rank,player,Avg,Tot Dist (ft),Tot Eagles Putts Made.,Longest Made (ft),Shortest Made (ft)
1,Jason Day,"75' 0""",75.000,1,75,75
2,Justin Thomas,"37' 9""",37.750,1,38,38
3,Troy Merritt,"32' 5""",32.417,1,32,32
4,Kevin Kisner,"28' 1""",28.083,1,28,28
5,Brooks Koepka,"27' 2""",27.167,1,27,27
6,David Lingmerth,"23' 1""",23.083,1,23,23
7,Padraig Harrington,"22' 8""",22.667,1,23,23
8,Zach Johnson,"21' 4""",21.333,1,21,21
9,Patrick Reed,"16' 6""",16.500,1,17,17
10,Danny Lee,"13' 10""",27.667,2,15,12
11,Jordan Spieth,"9' 11""",9.917,1,10,10
