rank,player,Avg,Distance (Feet),Total Putts
1,Russell Knox,"18' 6""",203.500,11
2,J.J. Henry,"18' 4""",146.917,8
3,Jordan Spieth,"11' 8""",257.250,22
4,Jason Day,"11' 7""",196.333,17
5,Kevin Kisner,"10' 8""",224.333,21
6,Zach Johnson,"10' 4""",196.167,19
7,Brandt Snedeker,"10' 3""",184.333,18
8,Brooks Koepka,"9' 10""",215.750,22
8,David Lingmerth,"9' 10""",137.083,14
10,Smylie Kaufman,"9' 9""",165.250,17
11,Patrick Reed,"9' 7""",172.500,18
12,Matt Every,"9' 6""",162.167,17
13,Graeme McDowell,"9' 5""",103.917,11
14,Danny Lee,"9' 1""",181.250,20
15,Scott Piercy,"9' 0""",135.333,15
16,Steven Bowditch,"8' 10""",176.500,20
16,Rickie Fowler,"8' 10""",123.167,14
16,Bill Haas,"8' 10""",88.667,10
16,Justin Thomas,"8' 10""",132.500,15
20,Dustin Johnson,"8' 8""",130.417,15
20,Troy Merritt,"8' 8""",155.667,18
22,J.B. Holmes,"8' 7""",129.333,15
23,Alex Cejka,"8' 4""",124.500,15
24,Bubba Watson,"8' 2""",130.167,16
25,Padraig Harrington,"7' 11""",135.083,17
26,Fabián Gómez,"7' 10""",124.833,16
27,Emiliano Grillo,"7' 8""",130.583,17
28,Peter Malnati,"7' 5""",147.500,20
29,James Hahn,"7' 3""",65.000,9
29,Davis Love III,"7' 3""",109.000,15
31,Jimmy Walker,"4' 10""",101.667,21
32,Chris Kirk,"4' 6""",71.833,16
