rank,player,Avg,Distance (Feet),Total Putts
1,Bill Haas,"75' 10""",151.583,2
2,James Hahn,"66' 7""",133.167,2
3,Emiliano Grillo,"61' 10""",185.500,3
4,Peter Malnati,"60' 1""",60.083,1
4,Scott Piercy,"60' 1""",120.083,2
6,Dustin Johnson,"58' 7""",175.750,3
7,Rickie Fowler,"56' 9""",113.417,2
8,Justin Thomas,"56' 7""",169.667,3
9,Steven Bowditch,"53' 9""",107.500,2
10,Jordan Spieth,"51' 9""",51.750,1
11,Matt Every,"46' 9""",46.750,1
12,Bubba Watson,"45' 11""",183.750,4
13,Smylie Kaufman,"43' 8""",218.250,5
14,J.J. Henry,"42' 7""",85.083,2
15,Troy Merritt,"42' 3""",84.417,2
16,Graeme McDowell,"42' 2""",84.250,2
17,Russell Knox,"41' 11""",83.833,2
18,Chris Kirk,"41' 6""",124.500,3
19,Padraig Harrington,"41' 4""",41.333,1
20,Danny Lee,"41' 1""",205.417,5
21,J.B. Holmes,"39' 5""",157.667,4
22,Fabián Gómez,"37' 8""",112.917,3
23,Brooks Koepka,"37' 3""",37.250,1
24,Zach Johnson,"37' 2""",148.750,4
25,Davis Love III,"36' 4""",181.833,5
26,Jason Day,"35' 5""",70.833,2
27,Jimmy Walker,"35' 4""",70.583,2
28,Brandt Snedeker,"29' 6""",29.500,1
29,David Lingmerth,"28' 2""",112.667,4
30,Alex Cejka,"27' 8""",55.333,2
31,Kevin Kisner,"25' 7""",51.167,2
