rank,player,Avg,Distance (Feet),Total Putts
1,Russell Knox,"13' 3""",212.583,16
2,J.J. Henry,"12' 1""",206.000,17
3,Smylie Kaufman,"9' 8""",212.250,22
4,Jason Day,"8' 11""",232.833,26
5,Jordan Spieth,"8' 10""",283.917,32
6,Brandt Snedeker,"8' 8""",200.167,23
7,Brooks Koepka,"8' 7""",232.583,27
8,Zach Johnson,"8' 4""",232.500,28
9,Kevin Kisner,"8' 3""",272.667,33
10,Alex Cejka,"8' 1""",185.833,23
11,J.B. Holmes,"8' 0""",176.417,22
12,David Lingmerth,"7' 10""",212.167,27
13,Fabián Gómez,"7' 6""",188.167,25
14,Matt Every,"7' 5""",200.833,27
14,Danny Lee,"7' 5""",216.250,29
16,Rickie Fowler,"7' 3""",159.167,22
16,Patrick Reed,"7' 3""",203.750,28
18,Troy Merritt,"7' 2""",185.583,26
18,Justin Thomas,"7' 2""",164.917,23
20,Peter Malnati,"7' 0""",210.250,30
21,Steven Bowditch,"6' 11""",221.167,32
21,Graeme McDowell,"6' 11""",138.667,20
23,Padraig Harrington,"6' 10""",156.333,23
24,Dustin Johnson,"6' 9""",168.750,25
24,Bubba Watson,"6' 9""",154.833,23
26,Emiliano Grillo,"6' 8""",153.083,23
27,Scott Piercy,"6' 6""",194.500,30
28,Davis Love III,"6' 3""",143.250,23
29,Bill Haas,"5' 11""",130.000,22
30,Jimmy Walker,"5' 3""",151.583,29
31,James Hahn,"5' 1""",117.750,23
32,Chris Kirk,"4' 3""",94.250,22
