rank,player,Distance in Inches
1,Jordan Spieth,62
2,Kevin Kisner,59
3,Jason Day,55
3,Brooks Koepka,55
3,Brandt Snedeker,55
6,J.J. Henry,54
7,Zach Johnson,53
7,Russell Knox,53
7,David Lingmerth,53
10,Smylie Kaufman,51
11,J.B. Holmes,50
11,Danny Lee,50
11,Peter Malnati,50
14,Steven Bowditch,49
14,Troy Merritt,49
16,Scott Piercy,48
17,Alex Cejka,46
17,Matt Every,46
17,Fabián Gómez,46
17,Emiliano Grillo,46
21,Patrick Reed,45
22,Rickie Fowler,44
22,Graeme McDowell,44
24,Padraig Harrington,43
24,Dustin Johnson,43
26,Justin Thomas,42
27,Bill Haas,41
28,Jimmy Walker,39
28,Bubba Watson,39
30,Davis Love III,38
31,James Hahn,37
32,Chris Kirk,32
