rank,player,Avg,Total Distance (feet),# of Attempts,Relative to par
1,Daniel Chopra,"6' 5""",12.833,2,-1
2,Brad Faxon,"7' 9""",7.750,1,-1
3,Vaughn Taylor,"8' 5""",8.417,1,+1
4,Tom Lehman,"9' 2""",9.167,1,E
5,Loren Roberts,"9' 4""",18.667,2,-1
6,Troy Matteson,"9' 9""",9.750,1,E
7,Jim Furyk,"10' 6""",10.500,1,E
8,Aaron Baddeley,"11' 4""",11.333,1,E
9,Arjun Atwal,"11' 9""",11.750,1,E
10,Rory Sabbatini,"12' 1""",36.167,3,-1
11,Joe Ogilvie,"12' 3""",24.500,2,E
12,Hunter Mahan,"12' 7""",25.167,2,E
13,Charles Warren,"13' 6""",13.500,1,-1
14,Jeff Overton,"13' 8""",13.667,1,-1
15,Jonathan Kaye,"13' 9""",13.750,1,-1
16,Arron Oberholser,"13' 10""",27.583,2,-1
17,Carl Pettersson,"14' 2""",28.250,2,E
18,David Toms,"15' 1""",30.083,2,-1
19,Roger Tambellini,"15' 4""",30.583,2,-1
20,Billy Mayfair,"16' 0""",48.083,3,-2
21,Tom Byrum,"16' 8""",33.333,2,E
22,Kaname Yokoo,"16' 9""",33.500,2,E
23,Mark Calcavecchia,"17' 4""",34.583,2,E
24,Nathan Green,"18' 6""",36.917,2,E
25,John Riegger,"19' 2""",19.167,1,E
26,Jesper Parnevik,"19' 5""",38.750,2,E
27,J.B. Holmes,"19' 10""",19.833,1,E
27,Shigeki Maruyama,"19' 10""",39.583,2,E
29,Stewart Cink,"21' 4""",85.250,4,-2
30,Jason Bohn,"21' 6""",43.000,2,E
31,Vance Veazey,"22' 0""",66.000,3,E
32,Peter Lonard,"22' 6""",22.500,1,E
33,Jay Haas,"23' 3""",23.250,1,E
34,Tommy Armour III,"23' 9""",47.500,2,E
35,Adam Scott,"24' 0""",24.000,1,E
36,Alex Cejka,"24' 4""",48.667,2,-1
37,K.J. Choi,"25' 5""",25.417,1,+2
38,Richard Johnson,"25' 9""",51.500,2,-1
39,Jerry Kelly,"27' 0""",81.083,3,E
40,Jeff Sluman,"27' 5""",109.500,4,+2
41,Chris Riley,"27' 9""",27.750,1,E
42,Patrick Sheehan,"27' 10""",27.833,1,+1
43,Michael Allen,"28' 0""",28.000,1,E
44,Bubba Dickerson,"28' 3""",84.667,3,+1
45,Bubba Watson,"28' 11""",144.667,5,E
46,Stuart Appleby,"30' 6""",91.417,3,-2
47,Olin Browne,"30' 9""",30.750,1,E
48,Ryuji Imada,"30' 11""",92.667,3,E
49,Todd Fischer,"32' 4""",96.917,3,E
50,David Branshaw,"32' 9""",131.083,4,+1
51,Camilo Villegas,"34' 1""",34.083,1,E
52,James Driscoll,"34' 6""",69.000,2,E
53,Woody Austin,"35' 4""",35.333,1,E
54,Bo Van Pelt,"35' 11""",35.917,1,E
55,Chad Campbell,"36' 2""",72.333,2,+1
56,Jerry Smith,"36' 11""",36.917,1,E
57,Paul Azinger,"37' 6""",150.000,4,E
58,Jeff Gove,"37' 8""",113.000,3,+1
59,David Duval,"37' 9""",113.250,3,+1
60,Steve Jones,"40' 8""",121.917,3,+1
61,Dudley Hart,"41' 4""",41.333,1,E
62,Ron Whittaker,"41' 9""",83.500,2,E
63,Charles Howell III,"42' 9""",85.417,2,E
64,Rich Beem,"43' 5""",43.417,1,+1
65,Fred Funk,"43' 9""",87.417,2,E
66,Joe Durant,"49' 10""",49.833,1,+1
67,Will MacKenzie,"56' 10""",227.167,4,+2
68,Carlos Franco,"73' 11""",147.750,2,+3
69,Craig Barlow,"78' 3""",78.250,1,+1
70,Bill Haas,"98' 1""",196.167,2,+1
71,Jeff Maggert,"140' 5""",140.417,1,+1
