rank,player,Avg,Total Distance (feet),# of Attempts,Relative to par
1,Todd Fischer,"5' 6""",5.500,1,E
2,Ron Whittaker,"5' 9""",5.750,1,-1
3,Bubba Watson,"6' 2""",18.500,3,-1
4,Stuart Appleby,"7' 4""",7.333,1,-1
5,Michael Allen,"7' 8""",15.250,2,+1
6,Troy Matteson,"8' 0""",16.000,2,E
7,Will MacKenzie,"8' 7""",17.167,2,E
8,Joe Durant,"9' 7""",9.583,1,E
9,Adam Scott,"10' 4""",20.583,2,E
10,Bo Van Pelt,"11' 1""",33.250,3,E
11,Mark Calcavecchia,"11' 2""",11.167,1,E
12,Brad Faxon,"11' 11""",23.750,2,+1
13,Chris Riley,"12' 0""",12.000,1,-1
14,Jay Haas,"12' 3""",12.250,1,E
15,Patrick Sheehan,"12' 7""",37.833,3,-1
16,Brent Geiberger,"12' 8""",12.667,1,E
17,Jeff Sluman,"13' 11""",27.833,2,+1
18,Richard Johnson,"14' 11""",14.917,1,E
19,Jerry Smith,"15' 5""",46.333,3,-2
20,Craig Barlow,"16' 1""",16.083,1,+1
21,Bubba Dickerson,"16' 2""",16.167,1,E
22,Woody Austin,"16' 4""",65.333,4,E
23,Chad Campbell,"17' 2""",51.500,3,-1
24,David Duval,"18' 0""",18.000,1,E
25,Carlos Franco,"18' 10""",56.583,3,E
26,Hunter Mahan,"19' 0""",19.000,1,E
27,Jeff Gove,"19' 1""",19.083,1,E
28,Henrik Bjornstad,"19' 3""",57.750,3,-1
29,Vance Veazey,"20' 2""",20.167,1,+1
30,Arjun Atwal,"21' 4""",64.000,3,+1
31,J.B. Holmes,"21' 7""",21.583,1,E
32,Jerry Kelly,"22' 4""",22.333,1,E
33,Robert Gamez,"22' 7""",22.583,1,E
34,Thomas Levet,"22' 9""",45.417,2,+1
35,Rich Beem,"22' 10""",22.833,1,+1
36,Dudley Hart,"23' 7""",70.667,3,+1
37,Jesper Parnevik,"24' 8""",24.667,1,E
38,Camilo Villegas,"24' 11""",24.917,1,+1
39,Aaron Baddeley,"25' 8""",51.333,2,E
40,Joe Ogilvie,"26' 5""",79.333,3,+2
41,Jason Bohn,"31' 1""",62.083,2,+2
42,Hidemichi Tanaka,"31' 4""",62.583,2,+2
43,Jeff Overton,"33' 0""",33.000,1,E
44,Charles Warren,"36' 7""",109.833,3,+2
45,Arron Oberholser,"37' 4""",37.333,1,E
46,Rory Sabbatini,"37' 7""",75.167,2,+2
47,Charles Howell III,"37' 11""",151.750,4,+1
48,Jon Mills,"38' 9""",155.000,4,+1
49,Kaname Yokoo,"43' 0""",43.000,1,E
50,Daniel Chopra,"49' 10""",49.833,1,+1
51,Loren Roberts,"54' 11""",109.833,2,+1
51,Vijay Singh,"54' 11""",54.917,1,E
53,Parker McLachlin,"67' 8""",135.333,2,+1
54,Peter Lonard,"77' 6""",77.500,1,E
55,Mathew Goggin,"86' 5""",86.417,1,+1
56,James Driscoll,"110' 1""",220.083,2,+2
