rank,player,Avg,Total Distance (feet),# of Attempts,Relative to par
1,Brad Faxon,"13' 9""",13.750,1,E
2,Jeff Sluman,"40' 8""",40.667,1,E
3,Chris Riley,"52' 9""",105.500,2,E
4,Fred Funk,"53' 4""",160.083,3,-2
5,Olin Browne,"54' 3""",108.500,2,-2
6,Richard Johnson,"59' 6""",119.000,2,E
7,Shane Bertsch,"67' 9""",135.500,2,-1
8,Jeff Maggert,"76' 0""",76.000,1,+1
9,Thomas Levet,"77' 11""",77.917,1,-1
10,Nathan Green,"78' 9""",236.167,3,-3
11,Stewart Cink,"89' 0""",89.000,1,E
12,Will MacKenzie,"94' 2""",94.167,1,E
13,Mark Calcavecchia,"96' 4""",192.583,2,E
14,Todd Fischer,"99' 7""",99.583,1,-1
15,Michael Allen,"109' 9""",109.750,1,E
16,Brent Geiberger,"112' 2""",112.167,1,-1
17,Jay Haas,"112' 8""",338.000,3,E
18,Paul Azinger,"114' 11""",229.833,2,E
19,Joe Durant,"116' 9""",116.750,1,-1
20,Loren Roberts,"120' 0""",240.000,2,-1
21,Alex Cejka,"133' 10""",267.583,2,-1
22,Tommy Armour III,"136' 2""",136.167,1,E
23,James Driscoll,"157' 11""",157.917,1,+1
