rank,player,Avg,Total Distance (feet),# of Attempts,Relative to par
1,Vaughn Taylor,"8' 5""",8.417,1,+1
2,Troy Matteson,"8' 7""",25.750,3,E
3,Tom Lehman,"9' 2""",9.167,1,E
4,Brad Faxon,"10' 6""",31.500,3,E
4,Jim Furyk,"10' 6""",10.500,1,E
6,Michael Allen,"11' 2""",44.667,4,+1
7,Adam Scott,"11' 9""",47.000,4,+1
8,Brent Geiberger,"12' 8""",12.667,1,E
9,Jonathan Kaye,"13' 9""",13.750,1,-1
10,Carl Pettersson,"14' 2""",28.250,2,E
11,Hunter Mahan,"14' 9""",44.167,3,E
12,David Toms,"15' 1""",30.083,2,-1
13,Mark Calcavecchia,"15' 3""",45.750,3,E
14,Nathan Green,"15' 9""",47.333,3,+1
15,Patrick Sheehan,"16' 5""",65.667,4,E
16,Tom Byrum,"16' 8""",33.333,2,E
17,Paul Goydos,"17' 2""",17.167,1,E
18,Bo Van Pelt,"17' 4""",69.167,4,E
19,Jesper Parnevik,"17' 8""",70.750,4,E
20,Jay Haas,"17' 9""",35.500,2,E
21,Arjun Atwal,"18' 11""",75.750,4,+1
22,John Riegger,"19' 2""",19.167,1,E
23,Henrik Bjornstad,"19' 3""",57.750,3,-1
24,Arron Oberholser,"19' 5""",77.500,4,E
25,Olin Browne,"19' 8""",39.333,2,+1
26,Bubba Watson,"19' 9""",178.000,9,-1
27,Shigeki Maruyama,"19' 10""",39.583,2,E
28,Chris Riley,"19' 11""",39.750,2,-1
29,Woody Austin,"20' 2""",100.667,5,E
30,Alex Cejka,"20' 8""",62.000,3,-2
31,J.B. Holmes,"20' 9""",41.417,2,E
31,Joe Ogilvie,"20' 9""",103.833,5,+2
33,Jerry Smith,"20' 10""",83.250,4,-2
34,Daniel Chopra,"20' 11""",62.667,3,E
35,Stewart Cink,"21' 4""",85.250,4,-2
36,Vance Veazey,"21' 7""",86.167,4,+1
37,Richard Johnson,"22' 2""",66.417,3,-1
38,Rory Sabbatini,"22' 3""",111.333,5,+1
39,Aaron Baddeley,"22' 5""",89.750,4,E
40,Robert Gamez,"22' 7""",22.583,1,E
41,Thomas Levet,"22' 9""",45.417,2,+1
42,Jeff Sluman,"22' 11""",137.333,6,+3
43,Billy Mayfair,"23' 4""",93.333,4,-1
43,Jeff Overton,"23' 4""",46.667,2,-1
45,Tommy Armour III,"23' 9""",47.500,2,E
46,Stuart Appleby,"24' 8""",98.750,4,-3
47,Chad Campbell,"24' 9""",123.833,5,E
48,Roger Tambellini,"24' 10""",74.500,3,E
49,Bubba Dickerson,"25' 0""",124.917,5,E
50,K.J. Choi,"25' 5""",25.417,1,+2
51,Kaname Yokoo,"25' 6""",101.917,4,+1
52,Todd Fischer,"25' 7""",102.417,4,E
53,Jerry Kelly,"25' 10""",103.417,4,E
54,Jason Bohn,"26' 3""",105.083,4,+2
55,Dudley Hart,"28' 0""",112.000,4,+1
56,Camilo Villegas,"29' 6""",59.000,2,+1
57,Joe Durant,"29' 9""",59.417,2,+1
57,Ron Whittaker,"29' 9""",89.250,3,-1
59,Charles Warren,"30' 10""",123.333,4,+1
60,Hidemichi Tanaka,"31' 4""",62.583,2,+2
61,Steve Jones,"31' 8""",126.667,4,+1
62,Loren Roberts,"32' 2""",128.500,4,E
63,David Branshaw,"32' 9""",131.083,4,+1
64,David Duval,"32' 10""",131.250,4,+1
65,Jeff Gove,"33' 0""",132.083,4,+1
66,Rich Beem,"33' 2""",66.250,2,+2
67,Vijay Singh,"34' 5""",68.750,2,+1
68,Will MacKenzie,"36' 11""",258.167,7,+3
69,Ryuji Imada,"37' 1""",148.250,4,+1
70,Paul Azinger,"37' 6""",150.000,4,E
71,Charles Howell III,"39' 6""",237.167,6,+1
72,Carlos Franco,"40' 10""",204.333,5,+3
73,Parker McLachlin,"41' 11""",167.667,4,+1
74,Jon Mills,"42' 3""",211.167,5,+2
75,Fred Funk,"43' 9""",87.417,2,E
76,Craig Barlow,"47' 2""",94.333,2,+2
77,Peter Lonard,"50' 0""",100.000,2,E
78,James Driscoll,"72' 3""",289.083,4,+2
79,Jeff Maggert,"77' 3""",154.500,2,+2
80,Mathew Goggin,"86' 5""",86.417,1,+1
81,Bill Haas,"98' 1""",196.167,2,+1
