rank,player,Avg,Total Distance (feet),# of Attempts,Relative to par
1,Jerry Smith,"10' 9""",32.167,3,E
2,Billy Mayfair,"15' 6""",61.833,4,-1
3,Aaron Baddeley,"16' 1""",48.167,3,-1
4,Alex Cejka,"18' 3""",146.000,8,-1
5,Will MacKenzie,"19' 10""",79.417,4,-1
5,Ron Whittaker,"19' 10""",59.500,3,-1
7,Tom Lehman,"21' 9""",239.250,11,-2
8,Carl Pettersson,"22' 3""",44.417,2,-1
9,Paul Azinger,"22' 11""",160.167,7,E
10,Jeff Maggert,"23' 1""",92.417,4,E
11,David Branshaw,"24' 7""",122.833,5,-1
12,Tommy Armour III,"25' 1""",125.417,5,E
12,Arjun Atwal,"25' 1""",125.583,5,-1
12,Tom Byrum,"25' 1""",75.333,3,-1
15,Craig Barlow,"25' 6""",280.250,11,-2
15,Loren Roberts,"25' 6""",127.583,5,+1
17,J.B. Holmes,"26' 2""",78.417,3,+1
18,Robert Gamez,"26' 3""",131.167,5,-1
18,Bill Haas,"26' 3""",183.917,7,+1
20,Kaname Yokoo,"26' 7""",212.583,8,E
21,Shane Bertsch,"27' 0""",108.000,4,E
22,Chris Riley,"27' 5""",109.667,4,E
23,Vance Veazey,"27' 8""",55.333,2,-1
24,Todd Fischer,"27' 11""",223.583,8,E
25,Richard Johnson,"28' 7""",142.917,5,E
26,Jeff Sluman,"28' 11""",173.500,6,E
27,Vijay Singh,"29' 4""",234.667,8,-1
28,Carlos Franco,"29' 6""",177.083,6,E
29,Roger Tambellini,"29' 11""",149.750,5,-1
30,Rich Beem,"30' 1""",150.250,5,+1
31,Shigeki Maruyama,"30' 7""",122.417,4,E
32,Stewart Cink,"31' 0""",123.833,4,-1
33,Ryuji Imada,"31' 2""",186.833,6,-1
34,Daniel Chopra,"31' 3""",312.500,10,E
35,David Toms,"31' 5""",125.583,4,E
36,Dudley Hart,"32' 0""",352.167,11,-3
37,Bubba Dickerson,"32' 2""",128.750,4,E
38,Jim Furyk,"33' 1""",132.167,4,+1
38,Steve Jones,"33' 1""",165.250,5,+1
40,Michael Allen,"33' 2""",265.500,8,+3
41,Jason Bohn,"33' 10""",338.417,10,+1
42,Olin Browne,"34' 5""",103.250,3,-1
43,Camilo Villegas,"34' 10""",139.167,4,+1
44,Mark Calcavecchia,"34' 11""",209.333,6,-2
45,K.J. Choi,"35' 2""",70.250,2,E
45,Jon Mills,"35' 2""",175.833,5,+1
47,Chad Campbell,"35' 7""",320.167,9,E
48,Woody Austin,"35' 9""",321.583,9,-1
48,Jerry Kelly,"35' 9""",178.667,5,E
50,Adam Scott,"36' 0""",143.917,4,E
51,John Riegger,"36' 9""",220.333,6,-1
52,Nathan Green,"38' 0""",114.083,3,-1
52,Rory Sabbatini,"38' 0""",190.000,5,+1
54,Parker McLachlin,"38' 2""",228.917,6,E
55,Joe Durant,"38' 5""",115.167,3,+1
56,Joe Ogilvie,"39' 2""",235.083,6,E
57,Peter Lonard,"39' 4""",314.917,8,+3
58,Charles Warren,"39' 5""",354.917,9,E
59,Hunter Mahan,"39' 7""",197.833,5,+2
60,Jeff Overton,"40' 2""",160.583,4,E
61,Hidemichi Tanaka,"40' 5""",323.583,8,E
62,Thomas Levet,"41' 11""",83.833,2,E
62,Bubba Watson,"41' 11""",167.750,4,-2
64,Vaughn Taylor,"42' 10""",85.667,2,+1
65,Brad Faxon,"43' 1""",215.500,5,+4
66,Patrick Sheehan,"43' 4""",303.333,7,+3
67,Jonathan Kaye,"44' 3""",265.500,6,+1
68,James Driscoll,"45' 2""",270.917,6,+2
69,Bo Van Pelt,"45' 7""",364.333,8,+2
70,Paul Goydos,"46' 2""",92.250,2,E
71,Brent Geiberger,"46' 8""",279.750,6,+2
72,David Duval,"47' 1""",376.583,8,+3
73,Troy Matteson,"50' 2""",200.500,4,E
74,Fred Funk,"51' 6""",102.917,2,+1
75,Jesper Parnevik,"52' 2""",312.750,6,+1
76,Jay Haas,"53' 5""",106.833,2,+1
77,Charles Howell III,"55' 0""",384.833,7,+2
78,Henrik Bjornstad,"56' 6""",452.250,8,+4
79,Arron Oberholser,"58' 7""",351.583,6,E
80,Jeff Gove,"67' 0""",402.000,6,+1
81,Stuart Appleby,"67' 2""",403.083,6,E
