rank,player,Avg,Total Distance (feet),# of Attempts,Relative to par
1,Will MacKenzie,"7' 9""",7.750,1,-2
2,Ryuji Imada,"29' 11""",29.917,1,+1
3,Camilo Villegas,"30' 3""",151.250,5,-1
4,Tommy Armour III,"32' 3""",32.250,1,E
5,Todd Fischer,"32' 11""",98.833,3,+1
6,Rory Sabbatini,"34' 4""",68.583,2,E
7,Jeff Overton,"34' 11""",104.833,3,-1
8,Hunter Mahan,"35' 1""",140.250,4,E
9,Billy Mayfair,"36' 7""",36.583,1,-1
10,Patrick Sheehan,"37' 8""",75.250,2,-2
11,Vijay Singh,"38' 10""",38.833,1,E
12,K.J. Choi,"39' 0""",77.917,2,-1
13,Jerry Kelly,"39' 9""",79.500,2,+1
14,Bo Van Pelt,"40' 1""",240.500,6,-1
15,Alex Cejka,"41' 1""",82.167,2,-1
16,Loren Roberts,"41' 4""",206.833,5,-1
17,Charles Warren,"42' 5""",127.167,3,E
18,Craig Barlow,"43' 1""",129.167,3,+1
19,Jonathan Kaye,"43' 5""",86.750,2,E
20,Arron Oberholser,"43' 9""",87.500,2,E
21,John Riegger,"45' 3""",180.917,4,+1
22,Henrik Bjornstad,"45' 9""",91.500,2,-1
23,Woody Austin,"46' 0""",229.917,5,+1
24,Joe Durant,"46' 10""",46.833,1,+1
25,Jay Haas,"47' 6""",94.917,2,E
26,Vaughn Taylor,"47' 10""",143.583,3,+1
27,Michael Allen,"51' 1""",255.250,5,+2
28,Thomas Levet,"51' 2""",306.833,6,+1
29,Olin Browne,"52' 6""",157.583,3,+1
30,Arjun Atwal,"52' 8""",105.250,2,-2
31,Brent Geiberger,"53' 6""",160.417,3,+1
32,Tom Lehman,"54' 0""",108.000,2,E
33,Stewart Cink,"54' 3""",54.250,1,E
34,Shigeki Maruyama,"54' 7""",109.167,2,+1
35,Hidemichi Tanaka,"55' 6""",111.000,2,-1
36,Adam Scott,"55' 9""",111.417,2,-1
37,Nathan Green,"55' 11""",167.667,3,-1
38,Paul Azinger,"56' 11""",170.750,3,+1
39,J.B. Holmes,"57' 6""",114.917,2,E
40,Chad Campbell,"58' 0""",58.000,1,E
41,Stuart Appleby,"58' 2""",116.250,2,-1
41,Richard Johnson,"58' 2""",116.250,2,E
43,Bill Haas,"60' 0""",360.167,6,+1
44,Shane Bertsch,"61' 3""",244.917,4,-1
45,Carl Pettersson,"62' 4""",374.000,6,+1
46,David Duval,"62' 7""",62.583,1,E
47,Ron Whittaker,"65' 8""",131.333,2,+1
48,Mathew Goggin,"65' 10""",197.417,3,-1
49,Troy Matteson,"66' 6""",199.417,3,-2
50,Dudley Hart,"68' 10""",275.167,4,-2
51,Bubba Dickerson,"69' 8""",139.333,2,+2
52,Carlos Franco,"71' 3""",356.333,5,-2
53,Rich Beem,"72' 1""",216.250,3,E
54,Daniel Chopra,"75' 5""",301.583,4,+1
55,Brad Faxon,"75' 7""",453.250,6,+1
56,Jesper Parnevik,"76' 10""",76.833,1,-1
57,Parker McLachlin,"76' 11""",230.667,3,E
58,David Branshaw,"82' 1""",164.167,2,E
59,Jon Mills,"83' 5""",250.333,3,-1
60,Bubba Watson,"86' 8""",346.750,4,-2
61,Jerry Smith,"88' 7""",88.583,1,E
62,Chris Riley,"88' 9""",177.417,2,+1
63,Jason Bohn,"89' 6""",358.083,4,E
64,Jeff Sluman,"90' 6""",361.917,4,+2
65,Aaron Baddeley,"91' 11""",551.667,6,+2
65,Robert Gamez,"91' 11""",275.750,3,+2
65,Steve Jones,"91' 11""",367.667,4,E
68,Tom Byrum,"92' 7""",185.167,2,+1
69,Vance Veazey,"97' 9""",293.250,3,E
70,James Driscoll,"98' 8""",98.667,1,E
71,Peter Lonard,"107' 1""",321.333,3,+3
72,Paul Goydos,"108' 10""",108.833,1,+1
73,Roger Tambellini,"110' 10""",110.833,1,E
74,Jeff Gove,"120' 8""",120.667,1,-1
