rank,player,Avg,Total Distance (feet),# of Attempts,Relative to par
1,Chris Riley,"0""",0,1,-2
2,Daniel Chopra,"4' 2""",4.167,1,-1
3,Vijay Singh,"7' 3""",14.417,2,-1
4,Jason Bohn,"7' 10""",23.417,3,-1
5,David Toms,"8' 2""",16.250,2,-2
6,Shane Bertsch,"10' 1""",10.083,1,E
7,Mark Calcavecchia,"10' 10""",10.833,1,-1
8,Arjun Atwal,"13' 3""",13.250,1,E
9,Jon Mills,"13' 8""",27.333,2,E
10,Chad Campbell,"14' 5""",43.333,3,-2
11,Vaughn Taylor,"14' 9""",29.500,2,-1
12,Adam Scott,"15' 5""",30.750,2,-1
13,K.J. Choi,"15' 7""",31.167,2,-1
14,Bill Haas,"16' 2""",16.167,1,E
15,Paul Azinger,"16' 3""",32.417,2,-1
16,Carl Pettersson,"16' 4""",114.333,7,-2
17,Robert Gamez,"19' 10""",19.833,1,E
18,Jeff Overton,"19' 11""",79.667,4,-1
19,Brent Geiberger,"20' 2""",100.917,5,-4
20,Jonathan Kaye,"21' 4""",64.083,3,E
21,Patrick Sheehan,"21' 10""",65.583,3,-1
22,Charles Howell III,"22' 5""",22.417,1,E
23,James Driscoll,"22' 8""",68.083,3,E
24,Roger Tambellini,"22' 10""",114.167,5,+2
25,Dudley Hart,"23' 4""",46.583,2,E
26,Joe Ogilvie,"23' 7""",94.417,4,+1
26,Jesper Parnevik,"23' 7""",23.583,1,E
28,Peter Lonard,"24' 4""",72.917,3,+1
29,Arron Oberholser,"24' 7""",24.583,1,E
30,Aaron Baddeley,"24' 11""",24.917,1,+1
31,Ryuji Imada,"25' 3""",50.500,2,E
32,Stewart Cink,"25' 5""",25.417,1,E
33,Fred Funk,"26' 1""",52.083,2,E
34,Steve Jones,"26' 8""",53.250,2,+1
35,Rory Sabbatini,"27' 0""",81.000,3,E
36,Charles Warren,"27' 4""",54.667,2,E
37,Carlos Franco,"27' 7""",55.083,2,-1
37,Jeff Gove,"27' 7""",137.833,5,-1
39,Camilo Villegas,"27' 10""",139.083,5,+1
40,Rich Beem,"28' 1""",84.250,3,E
41,Olin Browne,"28' 2""",28.167,1,E
42,Troy Matteson,"28' 7""",200.167,7,+1
43,Mathew Goggin,"28' 10""",86.500,3,E
44,Craig Barlow,"30' 1""",60.167,2,E
44,John Riegger,"30' 1""",60.083,2,-1
46,Brad Faxon,"30' 3""",30.250,1,E
47,David Duval,"31' 1""",62.083,2,E
48,Jeff Maggert,"31' 5""",62.833,2,E
49,Alex Cejka,"32' 2""",32.167,1,E
50,Hunter Mahan,"32' 10""",131.250,4,+1
51,Tom Byrum,"33' 8""",67.250,2,-1
52,Billy Mayfair,"34' 8""",34.667,1,E
53,Stuart Appleby,"35' 0""",245.167,7,+1
54,Jim Furyk,"36' 5""",36.417,1,+1
55,Joe Durant,"38' 1""",114.333,3,+1
55,J.B. Holmes,"38' 1""",114.250,3,E
57,Kaname Yokoo,"38' 2""",114.583,3,E
58,Bubba Watson,"38' 6""",192.500,5,E
59,Todd Fischer,"38' 7""",154.417,4,-1
60,Shigeki Maruyama,"41' 4""",82.667,2,E
60,Parker McLachlin,"41' 4""",82.667,2,E
62,Jeff Sluman,"46' 0""",91.917,2,E
63,Bubba Dickerson,"47' 6""",190.083,4,+2
64,Jerry Smith,"47' 9""",95.500,2,+1
65,Michael Allen,"48' 3""",96.500,2,E
66,Bo Van Pelt,"49' 1""",98.083,2,+1
67,Richard Johnson,"49' 8""",148.917,3,E
68,Tom Lehman,"51' 0""",102.000,2,+1
69,Will MacKenzie,"64' 6""",129.000,2,+1
70,Paul Goydos,"68' 0""",135.917,2,E
71,Thomas Levet,"120' 6""",120.500,1,+1
72,Woody Austin,"171' 2""",171.167,1,+2
