rank,player,%,Attempts
1,Steve Allan,100.00,8
1,Jerry Kelly,100.00,8
1,Jesper Parnevik,100.00,8
1,Vijay Singh,100.00,8
5,Paul Azinger,87.50,7
5,Briny Baird,87.50,7
5,Craig Barlow,87.50,7
5,Craig Bowden,87.50,7
5,Jonathan Byrd,87.50,7
5,Jason Dufner,87.50,7
5,Harrison Frazar,87.50,7
5,Brent Geiberger,87.50,7
5,Lucas Glover,87.50,7
5,Retief Goosen,87.50,7
5,Mark Hensby,87.50,7
5,Kenichi Kuboya,87.50,7
5,Frank Lickliter II,87.50,7
5,John Maginnes,87.50,7
5,Shaun Micheel,87.50,7
5,Kevin Na,87.50,7
5,Joe Ogilvie,87.50,7
5,Ryan Palmer,87.50,7
5,Brenden Pappas,87.50,7
5,Pat Perez,87.50,7
25,Tommy Armour III,75.00,6
25,Arjun Atwal,75.00,6
25,Woody Austin,75.00,6
25,Cameron Beckman,75.00,6
25,Jason Bohn,75.00,6
25,Jeff Brehaut,75.00,6
25,Olin Browne,75.00,6
25,Bart Bryant,75.00,6
25,Ben Crane,75.00,6
25,Joe Durant,75.00,6
25,Ernie Els,75.00,6
25,Carlos Franco,75.00,6
25,Fred Funk,75.00,6
25,Robert Gamez,75.00,6
25,Charles Howell III,75.00,6
25,Richard Johnson,75.00,6
25,Jonathan Kaye,75.00,6
25,Davis Love III,75.00,6
25,Shigeki Maruyama,75.00,6
25,Corey Pavin,75.00,6
25,Ted Purdy,75.00,6
25,Scott Simpson,75.00,6
25,Heath Slocum,75.00,6
25,Andre Stolz,75.00,6
25,Omar Uresti,75.00,6
25,Tjaart van der Walt,75.00,6
25,Bo Van Pelt,75.00,6
52,Michael Allen,62.50,5
52,Stephen Ames,62.50,5
52,Aaron Baddeley,62.50,5
52,Pat Bates,62.50,5
52,Danny Briggs,62.50,5
52,D.J. Brigman,62.50,5
52,Bob Burns,62.50,5
52,Tom Carter,62.50,5
52,Luke Donald,62.50,5
52,Todd Fischer,62.50,5
52,Brian Gay,62.50,5
52,Tim Herron,62.50,5
52,David Ishii,62.50,5
52,Tom Lehman,62.50,5
52,John Riegger,62.50,5
52,Loren Roberts,62.50,5
52,John Senden,62.50,5
69,Russ Cochran,50.00,4
69,Ken Duke,50.00,4
69,John Huston,50.00,4
69,Rod Pampling,50.00,4
69,Chris Riley,50.00,4
69,Hidemichi Tanaka,50.00,4
69,Hideto Tanihara,50.00,4
69,Duffy Waldorf,50.00,4
77,Peter Jacobsen,37.50,3
77,Bobby Kalinowski,37.50,3
77,Brad Lardon,37.50,3
