rank,player,%,# of Birdie or Better,Attempts,RTP-Successes,RTP-Not going for the grn
1,Craig Barlow,100.00,7,7,-8,-1.00
1,Danny Briggs,100.00,5,5,-5,-2.00
1,Bob Burns,100.00,5,5,-5,-3.00
1,Todd Fischer,100.00,5,5,-5,E
1,Harrison Frazar,100.00,7,7,-8,-2.00
1,Charles Howell III,100.00,6,6,-6,E
1,Tom Lehman,100.00,6,6,-7,E
1,Kevin Na,100.00,7,7,-8,E
1,John Riegger,100.00,5,5,-5,-2.00
10,Lucas Glover,87.50,7,8,-7,E
11,Robert Gamez,85.71,6,7,-6,+1.00
11,Retief Goosen,85.71,6,7,-6,E
11,Davis Love III,85.71,6,7,-8,E
11,John Maginnes,85.71,6,7,-6,-1.00
15,Tommy Armour III,83.33,5,6,-6,-2.00
15,Fred Funk,83.33,5,6,-5,-2.00
15,Jonathan Kaye,83.33,5,6,-6,E
15,Scott Simpson,83.33,5,6,-5,-1.00
15,Omar Uresti,83.33,5,6,-5,+1.00
20,Aaron Baddeley,80.00,4,5,-4,E
20,D.J. Brigman,80.00,4,5,-4,+1.00
20,Tim Herron,80.00,4,5,-5,+1.00
20,Chris Riley,80.00,4,5,-4,-1.00
20,Loren Roberts,80.00,4,5,-4,-2.00
20,Hideto Tanihara,80.00,4,5,-5,-1.00
26,Jerry Kelly,77.78,7,9,-8,E
26,Shaun Micheel,77.78,7,9,-8,-1.00
28,Steve Allan,75.00,6,8,-7,E
28,Carlos Franco,75.00,6,8,-7,-1.00
28,Brent Geiberger,75.00,6,8,-8,E
28,Pat Perez,75.00,6,8,-6,E
28,Duffy Waldorf,75.00,3,4,-4,-2.00
33,Arjun Atwal,71.43,5,7,-6,E
33,Woody Austin,71.43,5,7,-5,E
33,Paul Azinger,71.43,5,7,-5,-1.00
33,Briny Baird,71.43,5,7,-7,-2.00
33,Craig Bowden,71.43,5,7,-5,-2.00
33,Jeff Brehaut,71.43,5,7,-5,+1.00
33,Jonathan Byrd,71.43,5,7,-5,E
33,Tom Carter,71.43,5,7,-6,-1.00
33,Luke Donald,71.43,5,7,-6,E
33,Ernie Els,71.43,5,7,-6,-1.00
33,Kenichi Kuboya,71.43,5,7,-5,E
33,Bo Van Pelt,71.43,5,7,-5,E
45,Olin Browne,66.67,4,6,-5,-2.00
45,Bart Bryant,66.67,4,6,-4,E
45,Ben Crane,66.67,4,6,-5,-1.00
45,Joe Durant,66.67,4,6,-4,E
45,Mark Hensby,66.67,6,9,-6,E
45,Shigeki Maruyama,66.67,4,6,-4,E
45,Ted Purdy,66.67,4,6,-4,-1.00
45,John Senden,66.67,4,6,-5,-1.00
45,Andre Stolz,66.67,4,6,-5,-1.00
45,Tjaart van der Walt,66.67,4,6,-6,-1.00
55,Cameron Beckman,62.50,5,8,-6,E
56,Pat Bates,60.00,3,5,-3,E
56,Brian Gay,60.00,3,5,-4,-1.00
56,John Huston,60.00,3,5,-4,-1.00
56,David Ishii,60.00,3,5,-3,-2.00
56,Ryan Palmer,60.00,6,10,-8,-1.00
56,Hidemichi Tanaka,60.00,3,5,-3,-1.00
62,Richard Johnson,57.14,4,7,-4,-2.00
62,Frank Lickliter II,57.14,4,7,-5,E
62,Joe Ogilvie,57.14,4,7,-5,-1.00
65,Jesper Parnevik,55.56,5,9,-5,E
66,Vijay Singh,54.55,6,11,-8,E
67,Michael Allen,50.00,3,6,-3,-1.00
67,Stephen Ames,50.00,3,6,-5,-1.00
67,Russ Cochran,50.00,2,4,-2,-1.00
67,Ken Duke,50.00,2,4,-2,-4.00
67,Peter Jacobsen,50.00,2,4,-2,E
67,Bobby Kalinowski,50.00,2,4,-2,E
67,Brad Lardon,50.00,2,4,-2,E
67,Rod Pampling,50.00,2,4,-2,E
67,Brenden Pappas,50.00,4,8,-4,E
67,Corey Pavin,50.00,3,6,-4,-1.00
67,Heath Slocum,50.00,3,6,-3,+1.00
78,Jason Dufner,37.50,3,8,-3,E
79,Jason Bohn,12.50,1,8,-1,+1.00
