rank,player,%,Attempts,RTP-Going for the green,RTP-Not going for the grn
1,Jerry Kelly,100.00,9,-8,E
1,Jesper Parnevik,100.00,9,-5,E
1,Vijay Singh,100.00,9,-8,E
4,Steve Allan,88.89,8,-7,E
4,Jason Dufner,88.89,8,-3,E
4,Brent Geiberger,88.89,8,-8,E
4,Lucas Glover,88.89,8,-7,E
4,Mark Hensby,88.89,8,-6,E
4,Shaun Micheel,88.89,8,-8,-1
4,Ryan Palmer,88.89,8,-7,-1
4,Brenden Pappas,88.89,8,-4,E
4,Pat Perez,88.89,8,-6,E
13,Arjun Atwal,77.78,7,-6,E
13,Woody Austin,77.78,7,-5,E
13,Paul Azinger,77.78,7,-5,-1
13,Briny Baird,77.78,7,-7,-2
13,Craig Barlow,77.78,7,-8,-1
13,Cameron Beckman,77.78,7,-5,E
13,Craig Bowden,77.78,7,-5,-2
13,Jonathan Byrd,77.78,7,-5,E
13,Ernie Els,77.78,7,-6,-1
13,Carlos Franco,77.78,7,-7,-1
13,Harrison Frazar,77.78,7,-8,-2
13,Robert Gamez,77.78,7,-6,+1
13,Retief Goosen,77.78,7,-6,E
13,Kenichi Kuboya,77.78,7,-5,E
13,Frank Lickliter II,77.78,7,-5,E
13,John Maginnes,77.78,7,-6,-1
13,Kevin Na,77.78,7,-8,E
13,Joe Ogilvie,77.78,7,-5,-1
13,Bo Van Pelt,77.78,7,-5,E
32,Michael Allen,66.67,6,-2,-1
32,Tommy Armour III,66.67,6,-5,-2
32,Jason Bohn,66.67,6,-1,+1
32,Jeff Brehaut,66.67,6,-5,+1
32,Olin Browne,66.67,6,-5,-2
32,Bart Bryant,66.67,6,-4,E
32,Tom Carter,66.67,6,-6,-1
32,Ben Crane,66.67,6,-5,-1
32,Luke Donald,66.67,6,-6,E
32,Joe Durant,66.67,6,-3,E
32,Fred Funk,66.67,6,-5,-2
32,Charles Howell III,66.67,6,-6,E
32,Richard Johnson,66.67,6,-3,-2
32,Jonathan Kaye,66.67,6,-6,E
32,Tom Lehman,66.67,6,-7,E
32,Davis Love III,66.67,6,-8,E
32,Shigeki Maruyama,66.67,6,-4,E
32,Corey Pavin,66.67,6,-4,-1
32,Ted Purdy,66.67,6,-4,-1
32,John Senden,66.67,6,-5,-1
32,Scott Simpson,66.67,6,-5,-1
32,Heath Slocum,66.67,6,-3,+1
32,Andre Stolz,66.67,6,-5,-1
32,Omar Uresti,66.67,6,-5,+1
32,Tjaart van der Walt,66.67,6,-6,-1
57,Stephen Ames,55.56,5,-5,-1
57,Aaron Baddeley,55.56,5,-4,E
57,Pat Bates,55.56,5,-3,E
57,Danny Briggs,55.56,5,-5,-2
57,D.J. Brigman,55.56,5,-4,+1
57,Bob Burns,55.56,5,-5,-3
57,Todd Fischer,55.56,5,-5,E
57,Brian Gay,55.56,5,-4,-1
57,Tim Herron,55.56,5,-5,+1
57,John Huston,55.56,5,-4,-1
57,David Ishii,55.56,5,-3,-2
57,John Riegger,55.56,5,-5,-2
57,Chris Riley,55.56,5,-4,-1
57,Loren Roberts,55.56,5,-4,-2
57,Hidemichi Tanaka,55.56,5,-2,-1
72,Russ Cochran,44.44,4,-2,-1
72,Ken Duke,44.44,4,-2,-4
72,Peter Jacobsen,44.44,4,-2,E
72,Brad Lardon,44.44,4,-2,E
72,Rod Pampling,44.44,4,-2,E
72,Hideto Tanihara,44.44,4,-4,-1
72,Duffy Waldorf,44.44,4,-4,-2
79,Bobby Kalinowski,33.33,3,-2,E
