rank,player,%,Successes,Attempts,RTP-Successes,RTP-Not going for the grn
1,Danny Briggs,100.00,5,5,-5,-2.00
2,D.J. Brigman,80.00,4,5,-3,+1.00
3,Craig Barlow,71.43,5,7,-6,-1.00
3,Ernie Els,71.43,5,7,-6,-1.00
5,Tommy Armour III,66.67,4,6,-5,-2.00
5,Jonathan Kaye,66.67,4,6,-5,E
7,Bob Burns,60.00,3,5,-3,-3.00
7,Todd Fischer,60.00,3,5,-3,E
7,Tim Herron,60.00,3,5,-3,+1.00
7,John Riegger,60.00,3,5,-3,-2.00
11,Briny Baird,57.14,4,7,-5,-2.00
11,Retief Goosen,57.14,4,7,-4,E
11,Kenichi Kuboya,57.14,4,7,-3,E
11,Kevin Na,57.14,4,7,-4,E
11,Joe Ogilvie,57.14,4,7,-5,-1.00
16,Jerry Kelly,55.56,5,9,-6,E
17,Steve Allan,50.00,4,8,-5,E
17,Stephen Ames,50.00,3,6,-5,-1.00
17,Brent Geiberger,50.00,4,8,-6,E
17,Charles Howell III,50.00,3,6,-3,E
17,Brad Lardon,50.00,2,4,-2,E
17,John Senden,50.00,3,6,-4,-1.00
17,Duffy Waldorf,50.00,2,4,-3,-2.00
24,Vijay Singh,45.45,5,11,-7,E
25,Paul Azinger,42.86,3,7,-3,-1.00
25,Craig Bowden,42.86,3,7,-3,-2.00
25,Jeff Brehaut,42.86,3,7,-3,+1.00
25,Tom Carter,42.86,3,7,-4,-1.00
25,Harrison Frazar,42.86,3,7,-4,-2.00
25,John Maginnes,42.86,3,7,-3,-1.00
25,Bo Van Pelt,42.86,3,7,-3,E
32,Brian Gay,40.00,2,5,-3,-1.00
32,John Huston,40.00,2,5,-3,-1.00
32,David Ishii,40.00,2,5,-1,-2.00
32,Ryan Palmer,40.00,4,10,-6,-1.00
32,Hidemichi Tanaka,40.00,2,5,-2,-1.00
32,Hideto Tanihara,40.00,2,5,-3,-1.00
38,Carlos Franco,37.50,3,8,-4,-1.00
39,Michael Allen,33.33,2,6,-2,-1.00
39,Olin Browne,33.33,2,6,-2,-2.00
39,Joe Durant,33.33,2,6,-2,E
39,Fred Funk,33.33,2,6,-2,-2.00
39,Mark Hensby,33.33,3,9,-3,E
39,Shaun Micheel,33.33,3,9,-3,-1.00
39,Corey Pavin,33.33,2,6,-2,-1.00
39,Ted Purdy,33.33,2,6,-1,-1.00
39,Andre Stolz,33.33,2,6,-3,-1.00
48,Arjun Atwal,28.57,2,7,-3,E
48,Woody Austin,28.57,2,7,-1,E
48,Luke Donald,28.57,2,7,-2,E
48,Davis Love III,28.57,2,7,-3,E
52,Cameron Beckman,25.00,2,8,-3,E
52,Jason Bohn,25.00,2,8,E,+1.00
52,Ken Duke,25.00,1,4,-1,-4.00
52,Lucas Glover,25.00,2,8,-2,E
52,Brenden Pappas,25.00,2,8,-2,E
52,Pat Perez,25.00,2,8,-2,E
58,Jesper Parnevik,22.22,2,9,-2,E
59,Aaron Baddeley,20.00,1,5,-1,E
59,Chris Riley,20.00,1,5,-1,-1.00
61,Bart Bryant,16.67,1,6,-1,E
61,Ben Crane,16.67,1,6,-2,-1.00
61,Tom Lehman,16.67,1,6,-1,E
61,Shigeki Maruyama,16.67,1,6,-1,E
61,Scott Simpson,16.67,1,6,-1,-1.00
61,Heath Slocum,16.67,1,6,-1,+1.00
61,Omar Uresti,16.67,1,6,-1,+1.00
61,Tjaart van der Walt,16.67,1,6,-1,-1.00
69,Jonathan Byrd,14.29,1,7,-1,E
69,Robert Gamez,14.29,1,7,-1,+1.00
69,Richard Johnson,14.29,1,7,-1,-2.00
69,Frank Lickliter II,14.29,1,7,-2,E
73,Jason Dufner,12.50,1,8,E,E
74,Pat Bates,.00,0,5,E,E
74,Russ Cochran,.00,0,4,E,-1.00
74,Peter Jacobsen,.00,0,4,E,E
74,Bobby Kalinowski,.00,0,4,E,E
74,Rod Pampling,.00,0,4,E,E
74,Loren Roberts,.00,0,5,E,-2.00
