rank,player,%,Total 3 Putts,Attempts,2 Putt or Better %
1,Jonathan Byrd,.00,0,20,100.0
1,Charles Howell III,.00,0,18,100.0
1,Rory Sabbatini,.00,0,17,100.0
4,Zach Johnson,4.55,1,22,95.4
5,Mike Weir,5.00,1,20,95.0
6,Steve Stricker,5.56,1,18,94.4
7,Nick Watney,6.25,2,32,93.7
8,Justin Leonard,6.67,1,15,93.3
9,Brian Bateman,7.14,2,28,92.8
10,Daniel Chopra,8.00,2,25,92.0
11,Aaron Baddeley,9.09,2,22,90.9
12,Stephen Ames,10.53,2,19,89.4
12,Jim Furyk,10.53,2,19,89.4
12,Scott Verplank,10.53,2,19,89.4
15,K.J. Choi,11.54,3,26,88.4
15,Hunter Mahan,11.54,3,26,88.4
15,Mark Wilson,11.54,3,26,88.4
18,Steve Flesch,11.76,2,17,88.2
19,Woody Austin,12.50,3,24,87.5
20,Joe Ogilvie,13.33,4,30,86.6
21,Boo Weekley,13.64,3,22,86.3
22,Ángel Cabrera,14.29,3,21,85.7
22,Paul Goydos,14.29,3,21,85.7
24,Charley Hoffman,14.81,4,27,85.1
25,Vijay Singh,16.67,3,18,83.3
26,Chad Campbell,20.00,3,15,80.0
26,Brandt Snedeker,20.00,4,20,80.0
28,Henrik Stenson,21.74,5,23,78.2
29,George McNeill,22.22,4,18,77.7
30,Mark Calcavecchia,26.32,5,19,73.6
31,Fred Funk,30.00,6,20,70.0
