rank,player,Total 3 putts > 25',Total 3 Putts
1,Fred Funk,6,6
2,Mark Calcavecchia,5,6
2,Henrik Stenson,5,6
4,Charley Hoffman,4,4
4,George McNeill,4,5
4,Joe Ogilvie,4,4
4,Brandt Snedeker,4,6
8,Woody Austin,3,5
8,Ángel Cabrera,3,5
8,Chad Campbell,3,3
8,K.J. Choi,3,4
8,Paul Goydos,3,3
8,Hunter Mahan,3,4
8,Vijay Singh,3,4
8,Boo Weekley,3,3
8,Mark Wilson,3,4
17,Stephen Ames,2,2
17,Aaron Baddeley,2,2
17,Brian Bateman,2,3
17,Daniel Chopra,2,2
17,Steve Flesch,2,2
17,Jim Furyk,2,2
17,Scott Verplank,2,2
17,Nick Watney,2,2
25,Zach Johnson,1,1
25,Justin Leonard,1,1
25,Steve Stricker,1,1
25,Mike Weir,1,1
