rank,player,%,Total 3 Putts,Total Holes
1,Stephen Ames,5.56,1,18
1,K.J. Choi,5.56,1,18
1,Fred Funk,5.56,1,18
1,Paul Goydos,5.56,1,18
1,Charley Hoffman,5.56,1,18
1,Hunter Mahan,5.56,1,18
1,George McNeill,5.56,1,18
1,Vijay Singh,5.56,1,18
1,Boo Weekley,5.56,1,18
1,Mark Wilson,5.56,1,18
11,Woody Austin,11.11,2,18
11,Aaron Baddeley,11.11,2,18
11,Ángel Cabrera,11.11,2,18
11,Mark Calcavecchia,11.11,2,18
11,Daniel Chopra,11.11,2,18
11,Jim Furyk,11.11,2,18
11,Brandt Snedeker,11.11,2,18
11,Henrik Stenson,11.11,2,18
11,Nick Watney,11.11,2,18
20,Joe Ogilvie,16.67,3,18
