rank,player,%,Total 3 Putts,Attempts,2 Putt or Better %
1,Stephen Ames,.00,0,12,100.0
1,Woody Austin,.00,0,8,100.0
1,Aaron Baddeley,.00,0,6,100.0
1,Jonathan Byrd,.00,0,4,100.0
1,Ángel Cabrera,.00,0,14,100.0
1,Mark Calcavecchia,.00,0,6,100.0
1,Chad Campbell,.00,0,14,100.0
1,K.J. Choi,.00,0,8,100.0
1,Daniel Chopra,.00,0,9,100.0
1,Steve Flesch,.00,0,7,100.0
1,Fred Funk,.00,0,11,100.0
1,Jim Furyk,.00,0,12,100.0
1,Paul Goydos,.00,0,7,100.0
1,Charley Hoffman,.00,0,9,100.0
1,Charles Howell III,.00,0,12,100.0
1,Zach Johnson,.00,0,11,100.0
1,Justin Leonard,.00,0,8,100.0
1,Hunter Mahan,.00,0,6,100.0
1,George McNeill,.00,0,9,100.0
1,Joe Ogilvie,.00,0,4,100.0
1,Steve Stricker,.00,0,8,100.0
1,Scott Verplank,.00,0,6,100.0
1,Nick Watney,.00,0,9,100.0
1,Boo Weekley,.00,0,9,100.0
1,Mike Weir,.00,0,8,100.0
1,Mark Wilson,.00,0,9,100.0
27,Vijay Singh,9.09,1,11,90.9
28,Rory Sabbatini,11.11,1,9,88.8
29,Brian Bateman,12.50,1,8,87.5
29,Henrik Stenson,12.50,1,8,87.5
31,Brandt Snedeker,14.29,1,7,85.7
