rank,player,%,Total 3 Putts,Total Holes
1,Stephen Ames,5.56,1,18
1,Woody Austin,5.56,1,18
1,Brian Bateman,5.56,1,18
1,Ángel Cabrera,5.56,1,18
1,Charley Hoffman,5.56,1,18
1,Zach Johnson,5.56,1,18
1,Justin Leonard,5.56,1,18
1,Hunter Mahan,5.56,1,18
1,Vijay Singh,5.56,1,18
1,Brandt Snedeker,5.56,1,18
1,Steve Stricker,5.56,1,18
1,Mike Weir,5.56,1,18
1,Mark Wilson,5.56,1,18
14,Mark Calcavecchia,11.11,2,18
14,Chad Campbell,11.11,2,18
14,K.J. Choi,11.11,2,18
14,Fred Funk,11.11,2,18
14,Paul Goydos,11.11,2,18
14,Boo Weekley,11.11,2,18
20,Henrik Stenson,16.67,3,18
