rank,player,%,Total 3 Putts,Attempts,2 Putt or Better %
1,Stephen Ames,.00,0,15,100.0
1,Woody Austin,.00,0,10,100.0
1,Aaron Baddeley,.00,0,11,100.0
1,Brian Bateman,.00,0,9,100.0
1,Jonathan Byrd,.00,0,18,100.0
1,Ángel Cabrera,.00,0,14,100.0
1,Chad Campbell,.00,0,8,100.0
1,K.J. Choi,.00,0,12,100.0
1,Daniel Chopra,.00,0,14,100.0
1,Steve Flesch,.00,0,14,100.0
1,Fred Funk,.00,0,6,100.0
1,Jim Furyk,.00,0,13,100.0
1,Paul Goydos,.00,0,10,100.0
1,Charley Hoffman,.00,0,9,100.0
1,Charles Howell III,.00,0,6,100.0
1,Zach Johnson,.00,0,10,100.0
1,Justin Leonard,.00,0,13,100.0
1,Hunter Mahan,.00,0,8,100.0
1,George McNeill,.00,0,12,100.0
1,Joe Ogilvie,.00,0,11,100.0
1,Rory Sabbatini,.00,0,11,100.0
1,Vijay Singh,.00,0,10,100.0
1,Brandt Snedeker,.00,0,17,100.0
1,Henrik Stenson,.00,0,5,100.0
1,Steve Stricker,.00,0,13,100.0
1,Scott Verplank,.00,0,9,100.0
1,Nick Watney,.00,0,5,100.0
1,Boo Weekley,.00,0,11,100.0
1,Mike Weir,.00,0,13,100.0
1,Mark Wilson,.00,0,7,100.0
31,Mark Calcavecchia,16.67,1,6,83.3
