rank,player,Avg,Total Strokes,Total Rounds
1,Dustin Johnson,69.00,69,1
1,Nick Watney,69.00,69,1
1,Mark Wilson,69.00,69,1
4,Ben Curtis,70.00,70,1
4,Rickie Fowler,70.00,70,1
4,Carl Pettersson,70.00,70,1
4,Brandt Snedeker,70.00,70,1
4,Bubba Watson,70.00,70,1
9,Charlie Beljan,71.00,71,1
9,Keegan Bradley,71.00,71,1
9,Bill Haas,71.00,71,1
9,J.J. Henry,71.00,71,1
9,Ian Poulter,71.00,71,1
9,Steve Stricker,71.00,71,1
15,Jonas Blixt,72.00,72,1
15,Jason Dufner,72.00,72,1
15,Tommy Gainey,72.00,72,1
15,Hunter Mahan,72.00,72,1
15,Ryan Moore,72.00,72,1
15,Scott Piercy,72.00,72,1
15,Webb Simpson,72.00,72,1
15,Scott Stallings,72.00,72,1
15,Johnson Wagner,72.00,72,1
24,John Huh,73.00,73,1
25,Zach Johnson,74.00,74,1
25,Matt Kuchar,74.00,74,1
27,Marc Leishman,75.00,75,1
27,"Ted Potter, Jr.",75.00,75,1
29,Kyle Stanley,78.00,78,1
30,George McNeill,79.00,79,1
