rank,player,Avg,Total Strokes,Total Rounds
1,Rickie Fowler,67.00,67,1
2,Dustin Johnson,68.00,68,1
3,Jason Dufner,69.00,69,1
3,Matt Kuchar,69.00,69,1
3,Ian Poulter,69.00,69,1
3,Brandt Snedeker,69.00,69,1
3,Steve Stricker,69.00,69,1
8,Keegan Bradley,70.00,70,1
8,Tommy Gainey,70.00,70,1
8,Carl Pettersson,70.00,70,1
8,Scott Stallings,70.00,70,1
8,Mark Wilson,70.00,70,1
13,J.J. Henry,71.00,71,1
13,Marc Leishman,71.00,71,1
13,Webb Simpson,71.00,71,1
13,Bubba Watson,71.00,71,1
17,Jonas Blixt,72.00,72,1
17,Ben Curtis,72.00,72,1
17,Zach Johnson,72.00,72,1
17,Kyle Stanley,72.00,72,1
17,Johnson Wagner,72.00,72,1
22,George McNeill,73.00,73,1
22,Scott Piercy,73.00,73,1
22,"Ted Potter, Jr.",73.00,73,1
25,John Huh,74.00,74,1
25,Hunter Mahan,74.00,74,1
25,Nick Watney,74.00,74,1
28,Charlie Beljan,75.00,75,1
28,Bill Haas,75.00,75,1
30,Ryan Moore,76.00,76,1
