rank,player,%
1,Jonas Blixt,100.00
1,Keegan Bradley,100.00
1,Ben Curtis,100.00
1,Jason Dufner,100.00
1,Rickie Fowler,100.00
1,Tommy Gainey,100.00
1,J.J. Henry,100.00
1,Dustin Johnson,100.00
1,Zach Johnson,100.00
1,Matt Kuchar,100.00
1,Marc Leishman,100.00
1,George McNeill,100.00
1,"Ted Potter, Jr.",100.00
1,Ian Poulter,100.00
1,Brandt Snedeker,100.00
1,Scott Stallings,100.00
1,Kyle Stanley,100.00
1,Steve Stricker,100.00
1,Bubba Watson,100.00
1,Mark Wilson,100.00
21,Charlie Beljan,.00
21,Bill Haas,.00
21,John Huh,.00
21,Hunter Mahan,.00
21,Ryan Moore,.00
21,Carl Pettersson,.00
21,Scott Piercy,.00
21,Webb Simpson,.00
21,Johnson Wagner,.00
21,Nick Watney,.00
