rank,player,Avg,Total Strokes,Total Rounds
1,Dustin Johnson,66.00,66,1
2,Steve Stricker,67.00,67,1
3,Keegan Bradley,69.00,69,1
3,Tommy Gainey,69.00,69,1
3,Bubba Watson,69.00,69,1
6,Brandt Snedeker,70.00,70,1
7,John Huh,71.00,71,1
7,Matt Kuchar,71.00,71,1
7,Scott Piercy,71.00,71,1
10,Zach Johnson,72.00,72,1
10,Carl Pettersson,72.00,72,1
10,Webb Simpson,72.00,72,1
10,Johnson Wagner,72.00,72,1
14,George McNeill,73.00,73,1
14,Nick Watney,73.00,73,1
16,Jonas Blixt,74.00,74,1
16,Rickie Fowler,74.00,74,1
16,J.J. Henry,74.00,74,1
16,Ian Poulter,74.00,74,1
16,Scott Stallings,74.00,74,1
21,Charlie Beljan,75.00,75,1
21,Bill Haas,75.00,75,1
21,Marc Leishman,75.00,75,1
21,"Ted Potter, Jr.",75.00,75,1
25,Ben Curtis,76.00,76,1
25,Mark Wilson,76.00,76,1
27,Jason Dufner,77.00,77,1
27,Hunter Mahan,77.00,77,1
27,Ryan Moore,77.00,77,1
30,Kyle Stanley,80.00,80,1
