rank,player,Avg,Total Strokes,Total Rounds
1,Vijay Singh,65.50,131,2
2,Mike Weir,66.50,133,2
3,Ernie Els,67.00,134,2
4,Sergio Garcia,67.50,135,2
4,Jonathan Kaye,67.50,135,2
6,Chad Campbell,68.00,136,2
6,Stewart Cink,68.00,136,2
6,Tiger Woods,68.00,136,2
9,Stuart Appleby,69.00,138,2
9,Retief Goosen,69.00,138,2
9,Vaughn Taylor,69.00,138,2
9,David Toms,69.00,138,2
13,John Daly,69.50,139,2
13,Craig Parry,69.50,139,2
13,Joey Sindelar,69.50,139,2
13,Heath Slocum,69.50,139,2
17,Woody Austin,70.50,141,2
17,Bart Bryant,70.50,141,2
17,Adam Scott,70.50,141,2
20,Jonathan Byrd,71.00,142,2
20,Steve Flesch,71.00,142,2
20,Zach Johnson,71.00,142,2
20,Rod Pampling,71.00,142,2
24,Mark Hensby,71.50,143,2
25,Todd Hamilton,72.00,144,2
25,Ryan Palmer,72.00,144,2
25,Andre Stolz,72.00,144,2
28,Stephen Ames,72.50,145,2
28,Carlos Franco,72.50,145,2
28,Brent Geiberger,72.50,145,2
31,Fred Funk,74.00,148,2
