rank,player,Value,Tourn/Course,Round
1,Mike Weir,63,Mercedes Champ/,2
2,Stuart Appleby,64,Mercedes Champ/,2
3,Ernie Els,65,Mercedes Champ/,2
3,Adam Scott,65,Mercedes Champ/,4
3,Vijay Singh,65,Mercedes Champ/,2
6,Jonathan Kaye,66,Mercedes Champ/,3
7,Stephen Ames,67,Mercedes Champ/,3
7,Jonathan Byrd,67,Mercedes Champ/,4
7,Chad Campbell,67,Mercedes Champ/,2
7,Stewart Cink,67,Mercedes Champ/,3
7,Fred Funk,67,Mercedes Champ/,3
7,Sergio Garcia,67,Mercedes Champ/,2
7,Retief Goosen,67,Mercedes Champ/,2
7,Craig Parry,67,Mercedes Champ/,1
7,David Toms,67,Mercedes Champ/,2
16,Woody Austin,68,Mercedes Champ/,3
16,Ryan Palmer,68,Mercedes Champ/,2
16,Joey Sindelar,68,Mercedes Champ/,2
16,Vaughn Taylor,68,Mercedes Champ/,3
16,Tiger Woods,68,Mercedes Champ/,4
21,Bart Bryant,69,Mercedes Champ/,3
21,John Daly,69,Mercedes Champ/,2
21,Steve Flesch,69,Mercedes Champ/,1
21,Mark Hensby,69,Mercedes Champ/,4
21,Rod Pampling,69,Mercedes Champ/,3
21,Heath Slocum,69,Mercedes Champ/,1
27,Zach Johnson,70,Mercedes Champ/,2
27,Andre Stolz,70,Mercedes Champ/,4
29,Carlos Franco,71,Mercedes Champ/,2
29,Brent Geiberger,71,Mercedes Champ/,3
29,Todd Hamilton,71,Mercedes Champ/,4
