rank,player,Stroke Differential,Player's Score,Field Average Score
1,Stuart Appleby,+2.48,67.75,70.23
2,Jonathan Kaye,+2.23,68.00,70.23
3,Ernie Els,+1.98,68.25,70.23
3,Tiger Woods,+1.98,68.25,70.23
5,Stewart Cink,+1.73,68.50,70.23
5,Adam Scott,+1.73,68.50,70.23
5,Vijay Singh,+1.73,68.50,70.23
8,Vaughn Taylor,+1.23,69.00,70.23
8,David Toms,+1.23,69.00,70.23
10,Sergio Garcia,+.73,69.50,70.23
10,Craig Parry,+.73,69.50,70.23
12,Woody Austin,+.48,69.75,70.23
13,Jonathan Byrd,+.23,70.00,70.23
13,Retief Goosen,+.23,70.00,70.23
13,Mike Weir,+.23,70.00,70.23
16,Bart Bryant,-.02,70.25,70.23
17,Chad Campbell,-.27,70.50,70.23
17,John Daly,-.27,70.50,70.23
19,Stephen Ames,-.52,70.75,70.23
19,Mark Hensby,-.52,70.75,70.23
19,Rod Pampling,-.52,70.75,70.23
22,Andre Stolz,-1.02,71.25,70.23
23,Zach Johnson,-1.27,71.50,70.23
23,Joey Sindelar,-1.27,71.50,70.23
23,Heath Slocum,-1.27,71.50,70.23
26,Todd Hamilton,-1.52,71.75,70.23
26,Ryan Palmer,-1.52,71.75,70.23
28,Brent Geiberger,-1.77,72.00,70.23
29,Steve Flesch,-2.02,72.25,70.23
30,Fred Funk,-2.27,72.50,70.23
31,Carlos Franco,-2.77,73.00,70.23
