rank,player,%,Total Drives for 300+,Total Drvs - overall,Relative to par
1,J.B. Holmes,87.50,7,8,-0.14
1,Bubba Watson,87.50,7,8,-0.14
3,Jason Day,75.00,6,8,-0.67
3,Dustin Johnson,75.00,6,8,-0.67
5,Justin Thomas,62.50,5,8,-0.20
6,Brooks Koepka,50.00,4,8,-0.50
7,Rickie Fowler,37.50,3,8,-0.67
7,Scott Piercy,37.50,3,8,-0.33
9,Steven Bowditch,25.00,2,8,+0.50
9,Smylie Kaufman,25.00,2,8,-0.50
9,Davis Love III,25.00,2,8,E
9,Patrick Reed,25.00,2,8,-1.00
9,Jimmy Walker,25.00,2,8,-1.00
14,Matt Every,12.50,1,8,E
14,Fabián Gómez,12.50,1,8,-1.00
14,James Hahn,12.50,1,8,+1.00
14,Padraig Harrington,12.50,1,8,-1.00
14,Kevin Kisner,12.50,1,8,E
14,David Lingmerth,12.50,1,8,-1.00
14,Peter Malnati,12.50,1,8,-1.00
14,Brandt Snedeker,12.50,1,8,-1.00
14,Jordan Spieth,12.50,1,8,-1.00
23,Alex Cejka,.00,0,8,E
23,Emiliano Grillo,.00,0,8,E
23,Bill Haas,.00,0,8,E
23,J.J. Henry,.00,0,8,E
23,Zach Johnson,.00,0,8,E
23,Chris Kirk,.00,0,8,E
23,Russell Knox,.00,0,8,E
23,Danny Lee,.00,0,8,E
23,Graeme McDowell,.00,0,8,E
23,Troy Merritt,.00,0,8,E
