rank,player,%,Total Drives for 280-300,Total Drvs - overall,Relative to par
1,Alex Cejka,62.50,5,8,E
1,Emiliano Grillo,62.50,5,8,-0.40
1,Bill Haas,62.50,5,8,-0.60
1,Padraig Harrington,62.50,5,8,-0.60
1,Smylie Kaufman,62.50,5,8,-0.40
1,Brandt Snedeker,62.50,5,8,-0.40
7,James Hahn,50.00,4,8,-0.25
7,Zach Johnson,50.00,4,8,-1.00
7,Kevin Kisner,50.00,4,8,-0.50
7,Russell Knox,50.00,4,8,-0.75
7,Danny Lee,50.00,4,8,-0.75
7,David Lingmerth,50.00,4,8,-0.25
7,Graeme McDowell,50.00,4,8,-0.75
7,Troy Merritt,50.00,4,8,E
7,Patrick Reed,50.00,4,8,E
7,Jimmy Walker,50.00,4,8,-0.50
17,Matt Every,37.50,3,8,E
17,Fabián Gómez,37.50,3,8,E
17,J.J. Henry,37.50,3,8,-0.33
17,Chris Kirk,37.50,3,8,-0.67
17,Peter Malnati,37.50,3,8,-0.33
17,Jordan Spieth,37.50,3,8,-1.00
23,Jason Day,25.00,2,8,E
23,Rickie Fowler,25.00,2,8,-0.50
23,Dustin Johnson,25.00,2,8,-0.50
23,Brooks Koepka,25.00,2,8,-0.50
23,Davis Love III,25.00,2,8,E
23,Scott Piercy,25.00,2,8,-0.50
29,Steven Bowditch,12.50,1,8,E
29,Justin Thomas,12.50,1,8,-1.00
29,Bubba Watson,12.50,1,8,E
32,J.B. Holmes,.00,0,8,E
