rank,player,%,Total Drives for 280-300,Total Drives - Overall,Relative to Par
1,Smylie Kaufman,33.33,20,60,-0.300
2,David Lingmerth,31.67,19,60,-0.316
2,Patrick Reed,31.67,19,60,-0.368
4,Justin Thomas,30.00,18,60,-0.611
5,Emiliano Grillo,28.33,17,60,-0.353
5,Bill Haas,28.33,17,60,-0.412
5,Padraig Harrington,28.33,17,60,-0.353
5,Graeme McDowell,28.33,17,60,-0.353
5,Jimmy Walker,28.33,17,60,-0.471
10,Peter Malnati,26.67,16,60,-0.188
10,Brandt Snedeker,26.67,16,60,-0.375
12,Jason Day,25.00,15,60,-0.400
12,Rickie Fowler,25.00,15,60,-0.600
14,Alex Cejka,23.33,14,60,-0.214
14,Fabián Gómez,23.33,14,60,-0.286
14,James Hahn,23.33,14,60,+0.214
14,Kevin Kisner,23.33,14,60,-0.286
14,Brooks Koepka,23.33,14,60,-0.357
19,Russell Knox,21.67,13,60,-0.462
19,Davis Love III,21.67,13,60,E
21,Matt Every,20.00,12,60,E
21,Chris Kirk,20.00,12,60,-0.167
21,Danny Lee,20.00,12,60,-0.583
21,Jordan Spieth,20.00,12,60,-0.583
21,Bubba Watson,20.00,12,60,-0.333
26,J.J. Henry,18.33,11,60,E
27,J.B. Holmes,16.67,10,60,-0.600
27,Dustin Johnson,16.67,10,60,-0.400
27,Zach Johnson,16.67,10,60,-0.400
27,Troy Merritt,16.67,10,60,-0.200
27,Scott Piercy,16.67,10,60,-0.500
32,Steven Bowditch,15.00,9,60,-0.556
