rank,player,%,Total Drives for 240-260,Total Drvs - overall,Relative to par
1,J.J. Henry,37.50,3,8,E
2,Chris Kirk,25.00,2,8,E
2,Danny Lee,25.00,2,8,-1.00
4,Rickie Fowler,12.50,1,8,-1.00
4,James Hahn,12.50,1,8,-1.00
4,Padraig Harrington,12.50,1,8,E
4,Zach Johnson,12.50,1,8,E
4,Peter Malnati,12.50,1,8,E
4,Jordan Spieth,12.50,1,8,E
10,Steven Bowditch,.00,0,8,E
10,Alex Cejka,.00,0,8,E
10,Jason Day,.00,0,8,E
10,Matt Every,.00,0,8,E
10,Fabián Gómez,.00,0,8,E
10,Emiliano Grillo,.00,0,8,E
10,Bill Haas,.00,0,8,E
10,J.B. Holmes,.00,0,8,E
10,Dustin Johnson,.00,0,8,E
10,Smylie Kaufman,.00,0,8,E
10,Kevin Kisner,.00,0,8,E
10,Russell Knox,.00,0,8,E
10,Brooks Koepka,.00,0,8,E
10,David Lingmerth,.00,0,8,E
10,Davis Love III,.00,0,8,E
10,Graeme McDowell,.00,0,8,E
10,Troy Merritt,.00,0,8,E
10,Scott Piercy,.00,0,8,E
10,Patrick Reed,.00,0,8,E
10,Brandt Snedeker,.00,0,8,E
10,Justin Thomas,.00,0,8,E
10,Jimmy Walker,.00,0,8,E
10,Bubba Watson,.00,0,8,E
