rank,player,%,Total Drives for 260-280,Total Drvs - overall,Relative to par
1,Steven Bowditch,62.50,5,8,-0.40
2,Matt Every,50.00,4,8,-0.25
2,Fabián Gómez,50.00,4,8,-0.50
2,Russell Knox,50.00,4,8,-0.50
2,Davis Love III,50.00,4,8,+0.25
2,Graeme McDowell,50.00,4,8,-0.25
2,Troy Merritt,50.00,4,8,-0.50
8,Alex Cejka,37.50,3,8,+0.33
8,Emiliano Grillo,37.50,3,8,-0.67
8,Bill Haas,37.50,3,8,E
8,Zach Johnson,37.50,3,8,E
8,David Lingmerth,37.50,3,8,-0.67
8,Peter Malnati,37.50,3,8,-0.67
8,Scott Piercy,37.50,3,8,E
8,Jordan Spieth,37.50,3,8,-0.33
16,Rickie Fowler,25.00,2,8,E
16,James Hahn,25.00,2,8,+1.00
16,J.J. Henry,25.00,2,8,+0.50
16,Chris Kirk,25.00,2,8,+0.50
16,Kevin Kisner,25.00,2,8,-1.00
16,Brooks Koepka,25.00,2,8,-1.00
16,Danny Lee,25.00,2,8,+0.50
16,Patrick Reed,25.00,2,8,E
16,Brandt Snedeker,25.00,2,8,E
16,Justin Thomas,25.00,2,8,-0.50
16,Jimmy Walker,25.00,2,8,E
27,Padraig Harrington,12.50,1,8,E
27,J.B. Holmes,12.50,1,8,E
27,Smylie Kaufman,12.50,1,8,E
30,Jason Day,.00,0,8,E
30,Dustin Johnson,.00,0,8,E
30,Bubba Watson,.00,0,8,E
