rank,player,%,Total Drives for 300-320,Total Drives - Overall,Relative to Par
1,Jason Day,26.67,16,60,-0.375
2,James Hahn,21.67,13,60,-0.231
2,Russell Knox,21.67,13,60,+0.077
2,Brooks Koepka,21.67,13,60,-0.308
5,Matt Every,20.00,12,60,E
5,Justin Thomas,20.00,12,60,-0.083
5,Bubba Watson,20.00,12,60,-0.167
8,Zach Johnson,18.33,11,60,-0.182
9,Steven Bowditch,16.67,10,60,+0.200
9,Rickie Fowler,16.67,10,60,-0.200
9,J.B. Holmes,16.67,10,60,-0.200
9,Dustin Johnson,16.67,10,60,-0.600
9,Troy Merritt,16.67,10,60,-0.100
14,Kevin Kisner,15.00,9,60,-0.111
14,Peter Malnati,15.00,9,60,-0.111
14,Graeme McDowell,15.00,9,60,+0.222
17,Chris Kirk,13.33,8,60,+0.125
17,Davis Love III,13.33,8,60,+0.125
17,Jordan Spieth,13.33,8,60,-0.500
20,David Lingmerth,11.67,7,60,-0.286
20,Scott Piercy,11.67,7,60,-0.143
20,Jimmy Walker,11.67,7,60,-0.571
23,Alex Cejka,10.00,6,60,E
23,Fabián Gómez,10.00,6,60,-0.167
23,Padraig Harrington,10.00,6,60,-0.500
23,Smylie Kaufman,10.00,6,60,E
23,Danny Lee,10.00,6,60,-0.500
23,Patrick Reed,10.00,6,60,-0.667
23,Brandt Snedeker,10.00,6,60,-0.667
30,Emiliano Grillo,8.33,5,60,-0.200
30,Bill Haas,8.33,5,60,E
32,J.J. Henry,5.00,3,60,+0.667
