rank,player,%,Total Drives for 320+,Total Drives - Overall,Relative to Par
1,Bubba Watson,48.33,29,60,-0.172
2,Dustin Johnson,46.67,28,60,-0.179
3,J.B. Holmes,41.67,25,60,-0.040
4,Brooks Koepka,31.67,19,60,-0.211
5,Justin Thomas,30.00,18,60,-0.167
6,Smylie Kaufman,28.33,17,60,-0.412
6,Scott Piercy,28.33,17,60,-0.176
8,Jason Day,26.67,16,60,+0.063
9,Steven Bowditch,25.00,15,60,-0.333
9,Bill Haas,25.00,15,60,-0.200
9,J.J. Henry,25.00,15,60,+0.067
9,Patrick Reed,25.00,15,60,-0.267
9,Jimmy Walker,25.00,15,60,+0.067
14,Rickie Fowler,23.33,14,60,-0.214
14,Kevin Kisner,23.33,14,60,-0.143
14,Jordan Spieth,23.33,14,60,-0.500
17,Padraig Harrington,21.67,13,60,E
17,Brandt Snedeker,21.67,13,60,-0.154
19,Danny Lee,20.00,12,60,-0.167
19,Davis Love III,20.00,12,60,-0.250
21,Emiliano Grillo,18.33,11,60,-0.182
21,David Lingmerth,18.33,11,60,+0.091
23,Fabián Gómez,16.67,10,60,-0.100
23,Chris Kirk,16.67,10,60,-0.300
23,Troy Merritt,16.67,10,60,-0.200
26,Alex Cejka,15.00,9,60,-0.222
26,Zach Johnson,15.00,9,60,-0.444
28,Matt Every,13.33,8,60,+0.250
28,Peter Malnati,13.33,8,60,-0.625
30,James Hahn,10.00,6,60,-0.167
31,Russell Knox,8.33,5,60,-0.200
31,Graeme McDowell,8.33,5,60,E
