rank,player,%,Total Drives for 260-280,Total Drives - Overall,Relative to Par
1,Troy Merritt,35.00,21,60,-0.286
2,Alex Cejka,30.00,18,60,-0.167
2,Fabián Gómez,30.00,18,60,-0.389
2,Emiliano Grillo,30.00,18,60,-0.333
5,Russell Knox,28.33,17,60,-0.118
5,Danny Lee,28.33,17,60,-0.059
5,David Lingmerth,28.33,17,60,-0.353
5,Graeme McDowell,28.33,17,60,-0.294
9,Davis Love III,26.67,16,60,-0.063
9,Brandt Snedeker,26.67,16,60,-0.375
11,Matt Every,25.00,15,60,-0.333
11,Zach Johnson,25.00,15,60,-0.133
11,Chris Kirk,25.00,15,60,-0.267
11,Peter Malnati,25.00,15,60,-0.467
15,Jordan Spieth,23.33,14,60,-0.500
16,Patrick Reed,21.67,13,60,-0.308
17,Scott Piercy,20.00,12,60,E
18,James Hahn,18.33,11,60,+0.364
18,J.J. Henry,18.33,11,60,E
18,Smylie Kaufman,18.33,11,60,-0.455
18,Kevin Kisner,18.33,11,60,-0.727
18,Jimmy Walker,18.33,11,60,-0.273
23,Steven Bowditch,16.67,10,60,-0.200
23,Rickie Fowler,16.67,10,60,-0.600
25,Bill Haas,15.00,9,60,-0.333
25,J.B. Holmes,15.00,9,60,-0.333
25,Brooks Koepka,15.00,9,60,-0.667
28,Padraig Harrington,11.67,7,60,-0.286
29,Dustin Johnson,10.00,6,60,-0.333
29,Justin Thomas,10.00,6,60,-0.167
31,Bubba Watson,8.33,5,60,-0.800
32,Jason Day,5.00,3,60,-1.000
