rank,player,%,Total Drives for 320+,Total Drvs - overall,Relative to par
1,Dustin Johnson,50.00,4,8,-0.50
2,Bubba Watson,37.50,3,8,-0.67
3,J.B. Holmes,25.00,2,8,E
3,Justin Thomas,25.00,2,8,E
5,Jason Day,12.50,1,8,-1.00
5,Rickie Fowler,12.50,1,8,-1.00
5,Padraig Harrington,12.50,1,8,-1.00
8,Steven Bowditch,.00,0,8,E
8,Alex Cejka,.00,0,8,E
8,Matt Every,.00,0,8,E
8,Fabián Gómez,.00,0,8,E
8,Emiliano Grillo,.00,0,8,E
8,Bill Haas,.00,0,8,E
8,James Hahn,.00,0,8,E
8,J.J. Henry,.00,0,8,E
8,Zach Johnson,.00,0,8,E
8,Smylie Kaufman,.00,0,8,E
8,Chris Kirk,.00,0,8,E
8,Kevin Kisner,.00,0,8,E
8,Russell Knox,.00,0,8,E
8,Brooks Koepka,.00,0,8,E
8,Danny Lee,.00,0,8,E
8,David Lingmerth,.00,0,8,E
8,Davis Love III,.00,0,8,E
8,Peter Malnati,.00,0,8,E
8,Graeme McDowell,.00,0,8,E
8,Troy Merritt,.00,0,8,E
8,Scott Piercy,.00,0,8,E
8,Patrick Reed,.00,0,8,E
8,Brandt Snedeker,.00,0,8,E
8,Jordan Spieth,.00,0,8,E
8,Jimmy Walker,.00,0,8,E
