rank,player,%,Total Drives for <= 240,Total Drives - Overall,Relative to Par
1,Steven Bowditch,23.33,14,60,-0.071
2,Bill Haas,16.67,10,60,+0.100
2,J.J. Henry,16.67,10,60,E
4,Scott Piercy,13.33,8,60,-0.250
5,Padraig Harrington,11.67,7,60,-0.286
5,Chris Kirk,11.67,7,60,E
7,James Hahn,10.00,6,60,+0.167
7,Danny Lee,10.00,6,60,+0.333
7,Davis Love III,10.00,6,60,E
10,Matt Every,8.33,5,60,-0.400
10,Rickie Fowler,8.33,5,60,+0.200
10,Zach Johnson,8.33,5,60,+0.200
10,Kevin Kisner,8.33,5,60,E
10,Graeme McDowell,8.33,5,60,+0.200
10,Jimmy Walker,8.33,5,60,E
16,Alex Cejka,6.67,4,60,-0.250
16,Jason Day,6.67,4,60,E
16,Fabián Gómez,6.67,4,60,-0.250
16,J.B. Holmes,6.67,4,60,E
16,Dustin Johnson,6.67,4,60,+0.250
16,Russell Knox,6.67,4,60,+0.750
16,Brandt Snedeker,6.67,4,60,E
23,Smylie Kaufman,5.00,3,60,E
23,Jordan Spieth,5.00,3,60,-0.333
25,Bubba Watson,3.33,2,60,E
26,Emiliano Grillo,1.67,1,60,E
26,Brooks Koepka,1.67,1,60,E
26,David Lingmerth,1.67,1,60,+1.000
26,Peter Malnati,1.67,1,60,-1.000
26,Troy Merritt,1.67,1,60,+1.000
26,Patrick Reed,1.67,1,60,-1.000
26,Justin Thomas,1.67,1,60,E
