rank,player,%,Total Drives for 300+,Total Drives - Overall,Relative to Par
1,Bubba Watson,68.33,41,60,-0.171
2,Dustin Johnson,63.33,38,60,-0.289
3,J.B. Holmes,58.33,35,60,-0.086
4,Jason Day,53.33,32,60,-0.156
4,Brooks Koepka,53.33,32,60,-0.250
6,Justin Thomas,50.00,30,60,-0.133
7,Steven Bowditch,41.67,25,60,-0.120
8,Rickie Fowler,40.00,24,60,-0.208
8,Scott Piercy,40.00,24,60,-0.167
10,Smylie Kaufman,38.33,23,60,-0.304
10,Kevin Kisner,38.33,23,60,-0.130
12,Jordan Spieth,36.67,22,60,-0.500
12,Jimmy Walker,36.67,22,60,-0.136
14,Patrick Reed,35.00,21,60,-0.381
15,Matt Every,33.33,20,60,+0.100
15,Bill Haas,33.33,20,60,-0.150
15,Zach Johnson,33.33,20,60,-0.300
15,Davis Love III,33.33,20,60,-0.100
15,Troy Merritt,33.33,20,60,-0.150
20,James Hahn,31.67,19,60,-0.211
20,Padraig Harrington,31.67,19,60,-0.158
20,Brandt Snedeker,31.67,19,60,-0.316
23,J.J. Henry,30.00,18,60,+0.167
23,Chris Kirk,30.00,18,60,-0.111
23,Russell Knox,30.00,18,60,E
23,Danny Lee,30.00,18,60,-0.278
23,David Lingmerth,30.00,18,60,-0.056
28,Peter Malnati,28.33,17,60,-0.353
29,Fabián Gómez,26.67,16,60,-0.125
29,Emiliano Grillo,26.67,16,60,-0.188
31,Alex Cejka,25.00,15,60,-0.133
32,Graeme McDowell,23.33,14,60,+0.143
