rank,player,%,Total Drives for <= 240,Total Drvs - overall,Relative to par
1,Chris Kirk,12.50,1,8,+1.00
1,Kevin Kisner,12.50,1,8,+1.00
3,Steven Bowditch,.00,0,8,E
3,Alex Cejka,.00,0,8,E
3,Jason Day,.00,0,8,E
3,Matt Every,.00,0,8,E
3,Rickie Fowler,.00,0,8,E
3,Fabián Gómez,.00,0,8,E
3,Emiliano Grillo,.00,0,8,E
3,Bill Haas,.00,0,8,E
3,James Hahn,.00,0,8,E
3,Padraig Harrington,.00,0,8,E
3,J.J. Henry,.00,0,8,E
3,J.B. Holmes,.00,0,8,E
3,Dustin Johnson,.00,0,8,E
3,Zach Johnson,.00,0,8,E
3,Smylie Kaufman,.00,0,8,E
3,Russell Knox,.00,0,8,E
3,Brooks Koepka,.00,0,8,E
3,Danny Lee,.00,0,8,E
3,David Lingmerth,.00,0,8,E
3,Davis Love III,.00,0,8,E
3,Peter Malnati,.00,0,8,E
3,Graeme McDowell,.00,0,8,E
3,Troy Merritt,.00,0,8,E
3,Scott Piercy,.00,0,8,E
3,Patrick Reed,.00,0,8,E
3,Brandt Snedeker,.00,0,8,E
3,Jordan Spieth,.00,0,8,E
3,Justin Thomas,.00,0,8,E
3,Jimmy Walker,.00,0,8,E
3,Bubba Watson,.00,0,8,E
