rank,player,%,Total Drives for 240-260,Total Drives - Overall,Relative to Par
1,Peter Malnati,18.33,11,60,E
2,James Hahn,16.67,10,60,-0.100
2,Padraig Harrington,16.67,10,60,-0.200
2,J.J. Henry,16.67,10,60,E
2,Zach Johnson,16.67,10,60,-0.400
6,Alex Cejka,15.00,9,60,-0.222
6,Jordan Spieth,15.00,9,60,-0.333
8,Matt Every,13.33,8,60,+0.125
8,Fabián Gómez,13.33,8,60,-0.375
8,Emiliano Grillo,13.33,8,60,+0.125
8,Chris Kirk,13.33,8,60,-0.125
8,Russell Knox,13.33,8,60,-0.125
8,Troy Merritt,13.33,8,60,E
14,Kevin Kisner,11.67,7,60,E
14,Danny Lee,11.67,7,60,-0.714
14,Graeme McDowell,11.67,7,60,+0.286
17,Jason Day,10.00,6,60,E
17,Rickie Fowler,10.00,6,60,-0.333
17,Scott Piercy,10.00,6,60,-0.167
17,Patrick Reed,10.00,6,60,E
21,David Lingmerth,8.33,5,60,-0.200
21,Davis Love III,8.33,5,60,-0.600
21,Brandt Snedeker,8.33,5,60,-0.200
21,Justin Thomas,8.33,5,60,+0.600
21,Jimmy Walker,8.33,5,60,-0.600
26,Bill Haas,6.67,4,60,E
26,Brooks Koepka,6.67,4,60,E
28,Smylie Kaufman,5.00,3,60,+0.667
29,Steven Bowditch,3.33,2,60,-0.500
29,J.B. Holmes,3.33,2,60,-0.500
29,Dustin Johnson,3.33,2,60,+0.500
32,Bubba Watson,.00,0,60,E
