rank,player,All Drives,Total Distance,# of Drives
1,Bubba Watson,319.8,"19,188",60
2,Dustin Johnson,317.3,"19,038",60
3,J.B. Holmes,308.2,"18,493",60
4,Brooks Koepka,305.2,"18,309",60
5,Justin Thomas,303.2,"18,191",60
6,Jason Day,302.8,"18,167",60
7,Patrick Reed,299.0,"17,940",60
8,Smylie Kaufman,298.0,"17,878",60
9,Jimmy Walker,294.9,"17,697",60
10,Rickie Fowler,294.2,"17,652",60
11,Jordan Spieth,292.8,"17,566",60
12,Kevin Kisner,292.7,"17,563",60
13,Scott Piercy,292.6,"17,553",60
14,Brandt Snedeker,291.1,"17,468",60
15,David Lingmerth,291.0,"17,458",60
16,Emiliano Grillo,290.2,"17,411",60
17,Steven Bowditch,289.6,"17,378",60
18,Troy Merritt,289.3,"17,356",60
19,Danny Lee,288.0,"17,279",60
20,Bill Haas,287.7,"17,262",60
21,Padraig Harrington,287.6,"17,255",60
22,Davis Love III,285.8,"17,146",60
23,Peter Malnati,285.6,"17,134",60
24,Fabián Gómez,284.8,"17,090",60
25,Matt Every,284.7,"17,081",60
26,Russell Knox,284.2,"17,054",60
27,Zach Johnson,283.1,"16,986",60
28,Chris Kirk,282.5,"16,950",60
29,Graeme McDowell,282.1,"16,927",60
30,Alex Cejka,281.4,"16,885",60
30,James Hahn,281.4,"16,885",60
32,J.J. Henry,279.2,"16,752",60
