rank,player,Distance,Tournament,Round,Hole,Course
1,Bubba Watson,411,Hyundai T of C,3,6,656
2,Kevin Kisner,403,Hyundai T of C,2,17,656
3,Davis Love III,400,Hyundai T of C,3,6,656
4,Brooks Koepka,399,Hyundai T of C,2,17,656
4,Justin Thomas,399,Hyundai T of C,4,6,656
6,Jason Day,397,Hyundai T of C,4,6,656
6,Dustin Johnson,397,Hyundai T of C,1,12,656
6,Russell Knox,397,Hyundai T of C,3,17,656
9,Scott Piercy,395,Hyundai T of C,1,17,656
9,Brandt Snedeker,395,Hyundai T of C,3,17,656
9,Jordan Spieth,395,Hyundai T of C,4,6,656
12,Rickie Fowler,392,Hyundai T of C,3,6,656
12,J.B. Holmes,392,Hyundai T of C,1,6,656
14,Emiliano Grillo,390,Hyundai T of C,3,17,656
14,James Hahn,390,Hyundai T of C,3,17,656
16,Steven Bowditch,389,Hyundai T of C,4,6,656
16,Jimmy Walker,389,Hyundai T of C,3,17,656
18,Zach Johnson,388,Hyundai T of C,3,17,656
18,Patrick Reed,388,Hyundai T of C,4,17,656
20,Danny Lee,385,Hyundai T of C,4,6,656
21,Padraig Harrington,381,Hyundai T of C,2,17,656
22,J.J. Henry,380,Hyundai T of C,3,6,656
23,Smylie Kaufman,374,Hyundai T of C,3,6,656
24,Fabián Gómez,373,Hyundai T of C,3,6,656
25,Troy Merritt,369,Hyundai T of C,3,6,656
26,Bill Haas,363,Hyundai T of C,1,17,656
27,Chris Kirk,360,Hyundai T of C,1,1,656
28,Matt Every,359,Hyundai T of C,2,17,656
28,David Lingmerth,359,Hyundai T of C,4,6,656
30,Graeme McDowell,350,Hyundai T of C,3,6,656
31,Alex Cejka,348,Hyundai T of C,1,1,656
32,Peter Malnati,344,Hyundai T of C,3,6,656
