rank,player,Avg,Total Distance,Total Drives
1,Dustin Johnson,321.6,"2,573",8
2,Bubba Watson,320.9,"2,567",8
3,J.B. Holmes,313.3,"2,506",8
4,Jason Day,306.8,"2,454",8
5,Justin Thomas,301.0,"2,408",8
6,Brooks Koepka,294.5,"2,356",8
7,Scott Piercy,291.9,"2,335",8
8,Smylie Kaufman,291.3,"2,330",8
9,Jimmy Walker,291.0,"2,328",8
10,Rickie Fowler,289.9,"2,319",8
11,Patrick Reed,289.8,"2,318",8
12,Brandt Snedeker,288.3,"2,306",8
13,Davis Love III,287.8,"2,302",8
14,Padraig Harrington,285.9,"2,287",8
15,David Lingmerth,284.6,"2,277",8
16,Matt Every,284.1,"2,273",8
17,Jordan Spieth,283.8,"2,270",8
18,Steven Bowditch,283.6,"2,269",8
19,Fabián Gómez,283.1,"2,265",8
20,Peter Malnati,281.8,"2,254",8
21,Kevin Kisner,281.6,"2,253",8
22,Graeme McDowell,281.4,"2,251",8
23,Troy Merritt,281.1,"2,249",8
24,James Hahn,280.8,"2,246",8
25,Alex Cejka,280.3,"2,242",8
26,Bill Haas,279.6,"2,237",8
27,Russell Knox,279.5,"2,236",8
28,Emiliano Grillo,278.4,"2,227",8
29,Zach Johnson,277.4,"2,219",8
30,Danny Lee,275.8,"2,206",8
31,J.J. Henry,271.1,"2,169",8
32,Chris Kirk,265.8,"2,126",8
