rank,player,%,Total Drives for 300-320,Total Drvs - overall,Relative to par
1,Jason Day,62.50,5,8,-0.60
1,J.B. Holmes,62.50,5,8,-0.20
3,Brooks Koepka,50.00,4,8,-0.50
3,Bubba Watson,50.00,4,8,+0.25
5,Scott Piercy,37.50,3,8,-0.33
5,Justin Thomas,37.50,3,8,-0.33
7,Steven Bowditch,25.00,2,8,+0.50
7,Rickie Fowler,25.00,2,8,-0.50
7,Dustin Johnson,25.00,2,8,-1.00
7,Smylie Kaufman,25.00,2,8,-0.50
7,Davis Love III,25.00,2,8,E
7,Patrick Reed,25.00,2,8,-1.00
7,Jimmy Walker,25.00,2,8,-1.00
14,Matt Every,12.50,1,8,E
14,Fabián Gómez,12.50,1,8,-1.00
14,James Hahn,12.50,1,8,+1.00
14,Kevin Kisner,12.50,1,8,E
14,David Lingmerth,12.50,1,8,-1.00
14,Peter Malnati,12.50,1,8,-1.00
14,Brandt Snedeker,12.50,1,8,-1.00
14,Jordan Spieth,12.50,1,8,-1.00
22,Alex Cejka,.00,0,8,E
22,Emiliano Grillo,.00,0,8,E
22,Bill Haas,.00,0,8,E
22,Padraig Harrington,.00,0,8,E
22,J.J. Henry,.00,0,8,E
22,Zach Johnson,.00,0,8,E
22,Chris Kirk,.00,0,8,E
22,Russell Knox,.00,0,8,E
22,Danny Lee,.00,0,8,E
22,Graeme McDowell,.00,0,8,E
22,Troy Merritt,.00,0,8,E
