rank,player,Avg,Total Dist after Tee Shot,Total Tee Shots
1,Bubba Watson,130.5,"281,781.000",60
2,Dustin Johnson,133.2,"287,733.000",60
3,J.B. Holmes,142.2,"302,132.000",59
4,Jason Day,147.4,"313,061.000",59
5,Brooks Koepka,148.4,"315,216.000",59
6,Justin Thomas,148.9,"316,284.000",59
7,Smylie Kaufman,149.1,"311,259.000",58
8,Patrick Reed,151.6,"327,357.000",60
9,Rickie Fowler,153.4,"331,381.000",60
10,Jimmy Walker,154.6,"328,448.000",59
11,Scott Piercy,155.5,"330,365.000",59
12,Emiliano Grillo,157.5,"334,598.000",59
13,Steven Bowditch,158.0,"335,486.000",59
13,Jordan Spieth,158.0,"341,298.000",60
15,Kevin Kisner,158.1,"335,867.000",59
16,David Lingmerth,159.1,"343,631.000",60
17,Brandt Snedeker,159.3,"344,067.000",60
18,Danny Lee,161.2,"348,187.000",60
19,Troy Merritt,161.4,"342,734.000",59
20,Bill Haas,161.5,"348,735.000",60
21,Padraig Harrington,162.8,"351,698.000",60
22,Chris Kirk,163.6,"347,489.000",59
23,Fabián Gómez,164.3,"354,842.000",60
24,Peter Malnati,164.7,"355,855.000",60
25,Davis Love III,164.9,"350,181.000",59
26,Matt Every,165.2,"356,744.000",60
27,Graeme McDowell,166.3,"353,119.000",59
28,Russell Knox,167.2,"349,163.000",58
29,Zach Johnson,167.4,"361,532.000",60
30,Alex Cejka,168.7,"352,232.000",58
31,James Hahn,171.7,"352,239.000",57
32,J.J. Henry,171.9,"371,202.000",60
