rank,player,Avg (Yards),Total Distance (inches),Number of Approach Shots
1,Brooks Koepka,143.6,"217,117,000",42
2,Zach Johnson,145.0,"203,608,000",39
3,Russell Knox,145.3,"272,001,000",52
4,Steven Bowditch,151.9,"224,211,000",41
5,Dustin Johnson,152.8,"236,565,000",43
6,Jason Day,156.5,"231,061,000",41
7,Davis Love III,156.6,"219,935,000",39
8,Bill Haas,157.0,"282,683,000",50
9,Jordan Spieth,157.9,"227,320,000",40
10,James Hahn,159.8,"276,121,000",48
11,Peter Malnati,160.7,"248,749,000",43
12,Alex Cejka,161.5,"290,701,000",50
12,J.J. Henry,161.5,"308,169,000",53
14,Brandt Snedeker,162.1,"262,628,000",45
15,Justin Thomas,162.2,"239,357,000",41
16,Chris Kirk,165.3,"291,550,000",49
17,Emiliano Grillo,165.7,"256,428,000",43
18,Rickie Fowler,165.9,"268,743,000",45
19,David Lingmerth,166.8,"270,174,000",45
20,Danny Lee,167.2,"252,835,000",42
21,Smylie Kaufman,168.3,"242,411,000",40
22,Padraig Harrington,168.6,"279,172,000",46
23,Kevin Kisner,168.9,"243,166,000",40
24,Fabián Gómez,170.8,"295,107,000",48
25,Graeme McDowell,171.2,"308,190,000",50
26,Patrick Reed,172.1,"303,647,000",49
27,Matt Every,172.4,"273,040,000",44
28,Scott Piercy,172.6,"267,129,000",43
29,Jimmy Walker,178.7,"250,882,000",39
30,Bubba Watson,179.9,"265,562,000",41
31,Troy Merritt,180.2,"278,878,000",43
32,J.B. Holmes,180.9,"286,507,000",44
