rank,player,Avg,Total Dist of Appr Shot,Total Holes
1,Zach Johnson,149.1,"386,345.000",72
2,James Hahn,155.5,"403,060.000",72
3,Bill Haas,160.4,"415,761.000",72
4,Kevin Kisner,162.2,"402,934.000",69
5,Peter Malnati,162.3,"420,788.000",72
6,Russell Knox,162.6,"421,350.000",72
7,J.J. Henry,163.2,"417,020.000",71
8,Alex Cejka,163.9,"424,895.000",72
9,Steven Bowditch,167.0,"432,882.000",72
9,Dustin Johnson,167.0,"432,735.000",72
11,David Lingmerth,168.3,"436,131.000",72
12,Brooks Koepka,168.6,"436,925.000",72
13,Matt Every,170.1,"422,626.000",69
14,Graeme McDowell,171.0,"437,176.000",71
15,Davis Love III,171.2,"437,631.000",71
16,Troy Merritt,174.1,"451,392.000",72
17,Smylie Kaufman,174.4,"452,153.000",72
18,Patrick Reed,174.5,"452,252.000",72
18,Jordan Spieth,174.5,"452,177.000",72
20,Brandt Snedeker,176.2,"456,778.000",72
21,Chris Kirk,176.8,"458,383.000",72
22,Jason Day,178.0,"454,948.000",71
22,Bubba Watson,178.0,"461,418.000",72
24,Danny Lee,178.4,"456,014.000",71
25,Fabián Gómez,179.5,"465,179.000",72
26,J.B. Holmes,179.6,"459,006.000",71
27,Emiliano Grillo,179.8,"466,002.000",72
28,Jimmy Walker,180.0,"466,504.000",72
29,Rickie Fowler,180.8,"468,564.000",72
30,Scott Piercy,181.1,"469,372.000",72
31,Justin Thomas,182.6,"473,274.000",72
32,Padraig Harrington,183.8,"476,339.000",72
