rank,player,Avg (Yards),Total Distance (inches),Number of Approach Shots
1,James Hahn,121.8,"52,609,000",12
2,Zach Johnson,128.0,"50,682,000",11
3,David Lingmerth,132.9,"33,483,000",7
4,Brooks Koepka,133.8,"24,089,000",5
5,Troy Merritt,138.2,"44,771,000",9
6,Patrick Reed,148.9,"5,362,000",1
7,Matt Every,149.3,"32,246,000",6
8,J.J. Henry,153.9,"55,419,000",10
9,Alex Cejka,154.5,"27,811,000",5
10,Jimmy Walker,159.7,"51,728,000",9
11,Smylie Kaufman,160.3,"46,175,000",8
12,J.B. Holmes,160.7,"40,494,000",7
13,Graeme McDowell,161.0,"40,578,000",7
14,Kevin Kisner,162.2,"29,198,000",5
15,Davis Love III,165.5,"77,467,000",13
16,Dustin Johnson,169.1,"42,611,000",7
17,Steven Bowditch,171.2,"49,306,000",8
18,Bill Haas,175.0,"31,500,000",5
19,Bubba Watson,179.1,"51,595,000",8
20,Jordan Spieth,180.5,"12,996,000",2
21,Peter Malnati,181.3,"39,153,000",6
22,Danny Lee,189.9,"47,847,000",7
23,Russell Knox,195.9,"35,261,000",5
24,Jason Day,196.6,"49,555,000",7
25,Emiliano Grillo,198.5,"57,166,000",8
26,Rickie Fowler,200.5,"28,865,000",4
27,Fabián Gómez,203.1,"21,934,000",3
28,Scott Piercy,211.5,"68,532,000",9
29,Brandt Snedeker,215.5,"23,270,000",3
30,Justin Thomas,217.2,"78,183,000",10
31,Chris Kirk,219.4,"47,387,000",6
32,Padraig Harrington,230.7,"41,527,000",5
