rank,player,%,Total Drives for 320+,Total Drives - Overall,Relative to Par
1,Dustin Johnson,43.33,26,60,-0.346
2,Ángel Cabrera,36.67,22,60,-0.318
2,Martin Laird,36.67,22,60,-0.182
2,Rory Sabbatini,36.67,22,60,-0.500
5,Stewart Cink,33.33,20,60,-0.350
5,Nick Watney,33.33,20,60,-0.250
7,Lucas Glover,31.67,19,60,-0.211
7,John Rollins,31.67,19,60,E
9,Retief Goosen,30.00,18,60,-0.278
9,Troy Matteson,30.00,18,60,-0.111
9,Geoff Ogilvy,30.00,18,60,-0.333
9,Bo Van Pelt,30.00,18,60,E
13,Sean O'Hair,28.33,17,60,-0.294
13,Pat Perez,28.33,17,60,-0.176
13,Y.E. Yang,28.33,17,60,-0.235
16,Stephen Ames,26.67,16,60,-0.063
16,Ryan Moore,26.67,16,60,-0.250
18,Matt Kuchar,25.00,15,60,-0.267
18,Kenny Perry,25.00,15,60,-0.400
20,Zach Johnson,23.33,14,60,-0.143
21,Paul Casey,21.67,13,60,-0.385
21,Jerry Kelly,21.67,13,60,+0.077
21,Steve Stricker,21.67,13,60,-0.231
24,Michael Bradley,20.00,12,60,E
25,Brian Gay,16.67,10,60,-0.200
25,Heath Slocum,16.67,10,60,-0.100
25,Mark Wilson,16.67,10,60,-0.300
28,Nathan Green,13.33,8,60,-0.250
