rank,player,%,Total Drives for <= 240,Total Drvs - overall,Relative to par
1,Michael Bradley,25.00,2,8,E
1,Paul Casey,25.00,2,8,-0.50
1,Brian Gay,25.00,2,8,+1.00
1,Heath Slocum,25.00,2,8,-0.50
5,Nathan Green,12.50,1,8,E
5,Zach Johnson,12.50,1,8,E
5,Jerry Kelly,12.50,1,8,+1.00
5,Troy Matteson,12.50,1,8,E
5,Nick Watney,12.50,1,8,E
10,Stephen Ames,.00,0,8,E
10,Ángel Cabrera,.00,0,8,E
10,Stewart Cink,.00,0,8,E
10,Lucas Glover,.00,0,8,E
10,Retief Goosen,.00,0,8,E
10,Dustin Johnson,.00,0,8,E
10,Matt Kuchar,.00,0,8,E
10,Martin Laird,.00,0,8,E
10,Ryan Moore,.00,0,8,E
10,Sean O'Hair,.00,0,8,E
10,Geoff Ogilvy,.00,0,8,E
10,Pat Perez,.00,0,8,E
10,Kenny Perry,.00,0,8,E
10,John Rollins,.00,0,8,E
10,Rory Sabbatini,.00,0,8,E
10,Steve Stricker,.00,0,8,E
10,Bo Van Pelt,.00,0,8,E
10,Mark Wilson,.00,0,8,E
10,Y.E. Yang,.00,0,8,E
