rank,player,%,Total Drives for 280-300,Total Drvs - overall,Relative to par
1,Matt Kuchar,62.50,5,8,-0.40
2,Ángel Cabrera,50.00,4,8,-0.50
2,Stewart Cink,50.00,4,8,-0.50
2,Zach Johnson,50.00,4,8,-0.75
2,Ryan Moore,50.00,4,8,-0.75
2,Kenny Perry,50.00,4,8,-0.25
2,John Rollins,50.00,4,8,-1.00
8,Michael Bradley,37.50,3,8,-0.33
8,Lucas Glover,37.50,3,8,E
8,Nathan Green,37.50,3,8,-0.67
8,Jerry Kelly,37.50,3,8,-0.67
8,Martin Laird,37.50,3,8,-0.33
8,Geoff Ogilvy,37.50,3,8,-0.67
8,Pat Perez,37.50,3,8,E
8,Steve Stricker,37.50,3,8,-1.00
8,Mark Wilson,37.50,3,8,-0.33
17,Stephen Ames,25.00,2,8,-1.00
17,Paul Casey,25.00,2,8,-1.00
17,Brian Gay,25.00,2,8,-1.00
17,Retief Goosen,25.00,2,8,E
17,Dustin Johnson,25.00,2,8,+0.50
17,Troy Matteson,25.00,2,8,-0.50
17,Rory Sabbatini,25.00,2,8,-0.50
17,Bo Van Pelt,25.00,2,8,-0.50
17,Y.E. Yang,25.00,2,8,-0.50
26,Sean O'Hair,12.50,1,8,-1.00
26,Heath Slocum,12.50,1,8,-1.00
26,Nick Watney,12.50,1,8,-1.00
