rank,player,%,Total Drives for 240-260,Total Drvs - overall,Relative to par
1,Stephen Ames,37.50,3,8,E
1,Michael Bradley,37.50,3,8,-0.33
1,Retief Goosen,37.50,3,8,E
1,Geoff Ogilvy,37.50,3,8,-0.33
1,Nick Watney,37.50,3,8,-0.33
6,Paul Casey,25.00,2,8,-0.50
6,Nathan Green,25.00,2,8,E
6,Ryan Moore,25.00,2,8,E
6,Kenny Perry,25.00,2,8,+0.50
6,Rory Sabbatini,25.00,2,8,-0.50
6,Steve Stricker,25.00,2,8,+0.50
6,Mark Wilson,25.00,2,8,E
13,Stewart Cink,12.50,1,8,E
13,Zach Johnson,12.50,1,8,-1.00
13,Jerry Kelly,12.50,1,8,E
13,Matt Kuchar,12.50,1,8,E
13,Troy Matteson,12.50,1,8,E
13,Sean O'Hair,12.50,1,8,E
13,Pat Perez,12.50,1,8,E
13,Y.E. Yang,12.50,1,8,E
21,Ángel Cabrera,.00,0,8,E
21,Brian Gay,.00,0,8,E
21,Lucas Glover,.00,0,8,E
21,Dustin Johnson,.00,0,8,E
21,Martin Laird,.00,0,8,E
21,John Rollins,.00,0,8,E
21,Heath Slocum,.00,0,8,E
21,Bo Van Pelt,.00,0,8,E
