rank,player,%,Total Drives for 260-280,Total Drvs - overall,Relative to par
1,Bo Van Pelt,75.00,6,8,+0.33
2,Heath Slocum,62.50,5,8,-0.40
3,Brian Gay,37.50,3,8,E
3,Lucas Glover,37.50,3,8,E
3,Jerry Kelly,37.50,3,8,-0.33
3,Pat Perez,37.50,3,8,-0.67
3,John Rollins,37.50,3,8,E
3,Steve Stricker,37.50,3,8,-0.33
3,Mark Wilson,37.50,3,8,-0.33
10,Stephen Ames,25.00,2,8,E
10,Ángel Cabrera,25.00,2,8,E
10,Stewart Cink,25.00,2,8,-1.00
10,Retief Goosen,25.00,2,8,-0.50
10,Nathan Green,25.00,2,8,E
10,Zach Johnson,25.00,2,8,-0.50
10,Matt Kuchar,25.00,2,8,E
10,Troy Matteson,25.00,2,8,E
10,Sean O'Hair,25.00,2,8,-0.50
19,Dustin Johnson,12.50,1,8,-1.00
19,Martin Laird,12.50,1,8,E
19,Geoff Ogilvy,12.50,1,8,E
19,Kenny Perry,12.50,1,8,-1.00
19,Rory Sabbatini,12.50,1,8,+1.00
19,Y.E. Yang,12.50,1,8,-1.00
25,Michael Bradley,.00,0,8,E
25,Paul Casey,.00,0,8,E
25,Ryan Moore,.00,0,8,E
25,Nick Watney,.00,0,8,E
