rank,player,%,Total Drives for 300+,Total Drvs - overall,Relative to par
1,Dustin Johnson,62.50,5,8,-0.40
2,Martin Laird,50.00,4,8,-0.75
2,Sean O'Hair,50.00,4,8,-0.50
2,Y.E. Yang,50.00,4,8,-0.50
5,Rory Sabbatini,37.50,3,8,-0.67
5,Nick Watney,37.50,3,8,-0.33
7,Ángel Cabrera,25.00,2,8,-1.00
7,Paul Casey,25.00,2,8,-0.50
7,Lucas Glover,25.00,2,8,-0.50
7,Troy Matteson,25.00,2,8,-1.00
7,Ryan Moore,25.00,2,8,-0.50
12,Stephen Ames,12.50,1,8,-1.00
12,Stewart Cink,12.50,1,8,-1.00
12,Brian Gay,12.50,1,8,E
12,Retief Goosen,12.50,1,8,E
12,Geoff Ogilvy,12.50,1,8,-1.00
12,Pat Perez,12.50,1,8,E
12,Kenny Perry,12.50,1,8,E
12,John Rollins,12.50,1,8,E
20,Michael Bradley,.00,0,8,E
20,Nathan Green,.00,0,8,E
20,Zach Johnson,.00,0,8,E
20,Jerry Kelly,.00,0,8,E
20,Matt Kuchar,.00,0,8,E
20,Heath Slocum,.00,0,8,E
20,Steve Stricker,.00,0,8,E
20,Bo Van Pelt,.00,0,8,E
20,Mark Wilson,.00,0,8,E
