rank,player,%,Total Drives for 300-320,Total Drives - Overall,Relative to Par
1,Paul Casey,18.33,11,60,-0.273
1,Dustin Johnson,18.33,11,60,+0.091
3,Martin Laird,15.00,9,60,-0.222
3,Sean O'Hair,15.00,9,60,-0.222
5,Lucas Glover,13.33,8,60,+0.125
5,Y.E. Yang,13.33,8,60,-0.250
7,Ángel Cabrera,11.67,7,60,-0.286
7,Nick Watney,11.67,7,60,E
9,Retief Goosen,10.00,6,60,-0.167
9,Jerry Kelly,10.00,6,60,+0.333
9,Matt Kuchar,10.00,6,60,-0.167
9,Troy Matteson,10.00,6,60,-0.333
9,Ryan Moore,10.00,6,60,-0.167
9,John Rollins,10.00,6,60,-0.333
15,Nathan Green,8.33,5,60,+0.400
15,Rory Sabbatini,8.33,5,60,-0.200
15,Heath Slocum,8.33,5,60,-0.600
18,Stephen Ames,6.67,4,60,-0.250
18,Stewart Cink,6.67,4,60,-0.500
18,Pat Perez,6.67,4,60,E
18,Kenny Perry,6.67,4,60,+0.500
18,Steve Stricker,6.67,4,60,-0.250
23,Michael Bradley,5.00,3,60,E
23,Brian Gay,5.00,3,60,E
23,Geoff Ogilvy,5.00,3,60,-0.333
23,Bo Van Pelt,5.00,3,60,-0.333
23,Mark Wilson,5.00,3,60,+0.667
28,Zach Johnson,3.33,2,60,E
