rank,player,All Drives,Total Distance,# of Drives
1,Dustin Johnson,315.5,"18,929",60
2,Martin Laird,309.4,"18,564",60
3,Ángel Cabrera,306.9,"18,412",60
3,Lucas Glover,306.9,"18,417",60
5,Nick Watney,304.5,"18,270",60
6,Sean O'Hair,302.9,"18,176",60
7,John Rollins,302.5,"18,148",60
8,Troy Matteson,301.2,"18,069",60
9,Y.E. Yang,300.9,"18,056",60
10,Rory Sabbatini,300.1,"18,006",60
11,Stewart Cink,295.5,"17,730",60
12,Matt Kuchar,295.0,"17,698",60
13,Stephen Ames,294.9,"17,691",60
14,Pat Perez,293.4,"17,602",60
15,Retief Goosen,292.4,"17,546",60
16,Bo Van Pelt,290.7,"17,441",60
17,Geoff Ogilvy,289.6,"17,379",60
18,Paul Casey,288.8,"17,326",60
19,Kenny Perry,287.7,"17,259",60
20,Ryan Moore,287.1,"17,223",60
21,Zach Johnson,285.9,"17,152",60
22,Mark Wilson,283.8,"17,028",60
23,Steve Stricker,282.6,"16,958",60
24,Jerry Kelly,282.5,"16,949",60
25,Heath Slocum,281.5,"16,887",60
26,Nathan Green,277.9,"16,673",60
27,Brian Gay,273.4,"16,407",60
28,Michael Bradley,270.7,"16,241",60
