rank,player,Avg,Total Distance,Total Drives
1,Dustin Johnson,310.9,"2,487",8
2,Martin Laird,298.0,"2,384",8
3,Y.E. Yang,292.9,"2,343",8
4,Ángel Cabrera,290.8,"2,326",8
5,Lucas Glover,290.5,"2,324",8
5,Sean O'Hair,290.5,"2,324",8
7,Rory Sabbatini,285.3,"2,282",8
8,John Rollins,285.0,"2,280",8
9,Stewart Cink,282.8,"2,262",8
10,Troy Matteson,280.5,"2,244",8
11,Ryan Moore,280.3,"2,242",8
12,Pat Perez,279.4,"2,235",8
13,Matt Kuchar,278.5,"2,228",8
14,Kenny Perry,278.4,"2,227",8
15,Steve Stricker,276.1,"2,209",8
16,Nick Watney,276.0,"2,208",8
17,Bo Van Pelt,275.8,"2,206",8
18,Retief Goosen,274.5,"2,196",8
19,Geoff Ogilvy,274.0,"2,192",8
20,Mark Wilson,273.5,"2,188",8
21,Stephen Ames,273.3,"2,186",8
22,Zach Johnson,273.0,"2,184",8
23,Jerry Kelly,271.8,"2,174",8
24,Paul Casey,270.6,"2,165",8
25,Brian Gay,267.5,"2,140",8
26,Nathan Green,266.8,"2,134",8
27,Heath Slocum,264.0,"2,112",8
28,Michael Bradley,253.6,"2,029",8
