rank,player,%,Total Drives for 280-300,Total Drives - Overall,Relative to Par
1,Nathan Green,26.67,16,60,-0.063
1,Mark Wilson,26.67,16,60,-0.063
3,Sean O'Hair,25.00,15,60,-0.333
4,Lucas Glover,23.33,14,60,-0.429
4,Matt Kuchar,23.33,14,60,-0.357
4,Pat Perez,23.33,14,60,-0.214
7,Zach Johnson,21.67,13,60,-0.308
7,John Rollins,21.67,13,60,-0.462
7,Nick Watney,21.67,13,60,-0.154
10,Stephen Ames,20.00,12,60,-0.333
10,Stewart Cink,20.00,12,60,-0.250
10,Martin Laird,20.00,12,60,-0.417
10,Troy Matteson,20.00,12,60,-0.167
10,Heath Slocum,20.00,12,60,+0.250
10,Y.E. Yang,20.00,12,60,E
16,Paul Casey,18.33,11,60,-0.182
16,Retief Goosen,18.33,11,60,-0.182
16,Jerry Kelly,18.33,11,60,-0.364
16,Ryan Moore,18.33,11,60,-0.364
16,Kenny Perry,18.33,11,60,-0.273
16,Rory Sabbatini,18.33,11,60,-0.636
22,Brian Gay,16.67,10,60,-0.400
22,Dustin Johnson,16.67,10,60,-0.200
22,Steve Stricker,16.67,10,60,-0.400
25,Michael Bradley,15.00,9,60,-0.222
25,Ángel Cabrera,15.00,9,60,-0.444
25,Geoff Ogilvy,15.00,9,60,-0.111
28,Bo Van Pelt,13.33,8,60,+0.375
