rank,player,%,Total Drives for 260-280,Total Drives - Overall,Relative to Par
1,John Rollins,33.33,20,60,-0.400
2,Troy Matteson,26.67,16,60,-0.250
3,Matt Kuchar,25.00,15,60,-0.400
3,Heath Slocum,25.00,15,60,E
3,Bo Van Pelt,25.00,15,60,-0.067
3,Mark Wilson,25.00,15,60,-0.133
7,Stephen Ames,21.67,13,60,-0.308
7,Lucas Glover,21.67,13,60,-0.308
7,Pat Perez,21.67,13,60,-0.538
7,Y.E. Yang,21.67,13,60,-0.308
11,Kenny Perry,20.00,12,60,-0.333
12,Michael Bradley,18.33,11,60,-0.455
12,Ángel Cabrera,18.33,11,60,E
12,Stewart Cink,18.33,11,60,-0.273
12,Brian Gay,18.33,11,60,-0.091
12,Zach Johnson,18.33,11,60,-0.091
12,Jerry Kelly,18.33,11,60,-0.455
12,Martin Laird,18.33,11,60,-0.455
12,Sean O'Hair,18.33,11,60,-0.364
12,Steve Stricker,18.33,11,60,-0.182
21,Retief Goosen,15.00,9,60,-0.222
21,Nathan Green,15.00,9,60,-0.111
21,Dustin Johnson,15.00,9,60,-0.778
21,Ryan Moore,15.00,9,60,-0.222
21,Geoff Ogilvy,15.00,9,60,-0.444
21,Rory Sabbatini,15.00,9,60,-0.333
21,Nick Watney,15.00,9,60,-0.333
28,Paul Casey,8.33,5,60,-1.000
