rank,player,Distance,Tournament,Round,Hole,Course
1,Steve Stricker,424,SBS Championshi,2,7,656
2,Dustin Johnson,414,SBS Championshi,3,7,656
3,Paul Casey,410,SBS Championshi,4,17,656
4,Lucas Glover,406,SBS Championshi,3,18,656
4,Nick Watney,406,SBS Championshi,1,17,656
6,Ángel Cabrera,405,SBS Championshi,2,12,656
8,Stephen Ames,399,SBS Championshi,3,7,656
8,Troy Matteson,399,SBS Championshi,4,6,656
8,Bo Van Pelt,399,SBS Championshi,3,7,656
13,Geoff Ogilvy,398,SBS Championshi,3,7,656
15,Sean O'Hair,397,SBS Championshi,3,7,656
17,John Rollins,396,SBS Championshi,2,17,656
19,Retief Goosen,395,SBS Championshi,3,7,656
19,Zach Johnson,395,SBS Championshi,2,17,656
19,Kenny Perry,395,SBS Championshi,3,7,656
19,Rory Sabbatini,395,SBS Championshi,3,18,656
28,Ryan Moore,393,SBS Championshi,2,7,656
28,Pat Perez,393,SBS Championshi,2,12,656
28,Y.E. Yang,393,SBS Championshi,4,7,656
40,Martin Laird,391,SBS Championshi,3,18,656
50,Stewart Cink,387,SBS Championshi,3,18,656
50,Mark Wilson,387,SBS Championshi,1,7,656
60,Matt Kuchar,383,SBS Championshi,2,7,656
74,Michael Bradley,379,SBS Championshi,1,18,656
78,Heath Slocum,378,SBS Championshi,2,12,656
95,Jerry Kelly,375,SBS Championshi,4,18,656
105,Brian Gay,373,SBS Championshi,1,7,656
132,Nathan Green,368,SBS Championshi,2,1,656
