rank,player,%,Total Drives for 240-260,Total Drives - Overall,Relative to Par
1,Brian Gay,26.67,16,60,-0.250
2,Mark Wilson,23.33,14,60,E
3,Nathan Green,21.67,13,60,-0.154
3,Zach Johnson,21.67,13,60,-0.462
5,Stephen Ames,20.00,12,60,-0.250
5,Geoff Ogilvy,20.00,12,60,-0.250
5,Heath Slocum,20.00,12,60,-0.167
8,Steve Stricker,18.33,11,60,E
9,Michael Bradley,16.67,10,60,+0.300
9,Jerry Kelly,16.67,10,60,-0.200
11,Retief Goosen,15.00,9,60,-0.333
11,Y.E. Yang,15.00,9,60,-0.333
13,Matt Kuchar,13.33,8,60,-0.375
13,Ryan Moore,13.33,8,60,-0.250
13,Kenny Perry,13.33,8,60,E
13,Rory Sabbatini,13.33,8,60,-0.125
17,Ángel Cabrera,11.67,7,60,-0.143
17,Bo Van Pelt,11.67,7,60,-0.571
17,Nick Watney,11.67,7,60,-0.429
20,Stewart Cink,10.00,6,60,-0.167
20,Troy Matteson,10.00,6,60,+0.333
22,Paul Casey,8.33,5,60,E
22,Sean O'Hair,8.33,5,60,-0.400
22,Pat Perez,8.33,5,60,-0.400
25,Lucas Glover,6.67,4,60,+0.250
26,Dustin Johnson,5.00,3,60,+1.000
26,Martin Laird,5.00,3,60,-0.333
28,John Rollins,1.67,1,60,E
