rank,player,Avg,Total Distance (feet),# of Attempts,Relative to par
1,Mark Wilson,"21' 2""",232.417,11,-2
2,Nick Watney,"21' 11""",306.250,14,+1
3,Steve Stricker,"25' 6""",229.417,9,-3
4,Harrison Frazar,"32' 9""",425.667,13,-2
5,Webb Simpson,"34' 0""",578.667,17,E
6,Keegan Bradley,"35' 4""",388.417,11,+1
7,Jonathan Byrd,"36' 4""",472.500,13,-1
8,Scott Piercy,"36' 7""",439.083,12,-2
9,Bill Haas,"37' 11""",378.917,10,+2
10,D.A. Points,"38' 0""",494.250,13,E
11,Kevin Na,"38' 5""",537.750,14,-3
12,Ben Crane,"38' 6""",500.500,13,-2
13,Bubba Watson,"39' 1""",351.417,9,+3
14,Martin Laird,"39' 7""",633.250,16,+1
15,K.J. Choi,"43' 0""",731.583,17,+1
16,Gary Woodland,"43' 7""",653.333,15,-1
17,Johnson Wagner,"43' 8""",698.333,16,-6
18,Sean O'Hair,"43' 9""",525.250,12,E
19,Jhonattan Vegas,"44' 1""",617.417,14,E
20,David Toms,"45' 8""",319.583,7,+1
21,Chris Kirk,"46' 3""",324.000,7,-3
22,Aaron Baddeley,"46' 10""",515.250,11,-1
22,Bryce Molder,"46' 10""",515.417,11,-1
24,Rory Sabbatini,"48' 7""",485.500,10,E
25,Michael Bradley,"52' 2""",573.583,11,E
26,Brendan Steele,"56' 7""",622.167,11,+2
27,Scott Stallings,"58' 5""",818.167,14,+1
