rank,player,Avg,Total Distance (feet),# of Attempts,Relative to par
1,Sean O'Hair,"17' 4""",17.333,1,-1
2,Bubba Watson,"32' 0""",32.000,1,+1
3,Jonathan Byrd,"36' 7""",36.583,1,-1
4,D.A. Points,"52' 2""",104.333,2,E
5,Michael Bradley,"55' 3""",55.250,1,E
6,Jhonattan Vegas,"61' 4""",122.667,2,-1
7,Gary Woodland,"75' 3""",75.250,1,E
8,Brendan Steele,"78' 10""",236.583,3,E
9,Scott Stallings,"80' 11""",161.833,2,-1
10,Martin Laird,"85' 6""",170.917,2,E
11,Kevin Na,"87' 9""",175.500,2,E
12,Aaron Baddeley,"88' 1""",176.083,2,-2
13,Johnson Wagner,"105' 10""",105.833,1,E
