rank,player,Avg,Total Distance (feet),# of Attempts,Relative to par
1,Steve Stricker,"12' 7""",50.417,4,-3
2,Kevin Na,"13' 8""",41.000,3,E
3,Bubba Watson,"14' 1""",70.500,5,+1
4,Mark Wilson,"14' 2""",56.500,4,-2
5,Martin Laird,"16' 1""",80.417,5,-1
6,Webb Simpson,"19' 0""",152.083,8,-2
7,Keegan Bradley,"19' 5""",116.333,6,E
8,Brendan Steele,"21' 0""",125.917,6,-2
9,Bryce Molder,"21' 2""",126.833,6,-1
10,David Toms,"22' 1""",176.667,8,+1
11,Aaron Baddeley,"22' 3""",244.833,11,+1
12,D.A. Points,"22' 4""",178.833,8,-2
13,Nick Watney,"22' 7""",180.833,8,+2
14,Scott Stallings,"22' 11""",160.333,7,-2
15,Jonathan Byrd,"23' 5""",93.583,4,E
16,Johnson Wagner,"23' 7""",188.417,8,-4
17,Harrison Frazar,"24' 5""",220.083,9,-1
18,Gary Woodland,"25' 3""",227.083,9,E
19,Ben Crane,"26' 1""",156.333,6,-2
20,Rory Sabbatini,"26' 5""",105.500,4,E
21,Bill Haas,"26' 9""",187.500,7,E
22,Michael Bradley,"28' 6""",256.500,9,E
23,Sean O'Hair,"29' 8""",177.750,6,E
24,K.J. Choi,"31' 10""",318.000,10,E
24,Jhonattan Vegas,"31' 10""",222.583,7,+2
26,Scott Piercy,"32' 11""",263.083,8,-2
27,Chris Kirk,"37' 8""",75.250,2,E
