rank,player,Avg,Total Distance (feet),# of Attempts,Relative to par
1,Webb Simpson,"15' 5""",61.750,4,E
2,Ben Crane,"15' 9""",47.333,3,-1
3,Jhonattan Vegas,"19' 5""",77.667,4,E
4,D.A. Points,"21' 5""",64.333,3,-1
5,K.J. Choi,"22' 0""",22.000,1,-1
6,Nick Watney,"22' 1""",110.583,5,+2
7,Harrison Frazar,"22' 4""",133.917,6,-1
7,David Toms,"22' 4""",44.667,2,E
9,Sean O'Hair,"22' 9""",68.167,3,E
10,Johnson Wagner,"22' 10""",45.667,2,-1
11,Chris Kirk,"23' 4""",46.667,2,E
12,Mark Wilson,"26' 3""",104.917,4,E
13,Scott Piercy,"26' 10""",26.833,1,E
14,Steve Stricker,"27' 3""",109.000,4,-1
15,Martin Laird,"29' 6""",147.667,5,+3
16,Keegan Bradley,"29' 9""",118.917,4,E
17,Jonathan Byrd,"32' 6""",130.000,4,E
18,Scott Stallings,"33' 5""",133.583,4,+1
19,Kevin Na,"34' 2""",273.333,8,-1
20,Gary Woodland,"36' 2""",144.750,4,+1
21,Brendan Steele,"39' 4""",78.583,2,E
22,Bill Haas,"44' 8""",178.583,4,+2
23,Rory Sabbatini,"47' 1""",188.250,4,E
23,Bubba Watson,"47' 1""",141.167,3,E
25,Aaron Baddeley,"55' 2""",165.500,3,E
26,Michael Bradley,"56' 3""",224.833,4,E
27,Bryce Molder,"92' 0""",92.000,1,E
