rank,player,Avg,Total Distance (feet),# of Attempts,Relative to par
1,Mark Wilson,"6' 0""",6.000,1,E
2,Bill Haas,"8' 1""",16.167,2,E
3,K.J. Choi,"9' 0""",27.083,3,-2
4,Bubba Watson,"10' 0""",20.000,2,E
5,Scott Stallings,"12' 0""",48.000,4,-2
6,Jhonattan Vegas,"12' 7""",25.167,2,E
7,Aaron Baddeley,"12' 10""",51.167,4,E
8,Steve Stricker,"14' 6""",28.917,2,-1
9,Brendan Steele,"15' 5""",46.333,3,-1
10,Keegan Bradley,"15' 10""",47.583,3,-1
11,Kevin Na,"16' 1""",16.083,1,E
12,Nick Watney,"17' 10""",17.833,1,+2
13,D.A. Points,"18' 7""",55.750,3,-1
14,Michael Bradley,"19' 2""",76.750,4,E
15,Webb Simpson,"19' 5""",19.417,1,E
16,Bryce Molder,"19' 10""",39.583,2,E
17,Harrison Frazar,"20' 4""",40.583,2,E
18,David Toms,"31' 1""",124.417,4,+2
19,Sean O'Hair,"32' 6""",162.667,5,E
20,Gary Woodland,"36' 9""",36.750,1,+1
21,Chris Kirk,"36' 11""",36.917,1,E
22,Ben Crane,"53' 6""",53.500,1,E
23,Scott Piercy,"63' 7""",127.167,2,E
