rank,player,Avg,Total Distance (feet),# of Attempts,Relative to par
1,Brendan Steele,"3' 4""",3.333,1,-1
2,Bryce Molder,"5' 10""",5.833,1,-1
3,Ben Crane,"5' 11""",5.917,1,-1
4,D.A. Points,"6' 1""",6.083,1,E
5,Bubba Watson,"6' 4""",6.333,1,E
6,Steve Stricker,"7' 4""",7.333,1,-1
7,Kevin Na,"9' 3""",9.250,1,E
8,Michael Bradley,"9' 8""",19.333,2,-1
9,David Toms,"10' 2""",30.417,3,-1
10,Jonathan Byrd,"11' 8""",11.667,1,E
11,Webb Simpson,"13' 2""",52.583,4,-2
12,Jhonattan Vegas,"15' 6""",15.500,1,E
13,Gary Woodland,"17' 3""",51.667,3,-1
14,Scott Stallings,"20' 1""",20.083,1,E
15,Aaron Baddeley,"21' 9""",65.167,3,E
16,Harrison Frazar,"23' 4""",93.250,4,-1
17,Rory Sabbatini,"23' 6""",23.500,1,-1
18,Scott Piercy,"27' 2""",81.500,3,E
19,Johnson Wagner,"27' 4""",109.167,4,-2
20,Nick Watney,"28' 9""",28.750,1,E
21,Martin Laird,"32' 5""",32.417,1,E
