rank,player,Avg,Total Distance (feet),# of Attempts,Relative to par
1,Chris Kirk,"13' 0""",26.000,2,-1
2,Nick Watney,"16' 6""",16.500,1,E
3,Michael Bradley,"16' 7""",33.083,2,E
4,Mark Wilson,"19' 3""",77.000,4,E
5,Scott Piercy,"23' 4""",93.333,4,+1
6,Bryce Molder,"23' 5""",93.750,4,-1
7,Kevin Na,"25' 5""",25.417,1,E
8,David Toms,"27' 2""",54.250,2,E
9,Bill Haas,"29' 0""",29.000,1,E
10,K.J. Choi,"30' 1""",180.250,6,+2
11,D.A. Points,"30' 2""",90.583,3,+2
12,Webb Simpson,"30' 10""",123.167,4,+1
13,Steve Stricker,"31' 0""",93.000,3,E
14,Brendan Steele,"33' 4""",33.333,1,+1
15,Johnson Wagner,"34' 4""",137.417,4,E
16,Keegan Bradley,"35' 10""",71.667,2,+2
17,Bubba Watson,"36' 4""",72.667,2,+1
18,Rory Sabbatini,"38' 1""",38.083,1,+1
19,Ben Crane,"38' 6""",115.417,3,+2
20,Gary Woodland,"40' 4""",40.333,1,-1
21,Aaron Baddeley,"41' 11""",41.917,1,+1
22,Scott Stallings,"43' 1""",129.167,3,E
23,Martin Laird,"44' 10""",89.583,2,E
24,Jonathan Byrd,"49' 9""",99.500,2,E
24,Sean O'Hair,"49' 9""",248.750,5,+2
26,Harrison Frazar,"55' 11""",111.833,2,+1
