rank,player,Avg,Total Distance (feet),# of Attempts,Relative to par
1,Gary Woodland,"48' 11""",48.917,1,-1
2,Webb Simpson,"57' 11""",115.750,2,E
3,Bubba Watson,"61' 5""",61.417,1,E
4,Brendan Steele,"77' 2""",77.167,1,E
5,Jhonattan Vegas,"84' 10""",84.833,1,E
6,Martin Laird,"86' 2""",86.167,1,E
7,Scott Stallings,"88' 11""",88.917,1,E
8,Sean O'Hair,"89' 3""",89.250,1,-1
9,Bryce Molder,"91' 6""",182.917,2,E
10,Keegan Bradley,"92' 3""",92.250,1,-1
11,Johnson Wagner,"95' 8""",191.250,2,E
12,Chris Kirk,"98' 5""",98.417,1,-1
13,Rory Sabbatini,"116' 3""",116.250,1,-1
14,David Toms,"124' 3""",124.250,1,+1
15,Scott Piercy,"135' 6""",135.500,1,-1
