rank,player,Avg,Total Distance (feet),# of Attempts,Relative to par
1,Mark Wilson,"6' 0""",6.000,1,E
2,Bill Haas,"8' 1""",16.167,2,E
3,Bubba Watson,"8' 9""",26.333,3,E
4,K.J. Choi,"9' 0""",27.083,3,-2
5,Kevin Na,"12' 8""",25.333,2,E
6,Nick Watney,"12' 10""",51.250,4,E
7,Jhonattan Vegas,"14' 0""",56.083,4,E
8,Webb Simpson,"14' 5""",72.000,5,-2
9,Bryce Molder,"15' 2""",45.417,3,-1
10,D.A. Points,"15' 6""",61.833,4,-1
11,Michael Bradley,"16' 0""",96.083,6,-1
12,Aaron Baddeley,"16' 7""",116.333,7,E
12,Keegan Bradley,"16' 7""",83.000,5,-1
14,Scott Stallings,"16' 11""",101.417,6,-2
15,Rory Sabbatini,"17' 0""",33.917,2,-1
16,Steve Stricker,"19' 5""",96.917,5,-2
17,Jonathan Byrd,"19' 9""",39.500,2,-1
18,Ben Crane,"20' 3""",60.750,3,-2
19,Martin Laird,"20' 11""",41.750,2,-1
20,Brendan Steele,"21' 7""",108.000,5,-2
21,David Toms,"22' 1""",154.833,7,+1
21,Gary Woodland,"22' 1""",88.417,4,E
23,Harrison Frazar,"22' 4""",156.083,7,-1
24,Johnson Wagner,"26' 0""",129.917,5,-2
25,Sean O'Hair,"32' 6""",162.667,5,E
26,Chris Kirk,"36' 11""",36.917,1,E
27,Scott Piercy,"41' 9""",208.667,5,E
