rank,player,Avg,Total Distance (feet),# of Attempts,Relative to par
1,Aaron Baddeley,"3' 3""",3.250,1,-1
2,Steve Stricker,"13' 3""",13.250,1,-1
3,Harrison Frazar,"15' 9""",15.750,1,-1
4,Brendan Steele,"18' 0""",18.000,1,E
5,Webb Simpson,"21' 8""",65.000,3,-1
6,Nick Watney,"22' 6""",44.917,2,-1
7,Jhonattan Vegas,"34' 11""",69.750,2,-1
8,Johnson Wagner,"35' 5""",70.750,2,-2
9,Keegan Bradley,"36' 10""",36.833,1,-1
10,Kevin Na,"37' 8""",37.667,1,E
11,Jonathan Byrd,"41' 6""",124.500,3,E
12,Scott Piercy,"43' 0""",129.000,3,E
13,Martin Laird,"45' 6""",90.917,2,-1
14,Gary Woodland,"50' 1""",100.167,2,-1
15,Ben Crane,"54' 4""",54.333,1,-1
16,Rory Sabbatini,"60' 11""",60.917,1,-1
17,David Toms,"74' 7""",74.583,1,E
18,K.J. Choi,"83' 9""",83.750,1,-1
19,Sean O'Hair,"86' 8""",86.667,1,E
20,Michael Bradley,"100' 0""",100.000,1,-1
21,Scott Stallings,"106' 3""",212.417,2,+1
