rank,player,Avg,Total Distance (feet),# of Attempts,Relative to par
1,Jonathan Byrd,"36' 7""",36.583,1,-1
2,Bubba Watson,"46' 9""",93.417,2,+1
3,Sean O'Hair,"53' 4""",106.583,2,-2
4,Michael Bradley,"55' 3""",55.250,1,E
5,Kevin Na,"61' 11""",185.667,3,-2
6,Jhonattan Vegas,"72' 0""",288.083,4,-1
7,D.A. Points,"74' 1""",222.333,3,E
8,Gary Woodland,"76' 6""",229.417,3,E
9,K.J. Choi,"77' 4""",154.667,2,-1
10,Harrison Frazar,"77' 11""",77.917,1,-1
11,Bryce Molder,"82' 9""",248.250,3,E
12,Webb Simpson,"82' 11""",248.667,3,E
13,Brendan Steele,"83' 2""",416.000,5,+1
14,Scott Stallings,"83' 7""",250.750,3,-1
15,Martin Laird,"85' 8""",257.083,3,E
16,Aaron Baddeley,"88' 1""",176.083,2,-2
17,Johnson Wagner,"91' 4""",365.250,4,-1
18,Keegan Bradley,"92' 3""",92.250,1,-1
19,Ben Crane,"93' 3""",186.500,2,-1
20,Chris Kirk,"106' 6""",213.000,2,-2
21,Rory Sabbatini,"116' 3""",116.250,1,-1
22,David Toms,"124' 3""",124.250,1,+1
23,Scott Piercy,"135' 6""",135.500,1,-1
