rank,player,Avg,Total Distance (feet),# of Attempts,Relative to par
1,Martin Laird,"12' 0""",48.000,4,-1
2,Steve Stricker,"14' 2""",14.167,1,-1
3,Sean O'Hair,"15' 1""",15.083,1,E
4,Kevin Na,"15' 8""",15.667,1,E
5,Mark Wilson,"16' 10""",50.500,3,-2
6,Scott Piercy,"18' 2""",54.417,3,-2
7,Johnson Wagner,"19' 10""",79.250,4,-2
8,David Toms,"21' 10""",21.833,1,E
9,Bubba Watson,"22' 1""",44.167,2,+1
10,Nick Watney,"22' 5""",134.250,6,E
11,Keegan Bradley,"22' 11""",68.750,3,+1
12,Ben Crane,"24' 3""",96.917,4,-1
13,Webb Simpson,"26' 8""",80.083,3,E
14,Bryce Molder,"27' 2""",81.417,3,E
15,Jonathan Byrd,"27' 4""",81.917,3,E
15,Rory Sabbatini,"27' 4""",82.000,3,+1
17,Gary Woodland,"27' 9""",138.667,5,E
18,Harrison Frazar,"28' 9""",86.250,3,E
19,D.A. Points,"29' 3""",117.000,4,-1
20,Aaron Baddeley,"32' 2""",128.500,4,+1
21,Bill Haas,"34' 3""",171.333,5,E
22,Brendan Steele,"38' 2""",76.250,2,E
23,Chris Kirk,"38' 4""",38.333,1,E
24,K.J. Choi,"41' 7""",290.917,7,+2
25,Jhonattan Vegas,"45' 6""",181.917,4,+2
26,Scott Stallings,"46' 2""",92.250,2,E
27,Michael Bradley,"53' 6""",160.417,3,+1
