rank,player,Avg,Total Distance (feet),# of Attempts,Relative to par
1,Ben Crane,"38' 7""",38.583,1,-1
2,Bryce Molder,"65' 4""",65.333,1,E
3,Johnson Wagner,"68' 2""",68.167,1,-1
4,K.J. Choi,"77' 4""",154.667,2,-1
5,Harrison Frazar,"77' 11""",77.917,1,-1
6,Jhonattan Vegas,"80' 7""",80.583,1,E
7,Brendan Steele,"102' 3""",102.250,1,+1
8,Gary Woodland,"105' 3""",105.250,1,+1
9,Chris Kirk,"114' 7""",114.583,1,-1
10,D.A. Points,"118' 0""",118.000,1,E
11,Webb Simpson,"132' 11""",132.917,1,E
