rank,player,Avg,Total Strokes,Total Holes
1,Rory Sabbatini,33.50,134,4
2,Martin Laird,34.00,136,4
2,Sean O'Hair,34.00,136,4
2,Geoff Ogilvy,34.00,136,4
5,Stephen Ames,34.25,137,4
5,Steve Stricker,34.25,137,4
7,Stewart Cink,34.50,138,4
7,Dustin Johnson,34.50,138,4
7,Matt Kuchar,34.50,138,4
10,Paul Casey,34.75,139,4
10,Brian Gay,34.75,139,4
10,Lucas Glover,34.75,139,4
10,Retief Goosen,34.75,139,4
10,Ryan Moore,34.75,139,4
15,Kenny Perry,35.00,140,4
16,Pat Perez,35.25,141,4
16,Nick Watney,35.25,141,4
16,Mark Wilson,35.25,141,4
19,Ángel Cabrera,35.50,142,4
19,John Rollins,35.50,142,4
19,Y.E. Yang,35.50,142,4
22,Zach Johnson,35.75,143,4
22,Troy Matteson,35.75,143,4
24,Jerry Kelly,36.00,144,4
25,Heath Slocum,36.25,145,4
26,Nathan Green,36.50,146,4
27,Michael Bradley,36.75,147,4
28,Bo Van Pelt,37.50,150,4
