rank,player,Avg,Total Strokes,Total Rounds
1,Rory Sabbatini,31.00,31,1
2,Brian Gay,33.00,33,1
2,Retief Goosen,33.00,33,1
2,Steve Stricker,33.00,33,1
5,Paul Casey,34.00,34,1
5,Zach Johnson,34.00,34,1
5,Matt Kuchar,34.00,34,1
5,Ryan Moore,34.00,34,1
5,Geoff Ogilvy,34.00,34,1
5,Y.E. Yang,34.00,34,1
11,Stephen Ames,35.00,35,1
11,Stewart Cink,35.00,35,1
11,Dustin Johnson,35.00,35,1
11,Troy Matteson,35.00,35,1
11,Sean O'Hair,35.00,35,1
11,Pat Perez,35.00,35,1
11,Kenny Perry,35.00,35,1
11,Nick Watney,35.00,35,1
19,Martin Laird,36.00,36,1
19,Heath Slocum,36.00,36,1
21,Michael Bradley,37.00,37,1
21,Ángel Cabrera,37.00,37,1
21,Jerry Kelly,37.00,37,1
21,John Rollins,37.00,37,1
21,Mark Wilson,37.00,37,1
26,Lucas Glover,39.00,39,1
26,Nathan Green,39.00,39,1
28,Bo Van Pelt,40.00,40,1
