rank,player,Avg,Total Strokes,Total Rounds
1,Dustin Johnson,33.00,33,1
1,Martin Laird,33.00,33,1
3,Stephen Ames,34.00,34,1
3,Stewart Cink,34.00,34,1
3,Lucas Glover,34.00,34,1
3,Kenny Perry,34.00,34,1
3,Nick Watney,34.00,34,1
3,Y.E. Yang,34.00,34,1
9,Brian Gay,35.00,35,1
9,Retief Goosen,35.00,35,1
9,Ryan Moore,35.00,35,1
9,Geoff Ogilvy,35.00,35,1
9,Pat Perez,35.00,35,1
9,Rory Sabbatini,35.00,35,1
9,Steve Stricker,35.00,35,1
9,Mark Wilson,35.00,35,1
17,Ángel Cabrera,36.00,36,1
17,Paul Casey,36.00,36,1
17,Zach Johnson,36.00,36,1
17,Matt Kuchar,36.00,36,1
17,Sean O'Hair,36.00,36,1
17,Heath Slocum,36.00,36,1
23,Michael Bradley,37.00,37,1
23,Troy Matteson,37.00,37,1
23,John Rollins,37.00,37,1
26,Jerry Kelly,38.00,38,1
26,Bo Van Pelt,38.00,38,1
28,Nathan Green,39.00,39,1
