rank,player,Avg,Total Strokes,Total Rounds
1,Sean O'Hair,32.00,32,1
1,Geoff Ogilvy,32.00,32,1
1,Rory Sabbatini,32.00,32,1
4,Lucas Glover,33.00,33,1
4,Matt Kuchar,33.00,33,1
4,John Rollins,33.00,33,1
7,Stephen Ames,34.00,34,1
7,Ángel Cabrera,34.00,34,1
7,Paul Casey,34.00,34,1
7,Martin Laird,34.00,34,1
7,Kenny Perry,34.00,34,1
7,Steve Stricker,34.00,34,1
7,Bo Van Pelt,34.00,34,1
14,Nathan Green,35.00,35,1
14,Zach Johnson,35.00,35,1
14,Jerry Kelly,35.00,35,1
14,Mark Wilson,35.00,35,1
18,Michael Bradley,36.00,36,1
18,Stewart Cink,36.00,36,1
18,Brian Gay,36.00,36,1
18,Retief Goosen,36.00,36,1
18,Troy Matteson,36.00,36,1
18,Ryan Moore,36.00,36,1
18,Pat Perez,36.00,36,1
18,Heath Slocum,36.00,36,1
26,Dustin Johnson,37.00,37,1
27,Nick Watney,38.00,38,1
27,Y.E. Yang,38.00,38,1
