rank,player,Avg,Total Strokes,Total Rounds
1,Stewart Cink,33.00,33,1
1,Lucas Glover,33.00,33,1
1,Nathan Green,33.00,33,1
1,Dustin Johnson,33.00,33,1
1,Martin Laird,33.00,33,1
1,Sean O'Hair,33.00,33,1
7,Stephen Ames,34.00,34,1
7,Jerry Kelly,34.00,34,1
7,Ryan Moore,34.00,34,1
7,Nick Watney,34.00,34,1
7,Mark Wilson,34.00,34,1
12,Ángel Cabrera,35.00,35,1
12,Paul Casey,35.00,35,1
12,Brian Gay,35.00,35,1
12,Retief Goosen,35.00,35,1
12,Matt Kuchar,35.00,35,1
12,Troy Matteson,35.00,35,1
12,Geoff Ogilvy,35.00,35,1
12,Pat Perez,35.00,35,1
12,John Rollins,35.00,35,1
12,Steve Stricker,35.00,35,1
22,Rory Sabbatini,36.00,36,1
22,Y.E. Yang,36.00,36,1
24,Michael Bradley,37.00,37,1
24,Kenny Perry,37.00,37,1
24,Heath Slocum,37.00,37,1
27,Zach Johnson,38.00,38,1
27,Bo Van Pelt,38.00,38,1
