rank,player,Avg,Total Distance (feet),# of Attempts,Relative to par
1,Russell Henley,"5' 6""",5.500,1,-1
2,Chris Kirk,"48' 1""",96.083,2,-2
3,Brandt Snedeker,"49' 7""",49.583,1,-1
4,Michael Thompson,"63' 4""",63.333,1,E
5,Dustin Johnson,"65' 4""",130.583,2,-2
6,Sangmoon Bae,"81' 6""",162.917,2,E
7,Webb Simpson,"94' 6""",94.500,1,-1
8,Ryan Moore,"94' 9""",94.750,1,E
9,John Merrick,"100' 2""",100.167,1,E
10,Jordan Spieth,"109' 9""",219.500,2,-1
11,Matt Kuchar,"111' 0""",111.000,1,-1
12,Gary Woodland,"111' 7""",223.167,2,E
13,Adam Scott,"120' 10""",241.667,2,E
14,Jason Dufner,"139' 7""",139.583,1,-1
15,Jimmy Walker,"143' 8""",143.667,1,-1
16,Billy Horschel,"147' 5""",294.833,2,-1
17,Martin Laird,"152' 0""",152.000,1,E
18,Harris English,"158' 0""",474.083,3,-1
19,Brian Gay,"159' 4""",159.333,1,E
20,Derek Ernst,"184' 4""",184.333,1,E
21,Zach Johnson,"197' 11""",197.917,1,E
