rank,player,Avg,Total Distance (feet),# of Attempts,Relative to par
1,Brian Gay,"18' 8""",93.417,5,-3
2,D.A. Points,"23' 6""",117.417,5,E
3,Ken Duke,"23' 8""",142.167,6,E
4,Scott Brown,"25' 11""",103.500,4,-1
5,Sangmoon Bae,"27' 0""",108.000,4,-2
6,Chris Kirk,"28' 2""",140.667,5,E
7,Jonas Blixt,"28' 4""",170.083,6,+1
7,Matt Kuchar,"28' 4""",170.083,6,+1
9,Jordan Spieth,"28' 9""",172.500,6,-2
10,Billy Horschel,"30' 0""",150.083,5,+1
11,Kevin Streelman,"31' 5""",125.583,4,-1
12,Dustin Johnson,"31' 11""",223.583,7,-3
13,Harris English,"32' 5""",194.583,6,-1
14,Derek Ernst,"33' 11""",237.667,7,+3
14,Michael Thompson,"33' 11""",271.500,8,+1
16,Martin Laird,"34' 2""",204.750,6,-4
17,John Merrick,"34' 5""",275.417,8,+3
18,Ryan Moore,"34' 8""",208.167,6,+1
19,Woody Austin,"36' 2""",181.000,5,+1
20,Zach Johnson,"37' 0""",222.167,6,+2
21,Jimmy Walker,"37' 10""",302.667,8,+3
22,Brandt Snedeker,"40' 1""",200.583,5,E
23,Boo Weekley,"42' 3""",253.583,6,+4
24,Gary Woodland,"42' 4""",381.083,9,E
25,Jason Dufner,"43' 8""",261.917,6,+2
26,Patrick Reed,"44' 0""",175.833,4,-1
27,Adam Scott,"45' 10""",366.583,8,-1
28,Bill Haas,"47' 1""",329.667,7,+2
29,Russell Henley,"62' 2""",248.667,4,+2
30,Webb Simpson,"66' 2""",264.583,4,+1
