rank,player,Avg,Total Distance (feet),# of Attempts,Relative to par
1,Jordan Spieth,"20' 1""",200.750,10,-5
2,Adam Scott,"30' 1""",210.750,7,-2
2,Webb Simpson,"30' 1""",300.583,10,E
4,Jason Dufner,"30' 2""",331.417,11,-6
5,Jimmy Walker,"31' 7""",315.917,10,-1
6,Brandt Snedeker,"33' 1""",264.417,8,-2
7,Boo Weekley,"34' 7""",311.583,9,+2
8,Kevin Streelman,"36' 0""",288.000,8,-1
9,D.A. Points,"37' 6""",299.750,8,E
10,Ken Duke,"38' 2""",343.167,9,+1
11,Chris Kirk,"38' 11""",350.000,9,E
12,Jonas Blixt,"39' 9""",358.083,9,-2
13,Harris English,"39' 10""",438.500,11,-1
13,Brian Gay,"39' 10""",318.417,8,E
15,Ryan Moore,"40' 5""",323.000,8,+1
16,Dustin Johnson,"41' 7""",416.000,10,-1
17,Patrick Reed,"41' 11""",502.583,12,-6
18,Michael Thompson,"43' 3""",432.333,10,-1
19,John Merrick,"43' 7""",392.167,9,-2
20,Zach Johnson,"46' 1""",460.750,10,-5
21,Sangmoon Bae,"46' 10""",468.500,10,-1
22,Russell Henley,"47' 1""",423.667,9,+2
23,Gary Woodland,"47' 5""",379.000,8,-1
24,Bill Haas,"47' 10""",430.333,9,-3
25,Scott Brown,"51' 2""",511.583,10,-3
26,Billy Horschel,"51' 8""",465.000,9,-1
27,Matt Kuchar,"53' 4""",693.500,13,E
28,Martin Laird,"58' 3""",640.583,11,+2
29,Derek Ernst,"58' 10""",587.917,10,-1
30,Woody Austin,"68' 1""",476.500,7,+1
