rank,player,Avg,Total Distance (feet),# of Attempts,Relative to par
1,Martin Laird,"10' 2""",71.083,7,-3
2,Billy Horschel,"11' 1""",66.583,6,-3
3,Jason Dufner,"12' 1""",48.250,4,-3
4,Harris English,"12' 5""",111.833,9,-2
5,Jimmy Walker,"13' 1""",65.500,5,-3
6,Dustin Johnson,"13' 5""",40.333,3,-1
7,Russell Henley,"13' 7""",176.583,13,-3
7,Gary Woodland,"13' 7""",67.833,5,-1
9,Adam Scott,"14' 3""",113.667,8,-1
9,Kevin Streelman,"14' 3""",157.167,11,-6
11,Boo Weekley,"16' 0""",144.333,9,-1
12,Sangmoon Bae,"16' 7""",99.417,6,-2
13,Ryan Moore,"16' 11""",135.500,8,-1
14,Patrick Reed,"18' 0""",162.083,9,-3
15,Woody Austin,"18' 3""",200.833,11,-1
16,D.A. Points,"19' 9""",79.083,4,E
17,Bill Haas,"20' 2""",221.583,11,-3
18,Webb Simpson,"20' 9""",62.333,3,-2
19,Jonas Blixt,"23' 2""",115.667,5,E
19,Derek Ernst,"23' 2""",185.500,8,E
21,Brian Gay,"23' 6""",93.833,4,-1
22,Zach Johnson,"24' 0""",96.083,4,-3
23,Brandt Snedeker,"24' 10""",124.083,5,-1
24,Scott Brown,"27' 11""",195.333,7,-2
25,Matt Kuchar,"29' 2""",145.833,5,-1
26,Jordan Spieth,"29' 6""",88.583,3,-2
27,John Merrick,"31' 4""",187.917,6,+4
28,Chris Kirk,"33' 1""",231.417,7,E
29,Ken Duke,"35' 4""",176.500,5,-1
30,Michael Thompson,"45' 11""",321.250,7,+2
