rank,player,Avg,Total Distance (feet),# of Attempts,Relative to par
1,Boo Weekley,"13' 2""",131.333,10,-3
2,Kevin Streelman,"13' 5""",201.250,15,-6
3,Billy Horschel,"14' 11""",134.000,9,-4
4,Ken Duke,"15' 3""",137.500,9,-2
5,Zach Johnson,"15' 6""",248.333,16,-6
6,Chris Kirk,"15' 10""",110.833,7,-1
7,Jason Dufner,"17' 2""",206.333,12,-2
8,Gary Woodland,"18' 4""",109.917,6,E
9,Patrick Reed,"18' 6""",111.083,6,E
10,Woody Austin,"18' 10""",207.083,11,-4
11,Adam Scott,"19' 6""",97.500,5,-1
12,Bill Haas,"20' 7""",164.500,8,+2
13,Jordan Spieth,"20' 11""",188.000,9,E
14,Martin Laird,"21' 8""",194.833,9,-2
15,Ryan Moore,"22' 0""",242.167,11,E
16,Jimmy Walker,"22' 1""",132.333,6,-1
17,Matt Kuchar,"22' 5""",404.000,18,-7
18,John Merrick,"23' 2""",231.833,10,-4
19,Webb Simpson,"23' 3""",162.750,7,-1
20,Brandt Snedeker,"23' 4""",186.583,8,-2
21,Russell Henley,"24' 8""",197.583,8,+1
22,Michael Thompson,"25' 2""",226.417,9,E
23,Dustin Johnson,"26' 4""",158.167,6,E
24,D.A. Points,"27' 2""",408.083,15,-1
25,Brian Gay,"28' 5""",227.250,8,E
26,Scott Brown,"29' 10""",477.167,16,E
27,Harris English,"30' 4""",151.583,5,E
28,Derek Ernst,"32' 1""",320.750,10,-1
29,Jonas Blixt,"32' 2""",225.083,7,E
30,Sangmoon Bae,"33' 1""",297.417,9,+2
