rank,player,Avg,Total Distance (feet),# of Attempts,Relative to par
1,Michael Thompson,"5' 0""",10.000,2,-2
2,Ken Duke,"8' 6""",25.583,3,-1
3,Bill Haas,"8' 8""",34.750,4,-2
4,Harris English,"9' 8""",48.333,5,-3
4,Zach Johnson,"9' 8""",19.250,2,E
6,Brian Gay,"10' 2""",30.583,3,-2
7,Ryan Moore,"10' 9""",10.750,1,-1
8,Billy Horschel,"11' 3""",33.833,3,E
8,Jordan Spieth,"11' 3""",56.167,5,E
10,Boo Weekley,"11' 11""",23.750,2,E
11,Woody Austin,"12' 3""",24.500,2,-1
11,John Merrick,"12' 3""",36.750,3,E
13,Brandt Snedeker,"12' 4""",37.000,3,+1
14,Matt Kuchar,"13' 1""",26.083,2,E
15,Jason Dufner,"13' 9""",54.833,4,-1
16,Gary Woodland,"14' 10""",59.333,4,-1
17,Patrick Reed,"14' 11""",104.583,7,-2
18,Webb Simpson,"17' 4""",121.083,7,-3
19,Jimmy Walker,"18' 5""",91.917,5,E
20,Chris Kirk,"18' 10""",75.250,4,-2
21,Sangmoon Bae,"23' 7""",94.417,4,-1
22,Dustin Johnson,"23' 11""",119.500,5,-1
23,D.A. Points,"27' 1""",27.083,1,E
24,Martin Laird,"28' 7""",85.833,3,-1
25,Derek Ernst,"35' 9""",35.750,1,E
26,Adam Scott,"36' 10""",147.167,4,+1
27,Jonas Blixt,"37' 8""",150.667,4,+1
