rank,player,Avg,Total Distance (feet),# of Attempts,Relative to par
1,Patrick Reed,"15' 3""",15.250,1,E
2,Ryan Moore,"17' 6""",35.000,2,-1
3,Jason Dufner,"17' 8""",70.500,4,-1
4,Brian Gay,"18' 11""",189.083,10,+2
5,Sangmoon Bae,"19' 11""",119.333,6,-3
6,Webb Simpson,"22' 10""",228.333,10,-2
7,Derek Ernst,"23' 9""",118.917,5,+1
8,Ken Duke,"25' 7""",179.333,7,+1
9,Michael Thompson,"26' 0""",104.083,4,E
10,Brandt Snedeker,"26' 8""",159.833,6,-2
11,Zach Johnson,"26' 11""",134.667,5,-1
12,Harris English,"27' 1""",108.333,4,+1
12,Jordan Spieth,"27' 1""",108.417,4,-1
14,Martin Laird,"27' 10""",55.583,2,E
15,John Merrick,"27' 11""",139.667,5,E
16,Russell Henley,"28' 3""",141.417,5,-3
17,Adam Scott,"29' 7""",118.250,4,-1
18,Billy Horschel,"31' 5""",251.250,8,E
19,Scott Brown,"32' 1""",160.500,5,+1
20,Bill Haas,"33' 7""",100.833,3,E
21,Dustin Johnson,"33' 10""",135.333,4,E
22,Boo Weekley,"34' 6""",103.417,3,E
23,Chris Kirk,"35' 7""",249.000,7,+2
24,Kevin Streelman,"36' 5""",182.000,5,-1
25,Jonas Blixt,"37' 5""",149.667,4,E
26,Woody Austin,"43' 0""",86.000,2,E
27,D.A. Points,"44' 3""",221.333,5,E
28,Jimmy Walker,"45' 7""",136.833,3,E
29,Matt Kuchar,"46' 0""",46.000,1,E
30,Gary Woodland,"53' 4""",266.750,5,+1
