rank,player,Avg,Total Distance (feet),# of Attempts,Relative to par
1,Zach Johnson,"16' 10""",117.583,7,-5
2,Dustin Johnson,"17' 6""",105.167,6,-3
3,Brian Gay,"20' 5""",102.250,5,-3
4,Kevin Streelman,"24' 10""",173.833,7,-3
5,D.A. Points,"25' 2""",176.250,7,-2
6,Bill Haas,"25' 6""",204.000,8,+1
7,Gary Woodland,"25' 10""",181.000,7,-3
8,Jason Dufner,"26' 8""",186.833,7,-3
9,Ryan Moore,"27' 0""",296.917,11,-4
10,Matt Kuchar,"27' 11""",167.250,6,E
11,Billy Horschel,"29' 9""",208.417,7,-2
12,Scott Brown,"30' 9""",245.917,8,+1
13,John Merrick,"31' 9""",190.250,6,E
14,Jimmy Walker,"33' 4""",233.167,7,+1
15,Harris English,"34' 4""",274.667,8,-1
16,Woody Austin,"35' 10""",322.250,9,-3
17,Boo Weekley,"36' 1""",252.667,7,-3
18,Jordan Spieth,"37' 3""",223.583,6,-1
19,Chris Kirk,"37' 10""",264.917,7,-2
20,Adam Scott,"39' 1""",351.917,9,-1
21,Webb Simpson,"42' 0""",294.083,7,-3
22,Martin Laird,"43' 4""",303.167,7,E
23,Brandt Snedeker,"43' 8""",305.417,7,E
24,Patrick Reed,"45' 1""",270.583,6,-3
25,Sangmoon Bae,"45' 10""",321.000,7,+3
26,Jonas Blixt,"47' 3""",283.667,6,-2
27,Russell Henley,"50' 11""",509.417,10,E
28,Ken Duke,"52' 8""",263.250,5,E
29,Derek Ernst,"57' 0""",626.917,11,+3
30,Michael Thompson,"59' 8""",477.083,8,-1
