rank,player,Avg,Total Distance (feet),# of Attempts,Relative to par
1,Ryan Moore,"22' 3""",155.667,7,-7
2,Dustin Johnson,"30' 4""",60.667,2,E
3,Brian Gay,"39' 3""",196.417,5,-3
4,Zach Johnson,"41' 11""",167.500,4,-1
5,Matt Kuchar,"43' 9""",175.083,4,-2
6,Brandt Snedeker,"55' 2""",551.333,10,-6
7,Woody Austin,"56' 4""",394.583,7,-3
8,Jason Dufner,"57' 3""",458.250,8,-2
9,Boo Weekley,"57' 4""",458.667,8,-2
10,Martin Laird,"58' 7""",234.167,4,-2
11,D.A. Points,"62' 1""",434.333,7,+2
12,Kevin Streelman,"62' 4""",311.750,5,-1
13,Jimmy Walker,"63' 0""",251.833,4,-1
14,Harris English,"63' 3""",316.333,5,-2
15,Ken Duke,"66' 11""",468.167,7,E
16,Bill Haas,"68' 0""",203.917,3,-1
17,John Merrick,"69' 4""",762.750,11,-1
18,Adam Scott,"69' 9""",348.833,5,-2
19,Chris Kirk,"69' 11""",349.583,5,-1
20,Gary Woodland,"70' 6""",493.750,7,-2
21,Derek Ernst,"70' 11""",354.500,5,E
22,Webb Simpson,"72' 5""",362.083,5,E
23,Russell Henley,"73' 2""",438.833,6,+1
24,Michael Thompson,"73' 9""",737.083,10,-5
25,Jonas Blixt,"74' 11""",449.583,6,-4
26,Billy Horschel,"75' 7""",528.917,7,-3
27,Jordan Spieth,"76' 7""",153.167,2,-1
28,Sangmoon Bae,"82' 9""",413.917,5,+1
29,Patrick Reed,"87' 11""",263.667,3,+1
30,Scott Brown,"106' 1""",318.333,3,+1
