rank,player,Avg,Total Distance (feet),# of Attempts,Relative to par
1,Jordan Spieth,"21' 3""",21.250,1,-1
2,Webb Simpson,"33' 6""",33.500,1,-1
3,Sangmoon Bae,"43' 6""",130.500,3,E
4,Zach Johnson,"51' 3""",256.083,5,-1
5,Michael Thompson,"55' 2""",165.500,3,-2
6,Russell Henley,"62' 7""",187.667,3,E
6,Chris Kirk,"62' 7""",187.667,3,E
8,Ken Duke,"65' 6""",458.583,7,-4
9,Brian Gay,"67' 4""",336.583,5,-1
10,Patrick Reed,"69' 2""",138.333,2,-1
11,Jimmy Walker,"71' 11""",143.750,2,-3
12,Dustin Johnson,"72' 4""",72.333,1,E
13,D.A. Points,"73' 3""",366.167,5,E
14,Woody Austin,"76' 0""",532.000,7,-1
15,Martin Laird,"78' 7""",235.750,3,E
16,Ryan Moore,"80' 3""",320.917,4,-1
17,Jason Dufner,"82' 9""",248.250,3,+1
18,Bill Haas,"82' 10""",496.917,6,-3
19,Jonas Blixt,"85' 10""",343.333,4,-1
20,Matt Kuchar,"94' 8""",378.750,4,E
21,Scott Brown,"96' 7""",483.000,5,-1
22,Boo Weekley,"100' 8""",201.333,2,-1
23,Derek Ernst,"100' 9""",100.750,1,+1
24,Gary Woodland,"108' 3""",216.500,2,-2
25,Kevin Streelman,"109' 10""",769.083,7,+1
26,John Merrick,"110' 10""",110.833,1,-1
27,Billy Horschel,"131' 0""",131.000,1,E
28,Brandt Snedeker,"135' 11""",135.917,1,E
