rank,player,Avg,Total Distance (feet),# of Attempts,Relative to par
1,Rory Sabbatini,"19' 10""",139.000,7,-3
2,Steve Stricker,"20' 9""",145.250,7,-2
3,Nick Watney,"20' 11""",125.500,6,-1
4,Jim Furyk,"21' 8""",259.500,12,-2
5,Hunter Mahan,"21' 10""",152.917,7,-1
6,Jonathan Byrd,"22' 8""",90.750,4,-1
6,Scott Verplank,"22' 8""",135.917,6,E
8,Mark Wilson,"22' 9""",136.333,6,E
9,Brandt Snedeker,"24' 1""",241.083,10,+2
10,Fred Funk,"24' 9""",247.667,10,+3
11,K.J. Choi,"24' 10""",99.167,4,E
12,Brian Bateman,"27' 6""",137.500,5,E
13,George McNeill,"28' 9""",172.583,6,+1
14,Ángel Cabrera,"29' 8""",177.833,6,E
15,Steve Flesch,"29' 11""",209.583,7,-1
16,Vijay Singh,"30' 1""",240.333,8,E
17,Chad Campbell,"30' 4""",212.417,7,E
18,Boo Weekley,"30' 6""",182.750,6,+2
19,Woody Austin,"31' 6""",188.917,6,E
20,Charley Hoffman,"32' 7""",228.250,7,+1
20,Zach Johnson,"32' 7""",293.250,9,+1
22,Charles Howell III,"32' 9""",261.667,8,-1
23,Stephen Ames,"32' 10""",230.000,7,-2
24,Mike Weir,"33' 3""",133.000,4,+1
25,Aaron Baddeley,"33' 4""",200.000,6,E
26,Daniel Chopra,"34' 1""",238.833,7,-3
27,Joe Ogilvie,"35' 3""",246.917,7,+1
28,Mark Calcavecchia,"36' 3""",253.667,7,+3
29,Justin Leonard,"43' 6""",173.917,4,E
30,Paul Goydos,"44' 1""",440.583,10,+3
31,Henrik Stenson,"44' 2""",397.417,9,+2
