rank,player,Avg,Total Distance (feet),# of Attempts,Relative to par
1,Charles Howell III,"8' 8""",52.000,6,-4
2,Scott Verplank,"10' 7""",63.333,6,-3
3,Justin Leonard,"11' 3""",78.750,7,-3
4,Steve Flesch,"11' 10""",129.750,11,-3
5,Rory Sabbatini,"12' 3""",85.500,7,-2
6,Charley Hoffman,"12' 4""",123.083,10,-1
7,Aaron Baddeley,"12' 11""",51.667,4,-2
8,Fred Funk,"13' 2""",92.083,7,-2
9,Henrik Stenson,"13' 7""",162.583,12,-5
10,Joe Ogilvie,"13' 8""",68.500,5,E
11,Jonathan Byrd,"14' 6""",87.083,6,-3
12,Paul Goydos,"14' 9""",58.833,4,-1
13,Mark Calcavecchia,"15' 0""",60.000,4,-3
14,Steve Stricker,"16' 10""",67.417,4,-1
15,Hunter Mahan,"16' 11""",118.583,7,-1
16,Mike Weir,"17' 0""",68.000,4,-1
17,Jim Furyk,"17' 3""",86.417,5,-2
18,Vijay Singh,"17' 9""",106.417,6,E
19,Ángel Cabrera,"18' 3""",54.667,3,-1
20,George McNeill,"18' 4""",146.583,8,-1
21,Nick Watney,"19' 3""",192.667,10,-2
22,Brandt Snedeker,"19' 9""",78.917,4,-2
23,Brian Bateman,"19' 10""",119.000,6,-1
24,Stephen Ames,"21' 2""",106.000,5,-1
25,Woody Austin,"21' 3""",84.833,4,-1
26,Daniel Chopra,"21' 11""",153.417,7,-1
27,Mark Wilson,"22' 10""",182.500,8,-1
28,Chad Campbell,"23' 7""",117.917,5,+1
29,Boo Weekley,"25' 7""",127.833,5,+1
30,K.J. Choi,"25' 11""",181.500,7,E
31,Zach Johnson,"56' 9""",113.417,2,+1
