rank,player,Avg,Total Distance (feet),# of Attempts,Relative to par
1,Charley Hoffman,"14' 6""",57.833,4,-1
2,George McNeill,"15' 11""",47.667,3,E
3,Steve Flesch,"16' 5""",82.083,5,-2
4,Chad Campbell,"17' 3""",172.417,10,-2
5,Boo Weekley,"18' 0""",36.000,2,E
6,Paul Goydos,"18' 1""",199.333,11,+1
7,Brandt Snedeker,"18' 6""",148.250,8,-3
8,Fred Funk,"18' 8""",298.833,16,-2
9,Zach Johnson,"20' 9""",207.667,10,E
10,Aaron Baddeley,"21' 10""",152.667,7,E
11,Hunter Mahan,"22' 2""",155.083,7,-3
12,Henrik Stenson,"22' 5""",134.250,6,E
13,Jim Furyk,"22' 8""",181.500,8,-1
14,Steve Stricker,"23' 9""",142.417,6,E
15,Rory Sabbatini,"24' 4""",121.500,5,+1
16,Scott Verplank,"24' 6""",244.750,10,-2
17,Justin Leonard,"25' 8""",281.917,11,-1
18,Vijay Singh,"25' 10""",180.750,7,-1
19,Mark Wilson,"26' 6""",185.667,7,E
20,Stephen Ames,"26' 7""",79.833,3,-1
21,Charles Howell III,"27' 6""",54.917,2,E
22,Mark Calcavecchia,"28' 2""",168.750,6,+1
23,Daniel Chopra,"28' 8""",258.083,9,-2
24,Nick Watney,"30' 11""",154.417,5,+1
25,Brian Bateman,"31' 7""",221.250,7,E
26,Jonathan Byrd,"31' 8""",158.167,5,E
27,K.J. Choi,"34' 6""",172.417,5,-2
28,Woody Austin,"37' 2""",222.833,6,E
29,Ángel Cabrera,"37' 7""",150.333,4,E
30,Joe Ogilvie,"42' 0""",419.583,10,+4
31,Mike Weir,"47' 5""",284.250,6,+1
