rank,player,Avg,Total Distance (feet),# of Attempts,Relative to par
1,Steve Stricker,"11' 6""",103.167,9,-4
2,Ángel Cabrera,"13' 9""",96.167,7,-3
3,Justin Leonard,"15' 4""",153.083,10,-3
4,Steve Flesch,"16' 10""",101.167,6,-2
5,Mark Calcavecchia,"17' 8""",229.917,13,-4
6,Vijay Singh,"18' 0""",161.667,9,E
7,Woody Austin,"18' 7""",148.583,8,-1
8,Daniel Chopra,"18' 9""",93.583,5,E
9,Stephen Ames,"18' 10""",206.833,11,-1
10,George McNeill,"20' 1""",240.833,12,-2
11,Charles Howell III,"20' 8""",247.667,12,-1
11,Brandt Snedeker,"20' 8""",186.083,9,-1
13,Nick Watney,"21' 0""",168.250,8,-3
13,Mike Weir,"21' 0""",189.083,9,-1
15,Hunter Mahan,"21' 1""",232.250,11,-2
16,Paul Goydos,"21' 2""",127.000,6,E
17,K.J. Choi,"21' 3""",191.333,9,-1
17,Zach Johnson,"21' 3""",254.917,12,-2
19,Scott Verplank,"21' 5""",278.583,13,-3
20,Jonathan Byrd,"21' 8""",173.417,8,-2
21,Chad Campbell,"22' 6""",157.500,7,-2
22,Aaron Baddeley,"24' 5""",268.750,11,-2
23,Jim Furyk,"25' 6""",178.500,7,E
24,Charley Hoffman,"27' 3""",272.750,10,+1
25,Mark Wilson,"27' 5""",219.000,8,+3
26,Rory Sabbatini,"28' 0""",280.167,10,+2
27,Fred Funk,"28' 5""",256.000,9,-3
28,Boo Weekley,"28' 7""",228.750,8,-1
29,Brian Bateman,"30' 0""",269.750,9,+2
30,Henrik Stenson,"30' 6""",365.667,12,E
31,Joe Ogilvie,"35' 11""",215.583,6,-1
