rank,player,Avg,Total Distance (feet),# of Attempts,Relative to par
1,Brian Bateman,"48' 7""",97.083,2,-2
2,Mark Wilson,"70' 1""",70.083,1,E
3,Hunter Mahan,"78' 9""",236.250,3,-3
4,Joe Ogilvie,"79' 9""",159.417,2,-1
5,Steve Stricker,"87' 10""",87.833,1,-1
6,George McNeill,"89' 8""",268.917,3,-1
7,Jonathan Byrd,"90' 9""",181.417,2,-1
8,Ángel Cabrera,"98' 9""",197.500,2,E
9,Brandt Snedeker,"99' 1""",297.167,3,-1
10,Aaron Baddeley,"99' 5""",99.417,1,E
11,Stephen Ames,"101' 10""",203.583,2,E
12,Woody Austin,"107' 11""",323.750,3,-3
13,Charley Hoffman,"111' 5""",111.417,1,-1
14,Daniel Chopra,"119' 9""",359.333,3,-1
15,Chad Campbell,"128' 1""",256.083,2,-1
16,Boo Weekley,"130' 5""",260.833,2,-1
17,Mark Calcavecchia,"130' 10""",523.167,4,-1
18,Rory Sabbatini,"131' 0""",392.917,3,-2
19,Vijay Singh,"131' 5""",131.417,1,E
20,Mike Weir,"131' 9""",526.917,4,-3
21,Steve Flesch,"137' 8""",137.667,1,E
22,Charles Howell III,"156' 3""",156.250,1,E
23,Zach Johnson,"193' 3""",193.250,1,E
24,Nick Watney,"194' 1""",194.083,1,E
