rank,player,Avg,Total Distance (feet),# of Attempts,Relative to par
1,Steve Stricker,"11' 8""",186.500,16,-7
2,Steve Flesch,"12' 11""",245.000,19,-6
3,Justin Leonard,"15' 2""",410.500,27,-11
4,Jonathan Byrd,"15' 4""",307.083,20,-7
5,Scott Verplank,"16' 4""",425.583,26,-9
6,Stephen Ames,"16' 10""",370.333,22,-4
7,Vijay Singh,"17' 3""",292.917,17,E
8,Charles Howell III,"17' 8""",387.833,22,-5
8,Mike Weir,"17' 8""",300.167,17,-5
10,Mark Calcavecchia,"18' 0""",359.167,20,-7
11,Ángel Cabrera,"18' 1""",217.083,12,-3
11,Jim Furyk,"18' 1""",344.250,19,-5
13,Daniel Chopra,"18' 3""",291.583,16,-2
14,Woody Austin,"18' 7""",316.167,17,-3
15,Brandt Snedeker,"18' 9""",299.333,16,-4
16,Aaron Baddeley,"19' 1""",382.083,20,-5
17,George McNeill,"19' 2""",421.583,22,-2
18,Rory Sabbatini,"19' 8""",412.750,21,-3
19,Fred Funk,"19' 9""",375.000,19,-6
19,Nick Watney,"19' 9""",395.667,20,-5
21,Hunter Mahan,"19' 10""",397.333,20,-4
22,K.J. Choi,"20' 1""",420.917,21,-6
23,Paul Goydos,"20' 2""",423.000,21,-6
24,Chad Campbell,"21' 4""",298.250,14,-2
25,Henrik Stenson,"21' 5""",621.833,29,-4
26,Boo Weekley,"22' 5""",380.917,17,-1
27,Mark Wilson,"22' 9""",524.083,23,+1
28,Charley Hoffman,"24' 2""",556.250,23,E
29,Zach Johnson,"24' 4""",463.083,19,-3
30,Joe Ogilvie,"24' 6""",416.500,17,-1
31,Brian Bateman,"25' 5""",406.417,16,+1
