rank,player,Avg,Total Distance (feet),# of Attempts,Relative to par
1,Mark Calcavecchia,"25' 7""",230.500,9,-2
2,Henrik Stenson,"27' 7""",220.500,8,-2
3,Ángel Cabrera,"27' 8""",304.167,11,-1
4,Stephen Ames,"29' 0""",174.167,6,E
5,Mike Weir,"30' 4""",303.667,10,-3
6,Rory Sabbatini,"31' 9""",317.667,10,-3
7,Zach Johnson,"32' 3""",226.000,7,E
8,Woody Austin,"32' 6""",324.583,10,+1
9,Vijay Singh,"33' 5""",434.917,13,-1
10,Mark Wilson,"33' 8""",303.167,9,-2
11,K.J. Choi,"37' 1""",333.500,9,+1
12,Brandt Snedeker,"37' 2""",446.250,12,-2
13,Steve Flesch,"38' 7""",308.500,8,-1
14,Nick Watney,"42' 1""",420.500,10,-2
15,George McNeill,"42' 5""",466.583,11,E
16,Charles Howell III,"43' 1""",258.667,6,+1
17,Fred Funk,"43' 7""",305.333,7,+1
18,Scott Verplank,"45' 7""",455.583,10,+2
19,Charley Hoffman,"46' 8""",326.833,7,-2
19,Boo Weekley,"46' 8""",607.000,13,-1
21,Brian Bateman,"46' 11""",515.833,11,+1
22,Paul Goydos,"47' 2""",377.500,8,E
23,Jim Furyk,"47' 3""",377.833,8,-1
24,Aaron Baddeley,"47' 8""",571.500,12,-1
25,Hunter Mahan,"48' 7""",632.000,13,E
26,Jonathan Byrd,"48' 10""",439.500,9,E
27,Chad Campbell,"48' 11""",488.750,10,+3
28,Steve Stricker,"49' 10""",597.583,12,-3
29,Joe Ogilvie,"52' 6""",577.750,11,-1
30,Justin Leonard,"53' 7""",696.417,13,E
31,Daniel Chopra,"58' 5""",583.917,10,-2
