rank,player,Avg,Total Distance (feet),# of Attempts,GIR Rank
1,Fred Funk,"29' 0""","2,088.667",72,Under
2,Justin Leonard,"30' 3""","2,180.833",72,Under
3,Scott Verplank,"30' 7""","2,138.917",70,Under
4,Steve Stricker,"31' 8""","2,217.000",70,Under
5,Vijay Singh,"32' 8""","2,350.500",72,Under
6,Hunter Mahan,"33' 5""","2,371.917",71,Under
7,Jim Furyk,"33' 9""","2,431.250",72,Under
8,Zach Johnson,"34' 1""","2,386.083",70,Under
9,Brandt Snedeker,"34' 3""","2,466.083",72,Under
9,Mark Wilson,"34' 3""","2,467.333",72,Under
11,Rory Sabbatini,"34' 4""","2,473.333",72,Under
12,Steve Flesch,"34' 6""","2,415.667",70,Under
13,Charles Howell III,"34' 9""","2,467.750",71,Under
14,George McNeill,"35' 7""","2,490.000",70,Under
14,Henrik Stenson,"35' 7""","2,525.167",71,Under
16,Charley Hoffman,"35' 9""","2,574.750",72,Under
17,Chad Campbell,"36' 5""","2,622.167",72,Under
18,Paul Goydos,"36' 7""","2,631.167",72,Over
19,Mark Calcavecchia,"37' 1""","2,667.250",72,Under
20,Jonathan Byrd,"37' 9""","2,717.667",72,Under
21,Ángel Cabrera,"37' 10""","2,647.333",70,Under
22,K.J. Choi,"39' 1""","2,697.333",69,Under
23,Nick Watney,"39' 4""","2,829.083",72,Under
24,Brian Bateman,"39' 8""","2,816.583",71,Under
25,Woody Austin,"39' 9""","2,823.583",71,Under
26,Daniel Chopra,"40' 4""","2,904.000",72,Under
27,Stephen Ames,"41' 1""","2,959.083",72,Under
28,Aaron Baddeley,"41' 11""","2,974.500",71,Under
29,Mike Weir,"42' 2""","3,038.667",72,Under
30,Boo Weekley,"43' 1""","3,101.333",72,Under
31,Joe Ogilvie,"45' 6""","3,227.833",71,Over
