rank,player,Avg,Total Distance (feet),# of Attempts,Relative to par
1,George McNeill,"37' 5""",37.417,1,-1
2,Nick Watney,"43' 2""",129.583,3,-2
3,Justin Leonard,"48' 1""",48.083,1,E
4,Daniel Chopra,"53' 4""",160.083,3,E
5,Brian Bateman,"58' 8""",117.333,2,-1
6,Jim Furyk,"58' 10""",235.417,4,-2
7,Steve Stricker,"60' 6""",302.583,5,-4
8,Fred Funk,"61' 2""",244.667,4,E
9,Boo Weekley,"61' 6""",184.417,3,-3
10,Mike Weir,"66' 4""",199.000,3,E
11,Vijay Singh,"70' 1""",140.083,2,-2
12,Joe Ogilvie,"72' 3""",216.750,3,-2
13,Zach Johnson,"72' 10""",291.417,4,E
14,Mark Wilson,"73' 8""",73.667,1,-1
15,Rory Sabbatini,"73' 9""",73.750,1,E
16,Scott Verplank,"76' 2""",228.500,3,+2
17,K.J. Choi,"78' 5""",235.250,3,E
18,Paul Goydos,"79' 9""",239.167,3,+1
19,Henrik Stenson,"85' 1""",85.083,1,E
20,Chad Campbell,"85' 11""",171.833,2,-2
21,Steve Flesch,"87' 7""",175.167,2,E
22,Charles Howell III,"92' 2""",92.167,1,-2
23,Charley Hoffman,"94' 1""",94.083,1,E
24,Woody Austin,"96' 11""",387.667,4,+1
25,Ángel Cabrera,"97' 5""",194.750,2,E
26,Brandt Snedeker,"102' 10""",205.667,2,-2
27,Aaron Baddeley,"106' 6""",426.000,4,-3
28,Mark Calcavecchia,"107' 11""",323.833,3,-2
29,Stephen Ames,"108' 0""",432.000,4,-2
30,Jonathan Byrd,"110' 3""",220.417,2,E
