rank,player,Avg,Total Distance (feet),# of Attempts,Relative to par
1,Steve Stricker,"5' 4""",15.917,3,-2
2,Boo Weekley,"6' 1""",24.333,4,-1
3,Steve Flesch,"7' 1""",14.083,2,-1
4,Jonathan Byrd,"7' 9""",46.583,6,-2
5,Fred Funk,"9' 0""",26.917,3,-1
6,Stephen Ames,"9' 7""",57.500,6,-2
6,K.J. Choi,"9' 7""",48.083,5,-5
8,Mike Weir,"10' 9""",43.083,4,-3
9,Daniel Chopra,"11' 2""",44.583,4,-1
10,Jim Furyk,"11' 4""",79.333,7,-3
11,Chad Campbell,"11' 5""",22.833,2,-1
11,Brandt Snedeker,"11' 5""",34.333,3,-1
13,Rory Sabbatini,"11' 9""",47.083,4,-3
14,Scott Verplank,"11' 11""",83.667,7,-3
15,Aaron Baddeley,"12' 4""",61.667,5,-1
16,Vijay Singh,"12' 5""",24.833,2,E
17,Woody Austin,"16' 7""",82.750,5,-1
18,George McNeill,"17' 1""",34.167,2,+1
19,Nick Watney,"17' 5""",34.750,2,E
20,Mark Wilson,"17' 6""",122.583,7,-1
21,Brian Bateman,"17' 8""",17.667,1,E
22,Justin Leonard,"17' 10""",178.667,10,-5
23,Henrik Stenson,"18' 9""",93.583,5,+1
24,Zach Johnson,"18' 11""",94.750,5,-2
25,Paul Goydos,"21' 7""",237.167,11,-5
26,Charles Howell III,"22' 1""",88.167,4,E
26,Joe Ogilvie,"22' 1""",132.417,6,E
28,Mark Calcavecchia,"23' 1""",69.250,3,E
29,Hunter Mahan,"23' 3""",46.500,2,-1
30,Ángel Cabrera,"33' 2""",66.250,2,+1
31,Charley Hoffman,"53' 6""",160.417,3,E
