rank,player,Avg,Total Distance (feet),# of Attempts,Relative to par
1,Brian Bateman,"14' 3""",71.333,5,-1
2,Chad Campbell,"15' 7""",93.250,6,-2
3,Mark Calcavecchia,"18' 8""",93.417,5,-2
4,Jim Furyk,"21' 8""",108.417,5,E
5,Steve Flesch,"22' 1""",154.750,7,-1
6,Hunter Mahan,"24' 5""",97.583,4,-1
7,Daniel Chopra,"25' 5""",127.250,5,-1
8,Mike Weir,"25' 6""",178.250,7,E
9,Paul Goydos,"25' 10""",129.333,5,+1
10,Justin Leonard,"25' 11""",51.750,2,E
11,K.J. Choi,"26' 1""",130.250,5,E
12,Steve Stricker,"27' 1""",135.417,5,E
13,Rory Sabbatini,"27' 6""",137.333,5,E
14,Scott Verplank,"28' 3""",84.667,3,-1
15,Stephen Ames,"28' 4""",170.167,6,-1
16,Vijay Singh,"29' 8""",118.667,4,E
17,Boo Weekley,"30' 0""",149.833,5,-1
18,Mark Wilson,"30' 8""",153.250,5,+2
19,Fred Funk,"31' 0""",123.833,4,E
20,Jonathan Byrd,"31' 3""",156.333,5,+1
21,Ángel Cabrera,"32' 3""",322.333,10,-4
22,Aaron Baddeley,"33' 5""",200.250,6,-2
23,Woody Austin,"35' 3""",176.417,5,-2
24,Nick Watney,"39' 11""",199.500,5,E
25,George McNeill,"40' 7""",202.833,5,-1
26,Brandt Snedeker,"40' 10""",244.750,6,-1
27,Zach Johnson,"41' 0""",163.917,4,-1
28,Henrik Stenson,"42' 3""",295.833,7,+1
29,Charley Hoffman,"43' 11""",351.000,8,+2
30,Charles Howell III,"45' 10""",320.750,7,+1
31,Joe Ogilvie,"48' 8""",146.083,3,E
