rank,player,%,Total 3 Putts,Attempts,2 Putt or Better %
1,Patrick Cantlay,.00,0,10,100.00
1,Paul Casey,.00,0,13,100.00
1,Cameron Champ,.00,0,8,100.00
1,Corey Conners,.00,0,17,100.00
1,Tyler Duncan,.00,0,9,100.00
1,Rickie Fowler,.00,0,8,100.00
1,Dylan Frittelli,.00,0,9,100.00
1,Jim Herman,.00,0,7,100.00
1,J.B. Holmes,.00,0,7,100.00
1,Max Homa,.00,0,10,100.00
1,Dustin Johnson,.00,0,10,100.00
1,Sung Kang,.00,0,9,100.00
1,Kevin Kisner,.00,0,8,100.00
1,Matt Kuchar,.00,0,14,100.00
1,Nate Lashley,.00,0,10,100.00
1,Adam Long,.00,0,11,100.00
1,Graeme McDowell,.00,0,6,100.00
1,Keith Mitchell,.00,0,12,100.00
1,Collin Morikawa,.00,0,11,100.00
1,Sebastián Muñoz,.00,0,11,100.00
1,Kevin Na,.00,0,14,100.00
1,Joaquin Niemann,.00,0,10,100.00
1,Ryan Palmer,.00,0,9,100.00
1,J.T. Poston,.00,0,9,100.00
1,Jon Rahm,.00,0,7,100.00
1,Patrick Reed,.00,0,7,100.00
1,Xander Schauffele,.00,0,18,100.00
1,Justin Thomas,.00,0,7,100.00
1,Brendon Todd,.00,0,9,100.00
1,Martin Trainer,.00,0,6,100.00
1,Matthew Wolff,.00,0,9,100.00
1,Gary Woodland,.00,0,5,100.00
33,Chez Reavie,8.33,1,12,91.67
34,Lanto Griffin,16.67,2,12,83.33
