rank,player,%,Total 3 Putts,Total Holes
1,Patrick Cantlay,5.56,1,18
1,Cameron Champ,5.56,1,18
1,Corey Conners,5.56,1,18
1,Tyler Duncan,5.56,1,18
1,Jim Herman,5.56,1,18
1,Max Homa,5.56,1,18
1,Matt Kuchar,5.56,1,18
1,Collin Morikawa,5.56,1,18
1,Sebastián Muñoz,5.56,1,18
1,Kevin Na,5.56,1,18
1,Ryan Palmer,5.56,1,18
1,Patrick Reed,5.56,1,18
1,Xander Schauffele,5.56,1,18
1,Justin Thomas,5.56,1,18
1,Brendon Todd,5.56,1,18
16,Rickie Fowler,11.11,2,18
16,Dylan Frittelli,11.11,2,18
16,Lanto Griffin,11.11,2,18
16,Nate Lashley,11.11,2,18
16,Martin Trainer,11.11,2,18
