rank,player,Total 3 putts > 25',Total 3 Putts
1,Paul Casey,5,6
1,Corey Conners,5,5
1,Dylan Frittelli,5,5
1,Lanto Griffin,5,7
1,Jim Herman,5,5
1,Martin Trainer,5,5
7,Kevin Na,4,4
7,Xander Schauffele,4,4
9,Cameron Champ,3,4
9,Rickie Fowler,3,3
9,Sung Kang,3,3
9,Nate Lashley,3,3
13,Patrick Cantlay,2,2
13,Tyler Duncan,2,2
13,J.B. Holmes,2,2
13,Max Homa,2,3
13,Dustin Johnson,2,2
13,Matt Kuchar,2,2
13,Adam Long,2,2
13,Graeme McDowell,2,2
13,Keith Mitchell,2,2
13,Collin Morikawa,2,2
13,Sebastián Muñoz,2,3
13,Ryan Palmer,2,2
13,Jon Rahm,2,2
13,Chez Reavie,2,3
13,Brendon Todd,2,4
13,Matthew Wolff,2,2
13,Gary Woodland,2,2
30,Kevin Kisner,1,1
30,J.T. Poston,1,1
30,Patrick Reed,1,2
30,Justin Thomas,1,1
