rank,player,%,Total 3 Putts,Total Holes
1,Paul Casey,5.56,1,18
1,Cameron Champ,5.56,1,18
1,Corey Conners,5.56,1,18
1,Tyler Duncan,5.56,1,18
1,Lanto Griffin,5.56,1,18
1,J.B. Holmes,5.56,1,18
1,Max Homa,5.56,1,18
1,Dustin Johnson,5.56,1,18
1,Kevin Kisner,5.56,1,18
1,Adam Long,5.56,1,18
1,Keith Mitchell,5.56,1,18
1,Kevin Na,5.56,1,18
1,J.T. Poston,5.56,1,18
1,Chez Reavie,5.56,1,18
1,Patrick Reed,5.56,1,18
1,Xander Schauffele,5.56,1,18
1,Gary Woodland,5.56,1,18
18,Jim Herman,11.11,2,18
18,Sung Kang,11.11,2,18
18,Martin Trainer,11.11,2,18
18,Matthew Wolff,11.11,2,18
