rank,player,%,Total 3 Putts,Total Holes
1,Cameron Champ,5.56,1,18
1,Corey Conners,5.56,1,18
1,Dylan Frittelli,5.56,1,18
1,J.B. Holmes,5.56,1,18
1,Max Homa,5.56,1,18
1,Sung Kang,5.56,1,18
1,Matt Kuchar,5.56,1,18
1,Nate Lashley,5.56,1,18
1,Graeme McDowell,5.56,1,18
1,Keith Mitchell,5.56,1,18
1,Collin Morikawa,5.56,1,18
1,Sebastián Muñoz,5.56,1,18
1,Kevin Na,5.56,1,18
1,Ryan Palmer,5.56,1,18
1,Jon Rahm,5.56,1,18
1,Gary Woodland,5.56,1,18
17,Jim Herman,11.11,2,18
17,Xander Schauffele,11.11,2,18
17,Brendon Todd,11.11,2,18
20,Lanto Griffin,16.67,3,18
21,Paul Casey,22.22,4,18
