rank,player,%,Total 3 Putts,Attempts,2 Putt or Better %
1,Joaquin Niemann,.00,0,23,100.00
2,J.T. Poston,4.76,1,21,95.24
3,Kevin Kisner,6.25,1,16,93.75
3,Justin Thomas,6.25,1,16,93.75
5,Patrick Reed,6.67,1,15,93.33
6,Dustin Johnson,6.90,2,29,93.10
7,Max Homa,7.41,2,27,92.59
7,Matt Kuchar,7.41,2,27,92.59
9,Tyler Duncan,7.69,2,26,92.31
9,Jon Rahm,7.69,2,26,92.31
11,Patrick Cantlay,9.09,2,22,90.91
11,J.B. Holmes,9.09,2,22,90.91
13,Graeme McDowell,9.52,2,21,90.48
13,Gary Woodland,9.52,2,21,90.48
15,Adam Long,10.00,2,20,90.00
15,Sebastián Muñoz,10.00,2,20,90.00
15,Chez Reavie,10.00,2,20,90.00
18,Ryan Palmer,10.53,2,19,89.47
18,Brendon Todd,10.53,2,19,89.47
18,Matthew Wolff,10.53,2,19,89.47
21,Keith Mitchell,11.11,2,18,88.89
22,Collin Morikawa,12.50,2,16,87.50
23,Cameron Champ,13.64,3,22,86.36
23,Sung Kang,13.64,3,22,86.36
25,Nate Lashley,15.00,3,20,85.00
26,Rickie Fowler,16.67,3,18,83.33
26,Dylan Frittelli,16.67,5,30,83.33
28,Jim Herman,17.24,5,29,82.76
29,Corey Conners,18.52,5,27,81.48
30,Lanto Griffin,20.00,5,25,80.00
30,Xander Schauffele,20.00,4,20,80.00
32,Paul Casey,21.74,5,23,78.26
33,Kevin Na,23.53,4,17,76.47
34,Martin Trainer,23.81,5,21,76.19
