rank,player,Avg,Total Distance (feet),# of Attempts,Relative to par
1,Brendon de Jonge,"3' 4""",3.333,1,-1
2,Charles Howell III,"3' 11""",3.917,1,-1
3,Justin Leonard,"4' 10""",4.833,1,-1
4,Webb Simpson,"8' 6""",25.417,3,E
5,Carl Pettersson,"10' 2""",61.167,6,-3
6,Scott Gardiner,"10' 7""",52.750,5,-3
6,John Huh,"10' 7""",42.250,4,-2
6,Cameron Percy,"10' 7""",31.833,3,E
6,Jimmy Walker,"10' 7""",31.833,3,-1
10,George McNeill,"10' 10""",43.333,4,-1
11,David Hearn,"11' 1""",44.333,4,-4
11,Kyle Stanley,"11' 1""",22.167,2,E
13,Tommy Gainey,"11' 2""",44.583,4,-2
14,Lee Williams,"11' 3""",22.500,2,-1
15,Y.E. Yang,"11' 4""",34.000,3,-2
16,Russell Henley,"11' 6""",22.917,2,-1
17,Ryan Palmer,"11' 11""",35.667,3,-2
18,Matt Jones,"12' 0""",59.833,5,-4
19,John Senden,"12' 7""",12.583,1,-1
20,James Hahn,"12' 9""",38.250,3,-1
21,Kevin Streelman,"12' 10""",38.583,3,-2
22,Marc Leishman,"12' 11""",51.583,4,-1
23,Pat Perez,"13' 4""",79.833,6,-1
24,Keegan Bradley,"13' 5""",40.333,3,E
25,Vijay Singh,"13' 6""",67.583,5,-1
26,Dean Wilson,"14' 10""",44.417,3,E
27,Erik Compton,"14' 11""",29.750,2,-2
28,Peter Tomasulo,"15' 6""",155.083,10,E
29,Stephen Ames,"15' 8""",62.667,4,E
29,Tim Clark,"15' 8""",78.500,5,-3
29,Derek Ernst,"15' 8""",78.167,5,+1
32,Tim Herron,"15' 9""",47.167,3,-3
33,Ben Kohles,"16' 0""",48.000,3,E
33,John Rollins,"16' 0""",159.833,10,-2
35,Brad Fritsch,"16' 1""",80.250,5,-1
36,Steve Marino,"16' 9""",66.917,4,-3
37,Billy Horschel,"17' 0""",119.083,7,-2
38,Alistair Presnell,"17' 6""",52.417,3,-1
39,Chris Kirk,"17' 7""",70.417,4,-2
40,John Daly,"17' 11""",53.667,3,-2
41,Shawn Stefani,"18' 2""",54.417,3,E
42,Brian Gay,"18' 3""",18.250,1,E
43,Scott Piercy,"18' 5""",92.000,5,-2
44,Robert Streb,"18' 6""",129.500,7,E
45,Nicholas Thompson,"18' 8""",55.917,3,-1
46,Danny Lee,"19' 0""",94.917,5,-1
46,Jeff Maggert,"19' 0""",113.750,6,E
48,Matt Kuchar,"19' 1""",19.083,1,E
49,Shane Bertsch,"20' 4""",81.167,4,-1
50,Charlie Wi,"20' 6""",20.500,1,E
51,Sangmoon Bae,"21' 1""",63.167,3,E
52,Scott Langley,"21' 4""",63.917,3,E
53,Harris English,"21' 7""",107.917,5,-2
54,Morgan Hoffmann,"21' 8""",86.583,4,+1
55,Henrik Norlander,"21' 11""",153.250,7,-1
56,Bart Bryant,"22' 2""",22.167,1,E
57,Chad Campbell,"23' 0""",23.000,1,E
58,Mark Anderson,"23' 5""",23.417,1,E
59,Ricky Barnes,"24' 0""",72.000,3,E
60,Josh Teater,"24' 3""",145.250,6,+1
61,Justin Hicks,"24' 9""",74.167,3,E
62,D.H. Lee,"24' 11""",99.583,4,E
63,David Lingmerth,"25' 9""",51.417,2,-1
64,Russ Cochran,"26' 2""",26.167,1,E
65,David Mathis,"26' 4""",52.667,2,-1
66,Jeff Overton,"29' 5""",146.917,5,E
67,Jason Kokrak,"30' 5""",212.833,7,+1
68,Brian Stuard,"31' 10""",63.583,2,E
69,Steven Bowditch,"32' 10""",131.250,4,E
70,Dicky Pride,"33' 4""",66.667,2,E
71,Hideto Tanihara,"46' 5""",139.167,3,+2
72,Fabián Gómez,"54' 3""",54.250,1,E
