rank,player,Avg,Total Distance (feet),# of Attempts,Relative to par
1,George McNeill,"12' 8""",12.667,1,-2
2,Matt Kuchar,"16' 9""",16.750,1,-2
3,Cameron Percy,"22' 6""",22.500,1,-1
4,Brian Stuard,"24' 9""",74.167,3,-4
5,Stephen Ames,"29' 10""",29.833,1,-1
6,John Senden,"32' 3""",64.417,2,-3
7,David Lingmerth,"33' 6""",33.500,1,-1
8,Justin Hicks,"34' 10""",34.833,1,-1
9,Chad Campbell,"34' 11""",34.917,1,-1
10,Russell Henley,"39' 9""",39.750,1,-1
10,Dean Wilson,"39' 9""",79.417,2,-2
12,Brendon de Jonge,"40' 2""",40.167,1,E
13,Henrik Norlander,"45' 3""",45.250,1,E
14,Dicky Pride,"47' 3""",94.417,2,-2
15,Jeff Overton,"52' 3""",52.250,1,-1
16,David Mathis,"52' 8""",210.500,4,-2
17,Brian Gay,"53' 9""",53.750,1,-1
18,Scott Gardiner,"55' 3""",55.250,1,-1
19,Lee Williams,"58' 11""",117.833,2,-1
20,Charlie Wi,"59' 5""",59.417,1,E
21,D.H. Lee,"61' 3""",61.250,1,E
22,Billy Horschel,"64' 7""",129.083,2,E
23,Tim Clark,"66' 3""",132.417,2,-2
24,Y.E. Yang,"71' 2""",142.333,2,-2
25,Bart Bryant,"74' 1""",74.083,1,-1
26,Charles Howell III,"77' 2""",77.167,1,E
27,John Huh,"77' 10""",155.583,2,E
28,Shane Bertsch,"89' 11""",89.917,1,+1
