rank,player,Avg,Total Distance (feet),# of Attempts,Relative to par
1,D.H. Lee,"26' 5""",26.417,1,-2
2,Fabián Gómez,"27' 7""",27.583,1,-1
3,Stephen Ames,"27' 11""",27.917,1,-1
4,Brian Gay,"33' 9""",33.750,1,-1
5,Bart Bryant,"34' 8""",34.667,1,-1
6,Lee Williams,"35' 5""",35.417,1,-1
7,Y.E. Yang,"36' 2""",72.333,2,-2
8,Jeff Maggert,"42' 2""",42.167,1,-1
9,Dean Wilson,"61' 6""",123.000,2,-1
10,Charlie Wi,"62' 4""",62.333,1,-1
11,Alistair Presnell,"63' 9""",63.750,1,-1
12,Steven Bowditch,"68' 3""",136.500,2,-1
13,Derek Ernst,"75' 8""",227.000,3,E
14,Doug LaBelle II,"77' 3""",77.250,1,-1
15,David Lingmerth,"77' 9""",77.750,1,-1
16,Mark Anderson,"85' 11""",85.917,1,-1
17,David Hearn,"97' 9""",97.750,1,-1
18,Brendon de Jonge,"105' 2""",105.167,1,E
