rank,player,Avg,Total Distance (feet),# of Attempts,Relative to par
1,Charlie Wi,"10""",.833,1,-1
2,Keegan Bradley,"1' 8""",1.667,1,-1
3,Justin Hicks,"2' 3""",2.250,1,-1
4,Matt Jones,"3' 9""",3.750,1,-1
5,Morgan Hoffmann,"4' 2""",4.167,1,-1
6,John Senden,"4' 3""",8.417,2,-1
7,Tim Clark,"4' 7""",13.833,3,-2
8,Bart Bryant,"5' 4""",10.667,2,-2
9,Carl Pettersson,"5' 9""",5.750,1,-1
10,Pat Perez,"6' 1""",6.083,1,-1
11,Harris English,"6' 2""",12.250,2,E
12,Marc Leishman,"6' 4""",6.333,1,E
13,Lee Williams,"6' 7""",33.083,5,-4
14,Chad Campbell,"7' 1""",14.083,2,-1
14,Fabián Gómez,"7' 1""",7.083,1,-1
16,Scott Piercy,"7' 3""",14.500,2,-1
17,Peter Tomasulo,"7' 7""",15.167,2,-1
18,Brian Gay,"8' 1""",24.250,3,-1
19,David Lingmerth,"8' 2""",16.333,2,-1
20,Russ Cochran,"8' 10""",17.667,2,-1
21,Jeff Overton,"9' 1""",18.167,2,-1
22,Vijay Singh,"9' 3""",18.500,2,E
23,Doug LaBelle II,"9' 6""",9.500,1,-1
23,Alistair Presnell,"9' 6""",19.000,2,-1
25,Stephen Ames,"9' 9""",9.750,1,-1
26,Josh Teater,"10' 5""",31.333,3,-1
27,Matt Kuchar,"10' 7""",10.583,1,-1
28,D.H. Lee,"11' 1""",11.083,1,E
29,Webb Simpson,"11' 4""",33.917,3,-2
30,Justin Leonard,"11' 9""",23.500,2,E
31,Chris Kirk,"12' 4""",12.333,1,E
32,Hideto Tanihara,"12' 6""",25.000,2,+2
33,David Mathis,"12' 7""",37.667,3,-1
34,Tim Herron,"12' 8""",12.667,1,-1
35,Shane Bertsch,"12' 9""",38.250,3,-1
36,Scott Langley,"13' 1""",39.167,3,-3
37,Cameron Percy,"13' 5""",13.417,1,E
38,Kyle Stanley,"14' 2""",14.167,1,-1
39,David Hearn,"14' 6""",43.583,3,-1
40,Dicky Pride,"14' 11""",14.917,1,-1
41,John Huh,"15' 0""",30.000,2,-1
42,Erik Compton,"16' 10""",16.833,1,E
43,Ricky Barnes,"17' 2""",51.500,3,-1
44,Kevin Streelman,"17' 9""",35.417,2,-1
45,Y.E. Yang,"18' 3""",72.833,4,E
46,Dean Wilson,"19' 3""",76.917,4,-2
47,Brendon de Jonge,"19' 4""",38.583,2,E
48,Russell Henley,"19' 10""",39.583,2,-1
49,George McNeill,"20' 11""",20.917,1,+1
50,John Daly,"21' 0""",41.917,2,E
51,Sangmoon Bae,"21' 9""",21.750,1,E
52,Brian Stuard,"27' 5""",27.417,1,+1
53,Henrik Norlander,"30' 8""",30.667,1,E
54,Billy Horschel,"30' 9""",30.750,1,E
