rank,player,Avg,Total Distance (feet),# of Attempts,GIR Rank
1,Webb Simpson,"26' 6""","1,910.083",72,Under
2,Kevin Streelman,"27' 5""","1,974.167",72,Under
3,Brian Stuard,"27' 9""","2,000.167",72,Under
4,Hideto Tanihara,"28' 4""","2,037.167",72,Under
5,Ben Kohles,"28' 7""","2,059.750",72,Under
6,Peter Tomasulo,"29' 5""","2,115.250",72,Under
7,Tim Clark,"29' 10""","2,146.833",72,Under
7,Brad Fritsch,"29' 10""","2,150.083",72,Under
9,Brian Gay,"30' 1""","2,164.583",72,Under
9,Ryan Palmer,"30' 1""","2,163.583",72,Under
11,Scott Langley,"30' 2""","2,171.417",72,Under
12,Dicky Pride,"30' 3""","2,180.667",72,Under
13,Russell Henley,"30' 4""","2,186.333",72,Under
13,Chris Kirk,"30' 4""","2,181.500",72,Under
15,John Huh,"30' 9""","2,212.833",72,Under
16,Scott Gardiner,"31' 0""","2,233.583",72,Under
16,Josh Teater,"31' 0""","2,231.000",72,Under
18,Rory Sabbatini,"31' 2""","2,243.000",72,Under
19,Jeff Overton,"31' 4""","2,254.250",72,Under
20,Nicholas Thompson,"31' 6""","2,267.083",72,Under
21,Vijay Singh,"31' 11""","2,295.917",72,Under
22,Ricky Barnes,"32' 3""","2,321.250",72,Under
23,Doug LaBelle II,"32' 5""","2,332.250",72,Under
23,David Mathis,"32' 5""","2,335.583",72,Under
25,Shane Bertsch,"32' 7""","2,347.917",72,Under
25,Jeff Maggert,"32' 7""","2,344.833",72,Under
25,Carl Pettersson,"32' 7""","2,345.583",72,Under
25,John Rollins,"32' 7""","2,348.333",72,Under
29,Mark Anderson,"32' 8""","2,352.417",72,Under
29,Tommy Gainey,"32' 8""","2,350.333",72,Under
31,Shawn Stefani,"32' 10""","2,361.833",72,Under
32,Dean Wilson,"32' 11""","2,371.583",72,Under
33,Derek Ernst,"33' 2""","2,389.417",72,Under
34,Henrik Norlander,"33' 4""","2,402.167",72,Under
35,Matt Kuchar,"33' 8""","2,425.167",72,Under
35,Y.E. Yang,"33' 8""","2,423.833",72,Under
37,Erik Compton,"33' 10""","2,435.750",72,Under
37,Justin Hicks,"33' 10""","2,434.917",72,Under
39,James Hahn,"33' 11""","2,442.917",72,Under
40,Matt Jones,"34' 1""","2,455.500",72,Under
41,Cameron Percy,"34' 4""","2,471.333",72,Under
42,John Senden,"34' 5""","2,477.667",72,Under
43,Pat Perez,"34' 7""","2,490.667",72,Under
44,Keegan Bradley,"34' 9""","2,500.500",72,Under
45,Stephen Ames,"34' 11""","2,513.417",72,Under
45,David Lingmerth,"34' 11""","2,516.917",72,Under
47,D.H. Lee,"35' 2""","2,530.750",72,Under
48,Marc Leishman,"35' 3""","2,540.750",72,Under
49,George McNeill,"35' 6""","2,553.500",72,Under
50,Lee Williams,"35' 10""","2,578.167",72,Under
51,Harris English,"35' 11""","2,585.583",72,Under
51,Fabián Gómez,"35' 11""","2,588.417",72,Under
53,Russ Cochran,"36' 0""","2,593.583",72,Under
54,Chad Campbell,"36' 1""","2,599.167",72,Under
55,Justin Leonard,"36' 3""","2,607.333",72,Under
56,John Daly,"36' 4""","2,615.833",72,Over
57,Morgan Hoffmann,"36' 6""","2,630.250",72,Under
58,Brendon de Jonge,"36' 7""","2,636.333",72,Under
58,Scott Piercy,"36' 7""","2,634.417",72,Under
60,Jimmy Walker,"36' 8""","2,637.750",72,Under
60,Charlie Wi,"36' 8""","2,639.000",72,Under
62,David Hearn,"36' 10""","2,650.833",72,Under
63,Danny Lee,"37' 1""","2,668.500",72,Under
64,Charles Howell III,"37' 4""","2,688.500",72,Under
65,Billy Horschel,"37' 5""","2,694.750",72,Under
66,Bart Bryant,"37' 9""","2,715.083",72,Under
67,Sangmoon Bae,"37' 11""","2,728.750",72,Under
68,Kyle Stanley,"38' 7""","2,775.000",72,Under
69,Steven Bowditch,"39' 7""","2,848.333",72,Under
70,Jason Kokrak,"40' 1""","2,888.083",72,Even
71,Steve Marino,"40' 11""","2,905.167",71,Under
72,Robert Streb,"41' 3""","2,970.000",72,Over
73,Alistair Presnell,"41' 9""","3,006.083",72,Under
74,Tim Herron,"42' 2""","3,038.500",72,Under
