rank,player,Avg,Total Distance (feet),# of Attempts,Relative to par
1,Steve Marino,"1' 3""",1.250,1,-1
2,Webb Simpson,"3' 0""",3.000,1,-1
3,Henrik Norlander,"4' 0""",4.000,1,E
4,John Huh,"5' 1""",5.083,1,E
5,David Mathis,"6' 1""",12.167,2,-2
6,Josh Teater,"7' 10""",7.833,1,E
7,Scott Piercy,"7' 11""",15.750,2,-1
8,Kyle Stanley,"8' 8""",17.333,2,E
9,Kevin Streelman,"8' 9""",17.500,2,E
10,Ryan Palmer,"9' 2""",27.417,3,-1
11,Peter Tomasulo,"9' 5""",9.417,1,E
12,Russ Cochran,"9' 10""",19.583,2,-1
13,Keegan Bradley,"10' 6""",21.000,2,E
14,Brian Stuard,"10' 7""",10.583,1,E
15,John Daly,"10' 8""",42.667,4,-1
16,Jeff Maggert,"11' 1""",22.167,2,E
17,Lee Williams,"11' 11""",23.750,2,-1
18,Fabián Gómez,"12' 3""",12.250,1,E
19,Bart Bryant,"12' 6""",24.917,2,E
20,David Lingmerth,"12' 7""",25.167,2,-1
20,Jeff Overton,"12' 7""",25.167,2,+1
22,Justin Hicks,"13' 5""",26.833,2,E
23,Marc Leishman,"13' 7""",27.083,2,-1
24,Tommy Gainey,"13' 8""",27.250,2,E
25,Ben Kohles,"13' 9""",55.000,4,-2
26,Brian Gay,"13' 10""",41.583,3,-1
27,George McNeill,"14' 0""",14.000,1,E
28,Steven Bowditch,"14' 1""",14.083,1,E
29,Scott Gardiner,"14' 2""",28.250,2,E
30,Erik Compton,"14' 9""",44.167,3,-2
31,Chris Kirk,"14' 10""",29.583,2,-1
32,Scott Langley,"15' 3""",15.250,1,-1
33,Danny Lee,"16' 1""",48.167,3,-1
34,Mark Anderson,"16' 8""",16.667,1,E
35,Dicky Pride,"20' 1""",20.083,1,+1
36,Carl Pettersson,"20' 3""",60.750,3,E
36,Hideto Tanihara,"20' 3""",60.667,3,-1
38,Justin Leonard,"20' 8""",41.333,2,E
39,Brad Fritsch,"20' 11""",83.500,4,E
40,Jimmy Walker,"21' 8""",43.333,2,-1
41,Jason Kokrak,"22' 10""",45.667,2,-1
42,Shawn Stefani,"22' 11""",22.917,1,+1
43,Stephen Ames,"27' 8""",27.667,1,+1
43,James Hahn,"27' 8""",55.250,2,+1
45,Robert Streb,"33' 1""",66.083,2,E
46,David Hearn,"34' 2""",34.167,1,E
47,Dean Wilson,"35' 3""",35.250,1,+1
