rank,player,Avg (Yards),Total Distance (inches),Number of Approach Shots
1,Grayson Murray,102.2,"36,778,000",10
2,Marc Leishman,126.0,"27,209,000",6
3,Dustin Johnson,129.6,"23,319,000",5
4,Si Woo Kim,131.8,"33,205,000",7
5,Xander Schauffele,132.6,"57,270,000",12
6,Chris Stroud,139.6,"55,273,000",11
7,D.A. Points,139.7,"70,391,000",14
8,Patrick Cantlay,142.5,"35,908,000",7
9,Kevin Chappell,143.0,"51,479,000",10
10,Jason Dufner,143.2,"41,235,000",8
11,Kyle Stanley,144.8,"57,326,000",11
12,Wesley Bryan,149.0,"85,803,000",16
13,Hideki Matsuyama,149.5,"43,060,000",8
14,Jon Rahm,150.3,"48,693,000",9
15,Brian Harman,150.6,"37,946,000",7
16,Ryan Armour,152.8,"49,499,000",9
17,Patton Kizzire,153.4,"49,714,000",9
18,Billy Horschel,153.6,"44,238,000",8
19,Pat Perez,154.0,"38,818,000",7
20,Brendan Steele,158.2,"74,017,000",13
21,Adam Hadwin,160.0,"69,105,000",12
22,Russell Henley,162.9,"64,495,000",11
23,Jordan Spieth,163.8,"41,267,000",7
24,Jhonattan Vegas,165.3,"65,467,000",11
25,Brooks Koepka,169.7,"103,866,000",17
26,Bryson DeChambeau,174.2,"100,318,000",16
27,Austin Cook,175.4,"88,394,000",14
28,Kevin Kisner,176.2,"69,792,000",11
29,Cameron Smith,176.7,"44,536,000",7
30,Justin Thomas,179.6,"71,129,000",11
31,Jonas Blixt,181.1,"91,295,000",14
32,Daniel Berger,182.1,"39,337,000",6
33,Rickie Fowler,187.1,"26,949,000",4
34,Hudson Swafford,191.0,"55,007,000",8
