rank,player,Avg (Yards),Total Distance (inches),Number of Approach Shots
1,Jason Dufner,151.1,"97,907,000",18
2,Ryan Armour,154.2,"94,365,000",17
3,Kevin Kisner,161.8,"110,642,000",19
4,Patton Kizzire,164.5,"112,515,000",19
5,Wesley Bryan,165.9,"119,448,000",20
6,Si Woo Kim,168.1,"108,941,000",18
7,Pat Perez,170.0,"140,752,000",23
8,D.A. Points,177.9,"64,046,000",10
9,Jonas Blixt,185.1,"113,280,000",17
10,Jordan Spieth,185.4,"126,786,000",19
11,Cameron Smith,187.8,"121,724,000",18
12,Russell Henley,190.0,"136,773,000",20
13,Chris Stroud,190.6,"144,115,000",21
14,Billy Horschel,191.9,"131,226,000",19
15,Adam Hadwin,193.3,"76,566,000",11
16,Kevin Chappell,197.5,"120,855,000",17
17,Bryson DeChambeau,197.8,"149,562,000",21
18,Marc Leishman,198.1,"135,467,000",19
19,Brian Harman,200.2,"151,348,000",21
20,Brooks Koepka,201.7,"65,365,000",9
21,Austin Cook,203.4,"139,139,000",19
22,Kyle Stanley,203.5,"87,928,000",12
23,Brendan Steele,204.0,"117,488,000",16
24,Rickie Fowler,204.3,"139,772,000",19
25,Grayson Murray,206.3,"118,845,000",16
26,Jhonattan Vegas,218.2,"172,831,000",22
27,Daniel Berger,221.4,"151,427,000",19
28,Jon Rahm,223.5,"185,091,000",23
29,Justin Thomas,226.3,"154,785,000",19
30,Xander Schauffele,226.4,"130,420,000",16
31,Hideki Matsuyama,236.2,"178,551,000",21
32,Patrick Cantlay,236.8,"153,422,000",18
33,Hudson Swafford,242.6,"122,292,000",14
34,Dustin Johnson,244.0,"228,402,000",26
