rank,player,Avg,Total Dist after Tee Shot,Total Tee Shots
1,Dustin Johnson,127.7,"275,756.000",60
2,Jon Rahm,132.0,"285,114.000",60
3,Grayson Murray,134.0,"279,826.000",58
4,Kevin Chappell,135.3,"292,170.000",60
5,Jhonattan Vegas,137.8,"292,775.000",59
6,Xander Schauffele,140.0,"302,454.000",60
7,Justin Thomas,140.2,"297,741.000",59
8,Hideki Matsuyama,141.8,"306,395.000",60
9,Patrick Cantlay,142.4,"307,516.000",60
10,Brendan Steele,142.7,"303,111.000",59
11,Jordan Spieth,143.1,"303,866.000",59
12,Brooks Koepka,143.2,"288,707.000",56
13,Bryson DeChambeau,144.3,"306,411.000",59
14,Hudson Swafford,145.4,"303,696.000",58
15,Daniel Berger,147.0,"317,513.000",60
15,Marc Leishman,147.0,"317,622.000",60
17,Cameron Smith,147.9,"314,133.000",59
18,Kyle Stanley,148.0,"319,644.000",60
19,Russell Henley,149.2,"322,300.000",60
20,Rickie Fowler,151.3,"326,806.000",60
20,Si Woo Kim,151.3,"326,806.000",60
22,Patton Kizzire,151.4,"327,073.000",60
23,Billy Horschel,152.2,"323,250.000",59
24,Chris Stroud,153.0,"324,984.000",59
25,Jason Dufner,153.6,"326,288.000",59
26,Austin Cook,153.9,"326,813.000",59
27,Brian Harman,154.3,"327,660.000",59
28,Adam Hadwin,156.6,"332,619.000",59
29,Jonas Blixt,157.2,"311,321.000",55
30,Kevin Kisner,158.4,"330,768.000",58
31,Pat Perez,160.1,"345,865.000",60
32,Ryan Armour,163.8,"353,707.000",60
33,D.A. Points,167.3,"349,420.000",58
34,Wesley Bryan,168.1,"338,979.000",56
