rank,player,Distance,Tournament,Round- Course,Hole
1,Dustin Johnson,72,Sentry T of C,3,12 - Par 4
2,Billy Horschel,46,Sentry T of C,4,17 - Par 4
3,Brian Harman,26,Sentry T of C,2,15 - Par 5
4,Jordan Spieth,24,Sentry T of C,2,9 - Par 5 -
6,Brendan Steele,14,Sentry T of C,1,3 - Par 4 -
7,Ryan Armour,12,Sentry T of C,3,18 - Par 5
8,Wesley Bryan,11,Sentry T of C,2,6 - Par 4 -
9,Jon Rahm,10,Sentry T of C,1,2 - Par 3 -
10,Patton Kizzire,9,Sentry T of C,3,18 - Par 5
12,Jonas Blixt,8,Sentry T of C,2,11 - Par 3
13,Bryson DeChambeau,6,Sentry T of C,1,10 - Par 4
14,Hideki Matsuyama,6,Sentry T of C,1,17 - Par 4
15,Grayson Murray,5,Sentry T of C,2,13 - Par 4
16,Rickie Fowler,4,Sentry T of C,3,16 - Par 4
