rank,player,Avg (Yards),Total Distance (inches),Number of Approach Shots
1,Austin Cook,134.7,"189,127,000",39
2,Kevin Kisner,138.3,"209,107,000",42
3,Cameron Smith,140.6,"227,709,000",45
4,Ryan Armour,141.6,"234,512,000",46
5,D.A. Points,145.3,"245,809,000",47
6,Patton Kizzire,146.4,"226,608,000",43
7,Hudson Swafford,148.4,"261,799,000",49
8,Rickie Fowler,149.3,"252,670,000",47
9,Bryson DeChambeau,149.4,"188,250,000",35
10,Si Woo Kim,151.2,"250,372,000",46
11,Daniel Berger,151.4,"245,197,000",45
12,Chris Stroud,151.9,"218,736,000",40
13,Pat Perez,153.4,"226,355,000",41
14,Marc Leishman,153.9,"260,470,000",47
15,Russell Henley,154.6,"228,151,000",41
16,Jhonattan Vegas,154.9,"217,498,000",39
17,Jordan Spieth,155.5,"251,909,000",45
18,Brian Harman,156.5,"247,947,000",44
19,Jason Dufner,161.0,"260,894,000",45
20,Justin Thomas,161.4,"238,201,000",41
21,Brendan Steele,162.4,"245,507,000",42
22,Billy Horschel,163.3,"264,569,000",45
23,Dustin Johnson,163.5,"241,260,000",41
24,Jonas Blixt,164.1,"242,202,000",41
25,Brooks Koepka,164.3,"272,006,000",46
26,Jon Rahm,165.5,"238,280,000",40
27,Wesley Bryan,165.6,"208,707,000",35
28,Adam Hadwin,168.0,"296,300,000",49
29,Patrick Cantlay,168.2,"278,555,000",46
30,Kyle Stanley,168.4,"291,046,000",48
31,Kevin Chappell,169.4,"268,375,000",44
32,Xander Schauffele,172.5,"273,226,000",44
33,Grayson Murray,177.5,"287,519,000",45
34,Hideki Matsuyama,178.5,"276,324,000",43
