rank,player,%,Total Birdies,Total Holes,GIR Rank
1,Jordan Spieth,41.67,30,72,11
2,Brooks Koepka,34.72,25,72,3
3,Smylie Kaufman,33.33,24,72,3
3,Kevin Kisner,33.33,24,72,17
3,Brandt Snedeker,33.33,24,72,1
3,Jimmy Walker,33.33,24,72,23
7,Steven Bowditch,31.94,23,72,26
7,Jason Day,31.94,23,72,14
7,Rickie Fowler,31.94,23,72,5
7,Peter Malnati,31.94,23,72,23
7,Bubba Watson,31.94,23,72,8
12,Dustin Johnson,30.56,22,72,17
12,Zach Johnson,30.56,22,72,17
12,Danny Lee,30.56,22,72,17
12,Patrick Reed,30.56,22,72,8
16,Fabián Gómez,29.17,21,72,5
16,Emiliano Grillo,29.17,21,72,11
16,Padraig Harrington,29.17,21,72,11
16,Justin Thomas,29.17,21,72,26
20,J.B. Holmes,27.78,20,72,17
20,David Lingmerth,27.78,20,72,26
20,Troy Merritt,27.78,20,72,14
20,Scott Piercy,27.78,20,72,30
24,Matt Every,26.39,19,72,23
24,Davis Love III,26.39,19,72,30
26,Alex Cejka,23.61,17,72,8
26,Bill Haas,23.61,17,72,17
26,Chris Kirk,23.61,17,72,5
29,Russell Knox,20.83,15,72,1
30,Graeme McDowell,19.44,14,72,14
31,James Hahn,16.67,12,72,32
32,J.J. Henry,11.11,8,72,26
