rank,player,Avg,Total Strokes,Total Adjustment,Total Rounds
1,Jordan Spieth,68.693,262,12.770,4
2,Patrick Reed,70.693,270,12.770,4
3,Brooks Koepka,70.943,271,12.770,4
3,Brandt Snedeker,70.943,271,12.770,4
5,Rickie Fowler,71.193,272,12.770,4
6,Fabián Gómez,71.943,275,12.770,4
6,Padraig Harrington,71.943,275,12.770,4
6,Peter Malnati,71.943,275,12.770,4
9,Kevin Kisner,72.193,276,12.770,4
10,Steven Bowditch,72.443,277,12.770,4
10,Jason Day,72.443,277,12.770,4
10,Dustin Johnson,72.443,277,12.770,4
10,Jimmy Walker,72.443,277,12.770,4
10,Bubba Watson,72.443,277,12.770,4
15,Smylie Kaufman,72.693,278,12.770,4
15,Danny Lee,72.693,278,12.770,4
15,David Lingmerth,72.693,278,12.770,4
18,Emiliano Grillo,73.193,280,12.770,4
18,Bill Haas,73.193,280,12.770,4
18,Troy Merritt,73.193,280,12.770,4
21,Alex Cejka,73.443,281,12.770,4
21,Zach Johnson,73.443,281,12.770,4
21,Justin Thomas,73.443,281,12.770,4
24,J.B. Holmes,73.943,283,12.770,4
24,Chris Kirk,73.943,283,12.770,4
24,Scott Piercy,73.943,283,12.770,4
27,Russell Knox,74.193,284,12.770,4
28,Matt Every,74.943,287,12.770,4
29,Davis Love III,75.193,288,12.770,4
29,Graeme McDowell,75.193,288,12.770,4
31,James Hahn,76.943,295,12.770,4
31,J.J. Henry,76.943,295,12.770,4
