rank,player,Avg,# of Birdies,Total Rounds
1,Jordan Spieth,7.00,28,4
2,Smylie Kaufman,6.00,24,4
2,Brooks Koepka,6.00,24,4
2,Brandt Snedeker,6.00,24,4
2,Jimmy Walker,6.00,24,4
6,Steven Bowditch,5.75,23,4
6,Kevin Kisner,5.75,23,4
6,Peter Malnati,5.75,23,4
6,Bubba Watson,5.75,23,4
10,Jason Day,5.50,22,4
10,Rickie Fowler,5.50,22,4
10,Dustin Johnson,5.50,22,4
13,Fabián Gómez,5.25,21,4
13,Emiliano Grillo,5.25,21,4
13,Zach Johnson,5.25,21,4
13,Patrick Reed,5.25,21,4
17,Padraig Harrington,5.00,20,4
17,J.B. Holmes,5.00,20,4
17,Danny Lee,5.00,20,4
17,Scott Piercy,5.00,20,4
17,Justin Thomas,5.00,20,4
22,Matt Every,4.75,19,4
22,David Lingmerth,4.75,19,4
22,Davis Love III,4.75,19,4
22,Troy Merritt,4.75,19,4
26,Alex Cejka,4.25,17,4
26,Bill Haas,4.25,17,4
26,Chris Kirk,4.25,17,4
29,Russell Knox,3.75,15,4
30,Graeme McDowell,3.50,14,4
31,James Hahn,3.00,12,4
32,J.J. Henry,2.00,8,4
