rank,player,Avg,Total Strokes,Total Late Rounds
1,Dustin Johnson,67.67,203,3
2,Steve Stricker,69.00,207,3
3,Brandt Snedeker,69.67,209,3
4,Keegan Bradley,70.00,70,1
4,Bubba Watson,70.00,210,3
6,Tommy Gainey,70.33,211,3
7,Carl Pettersson,70.67,212,3
8,Marc Leishman,71.00,71,1
9,Scott Piercy,71.50,143,2
10,Kyle Stanley,72.00,72,1
10,Johnson Wagner,72.00,144,2
10,Nick Watney,72.00,216,3
13,J.J. Henry,72.50,145,2
14,Charlie Beljan,73.00,146,2
14,Bill Haas,73.00,146,2
14,Zach Johnson,73.00,146,2
14,George McNeill,73.00,73,1
14,"Ted Potter, Jr.",73.00,73,1
19,Hunter Mahan,74.33,223,3
20,Ryan Moore,76.00,76,1
