rank,player,Avg,Total Strokes,Total 10th Tee Late Rnds.
1,Steve Stricker,67.00,67,1
2,Dustin Johnson,69.00,69,1
3,Carl Pettersson,70.00,70,1
3,Brandt Snedeker,70.00,70,1
3,Bubba Watson,70.00,70,1
6,Charlie Beljan,71.00,71,1
6,Marc Leishman,71.00,71,1
8,Tommy Gainey,72.00,72,1
8,Zach Johnson,72.00,72,1
8,Scott Piercy,72.00,72,1
8,Kyle Stanley,72.00,72,1
8,Johnson Wagner,72.00,72,1
13,George McNeill,73.00,73,1
13,"Ted Potter, Jr.",73.00,73,1
13,Nick Watney,73.00,73,1
16,J.J. Henry,74.00,74,1
17,Bill Haas,75.00,75,1
18,Hunter Mahan,75.50,151,2
19,Ryan Moore,76.00,76,1
