rank,player,Avg,Total SG:Putting,Measured Rounds
1,Cameron Smith,1.616,6.464,4
2,Matt Jones,1.585,6.340,4
3,Kevin Kisner,1.347,5.389,4
4,Patrick Reed,1.198,4.794,4
5,Jon Rahm,1.066,4.266,4
6,Max Homa,.886,3.546,4
7,Billy Horschel,.802,3.210,4
8,Lucas Herbert,.769,3.076,4
9,Marc Leishman,.707,2.829,4
10,Jordan Spieth,.579,2.318,4
11,Xander Schauffele,.554,2.216,4
12,Sungjae Im,.522,2.090,4
13,Sam Burns,.291,1.163,4
14,Patrick Cantlay,.234,.935,4
15,Cam Davis,.175,.702,4
16,Si Woo Kim,.137,.547,4
17,Collin Morikawa,.112,.448,4
18,Bryson DeChambeau,-.113,-.450,4
19,Kevin Na,-.128,-.512,4
20,Justin Thomas,-.139,-.557,4
21,Phil Mickelson,-.152,-.608,4
22,Seamus Power,-.210,-.839,4
23,Harris English,-.290,-1.161,4
24,Erik van Rooyen,-.299,-1.197,4
25,Garrick Higgo,-.343,-1.373,4
26,Joel Dahmen,-.471,-1.883,4
27,Hideki Matsuyama,-.524,-2.096,4
28,Tony Finau,-.533,-2.132,4
29,Branden Grace,-.561,-2.243,4
30,Talor Gooch,-.586,-2.343,4
31,K.H. Lee,-.655,-2.618,4
32,Abraham Ancer,-.688,-2.750,4
33,Viktor Hovland,-.805,-3.219,4
34,Brooks Koepka,-.891,-3.564,4
35,Daniel Berger,-.936,-3.742,4
36,Stewart Cink,-.970,-3.881,4
37,Jason Kokrak,-1.314,-5.255,4
38,Lucas Glover,-1.977,-7.908,4
