rank,player,Avg,Total SG:ARG,Measured Rounds
1,Billy Horschel,.840,3.361,4
2,Matt Jones,.725,2.900,4
3,Harris English,.527,2.107,4
4,Justin Thomas,.525,2.098,4
5,Hideki Matsuyama,.439,1.756,4
6,Jon Rahm,.421,1.684,4
7,Cameron Smith,.416,1.665,4
8,Lucas Glover,.394,1.574,4
9,Brooks Koepka,.382,1.529,4
10,Daniel Berger,.358,1.431,4
11,Jordan Spieth,.323,1.290,4
12,Talor Gooch,.261,1.042,4
13,Si Woo Kim,.258,1.032,4
14,Cam Davis,.205,.820,4
15,Xander Schauffele,.188,.750,4
16,Sam Burns,.165,.659,4
17,Kevin Na,.102,.407,4
18,Sungjae Im,.090,.359,4
19,Tony Finau,.055,.218,4
20,Kevin Kisner,.054,.215,4
21,Phil Mickelson,.040,.159,4
22,Seamus Power,.034,.135,4
23,Patrick Cantlay,.004,.016,4
24,Lucas Herbert,-.016,-.063,4
25,Stewart Cink,-.037,-.147,4
26,Patrick Reed,-.076,-.304,4
27,Jason Kokrak,-.171,-.685,4
28,Erik van Rooyen,-.330,-1.320,4
29,Bryson DeChambeau,-.367,-1.468,4
30,Marc Leishman,-.397,-1.587,4
31,Garrick Higgo,-.402,-1.610,4
32,K.H. Lee,-.419,-1.677,4
33,Max Homa,-.434,-1.736,4
34,Collin Morikawa,-.439,-1.755,4
35,Abraham Ancer,-.536,-2.146,4
36,Branden Grace,-.710,-2.839,4
37,Joel Dahmen,-.914,-3.655,4
38,Viktor Hovland,-1.557,-6.229,4
