rank,player,Avg,Total SG:APP,Measured Rounds
1,Daniel Berger,1.599,6.395,4
2,Jon Rahm,1.314,5.254,4
3,Viktor Hovland,1.029,4.115,4
4,Patrick Cantlay,.894,3.577,4
5,Hideki Matsuyama,.876,3.504,4
6,Collin Morikawa,.874,3.495,4
7,Kevin Kisner,.680,2.718,4
7,Cameron Smith,.680,2.719,4
9,Kevin Na,.631,2.523,4
10,Marc Leishman,.529,2.117,4
11,Bryson DeChambeau,.523,2.090,4
12,Brooks Koepka,.370,1.479,4
13,Seamus Power,.343,1.372,4
14,Justin Thomas,.313,1.253,4
15,Garrick Higgo,.288,1.153,4
16,Matt Jones,.234,.936,4
17,Talor Gooch,.183,.730,4
18,Stewart Cink,.158,.633,4
19,Joel Dahmen,.096,.385,4
20,Tony Finau,.076,.303,4
21,Patrick Reed,.052,.206,4
22,Sungjae Im,.008,.031,4
23,Cam Davis,.001,.004,4
24,Branden Grace,-.005,-.020,4
25,Xander Schauffele,-.068,-.273,4
26,Erik van Rooyen,-.147,-.587,4
27,Harris English,-.193,-.773,4
28,Max Homa,-.249,-.995,4
29,Sam Burns,-.321,-1.284,4
30,Abraham Ancer,-.458,-1.834,4
31,Phil Mickelson,-.733,-2.933,4
32,K.H. Lee,-.796,-3.186,4
33,Jason Kokrak,-1.073,-4.291,4
34,Jordan Spieth,-1.109,-4.436,4
35,Lucas Glover,-1.253,-5.011,4
36,Si Woo Kim,-1.355,-5.420,4
37,Lucas Herbert,-1.893,-7.574,4
38,Billy Horschel,-2.097,-8.389,4
