rank,player,Avg RTP,Total Holes,Total RTP
1,Vijay Singh,+.143,7,+1.00
2,Stephen Ames,+.200,5,+1.00
3,John Rollins,+.300,10,+3.00
4,Eric Axley,+.333,3,+1.00
4,J.J. Henry,+.333,6,+2.00
6,Chris Couch,+.429,7,+3.00
6,Tim Herron,+.429,7,+3.00
6,Corey Pavin,+.429,7,+3.00
9,Rory Sabbatini,+.455,11,+5.00
10,Chad Campbell,+.500,8,+4.00
10,Luke Donald,+.500,6,+3.00
10,Jim Furyk,+.500,4,+2.00
10,Trevor Immelman,+.500,4,+2.00
10,Carl Pettersson,+.500,6,+3.00
15,Troy Matteson,+.571,7,+4.00
16,K.J. Choi,+.625,8,+5.00
17,Jeff Maggert,+.636,11,+7.00
18,Joe Durant,+.667,6,+4.00
18,John Senden,+.667,6,+4.00
20,Rod Pampling,+.714,7,+5.00
20,Brett Wetterich,+.714,7,+5.00
22,Adam Scott,+.750,4,+3.00
22,Kirk Triplett,+.750,4,+3.00
24,J.B. Holmes,+.800,5,+4.00
25,David Toms,+.833,6,+5.00
26,Ben Curtis,+.857,7,+6.00
27,Aaron Baddeley,+.900,10,+9.00
28,Stuart Appleby,+1.000,3,+3.00
28,Davis Love III,+1.000,2,+2.00
28,Will MacKenzie,+1.000,3,+3.00
28,Geoff Ogilvy,+1.000,4,+4.00
28,D.J. Trahan,+1.000,7,+7.00
33,Dean Wilson,+1.200,5,+6.00
