rank,player,Avg RTP,Total Holes,Total RTP
1,Corey Pavin,E,6,E
2,Luke Donald,+.125,8,+1.00
2,Vijay Singh,+.125,8,+1.00
4,Stuart Appleby,+.167,12,+2.00
5,John Rollins,+.222,9,+2.00
6,Chad Campbell,+.250,12,+3.00
6,Jim Furyk,+.250,4,+1.00
8,Carl Pettersson,+.273,11,+3.00
8,Rory Sabbatini,+.273,11,+3.00
10,Stephen Ames,+.286,7,+2.00
10,J.J. Henry,+.286,7,+2.00
10,D.J. Trahan,+.286,7,+2.00
13,Trevor Immelman,+.333,6,+2.00
13,David Toms,+.333,6,+2.00
15,Tim Herron,+.375,8,+3.00
16,Troy Matteson,+.400,5,+2.00
17,Will MacKenzie,+.429,7,+3.00
18,Brett Wetterich,+.444,9,+4.00
19,Ben Curtis,+.455,11,+5.00
20,Joe Durant,+.500,8,+4.00
20,Rod Pampling,+.500,4,+2.00
20,Adam Scott,+.500,2,+1.00
23,Geoff Ogilvy,+.556,9,+5.00
24,Eric Axley,+.600,10,+6.00
24,K.J. Choi,+.600,5,+3.00
24,Kirk Triplett,+.600,5,+3.00
27,Dean Wilson,+.625,8,+5.00
28,Chris Couch,+.667,6,+4.00
28,Davis Love III,+.667,3,+2.00
30,Aaron Baddeley,+.700,10,+7.00
31,John Senden,+.714,7,+5.00
32,Jeff Maggert,+.833,6,+5.00
33,J.B. Holmes,+1.000,3,+3.00
