rank,player,Avg RTP,Total Holes,Total RTP
1,Trevor Immelman,-.500,2,-1.00
2,Stephen Ames,E,2,E
2,Chris Couch,E,2,E
2,Will MacKenzie,E,2,E
5,Aaron Baddeley,+.167,6,+1.00
5,John Senden,+.167,6,+1.00
7,Troy Matteson,+.200,5,+1.00
8,K.J. Choi,+.286,7,+2.00
9,John Rollins,+.333,6,+2.00
9,Vijay Singh,+.333,3,+1.00
9,Kirk Triplett,+.333,3,+1.00
12,Rod Pampling,+.400,5,+2.00
13,Corey Pavin,+.429,7,+3.00
13,Carl Pettersson,+.429,7,+3.00
13,Adam Scott,+.429,7,+3.00
16,Stuart Appleby,+.500,4,+2.00
16,Eric Axley,+.500,4,+2.00
16,Joe Durant,+.500,2,+1.00
16,Tim Herron,+.500,4,+2.00
16,Davis Love III,+.500,2,+1.00
16,Geoff Ogilvy,+.500,2,+1.00
22,Jeff Maggert,+.571,7,+4.00
23,David Toms,+.600,5,+3.00
24,Jim Furyk,+.667,3,+2.00
24,J.J. Henry,+.667,3,+2.00
26,Brett Wetterich,+.714,7,+5.00
27,Chad Campbell,+1.000,1,+1.00
27,Ben Curtis,+1.000,9,+9.00
27,Luke Donald,+1.000,1,+1.00
27,J.B. Holmes,+1.000,2,+2.00
27,Rory Sabbatini,+1.000,6,+6.00
27,D.J. Trahan,+1.000,2,+2.00
33,Dean Wilson,+1.200,5,+6.00
