rank,player,Avg RTP,Total Holes,Total RTP
1,Adam Scott,E,2,E
1,Vijay Singh,E,1,E
3,Joe Durant,+.333,3,+1.00
4,Luke Donald,+.500,2,+1.00
4,J.J. Henry,+.500,2,+1.00
4,John Senden,+.500,4,+2.00
7,Rory Sabbatini,+.625,8,+5.00
8,Chris Couch,+.667,3,+2.00
8,Will MacKenzie,+.667,3,+2.00
8,Jeff Maggert,+.667,3,+2.00
11,Ben Curtis,+.750,4,+3.00
11,Davis Love III,+.750,4,+3.00
13,J.B. Holmes,+.800,5,+4.00
13,John Rollins,+.800,5,+4.00
15,Eric Axley,+1.000,1,+1.00
15,Jim Furyk,+1.000,1,+1.00
15,Tim Herron,+1.000,2,+2.00
15,Trevor Immelman,+1.000,2,+2.00
15,Troy Matteson,+1.000,2,+2.00
15,Rod Pampling,+1.000,5,+5.00
15,Carl Pettersson,+1.000,1,+1.00
15,David Toms,+1.000,1,+1.00
15,Kirk Triplett,+1.000,2,+2.00
15,Dean Wilson,+1.000,4,+4.00
25,Chad Campbell,+1.125,8,+9.00
26,Stuart Appleby,+1.200,5,+6.00
27,Geoff Ogilvy,+1.250,4,+5.00
27,D.J. Trahan,+1.250,8,+10.00
29,Brett Wetterich,+1.333,3,+4.00
30,K.J. Choi,+1.500,2,+3.00
31,Aaron Baddeley,+1.600,5,+8.00
31,Corey Pavin,+1.600,5,+8.00
33,Stephen Ames,+2.000,1,+2.00
