rank,player,Avg,Total Putts,Total Rounds
1,Harris English,25.00,25,1
1,Lucas Herbert,25.00,25,1
1,Matt Jones,25.00,25,1
4,Abraham Ancer,26.00,26,1
4,Cam Davis,26.00,26,1
4,Billy Horschel,26.00,26,1
4,Collin Morikawa,26.00,26,1
8,Kevin Kisner,27.00,27,1
8,Justin Thomas,27.00,27,1
10,Joel Dahmen,28.00,28,1
10,Bryson DeChambeau,28.00,28,1
10,Garrick Higgo,28.00,28,1
10,Jon Rahm,28.00,28,1
10,Cameron Smith,28.00,28,1
10,Jordan Spieth,28.00,28,1
16,Patrick Cantlay,29.00,29,1
16,Tony Finau,29.00,29,1
16,Branden Grace,29.00,29,1
16,Si Woo Kim,29.00,29,1
16,Brooks Koepka,29.00,29,1
16,K.H. Lee,29.00,29,1
16,Phil Mickelson,29.00,29,1
16,Kevin Na,29.00,29,1
16,Patrick Reed,29.00,29,1
16,Xander Schauffele,29.00,29,1
16,Erik van Rooyen,29.00,29,1
27,Daniel Berger,30.00,30,1
27,Lucas Glover,30.00,30,1
27,Talor Gooch,30.00,30,1
27,Viktor Hovland,30.00,30,1
27,Sungjae Im,30.00,30,1
27,Marc Leishman,30.00,30,1
33,Sam Burns,31.00,31,1
33,Hideki Matsuyama,31.00,31,1
33,Seamus Power,31.00,31,1
36,Max Homa,32.00,32,1
36,Jason Kokrak,32.00,32,1
38,Stewart Cink,34.00,34,1
