rank,player,Avg,Total Putts,Total Rounds
1,Billy Horschel,26.00,26,1
2,Max Homa,27.00,27,1
2,Si Woo Kim,27.00,27,1
2,Kevin Kisner,27.00,27,1
2,Hideki Matsuyama,27.00,27,1
2,Seamus Power,27.00,27,1
2,Cameron Smith,27.00,27,1
8,Sam Burns,28.00,28,1
8,Stewart Cink,28.00,28,1
8,Marc Leishman,28.00,28,1
8,Patrick Reed,28.00,28,1
8,Xander Schauffele,28.00,28,1
13,Daniel Berger,29.00,29,1
13,Bryson DeChambeau,29.00,29,1
13,Lucas Herbert,29.00,29,1
13,Matt Jones,29.00,29,1
13,Jason Kokrak,29.00,29,1
13,Phil Mickelson,29.00,29,1
19,Abraham Ancer,30.00,30,1
19,Branden Grace,30.00,30,1
19,Viktor Hovland,30.00,30,1
19,Jordan Spieth,30.00,30,1
19,Justin Thomas,30.00,30,1
19,Erik van Rooyen,30.00,30,1
25,Harris English,31.00,31,1
25,Talor Gooch,31.00,31,1
25,Sungjae Im,31.00,31,1
25,Brooks Koepka,31.00,31,1
25,K.H. Lee,31.00,31,1
25,Collin Morikawa,31.00,31,1
25,Kevin Na,31.00,31,1
32,Patrick Cantlay,32.00,32,1
32,Joel Dahmen,32.00,32,1
32,Cam Davis,32.00,32,1
32,Tony Finau,32.00,32,1
32,Lucas Glover,32.00,32,1
32,Garrick Higgo,32.00,32,1
32,Jon Rahm,32.00,32,1
