rank,player,Avg,Total Putts,Total Rounds
1,Patrick Cantlay,25.00,25,1
2,Cameron Smith,26.00,26,1
3,Matt Jones,27.00,27,1
3,Brooks Koepka,27.00,27,1
5,Daniel Berger,28.00,28,1
5,Talor Gooch,28.00,28,1
5,Sungjae Im,28.00,28,1
5,Kevin Na,28.00,28,1
5,Erik van Rooyen,28.00,28,1
10,Sam Burns,29.00,29,1
10,Cam Davis,29.00,29,1
10,Bryson DeChambeau,29.00,29,1
10,Tony Finau,29.00,29,1
10,Kevin Kisner,29.00,29,1
10,Collin Morikawa,29.00,29,1
16,Joel Dahmen,30.00,30,1
16,Max Homa,30.00,30,1
16,Billy Horschel,30.00,30,1
16,Marc Leishman,30.00,30,1
16,Seamus Power,30.00,30,1
16,Jon Rahm,30.00,30,1
16,Xander Schauffele,30.00,30,1
23,Abraham Ancer,31.00,31,1
23,Lucas Herbert,31.00,31,1
23,Jordan Spieth,31.00,31,1
23,Justin Thomas,31.00,31,1
27,Stewart Cink,32.00,32,1
27,Harris English,32.00,32,1
27,Branden Grace,32.00,32,1
27,Garrick Higgo,32.00,32,1
27,Si Woo Kim,32.00,32,1
27,Jason Kokrak,32.00,32,1
27,K.H. Lee,32.00,32,1
27,Hideki Matsuyama,32.00,32,1
27,Phil Mickelson,32.00,32,1
27,Patrick Reed,32.00,32,1
37,Lucas Glover,33.00,33,1
37,Viktor Hovland,33.00,33,1
