rank,player,Avg,Total 3 Putts,Total Rounds
1,Lucas Glover,1.25,5,4
1,Viktor Hovland,1.25,5,4
3,Joel Dahmen,1.00,4,4
3,Garrick Higgo,1.00,4,4
5,Brooks Koepka,.75,3,4
6,Abraham Ancer,.50,2,4
6,Daniel Berger,.50,2,4
6,Harris English,.50,2,4
6,Tony Finau,.50,2,4
6,Branden Grace,.50,2,4
6,Billy Horschel,.50,2,4
12,Stewart Cink,.25,1,4
12,Bryson DeChambeau,.25,1,4
12,Talor Gooch,.25,1,4
12,Sungjae Im,.25,1,4
12,Kevin Kisner,.25,1,4
12,Jason Kokrak,.25,1,4
12,K.H. Lee,.25,1,4
12,Phil Mickelson,.25,1,4
12,Collin Morikawa,.25,1,4
12,Kevin Na,.25,1,4
12,Jon Rahm,.25,1,4
12,Patrick Reed,.25,1,4
12,Xander Schauffele,.25,1,4
12,Cameron Smith,.25,1,4
12,Justin Thomas,.25,1,4
