rank,player,Avg,Total 2 Putts,Total Rounds
1,Jason Kokrak,12.75,51,4
2,Stewart Cink,12.25,49,4
2,Cam Davis,12.25,49,4
4,Branden Grace,12.00,48,4
4,Hideki Matsuyama,12.00,48,4
6,Sam Burns,11.75,47,4
6,Seamus Power,11.75,47,4
8,Si Woo Kim,11.50,46,4
8,K.H. Lee,11.50,46,4
8,Marc Leishman,11.50,46,4
11,Max Homa,11.25,45,4
11,Phil Mickelson,11.25,45,4
11,Jordan Spieth,11.25,45,4
11,Erik van Rooyen,11.25,45,4
15,Tony Finau,11.00,44,4
15,Talor Gooch,11.00,44,4
15,Lucas Herbert,11.00,44,4
15,Garrick Higgo,11.00,44,4
19,Abraham Ancer,10.75,43,4
19,Harris English,10.75,43,4
21,Patrick Cantlay,10.50,42,4
21,Lucas Glover,10.50,42,4
21,Sungjae Im,10.50,42,4
21,Xander Schauffele,10.50,42,4
25,Viktor Hovland,10.25,41,4
25,Collin Morikawa,10.25,41,4
25,Kevin Na,10.25,41,4
25,Jon Rahm,10.25,41,4
25,Patrick Reed,10.25,41,4
25,Justin Thomas,10.25,41,4
31,Bryson DeChambeau,10.00,40,4
31,Brooks Koepka,10.00,40,4
33,Daniel Berger,9.75,39,4
33,Joel Dahmen,9.75,39,4
35,Matt Jones,9.25,37,4
35,Kevin Kisner,9.25,37,4
37,Cameron Smith,8.75,35,4
38,Billy Horschel,8.50,34,4
