rank,player,Avg,Total Strokes,Total Rounds
1,Vaughn Taylor,32.00,32,1
2,Stuart Appleby,33.00,33,1
2,Chad Campbell,33.00,33,1
2,Ernie Els,33.00,33,1
2,Retief Goosen,33.00,33,1
2,Ryan Palmer,33.00,33,1
2,Mike Weir,33.00,33,1
8,Stephen Ames,34.00,34,1
8,Jonathan Kaye,34.00,34,1
8,Heath Slocum,34.00,34,1
8,David Toms,34.00,34,1
8,Tiger Woods,34.00,34,1
13,Bart Bryant,35.00,35,1
13,Jonathan Byrd,35.00,35,1
13,Stewart Cink,35.00,35,1
13,John Daly,35.00,35,1
13,Sergio Garcia,35.00,35,1
13,Brent Geiberger,35.00,35,1
13,Mark Hensby,35.00,35,1
13,Zach Johnson,35.00,35,1
13,Joey Sindelar,35.00,35,1
13,Vijay Singh,35.00,35,1
23,Carlos Franco,36.00,36,1
23,Andre Stolz,36.00,36,1
25,Steve Flesch,37.00,37,1
25,Todd Hamilton,37.00,37,1
25,Craig Parry,37.00,37,1
28,Woody Austin,38.00,38,1
28,Fred Funk,38.00,38,1
28,Rod Pampling,38.00,38,1
28,Adam Scott,38.00,38,1
