rank,player,Avg,Total Strokes,Total Holes
1,Jonathan Kaye,34.00,136,4
1,Tiger Woods,34.00,136,4
3,Adam Scott,34.25,137,4
4,Ernie Els,34.50,138,4
4,Brent Geiberger,34.50,138,4
4,Vaughn Taylor,34.50,138,4
7,Stuart Appleby,34.75,139,4
7,Sergio Garcia,34.75,139,4
7,Mark Hensby,34.75,139,4
10,Bart Bryant,35.00,140,4
10,David Toms,35.00,140,4
12,Chad Campbell,35.25,141,4
12,Vijay Singh,35.25,141,4
14,Retief Goosen,35.50,142,4
14,Mike Weir,35.50,142,4
16,Stephen Ames,35.75,143,4
16,Woody Austin,35.75,143,4
16,Jonathan Byrd,35.75,143,4
19,Stewart Cink,36.00,144,4
19,Steve Flesch,36.00,144,4
19,Craig Parry,36.00,144,4
19,Heath Slocum,36.00,144,4
23,John Daly,36.25,145,4
23,Todd Hamilton,36.25,145,4
23,Rod Pampling,36.25,145,4
23,Andre Stolz,36.25,145,4
27,Ryan Palmer,36.50,146,4
27,Joey Sindelar,36.50,146,4
29,Zach Johnson,36.75,147,4
30,Fred Funk,37.25,149,4
31,Carlos Franco,37.50,150,4
