rank,player,Avg,Total Strokes,Total Rounds
1,Vijay Singh,32.00,32,1
2,Adam Scott,33.00,33,1
3,Ernie Els,34.00,34,1
3,Steve Flesch,34.00,34,1
3,Sergio Garcia,34.00,34,1
3,Jonathan Kaye,34.00,34,1
3,Tiger Woods,34.00,34,1
8,Bart Bryant,35.00,35,1
8,Chad Campbell,35.00,35,1
8,Heath Slocum,35.00,35,1
11,Woody Austin,36.00,36,1
11,Brent Geiberger,36.00,36,1
11,Todd Hamilton,36.00,36,1
11,Mark Hensby,36.00,36,1
11,Rod Pampling,36.00,36,1
11,Craig Parry,36.00,36,1
11,Joey Sindelar,36.00,36,1
11,David Toms,36.00,36,1
11,Mike Weir,36.00,36,1
20,Jonathan Byrd,37.00,37,1
20,Stewart Cink,37.00,37,1
20,John Daly,37.00,37,1
20,Vaughn Taylor,37.00,37,1
24,Stephen Ames,38.00,38,1
24,Stuart Appleby,38.00,38,1
24,Carlos Franco,38.00,38,1
24,Fred Funk,38.00,38,1
24,Retief Goosen,38.00,38,1
24,Ryan Palmer,38.00,38,1
30,Zach Johnson,39.00,39,1
30,Andre Stolz,39.00,39,1
