rank,player,Avg,Total Strokes,Total Rounds
1,Jonathan Kaye,31.00,31,1
2,Stuart Appleby,33.00,33,1
2,Brent Geiberger,33.00,33,1
4,Woody Austin,34.00,34,1
4,Fred Funk,34.00,34,1
4,Retief Goosen,34.00,34,1
4,Craig Parry,34.00,34,1
4,Adam Scott,34.00,34,1
4,Vaughn Taylor,34.00,34,1
4,Tiger Woods,34.00,34,1
11,Stephen Ames,35.00,35,1
11,Bart Bryant,35.00,35,1
11,Chad Campbell,35.00,35,1
11,Stewart Cink,35.00,35,1
11,John Daly,35.00,35,1
11,Ernie Els,35.00,35,1
11,Sergio Garcia,35.00,35,1
11,Mark Hensby,35.00,35,1
11,Rod Pampling,35.00,35,1
11,Joey Sindelar,35.00,35,1
11,Vijay Singh,35.00,35,1
11,David Toms,35.00,35,1
23,Steve Flesch,36.00,36,1
23,Carlos Franco,36.00,36,1
23,Zach Johnson,36.00,36,1
23,Heath Slocum,36.00,36,1
23,Andre Stolz,36.00,36,1
23,Mike Weir,36.00,36,1
29,Jonathan Byrd,37.00,37,1
29,Todd Hamilton,37.00,37,1
31,Ryan Palmer,38.00,38,1
