rank,player,Low Rnd
1,Jonathan Kaye,31
2,Adam Scott,32
2,Vijay Singh,32
2,Vaughn Taylor,32
5,Stuart Appleby,33
5,Chad Campbell,33
5,Ernie Els,33
5,Brent Geiberger,33
5,Retief Goosen,33
5,Mark Hensby,33
5,Ryan Palmer,33
5,Mike Weir,33
13,Stephen Ames,34
13,Woody Austin,34
13,Jonathan Byrd,34
13,Steve Flesch,34
13,Fred Funk,34
13,Sergio Garcia,34
13,Craig Parry,34
13,Heath Slocum,34
13,Andre Stolz,34
13,David Toms,34
13,Tiger Woods,34
24,Bart Bryant,35
24,Stewart Cink,35
24,John Daly,35
24,Todd Hamilton,35
24,Zach Johnson,35
24,Rod Pampling,35
24,Joey Sindelar,35
31,Carlos Franco,36
