rank,player,Avg,Total Strokes,Total Rounds
1,Adam Scott,32.00,32,1
2,Mark Hensby,33.00,33,1
3,Jonathan Byrd,34.00,34,1
3,Brent Geiberger,34.00,34,1
3,Andre Stolz,34.00,34,1
3,Tiger Woods,34.00,34,1
7,Stuart Appleby,35.00,35,1
7,Woody Austin,35.00,35,1
7,Bart Bryant,35.00,35,1
7,Sergio Garcia,35.00,35,1
7,Todd Hamilton,35.00,35,1
7,Vaughn Taylor,35.00,35,1
7,David Toms,35.00,35,1
14,Stephen Ames,36.00,36,1
14,Ernie Els,36.00,36,1
14,Rod Pampling,36.00,36,1
17,Stewart Cink,37.00,37,1
17,Steve Flesch,37.00,37,1
17,Retief Goosen,37.00,37,1
17,Zach Johnson,37.00,37,1
17,Jonathan Kaye,37.00,37,1
17,Ryan Palmer,37.00,37,1
17,Craig Parry,37.00,37,1
17,Mike Weir,37.00,37,1
25,Chad Campbell,38.00,38,1
25,John Daly,38.00,38,1
27,Fred Funk,39.00,39,1
27,Vijay Singh,39.00,39,1
27,Heath Slocum,39.00,39,1
30,Carlos Franco,40.00,40,1
30,Joey Sindelar,40.00,40,1
