rank,player,Avg,Total Distance (feet),# of Attempts,Relative to par
1,Corey Pavin,"3' 9""",18.750,5,-2
2,Gavin Coles,"5' 7""",39.000,7,-4
3,Rory Sabbatini,"8' 2""",8.167,1,E
4,Jeff Maggert,"8' 10""",17.667,2,E
5,J.J. Killeen,"10' 3""",10.250,1,-1
6,Kyle Stanley,"10' 4""",51.833,5,-2
7,Graham DeLaet,"10' 5""",72.917,7,E
7,Pat Perez,"10' 5""",20.750,2,-1
9,Vijay Singh,"10' 11""",43.667,4,-1
10,Steve Stricker,"11' 5""",79.917,7,E
10,Daniel Summerhays,"11' 5""",68.417,6,-1
12,Colt Knost,"12' 1""",60.333,5,-1
12,Tom Pernice Jr.,"12' 1""",48.250,4,E
14,Stephen Ames,"12' 3""",49.083,4,-1
15,Justin Leonard,"13' 1""",65.500,5,E
15,John Rollins,"13' 1""",130.417,10,-3
17,William McGirt,"13' 6""",40.500,3,-1
18,Brendon de Jonge,"13' 9""",41.250,3,E
19,Josh Teater,"13' 11""",83.417,6,-5
20,Jhonattan Vegas,"14' 1""",42.167,3,-2
21,Chris DiMarco,"14' 2""",85.167,6,-1
21,Tim Herron,"14' 2""",28.333,2,-1
23,Johnson Wagner,"14' 3""",28.417,2,-1
24,S.Y. Noh,"14' 8""",88.167,6,-2
25,Scott Piercy,"14' 9""",103.500,7,-2
25,John Senden,"14' 9""",88.417,6,-1
27,Zach Johnson,"14' 10""",74.333,5,-2
28,Chris Stroud,"15' 0""",29.917,2,-1
29,Charles Howell III,"15' 1""",90.417,6,-1
30,Kris Blanks,"15' 3""",30.417,2,E
31,K.J. Choi,"15' 4""",76.667,5,-1
32,Brian Gay,"15' 11""",111.250,7,-2
33,Sangmoon Bae,"16' 3""",64.833,4,-1
33,Erik Compton,"16' 3""",113.667,7,+2
35,Joe Ogilvie,"16' 4""",98.000,6,E
36,Greg Owen,"16' 5""",115.083,7,E
37,David Hearn,"16' 6""",99.167,6,E
37,Duffy Waldorf,"16' 6""",131.833,8,-2
39,Bud Cauley,"16' 10""",117.833,7,-2
40,Brian Harman,"17' 4""",103.917,6,E
40,John Huh,"17' 4""",86.583,5,+1
42,Chris Kirk,"17' 7""",52.750,3,-1
43,Stewart Cink,"18' 2""",72.667,4,+1
44,Keegan Bradley,"18' 5""",110.667,6,E
45,Will Claxton,"19' 1""",114.417,6,-2
46,Jerry Kelly,"19' 6""",58.583,3,E
47,"Ted Potter, Jr.","19' 9""",98.667,5,-2
48,Ken Duke,"20' 0""",79.917,4,E
49,Jonas Blixt,"20' 3""",81.000,4,+1
50,D.A. Points,"20' 4""",101.667,5,-2
51,Kevin Chappell,"20' 7""",123.583,6,E
52,Koumei Oda,"20' 10""",124.917,6,+2
52,Carl Pettersson,"20' 10""",104.250,5,-2
52,Michael Thompson,"20' 10""",83.333,4,E
55,Tadd Fujikawa,"21' 2""",63.583,3,E
56,Sean O'Hair,"22' 1""",44.167,2,E
57,Webb Simpson,"22' 2""",133.167,6,E
58,Bobby Gates,"22' 5""",67.333,3,E
59,Jeff Overton,"22' 8""",136.000,6,E
60,Tommy Biershenk,"23' 4""",93.250,4,E
61,Jarrod Lyle,"23' 8""",71.083,3,-1
62,Matt Every,"24' 4""",97.333,4,E
63,Doug LaBelle II,"24' 6""",98.000,4,-1
64,Harris English,"24' 7""",147.583,6,+2
64,Harrison Frazar,"24' 7""",49.083,2,E
66,Brendon Todd,"25' 6""",178.750,7,-2
67,Roberto Castro,"26' 11""",107.583,4,E
68,Billy Mayfair,"27' 9""",27.750,1,E
69,George McNeill,"36' 8""",146.500,4,E
