rank,player,Avg,Total Distance (feet),# of Attempts,Relative to par
1,K.J. Choi,"17' 11""",17.917,1,-1
2,Ken Duke,"22' 7""",22.583,1,-2
3,Will Claxton,"23' 3""",23.250,1,-1
4,Gavin Coles,"31' 6""",31.500,1,-1
5,Stewart Cink,"36' 0""",36.000,1,-1
6,Tom Pernice Jr.,"36' 7""",146.250,4,-3
7,Kyle Stanley,"38' 2""",38.167,1,-1
8,D.A. Points,"43' 11""",43.917,1,E
9,Bobby Gates,"46' 7""",46.583,1,E
10,Charles Howell III,"47' 11""",47.917,1,E
11,Billy Mayfair,"49' 9""",49.750,1,E
12,Greg Owen,"50' 3""",50.250,1,-1
13,Jeff Maggert,"50' 7""",50.583,1,-1
14,Corey Pavin,"51' 4""",102.667,2,-2
15,Jarrod Lyle,"52' 1""",52.083,1,E
16,Kevin Chappell,"53' 3""",53.250,1,-1
17,Brian Gay,"54' 8""",54.667,1,-1
18,Josh Teater,"57' 8""",57.667,1,-1
19,Chris DiMarco,"58' 11""",58.917,1,E
20,Keegan Bradley,"59' 2""",59.167,1,-1
21,Daniel Summerhays,"61' 5""",122.833,2,-2
22,Harrison Frazar,"67' 1""",67.083,1,-1
23,John Senden,"70' 1""",70.083,1,E
24,Kris Blanks,"73' 2""",73.167,1,-1
25,Jerry Kelly,"77' 4""",77.333,1,-1
26,Spencer Levin,"77' 5""",77.417,1,E
27,"Ted Potter, Jr.","82' 5""",82.417,1,E
28,Chris Kirk,"88' 4""",88.333,1,-1
29,John Rollins,"95' 3""",95.250,1,-1
30,Michael Thompson,"97' 5""",97.417,1,+1
31,Tadd Fujikawa,"98' 8""",98.667,1,E
32,Scott Piercy,"109' 11""",109.917,1,E
