rank,player,Avg,Total Distance (feet),# of Attempts,GIR Rank
1,D.A. Points,"30' 1""","2,167.167",72,Under
2,Michael Thompson,"30' 11""","2,227.667",72,Under
3,Graham DeLaet,"31' 2""","2,241.250",72,Under
4,Kris Blanks,"32' 6""","2,337.417",72,Under
4,William McGirt,"32' 6""","2,339.583",72,Under
6,David Hearn,"32' 9""","2,360.167",72,Under
7,Carl Pettersson,"32' 10""","2,362.667",72,Under
8,Zach Johnson,"33' 4""","2,400.083",72,Under
9,John Rollins,"33' 5""","2,403.583",72,Under
10,Sangmoon Bae,"33' 6""","2,411.583",72,Under
11,Webb Simpson,"33' 8""","2,422.667",72,Under
12,Chris DiMarco,"33' 10""","2,436.250",72,Under
13,Johnson Wagner,"33' 11""","2,441.250",72,Under
14,Greg Owen,"34' 2""","2,461.833",72,Even
15,Harrison Frazar,"34' 4""","2,473.000",72,Under
16,Colt Knost,"34' 5""","2,480.000",72,Under
17,Brian Gay,"34' 6""","2,482.333",72,Under
18,Keegan Bradley,"35' 0""","2,517.083",72,Under
18,Jeff Maggert,"35' 0""","2,520.500",72,Under
18,John Senden,"35' 0""","2,520.833",72,Under
21,Matt Every,"35' 2""","2,530.083",72,Under
21,Kyle Stanley,"35' 2""","2,533.250",72,Under
23,Chris Stroud,"35' 5""","2,548.583",72,Under
23,Duffy Waldorf,"35' 5""","2,548.167",72,Under
25,Pat Perez,"35' 10""","2,581.667",72,Under
26,Bud Cauley,"36' 0""","2,594.583",72,Under
26,Brendon de Jonge,"36' 0""","2,590.583",72,Under
26,Tom Pernice Jr.,"36' 0""","2,589.250",72,Under
29,Stewart Cink,"36' 2""","2,602.667",72,Under
29,Corey Pavin,"36' 2""","2,604.417",72,Under
31,Kevin Chappell,"37' 0""","2,661.000",72,Even
32,Brendon Todd,"37' 1""","2,671.417",72,Under
33,Gavin Coles,"37' 2""","2,674.917",72,Under
34,Will Claxton,"37' 5""","2,691.833",72,Under
34,Ken Duke,"37' 5""","2,692.000",72,Even
36,Justin Leonard,"37' 6""","2,697.500",72,Over
36,Daniel Summerhays,"37' 6""","2,697.500",72,Under
38,Jhonattan Vegas,"37' 8""","2,714.250",72,Under
39,Brian Harman,"38' 0""","2,737.667",72,Even
39,Chris Kirk,"38' 0""","2,734.583",72,Under
41,Tadd Fujikawa,"38' 2""","2,747.833",72,Under
41,Rory Sabbatini,"38' 2""","2,748.917",72,Under
41,Steve Stricker,"38' 2""","2,750.917",72,Under
44,K.J. Choi,"38' 3""","2,755.083",72,Under
44,Erik Compton,"38' 3""","2,754.750",72,Over
46,Roberto Castro,"38' 4""","2,760.417",72,Even
47,Vijay Singh,"38' 5""","2,767.000",72,Under
48,Harris English,"38' 6""","2,772.250",72,Over
49,Doug LaBelle II,"38' 9""","2,790.583",72,Under
50,Koumei Oda,"38' 10""","2,796.583",72,Even
51,Jeff Overton,"38' 11""","2,803.417",72,Under
52,Scott Piercy,"39' 4""","2,834.917",72,Under
53,George McNeill,"39' 5""","2,840.083",72,Under
53,Sean O'Hair,"39' 5""","2,837.250",72,Under
55,Bobby Gates,"39' 7""","2,852.583",72,Under
56,Billy Mayfair,"39' 8""","2,856.417",72,Under
57,Charles Howell III,"39' 9""","2,862.417",72,Under
58,Joe Ogilvie,"40' 2""","2,894.583",72,Under
59,Tim Herron,"40' 6""","2,915.083",72,Under
59,Jerry Kelly,"40' 6""","2,914.083",72,Under
61,Jonas Blixt,"40' 8""","2,925.583",72,Under
62,Josh Teater,"40' 10""","2,938.667",72,Under
63,Tommy Biershenk,"41' 0""","2,949.500",72,Even
64,S.Y. Noh,"41' 2""","2,962.333",72,Over
65,Jarrod Lyle,"41' 6""","2,986.250",72,Over
66,"Ted Potter, Jr.","41' 7""","2,991.583",72,Under
67,Stephen Ames,"41' 9""","3,006.083",72,Under
68,Spencer Levin,"42' 0""","3,024.667",72,Under
69,John Huh,"42' 5""","3,056.083",72,Under
70,J.J. Killeen,"43' 8""","3,146.917",72,Under
