rank,player,Avg,Total Distance (feet),# of Attempts,Relative to par
1,"Ted Potter, Jr.","18' 4""",18.333,1,-2
2,Michael Thompson,"21' 10""",21.833,1,-1
3,Jeff Maggert,"33' 4""",33.333,1,-1
4,Pat Perez,"33' 11""",67.833,2,-2
5,D.A. Points,"37' 4""",37.333,1,-1
6,Brian Harman,"39' 8""",39.667,1,-1
7,Brendon de Jonge,"40' 1""",80.167,2,-2
8,Jhonattan Vegas,"45' 2""",45.167,1,E
9,Ken Duke,"45' 6""",45.500,1,-1
10,Harrison Frazar,"50' 0""",50.000,1,-1
11,Colt Knost,"51' 2""",51.167,1,E
12,Matt Every,"52' 7""",52.583,1,-1
13,David Hearn,"57' 4""",114.583,2,-2
14,Zach Johnson,"62' 3""",62.250,1,-1
15,Doug LaBelle II,"62' 5""",62.417,1,-1
16,Bobby Gates,"62' 8""",125.250,2,-2
17,Jonas Blixt,"64' 4""",64.333,1,-1
18,Webb Simpson,"64' 8""",64.667,1,E
19,Johnson Wagner,"66' 5""",66.417,1,E
20,Brian Gay,"67' 7""",67.583,1,-1
21,Chris Stroud,"71' 0""",71.000,1,-1
22,John Huh,"71' 10""",71.833,1,-1
23,Carl Pettersson,"80' 6""",80.500,1,-1
24,George McNeill,"86' 5""",172.833,2,-1
25,Greg Owen,"89' 4""",178.667,2,E
26,Harris English,"98' 1""",98.083,1,-1
27,Billy Mayfair,"104' 11""",104.917,1,E
28,Stephen Ames,"111' 7""",111.583,1,E
29,Kyle Stanley,"112' 9""",112.750,1,E
30,Keegan Bradley,"116' 2""",232.333,2,E
31,Charles Howell III,"120' 9""",120.750,1,-1
32,Roberto Castro,"125' 1""",125.083,1,E
