rank,player,Avg,Total Distance (feet),# of Attempts,Relative to par
1,Gavin Coles,"3' 2""",6.250,2,-2
2,Colt Knost,"6' 2""",6.167,1,-1
3,William McGirt,"8' 5""",8.417,1,-1
4,Jeff Maggert,"8' 10""",17.667,2,E
5,Kyle Stanley,"8' 11""",26.667,3,-1
6,Daniel Summerhays,"9' 3""",36.833,4,-2
7,Sangmoon Bae,"9' 4""",18.667,2,-1
8,Zach Johnson,"10' 0""",10.000,1,E
9,Jarrod Lyle,"10' 1""",10.083,1,-1
10,J.J. Killeen,"10' 3""",10.250,1,-1
11,Tom Pernice Jr.,"10' 7""",10.583,1,E
12,Graham DeLaet,"11' 9""",35.167,3,E
13,Stephen Ames,"12' 4""",24.583,2,-2
13,Josh Teater,"12' 4""",37.000,3,-3
15,Chris Kirk,"12' 6""",25.000,2,-1
15,Vijay Singh,"12' 6""",24.917,2,E
17,Justin Leonard,"12' 10""",38.417,3,-1
18,Jhonattan Vegas,"13' 1""",26.167,2,-1
19,Chris Stroud,"13' 8""",13.667,1,E
20,Brendon de Jonge,"13' 9""",41.250,3,E
20,Johnson Wagner,"13' 9""",13.750,1,-1
22,Scott Piercy,"14' 0""",56.083,4,-1
23,Steve Stricker,"14' 9""",58.917,4,+1
24,Kris Blanks,"14' 11""",14.917,1,E
25,John Rollins,"15' 2""",75.833,5,-1
26,Joe Ogilvie,"15' 3""",76.250,5,E
27,K.J. Choi,"15' 6""",46.583,3,-2
27,Tim Herron,"15' 6""",15.500,1,-1
29,John Senden,"15' 11""",47.667,3,-1
30,Duffy Waldorf,"16' 9""",66.917,4,-2
31,Bud Cauley,"16' 11""",67.750,4,-1
32,Pat Perez,"17' 0""",17.000,1,E
33,Chris DiMarco,"17' 2""",51.417,3,-1
34,John Huh,"17' 4""",86.583,5,+1
35,Erik Compton,"17' 8""",70.667,4,E
36,Greg Owen,"18' 0""",89.833,5,E
37,Tommy Biershenk,"18' 6""",37.000,2,E
38,Charles Howell III,"18' 11""",56.833,3,-2
39,S.Y. Noh,"19' 3""",77.000,4,-1
40,Will Claxton,"19' 4""",58.000,3,-2
41,Jerry Kelly,"19' 7""",39.083,2,E
42,Tadd Fujikawa,"19' 11""",39.833,2,-1
43,Jonas Blixt,"20' 3""",81.000,4,+1
44,Brian Gay,"20' 9""",41.417,2,E
45,Brian Harman,"20' 11""",83.667,4,+1
46,"Ted Potter, Jr.","21' 10""",65.583,3,-1
47,Sean O'Hair,"22' 1""",44.167,2,E
48,Keegan Bradley,"22' 5""",89.500,4,-1
48,Bobby Gates,"22' 5""",67.333,3,E
50,Brendon Todd,"22' 8""",90.583,4,-2
51,D.A. Points,"22' 11""",91.667,4,-2
51,Webb Simpson,"22' 11""",114.583,5,E
53,Kevin Chappell,"23' 2""",116.000,5,-1
53,Koumei Oda,"23' 2""",115.667,5,+2
55,Stewart Cink,"23' 4""",46.583,2,-1
56,Matt Every,"24' 2""",72.500,3,E
57,Ken Duke,"24' 7""",49.083,2,E
57,Harrison Frazar,"24' 7""",49.083,2,E
59,Carl Pettersson,"25' 4""",101.250,4,-1
60,Jeff Overton,"26' 10""",80.583,3,E
61,Harris English,"27' 5""",109.667,4,+3
62,Billy Mayfair,"27' 9""",27.750,1,E
63,Michael Thompson,"28' 4""",28.333,1,E
64,George McNeill,"34' 8""",34.667,1,-1
65,Doug LaBelle II,"34' 9""",69.417,2,-1
66,David Hearn,"35' 2""",35.167,1,E
