rank,player,% Made,Attempts,Putts made
1,Vaughn Taylor,81.25,16,13
2,Mark Hensby,80.00,25,20
2,Jonathan Kaye,80.00,10,8
2,Vijay Singh,80.00,15,12
5,Ryan Palmer,77.78,18,14
5,David Toms,77.78,18,14
7,Zach Johnson,74.07,27,20
8,Stephen Ames,73.33,15,11
9,Adam Scott,72.22,18,13
9,Heath Slocum,72.22,18,13
11,Rod Pampling,71.43,21,15
12,Bart Bryant,70.59,17,12
12,Chad Campbell,70.59,17,12
14,Stewart Cink,69.23,13,9
15,Ernie Els,68.42,19,13
16,Woody Austin,68.00,25,17
17,Jonathan Byrd,66.67,15,10
17,Steve Flesch,66.67,21,14
17,Craig Parry,66.67,9,6
17,Tiger Woods,66.67,15,10
21,Brent Geiberger,64.29,14,9
22,John Daly,63.16,19,12
23,Andre Stolz,61.90,21,13
24,Fred Funk,60.00,20,12
24,Sergio Garcia,60.00,15,9
24,Todd Hamilton,60.00,20,12
24,Mike Weir,60.00,15,9
28,Stuart Appleby,54.55,11,6
28,Retief Goosen,54.55,11,6
30,Joey Sindelar,53.85,13,7
31,Carlos Franco,37.50,16,6
