rank,player,% Made,Attempts,Putts made
1,Stuart Appleby,15.00,20,3
2,Jonathan Byrd,12.50,24,3
3,Mike Weir,11.76,17,2
4,Craig Parry,10.00,20,2
5,Bart Bryant,9.09,22,2
5,Adam Scott,9.09,22,2
7,Chad Campbell,8.33,24,2
8,Heath Slocum,7.14,14,1
9,Tiger Woods,5.88,17,1
10,Woody Austin,5.56,18,1
10,John Daly,5.56,18,1
12,Todd Hamilton,5.26,19,1
12,Zach Johnson,5.26,19,1
14,Joey Sindelar,5.00,20,1
15,Sergio Garcia,4.76,21,1
15,Rod Pampling,4.76,21,1
17,Ernie Els,4.55,22,1
18,Stephen Ames,4.35,23,1
18,Brent Geiberger,4.35,23,1
20,Fred Funk,4.17,24,1
21,Stewart Cink,.00,19,-
21,Steve Flesch,.00,16,-
21,Carlos Franco,.00,25,-
21,Retief Goosen,.00,18,-
21,Mark Hensby,.00,22,-
21,Jonathan Kaye,.00,19,-
21,Ryan Palmer,.00,23,-
21,Vijay Singh,.00,12,-
21,Andre Stolz,.00,18,-
21,Vaughn Taylor,.00,22,-
21,David Toms,.00,13,-
