rank,player,% Made,Attempts,Putts made
1,Stewart Cink,100.00,1,1
1,John Daly,100.00,5,5
1,Ernie Els,100.00,1,1
1,Carlos Franco,100.00,4,4
5,Chad Campbell,80.00,5,4
6,Heath Slocum,75.00,4,3
7,Fred Funk,66.67,3,2
7,Adam Scott,66.67,3,2
7,Joey Sindelar,66.67,3,2
7,David Toms,66.67,6,4
7,Mike Weir,66.67,3,2
12,Jonathan Byrd,60.00,5,3
13,Woody Austin,50.00,4,2
13,Bart Bryant,50.00,4,2
13,Brent Geiberger,50.00,4,2
13,Retief Goosen,50.00,4,2
13,Mark Hensby,50.00,2,1
13,Ryan Palmer,50.00,2,1
13,Vaughn Taylor,50.00,2,1
20,Stephen Ames,33.33,6,2
21,Andre Stolz,28.57,7,2
22,Rod Pampling,20.00,5,1
23,Sergio Garcia,.00,2,0
23,Todd Hamilton,.00,1,0
23,Zach Johnson,.00,1,0
23,Jonathan Kaye,.00,1,0
23,Craig Parry,.00,6,0
23,Vijay Singh,.00,1,0
23,Tiger Woods,.00,3,0
