rank,player,% Made,Attempts,Putts made
1,Woody Austin,100.00,7,7
1,Bart Bryant,100.00,2,2
1,Jonathan Byrd,100.00,7,7
1,Stewart Cink,100.00,7,7
1,Steve Flesch,100.00,7,7
1,Sergio Garcia,100.00,11,11
1,Brent Geiberger,100.00,6,6
1,Mark Hensby,100.00,13,13
1,Jonathan Kaye,100.00,7,7
1,Ryan Palmer,100.00,8,8
1,Craig Parry,100.00,7,7
1,Adam Scott,100.00,8,8
1,Andre Stolz,100.00,9,9
14,Retief Goosen,92.86,14,13
15,Carlos Franco,91.67,12,11
16,Rod Pampling,90.91,11,10
16,Heath Slocum,90.91,11,10
16,Mike Weir,90.91,11,10
19,Fred Funk,90.00,10,9
20,Ernie Els,88.89,9,8
20,Joey Sindelar,88.89,9,8
22,Todd Hamilton,87.50,8,7
22,Zach Johnson,87.50,8,7
24,Vaughn Taylor,86.67,15,13
25,Stuart Appleby,85.71,7,6
26,Stephen Ames,77.78,9,7
26,Tiger Woods,77.78,9,7
28,John Daly,76.92,13,10
29,Chad Campbell,75.00,4,3
30,Vijay Singh,66.67,6,4
30,David Toms,66.67,9,6
