rank,player,% Made,Attempts,Putts made
1,Stuart Appleby,100.00,1,1
1,Stewart Cink,100.00,4,4
1,Brent Geiberger,100.00,2,2
1,Mark Hensby,100.00,10,10
1,Zach Johnson,100.00,7,7
1,Jonathan Kaye,100.00,2,2
1,Ryan Palmer,100.00,8,8
1,Rod Pampling,100.00,4,4
1,Adam Scott,100.00,6,6
1,Vijay Singh,100.00,7,7
1,Andre Stolz,100.00,4,4
1,Vaughn Taylor,100.00,5,5
13,David Toms,87.50,8,7
14,John Daly,85.71,7,6
15,Woody Austin,83.33,6,5
15,Chad Campbell,83.33,6,5
15,Steve Flesch,83.33,6,5
18,Bart Bryant,80.00,10,8
18,Ernie Els,80.00,5,4
20,Retief Goosen,75.00,4,3
21,Fred Funk,71.43,7,5
21,Tiger Woods,71.43,7,5
23,Jonathan Byrd,66.67,3,2
23,Joey Sindelar,66.67,6,4
23,Heath Slocum,66.67,6,4
26,Stephen Ames,62.50,8,5
26,Sergio Garcia,62.50,8,5
26,Todd Hamilton,62.50,8,5
29,Craig Parry,50.00,4,2
29,Mike Weir,50.00,6,3
31,Carlos Franco,33.33,6,2
