rank,player,% Made,Attempts,Putts made
1,Zach Johnson,42.86,7,3
2,Bart Bryant,40.00,10,4
3,Stuart Appleby,37.50,8,3
3,Adam Scott,37.50,8,3
5,Ryan Palmer,33.33,6,2
6,Stephen Ames,30.77,13,4
7,Jonathan Byrd,28.57,7,2
7,Mark Hensby,28.57,7,2
9,Woody Austin,25.00,4,1
9,Rod Pampling,25.00,4,1
9,Heath Slocum,25.00,8,2
9,Andre Stolz,25.00,8,2
13,Ernie Els,22.22,9,2
13,Jonathan Kaye,22.22,9,2
15,Steve Flesch,20.00,10,2
15,Craig Parry,20.00,15,3
17,Stewart Cink,18.18,11,2
18,Chad Campbell,16.67,6,1
18,Joey Sindelar,16.67,6,1
18,Vijay Singh,16.67,12,2
21,Brent Geiberger,11.11,9,1
22,Carlos Franco,10.00,10,1
22,Fred Funk,10.00,10,1
24,David Toms,7.69,13,1
25,John Daly,.00,7,-
25,Sergio Garcia,.00,10,-
25,Retief Goosen,.00,11,-
25,Todd Hamilton,.00,11,-
25,Vaughn Taylor,.00,10,-
25,Mike Weir,.00,8,-
25,Tiger Woods,.00,6,-
