rank,player,% Made,Attempts,Putts made
1,Stephen Ames,100.00,3,3
1,Jonathan Byrd,100.00,6,6
1,John Daly,100.00,4,4
1,Ernie Els,100.00,3,3
1,Brent Geiberger,100.00,3,3
1,Jonathan Kaye,100.00,2,2
1,Ryan Palmer,100.00,3,3
1,Heath Slocum,100.00,5,5
1,Vaughn Taylor,100.00,3,3
10,Zach Johnson,88.89,9,8
11,Steve Flesch,87.50,8,7
12,Fred Funk,83.33,6,5
12,Rod Pampling,83.33,6,5
14,Sergio Garcia,80.00,5,4
14,Mike Weir,80.00,5,4
16,Adam Scott,75.00,8,6
17,Mark Hensby,66.67,6,4
17,Joey Sindelar,66.67,3,2
17,Vijay Singh,66.67,3,2
20,Tiger Woods,62.50,8,5
21,Todd Hamilton,60.00,5,3
22,Chad Campbell,57.14,7,4
23,Woody Austin,55.56,9,5
24,Stuart Appleby,50.00,4,2
24,Bart Bryant,50.00,2,1
24,Retief Goosen,50.00,2,1
24,Craig Parry,50.00,2,1
24,David Toms,50.00,2,1
29,Andre Stolz,44.44,9,4
30,Stewart Cink,42.86,7,3
31,Carlos Franco,.00,1,0
