rank,player,%,Attempts,Putts made
1,Stewart Cink,100.00,56,56
1,Brent Geiberger,100.00,55,55
1,Mark Hensby,100.00,55,55
1,Jonathan Kaye,100.00,53,53
1,Ryan Palmer,100.00,61,61
1,Adam Scott,100.00,51,51
1,Andre Stolz,100.00,56,56
8,Rod Pampling,98.21,56,55
9,Zach Johnson,98.08,52,51
10,Woody Austin,98.00,50,49
11,Retief Goosen,96.97,66,64
12,Craig Parry,96.61,59,57
13,Vijay Singh,96.55,58,56
14,Chad Campbell,96.49,57,55
15,Jonathan Byrd,96.43,56,54
15,Steve Flesch,96.43,56,54
15,Vaughn Taylor,96.43,56,54
18,Bart Bryant,96.36,55,53
19,Stuart Appleby,96.15,52,50
20,Ernie Els,96.08,51,49
21,Fred Funk,94.92,59,56
22,Sergio Garcia,94.03,67,63
23,Joey Sindelar,93.75,64,60
24,Todd Hamilton,93.65,63,59
24,Tiger Woods,93.65,63,59
26,Heath Slocum,92.86,56,52
27,John Daly,91.94,62,57
28,Stephen Ames,91.67,60,55
28,David Toms,91.67,60,55
28,Mike Weir,91.67,60,55
31,Carlos Franco,90.16,61,55
