rank,player,% Made,Attempts,Putts made
1,Stuart Appleby,61.54,13,8
2,Jonathan Kaye,54.55,11,6
3,Craig Parry,50.00,12,6
4,Ernie Els,46.67,15,7
5,Stewart Cink,40.00,10,4
6,Woody Austin,36.36,11,4
6,Carlos Franco,36.36,11,4
6,Brent Geiberger,36.36,11,4
9,Adam Scott,35.71,14,5
10,Bart Bryant,33.33,18,6
10,Retief Goosen,33.33,6,2
10,Vijay Singh,33.33,18,6
10,Mike Weir,33.33,15,5
14,Tiger Woods,31.25,16,5
15,Steve Flesch,30.77,13,4
16,Todd Hamilton,26.67,15,4
17,Stephen Ames,25.00,8,2
17,Fred Funk,25.00,12,3
19,Jonathan Byrd,22.22,9,2
19,John Daly,22.22,9,2
21,Vaughn Taylor,21.43,14,3
22,Joey Sindelar,20.00,15,3
23,Sergio Garcia,16.67,12,2
23,Heath Slocum,16.67,24,4
23,Andre Stolz,16.67,6,1
23,David Toms,16.67,12,2
27,Rod Pampling,15.38,13,2
28,Mark Hensby,11.11,18,2
29,Ryan Palmer,7.69,13,1
30,Chad Campbell,.00,11,-
30,Zach Johnson,.00,9,-
