rank,player,% Made,Attempts,Putts Made
1,Mike Weir,13.64,22,3
2,Vaughn Taylor,11.54,26,3
3,Jonathan Byrd,10.71,28,3
4,Ernie Els,10.34,29,3
5,Stuart Appleby,10.00,30,3
6,Chad Campbell,8.82,34,3
7,Woody Austin,8.70,23,2
8,Craig Parry,8.00,25,2
9,Bart Bryant,7.69,26,2
10,Adam Scott,7.41,27,2
11,Sergio Garcia,7.14,28,2
11,Jonathan Kaye,7.14,28,2
13,Stephen Ames,6.90,29,2
14,Carlos Franco,6.45,31,2
15,Heath Slocum,5.56,18,1
15,David Toms,5.56,18,1
17,Todd Hamilton,4.76,21,1
18,John Daly,4.35,23,1
18,Tiger Woods,4.35,23,1
20,Rod Pampling,4.17,24,1
21,Stewart Cink,4.00,25,1
21,Steve Flesch,4.00,25,1
21,Mark Hensby,4.00,25,1
24,Zach Johnson,3.85,26,1
24,Andre Stolz,3.85,26,1
26,Brent Geiberger,3.70,27,1
26,Joey Sindelar,3.70,27,1
28,Fred Funk,3.23,31,1
29,Ryan Palmer,3.03,33,1
30,Retief Goosen,.00,23,-
30,Vijay Singh,.00,17,-
