rank,player,% Made,Attempts,Putts made
1,Stephen Ames,100.00,3,3
1,Woody Austin,100.00,4,4
1,Craig Parry,100.00,2,2
1,Heath Slocum,100.00,1,1
5,Mark Hensby,75.00,4,3
5,David Toms,75.00,4,3
7,Stuart Appleby,66.67,3,2
7,Todd Hamilton,66.67,3,2
7,Andre Stolz,66.67,3,2
7,Vaughn Taylor,66.67,3,2
11,Rod Pampling,60.00,5,3
12,Bart Bryant,50.00,2,1
12,Chad Campbell,50.00,2,1
14,Ernie Els,40.00,5,2
14,Zach Johnson,40.00,5,2
14,Ryan Palmer,40.00,5,2
17,Retief Goosen,33.33,3,1
18,John Daly,25.00,4,1
19,Jonathan Byrd,.00,3,0
19,Steve Flesch,.00,3,0
19,Carlos Franco,.00,2,0
19,Fred Funk,.00,3,0
19,Sergio Garcia,.00,1,0
19,Brent Geiberger,.00,4,0
19,Jonathan Kaye,.00,1,0
19,Adam Scott,.00,1,0
19,Joey Sindelar,.00,2,0
19,Vijay Singh,.00,1,0
19,Mike Weir,.00,2,0
