rank,player,% Made,Attempts,Putts Made
1,Stuart Appleby,27.45,51,14
2,Ernie Els,22.64,53,12
3,Bart Bryant,22.22,54,12
4,Craig Parry,21.15,52,11
5,Jonathan Kaye,20.83,48,10
6,Adam Scott,20.41,49,10
7,Woody Austin,18.42,38,7
8,Mike Weir,17.78,45,8
9,Vijay Singh,17.02,47,8
10,Stephen Ames,16.00,50,8
11,Jonathan Byrd,15.91,44,7
12,Stewart Cink,15.22,46,7
13,Steve Flesch,14.58,48,7
14,Heath Slocum,14.00,50,7
15,Carlos Franco,13.46,52,7
16,Tiger Woods,13.33,45,6
17,Brent Geiberger,12.77,47,6
18,Vaughn Taylor,12.00,50,6
19,Todd Hamilton,10.64,47,5
20,Joey Sindelar,10.42,48,5
21,Mark Hensby,10.00,50,5
21,Andre Stolz,10.00,40,4
23,Rod Pampling,9.76,41,4
24,Zach Johnson,9.52,42,4
25,Fred Funk,9.43,53,5
26,David Toms,9.30,43,4
27,Sergio Garcia,8.00,50,4
28,Chad Campbell,7.84,51,4
29,John Daly,7.69,39,3
29,Ryan Palmer,7.69,52,4
31,Retief Goosen,5.00,40,2
