rank,player,% Made,Attempts,Putts made
1,Jonathan Kaye,93.85,65,61
2,Stewart Cink,92.86,70,65
3,Ryan Palmer,90.67,75,68
4,Mark Hensby,90.54,74,67
5,Vaughn Taylor,90.28,72,65
6,Adam Scott,89.86,69,62
7,Chad Campbell,89.33,75,67
8,Brent Geiberger,89.04,73,65
9,Ernie Els,88.06,67,59
10,Steve Flesch,87.84,74,65
11,Stuart Appleby,87.69,65,57
12,Heath Slocum,87.67,73,64
13,Retief Goosen,87.50,80,70
13,Vijay Singh,87.50,72,63
15,Sergio Garcia,87.18,78,68
16,Fred Funk,87.01,77,67
16,Todd Hamilton,87.01,77,67
18,Joey Sindelar,86.84,76,66
19,Zach Johnson,86.08,79,68
20,David Toms,85.90,78,67
21,Bart Bryant,85.71,70,60
22,Jonathan Byrd,85.53,76,65
23,Stephen Ames,85.33,75,64
23,Mike Weir,85.33,75,64
25,Craig Parry,84.72,72,61
26,Tiger Woods,84.42,77,65
27,Rod Pampling,83.95,81,68
28,Andre Stolz,83.75,80,67
29,Woody Austin,83.33,78,65
30,Carlos Franco,82.28,79,65
31,John Daly,81.93,83,68
