rank,player,Putts Made
1,Stuart Appleby,14.0
2,Bart Bryant,12.0
2,Ernie Els,12.0
4,Craig Parry,11.0
5,Jonathan Kaye,10.0
5,Adam Scott,10.0
7,Stephen Ames,8.0
7,Vijay Singh,8.0
7,Mike Weir,8.0
10,Woody Austin,7.0
10,Jonathan Byrd,7.0
10,Stewart Cink,7.0
10,Steve Flesch,7.0
10,Carlos Franco,7.0
10,Heath Slocum,7.0
16,Brent Geiberger,6.0
16,Vaughn Taylor,6.0
16,Tiger Woods,6.0
19,Fred Funk,5.0
19,Todd Hamilton,5.0
19,Mark Hensby,5.0
19,Joey Sindelar,5.0
23,Chad Campbell,4.0
23,Sergio Garcia,4.0
23,Zach Johnson,4.0
23,Ryan Palmer,4.0
23,Rod Pampling,4.0
23,Andre Stolz,4.0
23,David Toms,4.0
30,John Daly,3.0
31,Retief Goosen,2.0
