rank,player,%,Attempts,Putts made
1,Heath Slocum,70.59,17,12
2,Vaughn Taylor,68.75,16,11
3,Chad Campbell,66.67,18,12
3,Jonathan Kaye,66.67,12,8
3,David Toms,66.67,18,12
6,Stewart Cink,64.29,14,9
7,Mark Hensby,63.16,19,12
8,Zach Johnson,62.96,27,17
9,Ernie Els,62.50,16,10
10,Steve Flesch,61.11,18,11
10,Fred Funk,61.11,18,11
10,Adam Scott,61.11,18,11
13,Stephen Ames,60.00,15,9
13,Mike Weir,60.00,15,9
15,Woody Austin,57.14,28,16
15,Todd Hamilton,57.14,14,8
17,Carlos Franco,55.56,18,10
17,Brent Geiberger,55.56,18,10
19,Jonathan Byrd,55.00,20,11
20,Stuart Appleby,53.85,13,7
21,John Daly,52.38,21,11
22,Rod Pampling,52.00,25,13
23,Ryan Palmer,50.00,14,7
23,Joey Sindelar,50.00,12,6
23,Vijay Singh,50.00,14,7
26,Bart Bryant,46.67,15,7
27,Andre Stolz,45.83,24,11
28,Sergio Garcia,45.45,11,5
29,Retief Goosen,42.86,14,6
29,Tiger Woods,42.86,14,6
31,Craig Parry,30.77,13,4
