rank,player,% Made,Attempts,Putts made
1,Stephen Ames,100.00,43,43
1,Woody Austin,100.00,37,37
1,Bart Bryant,100.00,43,43
1,Chad Campbell,100.00,47,47
1,Stewart Cink,100.00,45,45
1,Ernie Els,100.00,37,37
1,Fred Funk,100.00,42,42
1,Brent Geiberger,100.00,47,47
1,Retief Goosen,100.00,48,48
1,Todd Hamilton,100.00,47,47
1,Mark Hensby,100.00,32,32
1,Zach Johnson,100.00,37,37
1,Jonathan Kaye,100.00,44,44
1,Ryan Palmer,100.00,45,45
1,Rod Pampling,100.00,41,41
1,Craig Parry,100.00,48,48
1,Adam Scott,100.00,37,37
1,Vijay Singh,100.00,45,45
1,Andre Stolz,100.00,43,43
1,Vaughn Taylor,100.00,36,36
1,Tiger Woods,100.00,47,47
22,Joey Sindelar,97.96,49,48
23,Sergio Garcia,97.92,48,47
24,Jonathan Byrd,97.83,46,45
25,Stuart Appleby,97.73,44,43
26,Steve Flesch,97.67,43,42
26,Carlos Franco,97.67,43,42
26,David Toms,97.67,43,42
26,Mike Weir,97.67,43,42
30,John Daly,97.62,42,41
31,Heath Slocum,97.44,39,38
