rank,player,Putts Made
1,Stuart Appleby,3.0
1,Jonathan Byrd,3.0
1,Chad Campbell,3.0
1,Ernie Els,3.0
1,Vaughn Taylor,3.0
1,Mike Weir,3.0
7,Stephen Ames,2.0
7,Woody Austin,2.0
7,Bart Bryant,2.0
7,Carlos Franco,2.0
7,Sergio Garcia,2.0
7,Jonathan Kaye,2.0
7,Craig Parry,2.0
7,Adam Scott,2.0
15,Stewart Cink,1.0
15,John Daly,1.0
15,Steve Flesch,1.0
15,Fred Funk,1.0
15,Brent Geiberger,1.0
15,Todd Hamilton,1.0
15,Mark Hensby,1.0
15,Zach Johnson,1.0
15,Ryan Palmer,1.0
15,Rod Pampling,1.0
15,Joey Sindelar,1.0
15,Heath Slocum,1.0
15,Andre Stolz,1.0
15,David Toms,1.0
15,Tiger Woods,1.0
30,Retief Goosen,.0
30,Vijay Singh,.0
