rank,player,% Made,Attempts,Putts made
1,Fred Funk,100.00,2,2
1,Todd Hamilton,100.00,1,1
3,Stewart Cink,75.00,4,3
4,Stuart Appleby,66.67,3,2
4,Steve Flesch,66.67,3,2
4,Zach Johnson,66.67,6,4
4,Jonathan Kaye,66.67,3,2
4,Adam Scott,66.67,3,2
4,Vaughn Taylor,66.67,3,2
10,Stephen Ames,50.00,2,1
10,Chad Campbell,50.00,2,1
10,Carlos Franco,50.00,4,2
10,Sergio Garcia,50.00,2,1
10,Brent Geiberger,50.00,2,1
10,Mark Hensby,50.00,2,1
10,Joey Sindelar,50.00,2,1
10,David Toms,50.00,2,1
18,Woody Austin,40.00,5,2
18,Vijay Singh,40.00,5,2
20,Retief Goosen,33.33,3,1
20,Rod Pampling,33.33,3,1
20,Mike Weir,33.33,3,1
20,Tiger Woods,33.33,3,1
24,Bart Bryant,25.00,4,1
25,Jonathan Byrd,.00,3,0
25,John Daly,.00,4,0
25,Ernie Els,.00,1,0
25,Ryan Palmer,.00,2,0
25,Craig Parry,.00,2,0
25,Heath Slocum,.00,1,0
