rank,player,% Made,Attempts,Putts made
1,Chad Campbell,100.00,2,2
1,Stewart Cink,100.00,2,2
1,Craig Parry,100.00,1,1
1,Mike Weir,100.00,2,2
5,Brent Geiberger,80.00,5,4
5,Jonathan Kaye,80.00,5,4
7,Vijay Singh,75.00,4,3
7,David Toms,75.00,4,3
9,Bart Bryant,66.67,3,2
9,Jonathan Byrd,66.67,3,2
9,Ernie Els,66.67,6,4
12,Mark Hensby,60.00,5,3
12,Andre Stolz,60.00,5,3
12,Vaughn Taylor,60.00,5,3
15,Carlos Franco,57.14,7,4
16,Woody Austin,50.00,6,3
16,Steve Flesch,50.00,4,2
16,Fred Funk,50.00,4,2
16,Retief Goosen,50.00,2,1
16,Todd Hamilton,50.00,4,2
16,Zach Johnson,50.00,6,3
16,Ryan Palmer,50.00,2,1
16,Rod Pampling,50.00,6,3
16,Joey Sindelar,50.00,2,1
16,Heath Slocum,50.00,6,3
26,Stuart Appleby,33.33,3,1
26,Adam Scott,33.33,3,1
28,John Daly,25.00,4,1
29,Stephen Ames,.00,1,0
29,Sergio Garcia,.00,1,0
