rank,player,% Made,Attempts,Putts made
1,Jonathan Kaye,60.87,23,14
2,Stuart Appleby,57.69,26,15
3,Ernie Els,54.84,31,17
4,Stewart Cink,54.17,24,13
5,Woody Austin,51.28,39,20
6,Adam Scott,50.00,32,16
7,Steve Flesch,48.39,31,15
8,Carlos Franco,48.28,29,14
8,Brent Geiberger,48.28,29,14
10,Stephen Ames,47.83,23,11
11,Zach Johnson,47.22,36,17
12,Fred Funk,46.67,30,14
12,Vaughn Taylor,46.67,30,14
12,David Toms,46.67,30,14
12,Mike Weir,46.67,30,14
16,Jonathan Byrd,44.83,29,13
17,John Daly,43.33,30,13
18,Chad Campbell,41.38,29,12
18,Todd Hamilton,41.38,29,12
20,Vijay Singh,40.63,32,13
21,Retief Goosen,40.00,20,8
21,Craig Parry,40.00,25,10
21,Andre Stolz,40.00,30,12
24,Rod Pampling,39.47,38,15
25,Bart Bryant,39.39,33,13
26,Heath Slocum,39.02,41,16
27,Mark Hensby,37.84,37,14
28,Tiger Woods,36.67,30,11
29,Joey Sindelar,33.33,27,9
30,Sergio Garcia,30.43,23,7
31,Ryan Palmer,29.63,27,8
