rank,player,% Made,Attempts,Putts made
1,Sangmoon Bae,100.00,1,1
1,Steven Bowditch,100.00,5,5
1,Matt Every,100.00,1,1
1,Chesson Hadley,100.00,7,7
1,Billy Horschel,100.00,6,6
1,Zach Johnson,100.00,6,6
1,Matt Kuchar,100.00,5,5
1,Hideki Matsuyama,100.00,5,5
1,Ryan Moore,100.00,5,5
1,S.Y. Noh,100.00,1,1
1,Geoff Ogilvy,100.00,4,4
1,John Senden,100.00,5,5
1,Brendon Todd,100.00,8,8
1,Bubba Watson,100.00,4,4
15,Nick Taylor,87.50,8,7
16,Robert Streb,85.71,7,6
17,Chris Kirk,83.33,6,5
17,Jimmy Walker,83.33,6,5
19,Tim Clark,80.00,5,4
19,Hunter Mahan,80.00,10,8
21,Ben Crane,77.78,9,7
21,Charley Hoffman,77.78,9,7
23,Russell Henley,75.00,8,6
23,Matt Jones,75.00,4,3
23,Patrick Reed,75.00,8,6
26,Ángel Cabrera,71.43,7,5
26,Kevin Streelman,71.43,7,5
28,J.B. Holmes,66.67,6,4
28,Ben Martin,66.67,3,2
30,Scott Stallings,62.50,8,5
31,Jason Day,60.00,5,3
31,Camilo Villegas,60.00,10,6
33,Brian Harman,.00,2,0
