rank,player,%,Attempts,Putts made
1,Zach Johnson,100.00,54,54
1,Hideki Matsuyama,100.00,59,59
1,Brendon Todd,100.00,55,55
1,Bubba Watson,100.00,54,54
5,Chesson Hadley,98.33,60,59
6,Geoff Ogilvy,98.28,58,57
7,Matt Jones,98.25,57,56
7,Ryan Moore,98.25,57,56
7,Robert Streb,98.25,57,56
10,Matt Every,98.21,56,55
11,Matt Kuchar,98.15,54,53
12,S.Y. Noh,98.11,53,52
13,Chris Kirk,98.00,50,49
14,Sangmoon Bae,97.96,49,48
15,Billy Horschel,96.72,61,59
16,Ángel Cabrera,96.55,58,56
17,Brian Harman,96.49,57,55
17,Ben Martin,96.49,57,55
19,Jason Day,96.43,56,54
19,John Senden,96.43,56,54
19,Nick Taylor,96.43,56,54
22,Russell Henley,96.36,55,53
23,Jimmy Walker,96.30,54,52
24,J.B. Holmes,95.16,62,59
25,Scott Stallings,95.08,61,58
26,Patrick Reed,95.00,60,57
27,Steven Bowditch,94.83,58,55
27,Hunter Mahan,94.83,58,55
29,Tim Clark,94.74,57,54
30,Ben Crane,94.55,55,52
31,Charley Hoffman,93.55,62,58
32,Kevin Streelman,93.44,61,57
33,Camilo Villegas,90.16,61,55
