rank,player,% Made,Attempts,Putts made
1,Patrick Reed,62.50,8,5
2,Chris Kirk,55.56,18,10
3,Jason Day,50.00,12,6
3,Russell Henley,50.00,16,8
3,Robert Streb,50.00,10,5
6,Tim Clark,44.44,9,4
6,Brendon Todd,44.44,9,4
8,Scott Stallings,42.86,7,3
8,Nick Taylor,42.86,14,6
10,Matt Jones,41.67,12,5
10,Ben Martin,41.67,12,5
12,Sangmoon Bae,40.00,10,4
12,Matt Every,40.00,20,8
12,S.Y. Noh,40.00,15,6
15,Matt Kuchar,37.50,8,3
16,Zach Johnson,33.33,12,4
16,Bubba Watson,33.33,12,4
18,Hunter Mahan,31.25,16,5
19,John Senden,30.00,10,3
20,Ryan Moore,27.27,11,3
21,Camilo Villegas,26.67,15,4
22,Brian Harman,25.00,12,3
22,Billy Horschel,25.00,12,3
22,Kevin Streelman,25.00,12,3
25,Ben Crane,23.08,13,3
26,Charley Hoffman,15.38,13,2
27,Jimmy Walker,14.29,7,1
28,Ángel Cabrera,13.33,15,2
29,J.B. Holmes,12.50,16,2
30,Geoff Ogilvy,11.11,9,1
31,Hideki Matsuyama,8.33,12,1
32,Steven Bowditch,.00,7,-
32,Chesson Hadley,.00,10,-
