rank,player,% Made,Attempts,Putts made
1,Steven Bowditch,100.00,1,1
1,Tim Clark,100.00,2,2
1,Ben Crane,100.00,2,2
1,Matt Every,100.00,1,1
1,Brian Harman,100.00,1,1
1,Ben Martin,100.00,1,1
1,S.Y. Noh,100.00,1,1
1,Geoff Ogilvy,100.00,1,1
1,Robert Streb,100.00,2,2
1,Nick Taylor,100.00,1,1
1,Bubba Watson,100.00,2,2
12,Sangmoon Bae,80.00,5,4
13,Hideki Matsuyama,75.00,4,3
13,Scott Stallings,75.00,4,3
15,Ángel Cabrera,66.67,3,2
15,Matt Kuchar,66.67,3,2
15,Patrick Reed,66.67,3,2
18,Kevin Streelman,60.00,5,3
19,Chesson Hadley,50.00,4,2
19,Charley Hoffman,50.00,6,3
19,J.B. Holmes,50.00,6,3
19,Matt Jones,50.00,2,1
19,Hunter Mahan,50.00,2,1
24,Brendon Todd,40.00,5,2
25,Ryan Moore,25.00,4,1
26,John Senden,20.00,5,1
27,Jason Day,.00,2,0
27,Billy Horschel,.00,2,0
27,Chris Kirk,.00,3,0
27,Camilo Villegas,.00,1,0
27,Jimmy Walker,.00,1,0
