rank,player,% Made,Attempts,Putts made
1,Ben Crane,40.00,5,2
1,Russell Henley,40.00,5,2
3,Jason Day,33.33,6,2
4,Matt Jones,28.57,7,2
4,Matt Kuchar,28.57,7,2
4,Ben Martin,28.57,7,2
7,Tim Clark,25.00,4,1
8,Jimmy Walker,22.22,9,2
9,Brian Harman,20.00,5,1
10,Hideki Matsuyama,16.67,6,1
11,Scott Stallings,12.50,8,1
12,Chesson Hadley,10.00,10,1
13,Kevin Streelman,7.14,14,1
14,Sangmoon Bae,.00,1,-
14,Steven Bowditch,.00,7,-
14,Ángel Cabrera,.00,3,-
14,Matt Every,.00,4,-
14,Charley Hoffman,.00,5,-
14,J.B. Holmes,.00,5,-
14,Billy Horschel,.00,10,-
14,Zach Johnson,.00,5,-
14,Chris Kirk,.00,5,-
14,Hunter Mahan,.00,6,-
14,Ryan Moore,.00,4,-
14,S.Y. Noh,.00,3,-
14,Geoff Ogilvy,.00,8,-
14,Patrick Reed,.00,4,-
14,John Senden,.00,2,-
14,Robert Streb,.00,6,-
14,Nick Taylor,.00,6,-
14,Brendon Todd,.00,6,-
14,Camilo Villegas,.00,4,-
14,Bubba Watson,.00,3,-
