rank,player,% Made,Attempts,Putts made
1,Ángel Cabrera,50.00,6,3
1,Patrick Reed,50.00,4,2
3,Zach Johnson,37.50,8,3
3,Ben Martin,37.50,8,3
5,Sangmoon Bae,35.71,14,5
6,Steven Bowditch,33.33,9,3
7,Scott Stallings,28.57,7,2
8,Ryan Moore,25.00,8,2
8,Jimmy Walker,25.00,8,2
10,John Senden,21.43,14,3
11,Tim Clark,20.00,10,2
11,Chris Kirk,20.00,5,1
11,Geoff Ogilvy,20.00,10,2
11,Kevin Streelman,20.00,5,1
11,Bubba Watson,20.00,15,3
16,Matt Every,16.67,6,1
16,Hideki Matsuyama,16.67,6,1
16,Camilo Villegas,16.67,6,1
19,Ben Crane,14.29,7,1
19,Matt Jones,14.29,7,1
21,J.B. Holmes,12.50,8,1
22,Jason Day,10.00,10,1
22,Billy Horschel,10.00,10,1
22,Matt Kuchar,10.00,10,1
25,Chesson Hadley,.00,9,-
25,Brian Harman,.00,8,-
25,Russell Henley,.00,8,-
25,Charley Hoffman,.00,7,-
25,Hunter Mahan,.00,3,-
25,S.Y. Noh,.00,8,-
25,Robert Streb,.00,9,-
25,Nick Taylor,.00,4,-
25,Brendon Todd,.00,6,-
