rank,player,Putts Made
1,Russell Henley,12.0
1,Chris Kirk,12.0
3,Ben Crane,10.0
3,Jason Day,10.0
3,Ben Martin,10.0
6,Sangmoon Bae,9.0
6,Matt Every,9.0
6,Matt Jones,9.0
9,Tim Clark,8.0
9,Zach Johnson,8.0
9,S.Y. Noh,8.0
9,Patrick Reed,8.0
9,Nick Taylor,8.0
14,Ángel Cabrera,7.0
14,Bubba Watson,7.0
16,Brian Harman,6.0
16,Billy Horschel,6.0
16,Matt Kuchar,6.0
16,Ryan Moore,6.0
16,John Senden,6.0
16,Scott Stallings,6.0
16,Robert Streb,6.0
16,Kevin Streelman,6.0
24,Steven Bowditch,5.0
24,Hunter Mahan,5.0
24,Geoff Ogilvy,5.0
24,Camilo Villegas,5.0
24,Jimmy Walker,5.0
29,J.B. Holmes,4.0
29,Hideki Matsuyama,4.0
29,Brendon Todd,4.0
32,Chesson Hadley,3.0
32,Charley Hoffman,3.0
