rank,player,% Made,Attempts,Putts made
1,S.Y. Noh,90.91,11,10
2,Hunter Mahan,88.89,18,16
3,John Senden,87.50,16,14
4,Ryan Moore,86.67,15,13
4,Robert Streb,86.67,15,13
6,Zach Johnson,83.33,18,15
7,Jimmy Walker,79.17,24,19
8,Geoff Ogilvy,78.57,14,11
9,Brendon Todd,78.26,23,18
10,Matt Every,77.78,9,7
11,Charley Hoffman,75.00,20,15
12,Chesson Hadley,73.33,15,11
13,Steven Bowditch,71.43,21,15
13,Ángel Cabrera,71.43,14,10
13,Chris Kirk,71.43,21,15
16,Bubba Watson,70.59,17,12
17,Matt Kuchar,70.00,20,14
18,Camilo Villegas,69.23,26,18
19,Ben Crane,68.18,22,15
20,Russell Henley,66.67,15,10
20,Hideki Matsuyama,66.67,15,10
20,Nick Taylor,66.67,21,14
23,Kevin Streelman,64.71,17,11
24,J.B. Holmes,62.50,16,10
25,Tim Clark,60.00,20,12
25,Billy Horschel,60.00,15,9
27,Sangmoon Bae,58.82,17,10
27,Jason Day,58.82,17,10
29,Brian Harman,56.25,16,9
30,Matt Jones,53.33,15,8
31,Patrick Reed,52.94,17,9
32,Scott Stallings,47.37,19,9
33,Ben Martin,42.86,14,6
