rank,player,% Made,Attempts,Putts made
1,Jason Day,100.00,3,3
1,Hunter Mahan,100.00,1,1
1,John Senden,100.00,3,3
1,Robert Streb,100.00,1,1
5,S.Y. Noh,83.33,6,5
5,Jimmy Walker,83.33,6,5
7,J.B. Holmes,75.00,4,3
7,Geoff Ogilvy,75.00,4,3
7,Bubba Watson,75.00,4,3
10,Ángel Cabrera,66.67,3,2
10,Matt Every,66.67,3,2
10,Kevin Streelman,66.67,3,2
13,Steven Bowditch,60.00,5,3
13,Nick Taylor,60.00,5,3
15,Brendon Todd,57.14,7,4
16,Tim Clark,50.00,6,3
16,Russell Henley,50.00,4,2
16,Matt Kuchar,50.00,6,3
19,Camilo Villegas,42.86,7,3
20,Ben Crane,40.00,5,2
21,Scott Stallings,37.50,8,3
22,Brian Harman,33.33,3,1
22,Charley Hoffman,33.33,3,1
22,Billy Horschel,33.33,3,1
22,Zach Johnson,33.33,3,1
22,Chris Kirk,33.33,3,1
22,Ryan Moore,33.33,3,1
28,Matt Jones,25.00,4,1
28,Patrick Reed,25.00,4,1
30,Sangmoon Bae,.00,3,0
30,Chesson Hadley,.00,2,0
30,Ben Martin,.00,5,0
30,Hideki Matsuyama,.00,3,0
