rank,player,% Made,Attempts,Putts made
1,Sangmoon Bae,100.00,7,7
1,Zach Johnson,100.00,15,15
1,Hideki Matsuyama,100.00,14,14
1,S.Y. Noh,100.00,8,8
1,Brendon Todd,100.00,15,15
1,Bubba Watson,100.00,10,10
7,Nick Taylor,94.12,17,16
8,Ryan Moore,93.33,15,14
9,Robert Streb,92.86,14,13
10,Chesson Hadley,92.31,13,12
11,Matt Kuchar,91.67,12,11
12,Chris Kirk,90.91,11,10
13,Ben Martin,90.00,10,9
13,Geoff Ogilvy,90.00,10,9
15,Ángel Cabrera,88.89,18,16
15,Matt Every,88.89,9,8
17,Matt Jones,87.50,8,7
18,Russell Henley,86.67,15,13
18,John Senden,86.67,15,13
20,Billy Horschel,85.71,14,12
20,Scott Stallings,85.71,21,18
22,Ben Crane,83.33,18,15
22,Jason Day,83.33,12,10
24,Steven Bowditch,81.82,11,9
25,Hunter Mahan,81.25,16,13
26,Tim Clark,80.00,15,12
26,J.B. Holmes,80.00,15,12
26,Jimmy Walker,80.00,10,8
29,Patrick Reed,78.57,14,11
30,Brian Harman,75.00,8,6
30,Charley Hoffman,75.00,16,12
32,Kevin Streelman,73.33,15,11
33,Camilo Villegas,57.14,14,8
