rank,player,% Made,Attempts,Putts made
1,Ángel Cabrera,100.00,40,40
1,Tim Clark,100.00,42,42
1,Ben Crane,100.00,37,37
1,Jason Day,100.00,44,44
1,Matt Every,100.00,47,47
1,Chesson Hadley,100.00,47,47
1,Brian Harman,100.00,49,49
1,Russell Henley,100.00,40,40
1,Charley Hoffman,100.00,46,46
1,J.B. Holmes,100.00,47,47
1,Billy Horschel,100.00,47,47
1,Zach Johnson,100.00,39,39
1,Matt Jones,100.00,49,49
1,Chris Kirk,100.00,39,39
1,Matt Kuchar,100.00,42,42
1,Hunter Mahan,100.00,42,42
1,Hideki Matsuyama,100.00,45,45
1,Ryan Moore,100.00,42,42
1,Geoff Ogilvy,100.00,48,48
1,Patrick Reed,100.00,46,46
1,John Senden,100.00,41,41
1,Scott Stallings,100.00,40,40
1,Robert Streb,100.00,43,43
1,Kevin Streelman,100.00,46,46
1,Brendon Todd,100.00,40,40
1,Camilo Villegas,100.00,47,47
1,Jimmy Walker,100.00,44,44
1,Bubba Watson,100.00,44,44
29,Steven Bowditch,97.87,47,46
29,Ben Martin,97.87,47,46
31,S.Y. Noh,97.78,45,44
32,Sangmoon Bae,97.62,42,41
33,Nick Taylor,97.44,39,38
