rank,player,% Made,Attempts,Putts made
1,Brian Harman,100.00,1,1
1,Zach Johnson,100.00,1,1
1,Matt Jones,100.00,1,1
1,Geoff Ogilvy,100.00,2,2
1,Jimmy Walker,100.00,1,1
6,Billy Horschel,80.00,5,4
7,Ángel Cabrera,66.67,3,2
7,Russell Henley,66.67,3,2
9,Chesson Hadley,60.00,5,3
10,Sangmoon Bae,50.00,4,2
10,Matt Every,50.00,2,1
12,Jason Day,33.33,3,1
12,Hunter Mahan,33.33,6,2
12,Hideki Matsuyama,33.33,3,1
12,Patrick Reed,33.33,3,1
12,Robert Streb,33.33,3,1
12,Bubba Watson,33.33,3,1
18,John Senden,25.00,4,1
18,Brendon Todd,25.00,4,1
20,Ryan Moore,16.67,6,1
20,S.Y. Noh,16.67,6,1
22,Steven Bowditch,.00,3,0
22,Tim Clark,.00,2,0
22,Ben Crane,.00,3,0
22,Charley Hoffman,.00,1,0
22,J.B. Holmes,.00,2,0
22,Chris Kirk,.00,1,0
22,Matt Kuchar,.00,3,0
22,Ben Martin,.00,2,0
22,Scott Stallings,.00,1,0
22,Kevin Streelman,.00,3,0
22,Nick Taylor,.00,2,0
22,Camilo Villegas,.00,1,0
