rank,player,Putts Made
1,Ben Crane,6.0
2,Russell Henley,4.0
3,Jason Day,3.0
3,Chesson Hadley,3.0
3,Brian Harman,3.0
3,Matt Jones,3.0
7,Steven Bowditch,2.0
7,Ángel Cabrera,2.0
7,Tim Clark,2.0
7,Billy Horschel,2.0
7,Matt Kuchar,2.0
7,Ben Martin,2.0
7,Hideki Matsuyama,2.0
7,S.Y. Noh,2.0
7,Geoff Ogilvy,2.0
7,Kevin Streelman,2.0
7,Nick Taylor,2.0
7,Jimmy Walker,2.0
19,Charley Hoffman,1.0
19,J.B. Holmes,1.0
19,Zach Johnson,1.0
19,Chris Kirk,1.0
19,Ryan Moore,1.0
19,Patrick Reed,1.0
19,Scott Stallings,1.0
19,Robert Streb,1.0
27,Sangmoon Bae,.0
27,Matt Every,.0
27,Hunter Mahan,.0
27,John Senden,.0
27,Brendon Todd,.0
27,Camilo Villegas,.0
27,Bubba Watson,.0
