rank,player,% Made,Attempts,Putts made
1,Sangmoon Bae,100.00,5,5
1,Ángel Cabrera,100.00,1,1
1,Hunter Mahan,100.00,3,3
1,Ryan Moore,100.00,5,5
1,S.Y. Noh,100.00,2,2
1,Geoff Ogilvy,100.00,3,3
1,Camilo Villegas,100.00,6,6
8,Zach Johnson,83.33,6,5
9,Charley Hoffman,80.00,5,4
9,John Senden,80.00,5,4
9,Robert Streb,80.00,5,4
9,Brendon Todd,80.00,5,4
13,Chesson Hadley,75.00,4,3
13,Hideki Matsuyama,75.00,4,3
15,Steven Bowditch,66.67,6,4
15,Matt Every,66.67,3,2
15,Matt Jones,66.67,3,2
18,Matt Kuchar,60.00,5,3
19,Brian Harman,50.00,4,2
19,Patrick Reed,50.00,2,1
19,Scott Stallings,50.00,2,1
19,Jimmy Walker,50.00,6,3
19,Bubba Watson,50.00,4,2
24,Ben Crane,33.33,3,1
24,Nick Taylor,33.33,3,1
26,Tim Clark,25.00,4,1
26,J.B. Holmes,25.00,4,1
26,Billy Horschel,25.00,4,1
26,Chris Kirk,25.00,4,1
30,Jason Day,.00,1,0
30,Russell Henley,.00,1,0
30,Ben Martin,.00,1,0
30,Kevin Streelman,.00,2,0
