rank,player,% Made,Attempts,Putts made
1,Ben Crane,100.00,5,5
1,Matt Every,100.00,2,2
1,Russell Henley,100.00,2,2
1,Charley Hoffman,100.00,3,3
1,J.B. Holmes,100.00,2,2
1,Zach Johnson,100.00,3,3
1,Chris Kirk,100.00,8,8
1,Hunter Mahan,100.00,4,4
1,Ryan Moore,100.00,2,2
1,S.Y. Noh,100.00,2,2
1,Robert Streb,100.00,2,2
1,Camilo Villegas,100.00,3,3
1,Jimmy Walker,100.00,6,6
14,Brian Harman,85.71,7,6
15,Tim Clark,80.00,5,4
15,Ben Martin,80.00,5,4
15,Kevin Streelman,80.00,5,4
18,Matt Kuchar,75.00,4,3
19,Ángel Cabrera,66.67,3,2
19,Hideki Matsuyama,66.67,3,2
19,John Senden,66.67,3,2
19,Brendon Todd,66.67,3,2
23,Steven Bowditch,60.00,5,3
23,Nick Taylor,60.00,5,3
23,Bubba Watson,60.00,5,3
26,Sangmoon Bae,50.00,8,4
26,Jason Day,50.00,8,4
26,Chesson Hadley,50.00,2,1
26,Billy Horschel,50.00,2,1
26,Matt Jones,50.00,4,2
31,Geoff Ogilvy,33.33,3,1
31,Patrick Reed,33.33,3,1
33,Scott Stallings,.00,1,0
