rank,player,% Made,Attempts,Putts Made
1,Ben Crane,25.00,24,6
2,Jason Day,13.04,23,3
3,Russell Henley,12.50,32,4
4,Brian Harman,12.00,25,3
5,Chesson Hadley,10.71,28,3
6,Matt Jones,10.00,30,3
6,Matt Kuchar,10.00,20,2
8,Hideki Matsuyama,9.52,21,2
9,Tim Clark,8.70,23,2
10,S.Y. Noh,7.69,26,2
11,Steven Bowditch,7.41,27,2
11,Kevin Streelman,7.41,27,2
13,Ben Martin,7.14,28,2
14,Billy Horschel,6.90,29,2
14,Nick Taylor,6.90,29,2
16,Jimmy Walker,6.67,30,2
17,Ángel Cabrera,6.25,32,2
18,Geoff Ogilvy,6.06,33,2
19,J.B. Holmes,4.76,21,1
20,Chris Kirk,4.35,23,1
20,Ryan Moore,4.35,23,1
22,Charley Hoffman,4.00,25,1
23,Zach Johnson,3.85,26,1
24,Patrick Reed,3.70,27,1
25,Robert Streb,3.13,32,1
26,Scott Stallings,3.03,33,1
27,Sangmoon Bae,.00,24,-
27,Matt Every,.00,20,-
27,Hunter Mahan,.00,34,-
27,John Senden,.00,20,-
27,Brendon Todd,.00,23,-
27,Camilo Villegas,.00,23,-
27,Bubba Watson,.00,17,-
