rank,player,% Made,Attempts,Putts made
1,Sangmoon Bae,100.00,6,6
1,Ángel Cabrera,100.00,11,11
1,Jason Day,100.00,7,7
1,Brian Harman,100.00,6,6
1,Russell Henley,100.00,7,7
1,Zach Johnson,100.00,9,9
1,Matt Jones,100.00,4,4
1,Chris Kirk,100.00,5,5
1,Ben Martin,100.00,7,7
1,Hideki Matsuyama,100.00,9,9
1,S.Y. Noh,100.00,7,7
1,Scott Stallings,100.00,13,13
1,Robert Streb,100.00,7,7
1,Nick Taylor,100.00,9,9
1,Brendon Todd,100.00,7,7
1,Bubba Watson,100.00,6,6
17,Ryan Moore,90.00,10,9
18,Ben Crane,88.89,9,8
18,J.B. Holmes,88.89,9,8
20,Matt Every,87.50,8,7
21,Matt Kuchar,85.71,7,6
22,Chesson Hadley,83.33,6,5
22,Hunter Mahan,83.33,6,5
22,Geoff Ogilvy,83.33,6,5
22,Patrick Reed,83.33,6,5
26,Tim Clark,80.00,10,8
26,John Senden,80.00,10,8
28,Billy Horschel,75.00,8,6
28,Kevin Streelman,75.00,8,6
28,Jimmy Walker,75.00,4,3
31,Charley Hoffman,71.43,7,5
32,Steven Bowditch,66.67,6,4
33,Camilo Villegas,50.00,4,2
