rank,player,% Made,Attempts,Putts Made
1,Chris Kirk,26.09,46,12
2,Ben Crane,22.73,44,10
3,Jason Day,22.22,45,10
4,Russell Henley,21.43,56,12
5,Ben Martin,20.83,48,10
6,Patrick Reed,20.51,39,8
7,Matt Every,19.57,46,9
8,Tim Clark,19.05,42,8
9,Sangmoon Bae,18.75,48,9
10,Matt Jones,18.37,49,9
11,Zach Johnson,17.39,46,8
12,Nick Taylor,17.02,47,8
13,S.Y. Noh,16.33,49,8
14,Bubba Watson,15.91,44,7
15,Matt Kuchar,15.79,38,6
16,Ryan Moore,14.29,42,6
17,John Senden,13.64,44,6
17,Kevin Streelman,13.64,44,6
19,Brian Harman,13.33,45,6
20,Ángel Cabrera,13.21,53,7
21,Scott Stallings,12.77,47,6
22,Billy Horschel,11.76,51,6
22,Robert Streb,11.76,51,6
24,Steven Bowditch,11.63,43,5
25,Camilo Villegas,11.36,44,5
26,Jimmy Walker,11.11,45,5
27,Brendon Todd,10.53,38,4
28,Hideki Matsuyama,10.26,39,4
29,Geoff Ogilvy,9.62,52,5
30,Hunter Mahan,9.43,53,5
31,J.B. Holmes,8.89,45,4
32,Charley Hoffman,6.67,45,3
33,Chesson Hadley,6.38,47,3
