rank,player,% Made,Attempts,Putts made
1,Ben Crane,21.05,19,4
2,Chesson Hadley,11.11,18,2
3,Billy Horschel,10.53,19,2
4,Steven Bowditch,10.00,20,2
4,Brian Harman,10.00,20,2
6,S.Y. Noh,8.70,23,2
6,Nick Taylor,8.70,23,2
8,Geoff Ogilvy,8.00,25,2
9,Kevin Streelman,7.69,13,1
10,Russell Henley,7.41,27,2
11,Ángel Cabrera,6.90,29,2
12,Hideki Matsuyama,6.67,15,1
13,J.B. Holmes,6.25,16,1
14,Jason Day,5.88,17,1
15,Chris Kirk,5.56,18,1
16,Tim Clark,5.26,19,1
16,Ryan Moore,5.26,19,1
18,Charley Hoffman,5.00,20,1
19,Zach Johnson,4.76,21,1
20,Matt Jones,4.35,23,1
20,Patrick Reed,4.35,23,1
22,Robert Streb,3.85,26,1
23,Sangmoon Bae,.00,23,-
23,Matt Every,.00,16,-
23,Matt Kuchar,.00,13,-
23,Hunter Mahan,.00,28,-
23,Ben Martin,.00,21,-
23,John Senden,.00,18,-
23,Scott Stallings,.00,25,-
23,Brendon Todd,.00,17,-
23,Camilo Villegas,.00,19,-
23,Jimmy Walker,.00,21,-
23,Bubba Watson,.00,14,-
