rank,player,% Made,Attempts,Putts made
1,Zach Johnson,95.52,67,64
2,Geoff Ogilvy,94.37,71,67
3,Robert Streb,94.29,70,66
4,Matt Every,94.03,67,63
5,Ángel Cabrera,91.55,71,65
6,Russell Henley,90.77,65,59
7,Jimmy Walker,90.54,74,67
8,Brian Harman,90.41,73,66
9,Bubba Watson,90.28,72,65
10,S.Y. Noh,90.00,70,63
11,Hideki Matsuyama,89.47,76,68
12,Hunter Mahan,89.19,74,66
13,Matt Jones,88.73,71,63
14,Chesson Hadley,88.31,77,68
15,Charley Hoffman,86.25,80,69
16,Nick Taylor,86.11,72,62
17,Brendon Todd,86.08,79,68
18,Billy Horschel,85.71,77,66
18,Ryan Moore,85.71,77,66
20,John Senden,85.53,76,65
21,Chris Kirk,85.51,69,59
22,Matt Kuchar,85.33,75,64
23,Sangmoon Bae,85.14,74,63
24,J.B. Holmes,85.00,80,68
25,Ben Crane,84.93,73,62
25,Jason Day,84.93,73,62
27,Camilo Villegas,84.81,79,67
28,Steven Bowditch,84.62,78,66
29,Ben Martin,84.51,71,60
30,Scott Stallings,84.42,77,65
31,Tim Clark,84.21,76,64
32,Patrick Reed,84.00,75,63
33,Kevin Streelman,83.54,79,66
