rank,player,Avg,Distance (Feet),Total Putts
1,Patrick Cantlay,"13' 3""",238.750,18
2,Sungjae Im,"12' 2""",194.500,16
3,Chez Reavie,"11' 10""",154.167,13
4,Sam Burns,"11' 8""",174.833,15
5,Collin Morikawa,"11' 7""",255.167,22
6,Seamus Power,"11' 4""",158.667,14
7,Scott Stallings,"11' 3""",203.083,18
8,Tony Finau,"11' 2""",189.750,17
9,Scottie Scheffler,"10' 10""",194.583,18
10,Sepp Straka,"10' 8""",182.000,17
11,Ryan Brehm,"10' 7""",137.417,13
12,Matt Fitzpatrick,"10' 6""",198.833,19
13,Jon Rahm,"10' 1""",242.250,24
14,Max Homa,"9' 9""",195.000,20
15,J.T. Poston,"9' 8""",164.583,17
16,Viktor Hovland,"9' 7""",192.000,20
17,Cameron Young,"9' 3""",222.583,24
18,Billy Horschel,"9' 2""",156.417,17
18,Tom Kim,"9' 2""",146.333,16
18,K.H. Lee,"9' 2""",173.833,19
18,Will Zalatoris,"9' 2""",173.917,19
22,Corey Conners,"8' 10""",123.500,14
23,Justin Thomas,"8' 8""",172.667,20
24,Aaron Wise,"8' 6""",161.500,19
25,Jordan Spieth,"8' 2""",146.750,18
26,Tom Hoge,"7' 11""",174.000,22
27,Keegan Bradley,"7' 10""",109.083,14
27,Russell Henley,"7' 10""",133.083,17
27,Chad Ramey,"7' 10""",124.750,16
27,Adam Scott,"7' 10""",109.083,14
31,Hideki Matsuyama,"7' 7""",144.250,19
32,Brian Harman,"7' 6""",112.750,15
33,Sahith Theegala,"7' 3""",101.250,14
34,Luke List,"7' 1""",170.583,24
34,J.J. Spaun,"7' 1""",134.833,19
36,Adam Svensson,"6' 7""",52.833,8
37,Trey Mullinax,"6' 6""",97.333,15
38,Mackenzie Hughes,"5' 9""",85.917,15
