rank,player,Value,Attempts,Total Distance (Feet)
1,Brian Harman,"1' 9""",44,77.167
2,Tony Finau,"1' 10""",45,84.083
2,Viktor Hovland,"1' 10""",43,80.417
2,Will Zalatoris,"1' 10""",46,85.750
5,Luke List,"1' 11""",42,82.000
5,Hideki Matsuyama,"1' 11""",42,79.250
5,Jon Rahm,"1' 11""",41,79.333
8,Max Homa,"2' 0""",44,87.500
9,Adam Scott,"2' 1""",49,101.417
9,J.J. Spaun,"2' 1""",47,96.583
9,Jordan Spieth,"2' 1""",41,84.083
12,Patrick Cantlay,"2' 2""",44,94.667
12,Matt Fitzpatrick,"2' 2""",41,89.833
12,Russell Henley,"2' 2""",50,107.000
12,Tom Hoge,"2' 2""",42,90.000
12,Billy Horschel,"2' 2""",47,100.667
12,Collin Morikawa,"2' 2""",43,92.333
12,Sepp Straka,"2' 2""",48,105.167
12,Aaron Wise,"2' 2""",46,99.417
20,Keegan Bradley,"2' 3""",51,116.250
20,Tom Kim,"2' 3""",47,106.917
20,Scott Stallings,"2' 3""",46,103.500
23,Trey Mullinax,"2' 4""",43,102.000
23,J.T. Poston,"2' 4""",45,104.083
25,Sungjae Im,"2' 5""",47,112.083
25,K.H. Lee,"2' 5""",49,117.083
25,Seamus Power,"2' 5""",46,111.000
25,Chez Reavie,"2' 5""",54,130.583
25,Scottie Scheffler,"2' 5""",45,106.917
25,Adam Svensson,"2' 5""",56,136.083
25,Sahith Theegala,"2' 5""",49,117.333
32,Mackenzie Hughes,"2' 6""",47,119.083
32,Justin Thomas,"2' 6""",44,111.417
34,Corey Conners,"2' 7""",48,125.750
34,Chad Ramey,"2' 7""",45,118.083
36,Ryan Brehm,"2' 8""",53,140.167
36,Sam Burns,"2' 8""",49,130.583
38,Cameron Young,"5' 8""",42,238.500
