rank,player,Avg,Distance (Feet),Total Putts
1,Billy Horschel,"77' 2""",77.167,1
2,Scottie Scheffler,"70' 9""",70.750,1
3,Sungjae Im,"66' 6""",66.500,1
4,Tom Kim,"62' 7""",62.583,1
5,Sahith Theegala,"52' 7""",157.833,3
6,Ryan Brehm,"52' 0""",103.917,2
7,Russell Henley,"51' 3""",205.000,4
8,Adam Svensson,"49' 3""",246.167,5
9,Chez Reavie,"48' 6""",194.083,4
10,Keegan Bradley,"47' 10""",191.333,4
11,Patrick Cantlay,"47' 3""",94.500,2
12,Matt Fitzpatrick,"46' 2""",92.333,2
13,Viktor Hovland,"42' 6""",84.917,2
14,Will Zalatoris,"41' 5""",41.417,1
15,Sepp Straka,"39' 9""",39.750,1
16,Trey Mullinax,"39' 5""",78.833,2
17,Chad Ramey,"39' 2""",156.500,4
18,Collin Morikawa,"38' 4""",38.333,1
19,Jon Rahm,"37' 9""",37.750,1
20,Justin Thomas,"37' 6""",149.833,4
21,J.J. Spaun,"36' 8""",73.333,2
22,Cameron Young,"34' 1""",68.167,2
23,Seamus Power,"33' 7""",33.583,1
24,Corey Conners,"32' 5""",97.333,3
25,Aaron Wise,"31' 11""",63.833,2
26,Hideki Matsuyama,"31' 7""",31.583,1
27,J.T. Poston,"30' 10""",92.500,3
28,Luke List,"30' 1""",60.083,2
29,Jordan Spieth,"28' 11""",57.833,2
30,Scott Stallings,"23' 5""",23.417,1
31,Adam Scott,"7' 4""",7.333,1
