rank,player,Distance in Inches
1,Collin Morikawa,62
2,Matt Fitzpatrick,61
3,Sam Burns,60
3,Patrick Cantlay,60
5,Jon Rahm,57
5,Cameron Young,57
7,Max Homa,56
8,Scottie Scheffler,55
8,Scott Stallings,55
10,Tony Finau,54
10,Seamus Power,54
12,Sepp Straka,53
13,Ryan Brehm,52
13,K.H. Lee,52
15,Sungjae Im,51
15,Will Zalatoris,51
17,Tom Hoge,49
17,Viktor Hovland,49
17,J.T. Poston,49
17,Jordan Spieth,49
17,Justin Thomas,49
17,Aaron Wise,49
23,Billy Horschel,48
23,Luke List,48
25,Tom Kim,47
25,Hideki Matsuyama,47
25,Chad Ramey,47
28,Corey Conners,46
28,Chez Reavie,46
30,J.J. Spaun,43
31,Russell Henley,42
31,Mackenzie Hughes,42
33,Keegan Bradley,41
34,Brian Harman,39
34,Trey Mullinax,39
34,Adam Scott,39
37,Sahith Theegala,38
38,Adam Svensson,35
