rank,player,Avg,Total Strokes,Total Rounds
1,Zach Johnson,30.00,30,1
2,Carl Pettersson,31.00,31,1
3,Anthony Kim,32.00,32,1
3,Justin Leonard,32.00,32,1
3,Davis Love III,32.00,32,1
3,Parker McLachlin,32.00,32,1
3,Geoff Ogilvy,32.00,32,1
8,Dustin Johnson,33.00,33,1
8,Will MacKenzie,33.00,33,1
8,Kenny Perry,33.00,33,1
8,Chez Reavie,33.00,33,1
8,Camilo Villegas,33.00,33,1
13,Cameron Beckman,34.00,34,1
13,K.J. Choi,34.00,34,1
13,Daniel Chopra,34.00,34,1
13,Brian Gay,34.00,34,1
13,J.B. Holmes,34.00,34,1
13,Trevor Immelman,34.00,34,1
13,Richard Johnson,34.00,34,1
13,Greg Kraft,34.00,34,1
13,Sean O'Hair,34.00,34,1
13,Boo Weekley,34.00,34,1
23,Stewart Cink,35.00,35,1
23,Johnson Wagner,35.00,35,1
25,Adam Scott,36.00,36,1
25,Vijay Singh,36.00,36,1
25,D.J. Trahan,36.00,36,1
28,Ernie Els,37.00,37,1
28,Steve Lowery,37.00,37,1
28,Andres Romero,37.00,37,1
28,Marc Turnesa,37.00,37,1
32,Ryan Palmer,38.00,38,1
33,Ryuji Imada,39.00,39,1
