rank,player,Avg,Total Strokes,Total Rounds
1,Trevor Immelman,31.00,31,1
2,Cameron Beckman,32.00,32,1
2,J.B. Holmes,32.00,32,1
2,Anthony Kim,32.00,32,1
2,Steve Lowery,32.00,32,1
2,Will MacKenzie,32.00,32,1
2,Sean O'Hair,32.00,32,1
2,Ryan Palmer,32.00,32,1
2,Chez Reavie,32.00,32,1
10,Ernie Els,33.00,33,1
10,Dustin Johnson,33.00,33,1
10,Richard Johnson,33.00,33,1
10,Zach Johnson,33.00,33,1
10,Davis Love III,33.00,33,1
10,Kenny Perry,33.00,33,1
16,Justin Leonard,34.00,34,1
16,Vijay Singh,34.00,34,1
16,Johnson Wagner,34.00,34,1
19,K.J. Choi,35.00,35,1
19,Brian Gay,35.00,35,1
19,Adam Scott,35.00,35,1
22,Daniel Chopra,36.00,36,1
22,Ryuji Imada,36.00,36,1
22,Geoff Ogilvy,36.00,36,1
22,Carl Pettersson,36.00,36,1
22,D.J. Trahan,36.00,36,1
22,Boo Weekley,36.00,36,1
28,Parker McLachlin,37.00,37,1
28,Andres Romero,37.00,37,1
30,Greg Kraft,38.00,38,1
30,Camilo Villegas,38.00,38,1
32,Stewart Cink,39.00,39,1
32,Marc Turnesa,39.00,39,1
