rank,player,Low Rnd
1,Zach Johnson,30
2,Ernie Els,31
2,Trevor Immelman,31
2,Geoff Ogilvy,31
2,Carl Pettersson,31
6,Cameron Beckman,32
6,Stewart Cink,32
6,J.B. Holmes,32
6,Anthony Kim,32
6,Justin Leonard,32
6,Davis Love III,32
6,Steve Lowery,32
6,Will MacKenzie,32
6,Parker McLachlin,32
6,Sean O'Hair,32
6,Ryan Palmer,32
6,Chez Reavie,32
6,Boo Weekley,32
19,Dustin Johnson,33
19,Richard Johnson,33
19,Kenny Perry,33
19,Camilo Villegas,33
23,K.J. Choi,34
23,Daniel Chopra,34
23,Brian Gay,34
23,Ryuji Imada,34
23,Greg Kraft,34
23,Adam Scott,34
23,Vijay Singh,34
23,D.J. Trahan,34
23,Marc Turnesa,34
23,Johnson Wagner,34
33,Andres Romero,37
