rank,player,Avg,Total Strokes,Total Holes
1,Geoff Ogilvy,33.00,132,4
2,Davis Love III,33.25,133,4
3,Anthony Kim,33.50,134,4
4,Ernie Els,33.75,135,4
5,Sean O'Hair,34.00,136,4
5,Kenny Perry,34.00,136,4
7,Chez Reavie,34.25,137,4
7,Boo Weekley,34.25,137,4
9,Justin Leonard,34.50,138,4
9,Will MacKenzie,34.50,138,4
9,Carl Pettersson,34.50,138,4
12,K.J. Choi,34.75,139,4
12,J.B. Holmes,34.75,139,4
12,Trevor Immelman,34.75,139,4
12,Dustin Johnson,34.75,139,4
12,Zach Johnson,34.75,139,4
17,Cameron Beckman,35.00,140,4
17,Adam Scott,35.00,140,4
17,Johnson Wagner,35.00,140,4
20,Richard Johnson,35.25,141,4
20,D.J. Trahan,35.25,141,4
22,Brian Gay,35.50,142,4
22,Ryan Palmer,35.50,142,4
22,Camilo Villegas,35.50,142,4
25,Steve Lowery,35.75,143,4
25,Parker McLachlin,35.75,143,4
27,Daniel Chopra,36.00,144,4
27,Stewart Cink,36.00,144,4
27,Ryuji Imada,36.00,144,4
30,Greg Kraft,36.25,145,4
30,Vijay Singh,36.25,145,4
32,Marc Turnesa,37.25,149,4
33,Andres Romero,38.00,152,4
