rank,player,Avg,Total Strokes,Total Rounds
1,Ernie Els,31.00,31,1
2,Davis Love III,32.00,32,1
3,Geoff Ogilvy,33.00,33,1
3,Kenny Perry,33.00,33,1
5,Ryuji Imada,34.00,34,1
5,Greg Kraft,34.00,34,1
7,K.J. Choi,35.00,35,1
7,J.B. Holmes,35.00,35,1
7,Anthony Kim,35.00,35,1
7,Sean O'Hair,35.00,35,1
7,Ryan Palmer,35.00,35,1
7,Adam Scott,35.00,35,1
7,D.J. Trahan,35.00,35,1
7,Johnson Wagner,35.00,35,1
7,Boo Weekley,35.00,35,1
16,Brian Gay,36.00,36,1
16,Steve Lowery,36.00,36,1
16,Will MacKenzie,36.00,36,1
16,Carl Pettersson,36.00,36,1
16,Chez Reavie,36.00,36,1
21,Dustin Johnson,37.00,37,1
21,Richard Johnson,37.00,37,1
23,Stewart Cink,38.00,38,1
23,Trevor Immelman,38.00,38,1
23,Zach Johnson,38.00,38,1
23,Justin Leonard,38.00,38,1
23,Vijay Singh,38.00,38,1
23,Camilo Villegas,38.00,38,1
29,Cameron Beckman,39.00,39,1
29,Daniel Chopra,39.00,39,1
29,Andres Romero,39.00,39,1
29,Marc Turnesa,39.00,39,1
33,Parker McLachlin,40.00,40,1
