rank,player,Avg,Total Strokes,Total Rounds
1,Geoff Ogilvy,31.00,31,1
2,Stewart Cink,32.00,32,1
2,Boo Weekley,32.00,32,1
4,Camilo Villegas,33.00,33,1
5,Ernie Els,34.00,34,1
5,Justin Leonard,34.00,34,1
5,Parker McLachlin,34.00,34,1
5,Adam Scott,34.00,34,1
5,D.J. Trahan,34.00,34,1
5,Marc Turnesa,34.00,34,1
11,Cameron Beckman,35.00,35,1
11,K.J. Choi,35.00,35,1
11,Daniel Chopra,35.00,35,1
11,Ryuji Imada,35.00,35,1
11,Anthony Kim,35.00,35,1
11,Sean O'Hair,35.00,35,1
11,Carl Pettersson,35.00,35,1
18,Trevor Immelman,36.00,36,1
18,Dustin Johnson,36.00,36,1
18,Davis Love III,36.00,36,1
18,Chez Reavie,36.00,36,1
18,Johnson Wagner,36.00,36,1
23,Brian Gay,37.00,37,1
23,Richard Johnson,37.00,37,1
23,Will MacKenzie,37.00,37,1
23,Ryan Palmer,37.00,37,1
23,Kenny Perry,37.00,37,1
23,Vijay Singh,37.00,37,1
29,J.B. Holmes,38.00,38,1
29,Zach Johnson,38.00,38,1
29,Steve Lowery,38.00,38,1
32,Greg Kraft,39.00,39,1
32,Andres Romero,39.00,39,1
