rank,player,Avg (Yards),Total Distance (inches),Number of Approach Shots
1,Kevin Kisner,148.7,"251,538,000",47
2,Chez Reavie,150.1,"259,301,000",48
3,Joaquin Niemann,150.2,"259,523,000",48
4,Brendon Todd,151.7,"289,454,000",53
5,Rickie Fowler,153.3,"264,835,000",48
5,Justin Thomas,153.3,"209,707,000",38
7,Patrick Cantlay,153.8,"243,565,000",44
8,Nate Lashley,154.9,"262,155,000",47
9,Martin Trainer,155.0,"239,910,000",43
10,Max Homa,155.6,"285,757,000",51
11,Lanto Griffin,156.0,"269,577,000",48
12,Jim Herman,156.8,"237,106,000",42
13,Ryan Palmer,157.5,"238,135,000",42
14,Kevin Na,157.8,"249,881,000",44
15,Sung Kang,158.7,"239,973,000",42
16,Keith Mitchell,159.9,"218,705,000",38
17,Corey Conners,162.3,"274,576,000",47
18,Gary Woodland,162.7,"287,069,000",49
19,Sebastián Muñoz,162.9,"234,620,000",40
20,Matthew Wolff,163.5,"276,672,000",47
21,Matt Kuchar,164.4,"307,755,000",52
22,Graeme McDowell,164.6,"284,378,000",48
23,Dylan Frittelli,164.9,"284,897,000",48
24,Jon Rahm,165.5,"321,644,000",54
25,Dustin Johnson,165.8,"262,644,000",44
26,J.B. Holmes,166.7,"270,024,000",45
27,Xander Schauffele,166.9,"312,433,000",52
28,Patrick Reed,167.0,"252,431,000",42
29,Tyler Duncan,167.2,"288,911,000",48
30,Paul Casey,167.4,"253,081,000",42
31,Collin Morikawa,167.7,"247,516,000",41
32,Cameron Champ,167.8,"271,831,000",45
33,J.T. Poston,168.5,"279,047,000",46
34,Adam Long,168.9,"291,849,000",48
