rank,player,Avg (Yards),Total Distance (inches),Number of Approach Shots
1,Jim Herman,136.0,"73,451,000",15
2,Dustin Johnson,136.7,"88,582,000",18
3,Chez Reavie,139.4,"60,213,000",12
4,J.T. Poston,139.7,"80,445,000",16
5,Tyler Duncan,153.6,"71,888,000",13
6,Patrick Cantlay,155.3,"111,826,000",20
7,Collin Morikawa,159.4,"114,740,000",20
8,Corey Conners,161.4,"81,325,000",14
9,Kevin Kisner,163.1,"88,074,000",15
10,Matt Kuchar,168.1,"72,614,000",12
11,Ryan Palmer,169.4,"103,655,000",17
12,J.B. Holmes,171.3,"80,165,000",13
13,Max Homa,172.6,"68,355,000",11
14,Justin Thomas,175.5,"151,656,000",24
15,Brendon Todd,176.0,"57,008,000",9
16,Nate Lashley,176.3,"88,836,000",14
17,Adam Long,180.7,"84,589,000",13
18,Kevin Na,189.2,"74,909,000",11
19,Patrick Reed,190.4,"157,632,000",23
20,Sebastián Muñoz,191.5,"131,000,000",19
21,Cameron Champ,191.6,"117,287,000",17
22,Dylan Frittelli,192.7,"69,381,000",10
23,Keith Mitchell,193.0,"90,311,000",13
24,Joaquin Niemann,195.6,"119,717,000",17
25,Martin Trainer,197.4,"63,948,000",9
26,Sung Kang,199.2,"114,754,000",16
27,Paul Casey,200.7,"115,612,000",16
28,Graeme McDowell,205.1,"95,973,000",13
29,Rickie Fowler,207.1,"126,731,000",17
29,Jon Rahm,207.1,"96,939,000",13
31,Lanto Griffin,207.8,"112,200,000",15
32,Gary Woodland,213.9,"123,212,000",16
33,Xander Schauffele,220.7,"135,095,000",17
34,Matthew Wolff,225.2,"137,852,000",17
