rank,player,Avg,Total Distance (feet),# of Attempts,Relative to par
1,Cameron Smith,"4' 8""",4.667,1,-1
2,Matthew NeSmith,"4' 11""",4.917,1,-1
3,Bo Hoag,"5' 5""",10.750,2,-1
4,Henrik Norlander,"5' 9""",5.750,1,E
4,Andrew Putnam,"5' 9""",5.750,1,-1
6,Scott Harrington,"5' 10""",5.833,1,E
7,Nick Taylor,"6' 1""",6.083,1,-1
8,Zac Blair,"7' 2""",7.167,1,-1
9,Carlos Ortiz,"8' 4""",16.667,2,E
9,Rory Sabbatini,"8' 4""",8.333,1,E
11,Alex Noren,"8' 9""",8.750,1,-1
12,Ryan Palmer,"10' 0""",10.000,1,E
13,Rikuya Hoshino,"10' 1""",20.167,2,+1
14,Graeme McDowell,"10' 7""",10.583,1,-1
14,Brandt Snedeker,"10' 7""",21.167,2,E
16,Joseph Bramlett,"11' 1""",11.083,1,E
17,Brendan Steele,"11' 3""",11.250,1,E
18,Harry Higgs,"11' 5""",11.417,1,E
19,Tim Wilkinson,"11' 10""",11.833,1,-1
20,Zach Johnson,"12' 3""",24.417,2,E
21,Sungjae Im,"13' 6""",26.917,2,E
22,Hideki Matsuyama,"13' 7""",40.833,3,+1
23,Jimmy Walker,"13' 9""",13.750,1,E
24,Joel Dahmen,"13' 10""",41.417,3,-1
25,Corey Conners,"14' 8""",14.667,1,+1
25,Nate Lashley,"14' 8""",14.667,1,E
27,Webb Simpson,"15' 0""",15.000,1,E
28,Brian Stuard,"15' 1""",15.083,1,+1
29,Vaughn Taylor,"17' 3""",17.250,1,E
30,Daniel Berger,"17' 10""",35.667,2,-1
31,Abraham Ancer,"19' 0""",19.000,1,E
32,Peter Malnati,"19' 2""",38.333,2,+1
33,Keegan Bradley,"19' 7""",39.167,2,E
33,Emiliano Grillo,"19' 7""",19.583,1,E
35,Michael Gellerman,"20' 6""",61.500,3,-1
36,Patrick Rodgers,"20' 7""",20.583,1,E
37,Scott Piercy,"21' 11""",21.917,1,E
38,Cam Davis,"23' 0""",45.917,2,E
38,Pat Perez,"23' 0""",69.000,3,+1
40,Collin Morikawa,"24' 7""",24.583,1,E
41,Kramer Hickok,"27' 0""",27.000,1,E
42,Ben Martin,"27' 1""",54.083,2,+2
43,Marc Leishman,"33' 7""",33.583,1,E
44,Mikumu Horikawa,"34' 8""",34.667,1,E
45,Sam Ryder,"40' 6""",40.500,1,E
46,Lanto Griffin,"43' 5""",86.750,2,+1
47,Matt Jones,"58' 4""",58.333,1,E
48,Hudson Swafford,"77' 2""",77.167,1,+2
