rank,player,Avg,Total Distance (feet),# of Attempts,Relative to par
1,Michael Gellerman,"4' 8""",4.667,1,-1
2,Hideki Matsuyama,"5' 10""",17.417,3,-1
3,Marc Leishman,"7' 1""",14.167,2,-1
4,Tom Hoge,"9' 2""",27.500,3,-2
5,Tim Wilkinson,"10' 10""",10.833,1,-1
6,D.J. Trahan,"12' 4""",12.333,1,E
7,Sam Ryder,"12' 11""",25.833,2,E
8,Joseph Bramlett,"13' 1""",26.167,2,-1
9,Brian Stuard,"14' 1""",42.250,3,E
10,Brendan Steele,"14' 2""",99.167,7,-2
11,Pat Perez,"14' 10""",29.667,2,-1
12,Nick Taylor,"15' 0""",45.000,3,-1
13,Ryan Palmer,"15' 1""",60.167,4,-1
14,"Ted Potter, Jr.","15' 10""",63.250,4,-1
15,Satoshi Kodaira,"16' 4""",65.167,4,+1
16,Joaquin Niemann,"16' 10""",50.500,3,+2
17,Graeme McDowell,"17' 4""",34.583,2,E
18,Scott Piercy,"17' 9""",35.417,2,-1
19,Abraham Ancer,"18' 0""",89.833,5,-2
20,Carlos Ortiz,"18' 3""",54.667,3,+1
21,Cameron Smith,"19' 0""",152.250,8,-1
21,Brandt Snedeker,"19' 0""",56.917,3,E
23,Brian Harman,"20' 3""",101.333,5,-1
24,Daniel Berger,"20' 9""",41.417,2,E
25,Harry Higgs,"21' 0""",104.917,5,-1
26,Scott Harrington,"22' 7""",158.333,7,-2
27,Lanto Griffin,"22' 9""",68.333,3,-1
28,Mark Anderson,"22' 10""",91.167,4,-1
29,Michael Thompson,"23' 8""",118.333,5,E
30,Matthew NeSmith,"23' 11""",71.750,3,E
31,Jimmy Walker,"24' 3""",97.083,4,-2
32,Keegan Bradley,"24' 4""",48.583,2,E
33,Zach Johnson,"24' 5""",73.333,3,-2
34,Patrick Rodgers,"25' 1""",75.167,3,E
35,Russell Knox,"25' 3""",126.417,5,-1
35,Alex Noren,"25' 3""",75.833,3,+1
37,Mikumu Horikawa,"25' 4""",75.917,3,+2
37,Kevin Kisner,"25' 4""",126.667,5,-1
39,Jerry Kelly,"25' 5""",76.333,3,-1
40,Rikuya Hoshino,"26' 4""",52.667,2,E
41,Vaughn Taylor,"26' 6""",53.000,2,E
42,Webb Simpson,"26' 9""",53.500,2,-1
43,Corey Conners,"26' 11""",107.583,4,E
44,Collin Morikawa,"27' 7""",82.750,3,-1
45,Chase Seiffert,"28' 11""",115.583,4,E
46,Brendon Todd,"29' 0""",58.000,2,+1
47,Ben Martin,"29' 7""",88.750,3,E
48,Nate Lashley,"30' 2""",120.500,4,E
49,Emiliano Grillo,"31' 0""",92.917,3,E
50,Bo Hoag,"31' 3""",31.250,1,E
51,Charles Howell III,"31' 7""",126.417,4,E
52,Matt Jones,"31' 11""",191.417,6,E
53,Cam Davis,"33' 3""",99.833,3,-1
54,Sungjae Im,"33' 7""",100.750,3,E
55,Kramer Hickok,"40' 1""",160.333,4,+1
56,Rhein Gibson,"40' 8""",40.667,1,+1
57,Rob Oppenheim,"40' 10""",122.500,3,+1
58,Joel Dahmen,"42' 0""",126.083,3,-1
59,Sepp Straka,"42' 8""",85.333,2,E
60,Zac Blair,"43' 0""",86.000,2,+1
61,Andrew Putnam,"43' 9""",43.750,1,E
62,Hudson Swafford,"49' 4""",98.583,2,E
63,Rory Sabbatini,"58' 2""",58.167,1,E
64,Talor Gooch,"60' 8""",60.667,1,E
65,Peter Malnati,"64' 4""",64.333,1,E
