rank,player,Avg,Total Distance (feet),# of Attempts,Relative to par
1,Hideki Matsuyama,"8' 2""",8.167,1,-2
2,Matt Jones,"10' 5""",10.417,1,-2
3,Brendan Steele,"11' 11""",23.833,2,-3
4,Marc Leishman,"17' 10""",17.833,1,-1
5,Jimmy Walker,"26' 4""",26.333,1,-1
6,Michael Gellerman,"28' 7""",57.083,2,-2
7,Charles Howell III,"28' 8""",28.667,1,-1
8,Andrew Putnam,"30' 2""",60.250,2,E
9,Corey Conners,"31' 4""",94.083,3,-3
10,Harry Higgs,"39' 10""",79.667,2,-3
11,Jerry Kelly,"40' 0""",120.000,3,-2
12,Matthew NeSmith,"40' 10""",40.833,1,-1
13,Scott Piercy,"40' 11""",122.667,3,-2
14,Nate Lashley,"44' 11""",89.833,2,-2
15,Graeme McDowell,"47' 2""",283.083,6,-4
16,Joel Dahmen,"47' 5""",189.750,4,-4
17,Bo Hoag,"48' 0""",48.000,1,-1
18,Zac Blair,"49' 0""",196.000,4,+1
19,Tom Hoge,"49' 2""",147.417,3,-2
20,Patrick Rodgers,"49' 5""",98.750,2,-2
21,Tim Wilkinson,"51' 10""",207.167,4,-1
22,Lanto Griffin,"51' 11""",103.750,2,E
22,Michael Thompson,"51' 11""",103.750,2,-2
24,Abraham Ancer,"52' 3""",209.083,4,-1
25,Zach Johnson,"52' 8""",210.583,4,-3
26,Chase Seiffert,"54' 3""",271.250,5,-1
27,Talor Gooch,"54' 5""",108.833,2,-1
28,Kramer Hickok,"55' 3""",165.667,3,-2
29,Kevin Kisner,"56' 9""",56.750,1,E
30,"Ted Potter, Jr.","57' 0""",171.000,3,-1
31,Rory Sabbatini,"58' 3""",232.917,4,-3
32,Ryan Palmer,"59' 3""",59.250,1,E
33,Mikumu Horikawa,"61' 0""",244.000,4,-3
34,Nick Taylor,"63' 7""",127.083,2,E
35,Brandt Snedeker,"64' 5""",321.917,5,-3
36,Webb Simpson,"64' 6""",129.000,2,E
37,Pat Perez,"64' 10""",129.667,2,E
38,Sam Ryder,"64' 11""",129.833,2,-2
39,Keegan Bradley,"65' 0""",260.000,4,-2
40,Emiliano Grillo,"65' 10""",197.500,3,-1
41,Mark Anderson,"66' 0""",197.917,3,-1
42,Satoshi Kodaira,"66' 5""",199.250,3,-3
43,Vaughn Taylor,"66' 6""",133.000,2,-1
44,Brian Stuard,"67' 2""",268.500,4,-1
45,Brian Harman,"67' 8""",135.333,2,-1
46,Hudson Swafford,"67' 9""",203.250,3,-3
47,Rhein Gibson,"68' 5""",136.750,2,-1
48,Brendon Todd,"71' 1""",213.250,3,-2
49,Joaquin Niemann,"73' 0""",146.000,2,-1
50,D.J. Trahan,"73' 1""",292.417,4,E
51,Collin Morikawa,"75' 9""",151.500,2,E
52,Daniel Berger,"78' 10""",157.667,2,E
53,Cameron Smith,"83' 4""",83.333,1,-1
54,Peter Malnati,"93' 6""",187.000,2,E
55,Rob Oppenheim,"103' 9""",103.750,1,E
