rank,player,Avg,Total Distance (feet),# of Attempts,Relative to par
1,Hideki Matsuyama,"9' 9""",58.250,6,E
2,Graeme McDowell,"11' 11""",59.500,5,-2
3,Brian Stuard,"12' 8""",63.250,5,E
4,Brendan Steele,"14' 0""",125.833,9,-1
5,Joseph Bramlett,"14' 2""",70.750,5,-2
6,Carlos Ortiz,"14' 7""",87.417,6,+1
6,D.J. Trahan,"14' 7""",43.833,3,+1
6,Tim Wilkinson,"14' 7""",58.167,4,-2
9,Rikuya Hoshino,"14' 10""",88.750,6,+1
10,Bo Hoag,"15' 3""",76.417,5,-2
11,Henrik Norlander,"16' 3""",97.417,6,-1
12,Sam Ryder,"17' 4""",121.500,7,-3
13,Vaughn Taylor,"17' 5""",104.583,6,+1
14,Michael Gellerman,"18' 8""",168.333,9,E
15,Nick Taylor,"18' 11""",113.583,6,-2
16,Ryan Palmer,"19' 1""",152.833,8,E
17,Marc Leishman,"19' 2""",153.583,8,+1
18,Zach Johnson,"19' 4""",135.250,7,-3
18,"Ted Potter, Jr.","19' 4""",96.583,5,E
20,Harry Higgs,"19' 5""",194.417,10,-1
21,Keegan Bradley,"19' 6""",97.333,5,E
22,Alex Noren,"19' 7""",97.917,5,E
22,Patrick Rodgers,"19' 7""",137.250,7,-2
22,Cameron Smith,"19' 7""",235.000,12,-3
25,Brian Harman,"20' 3""",141.583,7,-1
26,Pat Perez,"20' 5""",142.917,7,E
27,Scott Harrington,"20' 8""",186.250,9,-2
28,Daniel Berger,"20' 9""",145.500,7,-1
29,Tom Hoge,"20' 11""",104.750,5,E
30,Webb Simpson,"21' 1""",147.750,7,-2
31,Corey Conners,"21' 2""",169.083,8,+1
32,Abraham Ancer,"21' 4""",170.750,8,E
33,Russell Knox,"21' 9""",174.083,8,-1
34,Kevin Kisner,"23' 0""",138.083,6,-1
35,Jimmy Walker,"23' 2""",161.917,7,-1
36,Rory Sabbatini,"23' 6""",164.417,7,-1
37,Nate Lashley,"23' 7""",212.167,9,-2
38,Cam Davis,"23' 11""",215.333,9,-2
39,Brandt Snedeker,"24' 0""",191.917,8,E
40,Matthew NeSmith,"24' 8""",172.667,7,+2
41,Andrew Putnam,"24' 9""",49.500,2,-1
42,Brendon Todd,"24' 10""",124.250,5,E
43,Mikumu Horikawa,"24' 11""",124.583,5,+3
44,Michael Thompson,"25' 4""",177.250,7,-1
45,Scott Piercy,"25' 7""",204.583,8,-2
46,Emiliano Grillo,"25' 9""",154.583,6,E
47,Satoshi Kodaira,"26' 3""",157.417,6,+4
48,Mark Anderson,"26' 10""",187.583,7,-1
49,Ben Martin,"28' 2""",197.083,7,+3
50,Collin Morikawa,"28' 5""",170.417,6,-1
51,Peter Malnati,"28' 9""",143.833,5,+1
52,Lanto Griffin,"28' 10""",173.167,6,-1
53,Zac Blair,"29' 1""",174.583,6,+1
54,Jerry Kelly,"29' 5""",117.667,4,+1
55,Joel Dahmen,"29' 11""",209.417,7,-2
56,Joaquin Niemann,"30' 0""",210.167,7,+1
57,Chase Seiffert,"30' 6""",213.417,7,+2
58,Charles Howell III,"31' 0""",155.000,5,E
58,Sepp Straka,"31' 0""",216.833,7,-1
60,Sungjae Im,"32' 4""",226.583,7,E
61,Rhein Gibson,"34' 7""",138.167,4,+1
62,Rob Oppenheim,"36' 8""",146.500,4,+2
63,Matt Jones,"37' 5""",299.167,8,+1
64,Kramer Hickok,"37' 6""",187.333,5,+1
65,Talor Gooch,"41' 0""",123.000,3,+1
66,Hudson Swafford,"43' 11""",263.417,6,+2
