rank,player,Avg,Total Distance (feet),# of Attempts,Relative to par
1,Peter Malnati,"18' 7""",55.750,3,-4
2,Graeme McDowell,"22' 4""",22.333,1,-1
3,Matthew NeSmith,"24' 4""",24.333,1,-1
4,Michael Gellerman,"30' 9""",30.750,1,-1
5,Rob Oppenheim,"31' 3""",31.250,1,-1
6,Russell Knox,"31' 6""",31.500,1,-1
7,Kevin Kisner,"41' 10""",41.833,1,-1
8,Andrew Putnam,"43' 2""",43.167,1,-1
9,Michael Thompson,"44' 4""",44.333,1,-1
10,Daniel Berger,"50' 8""",50.667,1,E
11,Brian Stuard,"56' 0""",111.917,2,-2
12,Pat Perez,"56' 11""",170.750,3,-3
13,Tom Hoge,"60' 7""",181.667,3,-1
14,Nick Taylor,"64' 6""",64.500,1,E
15,Zach Johnson,"74' 1""",74.083,1,E
16,Tim Wilkinson,"78' 0""",234.083,3,-2
17,Satoshi Kodaira,"84' 7""",84.583,1,E
18,Jerry Kelly,"94' 3""",188.500,2,-2
19,Zac Blair,"99' 1""",297.333,3,-2
20,Charles Howell III,"101' 7""",101.583,1,E
21,Brandt Snedeker,"108' 10""",108.833,1,E
