rank,player,Avg,Total Distance (feet),# of Attempts,Relative to par
1,Brian Stuard,"5' 11""",5.917,1,-1
2,Graeme McDowell,"7' 2""",14.333,2,-1
3,Rikuya Hoshino,"8' 0""",15.917,2,E
4,Keegan Bradley,"9' 7""",9.583,1,E
5,Kevin Kisner,"11' 5""",11.417,1,E
5,Vaughn Taylor,"11' 5""",34.333,3,+1
7,Alex Noren,"13' 4""",13.333,1,E
8,Patrick Rodgers,"13' 10""",41.500,3,-2
8,Sam Ryder,"13' 10""",55.167,4,-3
10,Mikumu Horikawa,"14' 0""",14.000,1,+1
11,Brendan Steele,"15' 5""",15.417,1,+1
12,Corey Conners,"15' 7""",46.833,3,E
13,D.J. Trahan,"15' 9""",31.500,2,+1
14,Russell Knox,"15' 11""",47.667,3,E
15,Carlos Ortiz,"16' 1""",16.083,1,E
16,Joseph Bramlett,"16' 9""",33.500,2,-1
17,Bo Hoag,"17' 3""",34.417,2,-1
18,Cam Davis,"17' 5""",69.583,4,-1
19,Tim Wilkinson,"17' 9""",35.500,2,E
20,Lanto Griffin,"18' 1""",18.083,1,-1
21,Henrik Norlander,"18' 4""",91.667,5,-1
22,Zach Johnson,"18' 9""",37.500,2,-1
23,Nate Lashley,"19' 3""",77.000,4,-2
24,Harry Higgs,"19' 6""",78.083,4,E
25,Rory Sabbatini,"19' 7""",97.917,5,-1
26,Webb Simpson,"19' 10""",79.250,4,-1
27,Brian Harman,"20' 2""",40.250,2,E
28,Michael Gellerman,"20' 5""",102.167,5,+2
29,Peter Malnati,"20' 7""",41.167,2,E
30,Emiliano Grillo,"21' 1""",42.083,2,E
31,Marc Leishman,"21' 2""",105.833,5,+2
32,Scott Harrington,"22' 1""",22.083,1,E
32,Brendon Todd,"22' 1""",66.250,3,-1
34,Pat Perez,"22' 2""",44.250,2,E
35,Daniel Berger,"22' 10""",68.417,3,E
36,Rob Oppenheim,"24' 0""",24.000,1,+1
37,Jimmy Walker,"25' 7""",51.083,2,+1
38,Cameron Smith,"26' 0""",78.083,3,-1
39,Sepp Straka,"26' 4""",131.500,5,-1
40,Zac Blair,"27' 2""",81.417,3,+1
40,Ben Martin,"27' 2""",54.250,2,+1
42,Ryan Palmer,"27' 7""",82.667,3,+1
43,Charles Howell III,"28' 7""",28.583,1,E
44,Hudson Swafford,"29' 3""",87.667,3,E
45,Scott Piercy,"29' 5""",147.250,5,-1
46,Michael Thompson,"29' 6""",58.917,2,-1
47,Abraham Ancer,"31' 0""",61.917,2,+2
48,Talor Gooch,"31' 2""",62.333,2,+1
49,Nick Taylor,"31' 3""",62.500,2,E
50,Collin Morikawa,"31' 7""",63.083,2,E
51,Matthew NeSmith,"32' 0""",96.000,3,+3
52,Mark Anderson,"32' 2""",96.417,3,E
53,Rhein Gibson,"32' 6""",97.500,3,E
54,Chase Seiffert,"32' 7""",97.833,3,+2
55,"Ted Potter, Jr.","33' 4""",33.333,1,+1
56,Brandt Snedeker,"37' 11""",113.833,3,E
57,Tom Hoge,"38' 8""",77.250,2,+2
58,Joaquin Niemann,"39' 11""",159.667,4,-1
59,Jerry Kelly,"41' 4""",41.333,1,+2
60,Joel Dahmen,"41' 11""",41.917,1,E
61,Satoshi Kodaira,"46' 2""",92.250,2,+3
62,Matt Jones,"49' 5""",49.417,1,+1
63,Sungjae Im,"49' 6""",98.917,2,E
