rank,player,%,Successes,Attempts
1,Matt Kuchar,100.00,1,1
1,Jordan Spieth,100.00,1,1
1,Michael Thompson,100.00,4,4
4,Ken Duke,75.00,3,4
5,Brian Gay,66.67,2,3
5,Bill Haas,66.67,2,3
7,Jonas Blixt,60.00,3,5
8,Sangmoon Bae,50.00,2,4
8,Jason Dufner,50.00,1,2
8,Harris English,50.00,1,2
8,Martin Laird,50.00,2,4
8,Ryan Moore,50.00,2,4
8,Adam Scott,50.00,2,4
14,Woody Austin,42.86,3,7
14,Chris Kirk,42.86,3,7
16,Billy Horschel,40.00,2,5
16,Brandt Snedeker,40.00,2,5
18,Dustin Johnson,33.33,1,3
18,Gary Woodland,33.33,2,6
20,Scott Brown,28.57,2,7
21,Derek Ernst,22.22,2,9
22,Russell Henley,20.00,1,5
22,D.A. Points,20.00,1,5
24,John Merrick,16.67,1,6
24,Patrick Reed,16.67,1,6
26,Kevin Streelman,14.29,1,7
27,Zach Johnson,.00,0,2
27,Webb Simpson,.00,0,1
27,Jimmy Walker,.00,0,7
