rank,player,%,# Saves,# Bunkers,Total O/U Par
1,Scott Brown,100.00,1,1,E
1,Harris English,100.00,1,1,E
1,Bill Haas,100.00,1,1,E
1,Zach Johnson,100.00,1,1,E
1,Ryan Moore,100.00,1,1,E
1,Brandt Snedeker,100.00,2,2,E
1,Michael Thompson,100.00,1,1,E
1,Jimmy Walker,100.00,1,1,-1.00
9,Sangmoon Bae,75.00,6,8,-1.00
9,Jason Dufner,75.00,3,4,E
9,Matt Kuchar,75.00,3,4,+1.00
9,Kevin Streelman,75.00,3,4,+1.00
13,Adam Scott,66.67,2,3,E
14,Jonas Blixt,50.00,2,4,+1.00
14,Ken Duke,50.00,1,2,E
14,Russell Henley,50.00,1,2,+2.00
14,Dustin Johnson,50.00,2,4,-1.00
18,Derek Ernst,40.00,2,5,+5.00
18,John Merrick,40.00,2,5,+3.00
20,Billy Horschel,33.33,1,3,+3.00
20,Jordan Spieth,33.33,1,3,E
22,Webb Simpson,20.00,1,5,+2.00
23,Woody Austin,.00,0,1,+1.00
23,Brian Gay,.00,0,3,+1.00
23,Martin Laird,.00,0,1,E
23,D.A. Points,.00,0,1,+1.00
23,Boo Weekley,.00,0,1,+2.00
23,Gary Woodland,.00,0,4,+3.00
