rank,player,%,Successes,Attempts
1,Jason Dufner,85.71,6,7
1,Webb Simpson,85.71,6,7
1,Jordan Spieth,85.71,6,7
4,Ken Duke,83.33,5,6
4,Michael Thompson,83.33,5,6
6,Billy Horschel,80.00,4,5
7,Jonas Blixt,75.00,6,8
8,Harris English,71.43,5,7
8,Brian Gay,71.43,5,7
8,Brandt Snedeker,71.43,5,7
11,Zach Johnson,66.67,6,9
11,Kevin Streelman,66.67,6,9
11,Boo Weekley,66.67,4,6
14,Bill Haas,62.50,5,8
15,D.A. Points,61.54,8,13
16,Gary Woodland,60.00,3,5
17,Woody Austin,57.14,4,7
18,Derek Ernst,54.55,6,11
19,Chris Kirk,50.00,3,6
19,Adam Scott,50.00,4,8
21,Sangmoon Bae,44.44,4,9
22,Matt Kuchar,42.86,3,7
22,Martin Laird,42.86,3,7
24,Ryan Moore,40.00,2,5
25,Scott Brown,37.50,3,8
26,Russell Henley,33.33,3,9
26,John Merrick,33.33,2,6
28,Patrick Reed,28.57,2,7
29,Jimmy Walker,25.00,2,8
30,Dustin Johnson,.00,0,5
