rank,player,%,Greens Hit,# Holes,Relative/Par
1,Michael Putnam,77.78,56,72,-0.20
2,Chris Kirk,76.39,55,72,-0.35
2,Kevin Na,76.39,55,72,-0.24
4,Stewart Cink,75.00,54,72,-0.30
4,Spencer Levin,75.00,54,72,-0.28
4,Ryan Palmer,75.00,54,72,-0.33
7,Hudson Swafford,73.61,53,72,-0.28
7,Brendon Todd,73.61,53,72,-0.32
7,Jimmy Walker,73.61,53,72,-0.42
10,Justin Leonard,72.22,52,72,-0.25
11,K.J. Choi,70.83,51,72,-0.35
11,James Hahn,70.83,51,72,-0.33
11,David Hearn,70.83,51,72,-0.25
11,Zach Johnson,70.83,51,72,-0.35
11,Daniel Summerhays,70.83,51,72,-0.25
16,Chad Collins,69.44,50,72,-0.20
16,Russell Henley,69.44,50,72,-0.32
16,Justin Hicks,69.44,50,72,-0.38
16,Jerry Kelly,69.44,50,72,-0.38
16,Adam Scott,69.44,50,72,-0.32
16,Chris Stroud,69.44,50,72,-0.28
16,Will Wilcox,69.44,50,72,-0.30
23,Scott Brown,68.06,49,72,-0.20
23,Brendon de Jonge,68.06,49,72,-0.18
23,Billy Hurley III,68.06,49,72,-0.35
23,Hyung-Sung Kim,68.06,49,72,-0.18
23,Matt Kuchar,68.06,49,72,-0.31
23,William McGirt,68.06,49,72,-0.27
23,Pat Perez,68.06,49,72,-0.24
23,John Peterson,68.06,49,72,-0.29
23,John Rollins,68.06,49,72,-0.31
23,Mark Wilson,68.06,49,72,-0.24
33,Sangmoon Bae,66.67,48,72,-0.35
33,Charlie Beljan,66.67,48,72,-0.29
33,Greg Chalmers,66.67,48,72,-0.27
33,Retief Goosen,66.67,48,72,-0.33
33,Jason Kokrak,66.67,48,72,-0.29
33,Heath Slocum,66.67,48,72,-0.31
39,Tommy Gainey,65.28,47,72,-0.26
39,Brian Harman,65.28,47,72,-0.34
39,Morgan Hoffmann,65.28,47,72,-0.23
39,John Senden,65.28,47,72,-0.30
43,Tim Herron,63.89,46,72,-0.24
43,Ben Martin,63.89,46,72,-0.30
43,Jeff Overton,63.89,46,72,-0.30
43,Tyrone Van Aswegen,63.89,46,72,-0.35
43,Y.E. Yang,63.89,46,72,-0.26
48,Steven Bowditch,62.50,45,72,-0.29
48,Jason Dufner,62.50,45,72,-0.40
48,Harris English,62.50,45,72,-0.47
48,Matt Every,62.50,45,72,-0.42
48,Marc Leishman,62.50,45,72,-0.42
48,S.Y. Noh,62.50,45,72,-0.22
48,Brian Stuard,62.50,45,72,-0.40
48,Hideto Tanihara,62.50,45,72,-0.44
56,Robert Allenby,61.11,44,72,-0.30
56,Charles Howell III,61.11,44,72,-0.30
56,Boo Weekley,61.11,44,72,-0.34
59,Ricky Barnes,59.72,43,72,-0.28
59,John Daly,59.72,43,72,-0.44
59,Paul Goydos,59.72,43,72,-0.21
59,Robert Streb,59.72,43,72,-0.23
59,Tim Wilkinson,59.72,43,72,-0.23
64,Brice Garnett,58.33,42,72,-0.33
64,Brian Gay,58.33,42,72,-0.43
64,Ryuji Imada,58.33,42,72,-0.45
64,Derek Tolan,58.33,42,72,-0.33
64,Charlie Wi,58.33,42,72,-0.29
69,Stuart Appleby,55.56,40,72,-0.35
69,D.A. Points,55.56,40,72,-0.33
71,Peter Malnati,52.78,38,72,-0.39
