rank,player,Value,Total Drv Rank,GIR Rank
1,Chris Kirk,9,7,2
1,Hudson Swafford,9,2,7
3,Jimmy Walker,11,4,7
4,Ryan Palmer,16,12,4
5,Michael Putnam,18,17,1
6,Justin Hicks,19,3,16
7,Billy Hurley III,30,7,23
8,Charlie Beljan,34,1,33
9,Russell Henley,35,19,16
9,Justin Leonard,35,25,10
9,Adam Scott,35,19,16
12,Brendon de Jonge,36,13,23
13,Zach Johnson,37,26,11
14,Hyung-Sung Kim,38,15,23
15,James Hahn,42,31,11
16,Jason Kokrak,43,10,33
17,Scott Brown,44,21,23
18,Pat Perez,47,24,23
18,Daniel Summerhays,47,36,11
20,Chris Stroud,49,33,16
20,Tyrone Van Aswegen,49,6,43
22,Jerry Kelly,51,35,16
23,Matt Kuchar,52,29,23
24,Steven Bowditch,53,5,48
24,Stewart Cink,53,49,4
26,Sangmoon Bae,56,23,33
26,Ben Martin,56,13,43
26,John Peterson,56,33,23
29,Hideto Tanihara,57,9,48
30,Brendon Todd,58,51,7
31,Tim Herron,59,16,43
32,Spencer Levin,61,57,4
33,John Senden,65,26,39
34,K.J. Choi,66,55,11
34,Brian Stuard,66,18,48
36,Kevin Na,67,65,2
36,Mark Wilson,67,44,23
38,David Hearn,69,58,11
38,John Rollins,69,46,23
40,Morgan Hoffmann,71,32,39
41,Heath Slocum,73,40,33
42,Marc Leishman,76,28,48
43,Tommy Gainey,79,40,39
44,Will Wilcox,80,64,16
45,Retief Goosen,81,48,33
45,Peter Malnati,81,10,71
47,Chad Collins,83,67,16
47,William McGirt,83,60,23
49,Harris English,86,38,48
49,Brian Gay,86,22,64
51,Paul Goydos,88,29,59
52,Brian Harman,89,50,39
52,Jeff Overton,89,46,43
54,Tim Wilkinson,95,36,59
55,Charles Howell III,99,43,56
55,S.Y. Noh,99,51,48
57,Brice Garnett,102,38,64
57,Y.E. Yang,102,59,43
59,Greg Chalmers,104,71,33
60,Robert Allenby,109,53,56
60,Matt Every,109,61,48
60,Ryuji Imada,109,45,64
60,D.A. Points,109,40,69
64,Jason Dufner,111,63,48
65,Boo Weekley,112,56,56
66,Derek Tolan,117,53,64
67,Ricky Barnes,127,68,59
68,John Daly,128,69,59
69,Robert Streb,129,70,59
69,Charlie Wi,129,65,64
71,Stuart Appleby,131,62,69
