rank,player,%,# of 1 putts,# of holes
1,Aaron Baddeley,50.00,9,18
2,Troy Matteson,44.44,8,18
2,Rory Sabbatini,44.44,8,18
4,Stephen Ames,38.89,7,18
4,Trevor Immelman,38.89,7,18
4,Davis Love III,38.89,7,18
4,Will MacKenzie,38.89,7,18
4,Corey Pavin,38.89,7,18
9,Stuart Appleby,33.33,6,18
9,K.J. Choi,33.33,6,18
9,John Rollins,33.33,6,18
9,Vijay Singh,33.33,6,18
9,Brett Wetterich,33.33,6,18
14,Chris Couch,27.78,5,18
14,Ben Curtis,27.78,5,18
14,Jim Furyk,27.78,5,18
14,Jeff Maggert,27.78,5,18
14,Carl Pettersson,27.78,5,18
14,Adam Scott,27.78,5,18
14,John Senden,27.78,5,18
21,Luke Donald,22.22,4,18
21,J.B. Holmes,22.22,4,18
21,Rod Pampling,22.22,4,18
24,Eric Axley,16.67,3,18
24,Joe Durant,16.67,3,18
24,J.J. Henry,16.67,3,18
24,Tim Herron,16.67,3,18
24,Geoff Ogilvy,16.67,3,18
24,David Toms,16.67,3,18
24,D.J. Trahan,16.67,3,18
24,Kirk Triplett,16.67,3,18
32,Chad Campbell,11.11,2,18
