rank,player,%,# of 1 putts,# of holes
1,Rory Sabbatini,55.56,10,18
2,Vijay Singh,50.00,9,18
3,J.J. Henry,44.44,8,18
3,Jeff Maggert,44.44,8,18
3,Kirk Triplett,44.44,8,18
6,Eric Axley,38.89,7,18
6,Troy Matteson,38.89,7,18
6,Corey Pavin,38.89,7,18
6,John Rollins,38.89,7,18
6,John Senden,38.89,7,18
11,Stuart Appleby,33.33,6,18
11,Chad Campbell,33.33,6,18
11,Luke Donald,33.33,6,18
11,Joe Durant,33.33,6,18
11,Will MacKenzie,33.33,6,18
11,Adam Scott,33.33,6,18
11,Dean Wilson,33.33,6,18
18,Aaron Baddeley,27.78,5,18
18,K.J. Choi,27.78,5,18
18,Tim Herron,27.78,5,18
18,J.B. Holmes,27.78,5,18
18,Davis Love III,27.78,5,18
18,Rod Pampling,27.78,5,18
18,David Toms,27.78,5,18
25,Stephen Ames,22.22,4,18
25,Ben Curtis,22.22,4,18
25,Geoff Ogilvy,22.22,4,18
25,D.J. Trahan,22.22,4,18
25,Brett Wetterich,22.22,4,18
30,Chris Couch,16.67,3,18
30,Carl Pettersson,16.67,3,18
32,Jim Furyk,11.11,2,18
