rank,player,Total,Total (for all distances),Pct of all 1-putts
1,Vijay Singh,4,31,12.9
2,Stuart Appleby,2,28,7.1
2,Luke Donald,2,23,8.7
2,Tim Herron,2,19,10.5
2,Troy Matteson,2,24,8.3
2,Dean Wilson,2,13,15.4
7,Stephen Ames,1,23,4.3
7,Eric Axley,1,20,5.0
7,Chad Campbell,1,16,6.3
7,Jim Furyk,1,12,8.3
7,J.B. Holmes,1,19,5.3
7,Trevor Immelman,1,21,4.8
7,Davis Love III,1,21,4.8
7,Jeff Maggert,1,20,5.0
7,Rod Pampling,1,18,5.6
7,Carl Pettersson,1,18,5.6
7,Rory Sabbatini,1,29,3.4
7,Adam Scott,1,24,4.2
7,David Toms,1,21,4.8
7,Kirk Triplett,1,19,5.3
