rank,player,Total,Total (for all distances),Pct of all 1-putts
1,Stephen Ames,7,23,30.4
2,John Senden,6,20,30.0
3,Rory Sabbatini,5,29,17.2
3,Adam Scott,5,24,20.8
5,K.J. Choi,4,22,18.2
6,Chris Couch,3,21,14.3
6,Luke Donald,3,23,13.0
6,Joe Durant,3,20,15.0
6,Davis Love III,3,21,14.3
6,Rod Pampling,3,18,16.7
6,John Rollins,3,22,13.6
6,Vijay Singh,3,31,9.7
6,Kirk Triplett,3,19,15.8
14,Stuart Appleby,2,28,7.1
14,Chad Campbell,2,16,12.5
14,J.J. Henry,2,20,10.0
14,Will MacKenzie,2,23,8.7
14,Jeff Maggert,2,20,10.0
14,Geoff Ogilvy,2,20,10.0
14,Corey Pavin,2,22,9.1
14,David Toms,2,21,9.5
14,Dean Wilson,2,13,15.4
23,Eric Axley,1,20,5.0
23,Aaron Baddeley,1,24,4.2
23,J.B. Holmes,1,19,5.3
23,Trevor Immelman,1,21,4.8
23,Troy Matteson,1,24,4.2
23,Carl Pettersson,1,18,5.6
23,Brett Wetterich,1,15,6.7
