rank,player,Distance,Year/Tourn#,Round,Hole
1,Jim Furyk,"53' 1""",Mercedes-Benz,3,17 - Par 4
2,Vijay Singh,"50' 7""",Mercedes-Benz,3,8 - Par 3 -
3,Dean Wilson,"46' 2""",Mercedes-Benz,3,9 - Par 5 -
4,Chris Couch,"44' 1""",Mercedes-Benz,1,17 - Par 4
6,Eric Axley,"41' 10""",Mercedes-Benz,2,7 - Par 4 -
7,Ben Curtis,"38' 8""",Mercedes-Benz,3,5 - Par 5 -
8,Stephen Ames,"38' 7""",Mercedes-Benz,1,7 - Par 4 -
9,Geoff Ogilvy,"38' 3""",Mercedes-Benz,2,1 - Par 4 -
12,Joe Durant,"36' 0""",Mercedes-Benz,4,13 - Par 4
13,Troy Matteson,"35' 0""",Mercedes-Benz,2,16 - Par 4
14,Luke Donald,"34' 3""",Mercedes-Benz,2,15 - Par 5
15,Adam Scott,"32' 2""",Mercedes-Benz,2,17 - Par 4
18,Rod Pampling,"29' 8""",Mercedes-Benz,1,16 - Par 4
19,J.B. Holmes,"29' 1""",Mercedes-Benz,2,11 - Par 3
20,Rory Sabbatini,"27' 10""",Mercedes-Benz,3,11 - Par 3
23,Carl Pettersson,"27' 1""",Mercedes-Benz,1,18 - Par 5
24,Brett Wetterich,"24' 2""",Mercedes-Benz,1,6 - Par 4 -
28,Kirk Triplett,"22' 9""",Mercedes-Benz,2,3 - Par 4 -
30,Trevor Immelman,"21' 7""",Mercedes-Benz,1,6 - Par 4 -
32,D.J. Trahan,"20' 9""",Mercedes-Benz,2,6 - Par 4 -
33,Jeff Maggert,"20' 4""",Mercedes-Benz,4,17 - Par 4
37,Chad Campbell,"19' 9""",Mercedes-Benz,2,1 - Par 4 -
38,David Toms,"19' 7""",Mercedes-Benz,4,17 - Par 4
43,Tim Herron,"18' 10""",Mercedes-Benz,1,14 - Par 4
46,Davis Love III,"17' 5""",Mercedes-Benz,3,6 - Par 4 -
50,Stuart Appleby,"16' 9""",Mercedes-Benz,3,1 - Par 4 -
65,John Senden,"14' 10""",Mercedes-Benz,4,15 - Par 5
69,J.J. Henry,"13' 11""",Mercedes-Benz,4,16 - Par 4
70,Will MacKenzie,"13' 11""",Mercedes-Benz,4,4 - Par 4 -
78,K.J. Choi,"13' 5""",Mercedes-Benz,4,9 - Par 5 -
79,Aaron Baddeley,"13' 4""",Mercedes-Benz,1,16 - Par 4
83,Corey Pavin,"12' 11""",Mercedes-Benz,1,1 - Par 4 -
88,John Rollins,"12' 9""",Mercedes-Benz,1,2 - Par 3 -
350,Arron Oberholser,"6' 0""",Mercedes-Benz,1,15 - Par 5
