rank,player,Total,Total (for all distances),Pct of all 1-putts
1,Trevor Immelman,12,21,57.1
2,Corey Pavin,10,22,45.5
3,Aaron Baddeley,9,24,37.5
3,J.J. Henry,9,20,45.0
3,Davis Love III,9,21,42.9
3,Troy Matteson,9,24,37.5
3,Adam Scott,9,24,37.5
8,Eric Axley,8,20,40.0
8,Chris Couch,8,21,38.1
8,David Toms,8,21,38.1
8,Kirk Triplett,8,19,42.1
12,Ben Curtis,7,17,41.2
12,Luke Donald,7,23,30.4
12,J.B. Holmes,7,19,36.8
12,Rory Sabbatini,7,29,24.1
12,D.J. Trahan,7,16,43.8
17,Stephen Ames,6,23,26.1
17,Stuart Appleby,6,28,21.4
17,Joe Durant,6,20,30.0
17,Will MacKenzie,6,23,26.1
17,Rod Pampling,6,18,33.3
22,Tim Herron,5,19,26.3
22,John Rollins,5,22,22.7
22,Brett Wetterich,5,15,33.3
25,K.J. Choi,4,22,18.2
25,Jim Furyk,4,12,33.3
25,Geoff Ogilvy,4,20,20.0
25,John Senden,4,20,20.0
25,Vijay Singh,4,31,12.9
30,Chad Campbell,3,16,18.8
30,Jeff Maggert,3,20,15.0
32,Carl Pettersson,2,18,11.1
33,Dean Wilson,1,13,7.7
