rank,player,%,# of 1 putts,# of holes
1,Vijay Singh,43.06,31,72
2,Rory Sabbatini,40.28,29,72
3,Stuart Appleby,38.89,28,72
4,Aaron Baddeley,33.33,24,72
4,Troy Matteson,33.33,24,72
4,Adam Scott,33.33,24,72
7,Stephen Ames,31.94,23,72
7,Luke Donald,31.94,23,72
7,Will MacKenzie,31.94,23,72
10,K.J. Choi,30.56,22,72
10,Corey Pavin,30.56,22,72
10,John Rollins,30.56,22,72
13,Chris Couch,29.17,21,72
13,Trevor Immelman,29.17,21,72
13,Davis Love III,29.17,21,72
13,David Toms,29.17,21,72
17,Eric Axley,27.78,20,72
17,Joe Durant,27.78,20,72
17,J.J. Henry,27.78,20,72
17,Jeff Maggert,27.78,20,72
17,Geoff Ogilvy,27.78,20,72
17,John Senden,27.78,20,72
23,Tim Herron,26.39,19,72
23,J.B. Holmes,26.39,19,72
23,Kirk Triplett,26.39,19,72
26,Rod Pampling,25.00,18,72
26,Carl Pettersson,25.00,18,72
28,Ben Curtis,23.61,17,72
29,Chad Campbell,22.22,16,72
29,D.J. Trahan,22.22,16,72
31,Brett Wetterich,20.83,15,72
32,Dean Wilson,18.06,13,72
33,Jim Furyk,16.67,12,72
