rank,player,Total,Total (for all distances),Pct of all 1-putts
1,Stuart Appleby,18,28,64.3
1,Vijay Singh,18,31,58.1
3,Will MacKenzie,15,23,65.2
4,Aaron Baddeley,14,24,58.3
4,K.J. Choi,14,22,63.6
4,John Rollins,14,22,63.6
4,Rory Sabbatini,14,29,48.3
8,Jeff Maggert,13,20,65.0
8,Carl Pettersson,13,18,72.2
10,Tim Herron,12,19,63.2
10,Geoff Ogilvy,12,20,60.0
12,Troy Matteson,11,24,45.8
13,Chad Campbell,10,16,62.5
13,Luke Donald,10,23,43.5
13,Corey Pavin,10,22,45.5
13,John Senden,10,20,50.0
13,David Toms,10,21,47.6
18,Chris Couch,9,21,42.9
18,Ben Curtis,9,17,52.9
18,J.J. Henry,9,20,45.0
18,J.B. Holmes,9,19,47.4
18,Adam Scott,9,24,37.5
23,Eric Axley,8,20,40.0
23,Davis Love III,8,21,38.1
23,D.J. Trahan,8,16,50.0
23,Brett Wetterich,8,15,53.3
27,Stephen Ames,7,23,30.4
27,Dean Wilson,7,13,53.8
29,Joe Durant,6,20,30.0
29,Trevor Immelman,6,21,28.6
29,Rod Pampling,6,18,33.3
32,Kirk Triplett,5,19,26.3
33,Jim Furyk,4,12,33.3
