rank,player,%,# of 1 putts,# of holes
1,Stephen Ames,44.44,8,18
1,Stuart Appleby,44.44,8,18
1,Carl Pettersson,44.44,8,18
1,Adam Scott,44.44,8,18
5,K.J. Choi,38.89,7,18
5,Luke Donald,38.89,7,18
5,J.J. Henry,38.89,7,18
5,Geoff Ogilvy,38.89,7,18
5,Rod Pampling,38.89,7,18
5,Vijay Singh,38.89,7,18
5,David Toms,38.89,7,18
12,Eric Axley,33.33,6,18
12,Trevor Immelman,33.33,6,18
14,Aaron Baddeley,27.78,5,18
14,Tim Herron,27.78,5,18
14,Davis Love III,27.78,5,18
14,Will MacKenzie,27.78,5,18
14,John Rollins,27.78,5,18
14,Rory Sabbatini,27.78,5,18
14,John Senden,27.78,5,18
14,Kirk Triplett,27.78,5,18
22,Chris Couch,22.22,4,18
22,J.B. Holmes,22.22,4,18
22,Dean Wilson,22.22,4,18
25,Chad Campbell,16.67,3,18
25,Ben Curtis,16.67,3,18
25,Joe Durant,16.67,3,18
25,Corey Pavin,16.67,3,18
25,Brett Wetterich,16.67,3,18
30,Jim Furyk,11.11,2,18
30,Jeff Maggert,11.11,2,18
30,Troy Matteson,11.11,2,18
30,D.J. Trahan,11.11,2,18
