rank,player,%,# of 1 putts,# of holes
1,Chris Couch,50.00,9,18
1,Vijay Singh,50.00,9,18
3,Stuart Appleby,44.44,8,18
3,Joe Durant,44.44,8,18
3,Trevor Immelman,44.44,8,18
6,Troy Matteson,38.89,7,18
6,D.J. Trahan,38.89,7,18
8,Luke Donald,33.33,6,18
8,Tim Herron,33.33,6,18
8,J.B. Holmes,33.33,6,18
8,Geoff Ogilvy,33.33,6,18
8,Rory Sabbatini,33.33,6,18
8,David Toms,33.33,6,18
14,Aaron Baddeley,27.78,5,18
14,Chad Campbell,27.78,5,18
14,Ben Curtis,27.78,5,18
14,Will MacKenzie,27.78,5,18
14,Jeff Maggert,27.78,5,18
14,Corey Pavin,27.78,5,18
14,Adam Scott,27.78,5,18
21,Stephen Ames,22.22,4,18
21,Eric Axley,22.22,4,18
21,K.J. Choi,22.22,4,18
21,Davis Love III,22.22,4,18
21,John Rollins,22.22,4,18
26,Jim Furyk,16.67,3,18
26,John Senden,16.67,3,18
26,Kirk Triplett,16.67,3,18
26,Dean Wilson,16.67,3,18
30,J.J. Henry,11.11,2,18
30,Rod Pampling,11.11,2,18
30,Carl Pettersson,11.11,2,18
30,Brett Wetterich,11.11,2,18
