rank,player,%,# of Saves,# of Bunkers
1,Ken Duke,100.00,1,1
1,Bill Haas,100.00,1,1
1,Russell Henley,100.00,1,1
1,Matt Kuchar,100.00,1,1
1,Ryan Moore,100.00,1,1
1,Adam Scott,100.00,1,1
1,Kevin Streelman,100.00,1,1
1,Jimmy Walker,100.00,1,1
9,Dustin Johnson,50.00,1,2
9,John Merrick,50.00,1,2
9,Jordan Spieth,50.00,1,2
12,Sangmoon Bae,33.33,1,3
12,Derek Ernst,33.33,1,3
14,Jason Dufner,.00,0,1
14,Brian Gay,.00,0,2
14,Martin Laird,.00,0,1
14,Webb Simpson,.00,0,1
14,Gary Woodland,.00,0,1
