rank,player,%,Successes,Attempts
1,Zach Johnson,100.00,4,4
1,Jordan Spieth,100.00,2,2
3,Patrick Reed,85.71,6,7
4,Dustin Johnson,83.33,5,6
5,Brandt Snedeker,75.00,6,8
5,Michael Thompson,75.00,3,4
7,Jonas Blixt,66.67,6,9
7,Jason Dufner,66.67,2,3
7,Billy Horschel,66.67,2,3
7,Martin Laird,66.67,4,6
7,Webb Simpson,66.67,2,3
12,Woody Austin,60.00,6,10
12,Harris English,60.00,3,5
12,Bill Haas,60.00,3,5
12,Adam Scott,60.00,3,5
16,Sangmoon Bae,57.14,4,7
17,Brian Gay,50.00,2,4
17,John Merrick,50.00,3,6
17,Ryan Moore,50.00,3,6
17,Gary Woodland,50.00,2,4
21,Jimmy Walker,44.44,4,9
22,Ken Duke,42.86,3,7
23,Matt Kuchar,40.00,2,5
23,Kevin Streelman,40.00,2,5
25,Chris Kirk,33.33,2,6
26,Derek Ernst,28.57,2,7
27,Russell Henley,16.67,1,6
27,D.A. Points,16.67,1,6
29,Scott Brown,12.50,1,8
