rank,player,%,Successes,Attempts
1,Brandt Snedeker,100.00,6,6
1,Kevin Streelman,100.00,5,5
1,Michael Thompson,100.00,3,3
4,Jason Dufner,87.50,7,8
5,Zach Johnson,85.71,6,7
6,Jonas Blixt,83.33,10,12
7,Webb Simpson,77.78,7,9
8,Billy Horschel,75.00,3,4
8,Chris Kirk,75.00,3,4
8,Patrick Reed,75.00,3,4
11,Sangmoon Bae,72.73,8,11
12,Harris English,71.43,5,7
12,Adam Scott,71.43,5,7
14,Woody Austin,66.67,4,6
15,Brian Gay,60.00,3,5
15,Boo Weekley,60.00,3,5
17,Ken Duke,50.00,2,4
17,Derek Ernst,50.00,4,8
17,Martin Laird,50.00,2,4
17,John Merrick,50.00,3,6
17,Jordan Spieth,50.00,2,4
17,Gary Woodland,50.00,2,4
23,Bill Haas,42.86,3,7
23,D.A. Points,42.86,3,7
25,Matt Kuchar,40.00,4,10
25,Jimmy Walker,40.00,2,5
27,Scott Brown,33.33,2,6
28,Dustin Johnson,25.00,1,4
28,Ryan Moore,25.00,1,4
30,Russell Henley,.00,0,3
