rank,player,%,Successes,Attempts
1,Sangmoon Bae,100.00,5,5
1,Scott Brown,100.00,1,1
1,Harris English,100.00,1,1
1,Bill Haas,100.00,1,1
1,Zach Johnson,100.00,1,1
1,Ryan Moore,100.00,1,1
1,Brandt Snedeker,100.00,2,2
1,Michael Thompson,100.00,1,1
9,Matt Kuchar,75.00,3,4
9,Kevin Streelman,75.00,3,4
11,Jonas Blixt,66.67,2,3
11,Jason Dufner,66.67,2,3
13,Russell Henley,50.00,1,2
13,John Merrick,50.00,2,4
13,Adam Scott,50.00,1,2
16,Derek Ernst,33.33,1,3
16,Billy Horschel,33.33,1,3
16,Webb Simpson,33.33,1,3
19,Woody Austin,.00,0,1
19,Ken Duke,.00,0,1
19,Brian Gay,.00,0,1
19,Dustin Johnson,.00,0,1
19,D.A. Points,.00,0,1
19,Jordan Spieth,.00,0,1
19,Boo Weekley,.00,0,1
19,Gary Woodland,.00,0,2
