rank,player,%,# of Saves,# of Bunkers
1,Sangmoon Bae,100.00,4,4
1,Jonas Blixt,100.00,2,2
1,Scott Brown,100.00,1,1
1,Jason Dufner,100.00,2,2
1,Harris English,100.00,1,1
1,Billy Horschel,100.00,1,1
1,Dustin Johnson,100.00,1,1
1,Zach Johnson,100.00,1,1
1,Brandt Snedeker,100.00,2,2
1,Kevin Streelman,100.00,2,2
11,Matt Kuchar,66.67,2,3
12,Adam Scott,50.00,1,2
13,John Merrick,33.33,1,3
14,Webb Simpson,25.00,1,4
15,Ken Duke,.00,0,1
15,Derek Ernst,.00,0,1
15,D.A. Points,.00,0,1
15,Jordan Spieth,.00,0,1
15,Boo Weekley,.00,0,1
15,Gary Woodland,.00,0,1
