rank,player,%,Successes,Attempts
1,Harris English,100.00,3,3
1,Bill Haas,100.00,4,4
1,Zach Johnson,100.00,4,4
1,Patrick Reed,100.00,2,2
1,Jordan Spieth,100.00,5,5
6,Matt Kuchar,80.00,4,5
7,John Merrick,75.00,3,4
7,Jimmy Walker,75.00,3,4
9,Jonas Blixt,66.67,2,3
9,Kevin Streelman,66.67,2,3
11,Woody Austin,60.00,3,5
11,Derek Ernst,60.00,3,5
11,Adam Scott,60.00,3,5
11,Brandt Snedeker,60.00,3,5
15,Martin Laird,57.14,4,7
16,Sangmoon Bae,50.00,2,4
16,Jason Dufner,50.00,1,2
16,Dustin Johnson,50.00,2,4
16,Ryan Moore,50.00,2,4
16,Webb Simpson,50.00,1,2
16,Boo Weekley,50.00,1,2
16,Gary Woodland,50.00,1,2
23,Russell Henley,42.86,3,7
24,Ken Duke,40.00,2,5
24,Michael Thompson,40.00,2,5
26,Scott Brown,33.33,1,3
26,Brian Gay,33.33,1,3
28,D.A. Points,25.00,1,4
29,Chris Kirk,.00,0,1
