rank,player,Avg,Total Distance (feet),# of Attempts,Relative to par
1,Boo Weekley,"28' 9""",28.750,1,E
2,Adam Scott,"29' 0""",29.000,1,E
3,J.B. Holmes,"40' 1""",40.083,1,E
4,Cameron Beckman,"40' 3""",40.250,1,+1
5,Ernie Els,"40' 10""",122.417,3,-1
6,Ryan Palmer,"43' 0""",85.917,2,+1
7,Justin Leonard,"43' 4""",43.333,1,E
8,Ryuji Imada,"52' 7""",52.583,1,E
8,Richard Johnson,"52' 7""",105.083,2,E
10,Stewart Cink,"62' 11""",62.917,1,-1
11,Zach Johnson,"71' 7""",143.167,2,E
12,Andres Romero,"74' 9""",224.167,3,+2
13,Davis Love III,"78' 2""",156.250,2,+2
14,K.J. Choi,"88' 3""",88.250,1,E
