rank,player,Avg,Total Distance (feet),# of Attempts,Relative to par
1,Davis Love III,"12' 11""",12.917,1,-2
2,Johnson Wagner,"23' 3""",23.250,1,E
3,Kenny Perry,"24' 8""",73.917,3,E
4,Vijay Singh,"33' 6""",33.500,1,-1
5,Carl Pettersson,"36' 8""",36.667,1,E
6,D.J. Trahan,"39' 2""",78.333,2,-1
7,Anthony Kim,"46' 9""",93.417,2,+1
8,Stewart Cink,"52' 4""",52.333,1,+1
9,Andres Romero,"55' 5""",55.417,1,E
10,Cameron Beckman,"59' 3""",59.250,1,-1
11,Camilo Villegas,"62' 11""",62.917,1,-1
11,Boo Weekley,"62' 11""",125.833,2,E
13,Parker McLachlin,"65' 3""",65.250,1,-1
14,Richard Johnson,"65' 10""",65.833,1,-1
15,Sean O'Hair,"69' 4""",69.333,1,-1
16,Adam Scott,"71' 11""",143.750,2,-1
17,Zach Johnson,"72' 8""",218.000,3,-1
18,Daniel Chopra,"74' 9""",74.750,1,+1
19,Marc Turnesa,"76' 10""",76.833,1,E
20,Will MacKenzie,"77' 0""",153.917,2,-2
21,Ryan Palmer,"82' 8""",165.333,2,-1
22,Greg Kraft,"87' 6""",87.500,1,E
23,Ernie Els,"100' 8""",201.250,2,-1
24,J.B. Holmes,"166' 1""",166.083,1,+1
