rank,player,Avg,Total Distance (feet),# of Attempts,Relative to par
1,Zach Johnson,"8' 0""",8.000,1,E
2,Justin Leonard,"13' 0""",13.000,1,E
3,Andres Romero,"20' 10""",41.583,2,+1
4,Johnson Wagner,"23' 7""",141.333,6,E
5,Greg Kraft,"24' 5""",73.167,3,-2
6,Vijay Singh,"25' 2""",25.167,1,E
7,Chez Reavie,"25' 9""",51.500,2,E
8,Trevor Immelman,"26' 0""",78.083,3,+1
9,D.J. Trahan,"26' 8""",26.667,1,E
10,Cameron Beckman,"31' 6""",126.000,4,E
11,Geoff Ogilvy,"32' 7""",65.167,2,E
12,Carl Pettersson,"35' 1""",35.083,1,E
13,Ryan Palmer,"36' 11""",36.917,1,E
14,Sean O'Hair,"38' 1""",76.167,2,+1
15,Steve Lowery,"38' 3""",76.417,2,E
16,Kenny Perry,"39' 2""",39.167,1,E
17,Brian Gay,"40' 1""",80.083,2,-1
18,Ernie Els,"41' 11""",83.750,2,E
19,Camilo Villegas,"42' 2""",84.333,2,E
20,J.B. Holmes,"44' 6""",133.583,3,+2
21,Adam Scott,"45' 7""",91.167,2,-1
22,Daniel Chopra,"45' 8""",182.667,4,+2
23,Stewart Cink,"46' 6""",139.500,3,+2
24,Will MacKenzie,"48' 9""",48.750,1,E
25,Ryuji Imada,"50' 9""",202.833,4,+2
26,Marc Turnesa,"66' 0""",66.000,1,+1
27,K.J. Choi,"72' 1""",72.083,1,+1
28,Parker McLachlin,"74' 9""",74.750,1,+1
28,Boo Weekley,"74' 9""",74.750,1,E
