rank,player,Avg,Total Distance (feet),# of Attempts,Relative to par
1,Parker McLachlin,"20' 2""",20.167,1,E
2,Boo Weekley,"22' 9""",22.750,1,-1
3,Cameron Beckman,"23' 9""",23.750,1,-2
4,Justin Leonard,"25' 4""",25.333,1,-1
5,Sean O'Hair,"56' 9""",113.417,2,-1
6,Daniel Chopra,"66' 9""",66.750,1,-1
7,Ryuji Imada,"69' 5""",69.417,1,E
8,Greg Kraft,"69' 8""",139.250,2,+1
9,Geoff Ogilvy,"81' 2""",81.167,1,-1
10,K.J. Choi,"82' 1""",82.083,1,-1
11,Anthony Kim,"85' 4""",85.333,1,-1
12,Trevor Immelman,"89' 5""",89.417,1,-1
13,Camilo Villegas,"93' 10""",93.833,1,-1
14,Stewart Cink,"94' 4""",188.583,2,+2
15,Ryan Palmer,"94' 8""",94.667,1,-1
16,Ernie Els,"94' 10""",189.667,2,-2
17,J.B. Holmes,"102' 8""",102.667,1,E
18,Brian Gay,"112' 1""",112.083,1,E
19,Will MacKenzie,"121' 3""",121.250,1,+1
20,Marc Turnesa,"137' 4""",137.333,1,+1
