rank,player,Avg,Total Distance (feet),# of Attempts,Relative to par
1,Davis Love III,"8' 6""",8.500,1,E
2,Sean O'Hair,"9' 8""",9.667,1,E
3,J.B. Holmes,"24' 10""",24.833,1,E
4,Chez Reavie,"25' 3""",50.500,2,E
5,Vijay Singh,"26' 8""",53.333,2,-1
6,D.J. Trahan,"32' 3""",64.500,2,-1
7,Kenny Perry,"35' 7""",71.167,2,E
8,Carl Pettersson,"35' 11""",71.750,2,E
9,Ryuji Imada,"36' 4""",109.000,3,E
10,Richard Johnson,"39' 11""",159.500,4,E
11,Greg Kraft,"40' 7""",81.167,2,E
12,Johnson Wagner,"41' 5""",207.250,5,E
13,Daniel Chopra,"44' 0""",219.917,5,+1
14,Ryan Palmer,"46' 1""",92.167,2,+2
15,Stewart Cink,"53' 9""",161.250,3,+1
16,Trevor Immelman,"55' 3""",165.667,3,E
17,Ernie Els,"58' 9""",58.750,1,+1
18,Camilo Villegas,"60' 2""",60.167,1,E
19,Parker McLachlin,"61' 3""",306.417,5,+2
20,Andres Romero,"69' 3""",69.250,1,+1
21,Marc Turnesa,"69' 11""",349.667,5,+3
22,Cameron Beckman,"75' 11""",75.917,1,+1
23,Zach Johnson,"76' 6""",76.500,1,E
24,Dustin Johnson,"83' 0""",83.000,1,+1
25,Adam Scott,"98' 0""",98.000,1,E
