rank,player,Avg,Total Distance (feet),# of Attempts,Relative to par
1,Chez Reavie,"25' 6""",102.000,4,E
2,Kenny Perry,"29' 7""",236.417,8,+2
3,Steve Lowery,"31' 9""",95.167,3,E
4,D.J. Trahan,"33' 1""",264.333,8,-2
5,Cameron Beckman,"37' 3""",372.333,10,-1
5,Justin Leonard,"37' 3""",148.917,4,+1
7,Johnson Wagner,"38' 2""",610.917,16,E
8,Vijay Singh,"38' 11""",194.417,5,E
9,Carl Pettersson,"40' 0""",240.000,6,E
10,Boo Weekley,"40' 9""",326.250,8,-2
11,Sean O'Hair,"41' 9""",417.750,10,-1
12,Geoff Ogilvy,"44' 4""",266.167,6,-1
13,Dustin Johnson,"44' 5""",177.583,4,+1
14,Greg Kraft,"45' 5""",544.833,12,+1
15,Daniel Chopra,"45' 7""",592.250,13,+2
16,Davis Love III,"46' 9""",374.083,8,+1
17,Ryuji Imada,"48' 2""",433.833,9,+2
18,Richard Johnson,"48' 3""",434.500,9,E
19,Trevor Immelman,"50' 3""",452.083,9,+1
20,Ryan Palmer,"54' 7""",491.500,9,+1
21,Camilo Villegas,"55' 4""",442.750,8,-2
22,K.J. Choi,"55' 10""",279.000,5,-1
23,Anthony Kim,"56' 2""",280.833,5,E
24,Stewart Cink,"57' 8""",692.417,12,+5
25,Andres Romero,"58' 0""",522.167,9,+7
26,Parker McLachlin,"58' 4""",524.833,9,+2
27,Brian Gay,"60' 9""",303.750,5,-1
28,Adam Scott,"62' 4""",498.750,8,-2
29,Ernie Els,"62' 9""",690.250,11,-3
30,Zach Johnson,"63' 8""",445.667,7,-1
31,J.B. Holmes,"66' 9""",467.250,7,+3
32,Will MacKenzie,"67' 6""",472.583,7,-1
33,Marc Turnesa,"68' 6""",821.667,12,+5
