rank,player,Avg,Total Distance (feet),# of Attempts,Relative to par
1,Steve Lowery,"5' 10""",5.833,1,-1
2,Cameron Beckman,"5' 11""",5.917,1,-1
3,Justin Leonard,"7' 9""",30.833,4,-3
4,Geoff Ogilvy,"8' 7""",17.083,2,-1
5,Vijay Singh,"9' 4""",18.667,2,E
6,K.J. Choi,"9' 8""",9.667,1,-1
6,Greg Kraft,"9' 8""",9.667,1,E
6,Carl Pettersson,"9' 8""",9.667,1,-1
9,Richard Johnson,"11' 0""",22.000,2,-1
10,Anthony Kim,"11' 4""",11.333,1,E
11,J.B. Holmes,"11' 9""",11.750,1,-1
12,Ernie Els,"12' 2""",24.333,2,-1
13,Boo Weekley,"12' 5""",37.333,3,-1
14,Zach Johnson,"12' 10""",25.667,2,E
15,Chez Reavie,"14' 5""",43.167,3,E
16,Ryuji Imada,"14' 7""",43.750,3,-3
17,Will MacKenzie,"16' 7""",16.583,1,E
18,Dustin Johnson,"17' 0""",17.000,1,-1
19,Stewart Cink,"17' 2""",17.167,1,E
20,Davis Love III,"17' 4""",17.333,1,E
21,Sean O'Hair,"18' 5""",55.250,3,-1
22,Trevor Immelman,"20' 3""",60.750,3,E
23,Brian Gay,"23' 3""",23.250,1,E
24,Kenny Perry,"24' 5""",48.750,2,E
25,Daniel Chopra,"28' 7""",85.667,3,-1
26,Johnson Wagner,"29' 3""",58.417,2,E
27,Camilo Villegas,"31' 1""",93.250,3,E
28,Andres Romero,"31' 4""",31.333,1,E
29,Marc Turnesa,"31' 5""",125.750,4,-1
30,Ryan Palmer,"33' 11""",101.833,3,+1
31,Adam Scott,"38' 9""",77.417,2,+2
32,Parker McLachlin,"39' 2""",78.333,2,+1
33,D.J. Trahan,"45' 3""",90.417,2,+1
