rank,player,Avg,Total Distance (feet),# of Attempts,Relative to par
1,Zach Johnson,"11' 3""",33.667,3,E
2,Vijay Singh,"11' 4""",45.417,4,-1
3,Anthony Kim,"12' 7""",25.083,2,E
4,Justin Leonard,"13' 6""",94.333,7,-3
5,Greg Kraft,"15' 8""",93.917,6,-3
6,Geoff Ogilvy,"16' 9""",100.333,6,-1
7,Davis Love III,"17' 4""",17.333,1,E
8,Chez Reavie,"19' 9""",118.417,6,E
9,Richard Johnson,"20' 10""",62.500,3,E
10,Carl Pettersson,"22' 5""",44.750,2,-1
11,Sean O'Hair,"23' 1""",138.667,6,-1
12,Cameron Beckman,"24' 3""",145.417,6,-1
13,Camilo Villegas,"26' 4""",210.833,8,-1
14,Dustin Johnson,"26' 6""",52.917,2,-1
14,Johnson Wagner,"26' 6""",238.167,9,E
16,Boo Weekley,"28' 0""",112.083,4,-1
17,K.J. Choi,"29' 6""",88.500,3,-1
18,Ernie Els,"29' 8""",148.417,5,-1
19,Kenny Perry,"31' 2""",124.750,4,E
20,Andres Romero,"31' 4""",219.167,7,E
21,Trevor Immelman,"31' 6""",220.250,7,+1
22,Ryan Palmer,"32' 5""",227.083,7,+2
23,Will MacKenzie,"32' 6""",130.000,4,E
24,Ryuji Imada,"33' 3""",265.917,8,-1
25,Brian Gay,"34' 5""",103.333,3,-1
26,J.B. Holmes,"36' 11""",258.667,7,+2
27,D.J. Trahan,"39' 0""",117.083,3,+1
28,Stewart Cink,"39' 2""",156.667,4,+2
29,Daniel Chopra,"39' 8""",317.583,8,+1
30,Parker McLachlin,"41' 1""",164.417,4,+3
31,Adam Scott,"42' 2""",168.583,4,+1
32,Marc Turnesa,"43' 9""",262.417,6,+1
33,Steve Lowery,"46' 4""",277.833,6,+3
