rank,player,Avg,Total Distance (feet),# of Attempts,Relative to par
1,Ryan Palmer,"16' 6""",16.500,1,E
2,K.J. Choi,"18' 4""",36.583,2,-1
3,Steve Lowery,"18' 9""",18.750,1,E
4,Cameron Beckman,"23' 7""",47.167,2,E
5,Daniel Chopra,"24' 1""",48.167,2,-1
6,Adam Scott,"24' 7""",24.583,1,E
7,Boo Weekley,"24' 9""",74.167,3,-1
8,Kenny Perry,"26' 1""",52.167,2,+2
9,Dustin Johnson,"31' 6""",94.583,3,E
10,D.J. Trahan,"31' 7""",94.833,3,E
11,Ernie Els,"34' 5""",34.417,1,E
12,Sean O'Hair,"37' 4""",149.167,4,E
13,Geoff Ogilvy,"39' 11""",119.833,3,E
14,Greg Kraft,"40' 11""",163.750,4,+2
15,Stewart Cink,"43' 11""",87.833,2,E
16,Camilo Villegas,"47' 2""",141.500,3,E
17,Marc Turnesa,"48' 0""",191.833,4,E
18,Carl Pettersson,"48' 3""",96.500,2,E
19,Davis Love III,"49' 1""",196.417,4,+1
20,Will MacKenzie,"49' 7""",148.667,3,E
21,Anthony Kim,"51' 1""",102.083,2,E
22,Richard Johnson,"52' 1""",104.083,2,+1
23,Brian Gay,"55' 10""",111.583,2,E
24,Parker McLachlin,"58' 3""",58.250,1,E
25,Trevor Immelman,"59' 6""",118.917,2,+1
26,Johnson Wagner,"59' 9""",239.083,4,E
27,Andres Romero,"65' 11""",131.750,2,+3
28,Justin Leonard,"67' 3""",67.250,1,+2
29,Vijay Singh,"82' 5""",82.417,1,+2
