rank,player,Avg,Total Distance (feet),# of Attempts,Relative to par
1,Davis Love III,"12' 11""",12.917,1,-2
2,Johnson Wagner,"23' 3""",23.250,1,E
3,Kenny Perry,"24' 8""",73.917,3,E
4,Justin Leonard,"25' 4""",25.333,1,-1
5,Vijay Singh,"33' 6""",33.500,1,-1
6,Carl Pettersson,"36' 8""",36.667,1,E
7,D.J. Trahan,"39' 2""",78.333,2,-1
8,Cameron Beckman,"41' 6""",83.000,2,-3
9,Parker McLachlin,"42' 9""",85.417,2,-1
10,Boo Weekley,"49' 6""",148.583,3,-1
11,Andres Romero,"55' 5""",55.417,1,E
12,Anthony Kim,"59' 7""",178.750,3,E
13,Sean O'Hair,"60' 11""",182.750,3,-2
14,Richard Johnson,"65' 10""",65.833,1,-1
15,Ryuji Imada,"69' 5""",69.417,1,E
16,Daniel Chopra,"70' 9""",141.500,2,E
17,Zach Johnson,"72' 8""",218.000,3,-1
18,Greg Kraft,"75' 7""",226.750,3,+1
19,Camilo Villegas,"78' 5""",156.750,2,-2
20,Stewart Cink,"80' 4""",240.917,3,+3
21,Geoff Ogilvy,"81' 2""",81.167,1,-1
22,K.J. Choi,"82' 1""",82.083,1,-1
23,Adam Scott,"85' 4""",256.000,3,-1
24,Ryan Palmer,"86' 8""",260.000,3,-2
25,Trevor Immelman,"89' 5""",89.417,1,-1
26,Will MacKenzie,"91' 9""",275.167,3,-1
27,Ernie Els,"97' 9""",390.917,4,-3
28,Marc Turnesa,"107' 1""",214.167,2,+1
29,Brian Gay,"112' 1""",112.083,1,E
30,J.B. Holmes,"134' 5""",268.750,2,+1
