rank,player,Avg,Total Distance (feet),# of Attempts,Relative to par
1,Vijay Singh,"1' 7""",1.583,1,-1
2,Greg Kraft,"5' 7""",11.083,2,-1
3,K.J. Choi,"6' 9""",6.750,1,-1
4,Sean O'Hair,"7' 3""",7.250,1,-1
5,Geoff Ogilvy,"9' 1""",18.083,2,E
6,Camilo Villegas,"11' 1""",33.250,3,-1
7,Parker McLachlin,"11' 4""",11.333,1,+1
8,Cameron Beckman,"13' 6""",13.500,1,E
9,Anthony Kim,"13' 9""",13.750,1,E
10,Ryuji Imada,"19' 4""",19.333,1,E
11,Chez Reavie,"23' 9""",23.750,1,E
12,Justin Leonard,"25' 3""",50.500,2,E
13,Ryan Palmer,"29' 5""",88.333,3,+1
14,Will MacKenzie,"32' 4""",64.667,2,E
15,Dustin Johnson,"35' 11""",35.917,1,E
16,Andres Romero,"36' 7""",146.250,4,-1
17,Kenny Perry,"36' 10""",36.833,1,E
18,J.B. Holmes,"37' 9""",113.333,3,+1
19,Johnson Wagner,"38' 5""",38.417,1,E
20,Ernie Els,"40' 4""",40.333,1,E
21,Richard Johnson,"40' 6""",40.500,1,+1
22,Daniel Chopra,"49' 3""",49.250,1,E
23,Steve Lowery,"65' 2""",195.583,3,+4
24,Marc Turnesa,"70' 8""",70.667,1,+1
25,Trevor Immelman,"81' 5""",81.417,1,E
