rank,player,Avg,Total 3 Putts,Total Rounds
1,Carlos Franco,2.25,9,4
2,Joey Sindelar,1.25,5,4
2,Vaughn Taylor,1.25,5,4
4,Woody Austin,1.00,4,4
4,Fred Funk,1.00,4,4
4,Ryan Palmer,1.00,4,4
7,Stephen Ames,.75,3,4
7,Bart Bryant,.75,3,4
7,Jonathan Byrd,.75,3,4
7,Chad Campbell,.75,3,4
7,Ernie Els,.75,3,4
7,Sergio Garcia,.75,3,4
7,Todd Hamilton,.75,3,4
7,Mark Hensby,.75,3,4
7,Zach Johnson,.75,3,4
7,Vijay Singh,.75,3,4
7,David Toms,.75,3,4
7,Mike Weir,.75,3,4
7,Tiger Woods,.75,3,4
20,John Daly,.50,2,4
20,Steve Flesch,.50,2,4
20,Retief Goosen,.50,2,4
20,Craig Parry,.50,2,4
20,Heath Slocum,.50,2,4
20,Andre Stolz,.50,2,4
26,Stewart Cink,.25,1,4
26,Brent Geiberger,.25,1,4
26,Jonathan Kaye,.25,1,4
26,Rod Pampling,.25,1,4
26,Adam Scott,.25,1,4
