rank,player,Avg,Total Putts,Total Rounds
1,Adam Scott,27.00,27,1
2,Stephen Ames,28.00,28,1
2,Fred Funk,28.00,28,1
2,Brent Geiberger,28.00,28,1
2,Jonathan Kaye,28.00,28,1
2,Andre Stolz,28.00,28,1
7,Stuart Appleby,29.00,29,1
7,Woody Austin,29.00,29,1
7,Stewart Cink,29.00,29,1
7,Tiger Woods,29.00,29,1
11,Bart Bryant,30.00,30,1
11,Ryan Palmer,30.00,30,1
11,Vaughn Taylor,30.00,30,1
14,John Daly,31.00,31,1
14,Todd Hamilton,31.00,31,1
14,Craig Parry,31.00,31,1
14,Joey Sindelar,31.00,31,1
14,Vijay Singh,31.00,31,1
14,Heath Slocum,31.00,31,1
20,Ernie Els,32.00,32,1
20,Mark Hensby,32.00,32,1
20,Rod Pampling,32.00,32,1
20,Mike Weir,32.00,32,1
24,Jonathan Byrd,33.00,33,1
24,Chad Campbell,33.00,33,1
24,Steve Flesch,33.00,33,1
27,Carlos Franco,34.00,34,1
27,Retief Goosen,34.00,34,1
27,David Toms,34.00,34,1
30,Zach Johnson,35.00,35,1
31,Sergio Garcia,37.00,37,1
