rank,player,Avg,Total 2 Putts,Total Rounds
1,Fred Funk,12.50,50,4
1,Sergio Garcia,12.50,50,4
3,Chad Campbell,12.25,49,4
4,Rod Pampling,12.00,48,4
4,Craig Parry,12.00,48,4
6,Stephen Ames,11.75,47,4
6,John Daly,11.75,47,4
6,Brent Geiberger,11.75,47,4
6,Ryan Palmer,11.75,47,4
10,Bart Bryant,11.50,46,4
10,Steve Flesch,11.50,46,4
10,Todd Hamilton,11.50,46,4
10,Mark Hensby,11.50,46,4
14,Stuart Appleby,11.25,45,4
14,Heath Slocum,11.25,45,4
14,Andre Stolz,11.25,45,4
14,Tiger Woods,11.25,45,4
18,Retief Goosen,11.00,44,4
18,Adam Scott,11.00,44,4
18,David Toms,11.00,44,4
21,Ernie Els,10.75,43,4
21,Zach Johnson,10.75,43,4
21,Joey Sindelar,10.75,43,4
24,Jonathan Byrd,10.50,42,4
24,Stewart Cink,10.50,42,4
24,Vijay Singh,10.50,42,4
24,Mike Weir,10.50,42,4
28,Carlos Franco,10.25,41,4
28,Vaughn Taylor,10.25,41,4
30,Jonathan Kaye,10.00,40,4
31,Woody Austin,9.00,36,4
