rank,player,Avg,Total Putts,Total Rounds
1,David Toms,25.00,25,1
2,Zach Johnson,27.00,27,1
2,Adam Scott,27.00,27,1
4,Woody Austin,28.00,28,1
4,Ernie Els,28.00,28,1
4,Brent Geiberger,28.00,28,1
4,Jonathan Kaye,28.00,28,1
8,John Daly,29.00,29,1
8,Sergio Garcia,29.00,29,1
8,Retief Goosen,29.00,29,1
8,Tiger Woods,29.00,29,1
12,Stuart Appleby,30.00,30,1
12,Jonathan Byrd,30.00,30,1
12,Stewart Cink,30.00,30,1
12,Mark Hensby,30.00,30,1
12,Rod Pampling,30.00,30,1
12,Craig Parry,30.00,30,1
18,Bart Bryant,31.00,31,1
18,Steve Flesch,31.00,31,1
18,Todd Hamilton,31.00,31,1
21,Stephen Ames,32.00,32,1
21,Fred Funk,32.00,32,1
21,Ryan Palmer,32.00,32,1
21,Andre Stolz,32.00,32,1
21,Mike Weir,32.00,32,1
26,Chad Campbell,33.00,33,1
26,Joey Sindelar,33.00,33,1
26,Vijay Singh,33.00,33,1
26,Vaughn Taylor,33.00,33,1
30,Carlos Franco,34.00,34,1
31,Heath Slocum,35.00,35,1
