rank,player,Avg,Total Putts,Total Rounds
1,Woody Austin,27.00,27,1
2,Jonathan Byrd,28.00,28,1
2,Jonathan Kaye,28.00,28,1
2,Heath Slocum,28.00,28,1
2,Vaughn Taylor,28.00,28,1
6,Stuart Appleby,29.00,29,1
6,Stewart Cink,29.00,29,1
6,Steve Flesch,29.00,29,1
6,Zach Johnson,29.00,29,1
6,Craig Parry,29.00,29,1
6,Vijay Singh,29.00,29,1
6,Andre Stolz,29.00,29,1
13,Chad Campbell,30.00,30,1
13,Ernie Els,30.00,30,1
13,Rod Pampling,30.00,30,1
16,Bart Bryant,31.00,31,1
16,John Daly,31.00,31,1
16,Joey Sindelar,31.00,31,1
19,Stephen Ames,32.00,32,1
19,Carlos Franco,32.00,32,1
19,Sergio Garcia,32.00,32,1
19,Retief Goosen,32.00,32,1
19,Todd Hamilton,32.00,32,1
19,Mark Hensby,32.00,32,1
19,Adam Scott,32.00,32,1
19,Tiger Woods,32.00,32,1
27,Brent Geiberger,33.00,33,1
27,Ryan Palmer,33.00,33,1
27,Mike Weir,33.00,33,1
30,David Toms,34.00,34,1
31,Fred Funk,35.00,35,1
