rank,player,Avg,Total Putts,Total Rounds
1,Mike Weir,23.00,23,1
2,Retief Goosen,25.00,25,1
3,Vijay Singh,26.00,26,1
4,Stuart Appleby,28.00,28,1
4,Stewart Cink,28.00,28,1
4,David Toms,28.00,28,1
7,Jonathan Byrd,29.00,29,1
7,Steve Flesch,29.00,29,1
7,Jonathan Kaye,29.00,29,1
7,Joey Sindelar,29.00,29,1
7,Heath Slocum,29.00,29,1
12,Chad Campbell,30.00,30,1
12,Ernie Els,30.00,30,1
12,Sergio Garcia,30.00,30,1
12,Todd Hamilton,30.00,30,1
12,Mark Hensby,30.00,30,1
12,Zach Johnson,30.00,30,1
12,Rod Pampling,30.00,30,1
19,John Daly,31.00,31,1
19,Carlos Franco,31.00,31,1
19,Brent Geiberger,31.00,31,1
19,Andre Stolz,31.00,31,1
19,Vaughn Taylor,31.00,31,1
24,Woody Austin,32.00,32,1
24,Bart Bryant,32.00,32,1
24,Ryan Palmer,32.00,32,1
24,Adam Scott,32.00,32,1
24,Tiger Woods,32.00,32,1
29,Stephen Ames,33.00,33,1
30,Craig Parry,34.00,34,1
31,Fred Funk,35.00,35,1
