rank,player,Avg,Total Strokes,Total Adjustment,Total Rounds
1,Patrick Reed,70.271,278,3.083,4
1,Xander Schauffele,70.271,278,3.083,4
1,Justin Thomas,70.271,278,3.083,4
4,Patrick Cantlay,71.021,281,3.083,4
5,Rickie Fowler,71.271,282,3.083,4
5,Joaquin Niemann,71.271,282,3.083,4
7,Dustin Johnson,71.521,283,3.083,4
7,Collin Morikawa,71.521,283,3.083,4
7,Gary Woodland,71.521,283,3.083,4
10,Jon Rahm,71.771,284,3.083,4
11,J.T. Poston,72.021,285,3.083,4
11,Matthew Wolff,72.021,285,3.083,4
13,Lanto Griffin,72.271,286,3.083,4
14,Cameron Champ,72.771,288,3.083,4
14,Kevin Kisner,72.771,288,3.083,4
14,Matt Kuchar,72.771,288,3.083,4
17,Sebastián Muñoz,73.021,289,3.083,4
17,Ryan Palmer,73.021,289,3.083,4
19,Paul Casey,73.271,290,3.083,4
19,Corey Conners,73.271,290,3.083,4
19,Tyler Duncan,73.271,290,3.083,4
19,Nate Lashley,73.271,290,3.083,4
23,Adam Long,73.521,291,3.083,4
23,Graeme McDowell,73.521,291,3.083,4
25,Max Homa,73.771,292,3.083,4
25,Sung Kang,73.771,292,3.083,4
27,Jim Herman,74.021,293,3.083,4
27,Chez Reavie,74.021,293,3.083,4
29,Brendon Todd,74.271,294,3.083,4
30,J.B. Holmes,74.771,296,3.083,4
31,Dylan Frittelli,75.021,297,3.083,4
32,Keith Mitchell,76.271,302,3.083,4
32,Kevin Na,76.271,302,3.083,4
34,Martin Trainer,78.271,310,3.083,4
