rank,player,%,Total Birdies,Total Holes,GIR Rank
1,Justin Thomas,33.33,24,72,3
2,Patrick Reed,31.94,23,72,33
3,Patrick Cantlay,27.78,20,72,4
3,Collin Morikawa,27.78,20,72,10
5,Sebastián Muñoz,26.39,19,72,18
6,Dustin Johnson,25.00,18,72,6
7,Cameron Champ,23.61,17,72,22
7,Rickie Fowler,23.61,17,72,18
7,Joaquin Niemann,23.61,17,72,10
7,Ryan Palmer,23.61,17,72,18
7,Xander Schauffele,23.61,17,72,1
7,Matthew Wolff,23.61,17,72,31
13,Paul Casey,22.22,16,72,14
13,Sung Kang,22.22,16,72,14
13,J.T. Poston,22.22,16,72,22
13,Gary Woodland,22.22,16,72,12
17,Lanto Griffin,20.83,15,72,6
17,Jim Herman,20.83,15,72,6
17,Kevin Kisner,20.83,15,72,18
20,Corey Conners,19.44,14,72,2
20,Nate Lashley,19.44,14,72,14
22,Tyler Duncan,18.06,13,72,14
22,J.B. Holmes,18.06,13,72,29
22,Adam Long,18.06,13,72,22
22,Graeme McDowell,18.06,13,72,26
22,Keith Mitchell,18.06,13,72,31
22,Jon Rahm,18.06,13,72,6
28,Matt Kuchar,16.67,12,72,12
28,Chez Reavie,16.67,12,72,28
30,Max Homa,15.28,11,72,4
30,Kevin Na,15.28,11,72,29
32,Dylan Frittelli,13.89,10,72,22
33,Brendon Todd,12.50,9,72,26
33,Martin Trainer,12.50,9,72,34
