rank,player,Avg,Total SG:OTT,Measured Rounds
1,Sergio Garcia,1.034,4.137,4
2,Vijay Singh,.992,3.968,4
3,Lucas Glover,.907,3.629,4
4,Stuart Appleby,.849,3.394,4
5,"Wes Short, Jr.",.736,2.944,4
6,Vaughn Taylor,.608,2.433,4
7,David Toms,.573,2.290,4
8,Michael Campbell,.440,1.758,4
9,Jim Furyk,.408,1.630,4
10,Kenny Perry,.310,1.239,4
11,Tim Petrovic,.304,1.215,4
12,Ted Purdy,.292,1.167,4
13,Mark Calcavecchia,.195,.778,4
14,Justin Leonard,.135,.540,4
15,Geoff Ogilvy,.096,.382,4
16,Jason Gore,.056,.225,4
17,Carl Pettersson,.041,.164,4
18,Bart Bryant,-.111,-.444,4
19,Olin Browne,-.204,-.815,4
20,Heath Slocum,-.205,-.821,4
21,Sean O'Hair,-.490,-1.960,4
22,Peter Lonard,-.519,-2.074,4
23,Robert Gamez,-.558,-2.230,4
24,Jason Bohn,-.597,-2.388,4
25,K.J. Choi,-.643,-2.570,4
26,Fred Funk,-.730,-2.919,4
27,Ben Crane,-1.118,-4.472,4
28,Brad Faxon,-2.801,-11.202,4
