rank,player,Total,Distance Rank,Accuracy Rank
1,Stuart Appleby,9,2,7
2,David Toms,15,9,6
3,Sergio Garcia,17,3,14
3,Kenny Perry,17,10,7
5,Tim Petrovic,18,13,5
6,Jim Furyk,19,18,1
7,Sean O'Hair,20,4,16
8,Geoff Ogilvy,22,6,16
8,Ted Purdy,22,11,11
10,Justin Leonard,26,24,2
11,Michael Campbell,27,5,22
11,Vijay Singh,27,8,19
13,Bart Bryant,28,21,7
13,Fred Funk,28,26,2
15,Jason Gore,29,1,28
16,Olin Browne,30,28,2
16,Carl Pettersson,30,16,14
16,Vaughn Taylor,30,23,7
19,Peter Lonard,31,15,16
20,Lucas Glover,32,7,25
21,Jason Bohn,33,22,11
22,Robert Gamez,36,25,11
22,Heath Slocum,36,14,22
24,"Wes Short, Jr.",37,12,25
25,Mark Calcavecchia,38,19,19
26,K.J. Choi,39,20,19
27,Ben Crane,44,17,27
28,Brad Faxon,49,27,22
