rank,player,Avg,Distance (Feet),Total Putts
1,Bill Haas,"74' 5""",74.417,1
2,Jonathan Byrd,"68' 2""",68.167,1
3,Steve Stricker,"60' 10""",121.583,2
4,Bill Lunde,"59' 9""",59.750,1
5,Francesco Molinari,"58' 8""",234.750,4
6,Ryan Palmer,"58' 0""",58.000,1
7,Matt Bettencourt,"53' 5""",106.833,2
8,Adam Scott,"52' 9""",263.750,5
9,Ian Poulter,"48' 8""",48.667,1
10,Derek Lamely,"47' 7""",190.417,4
11,Jason Bohn,"47' 3""",283.250,6
12,Dustin Johnson,"47' 1""",94.083,2
13,Cameron Beckman,"47' 0""",140.917,3
14,Graeme McDowell,"46' 0""",91.917,2
15,Rocco Mediate,"40' 8""",203.333,5
16,Robert Garrigus,"40' 3""",80.500,2
17,Carl Pettersson,"39' 11""",119.750,3
18,Ernie Els,"39' 8""",198.250,5
19,Heath Slocum,"38' 9""",38.750,1
20,Charley Hoffman,"37' 11""",75.833,2
21,Jason Day,"36' 3""",108.667,3
22,Anthony Kim,"31' 0""",186.167,6
23,Hunter Mahan,"30' 4""",151.500,5
24,Justin Rose,"29' 4""",58.583,2
25,Bubba Watson,"27' 1""",81.333,3
26,Ben Crane,"23' 1""",138.333,6
27,Jim Furyk,"20' 6""",61.583,3
28,Tim Clark,"16' 3""",32.500,2
