rank,player,Avg,Distance (Feet),Total Putts
1,Ernie Els,"13' 6""",175.167,13
2,Stuart Appleby,"12' 4""",173.167,14
3,Charley Hoffman,"11' 10""",177.333,15
4,Jason Day,"11' 8""",209.667,18
5,Ben Crane,"10' 3""",164.333,16
6,Robert Garrigus,"10' 1""",201.583,20
6,Francesco Molinari,"10' 1""",182.083,18
8,Bill Haas,"9' 10""",117.917,12
9,Anthony Kim,"9' 9""",155.667,16
10,Dustin Johnson,"9' 7""",172.083,18
11,Cameron Beckman,"9' 3""",175.250,19
11,Ian Poulter,"9' 3""",184.583,20
13,Derek Lamely,"9' 2""",100.417,11
14,Tim Clark,"9' 1""",154.667,17
15,Arjun Atwal,"9' 0""",162.500,18
16,Ryan Palmer,"8' 9""",113.250,13
17,Zach Johnson,"8' 8""",155.833,18
17,Graeme McDowell,"8' 8""",207.333,24
17,Adam Scott,"8' 8""",120.917,14
17,Heath Slocum,"8' 8""",120.917,14
21,Hunter Mahan,"8' 7""",137.833,16
22,Jim Furyk,"8' 6""",127.500,15
23,Jason Bohn,"8' 3""",132.083,16
24,Matt Bettencourt,"8' 2""",105.667,13
25,Jonathan Byrd,"7' 11""",142.917,18
25,Carl Pettersson,"7' 11""",190.417,24
27,Bubba Watson,"7' 5""",155.083,21
28,Matt Kuchar,"7' 2""",136.917,19
28,Justin Rose,"7' 2""",151.083,21
30,Bill Lunde,"7' 1""",91.917,13
31,Steve Stricker,"6' 11""",151.417,22
32,Rocco Mediate,"6' 3""",87.917,14
