rank,player,Value,Attempts,Total Distance (Feet)
1,Jim Furyk,"1' 8""",50,84.917
2,Dustin Johnson,"1' 11""",48,91.250
3,Stuart Appleby,"2' 1""",51,105.000
3,Bubba Watson,"2' 1""",46,94.750
5,Charley Hoffman,"2' 2""",50,106.500
5,Ryan Palmer,"2' 2""",53,116.667
7,Jonathan Byrd,"2' 3""",45,102.000
7,Carl Pettersson,"2' 3""",40,90.833
9,Ernie Els,"2' 4""",53,123.667
10,Tim Clark,"2' 5""",51,123.833
10,Bill Haas,"2' 5""",50,118.833
10,Zach Johnson,"2' 5""",49,117.667
10,Justin Rose,"2' 5""",47,112.333
14,Matt Kuchar,"2' 6""",45,111.500
14,Heath Slocum,"2' 6""",56,138.250
14,Steve Stricker,"2' 6""",43,107.917
17,Arjun Atwal,"2' 7""",45,115.417
17,Jason Day,"2' 7""",41,106.417
17,Anthony Kim,"2' 7""",50,127.083
17,Hunter Mahan,"2' 7""",47,121.333
17,Graeme McDowell,"2' 7""",44,112.750
17,Rocco Mediate,"2' 7""",48,124.583
17,Francesco Molinari,"2' 7""",46,118.750
17,Ian Poulter,"2' 7""",49,127.750
25,Derek Lamely,"2' 8""",56,150.500
25,Adam Scott,"2' 8""",47,124.583
27,Jason Bohn,"2' 9""",51,140.333
27,Bill Lunde,"2' 9""",52,142.000
29,Robert Garrigus,"2' 11""",49,142.833
30,Cameron Beckman,"3' 0""",41,123.917
31,Matt Bettencourt,"3' 1""",48,149.000
32,Ben Crane,"3' 4""",51,168.000
