rank,player,Avg,Distance (feet),Total Putts
1,Bill Haas,"74' 5""",.893,1
2,Jonathan Byrd,"68' 2""",.818,1
3,Steve Stricker,"60' 10""",1.459,2
4,Bill Lunde,"59' 9""",.717,1
5,Francesco Molinari,"58' 8""",2.817,4
6,Ryan Palmer,"58' 0""",.696,1
7,Matt Bettencourt,"53' 5""",1.282,2
8,Adam Scott,"52' 9""",3.165,5
9,Ian Poulter,"48' 8""",.584,1
10,Jason Bohn,"47' 3""",3.399,6
11,Dustin Johnson,"47' 1""",1.129,2
12,Cameron Beckman,"47' 0""",1.691,3
13,Graeme McDowell,"46' 0""",1.103,2
14,Derek Lamely,"44' 7""",1.604,3
15,Charley Hoffman,"40' 11""",.491,1
16,Rocco Mediate,"40' 8""",2.440,5
17,Robert Garrigus,"40' 3""",.966,2
18,Carl Pettersson,"39' 11""",1.437,3
19,Ernie Els,"39' 8""",2.379,5
20,Heath Slocum,"38' 9""",.465,1
21,Anthony Kim,"35' 4""",2.120,5
22,Hunter Mahan,"30' 4""",1.818,5
23,Justin Rose,"29' 4""",.703,2
24,Jason Day,"27' 4""",.656,2
25,Bubba Watson,"27' 1""",.976,3
26,Ben Crane,"25' 6""",1.529,5
27,Jim Furyk,"20' 6""",.739,3
28,Tim Clark,"16' 3""",.390,2
