rank,player,Avg,Total Strokes,Total Holes
1,Dustin Johnson,33.50,134,4
2,Daniel Berger,34.00,136,4
2,Marc Leishman,34.00,136,4
2,Hideki Matsuyama,34.00,136,4
5,Jon Rahm,34.25,137,4
5,Jordan Spieth,34.25,137,4
5,Chris Stroud,34.25,137,4
8,Austin Cook,34.50,138,4
8,Brian Harman,34.50,138,4
8,Xander Schauffele,34.50,138,4
8,Jhonattan Vegas,34.50,138,4
12,Jason Dufner,34.75,139,4
12,Rickie Fowler,34.75,139,4
14,Ryan Armour,35.00,140,4
14,Si Woo Kim,35.00,140,4
14,Patton Kizzire,35.00,140,4
14,Grayson Murray,35.00,140,4
14,Pat Perez,35.00,140,4
19,Patrick Cantlay,35.25,141,4
19,Billy Horschel,35.25,141,4
19,Kevin Kisner,35.25,141,4
19,Justin Thomas,35.25,141,4
23,Kevin Chappell,35.50,142,4
24,Kyle Stanley,35.75,143,4
25,Adam Hadwin,36.00,144,4
25,Russell Henley,36.00,144,4
25,D.A. Points,36.00,144,4
28,Bryson DeChambeau,36.25,145,4
28,Cameron Smith,36.25,145,4
28,Hudson Swafford,36.25,145,4
31,Wesley Bryan,36.75,147,4
31,Brendan Steele,36.75,147,4
33,Jonas Blixt,37.00,148,4
34,Brooks Koepka,38.00,152,4
