rank,player,Avg,Total Strokes,Total Rounds
1,Jason Dufner,32.00,32,1
1,Xander Schauffele,32.00,32,1
1,Jordan Spieth,32.00,32,1
1,Chris Stroud,32.00,32,1
1,Jhonattan Vegas,32.00,32,1
6,Daniel Berger,33.00,33,1
6,Hideki Matsuyama,33.00,33,1
8,Kevin Kisner,34.00,34,1
8,Brooks Koepka,34.00,34,1
8,Marc Leishman,34.00,34,1
8,Cameron Smith,34.00,34,1
8,Justin Thomas,34.00,34,1
13,Bryson DeChambeau,35.00,35,1
13,Brian Harman,35.00,35,1
13,Billy Horschel,35.00,35,1
13,Dustin Johnson,35.00,35,1
13,Pat Perez,35.00,35,1
13,Jon Rahm,35.00,35,1
19,Jonas Blixt,36.00,36,1
19,Wesley Bryan,36.00,36,1
19,Patrick Cantlay,36.00,36,1
19,Kevin Chappell,36.00,36,1
19,Russell Henley,36.00,36,1
19,Si Woo Kim,36.00,36,1
19,Patton Kizzire,36.00,36,1
19,Grayson Murray,36.00,36,1
19,D.A. Points,36.00,36,1
19,Hudson Swafford,36.00,36,1
29,Austin Cook,37.00,37,1
29,Rickie Fowler,37.00,37,1
29,Kyle Stanley,37.00,37,1
32,Ryan Armour,38.00,38,1
32,Brendan Steele,38.00,38,1
34,Adam Hadwin,39.00,39,1
