rank,player,Low Rnd
1,Daniel Berger,32
1,Austin Cook,32
1,Jason Dufner,32
1,Dustin Johnson,32
1,Marc Leishman,32
1,Xander Schauffele,32
1,Jordan Spieth,32
1,Chris Stroud,32
1,Jhonattan Vegas,32
10,Ryan Armour,33
10,Rickie Fowler,33
10,Brian Harman,33
10,Russell Henley,33
10,Hideki Matsuyama,33
15,Wesley Bryan,34
15,Patrick Cantlay,34
15,Kevin Chappell,34
15,Adam Hadwin,34
15,Billy Horschel,34
15,Si Woo Kim,34
15,Kevin Kisner,34
15,Patton Kizzire,34
15,Brooks Koepka,34
15,Grayson Murray,34
15,Pat Perez,34
15,D.A. Points,34
15,Jon Rahm,34
15,Cameron Smith,34
15,Kyle Stanley,34
15,Brendan Steele,34
15,Hudson Swafford,34
15,Justin Thomas,34
33,Jonas Blixt,35
33,Bryson DeChambeau,35
