rank,player,Avg,Total Strokes,Total Rounds
1,Austin Cook,32.00,32,1
1,Marc Leishman,32.00,32,1
3,Rickie Fowler,33.00,33,1
3,Brian Harman,33.00,33,1
5,Patrick Cantlay,34.00,34,1
5,Kevin Chappell,34.00,34,1
5,Adam Hadwin,34.00,34,1
5,Dustin Johnson,34.00,34,1
5,Si Woo Kim,34.00,34,1
5,Hideki Matsuyama,34.00,34,1
5,Jon Rahm,34.00,34,1
5,Xander Schauffele,34.00,34,1
5,Kyle Stanley,34.00,34,1
5,Brendan Steele,34.00,34,1
5,Chris Stroud,34.00,34,1
5,Jhonattan Vegas,34.00,34,1
17,Ryan Armour,35.00,35,1
17,Billy Horschel,35.00,35,1
17,Patton Kizzire,35.00,35,1
17,Justin Thomas,35.00,35,1
21,Daniel Berger,36.00,36,1
21,Jason Dufner,36.00,36,1
21,Kevin Kisner,36.00,36,1
21,Grayson Murray,36.00,36,1
21,Pat Perez,36.00,36,1
21,Jordan Spieth,36.00,36,1
27,Bryson DeChambeau,38.00,38,1
27,Russell Henley,38.00,38,1
27,D.A. Points,38.00,38,1
27,Hudson Swafford,38.00,38,1
31,Wesley Bryan,40.00,40,1
31,Cameron Smith,40.00,40,1
33,Jonas Blixt,41.00,41,1
33,Brooks Koepka,41.00,41,1
