rank,player,Avg,Total Strokes,Total Rounds
1,Dustin Johnson,32.00,32,1
1,Marc Leishman,32.00,32,1
3,Russell Henley,33.00,33,1
4,Ryan Armour,34.00,34,1
4,Wesley Bryan,34.00,34,1
4,Hideki Matsuyama,34.00,34,1
4,Grayson Murray,34.00,34,1
4,Pat Perez,34.00,34,1
4,D.A. Points,34.00,34,1
4,Jon Rahm,34.00,34,1
4,Jordan Spieth,34.00,34,1
4,Hudson Swafford,34.00,34,1
13,Daniel Berger,35.00,35,1
13,Jonas Blixt,35.00,35,1
13,Austin Cook,35.00,35,1
13,Rickie Fowler,35.00,35,1
13,Adam Hadwin,35.00,35,1
13,Si Woo Kim,35.00,35,1
13,Patton Kizzire,35.00,35,1
13,Cameron Smith,35.00,35,1
13,Justin Thomas,35.00,35,1
22,Patrick Cantlay,36.00,36,1
22,Kevin Chappell,36.00,36,1
22,Kevin Kisner,36.00,36,1
22,Kyle Stanley,36.00,36,1
22,Jhonattan Vegas,36.00,36,1
27,Bryson DeChambeau,37.00,37,1
27,Jason Dufner,37.00,37,1
27,Brian Harman,37.00,37,1
27,Billy Horschel,37.00,37,1
27,Brooks Koepka,37.00,37,1
27,Chris Stroud,37.00,37,1
33,Xander Schauffele,38.00,38,1
33,Brendan Steele,38.00,38,1
