rank,player,Avg,Total Strokes,Total Rounds
1,Daniel Berger,32.00,32,1
2,Ryan Armour,33.00,33,1
2,Brian Harman,33.00,33,1
2,Dustin Johnson,33.00,33,1
5,Austin Cook,34.00,34,1
5,Jason Dufner,34.00,34,1
5,Rickie Fowler,34.00,34,1
5,Billy Horschel,34.00,34,1
5,Patton Kizzire,34.00,34,1
5,Grayson Murray,34.00,34,1
5,Jon Rahm,34.00,34,1
5,Xander Schauffele,34.00,34,1
5,Chris Stroud,34.00,34,1
14,Patrick Cantlay,35.00,35,1
14,Bryson DeChambeau,35.00,35,1
14,Si Woo Kim,35.00,35,1
14,Kevin Kisner,35.00,35,1
14,Hideki Matsuyama,35.00,35,1
14,Pat Perez,35.00,35,1
14,Jordan Spieth,35.00,35,1
21,Jonas Blixt,36.00,36,1
21,Kevin Chappell,36.00,36,1
21,Adam Hadwin,36.00,36,1
21,D.A. Points,36.00,36,1
21,Cameron Smith,36.00,36,1
21,Kyle Stanley,36.00,36,1
21,Jhonattan Vegas,36.00,36,1
28,Wesley Bryan,37.00,37,1
28,Russell Henley,37.00,37,1
28,Brendan Steele,37.00,37,1
28,Hudson Swafford,37.00,37,1
28,Justin Thomas,37.00,37,1
33,Marc Leishman,38.00,38,1
34,Brooks Koepka,40.00,40,1
