rank,player,Avg,Total SG:APP,Measured Rounds
1,Brendon Todd,1.682,6.728,4
2,Jimmy Walker,1.487,5.948,4
3,Patrick Reed,1.123,4.491,4
4,Sangmoon Bae,.944,3.776,4
5,Chesson Hadley,.870,3.479,4
6,Chris Kirk,.772,3.088,4
7,Kevin Streelman,.697,2.787,4
8,Hideki Matsuyama,.643,2.573,4
9,Charley Hoffman,.538,2.151,4
10,Ben Martin,.529,2.116,4
11,Russell Henley,.474,1.896,4
12,Jason Day,.209,.836,4
13,Tim Clark,.188,.753,4
14,Camilo Villegas,.182,.727,4
15,Scott Stallings,.131,.522,4
16,Hunter Mahan,.116,.462,4
17,Billy Horschel,.008,.030,4
18,Matt Jones,-.061,-.243,4
19,Bubba Watson,-.160,-.638,4
20,Robert Streb,-.210,-.838,4
21,Matt Kuchar,-.245,-.978,4
22,S.Y. Noh,-.255,-1.018,4
23,Matt Every,-.290,-1.160,4
24,Brian Harman,-.361,-1.442,4
25,Steven Bowditch,-.411,-1.642,4
26,Ryan Moore,-.416,-1.665,4
27,J.B. Holmes,-.718,-2.872,4
28,Ben Crane,-.760,-3.038,4
29,Zach Johnson,-.813,-3.251,4
30,Ángel Cabrera,-.849,-3.395,4
31,John Senden,-1.499,-5.996,4
32,Geoff Ogilvy,-1.724,-6.895,4
33,Nick Taylor,-1.895,-7.579,4
