rank,player,Avg,Total SG:Putting,Measured Rounds
1,Zach Johnson,1.338,5.351,4
2,Russell Henley,1.292,5.166,4
3,Robert Streb,.789,3.157,4
4,S.Y. Noh,.645,2.578,4
5,Matt Every,.588,2.350,4
6,Matt Jones,.587,2.348,4
7,Chris Kirk,.552,2.208,4
8,Bubba Watson,.550,2.201,4
9,Sangmoon Bae,.508,2.033,4
10,Ben Crane,.383,1.533,4
11,Jimmy Walker,.365,1.460,4
12,Geoff Ogilvy,.291,1.164,4
13,Jason Day,.265,1.060,4
14,Ángel Cabrera,.242,.967,4
15,Tim Clark,.218,.871,4
16,Patrick Reed,.175,.700,4
17,Ryan Moore,.058,.231,4
18,Brian Harman,.003,.013,4
19,Brendon Todd,-.005,-.018,4
20,Matt Kuchar,-.017,-.068,4
21,Hideki Matsuyama,-.063,-.253,4
22,Nick Taylor,-.157,-.628,4
23,Ben Martin,-.186,-.742,4
24,Hunter Mahan,-.357,-1.429,4
25,Scott Stallings,-.392,-1.567,4
26,Steven Bowditch,-.406,-1.625,4
27,John Senden,-.437,-1.748,4
28,Chesson Hadley,-.778,-3.110,4
29,Billy Horschel,-.882,-3.527,4
30,Charley Hoffman,-.939,-3.754,4
31,Kevin Streelman,-1.040,-4.161,4
32,Camilo Villegas,-1.271,-5.084,4
33,J.B. Holmes,-1.412,-5.647,4
