rank,player,Avg,Total SG:ARG,Measured Rounds
1,Zach Johnson,.707,2.826,4
2,John Senden,.663,2.650,4
3,Matt Kuchar,.662,2.647,4
4,Steven Bowditch,.602,2.408,4
5,Scott Stallings,.480,1.921,4
6,Patrick Reed,.454,1.814,4
7,Nick Taylor,.417,1.668,4
8,Ben Martin,.408,1.633,4
9,Hideki Matsuyama,.380,1.519,4
10,Ryan Moore,.349,1.394,4
11,Jimmy Walker,.334,1.337,4
12,Geoff Ogilvy,.329,1.317,4
13,Camilo Villegas,.327,1.309,4
14,Robert Streb,.287,1.147,4
15,S.Y. Noh,.222,.887,4
16,Chesson Hadley,.212,.846,4
17,Jason Day,.102,.406,4
18,Matt Jones,.003,.010,4
19,Billy Horschel,-.095,-.378,4
20,Hunter Mahan,-.102,-.407,4
21,Brendon Todd,-.185,-.740,4
22,Chris Kirk,-.189,-.756,4
23,Russell Henley,-.203,-.810,4
24,Ben Crane,-.214,-.854,4
25,Tim Clark,-.216,-.862,4
26,Matt Every,-.268,-1.070,4
27,Ángel Cabrera,-.299,-1.197,4
28,Charley Hoffman,-.421,-1.682,4
29,Brian Harman,-.422,-1.686,4
30,Kevin Streelman,-.471,-1.883,4
31,Sangmoon Bae,-.745,-2.978,4
32,J.B. Holmes,-.958,-3.833,4
33,Bubba Watson,-1.049,-4.195,4
