rank,player,%,# Saves,# Bunkers,Total O/U Par
1,Lucas Glover,100.00,2,2,-1.00
1,Nathan Green,100.00,3,3,E
1,Martin Laird,100.00,3,3,-1.00
1,Kenny Perry,100.00,1,1,-1.00
5,Rory Sabbatini,80.00,4,5,-2.00
6,Jerry Kelly,75.00,3,4,+3.00
7,Pat Perez,66.67,2,3,E
7,Bo Van Pelt,66.67,2,3,E
7,Mark Wilson,66.67,2,3,E
10,Ángel Cabrera,50.00,3,6,+2.00
10,Stewart Cink,50.00,1,2,+1.00
10,Zach Johnson,50.00,1,2,+1.00
10,Troy Matteson,50.00,2,4,E
10,Geoff Ogilvy,50.00,1,2,+1.00
10,Heath Slocum,50.00,1,2,+1.00
10,Nick Watney,50.00,3,6,+2.00
10,Y.E. Yang,50.00,2,4,-1.00
18,Brian Gay,33.33,1,3,+3.00
18,Dustin Johnson,33.33,2,6,+1.00
20,Retief Goosen,25.00,1,4,+3.00
20,John Rollins,25.00,1,4,+1.00
22,Stephen Ames,.00,0,1,+1.00
22,Michael Bradley,.00,0,1,+1.00
22,Paul Casey,.00,0,1,E
22,Sean O'Hair,.00,0,1,E
22,Steve Stricker,.00,0,1,E
