rank,player,%,Par or Better,Missed GIR
1,Ryan Moore,85.71,6,7
2,Steve Stricker,84.62,11,13
3,Matt Kuchar,75.00,6,8
3,Martin Laird,75.00,9,12
3,Pat Perez,75.00,6,8
6,Brian Gay,73.68,14,19
7,Rory Sabbatini,72.73,8,11
8,Ángel Cabrera,64.29,9,14
9,Geoff Ogilvy,63.64,7,11
10,Stewart Cink,62.50,5,8
11,Sean O'Hair,61.54,8,13
11,Nick Watney,61.54,8,13
13,Zach Johnson,55.56,5,9
14,Y.E. Yang,54.55,6,11
15,Paul Casey,53.33,8,15
15,Retief Goosen,53.33,8,15
17,Nathan Green,52.63,10,19
18,Troy Matteson,50.00,6,12
18,Bo Van Pelt,50.00,9,18
20,Jerry Kelly,47.37,9,19
21,Heath Slocum,47.06,8,17
21,Mark Wilson,47.06,8,17
23,Michael Bradley,42.86,6,14
24,Kenny Perry,40.00,4,10
25,Lucas Glover,37.50,3,8
26,John Rollins,33.33,3,9
27,Dustin Johnson,28.57,4,14
28,Stephen Ames,12.50,1,8
