rank,player,%,Successes,Attempts
1,Rory Sabbatini,100.00,1,1
1,Steve Stricker,100.00,1,1
1,Y.E. Yang,100.00,1,1
4,Brian Gay,75.00,3,4
5,Stewart Cink,66.67,2,3
5,Matt Kuchar,66.67,2,3
7,Jerry Kelly,57.14,4,7
8,Paul Casey,50.00,2,4
8,Retief Goosen,50.00,1,2
8,Zach Johnson,50.00,1,2
8,Troy Matteson,50.00,3,6
8,Sean O'Hair,50.00,2,4
13,Michael Bradley,42.86,3,7
14,Nathan Green,40.00,2,5
14,Mark Wilson,40.00,2,5
16,Geoff Ogilvy,25.00,1,4
17,John Rollins,20.00,1,5
17,Heath Slocum,20.00,1,5
19,Stephen Ames,.00,0,1
19,Ángel Cabrera,.00,0,1
19,Lucas Glover,.00,0,2
19,Dustin Johnson,.00,0,5
19,Martin Laird,.00,0,1
19,Pat Perez,.00,0,1
19,Kenny Perry,.00,0,1
19,Bo Van Pelt,.00,0,4
19,Nick Watney,.00,0,1
