rank,player,%,Successes,Attempts
1,Matt Kuchar,100.00,2,2
1,Ryan Moore,100.00,2,2
3,Pat Perez,75.00,3,4
4,Steve Stricker,71.43,5,7
5,Ángel Cabrera,66.67,4,6
5,Brian Gay,66.67,4,6
5,Retief Goosen,66.67,4,6
5,Zach Johnson,66.67,2,3
5,Martin Laird,66.67,4,6
5,Sean O'Hair,66.67,6,9
5,Y.E. Yang,66.67,2,3
12,Rory Sabbatini,60.00,3,5
13,Stephen Ames,50.00,1,2
13,Michael Bradley,50.00,4,8
13,Stewart Cink,50.00,1,2
13,Lucas Glover,50.00,1,2
13,Jerry Kelly,50.00,6,12
13,Geoff Ogilvy,50.00,1,2
13,Nick Watney,50.00,2,4
13,Mark Wilson,50.00,3,6
21,Paul Casey,40.00,2,5
21,Kenny Perry,40.00,2,5
23,Dustin Johnson,33.33,1,3
23,Heath Slocum,33.33,3,9
25,Troy Matteson,20.00,1,5
25,Bo Van Pelt,20.00,1,5
27,Nathan Green,12.50,1,8
28,John Rollins,.00,0,3
