rank,player,%
1,Brandt Snedeker,71.43
2,Mark Calcavecchia,62.50
3,Ángel Cabrera,50.00
3,Charles Howell III,50.00
5,Fred Funk,44.44
6,Steve Flesch,40.00
6,Steve Stricker,40.00
6,Mike Weir,40.00
9,Stephen Ames,33.33
9,Chad Campbell,33.33
9,Hunter Mahan,33.33
12,Jonathan Byrd,28.57
13,George McNeill,27.27
14,Charley Hoffman,25.00
14,Scott Verplank,25.00
16,Woody Austin,22.22
17,Aaron Baddeley,20.00
17,K.J. Choi,20.00
17,Mark Wilson,20.00
20,Brian Bateman,18.18
21,Rory Sabbatini,11.11
22,Joe Ogilvie,8.33
22,Henrik Stenson,8.33
24,Boo Weekley,7.14
25,Daniel Chopra,.00
25,Jim Furyk,.00
25,Paul Goydos,.00
25,Zach Johnson,.00
25,Justin Leonard,.00
25,Vijay Singh,.00
25,Nick Watney,.00
