rank,player,Total
1,Daniel Chopra,23
2,Brandt Snedeker,22
2,Steve Stricker,22
4,Stephen Ames,21
5,Ángel Cabrera,20
5,Mark Calcavecchia,20
7,Chad Campbell,19
7,Rory Sabbatini,19
7,Mike Weir,19
10,Charles Howell III,18
10,Justin Leonard,18
10,Hunter Mahan,18
10,Nick Watney,18
14,Aaron Baddeley,17
14,Brian Bateman,17
14,Jonathan Byrd,17
14,Steve Flesch,17
14,Jim Furyk,17
14,George McNeill,17
20,Scott Verplank,16
21,Woody Austin,15
22,K.J. Choi,14
22,Zach Johnson,14
22,Vijay Singh,14
22,Boo Weekley,14
26,Fred Funk,13
26,Paul Goydos,13
26,Charley Hoffman,13
26,Henrik Stenson,13
30,Mark Wilson,12
31,Joe Ogilvie,11
