rank,player,Total
1,Boo Weekley,2
2,Mark Calcavecchia,1
2,Charles Howell III,1
2,Hunter Mahan,1
2,Steve Stricker,1
2,Mike Weir,1
7,Stephen Ames,0
7,Woody Austin,0
7,Aaron Baddeley,0
7,Brian Bateman,0
7,Jonathan Byrd,0
7,Ángel Cabrera,0
7,Chad Campbell,0
7,K.J. Choi,0
7,Daniel Chopra,0
7,Steve Flesch,0
7,Fred Funk,0
7,Jim Furyk,0
7,Paul Goydos,0
7,Charley Hoffman,0
7,Zach Johnson,0
7,Justin Leonard,0
7,George McNeill,0
7,Joe Ogilvie,0
7,Rory Sabbatini,0
7,Vijay Singh,0
7,Brandt Snedeker,0
7,Henrik Stenson,0
7,Scott Verplank,0
7,Nick Watney,0
7,Mark Wilson,0
