rank,player,%,Total Drives for <= 240,Total Drives - Overall,Relative to Par
1,Ryan Moore,25.00,15,60,-0.067
2,Rod Pampling,20.00,12,60,E
3,Aaron Baddeley,16.67,10,60,E
4,Fabián Gómez,15.00,9,60,+0.111
4,Pat Perez,15.00,9,60,-0.222
4,Brian Stuard,15.00,9,60,-0.111
7,Daniel Berger,13.33,8,60,-0.375
7,James Hahn,13.33,8,60,E
7,Russell Knox,13.33,8,60,+0.500
7,Jimmy Walker,13.33,8,60,-0.250
11,Cody Gribble,11.67,7,60,+0.143
11,William McGirt,11.67,7,60,+0.286
13,Greg Chalmers,10.00,6,60,+0.500
13,Jason Day,10.00,6,60,+0.167
13,Billy Hurley III,10.00,6,60,E
13,Si Woo Kim,10.00,6,60,+0.667
13,Brendan Steele,10.00,6,60,+0.167
18,Mackenzie Hughes,8.33,5,60,-0.400
18,Brandt Snedeker,8.33,5,60,E
18,Jhonattan Vegas,8.33,5,60,+0.200
21,Vaughn Taylor,6.67,4,60,-0.250
22,Jason Dufner,5.00,3,60,E
22,Jim Herman,5.00,3,60,E
22,Jordan Spieth,5.00,3,60,-0.667
25,Hideki Matsuyama,3.33,2,60,E
25,Patrick Reed,3.33,2,60,E
27,Tony Finau,1.67,1,60,+1.000
27,Dustin Johnson,1.67,1,60,E
27,Justin Thomas,1.67,1,60,E
30,Branden Grace,.00,0,60,E
30,Charley Hoffman,.00,0,60,E
30,Bubba Watson,.00,0,60,E
