rank,player,All Drives,Total Distance,# of Drives
1,Dustin Johnson,314.6,"18,879",60
2,Bubba Watson,312.8,"18,770",60
3,Tony Finau,308.7,"18,522",60
4,Justin Thomas,307.6,"18,454",60
5,Jason Day,303.2,"18,192",60
6,Jhonattan Vegas,302.0,"18,122",60
7,Hideki Matsuyama,299.2,"17,954",60
8,Charley Hoffman,298.7,"17,922",60
9,Branden Grace,297.3,"17,840",60
10,Brendan Steele,297.2,"17,832",60
11,Jordan Spieth,295.7,"17,743",60
12,Patrick Reed,295.1,"17,709",60
13,Cody Gribble,294.4,"17,665",60
14,Jim Herman,294.2,"17,655",60
15,Jason Dufner,291.6,"17,493",60
16,Mackenzie Hughes,291.1,"17,466",60
17,Jimmy Walker,290.8,"17,448",60
18,Aaron Baddeley,290.4,"17,425",60
19,Daniel Berger,290.3,"17,419",60
20,William McGirt,290.2,"17,409",60
20,Brandt Snedeker,290.2,"17,412",60
22,Si Woo Kim,286.7,"17,199",60
23,Russell Knox,285.5,"17,133",60
24,Pat Perez,284.1,"17,046",60
25,Rod Pampling,283.3,"17,000",60
26,James Hahn,282.7,"16,964",60
27,Greg Chalmers,281.9,"16,912",60
28,Vaughn Taylor,281.2,"16,873",60
29,Fabián Gómez,280.6,"16,835",60
30,Ryan Moore,279.4,"16,766",60
31,Brian Stuard,275.9,"16,555",60
32,Billy Hurley III,275.1,"16,506",60
