rank,player,%,Total Drives for 300+,Total Drvs - overall,Relative to par
1,Dustin Johnson,62.50,5,8,-0.40
2,Tony Finau,50.00,4,8,-0.50
3,Jason Day,37.50,3,8,-1.00
3,Justin Thomas,37.50,3,8,+0.33
3,Jhonattan Vegas,37.50,3,8,-0.67
3,Bubba Watson,37.50,3,8,-0.67
7,Aaron Baddeley,25.00,2,8,-0.50
7,Branden Grace,25.00,2,8,-0.50
7,Cody Gribble,25.00,2,8,-0.50
7,James Hahn,25.00,2,8,-0.50
7,Charley Hoffman,25.00,2,8,+0.50
7,Jordan Spieth,25.00,2,8,E
7,Brendan Steele,25.00,2,8,-1.50
14,Daniel Berger,12.50,1,8,E
14,Si Woo Kim,12.50,1,8,-1.00
14,Patrick Reed,12.50,1,8,E
14,Jimmy Walker,12.50,1,8,-1.00
18,Greg Chalmers,.00,0,8,E
18,Jason Dufner,.00,0,8,E
18,Fabián Gómez,.00,0,8,E
18,Jim Herman,.00,0,8,E
18,Mackenzie Hughes,.00,0,8,E
18,Billy Hurley III,.00,0,8,E
18,Russell Knox,.00,0,8,E
18,Hideki Matsuyama,.00,0,8,E
18,William McGirt,.00,0,8,E
18,Ryan Moore,.00,0,8,E
18,Rod Pampling,.00,0,8,E
18,Pat Perez,.00,0,8,E
18,Brandt Snedeker,.00,0,8,E
18,Brian Stuard,.00,0,8,E
18,Vaughn Taylor,.00,0,8,E
