rank,player,Avg (%),Total Shot Distance,Total Distance
1,Dustin Johnson,58.29,"51,697","8,869"
2,Bubba Watson,56.18,"49,825","8,869"
3,Tony Finau,55.86,"49,541","8,869"
4,Jason Day,55.78,"49,467","8,869"
5,Justin Thomas,55.55,"49,266","8,869"
6,Brendan Steele,55.49,"49,210","8,869"
7,Jhonattan Vegas,54.97,"48,750","8,869"
8,Patrick Reed,54.93,"48,721","8,869"
9,Cody Gribble,54.89,"48,681","8,869"
10,Hideki Matsuyama,54.30,"48,155","8,869"
11,Aaron Baddeley,53.98,"47,873","8,869"
12,Charley Hoffman,53.88,"47,786","8,869"
13,Branden Grace,53.60,"47,540","8,869"
14,Jim Herman,53.56,"47,505","8,869"
15,Mackenzie Hughes,53.42,"47,380","8,869"
16,Rod Pampling,53.27,"47,242","8,869"
17,Jordan Spieth,53.16,"47,147","8,869"
18,Daniel Berger,53.09,"47,084","8,869"
19,Pat Perez,53.05,"47,051","8,869"
20,James Hahn,52.93,"46,942","8,869"
21,Si Woo Kim,52.79,"46,820","8,869"
22,Brandt Snedeker,52.73,"46,765","8,869"
23,William McGirt,52.42,"46,491","8,869"
24,Jason Dufner,52.31,"46,395","8,869"
25,Fabián Gómez,52.28,"46,371","8,869"
26,Jimmy Walker,52.08,"46,192","8,869"
27,Ryan Moore,52.07,"46,179","8,869"
28,Russell Knox,52.05,"46,165","8,869"
29,Brian Stuard,50.57,"44,848","8,869"
30,Greg Chalmers,50.32,"44,626","8,869"
31,Vaughn Taylor,50.10,"44,433","8,869"
32,Billy Hurley III,50.00,"44,342","8,869"
