rank,player,%,Total Drives for 240-260,Total Drvs - overall,Relative to par
1,Cody Gribble,50.00,4,8,+0.25
1,Brian Stuard,50.00,4,8,-0.25
3,Greg Chalmers,37.50,3,8,E
3,Jason Dufner,37.50,3,8,-0.33
3,Billy Hurley III,37.50,3,8,-0.33
3,Si Woo Kim,37.50,3,8,+0.67
3,Rod Pampling,37.50,3,8,-0.33
3,Vaughn Taylor,37.50,3,8,-0.67
9,Ryan Moore,25.00,2,8,-1.00
9,Brandt Snedeker,25.00,2,8,E
11,Daniel Berger,12.50,1,8,+1.00
11,Fabián Gómez,12.50,1,8,E
11,Branden Grace,12.50,1,8,E
11,James Hahn,12.50,1,8,-1.00
11,Jim Herman,12.50,1,8,E
11,Charley Hoffman,12.50,1,8,E
11,Russell Knox,12.50,1,8,+1.00
11,Hideki Matsuyama,12.50,1,8,-1.00
11,William McGirt,12.50,1,8,-1.00
11,Patrick Reed,12.50,1,8,E
11,Jordan Spieth,12.50,1,8,-1.00
11,Brendan Steele,12.50,1,8,E
11,Justin Thomas,12.50,1,8,-1.00
11,Jhonattan Vegas,12.50,1,8,E
11,Jimmy Walker,12.50,1,8,E
26,Aaron Baddeley,.00,0,8,E
26,Jason Day,.00,0,8,E
26,Tony Finau,.00,0,8,E
26,Mackenzie Hughes,.00,0,8,E
26,Dustin Johnson,.00,0,8,E
26,Pat Perez,.00,0,8,E
26,Bubba Watson,.00,0,8,E
