rank,player,%,Total Drives for 320+,Total Drives - Overall,Relative to Par
1,Bubba Watson,43.33,26,60,+0.038
2,Dustin Johnson,41.67,25,60,-0.240
3,Justin Thomas,38.33,23,60,-0.304
3,Jhonattan Vegas,38.33,23,60,-0.174
5,Jason Day,36.67,22,60,-0.182
5,Tony Finau,36.67,22,60,-0.091
7,Aaron Baddeley,31.67,19,60,+0.105
7,Cody Gribble,31.67,19,60,-0.368
9,Jim Herman,30.00,18,60,-0.222
9,Charley Hoffman,30.00,18,60,-0.167
9,Jordan Spieth,30.00,18,60,-0.333
9,Jimmy Walker,30.00,18,60,-0.222
13,Daniel Berger,28.33,17,60,-0.118
13,Branden Grace,28.33,17,60,+0.118
13,William McGirt,28.33,17,60,-0.176
13,Patrick Reed,28.33,17,60,-0.059
13,Brendan Steele,28.33,17,60,-0.118
18,Jason Dufner,25.00,15,60,E
18,Hideki Matsuyama,25.00,15,60,-0.067
18,Rod Pampling,25.00,15,60,-0.200
18,Brandt Snedeker,25.00,15,60,+0.067
22,Russell Knox,23.33,14,60,-0.214
23,James Hahn,21.67,13,60,-0.077
23,Mackenzie Hughes,21.67,13,60,-0.231
23,Si Woo Kim,21.67,13,60,-0.154
26,Fabián Gómez,20.00,12,60,-0.167
26,Pat Perez,20.00,12,60,-0.083
28,Ryan Moore,18.33,11,60,-0.182
29,Greg Chalmers,16.67,10,60,-0.100
30,Brian Stuard,13.33,8,60,-0.125
31,Vaughn Taylor,11.67,7,60,-0.429
32,Billy Hurley III,8.33,5,60,-0.400
