rank,player,%,Total Drives for 260-280,Total Drives - Overall,Relative to Par
1,Mackenzie Hughes,28.33,17,60,-0.353
2,Jordan Spieth,26.67,16,60,-0.375
2,Jimmy Walker,26.67,16,60,-0.313
4,Billy Hurley III,25.00,15,60,-0.267
5,Jason Dufner,23.33,14,60,-0.286
5,Tony Finau,23.33,14,60,-0.286
5,Fabián Gómez,23.33,14,60,-0.429
5,Russell Knox,23.33,14,60,-0.357
5,Brandt Snedeker,23.33,14,60,-0.500
10,Greg Chalmers,21.67,13,60,-0.308
10,Si Woo Kim,21.67,13,60,+0.077
10,Hideki Matsuyama,21.67,13,60,-0.615
10,Ryan Moore,21.67,13,60,-0.308
10,Vaughn Taylor,21.67,13,60,E
10,Bubba Watson,21.67,13,60,+0.154
16,James Hahn,18.33,11,60,-0.091
16,Patrick Reed,18.33,11,60,-0.455
18,Branden Grace,16.67,10,60,+0.100
18,Jim Herman,16.67,10,60,-0.300
18,Charley Hoffman,16.67,10,60,-0.100
18,William McGirt,16.67,10,60,-0.300
18,Pat Perez,16.67,10,60,-0.300
18,Brian Stuard,16.67,10,60,-0.500
24,Aaron Baddeley,15.00,9,60,-0.111
24,Daniel Berger,15.00,9,60,-0.111
24,Cody Gribble,15.00,9,60,E
24,Brendan Steele,15.00,9,60,-0.333
28,Rod Pampling,13.33,8,60,-0.125
28,Justin Thomas,13.33,8,60,-0.125
30,Jason Day,10.00,6,60,+0.167
31,Dustin Johnson,8.33,5,60,-0.200
31,Jhonattan Vegas,8.33,5,60,+0.400
