rank,player,%,Total Drives for 300-320,Total Drvs - overall,Relative to par
1,Jhonattan Vegas,37.50,3,8,-0.67
2,Aaron Baddeley,25.00,2,8,-0.50
2,Tony Finau,25.00,2,8,-0.50
2,Branden Grace,25.00,2,8,-0.50
2,Cody Gribble,25.00,2,8,-0.50
2,James Hahn,25.00,2,8,-0.50
2,Charley Hoffman,25.00,2,8,+0.50
2,Jordan Spieth,25.00,2,8,E
9,Daniel Berger,12.50,1,8,E
9,Jason Day,12.50,1,8,-1.00
9,Dustin Johnson,12.50,1,8,E
9,Si Woo Kim,12.50,1,8,-1.00
9,Patrick Reed,12.50,1,8,E
9,Brendan Steele,12.50,1,8,-2.00
9,Justin Thomas,12.50,1,8,+1.00
9,Jimmy Walker,12.50,1,8,-1.00
9,Bubba Watson,12.50,1,8,-1.00
18,Greg Chalmers,.00,0,8,E
18,Jason Dufner,.00,0,8,E
18,Fabián Gómez,.00,0,8,E
18,Jim Herman,.00,0,8,E
18,Mackenzie Hughes,.00,0,8,E
18,Billy Hurley III,.00,0,8,E
18,Russell Knox,.00,0,8,E
18,Hideki Matsuyama,.00,0,8,E
18,William McGirt,.00,0,8,E
18,Ryan Moore,.00,0,8,E
18,Rod Pampling,.00,0,8,E
18,Pat Perez,.00,0,8,E
18,Brandt Snedeker,.00,0,8,E
18,Brian Stuard,.00,0,8,E
18,Vaughn Taylor,.00,0,8,E
