rank,player,%,Total Drives for 260-280,Total Drvs - overall,Relative to par
1,Mackenzie Hughes,62.50,5,8,-0.40
2,Fabián Gómez,50.00,4,8,+0.25
2,James Hahn,50.00,4,8,-0.25
2,Jim Herman,50.00,4,8,+0.25
2,Billy Hurley III,50.00,4,8,-0.75
2,Pat Perez,50.00,4,8,E
2,Jimmy Walker,50.00,4,8,+0.25
8,Daniel Berger,37.50,3,8,E
8,Greg Chalmers,37.50,3,8,-0.67
8,Branden Grace,37.50,3,8,-0.67
8,William McGirt,37.50,3,8,E
8,Ryan Moore,37.50,3,8,-0.67
8,Patrick Reed,37.50,3,8,-0.67
8,Brandt Snedeker,37.50,3,8,-0.33
8,Jordan Spieth,37.50,3,8,-0.33
8,Brendan Steele,37.50,3,8,-0.33
17,Aaron Baddeley,25.00,2,8,E
17,Jason Day,25.00,2,8,-0.50
17,Jason Dufner,25.00,2,8,+0.50
17,Tony Finau,25.00,2,8,-0.50
17,Charley Hoffman,25.00,2,8,E
17,Si Woo Kim,25.00,2,8,E
17,Hideki Matsuyama,25.00,2,8,-1.00
17,Rod Pampling,25.00,2,8,E
17,Vaughn Taylor,25.00,2,8,+1.00
17,Bubba Watson,25.00,2,8,-0.50
27,Russell Knox,12.50,1,8,-1.00
27,Justin Thomas,12.50,1,8,E
27,Jhonattan Vegas,12.50,1,8,E
30,Cody Gribble,.00,0,8,E
30,Dustin Johnson,.00,0,8,E
30,Brian Stuard,.00,0,8,E
