rank,player,%,Total Drives for 240-260,Total Drives - Overall,Relative to Par
1,Brian Stuard,30.00,18,60,-0.167
2,Vaughn Taylor,25.00,15,60,E
3,Billy Hurley III,23.33,14,60,E
4,Greg Chalmers,21.67,13,60,-0.154
5,Branden Grace,18.33,11,60,+0.091
5,Jim Herman,18.33,11,60,E
7,Jason Dufner,16.67,10,60,-0.200
7,Fabián Gómez,16.67,10,60,E
7,James Hahn,16.67,10,60,-0.100
7,Charley Hoffman,16.67,10,60,+0.100
7,William McGirt,16.67,10,60,-0.300
7,Brandt Snedeker,16.67,10,60,E
7,Jordan Spieth,16.67,10,60,-0.200
14,Daniel Berger,15.00,9,60,+0.111
14,Jason Day,15.00,9,60,E
14,Cody Gribble,15.00,9,60,E
14,Patrick Reed,15.00,9,60,-0.444
18,Rod Pampling,13.33,8,60,-0.250
18,Brendan Steele,13.33,8,60,-0.250
20,Si Woo Kim,11.67,7,60,+0.429
20,Russell Knox,11.67,7,60,-0.143
20,Pat Perez,11.67,7,60,-0.143
23,Dustin Johnson,10.00,6,60,-0.167
23,Hideki Matsuyama,10.00,6,60,-0.333
23,Jhonattan Vegas,10.00,6,60,+0.167
26,Mackenzie Hughes,8.33,5,60,-0.200
26,Ryan Moore,8.33,5,60,-0.600
28,Justin Thomas,6.67,4,60,-0.750
28,Jimmy Walker,6.67,4,60,E
30,Aaron Baddeley,5.00,3,60,+0.333
30,Tony Finau,5.00,3,60,+0.333
30,Bubba Watson,5.00,3,60,-0.333
