rank,player,%,Total Drives for 300+,Total Drives - Overall,Relative to Par
1,Dustin Johnson,56.67,34,60,-0.294
2,Bubba Watson,51.67,31,60,-0.032
3,Jason Day,48.33,29,60,-0.241
4,Justin Thomas,46.67,28,60,-0.214
4,Jhonattan Vegas,46.67,28,60,-0.214
6,Tony Finau,45.00,27,60,-0.185
6,Brendan Steele,45.00,27,60,-0.185
8,Cody Gribble,43.33,26,60,-0.385
8,Jordan Spieth,43.33,26,60,-0.308
10,Aaron Baddeley,41.67,25,60,+0.040
10,Charley Hoffman,41.67,25,60,-0.040
12,Daniel Berger,38.33,23,60,-0.087
12,Jim Herman,38.33,23,60,-0.217
12,Mackenzie Hughes,38.33,23,60,-0.087
12,Russell Knox,38.33,23,60,-0.130
16,Branden Grace,36.67,22,60,+0.045
16,James Hahn,36.67,22,60,-0.091
16,Hideki Matsuyama,36.67,22,60,-0.136
16,William McGirt,36.67,22,60,-0.136
16,Jimmy Walker,36.67,22,60,-0.227
21,Jason Dufner,35.00,21,60,E
21,Rod Pampling,35.00,21,60,-0.095
23,Si Woo Kim,33.33,20,60,-0.150
23,Patrick Reed,33.33,20,60,E
25,Fabián Gómez,31.67,19,60,-0.105
25,Ryan Moore,31.67,19,60,-0.211
25,Pat Perez,31.67,19,60,E
28,Brandt Snedeker,28.33,17,60,+0.059
29,Greg Chalmers,26.67,16,60,-0.188
29,Vaughn Taylor,26.67,16,60,-0.313
31,Brian Stuard,25.00,15,60,E
32,Billy Hurley III,23.33,14,60,-0.071
