rank,player,%,Total Drives for 320+,Total Drvs - overall,Relative to par
1,Dustin Johnson,50.00,4,8,-0.50
2,Jason Day,25.00,2,8,-1.00
2,Tony Finau,25.00,2,8,-0.50
2,Justin Thomas,25.00,2,8,E
2,Bubba Watson,25.00,2,8,-0.50
6,Brendan Steele,12.50,1,8,-1.00
7,Aaron Baddeley,.00,0,8,E
7,Daniel Berger,.00,0,8,E
7,Greg Chalmers,.00,0,8,E
7,Jason Dufner,.00,0,8,E
7,Fabián Gómez,.00,0,8,E
7,Branden Grace,.00,0,8,E
7,Cody Gribble,.00,0,8,E
7,James Hahn,.00,0,8,E
7,Jim Herman,.00,0,8,E
7,Charley Hoffman,.00,0,8,E
7,Mackenzie Hughes,.00,0,8,E
7,Billy Hurley III,.00,0,8,E
7,Si Woo Kim,.00,0,8,E
7,Russell Knox,.00,0,8,E
7,Hideki Matsuyama,.00,0,8,E
7,William McGirt,.00,0,8,E
7,Ryan Moore,.00,0,8,E
7,Rod Pampling,.00,0,8,E
7,Pat Perez,.00,0,8,E
7,Patrick Reed,.00,0,8,E
7,Brandt Snedeker,.00,0,8,E
7,Jordan Spieth,.00,0,8,E
7,Brian Stuard,.00,0,8,E
7,Vaughn Taylor,.00,0,8,E
7,Jhonattan Vegas,.00,0,8,E
7,Jimmy Walker,.00,0,8,E
