rank,player,Avg,Total Distance,Total Drives
1,Dustin Johnson,319.6,"2,557",8
2,Tony Finau,304.8,"2,438",8
3,Justin Thomas,301.6,"2,413",8
4,Jason Day,300.4,"2,403",8
5,Bubba Watson,300.3,"2,402",8
6,Brendan Steele,288.5,"2,308",8
7,Aaron Baddeley,287.9,"2,303",8
8,Jhonattan Vegas,286.3,"2,290",8
9,Charley Hoffman,286.0,"2,288",8
10,Hideki Matsuyama,283.6,"2,269",8
11,Jordan Spieth,283.4,"2,267",8
12,Branden Grace,283.3,"2,266",8
13,Mackenzie Hughes,280.4,"2,243",8
14,James Hahn,279.8,"2,238",8
15,Patrick Reed,279.3,"2,234",8
16,Daniel Berger,278.5,"2,228",8
17,Pat Perez,278.4,"2,227",8
18,Jim Herman,276.6,"2,213",8
19,Jimmy Walker,275.6,"2,205",8
20,Fabián Gómez,275.4,"2,203",8
21,Rod Pampling,275.1,"2,201",8
22,Ryan Moore,272.6,"2,181",8
23,Jason Dufner,272.0,"2,176",8
24,Brandt Snedeker,271.9,"2,175",8
25,Si Woo Kim,271.6,"2,173",8
26,Cody Gribble,270.8,"2,166",8
27,Vaughn Taylor,269.6,"2,157",8
28,Russell Knox,269.3,"2,154",8
29,William McGirt,267.9,"2,143",8
30,Greg Chalmers,266.5,"2,132",8
31,Billy Hurley III,265.4,"2,123",8
32,Brian Stuard,263.1,"2,105",8
