rank,player,%,Total Drives for 280-300,Total Drives - Overall,Relative to Par
1,Justin Thomas,31.67,19,60,-0.421
2,Patrick Reed,30.00,18,60,-0.389
3,Branden Grace,28.33,17,60,-0.235
3,Hideki Matsuyama,28.33,17,60,-0.294
5,Jhonattan Vegas,26.67,16,60,-0.250
6,Tony Finau,25.00,15,60,-0.467
6,Charley Hoffman,25.00,15,60,-0.333
6,Pat Perez,25.00,15,60,-0.600
9,Dustin Johnson,23.33,14,60,-0.286
9,Si Woo Kim,23.33,14,60,-0.214
9,Brandt Snedeker,23.33,14,60,-0.071
12,Aaron Baddeley,21.67,13,60,-0.385
12,Jim Herman,21.67,13,60,-0.308
12,Bubba Watson,21.67,13,60,-0.385
15,Greg Chalmers,20.00,12,60,+0.083
15,Jason Dufner,20.00,12,60,-0.333
15,Vaughn Taylor,20.00,12,60,-0.083
18,Daniel Berger,18.33,11,60,-0.545
18,Billy Hurley III,18.33,11,60,-0.091
18,William McGirt,18.33,11,60,-0.273
18,Rod Pampling,18.33,11,60,-0.455
22,Jason Day,16.67,10,60,-0.800
22,Mackenzie Hughes,16.67,10,60,+0.100
22,Brendan Steele,16.67,10,60,-0.500
22,Jimmy Walker,16.67,10,60,-0.400
26,Cody Gribble,15.00,9,60,-0.333
26,James Hahn,15.00,9,60,-0.556
28,Fabián Gómez,13.33,8,60,-0.375
28,Russell Knox,13.33,8,60,-0.500
28,Ryan Moore,13.33,8,60,-0.500
28,Brian Stuard,13.33,8,60,-0.125
32,Jordan Spieth,8.33,5,60,E
