rank,player,%,Total Drives for <= 240,Total Drvs - overall,Relative to par
1,Russell Knox,25.00,2,8,+2.00
2,William McGirt,12.50,1,8,E
2,Brian Stuard,12.50,1,8,E
4,Aaron Baddeley,.00,0,8,E
4,Daniel Berger,.00,0,8,E
4,Greg Chalmers,.00,0,8,E
4,Jason Day,.00,0,8,E
4,Jason Dufner,.00,0,8,E
4,Tony Finau,.00,0,8,E
4,Fabián Gómez,.00,0,8,E
4,Branden Grace,.00,0,8,E
4,Cody Gribble,.00,0,8,E
4,James Hahn,.00,0,8,E
4,Jim Herman,.00,0,8,E
4,Charley Hoffman,.00,0,8,E
4,Mackenzie Hughes,.00,0,8,E
4,Billy Hurley III,.00,0,8,E
4,Dustin Johnson,.00,0,8,E
4,Si Woo Kim,.00,0,8,E
4,Hideki Matsuyama,.00,0,8,E
4,Ryan Moore,.00,0,8,E
4,Rod Pampling,.00,0,8,E
4,Pat Perez,.00,0,8,E
4,Patrick Reed,.00,0,8,E
4,Brandt Snedeker,.00,0,8,E
4,Jordan Spieth,.00,0,8,E
4,Brendan Steele,.00,0,8,E
4,Vaughn Taylor,.00,0,8,E
4,Justin Thomas,.00,0,8,E
4,Jhonattan Vegas,.00,0,8,E
4,Jimmy Walker,.00,0,8,E
4,Bubba Watson,.00,0,8,E
