rank,player,Avg RTP
1,Davis Love III,-1.000
1,Vijay Singh,-1.000
3,Geoff Ogilvy,-.667
4,Stephen Ames,-.200
5,Stuart Appleby,E
5,Eric Axley,E
5,Chris Couch,E
5,Luke Donald,E
5,Joe Durant,E
5,Tim Herron,E
5,J.B. Holmes,E
5,Trevor Immelman,E
5,Will MacKenzie,E
5,Carl Pettersson,E
5,John Rollins,E
5,John Senden,E
5,David Toms,E
18,Aaron Baddeley,+.250
19,Rod Pampling,+.333
20,Ben Curtis,+.500
20,J.J. Henry,+.500
20,Troy Matteson,+.500
20,Brett Wetterich,+.500
20,Dean Wilson,+.500
25,Corey Pavin,+.667
25,Kirk Triplett,+.667
27,Chad Campbell,+1.000
27,Rory Sabbatini,+1.000
27,D.J. Trahan,+1.000
