rank,player,Avg RTP
1,Rod Pampling,-.500
2,Troy Matteson,-.333
3,Davis Love III,-.250
4,David Toms,-.200
5,Stephen Ames,E
5,K.J. Choi,E
5,Jim Furyk,E
5,Will MacKenzie,E
5,Jeff Maggert,E
5,Adam Scott,E
5,Vijay Singh,E
5,Kirk Triplett,E
13,Tim Herron,+.250
13,Carl Pettersson,+.250
15,Eric Axley,+.333
15,Aaron Baddeley,+.333
15,Joe Durant,+.333
15,John Senden,+.333
15,Brett Wetterich,+.333
20,J.B. Holmes,+.400
21,Chad Campbell,+.500
21,Ben Curtis,+.500
21,Geoff Ogilvy,+.500
24,Dean Wilson,+.750
25,Stuart Appleby,+1.000
25,Luke Donald,+1.000
25,John Rollins,+1.000
28,D.J. Trahan,+1.200
29,Trevor Immelman,+2.000
