rank,player,%,Total Birdies,Total Holes
1,Adam Scott,31.48,17,54
2,Vijay Singh,28.85,15,52
3,J.B. Holmes,28.57,14,49
3,Trevor Immelman,28.57,18,63
5,Davis Love III,27.78,15,54
6,Will MacKenzie,27.45,14,51
7,David Toms,26.67,16,60
8,Aaron Baddeley,24.53,13,53
9,Rory Sabbatini,24.19,15,62
10,Stuart Appleby,23.73,14,59
11,Luke Donald,23.44,15,64
12,K.J. Choi,21.82,12,55
13,Stephen Ames,21.31,13,61
13,Kirk Triplett,21.31,13,61
15,Eric Axley,21.15,11,52
16,J.J. Henry,20.37,11,54
17,Joe Durant,20.34,12,59
18,Carl Pettersson,20.00,11,55
19,Troy Matteson,19.64,11,56
19,Rod Pampling,19.64,11,56
21,Tim Herron,18.87,10,53
22,John Senden,17.86,10,56
23,Chris Couch,17.54,10,57
24,Geoff Ogilvy,17.31,9,52
25,D.J. Trahan,16.33,8,49
26,John Rollins,15.38,8,52
27,Dean Wilson,15.09,8,53
28,Corey Pavin,15.00,9,60
29,Jim Furyk,14.93,10,67
30,Jeff Maggert,14.29,8,56
31,Brett Wetterich,13.73,7,51
32,Chad Campbell,11.86,7,59
33,Ben Curtis,9.09,5,55
