rank,player,%,Total Birdies,Total Holes
1,Adam Scott,58.62,17,29
2,Vijay Singh,52.38,11,21
3,K.J. Choi,47.83,11,23
4,Davis Love III,45.83,11,24
4,Rory Sabbatini,45.83,11,24
6,Will MacKenzie,45.45,10,22
7,Chris Couch,44.44,8,18
8,Rod Pampling,40.00,8,20
9,Stuart Appleby,36.36,8,22
10,J.B. Holmes,35.71,10,28
11,Brett Wetterich,34.78,8,23
12,Trevor Immelman,34.62,9,26
13,Aaron Baddeley,33.33,8,24
13,Jeff Maggert,33.33,7,21
13,Troy Matteson,33.33,6,18
13,David Toms,33.33,6,18
17,Carl Pettersson,32.00,8,25
18,Tim Herron,31.82,7,22
19,Geoff Ogilvy,30.77,8,26
20,J.J. Henry,30.43,7,23
21,Dean Wilson,30.00,6,20
22,John Rollins,29.17,7,24
23,D.J. Trahan,27.27,6,22
24,Eric Axley,26.92,7,26
25,Luke Donald,26.09,6,23
25,Joe Durant,26.09,6,23
27,Jim Furyk,25.00,5,20
28,Kirk Triplett,23.53,4,17
29,John Senden,22.73,5,22
30,Chad Campbell,17.65,3,17
31,Corey Pavin,11.76,2,17
32,Stephen Ames,11.11,2,18
33,Ben Curtis,6.67,1,15
