rank,player,Avg RTP
1,David Toms,-.500
2,Trevor Immelman,-.333
3,Stephen Ames,-.250
3,Kirk Triplett,-.250
5,Stuart Appleby,-.143
5,Carl Pettersson,-.143
5,Vijay Singh,-.143
8,K.J. Choi,-.125
9,Chad Campbell,E
9,Chris Couch,E
9,Joe Durant,E
9,Jim Furyk,E
9,Troy Matteson,E
9,Corey Pavin,E
9,John Senden,E
9,D.J. Trahan,E
9,Brett Wetterich,E
18,Rory Sabbatini,+.111
19,Aaron Baddeley,+.125
19,Tim Herron,+.125
21,Davis Love III,+.143
21,John Rollins,+.143
23,J.J. Henry,+.222
23,Rod Pampling,+.222
25,Eric Axley,+.250
25,Ben Curtis,+.250
25,J.B. Holmes,+.250
25,Dean Wilson,+.250
29,Adam Scott,+.286
30,Luke Donald,+.333
30,Jeff Maggert,+.333
32,Will MacKenzie,+.500
33,Geoff Ogilvy,+1.333
