rank,player,%,Total Birdies,Total Holes
1,Chris Couch,33.33,1,3
1,Troy Matteson,33.33,2,6
3,Will MacKenzie,28.57,2,7
4,Jeff Maggert,25.00,1,4
5,Chad Campbell,20.00,1,5
5,Geoff Ogilvy,20.00,1,5
5,David Toms,20.00,1,5
5,Brett Wetterich,20.00,1,5
9,Joe Durant,16.67,1,6
9,J.J. Henry,16.67,1,6
11,Davis Love III,14.29,1,7
12,Aaron Baddeley,12.50,1,8
13,J.B. Holmes,11.11,1,9
14,Carl Pettersson,10.00,1,10
15,Dean Wilson,7.69,1,13
16,Stephen Ames,.00,0,1
16,Stuart Appleby,.00,0,4
16,Eric Axley,.00,0,10
16,K.J. Choi,.00,0,5
16,Ben Curtis,.00,0,4
16,Luke Donald,.00,0,3
16,Jim Furyk,.00,0,2
16,Tim Herron,.00,0,3
16,Trevor Immelman,.00,0,4
16,Rod Pampling,.00,0,6
16,Corey Pavin,.00,0,6
16,John Rollins,.00,0,5
16,Adam Scott,.00,0,4
16,John Senden,.00,0,7
16,Vijay Singh,.00,0,10
16,D.J. Trahan,.00,0,12
16,Kirk Triplett,.00,0,2
