rank,player,Avg RTP
1,Will MacKenzie,-.750
2,Rory Sabbatini,-.667
2,Adam Scott,-.667
4,Aaron Baddeley,-.600
4,Trevor Immelman,-.600
6,Luke Donald,-.500
6,Jim Furyk,-.500
6,J.B. Holmes,-.500
6,John Senden,-.500
6,Vijay Singh,-.500
6,David Toms,-.500
12,Troy Matteson,-.400
12,Rod Pampling,-.400
14,Stuart Appleby,-.333
14,Davis Love III,-.333
14,Geoff Ogilvy,-.333
14,Dean Wilson,-.333
18,Carl Pettersson,-.250
19,Tim Herron,-.200
19,John Rollins,-.200
21,Joe Durant,-.167
22,Eric Axley,E
22,K.J. Choi,E
22,Chris Couch,E
22,J.J. Henry,E
22,Corey Pavin,E
22,D.J. Trahan,E
22,Kirk Triplett,E
22,Brett Wetterich,E
30,Stephen Ames,+.200
31,Ben Curtis,+.250
31,Jeff Maggert,+.250
33,Chad Campbell,+1.000
