rank,player,%,Total Birdies,Total Holes
1,Stephen Ames,50.00,2,4
1,David Toms,50.00,3,6
3,Trevor Immelman,33.33,2,6
4,Chad Campbell,28.57,2,7
5,Stuart Appleby,25.00,2,8
5,Eric Axley,25.00,1,4
5,Chris Couch,25.00,2,8
5,Vijay Singh,25.00,2,8
5,Kirk Triplett,25.00,1,4
10,Luke Donald,16.67,1,6
11,Carl Pettersson,14.29,1,7
12,Aaron Baddeley,12.50,1,8
12,K.J. Choi,12.50,1,8
12,Troy Matteson,12.50,1,8
12,Corey Pavin,12.50,1,8
16,Brett Wetterich,11.11,1,9
17,Ben Curtis,.00,0,4
17,Joe Durant,.00,0,3
17,Jim Furyk,.00,0,3
17,J.J. Henry,.00,0,9
17,Tim Herron,.00,0,8
17,J.B. Holmes,.00,0,4
17,Davis Love III,.00,0,7
17,Will MacKenzie,.00,0,9
17,Jeff Maggert,.00,0,7
17,Geoff Ogilvy,.00,0,4
17,Rod Pampling,.00,0,9
17,John Rollins,.00,0,7
17,Rory Sabbatini,.00,0,9
17,Adam Scott,.00,0,8
17,John Senden,.00,0,6
17,D.J. Trahan,.00,0,4
17,Dean Wilson,.00,0,4
