rank,player,%,Total Birdies,Total Holes
1,Trevor Immelman,28.57,2,7
2,Geoff Ogilvy,27.27,3,11
3,Luke Donald,25.00,2,8
4,Jim Furyk,20.00,2,10
4,Vijay Singh,20.00,2,10
6,J.B. Holmes,14.29,1,7
7,Tim Herron,12.50,1,8
7,Davis Love III,12.50,1,8
9,Stephen Ames,10.00,1,10
9,David Toms,10.00,1,10
11,Troy Matteson,9.09,1,11
11,Kirk Triplett,9.09,1,11
13,Corey Pavin,6.67,1,15
14,Stuart Appleby,.00,0,9
14,Eric Axley,.00,0,9
14,Aaron Baddeley,.00,0,10
14,Chad Campbell,.00,0,9
14,K.J. Choi,.00,0,10
14,Chris Couch,.00,0,10
14,Ben Curtis,.00,0,12
14,Joe Durant,.00,0,7
14,J.J. Henry,.00,0,10
14,Will MacKenzie,.00,0,10
14,Jeff Maggert,.00,0,5
14,Rod Pampling,.00,0,7
14,Carl Pettersson,.00,0,7
14,John Rollins,.00,0,9
14,Rory Sabbatini,.00,0,9
14,Adam Scott,.00,0,7
14,John Senden,.00,0,5
14,D.J. Trahan,.00,0,8
14,Brett Wetterich,.00,0,9
14,Dean Wilson,.00,0,9
