rank,player,%,Total Birdies,Total Holes
1,Geoff Ogilvy,35.71,5,14
2,Chris Couch,33.33,3,9
2,Rory Sabbatini,33.33,1,3
2,Brett Wetterich,33.33,5,15
5,K.J. Choi,25.00,2,8
6,J.J. Henry,23.08,3,13
6,Troy Matteson,23.08,3,13
8,Stephen Ames,22.22,2,9
9,Jim Furyk,20.00,1,5
10,Davis Love III,18.18,2,11
10,David Toms,18.18,2,11
12,Will MacKenzie,17.65,3,17
13,Joe Durant,16.67,2,12
14,Jeff Maggert,14.29,1,7
15,Chad Campbell,11.11,1,9
15,Corey Pavin,11.11,1,9
17,Stuart Appleby,9.09,1,11
18,Tim Herron,8.33,1,12
18,Rod Pampling,8.33,1,12
20,Carl Pettersson,7.69,1,13
21,J.B. Holmes,6.25,1,16
22,Vijay Singh,5.88,1,17
22,Dean Wilson,5.88,1,17
24,Aaron Baddeley,5.56,1,18
25,Eric Axley,.00,0,15
25,Ben Curtis,.00,0,12
25,Luke Donald,.00,0,5
25,Trevor Immelman,.00,0,6
25,John Rollins,.00,0,10
25,Adam Scott,.00,0,11
25,John Senden,.00,0,11
25,D.J. Trahan,.00,0,17
25,Kirk Triplett,.00,0,7
