rank,player,Avg RTP
1,Chris Couch,-.333
1,Troy Matteson,-.333
3,Will MacKenzie,-.286
4,Davis Love III,-.143
5,Stephen Ames,E
5,Joe Durant,E
5,Jim Furyk,E
5,J.J. Henry,E
5,Trevor Immelman,E
5,Jeff Maggert,E
5,Carl Pettersson,E
5,Adam Scott,E
5,Brett Wetterich,E
14,Vijay Singh,+.100
15,Aaron Baddeley,+.125
16,Dean Wilson,+.154
17,Chad Campbell,+.200
17,K.J. Choi,+.200
17,Geoff Ogilvy,+.200
17,David Toms,+.200
21,J.B. Holmes,+.222
22,Stuart Appleby,+.250
23,Eric Axley,+.300
24,Luke Donald,+.333
24,Tim Herron,+.333
24,Rod Pampling,+.333
24,Corey Pavin,+.333
28,John Rollins,+.400
29,John Senden,+.429
30,Ben Curtis,+.500
30,D.J. Trahan,+.500
30,Kirk Triplett,+.500
