rank,player,Avg RTP
1,Chris Couch,-1.000
1,Jeff Maggert,-1.000
1,Geoff Ogilvy,-1.000
1,Adam Scott,-1.000
1,David Toms,-1.000
6,Tim Herron,-.800
7,Davis Love III,-.714
8,Eric Axley,-.667
9,Stuart Appleby,-.625
10,K.J. Choi,-.500
10,Luke Donald,-.500
10,John Rollins,-.500
10,Rory Sabbatini,-.500
10,John Senden,-.500
10,Brett Wetterich,-.500
16,J.B. Holmes,-.429
16,Carl Pettersson,-.429
18,Joe Durant,-.400
19,Stephen Ames,-.333
19,Aaron Baddeley,-.333
19,Chad Campbell,-.333
19,Will MacKenzie,-.333
19,Rod Pampling,-.333
19,D.J. Trahan,-.333
19,Kirk Triplett,-.333
26,J.J. Henry,-.250
26,Trevor Immelman,-.250
26,Troy Matteson,-.250
29,Vijay Singh,E
29,Dean Wilson,E
