rank,player,Avg RTP
1,Rory Sabbatini,-1.000
2,Stephen Ames,-.500
3,Troy Matteson,-.400
4,Stuart Appleby,-.333
4,Joe Durant,-.333
4,Carl Pettersson,-.333
7,J.J. Henry,-.250
7,Tim Herron,-.250
9,Luke Donald,E
9,Jim Furyk,E
9,Trevor Immelman,E
9,Geoff Ogilvy,E
9,Adam Scott,E
9,Vijay Singh,E
9,D.J. Trahan,E
9,Brett Wetterich,E
17,Eric Axley,+.167
17,Chris Couch,+.167
17,Will MacKenzie,+.167
20,Aaron Baddeley,+.250
20,J.B. Holmes,+.250
20,Davis Love III,+.250
23,Rod Pampling,+.333
23,David Toms,+.333
23,Dean Wilson,+.333
26,Chad Campbell,+.500
26,Ben Curtis,+.500
26,John Rollins,+.500
26,John Senden,+.500
