rank,player,Avg RTP
1,J.J. Henry,-1.000
1,Carl Pettersson,-1.000
1,Vijay Singh,-1.000
4,Trevor Immelman,-.750
4,D.J. Trahan,-.750
6,Joe Durant,-.667
6,Will MacKenzie,-.667
6,Rod Pampling,-.667
6,John Rollins,-.667
6,David Toms,-.667
6,Dean Wilson,-.667
12,Aaron Baddeley,-.500
12,K.J. Choi,-.500
12,Jeff Maggert,-.500
12,Corey Pavin,-.500
12,Rory Sabbatini,-.500
12,Adam Scott,-.500
18,Eric Axley,-.400
19,Chad Campbell,-.333
19,Chris Couch,-.333
19,John Senden,-.333
22,Jim Furyk,-.250
23,Stephen Ames,E
23,Stuart Appleby,E
23,Ben Curtis,E
23,Luke Donald,E
23,Tim Herron,E
23,Davis Love III,E
23,Troy Matteson,E
23,Brett Wetterich,E
