rank,player,Avg RTP
1,Rory Sabbatini,-1.000
2,Stephen Ames,-.333
2,J.J. Henry,-.333
2,Rod Pampling,-.333
5,Troy Matteson,-.286
6,Davis Love III,-.143
7,Joe Durant,-.111
8,Stuart Appleby,E
8,K.J. Choi,E
8,Jim Furyk,E
8,Tim Herron,E
8,Jeff Maggert,E
8,Geoff Ogilvy,E
8,Carl Pettersson,E
8,Adam Scott,E
8,Vijay Singh,E
8,David Toms,E
8,Kirk Triplett,E
8,Brett Wetterich,E
20,Aaron Baddeley,+.167
21,Chris Couch,+.200
22,Eric Axley,+.222
23,Will MacKenzie,+.250
24,J.B. Holmes,+.375
25,John Senden,+.400
26,Chad Campbell,+.500
26,Luke Donald,+.500
26,Dean Wilson,+.500
29,Ben Curtis,+.571
30,Trevor Immelman,+.667
30,John Rollins,+.667
32,D.J. Trahan,+.750
