rank,player,%,Total Birdies,Total Holes
1,K.J. Choi,66.67,2,3
2,Geoff Ogilvy,44.44,4,9
3,Brett Wetterich,40.00,4,10
4,Chris Couch,33.33,2,6
4,Jim Furyk,33.33,1,3
4,Corey Pavin,33.33,1,3
4,Rory Sabbatini,33.33,1,3
8,J.J. Henry,28.57,2,7
9,Stephen Ames,25.00,2,8
9,Davis Love III,25.00,1,4
11,Joe Durant,16.67,1,6
11,Rod Pampling,16.67,1,6
11,David Toms,16.67,1,6
14,Stuart Appleby,14.29,1,7
14,Troy Matteson,14.29,1,7
14,Vijay Singh,14.29,1,7
17,Tim Herron,11.11,1,9
18,Will MacKenzie,10.00,1,10
19,Eric Axley,.00,0,5
19,Aaron Baddeley,.00,0,10
19,Chad Campbell,.00,0,4
19,Ben Curtis,.00,0,8
19,Luke Donald,.00,0,2
19,J.B. Holmes,.00,0,7
19,Trevor Immelman,.00,0,2
19,Jeff Maggert,.00,0,3
19,Carl Pettersson,.00,0,3
19,John Rollins,.00,0,5
19,Adam Scott,.00,0,7
19,John Senden,.00,0,4
19,D.J. Trahan,.00,0,5
19,Kirk Triplett,.00,0,5
19,Dean Wilson,.00,0,4
