rank,player,%,Total Birdies,Total Holes
1,Rory Sabbatini,40.00,2,5
2,Brett Wetterich,33.33,2,6
3,J.J. Henry,30.00,3,10
3,Troy Matteson,30.00,3,10
5,J.B. Holmes,28.57,2,7
6,Will MacKenzie,25.00,1,4
7,Rod Pampling,16.67,2,12
8,Stephen Ames,14.29,1,7
8,Aaron Baddeley,14.29,1,7
10,David Toms,11.11,1,9
11,Chad Campbell,10.00,1,10
11,Joe Durant,10.00,1,10
11,Corey Pavin,10.00,1,10
11,Adam Scott,10.00,1,10
15,Stuart Appleby,9.09,1,11
15,Chris Couch,9.09,1,11
17,Eric Axley,8.33,1,12
18,Ben Curtis,7.69,1,13
18,Vijay Singh,7.69,1,13
20,Tim Herron,7.14,1,14
21,Jim Furyk,5.88,1,17
22,K.J. Choi,.00,0,11
22,Luke Donald,.00,0,9
22,Trevor Immelman,.00,0,10
22,Davis Love III,.00,0,8
22,Jeff Maggert,.00,0,14
22,Geoff Ogilvy,.00,0,9
22,Carl Pettersson,.00,0,11
22,John Rollins,.00,0,9
22,John Senden,.00,0,8
22,D.J. Trahan,.00,0,13
22,Kirk Triplett,.00,0,12
22,Dean Wilson,.00,0,12
