rank,player,Avg RTP
1,Vijay Singh,-.231
2,Davis Love III,-.185
2,Adam Scott,-.185
4,Will MacKenzie,-.176
5,Trevor Immelman,-.159
6,J.B. Holmes,-.143
7,David Toms,-.117
8,Stephen Ames,-.115
8,Kirk Triplett,-.115
10,K.J. Choi,-.109
10,Luke Donald,-.109
12,Stuart Appleby,-.102
13,Rory Sabbatini,-.097
14,J.J. Henry,-.093
15,Troy Matteson,-.071
16,Rod Pampling,-.054
16,John Senden,-.054
18,Chris Couch,-.053
19,Joe Durant,-.051
20,Tim Herron,-.038
21,D.J. Trahan,-.020
22,Aaron Baddeley,-.019
22,John Rollins,-.019
24,Jim Furyk,-.015
25,Carl Pettersson,E
26,Eric Axley,+.019
26,Geoff Ogilvy,+.019
28,Dean Wilson,+.057
29,Brett Wetterich,+.059
30,Corey Pavin,+.083
31,Chad Campbell,+.119
32,Jeff Maggert,+.125
33,Ben Curtis,+.164
