rank,player,Avg RTP
1,Davis Love III,-.333
2,Will MacKenzie,-.308
3,Kirk Triplett,-.280
4,Eric Axley,-.273
5,J.B. Holmes,-.250
6,K.J. Choi,-.214
7,Stephen Ames,-.208
8,Vijay Singh,-.182
8,D.J. Trahan,-.182
10,Trevor Immelman,-.167
11,J.J. Henry,-.154
12,Ben Curtis,-.118
13,David Toms,-.100
14,Rory Sabbatini,-.095
15,Joe Durant,-.063
16,Luke Donald,-.048
16,Corey Pavin,-.048
18,John Senden,-.045
19,Stuart Appleby,E
19,Chris Couch,E
19,Tim Herron,E
19,Jeff Maggert,E
19,Troy Matteson,E
19,John Rollins,E
19,Adam Scott,E
26,Jim Furyk,+.056
27,Geoff Ogilvy,+.067
28,Dean Wilson,+.125
29,Aaron Baddeley,+.133
29,Rod Pampling,+.133
31,Carl Pettersson,+.214
31,Brett Wetterich,+.214
33,Chad Campbell,+.318
