rank,player,Avg RTP
1,Will MacKenzie,-.333
2,J.J. Henry,-.250
3,Stephen Ames,E
3,Stuart Appleby,E
3,Eric Axley,E
3,Luke Donald,E
3,J.B. Holmes,E
3,Trevor Immelman,E
3,Davis Love III,E
3,Troy Matteson,E
3,Geoff Ogilvy,E
3,Corey Pavin,E
3,Carl Pettersson,E
3,Adam Scott,E
3,D.J. Trahan,E
16,Vijay Singh,+.200
16,Dean Wilson,+.200
18,Rod Pampling,+.250
19,Aaron Baddeley,+.333
19,John Rollins,+.333
21,Chad Campbell,+.500
21,K.J. Choi,+.500
21,Joe Durant,+.500
21,Jeff Maggert,+.500
21,David Toms,+.500
21,Kirk Triplett,+.500
27,John Senden,+1.000
