rank,player,Avg RTP
1,Luke Donald,-.167
1,Trevor Immelman,-.167
3,Geoff Ogilvy,-.125
3,Kirk Triplett,-.125
5,Jim Furyk,-.100
6,Tim Herron,E
6,Will MacKenzie,E
6,Troy Matteson,E
6,John Senden,E
6,D.J. Trahan,E
11,Vijay Singh,+.111
11,David Toms,+.111
13,Davis Love III,+.143
13,Rory Sabbatini,+.143
13,Adam Scott,+.143
16,J.J. Henry,+.167
17,Carl Pettersson,+.200
18,Chris Couch,+.222
19,Rod Pampling,+.250
20,Chad Campbell,+.286
21,K.J. Choi,+.300
22,Aaron Baddeley,+.333
22,Joe Durant,+.333
22,J.B. Holmes,+.333
22,Corey Pavin,+.333
22,John Rollins,+.333
27,Stephen Ames,+.400
27,Jeff Maggert,+.400
27,Brett Wetterich,+.400
30,Stuart Appleby,+.429
30,Eric Axley,+.429
32,Ben Curtis,+.500
33,Dean Wilson,+.600
