rank,player,Avg RTP
1,Carl Pettersson,-1.000
1,Rory Sabbatini,-1.000
3,J.J. Henry,-.500
3,Troy Matteson,-.500
5,Stuart Appleby,E
5,Aaron Baddeley,E
5,Chris Couch,E
5,Luke Donald,E
5,Joe Durant,E
5,Jim Furyk,E
5,Tim Herron,E
5,J.B. Holmes,E
5,Trevor Immelman,E
5,Davis Love III,E
5,Will MacKenzie,E
5,Rod Pampling,E
5,Adam Scott,E
5,Vijay Singh,E
5,Brett Wetterich,E
20,Chad Campbell,+.500
20,David Toms,+.500
20,Dean Wilson,+.500
23,Eric Axley,+1.000
23,Ben Curtis,+1.000
23,John Senden,+1.000
