rank,player,Avg RTP
1,Aaron Baddeley,-1.000
1,J.B. Holmes,-1.000
3,Kirk Triplett,-.714
4,K.J. Choi,-.667
4,Davis Love III,-.667
4,John Senden,-.667
7,Trevor Immelman,-.600
8,Stephen Ames,-.500
8,Eric Axley,-.500
8,J.J. Henry,-.500
8,Adam Scott,-.500
8,Vijay Singh,-.500
13,Luke Donald,-.400
13,Corey Pavin,-.400
15,Will MacKenzie,-.333
15,Carl Pettersson,-.333
15,John Rollins,-.333
18,Ben Curtis,-.250
18,Troy Matteson,-.250
20,David Toms,-.222
21,Jeff Maggert,-.200
22,Rory Sabbatini,-.167
23,Stuart Appleby,E
23,Chad Campbell,E
23,Joe Durant,E
23,Tim Herron,E
23,D.J. Trahan,E
23,Brett Wetterich,E
23,Dean Wilson,E
30,Rod Pampling,+.167
31,Jim Furyk,+.200
32,Chris Couch,+.500
32,Geoff Ogilvy,+.500
