rank,player,Avg RTP
1,Aaron Baddeley,-.250
2,J.B. Holmes,-.200
3,J.J. Henry,-.167
3,Adam Scott,-.167
5,Rod Pampling,-.143
6,Vijay Singh,-.125
7,Troy Matteson,-.111
8,Stephen Ames,E
8,Stuart Appleby,E
8,Chad Campbell,E
8,Chris Couch,E
8,Ben Curtis,E
8,Joe Durant,E
8,Tim Herron,E
8,Trevor Immelman,E
8,Davis Love III,E
8,John Rollins,E
8,John Senden,E
8,David Toms,E
8,Brett Wetterich,E
21,Luke Donald,+.143
21,Dean Wilson,+.143
23,K.J. Choi,+.167
24,Jim Furyk,+.176
25,Geoff Ogilvy,+.250
26,Corey Pavin,+.286
27,Eric Axley,+.300
28,Jeff Maggert,+.333
28,Kirk Triplett,+.333
30,D.J. Trahan,+.375
31,Rory Sabbatini,+.400
32,Carl Pettersson,+.600
33,Will MacKenzie,+1.000
