rank,player,%,Total Birdies,Total Holes
1,Davis Love III,30.43,7,23
2,Kirk Triplett,28.57,8,28
3,Stephen Ames,28.13,9,32
4,Luke Donald,26.92,7,26
4,J.B. Holmes,26.92,7,26
6,K.J. Choi,26.32,5,19
7,Trevor Immelman,26.09,6,23
8,Will MacKenzie,25.93,7,27
9,J.J. Henry,25.00,5,20
10,Joe Durant,24.14,7,29
10,David Toms,24.14,7,29
12,Corey Pavin,22.73,5,22
13,Rory Sabbatini,21.74,5,23
14,Eric Axley,20.00,4,20
15,Stuart Appleby,18.18,4,22
15,Aaron Baddeley,18.18,4,22
15,Geoff Ogilvy,18.18,4,22
18,Chris Couch,17.39,4,23
19,Troy Matteson,16.67,4,24
19,Adam Scott,16.67,3,18
21,John Senden,16.13,5,31
22,Jim Furyk,13.64,3,22
22,Carl Pettersson,13.64,3,22
24,Rod Pampling,13.04,3,23
24,John Rollins,13.04,3,23
24,D.J. Trahan,13.04,3,23
27,Jeff Maggert,12.50,3,24
28,Ben Curtis,12.00,3,25
29,Dean Wilson,11.11,3,27
30,Tim Herron,10.53,2,19
31,Vijay Singh,10.00,2,20
32,Brett Wetterich,8.33,2,24
33,Chad Campbell,6.90,2,29
