rank,player,Avg RTP
1,Davis Love III,-.500
1,Will MacKenzie,-.500
1,Adam Scott,-.500
4,Jeff Maggert,-.400
4,David Toms,-.400
6,J.J. Henry,-.333
7,Luke Donald,-.286
8,Stephen Ames,-.250
8,Eric Axley,-.250
10,Jim Furyk,-.143
11,J.B. Holmes,-.125
12,Kirk Triplett,-.111
13,Stuart Appleby,E
13,K.J. Choi,E
13,Chris Couch,E
13,Ben Curtis,E
13,Joe Durant,E
13,Trevor Immelman,E
13,Troy Matteson,E
13,Geoff Ogilvy,E
13,Rod Pampling,E
13,John Rollins,E
13,Rory Sabbatini,E
13,Vijay Singh,E
25,Corey Pavin,+.125
26,Dean Wilson,+.222
27,Tim Herron,+.250
27,John Senden,+.250
29,Chad Campbell,+.286
29,Brett Wetterich,+.286
31,D.J. Trahan,+.333
32,Aaron Baddeley,+.500
32,Carl Pettersson,+.500
