rank,player,Avg RTP
1,K.J. Choi,-.333
1,Corey Pavin,-.333
3,Stephen Ames,-.250
4,Brett Wetterich,-.200
5,Chris Couch,-.167
6,Stuart Appleby,-.143
6,J.J. Henry,-.143
6,Vijay Singh,-.143
9,Tim Herron,-.111
9,Geoff Ogilvy,-.111
11,Eric Axley,E
11,Luke Donald,E
11,Joe Durant,E
11,Davis Love III,E
11,Rod Pampling,E
11,Carl Pettersson,E
11,David Toms,E
18,Troy Matteson,+.143
18,Adam Scott,+.143
20,Aaron Baddeley,+.200
20,Will MacKenzie,+.200
20,John Rollins,+.200
23,John Senden,+.250
24,J.B. Holmes,+.286
25,Jim Furyk,+.333
25,Jeff Maggert,+.333
25,Rory Sabbatini,+.333
28,Ben Curtis,+.500
29,D.J. Trahan,+.600
30,Chad Campbell,+.750
31,Kirk Triplett,+.800
32,Trevor Immelman,+1.000
33,Dean Wilson,+1.250
