rank,player,Avg,Total Distance (feet),# of Attempts,Relative to par
1,D.A. Points,"3' 8""",3.667,1,-1
2,Austin Cook,"5' 11""",5.917,1,-1
3,Hudson Swafford,"18' 7""",18.583,1,E
4,Justin Thomas,"20' 3""",40.500,2,-1
5,Si Woo Kim,"31' 11""",31.917,1,E
6,Patrick Cantlay,"37' 8""",75.250,2,+1
7,Chris Stroud,"39' 7""",79.083,2,E
8,Hideki Matsuyama,"42' 0""",84.000,2,E
9,Grayson Murray,"43' 11""",87.833,2,+1
10,Billy Horschel,"48' 1""",48.083,1,E
11,Brian Harman,"53' 0""",53.000,1,E
12,Cameron Smith,"54' 4""",54.333,1,E
12,Brendan Steele,"54' 4""",108.667,2,-1
14,Brooks Koepka,"67' 4""",202.083,3,E
15,Jhonattan Vegas,"70' 7""",141.167,2,-1
16,Rickie Fowler,"72' 9""",72.750,1,-1
