rank,player,Avg,Total Distance (feet),# of Attempts,Relative to par
1,Jonas Blixt,"18' 4""",146.833,8,-2
2,Pat Perez,"21' 11""",109.417,5,-1
3,Hideki Matsuyama,"22' 3""",111.417,5,-1
4,Brendan Steele,"23' 4""",163.417,7,E
5,Billy Horschel,"24' 3""",121.083,5,-1
6,Russell Henley,"24' 4""",170.417,7,-1
7,Justin Thomas,"25' 1""",200.417,8,+1
8,Brooks Koepka,"25' 4""",177.500,7,E
9,Austin Cook,"25' 10""",206.583,8,+1
10,Patrick Cantlay,"26' 4""",184.583,7,-1
11,Jordan Spieth,"27' 2""",190.000,7,E
12,Marc Leishman,"27' 9""",277.500,10,+2
13,Cameron Smith,"30' 1""",361.167,12,-2
14,Patton Kizzire,"30' 2""",181.083,6,-1
15,Wesley Bryan,"31' 3""",93.833,3,+3
16,Dustin Johnson,"31' 8""",253.500,8,-1
17,Rickie Fowler,"32' 0""",96.000,3,E
18,Adam Hadwin,"32' 11""",197.583,6,+3
19,Brian Harman,"33' 5""",234.167,7,E
20,Chris Stroud,"33' 11""",271.167,8,-1
21,Kyle Stanley,"35' 6""",177.667,5,E
22,Jason Dufner,"35' 8""",321.250,9,+2
23,Ryan Armour,"35' 11""",143.500,4,+1
24,Grayson Murray,"36' 3""",362.667,10,+1
25,Jhonattan Vegas,"36' 11""",184.750,5,E
26,Kevin Chappell,"37' 10""",226.917,6,E
27,Bryson DeChambeau,"38' 2""",190.833,5,+1
27,Si Woo Kim,"38' 2""",191.000,5,+1
29,D.A. Points,"39' 1""",351.750,9,E
30,Kevin Kisner,"39' 10""",199.083,5,+2
31,Jon Rahm,"40' 7""",284.083,7,+2
32,Xander Schauffele,"43' 3""",172.917,4,+3
33,Hudson Swafford,"44' 3""",132.667,3,E
34,Daniel Berger,"48' 0""",144.000,3,-1
