rank,player,Avg,Total Distance (feet),# of Attempts,Relative to par
1,Patton Kizzire,"6' 8""",6.667,1,-1
2,Si Woo Kim,"11' 1""",11.083,1,E
3,Kyle Stanley,"12' 3""",12.250,1,E
4,Austin Cook,"16' 2""",16.167,1,-1
5,Jordan Spieth,"17' 11""",35.750,2,-2
6,Jason Dufner,"22' 4""",67.083,3,-1
7,Billy Horschel,"25' 11""",103.583,4,E
8,Dustin Johnson,"29' 6""",59.000,2,E
9,Chris Stroud,"33' 2""",33.167,1,E
10,Hideki Matsuyama,"37' 1""",185.500,5,E
11,Adam Hadwin,"37' 5""",74.750,2,+1
12,Marc Leishman,"40' 0""",80.000,2,-1
13,Kevin Chappell,"41' 5""",41.417,1,E
14,Wesley Bryan,"42' 11""",85.750,2,+1
15,Kevin Kisner,"45' 10""",45.833,1,E
16,Grayson Murray,"46' 0""",46.000,1,E
17,Pat Perez,"46' 5""",92.750,2,E
17,Jon Rahm,"46' 5""",92.833,2,E
19,Cameron Smith,"47' 5""",94.833,2,E
20,Brian Harman,"48' 7""",48.583,1,E
21,D.A. Points,"49' 8""",49.667,1,E
22,Xander Schauffele,"50' 3""",301.417,6,+3
23,Ryan Armour,"51' 8""",103.333,2,+1
24,Justin Thomas,"55' 7""",55.583,1,E
25,Daniel Berger,"56' 5""",112.750,2,+1
26,Brooks Koepka,"57' 2""",228.667,4,+2
27,Jhonattan Vegas,"61' 1""",183.333,3,+2
28,Hudson Swafford,"61' 6""",61.500,1,+1
29,Jonas Blixt,"62' 2""",248.667,4,+2
30,Patrick Cantlay,"66' 11""",200.667,3,+1
31,Russell Henley,"69' 3""",138.417,2,+2
32,Rickie Fowler,"70' 4""",70.333,1,E
33,Brendan Steele,"76' 1""",152.083,2,+1
34,Bryson DeChambeau,"131' 11""",263.833,2,+2
