rank,player,Avg,Total Distance (feet),# of Attempts,Relative to par
1,Adam Hadwin,"10' 4""",10.333,1,E
2,Hideki Matsuyama,"31' 4""",31.333,1,E
3,Xander Schauffele,"69' 7""",69.583,1,-1
4,Jordan Spieth,"71' 7""",71.583,1,-2
5,Rickie Fowler,"74' 2""",74.167,1,-1
6,Kyle Stanley,"76' 9""",76.750,1,E
7,Brian Harman,"78' 5""",78.417,1,-1
8,Jhonattan Vegas,"88' 5""",176.833,2,E
9,Wesley Bryan,"89' 5""",178.750,2,-1
10,Si Woo Kim,"95' 4""",95.333,1,-1
11,Hudson Swafford,"110' 6""",110.500,1,E
12,Jonas Blixt,"120' 6""",120.500,1,E
13,D.A. Points,"139' 8""",139.667,1,E
