rank,player,Avg,Total Distance (feet),# of Attempts,Relative to par
1,Ryan Armour,"18' 5""",18.417,1,E
2,Brendan Steele,"18' 10""",37.667,2,E
3,Cameron Smith,"21' 7""",43.083,2,E
4,Austin Cook,"25' 0""",99.833,4,E
5,Dustin Johnson,"26' 5""",52.833,2,E
6,Jordan Spieth,"28' 1""",84.333,3,E
7,Kevin Chappell,"30' 10""",123.417,4,+1
8,Wesley Bryan,"33' 9""",168.583,5,+3
9,Marc Leishman,"34' 8""",138.750,4,+1
10,Russell Henley,"35' 2""",140.500,4,+1
11,Rickie Fowler,"35' 4""",35.333,1,E
12,Grayson Murray,"36' 8""",73.250,2,E
12,Pat Perez,"36' 8""",109.917,3,E
14,Si Woo Kim,"38' 6""",115.417,3,+1
15,Daniel Berger,"40' 5""",121.167,3,E
16,Brian Harman,"43' 6""",130.417,3,E
17,Jhonattan Vegas,"47' 4""",94.667,2,E
18,Patton Kizzire,"48' 7""",194.250,4,+2
19,Jonas Blixt,"48' 9""",194.917,4,+1
20,Bryson DeChambeau,"50' 5""",50.417,1,E
21,Xander Schauffele,"51' 2""",204.667,4,+1
22,Adam Hadwin,"52' 1""",52.083,1,+1
23,D.A. Points,"53' 4""",160.000,3,-1
24,Billy Horschel,"53' 7""",160.667,3,E
25,Jon Rahm,"53' 9""",161.333,3,+2
26,Justin Thomas,"55' 5""",166.333,3,+1
27,Chris Stroud,"55' 7""",166.833,3,+1
28,Hudson Swafford,"58' 10""",176.417,3,+1
29,Jason Dufner,"59' 5""",59.417,1,E
30,Kyle Stanley,"60' 2""",240.500,4,+3
31,Hideki Matsuyama,"64' 7""",258.417,4,+1
32,Kevin Kisner,"65' 8""",328.333,5,+1
33,Brooks Koepka,"67' 2""",335.833,5,+6
34,Patrick Cantlay,"82' 3""",164.417,2,+1
