rank,player,Avg,Attempts,Total Distance (feet),Relative to par
1,Austin Cook,"22' 7""",6,135.583,-1.00
2,Cameron Smith,"27' 11""",9,251.417,-1.00
3,Dustin Johnson,"28' 9""",6,172.583,-2.00
4,Billy Horschel,"29' 5""",11,323.833,-1.00
5,Xander Schauffele,"30' 3""",6,181.583,+2.00
6,Brendan Steele,"32' 11""",9,295.917,+1.00
7,Grayson Murray,"34' 2""",8,273.417,+1.00
8,Chris Stroud,"34' 7""",8,276.917,-1.00
9,Jason Dufner,"36' 11""",8,295.000,+2.00
10,Rickie Fowler,"37' 1""",1,37.083,E
11,Russell Henley,"37' 6""",5,187.583,-1.00
12,Pat Perez,"37' 9""",6,226.250,-1.00
13,Adam Hadwin,"38' 1""",6,228.500,+4.00
14,Patton Kizzire,"38' 2""",4,152.667,E
15,Si Woo Kim,"38' 4""",8,306.583,E
16,Justin Thomas,"38' 10""",8,310.750,+1.00
17,Marc Leishman,"40' 6""",6,243.167,+2.00
18,Hideki Matsuyama,"41' 1""",8,328.417,E
19,Ryan Armour,"41' 10""",3,125.417,+1.00
20,Kevin Chappell,"42' 4""",4,169.417,E
21,Patrick Cantlay,"43' 10""",8,350.333,+1.00
22,Kyle Stanley,"44' 0""",5,220.000,E
23,Bryson DeChambeau,"45' 1""",3,135.250,+1.00
23,Brian Harman,"45' 1""",7,315.500,E
25,Jordan Spieth,"45' 6""",7,318.583,-6.00
26,Kevin Kisner,"47' 3""",4,188.917,+2.00
27,Jon Rahm,"48' 9""",5,243.917,E
28,Wesley Bryan,"49' 2""",5,246.000,+3.00
29,Brooks Koepka,"50' 9""",10,507.833,+6.00
30,Jhonattan Vegas,"50' 11""",6,305.417,+1.00
31,D.A. Points,"52' 11""",5,264.500,+1.00
32,Hudson Swafford,"61' 8""",7,431.750,+2.00
33,Jonas Blixt,"66' 6""",5,332.667,-1.00
34,Daniel Berger,"69' 0""",3,207.083,+1.00
