rank,player,Avg,Total Distance (feet),# of Attempts,Relative to par
1,Dustin Johnson,"0""",0,1,-2
2,Kyle Stanley,"6' 1""",6.083,1,-1
3,Pat Perez,"7' 11""",15.833,2,-1
4,Si Woo Kim,"8' 2""",8.167,1,E
5,Jonas Blixt,"8' 11""",26.833,3,-3
6,Billy Horschel,"11' 1""",11.083,1,E
7,Russell Henley,"11' 7""",23.083,2,E
8,Marc Leishman,"15' 8""",94.167,6,E
9,Patrick Cantlay,"15' 11""",15.917,1,E
10,Jordan Spieth,"17' 7""",17.583,1,E
11,Ryan Armour,"17' 11""",53.667,3,E
12,Kevin Chappell,"18' 1""",36.167,2,-1
12,Bryson DeChambeau,"18' 1""",36.083,2,E
14,Chris Stroud,"18' 10""",56.417,3,+1
15,Brendan Steele,"19' 0""",95.000,5,-1
16,Austin Cook,"20' 11""",62.750,3,E
17,Xander Schauffele,"21' 7""",43.083,2,+2
18,Brooks Koepka,"22' 10""",22.833,1,E
19,Justin Thomas,"23' 8""",23.667,1,E
20,Jason Dufner,"25' 3""",100.917,4,-1
21,Jhonattan Vegas,"26' 6""",26.500,1,E
22,Wesley Bryan,"27' 4""",27.333,1,+1
23,Kevin Kisner,"27' 9""",83.250,3,E
24,Adam Hadwin,"27' 11""",83.750,3,+2
25,Daniel Berger,"28' 6""",28.500,1,E
26,Patton Kizzire,"31' 5""",62.833,2,E
27,Brian Harman,"32' 2""",96.583,3,E
28,Grayson Murray,"32' 8""",32.667,1,+2
29,Rickie Fowler,"37' 1""",37.083,1,E
30,Jon Rahm,"39' 3""",39.250,1,E
31,Cameron Smith,"40' 10""",163.417,4,-1
32,Hudson Swafford,"41' 4""",41.333,1,E
