rank,player,Avg,Attempts,Total Distance (feet),Relative to par
1,Austin Cook,"24' 1""",8,192.917,E
2,Adam Hadwin,"26' 7""",4,106.250,+1.00
3,Jordan Spieth,"28' 7""",10,285.667,E
4,Jason Dufner,"30' 7""",5,152.750,-1.00
5,Kevin Chappell,"31' 9""",7,222.333,+1.00
6,Dustin Johnson,"32' 2""",6,192.750,+1.00
7,Russell Henley,"32' 9""",8,261.750,+3.00
8,Hudson Swafford,"34' 0""",2,67.917,E
9,Cameron Smith,"34' 1""",9,307.000,-1.00
10,Daniel Berger,"34' 2""",5,170.833,-1.00
11,Pat Perez,"34' 5""",6,206.333,E
12,Marc Leishman,"34' 10""",11,383.417,-1.00
13,Ryan Armour,"35' 8""",5,178.417,+1.00
14,Billy Horschel,"36' 0""",5,180.000,E
15,Justin Thomas,"36' 2""",9,325.583,-1.00
16,Jonas Blixt,"37' 2""",13,482.917,+2.00
17,Brian Harman,"38' 2""",6,229.083,-1.00
18,Chris Stroud,"38' 3""",8,306.250,+2.00
19,Hideki Matsuyama,"40' 2""",10,402.000,E
20,Wesley Bryan,"41' 6""",9,373.750,+3.00
20,Brendan Steele,"41' 6""",4,165.917,-1.00
22,Jon Rahm,"41' 11""",9,377.333,+3.00
23,Patton Kizzire,"42' 7""",8,340.667,E
24,D.A. Points,"44' 0""",10,440.250,-3.00
25,Si Woo Kim,"46' 7""",6,279.583,E
26,Grayson Murray,"46' 10""",8,374.833,+1.00
27,Patrick Cantlay,"50' 3""",9,452.500,+1.00
27,Kyle Stanley,"50' 3""",8,401.750,+2.00
29,Rickie Fowler,"50' 10""",7,355.750,-2.00
30,Brooks Koepka,"57' 7""",12,691.000,+3.00
31,Jhonattan Vegas,"58' 1""",9,522.417,E
32,Kevin Kisner,"59' 2""",8,473.250,+2.00
33,Xander Schauffele,"59' 9""",10,597.250,+4.00
34,Bryson DeChambeau,"66' 5""",8,531.250,+3.00
