rank,player,Avg,Total Distance (feet),# of Attempts,Relative to par
1,Patton Kizzire,"3' 1""",3.083,1,-1
2,Brooks Koepka,"12' 11""",38.833,3,E
3,Patrick Cantlay,"19' 5""",77.583,4,-1
4,Justin Thomas,"20' 1""",40.083,2,+1
5,Hideki Matsuyama,"22' 1""",66.250,3,-1
6,Austin Cook,"22' 8""",68.000,3,+1
7,Jonas Blixt,"23' 7""",70.833,3,+1
8,Cameron Smith,"24' 5""",170.833,7,-1
9,Jhonattan Vegas,"28' 3""",56.500,2,-1
10,D.A. Points,"28' 8""",172.000,6,E
11,Rickie Fowler,"29' 6""",58.917,2,E
12,Russell Henley,"30' 11""",123.583,4,-1
13,Brendan Steele,"31' 11""",31.917,1,E
14,Jordan Spieth,"34' 6""",138.000,4,E
15,Pat Perez,"34' 8""",69.333,2,E
16,Billy Horschel,"34' 11""",104.667,3,E
17,Kevin Chappell,"36' 0""",108.000,3,+1
18,Kevin Kisner,"38' 7""",38.583,1,E
19,Dustin Johnson,"38' 10""",232.917,6,+1
20,Jon Rahm,"40' 0""",200.167,5,+2
21,Bryson DeChambeau,"40' 2""",40.167,1,E
22,Brian Harman,"40' 9""",122.167,3,E
23,Grayson Murray,"43' 5""",217.000,5,E
24,Hudson Swafford,"45' 8""",91.333,2,E
25,Jason Dufner,"47' 7""",190.250,4,+3
26,Wesley Bryan,"48' 0""",48.000,1,+1
27,Adam Hadwin,"50' 6""",100.917,2,+1
28,Chris Stroud,"52' 10""",158.500,3,-1
29,Marc Leishman,"53' 6""",160.500,3,+1
30,Si Woo Kim,"55' 6""",166.583,3,+1
31,Daniel Berger,"57' 9""",115.500,2,-1
32,Kyle Stanley,"67' 5""",134.833,2,+1
