rank,player,Avg,Total Distance (feet),# of Attempts,Relative to par
1,Austin Cook,"21' 1""",189.917,9,-1
2,Cameron Smith,"30' 3""",363.083,12,-1
3,Kevin Chappell,"34' 1""",272.833,8,+2
4,Dustin Johnson,"34' 6""",344.750,10,+1
5,Billy Horschel,"37' 11""",417.000,11,E
6,Jordan Spieth,"38' 2""",496.167,13,-6
7,Jason Dufner,"39' 7""",316.750,8,+2
8,Adam Hadwin,"39' 8""",238.083,6,+3
9,Russell Henley,"40' 3""",402.500,10,+2
10,Ryan Armour,"40' 7""",121.750,3,+1
11,Hideki Matsuyama,"42' 10""",685.250,16,E
12,Justin Thomas,"43' 3""",476.000,11,E
13,D.A. Points,"43' 9""",525.000,12,-2
14,Patton Kizzire,"45' 1""",315.333,7,E
15,Grayson Murray,"45' 8""",502.583,11,+1
16,Pat Perez,"45' 11""",367.583,8,E
17,Wesley Bryan,"46' 7""",512.583,11,+4
18,Brendan Steele,"47' 2""",330.333,7,E
19,Jon Rahm,"47' 4""",520.333,11,+3
20,Brian Harman,"48' 1""",432.583,9,-1
21,Chris Stroud,"48' 7""",437.583,9,E
22,Patrick Cantlay,"48' 9""",633.667,13,+2
23,Daniel Berger,"49' 11""",349.417,7,E
24,Si Woo Kim,"50' 8""",506.667,10,+1
25,Marc Leishman,"51' 0""",509.583,10,E
26,Rickie Fowler,"51' 11""",311.500,6,-2
27,Xander Schauffele,"52' 4""",575.667,11,+3
28,Jonas Blixt,"56' 11""",739.583,13,+4
29,Hudson Swafford,"57' 4""",458.333,8,+2
30,Brooks Koepka,"58' 11""","1,060.167",18,+9
31,Jhonattan Vegas,"59' 4""",652.500,11,E
32,Kevin Kisner,"62' 9""",501.667,8,+2
33,Kyle Stanley,"63' 9""",573.500,9,+3
34,Bryson DeChambeau,"78' 0""",467.833,6,+3
