rank,player,%,Greens Hit,Total Holes,Relative to par
1,Daniel Berger,100.00,5,5,E
1,Wesley Bryan,100.00,4,4,-0.75
1,Brian Harman,100.00,4,4,-0.50
1,Russell Henley,100.00,5,5,E
1,Billy Horschel,100.00,4,4,-0.50
1,Marc Leishman,100.00,2,2,E
1,Jordan Spieth,100.00,7,7,-0.29
1,Chris Stroud,100.00,7,7,-0.43
1,Justin Thomas,100.00,12,12,-0.25
10,Kevin Kisner,87.50,7,8,-0.57
11,Cameron Smith,85.71,6,7,-0.50
11,Hudson Swafford,85.71,6,7,E
13,Jonas Blixt,83.33,5,6,-0.20
13,Bryson DeChambeau,83.33,5,6,-0.20
13,Jon Rahm,83.33,5,6,-0.20
16,Si Woo Kim,80.00,4,5,-0.25
16,Brooks Koepka,80.00,4,5,E
18,Adam Hadwin,75.00,3,4,-0.33
18,Pat Perez,75.00,6,8,-0.33
20,Jason Dufner,71.43,5,7,-0.60
20,Kyle Stanley,71.43,5,7,+0.20
22,Kevin Chappell,66.67,4,6,-0.25
22,Dustin Johnson,66.67,4,6,-0.25
22,Xander Schauffele,66.67,2,3,+0.50
25,Austin Cook,62.50,5,8,-0.20
26,Patrick Cantlay,60.00,3,5,-0.33
26,Patton Kizzire,60.00,6,10,-0.17
26,Hideki Matsuyama,60.00,3,5,E
29,Ryan Armour,55.56,5,9,E
29,Grayson Murray,55.56,5,9,+0.20
29,D.A. Points,55.56,5,9,E
32,Brendan Steele,50.00,1,2,+1.00
32,Jhonattan Vegas,50.00,3,6,E
34,Rickie Fowler,.00,0,2,E
