rank,player,%,Greens Hit,Total Holes,Relative to par
1,Kevin Kisner,96.15,25,26,-0.56
2,Wesley Bryan,94.74,18,19,-0.67
3,Justin Thomas,94.44,34,36,-0.53
4,Hudson Swafford,93.55,29,31,-0.38
5,Russell Henley,93.33,28,30,-0.50
6,Billy Horschel,93.10,27,29,-0.48
6,Cameron Smith,93.10,27,29,-0.59
8,Jason Dufner,92.31,24,26,-0.46
9,Dustin Johnson,92.11,35,38,-0.77
10,Bryson DeChambeau,90.91,30,33,-0.47
11,Marc Leishman,90.63,29,32,-0.31
12,Jordan Spieth,90.32,28,31,-0.43
13,Brian Harman,90.00,27,30,-0.59
14,Daniel Berger,89.66,26,29,-0.58
15,Si Woo Kim,89.29,25,28,-0.52
16,Jon Rahm,89.19,33,37,-0.67
17,Pat Perez,88.89,24,27,-0.54
18,Rickie Fowler,87.50,21,24,-0.57
18,Hideki Matsuyama,87.50,28,32,-0.54
18,Brendan Steele,87.50,28,32,-0.39
21,Jhonattan Vegas,87.10,27,31,-0.70
22,Kyle Stanley,86.67,26,30,-0.35
23,Jonas Blixt,86.21,25,29,-0.56
24,Patrick Cantlay,84.85,28,33,-0.57
25,Brooks Koepka,83.87,26,31,-0.19
26,Chris Stroud,83.33,25,30,-0.52
27,Grayson Murray,81.82,27,33,-0.37
28,Kevin Chappell,80.00,28,35,-0.39
28,Austin Cook,80.00,24,30,-0.54
30,Patton Kizzire,79.41,27,34,-0.48
31,Adam Hadwin,79.17,19,24,-0.32
32,Xander Schauffele,78.13,25,32,-0.44
33,D.A. Points,77.27,17,22,-0.24
34,Ryan Armour,76.92,20,26,-0.20
