rank,player,%,Greens Hit,# of holes
1,Brendan Steele,88.89,16,18
2,Rickie Fowler,84.62,11,13
3,Pat Perez,83.33,10,12
4,Billy Horschel,80.95,17,21
4,Dustin Johnson,80.95,17,21
4,Kyle Stanley,80.95,17,21
7,Kevin Chappell,78.95,15,19
8,Si Woo Kim,77.78,14,18
9,Ryan Armour,75.00,9,12
9,Austin Cook,75.00,15,20
11,Cameron Smith,73.91,17,23
12,Justin Thomas,70.83,17,24
13,Patton Kizzire,70.00,14,20
13,Hideki Matsuyama,70.00,21,30
15,Brian Harman,68.75,11,16
16,Russell Henley,68.42,13,19
17,Marc Leishman,68.18,15,22
18,Bryson DeChambeau,66.67,12,18
18,Jason Dufner,66.67,10,15
18,Jordan Spieth,66.67,14,21
21,Patrick Cantlay,64.00,16,25
22,Hudson Swafford,63.16,12,19
23,Jhonattan Vegas,58.33,14,24
24,Daniel Berger,57.14,8,14
25,D.A. Points,55.00,11,20
26,Jon Rahm,54.17,13,24
27,Xander Schauffele,53.57,15,28
28,Grayson Murray,51.72,15,29
29,Chris Stroud,50.00,12,24
30,Adam Hadwin,47.06,8,17
31,Brooks Koepka,45.16,14,31
32,Kevin Kisner,43.75,7,16
33,Jonas Blixt,43.48,10,23
34,Wesley Bryan,34.78,8,23
