rank,player,%,Greens Hit,# of Holes
1,Jordan Spieth,94.87,37,39
2,Jon Rahm,94.44,34,36
3,Hideki Matsuyama,93.33,28,30
4,Wesley Bryan,89.19,33,37
5,Daniel Berger,89.13,41,46
6,Brian Harman,88.64,39,44
7,Patrick Cantlay,88.57,31,35
8,Hudson Swafford,87.80,36,41
9,Cameron Smith,86.49,32,37
10,Brooks Koepka,86.21,25,29
11,Jhonattan Vegas,86.11,31,36
12,Billy Horschel,84.62,33,39
13,Marc Leishman,84.21,32,38
14,Grayson Murray,83.87,26,31
15,Pat Perez,83.33,40,48
16,Russell Henley,82.93,34,41
17,Jason Dufner,82.22,37,45
18,Dustin Johnson,82.05,32,39
19,Kevin Kisner,81.82,36,44
20,Adam Hadwin,81.40,35,43
21,Ryan Armour,81.25,39,48
22,Bryson DeChambeau,80.95,34,42
23,Rickie Fowler,80.85,38,47
24,Chris Stroud,80.56,29,36
24,Justin Thomas,80.56,29,36
26,Patton Kizzire,80.00,32,40
27,Kevin Chappell,78.05,32,41
28,Austin Cook,77.50,31,40
29,Kyle Stanley,76.92,30,39
30,Si Woo Kim,76.19,32,42
30,Brendan Steele,76.19,32,42
32,D.A. Points,75.00,30,40
33,Jonas Blixt,72.97,27,37
34,Xander Schauffele,65.63,21,32
