rank,player,%,Greens Hit,# Holes,Relative/Par
1,Patrick Cantlay,100.0,1,1,E
1,Rickie Fowler,100.0,1,1,E
1,Billy Horschel,100.0,2,2,-1.00
1,Marc Leishman,100.0,1,1,E
1,D.A. Points,100.0,1,1,E
1,Xander Schauffele,100.0,1,1,E
1,Jordan Spieth,100.0,1,1,E
1,Kyle Stanley,100.0,1,1,E
9,Patton Kizzire,50.0,1,2,-1.00
9,Brooks Koepka,50.0,1,2,+1.00
9,Hideki Matsuyama,50.0,1,2,E
9,Grayson Murray,50.0,1,2,E
13,Austin Cook,40.0,2,5,+1.00
14,Ryan Armour,33.3,1,3,E
14,Russell Henley,33.3,1,3,-1.00
16,Chris Stroud,25.0,1,4,+1.00
17,Wesley Bryan,20.0,1,5,E
18,Daniel Berger,.0,0,1,E
18,Jason Dufner,.0,0,1,E
18,Kevin Kisner,.0,0,1,E
18,Jhonattan Vegas,.0,0,1,E
