rank,player,%,Greens Hit,Total Holes,Relative to par
1,Austin Cook,100.00,9,9,+0.22
1,Jordan Spieth,100.00,10,10,E
3,Ryan Armour,91.67,11,12,-0.27
4,Jhonattan Vegas,87.50,7,8,-0.14
5,Cameron Smith,85.71,6,7,E
6,Jason Dufner,83.33,5,6,-0.20
7,Kevin Chappell,80.00,8,10,-0.13
7,Billy Horschel,80.00,8,10,E
9,Daniel Berger,72.73,8,11,E
9,Brian Harman,72.73,8,11,+0.25
11,Grayson Murray,71.43,5,7,-0.40
12,Bryson DeChambeau,70.00,7,10,+0.29
12,Rickie Fowler,70.00,7,10,-0.14
14,Russell Henley,66.67,6,9,E
14,Chris Stroud,66.67,8,12,-0.25
16,Wesley Bryan,64.29,9,14,E
17,Patton Kizzire,63.64,7,11,+0.29
18,Pat Perez,60.00,6,10,E
18,D.A. Points,60.00,6,10,+0.33
18,Brendan Steele,60.00,6,10,E
18,Hudson Swafford,60.00,6,10,E
22,Hideki Matsuyama,58.33,7,12,E
23,Adam Hadwin,55.56,5,9,-0.20
23,Si Woo Kim,55.56,5,9,+0.20
23,Kyle Stanley,55.56,5,9,+0.20
26,Jonas Blixt,50.00,5,10,E
26,Patrick Cantlay,50.00,5,10,-0.20
26,Brooks Koepka,50.00,4,8,E
26,Justin Thomas,50.00,4,8,E
30,Kevin Kisner,45.45,5,11,-0.20
31,Dustin Johnson,42.86,3,7,E
32,Xander Schauffele,36.36,4,11,E
33,Marc Leishman,33.33,3,9,-0.33
34,Jon Rahm,28.57,2,7,+0.50
