rank,player,%,Greens Hit,Total Holes,Relative to par
1,Ryan Armour,100.00,10,10,-0.40
1,Patrick Cantlay,100.00,10,10,E
1,Billy Horschel,100.00,7,7,-0.14
4,Brian Harman,90.00,9,10,E
4,Pat Perez,90.00,9,10,-0.22
6,Hideki Matsuyama,87.50,7,8,-0.29
7,Rickie Fowler,85.71,12,14,-0.08
8,Wesley Bryan,83.33,5,6,-0.40
8,Patton Kizzire,83.33,5,6,-0.20
10,Kevin Chappell,80.00,8,10,+0.25
10,Bryson DeChambeau,80.00,8,10,-0.38
12,Austin Cook,75.00,9,12,-0.11
12,Dustin Johnson,75.00,9,12,E
12,Chris Stroud,75.00,6,8,-0.17
15,Daniel Berger,72.73,8,11,-0.25
16,Justin Thomas,71.43,5,7,+0.20
17,Kevin Kisner,70.00,7,10,-0.43
17,Jordan Spieth,70.00,7,10,-0.29
17,Kyle Stanley,70.00,7,10,E
20,Brooks Koepka,66.67,6,9,E
20,Marc Leishman,66.67,8,12,-0.13
20,Grayson Murray,66.67,8,12,E
20,Cameron Smith,66.67,10,15,-0.10
20,Brendan Steele,66.67,6,9,-0.17
25,D.A. Points,64.29,9,14,-0.22
26,Jason Dufner,63.64,7,11,-0.29
26,Jhonattan Vegas,63.64,7,11,-0.29
28,Adam Hadwin,60.00,6,10,-0.33
28,Russell Henley,60.00,9,15,-0.33
28,Si Woo Kim,60.00,9,15,E
31,Jon Rahm,58.33,7,12,+0.14
32,Xander Schauffele,57.14,4,7,-0.25
33,Jonas Blixt,50.00,3,6,E
33,Hudson Swafford,50.00,5,10,-0.20
