rank,player,%,Greens Hit,Total Holes,Relative to par
1,Marc Leishman,88.89,8,9,-0.50
2,Hudson Swafford,87.50,7,8,E
3,Jon Rahm,83.33,5,6,E
4,Cameron Smith,80.00,4,5,+0.25
5,Austin Cook,75.00,6,8,E
5,Brian Harman,75.00,6,8,-0.17
7,Adam Hadwin,72.73,8,11,-0.13
8,Daniel Berger,71.43,5,7,E
8,Grayson Murray,71.43,5,7,E
10,Jason Dufner,70.00,7,10,E
11,Kyle Stanley,66.67,4,6,E
12,Justin Thomas,63.64,7,11,-0.29
13,Patrick Cantlay,62.50,5,8,E
13,Xander Schauffele,62.50,5,8,E
15,Rickie Fowler,57.14,4,7,-0.25
15,Jhonattan Vegas,57.14,4,7,E
17,Jonas Blixt,50.00,4,8,-0.25
17,Kevin Chappell,50.00,3,6,E
17,Dustin Johnson,50.00,3,6,E
17,Si Woo Kim,50.00,3,6,-0.67
17,Hideki Matsuyama,50.00,3,6,-0.33
17,D.A. Points,50.00,4,8,E
23,Ryan Armour,44.44,4,9,-0.25
23,Pat Perez,44.44,4,9,-1.00
23,Jordan Spieth,44.44,4,9,E
23,Chris Stroud,44.44,4,9,-0.25
27,Billy Horschel,42.86,3,7,+0.33
28,Russell Henley,40.00,2,5,-0.50
28,Patton Kizzire,40.00,2,5,E
28,Brendan Steele,40.00,4,10,E
31,Bryson DeChambeau,33.33,3,9,E
31,Kevin Kisner,33.33,3,9,-0.33
33,Wesley Bryan,30.00,3,10,-0.33
34,Brooks Koepka,12.50,1,8,E
