rank,player,%,Total Hit,Total Attempts,RTP Score
1,Billy Horschel,88.89,64,72,-21.00
1,Dustin Johnson,88.89,64,72,-35.00
1,Marc Leishman,88.89,64,72,-21.00
1,Jordan Spieth,88.89,64,72,-21.00
5,Brian Harman,87.50,63,72,-20.00
5,Patton Kizzire,87.50,63,72,-24.00
5,Hideki Matsuyama,87.50,63,72,-23.00
8,Pat Perez,86.11,62,72,-25.00
8,Cameron Smith,86.11,62,72,-20.00
8,Hudson Swafford,86.11,62,72,-16.00
8,Jhonattan Vegas,86.11,62,72,-27.00
12,Daniel Berger,84.72,61,72,-22.00
12,Austin Cook,84.72,61,72,-15.00
12,Jason Dufner,84.72,61,72,-19.00
12,Jon Rahm,84.72,61,72,-27.00
16,Patrick Cantlay,83.33,60,72,-25.00
16,Rickie Fowler,83.33,60,72,-20.00
16,Russell Henley,83.33,60,72,-23.00
19,Bryson DeChambeau,81.94,59,72,-22.00
19,Si Woo Kim,81.94,59,72,-19.00
19,Kyle Stanley,81.94,59,72,-13.00
22,Ryan Armour,80.56,58,72,-16.00
22,Brendan Steele,80.56,58,72,-19.00
22,Justin Thomas,80.56,58,72,-21.00
25,Kevin Kisner,79.17,57,72,-26.00
26,Adam Hadwin,77.78,56,72,-13.00
27,Kevin Chappell,76.39,55,72,-16.00
27,Grayson Murray,76.39,55,72,-16.00
29,Wesley Bryan,72.22,52,72,-20.00
29,Chris Stroud,72.22,52,72,-20.00
31,D.A. Points,69.44,50,72,-5.00
32,Jonas Blixt,68.06,49,72,-18.00
33,Brooks Koepka,66.67,48,72,-8.00
33,Xander Schauffele,66.67,48,72,-16.00
