rank,player,%,Greens Hit,Total Holes,Relative to par
1,Austin Cook,80.49,33,41,-0.03
2,Brian Harman,78.05,32,41,-0.03
3,Jordan Spieth,77.50,31,40,-0.16
4,Rickie Fowler,76.60,36,47,-0.17
5,Ryan Armour,76.09,35,46,-0.29
6,Daniel Berger,73.81,31,42,-0.10
7,Billy Horschel,71.43,30,42,-0.10
8,Pat Perez,71.11,32,45,-0.25
9,Cameron Smith,70.73,29,41,+0.03
9,Kyle Stanley,70.73,29,41,-0.03
11,D.A. Points,70.21,33,47,-0.03
12,Hideki Matsuyama,70.00,28,40,-0.18
12,Hudson Swafford,70.00,28,40,E
14,Jason Dufner,68.89,31,45,-0.19
15,Patton Kizzire,68.42,26,38,-0.08
16,Marc Leishman,67.50,27,40,-0.33
17,Si Woo Kim,67.44,29,43,-0.10
18,Grayson Murray,66.67,24,36,-0.13
19,Adam Hadwin,65.22,30,46,-0.13
20,Kevin Chappell,64.86,24,37,-0.08
21,Justin Thomas,63.64,21,33,E
22,Jhonattan Vegas,63.41,26,41,-0.08
23,Dustin Johnson,61.76,21,34,-0.10
24,Patrick Cantlay,61.54,24,39,-0.04
25,Bryson DeChambeau,60.53,23,38,-0.09
26,Wesley Bryan,60.00,30,50,-0.20
26,Jon Rahm,60.00,21,35,+0.10
28,Russell Henley,59.52,25,42,-0.16
29,Brendan Steele,56.41,22,39,-0.05
30,Kevin Kisner,55.56,25,45,-0.24
31,Chris Stroud,54.76,23,42,-0.22
32,Jonas Blixt,48.72,19,39,-0.11
33,Brooks Koepka,48.65,18,37,E
34,Xander Schauffele,45.00,18,40,-0.11
