rank,player,%,Greens Hit,Total Holes,Relative to par
1,Jason Dufner,100.00,19,19,-0.42
1,Kevin Kisner,100.00,18,18,-0.56
3,Dustin Johnson,96.88,31,32,-0.84
4,Jhonattan Vegas,96.00,24,25,-0.79
5,Hudson Swafford,95.83,23,24,-0.48
6,Rickie Fowler,95.45,21,22,-0.57
6,Cameron Smith,95.45,21,22,-0.62
8,Pat Perez,94.74,18,19,-0.61
9,Wesley Bryan,93.33,14,15,-0.64
10,Bryson DeChambeau,92.59,25,27,-0.52
10,Hideki Matsuyama,92.59,25,27,-0.60
12,D.A. Points,92.31,12,13,-0.33
13,Russell Henley,92.00,23,25,-0.61
13,Billy Horschel,92.00,23,25,-0.48
15,Grayson Murray,91.67,22,24,-0.50
15,Justin Thomas,91.67,22,24,-0.68
17,Si Woo Kim,91.30,21,23,-0.57
17,Kyle Stanley,91.30,21,23,-0.48
19,Jon Rahm,90.32,28,31,-0.75
20,Marc Leishman,90.00,27,30,-0.33
20,Brendan Steele,90.00,27,30,-0.44
22,Patrick Cantlay,89.29,25,28,-0.60
23,Brian Harman,88.46,23,26,-0.61
24,Ryan Armour,88.24,15,17,-0.27
25,Daniel Berger,87.50,21,24,-0.71
25,Patton Kizzire,87.50,21,24,-0.57
25,Jordan Spieth,87.50,21,24,-0.48
28,Jonas Blixt,86.96,20,23,-0.65
29,Austin Cook,86.36,19,22,-0.63
30,Brooks Koepka,84.62,22,26,-0.23
31,Kevin Chappell,82.76,24,29,-0.42
32,Adam Hadwin,80.00,16,20,-0.31
33,Xander Schauffele,79.31,23,29,-0.52
34,Chris Stroud,78.26,18,23,-0.56
