rank,player,%,Greens Hit,Total Holes,Relative to par
1,Billy Horschel,94.44,34,36,-0.41
2,Wesley Bryan,92.00,23,25,-0.61
3,Justin Thomas,90.70,39,43,-0.44
4,Brian Harman,90.00,36,40,-0.44
5,Pat Perez,89.19,33,37,-0.45
6,Kevin Kisner,88.89,32,36,-0.53
7,Patrick Cantlay,88.37,38,43,-0.42
7,Bryson DeChambeau,88.37,38,43,-0.45
9,Dustin Johnson,88.00,44,50,-0.61
10,Hideki Matsuyama,87.50,35,40,-0.49
11,Rickie Fowler,86.84,33,38,-0.39
12,Jordan Spieth,85.37,35,41,-0.40
13,Daniel Berger,85.00,34,40,-0.50
14,Marc Leishman,84.09,37,44,-0.27
14,Cameron Smith,84.09,37,44,-0.46
16,Jason Dufner,83.78,31,37,-0.42
17,Ryan Armour,83.33,30,36,-0.27
18,Brendan Steele,82.93,34,41,-0.35
18,Hudson Swafford,82.93,34,41,-0.35
20,Kyle Stanley,82.50,33,40,-0.27
21,Russell Henley,82.22,37,45,-0.46
22,Jon Rahm,81.63,40,49,-0.53
23,Chris Stroud,81.58,31,38,-0.45
24,Jhonattan Vegas,80.95,34,42,-0.62
25,Jonas Blixt,80.00,28,35,-0.50
25,Kevin Chappell,80.00,36,45,-0.25
25,Patton Kizzire,80.00,32,40,-0.44
25,Brooks Koepka,80.00,32,40,-0.16
29,Si Woo Kim,79.07,34,43,-0.38
30,Austin Cook,78.57,33,42,-0.42
31,Grayson Murray,77.78,35,45,-0.29
32,Xander Schauffele,74.36,29,39,-0.41
33,Adam Hadwin,73.53,25,34,-0.32
34,D.A. Points,72.22,26,36,-0.23
