rank,player,%,Greens Hit,Total Holes,Relative to par
1,Austin Cook,100.00,5,5,-0.40
1,Si Woo Kim,100.00,7,7,-0.14
1,D.A. Points,100.00,6,6,-0.17
4,Patton Kizzire,85.71,6,7,-0.17
5,Kyle Stanley,83.33,5,6,E
6,Wesley Bryan,80.00,4,5,-0.25
6,Rickie Fowler,80.00,4,5,-0.25
6,Dustin Johnson,80.00,4,5,-0.50
9,Russell Henley,77.78,7,9,E
10,Pat Perez,75.00,3,4,E
11,Hideki Matsuyama,71.43,5,7,-0.40
11,Jon Rahm,71.43,5,7,E
13,Daniel Berger,66.67,4,6,E
13,Brian Harman,66.67,4,6,-0.25
13,Billy Horschel,66.67,4,6,-0.25
13,Marc Leishman,66.67,4,6,-0.50
13,Jordan Spieth,66.67,2,3,-0.50
18,Jason Dufner,60.00,3,5,-0.33
18,Hudson Swafford,60.00,3,5,E
20,Kevin Kisner,57.14,4,7,-0.25
20,Grayson Murray,57.14,4,7,E
22,Bryson DeChambeau,50.00,2,4,E
22,Xander Schauffele,50.00,2,4,-0.50
22,Justin Thomas,50.00,2,4,+0.50
25,Adam Hadwin,40.00,2,5,E
25,Brooks Koepka,40.00,2,5,-0.50
27,Jonas Blixt,33.33,2,6,E
27,Jhonattan Vegas,33.33,2,6,E
29,Cameron Smith,28.57,2,7,E
30,Kevin Chappell,25.00,1,4,-1.00
30,Brendan Steele,25.00,1,4,-1.00
32,Ryan Armour,20.00,1,5,E
32,Chris Stroud,20.00,1,5,-1.00
34,Patrick Cantlay,.00,0,5,E
