rank,player,%,Total 3 Putts,Attempts,2 Putt or Better %
1,Sangmoon Bae,.00,0,1,100.0
1,Ángel Cabrera,.00,0,3,100.0
1,Tim Clark,.00,0,4,100.0
1,Ben Crane,.00,0,5,100.0
1,Jason Day,.00,0,6,100.0
1,Matt Every,.00,0,4,100.0
1,Brian Harman,.00,0,5,100.0
1,Russell Henley,.00,0,5,100.0
1,Charley Hoffman,.00,0,5,100.0
1,J.B. Holmes,.00,0,5,100.0
1,Zach Johnson,.00,0,5,100.0
1,Matt Jones,.00,0,7,100.0
1,Chris Kirk,.00,0,5,100.0
1,Matt Kuchar,.00,0,7,100.0
1,Ben Martin,.00,0,7,100.0
1,Hideki Matsuyama,.00,0,6,100.0
1,Ryan Moore,.00,0,4,100.0
1,S.Y. Noh,.00,0,3,100.0
1,Geoff Ogilvy,.00,0,8,100.0
1,Patrick Reed,.00,0,4,100.0
1,John Senden,.00,0,2,100.0
1,Scott Stallings,.00,0,8,100.0
1,Robert Streb,.00,0,6,100.0
1,Nick Taylor,.00,0,6,100.0
1,Brendon Todd,.00,0,6,100.0
1,Camilo Villegas,.00,0,4,100.0
1,Jimmy Walker,.00,0,9,100.0
1,Bubba Watson,.00,0,3,100.0
29,Kevin Streelman,7.14,1,14,92.8
30,Chesson Hadley,10.00,1,10,90.0
30,Billy Horschel,10.00,1,10,90.0
32,Steven Bowditch,14.29,1,7,85.7
33,Hunter Mahan,16.67,1,6,83.3
