rank,player,Total 3 putts > 25',Total 3 Putts
1,Billy Horschel,4,5
2,Brian Harman,3,3
2,Geoff Ogilvy,3,3
2,John Senden,3,3
2,Nick Taylor,3,4
2,Camilo Villegas,3,3
7,Sangmoon Bae,2,3
7,Steven Bowditch,2,4
7,Matt Every,2,2
7,Charley Hoffman,2,3
7,J.B. Holmes,2,3
7,Zach Johnson,2,2
7,Matt Jones,2,2
7,Chris Kirk,2,2
7,Ben Martin,2,3
7,Ryan Moore,2,2
7,Scott Stallings,2,2
7,Brendon Todd,2,2
19,Ángel Cabrera,1,1
19,Tim Clark,1,2
19,Ben Crane,1,3
19,Jason Day,1,1
19,Chesson Hadley,1,2
19,Russell Henley,1,1
19,Matt Kuchar,1,1
19,Hunter Mahan,1,2
19,Hideki Matsuyama,1,1
19,S.Y. Noh,1,2
19,Patrick Reed,1,1
19,Robert Streb,1,1
19,Jimmy Walker,1,1
19,Bubba Watson,1,1
