rank,player,%,Total 3 Putts,Attempts,2 Putt or Better %
1,Kevin Streelman,.00,0,13,100.0
2,Ángel Cabrera,3.45,1,29,96.5
3,Hunter Mahan,3.57,1,28,96.4
4,Russell Henley,3.70,1,27,96.3
5,Robert Streb,3.85,1,26,96.1
6,S.Y. Noh,4.35,1,23,95.6
6,Patrick Reed,4.35,1,23,95.6
8,Jimmy Walker,4.76,1,21,95.2
9,Tim Clark,5.26,1,19,94.7
9,Ben Crane,5.26,1,19,94.7
11,Chesson Hadley,5.56,1,18,94.4
12,Jason Day,5.88,1,17,94.1
13,Hideki Matsuyama,6.67,1,15,93.3
14,Bubba Watson,7.14,1,14,92.8
15,Matt Kuchar,7.69,1,13,92.3
16,Scott Stallings,8.00,2,25,92.0
17,Sangmoon Bae,8.70,2,23,91.3
17,Matt Jones,8.70,2,23,91.3
19,Zach Johnson,9.52,2,21,90.4
19,Ben Martin,9.52,2,21,90.4
21,Steven Bowditch,10.00,2,20,90.0
21,Charley Hoffman,10.00,2,20,90.0
23,Ryan Moore,10.53,2,19,89.4
24,Chris Kirk,11.11,2,18,88.8
25,Brendon Todd,11.76,2,17,88.2
26,Geoff Ogilvy,12.00,3,25,88.0
27,Matt Every,12.50,2,16,87.5
27,J.B. Holmes,12.50,2,16,87.5
29,Nick Taylor,13.04,3,23,86.9
30,Brian Harman,15.00,3,20,85.0
31,Camilo Villegas,15.79,3,19,84.2
32,John Senden,16.67,3,18,83.3
33,Billy Horschel,21.05,4,19,78.9
