rank,player,%,Total 3 Putts,Attempts,2 Putt or Better %
1,Sangmoon Bae,.00,0,18,100.0
1,Ángel Cabrera,.00,0,8,100.0
1,Tim Clark,.00,0,17,100.0
1,Ben Crane,.00,0,14,100.0
1,Jason Day,.00,0,15,100.0
1,Matt Every,.00,0,9,100.0
1,Chesson Hadley,.00,0,13,100.0
1,Brian Harman,.00,0,13,100.0
1,Russell Henley,.00,0,7,100.0
1,Charley Hoffman,.00,0,14,100.0
1,J.B. Holmes,.00,0,15,100.0
1,Billy Horschel,.00,0,13,100.0
1,Zach Johnson,.00,0,10,100.0
1,Matt Jones,.00,0,12,100.0
1,Chris Kirk,.00,0,15,100.0
1,Matt Kuchar,.00,0,18,100.0
1,Hunter Mahan,.00,0,11,100.0
1,Hideki Matsuyama,.00,0,16,100.0
1,Ryan Moore,.00,0,14,100.0
1,S.Y. Noh,.00,0,14,100.0
1,Geoff Ogilvy,.00,0,9,100.0
1,Patrick Reed,.00,0,13,100.0
1,John Senden,.00,0,16,100.0
1,Scott Stallings,.00,0,14,100.0
1,Robert Streb,.00,0,10,100.0
1,Kevin Streelman,.00,0,15,100.0
1,Nick Taylor,.00,0,13,100.0
1,Brendon Todd,.00,0,22,100.0
1,Camilo Villegas,.00,0,15,100.0
1,Jimmy Walker,.00,0,15,100.0
1,Bubba Watson,.00,0,17,100.0
32,Steven Bowditch,5.88,1,17,94.1
33,Ben Martin,8.33,1,12,91.6
