rank,player,%,Total 3 Putts,Attempts,2 Putt or Better %
1,Sangmoon Bae,.00,0,14,100.0
1,Steven Bowditch,.00,0,9,100.0
1,Ángel Cabrera,.00,0,6,100.0
1,Ben Crane,.00,0,7,100.0
1,Jason Day,.00,0,10,100.0
1,Matt Every,.00,0,6,100.0
1,Chesson Hadley,.00,0,9,100.0
1,Brian Harman,.00,0,8,100.0
1,Russell Henley,.00,0,8,100.0
1,Charley Hoffman,.00,0,7,100.0
1,Billy Horschel,.00,0,10,100.0
1,Zach Johnson,.00,0,8,100.0
1,Matt Jones,.00,0,7,100.0
1,Chris Kirk,.00,0,5,100.0
1,Matt Kuchar,.00,0,10,100.0
1,Hunter Mahan,.00,0,3,100.0
1,Ben Martin,.00,0,8,100.0
1,Hideki Matsuyama,.00,0,6,100.0
1,Ryan Moore,.00,0,8,100.0
1,Geoff Ogilvy,.00,0,10,100.0
1,Patrick Reed,.00,0,4,100.0
1,John Senden,.00,0,14,100.0
1,Scott Stallings,.00,0,7,100.0
1,Robert Streb,.00,0,9,100.0
1,Kevin Streelman,.00,0,5,100.0
1,Brendon Todd,.00,0,6,100.0
1,Camilo Villegas,.00,0,6,100.0
1,Jimmy Walker,.00,0,8,100.0
1,Bubba Watson,.00,0,15,100.0
30,Tim Clark,10.00,1,10,90.0
31,J.B. Holmes,12.50,1,8,87.5
31,S.Y. Noh,12.50,1,8,87.5
33,Nick Taylor,25.00,1,4,75.0
