rank,player,%,Successes,Attempts
1,Peter Jacobsen,100.00,5,5
1,Vijay Singh,100.00,1,1
3,John Huston,75.00,3,4
4,Davis Love III,71.43,5,7
5,Chad Campbell,66.67,4,6
5,Darren Clarke,66.67,2,3
5,Ben Crane,66.67,6,9
5,Ben Curtis,66.67,2,3
5,Retief Goosen,66.67,2,3
5,Justin Leonard,66.67,2,3
5,Kenny Perry,66.67,2,3
12,J.L. Lewis,60.00,3,5
13,Stuart Appleby,57.14,4,7
14,Jim Furyk,50.00,1,2
14,Scott Hoch,50.00,1,2
14,Frank Lickliter II,50.00,4,8
14,Shaun Micheel,50.00,2,4
14,Rory Sabbatini,50.00,1,2
14,Adam Scott,50.00,2,4
14,Kirk Triplett,50.00,1,2
21,Mike Weir,44.44,4,9
22,Fred Couples,40.00,2,5
22,Jonathan Kaye,40.00,2,5
22,Shigeki Maruyama,40.00,2,5
25,Tommy Armour III,33.33,2,6
25,Ernie Els,33.33,3,9
25,Steve Flesch,33.33,2,6
28,Tiger Woods,28.57,2,7
29,Bob Tway,20.00,1,5
30,Craig Stadler,.00,0,6
