rank,player,%,Successes,Attempts
1,Rory Sabbatini,100.00,2,2
2,Darren Clarke,75.00,3,4
3,Jonathan Kaye,66.67,2,3
4,Tommy Armour III,50.00,3,6
4,Chad Campbell,50.00,1,2
4,Steve Flesch,50.00,3,6
4,Retief Goosen,50.00,2,4
4,Peter Jacobsen,50.00,1,2
4,Justin Leonard,50.00,1,2
4,J.L. Lewis,50.00,3,6
4,Frank Lickliter II,50.00,5,10
4,Davis Love III,50.00,2,4
13,Stuart Appleby,33.33,1,3
13,Ben Curtis,33.33,2,6
13,Jim Furyk,33.33,1,3
13,Adam Scott,33.33,1,3
17,Fred Couples,25.00,1,4
17,Ben Crane,25.00,1,4
17,Mike Weir,25.00,1,4
20,Ernie Els,20.00,1,5
20,Shigeki Maruyama,20.00,1,5
20,Tiger Woods,20.00,1,5
23,Craig Stadler,16.67,1,6
24,John Huston,.00,0,3
24,Shaun Micheel,.00,0,1
24,Kenny Perry,.00,0,2
24,Kirk Triplett,.00,0,3
24,Bob Tway,.00,0,4
