rank,player,%,Par or Better,Missed GIR
1,Vijay Singh,100.00,11,11
2,Retief Goosen,78.57,11,14
3,Scott Hoch,77.78,7,9
4,J.L. Lewis,68.75,11,16
5,Stuart Appleby,64.71,11,17
5,Peter Jacobsen,64.71,11,17
7,Justin Leonard,64.29,9,14
7,Rory Sabbatini,64.29,9,14
9,Darren Clarke,61.54,8,13
10,Steve Flesch,60.00,9,15
11,Davis Love III,58.82,10,17
12,Ben Crane,58.33,7,12
12,Kenny Perry,58.33,7,12
14,Tommy Armour III,57.14,12,21
15,Shaun Micheel,55.56,5,9
16,Kirk Triplett,53.33,8,15
17,Chad Campbell,50.00,6,12
17,Jonathan Kaye,50.00,6,12
17,Shigeki Maruyama,50.00,8,16
17,Adam Scott,50.00,7,14
17,Bob Tway,50.00,8,16
17,Mike Weir,50.00,9,18
23,John Huston,47.06,8,17
24,Fred Couples,46.15,6,13
25,Frank Lickliter II,45.00,9,20
26,Jim Furyk,42.86,3,7
27,Ben Curtis,37.50,6,16
28,Craig Stadler,36.36,8,22
29,Ernie Els,25.00,4,16
29,Tiger Woods,25.00,3,12
