rank,player,% Made,Attempts,Putts made
1,Kevin Kisner,94.44,72,68
2,Dustin Johnson,91.89,74,68
3,Patton Kizzire,89.33,75,67
3,Xander Schauffele,89.33,75,67
5,Austin Cook,89.19,74,66
6,Jonas Blixt,89.04,73,65
7,Wesley Bryan,88.89,72,64
8,Daniel Berger,88.46,78,69
8,Brendan Steele,88.46,78,69
10,Pat Perez,88.41,69,61
11,Jhonattan Vegas,88.16,76,67
12,Brian Harman,87.84,74,65
13,D.A. Points,87.34,79,69
14,Billy Horschel,87.18,78,68
15,Ryan Armour,87.01,77,67
16,Marc Leishman,86.84,76,66
17,Jordan Spieth,86.67,75,65
18,Kevin Chappell,86.59,82,71
19,Patrick Cantlay,86.49,74,64
20,Russell Henley,85.71,77,66
21,Adam Hadwin,85.53,76,65
22,Cameron Smith,85.33,75,64
23,Justin Thomas,85.00,80,68
24,Jason Dufner,84.72,72,61
24,Chris Stroud,84.72,72,61
26,Jon Rahm,84.42,77,65
27,Kyle Stanley,84.34,83,70
28,Rickie Fowler,83.78,74,62
29,Grayson Murray,83.54,79,66
30,Hudson Swafford,82.93,82,68
31,Hideki Matsuyama,82.28,79,65
32,Si Woo Kim,81.71,82,67
33,Bryson DeChambeau,81.25,80,65
34,Brooks Koepka,78.16,87,68
