rank,player,% Made,Attempts,Putts made
1,Patrick Cantlay,100.00,4,4
1,Jason Dufner,100.00,3,3
1,Adam Hadwin,100.00,4,4
1,Brian Harman,100.00,3,3
1,Si Woo Kim,100.00,1,1
1,Xander Schauffele,100.00,6,6
1,Brendan Steele,100.00,7,7
1,Jhonattan Vegas,100.00,7,7
9,Dustin Johnson,90.00,10,9
10,Billy Horschel,85.71,7,6
11,Ryan Armour,83.33,6,5
11,Austin Cook,83.33,6,5
11,Bryson DeChambeau,83.33,6,5
11,Kevin Kisner,83.33,6,5
11,Hudson Swafford,83.33,6,5
16,Daniel Berger,80.00,5,4
16,Wesley Bryan,80.00,10,8
16,Kevin Chappell,80.00,5,4
16,Russell Henley,80.00,5,4
16,Pat Perez,80.00,5,4
16,Jon Rahm,80.00,10,8
16,Jordan Spieth,80.00,5,4
16,Chris Stroud,80.00,5,4
16,Justin Thomas,80.00,15,12
25,Patton Kizzire,75.00,4,3
25,D.A. Points,75.00,4,3
27,Rickie Fowler,70.00,10,7
27,Kyle Stanley,70.00,10,7
29,Hideki Matsuyama,66.67,6,4
29,Grayson Murray,66.67,6,4
31,Jonas Blixt,62.50,8,5
32,Brooks Koepka,60.00,5,3
33,Cameron Smith,57.14,7,4
34,Marc Leishman,50.00,2,1
