rank,player,% Made,Attempts,Putts made
1,Dustin Johnson,100.00,2,2
1,Hideki Matsuyama,100.00,1,1
1,Pat Perez,100.00,1,1
1,Cameron Smith,100.00,2,2
5,Ryan Armour,83.33,6,5
6,Rickie Fowler,80.00,5,4
6,D.A. Points,80.00,5,4
8,Jonas Blixt,66.67,6,4
8,Wesley Bryan,66.67,6,4
8,Patrick Cantlay,66.67,3,2
8,Chris Stroud,66.67,3,2
8,Jhonattan Vegas,66.67,3,2
13,Kevin Kisner,60.00,5,3
14,Kevin Chappell,57.14,7,4
15,Daniel Berger,50.00,4,2
15,Jason Dufner,50.00,4,2
15,Brooks Koepka,50.00,8,4
15,Jon Rahm,50.00,2,1
15,Hudson Swafford,50.00,2,1
20,Russell Henley,40.00,5,2
21,Brian Harman,33.33,3,1
21,Grayson Murray,33.33,3,1
21,Kyle Stanley,33.33,3,1
21,Brendan Steele,33.33,3,1
25,Billy Horschel,25.00,4,1
26,Si Woo Kim,16.67,6,1
27,Bryson DeChambeau,.00,3,0
27,Adam Hadwin,.00,3,0
27,Patton Kizzire,.00,1,0
27,Marc Leishman,.00,1,0
27,Justin Thomas,.00,1,0
