rank,player,%,Attempts,Putts made
1,Patrick Cantlay,100.00,56,56
1,Jason Dufner,100.00,54,54
1,Adam Hadwin,100.00,58,58
1,Brian Harman,100.00,54,54
1,Si Woo Kim,100.00,58,58
1,Xander Schauffele,100.00,58,58
1,Brendan Steele,100.00,63,63
8,Hudson Swafford,98.36,61,60
9,Russell Henley,98.31,59,58
9,Billy Horschel,98.31,59,58
11,Austin Cook,98.28,58,57
11,Jhonattan Vegas,98.28,58,57
13,Daniel Berger,98.25,57,56
13,Dustin Johnson,98.25,57,56
15,Patton Kizzire,98.21,56,55
16,Kevin Kisner,98.08,52,51
17,Chris Stroud,98.04,51,50
18,Jordan Spieth,96.88,64,62
19,Bryson DeChambeau,96.72,61,59
20,Jon Rahm,96.61,59,57
21,Kevin Chappell,96.55,58,56
22,Grayson Murray,96.43,56,54
22,Pat Perez,96.43,56,54
24,Wesley Bryan,96.36,55,53
25,D.A. Points,95.08,61,58
26,Cameron Smith,95.00,60,57
27,Marc Leishman,94.44,54,51
28,Justin Thomas,93.85,65,61
29,Brooks Koepka,93.44,61,57
30,Kyle Stanley,93.33,60,56
31,Rickie Fowler,93.10,58,54
32,Hideki Matsuyama,92.86,56,52
33,Jonas Blixt,92.73,55,51
34,Ryan Armour,91.53,59,54
