rank,player,Putts Made
1,Jason Dufner,11.0
1,Pat Perez,11.0
1,Chris Stroud,11.0
4,Rickie Fowler,9.0
5,Patrick Cantlay,8.0
5,Cameron Smith,8.0
7,Wesley Bryan,7.0
7,Adam Hadwin,7.0
9,Jonas Blixt,6.0
9,Austin Cook,6.0
9,Bryson DeChambeau,6.0
9,Brian Harman,6.0
9,Russell Henley,6.0
9,Marc Leishman,6.0
9,Hideki Matsuyama,6.0
9,Jon Rahm,6.0
17,Si Woo Kim,5.0
17,Grayson Murray,5.0
17,Jordan Spieth,5.0
17,Jhonattan Vegas,5.0
21,Ryan Armour,4.0
21,Kevin Kisner,4.0
21,Xander Schauffele,4.0
21,Hudson Swafford,4.0
21,Justin Thomas,4.0
26,Daniel Berger,3.0
26,Billy Horschel,3.0
26,Dustin Johnson,3.0
26,Patton Kizzire,3.0
26,Brooks Koepka,3.0
26,D.A. Points,3.0
32,Kyle Stanley,2.0
32,Brendan Steele,2.0
34,Kevin Chappell,1.0
