rank,player,%,Attempts,Putts made
1,Kevin Kisner,85.00,20,17
2,Jonas Blixt,77.78,18,14
3,Ryan Armour,72.22,18,13
4,Dustin Johnson,70.59,17,12
5,Marc Leishman,68.18,22,15
6,Wesley Bryan,64.71,17,11
7,Patton Kizzire,63.16,19,12
8,Kevin Chappell,62.50,24,15
9,Daniel Berger,61.90,21,13
10,D.A. Points,61.11,18,11
11,Kyle Stanley,60.87,23,14
12,Hideki Matsuyama,56.52,23,13
13,Austin Cook,56.25,16,9
14,Jhonattan Vegas,55.56,18,10
15,Brian Harman,55.00,20,11
16,Pat Perez,53.85,13,7
17,Xander Schauffele,52.94,17,9
18,Billy Horschel,52.63,19,10
19,Chris Stroud,52.38,21,11
20,Grayson Murray,52.17,23,12
21,Rickie Fowler,50.00,16,8
22,Cameron Smith,46.67,15,7
22,Justin Thomas,46.67,15,7
24,Patrick Cantlay,44.44,18,8
24,Russell Henley,44.44,18,8
24,Jon Rahm,44.44,18,8
27,Brooks Koepka,42.31,26,11
28,Brendan Steele,40.00,15,6
29,Jason Dufner,38.89,18,7
29,Adam Hadwin,38.89,18,7
31,Hudson Swafford,38.10,21,8
32,Si Woo Kim,37.50,24,9
33,Bryson DeChambeau,31.58,19,6
34,Jordan Spieth,27.27,11,3
