rank,player,% Made,Attempts,Putts made
1,Kevin Kisner,88.24,17,15
2,Marc Leishman,84.21,19,16
3,Jonas Blixt,78.95,19,15
3,Billy Horschel,78.95,19,15
5,Dustin Johnson,78.26,23,18
6,Daniel Berger,76.47,17,13
7,Wesley Bryan,73.68,19,14
8,Jhonattan Vegas,72.22,18,13
9,Ryan Armour,70.59,17,12
9,Patton Kizzire,70.59,17,12
9,Brendan Steele,70.59,17,12
12,D.A. Points,69.23,13,9
13,Xander Schauffele,68.18,22,15
14,Kyle Stanley,67.86,28,19
15,Adam Hadwin,66.67,15,10
15,Chris Stroud,66.67,18,12
15,Justin Thomas,66.67,27,18
18,Brian Harman,64.29,14,9
19,Jon Rahm,63.64,22,14
20,Kevin Chappell,63.16,19,12
21,Pat Perez,62.50,16,10
22,Austin Cook,61.11,18,11
22,Rickie Fowler,61.11,18,11
24,Russell Henley,60.00,15,9
24,Si Woo Kim,60.00,15,9
24,Grayson Murray,60.00,20,12
27,Hudson Swafford,57.14,21,12
28,Patrick Cantlay,55.56,18,10
29,Bryson DeChambeau,55.00,20,11
30,Jason Dufner,53.85,13,7
30,Hideki Matsuyama,53.85,26,14
32,Cameron Smith,50.00,16,8
33,Brooks Koepka,44.44,18,8
34,Jordan Spieth,41.67,12,5
