rank,player,% Made,Attempts,Putts made
1,Ryan Armour,100.00,1,1
1,Kevin Chappell,100.00,3,3
1,Kevin Kisner,100.00,4,4
1,Hideki Matsuyama,100.00,2,2
5,Austin Cook,75.00,4,3
6,Brian Harman,66.67,6,4
7,Patton Kizzire,60.00,5,3
8,Wesley Bryan,50.00,2,1
8,Dustin Johnson,50.00,2,1
8,Grayson Murray,50.00,6,3
8,Jordan Spieth,50.00,4,2
8,Kyle Stanley,50.00,2,1
8,Justin Thomas,50.00,2,1
8,Jhonattan Vegas,50.00,4,2
15,Daniel Berger,40.00,5,2
15,Brooks Koepka,40.00,5,2
17,Russell Henley,33.33,3,1
18,Jason Dufner,25.00,4,1
18,Adam Hadwin,25.00,4,1
18,D.A. Points,25.00,4,1
18,Jon Rahm,25.00,4,1
18,Cameron Smith,25.00,4,1
23,Chris Stroud,20.00,5,1
24,Jonas Blixt,.00,1,0
24,Patrick Cantlay,.00,1,0
24,Bryson DeChambeau,.00,2,0
24,Rickie Fowler,.00,3,0
24,Billy Horschel,.00,3,0
24,Si Woo Kim,.00,4,0
24,Marc Leishman,.00,4,0
24,Pat Perez,.00,1,0
24,Xander Schauffele,.00,1,0
24,Brendan Steele,.00,2,0
24,Hudson Swafford,.00,4,0
