rank,player,% Made,Attempts,Putts made
1,Jason Dufner,63.64,11,7
2,Chris Stroud,58.33,12,7
3,Rickie Fowler,50.00,8,4
3,Pat Perez,50.00,12,6
5,Jon Rahm,44.44,9,4
6,Wesley Bryan,42.86,7,3
7,Brian Harman,40.00,10,4
7,Si Woo Kim,40.00,10,4
9,Jhonattan Vegas,38.46,13,5
10,Patrick Cantlay,33.33,15,5
10,Adam Hadwin,33.33,12,4
10,Grayson Murray,33.33,12,4
10,Justin Thomas,33.33,9,3
14,Russell Henley,31.25,16,5
15,Bryson DeChambeau,30.00,10,3
15,Marc Leishman,30.00,10,3
17,Hideki Matsuyama,28.57,14,4
18,Cameron Smith,25.00,16,4
19,Brooks Koepka,23.08,13,3
20,Kevin Kisner,22.22,9,2
21,Jonas Blixt,20.00,15,3
21,Austin Cook,20.00,10,2
21,Billy Horschel,20.00,10,2
24,Dustin Johnson,18.18,11,2
25,Ryan Armour,16.67,12,2
25,Kyle Stanley,16.67,6,1
27,D.A. Points,15.38,13,2
28,Daniel Berger,12.50,8,1
29,Jordan Spieth,11.11,9,1
29,Brendan Steele,11.11,9,1
31,Kevin Chappell,10.00,10,1
32,Hudson Swafford,9.09,11,1
33,Patton Kizzire,.00,6,-
33,Xander Schauffele,.00,7,-
