rank,player,% Made,Attempts,Putts made
1,Ryan Armour,100.00,5,5
1,Jonas Blixt,100.00,10,10
1,Kevin Chappell,100.00,2,2
1,Russell Henley,100.00,1,1
1,Dustin Johnson,100.00,3,3
1,Kevin Kisner,100.00,2,2
1,Patton Kizzire,100.00,3,3
1,Marc Leishman,100.00,5,5
9,Chris Stroud,83.33,6,5
10,Grayson Murray,80.00,5,4
11,Billy Horschel,75.00,4,3
11,Jon Rahm,75.00,4,3
13,Rickie Fowler,66.67,3,2
13,Si Woo Kim,66.67,6,4
13,Kyle Stanley,66.67,6,4
13,Justin Thomas,66.67,3,2
17,Austin Cook,60.00,5,3
17,Hideki Matsuyama,60.00,5,3
19,Patrick Cantlay,50.00,4,2
19,D.A. Points,50.00,2,1
19,Xander Schauffele,50.00,4,2
19,Hudson Swafford,50.00,6,3
19,Jhonattan Vegas,50.00,2,1
24,Brian Harman,42.86,7,3
25,Pat Perez,40.00,5,2
26,Adam Hadwin,33.33,3,1
26,Brooks Koepka,33.33,3,1
26,Cameron Smith,33.33,6,2
26,Jordan Spieth,33.33,3,1
30,Jason Dufner,25.00,4,1
30,Brendan Steele,25.00,4,1
32,Daniel Berger,.00,1,0
32,Bryson DeChambeau,.00,1,0
