rank,player,% Made,Attempts,Putts made
1,Patrick Cantlay,100.00,9,9
1,Jason Dufner,100.00,12,12
1,Adam Hadwin,100.00,11,11
1,Brian Harman,100.00,11,11
1,Si Woo Kim,100.00,12,12
1,Xander Schauffele,100.00,16,16
1,Brendan Steele,100.00,15,15
8,Dustin Johnson,95.24,21,20
9,Austin Cook,94.44,18,17
10,Bryson DeChambeau,94.12,17,16
11,Patton Kizzire,93.75,16,15
12,Jhonattan Vegas,93.33,15,14
13,Daniel Berger,92.31,13,12
13,Russell Henley,92.31,13,12
13,Billy Horschel,92.31,13,12
13,Hudson Swafford,92.31,13,12
17,Kevin Kisner,91.67,12,11
17,Jordan Spieth,91.67,12,11
19,Chris Stroud,90.91,11,10
20,Jon Rahm,89.47,19,17
21,Wesley Bryan,85.71,14,12
22,Justin Thomas,85.19,27,23
23,Grayson Murray,84.62,13,11
24,Kevin Chappell,83.33,12,10
24,Pat Perez,83.33,12,10
24,D.A. Points,83.33,12,10
27,Cameron Smith,82.35,17,14
28,Brooks Koepka,80.00,15,12
28,Kyle Stanley,80.00,20,16
30,Rickie Fowler,77.78,18,14
31,Ryan Armour,75.00,12,9
31,Jonas Blixt,75.00,16,12
33,Hideki Matsuyama,69.23,13,9
34,Marc Leishman,66.67,6,4
