rank,player,% Made,Attempts,Putts Made
1,Pat Perez,12.50,24,3
2,Jonas Blixt,11.76,17,2
3,Chris Stroud,10.53,19,2
4,Ryan Armour,10.00,20,2
5,Bryson DeChambeau,9.38,32,3
5,Jason Dufner,9.38,32,3
7,Wesley Bryan,8.70,23,2
7,Hideki Matsuyama,8.70,23,2
9,Xander Schauffele,8.33,24,2
10,Adam Hadwin,7.69,26,2
11,Rickie Fowler,7.41,27,2
12,Daniel Berger,7.14,28,2
12,Kevin Kisner,7.14,28,2
12,Hudson Swafford,7.14,28,2
15,Patton Kizzire,5.71,35,2
16,Russell Henley,4.00,25,1
16,Cameron Smith,4.00,25,1
18,Patrick Cantlay,3.85,26,1
18,Grayson Murray,3.85,26,1
18,D.A. Points,3.85,26,1
18,Jon Rahm,3.85,26,1
18,Jordan Spieth,3.85,26,1
23,Austin Cook,3.70,27,1
23,Brian Harman,3.70,27,1
25,Justin Thomas,3.45,29,1
26,Kevin Chappell,.00,21,-
26,Billy Horschel,.00,29,-
26,Dustin Johnson,.00,23,-
26,Si Woo Kim,.00,17,-
26,Brooks Koepka,.00,25,-
26,Marc Leishman,.00,20,-
26,Kyle Stanley,.00,30,-
26,Brendan Steele,.00,30,-
26,Jhonattan Vegas,.00,24,-
