rank,player,% Made,Attempts,Putts made
1,Chris Stroud,13.33,15,2
2,Hideki Matsuyama,12.50,16,2
3,Pat Perez,11.76,17,2
4,Adam Hadwin,11.11,18,2
5,Xander Schauffele,10.53,19,2
6,Jonas Blixt,9.09,11,1
7,Bryson DeChambeau,8.33,24,2
8,Jason Dufner,8.00,25,2
9,Ryan Armour,6.25,16,1
10,Hudson Swafford,5.88,17,1
11,Russell Henley,5.56,18,1
12,Wesley Bryan,5.26,19,1
12,Justin Thomas,5.26,19,1
14,Grayson Murray,5.00,20,1
14,D.A. Points,5.00,20,1
14,Cameron Smith,5.00,20,1
17,Daniel Berger,4.55,22,1
17,Brian Harman,4.55,22,1
19,Patrick Cantlay,.00,17,-
19,Kevin Chappell,.00,18,-
19,Austin Cook,.00,21,-
19,Rickie Fowler,.00,20,-
19,Billy Horschel,.00,28,-
19,Dustin Johnson,.00,18,-
19,Si Woo Kim,.00,16,-
19,Kevin Kisner,.00,23,-
19,Patton Kizzire,.00,28,-
19,Brooks Koepka,.00,17,-
19,Marc Leishman,.00,17,-
19,Jon Rahm,.00,22,-
19,Jordan Spieth,.00,15,-
19,Kyle Stanley,.00,25,-
19,Brendan Steele,.00,25,-
19,Jhonattan Vegas,.00,19,-
