rank,player,% Made,Attempts,Putts Made
1,Chris Stroud,28.21,39,11
2,Jason Dufner,23.40,47,11
3,Pat Perez,22.92,48,11
4,Rickie Fowler,21.43,42,9
5,Wesley Bryan,17.07,41,7
6,Patrick Cantlay,16.67,48,8
7,Cameron Smith,16.33,49,8
8,Jonas Blixt,15.00,40,6
8,Hideki Matsuyama,15.00,40,6
8,Jon Rahm,15.00,40,6
11,Adam Hadwin,14.89,47,7
12,Si Woo Kim,14.29,35,5
13,Bryson DeChambeau,13.64,44,6
13,Brian Harman,13.64,44,6
13,Russell Henley,13.64,44,6
13,Marc Leishman,13.64,44,6
17,Grayson Murray,11.90,42,5
18,Austin Cook,11.76,51,6
19,Jhonattan Vegas,11.36,44,5
20,Xander Schauffele,10.81,37,4
21,Jordan Spieth,10.42,48,5
22,Ryan Armour,9.30,43,4
23,Kevin Kisner,8.89,45,4
23,Justin Thomas,8.89,45,4
25,Hudson Swafford,8.70,46,4
26,Dustin Johnson,7.89,38,3
27,Brooks Koepka,7.14,42,3
28,Daniel Berger,6.98,43,3
29,Billy Horschel,6.67,45,3
30,D.A. Points,6.52,46,3
31,Patton Kizzire,6.25,48,3
32,Kyle Stanley,4.44,45,2
33,Brendan Steele,4.35,46,2
34,Kevin Chappell,2.70,37,1
