rank,player,Putts Made
1,Bryson DeChambeau,3.0
1,Jason Dufner,3.0
1,Pat Perez,3.0
4,Ryan Armour,2.0
4,Daniel Berger,2.0
4,Jonas Blixt,2.0
4,Wesley Bryan,2.0
4,Rickie Fowler,2.0
4,Adam Hadwin,2.0
4,Kevin Kisner,2.0
4,Patton Kizzire,2.0
4,Hideki Matsuyama,2.0
4,Xander Schauffele,2.0
4,Chris Stroud,2.0
4,Hudson Swafford,2.0
16,Patrick Cantlay,1.0
16,Austin Cook,1.0
16,Brian Harman,1.0
16,Russell Henley,1.0
16,Grayson Murray,1.0
16,D.A. Points,1.0
16,Jon Rahm,1.0
16,Cameron Smith,1.0
16,Jordan Spieth,1.0
16,Justin Thomas,1.0
26,Kevin Chappell,.0
26,Billy Horschel,.0
26,Dustin Johnson,.0
26,Si Woo Kim,.0
26,Brooks Koepka,.0
26,Marc Leishman,.0
26,Kyle Stanley,.0
26,Brendan Steele,.0
26,Jhonattan Vegas,.0
