rank,player,% Made,Attempts,Putts made
1,Kevin Kisner,65.52,29,19
2,Wesley Bryan,58.33,24,14
3,Marc Leishman,56.25,32,18
4,Chris Stroud,54.55,33,18
5,Pat Perez,52.00,25,13
6,Kyle Stanley,51.72,29,15
7,Jonas Blixt,51.52,33,17
8,Ryan Armour,50.00,30,15
8,Rickie Fowler,50.00,24,12
8,Brian Harman,50.00,30,15
8,Dustin Johnson,50.00,28,14
12,Jhonattan Vegas,48.39,31,15
13,Daniel Berger,48.28,29,14
13,Jason Dufner,48.28,29,14
15,Patton Kizzire,48.00,25,12
16,Kevin Chappell,47.06,34,16
17,Hideki Matsuyama,45.95,37,17
18,Grayson Murray,45.71,35,16
19,Jon Rahm,44.44,27,12
20,Austin Cook,42.31,26,11
21,D.A. Points,41.94,31,13
22,Justin Thomas,41.67,24,10
23,Billy Horschel,41.38,29,12
24,Patrick Cantlay,39.39,33,13
25,Russell Henley,38.24,34,13
25,Si Woo Kim,38.24,34,13
27,Xander Schauffele,37.50,24,9
28,Adam Hadwin,36.67,30,11
29,Brooks Koepka,35.90,39,14
30,Cameron Smith,35.48,31,11
31,Bryson DeChambeau,31.03,29,9
32,Brendan Steele,29.17,24,7
33,Hudson Swafford,28.13,32,9
34,Jordan Spieth,20.00,20,4
