rank,player,% Made,Attempts,Putts made
1,Rickie Fowler,42.86,7,3
2,Cameron Smith,37.50,8,3
3,Xander Schauffele,33.33,6,2
4,Patrick Cantlay,28.57,7,2
5,Jason Dufner,25.00,4,1
5,Dustin Johnson,25.00,4,1
5,Chris Stroud,25.00,8,2
8,Jordan Spieth,23.08,13,3
9,Austin Cook,21.43,14,3
9,Marc Leishman,21.43,14,3
11,Jon Rahm,20.00,5,1
12,Wesley Bryan,18.18,11,2
13,Billy Horschel,16.67,6,1
13,Pat Perez,16.67,12,2
15,Brian Harman,14.29,7,1
15,Patton Kizzire,14.29,7,1
15,Brendan Steele,14.29,7,1
15,Hudson Swafford,14.29,7,1
19,Jonas Blixt,12.50,8,1
19,Si Woo Kim,12.50,8,1
21,Adam Hadwin,11.11,9,1
21,Kyle Stanley,11.11,9,1
23,Ryan Armour,.00,11,-
23,Daniel Berger,.00,7,-
23,Kevin Chappell,.00,6,-
23,Bryson DeChambeau,.00,2,-
23,Russell Henley,.00,3,-
23,Kevin Kisner,.00,8,-
23,Brooks Koepka,.00,4,-
23,Hideki Matsuyama,.00,3,-
23,Grayson Murray,.00,4,-
23,D.A. Points,.00,7,-
23,Justin Thomas,.00,7,-
23,Jhonattan Vegas,.00,7,-
