rank,player,% Made,Attempts,Putts made
1,Brian Harman,100.00,3,3
1,Patton Kizzire,100.00,4,4
1,Marc Leishman,100.00,5,5
1,Pat Perez,100.00,3,3
1,Cameron Smith,100.00,2,2
6,Kevin Kisner,85.71,7,6
7,Dustin Johnson,83.33,6,5
8,Wesley Bryan,80.00,5,4
8,Bryson DeChambeau,80.00,5,4
8,Adam Hadwin,80.00,5,4
11,Kyle Stanley,77.78,9,7
12,Daniel Berger,75.00,8,6
12,Jason Dufner,75.00,4,3
12,D.A. Points,75.00,4,3
12,Brendan Steele,75.00,4,3
16,Kevin Chappell,71.43,7,5
17,Justin Thomas,66.67,6,4
17,Jhonattan Vegas,66.67,3,2
19,Xander Schauffele,62.50,8,5
20,Patrick Cantlay,60.00,5,3
20,Billy Horschel,60.00,5,3
20,Chris Stroud,60.00,5,3
23,Si Woo Kim,57.14,7,4
23,Hideki Matsuyama,57.14,7,4
25,Ryan Armour,50.00,4,2
25,Russell Henley,50.00,6,3
25,Brooks Koepka,50.00,8,4
25,Grayson Murray,50.00,4,2
25,Jon Rahm,50.00,6,3
25,Hudson Swafford,50.00,6,3
31,Austin Cook,40.00,5,2
32,Jonas Blixt,.00,1,0
32,Rickie Fowler,.00,2,0
32,Jordan Spieth,.00,1,0
