rank,player,% Made,Attempts,Putts made
1,Daniel Berger,100.00,44,44
1,Jonas Blixt,100.00,39,39
1,Wesley Bryan,100.00,41,41
1,Patrick Cantlay,100.00,47,47
1,Kevin Chappell,100.00,46,46
1,Austin Cook,100.00,40,40
1,Jason Dufner,100.00,42,42
1,Rickie Fowler,100.00,40,40
1,Adam Hadwin,100.00,47,47
1,Brian Harman,100.00,43,43
1,Russell Henley,100.00,46,46
1,Billy Horschel,100.00,46,46
1,Dustin Johnson,100.00,36,36
1,Si Woo Kim,100.00,46,46
1,Kevin Kisner,100.00,40,40
1,Patton Kizzire,100.00,40,40
1,Hideki Matsuyama,100.00,43,43
1,Grayson Murray,100.00,43,43
1,Pat Perez,100.00,44,44
1,Jon Rahm,100.00,40,40
1,Xander Schauffele,100.00,42,42
1,Cameron Smith,100.00,43,43
1,Kyle Stanley,100.00,40,40
1,Brendan Steele,100.00,48,48
1,Chris Stroud,100.00,40,40
1,Hudson Swafford,100.00,48,48
1,Justin Thomas,100.00,38,38
1,Jhonattan Vegas,100.00,43,43
29,Jordan Spieth,98.08,52,51
30,D.A. Points,97.96,49,48
31,Marc Leishman,97.92,48,47
32,Brooks Koepka,97.83,46,45
33,Bryson DeChambeau,97.73,44,43
34,Ryan Armour,95.74,47,45
