rank,player,% Made,Attempts,Putts made
1,Daniel Berger,100.00,8,8
1,Wesley Bryan,100.00,4,4
1,Patrick Cantlay,100.00,5,5
1,Austin Cook,100.00,12,12
1,Bryson DeChambeau,100.00,11,11
1,Jason Dufner,100.00,9,9
1,Adam Hadwin,100.00,7,7
1,Brian Harman,100.00,8,8
1,Russell Henley,100.00,8,8
1,Billy Horschel,100.00,6,6
1,Dustin Johnson,100.00,11,11
1,Si Woo Kim,100.00,11,11
1,Kevin Kisner,100.00,6,6
1,Patton Kizzire,100.00,12,12
1,Grayson Murray,100.00,7,7
1,Jon Rahm,100.00,9,9
1,Xander Schauffele,100.00,10,10
1,Cameron Smith,100.00,10,10
1,Jordan Spieth,100.00,7,7
1,Brendan Steele,100.00,8,8
1,Chris Stroud,100.00,6,6
1,Hudson Swafford,100.00,7,7
23,Justin Thomas,91.67,12,11
24,Brooks Koepka,90.00,10,9
24,Kyle Stanley,90.00,10,9
26,Jonas Blixt,87.50,8,7
26,Rickie Fowler,87.50,8,7
26,D.A. Points,87.50,8,7
26,Jhonattan Vegas,87.50,8,7
30,Kevin Chappell,85.71,7,6
30,Pat Perez,85.71,7,6
32,Marc Leishman,75.00,4,3
33,Hideki Matsuyama,71.43,7,5
34,Ryan Armour,66.67,6,4
