rank,player,Avg,Total Putts,Total Rounds,Low Total Putts
1,Jordan Spieth,27.75,111,4,23
2,Kevin Kisner,28.25,113,4,25
3,Steven Bowditch,28.50,114,4,23
4,Peter Malnati,28.75,115,4,26
4,Jimmy Walker,28.75,115,4,24
6,Scott Piercy,29.00,116,4,27
6,Patrick Reed,29.00,116,4,27
8,David Lingmerth,29.25,117,4,26
9,Jason Day,29.50,118,4,24
9,Matt Every,29.50,118,4,28
9,Brooks Koepka,29.50,118,4,26
12,Padraig Harrington,30.00,120,4,28
12,Zach Johnson,30.00,120,4,30
12,Danny Lee,30.00,120,4,29
12,Troy Merritt,30.00,120,4,28
16,Rickie Fowler,30.50,122,4,29
16,Dustin Johnson,30.50,122,4,27
16,Brandt Snedeker,30.50,122,4,30
16,Justin Thomas,30.50,122,4,28
20,Alex Cejka,30.75,123,4,30
20,James Hahn,30.75,123,4,29
22,Fabián Gómez,31.00,124,4,29
22,Emiliano Grillo,31.00,124,4,29
22,Bill Haas,31.00,124,4,28
22,J.B. Holmes,31.00,124,4,30
22,Davis Love III,31.00,124,4,28
27,Chris Kirk,31.25,125,4,29
27,Bubba Watson,31.25,125,4,30
29,Graeme McDowell,31.50,126,4,29
30,Smylie Kaufman,31.75,127,4,29
31,J.J. Henry,32.25,129,4,31
32,Russell Knox,32.50,130,4,30
