rank,player,%,Total 3 Putts,Total Holes (overall)
1,Patrick Reed,.00,0,72
2,Matt Every,1.39,1,72
2,Padraig Harrington,1.39,1,72
2,Brooks Koepka,1.39,1,72
2,Peter Malnati,1.39,1,72
2,Brandt Snedeker,1.39,1,72
2,Jordan Spieth,1.39,1,72
8,Steven Bowditch,2.78,2,72
8,Alex Cejka,2.78,2,72
8,Jason Day,2.78,2,72
8,Rickie Fowler,2.78,2,72
8,Bill Haas,2.78,2,72
8,James Hahn,2.78,2,72
8,J.J. Henry,2.78,2,72
8,Kevin Kisner,2.78,2,72
8,Russell Knox,2.78,2,72
8,Graeme McDowell,2.78,2,72
8,Troy Merritt,2.78,2,72
8,Scott Piercy,2.78,2,72
8,Jimmy Walker,2.78,2,72
21,Emiliano Grillo,4.17,3,72
21,Dustin Johnson,4.17,3,72
21,Chris Kirk,4.17,3,72
21,Justin Thomas,4.17,3,72
25,Fabián Gómez,5.56,4,72
25,J.B. Holmes,5.56,4,72
25,Zach Johnson,5.56,4,72
25,David Lingmerth,5.56,4,72
25,Bubba Watson,5.56,4,72
30,Smylie Kaufman,6.94,5,72
30,Danny Lee,6.94,5,72
30,Davis Love III,6.94,5,72
