rank,player,%,Total 3 Putts,Attempts,2 Putt or Better %
1,Stephen Ames,.00,0,6,100.0
1,Stuart Appleby,.00,0,10,100.0
1,Woody Austin,.00,0,5,100.0
1,Bart Bryant,.00,0,4,100.0
1,Stewart Cink,.00,0,6,100.0
1,John Daly,.00,0,5,100.0
1,Ernie Els,.00,0,7,100.0
1,Carlos Franco,.00,0,6,100.0
1,Brent Geiberger,.00,0,4,100.0
1,Retief Goosen,.00,0,5,100.0
1,Todd Hamilton,.00,0,2,100.0
1,Mark Hensby,.00,0,2,100.0
1,Jonathan Kaye,.00,0,9,100.0
1,Ryan Palmer,.00,0,10,100.0
1,Rod Pampling,.00,0,3,100.0
1,Craig Parry,.00,0,5,100.0
1,Adam Scott,.00,0,5,100.0
1,Vijay Singh,.00,0,5,100.0
1,Heath Slocum,.00,0,4,100.0
1,Andre Stolz,.00,0,8,100.0
1,Vaughn Taylor,.00,0,4,100.0
1,David Toms,.00,0,5,100.0
1,Mike Weir,.00,0,5,100.0
1,Tiger Woods,.00,0,6,100.0
25,Chad Campbell,10.00,1,10,90.0
26,Steve Flesch,11.11,1,9,88.8
27,Fred Funk,14.29,1,7,85.7
27,Sergio Garcia,14.29,1,7,85.7
27,Zach Johnson,14.29,1,7,85.7
27,Joey Sindelar,14.29,1,7,85.7
31,Jonathan Byrd,25.00,1,4,75.0
