rank,player,%,Total 3 Putts,Attempts,2 Putt or Better %
1,Stuart Appleby,.00,0,20,100.0
2,Brent Geiberger,4.35,1,23,95.6
3,Adam Scott,4.55,1,22,95.4
4,Rod Pampling,4.76,1,21,95.2
5,Stewart Cink,5.26,1,19,94.7
5,Jonathan Kaye,5.26,1,19,94.7
7,Mike Weir,5.88,1,17,94.1
8,Steve Flesch,6.25,1,16,93.7
9,Jonathan Byrd,8.33,2,24,91.6
9,Chad Campbell,8.33,2,24,91.6
11,Ernie Els,9.09,2,22,90.9
12,Sergio Garcia,9.52,2,21,90.4
13,Craig Parry,10.00,2,20,90.0
14,Todd Hamilton,10.53,2,19,89.4
14,Zach Johnson,10.53,2,19,89.4
16,John Daly,11.11,2,18,88.8
16,Retief Goosen,11.11,2,18,88.8
16,Andre Stolz,11.11,2,18,88.8
19,Tiger Woods,11.76,2,17,88.2
20,Fred Funk,13.04,3,23,86.9
21,Stephen Ames,13.64,3,22,86.3
21,Bart Bryant,13.64,3,22,86.3
21,Mark Hensby,13.64,3,22,86.3
24,David Toms,15.38,2,13,84.6
25,Woody Austin,16.67,3,18,83.3
26,Ryan Palmer,17.39,4,23,82.6
27,Joey Sindelar,20.00,4,20,80.0
28,Heath Slocum,21.43,3,14,78.5
29,Vaughn Taylor,22.73,5,22,77.2
30,Carlos Franco,24.00,6,25,76.0
31,Vijay Singh,25.00,3,12,75.0
