rank,player,%,Total 3 Putts,Total Holes
1,Woody Austin,5.56,1,18
1,Jonathan Byrd,5.56,1,18
1,Chad Campbell,5.56,1,18
1,John Daly,5.56,1,18
1,Ernie Els,5.56,1,18
1,Retief Goosen,5.56,1,18
1,Mark Hensby,5.56,1,18
1,Joey Sindelar,5.56,1,18
1,Vijay Singh,5.56,1,18
1,Heath Slocum,5.56,1,18
1,Vaughn Taylor,5.56,1,18
1,Mike Weir,5.56,1,18
1,Tiger Woods,5.56,1,18
14,Steve Flesch,11.11,2,18
14,Sergio Garcia,11.11,2,18
14,David Toms,11.11,2,18
17,Carlos Franco,16.67,3,18
17,Zach Johnson,16.67,3,18
