rank,player,%,Total 3 Putts,Attempts,2 Putt or Better %
1,Stephen Ames,.00,0,13,100.0
1,Stuart Appleby,.00,0,8,100.0
1,Bart Bryant,.00,0,10,100.0
1,Jonathan Byrd,.00,0,6,100.0
1,Chad Campbell,.00,0,6,100.0
1,Stewart Cink,.00,0,11,100.0
1,John Daly,.00,0,7,100.0
1,Steve Flesch,.00,0,9,100.0
1,Fred Funk,.00,0,10,100.0
1,Sergio Garcia,.00,0,10,100.0
1,Brent Geiberger,.00,0,9,100.0
1,Retief Goosen,.00,0,11,100.0
1,Todd Hamilton,.00,0,11,100.0
1,Mark Hensby,.00,0,6,100.0
1,Zach Johnson,.00,0,7,100.0
1,Jonathan Kaye,.00,0,9,100.0
1,Ryan Palmer,.00,0,6,100.0
1,Rod Pampling,.00,0,4,100.0
1,Craig Parry,.00,0,15,100.0
1,Adam Scott,.00,0,8,100.0
1,Joey Sindelar,.00,0,6,100.0
1,Vijay Singh,.00,0,12,100.0
1,Heath Slocum,.00,0,8,100.0
1,Andre Stolz,.00,0,8,100.0
1,Vaughn Taylor,.00,0,10,100.0
1,David Toms,.00,0,13,100.0
27,Carlos Franco,10.00,1,10,90.0
28,Ernie Els,11.11,1,9,88.8
29,Mike Weir,12.50,1,8,87.5
30,Tiger Woods,16.67,1,6,83.3
31,Woody Austin,25.00,1,4,75.0
