rank,player,%,Total 3 Putts,Total Holes
1,Bart Bryant,5.56,1,18
1,Chad Campbell,5.56,1,18
1,Stewart Cink,5.56,1,18
1,John Daly,5.56,1,18
1,Ernie Els,5.56,1,18
1,Sergio Garcia,5.56,1,18
1,Todd Hamilton,5.56,1,18
1,Craig Parry,5.56,1,18
1,Adam Scott,5.56,1,18
1,Vijay Singh,5.56,1,18
1,Mike Weir,5.56,1,18
1,Tiger Woods,5.56,1,18
13,Stephen Ames,11.11,2,18
13,Woody Austin,11.11,2,18
13,Carlos Franco,11.11,2,18
13,Mark Hensby,11.11,2,18
13,Ryan Palmer,11.11,2,18
13,Joey Sindelar,11.11,2,18
19,Fred Funk,16.67,3,18
19,Vaughn Taylor,16.67,3,18
