rank,player,Total 3 putts > 25',Total 3 Putts
1,Carlos Franco,6,9
2,Vaughn Taylor,5,5
3,Ryan Palmer,4,4
3,Joey Sindelar,4,5
5,Stephen Ames,3,3
5,Woody Austin,3,4
5,Bart Bryant,3,3
5,Fred Funk,3,4
5,Mark Hensby,3,3
5,Vijay Singh,3,3
5,Heath Slocum,3,3
12,Jonathan Byrd,2,3
12,Chad Campbell,2,3
12,John Daly,2,2
12,Ernie Els,2,3
12,Sergio Garcia,2,3
12,Retief Goosen,2,2
12,Todd Hamilton,2,3
12,Zach Johnson,2,3
12,Craig Parry,2,2
12,Andre Stolz,2,2
12,David Toms,2,3
12,Tiger Woods,2,3
24,Stewart Cink,1,1
24,Steve Flesch,1,2
24,Brent Geiberger,1,1
24,Jonathan Kaye,1,1
24,Rod Pampling,1,1
24,Adam Scott,1,1
24,Mike Weir,1,3
