rank,player,%,Total 3 Putts,Attempts,2 Putt or Better %
1,Stephen Ames,.00,0,10,100.0
1,Stuart Appleby,.00,0,9,100.0
1,Woody Austin,.00,0,24,100.0
1,Bart Bryant,.00,0,11,100.0
1,Jonathan Byrd,.00,0,12,100.0
1,Chad Campbell,.00,0,13,100.0
1,Stewart Cink,.00,0,13,100.0
1,John Daly,.00,0,18,100.0
1,Ernie Els,.00,0,14,100.0
1,Steve Flesch,.00,0,13,100.0
1,Carlos Franco,.00,0,8,100.0
1,Fred Funk,.00,0,12,100.0
1,Sergio Garcia,.00,0,7,100.0
1,Brent Geiberger,.00,0,14,100.0
1,Retief Goosen,.00,0,12,100.0
1,Mark Hensby,.00,0,13,100.0
1,Zach Johnson,.00,0,21,100.0
1,Jonathan Kaye,.00,0,10,100.0
1,Ryan Palmer,.00,0,9,100.0
1,Rod Pampling,.00,0,19,100.0
1,Craig Parry,.00,0,11,100.0
1,Adam Scott,.00,0,15,100.0
1,Joey Sindelar,.00,0,8,100.0
1,Vijay Singh,.00,0,9,100.0
1,Heath Slocum,.00,0,13,100.0
1,Andre Stolz,.00,0,20,100.0
1,Vaughn Taylor,.00,0,12,100.0
1,David Toms,.00,0,15,100.0
1,Mike Weir,.00,0,12,100.0
1,Tiger Woods,.00,0,12,100.0
31,Todd Hamilton,8.33,1,12,91.6
