rank,player,Avg RTP,Total Holes,Total RTP
1,Hunter Mahan,E,2,E
2,Stephen Ames,+.250,4,+1.00
3,Fred Funk,+.333,3,+1.00
4,Daniel Chopra,+.400,5,+2.00
5,Vijay Singh,+.500,2,+1.00
5,Mike Weir,+.500,2,+1.00
7,Justin Leonard,+.600,5,+3.00
8,Aaron Baddeley,+.667,3,+2.00
8,Zach Johnson,+.667,3,+2.00
8,Henrik Stenson,+.667,3,+2.00
8,Steve Stricker,+.667,3,+2.00
12,Brandt Snedeker,+.750,4,+3.00
12,Mark Wilson,+.750,4,+3.00
14,Joe Ogilvie,+.833,6,+5.00
15,Woody Austin,+1.000,2,+2.00
15,Brian Bateman,+1.000,1,+1.00
15,Jonathan Byrd,+1.000,5,+5.00
15,Mark Calcavecchia,+1.000,1,+1.00
15,K.J. Choi,+1.000,7,+7.00
15,Jim Furyk,+1.000,2,+2.00
15,Paul Goydos,+1.000,7,+7.00
15,Charley Hoffman,+1.000,2,+2.00
15,Charles Howell III,+1.000,1,+1.00
15,Nick Watney,+1.000,1,+1.00
15,Boo Weekley,+1.000,6,+6.00
26,Steve Flesch,+1.143,7,+8.00
26,George McNeill,+1.143,7,+8.00
28,Scott Verplank,+1.333,3,+4.00
29,Ángel Cabrera,+1.500,4,+6.00
29,Chad Campbell,+1.500,2,+3.00
29,Rory Sabbatini,+1.500,4,+6.00
