rank,player,Avg RTP,Total Holes,Total RTP
1,Justin Leonard,-.200,5,-1.00
2,Daniel Chopra,E,2,E
2,Fred Funk,E,2,E
2,Jim Furyk,E,6,E
2,Charles Howell III,E,4,E
2,Steve Stricker,E,4,E
2,Nick Watney,E,2,E
8,Stephen Ames,+.167,6,+1.00
8,Ángel Cabrera,+.167,6,+1.00
8,Vijay Singh,+.167,6,+1.00
11,Woody Austin,+.200,5,+1.00
11,Rory Sabbatini,+.200,5,+1.00
11,Brandt Snedeker,+.200,5,+1.00
14,Aaron Baddeley,+.250,4,+1.00
14,Joe Ogilvie,+.250,4,+1.00
14,Scott Verplank,+.250,4,+1.00
17,Steve Flesch,+.333,3,+1.00
17,Mark Wilson,+.333,3,+1.00
19,Mark Calcavecchia,+.400,5,+2.00
19,Henrik Stenson,+.400,5,+2.00
19,Mike Weir,+.400,5,+2.00
22,Jonathan Byrd,+.500,4,+2.00
22,K.J. Choi,+.500,4,+2.00
22,Zach Johnson,+.500,4,+2.00
22,George McNeill,+.500,6,+3.00
26,Boo Weekley,+.600,5,+3.00
27,Chad Campbell,+.667,3,+2.00
28,Paul Goydos,+.750,4,+3.00
29,Brian Bateman,+1.000,5,+5.00
29,Charley Hoffman,+1.000,2,+2.00
29,Hunter Mahan,+1.000,2,+2.00
