rank,player,Avg RTP,Total Holes,Total RTP
1,Stephen Ames,E,1,E
1,Woody Austin,E,3,E
1,Jonathan Byrd,E,2,E
1,Charley Hoffman,E,1,E
1,Hunter Mahan,E,3,E
6,K.J. Choi,+.333,3,+1.00
6,Steve Flesch,+.333,3,+1.00
6,Paul Goydos,+.333,6,+2.00
6,Justin Leonard,+.333,3,+1.00
6,Henrik Stenson,+.333,6,+2.00
6,Mike Weir,+.333,3,+1.00
12,Boo Weekley,+.400,5,+2.00
13,Aaron Baddeley,+.500,4,+2.00
13,Chad Campbell,+.500,2,+1.00
13,Nick Watney,+.500,2,+1.00
16,Zach Johnson,+.667,3,+2.00
16,Joe Ogilvie,+.667,3,+2.00
18,Brian Bateman,+.750,4,+3.00
19,Charles Howell III,+.800,5,+4.00
20,Daniel Chopra,+1.000,1,+1.00
20,Fred Funk,+1.000,2,+2.00
20,George McNeill,+1.000,1,+1.00
20,Rory Sabbatini,+1.000,2,+2.00
20,Brandt Snedeker,+1.000,1,+1.00
20,Steve Stricker,+1.000,1,+1.00
20,Scott Verplank,+1.000,1,+1.00
20,Mark Wilson,+1.000,3,+3.00
28,Mark Calcavecchia,+2.000,1,+2.00
