rank,player,Avg RTP,Total Holes,Total RTP
1,Stephen Ames,E,3,E
1,Daniel Chopra,E,2,E
1,Steve Stricker,E,3,E
1,Scott Verplank,E,2,E
1,Mike Weir,E,2,E
6,Justin Leonard,+.111,9,+1.00
7,Mark Calcavecchia,+.250,4,+1.00
7,Henrik Stenson,+.250,4,+1.00
9,Woody Austin,+.333,3,+1.00
9,Hunter Mahan,+.333,3,+1.00
9,Vijay Singh,+.333,3,+1.00
9,Mark Wilson,+.333,3,+1.00
13,Jonathan Byrd,+.400,10,+4.00
13,Fred Funk,+.400,5,+2.00
15,Brandt Snedeker,+.429,7,+3.00
16,Steve Flesch,+.500,4,+2.00
16,Jim Furyk,+.500,4,+2.00
16,Paul Goydos,+.500,4,+2.00
16,Nick Watney,+.500,4,+2.00
20,Aaron Baddeley,+.571,7,+4.00
20,Zach Johnson,+.571,7,+4.00
20,Joe Ogilvie,+.571,7,+4.00
23,George McNeill,+.600,5,+3.00
24,K.J. Choi,+.667,3,+2.00
24,Boo Weekley,+.667,9,+6.00
26,Rory Sabbatini,+.750,8,+6.00
27,Ángel Cabrera,+1.000,4,+4.00
27,Charley Hoffman,+1.000,1,+1.00
27,Charles Howell III,+1.000,2,+2.00
30,Brian Bateman,+1.250,4,+5.00
