rank,player,Avg,Total Strokes,Total Holes
1,Keegan Bradley,33.67,101,3
1,Zach Johnson,33.67,101,3
1,Scott Piercy,33.67,101,3
1,Steve Stricker,33.67,101,3
5,John Huh,34.67,104,3
5,Dustin Johnson,34.67,104,3
5,Brandt Snedeker,34.67,104,3
8,Ben Curtis,35.00,105,3
8,Carl Pettersson,35.00,105,3
8,Bubba Watson,35.00,105,3
11,Jason Dufner,35.33,106,3
11,Rickie Fowler,35.33,106,3
11,Webb Simpson,35.33,106,3
11,Mark Wilson,35.33,106,3
15,J.J. Henry,35.67,107,3
15,Johnson Wagner,35.67,107,3
15,Nick Watney,35.67,107,3
18,Tommy Gainey,36.00,108,3
18,Ian Poulter,36.00,108,3
18,Scott Stallings,36.00,108,3
21,Charlie Beljan,36.33,109,3
21,Kyle Stanley,36.33,109,3
23,Jonas Blixt,36.67,110,3
23,George McNeill,36.67,110,3
25,Bill Haas,37.00,111,3
25,Marc Leishman,37.00,111,3
27,Matt Kuchar,37.33,112,3
27,"Ted Potter, Jr.",37.33,112,3
29,Hunter Mahan,37.67,113,3
30,Ryan Moore,38.33,115,3
