rank,player,Avg,Total Strokes,Total Rounds
1,Zach Johnson,31.00,31,1
2,Keegan Bradley,33.00,33,1
3,John Huh,34.00,34,1
3,Dustin Johnson,34.00,34,1
3,Steve Stricker,34.00,34,1
6,Tommy Gainey,35.00,35,1
6,George McNeill,35.00,35,1
6,Scott Piercy,35.00,35,1
9,Ben Curtis,36.00,36,1
9,J.J. Henry,36.00,36,1
9,Webb Simpson,36.00,36,1
9,Brandt Snedeker,36.00,36,1
9,Nick Watney,36.00,36,1
9,Bubba Watson,36.00,36,1
15,Charlie Beljan,37.00,37,1
15,Jonas Blixt,37.00,37,1
15,Marc Leishman,37.00,37,1
15,Carl Pettersson,37.00,37,1
15,"Ted Potter, Jr.",37.00,37,1
15,Johnson Wagner,37.00,37,1
21,Jason Dufner,38.00,38,1
21,Rickie Fowler,38.00,38,1
21,Bill Haas,38.00,38,1
21,Ian Poulter,38.00,38,1
21,Scott Stallings,38.00,38,1
21,Kyle Stanley,38.00,38,1
21,Mark Wilson,38.00,38,1
28,Matt Kuchar,40.00,40,1
28,Hunter Mahan,40.00,40,1
28,Ryan Moore,40.00,40,1
