rank,player,Avg,Total Strokes,Total Rounds
1,Keegan Bradley,33.00,33,1
1,Rickie Fowler,33.00,33,1
1,Scott Piercy,33.00,33,1
1,Steve Stricker,33.00,33,1
5,Dustin Johnson,34.00,34,1
5,Brandt Snedeker,34.00,34,1
5,Mark Wilson,34.00,34,1
8,Ben Curtis,35.00,35,1
8,Jason Dufner,35.00,35,1
8,Tommy Gainey,35.00,35,1
8,Zach Johnson,35.00,35,1
8,Marc Leishman,35.00,35,1
8,Hunter Mahan,35.00,35,1
8,Carl Pettersson,35.00,35,1
8,Webb Simpson,35.00,35,1
8,Scott Stallings,35.00,35,1
8,Kyle Stanley,35.00,35,1
8,Johnson Wagner,35.00,35,1
8,Nick Watney,35.00,35,1
8,Bubba Watson,35.00,35,1
21,Charlie Beljan,36.00,36,1
21,Jonas Blixt,36.00,36,1
21,J.J. Henry,36.00,36,1
21,John Huh,36.00,36,1
21,George McNeill,36.00,36,1
21,Ian Poulter,36.00,36,1
27,Bill Haas,37.00,37,1
27,Matt Kuchar,37.00,37,1
29,"Ted Potter, Jr.",38.00,38,1
30,Ryan Moore,39.00,39,1
