rank,player,Avg,Total Strokes,Total Rounds
1,Jason Dufner,33.00,33,1
1,Carl Pettersson,33.00,33,1
1,Scott Piercy,33.00,33,1
4,Ben Curtis,34.00,34,1
4,John Huh,34.00,34,1
4,Ian Poulter,34.00,34,1
4,Brandt Snedeker,34.00,34,1
4,Steve Stricker,34.00,34,1
4,Bubba Watson,34.00,34,1
4,Mark Wilson,34.00,34,1
11,Keegan Bradley,35.00,35,1
11,Rickie Fowler,35.00,35,1
11,J.J. Henry,35.00,35,1
11,Zach Johnson,35.00,35,1
11,Matt Kuchar,35.00,35,1
11,Webb Simpson,35.00,35,1
11,Scott Stallings,35.00,35,1
11,Johnson Wagner,35.00,35,1
19,Charlie Beljan,36.00,36,1
19,Bill Haas,36.00,36,1
19,Dustin Johnson,36.00,36,1
19,Ryan Moore,36.00,36,1
19,Kyle Stanley,36.00,36,1
19,Nick Watney,36.00,36,1
25,Jonas Blixt,37.00,37,1
25,"Ted Potter, Jr.",37.00,37,1
27,Tommy Gainey,38.00,38,1
27,Hunter Mahan,38.00,38,1
29,Marc Leishman,39.00,39,1
29,George McNeill,39.00,39,1
