rank,player,Avg,Total Distance (feet),# of Attempts,Relative to par
1,Ryan Brehm,"17' 3""",68.917,4,-1
2,Trey Mullinax,"20' 11""",41.833,2,-1
3,Scott Brown,"21' 8""",21.667,1,E
4,John Huh,"22' 7""",22.583,1,-1
5,Justin Thomas,"25' 11""",51.833,2,-2
6,Vijay Singh,"26' 1""",52.167,2,+1
7,Jim Herman,"26' 7""",79.833,3,E
8,Hideki Matsuyama,"26' 10""",107.167,4,-2
9,Richy Werenski,"27' 3""",27.250,1,E
10,Kevin Na,"30' 0""",90.083,3,E
11,Hudson Swafford,"30' 11""",61.833,2,E
12,Bryson DeChambeau,"31' 6""",125.917,4,-3
13,Justin Rose,"31' 10""",95.583,3,E
14,Branden Grace,"32' 3""",32.250,1,E
15,Tim Wilkinson,"32' 8""",163.500,5,-1
16,Brian Gay,"33' 2""",66.250,2,E
17,Miguel Tabuena,"34' 9""",104.167,3,E
18,Tony Finau,"35' 2""",175.667,5,-3
19,Rod Pampling,"35' 10""",143.167,4,E
19,Rory Sabbatini,"35' 10""",35.833,1,-1
21,Jon Curran,"37' 7""",75.167,2,E
22,Gary Woodland,"38' 6""",153.833,4,-2
23,Michael Kim,"41' 2""",41.167,1,-1
24,Robert Streb,"42' 8""",255.917,6,E
25,Scott Piercy,"43' 10""",306.833,7,+2
26,Zac Blair,"44' 0""",88.000,2,E
27,Shawn Stefani,"44' 3""",132.833,3,-1
28,Kyle Stanley,"44' 5""",44.417,1,E
29,David Lingmerth,"44' 9""",268.500,6,+2
30,Gonzalo Fernandez-Castaño,"45' 0""",89.917,2,E
31,Billy Hurley III,"45' 3""",226.167,5,+1
32,Zach Johnson,"46' 2""",231.000,5,-1
33,Ken Duke,"46' 7""",326.167,7,+2
34,Chez Reavie,"46' 8""",93.333,2,+2
35,Daniel Summerhays,"46' 11""",234.750,5,+1
36,Bill Haas,"48' 2""",96.333,2,E
37,Cameron Smith,"48' 4""",386.333,8,+2
38,Satoshi Kodaira,"48' 5""",290.333,6,+1
39,Fabián Gómez,"49' 3""",147.833,3,-1
40,Webb Simpson,"50' 0""",150.083,3,-2
41,Jordan Spieth,"50' 4""",50.333,1,+1
42,Y.E. Yang,"50' 6""",201.917,4,-1
43,Mackenzie Hughes,"51' 4""",308.083,6,E
44,Marc Leishman,"51' 8""",516.750,10,-1
45,Russell Henley,"53' 4""",213.333,4,+1
46,Seamus Power,"53' 11""",215.500,4,-1
47,Russell Knox,"54' 5""",108.750,2,+1
48,Sean O'Hair,"56' 6""",282.417,5,E
48,J.T. Poston,"56' 6""",282.500,5,E
48,Brian Stuard,"56' 6""",226.083,4,+1
51,Stewart Cink,"57' 5""",114.750,2,E
52,Luke List,"59' 0""",176.917,3,+3
53,Daniel Berger,"60' 0""",360.167,6,+4
54,James Hahn,"60' 4""",120.583,2,-1
55,Brian Harman,"61' 2""",244.750,4,E
56,Henrik Norlander,"61' 9""",247.000,4,+3
57,Hideto Tanihara,"62' 1""",310.250,5,-1
58,Charles Howell III,"62' 9""",188.167,3,+1
59,Michael Thompson,"64' 5""",386.583,6,+3
60,Pat Perez,"64' 9""",259.000,4,E
61,Jared Sawada,"65' 8""",262.667,4,E
62,Jamie Lovemark,"66' 1""",396.333,6,-1
63,Peter Malnati,"67' 11""",339.500,5,E
64,Bryce Molder,"72' 3""",288.917,4,E
65,Jason Bohn,"76' 10""",153.583,2,E
66,Vaughn Taylor,"77' 3""",154.500,2,-1
67,Andres Gonzales,"81' 7""",163.167,2,+1
68,Kelly Kraft,"82' 7""",330.333,4,+2
69,Ollie Schniederjans,"83' 6""",83.500,1,E
