rank,player,Avg,Total Distance (feet),# of Attempts,Relative to par
1,Jordan Spieth,"2' 6""",2.500,1,-1
2,Hideto Tanihara,"4' 0""",4.000,1,-1
3,Branden Grace,"5' 2""",5.167,1,E
4,Justin Thomas,"5' 9""",17.250,3,-2
5,Brian Gay,"6' 6""",13.000,2,-1
6,Y.E. Yang,"8' 2""",8.167,1,E
7,Robert Streb,"10' 1""",10.083,1,E
8,Seamus Power,"11' 3""",11.250,1,E
9,Vijay Singh,"11' 7""",11.583,1,E
10,Ben Martin,"12' 5""",12.417,1,-1
11,Bryson DeChambeau,"12' 11""",12.917,1,E
11,Ollie Schniederjans,"12' 11""",12.917,1,E
13,Brian Stuard,"13' 3""",13.250,1,E
14,Kevin Na,"14' 5""",28.750,2,E
15,Daniel Berger,"15' 9""",15.750,1,E
16,Scott Piercy,"16' 4""",32.667,2,-1
17,Satoshi Kodaira,"16' 10""",16.833,1,E
18,David Lingmerth,"17' 2""",34.333,2,E
19,Cameron Smith,"17' 6""",17.500,1,-1
20,Jon Curran,"20' 0""",20.000,1,E
21,Henrik Norlander,"20' 11""",41.833,2,E
22,Miguel Tabuena,"21' 2""",21.167,1,+2
23,Daniel Summerhays,"24' 2""",24.167,1,E
24,Billy Hurley III,"24' 11""",24.917,1,E
25,Trey Mullinax,"28' 1""",28.083,1,E
26,Rory Sabbatini,"32' 2""",32.167,1,+1
27,Vaughn Taylor,"33' 7""",67.083,2,E
28,Tony Finau,"36' 0""",36.000,1,E
29,Fabián Gómez,"37' 7""",150.333,4,-1
30,Pat Perez,"38' 0""",38.000,1,+1
31,Bryce Molder,"38' 4""",38.333,1,E
32,Ken Duke,"41' 9""",41.750,1,+1
33,Sean O'Hair,"54' 7""",54.583,1,E
34,Tim Wilkinson,"59' 1""",59.083,1,E
35,James Hahn,"71' 2""",71.167,1,+1
36,Zach Johnson,"93' 4""",93.333,1,+1
37,Andres Gonzales,"100' 1""",100.083,1,+1
