rank,player,Avg,Total Distance (feet),# of Attempts,Relative to par
1,Justin Thomas,"8' 7""",8.583,1,-2
2,Hideki Matsuyama,"21' 7""",21.583,1,E
3,Kyle Stanley,"25' 8""",51.333,2,-1
4,Hideto Tanihara,"29' 6""",58.917,2,E
5,Gary Woodland,"31' 5""",62.750,2,E
6,Y.E. Yang,"31' 6""",31.500,1,E
7,Jim Herman,"32' 11""",131.500,4,-2
8,Miguel Tabuena,"34' 10""",34.833,1,-1
9,Rory Sabbatini,"37' 6""",37.500,1,-1
10,Jared Sawada,"38' 0""",38.000,1,-1
11,Shawn Stefani,"38' 10""",116.500,3,+3
12,Richy Werenski,"40' 6""",81.000,2,-1
13,Jordan Spieth,"45' 3""",90.500,2,E
14,Ollie Schniederjans,"45' 10""",183.250,4,E
15,Kevin Na,"50' 5""",252.250,5,-3
16,Zach Johnson,"50' 9""",101.500,2,+2
17,David Lingmerth,"51' 0""",102.000,2,E
18,Jamie Lovemark,"52' 1""",104.083,2,-1
19,Henrik Norlander,"52' 5""",209.667,4,+1
20,Andres Gonzales,"52' 7""",210.333,4,E
20,Chez Reavie,"52' 7""",105.083,2,-1
22,Satoshi Kodaira,"53' 1""",212.333,4,-1
23,Michael Thompson,"53' 10""",107.667,2,+1
24,Mackenzie Hughes,"55' 0""",109.917,2,-1
25,Brian Harman,"55' 7""",111.167,2,E
25,Daniel Summerhays,"55' 7""",222.250,4,E
27,Kelly Kraft,"56' 1""",112.167,2,+1
28,Peter Malnati,"56' 7""",282.917,5,+1
29,J.T. Poston,"56' 9""",226.917,4,-2
30,Michael Kim,"58' 1""",232.167,4,-1
31,Luke List,"58' 2""",232.583,4,-3
32,Jon Curran,"58' 3""",233.000,4,+3
32,Tony Finau,"58' 3""",174.667,3,+2
34,Branden Grace,"58' 10""",176.583,3,E
35,Ken Duke,"59' 1""",236.250,4,+1
36,Kevin Kisner,"60' 5""",181.250,3,-2
37,Marc Leishman,"61' 9""",123.417,2,-1
38,Rod Pampling,"62' 4""",62.333,1,+1
39,Trey Mullinax,"62' 5""",124.750,2,E
40,William McGirt,"62' 11""",125.833,2,-2
41,Ben Martin,"63' 0""",252.000,4,-1
42,Zac Blair,"64' 0""",192.083,3,-1
43,Daniel Berger,"64' 1""",64.083,1,E
44,Gonzalo Fernandez-Castaño,"65' 3""",326.333,5,-2
45,Seamus Power,"66' 7""",332.833,5,-1
46,Pat Perez,"70' 7""",70.583,1,E
47,Scott Piercy,"71' 3""",284.833,4,+2
48,James Hahn,"71' 7""",214.833,3,-1
48,John Huh,"71' 7""",214.833,3,-1
50,Sean O'Hair,"71' 10""",71.833,1,E
51,Tim Wilkinson,"73' 0""",145.917,2,E
52,Russell Knox,"73' 10""",73.833,1,E
53,Bill Haas,"75' 4""",150.667,2,+3
54,Charles Howell III,"76' 7""",153.167,2,-2
55,Justin Rose,"80' 1""",80.083,1,-1
56,Ryan Brehm,"81' 9""",163.500,2,E
56,Bryson DeChambeau,"81' 9""",327.000,4,-1
58,Billy Hurley III,"81' 10""",163.667,2,+2
59,Brian Stuard,"82' 3""",246.833,3,+1
60,Stewart Cink,"83' 8""",83.667,1,E
61,Vijay Singh,"84' 11""",509.583,6,+1
62,Cameron Smith,"91' 1""",91.083,1,E
63,Scott Brown,"92' 11""",92.917,1,+1
64,Billy Horschel,"102' 8""",205.333,2,-1
65,Bryce Molder,"103' 11""",207.833,2,+2
66,Fabián Gómez,"125' 11""",125.917,1,+1
