rank,player,Avg,Total Distance (feet),# of Attempts,Relative to par
1,Miguel Tabuena,"8' 7""",25.833,3,-3
2,Rory Sabbatini,"14' 5""",28.750,2,E
3,Satoshi Kodaira,"20' 5""",61.333,3,+1
4,Y.E. Yang,"23' 6""",70.583,3,E
5,Russell Knox,"23' 7""",70.750,3,-1
6,Daniel Berger,"25' 0""",49.917,2,-1
7,Ken Duke,"25' 5""",25.417,1,E
8,Kevin Na,"25' 10""",77.417,3,-1
9,Branden Grace,"26' 0""",130.167,5,-1
10,Fabián Gómez,"27' 0""",53.917,2,E
11,Rod Pampling,"27' 9""",194.083,7,E
12,Kevin Kisner,"27' 11""",195.583,7,-2
13,Jamie Lovemark,"28' 4""",113.250,4,-1
14,Stewart Cink,"30' 2""",241.500,8,-1
15,Zach Johnson,"30' 5""",152.083,5,E
16,Michael Thompson,"30' 8""",153.250,5,-1
17,Zac Blair,"31' 10""",191.000,6,-1
17,John Huh,"31' 10""",127.250,4,-1
17,Seamus Power,"31' 10""",191.083,6,-2
20,Chez Reavie,"32' 3""",64.500,2,E
21,Vaughn Taylor,"32' 6""",162.583,5,E
22,Ben Martin,"34' 8""",34.667,1,E
23,Robert Streb,"34' 10""",243.750,7,-1
24,Ollie Schniederjans,"35' 2""",175.833,5,-1
25,Vijay Singh,"35' 5""",248.167,7,E
26,Webb Simpson,"36' 0""",216.000,6,E
27,Billy Horschel,"36' 6""",292.250,8,-1
27,David Lingmerth,"36' 6""",182.667,5,E
29,Justin Thomas,"36' 9""",330.667,9,E
30,Tim Wilkinson,"36' 11""",221.583,6,E
31,Brian Gay,"37' 2""",260.250,7,+1
31,Cameron Smith,"37' 2""",260.250,7,+1
33,Kelly Kraft,"37' 8""",150.667,4,+1
34,Gonzalo Fernandez-Castaño,"37' 9""",151.000,4,+1
35,Daniel Summerhays,"38' 3""",153.083,4,+1
36,Hideki Matsuyama,"38' 7""",193.083,5,E
37,Sean O'Hair,"38' 8""",77.333,2,+1
38,Bryce Molder,"39' 2""",274.000,7,+3
39,Justin Rose,"39' 9""",238.250,6,-1
40,Jon Curran,"40' 1""",120.333,3,+1
41,Hudson Swafford,"40' 7""",243.333,6,E
42,Scott Brown,"41' 5""",248.250,6,+1
43,Ryan Brehm,"42' 0""",210.000,5,-1
44,Jordan Spieth,"42' 5""",169.583,4,E
45,Gary Woodland,"42' 8""",426.333,10,E
46,Michael Kim,"45' 0""",360.000,8,+1
47,Luke List,"46' 4""",185.250,4,-2
47,Hideto Tanihara,"46' 4""",138.917,3,E
49,Andres Gonzales,"46' 5""",278.250,6,-1
50,James Hahn,"46' 10""",93.667,2,E
51,Billy Hurley III,"46' 11""",187.667,4,E
52,William McGirt,"47' 11""",287.417,6,E
53,Mackenzie Hughes,"48' 4""",193.417,4,+1
54,Scott Piercy,"48' 6""",242.333,5,+3
55,J.T. Poston,"48' 10""",244.167,5,E
56,Pat Perez,"50' 10""",559.000,11,+4
57,Bryson DeChambeau,"51' 10""",155.583,3,+1
58,Trey Mullinax,"52' 11""",158.667,3,+4
59,Richy Werenski,"53' 0""",423.750,8,+3
60,Bill Haas,"53' 1""",212.333,4,+1
61,Jared Sawada,"53' 3""",319.667,6,+3
62,Russell Henley,"53' 8""",107.333,2,+2
63,Kyle Stanley,"54' 3""",162.833,3,+1
64,Peter Malnati,"55' 11""",335.417,6,-1
65,Shawn Stefani,"56' 10""",113.583,2,E
66,Charles Howell III,"57' 0""",342.083,6,+2
67,Brian Harman,"59' 8""",238.500,4,E
68,Jason Bohn,"60' 0""",240.083,4,+1
69,Marc Leishman,"66' 0""",264.083,4,+1
70,Henrik Norlander,"75' 4""",75.333,1,+1
71,Brian Stuard,"75' 5""",150.833,2,+1
