rank,player,Avg,Total Distance (feet),# of Attempts,Relative to par
1,Jordan Spieth,"2' 6""",2.500,1,-1
2,Russell Knox,"5' 6""",5.500,1,E
3,Justin Thomas,"5' 9""",17.250,3,-2
4,Brian Gay,"6' 6""",13.000,2,-1
5,Vijay Singh,"7' 3""",14.500,2,-1
6,John Huh,"7' 10""",23.500,3,-2
7,Webb Simpson,"8' 0""",8.000,1,E
8,William McGirt,"8' 5""",8.417,1,-1
9,Kelly Kraft,"8' 7""",8.583,1,-1
10,Charles Howell III,"10' 0""",10.000,1,-1
11,Bryson DeChambeau,"10' 6""",31.500,3,E
12,Ollie Schniederjans,"11' 6""",22.917,2,E
13,Robert Streb,"11' 10""",23.667,2,E
14,Ben Martin,"12' 5""",12.417,1,-1
15,Chez Reavie,"13' 0""",13.000,1,E
16,Billy Horschel,"13' 2""",65.833,5,-1
17,Richy Werenski,"13' 6""",26.917,2,E
18,Marc Leishman,"14' 7""",29.083,2,-2
19,Jamie Lovemark,"14' 10""",29.667,2,-1
20,Jim Herman,"14' 11""",14.917,1,-1
21,Brian Stuard,"15' 0""",29.917,2,E
22,Scott Piercy,"15' 6""",77.333,5,-2
23,Mackenzie Hughes,"15' 8""",62.583,4,+1
24,Peter Malnati,"16' 4""",16.333,1,E
25,David Lingmerth,"16' 5""",49.333,3,E
26,Ryan Brehm,"16' 10""",50.500,3,-1
26,Satoshi Kodaira,"16' 10""",16.833,1,E
28,Branden Grace,"16' 11""",50.833,3,E
29,Cameron Smith,"17' 6""",17.500,1,-1
30,Rod Pampling,"18' 8""",37.333,2,-1
31,Jason Bohn,"18' 11""",37.833,2,E
32,Michael Thompson,"19' 0""",37.917,2,+1
33,Hideki Matsuyama,"19' 3""",38.500,2,+2
34,Daniel Summerhays,"19' 7""",58.833,3,+1
35,Jon Curran,"20' 0""",20.000,1,E
36,Stewart Cink,"20' 1""",40.167,2,E
37,Kevin Na,"20' 8""",62.000,3,E
38,Tony Finau,"20' 10""",41.583,2,-1
38,Billy Hurley III,"20' 10""",62.583,3,-1
40,Russell Henley,"21' 2""",63.583,3,E
40,Miguel Tabuena,"21' 2""",21.167,1,+2
42,Seamus Power,"21' 6""",86.083,4,-1
43,Bryce Molder,"21' 8""",43.250,2,+1
44,Kevin Kisner,"23' 7""",23.583,1,+1
45,Rory Sabbatini,"26' 3""",78.667,3,+1
46,Y.E. Yang,"26' 9""",80.333,3,E
47,Trey Mullinax,"28' 1""",28.083,1,E
48,Pat Perez,"28' 11""",57.750,2,+1
49,Justin Rose,"29' 3""",87.833,3,-1
50,Gonzalo Fernandez-Castaño,"29' 8""",59.250,2,+1
51,Daniel Berger,"32' 1""",64.083,2,E
52,Vaughn Taylor,"33' 7""",67.083,2,E
53,Henrik Norlander,"35' 6""",142.083,4,+1
54,Hideto Tanihara,"35' 7""",71.167,2,E
55,Bill Haas,"37' 6""",37.500,1,E
56,Fabián Gómez,"37' 7""",150.333,4,-1
57,Shawn Stefani,"41' 1""",41.083,1,+1
58,Ken Duke,"44' 5""",133.333,3,+3
59,Luke List,"46' 11""",93.833,2,E
60,James Hahn,"50' 8""",101.250,2,+1
61,Zach Johnson,"52' 2""",104.250,2,+1
62,Sean O'Hair,"54' 7""",54.583,1,E
63,Tim Wilkinson,"59' 1""",59.083,1,E
64,Andres Gonzales,"64' 8""",129.333,2,+1
