rank,player,Avg,Total Distance (feet),# of Attempts,Relative to par
1,David Lingmerth,"6' 11""",13.833,2,-1
2,Sean O'Hair,"7' 2""",7.167,1,-1
3,Justin Thomas,"9' 8""",9.667,1,E
4,Seamus Power,"10' 3""",10.250,1,E
5,J.T. Poston,"11' 0""",11.000,1,E
6,Ken Duke,"11' 1""",11.083,1,E
7,Jon Curran,"14' 5""",14.417,1,E
8,Stewart Cink,"14' 6""",14.500,1,-1
9,Satoshi Kodaira,"14' 9""",14.750,1,-1
10,Charles Howell III,"16' 7""",16.583,1,E
11,Justin Rose,"17' 1""",51.333,3,-1
11,Tim Wilkinson,"17' 1""",34.167,2,+1
13,Marc Leishman,"17' 8""",17.667,1,E
13,Henrik Norlander,"17' 8""",17.667,1,E
15,Daniel Summerhays,"18' 6""",36.917,2,E
16,Kevin Na,"19' 6""",19.500,1,E
17,Kyle Stanley,"19' 8""",19.667,1,E
18,Jamie Lovemark,"20' 4""",40.667,2,-1
19,Jared Sawada,"22' 4""",67.083,3,E
20,Richy Werenski,"23' 0""",23.000,1,E
21,Ryan Brehm,"24' 2""",24.167,1,E
22,Kelly Kraft,"24' 3""",24.250,1,E
23,Peter Malnati,"25' 4""",50.667,2,-1
24,Kevin Kisner,"28' 2""",28.167,1,-1
25,Y.E. Yang,"29' 5""",58.750,2,-1
26,Brian Harman,"29' 7""",59.083,2,-1
27,Scott Brown,"29' 11""",59.750,2,+1
28,Daniel Berger,"31' 1""",31.083,1,E
29,James Hahn,"32' 5""",32.417,1,E
30,Ben Martin,"33' 11""",169.500,5,+1
31,Zac Blair,"35' 1""",35.083,1,E
32,Bryson DeChambeau,"39' 8""",119.000,3,+2
33,Robert Streb,"43' 5""",43.417,1,E
34,Hideto Tanihara,"44' 3""",88.500,2,+2
35,Bryce Molder,"46' 0""",92.000,2,+1
36,Miguel Tabuena,"49' 3""",49.250,1,+1
37,Vaughn Taylor,"53' 4""",53.333,1,E
38,Hudson Swafford,"56' 3""",112.417,2,+2
39,Tony Finau,"59' 3""",59.250,1,E
40,Vijay Singh,"59' 10""",119.667,2,E
41,Ollie Schniederjans,"64' 1""",64.083,1,E
