rank,player,Avg,Total Distance (feet),# of Attempts,Relative to par
1,Vijay Singh,"2' 11""",2.917,1,-1
2,Bryce Molder,"4' 11""",4.917,1,+1
3,Hideki Matsuyama,"5' 1""",5.083,1,E
4,Tony Finau,"5' 7""",5.583,1,-1
5,John Huh,"7' 10""",23.500,3,-2
6,Webb Simpson,"8' 0""",8.000,1,E
7,William McGirt,"8' 5""",8.417,1,-1
8,Kelly Kraft,"8' 7""",8.583,1,-1
9,Ollie Schniederjans,"10' 0""",10.000,1,E
10,Zach Johnson,"10' 11""",10.917,1,E
11,Seamus Power,"12' 5""",24.750,2,-1
12,Chez Reavie,"13' 0""",13.000,1,E
13,Jamie Lovemark,"13' 1""",13.083,1,E
14,Richy Werenski,"13' 6""",26.917,2,E
15,Robert Streb,"13' 7""",13.583,1,E
16,Mackenzie Hughes,"14' 0""",42.083,3,+1
17,Scott Piercy,"14' 3""",28.500,2,-1
18,Marc Leishman,"14' 7""",29.083,2,-2
19,Jim Herman,"14' 11""",14.917,1,-1
20,Peter Malnati,"16' 4""",16.333,1,E
21,Billy Horschel,"16' 6""",49.500,3,E
22,Brian Stuard,"16' 8""",16.667,1,E
23,Justin Rose,"16' 9""",33.500,2,-1
24,Ryan Brehm,"18' 8""",37.333,2,-1
25,Billy Hurley III,"18' 10""",37.667,2,-1
26,Jason Bohn,"18' 11""",37.833,2,E
27,Michael Thompson,"19' 0""",37.917,2,+1
28,Pat Perez,"19' 9""",19.750,1,E
29,Stewart Cink,"20' 1""",40.167,2,E
30,Daniel Summerhays,"20' 7""",20.583,1,+1
31,Russell Henley,"21' 2""",63.583,3,E
32,Kevin Kisner,"23' 7""",23.583,1,+1
33,Rory Sabbatini,"25' 1""",25.083,1,E
34,Andres Gonzales,"29' 3""",29.250,1,E
34,Rod Pampling,"29' 3""",29.250,1,E
36,Gonzalo Fernandez-Castaño,"29' 8""",59.250,2,+1
37,Ken Duke,"32' 6""",32.500,1,E
38,Bill Haas,"37' 6""",37.500,1,E
39,Shawn Stefani,"41' 1""",41.083,1,+1
40,Daniel Berger,"48' 4""",48.333,1,E
41,Y.E. Yang,"56' 6""",56.500,1,E
42,Hideto Tanihara,"67' 2""",67.167,1,+1
43,Henrik Norlander,"75' 3""",75.250,1,+1
