rank,player,Avg,Total Distance (feet),# of Attempts,Relative to par
1,Tim Wilkinson,"18' 4""",18.333,1,-1
2,Andres Gonzales,"30' 8""",30.667,1,-1
3,Michael Kim,"37' 5""",37.417,1,-1
4,Zach Johnson,"39' 11""",39.917,1,-1
5,Bryce Molder,"40' 6""",40.500,1,-1
6,Kevin Kisner,"42' 7""",42.583,1,-1
7,Trey Mullinax,"44' 10""",44.833,1,E
8,Justin Rose,"48' 7""",48.583,1,-1
9,Webb Simpson,"49' 10""",49.833,1,-1
10,Satoshi Kodaira,"50' 5""",50.417,1,-1
11,Richy Werenski,"57' 4""",57.333,1,-1
12,Billy Horschel,"63' 11""",63.917,1,E
13,Peter Malnati,"64' 7""",64.583,1,-1
14,Ken Duke,"67' 5""",134.750,2,-1
15,Branden Grace,"67' 6""",67.500,1,E
16,Stewart Cink,"70' 1""",140.167,2,-1
17,Sean O'Hair,"77' 4""",77.333,1,-1
18,Seamus Power,"79' 7""",79.583,1,E
19,John Huh,"80' 7""",161.083,2,-1
20,Y.E. Yang,"82' 2""",164.250,2,-1
21,Kevin Na,"82' 9""",82.750,1,E
22,Russell Knox,"83' 6""",83.500,1,-1
23,William McGirt,"87' 3""",87.250,1,E
24,Hideto Tanihara,"92' 11""",185.750,2,-1
25,Vaughn Taylor,"95' 3""",95.250,1,E
26,Henrik Norlander,"95' 7""",95.583,1,-1
27,Russell Henley,"98' 6""",98.500,1,E
28,Jon Curran,"99' 5""",99.417,1,-1
29,Jim Herman,"100' 5""",100.417,1,E
30,Chez Reavie,"106' 9""",106.750,1,E
31,Bill Haas,"107' 7""",107.583,1,E
32,Daniel Summerhays,"109' 10""",109.833,1,E
33,J.T. Poston,"112' 2""",112.167,1,E
34,Scott Brown,"123' 2""",123.167,1,+1
35,Michael Thompson,"167' 5""",167.417,1,+1
