rank,player,Avg,Total Distance (feet),# of Attempts,Relative to par
1,James Hahn,"2' 3""",2.250,1,-1
2,Kelly Kraft,"3' 3""",3.250,1,-1
3,Billy Hurley III,"11' 11""",47.500,4,-2
4,Cameron Smith,"12' 11""",12.917,1,E
5,Chez Reavie,"13' 5""",13.417,1,-1
6,Ryan Brehm,"14' 5""",43.333,3,-2
7,Hideto Tanihara,"14' 9""",29.417,2,E
8,Kyle Stanley,"15' 2""",45.417,3,-1
9,Jim Herman,"15' 3""",61.000,4,-2
10,Vaughn Taylor,"15' 11""",31.833,2,E
11,Luke List,"21' 2""",105.750,5,E
12,Scott Brown,"21' 5""",21.417,1,E
12,Tony Finau,"21' 5""",21.417,1,E
14,Kevin Na,"22' 8""",136.000,6,-1
15,Hudson Swafford,"22' 9""",68.333,3,E
16,Jon Curran,"23' 0""",45.917,2,E
16,Russell Henley,"23' 0""",23.000,1,E
18,Y.E. Yang,"23' 8""",94.750,4,-1
19,Shawn Stefani,"23' 10""",23.833,1,E
20,Richy Werenski,"23' 11""",71.833,3,E
21,Vijay Singh,"25' 5""",152.583,6,+2
22,Jared Sawada,"25' 6""",102.083,4,E
23,Brian Harman,"26' 1""",130.333,5,E
24,Gonzalo Fernandez-Castaño,"26' 8""",160.167,6,+2
24,William McGirt,"26' 8""",133.417,5,E
26,Mackenzie Hughes,"27' 1""",108.250,4,E
27,Webb Simpson,"27' 4""",54.583,2,E
28,Justin Rose,"27' 5""",164.500,6,-1
29,Billy Horschel,"27' 9""",166.417,6,+2
30,Henrik Norlander,"27' 10""",55.667,2,+1
31,Ollie Schniederjans,"27' 11""",55.750,2,+1
32,Fabián Gómez,"29' 5""",88.250,3,+1
33,Pat Perez,"29' 6""",118.083,4,E
34,Ken Duke,"29' 11""",119.583,4,-1
34,Branden Grace,"29' 11""",59.833,2,E
36,Zach Johnson,"30' 3""",60.417,2,E
37,Daniel Summerhays,"30' 7""",214.000,7,-2
38,Scott Piercy,"30' 10""",30.833,1,E
39,John Huh,"31' 1""",124.250,4,E
40,Gary Woodland,"31' 2""",31.167,1,E
41,Andres Gonzales,"31' 5""",94.250,3,E
42,David Lingmerth,"31' 8""",158.250,5,+1
43,Tim Wilkinson,"32' 5""",129.500,4,E
44,Miguel Tabuena,"33' 4""",233.167,7,+1
45,Brian Stuard,"33' 9""",67.500,2,+1
46,Rory Sabbatini,"34' 11""",34.917,1,+1
47,Stewart Cink,"35' 1""",175.417,5,-3
48,Russell Knox,"35' 3""",176.083,5,+1
49,Robert Streb,"36' 0""",144.000,4,E
50,Daniel Berger,"36' 2""",144.500,4,E
51,Bryce Molder,"36' 6""",36.500,1,E
52,Kevin Kisner,"36' 8""",73.250,2,E
53,Seamus Power,"37' 1""",185.333,5,E
54,Zac Blair,"37' 2""",111.417,3,E
55,Satoshi Kodaira,"38' 1""",228.583,6,+2
56,Jordan Spieth,"38' 6""",115.500,3,-1
57,Trey Mullinax,"39' 3""",235.250,6,-1
58,Brian Gay,"39' 4""",78.667,2,E
59,Bryson DeChambeau,"39' 8""",39.667,1,E
60,Sean O'Hair,"40' 9""",122.167,3,-1
60,Michael Thompson,"40' 9""",81.417,2,E
62,J.T. Poston,"42' 0""",126.083,3,E
63,Justin Thomas,"43' 1""",301.500,7,-1
64,Charles Howell III,"43' 5""",260.250,6,E
65,Marc Leishman,"44' 6""",88.917,2,E
66,Hideki Matsuyama,"47' 5""",94.750,2,-1
67,Jamie Lovemark,"48' 4""",144.917,3,E
68,Michael Kim,"49' 3""",98.500,2,+1
69,Ben Martin,"52' 4""",104.583,2,+1
70,Peter Malnati,"57' 4""",229.417,4,E
71,Rod Pampling,"69' 4""",138.667,2,E
