rank,player,Avg,Total Distance (feet),# of Attempts,Relative to par
1,Justin Thomas,"8' 7""",8.583,1,-2
2,Kyle Stanley,"25' 8""",51.333,2,-1
3,Jared Sawada,"38' 0""",38.000,1,-1
4,Shawn Stefani,"43' 11""",219.667,5,+2
5,Hideto Tanihara,"45' 7""",273.583,6,-1
6,Ollie Schniederjans,"45' 10""",183.250,4,E
7,Jim Herman,"46' 5""",231.917,5,-2
8,Billy Hurley III,"47' 5""",236.917,5,E
9,Miguel Tabuena,"47' 6""",142.500,3,-2
10,Richy Werenski,"47' 8""",238.167,5,-4
11,Andres Gonzales,"48' 2""",241.000,5,-1
12,David Lingmerth,"48' 7""",145.667,3,-1
13,Jamie Lovemark,"49' 5""",148.167,3,-1
14,Jordan Spieth,"50' 9""",406.167,8,-3
15,Daniel Berger,"51' 0""",102.000,2,E
16,Chez Reavie,"52' 3""",261.083,5,-3
17,Satoshi Kodaira,"52' 7""",262.750,5,-2
18,Gary Woodland,"53' 3""",159.667,3,-1
19,Kevin Na,"54' 2""",433.250,8,-4
20,Henrik Norlander,"54' 10""",328.833,6,-1
21,Trey Mullinax,"56' 0""",224.000,4,E
22,Charles Howell III,"56' 5""",169.250,3,-3
23,Luke List,"58' 2""",232.583,4,-3
24,Hudson Swafford,"59' 5""",178.250,3,-2
25,Hideki Matsuyama,"59' 8""",119.333,2,-1
26,Jason Bohn,"61' 6""",123.000,2,-1
27,Marc Leishman,"61' 9""",123.417,2,-1
28,Zach Johnson,"62' 4""",311.667,5,-1
29,Michael Kim,"62' 6""",437.417,7,-2
30,Webb Simpson,"62' 8""",313.500,5,-2
31,Daniel Summerhays,"62' 11""",377.417,6,E
32,Pat Perez,"64' 3""",192.667,3,-2
33,Justin Rose,"64' 4""",128.667,2,-2
34,Ken Duke,"64' 7""",516.417,8,-1
35,Cameron Smith,"64' 10""",259.417,4,-2
36,Ben Martin,"65' 2""",325.833,5,E
37,Zac Blair,"65' 3""",260.917,4,-1
38,Tim Wilkinson,"65' 4""",326.500,5,-3
39,Kevin Kisner,"65' 5""",457.917,7,-3
39,Kelly Kraft,"65' 5""",196.250,3,+1
41,Jon Curran,"66' 6""",332.417,5,+2
42,Ryan Brehm,"67' 0""",267.833,4,+1
43,J.T. Poston,"67' 10""",339.083,5,-2
44,Branden Grace,"68' 0""",340.083,5,-1
45,Rod Pampling,"68' 2""",272.667,4,E
46,James Hahn,"69' 0""",414.083,6,-2
47,Gonzalo Fernandez-Castaño,"69' 9""",418.667,6,-2
48,Seamus Power,"70' 4""",562.333,8,-1
49,Tony Finau,"70' 10""",425.000,6,+1
50,Brian Harman,"70' 11""",212.750,3,E
51,William McGirt,"71' 0""",213.083,3,-2
52,Michael Thompson,"71' 1""",426.417,6,E
53,Scott Piercy,"71' 3""",284.833,4,+2
54,Peter Malnati,"71' 8""",573.500,8,E
55,Brian Stuard,"72' 6""",362.583,5,E
56,Stewart Cink,"74' 2""",370.667,5,-1
56,Brian Gay,"74' 2""",148.250,2,-1
58,Robert Streb,"74' 3""",148.417,2,E
59,Vijay Singh,"74' 9""",598.167,8,-2
60,John Huh,"75' 2""",375.917,5,-2
61,Sean O'Hair,"77' 1""",308.333,4,-3
62,Rory Sabbatini,"77' 10""",155.583,2,E
63,Billy Horschel,"78' 5""",313.750,4,-1
64,Russell Knox,"78' 8""",157.333,2,-1
65,Bryce Molder,"79' 2""",316.750,4,+2
66,Bryson DeChambeau,"81' 9""",327.000,4,-1
67,Y.E. Yang,"84' 1""",336.250,4,-2
68,Mackenzie Hughes,"85' 0""",254.917,3,E
69,Bill Haas,"94' 0""",375.917,4,+2
70,Scott Brown,"96' 3""",385.000,4,+1
71,Russell Henley,"98' 6""",98.500,1,E
72,Fabián Gómez,"125' 11""",125.917,1,+1
73,Vaughn Taylor,"132' 3""",264.417,2,+1
