rank,player,%,Greens Hit,Total Holes,Relative to par
1,J.J. Henry,100.00,4,4,E
1,Dustin Johnson,100.00,6,6,-0.17
1,Steve Stricker,100.00,6,6,-0.17
4,Marc Leishman,90.91,10,11,-0.20
5,Carl Pettersson,85.71,6,7,-0.17
6,Mark Wilson,84.62,11,13,-0.27
7,Bill Haas,83.33,5,6,E
7,Matt Kuchar,83.33,10,12,-0.20
9,Keegan Bradley,80.00,4,5,E
9,Jason Dufner,80.00,12,15,-0.25
11,Brandt Snedeker,77.78,7,9,-0.43
12,Charlie Beljan,75.00,6,8,E
12,Zach Johnson,75.00,6,8,-0.50
14,Hunter Mahan,72.73,8,11,-0.25
15,Tommy Gainey,71.43,5,7,-0.60
15,Kyle Stanley,71.43,5,7,+0.40
15,Johnson Wagner,71.43,10,14,-0.30
18,John Huh,66.67,4,6,E
18,Ryan Moore,66.67,6,9,E
18,Scott Stallings,66.67,4,6,-0.25
18,Nick Watney,66.67,4,6,E
22,Ben Curtis,63.64,7,11,+0.29
22,Rickie Fowler,63.64,7,11,-0.29
24,George McNeill,60.00,3,5,E
25,Jonas Blixt,57.14,4,7,-0.25
25,Ian Poulter,57.14,4,7,E
27,"Ted Potter, Jr.",55.56,5,9,+0.20
28,Scott Piercy,50.00,5,10,-0.40
28,Bubba Watson,50.00,3,6,+0.33
30,Webb Simpson,40.00,2,5,+0.50
