rank,player,%,Greens Hit,Total Holes,Relative to par
1,Keegan Bradley,100.00,15,15,-0.87
1,Ben Curtis,100.00,13,13,-0.31
1,J.J. Henry,100.00,12,12,-0.42
1,John Huh,100.00,14,14,-0.50
1,Zach Johnson,100.00,14,14,-0.43
1,Marc Leishman,100.00,18,18,-0.33
1,George McNeill,100.00,16,16,-0.31
1,Scott Piercy,100.00,18,18,-0.39
9,Dustin Johnson,95.65,22,23,-0.82
10,Bubba Watson,95.45,21,22,-0.57
11,Charlie Beljan,94.74,18,19,-0.39
12,Matt Kuchar,94.12,16,17,-0.69
13,Rickie Fowler,93.75,15,16,-0.67
13,Tommy Gainey,93.75,15,16,-0.53
13,Brandt Snedeker,93.75,15,16,-0.67
13,Kyle Stanley,93.75,15,16,-0.33
17,Johnson Wagner,93.33,14,15,-0.57
18,Nick Watney,92.86,13,14,-0.62
19,Mark Wilson,92.31,12,13,-0.17
20,Carl Pettersson,90.00,18,20,-0.50
21,Webb Simpson,88.89,16,18,-0.50
21,Steve Stricker,88.89,16,18,-0.63
23,Jonas Blixt,88.24,15,17,-0.13
23,Scott Stallings,88.24,15,17,-0.47
25,Bill Haas,83.33,15,18,-0.20
25,Ryan Moore,83.33,10,12,-0.20
25,Ian Poulter,83.33,15,18,-0.47
28,Hunter Mahan,78.57,11,14,-0.45
29,Jason Dufner,76.92,10,13,-0.70
29,"Ted Potter, Jr.",76.92,10,13,-0.10
