rank,player,%,Greens Hit,Total Holes,Relative to par
1,Jonas Blixt,100.00,1,1,E
1,Keegan Bradley,100.00,2,2,-0.50
1,Tommy Gainey,100.00,1,1,E
1,Matt Kuchar,100.00,2,2,E
1,Webb Simpson,100.00,1,1,E
1,Scott Stallings,100.00,1,1,E
1,Kyle Stanley,100.00,3,3,+0.67
1,Steve Stricker,100.00,2,2,E
1,Mark Wilson,100.00,1,1,E
10,J.J. Henry,75.00,3,4,E
10,Hunter Mahan,75.00,3,4,+0.33
10,Nick Watney,75.00,3,4,E
13,John Huh,66.67,2,3,+1.00
13,Dustin Johnson,66.67,2,3,E
13,Zach Johnson,66.67,2,3,E
16,Jason Dufner,50.00,1,2,E
16,Rickie Fowler,50.00,1,2,E
16,Bill Haas,50.00,2,4,+1.00
16,Brandt Snedeker,50.00,2,4,+0.50
16,Johnson Wagner,50.00,1,2,E
16,Bubba Watson,50.00,1,2,E
22,Ben Curtis,33.33,1,3,E
22,Scott Piercy,33.33,1,3,E
22,"Ted Potter, Jr.",33.33,1,3,-1.00
22,Ian Poulter,33.33,1,3,E
26,Marc Leishman,25.00,1,4,E
26,George McNeill,25.00,1,4,E
26,Ryan Moore,25.00,1,4,E
