rank,player,%,Greens Hit,Total Holes,Relative to par
1,Charlie Beljan,100.00,3,3,E
1,Tommy Gainey,100.00,10,10,-0.20
1,Hunter Mahan,100.00,4,4,-0.25
1,Webb Simpson,100.00,7,7,-0.14
1,Brandt Snedeker,100.00,5,5,-0.20
1,Johnson Wagner,100.00,2,2,E
1,Mark Wilson,100.00,4,4,-0.25
8,Scott Stallings,88.89,8,9,-0.13
9,Kyle Stanley,87.50,7,8,-0.14
9,Bubba Watson,87.50,7,8,-0.29
11,J.J. Henry,85.71,6,7,E
12,Ben Curtis,83.33,5,6,+0.20
12,Dustin Johnson,83.33,5,6,E
12,Carl Pettersson,83.33,5,6,+0.20
15,Rickie Fowler,80.00,4,5,-0.25
15,Zach Johnson,80.00,4,5,+0.25
15,Ian Poulter,80.00,4,5,-0.50
18,Keegan Bradley,77.78,7,9,E
19,Bill Haas,75.00,6,8,E
19,John Huh,75.00,6,8,E
19,Scott Piercy,75.00,3,4,+0.67
19,Steve Stricker,75.00,3,4,+0.33
23,Ryan Moore,71.43,5,7,E
24,Nick Watney,70.00,7,10,-0.14
25,George McNeill,66.67,4,6,E
26,Jason Dufner,60.00,3,5,E
27,Jonas Blixt,50.00,1,2,-1.00
27,Matt Kuchar,50.00,1,2,E
29,Marc Leishman,.00,0,1,E
29,"Ted Potter, Jr.",.00,0,3,E
