rank,player,%,Greens Hit,Total Holes,Relative to par
1,Nick Watney,100.00,11,11,+0.18
2,Steve Stricker,92.31,12,13,-0.25
2,Bubba Watson,92.31,12,13,+0.08
4,Jason Dufner,91.67,11,12,+0.18
4,Webb Simpson,91.67,11,12,+0.09
6,Ben Curtis,90.91,10,11,-0.20
6,Tommy Gainey,90.91,10,11,+0.10
6,John Huh,90.91,10,11,E
6,Dustin Johnson,90.91,10,11,-0.10
10,Ian Poulter,83.33,10,12,E
11,Jonas Blixt,81.82,9,11,-0.22
11,Keegan Bradley,81.82,9,11,E
11,Marc Leishman,81.82,9,11,E
14,J.J. Henry,80.00,12,15,-0.08
15,George McNeill,76.92,10,13,+0.20
16,Zach Johnson,75.00,9,12,E
16,Scott Stallings,75.00,12,16,-0.08
18,Charlie Beljan,72.73,8,11,+0.13
18,Rickie Fowler,72.73,8,11,-0.13
18,Bill Haas,72.73,8,11,E
18,Matt Kuchar,72.73,8,11,+0.13
18,Hunter Mahan,72.73,8,11,E
18,Carl Pettersson,72.73,8,11,E
24,Mark Wilson,71.43,10,14,-0.10
25,Brandt Snedeker,70.00,7,10,+0.14
26,Scott Piercy,69.23,9,13,+0.11
26,Johnson Wagner,69.23,9,13,+0.22
28,"Ted Potter, Jr.",66.67,8,12,E
28,Kyle Stanley,66.67,8,12,+0.13
30,Ryan Moore,60.00,6,10,+0.33
