rank,player,%,Greens Hit,# of holes
1,Tommy Gainey,100.00,11,11
1,J.J. Henry,100.00,7,7
3,John Huh,93.33,14,15
4,Scott Stallings,89.47,17,19
5,Webb Simpson,87.50,14,16
6,Dustin Johnson,86.36,19,22
7,Jason Dufner,85.71,6,7
7,Bill Haas,85.71,12,14
9,Zach Johnson,84.62,11,13
10,Ryan Moore,83.33,10,12
11,Carl Pettersson,81.82,9,11
12,Brandt Snedeker,80.00,12,15
13,Rickie Fowler,78.95,15,19
14,Bubba Watson,76.19,16,21
15,Steve Stricker,75.00,9,12
15,Mark Wilson,75.00,6,8
17,Marc Leishman,73.68,14,19
18,Keegan Bradley,73.33,11,15
19,Jonas Blixt,69.23,9,13
19,"Ted Potter, Jr.",69.23,9,13
21,Matt Kuchar,68.75,11,16
22,Scott Piercy,66.67,10,15
22,Nick Watney,66.67,10,15
24,Charlie Beljan,64.71,11,17
24,Ben Curtis,64.71,11,17
26,Kyle Stanley,64.29,9,14
26,Johnson Wagner,64.29,9,14
28,George McNeill,63.16,12,19
29,Ian Poulter,57.14,8,14
30,Hunter Mahan,56.25,9,16
