rank,player,%,Greens Hit,# of Holes
1,Keegan Bradley,93.33,28,30
1,Brandt Snedeker,93.33,28,30
3,Bubba Watson,91.67,22,24
4,Dustin Johnson,91.30,21,23
5,Tommy Gainey,91.18,31,34
6,Zach Johnson,90.63,29,32
7,Kyle Stanley,90.32,28,31
7,Johnson Wagner,90.32,28,31
9,Charlie Beljan,89.29,25,28
10,George McNeill,88.46,23,26
11,Carl Pettersson,88.24,30,34
12,Steve Stricker,87.88,29,33
13,J.J. Henry,86.84,33,38
14,Mark Wilson,86.49,32,37
15,Matt Kuchar,86.21,25,29
15,Webb Simpson,86.21,25,29
17,Ben Curtis,85.71,24,28
18,Rickie Fowler,84.62,22,26
19,Jonas Blixt,84.38,27,32
20,Scott Piercy,83.33,25,30
20,Nick Watney,83.33,25,30
22,Marc Leishman,80.77,21,26
23,John Huh,80.00,24,30
24,Bill Haas,77.42,24,31
25,Scott Stallings,76.92,20,26
26,Ian Poulter,74.19,23,31
27,Hunter Mahan,68.97,20,29
28,Jason Dufner,68.42,26,38
29,Ryan Moore,66.67,22,33
30,"Ted Potter, Jr.",62.50,20,32
