rank,player,%,Total Hit,Total Attempts,RTP Score
1,Tommy Gainey,92.59,50,54,-12.00
1,Dustin Johnson,92.59,50,54,-20.00
3,John Huh,88.89,48,54,-4.00
3,Webb Simpson,88.89,48,54,-7.00
5,Keegan Bradley,87.04,47,54,-12.00
5,J.J. Henry,87.04,47,54,-7.00
5,Steve Stricker,87.04,47,54,-15.00
5,Bubba Watson,87.04,47,54,-12.00
9,Bill Haas,85.19,46,54,-2.00
9,Zach Johnson,85.19,46,54,-9.00
9,Carl Pettersson,85.19,46,54,-9.00
9,Brandt Snedeker,85.19,46,54,-16.00
9,Mark Wilson,85.19,46,54,-7.00
14,Ben Curtis,83.33,45,54,-5.00
14,Johnson Wagner,83.33,45,54,-8.00
16,Scott Piercy,81.48,44,54,-6.00
16,Kyle Stanley,81.48,44,54,+2.00
16,Nick Watney,81.48,44,54,-9.00
19,Jonas Blixt,79.63,43,54,-7.00
19,Marc Leishman,79.63,43,54,-6.00
19,George McNeill,79.63,43,54,-1.00
19,Scott Stallings,79.63,43,54,-10.00
23,Charlie Beljan,77.78,42,54,-4.00
23,Jason Dufner,77.78,42,54,-8.00
23,Rickie Fowler,77.78,42,54,-14.00
23,Matt Kuchar,77.78,42,54,-13.00
27,Ian Poulter,74.07,40,54,-8.00
28,Hunter Mahan,72.22,39,54,-6.00
28,Ryan Moore,72.22,39,54,-3.00
30,"Ted Potter, Jr.",68.52,37,54,-5.00
