rank,player,%,Greens Hit,Total Holes,Relative to par
1,J.J. Henry,95.65,22,23,-0.23
2,Dustin Johnson,94.29,33,35,-0.58
3,Marc Leishman,93.33,28,30,-0.29
4,Tommy Gainey,90.91,30,33,-0.43
5,Charlie Beljan,90.00,27,30,-0.26
5,Brandt Snedeker,90.00,27,30,-0.52
5,Mark Wilson,90.00,27,30,-0.22
8,Keegan Bradley,89.66,26,29,-0.50
9,Steve Stricker,89.29,25,28,-0.40
10,Zach Johnson,88.89,24,27,-0.33
11,Carl Pettersson,87.88,29,33,-0.31
12,Matt Kuchar,87.10,27,31,-0.48
12,Kyle Stanley,87.10,27,31,-0.15
14,Bubba Watson,86.11,31,36,-0.42
15,John Huh,85.71,24,28,-0.29
16,George McNeill,85.19,23,27,-0.22
17,Scott Stallings,84.38,27,32,-0.33
18,Johnson Wagner,83.87,26,31,-0.42
19,Ben Curtis,83.33,25,30,-0.04
19,Webb Simpson,83.33,25,30,-0.32
21,Rickie Fowler,81.25,26,32,-0.50
21,Bill Haas,81.25,26,32,-0.12
21,Scott Piercy,81.25,26,32,-0.27
24,Nick Watney,80.00,24,30,-0.38
25,Hunter Mahan,79.31,23,29,-0.35
26,Jonas Blixt,76.92,20,26,-0.20
27,Ian Poulter,76.67,23,30,-0.39
28,Jason Dufner,75.76,25,33,-0.40
29,Ryan Moore,75.00,21,28,-0.10
30,"Ted Potter, Jr.",60.00,15,25,E
