rank,player,%,Greens Hit,Total Holes,Relative to par
1,Tommy Gainey,100.00,5,5,E
1,Bill Haas,100.00,4,4,E
1,John Huh,100.00,8,8,-0.13
1,George McNeill,100.00,7,7,+0.29
1,Scott Piercy,100.00,5,5,+0.20
1,Webb Simpson,100.00,7,7,E
1,Brandt Snedeker,100.00,7,7,-0.43
1,Scott Stallings,100.00,2,2,E
1,Johnson Wagner,100.00,6,6,+0.33
10,Jonas Blixt,90.00,9,10,E
11,Zach Johnson,88.89,8,9,-0.13
12,Steve Stricker,85.71,6,7,-0.33
13,Ben Curtis,83.33,5,6,-0.20
13,Rickie Fowler,83.33,5,6,-0.20
15,Carl Pettersson,80.00,4,5,E
15,Kyle Stanley,80.00,4,5,+0.50
15,Mark Wilson,80.00,4,5,-0.25
18,J.J. Henry,77.78,7,9,-0.29
19,Ryan Moore,75.00,6,8,-0.33
20,Keegan Bradley,70.00,7,10,E
21,Dustin Johnson,66.67,2,3,+0.50
21,"Ted Potter, Jr.",66.67,6,9,E
23,Ian Poulter,57.14,4,7,E
23,Nick Watney,57.14,4,7,-0.50
25,Jason Dufner,50.00,2,4,E
26,Charlie Beljan,42.86,3,7,E
27,Matt Kuchar,25.00,1,4,-1.00
27,Marc Leishman,25.00,1,4,+1.00
29,Hunter Mahan,.00,0,2,E
