rank,player,%,Greens Hit,Total Holes,Relative to par
1,Tommy Gainey,96.15,25,26,-0.40
2,Charlie Beljan,95.45,21,22,-0.33
2,Scott Piercy,95.45,21,22,-0.24
4,Brandt Snedeker,95.24,20,21,-0.55
5,Ben Curtis,94.74,18,19,-0.17
5,J.J. Henry,94.74,18,19,-0.28
5,Zach Johnson,94.74,18,19,-0.28
5,Marc Leishman,94.74,18,19,-0.33
9,Johnson Wagner,94.12,16,17,-0.50
9,Mark Wilson,94.12,16,17,-0.19
11,Bubba Watson,93.33,28,30,-0.50
12,Dustin Johnson,93.10,27,29,-0.67
13,Webb Simpson,92.00,23,25,-0.39
14,Keegan Bradley,91.67,22,24,-0.59
14,Kyle Stanley,91.67,22,24,-0.27
16,John Huh,90.91,20,22,-0.35
16,George McNeill,90.91,20,22,-0.25
18,Rickie Fowler,90.48,19,21,-0.58
19,Matt Kuchar,89.47,17,19,-0.65
20,Carl Pettersson,88.46,23,26,-0.35
20,Scott Stallings,88.46,23,26,-0.35
22,Steve Stricker,86.36,19,22,-0.47
23,Jonas Blixt,84.21,16,19,-0.19
24,Hunter Mahan,83.33,15,18,-0.40
24,Nick Watney,83.33,20,24,-0.45
26,Ian Poulter,82.61,19,23,-0.47
27,Bill Haas,80.77,21,26,-0.14
28,Ryan Moore,78.95,15,19,-0.13
29,Jason Dufner,72.22,13,18,-0.54
30,"Ted Potter, Jr.",62.50,10,16,-0.10
