rank,player,%,Greens Hit,Total Holes,Relative to par
1,Dustin Johnson,87.50,21,24,-0.05
1,Steve Stricker,87.50,28,32,-0.21
3,Tommy Gainey,85.71,24,28,-0.08
4,J.J. Henry,82.86,29,35,-0.07
5,Webb Simpson,82.76,24,29,+0.08
6,Carl Pettersson,82.14,23,28,-0.04
7,Jonas Blixt,81.82,27,33,-0.15
8,John Huh,81.25,26,32,+0.08
9,Keegan Bradley,80.00,24,30,E
9,Zach Johnson,80.00,28,35,-0.14
9,Nick Watney,80.00,24,30,E
12,Bubba Watson,79.17,19,24,+0.11
13,Brandt Snedeker,78.79,26,33,-0.19
14,Mark Wilson,78.38,29,37,-0.14
15,Jason Dufner,77.78,28,36,-0.04
16,Johnson Wagner,75.68,28,37,E
17,Bill Haas,75.00,21,28,+0.10
18,Scott Stallings,74.07,20,27,-0.10
19,Ben Curtis,73.53,25,34,-0.04
19,Matt Kuchar,73.53,25,34,-0.08
21,Kyle Stanley,72.41,21,29,+0.38
22,George McNeill,70.97,22,31,+0.18
23,Rickie Fowler,69.70,23,33,-0.13
24,Marc Leishman,68.57,24,35,E
25,Ian Poulter,66.67,20,30,+0.05
26,"Ted Potter, Jr.",65.79,25,38,-0.08
27,Ryan Moore,65.71,23,35,-0.04
28,Charlie Beljan,65.63,21,32,+0.14
28,Hunter Mahan,65.63,21,32,+0.05
30,Scott Piercy,62.50,20,32,E
