rank,player,%,Greens Hit,Total Holes,Relative to par
1,Jonas Blixt,100.00,4,4,-0.25
1,Keegan Bradley,100.00,2,2,+0.50
1,J.J. Henry,100.00,3,3,+0.33
1,Dustin Johnson,100.00,1,1,E
1,Zach Johnson,100.00,3,3,E
1,Ryan Moore,100.00,4,4,-0.25
1,Carl Pettersson,100.00,5,5,E
1,"Ted Potter, Jr.",100.00,5,5,-0.40
1,Ian Poulter,100.00,1,1,+1.00
1,Brandt Snedeker,100.00,3,3,-0.33
1,Johnson Wagner,100.00,2,2,-0.50
1,Nick Watney,100.00,2,2,E
1,Bubba Watson,100.00,3,3,E
14,Matt Kuchar,80.00,4,5,E
15,Tommy Gainey,75.00,3,4,E
15,Webb Simpson,75.00,3,4,E
15,Mark Wilson,75.00,3,4,+0.33
18,Charlie Beljan,66.67,4,6,+0.50
18,Ben Curtis,66.67,2,3,E
18,Jason Dufner,66.67,2,3,E
18,Rickie Fowler,66.67,2,3,+0.50
18,Bill Haas,66.67,2,3,E
23,Marc Leishman,60.00,3,5,+0.33
24,John Huh,50.00,2,4,+0.50
24,Hunter Mahan,50.00,2,4,+1.00
24,George McNeill,50.00,1,2,E
24,Scott Stallings,50.00,1,2,E
24,Kyle Stanley,50.00,1,2,+1.00
24,Steve Stricker,50.00,2,4,E
30,Scott Piercy,.00,0,1,E
