rank,player,Avg,Total Strokes,Total Rounds
1,K.J. Choi,33.00,33,1
1,Will MacKenzie,33.00,33,1
3,Joe Durant,34.00,34,1
3,Jim Furyk,34.00,34,1
3,Trevor Immelman,34.00,34,1
3,Davis Love III,34.00,34,1
3,Corey Pavin,34.00,34,1
3,Vijay Singh,34.00,34,1
3,Brett Wetterich,34.00,34,1
10,Stephen Ames,35.00,35,1
10,Luke Donald,35.00,35,1
10,J.B. Holmes,35.00,35,1
13,Stuart Appleby,36.00,36,1
13,Chris Couch,36.00,36,1
13,Troy Matteson,36.00,36,1
13,John Rollins,36.00,36,1
13,Adam Scott,36.00,36,1
13,David Toms,36.00,36,1
19,Aaron Baddeley,37.00,37,1
19,J.J. Henry,37.00,37,1
19,Tim Herron,37.00,37,1
19,Geoff Ogilvy,37.00,37,1
19,Carl Pettersson,37.00,37,1
19,John Senden,37.00,37,1
25,Chad Campbell,38.00,38,1
25,Rod Pampling,38.00,38,1
25,Rory Sabbatini,38.00,38,1
25,Kirk Triplett,38.00,38,1
29,Eric Axley,39.00,39,1
29,Ben Curtis,39.00,39,1
29,Jeff Maggert,39.00,39,1
29,Dean Wilson,39.00,39,1
33,D.J. Trahan,40.00,40,1
