rank,player,Avg,Total Strokes,Total Rounds
1,J.J. Henry,35.00,35,1
1,Will MacKenzie,35.00,35,1
1,Troy Matteson,35.00,35,1
1,Vijay Singh,35.00,35,1
1,Kirk Triplett,35.00,35,1
6,Eric Axley,36.00,36,1
6,K.J. Choi,36.00,36,1
6,Luke Donald,36.00,36,1
6,Joe Durant,36.00,36,1
6,Rod Pampling,36.00,36,1
6,Corey Pavin,36.00,36,1
6,Rory Sabbatini,36.00,36,1
6,David Toms,36.00,36,1
6,Dean Wilson,36.00,36,1
15,Stuart Appleby,37.00,37,1
15,Chad Campbell,37.00,37,1
15,Tim Herron,37.00,37,1
15,Trevor Immelman,37.00,37,1
15,Carl Pettersson,37.00,37,1
15,John Rollins,37.00,37,1
15,Adam Scott,37.00,37,1
15,Brett Wetterich,37.00,37,1
23,Aaron Baddeley,38.00,38,1
23,Chris Couch,38.00,38,1
23,Ben Curtis,38.00,38,1
23,J.B. Holmes,38.00,38,1
23,Davis Love III,38.00,38,1
23,Jeff Maggert,38.00,38,1
23,John Senden,38.00,38,1
23,D.J. Trahan,38.00,38,1
31,Stephen Ames,39.00,39,1
31,Jim Furyk,39.00,39,1
31,Geoff Ogilvy,39.00,39,1
