rank,player,Low Rnd
1,Rod Pampling,32
2,Stephen Ames,33
2,Stuart Appleby,33
2,K.J. Choi,33
2,Chris Couch,33
2,Jim Furyk,33
2,Davis Love III,33
2,Will MacKenzie,33
2,Rory Sabbatini,33
2,David Toms,33
11,Aaron Baddeley,34
11,Joe Durant,34
11,Trevor Immelman,34
11,Corey Pavin,34
11,Vijay Singh,34
11,Brett Wetterich,34
11,Dean Wilson,34
18,Eric Axley,35
18,Luke Donald,35
18,J.J. Henry,35
18,J.B. Holmes,35
18,Troy Matteson,35
18,Geoff Ogilvy,35
18,Carl Pettersson,35
18,Adam Scott,35
18,John Senden,35
18,Kirk Triplett,35
28,Chad Campbell,36
28,John Rollins,36
30,Tim Herron,37
30,D.J. Trahan,37
32,Ben Curtis,38
32,Jeff Maggert,38
