rank,player,Avg,Total Strokes,Total Rounds
1,Stuart Appleby,34.00,34,1
1,Trevor Immelman,34.00,34,1
1,Will MacKenzie,34.00,34,1
1,Vijay Singh,34.00,34,1
5,Luke Donald,35.00,35,1
5,Davis Love III,35.00,35,1
5,Troy Matteson,35.00,35,1
5,Geoff Ogilvy,35.00,35,1
5,Adam Scott,35.00,35,1
10,Aaron Baddeley,36.00,36,1
10,Chad Campbell,36.00,36,1
10,K.J. Choi,36.00,36,1
10,Chris Couch,36.00,36,1
10,Joe Durant,36.00,36,1
10,J.J. Henry,36.00,36,1
10,J.B. Holmes,36.00,36,1
10,David Toms,36.00,36,1
18,Stephen Ames,37.00,37,1
18,Tim Herron,37.00,37,1
18,Carl Pettersson,37.00,37,1
18,John Rollins,37.00,37,1
18,Rory Sabbatini,37.00,37,1
23,Eric Axley,38.00,38,1
23,Jim Furyk,38.00,38,1
23,Jeff Maggert,38.00,38,1
23,Rod Pampling,38.00,38,1
23,John Senden,38.00,38,1
23,D.J. Trahan,38.00,38,1
23,Kirk Triplett,38.00,38,1
23,Dean Wilson,38.00,38,1
31,Ben Curtis,39.00,39,1
31,Corey Pavin,39.00,39,1
33,Brett Wetterich,40.00,40,1
