rank,player,Avg,Total Strokes,Total Rounds
1,Rod Pampling,32.00,32,1
2,Stephen Ames,33.00,33,1
2,Stuart Appleby,33.00,33,1
2,K.J. Choi,33.00,33,1
2,Chris Couch,33.00,33,1
2,Jim Furyk,33.00,33,1
2,Davis Love III,33.00,33,1
2,Rory Sabbatini,33.00,33,1
2,David Toms,33.00,33,1
10,Aaron Baddeley,34.00,34,1
10,Vijay Singh,34.00,34,1
10,Dean Wilson,34.00,34,1
13,Eric Axley,35.00,35,1
13,Luke Donald,35.00,35,1
13,Carl Pettersson,35.00,35,1
13,Adam Scott,35.00,35,1
13,John Senden,35.00,35,1
13,Kirk Triplett,35.00,35,1
19,Joe Durant,36.00,36,1
19,J.J. Henry,36.00,36,1
19,Trevor Immelman,36.00,36,1
19,Will MacKenzie,36.00,36,1
19,John Rollins,36.00,36,1
24,Tim Herron,37.00,37,1
24,J.B. Holmes,37.00,37,1
24,Troy Matteson,37.00,37,1
24,Geoff Ogilvy,37.00,37,1
24,D.J. Trahan,37.00,37,1
24,Brett Wetterich,37.00,37,1
30,Chad Campbell,38.00,38,1
30,Ben Curtis,38.00,38,1
30,Corey Pavin,38.00,38,1
33,Jeff Maggert,41.00,41,1
