rank,player,Avg,Total Strokes,Total Holes
1,Vijay Singh,34.25,137,4
2,K.J. Choi,34.50,138,4
2,Will MacKenzie,34.50,138,4
4,Stuart Appleby,35.00,140,4
4,Davis Love III,35.00,140,4
6,Luke Donald,35.25,141,4
6,Trevor Immelman,35.25,141,4
6,David Toms,35.25,141,4
9,Joe Durant,35.50,142,4
10,Chris Couch,35.75,143,4
10,Troy Matteson,35.75,143,4
10,Adam Scott,35.75,143,4
13,Stephen Ames,36.00,144,4
13,Jim Furyk,36.00,144,4
13,J.J. Henry,36.00,144,4
13,Rod Pampling,36.00,144,4
13,Rory Sabbatini,36.00,144,4
18,Aaron Baddeley,36.25,145,4
19,J.B. Holmes,36.50,146,4
19,Carl Pettersson,36.50,146,4
19,John Rollins,36.50,146,4
19,Kirk Triplett,36.50,146,4
23,Corey Pavin,36.75,147,4
23,Dean Wilson,36.75,147,4
25,Eric Axley,37.00,148,4
25,Tim Herron,37.00,148,4
25,Geoff Ogilvy,37.00,148,4
25,John Senden,37.00,148,4
25,Brett Wetterich,37.00,148,4
30,Chad Campbell,37.25,149,4
31,D.J. Trahan,38.25,153,4
32,Ben Curtis,38.50,154,4
33,Jeff Maggert,39.00,156,4
