rank,player,Avg,Total Distance (feet),# of Attempts,Relative to par
1,Jonas Blixt,"1' 4""",1.333,1,-1
2,Brian Gay,"2' 4""",2.333,1,-1
3,Matt Kuchar,"5' 10""",5.833,1,E
4,Boo Weekley,"7' 1""",7.083,1,-1
5,Russell Henley,"8' 11""",8.917,1,-1
6,Zach Johnson,"11' 11""",11.917,1,E
7,Dustin Johnson,"13' 6""",40.583,3,E
8,Webb Simpson,"14' 11""",29.833,2,-1
9,Adam Scott,"15' 4""",15.333,1,-1
10,Derek Ernst,"16' 9""",16.750,1,+1
11,Woody Austin,"20' 6""",20.500,1,E
12,Michael Thompson,"23' 7""",23.583,1,E
13,Harris English,"25' 10""",25.833,1,E
14,John Merrick,"27' 5""",27.417,1,+1
15,Patrick Reed,"31' 6""",126.000,4,+3
16,Martin Laird,"33' 4""",33.333,1,E
17,Ken Duke,"34' 5""",34.417,1,E
