rank,player,Avg,Attempts,Total Distance (feet),Relative to par
1,Russell Henley,"9' 11""",1,9.917,E
2,Kevin Streelman,"13' 8""",2,27.250,E
3,Michael Thompson,"13' 11""",3,41.750,-2.00
4,Scott Brown,"14' 11""",2,29.833,+1.00
4,Ryan Moore,"14' 11""",5,74.750,-3.00
6,Derek Ernst,"15' 3""",4,60.833,-1.00
7,Martin Laird,"23' 0""",4,92.000,E
8,Billy Horschel,"23' 1""",2,46.083,E
9,Ken Duke,"25' 6""",4,101.833,-1.00
10,Brandt Snedeker,"29' 2""",2,58.250,E
11,Brian Gay,"29' 4""",4,117.250,-2.00
12,Woody Austin,"29' 11""",1,29.917,E
13,Webb Simpson,"31' 7""",5,158.083,-3.00
14,Gary Woodland,"34' 3""",4,136.917,-3.00
15,Chris Kirk,"39' 5""",5,197.000,-1.00
16,Harris English,"39' 9""",3,119.167,E
17,Dustin Johnson,"39' 10""",14,558.083,+1.00
18,Jason Dufner,"44' 11""",2,89.833,E
19,Jimmy Walker,"45' 11""",4,183.500,E
20,Sangmoon Bae,"46' 0""",1,46.000,-1.00
21,Patrick Reed,"47' 3""",5,236.333,-1.00
22,Jordan Spieth,"47' 11""",7,335.667,E
23,Zach Johnson,"48' 7""",3,145.667,+2.00
24,Adam Scott,"49' 1""",5,245.583,E
25,John Merrick,"52' 7""",2,105.083,E
26,Jonas Blixt,"53' 9""",7,376.417,+2.00
27,Boo Weekley,"55' 0""",2,110.000,+1.00
