rank,player,Avg,Total Distance (feet),# of Attempts,Relative to par
1,Dustin Johnson,"12' 5""",87.083,7,-2
2,Woody Austin,"14' 7""",43.667,3,-1
3,Matt Kuchar,"16' 9""",50.333,3,-1
4,Zach Johnson,"17' 6""",69.833,4,+1
5,Brian Gay,"19' 7""",58.667,3,-1
6,Billy Horschel,"19' 9""",59.250,3,+2
7,Jason Dufner,"20' 6""",81.833,4,-1
8,Chris Kirk,"20' 7""",41.167,2,-1
9,Russell Henley,"21' 10""",109.083,5,-2
10,Jimmy Walker,"24' 8""",172.667,7,+1
11,Jonas Blixt,"25' 0""",100.000,4,E
12,Gary Woodland,"25' 6""",101.917,4,-1
13,Michael Thompson,"25' 7""",179.250,7,E
14,Webb Simpson,"26' 0""",104.000,4,-1
15,Sangmoon Bae,"26' 8""",133.417,5,-1
16,Harris English,"27' 1""",135.250,5,E
17,Adam Scott,"27' 2""",162.917,6,-1
18,Bill Haas,"27' 11""",55.750,2,+1
19,Boo Weekley,"29' 11""",149.583,5,+1
20,Ryan Moore,"31' 5""",94.333,3,+1
21,Ken Duke,"32' 9""",261.917,8,-3
22,Scott Brown,"33' 6""",100.583,3,+1
23,Derek Ernst,"35' 8""",142.583,4,+1
24,Kevin Streelman,"36' 8""",73.333,2,-1
25,Martin Laird,"37' 7""",263.000,7,+1
26,D.A. Points,"38' 11""",116.750,3,+1
27,Patrick Reed,"42' 7""",383.083,9,+4
28,Brandt Snedeker,"44' 2""",220.667,5,E
29,Jordan Spieth,"49' 0""",245.167,5,E
30,John Merrick,"50' 8""",152.083,3,+2
