rank,player,Avg,Total Distance (feet),# of Attempts,Relative to par
1,Jimmy Walker,"3' 7""",3.583,1,-2
2,Ken Duke,"6' 7""",6.583,1,E
3,Derek Ernst,"13' 11""",27.750,2,-1
4,Harris English,"14' 7""",43.667,3,-2
5,Michael Thompson,"15' 4""",15.333,1,E
6,Boo Weekley,"15' 6""",15.500,1,-1
7,John Merrick,"16' 0""",16.000,1,E
8,Brian Gay,"17' 0""",34.000,2,-1
9,Martin Laird,"21' 1""",42.083,2,E
10,Billy Horschel,"25' 1""",25.083,1,E
11,Jordan Spieth,"31' 3""",125.083,4,-1
12,Kevin Streelman,"31' 10""",31.833,1,E
13,Dustin Johnson,"32' 5""",129.667,4,+1
14,Jonas Blixt,"33' 3""",99.750,3,+3
15,Woody Austin,"34' 7""",69.167,2,E
16,Zach Johnson,"34' 8""",69.333,2,+1
17,Russell Henley,"35' 6""",35.500,1,E
18,Scott Brown,"36' 3""",36.250,1,E
18,Bill Haas,"36' 3""",72.500,2,+1
20,Adam Scott,"38' 1""",114.250,3,E
21,Patrick Reed,"44' 8""",133.917,3,+1
22,Ryan Moore,"45' 1""",45.083,1,+1
23,Webb Simpson,"45' 7""",91.083,2,E
24,Chris Kirk,"49' 6""",197.917,4,+1
25,D.A. Points,"58' 2""",116.333,2,+1
26,Gary Woodland,"84' 10""",84.833,1,E
