rank,player,Avg,Total Distance (feet),# of Attempts,Relative to par
1,Matt Kuchar,"6' 6""",6.500,1,-1
2,Dustin Johnson,"9' 9""",29.250,3,-2
3,Jimmy Walker,"11' 0""",22.000,2,-1
4,Woody Austin,"18' 1""",18.083,1,E
5,Jason Dufner,"18' 3""",54.667,3,-1
6,Billy Horschel,"19' 2""",38.250,2,+2
7,Zach Johnson,"19' 4""",57.917,3,+1
8,Chris Kirk,"20' 7""",41.167,2,-1
9,Jonas Blixt,"23' 9""",23.750,1,+1
10,Russell Henley,"25' 1""",100.167,4,-1
11,Harris English,"27' 2""",81.500,3,-1
12,Brian Gay,"28' 2""",56.333,2,E
13,Jordan Spieth,"29' 4""",88.000,3,E
14,Boo Weekley,"30' 3""",90.667,3,+2
15,Patrick Reed,"30' 9""",92.167,3,E
16,Michael Thompson,"31' 7""",126.167,4,+1
17,Gary Woodland,"32' 10""",65.667,2,E
18,Sangmoon Bae,"32' 11""",131.750,4,E
19,Adam Scott,"34' 1""",136.250,4,+1
20,Ken Duke,"35' 5""",212.667,6,-2
21,Webb Simpson,"37' 1""",74.167,2,E
22,D.A. Points,"38' 11""",116.750,3,+1
23,Scott Brown,"41' 3""",82.417,2,E
24,Ryan Moore,"42' 0""",83.917,2,+1
25,Martin Laird,"42' 8""",213.417,5,+1
26,Brandt Snedeker,"44' 2""",220.667,5,E
27,Derek Ernst,"45' 9""",45.750,1,E
28,Bill Haas,"52' 0""",52.000,1,+1
29,Kevin Streelman,"55' 7""",55.583,1,E
30,John Merrick,"62' 4""",124.667,2,+1
