rank,player,Avg,Total Distance (feet),# of Attempts,Relative to par
1,Webb Simpson,"29' 10""",29.833,1,-1
2,Adam Scott,"38' 0""",38.000,1,E
3,Matt Kuchar,"43' 0""",43.000,1,E
4,Jason Dufner,"49' 0""",49.000,1,E
5,Zach Johnson,"51' 9""",51.750,1,E
6,Brian Gay,"56' 7""",113.083,2,+1
7,Jordan Spieth,"82' 4""",164.583,2,-1
8,Jonas Blixt,"97' 7""",97.583,1,E
9,Brandt Snedeker,"104' 6""",104.500,1,+1
10,Kevin Streelman,"107' 7""",107.583,1,+1
11,Patrick Reed,"107' 8""",107.667,1,-1
12,Dustin Johnson,"110' 4""",110.333,1,-1
