rank,player,Avg,Total Distance (feet),# of Attempts,Relative to par
1,Michael Thompson,"2' 10""",2.833,1,-1
2,Russell Henley,"7' 0""",13.917,2,-1
3,Scott Brown,"8' 5""",16.833,2,-1
4,Adam Scott,"9' 6""",9.500,1,-1
5,Martin Laird,"13' 6""",26.917,2,E
6,Billy Horschel,"13' 11""",27.750,2,-1
7,Woody Austin,"17' 9""",53.167,3,E
8,Chris Kirk,"18' 3""",54.833,3,-1
9,D.A. Points,"20' 1""",40.083,2,E
10,Kevin Streelman,"20' 2""",40.250,2,+1
11,Jonas Blixt,"20' 3""",60.833,3,E
12,Jason Dufner,"24' 10""",49.667,2,+1
13,Ryan Moore,"26' 3""",78.833,3,-1
14,Ken Duke,"26' 4""",52.667,2,E
15,Jimmy Walker,"26' 11""",53.833,2,E
16,Matt Kuchar,"27' 3""",81.750,3,E
17,Derek Ernst,"28' 11""",28.917,1,E
18,Dustin Johnson,"33' 0""",98.917,3,+2
19,Webb Simpson,"33' 2""",33.167,1,E
20,Jordan Spieth,"34' 9""",104.333,3,+1
21,Harris English,"35' 8""",106.917,3,E
22,Brandt Snedeker,"36' 4""",72.667,2,+1
23,Bill Haas,"37' 7""",112.750,3,+1
24,Brian Gay,"40' 7""",121.833,3,E
25,John Merrick,"40' 10""",40.833,1,-1
26,Patrick Reed,"54' 1""",54.083,1,E
27,Boo Weekley,"58' 2""",58.167,1,+1
28,Gary Woodland,"77' 3""",154.500,2,E
