rank,player,Avg,Total Distance (feet),# of Attempts,Relative to par
1,Billy Horschel,"22' 1""",22.083,1,-1
2,Ryan Moore,"22' 2""",22.167,1,-1
3,Russell Henley,"22' 11""",22.917,1,E
3,Patrick Reed,"22' 11""",45.750,2,E
5,Brandt Snedeker,"24' 2""",24.167,1,E
6,D.A. Points,"30' 11""",30.917,1,E
7,Jonas Blixt,"33' 9""",67.417,2,-1
8,Brian Gay,"35' 4""",35.333,1,+1
9,Sangmoon Bae,"39' 6""",39.500,1,E
10,Chris Kirk,"40' 3""",40.250,1,-1
11,Dustin Johnson,"40' 8""",81.333,2,E
12,Scott Brown,"42' 5""",42.417,1,E
13,Kevin Streelman,"50' 11""",50.917,1,+1
14,Webb Simpson,"65' 9""",65.750,1,-1
15,Zach Johnson,"73' 7""",73.583,1,E
16,Jimmy Walker,"92' 5""",184.833,2,+1
