rank,player,Avg,Total Distance (feet),# of Attempts,Relative to par
1,Chris Kirk,"8' 9""",8.750,1,-1
2,Boo Weekley,"9' 6""",9.500,1,E
3,Webb Simpson,"29' 10""",29.833,1,-1
4,Matt Kuchar,"30' 7""",61.167,2,-1
5,Sangmoon Bae,"46' 0""",46.000,1,-1
6,Gary Woodland,"48' 5""",48.417,1,-1
7,Jason Dufner,"49' 0""",49.000,1,E
8,Zach Johnson,"51' 9""",51.750,1,E
9,Scott Brown,"55' 0""",55.000,1,-1
10,Brian Gay,"55' 6""",221.833,4,+1
11,Derek Ernst,"69' 7""",139.083,2,+1
12,John Merrick,"73' 8""",73.667,1,E
13,Adam Scott,"75' 4""",226.083,3,-1
14,Harris English,"82' 4""",82.333,1,E
15,Jordan Spieth,"82' 6""",329.833,4,-2
16,Martin Laird,"84' 2""",84.167,1,E
17,Bill Haas,"85' 5""",85.417,1,E
18,Brandt Snedeker,"86' 2""",172.250,2,+2
19,Dustin Johnson,"87' 5""",262.167,3,-1
20,Jimmy Walker,"93' 1""",93.083,1,E
21,Jonas Blixt,"106' 1""",212.167,2,+1
22,Kevin Streelman,"107' 7""",107.583,1,+1
23,Patrick Reed,"107' 8""",107.667,1,-1
24,Billy Horschel,"112' 8""",225.333,2,+2
