rank,player,Avg,Total Distance (feet),# of Attempts,Relative to par
1,Russell Henley,"21' 7""",172.500,8,-2
2,Woody Austin,"23' 5""",140.417,6,E
3,Michael Thompson,"24' 1""",144.333,6,E
4,Matt Kuchar,"24' 11""",149.417,6,-2
5,Jason Dufner,"25' 7""",153.333,6,E
6,Boo Weekley,"29' 0""",173.833,6,+2
7,Ken Duke,"30' 3""",271.917,9,-2
8,Chris Kirk,"31' 2""",342.917,11,-3
9,Harris English,"31' 5""",314.417,10,-3
10,Ryan Moore,"32' 10""",230.000,7,E
11,Scott Brown,"33' 3""",232.917,7,-2
12,Zach Johnson,"36' 1""",252.583,7,+2
13,Sangmoon Bae,"36' 3""",217.250,6,-1
14,Martin Laird,"36' 8""",366.583,10,+1
15,D.A. Points,"38' 0""",304.083,8,+2
16,Brian Gay,"39' 1""",469.333,12,+1
17,Dustin Johnson,"40' 1""",601.333,15,E
18,Derek Ernst,"40' 3""",241.500,6,E
19,Webb Simpson,"42' 0""",294.000,7,-2
20,Jonas Blixt,"42' 2""",463.917,11,+4
21,Billy Horschel,"42' 4""",338.500,8,+2
22,Patrick Reed,"43' 4""",433.583,10,E
23,Adam Scott,"44' 2""",486.083,11,-1
24,Jimmy Walker,"44' 8""",357.333,8,-2
25,Bill Haas,"46' 1""",322.667,7,+3
26,Jordan Spieth,"46' 3""",647.250,14,-2
27,Kevin Streelman,"47' 8""",286.167,6,+3
28,Brandt Snedeker,"49' 0""",489.750,10,+3
29,John Merrick,"51' 0""",255.167,5,E
30,Gary Woodland,"58' 11""",353.417,6,-1
