rank,player,Avg,Total Distance (feet),# of Attempts,Relative to par
1,Sangmoon Bae,"1' 8""",1.667,1,-1
2,Brian Gay,"2' 4""",2.333,1,-1
3,Bill Haas,"3' 9""",3.750,1,E
4,Russell Henley,"8' 11""",8.917,1,-1
5,Zach Johnson,"11' 11""",11.917,1,E
6,Woody Austin,"12' 10""",25.583,2,-1
7,Adam Scott,"13' 4""",26.667,2,-2
8,Ryan Moore,"14' 4""",43.000,3,E
8,Gary Woodland,"14' 4""",43.000,3,-2
10,Webb Simpson,"15' 4""",45.917,3,-1
11,Michael Thompson,"15' 10""",63.167,4,-2
12,Kevin Streelman,"17' 9""",17.750,1,-1
13,Scott Brown,"18' 2""",18.167,1,+1
14,Ken Duke,"19' 2""",57.417,3,-2
15,Matt Kuchar,"20' 1""",60.167,3,E
16,Billy Horschel,"21' 0""",21.000,1,E
17,Martin Laird,"24' 10""",49.583,2,E
18,Jonas Blixt,"25' 5""",76.250,3,-1
19,Harris English,"26' 11""",53.750,2,+1
20,John Merrick,"29' 5""",58.833,2,+1
21,Boo Weekley,"29' 6""",58.917,2,-1
22,Jimmy Walker,"30' 2""",150.667,5,+2
23,Dustin Johnson,"31' 10""",191.000,6,E
24,Derek Ernst,"32' 3""",96.833,3,+1
25,Brandt Snedeker,"33' 11""",67.750,2,E
26,Jason Dufner,"44' 11""",89.833,2,E
27,Patrick Reed,"48' 6""",290.917,6,+4
28,Jordan Spieth,"70' 0""",209.917,3,E
