rank,player,Avg,Total Distance (feet),# of Attempts,Relative to par
1,Chris Kirk,"8' 9""",8.750,1,-1
2,Boo Weekley,"9' 6""",9.500,1,E
3,Matt Kuchar,"18' 2""",18.167,1,-1
4,Derek Ernst,"24' 1""",24.083,1,E
5,Sangmoon Bae,"46' 0""",46.000,1,-1
6,Brian Gay,"54' 5""",108.750,2,E
7,Scott Brown,"55' 0""",55.000,1,-1
8,Jordan Spieth,"60' 0""",60.000,1,-1
9,Brandt Snedeker,"67' 9""",67.750,1,+1
10,John Merrick,"73' 8""",73.667,1,E
11,Dustin Johnson,"75' 11""",151.833,2,E
12,Harris English,"82' 4""",82.333,1,E
13,Martin Laird,"84' 2""",84.167,1,E
14,Bill Haas,"85' 5""",85.417,1,E
15,Jimmy Walker,"93' 1""",93.083,1,E
16,Adam Scott,"94' 1""",188.083,2,-1
17,Billy Horschel,"110' 11""",110.917,1,+2
18,Jonas Blixt,"114' 7""",114.583,1,+1
