rank,player,Avg,Total Distance (feet),# of Attempts,Relative to par
1,Sangmoon Bae,"1' 8""",1.667,1,-1
2,Bill Haas,"3' 9""",3.750,1,E
3,Woody Austin,"5' 1""",5.083,1,-1
4,Ryan Moore,"10' 5""",10.417,1,E
5,Adam Scott,"11' 4""",11.333,1,-1
6,Michael Thompson,"14' 9""",29.500,2,-1
7,Ken Duke,"14' 10""",14.833,1,-1
8,Martin Laird,"16' 3""",16.250,1,E
9,Dustin Johnson,"17' 3""",17.250,1,E
10,Kevin Streelman,"17' 9""",17.750,1,-1
11,Scott Brown,"18' 2""",18.167,1,+1
11,Gary Woodland,"18' 2""",36.250,2,-1
13,Billy Horschel,"21' 0""",21.000,1,E
14,Jason Dufner,"27' 2""",27.167,1,E
15,Harris English,"27' 11""",27.917,1,+1
16,Jimmy Walker,"30' 2""",150.667,5,+2
17,Jonas Blixt,"37' 6""",74.917,2,E
18,Matt Kuchar,"38' 0""",38.000,1,E
19,Derek Ernst,"40' 1""",80.083,2,E
20,Boo Weekley,"51' 10""",51.833,1,E
21,Jordan Spieth,"78' 7""",157.167,2,E
22,Patrick Reed,"82' 6""",164.917,2,+1
