rank,player,Avg,Total Spin Speed,Total Attempts
1,Nathan Green,"3,220.3","12,881",4
2,Sean O'Hair,"2,996.5","5,993",2
3,Michael Bradley,"2,965.0","2,965",1
4,Geoff Ogilvy,"2,851.0","8,553",3
5,Martin Laird,"2,804.3","8,413",3
6,Pat Perez,"2,754.7","8,264",3
7,Rory Sabbatini,"2,701.0","8,103",3
8,Y.E. Yang,"2,659.3","10,637",4
9,Jerry Kelly,"2,578.0","5,156",2
10,Retief Goosen,"2,542.8","10,171",4
11,Ryan Moore,"2,480.0","4,960",2
12,Heath Slocum,"2,478.0","7,434",3
13,Troy Matteson,"2,459.8","9,839",4
14,Bo Van Pelt,"2,422.0","9,688",4
15,Dustin Johnson,"2,406.7","7,220",3
16,Ángel Cabrera,"2,403.3","9,613",4
17,Nick Watney,"2,386.3","9,545",4
18,John Rollins,"2,379.3","9,517",4
19,Paul Casey,"2,365.5","9,462",4
20,Steve Stricker,"2,334.3","9,337",4
21,Mark Wilson,"2,299.5","9,198",4
22,Brian Gay,"2,291.0","9,164",4
23,Matt Kuchar,"2,286.3","9,145",4
24,Lucas Glover,"2,267.0","9,068",4
25,Stewart Cink,"2,218.5","8,874",4
26,Stephen Ames,"2,209.0","4,418",2
27,Zach Johnson,"1,982.0","3,964",2
