rank,player,Avg,Total Apex Range,Total Attempts
1,Dustin Johnson,194.3,388.6,2
2,Troy Matteson,188.5,754.0,4
3,Martin Laird,188.3,753.2,4
4,Sean O'Hair,185.7,557.0,3
5,Paul Casey,184.4,553.2,3
6,Lucas Glover,183.2,732.9,4
7,Geoff Ogilvy,182.5,547.6,3
8,Nick Watney,182.2,546.7,3
9,Ángel Cabrera,181.0,723.8,4
10,Retief Goosen,179.1,537.3,3
11,Stewart Cink,178.9,715.8,4
12,Bo Van Pelt,178.4,713.5,4
13,Y.E. Yang,177.1,708.6,4
14,Pat Perez,176.2,528.7,3
15,John Rollins,175.6,702.5,4
16,Ryan Moore,173.7,694.6,4
17,Michael Bradley,173.5,173.5,1
18,Steve Stricker,172.4,689.6,4
19,Jerry Kelly,170.1,680.5,4
20,Rory Sabbatini,170.0,510.1,3
21,Matt Kuchar,168.5,674.0,4
22,Heath Slocum,166.9,667.5,4
23,Stephen Ames,166.2,664.6,4
24,Nathan Green,165.9,663.6,4
25,Zach Johnson,164.0,492.1,3
26,Mark Wilson,161.1,644.5,4
27,Kenny Perry,150.8,603.2,4
28,Brian Gay,143.7,431.1,3
