rank,player,Avg,Total Actual Hang Time,Total Attempts
1,Troy Matteson,6.7,26.7,4
1,Sean O'Hair,6.7,20.1,3
3,Jerry Kelly,6.5,26.2,4
3,Martin Laird,6.5,26.1,4
3,Heath Slocum,6.5,25.9,4
6,Paul Casey,6.4,19.1,3
6,Stewart Cink,6.4,25.6,4
6,Retief Goosen,6.4,19.3,3
6,Geoff Ogilvy,6.4,19.2,3
6,Bo Van Pelt,6.4,25.6,4
11,Lucas Glover,6.2,24.9,4
11,Pat Perez,6.2,18.5,3
13,John Rollins,6.1,24.5,4
13,Steve Stricker,6.1,24.4,4
13,Mark Wilson,6.1,24.5,4
16,Zach Johnson,6.0,18.0,3
17,Dustin Johnson,5.9,11.9,2
17,Matt Kuchar,5.9,23.7,4
17,Nick Watney,5.9,17.6,3
20,Ángel Cabrera,5.8,23.2,4
20,Nathan Green,5.8,23.4,4
20,Ryan Moore,5.8,23.3,4
23,Rory Sabbatini,5.6,16.8,3
24,Brian Gay,5.5,16.6,3
24,Kenny Perry,5.5,22.0,4
26,Stephen Ames,5.4,21.7,4
27,Y.E. Yang,5.3,21.1,4
28,Michael Bradley,5.0,5.0,1
