rank,player,Avg,Total Club Head Speed,Total Attempts
1,Dustin Johnson,120.76,362.29,3
2,Ángel Cabrera,120.34,481.38,4
3,Nick Watney,118.00,472.02,4
4,Troy Matteson,117.42,469.69,4
5,Paul Casey,117.33,469.31,4
6,Martin Laird,117.21,468.83,4
7,Y.E. Yang,117.12,468.48,4
8,Lucas Glover,116.06,464.25,4
9,Retief Goosen,115.78,463.13,4
10,Pat Perez,115.56,462.25,4
11,Rory Sabbatini,115.00,460.02,4
12,Geoff Ogilvy,114.47,343.42,3
13,John Rollins,114.46,457.85,4
14,Sean O'Hair,114.25,342.75,3
15,Ryan Moore,113.86,455.43,4
16,Bo Van Pelt,113.33,453.33,4
17,Stewart Cink,113.11,452.43,4
18,Michael Bradley,113.05,226.09,2
19,Stephen Ames,113.00,451.99,4
20,Steve Stricker,110.63,442.54,4
21,Matt Kuchar,109.41,437.64,4
22,Nathan Green,108.99,544.94,5
23,Kenny Perry,108.97,435.89,4
24,Jerry Kelly,108.81,435.25,4
25,Zach Johnson,107.16,321.49,3
26,Heath Slocum,106.10,424.40,4
27,Mark Wilson,105.67,422.68,4
28,Brian Gay,103.28,413.11,4
