rank,player,Combined Rank,Carry Efficiency Rank,Total Dist. Effic. Rank
1,Zach Johnson,3,1,2
1,Bo Van Pelt,3,2,1
3,Jerry Kelly,14,7,7
3,Martin Laird,14,6,8
5,Lucas Glover,16,11,5
6,Stewart Cink,20,3,17
6,Dustin Johnson,20,4,16
6,John Rollins,20,14,6
9,Y.E. Yang,21,17,4
10,Matt Kuchar,22,19,3
10,Mark Wilson,22,4,18
12,Ángel Cabrera,25,12,13
13,Brian Gay,26,15,11
14,Paul Casey,27,18,9
15,Geoff Ogilvy,30,10,20
16,Troy Matteson,32,9,23
16,Steve Stricker,32,8,24
18,Pat Perez,35,13,22
18,Rory Sabbatini,35,25,10
18,Heath Slocum,35,16,19
21,Ryan Moore,36,24,12
21,Nick Watney,36,23,13
23,Stephen Ames,41,26,15
24,Kenny Perry,42,21,21
25,Sean O'Hair,46,20,26
26,Michael Bradley,49,21,28
27,Retief Goosen,53,28,25
28,Nathan Green,54,27,27
