rank,player,Avg,Total Dist. to Impact,Total Attempts
1,Dustin Johnson,323.5,647.0,2
2,Ángel Cabrera,316.1,"1,264.5",4
3,Martin Laird,311.5,"1,245.9",4
4,Troy Matteson,309.7,"1,238.8",4
5,Lucas Glover,307.2,614.4,2
6,Bo Van Pelt,305.7,917.1,3
7,Y.E. Yang,305.3,915.8,3
8,Paul Casey,304.8,609.6,2
9,Stewart Cink,304.4,"1,217.8",4
10,Pat Perez,302.9,908.7,3
11,Geoff Ogilvy,301.8,905.3,3
12,Nick Watney,300.2,900.6,3
13,John Rollins,299.6,898.9,3
14,Sean O'Hair,296.1,888.4,3
15,Steve Stricker,292.0,"1,168.0",4
16,Michael Bradley,291.7,291.7,1
17,Zach Johnson,291.5,874.6,3
18,Rory Sabbatini,289.2,867.5,3
19,Jerry Kelly,287.8,863.5,3
20,Ryan Moore,287.1,861.3,3
21,Retief Goosen,283.6,850.8,3
22,Mark Wilson,282.5,"1,129.9",4
23,Stephen Ames,282.0,564.1,2
24,Matt Kuchar,281.8,563.6,2
25,Kenny Perry,279.6,"1,118.3",4
26,Heath Slocum,276.4,"1,105.5",4
27,Nathan Green,271.0,"1,084.0",4
28,Brian Gay,268.3,804.9,3
