rank,player,Avg,Total Vert. Launch Angle,Total Attempts
1,Kenny Perry,12.29,49.15,4
2,Mark Wilson,11.53,46.14,4
3,Heath Slocum,11.51,46.04,4
4,Zach Johnson,10.79,32.37,3
5,Stewart Cink,10.73,42.92,4
6,Jerry Kelly,10.66,42.66,4
7,Troy Matteson,10.39,41.54,4
8,Brian Gay,10.10,40.42,4
9,Bo Van Pelt,10.08,40.33,4
10,John Rollins,9.93,39.72,4
11,Steve Stricker,9.67,38.69,4
12,Sean O'Hair,9.65,28.95,3
13,Matt Kuchar,9.60,38.40,4
14,Pat Perez,9.07,36.29,4
15,Paul Casey,8.96,35.83,4
16,Lucas Glover,8.89,35.57,4
17,Martin Laird,8.75,35.02,4
18,Dustin Johnson,8.71,26.12,3
19,Geoff Ogilvy,8.61,25.82,3
20,Ángel Cabrera,8.11,32.44,4
21,Ryan Moore,8.01,32.04,4
22,Retief Goosen,7.97,31.90,4
23,Stephen Ames,7.93,31.72,4
24,Rory Sabbatini,7.87,31.49,4
25,Nick Watney,6.32,25.28,4
26,Y.E. Yang,4.49,17.98,4
27,Nathan Green,4.44,22.20,5
28,Michael Bradley,3.86,7.73,2
