rank,player,%,Greens Hit,Total Holes,Relative to par
1,Keegan Bradley,100.00,15,15,-0.40
1,Hank Lebioda,100.00,11,11,-0.64
1,Cameron Smith,100.00,14,14,-0.79
1,Brian Stuard,100.00,12,12,-0.92
1,Adam Svensson,100.00,17,17,-0.47
1,Hudson Swafford,100.00,15,15,-0.47
1,Justin Thomas,100.00,22,22,-0.64
1,Chase Wright,100.00,13,13,-0.46
9,Corey Conners,96.00,24,25,-0.50
10,Patrick Reed,95.00,19,20,-0.58
11,"Ted Potter, Jr.",94.44,17,18,-0.59
11,José de Jesús Rodríguez,94.44,17,18,-0.47
13,Tyler Duncan,94.12,16,17,-0.56
13,Matt Kuchar,94.12,16,17,-0.75
13,Sebastián Muñoz,94.12,16,17,-0.56
16,Brian Gay,93.75,15,16,-0.67
16,Brandt Snedeker,93.75,15,16,-0.73
18,Abraham Ancer,93.33,14,15,-0.64
18,Brice Garnett,93.33,14,15,-0.57
18,Patton Kizzire,93.33,14,15,-0.50
18,Andrew Putnam,93.33,14,15,-0.50
22,Russell Henley,92.86,13,14,-0.54
22,Jim Knous,92.86,13,14,-0.54
22,Wes Roach,92.86,13,14,-0.62
25,Davis Love III,92.31,12,13,-0.83
26,Ryan Armour,91.67,11,12,-0.36
26,Scott Langley,91.67,11,12,-0.64
26,Michael Thompson,91.67,11,12,-0.27
29,Sungjae Im,90.91,20,22,-0.50
30,Stephan Jaeger,90.48,19,21,-0.37
31,Scott Piercy,90.00,18,20,-0.67
32,Jim Herman,89.47,17,19,-0.41
32,Marc Leishman,89.47,17,19,-0.59
32,Alex Prugh,89.47,17,19,-0.65
35,Emiliano Grillo,88.89,16,18,-0.50
35,Charles Howell III,88.89,16,18,-0.56
35,Carlos Ortiz,88.89,16,18,-0.56
35,Kyle Stanley,88.89,16,18,-0.50
35,Jimmy Walker,88.89,16,18,-0.44
40,Scott Brown,88.24,15,17,-0.60
41,Dominic Bozzelli,87.50,14,16,-0.50
41,Fabián Gómez,87.50,14,16,-0.64
41,Russell Knox,87.50,14,16,-0.36
41,Keith Mitchell,87.50,14,16,-0.57
41,Chez Reavie,87.50,14,16,-0.64
46,Hideki Matsuyama,86.67,13,15,-0.31
46,Ian Poulter,86.67,13,15,-0.62
46,Johnson Wagner,86.67,13,15,-0.54
49,Danny Lee,86.36,19,22,-0.42
50,Stewart Cink,85.00,17,20,-0.59
50,Joel Dahmen,85.00,17,20,-0.82
52,Sung Kang,84.62,11,13,-0.55
53,Dylan Frittelli,84.21,16,19,-0.50
53,Rikuya Hoshino,84.21,16,19,-0.44
53,Matt Jones,84.21,16,19,-0.63
56,Yuki Inamori,83.33,10,12,-0.60
56,Trey Mullinax,83.33,20,24,-0.45
58,Sam Saunders,82.61,19,23,-0.47
59,Harris English,82.35,14,17,-0.93
59,Rory Sabbatini,82.35,14,17,-0.57
61,Ryan Blaum,81.25,13,16,-0.54
62,Brandon Harkins,80.00,12,15,-0.75
62,Y.E. Yang,80.00,12,15,-0.67
64,Julián Etulain,78.95,15,19,-0.53
65,Roger Sloan,78.57,11,14,-0.36
66,Anirban Lahiri,76.92,10,13,-0.70
66,J.T. Poston,76.92,10,13,-0.50
68,Adam Hadwin,73.68,14,19,-0.50
69,Bryson DeChambeau,73.33,11,15,-0.73
70,Shugo Imahira,70.59,12,17,-0.75
71,Kevin Kisner,60.00,9,15,E
