rank,player,%,Greens Hit,Total Holes,Relative to par
1,Abraham Ancer,100.00,1,1,-1.00
1,Ryan Armour,100.00,5,5,-0.40
1,Keegan Bradley,100.00,4,4,E
1,Brice Garnett,100.00,2,2,E
1,Emiliano Grillo,100.00,6,6,-0.33
1,Russell Henley,100.00,5,5,-0.40
1,Jim Herman,100.00,7,7,-0.43
1,Charles Howell III,100.00,6,6,-0.50
1,Yuki Inamori,100.00,4,4,-0.25
1,Sung Kang,100.00,2,2,E
1,Jim Knous,100.00,4,4,-0.50
1,Russell Knox,100.00,7,7,-0.29
1,Hank Lebioda,100.00,1,1,E
1,Marc Leishman,100.00,4,4,-0.50
1,Davis Love III,100.00,4,4,-0.50
1,Hideki Matsuyama,100.00,3,3,+0.33
1,Sebastián Muñoz,100.00,7,7,-0.43
1,Carlos Ortiz,100.00,6,6,-0.33
1,Andrew Putnam,100.00,5,5,-0.20
1,Patrick Reed,100.00,6,6,-0.33
1,Cameron Smith,100.00,3,3,-0.67
1,Brian Stuard,100.00,1,1,-1.00
1,Adam Svensson,100.00,4,4,+0.25
1,Hudson Swafford,100.00,4,4,-0.50
1,Justin Thomas,100.00,8,8,-0.38
1,Chase Wright,100.00,4,4,-0.25
27,Corey Conners,91.67,11,12,-0.45
28,Scott Piercy,88.89,8,9,-0.13
29,Scott Brown,87.50,7,8,-0.29
29,Joel Dahmen,87.50,7,8,-0.57
29,Stephan Jaeger,87.50,7,8,-0.57
29,Sam Saunders,87.50,7,8,+0.14
33,"Ted Potter, Jr.",85.71,6,7,-0.50
34,Tyler Duncan,83.33,5,6,-0.20
34,Brian Gay,83.33,5,6,-0.60
34,Fabián Gómez,83.33,5,6,-0.20
34,Patton Kizzire,83.33,5,6,-0.40
34,Johnson Wagner,83.33,5,6,-0.20
39,Harris English,80.00,4,5,-0.25
39,Kevin Kisner,80.00,4,5,+0.25
39,Matt Kuchar,80.00,4,5,-0.50
39,Scott Langley,80.00,4,5,-0.50
39,Ian Poulter,80.00,4,5,E
39,Alex Prugh,80.00,4,5,-0.25
39,Brandt Snedeker,80.00,4,5,-0.25
46,Rikuya Hoshino,77.78,7,9,-0.14
46,Sungjae Im,77.78,7,9,-0.29
46,Matt Jones,77.78,7,9,-0.57
49,Dominic Bozzelli,75.00,3,4,E
49,Danny Lee,75.00,6,8,-0.17
49,Chez Reavie,75.00,6,8,-0.33
49,Wes Roach,75.00,3,4,-0.33
49,José de Jesús Rodríguez,75.00,3,4,-0.33
49,Kyle Stanley,75.00,6,8,-0.33
49,Michael Thompson,75.00,3,4,-0.67
49,Jimmy Walker,75.00,3,4,E
57,Stewart Cink,71.43,5,7,-0.60
58,Trey Mullinax,70.00,7,10,-0.29
59,Dylan Frittelli,66.67,4,6,E
59,Anirban Lahiri,66.67,2,3,-0.50
59,Keith Mitchell,66.67,2,3,E
62,Julián Etulain,62.50,5,8,-0.40
63,Brandon Harkins,60.00,3,5,-0.33
63,Rory Sabbatini,60.00,3,5,-0.33
65,Y.E. Yang,57.14,4,7,-0.25
66,Ryan Blaum,50.00,3,6,E
66,Shugo Imahira,50.00,4,8,-0.75
66,J.T. Poston,50.00,2,4,E
69,Bryson DeChambeau,33.33,1,3,E
69,Adam Hadwin,33.33,2,6,-0.50
69,Roger Sloan,33.33,1,3,E
