rank,player,%,Greens Hit,Total Holes,Relative to par
1,Justin Thomas,94.74,18,19,-0.22
2,"Ted Potter, Jr.",91.30,21,23,-0.33
3,Matt Kuchar,88.00,22,25,-0.27
4,Jimmy Walker,85.71,18,21,-0.22
5,Ryan Armour,85.00,17,20,-0.18
5,Charles Howell III,85.00,17,20,-0.41
5,Adam Svensson,85.00,17,20,-0.24
8,Dylan Frittelli,84.00,21,25,-0.05
9,Scott Piercy,83.33,15,18,-0.07
10,Andrew Putnam,82.61,19,23,-0.42
11,Davis Love III,82.35,14,17,-0.14
12,Keegan Bradley,80.95,17,21,-0.06
12,Keith Mitchell,80.95,17,21,-0.29
14,Y.E. Yang,80.77,21,26,-0.14
15,Emiliano Grillo,79.17,19,24,-0.32
16,Brice Garnett,78.95,15,19,-0.20
16,Roger Sloan,78.95,15,19,-0.40
18,Chez Reavie,78.26,18,23,-0.28
19,Sung Kang,77.78,14,18,-0.14
20,Fabián Gómez,77.27,17,22,+0.12
20,Adam Hadwin,77.27,17,22,-0.24
20,Sebastián Muñoz,77.27,17,22,-0.24
20,Brian Stuard,77.27,17,22,-0.06
24,Alex Prugh,76.47,13,17,-0.08
24,Brandt Snedeker,76.47,13,17,-0.31
26,Yuki Inamori,76.19,16,21,-0.13
26,Danny Lee,76.19,16,21,-0.25
28,Corey Conners,75.00,12,16,-0.50
28,Bryson DeChambeau,75.00,15,20,-0.13
28,Harris English,75.00,21,28,-0.14
28,Michael Thompson,75.00,21,28,-0.14
32,Tyler Duncan,74.07,20,27,-0.15
33,Russell Knox,73.91,17,23,-0.24
33,Wes Roach,73.91,17,23,-0.24
35,Scott Langley,73.08,19,26,-0.37
35,Hank Lebioda,73.08,19,26,-0.32
37,Carlos Ortiz,72.73,16,22,-0.25
37,Patrick Reed,72.73,16,22,-0.25
39,Kyle Stanley,72.22,13,18,-0.54
40,Hudson Swafford,72.00,18,25,-0.39
41,Russell Henley,71.43,20,28,-0.05
41,Rikuya Hoshino,71.43,15,21,+0.07
41,Kevin Kisner,71.43,15,21,-0.40
41,Anirban Lahiri,71.43,20,28,-0.10
41,Hideki Matsuyama,71.43,20,28,-0.35
46,J.T. Poston,70.00,14,20,-0.36
47,Ian Poulter,68.97,20,29,-0.25
48,Patton Kizzire,68.75,11,16,E
49,Julián Etulain,68.42,13,19,-0.15
49,Shugo Imahira,68.42,13,19,-0.15
51,Johnson Wagner,68.00,17,25,-0.47
52,Brandon Harkins,66.67,14,21,-0.43
52,Sungjae Im,66.67,14,21,-0.21
52,Rory Sabbatini,66.67,16,24,-0.19
55,Jim Knous,65.38,17,26,-0.12
56,Abraham Ancer,65.22,15,23,-0.13
57,Ryan Blaum,65.00,13,20,-0.15
57,Scott Brown,65.00,13,20,-0.23
59,Joel Dahmen,63.64,14,22,-0.14
59,Chase Wright,63.64,14,22,-0.29
61,José de Jesús Rodríguez,63.16,12,19,-0.17
62,Stephan Jaeger,62.50,10,16,-0.30
63,Trey Mullinax,58.82,10,17,+0.10
64,Sam Saunders,58.33,14,24,-0.07
64,Cameron Smith,58.33,14,24,-0.14
66,Jim Herman,57.14,12,21,-0.08
66,Marc Leishman,57.14,12,21,-0.25
68,Dominic Bozzelli,56.52,13,23,-0.15
69,Stewart Cink,50.00,10,20,-0.10
69,Matt Jones,50.00,8,16,-0.38
71,Brian Gay,47.62,10,21,-0.30
