rank,player,%,Greens Hit,Total Holes,Relative to par
1,Ryan Blaum,100.00,10,10,-0.70
1,Keegan Bradley,100.00,11,11,-0.55
1,Corey Conners,100.00,13,13,-0.54
1,Tyler Duncan,100.00,11,11,-0.73
1,Brian Gay,100.00,10,10,-0.70
1,Sungjae Im,100.00,13,13,-0.62
1,Patton Kizzire,100.00,9,9,-0.56
1,Matt Kuchar,100.00,12,12,-0.83
1,Scott Langley,100.00,7,7,-0.71
1,Hank Lebioda,100.00,10,10,-0.70
1,"Ted Potter, Jr.",100.00,11,11,-0.64
1,Chez Reavie,100.00,8,8,-0.88
1,Wes Roach,100.00,10,10,-0.70
1,José de Jesús Rodríguez,100.00,14,14,-0.50
1,Cameron Smith,100.00,11,11,-0.82
1,Brandt Snedeker,100.00,11,11,-0.91
1,Kyle Stanley,100.00,10,10,-0.60
1,Brian Stuard,100.00,11,11,-0.91
1,Adam Svensson,100.00,13,13,-0.69
1,Hudson Swafford,100.00,11,11,-0.45
1,Justin Thomas,100.00,14,14,-0.79
1,Michael Thompson,100.00,8,8,-0.13
1,Chase Wright,100.00,9,9,-0.56
1,Y.E. Yang,100.00,8,8,-0.88
25,Abraham Ancer,92.86,13,14,-0.62
25,Danny Lee,92.86,13,14,-0.54
25,Trey Mullinax,92.86,13,14,-0.54
25,Alex Prugh,92.86,13,14,-0.77
25,Patrick Reed,92.86,13,14,-0.69
25,Jimmy Walker,92.86,13,14,-0.54
31,Stewart Cink,92.31,12,13,-0.58
31,Dylan Frittelli,92.31,12,13,-0.67
31,Brice Garnett,92.31,12,13,-0.67
31,Adam Hadwin,92.31,12,13,-0.50
31,Stephan Jaeger,92.31,12,13,-0.25
31,Keith Mitchell,92.31,12,13,-0.67
37,Dominic Bozzelli,91.67,11,12,-0.64
37,Rory Sabbatini,91.67,11,12,-0.64
39,Julián Etulain,90.91,10,11,-0.60
39,Scott Piercy,90.91,10,11,-1.10
39,Roger Sloan,90.91,10,11,-0.40
42,Fabián Gómez,90.00,9,10,-0.89
42,Brandon Harkins,90.00,9,10,-0.89
42,Rikuya Hoshino,90.00,9,10,-0.67
42,Matt Jones,90.00,9,10,-0.67
42,Jim Knous,90.00,9,10,-0.56
42,Sebastián Muñoz,90.00,9,10,-0.67
42,Ian Poulter,90.00,9,10,-0.89
42,Andrew Putnam,90.00,9,10,-0.67
50,Scott Brown,88.89,8,9,-0.88
50,Russell Henley,88.89,8,9,-0.63
50,Shugo Imahira,88.89,8,9,-0.75
50,Davis Love III,88.89,8,9,-1.00
50,J.T. Poston,88.89,8,9,-0.63
50,Johnson Wagner,88.89,8,9,-0.75
56,Marc Leishman,86.67,13,15,-0.62
57,Ryan Armour,85.71,6,7,-0.33
58,Joel Dahmen,83.33,10,12,-1.00
58,Bryson DeChambeau,83.33,10,12,-0.80
58,Harris English,83.33,10,12,-1.20
58,Emiliano Grillo,83.33,10,12,-0.60
58,Jim Herman,83.33,10,12,-0.40
58,Charles Howell III,83.33,10,12,-0.60
58,Hideki Matsuyama,83.33,10,12,-0.50
58,Carlos Ortiz,83.33,10,12,-0.70
66,Sung Kang,81.82,9,11,-0.67
67,Anirban Lahiri,80.00,8,10,-0.75
67,Sam Saunders,80.00,12,15,-0.83
69,Russell Knox,77.78,7,9,-0.43
70,Yuki Inamori,75.00,6,8,-0.83
71,Kevin Kisner,50.00,5,10,-0.20
