rank,player,%,Greens Hit,# of holes
1,"Ted Potter, Jr.",84.62,22,26
2,Keegan Bradley,80.00,16,20
3,Ryan Armour,77.27,17,22
4,Abraham Ancer,72.73,8,11
5,Keith Mitchell,71.43,20,28
6,Davis Love III,69.57,16,23
7,Marc Leishman,68.00,17,25
8,Bryson DeChambeau,66.67,14,21
8,Rikuya Hoshino,66.67,12,18
8,Brian Stuard,66.67,10,15
11,Jimmy Walker,65.63,21,32
12,Stewart Cink,65.52,19,29
13,Yuki Inamori,64.71,11,17
13,Y.E. Yang,64.71,11,17
15,Hideki Matsuyama,64.00,16,25
16,Stephan Jaeger,62.96,17,27
16,Alex Prugh,62.96,17,27
18,Patton Kizzire,62.50,15,24
18,Matt Kuchar,62.50,10,16
20,Corey Conners,61.90,13,21
21,Brice Garnett,61.54,16,26
21,Rory Sabbatini,61.54,16,26
23,Cameron Smith,60.87,14,23
24,Sung Kang,60.71,17,28
25,Julián Etulain,60.61,20,33
26,Sebastián Muñoz,60.00,12,20
26,Ian Poulter,60.00,12,20
28,Danny Lee,59.09,13,22
29,Jim Herman,58.82,10,17
30,Justin Thomas,58.62,17,29
31,Charles Howell III,58.33,14,24
31,Michael Thompson,58.33,14,24
33,Trey Mullinax,58.06,18,31
34,Chez Reavie,57.89,11,19
34,Hudson Swafford,57.89,11,19
34,Chase Wright,57.89,11,19
37,Brian Gay,57.69,15,26
38,Harris English,57.14,16,28
38,Sungjae Im,57.14,12,21
38,Kevin Kisner,57.14,16,28
38,Adam Svensson,57.14,12,21
42,Scott Brown,56.52,13,23
43,Fabián Gómez,56.25,9,16
44,Johnson Wagner,55.17,16,29
45,Anirban Lahiri,54.55,12,22
46,Andrew Putnam,54.17,13,24
46,Roger Sloan,54.17,13,24
48,Dylan Frittelli,53.33,8,15
49,Brandon Harkins,53.13,17,32
50,Adam Hadwin,52.38,11,21
50,Carlos Ortiz,52.38,11,21
52,Jim Knous,51.72,15,29
52,Brandt Snedeker,51.72,15,29
54,Dominic Bozzelli,50.00,16,32
54,Joel Dahmen,50.00,11,22
54,Emiliano Grillo,50.00,11,22
54,Russell Henley,50.00,11,22
54,Scott Langley,50.00,9,18
54,Hank Lebioda,50.00,10,20
54,Scott Piercy,50.00,9,18
54,José de Jesús Rodríguez,50.00,13,26
54,Kyle Stanley,50.00,12,24
63,Shugo Imahira,48.00,12,25
63,Patrick Reed,48.00,12,25
63,Sam Saunders,48.00,12,25
66,J.T. Poston,47.83,11,23
67,Tyler Duncan,47.62,10,21
68,Ryan Blaum,46.15,12,26
68,Matt Jones,46.15,12,26
70,Russell Knox,45.45,10,22
71,Wes Roach,31.58,6,19
