rank,player,%,Greens Hit,Total Holes,Relative to par
1,Cameron Smith,100.00,14,14,-0.36
2,Charles Howell III,93.75,15,16,-0.20
2,Chez Reavie,93.75,15,16,-0.67
4,Stewart Cink,92.86,13,14,-0.31
5,Brandon Harkins,92.31,12,13,-0.42
5,Rory Sabbatini,92.31,12,13,-0.42
7,Scott Brown,91.67,11,12,-0.18
8,Carlos Ortiz,90.00,9,10,-0.11
8,Andrew Putnam,90.00,9,10,-0.44
8,Roger Sloan,90.00,18,20,-0.17
11,Kevin Kisner,88.24,15,17,-0.53
11,Brian Stuard,88.24,15,17,-0.27
13,Rikuya Hoshino,87.50,14,16,-0.36
13,Yuki Inamori,87.50,14,16,-0.29
15,Brandt Snedeker,86.67,13,15,-0.23
16,"Ted Potter, Jr.",85.71,12,14,-0.25
17,Jim Herman,84.62,11,13,-0.27
18,Tyler Duncan,83.33,10,12,-0.20
18,Julián Etulain,83.33,10,12,-0.50
18,Emiliano Grillo,83.33,10,12,-0.30
18,Chase Wright,83.33,15,18,-0.20
22,Kyle Stanley,82.35,14,17,-0.07
23,Dominic Bozzelli,81.82,9,11,-0.56
23,Dylan Frittelli,81.82,9,11,-0.11
23,Marc Leishman,81.82,9,11,-0.22
23,Jimmy Walker,81.82,9,11,-0.33
27,Brian Gay,81.25,13,16,-0.54
28,Abraham Ancer,80.00,16,20,E
28,Corey Conners,80.00,12,15,-0.50
28,Fabián Gómez,80.00,12,15,-0.33
28,Sungjae Im,80.00,12,15,-0.25
28,Sebastián Muñoz,80.00,12,15,-0.17
33,Ryan Armour,78.95,15,19,-0.47
33,Brice Garnett,78.95,15,19,-0.27
35,Ryan Blaum,78.57,11,14,-0.36
35,Jim Knous,78.57,11,14,-0.36
35,Matt Kuchar,78.57,11,14,-0.36
35,Hank Lebioda,78.57,11,14,-0.27
39,Danny Lee,77.78,7,9,-0.29
40,Adam Hadwin,76.92,10,13,-0.40
40,Anirban Lahiri,76.92,10,13,-0.50
42,Keegan Bradley,76.47,13,17,-0.23
42,Sung Kang,76.47,13,17,-0.31
44,Harris English,75.00,6,8,-0.17
44,Keith Mitchell,75.00,15,20,-0.27
44,Scott Piercy,75.00,9,12,E
44,Sam Saunders,75.00,9,12,-0.67
48,Bryson DeChambeau,73.68,14,19,-0.57
49,Matt Jones,73.33,11,15,-0.27
50,Joel Dahmen,72.73,8,11,-0.38
50,Russell Knox,72.73,8,11,-0.38
52,Hideki Matsuyama,71.43,5,7,-0.40
53,Davis Love III,70.00,14,20,-0.43
54,Scott Langley,69.23,9,13,+0.22
54,Trey Mullinax,69.23,9,13,E
54,Michael Thompson,69.23,9,13,-0.33
57,Shugo Imahira,68.75,11,16,-0.36
58,José de Jesús Rodríguez,68.42,13,19,-0.15
59,J.T. Poston,66.67,12,18,-0.42
59,Ian Poulter,66.67,8,12,-0.25
59,Adam Svensson,66.67,10,15,-0.40
59,Johnson Wagner,66.67,10,15,-0.20
63,Patton Kizzire,64.71,11,17,-0.73
64,Hudson Swafford,64.29,9,14,-0.22
65,Stephan Jaeger,63.16,12,19,-0.08
66,Justin Thomas,61.54,8,13,-0.25
67,Alex Prugh,61.11,11,18,-0.18
68,Y.E. Yang,57.14,8,14,-0.25
69,Wes Roach,56.25,9,16,-0.22
70,Russell Henley,55.56,5,9,-0.40
71,Patrick Reed,45.45,5,11,-0.40
