rank,player,%,Greens Hit,# Holes,Relative/Par
1,Abraham Ancer,100.0,2,2,E
1,Ryan Armour,100.0,6,6,-1.00
1,Dominic Bozzelli,100.0,1,1,-1.00
1,Keegan Bradley,100.0,1,1,E
1,Corey Conners,100.0,1,1,+1.00
1,Bryson DeChambeau,100.0,3,3,-2.00
1,Tyler Duncan,100.0,2,2,-1.00
1,Brian Gay,100.0,4,4,-1.00
1,Jim Herman,100.0,3,3,-1.00
1,Jim Knous,100.0,3,3,-1.00
1,Russell Knox,100.0,4,4,-1.00
1,Cameron Smith,100.0,4,4,-1.00
1,Brian Stuard,100.0,3,3,-3.00
1,Hudson Swafford,100.0,5,5,E
1,Jimmy Walker,100.0,4,4,-1.00
1,Chase Wright,100.0,4,4,-2.00
1,Y.E. Yang,100.0,3,3,+1.00
18,"Ted Potter, Jr.",90.0,9,10,-6.00
19,Julián Etulain,87.5,7,8,-4.00
19,Ian Poulter,87.5,7,8,-3.00
21,Davis Love III,85.7,6,7,-2.00
21,Michael Thompson,85.7,6,7,-1.00
23,Matt Jones,83.3,5,6,-3.00
23,Hideki Matsuyama,83.3,5,6,E
25,Adam Hadwin,80.0,4,5,-2.00
25,Charles Howell III,80.0,4,5,E
25,Yuki Inamori,80.0,4,5,-1.00
25,Kevin Kisner,80.0,4,5,E
25,Anirban Lahiri,80.0,4,5,-2.00
25,Keith Mitchell,80.0,4,5,-2.00
25,Scott Piercy,80.0,4,5,-2.00
32,Alex Prugh,75.0,3,4,-1.00
32,Rory Sabbatini,75.0,3,4,E
32,Justin Thomas,75.0,3,4,-2.00
35,Emiliano Grillo,71.4,5,7,E
36,Ryan Blaum,66.7,6,9,-6.00
36,Scott Brown,66.7,2,3,-2.00
36,Fabián Gómez,66.7,2,3,E
36,Brandon Harkins,66.7,2,3,-2.00
36,Rikuya Hoshino,66.7,2,3,E
36,Shugo Imahira,66.7,4,6,-1.00
36,Stephan Jaeger,66.7,2,3,E
36,Sung Kang,66.7,4,6,E
36,Scott Langley,66.7,2,3,-1.00
36,Brandt Snedeker,66.7,4,6,-3.00
36,Adam Svensson,66.7,4,6,-2.00
47,Stewart Cink,60.0,3,5,-1.00
47,Sungjae Im,60.0,3,5,-1.00
47,Patton Kizzire,60.0,3,5,-2.00
47,Matt Kuchar,60.0,3,5,-1.00
51,Kyle Stanley,57.1,4,7,-1.00
52,Harris English,50.0,3,6,-4.00
52,Brice Garnett,50.0,1,2,-1.00
52,Russell Henley,50.0,3,6,-1.00
52,Marc Leishman,50.0,2,4,E
52,Carlos Ortiz,50.0,1,2,+1.00
52,J.T. Poston,50.0,2,4,-1.00
52,Andrew Putnam,50.0,4,8,-2.00
52,Patrick Reed,50.0,3,6,-2.00
60,Roger Sloan,42.9,3,7,E
61,José de Jesús Rodríguez,40.0,2,5,-1.00
62,Joel Dahmen,33.3,1,3,E
62,Danny Lee,33.3,1,3,-1.00
64,Dylan Frittelli,25.0,1,4,E
64,Sebastián Muñoz,25.0,1,4,E
64,Chez Reavie,25.0,1,4,-1.00
64,Sam Saunders,25.0,1,4,E
64,Johnson Wagner,25.0,1,4,-2.00
69,Hank Lebioda,.0,0,2,E
69,Trey Mullinax,.0,0,2,E
