rank,player,%,Greens Hit,# of Holes
1,Charles Howell III,96.88,31,32
2,Justin Thomas,96.30,26,27
3,Chez Reavie,94.59,35,37
4,Emiliano Grillo,94.12,32,34
5,Andrew Putnam,93.75,30,32
6,Jim Knous,92.59,25,27
6,Brandt Snedeker,92.59,25,27
8,Matt Kuchar,92.50,37,40
9,Trey Mullinax,92.00,23,25
10,Dominic Bozzelli,91.67,22,24
10,Jimmy Walker,91.67,22,24
12,Corey Conners,91.43,32,35
13,Cameron Smith,90.91,30,33
14,Roger Sloan,90.63,29,32
14,Kyle Stanley,90.63,29,32
16,Patrick Reed,90.32,28,31
17,José de Jesús Rodríguez,90.00,27,30
18,Adam Hadwin,88.57,31,35
18,Sungjae Im,88.57,31,35
20,Danny Lee,88.24,30,34
21,Dylan Frittelli,87.80,36,41
22,Brice Garnett,86.67,26,30
22,Brian Gay,86.67,26,30
22,"Ted Potter, Jr.",86.67,26,30
25,Tyler Duncan,85.71,30,35
25,Harris English,85.71,24,28
25,Carlos Ortiz,85.71,30,35
25,Adam Svensson,85.71,30,35
29,Fabián Gómez,85.00,34,40
30,Scott Piercy,84.21,32,38
31,Shugo Imahira,83.87,26,31
31,Sam Saunders,83.87,26,31
33,Keegan Bradley,83.33,30,36
33,Brandon Harkins,83.33,20,24
33,Matt Jones,83.33,25,30
33,Hank Lebioda,83.33,30,36
37,Brian Stuard,82.93,34,41
38,Joel Dahmen,82.35,28,34
38,Russell Henley,82.35,28,34
38,Anirban Lahiri,82.35,28,34
41,Keith Mitchell,82.14,23,28
42,Scott Brown,81.82,27,33
42,Davis Love III,81.82,27,33
44,Rikuya Hoshino,81.58,31,38
45,Stewart Cink,81.48,22,27
46,Hudson Swafford,81.08,30,37
46,Chase Wright,81.08,30,37
48,Hideki Matsuyama,80.65,25,31
49,Sebastián Muñoz,80.56,29,36
50,Bryson DeChambeau,80.00,28,35
50,Rory Sabbatini,80.00,24,30
52,Jim Herman,79.49,31,39
52,Yuki Inamori,79.49,31,39
54,Russell Knox,79.41,27,34
55,Alex Prugh,79.31,23,29
56,Scott Langley,78.95,30,38
57,Kevin Kisner,78.57,22,28
58,Wes Roach,78.38,29,37
59,Patton Kizzire,78.13,25,32
60,Abraham Ancer,77.78,35,45
61,Y.E. Yang,76.92,30,39
62,Ryan Blaum,76.67,23,30
63,Stephan Jaeger,75.86,22,29
64,Sung Kang,75.00,21,28
65,Marc Leishman,74.19,23,31
66,Johnson Wagner,74.07,20,27
67,Julián Etulain,73.91,17,23
68,J.T. Poston,72.73,24,33
69,Ian Poulter,72.22,26,36
70,Ryan Armour,70.59,24,34
71,Michael Thompson,68.75,22,32
