rank,player,%,Greens Hit,Total Holes,Relative to par
1,Matt Kuchar,80.00,48,60,-0.31
2,"Ted Potter, Jr.",78.69,48,61,-0.29
3,Keegan Bradley,78.33,47,60,-0.15
4,Corey Conners,77.59,45,58,-0.33
5,Emiliano Grillo,76.67,46,60,-0.22
6,Charles Howell III,75.00,45,60,-0.31
6,Chez Reavie,75.00,48,64,-0.33
8,Ryan Armour,74.60,47,63,-0.28
9,Sungjae Im,74.58,44,59,-0.27
9,Scott Piercy,74.58,44,59,-0.05
11,Rikuya Hoshino,74.19,46,62,-0.07
12,Dylan Frittelli,74.14,43,58,-0.09
13,Yuki Inamori,73.44,47,64,-0.11
14,Hideki Matsuyama,73.33,44,60,-0.16
15,Jim Herman,72.88,43,59,-0.19
16,Andrew Putnam,72.58,45,62,-0.36
17,Cameron Smith,72.13,44,61,-0.23
18,Justin Thomas,71.93,41,57,-0.22
19,Jimmy Walker,71.43,40,56,-0.20
20,Brice Garnett,71.19,42,59,-0.17
20,Keith Mitchell,71.19,42,59,-0.21
22,Fabián Gómez,70.97,44,62,-0.07
22,Russell Knox,70.97,44,62,-0.18
22,Davis Love III,70.97,44,62,-0.30
22,Sebastián Muñoz,70.97,44,62,-0.27
22,Ian Poulter,70.97,44,62,-0.16
27,Abraham Ancer,70.69,41,58,-0.12
28,Sung Kang,70.49,43,61,-0.23
28,Brian Stuard,70.49,43,61,-0.16
28,Hudson Swafford,70.49,43,61,-0.33
31,Alex Prugh,70.18,40,57,-0.15
32,Bryson DeChambeau,70.00,42,60,-0.31
32,Carlos Ortiz,70.00,42,60,-0.21
32,Rory Sabbatini,70.00,42,60,-0.24
35,Marc Leishman,69.64,39,56,-0.31
36,Harris English,69.49,41,59,-0.15
36,Adam Svensson,69.49,41,59,-0.22
38,Hank Lebioda,69.35,43,62,-0.19
39,Tyler Duncan,68.85,42,61,-0.14
39,Jim Knous,68.85,42,61,-0.19
39,Roger Sloan,68.85,42,61,-0.19
42,Y.E. Yang,68.75,44,64,-0.16
43,Danny Lee,68.42,39,57,-0.13
44,Joel Dahmen,68.33,41,60,-0.24
45,Russell Henley,68.25,43,63,-0.14
45,Shugo Imahira,68.25,43,63,-0.23
45,Patton Kizzire,68.25,43,63,-0.30
45,Chase Wright,68.25,43,63,-0.21
49,Kyle Stanley,67.74,42,62,-0.24
50,Anirban Lahiri,66.13,41,62,-0.17
51,Adam Hadwin,66.10,39,59,-0.23
52,Scott Brown,65.08,41,63,-0.20
52,Johnson Wagner,65.08,41,63,-0.27
54,Julián Etulain,65.00,39,60,-0.23
55,Kevin Kisner,64.52,40,62,-0.38
56,Stephan Jaeger,64.41,38,59,-0.26
57,Brian Gay,63.93,39,61,-0.33
57,Brandon Harkins,63.93,39,61,-0.33
59,Trey Mullinax,63.79,37,58,-0.11
59,José de Jesús Rodríguez,63.79,37,58,-0.14
61,Brandt Snedeker,63.33,38,60,-0.24
62,Scott Langley,63.08,41,65,-0.20
63,Sam Saunders,62.50,35,56,-0.17
64,Michael Thompson,61.90,39,63,-0.26
65,Dominic Bozzelli,61.67,37,60,-0.24
66,Patrick Reed,61.40,35,57,-0.23
67,Wes Roach,61.29,38,62,-0.24
68,Stewart Cink,61.02,36,59,-0.19
69,Ryan Blaum,59.02,36,61,-0.17
70,J.T. Poston,58.73,37,63,-0.32
71,Matt Jones,56.45,35,62,-0.29
