rank,player,%,Greens Hit,Total Holes,Relative to par
1,Jim Herman,88.89,8,9,-0.13
1,Sungjae Im,88.89,8,9,-0.25
3,Shugo Imahira,78.57,11,14,-0.09
4,Corey Conners,77.78,7,9,+0.14
4,Rikuya Hoshino,77.78,7,9,+0.29
4,Johnson Wagner,77.78,7,9,E
7,Patton Kizzire,76.47,13,17,-0.23
8,Keegan Bradley,75.00,9,12,-0.44
8,Marc Leishman,75.00,12,16,-0.33
8,José de Jesús Rodríguez,75.00,6,8,-0.17
11,Matt Kuchar,72.73,8,11,-0.50
12,Bryson DeChambeau,71.43,10,14,-0.30
12,Cameron Smith,71.43,10,14,-0.20
14,Alex Prugh,70.00,7,10,-0.14
15,Trey Mullinax,69.23,9,13,-0.22
16,Joel Dahmen,66.67,8,12,-0.13
16,Adam Hadwin,66.67,8,12,E
16,Hideki Matsuyama,66.67,10,15,+0.10
19,Brandon Harkins,64.29,9,14,-0.11
19,Yuki Inamori,64.29,9,14,+0.11
19,Hudson Swafford,64.29,9,14,-0.33
22,Harris English,63.64,7,11,-0.14
22,Ian Poulter,63.64,7,11,E
22,Rory Sabbatini,63.64,7,11,-0.14
22,Justin Thomas,63.64,7,11,E
26,Dominic Bozzelli,61.54,8,13,-0.13
27,Brian Gay,60.00,6,10,+0.17
27,Jim Knous,60.00,6,10,E
29,Sung Kang,58.82,10,17,-0.30
30,Ryan Armour,58.33,7,12,E
30,Brice Garnett,58.33,7,12,E
30,Fabián Gómez,58.33,7,12,E
30,Emiliano Grillo,58.33,7,12,+0.29
30,Carlos Ortiz,58.33,7,12,-0.29
30,Chez Reavie,58.33,7,12,E
30,Adam Svensson,58.33,7,12,-0.14
30,Chase Wright,58.33,7,12,-0.14
38,Dylan Frittelli,54.55,6,11,-0.33
38,"Ted Potter, Jr.",54.55,6,11,-0.17
40,Stewart Cink,53.85,7,13,+0.14
40,Russell Knox,53.85,7,13,+0.14
42,Russell Henley,53.33,8,15,-0.25
42,Danny Lee,53.33,8,15,+0.13
42,Davis Love III,53.33,8,15,-0.38
45,Julián Etulain,50.00,7,14,-0.14
45,Stephan Jaeger,50.00,5,10,-0.20
45,Hank Lebioda,50.00,7,14,E
45,Patrick Reed,50.00,6,12,E
45,Wes Roach,50.00,6,12,-0.17
45,Y.E. Yang,50.00,5,10,-0.20
51,Brian Stuard,46.15,6,13,-0.17
52,Scott Piercy,45.45,5,11,-0.20
53,Abraham Ancer,42.86,3,7,-0.33
53,Sam Saunders,42.86,3,7,-0.33
55,Anirban Lahiri,41.67,5,12,+0.20
55,Scott Langley,41.67,5,12,-0.20
57,Tyler Duncan,40.00,4,10,+0.50
57,Charles Howell III,40.00,6,15,-0.17
57,J.T. Poston,40.00,6,15,-0.33
60,Ryan Blaum,38.46,5,13,E
61,Keith Mitchell,37.50,3,8,E
62,Scott Brown,35.71,5,14,-0.20
62,Matt Jones,35.71,5,14,-0.20
64,Michael Thompson,33.33,3,9,-0.67
64,Jimmy Walker,33.33,5,15,E
66,Andrew Putnam,31.25,5,16,-0.20
67,Kevin Kisner,30.77,4,13,-0.50
68,Kyle Stanley,28.57,4,14,E
69,Sebastián Muñoz,27.27,3,11,-0.33
70,Roger Sloan,25.00,3,12,E
71,Brandt Snedeker,23.53,4,17,-0.25
