rank,player,%,Greens Hit,Total Holes,Relative to par
1,Ryan Blaum,100.00,2,2,-0.50
1,Dominic Bozzelli,100.00,4,4,-0.50
1,Keegan Bradley,100.00,3,3,-0.33
1,Corey Conners,100.00,4,4,-0.25
1,Tyler Duncan,100.00,4,4,-0.25
1,Brian Gay,100.00,1,1,E
1,Fabián Gómez,100.00,1,1,E
1,Brandon Harkins,100.00,2,2,-0.50
1,Russell Henley,100.00,2,2,-1.00
1,Jim Herman,100.00,4,4,-0.50
1,Sungjae Im,100.00,2,2,E
1,Shugo Imahira,100.00,1,1,E
1,Yuki Inamori,100.00,1,1,-1.00
1,Stephan Jaeger,100.00,5,5,-0.20
1,Matt Jones,100.00,2,2,-0.50
1,Jim Knous,100.00,1,1,E
1,Russell Knox,100.00,2,2,E
1,Matt Kuchar,100.00,2,2,E
1,Scott Langley,100.00,1,1,E
1,Hank Lebioda,100.00,1,1,-1.00
1,Danny Lee,100.00,4,4,-0.75
1,Hideki Matsuyama,100.00,1,1,E
1,Carlos Ortiz,100.00,3,3,-0.33
1,Scott Piercy,100.00,4,4,-0.75
1,J.T. Poston,100.00,1,1,-1.00
1,"Ted Potter, Jr.",100.00,3,3,-0.67
1,Chez Reavie,100.00,1,1,E
1,Patrick Reed,100.00,3,3,-0.67
1,Wes Roach,100.00,1,1,E
1,José de Jesús Rodríguez,100.00,6,6,-0.50
1,Rory Sabbatini,100.00,3,3,-0.33
1,Roger Sloan,100.00,3,3,E
1,Cameron Smith,100.00,2,2,-0.50
1,Brandt Snedeker,100.00,4,4,-0.75
1,Kyle Stanley,100.00,2,2,-0.50
1,Brian Stuard,100.00,5,5,-0.80
1,Adam Svensson,100.00,5,5,-0.40
1,Hudson Swafford,100.00,3,3,E
1,Justin Thomas,100.00,3,3,E
1,Michael Thompson,100.00,3,3,E
1,Johnson Wagner,100.00,1,1,E
1,Chase Wright,100.00,3,3,-0.33
1,Y.E. Yang,100.00,1,1,E
44,Abraham Ancer,85.71,6,7,-0.33
45,Alex Prugh,83.33,5,6,-0.60
45,Sam Saunders,83.33,5,6,-0.40
47,Stewart Cink,80.00,4,5,-0.25
47,Brice Garnett,80.00,4,5,-0.25
47,Jimmy Walker,80.00,4,5,-0.25
50,Dylan Frittelli,75.00,3,4,-0.33
50,Emiliano Grillo,75.00,3,4,-0.67
50,Adam Hadwin,75.00,3,4,-0.33
50,Charles Howell III,75.00,3,4,-0.33
54,Julián Etulain,66.67,2,3,-0.50
54,Marc Leishman,66.67,2,3,E
54,Sebastián Muñoz,66.67,2,3,E
54,Andrew Putnam,66.67,2,3,E
58,Sung Kang,60.00,3,5,-0.33
59,Scott Brown,50.00,1,2,E
59,Joel Dahmen,50.00,2,4,-1.00
59,Harris English,50.00,1,2,-1.00
59,Rikuya Hoshino,50.00,1,2,E
59,Kevin Kisner,50.00,1,2,E
59,Davis Love III,50.00,1,2,E
59,Ian Poulter,50.00,1,2,E
66,Ryan Armour,.00,0,1,E
66,Bryson DeChambeau,.00,0,2,E
66,Anirban Lahiri,.00,0,1,E
66,Trey Mullinax,.00,0,1,E
