rank,player,%,Greens Hit,Total Holes,Relative to par
1,Ian Poulter,100.00,5,5,E
1,Kyle Stanley,100.00,5,5,E
1,Jimmy Walker,100.00,5,5,-0.20
4,Andrew Putnam,87.50,7,8,-0.29
5,Abraham Ancer,85.71,6,7,-0.17
5,Hideki Matsuyama,85.71,6,7,E
5,Y.E. Yang,85.71,6,7,E
8,Russell Henley,83.33,5,6,+0.20
9,Scott Piercy,77.78,7,9,+0.14
10,Hudson Swafford,75.00,3,4,E
11,Hank Lebioda,71.43,5,7,+0.20
11,Keith Mitchell,71.43,5,7,E
11,Sebastián Muñoz,71.43,5,7,-0.40
11,Alex Prugh,71.43,5,7,-0.20
11,Roger Sloan,71.43,5,7,+0.20
16,Keegan Bradley,66.67,4,6,+0.25
16,Emiliano Grillo,66.67,4,6,-0.25
16,Shugo Imahira,66.67,4,6,E
16,Stephan Jaeger,66.67,4,6,-0.25
16,Anirban Lahiri,66.67,4,6,E
16,Davis Love III,66.67,4,6,E
16,Brandt Snedeker,66.67,4,6,E
23,Brian Gay,62.50,5,8,-0.20
23,Russell Knox,62.50,5,8,E
25,Dylan Frittelli,60.00,3,5,E
25,Sungjae Im,60.00,3,5,-0.67
25,Matt Kuchar,60.00,3,5,+0.33
28,Joel Dahmen,57.14,4,7,E
28,Julián Etulain,57.14,4,7,+0.25
28,Sung Kang,57.14,4,7,-0.25
28,Jim Knous,57.14,4,7,E
28,Rory Sabbatini,57.14,4,7,E
33,Scott Brown,55.56,5,9,E
33,Jim Herman,55.56,5,9,E
35,Ryan Blaum,50.00,4,8,E
35,Corey Conners,50.00,3,6,+0.33
35,Bryson DeChambeau,50.00,2,4,E
35,Tyler Duncan,50.00,3,6,-0.67
35,Matt Jones,50.00,4,8,+0.25
35,Danny Lee,50.00,2,4,+0.50
35,Marc Leishman,50.00,2,4,-0.50
35,J.T. Poston,50.00,3,6,E
35,"Ted Potter, Jr.",50.00,3,6,E
35,Cameron Smith,50.00,3,6,+0.33
35,Brian Stuard,50.00,4,8,E
46,Dominic Bozzelli,44.44,4,9,-0.25
46,Yuki Inamori,44.44,4,9,+0.25
46,Scott Langley,44.44,4,9,E
49,Ryan Armour,42.86,3,7,-0.33
49,Harris English,42.86,3,7,E
49,Brice Garnett,42.86,3,7,E
49,Fabián Gómez,42.86,3,7,E
49,Rikuya Hoshino,42.86,3,7,E
49,Patton Kizzire,42.86,3,7,E
49,Wes Roach,42.86,3,7,-0.33
49,Chase Wright,42.86,3,7,E
57,Trey Mullinax,40.00,2,5,-0.50
57,Carlos Ortiz,40.00,4,10,E
57,Chez Reavie,40.00,2,5,+0.50
57,Sam Saunders,40.00,2,5,+0.50
61,José de Jesús Rodríguez,37.50,3,8,+0.33
61,Adam Svensson,37.50,3,8,-0.33
63,Adam Hadwin,33.33,2,6,E
63,Charles Howell III,33.33,1,3,E
63,Kevin Kisner,33.33,2,6,E
63,Patrick Reed,33.33,2,6,E
63,Michael Thompson,33.33,3,9,E
68,Johnson Wagner,25.00,2,8,E
69,Stewart Cink,20.00,1,5,E
70,Brandon Harkins,12.50,1,8,E
71,Justin Thomas,.00,0,6,E
