rank,player,%,Total Hit,Total Attempts,RTP Score
1,Keegan Bradley,88.89,64,72,-17.00
2,Corey Conners,87.50,63,72,-24.00
2,Sungjae Im,87.50,63,72,-23.00
2,"Ted Potter, Jr.",87.50,63,72,-23.00
2,Chez Reavie,87.50,63,72,-26.00
6,Abraham Ancer,86.11,62,72,-15.00
6,Emiliano Grillo,86.11,62,72,-20.00
6,Jim Herman,86.11,62,72,-15.00
6,Matt Kuchar,86.11,62,72,-27.00
10,Bryson DeChambeau,84.72,61,72,-25.00
10,Marc Leishman,84.72,61,72,-25.00
10,Cameron Smith,84.72,61,72,-21.00
13,Brice Garnett,83.33,60,72,-18.00
13,Hideki Matsuyama,83.33,60,72,-16.00
13,Sebastián Muñoz,83.33,60,72,-23.00
16,Tyler Duncan,81.94,59,72,-16.00
16,Adam Hadwin,81.94,59,72,-20.00
16,Charles Howell III,81.94,59,72,-23.00
16,Davis Love III,81.94,59,72,-24.00
16,Keith Mitchell,81.94,59,72,-18.00
16,Ian Poulter,81.94,59,72,-20.00
16,Alex Prugh,81.94,59,72,-20.00
16,Brian Stuard,81.94,59,72,-20.00
16,Justin Thomas,81.94,59,72,-21.00
16,Jimmy Walker,81.94,59,72,-16.00
16,Chase Wright,81.94,59,72,-17.00
27,Ryan Armour,80.56,58,72,-16.00
27,Dylan Frittelli,80.56,58,72,-13.00
27,Russell Henley,80.56,58,72,-11.00
27,Rikuya Hoshino,80.56,58,72,-11.00
27,Hank Lebioda,80.56,58,72,-20.00
27,José de Jesús Rodríguez,80.56,58,72,-15.00
27,Hudson Swafford,80.56,58,72,-21.00
27,Y.E. Yang,80.56,58,72,-17.00
35,Scott Brown,79.17,57,72,-19.00
35,Harris English,79.17,57,72,-20.00
35,Fabián Gómez,79.17,57,72,-13.00
35,Stephan Jaeger,79.17,57,72,-14.00
35,Sung Kang,79.17,57,72,-19.00
35,Jim Knous,79.17,57,72,-15.00
35,Russell Knox,79.17,57,72,-14.00
35,Carlos Ortiz,79.17,57,72,-18.00
35,Sam Saunders,79.17,57,72,-19.00
35,Kyle Stanley,79.17,57,72,-17.00
35,Adam Svensson,79.17,57,72,-19.00
46,Dominic Bozzelli,77.78,56,72,-18.00
46,Joel Dahmen,77.78,56,72,-23.00
46,Anirban Lahiri,77.78,56,72,-14.00
46,Trey Mullinax,77.78,56,72,-14.00
46,Scott Piercy,77.78,56,72,-13.00
46,Andrew Putnam,77.78,56,72,-21.00
46,Rory Sabbatini,77.78,56,72,-18.00
46,Roger Sloan,77.78,56,72,-14.00
54,Stewart Cink,76.39,55,72,-19.00
54,Shugo Imahira,76.39,55,72,-18.00
54,Yuki Inamori,76.39,55,72,-10.00
54,Patton Kizzire,76.39,55,72,-20.00
54,Danny Lee,76.39,55,72,-10.00
54,Patrick Reed,76.39,55,72,-20.00
60,Julián Etulain,75.00,54,72,-15.00
60,Brandt Snedeker,75.00,54,72,-20.00
60,Johnson Wagner,75.00,54,72,-19.00
63,Brian Gay,73.61,53,72,-21.00
63,Brandon Harkins,73.61,53,72,-25.00
63,Scott Langley,73.61,53,72,-14.00
63,J.T. Poston,73.61,53,72,-18.00
67,Wes Roach,72.22,52,72,-17.00
67,Michael Thompson,72.22,52,72,-10.00
69,Ryan Blaum,70.83,51,72,-15.00
70,Matt Jones,68.06,49,72,-17.00
71,Kevin Kisner,65.28,47,72,-16.00
