rank,player,%,Greens Hit,Total Holes,Relative to par
1,Abraham Ancer,100.00,7,7,-0.86
1,Ryan Armour,100.00,6,6,-0.33
1,Ryan Blaum,100.00,8,8,-0.75
1,Keegan Bradley,100.00,8,8,-0.63
1,Scott Brown,100.00,7,7,-1.00
1,Stewart Cink,100.00,8,8,-0.75
1,Corey Conners,100.00,9,9,-0.67
1,Joel Dahmen,100.00,8,8,-1.00
1,Bryson DeChambeau,100.00,10,10,-0.80
1,Tyler Duncan,100.00,7,7,-1.00
1,Julián Etulain,100.00,8,8,-0.63
1,Dylan Frittelli,100.00,9,9,-0.78
1,Brice Garnett,100.00,8,8,-0.88
1,Brian Gay,100.00,9,9,-0.78
1,Adam Hadwin,100.00,9,9,-0.56
1,Rikuya Hoshino,100.00,8,8,-0.75
1,Sungjae Im,100.00,11,11,-0.73
1,Sung Kang,100.00,6,6,-0.83
1,Patton Kizzire,100.00,9,9,-0.56
1,Matt Kuchar,100.00,10,10,-1.00
1,Scott Langley,100.00,6,6,-0.83
1,Hank Lebioda,100.00,9,9,-0.67
1,Davis Love III,100.00,7,7,-1.14
1,Trey Mullinax,100.00,13,13,-0.54
1,Sebastián Muñoz,100.00,7,7,-0.86
1,"Ted Potter, Jr.",100.00,8,8,-0.63
1,Ian Poulter,100.00,8,8,-1.00
1,Alex Prugh,100.00,8,8,-0.88
1,Andrew Putnam,100.00,7,7,-0.86
1,Chez Reavie,100.00,7,7,-1.00
1,Wes Roach,100.00,9,9,-0.78
1,José de Jesús Rodríguez,100.00,8,8,-0.50
1,Cameron Smith,100.00,9,9,-0.89
1,Brandt Snedeker,100.00,7,7,-1.00
1,Kyle Stanley,100.00,8,8,-0.63
1,Brian Stuard,100.00,6,6,-1.00
1,Adam Svensson,100.00,8,8,-0.88
1,Hudson Swafford,100.00,8,8,-0.63
1,Justin Thomas,100.00,11,11,-1.00
1,Michael Thompson,100.00,5,5,-0.20
1,Jimmy Walker,100.00,9,9,-0.67
1,Chase Wright,100.00,6,6,-0.67
1,Y.E. Yang,100.00,7,7,-1.00
44,Keith Mitchell,92.31,12,13,-0.67
45,Marc Leishman,91.67,11,12,-0.73
46,Patrick Reed,90.91,10,11,-0.70
47,Harris English,90.00,9,10,-1.22
47,Danny Lee,90.00,9,10,-0.44
49,Fabián Gómez,88.89,8,9,-1.00
49,Jim Knous,88.89,8,9,-0.63
49,Anirban Lahiri,88.89,8,9,-0.75
49,Rory Sabbatini,88.89,8,9,-0.75
53,Dominic Bozzelli,87.50,7,8,-0.71
53,Emiliano Grillo,87.50,7,8,-0.57
53,Brandon Harkins,87.50,7,8,-1.00
53,Charles Howell III,87.50,7,8,-0.71
53,Shugo Imahira,87.50,7,8,-0.86
53,Stephan Jaeger,87.50,7,8,-0.29
53,Matt Jones,87.50,7,8,-0.71
53,J.T. Poston,87.50,7,8,-0.57
53,Roger Sloan,87.50,7,8,-0.57
53,Johnson Wagner,87.50,7,8,-0.86
63,Russell Henley,85.71,6,7,-0.50
63,Scott Piercy,85.71,6,7,-1.33
65,Hideki Matsuyama,81.82,9,11,-0.56
66,Carlos Ortiz,77.78,7,9,-0.86
66,Sam Saunders,77.78,7,9,-1.14
68,Jim Herman,75.00,6,8,-0.33
69,Yuki Inamori,71.43,5,7,-0.80
69,Russell Knox,71.43,5,7,-0.60
71,Kevin Kisner,50.00,4,8,-0.25
