rank,player,Avg (Yards),Total Distance (inches),Number of Approach Shots
1,Satoshi Kodaira,134.6,"67,827,000",14
2,Lanto Griffin,141.4,"50,901,000",10
3,Abraham Ancer,142.8,"71,965,000",14
4,Corey Conners,145.1,"52,222,000",10
5,Joaquin Niemann,145.8,"73,464,000",14
6,Matthew NeSmith,145.9,"47,261,000",9
7,Keegan Bradley,147.5,"37,166,000",7
8,Hideki Matsuyama,147.8,"37,242,000",7
9,Peter Malnati,148.2,"37,356,000",7
10,Brian Stuard,148.3,"64,062,000",12
11,Carlos Ortiz,149.3,"75,247,000",14
12,Sepp Straka,150.0,"48,602,000",9
13,Pat Perez,150.8,"65,151,000",12
14,Zac Blair,150.9,"65,191,000",12
15,Nick Taylor,151.7,"54,602,000",10
16,Chase Seiffert,152.3,"76,755,000",14
17,Rhein Gibson,152.4,"76,823,000",14
18,Hudson Swafford,154.0,"77,603,000",14
19,Rikuya Hoshino,154.9,"50,172,000",9
20,Matt Jones,156.1,"67,454,000",12
21,Henrik Norlander,157.0,"56,537,000",10
22,Tom Hoge,158.2,"56,953,000",10
23,Marc Leishman,158.3,"56,980,000",10
24,Ryan Palmer,158.5,"45,635,000",8
25,Ben Martin,158.6,"62,787,000",11
26,Harry Higgs,161.9,"69,936,000",12
27,Sungjae Im,162.2,"58,405,000",10
28,Rory Sabbatini,163.3,"58,772,000",10
29,"Ted Potter, Jr.",163.9,"47,198,000",8
30,Brandt Snedeker,164.1,"41,353,000",7
31,Vaughn Taylor,164.2,"47,277,000",8
32,Andrew Putnam,164.3,"65,053,000",11
33,Mark Anderson,164.4,"59,185,000",10
33,Cam Davis,164.4,"53,269,000",9
35,Kevin Kisner,164.8,"29,656,000",5
36,Tim Wilkinson,165.6,"65,574,000",11
37,Graeme McDowell,165.8,"59,672,000",10
38,Mikumu Horikawa,166.0,"89,634,000",15
39,Brian Harman,166.6,"77,969,000",13
40,Rob Oppenheim,166.9,"60,082,000",10
41,Michael Gellerman,167.4,"90,375,000",15
42,Talor Gooch,169.3,"79,245,000",13
43,Zach Johnson,169.7,"54,974,000",9
44,Cameron Smith,170.1,"42,864,000",7
45,Nate Lashley,170.6,"67,572,000",11
46,Charles Howell III,170.7,"43,027,000",7
47,Brendan Steele,170.9,"67,690,000",11
48,Alex Noren,171.4,"67,887,000",11
49,Kramer Hickok,172.1,"74,340,000",12
50,Sam Ryder,172.4,"55,847,000",9
51,Scott Piercy,173.4,"81,172,000",13
52,Bo Hoag,174.2,"43,893,000",7
52,Brendon Todd,174.2,"50,166,000",8
54,Joseph Bramlett,175.0,"50,396,000",8
55,Collin Morikawa,176.4,"57,138,000",9
56,Jimmy Walker,177.9,"83,278,000",13
57,Daniel Berger,178.0,"57,686,000",9
58,Webb Simpson,178.1,"57,710,000",9
59,Scott Harrington,179.0,"70,890,000",11
59,Jerry Kelly,179.0,"83,787,000",13
61,Michael Thompson,180.5,"64,962,000",10
62,Emiliano Grillo,181.2,"65,246,000",10
63,D.J. Trahan,181.4,"65,303,000",10
64,Joel Dahmen,187.0,"40,391,000",6
65,Patrick Rodgers,187.6,"60,789,000",9
66,Russell Knox,188.7,"54,334,000",8
