rank,player,Hole outs
1,Hudson Swafford,3
2,Scott Harrington,2
2,Kevin Kisner,2
2,Sepp Straka,2
2,Tim Wilkinson,2
6,Zac Blair,1
6,Michael Gellerman,1
6,Rhein Gibson,1
6,Emiliano Grillo,1
6,Kramer Hickok,1
6,Harry Higgs,1
6,Charles Howell III,1
6,Zach Johnson,1
6,Marc Leishman,1
6,Peter Malnati,1
6,Graeme McDowell,1
6,Matthew NeSmith,1
6,Joaquin Niemann,1
6,Rob Oppenheim,1
6,Scott Piercy,1
6,Andrew Putnam,1
6,Patrick Rodgers,1
6,Chase Seiffert,1
6,Webb Simpson,1
6,Cameron Smith,1
6,Brandt Snedeker,1
6,Brendan Steele,1
6,D.J. Trahan,1
