rank,player,Avg (Yards),Total Distance (inches),Number of Approach Shots
1,Nick Taylor,156.0,"78,639,000",14
2,Sungjae Im,157.2,"96,191,000",17
3,Jimmy Walker,157.8,"79,534,000",14
4,Sam Ryder,158.0,"79,612,000",14
5,Cameron Smith,158.9,"120,162,000",21
6,Scott Harrington,162.5,"58,482,000",10
7,Daniel Berger,162.6,"70,259,000",12
7,Carlos Ortiz,162.6,"87,816,000",15
9,Alex Noren,163.3,"82,323,000",14
10,Charles Howell III,163.4,"82,367,000",14
11,Marc Leishman,164.9,"89,047,000",15
12,Hideki Matsuyama,165.3,"77,359,000",13
13,Ben Martin,165.8,"83,569,000",14
14,Rhein Gibson,165.9,"95,535,000",16
14,Henrik Norlander,165.9,"101,528,000",17
16,Tom Hoge,166.5,"101,909,000",17
16,Webb Simpson,166.5,"125,902,000",21
18,Cam Davis,167.1,"96,267,000",16
19,"Ted Potter, Jr.",167.5,"96,474,000",16
20,Ryan Palmer,167.7,"102,648,000",17
21,Brendon Todd,169.1,"79,128,000",13
22,Lanto Griffin,169.3,"103,642,000",17
23,Patrick Rodgers,169.9,"73,414,000",12
24,Zach Johnson,170.9,"86,112,000",14
25,Matt Jones,171.0,"86,203,000",14
26,Nate Lashley,171.3,"61,667,000",10
27,Joseph Bramlett,171.6,"61,766,000",10
28,Abraham Ancer,171.7,"92,726,000",15
29,Corey Conners,172.0,"105,236,000",17
30,Scott Piercy,172.2,"86,811,000",14
31,Zac Blair,172.3,"80,641,000",13
32,Rikuya Hoshino,172.7,"68,379,000",11
33,Brian Stuard,173.0,"74,715,000",12
34,Brian Harman,173.2,"99,737,000",16
35,Satoshi Kodaira,173.4,"68,656,000",11
36,Vaughn Taylor,173.7,"100,041,000",16
37,Talor Gooch,174.8,"69,217,000",11
38,Sepp Straka,175.5,"75,815,000",12
39,Mark Anderson,175.7,"94,881,000",15
40,Graeme McDowell,176.0,"120,365,000",19
41,Harry Higgs,176.3,"88,854,000",14
41,Bo Hoag,176.3,"88,863,000",14
43,Chase Seiffert,176.6,"101,748,000",16
44,Keegan Bradley,177.5,"83,079,000",13
45,Matthew NeSmith,178.4,"89,905,000",14
46,Collin Morikawa,179.4,"90,402,000",14
47,Michael Gellerman,179.5,"116,289,000",18
47,D.J. Trahan,179.5,"90,443,000",14
49,Russell Knox,179.6,"71,113,000",11
50,Brendan Steele,180.4,"136,360,000",21
51,Kevin Kisner,181.0,"97,714,000",15
52,Rory Sabbatini,181.9,"91,671,000",14
53,Emiliano Grillo,183.7,"92,575,000",14
54,Pat Perez,184.5,"92,968,000",14
55,Joaquin Niemann,185.4,"93,419,000",14
56,Tim Wilkinson,185.8,"93,647,000",14
57,Hudson Swafford,186.3,"100,587,000",15
58,Peter Malnati,187.0,"80,763,000",12
59,Joel Dahmen,187.2,"80,876,000",12
60,Andrew Putnam,191.3,"82,661,000",12
61,Michael Thompson,191.4,"89,574,000",13
62,Kramer Hickok,191.9,"96,710,000",14
63,Brandt Snedeker,192.3,"103,852,000",15
64,Mikumu Horikawa,194.8,"91,182,000",13
65,Rob Oppenheim,195.9,"105,773,000",15
66,Jerry Kelly,203.0,"109,631,000",15
