rank,player,Distance,Tournament,Round- Course,Hole
1,Marc Leishman,130,Sony Open,4,12 - Par 4
2,Vince Covello,91,Sony Open,2,16 - Par 4
3,D.J. Trahan,33,Sony Open,1,5 - Par 4 -
4,Martin Trainer,26,Sony Open,1,14 - Par 4
5,Emiliano Grillo,22,Sony Open,2,9 - Par 5 -
6,Kramer Hickok,18,Sony Open,4,11 - Par 3
7,Joaquin Niemann,17,Sony Open,2,4 - Par 3 -
8,Tim Wilkinson,15,Sony Open,1,12 - Par 4
9,Hudson Swafford,15,Sony Open,1,15 - Par 4
10,Scott Piercy,15,Sony Open,4,15 - Par 4
11,Patrick Rodgers,15,Sony Open,3,14 - Par 4
12,Sepp Straka,14,Sony Open,3,5 - Par 4 -
13,Vijay Singh,13,Sony Open,1,5 - Par 4 -
14,Parker McLachlin,13,Sony Open,1,13 - Par 4
16,Brandt Snedeker,12,Sony Open,2,6 - Par 4 -
17,Luke List,12,Sony Open,2,3 - Par 4 -
18,Zac Blair,11,Sony Open,1,7 - Par 3 -
19,Cameron Smith,11,Sony Open,3,17 - Par 3
20,Chesson Hadley,11,Sony Open,2,15 - Par 4
21,Patrick Reed,11,Sony Open,2,15 - Par 4
22,James Hahn,10,Sony Open,2,8 - Par 4 -
23,Brendan Steele,10,Sony Open,4,11 - Par 3
24,David Hearn,10,Sony Open,1,17 - Par 3
26,Jamie Lovemark,10,Sony Open,2,6 - Par 4 -
27,Nelson Ledesma,10,Sony Open,2,3 - Par 4 -
28,Harry Higgs,9,Sony Open,2,12 - Par 4
29,Michael Gellerman,9,Sony Open,2,12 - Par 4
30,Graeme McDowell,9,Sony Open,3,2 - Par 4 -
31,Scott Harrington,8,Sony Open,3,10 - Par 4
33,Rhein Gibson,8,Sony Open,4,3 - Par 4 -
34,Chris Baker,8,Sony Open,1,11 - Par 3
35,Rob Oppenheim,8,Sony Open,2,15 - Par 4
36,Chase Seiffert,8,Sony Open,4,9 - Par 5 -
38,Andrew Putnam,7,Sony Open,1,16 - Par 4
40,Kevin Kisner,7,Sony Open,2,15 - Par 4
41,Peter Malnati,6,Sony Open,4,9 - Par 5 -
44,Webb Simpson,6,Sony Open,3,12 - Par 4
45,Charles Howell III,6,Sony Open,3,12 - Par 4
46,Zach Johnson,5,Sony Open,3,12 - Par 4
47,Matthew NeSmith,5,Sony Open,1,12 - Par 4
