rank,player,Avg (Yards),Total Distance (inches),Number of Approach Shots
1,Cam Davis,150.8,"255,185,000",47
2,Brendan Steele,151.4,"218,020,000",40
3,Harry Higgs,152.7,"247,429,000",45
4,Michael Gellerman,152.8,"214,536,000",39
5,Joaquin Niemann,153.2,"237,214,000",43
6,Matt Jones,153.5,"254,221,000",46
6,Carlos Ortiz,153.5,"237,561,000",43
8,Ryan Palmer,154.4,"261,279,000",47
9,Bo Hoag,154.5,"283,656,000",51
10,Collin Morikawa,155.3,"273,904,000",49
11,Marc Leishman,155.7,"263,528,000",47
11,Sepp Straka,155.7,"285,794,000",51
13,Nate Lashley,155.8,"286,097,000",51
13,Hideki Matsuyama,155.8,"291,569,000",52
15,Patrick Rodgers,156.1,"280,911,000",50
16,Rory Sabbatini,156.5,"270,500,000",48
17,Charles Howell III,157.3,"288,789,000",51
18,Scott Harrington,157.9,"289,961,000",51
19,Rikuya Hoshino,158.1,"290,218,000",51
20,Russell Knox,158.4,"302,294,000",53
21,Jimmy Walker,158.5,"256,782,000",45
22,Chase Seiffert,158.6,"234,100,000",41
22,Michael Thompson,158.6,"273,984,000",48
24,Cameron Smith,158.9,"246,038,000",43
25,Hudson Swafford,159.1,"246,263,000",43
26,Emiliano Grillo,160.0,"276,522,000",48
27,Sungjae Im,160.5,"260,090,000",45
28,Brandt Snedeker,160.7,"289,196,000",50
29,D.J. Trahan,161.0,"278,130,000",48
30,Alex Noren,161.3,"272,990,000",47
31,Joel Dahmen,161.4,"313,720,000",54
32,Scott Piercy,161.7,"261,924,000",45
33,Kramer Hickok,162.2,"268,549,000",46
34,Lanto Griffin,162.4,"257,256,000",44
35,Matthew NeSmith,162.5,"280,845,000",48
36,Abraham Ancer,162.7,"251,856,000",43
37,Henrik Norlander,162.8,"257,802,000",44
38,Mark Anderson,163.2,"276,131,000",47
39,Peter Malnati,163.4,"311,721,000",53
40,Zach Johnson,163.6,"288,652,000",49
41,Ben Martin,163.9,"277,253,000",47
42,Webb Simpson,164.0,"247,916,000",42
43,Keegan Bradley,164.1,"307,281,000",52
44,Vaughn Taylor,164.7,"284,593,000",48
45,Nick Taylor,165.1,"285,230,000",48
46,Corey Conners,165.3,"267,756,000",45
47,Daniel Berger,165.5,"303,811,000",51
48,Brian Harman,165.8,"256,661,000",43
48,Sam Ryder,165.8,"292,454,000",49
50,"Ted Potter, Jr.",165.9,"286,718,000",48
51,Pat Perez,166.4,"275,507,000",46
52,Joseph Bramlett,166.8,"324,265,000",54
53,Rhein Gibson,167.3,"252,971,000",42
54,Rob Oppenheim,167.5,"283,477,000",47
54,Tim Wilkinson,167.5,"283,398,000",47
56,Kevin Kisner,168.0,"314,503,000",52
57,Graeme McDowell,168.3,"260,463,000",43
58,Mikumu Horikawa,169.6,"268,641,000",44
59,Zac Blair,171.6,"290,299,000",47
60,Andrew Putnam,172.2,"303,713,000",49
61,Talor Gooch,172.6,"298,269,000",48
62,Satoshi Kodaira,173.7,"293,882,000",47
63,Tom Hoge,173.8,"281,573,000",45
64,Brendon Todd,174.8,"321,010,000",51
65,Jerry Kelly,178.2,"282,280,000",44
66,Brian Stuard,178.6,"308,620,000",48
