rank,player,Avg,Total 1 Putts,Total Rounds
1,Zach Johnson,8.00,32,4
2,Sangmoon Bae,7.75,31,4
3,Kevin Streelman,7.25,29,4
3,Jimmy Walker,7.25,29,4
5,Woody Austin,7.00,28,4
6,Jonas Blixt,6.75,27,4
6,Matt Kuchar,6.75,27,4
6,Patrick Reed,6.75,27,4
6,Adam Scott,6.75,27,4
6,Brandt Snedeker,6.75,27,4
11,Jason Dufner,6.50,26,4
11,Ken Duke,6.50,26,4
11,Billy Horschel,6.50,26,4
11,Webb Simpson,6.50,26,4
11,Jordan Spieth,6.50,26,4
16,Scott Brown,6.25,25,4
16,Ryan Moore,6.25,25,4
18,Harris English,6.00,24,4
18,Brian Gay,6.00,24,4
20,Bill Haas,5.50,22,4
20,Dustin Johnson,5.50,22,4
20,D.A. Points,5.50,22,4
23,Russell Henley,5.25,21,4
23,John Merrick,5.25,21,4
23,Michael Thompson,5.25,21,4
26,Chris Kirk,5.00,20,4
27,Martin Laird,4.50,18,4
27,Gary Woodland,4.50,18,4
29,Derek Ernst,4.25,17,4
30,Boo Weekley,3.50,14,4
