rank,player,Distance,Year/Tourn#,Round,Hole
1,Patrick Reed,"62' 6""",Hyundai T of C,2,5 - Par 5 -
2,Jason Dufner,"58' 0""",Hyundai T of C,4,5 - Par 5 -
3,Jonas Blixt,"52' 6""",Hyundai T of C,4,8 - Par 3 -
4,Webb Simpson,"42' 10""",Hyundai T of C,3,4 - Par 4 -
5,John Merrick,"40' 10""",Hyundai T of C,1,4 - Par 4 -
6,Brandt Snedeker,"39' 4""",Hyundai T of C,2,17 - Par 4
7,Dustin Johnson,"36' 0""",Hyundai T of C,4,7 - Par 4 -
8,Michael Thompson,"35' 6""",Hyundai T of C,1,7 - Par 4 -
9,Matt Kuchar,"35' 3""",Hyundai T of C,3,4 - Par 4 -
11,Chris Kirk,"30' 11""",Hyundai T of C,1,17 - Par 4
13,Bill Haas,"30' 6""",Hyundai T of C,1,7 - Par 4 -
14,Adam Scott,"30' 3""",Hyundai T of C,1,2 - Par 3 -
16,Sangmoon Bae,"29' 5""",Hyundai T of C,2,18 - Par 5
17,Russell Henley,"28' 11""",Hyundai T of C,2,8 - Par 3 -
18,Scott Brown,"28' 10""",Hyundai T of C,3,16 - Par 4
19,Zach Johnson,"28' 1""",Hyundai T of C,1,17 - Par 4
20,Kevin Streelman,"27' 11""",Hyundai T of C,1,7 - Par 4 -
24,Billy Horschel,"26' 9""",Hyundai T of C,2,8 - Par 3 -
25,Ken Duke,"26' 6""",Hyundai T of C,3,12 - Par 4
26,Ryan Moore,"24' 11""",Hyundai T of C,4,17 - Par 4
30,Harris English,"24' 2""",Hyundai T of C,2,1 - Par 4 -
31,Woody Austin,"24' 1""",Hyundai T of C,1,17 - Par 4
41,Derek Ernst,"21' 8""",Hyundai T of C,4,1 - Par 4 -
45,Jimmy Walker,"20' 10""",Hyundai T of C,2,16 - Par 4
48,Jordan Spieth,"20' 0""",Hyundai T of C,1,9 - Par 5 -
49,Brian Gay,"19' 11""",Hyundai T of C,4,8 - Par 3 -
51,Boo Weekley,"19' 2""",Hyundai T of C,3,13 - Par 4
53,D.A. Points,"18' 8""",Hyundai T of C,2,7 - Par 4 -
66,Martin Laird,"17' 3""",Hyundai T of C,2,8 - Par 3 -
145,Gary Woodland,"11' 6""",Hyundai T of C,4,12 - Par 4
