rank,player,Total,Total (for all distances),Pct of all 1-putts
1,Brian Gay,6,24,25.0
2,Jordan Spieth,4,26,15.4
3,Woody Austin,3,28,10.7
3,Jason Dufner,3,26,11.5
3,Adam Scott,3,27,11.1
3,Boo Weekley,3,14,21.4
7,Sangmoon Bae,2,31,6.5
7,Jonas Blixt,2,27,7.4
7,Derek Ernst,2,17,11.8
7,Martin Laird,2,18,11.1
7,John Merrick,2,21,9.5
7,Ryan Moore,2,25,8.0
7,D.A. Points,2,22,9.1
7,Kevin Streelman,2,29,6.9
15,Ken Duke,1,26,3.8
15,Harris English,1,24,4.2
15,Russell Henley,1,21,4.8
15,Dustin Johnson,1,22,4.5
15,Matt Kuchar,1,27,3.7
15,Brandt Snedeker,1,27,3.7
15,Michael Thompson,1,21,4.8
15,Jimmy Walker,1,29,3.4
