rank,player,Total,Total (for all distances),Pct of all 1-putts
1,Ken Duke,13,26,50.0
2,Woody Austin,12,28,42.9
2,Billy Horschel,12,26,46.2
4,Jonas Blixt,11,27,40.7
5,Scott Brown,10,25,40.0
5,Russell Henley,10,21,47.6
5,Jimmy Walker,10,29,34.5
8,Harris English,9,24,37.5
8,Jordan Spieth,9,26,34.6
8,Michael Thompson,9,21,42.9
11,Zach Johnson,8,32,25.0
11,Brandt Snedeker,8,27,29.6
11,Kevin Streelman,8,29,27.6
14,Sangmoon Bae,7,31,22.6
14,Matt Kuchar,7,27,25.9
14,Ryan Moore,7,25,28.0
14,Patrick Reed,7,27,25.9
14,Gary Woodland,7,18,38.9
19,Jason Dufner,6,26,23.1
19,Chris Kirk,6,20,30.0
19,Martin Laird,6,18,33.3
19,Adam Scott,6,27,22.2
23,John Merrick,5,21,23.8
23,D.A. Points,5,22,22.7
23,Boo Weekley,5,14,35.7
26,Bill Haas,4,22,18.2
26,Dustin Johnson,4,22,18.2
28,Derek Ernst,3,17,17.6
28,Brian Gay,3,24,12.5
28,Webb Simpson,3,26,11.5
