rank,player,Total,Total (for all distances),Pct of all 1-putts
1,Dustin Johnson,2,22,9.1
1,Zach Johnson,2,32,6.3
1,Adam Scott,2,27,7.4
1,Webb Simpson,2,26,7.7
1,Brandt Snedeker,2,27,7.4
6,Sangmoon Bae,1,31,3.2
6,Jonas Blixt,1,27,3.7
6,Scott Brown,1,25,4.0
6,Jason Dufner,1,26,3.8
6,Ken Duke,1,26,3.8
6,Bill Haas,1,22,4.5
6,Russell Henley,1,21,4.8
6,Billy Horschel,1,26,3.8
6,Chris Kirk,1,20,5.0
6,Matt Kuchar,1,27,3.7
6,John Merrick,1,21,4.8
6,Patrick Reed,1,27,3.7
6,Kevin Streelman,1,29,3.4
6,Michael Thompson,1,21,4.8
