rank,player,%,# of 1 putts,# of holes
1,Ken Duke,55.56,10,18
1,Brandt Snedeker,55.56,10,18
3,Woody Austin,50.00,9,18
3,Jonas Blixt,50.00,9,18
3,Zach Johnson,50.00,9,18
3,Ryan Moore,50.00,9,18
3,Jimmy Walker,50.00,9,18
8,Scott Brown,44.44,8,18
8,Matt Kuchar,44.44,8,18
8,Adam Scott,44.44,8,18
11,Dustin Johnson,38.89,7,18
12,Jason Dufner,33.33,6,18
12,Billy Horschel,33.33,6,18
12,Martin Laird,33.33,6,18
12,Patrick Reed,33.33,6,18
12,Webb Simpson,33.33,6,18
12,Kevin Streelman,33.33,6,18
18,Sangmoon Bae,27.78,5,18
18,Russell Henley,27.78,5,18
18,John Merrick,27.78,5,18
18,D.A. Points,27.78,5,18
22,Harris English,22.22,4,18
22,Brian Gay,22.22,4,18
22,Bill Haas,22.22,4,18
22,Chris Kirk,22.22,4,18
22,Jordan Spieth,22.22,4,18
22,Gary Woodland,22.22,4,18
28,Derek Ernst,16.67,3,18
29,Michael Thompson,11.11,2,18
30,Boo Weekley,5.56,1,18
