rank,player,%,# of 1 putts,# of holes
1,Zach Johnson,61.11,11,18
2,Sangmoon Bae,55.56,10,18
3,Harris English,44.44,8,18
3,Billy Horschel,44.44,8,18
3,Matt Kuchar,44.44,8,18
3,Patrick Reed,44.44,8,18
3,Webb Simpson,44.44,8,18
3,Jordan Spieth,44.44,8,18
3,Kevin Streelman,44.44,8,18
10,Woody Austin,38.89,7,18
10,Jonas Blixt,38.89,7,18
10,Scott Brown,38.89,7,18
10,Russell Henley,38.89,7,18
10,Michael Thompson,38.89,7,18
15,Brian Gay,33.33,6,18
15,John Merrick,33.33,6,18
15,Ryan Moore,33.33,6,18
15,Adam Scott,33.33,6,18
15,Jimmy Walker,33.33,6,18
20,Ken Duke,27.78,5,18
20,Dustin Johnson,27.78,5,18
20,Chris Kirk,27.78,5,18
20,D.A. Points,27.78,5,18
20,Boo Weekley,27.78,5,18
25,Jason Dufner,22.22,4,18
25,Derek Ernst,22.22,4,18
25,Bill Haas,22.22,4,18
25,Brandt Snedeker,22.22,4,18
25,Gary Woodland,22.22,4,18
30,Martin Laird,16.67,3,18
