rank,player,Total,Total (for all distances),Pct of all 1-putts
1,Zach Johnson,20,32,62.5
2,Jason Dufner,15,26,57.7
2,Matt Kuchar,15,27,55.6
4,Bill Haas,14,22,63.6
4,D.A. Points,14,22,63.6
4,Patrick Reed,14,27,51.9
4,Brandt Snedeker,14,27,51.9
4,Jimmy Walker,14,29,48.3
9,Sangmoon Bae,13,31,41.9
9,Webb Simpson,13,26,50.0
11,Chris Kirk,12,20,60.0
11,John Merrick,12,21,57.1
11,Adam Scott,12,27,44.4
11,Kevin Streelman,12,29,41.4
15,Woody Austin,11,28,39.3
15,Scott Brown,11,25,44.0
15,Harris English,11,24,45.8
15,Derek Ernst,11,17,64.7
15,Brian Gay,11,24,45.8
15,Jordan Spieth,11,26,42.3
21,Jonas Blixt,10,27,37.0
22,Billy Horschel,9,26,34.6
22,Dustin Johnson,9,22,40.9
22,Gary Woodland,9,18,50.0
25,Russell Henley,7,21,33.3
25,Michael Thompson,7,21,33.3
27,Martin Laird,6,18,33.3
28,Ken Duke,5,26,19.2
28,Ryan Moore,5,25,20.0
28,Boo Weekley,5,14,35.7
