rank,player,Total,Total (for all distances),Pct of all 1-putts
1,Sangmoon Bae,7,31,22.6
1,Ryan Moore,7,25,28.0
1,Webb Simpson,7,26,26.9
4,Ken Duke,6,26,23.1
5,Patrick Reed,5,27,18.5
6,Brian Gay,4,24,16.7
6,Dustin Johnson,4,22,18.2
6,Martin Laird,4,18,22.2
9,Jonas Blixt,3,27,11.1
9,Bill Haas,3,22,13.6
9,Billy Horschel,3,26,11.5
9,Matt Kuchar,3,27,11.1
9,Adam Scott,3,27,11.1
9,Michael Thompson,3,21,14.3
9,Jimmy Walker,3,29,10.3
16,Harris English,2,24,8.3
16,Russell Henley,2,21,9.5
16,Brandt Snedeker,2,27,7.4
16,Jordan Spieth,2,26,7.7
16,Kevin Streelman,2,29,6.9
16,Gary Woodland,2,18,11.1
22,Woody Austin,1,28,3.6
22,Scott Brown,1,25,4.0
22,Jason Dufner,1,26,3.8
22,Chris Kirk,1,20,5.0
22,John Merrick,1,21,4.8
22,D.A. Points,1,22,4.5
22,Boo Weekley,1,14,7.1
