rank,player,Avg,Total Strokes,Total Holes
1,Dustin Johnson,33.50,134,4
2,Lanto Griffin,34.25,137,4
2,Joaquin Niemann,34.25,137,4
2,Justin Thomas,34.25,137,4
5,Patrick Cantlay,34.50,138,4
5,Sebastián Muñoz,34.50,138,4
7,Xander Schauffele,34.75,139,4
8,Jim Herman,35.00,140,4
8,Patrick Reed,35.00,140,4
10,Rickie Fowler,35.25,141,4
10,Matt Kuchar,35.25,141,4
10,Adam Long,35.25,141,4
10,Ryan Palmer,35.25,141,4
14,Cameron Champ,35.50,142,4
14,Corey Conners,35.50,142,4
14,Sung Kang,35.50,142,4
14,Kevin Kisner,35.50,142,4
14,J.T. Poston,35.50,142,4
14,Gary Woodland,35.50,142,4
20,J.B. Holmes,35.75,143,4
20,Jon Rahm,35.75,143,4
20,Matthew Wolff,35.75,143,4
23,Tyler Duncan,36.00,144,4
23,Dylan Frittelli,36.00,144,4
25,Max Homa,36.25,145,4
25,Nate Lashley,36.25,145,4
25,Collin Morikawa,36.25,145,4
25,Brendon Todd,36.25,145,4
29,Paul Casey,36.50,146,4
29,Graeme McDowell,36.50,146,4
29,Chez Reavie,36.50,146,4
32,Keith Mitchell,36.75,147,4
33,Kevin Na,37.25,149,4
34,Martin Trainer,38.00,152,4
