rank,player,Avg,Total Strokes,Total Rounds
1,Patrick Reed,32.00,32,1
2,Corey Conners,34.00,34,1
2,Lanto Griffin,34.00,34,1
2,Dustin Johnson,34.00,34,1
2,Adam Long,34.00,34,1
2,Sebastián Muñoz,34.00,34,1
2,J.T. Poston,34.00,34,1
2,Xander Schauffele,34.00,34,1
2,Matthew Wolff,34.00,34,1
10,Cameron Champ,35.00,35,1
10,Max Homa,35.00,35,1
10,Ryan Palmer,35.00,35,1
10,Gary Woodland,35.00,35,1
14,Patrick Cantlay,36.00,36,1
14,Paul Casey,36.00,36,1
14,Rickie Fowler,36.00,36,1
14,J.B. Holmes,36.00,36,1
14,Sung Kang,36.00,36,1
14,Nate Lashley,36.00,36,1
14,Graeme McDowell,36.00,36,1
14,Collin Morikawa,36.00,36,1
14,Joaquin Niemann,36.00,36,1
14,Brendon Todd,36.00,36,1
24,Tyler Duncan,37.00,37,1
24,Dylan Frittelli,37.00,37,1
24,Jim Herman,37.00,37,1
24,Kevin Kisner,37.00,37,1
24,Matt Kuchar,37.00,37,1
24,Chez Reavie,37.00,37,1
24,Justin Thomas,37.00,37,1
31,Keith Mitchell,38.00,38,1
31,Kevin Na,38.00,38,1
31,Martin Trainer,38.00,38,1
34,Jon Rahm,39.00,39,1
