rank,player,Avg,Total Strokes,Total Rounds
1,Dustin Johnson,32.00,32,1
2,J.B. Holmes,33.00,33,1
2,Sebastián Muñoz,33.00,33,1
2,Patrick Reed,33.00,33,1
5,Patrick Cantlay,34.00,34,1
5,Lanto Griffin,34.00,34,1
5,Adam Long,34.00,34,1
5,Graeme McDowell,34.00,34,1
5,Joaquin Niemann,34.00,34,1
5,Justin Thomas,34.00,34,1
11,Cameron Champ,35.00,35,1
11,Rickie Fowler,35.00,35,1
11,Dylan Frittelli,35.00,35,1
11,J.T. Poston,35.00,35,1
11,Jon Rahm,35.00,35,1
16,Max Homa,36.00,36,1
16,Kevin Kisner,36.00,36,1
16,Collin Morikawa,36.00,36,1
16,Ryan Palmer,36.00,36,1
16,Xander Schauffele,36.00,36,1
21,Paul Casey,37.00,37,1
21,Corey Conners,37.00,37,1
21,Tyler Duncan,37.00,37,1
21,Sung Kang,37.00,37,1
21,Matt Kuchar,37.00,37,1
21,Brendon Todd,37.00,37,1
21,Gary Woodland,37.00,37,1
28,Jim Herman,38.00,38,1
28,Kevin Na,38.00,38,1
28,Chez Reavie,38.00,38,1
28,Martin Trainer,38.00,38,1
28,Matthew Wolff,38.00,38,1
33,Keith Mitchell,39.00,39,1
34,Nate Lashley,40.00,40,1
