rank,player,Avg,Total Strokes,Total Rounds
1,Jim Herman,30.00,30,1
2,Justin Thomas,31.00,31,1
3,Dustin Johnson,33.00,33,1
3,Kevin Kisner,33.00,33,1
5,Patrick Cantlay,34.00,34,1
5,Tyler Duncan,34.00,34,1
5,Sung Kang,34.00,34,1
5,Matt Kuchar,34.00,34,1
5,Keith Mitchell,34.00,34,1
5,Ryan Palmer,34.00,34,1
5,Gary Woodland,34.00,34,1
12,Paul Casey,35.00,35,1
12,Cameron Champ,35.00,35,1
12,Corey Conners,35.00,35,1
12,Dylan Frittelli,35.00,35,1
12,Nate Lashley,35.00,35,1
12,Collin Morikawa,35.00,35,1
12,Kevin Na,35.00,35,1
12,Joaquin Niemann,35.00,35,1
12,Jon Rahm,35.00,35,1
12,Chez Reavie,35.00,35,1
12,Xander Schauffele,35.00,35,1
12,Brendon Todd,35.00,35,1
24,Lanto Griffin,36.00,36,1
24,Max Homa,36.00,36,1
24,Sebastián Muñoz,36.00,36,1
24,Matthew Wolff,36.00,36,1
28,Rickie Fowler,37.00,37,1
28,J.B. Holmes,37.00,37,1
28,Adam Long,37.00,37,1
28,Graeme McDowell,37.00,37,1
28,J.T. Poston,37.00,37,1
28,Patrick Reed,37.00,37,1
34,Martin Trainer,39.00,39,1
