rank,player,Low Rnd
1,Jim Herman,30
2,Justin Thomas,31
3,Dustin Johnson,32
3,Joaquin Niemann,32
3,Patrick Reed,32
6,Rickie Fowler,33
6,Lanto Griffin,33
6,J.B. Holmes,33
6,Kevin Kisner,33
6,Matt Kuchar,33
6,Sebastián Muñoz,33
12,Patrick Cantlay,34
12,Corey Conners,34
12,Tyler Duncan,34
12,Sung Kang,34
12,Nate Lashley,34
12,Adam Long,34
12,Graeme McDowell,34
12,Keith Mitchell,34
12,Ryan Palmer,34
12,J.T. Poston,34
12,Jon Rahm,34
12,Xander Schauffele,34
12,Matthew Wolff,34
12,Gary Woodland,34
26,Paul Casey,35
26,Cameron Champ,35
26,Dylan Frittelli,35
26,Max Homa,35
26,Collin Morikawa,35
26,Kevin Na,35
26,Chez Reavie,35
26,Brendon Todd,35
34,Martin Trainer,37
