rank,player,Avg,Total Strokes,Total Rounds
1,Joaquin Niemann,32.00,32,1
2,Rickie Fowler,33.00,33,1
2,Lanto Griffin,33.00,33,1
2,Matt Kuchar,33.00,33,1
5,Patrick Cantlay,34.00,34,1
5,Nate Lashley,34.00,34,1
5,Jon Rahm,34.00,34,1
5,Xander Schauffele,34.00,34,1
9,Jim Herman,35.00,35,1
9,Dustin Johnson,35.00,35,1
9,Sung Kang,35.00,35,1
9,Sebastián Muñoz,35.00,35,1
9,Justin Thomas,35.00,35,1
9,Matthew Wolff,35.00,35,1
15,Corey Conners,36.00,36,1
15,Tyler Duncan,36.00,36,1
15,Kevin Kisner,36.00,36,1
15,Adam Long,36.00,36,1
15,Keith Mitchell,36.00,36,1
15,Ryan Palmer,36.00,36,1
15,J.T. Poston,36.00,36,1
15,Chez Reavie,36.00,36,1
15,Gary Woodland,36.00,36,1
24,Cameron Champ,37.00,37,1
24,Dylan Frittelli,37.00,37,1
24,J.B. Holmes,37.00,37,1
24,Brendon Todd,37.00,37,1
24,Martin Trainer,37.00,37,1
29,Paul Casey,38.00,38,1
29,Max Homa,38.00,38,1
29,Collin Morikawa,38.00,38,1
29,Kevin Na,38.00,38,1
29,Patrick Reed,38.00,38,1
34,Graeme McDowell,39.00,39,1
