rank,player,Avg,Distance (feet),Total Putts
1,Adam Scott,"74' 10""",.898,1
2,Todd Hamilton,"72' 11""",1.749,2
3,Rod Pampling,"67' 0""",.804,1
4,John Daly,"65' 1""",1.562,2
5,Bart Bryant,"58' 9""",2.116,3
6,Vijay Singh,"52' 10""",1.901,3
7,Stewart Cink,"52' 3""",.627,1
8,Brent Geiberger,"52' 1""",.625,1
9,Sergio Garcia,"51' 4""",1.848,3
10,Heath Slocum,"50' 3""",1.206,2
11,Vaughn Taylor,"50' 1""",3.004,5
12,Retief Goosen,"48' 5""",1.161,2
13,Steve Flesch,"46' 4""",1.112,2
14,Craig Parry,"45' 0""",1.080,2
15,Stephen Ames,"44' 10""",1.076,2
16,Mark Hensby,"44' 9""",1.610,3
17,Zach Johnson,"44' 4""",1.597,3
18,Ryan Palmer,"43' 8""",2.096,4
19,Ernie Els,"42' 10""",1.542,3
20,Joey Sindelar,"42' 4""",2.030,4
21,Andre Stolz,"38' 10""",.932,2
22,Chad Campbell,"37' 9""",.906,2
23,Fred Funk,"37' 3""",1.788,4
24,Jonathan Kaye,"35' 7""",.427,1
25,Jonathan Byrd,"34' 8""",1.248,3
26,Woody Austin,"32' 10""",.788,2
27,Tiger Woods,"31' 0""",1.117,3
28,Carlos Franco,"30' 9""",2.950,8
29,David Toms,"28' 3""",1.017,3
30,Mike Weir,"19' 7""",.704,3
