rank,player,Value,Attempts,Total Distance (Feet)
1,Stewart Cink,"1' 10""",43,79.917
2,Retief Goosen,"1' 11""",46,89.750
3,Jonathan Kaye,"2' 0""",41,80.833
4,Craig Parry,"2' 1""",50,102.583
4,Mike Weir,"2' 1""",45,95.250
4,Tiger Woods,"2' 1""",48,100.333
7,Stuart Appleby,"2' 3""",45,99.583
7,Todd Hamilton,"2' 3""",49,111.833
7,David Toms,"2' 3""",47,107.417
10,Ernie Els,"2' 4""",46,106.917
10,Brent Geiberger,"2' 4""",48,112.583
10,Vijay Singh,"2' 4""",45,105.750
13,Chad Campbell,"2' 5""",52,127.333
13,John Daly,"2' 5""",49,119.000
13,Joey Sindelar,"2' 5""",48,115.083
16,Rod Pampling,"2' 6""",49,122.250
17,Woody Austin,"2' 7""",40,103.917
17,Sergio Garcia,"2' 7""",53,137.583
17,Adam Scott,"2' 7""",45,117.000
17,Andre Stolz,"2' 7""",47,123.250
21,Bart Bryant,"2' 9""",49,134.000
21,Zach Johnson,"2' 9""",46,126.750
21,Heath Slocum,"2' 9""",48,133.083
24,Steve Flesch,"2' 10""",48,136.000
25,Jonathan Byrd,"3' 0""",45,133.333
25,Ryan Palmer,"3' 0""",51,153.333
25,Vaughn Taylor,"3' 0""",46,136.333
28,Carlos Franco,"3' 3""",50,164.417
29,Stephen Ames,"3' 5""",50,170.083
29,Fred Funk,"3' 5""",54,184.417
31,Mark Hensby,"3' 10""",49,188.667
