rank,player,Distance in Inches
1,Bart Bryant,68
2,Stuart Appleby,67
3,Ernie Els,60
3,Adam Scott,60
5,Jonathan Byrd,59
6,Woody Austin,56
6,Zach Johnson,56
6,Heath Slocum,56
9,Stephen Ames,55
9,Chad Campbell,55
11,Jonathan Kaye,53
12,Mark Hensby,52
12,Craig Parry,52
14,Carlos Franco,51
14,Mike Weir,51
16,Steve Flesch,50
16,Vaughn Taylor,50
18,Fred Funk,49
19,Stewart Cink,48
20,Andre Stolz,47
20,David Toms,47
22,Brent Geiberger,46
22,Rod Pampling,46
22,Vijay Singh,46
25,John Daly,45
26,Sergio Garcia,43
26,Todd Hamilton,43
28,Ryan Palmer,42
28,Joey Sindelar,42
28,Tiger Woods,42
31,Retief Goosen,34
