rank,player,Avg,Distance (Feet),Total Putts
1,Bart Bryant,"12' 5""",285.583,23
2,Stuart Appleby,"11' 5""",297.583,26
3,Chad Campbell,"11' 0""",208.583,19
4,Ernie Els,"10' 5""",260.417,25
5,Craig Parry,"9' 11""",217.750,22
6,Heath Slocum,"9' 5""",216.167,23
7,Adam Scott,"9' 2""",247.750,27
8,Jonathan Byrd,"8' 8""",232.917,27
9,Carlos Franco,"8' 6""",186.333,22
9,Zach Johnson,"8' 6""",221.750,26
11,Vaughn Taylor,"8' 0""",199.417,25
11,Mike Weir,"8' 0""",216.083,27
13,Jonathan Kaye,"7' 11""",238.000,30
14,Stephen Ames,"7' 9""",169.583,22
15,Woody Austin,"7' 8""",244.500,32
16,David Toms,"7' 6""",179.167,24
17,Stewart Cink,"7' 5""",214.083,29
17,Sergio Garcia,"7' 5""",141.583,19
19,Brent Geiberger,"7' 3""",166.667,23
20,John Daly,"7' 2""",157.750,22
20,Steve Flesch,"7' 2""",171.833,24
20,Fred Funk,"7' 2""",129.417,18
20,Todd Hamilton,"7' 2""",164.583,23
20,Vijay Singh,"7' 2""",187.083,26
25,Rod Pampling,"7' 1""",162.917,23
26,Joey Sindelar,"6' 11""",159.167,23
26,Andre Stolz,"6' 11""",165.833,24
28,Tiger Woods,"6' 6""",150.167,23
29,Ryan Palmer,"6' 1""",128.583,21
30,Mark Hensby,"5' 10""",134.583,23
31,Retief Goosen,"4' 10""",125.000,26
