rank,player,Avg,Total Distance (feet),# of Attempts,Relative to par
1,Hudson Swafford,"29' 7""",29.583,1,-1
2,Kevin Kisner,"39' 1""",117.333,3,-3
3,Jhonattan Vegas,"62' 7""",62.583,1,-1
4,Patton Kizzire,"64' 7""",129.167,2,-1
5,Grayson Murray,"68' 4""",68.333,1,E
6,Jason Dufner,"78' 11""",157.833,2,-1
7,Marc Leishman,"80' 2""",160.333,2,-1
8,Pat Perez,"81' 8""",326.667,4,-2
9,Cameron Smith,"89' 6""",268.417,3,-1
10,Kevin Chappell,"97' 9""",195.500,2,+1
11,Billy Horschel,"102' 11""",205.833,2,-1
12,Rickie Fowler,"105' 1""",315.333,3,-2
13,Brian Harman,"107' 3""",321.833,3,-1
14,Justin Thomas,"108' 6""",217.000,2,E
15,Wesley Bryan,"109' 1""",436.250,4,-2
16,Russell Henley,"118' 3""",354.750,3,-2
17,Adam Hadwin,"120' 0""",120.000,1,E
18,Hideki Matsuyama,"122' 8""",245.333,2,-1
19,Jordan Spieth,"127' 5""",254.750,2,E
20,Brooks Koepka,"130' 2""",130.167,1,-1
21,Daniel Berger,"132' 8""",265.250,2,-1
22,Austin Cook,"133' 1""",266.083,2,-2
23,Kyle Stanley,"133' 2""",266.333,2,-1
24,Bryson DeChambeau,"137' 0""",274.000,2,+1
25,Jonas Blixt,"141' 1""",282.083,2,-1
26,Xander Schauffele,"144' 10""",144.833,1,E
26,Brendan Steele,"144' 10""",144.833,1,+1
28,Dustin Johnson,"158' 4""",158.333,1,E
29,Si Woo Kim,"160' 5""",320.833,2,E
30,Patrick Cantlay,"162' 11""",325.750,2,-2
31,D.A. Points,"166' 0""",166.000,1,E
32,Chris Stroud,"169' 1""",169.083,1,E
33,Jon Rahm,"174' 7""",174.583,1,E
34,Ryan Armour,"188' 10""",188.833,1,E
