rank,player,Avg,Total Distance (feet),# of Attempts,Relative to par
1,Grayson Murray,"16' 4""",98.083,6,-3
2,Chris Stroud,"19' 4""",135.167,7,-2
3,Jordan Spieth,"21' 7""",172.750,8,E
4,Ryan Armour,"26' 7""",292.250,11,-3
5,Brian Harman,"30' 0""",240.167,8,+3
6,Jhonattan Vegas,"30' 1""",210.750,7,-2
7,Jonas Blixt,"30' 5""",243.250,8,-2
8,Austin Cook,"31' 2""",156.000,5,+2
9,Daniel Berger,"31' 5""",282.750,9,-1
9,Kevin Chappell,"31' 5""",220.083,7,-2
11,Hideki Matsuyama,"32' 2""",289.417,9,+1
12,Bryson DeChambeau,"33' 1""",297.500,9,+3
13,Pat Perez,"33' 3""",232.833,7,+1
14,Marc Leishman,"33' 5""",200.583,6,E
15,Kyle Stanley,"34' 8""",173.500,5,+2
16,Cameron Smith,"35' 0""",209.833,6,+2
17,Adam Hadwin,"35' 10""",286.417,8,E
18,Kevin Kisner,"36' 1""",252.500,7,E
19,Brooks Koepka,"36' 2""",180.750,5,+1
20,Russell Henley,"36' 7""",182.917,5,E
21,Dustin Johnson,"37' 1""",222.583,6,E
22,Wesley Bryan,"37' 6""",337.833,9,+1
23,Billy Horschel,"38' 9""",271.250,7,+1
24,Patrick Cantlay,"40' 2""",321.417,8,E
24,Xander Schauffele,"40' 2""",321.083,8,E
26,Brendan Steele,"41' 2""",329.417,8,+1
27,Justin Thomas,"41' 9""",250.500,6,+2
28,D.A. Points,"42' 3""",338.167,8,+3
29,Si Woo Kim,"42' 5""",254.667,6,+2
30,Jason Dufner,"42' 6""",212.500,5,-1
31,Patton Kizzire,"43' 1""",301.500,7,+2
32,Hudson Swafford,"43' 11""",307.583,7,+1
33,Rickie Fowler,"45' 3""",407.083,9,+2
34,Jon Rahm,"46' 6""",278.833,6,+1
