rank,player,Avg,Total Distance (feet),# of Attempts,Relative to par
1,Si Woo Kim,"15' 3""",76.167,5,-1
2,Brooks Koepka,"17' 4""",52.083,3,E
3,Pat Perez,"20' 7""",205.917,10,-1
4,Ryan Armour,"21' 1""",147.500,7,-3
5,Daniel Berger,"21' 5""",107.167,5,-1
6,Hudson Swafford,"22' 6""",135.167,6,E
7,Justin Thomas,"22' 11""",22.917,1,E
8,Brian Harman,"24' 2""",120.833,5,-1
9,Jordan Spieth,"25' 1""",150.417,6,E
10,Grayson Murray,"25' 3""",50.500,2,-1
11,Kyle Stanley,"26' 5""",238.083,9,-1
12,Jon Rahm,"27' 1""",27.083,1,E
13,Rickie Fowler,"28' 2""",282.000,10,-2
14,Adam Hadwin,"29' 3""",263.417,9,E
15,Wesley Bryan,"30' 2""",241.583,8,-2
16,Jonas Blixt,"30' 8""",183.750,6,+1
17,D.A. Points,"31' 0""",217.167,7,E
18,Kevin Chappell,"31' 2""",187.000,6,-1
19,Jason Dufner,"32' 11""",296.167,9,-1
20,Bryson DeChambeau,"33' 9""",101.333,3,-1
20,Hideki Matsuyama,"33' 9""",67.500,2,E
22,Patrick Cantlay,"35' 2""",105.417,3,E
23,Cameron Smith,"36' 0""",144.000,4,+1
23,Brendan Steele,"36' 0""",179.833,5,+1
25,Chris Stroud,"39' 8""",238.083,6,E
26,Jhonattan Vegas,"42' 10""",171.333,4,+1
27,Billy Horschel,"43' 4""",303.333,7,+2
28,Austin Cook,"43' 9""",175.000,4,+2
29,Patton Kizzire,"50' 7""",252.750,5,E
30,Kevin Kisner,"52' 10""",316.917,6,E
31,Russell Henley,"57' 8""",57.667,1,E
32,Dustin Johnson,"67' 3""",134.417,2,E
33,Xander Schauffele,"74' 9""",149.417,2,+1
34,Marc Leishman,"77' 6""",77.500,1,E
