rank,player,Avg,Total Distance (feet),# of Attempts,Relative to par
1,Hideki Matsuyama,"21' 8""",151.583,7,-3
2,Cameron Smith,"31' 3""",125.000,4,+2
3,Rickie Fowler,"34' 5""",241.000,7,E
4,Patrick Cantlay,"35' 1""",280.500,8,-2
5,Jordan Spieth,"36' 1""",252.500,7,E
6,Billy Horschel,"36' 11""",258.667,7,E
6,Grayson Murray,"36' 11""",221.333,6,-2
8,Si Woo Kim,"37' 7""",263.083,7,-3
9,Adam Hadwin,"37' 11""",341.000,9,-1
10,Brian Harman,"38' 9""",348.417,9,-3
11,Marc Leishman,"39' 3""",353.250,9,-4
12,Jason Dufner,"40' 7""",324.917,8,-1
13,Daniel Berger,"40' 10""",244.917,6,+1
14,Jon Rahm,"41' 3""",329.917,8,-3
15,Chris Stroud,"41' 6""",373.583,9,E
16,Russell Henley,"42' 3""",295.500,7,-1
17,Jhonattan Vegas,"42' 5""",254.667,6,E
18,Kevin Chappell,"42' 6""",297.333,7,-2
19,Patton Kizzire,"44' 1""",176.167,4,E
20,Hudson Swafford,"44' 7""",267.500,6,E
21,D.A. Points,"45' 3""",271.667,6,E
22,Jonas Blixt,"45' 11""",367.583,8,+2
23,Wesley Bryan,"46' 4""",324.167,7,-1
24,Justin Thomas,"47' 10""",382.667,8,+1
25,Austin Cook,"48' 4""",338.333,7,E
26,Ryan Armour,"49' 6""",495.083,10,+1
27,Kevin Kisner,"50' 7""",455.417,9,-2
28,Pat Perez,"50' 9""",507.583,10,-3
29,Brooks Koepka,"50' 11""",305.250,6,+2
30,Xander Schauffele,"51' 2""",358.167,7,E
31,Kyle Stanley,"54' 3""",434.167,8,-1
32,Bryson DeChambeau,"54' 4""",488.833,9,E
33,Brendan Steele,"65' 2""",586.833,9,E
34,Dustin Johnson,"69' 2""",691.583,10,-2
