rank,player,Avg,Total Distance (feet),# of Attempts,Relative to par
1,Patton Kizzire,"14' 1""",14.083,1,-1
2,Rickie Fowler,"21' 10""",21.833,1,-2
3,Patrick Cantlay,"40' 6""",80.917,2,-2
4,Jhonattan Vegas,"50' 4""",150.917,3,-4
5,Hudson Swafford,"51' 5""",154.333,3,-3
6,Daniel Berger,"54' 5""",163.333,3,-1
7,Billy Horschel,"55' 11""",55.917,1,-1
8,D.A. Points,"58' 2""",58.167,1,-1
9,Adam Hadwin,"60' 5""",181.333,3,-3
10,Austin Cook,"61' 3""",61.250,1,-1
11,Jordan Spieth,"62' 5""",187.250,3,-1
12,Dustin Johnson,"63' 3""",253.083,4,-4
13,Justin Thomas,"65' 1""",130.083,2,-3
14,Jonas Blixt,"69' 1""",276.417,4,-2
15,Kyle Stanley,"72' 11""",218.667,3,-1
16,Bryson DeChambeau,"74' 1""",148.083,2,-2
17,Brian Harman,"76' 8""",306.750,4,-4
18,Marc Leishman,"79' 2""",158.333,2,-1
19,Si Woo Kim,"87' 6""",87.500,1,-1
20,Russell Henley,"88' 0""",88.000,1,-1
21,Jon Rahm,"88' 7""",265.750,3,-2
22,Hideki Matsuyama,"89' 5""",268.167,3,-1
23,Grayson Murray,"92' 6""",185.000,2,-1
24,Brendan Steele,"93' 10""",187.583,2,E
25,Cameron Smith,"97' 3""",194.417,2,-1
26,Wesley Bryan,"97' 4""",97.333,1,E
27,Jason Dufner,"104' 4""",313.083,3,E
28,Kevin Chappell,"113' 11""",227.833,2,-1
29,Chris Stroud,"126' 1""",252.083,2,-1
30,Xander Schauffele,"133' 0""",133.000,1,E
31,Kevin Kisner,"139' 3""",139.250,1,E
