rank,player,Avg,Total Distance (feet),# of Attempts,Relative to par
1,Wesley Bryan,"12' 11""",142.250,11,-4
2,Jon Rahm,"16' 11""",253.583,15,-2
3,Grayson Murray,"17' 9""",194.833,11,E
4,Pat Perez,"18' 10""",300.667,16,-4
5,Kevin Kisner,"19' 2""",402.250,21,-7
6,Brian Harman,"19' 6""",253.583,13,-2
7,Bryson DeChambeau,"20' 0""",320.417,16,-2
8,Ryan Armour,"20' 3""",426.083,21,-4
9,Chris Stroud,"20' 8""",247.583,12,-4
10,Billy Horschel,"21' 3""",212.417,10,-2
11,Cameron Smith,"21' 7""",345.917,16,-4
12,Jordan Spieth,"22' 1""",287.250,13,-3
13,Daniel Berger,"22' 8""",362.833,16,-1
14,Jason Dufner,"22' 11""",320.917,14,-4
15,Russell Henley,"23' 9""",450.917,19,-3
15,Si Woo Kim,"23' 9""",452.000,19,-1
15,D.A. Points,"23' 9""",427.333,18,+4
18,Brooks Koepka,"24' 7""",368.833,15,+4
19,Patton Kizzire,"25' 1""",451.083,18,-3
20,Jhonattan Vegas,"25' 2""",302.083,12,E
21,Hudson Swafford,"25' 7""",536.583,21,E
22,Marc Leishman,"25' 9""",360.250,14,-1
23,Dustin Johnson,"25' 10""",361.333,14,E
24,Justin Thomas,"26' 8""",346.667,13,-2
25,Jonas Blixt,"27' 4""",273.583,10,-1
26,Brendan Steele,"28' 6""",398.750,14,-1
27,Rickie Fowler,"28' 9""",431.500,15,-2
28,Adam Hadwin,"29' 2""",408.417,14,-3
29,Hideki Matsuyama,"29' 10""",238.583,8,-1
30,Xander Schauffele,"30' 8""",367.917,12,-1
31,Austin Cook,"31' 3""",500.417,16,E
32,Patrick Cantlay,"31' 7""",347.000,11,+1
33,Kevin Chappell,"31' 8""",474.917,15,+2
34,Kyle Stanley,"40' 3""",483.333,12,+1
