rank,player,Avg,Total Distance (feet),# of Attempts,Relative to par
1,Wesley Bryan,"13' 10""",69.250,5,-2
2,Pat Perez,"17' 2""",137.083,8,-2
3,Ryan Armour,"18' 8""",186.250,10,-4
4,Billy Horschel,"19' 5""",77.583,4,-1
5,Jordan Spieth,"20' 0""",99.917,5,-1
6,Daniel Berger,"20' 1""",140.333,7,-1
7,Grayson Murray,"20' 11""",104.583,5,E
8,D.A. Points,"21' 11""",197.167,9,+2
9,Bryson DeChambeau,"22' 7""",203.417,9,-4
10,Brian Harman,"23' 2""",139.000,6,+1
11,Jon Rahm,"23' 8""",165.833,7,+1
12,Jason Dufner,"25' 3""",201.917,8,-1
13,Brooks Koepka,"25' 7""",178.833,7,+2
14,Jhonattan Vegas,"25' 10""",206.750,8,-1
15,Rickie Fowler,"26' 8""",293.333,11,-1
16,Kevin Kisner,"26' 9""",240.417,9,-2
17,Si Woo Kim,"26' 10""",295.333,11,+1
18,Hideki Matsuyama,"27' 3""",136.250,5,-1
19,Cameron Smith,"28' 8""",229.500,8,E
20,Chris Stroud,"29' 3""",117.083,4,-1
21,Patrick Cantlay,"29' 7""",148.000,5,+1
21,Austin Cook,"29' 7""",236.833,8,E
23,Brendan Steele,"30' 10""",246.500,8,-1
24,Russell Henley,"31' 3""",281.000,9,E
25,Marc Leishman,"32' 5""",291.917,9,E
26,Patton Kizzire,"32' 11""",164.750,5,E
27,Hudson Swafford,"34' 4""",274.500,8,E
28,Xander Schauffele,"35' 3""",211.333,6,-1
29,Adam Hadwin,"37' 9""",302.167,8,-2
30,Dustin Johnson,"39' 11""",239.667,6,+1
31,Kevin Chappell,"41' 2""",288.250,7,+1
32,Jonas Blixt,"45' 10""",183.250,4,+1
33,Justin Thomas,"47' 0""",235.083,5,+1
34,Kyle Stanley,"47' 10""",334.583,7,E
