rank,player,Avg,Total Distance (feet),# of Attempts,Relative to par
1,Rickie Fowler,"18' 11""",94.583,5,-1
2,Si Woo Kim,"23' 1""",138.417,6,-1
3,Brian Harman,"23' 7""",141.667,6,-3
4,Pat Perez,"24' 10""",74.583,3,E
5,Kevin Chappell,"25' 9""",154.667,6,-2
6,Daniel Berger,"25' 10""",206.750,8,-4
7,Dustin Johnson,"26' 2""",235.250,9,-5
8,Russell Henley,"26' 9""",294.417,11,-2
9,Brooks Koepka,"28' 0""",224.167,8,-5
10,Hideki Matsuyama,"32' 7""",195.417,6,-3
11,Patton Kizzire,"33' 8""",336.667,10,-4
12,Jordan Spieth,"35' 0""",139.833,4,-1
13,Wesley Bryan,"35' 2""",246.083,7,+1
14,Hudson Swafford,"36' 3""",181.167,5,-1
15,Patrick Cantlay,"36' 6""",182.417,5,-2
15,Jhonattan Vegas,"36' 6""",255.250,7,-2
17,Xander Schauffele,"36' 9""",257.417,7,-4
18,Austin Cook,"36' 11""",295.417,8,-5
19,Jason Dufner,"38' 5""",230.333,6,E
20,Billy Horschel,"38' 11""",272.167,7,-2
21,Jon Rahm,"40' 2""",321.250,8,-2
22,Adam Hadwin,"41' 2""",288.250,7,+2
23,Kevin Kisner,"41' 7""",290.917,7,+2
24,Chris Stroud,"44' 1""",176.250,4,-1
25,Cameron Smith,"44' 5""",400.083,9,-2
26,Bryson DeChambeau,"45' 4""",317.333,7,-1
27,Marc Leishman,"45' 6""",363.833,8,-4
28,D.A. Points,"47' 3""",330.500,7,-2
29,Brendan Steele,"47' 5""",284.250,6,-1
30,Ryan Armour,"48' 1""",240.417,5,+2
31,Kyle Stanley,"51' 0""",459.083,9,-1
32,Jonas Blixt,"51' 3""",359.000,7,+5
33,Justin Thomas,"51' 5""",360.167,7,E
34,Grayson Murray,"51' 8""",361.833,7,E
