rank,player,Avg,Total Distance (feet),# of Attempts,Relative to par
1,Jon Rahm,"11' 0""",87.750,8,-0.38
2,Wesley Bryan,"12' 2""",73.000,6,-0.33
3,Justin Thomas,"13' 7""",122.583,9,-0.44
4,Marc Leishman,"13' 8""",68.333,5,-0.20
5,Dustin Johnson,"14' 1""",126.750,9,-0.22
6,Cameron Smith,"14' 4""",128.667,9,-0.56
7,Bryson DeChambeau,"15' 2""",136.417,9,+0.22
8,Kevin Kisner,"15' 10""",205.500,13,-0.38
9,Brian Harman,"16' 3""",129.833,8,-0.50
10,Jason Dufner,"16' 7""",132.500,8,-0.50
10,Si Woo Kim,"16' 7""",165.833,10,-0.40
10,Chris Stroud,"16' 7""",149.167,9,-0.33
13,Russell Henley,"17' 0""",169.917,10,-0.30
14,Adam Hadwin,"17' 9""",106.250,6,-0.17
15,Grayson Murray,"18' 0""",126.000,7,E
16,Jonas Blixt,"18' 6""",129.583,7,-0.29
17,Pat Perez,"19' 6""",175.583,9,-0.33
18,Hudson Swafford,"20' 2""",262.083,13,E
19,Kevin Chappell,"20' 8""",206.333,10,E
20,Ryan Armour,"21' 10""",239.833,11,E
21,Patton Kizzire,"22' 4""",313.083,14,-0.29
22,Billy Horschel,"22' 6""",134.833,6,-0.17
22,Jordan Spieth,"22' 6""",202.500,9,-0.22
24,Jhonattan Vegas,"22' 8""",113.167,5,+0.20
25,Brooks Koepka,"23' 9""",190.000,8,+0.25
26,Daniel Berger,"24' 9""",222.500,9,E
27,Xander Schauffele,"25' 3""",176.750,7,E
28,Brendan Steele,"25' 5""",152.250,6,E
29,D.A. Points,"25' 7""",255.583,10,+0.20
30,Kyle Stanley,"26' 3""",157.583,6,E
31,Rickie Fowler,"27' 10""",139.333,5,-0.40
32,Austin Cook,"32' 11""",263.583,8,E
33,Patrick Cantlay,"33' 2""",199.000,6,E
34,Hideki Matsuyama,"34' 1""",102.333,3,E
