rank,player,Avg,Total Distance (feet),# of Attempts,Relative to par
1,Wesley Bryan,"10' 9""",42.833,4,-3
2,Brian Harman,"11' 4""",34.000,3,-2
3,Kevin Kisner,"12' 5""",99.250,8,-4
4,Jon Rahm,"12' 11""",64.583,5,-1
5,Bryson DeChambeau,"13' 6""",67.417,5,+2
5,Cameron Smith,"13' 6""",81.083,6,-3
7,Justin Thomas,"15' 0""",104.750,7,-3
8,Jordan Spieth,"15' 7""",78.000,5,-2
9,Dustin Johnson,"16' 6""",82.583,5,E
10,Si Woo Kim,"16' 10""",67.333,4,-1
11,Jonas Blixt,"17' 3""",68.833,4,-1
12,Grayson Murray,"17' 11""",53.750,3,+1
13,Jason Dufner,"19' 10""",119.000,6,-3
14,Adam Hadwin,"20' 0""",79.833,4,-1
15,Brooks Koepka,"20' 1""",60.250,3,+2
16,Chris Stroud,"20' 2""",101.000,5,-2
17,Russell Henley,"21' 6""",85.833,4,E
18,Kevin Chappell,"21' 10""",109.333,5,E
19,Pat Perez,"22' 8""",158.583,7,-1
20,Jhonattan Vegas,"23' 10""",95.333,4,+1
21,Ryan Armour,"24' 11""",149.417,6,+1
22,Patton Kizzire,"25' 4""",177.583,7,E
23,Hudson Swafford,"25' 8""",179.833,7,E
24,Billy Horschel,"25' 10""",77.500,3,-1
25,Marc Leishman,"26' 10""",26.833,1,E
26,Daniel Berger,"28' 5""",142.250,5,E
27,Kyle Stanley,"29' 9""",148.750,5,+1
28,D.A. Points,"32' 6""",195.000,6,+1
29,Austin Cook,"37' 6""",187.333,5,E
30,Rickie Fowler,"42' 6""",85.000,2,-1
31,Patrick Cantlay,"44' 3""",132.750,3,E
32,Hideki Matsuyama,"45' 1""",90.167,2,+1
33,Xander Schauffele,"57' 2""",57.167,1,E
34,Brendan Steele,"64' 6""",64.500,1,E
