rank,player,Avg,Total Distance (feet),# of Attempts,GIR Rank
1,Pat Perez,"36' 4""","2,580.167",71,Under
2,Si Woo Kim,"38' 9""","2,753.417",71,Under
2,Jordan Spieth,"38' 9""","2,749.500",71,Under
4,Cameron Smith,"38' 10""","2,716.083",70,Under
5,Ryan Armour,"40' 1""","2,886.083",72,Under
6,Kevin Kisner,"40' 2""","2,889.333",72,Under
6,Marc Leishman,"40' 2""","2,893.000",72,Under
8,Jason Dufner,"40' 5""","2,871.833",71,Under
9,Rickie Fowler,"41' 1""","2,875.083",70,Under
9,Brian Harman,"41' 1""","2,960.167",72,Under
11,Patton Kizzire,"41' 3""","2,929.167",71,Under
12,D.A. Points,"41' 7""","2,953.917",71,Over
13,Wesley Bryan,"41' 11""","2,979.000",71,Under
14,Daniel Berger,"42' 0""","2,939.333",70,Under
15,Hudson Swafford,"42' 7""","3,025.333",71,Under
16,Kevin Chappell,"43' 8""","3,099.083",71,Under
17,Austin Cook,"43' 9""","3,150.083",72,Under
18,Grayson Murray,"44' 4""","3,145.833",71,Under
19,Russell Henley,"44' 8""","3,218.250",72,Under
20,Adam Hadwin,"44' 11""","3,233.333",72,Over
21,Billy Horschel,"45' 1""","3,244.833",72,Under
21,Justin Thomas,"45' 1""","3,203.417",71,Under
21,Jhonattan Vegas,"45' 1""","3,248.167",72,Under
24,Dustin Johnson,"45' 8""","3,289.500",72,Under
25,Hideki Matsuyama,"45' 11""","3,308.917",72,Under
26,Jon Rahm,"46' 0""","3,313.833",72,Under
27,Brooks Koepka,"46' 5""","3,342.750",72,Over
28,Bryson DeChambeau,"47' 6""","3,418.917",72,Under
28,Brendan Steele,"47' 6""","3,373.833",71,Under
30,Chris Stroud,"47' 7""","3,423.583",72,Under
31,Patrick Cantlay,"48' 7""","3,450.583",71,Under
32,Xander Schauffele,"48' 11""","3,522.250",72,Under
33,Jonas Blixt,"49' 0""","3,529.667",72,Over
34,Kyle Stanley,"49' 4""","3,504.750",71,Under
