rank,player,Avg,Total Distance (feet),# of Attempts,Relative to par
1,Pat Perez,"5' 0""",5.000,1,-1
2,Justin Thomas,"6' 10""",6.833,1,E
3,Jon Rahm,"7' 9""",23.167,3,-2
4,Chris Stroud,"9' 10""",29.500,3,-1
5,Marc Leishman,"10' 5""",41.500,4,-1
6,Jonas Blixt,"10' 9""",21.500,2,-1
7,D.A. Points,"11' 9""",35.167,3,+1
8,Hideki Matsuyama,"12' 2""",12.167,1,-1
8,Grayson Murray,"12' 2""",36.500,3,-1
10,Dustin Johnson,"13' 0""",39.083,3,-1
11,Adam Hadwin,"13' 3""",26.417,2,E
12,Hudson Swafford,"13' 9""",82.250,6,E
13,Russell Henley,"14' 0""",84.083,6,-3
14,Wesley Bryan,"15' 1""",30.167,2,+1
15,Kevin Kisner,"15' 8""",62.583,4,-1
16,Brendan Steele,"17' 7""",87.750,5,E
17,Cameron Smith,"17' 8""",35.333,2,-1
18,Ryan Armour,"18' 1""",90.417,5,-1
19,Patton Kizzire,"18' 2""",108.750,6,-3
20,Billy Horschel,"19' 1""",57.333,3,E
21,Xander Schauffele,"19' 11""",99.417,5,E
22,Daniel Berger,"20' 1""",80.250,4,E
23,Brian Harman,"20' 2""",80.583,4,-1
24,Patrick Cantlay,"22' 1""",66.250,3,E
25,Si Woo Kim,"22' 4""",89.333,4,-1
26,Bryson DeChambeau,"24' 10""",49.583,2,E
27,Austin Cook,"25' 5""",76.250,3,E
28,Kevin Chappell,"25' 9""",77.333,3,+1
29,Brooks Koepka,"25' 11""",129.750,5,E
30,Rickie Fowler,"26' 7""",53.167,2,E
31,Jordan Spieth,"36' 5""",109.333,3,E
