rank,player,Avg,Total Distance (feet),# of Attempts,Relative to par
1,Kyle Stanley,"38' 1""",38.083,1,E
2,Kevin Kisner,"39' 5""",118.250,3,-1
3,Xander Schauffele,"40' 2""",200.667,5,-2
4,Justin Thomas,"42' 1""",168.333,4,E
5,Jon Rahm,"44' 4""",266.000,6,-6
6,Marc Leishman,"46' 3""",277.250,6,-2
7,Hudson Swafford,"50' 7""",354.083,7,-1
8,Jordan Spieth,"50' 9""",203.000,4,-2
9,Patrick Cantlay,"53' 11""",323.250,6,-3
10,Jason Dufner,"54' 11""",384.583,7,-3
11,Si Woo Kim,"55' 0""",275.083,5,-5
12,Brendan Steele,"55' 5""",332.500,6,+1
13,Cameron Smith,"58' 10""",235.333,4,-3
14,Dustin Johnson,"60' 10""",121.583,2,-1
15,Pat Perez,"60' 11""",487.333,8,-5
16,Brian Harman,"63' 1""",252.250,4,E
17,Daniel Berger,"63' 3""",316.250,5,-3
18,Jhonattan Vegas,"63' 4""",316.500,5,-2
19,Hideki Matsuyama,"63' 5""",253.750,4,-2
20,Wesley Bryan,"63' 8""",191.083,3,-1
21,Adam Hadwin,"65' 6""",196.417,3,-2
22,Rickie Fowler,"67' 7""",337.750,5,-2
23,Austin Cook,"68' 7""",548.833,8,-1
23,Chris Stroud,"68' 7""",411.250,6,-4
25,Jonas Blixt,"71' 0""",213.083,3,-2
26,Brooks Koepka,"71' 3""",284.833,4,+2
27,Kevin Chappell,"71' 5""",285.667,4,E
28,Bryson DeChambeau,"71' 6""",357.500,5,-1
29,D.A. Points,"72' 1""",288.250,4,+1
30,Patton Kizzire,"76' 9""",460.250,6,-3
31,Billy Horschel,"83' 4""",750.000,9,-3
32,Grayson Murray,"83' 9""",418.583,5,-2
33,Russell Henley,"89' 9""",538.667,6,-1
34,Ryan Armour,"95' 1""",570.333,6,-3
