rank,player,Avg,Total Strokes,Total Rounds
1,Jim Furyk,32.00,32,1
1,Paul Goydos,32.00,32,1
3,Rory Sabbatini,33.00,33,1
3,Vijay Singh,33.00,33,1
3,Nick Watney,33.00,33,1
3,Boo Weekley,33.00,33,1
7,Woody Austin,34.00,34,1
7,Jonathan Byrd,34.00,34,1
7,Chad Campbell,34.00,34,1
7,K.J. Choi,34.00,34,1
7,Daniel Chopra,34.00,34,1
7,Steve Flesch,34.00,34,1
7,Justin Leonard,34.00,34,1
7,Hunter Mahan,34.00,34,1
7,Steve Stricker,34.00,34,1
7,Mike Weir,34.00,34,1
17,Brian Bateman,35.00,35,1
17,Ángel Cabrera,35.00,35,1
17,Charles Howell III,35.00,35,1
17,George McNeill,35.00,35,1
17,Brandt Snedeker,35.00,35,1
17,Scott Verplank,35.00,35,1
23,Fred Funk,36.00,36,1
23,Charley Hoffman,36.00,36,1
23,Zach Johnson,36.00,36,1
23,Mark Wilson,36.00,36,1
27,Stephen Ames,37.00,37,1
27,Aaron Baddeley,37.00,37,1
27,Joe Ogilvie,37.00,37,1
30,Mark Calcavecchia,38.00,38,1
30,Henrik Stenson,38.00,38,1
