rank,player,Avg,Total Strokes,Total Rounds
1,Steve Stricker,33.00,33,1
2,Stephen Ames,34.00,34,1
2,Brian Bateman,34.00,34,1
2,Jonathan Byrd,34.00,34,1
2,Zach Johnson,34.00,34,1
6,Mark Calcavecchia,35.00,35,1
6,Chad Campbell,35.00,35,1
6,Jim Furyk,35.00,35,1
6,Paul Goydos,35.00,35,1
6,Charles Howell III,35.00,35,1
6,George McNeill,35.00,35,1
6,Vijay Singh,35.00,35,1
6,Scott Verplank,35.00,35,1
6,Mike Weir,35.00,35,1
6,Mark Wilson,35.00,35,1
16,Ángel Cabrera,36.00,36,1
16,K.J. Choi,36.00,36,1
16,Steve Flesch,36.00,36,1
16,Justin Leonard,36.00,36,1
16,Hunter Mahan,36.00,36,1
16,Nick Watney,36.00,36,1
22,Aaron Baddeley,37.00,37,1
22,Fred Funk,37.00,37,1
22,Charley Hoffman,37.00,37,1
22,Rory Sabbatini,37.00,37,1
26,Woody Austin,38.00,38,1
26,Daniel Chopra,38.00,38,1
26,Brandt Snedeker,38.00,38,1
29,Joe Ogilvie,39.00,39,1
29,Boo Weekley,39.00,39,1
31,Henrik Stenson,41.00,41,1
