rank,player,Avg,Total Strokes,Total Rounds
1,Steve Stricker,31.00,31,1
2,Stephen Ames,33.00,33,1
2,Mark Calcavecchia,33.00,33,1
2,Boo Weekley,33.00,33,1
2,Mike Weir,33.00,33,1
6,Aaron Baddeley,34.00,34,1
6,Chad Campbell,34.00,34,1
6,Daniel Chopra,34.00,34,1
6,Charles Howell III,34.00,34,1
6,Hunter Mahan,34.00,34,1
6,Henrik Stenson,34.00,34,1
12,K.J. Choi,35.00,35,1
12,Jim Furyk,35.00,35,1
12,Rory Sabbatini,35.00,35,1
12,Brandt Snedeker,35.00,35,1
16,Brian Bateman,36.00,36,1
16,Fred Funk,36.00,36,1
16,Justin Leonard,36.00,36,1
16,Vijay Singh,36.00,36,1
16,Scott Verplank,36.00,36,1
16,Nick Watney,36.00,36,1
16,Mark Wilson,36.00,36,1
23,Woody Austin,37.00,37,1
23,Steve Flesch,37.00,37,1
23,Charley Hoffman,37.00,37,1
23,Joe Ogilvie,37.00,37,1
27,Ángel Cabrera,38.00,38,1
27,Paul Goydos,38.00,38,1
29,Jonathan Byrd,39.00,39,1
29,Zach Johnson,39.00,39,1
31,George McNeill,42.00,42,1
