rank,player,Avg,Total Strokes,Total Rounds
1,Aaron Baddeley,33.00,33,1
2,Jonathan Byrd,35.00,35,1
2,Ángel Cabrera,35.00,35,1
2,Justin Leonard,35.00,35,1
2,Hunter Mahan,35.00,35,1
2,George McNeill,35.00,35,1
2,Henrik Stenson,35.00,35,1
2,Steve Stricker,35.00,35,1
2,Nick Watney,35.00,35,1
10,Daniel Chopra,36.00,36,1
10,Fred Funk,36.00,36,1
10,Charles Howell III,36.00,36,1
10,Mike Weir,36.00,36,1
10,Mark Wilson,36.00,36,1
15,Stephen Ames,37.00,37,1
15,Brian Bateman,37.00,37,1
15,Steve Flesch,37.00,37,1
15,Brandt Snedeker,37.00,37,1
19,Woody Austin,38.00,38,1
19,K.J. Choi,38.00,38,1
19,Jim Furyk,38.00,38,1
19,Charley Hoffman,38.00,38,1
19,Zach Johnson,38.00,38,1
19,Joe Ogilvie,38.00,38,1
19,Rory Sabbatini,38.00,38,1
19,Vijay Singh,38.00,38,1
27,Mark Calcavecchia,39.00,39,1
27,Scott Verplank,39.00,39,1
29,Chad Campbell,40.00,40,1
29,Boo Weekley,40.00,40,1
31,Paul Goydos,43.00,43,1
