rank,player,%,Greens Hit,# Holes,Relative/Par
1,Fred Funk,76.39,55,72,-0.18
2,Rory Sabbatini,75.00,54,72,-0.33
2,David Toms,75.00,54,72,-0.41
2,Bubba Watson,75.00,54,72,-0.37
5,J.B. Holmes,73.61,53,72,-0.23
5,Carl Pettersson,73.61,53,72,-0.34
7,Billy Mayfair,72.22,52,72,-0.27
7,Arron Oberholser,72.22,52,72,-0.19
7,Loren Roberts,72.22,52,72,-0.23
7,Adam Scott,72.22,52,72,-0.17
7,Vijay Singh,72.22,52,72,-0.27
12,Chad Campbell,70.83,51,72,-0.35
12,K.J. Choi,70.83,51,72,-0.25
12,Robert Gamez,70.83,51,72,-0.16
12,Jonathan Kaye,70.83,51,72,-0.20
12,Jerry Kelly,70.83,51,72,-0.22
17,Rich Beem,69.44,50,72,-0.26
17,Tom Byrum,69.44,50,72,-0.20
17,Mark Calcavecchia,69.44,50,72,-0.24
17,Brent Geiberger,69.44,50,72,-0.26
17,Jeff Gove,69.44,50,72,-0.16
17,Paul Goydos,69.44,50,72,-0.22
17,Jeff Maggert,69.44,50,72,-0.16
17,Jerry Smith,69.44,50,72,-0.28
17,Hidemichi Tanaka,69.44,50,72,E
26,Henrik Bjornstad,68.06,49,72,-0.18
26,Joe Durant,68.06,49,72,-0.18
26,Richard Johnson,68.06,49,72,-0.24
26,Roger Tambellini,68.06,49,72,-0.18
30,Todd Fischer,66.67,48,72,-0.21
30,Jim Furyk,66.67,48,72,-0.29
30,Nathan Green,66.67,48,72,-0.33
30,Steve Jones,66.67,48,72,-0.25
30,Thomas Levet,66.67,48,72,-0.10
35,Ryuji Imada,65.28,47,72,-0.15
35,Jesper Parnevik,65.28,47,72,-0.26
35,Charles Warren,65.28,47,72,-0.36
38,Tommy Armour III,63.89,46,72,-0.41
38,Craig Barlow,63.89,46,72,-0.26
38,David Branshaw,63.89,46,72,-0.28
38,Bill Haas,63.89,46,72,-0.07
38,Dudley Hart,63.89,46,72,-0.28
38,Jon Mills,63.89,46,72,-0.20
38,John Riegger,63.89,46,72,-0.30
38,Vaughn Taylor,63.89,46,72,-0.37
38,Ron Whittaker,63.89,46,72,-0.33
47,Carlos Franco,62.50,45,72,-0.22
47,Will MacKenzie,62.50,45,72,-0.27
47,Hunter Mahan,62.50,45,72,-0.31
47,Troy Matteson,62.50,45,72,-0.24
47,Jeff Overton,62.50,45,72,-0.29
47,Bo Van Pelt,62.50,45,72,-0.22
53,Arjun Atwal,61.11,44,72,-0.23
53,Shane Bertsch,61.11,44,72,-0.25
53,Jason Bohn,61.11,44,72,-0.20
53,Alex Cejka,61.11,44,72,-0.18
53,Daniel Chopra,61.11,44,72,-0.32
53,David Duval,61.11,44,72,-0.30
53,Jay Haas,61.11,44,72,-0.30
53,Charles Howell III,61.11,44,72,-0.20
53,Joe Ogilvie,61.11,44,72,-0.20
53,Vance Veazey,61.11,44,72,-0.20
53,Camilo Villegas,61.11,44,72,-0.32
64,Woody Austin,59.72,43,72,-0.26
64,Bubba Dickerson,59.72,43,72,-0.21
64,Tom Lehman,59.72,43,72,-0.26
64,Kaname Yokoo,59.72,43,72,-0.19
68,Paul Azinger,58.33,42,72,-0.19
68,Aaron Baddeley,58.33,42,72,-0.26
68,Mathew Goggin,58.33,42,72,-0.26
68,Peter Lonard,58.33,42,72,-0.33
68,Shigeki Maruyama,58.33,42,72,-0.21
68,Parker McLachlin,58.33,42,72,-0.12
68,Chris Riley,58.33,42,72,-0.36
75,Stuart Appleby,56.94,41,72,-0.32
75,Stewart Cink,56.94,41,72,-0.34
75,James Driscoll,56.94,41,72,-0.20
78,Michael Allen,55.56,40,72,-0.23
78,Patrick Sheehan,55.56,40,72,-0.30
80,Brad Faxon,54.17,39,72,-0.23
80,Jeff Sluman,54.17,39,72,-0.10
82,Olin Browne,52.78,38,72,-0.32
