rank,player,Value,Total Drv Rank,GIR Rank
1,J.B. Holmes,6,1,5
1,David Toms,6,4,2
3,Adam Scott,9,2,7
4,Rory Sabbatini,10,8,2
5,Bubba Watson,11,9,2
6,Carl Pettersson,20,15,5
7,Jeff Gove,24,7,17
8,Vijay Singh,26,19,7
9,Jonathan Kaye,27,15,12
10,Rich Beem,30,13,17
11,Joe Durant,31,5,26
12,Billy Mayfair,34,27,7
13,Fred Funk,36,35,1
14,K.J. Choi,37,25,12
15,Paul Goydos,38,21,17
16,Chad Campbell,40,28,12
17,David Branshaw,41,3,38
17,Mark Calcavecchia,41,24,17
19,Robert Gamez,43,31,12
19,Richard Johnson,43,17,26
21,Craig Barlow,44,6,38
22,Arron Oberholser,45,38,7
23,Charles Warren,47,12,35
24,Jesper Parnevik,48,13,35
24,Ron Whittaker,48,10,38
26,Steve Jones,50,20,30
27,Jeff Maggert,51,34,17
28,Vaughn Taylor,56,18,38
29,Jerry Smith,61,44,17
30,Hidemichi Tanaka,65,48,17
31,Brent Geiberger,66,49,17
31,Jon Mills,66,28,38
33,Roger Tambellini,67,41,26
34,Bill Haas,68,30,38
34,Jerry Kelly,68,56,12
36,Tommy Armour III,69,31,38
36,Jim Furyk,69,39,30
38,Thomas Levet,73,43,30
39,Henrik Bjornstad,75,49,26
39,Camilo Villegas,75,22,53
41,Tom Byrum,76,59,17
42,Mathew Goggin,78,10,68
43,Loren Roberts,80,73,7
44,Jeff Overton,83,36,47
45,Hunter Mahan,87,40,47
46,Ryuji Imada,88,53,35
47,Will MacKenzie,89,42,47
48,Chris Riley,93,25,68
49,Carlos Franco,94,47,47
50,Nathan Green,97,67,30
51,Arjun Atwal,99,46,53
51,Shigeki Maruyama,99,31,68
51,Troy Matteson,99,52,47
54,Aaron Baddeley,105,37,68
54,Olin Browne,105,23,82
54,John Riegger,105,67,38
57,Alex Cejka,107,54,53
57,Todd Fischer,107,77,30
59,Daniel Chopra,108,55,53
60,David Duval,110,57,53
60,Joe Ogilvie,110,57,53
62,Dudley Hart,112,74,38
63,Jay Haas,116,63,53
64,Shane Bertsch,117,64,53
64,Bo Van Pelt,117,70,47
66,Stewart Cink,119,44,75
67,Tom Lehman,124,60,64
68,Kaname Yokoo,125,61,64
69,Patrick Sheehan,127,49,78
70,Woody Austin,129,65,64
70,Vance Veazey,129,76,53
72,Jason Bohn,131,78,53
72,Charles Howell III,131,78,53
74,Parker McLachlin,134,66,68
75,Paul Azinger,135,67,68
75,Bubba Dickerson,135,71,64
77,Stuart Appleby,137,62,75
78,Peter Lonard,140,72,68
79,James Driscoll,153,78,75
80,Jeff Sluman,155,75,80
81,Michael Allen,159,81,78
82,Brad Faxon,162,82,80
