rank,player,%,Total Birdies,Total Holes
1,Chad Campbell,38.46,5,13
2,Vaughn Taylor,37.50,3,8
2,Tiger Woods,37.50,3,8
4,Vijay Singh,33.33,4,12
5,Craig Parry,30.00,3,10
5,Adam Scott,30.00,3,10
7,Bart Bryant,27.27,3,11
8,Stewart Cink,25.00,3,12
8,Brent Geiberger,25.00,2,8
8,Jonathan Kaye,25.00,2,8
11,Steve Flesch,22.22,2,9
12,Ernie Els,16.67,2,12
12,Fred Funk,16.67,1,6
14,Carlos Franco,15.38,2,13
15,Woody Austin,14.29,2,14
15,John Daly,14.29,1,7
17,Stuart Appleby,12.50,1,8
18,Sergio Garcia,11.11,1,9
18,Joey Sindelar,11.11,1,9
18,Mike Weir,11.11,1,9
21,Retief Goosen,10.00,1,10
22,Jonathan Byrd,9.09,1,11
23,Stephen Ames,.00,0,7
23,Todd Hamilton,.00,0,7
23,Mark Hensby,.00,0,12
23,Zach Johnson,.00,0,10
23,Ryan Palmer,.00,0,8
23,Rod Pampling,.00,0,8
23,Heath Slocum,.00,0,6
23,Andre Stolz,.00,0,11
23,David Toms,.00,0,7
