rank,player,Avg RTP
1,Woody Austin,-1.000
1,Todd Hamilton,-1.000
1,Craig Parry,-1.000
1,Andre Stolz,-1.000
1,David Toms,-1.000
1,Mike Weir,-1.000
7,Sergio Garcia,-.667
7,Vaughn Taylor,-.667
9,Jonathan Byrd,-.500
9,Chad Campbell,-.500
9,Steve Flesch,-.500
9,Retief Goosen,-.500
9,Adam Scott,-.500
9,Joey Sindelar,-.500
15,Ernie Els,-.333
15,Zach Johnson,-.333
15,Rod Pampling,-.333
15,Tiger Woods,-.333
19,Stephen Ames,E
19,Stuart Appleby,E
19,Stewart Cink,E
19,Carlos Franco,E
19,Fred Funk,E
19,Brent Geiberger,E
19,Mark Hensby,E
19,Jonathan Kaye,E
19,Ryan Palmer,E
19,Vijay Singh,E
19,Heath Slocum,E
30,Bart Bryant,+.333
