rank,player,Avg RTP
1,Mark Hensby,-1.000
1,Mike Weir,-1.000
3,Craig Parry,-.500
4,Stuart Appleby,-.333
5,Stephen Ames,E
5,Woody Austin,E
5,Chad Campbell,E
5,John Daly,E
5,Fred Funk,E
5,Sergio Garcia,E
5,Brent Geiberger,E
5,Retief Goosen,E
5,Zach Johnson,E
5,Joey Sindelar,E
5,Vijay Singh,E
5,Heath Slocum,E
5,Andre Stolz,E
5,Tiger Woods,E
19,Jonathan Kaye,+.200
20,Ernie Els,+.500
20,Rod Pampling,+.500
20,Vaughn Taylor,+.500
23,Bart Bryant,+1.000
23,Jonathan Byrd,+1.000
23,Carlos Franco,+1.000
23,Ryan Palmer,+1.000
23,Adam Scott,+1.000
