rank,player,Avg RTP
1,Jonathan Kaye,-.333
2,Stewart Cink,-.327
2,Tiger Woods,-.327
4,Ernie Els,-.315
5,Stuart Appleby,-.267
6,Vaughn Taylor,-.258
7,Adam Scott,-.254
7,Vijay Singh,-.254
9,David Toms,-.233
10,Sergio Garcia,-.226
11,Mark Hensby,-.220
12,Jonathan Byrd,-.218
13,John Daly,-.192
14,Craig Parry,-.185
15,Chad Campbell,-.183
16,Bart Bryant,-.182
16,Rod Pampling,-.182
18,Retief Goosen,-.175
19,Woody Austin,-.153
20,Mike Weir,-.148
21,Joey Sindelar,-.143
22,Brent Geiberger,-.138
23,Ryan Palmer,-.135
24,Zach Johnson,-.133
25,Todd Hamilton,-.094
26,Andre Stolz,-.093
27,Stephen Ames,-.086
27,Heath Slocum,-.086
29,Carlos Franco,-.056
30,Steve Flesch,-.048
31,Fred Funk,-.047
