rank,player,Avg RTP
1,Steve Flesch,-1.000
1,Retief Goosen,-1.000
1,Jonathan Kaye,-1.000
1,Craig Parry,-1.000
1,Adam Scott,-1.000
1,Vijay Singh,-1.000
7,Stephen Ames,-.667
8,Woody Austin,-.500
8,Stewart Cink,-.500
8,Vaughn Taylor,-.500
8,David Toms,-.500
8,Tiger Woods,-.500
13,Stuart Appleby,E
13,Jonathan Byrd,E
13,Chad Campbell,E
13,Ernie Els,E
13,Sergio Garcia,E
13,Brent Geiberger,E
13,Joey Sindelar,E
13,Heath Slocum,E
13,Mike Weir,E
22,John Daly,+.500
22,Mark Hensby,+.500
24,Zach Johnson,+1.000
24,Ryan Palmer,+1.000
24,Rod Pampling,+1.000
