rank,player,Avg RTP
1,Craig Parry,-.750
2,Vijay Singh,-.571
3,Steve Flesch,-.500
3,David Toms,-.500
5,Mike Weir,-.375
6,Bart Bryant,-.333
7,Woody Austin,-.286
7,Retief Goosen,-.286
9,Stuart Appleby,-.222
10,Adam Scott,-.200
11,Stewart Cink,-.167
11,Brent Geiberger,-.167
11,Tiger Woods,-.167
14,Stephen Ames,-.125
15,Jonathan Kaye,E
15,Vaughn Taylor,E
17,John Daly,+.125
17,Ernie Els,+.125
17,Sergio Garcia,+.125
17,Andre Stolz,+.125
21,Chad Campbell,+.143
22,Carlos Franco,+.167
23,Heath Slocum,+.200
24,Jonathan Byrd,+.250
24,Fred Funk,+.250
24,Joey Sindelar,+.250
27,Mark Hensby,+.400
27,Rod Pampling,+.400
29,Zach Johnson,+.500
30,Todd Hamilton,+.667
31,Ryan Palmer,+.875
