rank,player,Avg RTP
1,Jonathan Kaye,-1.000
1,Heath Slocum,-1.000
1,Andre Stolz,-1.000
4,Tiger Woods,-.750
5,Woody Austin,-.667
5,Bart Bryant,-.667
7,Ernie Els,-.500
7,Brent Geiberger,-.500
7,Todd Hamilton,-.500
7,Mark Hensby,-.500
11,Stuart Appleby,-.429
11,Vijay Singh,-.429
13,Jonathan Byrd,-.400
13,John Daly,-.400
13,Sergio Garcia,-.400
13,Adam Scott,-.400
17,Fred Funk,-.333
17,Rod Pampling,-.333
17,Vaughn Taylor,-.333
20,David Toms,-.250
20,Mike Weir,-.250
22,Stephen Ames,-.167
23,Chad Campbell,E
23,Steve Flesch,E
23,Carlos Franco,E
23,Zach Johnson,E
23,Craig Parry,E
23,Joey Sindelar,E
29,Stewart Cink,+.333
29,Retief Goosen,+.333
