rank,player,Avg RTP
1,Jonathan Byrd,-.500
2,John Daly,-.444
3,Sergio Garcia,-.375
3,Adam Scott,-.375
5,Retief Goosen,-.333
5,Vijay Singh,-.333
7,Stewart Cink,-.286
7,Tiger Woods,-.286
9,Stuart Appleby,-.273
10,Stephen Ames,-.250
10,Joey Sindelar,-.250
12,Rod Pampling,-.222
12,Craig Parry,-.222
12,Mike Weir,-.222
15,Chad Campbell,-.167
16,Andre Stolz,-.143
17,Ernie Els,-.111
17,Zach Johnson,-.111
19,Ryan Palmer,-.100
19,Vaughn Taylor,-.100
21,Todd Hamilton,-.091
22,Bart Bryant,E
22,Steve Flesch,E
22,Carlos Franco,E
22,Mark Hensby,E
22,Jonathan Kaye,E
22,Heath Slocum,E
22,David Toms,E
29,Fred Funk,+.125
30,Woody Austin,+.143
31,Brent Geiberger,+.167
