rank,player,Avg RTP
1,Stephen Ames,-1.000
1,Stewart Cink,-1.000
1,Ernie Els,-1.000
1,Ryan Palmer,-1.000
1,Vijay Singh,-1.000
1,Vaughn Taylor,-1.000
7,Retief Goosen,-.500
8,Stuart Appleby,E
8,John Daly,E
8,Carlos Franco,E
8,Fred Funk,E
8,Sergio Garcia,E
8,Todd Hamilton,E
8,Jonathan Kaye,E
8,Rod Pampling,E
8,Joey Sindelar,E
8,Heath Slocum,E
8,Andre Stolz,E
8,David Toms,E
8,Tiger Woods,E
21,Bart Bryant,+.500
21,Steve Flesch,+.500
23,Brent Geiberger,+1.000
23,Mark Hensby,+1.000
