rank,player,%,Total Birdies,Total Holes
1,Vijay Singh,66.67,2,3
2,Vaughn Taylor,60.00,3,5
3,Craig Parry,50.00,2,4
4,Retief Goosen,40.00,2,5
5,Bart Bryant,33.33,1,3
5,Stewart Cink,33.33,1,3
5,Steve Flesch,33.33,1,3
5,Brent Geiberger,33.33,1,3
5,Zach Johnson,33.33,1,3
5,Andre Stolz,33.33,2,6
11,John Daly,25.00,1,4
11,Ryan Palmer,25.00,1,4
11,Mike Weir,25.00,1,4
14,Stuart Appleby,20.00,1,5
14,Adam Scott,20.00,1,5
16,Ernie Els,16.67,1,6
17,Woody Austin,.00,0,2
17,Jonathan Byrd,.00,0,1
17,Carlos Franco,.00,0,4
17,Fred Funk,.00,0,3
17,Sergio Garcia,.00,0,3
17,Todd Hamilton,.00,0,1
17,Mark Hensby,.00,0,1
17,Jonathan Kaye,.00,0,4
17,Rod Pampling,.00,0,4
17,Joey Sindelar,.00,0,3
17,Heath Slocum,.00,0,4
17,David Toms,.00,0,2
17,Tiger Woods,.00,0,3
