rank,player,%,Total Birdies,Total Holes
1,Jonathan Byrd,50.00,3,6
2,Stuart Appleby,45.45,5,11
3,Adam Scott,44.44,4,9
4,Mike Weir,40.00,4,10
5,Carlos Franco,33.33,2,6
5,Retief Goosen,33.33,3,9
5,Andre Stolz,33.33,3,9
8,John Daly,30.00,3,10
8,Sergio Garcia,30.00,3,10
10,Stewart Cink,28.57,2,7
10,Tiger Woods,28.57,2,7
12,Joey Sindelar,25.00,2,8
12,Vaughn Taylor,25.00,3,12
14,Jonathan Kaye,22.22,2,9
14,Rod Pampling,22.22,2,9
14,Craig Parry,22.22,2,9
17,Stephen Ames,20.00,1,5
17,Mark Hensby,20.00,1,5
19,Todd Hamilton,18.18,2,11
20,Chad Campbell,16.67,1,6
20,Vijay Singh,16.67,1,6
22,Woody Austin,14.29,1,7
22,Steve Flesch,14.29,1,7
22,Brent Geiberger,14.29,1,7
22,David Toms,14.29,1,7
26,Zach Johnson,11.11,1,9
27,Ernie Els,9.09,1,11
27,Ryan Palmer,9.09,1,11
29,Bart Bryant,.00,0,7
29,Fred Funk,.00,0,9
29,Heath Slocum,.00,0,5
