rank,player,Avg RTP
1,Stewart Cink,-.500
2,Retief Goosen,-.471
3,Tiger Woods,-.444
4,David Toms,-.400
5,Zach Johnson,-.389
6,Ernie Els,-.375
7,Jonathan Byrd,-.368
7,Mark Hensby,-.368
7,Jonathan Kaye,-.368
10,Vaughn Taylor,-.353
11,Ryan Palmer,-.333
11,Vijay Singh,-.333
13,Woody Austin,-.313
13,Mike Weir,-.313
15,John Daly,-.286
16,Steve Flesch,-.278
16,Sergio Garcia,-.278
18,Stuart Appleby,-.250
18,Carlos Franco,-.250
18,Rod Pampling,-.250
21,Adam Scott,-.235
22,Craig Parry,-.222
23,Chad Campbell,-.211
24,Stephen Ames,-.190
25,Bart Bryant,-.143
26,Heath Slocum,-.105
27,Joey Sindelar,-.100
28,Brent Geiberger,-.077
29,Andre Stolz,-.059
30,Fred Funk,-.048
31,Todd Hamilton,+.158
