rank,player,%,Total Birdies,Total Holes
1,Jonathan Kaye,36.67,22,60
2,Stewart Cink,36.36,20,55
3,Ernie Els,35.19,19,54
4,Tiger Woods,34.62,18,52
5,Woody Austin,33.90,20,59
6,Stuart Appleby,33.33,20,60
7,Jonathan Byrd,32.73,18,55
8,John Daly,32.69,17,52
9,Vaughn Taylor,32.26,20,62
10,Mark Hensby,30.51,18,59
10,Adam Scott,30.51,18,59
12,Sergio Garcia,30.19,16,53
13,David Toms,28.33,17,60
14,Mike Weir,27.87,17,61
15,Retief Goosen,26.32,15,57
16,Bart Bryant,25.76,17,66
17,Stephen Ames,24.14,14,58
18,Carlos Franco,24.07,13,54
19,Joey Sindelar,23.81,15,63
20,Vijay Singh,23.73,14,59
21,Rod Pampling,23.64,13,55
22,Chad Campbell,23.33,14,60
23,Craig Parry,23.08,15,65
24,Andre Stolz,22.22,12,54
25,Todd Hamilton,21.88,14,64
26,Zach Johnson,21.67,13,60
27,Ryan Palmer,21.15,11,52
28,Brent Geiberger,20.69,12,58
28,Heath Slocum,20.69,12,58
30,Steve Flesch,19.35,12,62
31,Fred Funk,14.06,9,64
