rank,player,%,Total Birdies,Total Holes
1,Ernie Els,54.17,13,24
2,Retief Goosen,47.62,10,21
3,Ryan Palmer,46.15,12,26
4,Woody Austin,45.45,10,22
4,Stewart Cink,45.45,10,22
4,Adam Scott,45.45,10,22
7,Jonathan Byrd,44.44,12,27
8,David Toms,43.48,10,23
9,Andre Stolz,42.86,9,21
10,Stephen Ames,40.74,11,27
10,Sergio Garcia,40.74,11,27
10,Tiger Woods,40.74,11,27
13,Steve Flesch,40.00,8,20
13,Vaughn Taylor,40.00,8,20
15,Mike Weir,38.10,8,21
16,Mark Hensby,37.50,9,24
16,Zach Johnson,37.50,9,24
18,Rod Pampling,36.00,9,25
19,Craig Parry,35.00,7,20
20,Vijay Singh,34.78,8,23
21,Chad Campbell,33.33,7,21
21,Jonathan Kaye,33.33,7,21
23,John Daly,30.43,7,23
23,Carlos Franco,30.43,7,23
25,Bart Bryant,28.57,6,21
26,Joey Sindelar,27.27,6,22
27,Stuart Appleby,25.00,5,20
28,Brent Geiberger,22.22,4,18
29,Heath Slocum,21.74,5,23
30,Todd Hamilton,14.29,3,21
31,Fred Funk,13.64,3,22
