rank,player,Avg RTP
1,Stewart Cink,-.625
2,Zach Johnson,-.500
3,Ernie Els,-.429
4,Jonathan Kaye,-.286
4,Vijay Singh,-.286
4,Tiger Woods,-.286
7,Jonathan Byrd,-.273
8,Carlos Franco,-.250
8,Mike Weir,-.250
10,Craig Parry,-.222
11,John Daly,-.200
12,Stephen Ames,-.154
13,Sergio Garcia,-.143
13,Mark Hensby,-.143
15,Stuart Appleby,-.125
15,Ryan Palmer,-.125
17,Chad Campbell,-.111
17,David Toms,-.111
19,Woody Austin,E
19,Steve Flesch,E
19,Retief Goosen,E
19,Rod Pampling,E
19,Adam Scott,E
19,Heath Slocum,E
25,Bart Bryant,+.111
26,Brent Geiberger,+.125
27,Vaughn Taylor,+.200
28,Fred Funk,+.222
29,Joey Sindelar,+.300
30,Andre Stolz,+.375
31,Todd Hamilton,+.444
