rank,player,%,Total Birdies,Total Holes
1,Bart Bryant,50.00,1,2
1,Steve Flesch,50.00,1,2
1,Craig Parry,50.00,1,2
4,Vijay Singh,42.86,3,7
5,David Toms,40.00,2,5
6,Stuart Appleby,33.33,2,6
6,Woody Austin,33.33,2,6
6,Ernie Els,33.33,1,3
6,Adam Scott,33.33,1,3
10,Stephen Ames,30.00,3,10
11,Jonathan Kaye,28.57,2,7
11,Tiger Woods,28.57,2,7
13,Jonathan Byrd,25.00,2,8
13,Mike Weir,25.00,1,4
15,Retief Goosen,20.00,1,5
16,Ryan Palmer,16.67,1,6
17,Mark Hensby,14.29,1,7
18,Stewart Cink,12.50,1,8
19,Chad Campbell,.00,0,7
19,John Daly,.00,0,7
19,Carlos Franco,.00,0,7
19,Fred Funk,.00,0,4
19,Sergio Garcia,.00,0,7
19,Brent Geiberger,.00,0,4
19,Todd Hamilton,.00,0,3
19,Zach Johnson,.00,0,3
19,Rod Pampling,.00,0,4
19,Joey Sindelar,.00,0,3
19,Heath Slocum,.00,0,2
19,Andre Stolz,.00,0,7
19,Vaughn Taylor,.00,0,4
