rank,player,Avg RTP
1,Jonathan Byrd,-.667
1,Brent Geiberger,-.667
1,Retief Goosen,-.667
1,David Toms,-.667
1,Tiger Woods,-.667
6,Mark Hensby,-.625
7,Stuart Appleby,-.600
7,Rod Pampling,-.600
7,Adam Scott,-.600
10,Bart Bryant,-.571
11,Stewart Cink,-.500
11,Steve Flesch,-.500
11,Ryan Palmer,-.500
11,Vijay Singh,-.500
11,Vaughn Taylor,-.500
16,Fred Funk,-.429
16,Joey Sindelar,-.429
18,Andre Stolz,-.375
19,John Daly,-.333
19,Heath Slocum,-.333
21,Sergio Garcia,-.286
22,Ernie Els,-.250
22,Mike Weir,-.250
24,Carlos Franco,-.167
24,Zach Johnson,-.167
24,Jonathan Kaye,-.167
27,Stephen Ames,E
27,Woody Austin,E
27,Chad Campbell,E
27,Todd Hamilton,E
27,Craig Parry,E
