rank,player,Avg RTP
1,Jonathan Kaye,-1.333
2,Retief Goosen,-1.000
2,Joey Sindelar,-1.000
4,Woody Austin,-.750
5,Stephen Ames,-.667
5,Zach Johnson,-.667
5,Ryan Palmer,-.667
5,Vaughn Taylor,-.667
9,Bart Bryant,-.500
9,Ernie Els,-.500
9,Carlos Franco,-.500
9,Mark Hensby,-.500
9,David Toms,-.500
9,Tiger Woods,-.500
15,Jonathan Byrd,-.333
15,Chad Campbell,-.333
15,Stewart Cink,-.333
15,John Daly,-.333
15,Steve Flesch,-.333
15,Rod Pampling,-.333
15,Craig Parry,-.333
15,Vijay Singh,-.333
23,Stuart Appleby,E
23,Fred Funk,E
23,Sergio Garcia,E
23,Brent Geiberger,E
23,Todd Hamilton,E
23,Adam Scott,E
23,Heath Slocum,E
23,Mike Weir,E
