rank,player,Avg RTP
1,Vaughn Taylor,-.375
2,Chad Campbell,-.364
3,Brent Geiberger,-.333
3,Tiger Woods,-.333
5,Stewart Cink,-.300
5,Craig Parry,-.300
5,Vijay Singh,-.300
8,Steve Flesch,-.222
8,Adam Scott,-.222
10,Ernie Els,-.182
11,Mike Weir,-.143
12,Jonathan Kaye,-.125
13,Bart Bryant,-.100
14,Stuart Appleby,E
14,Carlos Franco,E
14,Fred Funk,E
14,Sergio Garcia,E
14,Todd Hamilton,E
14,Joey Sindelar,E
14,Andre Stolz,E
21,Zach Johnson,+.100
22,Rod Pampling,+.125
23,David Toms,+.143
24,Woody Austin,+.154
25,Mark Hensby,+.200
26,Stephen Ames,+.286
26,Ryan Palmer,+.286
28,Jonathan Byrd,+.375
28,Retief Goosen,+.375
30,Heath Slocum,+.400
31,John Daly,+.500
