rank,player,Avg RTP
1,Craig Parry,-.500
2,David Toms,-.400
3,Stuart Appleby,-.333
3,Woody Austin,-.333
5,Mike Weir,-.250
6,Stephen Ames,-.200
6,Retief Goosen,-.200
8,Jonathan Kaye,-.143
9,Stewart Cink,-.125
10,Bart Bryant,E
10,Ernie Els,E
10,Steve Flesch,E
10,Adam Scott,E
10,Vijay Singh,E
10,Tiger Woods,E
16,Jonathan Byrd,+.125
17,Chad Campbell,+.143
17,John Daly,+.143
17,Carlos Franco,+.143
17,Sergio Garcia,+.143
21,Fred Funk,+.250
21,Brent Geiberger,+.250
21,Rod Pampling,+.250
21,Vaughn Taylor,+.250
25,Mark Hensby,+.286
25,Andre Stolz,+.286
27,Zach Johnson,+.333
27,Joey Sindelar,+.333
29,Ryan Palmer,+.500
29,Heath Slocum,+.500
31,Todd Hamilton,+.667
