rank,player,Avg RTP
1,Vijay Singh,-.667
2,Mike Weir,-.500
3,Retief Goosen,-.400
4,Stewart Cink,-.333
4,Steve Flesch,-.333
4,Brent Geiberger,-.333
7,Craig Parry,-.250
8,Stuart Appleby,-.200
8,Adam Scott,-.200
8,Vaughn Taylor,-.200
11,Woody Austin,E
11,Bart Bryant,E
11,Jonathan Byrd,E
11,John Daly,E
11,Ernie Els,E
11,Carlos Franco,E
11,Fred Funk,E
11,Sergio Garcia,E
11,Todd Hamilton,E
11,Zach Johnson,E
11,Joey Sindelar,E
11,Heath Slocum,E
11,Andre Stolz,E
11,David Toms,E
11,Tiger Woods,E
26,Jonathan Kaye,+.250
26,Rod Pampling,+.250
28,Ryan Palmer,+.500
29,Mark Hensby,+1.000
