rank,player,Avg RTP
1,Jonathan Byrd,-1.000
1,Ernie Els,-1.000
1,Ryan Palmer,-1.000
4,Stephen Ames,-.500
4,Stuart Appleby,-.500
4,Zach Johnson,-.500
7,Retief Goosen,-.333
8,Stewart Cink,-.200
8,David Toms,-.200
10,Woody Austin,E
10,John Daly,E
10,Steve Flesch,E
10,Carlos Franco,E
10,Fred Funk,E
10,Sergio Garcia,E
10,Todd Hamilton,E
10,Jonathan Kaye,E
10,Rod Pampling,E
10,Adam Scott,E
10,Joey Sindelar,E
10,Heath Slocum,E
10,Vaughn Taylor,E
23,Andre Stolz,+.200
24,Tiger Woods,+.250
25,Mark Hensby,+.333
26,Bart Bryant,+.500
26,Craig Parry,+.500
28,Vijay Singh,+.667
29,Brent Geiberger,+1.000
