rank,player,%,Total Birdies,Total Holes
1,Craig Parry,50.00,3,6
1,Vijay Singh,50.00,5,10
3,Bart Bryant,40.00,2,5
3,Steve Flesch,40.00,2,5
5,Vaughn Taylor,33.33,3,9
6,Stephen Ames,30.00,3,10
6,Retief Goosen,30.00,3,10
8,David Toms,28.57,2,7
9,Stuart Appleby,27.27,3,11
10,Woody Austin,25.00,2,8
10,Adam Scott,25.00,2,8
10,Mike Weir,25.00,2,8
13,Jonathan Byrd,22.22,2,9
13,Ernie Els,22.22,2,9
15,Ryan Palmer,20.00,2,10
15,Tiger Woods,20.00,2,10
17,Stewart Cink,18.18,2,11
17,Jonathan Kaye,18.18,2,11
19,Zach Johnson,16.67,1,6
20,Andre Stolz,15.38,2,13
21,Brent Geiberger,14.29,1,7
22,Mark Hensby,12.50,1,8
23,John Daly,9.09,1,11
24,Chad Campbell,.00,0,7
24,Carlos Franco,.00,0,11
24,Fred Funk,.00,0,7
24,Sergio Garcia,.00,0,10
24,Todd Hamilton,.00,0,4
24,Rod Pampling,.00,0,8
24,Joey Sindelar,.00,0,6
24,Heath Slocum,.00,0,6
