rank,player,Avg RTP
1,Jonathan Kaye,-.500
2,Mark Hensby,-.444
3,Stuart Appleby,-.429
4,Ernie Els,-.412
5,Bart Bryant,-.409
6,Woody Austin,-.333
7,Todd Hamilton,-.318
8,John Daly,-.308
9,Jonathan Byrd,-.294
9,Tiger Woods,-.294
11,Sergio Garcia,-.286
12,Vaughn Taylor,-.273
13,Adam Scott,-.267
14,Vijay Singh,-.263
15,David Toms,-.238
16,Stewart Cink,-.231
17,Heath Slocum,-.227
18,Stephen Ames,-.211
19,Brent Geiberger,-.200
20,Rod Pampling,-.188
21,Joey Sindelar,-.182
22,Ryan Palmer,-.133
23,Mike Weir,-.130
24,Andre Stolz,-.125
25,Retief Goosen,-.095
26,Fred Funk,-.087
27,Zach Johnson,-.063
28,Chad Campbell,-.056
29,Craig Parry,-.053
30,Carlos Franco,+.083
31,Steve Flesch,+.136
