rank,player,Avg RTP
1,Ernie Els,-1.000
2,Woody Austin,-.500
3,Jonathan Kaye,-.333
3,Craig Parry,-.333
3,David Toms,-.333
6,Joey Sindelar,-.250
7,Chad Campbell,-.200
7,Zach Johnson,-.200
7,Andre Stolz,-.200
10,Todd Hamilton,-.167
11,Fred Funk,-.143
12,Adam Scott,-.111
13,Stuart Appleby,E
13,Stewart Cink,E
13,John Daly,E
13,Steve Flesch,E
13,Sergio Garcia,E
13,Brent Geiberger,E
13,Retief Goosen,E
13,Ryan Palmer,E
13,Rod Pampling,E
13,Vaughn Taylor,E
13,Tiger Woods,E
24,Carlos Franco,+.125
25,Mark Hensby,+.167
25,Heath Slocum,+.167
27,Bart Bryant,+.200
27,Vijay Singh,+.200
29,Jonathan Byrd,+.333
29,Mike Weir,+.333
31,Stephen Ames,+.400
