rank,player,%,Total Birdies,Total Holes
1,Stuart Appleby,48.00,12,25
2,Jonathan Kaye,43.48,10,23
3,Ernie Els,42.86,9,21
4,Mark Hensby,39.13,9,23
5,Bart Bryant,38.46,10,26
5,Todd Hamilton,38.46,10,26
7,Jonathan Byrd,36.36,8,22
8,Vaughn Taylor,36.00,9,25
9,Woody Austin,34.78,8,23
10,John Daly,33.33,8,24
11,Tiger Woods,30.43,7,23
12,Heath Slocum,29.63,8,27
13,Stewart Cink,28.57,6,21
14,Vijay Singh,28.00,7,25
15,Sergio Garcia,26.32,5,19
16,David Toms,25.81,8,31
17,Adam Scott,25.00,5,20
18,Stephen Ames,24.00,6,25
18,Mike Weir,24.00,6,25
20,Rod Pampling,23.08,6,26
21,Brent Geiberger,22.58,7,31
22,Andre Stolz,20.83,5,24
23,Zach Johnson,19.05,4,21
24,Joey Sindelar,18.52,5,27
25,Ryan Palmer,18.18,4,22
26,Retief Goosen,15.38,4,26
27,Fred Funk,11.11,3,27
28,Craig Parry,8.33,2,24
29,Steve Flesch,7.69,2,26
30,Carlos Franco,5.56,1,18
31,Chad Campbell,4.76,1,21
