rank,player,%,Total Birdies,Total Holes
1,Woody Austin,50.00,3,6
2,Craig Parry,44.44,4,9
3,John Daly,28.57,2,7
4,Jonathan Kaye,27.27,3,11
5,Ernie Els,25.00,1,4
5,Steve Flesch,25.00,2,8
5,Fred Funk,25.00,2,8
5,David Toms,25.00,1,4
9,Carlos Franco,20.00,2,10
9,Heath Slocum,20.00,2,10
11,Todd Hamilton,16.67,1,6
11,Joey Sindelar,16.67,1,6
13,Zach Johnson,14.29,1,7
13,Andre Stolz,14.29,1,7
13,Mike Weir,14.29,1,7
16,Stephen Ames,12.50,1,8
16,Stuart Appleby,12.50,1,8
16,Stewart Cink,12.50,1,8
16,Mark Hensby,12.50,1,8
20,Chad Campbell,10.00,1,10
20,Adam Scott,10.00,1,10
22,Bart Bryant,.00,0,6
22,Jonathan Byrd,.00,0,4
22,Sergio Garcia,.00,0,6
22,Brent Geiberger,.00,0,4
22,Retief Goosen,.00,0,5
22,Ryan Palmer,.00,0,4
22,Rod Pampling,.00,0,4
22,Vijay Singh,.00,0,6
22,Vaughn Taylor,.00,0,7
22,Tiger Woods,.00,0,6
