rank,player,Avg RTP
1,Vaughn Taylor,-.667
2,Stuart Appleby,-.571
3,Stewart Cink,-.500
3,Jonathan Kaye,-.500
5,Ernie Els,-.444
5,David Toms,-.444
7,Zach Johnson,-.400
8,Bart Bryant,-.375
8,Mark Hensby,-.375
10,Todd Hamilton,-.286
11,Stephen Ames,-.250
11,Woody Austin,-.250
11,Jonathan Byrd,-.250
14,Rod Pampling,-.222
15,Joey Sindelar,-.200
16,Craig Parry,-.143
16,Vijay Singh,-.143
18,Fred Funk,-.111
19,Brent Geiberger,-.077
20,Chad Campbell,E
20,John Daly,E
20,Retief Goosen,E
20,Ryan Palmer,E
20,Adam Scott,E
20,Heath Slocum,E
20,Andre Stolz,E
20,Mike Weir,E
20,Tiger Woods,E
29,Steve Flesch,+.083
30,Carlos Franco,+.400
31,Sergio Garcia,+.500
