rank,player,Avg (Yards),Total Distance (inches),Number of Approach Shots
1,Justin Leonard,128.4,"55,451,000",12
2,Craig Stadler,141.9,"66,396,000",13
3,Kenny Perry,150.6,"59,653,000",11
4,Tommy Armour III,151.6,"54,563,000",10
5,Kirk Triplett,152.3,"120,624,000",22
6,Scott Hoch,153.3,"99,343,000",18
7,Ben Curtis,156.7,"56,409,000",10
8,Ben Crane,160.1,"92,192,000",16
9,Mike Weir,160.4,"86,624,000",15
10,Tiger Woods,162.0,"99,126,000",17
11,Jonathan Kaye,163.5,"82,401,000",14
12,Shaun Micheel,165.1,"101,035,000",17
13,Frank Lickliter II,165.3,"71,414,000",12
14,Shigeki Maruyama,165.8,"77,596,000",13
15,Jim Furyk,166.8,"78,042,000",13
16,Chad Campbell,169.0,"36,507,000",6
17,Adam Scott,170.3,"128,740,000",21
18,Rory Sabbatini,171.9,"61,866,000",10
19,Steve Flesch,176.1,"88,763,000",14
20,Peter Jacobsen,177.8,"89,633,000",14
21,Stuart Appleby,178.0,"160,242,000",25
22,John Huston,178.9,"96,593,000",15
23,Darren Clarke,182.5,"138,003,000",21
24,Ernie Els,183.6,"125,552,000",19
25,Vijay Singh,184.3,"139,311,000",21
26,Davis Love III,186.4,"93,947,000",14
27,Bob Tway,187.0,"47,119,000",7
28,Retief Goosen,203.3,"102,459,000",14
29,Fred Couples,210.6,"83,398,000",11
30,J.L. Lewis,219.4,"94,788,000",12
