rank,player,Avg (Yards),Total Distance (inches),Number of Approach Shots
1,Stuart Appleby,116.1,"16,722,000",4
2,Peter Jacobsen,119.1,"25,718,000",6
3,Davis Love III,119.3,"21,469,000",5
4,Vijay Singh,120.9,"4,352,000",1
5,Scott Hoch,122.6,"13,241,000",3
6,Chad Campbell,123.2,"31,041,000",7
7,Tiger Woods,123.7,"26,712,000",6
8,Ernie Els,129.4,"41,911,000",9
9,Shigeki Maruyama,130.5,"32,890,000",7
10,J.L. Lewis,131.0,"28,295,000",6
11,Ben Crane,133.7,"28,869,000",6
12,Jonathan Kaye,134.4,"24,190,000",5
12,Kenny Perry,134.4,"33,878,000",7
14,John Huston,134.5,"58,090,000",12
15,Frank Lickliter II,135.3,"48,694,000",10
16,Shaun Micheel,135.5,"43,891,000",9
17,Adam Scott,135.6,"29,280,000",6
18,Ben Curtis,138.2,"69,662,000",14
19,Craig Stadler,139.8,"55,374,000",11
20,Retief Goosen,141.8,"25,532,000",5
21,Fred Couples,148.4,"64,102,000",12
22,Tommy Armour III,149.5,"43,062,000",8
23,Mike Weir,149.7,"53,883,000",10
24,Rory Sabbatini,154.3,"55,533,000",10
25,Jim Furyk,154.4,"22,233,000",4
26,Kirk Triplett,156.2,"39,368,000",7
27,Darren Clarke,156.9,"22,598,000",4
28,Bob Tway,158.3,"28,495,000",5
29,Steve Flesch,160.8,"46,319,000",8
30,Justin Leonard,167.8,"42,275,000",7
