rank,player,Avg (Yards),Total Distance (inches),Number of Approach Shots
1,Stuart Appleby,132.2,"128,488,000",27
2,Fred Couples,134.4,"140,304,000",29
3,Adam Scott,137.8,"138,931,000",28
4,Peter Jacobsen,138.3,"184,197,000",37
5,Mike Weir,138.5,"154,591,000",31
6,Frank Lickliter II,139.7,"175,960,000",35
7,Ben Crane,141.9,"173,655,000",34
8,Kirk Triplett,142.4,"128,178,000",25
9,Shigeki Maruyama,143.8,"181,149,000",35
10,Ernie Els,143.9,"119,159,000",23
11,J.L. Lewis,144.7,"192,715,000",37
12,Darren Clarke,146.3,"152,695,000",29
13,Justin Leonard,146.5,"195,121,000",37
14,Tommy Armour III,147.5,"196,480,000",37
15,Tiger Woods,147.6,"127,568,000",24
16,Vijay Singh,150.1,"151,305,000",28
17,Jonathan Kaye,150.4,"205,746,000",38
18,Jim Furyk,151.5,"218,199,000",40
19,Scott Hoch,152.6,"197,797,000",36
20,Shaun Micheel,153.1,"159,869,000",29
21,Rory Sabbatini,153.8,"188,214,000",34
22,Kenny Perry,154.0,"216,233,000",39
23,Retief Goosen,155.5,"207,157,000",37
23,Davis Love III,155.5,"179,132,000",32
25,Ben Curtis,155.9,"168,334,000",30
25,Craig Stadler,155.9,"168,333,000",30
27,Steve Flesch,157.0,"197,836,000",35
28,Bob Tway,159.5,"252,726,000",44
29,John Huston,161.5,"157,021,000",27
30,Chad Campbell,162.7,"257,674,000",44
