rank,player,Avg,Total Distance (feet),# of Attempts,Relative to par
1,Will MacKenzie,"11' 0""",11.000,1,-1
2,David Toms,"11' 11""",11.917,1,-1
3,Jesper Parnevik,"18' 5""",18.417,1,-1
4,Boo Weekley,"19' 9""",19.750,1,-1
5,Doug LaBelle II,"19' 11""",19.917,1,E
6,Jim Furyk,"26' 2""",78.417,3,-4
7,Jerry Kelly,"33' 1""",66.083,2,-1
8,Steve Lowery,"33' 9""",33.750,1,-1
9,Azuma Yano,"34' 3""",34.250,1,-1
10,Heath Slocum,"37' 1""",74.167,2,-1
11,Yusaku Miyazato,"37' 6""",37.500,1,E
12,Joe Daley,"38' 1""",38.083,1,-1
13,Ryuji Imada,"38' 4""",38.333,1,-1
14,Vijay Singh,"40' 5""",40.417,1,-1
15,Jeff Sluman,"40' 9""",81.500,2,-1
16,Rod Pampling,"41' 2""",82.333,2,-2
17,Troy Matteson,"43' 6""",130.417,3,-3
18,Jeff Maggert,"45' 11""",137.750,3,+1
19,Robert Allenby,"48' 10""",48.833,1,-1
20,Craig Kanada,"49' 7""",49.583,1,E
21,Luke Donald,"50' 3""",50.250,1,-1
22,Davis Love III,"50' 11""",101.833,2,-2
23,Nathan Green,"58' 10""",58.833,1,-1
24,Jeff Quinney,"59' 1""",59.083,1,-1
25,Bo Van Pelt,"61' 8""",123.250,2,-1
26,Glen Day,"62' 9""",125.500,2,E
27,Jason Dufner,"62' 10""",62.833,1,-1
28,Briny Baird,"63' 3""",63.250,1,E
29,Steve Stricker,"65' 4""",65.333,1,-1
30,Craig Lile,"70' 0""",139.917,2,-1
30,John Rollins,"70' 0""",140.000,2,-2
32,Paul Goydos,"70' 4""",70.333,1,E
33,Brian Gay,"70' 8""",212.083,3,-1
34,Chad Campbell,"75' 11""",75.917,1,-1
35,Kenny Perry,"78' 3""",78.250,1,E
36,Tom Lehman,"79' 11""",159.833,2,-1
37,David Branshaw,"80' 6""",241.417,3,E
38,Andrew Buckle,"83' 6""",250.583,3,+2
39,Johnson Wagner,"86' 4""",86.333,1,E
40,Trevor Immelman,"88' 2""",176.250,2,E
41,Bart Bryant,"97' 2""",97.167,1,-1
42,Gavin Coles,"99' 11""",99.917,1,E
43,Michael Putnam,"140' 3""",140.250,1,E
