rank,player,Avg,Total Distance (feet),# of Attempts,Relative to par
1,Steve Stricker,"4' 6""",4.500,1,-1
2,Cameron Beckman,"4' 10""",4.833,1,-1
3,Ted Purdy,"5' 11""",11.833,2,-1
4,Jarrod Lyle,"6' 3""",12.500,2,-2
5,Jeff Sluman,"6' 9""",6.750,1,-1
6,Charles Howell III,"7' 3""",7.250,1,-1
7,Gavin Coles,"8' 10""",17.583,2,-1
8,Glen Day,"10' 7""",52.917,5,-3
9,John Senden,"10' 9""",32.167,3,-1
10,K.J. Choi,"11' 4""",11.333,1,E
11,Cliff Kresge,"11' 5""",34.250,3,-1
12,Jim Furyk,"11' 8""",23.333,2,-1
13,Tadd Fujikawa,"12' 0""",71.917,6,E
14,Bubba Watson,"13' 0""",51.917,4,-3
15,Nathan Green,"13' 2""",13.167,1,+1
15,Pat Perez,"13' 2""",52.667,4,-3
17,Steve Lowery,"13' 3""",26.417,2,E
18,Eric Axley,"13' 4""",40.083,3,-1
19,Brett Quigley,"13' 6""",67.583,5,-3
20,Bo Van Pelt,"14' 2""",56.667,4,-1
21,Boo Weekley,"14' 7""",87.250,6,-1
22,Steve Marino,"14' 10""",59.167,4,-1
23,Shane Bertsch,"14' 11""",74.750,5,-1
24,Chad Campbell,"15' 10""",47.500,3,E
24,Johnson Wagner,"15' 10""",47.583,3,-2
26,David Toms,"15' 11""",15.917,1,E
27,Tim Petrovic,"16' 6""",33.000,2,-1
28,Craig Kanada,"16' 8""",16.667,1,-1
29,Robert Allenby,"17' 1""",34.167,2,-1
29,Kenny Perry,"17' 1""",17.083,1,E
29,Jeff Quinney,"17' 1""",68.167,4,+2
32,Ryuji Imada,"17' 5""",52.333,3,E
33,Bart Bryant,"17' 8""",53.083,3,E
34,Vijay Singh,"17' 10""",71.167,4,-1
35,Rod Pampling,"18' 6""",55.500,3,E
36,Brian Gay,"19' 4""",38.583,2,E
36,Davis Love III,"19' 4""",77.167,4,-1
38,Jason Dufner,"19' 5""",58.333,3,-2
39,Joe Daley,"20' 0""",20.000,1,-1
40,Geoff Ogilvy,"20' 1""",40.083,2,-1
41,Paul Goydos,"20' 2""",40.333,2,-1
42,Jeff Maggert,"20' 9""",103.833,5,E
43,Robert Garrigus,"21' 7""",43.083,2,-1
44,Ken Duke,"23' 0""",68.917,3,E
45,Briny Baird,"23' 10""",47.583,2,E
46,John Rollins,"24' 0""",48.000,2,E
47,Rory Sabbatini,"24' 9""",49.500,2,E
48,Troy Matteson,"26' 2""",52.250,2,+1
49,Tom Lehman,"26' 4""",26.333,1,E
50,Luke Donald,"26' 8""",26.667,1,E
51,Rich Beem,"27' 10""",55.583,2,+1
52,Yusaku Miyazato,"31' 4""",31.333,1,E
53,Kaname Yokoo,"32' 11""",32.917,1,E
54,Andrew Buckle,"34' 1""",34.083,1,E
55,John Daly,"36' 8""",36.667,1,+1
56,Jesper Parnevik,"37' 6""",37.500,1,E
