rank,player,Avg,Total Distance (feet),# of Attempts,GIR Rank
1,Shane Bertsch,"29' 10""","2,149.917",72,Under
2,Tadd Fujikawa,"31' 1""","2,240.583",72,Under
3,Jeff Maggert,"31' 3""","2,252.083",72,Under
4,Luke Donald,"32' 0""","2,306.833",72,Under
5,Daisuke Maruyama,"32' 7""","2,347.833",72,Under
6,K.J. Choi,"32' 8""","2,354.250",72,Under
7,Paul Goydos,"32' 10""","2,363.417",72,Under
8,Steve Lowery,"33' 0""","2,376.417",72,Under
8,Jeff Sluman,"33' 0""","2,375.500",72,Even
10,Pat Perez,"33' 1""","2,379.667",72,Under
11,Steve Stricker,"33' 3""","2,395.583",72,Under
12,Cliff Kresge,"33' 5""","2,405.500",72,Over
12,Yusaku Miyazato,"33' 5""","2,375.250",71,Under
14,Robert Allenby,"33' 6""","2,409.333",72,Under
14,Rod Pampling,"33' 6""","2,410.333",72,Even
14,Ted Purdy,"33' 6""","2,409.083",72,Under
17,John Senden,"33' 9""","2,396.750",71,Under
18,Trevor Immelman,"33' 11""","2,444.417",72,Under
19,Jeff Quinney,"34' 0""","2,449.667",72,Over
20,Andrew Buckle,"34' 1""","2,456.250",72,Under
21,Cameron Beckman,"34' 2""","2,458.333",72,Over
21,Jim Furyk,"34' 2""","2,460.750",72,Under
21,Vijay Singh,"34' 2""","2,458.750",72,Under
24,Boo Weekley,"34' 4""","2,473.167",72,Under
25,Ryuji Imada,"34' 6""","2,483.083",72,Under
26,George McNeill,"34' 7""","2,491.167",72,Under
27,David Toms,"34' 10""","2,509.583",72,Under
28,Paul Azinger,"34' 11""","2,511.833",72,Under
28,J.P. Hayes,"34' 11""","2,514.000",72,Over
28,Steve Marino,"34' 11""","2,515.000",72,Under
31,Jerry Kelly,"35' 0""","2,519.333",72,Under
31,Brett Quigley,"35' 0""","2,522.500",72,Over
33,Will MacKenzie,"35' 6""","2,556.333",72,Under
34,Bart Bryant,"35' 11""","2,587.583",72,Under
35,David Branshaw,"36' 0""","2,590.750",72,Even
35,Daniel Chopra,"36' 0""","2,593.500",72,Under
35,Jason Dufner,"36' 0""","2,591.917",72,Under
38,Rich Beem,"36' 2""","2,603.917",72,Over
39,Glen Day,"36' 4""","2,618.333",72,Over
40,Ken Duke,"36' 7""","2,634.583",72,Over
40,Craig Lile,"36' 7""","2,633.167",72,Under
42,Briny Baird,"36' 9""","2,648.083",72,Over
43,Brian Gay,"36' 10""","2,649.667",72,Over
43,Kenny Perry,"36' 10""","2,650.417",72,Over
45,Charles Howell III,"37' 1""","2,667.583",72,Under
45,John Rollins,"37' 1""","2,667.917",72,Under
45,Heath Slocum,"37' 1""","2,667.833",72,Under
48,Doug LaBelle II,"37' 3""","2,680.750",72,Under
49,Chad Campbell,"37' 4""","2,688.333",72,Under
49,J.J. Henry,"37' 4""","2,688.750",72,Over
49,Jesper Parnevik,"37' 4""","2,690.000",72,Under
49,Bubba Watson,"37' 4""","2,687.583",72,Even
53,Rory Sabbatini,"37' 6""","2,699.417",72,Under
54,Craig Kanada,"37' 7""","2,704.167",72,Under
54,Geoff Ogilvy,"37' 7""","2,706.917",72,Under
56,Harrison Frazar,"37' 8""","2,709.833",72,Under
57,Eric Axley,"37' 10""","2,726.167",72,Even
58,Michael Putnam,"38' 0""","2,737.833",72,Over
58,Johnson Wagner,"38' 0""","2,737.333",72,Under
60,Davis Love III,"38' 4""","2,757.917",72,Over
61,Joe Daley,"38' 6""","2,774.750",72,Over
62,John Daly,"38' 8""","2,783.417",72,Under
62,Troy Matteson,"38' 8""","2,784.667",72,Under
62,Tim Petrovic,"38' 8""","2,784.667",72,Over
65,Robert Garrigus,"38' 9""","2,791.500",72,Under
66,Bo Van Pelt,"38' 10""","2,793.167",72,Under
66,Azuma Yano,"38' 10""","2,798.917",72,Over
68,Nathan Green,"39' 6""","2,844.750",72,Under
69,Jarrod Lyle,"39' 7""","2,848.000",72,Under
70,Tom Lehman,"40' 2""","2,891.167",72,Over
71,Gavin Coles,"40' 4""","2,905.083",72,Over
72,Kaname Yokoo,"42' 10""","3,084.000",72,Under
