rank,player,Avg,Total Distance (feet),# of Attempts,Relative to par
1,Rory Sabbatini,"2' 0""",2.000,1,E
2,Brett Quigley,"3' 4""",3.333,1,-1
3,Andrew Buckle,"3' 5""",3.417,1,E
4,Azuma Yano,"3' 9""",7.417,2,-2
5,Troy Matteson,"3' 11""",3.917,1,-1
6,J.P. Hayes,"4' 4""",8.583,2,-2
7,Cliff Kresge,"5' 2""",5.167,1,-1
8,John Daly,"5' 7""",11.167,2,-2
8,Jim Furyk,"5' 7""",5.583,1,E
10,Steve Marino,"5' 11""",5.917,1,-1
11,Will MacKenzie,"6' 4""",12.667,2,E
12,George McNeill,"6' 6""",19.417,3,-3
13,Daniel Chopra,"6' 9""",6.750,1,+1
14,K.J. Choi,"7' 7""",7.583,1,-1
15,Ted Purdy,"7' 9""",7.750,1,-1
16,Boo Weekley,"7' 10""",23.500,3,-3
17,Jerry Kelly,"7' 11""",7.917,1,-1
18,Jeff Maggert,"8' 1""",8.083,1,+1
19,Jarrod Lyle,"9' 0""",17.917,2,-1
20,Harrison Frazar,"9' 6""",9.500,1,E
21,David Toms,"10' 2""",10.167,1,E
22,Daisuke Maruyama,"10' 3""",20.417,2,E
23,Paul Goydos,"10' 4""",10.333,1,-1
24,Shane Bertsch,"12' 3""",12.250,1,E
25,Nathan Green,"12' 8""",12.667,1,E
26,Briny Baird,"13' 0""",25.917,2,E
27,Craig Kanada,"13' 3""",13.250,1,E
28,Paul Azinger,"13' 8""",27.250,2,-1
29,Craig Lile,"13' 9""",27.500,2,-1
30,Tom Lehman,"14' 7""",29.083,2,+1
31,Heath Slocum,"16' 4""",32.583,2,E
32,Robert Garrigus,"16' 9""",16.750,1,E
33,Steve Lowery,"17' 4""",34.583,2,E
34,Trevor Immelman,"18' 3""",36.417,2,E
35,Ryuji Imada,"18' 5""",18.417,1,E
36,Michael Putnam,"20' 1""",40.083,2,E
37,Chad Campbell,"20' 8""",20.667,1,E
38,Bo Van Pelt,"20' 9""",20.750,1,E
39,Pat Perez,"21' 5""",42.833,2,E
40,Jesper Parnevik,"22' 5""",22.417,1,E
41,David Branshaw,"23' 0""",23.000,1,E
42,Charles Howell III,"25' 0""",25.000,1,E
43,Cameron Beckman,"25' 2""",25.167,1,E
44,Gavin Coles,"25' 4""",25.333,1,E
45,Rod Pampling,"25' 6""",25.500,1,+1
46,Bubba Watson,"32' 9""",98.250,3,+2
47,Vijay Singh,"37' 6""",75.000,2,E
48,Joe Daley,"49' 10""",49.833,1,E
