rank,player,Avg,Total Distance (feet),# of Attempts,Relative to par
1,Paul Goydos,"34' 3""",102.833,3,-2
2,Cameron Beckman,"46' 2""",46.167,1,E
3,Craig Lile,"51' 7""",51.583,1,-1
4,Will MacKenzie,"55' 2""",55.167,1,-1
5,Heath Slocum,"61' 10""",61.833,1,E
6,Yusaku Miyazato,"66' 3""",66.250,1,E
7,Kaname Yokoo,"67' 6""",202.417,3,-2
8,George McNeill,"71' 6""",143.000,2,-1
9,Joe Daley,"75' 1""",150.167,2,E
10,Azuma Yano,"79' 6""",79.500,1,E
11,Daisuke Maruyama,"87' 5""",87.417,1,-1
12,Brian Gay,"87' 10""",175.667,2,E
13,Pat Perez,"100' 2""",100.167,1,E
14,Glen Day,"139' 4""",139.333,1,E
