rank,player,%,# Saves,# Bunkers,Total O/U Par
1,Luke Donald,100.00,1,1,-1.00
1,Jim Furyk,100.00,1,1,E
1,Rod Pampling,100.00,2,2,E
1,Corey Pavin,100.00,1,1,E
1,David Toms,100.00,1,1,E
6,Stephen Ames,66.67,2,3,+1.00
6,Stuart Appleby,66.67,6,9,+3.00
8,Will MacKenzie,60.00,3,5,+2.00
9,Chad Campbell,50.00,2,4,+1.00
9,Chris Couch,50.00,1,2,E
9,J.B. Holmes,50.00,1,2,E
9,Trevor Immelman,50.00,1,2,+1.00
9,Davis Love III,50.00,1,2,+1.00
9,Geoff Ogilvy,50.00,1,2,+1.00
9,Carl Pettersson,50.00,2,4,+2.00
9,Adam Scott,50.00,3,6,+1.00
9,Vijay Singh,50.00,2,4,+1.00
9,D.J. Trahan,50.00,1,2,+1.00
9,Kirk Triplett,50.00,1,2,+1.00
9,Brett Wetterich,50.00,2,4,+1.00
21,John Senden,40.00,2,5,+4.00
22,Eric Axley,33.33,2,6,+5.00
22,Aaron Baddeley,33.33,1,3,+2.00
22,K.J. Choi,33.33,1,3,+2.00
22,Jeff Maggert,33.33,1,3,+4.00
22,Rory Sabbatini,33.33,1,3,+3.00
27,Ben Curtis,16.67,1,6,+5.00
28,Joe Durant,.00,0,2,+2.00
28,J.J. Henry,.00,0,1,+1.00
28,Tim Herron,.00,0,2,+2.00
28,John Rollins,.00,0,1,+1.00
28,Dean Wilson,.00,0,2,+2.00
