rank,player,%,Successes,Attempts
1,Adam Scott,100.00,2,2
1,Vijay Singh,100.00,1,1
3,Joe Durant,66.67,2,3
4,Luke Donald,50.00,1,2
4,J.J. Henry,50.00,1,2
4,Trevor Immelman,50.00,1,2
4,Rory Sabbatini,50.00,4,8
4,John Senden,50.00,2,4
4,Kirk Triplett,50.00,1,2
10,J.B. Holmes,40.00,2,5
10,John Rollins,40.00,2,5
12,D.J. Trahan,37.50,3,8
13,Chris Couch,33.33,1,3
13,Will MacKenzie,33.33,1,3
13,Jeff Maggert,33.33,1,3
16,Chad Campbell,25.00,2,8
16,Ben Curtis,25.00,1,4
16,Davis Love III,25.00,1,4
16,Dean Wilson,25.00,1,4
20,Stuart Appleby,20.00,1,5
20,Rod Pampling,20.00,1,5
20,Corey Pavin,20.00,1,5
23,Stephen Ames,.00,0,1
23,Eric Axley,.00,0,1
23,Aaron Baddeley,.00,0,5
23,K.J. Choi,.00,0,2
23,Jim Furyk,.00,0,1
23,Tim Herron,.00,0,2
23,Troy Matteson,.00,0,2
23,Geoff Ogilvy,.00,0,4
23,Carl Pettersson,.00,0,1
23,David Toms,.00,0,1
23,Brett Wetterich,.00,0,3
