rank,player,%,Successes,Attempts
1,Vijay Singh,85.71,6,7
2,Stephen Ames,80.00,4,5
3,Trevor Immelman,75.00,3,4
4,John Rollins,70.00,7,10
5,Eric Axley,66.67,2,3
5,J.J. Henry,66.67,4,6
7,Chris Couch,57.14,4,7
7,Tim Herron,57.14,4,7
7,Corey Pavin,57.14,4,7
10,Rory Sabbatini,54.55,6,11
11,K.J. Choi,50.00,4,8
11,Luke Donald,50.00,3,6
11,Joe Durant,50.00,3,6
11,Jim Furyk,50.00,2,4
11,Davis Love III,50.00,1,2
11,Carl Pettersson,50.00,3,6
11,Kirk Triplett,50.00,2,4
18,Jeff Maggert,45.45,5,11
19,Troy Matteson,42.86,3,7
20,Chad Campbell,37.50,3,8
21,John Senden,33.33,2,6
22,Aaron Baddeley,30.00,3,10
23,Ben Curtis,28.57,2,7
23,Rod Pampling,28.57,2,7
23,D.J. Trahan,28.57,2,7
23,Brett Wetterich,28.57,2,7
27,Geoff Ogilvy,25.00,1,4
27,Adam Scott,25.00,1,4
29,J.B. Holmes,20.00,1,5
29,Dean Wilson,20.00,1,5
31,David Toms,16.67,1,6
32,Stuart Appleby,.00,0,3
32,Will MacKenzie,.00,0,3
