rank,player,%,Par or Better,Missed GIR
1,Vijay Singh,88.24,15,17
2,Trevor Immelman,72.73,8,11
3,Luke Donald,66.67,8,12
3,Troy Matteson,66.67,10,15
5,John Rollins,65.22,15,23
6,Adam Scott,64.29,9,14
7,John Senden,63.16,12,19
8,Joe Durant,62.50,10,16
9,Stuart Appleby,61.90,13,21
10,Corey Pavin,60.00,12,20
10,Carl Pettersson,60.00,12,20
12,Stephen Ames,58.33,7,12
12,J.J. Henry,58.33,7,12
14,Davis Love III,54.55,6,11
15,Will MacKenzie,53.85,7,13
15,Rory Sabbatini,53.85,14,26
17,Chris Couch,53.33,8,15
18,Tim Herron,52.94,9,17
19,Chad Campbell,52.17,12,23
20,Eric Axley,50.00,9,18
20,K.J. Choi,50.00,7,14
20,Geoff Ogilvy,50.00,9,18
20,Kirk Triplett,50.00,5,10
24,Rod Pampling,47.06,8,17
25,Jeff Maggert,45.45,10,22
26,Aaron Baddeley,43.48,10,23
27,D.J. Trahan,42.86,9,21
28,Jim Furyk,40.00,4,10
28,Brett Wetterich,40.00,8,20
30,Ben Curtis,38.71,12,31
31,David Toms,38.46,5,13
32,Dean Wilson,38.10,8,21
33,J.B. Holmes,20.00,2,10
