rank,player,Total 3 putts > 25',Total 3 Putts
1,Michael Thompson,7,7
1,Boo Weekley,7,7
3,Bill Haas,5,6
3,John Merrick,5,5
3,Ryan Moore,5,5
6,Harris English,4,5
6,Derek Ernst,4,4
6,Russell Henley,4,4
6,Dustin Johnson,4,4
6,Zach Johnson,4,4
6,Chris Kirk,4,4
12,Sangmoon Bae,3,3
12,Jonas Blixt,3,3
12,Scott Brown,3,3
12,Jason Dufner,3,3
12,D.A. Points,3,5
17,Woody Austin,2,2
17,Ken Duke,2,3
17,Brian Gay,2,3
17,Webb Simpson,2,2
17,Kevin Streelman,2,2
17,Jimmy Walker,2,2
23,Billy Horschel,1,3
23,Matt Kuchar,1,1
23,Martin Laird,1,1
23,Patrick Reed,1,2
23,Adam Scott,1,1
23,Brandt Snedeker,1,2
23,Gary Woodland,1,1
