rank,player,%,Total 3 Putts,Total Holes
1,Woody Austin,5.56,1,18
1,Sangmoon Bae,5.56,1,18
1,Jonas Blixt,5.56,1,18
1,Jason Dufner,5.56,1,18
1,Harris English,5.56,1,18
1,Chris Kirk,5.56,1,18
1,Matt Kuchar,5.56,1,18
1,Ryan Moore,5.56,1,18
1,D.A. Points,5.56,1,18
1,Patrick Reed,5.56,1,18
1,Adam Scott,5.56,1,18
1,Webb Simpson,5.56,1,18
1,Brandt Snedeker,5.56,1,18
1,Kevin Streelman,5.56,1,18
1,Gary Woodland,5.56,1,18
16,Boo Weekley,11.11,2,18
17,Bill Haas,16.67,3,18
17,Russell Henley,16.67,3,18
17,Dustin Johnson,16.67,3,18
17,John Merrick,16.67,3,18
17,Michael Thompson,16.67,3,18
