rank,player,%,Total 3 Putts,Attempts,2 Putt or Better %
1,Woody Austin,.00,0,18,100.0
1,Sangmoon Bae,.00,0,15,100.0
1,Jonas Blixt,.00,0,17,100.0
1,Scott Brown,.00,0,22,100.0
1,Jason Dufner,.00,0,15,100.0
1,Ken Duke,.00,0,19,100.0
1,Harris English,.00,0,16,100.0
1,Derek Ernst,.00,0,12,100.0
1,Bill Haas,.00,0,14,100.0
1,Russell Henley,.00,0,18,100.0
1,Billy Horschel,.00,0,18,100.0
1,Dustin Johnson,.00,0,10,100.0
1,Zach Johnson,.00,0,14,100.0
1,Chris Kirk,.00,0,10,100.0
1,Matt Kuchar,.00,0,16,100.0
1,Martin Laird,.00,0,11,100.0
1,John Merrick,.00,0,10,100.0
1,Ryan Moore,.00,0,17,100.0
1,D.A. Points,.00,0,9,100.0
1,Patrick Reed,.00,0,11,100.0
1,Adam Scott,.00,0,13,100.0
1,Webb Simpson,.00,0,9,100.0
1,Brandt Snedeker,.00,0,16,100.0
1,Jordan Spieth,.00,0,19,100.0
1,Kevin Streelman,.00,0,17,100.0
1,Michael Thompson,.00,0,13,100.0
1,Jimmy Walker,.00,0,15,100.0
1,Boo Weekley,.00,0,16,100.0
1,Gary Woodland,.00,0,15,100.0
30,Brian Gay,11.11,1,9,88.8
