rank,player,%,Total 3 Putts,Attempts,2 Putt or Better %
1,Woody Austin,.00,0,11,100.0
1,Sangmoon Bae,.00,0,5,100.0
1,Jonas Blixt,.00,0,8,100.0
1,Scott Brown,.00,0,6,100.0
1,Jason Dufner,.00,0,7,100.0
1,Ken Duke,.00,0,9,100.0
1,Derek Ernst,.00,0,12,100.0
1,Brian Gay,.00,0,13,100.0
1,Bill Haas,.00,0,9,100.0
1,Russell Henley,.00,0,9,100.0
1,Dustin Johnson,.00,0,12,100.0
1,Zach Johnson,.00,0,4,100.0
1,Chris Kirk,.00,0,9,100.0
1,Matt Kuchar,.00,0,7,100.0
1,Martin Laird,.00,0,12,100.0
1,John Merrick,.00,0,15,100.0
1,Ryan Moore,.00,0,11,100.0
1,D.A. Points,.00,0,8,100.0
1,Patrick Reed,.00,0,7,100.0
1,Adam Scott,.00,0,12,100.0
1,Webb Simpson,.00,0,9,100.0
1,Jordan Spieth,.00,0,13,100.0
1,Kevin Streelman,.00,0,7,100.0
1,Michael Thompson,.00,0,4,100.0
1,Jimmy Walker,.00,0,7,100.0
1,Boo Weekley,.00,0,11,100.0
1,Gary Woodland,.00,0,7,100.0
28,Harris English,8.33,1,12,91.6
28,Billy Horschel,8.33,1,12,91.6
30,Brandt Snedeker,14.29,1,7,85.7
