rank,player,%,Total 3 Putts,Attempts,2 Putt or Better %
1,Jordan Spieth,.00,0,18,100.0
2,Patrick Reed,4.55,1,22,95.4
2,Gary Woodland,4.55,1,22,95.4
4,Matt Kuchar,4.76,1,21,95.2
4,Adam Scott,4.76,1,21,95.2
4,Brandt Snedeker,4.76,1,21,95.2
7,Billy Horschel,5.56,1,18,94.4
8,Martin Laird,6.25,1,16,93.7
9,Webb Simpson,8.33,2,24,91.6
10,Brian Gay,9.52,2,21,90.4
11,Jimmy Walker,10.00,2,20,90.0
12,Ken Duke,11.11,2,18,88.8
13,Woody Austin,11.76,2,17,88.2
14,Jonas Blixt,12.50,3,24,87.5
15,Scott Brown,13.04,3,23,86.9
16,Kevin Streelman,13.33,2,15,86.6
17,Chris Kirk,15.38,4,26,84.6
18,D.A. Points,15.79,3,19,84.2
19,Dustin Johnson,16.00,4,25,84.0
20,Derek Ernst,18.18,4,22,81.8
21,Sangmoon Bae,18.75,3,16,81.2
21,Jason Dufner,18.75,3,16,81.2
23,Zach Johnson,21.05,4,19,78.9
24,John Merrick,22.73,5,22,77.2
25,Harris English,23.53,4,17,76.4
25,Russell Henley,23.53,4,17,76.4
27,Bill Haas,26.32,5,19,73.6
28,Michael Thompson,30.43,7,23,69.5
29,Boo Weekley,33.33,7,21,66.6
30,Ryan Moore,35.71,5,14,64.2
