rank,player,%,Total 3 Putts,Total Holes
1,Woody Austin,5.56,1,18
1,Sangmoon Bae,5.56,1,18
1,Jason Dufner,5.56,1,18
1,Harris English,5.56,1,18
1,Derek Ernst,5.56,1,18
1,Dustin Johnson,5.56,1,18
1,Zach Johnson,5.56,1,18
1,Chris Kirk,5.56,1,18
1,Martin Laird,5.56,1,18
1,Webb Simpson,5.56,1,18
11,Jonas Blixt,11.11,2,18
11,Scott Brown,11.11,2,18
11,Brian Gay,11.11,2,18
11,Bill Haas,11.11,2,18
11,Billy Horschel,11.11,2,18
11,John Merrick,11.11,2,18
11,Ryan Moore,11.11,2,18
11,D.A. Points,11.11,2,18
11,Boo Weekley,11.11,2,18
