rank,player,Low Rnd
1,Jonathan Byrd,31
1,Harrison Frazar,31
1,Chris Kirk,31
4,K.J. Choi,32
4,Ben Crane,32
4,Martin Laird,32
4,Rory Sabbatini,32
4,Webb Simpson,32
4,Steve Stricker,32
4,Nick Watney,32
11,Bill Haas,33
11,Bryce Molder,33
11,Scott Piercy,33
11,D.A. Points,33
11,Johnson Wagner,33
11,Mark Wilson,33
11,Gary Woodland,33
18,Aaron Baddeley,34
18,Keegan Bradley,34
18,Michael Bradley,34
18,Kevin Na,34
18,Sean O'Hair,34
18,Scott Stallings,34
18,Bubba Watson,34
25,Brendan Steele,35
25,David Toms,35
25,Jhonattan Vegas,35
