rank,player,Avg,Total Strokes,Total Rounds
1,Harrison Frazar,31.00,31,1
2,K.J. Choi,32.00,32,1
2,Rory Sabbatini,32.00,32,1
2,Nick Watney,32.00,32,1
5,Jonathan Byrd,33.00,33,1
5,Bill Haas,33.00,33,1
5,Scott Piercy,33.00,33,1
5,D.A. Points,33.00,33,1
5,Webb Simpson,33.00,33,1
5,Johnson Wagner,33.00,33,1
5,Gary Woodland,33.00,33,1
12,Keegan Bradley,34.00,34,1
12,Chris Kirk,34.00,34,1
12,Martin Laird,34.00,34,1
12,Sean O'Hair,34.00,34,1
12,Scott Stallings,34.00,34,1
12,Bubba Watson,34.00,34,1
12,Mark Wilson,34.00,34,1
19,Aaron Baddeley,35.00,35,1
19,Michael Bradley,35.00,35,1
19,Ben Crane,35.00,35,1
19,Brendan Steele,35.00,35,1
19,Steve Stricker,35.00,35,1
19,Jhonattan Vegas,35.00,35,1
25,Bryce Molder,36.00,36,1
25,David Toms,36.00,36,1
27,Kevin Na,37.00,37,1
