rank,player,Avg,Total Strokes,Total Holes
1,Jonathan Byrd,33.25,133,4
1,Chris Kirk,33.25,133,4
1,Webb Simpson,33.25,133,4
4,Martin Laird,33.75,135,4
5,Harrison Frazar,34.00,136,4
5,Johnson Wagner,34.00,136,4
5,Nick Watney,34.00,136,4
8,D.A. Points,34.25,137,4
8,Mark Wilson,34.25,137,4
8,Gary Woodland,34.25,137,4
11,Ben Crane,34.50,138,4
11,Rory Sabbatini,34.50,138,4
11,Steve Stricker,34.50,138,4
14,Bryce Molder,34.75,139,4
14,Scott Piercy,34.75,139,4
16,Keegan Bradley,35.00,140,4
16,K.J. Choi,35.00,140,4
16,Bill Haas,35.00,140,4
16,Scott Stallings,35.00,140,4
20,Bubba Watson,35.25,141,4
21,Kevin Na,35.50,142,4
21,Jhonattan Vegas,35.50,142,4
23,Aaron Baddeley,35.75,143,4
23,Michael Bradley,35.75,143,4
25,Sean O'Hair,36.00,144,4
26,David Toms,36.75,147,4
27,Brendan Steele,37.50,150,4
