rank,player,Avg,Total Strokes,Total Rounds
1,Jonathan Byrd,31.00,31,1
2,Webb Simpson,32.00,32,1
3,Keegan Bradley,34.00,34,1
3,Michael Bradley,34.00,34,1
3,D.A. Points,34.00,34,1
3,Johnson Wagner,34.00,34,1
3,Nick Watney,34.00,34,1
8,K.J. Choi,35.00,35,1
8,Martin Laird,35.00,35,1
8,Steve Stricker,35.00,35,1
8,Mark Wilson,35.00,35,1
8,Gary Woodland,35.00,35,1
13,Harrison Frazar,36.00,36,1
13,Bill Haas,36.00,36,1
13,Chris Kirk,36.00,36,1
13,Bryce Molder,36.00,36,1
13,Kevin Na,36.00,36,1
13,Jhonattan Vegas,36.00,36,1
19,Ben Crane,37.00,37,1
19,Sean O'Hair,37.00,37,1
19,Scott Piercy,37.00,37,1
22,Rory Sabbatini,38.00,38,1
22,Scott Stallings,38.00,38,1
22,Brendan Steele,38.00,38,1
22,David Toms,38.00,38,1
26,Aaron Baddeley,39.00,39,1
26,Bubba Watson,39.00,39,1
