rank,player,Avg,Total Strokes,Total Rounds
1,Chris Kirk,31.00,31,1
2,Steve Stricker,32.00,32,1
3,Mark Wilson,33.00,33,1
4,Aaron Baddeley,34.00,34,1
4,Ben Crane,34.00,34,1
4,Martin Laird,34.00,34,1
4,Bryce Molder,34.00,34,1
4,Webb Simpson,34.00,34,1
4,Scott Stallings,34.00,34,1
4,Bubba Watson,34.00,34,1
4,Gary Woodland,34.00,34,1
12,Jonathan Byrd,35.00,35,1
12,Harrison Frazar,35.00,35,1
12,Kevin Na,35.00,35,1
12,Scott Piercy,35.00,35,1
12,D.A. Points,35.00,35,1
12,Rory Sabbatini,35.00,35,1
12,Jhonattan Vegas,35.00,35,1
12,Johnson Wagner,35.00,35,1
20,Keegan Bradley,36.00,36,1
20,Bill Haas,36.00,36,1
20,Nick Watney,36.00,36,1
23,K.J. Choi,37.00,37,1
23,Sean O'Hair,37.00,37,1
25,Michael Bradley,38.00,38,1
25,David Toms,38.00,38,1
27,Brendan Steele,39.00,39,1
