rank,player,Avg,Total Strokes,Total Rounds
1,Ben Crane,32.00,32,1
1,Chris Kirk,32.00,32,1
1,Martin Laird,32.00,32,1
4,Bryce Molder,33.00,33,1
4,Rory Sabbatini,33.00,33,1
6,Jonathan Byrd,34.00,34,1
6,Harrison Frazar,34.00,34,1
6,Kevin Na,34.00,34,1
6,Scott Piercy,34.00,34,1
6,Webb Simpson,34.00,34,1
6,Scott Stallings,34.00,34,1
6,Johnson Wagner,34.00,34,1
6,Nick Watney,34.00,34,1
6,Bubba Watson,34.00,34,1
15,Aaron Baddeley,35.00,35,1
15,Bill Haas,35.00,35,1
15,D.A. Points,35.00,35,1
15,David Toms,35.00,35,1
15,Mark Wilson,35.00,35,1
15,Gary Woodland,35.00,35,1
21,Keegan Bradley,36.00,36,1
21,Michael Bradley,36.00,36,1
21,K.J. Choi,36.00,36,1
21,Sean O'Hair,36.00,36,1
21,Steve Stricker,36.00,36,1
21,Jhonattan Vegas,36.00,36,1
27,Brendan Steele,38.00,38,1
