rank,player,Avg dtp,Total Distance (Feet),Attempts
1,Vijay Singh,"3' 0""",32.833,11
2,Retief Goosen,"5' 0""",49.750,10
3,Scott Hoch,"6' 1""",48.333,8
4,Davis Love III,"6' 2""",86.083,14
5,Stuart Appleby,"6' 3""",94.250,15
6,Fred Couples,"6' 6""",71.083,11
7,Shigeki Maruyama,"6' 8""",86.167,13
8,Peter Jacobsen,"6' 9""",100.917,15
9,Kenny Perry,"6' 10""",75.250,11
10,Darren Clarke,"7' 0""",84.167,12
11,Steve Flesch,"7' 1""",77.917,11
11,Shaun Micheel,"7' 1""",49.833,7
13,Chad Campbell,"7' 3""",86.917,12
13,Rory Sabbatini,"7' 3""",94.750,13
15,Adam Scott,"8' 1""",96.500,12
16,Justin Leonard,"8' 3""",107.333,13
17,Tiger Woods,"8' 4""",58.500,7
18,Bob Tway,"9' 9""",136.250,14
19,Ben Crane,"10' 0""",90.000,9
20,John Huston,"10' 2""",132.000,13
21,Craig Stadler,"10' 4""",186.167,18
22,J.L. Lewis,"10' 10""",152.167,14
23,Tommy Armour III,"11' 10""",224.500,19
24,Jim Furyk,"12' 0""",48.083,4
25,Kirk Triplett,"12' 5""",161.250,13
26,Jonathan Kaye,"14' 3""",157.167,11
27,Ben Curtis,"14' 4""",186.083,13
28,Ernie Els,"16' 2""",194.000,12
29,Mike Weir,"16' 4""",260.750,16
30,Frank Lickliter II,"17' 7""",263.917,15
