rank,player,Avg DTP,Total Distance (feet),# of Shots,Scrambling Rank
1,Fred Couples,"6' 2""",154.750,25,24
2,Vijay Singh,"6' 11""",208.250,30,1
3,J.L. Lewis,"7' 2""",229.000,32,4
4,Davis Love III,"7' 7""",243.917,32,11
5,Shaun Micheel,"7' 8""",175.500,23,15
6,Stuart Appleby,"8' 2""",220.667,27,5
6,Justin Leonard,"8' 2""",162.917,20,7
8,Retief Goosen,"8' 4""",209.250,25,2
9,Mike Weir,"8' 8""",234.250,27,17
10,Peter Jacobsen,"8' 10""",220.417,25,5
11,Kirk Triplett,"8' 11""",258.917,29,16
12,Chad Campbell,"9' 0""",215.083,24,17
13,Ernie Els,"9' 2""",283.750,31,29
14,Shigeki Maruyama,"9' 4""",215.167,23,17
15,Scott Hoch,"9' 5""",160.333,17,3
15,Kenny Perry,"9' 5""",206.417,22,12
17,Steve Flesch,"9' 8""",231.167,24,10
18,Darren Clarke,"9' 10""",265.917,27,9
18,John Huston,"9' 10""",274.500,28,23
20,Bob Tway,"9' 11""",296.750,30,17
21,Tiger Woods,"10' 3""",226.083,22,29
22,Adam Scott,"10' 4""",237.750,23,17
23,Ben Crane,"11' 0""",220.000,20,12
23,Frank Lickliter II,"11' 0""",241.333,22,25
25,Rory Sabbatini,"11' 1""",322.250,29,7
26,Tommy Armour III,"11' 6""",321.333,28,14
27,Ben Curtis,"11' 9""",328.083,28,27
28,Craig Stadler,"11' 11""",392.667,33,28
29,Jonathan Kaye,"12' 9""",292.333,23,17
30,Jim Furyk,"12' 11""",207.167,16,26
