rank,player,Avg DTP,Total Distance (feet),# of Shots,Scrambling Rank
1,Justin Leonard,"3' 10""",7.667,2,7
2,Fred Couples,"6' 7""",39.417,6,24
3,Mike Weir,"6' 8""",26.667,4,17
4,Davis Love III,"7' 7""",60.750,8,11
5,J.L. Lewis,"8' 8""",78.167,9,4
6,Scott Hoch,"9' 0""",44.833,5,3
6,Vijay Singh,"9' 0""",72.167,8,1
8,Shaun Micheel,"10' 3""",92.000,9,15
8,Kirk Triplett,"10' 3""",102.333,10,16
10,Frank Lickliter II,"10' 7""",95.500,9,25
11,Ernie Els,"10' 11""",109.250,10,29
12,Retief Goosen,"11' 1""",66.333,6,2
13,Shigeki Maruyama,"11' 6""",80.250,7,17
14,Stuart Appleby,"12' 1""",84.333,7,5
15,Kenny Perry,"12' 7""",50.333,4,12
16,Chad Campbell,"13' 2""",118.583,9,17
17,Ben Crane,"13' 4""",93.417,7,12
18,Adam Scott,"13' 8""",95.583,7,17
18,Bob Tway,"13' 8""",150.583,11,17
20,Peter Jacobsen,"14' 6""",115.667,8,5
21,Tommy Armour III,"14' 9""",117.750,8,14
22,Darren Clarke,"15' 3""",91.417,6,9
23,Ben Curtis,"15' 4""",198.833,13,27
24,Steve Flesch,"15' 5""",138.667,9,10
25,Rory Sabbatini,"15' 6""",123.667,8,7
26,Tiger Woods,"16' 4""",98.000,6,29
27,Jonathan Kaye,"16' 8""",116.667,7,17
28,Craig Stadler,"20' 2""",121.000,6,28
29,John Huston,"20' 7""",144.083,7,23
30,Jim Furyk,"21' 4""",149.583,7,26
