rank,player,Avg DTP,Total Distance (feet),# of Shots,Scrambling Rank
1,Frank Lickliter II,"2""",.167,1,25
2,Fred Couples,"8""",.667,1,24
3,Scott Hoch,"1' 7""",1.583,1,3
4,Tiger Woods,"1' 8""",3.333,2,29
5,Rory Sabbatini,"1' 9""",1.750,1,7
6,Darren Clarke,"1' 11""",7.500,4,9
6,Kenny Perry,"1' 11""",5.667,3,12
8,Shaun Micheel,"2' 2""",2.167,1,15
9,Ben Crane,"2' 3""",2.250,1,12
10,Tommy Armour III,"2' 5""",2.417,1,14
11,Craig Stadler,"2' 6""",7.417,3,28
12,Kirk Triplett,"2' 7""",13.000,5,16
13,Stuart Appleby,"2' 10""",11.333,4,5
13,J.L. Lewis,"2' 10""",8.583,3,4
15,Retief Goosen,"3' 1""",9.250,3,2
16,Davis Love III,"3' 3""",6.500,2,11
17,John Huston,"3' 4""",3.333,1,23
18,Vijay Singh,"3' 5""",17.083,5,1
19,Jonathan Kaye,"4' 1""",4.083,1,17
19,Justin Leonard,"4' 1""",16.417,4,7
21,Peter Jacobsen,"5' 1""",10.083,2,5
22,Adam Scott,"5' 6""",16.417,3,17
23,Jim Furyk,"6' 2""",6.167,1,26
24,Ernie Els,"8' 1""",40.333,5,29
25,Ben Curtis,"10' 0""",10.000,1,27
26,Bob Tway,"10' 5""",41.750,4,17
27,Steve Flesch,"15' 10""",15.833,1,10
28,Mike Weir,"16' 0""",79.917,5,17
