rank,player,Avg DTP,Total Distance (feet),# of Shots,Scrambling Rank
1,Jim Furyk,"4' 10""",28.750,6,26
2,Steve Flesch,"5' 1""",40.417,8,10
3,Fred Couples,"5' 4""",37.583,7,24
4,Mike Weir,"5' 5""",59.750,11,17
5,Tommy Armour III,"6' 6""",58.667,9,14
6,Bob Tway,"6' 7""",52.917,8,17
7,John Huston,"6' 9""",67.583,10,23
8,Peter Jacobsen,"7' 1""",56.917,8,5
9,Chad Campbell,"7' 6""",74.833,10,17
10,Retief Goosen,"7' 8""",92.417,12,2
11,Tiger Woods,"7' 9""",38.583,5,29
12,Shaun Micheel,"8' 0""",56.250,7,15
13,Ben Crane,"8' 1""",56.500,7,12
14,Ernie Els,"8' 7""",42.750,5,29
15,Stuart Appleby,"8' 11""",62.500,7,5
16,Vijay Singh,"9' 2""",91.917,10,1
17,Kirk Triplett,"9' 5""",56.583,6,16
18,Frank Lickliter II,"9' 6""",47.333,5,25
19,J.L. Lewis,"9' 8""",86.667,9,4
20,Kenny Perry,"10' 5""",104.500,10,12
21,Davis Love III,"11' 1""",88.333,8,11
22,Shigeki Maruyama,"11' 2""",67.000,6,17
23,Ben Curtis,"11' 5""",45.500,4,27
24,Rory Sabbatini,"11' 10""",94.333,8,7
25,Justin Leonard,"12' 5""",99.417,8,7
26,Adam Scott,"12' 7""",88.000,7,17
27,Darren Clarke,"12' 9""",127.083,10,9
28,Jonathan Kaye,"13' 7""",68.083,5,17
29,Scott Hoch,"14' 6""",58.000,4,3
30,Craig Stadler,"15' 1""",166.250,11,28
