rank,player,Avg DTP,Total Distance (feet),# of Shots,Scrambling Rank
1,John Huston,"2' 7""",2.583,1,23
2,Rory Sabbatini,"4' 7""",9.083,2,7
3,Vijay Singh,"4' 9""",19.000,4,1
4,Adam Scott,"4' 10""",4.833,1,17
5,Davis Love III,"6' 0""",12.000,2,11
6,Steve Flesch,"6' 2""",12.333,2,10
7,Shigeki Maruyama,"6' 7""",13.167,2,17
8,Ernie Els,"7' 2""",21.417,3,29
9,Stuart Appleby,"8' 1""",16.167,2,5
10,J.L. Lewis,"9' 6""",37.833,4,4
11,Scott Hoch,"10' 2""",30.500,3,3
12,Bob Tway,"10' 8""",21.250,2,17
13,Kenny Perry,"10' 10""",32.417,3,12
14,Ben Curtis,"11' 5""",45.750,4,27
15,Jim Furyk,"11' 10""",35.583,3,26
16,Mike Weir,"12' 7""",12.583,1,17
17,Kirk Triplett,"13' 2""",91.917,7,16
18,Peter Jacobsen,"13' 7""",108.667,8,5
19,Justin Leonard,"13' 8""",41.083,3,7
20,Fred Couples,"13' 9""",13.750,1,24
21,Craig Stadler,"14' 8""",58.500,4,28
22,Tommy Armour III,"16' 0""",79.833,5,14
23,Chad Campbell,"17' 8""",35.250,2,17
24,Frank Lickliter II,"17' 9""",70.917,4,25
25,Jonathan Kaye,"19' 5""",19.417,1,17
26,Ben Crane,"22' 0""",66.000,3,12
27,Darren Clarke,"22' 3""",111.333,5,9
28,Shaun Micheel,"22' 5""",22.417,1,15
