rank,player,%,Greens Hit,Total Holes,Relative to par
1,Retief Goosen,100.00,7,7,+0.14
1,Ryan Palmer,100.00,7,7,+0.14
3,David Toms,90.00,9,10,-0.22
4,John Daly,88.89,8,9,-0.13
5,Tiger Woods,85.71,6,7,E
6,Jonathan Byrd,81.82,9,11,-0.11
7,Bart Bryant,77.78,7,9,E
7,Stewart Cink,77.78,7,9,-0.57
7,Brent Geiberger,77.78,7,9,+0.14
7,Adam Scott,77.78,7,9,-0.14
7,Vijay Singh,77.78,7,9,-0.14
12,Mark Hensby,75.00,6,8,E
12,Mike Weir,75.00,6,8,E
14,Sergio Garcia,71.43,5,7,E
14,Vaughn Taylor,71.43,5,7,+0.20
16,Steve Flesch,70.00,7,10,E
16,Joey Sindelar,70.00,7,10,-0.29
18,Stephen Ames,69.23,9,13,E
18,Fred Funk,69.23,9,13,+0.11
20,Stuart Appleby,66.67,6,9,E
20,Ernie Els,66.67,6,9,-0.33
20,Carlos Franco,66.67,6,9,E
20,Todd Hamilton,66.67,6,9,+0.33
20,Craig Parry,66.67,6,9,-0.17
25,Andre Stolz,62.50,5,8,+0.40
26,Rod Pampling,60.00,6,10,E
27,Zach Johnson,57.14,4,7,-0.50
27,Jonathan Kaye,57.14,4,7,-0.25
29,Woody Austin,55.56,5,9,E
29,Chad Campbell,55.56,5,9,E
31,Heath Slocum,53.33,8,15,-0.13
