rank,player,%,Greens Hit,Total Holes,Relative to par
1,Stephen Ames,100.00,6,6,+0.17
1,Bart Bryant,100.00,11,11,-0.18
1,Steve Flesch,100.00,9,9,-0.22
1,Brent Geiberger,100.00,8,8,-0.25
1,Todd Hamilton,100.00,7,7,E
1,Joey Sindelar,100.00,9,9,E
1,Tiger Woods,100.00,6,6,-0.33
8,Chad Campbell,92.31,12,13,-0.25
9,Ernie Els,91.67,11,12,-0.09
10,Adam Scott,88.89,8,9,-0.25
11,Stewart Cink,83.33,10,12,-0.30
11,Heath Slocum,83.33,5,6,+0.60
13,Zach Johnson,81.82,9,11,+0.11
14,Carlos Franco,78.57,11,14,E
15,Sergio Garcia,77.78,7,9,-0.14
15,Mike Weir,77.78,7,9,-0.14
17,Mark Hensby,75.00,9,12,+0.22
17,Jonathan Kaye,75.00,6,8,-0.33
17,Rod Pampling,75.00,6,8,E
17,Vaughn Taylor,75.00,6,8,-0.33
21,Vijay Singh,72.73,8,11,-0.25
22,Stuart Appleby,71.43,5,7,E
23,Fred Funk,66.67,4,6,E
24,Craig Parry,63.64,7,11,-0.43
24,Andre Stolz,63.64,7,11,E
26,Ryan Palmer,62.50,5,8,+0.20
27,Retief Goosen,60.00,6,10,E
28,Woody Austin,57.14,8,14,-0.25
29,David Toms,50.00,4,8,E
30,Jonathan Byrd,45.45,5,11,-0.20
31,John Daly,28.57,2,7,E
