rank,player,%,Greens Hit,# Holes,Relative/Par
1,Steve Flesch,100.0,1,1,-1.00
1,Carlos Franco,100.0,1,1,E
1,Sergio Garcia,100.0,1,1,E
1,Todd Hamilton,100.0,1,1,-1.00
1,Rod Pampling,100.0,3,3,E
1,Adam Scott,100.0,1,1,E
1,David Toms,100.0,1,1,E
8,Chad Campbell,66.7,2,3,E
9,Woody Austin,50.0,1,2,-1.00
9,Jonathan Byrd,50.0,1,2,E
9,Stewart Cink,50.0,1,2,E
9,Heath Slocum,50.0,2,4,-2.00
9,Tiger Woods,50.0,1,2,E
14,Ernie Els,33.3,1,3,-1.00
15,Stephen Ames,.0,0,2,E
15,Mark Hensby,.0,0,2,E
15,Zach Johnson,.0,0,1,E
15,Ryan Palmer,.0,0,2,E
15,Craig Parry,.0,0,1,E
15,Joey Sindelar,.0,0,2,E
