rank,player,%,Greens Hit,Total Holes,Relative to par
1,Stephen Ames,100.00,5,5,-0.20
1,Woody Austin,100.00,4,4,E
1,Bart Bryant,100.00,7,7,E
1,Chad Campbell,100.00,5,5,E
1,Ernie Els,100.00,8,8,-0.13
1,Mark Hensby,100.00,5,5,E
1,Zach Johnson,100.00,8,8,-0.13
1,Craig Parry,100.00,8,8,-0.13
1,Vijay Singh,100.00,5,5,E
1,Heath Slocum,100.00,5,5,E
1,Tiger Woods,100.00,6,6,-0.33
12,Stuart Appleby,88.89,8,9,-0.50
12,Sergio Garcia,88.89,8,9,-0.13
14,John Daly,87.50,7,8,E
14,Fred Funk,87.50,7,8,+0.14
14,Rod Pampling,87.50,7,8,-0.14
14,Joey Sindelar,87.50,7,8,-0.29
18,Stewart Cink,85.71,6,7,-0.33
18,David Toms,85.71,6,7,E
20,Carlos Franco,83.33,5,6,-0.20
20,Retief Goosen,83.33,5,6,E
20,Andre Stolz,83.33,5,6,E
23,Todd Hamilton,77.78,7,9,E
24,Adam Scott,75.00,6,8,-0.50
25,Steve Flesch,71.43,5,7,-0.20
26,Jonathan Byrd,66.67,2,3,-0.50
26,Jonathan Kaye,66.67,6,9,-0.33
28,Mike Weir,62.50,5,8,-0.40
29,Ryan Palmer,60.00,6,10,E
30,Vaughn Taylor,44.44,4,9,E
31,Brent Geiberger,42.86,3,7,E
