rank,player,%,Greens Hit,Total Holes,Relative to par
1,David Toms,97.06,33,34,-0.30
2,Vaughn Taylor,96.97,32,33,-0.47
3,Stuart Appleby,96.67,29,30,-0.52
4,Adam Scott,96.30,26,27,-0.62
5,Sergio Garcia,94.59,35,37,-0.49
6,Jonathan Byrd,94.44,34,36,-0.59
7,Rod Pampling,93.10,27,29,-0.48
8,Woody Austin,92.86,26,28,-0.58
9,Brent Geiberger,92.59,25,27,-0.40
9,Craig Parry,92.59,25,27,-0.32
11,Heath Slocum,92.31,24,26,-0.42
12,Stephen Ames,91.18,31,34,-0.48
13,Steve Flesch,90.91,20,22,-0.40
14,Andre Stolz,90.63,29,32,-0.62
15,Ryan Palmer,90.32,28,31,-0.61
15,Vijay Singh,90.32,28,31,-0.57
17,Ernie Els,89.66,26,29,-0.54
17,Jonathan Kaye,89.66,26,29,-0.54
19,Fred Funk,88.89,24,27,-0.21
19,Mike Weir,88.89,24,27,-0.54
21,Stewart Cink,88.46,23,26,-0.39
21,Carlos Franco,88.46,23,26,-0.35
21,Joey Sindelar,88.46,23,26,-0.26
24,Retief Goosen,88.24,30,34,-0.57
25,Chad Campbell,87.50,21,24,-0.48
25,Todd Hamilton,87.50,21,24,-0.43
25,Tiger Woods,87.50,35,40,-0.49
28,Mark Hensby,86.67,26,30,-0.58
29,Bart Bryant,86.21,25,29,-0.44
30,John Daly,85.71,30,35,-0.57
31,Zach Johnson,81.25,26,32,-0.31
