rank,player,%,Greens Hit,Total Holes,Relative to par
1,Steve Flesch,100.00,16,16,-0.44
1,Craig Parry,100.00,19,19,-0.37
1,Adam Scott,100.00,22,22,-0.64
1,Vijay Singh,100.00,25,25,-0.60
1,Vaughn Taylor,100.00,20,20,-0.65
1,David Toms,100.00,22,22,-0.41
7,Sergio Garcia,96.67,29,30,-0.48
8,Stephen Ames,95.83,23,24,-0.57
8,Stuart Appleby,95.83,23,24,-0.52
10,Rod Pampling,95.65,22,23,-0.59
11,Mike Weir,94.74,18,19,-0.56
12,Todd Hamilton,94.44,17,18,-0.41
13,Brent Geiberger,93.75,15,16,-0.53
14,Chad Campbell,93.33,14,15,-0.64
15,Jonathan Byrd,92.59,25,27,-0.68
16,Heath Slocum,92.31,12,13,-0.42
17,Ryan Palmer,90.91,20,22,-0.75
18,Jonathan Kaye,90.48,19,21,-0.68
19,Woody Austin,90.00,18,20,-0.72
19,Carlos Franco,90.00,18,20,-0.39
19,Andre Stolz,90.00,18,20,-0.83
22,Fred Funk,88.89,16,18,-0.31
23,Ernie Els,88.00,22,25,-0.59
24,Joey Sindelar,87.50,14,16,-0.29
25,Retief Goosen,86.96,20,23,-0.70
26,Tiger Woods,86.67,26,30,-0.58
27,Bart Bryant,83.33,15,18,-0.47
27,Stewart Cink,83.33,15,18,-0.53
27,John Daly,83.33,25,30,-0.60
30,Mark Hensby,81.82,18,22,-0.67
31,Zach Johnson,73.91,17,23,-0.35
