rank,player,%,Greens Hit,# of Holes
1,Ernie Els,97.73,43,44
2,Vaughn Taylor,92.00,46,50
3,Rod Pampling,91.11,41,45
4,Tiger Woods,90.70,39,43
5,Andre Stolz,90.48,38,42
6,Craig Parry,90.20,46,51
7,David Toms,90.00,45,50
8,John Daly,89.74,35,39
9,Chad Campbell,89.58,43,48
10,Stuart Appleby,89.13,41,46
11,Jonathan Kaye,87.50,42,48
11,Adam Scott,87.50,42,48
13,Stephen Ames,87.23,41,47
14,Zach Johnson,86.96,40,46
14,Vijay Singh,86.96,40,46
16,Jonathan Byrd,86.67,39,45
16,Sergio Garcia,86.67,39,45
18,Stewart Cink,86.05,37,43
19,Heath Slocum,85.42,41,48
20,Mark Hensby,85.11,40,47
21,Fred Funk,84.91,45,53
22,Joey Sindelar,84.31,43,51
23,Carlos Franco,82.22,37,45
24,Bart Bryant,81.82,45,55
25,Retief Goosen,80.43,37,46
26,Woody Austin,80.00,36,45
27,Ryan Palmer,79.17,38,48
28,Mike Weir,78.72,37,47
29,Todd Hamilton,77.78,42,54
30,Steve Flesch,76.92,40,52
31,Brent Geiberger,74.00,37,50
