rank,player,%,Greens Hit,Total Holes,Relative to par
1,Stuart Appleby,100.00,6,6,-0.50
1,Woody Austin,100.00,8,8,-0.25
1,Jonathan Byrd,100.00,9,9,-0.33
1,Stewart Cink,100.00,8,8,-0.13
1,John Daly,100.00,5,5,-0.40
1,Ernie Els,100.00,4,4,-0.25
1,Mark Hensby,100.00,8,8,-0.38
1,Zach Johnson,100.00,9,9,-0.22
9,Heath Slocum,92.31,12,13,-0.42
9,Vaughn Taylor,92.31,12,13,-0.17
11,Andre Stolz,91.67,11,12,-0.27
11,David Toms,91.67,11,12,-0.09
13,Bart Bryant,90.91,10,11,-0.40
13,Brent Geiberger,90.91,10,11,-0.20
13,Retief Goosen,90.91,10,11,-0.30
16,Joey Sindelar,90.00,9,10,-0.22
16,Tiger Woods,90.00,9,10,-0.22
18,Fred Funk,88.89,8,9,E
18,Ryan Palmer,88.89,8,9,-0.25
20,Jonathan Kaye,87.50,7,8,-0.14
21,Sergio Garcia,85.71,6,7,-0.50
22,Carlos Franco,83.33,5,6,-0.20
22,Rod Pampling,83.33,5,6,E
24,Stephen Ames,80.00,8,10,-0.25
24,Adam Scott,80.00,4,5,-0.50
26,Chad Campbell,77.78,7,9,-0.14
27,Craig Parry,75.00,6,8,-0.17
27,Mike Weir,75.00,6,8,-0.50
29,Steve Flesch,66.67,4,6,-0.25
29,Todd Hamilton,66.67,4,6,-0.50
31,Vijay Singh,50.00,3,6,-0.33
