rank,player,%,Greens Hit,Total Holes,Relative to par
1,Vaughn Taylor,97.50,39,40,-0.49
2,David Toms,95.35,41,43,-0.32
3,Stuart Appleby,94.74,36,38,-0.53
4,Adam Scott,94.29,33,35,-0.48
5,Jonathan Byrd,92.68,38,41,-0.55
5,Sergio Garcia,92.68,38,41,-0.42
7,Vijay Singh,92.50,37,40,-0.49
8,Ernie Els,92.31,36,39,-0.53
9,Andre Stolz,91.89,34,37,-0.53
10,Heath Slocum,91.43,32,35,-0.31
11,Craig Parry,91.18,31,34,-0.29
12,Rod Pampling,90.24,37,41,-0.41
13,Woody Austin,89.19,33,37,-0.55
13,Fred Funk,89.19,33,37,-0.18
13,Jonathan Kaye,89.19,33,37,-0.52
16,Tiger Woods,88.89,40,45,-0.43
17,Chad Campbell,88.24,30,34,-0.33
17,Stewart Cink,88.24,30,34,-0.40
19,Ryan Palmer,87.80,36,41,-0.44
20,Stephen Ames,87.50,35,40,-0.46
20,Mike Weir,87.50,35,40,-0.40
22,Bart Bryant,86.84,33,38,-0.45
23,John Daly,85.00,34,40,-0.53
23,Brent Geiberger,85.00,34,40,-0.32
25,Mark Hensby,84.62,33,39,-0.55
26,Carlos Franco,83.87,26,31,-0.27
27,Retief Goosen,80.95,34,42,-0.50
28,Todd Hamilton,80.00,32,40,-0.47
29,Zach Johnson,78.95,30,38,-0.33
29,Joey Sindelar,78.95,30,38,-0.23
31,Steve Flesch,77.14,27,35,-0.33
