rank,player,%,Greens Hit,Total Holes,Relative to par
1,Ernie Els,100.00,10,10,-0.50
1,Vijay Singh,100.00,9,9,-0.22
1,Andre Stolz,100.00,5,5,E
1,Vaughn Taylor,100.00,7,7,-0.57
1,Tiger Woods,100.00,5,5,E
6,Chad Campbell,90.00,9,10,E
6,Fred Funk,90.00,9,10,-0.11
8,Bart Bryant,88.89,8,9,-0.50
8,Heath Slocum,88.89,8,9,E
8,David Toms,88.89,8,9,-0.38
11,Stuart Appleby,87.50,7,8,-0.57
11,Stewart Cink,87.50,7,8,-0.43
11,Jonathan Kaye,87.50,7,8,-0.43
11,Adam Scott,87.50,7,8,E
15,Craig Parry,85.71,6,7,-0.17
16,Mike Weir,84.62,11,13,-0.09
17,Rod Pampling,83.33,10,12,-0.20
18,Jonathan Byrd,80.00,4,5,-0.25
18,John Daly,80.00,4,5,-0.25
18,Ryan Palmer,80.00,8,10,+0.13
21,Woody Austin,77.78,7,9,-0.43
21,Mark Hensby,77.78,7,9,-0.43
23,Sergio Garcia,75.00,3,4,+0.33
24,Brent Geiberger,69.23,9,13,-0.11
25,Todd Hamilton,68.75,11,16,-0.55
26,Stephen Ames,66.67,4,6,-0.25
26,Zach Johnson,66.67,4,6,-0.50
28,Carlos Franco,60.00,3,5,+0.33
29,Joey Sindelar,58.33,7,12,-0.14
30,Steve Flesch,53.85,7,13,-0.14
31,Retief Goosen,50.00,4,8,E
