rank,player,%,Greens Hit,Total Holes,Relative to par
1,Chad Campbell,100.00,10,10,-0.10
1,Sergio Garcia,100.00,6,6,E
1,Vaughn Taylor,100.00,7,7,+0.14
4,Carlos Franco,90.00,9,10,+0.11
5,Craig Parry,88.89,8,9,-0.38
6,Stuart Appleby,87.50,7,8,-0.14
7,John Daly,85.71,6,7,-0.17
8,Todd Hamilton,83.33,5,6,-0.20
8,Vijay Singh,83.33,5,6,+0.20
8,Tiger Woods,83.33,5,6,E
11,Jonathan Kaye,81.82,9,11,-0.33
12,Retief Goosen,80.00,4,5,E
13,Heath Slocum,77.78,7,9,-0.29
14,Jonathan Byrd,75.00,3,4,+0.33
14,Stewart Cink,75.00,6,8,-0.17
14,Ernie Els,75.00,3,4,E
14,Fred Funk,75.00,6,8,-0.33
14,Brent Geiberger,75.00,3,4,E
14,Rod Pampling,75.00,3,4,E
14,David Toms,75.00,3,4,-0.33
21,Steve Flesch,71.43,5,7,-0.40
21,Zach Johnson,71.43,5,7,-0.20
21,Andre Stolz,71.43,5,7,-0.20
21,Mike Weir,71.43,5,7,-0.20
25,Adam Scott,70.00,7,10,-0.14
26,Woody Austin,66.67,4,6,-0.75
26,Joey Sindelar,66.67,4,6,-0.25
28,Stephen Ames,57.14,4,7,-0.25
29,Bart Bryant,50.00,3,6,+0.33
29,Mark Hensby,50.00,4,8,-0.25
31,Ryan Palmer,33.33,1,3,E
