rank,player,%,Total 3 Putts,Attempts,2 Putt or Better %
1,Ludvig Åberg,0.00%,0,3,100.00
1,Byeong Hun An,0.00%,0,5,100.00
1,Christiaan Bezuidenhout,0.00%,0,8,100.00
1,Akshay Bhatia,0.00%,0,5,100.00
1,Keegan Bradley,0.00%,0,10,100.00
1,Sam Burns,0.00%,0,2,100.00
1,Rafael Campos,0.00%,0,2,100.00
1,Patrick Cantlay,0.00%,0,1,100.00
1,Wyndham Clark,0.00%,0,8,100.00
1,Eric Cole,0.00%,0,6,100.00
1,Corey Conners,0.00%,0,5,100.00
1,Cam Davis,0.00%,0,7,100.00
1,Jason Day,0.00%,0,8,100.00
1,Thomas Detry,0.00%,0,6,100.00
1,Nico Echavarria,0.00%,0,3,100.00
1,Tony Finau,0.00%,0,5,100.00
1,Matt Fitzpatrick,0.00%,0,3,100.00
1,Brice Garnett,0.00%,0,9,100.00
1,Chris Gotterup,0.00%,0,7,100.00
1,Max Greyserman,0.00%,0,6,100.00
1,Adam Hadwin,0.00%,0,8,100.00
1,Harry Hall,0.00%,0,5,100.00
1,Brian Harman,0.00%,0,3,100.00
1,Russell Henley,0.00%,0,5,100.00
1,Tom Hoge,0.00%,0,11,100.00
1,Max Homa,0.00%,0,4,100.00
1,Billy Horschel,0.00%,0,7,100.00
1,Viktor Hovland,0.00%,0,8,100.00
1,Sungjae Im,0.00%,0,3,100.00
1,Si Woo Kim,0.00%,0,3,100.00
1,Chris Kirk,0.00%,0,5,100.00
1,Patton Kizzire,0.00%,0,6,100.00
1,Jake Knapp,0.00%,0,5,100.00
1,Robert MacIntyre,0.00%,0,4,100.00
1,Peter Malnati,0.00%,0,7,100.00
1,Hideki Matsuyama,0.00%,0,10,100.00
1,Maverick McNealy,0.00%,0,6,100.00
1,Collin Morikawa,0.00%,0,7,100.00
1,Matthieu Pavon,0.00%,0,6,100.00
1,Taylor Pendrith,0.00%,0,10,100.00
1,J.T. Poston,0.00%,0,7,100.00
1,Xander Schauffele,0.00%,0,9,100.00
1,Adam Scott,0.00%,0,5,100.00
1,Sepp Straka,0.00%,0,6,100.00
1,Sahith Theegala,0.00%,0,6,100.00
1,Justin Thomas,0.00%,0,4,100.00
1,Davis Thompson,0.00%,0,7,100.00
1,Jhonattan Vegas,0.00%,0,6,100.00
1,Cameron Young,0.00%,0,6,100.00
1,Will Zalatoris,0.00%,0,8,100.00
51,Matt McCarty,9.09%,1,11,90.91
52,Denny McCarthy,11.11%,1,9,88.89
53,Austin Eckroat,12.50%,1,8,87.50
54,Nick Dunlap,16.67%,1,6,83.33
54,Nick Taylor,16.67%,1,6,83.33
54,Kevin Yu,16.67%,1,6,83.33
57,Aaron Rai,100.00%,1,1,.00
