rank,player,%,Total 3 Putts,Attempts,2 Putt or Better %
1,Byeong Hun An,.00%,0,18,100.00
1,Keegan Bradley,.00%,0,17,100.00
1,Wyndham Clark,.00%,0,17,100.00
1,Max Greyserman,.00%,0,22,100.00
1,Viktor Hovland,.00%,0,19,100.00
1,Sungjae Im,.00%,0,19,100.00
1,Patton Kizzire,.00%,0,16,100.00
1,Peter Malnati,.00%,0,22,100.00
1,Matthieu Pavon,.00%,0,19,100.00
1,Taylor Pendrith,.00%,0,19,100.00
11,Rafael Campos,3.85%,1,26,96.15
11,Corey Conners,3.85%,1,26,96.15
13,Billy Horschel,4.00%,1,25,96.00
14,Jake Knapp,4.17%,1,24,95.83
15,Patrick Cantlay,4.35%,1,23,95.65
15,Jason Day,4.35%,1,23,95.65
17,Maverick McNealy,4.55%,1,22,95.45
17,Will Zalatoris,4.55%,1,22,95.45
19,Nico Echavarria,4.76%,1,21,95.24
20,Ludvig Åberg,5.00%,1,20,95.00
20,Tom Hoge,5.00%,1,20,95.00
20,Stephan Jaeger,5.00%,1,20,95.00
20,Matt McCarty,5.00%,1,20,95.00
20,Sahith Theegala,5.00%,1,20,95.00
20,Jhonattan Vegas,5.00%,1,20,95.00
26,Thomas Detry,5.26%,1,19,94.74
26,Aaron Rai,5.26%,1,19,94.74
26,Sepp Straka,5.26%,1,19,94.74
29,Nick Taylor,5.56%,1,18,94.44
29,Justin Thomas,5.56%,1,18,94.44
29,Cameron Young,5.56%,1,18,94.44
32,Austin Eckroat,5.88%,1,17,94.12
32,Chris Kirk,5.88%,1,17,94.12
34,Eric Cole,6.25%,1,16,93.75
34,Hideki Matsuyama,6.25%,1,16,93.75
36,Robert MacIntyre,7.41%,2,27,92.59
37,Christiaan Bezuidenhout,8.33%,2,24,91.67
37,Akshay Bhatia,8.33%,2,24,91.67
37,Russell Henley,8.33%,2,24,91.67
37,Si Woo Kim,8.33%,1,12,91.67
41,Sam Burns,9.09%,2,22,90.91
41,Tony Finau,9.09%,2,22,90.91
41,Max Homa,9.09%,2,22,90.91
41,J.T. Poston,9.09%,2,22,90.91
45,Xander Schauffele,9.52%,2,21,90.48
46,Brice Garnett,10.00%,2,20,90.00
46,Adam Scott,10.00%,2,20,90.00
48,Denny McCarthy,11.11%,1,9,88.89
49,Cam Davis,11.76%,2,17,88.24
49,Harry Hall,11.76%,2,17,88.24
49,Collin Morikawa,11.76%,2,17,88.24
52,Nick Dunlap,12.00%,3,25,88.00
53,Matt Fitzpatrick,14.29%,3,21,85.71
54,Adam Hadwin,15.79%,3,19,84.21
55,Chris Gotterup,16.00%,4,25,84.00
55,Davis Thompson,16.00%,4,25,84.00
57,Kevin Yu,20.00%,3,15,80.00
58,Brian Harman,26.32%,5,19,73.68
