rank,player,Total 3 putts > 25',Total 3 Putts
1,Brian Harman,5,6
2,Chris Gotterup,4,4
2,Davis Thompson,4,5
4,Nick Dunlap,3,4
4,Matt Fitzpatrick,3,3
4,Adam Hadwin,3,3
4,Kevin Yu,3,4
8,Christiaan Bezuidenhout,2,2
8,Akshay Bhatia,2,2
8,Sam Burns,2,2
8,Cam Davis,2,2
8,Tony Finau,2,2
8,Brice Garnett,2,3
8,Harry Hall,2,2
8,Russell Henley,2,2
8,Max Homa,2,2
8,Robert MacIntyre,2,2
8,Collin Morikawa,2,2
8,J.T. Poston,2,2
8,Xander Schauffele,2,2
8,Adam Scott,2,2
22,Ludvig Åberg,1,1
22,Rafael Campos,1,1
22,Patrick Cantlay,1,2
22,Eric Cole,1,1
22,Corey Conners,1,1
22,Jason Day,1,1
22,Thomas Detry,1,1
22,Nico Echavarria,1,2
22,Austin Eckroat,1,2
22,Tom Hoge,1,1
22,Billy Horschel,1,1
22,Stephan Jaeger,1,1
22,Si Woo Kim,1,1
22,Chris Kirk,1,1
22,Jake Knapp,1,2
22,Hideki Matsuyama,1,2
22,Denny McCarthy,1,2
22,Matt McCarty,1,3
22,Maverick McNealy,1,1
22,Aaron Rai,1,2
22,Sepp Straka,1,1
22,Nick Taylor,1,3
22,Sahith Theegala,1,1
22,Justin Thomas,1,1
22,Jhonattan Vegas,1,1
22,Cameron Young,1,1
22,Will Zalatoris,1,1
