rank,player,%,Total 3 Putts,Total Holes
1,Ludvig Åberg,5.56%,1,18
1,Christiaan Bezuidenhout,5.56%,1,18
1,Akshay Bhatia,5.56%,1,18
1,Nico Echavarria,5.56%,1,18
1,Austin Eckroat,5.56%,1,18
1,Tony Finau,5.56%,1,18
1,Brice Garnett,5.56%,1,18
1,Chris Gotterup,5.56%,1,18
1,Harry Hall,5.56%,1,18
1,Brian Harman,5.56%,1,18
1,Russell Henley,5.56%,1,18
1,Max Homa,5.56%,1,18
1,Chris Kirk,5.56%,1,18
1,Jake Knapp,5.56%,1,18
1,Hideki Matsuyama,5.56%,1,18
1,J.T. Poston,5.56%,1,18
1,Aaron Rai,5.56%,1,18
1,Adam Scott,5.56%,1,18
1,Nick Taylor,5.56%,1,18
1,Justin Thomas,5.56%,1,18
1,Jhonattan Vegas,5.56%,1,18
22,Adam Hadwin,11.11%,2,18
22,Xander Schauffele,11.11%,2,18
