rank,player,%,Total 3 Putts,Attempts,2 Putt or Better %
1,Ludvig Åberg,0.00%,0,21,100.00
1,Byeong Hun An,0.00%,0,10,100.00
1,Christiaan Bezuidenhout,0.00%,0,10,100.00
1,Akshay Bhatia,0.00%,0,18,100.00
1,Keegan Bradley,0.00%,0,13,100.00
1,Sam Burns,0.00%,0,21,100.00
1,Rafael Campos,0.00%,0,9,100.00
1,Patrick Cantlay,0.00%,0,14,100.00
1,Wyndham Clark,0.00%,0,16,100.00
1,Eric Cole,0.00%,0,18,100.00
1,Corey Conners,0.00%,0,7,100.00
1,Cam Davis,0.00%,0,22,100.00
1,Jason Day,0.00%,0,13,100.00
1,Thomas Detry,0.00%,0,16,100.00
1,Nick Dunlap,0.00%,0,8,100.00
1,Austin Eckroat,0.00%,0,16,100.00
1,Tony Finau,0.00%,0,11,100.00
1,Matt Fitzpatrick,0.00%,0,17,100.00
1,Brice Garnett,0.00%,0,10,100.00
1,Chris Gotterup,0.00%,0,12,100.00
1,Max Greyserman,0.00%,0,13,100.00
1,Adam Hadwin,0.00%,0,18,100.00
1,Harry Hall,0.00%,0,21,100.00
1,Brian Harman,0.00%,0,18,100.00
1,Russell Henley,0.00%,0,16,100.00
1,Tom Hoge,0.00%,0,13,100.00
1,Max Homa,0.00%,0,14,100.00
1,Billy Horschel,0.00%,0,17,100.00
1,Viktor Hovland,0.00%,0,17,100.00
1,Sungjae Im,0.00%,0,16,100.00
1,Stephan Jaeger,0.00%,0,16,100.00
1,Si Woo Kim,0.00%,0,17,100.00
1,Chris Kirk,0.00%,0,12,100.00
1,Patton Kizzire,0.00%,0,12,100.00
1,Robert MacIntyre,0.00%,0,11,100.00
1,Peter Malnati,0.00%,0,11,100.00
1,Hideki Matsuyama,0.00%,0,11,100.00
1,Denny McCarthy,0.00%,0,13,100.00
1,Maverick McNealy,0.00%,0,21,100.00
1,Collin Morikawa,0.00%,0,13,100.00
1,Matthieu Pavon,0.00%,0,14,100.00
1,Taylor Pendrith,0.00%,0,13,100.00
1,J.T. Poston,0.00%,0,15,100.00
1,Aaron Rai,0.00%,0,15,100.00
1,Xander Schauffele,0.00%,0,14,100.00
1,Adam Scott,0.00%,0,18,100.00
1,Sepp Straka,0.00%,0,19,100.00
1,Nick Taylor,0.00%,0,14,100.00
1,Sahith Theegala,0.00%,0,13,100.00
1,Justin Thomas,0.00%,0,12,100.00
1,Davis Thompson,0.00%,0,13,100.00
1,Jhonattan Vegas,0.00%,0,16,100.00
1,Cameron Young,0.00%,0,13,100.00
1,Kevin Yu,0.00%,0,19,100.00
1,Will Zalatoris,0.00%,0,20,100.00
56,Nico Echavarria,7.14%,1,14,92.86
56,Matt McCarty,7.14%,1,14,92.86
58,Jake Knapp,7.69%,1,13,92.31
