rank,player,%,Total 3 Putts,Total Holes
1,Christiaan Bezuidenhout,5.56%,1,18
1,Patrick Cantlay,5.56%,1,18
1,Eric Cole,5.56%,1,18
1,Jason Day,5.56%,1,18
1,Thomas Detry,5.56%,1,18
1,Austin Eckroat,5.56%,1,18
1,Matt Fitzpatrick,5.56%,1,18
1,Brice Garnett,5.56%,1,18
1,Chris Gotterup,5.56%,1,18
1,Adam Hadwin,5.56%,1,18
1,Harry Hall,5.56%,1,18
1,Max Homa,5.56%,1,18
1,Si Woo Kim,5.56%,1,18
1,Jake Knapp,5.56%,1,18
1,Denny McCarthy,5.56%,1,18
1,Matt McCarty,5.56%,1,18
1,Maverick McNealy,5.56%,1,18
1,Nick Taylor,5.56%,1,18
1,Davis Thompson,5.56%,1,18
1,Cameron Young,5.56%,1,18
1,Kevin Yu,5.56%,1,18
22,Nick Dunlap,11.11%,2,18
22,Collin Morikawa,11.11%,2,18
24,Brian Harman,16.67%,3,18
