rank,player,%,Total 3 Putts,Total Holes
1,Akshay Bhatia,5.56%,1,18
1,Cam Davis,5.56%,1,18
1,Nico Echavarria,5.56%,1,18
1,Matt Fitzpatrick,5.56%,1,18
1,Brice Garnett,5.56%,1,18
1,Chris Gotterup,5.56%,1,18
1,Max Greyserman,5.56%,1,18
1,Brian Harman,5.56%,1,18
1,Russell Henley,5.56%,1,18
1,Tom Hoge,5.56%,1,18
1,Robert MacIntyre,5.56%,1,18
1,Hideki Matsuyama,5.56%,1,18
1,Matt McCarty,5.56%,1,18
1,Aaron Rai,5.56%,1,18
1,Sepp Straka,5.56%,1,18
1,Nick Taylor,5.56%,1,18
1,Sahith Theegala,5.56%,1,18
1,Will Zalatoris,5.56%,1,18
19,Sam Burns,11.11%,2,18
19,Nick Dunlap,11.11%,2,18
19,Davis Thompson,11.11%,2,18
22,Kevin Yu,16.67%,3,18
