rank,player,%,Total 3 Putts,Attempts,2 Putt or Better %
1,Ludvig Åberg,.00%,0,6,100.00
1,Byeong Hun An,.00%,0,10,100.00
1,Christiaan Bezuidenhout,.00%,0,6,100.00
1,Akshay Bhatia,.00%,0,4,100.00
1,Keegan Bradley,.00%,0,10,100.00
1,Sam Burns,.00%,0,8,100.00
1,Rafael Campos,.00%,0,9,100.00
1,Wyndham Clark,.00%,0,6,100.00
1,Eric Cole,.00%,0,6,100.00
1,Corey Conners,.00%,0,13,100.00
1,Cam Davis,.00%,0,4,100.00
1,Jason Day,.00%,0,7,100.00
1,Thomas Detry,.00%,0,6,100.00
1,Nick Dunlap,.00%,0,12,100.00
1,Nico Echavarria,.00%,0,9,100.00
1,Austin Eckroat,.00%,0,11,100.00
1,Tony Finau,.00%,0,14,100.00
1,Matt Fitzpatrick,.00%,0,14,100.00
1,Chris Gotterup,.00%,0,11,100.00
1,Max Greyserman,.00%,0,5,100.00
1,Adam Hadwin,.00%,0,5,100.00
1,Harry Hall,.00%,0,9,100.00
1,Russell Henley,.00%,0,5,100.00
1,Tom Hoge,.00%,0,9,100.00
1,Max Homa,.00%,0,11,100.00
1,Billy Horschel,.00%,0,4,100.00
1,Viktor Hovland,.00%,0,6,100.00
1,Sungjae Im,.00%,0,6,100.00
1,Stephan Jaeger,.00%,0,8,100.00
1,Si Woo Kim,.00%,0,10,100.00
1,Chris Kirk,.00%,0,7,100.00
1,Patton Kizzire,.00%,0,9,100.00
1,Jake Knapp,.00%,0,5,100.00
1,Robert MacIntyre,.00%,0,8,100.00
1,Peter Malnati,.00%,0,3,100.00
1,Hideki Matsuyama,.00%,0,7,100.00
1,Denny McCarthy,.00%,0,13,100.00
1,Matt McCarty,.00%,0,4,100.00
1,Maverick McNealy,.00%,0,2,100.00
1,Collin Morikawa,.00%,0,11,100.00
1,Matthieu Pavon,.00%,0,7,100.00
1,Taylor Pendrith,.00%,0,4,100.00
1,J.T. Poston,.00%,0,6,100.00
1,Aaron Rai,.00%,0,7,100.00
1,Xander Schauffele,.00%,0,5,100.00
1,Adam Scott,.00%,0,5,100.00
1,Sepp Straka,.00%,0,4,100.00
1,Sahith Theegala,.00%,0,10,100.00
1,Justin Thomas,.00%,0,6,100.00
1,Jhonattan Vegas,.00%,0,7,100.00
1,Cameron Young,.00%,0,5,100.00
1,Kevin Yu,.00%,0,7,100.00
1,Will Zalatoris,.00%,0,5,100.00
54,Patrick Cantlay,9.09%,1,11,90.91
54,Brian Harman,9.09%,1,11,90.91
56,Nick Taylor,10.00%,1,10,90.00
57,Brice Garnett,11.11%,1,9,88.89
58,Davis Thompson,12.50%,1,8,87.50
