rank,player,%,Attempts,Putts made
1,Kevin Kisner,50.00,4,2
2,Patton Kizzire,33.33,6,2
3,Rickie Fowler,28.57,7,2
4,Ryan Armour,25.00,4,1
4,Wesley Bryan,25.00,4,1
4,Jon Rahm,25.00,4,1
7,Jonas Blixt,20.00,5,1
8,Daniel Berger,16.67,6,1
8,Austin Cook,16.67,6,1
8,Jason Dufner,16.67,6,1
11,Pat Perez,14.29,7,1
12,Patrick Cantlay,12.50,8,1
12,Bryson DeChambeau,12.50,8,1
14,Jordan Spieth,10.00,10,1
15,Kevin Chappell,.00,3,-
15,Adam Hadwin,.00,8,-
15,Brian Harman,.00,5,-
15,Russell Henley,.00,7,-
15,Billy Horschel,.00,1,-
15,Dustin Johnson,.00,5,-
15,Si Woo Kim,.00,1,-
15,Brooks Koepka,.00,6,-
15,Marc Leishman,.00,2,-
15,Hideki Matsuyama,.00,7,-
15,Grayson Murray,.00,5,-
15,D.A. Points,.00,6,-
15,Xander Schauffele,.00,5,-
15,Cameron Smith,.00,5,-
15,Kyle Stanley,.00,5,-
15,Brendan Steele,.00,5,-
15,Chris Stroud,.00,4,-
15,Hudson Swafford,.00,10,-
15,Justin Thomas,.00,6,-
15,Jhonattan Vegas,.00,5,-
