rank,player,% Made,Attempts,Putts Made
1,Chris Stroud,5.00,2,1
2,Jason Dufner,3.33,6,2
2,Hideki Matsuyama,3.33,3,1
4,Ryan Armour,2.00,5,1
5,Daniel Berger,1.67,6,1
5,Cameron Smith,1.67,6,1
7,Adam Hadwin,1.43,7,1
7,Xander Schauffele,1.43,7,1
9,Jonas Blixt,.00,2,-
9,Wesley Bryan,.00,2,-
9,Patrick Cantlay,.00,3,-
9,Kevin Chappell,.00,2,-
9,Austin Cook,.00,6,-
9,Bryson DeChambeau,.00,5,-
9,Rickie Fowler,.00,2,-
9,Brian Harman,.00,4,-
9,Russell Henley,.00,4,-
9,Billy Horschel,.00,2,-
9,Dustin Johnson,.00,3,-
9,Si Woo Kim,.00,3,-
9,Kevin Kisner,.00,4,-
9,Patton Kizzire,.00,1,-
9,Brooks Koepka,.00,4,-
9,Marc Leishman,.00,1,-
9,Grayson Murray,.00,6,-
9,Pat Perez,.00,4,-
9,D.A. Points,.00,5,-
9,Jon Rahm,.00,1,-
9,Jordan Spieth,.00,3,-
9,Kyle Stanley,.00,4,-
9,Brendan Steele,.00,7,-
9,Hudson Swafford,.00,2,-
9,Justin Thomas,.00,3,-
9,Jhonattan Vegas,.00,3,-
