rank,player,%,Attempts,Putts made
1,Chris Stroud,77.78,9,7
2,Jason Dufner,55.56,9,5
3,Pat Perez,54.55,11,6
4,Wesley Bryan,50.00,6,3
4,Jhonattan Vegas,50.00,8,4
6,Si Woo Kim,40.00,10,4
7,Brian Harman,37.50,8,3
7,Grayson Murray,37.50,8,3
9,Hideki Matsuyama,36.36,11,4
10,Bryson DeChambeau,33.33,6,2
10,Rickie Fowler,33.33,6,2
10,Billy Horschel,33.33,6,2
10,Justin Thomas,33.33,9,3
14,Kevin Kisner,28.57,7,2
15,Adam Hadwin,25.00,8,2
15,Russell Henley,25.00,12,3
15,Marc Leishman,25.00,8,2
18,Jonas Blixt,22.22,9,2
18,Patrick Cantlay,22.22,9,2
20,Jon Rahm,20.00,5,1
20,Kyle Stanley,20.00,5,1
22,Cameron Smith,18.18,11,2
23,Daniel Berger,16.67,6,1
23,Austin Cook,16.67,6,1
25,Jordan Spieth,14.29,7,1
26,Brooks Koepka,12.50,8,1
27,Ryan Armour,11.11,9,1
27,Dustin Johnson,11.11,9,1
27,D.A. Points,11.11,9,1
30,Hudson Swafford,10.00,10,1
31,Kevin Chappell,.00,6,-
31,Patton Kizzire,.00,4,-
31,Xander Schauffele,.00,4,-
31,Brendan Steele,.00,5,-
