rank,player,%,Attempts,Putts made
1,Chris Stroud,13.33,15,2
2,Hideki Matsuyama,12.50,16,2
2,Pat Perez,12.50,16,2
4,Adam Hadwin,11.76,17,2
5,Jonas Blixt,9.09,11,1
6,Bryson DeChambeau,8.33,24,2
7,Jason Dufner,8.00,25,2
8,Ryan Armour,6.67,15,1
9,Xander Schauffele,6.25,16,1
10,Russell Henley,5.56,18,1
10,Justin Thomas,5.56,18,1
12,Grayson Murray,5.26,19,1
12,D.A. Points,5.26,19,1
12,Cameron Smith,5.26,19,1
15,Daniel Berger,4.76,21,1
16,Brian Harman,4.55,22,1
17,Wesley Bryan,.00,16,-
17,Patrick Cantlay,.00,17,-
17,Kevin Chappell,.00,18,-
17,Austin Cook,.00,19,-
17,Rickie Fowler,.00,20,-
17,Billy Horschel,.00,27,-
17,Dustin Johnson,.00,17,-
17,Si Woo Kim,.00,16,-
17,Kevin Kisner,.00,23,-
17,Patton Kizzire,.00,27,-
17,Brooks Koepka,.00,13,-
17,Marc Leishman,.00,17,-
17,Jon Rahm,.00,21,-
17,Jordan Spieth,.00,15,-
17,Kyle Stanley,.00,24,-
17,Brendan Steele,.00,23,-
17,Hudson Swafford,.00,16,-
17,Jhonattan Vegas,.00,19,-
