rank,player,%,Attempts,Putts made
1,Rickie Fowler,40.00,5,2
1,Xander Schauffele,40.00,5,2
3,Cameron Smith,37.50,8,3
4,Wesley Bryan,33.33,6,2
4,Dustin Johnson,33.33,3,1
6,Patrick Cantlay,28.57,7,2
6,Chris Stroud,28.57,7,2
8,Jason Dufner,25.00,4,1
8,Marc Leishman,25.00,12,3
8,Jordan Spieth,25.00,12,3
11,Austin Cook,23.08,13,3
12,Billy Horschel,20.00,5,1
12,Jon Rahm,20.00,5,1
12,Brendan Steele,20.00,5,1
15,Pat Perez,18.18,11,2
16,Patton Kizzire,16.67,6,1
17,Brian Harman,14.29,7,1
17,Kyle Stanley,14.29,7,1
19,Si Woo Kim,12.50,8,1
20,Ryan Armour,.00,10,-
20,Daniel Berger,.00,6,-
20,Jonas Blixt,.00,6,-
20,Kevin Chappell,.00,5,-
20,Bryson DeChambeau,.00,2,-
20,Adam Hadwin,.00,8,-
20,Russell Henley,.00,2,-
20,Kevin Kisner,.00,5,-
20,Brooks Koepka,.00,4,-
20,Hideki Matsuyama,.00,3,-
20,Grayson Murray,.00,2,-
20,D.A. Points,.00,5,-
20,Hudson Swafford,.00,6,-
20,Justin Thomas,.00,5,-
20,Jhonattan Vegas,.00,7,-
