rank,player,% Made,Attempts,Putts Made
1,Pat Perez,2.22,9,2
2,Adam Hadwin,1.67,6,1
3,D.A. Points,1.00,10,1
3,Justin Thomas,1.00,10,1
5,Russell Henley,.91,11,1
5,Chris Stroud,.91,11,1
7,Brian Harman,.83,12,1
7,Hideki Matsuyama,.83,12,1
9,Bryson DeChambeau,.63,16,1
10,Ryan Armour,.00,9,-
10,Daniel Berger,.00,6,-
10,Jonas Blixt,.00,6,-
10,Wesley Bryan,.00,12,-
10,Patrick Cantlay,.00,12,-
10,Kevin Chappell,.00,8,-
10,Austin Cook,.00,9,-
10,Jason Dufner,.00,13,-
10,Rickie Fowler,.00,14,-
10,Billy Horschel,.00,15,-
10,Dustin Johnson,.00,9,-
10,Si Woo Kim,.00,9,-
10,Kevin Kisner,.00,13,-
10,Patton Kizzire,.00,23,-
10,Brooks Koepka,.00,8,-
10,Marc Leishman,.00,13,-
10,Grayson Murray,.00,10,-
10,Jon Rahm,.00,16,-
10,Xander Schauffele,.00,8,-
10,Cameron Smith,.00,10,-
10,Jordan Spieth,.00,8,-
10,Kyle Stanley,.00,16,-
10,Brendan Steele,.00,15,-
10,Hudson Swafford,.00,12,-
10,Jhonattan Vegas,.00,13,-
