rank,player,Avg,Total Distance (feet),# of Attempts,Relative to par
1,Zach Johnson,"3' 10""",3.833,1,-1
2,Brian Harman,"4' 5""",8.833,2,-1
3,Brian Gay,"4' 10""",9.583,2,-2
4,Robert Streb,"6' 8""",6.667,1,E
5,Steven Bowditch,"6' 10""",6.833,1,-1
6,S.Y. Noh,"7' 6""",15.000,2,-1
7,Jeff Overton,"8' 3""",8.250,1,E
8,K.J. Choi,"10' 2""",10.167,1,-1
9,John Rollins,"11' 1""",22.083,2,E
10,D.A. Points,"11' 4""",11.333,1,+1
11,Tommy Gainey,"11' 6""",11.500,1,E
12,William McGirt,"11' 9""",11.750,1,-1
12,Tim Wilkinson,"11' 9""",11.750,1,E
14,Derek Tolan,"13' 4""",26.667,2,E
15,Chris Stroud,"13' 6""",26.917,2,-1
16,Robert Allenby,"14' 10""",14.833,1,-1
17,Will Wilcox,"15' 6""",15.500,1,E
18,Charlie Wi,"16' 8""",16.667,1,+1
19,John Peterson,"18' 1""",18.083,1,E
20,Matt Kuchar,"18' 2""",54.417,3,E
21,Charlie Beljan,"18' 3""",36.500,2,-1
22,Stewart Cink,"18' 4""",18.333,1,E
23,Brian Stuard,"18' 11""",18.917,1,E
24,Paul Goydos,"19' 0""",37.917,2,E
25,Ryan Palmer,"19' 1""",19.083,1,+1
26,John Senden,"19' 9""",19.750,1,E
27,John Daly,"20' 9""",41.500,2,-1
28,Jason Dufner,"21' 10""",65.500,3,+1
29,Hyung-Sung Kim,"22' 9""",22.750,1,E
30,Ryuji Imada,"23' 0""",23.000,1,E
31,Justin Hicks,"27' 9""",55.500,2,+1
32,Tim Herron,"27' 10""",55.583,2,E
33,Greg Chalmers,"29' 3""",87.833,3,+2
34,Kevin Na,"34' 8""",69.333,2,E
35,Daniel Summerhays,"36' 0""",72.000,2,E
36,David Hearn,"37' 8""",37.667,1,+1
37,Charles Howell III,"39' 2""",117.500,3,-1
38,Brice Garnett,"41' 11""",83.833,2,+1
39,Chris Kirk,"46' 2""",92.250,2,E
40,Brendon de Jonge,"48' 4""",96.583,2,E
41,Heath Slocum,"78' 10""",78.833,1,E
42,Russell Henley,"81' 6""",81.500,1,+2
43,Jason Kokrak,"88' 0""",88.000,1,E
