rank,player,Avg,Total Distance (feet),# of Attempts,Relative to par
1,Retief Goosen,"2' 5""",2.417,1,-1
2,Kevin Na,"6' 3""",12.500,2,E
3,Chris Kirk,"6' 8""",13.250,2,E
4,Scott Brown,"8' 3""",8.250,1,E
5,Michael Putnam,"9' 9""",9.750,1,-1
6,Paul Goydos,"12' 10""",12.833,1,E
7,Y.E. Yang,"14' 0""",14.000,1,E
8,Sangmoon Bae,"14' 1""",14.083,1,-1
9,Harris English,"14' 11""",29.750,2,E
10,Ryan Palmer,"15' 8""",47.083,3,-1
11,Charlie Beljan,"17' 1""",17.083,1,E
12,K.J. Choi,"20' 8""",41.333,2,E
13,Stewart Cink,"21' 8""",21.667,1,E
14,Derek Tolan,"22' 4""",22.333,1,E
15,Tommy Gainey,"24' 8""",73.917,3,-1
16,William McGirt,"25' 1""",50.083,2,+1
17,Brian Harman,"25' 2""",50.250,2,+1
18,Ben Martin,"26' 6""",26.500,1,E
19,Ryuji Imada,"27' 7""",27.583,1,E
20,John Daly,"28' 3""",28.250,1,+1
21,Charles Howell III,"30' 4""",91.000,3,+1
22,Billy Hurley III,"31' 0""",31.000,1,E
23,Matt Every,"31' 1""",62.167,2,E
24,Hyung-Sung Kim,"31' 6""",31.500,1,E
25,Ricky Barnes,"35' 4""",176.500,5,E
26,Jason Dufner,"37' 7""",75.167,2,E
27,Daniel Summerhays,"37' 8""",37.667,1,E
28,Adam Scott,"38' 4""",38.333,1,+1
29,Greg Chalmers,"39' 2""",117.500,3,+1
30,Brice Garnett,"41' 4""",41.333,1,+2
31,S.Y. Noh,"43' 5""",43.417,1,E
32,Will Wilcox,"45' 3""",135.667,3,E
33,Spencer Levin,"45' 5""",136.333,3,+4
34,Brendon de Jonge,"46' 9""",46.750,1,E
35,Jeff Overton,"50' 4""",100.667,2,+1
36,Tim Herron,"52' 5""",52.417,1,+1
37,Tim Wilkinson,"52' 10""",105.583,2,E
38,Heath Slocum,"54' 9""",54.750,1,E
39,Jason Kokrak,"57' 10""",57.833,1,+1
40,Chad Collins,"59' 0""",118.000,2,+1
41,Morgan Hoffmann,"61' 2""",61.167,1,E
42,Brian Gay,"63' 3""",63.250,1,E
43,Stuart Appleby,"72' 6""",72.500,1,+1
44,Hideto Tanihara,"75' 2""",75.167,1,E
