rank,player,Avg,Total Distance (feet),# of Attempts,Relative to par
1,Stuart Appleby,"5' 8""",5.667,1,-1
2,Y.E. Yang,"6' 2""",12.250,2,E
3,Kevin Na,"6' 4""",6.333,1,-1
4,Charlie Wi,"7' 2""",14.250,2,-1
5,Tommy Gainey,"7' 8""",15.250,2,-1
6,Retief Goosen,"8' 10""",8.833,1,-1
7,Brian Gay,"11' 4""",11.333,1,E
8,Peter Malnati,"13' 1""",13.083,1,+1
8,Michael Putnam,"13' 1""",13.083,1,E
10,Paul Goydos,"14' 9""",14.750,1,E
11,Brian Stuard,"15' 0""",15.000,1,E
12,Ryan Palmer,"17' 2""",17.167,1,+1
13,Steven Bowditch,"19' 0""",38.000,2,+1
14,Ryuji Imada,"19' 5""",38.833,2,E
15,Brice Garnett,"19' 7""",19.583,1,+1
16,D.A. Points,"22' 4""",44.667,2,-1
17,William McGirt,"22' 8""",22.667,1,E
18,John Senden,"24' 3""",24.250,1,-1
19,John Daly,"24' 6""",48.917,2,+1
20,David Hearn,"25' 9""",51.500,2,E
21,Jason Dufner,"25' 10""",25.833,1,E
22,Pat Perez,"29' 1""",29.083,1,E
23,Robert Allenby,"32' 6""",65.000,2,E
24,Stewart Cink,"33' 5""",33.417,1,E
25,Morgan Hoffmann,"33' 7""",67.083,2,E
26,Adam Scott,"35' 5""",35.417,1,E
27,James Hahn,"37' 0""",37.000,1,+2
28,Will Wilcox,"37' 3""",37.250,1,E
29,Derek Tolan,"38' 11""",77.833,2,E
30,Justin Leonard,"40' 5""",40.417,1,E
31,Daniel Summerhays,"40' 10""",40.833,1,+2
32,Scott Brown,"40' 11""",40.917,1,E
33,Brendon de Jonge,"43' 11""",43.917,1,E
34,S.Y. Noh,"44' 7""",44.583,1,+1
35,Ben Martin,"45' 4""",90.667,2,E
36,Chris Kirk,"46' 11""",46.917,1,E
37,John Rollins,"48' 4""",48.333,1,E
38,Tim Wilkinson,"52' 11""",105.750,2,E
39,Brendon Todd,"64' 0""",128.000,2,+1
40,Hideto Tanihara,"65' 7""",65.583,1,+1
41,Greg Chalmers,"68' 8""",206.083,3,+3
42,Robert Streb,"111' 2""",111.167,1,E
