rank,player,Avg,Total Distance (feet),# of Attempts,Relative to par
1,Jimmy Walker,"18' 11""",18.917,1,-1
2,Charlie Wi,"23' 9""",23.750,1,-1
3,Steven Bowditch,"24' 4""",24.333,1,-1
4,Will Wilcox,"31' 1""",31.083,1,-1
5,Derek Tolan,"35' 8""",35.667,1,-1
6,Jeff Overton,"37' 3""",74.417,2,E
7,James Hahn,"52' 0""",52.000,1,-1
8,Pat Perez,"54' 9""",54.750,1,-1
9,Brian Gay,"62' 11""",125.750,2,-2
10,Brendon Todd,"64' 1""",64.083,1,-1
11,Y.E. Yang,"68' 5""",68.417,1,-1
12,Spencer Levin,"70' 11""",70.917,1,-1
13,Billy Hurley III,"76' 4""",76.333,1,-1
14,Paul Goydos,"93' 4""",93.333,1,-1
15,Heath Slocum,"95' 9""",95.750,1,+1
16,Robert Streb,"99' 1""",99.083,1,E
17,David Hearn,"104' 0""",207.917,2,-1
18,Ben Martin,"104' 7""",104.583,1,E
19,Matt Every,"112' 8""",225.333,2,E
20,Hudson Swafford,"120' 9""",120.750,1,-1
21,Peter Malnati,"134' 9""",134.750,1,-1
22,Sangmoon Bae,"140' 6""",140.500,1,E
23,Hideto Tanihara,"142' 9""",142.750,1,-1
