rank,player,Hole outs
1,Shaun Micheel,4
2,Davis Love III,3
3,Aaron Baddeley,2
3,Jonathan Byrd,2
3,Brad Lardon,2
3,Rod Pampling,2
3,Vijay Singh,2
3,Heath Slocum,2
9,Michael Allen,1
9,Stephen Ames,1
9,Paul Azinger,1
9,Cameron Beckman,1
9,Jeff Brehaut,1
9,Olin Browne,1
9,Luke Donald,1
9,Ernie Els,1
9,Todd Fischer,1
9,Harrison Frazar,1
9,Brian Gay,1
9,Mark Hensby,1
9,Tim Herron,1
9,David Ishii,1
9,Jerry Kelly,1
9,Tom Lehman,1
9,Frank Lickliter II,1
9,Kevin Na,1
9,Brenden Pappas,1
9,Corey Pavin,1
9,John Senden,1
9,Omar Uresti,1
9,Tjaart van der Walt,1
9,Duffy Waldorf,1
