rank,player,Distance,Tournament,Round- Course,Hole
1,Heath Slocum,126,Sony Open,4,12 - Par 4
2,Chris Couch,80,Sony Open,2,18 - Par 5
3,Shaun Micheel,55,Sony Open,2,10 - Par 4
4,John Senden,36,Sony Open,2,2 - Par 4 -
6,Brad Lardon,33,Sony Open,2,4 - Par 3 -
7,Tom Lehman,30,Sony Open,1,18 - Par 5
8,Jeff Brehaut,21,Sony Open,2,4 - Par 3 -
9,Rod Pampling,20,Sony Open,2,11 - Par 3
10,Scott Hend,18,Sony Open,2,14 - Par 4
12,Brian Gay,18,Sony Open,2,17 - Par 3
13,Roger Tambellini,18,Sony Open,1,4 - Par 3 -
14,Davis Love III,16,Sony Open,3,9 - Par 5 -
16,Tjaart van der Walt,16,Sony Open,2,9 - Par 5 -
17,Craig Stadler,15,Sony Open,2,2 - Par 4 -
19,Frank Lickliter II,14,Sony Open,2,16 - Par 4
20,Aaron Baddeley,14,Sony Open,1,4 - Par 3 -
21,Tim Herron,13,Sony Open,4,6 - Par 4 -
23,Olin Browne,12,Sony Open,2,9 - Par 5 -
24,Mark Hensby,12,Sony Open,4,16 - Par 4
25,Cameron Beckman,12,Sony Open,4,5 - Par 4 -
29,Yusaku Miyazato,11,Sony Open,2,3 - Par 4 -
30,Jonathan Byrd,11,Sony Open,1,5 - Par 4 -
31,Stephen Ames,11,Sony Open,1,17 - Par 3
32,Kevin Muncrief,10,Sony Open,1,2 - Par 4 -
33,Michael Allen,10,Sony Open,3,15 - Par 4
34,Harrison Frazar,10,Sony Open,4,12 - Par 4
35,Brenden Pappas,9,Sony Open,1,6 - Par 4 -
36,Ernie Els,9,Sony Open,4,13 - Par 4
38,Omar Uresti,9,Sony Open,3,15 - Par 4
39,Jerry Kelly,9,Sony Open,3,15 - Par 4
40,Vijay Singh,8,Sony Open,3,6 - Par 4 -
43,Kevin Na,8,Sony Open,4,12 - Par 4
44,Luke Donald,8,Sony Open,1,9 - Par 5 -
45,David Ishii,7,Sony Open,4,10 - Par 4
46,Rory Sabbatini,7,Sony Open,1,4 - Par 3 -
47,Brian Kortan,7,Sony Open,1,10 - Par 4
48,Duffy Waldorf,7,Sony Open,4,12 - Par 4
49,Paul Azinger,6,Sony Open,1,15 - Par 4
50,Corey Pavin,6,Sony Open,1,9 - Par 5 -
53,Todd Fischer,6,Sony Open,3,14 - Par 4
54,Skip Kendall,6,Sony Open,2,13 - Par 4
