rank,player,%,Greens Hit,# Holes,Relative/Par
1,Joe Durant,81.94,59,72,-0.24
2,Stephen Ames,76.39,55,72,-0.33
2,Luke Donald,76.39,55,72,-0.29
2,John Senden,76.39,55,72,-0.16
5,Michael Allen,73.61,53,72,-0.25
5,Danny Briggs,73.61,53,72,-0.19
5,Ernie Els,73.61,53,72,-0.36
5,Jerry Kelly,73.61,53,72,-0.30
9,Aaron Baddeley,72.22,52,72,-0.29
9,Pat Bates,72.22,52,72,-0.25
9,Craig Bowden,72.22,52,72,-0.27
9,Jason Dufner,72.22,52,72,-0.25
9,Fred Funk,72.22,52,72,-0.31
9,Charles Howell III,72.22,52,72,-0.23
9,Kenichi Kuboya,72.22,52,72,-0.19
9,Brad Lardon,72.22,52,72,-0.17
9,John Maginnes,72.22,52,72,-0.27
9,John Riegger,72.22,52,72,-0.35
19,Briny Baird,70.83,51,72,-0.43
19,Bart Bryant,70.83,51,72,-0.29
19,Russ Cochran,70.83,51,72,-0.25
19,Tim Herron,70.83,51,72,-0.33
19,John Huston,70.83,51,72,-0.29
19,Frank Lickliter II,70.83,51,72,-0.39
19,Ted Purdy,70.83,51,72,-0.20
19,Andre Stolz,70.83,51,72,-0.31
27,Craig Barlow,69.44,50,72,-0.34
27,Carlos Franco,69.44,50,72,-0.30
27,Brent Geiberger,69.44,50,72,-0.36
27,Tom Lehman,69.44,50,72,-0.28
27,Davis Love III,69.44,50,72,-0.34
27,Shigeki Maruyama,69.44,50,72,-0.24
27,Kevin Na,69.44,50,72,-0.28
27,Vijay Singh,69.44,50,72,-0.42
35,Tommy Armour III,68.06,49,72,-0.27
35,Olin Browne,68.06,49,72,-0.35
35,Ben Crane,68.06,49,72,-0.29
35,Robert Gamez,68.06,49,72,-0.45
35,Peter Jacobsen,68.06,49,72,-0.18
35,Shaun Micheel,68.06,49,72,-0.29
35,Pat Perez,68.06,49,72,-0.33
35,Duffy Waldorf,68.06,49,72,-0.31
43,Jeff Brehaut,66.67,48,72,-0.13
43,D.J. Brigman,66.67,48,72,-0.35
43,Retief Goosen,66.67,48,72,-0.29
43,Mark Hensby,66.67,48,72,-0.31
43,Rod Pampling,66.67,48,72,-0.17
43,Brenden Pappas,66.67,48,72,-0.33
43,Omar Uresti,66.67,48,72,-0.33
50,Arjun Atwal,65.28,47,72,-0.28
50,Woody Austin,65.28,47,72,-0.17
50,Harrison Frazar,65.28,47,72,-0.45
50,Jonathan Kaye,65.28,47,72,-0.34
50,Corey Pavin,65.28,47,72,-0.28
50,Heath Slocum,65.28,47,72,-0.19
50,Tjaart van der Walt,65.28,47,72,-0.26
50,Bo Van Pelt,65.28,47,72,-0.34
58,Steve Allan,63.89,46,72,-0.35
58,Jonathan Byrd,63.89,46,72,-0.26
58,Lucas Glover,63.89,46,72,-0.39
58,David Ishii,63.89,46,72,-0.22
58,Jesper Parnevik,63.89,46,72,-0.35
58,Chris Riley,63.89,46,72,-0.37
64,Brian Gay,62.50,45,72,-0.27
64,Joe Ogilvie,62.50,45,72,-0.22
64,Hideto Tanihara,62.50,45,72,-0.31
67,Jason Bohn,61.11,44,72,-0.30
67,Richard Johnson,61.11,44,72,-0.30
67,Bobby Kalinowski,61.11,44,72,-0.25
67,Ryan Palmer,61.11,44,72,-0.23
71,Bob Burns,59.72,43,72,-0.28
71,Todd Fischer,59.72,43,72,-0.35
73,Paul Azinger,58.33,42,72,-0.40
73,Ken Duke,58.33,42,72,-0.31
75,Hidemichi Tanaka,56.94,41,72,-0.27
76,Cameron Beckman,55.56,40,72,-0.43
76,Loren Roberts,55.56,40,72,-0.30
78,Tom Carter,54.17,39,72,-0.31
78,Scott Simpson,54.17,39,72,-0.38
