rank,player,Value,Total Drv Rank,GIR Rank
1,John Senden,8,6,2
2,Joe Durant,9,8,1
3,Stephen Ames,10,8,2
4,Andre Stolz,25,6,19
5,Briny Baird,31,12,19
6,Craig Barlow,32,5,27
7,Craig Bowden,33,24,9
7,Jerry Kelly,33,28,5
9,John Riegger,34,25,9
10,Russ Cochran,35,16,19
11,Frank Lickliter II,36,17,19
12,Ernie Els,38,33,5
12,Brad Lardon,38,29,9
14,Olin Browne,39,4,35
15,Tim Herron,41,22,19
16,Pat Bates,42,33,9
17,Tommy Armour III,43,8,35
18,Luke Donald,44,42,2
19,Jeff Brehaut,45,2,43
20,Fred Funk,48,39,9
21,Aaron Baddeley,49,40,9
22,Harrison Frazar,51,1,50
22,John Maginnes,51,42,9
24,Davis Love III,52,25,27
25,Bart Bryant,54,35,19
25,Rod Pampling,54,11,43
25,Pat Perez,54,19,35
28,Mark Hensby,57,14,43
28,Kenichi Kuboya,57,48,9
30,Robert Gamez,58,23,35
30,Vijay Singh,58,31,27
32,Danny Briggs,59,54,5
32,Charles Howell III,59,50,9
34,D.J. Brigman,60,17,43
35,Carlos Franco,65,38,27
36,Ryan Palmer,70,3,67
37,Bo Van Pelt,71,21,50
38,Retief Goosen,72,29,43
38,Peter Jacobsen,72,37,35
40,Michael Allen,73,68,5
41,John Huston,74,55,19
41,Kevin Na,74,47,27
41,Ted Purdy,74,55,19
44,Heath Slocum,75,25,50
45,Joe Ogilvie,77,13,64
46,Jason Bohn,81,14,67
46,Jason Dufner,81,72,9
48,Duffy Waldorf,83,48,35
49,Tom Lehman,84,57,27
50,Shigeki Maruyama,85,58,27
51,Brent Geiberger,86,59,27
52,Jesper Parnevik,89,31,58
53,Jonathan Kaye,92,42,50
54,Cameron Beckman,95,19,76
55,Ben Crane,99,64,35
55,Brian Gay,99,35,64
57,Jonathan Byrd,100,42,58
58,Woody Austin,102,52,50
59,Brenden Pappas,106,63,43
59,Hideto Tanihara,106,42,64
61,Richard Johnson,108,41,67
62,Steve Allan,109,51,58
63,David Ishii,110,52,58
63,Shaun Micheel,110,75,35
65,Corey Pavin,111,61,50
66,Omar Uresti,112,69,43
67,Arjun Atwal,117,67,50
68,Lucas Glover,122,64,58
69,Tjaart van der Walt,127,77,50
70,Bobby Kalinowski,136,69,67
71,Todd Fischer,137,66,71
71,Chris Riley,137,79,58
71,Loren Roberts,137,61,76
71,Scott Simpson,137,59,78
75,Bob Burns,144,73,71
76,Hidemichi Tanaka,146,71,75
77,Paul Azinger,147,74,73
78,Ken Duke,151,78,73
79,Tom Carter,154,76,78
