rank,player,% Made,Attempts,Putts Made
1,Andrew Landry,3.33,3,1
2,Gary Woodland,2.86,7,2
3,Cameron Champ,2.50,8,2
3,Marc Leishman,2.50,8,2
3,Scott Piercy,2.50,4,1
6,Charles Howell III,2.00,5,1
6,Bubba Watson,2.00,5,1
8,Jason Day,1.11,9,1
9,Keegan Bradley,.00,6,-
9,Paul Casey,.00,9,-
9,Bryson DeChambeau,.00,6,-
9,Brice Garnett,.00,4,-
9,Billy Horschel,.00,7,-
9,Dustin Johnson,.00,5,-
9,Michael Kim,.00,1,-
9,Patton Kizzire,.00,1,-
9,Satoshi Kodaira,.00,6,-
9,Brooks Koepka,.00,5,-
9,Matt Kuchar,.00,4,-
9,Rory McIlroy,.00,6,-
9,Troy Merritt,.00,2,-
9,Francesco Molinari,.00,1,-
9,"Ted Potter, Jr.",.00,4,-
9,Ian Poulter,.00,4,-
9,Andrew Putnam,.00,1,-
9,Jon Rahm,.00,3,-
9,Patrick Reed,.00,2,-
9,Xander Schauffele,.00,2,-
9,Webb Simpson,.00,3,-
9,Brandt Snedeker,.00,8,-
9,Justin Thomas,.00,6,-
9,Kevin Tway,.00,4,-
9,Aaron Wise,.00,5,-
