rank,player,%,Attempts,Putts made
1,Patton Kizzire,33.33,9,3
2,Patrick Reed,28.57,7,2
3,Andrew Putnam,20.00,5,1
3,Webb Simpson,20.00,5,1
5,Troy Merritt,14.29,7,1
5,Ian Poulter,14.29,7,1
7,Jason Day,12.50,8,1
7,Bryson DeChambeau,12.50,8,1
7,Marc Leishman,12.50,8,1
7,Gary Woodland,12.50,8,1
11,Kevin Tway,11.11,9,1
12,Keegan Bradley,.00,3,-
12,Paul Casey,.00,6,-
12,Cameron Champ,.00,2,-
12,Brice Garnett,.00,2,-
12,Billy Horschel,.00,5,-
12,Charles Howell III,.00,5,-
12,Dustin Johnson,.00,2,-
12,Michael Kim,.00,2,-
12,Satoshi Kodaira,.00,7,-
12,Brooks Koepka,.00,4,-
12,Matt Kuchar,.00,5,-
12,Andrew Landry,.00,7,-
12,Rory McIlroy,.00,9,-
12,Francesco Molinari,.00,9,-
12,Scott Piercy,.00,2,-
12,"Ted Potter, Jr.",.00,6,-
12,Jon Rahm,.00,3,-
12,Xander Schauffele,.00,3,-
12,Brandt Snedeker,.00,2,-
12,Justin Thomas,.00,3,-
12,Bubba Watson,.00,8,-
12,Aaron Wise,.00,5,-
