rank,player,%,Attempts,Putts made
1,Cameron Champ,16.13,31,5
2,Gary Woodland,13.04,23,3
3,Jason Day,11.11,18,2
4,Scott Piercy,10.53,19,2
5,Brice Garnett,10.00,20,2
6,Marc Leishman,8.00,25,2
7,Andrew Landry,7.14,14,1
8,Satoshi Kodaira,6.67,15,1
8,Jon Rahm,6.67,15,1
10,Dustin Johnson,6.25,16,1
11,Bryson DeChambeau,5.56,18,1
11,Matt Kuchar,5.56,18,1
11,Bubba Watson,5.56,18,1
14,Keegan Bradley,4.76,21,1
14,Charles Howell III,4.76,21,1
16,Xander Schauffele,4.35,23,1
17,Paul Casey,.00,18,-
17,Billy Horschel,.00,22,-
17,Michael Kim,.00,11,-
17,Patton Kizzire,.00,19,-
17,Brooks Koepka,.00,17,-
17,Rory McIlroy,.00,22,-
17,Troy Merritt,.00,16,-
17,Francesco Molinari,.00,12,-
17,"Ted Potter, Jr.",.00,17,-
17,Ian Poulter,.00,20,-
17,Andrew Putnam,.00,16,-
17,Patrick Reed,.00,19,-
17,Webb Simpson,.00,13,-
17,Brandt Snedeker,.00,21,-
17,Justin Thomas,.00,17,-
17,Kevin Tway,.00,15,-
17,Aaron Wise,.00,19,-
