rank,player,% Made,Attempts,Putts Made
1,Brice Garnett,2.50,4,1
1,Xander Schauffele,2.50,4,1
3,Cameron Champ,2.00,5,1
4,Keegan Bradley,.00,4,-
4,Paul Casey,.00,3,-
4,Jason Day,.00,2,-
4,Bryson DeChambeau,.00,5,-
4,Billy Horschel,.00,3,-
4,Charles Howell III,.00,6,-
4,Dustin Johnson,.00,3,-
4,Michael Kim,.00,3,-
4,Patton Kizzire,.00,4,-
4,Satoshi Kodaira,.00,3,-
4,Brooks Koepka,.00,2,-
4,Matt Kuchar,.00,3,-
4,Andrew Landry,.00,4,-
4,Marc Leishman,.00,6,-
4,Rory McIlroy,.00,2,-
4,Troy Merritt,.00,3,-
4,Francesco Molinari,.00,4,-
4,Scott Piercy,.00,5,-
4,"Ted Potter, Jr.",.00,5,-
4,Ian Poulter,.00,4,-
4,Andrew Putnam,.00,3,-
4,Jon Rahm,.00,4,-
4,Patrick Reed,.00,6,-
4,Webb Simpson,.00,1,-
4,Brandt Snedeker,.00,4,-
4,Justin Thomas,.00,4,-
4,Kevin Tway,.00,3,-
4,Bubba Watson,.00,2,-
4,Aaron Wise,.00,2,-
4,Gary Woodland,.00,2,-
