rank,player,%,Attempts,Putts made
1,Michael Kim,75.00,4,3
2,Francesco Molinari,55.56,9,5
3,Gary Woodland,50.00,6,3
4,Bryson DeChambeau,45.45,11,5
5,Paul Casey,37.50,8,3
5,Jason Day,37.50,8,3
7,Patton Kizzire,36.36,11,4
8,Scott Piercy,33.33,9,3
8,Andrew Putnam,33.33,6,2
8,Xander Schauffele,33.33,9,3
11,Webb Simpson,28.57,14,4
12,Satoshi Kodaira,27.27,11,3
12,Rory McIlroy,27.27,11,3
12,Patrick Reed,27.27,11,3
12,Aaron Wise,27.27,11,3
16,Brice Garnett,25.00,12,3
16,Dustin Johnson,25.00,8,2
16,Troy Merritt,25.00,8,2
16,Justin Thomas,25.00,16,4
16,Bubba Watson,25.00,8,2
21,"Ted Potter, Jr.",23.08,13,3
22,Andrew Landry,20.00,10,2
23,Brooks Koepka,18.18,11,2
24,Matt Kuchar,16.67,12,2
24,Kevin Tway,16.67,6,1
26,Cameron Champ,14.29,7,1
26,Charles Howell III,14.29,7,1
28,Brandt Snedeker,12.50,8,1
29,Ian Poulter,8.33,12,1
30,Keegan Bradley,.00,5,-
30,Billy Horschel,.00,5,-
30,Marc Leishman,.00,2,-
30,Jon Rahm,.00,11,-
