rank,player,%,Attempts,Putts made
1,Aaron Wise,60.00,5,3
2,Brooks Koepka,33.33,3,1
2,Andrew Landry,33.33,9,3
2,Andrew Putnam,33.33,6,2
5,Cameron Champ,28.57,7,2
5,Brandt Snedeker,28.57,7,2
7,Francesco Molinari,25.00,4,1
8,Marc Leishman,20.00,5,1
9,Jason Day,16.67,6,1
9,Brice Garnett,16.67,6,1
9,Charles Howell III,16.67,6,1
9,Patton Kizzire,16.67,6,1
9,Ian Poulter,16.67,6,1
14,Gary Woodland,14.29,7,1
15,Keegan Bradley,12.50,8,1
15,Dustin Johnson,12.50,8,1
17,Billy Horschel,10.00,10,1
18,Bubba Watson,9.09,11,1
19,Paul Casey,.00,4,-
19,Bryson DeChambeau,.00,4,-
19,Michael Kim,.00,5,-
19,Satoshi Kodaira,.00,5,-
19,Matt Kuchar,.00,5,-
19,Rory McIlroy,.00,8,-
19,Troy Merritt,.00,6,-
19,Scott Piercy,.00,9,-
19,"Ted Potter, Jr.",.00,3,-
19,Jon Rahm,.00,13,-
19,Patrick Reed,.00,3,-
19,Xander Schauffele,.00,4,-
19,Webb Simpson,.00,8,-
19,Justin Thomas,.00,7,-
19,Kevin Tway,.00,8,-
