rank,player,% Made,Attempts,Putts Made
1,Satoshi Kodaira,1.67,6,1
2,Jason Day,1.43,7,1
2,Bryson DeChambeau,1.43,7,1
4,Dustin Johnson,1.25,8,1
4,Jon Rahm,1.25,8,1
6,Cameron Champ,1.11,18,2
7,Scott Piercy,1.00,10,1
8,Keegan Bradley,.91,11,1
8,Matt Kuchar,.91,11,1
10,Brice Garnett,.83,12,1
11,Gary Woodland,.71,14,1
12,Paul Casey,.00,6,-
12,Billy Horschel,.00,12,-
12,Charles Howell III,.00,10,-
12,Michael Kim,.00,7,-
12,Patton Kizzire,.00,14,-
12,Brooks Koepka,.00,10,-
12,Andrew Landry,.00,7,-
12,Marc Leishman,.00,11,-
12,Rory McIlroy,.00,14,-
12,Troy Merritt,.00,11,-
12,Francesco Molinari,.00,7,-
12,"Ted Potter, Jr.",.00,8,-
12,Ian Poulter,.00,12,-
12,Andrew Putnam,.00,12,-
12,Patrick Reed,.00,11,-
12,Xander Schauffele,.00,17,-
12,Webb Simpson,.00,9,-
12,Brandt Snedeker,.00,9,-
12,Justin Thomas,.00,7,-
12,Kevin Tway,.00,8,-
12,Bubba Watson,.00,11,-
12,Aaron Wise,.00,12,-
