rank,player,Avg,Total Distance (feet),# of Attempts,Relative to par
1,Jhonattan Vegas,"12' 10""",77.083,6,-2
2,Sepp Straka,"18' 4""",110.000,6,-2
3,Tom Hoge,"20' 5""",142.917,7,-3
4,Patrick Cantlay,"21' 8""",108.250,5,E
5,Keegan Bradley,"21' 9""",130.667,6,-1
6,Billy Horschel,"22' 9""",182.083,8,-2
7,Max Homa,"22' 11""",114.750,5,-1
7,Chris Kirk,"22' 11""",160.250,7,-4
9,Denny McCarthy,"23' 1""",207.833,9,-3
10,Patton Kizzire,"23' 2""",115.667,5,-1
11,Hideki Matsuyama,"24' 8""",172.750,7,-6
12,Max Greyserman,"25' 5""",152.417,6,-4
13,Austin Eckroat,"25' 8""",231.000,9,-6
14,Justin Thomas,"26' 3""",236.250,9,-3
15,Wyndham Clark,"26' 5""",211.417,8,-5
16,Maverick McNealy,"26' 6""",185.500,7,-2
17,Byeong Hun An,"26' 10""",134.083,5,-2
18,Collin Morikawa,"27' 3""",245.417,9,-7
19,Xander Schauffele,"27' 6""",192.250,7,-2
20,Rafael Campos,"27' 7""",165.333,6,-3
21,Davis Thompson,"27' 10""",194.667,7,-2
22,Brian Harman,"28' 0""",168.000,6,+1
23,Aaron Rai,"28' 10""",201.917,7,-2
24,Akshay Bhatia,"29' 1""",232.333,8,+2
25,Stephan Jaeger,"29' 2""",233.417,8,-2
26,Corey Conners,"29' 9""",178.333,6,E
26,Viktor Hovland,"29' 9""",178.583,6,-1
28,Ludvig Åberg,"29' 10""",238.417,8,-3
29,Matt McCarty,"29' 11""",209.583,7,-1
30,Harry Hall,"30' 1""",300.667,10,-5
31,Nick Taylor,"30' 3""",302.500,10,-4
32,Cam Davis,"30' 8""",276.333,9,-5
33,Adam Scott,"30' 9""",245.833,8,-5
34,Nico Echavarria,"32' 8""",196.167,6,-1
35,Tony Finau,"33' 5""",167.250,5,-3
36,Nick Dunlap,"33' 6""",133.917,4,-1
37,Taylor Pendrith,"34' 4""",274.333,8,-2
38,Sahith Theegala,"34' 5""",206.333,6,E
39,Will Zalatoris,"34' 6""",241.750,7,-2
40,Si Woo Kim,"35' 1""",280.583,8,-2
41,Jake Knapp,"35' 2""",211.000,6,-4
42,Brice Garnett,"35' 3""",281.750,8,-1
43,Robert MacIntyre,"36' 4""",254.167,7,-2
44,Matt Fitzpatrick,"36' 8""",330.000,9,-4
45,Matthieu Pavon,"37' 0""",259.083,7,-1
46,Sungjae Im,"37' 2""",371.750,10,-6
47,Christiaan Bezuidenhout,"37' 8""",188.417,5,E
47,Jason Day,"37' 8""",225.833,6,-2
49,Adam Hadwin,"38' 10""",349.417,9,-3
50,J.T. Poston,"39' 5""",236.500,6,E
51,Thomas Detry,"39' 7""",237.333,6,-2
52,Eric Cole,"42' 0""",462.083,11,-3
53,Russell Henley,"42' 5""",297.167,7,+2
54,Chris Gotterup,"43' 2""",215.750,5,+1
55,Peter Malnati,"44' 10""",358.750,8,E
56,Kevin Yu,"45' 9""",228.667,5,E
57,Sam Burns,"52' 6""",314.833,6,-1
58,Cameron Young,"54' 2""",433.500,8,-1
