rank,player,Avg,Total Distance (feet),# of Attempts,Relative to par
1,Tom Hoge,"20' 6""",20.500,1,-1
2,Matthieu Pavon,"33' 0""",99.000,3,-4
3,Matt Fitzpatrick,"33' 11""",33.917,1,-1
4,Max Homa,"36' 5""",72.750,2,-2
5,Cam Davis,"39' 8""",119.000,3,-3
6,Byeong Hun An,"42' 10""",42.833,1,-1
7,Austin Eckroat,"44' 2""",44.167,1,-1
8,Sahith Theegala,"45' 9""",91.417,2,-1
9,Corey Conners,"49' 4""",98.583,2,-2
10,Maverick McNealy,"51' 0""",153.000,3,-2
11,Hideki Matsuyama,"54' 2""",108.250,2,-1
12,Xander Schauffele,"57' 11""",231.583,4,-4
13,Adam Hadwin,"59' 1""",118.083,2,-2
14,Wyndham Clark,"63' 2""",63.167,1,-1
15,Keegan Bradley,"63' 10""",127.583,2,-3
16,Adam Scott,"65' 1""",130.083,2,-1
17,Thomas Detry,"66' 5""",132.833,2,-2
18,Harry Hall,"73' 2""",146.250,2,-1
19,Patrick Cantlay,"80' 7""",80.583,1,-1
20,Jason Day,"82' 0""",327.833,4,-3
21,Jhonattan Vegas,"86' 2""",172.333,2,-2
22,Rafael Campos,"87' 3""",87.250,1,-1
23,Brian Harman,"89' 7""",89.583,1,E
24,Justin Thomas,"90' 3""",180.500,2,-2
25,Akshay Bhatia,"93' 9""",281.333,3,-4
26,Denny McCarthy,"95' 10""",95.833,1,-1
27,Davis Thompson,"107' 1""",214.083,2,-2
28,Jake Knapp,"107' 6""",107.500,1,E
29,Will Zalatoris,"109' 8""",329.000,3,-2
30,Si Woo Kim,"114' 5""",228.750,2,-1
31,J.T. Poston,"116' 11""",467.667,4,-3
32,Taylor Pendrith,"117' 10""",235.583,2,E
33,Sam Burns,"119' 2""",238.250,2,E
34,Sungjae Im,"119' 11""",359.667,3,-1
35,Billy Horschel,"121' 1""",121.083,1,-1
36,Christiaan Bezuidenhout,"122' 6""",244.917,2,-1
37,Robert MacIntyre,"123' 4""",493.417,4,-2
38,Nick Dunlap,"131' 8""",395.000,3,-1
39,Kevin Yu,"133' 10""",267.667,2,-1
40,Tony Finau,"135' 3""",405.833,3,-1
40,Matt McCarty,"135' 3""",270.500,2,-1
42,Peter Malnati,"137' 9""",275.417,2,-2
43,Aaron Rai,"142' 2""",284.250,2,-1
44,Max Greyserman,"145' 10""",291.667,2,-2
45,Viktor Hovland,"146' 5""",292.833,2,E
46,Patton Kizzire,"147' 10""",147.833,1,-1
47,Ludvig Åberg,"148' 8""",297.333,2,-1
48,Stephan Jaeger,"151' 0""",301.917,2,-2
49,Nico Echavarria,"154' 6""",154.500,1,E
50,Brice Garnett,"157' 6""",157.500,1,-1
51,Nick Taylor,"159' 9""",319.500,2,E
52,Chris Kirk,"161' 11""",323.750,2,-1
53,Cameron Young,"168' 3""",168.250,1,E
