rank,player,Avg,Total Distance (feet),# of Attempts,Relative to par
1,Chris Kirk,"4' 7""",32.250,7,-4
2,Byeong Hun An,"5' 8""",22.750,4,-2
3,Harry Hall,"6' 3""",43.583,7,-5
4,Taylor Pendrith,"7' 2""",35.667,5,-2
5,Cam Davis,"7' 5""",44.583,6,-4
6,Sam Burns,"8' 2""",40.667,5,-4
7,Maverick McNealy,"8' 6""",17.000,2,E
8,Billy Horschel,"8' 8""",60.583,7,-3
9,Max Greyserman,"9' 2""",18.333,2,-1
9,Stephan Jaeger,"9' 2""",73.250,8,-5
11,Brian Harman,"9' 5""",56.417,6,-2
12,Adam Scott,"9' 10""",68.667,7,-4
13,Russell Henley,"10' 2""",81.333,8,-4
14,Nick Taylor,"10' 3""",30.750,3,-2
15,Thomas Detry,"10' 6""",52.583,5,-2
16,Eric Cole,"10' 7""",63.583,6,-2
16,Davis Thompson,"10' 7""",63.417,6,-3
18,Sepp Straka,"10' 11""",65.583,6,-3
19,Christiaan Bezuidenhout,"11' 0""",43.917,4,-3
20,Keegan Bradley,"11' 3""",79.000,7,-3
21,Matt Fitzpatrick,"11' 5""",45.750,4,-2
22,Adam Hadwin,"12' 0""",60.083,5,-3
23,Peter Malnati,"12' 4""",49.250,4,-1
24,Kevin Yu,"12' 5""",87.083,7,-4
25,Austin Eckroat,"12' 8""",38.083,3,-1
26,Hideki Matsuyama,"12' 9""",63.667,5,-2
27,Cameron Young,"13' 1""",26.083,2,-1
28,Sungjae Im,"13' 11""",55.750,4,-2
29,Corey Conners,"14' 0""",70.167,5,-1
30,Ludvig Åberg,"14' 4""",86.167,6,-2
30,Will Zalatoris,"14' 4""",100.417,7,-1
32,J.T. Poston,"14' 5""",129.500,9,-3
33,Sahith Theegala,"15' 0""",89.833,6,-3
34,Robert MacIntyre,"15' 2""",106.417,7,-4
35,Patton Kizzire,"16' 1""",112.750,7,-3
36,Akshay Bhatia,"16' 4""",81.750,5,-2
37,Denny McCarthy,"16' 11""",101.250,6,E
38,Si Woo Kim,"17' 3""",86.333,5,-1
39,Tom Hoge,"17' 4""",121.417,7,-1
40,Jason Day,"17' 5""",104.417,6,-3
41,Brice Garnett,"17' 7""",88.083,5,-1
42,Nico Echavarria,"17' 9""",88.667,5,E
43,Chris Gotterup,"18' 2""",108.917,6,-2
44,Rafael Campos,"18' 3""",36.500,2,E
45,Justin Thomas,"18' 7""",55.667,3,-1
46,Tony Finau,"18' 8""",112.000,6,-2
46,Matthieu Pavon,"18' 8""",93.167,5,E
48,Matt McCarty,"19' 2""",76.750,4,-1
49,Aaron Rai,"19' 7""",97.917,5,-1
50,Viktor Hovland,"19' 8""",98.417,5,-1
50,Jhonattan Vegas,"19' 8""",98.250,5,-1
52,Collin Morikawa,"19' 10""",59.583,3,-1
53,Wyndham Clark,"20' 0""",159.917,8,-1
54,Max Homa,"20' 3""",60.750,3,E
55,Nick Dunlap,"26' 10""",134.083,5,+1
56,Patrick Cantlay,"29' 5""",176.417,6,-1
57,Xander Schauffele,"31' 1""",217.417,7,E
