rank,player,Avg,Total Distance (feet),# of Attempts,Relative to par
1,Si Woo Kim,"6' 10""",6.833,1,-1
2,Christiaan Bezuidenhout,"7' 1""",14.167,2,-1
3,Ludvig Åberg,"7' 10""",15.667,2,-2
4,Patrick Cantlay,"7' 11""",23.833,3,-3
5,J.T. Poston,"8' 1""",16.083,2,-1
6,Sahith Theegala,"8' 3""",33.000,4,-2
7,Sepp Straka,"8' 5""",25.167,3,-1
7,Davis Thompson,"8' 5""",33.583,4,-4
9,Viktor Hovland,"10' 3""",30.667,3,-1
10,Harry Hall,"10' 7""",53.000,5,-3
10,Robert MacIntyre,"10' 7""",10.583,1,-1
12,Rafael Campos,"11' 4""",90.583,8,-6
13,Russell Henley,"11' 7""",80.917,7,-2
14,Chris Kirk,"11' 9""",23.417,2,-2
15,Stephan Jaeger,"11' 11""",47.500,4,-3
16,Jhonattan Vegas,"12' 8""",50.583,4,-3
17,Collin Morikawa,"13' 1""",91.333,7,-5
18,Tom Hoge,"13' 2""",39.583,3,E
19,Patton Kizzire,"13' 4""",53.167,4,E
20,Byeong Hun An,"13' 11""",69.583,5,-3
21,Tony Finau,"14' 0""",97.750,7,-3
22,Nick Dunlap,"14' 5""",86.417,6,-3
22,Maverick McNealy,"14' 5""",72.167,5,E
24,Akshay Bhatia,"14' 11""",74.750,5,-1
25,Will Zalatoris,"15' 0""",45.083,3,E
26,Kevin Yu,"15' 6""",31.000,2,E
27,Thomas Detry,"15' 9""",94.417,6,-2
27,Aaron Rai,"15' 9""",94.250,6,-2
29,Hideki Matsuyama,"15' 10""",126.667,8,-6
30,Matthieu Pavon,"15' 11""",63.750,4,-2
31,Matt Fitzpatrick,"16' 1""",64.417,4,-2
32,Eric Cole,"16' 5""",82.000,5,-1
33,Denny McCarthy,"16' 6""",131.833,8,-1
34,Peter Malnati,"16' 9""",83.917,5,-2
35,Taylor Pendrith,"17' 2""",51.417,3,-2
36,Xander Schauffele,"18' 4""",91.833,5,-1
37,Brian Harman,"18' 10""",37.583,2,+1
38,Chris Gotterup,"18' 11""",113.667,6,-2
39,Austin Eckroat,"19' 0""",57.083,3,-1
40,Adam Hadwin,"19' 1""",57.250,3,-1
41,Sam Burns,"19' 2""",95.917,5,-2
42,Brice Garnett,"19' 6""",58.417,3,E
43,Justin Thomas,"19' 8""",39.333,2,-1
44,Jason Day,"20' 7""",61.667,3,E
45,Cam Davis,"20' 9""",145.500,7,-4
46,Corey Conners,"21' 2""",84.500,4,-2
47,Cameron Young,"21' 3""",85.000,4,E
48,Max Homa,"21' 4""",106.833,5,-2
49,Matt McCarty,"21' 10""",109.167,5,-3
50,Max Greyserman,"24' 10""",149.000,6,-1
51,Keegan Bradley,"25' 3""",50.417,2,-1
52,Billy Horschel,"27' 1""",54.167,2,E
53,Nick Taylor,"27' 11""",83.833,3,-1
54,Adam Scott,"28' 10""",115.417,4,-2
55,Nico Echavarria,"28' 11""",86.833,3,E
56,Jake Knapp,"30' 4""",60.583,2,E
57,Wyndham Clark,"30' 11""",123.583,4,+1
58,Sungjae Im,"37' 3""",186.167,5,-2
