rank,player,Avg,Total Distance (feet),# of Attempts,Relative to par
1,Hideki Matsuyama,"10' 1""",20.167,2,-2
2,Max Greyserman,"11' 2""",11.167,1,E
3,Nick Dunlap,"13' 9""",55.083,4,-2
4,Ludvig Åberg,"15' 8""",93.833,6,-1
5,Justin Thomas,"16' 1""",96.250,6,-3
6,Keegan Bradley,"16' 8""",116.583,7,-2
7,Cam Davis,"16' 10""",33.583,2,-1
8,Denny McCarthy,"19' 2""",57.500,3,E
9,Adam Scott,"19' 6""",38.917,2,E
10,Aaron Rai,"19' 10""",158.417,8,-1
11,Eric Cole,"20' 3""",121.250,6,E
12,Wyndham Clark,"20' 8""",82.750,4,E
13,Thomas Detry,"20' 11""",104.583,5,E
13,Viktor Hovland,"20' 11""",125.250,6,-1
15,Rafael Campos,"21' 0""",146.750,7,-1
16,Tom Hoge,"21' 3""",148.500,7,-2
17,Sam Burns,"21' 5""",107.167,5,-1
17,Stephan Jaeger,"21' 5""",42.750,2,E
19,Peter Malnati,"21' 8""",86.583,4,E
20,Christiaan Bezuidenhout,"22' 1""",110.417,5,E
21,Nico Echavarria,"22' 4""",111.750,5,-2
22,Harry Hall,"22' 8""",181.167,8,-4
22,Jhonattan Vegas,"22' 8""",113.250,5,-1
24,Sepp Straka,"22' 9""",159.000,7,-3
25,Xander Schauffele,"23' 9""",95.083,4,+1
26,Max Homa,"23' 10""",142.833,6,-1
27,Cameron Young,"24' 2""",96.583,4,-1
28,Robert MacIntyre,"24' 10""",248.667,10,-1
29,Kevin Yu,"25' 1""",200.417,8,-2
30,Austin Eckroat,"25' 8""",179.583,7,-3
30,Jake Knapp,"25' 8""",128.250,5,E
32,Matthieu Pavon,"26' 1""",182.667,7,E
33,Taylor Pendrith,"26' 3""",315.417,12,-4
34,Brice Garnett,"26' 7""",185.917,7,-1
35,Chris Gotterup,"26' 8""",133.417,5,+1
36,Patton Kizzire,"27' 0""",135.167,5,E
37,Sahith Theegala,"27' 8""",221.333,8,-1
38,Patrick Cantlay,"27' 10""",139.083,5,-1
39,Jason Day,"29' 6""",88.417,3,E
39,Si Woo Kim,"29' 6""",236.000,8,-1
41,Brian Harman,"29' 7""",118.333,4,-1
42,Chris Kirk,"29' 10""",89.500,3,-1
43,Russell Henley,"30' 3""",121.083,4,E
44,Matt Fitzpatrick,"30' 11""",185.667,6,-2
45,Collin Morikawa,"31' 2""",218.333,7,E
46,Matt McCarty,"31' 4""",219.167,7,+1
47,Tony Finau,"32' 1""",256.417,8,E
48,Akshay Bhatia,"32' 6""",64.917,2,-1
49,Sungjae Im,"32' 8""",97.917,3,-1
49,Davis Thompson,"32' 8""",163.250,5,+1
51,Adam Hadwin,"32' 9""",295.000,9,-2
52,Byeong Hun An,"34' 7""",103.833,3,E
53,Nick Taylor,"34' 10""",313.167,9,-2
54,Corey Conners,"34' 11""",174.583,5,E
55,Maverick McNealy,"35' 3""",105.750,3,E
56,Billy Horschel,"36' 4""",217.833,6,E
57,Will Zalatoris,"46' 11""",93.750,2,E
58,J.T. Poston,"54' 6""",272.500,5,+2
