rank,player,Avg,Total Distance (feet),# of Attempts,Relative to par
1,Tony Finau,"7' 1""",7.083,1,-2
2,Ludvig Åberg,"9' 0""",9.000,1,-2
3,Justin Thomas,"14' 1""",14.083,1,-1
4,Adam Scott,"22' 5""",67.250,3,-3
5,Robert MacIntyre,"23' 1""",69.333,3,-3
6,Sepp Straka,"33' 8""",67.250,2,-2
7,Patrick Cantlay,"42' 5""",127.167,3,-4
8,Viktor Hovland,"43' 7""",87.083,2,-2
9,Sungjae Im,"44' 5""",133.167,3,-2
10,Maverick McNealy,"47' 3""",94.500,2,-2
11,J.T. Poston,"52' 6""",209.833,4,-4
12,Jason Day,"54' 6""",109.000,2,E
13,Nick Dunlap,"54' 7""",163.667,3,-2
14,Jake Knapp,"55' 0""",275.083,5,-4
15,Collin Morikawa,"56' 2""",224.583,4,-3
16,Adam Hadwin,"57' 2""",114.333,2,-1
17,Davis Thompson,"57' 7""",115.167,2,-1
18,Sam Burns,"58' 4""",233.250,4,-4
19,Nico Echavarria,"59' 3""",296.333,5,-3
20,Max Greyserman,"60' 1""",180.167,3,-3
21,Brian Harman,"60' 9""",303.667,5,-3
22,Will Zalatoris,"67' 0""",134.000,2,-1
23,Cam Davis,"67' 8""",203.083,3,-2
24,Aaron Rai,"68' 3""",341.333,5,-5
25,Rafael Campos,"69' 11""",139.750,2,E
26,Chris Kirk,"70' 4""",140.583,2,-1
27,Russell Henley,"71' 2""",284.583,4,-1
28,Akshay Bhatia,"71' 6""",142.917,2,-1
29,Stephan Jaeger,"73' 0""",146.000,2,-2
30,Denny McCarthy,"73' 9""",221.167,3,-2
31,Brice Garnett,"74' 1""",148.083,2,+1
31,Hideki Matsuyama,"74' 1""",296.250,4,-2
33,Austin Eckroat,"74' 6""",446.833,6,-4
34,Nick Taylor,"74' 9""",373.667,5,-2
35,Wyndham Clark,"75' 8""",227.000,3,-3
36,Christiaan Bezuidenhout,"77' 9""",310.917,4,-2
37,Cameron Young,"78' 7""",314.417,4,-3
38,Sahith Theegala,"79' 0""",158.000,2,-2
39,Harry Hall,"80' 5""",402.250,5,-3
40,Patton Kizzire,"80' 11""",323.667,4,-1
41,Taylor Pendrith,"82' 10""",331.417,4,-3
42,Matt McCarty,"83' 10""",167.583,2,+2
43,Billy Horschel,"85' 0""",170.000,2,-1
44,Jhonattan Vegas,"85' 11""",171.833,2,-1
45,Si Woo Kim,"86' 7""",173.083,2,-2
46,Eric Cole,"87' 0""",261.000,3,E
47,Peter Malnati,"88' 4""",176.667,2,-2
48,Matt Fitzpatrick,"89' 0""",266.917,3,-2
49,Matthieu Pavon,"94' 2""",188.333,2,E
50,Keegan Bradley,"98' 2""",294.417,3,-2
51,Tom Hoge,"98' 11""",197.833,2,E
52,Max Homa,"102' 5""",307.250,3,-2
53,Kevin Yu,"105' 0""",105.000,1,-1
54,Chris Gotterup,"111' 9""",223.417,2,E
55,Byeong Hun An,"112' 9""",112.750,1,-1
56,Corey Conners,"119' 10""",359.500,3,-2
57,Thomas Detry,"123' 11""",123.917,1,-1
