rank,player,Avg,Total Distance (feet),# of Attempts,Relative to par
1,Harry Hall,"20' 10""",104.083,5,-1
2,Collin Morikawa,"22' 9""",159.500,7,-3
3,Nick Dunlap,"23' 6""",141.000,6,-1
4,Eric Cole,"23' 11""",143.667,6,+1
5,Cam Davis,"24' 4""",145.833,6,-1
6,Wyndham Clark,"25' 2""",126.000,5,E
7,Si Woo Kim,"25' 7""",179.083,7,-2
8,Ludvig Åberg,"28' 6""",142.583,5,-1
9,Brian Harman,"28' 8""",229.083,8,-1
10,Nico Echavarria,"29' 6""",235.917,8,-3
11,Xander Schauffele,"30' 4""",212.250,7,-1
12,Taylor Pendrith,"30' 10""",216.083,7,-5
13,Corey Conners,"31' 2""",343.083,11,-5
13,Austin Eckroat,"31' 2""",280.750,9,-2
15,Sungjae Im,"31' 6""",251.833,8,-4
16,Keegan Bradley,"31' 11""",287.167,9,-3
17,Patton Kizzire,"33' 0""",264.167,8,-6
18,Denny McCarthy,"33' 2""",232.417,7,-3
19,Matt Fitzpatrick,"33' 3""",199.333,6,E
20,Hideki Matsuyama,"33' 5""",334.000,10,-2
21,Tony Finau,"33' 11""",305.333,9,-2
22,Akshay Bhatia,"34' 8""",312.333,9,E
23,Stephan Jaeger,"34' 10""",174.250,5,+1
24,Robert MacIntyre,"35' 0""",280.083,8,-3
25,Sepp Straka,"36' 10""",405.250,11,-3
26,Patrick Cantlay,"36' 11""",295.417,8,-1
26,Peter Malnati,"36' 11""",258.167,7,-5
28,Brice Garnett,"37' 10""",378.000,10,-3
28,Matthieu Pavon,"37' 10""",264.583,7,+1
30,Christiaan Bezuidenhout,"38' 7""",385.667,10,-2
31,Thomas Detry,"40' 2""",240.917,6,-1
32,Russell Henley,"40' 7""",405.417,10,-2
32,Jake Knapp,"40' 7""",324.917,8,-1
34,Chris Kirk,"41' 4""",289.500,7,-1
35,Maverick McNealy,"41' 9""",292.333,7,-3
36,Tom Hoge,"41' 11""",419.250,10,-3
37,J.T. Poston,"42' 1""",462.500,11,-4
38,Nick Taylor,"42' 3""",253.417,6,+1
39,Kevin Yu,"42' 5""",296.833,7,E
40,Will Zalatoris,"42' 10""",428.583,10,-3
41,Byeong Hun An,"43' 1""",301.667,7,E
41,Cameron Young,"43' 1""",258.333,6,-2
43,Davis Thompson,"43' 10""",306.833,7,+1
44,Justin Thomas,"43' 11""",263.250,6,E
45,Sam Burns,"44' 8""",357.000,8,-1
46,Rafael Campos,"44' 10""",448.000,10,-1
47,Aaron Rai,"44' 11""",539.417,12,-2
47,Adam Scott,"44' 11""",269.250,6,+1
49,Viktor Hovland,"45' 4""",317.417,7,-1
50,Jhonattan Vegas,"46' 0""",414.167,9,-5
51,Billy Horschel,"46' 2""",369.500,8,E
52,Sahith Theegala,"47' 1""",564.667,12,-4
53,Max Homa,"47' 2""",565.667,12,-3
54,Max Greyserman,"47' 10""",382.333,8,-1
55,Chris Gotterup,"48' 7""",534.667,11,-3
56,Matt McCarty,"50' 4""",553.667,11,-1
57,Jason Day,"54' 7""",382.000,7,E
58,Adam Hadwin,"58' 7""",585.667,10,-2
