rank,player,Avg,Total Distance (feet),# of Attempts,Relative to par
1,Robert MacIntyre,"16' 3""",178.500,11,-1
2,Xander Schauffele,"17' 3""",103.417,6,-1
3,Tony Finau,"19' 11""",79.500,4,-1
4,Sungjae Im,"21' 8""",238.667,11,-1
5,Collin Morikawa,"22' 1""",265.083,12,-3
6,Jhonattan Vegas,"22' 2""",133.167,6,E
7,Chris Kirk,"22' 4""",223.500,10,-1
8,Corey Conners,"23' 1""",231.000,10,-2
9,Cameron Young,"23' 3""",209.417,9,-3
9,Kevin Yu,"23' 3""",185.917,8,-1
11,Maverick McNealy,"23' 4""",256.333,11,-4
12,Tom Hoge,"23' 6""",187.667,8,-4
13,Brian Harman,"24' 0""",239.917,10,+1
14,Nico Echavarria,"24' 4""",219.083,9,-2
15,Jason Day,"24' 7""",196.583,8,-1
16,Sam Burns,"24' 11""",249.333,10,-4
17,Brice Garnett,"25' 0""",250.167,10,-2
18,Patrick Cantlay,"25' 5""",177.667,7,-1
19,Sepp Straka,"26' 6""",344.833,13,-1
19,Will Zalatoris,"26' 6""",212.167,8,-2
21,Billy Horschel,"26' 8""",213.167,8,E
22,Taylor Pendrith,"27' 3""",190.583,7,+2
23,Matt McCarty,"27' 7""",220.583,8,E
24,Keegan Bradley,"28' 1""",280.917,10,E
25,Adam Hadwin,"28' 6""",227.750,8,E
26,Rafael Campos,"28' 8""",200.500,7,-1
27,Thomas Detry,"28' 9""",373.667,13,-4
28,Denny McCarthy,"29' 0""",232.167,8,+2
29,Max Homa,"29' 4""",263.750,9,-2
30,J.T. Poston,"29' 5""",323.917,11,-3
31,Adam Scott,"29' 11""",299.500,10,-1
32,Hideki Matsuyama,"30' 0""",330.000,11,-4
33,Nick Taylor,"30' 2""",211.417,7,+1
34,Sahith Theegala,"30' 3""",211.500,7,+1
35,Wyndham Clark,"30' 5""",273.667,9,-3
36,Viktor Hovland,"30' 7""",275.083,9,+3
37,Russell Henley,"30' 8""",275.833,9,-2
38,Peter Malnati,"31' 7""",252.583,8,-1
39,Patton Kizzire,"31' 8""",316.583,10,+1
40,Chris Gotterup,"31' 9""",222.250,7,-1
41,Matthieu Pavon,"31' 10""",222.750,7,E
42,Ludvig Åberg,"32' 9""",229.417,7,-2
43,Austin Eckroat,"32' 11""",362.167,11,E
44,Cam Davis,"33' 0""",230.750,7,-2
45,Akshay Bhatia,"33' 2""",232.333,7,E
46,Eric Cole,"33' 7""",235.000,7,+3
47,Byeong Hun An,"33' 10""",304.500,9,-1
48,Justin Thomas,"35' 0""",245.167,7,+1
49,Christiaan Bezuidenhout,"35' 2""",316.750,9,E
50,Nick Dunlap,"36' 0""",251.917,7,-2
51,Davis Thompson,"36' 11""",258.333,7,-1
52,Max Greyserman,"37' 1""",371.167,10,+1
53,Aaron Rai,"38' 9""",387.333,10,+1
54,Stephan Jaeger,"39' 5""",394.167,10,E
55,Jake Knapp,"41' 2""",329.333,8,E
56,Si Woo Kim,"41' 11""",293.417,7,+2
57,Matt Fitzpatrick,"43' 1""",431.000,10,+2
58,Harry Hall,"44' 4""",177.250,4,+1
