rank,player,Avg,Total Strokes,Total Rounds
1,Jonathan Byrd,31.00,31,1
2,Jim Furyk,32.00,32,1
2,Heath Slocum,32.00,32,1
4,Stuart Appleby,33.00,33,1
4,Ben Crane,33.00,33,1
4,Dustin Johnson,33.00,33,1
4,Ryan Palmer,33.00,33,1
4,Ian Poulter,33.00,33,1
9,Arjun Atwal,34.00,34,1
9,Anthony Kim,34.00,34,1
9,Matt Kuchar,34.00,34,1
9,Hunter Mahan,34.00,34,1
9,Graeme McDowell,34.00,34,1
9,Francesco Molinari,34.00,34,1
9,Carl Pettersson,34.00,34,1
9,Steve Stricker,34.00,34,1
17,Matt Bettencourt,35.00,35,1
17,Robert Garrigus,35.00,35,1
17,Bill Haas,35.00,35,1
17,Charley Hoffman,35.00,35,1
17,Derek Lamely,35.00,35,1
17,Bill Lunde,35.00,35,1
17,Bubba Watson,35.00,35,1
24,Jason Bohn,36.00,36,1
24,Ernie Els,36.00,36,1
24,Zach Johnson,36.00,36,1
24,Justin Rose,36.00,36,1
24,Adam Scott,36.00,36,1
29,Cameron Beckman,37.00,37,1
29,Tim Clark,37.00,37,1
29,Jason Day,37.00,37,1
32,Rocco Mediate,41.00,41,1
