rank,player,Avg,Total Strokes,Total Rounds
1,Graeme McDowell,30.00,30,1
2,Carl Pettersson,32.00,32,1
3,Jonathan Byrd,33.00,33,1
3,Jason Day,33.00,33,1
3,Jim Furyk,33.00,33,1
3,Hunter Mahan,33.00,33,1
7,Stuart Appleby,34.00,34,1
7,Arjun Atwal,34.00,34,1
7,Matt Bettencourt,34.00,34,1
7,Tim Clark,34.00,34,1
7,Robert Garrigus,34.00,34,1
7,Bill Haas,34.00,34,1
7,Dustin Johnson,34.00,34,1
7,Zach Johnson,34.00,34,1
7,Anthony Kim,34.00,34,1
7,Matt Kuchar,34.00,34,1
7,Bill Lunde,34.00,34,1
7,Ian Poulter,34.00,34,1
7,Justin Rose,34.00,34,1
7,Heath Slocum,34.00,34,1
21,Cameron Beckman,35.00,35,1
21,Jason Bohn,35.00,35,1
21,Derek Lamely,35.00,35,1
21,Rocco Mediate,35.00,35,1
21,Francesco Molinari,35.00,35,1
26,Ernie Els,36.00,36,1
26,Ryan Palmer,36.00,36,1
26,Adam Scott,36.00,36,1
29,Steve Stricker,37.00,37,1
30,Ben Crane,38.00,38,1
30,Charley Hoffman,38.00,38,1
30,Bubba Watson,38.00,38,1
