rank,player,Low Rnd
1,Graeme McDowell,30
2,Arjun Atwal,31
2,Jonathan Byrd,31
2,Matt Kuchar,31
5,Jason Day,32
5,Ernie Els,32
5,Jim Furyk,32
5,Robert Garrigus,32
5,Dustin Johnson,32
5,Carl Pettersson,32
5,Heath Slocum,32
12,Stuart Appleby,33
12,Cameron Beckman,33
12,Ben Crane,33
12,Charley Hoffman,33
12,Bill Lunde,33
12,Hunter Mahan,33
12,Ryan Palmer,33
12,Ian Poulter,33
12,Adam Scott,33
12,Steve Stricker,33
22,Matt Bettencourt,34
22,Jason Bohn,34
22,Tim Clark,34
22,Bill Haas,34
22,Zach Johnson,34
22,Anthony Kim,34
22,Rocco Mediate,34
22,Francesco Molinari,34
22,Justin Rose,34
31,Derek Lamely,35
31,Bubba Watson,35
