rank,player,Avg,Total Strokes,Total Rounds
1,Matt Kuchar,31.00,31,1
2,Charley Hoffman,33.00,33,1
2,Graeme McDowell,33.00,33,1
2,Adam Scott,33.00,33,1
5,Arjun Atwal,34.00,34,1
5,Cameron Beckman,34.00,34,1
5,Jonathan Byrd,34.00,34,1
5,Jason Day,34.00,34,1
5,Bill Haas,34.00,34,1
5,Zach Johnson,34.00,34,1
5,Ryan Palmer,34.00,34,1
5,Steve Stricker,34.00,34,1
13,Matt Bettencourt,35.00,35,1
13,Jason Bohn,35.00,35,1
13,Tim Clark,35.00,35,1
13,Bill Lunde,35.00,35,1
13,Carl Pettersson,35.00,35,1
13,Ian Poulter,35.00,35,1
13,Heath Slocum,35.00,35,1
20,Stuart Appleby,36.00,36,1
20,Ernie Els,36.00,36,1
20,Jim Furyk,36.00,36,1
20,Robert Garrigus,36.00,36,1
20,Hunter Mahan,36.00,36,1
20,Justin Rose,36.00,36,1
20,Bubba Watson,36.00,36,1
27,Ben Crane,37.00,37,1
28,Rocco Mediate,38.00,38,1
28,Francesco Molinari,38.00,38,1
30,Derek Lamely,39.00,39,1
31,Dustin Johnson,40.00,40,1
31,Anthony Kim,40.00,40,1
