rank,player,Avg,Total Strokes,Total Rounds
1,Arjun Atwal,31.00,31,1
2,Jason Day,32.00,32,1
2,Ernie Els,32.00,32,1
2,Robert Garrigus,32.00,32,1
2,Dustin Johnson,32.00,32,1
2,Graeme McDowell,32.00,32,1
7,Cameron Beckman,33.00,33,1
7,Ben Crane,33.00,33,1
7,Jim Furyk,33.00,33,1
7,Bill Lunde,33.00,33,1
7,Adam Scott,33.00,33,1
7,Steve Stricker,33.00,33,1
13,Jason Bohn,34.00,34,1
13,Jonathan Byrd,34.00,34,1
13,Tim Clark,34.00,34,1
13,Anthony Kim,34.00,34,1
13,Rocco Mediate,34.00,34,1
13,Carl Pettersson,34.00,34,1
13,Ian Poulter,34.00,34,1
20,Matt Bettencourt,35.00,35,1
20,Bill Haas,35.00,35,1
20,Derek Lamely,35.00,35,1
20,Francesco Molinari,35.00,35,1
20,Ryan Palmer,35.00,35,1
20,Justin Rose,35.00,35,1
26,Charley Hoffman,36.00,36,1
26,Hunter Mahan,36.00,36,1
28,Stuart Appleby,37.00,37,1
28,Matt Kuchar,37.00,37,1
28,Heath Slocum,37.00,37,1
28,Bubba Watson,37.00,37,1
32,Zach Johnson,39.00,39,1
