rank,player,Avg,Total Strokes,Total Holes
1,Graeme McDowell,32.25,129,4
2,Jonathan Byrd,33.00,132,4
3,Arjun Atwal,33.25,133,4
4,Jim Furyk,33.50,134,4
5,Carl Pettersson,33.75,135,4
6,Jason Day,34.00,136,4
6,Matt Kuchar,34.00,136,4
6,Ian Poulter,34.00,136,4
9,Robert Garrigus,34.25,137,4
9,Bill Lunde,34.25,137,4
11,Bill Haas,34.50,138,4
11,Ryan Palmer,34.50,138,4
11,Adam Scott,34.50,138,4
11,Heath Slocum,34.50,138,4
11,Steve Stricker,34.50,138,4
16,Cameron Beckman,34.75,139,4
16,Matt Bettencourt,34.75,139,4
16,Dustin Johnson,34.75,139,4
16,Hunter Mahan,34.75,139,4
20,Stuart Appleby,35.00,140,4
20,Jason Bohn,35.00,140,4
20,Tim Clark,35.00,140,4
20,Ernie Els,35.00,140,4
24,Ben Crane,35.25,141,4
24,Justin Rose,35.25,141,4
26,Charley Hoffman,35.50,142,4
26,Anthony Kim,35.50,142,4
26,Francesco Molinari,35.50,142,4
29,Zach Johnson,35.75,143,4
30,Derek Lamely,36.00,144,4
31,Bubba Watson,36.50,146,4
32,Rocco Mediate,37.00,148,4
