rank,player,%,Total Hit,Total Attempts,RTP Score
1,Jerry Kelly,81.94,59,72,-16.00
2,J.B. Holmes,79.17,57,72,-16.00
3,Mark Calcavecchia,77.78,56,72,-8.00
3,Chad Campbell,77.78,56,72,-13.00
3,K.J. Choi,77.78,56,72,-17.00
3,Scott Sterling,77.78,56,72,-10.00
3,Mark Wilson,77.78,56,72,-12.00
8,Dustin Johnson,76.39,55,72,-14.00
8,Rory Sabbatini,76.39,55,72,-21.00
8,Heath Slocum,76.39,55,72,-11.00
8,Steve Stricker,76.39,55,72,-14.00
12,Fred Funk,75.00,54,72,-12.00
12,Troy Matteson,75.00,54,72,-14.00
12,John Merrick,75.00,54,72,-11.00
12,Chez Reavie,75.00,54,72,-13.00
16,George McNeill,73.61,53,72,-16.00
16,Tom Pernice Jr.,73.61,53,72,-18.00
18,Zach Johnson,72.22,52,72,-11.00
18,Steve Marino,72.22,52,72,-15.00
18,Jesper Parnevik,72.22,52,72,-15.00
18,Pat Perez,72.22,52,72,-15.00
18,Bubba Watson,72.22,52,72,-10.00
18,Jay Williamson,72.22,52,72,-15.00
18,Y.E. Yang,72.22,52,72,-13.00
25,Stephen Ames,70.83,51,72,-13.00
25,Robert Gamez,70.83,51,72,-12.00
25,Carl Pettersson,70.83,51,72,-15.00
25,Vaughn Taylor,70.83,51,72,-11.00
29,Cameron Beckman,69.44,50,72,-15.00
29,Shane Bertsch,69.44,50,72,-16.00
29,Daniel Chopra,69.44,50,72,-14.00
29,James Driscoll,69.44,50,72,-15.00
29,Matt Jones,69.44,50,72,-11.00
29,Matt Kuchar,69.44,50,72,-10.00
29,Steve Lowery,69.44,50,72,-12.00
29,Daisuke Maruyama,69.44,50,72,-11.00
29,Sean O'Hair,69.44,50,72,-13.00
29,John Riegger,69.44,50,72,-6.00
39,Briny Baird,68.06,49,72,-9.00
39,Alejandro Cañizares,68.06,49,72,-14.00
39,Kiyoshi Miyazato,68.06,49,72,-9.00
42,Brad Adamonis,66.67,48,72,-12.00
42,J.P. Hayes,66.67,48,72,-12.00
42,Doug LaBelle II,66.67,48,72,-11.00
42,Tom Lehman,66.67,48,72,-11.00
42,WC Liang,66.67,48,72,-11.00
42,John Mallinger,66.67,48,72,-12.00
42,Shigeki Maruyama,66.67,48,72,-12.00
42,Kevin Na,66.67,48,72,-17.00
50,Jason Allred,65.28,47,72,-11.00
50,Martin Laird,65.28,47,72,-11.00
50,Vijay Singh,65.28,47,72,-13.00
50,Kevin Streelman,65.28,47,72,-7.00
54,Chad Collins,63.89,46,72,-12.00
54,Jeff Maggert,63.89,46,72,-9.00
54,Jim McGovern,63.89,46,72,-13.00
54,Parker McLachlin,63.89,46,72,-18.00
58,Bob Estes,62.50,45,72,-12.00
58,Brian Gay,62.50,45,72,-13.00
58,Dudley Hart,62.50,45,72,-13.00
58,Patrick Sheehan,62.50,45,72,-12.00
58,Tim Wilkinson,62.50,45,72,-15.00
63,Paul Azinger,61.11,44,72,-18.00
63,Jim Furyk,61.11,44,72,-14.00
63,Spencer Levin,61.11,44,72,-14.00
63,Yusaku Miyazato,61.11,44,72,-15.00
67,Jimmy Walker,58.33,42,72,-10.00
68,Mitsuhiro Tateyama,55.56,40,72,-13.00
