rank,player,%,Greens Hit,Total Holes,Relative to par
1,Bob Estes,100.00,10,10,-0.30
2,Dudley Hart,94.12,16,17,-0.31
3,Chad Campbell,93.33,14,15,-0.36
3,Jerry Kelly,93.33,14,15,-0.36
5,Doug LaBelle II,92.86,13,14,-0.23
5,John Merrick,92.86,13,14,E
7,Chez Reavie,90.00,9,10,-0.67
8,K.J. Choi,88.24,15,17,-0.33
9,Matt Kuchar,87.50,14,16,-0.14
10,Fred Funk,86.67,13,15,-0.38
10,Vaughn Taylor,86.67,13,15,-0.23
12,Zach Johnson,84.62,11,13,-0.45
12,Carl Pettersson,84.62,11,13,-0.36
12,Mark Wilson,84.62,11,13,-0.27
15,Daisuke Maruyama,83.33,15,18,-0.27
15,John Riegger,83.33,10,12,-0.20
15,Tim Wilkinson,83.33,10,12,-0.20
18,Stephen Ames,82.35,14,17,-0.07
18,Mark Calcavecchia,82.35,14,17,-0.14
20,Heath Slocum,81.82,9,11,-0.11
21,Brad Adamonis,80.00,12,15,-0.33
21,Jason Allred,80.00,12,15,-0.58
21,Steve Marino,80.00,16,20,-0.19
21,Shigeki Maruyama,80.00,8,10,-0.25
25,Tom Pernice Jr.,78.95,15,19,-0.33
26,Rory Sabbatini,77.78,7,9,-0.57
26,Scott Sterling,77.78,7,9,E
28,Jim Furyk,76.92,10,13,-0.40
28,Martin Laird,76.92,10,13,-0.40
28,Patrick Sheehan,76.92,10,13,-0.20
31,Robert Gamez,76.47,13,17,E
31,Jeff Maggert,76.47,13,17,-0.23
33,Alejandro Cañizares,75.00,12,16,-0.25
33,Tom Lehman,75.00,9,12,-0.33
33,Kevin Streelman,75.00,9,12,-0.22
33,Y.E. Yang,75.00,9,12,-0.33
37,J.B. Holmes,73.33,11,15,-0.18
37,Jay Williamson,73.33,11,15,-0.36
39,Steve Lowery,72.22,13,18,-0.38
40,Jim McGovern,71.43,10,14,-0.20
41,Chad Collins,70.00,7,10,-0.57
41,Brian Gay,70.00,7,10,-0.57
43,Yusaku Miyazato,68.42,13,19,-0.23
44,Briny Baird,66.67,10,15,-0.30
44,Cameron Beckman,66.67,8,12,-0.25
44,Shane Bertsch,66.67,10,15,-0.50
44,Matt Jones,66.67,8,12,-0.13
44,Spencer Levin,66.67,8,12,-0.75
44,Kiyoshi Miyazato,66.67,8,12,-0.13
44,Jimmy Walker,66.67,6,9,-0.33
44,Bubba Watson,66.67,8,12,E
52,Daniel Chopra,64.71,11,17,-0.27
53,George McNeill,64.29,9,14,-0.44
54,Dustin Johnson,63.16,12,19,-0.17
54,Troy Matteson,63.16,12,19,-0.17
56,Paul Azinger,61.54,8,13,-0.63
56,J.P. Hayes,61.54,8,13,-0.25
56,Sean O'Hair,61.54,8,13,-0.38
56,Pat Perez,61.54,8,13,-0.38
60,Jesper Parnevik,60.00,9,15,-0.11
60,Steve Stricker,60.00,9,15,-0.11
62,James Driscoll,58.33,7,12,-0.14
62,Vijay Singh,58.33,7,12,E
64,Kevin Na,54.55,6,11,E
65,WC Liang,53.33,8,15,-0.38
66,Mitsuhiro Tateyama,52.63,10,19,-0.40
67,John Mallinger,45.45,5,11,-0.40
68,Parker McLachlin,43.75,7,16,-0.43
