rank,player,%,Greens Hit,# Holes,Relative/Par
1,Alejandro Cañizares,100.0,2,2,E
1,Brian Gay,100.0,1,1,-1.00
1,Dudley Hart,100.0,2,2,-1.00
1,J.B. Holmes,100.0,2,2,+1.00
1,Dustin Johnson,100.0,1,1,E
1,Jerry Kelly,100.0,2,2,E
1,Doug LaBelle II,100.0,1,1,-1.00
1,John Merrick,100.0,4,4,-1.00
1,Vijay Singh,100.0,1,1,-1.00
1,Heath Slocum,100.0,1,1,E
1,Scott Sterling,100.0,1,1,+1.00
12,Cameron Beckman,80.0,4,5,-1.00
12,Mitsuhiro Tateyama,80.0,4,5,-1.00
12,Y.E. Yang,80.0,8,10,-1.00
15,K.J. Choi,75.0,3,4,E
15,Jim Furyk,75.0,3,4,-1.00
15,Daisuke Maruyama,75.0,3,4,-1.00
15,Yusaku Miyazato,75.0,3,4,-1.00
15,Vaughn Taylor,75.0,3,4,+1.00
20,Kevin Streelman,70.0,7,10,-1.00
21,Jason Allred,66.7,2,3,E
21,Mark Calcavecchia,66.7,2,3,E
21,Daniel Chopra,66.7,2,3,-1.00
21,Bob Estes,66.7,2,3,-1.00
21,Kiyoshi Miyazato,66.7,2,3,E
21,Tom Pernice Jr.,66.7,4,6,-2.00
21,Steve Stricker,66.7,2,3,-1.00
28,Mark Wilson,60.0,3,5,-1.00
29,Stephen Ames,50.0,2,4,+1.00
29,Shane Bertsch,50.0,1,2,-1.00
29,Chad Campbell,50.0,1,2,+1.00
29,Robert Gamez,50.0,1,2,E
29,Martin Laird,50.0,2,4,E
29,Jeff Maggert,50.0,2,4,E
29,John Mallinger,50.0,1,2,E
29,Steve Marino,50.0,4,8,+1.00
29,Shigeki Maruyama,50.0,1,2,E
29,Kevin Na,50.0,2,4,-1.00
29,Pat Perez,50.0,1,2,E
29,Chez Reavie,50.0,1,2,E
29,John Riegger,50.0,1,2,E
29,Rory Sabbatini,50.0,1,2,E
43,Carl Pettersson,42.9,3,7,-1.00
44,Matt Kuchar,40.0,2,5,E
44,WC Liang,40.0,2,5,E
44,Steve Lowery,40.0,2,5,-2.00
47,Tim Wilkinson,37.5,3,8,-1.00
48,Brad Adamonis,33.3,2,6,-1.00
48,Paul Azinger,33.3,2,6,-1.00
48,Briny Baird,33.3,2,6,-1.00
48,Matt Jones,33.3,1,3,E
48,Spencer Levin,33.3,1,3,E
48,Jim McGovern,33.3,1,3,E
48,George McNeill,33.3,2,6,-1.00
48,Jesper Parnevik,33.3,2,6,-2.00
56,James Driscoll,25.0,2,8,-1.00
56,Parker McLachlin,25.0,1,4,E
58,Fred Funk,.0,0,1,E
58,J.P. Hayes,.0,0,1,E
58,Tom Lehman,.0,0,1,E
58,Troy Matteson,.0,0,4,E
58,Sean O'Hair,.0,0,3,E
58,Patrick Sheehan,.0,0,1,E
58,Bubba Watson,.0,0,2,E
58,Jay Williamson,.0,0,1,E
