rank,player,%,Greens Hit,# of Holes
1,Jerry Kelly,93.94,31,33
2,K.J. Choi,93.75,30,32
3,Chad Campbell,91.67,33,36
4,Rory Sabbatini,91.18,31,34
5,Steve Marino,90.91,30,33
6,Mark Wilson,90.32,28,31
7,J.B. Holmes,89.29,25,28
8,Sean O'Hair,88.89,24,27
9,Briny Baird,87.50,21,24
10,Bubba Watson,86.96,20,23
11,George McNeill,86.67,26,30
12,Heath Slocum,86.49,32,37
13,Matt Kuchar,85.71,24,28
14,Paul Azinger,85.19,23,27
14,Daniel Chopra,85.19,23,27
16,Robert Gamez,84.85,28,33
17,Dustin Johnson,84.62,22,26
17,Daisuke Maruyama,84.62,22,26
19,Steve Stricker,83.87,26,31
20,Zach Johnson,83.78,31,37
21,John Riegger,83.33,25,30
21,Scott Sterling,83.33,25,30
21,Jay Williamson,83.33,25,30
24,Matt Jones,82.61,19,23
25,Stephen Ames,82.35,28,34
25,Carl Pettersson,82.35,14,17
25,Chez Reavie,82.35,28,34
28,Vaughn Taylor,81.58,31,38
29,Kevin Na,81.48,22,27
30,Troy Matteson,81.08,30,37
31,Alejandro Cañizares,80.77,21,26
31,Shigeki Maruyama,80.77,21,26
31,John Merrick,80.77,21,26
34,Fred Funk,80.00,32,40
35,Martin Laird,79.31,23,29
36,Brad Adamonis,79.17,19,24
37,Tom Lehman,78.79,26,33
38,Jason Allred,78.57,22,28
38,Steve Lowery,78.57,22,28
38,Jeff Maggert,78.57,22,28
41,Mark Calcavecchia,78.38,29,37
42,Jesper Parnevik,77.78,21,27
43,Y.E. Yang,77.27,17,22
44,WC Liang,75.86,22,29
45,Cameron Beckman,75.00,24,32
45,Parker McLachlin,75.00,18,24
45,Tom Pernice Jr.,75.00,24,32
48,Shane Bertsch,73.68,28,38
49,Doug LaBelle II,73.33,22,30
50,Patrick Sheehan,73.08,19,26
51,Dudley Hart,72.73,16,22
51,Mitsuhiro Tateyama,72.73,16,22
53,Jim McGovern,70.97,22,31
54,Tim Wilkinson,70.59,24,34
55,Chad Collins,69.23,18,26
55,Jim Furyk,69.23,27,39
57,Vijay Singh,68.18,15,22
58,Yusaku Miyazato,68.00,17,25
58,Kevin Streelman,68.00,17,25
60,Kiyoshi Miyazato,67.65,23,34
61,J.P. Hayes,66.67,22,33
62,John Mallinger,65.63,21,32
63,Bob Estes,65.52,19,29
64,James Driscoll,64.71,11,17
65,Brian Gay,64.29,18,28
66,Jimmy Walker,64.00,16,25
67,Spencer Levin,63.33,19,30
68,Pat Perez,62.96,17,27
