rank,player,%,Greens Hit,# of holes
1,Kevin Streelman,61.29,19,31
2,Robert Gamez,60.87,14,23
3,J.B. Holmes,60.71,17,28
4,Dustin Johnson,60.00,18,30
4,Mark Wilson,60.00,15,25
6,Carl Pettersson,58.97,23,39
7,Vijay Singh,58.82,20,34
8,Pat Perez,58.62,17,29
9,K.J. Choi,58.33,14,24
10,Jason Allred,57.14,16,28
11,John Merrick,56.67,17,30
12,Jerry Kelly,56.52,13,23
13,Brad Adamonis,56.25,18,32
14,Y.E. Yang,55.88,19,34
15,Vaughn Taylor,55.56,10,18
16,Jimmy Walker,54.84,17,31
17,Matt Jones,54.55,18,33
18,Tom Pernice Jr.,54.17,13,24
19,Doug LaBelle II,53.85,14,26
19,Spencer Levin,53.85,14,26
21,Mark Calcavecchia,52.63,10,19
21,Troy Matteson,52.63,10,19
23,Daniel Chopra,51.72,15,29
23,Kevin Na,51.72,15,29
23,Jesper Parnevik,51.72,15,29
26,James Driscoll,51.28,20,39
27,Dudley Hart,50.00,17,34
27,Shigeki Maruyama,50.00,15,30
27,Parker McLachlin,50.00,16,32
27,Tim Wilkinson,50.00,11,22
31,Bubba Watson,48.48,16,33
32,Yusaku Miyazato,48.39,15,31
33,Steve Stricker,48.00,12,25
34,J.P. Hayes,47.83,11,23
34,Steve Marino,47.83,11,23
36,Jim Furyk,47.06,8,17
37,Briny Baird,46.88,15,32
38,Alejandro Cañizares,46.67,14,30
38,Daisuke Maruyama,46.67,14,30
38,Patrick Sheehan,46.67,14,30
41,Steve Lowery,46.43,13,28
42,George McNeill,46.15,12,26
42,Scott Sterling,46.15,12,26
42,Jay Williamson,46.15,12,26
45,John Mallinger,45.83,11,24
46,Kiyoshi Miyazato,45.45,10,22
47,Chad Campbell,45.00,9,20
48,Fred Funk,43.75,7,16
49,Chad Collins,43.33,13,30
50,Matt Kuchar,42.86,12,28
51,Heath Slocum,42.11,8,19
52,Cameron Beckman,41.67,10,24
53,Sean O'Hair,41.38,12,29
54,Mitsuhiro Tateyama,41.18,14,34
55,Stephen Ames,40.91,9,22
55,Rory Sabbatini,40.91,9,22
57,Bob Estes,40.74,11,27
57,WC Liang,40.74,11,27
59,Jim McGovern,40.00,10,25
60,Brian Gay,39.29,11,28
61,Shane Bertsch,38.89,7,18
62,Martin Laird,37.04,10,27
63,Zach Johnson,36.84,7,19
64,Jeff Maggert,35.71,10,28
65,John Riegger,34.62,9,26
66,Chez Reavie,31.82,7,22
67,Tom Lehman,26.09,6,23
68,Paul Azinger,20.69,6,29
