rank,player,%,Greens Hit,Total Holes,Relative to par
1,Brad Adamonis,100.00,9,9,-0.44
1,Chad Campbell,100.00,11,11,-0.45
1,Robert Gamez,100.00,8,8,-0.50
1,Dustin Johnson,100.00,11,11,-0.73
1,Zach Johnson,100.00,10,10,-0.60
1,Jerry Kelly,100.00,9,9,-0.67
1,Doug LaBelle II,100.00,8,8,-0.25
1,Tom Lehman,100.00,12,12,-0.75
1,Shigeki Maruyama,100.00,9,9,-0.56
1,Troy Matteson,100.00,12,12,-0.50
1,George McNeill,100.00,12,12,-0.50
1,Jesper Parnevik,100.00,11,11,-0.64
1,Carl Pettersson,100.00,11,11,-0.55
1,Chez Reavie,100.00,8,8,-0.25
1,John Riegger,100.00,13,13,-0.46
1,Patrick Sheehan,100.00,10,10,-0.70
1,Heath Slocum,100.00,11,11,-0.45
1,Kevin Streelman,100.00,12,12,-0.17
1,Vaughn Taylor,100.00,11,11,-0.55
1,Jay Williamson,100.00,11,11,-0.73
1,Mark Wilson,100.00,11,11,-0.18
1,Y.E. Yang,100.00,6,6,-0.67
23,J.B. Holmes,94.44,17,18,-0.53
24,Vijay Singh,93.75,15,16,-0.87
25,Jimmy Walker,92.31,12,13,-0.42
26,Cameron Beckman,91.67,11,12,-0.73
26,K.J. Choi,91.67,11,12,-0.64
26,Steve Lowery,91.67,11,12,-0.64
26,Parker McLachlin,91.67,11,12,-0.91
26,Kiyoshi Miyazato,91.67,11,12,-0.27
26,Steve Stricker,91.67,11,12,-0.73
32,Daniel Chopra,90.91,10,11,-0.70
32,Fred Funk,90.91,10,11,-0.80
32,Matt Kuchar,90.91,10,11,-0.60
32,Tom Pernice Jr.,90.91,10,11,-0.70
32,Rory Sabbatini,90.91,10,11,-0.70
37,Shane Bertsch,90.00,9,10,-0.78
37,Mark Calcavecchia,90.00,9,10,-0.44
37,Alejandro Cañizares,90.00,9,10,-0.33
37,Jim Furyk,90.00,9,10,-0.78
37,John Merrick,90.00,9,10,-0.44
37,Kevin Na,90.00,9,10,-0.78
43,Briny Baird,88.89,8,9,-0.38
43,Brian Gay,88.89,8,9,-0.75
43,John Mallinger,88.89,8,9,-0.63
46,Jason Allred,87.50,7,8,-0.57
46,Scott Sterling,87.50,7,8,-0.57
48,Spencer Levin,85.71,6,7,-0.50
49,J.P. Hayes,83.33,10,12,-0.60
49,Matt Jones,83.33,10,12,-0.80
49,Martin Laird,83.33,10,12,-0.70
49,WC Liang,83.33,10,12,-0.50
49,Jeff Maggert,83.33,10,12,-0.40
49,Pat Perez,83.33,10,12,-0.90
49,Tim Wilkinson,83.33,10,12,-0.70
56,Bubba Watson,82.35,14,17,-0.57
57,Chad Collins,81.82,9,11,-0.44
57,Steve Marino,81.82,9,11,-0.78
57,Yusaku Miyazato,81.82,9,11,-0.67
60,Daisuke Maruyama,80.00,8,10,-0.63
60,Jim McGovern,80.00,8,10,-0.75
62,Sean O'Hair,78.57,11,14,-0.64
63,Bob Estes,75.00,6,8,-0.33
64,Stephen Ames,72.73,8,11,-0.63
64,Paul Azinger,72.73,8,11,-0.88
66,Mitsuhiro Tateyama,70.00,7,10,-0.71
67,James Driscoll,61.54,8,13,-0.75
68,Dudley Hart,50.00,4,8,-0.50
