rank,player,%,Greens Hit,Total Holes,Relative to par
1,Jerry Kelly,73.02,46,63,-0.20
2,Chad Campbell,72.13,44,61,-0.18
2,Mark Wilson,72.13,44,61,-0.20
4,K.J. Choi,71.67,43,60,-0.23
4,Rory Sabbatini,71.67,43,60,-0.33
6,Mark Calcavecchia,69.35,43,62,-0.12
7,Steve Marino,68.85,42,61,-0.19
8,J.B. Holmes,68.52,37,54,-0.16
9,Dudley Hart,67.21,41,61,-0.27
9,Daisuke Maruyama,67.21,41,61,-0.15
11,Y.E. Yang,66.15,43,65,-0.19
12,Zach Johnson,66.13,41,62,-0.12
13,Robert Gamez,65.63,42,64,-0.19
14,Troy Matteson,65.00,39,60,-0.21
14,Steve Stricker,65.00,39,60,-0.15
16,Sean O'Hair,64.91,37,57,-0.16
17,Briny Baird,64.52,40,62,-0.15
18,George McNeill,64.41,38,59,-0.26
19,Chez Reavie,64.06,41,64,-0.29
19,Scott Sterling,64.06,41,64,-0.12
21,Fred Funk,63.93,39,61,-0.13
22,Bubba Watson,62.96,34,54,-0.03
23,John Merrick,62.90,39,62,-0.15
24,James Driscoll,62.71,37,59,-0.27
24,Carl Pettersson,62.71,37,59,-0.22
26,Stephen Ames,62.30,38,61,-0.13
26,Daniel Chopra,62.30,38,61,-0.18
26,Kevin Na,62.30,38,61,-0.26
26,Jesper Parnevik,62.30,38,61,-0.18
26,Heath Slocum,62.30,38,61,-0.16
31,Tom Pernice Jr.,60.66,37,61,-0.27
31,Vaughn Taylor,60.66,37,61,-0.14
33,Brad Adamonis,60.32,38,63,-0.21
34,Matt Jones,60.00,36,60,-0.08
34,Matt Kuchar,60.00,36,60,-0.11
36,Jason Allred,59.38,38,64,-0.21
37,Pat Perez,59.32,35,59,-0.20
38,Dustin Johnson,59.02,36,61,-0.14
39,J.P. Hayes,58.62,34,58,-0.18
40,Steve Lowery,58.33,35,60,-0.14
41,Doug LaBelle II,57.81,37,64,-0.24
42,John Riegger,57.63,34,59,E
43,John Mallinger,57.14,36,63,-0.19
44,Cameron Beckman,56.67,34,60,-0.26
44,Martin Laird,56.67,34,60,-0.09
44,WC Liang,56.67,34,60,-0.21
44,Kiyoshi Miyazato,56.67,34,60,-0.15
44,Yusaku Miyazato,56.67,34,60,-0.24
44,Kevin Streelman,56.67,34,60,-0.15
50,Shane Bertsch,56.45,35,62,-0.26
50,Jim McGovern,56.45,35,62,-0.20
52,Alejandro Cañizares,55.74,34,61,-0.26
52,Jay Williamson,55.74,34,61,-0.18
54,Shigeki Maruyama,55.56,35,63,-0.14
55,Jim Furyk,54.84,34,62,-0.21
56,Chad Collins,53.33,32,60,-0.22
57,Brian Gay,53.23,33,62,-0.21
58,Jeff Maggert,52.54,31,59,-0.16
59,Spencer Levin,52.31,34,65,-0.32
60,Vijay Singh,51.79,29,56,-0.03
61,Parker McLachlin,51.67,31,60,-0.26
62,Bob Estes,50.79,32,63,-0.22
63,Tom Lehman,50.00,30,60,-0.07
63,Patrick Sheehan,50.00,31,62,-0.16
63,Tim Wilkinson,50.00,30,60,-0.23
66,Paul Azinger,49.18,30,61,-0.33
67,Jimmy Walker,49.15,29,59,-0.17
68,Mitsuhiro Tateyama,45.90,28,61,-0.21
