rank,player,%,Greens Hit,Total Holes,Relative to par
1,Brad Adamonis,100.00,8,8,-0.38
1,Mark Calcavecchia,100.00,8,8,-0.50
1,Chad Campbell,100.00,7,7,-0.71
1,Alejandro Cañizares,100.00,5,5,-0.40
1,K.J. Choi,100.00,10,10,-0.70
1,Fred Funk,100.00,9,9,-0.89
1,Robert Gamez,100.00,8,8,-0.50
1,Brian Gay,100.00,5,5,-0.60
1,J.P. Hayes,100.00,10,10,-0.60
1,J.B. Holmes,100.00,13,13,-0.69
1,Dustin Johnson,100.00,9,9,-0.89
1,Zach Johnson,100.00,9,9,-0.67
1,Matt Jones,100.00,9,9,-0.78
1,Jerry Kelly,100.00,8,8,-0.75
1,Doug LaBelle II,100.00,5,5,-0.40
1,Tom Lehman,100.00,9,9,-0.89
1,WC Liang,100.00,8,8,-0.63
1,John Mallinger,100.00,6,6,-0.67
1,Shigeki Maruyama,100.00,8,8,-0.63
1,Troy Matteson,100.00,10,10,-0.60
1,Jim McGovern,100.00,7,7,-0.86
1,Parker McLachlin,100.00,9,9,-1.00
1,George McNeill,100.00,10,10,-0.50
1,John Merrick,100.00,6,6,-0.67
1,Kevin Na,100.00,9,9,-0.78
1,Jesper Parnevik,100.00,8,8,-0.75
1,Tom Pernice Jr.,100.00,7,7,-0.86
1,Carl Pettersson,100.00,10,10,-0.50
1,Chez Reavie,100.00,6,6,-0.33
1,John Riegger,100.00,8,8,-0.75
1,Rory Sabbatini,100.00,8,8,-0.88
1,Patrick Sheehan,100.00,8,8,-0.88
1,Vijay Singh,100.00,12,12,-0.92
1,Heath Slocum,100.00,8,8,-0.50
1,Kevin Streelman,100.00,4,4,E
1,Steve Stricker,100.00,10,10,-0.80
1,Vaughn Taylor,100.00,8,8,-0.75
1,Jimmy Walker,100.00,7,7,-0.57
1,Jay Williamson,100.00,10,10,-0.70
1,Mark Wilson,100.00,6,6,-0.33
1,Y.E. Yang,100.00,4,4,-0.75
42,Martin Laird,90.91,10,11,-0.70
43,Cameron Beckman,90.00,9,10,-0.89
43,Steve Lowery,90.00,9,10,-0.67
43,Tim Wilkinson,90.00,9,10,-0.67
46,Matt Kuchar,88.89,8,9,-0.63
46,Jeff Maggert,88.89,8,9,-0.50
46,Steve Marino,88.89,8,9,-0.75
46,Kiyoshi Miyazato,88.89,8,9,-0.25
50,Shane Bertsch,87.50,7,8,-0.71
50,Daniel Chopra,87.50,7,8,-1.00
50,Jim Furyk,87.50,7,8,-1.00
50,Sean O'Hair,87.50,7,8,-0.86
50,Scott Sterling,87.50,7,8,-0.57
50,Mitsuhiro Tateyama,87.50,7,8,-0.71
56,Bubba Watson,86.67,13,15,-0.54
57,Stephen Ames,85.71,6,7,-0.50
57,Daisuke Maruyama,85.71,6,7,-0.67
59,Jason Allred,83.33,5,6,-0.80
59,Paul Azinger,83.33,5,6,-1.00
59,Briny Baird,83.33,5,6,-0.40
59,Chad Collins,83.33,5,6,-0.60
59,Spencer Levin,83.33,5,6,-0.60
64,Pat Perez,81.82,9,11,-0.89
65,Yusaku Miyazato,80.00,8,10,-0.63
66,Dudley Hart,75.00,3,4,-0.67
67,Bob Estes,71.43,5,7,-0.40
68,James Driscoll,70.00,7,10,-0.71
