rank,player,%,Greens Hit,Total Holes,Relative to par
1,Jason Allred,81.25,13,16,E
2,Jerry Kelly,80.00,16,20,-0.19
2,Sean O'Hair,80.00,12,15,E
4,K.J. Choi,76.92,10,13,-0.30
4,Daniel Chopra,76.92,10,13,-0.20
6,Rory Sabbatini,76.00,19,25,-0.32
7,Kevin Na,73.68,14,19,-0.36
8,Mark Calcavecchia,73.33,11,15,E
8,Tom Pernice Jr.,73.33,11,15,E
10,Chad Campbell,70.00,14,20,E
10,Pat Perez,70.00,14,20,-0.07
12,Y.E. Yang,69.57,16,23,-0.06
13,Steve Marino,69.23,9,13,+0.11
14,Scott Sterling,68.42,13,19,+0.08
15,J.P. Hayes,66.67,14,21,-0.07
15,Dustin Johnson,66.67,8,12,E
15,George McNeill,66.67,12,18,-0.25
18,Briny Baird,65.00,13,20,-0.23
18,John Mallinger,65.00,13,20,-0.15
20,Troy Matteson,64.71,11,17,-0.18
21,Yusaku Miyazato,64.29,9,14,-0.33
22,Chad Collins,63.16,12,19,-0.17
22,Zach Johnson,63.16,12,19,-0.17
24,Shane Bertsch,62.50,10,16,-0.20
24,James Driscoll,62.50,10,16,-0.30
24,Daisuke Maruyama,62.50,10,16,-0.20
24,Shigeki Maruyama,62.50,10,16,-0.10
24,Jim McGovern,62.50,10,16,-0.20
29,WC Liang,60.00,9,15,-0.22
29,John Riegger,60.00,12,20,+0.25
29,Bubba Watson,60.00,6,10,+0.33
32,Cameron Beckman,59.09,13,22,-0.38
32,Chez Reavie,59.09,13,22,-0.31
34,J.B. Holmes,58.82,10,17,E
34,Jesper Parnevik,58.82,10,17,-0.30
36,Martin Laird,57.89,11,19,E
36,John Merrick,57.89,11,19,-0.18
38,Matt Kuchar,57.14,8,14,-0.13
39,Spencer Levin,56.52,13,23,-0.15
40,Jeff Maggert,56.25,9,16,-0.22
41,Stephen Ames,55.56,10,18,-0.20
41,Parker McLachlin,55.56,5,9,-0.60
43,Paul Azinger,55.00,11,20,-0.18
43,Bob Estes,55.00,11,20,-0.18
45,Kiyoshi Miyazato,54.55,12,22,-0.17
46,Dudley Hart,53.33,8,15,-0.38
47,Alejandro Cañizares,52.94,9,17,-0.11
47,Jim Furyk,52.94,9,17,E
47,Patrick Sheehan,52.94,9,17,E
47,Kevin Streelman,52.94,9,17,-0.11
47,Steve Stricker,52.94,9,17,E
47,Mark Wilson,52.94,9,17,-0.22
53,Robert Gamez,52.63,10,19,-0.40
54,Vijay Singh,50.00,10,20,E
54,Mitsuhiro Tateyama,50.00,10,20,-0.30
54,Jimmy Walker,50.00,11,22,-0.09
57,Brad Adamonis,47.62,10,21,-0.30
57,Tom Lehman,47.62,10,21,+0.20
57,Heath Slocum,47.62,10,21,-0.10
60,Brian Gay,46.67,7,15,-0.14
60,Matt Jones,46.67,7,15,-0.14
62,Vaughn Taylor,45.45,10,22,-0.10
62,Tim Wilkinson,45.45,10,22,-0.30
62,Jay Williamson,45.45,10,22,E
65,Carl Pettersson,42.86,6,14,-0.17
66,Fred Funk,41.18,7,17,+0.14
67,Doug LaBelle II,39.13,9,23,-0.22
68,Steve Lowery,33.33,6,18,-0.17
