rank,player,%,Greens Hit,Total Holes,Relative to par
1,Yusaku Miyazato,80.00,4,5,E
1,Bubba Watson,80.00,4,5,E
3,Chad Campbell,77.78,7,9,-0.14
4,WC Liang,71.43,5,7,-0.20
5,Jesper Parnevik,66.67,4,6,E
5,Steve Stricker,66.67,6,9,-0.33
7,Fred Funk,62.50,5,8,-0.20
7,Chez Reavie,62.50,5,8,-0.20
7,Heath Slocum,62.50,5,8,E
7,Y.E. Yang,62.50,5,8,+0.20
11,Steve Marino,60.00,3,5,E
11,Jim McGovern,60.00,6,10,-0.17
11,Sean O'Hair,60.00,3,5,E
14,Briny Baird,57.14,4,7,E
14,Jerry Kelly,57.14,4,7,E
14,Martin Laird,57.14,4,7,E
14,Pat Perez,57.14,4,7,E
14,Mark Wilson,57.14,4,7,+0.25
19,Daisuke Maruyama,55.56,5,9,E
19,Scott Sterling,55.56,5,9,-0.20
21,Robert Gamez,50.00,4,8,-0.50
21,J.B. Holmes,50.00,3,6,+0.33
21,Steve Lowery,50.00,3,6,+0.33
21,Parker McLachlin,50.00,4,8,E
21,George McNeill,50.00,3,6,E
21,John Merrick,50.00,4,8,E
21,Vaughn Taylor,50.00,2,4,E
21,Jimmy Walker,50.00,5,10,-0.20
21,Jay Williamson,50.00,3,6,+0.33
30,Zach Johnson,44.44,4,9,E
31,K.J. Choi,42.86,3,7,+0.33
31,Matt Jones,42.86,3,7,+0.33
31,Matt Kuchar,42.86,3,7,E
31,Kevin Na,42.86,3,7,E
35,Jim Furyk,40.00,4,10,E
35,Rory Sabbatini,40.00,2,5,E
37,Brad Adamonis,37.50,3,8,+0.33
37,Stephen Ames,37.50,3,8,E
37,J.P. Hayes,37.50,3,8,E
37,Spencer Levin,37.50,3,8,E
37,Jeff Maggert,37.50,3,8,E
37,Tim Wilkinson,37.50,3,8,-0.67
43,Shane Bertsch,33.33,3,9,E
43,Mark Calcavecchia,33.33,3,9,E
43,James Driscoll,33.33,2,6,-0.50
43,Dudley Hart,33.33,4,12,-0.50
43,Doug LaBelle II,33.33,3,9,+0.33
43,Tom Lehman,33.33,3,9,+0.33
43,Troy Matteson,33.33,2,6,+0.50
43,Vijay Singh,33.33,2,6,-0.50
51,Bob Estes,30.00,3,10,-0.33
51,Shigeki Maruyama,30.00,3,10,E
53,Brian Gay,29.41,5,17,E
54,Alejandro Cañizares,28.57,2,7,E
55,Paul Azinger,27.27,3,11,-0.33
55,Kevin Streelman,27.27,3,11,E
57,Daniel Chopra,25.00,2,8,-0.50
57,Kiyoshi Miyazato,25.00,2,8,E
57,Carl Pettersson,25.00,2,8,E
57,Mitsuhiro Tateyama,25.00,1,4,E
61,John Riegger,22.22,2,9,+0.50
62,Dustin Johnson,20.00,1,5,E
62,Tom Pernice Jr.,20.00,2,10,-0.50
64,Patrick Sheehan,16.67,2,12,E
65,Cameron Beckman,12.50,1,8,E
65,John Mallinger,12.50,1,8,E
67,Chad Collins,9.09,1,11,E
68,Jason Allred,8.33,1,12,E
