rank,player,%,Greens Hit,Total Holes,Relative to par
1,Brad Adamonis,100.00,1,1,-1.00
1,Jason Allred,100.00,2,2,E
1,Briny Baird,100.00,3,3,-0.33
1,Cameron Beckman,100.00,2,2,E
1,Shane Bertsch,100.00,2,2,-1.00
1,Chad Campbell,100.00,4,4,E
1,Daniel Chopra,100.00,3,3,E
1,Bob Estes,100.00,1,1,E
1,Jim Furyk,100.00,2,2,E
1,Dustin Johnson,100.00,2,2,E
1,Zach Johnson,100.00,1,1,E
1,Jerry Kelly,100.00,1,1,E
1,Matt Kuchar,100.00,2,2,-0.50
1,Doug LaBelle II,100.00,3,3,E
1,Tom Lehman,100.00,3,3,-0.33
1,Spencer Levin,100.00,1,1,E
1,Steve Lowery,100.00,2,2,-0.50
1,Shigeki Maruyama,100.00,1,1,E
1,Troy Matteson,100.00,2,2,E
1,George McNeill,100.00,2,2,-0.50
1,Kiyoshi Miyazato,100.00,3,3,-0.33
1,Yusaku Miyazato,100.00,1,1,-1.00
1,Jesper Parnevik,100.00,3,3,-0.33
1,Pat Perez,100.00,1,1,-1.00
1,Carl Pettersson,100.00,1,1,-1.00
1,Chez Reavie,100.00,2,2,E
1,John Riegger,100.00,5,5,E
1,Patrick Sheehan,100.00,2,2,E
1,Heath Slocum,100.00,3,3,-0.33
1,Kevin Streelman,100.00,8,8,-0.25
1,Vaughn Taylor,100.00,3,3,E
1,Jay Williamson,100.00,1,1,-1.00
1,Mark Wilson,100.00,5,5,E
1,Y.E. Yang,100.00,2,2,-0.50
35,Jimmy Walker,83.33,5,6,-0.20
36,Alejandro Cañizares,80.00,4,5,-0.25
36,Chad Collins,80.00,4,5,-0.25
36,J.B. Holmes,80.00,4,5,E
39,Brian Gay,75.00,3,4,-1.00
39,John Merrick,75.00,3,4,E
39,Tom Pernice Jr.,75.00,3,4,-0.33
39,Vijay Singh,75.00,3,4,-0.67
43,Jeff Maggert,66.67,2,3,E
43,John Mallinger,66.67,2,3,-0.50
43,Daisuke Maruyama,66.67,2,3,-0.50
43,Parker McLachlin,66.67,2,3,-0.50
43,Sean O'Hair,66.67,4,6,-0.25
43,Rory Sabbatini,66.67,2,3,E
49,Paul Azinger,60.00,3,5,-0.67
50,Stephen Ames,50.00,2,4,-1.00
50,Mark Calcavecchia,50.00,1,2,E
50,K.J. Choi,50.00,1,2,E
50,Fred Funk,50.00,1,2,E
50,WC Liang,50.00,2,4,E
50,Steve Marino,50.00,1,2,-1.00
50,Steve Stricker,50.00,1,2,E
50,Bubba Watson,50.00,1,2,-1.00
50,Tim Wilkinson,50.00,1,2,-1.00
59,James Driscoll,33.33,1,3,-1.00
59,Matt Jones,33.33,1,3,-1.00
59,Jim McGovern,33.33,1,3,E
62,Dudley Hart,25.00,1,4,E
63,J.P. Hayes,.00,0,2,E
63,Martin Laird,.00,0,1,E
63,Kevin Na,.00,0,1,E
63,Mitsuhiro Tateyama,.00,0,2,E
