rank,player,%,Greens Hit,Total Holes,Relative to par
1,Brad Adamonis,100.00,15,15,-0.33
1,Robert Gamez,100.00,14,14,-0.36
1,Zach Johnson,100.00,13,13,-0.46
1,Jerry Kelly,100.00,14,14,-0.50
1,Tom Lehman,100.00,15,15,-0.60
1,Troy Matteson,100.00,17,17,-0.53
1,Chez Reavie,100.00,10,10,-0.30
1,Patrick Sheehan,100.00,13,13,-0.69
1,Heath Slocum,100.00,14,14,-0.43
1,Vaughn Taylor,100.00,13,13,-0.46
1,Mark Wilson,100.00,19,19,-0.26
12,Carl Pettersson,94.12,16,17,-0.44
13,George McNeill,93.75,15,16,-0.47
13,Jesper Parnevik,93.75,15,16,-0.60
13,Steve Stricker,93.75,15,16,-0.60
13,Jay Williamson,93.75,15,16,-0.67
17,Rory Sabbatini,93.33,14,15,-0.57
18,Alejandro Cañizares,92.86,13,14,-0.46
18,Tom Pernice Jr.,92.86,13,14,-0.69
18,Jimmy Walker,92.86,13,14,-0.46
21,Jim Furyk,92.31,12,13,-0.67
21,John Merrick,92.31,12,13,-0.50
21,Kiyoshi Miyazato,92.31,12,13,-0.25
24,Briny Baird,91.67,11,12,-0.18
24,Scott Sterling,91.67,11,12,-0.64
26,Doug LaBelle II,90.91,10,11,-0.40
27,Vijay Singh,90.48,19,21,-0.68
28,Parker McLachlin,89.47,17,19,-0.71
28,Kevin Streelman,89.47,17,19,-0.24
30,K.J. Choi,88.24,15,17,-0.60
30,Steve Lowery,88.24,15,17,-0.47
30,John Riegger,88.24,15,17,-0.53
33,J.B. Holmes,87.50,21,24,-0.52
33,Shigeki Maruyama,87.50,14,16,-0.43
35,Dustin Johnson,86.96,20,23,-0.50
36,Shane Bertsch,86.67,13,15,-0.69
36,Mark Calcavecchia,86.67,13,15,-0.38
38,Jason Allred,85.71,12,14,-0.33
38,Chad Campbell,85.71,12,14,-0.50
38,Brian Gay,85.71,12,14,-0.50
38,Matt Jones,85.71,12,14,-0.75
38,Martin Laird,85.71,12,14,-0.50
43,Daniel Chopra,85.00,17,20,-0.47
44,Fred Funk,84.62,11,13,-0.73
44,Jeff Maggert,84.62,11,13,-0.36
44,Y.E. Yang,84.62,11,13,-0.55
47,Chad Collins,83.33,10,12,-0.30
47,Spencer Levin,83.33,10,12,-0.50
47,Steve Marino,83.33,15,18,-0.73
47,Jim McGovern,83.33,10,12,-0.60
51,J.P. Hayes,81.25,13,16,-0.54
51,John Mallinger,81.25,13,16,-0.46
53,Sean O'Hair,80.00,16,20,-0.50
53,Tim Wilkinson,80.00,12,15,-0.58
55,Bubba Watson,79.17,19,24,-0.47
56,Paul Azinger,78.57,11,14,-0.73
56,Matt Kuchar,78.57,11,14,-0.55
56,Daisuke Maruyama,78.57,11,14,-0.45
56,Pat Perez,78.57,11,14,-0.91
60,Cameron Beckman,77.78,14,18,-0.71
61,Yusaku Miyazato,76.47,13,17,-0.54
61,Kevin Na,76.47,13,17,-0.77
63,Stephen Ames,73.33,11,15,-0.55
64,WC Liang,72.22,13,18,-0.46
65,Mitsuhiro Tateyama,66.67,10,15,-0.50
66,James Driscoll,65.22,15,23,-0.53
67,Bob Estes,61.54,8,13,-0.38
68,Dudley Hart,60.00,6,10,-0.17
