rank,player,%,Total 3 Putts,Total Holes (overall)
1,Jim Furyk,.00,0,72
2,Justin Leonard,1.39,1,72
3,Michael Campbell,2.78,2,72
3,K.J. Choi,2.78,2,72
5,Olin Browne,4.17,3,72
5,Bart Bryant,4.17,3,72
5,Lucas Glover,4.17,3,72
5,Tim Petrovic,4.17,3,72
5,Vijay Singh,4.17,3,72
5,David Toms,4.17,3,72
11,Stuart Appleby,5.56,4,72
11,Brad Faxon,5.56,4,72
11,Robert Gamez,5.56,4,72
11,Peter Lonard,5.56,4,72
11,"Wes Short, Jr.",5.56,4,72
16,Mark Calcavecchia,6.94,5,72
16,Ben Crane,6.94,5,72
16,Ted Purdy,6.94,5,72
19,Fred Funk,8.33,6,72
19,Sergio Garcia,8.33,6,72
19,Jason Gore,8.33,6,72
19,Geoff Ogilvy,8.33,6,72
19,Kenny Perry,8.33,6,72
19,Vaughn Taylor,8.33,6,72
25,Jason Bohn,9.72,7,72
25,Sean O'Hair,9.72,7,72
25,Carl Pettersson,9.72,7,72
28,Heath Slocum,12.50,9,72
