rank,player,Avg RTP,Total Holes,Total RTP
1,Ben Martin,-.500,2,-1.00
2,Steven Bowditch,E,5,E
2,Russell Henley,E,3,E
2,S.Y. Noh,E,4,E
2,Geoff Ogilvy,E,1,E
2,Camilo Villegas,E,4,E
7,Matt Every,+.143,7,+1.00
7,Matt Kuchar,+.143,7,+1.00
9,Ben Crane,+.167,6,+1.00
9,Robert Streb,+.167,6,+1.00
9,Jimmy Walker,+.167,6,+1.00
12,Hunter Mahan,+.200,5,+1.00
12,Ryan Moore,+.200,5,+1.00
12,Patrick Reed,+.200,5,+1.00
12,Bubba Watson,+.200,10,+2.00
16,Chris Kirk,+.222,9,+2.00
17,Billy Horschel,+.250,4,+1.00
17,Hideki Matsuyama,+.250,4,+1.00
19,Kevin Streelman,+.300,10,+3.00
20,Ángel Cabrera,+.333,9,+3.00
20,Chesson Hadley,+.333,3,+1.00
22,Tim Clark,+.375,8,+3.00
23,Zach Johnson,+.400,5,+2.00
23,John Senden,+.400,5,+2.00
25,Charley Hoffman,+.429,7,+3.00
26,Nick Taylor,+.500,4,+2.00
26,Brendon Todd,+.500,4,+2.00
28,Matt Jones,+.571,7,+4.00
29,Brian Harman,+.600,5,+3.00
30,J.B. Holmes,+.625,8,+5.00
31,Sangmoon Bae,+.667,3,+2.00
31,Scott Stallings,+.667,3,+2.00
33,Jason Day,+1.000,2,+2.00
