rank,player,Avg RTP,Total Holes,Total RTP
1,Sangmoon Bae,E,2,E
1,Billy Horschel,E,2,E
1,Jimmy Walker,E,1,E
1,Bubba Watson,E,2,E
5,Brian Harman,+.200,5,+1.00
5,Zach Johnson,+.200,5,+1.00
7,Matt Kuchar,+.250,4,+1.00
7,Nick Taylor,+.250,4,+1.00
7,Brendon Todd,+.250,4,+1.00
10,Patrick Reed,+.333,3,+1.00
11,Tim Clark,+.500,2,+1.00
11,Russell Henley,+.500,4,+2.00
11,Hunter Mahan,+.500,2,+1.00
11,Hideki Matsuyama,+.500,2,+1.00
15,Steven Bowditch,+.667,6,+4.00
15,Ben Crane,+.667,6,+4.00
15,Matt Jones,+.667,3,+2.00
15,Robert Streb,+.667,3,+2.00
19,J.B. Holmes,+.750,4,+3.00
19,Ryan Moore,+.750,4,+3.00
19,John Senden,+.750,4,+3.00
22,Chesson Hadley,+.833,6,+5.00
23,Ángel Cabrera,+1.000,6,+6.00
23,Jason Day,+1.000,2,+2.00
23,Ben Martin,+1.000,3,+3.00
23,S.Y. Noh,+1.000,1,+1.00
23,Geoff Ogilvy,+1.000,4,+4.00
23,Scott Stallings,+1.000,6,+6.00
23,Kevin Streelman,+1.000,1,+1.00
23,Camilo Villegas,+1.000,3,+3.00
31,Matt Every,+1.167,6,+7.00
32,Chris Kirk,+1.800,5,+9.00
