rank,player,Avg RTP,Total Holes,Total RTP
1,Sangmoon Bae,E,1,E
1,Billy Horschel,E,2,E
1,Hideki Matsuyama,E,3,E
1,Camilo Villegas,E,5,E
5,Matt Kuchar,+.111,9,+1.00
6,Steven Bowditch,+.125,8,+1.00
7,Ben Crane,+.143,7,+1.00
8,Chris Kirk,+.167,6,+1.00
9,Patrick Reed,+.200,5,+1.00
9,Jimmy Walker,+.200,5,+1.00
11,Bubba Watson,+.250,8,+2.00
12,Nick Taylor,+.300,10,+3.00
13,Zach Johnson,+.333,9,+3.00
13,Matt Jones,+.333,3,+1.00
13,Robert Streb,+.333,6,+2.00
16,Chesson Hadley,+.375,8,+3.00
16,Brian Harman,+.375,8,+3.00
16,S.Y. Noh,+.375,8,+3.00
19,Matt Every,+.400,10,+4.00
19,Russell Henley,+.400,5,+2.00
19,Charley Hoffman,+.400,5,+2.00
22,Hunter Mahan,+.429,7,+3.00
23,Kevin Streelman,+.444,9,+4.00
24,Ben Martin,+.500,6,+3.00
25,Scott Stallings,+.556,9,+5.00
26,Tim Clark,+.600,5,+3.00
27,Ángel Cabrera,+.625,8,+5.00
27,J.B. Holmes,+.625,8,+5.00
27,John Senden,+.625,8,+5.00
30,Ryan Moore,+.667,6,+4.00
30,Brendon Todd,+.667,6,+4.00
32,Geoff Ogilvy,+.714,7,+5.00
33,Jason Day,+.750,4,+3.00
