rank,player,Avg,Total Strokes,Total Rounds
1,Woody Austin,33.00,33,1
1,Jason Dufner,33.00,33,1
1,Billy Horschel,33.00,33,1
1,Zach Johnson,33.00,33,1
1,Matt Kuchar,33.00,33,1
1,Martin Laird,33.00,33,1
7,Jonas Blixt,34.00,34,1
7,Harris English,34.00,34,1
7,Brian Gay,34.00,34,1
7,Ryan Moore,34.00,34,1
7,Jordan Spieth,34.00,34,1
7,Kevin Streelman,34.00,34,1
13,Derek Ernst,35.00,35,1
13,John Merrick,35.00,35,1
13,D.A. Points,35.00,35,1
13,Patrick Reed,35.00,35,1
13,Adam Scott,35.00,35,1
13,Brandt Snedeker,35.00,35,1
13,Michael Thompson,35.00,35,1
13,Boo Weekley,35.00,35,1
13,Gary Woodland,35.00,35,1
22,Sangmoon Bae,36.00,36,1
22,Scott Brown,36.00,36,1
22,Ken Duke,36.00,36,1
22,Chris Kirk,36.00,36,1
26,Dustin Johnson,37.00,37,1
26,Webb Simpson,37.00,37,1
26,Jimmy Walker,37.00,37,1
29,Bill Haas,39.00,39,1
29,Russell Henley,39.00,39,1
