rank,player,Avg,Total Strokes,Total Rounds
1,Brian Gay,29.00,29,1
2,Jonas Blixt,32.00,32,1
2,Scott Brown,32.00,32,1
2,Jimmy Walker,32.00,32,1
5,Russell Henley,33.00,33,1
5,Billy Horschel,33.00,33,1
5,Ryan Moore,33.00,33,1
5,Patrick Reed,33.00,33,1
5,Adam Scott,33.00,33,1
10,Woody Austin,34.00,34,1
10,Jason Dufner,34.00,34,1
10,Bill Haas,34.00,34,1
10,Chris Kirk,34.00,34,1
10,Brandt Snedeker,34.00,34,1
10,Jordan Spieth,34.00,34,1
10,Boo Weekley,34.00,34,1
10,Gary Woodland,34.00,34,1
18,Harris English,35.00,35,1
18,Dustin Johnson,35.00,35,1
18,Zach Johnson,35.00,35,1
18,Matt Kuchar,35.00,35,1
18,Martin Laird,35.00,35,1
18,John Merrick,35.00,35,1
18,Webb Simpson,35.00,35,1
25,Sangmoon Bae,36.00,36,1
25,Ken Duke,36.00,36,1
25,D.A. Points,36.00,36,1
25,Michael Thompson,36.00,36,1
29,Derek Ernst,37.00,37,1
29,Kevin Streelman,37.00,37,1
