rank,player,Avg,Total Strokes,Total Rounds
1,Jason Dufner,30.00,30,1
2,Kevin Streelman,31.00,31,1
3,Ryan Moore,32.00,32,1
3,Patrick Reed,32.00,32,1
5,Zach Johnson,33.00,33,1
5,Chris Kirk,33.00,33,1
5,Matt Kuchar,33.00,33,1
5,Brandt Snedeker,33.00,33,1
5,Michael Thompson,33.00,33,1
10,Sangmoon Bae,34.00,34,1
10,Russell Henley,34.00,34,1
10,Webb Simpson,34.00,34,1
10,Jordan Spieth,34.00,34,1
10,Boo Weekley,34.00,34,1
15,Scott Brown,35.00,35,1
15,Bill Haas,35.00,35,1
15,John Merrick,35.00,35,1
15,Adam Scott,35.00,35,1
15,Gary Woodland,35.00,35,1
20,Woody Austin,36.00,36,1
20,Jonas Blixt,36.00,36,1
20,Ken Duke,36.00,36,1
20,Brian Gay,36.00,36,1
20,Billy Horschel,36.00,36,1
20,Dustin Johnson,36.00,36,1
20,Martin Laird,36.00,36,1
20,D.A. Points,36.00,36,1
20,Jimmy Walker,36.00,36,1
29,Harris English,37.00,37,1
30,Derek Ernst,38.00,38,1
