rank,player,Low Rnd
1,Brian Gay,29
2,Jason Dufner,30
2,Dustin Johnson,30
4,Kevin Streelman,31
4,Gary Woodland,31
6,Woody Austin,32
6,Jonas Blixt,32
6,Scott Brown,32
6,Zach Johnson,32
6,Ryan Moore,32
6,Patrick Reed,32
6,Jimmy Walker,32
13,Ken Duke,33
13,Russell Henley,33
13,Billy Horschel,33
13,Chris Kirk,33
13,Matt Kuchar,33
13,Martin Laird,33
13,Adam Scott,33
13,Brandt Snedeker,33
13,Michael Thompson,33
22,Sangmoon Bae,34
22,Harris English,34
22,Bill Haas,34
22,Webb Simpson,34
22,Jordan Spieth,34
22,Boo Weekley,34
28,Derek Ernst,35
28,John Merrick,35
28,D.A. Points,35
