rank,player,Avg,Total Strokes,Total Holes
1,Jason Dufner,33.00,132,4
1,Patrick Reed,33.00,132,4
3,Zach Johnson,33.25,133,4
4,Ryan Moore,33.50,134,4
5,Woody Austin,33.75,135,4
5,Billy Horschel,33.75,135,4
5,Matt Kuchar,33.75,135,4
5,Gary Woodland,33.75,135,4
9,Jordan Spieth,34.00,136,4
10,Jonas Blixt,34.25,137,4
10,Brandt Snedeker,34.25,137,4
10,Kevin Streelman,34.25,137,4
10,Michael Thompson,34.25,137,4
14,Dustin Johnson,34.50,138,4
14,Adam Scott,34.50,138,4
16,Martin Laird,34.75,139,4
17,Scott Brown,35.00,140,4
17,Harris English,35.00,140,4
17,Brian Gay,35.00,140,4
17,Russell Henley,35.00,140,4
17,Chris Kirk,35.00,140,4
17,Boo Weekley,35.00,140,4
23,Ken Duke,35.25,141,4
23,John Merrick,35.25,141,4
23,Webb Simpson,35.25,141,4
26,Sangmoon Bae,35.50,142,4
27,Bill Haas,35.75,143,4
27,Jimmy Walker,35.75,143,4
29,D.A. Points,36.00,144,4
30,Derek Ernst,36.75,147,4
