rank,player,Avg,Total Distance (feet),# of Attempts,Relative to par
1,John Merrick,"14' 9""",14.750,1,-1
2,Brian Gay,"16' 8""",16.667,1,-1
3,Woody Austin,"17' 11""",17.917,1,E
4,Brian Stuard,"24' 10""",24.833,1,-1
5,Jason Dufner,"26' 2""",26.167,1,-1
6,Mark Wilson,"28' 1""",28.083,1,-1
7,Steve Stricker,"30' 5""",30.417,1,-1
8,Rich Barcelo,"37' 3""",37.250,1,-1
9,Jim Carter,"37' 9""",75.417,2,-1
10,Nick O'Hern,"39' 2""",78.333,2,-1
11,Vijay Singh,"39' 11""",39.917,1,-1
12,Kevin Na,"40' 6""",40.500,1,-1
13,David Lutterus,"41' 11""",41.917,1,-1
14,Richard Johnson,"42' 6""",127.417,3,-3
15,Marc Leishman,"43' 9""",43.750,1,E
16,Paul Goydos,"45' 0""",90.000,2,-1
17,Omar Uresti,"46' 0""",183.833,4,-1
18,Nathan Green,"47' 9""",95.500,2,-1
18,Tom Lehman,"47' 9""",95.500,2,E
20,Retief Goosen,"52' 3""",52.250,1,-1
21,Chad Campbell,"52' 11""",52.917,1,-1
22,Zach Johnson,"54' 0""",54.000,1,E
23,Shane Bertsch,"63' 8""",63.667,1,E
24,Corey Pavin,"67' 1""",201.333,3,E
25,Michael Allen,"68' 7""",137.167,2,-1
26,Tim Clark,"69' 4""",69.333,1,-1
27,David Toms,"81' 5""",162.750,2,-2
28,Robert Allenby,"85' 8""",85.667,1,-1
29,Jeff Klauk,"90' 7""",90.583,1,E
30,Dean Wilson,"99' 2""",198.333,2,-1
31,Ricky Barnes,"103' 10""",103.833,1,-1
32,Mark Calcavecchia,"114' 5""",114.417,1,E
