rank,player,Avg,Total Distance (feet),# of Attempts,Relative to par
1,Tom Lehman,"3' 5""",6.750,2,-2
2,Mark Wilson,"3' 8""",7.333,2,-2
3,Ernie Els,"4' 1""",4.083,1,-1
4,Dean Wilson,"4' 9""",9.500,2,-2
5,Steve Stricker,"5' 6""",10.917,2,-2
6,Brian Gay,"5' 11""",5.917,1,-1
6,Justin Rose,"5' 11""",17.833,3,-3
8,Chris Tidland,"6' 3""",6.250,1,E
9,Tom Gillis,"6' 11""",6.917,1,-1
10,Omar Uresti,"7' 0""",21.000,3,-1
11,Zach Johnson,"7' 10""",23.583,3,-2
11,Brian Stuard,"7' 10""",7.833,1,E
13,Michael Allen,"7' 11""",15.833,2,E
13,Jeff Klauk,"7' 11""",15.750,2,-1
15,Ryan Palmer,"8' 0""",24.083,3,-1
16,Ryuji Imada,"8' 6""",8.500,1,-1
17,K.J. Choi,"8' 10""",8.833,1,E
18,Chad Collins,"9' 10""",9.833,1,E
19,Bob Estes,"9' 11""",49.417,5,-2
20,Woody Austin,"10' 2""",10.167,1,E
20,Jeff Maggert,"10' 2""",20.333,2,E
22,John Rollins,"10' 3""",20.417,2,-1
23,Nick O'Hern,"10' 4""",31.083,3,-1
24,Blake Adams,"11' 0""",33.083,3,+1
25,Martin Flores,"11' 1""",11.083,1,-1
26,Shane Bertsch,"11' 3""",33.833,3,-1
26,Tim Clark,"11' 3""",11.250,1,-1
28,Robert Allenby,"11' 7""",23.083,2,-1
29,Dustin Johnson,"12' 2""",12.167,1,E
30,Ricky Barnes,"12' 5""",12.417,1,E
31,Brian Davis,"12' 6""",37.417,3,+1
32,Chad Campbell,"12' 7""",50.250,4,-2
33,Jim Carter,"12' 8""",50.500,4,-1
34,Boo Weekley,"12' 10""",64.250,5,E
35,David Lutterus,"13' 1""",26.083,2,-2
35,Vijay Singh,"13' 1""",26.083,2,E
37,Kevin Na,"13' 3""",39.667,3,-2
38,Jason Dufner,"13' 6""",26.917,2,E
38,David Toms,"13' 6""",40.417,3,E
40,John Merrick,"13' 9""",41.333,3,-2
41,Kevin Johnson,"13' 10""",13.833,1,-1
42,Troy Matteson,"14' 1""",14.083,1,+2
43,Stephen Ames,"14' 4""",14.333,1,E
44,Rich Barcelo,"15' 0""",59.833,4,-1
45,Pat Perez,"15' 3""",30.417,2,+1
46,Rory Sabbatini,"15' 7""",15.583,1,E
47,Graham DeLaet,"16' 1""",32.167,2,E
48,Paul Goydos,"16' 7""",33.167,2,E
49,Bubba Watson,"17' 3""",34.417,2,-1
50,Joe Ogilvie,"18' 5""",36.750,2,E
51,Briny Baird,"18' 9""",37.500,2,+1
52,Spencer Levin,"19' 6""",39.000,2,E
53,Y.E. Yang,"20' 6""",61.500,3,-1
54,Troy Merritt,"21' 1""",42.083,2,E
55,Ryuichi Oda,"21' 2""",42.250,2,E
56,Nathan Green,"25' 9""",51.500,2,+1
57,Retief Goosen,"64' 9""",129.417,2,E
