rank,player,Avg,Total Distance (feet),# of Attempts,Relative to par
1,Briny Baird,"4' 0""",4.000,1,-2
2,Davis Love III,"12' 5""",12.417,1,-1
3,Retief Goosen,"14' 6""",14.500,1,-1
4,Zach Johnson,"19' 4""",19.333,1,-1
5,John Rollins,"28' 1""",28.083,1,-1
6,Chad Collins,"30' 10""",61.583,2,-2
7,Michael Allen,"31' 8""",31.667,1,-1
8,Jeff Quinney,"34' 8""",34.667,1,-1
9,Stephen Ames,"38' 0""",38.000,1,-1
10,Jim Carter,"39' 1""",39.083,1,-1
11,Paul Goydos,"48' 2""",96.250,2,-1
12,Jeff Maggert,"62' 11""",62.917,1,E
13,Dean Wilson,"68' 11""",137.833,2,E
14,Corey Pavin,"71' 7""",143.167,2,-1
15,Mark Wilson,"77' 3""",77.250,1,E
16,Tim Clark,"93' 5""",93.417,1,E
