rank,player,Avg,Total Distance (feet),# of Attempts,Relative to par
1,Pat Perez,"3' 2""",3.167,1,E
2,Tim Clark,"5' 4""",10.583,2,E
3,Roger Tambellini,"5' 7""",5.583,1,-1
4,Robert Allenby,"6' 6""",6.500,1,-1
5,Stewart Cink,"6' 9""",6.750,1,E
6,K.J. Choi,"8' 2""",8.167,1,E
7,Briny Baird,"8' 4""",8.333,1,-1
7,WC Liang,"8' 4""",16.583,2,-1
9,Carl Pettersson,"8' 5""",33.500,4,-2
10,Henrik Bjornstad,"8' 9""",26.250,3,-2
11,Marc Leishman,"8' 11""",35.750,4,-3
12,Y.E. Yang,"9' 11""",9.917,1,E
13,Jeff Klauk,"10' 4""",31.000,3,E
14,Jim Carter,"10' 5""",10.417,1,E
15,Ryuichi Oda,"10' 8""",10.667,1,+1
16,David Toms,"11' 4""",22.667,2,E
17,Steve Stricker,"11' 10""",11.833,1,E
18,Shane Bertsch,"11' 11""",23.750,2,E
19,Zach Johnson,"12' 8""",25.333,2,-1
20,Dustin Johnson,"13' 1""",26.167,2,-1
21,Charles Howell III,"13' 11""",13.917,1,+1
22,Nick O'Hern,"14' 0""",28.000,2,E
23,Graham DeLaet,"14' 5""",14.417,1,E
24,Chad Collins,"15' 0""",29.917,2,E
24,Brian Gay,"15' 0""",75.000,5,-2
24,Troy Merritt,"15' 0""",15.000,1,E
27,Spencer Levin,"15' 4""",15.333,1,E
28,Martin Flores,"15' 5""",15.417,1,E
29,Mark Wilson,"15' 9""",15.750,1,E
30,Kevin Johnson,"16' 0""",16.000,1,E
31,Vijay Singh,"16' 3""",16.250,1,E
32,Chad Campbell,"16' 4""",16.333,1,+1
33,Corey Pavin,"16' 9""",33.500,2,+1
34,Bob Estes,"16' 11""",16.917,1,E
35,Blake Adams,"17' 1""",17.083,1,E
36,Paul Goydos,"17' 6""",17.500,1,E
37,Nathan Green,"18' 0""",35.917,2,E
38,Brian Stuard,"18' 5""",73.583,4,+1
39,Chris Tidland,"18' 6""",36.917,2,-1
40,Troy Matteson,"19' 3""",19.250,1,E
41,Jeff Maggert,"19' 5""",38.833,2,E
42,Ricky Barnes,"20' 0""",20.000,1,E
43,Davis Love III,"20' 4""",20.333,1,E
44,Tom Gillis,"21' 8""",43.250,2,E
45,Michael Allen,"22' 4""",22.333,1,E
45,Jason Day,"22' 4""",44.583,2,E
47,Ryuji Imada,"22' 5""",22.417,1,E
48,Woody Austin,"23' 9""",23.750,1,E
49,Ryan Palmer,"24' 1""",24.083,1,E
50,Jason Dufner,"27' 1""",54.083,2,E
51,Bubba Watson,"28' 8""",57.333,2,E
52,Ángel Cabrera,"32' 1""",64.167,2,+1
