rank,player,Avg,Total Distance (feet),# of Attempts,Relative to par
1,Brian Davis,"3' 9""",7.417,2,-2
2,Zach Johnson,"4' 10""",4.833,1,E
3,Corey Pavin,"6' 11""",13.833,2,-1
4,Bubba Watson,"8' 7""",25.667,3,-1
5,Dean Wilson,"9' 11""",9.917,1,E
6,Stewart Cink,"10' 2""",20.250,2,-1
7,Steve Stricker,"10' 3""",51.167,5,-1
8,Bob Estes,"12' 4""",24.667,2,E
9,Rory Sabbatini,"12' 6""",49.833,4,-1
10,Chad Campbell,"12' 8""",25.333,2,E
11,Mark Wilson,"12' 9""",63.833,5,-2
12,Justin Rose,"13' 2""",13.167,1,E
13,Davis Love III,"13' 3""",66.250,5,-4
13,Carl Pettersson,"13' 3""",39.833,3,-2
15,Nathan Green,"13' 8""",41.083,3,-2
16,Mark Calcavecchia,"13' 11""",69.583,5,E
17,Jeff Maggert,"14' 3""",42.833,3,+1
18,Stephen Ames,"14' 6""",29.000,2,E
19,Tom Gillis,"14' 8""",58.583,4,-2
20,Tim Clark,"14' 11""",74.417,5,-2
20,Kevin Johnson,"14' 11""",29.750,2,+2
22,Jason Dufner,"15' 9""",78.583,5,-2
23,Marc Leishman,"16' 4""",49.000,3,-1
23,Ryuichi Oda,"16' 4""",97.917,6,-2
25,Brian Gay,"16' 5""",16.417,1,E
26,Dustin Johnson,"16' 8""",83.417,5,-2
27,Ryan Palmer,"16' 10""",117.750,7,-1
28,Jeff Quinney,"17' 1""",51.167,3,E
29,Ernie Els,"17' 7""",70.333,4,E
30,Robert Allenby,"17' 8""",88.250,5,-3
31,Charles Howell III,"18' 1""",126.667,7,-3
32,Spencer Levin,"19' 2""",76.583,4,-1
33,David Lutterus,"19' 4""",58.083,3,-2
34,Chad Collins,"19' 6""",58.417,3,-1
35,Martin Flores,"19' 7""",58.833,3,-1
35,Roger Tambellini,"19' 7""",97.833,5,+1
37,Jason Day,"19' 10""",99.000,5,E
38,Ángel Cabrera,"20' 3""",80.833,4,E
38,Kevin Na,"20' 3""",101.417,5,E
40,Graham DeLaet,"20' 10""",83.333,4,-1
41,Troy Matteson,"21' 3""",127.500,6,+1
42,Briny Baird,"21' 7""",64.667,3,-1
43,Joe Ogilvie,"22' 1""",88.417,4,+1
44,Troy Merritt,"22' 2""",111.000,5,-1
44,Nick O'Hern,"22' 2""",44.250,2,E
46,WC Liang,"22' 9""",159.083,7,E
47,David Toms,"23' 3""",23.250,1,E
48,Woody Austin,"23' 5""",23.417,1,E
49,Ricky Barnes,"23' 6""",94.083,4,-1
50,Boo Weekley,"23' 9""",71.167,3,E
51,John Merrick,"25' 1""",50.167,2,E
52,Omar Uresti,"25' 4""",202.500,8,E
53,K.J. Choi,"25' 5""",127.000,5,E
54,Rich Barcelo,"27' 0""",135.000,5,E
55,Chris Tidland,"27' 4""",109.333,4,E
56,Michael Allen,"27' 11""",139.750,5,-2
57,Tom Lehman,"28' 4""",28.333,1,E
58,Vijay Singh,"28' 9""",86.250,3,+1
59,Retief Goosen,"29' 11""",29.917,1,E
60,John Rollins,"30' 2""",211.167,7,-2
61,Shane Bertsch,"31' 5""",94.167,3,E
62,Blake Adams,"33' 4""",166.833,5,E
63,Henrik Bjornstad,"38' 4""",76.583,2,E
