rank,player,Avg,Total 3 Putts,Total Rounds
1,Adam Svensson,1.25,5,4
2,Keegan Bradley,1.00,4,4
2,Russell Henley,1.00,4,4
2,Chad Ramey,1.00,4,4
2,Chez Reavie,1.00,4,4
2,Justin Thomas,1.00,4,4
7,Corey Conners,.75,3,4
7,J.T. Poston,.75,3,4
7,Sahith Theegala,.75,3,4
10,Ryan Brehm,.50,2,4
10,Patrick Cantlay,.50,2,4
10,Matt Fitzpatrick,.50,2,4
10,Viktor Hovland,.50,2,4
10,Luke List,.50,2,4
10,Trey Mullinax,.50,2,4
10,J.J. Spaun,.50,2,4
10,Jordan Spieth,.50,2,4
10,Aaron Wise,.50,2,4
10,Cameron Young,.50,2,4
20,Billy Horschel,.25,1,4
20,Sungjae Im,.25,1,4
20,Tom Kim,.25,1,4
20,Hideki Matsuyama,.25,1,4
20,Collin Morikawa,.25,1,4
20,Seamus Power,.25,1,4
20,Jon Rahm,.25,1,4
20,Scottie Scheffler,.25,1,4
20,Adam Scott,.25,1,4
20,Scott Stallings,.25,1,4
20,Sepp Straka,.25,1,4
20,Will Zalatoris,.25,1,4
