rank,player,Avg,Total Putts,Total Rounds
1,Max Homa,26.00,26,1
1,Sungjae Im,26.00,26,1
3,Sam Burns,27.00,27,1
3,Billy Horschel,27.00,27,1
3,Hideki Matsuyama,27.00,27,1
3,Scottie Scheffler,27.00,27,1
7,Tony Finau,28.00,28,1
7,Brian Harman,28.00,28,1
7,Collin Morikawa,28.00,28,1
7,Jon Rahm,28.00,28,1
11,Patrick Cantlay,29.00,29,1
11,Tom Kim,29.00,29,1
11,Jordan Spieth,29.00,29,1
11,Aaron Wise,29.00,29,1
15,Matt Fitzpatrick,30.00,30,1
15,Mackenzie Hughes,30.00,30,1
15,Luke List,30.00,30,1
15,J.T. Poston,30.00,30,1
15,Seamus Power,30.00,30,1
15,J.J. Spaun,30.00,30,1
15,Scott Stallings,30.00,30,1
15,Sepp Straka,30.00,30,1
15,Justin Thomas,30.00,30,1
24,Tom Hoge,31.00,31,1
24,Viktor Hovland,31.00,31,1
24,K.H. Lee,31.00,31,1
24,Adam Scott,31.00,31,1
24,Cameron Young,31.00,31,1
29,Keegan Bradley,32.00,32,1
29,Ryan Brehm,32.00,32,1
29,Trey Mullinax,32.00,32,1
29,Chad Ramey,32.00,32,1
29,Sahith Theegala,32.00,32,1
34,Corey Conners,33.00,33,1
34,Russell Henley,33.00,33,1
34,Will Zalatoris,33.00,33,1
37,Adam Svensson,34.00,34,1
38,Chez Reavie,35.00,35,1
