rank,player,Avg,Total 2 Putts,Total Rounds
1,Ryan Brehm,12.75,51,4
1,Adam Svensson,12.75,51,4
3,Chez Reavie,12.50,50,4
4,Sam Burns,12.25,49,4
4,K.H. Lee,12.25,49,4
6,Adam Scott,12.00,48,4
7,Keegan Bradley,11.75,47,4
7,Mackenzie Hughes,11.75,47,4
7,Sepp Straka,11.75,47,4
10,Russell Henley,11.50,46,4
10,Billy Horschel,11.50,46,4
10,Tom Kim,11.50,46,4
10,Sahith Theegala,11.50,46,4
14,Corey Conners,11.25,45,4
14,Tony Finau,11.25,45,4
14,Sungjae Im,11.25,45,4
14,Seamus Power,11.25,45,4
14,J.J. Spaun,11.25,45,4
14,Scott Stallings,11.25,45,4
14,Will Zalatoris,11.25,45,4
21,Brian Harman,11.00,44,4
21,Max Homa,11.00,44,4
21,Scottie Scheffler,11.00,44,4
21,Aaron Wise,11.00,44,4
25,Patrick Cantlay,10.50,42,4
25,Tom Hoge,10.50,42,4
25,Collin Morikawa,10.50,42,4
25,J.T. Poston,10.50,42,4
29,Viktor Hovland,10.25,41,4
29,Hideki Matsuyama,10.25,41,4
29,Trey Mullinax,10.25,41,4
29,Chad Ramey,10.25,41,4
33,Luke List,10.00,40,4
33,Jon Rahm,10.00,40,4
33,Justin Thomas,10.00,40,4
36,Matt Fitzpatrick,9.75,39,4
36,Jordan Spieth,9.75,39,4
36,Cameron Young,9.75,39,4
