rank,player,Avg,Total Putts,Total Rounds
1,Luke List,25.00,25,1
2,Trey Mullinax,27.00,27,1
2,Jordan Spieth,27.00,27,1
4,Matt Fitzpatrick,28.00,28,1
4,Billy Horschel,28.00,28,1
4,Viktor Hovland,28.00,28,1
4,Hideki Matsuyama,28.00,28,1
4,Justin Thomas,28.00,28,1
4,Will Zalatoris,28.00,28,1
10,Max Homa,29.00,29,1
10,Collin Morikawa,29.00,29,1
12,Keegan Bradley,30.00,30,1
12,Brian Harman,30.00,30,1
12,K.H. Lee,30.00,30,1
12,Seamus Power,30.00,30,1
12,J.J. Spaun,30.00,30,1
12,Cameron Young,30.00,30,1
18,Sam Burns,31.00,31,1
18,Patrick Cantlay,31.00,31,1
18,Tony Finau,31.00,31,1
18,Mackenzie Hughes,31.00,31,1
18,Chad Ramey,31.00,31,1
18,Scottie Scheffler,31.00,31,1
18,Sepp Straka,31.00,31,1
25,Ryan Brehm,32.00,32,1
25,Corey Conners,32.00,32,1
25,Tom Hoge,32.00,32,1
25,Jon Rahm,32.00,32,1
25,Adam Scott,32.00,32,1
25,Scott Stallings,32.00,32,1
25,Adam Svensson,32.00,32,1
25,Sahith Theegala,32.00,32,1
33,Russell Henley,33.00,33,1
33,Tom Kim,33.00,33,1
33,J.T. Poston,33.00,33,1
33,Chez Reavie,33.00,33,1
33,Aaron Wise,33.00,33,1
38,Sungjae Im,34.00,34,1
