rank,player,Avg,Total Putts,Total Rounds
1,Matt Fitzpatrick,26.00,26,1
1,Tom Hoge,26.00,26,1
3,Mackenzie Hughes,27.00,27,1
3,Collin Morikawa,27.00,27,1
3,Seamus Power,27.00,27,1
3,J.J. Spaun,27.00,27,1
7,Patrick Cantlay,28.00,28,1
7,Tony Finau,28.00,28,1
7,Jon Rahm,28.00,28,1
7,Jordan Spieth,28.00,28,1
11,Ryan Brehm,29.00,29,1
11,Corey Conners,29.00,29,1
11,Viktor Hovland,29.00,29,1
11,Tom Kim,29.00,29,1
11,Scott Stallings,29.00,29,1
11,Sahith Theegala,29.00,29,1
11,Aaron Wise,29.00,29,1
11,Cameron Young,29.00,29,1
11,Will Zalatoris,29.00,29,1
20,Brian Harman,30.00,30,1
20,Russell Henley,30.00,30,1
20,K.H. Lee,30.00,30,1
20,Hideki Matsuyama,30.00,30,1
20,Adam Scott,30.00,30,1
20,Justin Thomas,30.00,30,1
26,J.T. Poston,31.00,31,1
26,Chez Reavie,31.00,31,1
26,Scottie Scheffler,31.00,31,1
26,Sepp Straka,31.00,31,1
30,Keegan Bradley,32.00,32,1
30,Max Homa,32.00,32,1
30,Sungjae Im,32.00,32,1
30,Trey Mullinax,32.00,32,1
30,Chad Ramey,32.00,32,1
35,Sam Burns,33.00,33,1
35,Luke List,33.00,33,1
37,Billy Horschel,34.00,34,1
38,Adam Svensson,36.00,36,1
