rank,player,Avg,Total SG:ARG,Measured Rounds
1,Stuart Appleby,.851,3.402,4
2,Geoff Ogilvy,.787,3.149,4
3,Justin Leonard,.762,3.048,4
4,Olin Browne,.596,2.385,4
4,Ben Crane,.596,2.383,4
6,Robert Gamez,.482,1.926,4
7,Fred Funk,.440,1.761,4
8,Brad Faxon,.432,1.726,4
9,Peter Lonard,.431,1.724,4
10,"Wes Short, Jr.",.299,1.194,4
11,Jim Furyk,.220,.878,4
12,Michael Campbell,.215,.859,4
13,Bart Bryant,.160,.638,4
14,Vaughn Taylor,.111,.444,4
15,Lucas Glover,.020,.080,4
16,Mark Calcavecchia,-.090,-.361,4
17,Tim Petrovic,-.102,-.406,4
18,Vijay Singh,-.126,-.503,4
19,K.J. Choi,-.204,-.816,4
20,Heath Slocum,-.206,-.824,4
21,Jason Bohn,-.300,-1.201,4
22,David Toms,-.452,-1.809,4
23,Sergio Garcia,-.495,-1.978,4
24,Kenny Perry,-.510,-2.038,4
25,Sean O'Hair,-.688,-2.752,4
26,Carl Pettersson,-.816,-3.262,4
27,Ted Purdy,-.841,-3.363,4
28,Jason Gore,-1.571,-6.282,4
