rank,player,Avg,Total SG:APP,Measured Rounds
1,Vijay Singh,2.829,11.315,4
2,Jim Furyk,2.090,8.359,4
3,Stuart Appleby,1.415,5.660,4
4,Michael Campbell,1.366,5.465,4
5,Vaughn Taylor,.985,3.941,4
6,Bart Bryant,.807,3.229,4
7,Kenny Perry,.764,3.056,4
8,Lucas Glover,.716,2.862,4
9,Jason Bohn,.675,2.700,4
10,Sergio Garcia,.569,2.276,4
11,Peter Lonard,.336,1.342,4
12,Ted Purdy,.282,1.128,4
13,Justin Leonard,.246,.982,4
14,Mark Calcavecchia,.095,.380,4
15,Heath Slocum,.059,.236,4
16,K.J. Choi,-.285,-1.139,4
17,Geoff Ogilvy,-.365,-1.461,4
18,David Toms,-.453,-1.810,4
19,"Wes Short, Jr.",-.488,-1.953,4
20,Tim Petrovic,-.602,-2.409,4
21,Carl Pettersson,-.603,-2.410,4
22,Brad Faxon,-.658,-2.632,4
23,Robert Gamez,-.686,-2.744,4
24,Olin Browne,-.852,-3.408,4
25,Fred Funk,-1.010,-4.040,4
26,Jason Gore,-1.967,-7.866,4
27,Ben Crane,-2.583,-10.333,4
28,Sean O'Hair,-2.682,-10.727,4
