rank,player,Avg,Total SG:Putting,Measured Rounds
1,Tim Petrovic,1.043,4.172,4
2,Stuart Appleby,.779,3.114,4
3,David Toms,.725,2.901,4
4,Vaughn Taylor,.688,2.752,4
5,Brad Faxon,.670,2.679,4
6,Peter Lonard,.645,2.579,4
7,Sergio Garcia,.534,2.136,4
8,K.J. Choi,.525,2.098,4
9,Lucas Glover,.500,1.999,4
10,Ben Crane,.498,1.993,4
11,Robert Gamez,.405,1.619,4
12,Michael Campbell,.372,1.487,4
13,Jason Bohn,.365,1.460,4
14,Bart Bryant,.287,1.147,4
15,Justin Leonard,.250,.999,4
16,Vijay Singh,.198,.790,4
17,Jim Furyk,.176,.702,4
18,Olin Browne,.103,.410,4
19,"Wes Short, Jr.",.097,.386,4
20,Carl Pettersson,.020,.080,4
21,Mark Calcavecchia,-.057,-.226,4
22,Geoff Ogilvy,-.125,-.498,4
23,Sean O'Hair,-.747,-2.987,4
24,Kenny Perry,-1.171,-4.685,4
25,Ted Purdy,-1.340,-5.360,4
26,Jason Gore,-1.626,-6.504,4
27,Fred Funk,-1.808,-7.230,4
28,Heath Slocum,-2.005,-8.018,4
