rank,player,Avg,Total Distance (feet),# of Attempts,GIR Rank
1,Kevin Kisner,"26' 0""","1,872.667",72,Under
2,Collin Morikawa,"26' 8""","1,922.000",72,Under
3,Satoshi Kodaira,"27' 2""","1,957.333",72,Under
4,Hideki Matsuyama,"27' 6""","1,979.667",72,Under
5,Harry Higgs,"27' 8""","1,961.583",71,Under
6,K.J. Choi,"28' 0""","2,015.000",72,Under
7,Charley Hoffman,"28' 3""","2,036.167",72,Under
8,Emiliano Grillo,"28' 5""","2,014.750",71,Under
9,Joaquin Niemann,"28' 6""","2,050.833",72,Under
10,Vaughn Taylor,"28' 8""","2,064.833",72,Under
11,Jamie Lovemark,"28' 10""","2,076.167",72,Under
12,Nick Hardy,"29' 1""","2,093.333",72,Under
12,Chez Reavie,"29' 1""","2,092.000",72,Under
14,Cameron Smith,"29' 5""","2,119.250",72,Under
14,Brian Stuard,"29' 5""","2,120.333",72,Under
16,Kevin Na,"29' 8""","2,138.250",72,Under
17,Troy Merritt,"29' 9""","2,143.417",72,Under
18,Matt Jones,"29' 11""","2,151.250",72,Under
19,Cam Davis,"30' 2""","2,172.500",72,Under
19,Brian Harman,"30' 2""","2,170.917",72,Under
21,Wesley Bryan,"30' 3""","2,177.250",72,Under
22,Patton Kizzire,"30' 4""","2,153.750",71,Under
22,Sepp Straka,"30' 4""","2,186.917",72,Under
24,Ryan Armour,"30' 6""","2,197.417",72,Under
24,Stewart Cink,"30' 6""","2,193.083",72,Under
26,Jim Herman,"30' 7""","2,204.333",72,Under
27,Mike Weir,"30' 8""","2,206.500",72,Under
28,Marc Leishman,"30' 11""","2,224.417",72,Under
28,Brendon Todd,"30' 11""","2,224.083",72,Under
30,Russell Henley,"31' 0""","2,231.083",72,Under
30,Jason Kokrak,"31' 0""","2,232.833",72,Under
32,Chris Kirk,"31' 2""","2,245.000",72,Under
33,Lanto Griffin,"31' 3""","2,249.250",72,Under
34,Hudson Swafford,"31' 8""","2,280.333",72,Under
35,Keith Mitchell,"31' 9""","2,283.750",72,Under
36,Sungjae Im,"32' 1""","2,309.583",72,Under
37,Brian Gay,"32' 3""","2,287.167",71,Under
37,Kramer Hickok,"32' 3""","2,323.833",72,Under
39,Anirban Lahiri,"32' 7""","2,345.667",72,Under
40,Harris English,"32' 9""","2,360.000",72,Under
41,James Hahn,"33' 1""","2,346.917",71,Under
41,Adam Scott,"33' 1""","2,379.167",72,Under
41,Webb Simpson,"33' 1""","2,348.000",71,Under
44,Michael Thompson,"33' 5""","2,405.750",72,Under
45,Daniel Berger,"33' 6""","2,409.417",72,Under
45,Scott Brown,"33' 6""","2,409.667",72,Under
45,Jim Furyk,"33' 6""","2,411.250",72,Under
48,Aaron Baddeley,"33' 7""","2,418.167",72,Under
49,Sebastián Muñoz,"33' 8""","2,424.250",72,Under
49,Carlos Ortiz,"33' 8""","2,392.333",71,Under
51,Brice Garnett,"33' 9""","2,429.750",72,Under
51,Pat Perez,"33' 9""","2,430.333",72,Under
53,Charles Howell III,"34' 0""","2,448.250",72,Under
53,Si Woo Kim,"34' 0""","2,450.000",72,Under
53,Peter Malnati,"34' 0""","2,450.333",72,Under
56,Ryosuke Kinoshita,"34' 3""","2,464.083",72,Under
56,Robby Shelton,"34' 3""","2,463.250",72,Under
56,Brendan Steele,"34' 3""","2,467.500",72,Under
59,Jerry Kelly,"34' 5""","2,479.333",72,Even
60,Chris Baker,"34' 10""","2,507.667",72,Under
60,Nelson Ledesma,"34' 10""","2,508.917",72,Under
62,Nick Taylor,"35' 1""","2,523.583",72,Under
63,Michael Kim,"35' 9""","2,576.667",72,Under
63,K.H. Lee,"35' 9""","2,572.333",72,Under
65,Austin Cook,"35' 11""","2,585.583",72,Under
66,Zach Johnson,"36' 10""","2,651.833",72,Under
67,Billy Horschel,"36' 11""","2,656.750",72,Under
68,Mackenzie Hughes,"37' 3""","2,680.833",72,Under
69,Ryan Palmer,"37' 6""","2,698.500",72,Under
70,Mark Hubbard,"38' 4""","2,762.000",72,Under
71,Martin Trainer,"38' 8""","2,783.917",72,Under
72,Robert Streb,"39' 0""","2,810.750",72,Under
73,Sergio Garcia,"39' 5""","2,835.417",72,Under
