rank,player,Avg,Total Distance (feet),# of Attempts,Relative to par
1,Satoshi Kodaira,"19' 6""",78.000,4,-2
2,Harry Higgs,"25' 6""",76.417,3,E
3,Jason Kokrak,"25' 8""",76.917,3,E
4,Chris Baker,"26' 1""",78.333,3,-1
5,Marc Leishman,"26' 3""",131.417,5,-1
6,Kramer Hickok,"26' 9""",106.833,4,+1
7,Charley Hoffman,"26' 11""",80.750,3,E
8,Kevin Na,"27' 6""",110.000,4,-2
9,Wesley Bryan,"28' 0""",112.083,4,-2
10,Scott Brown,"29' 3""",87.833,3,-1
11,Chez Reavie,"29' 4""",117.333,4,-1
11,Cameron Smith,"29' 4""",87.917,3,-1
13,Aaron Baddeley,"29' 7""",88.833,3,E
14,Sebastián Muñoz,"30' 1""",150.500,5,+1
14,Vaughn Taylor,"30' 1""",240.667,8,-3
16,Billy Horschel,"31' 0""",93.000,3,-1
17,Brice Garnett,"31' 2""",155.750,5,-3
18,K.H. Lee,"31' 5""",94.167,3,+1
18,Collin Morikawa,"31' 5""",157.000,5,-1
20,Michael Kim,"32' 11""",131.667,4,-2
21,Hudson Swafford,"34' 1""",136.417,4,+1
22,Hideki Matsuyama,"34' 5""",103.250,3,E
23,Jim Furyk,"34' 8""",242.833,7,-2
23,Brian Stuard,"34' 8""",277.333,8,-1
25,Ryan Armour,"34' 10""",139.167,4,E
25,Lanto Griffin,"34' 10""",174.250,5,-2
25,Jamie Lovemark,"34' 10""",139.417,4,-1
28,K.J. Choi,"36' 5""",291.083,8,-2
29,Mike Weir,"36' 6""",145.833,4,-2
30,Zach Johnson,"36' 7""",256.250,7,-3
30,Brendon Todd,"36' 7""",219.333,6,E
32,Nelson Ledesma,"36' 10""",184.250,5,-2
33,Sergio Garcia,"37' 3""",111.833,3,E
34,Cam Davis,"37' 11""",113.833,3,E
35,Stewart Cink,"38' 3""",191.083,5,E
36,Emiliano Grillo,"38' 5""",191.917,5,E
37,Daniel Berger,"38' 6""",153.917,4,E
38,Matt Jones,"38' 11""",155.500,4,-1
39,Sepp Straka,"39' 2""",156.750,4,+1
40,Brian Harman,"39' 8""",277.750,7,-3
41,Keith Mitchell,"40' 6""",162.000,4,-2
42,Brendan Steele,"40' 11""",204.500,5,-1
43,Anirban Lahiri,"41' 2""",123.500,3,+3
44,Kevin Kisner,"41' 10""",209.250,5,E
45,Ryosuke Kinoshita,"42' 1""",168.417,4,+2
46,Troy Merritt,"43' 6""",304.667,7,E
47,Ryan Palmer,"43' 10""",175.250,4,-2
48,Jerry Kelly,"43' 11""",395.417,9,-2
49,Carlos Ortiz,"44' 0""",220.083,5,E
50,Patton Kizzire,"44' 6""",178.083,4,-1
51,Sungjae Im,"44' 7""",178.250,4,-2
51,Adam Scott,"44' 7""",133.750,3,E
53,Jim Herman,"45' 0""",224.917,5,E
54,Joaquin Niemann,"45' 5""",181.583,4,E
55,Peter Malnati,"45' 6""",227.333,5,-1
56,Chris Kirk,"45' 8""",273.750,6,-2
57,Russell Henley,"46' 11""",422.500,9,-2
58,Michael Thompson,"48' 10""",342.083,7,-1
59,Webb Simpson,"49' 0""",146.917,3,E
60,Nick Taylor,"49' 4""",197.167,4,+1
61,Austin Cook,"50' 1""",150.250,3,+1
62,Pat Perez,"51' 7""",206.417,4,E
63,Mackenzie Hughes,"52' 5""",261.917,5,-3
64,Mark Hubbard,"52' 7""",315.333,6,+1
65,Nick Hardy,"52' 8""",157.917,3,E
66,Si Woo Kim,"53' 1""",212.417,4,E
67,Harris English,"57' 2""",171.417,3,E
67,James Hahn,"57' 2""",400.333,7,E
69,Robby Shelton,"57' 4""",229.417,4,E
70,Robert Streb,"57' 6""",344.750,6,+2
71,Martin Trainer,"58' 1""",232.333,4,-1
72,Brian Gay,"58' 9""",352.333,6,+1
73,Charles Howell III,"77' 0""",307.833,4,+1
