rank,player,Avg,Total Distance (feet),# of Attempts,Relative to par
1,Joaquin Niemann,"9' 9""",9.750,1,-2
2,Daniel Berger,"29' 1""",29.083,1,-1
3,Harry Higgs,"36' 10""",36.833,1,E
4,Jason Kokrak,"37' 2""",37.167,1,-1
5,Russell Henley,"39' 1""",39.083,1,-1
6,Aaron Baddeley,"42' 9""",42.750,1,-1
7,Hideki Matsuyama,"44' 11""",179.667,4,-3
8,Sebastián Muñoz,"45' 1""",90.167,2,-1
9,Ryosuke Kinoshita,"47' 2""",47.167,1,-1
10,Martin Trainer,"52' 10""",52.833,1,-2
11,Mark Hubbard,"55' 6""",111.000,2,-1
12,Mike Weir,"59' 11""",59.917,1,E
13,Jim Furyk,"62' 8""",187.917,3,-2
14,Ryan Armour,"65' 10""",197.583,3,-2
15,Michael Kim,"66' 11""",66.917,1,-1
16,Jim Herman,"69' 9""",139.500,2,-1
17,Satoshi Kodaira,"70' 4""",70.333,1,E
18,Nick Taylor,"73' 1""",146.083,2,-3
19,Keith Mitchell,"74' 4""",74.333,1,-1
20,James Hahn,"84' 2""",84.167,1,E
21,Hudson Swafford,"85' 3""",85.250,1,E
22,Zach Johnson,"85' 4""",170.583,2,E
23,K.H. Lee,"86' 8""",86.667,1,-1
24,Webb Simpson,"87' 2""",87.167,1,E
25,Brian Stuard,"90' 4""",90.333,1,+1
26,Brendon Todd,"92' 1""",92.083,1,E
27,Vaughn Taylor,"102' 7""",102.583,1,E
28,Chris Baker,"105' 4""",105.333,1,-1
29,Si Woo Kim,"107' 4""",107.333,1,-1
