rank,player,Avg,Total Distance (feet),# of Attempts,Relative to par
1,Harris English,"2' 2""",2.167,1,E
2,Nick Taylor,"2' 6""",2.500,1,-1
3,Brian Stuard,"4' 9""",4.750,1,-1
4,Kevin Na,"5' 6""",5.500,1,-1
5,Brice Garnett,"6' 0""",6.000,1,-1
6,Daniel Berger,"6' 1""",18.250,3,-2
7,Jason Kokrak,"6' 4""",19.000,3,-1
8,Harry Higgs,"7' 0""",28.000,4,-1
9,Keith Mitchell,"8' 1""",8.083,1,E
10,Mike Weir,"8' 2""",8.167,1,-1
11,Jim Furyk,"8' 7""",8.583,1,E
12,Carlos Ortiz,"9' 6""",9.500,1,E
13,Sergio Garcia,"10' 1""",10.083,1,-1
14,Martin Trainer,"10' 5""",20.750,2,E
15,Charley Hoffman,"10' 6""",10.500,1,E
16,Hideki Matsuyama,"10' 8""",21.333,2,E
17,Lanto Griffin,"10' 10""",10.833,1,E
18,Matt Jones,"10' 11""",32.667,3,E
19,Si Woo Kim,"11' 3""",22.417,2,E
20,James Hahn,"11' 4""",11.333,1,E
21,Scott Brown,"11' 6""",11.500,1,E
22,Charles Howell III,"12' 3""",12.250,1,E
23,Jim Herman,"12' 5""",24.833,2,E
23,Pat Perez,"12' 5""",12.417,1,+1
25,Kevin Kisner,"12' 6""",37.500,3,-1
25,Sepp Straka,"12' 6""",12.500,1,E
27,Troy Merritt,"13' 0""",13.000,1,E
28,Michael Kim,"13' 3""",13.250,1,-1
29,Brian Gay,"13' 8""",13.667,1,-1
30,Anirban Lahiri,"13' 10""",13.833,1,-1
30,Jamie Lovemark,"13' 10""",13.833,1,E
32,Peter Malnati,"14' 1""",56.333,4,-2
33,Cameron Smith,"14' 2""",14.167,1,-1
34,Vaughn Taylor,"14' 3""",14.250,1,+1
35,Wesley Bryan,"15' 1""",45.250,3,-2
36,Adam Scott,"15' 10""",15.833,1,E
37,Mackenzie Hughes,"16' 0""",48.083,3,-2
38,Aaron Baddeley,"18' 1""",18.083,1,-1
38,Chris Baker,"18' 1""",18.083,1,E
40,Nick Hardy,"18' 7""",18.583,1,E
41,Ryosuke Kinoshita,"19' 0""",19.000,1,E
42,Emiliano Grillo,"19' 4""",19.333,1,E
43,Jerry Kelly,"20' 4""",61.083,3,E
44,Joaquin Niemann,"20' 10""",41.667,2,-1
45,Stewart Cink,"21' 0""",21.000,1,-1
46,K.J. Choi,"23' 8""",47.250,2,E
47,Mark Hubbard,"26' 4""",78.917,3,E
