rank,player,Avg,Total Distance (feet),# of Attempts,Relative to par
1,Michael Thompson,"1' 4""",1.333,1,-1
2,Jim Herman,"3' 6""",3.500,1,-1
3,Ryan Palmer,"3' 11""",3.917,1,-1
4,Wesley Bryan,"4' 6""",8.917,2,-1
5,Mark Hubbard,"5' 2""",5.167,1,-1
6,Hideki Matsuyama,"5' 3""",10.500,2,-2
7,Jim Furyk,"5' 5""",10.833,2,-2
8,Chez Reavie,"5' 9""",11.500,2,-2
9,Si Woo Kim,"6' 6""",6.500,1,-1
9,Patton Kizzire,"6' 6""",13.000,2,-2
11,Brian Stuard,"6' 10""",13.583,2,-1
12,Harry Higgs,"6' 11""",27.500,4,-3
13,Webb Simpson,"7' 2""",21.583,3,-1
14,Jamie Lovemark,"7' 8""",7.667,1,-1
15,Chris Kirk,"7' 9""",15.417,2,-2
16,Billy Horschel,"8' 1""",16.083,2,-1
17,Russell Henley,"8' 3""",8.250,1,E
18,Kevin Na,"8' 5""",16.750,2,E
19,Sepp Straka,"8' 6""",16.917,2,-1
20,Charley Hoffman,"8' 7""",8.583,1,E
21,Nick Hardy,"9' 1""",18.167,2,E
21,Keith Mitchell,"9' 1""",72.667,8,-6
23,Peter Malnati,"9' 10""",9.833,1,-1
24,Carlos Ortiz,"10' 10""",10.833,1,E
25,Anirban Lahiri,"11' 0""",11.000,1,E
26,Brian Gay,"11' 1""",33.167,3,-1
27,Austin Cook,"11' 3""",33.833,3,-2
27,Charles Howell III,"11' 3""",33.750,3,-3
29,Brendan Steele,"11' 4""",33.917,3,-2
30,Ryan Armour,"11' 7""",69.583,6,-3
31,Cam Davis,"11' 9""",70.583,6,-4
32,Sergio Garcia,"12' 1""",96.667,8,-4
33,Aaron Baddeley,"12' 4""",24.583,2,-2
33,Matt Jones,"12' 4""",24.583,2,-2
35,Troy Merritt,"12' 6""",12.500,1,E
36,Nick Taylor,"13' 0""",51.917,4,-1
37,Michael Kim,"13' 6""",54.000,4,-1
38,Robby Shelton,"13' 8""",68.250,5,-2
39,Jason Kokrak,"13' 10""",13.833,1,E
40,Brian Harman,"13' 11""",111.000,8,-6
40,Mike Weir,"13' 11""",13.917,1,E
42,Pat Perez,"14' 2""",56.750,4,-1
43,Scott Brown,"15' 0""",45.083,3,-1
44,Ryosuke Kinoshita,"15' 4""",30.667,2,-1
45,Sebastián Muñoz,"15' 7""",78.000,5,-2
45,Brendon Todd,"15' 7""",46.833,3,-2
47,Mackenzie Hughes,"15' 11""",31.750,2,E
48,Lanto Griffin,"16' 0""",48.000,3,-1
49,Marc Leishman,"16' 1""",48.250,3,-1
50,James Hahn,"16' 5""",32.833,2,-1
51,K.H. Lee,"16' 8""",16.667,1,E
52,Martin Trainer,"17' 3""",34.417,2,E
53,Vaughn Taylor,"17' 7""",35.083,2,-1
54,Stewart Cink,"18' 1""",72.417,4,-1
55,Collin Morikawa,"19' 7""",58.667,3,-1
56,Daniel Berger,"20' 7""",41.167,2,E
57,Hudson Swafford,"21' 5""",85.500,4,-1
58,Joaquin Niemann,"22' 2""",44.250,2,+1
59,Satoshi Kodaira,"22' 4""",67.000,3,-1
60,Sungjae Im,"22' 6""",67.500,3,E
61,Adam Scott,"23' 6""",23.500,1,E
62,Robert Streb,"26' 0""",52.000,2,-1
63,Kevin Kisner,"26' 8""",80.083,3,+1
64,Emiliano Grillo,"33' 8""",101.083,3,E
65,Brice Garnett,"34' 2""",68.333,2,E
66,Harris English,"36' 6""",36.500,1,E
67,Jerry Kelly,"40' 1""",40.083,1,E
68,Cameron Smith,"42' 4""",42.333,1,E
