rank,player,Avg,Total Distance (feet),# of Attempts,Relative to par
1,Collin Morikawa,"6' 7""",26.417,4,-1
2,Jim Furyk,"7' 4""",14.583,2,+1
3,Michael Kim,"7' 8""",22.917,3,-2
4,Sebastián Muñoz,"8' 6""",17.000,2,-1
5,Peter Malnati,"9' 0""",62.750,7,-4
6,Nick Hardy,"9' 6""",56.833,6,-2
7,Charles Howell III,"9' 9""",48.833,5,-3
8,Billy Horschel,"10' 7""",53.083,5,-3
9,K.J. Choi,"10' 11""",54.750,5,-1
10,Carlos Ortiz,"11' 8""",58.500,5,-3
11,Si Woo Kim,"11' 11""",71.583,6,-1
11,Joaquin Niemann,"11' 11""",83.250,7,-3
13,Kevin Na,"12' 0""",83.917,7,-2
13,Robert Streb,"12' 0""",48.083,4,-3
15,Hideki Matsuyama,"12' 3""",73.667,6,-2
15,Ryan Palmer,"12' 3""",49.083,4,-2
17,Emiliano Grillo,"12' 4""",98.333,8,-3
18,Kramer Hickok,"12' 7""",88.333,7,-3
19,Aaron Baddeley,"12' 8""",63.250,5,-2
20,Stewart Cink,"12' 10""",38.583,3,E
21,Vaughn Taylor,"12' 11""",77.333,6,-3
22,Chris Kirk,"13' 0""",52.000,4,E
23,Cam Davis,"13' 1""",91.333,7,-2
24,Mark Hubbard,"13' 2""",13.167,1,E
24,Martin Trainer,"13' 2""",26.250,2,E
26,Brian Stuard,"13' 8""",40.917,3,-1
27,James Hahn,"13' 11""",55.667,4,-4
28,Chez Reavie,"14' 3""",99.833,7,-2
28,Nick Taylor,"14' 3""",85.583,6,-4
30,Jerry Kelly,"14' 7""",29.083,2,E
31,Charley Hoffman,"14' 8""",102.583,7,-3
31,Patton Kizzire,"14' 8""",44.083,3,-1
33,Marc Leishman,"14' 11""",59.750,4,E
34,Satoshi Kodaira,"15' 2""",106.333,7,-2
35,Sergio Garcia,"15' 3""",45.667,3,E
36,Nelson Ledesma,"15' 6""",92.833,6,E
37,Ryosuke Kinoshita,"15' 8""",78.250,5,E
38,Adam Scott,"15' 9""",110.083,7,-5
39,Jason Kokrak,"15' 10""",79.167,5,-1
40,Chris Baker,"15' 11""",63.583,4,E
40,Sepp Straka,"15' 11""",31.833,2,-1
42,Lanto Griffin,"16' 1""",32.083,2,+1
43,K.H. Lee,"16' 2""",80.750,5,E
43,Brendon Todd,"16' 2""",64.500,4,E
45,Ryan Armour,"16' 5""",32.833,2,-1
46,Matt Jones,"16' 8""",66.500,4,E
47,Wesley Bryan,"17' 0""",102.000,6,+1
47,Sungjae Im,"17' 0""",102.083,6,-2
49,Anirban Lahiri,"17' 5""",52.250,3,-1
50,Brice Garnett,"17' 7""",52.750,3,-1
51,Kevin Kisner,"17' 8""",105.833,6,-1
52,Mackenzie Hughes,"17' 9""",70.917,4,E
53,Keith Mitchell,"18' 1""",18.083,1,-1
54,Cameron Smith,"18' 4""",91.833,5,E
55,Brian Harman,"18' 5""",129.167,7,-1
56,Jim Herman,"19' 5""",77.583,4,-1
57,Brian Gay,"19' 7""",117.250,6,-1
58,Mike Weir,"20' 1""",40.083,2,-1
59,Daniel Berger,"20' 6""",102.500,5,-1
60,Robby Shelton,"20' 10""",62.500,3,-3
61,Webb Simpson,"21' 6""",107.417,5,-4
62,Jamie Lovemark,"21' 8""",129.833,6,E
62,Michael Thompson,"21' 8""",129.833,6,E
64,Brendan Steele,"22' 4""",44.667,2,E
65,Scott Brown,"22' 6""",180.083,8,-1
66,Troy Merritt,"23' 8""",142.000,6,-3
67,Harry Higgs,"24' 8""",172.500,7,-4
68,Pat Perez,"24' 10""",49.583,2,E
69,Hudson Swafford,"26' 8""",106.583,4,E
70,Austin Cook,"30' 8""",91.917,3,-1
71,Harris English,"30' 11""",123.500,4,+1
72,Russell Henley,"32' 9""",98.250,3,E
73,Zach Johnson,"36' 9""",220.500,6,+1
