rank,player,Value,Total Drv Rank,GIR Rank
1,Collin Morikawa,2,1,1
2,Hideki Matsuyama,8,4,4
3,Taylor Pendrith,15,3,12
4,Robert MacIntyre,18,6,12
4,Will Zalatoris,18,14,4
6,Sam Burns,21,17,4
7,Aaron Rai,24,12,12
8,Maverick McNealy,27,23,4
9,Matt Fitzpatrick,29,8,21
10,Davis Thompson,30,18,12
11,Chris Gotterup,32,28,4
11,Denny McCarthy,32,11,21
13,Austin Eckroat,34,13,21
13,Harry Hall,34,22,12
15,Cam Davis,35,2,33
15,Jhonattan Vegas,35,23,12
17,Thomas Detry,37,4,33
17,Sungjae Im,37,10,27
19,J.T. Poston,41,8,33
20,Corey Conners,43,39,4
21,Max Homa,44,40,4
22,Byeong Hun An,45,18,27
22,Wyndham Clark,45,18,27
22,Sepp Straka,45,33,12
25,Nick Dunlap,49,45,4
25,Xander Schauffele,49,30,19
27,Keegan Bradley,51,30,21
27,Kevin Yu,51,6,45
29,Tom Hoge,53,51,2
30,Jason Day,57,55,2
31,Russell Henley,58,25,33
32,Ludvig Åberg,61,34,27
32,Max Greyserman,61,42,19
32,Viktor Hovland,61,16,45
35,Adam Hadwin,62,14,48
36,Sahith Theegala,63,30,33
37,Tony Finau,64,43,21
37,Brice Garnett,64,37,27
39,Billy Horschel,65,44,21
39,Nick Taylor,65,25,40
41,Akshay Bhatia,66,21,45
42,Eric Cole,73,25,48
43,Adam Scott,74,47,27
44,Rafael Campos,81,41,40
45,Stephan Jaeger,82,29,53
45,Matt McCarty,82,34,48
47,Chris Kirk,85,37,48
48,Patrick Cantlay,87,54,33
48,Nico Echavarria,87,47,40
50,Brian Harman,89,49,40
51,Si Woo Kim,90,34,56
52,Christiaan Bezuidenhout,91,58,33
52,Justin Thomas,91,51,40
54,Matthieu Pavon,102,45,57
54,Cameron Young,102,49,53
56,Patton Kizzire,108,56,52
57,Jake Knapp,110,57,53
58,Peter Malnati,111,53,58
