rank,player,%,Greens Hit,# Holes,Relative/Par
1,Collin Morikawa,91.67%,66,72,-0.50
2,Jason Day,88.89%,64,72,-0.27
2,Tom Hoge,88.89%,64,72,-0.34
4,Sam Burns,87.50%,63,72,-0.43
4,Corey Conners,87.50%,63,72,-0.46
4,Nick Dunlap,87.50%,63,72,-0.19
4,Chris Gotterup,87.50%,63,72,-0.30
4,Max Homa,87.50%,63,72,-0.37
4,Hideki Matsuyama,87.50%,63,72,-0.56
4,Maverick McNealy,87.50%,63,72,-0.41
4,Will Zalatoris,87.50%,63,72,-0.35
12,Harry Hall,86.11%,62,72,-0.40
12,Robert MacIntyre,86.11%,62,72,-0.39
12,Taylor Pendrith,86.11%,62,72,-0.45
12,Aaron Rai,86.11%,62,72,-0.42
12,Sepp Straka,86.11%,62,72,-0.44
12,Davis Thompson,86.11%,62,72,-0.35
12,Jhonattan Vegas,86.11%,62,72,-0.48
19,Max Greyserman,84.72%,61,72,-0.43
19,Xander Schauffele,84.72%,61,72,-0.36
21,Keegan Bradley,83.33%,60,72,-0.42
21,Austin Eckroat,83.33%,60,72,-0.47
21,Tony Finau,83.33%,60,72,-0.37
21,Matt Fitzpatrick,83.33%,60,72,-0.43
21,Billy Horschel,83.33%,60,72,-0.28
21,Denny McCarthy,83.33%,60,72,-0.27
27,Ludvig Åberg,81.94%,59,72,-0.46
27,Byeong Hun An,81.94%,59,72,-0.37
27,Wyndham Clark,81.94%,59,72,-0.47
27,Brice Garnett,81.94%,59,72,-0.24
27,Sungjae Im,81.94%,59,72,-0.56
27,Adam Scott,81.94%,59,72,-0.47
33,Christiaan Bezuidenhout,80.56%,58,72,-0.29
33,Patrick Cantlay,80.56%,58,72,-0.50
33,Cam Davis,80.56%,58,72,-0.53
33,Thomas Detry,80.56%,58,72,-0.48
33,Russell Henley,80.56%,58,72,-0.40
33,J.T. Poston,80.56%,58,72,-0.38
33,Sahith Theegala,80.56%,58,72,-0.40
40,Rafael Campos,79.17%,57,72,-0.32
40,Nico Echavarria,79.17%,57,72,-0.37
40,Brian Harman,79.17%,57,72,-0.23
40,Nick Taylor,79.17%,57,72,-0.30
40,Justin Thomas,79.17%,57,72,-0.49
45,Akshay Bhatia,77.78%,56,72,-0.36
45,Viktor Hovland,77.78%,56,72,-0.41
45,Kevin Yu,77.78%,56,72,-0.34
48,Eric Cole,76.39%,55,72,-0.25
48,Adam Hadwin,76.39%,55,72,-0.44
48,Chris Kirk,76.39%,55,72,-0.40
48,Matt McCarty,76.39%,55,72,-0.27
52,Patton Kizzire,75.00%,54,72,-0.39
53,Stephan Jaeger,73.61%,53,72,-0.43
53,Jake Knapp,73.61%,53,72,-0.40
53,Cameron Young,73.61%,53,72,-0.53
56,Si Woo Kim,72.22%,52,72,-0.46
57,Matthieu Pavon,69.44%,50,72,-0.36
58,Peter Malnati,65.28%,47,72,-0.36
