rank,player,Birdie to Bogey Ratio,Total Birdies and Better,Total Bogeys and Worse
1,Vijay Singh,3.60,18,5
2,Adam Scott,2.33,21,9
3,Trevor Immelman,2.11,19,9
4,Luke Donald,2.00,16,8
5,Davis Love III,1.90,19,10
6,Stephen Ames,1.88,15,8
7,J.B. Holmes,1.82,20,11
8,K.J. Choi,1.70,17,10
9,Stuart Appleby,1.67,15,9
9,J.J. Henry,1.67,15,9
11,Will MacKenzie,1.64,18,11
12,Troy Matteson,1.50,15,10
12,Rory Sabbatini,1.50,18,12
12,David Toms,1.50,18,12
15,Joe Durant,1.40,14,10
15,Kirk Triplett,1.40,14,10
17,Chris Couch,1.15,15,13
17,Geoff Ogilvy,1.15,15,13
19,Rod Pampling,1.08,13,12
20,Jim Furyk,1.00,11,11
20,John Senden,1.00,10,10
22,Tim Herron,.92,11,12
23,Aaron Baddeley,.88,14,16
24,Brett Wetterich,.87,13,15
25,Carl Pettersson,.86,12,14
26,John Rollins,.83,10,12
27,Eric Axley,.81,13,16
28,Corey Pavin,.71,10,14
29,D.J. Trahan,.56,9,16
30,Jeff Maggert,.53,10,19
30,Dean Wilson,.53,9,17
32,Chad Campbell,.44,8,18
33,Ben Curtis,.22,5,23
