rank,player,Average Bogeys per round,Total Bogeys,Rounds Played
1,Vijay Singh,1.25,5,4
2,Stephen Ames,1.50,6,4
3,Stuart Appleby,1.75,7,4
3,Luke Donald,1.75,7,4
5,Trevor Immelman,2.00,8,4
6,K.J. Choi,2.25,9,4
6,Joe Durant,2.25,9,4
6,J.J. Henry,2.25,9,4
6,Davis Love III,2.25,9,4
6,Adam Scott,2.25,9,4
6,John Senden,2.25,9,4
6,Kirk Triplett,2.25,9,4
13,J.B. Holmes,2.50,10,4
13,Troy Matteson,2.50,10,4
13,Rod Pampling,2.50,10,4
13,Rory Sabbatini,2.50,10,4
17,Jim Furyk,2.75,11,4
17,Will MacKenzie,2.75,11,4
17,Geoff Ogilvy,2.75,11,4
17,Corey Pavin,2.75,11,4
17,John Rollins,2.75,11,4
17,D.J. Trahan,2.75,11,4
23,Tim Herron,3.00,12,4
23,David Toms,3.00,12,4
25,Aaron Baddeley,3.25,13,4
25,Chris Couch,3.25,13,4
27,Eric Axley,3.50,14,4
27,Carl Pettersson,3.50,14,4
27,Brett Wetterich,3.50,14,4
30,Dean Wilson,3.75,15,4
31,Chad Campbell,4.00,16,4
32,Jeff Maggert,4.25,17,4
33,Ben Curtis,5.25,21,4
