rank,player,% Makes Bogey,Bogeys,Holes Played
1,Vijay Singh,6.94,5,72
2,Stephen Ames,11.11,8,72
2,Luke Donald,11.11,8,72
4,Stuart Appleby,12.50,9,72
4,J.J. Henry,12.50,9,72
4,Trevor Immelman,12.50,9,72
4,Adam Scott,12.50,9,72
8,K.J. Choi,13.89,10,72
8,Joe Durant,13.89,10,72
8,Davis Love III,13.89,10,72
8,Troy Matteson,13.89,10,72
8,John Senden,13.89,10,72
8,Kirk Triplett,13.89,10,72
14,Jim Furyk,15.28,11,72
14,J.B. Holmes,15.28,11,72
14,Will MacKenzie,15.28,11,72
17,Tim Herron,16.67,12,72
17,Rod Pampling,16.67,12,72
17,John Rollins,16.67,12,72
17,Rory Sabbatini,16.67,12,72
17,David Toms,16.67,12,72
22,Chris Couch,18.06,13,72
22,Geoff Ogilvy,18.06,13,72
24,Corey Pavin,19.44,14,72
24,Carl Pettersson,19.44,14,72
26,Brett Wetterich,20.83,15,72
27,Eric Axley,22.22,16,72
27,Aaron Baddeley,22.22,16,72
27,D.J. Trahan,22.22,16,72
30,Dean Wilson,23.61,17,72
31,Chad Campbell,25.00,18,72
32,Jeff Maggert,26.39,19,72
33,Ben Curtis,31.94,23,72
