rank,player,% under then over par,Total under then over Par,Under Par
1,J.J. Henry,.00,0,13
1,Troy Matteson,.00,0,14
1,Carl Pettersson,.00,0,9
4,Trevor Immelman,6.25,1,16
5,Joe Durant,8.33,1,12
5,Kirk Triplett,8.33,1,12
7,Eric Axley,9.09,1,11
8,Jim Furyk,10.00,1,10
9,John Rollins,11.11,1,9
9,Vijay Singh,11.11,2,18
11,Davis Love III,11.76,2,17
11,Rory Sabbatini,11.76,2,17
13,Will MacKenzie,12.50,2,16
13,John Senden,12.50,1,8
15,K.J. Choi,13.33,2,15
16,Dean Wilson,14.29,1,7
17,Stephen Ames,15.38,2,13
18,Aaron Baddeley,16.67,2,12
18,Chris Couch,16.67,2,12
18,J.B. Holmes,16.67,3,18
18,Rod Pampling,16.67,2,12
18,Adam Scott,16.67,3,18
23,Brett Wetterich,18.18,2,11
24,David Toms,20.00,3,15
25,Corey Pavin,22.22,2,9
26,Stuart Appleby,25.00,3,12
26,Luke Donald,25.00,4,16
26,Jeff Maggert,25.00,2,8
29,Chad Campbell,28.57,2,7
30,Geoff Ogilvy,38.46,5,13
31,Ben Curtis,40.00,2,5
31,Tim Herron,40.00,4,10
33,D.J. Trahan,50.00,3,6
