rank,player,Avg,Total Strokes,Total Rounds
1,Graeme McDowell,32.00,32,1
1,Ian Poulter,32.00,32,1
3,Robert Garrigus,33.00,33,1
4,Jonathan Byrd,34.00,34,1
4,Tim Clark,34.00,34,1
4,Ben Crane,34.00,34,1
4,Dustin Johnson,34.00,34,1
4,Anthony Kim,34.00,34,1
4,Hunter Mahan,34.00,34,1
4,Ryan Palmer,34.00,34,1
4,Justin Rose,34.00,34,1
4,Steve Stricker,34.00,34,1
4,Bubba Watson,34.00,34,1
14,Matt Bettencourt,35.00,35,1
14,Jason Bohn,35.00,35,1
14,Ernie Els,35.00,35,1
14,Bill Haas,35.00,35,1
14,Matt Kuchar,35.00,35,1
14,Derek Lamely,35.00,35,1
14,Francesco Molinari,35.00,35,1
21,Arjun Atwal,36.00,36,1
21,Cameron Beckman,36.00,36,1
21,Rocco Mediate,36.00,36,1
21,Carl Pettersson,36.00,36,1
21,Heath Slocum,36.00,36,1
26,Jason Day,37.00,37,1
26,Jim Furyk,37.00,37,1
26,Charley Hoffman,37.00,37,1
26,Zach Johnson,37.00,37,1
26,Bill Lunde,37.00,37,1
26,Adam Scott,37.00,37,1
32,Stuart Appleby,38.00,38,1
