rank,player,Low Rnd
1,Robert Garrigus,31
1,Steve Stricker,31
3,Ernie Els,32
3,Graeme McDowell,32
3,Francesco Molinari,32
3,Carl Pettersson,32
3,Ian Poulter,32
3,Justin Rose,32
9,Jonathan Byrd,33
9,Bill Haas,33
9,Charley Hoffman,33
9,Dustin Johnson,33
9,Matt Kuchar,33
9,Bubba Watson,33
15,Arjun Atwal,34
15,Tim Clark,34
15,Ben Crane,34
15,Jason Day,34
15,Zach Johnson,34
15,Anthony Kim,34
15,Hunter Mahan,34
15,Ryan Palmer,34
15,Adam Scott,34
24,Cameron Beckman,35
24,Matt Bettencourt,35
24,Jason Bohn,35
24,Jim Furyk,35
24,Derek Lamely,35
24,Bill Lunde,35
30,Stuart Appleby,36
30,Rocco Mediate,36
30,Heath Slocum,36
