rank,player,Avg,Total Strokes,Total Rounds
1,Steve Stricker,31.00,31,1
2,Jonathan Byrd,33.00,33,1
2,Robert Garrigus,33.00,33,1
2,Dustin Johnson,33.00,33,1
2,Justin Rose,33.00,33,1
6,Arjun Atwal,34.00,34,1
6,Charley Hoffman,34.00,34,1
6,Anthony Kim,34.00,34,1
6,Ryan Palmer,34.00,34,1
10,Matt Bettencourt,35.00,35,1
10,Jason Day,35.00,35,1
10,Bill Haas,35.00,35,1
10,Zach Johnson,35.00,35,1
10,Matt Kuchar,35.00,35,1
10,Bill Lunde,35.00,35,1
10,Graeme McDowell,35.00,35,1
10,Ian Poulter,35.00,35,1
18,Cameron Beckman,36.00,36,1
18,Jim Furyk,36.00,36,1
18,Francesco Molinari,36.00,36,1
18,Carl Pettersson,36.00,36,1
22,Stuart Appleby,37.00,37,1
22,Jason Bohn,37.00,37,1
22,Ben Crane,37.00,37,1
22,Rocco Mediate,37.00,37,1
22,Adam Scott,37.00,37,1
22,Heath Slocum,37.00,37,1
22,Bubba Watson,37.00,37,1
29,Tim Clark,38.00,38,1
29,Ernie Els,38.00,38,1
31,Derek Lamely,39.00,39,1
32,Hunter Mahan,42.00,42,1
