rank,player,Avg,Total Strokes,Total Rounds
1,Carl Pettersson,32.00,32,1
2,Bill Haas,33.00,33,1
2,Charley Hoffman,33.00,33,1
4,Ben Crane,34.00,34,1
4,Robert Garrigus,34.00,34,1
6,Cameron Beckman,35.00,35,1
6,Jonathan Byrd,35.00,35,1
6,Tim Clark,35.00,35,1
6,Zach Johnson,35.00,35,1
6,Anthony Kim,35.00,35,1
6,Matt Kuchar,35.00,35,1
6,Bill Lunde,35.00,35,1
6,Francesco Molinari,35.00,35,1
6,Steve Stricker,35.00,35,1
6,Bubba Watson,35.00,35,1
16,Stuart Appleby,36.00,36,1
16,Jason Bohn,36.00,36,1
16,Jason Day,36.00,36,1
16,Ernie Els,36.00,36,1
16,Jim Furyk,36.00,36,1
16,Hunter Mahan,36.00,36,1
22,Derek Lamely,37.00,37,1
22,Graeme McDowell,37.00,37,1
22,Ryan Palmer,37.00,37,1
22,Ian Poulter,37.00,37,1
22,Adam Scott,37.00,37,1
27,Arjun Atwal,38.00,38,1
27,Matt Bettencourt,38.00,38,1
27,Dustin Johnson,38.00,38,1
27,Rocco Mediate,38.00,38,1
27,Heath Slocum,38.00,38,1
32,Justin Rose,39.00,39,1
