rank,player,Avg,Total Strokes,Total Holes
1,Robert Garrigus,32.75,131,4
2,Steve Stricker,33.50,134,4
3,Jonathan Byrd,34.00,136,4
4,Carl Pettersson,34.25,137,4
5,Bill Haas,34.50,138,4
5,Matt Kuchar,34.50,138,4
5,Francesco Molinari,34.50,138,4
5,Ian Poulter,34.50,138,4
5,Justin Rose,34.50,138,4
10,Dustin Johnson,34.75,139,4
10,Bubba Watson,34.75,139,4
12,Anthony Kim,35.00,140,4
12,Graeme McDowell,35.00,140,4
14,Tim Clark,35.25,141,4
14,Ernie Els,35.25,141,4
14,Zach Johnson,35.25,141,4
17,Ben Crane,35.50,142,4
17,Jason Day,35.50,142,4
17,Bill Lunde,35.50,142,4
17,Ryan Palmer,35.50,142,4
21,Matt Bettencourt,35.75,143,4
21,Charley Hoffman,35.75,143,4
23,Jim Furyk,36.00,144,4
24,Cameron Beckman,36.25,145,4
24,Adam Scott,36.25,145,4
26,Arjun Atwal,36.50,146,4
26,Jason Bohn,36.50,146,4
26,Hunter Mahan,36.50,146,4
29,Rocco Mediate,36.75,147,4
30,Heath Slocum,37.00,148,4
31,Stuart Appleby,37.25,149,4
32,Derek Lamely,38.00,152,4
