rank,player,Avg,Total Strokes,Total Rounds
1,Robert Garrigus,31.00,31,1
2,Ernie Els,32.00,32,1
2,Francesco Molinari,32.00,32,1
2,Justin Rose,32.00,32,1
5,Matt Kuchar,33.00,33,1
5,Carl Pettersson,33.00,33,1
5,Bubba Watson,33.00,33,1
8,Jonathan Byrd,34.00,34,1
8,Tim Clark,34.00,34,1
8,Jason Day,34.00,34,1
8,Dustin Johnson,34.00,34,1
8,Zach Johnson,34.00,34,1
8,Hunter Mahan,34.00,34,1
8,Ian Poulter,34.00,34,1
8,Adam Scott,34.00,34,1
8,Steve Stricker,34.00,34,1
17,Matt Bettencourt,35.00,35,1
17,Jim Furyk,35.00,35,1
17,Bill Haas,35.00,35,1
17,Bill Lunde,35.00,35,1
21,Graeme McDowell,36.00,36,1
21,Rocco Mediate,36.00,36,1
23,Ben Crane,37.00,37,1
23,Anthony Kim,37.00,37,1
23,Ryan Palmer,37.00,37,1
23,Heath Slocum,37.00,37,1
27,Stuart Appleby,38.00,38,1
27,Arjun Atwal,38.00,38,1
27,Cameron Beckman,38.00,38,1
27,Jason Bohn,38.00,38,1
31,Charley Hoffman,39.00,39,1
32,Derek Lamely,41.00,41,1
