rank,player,%,Greens Hit,# Holes,Relative/Par
1,Aaron Baddeley,100.0%,5,5,E
1,Ryan Brehm,100.0%,2,2,-1.00
1,Eric Cole,100.0%,5,5,E
1,MJ Daffue,100.0%,6,6,E
1,Harris English,100.0%,4,4,+1.00
1,Russell Henley,100.0%,5,5,-2.00
1,Tom Hoge,100.0%,4,4,-1.00
1,Stephan Jaeger,100.0%,6,6,-3.00
1,S.H. Kim,100.0%,1,1,-1.00
1,Kelly Kraft,100.0%,5,5,-1.00
1,Hideki Matsuyama,100.0%,8,8,-1.00
1,Ryan Palmer,100.0%,5,5,-1.00
1,J.J. Spaun,100.0%,8,8,-1.00
1,Adam Svensson,100.0%,2,2,E
1,Kevin Yu,100.0%,1,1,E
16,Denny McCarthy,85.7%,6,7,-1.00
17,Joseph Bramlett,83.3%,5,6,E
17,Chris Kirk,83.3%,5,6,-3.00
17,Russell Knox,83.3%,5,6,-1.00
17,Danny Lee,83.3%,5,6,E
21,Ben Martin,81.8%,9,11,-4.00
22,Hayden Buckley,80.0%,4,5,E
22,K.H. Lee,80.0%,4,5,-2.00
22,Doc Redman,80.0%,4,5,-1.00
22,Justin Suh,80.0%,4,5,-1.00
26,Andrew Putnam,77.8%,7,9,-4.00
27,Byeong Hun An,75.0%,6,8,-3.00
27,Brice Garnett,75.0%,3,4,E
27,Si Woo Kim,75.0%,6,8,-1.00
27,J.T. Poston,75.0%,3,4,-1.00
27,Nick Taylor,75.0%,3,4,-1.00
27,Brendon Todd,75.0%,3,4,E
27,Joseph Winslow,75.0%,3,4,E
34,Nico Echavarria,71.4%,5,7,-4.00
34,Cole Hammer,71.4%,5,7,-2.00
34,David Lipsky,71.4%,5,7,-4.00
34,Andrew Novak,71.4%,5,7,-1.00
38,Anders Albertson,66.7%,4,6,-2.00
38,Will Gordon,66.7%,2,3,E
38,Matt Kuchar,66.7%,2,3,-1.00
38,Nate Lashley,66.7%,2,3,E
38,Adam Long,66.7%,4,6,-3.00
38,Troy Merritt,66.7%,2,3,E
38,Chez Reavie,66.7%,4,6,E
38,Adam Scott,66.7%,4,6,-1.00
38,Greyson Sigg,66.7%,2,3,E
47,Chad Ramey,62.5%,5,8,E
47,Kevin Tway,62.5%,5,8,+1.00
49,Kazuki Higa,60.0%,3,5,-1.00
49,Taylor Montgomery,60.0%,3,5,-1.00
51,Nick Hardy,55.6%,5,9,E
51,Brian Harman,55.6%,5,9,-3.00
53,Tyson Alexander,50.0%,4,8,-2.00
53,Zac Blair,50.0%,1,2,-1.00
53,Corey Conners,50.0%,2,4,E
53,Ben Griffin,50.0%,1,2,E
53,Harry Hall,50.0%,1,2,E
53,Kurt Kitayama,50.0%,1,2,E
53,Patton Kizzire,50.0%,1,2,-1.00
53,Maverick McNealy,50.0%,3,6,-2.00
53,Keita Nakajima,50.0%,1,2,E
53,Augusto Núñez,50.0%,2,4,-1.00
53,Aaron Rai,50.0%,1,2,+1.00
53,Adam Schenk,50.0%,1,2,-1.00
53,Taiga Semikawa,50.0%,2,4,E
53,Brendan Steele,50.0%,1,2,E
53,Davis Thompson,50.0%,2,4,E
68,Zach Johnson,42.9%,3,7,E
68,Michael Thompson,42.9%,3,7,-1.00
70,Austin Smotherman,40.0%,2,5,-1.00
70,Ben Taylor,40.0%,2,5,-1.00
72,Cam Davis,33.3%,1,3,E
72,Brian Stuard,33.3%,2,6,-2.00
74,Stewart Cink,25.0%,1,4,E
75,Carl Yuan,.0%,0,2,E
