rank,player,%,Greens Hit,Total Holes,Relative to par
1,Anders Albertson,100.00%,11,11,-0.64
1,Zac Blair,100.00%,11,11,-0.82
1,Joseph Bramlett,100.00%,16,16,-0.56
1,Hayden Buckley,100.00%,11,11,-0.64
1,Eric Cole,100.00%,11,11,-0.45
1,Harris English,100.00%,8,8,-0.38
1,Brice Garnett,100.00%,9,9,-0.56
1,Harry Hall,100.00%,14,14,-0.64
1,Cole Hammer,100.00%,10,10,-0.50
1,Kazuki Higa,100.00%,11,11,-0.64
1,Chris Kirk,100.00%,11,11,-0.64
1,Russell Knox,100.00%,10,10,-0.50
1,Nate Lashley,100.00%,11,11,-0.64
1,David Lipsky,100.00%,11,11,-0.82
1,Ben Martin,100.00%,7,7,-0.43
1,Maverick McNealy,100.00%,10,10,-0.70
1,Troy Merritt,100.00%,9,9,-0.67
1,Augusto Núñez,100.00%,20,20,-0.55
1,Ryan Palmer,100.00%,14,14,-0.43
1,Andrew Putnam,100.00%,9,9,-1.00
1,Chez Reavie,100.00%,10,10,-0.50
1,Adam Scott,100.00%,14,14,-0.64
1,J.J. Spaun,100.00%,11,11,-0.45
1,Brian Stuard,100.00%,6,6,-0.50
1,Justin Suh,100.00%,7,7,-0.71
1,Adam Svensson,100.00%,14,14,-0.50
1,Ben Taylor,100.00%,10,10,-0.70
1,Davis Thompson,100.00%,13,13,-0.62
1,Michael Thompson,100.00%,10,10,-0.90
1,Brendon Todd,100.00%,10,10,-0.70
1,Kevin Yu,100.00%,15,15,-0.73
32,Ryan Brehm,94.44%,17,18,-0.65
32,Will Gordon,94.44%,17,18,-0.35
32,Stephan Jaeger,94.44%,17,18,-0.35
32,Kevin Tway,94.44%,17,18,-0.35
36,Carl Yuan,94.12%,16,17,-0.81
37,Corey Conners,93.33%,14,15,-0.64
37,Nick Hardy,93.33%,14,15,-0.64
37,J.T. Poston,93.33%,14,15,-0.79
37,Brendan Steele,93.33%,14,15,-0.71
41,Andrew Novak,92.86%,13,14,-0.62
42,Brian Harman,92.31%,12,13,-0.42
42,S.H. Kim,92.31%,12,13,-0.67
42,Matt Kuchar,92.31%,12,13,-0.75
42,K.H. Lee,92.31%,12,13,-0.50
42,Keita Nakajima,92.31%,12,13,-0.50
47,Hideki Matsuyama,91.67%,11,12,-0.55
47,Austin Smotherman,91.67%,11,12,-0.64
49,Adam Long,90.91%,10,11,-0.90
49,Denny McCarthy,90.91%,10,11,-0.60
51,Tyson Alexander,90.00%,9,10,-0.67
51,Patton Kizzire,90.00%,9,10,-0.67
51,Kelly Kraft,90.00%,9,10,-0.78
51,Greyson Sigg,90.00%,9,10,-0.67
51,Nick Taylor,90.00%,9,10,-0.56
51,Joseph Winslow,90.00%,18,20,-0.61
57,Stewart Cink,88.89%,16,18,-0.69
57,Zach Johnson,88.89%,8,9,-0.63
57,Doc Redman,88.89%,8,9,-0.50
60,Taylor Montgomery,88.24%,15,17,-0.73
61,Russell Henley,87.50%,7,8,-0.86
62,Nico Echavarria,86.67%,13,15,-0.77
63,Ben Griffin,85.71%,12,14,-0.33
63,Tom Hoge,85.71%,12,14,-0.67
65,Cam Davis,85.00%,17,20,-0.82
66,Byeong Hun An,84.62%,11,13,-0.82
66,Danny Lee,84.62%,11,13,-0.82
68,MJ Daffue,83.33%,15,18,-0.27
68,Chad Ramey,83.33%,10,12,-0.30
70,Austin Eckroat,80.00%,12,15,-0.67
70,Aaron Rai,80.00%,8,10,-0.13
72,Si Woo Kim,78.57%,11,14,-1.00
73,Kurt Kitayama,77.78%,7,9,-0.57
73,Taiga Semikawa,77.78%,14,18,-0.29
75,Aaron Baddeley,72.73%,8,11,-0.50
76,Adam Schenk,71.43%,5,7,-0.80
