rank,player,%,Greens Hit,Total Holes,Relative to par
1,Si Woo Kim,85.96%,49,57,-0.20
2,Corey Conners,82.46%,47,57,-0.11
3,J.J. Spaun,80.33%,49,61,-0.22
4,Russell Henley,79.37%,50,63,-0.20
5,Aaron Rai,79.03%,49,62,-0.16
6,Hayden Buckley,78.69%,48,61,-0.31
6,Nate Lashley,78.69%,48,61,-0.17
8,Chris Kirk,78.33%,47,60,-0.28
9,Doc Redman,77.78%,49,63,-0.22
10,Ben Griffin,77.59%,45,58,-0.29
11,Cam Davis,76.92%,40,52,-0.03
11,Justin Suh,76.92%,50,65,-0.22
13,Aaron Baddeley,75.41%,46,61,-0.24
14,J.T. Poston,75.00%,42,56,-0.17
15,Ben Taylor,74.19%,46,62,-0.20
16,Matt Kuchar,74.14%,43,58,-0.21
16,K.H. Lee,74.14%,43,58,-0.23
16,Andrew Novak,74.14%,43,58,-0.14
16,Adam Svensson,74.14%,43,58,-0.14
20,Stephan Jaeger,74.07%,40,54,-0.20
21,Ben Martin,73.85%,48,65,-0.25
22,Nick Hardy,73.21%,41,56,-0.20
23,Harris English,73.02%,46,63,-0.15
24,Byeong Hun An,72.41%,42,58,-0.24
25,Carl Yuan,72.22%,39,54,-0.26
26,Denny McCarthy,72.13%,44,61,-0.20
26,Nick Taylor,72.13%,44,61,-0.32
28,Ryan Brehm,71.70%,38,53,-0.21
29,Joseph Bramlett,71.43%,40,56,-0.05
29,Brice Garnett,71.43%,45,63,-0.33
29,Kurt Kitayama,71.43%,45,63,-0.09
29,Troy Merritt,71.43%,45,63,-0.18
33,Russell Knox,70.97%,44,62,-0.16
34,S.H. Kim,70.69%,41,58,-0.27
34,Danny Lee,70.69%,41,58,-0.20
34,Ryan Palmer,70.69%,41,58,-0.22
37,Adam Schenk,70.31%,45,64,-0.11
38,Nico Echavarria,70.18%,40,57,-0.23
39,David Lipsky,70.00%,42,60,-0.26
39,Augusto Núñez,70.00%,35,50,-0.26
39,Chad Ramey,70.00%,42,60,-0.24
42,Brendan Steele,69.64%,39,56,-0.13
43,Brian Harman,69.49%,41,59,-0.24
43,Adam Long,69.49%,41,59,-0.07
45,Keita Nakajima,68.97%,40,58,-0.18
46,Kelly Kraft,68.85%,42,61,-0.14
47,Stewart Cink,68.52%,37,54,-0.19
47,MJ Daffue,68.52%,37,54,-0.11
47,Kevin Tway,68.52%,37,54,-0.16
50,Eric Cole,68.33%,41,60,-0.17
50,Hideki Matsuyama,68.33%,41,60,-0.15
52,Austin Smotherman,67.80%,40,59,-0.20
53,Patton Kizzire,67.21%,41,61,-0.15
53,Maverick McNealy,67.21%,41,61,-0.29
55,Tyson Alexander,66.67%,40,60,-0.28
55,Austin Eckroat,66.67%,38,57,-0.21
55,Taiga Semikawa,66.67%,36,54,-0.25
58,Greyson Sigg,65.57%,40,61,-0.20
59,Andrew Putnam,65.08%,41,63,-0.27
60,Kevin Yu,64.91%,37,57,-0.30
61,Davis Thompson,64.41%,38,59,-0.08
62,Joseph Winslow,64.00%,32,50,-0.22
63,Tom Hoge,63.79%,37,58,-0.22
64,Will Gordon,62.96%,34,54,-0.29
65,Chez Reavie,62.90%,39,62,-0.23
65,Brendon Todd,62.90%,39,62,-0.31
67,Adam Scott,62.50%,35,56,-0.20
68,Kazuki Higa,62.30%,38,61,-0.13
69,Cole Hammer,61.29%,38,62,-0.24
70,Taylor Montgomery,60.00%,33,55,-0.21
71,Michael Thompson,59.68%,37,62,-0.19
72,Harry Hall,58.62%,34,58,-0.32
73,Anders Albertson,58.33%,35,60,-0.23
74,Zach Johnson,58.06%,36,62,-0.11
75,Brian Stuard,56.92%,37,65,-0.22
76,Zac Blair,55.00%,33,60,-0.24
