rank,player,%,Greens Hit,Total Holes,Relative to par
1,Cam Davis,100.00%,7,7,+0.29
1,J.T. Poston,100.00%,13,13,-0.23
3,Brian Harman,94.12%,16,17,-0.44
4,Nick Taylor,93.75%,15,16,-0.13
5,Stephan Jaeger,92.86%,13,14,-0.31
6,Hayden Buckley,92.31%,12,13,-0.50
6,Brice Garnett,92.31%,12,13,-0.42
6,Kurt Kitayama,92.31%,12,13,-0.25
6,Hideki Matsuyama,92.31%,12,13,-0.17
10,Si Woo Kim,91.67%,11,12,-0.27
11,Carl Yuan,90.91%,10,11,-0.40
12,Aaron Rai,90.00%,9,10,-0.44
13,Ryan Brehm,88.89%,8,9,-0.63
13,Nick Hardy,88.89%,8,9,-0.25
13,Chris Kirk,88.89%,16,18,-0.44
13,Augusto Núñez,88.89%,8,9,-0.38
17,Nate Lashley,87.50%,14,16,-0.29
17,Ben Martin,87.50%,14,16,-0.21
19,Chad Ramey,86.67%,13,15,-0.23
19,Michael Thompson,86.67%,13,15,-0.23
19,Brendon Todd,86.67%,13,15,-0.23
22,Danny Lee,85.71%,6,7,-0.17
23,J.J. Spaun,84.62%,11,13,E
24,Aaron Baddeley,83.33%,15,18,-0.53
24,MJ Daffue,83.33%,15,18,-0.13
24,Matt Kuchar,83.33%,15,18,-0.13
24,Maverick McNealy,83.33%,10,12,-0.30
28,Keita Nakajima,82.35%,14,17,-0.21
29,Eric Cole,81.82%,9,11,-0.11
29,Austin Eckroat,81.82%,9,11,-0.11
29,Harris English,81.82%,9,11,-0.11
29,Denny McCarthy,81.82%,9,11,E
33,Taylor Montgomery,80.00%,8,10,-0.25
33,Taiga Semikawa,80.00%,12,15,-0.42
35,Cole Hammer,78.57%,11,14,-0.27
35,Adam Svensson,78.57%,11,14,-0.09
35,Ben Taylor,78.57%,11,14,-0.09
38,Adam Schenk,77.78%,7,9,E
38,Brian Stuard,77.78%,7,9,-0.29
38,Kevin Yu,77.78%,7,9,-0.14
41,Tyson Alexander,76.92%,10,13,-0.40
41,Ryan Palmer,76.92%,10,13,-0.20
41,Justin Suh,76.92%,10,13,-0.30
44,K.H. Lee,76.47%,13,17,-0.08
45,Anders Albertson,75.00%,6,8,-0.50
45,David Lipsky,75.00%,9,12,-0.44
45,Andrew Putnam,75.00%,6,8,-0.50
45,Chez Reavie,75.00%,15,20,-0.20
45,Doc Redman,75.00%,9,12,-0.11
45,Greyson Sigg,75.00%,12,16,-0.42
45,Brendan Steele,75.00%,12,16,-0.17
52,Russell Knox,73.33%,11,15,-0.45
53,Stewart Cink,71.43%,10,14,-0.30
53,Davis Thompson,71.43%,10,14,+0.20
55,Harry Hall,70.00%,7,10,-0.14
55,Adam Scott,70.00%,7,10,-0.43
57,Corey Conners,69.23%,9,13,+0.11
57,Ben Griffin,69.23%,9,13,-0.22
57,Andrew Novak,69.23%,9,13,-0.44
60,Byeong Hun An,66.67%,8,12,-0.38
60,Zac Blair,66.67%,6,9,-0.50
60,Joseph Bramlett,66.67%,8,12,E
60,Nico Echavarria,66.67%,12,18,-0.17
60,Kazuki Higa,66.67%,10,15,-0.20
60,Troy Merritt,66.67%,8,12,-0.13
60,Austin Smotherman,66.67%,8,12,-0.38
60,Kevin Tway,66.67%,10,15,-0.20
68,Russell Henley,63.64%,7,11,-0.29
69,S.H. Kim,62.50%,5,8,E
70,Tom Hoge,61.11%,11,18,-0.27
71,Will Gordon,60.00%,6,10,-0.33
72,Kelly Kraft,55.56%,5,9,-0.20
72,Joseph Winslow,55.56%,5,9,E
74,Zach Johnson,54.55%,6,11,-0.17
75,Patton Kizzire,45.45%,5,11,-0.60
76,Adam Long,33.33%,3,9,E
