rank,player,%,Greens Hit,Total Holes,Relative to par
1,Russell Henley,100.00%,5,5,E
2,Adam Svensson,85.71%,6,7,+0.17
3,Brian Harman,83.33%,5,6,-0.40
4,Si Woo Kim,80.00%,4,5,E
5,Tom Hoge,77.78%,7,9,E
6,Ryan Brehm,75.00%,3,4,-0.33
6,Hayden Buckley,75.00%,3,4,E
6,J.J. Spaun,75.00%,6,8,-0.17
9,Aaron Baddeley,71.43%,5,7,E
9,Nico Echavarria,71.43%,5,7,-0.40
9,Ryan Palmer,71.43%,5,7,+0.20
12,Corey Conners,66.67%,4,6,E
12,Austin Eckroat,66.67%,4,6,E
12,Ben Griffin,66.67%,2,3,-1.00
12,Matt Kuchar,66.67%,4,6,-0.25
12,David Lipsky,66.67%,4,6,+0.25
12,Adam Long,66.67%,4,6,E
12,Adam Schenk,66.67%,4,6,-0.25
19,Nate Lashley,62.50%,5,8,E
19,Troy Merritt,62.50%,5,8,-0.20
19,Doc Redman,62.50%,5,8,-0.20
22,Byeong Hun An,60.00%,3,5,E
22,Brendan Steele,60.00%,3,5,-0.33
22,Joseph Winslow,60.00%,3,5,-0.67
25,Stewart Cink,57.14%,4,7,-0.50
25,Nick Hardy,57.14%,4,7,-0.50
25,Taylor Montgomery,57.14%,4,7,E
25,Ben Taylor,57.14%,4,7,-0.25
25,Davis Thompson,57.14%,4,7,E
30,Harris English,55.56%,5,9,+0.20
31,Kelly Kraft,54.55%,6,11,+0.17
32,Tyson Alexander,50.00%,3,6,-0.33
32,Cam Davis,50.00%,3,6,+0.33
32,Will Gordon,50.00%,2,4,E
32,Stephan Jaeger,50.00%,3,6,E
32,Kurt Kitayama,50.00%,4,8,E
32,Patton Kizzire,50.00%,4,8,E
32,Ben Martin,50.00%,4,8,E
32,Andrew Novak,50.00%,3,6,E
32,J.T. Poston,50.00%,2,4,E
32,Andrew Putnam,50.00%,4,8,+0.25
32,Taiga Semikawa,50.00%,2,4,E
32,Justin Suh,50.00%,3,6,E
32,Nick Taylor,50.00%,3,6,-0.33
32,Kevin Tway,50.00%,2,4,E
46,Eric Cole,42.86%,3,7,E
46,MJ Daffue,42.86%,3,7,-0.33
46,Zach Johnson,42.86%,3,7,-0.33
49,K.H. Lee,40.00%,2,5,E
49,Austin Smotherman,40.00%,2,5,E
49,Carl Yuan,40.00%,2,5,+0.50
52,Russell Knox,37.50%,3,8,E
53,Harry Hall,36.36%,4,11,E
54,Zac Blair,33.33%,3,9,+0.33
54,Brice Garnett,33.33%,2,6,+0.50
54,Kazuki Higa,33.33%,3,9,E
54,Maverick McNealy,33.33%,2,6,E
54,Keita Nakajima,33.33%,1,3,E
59,Chris Kirk,28.57%,2,7,E
59,Danny Lee,28.57%,2,7,E
59,Augusto Núñez,28.57%,2,7,E
59,Aaron Rai,28.57%,2,7,E
59,Chez Reavie,28.57%,2,7,E
64,Joseph Bramlett,25.00%,1,4,-1.00
64,Cole Hammer,25.00%,2,8,E
64,Denny McCarthy,25.00%,2,8,-0.50
64,Brian Stuard,25.00%,3,12,-0.33
64,Michael Thompson,25.00%,2,8,E
64,Brendon Todd,25.00%,2,8,-0.50
70,Chad Ramey,22.22%,2,9,-0.50
71,Adam Scott,20.00%,1,5,E
72,Kevin Yu,16.67%,1,6,E
73,Anders Albertson,14.29%,1,7,E
73,S.H. Kim,14.29%,1,7,E
75,Hideki Matsuyama,.00%,0,4,E
75,Greyson Sigg,.00%,0,5,E
