rank,player,%,Total Hit,Total Attempts,RTP Score
1,Si Woo Kim,93.06%,67,72,-27.00
2,Corey Conners,90.28%,65,72,-18.00
2,Nate Lashley,90.28%,65,72,-19.00
2,Justin Suh,90.28%,65,72,-21.00
5,Chris Kirk,88.89%,64,72,-25.00
6,Ben Griffin,87.50%,63,72,-17.00
6,Andrew Novak,87.50%,63,72,-20.00
8,Joseph Bramlett,86.11%,62,72,-14.00
8,Cam Davis,86.11%,62,72,-18.00
8,Stephan Jaeger,86.11%,62,72,-18.00
8,K.H. Lee,86.11%,62,72,-21.00
8,J.J. Spaun,86.11%,62,72,-16.00
8,Ben Taylor,86.11%,62,72,-19.00
14,Ryan Brehm,84.72%,61,72,-21.00
14,Hayden Buckley,84.72%,61,72,-23.00
14,Matt Kuchar,84.72%,61,72,-22.00
14,David Lipsky,84.72%,61,72,-24.00
14,Augusto Núñez,84.72%,61,72,-25.00
14,Aaron Rai,84.72%,61,72,-11.00
14,Nick Taylor,84.72%,61,72,-22.00
21,Austin Eckroat,83.33%,60,72,-22.00
21,Adam Svensson,83.33%,60,72,-16.00
23,Nico Echavarria,81.94%,59,72,-22.00
23,Brian Harman,81.94%,59,72,-18.00
23,Russell Henley,81.94%,59,72,-18.00
23,J.T. Poston,81.94%,59,72,-21.00
23,Doc Redman,81.94%,59,72,-16.00
23,Carl Yuan,81.94%,59,72,-26.00
29,Stewart Cink,80.56%,58,72,-23.00
29,Nick Hardy,80.56%,58,72,-19.00
29,S.H. Kim,80.56%,58,72,-22.00
29,Russell Knox,80.56%,58,72,-15.00
29,Danny Lee,80.56%,58,72,-20.00
29,Hideki Matsuyama,80.56%,58,72,-14.00
29,Adam Schenk,80.56%,58,72,-14.00
36,Aaron Baddeley,79.17%,57,72,-16.00
36,Brice Garnett,79.17%,57,72,-21.00
36,Tom Hoge,79.17%,57,72,-19.00
36,Maverick McNealy,79.17%,57,72,-21.00
36,Keita Nakajima,79.17%,57,72,-12.00
36,Ryan Palmer,79.17%,57,72,-16.00
36,Brendan Steele,79.17%,57,72,-19.00
36,Davis Thompson,79.17%,57,72,-16.00
36,Kevin Tway,79.17%,57,72,-14.00
45,Byeong Hun An,77.78%,56,72,-21.00
45,Ben Martin,77.78%,56,72,-16.00
45,Denny McCarthy,77.78%,56,72,-17.00
45,Taylor Montgomery,77.78%,56,72,-23.00
45,Austin Smotherman,77.78%,56,72,-17.00
45,Kevin Yu,77.78%,56,72,-25.00
51,Harris English,76.39%,55,72,-11.00
51,Will Gordon,76.39%,55,72,-18.00
51,Cole Hammer,76.39%,55,72,-19.00
51,Kelly Kraft,76.39%,55,72,-15.00
51,Adam Long,76.39%,55,72,-15.00
51,Troy Merritt,76.39%,55,72,-15.00
51,Adam Scott,76.39%,55,72,-22.00
51,Greyson Sigg,76.39%,55,72,-18.00
59,Tyson Alexander,75.00%,54,72,-21.00
59,Kurt Kitayama,75.00%,54,72,-8.00
59,Patton Kizzire,75.00%,54,72,-14.00
59,Andrew Putnam,75.00%,54,72,-20.00
59,Chad Ramey,75.00%,54,72,-15.00
59,Taiga Semikawa,75.00%,54,72,-15.00
59,Joseph Winslow,75.00%,54,72,-21.00
66,Eric Cole,73.61%,53,72,-13.00
66,MJ Daffue,73.61%,53,72,-8.00
66,Harry Hall,73.61%,53,72,-22.00
66,Chez Reavie,73.61%,53,72,-18.00
66,Michael Thompson,73.61%,53,72,-20.00
71,Kazuki Higa,72.22%,52,72,-14.00
71,Brendon Todd,72.22%,52,72,-22.00
73,Anders Albertson,69.44%,50,72,-17.00
73,Brian Stuard,69.44%,50,72,-15.00
75,Zac Blair,68.06%,49,72,-20.00
76,Zach Johnson,66.67%,48,72,-11.00
