rank,player,%,Greens Hit,# of Holes
1,Carl Yuan,96.77%,30,31
2,Ryan Brehm,96.43%,27,28
3,Stewart Cink,96.30%,26,27
4,Augusto Núñez,94.44%,34,36
5,Corey Conners,93.94%,31,33
6,Tyson Alexander,93.10%,27,29
7,Kevin Tway,92.86%,26,28
8,Joseph Bramlett,92.31%,24,26
8,Ben Griffin,92.31%,24,26
10,Hayden Buckley,92.11%,35,38
11,Brice Garnett,91.43%,32,35
12,Nick Taylor,91.18%,31,34
13,Harris English,90.91%,30,33
14,Denny McCarthy,90.32%,28,31
14,Ryan Palmer,90.32%,28,31
16,Brendan Steele,89.74%,35,39
17,Nick Hardy,89.29%,25,28
17,Kurt Kitayama,89.29%,25,28
17,J.J. Spaun,89.29%,25,28
17,Davis Thompson,89.29%,25,28
21,Cam Davis,89.19%,33,37
22,Stephan Jaeger,88.89%,24,27
23,Si Woo Kim,88.57%,31,35
23,J.T. Poston,88.57%,31,35
23,Justin Suh,88.57%,31,35
26,MJ Daffue,88.00%,22,25
26,Russell Knox,88.00%,22,25
26,Ben Martin,88.00%,22,25
29,Hideki Matsuyama,87.50%,28,32
30,Brian Harman,87.10%,27,31
31,Harry Hall,86.67%,26,30
31,Chris Kirk,86.67%,26,30
31,Chad Ramey,86.67%,26,30
34,Doc Redman,86.11%,31,36
35,Keita Nakajima,85.71%,30,35
36,Aaron Baddeley,85.29%,29,34
36,Adam Svensson,85.29%,29,34
38,Nico Echavarria,84.85%,28,33
39,Matt Kuchar,84.38%,27,32
40,Troy Merritt,83.87%,26,31
41,S.H. Kim,83.33%,25,30
41,Aaron Rai,83.33%,35,42
41,Ben Taylor,83.33%,25,30
44,Will Gordon,82.86%,29,35
45,Chez Reavie,82.35%,28,34
46,Byeong Hun An,82.14%,23,28
47,Russell Henley,82.05%,32,39
48,Joseph Winslow,81.82%,18,22
49,Danny Lee,81.25%,26,32
49,Andrew Novak,81.25%,26,32
51,Maverick McNealy,80.77%,21,26
52,K.H. Lee,80.65%,25,31
52,Austin Smotherman,80.65%,25,31
54,David Lipsky,80.56%,29,36
54,Adam Long,80.56%,29,36
56,Cole Hammer,80.00%,28,35
57,Kazuki Higa,79.41%,27,34
58,Zach Johnson,79.31%,23,29
59,Nate Lashley,78.79%,26,33
60,Eric Cole,77.78%,21,27
60,Kelly Kraft,77.78%,28,36
60,Kevin Yu,77.78%,28,36
63,Taiga Semikawa,77.42%,24,31
64,Adam Scott,76.92%,20,26
65,Anders Albertson,76.67%,23,30
66,Michael Thompson,76.47%,26,34
67,Brendon Todd,76.32%,29,38
68,Adam Schenk,76.00%,19,25
69,Andrew Putnam,75.86%,22,29
70,Tom Hoge,75.76%,25,33
70,Greyson Sigg,75.76%,25,33
72,Austin Eckroat,74.29%,26,35
73,Patton Kizzire,74.19%,23,31
74,Zac Blair,73.33%,22,30
75,Brian Stuard,72.41%,21,29
76,Taylor Montgomery,71.88%,23,32
