rank,player,%,Greens Hit,Total Holes,Relative to par
1,Russell Knox,100.00%,17,17,-0.29
1,J.J. Spaun,100.00%,22,22,-0.50
1,Davis Thompson,100.00%,21,21,-0.43
1,Michael Thompson,100.00%,14,14,-0.71
5,Augusto Núñez,95.83%,23,24,-0.48
6,Will Gordon,95.65%,22,23,-0.36
7,Kevin Tway,95.24%,20,21,-0.40
8,Hayden Buckley,95.00%,19,20,-0.53
8,Denny McCarthy,95.00%,19,20,-0.42
8,Brendan Steele,95.00%,19,20,-0.58
11,Chris Kirk,94.74%,18,19,-0.56
11,Andrew Novak,94.74%,18,19,-0.56
11,Justin Suh,94.74%,18,19,-0.44
14,Joseph Bramlett,94.44%,17,18,-0.53
14,Kelly Kraft,94.44%,17,18,-0.53
16,Eric Cole,94.12%,16,17,-0.31
16,Russell Henley,94.12%,16,17,-0.63
16,Nate Lashley,94.12%,16,17,-0.44
19,K.H. Lee,93.75%,15,16,-0.47
19,Troy Merritt,93.75%,15,16,-0.47
19,Chez Reavie,93.75%,15,16,-0.40
22,Kazuki Higa,93.33%,14,15,-0.43
22,Ben Taylor,93.33%,14,15,-0.57
24,Adam Long,92.86%,13,14,-0.77
24,Ben Martin,92.86%,13,14,-0.62
26,Corey Conners,92.31%,24,26,-0.54
26,Brice Garnett,92.31%,12,13,-0.67
26,Joseph Winslow,92.31%,24,26,-0.54
29,Kevin Yu,92.00%,23,25,-0.65
30,Ryan Palmer,91.67%,22,24,-0.45
30,Adam Scott,91.67%,22,24,-0.55
32,Ryan Brehm,91.30%,21,23,-0.57
32,Stephan Jaeger,91.30%,21,23,-0.38
32,S.H. Kim,91.30%,21,23,-0.62
35,J.T. Poston,90.48%,19,21,-0.58
35,Austin Smotherman,90.48%,19,21,-0.42
35,Carl Yuan,90.48%,19,21,-0.68
38,Anders Albertson,90.00%,18,20,-0.44
38,Patton Kizzire,90.00%,18,20,-0.44
40,Cole Hammer,88.89%,16,18,-0.50
40,Keita Nakajima,88.89%,16,18,-0.50
40,Aaron Rai,88.89%,16,18,-0.25
40,Brendon Todd,88.89%,16,18,-0.63
44,Zac Blair,88.24%,15,17,-0.60
44,Kurt Kitayama,88.24%,15,17,-0.27
44,David Lipsky,88.24%,15,17,-0.67
47,MJ Daffue,88.00%,22,25,-0.32
48,Stewart Cink,87.50%,21,24,-0.57
48,Matt Kuchar,87.50%,14,16,-0.64
48,Andrew Putnam,87.50%,14,16,-0.64
48,Doc Redman,87.50%,14,16,-0.50
52,Ben Griffin,86.96%,20,23,-0.40
52,Harry Hall,86.96%,20,23,-0.60
52,Brian Harman,86.96%,20,23,-0.30
55,Hideki Matsuyama,86.67%,13,15,-0.62
55,Chad Ramey,86.67%,13,15,-0.31
55,Nick Taylor,86.67%,13,15,-0.62
58,Nico Echavarria,86.36%,19,22,-0.53
58,Adam Svensson,86.36%,19,22,-0.42
60,Nick Hardy,85.71%,18,21,-0.50
60,Brian Stuard,85.71%,12,14,-0.42
62,Tom Hoge,85.00%,17,20,-0.59
62,Maverick McNealy,85.00%,17,20,-0.65
62,Greyson Sigg,85.00%,17,20,-0.35
65,Harris English,83.33%,10,12,-0.30
66,Cam Davis,82.14%,23,28,-0.65
67,Tyson Alexander,81.25%,13,16,-0.46
68,Austin Eckroat,77.27%,17,22,-0.47
68,Si Woo Kim,77.27%,17,22,-0.76
68,Taylor Montgomery,77.27%,17,22,-0.71
68,Taiga Semikawa,77.27%,17,22,-0.29
72,Byeong Hun An,75.00%,18,24,-0.61
72,Aaron Baddeley,75.00%,12,16,-0.33
72,Zach Johnson,75.00%,12,16,-0.58
75,Danny Lee,73.91%,17,23,-0.65
76,Adam Schenk,69.23%,9,13,-0.44
