rank,player,%,Greens Hit,# of holes
1,Nate Lashley,82.61%,19,23
2,J.J. Spaun,82.14%,23,28
3,Justin Suh,80.95%,17,21
4,Stephan Jaeger,79.31%,23,29
5,MJ Daffue,74.19%,23,31
6,S.H. Kim,73.08%,19,26
6,Chris Kirk,73.08%,19,26
8,Hayden Buckley,72.22%,13,18
9,Brian Harman,72.00%,18,25
10,Aaron Rai,71.43%,10,14
11,Joseph Bramlett,70.00%,21,30
11,Doc Redman,70.00%,14,20
13,Eric Cole,68.97%,20,29
14,Adam Svensson,68.18%,15,22
15,Si Woo Kim,66.67%,14,21
15,Matt Kuchar,66.67%,16,24
15,Keita Nakajima,66.67%,14,21
15,Andrew Novak,66.67%,16,24
19,Corey Conners,65.22%,15,23
20,Russell Henley,64.71%,11,17
21,Russell Knox,64.52%,20,31
21,Ben Martin,64.52%,20,31
23,K.H. Lee,64.00%,16,25
23,Troy Merritt,64.00%,16,25
23,Ryan Palmer,64.00%,16,25
23,Taiga Semikawa,64.00%,16,25
23,Austin Smotherman,64.00%,16,25
28,Ben Griffin,63.33%,19,30
28,Maverick McNealy,63.33%,19,30
30,Austin Eckroat,61.90%,13,21
31,Ben Taylor,61.54%,16,26
32,Nico Echavarria,60.87%,14,23
32,Tom Hoge,60.87%,14,23
32,Greyson Sigg,60.87%,14,23
35,Byeong Hun An,60.71%,17,28
36,Kevin Yu,60.00%,12,20
36,Carl Yuan,60.00%,15,25
38,Andrew Putnam,59.26%,16,27
39,Kazuki Higa,59.09%,13,22
40,Hideki Matsuyama,58.33%,14,24
41,Anders Albertson,57.69%,15,26
42,Ryan Brehm,57.14%,16,28
42,Will Gordon,57.14%,12,21
42,Nick Hardy,57.14%,16,28
42,Kurt Kitayama,57.14%,16,28
42,J.T. Poston,57.14%,12,21
42,Kevin Tway,57.14%,16,28
48,Adam Scott,56.67%,17,30
49,Harris English,56.52%,13,23
50,Denny McCarthy,56.00%,14,25
51,Joseph Winslow,55.88%,19,34
52,Brendon Todd,55.56%,10,18
53,David Lipsky,55.00%,11,20
53,Adam Long,55.00%,11,20
55,Adam Schenk,54.84%,17,31
56,Nick Taylor,54.55%,12,22
57,Danny Lee,54.17%,13,24
57,Taylor Montgomery,54.17%,13,24
59,Chad Ramey,53.85%,14,26
60,Cam Davis,52.63%,10,19
61,Cole Hammer,52.38%,11,21
62,Patton Kizzire,52.00%,13,25
63,Stewart Cink,51.72%,15,29
64,Aaron Baddeley,50.00%,11,22
64,Kelly Kraft,50.00%,10,20
64,Chez Reavie,50.00%,11,22
64,Davis Thompson,50.00%,14,28
68,Brice Garnett,47.62%,10,21
69,Harry Hall,46.15%,12,26
70,Michael Thompson,45.45%,10,22
71,Augusto Núñez,45.00%,9,20
72,Brian Stuard,44.44%,12,27
73,Zac Blair,42.31%,11,26
74,Tyson Alexander,40.74%,11,27
75,Zach Johnson,37.04%,10,27
76,Brendan Steele,35.29%,6,17
