rank,player,%,Greens Hit,Total Holes,Relative to par
1,MJ Daffue,100.00%,7,7,-0.43
1,Will Gordon,100.00%,5,5,-0.40
1,Russell Henley,100.00%,9,9,-0.44
1,Kurt Kitayama,100.00%,8,8,E
1,Russell Knox,100.00%,7,7,E
1,Kelly Kraft,100.00%,8,8,-0.25
1,K.H. Lee,100.00%,3,3,-0.33
1,Adam Long,100.00%,3,3,-0.33
1,Denny McCarthy,100.00%,9,9,-0.22
1,Andrew Novak,100.00%,5,5,-0.40
1,Aaron Rai,100.00%,8,8,-0.38
1,Chad Ramey,100.00%,3,3,-0.33
1,J.J. Spaun,100.00%,11,11,-0.55
1,Brendan Steele,100.00%,5,5,-0.20
1,Davis Thompson,100.00%,8,8,-0.13
1,Michael Thompson,100.00%,4,4,-0.25
1,Kevin Tway,100.00%,3,3,-0.67
1,Joseph Winslow,100.00%,6,6,-0.33
19,Justin Suh,91.67%,11,12,-0.27
20,Corey Conners,90.91%,10,11,-0.40
21,S.H. Kim,90.00%,9,10,-0.56
21,Patton Kizzire,90.00%,9,10,-0.22
23,Hayden Buckley,88.89%,8,9,-0.38
23,Ben Griffin,88.89%,8,9,-0.50
23,Austin Smotherman,88.89%,8,9,-0.13
26,Chris Kirk,87.50%,7,8,-0.43
27,Nico Echavarria,85.71%,6,7,E
27,Ben Martin,85.71%,6,7,-0.83
27,Troy Merritt,85.71%,6,7,-0.17
27,Doc Redman,85.71%,6,7,-0.50
31,Stewart Cink,83.33%,5,6,-0.20
31,Eric Cole,83.33%,5,6,E
31,Tom Hoge,83.33%,5,6,-0.40
31,Nate Lashley,83.33%,5,6,E
31,J.T. Poston,83.33%,5,6,E
31,Chez Reavie,83.33%,5,6,-0.20
37,Aaron Baddeley,80.00%,4,5,E
37,Ryan Brehm,80.00%,4,5,-0.25
37,Brian Harman,80.00%,8,10,-0.13
37,Stephan Jaeger,80.00%,4,5,-0.50
37,Keita Nakajima,80.00%,4,5,-0.50
37,Ryan Palmer,80.00%,8,10,-0.50
37,Adam Scott,80.00%,8,10,-0.38
37,Greyson Sigg,80.00%,8,10,E
37,Ben Taylor,80.00%,4,5,-0.25
37,Nick Taylor,80.00%,4,5,-0.75
37,Kevin Yu,80.00%,8,10,-0.50
48,Anders Albertson,77.78%,7,9,-0.14
49,Cam Davis,75.00%,6,8,-0.17
49,Brice Garnett,75.00%,3,4,-1.00
49,Cole Hammer,75.00%,6,8,-0.50
49,Kazuki Higa,75.00%,3,4,+0.33
49,Si Woo Kim,75.00%,6,8,-0.33
49,Augusto Núñez,75.00%,3,4,E
49,Taiga Semikawa,75.00%,3,4,-0.33
49,Brian Stuard,75.00%,6,8,-0.33
49,Brendon Todd,75.00%,6,8,-0.50
49,Carl Yuan,75.00%,3,4,E
59,Austin Eckroat,71.43%,5,7,E
59,Andrew Putnam,71.43%,5,7,E
61,Maverick McNealy,70.00%,7,10,-0.57
62,Tyson Alexander,66.67%,4,6,E
62,Zac Blair,66.67%,4,6,E
62,Harry Hall,66.67%,6,9,-0.50
62,Nick Hardy,66.67%,4,6,E
62,Matt Kuchar,66.67%,2,3,E
62,David Lipsky,66.67%,4,6,-0.25
62,Hideki Matsuyama,66.67%,2,3,-1.00
62,Adam Schenk,66.67%,4,6,E
70,Byeong Hun An,63.64%,7,11,-0.29
71,Adam Svensson,62.50%,5,8,-0.20
72,Danny Lee,60.00%,6,10,-0.33
73,Zach Johnson,57.14%,4,7,-0.50
74,Joseph Bramlett,50.00%,1,2,E
74,Harris English,50.00%,2,4,E
76,Taylor Montgomery,40.00%,2,5,-0.50
