rank,player,%,Greens Hit,Total Holes,Relative to par
1,Anders Albertson,100.00%,5,5,-0.60
1,Tyson Alexander,100.00%,8,8,-0.75
1,Byeong Hun An,100.00%,10,10,-0.90
1,Zac Blair,100.00%,9,9,-0.89
1,Joseph Bramlett,100.00%,16,16,-0.56
1,Ryan Brehm,100.00%,12,12,-0.67
1,Hayden Buckley,100.00%,11,11,-0.64
1,Eric Cole,100.00%,8,8,-0.50
1,Harris English,100.00%,5,5,-0.40
1,Brice Garnett,100.00%,4,4,-1.00
1,Harry Hall,100.00%,7,7,-0.86
1,Cole Hammer,100.00%,8,8,-0.50
1,Brian Harman,100.00%,6,6,-0.83
1,Russell Henley,100.00%,5,5,-0.80
1,Kazuki Higa,100.00%,7,7,-0.57
1,Tom Hoge,100.00%,8,8,-0.63
1,Stephan Jaeger,100.00%,11,11,-0.55
1,Chris Kirk,100.00%,5,5,-1.00
1,Russell Knox,100.00%,8,8,-0.38
1,Matt Kuchar,100.00%,9,9,-0.78
1,Nate Lashley,100.00%,8,8,-0.88
1,K.H. Lee,100.00%,10,10,-0.60
1,David Lipsky,100.00%,7,7,-0.86
1,Adam Long,100.00%,7,7,-1.14
1,Ben Martin,100.00%,5,5,-0.40
1,Hideki Matsuyama,100.00%,7,7,-0.71
1,Maverick McNealy,100.00%,10,10,-0.70
1,Troy Merritt,100.00%,9,9,-0.67
1,Andrew Novak,100.00%,9,9,-0.78
1,Augusto Núñez,100.00%,13,13,-0.62
1,Ryan Palmer,100.00%,8,8,-0.50
1,J.T. Poston,100.00%,7,7,-1.14
1,Andrew Putnam,100.00%,7,7,-1.00
1,Chez Reavie,100.00%,8,8,-0.63
1,Doc Redman,100.00%,6,6,-0.67
1,Adam Scott,100.00%,11,11,-0.73
1,J.J. Spaun,100.00%,6,6,-0.83
1,Brendan Steele,100.00%,8,8,-1.00
1,Brian Stuard,100.00%,4,4,-0.50
1,Justin Suh,100.00%,6,6,-0.83
1,Adam Svensson,100.00%,8,8,-0.63
1,Ben Taylor,100.00%,6,6,-0.83
1,Davis Thompson,100.00%,8,8,-0.88
1,Michael Thompson,100.00%,8,8,-1.00
1,Brendon Todd,100.00%,7,7,-1.00
1,Kevin Yu,100.00%,13,13,-0.69
47,Joseph Winslow,93.75%,15,16,-0.60
48,Corey Conners,92.86%,13,14,-0.69
48,Carl Yuan,92.86%,13,14,-0.85
50,Cam Davis,92.31%,12,13,-1.00
50,Will Gordon,92.31%,12,13,-0.42
52,Nick Hardy,90.91%,10,11,-0.70
52,S.H. Kim,90.91%,10,11,-0.80
54,Nico Echavarria,90.00%,9,10,-0.89
54,Kevin Tway,90.00%,9,10,-0.67
56,Ben Griffin,88.89%,8,9,-0.38
56,Patton Kizzire,88.89%,8,9,-0.75
56,Chad Ramey,88.89%,8,9,-0.25
59,Keita Nakajima,87.50%,7,8,-0.86
59,Aaron Rai,87.50%,7,8,-0.14
59,Austin Smotherman,87.50%,7,8,-0.71
62,Stewart Cink,85.71%,12,14,-0.75
62,Kelly Kraft,85.71%,6,7,-0.83
62,Greyson Sigg,85.71%,6,7,-0.67
62,Nick Taylor,85.71%,6,7,-0.50
66,MJ Daffue,84.62%,11,13,-0.27
66,Taylor Montgomery,84.62%,11,13,-0.73
68,Zach Johnson,83.33%,5,6,-0.60
68,Si Woo Kim,83.33%,10,12,-1.00
68,Kurt Kitayama,83.33%,5,6,-0.80
68,Denny McCarthy,83.33%,5,6,-1.00
68,Adam Schenk,83.33%,5,6,-0.80
68,Taiga Semikawa,83.33%,10,12,-0.30
74,Danny Lee,80.00%,8,10,-0.88
75,Austin Eckroat,76.92%,10,13,-0.80
76,Aaron Baddeley,75.00%,6,8,-0.50
