rank,player,Avg,Total Strokes,Total Rounds
1,Vijay Singh,30.00,30,1
1,Mike Weir,30.00,30,1
3,Stuart Appleby,31.00,31,1
4,Ernie Els,32.00,32,1
4,Sergio Garcia,32.00,32,1
6,Stewart Cink,33.00,33,1
6,Jonathan Kaye,33.00,33,1
6,Joey Sindelar,33.00,33,1
6,David Toms,33.00,33,1
10,Woody Austin,34.00,34,1
10,Chad Campbell,34.00,34,1
10,John Daly,34.00,34,1
10,Retief Goosen,34.00,34,1
10,Rod Pampling,34.00,34,1
10,Adam Scott,34.00,34,1
10,Tiger Woods,34.00,34,1
17,Jonathan Byrd,35.00,35,1
17,Carlos Franco,35.00,35,1
17,Todd Hamilton,35.00,35,1
17,Zach Johnson,35.00,35,1
17,Ryan Palmer,35.00,35,1
17,Craig Parry,35.00,35,1
17,Andre Stolz,35.00,35,1
24,Steve Flesch,36.00,36,1
24,Fred Funk,36.00,36,1
24,Heath Slocum,36.00,36,1
27,Bart Bryant,37.00,37,1
27,Vaughn Taylor,37.00,37,1
29,Stephen Ames,38.00,38,1
29,Brent Geiberger,38.00,38,1
29,Mark Hensby,38.00,38,1
