rank,player,Avg,Total Strokes,Total Holes
1,Stewart Cink,32.50,130,4
2,Stuart Appleby,33.00,132,4
3,Vijay Singh,33.25,133,4
4,Craig Parry,33.50,134,4
5,Ernie Els,33.75,135,4
6,Woody Austin,34.00,136,4
6,Jonathan Kaye,34.00,136,4
6,David Toms,34.00,136,4
9,Jonathan Byrd,34.25,137,4
9,John Daly,34.25,137,4
9,Adam Scott,34.25,137,4
9,Tiger Woods,34.25,137,4
13,Retief Goosen,34.50,138,4
13,Rod Pampling,34.50,138,4
13,Vaughn Taylor,34.50,138,4
13,Mike Weir,34.50,138,4
17,Sergio Garcia,34.75,139,4
17,Zach Johnson,34.75,139,4
19,Stephen Ames,35.00,140,4
19,Joey Sindelar,35.00,140,4
19,Andre Stolz,35.00,140,4
22,Bart Bryant,35.25,141,4
22,Chad Campbell,35.25,141,4
22,Fred Funk,35.25,141,4
22,Ryan Palmer,35.25,141,4
26,Carlos Franco,35.50,142,4
26,Todd Hamilton,35.50,142,4
26,Heath Slocum,35.50,142,4
29,Mark Hensby,36.00,144,4
30,Steve Flesch,36.25,145,4
31,Brent Geiberger,37.50,150,4
