rank,player,Avg,Total Strokes,Total Rounds
1,Stephen Ames,32.00,32,1
1,Stewart Cink,32.00,32,1
3,Stuart Appleby,33.00,33,1
3,Ernie Els,33.00,33,1
3,Fred Funk,33.00,33,1
3,Ryan Palmer,33.00,33,1
7,Woody Austin,34.00,34,1
7,Bart Bryant,34.00,34,1
7,Jonathan Byrd,34.00,34,1
7,Rod Pampling,34.00,34,1
7,Craig Parry,34.00,34,1
7,Adam Scott,34.00,34,1
7,Vijay Singh,34.00,34,1
7,Vaughn Taylor,34.00,34,1
15,John Daly,35.00,35,1
15,Retief Goosen,35.00,35,1
15,Todd Hamilton,35.00,35,1
15,Zach Johnson,35.00,35,1
15,Jonathan Kaye,35.00,35,1
15,Andre Stolz,35.00,35,1
15,David Toms,35.00,35,1
15,Mike Weir,35.00,35,1
15,Tiger Woods,35.00,35,1
24,Chad Campbell,36.00,36,1
24,Steve Flesch,36.00,36,1
24,Carlos Franco,36.00,36,1
24,Mark Hensby,36.00,36,1
24,Joey Sindelar,36.00,36,1
24,Heath Slocum,36.00,36,1
30,Sergio Garcia,38.00,38,1
30,Brent Geiberger,38.00,38,1
