rank,player,Avg,Total Strokes,Total Rounds
1,Stuart Appleby,32.00,32,1
2,Jonathan Byrd,33.00,33,1
2,Adam Scott,33.00,33,1
2,David Toms,33.00,33,1
5,Stewart Cink,34.00,34,1
5,Jonathan Kaye,34.00,34,1
5,Craig Parry,34.00,34,1
5,Tiger Woods,34.00,34,1
9,Stephen Ames,35.00,35,1
9,Woody Austin,35.00,35,1
9,John Daly,35.00,35,1
9,Ernie Els,35.00,35,1
9,Carlos Franco,35.00,35,1
9,Sergio Garcia,35.00,35,1
9,Ryan Palmer,35.00,35,1
9,Vijay Singh,35.00,35,1
9,Vaughn Taylor,35.00,35,1
18,Bart Bryant,36.00,36,1
18,Fred Funk,36.00,36,1
18,Retief Goosen,36.00,36,1
18,Todd Hamilton,36.00,36,1
18,Mark Hensby,36.00,36,1
18,Zach Johnson,36.00,36,1
18,Rod Pampling,36.00,36,1
18,Joey Sindelar,36.00,36,1
18,Heath Slocum,36.00,36,1
18,Andre Stolz,36.00,36,1
28,Chad Campbell,37.00,37,1
29,Steve Flesch,38.00,38,1
29,Brent Geiberger,38.00,38,1
31,Mike Weir,39.00,39,1
