rank,player,Low Rnd
1,Vijay Singh,30
1,Mike Weir,30
3,Stuart Appleby,31
3,Stewart Cink,31
3,Craig Parry,31
6,Stephen Ames,32
6,Ernie Els,32
6,Sergio Garcia,32
6,Vaughn Taylor,32
10,Woody Austin,33
10,Jonathan Byrd,33
10,John Daly,33
10,Fred Funk,33
10,Retief Goosen,33
10,Zach Johnson,33
10,Jonathan Kaye,33
10,Ryan Palmer,33
10,Adam Scott,33
10,Joey Sindelar,33
10,David Toms,33
21,Bart Bryant,34
21,Chad Campbell,34
21,Mark Hensby,34
21,Rod Pampling,34
21,Heath Slocum,34
21,Andre Stolz,34
21,Tiger Woods,34
28,Steve Flesch,35
28,Carlos Franco,35
28,Todd Hamilton,35
31,Brent Geiberger,36
