rank,player,Avg,Total Strokes,Total Holes
1,Brooks Koepka,32.50,130,4
2,Jordan Spieth,32.75,131,4
3,Brandt Snedeker,33.25,133,4
4,Troy Merritt,33.50,134,4
5,Rickie Fowler,33.75,135,4
5,Peter Malnati,33.75,135,4
5,Patrick Reed,33.75,135,4
8,Jason Day,34.00,136,4
8,Fabián Gómez,34.00,136,4
8,Padraig Harrington,34.00,136,4
8,Zach Johnson,34.00,136,4
8,Chris Kirk,34.00,136,4
8,Russell Knox,34.00,136,4
8,David Lingmerth,34.00,136,4
8,Jimmy Walker,34.00,136,4
16,Steven Bowditch,34.25,137,4
16,Alex Cejka,34.25,137,4
16,Bill Haas,34.25,137,4
16,Kevin Kisner,34.25,137,4
16,Bubba Watson,34.25,137,4
21,Dustin Johnson,34.50,138,4
21,Smylie Kaufman,34.50,138,4
23,Emiliano Grillo,35.00,140,4
24,Danny Lee,35.25,141,4
24,Scott Piercy,35.25,141,4
26,Matt Every,35.75,143,4
26,James Hahn,35.75,143,4
26,Justin Thomas,35.75,143,4
29,J.J. Henry,36.25,145,4
29,J.B. Holmes,36.25,145,4
29,Davis Love III,36.25,145,4
32,Graeme McDowell,36.50,146,4
