rank,player,Avg,Total Strokes,Total Rounds
1,Matt Every,33.00,33,1
1,Fabián Gómez,33.00,33,1
1,Emiliano Grillo,33.00,33,1
1,Kevin Kisner,33.00,33,1
1,Russell Knox,33.00,33,1
1,Brooks Koepka,33.00,33,1
1,Danny Lee,33.00,33,1
1,Brandt Snedeker,33.00,33,1
1,Jordan Spieth,33.00,33,1
1,Bubba Watson,33.00,33,1
11,Steven Bowditch,34.00,34,1
11,Bill Haas,34.00,34,1
11,J.B. Holmes,34.00,34,1
11,Zach Johnson,34.00,34,1
11,Chris Kirk,34.00,34,1
11,Scott Piercy,34.00,34,1
11,Patrick Reed,34.00,34,1
18,Jason Day,35.00,35,1
18,Rickie Fowler,35.00,35,1
18,Padraig Harrington,35.00,35,1
18,Smylie Kaufman,35.00,35,1
18,Peter Malnati,35.00,35,1
18,Graeme McDowell,35.00,35,1
18,Jimmy Walker,35.00,35,1
25,Alex Cejka,36.00,36,1
25,Dustin Johnson,36.00,36,1
25,David Lingmerth,36.00,36,1
28,J.J. Henry,37.00,37,1
28,Davis Love III,37.00,37,1
28,Troy Merritt,37.00,37,1
28,Justin Thomas,37.00,37,1
32,James Hahn,39.00,39,1
