rank,player,Low Rnd
1,Brooks Koepka,30
1,Jimmy Walker,30
3,Jason Day,31
3,Brandt Snedeker,31
3,Jordan Spieth,31
6,Fabián Gómez,32
6,James Hahn,32
6,Dustin Johnson,32
6,Kevin Kisner,32
6,Troy Merritt,32
6,Patrick Reed,32
12,Alex Cejka,33
12,Matt Every,33
12,Rickie Fowler,33
12,Emiliano Grillo,33
12,Padraig Harrington,33
12,Chris Kirk,33
12,Russell Knox,33
12,Danny Lee,33
12,David Lingmerth,33
12,Peter Malnati,33
12,Bubba Watson,33
23,Steven Bowditch,34
23,Bill Haas,34
23,J.B. Holmes,34
23,Zach Johnson,34
23,Smylie Kaufman,34
23,Scott Piercy,34
23,Justin Thomas,34
30,J.J. Henry,35
30,Davis Love III,35
30,Graeme McDowell,35
