rank,player,Avg,Total Strokes,Total Rounds
1,Brooks Koepka,30.00,30,1
1,Jimmy Walker,30.00,30,1
3,Brandt Snedeker,31.00,31,1
4,Troy Merritt,32.00,32,1
5,Alex Cejka,33.00,33,1
5,Rickie Fowler,33.00,33,1
5,David Lingmerth,33.00,33,1
5,Jordan Spieth,33.00,33,1
9,Padraig Harrington,34.00,34,1
9,Dustin Johnson,34.00,34,1
9,Zach Johnson,34.00,34,1
9,Smylie Kaufman,34.00,34,1
9,Russell Knox,34.00,34,1
9,Peter Malnati,34.00,34,1
9,Patrick Reed,34.00,34,1
9,Justin Thomas,34.00,34,1
17,Steven Bowditch,35.00,35,1
17,Jason Day,35.00,35,1
17,Bill Haas,35.00,35,1
17,J.J. Henry,35.00,35,1
17,J.B. Holmes,35.00,35,1
17,Kevin Kisner,35.00,35,1
17,Davis Love III,35.00,35,1
17,Bubba Watson,35.00,35,1
25,Fabián Gómez,36.00,36,1
25,Emiliano Grillo,36.00,36,1
25,Chris Kirk,36.00,36,1
25,Danny Lee,36.00,36,1
29,James Hahn,37.00,37,1
30,Matt Every,38.00,38,1
30,Graeme McDowell,38.00,38,1
30,Scott Piercy,38.00,38,1
