rank,player,Avg,Total Strokes,Total Rounds
1,Jason Day,31.00,31,1
2,James Hahn,32.00,32,1
2,Troy Merritt,32.00,32,1
2,Patrick Reed,32.00,32,1
2,Brandt Snedeker,32.00,32,1
6,Alex Cejka,33.00,33,1
6,Emiliano Grillo,33.00,33,1
6,Padraig Harrington,33.00,33,1
6,Chris Kirk,33.00,33,1
6,David Lingmerth,33.00,33,1
6,Peter Malnati,33.00,33,1
12,Steven Bowditch,34.00,34,1
12,Rickie Fowler,34.00,34,1
12,Bill Haas,34.00,34,1
12,Zach Johnson,34.00,34,1
12,Smylie Kaufman,34.00,34,1
12,Russell Knox,34.00,34,1
12,Scott Piercy,34.00,34,1
12,Jordan Spieth,34.00,34,1
20,Fabián Gómez,35.00,35,1
20,J.J. Henry,35.00,35,1
20,Brooks Koepka,35.00,35,1
20,Jimmy Walker,35.00,35,1
20,Bubba Watson,35.00,35,1
25,Dustin Johnson,36.00,36,1
25,Justin Thomas,36.00,36,1
27,J.B. Holmes,37.00,37,1
27,Kevin Kisner,37.00,37,1
27,Davis Love III,37.00,37,1
30,Matt Every,38.00,38,1
30,Graeme McDowell,38.00,38,1
32,Danny Lee,39.00,39,1
