rank,player,%
1,K.J. Choi,62.50
1,Martin Laird,62.50
3,D.A. Points,60.00
4,Keegan Bradley,50.00
4,Jonathan Byrd,50.00
4,Steve Stricker,50.00
7,Scott Stallings,46.15
8,Bryce Molder,42.86
9,Aaron Baddeley,41.67
10,Ben Crane,40.00
10,Rory Sabbatini,40.00
10,Nick Watney,40.00
13,Kevin Na,37.50
13,Sean O'Hair,37.50
13,Brendan Steele,37.50
16,Gary Woodland,35.71
17,Harrison Frazar,33.33
17,Mark Wilson,33.33
19,David Toms,29.41
20,Bill Haas,28.57
21,Bubba Watson,27.27
22,Chris Kirk,25.00
23,Scott Piercy,16.67
24,Johnson Wagner,14.29
25,Jhonattan Vegas,9.09
26,Michael Bradley,.00
26,Webb Simpson,.00
