rank,player,%,# Birdies/Eagles,# Holes
1,Martin Laird,40.28,29,72
2,Steve Stricker,37.50,27,72
3,Ben Crane,34.72,25,72
4,Jonathan Byrd,33.33,24,72
4,Rory Sabbatini,33.33,24,72
6,K.J. Choi,31.94,23,72
7,Chris Kirk,29.17,21,72
7,Webb Simpson,29.17,21,72
7,Bubba Watson,29.17,21,72
10,Harrison Frazar,27.78,20,72
10,Bryce Molder,27.78,20,72
10,Johnson Wagner,27.78,20,72
13,Aaron Baddeley,26.39,19,72
13,Kevin Na,26.39,19,72
13,Sean O'Hair,26.39,19,72
13,Scott Stallings,26.39,19,72
13,Nick Watney,26.39,19,72
13,Gary Woodland,26.39,19,72
19,Keegan Bradley,25.00,18,72
19,D.A. Points,25.00,18,72
21,Scott Piercy,23.61,17,72
22,Mark Wilson,22.22,16,72
23,Bill Haas,19.44,14,72
23,David Toms,19.44,14,72
25,Brendan Steele,18.06,13,72
26,Jhonattan Vegas,16.67,12,72
27,Michael Bradley,13.89,10,72
