rank,player,Total
1,Keegan Bradley,2
1,Bryce Molder,2
1,Kevin Na,2
1,Webb Simpson,2
5,Aaron Baddeley,1
5,Michael Bradley,1
5,Jonathan Byrd,1
5,Ben Crane,1
5,Harrison Frazar,1
5,Chris Kirk,1
5,Scott Piercy,1
5,D.A. Points,1
5,Rory Sabbatini,1
5,Brendan Steele,1
5,Steve Stricker,1
5,Johnson Wagner,1
5,Gary Woodland,1
18,K.J. Choi,0
18,Bill Haas,0
18,Martin Laird,0
18,Sean O'Hair,0
18,Scott Stallings,0
18,David Toms,0
18,Jhonattan Vegas,0
18,Nick Watney,0
18,Bubba Watson,0
18,Mark Wilson,0
