rank,player,Avg RTP,Total Holes,Total RTP
1,Matt Kuchar,E,2,E
1,Ryan Moore,E,2,E
3,Ángel Cabrera,+.167,6,+1.00
4,Steve Stricker,+.286,7,+2.00
5,Brian Gay,+.333,6,+2.00
5,Retief Goosen,+.333,6,+2.00
5,Zach Johnson,+.333,3,+1.00
5,Martin Laird,+.333,6,+2.00
5,Sean O'Hair,+.333,9,+3.00
5,Y.E. Yang,+.333,3,+1.00
11,Rory Sabbatini,+.400,5,+2.00
12,Jerry Kelly,+.417,12,+5.00
13,Stephen Ames,+.500,2,+1.00
13,Michael Bradley,+.500,8,+4.00
13,Stewart Cink,+.500,2,+1.00
13,Lucas Glover,+.500,2,+1.00
13,Geoff Ogilvy,+.500,2,+1.00
13,Pat Perez,+.500,4,+2.00
13,Nick Watney,+.500,4,+2.00
13,Mark Wilson,+.500,6,+3.00
21,Kenny Perry,+.600,5,+3.00
22,Heath Slocum,+.667,9,+6.00
23,Paul Casey,+.800,5,+4.00
23,Troy Matteson,+.800,5,+4.00
23,Bo Van Pelt,+.800,5,+4.00
26,Dustin Johnson,+1.000,3,+3.00
26,John Rollins,+1.000,3,+3.00
28,Nathan Green,+1.125,8,+9.00
