rank,player,Avg RTP,Total Holes,Total RTP
1,Rory Sabbatini,E,1,E
1,Steve Stricker,E,1,E
1,Y.E. Yang,E,1,E
4,Brian Gay,+.250,4,+1.00
5,Stewart Cink,+.333,3,+1.00
5,Matt Kuchar,+.333,3,+1.00
7,Jerry Kelly,+.429,7,+3.00
8,Paul Casey,+.500,4,+2.00
8,Retief Goosen,+.500,2,+1.00
8,Zach Johnson,+.500,2,+1.00
8,Troy Matteson,+.500,6,+3.00
12,John Rollins,+.600,5,+3.00
12,Mark Wilson,+.600,5,+3.00
14,Michael Bradley,+.714,7,+5.00
15,Sean O'Hair,+.750,4,+3.00
15,Geoff Ogilvy,+.750,4,+3.00
17,Nathan Green,+.800,5,+4.00
18,Stephen Ames,+1.000,1,+1.00
18,Ángel Cabrera,+1.000,1,+1.00
18,Martin Laird,+1.000,1,+1.00
18,Kenny Perry,+1.000,1,+1.00
18,Heath Slocum,+1.000,5,+5.00
18,Nick Watney,+1.000,1,+1.00
24,Dustin Johnson,+1.200,5,+6.00
25,Lucas Glover,+1.500,2,+3.00
25,Bo Van Pelt,+1.500,4,+6.00
27,Pat Perez,+2.000,1,+2.00
