rank,player,Avg RTP,Total Holes,Total RTP
1,Steve Stricker,-.167,6,-1.00
2,Stewart Cink,E,3,E
2,Brian Gay,E,7,E
2,Martin Laird,E,4,E
2,Heath Slocum,E,4,E
6,Sean O'Hair,+.167,6,+1.00
7,Ryan Moore,+.200,5,+1.00
8,Lucas Glover,+.250,4,+1.00
8,Pat Perez,+.250,4,+1.00
8,Bo Van Pelt,+.250,8,+2.00
8,Y.E. Yang,+.250,4,+1.00
12,Ángel Cabrera,+.333,9,+3.00
12,Retief Goosen,+.333,6,+2.00
12,Troy Matteson,+.333,3,+1.00
12,Geoff Ogilvy,+.333,3,+1.00
12,Mark Wilson,+.333,6,+2.00
17,Nick Watney,+.375,8,+3.00
18,Rory Sabbatini,+.429,7,+3.00
19,John Rollins,+.500,4,+2.00
20,Dustin Johnson,+.600,5,+3.00
21,Michael Bradley,+.667,3,+2.00
21,Zach Johnson,+.667,6,+4.00
21,Jerry Kelly,+.667,6,+4.00
24,Paul Casey,+.750,4,+3.00
24,Nathan Green,+.750,8,+6.00
26,Stephen Ames,+.833,6,+5.00
27,Kenny Perry,+1.000,2,+2.00
