rank,player,Avg RTP,Total Holes,Total RTP
1,Ángel Cabrera,E,2,E
1,Matt Kuchar,E,1,E
1,Geoff Ogilvy,E,2,E
1,Rory Sabbatini,E,1,E
1,Nick Watney,E,3,E
6,Nathan Green,+.200,5,+1.00
7,Martin Laird,+.250,4,+1.00
8,Brian Gay,+.400,5,+2.00
8,Steve Stricker,+.400,5,+2.00
10,Kenny Perry,+.500,4,+2.00
10,Y.E. Yang,+.500,2,+1.00
12,Paul Casey,+.600,5,+3.00
12,Retief Goosen,+.600,5,+3.00
12,Jerry Kelly,+.600,5,+3.00
15,Dustin Johnson,+.667,3,+2.00
16,Heath Slocum,+.714,7,+5.00
17,Stephen Ames,+1.000,1,+1.00
17,Michael Bradley,+1.000,2,+2.00
17,Stewart Cink,+1.000,1,+1.00
17,Troy Matteson,+1.000,2,+2.00
17,Sean O'Hair,+1.000,1,+1.00
17,Mark Wilson,+1.000,4,+4.00
23,Bo Van Pelt,+3.000,1,+3.00
