rank,player,Average Bogeys per round,Total Bogeys,Rounds Played
1,Matt Kuchar,.25,1,4
2,Ryan Moore,.50,2,4
3,Geoff Ogilvy,1.00,4,4
4,Zach Johnson,1.25,5,4
4,Martin Laird,1.25,5,4
4,Pat Perez,1.25,5,4
4,Steve Stricker,1.25,5,4
4,Y.E. Yang,1.25,5,4
9,Ángel Cabrera,1.50,6,4
9,Brian Gay,1.50,6,4
9,Sean O'Hair,1.50,6,4
9,Kenny Perry,1.50,6,4
9,Rory Sabbatini,1.50,6,4
9,Bo Van Pelt,1.50,6,4
15,Lucas Glover,1.75,7,4
15,Retief Goosen,1.75,7,4
15,Nathan Green,1.75,7,4
15,John Rollins,1.75,7,4
19,Paul Casey,2.00,8,4
19,Stewart Cink,2.00,8,4
19,Nick Watney,2.00,8,4
22,Stephen Ames,2.25,9,4
22,Troy Matteson,2.25,9,4
24,Dustin Johnson,2.50,10,4
24,Mark Wilson,2.50,10,4
26,Michael Bradley,2.75,11,4
26,Heath Slocum,2.75,11,4
28,Jerry Kelly,3.00,12,4
