rank,player,Birdie to Bogey Ratio,Total Birdies and Better,Total Bogeys and Worse
1,Matt Kuchar,10.50,21,2
2,Ryan Moore,9.00,18,2
3,Geoff Ogilvy,6.50,26,4
4,Martin Laird,4.60,23,5
5,Rory Sabbatini,4.50,27,6
6,Steve Stricker,4.00,20,5
7,Kenny Perry,3.57,25,7
8,Ángel Cabrera,3.50,21,6
8,Pat Perez,3.50,21,6
10,Retief Goosen,3.43,24,7
10,Sean O'Hair,3.43,24,7
12,Zach Johnson,3.17,19,6
13,Y.E. Yang,3.00,21,7
14,John Rollins,2.86,20,7
15,Stewart Cink,2.78,25,9
16,Nick Watney,2.63,21,8
17,Paul Casey,2.56,23,9
18,Brian Gay,2.43,17,7
19,Lucas Glover,2.40,24,10
20,Dustin Johnson,2.27,25,11
21,Stephen Ames,2.11,19,9
22,Nathan Green,1.90,19,10
22,Bo Van Pelt,1.90,19,10
24,Troy Matteson,1.56,14,9
25,Jerry Kelly,1.46,19,13
26,Michael Bradley,1.42,17,12
27,Mark Wilson,1.33,16,12
28,Heath Slocum,1.25,15,12
