rank,player,% Makes Bogey,Bogeys,Holes Played
1,Matt Kuchar,2.78,2,72
1,Ryan Moore,2.78,2,72
3,Geoff Ogilvy,5.56,4,72
4,Martin Laird,6.94,5,72
4,Steve Stricker,6.94,5,72
6,Ángel Cabrera,8.33,6,72
6,Zach Johnson,8.33,6,72
6,Pat Perez,8.33,6,72
6,Rory Sabbatini,8.33,6,72
10,Brian Gay,9.72,7,72
10,Retief Goosen,9.72,7,72
10,Sean O'Hair,9.72,7,72
10,Kenny Perry,9.72,7,72
10,John Rollins,9.72,7,72
10,Y.E. Yang,9.72,7,72
16,Nick Watney,11.11,8,72
17,Stephen Ames,12.50,9,72
17,Paul Casey,12.50,9,72
17,Stewart Cink,12.50,9,72
17,Troy Matteson,12.50,9,72
21,Lucas Glover,13.89,10,72
21,Nathan Green,13.89,10,72
21,Bo Van Pelt,13.89,10,72
24,Dustin Johnson,15.28,11,72
25,Michael Bradley,16.67,12,72
25,Heath Slocum,16.67,12,72
25,Mark Wilson,16.67,12,72
28,Jerry Kelly,18.06,13,72
