rank,player,%,# of Saves,# of Bunkers
1,K.J. Choi,100.00,1,1
1,Geoff Ogilvy,100.00,1,1
1,Rod Pampling,100.00,1,1
1,Rory Sabbatini,100.00,1,1
1,Brett Wetterich,100.00,2,2
6,Stuart Appleby,83.33,5,6
7,Stephen Ames,66.67,2,3
7,Chad Campbell,66.67,2,3
7,Will MacKenzie,66.67,2,3
10,Chris Couch,50.00,1,2
10,Carl Pettersson,50.00,1,2
10,Vijay Singh,50.00,1,2
10,D.J. Trahan,50.00,1,2
10,Kirk Triplett,50.00,1,2
15,Ben Curtis,33.33,1,3
16,Eric Axley,25.00,1,4
16,John Senden,25.00,1,4
18,Aaron Baddeley,.00,0,1
18,Joe Durant,.00,0,2
18,J.J. Henry,.00,0,1
18,Jeff Maggert,.00,0,1
18,Adam Scott,.00,0,1
18,Dean Wilson,.00,0,2
