rank,player,%,Successes,Attempts
1,Eric Axley,100.00,2,2
1,Aaron Baddeley,100.00,2,2
1,Chad Campbell,100.00,2,2
1,Chris Couch,100.00,3,3
1,Luke Donald,100.00,1,1
1,Tim Herron,100.00,2,2
1,Trevor Immelman,100.00,1,1
1,Davis Love III,100.00,2,2
1,Troy Matteson,100.00,3,3
1,Rod Pampling,100.00,2,2
1,Carl Pettersson,100.00,1,1
1,Rory Sabbatini,100.00,1,1
1,John Senden,100.00,2,2
1,Vijay Singh,100.00,5,5
1,D.J. Trahan,100.00,2,2
1,Brett Wetterich,100.00,1,1
1,Dean Wilson,100.00,4,4
18,Ben Curtis,80.00,4,5
18,Jeff Maggert,80.00,4,5
20,Joe Durant,66.67,2,3
20,Geoff Ogilvy,66.67,2,3
20,John Rollins,66.67,2,3
20,Adam Scott,66.67,2,3
24,Corey Pavin,50.00,1,2
25,Stephen Ames,.00,0,1
25,Jim Furyk,.00,0,2
25,Will MacKenzie,.00,0,1
25,David Toms,.00,0,1
