rank,player,%,Successes,Attempts
1,Corey Pavin,100.00,6,6
2,Vijay Singh,87.50,7,8
3,Stuart Appleby,83.33,10,12
4,John Rollins,77.78,7,9
5,Luke Donald,75.00,6,8
5,Jim Furyk,75.00,3,4
7,Rory Sabbatini,72.73,8,11
8,Stephen Ames,71.43,5,7
8,J.J. Henry,71.43,5,7
10,Chad Campbell,66.67,8,12
10,Trevor Immelman,66.67,4,6
10,Davis Love III,66.67,2,3
10,Geoff Ogilvy,66.67,6,9
14,Ben Curtis,63.64,7,11
14,Carl Pettersson,63.64,7,11
16,Joe Durant,62.50,5,8
16,Tim Herron,62.50,5,8
18,Troy Matteson,60.00,3,5
19,Will MacKenzie,57.14,4,7
19,D.J. Trahan,57.14,4,7
21,Brett Wetterich,55.56,5,9
22,Rod Pampling,50.00,2,4
22,Adam Scott,50.00,1,2
22,David Toms,50.00,3,6
25,John Senden,42.86,3,7
26,Eric Axley,40.00,4,10
26,K.J. Choi,40.00,2,5
26,Kirk Triplett,40.00,2,5
29,Dean Wilson,37.50,3,8
30,Chris Couch,33.33,2,6
30,Jeff Maggert,33.33,2,6
32,Aaron Baddeley,30.00,3,10
33,J.B. Holmes,.00,0,3
