rank,player,%,# of Saves,# of Bunkers
1,Aaron Baddeley,100.00,1,1
1,Luke Donald,100.00,1,1
1,Jim Furyk,100.00,1,1
1,Davis Love III,100.00,1,1
1,Will MacKenzie,100.00,1,1
1,Rod Pampling,100.00,1,1
1,Carl Pettersson,100.00,1,1
1,John Senden,100.00,1,1
1,David Toms,100.00,1,1
10,Adam Scott,66.67,2,3
11,Stuart Appleby,50.00,1,2
11,Eric Axley,50.00,1,2
11,Trevor Immelman,50.00,1,2
14,K.J. Choi,.00,0,2
14,Ben Curtis,.00,0,3
14,Tim Herron,.00,0,2
14,J.B. Holmes,.00,0,1
14,Jeff Maggert,.00,0,1
14,Rory Sabbatini,.00,0,1
14,Brett Wetterich,.00,0,1
