rank,player,%,Successes,Attempts
1,Jim Furyk,100.00,1,1
1,Trevor Immelman,100.00,1,1
1,Rod Pampling,100.00,2,2
1,Corey Pavin,100.00,1,1
1,David Toms,100.00,1,1
6,Stuart Appleby,71.43,5,7
7,Stephen Ames,66.67,2,3
7,Chad Campbell,66.67,2,3
7,Vijay Singh,66.67,2,3
7,Brett Wetterich,66.67,2,3
11,Will MacKenzie,60.00,3,5
12,Davis Love III,50.00,1,2
12,Jeff Maggert,50.00,1,2
12,Geoff Ogilvy,50.00,1,2
12,Carl Pettersson,50.00,2,4
12,Adam Scott,50.00,2,4
12,D.J. Trahan,50.00,1,2
12,Kirk Triplett,50.00,1,2
19,John Senden,40.00,2,5
20,Eric Axley,33.33,2,6
20,Aaron Baddeley,33.33,1,3
20,K.J. Choi,33.33,1,3
20,Rory Sabbatini,33.33,1,3
24,Ben Curtis,16.67,1,6
25,Chris Couch,.00,0,1
25,Joe Durant,.00,0,2
25,J.J. Henry,.00,0,1
25,Tim Herron,.00,0,2
25,J.B. Holmes,.00,0,1
25,John Rollins,.00,0,1
25,Dean Wilson,.00,0,2
