rank,player,%,Successes,Attempts
1,Joe Durant,100.00,5,5
1,Troy Matteson,100.00,3,3
1,Adam Scott,100.00,4,4
1,John Senden,100.00,8,8
1,Vijay Singh,100.00,5,5
6,Trevor Immelman,80.00,4,5
7,Luke Donald,75.00,3,4
8,Stuart Appleby,66.67,6,9
8,K.J. Choi,66.67,2,3
8,Tim Herron,66.67,4,6
8,John Rollins,66.67,8,12
12,Aaron Baddeley,62.50,5,8
13,J.J. Henry,60.00,3,5
13,Jeff Maggert,60.00,3,5
13,David Toms,60.00,3,5
16,Carl Pettersson,57.14,4,7
16,D.J. Trahan,57.14,4,7
18,Corey Pavin,54.55,6,11
19,Eric Axley,50.00,2,4
19,Chad Campbell,50.00,5,10
19,Chris Couch,50.00,2,4
19,Will MacKenzie,50.00,1,2
19,Geoff Ogilvy,50.00,5,10
19,Rory Sabbatini,50.00,4,8
19,Kirk Triplett,50.00,2,4
26,Ben Curtis,46.15,6,13
27,Davis Love III,40.00,2,5
27,Rod Pampling,40.00,2,5
27,Brett Wetterich,40.00,4,10
30,Dean Wilson,33.33,3,9
31,J.B. Holmes,25.00,1,4
32,Jim Furyk,20.00,1,5
33,Stephen Ames,.00,0,1
