rank,player,Avg,Total Distance (feet),# of Attempts,Relative to par
1,Michael Kim,"19' 3""",77.083,4,-1
2,Marc Leishman,"21' 5""",171.167,8,-4
3,Andrew Landry,"22' 6""",112.583,5,-2
4,Brooks Koepka,"23' 2""",92.750,4,E
5,Satoshi Kodaira,"23' 3""",93.083,4,+2
5,Xander Schauffele,"23' 3""",92.833,4,-2
7,Kevin Tway,"24' 7""",196.583,8,-3
8,Justin Thomas,"26' 5""",237.417,9,-5
9,Scott Piercy,"26' 11""",215.500,8,-3
10,Webb Simpson,"27' 7""",138.000,5,E
11,Jon Rahm,"28' 1""",224.583,8,E
12,Gary Woodland,"29' 4""",293.500,10,-2
13,Matt Kuchar,"32' 4""",96.917,3,E
14,Ian Poulter,"32' 10""",197.083,6,-1
15,Patton Kizzire,"34' 1""",306.750,9,E
16,Francesco Molinari,"34' 3""",102.833,3,+1
17,Paul Casey,"34' 10""",174.333,5,E
18,Charles Howell III,"35' 2""",211.000,6,-1
19,Dustin Johnson,"35' 8""",213.750,6,-2
20,Bryson DeChambeau,"35' 10""",322.500,9,-5
21,Rory McIlroy,"37' 5""",299.167,8,-1
22,Jason Day,"37' 10""",302.667,8,-1
23,"Ted Potter, Jr.","38' 0""",189.917,5,E
24,Patrick Reed,"42' 8""",383.750,9,-1
25,Brandt Snedeker,"43' 7""",218.000,5,E
26,Keegan Bradley,"43' 10""",219.250,5,-2
26,Bubba Watson,"43' 10""",394.750,9,E
28,Brice Garnett,"45' 0""",315.250,7,E
29,Cameron Champ,"45' 5""",226.917,5,E
30,Troy Merritt,"46' 3""",323.833,7,+1
31,Billy Horschel,"51' 10""",259.000,5,-1
32,Aaron Wise,"55' 2""",551.750,10,+2
33,Andrew Putnam,"61' 8""",308.333,5,+1
