rank,player,Avg,Total Distance (feet),# of Attempts,Relative to par
1,Michael Kim,"30' 2""",120.667,4,E
2,Scott Piercy,"33' 6""",100.583,3,-2
3,Brooks Koepka,"39' 11""",159.500,4,-3
4,Jason Day,"43' 6""",86.917,2,-1
5,Francesco Molinari,"48' 5""",145.250,3,-2
6,Brandt Snedeker,"50' 1""",300.250,6,-2
7,Billy Horschel,"50' 6""",151.500,3,+1
8,Keegan Bradley,"50' 7""",556.250,11,-3
9,Andrew Putnam,"50' 9""",405.750,8,-3
10,Rory McIlroy,"50' 11""",50.917,1,E
11,Justin Thomas,"51' 4""",256.833,5,-2
12,Kevin Tway,"52' 11""",211.583,4,-3
13,Ian Poulter,"53' 0""",159.000,3,-2
14,Troy Merritt,"54' 3""",162.667,3,-2
15,Patrick Reed,"55' 1""",220.250,4,-3
16,Webb Simpson,"55' 8""",222.750,4,+1
17,Matt Kuchar,"55' 10""",391.083,7,-4
18,Bubba Watson,"57' 7""",345.583,6,-4
19,Gary Woodland,"58' 6""",409.333,7,-1
20,Cameron Champ,"59' 8""",238.500,4,-1
21,Xander Schauffele,"60' 0""",420.250,7,-4
22,Andrew Landry,"62' 4""",373.917,6,-2
23,Bryson DeChambeau,"63' 3""",253.083,4,-1
24,Paul Casey,"64' 5""",386.417,6,-3
25,Charles Howell III,"65' 3""",260.917,4,-1
26,Aaron Wise,"65' 7""",393.250,6,E
27,Satoshi Kodaira,"65' 8""",459.833,7,+1
28,Jon Rahm,"69' 0""",414.000,6,-3
29,"Ted Potter, Jr.","74' 4""",594.583,8,-3
30,Patton Kizzire,"74' 6""",298.000,4,E
31,Brice Garnett,"76' 1""",380.583,5,E
32,Marc Leishman,"78' 4""",469.750,6,-4
33,Dustin Johnson,"96' 6""",289.417,3,E
