rank,player,Avg,Total Distance (feet),# of Attempts,Relative to par
1,Keegan Bradley,"26' 11""",295.750,11,-2
2,Satoshi Kodaira,"27' 4""",300.667,11,-2
3,Jon Rahm,"30' 7""",275.583,9,-1
4,Paul Casey,"31' 9""",349.083,11,-5
5,Rory McIlroy,"34' 8""",415.917,12,-5
6,Webb Simpson,"36' 0""",432.417,12,-3
7,Gary Woodland,"36' 7""",292.583,8,-3
8,Dustin Johnson,"37' 1""",371.167,10,-2
9,Patrick Reed,"38' 4""",306.417,8,E
10,Ian Poulter,"39' 7""",514.083,13,-4
11,Justin Thomas,"40' 4""",604.917,15,-4
12,Cameron Champ,"41' 2""",288.083,7,+2
13,Kevin Tway,"42' 5""",339.583,8,E
14,Andrew Putnam,"42' 11""",428.917,10,+1
15,Brooks Koepka,"43' 1""",430.833,10,E
16,Matt Kuchar,"43' 6""",652.750,15,E
17,Michael Kim,"44' 0""",307.917,7,+1
18,Andrew Landry,"44' 2""",397.667,9,+1
19,Marc Leishman,"45' 1""",495.917,11,+1
20,"Ted Potter, Jr.","45' 3""",542.500,12,-1
21,Brandt Snedeker,"45' 5""",545.167,12,-1
22,Bubba Watson,"45' 6""",455.000,10,-1
23,Charles Howell III,"45' 7""",546.917,12,-5
24,Bryson DeChambeau,"46' 0""",552.417,12,-1
25,Patton Kizzire,"46' 2""",600.000,13,-3
26,Xander Schauffele,"46' 3""",555.000,12,-4
27,Billy Horschel,"46' 11""",516.083,11,-1
28,Aaron Wise,"47' 9""",477.500,10,E
29,Troy Merritt,"51' 3""",615.083,12,-3
30,Brice Garnett,"52' 4""",523.083,10,+1
31,Jason Day,"52' 7""",630.917,12,+1
32,Francesco Molinari,"55' 5""",997.250,18,+1
33,Scott Piercy,"59' 10""",657.750,11,E
