rank,player,Avg,Total Distance (feet),# of Attempts,GIR Rank
1,Justin Thomas,"29' 6""","2,123.083",72,Under
2,Matt Kuchar,"33' 0""","2,344.833",71,Under
3,Jon Rahm,"33' 5""","2,370.250",71,Under
4,Keegan Bradley,"35' 3""","2,539.583",72,Under
4,Andrew Landry,"35' 3""","2,469.333",70,Under
6,Webb Simpson,"35' 8""","2,566.667",72,Under
7,Marc Leishman,"36' 3""","2,607.167",72,Under
8,Satoshi Kodaira,"36' 5""","2,546.750",70,Even
9,Jason Day,"36' 7""","2,560.583",70,Under
10,Paul Casey,"37' 0""","2,628.083",71,Under
11,Billy Horschel,"37' 3""","2,680.250",72,Under
12,Troy Merritt,"37' 4""","2,689.167",72,Under
13,Patton Kizzire,"37' 11""","2,731.333",72,Under
14,Scott Piercy,"38' 0""","2,696.333",71,Under
15,Rory McIlroy,"38' 5""","2,767.667",72,Under
16,Brice Garnett,"38' 7""","2,737.333",71,Under
16,Gary Woodland,"38' 7""","2,777.167",72,Under
18,Ian Poulter,"39' 0""","2,728.083",70,Under
19,Brooks Koepka,"39' 5""","2,758.500",70,Under
20,Michael Kim,"39' 7""","2,849.750",72,Over
21,Kevin Tway,"39' 9""","2,863.083",72,Under
22,"Ted Potter, Jr.","39' 10""","2,866.750",72,Under
23,Xander Schauffele,"40' 0""","2,881.000",72,Under
24,Bubba Watson,"41' 4""","2,973.167",72,Even
25,Brandt Snedeker,"41' 6""","2,989.833",72,Under
26,Francesco Molinari,"41' 8""","2,958.917",71,Under
27,Charles Howell III,"42' 3""","3,044.167",72,Under
28,Bryson DeChambeau,"42' 10""","3,082.833",72,Under
28,Patrick Reed,"42' 10""","3,041.417",71,Under
30,Cameron Champ,"43' 1""","3,059.833",71,Under
31,Dustin Johnson,"43' 4""","3,076.583",71,Under
32,Andrew Putnam,"44' 6""","3,204.833",72,Under
33,Aaron Wise,"47' 10""","3,443.583",72,Under
