rank,player,Avg,Total Distance (feet),# of Attempts,Relative to par
1,Billy Horschel,"11""",.917,1,-1
2,Justin Thomas,"9' 5""",47.000,5,-3
3,Matt Kuchar,"11' 2""",55.667,5,-3
4,Cameron Champ,"11' 8""",35.000,3,-2
5,Andrew Landry,"12' 0""",47.917,4,-2
6,Francesco Molinari,"12' 3""",61.333,5,-2
6,Jon Rahm,"12' 3""",61.167,5,-1
8,Jason Day,"12' 6""",74.833,6,-4
9,Brice Garnett,"12' 9""",50.833,4,-2
10,Bryson DeChambeau,"13' 5""",67.083,5,-2
10,"Ted Potter, Jr.","13' 5""",120.750,9,+1
12,Michael Kim,"13' 10""",96.583,7,-1
12,Patrick Reed,"13' 10""",69.167,5,-1
14,Rory McIlroy,"14' 3""",99.583,7,-3
15,Patton Kizzire,"14' 5""",72.250,5,-2
16,Gary Woodland,"14' 9""",88.667,6,-1
17,Troy Merritt,"14' 11""",59.750,4,-1
18,Ian Poulter,"15' 0""",74.833,5,-1
19,Keegan Bradley,"16' 0""",63.833,4,-1
19,Xander Schauffele,"16' 0""",16.000,1,E
21,Charles Howell III,"16' 11""",101.250,6,+2
22,Scott Piercy,"18' 6""",55.417,3,E
23,Paul Casey,"19' 10""",99.167,5,-2
24,Marc Leishman,"20' 9""",83.000,4,-1
25,Aaron Wise,"21' 2""",190.583,9,-1
26,Andrew Putnam,"23' 2""",139.000,6,-1
27,Kevin Tway,"23' 8""",71.083,3,E
28,Webb Simpson,"23' 11""",119.500,5,+1
29,Satoshi Kodaira,"24' 11""",99.667,4,-1
30,Bubba Watson,"25' 2""",150.917,6,+1
31,Brooks Koepka,"25' 4""",75.917,3,+1
32,Dustin Johnson,"28' 3""",112.833,4,-2
33,Brandt Snedeker,"32' 2""",96.583,3,+1
