rank,player,Avg,Total Distance (feet),# of Attempts,Relative to par
1,Michael Kim,"8' 10""",26.500,3,-2
2,Dustin Johnson,"13' 0""",64.917,5,-2
3,Webb Simpson,"17' 3""",86.250,5,-1
4,Justin Thomas,"18' 8""",130.417,7,-1
5,Jon Rahm,"19' 1""",114.250,6,E
6,Andrew Putnam,"20' 1""",140.833,7,-2
7,Brandt Snedeker,"21' 8""",259.750,12,-4
8,Andrew Landry,"21' 10""",217.917,10,-2
9,Marc Leishman,"22' 1""",265.417,12,-1
10,Jason Day,"22' 7""",67.750,3,-1
11,Rory McIlroy,"23' 0""",138.083,6,E
12,Paul Casey,"23' 3""",186.250,8,E
13,Ian Poulter,"23' 9""",213.667,9,+2
14,Brooks Koepka,"24' 0""",143.750,6,-1
15,"Ted Potter, Jr.","25' 2""",125.750,5,-1
15,Aaron Wise,"25' 2""",126.000,5,-2
17,Satoshi Kodaira,"26' 3""",262.583,10,E
18,Xander Schauffele,"26' 6""",185.667,7,-2
19,Patton Kizzire,"27' 0""",161.917,6,E
20,Kevin Tway,"27' 1""",189.583,7,-1
21,Brice Garnett,"27' 2""",244.167,9,E
22,Gary Woodland,"27' 6""",165.000,6,E
23,Bubba Watson,"30' 1""",180.417,6,+1
24,Keegan Bradley,"30' 5""",334.417,11,+1
25,Cameron Champ,"31' 6""",125.833,4,+1
26,Scott Piercy,"32' 3""",387.333,12,E
27,Billy Horschel,"33' 8""",235.583,7,+1
28,Matt Kuchar,"34' 10""",313.333,9,E
29,Charles Howell III,"35' 1""",210.333,6,+1
29,Patrick Reed,"35' 1""",210.333,6,+2
31,Troy Merritt,"37' 3""",260.833,7,+1
32,Bryson DeChambeau,"38' 1""",228.667,6,+1
33,Francesco Molinari,"39' 0""",195.167,5,E
