rank,player,Avg,Total Distance (feet),# of Attempts,Relative to par
1,Justin Thomas,"11' 4""",45.250,4,E
2,Bubba Watson,"11' 10""",59.333,5,-3
3,Jon Rahm,"15' 7""",15.583,1,E
4,Webb Simpson,"18' 2""",145.000,8,-3
5,Dustin Johnson,"18' 6""",37.000,2,E
6,Kevin Tway,"18' 9""",56.250,3,-1
7,Andrew Putnam,"19' 0""",76.000,4,E
8,Brooks Koepka,"19' 2""",38.250,2,E
9,Patton Kizzire,"19' 7""",58.833,3,-1
10,Matt Kuchar,"20' 9""",165.750,8,E
11,Scott Piercy,"23' 1""",92.333,4,E
12,Billy Horschel,"23' 9""",118.667,5,E
13,Ian Poulter,"24' 8""",123.167,5,E
14,Michael Kim,"24' 10""",173.667,7,+2
15,Brandt Snedeker,"25' 6""",127.417,5,E
16,Marc Leishman,"26' 8""",106.583,4,+2
16,Gary Woodland,"26' 8""",133.167,5,-2
18,Andrew Landry,"27' 3""",163.250,6,+1
18,Patrick Reed,"27' 3""",163.333,6,E
20,Rory McIlroy,"27' 6""",137.417,5,-1
21,Troy Merritt,"28' 7""",257.500,9,-2
22,Charles Howell III,"29' 7""",206.833,7,-1
23,Paul Casey,"29' 8""",207.667,7,-1
24,Brice Garnett,"30' 2""",211.083,7,+1
25,Francesco Molinari,"31' 1""",155.583,5,+1
26,Jason Day,"31' 8""",189.750,6,-1
27,Keegan Bradley,"33' 10""",202.750,6,+2
28,Xander Schauffele,"35' 10""",286.500,8,-1
29,Satoshi Kodaira,"36' 6""",292.000,8,+2
30,Cameron Champ,"36' 11""",110.750,3,E
31,"Ted Potter, Jr.","38' 1""",304.333,8,+2
32,Bryson DeChambeau,"38' 5""",192.000,5,E
33,Aaron Wise,"41' 7""",208.083,5,+1
