rank,player,Avg,Total Distance (feet),# of Attempts,Relative to par
1,Brooks Koepka,"9' 4""",18.583,2,E
2,Andrew Putnam,"10' 4""",41.167,4,-2
3,Webb Simpson,"12' 7""",75.417,6,-1
4,Justin Thomas,"12' 9""",102.250,8,-1
5,Jason Day,"12' 10""",102.333,8,-4
6,Ian Poulter,"13' 8""",82.167,6,-3
7,Gary Woodland,"13' 10""",55.167,4,-1
8,Keegan Bradley,"14' 7""",58.167,4,E
9,"Ted Potter, Jr.","14' 10""",74.250,5,-2
10,Bubba Watson,"15' 2""",60.667,4,E
11,Jon Rahm,"15' 11""",95.500,6,-2
12,Brandt Snedeker,"16' 7""",66.417,4,E
13,Billy Horschel,"17' 1""",136.833,8,-1
13,Satoshi Kodaira,"17' 1""",119.417,7,-1
13,Troy Merritt,"17' 1""",154.000,9,-1
16,Matt Kuchar,"17' 6""",87.500,5,-1
16,Kevin Tway,"17' 6""",157.167,9,-3
18,Charles Howell III,"18' 7""",111.250,6,-1
19,Andrew Landry,"20' 5""",203.833,10,-2
20,Cameron Champ,"21' 3""",191.000,9,-2
21,Xander Schauffele,"21' 9""",108.833,5,+1
22,Brice Garnett,"23' 5""",164.083,7,-1
23,Dustin Johnson,"23' 8""",118.250,5,-1
24,Bryson DeChambeau,"24' 3""",121.417,5,+1
25,Aaron Wise,"24' 11""",74.667,3,-1
26,Scott Piercy,"26' 7""",239.000,9,-2
27,Patton Kizzire,"27' 1""",189.417,7,-1
28,Francesco Molinari,"28' 4""",198.167,7,-1
29,Paul Casey,"28' 11""",144.417,5,+1
30,Rory McIlroy,"34' 2""",68.250,2,E
31,Michael Kim,"35' 0""",139.917,4,+1
32,Marc Leishman,"38' 2""",229.083,6,E
33,Patrick Reed,"51' 11""",207.750,4,+2
