rank,player,Avg,Total Distance (feet),# of Attempts,Relative to par
1,Bryson DeChambeau,"21' 1""",21.083,1,-1
2,Xander Schauffele,"25' 4""",50.667,2,-2
3,Justin Thomas,"31' 6""",31.500,1,-1
4,Michael Kim,"32' 11""",98.667,3,-3
5,Jon Rahm,"37' 2""",74.250,2,-2
6,Cameron Champ,"47' 5""",142.333,3,-1
7,"Ted Potter, Jr.","48' 0""",95.917,2,-1
8,Jason Day,"48' 6""",96.917,2,-1
9,Patton Kizzire,"50' 7""",50.583,1,E
10,Aaron Wise,"50' 8""",151.917,3,-2
11,Rory McIlroy,"58' 7""",58.583,1,E
12,Kevin Tway,"62' 8""",62.667,1,E
13,Troy Merritt,"68' 0""",136.000,2,-1
14,Keegan Bradley,"68' 5""",68.417,1,E
15,Patrick Reed,"73' 7""",220.750,3,-4
16,Satoshi Kodaira,"75' 5""",226.167,3,-2
17,Charles Howell III,"77' 11""",155.750,2,-2
18,Andrew Putnam,"83' 4""",83.333,1,-1
19,Brooks Koepka,"84' 2""",168.250,2,-2
20,Brandt Snedeker,"91' 1""",364.333,4,-2
21,Ian Poulter,"92' 7""",277.750,3,-3
22,Billy Horschel,"94' 1""",282.250,3,-1
23,Paul Casey,"95' 7""",191.083,2,E
24,Webb Simpson,"99' 2""",297.500,3,-2
25,Brice Garnett,"99' 8""",299.000,3,-2
26,Dustin Johnson,"102' 4""",102.333,1,E
27,Andrew Landry,"109' 2""",218.250,2,-1
28,Gary Woodland,"143' 6""",143.500,1,E
