rank,player,Avg,Total Distance (feet),# of Attempts,Relative to par
1,Andrew Landry,"19' 8""",98.250,5,-1
2,Rory McIlroy,"20' 7""",102.917,5,E
3,Troy Merritt,"20' 10""",104.250,5,-2
4,Justin Thomas,"21' 5""",128.333,6,-1
5,Brice Garnett,"21' 10""",130.917,6,-1
6,Bubba Watson,"22' 2""",132.750,6,E
7,Jon Rahm,"22' 3""",178.083,8,E
8,Charles Howell III,"24' 7""",172.333,7,-1
9,Marc Leishman,"25' 0""",175.250,7,-3
10,Brooks Koepka,"25' 4""",228.167,9,E
11,Andrew Putnam,"25' 8""",154.083,6,-3
12,Matt Kuchar,"25' 9""",102.833,4,E
13,Satoshi Kodaira,"26' 5""",185.083,7,-3
13,Webb Simpson,"26' 5""",158.250,6,-1
15,Jason Day,"28' 9""",229.750,8,-2
15,Ian Poulter,"28' 9""",143.583,5,+1
17,Patton Kizzire,"29' 7""",207.000,7,-4
18,Paul Casey,"29' 11""",149.750,5,E
18,Francesco Molinari,"29' 11""",299.250,10,-1
20,Billy Horschel,"30' 4""",242.333,8,+1
21,Xander Schauffele,"31' 1""",186.500,6,E
22,Gary Woodland,"31' 8""",316.750,10,-5
23,Dustin Johnson,"34' 3""",308.500,9,-3
24,Bryson DeChambeau,"34' 7""",172.833,5,-2
25,Scott Piercy,"37' 2""",297.583,8,+1
26,Brandt Snedeker,"37' 4""",261.417,7,+1
27,"Ted Potter, Jr.","37' 11""",227.333,6,+3
28,Michael Kim,"39' 11""",439.083,11,+4
29,Kevin Tway,"40' 3""",321.833,8,-1
30,Cameron Champ,"41' 7""",498.667,12,-6
31,Patrick Reed,"42' 10""",342.417,8,E
32,Keegan Bradley,"43' 0""",344.083,8,+2
33,Aaron Wise,"51' 11""",259.500,5,+3
