rank,player,Avg,Total Distance (feet),# of Attempts,Relative to par
1,Justin Thomas,"14' 0""",279.667,20,-5
2,Jason Day,"14' 5""",244.917,17,-9
3,Jon Rahm,"15' 11""",270.917,17,-3
4,"Ted Potter, Jr.","16' 11""",320.750,19,-2
5,Webb Simpson,"17' 7""",281.167,16,-1
6,Ian Poulter,"18' 6""",370.667,20,-2
7,Michael Kim,"18' 9""",263.000,14,-2
8,Andrew Putnam,"18' 11""",321.000,17,-5
9,Gary Woodland,"19' 4""",308.833,16,-2
10,Andrew Landry,"19' 7""",469.667,24,-6
11,Rory McIlroy,"20' 5""",305.917,15,-3
12,Dustin Johnson,"21' 2""",296.000,14,-5
13,Brooks Koepka,"21' 8""",238.250,11,E
14,Cameron Champ,"22' 0""",351.833,16,-3
14,Kevin Tway,"22' 0""",417.833,19,-4
16,Brandt Snedeker,"22' 3""",422.750,19,-3
17,Brice Garnett,"22' 11""",459.083,20,-3
17,Satoshi Kodaira,"22' 11""",481.667,21,-2
19,Aaron Wise,"23' 0""",391.250,17,-4
20,Billy Horschel,"23' 4""",373.333,16,-1
21,Charles Howell III,"23' 6""",422.833,18,+2
21,Patton Kizzire,"23' 6""",423.583,18,-3
23,Troy Merritt,"23' 9""",474.583,20,-1
24,Paul Casey,"23' 11""",429.833,18,-1
24,Xander Schauffele,"23' 11""",310.500,13,-1
26,Keegan Bradley,"24' 0""",456.417,19,E
26,Matt Kuchar,"24' 0""",456.500,19,-4
28,Bubba Watson,"24' 6""",392.000,16,+2
29,Bryson DeChambeau,"26' 1""",417.167,16,E
30,Marc Leishman,"26' 3""",577.500,22,-2
31,Francesco Molinari,"26' 9""",454.667,17,-3
32,Scott Piercy,"28' 5""",681.750,24,-2
33,Patrick Reed,"32' 6""",487.250,15,+3
