rank,player,%,Total 3 Putts,Total Holes
1,Stewart Cink,5.56,1,18
1,Sergio Garcia,5.56,1,18
1,Brian Gay,5.56,1,18
1,Billy Horschel,5.56,1,18
1,Viktor Hovland,5.56,1,18
1,Martin Laird,5.56,1,18
1,Marc Leishman,5.56,1,18
1,Kevin Na,5.56,1,18
1,Carlos Ortiz,5.56,1,18
1,Jon Rahm,5.56,1,18
1,Cameron Smith,5.56,1,18
1,Nick Taylor,5.56,1,18
1,Justin Thomas,5.56,1,18
1,Michael Thompson,5.56,1,18
15,Daniel Berger,11.11,2,18
15,Jason Kokrak,11.11,2,18
15,Adam Scott,11.11,2,18
15,Richy Werenski,11.11,2,18
