rank,player,%,Total 3 Putts,Attempts,2 Putt or Better %
1,Abraham Ancer,.00,0,12,100.00
1,Daniel Berger,.00,0,6,100.00
1,Patrick Cantlay,.00,0,12,100.00
1,Cameron Champ,.00,0,14,100.00
1,Stewart Cink,.00,0,14,100.00
1,Bryson DeChambeau,.00,0,13,100.00
1,Harris English,.00,0,12,100.00
1,Tony Finau,.00,0,9,100.00
1,Sergio Garcia,.00,0,6,100.00
1,Brian Gay,.00,0,12,100.00
1,Lanto Griffin,.00,0,11,100.00
1,Billy Horschel,.00,0,10,100.00
1,Viktor Hovland,.00,0,10,100.00
1,Mackenzie Hughes,.00,0,11,100.00
1,Sungjae Im,.00,0,14,100.00
1,Dustin Johnson,.00,0,13,100.00
1,Kevin Kisner,.00,0,12,100.00
1,Jason Kokrak,.00,0,9,100.00
1,Martin Laird,.00,0,6,100.00
1,Andrew Landry,.00,0,13,100.00
1,Marc Leishman,.00,0,10,100.00
1,Hideki Matsuyama,.00,0,12,100.00
1,Collin Morikawa,.00,0,9,100.00
1,Sebastián Muñoz,.00,0,7,100.00
1,Kevin Na,.00,0,14,100.00
1,Joaquin Niemann,.00,0,6,100.00
1,Carlos Ortiz,.00,0,14,100.00
1,Ryan Palmer,.00,0,12,100.00
1,Jon Rahm,.00,0,12,100.00
1,Patrick Reed,.00,0,9,100.00
1,Xander Schauffele,.00,0,16,100.00
1,Scottie Scheffler,.00,0,11,100.00
1,Adam Scott,.00,0,4,100.00
1,Webb Simpson,.00,0,5,100.00
1,Cameron Smith,.00,0,8,100.00
1,Robert Streb,.00,0,9,100.00
1,Hudson Swafford,.00,0,8,100.00
1,Nick Taylor,.00,0,13,100.00
1,Justin Thomas,.00,0,11,100.00
1,Michael Thompson,.00,0,11,100.00
1,Brendon Todd,.00,0,13,100.00
1,Richy Werenski,.00,0,12,100.00
