rank,player,%,Total 3 Putts,Total Holes
1,Abraham Ancer,5.56,1,18
1,Daniel Berger,5.56,1,18
1,Patrick Cantlay,5.56,1,18
1,Bryson DeChambeau,5.56,1,18
1,Tony Finau,5.56,1,18
1,Sergio Garcia,5.56,1,18
1,Brian Gay,5.56,1,18
1,Kevin Kisner,5.56,1,18
1,Jason Kokrak,5.56,1,18
1,Andrew Landry,5.56,1,18
1,Hideki Matsuyama,5.56,1,18
1,Sebastián Muñoz,5.56,1,18
1,Scottie Scheffler,5.56,1,18
1,Webb Simpson,5.56,1,18
1,Michael Thompson,5.56,1,18
1,Brendon Todd,5.56,1,18
17,Billy Horschel,11.11,2,18
17,Collin Morikawa,11.11,2,18
