rank,player,Total 3 putts > 25',Total 3 Putts
1,Sergio Garcia,5,5
2,Marc Leishman,4,4
3,Daniel Berger,3,3
3,Billy Horschel,3,3
3,Jason Kokrak,3,3
3,Collin Morikawa,3,3
3,Adam Scott,3,3
3,Richy Werenski,3,3
9,Patrick Cantlay,2,2
9,Bryson DeChambeau,2,2
9,Mackenzie Hughes,2,2
9,Andrew Landry,2,2
9,Sebastián Muñoz,2,2
9,Kevin Na,2,2
9,Joaquin Niemann,2,2
9,Jon Rahm,2,2
9,Xander Schauffele,2,2
9,Cameron Smith,2,2
9,Justin Thomas,2,2
9,Michael Thompson,2,2
21,Abraham Ancer,1,1
21,Cameron Champ,1,1
21,Stewart Cink,1,1
21,Tony Finau,1,1
21,Brian Gay,1,2
21,Viktor Hovland,1,2
21,Sungjae Im,1,1
21,Kevin Kisner,1,1
21,Hideki Matsuyama,1,1
21,Carlos Ortiz,1,1
21,Ryan Palmer,1,1
21,Scottie Scheffler,1,1
21,Webb Simpson,1,1
21,Robert Streb,1,1
21,Nick Taylor,1,1
21,Brendon Todd,1,1
