rank,player,%,Total 3 Putts,Attempts,2 Putt or Better %
1,Harris English,.00,0,20,100.00
1,Lanto Griffin,.00,0,20,100.00
1,Dustin Johnson,.00,0,20,100.00
1,Martin Laird,.00,0,20,100.00
1,Patrick Reed,.00,0,20,100.00
1,Hudson Swafford,.00,0,22,100.00
7,Webb Simpson,3.85,1,26,96.15
8,Cameron Champ,4.17,1,24,95.83
9,Carlos Ortiz,4.35,1,23,95.65
10,Robert Streb,4.55,1,22,95.45
11,Tony Finau,4.76,1,21,95.24
11,Kevin Kisner,4.76,1,21,95.24
13,Viktor Hovland,5.00,1,20,95.00
13,Sungjae Im,5.00,1,20,95.00
15,Ryan Palmer,5.26,1,19,94.74
15,Nick Taylor,5.26,1,19,94.74
17,Brendon Todd,5.88,1,17,94.12
18,Abraham Ancer,6.25,1,16,93.75
18,Brian Gay,6.25,1,16,93.75
20,Hideki Matsuyama,6.67,1,15,93.33
20,Scottie Scheffler,6.67,1,15,93.33
22,Stewart Cink,7.14,1,14,92.86
23,Patrick Cantlay,8.70,2,23,91.30
24,Jon Rahm,9.09,2,22,90.91
25,Kevin Na,9.52,2,21,90.48
25,Xander Schauffele,9.52,2,21,90.48
27,Michael Thompson,10.00,2,20,90.00
28,Bryson DeChambeau,10.53,2,19,89.47
28,Mackenzie Hughes,10.53,2,19,89.47
28,Andrew Landry,10.53,2,19,89.47
28,Joaquin Niemann,10.53,2,19,89.47
28,Cameron Smith,10.53,2,19,89.47
33,Daniel Berger,10.71,3,28,89.29
34,Adam Scott,11.11,3,27,88.89
35,Sebastián Muñoz,11.76,2,17,88.24
35,Justin Thomas,11.76,2,17,88.24
37,Richy Werenski,12.00,3,25,88.00
38,Billy Horschel,13.04,3,23,86.96
39,Collin Morikawa,14.29,3,21,85.71
40,Jason Kokrak,15.79,3,19,84.21
41,Marc Leishman,17.39,4,23,82.61
42,Sergio Garcia,27.78,5,18,72.22
