rank,player,Avg,Total Dist after GFG Shot,Total GFG Shots
1,Craig Parry,20.5,"8,115.000",11
2,Jonathan Byrd,22.8,"15,597.000",19
2,Vaughn Taylor,22.8,"13,126.000",16
4,Sergio Garcia,23.1,"18,322.000",22
5,John Daly,24.0,"15,568.000",18
6,Mike Weir,24.6,"13,309.000",15
7,Ernie Els,24.7,"16,018.000",18
7,Andre Stolz,24.7,"13,340.000",15
9,Woody Austin,25.0,"13,514.000",15
10,Ryan Palmer,25.1,"18,060.000",20
11,Stuart Appleby,25.3,"12,737.000",14
12,Mark Hensby,25.8,"14,858.000",16
13,Rod Pampling,27.6,"15,873.000",16
13,Vijay Singh,27.6,"16,914.000",17
15,Stephen Ames,27.7,"15,965.000",16
16,Joey Sindelar,28.1,"11,118.000",11
17,Fred Funk,28.3,"10,186.000",10
18,David Toms,28.9,"13,536.000",13
19,Tiger Woods,29.5,"24,457.000",23
20,Todd Hamilton,30.4,"16,435.000",15
21,Chad Campbell,30.7,"15,453.000",14
22,Jonathan Kaye,30.9,"15,552.000",14
23,Zach Johnson,32.6,"21,096.000",18
24,Stewart Cink,32.9,"18,958.000",16
25,Adam Scott,33.1,"19,090.000",16
26,Steve Flesch,34.3,"16,072.000",13
27,Retief Goosen,37.8,"24,492.000",18
28,Bart Bryant,38.8,"18,173.000",13
29,Carlos Franco,38.9,"22,419.000",16
30,Brent Geiberger,43.1,"20,185.000",13
31,Heath Slocum,48.9,"15,844.000",9
