rank,player,%,Attempts,Non-Attempts,RTP-Going for the green,RTP-Not going for the grn
1,Sergio Garcia,86.96,20,3,-12,E
1,Tiger Woods,86.96,20,3,-11,-1
3,Jonathan Byrd,82.61,19,4,-14,+2
3,Ryan Palmer,82.61,19,4,-12,E
5,Ernie Els,78.26,18,5,-10,+1
5,Retief Goosen,78.26,18,5,-12,-1
5,Zach Johnson,78.26,18,5,-4,+2
8,John Daly,73.91,17,6,-11,E
8,Vijay Singh,73.91,17,6,-11,-1
10,Stewart Cink,69.57,16,7,-4,-1
10,Carlos Franco,69.57,16,7,-4,+1
10,Mark Hensby,69.57,16,7,-8,+1
10,Rod Pampling,69.57,16,7,-10,+2
10,Adam Scott,69.57,16,7,-10,-3
10,Vaughn Taylor,69.57,16,7,-11,-1
16,Stephen Ames,65.22,15,8,-9,-1
16,Woody Austin,65.22,15,8,-11,-1
16,Andre Stolz,65.22,15,8,-12,+5
16,Mike Weir,65.22,15,8,-9,E
20,Stuart Appleby,60.87,14,9,-8,-1
20,Chad Campbell,60.87,14,9,-6,E
20,Todd Hamilton,60.87,14,9,-4,-3
20,Jonathan Kaye,60.87,14,9,-7,-3
24,Bart Bryant,56.52,13,10,-3,E
24,Steve Flesch,56.52,13,10,-6,+1
24,Brent Geiberger,56.52,13,10,-2,-3
24,David Toms,56.52,13,10,-8,-1
28,Craig Parry,47.83,11,12,-7,-1
28,Joey Sindelar,47.83,11,12,-4,E
30,Fred Funk,43.48,10,13,-3,E
31,Heath Slocum,39.13,9,14,-2,-5
