rank,player,%,Attempts
1,Tiger Woods,100.00,16
2,Sergio Garcia,93.75,15
2,Retief Goosen,93.75,15
2,Vaughn Taylor,93.75,15
5,Jonathan Byrd,87.50,14
5,Stewart Cink,87.50,14
5,Zach Johnson,87.50,14
5,Ryan Palmer,87.50,14
5,Vijay Singh,87.50,14
10,Stephen Ames,81.25,13
10,Stuart Appleby,81.25,13
10,Woody Austin,81.25,13
10,Bart Bryant,81.25,13
10,Chad Campbell,81.25,13
10,Ernie Els,81.25,13
10,Carlos Franco,81.25,13
10,Todd Hamilton,81.25,13
10,Mark Hensby,81.25,13
10,Jonathan Kaye,81.25,13
10,Adam Scott,81.25,13
21,Steve Flesch,75.00,12
21,Rod Pampling,75.00,12
21,David Toms,75.00,12
21,Mike Weir,75.00,12
25,John Daly,68.75,11
25,Craig Parry,68.75,11
25,Andre Stolz,68.75,11
28,Brent Geiberger,62.50,10
28,Joey Sindelar,62.50,10
30,Fred Funk,56.25,9
31,Heath Slocum,43.75,7
