rank,player,%,# of Birdie or Better,Attempts,RTP-Successes,RTP-Not going for the grn
1,Andre Stolz,80.00,12,15,-13,+5.00
2,Woody Austin,73.33,11,15,-11,-1.00
3,Retief Goosen,72.22,13,18,-13,-1.00
4,Adam Scott,68.75,11,16,-11,-3.00
4,Vaughn Taylor,68.75,11,16,-11,-1.00
6,Jonathan Byrd,68.42,13,19,-14,+2.00
7,Craig Parry,63.64,7,11,-7,-1.00
8,Stephen Ames,62.50,10,16,-10,-1.00
8,Rod Pampling,62.50,10,16,-10,+2.00
10,David Toms,61.54,8,13,-8,-1.00
11,Ryan Palmer,60.00,12,20,-13,E
11,Mike Weir,60.00,9,15,-10,E
13,Chad Campbell,57.14,8,14,-9,E
14,Mark Hensby,56.25,9,16,-9,+1.00
15,John Daly,55.56,10,18,-11,E
15,Ernie Els,55.56,10,18,-10,+1.00
17,Sergio Garcia,54.55,12,22,-12,E
18,Steve Flesch,53.85,7,13,-7,+1.00
19,Vijay Singh,52.94,9,17,-11,-1.00
20,Tiger Woods,52.17,12,23,-12,-1.00
21,Stuart Appleby,50.00,7,14,-8,-1.00
22,Jonathan Kaye,42.86,6,14,-7,-3.00
23,Zach Johnson,38.89,7,18,-7,+2.00
24,Bart Bryant,38.46,5,13,-5,E
24,Brent Geiberger,38.46,5,13,-5,-3.00
26,Stewart Cink,37.50,6,16,-6,-1.00
26,Carlos Franco,37.50,6,16,-7,+1.00
28,Joey Sindelar,36.36,4,11,-4,E
29,Todd Hamilton,33.33,5,15,-5,-3.00
29,Heath Slocum,33.33,3,9,-3,-5.00
31,Fred Funk,30.00,3,10,-3,E
