rank,player,%,Successes,Attempts,RTP-Successes,RTP-Not going for the grn
1,Craig Parry,54.55,6,11,-5,-1.00
2,Vaughn Taylor,43.75,7,16,-5,-1.00
3,Jonathan Byrd,36.84,7,19,-7,+2.00
4,Stuart Appleby,35.71,5,14,-6,-1.00
5,Ryan Palmer,35.00,7,20,-8,E
6,Retief Goosen,33.33,6,18,-6,-1.00
7,Sergio Garcia,31.82,7,22,-6,E
8,Adam Scott,31.25,5,16,-4,-3.00
9,Steve Flesch,30.77,4,13,-3,+1.00
10,Tiger Woods,30.43,7,23,-5,-1.00
11,Vijay Singh,29.41,5,17,-5,-1.00
12,John Daly,27.78,5,18,-5,E
13,Joey Sindelar,27.27,3,11,-1,E
14,Woody Austin,26.67,4,15,-3,-1.00
14,Mike Weir,26.67,4,15,-5,E
16,Stephen Ames,25.00,4,16,-4,-1.00
16,Mark Hensby,25.00,4,16,-4,+1.00
18,Ernie Els,22.22,4,18,-3,+1.00
19,Jonathan Kaye,21.43,3,14,-2,-3.00
20,Fred Funk,20.00,2,10,-1,E
21,Stewart Cink,18.75,3,16,-2,-1.00
21,Carlos Franco,18.75,3,16,-4,+1.00
23,Bart Bryant,15.38,2,13,-2,E
23,David Toms,15.38,2,13,-2,-1.00
25,Chad Campbell,14.29,2,14,-2,E
26,Andre Stolz,13.33,2,15,-2,+5.00
27,Rod Pampling,12.50,2,16,-2,+2.00
28,Zach Johnson,11.11,2,18,-1,+2.00
29,Todd Hamilton,6.67,1,15,-1,-3.00
30,Brent Geiberger,.00,0,13,E,-3.00
30,Heath Slocum,.00,0,9,E,-5.00
