rank,player,Avg RTP,Total Holes,Total RTP
1,Daniel Berger,E,1,E
1,Jason Dufner,E,1,E
1,Hideki Matsuyama,E,1,E
4,Mackenzie Hughes,+.333,3,+1.00
4,Brandt Snedeker,+.333,3,+1.00
6,Rod Pampling,+.500,2,+1.00
6,Brendan Steele,+.500,4,+2.00
6,Jimmy Walker,+.500,2,+1.00
9,Patrick Reed,+.600,5,+3.00
10,Fabián Gómez,+.667,3,+2.00
10,Justin Thomas,+.667,3,+2.00
12,Pat Perez,+.750,4,+3.00
12,Vaughn Taylor,+.750,4,+3.00
14,Aaron Baddeley,+1.000,3,+3.00
14,Greg Chalmers,+1.000,2,+2.00
14,Jason Day,+1.000,1,+1.00
14,James Hahn,+1.000,2,+2.00
14,Jim Herman,+1.000,1,+1.00
14,Billy Hurley III,+1.000,3,+3.00
14,Si Woo Kim,+1.000,11,+11.00
14,Russell Knox,+1.000,5,+5.00
14,Ryan Moore,+1.000,2,+2.00
14,Brian Stuard,+1.000,1,+1.00
14,Bubba Watson,+1.000,2,+2.00
25,Charley Hoffman,+1.250,4,+5.00
26,Cody Gribble,+1.333,3,+4.00
27,Branden Grace,+1.400,5,+7.00
28,Jordan Spieth,+1.667,3,+5.00
29,Jhonattan Vegas,+1.750,4,+7.00
