rank,player,Avg RTP,Total Holes,Total RTP
1,Aaron Baddeley,E,1,E
1,Jason Dufner,E,4,E
1,James Hahn,E,2,E
1,Billy Hurley III,E,4,E
1,Russell Knox,E,3,E
1,Ryan Moore,E,1,E
1,Rod Pampling,E,2,E
1,Pat Perez,E,3,E
1,Brendan Steele,E,1,E
10,Jason Day,+.167,6,+1.00
11,Daniel Berger,+.250,4,+1.00
11,Brian Stuard,+.250,4,+1.00
13,Fabián Gómez,+.333,3,+1.00
13,Charley Hoffman,+.333,3,+1.00
15,Tony Finau,+.500,4,+2.00
15,William McGirt,+.500,2,+1.00
15,Jimmy Walker,+.500,2,+1.00
15,Bubba Watson,+.500,2,+1.00
19,Greg Chalmers,+.556,9,+5.00
20,Cody Gribble,+.667,3,+2.00
20,Patrick Reed,+.667,3,+2.00
20,Justin Thomas,+.667,3,+2.00
23,Jhonattan Vegas,+.750,4,+3.00
24,Branden Grace,+.800,5,+4.00
25,Jim Herman,+1.000,1,+1.00
25,Si Woo Kim,+1.000,1,+1.00
25,Brandt Snedeker,+1.000,2,+2.00
25,Jordan Spieth,+1.000,2,+2.00
29,Mackenzie Hughes,+1.200,5,+6.00
30,Vaughn Taylor,+1.333,3,+4.00
