rank,player,%,Attempts,Non-Attempts,RTP-Going for the green,RTP-Not going for the grn
1,Xander Schauffele,90.91,20,2,-12,E
2,Cameron Champ,86.36,19,3,-10,+3
3,Paul Casey,81.82,18,4,-8,-2
3,Jon Rahm,81.82,18,4,-10,+2
5,Sung Kang,77.27,17,5,-7,-1
5,Patrick Reed,77.27,17,5,-9,-1
5,Matthew Wolff,77.27,17,5,-11,+3
5,Gary Woodland,77.27,17,5,-11,E
9,Sebastián Muñoz,72.73,16,6,-6,-1
10,Keith Mitchell,68.18,15,7,-3,+4
10,Ryan Palmer,68.18,15,7,-6,-4
12,Corey Conners,63.64,14,8,-5,-4
12,J.B. Holmes,63.64,14,8,-4,-1
12,Dustin Johnson,63.64,14,8,-4,+1
12,Adam Long,63.64,14,8,-5,E
12,Collin Morikawa,63.64,14,8,-7,-5
12,Martin Trainer,63.64,14,8,-3,+2
18,Rickie Fowler,59.09,13,9,-9,+1
18,Dylan Frittelli,59.09,13,9,-1,E
18,Joaquin Niemann,59.09,13,9,-9,-1
18,Justin Thomas,59.09,13,9,-10,E
22,Lanto Griffin,54.55,12,10,-9,+1
22,Graeme McDowell,54.55,12,10,-4,+1
22,J.T. Poston,54.55,12,10,-5,-7
25,Tyler Duncan,50.00,11,11,-3,-2
25,Max Homa,50.00,11,11,-5,+1
25,Kevin Na,50.00,11,11,-4,+1
28,Patrick Cantlay,45.45,10,12,-6,-2
28,Matt Kuchar,45.45,10,12,-5,-2
30,Jim Herman,40.91,9,13,-1,-2
30,Kevin Kisner,40.91,9,13,-5,-3
30,Nate Lashley,40.91,9,13,-5,-1
33,Brendon Todd,31.82,7,15,-3,-2
34,Chez Reavie,18.18,4,18,-2,-6
