rank,player,Avg,Total Dist after GFG Shot,Total GFG Shots
1,Chez Reavie,19.5,"2,808.000",4
2,Lanto Griffin,20.9,"9,008.000",12
3,Matthew Wolff,21.0,"13,629.000",18
4,Justin Thomas,21.9,"10,268.000",13
5,Patrick Cantlay,22.8,"8,225.000",10
6,Max Homa,22.9,"9,074.000",11
7,Xander Schauffele,23.3,"16,791.000",20
8,Jon Rahm,24.1,"15,596.000",18
9,Cameron Champ,24.4,"16,661.000",19
10,Gary Woodland,25.4,"15,563.000",17
11,Paul Casey,26.9,"17,403.000",18
12,Sung Kang,27.5,"16,820.000",17
13,Rickie Fowler,27.6,"12,918.000",13
14,J.T. Poston,28.1,"12,130.000",12
15,Patrick Reed,28.7,"17,547.000",17
16,Tyler Duncan,28.8,"11,401.000",11
17,Kevin Kisner,29.0,"9,408.000",9
18,Jim Herman,29.5,"9,550.000",9
19,Dustin Johnson,29.6,"14,930.000",14
19,Nate Lashley,29.6,"9,592.000",9
21,Matt Kuchar,29.7,"10,688.000",10
21,Ryan Palmer,29.7,"16,050.000",15
23,Graeme McDowell,30.0,"12,967.000",12
24,J.B. Holmes,30.7,"15,461.000",14
25,Adam Long,31.4,"15,835.000",14
26,Keith Mitchell,32.0,"17,290.000",15
27,Joaquin Niemann,32.1,"15,027.000",13
28,Martin Trainer,33.4,"16,821.000",14
29,Collin Morikawa,33.6,"16,941.000",14
30,Dylan Frittelli,40.5,"18,934.000",13
31,Brendon Todd,43.2,"10,880.000",7
32,Sebastián Muñoz,45.7,"26,297.000",16
33,Corey Conners,47.1,"23,732.000",14
34,Kevin Na,50.0,"19,805.000",11
