rank,player,%,Attempts,Non-Attempts
1,Paul Casey,93.75,15,1
1,Cameron Champ,93.75,15,1
1,Jon Rahm,93.75,15,1
1,Xander Schauffele,93.75,15,1
5,Gary Woodland,87.50,14,2
6,Sebastián Muñoz,81.25,13,3
6,Patrick Reed,81.25,13,3
6,Matthew Wolff,81.25,13,3
9,Sung Kang,75.00,12,4
9,Adam Long,75.00,12,4
9,Keith Mitchell,75.00,12,4
9,Joaquin Niemann,75.00,12,4
9,Justin Thomas,75.00,12,4
9,Martin Trainer,75.00,12,4
15,Corey Conners,68.75,11,5
15,Dylan Frittelli,68.75,11,5
15,Lanto Griffin,68.75,11,5
15,Ryan Palmer,68.75,11,5
19,Rickie Fowler,62.50,10,6
19,J.B. Holmes,62.50,10,6
19,Max Homa,62.50,10,6
19,Graeme McDowell,62.50,10,6
19,Collin Morikawa,62.50,10,6
24,Patrick Cantlay,56.25,9,7
24,Dustin Johnson,56.25,9,7
24,Kevin Kisner,56.25,9,7
27,Tyler Duncan,50.00,8,8
27,Matt Kuchar,50.00,8,8
27,Kevin Na,50.00,8,8
27,J.T. Poston,50.00,8,8
31,Jim Herman,43.75,7,9
31,Nate Lashley,43.75,7,9
31,Brendon Todd,43.75,7,9
34,Chez Reavie,25.00,4,12
