rank,player,%,# of Birdie or Better,Attempts,RTP-Successes,RTP-Not going for the grn
1,Joaquin Niemann,76.92,10,13,-10,-1.00
1,Justin Thomas,76.92,10,13,-10,E
3,Rickie Fowler,69.23,9,13,-9,+1.00
4,Lanto Griffin,66.67,8,12,-9,+1.00
5,Patrick Reed,64.71,11,17,-11,-1.00
6,Matthew Wolff,61.11,11,18,-11,+3.00
7,Xander Schauffele,60.00,12,20,-12,E
8,Sung Kang,58.82,10,17,-10,-1.00
8,Gary Woodland,58.82,10,17,-11,E
10,Cameron Champ,57.89,11,19,-11,+3.00
11,Collin Morikawa,57.14,8,14,-8,-5.00
11,Brendon Todd,57.14,4,7,-4,-2.00
13,Sebastián Muñoz,56.25,9,16,-9,-1.00
14,Paul Casey,55.56,10,18,-10,-2.00
14,Kevin Kisner,55.56,5,9,-5,-3.00
14,Nate Lashley,55.56,5,9,-5,-1.00
17,Max Homa,54.55,6,11,-6,+1.00
17,Kevin Na,54.55,6,11,-6,+1.00
19,Ryan Palmer,53.33,8,15,-8,-4.00
20,Patrick Cantlay,50.00,5,10,-6,-2.00
20,Corey Conners,50.00,7,14,-7,-4.00
20,Matt Kuchar,50.00,5,10,-6,-2.00
20,Jon Rahm,50.00,9,18,-10,+2.00
20,Chez Reavie,50.00,2,4,-2,-6.00
20,Martin Trainer,50.00,7,14,-7,+2.00
26,Keith Mitchell,46.67,7,15,-7,+4.00
27,Adam Long,42.86,6,14,-6,E
28,Graeme McDowell,41.67,5,12,-5,+1.00
29,Dylan Frittelli,38.46,5,13,-5,E
30,Tyler Duncan,36.36,4,11,-4,-2.00
31,J.B. Holmes,35.71,5,14,-5,-1.00
31,Dustin Johnson,35.71,5,14,-7,+1.00
33,J.T. Poston,33.33,4,12,-5,-7.00
34,Jim Herman,22.22,2,9,-2,-2.00
