rank,player,%,Successes,Attempts,RTP-Successes,RTP-Not going for the grn
1,Matthew Wolff,44.44,8,18,-7,+3.00
2,Max Homa,36.36,4,11,-4,+1.00
3,Dustin Johnson,35.71,5,14,-6,+1.00
4,Justin Thomas,30.77,4,13,-4,E
5,Martin Trainer,28.57,4,14,-4,+2.00
6,Paul Casey,27.78,5,18,-4,-2.00
7,Lanto Griffin,25.00,3,12,-3,+1.00
7,Chez Reavie,25.00,1,4,-1,-6.00
9,Gary Woodland,23.53,4,17,-4,E
10,Rickie Fowler,23.08,3,13,-2,+1.00
10,Joaquin Niemann,23.08,3,13,-3,-1.00
12,Jim Herman,22.22,2,9,-1,-2.00
12,Kevin Kisner,22.22,2,9,-2,-3.00
12,Nate Lashley,22.22,2,9,-2,-1.00
12,Jon Rahm,22.22,4,18,-2,+2.00
16,Corey Conners,21.43,3,14,-3,-4.00
16,Collin Morikawa,21.43,3,14,-3,-5.00
18,Cameron Champ,21.05,4,19,-2,+3.00
19,Patrick Cantlay,20.00,2,10,-3,-2.00
19,Matt Kuchar,20.00,2,10,-3,-2.00
19,Xander Schauffele,20.00,4,20,-2,E
22,Tyler Duncan,18.18,2,11,-1,-2.00
23,Graeme McDowell,16.67,2,12,-1,+1.00
23,J.T. Poston,16.67,2,12,-3,-7.00
25,Brendon Todd,14.29,1,7,-1,-2.00
26,Keith Mitchell,13.33,2,15,-2,+4.00
26,Ryan Palmer,13.33,2,15,-2,-4.00
28,Sebastián Muñoz,12.50,2,16,-2,-1.00
29,Kevin Na,9.09,1,11,-1,+1.00
30,Dylan Frittelli,7.69,1,13,-1,E
31,J.B. Holmes,7.14,1,14,-1,-1.00
32,Sung Kang,5.88,1,17,-1,-1.00
32,Patrick Reed,5.88,1,17,-1,-1.00
34,Adam Long,.00,0,14,E,E
