rank,player,Avg DTP,Total Distance (feet),# of Shots,Scrambling Rank
1,Stuart Appleby,"4' 10""",.813,14,9
2,Corey Pavin,"5' 0""",.544,9,10
3,John Rollins,"6' 1""",1.168,16,5
4,Adam Scott,"6' 2""",.963,13,6
5,Will MacKenzie,"6' 4""",.764,10,15
6,Jeff Maggert,"6' 5""",.613,8,26
7,Brett Wetterich,"6' 6""",1.018,13,29
8,Trevor Immelman,"6' 10""",.980,12,2
8,Kirk Triplett,"6' 10""",.577,7,20
10,Vijay Singh,"7' 2""",1.207,14,1
11,Ben Curtis,"7' 4""",1.229,14,31
12,Troy Matteson,"7' 6""",1.258,14,3
12,John Senden,"7' 6""",.987,11,7
14,Tim Herron,"7' 7""",1.280,14,18
15,K.J. Choi,"7' 8""",1.014,11,20
16,Aaron Baddeley,"7' 11""",1.427,15,27
17,Chris Couch,"8' 7""",.720,7,17
17,David Toms,"8' 7""",1.130,11,32
19,Davis Love III,"8' 10""",1.166,11,14
20,J.B. Holmes,"9' 5""",1.245,11,34
21,Jim Furyk,"9' 7""",.687,6,29
22,Carl Pettersson,"9' 8""",1.617,14,10
23,D.J. Trahan,"9' 10""",1.770,15,28
24,Luke Donald,"9' 11""",1.551,13,3
24,Geoff Ogilvy,"9' 11""",1.669,14,20
24,Rory Sabbatini,"9' 11""",1.664,14,15
27,Rod Pampling,"10' 4""",1.119,9,25
28,Dean Wilson,"10' 5""",1.372,11,33
29,Chad Campbell,"10' 8""",1.541,12,19
30,Joe Durant,"10' 9""",1.028,8,8
31,Stephen Ames,"11' 0""",.659,5,12
32,Eric Axley,"11' 9""",1.413,10,20
33,J.J. Henry,"14' 6""",2.257,13,12
