rank,player,Avg DTP,Total Distance (feet),# of Shots,Scrambling Rank
1,Stuart Appleby,"5' 3""",26.333,5,9
2,K.J. Choi,"5' 7""",61.333,11,20
3,Will MacKenzie,"6' 2""",30.750,5,15
4,Geoff Ogilvy,"6' 6""",52.250,8,20
5,Jeff Maggert,"7' 3""",87.333,12,26
6,Aaron Baddeley,"7' 4""",81.000,11,27
7,Davis Love III,"7' 6""",30.000,4,14
7,Rory Sabbatini,"7' 6""",97.750,13,15
9,J.J. Henry,"7' 9""",69.417,9,12
10,Luke Donald,"7' 10""",39.000,5,3
11,Jim Furyk,"7' 11""",39.750,5,29
12,Chad Campbell,"8' 2""",57.083,7,19
13,John Rollins,"8' 4""",125.500,15,5
14,Eric Axley,"8' 6""",76.583,9,20
14,Vijay Singh,"8' 6""",68.083,8,1
14,David Toms,"8' 6""",50.750,6,32
17,Rod Pampling,"8' 7""",51.500,6,25
18,Joe Durant,"8' 8""",52.083,6,8
18,Trevor Immelman,"8' 8""",43.250,5,2
20,Carl Pettersson,"8' 9""",70.250,8,10
21,Stephen Ames,"9' 1""",81.583,9,12
22,Tim Herron,"9' 5""",113.083,12,18
23,D.J. Trahan,"9' 8""",77.167,8,28
24,Chris Couch,"10' 3""",102.250,10,17
25,J.B. Holmes,"10' 6""",73.333,7,34
26,Brett Wetterich,"11' 0""",143.333,13,29
27,Corey Pavin,"11' 3""",89.750,8,10
28,Troy Matteson,"11' 5""",91.417,8,3
29,Adam Scott,"11' 11""",95.250,8,6
30,Kirk Triplett,"12' 5""",62.167,5,20
31,John Senden,"12' 11""",64.417,5,7
32,Ben Curtis,"13' 0""",91.000,7,31
33,Dean Wilson,"17' 4""",86.500,5,33
