rank,player,Avg DTP,Total Distance (feet),# of Shots,Scrambling Rank
1,Trevor Immelman,"1""",.083,1,2
2,Eric Axley,"5""",.417,1,20
3,John Rollins,"8""",2.083,3,5
4,Will MacKenzie,"1' 3""",1.250,1,15
5,Dean Wilson,"1' 6""",5.917,4,33
6,Luke Donald,"1' 7""",1.583,1,3
6,Tim Herron,"1' 7""",3.083,2,18
8,Brett Wetterich,"1' 9""",3.417,2,29
9,John Senden,"1' 10""",3.583,2,7
10,Jeff Maggert,"1' 11""",11.667,6,26
11,Aaron Baddeley,"2' 0""",10.000,5,27
12,Vijay Singh,"2' 1""",10.417,5,1
12,D.J. Trahan,"2' 1""",4.167,2,28
14,Rory Sabbatini,"2' 2""",4.333,2,15
15,Adam Scott,"2' 4""",7.083,3,6
16,Ben Curtis,"2' 8""",13.250,5,31
17,Chad Campbell,"2' 11""",5.833,2,19
18,Carl Pettersson,"3' 1""",3.083,1,10
19,Chris Couch,"3' 4""",9.917,3,17
20,Geoff Ogilvy,"3' 9""",11.167,3,20
21,Corey Pavin,"4' 0""",8.000,2,10
22,David Toms,"4' 4""",8.667,2,32
23,Davis Love III,"5' 3""",15.667,3,14
24,Rod Pampling,"5' 4""",10.667,2,25
25,Stephen Ames,"5' 9""",11.500,2,12
26,J.B. Holmes,"6' 2""",6.167,1,34
27,Joe Durant,"6' 6""",26.000,4,8
28,Jim Furyk,"6' 7""",13.167,2,29
29,Troy Matteson,"6' 8""",19.917,3,3
