rank,player,Avg DTP,Total Distance (feet),# of Shots,Scrambling Rank
1,Vijay Singh,"3' 8""",32.750,9,1
2,Corey Pavin,"3' 9""",22.667,6,10
3,Stuart Appleby,"3' 10""",53.917,14,9
4,David Toms,"3' 11""",19.667,5,32
5,Geoff Ogilvy,"4' 2""",41.417,10,20
6,Troy Matteson,"4' 5""",21.917,5,3
7,Tim Herron,"4' 11""",44.500,9,18
8,Chad Campbell,"5' 1""",61.083,12,19
9,Will MacKenzie,"5' 4""",48.167,9,15
10,John Rollins,"5' 8""",68.167,12,5
10,Rory Sabbatini,"5' 8""",68.417,12,15
12,Carl Pettersson,"5' 9""",63.500,11,10
13,D.J. Trahan,"6' 2""",55.333,9,28
14,Rod Pampling,"6' 4""",25.250,4,25
15,Joe Durant,"6' 5""",51.250,8,8
15,J.B. Holmes,"6' 5""",51.083,8,34
17,J.J. Henry,"6' 6""",52.250,8,12
18,Trevor Immelman,"6' 7""",45.833,7,2
19,Ben Curtis,"6' 8""",73.083,11,31
19,Luke Donald,"6' 8""",53.500,8,3
21,Jim Furyk,"6' 9""",27.000,4,29
22,K.J. Choi,"6' 11""",27.750,4,20
23,Brett Wetterich,"7' 3""",86.500,12,29
24,Stephen Ames,"7' 4""",58.583,8,12
24,Jeff Maggert,"7' 4""",43.750,6,26
26,Aaron Baddeley,"7' 5""",81.333,11,27
26,Davis Love III,"7' 5""",22.333,3,14
28,Chris Couch,"9' 2""",73.500,8,17
29,Adam Scott,"9' 3""",27.750,3,6
29,Kirk Triplett,"9' 3""",64.583,7,20
31,Eric Axley,"10' 0""",109.667,11,20
32,John Senden,"10' 3""",71.750,7,7
33,Dean Wilson,"10' 7""",84.917,8,33
