rank,player,Avg dtp,Total Distance (Feet),Attempts
1,Trevor Immelman,"4' 5""",43.917,10
2,Corey Pavin,"4' 11""",83.667,17
3,Vijay Singh,"5' 9""",98.417,17
4,Carl Pettersson,"6' 6""",130.417,20
5,Troy Matteson,"6' 7""",92.667,14
6,Brett Wetterich,"6' 8""",120.583,18
7,Davis Love III,"6' 9""",53.750,8
8,Chad Campbell,"6' 11""",131.500,19
9,Stephen Ames,"7' 0""",69.667,10
9,Jim Furyk,"7' 0""",69.917,10
11,Tim Herron,"7' 2""",114.667,16
11,John Rollins,"7' 2""",158.083,22
13,Geoff Ogilvy,"7' 3""",116.417,16
14,Chris Couch,"7' 4""",95.500,13
15,Rod Pampling,"7' 5""",96.000,13
16,Will MacKenzie,"7' 6""",89.583,12
17,Joe Durant,"7' 7""",114.167,15
18,J.J. Henry,"7' 9""",85.333,11
19,Jeff Maggert,"7' 10""",155.917,20
19,John Senden,"7' 10""",125.667,16
21,Ben Curtis,"8' 5""",217.750,26
22,Eric Axley,"8' 11""",142.833,16
23,J.B. Holmes,"9' 1""",63.417,7
24,Dean Wilson,"9' 3""",184.583,20
25,David Toms,"9' 5""",112.667,12
26,Adam Scott,"9' 9""",136.417,14
27,Stuart Appleby,"9' 10""",167.333,17
28,Rory Sabbatini,"10' 3""",224.667,22
29,D.J. Trahan,"10' 4""",154.750,15
29,Kirk Triplett,"10' 4""",103.000,10
31,Aaron Baddeley,"10' 11""",217.583,20
32,Luke Donald,"11' 6""",126.500,11
33,K.J. Choi,"13' 4""",160.000,12
