rank,player,Avg DTP,Total Distance (feet),# of Shots,Scrambling Rank
1,Stuart Appleby,"3' 10""",15.333,4,9
2,Troy Matteson,"4' 7""",41.417,9,3
3,Will MacKenzie,"4' 8""",23.333,5,15
4,Corey Pavin,"5' 7""",39.000,7,10
5,Stephen Ames,"5' 8""",22.583,4,12
6,Joe Durant,"5' 9""",11.500,2,8
7,John Senden,"6' 2""",36.750,6,7
8,Geoff Ogilvy,"6' 5""",32.167,5,20
9,Davis Love III,"6' 6""",32.583,5,14
10,Luke Donald,"6' 9""",40.500,6,3
10,Trevor Immelman,"6' 9""",33.583,5,2
12,K.J. Choi,"6' 11""",89.917,13,20
13,Kirk Triplett,"7' 5""",22.333,3,20
14,Eric Axley,"7' 10""",55.000,7,20
15,Chris Couch,"7' 11""",31.583,4,17
16,Aaron Baddeley,"8' 2""",65.500,8,27
17,John Rollins,"8' 5""",59.083,7,5
18,Carl Pettersson,"8' 6""",76.417,9,10
19,J.B. Holmes,"8' 8""",43.500,5,34
20,D.J. Trahan,"8' 10""",52.917,6,28
21,Jim Furyk,"9' 1""",27.250,3,29
22,Brett Wetterich,"9' 10""",108.167,11,29
23,Rory Sabbatini,"10' 1""",80.750,8,15
24,Adam Scott,"10' 2""",111.667,11,6
25,Tim Herron,"10' 3""",40.833,4,18
25,Jeff Maggert,"10' 3""",92.167,9,26
27,J.J. Henry,"10' 11""",98.333,9,12
28,Rod Pampling,"11' 7""",69.333,6,25
29,David Toms,"12' 1""",72.583,6,32
30,Dean Wilson,"12' 2""",60.917,5,33
31,Ben Curtis,"12' 9""",127.167,10,31
32,Vijay Singh,"15' 2""",105.917,7,1
33,Chad Campbell,"20' 3""",40.417,2,19
