rank,player,Avg DTP,Total Distance (feet),# of Shots,Scrambling Rank
1,Davis Love III,"8""",.667,1,14
2,Trevor Immelman,"2' 2""",4.333,2,2
2,Corey Pavin,"2' 2""",2.167,1,10
4,D.J. Trahan,"3' 0""",3.000,1,28
5,Luke Donald,"3' 1""",3.083,1,3
5,Jim Furyk,"3' 1""",3.083,1,29
7,Will MacKenzie,"3' 6""",13.917,4,15
8,Kirk Triplett,"5' 1""",10.167,2,20
9,Stephen Ames,"5' 4""",10.583,2,12
10,David Toms,"5' 9""",5.750,1,32
11,Stuart Appleby,"6' 8""",46.583,7,9
12,Eric Axley,"7' 1""",42.417,6,20
12,Joe Durant,"7' 1""",14.083,2,8
14,Chad Campbell,"7' 3""",29.083,4,19
14,Carl Pettersson,"7' 3""",28.833,4,10
16,Chris Couch,"7' 7""",15.167,2,17
17,Geoff Ogilvy,"7' 10""",15.583,2,20
18,Brett Wetterich,"7' 11""",31.667,4,29
19,J.B. Holmes,"8' 0""",16.000,2,34
20,K.J. Choi,"8' 2""",24.583,3,20
21,John Senden,"10' 7""",53.000,5,7
22,Adam Scott,"10' 9""",53.833,5,6
23,Rory Sabbatini,"10' 10""",21.667,2,15
24,Rod Pampling,"10' 11""",21.833,2,25
25,Ben Curtis,"11' 7""",69.417,6,31
26,Vijay Singh,"11' 10""",47.250,4,1
27,Jeff Maggert,"13' 5""",26.750,2,26
28,Dean Wilson,"14' 7""",29.083,2,33
29,Tim Herron,"16' 1""",32.167,2,18
30,J.J. Henry,"16' 11""",16.917,1,12
31,Aaron Baddeley,"17' 6""",52.583,3,27
