rank,player,Avg DTP,Total Distance (feet),# of Shots,Scrambling Rank
1,Retief Goosen,"3' 7""",42.500,12,3
2,Stuart Appleby,"4' 4""",17.333,4,6
3,Adam Scott,"5' 3""",26.417,5,19
4,Mike Weir,"5' 6""",27.417,5,13
5,Sergio Garcia,"6' 8""",46.583,7,24
6,John Daly,"7' 0""",91.167,13,31
6,Vijay Singh,"7' 0""",48.917,7,1
8,Jonathan Byrd,"7' 2""",28.583,4,26
8,Ernie Els,"7' 2""",28.750,4,30
10,Tiger Woods,"7' 6""",59.750,8,10
11,Stewart Cink,"7' 10""",86.417,11,8
12,Craig Parry,"8' 5""",67.250,8,3
13,Bart Bryant,"8' 8""",26.000,3,19
13,Todd Hamilton,"8' 8""",69.083,8,26
15,Andre Stolz,"8' 9""",96.083,11,24
16,Jonathan Kaye,"9' 2""",91.750,10,13
17,Rod Pampling,"9' 6""",56.917,6,21
18,Stephen Ames,"9' 9""",48.917,5,21
19,Mark Hensby,"10' 0""",80.083,8,26
20,Woody Austin,"10' 1""",50.500,5,18
21,Carlos Franco,"10' 3""",72.000,7,16
21,Zach Johnson,"10' 3""",102.583,10,15
23,Brent Geiberger,"10' 10""",108.250,10,17
23,Vaughn Taylor,"10' 10""",54.000,5,5
25,Joey Sindelar,"11' 0""",43.917,4,10
26,Ryan Palmer,"11' 3""",101.417,9,23
27,Steve Flesch,"11' 11""",47.583,4,29
28,Fred Funk,"12' 1""",48.250,4,8
29,David Toms,"12' 6""",87.667,7,2
30,Chad Campbell,"13' 0""",65.000,5,6
31,Heath Slocum,"14' 4""",100.500,7,10
