rank,player,Avg DTP,Total Distance (feet),# of Shots,Scrambling Rank
1,David Toms,"2' 9""",13.583,5,2
2,Craig Parry,"3' 2""",12.583,4,3
3,Carlos Franco,"3' 10""",23.000,6,16
4,Retief Goosen,"4' 2""",70.667,17,3
5,Jonathan Byrd,"4' 3""",38.000,9,26
6,Jonathan Kaye,"4' 4""",34.333,8,13
6,Mike Weir,"4' 4""",39.083,9,13
8,Stuart Appleby,"4' 5""",17.583,4,6
9,Tiger Woods,"4' 6""",36.167,8,10
10,Joey Sindelar,"4' 8""",18.583,4,10
11,Sergio Garcia,"4' 9""",42.583,9,24
12,Vaughn Taylor,"4' 10""",33.917,7,5
13,Todd Hamilton,"5' 4""",53.417,10,26
14,Vijay Singh,"5' 6""",33.000,6,1
15,Brent Geiberger,"5' 8""",45.083,8,17
16,John Daly,"5' 11""",47.500,8,31
17,Stewart Cink,"6' 0""",47.750,8,8
18,Ernie Els,"6' 2""",24.583,4,30
19,Bart Bryant,"6' 5""",12.750,2,19
20,Ryan Palmer,"6' 7""",59.167,9,23
21,Zach Johnson,"6' 11""",62.167,9,15
22,Mark Hensby,"7' 2""",71.333,10,26
23,Woody Austin,"7' 9""",116.167,15,18
24,Stephen Ames,"8' 3""",58.000,7,21
24,Andre Stolz,"8' 3""",99.083,12,24
26,Chad Campbell,"8' 5""",16.833,2,6
27,Rod Pampling,"8' 7""",68.500,8,21
28,Steve Flesch,"9' 2""",82.417,9,29
29,Adam Scott,"9' 4""",93.333,10,19
30,Heath Slocum,"11' 5""",91.583,8,10
31,Fred Funk,"11' 8""",58.417,5,8
