rank,player,Avg DTP,Total Distance (feet),# of Shots,Scrambling Rank
1,David Toms,"4' 9""",.457,8,2
2,Joey Sindelar,"5' 2""",.374,6,10
3,Vaughn Taylor,"5' 4""",.508,8,5
4,Jonathan Byrd,"6' 4""",.992,13,26
4,Andre Stolz,"6' 4""",.681,9,24
6,Retief Goosen,"6' 6""",.391,5,3
7,Vijay Singh,"7' 4""",.613,7,1
8,Mike Weir,"7' 8""",1.384,15,13
8,Tiger Woods,"7' 8""",.641,7,10
10,John Daly,"8' 0""",.867,9,31
11,Steve Flesch,"8' 8""",1.038,10,29
12,Woody Austin,"8' 10""",1.380,13,18
13,Rod Pampling,"9' 0""",1.301,12,21
14,Stephen Ames,"9' 1""",1.421,13,21
15,Todd Hamilton,"9' 4""",1.343,12,26
16,Sergio Garcia,"9' 7""",.805,7,24
16,Craig Parry,"9' 7""",.229,2,3
18,Chad Campbell,"9' 8""",1.040,9,6
18,Ernie Els,"9' 8""",1.273,11,30
18,Fred Funk,"9' 8""",.926,8,8
21,Bart Bryant,"9' 9""",1.049,9,19
22,Mark Hensby,"9' 10""",1.302,11,26
23,Carlos Franco,"10' 0""",1.564,13,16
24,Adam Scott,"10' 4""",.865,7,19
25,Stewart Cink,"10' 8""",.896,7,8
26,Heath Slocum,"11' 0""",.792,6,10
27,Ryan Palmer,"11' 10""",1.847,13,23
28,Zach Johnson,"12' 0""",1.441,10,15
29,Brent Geiberger,"12' 2""",1.461,10,17
30,Stuart Appleby,"12' 3""",1.465,10,6
31,Jonathan Kaye,"12' 5""",1.490,10,13
