rank,player,Avg dtp,Total Distance (Feet),Attempts
1,Vijay Singh,"3' 8""",29.083,8
2,Jonathan Byrd,"3' 9""",41.083,11
3,Stewart Cink,"4' 0""",40.250,10
4,David Toms,"4' 7""",36.417,8
5,Sergio Garcia,"5' 4""",37.500,7
5,Craig Parry,"5' 4""",53.250,10
7,John Daly,"5' 7""",67.250,12
7,Tiger Woods,"5' 7""",38.917,7
9,Jonathan Kaye,"6' 2""",80.000,13
10,Stuart Appleby,"6' 7""",59.500,9
11,Fred Funk,"6' 8""",79.833,12
11,Zach Johnson,"6' 8""",80.083,12
13,Chad Campbell,"7' 0""",62.833,9
13,Heath Slocum,"7' 0""",90.917,13
15,Woody Austin,"7' 5""",118.667,16
15,Brent Geiberger,"7' 5""",89.250,12
17,Todd Hamilton,"7' 11""",103.083,13
18,Ryan Palmer,"8' 0""",111.500,14
19,Joey Sindelar,"8' 2""",114.083,14
20,Rod Pampling,"8' 4""",92.000,11
21,Bart Bryant,"8' 6""",84.833,10
22,Andre Stolz,"8' 8""",112.667,13
23,Ernie Els,"9' 4""",55.750,6
24,Retief Goosen,"9' 9""",136.417,14
25,Mark Hensby,"10' 0""",140.167,14
26,Stephen Ames,"10' 9""",118.333,11
27,Adam Scott,"11' 8""",116.917,10
28,Steve Flesch,"12' 2""",145.583,12
29,Vaughn Taylor,"12' 5""",124.500,10
29,Mike Weir,"12' 5""",173.833,14
31,Carlos Franco,"13' 2""",158.000,12
