rank,player,Avg DTP,Total Distance (feet),# of Shots,Scrambling Rank
1,Fred Funk,"3' 7""",14.167,4,8
2,Retief Goosen,"4' 3""",8.417,2,3
3,Stuart Appleby,"4' 7""",32.250,7,6
4,Adam Scott,"4' 10""",19.250,4,19
5,Rod Pampling,"5' 6""",49.750,9,21
5,Joey Sindelar,"5' 6""",38.667,7,10
7,Jonathan Byrd,"5' 7""",39.083,7,26
8,Vijay Singh,"6' 5""",38.583,6,1
9,Bart Bryant,"7' 0""",28.000,4,19
10,Zach Johnson,"7' 1""",56.583,8,15
11,David Toms,"7' 10""",54.667,7,2
11,Mike Weir,"7' 10""",55.000,7,13
13,John Daly,"7' 11""",63.333,8,31
14,Chad Campbell,"8' 9""",69.667,8,6
15,Vaughn Taylor,"8' 10""",17.583,2,5
16,Woody Austin,"8' 11""",35.667,4,18
16,Andre Stolz,"8' 11""",53.250,6,24
18,Mark Hensby,"9' 0""",53.833,6,26
19,Craig Parry,"9' 1""",63.750,7,3
19,Tiger Woods,"9' 1""",45.417,5,10
21,Stephen Ames,"9' 4""",74.333,8,21
22,Heath Slocum,"9' 7""",38.417,4,10
23,Steve Flesch,"9' 10""",49.250,5,29
24,Carlos Franco,"10' 1""",60.667,6,16
25,Ernie Els,"10' 4""",103.417,10,30
25,Todd Hamilton,"10' 4""",72.417,7,26
27,Stewart Cink,"10' 8""",85.417,8,8
28,Ryan Palmer,"11' 0""",87.917,8,23
29,Jonathan Kaye,"11' 9""",58.750,5,13
30,Sergio Garcia,"11' 11""",59.500,5,24
31,Brent Geiberger,"12' 6""",112.333,9,17
