rank,player,Avg DTP,Total Distance (feet),# of Shots,Scrambling Rank
1,Carlos Franco,"1' 11""",1.917,1,16
2,Jonathan Byrd,"2' 9""",2.750,1,26
3,Ryan Palmer,"3' 5""",6.750,2,23
4,Mike Weir,"3' 8""",3.667,1,13
5,Fred Funk,"4' 3""",4.250,1,8
6,Rod Pampling,"4' 5""",8.833,2,21
7,Steve Flesch,"5' 10""",11.667,2,29
8,Heath Slocum,"6' 0""",30.167,5,10
9,Brent Geiberger,"6' 2""",6.167,1,17
10,Sergio Garcia,"6' 3""",18.667,3,24
11,Zach Johnson,"6' 6""",12.917,2,15
12,John Daly,"6' 8""",6.667,1,31
13,Retief Goosen,"6' 11""",20.750,3,3
14,Vaughn Taylor,"7' 11""",15.833,2,5
15,Joey Sindelar,"9' 10""",19.583,2,10
16,Chad Campbell,"10' 5""",31.333,3,6
17,Woody Austin,"11' 1""",44.167,4,18
18,Ernie Els,"11' 10""",35.583,3,30
19,Todd Hamilton,"12' 9""",25.500,2,26
20,Vijay Singh,"12' 11""",38.833,3,1
21,Jonathan Kaye,"13' 6""",13.500,1,13
22,Adam Scott,"14' 9""",59.083,4,19
23,Mark Hensby,"14' 11""",29.750,2,26
24,Bart Bryant,"15' 4""",30.667,2,19
25,Stephen Ames,"16' 2""",48.417,3,21
26,Tiger Woods,"16' 6""",16.500,1,10
27,Andre Stolz,"18' 9""",18.750,1,24
