rank,player,Avg DTP,Total Distance (feet),# of Shots,Scrambling Rank
1,Andre Stolz,"6' 8""",33.167,5,24
2,Craig Parry,"6' 10""",20.500,3,3
3,Sergio Garcia,"7' 1""",35.417,5,24
4,Retief Goosen,"7' 7""",38.000,5,3
5,Vaughn Taylor,"7' 10""",70.833,9,5
6,Jonathan Byrd,"9' 6""",56.833,6,26
7,Mike Weir,"9' 10""",49.167,5,13
8,Vijay Singh,"10' 2""",71.417,7,1
9,Stewart Cink,"10' 5""",31.333,3,8
10,Ernie Els,"10' 7""",63.583,6,30
11,Tiger Woods,"10' 8""",53.500,5,10
12,Steve Flesch,"10' 9""",43.000,4,29
12,David Toms,"10' 9""",64.250,6,2
14,Woody Austin,"11' 0""",65.750,6,18
15,Fred Funk,"11' 1""",55.417,5,8
16,Heath Slocum,"11' 3""",90.167,8,10
17,Joey Sindelar,"11' 5""",68.667,6,10
18,Adam Scott,"11' 6""",69.083,6,19
19,Todd Hamilton,"11' 9""",93.667,8,26
20,Chad Campbell,"11' 11""",95.333,8,6
21,Bart Bryant,"12' 11""",103.333,8,19
22,John Daly,"13' 3""",53.000,4,31
23,Carlos Franco,"13' 5""",120.583,9,16
24,Stephen Ames,"13' 11""",83.417,6,21
25,Rod Pampling,"15' 8""",93.750,6,21
26,Mark Hensby,"16' 3""",113.917,7,26
27,Ryan Palmer,"16' 4""",114.167,7,23
28,Brent Geiberger,"16' 10""",101.083,6,17
29,Stuart Appleby,"19' 5""",96.917,5,6
30,Zach Johnson,"20' 4""",142.583,7,15
31,Jonathan Kaye,"20' 10""",125.000,6,13
