rank,player,Avg DTP,Total Distance (feet),# of Shots,Scrambling Rank
1,Heath Slocum,"0""",0,1,10
2,Stuart Appleby,"3""",.417,2,6
3,Joey Sindelar,"1' 2""",4.583,4,10
4,Woody Austin,"1' 3""",1.250,1,18
4,Zach Johnson,"1' 3""",2.417,2,15
6,Jonathan Byrd,"1' 5""",2.833,2,26
7,Brent Geiberger,"1' 9""",5.250,3,17
7,Tiger Woods,"1' 9""",5.333,3,10
9,Sergio Garcia,"1' 11""",5.750,3,24
10,Vijay Singh,"2' 0""",4.000,2,1
11,Todd Hamilton,"2' 1""",2.083,1,26
12,Rod Pampling,"2' 2""",4.250,2,21
13,Vaughn Taylor,"2' 4""",4.667,2,5
14,Stephen Ames,"2' 5""",2.417,1,21
14,Adam Scott,"2' 5""",2.417,1,19
16,Mark Hensby,"2' 6""",7.500,3,26
17,John Daly,"2' 7""",12.750,5,31
17,Mike Weir,"2' 7""",13.083,5,13
19,Stewart Cink,"2' 9""",5.500,2,8
20,Steve Flesch,"2' 10""",8.583,3,29
21,Retief Goosen,"2' 11""",2.917,1,3
22,Ryan Palmer,"3' 0""",12.083,4,23
23,Carlos Franco,"3' 7""",7.083,2,16
23,Andre Stolz,"3' 7""",17.917,5,24
25,Chad Campbell,"3' 8""",7.250,2,6
26,Craig Parry,"4' 0""",4.000,1,3
27,Jonathan Kaye,"4' 1""",16.417,4,13
28,Bart Bryant,"4' 10""",24.333,5,19
29,Fred Funk,"5' 2""",25.833,5,8
30,David Toms,"7' 1""",7.083,1,2
