rank,player,Value,Total Drv Rank,GIR Rank
1,Vijay Singh,9,4,5
2,Sergio Garcia,10,9,1
2,David Toms,10,7,3
4,Stuart Appleby,12,7,5
4,Vaughn Taylor,12,4,8
6,Stephen Ames,16,4,12
7,Tiger Woods,17,14,3
8,Bart Bryant,19,11,8
8,Ernie Els,19,18,1
8,Todd Hamilton,19,1,18
11,Adam Scott,20,12,8
12,Rod Pampling,29,17,12
13,Chad Campbell,30,25,5
13,Fred Funk,30,18,12
13,Brent Geiberger,30,2,28
16,Jonathan Kaye,31,15,16
16,Ryan Palmer,31,3,28
18,Craig Parry,34,23,11
18,Heath Slocum,34,16,18
20,Retief Goosen,35,10,25
21,John Daly,36,18,18
21,Joey Sindelar,36,18,18
23,Jonathan Byrd,40,22,18
24,Stewart Cink,42,30,12
24,Mark Hensby,42,24,18
26,Steve Flesch,43,12,31
26,Carlos Franco,43,25,18
26,Mike Weir,43,27,16
29,Zach Johnson,53,28,25
30,Andre Stolz,54,29,25
31,Woody Austin,61,31,30
