rank,player,%,Greens Hit,# Holes,Relative/Par
1,Ernie Els,88.89,64,72,-0.36
1,Sergio Garcia,88.89,64,72,-0.28
3,David Toms,87.50,63,72,-0.25
3,Tiger Woods,87.50,63,72,-0.33
5,Stuart Appleby,86.11,62,72,-0.39
5,Chad Campbell,86.11,62,72,-0.23
5,Vijay Singh,86.11,62,72,-0.32
8,Bart Bryant,84.72,61,72,-0.26
8,Adam Scott,84.72,61,72,-0.38
8,Vaughn Taylor,84.72,61,72,-0.31
11,Craig Parry,83.33,60,72,-0.28
12,Stephen Ames,81.94,59,72,-0.29
12,Stewart Cink,81.94,59,72,-0.37
12,Fred Funk,81.94,59,72,-0.10
12,Rod Pampling,81.94,59,72,-0.27
16,Jonathan Kaye,80.56,58,72,-0.43
16,Mike Weir,80.56,58,72,-0.31
18,Jonathan Byrd,79.17,57,72,-0.40
18,John Daly,79.17,57,72,-0.35
18,Carlos Franco,79.17,57,72,-0.12
18,Todd Hamilton,79.17,57,72,-0.25
18,Mark Hensby,79.17,57,72,-0.30
18,Joey Sindelar,79.17,57,72,-0.21
18,Heath Slocum,79.17,57,72,-0.18
25,Retief Goosen,77.78,56,72,-0.29
25,Zach Johnson,77.78,56,72,-0.23
25,Andre Stolz,77.78,56,72,-0.30
28,Brent Geiberger,76.39,55,72,-0.22
28,Ryan Palmer,76.39,55,72,-0.25
30,Woody Austin,75.00,54,72,-0.43
31,Steve Flesch,73.61,53,72,-0.26
