rank,player,Avg RTP
1,John Rollins,-.556
2,Geoff Ogilvy,-.500
3,Rory Sabbatini,-.429
4,Lucas Glover,-.375
5,Steve Stricker,-.368
6,Ryan Moore,-.364
7,Martin Laird,-.357
8,Kenny Perry,-.350
9,Pat Perez,-.333
10,Paul Casey,-.313
11,Retief Goosen,-.300
12,Ángel Cabrera,-.294
12,Bo Van Pelt,-.294
14,Nick Watney,-.235
15,Matt Kuchar,-.222
16,Sean O'Hair,-.211
17,Stephen Ames,-.143
18,Stewart Cink,-.118
19,Nathan Green,-.111
19,Troy Matteson,-.111
21,Zach Johnson,-.105
22,Brian Gay,-.095
23,Dustin Johnson,-.067
24,Michael Bradley,E
24,Heath Slocum,E
24,Y.E. Yang,E
27,Jerry Kelly,+.053
28,Mark Wilson,+.056
