rank,player,Avg RTP
1,Rory Sabbatini,-.667
1,Bo Van Pelt,-.667
3,Zach Johnson,-.500
4,Sean O'Hair,-.400
5,Stewart Cink,-.286
5,Nathan Green,-.286
7,Martin Laird,-.250
8,Nick Watney,-.222
9,Stephen Ames,-.200
9,Ángel Cabrera,-.200
9,Brian Gay,-.200
9,Retief Goosen,-.200
13,Paul Casey,-.143
14,Dustin Johnson,-.111
15,Michael Bradley,E
15,Jerry Kelly,E
15,Matt Kuchar,E
15,Troy Matteson,E
15,Ryan Moore,E
15,Geoff Ogilvy,E
15,Pat Perez,E
15,Steve Stricker,E
15,Y.E. Yang,E
24,Kenny Perry,+.143
24,Heath Slocum,+.143
26,John Rollins,+.200
27,Lucas Glover,+.500
27,Mark Wilson,+.500
