rank,player,Avg RTP
1,Stewart Cink,-.500
1,Sean O'Hair,-.500
1,Geoff Ogilvy,-.500
1,Kenny Perry,-.500
5,Matt Kuchar,-.429
6,Jerry Kelly,-.333
6,Martin Laird,-.333
8,Y.E. Yang,-.286
9,Rory Sabbatini,-.250
10,Nick Watney,-.222
11,Heath Slocum,-.200
12,Zach Johnson,-.167
12,Mark Wilson,-.167
14,Lucas Glover,-.143
14,Nathan Green,-.143
16,Stephen Ames,-.125
16,Retief Goosen,-.125
16,John Rollins,-.125
16,Bo Van Pelt,-.125
20,Troy Matteson,-.111
20,Ryan Moore,-.111
22,Michael Bradley,-.100
23,Paul Casey,E
23,Brian Gay,E
23,Steve Stricker,E
26,Pat Perez,+.200
27,Ángel Cabrera,+.333
28,Dustin Johnson,+.667
