rank,player,Avg RTP
1,Sean O'Hair,-2.000
2,Dustin Johnson,-1.000
2,Ryan Moore,-1.000
2,Bo Van Pelt,-1.000
2,Nick Watney,-1.000
2,Mark Wilson,-1.000
7,Retief Goosen,-.667
8,Ángel Cabrera,-.500
8,Pat Perez,-.500
10,Brian Gay,-.333
10,Rory Sabbatini,-.333
12,Steve Stricker,-.250
13,Stephen Ames,E
13,Stewart Cink,E
13,Lucas Glover,E
13,Nathan Green,E
13,Zach Johnson,E
13,Jerry Kelly,E
13,Martin Laird,E
13,Troy Matteson,E
13,Geoff Ogilvy,E
13,Kenny Perry,E
13,John Rollins,E
13,Heath Slocum,E
25,Y.E. Yang,+1.000
