rank,player,Avg RTP
1,Paul Casey,-2.000
2,Stewart Cink,-1.000
2,Dustin Johnson,-1.000
2,Martin Laird,-1.000
2,Ryan Moore,-1.000
2,John Rollins,-1.000
2,Steve Stricker,-1.000
2,Y.E. Yang,-1.000
9,Retief Goosen,-.800
10,Geoff Ogilvy,-.750
10,Pat Perez,-.750
12,Stephen Ames,-.500
12,Nathan Green,-.500
12,Nick Watney,-.500
15,Kenny Perry,-.333
16,Brian Gay,-.250
17,Ángel Cabrera,E
17,Lucas Glover,E
17,Jerry Kelly,E
17,Matt Kuchar,E
17,Troy Matteson,E
17,Sean O'Hair,E
17,Rory Sabbatini,E
17,Bo Van Pelt,E
25,Zach Johnson,+.250
26,Heath Slocum,+1.000
26,Mark Wilson,+1.000
