rank,player,Avg RTP
1,Martin Laird,-1.000
1,John Rollins,-1.000
3,Geoff Ogilvy,-.500
4,Sean O'Hair,-.333
5,Bo Van Pelt,-.250
6,Stephen Ames,E
6,Ángel Cabrera,E
6,Paul Casey,E
6,Stewart Cink,E
6,Brian Gay,E
6,Nathan Green,E
6,Dustin Johnson,E
6,Zach Johnson,E
6,Jerry Kelly,E
6,Matt Kuchar,E
6,Ryan Moore,E
6,Kenny Perry,E
6,Steve Stricker,E
6,Nick Watney,E
6,Y.E. Yang,E
21,Michael Bradley,+.143
22,Retief Goosen,+.250
23,Lucas Glover,+.333
23,Troy Matteson,+.333
25,Rory Sabbatini,+.500
26,Mark Wilson,+1.000
