rank,player,%,Total Birdies,Total Holes
1,Lucas Glover,50.00,4,8
2,Ángel Cabrera,46.15,6,13
3,Michael Bradley,44.44,4,9
3,Dustin Johnson,44.44,4,9
5,Sean O'Hair,42.86,3,7
5,Mark Wilson,42.86,3,7
7,Kenny Perry,37.50,3,8
8,Matt Kuchar,33.33,2,6
8,Ryan Moore,33.33,2,6
8,Pat Perez,33.33,3,9
8,Y.E. Yang,33.33,3,9
12,Rory Sabbatini,30.00,3,10
13,Nick Watney,28.57,2,7
14,Stephen Ames,25.00,2,8
15,Paul Casey,22.22,2,9
16,Steve Stricker,18.18,2,11
17,Martin Laird,16.67,2,12
18,Brian Gay,14.29,1,7
18,Troy Matteson,14.29,1,7
20,Retief Goosen,12.50,1,8
20,Nathan Green,12.50,1,8
20,Jerry Kelly,12.50,1,8
20,Heath Slocum,12.50,1,8
20,Bo Van Pelt,12.50,1,8
25,John Rollins,11.11,1,9
26,Geoff Ogilvy,10.00,1,10
27,Zach Johnson,9.09,1,11
28,Stewart Cink,.00,0,9
