rank,player,Avg RTP
1,Matt Kuchar,-1.000
2,Nathan Green,-.833
3,Sean O'Hair,-.571
4,Paul Casey,-.500
4,Zach Johnson,-.500
4,Jerry Kelly,-.500
4,Ryan Moore,-.500
4,Steve Stricker,-.500
9,Geoff Ogilvy,-.400
10,Stewart Cink,-.375
11,Martin Laird,-.333
11,Pat Perez,-.333
13,Ángel Cabrera,-.250
13,Heath Slocum,-.250
15,Stephen Ames,E
15,Lucas Glover,E
15,Retief Goosen,E
15,Dustin Johnson,E
15,Troy Matteson,E
15,Kenny Perry,E
15,John Rollins,E
15,Rory Sabbatini,E
15,Mark Wilson,E
15,Y.E. Yang,E
25,Bo Van Pelt,+.250
26,Brian Gay,+.333
26,Nick Watney,+.333
28,Michael Bradley,+.500
