rank,player,Avg RTP
1,Dustin Johnson,-.571
2,Michael Bradley,-.375
2,Kenny Perry,-.375
4,Matt Kuchar,-.333
4,Ryan Moore,-.333
6,Stephen Ames,-.286
6,Mark Wilson,-.286
8,Ángel Cabrera,-.250
8,Paul Casey,-.250
8,Y.E. Yang,-.250
11,Pat Perez,-.222
12,Lucas Glover,-.200
12,Nick Watney,-.200
14,Brian Gay,-.167
15,Retief Goosen,-.125
15,Zach Johnson,-.125
15,Heath Slocum,-.125
18,Geoff Ogilvy,-.111
18,Steve Stricker,-.111
20,Jerry Kelly,E
20,Martin Laird,E
20,Troy Matteson,E
20,Sean O'Hair,E
20,Rory Sabbatini,E
25,John Rollins,+.167
26,Stewart Cink,+.286
27,Nathan Green,+.375
28,Bo Van Pelt,+.429
