rank,player,Avg RTP
1,Stewart Cink,-.571
2,Matt Kuchar,-.400
2,Sean O'Hair,-.400
4,Geoff Ogilvy,-.389
5,Paul Casey,-.364
6,Jerry Kelly,-.353
6,Martin Laird,-.353
8,Lucas Glover,-.286
9,Nathan Green,-.278
10,Zach Johnson,-.250
10,Kenny Perry,-.250
12,Brian Gay,-.222
12,Retief Goosen,-.222
12,Rory Sabbatini,-.222
12,Heath Slocum,-.222
16,Steve Stricker,-.200
17,Y.E. Yang,-.176
18,John Rollins,-.150
19,Pat Perez,-.111
20,Mark Wilson,-.100
21,Stephen Ames,-.095
22,Ryan Moore,-.091
23,Dustin Johnson,-.067
24,Troy Matteson,-.059
25,Nick Watney,E
26,Michael Bradley,+.053
27,Bo Van Pelt,+.087
28,Ángel Cabrera,+.118
