rank,player,%,Total Birdies,Total Holes
1,Rory Sabbatini,66.67,4,6
2,Y.E. Yang,60.00,3,5
3,Retief Goosen,57.14,4,7
4,Michael Bradley,50.00,2,4
5,Dustin Johnson,45.45,5,11
6,Brian Gay,40.00,2,5
6,Zach Johnson,40.00,4,10
6,Jerry Kelly,40.00,2,5
6,Martin Laird,40.00,2,5
10,Sean O'Hair,37.50,3,8
10,John Rollins,37.50,3,8
12,Stephen Ames,33.33,1,3
12,Bo Van Pelt,33.33,2,6
14,Ángel Cabrera,27.27,3,11
15,Geoff Ogilvy,25.00,2,8
16,Nick Watney,22.22,2,9
17,Paul Casey,20.00,1,5
18,Matt Kuchar,16.67,1,6
19,Lucas Glover,14.29,1,7
19,Troy Matteson,14.29,1,7
19,Heath Slocum,14.29,1,7
22,Nathan Green,12.50,1,8
22,Kenny Perry,12.50,1,8
24,Stewart Cink,.00,0,4
24,Ryan Moore,.00,0,2
24,Pat Perez,.00,0,4
24,Steve Stricker,.00,0,2
24,Mark Wilson,.00,0,5
