rank,player,Avg RTP
1,Lucas Glover,-1.000
1,John Rollins,-1.000
1,Rory Sabbatini,-1.000
4,Paul Casey,-.857
5,Geoff Ogilvy,-.750
6,Zach Johnson,-.714
7,Brian Gay,-.667
8,Troy Matteson,-.600
8,Nick Watney,-.600
8,Y.E. Yang,-.600
11,Ryan Moore,-.571
12,Stewart Cink,-.500
12,Jerry Kelly,-.500
12,Martin Laird,-.500
12,Kenny Perry,-.500
12,Heath Slocum,-.500
17,Stephen Ames,-.429
17,Sean O'Hair,-.429
19,Retief Goosen,-.400
20,Ángel Cabrera,-.333
20,Steve Stricker,-.333
20,Bo Van Pelt,-.333
23,Michael Bradley,-.250
24,Mark Wilson,-.200
25,Pat Perez,-.167
26,Matt Kuchar,-.143
27,Dustin Johnson,E
28,Nathan Green,+.250
