rank,player,Avg RTP
1,Bo Van Pelt,-1.000
2,Nathan Green,-.667
3,Stephen Ames,-.500
4,Paul Casey,-.333
4,Brian Gay,-.333
4,Troy Matteson,-.333
4,Sean O'Hair,-.333
8,Stewart Cink,-.250
9,Michael Bradley,E
9,Zach Johnson,E
9,Jerry Kelly,E
9,Matt Kuchar,E
9,Martin Laird,E
9,Ryan Moore,E
9,Pat Perez,E
9,Kenny Perry,E
9,John Rollins,E
9,Heath Slocum,E
9,Steve Stricker,E
9,Nick Watney,E
9,Y.E. Yang,E
22,Dustin Johnson,+.250
23,Geoff Ogilvy,+.333
24,Retief Goosen,+.500
25,Lucas Glover,+1.000
25,Mark Wilson,+1.000
