rank,player,Avg RTP
1,Rory Sabbatini,-.667
2,Y.E. Yang,-.600
3,Dustin Johnson,-.455
4,Retief Goosen,-.429
5,Brian Gay,-.400
5,Jerry Kelly,-.400
7,Sean O'Hair,-.375
8,Ángel Cabrera,-.273
9,Michael Bradley,-.250
9,John Rollins,-.250
11,Nick Watney,-.222
12,Paul Casey,-.200
12,Zach Johnson,-.200
12,Martin Laird,-.200
15,Matt Kuchar,-.167
15,Bo Van Pelt,-.167
17,Geoff Ogilvy,-.125
17,Kenny Perry,-.125
19,Stephen Ames,E
19,Stewart Cink,E
19,Nathan Green,E
19,Troy Matteson,E
19,Ryan Moore,E
19,Pat Perez,E
19,Heath Slocum,E
19,Steve Stricker,E
27,Lucas Glover,+.286
28,Mark Wilson,+.400
