rank,player,Avg RTP
1,Matt Kuchar,-.375
1,Steve Stricker,-.375
3,Geoff Ogilvy,-.364
4,Rory Sabbatini,-.357
5,Ángel Cabrera,-.333
5,Kenny Perry,-.333
7,Bo Van Pelt,-.273
8,Martin Laird,-.250
9,Pat Perez,-.222
9,John Rollins,-.222
11,Lucas Glover,-.125
12,Nathan Green,-.111
13,Ryan Moore,-.083
14,Stewart Cink,E
15,Stephen Ames,+.091
15,Troy Matteson,+.091
17,Sean O'Hair,+.100
18,Heath Slocum,+.111
18,Nick Watney,+.111
20,Brian Gay,+.182
21,Michael Bradley,+.250
21,Dustin Johnson,+.250
21,Jerry Kelly,+.250
24,Retief Goosen,+.286
24,Zach Johnson,+.286
26,Y.E. Yang,+.300
27,Paul Casey,+.375
28,Mark Wilson,+.500
