rank,player,%,Total Birdies,Total Holes
1,John Rollins,50.00,1,2
2,Zach Johnson,37.50,3,8
2,Geoff Ogilvy,37.50,3,8
4,Martin Laird,33.33,1,3
4,Bo Van Pelt,33.33,4,12
6,Jerry Kelly,28.57,2,7
7,Kenny Perry,27.27,3,11
8,Sean O'Hair,25.00,2,8
8,Steve Stricker,25.00,2,8
8,Mark Wilson,25.00,2,8
11,Michael Bradley,23.08,3,13
12,Y.E. Yang,20.00,1,5
13,Ángel Cabrera,16.67,1,6
14,Paul Casey,15.38,2,13
15,Brian Gay,14.29,2,14
15,Ryan Moore,14.29,1,7
15,Heath Slocum,14.29,1,7
18,Nathan Green,12.50,1,8
18,Rory Sabbatini,12.50,1,8
20,Stephen Ames,11.11,1,9
21,Stewart Cink,.00,0,5
21,Lucas Glover,.00,0,4
21,Retief Goosen,.00,0,7
21,Dustin Johnson,.00,0,2
21,Matt Kuchar,.00,0,6
21,Troy Matteson,.00,0,6
21,Pat Perez,.00,0,4
21,Nick Watney,.00,0,3
