rank,player,%,Total Birdies,Total Holes
1,Retief Goosen,80.00,4,5
2,Nathan Green,60.00,3,5
3,Stewart Cink,50.00,3,6
4,Ryan Moore,42.86,3,7
5,Ángel Cabrera,40.00,2,5
5,Kenny Perry,40.00,2,5
7,Lucas Glover,37.50,3,8
7,Troy Matteson,37.50,3,8
7,Rory Sabbatini,37.50,3,8
10,Dustin Johnson,33.33,3,9
10,Matt Kuchar,33.33,2,6
10,Steve Stricker,33.33,2,6
10,Y.E. Yang,33.33,2,6
14,Martin Laird,30.00,3,10
14,Nick Watney,30.00,3,10
16,Michael Bradley,28.57,2,7
17,Geoff Ogilvy,25.00,1,4
17,Pat Perez,25.00,2,8
19,Brian Gay,20.00,1,5
20,Paul Casey,14.29,1,7
21,John Rollins,10.00,1,10
22,Stephen Ames,.00,0,3
22,Zach Johnson,.00,0,5
22,Jerry Kelly,.00,0,5
22,Sean O'Hair,.00,0,5
22,Heath Slocum,.00,0,4
22,Bo Van Pelt,.00,0,4
22,Mark Wilson,.00,0,5
