rank,player,Avg RTP
1,Stephen Ames,-.500
1,Lucas Glover,-.500
1,Sean O'Hair,-.500
4,Pat Perez,-.400
4,Bo Van Pelt,-.400
6,Martin Laird,-.375
6,Nick Watney,-.375
8,Rory Sabbatini,-.200
9,Stewart Cink,-.182
10,Brian Gay,-.167
11,Paul Casey,-.154
12,Ángel Cabrera,-.125
13,Troy Matteson,-.111
14,Nathan Green,E
14,Zach Johnson,E
14,Matt Kuchar,E
14,Ryan Moore,E
14,Geoff Ogilvy,E
14,Heath Slocum,E
14,Steve Stricker,E
14,Mark Wilson,E
22,Michael Bradley,+.083
23,Retief Goosen,+.200
23,Jerry Kelly,+.200
25,Dustin Johnson,+.222
26,John Rollins,+.250
26,Y.E. Yang,+.250
28,Kenny Perry,+.286
