rank,player,Avg RTP
1,Stewart Cink,-.778
2,Brian Gay,-.714
3,Lucas Glover,-.455
4,Retief Goosen,-.429
5,Paul Casey,-.400
5,Martin Laird,-.400
7,Geoff Ogilvy,-.364
8,Jerry Kelly,-.333
8,Rory Sabbatini,-.333
10,Dustin Johnson,-.273
10,Matt Kuchar,-.273
12,Zach Johnson,-.250
12,John Rollins,-.250
14,Heath Slocum,-.222
15,Pat Perez,-.200
16,Steve Stricker,-.167
17,Stephen Ames,-.125
17,Y.E. Yang,-.125
19,Kenny Perry,-.111
20,Mark Wilson,-.083
21,Michael Bradley,E
21,Troy Matteson,E
23,Ryan Moore,+.111
24,Ángel Cabrera,+.143
25,Bo Van Pelt,+.182
26,Nathan Green,+.200
27,Nick Watney,+.250
28,Sean O'Hair,+.500
