rank,player,Avg RTP
1,Retief Goosen,-.800
1,Ryan Moore,-.800
3,Nathan Green,-.750
4,Ángel Cabrera,-.500
4,Stewart Cink,-.500
6,Michael Bradley,-.333
6,Geoff Ogilvy,-.333
8,Lucas Glover,-.286
8,Pat Perez,-.286
10,Matt Kuchar,-.250
10,Martin Laird,-.250
12,Dustin Johnson,-.200
12,Kenny Perry,-.200
12,Y.E. Yang,-.200
15,Steve Stricker,-.167
16,Paul Casey,E
16,Troy Matteson,E
16,Sean O'Hair,E
16,John Rollins,E
16,Rory Sabbatini,E
16,Heath Slocum,E
16,Bo Van Pelt,E
16,Nick Watney,E
16,Mark Wilson,E
25,Jerry Kelly,+.200
26,Brian Gay,+.250
26,Zach Johnson,+.250
28,Stephen Ames,+.333
