rank,player,Avg RTP
1,Stephen Ames,-.500
2,Sean O'Hair,-.455
3,Rory Sabbatini,-.375
4,Brian Gay,-.333
4,Y.E. Yang,-.333
6,Troy Matteson,-.300
7,Martin Laird,-.273
8,Pat Perez,-.250
8,John Rollins,-.250
10,Nick Watney,-.231
11,Bo Van Pelt,-.222
12,Ángel Cabrera,-.214
12,Paul Casey,-.214
14,Lucas Glover,-.200
15,Matt Kuchar,-.143
15,Heath Slocum,-.143
17,Stewart Cink,-.083
18,Dustin Johnson,-.071
19,Michael Bradley,E
19,Retief Goosen,E
19,Nathan Green,E
19,Zach Johnson,E
19,Jerry Kelly,E
19,Ryan Moore,E
19,Geoff Ogilvy,E
19,Kenny Perry,E
19,Steve Stricker,E
28,Mark Wilson,+.250
