rank,player,Avg RTP
1,Stephen Ames,-1.000
1,Brian Gay,-1.000
1,Pat Perez,-1.000
1,John Rollins,-1.000
1,Y.E. Yang,-1.000
6,Paul Casey,-.750
7,Retief Goosen,-.667
7,Rory Sabbatini,-.667
9,Ángel Cabrera,-.500
9,Stewart Cink,-.500
9,Zach Johnson,-.500
9,Nick Watney,-.500
13,Jerry Kelly,-.250
13,Heath Slocum,-.250
15,Michael Bradley,-.200
16,Lucas Glover,E
16,Nathan Green,E
16,Dustin Johnson,E
16,Matt Kuchar,E
16,Martin Laird,E
16,Ryan Moore,E
16,Sean O'Hair,E
16,Geoff Ogilvy,E
16,Kenny Perry,E
16,Steve Stricker,E
16,Mark Wilson,E
27,Bo Van Pelt,+.500
