rank,player,Avg RTP
1,Retief Goosen,-.667
1,Zach Johnson,-.667
1,Rory Sabbatini,-.667
4,Martin Laird,-.500
4,Bo Van Pelt,-.500
4,Nick Watney,-.500
7,Stewart Cink,-.333
7,Dustin Johnson,-.333
7,Sean O'Hair,-.333
10,Geoff Ogilvy,-.250
11,Ángel Cabrera,-.200
11,Pat Perez,-.200
13,Stephen Ames,E
13,Michael Bradley,E
13,Paul Casey,E
13,Brian Gay,E
13,Nathan Green,E
13,Jerry Kelly,E
13,Matt Kuchar,E
13,Ryan Moore,E
13,Steve Stricker,E
13,Mark Wilson,E
13,Y.E. Yang,E
24,Kenny Perry,+.167
25,Heath Slocum,+.200
26,John Rollins,+.250
27,Lucas Glover,+.333
27,Troy Matteson,+.333
