rank,player,%,Total Birdies,Total Holes
1,Stephen Ames,50.00,3,6
1,Lucas Glover,50.00,3,6
1,Martin Laird,50.00,4,8
1,Sean O'Hair,50.00,3,6
5,Pat Perez,40.00,2,5
5,Rory Sabbatini,40.00,2,5
5,Bo Van Pelt,40.00,2,5
8,Nathan Green,37.50,3,8
8,Nick Watney,37.50,3,8
10,Stewart Cink,36.36,4,11
11,Troy Matteson,33.33,3,9
12,Matt Kuchar,25.00,1,4
12,John Rollins,25.00,1,4
12,Mark Wilson,25.00,1,4
15,Paul Casey,23.08,3,13
16,Jerry Kelly,20.00,2,10
16,Heath Slocum,20.00,1,5
18,Brian Gay,16.67,1,6
18,Geoff Ogilvy,16.67,1,6
20,Ángel Cabrera,12.50,1,8
20,Steve Stricker,12.50,1,8
22,Dustin Johnson,11.11,1,9
23,Michael Bradley,8.33,1,12
24,Retief Goosen,.00,0,5
24,Zach Johnson,.00,0,3
24,Ryan Moore,.00,0,7
24,Kenny Perry,.00,0,7
24,Y.E. Yang,.00,0,4
