rank,player,%,Total Birdies,Total Holes
1,Paul Casey,52.17,12,23
2,Kenny Perry,50.00,12,24
2,John Rollins,50.00,13,26
4,Rory Sabbatini,48.48,16,33
5,Retief Goosen,48.15,13,27
6,Geoff Ogilvy,48.00,12,25
7,Dustin Johnson,42.31,11,26
7,Nick Watney,42.31,11,26
9,Steve Stricker,40.91,9,22
10,Stephen Ames,40.00,10,25
11,Martin Laird,39.13,9,23
12,Ángel Cabrera,38.46,10,26
12,Pat Perez,38.46,10,26
14,Lucas Glover,37.50,9,24
15,Sean O'Hair,37.04,10,27
15,Y.E. Yang,37.04,10,27
17,Stewart Cink,36.36,8,22
18,Zach Johnson,36.00,9,25
19,Matt Kuchar,33.33,9,27
19,Ryan Moore,33.33,9,27
21,Heath Slocum,31.82,7,22
22,Bo Van Pelt,31.58,6,19
23,Troy Matteson,30.43,7,23
24,Mark Wilson,28.00,7,25
25,Brian Gay,27.27,6,22
26,Jerry Kelly,25.93,7,27
27,Michael Bradley,23.81,5,21
28,Nathan Green,20.83,5,24
