rank,player,%,Total Birdies,Total Holes
1,Kenny Perry,39.62,21,53
2,Geoff Ogilvy,39.29,22,56
3,Stewart Cink,36.54,19,52
4,Paul Casey,34.78,16,46
5,Retief Goosen,33.33,18,54
6,Dustin Johnson,32.56,14,43
7,Lucas Glover,32.00,16,50
8,Rory Sabbatini,31.37,16,51
9,Ryan Moore,31.03,18,58
10,Steve Stricker,30.00,18,60
11,Sean O'Hair,29.79,14,47
12,Pat Perez,28.81,17,59
13,Nathan Green,27.78,15,54
13,Y.E. Yang,27.78,15,54
15,Nick Watney,27.66,13,47
16,Martin Laird,27.08,13,48
17,Ángel Cabrera,26.67,12,45
18,John Rollins,26.42,14,53
19,Zach Johnson,25.93,14,54
19,Matt Kuchar,25.93,14,54
21,Jerry Kelly,25.49,13,51
22,Michael Bradley,25.45,14,55
23,Stephen Ames,24.59,15,61
24,Bo Van Pelt,24.14,14,58
25,Mark Wilson,23.21,13,56
26,Brian Gay,22.95,14,61
27,Heath Slocum,21.82,12,55
28,Troy Matteson,16.33,8,49
