rank,player,Avg RTP
1,Ángel Cabrera,-1.000
2,Kenny Perry,-.500
3,Zach Johnson,-.429
4,Ryan Moore,-.333
4,Geoff Ogilvy,-.333
6,Paul Casey,-.286
6,Mark Wilson,-.286
8,Y.E. Yang,-.250
9,Steve Stricker,-.167
10,Bo Van Pelt,-.125
11,Stephen Ames,E
11,Michael Bradley,E
11,Stewart Cink,E
11,Brian Gay,E
11,Lucas Glover,E
11,Retief Goosen,E
11,Nathan Green,E
11,Matt Kuchar,E
11,Troy Matteson,E
11,Sean O'Hair,E
11,John Rollins,E
11,Rory Sabbatini,E
11,Nick Watney,E
24,Jerry Kelly,+.250
25,Heath Slocum,+.286
26,Martin Laird,+.500
26,Pat Perez,+.500
28,Dustin Johnson,+1.000
