rank,player,Avg,Total Distance (feet),# of Attempts,Relative to par
1,J.B. Holmes,"16' 0""",63.917,4,-1
2,Rickie Fowler,"20' 11""",167.083,8,-2
3,Lanto Griffin,"26' 8""",213.083,8,-1
4,Patrick Cantlay,"27' 8""",138.333,5,-1
5,Dylan Frittelli,"29' 7""",177.333,6,-1
6,Nate Lashley,"30' 1""",270.667,9,-2
7,Graeme McDowell,"31' 3""",187.250,6,E
8,Patrick Reed,"34' 3""",239.750,7,-4
9,Dustin Johnson,"36' 4""",290.333,8,-4
10,Matt Kuchar,"37' 7""",187.917,5,-1
11,Kevin Na,"38' 4""",383.500,10,+3
12,Brendon Todd,"40' 5""",283.083,7,+2
13,Cameron Champ,"40' 11""",327.000,8,-1
14,Adam Long,"41' 9""",250.583,6,+1
15,Paul Casey,"41' 11""",335.417,8,E
15,Sebastián Muñoz,"41' 11""",419.250,10,-3
17,Kevin Kisner,"43' 7""",261.583,6,+1
18,Jim Herman,"44' 1""",485.333,11,+1
19,Xander Schauffele,"44' 3""",354.000,8,E
20,Joaquin Niemann,"44' 4""",354.500,8,-2
20,Matthew Wolff,"44' 4""",310.250,7,-2
22,Corey Conners,"44' 10""",448.500,10,E
23,Collin Morikawa,"46' 1""",368.583,8,-2
24,Chez Reavie,"47' 10""",382.333,8,+3
25,Justin Thomas,"48' 2""",385.250,8,-3
26,Tyler Duncan,"49' 3""",344.667,7,+1
27,Ryan Palmer,"51' 7""",464.000,9,E
28,Jon Rahm,"52' 0""",416.250,8,-1
29,Sung Kang,"53' 2""",372.000,7,-2
30,J.T. Poston,"53' 3""",319.333,6,+1
31,Max Homa,"54' 4""",543.417,10,E
32,Gary Woodland,"55' 10""",446.583,8,+3
33,Keith Mitchell,"64' 2""",513.250,8,+6
34,Martin Trainer,"69' 9""",418.667,6,+1
