rank,player,Avg,Total Distance (feet),# of Attempts,Relative to par
1,Dustin Johnson,"3' 5""",3.417,1,-1
2,Collin Morikawa,"5' 10""",17.417,3,-2
3,Kevin Na,"11' 3""",33.833,3,-2
4,Cameron Champ,"11' 7""",34.667,3,-1
5,Jon Rahm,"12' 0""",24.000,2,E
6,Brendon Todd,"12' 7""",50.250,4,E
7,Gary Woodland,"12' 8""",38.000,3,E
8,Adam Long,"12' 9""",38.333,3,-2
9,Lanto Griffin,"13' 0""",51.833,4,E
10,Martin Trainer,"13' 6""",26.917,2,E
11,Chez Reavie,"14' 0""",98.083,7,-3
12,Tyler Duncan,"14' 3""",42.750,3,E
12,Matt Kuchar,"14' 3""",14.250,1,E
14,Max Homa,"14' 6""",14.500,1,E
14,Kevin Kisner,"14' 6""",72.417,5,-2
16,Corey Conners,"14' 7""",87.333,6,-4
17,Patrick Reed,"16' 7""",33.167,2,-2
18,J.T. Poston,"17' 7""",52.833,3,-2
19,Paul Casey,"17' 10""",35.667,2,-1
20,Nate Lashley,"18' 2""",109.167,6,-1
21,Keith Mitchell,"19' 5""",38.833,2,-1
22,Graeme McDowell,"20' 8""",103.333,5,E
23,Patrick Cantlay,"20' 9""",124.333,6,E
24,Rickie Fowler,"23' 2""",69.417,3,+1
25,Matthew Wolff,"24' 0""",47.917,2,E
26,Sung Kang,"24' 4""",97.250,4,-1
27,Sebastián Muñoz,"26' 4""",105.417,4,E
28,Xander Schauffele,"27' 3""",54.500,2,-1
29,Jim Herman,"27' 7""",220.333,8,-2
30,Dylan Frittelli,"29' 8""",89.083,3,E
31,J.B. Holmes,"30' 2""",120.583,4,E
32,Joaquin Niemann,"36' 9""",183.667,5,E
