rank,player,Avg,Total Distance (feet),# of Attempts,GIR Rank
1,Patrick Cantlay,"35' 6""","2,557.917",72,Under
2,Justin Thomas,"37' 4""","2,689.333",72,Under
3,Chez Reavie,"37' 9""","2,720.500",72,Over
4,Dustin Johnson,"39' 7""","2,772.000",70,Under
5,Collin Morikawa,"40' 0""","2,837.250",71,Under
6,Lanto Griffin,"40' 1""","2,884.250",72,Under
7,Joaquin Niemann,"40' 5""","2,867.333",71,Under
8,Kevin Na,"41' 3""","2,887.833",70,Over
9,Nate Lashley,"42' 1""","2,990.083",71,Under
10,Graeme McDowell,"42' 9""","3,076.250",72,Under
11,Brendon Todd,"43' 2""","3,019.583",70,Under
12,Rickie Fowler,"43' 7""","3,135.583",72,Under
13,J.T. Poston,"43' 9""","3,108.250",71,Under
14,Corey Conners,"44' 5""","3,153.167",71,Under
15,Xander Schauffele,"44' 11""","3,236.417",72,Under
16,Kevin Kisner,"45' 2""","3,249.667",72,Under
17,Max Homa,"45' 4""","3,266.667",72,Even
18,Ryan Palmer,"45' 7""","3,101.167",68,Under
19,Gary Woodland,"45' 11""","3,306.000",72,Under
20,Jim Herman,"46' 2""","3,324.000",72,Over
21,Matthew Wolff,"46' 3""","3,281.333",71,Under
22,Dylan Frittelli,"46' 6""","3,254.583",70,Over
23,Cameron Champ,"46' 7""","3,308.750",71,Under
24,Matt Kuchar,"46' 8""","3,358.083",72,Under
25,Jon Rahm,"47' 1""","3,387.750",72,Under
26,Paul Casey,"47' 4""","3,409.583",72,Under
27,Sung Kang,"47' 7""","3,428.333",72,Even
28,Adam Long,"47' 8""","3,429.000",72,Under
29,Sebastián Muñoz,"48' 8""","3,409.167",70,Under
30,Tyler Duncan,"49' 1""","3,534.167",72,Under
31,Patrick Reed,"51' 8""","3,721.833",72,Under
32,Keith Mitchell,"51' 9""","3,676.750",71,Over
33,J.B. Holmes,"53' 4""","3,734.833",70,Under
34,Martin Trainer,"54' 10""","3,840.333",70,Over
