rank,player,Avg,Total Distance (feet),# of Attempts,Relative to par
1,Justin Thomas,"27' 1""",54.083,2,-1
2,Sung Kang,"35' 8""",35.667,1,-1
3,Rickie Fowler,"41' 1""",41.083,1,-1
4,Matthew Wolff,"51' 1""",102.167,2,+1
5,Joaquin Niemann,"69' 6""",208.417,3,-2
6,Patrick Reed,"71' 4""",285.250,4,-2
7,Chez Reavie,"72' 4""",217.083,3,+2
8,Paul Casey,"78' 0""",234.083,3,-1
9,Max Homa,"78' 6""",157.000,2,E
10,Ryan Palmer,"81' 11""",245.667,3,-2
11,Matt Kuchar,"82' 2""",493.083,6,-2
12,Corey Conners,"84' 9""",169.417,2,-1
13,Patrick Cantlay,"85' 3""",255.833,3,-1
13,Gary Woodland,"85' 3""",170.417,2,E
15,Graeme McDowell,"85' 4""",511.750,6,E
16,Xander Schauffele,"85' 9""",342.917,4,-2
17,Tyler Duncan,"86' 9""",260.167,3,E
18,Brendon Todd,"87' 3""",349.000,4,E
19,Kevin Na,"90' 6""",362.000,4,+3
20,Dylan Frittelli,"93' 5""",280.167,3,+2
21,Dustin Johnson,"96' 2""",288.500,3,-1
22,Jim Herman,"98' 4""",294.917,3,-1
23,J.T. Poston,"98' 8""",295.917,3,E
24,Collin Morikawa,"100' 2""",400.500,4,-1
25,Lanto Griffin,"100' 11""",201.833,2,-1
26,Adam Long,"102' 9""",616.500,6,-1
27,J.B. Holmes,"103' 8""",311.000,3,-1
28,Sebastián Muñoz,"115' 7""",346.667,3,-2
29,Nate Lashley,"117' 8""",117.667,1,E
30,Keith Mitchell,"119' 4""",357.917,3,E
31,Kevin Kisner,"123' 9""",371.250,3,-1
