rank,player,Avg,Total Distance (feet),# of Attempts,Relative to par
1,Keith Mitchell,"37' 0""",185.083,5,-2
2,Adam Long,"37' 1""",222.583,6,-2
3,Nate Lashley,"38' 11""",155.500,4,E
4,Tyler Duncan,"41' 9""",208.750,5,-2
5,Sebastián Muñoz,"44' 2""",132.417,3,-3
6,Max Homa,"50' 2""",301.000,6,-2
7,Matthew Wolff,"50' 8""",202.667,4,-2
8,Cameron Champ,"51' 5""",308.417,6,-3
9,Graeme McDowell,"52' 0""",312.000,6,-2
10,Corey Conners,"54' 8""",492.083,9,E
11,Joaquin Niemann,"56' 9""",283.917,5,-2
12,Chez Reavie,"57' 8""",288.167,5,-2
13,Dylan Frittelli,"58' 9""",293.667,5,-2
14,J.T. Poston,"59' 6""",356.833,6,-1
15,Kevin Na,"60' 8""",303.167,5,+1
16,Dustin Johnson,"63' 8""",127.333,2,E
17,Jim Herman,"64' 10""",194.500,3,+2
18,Patrick Cantlay,"65' 5""",261.667,4,-1
19,Martin Trainer,"66' 8""",333.500,5,+1
20,Paul Casey,"67' 6""",404.917,6,-2
21,Gary Woodland,"67' 8""",473.667,7,-4
22,Lanto Griffin,"68' 11""",206.667,3,E
23,Jon Rahm,"69' 1""",552.333,8,E
24,Sung Kang,"69' 2""",483.917,7,E
25,Brendon Todd,"70' 9""",282.917,4,-2
26,Matt Kuchar,"71' 1""",355.333,5,E
27,Xander Schauffele,"71' 2""",284.583,4,-1
28,Collin Morikawa,"73' 1""",438.333,6,-1
29,Justin Thomas,"73' 2""",292.750,4,-2
30,Rickie Fowler,"76' 5""",305.583,4,-2
31,J.B. Holmes,"79' 6""",397.500,5,+3
32,Kevin Kisner,"80' 0""",639.833,8,E
33,Patrick Reed,"85' 11""",429.750,5,E
34,Ryan Palmer,"95' 4""",381.417,4,+1
