rank,player,Avg,Total Distance (feet),# of Attempts,Relative to par
1,Justin Thomas,"15' 6""",92.833,6,-2
2,Jim Herman,"16' 4""",81.833,5,-2
3,Joaquin Niemann,"17' 10""",124.833,7,-2
4,Kevin Na,"20' 0""",120.000,6,E
5,Sebastián Muñoz,"21' 11""",109.417,5,-1
6,Xander Schauffele,"22' 4""",134.083,6,E
7,Kevin Kisner,"25' 1""",200.917,8,-3
7,Gary Woodland,"25' 1""",125.250,5,+1
9,Patrick Cantlay,"25' 7""",204.667,8,E
10,Matt Kuchar,"27' 0""",269.750,10,E
11,Dustin Johnson,"27' 8""",138.250,5,-1
11,Collin Morikawa,"27' 8""",249.250,9,E
13,Cameron Champ,"28' 9""",229.917,8,-2
14,Jon Rahm,"29' 3""",87.667,3,E
15,Keith Mitchell,"30' 7""",183.583,6,-1
16,J.T. Poston,"30' 8""",153.417,5,-2
17,Ryan Palmer,"30' 9""",307.167,10,-2
18,Nate Lashley,"31' 4""",281.667,9,+2
19,Graeme McDowell,"31' 7""",220.833,7,E
20,Dylan Frittelli,"32' 4""",226.167,7,+1
20,Chez Reavie,"32' 4""",290.917,9,-1
22,Paul Casey,"33' 0""",131.917,4,+1
23,Patrick Reed,"33' 5""",234.000,7,-3
24,Tyler Duncan,"35' 9""",464.667,13,-1
25,Rickie Fowler,"35' 11""",215.417,6,+2
26,Brendon Todd,"36' 1""",468.750,13,E
27,J.B. Holmes,"36' 4""",326.667,9,-1
28,Martin Trainer,"36' 8""",219.917,6,+1
29,Sung Kang,"39' 8""",198.167,5,-1
30,Adam Long,"40' 4""",242.083,6,E
31,Lanto Griffin,"41' 10""",250.917,6,+1
32,Max Homa,"41' 11""",251.333,6,+1
33,Corey Conners,"47' 1""",282.333,6,+1
34,Matthew Wolff,"48' 8""",486.833,10,+2
