rank,player,Avg,Total Distance (feet),# of Attempts,Relative to par
1,Justin Thomas,"26' 9""",374.750,14,-3
2,Graeme McDowell,"27' 9""",222.167,8,-1
3,Dustin Johnson,"31' 3""",343.667,11,-2
4,Joaquin Niemann,"31' 8""",285.333,9,+1
5,Patrick Cantlay,"33' 5""",300.417,9,E
6,Kevin Kisner,"33' 7""",268.833,8,E
7,Gary Woodland,"34' 6""",586.250,17,-2
8,Max Homa,"35' 7""",284.417,8,E
9,J.T. Poston,"36' 5""",473.000,13,-1
10,Corey Conners,"36' 7""",219.417,6,+3
11,Dylan Frittelli,"36' 8""",476.917,13,+3
11,Collin Morikawa,"36' 8""",329.917,9,+2
13,Nate Lashley,"38' 2""",266.917,7,-1
14,Lanto Griffin,"38' 3""",459.417,12,+1
15,Kevin Na,"38' 5""",460.667,12,+3
16,Chez Reavie,"39' 5""",354.417,9,+1
17,Xander Schauffele,"39' 10""",318.750,8,E
18,Adam Long,"39' 11""",478.583,12,E
19,Sung Kang,"41' 0""",451.250,11,+3
19,Jon Rahm,"41' 0""",491.917,12,-1
21,Matthew Wolff,"42' 3""",506.583,12,E
22,Keith Mitchell,"43' 1""",301.583,7,+1
23,Ryan Palmer,"43' 2""",431.417,10,+2
24,Brendon Todd,"43' 4""",389.917,9,E
25,Cameron Champ,"46' 0""",414.167,9,+2
26,Patrick Reed,"46' 1""",460.417,10,+1
27,Tyler Duncan,"46' 7""",372.667,8,+2
28,Jim Herman,"46' 9""",560.833,12,+4
29,Matt Kuchar,"48' 4""",628.667,13,E
30,Sebastián Muñoz,"49' 0""",539.250,11,+2
31,Paul Casey,"54' 4""",543.667,10,+3
32,Rickie Fowler,"56' 0""",504.167,9,+2
33,J.B. Holmes,"56' 2""",505.500,9,+4
34,Martin Trainer,"61' 6""",368.750,6,+6
