rank,player,Avg,Total Distance (feet),# of Attempts,Relative to par
1,Collin Morikawa,"35' 10""",215.000,6,+1
2,Joaquin Niemann,"37' 9""",302.000,8,-1
3,Dustin Johnson,"38' 0""",265.833,7,-1
4,J.T. Poston,"39' 8""",237.750,6,E
5,Xander Schauffele,"40' 7""",365.417,9,-1
6,Chez Reavie,"41' 2""",370.250,9,E
6,Gary Woodland,"41' 2""",329.333,8,-3
8,Kevin Na,"42' 4""",254.167,6,-1
9,Adam Long,"43' 2""",431.583,10,-3
10,Ryan Palmer,"43' 3""",389.333,9,-1
11,Nate Lashley,"46' 2""",462.000,10,-1
12,Patrick Cantlay,"46' 7""",559.417,12,-3
13,Matt Kuchar,"47' 7""",427.917,9,-1
14,Jon Rahm,"47' 8""",333.750,7,E
15,Rickie Fowler,"48' 4""",531.583,11,-1
16,Keith Mitchell,"48' 5""",387.083,8,E
17,Paul Casey,"48' 11""",440.250,9,+2
17,Graeme McDowell,"48' 11""",488.833,10,E
19,Lanto Griffin,"49' 3""",541.667,11,-4
20,Patrick Reed,"49' 8""",397.500,8,-3
21,Corey Conners,"50' 7""",354.333,7,+2
22,Brendon Todd,"50' 11""",508.750,10,E
23,Matthew Wolff,"51' 3""",461.000,9,-2
24,Kevin Kisner,"52' 1""",468.667,9,E
25,Dylan Frittelli,"52' 8""",473.917,9,+2
26,Cameron Champ,"53' 5""",373.667,7,+1
27,Sung Kang,"53' 8""",375.417,7,E
28,Jim Herman,"60' 4""",543.333,9,-1
29,Max Homa,"60' 7""",484.833,8,E
30,Justin Thomas,"61' 5""",429.917,7,+1
31,J.B. Holmes,"65' 5""",719.250,11,-1
32,Sebastián Muñoz,"65' 9""",525.667,8,+2
33,Martin Trainer,"66' 8""",599.750,9,+1
34,Tyler Duncan,"75' 1""",750.667,10,E
