rank,player,Avg,Total Distance (feet),# of Attempts,Relative to par
1,Lanto Griffin,"73' 10""",221.417,3,-3
2,Kevin Na,"74' 5""",74.417,1,E
3,Xander Schauffele,"76' 8""",153.333,2,-1
4,Jon Rahm,"80' 2""",401.000,5,-1
5,Max Homa,"91' 2""",182.333,2,+1
6,Martin Trainer,"102' 5""",204.750,2,-1
7,J.T. Poston,"103' 1""",103.083,1,E
8,Cameron Champ,"103' 4""",309.917,3,-2
9,Paul Casey,"103' 11""",311.750,3,-3
10,Keith Mitchell,"105' 2""",315.583,3,-2
11,Patrick Reed,"111' 4""",334.083,3,E
12,Tyler Duncan,"112' 9""",112.750,1,E
13,Nate Lashley,"112' 11""",225.833,2,-1
14,Joaquin Niemann,"117' 4""",352.083,3,-3
15,Dylan Frittelli,"117' 8""",353.083,3,E
16,Gary Woodland,"118' 4""",473.417,4,-2
17,Justin Thomas,"120' 7""",120.583,1,-1
18,Adam Long,"128' 7""",257.083,2,E
19,Sung Kang,"132' 11""",398.750,3,-1
20,J.B. Holmes,"140' 1""",140.083,1,E
21,Corey Conners,"142' 5""",284.833,2,-2
22,Matthew Wolff,"143' 9""",143.750,1,E
23,Sebastián Muñoz,"146' 4""",292.667,2,-2
24,Rickie Fowler,"166' 5""",166.417,1,-1
25,Matt Kuchar,"167' 5""",167.417,1,E
26,Ryan Palmer,"170' 6""",170.500,1,E
