rank,player,Avg,Total Distance (feet),# of Attempts,Relative to par
1,Patrick Cantlay,"11' 9""",58.917,5,-4
2,Ryan Palmer,"17' 7""",88.000,5,-2
3,Paul Casey,"18' 2""",181.917,10,-1
4,Joaquin Niemann,"18' 5""",110.333,6,E
5,Cameron Champ,"19' 6""",136.583,7,-3
6,Graeme McDowell,"20' 5""",122.667,6,-1
7,Justin Thomas,"21' 3""",212.083,10,-2
8,Kevin Na,"21' 6""",193.750,9,-1
9,Matthew Wolff,"21' 10""",87.250,4,-1
10,Lanto Griffin,"22' 3""",178.083,8,E
11,Keith Mitchell,"24' 1""",120.417,5,-1
12,Sung Kang,"24' 6""",171.667,7,+1
13,Max Homa,"24' 9""",198.167,8,E
14,Xander Schauffele,"26' 11""",242.167,9,-1
15,Sebastián Muñoz,"27' 4""",109.167,4,E
16,Corey Conners,"28' 8""",143.333,5,-1
16,Tyler Duncan,"28' 8""",200.750,7,-1
18,Rickie Fowler,"29' 0""",377.000,13,-2
19,Chez Reavie,"29' 6""",324.417,11,E
20,Gary Woodland,"30' 0""",120.083,4,E
21,Jon Rahm,"30' 2""",421.750,14,-3
22,Nate Lashley,"30' 8""",306.250,10,-1
23,Dylan Frittelli,"31' 11""",255.000,8,E
24,Collin Morikawa,"32' 4""",355.333,11,-3
25,J.B. Holmes,"32' 5""",129.667,4,E
26,Adam Long,"32' 6""",97.417,3,E
27,Matt Kuchar,"32' 10""",262.667,8,E
28,Patrick Reed,"36' 0""",143.833,4,E
29,Brendon Todd,"36' 5""",291.083,8,E
30,Kevin Kisner,"37' 0""",333.333,9,+1
31,J.T. Poston,"38' 0""",304.167,8,E
32,Martin Trainer,"40' 10""",408.583,10,+2
33,Dustin Johnson,"47' 5""",379.417,8,E
34,Jim Herman,"78' 2""",156.333,2,+1
