rank,player,Avg,Total Strokes,Total Rounds
1,Harrison Frazar,32.00,32,1
2,Jonathan Byrd,33.00,33,1
2,K.J. Choi,33.00,33,1
2,Steve Stricker,33.00,33,1
5,Bryce Molder,34.00,34,1
5,Sean O'Hair,34.00,34,1
5,Brendan Steele,34.00,34,1
5,Johnson Wagner,34.00,34,1
5,Nick Watney,34.00,34,1
5,Mark Wilson,34.00,34,1
11,Bill Haas,35.00,35,1
11,Martin Laird,35.00,35,1
11,Scott Piercy,35.00,35,1
11,Rory Sabbatini,35.00,35,1
11,Webb Simpson,35.00,35,1
16,Ben Crane,36.00,36,1
16,D.A. Points,36.00,36,1
18,Kevin Na,37.00,37,1
19,Chris Kirk,38.00,38,1
19,Bubba Watson,38.00,38,1
19,Gary Woodland,38.00,38,1
22,Aaron Baddeley,39.00,39,1
22,Keegan Bradley,39.00,39,1
22,Michael Bradley,39.00,39,1
25,Scott Stallings,40.00,40,1
25,David Toms,40.00,40,1
25,Jhonattan Vegas,40.00,40,1
