rank,player,Avg,Total Strokes,Total Rounds
1,Keegan Bradley,31.00,31,1
2,K.J. Choi,33.00,33,1
2,Ben Crane,33.00,33,1
2,Chris Kirk,33.00,33,1
2,Martin Laird,33.00,33,1
6,Aaron Baddeley,34.00,34,1
6,Michael Bradley,34.00,34,1
6,Bryce Molder,34.00,34,1
6,Steve Stricker,34.00,34,1
6,Johnson Wagner,34.00,34,1
11,Jonathan Byrd,35.00,35,1
11,Kevin Na,35.00,35,1
11,Sean O'Hair,35.00,35,1
11,Scott Piercy,35.00,35,1
11,Webb Simpson,35.00,35,1
11,David Toms,35.00,35,1
11,Bubba Watson,35.00,35,1
18,Bill Haas,36.00,36,1
18,D.A. Points,36.00,36,1
18,Rory Sabbatini,36.00,36,1
18,Scott Stallings,36.00,36,1
18,Brendan Steele,36.00,36,1
18,Nick Watney,36.00,36,1
24,Harrison Frazar,37.00,37,1
25,Mark Wilson,38.00,38,1
26,Jhonattan Vegas,39.00,39,1
26,Gary Woodland,39.00,39,1
