rank,player,Avg,Total Strokes,Total Holes
1,Steve Stricker,32.75,131,4
2,K.J. Choi,34.25,137,4
2,Martin Laird,34.25,137,4
4,Kevin Na,34.50,138,4
4,Sean O'Hair,34.50,138,4
6,Bryce Molder,34.75,139,4
7,Jonathan Byrd,35.00,140,4
7,Webb Simpson,35.00,140,4
9,Keegan Bradley,35.25,141,4
9,Ben Crane,35.25,141,4
9,Harrison Frazar,35.25,141,4
9,Scott Piercy,35.25,141,4
9,Rory Sabbatini,35.25,141,4
14,Aaron Baddeley,35.75,143,4
14,D.A. Points,35.75,143,4
14,Johnson Wagner,35.75,143,4
14,Bubba Watson,35.75,143,4
18,Michael Bradley,36.00,144,4
18,Nick Watney,36.00,144,4
20,Bill Haas,36.25,145,4
20,Chris Kirk,36.25,145,4
20,Brendan Steele,36.25,145,4
23,Scott Stallings,36.75,147,4
23,Mark Wilson,36.75,147,4
25,David Toms,37.25,149,4
26,Gary Woodland,38.00,152,4
27,Jhonattan Vegas,39.00,156,4
