rank,player,Avg,Total Strokes,Total Rounds
1,Martin Laird,33.00,33,1
1,Steve Stricker,33.00,33,1
3,Michael Bradley,34.00,34,1
4,Keegan Bradley,35.00,35,1
4,K.J. Choi,35.00,35,1
4,Ben Crane,35.00,35,1
4,Bryce Molder,35.00,35,1
4,Scott Piercy,35.00,35,1
4,Rory Sabbatini,35.00,35,1
4,Bubba Watson,35.00,35,1
11,Aaron Baddeley,36.00,36,1
11,Jonathan Byrd,36.00,36,1
11,Sean O'Hair,36.00,36,1
11,Webb Simpson,36.00,36,1
11,Scott Stallings,36.00,36,1
16,Bill Haas,37.00,37,1
16,Kevin Na,37.00,37,1
16,D.A. Points,37.00,37,1
16,Mark Wilson,37.00,37,1
20,Harrison Frazar,38.00,38,1
20,Brendan Steele,38.00,38,1
20,David Toms,38.00,38,1
20,Johnson Wagner,38.00,38,1
20,Gary Woodland,38.00,38,1
25,Chris Kirk,39.00,39,1
25,Jhonattan Vegas,39.00,39,1
25,Nick Watney,39.00,39,1
