rank,player,Low Rnd
1,Kevin Na,29
2,Keegan Bradley,31
2,Steve Stricker,31
4,Harrison Frazar,32
5,Jonathan Byrd,33
5,K.J. Choi,33
5,Ben Crane,33
5,Chris Kirk,33
5,Martin Laird,33
5,Sean O'Hair,33
11,Aaron Baddeley,34
11,Michael Bradley,34
11,Bryce Molder,34
11,D.A. Points,34
11,Webb Simpson,34
11,Brendan Steele,34
11,Johnson Wagner,34
11,Nick Watney,34
11,Mark Wilson,34
20,Bill Haas,35
20,Scott Piercy,35
20,Rory Sabbatini,35
20,Scott Stallings,35
20,David Toms,35
20,Bubba Watson,35
26,Gary Woodland,37
27,Jhonattan Vegas,38
