rank,player,Avg,Total Strokes,Total Rounds
1,Kevin Na,29.00,29,1
2,Steve Stricker,31.00,31,1
3,Sean O'Hair,33.00,33,1
4,Aaron Baddeley,34.00,34,1
4,Harrison Frazar,34.00,34,1
4,D.A. Points,34.00,34,1
4,Webb Simpson,34.00,34,1
8,Chris Kirk,35.00,35,1
8,Rory Sabbatini,35.00,35,1
8,Scott Stallings,35.00,35,1
8,Nick Watney,35.00,35,1
8,Bubba Watson,35.00,35,1
13,Keegan Bradley,36.00,36,1
13,Jonathan Byrd,36.00,36,1
13,K.J. Choi,36.00,36,1
13,Martin Laird,36.00,36,1
13,Bryce Molder,36.00,36,1
13,Scott Piercy,36.00,36,1
13,David Toms,36.00,36,1
20,Michael Bradley,37.00,37,1
20,Ben Crane,37.00,37,1
20,Bill Haas,37.00,37,1
20,Brendan Steele,37.00,37,1
20,Johnson Wagner,37.00,37,1
20,Gary Woodland,37.00,37,1
26,Jhonattan Vegas,38.00,38,1
26,Mark Wilson,38.00,38,1
