rank,player,Low Rnd
1,Vijay Singh,29
2,Stuart Appleby,31
3,Jonathan Kaye,32
4,Chad Campbell,33
4,Darren Clarke,33
4,Scott Hoch,33
4,John Huston,33
4,Kirk Triplett,33
4,Tiger Woods,33
10,Fred Couples,34
10,Retief Goosen,34
10,Peter Jacobsen,34
10,Justin Leonard,34
10,J.L. Lewis,34
10,Frank Lickliter II,34
10,Davis Love III,34
10,Adam Scott,34
10,Craig Stadler,34
19,Tommy Armour III,35
19,Ben Crane,35
19,Ben Curtis,35
19,Ernie Els,35
19,Shaun Micheel,35
19,Kenny Perry,35
19,Mike Weir,35
26,Steve Flesch,36
26,Shigeki Maruyama,36
26,Rory Sabbatini,36
26,Bob Tway,36
30,Jim Furyk,37
