rank,player,Avg,Total Strokes,Total Rounds
1,Jonathan Kaye,32.00,32,1
2,Chad Campbell,33.00,33,1
2,Tiger Woods,33.00,33,1
4,Stuart Appleby,34.00,34,1
4,Darren Clarke,34.00,34,1
4,Retief Goosen,34.00,34,1
4,Scott Hoch,34.00,34,1
4,J.L. Lewis,34.00,34,1
4,Frank Lickliter II,34.00,34,1
4,Davis Love III,34.00,34,1
4,Kirk Triplett,34.00,34,1
12,Ben Crane,35.00,35,1
12,Ben Curtis,35.00,35,1
12,Kenny Perry,35.00,35,1
12,Adam Scott,35.00,35,1
12,Vijay Singh,35.00,35,1
12,Craig Stadler,35.00,35,1
18,Tommy Armour III,36.00,36,1
18,Fred Couples,36.00,36,1
18,Justin Leonard,36.00,36,1
18,Shigeki Maruyama,36.00,36,1
18,Shaun Micheel,36.00,36,1
18,Bob Tway,36.00,36,1
24,Ernie Els,37.00,37,1
24,Steve Flesch,37.00,37,1
24,John Huston,37.00,37,1
24,Peter Jacobsen,37.00,37,1
28,Jim Furyk,38.00,38,1
28,Rory Sabbatini,38.00,38,1
28,Mike Weir,38.00,38,1
