rank,player,Avg,Total Strokes,Total Rounds
1,Vijay Singh,29.00,29,1
2,Darren Clarke,33.00,33,1
2,Scott Hoch,33.00,33,1
4,Peter Jacobsen,34.00,34,1
4,Kirk Triplett,34.00,34,1
4,Tiger Woods,34.00,34,1
7,Stuart Appleby,35.00,35,1
7,Tommy Armour III,35.00,35,1
7,Ernie Els,35.00,35,1
7,J.L. Lewis,35.00,35,1
7,Davis Love III,35.00,35,1
7,Shaun Micheel,35.00,35,1
7,Kenny Perry,35.00,35,1
7,Mike Weir,35.00,35,1
15,Fred Couples,36.00,36,1
15,Steve Flesch,36.00,36,1
17,Jim Furyk,37.00,37,1
17,John Huston,37.00,37,1
17,Jonathan Kaye,37.00,37,1
17,Justin Leonard,37.00,37,1
17,Frank Lickliter II,37.00,37,1
17,Shigeki Maruyama,37.00,37,1
23,Ben Crane,38.00,38,1
23,Retief Goosen,38.00,38,1
23,Rory Sabbatini,38.00,38,1
23,Adam Scott,38.00,38,1
27,Chad Campbell,39.00,39,1
27,Ben Curtis,39.00,39,1
27,Craig Stadler,39.00,39,1
27,Bob Tway,39.00,39,1
