rank,player,Avg,Total Strokes,Total Rounds
1,Vijay Singh,33.00,33,1
2,Darren Clarke,34.00,34,1
2,Adam Scott,34.00,34,1
4,Tommy Armour III,35.00,35,1
4,Davis Love III,35.00,35,1
6,Steve Flesch,36.00,36,1
6,Scott Hoch,36.00,36,1
6,Shaun Micheel,36.00,36,1
6,Rory Sabbatini,36.00,36,1
6,Tiger Woods,36.00,36,1
11,Ben Crane,37.00,37,1
11,Ernie Els,37.00,37,1
11,Kirk Triplett,37.00,37,1
11,Mike Weir,37.00,37,1
15,Stuart Appleby,38.00,38,1
15,Jim Furyk,38.00,38,1
15,Retief Goosen,38.00,38,1
15,Peter Jacobsen,38.00,38,1
15,Justin Leonard,38.00,38,1
15,Kenny Perry,38.00,38,1
15,Craig Stadler,38.00,38,1
15,Bob Tway,38.00,38,1
23,Chad Campbell,39.00,39,1
23,Jonathan Kaye,39.00,39,1
23,Frank Lickliter II,39.00,39,1
26,Fred Couples,40.00,40,1
26,Ben Curtis,40.00,40,1
26,Shigeki Maruyama,40.00,40,1
29,J.L. Lewis,41.00,41,1
30,John Huston,42.00,42,1
