rank,player,Avg,Total Strokes,Total Rounds
1,Stuart Appleby,31.00,31,1
2,John Huston,33.00,33,1
2,Kirk Triplett,33.00,33,1
4,Darren Clarke,34.00,34,1
4,Fred Couples,34.00,34,1
4,Justin Leonard,34.00,34,1
4,Vijay Singh,34.00,34,1
4,Craig Stadler,34.00,34,1
9,Tommy Armour III,35.00,35,1
9,Scott Hoch,35.00,35,1
9,Peter Jacobsen,35.00,35,1
9,Davis Love III,35.00,35,1
9,Kenny Perry,35.00,35,1
9,Adam Scott,35.00,35,1
9,Tiger Woods,35.00,35,1
16,Chad Campbell,36.00,36,1
16,Ben Crane,36.00,36,1
16,Ernie Els,36.00,36,1
16,Retief Goosen,36.00,36,1
16,J.L. Lewis,36.00,36,1
16,Shigeki Maruyama,36.00,36,1
16,Mike Weir,36.00,36,1
23,Jim Furyk,37.00,37,1
23,Jonathan Kaye,37.00,37,1
23,Shaun Micheel,37.00,37,1
26,Steve Flesch,38.00,38,1
26,Frank Lickliter II,38.00,38,1
26,Rory Sabbatini,38.00,38,1
26,Bob Tway,38.00,38,1
30,Ben Curtis,40.00,40,1
