rank,player,Avg,Total Strokes,Total Holes
1,Vijay Singh,32.75,131,4
2,Darren Clarke,33.75,135,4
3,Stuart Appleby,34.50,138,4
3,Scott Hoch,34.50,138,4
3,Kirk Triplett,34.50,138,4
3,Tiger Woods,34.50,138,4
7,Davis Love III,34.75,139,4
8,Tommy Armour III,35.25,141,4
9,Adam Scott,35.50,142,4
10,Kenny Perry,35.75,143,4
11,Peter Jacobsen,36.00,144,4
11,Shaun Micheel,36.00,144,4
13,Ernie Els,36.25,145,4
13,Jonathan Kaye,36.25,145,4
13,Justin Leonard,36.25,145,4
16,Fred Couples,36.50,146,4
16,Ben Crane,36.50,146,4
16,Retief Goosen,36.50,146,4
16,J.L. Lewis,36.50,146,4
16,Craig Stadler,36.50,146,4
16,Mike Weir,36.50,146,4
22,Chad Campbell,36.75,147,4
22,Steve Flesch,36.75,147,4
24,Frank Lickliter II,37.00,148,4
25,John Huston,37.25,149,4
25,Shigeki Maruyama,37.25,149,4
27,Jim Furyk,37.50,150,4
27,Rory Sabbatini,37.50,150,4
29,Bob Tway,37.75,151,4
30,Ben Curtis,38.50,154,4
