rank,player,%
1,Michael Bradley,100.00
1,Paul Casey,100.00
1,Brian Gay,100.00
1,Nathan Green,100.00
1,Dustin Johnson,100.00
1,Zach Johnson,100.00
1,Matt Kuchar,100.00
1,Martin Laird,100.00
1,Troy Matteson,100.00
1,Sean O'Hair,100.00
1,Geoff Ogilvy,100.00
1,Pat Perez,100.00
1,Kenny Perry,100.00
1,Rory Sabbatini,100.00
1,Heath Slocum,100.00
1,Steve Stricker,100.00
17,Stephen Ames,.00
17,Ángel Cabrera,.00
17,Stewart Cink,.00
17,Lucas Glover,.00
17,Retief Goosen,.00
17,Jerry Kelly,.00
17,Ryan Moore,.00
17,John Rollins,.00
17,Bo Van Pelt,.00
17,Nick Watney,.00
17,Mark Wilson,.00
17,Y.E. Yang,.00
