rank,player,Avg,Total Strokes,Total Rounds
1,Lucas Glover,65.00,65,1
2,Geoff Ogilvy,66.00,66,1
2,John Rollins,66.00,66,1
4,Sean O'Hair,67.00,67,1
4,Kenny Perry,67.00,67,1
6,Ángel Cabrera,68.00,68,1
6,Matt Kuchar,68.00,68,1
6,Martin Laird,68.00,68,1
6,Ryan Moore,68.00,68,1
6,Rory Sabbatini,68.00,68,1
11,Stephen Ames,69.00,69,1
11,Paul Casey,69.00,69,1
11,Stewart Cink,69.00,69,1
11,Retief Goosen,69.00,69,1
11,Zach Johnson,69.00,69,1
16,Nathan Green,70.00,70,1
16,Jerry Kelly,70.00,70,1
16,Troy Matteson,70.00,70,1
16,Pat Perez,70.00,70,1
16,Steve Stricker,70.00,70,1
16,Bo Van Pelt,70.00,70,1
22,Brian Gay,71.00,71,1
22,Dustin Johnson,71.00,71,1
22,Heath Slocum,71.00,71,1
22,Nick Watney,71.00,71,1
22,Mark Wilson,71.00,71,1
27,Michael Bradley,72.00,72,1
28,Y.E. Yang,74.00,74,1
