rank,player,Avg,Total Strokes,Total Rounds
1,Lucas Glover,66.00,66,1
2,Nathan Green,67.00,67,1
2,Dustin Johnson,67.00,67,1
2,Matt Kuchar,67.00,67,1
2,Martin Laird,67.00,67,1
2,Nick Watney,67.00,67,1
7,Ángel Cabrera,68.00,68,1
7,Stewart Cink,68.00,68,1
7,Sean O'Hair,68.00,68,1
7,John Rollins,68.00,68,1
11,Jerry Kelly,69.00,69,1
11,Ryan Moore,69.00,69,1
11,Geoff Ogilvy,69.00,69,1
14,Paul Casey,70.00,70,1
14,Retief Goosen,70.00,70,1
14,Kenny Perry,70.00,70,1
14,Rory Sabbatini,70.00,70,1
14,Y.E. Yang,70.00,70,1
19,Stephen Ames,71.00,71,1
19,Pat Perez,71.00,71,1
21,Brian Gay,72.00,72,1
21,Zach Johnson,72.00,72,1
21,Bo Van Pelt,72.00,72,1
24,Michael Bradley,73.00,73,1
24,Troy Matteson,73.00,73,1
24,Steve Stricker,73.00,73,1
27,Mark Wilson,74.00,74,1
28,Heath Slocum,75.00,75,1
