rank,player,Avg,Total Strokes,Total Rounds
1,Y.E. Yang,66.00,66,1
2,Retief Goosen,67.00,67,1
2,Pat Perez,67.00,67,1
4,Ryan Moore,68.00,68,1
4,Geoff Ogilvy,68.00,68,1
4,Steve Stricker,68.00,68,1
7,Paul Casey,69.00,69,1
7,Stewart Cink,69.00,69,1
7,Martin Laird,69.00,69,1
10,Ángel Cabrera,70.00,70,1
10,Brian Gay,70.00,70,1
10,Kenny Perry,70.00,70,1
10,Rory Sabbatini,70.00,70,1
10,Nick Watney,70.00,70,1
10,Mark Wilson,70.00,70,1
16,Stephen Ames,71.00,71,1
16,Michael Bradley,71.00,71,1
16,Lucas Glover,71.00,71,1
16,Zach Johnson,71.00,71,1
16,Matt Kuchar,71.00,71,1
16,Sean O'Hair,71.00,71,1
16,Heath Slocum,71.00,71,1
23,Dustin Johnson,72.00,72,1
23,John Rollins,72.00,72,1
25,Troy Matteson,73.00,73,1
25,Bo Van Pelt,73.00,73,1
27,Jerry Kelly,74.00,74,1
28,Nathan Green,77.00,77,1
