rank,player,%,# of 1 putts,# of holes
1,Ben Crane,55.56,10,18
2,Olin Browne,44.44,8,18
2,Mark Calcavecchia,44.44,8,18
2,Brad Faxon,44.44,8,18
2,Jim Furyk,44.44,8,18
2,Sergio Garcia,44.44,8,18
7,Stuart Appleby,38.89,7,18
7,Jason Bohn,38.89,7,18
7,Tim Petrovic,38.89,7,18
7,Carl Pettersson,38.89,7,18
7,David Toms,38.89,7,18
12,Michael Campbell,33.33,6,18
12,Robert Gamez,33.33,6,18
12,Peter Lonard,33.33,6,18
12,Vijay Singh,33.33,6,18
12,Vaughn Taylor,33.33,6,18
17,K.J. Choi,27.78,5,18
17,Lucas Glover,27.78,5,18
17,Justin Leonard,27.78,5,18
17,Kenny Perry,27.78,5,18
17,"Wes Short, Jr.",27.78,5,18
17,Heath Slocum,27.78,5,18
23,Fred Funk,22.22,4,18
23,Sean O'Hair,22.22,4,18
23,Geoff Ogilvy,22.22,4,18
23,Ted Purdy,22.22,4,18
27,Jason Gore,16.67,3,18
28,Bart Bryant,11.11,2,18
