rank,player,%,# of 1 putts,# of holes
1,K.J. Choi,44.44,8,18
1,Brad Faxon,44.44,8,18
1,Robert Gamez,44.44,8,18
1,Sergio Garcia,44.44,8,18
1,Justin Leonard,44.44,8,18
1,Tim Petrovic,44.44,8,18
7,Michael Campbell,38.89,7,18
7,Ben Crane,38.89,7,18
7,Fred Funk,38.89,7,18
7,Lucas Glover,38.89,7,18
7,Geoff Ogilvy,38.89,7,18
12,Stuart Appleby,33.33,6,18
12,Olin Browne,33.33,6,18
12,Mark Calcavecchia,33.33,6,18
12,Jim Furyk,33.33,6,18
12,Carl Pettersson,33.33,6,18
17,Jason Bohn,27.78,5,18
17,Jason Gore,27.78,5,18
17,Peter Lonard,27.78,5,18
17,"Wes Short, Jr.",27.78,5,18
17,Vaughn Taylor,27.78,5,18
22,Sean O'Hair,22.22,4,18
22,Kenny Perry,22.22,4,18
22,Heath Slocum,22.22,4,18
25,Ted Purdy,16.67,3,18
25,Vijay Singh,16.67,3,18
27,David Toms,11.11,2,18
28,Bart Bryant,5.56,1,18
