rank,player,Avg,Total 1 Putts,Total Rounds
1,Ben Crane,7.75,31,4
2,Stuart Appleby,7.25,29,4
3,Brad Faxon,7.00,28,4
4,Tim Petrovic,6.75,27,4
5,Mark Calcavecchia,6.50,26,4
5,Michael Campbell,6.50,26,4
5,Robert Gamez,6.50,26,4
5,Sergio Garcia,6.50,26,4
9,Jason Bohn,6.25,25,4
9,K.J. Choi,6.25,25,4
9,Peter Lonard,6.25,25,4
12,Olin Browne,6.00,24,4
12,Lucas Glover,6.00,24,4
12,Justin Leonard,6.00,24,4
12,Vijay Singh,6.00,24,4
16,Geoff Ogilvy,5.75,23,4
17,Sean O'Hair,5.50,22,4
18,Kenny Perry,5.25,21,4
18,"Wes Short, Jr.",5.25,21,4
18,Vaughn Taylor,5.25,21,4
21,Jim Furyk,5.00,20,4
21,David Toms,5.00,20,4
23,Fred Funk,4.75,19,4
24,Carl Pettersson,4.50,18,4
25,Ted Purdy,4.25,17,4
25,Heath Slocum,4.25,17,4
27,Bart Bryant,4.00,16,4
27,Jason Gore,4.00,16,4
