rank,player,Total,Total (for all distances),Pct of all 1-putts
1,Ben Crane,12,31,38.7
2,Tim Petrovic,11,27,40.7
3,Robert Gamez,9,26,34.6
3,David Toms,9,20,45.0
5,Stuart Appleby,8,29,27.6
5,Michael Campbell,8,26,30.8
5,Vijay Singh,8,24,33.3
8,Bart Bryant,7,16,43.8
8,Fred Funk,7,19,36.8
10,Olin Browne,6,24,25.0
10,Brad Faxon,6,28,21.4
10,Sergio Garcia,6,26,23.1
10,Lucas Glover,6,24,25.0
10,Peter Lonard,6,25,24.0
10,Ted Purdy,6,17,35.3
10,"Wes Short, Jr.",6,21,28.6
17,K.J. Choi,5,25,20.0
17,Jim Furyk,5,20,25.0
17,Justin Leonard,5,24,20.8
17,Sean O'Hair,5,22,22.7
17,Kenny Perry,5,21,23.8
17,Carl Pettersson,5,18,27.8
17,Vaughn Taylor,5,21,23.8
24,Jason Bohn,4,25,16.0
24,Jason Gore,4,16,25.0
24,Geoff Ogilvy,4,23,17.4
27,Mark Calcavecchia,3,26,11.5
28,Heath Slocum,2,17,11.8
