rank,player,Total,Total (for all distances),Pct of all 1-putts
1,Mark Calcavecchia,17,26,65.4
1,K.J. Choi,17,25,68.0
3,Geoff Ogilvy,16,23,69.6
4,Justin Leonard,15,24,62.5
4,Vijay Singh,15,24,62.5
6,Michael Campbell,14,26,53.8
6,Brad Faxon,14,28,50.0
6,Sergio Garcia,14,26,53.8
9,Jason Bohn,13,25,52.0
9,Olin Browne,13,24,54.2
9,Ben Crane,13,31,41.9
9,Peter Lonard,13,25,52.0
9,Sean O'Hair,13,22,59.1
14,Stuart Appleby,12,29,41.4
14,Robert Gamez,12,26,46.2
14,Lucas Glover,12,24,50.0
14,Kenny Perry,12,21,57.1
18,Fred Funk,11,19,57.9
18,Jim Furyk,11,20,55.0
20,Tim Petrovic,9,27,33.3
20,"Wes Short, Jr.",9,21,42.9
22,Jason Gore,8,16,50.0
22,Heath Slocum,8,17,47.1
22,Vaughn Taylor,8,21,38.1
25,Ted Purdy,7,17,41.2
26,David Toms,6,20,30.0
27,Bart Bryant,5,16,31.3
27,Carl Pettersson,5,18,27.8
