rank,player,Total,Total (for all distances),Pct of all 1-putts
1,Stuart Appleby,3,29,10.3
1,Vaughn Taylor,3,21,14.3
3,Jason Bohn,2,25,8.0
3,Olin Browne,2,24,8.3
3,Sergio Garcia,2,26,7.7
3,"Wes Short, Jr.",2,21,9.5
7,Bart Bryant,1,16,6.3
7,Mark Calcavecchia,1,26,3.8
7,Ben Crane,1,31,3.2
7,Brad Faxon,1,28,3.6
7,Jim Furyk,1,20,5.0
7,Robert Gamez,1,26,3.8
7,Jason Gore,1,16,6.3
7,Justin Leonard,1,24,4.2
7,Peter Lonard,1,25,4.0
7,Sean O'Hair,1,22,4.5
7,Geoff Ogilvy,1,23,4.3
7,Kenny Perry,1,21,4.8
7,Tim Petrovic,1,27,3.7
7,Ted Purdy,1,17,5.9
7,Vijay Singh,1,24,4.2
7,Heath Slocum,1,17,5.9
