rank,player,Total,Total (for all distances),Pct of all 1-putts
1,Mark Calcavecchia,2,26,7.7
1,Brad Faxon,2,28,7.1
1,Jim Furyk,2,20,10.0
1,Sergio Garcia,2,26,7.7
1,Carl Pettersson,2,18,11.1
1,Heath Slocum,2,17,11.8
7,Stuart Appleby,1,29,3.4
7,Olin Browne,1,24,4.2
7,Bart Bryant,1,16,6.3
7,Michael Campbell,1,26,3.8
7,K.J. Choi,1,25,4.0
7,Ben Crane,1,31,3.2
7,Justin Leonard,1,24,4.2
7,Sean O'Hair,1,22,4.5
7,Kenny Perry,1,21,4.8
7,Tim Petrovic,1,27,3.7
7,Ted Purdy,1,17,5.9
7,"Wes Short, Jr.",1,21,4.8
7,Vaughn Taylor,1,21,4.8
7,David Toms,1,20,5.0
