rank,player,Distance,Year/Tourn#,Round,Hole
1,Heath Slocum,"61' 6""",Mercedes Champ,1,4 - Par 4 -
2,"Wes Short, Jr.","50' 2""",Mercedes Champ,3,11 - Par 3
3,Tim Petrovic,"39' 4""",Mercedes Champ,1,2 - Par 3 -
4,Bart Bryant,"35' 6""",Mercedes Champ,2,1 - Par 4 -
5,Sergio Garcia,"35' 5""",Mercedes Champ,2,8 - Par 3 -
6,Ted Purdy,"35' 3""",Mercedes Champ,2,1 - Par 4 -
7,Olin Browne,"34' 11""",Mercedes Champ,3,15 - Par 5
8,Justin Leonard,"34' 10""",Mercedes Champ,3,16 - Par 4
9,Carl Pettersson,"33' 5""",Mercedes Champ,3,16 - Par 4
11,Brad Faxon,"31' 10""",Mercedes Champ,3,8 - Par 3 -
12,Mark Calcavecchia,"30' 1""",Mercedes Champ,2,2 - Par 3 -
13,Michael Campbell,"30' 1""",Mercedes Champ,4,4 - Par 4 -
14,Kenny Perry,"29' 9""",Mercedes Champ,3,10 - Par 4
15,Jim Furyk,"29' 8""",Mercedes Champ,4,8 - Par 3 -
16,Vaughn Taylor,"28' 3""",Mercedes Champ,1,7 - Par 4 -
18,Stuart Appleby,"27' 3""",Mercedes Champ,2,14 - Par 4
22,Sean O'Hair,"25' 10""",Mercedes Champ,4,14 - Par 4
23,K.J. Choi,"25' 9""",Mercedes Champ,1,2 - Par 3 -
25,David Toms,"25' 3""",Mercedes Champ,1,1 - Par 4 -
26,Ben Crane,"25' 3""",Mercedes Champ,1,9 - Par 5 -
32,Robert Gamez,"23' 4""",Mercedes Champ,2,14 - Par 4
34,Peter Lonard,"22' 8""",Mercedes Champ,4,5 - Par 5 -
46,Geoff Ogilvy,"19' 3""",Mercedes Champ,1,10 - Par 4
59,Jason Bohn,"16' 7""",Mercedes Champ,3,18 - Par 5
60,Vijay Singh,"16' 5""",Mercedes Champ,1,7 - Par 4 -
67,Jason Gore,"16' 0""",Mercedes Champ,2,10 - Par 4
83,Lucas Glover,"14' 5""",Mercedes Champ,3,3 - Par 4 -
112,Fred Funk,"12' 5""",Mercedes Champ,4,18 - Par 5
