rank,player,%,# of 1 putts,# of holes
1,Vijay Singh,50.00,9,18
2,Stuart Appleby,44.44,8,18
2,Bart Bryant,44.44,8,18
2,Peter Lonard,44.44,8,18
2,Kenny Perry,44.44,8,18
6,Sean O'Hair,38.89,7,18
6,Tim Petrovic,38.89,7,18
8,Ben Crane,33.33,6,18
8,Fred Funk,33.33,6,18
8,Robert Gamez,33.33,6,18
8,Sergio Garcia,33.33,6,18
8,Lucas Glover,33.33,6,18
8,Justin Leonard,33.33,6,18
8,Ted Purdy,33.33,6,18
8,Vaughn Taylor,33.33,6,18
16,Jason Bohn,27.78,5,18
16,Brad Faxon,27.78,5,18
16,Geoff Ogilvy,27.78,5,18
16,"Wes Short, Jr.",27.78,5,18
16,Heath Slocum,27.78,5,18
16,David Toms,27.78,5,18
22,Michael Campbell,22.22,4,18
22,K.J. Choi,22.22,4,18
22,Jason Gore,22.22,4,18
25,Olin Browne,16.67,3,18
25,Jim Furyk,16.67,3,18
25,Carl Pettersson,16.67,3,18
28,Mark Calcavecchia,11.11,2,18
