rank,player,RTP Score
1,Craig Parry,-.500
2,David Toms,-.400
3,Stuart Appleby,-.250
3,Adam Scott,-.250
5,Stephen Ames,-.200
5,Stewart Cink,-.200
5,Retief Goosen,-.200
8,Jonathan Kaye,-.143
9,John Daly,-.091
10,Bart Bryant,E
10,Sergio Garcia,E
10,Brent Geiberger,E
10,Vijay Singh,E
10,Mike Weir,E
15,Jonathan Byrd,+.111
16,Woody Austin,+.125
16,Tiger Woods,+.125
18,Carlos Franco,+.200
18,Andre Stolz,+.200
20,Chad Campbell,+.250
20,Ernie Els,+.250
20,Fred Funk,+.250
20,Mark Hensby,+.250
20,Rod Pampling,+.250
20,Vaughn Taylor,+.250
26,Steve Flesch,+.333
26,Joey Sindelar,+.333
26,Heath Slocum,+.333
29,Zach Johnson,+.400
29,Ryan Palmer,+.400
31,Todd Hamilton,+.667
