rank,player,%,Total Right rough,Possible Fwys,Relative to par
1,Stephen Ames,.00,0,60,E
2,Chad Campbell,1.67,1,60,-1.00
2,Todd Hamilton,1.67,1,60,E
4,Jonathan Byrd,3.33,2,60,-0.50
4,Mark Hensby,3.33,2,60,E
4,David Toms,3.33,2,60,-0.50
7,Woody Austin,5.00,3,60,E
7,Bart Bryant,5.00,3,60,E
7,Carlos Franco,5.00,3,60,E
7,Fred Funk,5.00,3,60,E
7,Heath Slocum,5.00,3,60,E
12,Stewart Cink,6.67,4,60,-0.25
12,Steve Flesch,6.67,4,60,+0.25
12,Sergio Garcia,6.67,4,60,-0.25
12,Ryan Palmer,6.67,4,60,+0.50
12,Joey Sindelar,6.67,4,60,+0.75
12,Vijay Singh,6.67,4,60,-0.75
18,Stuart Appleby,8.33,5,60,-0.20
18,Brent Geiberger,8.33,5,60,E
18,Jonathan Kaye,8.33,5,60,+0.40
18,Rod Pampling,8.33,5,60,+0.20
18,Craig Parry,8.33,5,60,E
18,Vaughn Taylor,8.33,5,60,-0.20
18,Mike Weir,8.33,5,60,-0.40
18,Tiger Woods,8.33,5,60,-0.20
26,John Daly,10.00,6,60,E
26,Zach Johnson,10.00,6,60,E
26,Adam Scott,10.00,6,60,-0.33
26,Andre Stolz,10.00,6,60,-0.50
30,Ernie Els,11.67,7,60,+0.14
30,Retief Goosen,11.67,7,60,-0.14
