rank,player,%,Total Left rough,Possible Fwys,Relative to par
1,Bart Bryant,3.33,2,60,E
1,Craig Parry,3.33,2,60,-0.50
3,Steve Flesch,5.00,3,60,+0.33
3,Todd Hamilton,5.00,3,60,+0.67
3,Joey Sindelar,5.00,3,60,+0.33
3,Heath Slocum,5.00,3,60,+0.33
7,Ernie Els,6.67,4,60,+0.25
7,Fred Funk,6.67,4,60,+0.25
7,Rod Pampling,6.67,4,60,+0.25
7,Adam Scott,6.67,4,60,-0.25
7,Vaughn Taylor,6.67,4,60,+0.25
12,Brent Geiberger,8.33,5,60,E
12,Retief Goosen,8.33,5,60,-0.20
12,Zach Johnson,8.33,5,60,+0.40
12,Ryan Palmer,8.33,5,60,+0.40
12,David Toms,8.33,5,60,-0.40
17,Mike Weir,10.00,6,60,E
18,Jonathan Kaye,11.67,7,60,-0.14
19,Stuart Appleby,13.33,8,60,-0.25
19,Woody Austin,13.33,8,60,+0.13
19,Chad Campbell,13.33,8,60,+0.25
19,Sergio Garcia,13.33,8,60,E
19,Mark Hensby,13.33,8,60,+0.25
19,Vijay Singh,13.33,8,60,E
19,Tiger Woods,13.33,8,60,+0.13
26,Jonathan Byrd,15.00,9,60,+0.11
27,Stephen Ames,16.67,10,60,-0.20
27,Stewart Cink,16.67,10,60,-0.20
27,Carlos Franco,16.67,10,60,+0.20
27,Andre Stolz,16.67,10,60,+0.20
31,John Daly,18.33,11,60,-0.09
