rank,player,RTP Score
1,Chad Campbell,-1.000
2,Vijay Singh,-.750
3,Jonathan Byrd,-.500
3,Andre Stolz,-.500
3,David Toms,-.500
6,Mike Weir,-.400
7,Adam Scott,-.333
8,Stewart Cink,-.250
8,Sergio Garcia,-.250
10,Stuart Appleby,-.200
10,Vaughn Taylor,-.200
10,Tiger Woods,-.200
13,Retief Goosen,-.143
14,Woody Austin,E
14,Bart Bryant,E
14,John Daly,E
14,Carlos Franco,E
14,Fred Funk,E
14,Brent Geiberger,E
14,Todd Hamilton,E
14,Mark Hensby,E
14,Zach Johnson,E
14,Craig Parry,E
14,Heath Slocum,E
25,Ernie Els,+.143
26,Rod Pampling,+.200
27,Steve Flesch,+.250
28,Jonathan Kaye,+.400
29,Ryan Palmer,+.500
30,Joey Sindelar,+.750
