rank,player,%,Total Missed,Total Fwys,Relative to par
1,Stuart Appleby,.00,0,60,E
1,Bart Bryant,.00,0,60,E
1,Chad Campbell,.00,0,60,E
1,Steve Flesch,.00,0,60,E
1,Carlos Franco,.00,0,60,E
1,Fred Funk,.00,0,60,E
1,Brent Geiberger,.00,0,60,E
1,Todd Hamilton,.00,0,60,E
1,Craig Parry,.00,0,60,E
1,Adam Scott,.00,0,60,E
1,Joey Sindelar,.00,0,60,E
1,Tiger Woods,.00,0,60,E
13,Stephen Ames,1.67,1,60,+3.00
13,Jonathan Byrd,1.67,1,60,+2.00
13,Stewart Cink,1.67,1,60,E
13,Mark Hensby,1.67,1,60,E
13,Jonathan Kaye,1.67,1,60,E
13,Ryan Palmer,1.67,1,60,-1.00
13,Vaughn Taylor,1.67,1,60,+2.00
13,David Toms,1.67,1,60,+1.00
21,Woody Austin,3.33,2,60,E
21,John Daly,3.33,2,60,-0.50
21,Ernie Els,3.33,2,60,-1.00
21,Sergio Garcia,3.33,2,60,-0.50
21,Retief Goosen,3.33,2,60,E
21,Zach Johnson,3.33,2,60,+0.50
21,Rod Pampling,3.33,2,60,+0.50
21,Vijay Singh,3.33,2,60,E
21,Heath Slocum,3.33,2,60,E
21,Andre Stolz,3.33,2,60,E
21,Mike Weir,3.33,2,60,E
