rank,player,%,Fairways Hit,Possible Fairways
1,Bart Bryant,91.67,55,60
2,Todd Hamilton,90.00,54,60
3,Fred Funk,88.33,53,60
4,Steve Flesch,86.67,52,60
5,Craig Parry,85.00,51,60
5,Joey Sindelar,85.00,51,60
7,Brent Geiberger,83.33,50,60
7,Vaughn Taylor,83.33,50,60
7,David Toms,83.33,50,60
10,Chad Campbell,80.00,48,60
10,Jonathan Kaye,80.00,48,60
10,Ryan Palmer,80.00,48,60
10,Adam Scott,80.00,48,60
10,Heath Slocum,80.00,48,60
15,Stephen Ames,78.33,47,60
15,Mark Hensby,78.33,47,60
15,Mike Weir,78.33,47,60
18,Stuart Appleby,76.67,46,60
18,Retief Goosen,76.67,46,60
18,Zach Johnson,76.67,46,60
18,Vijay Singh,76.67,46,60
22,Woody Austin,75.00,45,60
22,Jonathan Byrd,75.00,45,60
22,Carlos Franco,75.00,45,60
22,Sergio Garcia,75.00,45,60
22,Rod Pampling,75.00,45,60
27,Ernie Els,73.33,44,60
28,Stewart Cink,71.67,43,60
28,Tiger Woods,71.67,43,60
30,Andre Stolz,70.00,42,60
31,John Daly,65.00,39,60
