rank,player,%,Total Fairway Bunkers,Possible Fwys,Relative to par
1,Stuart Appleby,.0,0,60,E
1,Bart Bryant,.0,0,60,E
1,John Daly,.0,0,60,E
1,Fred Funk,.0,0,60,E
1,Brent Geiberger,.0,0,60,E
1,Retief Goosen,.0,0,60,E
1,Jonathan Kaye,.0,0,60,E
1,Vijay Singh,.0,0,60,E
1,Andre Stolz,.0,0,60,E
1,Vaughn Taylor,.0,0,60,E
1,Mike Weir,.0,0,60,E
12,Steve Flesch,1.7,1,60,-1.000
12,Carlos Franco,1.7,1,60,E
12,Sergio Garcia,1.7,1,60,E
12,Todd Hamilton,1.7,1,60,-1.000
12,Zach Johnson,1.7,1,60,E
12,Craig Parry,1.7,1,60,E
12,Adam Scott,1.7,1,60,E
12,David Toms,1.7,1,60,E
20,Stephen Ames,3.3,2,60,+0.500
20,Woody Austin,3.3,2,60,-0.500
20,Jonathan Byrd,3.3,2,60,+1.000
20,Stewart Cink,3.3,2,60,E
20,Mark Hensby,3.3,2,60,+1.000
20,Ryan Palmer,3.3,2,60,+0.500
20,Joey Sindelar,3.3,2,60,+1.000
20,Tiger Woods,3.3,2,60,-0.500
28,Chad Campbell,5.0,3,60,E
28,Ernie Els,5.0,3,60,+0.333
28,Rod Pampling,5.0,3,60,E
31,Heath Slocum,6.7,4,60,-0.500
