rank,player,%,Total Rough,Possible Fwys,Relative to par
1,Todd Hamilton,6.67,4,60,+5.00
2,Bart Bryant,8.33,5,60,E
3,Heath Slocum,10.00,6,60,+1.67
4,Steve Flesch,11.67,7,60,+2.86
4,Fred Funk,11.67,7,60,+1.43
4,Craig Parry,11.67,7,60,-1.43
4,Joey Sindelar,11.67,7,60,+5.71
4,David Toms,11.67,7,60,-4.29
9,Chad Campbell,15.00,9,60,+1.11
9,Ryan Palmer,15.00,9,60,+4.44
9,Rod Pampling,15.00,9,60,+2.22
9,Vaughn Taylor,15.00,9,60,E
13,Stephen Ames,16.67,10,60,-2.00
13,Brent Geiberger,16.67,10,60,E
13,Mark Hensby,16.67,10,60,+2.00
13,Adam Scott,16.67,10,60,-3.00
17,Woody Austin,18.33,11,60,+0.91
17,Jonathan Byrd,18.33,11,60,E
17,Ernie Els,18.33,11,60,+1.82
17,Zach Johnson,18.33,11,60,+1.82
17,Mike Weir,18.33,11,60,-1.82
22,Sergio Garcia,20.00,12,60,-0.83
22,Retief Goosen,20.00,12,60,-1.67
22,Jonathan Kaye,20.00,12,60,+0.83
22,Vijay Singh,20.00,12,60,-2.50
26,Stuart Appleby,21.67,13,60,-2.31
26,Carlos Franco,21.67,13,60,+1.54
26,Tiger Woods,21.67,13,60,E
29,Stewart Cink,23.33,14,60,-2.14
30,Andre Stolz,26.67,16,60,-0.63
31,John Daly,28.33,17,60,-0.59
