rank,player,%,# Hit,Total Attempts
1,Sergio Garcia,100.00,60,60
2,Bart Bryant,98.33,59,60
2,Brent Geiberger,98.33,59,60
2,David Toms,98.33,59,60
5,Stuart Appleby,96.67,58,60
5,Todd Hamilton,96.67,58,60
5,Adam Scott,96.67,58,60
5,Vijay Singh,96.67,58,60
5,Vaughn Taylor,96.67,58,60
5,Mike Weir,96.67,58,60
11,Chad Campbell,95.00,57,60
11,Heath Slocum,95.00,57,60
13,Carlos Franco,93.33,56,60
13,Fred Funk,93.33,56,60
13,Retief Goosen,93.33,56,60
13,Jonathan Kaye,93.33,56,60
13,Craig Parry,93.33,56,60
18,Jonathan Byrd,91.67,55,60
18,Stewart Cink,91.67,55,60
18,Steve Flesch,91.67,55,60
18,Rod Pampling,91.67,55,60
18,Joey Sindelar,91.67,55,60
18,Tiger Woods,91.67,55,60
24,Stephen Ames,90.00,54,60
24,Woody Austin,90.00,54,60
24,John Daly,90.00,54,60
24,Ernie Els,90.00,54,60
24,Ryan Palmer,90.00,54,60
29,Mark Hensby,88.33,53,60
29,Zach Johnson,88.33,53,60
29,Andre Stolz,88.33,53,60
