rank,player,%,Fairways Hit,Possible Fairways,Relative to Par
1,Bart Bryant,91.67,55,60,-0.18
1,Todd Hamilton,91.67,55,60,-0.15
3,Fred Funk,88.33,53,60,-0.06
4,Steve Flesch,86.67,52,60,-0.08
4,Craig Parry,86.67,52,60,-0.21
6,Joey Sindelar,85.00,51,60,-0.18
6,David Toms,85.00,51,60,-0.25
8,Brent Geiberger,83.33,50,60,-0.10
8,Vaughn Taylor,83.33,50,60,-0.36
10,Adam Scott,81.67,49,60,-0.29
11,Chad Campbell,80.00,48,60,-0.19
11,Ryan Palmer,80.00,48,60,-0.23
11,Heath Slocum,80.00,48,60,-0.15
14,Stephen Ames,78.33,47,60,-0.23
14,Stuart Appleby,78.33,47,60,-0.38
14,Mark Hensby,78.33,47,60,-0.30
14,Jonathan Kaye,78.33,47,60,-0.40
14,Mike Weir,78.33,47,60,-0.17
19,Jonathan Byrd,76.67,46,60,-0.39
19,Carlos Franco,76.67,46,60,E
19,Retief Goosen,76.67,46,60,-0.26
19,Zach Johnson,76.67,46,60,-0.13
19,Rod Pampling,76.67,46,60,-0.30
19,Vijay Singh,76.67,46,60,-0.28
25,Woody Austin,75.00,45,60,-0.31
25,Sergio Garcia,75.00,45,60,-0.27
25,Tiger Woods,75.00,45,60,-0.38
28,Ernie Els,73.33,44,60,-0.39
29,Stewart Cink,71.67,43,60,-0.21
30,Andre Stolz,70.00,42,60,-0.21
31,John Daly,68.33,41,60,-0.32
