rank,player,%,Greens Hit,Total Holes,Relative to par
1,Chad Campbell,100.00,17,17,-0.47
1,Jim Furyk,100.00,19,19,-0.21
1,Shigeki Maruyama,100.00,19,19,-0.42
4,Darren Clarke,96.15,25,26,-0.52
5,Davis Love III,96.00,24,25,-0.71
6,Shaun Micheel,95.65,22,23,-0.59
6,Rory Sabbatini,95.65,22,23,-0.09
8,Steve Flesch,95.24,20,21,-0.50
8,Peter Jacobsen,95.24,20,21,-0.40
10,Ben Curtis,95.00,19,20,-0.37
10,Adam Scott,95.00,19,20,-0.68
10,Kirk Triplett,95.00,19,20,-0.63
13,Bob Tway,94.44,17,18,-0.35
14,Vijay Singh,93.10,27,29,-0.67
15,Ernie Els,92.59,25,27,-0.40
15,Tiger Woods,92.59,25,27,-0.76
17,J.L. Lewis,92.00,23,25,-0.52
18,Fred Couples,90.48,19,21,-0.79
18,Jonathan Kaye,90.48,19,21,-0.26
18,Justin Leonard,90.48,19,21,-0.58
21,Retief Goosen,90.00,18,20,-0.67
22,Scott Hoch,88.89,16,18,-0.69
23,Craig Stadler,87.50,21,24,-0.29
24,Stuart Appleby,86.36,19,22,-0.74
24,John Huston,86.36,19,22,-0.37
26,Kenny Perry,85.71,18,21,-0.39
26,Mike Weir,85.71,18,21,-0.56
28,Ben Crane,85.00,17,20,-0.41
29,Tommy Armour III,83.33,20,24,-0.50
30,Frank Lickliter II,80.00,16,20,-0.44
