rank,player,%,Greens Hit,# of Holes
1,Jim Furyk,95.74,45,47
2,Chad Campbell,93.33,42,45
3,Scott Hoch,92.86,39,42
3,Adam Scott,92.86,39,42
5,Fred Couples,91.89,34,37
6,Vijay Singh,89.36,42,47
7,Shaun Micheel,89.13,41,46
8,Davis Love III,88.89,40,45
9,Ben Crane,87.80,36,41
9,J.L. Lewis,87.80,36,41
9,Kenny Perry,87.80,36,41
9,Tiger Woods,87.80,36,41
13,Darren Clarke,87.23,41,47
14,Jonathan Kaye,86.67,39,45
15,Retief Goosen,85.11,40,47
16,Stuart Appleby,84.78,39,46
17,Kirk Triplett,83.33,40,48
18,Rory Sabbatini,82.93,34,41
19,Ernie Els,82.50,33,40
20,Bob Tway,81.82,36,44
21,Ben Curtis,81.58,31,38
22,John Huston,81.40,35,43
22,Peter Jacobsen,81.40,35,43
22,Frank Lickliter II,81.40,35,43
25,Justin Leonard,80.00,36,45
26,Steve Flesch,78.57,33,42
27,Tommy Armour III,77.50,31,40
28,Shigeki Maruyama,75.56,34,45
29,Craig Stadler,72.73,32,44
30,Mike Weir,72.09,31,43
