rank,player,%,Greens Hit,Total Holes,Relative to par
1,Stuart Appleby,100.00,4,4,-0.75
1,Tommy Armour III,100.00,3,3,E
1,Fred Couples,100.00,4,4,+0.25
1,Ernie Els,100.00,2,2,E
1,Steve Flesch,100.00,2,2,E
1,Jim Furyk,100.00,5,5,-0.20
1,Scott Hoch,100.00,2,2,-0.50
1,Jonathan Kaye,100.00,3,3,-0.33
1,Frank Lickliter II,100.00,1,1,E
1,Mike Weir,100.00,3,3,+0.33
1,Tiger Woods,100.00,4,4,-0.25
12,Ben Crane,85.71,6,7,E
12,John Huston,85.71,6,7,E
14,Justin Leonard,83.33,5,6,+0.20
14,Kenny Perry,83.33,5,6,+0.20
16,Darren Clarke,80.00,4,5,-1.00
16,Shaun Micheel,80.00,4,5,+0.25
16,Adam Scott,80.00,4,5,+0.25
16,Bob Tway,80.00,4,5,E
20,Chad Campbell,75.00,3,4,E
20,J.L. Lewis,75.00,3,4,E
22,Shigeki Maruyama,66.67,4,6,E
22,Vijay Singh,66.67,4,6,-0.25
22,Craig Stadler,66.67,2,3,E
25,Retief Goosen,60.00,3,5,E
25,Peter Jacobsen,60.00,3,5,-0.67
25,Rory Sabbatini,60.00,3,5,-0.33
28,Davis Love III,50.00,1,2,E
28,Kirk Triplett,50.00,2,4,E
30,Ben Curtis,33.33,1,3,E
