rank,player,%,Greens Hit,Total Holes,Relative to par
1,Tommy Armour III,100.00,6,6,E
1,Chad Campbell,100.00,6,6,+0.17
1,Darren Clarke,100.00,3,3,-0.33
1,Ben Curtis,100.00,2,2,E
1,Jim Furyk,100.00,5,5,-0.20
1,Retief Goosen,100.00,2,2,E
1,J.L. Lewis,100.00,4,4,+0.25
1,Davis Love III,100.00,6,6,+0.17
1,Kenny Perry,100.00,2,2,E
1,Adam Scott,100.00,6,6,+0.33
1,Vijay Singh,100.00,4,4,-0.25
12,Ben Crane,83.33,5,6,-0.40
12,Ernie Els,83.33,5,6,+0.20
12,Scott Hoch,83.33,5,6,E
15,Fred Couples,80.00,4,5,E
15,Peter Jacobsen,80.00,4,5,-0.50
15,Frank Lickliter II,80.00,4,5,E
15,Tiger Woods,80.00,4,5,-0.25
19,Steve Flesch,75.00,3,4,-0.33
19,Shaun Micheel,75.00,3,4,E
19,Rory Sabbatini,75.00,3,4,+0.33
19,Kirk Triplett,75.00,3,4,E
23,Stuart Appleby,66.67,2,3,E
23,John Huston,66.67,2,3,E
23,Jonathan Kaye,66.67,2,3,-0.50
26,Craig Stadler,57.14,4,7,E
27,Justin Leonard,50.00,1,2,E
27,Shigeki Maruyama,50.00,1,2,E
27,Bob Tway,50.00,2,4,E
30,Mike Weir,33.33,2,6,-0.50
