rank,player,%,Greens Hit,Total Holes,Relative to par
1,Scott Hoch,93.75,30,32,-0.10
2,Jim Furyk,90.00,27,30,-0.26
3,Kenny Perry,87.50,21,24,E
4,Adam Scott,85.19,23,27,-0.17
5,Ben Crane,83.87,26,31,-0.15
6,Jonathan Kaye,81.48,22,27,-0.27
7,Tiger Woods,80.95,17,21,-0.12
8,Darren Clarke,77.78,21,27,-0.43
9,J.L. Lewis,76.92,20,26,-0.05
10,John Huston,76.67,23,30,-0.09
11,Chad Campbell,76.47,26,34,E
11,Retief Goosen,76.47,26,34,-0.04
13,Vijay Singh,76.19,16,21,-0.19
14,Shaun Micheel,73.08,19,26,+0.21
15,Stuart Appleby,72.73,16,22,-0.50
15,Bob Tway,72.73,24,33,-0.04
17,Fred Couples,72.00,18,25,+0.11
18,Davis Love III,70.83,17,24,E
19,Steve Flesch,70.00,21,30,+0.05
19,Mike Weir,70.00,21,30,-0.10
21,Shigeki Maruyama,68.97,20,29,-0.10
21,Kirk Triplett,68.97,20,29,-0.15
23,Frank Lickliter II,67.86,19,28,E
24,Ernie Els,66.67,16,24,-0.31
25,Justin Leonard,65.52,19,29,+0.05
26,Tommy Armour III,62.96,17,27,+0.06
26,Rory Sabbatini,62.96,17,27,-0.06
28,Ben Curtis,62.07,18,29,E
29,Peter Jacobsen,60.00,18,30,-0.28
30,Craig Stadler,48.15,13,27,-0.15
