rank,player,%,Greens Hit,Total Holes,Relative to par
1,Shaun Micheel,97.56,40,41,-0.35
2,Jim Furyk,97.37,37,38,-0.24
3,Kirk Triplett,95.12,39,41,-0.46
4,Vijay Singh,93.02,40,43,-0.53
5,Ben Curtis,92.50,37,40,-0.22
6,Davis Love III,90.70,39,43,-0.49
7,Fred Couples,90.48,38,42,-0.34
8,Tiger Woods,90.24,37,41,-0.59
9,J.L. Lewis,90.00,36,40,-0.39
9,Shigeki Maruyama,90.00,36,40,-0.31
11,Chad Campbell,89.47,34,38,-0.21
11,Scott Hoch,89.47,34,38,-0.41
11,Frank Lickliter II,89.47,34,38,-0.32
14,Steve Flesch,88.89,32,36,-0.38
15,Darren Clarke,87.50,35,40,-0.43
15,Kenny Perry,87.50,35,40,-0.23
17,Ben Crane,87.18,34,39,-0.38
17,Rory Sabbatini,87.18,34,39,-0.12
19,Jonathan Kaye,86.49,32,37,-0.34
20,Bob Tway,86.11,31,36,-0.19
21,Ernie Els,86.05,37,43,-0.41
22,Stuart Appleby,85.71,36,42,-0.58
22,Retief Goosen,85.71,30,35,-0.43
22,Adam Scott,85.71,36,42,-0.50
25,Justin Leonard,85.37,35,41,-0.40
26,Craig Stadler,84.21,32,38,-0.34
27,Peter Jacobsen,83.33,35,42,-0.20
28,Mike Weir,82.93,34,41,-0.41
29,Tommy Armour III,81.58,31,38,-0.35
30,John Huston,81.08,30,37,-0.20
