rank,player,%,Greens Hit,Total Holes,Relative to par
1,Shaun Micheel,97.06,33,34,-0.52
2,Kirk Triplett,96.77,30,31,-0.60
3,Jim Furyk,96.55,28,29,-0.21
4,Chad Campbell,96.15,25,26,-0.28
5,Davis Love III,94.12,32,34,-0.56
6,Ernie Els,93.94,31,33,-0.35
7,Ben Curtis,93.55,29,31,-0.21
7,Justin Leonard,93.55,29,31,-0.41
9,Peter Jacobsen,93.33,28,30,-0.25
10,Shigeki Maruyama,93.10,27,29,-0.37
11,Steve Flesch,92.86,26,28,-0.46
12,Vijay Singh,92.31,36,39,-0.58
13,Retief Goosen,92.00,23,25,-0.61
13,Bob Tway,92.00,23,25,-0.26
15,Fred Couples,91.43,32,35,-0.41
15,Tiger Woods,91.43,32,35,-0.69
17,J.L. Lewis,90.91,30,33,-0.40
17,Rory Sabbatini,90.91,30,33,-0.10
19,Adam Scott,90.63,29,32,-0.52
20,Darren Clarke,87.50,28,32,-0.46
20,Jonathan Kaye,87.50,28,32,-0.32
22,Craig Stadler,87.10,27,31,-0.33
23,Mike Weir,86.21,25,29,-0.48
24,Stuart Appleby,86.11,31,36,-0.61
25,Ben Crane,85.71,24,28,-0.46
25,Scott Hoch,85.71,24,28,-0.58
25,Frank Lickliter II,85.71,24,28,-0.46
25,Kenny Perry,85.71,30,35,-0.27
29,John Huston,82.76,24,29,-0.29
30,Tommy Armour III,81.25,26,32,-0.46
