rank,player,%,Greens Hit,Total Holes,Relative to par
1,Scott Hoch,100.00,7,7,E
1,Adam Scott,100.00,3,3,-0.33
3,Mike Weir,75.00,3,4,E
4,Steve Flesch,71.43,5,7,+0.40
5,Jim Furyk,66.67,4,6,-0.25
5,Retief Goosen,66.67,6,9,E
5,Jonathan Kaye,66.67,4,6,-0.25
5,Vijay Singh,66.67,2,3,E
5,Bob Tway,66.67,4,6,E
10,John Huston,60.00,3,5,E
10,Kenny Perry,60.00,3,5,E
12,Justin Leonard,55.56,5,9,+0.40
13,Stuart Appleby,50.00,2,4,-0.50
13,Chad Campbell,50.00,2,4,E
13,J.L. Lewis,50.00,3,6,E
13,Davis Love III,50.00,1,2,E
13,Tiger Woods,50.00,1,2,E
18,Ben Curtis,45.45,5,11,+0.20
19,Kirk Triplett,42.86,3,7,E
20,Ernie Els,40.00,2,5,-0.50
21,Darren Clarke,33.33,2,6,-0.50
21,Ben Crane,33.33,1,3,E
21,Peter Jacobsen,33.33,2,6,E
21,Shigeki Maruyama,33.33,2,6,-0.50
21,Rory Sabbatini,33.33,2,6,E
26,Frank Lickliter II,28.57,2,7,E
27,Shaun Micheel,25.00,1,4,-1.00
28,Fred Couples,16.67,1,6,E
29,Tommy Armour III,.00,0,5,E
29,Craig Stadler,.00,0,5,E
