rank,player,%,Total Hit,Total Attempts,RTP Score
1,Jim Furyk,110.17,65,59,-14.00
2,Tiger Woods,108.93,61,56,-26.00
3,Retief Goosen,108.47,64,59,-17.00
3,Kenny Perry,108.47,64,59,-10.00
5,Scott Hoch,106.67,64,60,-17.00
5,Shaun Micheel,106.67,64,60,-11.00
5,Rory Sabbatini,106.67,64,60,-5.00
5,Vijay Singh,106.67,64,60,-21.00
9,Bob Tway,105.17,61,58,-10.00
10,Darren Clarke,105.08,62,59,-23.00
10,Adam Scott,105.08,62,59,-20.00
12,Chad Campbell,105.00,63,60,-9.00
12,Jonathan Kaye,105.00,63,60,-14.00
12,Justin Leonard,105.00,63,60,-12.00
15,Craig Stadler,103.45,60,58,-9.00
16,Fred Couples,103.33,62,60,-10.00
17,Ernie Els,101.75,58,57,-20.00
18,Shigeki Maruyama,101.72,59,58,-14.00
19,Ben Crane,101.67,61,60,-16.00
19,Kirk Triplett,101.67,61,60,-22.00
21,Ben Curtis,100.00,60,60,-5.00
21,Steve Flesch,100.00,58,58,-11.00
21,Davis Love III,100.00,59,59,-16.00
21,Mike Weir,100.00,59,59,-13.00
25,John Huston,98.31,58,59,-9.00
25,J.L. Lewis,98.31,58,59,-13.00
27,Frank Lickliter II,98.21,55,56,-10.00
28,Stuart Appleby,96.55,56,58,-28.00
29,Peter Jacobsen,95.00,57,60,-10.00
30,Tommy Armour III,94.92,56,59,-13.00
