rank,player,%,Greens Hit,Total Holes,Relative to par
1,Darren Clarke,100.00,5,5,-0.20
1,Fred Couples,100.00,3,3,+0.33
1,Ben Crane,100.00,4,4,E
1,Ernie Els,100.00,1,1,-1.00
1,Retief Goosen,100.00,8,8,-0.25
1,Peter Jacobsen,100.00,2,2,-0.50
1,Justin Leonard,100.00,2,2,E
1,Shigeki Maruyama,100.00,4,4,E
1,Kenny Perry,100.00,6,6,-0.17
1,Adam Scott,100.00,3,3,-1.00
11,Jonathan Kaye,90.00,9,10,-0.11
12,Scott Hoch,85.71,6,7,-0.33
12,John Huston,85.71,6,7,-0.50
12,Bob Tway,85.71,6,7,-0.17
15,Rory Sabbatini,83.33,5,6,E
16,Jim Furyk,80.00,4,5,-0.25
16,J.L. Lewis,80.00,4,5,E
16,Mike Weir,80.00,4,5,E
19,Chad Campbell,75.00,6,8,-0.17
19,Kirk Triplett,75.00,3,4,-1.00
19,Tiger Woods,75.00,3,4,E
22,Shaun Micheel,66.67,4,6,+0.25
23,Stuart Appleby,60.00,3,5,-0.67
24,Steve Flesch,55.56,5,9,E
25,Ben Curtis,50.00,2,4,+0.50
25,Vijay Singh,50.00,2,4,-0.50
27,Tommy Armour III,42.86,3,7,E
28,Frank Lickliter II,40.00,2,5,E
28,Davis Love III,40.00,2,5,E
28,Craig Stadler,40.00,2,5,E
