rank,player,%,Greens Hit,Total Holes,Relative to par
1,Ernie Els,100.00,6,6,-0.17
1,Retief Goosen,100.00,5,5,-0.40
1,Justin Leonard,100.00,10,10,-0.10
1,Frank Lickliter II,100.00,8,8,-0.50
1,Shaun Micheel,100.00,11,11,-0.36
1,Kirk Triplett,100.00,11,11,-0.55
7,Fred Couples,92.86,13,14,+0.15
8,Ben Curtis,90.91,10,11,+0.10
9,Jim Furyk,90.00,9,10,-0.22
9,Vijay Singh,90.00,9,10,-0.33
11,Chad Campbell,88.89,8,9,+0.13
11,Peter Jacobsen,88.89,8,9,+0.13
11,Davis Love III,88.89,8,9,-0.13
14,Ben Crane,87.50,7,8,-0.57
14,J.L. Lewis,87.50,7,8,E
14,Mike Weir,87.50,7,8,-0.29
14,Tiger Woods,87.50,7,8,-0.43
18,Stuart Appleby,85.71,12,14,-0.42
18,Steve Flesch,85.71,6,7,-0.33
18,Kenny Perry,85.71,12,14,-0.08
18,Craig Stadler,85.71,6,7,-0.50
18,Bob Tway,85.71,6,7,E
23,Adam Scott,83.33,10,12,-0.20
24,Jonathan Kaye,81.82,9,11,-0.44
25,Scott Hoch,80.00,8,10,-0.38
25,Shigeki Maruyama,80.00,8,10,-0.25
25,Rory Sabbatini,80.00,8,10,-0.13
28,Tommy Armour III,75.00,6,8,-0.33
29,John Huston,71.43,5,7,E
30,Darren Clarke,50.00,3,6,E
