rank,player,%,Greens Hit,# of holes
1,Mike Weir,88.24,15,17
2,Shigeki Maruyama,86.67,13,15
3,Scott Hoch,83.33,15,18
3,Kirk Triplett,83.33,10,12
5,Justin Leonard,80.00,12,15
6,Kenny Perry,78.95,15,19
7,Shaun Micheel,78.57,11,14
8,Steve Flesch,77.78,14,18
9,Jim Furyk,76.92,10,13
9,Vijay Singh,76.92,10,13
11,Ben Crane,73.68,14,19
11,J.L. Lewis,73.68,14,19
13,Jonathan Kaye,73.33,11,15
14,Ben Curtis,72.73,16,22
15,Adam Scott,72.22,13,18
16,John Huston,70.59,12,17
17,Ernie Els,70.00,14,20
18,Fred Couples,69.57,16,23
19,Retief Goosen,69.23,9,13
20,Bob Tway,68.75,11,16
21,Rory Sabbatini,68.42,13,19
21,Tiger Woods,68.42,13,19
23,Peter Jacobsen,64.71,11,17
24,Darren Clarke,61.54,8,13
25,Tommy Armour III,60.00,12,20
25,Chad Campbell,60.00,9,15
25,Davis Love III,60.00,9,15
28,Stuart Appleby,57.14,8,14
29,Craig Stadler,50.00,8,16
30,Frank Lickliter II,47.06,8,17
