rank,player,Total
1,J.T. Poston,10.4
2,Sebastián Muñoz,17.6
3,Patrick Reed,18.9
4,Chez Reavie,19.8
5,Patrick Cantlay,20.0
6,Dustin Johnson,23.8
6,Matt Kuchar,23.8
8,Joaquin Niemann,26.9
9,Tyler Duncan,29.5
10,Gary Woodland,30.3
11,Kevin Kisner,30.8
12,Xander Schauffele,32.2
13,Matthew Wolff,32.3
14,Max Homa,33.4
15,Jim Herman,35.1
16,Rickie Fowler,35.6
17,Justin Thomas,35.7
18,Jon Rahm,35.8
19,Graeme McDowell,36.8
20,Nate Lashley,36.9
21,Brendon Todd,40.3
22,Collin Morikawa,41.3
23,Cameron Champ,41.9
24,Corey Conners,42.2
24,Ryan Palmer,42.2
26,J.B. Holmes,42.3
27,Keith Mitchell,42.9
28,Dylan Frittelli,43.6
29,Adam Long,44.3
30,Kevin Na,48.4
31,Lanto Griffin,48.9
32,Sung Kang,49.2
33,Paul Casey,54.4
34,Martin Trainer,64.1
