rank,player,Avg,GIR Putts,Greens Hit,Birdie Conversion
1,Patrick Reed,1.558,67,43,51.16
2,Justin Thomas,1.661,93,56,42.86
3,Patrick Cantlay,1.709,94,55,34.55
4,J.T. Poston,1.714,84,49,32.65
5,Collin Morikawa,1.717,91,53,37.74
6,Ryan Palmer,1.720,86,50,32.65
7,Joaquin Niemann,1.736,92,53,32.08
8,Sebastián Muñoz,1.740,87,50,36.00
9,Dustin Johnson,1.741,94,54,33.33
10,Keith Mitchell,1.750,77,44,27.91
11,Cameron Champ,1.755,86,49,34.69
12,J.B. Holmes,1.756,79,45,28.89
13,Rickie Fowler,1.760,88,50,34.00
14,Kevin Kisner,1.780,89,50,28.00
15,Gary Woodland,1.788,93,52,28.85
16,Adam Long,1.796,88,49,24.49
17,Sung Kang,1.804,92,51,29.41
17,Chez Reavie,1.804,83,46,24.44
19,Graeme McDowell,1.813,87,48,25.00
20,Jon Rahm,1.815,98,54,22.64
21,Xander Schauffele,1.817,109,60,28.33
22,Matthew Wolff,1.818,80,44,38.64
23,Nate Lashley,1.824,93,51,27.45
24,Jim Herman,1.833,99,54,27.78
25,Tyler Duncan,1.843,94,51,21.57
26,Kevin Na,1.844,83,45,24.44
27,Matt Kuchar,1.846,96,52,21.15
28,Lanto Griffin,1.870,101,54,27.78
29,Paul Casey,1.882,96,51,31.37
30,Corey Conners,1.912,109,57,22.81
31,Brendon Todd,1.917,92,48,18.75
32,Max Homa,1.927,106,55,20.00
33,Dylan Frittelli,1.939,95,49,18.37
34,Martin Trainer,2.000,84,42,21.43
