rank,player,Value,Attempts(<= 5'),Tot Made (>=20'),Tot Made (<= 5')
1,Gary Woodland,105.88,51,3,51
2,Patrick Cantlay,105.77,52,3,52
2,Dustin Johnson,105.77,52,4,51
2,Matt Kuchar,105.77,52,3,52
5,Sebastián Muñoz,104.08,49,2,49
6,J.T. Poston,103.92,51,2,51
7,Lanto Griffin,103.39,59,4,57
8,Rickie Fowler,101.85,54,2,53
9,Xander Schauffele,101.82,55,1,55
10,Justin Thomas,101.79,56,2,55
11,Joaquin Niemann,101.72,58,2,57
12,Cameron Champ,100.00,57,1,56
12,Dylan Frittelli,100.00,58,1,57
12,Jim Herman,100.00,56,0,56
12,Graeme McDowell,100.00,57,1,56
12,Keith Mitchell,100.00,55,1,54
12,Collin Morikawa,100.00,57,1,56
12,Jon Rahm,100.00,60,2,58
12,Chez Reavie,100.00,52,1,51
12,Patrick Reed,100.00,54,4,50
21,Max Homa,98.31,59,1,57
21,Adam Long,98.31,59,1,57
23,J.B. Holmes,98.28,58,2,55
23,Ryan Palmer,98.28,58,2,55
23,Matthew Wolff,98.28,58,2,55
26,Kevin Na,98.25,57,0,56
27,Sung Kang,98.21,56,0,55
28,Martin Trainer,96.97,66,0,64
29,Tyler Duncan,96.67,60,0,58
30,Brendon Todd,96.61,59,1,56
31,Kevin Kisner,96.55,58,1,55
32,Nate Lashley,94.64,56,0,53
33,Paul Casey,92.06,63,0,58
34,Corey Conners,91.80,61,0,56
