rank,player,%,# Birdies,Greens Hit
1,Patrick Reed,51.16,22,43
2,Justin Thomas,42.86,24,56
3,Matthew Wolff,38.64,17,44
4,Collin Morikawa,37.74,20,53
5,Sebastián Muñoz,36.00,18,50
6,Cameron Champ,34.69,17,49
7,Patrick Cantlay,34.55,19,55
8,Rickie Fowler,34.00,17,50
9,Dustin Johnson,33.33,18,54
10,Ryan Palmer,32.65,16,49
10,J.T. Poston,32.65,16,49
12,Joaquin Niemann,32.08,17,53
13,Paul Casey,31.37,16,51
14,Sung Kang,29.41,15,51
15,J.B. Holmes,28.89,13,45
16,Gary Woodland,28.85,15,52
17,Xander Schauffele,28.33,17,60
18,Kevin Kisner,28.00,14,50
19,Keith Mitchell,27.91,12,43
20,Lanto Griffin,27.78,15,54
20,Jim Herman,27.78,15,54
22,Nate Lashley,27.45,14,51
23,Graeme McDowell,25.00,12,48
24,Adam Long,24.49,12,49
25,Kevin Na,24.44,11,45
25,Chez Reavie,24.44,11,45
27,Corey Conners,22.81,13,57
28,Jon Rahm,22.64,12,53
29,Tyler Duncan,21.57,11,51
30,Martin Trainer,21.43,9,42
31,Matt Kuchar,21.15,11,52
32,Max Homa,20.00,11,55
33,Brendon Todd,18.75,9,48
34,Dylan Frittelli,18.37,9,49
