rank,player,%,# of Birdie or Better,Attempts,RTP-Successes,RTP-Not going for the grn
1,Dustin Johnson,100.00,7,7,-7,+2.00
1,John Mallinger,100.00,3,3,-3,-2.00
1,Sean O'Hair,100.00,4,4,-4,-4.00
1,Patrick Sheehan,100.00,6,6,-7,E
1,Vijay Singh,100.00,7,7,-7,-2.00
1,Steve Stricker,100.00,6,6,-6,-1.00
7,J.B. Holmes,88.89,8,9,-8,-1.00
8,Tom Lehman,87.50,7,8,-7,-1.00
8,Parker McLachlin,87.50,7,8,-8,-1.00
10,Jim Furyk,85.71,6,7,-7,E
10,Zach Johnson,85.71,6,7,-6,E
10,Rory Sabbatini,85.71,6,7,-7,E
10,Vaughn Taylor,85.71,6,7,-6,E
14,K.J. Choi,83.33,5,6,-5,-1.00
14,Daniel Chopra,83.33,5,6,-6,-1.00
14,Martin Laird,83.33,5,6,-5,-2.00
14,Jim McGovern,83.33,5,6,-6,E
14,Tom Pernice Jr.,83.33,5,6,-5,E
19,Chad Campbell,80.00,4,5,-4,+1.00
19,John Merrick,80.00,4,5,-4,-1.00
21,Paul Azinger,75.00,3,4,-4,-3.00
21,Brian Gay,75.00,3,4,-3,-2.00
21,Matt Jones,75.00,6,8,-7,E
21,Jerry Kelly,75.00,6,8,-6,E
21,Steve Marino,75.00,3,4,-3,-3.00
21,Tim Wilkinson,75.00,3,4,-3,-3.00
21,Mark Wilson,75.00,3,4,-3,-1.00
28,Cameron Beckman,71.43,5,7,-6,E
28,Shane Bertsch,71.43,5,7,-5,-1.00
28,Fred Funk,71.43,5,7,-7,-1.00
28,Troy Matteson,71.43,5,7,-5,E
28,Pat Perez,71.43,5,7,-5,-2.00
33,Jason Allred,66.67,4,6,-4,E
33,James Driscoll,66.67,4,6,-4,E
33,Dudley Hart,66.67,2,3,-2,+4.00
33,Jeff Maggert,66.67,4,6,-4,E
33,Kevin Na,66.67,6,9,-7,E
33,Jesper Parnevik,66.67,4,6,-4,-2.00
33,Carl Pettersson,66.67,4,6,-4,-2.00
33,Y.E. Yang,66.67,2,3,-2,-3.00
41,J.P. Hayes,62.50,5,8,-5,-1.00
42,Brad Adamonis,60.00,3,5,-3,E
42,Mark Calcavecchia,60.00,3,5,-3,+1.00
42,Chad Collins,60.00,3,5,-3,+1.00
42,Daisuke Maruyama,60.00,3,5,-3,-3.00
42,Shigeki Maruyama,60.00,3,5,-4,E
42,George McNeill,60.00,3,5,-3,-2.00
42,Yusaku Miyazato,60.00,3,5,-3,-2.00
42,Heath Slocum,60.00,3,5,-4,E
42,Mitsuhiro Tateyama,60.00,3,5,-3,+1.00
51,Steve Lowery,57.14,4,7,-6,E
51,John Riegger,57.14,4,7,-5,E
51,Scott Sterling,57.14,4,7,-4,-1.00
51,Jay Williamson,57.14,4,7,-5,-1.00
55,Bubba Watson,54.55,6,11,-7,E
56,Stephen Ames,50.00,3,6,-3,-2.00
56,Alejandro Cañizares,50.00,2,4,-2,+1.00
56,Matt Kuchar,50.00,3,6,-4,-1.00
56,Doug LaBelle II,50.00,2,4,-2,-1.00
56,Spencer Levin,50.00,2,4,-2,E
56,WC Liang,50.00,3,6,-4,E
56,Kevin Streelman,50.00,1,2,-1,E
63,Robert Gamez,42.86,3,7,-3,-2.00
64,Bob Estes,40.00,2,5,-2,E
64,Kiyoshi Miyazato,40.00,2,5,-2,-1.00
64,Jimmy Walker,40.00,2,5,-3,E
67,Briny Baird,25.00,1,4,-1,-1.00
68,Chez Reavie,20.00,1,5,-1,-2.00
