rank,player,%,Attempts
1,J.P. Hayes,100.00,8
1,Jerry Kelly,100.00,8
1,Tom Lehman,100.00,8
1,Parker McLachlin,100.00,8
1,Kevin Na,100.00,8
1,Bubba Watson,100.00,8
7,Cameron Beckman,87.50,7
7,Shane Bertsch,87.50,7
7,Fred Funk,87.50,7
7,Jim Furyk,87.50,7
7,Robert Gamez,87.50,7
7,J.B. Holmes,87.50,7
7,Zach Johnson,87.50,7
7,Matt Jones,87.50,7
7,Troy Matteson,87.50,7
7,Pat Perez,87.50,7
7,John Riegger,87.50,7
7,Rory Sabbatini,87.50,7
7,Vijay Singh,87.50,7
7,Scott Sterling,87.50,7
7,Vaughn Taylor,87.50,7
22,Jason Allred,75.00,6
22,Stephen Ames,75.00,6
22,K.J. Choi,75.00,6
22,Daniel Chopra,75.00,6
22,Matt Kuchar,75.00,6
22,Martin Laird,75.00,6
22,WC Liang,75.00,6
22,Steve Lowery,75.00,6
22,Jim McGovern,75.00,6
22,Jesper Parnevik,75.00,6
22,Tom Pernice Jr.,75.00,6
22,Carl Pettersson,75.00,6
22,Patrick Sheehan,75.00,6
22,Steve Stricker,75.00,6
22,Jay Williamson,75.00,6
37,Brad Adamonis,62.50,5
37,Mark Calcavecchia,62.50,5
37,Chad Campbell,62.50,5
37,Chad Collins,62.50,5
37,Bob Estes,62.50,5
37,Dustin Johnson,62.50,5
37,Jeff Maggert,62.50,5
37,Daisuke Maruyama,62.50,5
37,Shigeki Maruyama,62.50,5
37,George McNeill,62.50,5
37,John Merrick,62.50,5
37,Kiyoshi Miyazato,62.50,5
37,Yusaku Miyazato,62.50,5
37,Chez Reavie,62.50,5
37,Heath Slocum,62.50,5
37,Mitsuhiro Tateyama,62.50,5
53,Paul Azinger,50.00,4
53,Briny Baird,50.00,4
53,Alejandro Cañizares,50.00,4
53,James Driscoll,50.00,4
53,Brian Gay,50.00,4
53,Doug LaBelle II,50.00,4
53,Spencer Levin,50.00,4
53,Steve Marino,50.00,4
53,Sean O'Hair,50.00,4
53,Jimmy Walker,50.00,4
53,Tim Wilkinson,50.00,4
53,Mark Wilson,50.00,4
65,Dudley Hart,37.50,3
65,John Mallinger,37.50,3
65,Y.E. Yang,37.50,3
68,Kevin Streelman,25.00,2
