rank,player,%,Attempts,RTP-Going for the green,RTP-Not going for the grn
1,Kevin Na,100.00,9,-7,E
1,Bubba Watson,100.00,9,-7,E
3,J.P. Hayes,88.89,8,-5,-1
3,Matt Jones,88.89,8,-7,E
3,Jerry Kelly,88.89,8,-6,E
3,Tom Lehman,88.89,8,-7,-1
3,Parker McLachlin,88.89,8,-8,-1
8,Cameron Beckman,77.78,7,-5,E
8,Shane Bertsch,77.78,7,-5,-1
8,Fred Funk,77.78,7,-7,-1
8,Jim Furyk,77.78,7,-7,E
8,Robert Gamez,77.78,7,-3,-2
8,J.B. Holmes,77.78,7,-8,-1
8,Zach Johnson,77.78,7,-6,E
8,Troy Matteson,77.78,7,-5,E
8,Pat Perez,77.78,7,-5,-2
8,John Riegger,77.78,7,-5,E
8,Rory Sabbatini,77.78,7,-7,E
8,Vijay Singh,77.78,7,-7,-2
8,Scott Sterling,77.78,7,-4,-1
8,Vaughn Taylor,77.78,7,-6,E
8,Jay Williamson,77.78,7,-5,-1
23,Jason Allred,66.67,6,-4,E
23,Stephen Ames,66.67,6,-3,-2
23,K.J. Choi,66.67,6,-5,-1
23,Daniel Chopra,66.67,6,-6,-1
23,Dustin Johnson,66.67,6,-7,+2
23,Matt Kuchar,66.67,6,-3,-1
23,Martin Laird,66.67,6,-5,-2
23,WC Liang,66.67,6,-4,E
23,Steve Lowery,66.67,6,-6,E
23,Jim McGovern,66.67,6,-6,E
23,Jesper Parnevik,66.67,6,-4,-2
23,Tom Pernice Jr.,66.67,6,-5,E
23,Carl Pettersson,66.67,6,-4,-2
23,Patrick Sheehan,66.67,6,-7,E
23,Steve Stricker,66.67,6,-6,-1
38,Brad Adamonis,55.56,5,-3,E
38,Mark Calcavecchia,55.56,5,-3,+1
38,Chad Campbell,55.56,5,-4,+1
38,Chad Collins,55.56,5,-3,+1
38,James Driscoll,55.56,5,-4,E
38,Bob Estes,55.56,5,-2,E
38,Jeff Maggert,55.56,5,-4,E
38,Daisuke Maruyama,55.56,5,-3,-3
38,Shigeki Maruyama,55.56,5,-4,E
38,George McNeill,55.56,5,-3,-2
38,John Merrick,55.56,5,-4,-1
38,Kiyoshi Miyazato,55.56,5,-2,-1
38,Yusaku Miyazato,55.56,5,-3,-2
38,Chez Reavie,55.56,5,-1,-2
38,Heath Slocum,55.56,5,-4,E
38,Mitsuhiro Tateyama,55.56,5,-3,+1
38,Jimmy Walker,55.56,5,-3,E
55,Paul Azinger,44.44,4,-4,-3
55,Briny Baird,44.44,4,E,-1
55,Alejandro Cañizares,44.44,4,-2,+1
55,Brian Gay,44.44,4,-3,-2
55,Doug LaBelle II,44.44,4,-2,-1
55,Spencer Levin,44.44,4,-2,E
55,Steve Marino,44.44,4,-2,-3
55,Sean O'Hair,44.44,4,-4,-4
55,Tim Wilkinson,44.44,4,-3,-3
55,Mark Wilson,44.44,4,-3,-1
65,Dudley Hart,33.33,3,-2,+4
65,John Mallinger,33.33,3,-3,-2
65,Y.E. Yang,33.33,3,-2,-3
68,Kevin Streelman,22.22,2,-1,E
