rank,player,%,Successes,Attempts,RTP-Successes,RTP-Not going for the grn
1,Rory Sabbatini,100.00,7,7,-7,E
2,Sean O'Hair,75.00,3,4,-3,-4.00
3,Vaughn Taylor,71.43,5,7,-5,E
4,Steve Stricker,66.67,4,6,-4,-1.00
5,Zach Johnson,57.14,4,7,-4,E
5,Steve Lowery,57.14,4,7,-6,E
5,Troy Matteson,57.14,4,7,-3,E
5,John Riegger,57.14,4,7,-4,E
5,Vijay Singh,57.14,4,7,-4,-2.00
5,Scott Sterling,57.14,4,7,-4,-1.00
5,Jay Williamson,57.14,4,7,-4,-1.00
12,Paul Azinger,50.00,2,4,-3,-3.00
12,K.J. Choi,50.00,3,6,-3,-1.00
12,Daniel Chopra,50.00,3,6,-4,-1.00
12,Brian Gay,50.00,2,4,-2,-2.00
12,WC Liang,50.00,3,6,-4,E
12,Jim McGovern,50.00,3,6,-4,E
12,Tom Pernice Jr.,50.00,3,6,-3,E
12,Patrick Sheehan,50.00,3,6,-4,E
12,Kevin Streelman,50.00,1,2,-1,E
12,Mark Wilson,50.00,2,4,-1,-1.00
22,Jim Furyk,42.86,3,7,-4,E
23,Brad Adamonis,40.00,2,5,-2,E
23,Mark Calcavecchia,40.00,2,5,-2,+1.00
23,Chad Campbell,40.00,2,5,-2,+1.00
23,Daisuke Maruyama,40.00,2,5,-2,-3.00
23,George McNeill,40.00,2,5,-2,-2.00
23,John Merrick,40.00,2,5,-2,-1.00
23,Mitsuhiro Tateyama,40.00,2,5,-2,+1.00
23,Jimmy Walker,40.00,2,5,-3,E
31,Matt Jones,37.50,3,8,-4,E
31,Tom Lehman,37.50,3,8,-3,-1.00
31,Parker McLachlin,37.50,3,8,-4,-1.00
34,Stephen Ames,33.33,2,6,-2,-2.00
34,James Driscoll,33.33,2,6,-2,E
34,Matt Kuchar,33.33,2,6,-2,-1.00
34,Martin Laird,33.33,2,6,-2,-2.00
34,Jeff Maggert,33.33,2,6,-2,E
34,John Mallinger,33.33,1,3,-1,-2.00
34,Y.E. Yang,33.33,1,3,-1,-3.00
41,Cameron Beckman,28.57,2,7,-3,E
41,Robert Gamez,28.57,2,7,-2,-2.00
41,Dustin Johnson,28.57,2,7,-2,+2.00
41,Pat Perez,28.57,2,7,-2,-2.00
45,Bubba Watson,27.27,3,11,-4,E
46,Briny Baird,25.00,1,4,-1,-1.00
46,Jerry Kelly,25.00,2,8,-2,E
46,Spencer Levin,25.00,1,4,-1,E
46,Steve Marino,25.00,1,4,-1,-3.00
46,Tim Wilkinson,25.00,1,4,-1,-3.00
51,J.B. Holmes,22.22,2,9,-2,-1.00
52,Bob Estes,20.00,1,5,-1,E
52,Kiyoshi Miyazato,20.00,1,5,-1,-1.00
52,Yusaku Miyazato,20.00,1,5,-1,-2.00
52,Chez Reavie,20.00,1,5,E,-2.00
52,Heath Slocum,20.00,1,5,-2,E
57,Jason Allred,16.67,1,6,-1,E
57,Carl Pettersson,16.67,1,6,-1,-2.00
59,Shane Bertsch,14.29,1,7,-1,-1.00
59,Fred Funk,14.29,1,7,-2,-1.00
61,Alejandro Cañizares,.00,0,4,E,+1.00
61,Chad Collins,.00,0,5,E,+1.00
61,Dudley Hart,.00,0,3,E,+4.00
61,J.P. Hayes,.00,0,8,E,-1.00
61,Doug LaBelle II,.00,0,4,E,-1.00
61,Shigeki Maruyama,.00,0,5,E,E
61,Kevin Na,.00,0,9,E,E
61,Jesper Parnevik,.00,0,6,E,-2.00
