rank,player,Avg,Distance (in inches),Attempts
1,Daniel Chopra,196.5,"42,443.000",6
2,Y.E. Yang,200.2,"21,618.000",3
3,Steve Marino,216.1,"31,118.000",4
4,Mark Wilson,216.8,"31,213.000",4
5,J.B. Holmes,217.3,"70,402.000",9
6,Briny Baird,217.8,"31,365.000",4
7,Brian Gay,218.0,"31,388.000",4
8,Sean O'Hair,218.8,"31,510.000",4
9,Jason Allred,219.1,"47,326.000",6
10,Parker McLachlin,219.6,"63,247.000",8
11,Vijay Singh,220.5,"55,569.000",7
12,Kevin Streelman,222.0,"15,983.000",2
13,John Merrick,223.7,"40,271.000",5
14,Troy Matteson,224.5,"56,577.000",7
15,Scott Sterling,224.7,"56,626.000",7
16,Steve Stricker,225.2,"48,642.000",6
17,Mark Calcavecchia,226.2,"40,721.000",5
18,Bob Estes,227.3,"40,908.000",5
19,WC Liang,227.4,"49,122.000",6
20,George McNeill,227.5,"40,954.000",5
21,Jimmy Walker,227.7,"40,990.000",5
22,K.J. Choi,227.8,"49,212.000",6
23,Cameron Beckman,229.2,"57,747.000",7
24,Heath Slocum,229.6,"41,326.000",5
25,Chad Campbell,229.8,"41,370.000",5
26,Paul Azinger,229.9,"33,100.000",4
27,Doug LaBelle II,230.0,"33,127.000",4
28,John Mallinger,230.6,"24,904.000",3
29,Mitsuhiro Tateyama,230.7,"41,517.000",5
30,Jerry Kelly,231.0,"66,535.000",8
31,Robert Gamez,231.4,"58,302.000",7
32,Spencer Levin,231.7,"33,369.000",4
33,John Riegger,232.3,"58,532.000",7
34,Chez Reavie,232.5,"41,851.000",5
35,Jesper Parnevik,233.1,"50,339.000",6
36,Martin Laird,233.5,"50,428.000",6
37,Pat Perez,234.2,"59,023.000",7
38,Rory Sabbatini,234.4,"59,063.000",7
39,Yusaku Miyazato,234.5,"42,214.000",5
40,Jim McGovern,235.1,"50,788.000",6
41,Dudley Hart,236.6,"25,555.000",3
42,Vaughn Taylor,237.1,"59,742.000",7
43,Bubba Watson,237.4,"93,992.000",11
44,Matt Kuchar,237.9,"51,385.000",6
45,Tom Pernice Jr.,239.0,"51,623.000",6
46,Jim Furyk,239.6,"60,386.000",7
47,Carl Pettersson,239.9,"51,818.000",6
48,Tom Lehman,240.3,"69,202.000",8
49,J.P. Hayes,240.8,"69,337.000",8
50,Kiyoshi Miyazato,241.0,"43,376.000",5
51,Daisuke Maruyama,241.7,"43,509.000",5
52,Patrick Sheehan,242.4,"52,358.000",6
53,Kevin Na,242.9,"78,691.000",9
54,Chad Collins,243.5,"43,823.000",5
55,Shane Bertsch,243.8,"61,450.000",7
56,Alejandro Cañizares,244.3,"35,174.000",4
57,Matt Jones,244.6,"70,437.000",8
58,Zach Johnson,244.7,"61,664.000",7
59,Steve Lowery,244.8,"61,692.000",7
60,Fred Funk,244.9,"61,713.000",7
61,Shigeki Maruyama,245.4,"44,170.000",5
62,Tim Wilkinson,246.2,"35,447.000",4
63,Brad Adamonis,248.5,"44,729.000",5
64,Dustin Johnson,250.9,"63,239.000",7
65,Stephen Ames,251.2,"54,252.000",6
66,Jay Williamson,253.8,"63,947.000",7
67,Jeff Maggert,255.4,"55,175.000",6
68,James Driscoll,264.8,"57,204.000",6
