rank,player,Avg,Total Dist after GFG Shot,Total GFG Shots
1,Kevin Streelman,8.7,624.000,2
2,Rory Sabbatini,11.0,"2,764.000",7
3,Parker McLachlin,12.6,"3,619.000",8
4,Y.E. Yang,13.1,"1,415.000",3
5,Bob Estes,14.0,"2,516.000",5
6,Mark Wilson,14.1,"2,037.000",4
7,George McNeill,14.3,"2,582.000",5
8,Mitsuhiro Tateyama,14.8,"2,664.000",5
9,WC Liang,14.9,"3,227.000",6
9,Vijay Singh,14.9,"3,765.000",7
11,Steve Stricker,15.2,"3,276.000",6
12,Daniel Chopra,15.5,"3,342.000",6
13,Spencer Levin,15.8,"2,272.000",4
14,Martin Laird,16.6,"3,587.000",6
15,Vaughn Taylor,16.8,"4,235.000",7
16,Sean O'Hair,17.1,"2,467.000",4
17,Jim Furyk,17.4,"4,380.000",7
18,Fred Funk,18.4,"4,632.000",7
19,Scott Sterling,18.5,"4,656.000",7
20,Dudley Hart,18.6,"2,009.000",3
20,John Merrick,18.6,"3,344.000",5
22,Daisuke Maruyama,18.7,"3,367.000",5
23,Brian Gay,18.8,"2,712.000",4
24,Robert Gamez,18.9,"4,771.000",7
24,Heath Slocum,18.9,"3,395.000",5
26,Cameron Beckman,19.0,"4,796.000",7
26,Mark Calcavecchia,19.0,"3,428.000",5
26,John Riegger,19.0,"4,792.000",7
29,Troy Matteson,19.3,"4,851.000",7
30,Briny Baird,20.1,"2,898.000",4
31,Tom Pernice Jr.,20.3,"4,376.000",6
32,Zach Johnson,20.5,"5,159.000",7
32,John Mallinger,20.5,"2,209.000",3
34,Jay Williamson,20.7,"5,221.000",7
35,Jim McGovern,20.8,"4,496.000",6
35,Bubba Watson,20.8,"8,243.000",11
37,Stephen Ames,21.3,"4,592.000",6
38,Paul Azinger,21.4,"3,087.000",4
38,K.J. Choi,21.4,"4,629.000",6
40,Dustin Johnson,21.5,"5,429.000",7
41,J.B. Holmes,22.0,"7,134.000",9
41,Matt Kuchar,22.0,"4,760.000",6
41,Tom Lehman,22.0,"6,334.000",8
44,Chez Reavie,22.1,"3,986.000",5
45,Jason Allred,22.3,"4,820.000",6
45,Steve Lowery,22.3,"5,630.000",7
47,Jerry Kelly,22.5,"6,483.000",8
48,Yusaku Miyazato,22.8,"4,108.000",5
49,Jeff Maggert,23.6,"5,097.000",6
49,Pat Perez,23.6,"5,959.000",7
51,Brad Adamonis,23.8,"4,276.000",5
51,Patrick Sheehan,23.8,"5,135.000",6
53,James Driscoll,24.1,"5,205.000",6
53,Matt Jones,24.1,"6,947.000",8
53,Jimmy Walker,24.1,"4,331.000",5
56,Steve Marino,25.1,"3,621.000",4
57,Kevin Na,25.3,"8,208.000",9
58,Shane Bertsch,25.4,"6,406.000",7
59,Chad Campbell,25.8,"4,639.000",5
60,Alejandro Cañizares,26.2,"3,770.000",4
60,Carl Pettersson,26.2,"5,666.000",6
62,Doug LaBelle II,26.3,"3,780.000",4
63,Tim Wilkinson,27.1,"3,908.000",4
64,Chad Collins,28.3,"5,092.000",5
65,Shigeki Maruyama,30.0,"5,397.000",5
66,Kiyoshi Miyazato,31.1,"5,604.000",5
67,J.P. Hayes,31.8,"9,170.000",8
68,Jesper Parnevik,37.9,"8,180.000",6
