rank,player,Average Bogeys per round,Total Bogeys,Rounds Played
1,Brian Gay,.75,3,4
1,Justin Leonard,.75,3,4
1,Kenny Perry,.75,3,4
4,Davis Love III,1.00,4,4
4,Will MacKenzie,1.00,4,4
6,Dustin Johnson,1.25,5,4
6,Zach Johnson,1.25,5,4
6,Parker McLachlin,1.25,5,4
6,Geoff Ogilvy,1.25,5,4
6,Johnson Wagner,1.25,5,4
6,Boo Weekley,1.25,5,4
12,Ernie Els,1.50,6,4
12,Steve Lowery,1.50,6,4
12,Sean O'Hair,1.50,6,4
12,D.J. Trahan,1.50,6,4
16,Stewart Cink,1.75,7,4
16,Anthony Kim,1.75,7,4
16,Carl Pettersson,1.75,7,4
16,Chez Reavie,1.75,7,4
20,K.J. Choi,2.00,8,4
20,Adam Scott,2.00,8,4
20,Camilo Villegas,2.00,8,4
23,Cameron Beckman,2.25,9,4
23,Richard Johnson,2.25,9,4
25,Ryuji Imada,2.50,10,4
25,Trevor Immelman,2.50,10,4
25,Greg Kraft,2.50,10,4
28,Daniel Chopra,2.75,11,4
29,Ryan Palmer,3.00,12,4
30,Andres Romero,3.25,13,4
30,Vijay Singh,3.25,13,4
32,J.B. Holmes,3.50,14,4
33,Marc Turnesa,3.75,15,4
