rank,player,Birdie to Bogey Ratio,Total Birdies and Better,Total Bogeys and Worse
1,Geoff Ogilvy,5.60,28,5
2,Justin Leonard,5.25,21,4
3,Kenny Perry,4.75,19,4
4,Davis Love III,4.20,21,5
5,Sean O'Hair,3.67,22,6
6,Johnson Wagner,3.60,18,5
7,Brian Gay,3.50,14,4
8,Anthony Kim,3.43,24,7
9,Ernie Els,3.33,20,6
9,Zach Johnson,3.33,20,6
9,Will MacKenzie,3.33,20,6
9,D.J. Trahan,3.33,20,6
13,Dustin Johnson,3.00,24,8
14,Boo Weekley,2.86,20,7
15,Chez Reavie,2.57,18,7
16,Camilo Villegas,2.44,22,9
17,K.J. Choi,2.38,19,8
18,Carl Pettersson,2.29,16,7
19,Parker McLachlin,2.13,17,8
20,Steve Lowery,2.09,23,11
21,Ryuji Imada,1.91,21,11
22,Richard Johnson,1.89,17,9
22,Adam Scott,1.89,17,9
24,Cameron Beckman,1.70,17,10
25,Stewart Cink,1.67,15,9
26,Trevor Immelman,1.60,16,10
27,Daniel Chopra,1.53,23,15
28,Vijay Singh,1.47,22,15
29,Greg Kraft,1.40,14,10
30,J.B. Holmes,1.38,22,16
31,Ryan Palmer,1.14,16,14
32,Andres Romero,.93,14,15
33,Marc Turnesa,.88,15,17
