rank,player,% Makes Bogey,Bogeys,Holes Played
1,Brian Gay,5.56,4,72
1,Justin Leonard,5.56,4,72
1,Kenny Perry,5.56,4,72
4,Davis Love III,6.94,5,72
4,Geoff Ogilvy,6.94,5,72
4,Johnson Wagner,6.94,5,72
7,Ernie Els,8.33,6,72
7,Zach Johnson,8.33,6,72
7,Will MacKenzie,8.33,6,72
7,Sean O'Hair,8.33,6,72
7,D.J. Trahan,8.33,6,72
12,Anthony Kim,9.72,7,72
12,Carl Pettersson,9.72,7,72
12,Chez Reavie,9.72,7,72
12,Boo Weekley,9.72,7,72
16,K.J. Choi,11.11,8,72
16,Dustin Johnson,11.11,8,72
16,Parker McLachlin,11.11,8,72
19,Stewart Cink,12.50,9,72
19,Richard Johnson,12.50,9,72
19,Adam Scott,12.50,9,72
19,Camilo Villegas,12.50,9,72
23,Cameron Beckman,13.89,10,72
23,Trevor Immelman,13.89,10,72
23,Greg Kraft,13.89,10,72
26,Ryuji Imada,15.28,11,72
26,Steve Lowery,15.28,11,72
28,Ryan Palmer,19.44,14,72
29,Daniel Chopra,20.83,15,72
29,Andres Romero,20.83,15,72
29,Vijay Singh,20.83,15,72
32,J.B. Holmes,22.22,16,72
33,Marc Turnesa,23.61,17,72
