rank,player,% under then over par,Total under then over Par,Under Par
1,Zach Johnson,.00,0,17
1,Davis Love III,.00,0,17
1,Boo Weekley,.00,0,18
4,Geoff Ogilvy,3.57,1,28
5,Camilo Villegas,5.00,1,20
6,Justin Leonard,5.26,1,19
7,Kenny Perry,5.56,1,18
8,K.J. Choi,5.88,1,17
9,Johnson Wagner,6.25,1,16
10,Cameron Beckman,6.67,1,15
11,Stewart Cink,7.14,1,14
11,Brian Gay,7.14,1,14
11,Marc Turnesa,7.14,1,14
14,Trevor Immelman,7.69,1,13
14,Carl Pettersson,7.69,1,13
16,Steve Lowery,9.52,2,21
17,Anthony Kim,10.00,2,20
17,Sean O'Hair,10.00,2,20
19,Ryuji Imada,10.53,2,19
20,Ernie Els,11.11,2,18
21,Chez Reavie,11.76,2,17
22,Dustin Johnson,13.64,3,22
23,Parker McLachlin,14.29,2,14
24,Greg Kraft,15.38,2,13
25,Will MacKenzie,15.79,3,19
26,Vijay Singh,16.67,3,18
27,Andres Romero,18.18,2,11
28,Adam Scott,18.75,3,16
28,D.J. Trahan,18.75,3,16
30,Daniel Chopra,20.00,4,20
30,Ryan Palmer,20.00,3,15
32,Richard Johnson,26.67,4,15
33,J.B. Holmes,28.57,6,21
