rank,player,Avg,Total SG:ARG,Measured Rounds
1,Jason Day,.999,3.996,4
2,Ryan Palmer,.760,3.038,4
3,Jim Furyk,.689,2.754,4
4,Jonathan Byrd,.649,2.594,4
5,Bill Haas,.528,2.112,4
6,Dustin Johnson,.513,2.051,4
7,Robert Garrigus,.475,1.899,4
8,Rocco Mediate,.222,.887,4
9,Bill Lunde,.181,.722,4
10,Justin Rose,.143,.570,4
11,Graeme McDowell,.142,.569,4
12,Tim Clark,.136,.543,4
13,Matt Bettencourt,.117,.467,4
14,Adam Scott,.109,.437,4
15,Francesco Molinari,.086,.342,4
16,Steve Stricker,.078,.311,4
17,Cameron Beckman,-.032,-.127,4
18,Matt Kuchar,-.092,-.368,4
19,Arjun Atwal,-.113,-.451,4
20,Charley Hoffman,-.123,-.492,4
21,Jason Bohn,-.252,-1.008,4
22,Bubba Watson,-.310,-1.239,4
23,Carl Pettersson,-.320,-1.281,4
24,Ian Poulter,-.335,-1.338,4
25,Hunter Mahan,-.357,-1.426,4
26,Zach Johnson,-.396,-1.584,4
27,Ben Crane,-.435,-1.740,4
28,Derek Lamely,-.454,-1.817,4
29,Anthony Kim,-.561,-2.244,4
30,Ernie Els,-.594,-2.375,4
31,Heath Slocum,-.660,-2.640,4
32,Stuart Appleby,-.794,-3.176,4
