rank,player,Avg,Total SG:APP,Measured Rounds
1,Steve Stricker,1.697,6.787,4
2,Ian Poulter,1.621,6.485,4
3,Carl Pettersson,1.565,6.261,4
4,Graeme McDowell,1.220,4.880,4
5,Robert Garrigus,1.174,4.695,4
6,Jason Bohn,1.098,4.391,4
7,Jonathan Byrd,1.029,4.114,4
8,Anthony Kim,.968,3.870,4
9,Ernie Els,.798,3.193,4
10,Ben Crane,.749,2.995,4
11,Matt Kuchar,.621,2.483,4
12,Jim Furyk,.421,1.684,4
13,Arjun Atwal,.059,.236,4
14,Heath Slocum,.058,.233,4
15,Francesco Molinari,-.187,-.746,4
16,Tim Clark,-.248,-.991,4
17,Matt Bettencourt,-.302,-1.207,4
18,Cameron Beckman,-.303,-1.213,4
19,Justin Rose,-.395,-1.581,4
20,Stuart Appleby,-.416,-1.665,4
21,Bill Lunde,-.421,-1.682,4
22,Dustin Johnson,-.436,-1.745,4
23,Ryan Palmer,-.595,-2.379,4
24,Jason Day,-.685,-2.739,4
25,Zach Johnson,-.774,-3.095,4
26,Bill Haas,-.874,-3.496,4
27,Adam Scott,-.880,-3.519,4
28,Hunter Mahan,-.940,-3.759,4
29,Bubba Watson,-1.034,-4.137,4
30,Charley Hoffman,-1.350,-5.398,4
31,Rocco Mediate,-1.354,-5.417,4
32,Derek Lamely,-1.882,-7.526,4
