rank,player,Avg,Total SG:Putting,Measured Rounds
1,Carl Pettersson,1.339,5.357,4
2,Bill Haas,1.078,4.310,4
3,Jonathan Byrd,1.073,4.293,4
4,Arjun Atwal,1.010,4.039,4
5,Graeme McDowell,.906,3.624,4
6,Ian Poulter,.892,3.567,4
7,Matt Kuchar,.869,3.475,4
8,Zach Johnson,.578,2.310,4
9,Steve Stricker,.569,2.277,4
10,Jason Day,.536,2.142,4
11,Charley Hoffman,.386,1.542,4
12,Francesco Molinari,.374,1.495,4
13,Bill Lunde,.352,1.408,4
14,Cameron Beckman,.208,.832,4
15,Robert Garrigus,.194,.775,4
16,Tim Clark,.166,.663,4
17,Bubba Watson,.125,.498,4
18,Justin Rose,-.038,-.153,4
19,Stuart Appleby,-.116,-.465,4
19,Matt Bettencourt,-.116,-.464,4
21,Hunter Mahan,-.297,-1.186,4
22,Dustin Johnson,-.400,-1.598,4
23,Jim Furyk,-.413,-1.651,4
24,Adam Scott,-.515,-2.060,4
25,Ernie Els,-.607,-2.426,4
26,Ben Crane,-.707,-2.829,4
27,Heath Slocum,-.756,-3.024,4
28,Ryan Palmer,-.851,-3.404,4
29,Jason Bohn,-1.174,-4.697,4
30,Anthony Kim,-1.444,-5.776,4
31,Derek Lamely,-1.495,-5.980,4
32,Rocco Mediate,-1.723,-6.893,4
