rank,player,Low Rnd
1,Lucas Glover,32
1,Retief Goosen,32
1,Matt Kuchar,32
1,Ryan Moore,32
1,Pat Perez,32
1,Rory Sabbatini,32
1,Y.E. Yang,32
8,Ángel Cabrera,33
8,Paul Casey,33
8,Stewart Cink,33
8,Nathan Green,33
8,Sean O'Hair,33
8,Geoff Ogilvy,33
8,Kenny Perry,33
8,John Rollins,33
8,Steve Stricker,33
8,Bo Van Pelt,33
8,Nick Watney,33
19,Michael Bradley,34
19,Dustin Johnson,34
19,Zach Johnson,34
19,Martin Laird,34
19,Troy Matteson,34
24,Stephen Ames,35
24,Brian Gay,35
24,Jerry Kelly,35
24,Heath Slocum,35
24,Mark Wilson,35
