rank,player,Avg,Total Strokes,Total Rounds
1,Rory Sabbatini,32.00,32,1
2,Nathan Green,33.00,33,1
2,Matt Kuchar,33.00,33,1
2,Sean O'Hair,33.00,33,1
2,Geoff Ogilvy,33.00,33,1
2,Kenny Perry,33.00,33,1
2,Steve Stricker,33.00,33,1
2,Bo Van Pelt,33.00,33,1
9,Ángel Cabrera,34.00,34,1
9,Dustin Johnson,34.00,34,1
9,Zach Johnson,34.00,34,1
9,Martin Laird,34.00,34,1
9,Pat Perez,34.00,34,1
14,Michael Bradley,35.00,35,1
14,Paul Casey,35.00,35,1
14,Stewart Cink,35.00,35,1
14,John Rollins,35.00,35,1
18,Stephen Ames,36.00,36,1
18,Retief Goosen,36.00,36,1
18,Troy Matteson,36.00,36,1
18,Ryan Moore,36.00,36,1
18,Nick Watney,36.00,36,1
23,Brian Gay,37.00,37,1
23,Lucas Glover,37.00,37,1
23,Jerry Kelly,37.00,37,1
23,Heath Slocum,37.00,37,1
23,Y.E. Yang,37.00,37,1
28,Mark Wilson,38.00,38,1
