rank,player,Avg,Total Strokes,Total Rounds
1,Matt Kuchar,32.00,32,1
2,Ángel Cabrera,33.00,33,1
2,Lucas Glover,33.00,33,1
2,Kenny Perry,33.00,33,1
2,John Rollins,33.00,33,1
2,Nick Watney,33.00,33,1
7,Nathan Green,34.00,34,1
7,Dustin Johnson,34.00,34,1
7,Zach Johnson,34.00,34,1
7,Martin Laird,34.00,34,1
7,Geoff Ogilvy,34.00,34,1
7,Rory Sabbatini,34.00,34,1
7,Bo Van Pelt,34.00,34,1
7,Y.E. Yang,34.00,34,1
15,Paul Casey,35.00,35,1
15,Stewart Cink,35.00,35,1
15,Retief Goosen,35.00,35,1
15,Jerry Kelly,35.00,35,1
15,Ryan Moore,35.00,35,1
15,Sean O'Hair,35.00,35,1
21,Michael Bradley,36.00,36,1
21,Pat Perez,36.00,36,1
23,Stephen Ames,37.00,37,1
23,Brian Gay,37.00,37,1
25,Troy Matteson,38.00,38,1
25,Heath Slocum,38.00,38,1
25,Steve Stricker,38.00,38,1
28,Mark Wilson,40.00,40,1
