rank,player,Avg,Total Strokes,Total Holes
1,Geoff Ogilvy,33.50,134,4
2,Ángel Cabrera,33.75,135,4
2,Matt Kuchar,33.75,135,4
2,Kenny Perry,33.75,135,4
5,Retief Goosen,34.00,136,4
5,Ryan Moore,34.00,136,4
5,Pat Perez,34.00,136,4
5,John Rollins,34.00,136,4
9,Zach Johnson,34.25,137,4
9,Rory Sabbatini,34.25,137,4
11,Paul Casey,34.50,138,4
11,Stewart Cink,34.50,138,4
11,Martin Laird,34.50,138,4
11,Sean O'Hair,34.50,138,4
11,Bo Van Pelt,34.50,138,4
11,Nick Watney,34.50,138,4
17,Lucas Glover,34.75,139,4
17,Y.E. Yang,34.75,139,4
19,Nathan Green,35.00,140,4
19,Steve Stricker,35.00,140,4
21,Michael Bradley,35.25,141,4
21,Dustin Johnson,35.25,141,4
23,Jerry Kelly,35.75,143,4
24,Brian Gay,36.00,144,4
24,Troy Matteson,36.00,144,4
26,Stephen Ames,36.25,145,4
26,Heath Slocum,36.25,145,4
28,Mark Wilson,37.25,149,4
