rank,player,Avg,Total Strokes,Total Rounds
1,Retief Goosen,32.00,32,1
1,Pat Perez,32.00,32,1
1,Y.E. Yang,32.00,32,1
4,Paul Casey,33.00,33,1
4,Ryan Moore,33.00,33,1
4,Geoff Ogilvy,33.00,33,1
4,Steve Stricker,33.00,33,1
8,Michael Bradley,34.00,34,1
8,Ángel Cabrera,34.00,34,1
10,Stewart Cink,35.00,35,1
10,Brian Gay,35.00,35,1
10,Zach Johnson,35.00,35,1
10,Matt Kuchar,35.00,35,1
10,Sean O'Hair,35.00,35,1
10,John Rollins,35.00,35,1
10,Rory Sabbatini,35.00,35,1
10,Heath Slocum,35.00,35,1
10,Bo Van Pelt,35.00,35,1
10,Mark Wilson,35.00,35,1
20,Jerry Kelly,36.00,36,1
20,Martin Laird,36.00,36,1
20,Troy Matteson,36.00,36,1
20,Kenny Perry,36.00,36,1
20,Nick Watney,36.00,36,1
25,Stephen Ames,37.00,37,1
25,Lucas Glover,37.00,37,1
27,Nathan Green,38.00,38,1
28,Dustin Johnson,39.00,39,1
