rank,player,Avg,Total Strokes,Total Rounds
1,Lucas Glover,32.00,32,1
1,Ryan Moore,32.00,32,1
3,Stewart Cink,33.00,33,1
3,Retief Goosen,33.00,33,1
3,Kenny Perry,33.00,33,1
3,John Rollins,33.00,33,1
3,Nick Watney,33.00,33,1
8,Ángel Cabrera,34.00,34,1
8,Dustin Johnson,34.00,34,1
8,Zach Johnson,34.00,34,1
8,Martin Laird,34.00,34,1
8,Troy Matteson,34.00,34,1
8,Geoff Ogilvy,34.00,34,1
8,Pat Perez,34.00,34,1
15,Stephen Ames,35.00,35,1
15,Paul Casey,35.00,35,1
15,Brian Gay,35.00,35,1
15,Nathan Green,35.00,35,1
15,Jerry Kelly,35.00,35,1
15,Matt Kuchar,35.00,35,1
15,Sean O'Hair,35.00,35,1
15,Heath Slocum,35.00,35,1
23,Michael Bradley,36.00,36,1
23,Rory Sabbatini,36.00,36,1
23,Steve Stricker,36.00,36,1
23,Bo Van Pelt,36.00,36,1
23,Mark Wilson,36.00,36,1
23,Y.E. Yang,36.00,36,1
