rank,player,Avg DTP,Total Distance (feet),# of Shots,Scrambling Rank
1,Justin Thomas,"3' 4""",16.667,5,35
2,Marc Leishman,"3' 5""",6.833,2,29
3,Billy Horschel,"4' 5""",44.000,10,4
4,Talor Gooch,"4' 6""",13.417,3,12
4,Matt Jones,"4' 6""",4.500,1,1
6,Kevin Kisner,"4' 8""",9.250,2,11
7,Hideki Matsuyama,"4' 9""",37.750,8,17
8,Seamus Power,"5' 6""",32.750,6,15
9,Kevin Na,"5' 11""",35.333,6,5
10,Patrick Reed,"6' 2""",49.583,8,24
11,Harris English,"6' 6""",19.583,3,9
12,Jason Kokrak,"6' 8""",40.083,6,34
12,Jordan Spieth,"6' 8""",53.583,8,13
14,Jon Rahm,"6' 9""",47.000,7,3
15,Lucas Glover,"6' 10""",34.167,5,19
16,Sam Burns,"7' 3""",29.083,4,5
16,Garrick Higgo,"7' 3""",28.917,4,33
18,Patrick Cantlay,"7' 4""",43.917,6,7
18,Cam Davis,"7' 4""",44.000,6,23
20,Tony Finau,"7' 5""",44.333,6,21
21,Abraham Ancer,"7' 7""",45.250,6,18
22,Daniel Berger,"7' 10""",15.667,2,2
23,Bryson DeChambeau,"8' 5""",41.917,5,29
23,Si Woo Kim,"8' 5""",50.417,6,21
25,Phil Mickelson,"8' 6""",93.083,11,35
26,Xander Schauffele,"9' 1""",54.500,6,32
27,Viktor Hovland,"9' 7""",19.167,2,27
28,Branden Grace,"9' 8""",29.000,3,35
29,K.H. Lee,"9' 10""",98.333,10,24
30,Sungjae Im,"10' 7""",31.833,3,7
31,Brooks Koepka,"10' 9""",64.667,6,19
32,Collin Morikawa,"11' 2""",56.000,5,38
33,Cameron Smith,"11' 6""",68.833,6,9
34,Joel Dahmen,"12' 9""",25.417,2,16
35,Max Homa,"13' 8""",27.250,2,14
36,Stewart Cink,"13' 10""",69.000,5,29
37,Lucas Herbert,"15' 7""",93.583,6,27
38,Erik van Rooyen,"29' 6""",59.000,2,24
