rank,player,Avg DTP,Total Distance (feet),# of Shots,Scrambling Rank
1,Harris English,"2' 5""",19.167,8,9
2,Daniel Berger,"3' 1""",33.583,11,2
3,Talor Gooch,"3' 2""",19.000,6,12
4,Sam Burns,"3' 6""",27.667,8,5
5,Sungjae Im,"3' 7""",28.417,8,7
6,Justin Thomas,"3' 10""",11.417,3,35
7,Matt Jones,"4' 0""",40.333,10,1
7,Jon Rahm,"4' 0""",20.000,5,3
9,Viktor Hovland,"4' 1""",20.583,5,27
10,Phil Mickelson,"4' 2""",20.750,5,35
11,Joel Dahmen,"4' 6""",45.167,10,16
11,Lucas Glover,"4' 6""",35.667,8,19
13,Brooks Koepka,"4' 7""",41.583,9,19
13,Kevin Na,"4' 7""",36.333,8,5
15,Cameron Smith,"4' 8""",32.417,7,9
16,Seamus Power,"5' 1""",35.583,7,15
17,Cam Davis,"5' 3""",26.083,5,23
18,Erik van Rooyen,"5' 7""",49.917,9,24
19,Kevin Kisner,"5' 8""",45.500,8,11
20,Bryson DeChambeau,"5' 11""",41.333,7,29
21,Abraham Ancer,"6' 3""",56.333,9,18
22,Jordan Spieth,"6' 4""",31.667,5,13
23,Xander Schauffele,"6' 6""",64.833,10,32
24,Billy Horschel,"6' 7""",59.250,9,4
25,Patrick Cantlay,"6' 10""",68.500,10,7
26,Si Woo Kim,"6' 11""",62.583,9,21
27,Collin Morikawa,"7' 0""",41.917,6,38
28,Tony Finau,"7' 3""",57.833,8,21
29,Hideki Matsuyama,"7' 9""",30.833,4,17
30,Garrick Higgo,"7' 10""",47.000,6,33
31,Lucas Herbert,"8' 0""",80.250,10,27
32,Stewart Cink,"8' 1""",81.167,10,29
33,Marc Leishman,"8' 3""",66.167,8,29
34,Max Homa,"8' 6""",42.667,5,14
35,Jason Kokrak,"8' 7""",94.250,11,34
36,Branden Grace,"10' 2""",71.417,7,35
37,Patrick Reed,"11' 1""",66.417,6,24
38,K.H. Lee,"12' 1""",48.333,4,24
