rank,player,Avg DTP,Total Distance (feet),# of Shots,Scrambling Rank
1,Kevin Na,"4' 8""",97.750,21,5
2,Billy Horschel,"4' 10""",124.667,26,4
2,Kevin Kisner,"4' 10""",97.083,20,11
4,Jon Rahm,"5' 0""",70.083,14,3
4,Justin Thomas,"5' 0""",80.250,16,35
6,Harris English,"5' 5""",119.167,22,9
6,Talor Gooch,"5' 5""",92.750,17,12
8,Sungjae Im,"5' 7""",99.833,18,7
9,Sam Burns,"5' 9""",98.000,17,5
9,Joel Dahmen,"5' 9""",103.083,18,16
11,Abraham Ancer,"5' 10""",116.417,20,18
12,Daniel Berger,"6' 0""",125.417,21,2
13,Matt Jones,"6' 2""",117.250,19,1
13,Jordan Spieth,"6' 2""",116.750,19,13
15,Bryson DeChambeau,"6' 4""",132.750,21,29
15,Xander Schauffele,"6' 4""",132.333,21,32
17,Brooks Koepka,"6' 6""",142.750,22,19
18,Max Homa,"6' 10""",109.417,16,14
19,Patrick Cantlay,"7' 0""",153.917,22,7
19,Cam Davis,"7' 0""",118.750,17,23
19,Phil Mickelson,"7' 0""",168.333,24,35
22,Hideki Matsuyama,"7' 2""",129.667,18,17
23,Cameron Smith,"7' 4""",154.167,21,9
24,Si Woo Kim,"7' 6""",187.750,25,21
24,Collin Morikawa,"7' 6""",149.667,20,38
26,Seamus Power,"7' 9""",154.500,20,15
27,Lucas Glover,"8' 0""",184.250,23,19
28,Erik van Rooyen,"8' 1""",161.167,20,24
29,Stewart Cink,"8' 7""",171.167,20,29
30,Tony Finau,"8' 8""",182.250,21,21
31,Lucas Herbert,"8' 10""",212.000,24,27
31,Marc Leishman,"8' 10""",158.917,18,29
31,Patrick Reed,"8' 10""",202.500,23,24
34,Viktor Hovland,"8' 11""",142.333,16,27
35,K.H. Lee,"9' 0""",179.917,20,24
36,Garrick Higgo,"9' 3""",148.333,16,33
36,Jason Kokrak,"9' 3""",239.583,26,34
38,Branden Grace,"10' 8""",180.833,17,35
