rank,player,Avg DTP,Total Distance (feet),# of Shots,Scrambling Rank
1,Abraham Ancer,"2' 6""",2.500,1,18
2,Xander Schauffele,"2' 11""",8.833,3,32
3,Billy Horschel,"4' 9""",18.833,4,4
4,Brooks Koepka,"5' 3""",36.500,7,19
5,Jordan Spieth,"6' 8""",26.500,4,13
6,Lucas Herbert,"7' 4""",29.167,4,27
6,Collin Morikawa,"7' 4""",43.833,6,38
8,K.H. Lee,"7' 6""",29.917,4,24
8,Erik van Rooyen,"7' 6""",44.917,6,24
10,Phil Mickelson,"7' 9""",54.083,7,35
11,Sungjae Im,"7' 10""",31.417,4,7
12,Si Woo Kim,"8' 1""",72.833,9,21
13,Kevin Kisner,"8' 2""",32.583,4,11
14,Max Homa,"8' 3""",32.833,4,14
14,Justin Thomas,"8' 3""",41.250,5,35
16,Patrick Cantlay,"8' 4""",33.417,4,7
17,Kevin Na,"8' 6""",16.917,2,5
17,Cameron Smith,"8' 6""",51.083,6,9
19,Harris English,"8' 9""",78.833,9,9
20,Joel Dahmen,"9' 1""",27.250,3,16
21,Stewart Cink,"9' 6""",18.917,2,29
22,Hideki Matsuyama,"9' 11""",49.417,5,17
23,Bryson DeChambeau,"10' 6""",31.583,3,29
24,Branden Grace,"11' 0""",55.000,5,35
25,Sam Burns,"11' 3""",33.667,3,5
26,Patrick Reed,"11' 8""",81.750,7,24
27,Daniel Berger,"12' 6""",62.583,5,2
28,Talor Gooch,"12' 10""",51.250,4,12
29,Cam Davis,"13' 9""",41.250,3,23
30,Lucas Glover,"13' 11""",111.500,8,19
30,Matt Jones,"13' 11""",69.667,5,1
30,Seamus Power,"13' 11""",83.250,6,15
33,Jason Kokrak,"14' 6""",101.333,7,34
34,Viktor Hovland,"15' 8""",62.750,4,27
35,Marc Leishman,"15' 11""",79.750,5,29
36,Garrick Higgo,"16' 10""",67.333,4,33
37,Tony Finau,"18' 6""",73.917,4,21
