rank,player,Avg DTP,Total Distance (feet),# of Shots,Scrambling Rank
1,Billy Horschel,"3' 2""",22.417,7,4
2,Talor Gooch,"3' 10""",11.417,3,12
3,Sam Burns,"4' 2""",12.500,3,5
4,Erik van Rooyen,"4' 9""",9.417,2,24
5,Justin Thomas,"5' 2""",31.083,6,35
6,Kevin Kisner,"5' 5""",32.500,6,11
7,Hideki Matsuyama,"5' 8""",33.917,6,17
7,Jon Rahm,"5' 8""",28.250,5,3
9,Harris English,"5' 11""",23.667,4,9
10,Abraham Ancer,"6' 4""",31.500,5,18
11,Sungjae Im,"6' 6""",32.417,5,7
12,Kevin Na,"6' 8""",40.000,6,5
13,Patrick Cantlay,"6' 11""",61.917,9,7
14,Si Woo Kim,"7' 8""",83.917,11,21
15,Lucas Glover,"7' 10""",70.583,9,19
16,Daniel Berger,"7' 11""",47.500,6,2
16,Xander Schauffele,"7' 11""",71.083,9,32
18,Jordan Spieth,"8' 0""",64.167,8,13
19,Jason Kokrak,"8' 2""",57.167,7,34
20,Branden Grace,"8' 6""",34.083,4,35
20,Phil Mickelson,"8' 6""",51.083,6,35
22,Cam Davis,"8' 10""",88.500,10,23
23,Joel Dahmen,"8' 11""",35.500,4,16
24,Brooks Koepka,"9' 6""",66.667,7,19
25,Bryson DeChambeau,"10' 1""",70.667,7,29
26,Patrick Reed,"10' 3""",81.833,8,24
27,Max Homa,"10' 4""",61.750,6,14
27,Collin Morikawa,"10' 4""",31.000,3,38
29,Viktor Hovland,"12' 4""",86.167,7,27
30,Cameron Smith,"13' 2""",65.667,5,9
31,K.H. Lee,"13' 7""",122.000,9,24
32,Marc Leishman,"13' 10""",83.000,6,29
33,Seamus Power,"14' 4""",71.500,5,15
34,Matt Jones,"14' 6""",57.917,4,1
35,Tony Finau,"14' 7""",102.000,7,21
36,Stewart Cink,"15' 6""",62.000,4,29
37,Lucas Herbert,"15' 11""",95.417,6,27
38,Garrick Higgo,"28' 8""",57.333,2,33
