rank,player,Avg DTP,Total Distance (feet),# of Shots,Scrambling Rank
1,Sungjae Im,"1' 4""",2.583,2,7
2,Stewart Cink,"1' 6""",1.500,1,29
3,Brooks Koepka,"3' 5""",6.833,2,19
4,K.H. Lee,"3' 10""",3.833,1,24
5,Kevin Kisner,"4' 0""",4.000,1,11
6,Daniel Berger,"4' 1""",16.333,4,2
7,Talor Gooch,"4' 4""",4.333,1,12
8,Joel Dahmen,"4' 5""",13.167,3,16
9,Justin Thomas,"4' 6""",17.833,4,35
10,Lucas Herbert,"4' 8""",23.167,5,27
11,Hideki Matsuyama,"4' 9""",14.167,3,17
12,Xander Schauffele,"5' 10""",5.833,1,32
13,Erik van Rooyen,"6' 5""",12.833,2,24
14,Harris English,"6' 6""",13.000,2,9
14,Patrick Reed,"6' 6""",32.333,5,24
16,Tony Finau,"7' 1""",21.250,3,21
17,Jon Rahm,"7' 2""",14.250,2,3
18,Phil Mickelson,"7' 3""",14.417,2,35
19,Cameron Smith,"7' 5""",37.000,5,9
20,Cam Davis,"7' 8""",7.667,1,23
20,Matt Jones,"7' 8""",23.000,3,1
22,Lucas Glover,"7' 10""",47.000,6,19
23,Viktor Hovland,"8' 4""",8.333,1,27
24,Seamus Power,"8' 9""",35.000,4,15
25,Collin Morikawa,"9' 7""",28.750,3,38
26,Garrick Higgo,"10' 4""",41.333,4,33
27,Jason Kokrak,"10' 6""",52.417,5,34
28,Patrick Cantlay,"11' 0""",33.083,3,7
28,Si Woo Kim,"11' 0""",43.917,4,21
30,Abraham Ancer,"11' 6""",23.000,2,18
31,Marc Leishman,"12' 8""",50.500,4,29
32,Sam Burns,"12' 9""",38.167,3,5
33,Bryson DeChambeau,"12' 11""",12.917,1,29
34,Branden Grace,"16' 6""",16.500,1,35
