rank,player,Avg dtp,Total Distance (Feet),Attempts
1,Jon Rahm,"1' 9""",8.750,5
2,Kevin Na,"3' 0""",36.000,12
3,Erik van Rooyen,"3' 6""",31.333,9
4,Sam Burns,"4' 0""",39.667,10
4,Harris English,"4' 0""",48.417,12
6,Lucas Herbert,"4' 1""",53.500,13
7,Daniel Berger,"4' 3""",42.417,10
7,Talor Gooch,"4' 3""",55.250,13
9,Patrick Cantlay,"4' 7""",50.583,11
9,Kevin Kisner,"4' 7""",63.833,14
11,Jordan Spieth,"5' 0""",45.250,9
12,Xander Schauffele,"5' 5""",54.167,10
13,Max Homa,"5' 7""",72.833,13
13,Matt Jones,"5' 7""",55.667,10
15,Phil Mickelson,"5' 8""",45.167,8
16,Cameron Smith,"6' 1""",60.417,10
17,Abraham Ancer,"6' 5""",115.000,18
18,Bryson DeChambeau,"6' 6""",91.417,14
19,Sungjae Im,"6' 7""",72.833,11
20,Tony Finau,"6' 8""",66.833,10
20,Lucas Glover,"6' 8""",86.917,13
22,Garrick Higgo,"6' 10""",61.333,9
23,Si Woo Kim,"6' 11""",69.250,10
23,Hideki Matsuyama,"6' 11""",62.083,9
25,Joel Dahmen,"7' 1""",92.000,13
26,Cam Davis,"7' 2""",93.667,13
26,Jason Kokrak,"7' 2""",100.667,14
28,Billy Horschel,"7' 5""",134.000,18
29,Stewart Cink,"7' 6""",67.500,9
30,Brooks Koepka,"7' 11""",95.417,12
31,Seamus Power,"8' 4""",74.833,9
32,Patrick Reed,"8' 9""",87.250,10
33,Viktor Hovland,"9' 0""",108.333,12
33,Collin Morikawa,"9' 0""",81.000,9
35,Justin Thomas,"9' 9""",77.917,8
36,K.H. Lee,"10' 3""",102.333,10
37,Branden Grace,"12' 2""",121.250,10
38,Marc Leishman,"12' 10""",102.333,8
