rank,player,Avg DTP,Total Distance (feet),# of Shots,Scrambling Rank
1,Matt Jones,"3' 4""",.402,10,1
2,Marc Leishman,"3' 6""",.292,7,29
3,Kevin Na,"4' 4""",.677,13,5
4,Seamus Power,"4' 5""",.534,10,15
5,Sam Burns,"4' 6""",.538,10,5
6,Jon Rahm,"4' 7""",.331,6,3
7,Garrick Higgo,"4' 9""",.459,8,33
7,Cameron Smith,"4' 9""",.574,10,9
9,Abraham Ancer,"5' 1""",.727,12,18
10,Bryson DeChambeau,"5' 2""",.496,8,29
10,Max Homa,"5' 2""",.561,9,14
10,Jordan Spieth,"5' 2""",.555,9,13
10,Justin Thomas,"5' 2""",.308,5,35
14,Joel Dahmen,"5' 3""",.626,10,16
15,Brooks Koepka,"5' 4""",.831,13,19
16,Harris English,"5' 5""",.982,15,9
17,Daniel Berger,"5' 7""",.739,11,2
17,Billy Horschel,"5' 7""",1.202,18,4
19,Cam Davis,"5' 8""",.271,4,23
19,Tony Finau,"5' 8""",.675,10,21
19,Xander Schauffele,"5' 8""",.614,9,32
22,K.H. Lee,"5' 10""",.634,9,24
23,Kevin Kisner,"6' 0""",.651,9,11
24,Si Woo Kim,"6' 5""",.696,9,21
24,Phil Mickelson,"6' 5""",1.153,15,35
26,Patrick Cantlay,"6' 6""",.703,9,7
27,Talor Gooch,"6' 11""",.912,11,12
28,Sungjae Im,"7' 1""",.763,9,7
29,Collin Morikawa,"7' 2""",1.034,12,38
30,Lucas Herbert,"7' 9""",.933,10,27
31,Stewart Cink,"8' 2""",1.171,12,29
32,Lucas Glover,"8' 4""",.800,8,19
33,Erik van Rooyen,"8' 8""",1.667,16,24
34,Viktor Hovland,"8' 10""",.531,5,27
35,Hideki Matsuyama,"9' 1""",.979,9,17
36,Jason Kokrak,"9' 9""",1.519,13,34
37,Patrick Reed,"10' 5""",1.003,8,24
38,Branden Grace,"11' 8""",1.545,11,35
