rank,player,Avg DTP,Total Distance (feet),# of Shots,Scrambling Rank
1,Phil Mickelson,"5""",.417,1,35
2,Stewart Cink,"8""",2.083,3,29
3,Harris English,"10""",1.583,2,9
3,Billy Horschel,"10""",2.583,3,4
5,Matt Jones,"11""",2.750,3,1
5,Cameron Smith,"11""",1.833,2,9
7,Max Homa,"1' 4""",6.667,5,14
8,Lucas Glover,"1' 6""",2.917,2,19
9,Jon Rahm,"1' 7""",3.083,2,3
10,Kevin Kisner,"1' 8""",9.750,6,11
10,K.H. Lee,"1' 8""",3.333,2,24
12,Joel Dahmen,"1' 9""",5.250,3,16
13,Kevin Na,"1' 10""",9.167,5,5
14,Si Woo Kim,"1' 11""",1.917,1,21
15,Jason Kokrak,"2' 0""",3.917,2,34
16,Tony Finau,"2' 1""",6.167,3,21
16,Marc Leishman,"2' 1""",6.167,3,29
16,Xander Schauffele,"2' 1""",4.167,2,32
19,Talor Gooch,"2' 3""",9.083,4,12
19,Lucas Herbert,"2' 3""",9.000,4,27
21,Patrick Reed,"2' 5""",4.750,2,24
21,Erik van Rooyen,"2' 5""",7.333,3,24
23,Cam Davis,"2' 6""",7.417,3,23
23,Jordan Spieth,"2' 6""",5.000,2,13
25,Garrick Higgo,"2' 7""",5.083,2,33
26,Collin Morikawa,"2' 8""",7.917,3,38
27,Sungjae Im,"2' 9""",8.167,3,7
28,Seamus Power,"2' 11""",2.917,1,15
29,Bryson DeChambeau,"3' 0""",17.917,6,29
30,Abraham Ancer,"3' 1""",12.333,4,18
31,Justin Thomas,"3' 8""",10.917,3,35
32,Sam Burns,"3' 10""",7.583,2,5
33,Patrick Cantlay,"4' 1""",8.083,2,7
34,Daniel Berger,"4' 6""",13.583,3,2
35,Viktor Hovland,"8' 0""",39.833,5,27
36,Hideki Matsuyama,"11' 8""",11.667,1,17
37,Branden Grace,"12' 9""",25.417,2,35
