rank,player,Avg,Total Strokes,Total Rounds
1,Ryan Palmer,64.00,64,1
2,Collin Morikawa,65.00,65,1
3,Harris English,66.00,66,1
3,Billy Horschel,66.00,66,1
5,Daniel Berger,67.00,67,1
5,Patrick Cantlay,67.00,67,1
5,Sungjae Im,67.00,67,1
5,Joaquin Niemann,67.00,67,1
9,Justin Thomas,68.00,68,1
10,Dustin Johnson,69.00,69,1
10,Jon Rahm,69.00,69,1
10,Webb Simpson,69.00,69,1
13,Bryson DeChambeau,70.00,70,1
13,Jason Kokrak,70.00,70,1
13,Xander Schauffele,70.00,70,1
13,Scottie Scheffler,70.00,70,1
13,Brendon Todd,70.00,70,1
18,Brian Gay,71.00,71,1
19,Patrick Reed,72.00,72,1
20,Carlos Ortiz,75.00,75,1
