rank,player,Avg,Total Strokes,Total Rounds
1,Harris English,65.00,65,1
1,Justin Thomas,65.00,65,1
3,Sungjae Im,67.00,67,1
3,Patrick Reed,67.00,67,1
5,Brendon Todd,68.00,68,1
6,Daniel Berger,69.00,69,1
6,Bryson DeChambeau,69.00,69,1
6,Viktor Hovland,69.00,69,1
6,Collin Morikawa,69.00,69,1
6,Xander Schauffele,69.00,69,1
11,Abraham Ancer,70.00,70,1
11,Jon Rahm,70.00,70,1
11,Scottie Scheffler,70.00,70,1
11,Webb Simpson,70.00,70,1
15,Lanto Griffin,71.00,71,1
15,Dustin Johnson,71.00,71,1
17,Mackenzie Hughes,73.00,73,1
17,Hideki Matsuyama,73.00,73,1
19,Tony Finau,74.00,74,1
20,Sebastián Muñoz,75.00,75,1
