rank,player,Avg,Total Strokes,Total Rounds
1,Joaquin Niemann,64.00,64,1
2,Bryson DeChambeau,66.00,66,1
2,Xander Schauffele,66.00,66,1
2,Justin Thomas,66.00,66,1
5,Jon Rahm,67.00,67,1
6,Harris English,69.00,69,1
6,Sergio Garcia,69.00,69,1
6,Sungjae Im,69.00,69,1
6,Dustin Johnson,69.00,69,1
6,Scottie Scheffler,69.00,69,1
11,Martin Laird,70.00,70,1
11,Webb Simpson,70.00,70,1
11,Brendon Todd,70.00,70,1
14,Ryan Palmer,71.00,71,1
15,Daniel Berger,72.00,72,1
15,Patrick Cantlay,72.00,72,1
15,Cameron Smith,72.00,72,1
18,Collin Morikawa,73.00,73,1
19,Billy Horschel,75.00,75,1
20,Viktor Hovland,76.00,76,1
