rank,player,Avg,Total Strokes,Total Late Rounds
1,Joaquin Niemann,66.00,198,3
2,Harris English,66.75,267,4
3,Justin Thomas,67.00,268,4
4,Ryan Palmer,67.33,202,3
5,Sungjae Im,67.75,271,4
6,Bryson DeChambeau,68.00,272,4
6,Collin Morikawa,68.00,272,4
8,Daniel Berger,68.25,273,4
9,Xander Schauffele,68.33,205,3
10,Jon Rahm,68.67,206,3
11,Brendon Todd,68.75,275,4
12,Patrick Cantlay,69.00,207,3
12,Marc Leishman,69.00,69,1
12,Patrick Reed,69.00,207,3
12,Richy Werenski,69.00,69,1
16,Martin Laird,69.50,139,2
17,Dustin Johnson,69.67,209,3
17,Scottie Scheffler,69.67,209,3
17,Webb Simpson,69.67,209,3
20,Abraham Ancer,70.00,70,1
20,Sergio Garcia,70.00,140,2
20,Jason Kokrak,70.00,70,1
23,Billy Horschel,70.50,141,2
24,Brian Gay,71.00,71,1
24,Lanto Griffin,71.00,71,1
24,Viktor Hovland,71.00,213,3
24,Carlos Ortiz,71.00,142,2
24,Adam Scott,71.00,71,1
24,Nick Taylor,71.00,71,1
30,Cameron Smith,72.00,72,1
30,Robert Streb,72.00,72,1
32,Mackenzie Hughes,73.00,73,1
32,Hideki Matsuyama,73.00,73,1
34,Tony Finau,74.00,74,1
35,Sebastián Muñoz,75.00,75,1
