rank,player,Avg,Total Strokes,Total Rounds
1,Daniel Berger,65.00,65,1
1,Collin Morikawa,65.00,65,1
3,Bryson DeChambeau,67.00,67,1
3,Harris English,67.00,67,1
3,Joaquin Niemann,67.00,67,1
3,Carlos Ortiz,67.00,67,1
3,Ryan Palmer,67.00,67,1
3,Brendon Todd,67.00,67,1
9,Patrick Cantlay,68.00,68,1
9,Viktor Hovland,68.00,68,1
9,Sungjae Im,68.00,68,1
9,Patrick Reed,68.00,68,1
13,Martin Laird,69.00,69,1
13,Marc Leishman,69.00,69,1
13,Justin Thomas,69.00,69,1
13,Richy Werenski,69.00,69,1
17,Sergio Garcia,71.00,71,1
17,Adam Scott,71.00,71,1
17,Nick Taylor,71.00,71,1
20,Robert Streb,72.00,72,1
