rank,player,Low Rnd
1,Joaquin Niemann,64
1,Ryan Palmer,64
3,Daniel Berger,65
3,Harris English,65
3,Collin Morikawa,65
3,Justin Thomas,65
7,Bryson DeChambeau,66
7,Billy Horschel,66
7,Xander Schauffele,66
10,Patrick Cantlay,67
10,Sungjae Im,67
10,Carlos Ortiz,67
10,Jon Rahm,67
10,Patrick Reed,67
10,Brendon Todd,67
16,Viktor Hovland,68
17,Sergio Garcia,69
17,Dustin Johnson,69
17,Martin Laird,69
17,Marc Leishman,69
17,Scottie Scheffler,69
17,Webb Simpson,69
17,Richy Werenski,69
24,Abraham Ancer,70
24,Jason Kokrak,70
26,Brian Gay,71
26,Lanto Griffin,71
26,Adam Scott,71
26,Nick Taylor,71
30,Cameron Smith,72
30,Robert Streb,72
32,Mackenzie Hughes,73
32,Hideki Matsuyama,73
34,Tony Finau,74
35,Sebastián Muñoz,75
