rank,player,%,Total Drives for 320+,Total Drvs - overall,Relative to par
1,Dustin Johnson,25.00,2,8,-0.50
1,Brooks Koepka,25.00,2,8,-0.50
1,Hideki Matsuyama,25.00,2,8,-1.00
1,Justin Thomas,25.00,2,8,-0.50
5,Kevin Chappell,12.50,1,8,E
5,Rickie Fowler,12.50,1,8,-1.00
5,Grayson Murray,12.50,1,8,E
5,Xander Schauffele,12.50,1,8,-1.00
5,Jhonattan Vegas,12.50,1,8,-1.00
10,Ryan Armour,.00,0,8,E
10,Daniel Berger,.00,0,8,E
10,Jonas Blixt,.00,0,8,E
10,Wesley Bryan,.00,0,8,E
10,Patrick Cantlay,.00,0,8,E
10,Austin Cook,.00,0,8,E
10,Bryson DeChambeau,.00,0,8,E
10,Jason Dufner,.00,0,8,E
10,Adam Hadwin,.00,0,8,E
10,Brian Harman,.00,0,8,E
10,Russell Henley,.00,0,8,E
10,Billy Horschel,.00,0,8,E
10,Si Woo Kim,.00,0,8,E
10,Kevin Kisner,.00,0,8,E
10,Patton Kizzire,.00,0,8,E
10,Marc Leishman,.00,0,8,E
10,Pat Perez,.00,0,8,E
10,D.A. Points,.00,0,8,E
10,Jon Rahm,.00,0,8,E
10,Cameron Smith,.00,0,8,E
10,Jordan Spieth,.00,0,8,E
10,Kyle Stanley,.00,0,8,E
10,Brendan Steele,.00,0,8,E
10,Chris Stroud,.00,0,8,E
10,Hudson Swafford,.00,0,8,E
