rank,player,%,Total Drives for 280-300,Total Drvs - overall,Relative to par
1,Jordan Spieth,62.50,5,8,-0.60
2,Kevin Chappell,50.00,4,8,-0.25
2,Russell Henley,50.00,4,8,-0.75
2,Billy Horschel,50.00,4,8,-0.25
2,Patton Kizzire,50.00,4,8,-0.50
2,Pat Perez,50.00,4,8,-0.50
2,Hudson Swafford,50.00,4,8,-0.50
8,Patrick Cantlay,37.50,3,8,-0.67
8,Bryson DeChambeau,37.50,3,8,E
8,Jason Dufner,37.50,3,8,-0.33
8,Brian Harman,37.50,3,8,-0.67
8,Si Woo Kim,37.50,3,8,-1.00
13,Daniel Berger,25.00,2,8,-0.50
13,Jonas Blixt,25.00,2,8,-1.00
13,Wesley Bryan,25.00,2,8,-1.00
13,Austin Cook,25.00,2,8,E
13,Rickie Fowler,25.00,2,8,-0.50
13,Dustin Johnson,25.00,2,8,E
13,Kevin Kisner,25.00,2,8,-1.00
13,Marc Leishman,25.00,2,8,-0.50
13,Grayson Murray,25.00,2,8,+0.50
13,Jon Rahm,25.00,2,8,-0.50
13,Xander Schauffele,25.00,2,8,+0.50
13,Cameron Smith,25.00,2,8,-0.50
13,Justin Thomas,25.00,2,8,E
26,Ryan Armour,12.50,1,8,-1.00
26,Hideki Matsuyama,12.50,1,8,-1.00
26,Kyle Stanley,12.50,1,8,E
26,Brendan Steele,12.50,1,8,E
26,Chris Stroud,12.50,1,8,-1.00
26,Jhonattan Vegas,12.50,1,8,E
32,Adam Hadwin,.00,0,8,E
32,Brooks Koepka,.00,0,8,E
32,D.A. Points,.00,0,8,E
