rank,player,%,Total Drives for 300+,Total Drives - Overall,Relative to Par
1,Dustin Johnson,56.67,34,60,-0.500
2,Xander Schauffele,51.67,31,60,E
3,Brooks Koepka,50.00,30,60,+0.067
3,Jon Rahm,50.00,30,60,-0.333
5,Grayson Murray,48.33,29,60,+0.034
6,Kevin Chappell,46.67,28,60,-0.071
6,Hideki Matsuyama,46.67,28,60,-0.429
8,Brendan Steele,45.00,27,60,-0.074
9,Bryson DeChambeau,43.33,26,60,+0.154
9,Justin Thomas,43.33,26,60,-0.115
9,Jhonattan Vegas,43.33,26,60,-0.385
12,Daniel Berger,40.00,24,60,-0.208
12,Patrick Cantlay,40.00,24,60,-0.208
12,Russell Henley,40.00,24,60,-0.125
12,Marc Leishman,40.00,24,60,-0.167
12,Kyle Stanley,40.00,24,60,-0.042
17,Patton Kizzire,38.33,23,60,-0.087
17,Hudson Swafford,38.33,23,60,-0.174
19,Jonas Blixt,36.67,22,60,+0.045
19,Austin Cook,36.67,22,60,E
19,Brian Harman,36.67,22,60,-0.045
19,Billy Horschel,36.67,22,60,-0.318
19,Si Woo Kim,36.67,22,60,-0.045
19,Kevin Kisner,36.67,22,60,-0.045
19,Cameron Smith,36.67,22,60,-0.182
19,Jordan Spieth,36.67,22,60,E
27,Ryan Armour,35.00,21,60,+0.095
27,Rickie Fowler,35.00,21,60,-0.286
27,Adam Hadwin,35.00,21,60,+0.143
27,Chris Stroud,35.00,21,60,-0.286
31,Pat Perez,33.33,20,60,-0.250
32,Jason Dufner,31.67,19,60,-0.105
33,D.A. Points,30.00,18,60,-0.056
34,Wesley Bryan,28.33,17,60,+0.118
