rank,player,%,Total Drives for 320+,Total Drives - Overall,Relative to Par
1,Dustin Johnson,43.33,26,60,-0.423
1,Hideki Matsuyama,43.33,26,60,-0.346
3,Kevin Chappell,41.67,25,60,-0.120
4,Grayson Murray,40.00,24,60,-0.083
4,Xander Schauffele,40.00,24,60,+0.125
6,Patrick Cantlay,36.67,22,60,-0.182
6,Bryson DeChambeau,36.67,22,60,+0.182
6,Russell Henley,36.67,22,60,-0.136
6,Billy Horschel,36.67,22,60,-0.318
6,Si Woo Kim,36.67,22,60,-0.045
6,Patton Kizzire,36.67,22,60,-0.045
6,Jon Rahm,36.67,22,60,-0.091
6,Kyle Stanley,36.67,22,60,E
6,Jhonattan Vegas,36.67,22,60,-0.364
15,Daniel Berger,35.00,21,60,-0.143
15,Kevin Kisner,35.00,21,60,-0.048
15,Brooks Koepka,35.00,21,60,+0.143
15,Marc Leishman,35.00,21,60,-0.143
15,Cameron Smith,35.00,21,60,-0.143
15,Jordan Spieth,35.00,21,60,E
15,Brendan Steele,35.00,21,60,-0.048
22,Ryan Armour,33.33,20,60,+0.100
22,Jonas Blixt,33.33,20,60,-0.050
22,Hudson Swafford,33.33,20,60,-0.200
25,Jason Dufner,31.67,19,60,-0.105
25,Adam Hadwin,31.67,19,60,+0.158
25,Pat Perez,31.67,19,60,-0.263
25,Chris Stroud,31.67,19,60,-0.316
25,Justin Thomas,31.67,19,60,-0.263
30,Rickie Fowler,30.00,18,60,-0.333
30,Brian Harman,30.00,18,60,-0.056
32,Austin Cook,26.67,16,60,-0.188
32,D.A. Points,26.67,16,60,-0.125
34,Wesley Bryan,25.00,15,60,+0.133
