rank,player,%,Total Drives for 260-280,Total Drives - Overall,Relative to Par
1,D.A. Points,28.33,17,60,-0.059
2,Si Woo Kim,25.00,15,60,-0.133
3,Russell Henley,23.33,14,60,-0.071
4,Jon Rahm,21.67,13,60,-0.231
4,Cameron Smith,21.67,13,60,-0.308
6,Rickie Fowler,20.00,12,60,-0.417
6,Brian Harman,20.00,12,60,-0.750
6,Brendan Steele,20.00,12,60,-0.333
6,Justin Thomas,20.00,12,60,E
10,Ryan Armour,18.33,11,60,-0.273
10,Patrick Cantlay,18.33,11,60,-0.364
10,Bryson DeChambeau,18.33,11,60,-0.364
10,Marc Leishman,18.33,11,60,-0.273
10,Grayson Murray,18.33,11,60,E
10,Kyle Stanley,18.33,11,60,-0.273
10,Hudson Swafford,18.33,11,60,-0.182
17,Wesley Bryan,16.67,10,60,E
17,Austin Cook,16.67,10,60,-0.300
17,Adam Hadwin,16.67,10,60,+0.200
17,Dustin Johnson,16.67,10,60,E
17,Pat Perez,16.67,10,60,-0.500
17,Jordan Spieth,16.67,10,60,-0.200
17,Chris Stroud,16.67,10,60,-0.100
24,Daniel Berger,15.00,9,60,-0.222
24,Kevin Chappell,15.00,9,60,+0.111
24,Billy Horschel,15.00,9,60,-0.556
24,Brooks Koepka,15.00,9,60,+0.111
24,Jhonattan Vegas,15.00,9,60,E
29,Jason Dufner,13.33,8,60,-0.375
30,Jonas Blixt,11.67,7,60,-0.571
30,Patton Kizzire,11.67,7,60,-0.429
32,Kevin Kisner,10.00,6,60,-0.333
33,Xander Schauffele,8.33,5,60,-0.600
34,Hideki Matsuyama,5.00,3,60,-0.667
