rank,player,%,Total Drives for 300+,Total Drvs - overall,Relative to par
1,Dustin Johnson,50.00,4,8,-0.50
1,Brooks Koepka,50.00,4,8,-0.25
1,Justin Thomas,50.00,4,8,+0.75
4,Hideki Matsuyama,37.50,3,8,-1.33
4,Grayson Murray,37.50,3,8,+1.33
4,Jon Rahm,37.50,3,8,-1.33
4,Xander Schauffele,37.50,3,8,-1.00
4,Brendan Steele,37.50,3,8,-0.67
9,Marc Leishman,25.00,2,8,E
9,Jhonattan Vegas,25.00,2,8,-0.50
11,Patrick Cantlay,12.50,1,8,-1.00
11,Kevin Chappell,12.50,1,8,E
11,Austin Cook,12.50,1,8,E
11,Bryson DeChambeau,12.50,1,8,E
11,Rickie Fowler,12.50,1,8,-1.00
11,Cameron Smith,12.50,1,8,-1.00
11,Kyle Stanley,12.50,1,8,-1.00
11,Hudson Swafford,12.50,1,8,E
19,Ryan Armour,.00,0,8,E
19,Daniel Berger,.00,0,8,E
19,Jonas Blixt,.00,0,8,E
19,Wesley Bryan,.00,0,8,E
19,Jason Dufner,.00,0,8,E
19,Adam Hadwin,.00,0,8,E
19,Brian Harman,.00,0,8,E
19,Russell Henley,.00,0,8,E
19,Billy Horschel,.00,0,8,E
19,Si Woo Kim,.00,0,8,E
19,Kevin Kisner,.00,0,8,E
19,Patton Kizzire,.00,0,8,E
19,Pat Perez,.00,0,8,E
19,D.A. Points,.00,0,8,E
19,Jordan Spieth,.00,0,8,E
19,Chris Stroud,.00,0,8,E
