rank,player,%,Total Drives for 280-300,Total Drives - Overall,Relative to Par
1,Justin Thomas,28.33,17,60,-0.412
2,Grayson Murray,25.00,15,60,-0.200
3,Patton Kizzire,23.33,14,60,-0.571
4,Jordan Spieth,21.67,13,60,-0.615
4,Jhonattan Vegas,21.67,13,60,-0.462
6,Kevin Chappell,20.00,12,60,-0.417
6,Dustin Johnson,20.00,12,60,-0.500
6,Jon Rahm,20.00,12,60,-0.250
9,Marc Leishman,18.33,11,60,-0.364
10,Patrick Cantlay,16.67,10,60,-0.400
10,Austin Cook,16.67,10,60,-0.400
10,Jason Dufner,16.67,10,60,-0.300
10,Rickie Fowler,16.67,10,60,-0.100
10,Hideki Matsuyama,16.67,10,60,-0.300
10,Cameron Smith,16.67,10,60,-0.500
10,Hudson Swafford,16.67,10,60,-0.300
17,Daniel Berger,15.00,9,60,-0.444
17,Bryson DeChambeau,15.00,9,60,-0.556
17,Brian Harman,15.00,9,60,-0.444
17,Billy Horschel,15.00,9,60,-0.444
17,Brendan Steele,15.00,9,60,-0.444
22,Pat Perez,13.33,8,60,-0.500
23,Jonas Blixt,11.67,7,60,-0.571
23,Brooks Koepka,11.67,7,60,-0.143
23,Xander Schauffele,11.67,7,60,-0.286
23,Kyle Stanley,11.67,7,60,-0.143
27,Adam Hadwin,10.00,6,60,-0.167
27,Si Woo Kim,10.00,6,60,-0.500
27,Kevin Kisner,10.00,6,60,-0.667
27,Chris Stroud,10.00,6,60,-0.333
31,Russell Henley,8.33,5,60,-0.800
32,Wesley Bryan,6.67,4,60,-0.500
33,Ryan Armour,5.00,3,60,-0.667
33,D.A. Points,5.00,3,60,+0.667
