rank,player,%,Total Drives for 240-260,Total Drvs - overall,Relative to par
1,Kevin Kisner,62.50,5,8,E
2,Austin Cook,50.00,4,8,E
2,Jason Dufner,50.00,4,8,-0.25
4,Daniel Berger,37.50,3,8,-0.33
4,Jonas Blixt,37.50,3,8,+0.33
4,Rickie Fowler,37.50,3,8,E
4,Brian Harman,37.50,3,8,+0.33
4,Billy Horschel,37.50,3,8,+0.33
4,Si Woo Kim,37.50,3,8,+0.33
4,Marc Leishman,37.50,3,8,+0.33
4,Pat Perez,37.50,3,8,-0.33
4,D.A. Points,37.50,3,8,-0.33
4,Jordan Spieth,37.50,3,8,-0.33
4,Chris Stroud,37.50,3,8,E
15,Ryan Armour,25.00,2,8,-0.50
15,Bryson DeChambeau,25.00,2,8,-1.00
15,Adam Hadwin,25.00,2,8,E
15,Russell Henley,25.00,2,8,+0.50
15,Patton Kizzire,25.00,2,8,E
15,Hideki Matsuyama,25.00,2,8,E
15,Xander Schauffele,25.00,2,8,-0.50
15,Cameron Smith,25.00,2,8,E
15,Kyle Stanley,25.00,2,8,E
24,Wesley Bryan,12.50,1,8,E
24,Patrick Cantlay,12.50,1,8,E
24,Brooks Koepka,12.50,1,8,E
24,Grayson Murray,12.50,1,8,E
24,Jon Rahm,12.50,1,8,E
24,Jhonattan Vegas,12.50,1,8,E
30,Kevin Chappell,.00,0,8,E
30,Dustin Johnson,.00,0,8,E
30,Brendan Steele,.00,0,8,E
30,Hudson Swafford,.00,0,8,E
30,Justin Thomas,.00,0,8,E
