rank,player,Avg,Total Distance,Total Drives
1,Justin Thomas,298.1,"2,385",8
2,Dustin Johnson,296.3,"2,370",8
3,Grayson Murray,288.9,"2,311",8
4,Brooks Koepka,288.8,"2,310",8
5,Xander Schauffele,287.5,"2,300",8
6,Hudson Swafford,286.1,"2,289",8
7,Jon Rahm,284.1,"2,273",8
8,Hideki Matsuyama,284.0,"2,272",8
9,Brendan Steele,283.9,"2,271",8
10,Kevin Chappell,283.6,"2,269",8
11,Rickie Fowler,278.4,"2,227",8
12,Jhonattan Vegas,277.8,"2,222",8
13,Marc Leishman,277.3,"2,218",8
14,Patrick Cantlay,276.6,"2,213",8
15,Cameron Smith,275.5,"2,204",8
16,Patton Kizzire,274.4,"2,195",8
17,Bryson DeChambeau,274.0,"2,192",8
17,Jordan Spieth,274.0,"2,192",8
19,Billy Horschel,273.1,"2,185",8
20,Russell Henley,272.1,"2,177",8
21,Pat Perez,271.3,"2,170",8
22,Daniel Berger,268.8,"2,150",8
22,Jason Dufner,268.8,"2,150",8
24,Austin Cook,267.9,"2,143",8
25,Si Woo Kim,266.8,"2,134",8
26,Kyle Stanley,266.6,"2,133",8
27,Brian Harman,266.0,"2,128",8
28,Chris Stroud,265.0,"2,120",8
29,Adam Hadwin,262.1,"2,097",8
30,Kevin Kisner,262.0,"2,096",8
31,Jonas Blixt,261.5,"2,092",8
32,Ryan Armour,259.8,"2,078",8
33,Wesley Bryan,257.1,"2,057",8
34,D.A. Points,256.4,"2,051",8
