rank,player,%,Total Drives for 300-320,Total Drvs - overall,Relative to par
1,Jon Rahm,37.50,3,8,-1.33
1,Brendan Steele,37.50,3,8,-0.67
3,Dustin Johnson,25.00,2,8,-0.50
3,Brooks Koepka,25.00,2,8,E
3,Marc Leishman,25.00,2,8,E
3,Grayson Murray,25.00,2,8,+2.00
3,Xander Schauffele,25.00,2,8,-1.00
3,Justin Thomas,25.00,2,8,+2.00
9,Patrick Cantlay,12.50,1,8,-1.00
9,Austin Cook,12.50,1,8,E
9,Bryson DeChambeau,12.50,1,8,E
9,Hideki Matsuyama,12.50,1,8,-2.00
9,Cameron Smith,12.50,1,8,-1.00
9,Kyle Stanley,12.50,1,8,-1.00
9,Hudson Swafford,12.50,1,8,E
9,Jhonattan Vegas,12.50,1,8,E
17,Ryan Armour,.00,0,8,E
17,Daniel Berger,.00,0,8,E
17,Jonas Blixt,.00,0,8,E
17,Wesley Bryan,.00,0,8,E
17,Kevin Chappell,.00,0,8,E
17,Jason Dufner,.00,0,8,E
17,Rickie Fowler,.00,0,8,E
17,Adam Hadwin,.00,0,8,E
17,Brian Harman,.00,0,8,E
17,Russell Henley,.00,0,8,E
17,Billy Horschel,.00,0,8,E
17,Si Woo Kim,.00,0,8,E
17,Kevin Kisner,.00,0,8,E
17,Patton Kizzire,.00,0,8,E
17,Pat Perez,.00,0,8,E
17,D.A. Points,.00,0,8,E
17,Jordan Spieth,.00,0,8,E
17,Chris Stroud,.00,0,8,E
