rank,player,All Drives,Total Distance,# of Drives
1,Dustin Johnson,324.7,"19,479",60
2,Jon Rahm,318.5,"19,112",60
3,Grayson Murray,317.5,"19,049",60
4,Kevin Chappell,312.9,"18,774",60
5,Justin Thomas,311.2,"18,673",60
6,Jhonattan Vegas,310.7,"18,639",60
7,Hideki Matsuyama,309.9,"18,593",60
8,Xander Schauffele,309.8,"18,591",60
9,Brooks Koepka,307.6,"18,459",60
10,Brendan Steele,306.4,"18,386",60
11,Patrick Cantlay,305.0,"18,302",60
12,Bryson DeChambeau,303.8,"18,229",60
13,Jordan Spieth,302.9,"18,172",60
14,Marc Leishman,302.2,"18,133",60
15,Cameron Smith,301.3,"18,079",60
15,Hudson Swafford,301.3,"18,077",60
17,Kyle Stanley,300.6,"18,035",60
18,Patton Kizzire,300.1,"18,008",60
19,Daniel Berger,299.1,"17,944",60
20,Russell Henley,298.6,"17,916",60
21,Si Woo Kim,297.7,"17,864",60
22,Rickie Fowler,295.8,"17,748",60
22,Billy Horschel,295.8,"17,748",60
24,Austin Cook,294.3,"17,657",60
24,Brian Harman,294.3,"17,659",60
26,Chris Stroud,294.1,"17,647",60
27,Jason Dufner,292.8,"17,568",60
28,Jonas Blixt,291.1,"17,469",60
29,Pat Perez,290.6,"17,437",60
30,Adam Hadwin,290.3,"17,420",60
31,Kevin Kisner,288.8,"17,328",60
32,Ryan Armour,284.1,"17,044",60
33,D.A. Points,281.2,"16,872",60
34,Wesley Bryan,277.3,"16,639",60
