rank,player,Distance,Tournament,Round,Hole,Course
1,Dustin Johnson,430,Sentry T of C,4,12,656
1,Hudson Swafford,430,Sentry T of C,3,7,656
3,Jhonattan Vegas,424,Sentry T of C,3,7,656
4,Kevin Kisner,423,Sentry T of C,2,7,656
4,Grayson Murray,423,Sentry T of C,2,7,656
6,Xander Schauffele,422,Sentry T of C,3,12,656
7,Brendan Steele,417,Sentry T of C,2,7,656
8,Cameron Smith,416,Sentry T of C,2,7,656
9,Kevin Chappell,415,Sentry T of C,2,7,656
10,Patrick Cantlay,412,Sentry T of C,1,7,656
10,Russell Henley,412,Sentry T of C,2,7,656
12,Bryson DeChambeau,411,Sentry T of C,4,12,656
12,Justin Thomas,411,Sentry T of C,4,12,656
14,Daniel Berger,410,Sentry T of C,3,7,656
14,Jon Rahm,410,Sentry T of C,3,7,656
16,Si Woo Kim,409,Sentry T of C,3,7,656
16,Brooks Koepka,409,Sentry T of C,2,12,656
16,Hideki Matsuyama,409,Sentry T of C,2,7,656
16,Jordan Spieth,409,Sentry T of C,2,7,656
20,Kyle Stanley,408,Sentry T of C,2,7,656
21,D.A. Points,407,Sentry T of C,2,7,656
22,Adam Hadwin,405,Sentry T of C,2,12,656
23,Chris Stroud,404,Sentry T of C,1,17,656
24,Jason Dufner,403,Sentry T of C,2,17,656
25,Brian Harman,402,Sentry T of C,2,17,656
26,Wesley Bryan,401,Sentry T of C,3,7,656
26,Patton Kizzire,401,Sentry T of C,1,7,656
28,Billy Horschel,398,Sentry T of C,2,7,656
29,Rickie Fowler,397,Sentry T of C,3,7,656
30,Pat Perez,396,Sentry T of C,4,7,656
31,Jonas Blixt,395,Sentry T of C,4,7,656
32,Austin Cook,394,Sentry T of C,1,7,656
33,Marc Leishman,391,Sentry T of C,1,7,656
34,Ryan Armour,387,Sentry T of C,1,12,656
