rank,player,Avg (%),Total Shot Distance,Total Distance
1,Justin Thomas,57.02,"51,018","8,948"
2,Dustin Johnson,57.00,"51,001","8,948"
3,Grayson Murray,56.67,"50,710","8,948"
4,Jhonattan Vegas,56.09,"50,189","8,948"
5,Kevin Chappell,56.06,"50,159","8,948"
6,Jon Rahm,56.05,"50,157","8,948"
7,Brooks Koepka,55.83,"49,953","8,948"
8,Brendan Steele,55.46,"49,628","8,948"
9,Hideki Matsuyama,55.26,"49,444","8,948"
10,Xander Schauffele,55.19,"49,381","8,948"
11,Bryson DeChambeau,55.12,"49,324","8,948"
12,Marc Leishman,54.40,"48,679","8,948"
13,Hudson Swafford,54.19,"48,488","8,948"
14,Daniel Berger,53.77,"48,117","8,948"
15,Patrick Cantlay,53.76,"48,100","8,948"
16,Jordan Spieth,53.41,"47,794","8,948"
17,Cameron Smith,53.40,"47,780","8,948"
18,Rickie Fowler,53.38,"47,766","8,948"
19,Patton Kizzire,53.37,"47,757","8,948"
20,Jason Dufner,53.35,"47,742","8,948"
21,Austin Cook,52.96,"47,393","8,948"
22,Russell Henley,52.91,"47,347","8,948"
23,Kyle Stanley,52.81,"47,252","8,948"
24,Pat Perez,52.66,"47,121","8,948"
25,Billy Horschel,52.53,"47,008","8,948"
26,Adam Hadwin,52.25,"46,757","8,948"
27,Si Woo Kim,51.95,"46,483","8,948"
28,Brian Harman,51.93,"46,471","8,948"
29,Chris Stroud,51.37,"45,963","8,948"
30,Jonas Blixt,50.78,"45,436","8,948"
31,D.A. Points,50.63,"45,307","8,948"
32,Ryan Armour,50.48,"45,173","8,948"
33,Wesley Bryan,50.42,"45,112","8,948"
34,Kevin Kisner,50.22,"44,933","8,948"
