rank,player,%,Total Drives for 300-320,Total Drives - Overall,Relative to Par
1,Brooks Koepka,15.00,9,60,-0.111
2,Dustin Johnson,13.33,8,60,-0.750
2,Jon Rahm,13.33,8,60,-1.000
4,Xander Schauffele,11.67,7,60,-0.429
4,Justin Thomas,11.67,7,60,+0.286
6,Austin Cook,10.00,6,60,+0.500
6,Brendan Steele,10.00,6,60,-0.167
8,Grayson Murray,8.33,5,60,+0.600
9,Bryson DeChambeau,6.67,4,60,E
9,Brian Harman,6.67,4,60,E
9,Jhonattan Vegas,6.67,4,60,-0.500
12,Daniel Berger,5.00,3,60,-0.667
12,Kevin Chappell,5.00,3,60,+0.333
12,Rickie Fowler,5.00,3,60,E
12,Marc Leishman,5.00,3,60,-0.333
12,Hudson Swafford,5.00,3,60,E
17,Jonas Blixt,3.33,2,60,+1.000
17,Wesley Bryan,3.33,2,60,E
17,Patrick Cantlay,3.33,2,60,-0.500
17,Adam Hadwin,3.33,2,60,E
17,Russell Henley,3.33,2,60,E
17,Hideki Matsuyama,3.33,2,60,-1.500
17,D.A. Points,3.33,2,60,+0.500
17,Kyle Stanley,3.33,2,60,-0.500
17,Chris Stroud,3.33,2,60,E
26,Ryan Armour,1.67,1,60,E
26,Kevin Kisner,1.67,1,60,E
26,Patton Kizzire,1.67,1,60,-1.000
26,Pat Perez,1.67,1,60,E
26,Cameron Smith,1.67,1,60,-1.000
26,Jordan Spieth,1.67,1,60,E
32,Jason Dufner,.00,0,60,E
32,Billy Horschel,.00,0,60,E
32,Si Woo Kim,.00,0,60,E
