rank,player,%,Total Drives for <= 240,Total Drvs - overall,Relative to par
1,Wesley Bryan,37.50,3,8,-0.67
2,Ryan Armour,25.00,2,8,-0.50
3,Jonas Blixt,12.50,1,8,-1.00
3,Bryson DeChambeau,12.50,1,8,+3.00
3,Adam Hadwin,12.50,1,8,E
3,Brian Harman,12.50,1,8,E
3,Russell Henley,12.50,1,8,+2.00
3,Si Woo Kim,12.50,1,8,E
3,Patton Kizzire,12.50,1,8,E
3,Brooks Koepka,12.50,1,8,+2.00
3,Hideki Matsuyama,12.50,1,8,E
3,D.A. Points,12.50,1,8,E
3,Kyle Stanley,12.50,1,8,E
3,Jhonattan Vegas,12.50,1,8,E
15,Daniel Berger,.00,0,8,E
15,Patrick Cantlay,.00,0,8,E
15,Kevin Chappell,.00,0,8,E
15,Austin Cook,.00,0,8,E
15,Jason Dufner,.00,0,8,E
15,Rickie Fowler,.00,0,8,E
15,Billy Horschel,.00,0,8,E
15,Dustin Johnson,.00,0,8,E
15,Kevin Kisner,.00,0,8,E
15,Marc Leishman,.00,0,8,E
15,Grayson Murray,.00,0,8,E
15,Pat Perez,.00,0,8,E
15,Jon Rahm,.00,0,8,E
15,Xander Schauffele,.00,0,8,E
15,Cameron Smith,.00,0,8,E
15,Jordan Spieth,.00,0,8,E
15,Brendan Steele,.00,0,8,E
15,Chris Stroud,.00,0,8,E
15,Hudson Swafford,.00,0,8,E
15,Justin Thomas,.00,0,8,E
