rank,player,Avg (Yards),Total Distance (inches),Number of Approach Shots
1,Vaughn Taylor,109.3,"15,738,000",4
2,Collin Morikawa,112.7,"20,284,000",5
3,Matt Jones,118.8,"17,108,000",4
4,Kevin Kisner,125.2,"36,059,000",8
5,Martin Trainer,137.4,"34,634,000",7
6,Nick Hardy,137.9,"19,852,000",4
7,Keith Mitchell,142.0,"51,121,000",10
8,Brian Harman,144.7,"41,679,000",8
9,Patton Kizzire,144.9,"31,300,000",6
10,Joaquin Niemann,145.1,"15,674,000",3
11,Harry Higgs,145.3,"52,321,000",10
12,Ryan Armour,148.9,"37,530,000",7
13,Lanto Griffin,151.5,"27,278,000",5
14,Sungjae Im,151.7,"27,301,000",5
15,Harris English,153.8,"38,746,000",7
15,Mackenzie Hughes,153.8,"33,211,000",6
17,Emiliano Grillo,154.6,"27,823,000",5
18,Cam Davis,155.5,"44,798,000",8
19,Jason Kokrak,155.8,"50,473,000",9
20,Satoshi Kodaira,156.4,"45,053,000",8
21,Nelson Ledesma,157.6,"51,066,000",9
22,Billy Horschel,158.1,"5,692,000",1
23,Brian Gay,158.6,"45,684,000",8
24,Michael Thompson,159.3,"34,403,000",6
25,Wesley Bryan,159.6,"45,973,000",8
26,Pat Perez,161.4,"29,044,000",5
27,Charley Hoffman,162.3,"23,365,000",4
28,Ryan Palmer,163.6,"58,878,000",10
29,Chez Reavie,163.7,"58,916,000",10
30,Chris Kirk,164.9,"35,619,000",6
30,Sepp Straka,164.9,"47,493,000",8
32,Scott Brown,165.2,"35,688,000",6
33,Carlos Ortiz,166.4,"35,938,000",6
34,Brice Garnett,166.7,"48,023,000",8
35,Kevin Na,167.0,"30,060,000",5
35,Cameron Smith,167.0,"36,078,000",6
37,K.H. Lee,167.7,"30,194,000",5
38,Jim Furyk,168.0,"42,331,000",7
39,Anirban Lahiri,168.8,"60,764,000",10
40,Austin Cook,169.1,"42,601,000",7
41,Russell Henley,169.6,"24,416,000",4
42,Adam Scott,170.2,"55,133,000",9
43,Jamie Lovemark,170.3,"61,299,000",10
44,Kramer Hickok,170.5,"42,962,000",7
45,Jerry Kelly,170.7,"67,602,000",11
46,K.J. Choi,171.4,"61,686,000",10
47,Ryosuke Kinoshita,171.9,"55,702,000",9
48,Robert Streb,173.7,"62,527,000",10
49,Webb Simpson,174.5,"25,123,000",4
49,Brendon Todd,174.5,"37,683,000",6
51,Michael Kim,175.6,"63,207,000",10
52,Stewart Cink,176.4,"38,105,000",6
52,Hudson Swafford,176.4,"19,047,000",3
54,Chris Baker,176.8,"38,189,000",6
55,Daniel Berger,178.7,"38,594,000",6
56,Hideki Matsuyama,179.3,"38,729,000",6
57,Troy Merritt,179.8,"25,897,000",4
58,Mike Weir,180.5,"51,995,000",8
59,James Hahn,181.3,"39,152,000",6
60,Sebastián Muñoz,184.8,"59,862,000",9
61,Aaron Baddeley,186.4,"60,379,000",9
62,Si Woo Kim,186.9,"33,644,000",5
63,Peter Malnati,188.0,"54,148,000",8
64,Marc Leishman,188.7,"27,171,000",4
65,Robby Shelton,188.9,"40,801,000",6
66,Jim Herman,189.1,"47,657,000",7
66,Zach Johnson,189.1,"74,877,000",11
68,Nick Taylor,189.3,"34,080,000",5
69,Sergio Garcia,197.2,"49,696,000",7
70,Brian Stuard,197.4,"49,741,000",7
71,Charles Howell III,200.0,"7,200,000",1
72,Mark Hubbard,206.2,"59,372,000",8
73,Brendan Steele,218.4,"47,169,000",6
