rank,player,Hole outs
1,Patton Kizzire,3
2,Sergio Garcia,2
2,Brian Harman,2
2,Jim Herman,2
2,Sungjae Im,2
2,Jamie Lovemark,2
2,Peter Malnati,2
2,Vaughn Taylor,2
2,Martin Trainer,2
10,Ryan Armour,1
10,Scott Brown,1
10,Wesley Bryan,1
10,Cam Davis,1
10,Lanto Griffin,1
10,Russell Henley,1
10,Harry Higgs,1
10,Mark Hubbard,1
10,Mackenzie Hughes,1
10,Ryosuke Kinoshita,1
10,Chris Kirk,1
10,Satoshi Kodaira,1
10,Anirban Lahiri,1
10,K.H. Lee,1
10,Marc Leishman,1
10,Hideki Matsuyama,1
10,Troy Merritt,1
10,Keith Mitchell,1
10,Joaquin Niemann,1
10,Carlos Ortiz,1
10,Ryan Palmer,1
10,Pat Perez,1
10,Robby Shelton,1
10,Cameron Smith,1
10,Robert Streb,1
10,Hudson Swafford,1
10,Nick Taylor,1
10,Michael Thompson,1
10,Brendon Todd,1
10,Mike Weir,1
