rank,player,Distance,Tournament,Round- Course,Hole
1,Robert Streb,112,Sony Open,2,15 - Par 4
2,Brian Harman,80,Sony Open,1,10 - Par 4
3,Brandt Snedeker,38,Sony Open,1,18 - Par 5
4,Jimmy Walker,37,Sony Open,2,5 - Par 4 -
5,Wesley Bryan,34,Sony Open,4,1 - Par 4 -
6,William McGirt,31,Sony Open,2,17 - Par 3
7,Patton Kizzire,31,Sony Open,2,18 - Par 5
8,Mark Hubbard,29,Sony Open,1,9 - Par 5 -
9,Carlos Ortiz,28,Sony Open,4,10 - Par 4
10,Ryan Palmer,28,Sony Open,2,11 - Par 3
11,Nick Taylor,22,Sony Open,2,18 - Par 5
12,Nick Watney,22,Sony Open,1,16 - Par 4
13,Davis Love III,22,Sony Open,1,2 - Par 4 -
14,Hudson Swafford,21,Sony Open,4,1 - Par 4 -
15,Pat Perez,21,Sony Open,2,6 - Par 4 -
16,Bill Haas,20,Sony Open,2,17 - Par 3
17,Eric Dugas,20,Sony Open,1,8 - Par 4 -
18,J.T. Poston,18,Sony Open,1,2 - Par 4 -
19,Sergio Garcia,18,Sony Open,2,6 - Par 4 -
20,Martin Trainer,18,Sony Open,3,18 - Par 5
21,Mike Weir,17,Sony Open,3,12 - Par 4
22,Joaquin Niemann,17,Sony Open,1,18 - Par 5
23,Robby Shelton,16,Sony Open,2,2 - Par 4 -
24,Anirban Lahiri,16,Sony Open,1,12 - Par 4
26,Rob Oppenheim,15,Sony Open,1,8 - Par 4 -
27,Ryosuke Kinoshita,14,Sony Open,3,12 - Par 4
28,Tom Hoge,13,Sony Open,2,9 - Par 5 -
29,Danny Lee,13,Sony Open,1,18 - Par 5
30,Lanto Griffin,13,Sony Open,4,10 - Par 4
31,Ben Taylor,13,Sony Open,1,17 - Par 3
32,Jim Herman,13,Sony Open,1,9 - Par 5 -
34,Keith Mitchell,12,Sony Open,3,8 - Par 4 -
36,Chase Seiffert,12,Sony Open,2,12 - Par 4
38,Mackenzie Hughes,11,Sony Open,1,14 - Par 4
39,Russell Henley,11,Sony Open,3,18 - Par 5
40,Matt Every,10,Sony Open,1,2 - Par 4 -
41,Scott Brown,10,Sony Open,3,8 - Par 4 -
42,Marc Leishman,10,Sony Open,4,12 - Par 4
43,Doug Ghim,10,Sony Open,2,3 - Par 4 -
45,Peter Malnati,10,Sony Open,1,3 - Par 4 -
46,"Ted Potter, Jr.",10,Sony Open,2,2 - Par 4 -
47,Luke List,9,Sony Open,2,15 - Par 4
48,Hideki Matsuyama,9,Sony Open,3,16 - Par 4
49,Vaughn Taylor,9,Sony Open,4,12 - Par 4
51,Jamie Lovemark,9,Sony Open,3,13 - Par 4
52,Harry Higgs,8,Sony Open,4,1 - Par 4 -
53,Sungjae Im,8,Sony Open,1,1 - Par 4 -
54,Satoshi Kodaira,8,Sony Open,3,2 - Par 4 -
56,Troy Merritt,8,Sony Open,4,15 - Par 4
57,Cam Davis,7,Sony Open,3,17 - Par 3
58,Michael Thompson,7,Sony Open,3,15 - Par 4
59,K.H. Lee,6,Sony Open,3,15 - Par 4
61,Cameron Smith,6,Sony Open,2,9 - Par 5 -
62,Xinjun Zhang,6,Sony Open,2,12 - Par 4
64,Chris Kirk,5,Sony Open,4,12 - Par 4
66,Ryan Armour,5,Sony Open,2,18 - Par 5
67,Brendon Todd,4,Sony Open,4,3 - Par 4 -
