rank,player,Avg,Total Putts,Total Rounds,Low Total Putts
1,Chris Kirk,26.75,107,4,24
2,Nico Echavarria,27.25,109,4,25
3,Eric Cole,27.50,110,4,26
3,Brian Harman,27.50,110,4,26
3,Jordan Spieth,27.50,110,4,26
6,Byeong Hun An,28.00,112,4,24
6,Akshay Bhatia,28.00,112,4,27
6,Matt Fitzpatrick,28.00,112,4,26
6,Sahith Theegala,28.00,112,4,25
10,Adam Hadwin,28.25,113,4,24
10,Tyrrell Hatton,28.25,113,4,23
10,Luke List,28.25,113,4,25
10,Brendon Todd,28.25,113,4,24
10,Erik van Rooyen,28.25,113,4,27
15,Jason Day,28.50,114,4,26
15,Sungjae Im,28.50,114,4,25
17,Harris English,28.75,115,4,24
17,Camilo Villegas,28.75,115,4,23
19,Sam Burns,29.00,116,4,28
19,Tony Finau,29.00,116,4,27
19,Viktor Hovland,29.00,116,4,26
19,Si Woo Kim,29.00,116,4,26
19,Collin Morikawa,29.00,116,4,28
19,J.T. Poston,29.00,116,4,28
19,Justin Rose,29.00,116,4,24
19,Cameron Young,29.00,116,4,27
27,Mackenzie Hughes,29.25,117,4,25
28,Ludvig Åberg,29.50,118,4,23
28,Cam Davis,29.50,118,4,28
28,Tommy Fleetwood,29.50,118,4,27
28,Taylor Moore,29.50,118,4,27
28,Matt Wallace,29.50,118,4,26
33,Emiliano Grillo,29.75,119,4,27
33,Russell Henley,29.75,119,4,27
33,Sepp Straka,29.75,119,4,29
33,Adam Svensson,29.75,119,4,26
37,Lucas Glover,30.00,120,4,27
37,Denny McCarthy,30.00,120,4,29
37,Seamus Power,30.00,120,4,26
37,Davis Riley,30.00,120,4,26
41,Rickie Fowler,30.25,121,4,29
41,Andrew Putnam,30.25,121,4,26
41,Scottie Scheffler,30.25,121,4,26
41,Nick Taylor,30.25,121,4,28
45,Tom Hoge,30.50,122,4,28
45,Max Homa,30.50,122,4,29
45,Xander Schauffele,30.50,122,4,28
45,Adam Schenk,30.50,122,4,29
49,Kurt Kitayama,30.75,123,4,25
49,Hideki Matsuyama,30.75,123,4,29
49,Patrick Rodgers,30.75,123,4,29
52,Patrick Cantlay,31.00,124,4,29
52,Wyndham Clark,31.00,124,4,26
54,Corey Conners,31.25,125,4,29
54,Vincent Norrman,31.25,125,4,29
56,Keegan Bradley,31.50,126,4,30
56,Lee Hodges,31.50,126,4,29
56,Tom Kim,31.50,126,4,29
59,Nick Hardy,33.00,132,4,30
