rank,player,%,Total 3 Putts,Total Holes (overall)
1,Wyndham Clark,.00%,0,72
1,Cam Davis,.00%,0,72
1,Nico Echavarria,.00%,0,72
1,Emiliano Grillo,.00%,0,72
1,Brian Harman,.00%,0,72
1,Mackenzie Hughes,.00%,0,72
1,Si Woo Kim,.00%,0,72
1,Chris Kirk,.00%,0,72
1,Collin Morikawa,.00%,0,72
1,Xander Schauffele,.00%,0,72
1,Jordan Spieth,.00%,0,72
1,Camilo Villegas,.00%,0,72
1,Matt Wallace,.00%,0,72
1,Cameron Young,.00%,0,72
15,Ludvig Åberg,1.39%,1,72
15,Byeong Hun An,1.39%,1,72
15,Akshay Bhatia,1.39%,1,72
15,Sam Burns,1.39%,1,72
15,Patrick Cantlay,1.39%,1,72
15,Jason Day,1.39%,1,72
15,Matt Fitzpatrick,1.39%,1,72
15,Tommy Fleetwood,1.39%,1,72
15,Russell Henley,1.39%,1,72
15,Tom Hoge,1.39%,1,72
15,Viktor Hovland,1.39%,1,72
15,Sungjae Im,1.39%,1,72
15,Taylor Moore,1.39%,1,72
15,Vincent Norrman,1.39%,1,72
15,J.T. Poston,1.39%,1,72
15,Seamus Power,1.39%,1,72
15,Andrew Putnam,1.39%,1,72
15,Sepp Straka,1.39%,1,72
15,Adam Svensson,1.39%,1,72
15,Nick Taylor,1.39%,1,72
35,Eric Cole,2.78%,2,72
35,Corey Conners,2.78%,2,72
35,Harris English,2.78%,2,72
35,Tony Finau,2.78%,2,72
35,Rickie Fowler,2.78%,2,72
35,Adam Hadwin,2.78%,2,72
35,Tyrrell Hatton,2.78%,2,72
35,Lee Hodges,2.78%,2,72
35,Kurt Kitayama,2.78%,2,72
35,Denny McCarthy,2.78%,2,72
35,Davis Riley,2.78%,2,72
35,Sahith Theegala,2.78%,2,72
35,Erik van Rooyen,2.78%,2,72
48,Keegan Bradley,4.17%,3,72
48,Lucas Glover,4.17%,3,72
48,Max Homa,4.17%,3,72
48,Tom Kim,4.17%,3,72
48,Hideki Matsuyama,4.17%,3,72
48,Patrick Rodgers,4.17%,3,72
48,Justin Rose,4.17%,3,72
48,Adam Schenk,4.17%,3,72
48,Brendon Todd,4.17%,3,72
57,Luke List,5.56%,4,72
57,Scottie Scheffler,5.56%,4,72
59,Nick Hardy,6.94%,5,72
