rank,player,% Made,Attempts,Putts made
1,Joe Durant,53.85,26,14
2,Adam Scott,51.85,27,14
3,K.J. Choi,50.00,24,12
3,Davis Love III,50.00,34,17
3,John Senden,50.00,30,15
6,Trevor Immelman,48.48,33,16
7,Stephen Ames,47.06,34,16
7,J.J. Henry,47.06,34,16
9,Corey Pavin,46.15,39,18
10,Rory Sabbatini,45.45,33,15
11,Rod Pampling,44.44,36,16
12,David Toms,44.00,25,11
13,Luke Donald,42.31,26,11
14,Stuart Appleby,40.74,27,11
15,Chris Couch,40.54,37,15
16,Kirk Triplett,38.89,36,14
17,Aaron Baddeley,38.71,31,12
18,Will MacKenzie,36.67,30,11
19,Eric Axley,36.36,33,12
20,John Rollins,35.71,28,10
21,Troy Matteson,35.48,31,11
22,J.B. Holmes,34.48,29,10
23,Jeff Maggert,33.33,27,9
23,D.J. Trahan,33.33,33,11
25,Vijay Singh,29.63,27,8
25,Dean Wilson,29.63,27,8
27,Brett Wetterich,29.03,31,9
28,Geoff Ogilvy,28.00,25,7
29,Tim Herron,26.92,26,7
30,Ben Curtis,25.00,32,8
31,Chad Campbell,20.69,29,6
32,Jim Furyk,20.00,25,5
33,Carl Pettersson,13.64,22,3
