rank,player,% Made,Attempts,Putts made
1,Trevor Immelman,33.33,3,1
1,Rory Sabbatini,33.33,3,1
3,D.J. Trahan,25.00,4,1
4,Joe Durant,22.22,9,2
5,Kirk Triplett,20.00,10,2
6,Rod Pampling,16.67,6,1
7,Jeff Maggert,12.50,8,1
7,Brett Wetterich,12.50,8,1
9,Stephen Ames,10.00,10,1
10,Stuart Appleby,.00,7,-
10,Eric Axley,.00,4,-
10,Aaron Baddeley,.00,8,-
10,Chad Campbell,.00,4,-
10,K.J. Choi,.00,8,-
10,Chris Couch,.00,2,-
10,Ben Curtis,.00,4,-
10,Luke Donald,.00,8,-
10,Jim Furyk,.00,3,-
10,J.J. Henry,.00,3,-
10,Tim Herron,.00,7,-
10,J.B. Holmes,.00,5,-
10,Davis Love III,.00,5,-
10,Will MacKenzie,.00,5,-
10,Troy Matteson,.00,5,-
10,Geoff Ogilvy,.00,7,-
10,Corey Pavin,.00,5,-
10,Carl Pettersson,.00,6,-
10,John Rollins,.00,4,-
10,Adam Scott,.00,6,-
10,John Senden,.00,5,-
10,Vijay Singh,.00,3,-
10,David Toms,.00,8,-
10,Dean Wilson,.00,6,-
