rank,player,% Made,Attempts,Putts made
1,Luke Donald,89.04,73,65
1,Adam Scott,89.04,73,65
3,John Senden,88.00,75,66
4,Vijay Singh,87.50,72,63
5,Davis Love III,87.18,78,68
5,John Rollins,87.18,78,68
5,David Toms,87.18,78,68
8,J.J. Henry,86.42,81,70
9,Rory Sabbatini,86.30,73,63
10,Troy Matteson,86.08,79,68
11,Jeff Maggert,85.90,78,67
12,Aaron Baddeley,85.54,83,71
13,Stuart Appleby,85.00,80,68
13,Carl Pettersson,85.00,80,68
15,Rod Pampling,84.62,78,66
16,Ben Curtis,84.34,83,70
16,Corey Pavin,84.34,83,70
16,D.J. Trahan,84.34,83,70
19,Joe Durant,84.21,76,64
20,J.B. Holmes,84.15,82,69
21,Chad Campbell,83.95,81,68
22,K.J. Choi,83.75,80,67
22,Chris Couch,83.75,80,67
22,Trevor Immelman,83.75,80,67
25,Kirk Triplett,83.54,79,66
25,Dean Wilson,83.54,79,66
27,Tim Herron,83.33,84,70
28,Geoff Ogilvy,82.93,82,68
29,Will MacKenzie,81.93,83,68
30,Stephen Ames,81.58,76,62
31,Brett Wetterich,81.18,85,69
32,Jim Furyk,80.95,84,68
33,Eric Axley,77.91,86,67
