rank,player,% Made,Attempts,Putts made
1,Ben Curtis,100.00,2,2
1,Joe Durant,100.00,2,2
1,J.J. Henry,100.00,5,5
1,Tim Herron,100.00,2,2
1,Davis Love III,100.00,3,3
1,Troy Matteson,100.00,1,1
1,Rory Sabbatini,100.00,5,5
8,Will MacKenzie,83.33,6,5
8,Jeff Maggert,83.33,6,5
8,Vijay Singh,83.33,6,5
11,John Rollins,80.00,5,4
11,D.J. Trahan,80.00,5,4
11,Dean Wilson,80.00,5,4
14,Carl Pettersson,77.78,9,7
15,Aaron Baddeley,75.00,8,6
15,John Senden,75.00,4,3
15,David Toms,75.00,8,6
18,J.B. Holmes,71.43,7,5
18,Trevor Immelman,71.43,7,5
20,Chad Campbell,66.67,6,4
20,Chris Couch,66.67,3,2
20,Luke Donald,66.67,6,4
20,Rod Pampling,66.67,3,2
20,Kirk Triplett,66.67,3,2
25,K.J. Choi,62.50,8,5
26,Stephen Ames,60.00,5,3
26,Jim Furyk,60.00,5,3
26,Brett Wetterich,60.00,5,3
29,Stuart Appleby,57.14,7,4
30,Geoff Ogilvy,40.00,5,2
30,Corey Pavin,40.00,5,2
32,Eric Axley,33.33,6,2
33,Adam Scott,.00,1,0
