rank,player,% Made,Attempts,Putts made
1,Chris Couch,85.71,14,12
2,Rory Sabbatini,72.22,18,13
3,J.J. Henry,70.83,24,17
4,Troy Matteson,69.23,13,9
5,Joe Durant,68.75,16,11
5,John Senden,68.75,16,11
7,Aaron Baddeley,68.18,22,15
7,Corey Pavin,68.18,22,15
9,Luke Donald,66.67,15,10
9,John Rollins,66.67,15,10
11,J.B. Holmes,65.00,20,13
11,David Toms,65.00,20,13
13,Davis Love III,64.71,17,11
14,D.J. Trahan,64.29,14,9
15,Trevor Immelman,64.00,25,16
16,Will MacKenzie,60.00,20,12
16,Jeff Maggert,60.00,15,9
16,Rod Pampling,60.00,20,12
19,K.J. Choi,58.82,17,10
20,Chad Campbell,57.14,14,8
20,Ben Curtis,57.14,14,8
22,Stuart Appleby,55.56,18,10
23,Eric Axley,54.55,22,12
24,Vijay Singh,53.33,15,8
25,Carl Pettersson,52.94,17,9
26,Kirk Triplett,52.38,21,11
27,Stephen Ames,50.00,18,9
27,Tim Herron,50.00,12,6
27,Adam Scott,50.00,8,4
30,Brett Wetterich,47.83,23,11
31,Dean Wilson,47.06,17,8
32,Jim Furyk,42.86,14,6
33,Geoff Ogilvy,29.41,17,5
