rank,player,% Made,Attempts,Putts made
1,Tim Herron,50.00,4,2
2,Stuart Appleby,40.00,5,2
2,Vijay Singh,40.00,10,4
4,Rod Pampling,33.33,3,1
4,Dean Wilson,33.33,6,2
6,Jeff Maggert,25.00,8,2
6,Troy Matteson,25.00,8,2
8,Luke Donald,22.22,9,2
9,Adam Scott,20.00,5,1
10,Jim Furyk,16.67,6,1
10,J.B. Holmes,16.67,6,1
12,Trevor Immelman,14.29,7,1
12,Davis Love III,14.29,7,1
12,Kirk Triplett,14.29,7,1
15,Stephen Ames,12.50,8,1
15,Chad Campbell,12.50,8,1
15,Carl Pettersson,12.50,8,1
18,Eric Axley,11.11,9,1
18,David Toms,11.11,9,1
20,Rory Sabbatini,9.09,11,1
21,Aaron Baddeley,.00,6,-
21,K.J. Choi,.00,7,-
21,Chris Couch,.00,6,-
21,Ben Curtis,.00,10,-
21,Joe Durant,.00,8,-
21,J.J. Henry,.00,6,-
21,Will MacKenzie,.00,5,-
21,Geoff Ogilvy,.00,6,-
21,Corey Pavin,.00,3,-
21,John Rollins,.00,7,-
21,John Senden,.00,10,-
21,D.J. Trahan,.00,7,-
21,Brett Wetterich,.00,8,-
