rank,player,% Made,Attempts,Putts Made
1,Joe Durant,13.16,38,5
2,Rory Sabbatini,11.76,17,2
3,Vijay Singh,10.00,20,2
4,Jim Furyk,8.11,37,3
5,Eric Axley,7.41,27,2
6,Stephen Ames,7.14,28,2
7,Kirk Triplett,6.45,31,2
8,Geoff Ogilvy,6.25,32,2
9,Rod Pampling,5.26,38,2
10,Ben Curtis,4.76,21,1
11,Troy Matteson,3.85,26,1
12,Chris Couch,3.57,28,1
12,D.J. Trahan,3.57,28,1
12,Brett Wetterich,3.57,28,1
15,Luke Donald,3.33,30,1
15,Trevor Immelman,3.33,30,1
17,Jeff Maggert,3.13,32,1
18,J.B. Holmes,3.03,33,1
18,Carl Pettersson,3.03,33,1
18,Adam Scott,3.03,33,1
21,Dean Wilson,2.56,39,1
22,Stuart Appleby,.00,23,-
22,Aaron Baddeley,.00,24,-
22,Chad Campbell,.00,29,-
22,K.J. Choi,.00,30,-
22,J.J. Henry,.00,32,-
22,Tim Herron,.00,35,-
22,Davis Love III,.00,31,-
22,Will MacKenzie,.00,26,-
22,Corey Pavin,.00,28,-
22,John Rollins,.00,26,-
22,John Senden,.00,29,-
22,David Toms,.00,29,-
