rank,player,% Made,Attempts,Putts made
1,Stephen Ames,100.00,40,40
1,Stuart Appleby,100.00,51,51
1,Eric Axley,100.00,49,49
1,Aaron Baddeley,100.00,49,49
1,Chad Campbell,100.00,51,51
1,K.J. Choi,100.00,46,46
1,Luke Donald,100.00,40,40
1,Joe Durant,100.00,45,45
1,Tim Herron,100.00,53,53
1,Trevor Immelman,100.00,42,42
1,Will MacKenzie,100.00,47,47
1,Geoff Ogilvy,100.00,50,50
1,Carl Pettersson,100.00,46,46
1,John Rollins,100.00,46,46
1,Rory Sabbatini,100.00,42,42
1,John Senden,100.00,43,43
1,Vijay Singh,100.00,47,47
1,David Toms,100.00,43,43
1,Kirk Triplett,100.00,46,46
1,Brett Wetterich,100.00,50,50
1,Dean Wilson,100.00,48,48
22,J.B. Holmes,97.96,49,48
22,Troy Matteson,97.96,49,48
24,Jeff Maggert,97.87,47,46
24,Corey Pavin,97.87,47,46
24,Adam Scott,97.87,47,46
27,Chris Couch,97.78,45,44
28,Rod Pampling,97.73,44,43
29,J.J. Henry,97.62,42,41
30,Jim Furyk,96.23,53,51
31,D.J. Trahan,96.00,50,48
32,Ben Curtis,95.92,49,47
33,Davis Love III,95.56,45,43
