rank,player,% Made,Attempts,Putts Made
1,Rory Sabbatini,21.43,42,9
2,Vijay Singh,20.45,44,9
3,Stephen Ames,20.41,49,10
4,Joe Durant,15.09,53,8
5,Adam Scott,13.46,52,7
6,Kirk Triplett,11.76,51,6
7,Luke Donald,11.54,52,6
8,Rod Pampling,11.11,54,6
8,John Senden,11.11,54,6
10,K.J. Choi,10.87,46,5
11,Stuart Appleby,10.81,37,4
12,Dean Wilson,10.53,57,6
13,Jeff Maggert,9.26,54,5
14,Eric Axley,8.70,46,4
14,Troy Matteson,8.70,46,4
16,Trevor Immelman,8.51,47,4
17,Geoff Ogilvy,8.33,48,4
18,Chris Couch,8.16,49,4
19,Davis Love III,8.00,50,4
20,Jim Furyk,7.55,53,4
21,Will MacKenzie,7.32,41,3
22,John Rollins,6.38,47,3
22,David Toms,6.38,47,3
24,J.B. Holmes,6.12,49,3
25,Carl Pettersson,5.88,51,3
26,Chad Campbell,5.66,53,3
27,Tim Herron,4.44,45,2
28,Brett Wetterich,4.35,46,2
29,Corey Pavin,4.26,47,2
30,J.J. Henry,4.08,49,2
31,Aaron Baddeley,2.44,41,1
32,Ben Curtis,2.13,47,1
33,D.J. Trahan,2.00,50,1
