rank,player,% Made,Attempts,Putts made
1,Chad Campbell,100.00,2,2
1,K.J. Choi,100.00,3,3
1,Chris Couch,100.00,2,2
1,Adam Scott,100.00,2,2
5,J.B. Holmes,66.67,6,4
5,Rory Sabbatini,66.67,6,4
7,Trevor Immelman,62.50,8,5
7,Corey Pavin,62.50,8,5
9,Eric Axley,60.00,5,3
10,Rod Pampling,57.14,7,4
11,Stuart Appleby,50.00,4,2
11,Aaron Baddeley,50.00,2,1
11,Joe Durant,50.00,2,1
11,Jim Furyk,50.00,2,1
11,J.J. Henry,50.00,6,3
11,Will MacKenzie,50.00,6,3
11,Troy Matteson,50.00,4,2
11,John Rollins,50.00,2,1
11,John Senden,50.00,2,1
11,D.J. Trahan,50.00,2,1
21,Brett Wetterich,44.44,9,4
22,Davis Love III,37.50,8,3
23,Luke Donald,33.33,3,1
23,Carl Pettersson,33.33,3,1
23,David Toms,33.33,6,2
23,Kirk Triplett,33.33,3,1
27,Geoff Ogilvy,28.57,7,2
28,Stephen Ames,25.00,4,1
28,Jeff Maggert,25.00,4,1
30,Ben Curtis,20.00,5,1
31,Dean Wilson,16.67,6,1
32,Tim Herron,.00,3,0
32,Vijay Singh,.00,1,0
