rank,player,Putts Made
1,Stephen Ames,10.0
2,Rory Sabbatini,9.0
2,Vijay Singh,9.0
4,Joe Durant,8.0
5,Adam Scott,7.0
6,Luke Donald,6.0
6,Rod Pampling,6.0
6,John Senden,6.0
6,Kirk Triplett,6.0
6,Dean Wilson,6.0
11,K.J. Choi,5.0
11,Jeff Maggert,5.0
13,Stuart Appleby,4.0
13,Eric Axley,4.0
13,Chris Couch,4.0
13,Jim Furyk,4.0
13,Trevor Immelman,4.0
13,Davis Love III,4.0
13,Troy Matteson,4.0
13,Geoff Ogilvy,4.0
21,Chad Campbell,3.0
21,J.B. Holmes,3.0
21,Will MacKenzie,3.0
21,Carl Pettersson,3.0
21,John Rollins,3.0
21,David Toms,3.0
27,J.J. Henry,2.0
27,Tim Herron,2.0
27,Corey Pavin,2.0
27,Brett Wetterich,2.0
31,Aaron Baddeley,1.0
31,Ben Curtis,1.0
31,D.J. Trahan,1.0
