rank,player,Putts Made
1,Joe Durant,5.0
2,Jim Furyk,3.0
3,Stephen Ames,2.0
3,Eric Axley,2.0
3,Geoff Ogilvy,2.0
3,Rod Pampling,2.0
3,Rory Sabbatini,2.0
3,Vijay Singh,2.0
3,Kirk Triplett,2.0
10,Chris Couch,1.0
10,Ben Curtis,1.0
10,Luke Donald,1.0
10,J.B. Holmes,1.0
10,Trevor Immelman,1.0
10,Jeff Maggert,1.0
10,Troy Matteson,1.0
10,Carl Pettersson,1.0
10,Adam Scott,1.0
10,D.J. Trahan,1.0
10,Brett Wetterich,1.0
10,Dean Wilson,1.0
22,Stuart Appleby,.0
22,Aaron Baddeley,.0
22,Chad Campbell,.0
22,K.J. Choi,.0
22,J.J. Henry,.0
22,Tim Herron,.0
22,Davis Love III,.0
22,Will MacKenzie,.0
22,Corey Pavin,.0
22,John Rollins,.0
22,John Senden,.0
22,David Toms,.0
