rank,player,%,Attempts,Putts made
1,Corey Pavin,69.57,23,16
2,Adam Scott,69.23,13,9
3,Davis Love III,63.64,22,14
4,Luke Donald,61.54,13,8
5,D.J. Trahan,61.11,18,11
6,J.J. Henry,60.87,23,14
6,Trevor Immelman,60.87,23,14
8,John Senden,60.00,15,9
9,Joe Durant,57.89,19,11
10,Rod Pampling,56.52,23,13
11,David Toms,56.25,16,9
12,Aaron Baddeley,55.00,20,11
13,Chris Couch,54.55,22,12
14,Jeff Maggert,53.85,13,7
15,Troy Matteson,52.63,19,10
16,Stuart Appleby,50.00,18,9
16,Ben Curtis,50.00,16,8
16,John Rollins,50.00,14,7
19,Eric Axley,47.83,23,11
19,Kirk Triplett,47.83,23,11
21,J.B. Holmes,47.37,19,9
21,Rory Sabbatini,47.37,19,9
23,K.J. Choi,46.67,15,7
24,Stephen Ames,42.86,21,9
25,Will MacKenzie,40.00,20,8
26,Vijay Singh,38.46,13,5
27,Brett Wetterich,38.10,21,8
28,Tim Herron,35.00,20,7
29,Jim Furyk,33.33,15,5
29,Geoff Ogilvy,33.33,15,5
29,Dean Wilson,33.33,15,5
32,Chad Campbell,30.77,13,4
33,Carl Pettersson,16.67,12,2
