rank,player,% Made,Attempts,Putts made
1,Eric Axley,100.00,1,1
1,Chris Couch,100.00,4,4
1,Ben Curtis,100.00,3,3
1,Luke Donald,100.00,1,1
1,Davis Love III,100.00,4,4
1,Troy Matteson,100.00,3,3
1,Corey Pavin,100.00,2,2
8,David Toms,75.00,4,3
9,Joe Durant,66.67,6,4
10,Rod Pampling,60.00,5,3
11,Aaron Baddeley,50.00,4,2
11,Jim Furyk,50.00,4,2
11,J.J. Henry,50.00,6,3
11,Tim Herron,50.00,2,1
11,Jeff Maggert,50.00,4,2
11,John Rollins,50.00,6,3
11,Rory Sabbatini,50.00,6,3
11,Dean Wilson,50.00,2,1
19,Kirk Triplett,45.45,11,5
20,John Senden,40.00,5,2
21,Stephen Ames,33.33,6,2
21,Stuart Appleby,33.33,3,1
21,K.J. Choi,33.33,3,1
21,J.B. Holmes,33.33,3,1
21,Trevor Immelman,33.33,6,2
21,Geoff Ogilvy,33.33,3,1
21,D.J. Trahan,33.33,3,1
28,Carl Pettersson,25.00,4,1
29,Brett Wetterich,16.67,6,1
30,Chad Campbell,.00,3,0
30,Will MacKenzie,.00,2,0
30,Adam Scott,.00,2,0
30,Vijay Singh,.00,4,0
