rank,player,% Made,Attempts,Putts made
1,Davis Love III,100.00,11,11
1,Rory Sabbatini,100.00,12,12
3,J.J. Henry,93.75,16,15
4,Vijay Singh,91.67,12,11
5,Tim Herron,90.91,11,10
5,Troy Matteson,90.91,11,10
5,Rod Pampling,90.91,11,10
5,Carl Pettersson,90.91,22,20
9,Kirk Triplett,90.00,10,9
10,Stephen Ames,86.67,15,13
11,J.B. Holmes,85.71,14,12
12,Luke Donald,85.00,20,17
13,Chris Couch,84.62,13,11
14,David Toms,84.21,19,16
15,Ben Curtis,83.33,18,15
15,John Rollins,83.33,18,15
17,John Senden,82.35,17,14
18,Will MacKenzie,81.25,16,13
18,Dean Wilson,81.25,16,13
20,Aaron Baddeley,78.57,14,11
20,Brett Wetterich,78.57,14,11
22,Jeff Maggert,77.78,18,14
23,Adam Scott,76.92,13,10
24,Chad Campbell,76.47,17,13
24,Geoff Ogilvy,76.47,17,13
26,Jim Furyk,75.00,16,12
27,K.J. Choi,73.68,19,14
28,Trevor Immelman,73.33,15,11
28,D.J. Trahan,73.33,15,11
30,Stuart Appleby,72.73,11,8
31,Joe Durant,66.67,12,8
32,Corey Pavin,61.54,13,8
33,Eric Axley,50.00,14,7
