rank,player,% Made,Attempts,Putts made
1,J.J. Henry,100.00,1,1
1,Davis Love III,100.00,4,4
1,Jeff Maggert,100.00,1,1
1,John Rollins,100.00,1,1
5,Stuart Appleby,75.00,4,3
6,Stephen Ames,66.67,3,2
6,Trevor Immelman,66.67,3,2
6,Troy Matteson,66.67,3,2
6,Adam Scott,66.67,3,2
10,Luke Donald,50.00,4,2
10,David Toms,50.00,2,1
12,Tim Herron,40.00,5,2
12,Corey Pavin,40.00,5,2
14,Aaron Baddeley,33.33,3,1
14,K.J. Choi,33.33,3,1
14,Ben Curtis,33.33,3,1
14,Rod Pampling,33.33,3,1
14,D.J. Trahan,33.33,3,1
14,Kirk Triplett,33.33,3,1
20,Rory Sabbatini,25.00,4,1
21,Will MacKenzie,20.00,5,1
22,Chris Couch,16.67,6,1
23,Eric Axley,.00,2,0
23,Chad Campbell,.00,1,0
23,Joe Durant,.00,3,0
23,Jim Furyk,.00,3,0
23,J.B. Holmes,.00,1,0
23,Carl Pettersson,.00,1,0
23,Brett Wetterich,.00,2,0
23,Dean Wilson,.00,1,0
