rank,player,% Made,Attempts,Putts made
1,Ben Curtis,100.00,1,1
1,Joe Durant,100.00,2,2
1,Corey Pavin,100.00,1,1
1,Adam Scott,100.00,3,3
5,D.J. Trahan,83.33,6,5
6,Jim Furyk,66.67,3,2
6,Jeff Maggert,66.67,3,2
6,Geoff Ogilvy,66.67,3,2
6,Rod Pampling,66.67,3,2
10,Trevor Immelman,50.00,2,1
10,Davis Love III,50.00,4,2
10,Vijay Singh,50.00,4,2
10,David Toms,50.00,2,1
10,Kirk Triplett,50.00,2,1
10,Dean Wilson,50.00,2,1
16,Aaron Baddeley,33.33,3,1
16,K.J. Choi,33.33,3,1
16,J.J. Henry,33.33,3,1
16,John Senden,33.33,3,1
20,Stephen Ames,20.00,5,1
20,Eric Axley,20.00,5,1
20,Chris Couch,20.00,5,1
20,Tim Herron,20.00,5,1
20,J.B. Holmes,20.00,5,1
25,Stuart Appleby,.00,3,0
25,Chad Campbell,.00,4,0
25,Will MacKenzie,.00,1,0
25,Troy Matteson,.00,4,0
25,Carl Pettersson,.00,3,0
25,John Rollins,.00,3,0
25,Rory Sabbatini,.00,2,0
25,Brett Wetterich,.00,1,0
