rank,player,% Made,Attempts,Putts made
1,Stephen Ames,100.00,10,10
1,Stuart Appleby,100.00,4,4
1,J.B. Holmes,100.00,7,7
1,Davis Love III,100.00,8,8
1,Rod Pampling,100.00,8,8
1,Carl Pettersson,100.00,13,13
1,Rory Sabbatini,100.00,7,7
1,Vijay Singh,100.00,6,6
1,Kirk Triplett,100.00,7,7
10,Luke Donald,92.86,14,13
11,Geoff Ogilvy,91.67,12,11
12,J.J. Henry,90.91,11,10
12,David Toms,90.91,11,10
14,Chris Couch,90.00,10,9
14,Troy Matteson,90.00,10,9
16,Tim Herron,88.89,9,8
16,Brett Wetterich,88.89,9,8
18,John Rollins,84.62,13,11
18,John Senden,84.62,13,11
20,Aaron Baddeley,83.33,6,5
20,Adam Scott,83.33,12,10
22,Chad Campbell,81.82,11,9
22,K.J. Choi,81.82,11,9
22,Jim Furyk,81.82,11,9
22,Dean Wilson,81.82,11,9
26,Ben Curtis,81.25,16,13
27,Will MacKenzie,80.00,10,8
28,Trevor Immelman,75.00,8,6
28,Jeff Maggert,75.00,12,9
28,Corey Pavin,75.00,8,6
31,D.J. Trahan,70.00,10,7
32,Eric Axley,62.50,8,5
33,Joe Durant,60.00,10,6
