rank,player,% Made,Attempts,Putts made
1,Vijay Singh,11.76,17,2
2,Joe Durant,10.34,29,3
3,Jim Furyk,8.82,34,3
4,Eric Axley,8.70,23,2
5,Geoff Ogilvy,8.00,25,2
6,Rory Sabbatini,7.14,14,1
7,Ben Curtis,5.88,17,1
8,Stephen Ames,5.56,18,1
9,Troy Matteson,4.76,21,1
10,Luke Donald,4.55,22,1
11,Chris Couch,3.85,26,1
12,Carl Pettersson,3.70,27,1
12,Adam Scott,3.70,27,1
14,J.B. Holmes,3.57,28,1
15,Rod Pampling,3.13,32,1
16,Dean Wilson,3.03,33,1
17,Stuart Appleby,.00,16,-
17,Aaron Baddeley,.00,16,-
17,Chad Campbell,.00,25,-
17,K.J. Choi,.00,22,-
17,J.J. Henry,.00,29,-
17,Tim Herron,.00,28,-
17,Trevor Immelman,.00,27,-
17,Davis Love III,.00,26,-
17,Will MacKenzie,.00,21,-
17,Jeff Maggert,.00,24,-
17,Corey Pavin,.00,23,-
17,John Rollins,.00,22,-
17,John Senden,.00,24,-
17,David Toms,.00,21,-
17,D.J. Trahan,.00,24,-
17,Kirk Triplett,.00,21,-
17,Brett Wetterich,.00,20,-
