rank,player,% Made,Attempts,Putts made
1,Stephen Ames,100.00,3,3
1,Trevor Immelman,100.00,4,4
1,Jeff Maggert,100.00,1,1
1,John Rollins,100.00,2,2
1,Rory Sabbatini,100.00,1,1
1,John Senden,100.00,5,5
1,David Toms,100.00,2,2
1,Brett Wetterich,100.00,3,3
9,J.J. Henry,85.71,7,6
9,Corey Pavin,85.71,7,6
11,Chris Couch,80.00,5,4
11,Luke Donald,80.00,5,4
13,Stuart Appleby,75.00,4,3
13,Aaron Baddeley,75.00,8,6
13,J.B. Holmes,75.00,4,3
13,Vijay Singh,75.00,4,3
13,D.J. Trahan,75.00,4,3
13,Kirk Triplett,75.00,4,3
19,Chad Campbell,66.67,3,2
19,Joe Durant,66.67,6,4
19,Will MacKenzie,66.67,6,4
19,Adam Scott,66.67,3,2
23,Eric Axley,60.00,10,6
23,Tim Herron,60.00,5,3
23,Troy Matteson,60.00,5,3
23,Rod Pampling,60.00,5,3
27,Ben Curtis,50.00,4,2
27,Davis Love III,50.00,2,1
27,Dean Wilson,50.00,4,2
30,K.J. Choi,33.33,3,1
31,Jim Furyk,.00,3,0
31,Geoff Ogilvy,.00,2,0
31,Carl Pettersson,.00,1,0
