rank,player,% Made,Attempts,Putts made
1,K.J. Choi,55.56,9,5
2,Stephen Ames,53.85,13,7
3,Joe Durant,42.86,7,3
3,Rory Sabbatini,42.86,14,6
5,John Senden,40.00,15,6
6,Adam Scott,35.71,14,5
7,Will MacKenzie,30.00,10,3
8,Davis Love III,25.00,12,3
8,Dean Wilson,25.00,12,3
10,Luke Donald,23.08,13,3
10,Rod Pampling,23.08,13,3
10,Kirk Triplett,23.08,13,3
13,Stuart Appleby,22.22,9,2
13,David Toms,22.22,9,2
15,John Rollins,21.43,14,3
15,Vijay Singh,21.43,14,3
17,Chris Couch,20.00,15,3
17,Trevor Immelman,20.00,10,2
17,Geoff Ogilvy,20.00,10,2
20,J.J. Henry,18.18,11,2
21,Jeff Maggert,14.29,14,2
22,Chad Campbell,12.50,16,2
22,Corey Pavin,12.50,16,2
24,Eric Axley,10.00,10,1
24,J.B. Holmes,10.00,10,1
24,Carl Pettersson,10.00,10,1
24,Brett Wetterich,10.00,10,1
28,Aaron Baddeley,9.09,11,1
29,Troy Matteson,8.33,12,1
30,Ben Curtis,.00,16,-
30,Jim Furyk,.00,10,-
30,Tim Herron,.00,6,-
30,D.J. Trahan,.00,15,-
