rank,player,%
1,Vijay Singh,60.00
2,Will MacKenzie,45.45
3,J.J. Henry,44.44
3,Trevor Immelman,44.44
5,Rory Sabbatini,36.36
6,Stuart Appleby,33.33
6,Joe Durant,33.33
6,Troy Matteson,33.33
6,Rod Pampling,33.33
6,Adam Scott,33.33
11,J.B. Holmes,30.00
11,John Senden,30.00
13,Brett Wetterich,26.67
14,Stephen Ames,25.00
14,Aaron Baddeley,25.00
14,David Toms,25.00
17,Geoff Ogilvy,23.08
18,Chad Campbell,22.22
19,Carl Pettersson,21.43
20,Jeff Maggert,21.05
21,Eric Axley,20.00
21,Davis Love III,20.00
23,Dean Wilson,17.65
24,Tim Herron,16.67
25,Chris Couch,15.38
26,D.J. Trahan,12.50
27,K.J. Choi,10.00
27,Kirk Triplett,10.00
29,Ben Curtis,9.09
29,Jim Furyk,9.09
31,John Rollins,8.33
32,Corey Pavin,7.69
33,Luke Donald,.00
