rank,player,Total
1,Chris Couch,2
2,Eric Axley,1
2,Aaron Baddeley,1
2,Will MacKenzie,1
2,Jeff Maggert,1
2,Vijay Singh,1
2,Brett Wetterich,1
8,Stephen Ames,0
8,Stuart Appleby,0
8,Chad Campbell,0
8,K.J. Choi,0
8,Ben Curtis,0
8,Luke Donald,0
8,Joe Durant,0
8,Jim Furyk,0
8,J.J. Henry,0
8,Tim Herron,0
8,J.B. Holmes,0
8,Trevor Immelman,0
8,Davis Love III,0
8,Troy Matteson,0
8,Geoff Ogilvy,0
8,Rod Pampling,0
8,Corey Pavin,0
8,Carl Pettersson,0
8,John Rollins,0
8,Rory Sabbatini,0
8,Adam Scott,0
8,John Senden,0
8,David Toms,0
8,D.J. Trahan,0
8,Kirk Triplett,0
8,Dean Wilson,0
