rank,player,%,# Birdies/Eagles,# Holes
1,Adam Scott,29.17,21,72
2,J.B. Holmes,27.78,20,72
3,Trevor Immelman,26.39,19,72
3,Davis Love III,26.39,19,72
5,Will MacKenzie,25.00,18,72
5,Rory Sabbatini,25.00,18,72
5,Vijay Singh,25.00,18,72
5,David Toms,25.00,18,72
9,K.J. Choi,23.61,17,72
10,Luke Donald,22.22,16,72
11,Stephen Ames,20.83,15,72
11,Stuart Appleby,20.83,15,72
11,Chris Couch,20.83,15,72
11,J.J. Henry,20.83,15,72
11,Troy Matteson,20.83,15,72
11,Geoff Ogilvy,20.83,15,72
17,Aaron Baddeley,19.44,14,72
17,Joe Durant,19.44,14,72
17,Kirk Triplett,19.44,14,72
20,Eric Axley,18.06,13,72
20,Rod Pampling,18.06,13,72
20,Brett Wetterich,18.06,13,72
23,Carl Pettersson,16.67,12,72
24,Jim Furyk,15.28,11,72
24,Tim Herron,15.28,11,72
26,Jeff Maggert,13.89,10,72
26,Corey Pavin,13.89,10,72
26,John Rollins,13.89,10,72
26,John Senden,13.89,10,72
30,D.J. Trahan,12.50,9,72
30,Dean Wilson,12.50,9,72
32,Chad Campbell,11.11,8,72
33,Ben Curtis,6.94,5,72
