rank,player,Avg,Total Putts,Total Rounds
1,Stephen Ames,26.00,26,1
2,Steve Stricker,27.00,27,1
3,K.J. Choi,28.00,28,1
3,Daniel Chopra,28.00,28,1
3,Charles Howell III,28.00,28,1
3,Justin Leonard,28.00,28,1
3,Rory Sabbatini,28.00,28,1
8,Aaron Baddeley,30.00,30,1
8,Steve Flesch,30.00,30,1
8,Hunter Mahan,30.00,30,1
8,Henrik Stenson,30.00,30,1
8,Boo Weekley,30.00,30,1
8,Mike Weir,30.00,30,1
14,Brian Bateman,31.00,31,1
14,Jonathan Byrd,31.00,31,1
14,Mark Calcavecchia,31.00,31,1
14,Chad Campbell,31.00,31,1
14,Jim Furyk,31.00,31,1
14,Paul Goydos,31.00,31,1
14,Zach Johnson,31.00,31,1
14,Brandt Snedeker,31.00,31,1
14,Scott Verplank,31.00,31,1
23,Woody Austin,32.00,32,1
23,Charley Hoffman,32.00,32,1
25,Ángel Cabrera,33.00,33,1
25,George McNeill,33.00,33,1
25,Joe Ogilvie,33.00,33,1
25,Vijay Singh,33.00,33,1
25,Nick Watney,33.00,33,1
30,Fred Funk,34.00,34,1
30,Mark Wilson,34.00,34,1
