rank,player,Avg,Total Putts,Total Rounds
1,Jonathan Byrd,27.00,27,1
1,Paul Goydos,27.00,27,1
1,Boo Weekley,27.00,27,1
4,Daniel Chopra,28.00,28,1
4,Jim Furyk,28.00,28,1
6,K.J. Choi,29.00,29,1
6,Steve Flesch,29.00,29,1
6,Justin Leonard,29.00,29,1
9,Chad Campbell,30.00,30,1
9,Hunter Mahan,30.00,30,1
9,Nick Watney,30.00,30,1
12,Stephen Ames,31.00,31,1
12,Woody Austin,31.00,31,1
12,Aaron Baddeley,31.00,31,1
12,Ángel Cabrera,31.00,31,1
12,Charles Howell III,31.00,31,1
12,Brandt Snedeker,31.00,31,1
12,Steve Stricker,31.00,31,1
12,Mike Weir,31.00,31,1
12,Mark Wilson,31.00,31,1
21,Mark Calcavecchia,32.00,32,1
21,George McNeill,32.00,32,1
21,Rory Sabbatini,32.00,32,1
21,Scott Verplank,32.00,32,1
25,Fred Funk,33.00,33,1
25,Charley Hoffman,33.00,33,1
25,Zach Johnson,33.00,33,1
25,Vijay Singh,33.00,33,1
25,Henrik Stenson,33.00,33,1
30,Brian Bateman,34.00,34,1
31,Joe Ogilvie,35.00,35,1
