rank,player,Avg,Total 3 Putts,Total Rounds
1,Mark Calcavecchia,1.50,6,4
1,Fred Funk,1.50,6,4
1,Brandt Snedeker,1.50,6,4
1,Henrik Stenson,1.50,6,4
5,Woody Austin,1.25,5,4
5,Ángel Cabrera,1.25,5,4
7,K.J. Choi,1.00,4,4
7,Charley Hoffman,1.00,4,4
7,Hunter Mahan,1.00,4,4
7,George McNeill,1.00,4,4
7,Joe Ogilvie,1.00,4,4
7,Vijay Singh,1.00,4,4
13,Brian Bateman,.75,3,4
13,Chad Campbell,.75,3,4
13,Paul Goydos,.75,3,4
13,Boo Weekley,.75,3,4
13,Mark Wilson,.75,3,4
18,Stephen Ames,.50,2,4
18,Aaron Baddeley,.50,2,4
18,Daniel Chopra,.50,2,4
18,Steve Flesch,.50,2,4
18,Jim Furyk,.50,2,4
18,Rory Sabbatini,.50,2,4
18,Scott Verplank,.50,2,4
18,Nick Watney,.50,2,4
26,Zach Johnson,.25,1,4
26,Justin Leonard,.25,1,4
26,Steve Stricker,.25,1,4
26,Mike Weir,.25,1,4
