rank,player,Avg,Total Putts,Total Rounds
1,Aaron Baddeley,27.00,27,1
2,Jonathan Byrd,28.00,28,1
3,Daniel Chopra,29.00,29,1
3,Brandt Snedeker,29.00,29,1
5,Woody Austin,30.00,30,1
5,Ángel Cabrera,30.00,30,1
5,Charles Howell III,30.00,30,1
5,Justin Leonard,30.00,30,1
5,Scott Verplank,30.00,30,1
5,Nick Watney,30.00,30,1
11,George McNeill,31.00,31,1
11,Joe Ogilvie,31.00,31,1
11,Steve Stricker,31.00,31,1
14,Steve Flesch,32.00,32,1
14,Fred Funk,32.00,32,1
14,Jim Furyk,32.00,32,1
14,Hunter Mahan,32.00,32,1
14,Henrik Stenson,32.00,32,1
14,Mike Weir,32.00,32,1
20,Stephen Ames,33.00,33,1
20,Rory Sabbatini,33.00,33,1
20,Vijay Singh,33.00,33,1
23,Chad Campbell,34.00,34,1
23,Zach Johnson,34.00,34,1
23,Mark Wilson,34.00,34,1
26,Mark Calcavecchia,35.00,35,1
26,Boo Weekley,35.00,35,1
28,Brian Bateman,36.00,36,1
28,K.J. Choi,36.00,36,1
28,Paul Goydos,36.00,36,1
31,Charley Hoffman,37.00,37,1
