rank,player,Avg,Total 2 Putts,Total Rounds
1,Charley Hoffman,13.50,54,4
2,Nick Watney,13.25,53,4
2,Mark Wilson,13.25,53,4
4,Brian Bateman,13.00,52,4
4,Vijay Singh,13.00,52,4
6,Zach Johnson,12.75,51,4
7,Joe Ogilvie,12.50,50,4
7,Rory Sabbatini,12.50,50,4
9,Charles Howell III,12.25,49,4
9,Boo Weekley,12.25,49,4
11,Paul Goydos,12.00,48,4
11,Steve Stricker,12.00,48,4
11,Scott Verplank,12.00,48,4
14,Chad Campbell,11.75,47,4
14,Fred Funk,11.75,47,4
14,Jim Furyk,11.75,47,4
14,Mike Weir,11.75,47,4
18,Jonathan Byrd,11.50,46,4
18,K.J. Choi,11.50,46,4
18,Steve Flesch,11.50,46,4
21,Aaron Baddeley,11.25,45,4
21,Hunter Mahan,11.25,45,4
23,Woody Austin,11.00,44,4
23,Ángel Cabrera,11.00,44,4
23,Mark Calcavecchia,11.00,44,4
23,Henrik Stenson,11.00,44,4
27,Justin Leonard,10.50,42,4
28,Daniel Chopra,10.25,41,4
28,George McNeill,10.25,41,4
30,Stephen Ames,10.00,40,4
31,Brandt Snedeker,9.00,36,4
