rank,player,Low Rnd
1,Justin Leonard,65
1,Geoff Ogilvy,65
3,Ryan Palmer,66
3,D.J. Trahan,66
3,Camilo Villegas,66
6,J.B. Holmes,67
6,Anthony Kim,67
6,Davis Love III,67
9,Ernie Els,68
9,Kenny Perry,68
11,Ryuji Imada,69
11,Richard Johnson,69
11,Will MacKenzie,69
11,Boo Weekley,69
15,Brian Gay,70
15,Sean O'Hair,70
15,Vijay Singh,70
15,Johnson Wagner,70
19,K.J. Choi,71
19,Stewart Cink,71
21,Trevor Immelman,72
21,Dustin Johnson,72
21,Carl Pettersson,72
21,Andres Romero,72
25,Greg Kraft,73
25,Adam Scott,73
27,Marc Turnesa,74
28,Zach Johnson,75
28,Steve Lowery,75
28,Chez Reavie,75
31,Daniel Chopra,79
