rank,player,Avg,Total Strokes,Total 1st Tee Late Rounds
1,Geoff Ogilvy,67.00,201,3
2,Davis Love III,68.33,205,3
3,Anthony Kim,68.50,274,4
4,D.J. Trahan,69.25,277,4
5,Will MacKenzie,69.50,139,2
6,Justin Leonard,69.67,209,3
6,Kenny Perry,69.67,209,3
8,Ernie Els,70.00,210,3
8,Brian Gay,70.00,70,1
10,Boo Weekley,70.25,281,4
11,Sean O'Hair,70.50,141,2
11,Johnson Wagner,70.50,141,2
13,Stewart Cink,71.00,71,1
13,Ryuji Imada,71.00,213,3
13,Camilo Villegas,71.00,213,3
16,K.J. Choi,71.67,215,3
17,Trevor Immelman,72.00,72,1
17,Dustin Johnson,72.00,72,1
17,Carl Pettersson,72.00,72,1
20,Greg Kraft,73.00,73,1
20,Adam Scott,73.00,146,2
20,Vijay Singh,73.00,73,1
23,J.B. Holmes,74.00,74,1
24,Zach Johnson,75.00,75,1
24,Steve Lowery,75.00,75,1
24,Chez Reavie,75.00,75,1
27,Andres Romero,78.00,78,1
28,Daniel Chopra,79.00,79,1
