rank,player,Low Rnd
1,Justin Leonard,65
1,Geoff Ogilvy,65
3,D.J. Trahan,66
3,Camilo Villegas,66
5,Anthony Kim,67
5,Davis Love III,67
7,Ernie Els,68
7,Kenny Perry,68
9,Ryuji Imada,69
9,Will MacKenzie,69
9,Boo Weekley,69
12,Brian Gay,70
12,Sean O'Hair,70
12,Johnson Wagner,70
15,K.J. Choi,71
15,Stewart Cink,71
17,Trevor Immelman,72
17,Dustin Johnson,72
17,Carl Pettersson,72
20,Greg Kraft,73
20,Adam Scott,73
20,Vijay Singh,73
23,J.B. Holmes,74
24,Zach Johnson,75
24,Steve Lowery,75
24,Chez Reavie,75
27,Andres Romero,78
28,Daniel Chopra,79
