rank,player,Avg,Total Strokes,Total Late Rounds
1,Ryan Palmer,66.00,66,1
2,Geoff Ogilvy,67.00,201,3
3,Davis Love III,68.33,205,3
4,Anthony Kim,68.50,274,4
5,Richard Johnson,69.00,69,1
6,D.J. Trahan,69.25,277,4
7,Will MacKenzie,69.50,139,2
8,Justin Leonard,69.67,209,3
8,Kenny Perry,69.67,209,3
10,Ernie Els,70.00,210,3
10,Brian Gay,70.00,70,1
12,Boo Weekley,70.25,281,4
13,J.B. Holmes,70.50,141,2
13,Sean O'Hair,70.50,141,2
13,Johnson Wagner,70.50,141,2
16,Stewart Cink,71.00,71,1
16,Ryuji Imada,71.00,213,3
16,Camilo Villegas,71.00,213,3
19,Vijay Singh,71.50,143,2
20,K.J. Choi,71.67,215,3
21,Trevor Immelman,72.00,72,1
21,Dustin Johnson,72.00,72,1
21,Carl Pettersson,72.00,72,1
24,Greg Kraft,73.00,73,1
24,Adam Scott,73.00,146,2
26,Marc Turnesa,74.00,74,1
27,Zach Johnson,75.00,75,1
27,Steve Lowery,75.00,75,1
27,Chez Reavie,75.00,75,1
27,Andres Romero,75.00,150,2
31,Daniel Chopra,79.00,79,1
