rank,player,%,# of Birdie or Better,Attempts,RTP-Successes,RTP-Not going for the grn
1,Robert Allenby,100.00,7,7,-8,-1.00
1,Luke Donald,100.00,6,6,-6,E
1,Steve Marino,100.00,7,7,-8,-1.00
1,Rory Sabbatini,100.00,7,7,-7,-1.00
5,Rich Beem,87.50,7,8,-8,E
5,David Branshaw,87.50,7,8,-9,E
7,Charles Howell III,85.71,6,7,-9,-1.00
7,George McNeill,85.71,6,7,-7,-1.00
7,Boo Weekley,85.71,6,7,-6,E
10,Daniel Chopra,83.33,5,6,-6,+2.00
10,Ryuji Imada,83.33,5,6,-5,E
10,Craig Kanada,83.33,5,6,-6,-1.00
10,Doug LaBelle II,83.33,5,6,-5,E
10,Steve Lowery,83.33,5,6,-5,-1.00
10,Jarrod Lyle,83.33,5,6,-7,E
10,Will MacKenzie,83.33,5,6,-6,+1.00
10,Vijay Singh,83.33,5,6,-5,-1.00
18,Shane Bertsch,80.00,4,5,-4,-1.00
18,Harrison Frazar,80.00,8,10,-9,+1.00
18,J.J. Henry,80.00,4,5,-4,-1.00
18,Cliff Kresge,80.00,4,5,-5,+1.00
18,Craig Lile,80.00,4,5,-4,E
18,Davis Love III,80.00,4,5,-4,E
18,Daisuke Maruyama,80.00,4,5,-6,-1.00
18,Geoff Ogilvy,80.00,4,5,-4,-1.00
18,Steve Stricker,80.00,4,5,-5,-2.00
27,John Daly,77.78,7,9,-8,-1.00
28,Jason Dufner,75.00,6,8,-7,E
28,J.P. Hayes,75.00,3,4,-3,-3.00
28,Troy Matteson,75.00,6,8,-7,E
28,John Senden,75.00,6,8,-6,E
28,Bubba Watson,75.00,6,8,-6,E
33,Ken Duke,71.43,5,7,-5,+1.00
33,Nathan Green,71.43,5,7,-6,+1.00
33,Rod Pampling,71.43,5,7,-6,+1.00
33,Tim Petrovic,71.43,5,7,-5,+1.00
33,Michael Putnam,71.43,5,7,-6,E
33,John Rollins,71.43,5,7,-5,E
33,Heath Slocum,71.43,5,7,-5,E
33,Jeff Sluman,71.43,5,7,-6,E
33,Bo Van Pelt,71.43,5,7,-6,E
42,Chad Campbell,66.67,4,6,-4,E
42,Joe Daley,66.67,4,6,-4,+1.00
42,Tadd Fujikawa,66.67,2,3,-3,-2.00
42,Paul Goydos,66.67,4,6,-4,-2.00
42,Jerry Kelly,66.67,4,6,-4,-2.00
47,Yusaku Miyazato,62.50,5,8,-5,E
48,K.J. Choi,60.00,3,5,-5,E
48,Brian Gay,60.00,3,5,-3,E
48,Jeff Maggert,60.00,3,5,-3,-1.00
48,Brett Quigley,60.00,3,5,-3,-1.00
52,Bart Bryant,57.14,4,7,-4,E
52,Jesper Parnevik,57.14,4,7,-4,E
52,Ted Purdy,57.14,4,7,-4,-1.00
52,Jeff Quinney,57.14,4,7,-4,E
56,Paul Azinger,50.00,3,6,-5,E
56,Andrew Buckle,50.00,3,6,-3,+1.00
56,Jim Furyk,50.00,3,6,-4,-1.00
56,Robert Garrigus,50.00,4,8,-4,+1.00
56,Tom Lehman,50.00,3,6,-3,E
56,Pat Perez,50.00,2,4,-4,-1.00
56,Kenny Perry,50.00,3,6,-3,E
56,David Toms,50.00,3,6,-4,E
64,Johnson Wagner,42.86,3,7,-3,E
65,Kaname Yokoo,40.00,2,5,-2,-1.00
66,Eric Axley,33.33,2,6,-2,-2.00
67,Briny Baird,28.57,2,7,-2,-1.00
68,Glen Day,25.00,1,4,-1,-1.00
68,Azuma Yano,25.00,1,4,-1,-1.00
70,Trevor Immelman,12.50,1,8,-1,E
71,Cameron Beckman,.00,0,4,E,+1.00
71,Gavin Coles,.00,0,3,E,-1.00
