rank,player,%,Attempts
1,Rich Beem,100.00,8
1,David Branshaw,100.00,8
1,Jason Dufner,100.00,8
1,Trevor Immelman,100.00,8
1,Troy Matteson,100.00,8
1,Yusaku Miyazato,100.00,8
1,John Senden,100.00,8
8,Robert Allenby,87.50,7
8,Briny Baird,87.50,7
8,Bart Bryant,87.50,7
8,Ken Duke,87.50,7
8,Harrison Frazar,87.50,7
8,Robert Garrigus,87.50,7
8,Nathan Green,87.50,7
8,Charles Howell III,87.50,7
8,Steve Marino,87.50,7
8,George McNeill,87.50,7
8,Rod Pampling,87.50,7
8,Jesper Parnevik,87.50,7
8,Tim Petrovic,87.50,7
8,Ted Purdy,87.50,7
8,Jeff Quinney,87.50,7
8,John Rollins,87.50,7
8,Rory Sabbatini,87.50,7
8,Heath Slocum,87.50,7
8,Jeff Sluman,87.50,7
8,Bo Van Pelt,87.50,7
8,Johnson Wagner,87.50,7
8,Bubba Watson,87.50,7
8,Boo Weekley,87.50,7
31,Eric Axley,75.00,6
31,Paul Azinger,75.00,6
31,Andrew Buckle,75.00,6
31,Chad Campbell,75.00,6
31,Daniel Chopra,75.00,6
31,Joe Daley,75.00,6
31,John Daly,75.00,6
31,Luke Donald,75.00,6
31,Jim Furyk,75.00,6
31,Paul Goydos,75.00,6
31,Ryuji Imada,75.00,6
31,Craig Kanada,75.00,6
31,Jerry Kelly,75.00,6
31,Doug LaBelle II,75.00,6
31,Tom Lehman,75.00,6
31,Steve Lowery,75.00,6
31,Jarrod Lyle,75.00,6
31,Will MacKenzie,75.00,6
31,Kenny Perry,75.00,6
31,Michael Putnam,75.00,6
31,Vijay Singh,75.00,6
31,David Toms,75.00,6
53,Shane Bertsch,62.50,5
53,K.J. Choi,62.50,5
53,Brian Gay,62.50,5
53,J.J. Henry,62.50,5
53,Cliff Kresge,62.50,5
53,Craig Lile,62.50,5
53,Davis Love III,62.50,5
53,Jeff Maggert,62.50,5
53,Daisuke Maruyama,62.50,5
53,Geoff Ogilvy,62.50,5
53,Brett Quigley,62.50,5
53,Steve Stricker,62.50,5
53,Kaname Yokoo,62.50,5
66,Cameron Beckman,50.00,4
66,Glen Day,50.00,4
66,J.P. Hayes,50.00,4
66,Pat Perez,50.00,4
66,Azuma Yano,50.00,4
71,Gavin Coles,37.50,3
71,Tadd Fujikawa,37.50,3
