rank,player,%,Successes,Attempts,RTP-Successes,RTP-Not going for the grn
1,Robert Allenby,85.71,6,7,-7,-1.00
2,Charles Howell III,71.43,5,7,-8,-1.00
2,Rory Sabbatini,71.43,5,7,-5,-1.00
4,Luke Donald,66.67,4,6,-4,E
4,Steve Lowery,66.67,4,6,-4,-1.00
6,Rich Beem,62.50,5,8,-6,E
6,David Branshaw,62.50,5,8,-7,E
8,Shane Bertsch,60.00,3,5,-3,-1.00
8,K.J. Choi,60.00,3,5,-5,E
8,Davis Love III,60.00,3,5,-2,E
8,Geoff Ogilvy,60.00,3,5,-3,-1.00
12,Steve Marino,57.14,4,7,-5,-1.00
12,George McNeill,57.14,4,7,-4,-1.00
12,Jeff Sluman,57.14,4,7,-5,E
12,Bo Van Pelt,57.14,4,7,-5,E
16,Paul Azinger,50.00,3,6,-5,E
16,Daniel Chopra,50.00,3,6,-4,+2.00
16,J.P. Hayes,50.00,2,4,-2,-3.00
16,Jerry Kelly,50.00,3,6,-3,-2.00
16,Will MacKenzie,50.00,3,6,-3,+1.00
16,Troy Matteson,50.00,4,8,-5,E
16,Pat Perez,50.00,2,4,-4,-1.00
16,John Senden,50.00,4,8,-4,E
16,Vijay Singh,50.00,3,6,-3,-1.00
16,David Toms,50.00,3,6,-3,E
16,Azuma Yano,50.00,2,4,-1,-1.00
27,Rod Pampling,42.86,3,7,-4,+1.00
27,Jesper Parnevik,42.86,3,7,-3,E
29,Harrison Frazar,40.00,4,10,-4,+1.00
29,J.J. Henry,40.00,2,5,-2,-1.00
29,Cliff Kresge,40.00,2,5,-3,+1.00
29,Craig Lile,40.00,2,5,-2,E
29,Jeff Maggert,40.00,2,5,-2,-1.00
29,Daisuke Maruyama,40.00,2,5,-4,-1.00
35,Jason Dufner,37.50,3,8,-4,E
35,Robert Garrigus,37.50,3,8,-3,+1.00
35,Yusaku Miyazato,37.50,3,8,-2,E
38,Andrew Buckle,33.33,2,6,-2,+1.00
38,Chad Campbell,33.33,2,6,-2,E
38,Tadd Fujikawa,33.33,1,3,-2,-2.00
38,Ryuji Imada,33.33,2,6,-2,E
38,Doug LaBelle II,33.33,2,6,-2,E
38,Jarrod Lyle,33.33,2,6,-4,E
38,Kenny Perry,33.33,2,6,-2,E
45,Ken Duke,28.57,2,7,-2,+1.00
45,Tim Petrovic,28.57,2,7,-2,+1.00
45,Ted Purdy,28.57,2,7,-2,-1.00
48,Cameron Beckman,25.00,1,4,E,+1.00
48,Bubba Watson,25.00,2,8,-2,E
50,John Daly,22.22,2,9,-3,-1.00
51,Brian Gay,20.00,1,5,-1,E
51,Brett Quigley,20.00,1,5,-1,-1.00
51,Steve Stricker,20.00,1,5,-2,-2.00
51,Kaname Yokoo,20.00,1,5,E,-1.00
55,Joe Daley,16.67,1,6,-1,+1.00
55,Jim Furyk,16.67,1,6,-2,-1.00
55,Tom Lehman,16.67,1,6,-1,E
58,Briny Baird,14.29,1,7,-1,-1.00
58,Bart Bryant,14.29,1,7,-1,E
58,Michael Putnam,14.29,1,7,-2,E
58,Jeff Quinney,14.29,1,7,-1,E
58,John Rollins,14.29,1,7,-1,E
58,Heath Slocum,14.29,1,7,-1,E
58,Boo Weekley,14.29,1,7,-1,E
65,Trevor Immelman,12.50,1,8,-1,E
66,Eric Axley,.00,0,6,E,-2.00
66,Gavin Coles,.00,0,3,E,-1.00
66,Glen Day,.00,0,4,E,-1.00
66,Paul Goydos,.00,0,6,E,-2.00
66,Nathan Green,.00,0,7,E,+1.00
66,Craig Kanada,.00,0,6,E,-1.00
66,Johnson Wagner,.00,0,7,E,E
