rank,player,Avg,Total Dist after GFG Shot,Total GFG Shots
1,Steve Marino,8.4,"2,109.000",7
2,David Toms,10.3,"2,217.000",6
3,Rory Sabbatini,12.0,"3,016.000",7
4,Shane Bertsch,12.2,"2,196.000",5
5,Chad Campbell,13.1,"2,839.000",6
5,Charles Howell III,13.1,"3,308.000",7
7,Yusaku Miyazato,13.5,"3,880.000",8
8,Brett Quigley,13.9,"2,501.000",5
9,Robert Allenby,14.2,"3,573.000",7
10,David Branshaw,14.3,"4,117.000",8
11,Daniel Chopra,14.7,"3,181.000",6
11,Troy Matteson,14.7,"4,247.000",8
13,Luke Donald,14.9,"3,221.000",6
13,Jeff Sluman,14.9,"3,748.000",7
15,George McNeill,15.0,"3,779.000",7
16,Paul Goydos,15.2,"3,273.000",6
16,Jarrod Lyle,15.2,"3,287.000",6
18,Pat Perez,15.7,"2,262.000",4
19,Paul Azinger,15.8,"3,402.000",6
20,Steve Lowery,16.1,"3,481.000",6
20,Will MacKenzie,16.1,"3,469.000",6
22,John Senden,16.2,"4,668.000",8
23,Ted Purdy,16.9,"4,257.000",7
24,Ryuji Imada,17.0,"3,682.000",6
25,Jim Furyk,17.3,"3,745.000",6
26,Tadd Fujikawa,17.4,"1,874.000",3
27,Azuma Yano,17.5,"2,524.000",4
28,Jeff Maggert,17.7,"3,180.000",5
28,Jesper Parnevik,17.7,"4,456.000",7
30,Boo Weekley,17.8,"4,474.000",7
31,Vijay Singh,18.1,"3,920.000",6
32,Craig Lile,18.2,"3,280.000",5
33,Bo Van Pelt,18.4,"4,649.000",7
34,Jason Dufner,18.7,"5,392.000",8
34,Davis Love III,18.7,"3,358.000",5
34,Geoff Ogilvy,18.7,"3,373.000",5
37,Rod Pampling,18.9,"4,752.000",7
38,Rich Beem,19.1,"5,513.000",8
38,Bubba Watson,19.1,"5,502.000",8
40,K.J. Choi,19.2,"3,454.000",5
41,Jeff Quinney,19.3,"4,875.000",7
42,Andrew Buckle,19.6,"4,230.000",6
43,Cliff Kresge,19.7,"3,539.000",5
44,Tim Petrovic,19.9,"5,026.000",7
45,Jerry Kelly,20.1,"4,340.000",6
45,John Rollins,20.1,"5,066.000",7
47,Trevor Immelman,20.9,"6,029.000",8
48,Briny Baird,21.1,"5,320.000",7
48,Daisuke Maruyama,21.1,"3,805.000",5
50,Nathan Green,21.8,"5,497.000",7
51,Heath Slocum,22.1,"5,558.000",7
52,Joe Daley,22.6,"4,872.000",6
53,Doug LaBelle II,22.7,"4,910.000",6
54,John Daly,22.9,"7,413.000",9
54,J.P. Hayes,22.9,"3,298.000",4
56,Steve Stricker,23.1,"4,152.000",5
57,Kenny Perry,23.2,"5,007.000",6
58,Craig Kanada,23.5,"5,068.000",6
59,Ken Duke,23.9,"6,023.000",7
59,Harrison Frazar,23.9,"8,607.000",10
61,Brian Gay,24.2,"4,349.000",5
62,Eric Axley,24.6,"5,317.000",6
63,Johnson Wagner,25.5,"6,428.000",7
64,Michael Putnam,26.1,"6,579.000",7
65,Cameron Beckman,26.2,"3,776.000",4
66,J.J. Henry,26.4,"4,754.000",5
67,Bart Bryant,28.1,"7,074.000",7
68,Robert Garrigus,28.3,"8,148.000",8
69,Tom Lehman,28.5,"6,155.000",6
70,Kaname Yokoo,28.8,"5,188.000",5
71,Gavin Coles,32.4,"3,499.000",3
72,Glen Day,36.2,"5,212.000",4
