rank,player,%,Attempts,RTP-Going for the green,RTP-Not going for the grn
1,Rich Beem,100.00,8,-8,E
1,David Branshaw,100.00,8,-9,E
1,Jason Dufner,100.00,8,-7,E
1,Trevor Immelman,100.00,8,-1,E
1,Troy Matteson,100.00,8,-7,E
1,Yusaku Miyazato,100.00,8,-5,E
1,John Senden,100.00,8,-6,E
8,Robert Allenby,87.50,7,-8,-1
8,Briny Baird,87.50,7,-2,-1
8,Bart Bryant,87.50,7,-4,E
8,Ken Duke,87.50,7,-5,+1
8,Harrison Frazar,87.50,7,-9,+1
8,Robert Garrigus,87.50,7,-4,+1
8,Nathan Green,87.50,7,-6,+1
8,Charles Howell III,87.50,7,-9,-1
8,Steve Marino,87.50,7,-8,-1
8,George McNeill,87.50,7,-7,-1
8,Rod Pampling,87.50,7,-6,+1
8,Jesper Parnevik,87.50,7,-4,E
8,Tim Petrovic,87.50,7,-4,+1
8,Ted Purdy,87.50,7,-4,-1
8,Jeff Quinney,87.50,7,-4,E
8,John Rollins,87.50,7,-5,E
8,Rory Sabbatini,87.50,7,-7,-1
8,Heath Slocum,87.50,7,-5,E
8,Jeff Sluman,87.50,7,-6,E
8,Bo Van Pelt,87.50,7,-6,E
8,Johnson Wagner,87.50,7,-3,E
8,Bubba Watson,87.50,7,-6,E
8,Boo Weekley,87.50,7,-6,E
31,Eric Axley,75.00,6,-2,-2
31,Paul Azinger,75.00,6,-5,E
31,Andrew Buckle,75.00,6,-3,+1
31,Chad Campbell,75.00,6,-4,E
31,Daniel Chopra,75.00,6,-6,+2
31,Joe Daley,75.00,6,-3,+1
31,John Daly,75.00,6,-8,-1
31,Luke Donald,75.00,6,-6,E
31,Jim Furyk,75.00,6,-4,-1
31,Paul Goydos,75.00,6,-4,-2
31,Ryuji Imada,75.00,6,-5,E
31,Craig Kanada,75.00,6,-6,-1
31,Jerry Kelly,75.00,6,-3,-2
31,Doug LaBelle II,75.00,6,-5,E
31,Tom Lehman,75.00,6,-3,E
31,Steve Lowery,75.00,6,-5,-1
31,Jarrod Lyle,75.00,6,-7,E
31,Will MacKenzie,75.00,6,-6,+1
31,Kenny Perry,75.00,6,-2,E
31,Michael Putnam,75.00,6,-5,E
31,Vijay Singh,75.00,6,-5,-1
31,David Toms,75.00,6,-4,E
53,Shane Bertsch,62.50,5,-4,-1
53,K.J. Choi,62.50,5,-5,E
53,Brian Gay,62.50,5,-3,E
53,J.J. Henry,62.50,5,-4,-1
53,Cliff Kresge,62.50,5,-5,+1
53,Craig Lile,62.50,5,-4,E
53,Davis Love III,62.50,5,-4,E
53,Jeff Maggert,62.50,5,-3,-1
53,Daisuke Maruyama,62.50,5,-6,-1
53,Geoff Ogilvy,62.50,5,-4,-1
53,Brett Quigley,62.50,5,-3,-1
53,Steve Stricker,62.50,5,-5,-2
53,Kaname Yokoo,62.50,5,-2,-1
66,Cameron Beckman,50.00,4,E,+1
66,Glen Day,50.00,4,-1,-1
66,J.P. Hayes,50.00,4,-3,-3
66,Pat Perez,50.00,4,-4,-1
66,Azuma Yano,50.00,4,-1,-1
71,Gavin Coles,37.50,3,E,-1
71,Tadd Fujikawa,37.50,3,-3,-2
