rank,player,% Made,Attempts,Putts Made
1,Jordan Spieth,14.29,28,4
2,Justin Thomas,13.04,23,3
3,Cody Gribble,11.54,26,3
4,Jim Herman,10.81,37,4
5,Brendan Steele,8.70,23,2
6,Daniel Berger,8.00,25,2
6,Brian Stuard,8.00,25,2
8,Jason Dufner,7.69,26,2
8,Rod Pampling,7.69,26,2
8,Jimmy Walker,7.69,26,2
11,James Hahn,7.41,27,2
11,Mackenzie Hughes,7.41,27,2
13,Jason Day,7.14,28,2
14,Pat Perez,5.88,34,2
15,Charley Hoffman,5.26,19,1
16,Si Woo Kim,4.76,21,1
17,Brandt Snedeker,4.55,22,1
18,Aaron Baddeley,4.00,25,1
18,Patrick Reed,4.00,25,1
18,Bubba Watson,4.00,25,1
21,Dustin Johnson,3.85,26,1
21,William McGirt,3.85,26,1
23,Tony Finau,3.70,27,1
23,Hideki Matsuyama,3.70,27,1
23,Ryan Moore,3.70,27,1
23,Jhonattan Vegas,3.70,27,1
27,Vaughn Taylor,3.57,28,1
28,Billy Hurley III,3.03,33,1
29,Greg Chalmers,.00,18,-
29,Fabián Gómez,.00,25,-
29,Branden Grace,.00,22,-
29,Russell Knox,.00,27,-
