rank,player,Putts Made
1,Jim Herman,4.0
1,Jordan Spieth,4.0
3,Cody Gribble,3.0
3,Justin Thomas,3.0
5,Daniel Berger,2.0
5,Jason Day,2.0
5,Jason Dufner,2.0
5,James Hahn,2.0
5,Mackenzie Hughes,2.0
5,Rod Pampling,2.0
5,Pat Perez,2.0
5,Brendan Steele,2.0
5,Brian Stuard,2.0
5,Jimmy Walker,2.0
15,Aaron Baddeley,1.0
15,Tony Finau,1.0
15,Charley Hoffman,1.0
15,Billy Hurley III,1.0
15,Dustin Johnson,1.0
15,Si Woo Kim,1.0
15,Hideki Matsuyama,1.0
15,William McGirt,1.0
15,Ryan Moore,1.0
15,Patrick Reed,1.0
15,Brandt Snedeker,1.0
15,Vaughn Taylor,1.0
15,Jhonattan Vegas,1.0
15,Bubba Watson,1.0
29,Greg Chalmers,.0
29,Fabián Gómez,.0
29,Branden Grace,.0
29,Russell Knox,.0
