rank,player,% Made,Attempts,Putts Made
1,Cody Gribble,25.53,47,12
2,Jason Dufner,18.75,48,9
3,Patrick Reed,17.78,45,8
3,Brendan Steele,17.78,45,8
5,Justin Thomas,17.39,46,8
6,William McGirt,16.67,48,8
7,Charley Hoffman,16.28,43,7
8,Mackenzie Hughes,15.38,52,8
8,Vaughn Taylor,15.38,52,8
10,Jimmy Walker,14.89,47,7
11,Rod Pampling,14.58,48,7
12,Tony Finau,14.29,42,6
12,Jordan Spieth,14.29,42,6
14,Pat Perez,14.00,50,7
15,Ryan Moore,13.21,53,7
16,Daniel Berger,12.50,48,6
16,Jim Herman,12.50,56,7
18,Fabián Gómez,12.00,50,6
19,Si Woo Kim,11.11,36,4
20,Greg Chalmers,10.53,38,4
21,Brian Stuard,10.20,49,5
22,Jason Day,9.30,43,4
23,Hideki Matsuyama,9.09,44,4
24,Bubba Watson,8.89,45,4
25,Branden Grace,8.16,49,4
26,Billy Hurley III,8.00,50,4
27,James Hahn,7.14,42,3
28,Aaron Baddeley,6.98,43,3
29,Brandt Snedeker,5.00,40,2
30,Jhonattan Vegas,4.17,48,2
31,Dustin Johnson,4.08,49,2
32,Russell Knox,2.33,43,1
