rank,player,% Made,Attempts,Putts made
1,Si Woo Kim,100.00,2,2
1,Ryan Moore,100.00,2,2
1,Brandt Snedeker,100.00,3,3
1,Brendan Steele,100.00,2,2
1,Vaughn Taylor,100.00,1,1
1,Jimmy Walker,100.00,3,3
7,Greg Chalmers,71.43,7,5
7,Russell Knox,71.43,7,5
9,Charley Hoffman,66.67,3,2
9,Mackenzie Hughes,66.67,3,2
9,Dustin Johnson,66.67,3,2
9,Jhonattan Vegas,66.67,3,2
9,Bubba Watson,66.67,3,2
14,Aaron Baddeley,60.00,5,3
14,Billy Hurley III,60.00,5,3
16,Tony Finau,50.00,4,2
16,Fabián Gómez,50.00,2,1
16,Jordan Spieth,50.00,4,2
16,Justin Thomas,50.00,2,1
20,Jason Day,40.00,5,2
20,William McGirt,40.00,5,2
22,Jason Dufner,33.33,3,1
22,Jim Herman,33.33,3,1
22,Hideki Matsuyama,33.33,3,1
25,Pat Perez,25.00,4,1
26,Daniel Berger,20.00,5,1
27,Branden Grace,.00,2,0
27,Cody Gribble,.00,3,0
27,James Hahn,.00,1,0
27,Rod Pampling,.00,2,0
27,Patrick Reed,.00,3,0
