rank,player,% Made,Attempts,Putts made
1,Justin Thomas,66.67,3,2
2,Rod Pampling,40.00,5,2
2,Jordan Spieth,40.00,5,2
4,Daniel Berger,25.00,4,1
4,Cody Gribble,25.00,4,1
6,Jason Day,20.00,10,2
6,Tony Finau,20.00,5,1
6,Jim Herman,20.00,10,2
6,Mackenzie Hughes,20.00,5,1
6,William McGirt,20.00,5,1
6,Pat Perez,20.00,5,1
6,Brendan Steele,20.00,5,1
13,James Hahn,16.67,6,1
14,Hideki Matsuyama,10.00,10,1
14,Jhonattan Vegas,10.00,10,1
16,Patrick Reed,7.69,13,1
17,Aaron Baddeley,.00,7,-
17,Greg Chalmers,.00,3,-
17,Jason Dufner,.00,4,-
17,Fabián Gómez,.00,6,-
17,Branden Grace,.00,4,-
17,Charley Hoffman,.00,7,-
17,Billy Hurley III,.00,6,-
17,Dustin Johnson,.00,8,-
17,Si Woo Kim,.00,4,-
17,Russell Knox,.00,6,-
17,Ryan Moore,.00,7,-
17,Brandt Snedeker,.00,6,-
17,Brian Stuard,.00,8,-
17,Vaughn Taylor,.00,9,-
17,Jimmy Walker,.00,7,-
17,Bubba Watson,.00,3,-
