rank,player,Putts Made
1,Cody Gribble,12.0
2,Jason Dufner,9.0
3,Mackenzie Hughes,8.0
3,William McGirt,8.0
3,Patrick Reed,8.0
3,Brendan Steele,8.0
3,Vaughn Taylor,8.0
3,Justin Thomas,8.0
9,Jim Herman,7.0
9,Charley Hoffman,7.0
9,Ryan Moore,7.0
9,Rod Pampling,7.0
9,Pat Perez,7.0
9,Jimmy Walker,7.0
15,Daniel Berger,6.0
15,Tony Finau,6.0
15,Fabián Gómez,6.0
15,Jordan Spieth,6.0
19,Brian Stuard,5.0
20,Greg Chalmers,4.0
20,Jason Day,4.0
20,Branden Grace,4.0
20,Billy Hurley III,4.0
20,Si Woo Kim,4.0
20,Hideki Matsuyama,4.0
20,Bubba Watson,4.0
27,Aaron Baddeley,3.0
27,James Hahn,3.0
29,Dustin Johnson,2.0
29,Brandt Snedeker,2.0
29,Jhonattan Vegas,2.0
32,Russell Knox,1.0
