rank,player,% Made,Attempts,Putts made
1,Fabián Gómez,100.00,1,1
1,Billy Hurley III,100.00,4,4
1,Russell Knox,100.00,1,1
4,Jim Herman,75.00,4,3
4,Hideki Matsuyama,75.00,4,3
4,Rod Pampling,75.00,4,3
7,Dustin Johnson,66.67,3,2
7,Patrick Reed,66.67,9,6
7,Brandt Snedeker,66.67,3,2
7,Brian Stuard,66.67,3,2
11,Branden Grace,60.00,5,3
12,Aaron Baddeley,50.00,2,1
12,Greg Chalmers,50.00,6,3
12,James Hahn,50.00,2,1
12,Charley Hoffman,50.00,6,3
12,William McGirt,50.00,2,1
12,Ryan Moore,50.00,4,2
12,Brendan Steele,50.00,2,1
12,Justin Thomas,50.00,4,2
12,Jimmy Walker,50.00,6,3
12,Bubba Watson,50.00,2,1
22,Tony Finau,40.00,5,2
23,Daniel Berger,33.33,3,1
23,Jason Dufner,33.33,6,2
23,Si Woo Kim,33.33,3,1
23,Jhonattan Vegas,33.33,6,2
27,Mackenzie Hughes,25.00,4,1
28,Jason Day,20.00,5,1
29,Cody Gribble,.00,1,0
29,Pat Perez,.00,2,0
29,Jordan Spieth,.00,1,0
29,Vaughn Taylor,.00,1,0
