rank,player,% Made,Attempts,Putts made
1,Fabián Gómez,84.62,13,11
2,Russell Knox,84.00,25,21
3,Hideki Matsuyama,80.95,21,17
4,Justin Thomas,78.57,14,11
5,Brandt Snedeker,77.78,27,21
6,Jim Herman,75.00,16,12
6,Brian Stuard,75.00,12,9
6,Vaughn Taylor,75.00,8,6
9,James Hahn,71.43,14,10
9,Dustin Johnson,71.43,14,10
11,Charley Hoffman,70.00,20,14
11,Billy Hurley III,70.00,20,14
13,Jordan Spieth,68.75,16,11
14,Si Woo Kim,66.67,15,10
14,Brendan Steele,66.67,18,12
16,Patrick Reed,65.00,20,13
17,Branden Grace,64.71,17,11
18,Greg Chalmers,64.00,25,16
19,Pat Perez,62.50,16,10
20,Rod Pampling,61.90,21,13
21,Jimmy Walker,61.54,13,8
22,Ryan Moore,60.00,10,6
23,Jhonattan Vegas,59.09,22,13
24,Jason Dufner,58.82,17,10
25,Aaron Baddeley,57.89,19,11
26,Tony Finau,57.14,21,12
27,Jason Day,56.52,23,13
28,Daniel Berger,56.25,16,9
28,William McGirt,56.25,16,9
30,Cody Gribble,53.85,13,7
31,Bubba Watson,53.33,15,8
32,Mackenzie Hughes,38.46,13,5
