rank,player,% Made,Attempts,Putts made
1,Fabián Gómez,100.00,11,11
1,Vaughn Taylor,100.00,8,8
3,Pat Perez,94.12,17,16
4,Daniel Berger,93.75,16,15
4,William McGirt,93.75,16,15
6,Cody Gribble,93.33,15,14
6,Justin Thomas,93.33,15,14
8,Hideki Matsuyama,92.86,14,13
9,Jason Dufner,92.31,13,12
9,Jim Herman,92.31,13,12
9,Dustin Johnson,92.31,13,12
12,Mackenzie Hughes,91.67,12,11
13,Brendan Steele,90.91,11,10
14,Jhonattan Vegas,90.00,10,9
15,Patrick Reed,88.89,9,8
16,Tony Finau,87.50,8,7
16,Charley Hoffman,87.50,16,14
16,Russell Knox,87.50,16,14
16,Ryan Moore,87.50,8,7
20,Jason Day,86.67,15,13
21,Brian Stuard,85.71,14,12
21,Jimmy Walker,85.71,7,6
23,Greg Chalmers,83.33,12,10
24,Brandt Snedeker,82.61,23,19
25,Jordan Spieth,82.35,17,14
26,Rod Pampling,80.00,15,12
27,Aaron Baddeley,78.26,23,18
28,Bubba Watson,77.78,18,14
29,James Hahn,75.00,12,9
30,Branden Grace,73.33,15,11
31,Si Woo Kim,71.43,14,10
32,Billy Hurley III,61.11,18,11
