rank,player,% Made,Attempts,Putts made
1,Brian Stuard,11.76,17,2
2,Jimmy Walker,10.53,19,2
3,Jason Dufner,9.09,22,2
3,Cody Gribble,9.09,22,2
5,Jordan Spieth,8.70,23,2
6,Charley Hoffman,8.33,12,1
7,Jim Herman,7.41,27,2
8,Brandt Snedeker,6.25,16,1
9,Si Woo Kim,5.88,17,1
10,Aaron Baddeley,5.56,18,1
10,Dustin Johnson,5.56,18,1
10,Brendan Steele,5.56,18,1
13,Vaughn Taylor,5.26,19,1
14,Ryan Moore,5.00,20,1
14,Justin Thomas,5.00,20,1
16,Daniel Berger,4.76,21,1
16,James Hahn,4.76,21,1
18,Mackenzie Hughes,4.55,22,1
18,Bubba Watson,4.55,22,1
20,Billy Hurley III,3.70,27,1
21,Pat Perez,3.45,29,1
22,Greg Chalmers,.00,15,-
22,Jason Day,.00,18,-
22,Tony Finau,.00,22,-
22,Fabián Gómez,.00,19,-
22,Branden Grace,.00,18,-
22,Russell Knox,.00,21,-
22,Hideki Matsuyama,.00,17,-
22,William McGirt,.00,21,-
22,Rod Pampling,.00,21,-
22,Patrick Reed,.00,12,-
22,Jhonattan Vegas,.00,17,-
