rank,player,% Made,Attempts,Putts made
1,Daniel Berger,100.00,45,45
1,Greg Chalmers,100.00,40,40
1,Jason Day,100.00,45,45
1,Cody Gribble,100.00,36,36
1,James Hahn,100.00,51,51
1,Jim Herman,100.00,45,45
1,Mackenzie Hughes,100.00,47,47
1,Billy Hurley III,100.00,45,45
1,Si Woo Kim,100.00,48,48
1,Russell Knox,100.00,40,40
1,Hideki Matsuyama,100.00,40,40
1,Ryan Moore,100.00,50,50
1,Rod Pampling,100.00,43,43
1,Pat Perez,100.00,45,45
1,Patrick Reed,100.00,43,43
1,Jordan Spieth,100.00,40,40
1,Brendan Steele,100.00,46,46
1,Brian Stuard,100.00,52,52
1,Justin Thomas,100.00,42,42
1,Jhonattan Vegas,100.00,47,47
1,Jimmy Walker,100.00,50,50
1,Bubba Watson,100.00,48,48
23,Tony Finau,98.08,52,51
23,Dustin Johnson,98.08,52,51
25,Branden Grace,97.92,48,47
26,Fabián Gómez,97.83,46,45
27,Aaron Baddeley,97.73,44,43
28,William McGirt,97.62,42,41
29,Brandt Snedeker,97.44,39,38
30,Vaughn Taylor,96.30,54,52
31,Jason Dufner,95.35,43,41
31,Charley Hoffman,95.35,43,41
