rank,player,% Made,Attempts,Putts made
1,Daniel Berger,100.00,1,1
1,Branden Grace,100.00,4,4
1,Jim Herman,100.00,2,2
1,Billy Hurley III,100.00,2,2
1,Si Woo Kim,100.00,1,1
1,Patrick Reed,100.00,4,4
1,Justin Thomas,100.00,2,2
8,Russell Knox,88.89,9,8
9,Jason Day,85.71,7,6
9,Hideki Matsuyama,85.71,7,6
9,Jordan Spieth,85.71,7,6
12,Fabián Gómez,80.00,5,4
12,James Hahn,80.00,5,4
14,Aaron Baddeley,75.00,4,3
14,Cody Gribble,75.00,4,3
14,Dustin Johnson,75.00,4,3
14,Brandt Snedeker,75.00,8,6
18,Greg Chalmers,71.43,7,5
19,Jason Dufner,66.67,3,2
19,Pat Perez,66.67,3,2
21,Rod Pampling,62.50,8,5
22,Jhonattan Vegas,60.00,10,6
23,Charley Hoffman,50.00,2,1
23,William McGirt,50.00,4,2
23,Vaughn Taylor,50.00,2,1
23,Jimmy Walker,50.00,4,2
27,Tony Finau,42.86,7,3
27,Brendan Steele,42.86,7,3
29,Ryan Moore,33.33,3,1
29,Bubba Watson,33.33,3,1
31,Mackenzie Hughes,.00,3,0
