rank,player,% Made,Attempts,Putts made
1,Daniel Berger,100.00,1,1
1,Cody Gribble,100.00,1,1
1,Billy Hurley III,100.00,1,1
1,Ryan Moore,100.00,1,1
1,Jhonattan Vegas,100.00,1,1
6,Jordan Spieth,80.00,5,4
7,Jason Dufner,66.67,6,4
7,James Hahn,66.67,3,2
9,Fabián Gómez,60.00,5,3
9,William McGirt,60.00,5,3
11,Si Woo Kim,57.14,7,4
12,Jason Day,50.00,2,1
12,Tony Finau,50.00,2,1
12,Russell Knox,50.00,2,1
15,Branden Grace,33.33,3,1
15,Charley Hoffman,33.33,3,1
15,Mackenzie Hughes,33.33,3,1
15,Hideki Matsuyama,33.33,3,1
15,Pat Perez,33.33,3,1
15,Brandt Snedeker,33.33,3,1
15,Brendan Steele,33.33,3,1
15,Justin Thomas,33.33,3,1
23,Rod Pampling,25.00,4,1
24,Aaron Baddeley,.00,3,0
24,Greg Chalmers,.00,1,0
24,Jim Herman,.00,1,0
24,Dustin Johnson,.00,1,0
24,Patrick Reed,.00,1,0
24,Brian Stuard,.00,6,0
24,Vaughn Taylor,.00,3,0
24,Jimmy Walker,.00,2,0
24,Bubba Watson,.00,4,0
