rank,player,% Made,Attempts,Putts made
1,Patrick Reed,40.00,5,2
2,Jimmy Walker,36.36,11,4
3,Charley Hoffman,30.77,13,4
3,Ryan Moore,30.77,13,4
5,Mackenzie Hughes,28.57,7,2
6,Rod Pampling,25.00,8,2
6,Pat Perez,25.00,8,2
8,Brian Stuard,22.22,9,2
9,Tony Finau,20.00,5,1
9,Cody Gribble,20.00,10,2
9,Justin Thomas,20.00,10,2
9,Bubba Watson,20.00,10,2
13,William McGirt,18.18,11,2
14,Greg Chalmers,16.67,6,1
14,Si Woo Kim,16.67,6,1
16,Jason Dufner,14.29,7,1
16,Billy Hurley III,14.29,7,1
18,Aaron Baddeley,12.50,8,1
18,Brendan Steele,12.50,8,1
20,Daniel Berger,11.11,9,1
20,Jim Herman,11.11,9,1
22,Jason Day,.00,9,-
22,Fabián Gómez,.00,10,-
22,Branden Grace,.00,8,-
22,James Hahn,.00,6,-
22,Dustin Johnson,.00,10,-
22,Russell Knox,.00,8,-
22,Hideki Matsuyama,.00,7,-
22,Brandt Snedeker,.00,7,-
22,Jordan Spieth,.00,4,-
22,Vaughn Taylor,.00,8,-
22,Jhonattan Vegas,.00,4,-
