rank,player,% Made,Attempts,Putts made
1,Fabián Gómez,100.00,1,1
1,Ryan Moore,100.00,1,1
3,Greg Chalmers,80.00,5,4
4,Jim Herman,66.67,3,2
4,Russell Knox,66.67,3,2
6,Jhonattan Vegas,60.00,5,3
7,Aaron Baddeley,50.00,2,1
7,Branden Grace,50.00,4,2
7,Cody Gribble,50.00,4,2
7,Billy Hurley III,50.00,4,2
7,Hideki Matsuyama,50.00,4,2
7,Patrick Reed,50.00,4,2
7,Vaughn Taylor,50.00,2,1
7,Justin Thomas,50.00,4,2
15,Jason Dufner,33.33,3,1
15,Charley Hoffman,33.33,3,1
15,Si Woo Kim,33.33,6,2
15,Rod Pampling,33.33,3,1
15,Brian Stuard,33.33,3,1
15,Jimmy Walker,33.33,3,1
21,Daniel Berger,25.00,4,1
21,Brendan Steele,25.00,4,1
23,James Hahn,12.50,8,1
24,Jason Day,.00,2,0
24,Tony Finau,.00,4,0
24,Mackenzie Hughes,.00,1,0
24,Dustin Johnson,.00,1,0
24,Pat Perez,.00,1,0
24,Brandt Snedeker,.00,2,0
24,Jordan Spieth,.00,2,0
24,Bubba Watson,.00,5,0
