rank,player,%,Attempts,Putts made
1,Pat Perez,98.39,62,61
2,Daniel Berger,98.36,61,60
3,Mackenzie Hughes,98.31,59,58
4,Jim Herman,98.28,58,57
4,Ryan Moore,98.28,58,57
6,Fabián Gómez,98.25,57,56
6,Brendan Steele,98.25,57,56
6,Justin Thomas,98.25,57,56
6,Jhonattan Vegas,98.25,57,56
6,Jimmy Walker,98.25,57,56
11,Hideki Matsuyama,98.15,54,53
12,Patrick Reed,98.08,52,51
13,Cody Gribble,98.04,51,50
14,Brian Stuard,96.97,66,64
15,Dustin Johnson,96.92,65,63
16,Vaughn Taylor,96.77,62,60
17,Jason Day,96.67,60,58
17,Tony Finau,96.67,60,58
19,William McGirt,96.55,58,56
20,Russell Knox,96.43,56,54
21,Greg Chalmers,96.15,52,50
22,James Hahn,95.24,63,60
23,Rod Pampling,94.83,58,55
24,Jordan Spieth,94.74,57,54
25,Jason Dufner,94.64,56,53
26,Bubba Watson,93.94,66,62
27,Si Woo Kim,93.55,62,58
28,Charley Hoffman,93.22,59,55
29,Branden Grace,92.06,63,58
30,Brandt Snedeker,91.94,62,57
31,Aaron Baddeley,91.04,67,61
32,Billy Hurley III,88.89,63,56
