rank,player,% Made,Attempts,Putts made
1,Jason Dufner,100.00,5,5
1,Tony Finau,100.00,5,5
1,Fabián Gómez,100.00,5,5
1,Hideki Matsuyama,100.00,7,7
1,Ryan Moore,100.00,1,1
1,Pat Perez,100.00,7,7
1,Vaughn Taylor,100.00,4,4
1,Justin Thomas,100.00,6,6
1,Jhonattan Vegas,100.00,3,3
10,Charley Hoffman,88.89,9,8
11,Russell Knox,87.50,8,7
12,Daniel Berger,85.71,7,6
12,Jim Herman,85.71,7,6
12,Brendan Steele,85.71,7,6
15,James Hahn,83.33,6,5
16,Cody Gribble,80.00,5,4
16,William McGirt,80.00,5,4
18,Brian Stuard,77.78,9,7
19,Brandt Snedeker,76.92,13,10
20,Dustin Johnson,75.00,4,3
20,Patrick Reed,75.00,4,3
20,Jordan Spieth,75.00,4,3
23,Rod Pampling,71.43,7,5
24,Jason Day,66.67,6,4
24,Branden Grace,66.67,6,4
24,Mackenzie Hughes,66.67,3,2
24,Si Woo Kim,66.67,9,6
28,Greg Chalmers,60.00,5,3
29,Bubba Watson,57.14,7,4
30,Billy Hurley III,55.56,9,5
31,Aaron Baddeley,50.00,8,4
