rank,player,%,Attempts,Putts made
1,Russell Knox,77.27,22,17
2,Billy Hurley III,75.00,16,12
3,Fabián Gómez,71.43,14,10
4,Greg Chalmers,65.38,26,17
5,Ryan Moore,63.64,11,7
6,Brandt Snedeker,63.16,19,12
6,Jordan Spieth,63.16,19,12
8,Hideki Matsuyama,61.90,21,13
9,Jim Herman,61.54,13,8
10,Dustin Johnson,58.33,12,7
11,Patrick Reed,57.14,21,12
12,Jhonattan Vegas,56.00,25,14
13,Branden Grace,55.56,18,10
14,Justin Thomas,53.33,15,8
15,Si Woo Kim,52.63,19,10
16,Aaron Baddeley,50.00,16,8
16,William McGirt,50.00,16,8
16,Jimmy Walker,50.00,18,9
19,Jason Day,47.62,21,10
19,Jason Dufner,47.62,21,10
19,Rod Pampling,47.62,21,10
22,Charley Hoffman,47.06,17,8
23,Cody Gribble,46.15,13,6
24,Brendan Steele,44.44,18,8
25,James Hahn,42.11,19,8
26,Tony Finau,36.36,22,8
27,Daniel Berger,35.71,14,5
28,Vaughn Taylor,33.33,9,3
29,Pat Perez,30.77,13,4
30,Mackenzie Hughes,28.57,14,4
31,Brian Stuard,25.00,12,3
32,Bubba Watson,23.53,17,4
