rank,player,% Made,Attempts,Putts made
1,Cody Gribble,63.64,11,7
2,William McGirt,45.45,11,5
3,Vaughn Taylor,43.75,16,7
4,Jason Dufner,40.00,15,6
4,Tony Finau,40.00,10,4
4,Fabián Gómez,40.00,15,6
7,Pat Perez,37.50,8,3
8,Brendan Steele,35.71,14,5
9,Jason Day,33.33,6,2
9,Patrick Reed,33.33,15,5
11,Hideki Matsuyama,30.00,10,3
12,Justin Thomas,23.08,13,3
13,Mackenzie Hughes,22.22,18,4
13,Si Woo Kim,22.22,9,2
15,Daniel Berger,21.43,14,3
15,Greg Chalmers,21.43,14,3
15,Rod Pampling,21.43,14,3
18,Branden Grace,21.05,19,4
19,Jim Herman,20.00,10,2
19,Billy Hurley III,20.00,10,2
19,Jordan Spieth,20.00,10,2
22,Charley Hoffman,18.18,11,2
23,Ryan Moore,15.38,13,2
24,Russell Knox,12.50,8,1
25,James Hahn,11.11,9,1
26,Aaron Baddeley,10.00,10,1
26,Jimmy Walker,10.00,10,1
26,Bubba Watson,10.00,10,1
29,Brandt Snedeker,9.09,11,1
30,Dustin Johnson,7.69,13,1
31,Brian Stuard,6.67,15,1
32,Jhonattan Vegas,5.88,17,1
