rank,player,% Made,Attempts,Putts made
1,Daniel Berger,100.00,9,9
1,Greg Chalmers,100.00,7,7
1,Jason Day,100.00,9,9
1,Fabián Gómez,100.00,6,6
1,Cody Gribble,100.00,10,10
1,Jim Herman,100.00,6,6
1,Mackenzie Hughes,100.00,9,9
1,Dustin Johnson,100.00,9,9
1,William McGirt,100.00,11,11
1,Patrick Reed,100.00,5,5
1,Brendan Steele,100.00,4,4
1,Brian Stuard,100.00,5,5
1,Vaughn Taylor,100.00,4,4
14,Aaron Baddeley,93.33,15,14
15,Bubba Watson,90.91,11,10
16,Pat Perez,90.00,10,9
16,Brandt Snedeker,90.00,10,9
18,Justin Thomas,88.89,9,8
19,Jason Dufner,87.50,8,7
19,Russell Knox,87.50,8,7
19,Rod Pampling,87.50,8,7
22,Charley Hoffman,85.71,7,6
22,Hideki Matsuyama,85.71,7,6
22,Ryan Moore,85.71,7,6
22,Jhonattan Vegas,85.71,7,6
22,Jimmy Walker,85.71,7,6
27,Jordan Spieth,84.62,13,11
28,Si Woo Kim,80.00,5,4
29,Branden Grace,77.78,9,7
30,Tony Finau,66.67,3,2
30,James Hahn,66.67,6,4
30,Billy Hurley III,66.67,9,6
