rank,player,Avg,Total Putts,Total Rounds
1,Steve Stricker,26.00,26,1
2,Arjun Atwal,28.00,28,1
2,Zach Johnson,28.00,28,1
2,Matt Kuchar,28.00,28,1
2,Justin Rose,28.00,28,1
6,Cameron Beckman,29.00,29,1
6,Jonathan Byrd,29.00,29,1
6,Bill Lunde,29.00,29,1
6,Graeme McDowell,29.00,29,1
10,Stuart Appleby,30.00,30,1
10,Jason Bohn,30.00,30,1
10,Jason Day,30.00,30,1
10,Charley Hoffman,30.00,30,1
10,Ryan Palmer,30.00,30,1
10,Adam Scott,30.00,30,1
16,Robert Garrigus,31.00,31,1
16,Bill Haas,31.00,31,1
16,Rocco Mediate,31.00,31,1
16,Carl Pettersson,31.00,31,1
16,Ian Poulter,31.00,31,1
16,Heath Slocum,31.00,31,1
22,Matt Bettencourt,32.00,32,1
22,Dustin Johnson,32.00,32,1
22,Derek Lamely,32.00,32,1
22,Hunter Mahan,32.00,32,1
22,Bubba Watson,32.00,32,1
27,Jim Furyk,33.00,33,1
27,Anthony Kim,33.00,33,1
27,Francesco Molinari,33.00,33,1
30,Tim Clark,34.00,34,1
31,Ben Crane,35.00,35,1
32,Ernie Els,36.00,36,1
