rank,player,Avg,Total Putts,Total Rounds
1,Jason Day,26.00,26,1
2,Arjun Atwal,27.00,27,1
2,Dustin Johnson,27.00,27,1
2,Carl Pettersson,27.00,27,1
5,Jonathan Byrd,28.00,28,1
5,Robert Garrigus,28.00,28,1
5,Francesco Molinari,28.00,28,1
5,Steve Stricker,28.00,28,1
9,Cameron Beckman,29.00,29,1
9,Ernie Els,29.00,29,1
9,Jim Furyk,29.00,29,1
9,Bill Lunde,29.00,29,1
13,Tim Clark,30.00,30,1
13,Ben Crane,30.00,30,1
13,Hunter Mahan,30.00,30,1
13,Graeme McDowell,30.00,30,1
13,Rocco Mediate,30.00,30,1
13,Ian Poulter,30.00,30,1
13,Justin Rose,30.00,30,1
13,Adam Scott,30.00,30,1
21,Bill Haas,31.00,31,1
21,Zach Johnson,31.00,31,1
21,Matt Kuchar,31.00,31,1
21,Bubba Watson,31.00,31,1
25,Stuart Appleby,32.00,32,1
26,Matt Bettencourt,33.00,33,1
26,Charley Hoffman,33.00,33,1
28,Anthony Kim,34.00,34,1
29,Derek Lamely,35.00,35,1
29,Ryan Palmer,35.00,35,1
29,Heath Slocum,35.00,35,1
32,Jason Bohn,36.00,36,1
