rank,player,Avg,Total 3 Putts,Total Rounds
1,Jason Bohn,1.50,6,4
1,Ben Crane,1.50,6,4
1,Anthony Kim,1.50,6,4
4,Ernie Els,1.25,5,4
4,Hunter Mahan,1.25,5,4
4,Rocco Mediate,1.25,5,4
4,Adam Scott,1.25,5,4
8,Derek Lamely,1.00,4,4
8,Francesco Molinari,1.00,4,4
10,Cameron Beckman,.75,3,4
10,Jason Day,.75,3,4
10,Jim Furyk,.75,3,4
10,Carl Pettersson,.75,3,4
10,Bubba Watson,.75,3,4
15,Matt Bettencourt,.50,2,4
15,Tim Clark,.50,2,4
15,Robert Garrigus,.50,2,4
15,Charley Hoffman,.50,2,4
15,Dustin Johnson,.50,2,4
15,Graeme McDowell,.50,2,4
15,Justin Rose,.50,2,4
15,Steve Stricker,.50,2,4
23,Jonathan Byrd,.25,1,4
23,Bill Haas,.25,1,4
23,Bill Lunde,.25,1,4
23,Ryan Palmer,.25,1,4
23,Ian Poulter,.25,1,4
23,Heath Slocum,.25,1,4
