rank,player,Avg,Total 2 Putts,Total Rounds
1,Heath Slocum,13.75,55,4
2,Derek Lamely,13.00,52,4
2,Ryan Palmer,13.00,52,4
4,Stuart Appleby,12.75,51,4
4,Bill Lunde,12.75,51,4
6,Tim Clark,12.25,49,4
6,Bill Haas,12.25,49,4
6,Zach Johnson,12.25,49,4
9,Ernie Els,12.00,48,4
9,Charley Hoffman,12.00,48,4
9,Ian Poulter,12.00,48,4
12,Jim Furyk,11.75,47,4
12,Robert Garrigus,11.75,47,4
14,Matt Bettencourt,11.50,46,4
14,Dustin Johnson,11.50,46,4
16,Arjun Atwal,11.25,45,4
16,Jason Bohn,11.25,45,4
16,Ben Crane,11.25,45,4
16,Matt Kuchar,11.25,45,4
16,Justin Rose,11.25,45,4
21,Jonathan Byrd,11.00,44,4
21,Anthony Kim,11.00,44,4
23,Rocco Mediate,10.75,43,4
23,Bubba Watson,10.75,43,4
25,Hunter Mahan,10.50,42,4
25,Graeme McDowell,10.50,42,4
25,Francesco Molinari,10.50,42,4
25,Adam Scott,10.50,42,4
29,Steve Stricker,10.25,41,4
30,Cameron Beckman,9.50,38,4
30,Jason Day,9.50,38,4
32,Carl Pettersson,9.25,37,4
