rank,player,Avg,Total Putts,Total Rounds
1,Graeme McDowell,25.00,25,1
2,Jason Day,26.00,26,1
3,Ryan Palmer,27.00,27,1
3,Ian Poulter,27.00,27,1
5,Cameron Beckman,28.00,28,1
5,Matt Bettencourt,28.00,28,1
5,Bubba Watson,28.00,28,1
8,Jonathan Byrd,29.00,29,1
8,Bill Haas,29.00,29,1
8,Dustin Johnson,29.00,29,1
8,Rocco Mediate,29.00,29,1
8,Carl Pettersson,29.00,29,1
13,Tim Clark,30.00,30,1
13,Ernie Els,30.00,30,1
13,Matt Kuchar,30.00,30,1
13,Justin Rose,30.00,30,1
13,Heath Slocum,30.00,30,1
18,Arjun Atwal,31.00,31,1
18,Jason Bohn,31.00,31,1
18,Jim Furyk,31.00,31,1
18,Robert Garrigus,31.00,31,1
18,Derek Lamely,31.00,31,1
18,Hunter Mahan,31.00,31,1
18,Francesco Molinari,31.00,31,1
18,Adam Scott,31.00,31,1
26,Zach Johnson,32.00,32,1
26,Anthony Kim,32.00,32,1
26,Steve Stricker,32.00,32,1
29,Stuart Appleby,33.00,33,1
29,Ben Crane,33.00,33,1
29,Charley Hoffman,33.00,33,1
32,Bill Lunde,34.00,34,1
