rank,player,Avg,Total Putts,Total Rounds
1,Stuart Appleby,28.00,28,1
1,Charley Hoffman,28.00,28,1
1,Matt Kuchar,28.00,28,1
1,Carl Pettersson,28.00,28,1
5,Matt Bettencourt,29.00,29,1
5,Anthony Kim,29.00,29,1
5,Francesco Molinari,29.00,29,1
8,Cameron Beckman,30.00,30,1
8,Jonathan Byrd,30.00,30,1
8,Zach Johnson,30.00,30,1
8,Bubba Watson,30.00,30,1
12,Arjun Atwal,31.00,31,1
12,Tim Clark,31.00,31,1
12,Ben Crane,31.00,31,1
12,Jim Furyk,31.00,31,1
12,Bill Haas,31.00,31,1
12,Hunter Mahan,31.00,31,1
12,Steve Stricker,31.00,31,1
19,Jason Bohn,32.00,32,1
19,Jason Day,32.00,32,1
19,Robert Garrigus,32.00,32,1
19,Adam Scott,32.00,32,1
23,Dustin Johnson,33.00,33,1
23,Bill Lunde,33.00,33,1
23,Justin Rose,33.00,33,1
23,Heath Slocum,33.00,33,1
27,Ernie Els,34.00,34,1
27,Derek Lamely,34.00,34,1
27,Graeme McDowell,34.00,34,1
27,Ryan Palmer,34.00,34,1
27,Ian Poulter,34.00,34,1
32,Rocco Mediate,35.00,35,1
