rank,player,Avg RTP
1,Stuart Appleby,-.667
2,J.J. Henry,-.500
3,Chad Collins,-.333
3,Morgan Hoffmann,-.333
5,Stewart Cink,-.250
5,Harris English,-.250
5,Russell Henley,-.250
5,Charles Howell III,-.250
9,Brian Harman,-.200
9,Jason Kokrak,-.200
9,Matt Kuchar,-.200
9,Marc Leishman,-.200
13,Scott Piercy,-.167
14,Jason Day,-.111
15,Blayne Barber,E
15,Daniel Berger,E
15,Paul Casey,E
15,Tim Clark,E
15,Brian Davis,E
15,Luke Donald,E
15,Derek Fathauer,E
15,David Hearn,E
15,Max Homa,E
15,Mark Hubbard,E
15,Tom Johnson,E
15,Zach Johnson,E
15,Jerry Kelly,E
15,Hyung-Sung Kim,E
15,Scott Langley,E
15,Justin Leonard,E
15,Spencer Levin,E
15,WC Liang,E
15,Ben Martin,E
15,Troy Merritt,E
15,Francesco Molinari,E
15,Kevin Na,E
15,Kenny Perry,E
15,Michael Putnam,E
15,Shawn Stefani,E
15,Kevin Streelman,E
15,Justin Thomas,E
15,Jhonattan Vegas,E
15,Jimmy Walker,E
44,Steven Bowditch,+.167
44,Jeff Overton,+.167
46,Gary Woodland,+.200
47,Sangmoon Bae,+.250
47,Colt Knost,+.250
47,Ryan Palmer,+.250
47,Scott Pinckney,+.250
47,Webb Simpson,+.250
52,Matt Jones,+.333
52,Daniel Summerhays,+.333
54,Zac Blair,+.500
54,James Hahn,+.500
54,Russell Knox,+.500
54,Robert Streb,+.500
54,Andrew Svoboda,+.500
54,Nick Taylor,+.500
60,Chris Kirk,+.667
60,Roger Sloan,+.667
62,Camilo Villegas,+.750
63,Pat Perez,+1.000
63,Nicholas Thompson,+1.000
63,Brendon Todd,+1.000
