rank,player,Avg RTP
1,Justin Thomas,-1.000
2,Russell Henley,-.500
2,Charles Howell III,-.500
2,Kevin Na,-.500
5,Brian Harman,-.333
5,Morgan Hoffmann,-.333
7,Stuart Appleby,E
7,Sangmoon Bae,E
7,Zac Blair,E
7,Stewart Cink,E
7,Tim Clark,E
7,Chad Collins,E
7,Jason Day,E
7,Harris English,E
7,Derek Fathauer,E
7,J.J. Henry,E
7,Max Homa,E
7,Mark Hubbard,E
7,Matt Jones,E
7,Jerry Kelly,E
7,Chris Kirk,E
7,Jason Kokrak,E
7,Matt Kuchar,E
7,Scott Langley,E
7,Marc Leishman,E
7,WC Liang,E
7,Jeff Overton,E
7,Ryan Palmer,E
7,Kenny Perry,E
7,Scott Piercy,E
7,Webb Simpson,E
7,Shawn Stefani,E
7,Kevin Streelman,E
7,Daniel Summerhays,E
7,Jimmy Walker,E
7,Gary Woodland,E
37,Steven Bowditch,+.250
38,Russell Knox,+.333
39,Jhonattan Vegas,+.500
40,Robert Streb,+.667
41,James Hahn,+1.000
41,Colt Knost,+1.000
41,Pat Perez,+1.000
41,Roger Sloan,+1.000
41,Nicholas Thompson,+1.000
41,Camilo Villegas,+1.000
47,Nick Taylor,+2.000
