rank,player,Avg RTP
1,Blayne Barber,-1.000
1,James Hahn,-1.000
1,Brian Harman,-1.000
1,Jerry Kelly,-1.000
1,Russell Knox,-1.000
1,Scott Pinckney,-1.000
1,Andrew Svoboda,-1.000
1,Jimmy Walker,-1.000
9,Tom Johnson,-.667
9,John Peterson,-.667
11,Stuart Appleby,-.500
11,Steven Bowditch,-.500
11,Charles Howell III,-.500
11,Ryan Palmer,-.500
11,Scott Piercy,-.500
11,Shawn Stefani,-.500
11,Robert Streb,-.500
11,Boo Weekley,-.500
19,Chris Kirk,-.429
20,Michael Putnam,-.400
21,Harris English,-.333
21,Morgan Hoffmann,-.333
21,Jason Kokrak,-.333
21,Spencer Levin,-.333
21,WC Liang,-.333
21,Ben Martin,-.333
21,Gary Woodland,-.333
28,Camilo Villegas,-.286
29,Paul Casey,-.250
29,Hyung-Sung Kim,-.250
29,Justin Leonard,-.250
29,Troy Merritt,-.250
29,Pat Perez,-.250
29,Justin Thomas,-.250
35,Nick Taylor,-.200
36,Sangmoon Bae,E
36,Daniel Berger,E
36,Stewart Cink,E
36,Brian Davis,E
36,Luke Donald,E
36,Max Homa,E
36,Colt Knost,E
36,Matt Kuchar,E
36,Kevin Na,E
36,Jeff Overton,E
36,Kenny Perry,E
36,Webb Simpson,E
36,Kevin Streelman,E
36,Daniel Summerhays,E
36,Nicholas Thompson,E
36,Jhonattan Vegas,E
52,Matt Jones,+.167
53,Derek Fathauer,+.200
54,Chad Collins,+.250
54,David Hearn,+.250
54,Mark Hubbard,+.250
57,J.J. Henry,+.333
57,Zach Johnson,+.333
57,Scott Langley,+.333
57,Marc Leishman,+.333
57,Roger Sloan,+.333
62,Zac Blair,+.500
62,Rory Sabbatini,+.500
62,Brendon Todd,+.500
65,Chez Reavie,+.667
66,K.J. Choi,+1.000
66,Russell Henley,+1.000
