rank,player,Avg RTP
1,J.J. Henry,-2.000
2,Zac Blair,-1.000
2,Paul Casey,-1.000
2,Charles Howell III,-1.000
2,Zach Johnson,-1.000
2,Matt Jones,-1.000
2,Colt Knost,-1.000
2,Marc Leishman,-1.000
2,Spencer Levin,-1.000
2,Francesco Molinari,-1.000
2,Kenny Perry,-1.000
2,Roger Sloan,-1.000
2,Andrew Svoboda,-1.000
2,Nick Taylor,-1.000
2,Camilo Villegas,-1.000
16,K.J. Choi,-.667
16,Pat Perez,-.667
16,Scott Piercy,-.667
19,Jeff Overton,-.600
20,Steven Bowditch,-.500
20,Harris English,-.500
20,Max Homa,-.500
20,Matt Kuchar,-.500
20,WC Liang,-.500
20,Michael Putnam,-.500
20,Chez Reavie,-.500
20,Webb Simpson,-.500
20,Shawn Stefani,-.500
20,Jhonattan Vegas,-.500
30,Daniel Berger,-.333
30,Stewart Cink,-.333
30,Luke Donald,-.333
33,Brian Davis,-.250
34,Stuart Appleby,E
34,Sangmoon Bae,E
34,Blayne Barber,E
34,Tim Clark,E
34,Chad Collins,E
34,Morgan Hoffmann,E
34,Tom Johnson,E
34,Russell Knox,E
34,Scott Langley,E
34,Justin Leonard,E
34,Ryan Palmer,E
34,John Peterson,E
34,Robert Streb,E
34,Kevin Streelman,E
34,Nicholas Thompson,E
34,Jimmy Walker,E
50,Mark Hubbard,+.500
50,Justin Thomas,+.500
50,Boo Weekley,+.500
53,Kevin Na,+.667
54,James Hahn,+1.000
54,Troy Merritt,+1.000
