rank,player,Avg RTP
1,Stuart Appleby,-1.000
1,Luke Donald,-1.000
1,J.J. Henry,-1.000
1,Nick Taylor,-1.000
1,Jhonattan Vegas,-1.000
6,Jason Kokrak,-.500
6,Matt Kuchar,-.500
6,Marc Leishman,-.500
9,Blayne Barber,E
9,Daniel Berger,E
9,Steven Bowditch,E
9,Paul Casey,E
9,Brian Davis,E
9,James Hahn,E
9,Brian Harman,E
9,David Hearn,E
9,Russell Henley,E
9,Max Homa,E
9,Charles Howell III,E
9,Zach Johnson,E
9,Scott Langley,E
9,Justin Leonard,E
9,Spencer Levin,E
9,Ben Martin,E
9,Troy Merritt,E
9,Jeff Overton,E
9,Kenny Perry,E
9,Scott Piercy,E
9,Michael Putnam,E
9,Robert Streb,E
9,Camilo Villegas,E
32,Sangmoon Bae,+.333
32,Jason Day,+.333
34,Scott Pinckney,+.500
34,Shawn Stefani,+.500
34,Daniel Summerhays,+.500
34,Andrew Svoboda,+.500
38,Zac Blair,+1.000
38,Hyung-Sung Kim,+1.000
38,Chris Kirk,+1.000
38,Russell Knox,+1.000
38,Kevin Na,+1.000
38,Ryan Palmer,+1.000
38,Roger Sloan,+1.000
38,Justin Thomas,+1.000
38,Gary Woodland,+1.000
47,Brendon Todd,+2.000
