rank,player,Avg RTP
1,Sangmoon Bae,-1.000
1,Blayne Barber,-1.000
1,K.J. Choi,-1.000
1,Harris English,-1.000
1,Zach Johnson,-1.000
1,Colt Knost,-1.000
1,Russell Knox,-1.000
1,Scott Langley,-1.000
1,Ben Martin,-1.000
1,Kevin Na,-1.000
1,Jeff Overton,-1.000
1,Michael Putnam,-1.000
1,Kevin Streelman,-1.000
1,Daniel Summerhays,-1.000
1,Gary Woodland,-1.000
16,Zac Blair,-.667
16,Mark Hubbard,-.667
18,Brian Davis,-.500
18,Luke Donald,-.500
18,Russell Henley,-.500
18,Troy Merritt,-.500
18,Justin Thomas,-.500
18,Brendon Todd,-.500
24,Tim Clark,E
24,Brian Harman,E
24,Max Homa,E
24,Charles Howell III,E
24,Chris Kirk,E
24,Justin Leonard,E
24,Spencer Levin,E
24,Francesco Molinari,E
24,Scott Piercy,E
24,Roger Sloan,E
34,Nick Taylor,+1.000
