rank,player,Avg RTP
1,Jerry Kelly,-2.000
1,John Peterson,-2.000
3,Stuart Appleby,-1.000
3,Luke Donald,-1.000
3,Harris English,-1.000
3,David Hearn,-1.000
3,Tom Johnson,-1.000
3,Matt Jones,-1.000
3,Hyung-Sung Kim,-1.000
3,Scott Langley,-1.000
3,Marc Leishman,-1.000
3,Ben Martin,-1.000
3,Ryan Palmer,-1.000
3,Pat Perez,-1.000
3,Scott Pinckney,-1.000
3,Chez Reavie,-1.000
3,Roger Sloan,-1.000
3,Daniel Summerhays,-1.000
3,Brendon Todd,-1.000
3,Jimmy Walker,-1.000
21,Russell Knox,-.500
21,Troy Merritt,-.500
23,Justin Leonard,-.333
24,Paul Casey,E
24,Chad Collins,E
24,Brian Davis,E
24,Jason Day,E
24,Mark Hubbard,E
24,Chris Kirk,E
24,Colt Knost,E
24,Francesco Molinari,E
24,Michael Putnam,E
24,Rory Sabbatini,E
24,Robert Streb,E
35,Blayne Barber,+1.000
