rank,player,Avg RTP
1,Mark Hubbard,-1.000
1,WC Liang,-1.000
1,Pat Perez,-1.000
1,Robert Streb,-1.000
1,Daniel Summerhays,-1.000
1,Jimmy Walker,-1.000
7,Derek Fathauer,-.667
7,Francesco Molinari,-.667
9,Tim Clark,-.600
10,Blayne Barber,-.500
10,Zac Blair,-.500
10,K.J. Choi,-.500
10,Stewart Cink,-.500
10,James Hahn,-.500
10,Morgan Hoffmann,-.500
10,Troy Merritt,-.500
10,Roger Sloan,-.500
18,Daniel Berger,-.333
18,Chris Kirk,-.333
18,Nick Taylor,-.333
21,Chad Collins,-.250
22,Stuart Appleby,E
22,Steven Bowditch,E
22,Brian Davis,E
22,Luke Donald,E
22,David Hearn,E
22,Russell Henley,E
22,J.J. Henry,E
22,Charles Howell III,E
22,Tom Johnson,E
22,Zach Johnson,E
22,Colt Knost,E
22,Jason Kokrak,E
22,Matt Kuchar,E
22,Justin Leonard,E
22,Kenny Perry,E
22,John Peterson,E
22,Michael Putnam,E
22,Kevin Streelman,E
22,Justin Thomas,E
22,Boo Weekley,E
42,Ryan Palmer,+.333
43,Brian Harman,+.500
43,Russell Knox,+.500
43,Scott Langley,+.500
43,Scott Pinckney,+.500
43,Webb Simpson,+.500
43,Andrew Svoboda,+.500
49,Hyung-Sung Kim,+1.000
49,Marc Leishman,+1.000
49,Brendon Todd,+1.000
