rank,player,Avg RTP
1,Blayne Barber,-1.000
1,Shawn Stefani,-1.000
3,Jason Day,-.800
4,James Hahn,-.667
5,Webb Simpson,-.500
5,Boo Weekley,-.500
7,Ryan Palmer,-.429
8,Jeff Overton,-.333
9,Daniel Berger,-.250
10,Jhonattan Vegas,-.200
11,Colt Knost,-.167
11,Jason Kokrak,-.167
13,Charles Howell III,-.100
14,Stuart Appleby,E
14,Paul Casey,E
14,Stewart Cink,E
14,Chad Collins,E
14,Brian Davis,E
14,Luke Donald,E
14,Derek Fathauer,E
14,Russell Henley,E
14,Morgan Hoffmann,E
14,Max Homa,E
14,Mark Hubbard,E
14,Matt Jones,E
14,Chris Kirk,E
14,Russell Knox,E
14,Matt Kuchar,E
14,Scott Langley,E
14,Spencer Levin,E
14,Troy Merritt,E
14,John Peterson,E
14,Chez Reavie,E
14,Rory Sabbatini,E
14,Robert Streb,E
14,Andrew Svoboda,E
14,Nick Taylor,E
14,Justin Thomas,E
14,Brendon Todd,E
14,Camilo Villegas,E
14,Jimmy Walker,E
42,Kevin Na,+.143
43,Ben Martin,+.167
44,Zac Blair,+.250
44,Marc Leishman,+.250
44,Scott Piercy,+.250
47,J.J. Henry,+.286
48,Sangmoon Bae,+.333
48,Hyung-Sung Kim,+.333
48,Justin Leonard,+.333
48,Pat Perez,+.333
48,Kevin Streelman,+.333
48,Daniel Summerhays,+.333
54,Steven Bowditch,+.400
54,K.J. Choi,+.400
54,Zach Johnson,+.400
54,Nicholas Thompson,+.400
58,Tim Clark,+.500
58,Brian Harman,+.500
58,Jerry Kelly,+.500
58,WC Liang,+.500
58,Francesco Molinari,+.500
58,Kenny Perry,+.500
58,Scott Pinckney,+.500
58,Michael Putnam,+.500
58,Gary Woodland,+.500
67,Tom Johnson,+.600
68,David Hearn,+.667
69,Roger Sloan,+.750
70,Harris English,+1.000
