rank,player,Avg RTP
1,Stewart Cink,-1.000
1,Chad Collins,-1.000
1,Brian Harman,-1.000
1,J.J. Henry,-1.000
1,Max Homa,-1.000
1,Jason Kokrak,-1.000
1,Kenny Perry,-1.000
1,Webb Simpson,-1.000
1,Kevin Streelman,-1.000
1,Andrew Svoboda,-1.000
1,Brendon Todd,-1.000
12,Sangmoon Bae,E
12,Steven Bowditch,E
12,Jason Day,E
12,Derek Fathauer,E
12,David Hearn,E
12,Mark Hubbard,E
12,Matt Jones,E
12,Scott Langley,E
12,Marc Leishman,E
12,Justin Leonard,E
12,WC Liang,E
12,Kevin Na,E
12,Michael Putnam,E
12,Shawn Stefani,E
