rank,player,Avg RTP
1,Ben Martin,-.778
2,Hyung-Sung Kim,-.625
2,Scott Piercy,-.625
4,Harris English,-.556
5,Russell Knox,-.500
5,Gary Woodland,-.500
7,Daniel Summerhays,-.455
8,K.J. Choi,-.400
8,Stewart Cink,-.400
10,Brendon Todd,-.385
11,Stuart Appleby,-.375
11,Max Homa,-.375
13,Mark Hubbard,-.333
13,Zach Johnson,-.333
13,Webb Simpson,-.333
16,Brian Davis,-.300
17,Steven Bowditch,-.286
17,David Hearn,-.286
17,J.J. Henry,-.286
17,Scott Langley,-.286
21,Russell Henley,-.250
21,Tom Johnson,-.250
21,John Peterson,-.250
21,Chez Reavie,-.250
21,Rory Sabbatini,-.250
26,Luke Donald,-.222
26,Justin Leonard,-.222
26,Michael Putnam,-.222
29,Jason Day,-.200
29,Jerry Kelly,-.200
29,Jason Kokrak,-.200
29,Jimmy Walker,-.200
33,Sangmoon Bae,-.167
33,Zac Blair,-.167
33,Brian Harman,-.167
33,Jeff Overton,-.167
33,Ryan Palmer,-.167
38,Matt Kuchar,-.143
38,Robert Streb,-.143
40,Tim Clark,-.111
41,Colt Knost,-.100
42,Daniel Berger,E
42,Paul Casey,E
42,Chad Collins,E
42,James Hahn,E
42,Matt Jones,E
42,Chris Kirk,E
42,Spencer Levin,E
42,Troy Merritt,E
42,Pat Perez,E
42,Kenny Perry,E
42,Scott Pinckney,E
42,Roger Sloan,E
42,Shawn Stefani,E
42,Andrew Svoboda,E
42,Justin Thomas,E
42,Nicholas Thompson,E
42,Jhonattan Vegas,E
42,Camilo Villegas,E
60,Francesco Molinari,+.100
61,Blayne Barber,+.111
62,Morgan Hoffmann,+.167
62,Marc Leishman,+.167
62,WC Liang,+.167
65,Charles Howell III,+.200
65,Boo Weekley,+.200
67,Kevin Na,+.286
67,Nick Taylor,+.286
69,Kevin Streelman,+.333
70,Derek Fathauer,+.600
