rank,player,Avg RTP
1,Jimmy Walker,-.286
2,Blayne Barber,-.250
2,Shawn Stefani,-.250
4,Scott Piercy,-.222
5,Boo Weekley,-.179
6,Camilo Villegas,-.160
7,Chris Kirk,-.158
8,Max Homa,-.125
9,Colt Knost,-.118
10,Charles Howell III,-.115
11,Daniel Berger,-.111
11,Jason Day,-.111
11,Jason Kokrak,-.111
11,Michael Putnam,-.111
15,Webb Simpson,-.105
16,Morgan Hoffmann,-.103
17,Brian Harman,-.095
17,Jeff Overton,-.095
17,Ryan Palmer,-.095
20,James Hahn,-.091
20,Spencer Levin,-.091
22,Jhonattan Vegas,-.077
23,Chad Collins,-.050
24,Brian Davis,-.048
24,Kenny Perry,-.048
26,Paul Casey,-.045
26,Gary Woodland,-.045
28,Matt Kuchar,-.043
29,Stewart Cink,-.042
30,Tim Clark,E
30,Luke Donald,E
30,Harris English,E
30,Hyung-Sung Kim,E
30,Russell Knox,E
30,Scott Langley,E
30,WC Liang,E
30,Francesco Molinari,E
30,Pat Perez,E
30,Scott Pinckney,E
30,Kevin Streelman,E
30,Andrew Svoboda,E
30,Brendon Todd,E
43,Derek Fathauer,+.038
44,Stuart Appleby,+.048
45,Marc Leishman,+.053
46,Daniel Summerhays,+.059
47,Sangmoon Bae,+.063
47,Robert Streb,+.063
49,Justin Leonard,+.067
50,John Peterson,+.071
51,Zac Blair,+.077
52,J.J. Henry,+.091
53,Matt Jones,+.095
54,Kevin Na,+.103
55,Troy Merritt,+.105
55,Justin Thomas,+.105
57,Nick Taylor,+.111
58,Ben Martin,+.118
59,K.J. Choi,+.125
60,Roger Sloan,+.130
61,Rory Sabbatini,+.143
62,Jerry Kelly,+.150
63,Zach Johnson,+.167
64,Steven Bowditch,+.174
65,Tom Johnson,+.176
66,David Hearn,+.188
66,Russell Henley,+.188
68,Nicholas Thompson,+.214
69,Chez Reavie,+.273
70,Mark Hubbard,+.300
