rank,player,Avg RTP
1,Max Homa,-.500
2,Scott Piercy,-.400
3,Russell Knox,-.333
3,Jimmy Walker,-.333
5,Blayne Barber,-.250
5,Tim Clark,-.250
7,Boo Weekley,-.222
8,Scott Langley,-.200
8,WC Liang,-.200
8,Daniel Summerhays,-.200
11,Derek Fathauer,-.167
12,Chad Collins,-.143
12,Gary Woodland,-.143
14,Roger Sloan,-.100
15,Sangmoon Bae,E
15,Zac Blair,E
15,Brian Davis,E
15,Luke Donald,E
15,Harris English,E
15,David Hearn,E
15,Morgan Hoffmann,E
15,Colt Knost,E
15,Jason Kokrak,E
15,Marc Leishman,E
15,Francesco Molinari,E
15,Kevin Na,E
15,Pat Perez,E
15,Scott Pinckney,E
15,Michael Putnam,E
15,Rory Sabbatini,E
15,Shawn Stefani,E
15,Robert Streb,E
15,Kevin Streelman,E
15,Nick Taylor,E
15,Nicholas Thompson,E
15,Brendon Todd,E
15,Camilo Villegas,E
38,Russell Henley,+.143
38,Charles Howell III,+.143
38,Jhonattan Vegas,+.143
41,Stuart Appleby,+.167
41,Stewart Cink,+.167
41,Chris Kirk,+.167
41,Matt Kuchar,+.167
45,Brian Harman,+.200
45,Justin Leonard,+.200
47,Paul Casey,+.222
48,Daniel Berger,+.250
48,Jason Day,+.250
48,Matt Jones,+.250
48,Hyung-Sung Kim,+.250
48,Spencer Levin,+.250
48,Ryan Palmer,+.250
54,J.J. Henry,+.286
54,Jerry Kelly,+.286
54,Justin Thomas,+.286
57,Steven Bowditch,+.333
57,James Hahn,+.333
57,Zach Johnson,+.333
57,Troy Merritt,+.333
57,Andrew Svoboda,+.333
62,Jeff Overton,+.400
62,Kenny Perry,+.400
62,Chez Reavie,+.400
62,Webb Simpson,+.400
66,Tom Johnson,+.500
67,Ben Martin,+.750
67,John Peterson,+.750
69,K.J. Choi,+1.000
70,Mark Hubbard,+1.333
