rank,player,Avg RTP
1,Boo Weekley,-1.500
2,Zac Blair,-1.000
2,Paul Casey,-1.000
2,Stewart Cink,-1.000
2,Jerry Kelly,-1.000
2,Hyung-Sung Kim,-1.000
2,Chez Reavie,-1.000
2,Shawn Stefani,-1.000
2,Jimmy Walker,-1.000
2,Gary Woodland,-1.000
11,Pat Perez,-.667
12,Derek Fathauer,-.500
12,Brian Harman,-.500
12,David Hearn,-.500
12,Zach Johnson,-.500
12,Russell Knox,-.500
12,Scott Langley,-.500
12,Justin Leonard,-.500
12,Spencer Levin,-.500
12,Scott Piercy,-.500
21,Chris Kirk,-.333
21,Kevin Na,-.333
21,Rory Sabbatini,-.333
24,Stuart Appleby,E
24,Sangmoon Bae,E
24,Daniel Berger,E
24,K.J. Choi,E
24,Jason Day,E
24,Luke Donald,E
24,James Hahn,E
24,Charles Howell III,E
24,Tom Johnson,E
24,Ben Martin,E
24,Francesco Molinari,E
24,Ryan Palmer,E
24,Kevin Streelman,E
24,Daniel Summerhays,E
24,Justin Thomas,E
24,Nicholas Thompson,E
24,Brendon Todd,E
24,Camilo Villegas,E
42,Brian Davis,+.333
42,J.J. Henry,+.333
44,Tim Clark,+.500
44,WC Liang,+.500
46,Harris English,+1.000
46,Webb Simpson,+1.000
46,Andrew Svoboda,+1.000
