rank,player,Avg RTP
1,Francesco Molinari,-.500
2,Jimmy Walker,-.375
3,Blayne Barber,-.250
3,Scott Piercy,-.250
5,Boo Weekley,-.235
6,Paul Casey,-.200
6,Marc Leishman,-.200
6,Michael Putnam,-.200
6,Shawn Stefani,-.200
10,Charles Howell III,-.182
11,Scott Pinckney,-.167
12,Colt Knost,-.143
13,Hyung-Sung Kim,-.125
14,Jhonattan Vegas,-.083
15,Jason Kokrak,-.077
16,Jeff Overton,-.067
16,Ryan Palmer,-.067
18,Stuart Appleby,E
18,Zac Blair,E
18,Tim Clark,E
18,Brian Davis,E
18,Jason Day,E
18,Harris English,E
18,Derek Fathauer,E
18,James Hahn,E
18,Brian Harman,E
18,J.J. Henry,E
18,Max Homa,E
18,Russell Knox,E
18,Matt Kuchar,E
18,Scott Langley,E
18,Justin Leonard,E
18,Spencer Levin,E
18,Kevin Na,E
18,Kenny Perry,E
18,Camilo Villegas,E
37,Luke Donald,+.059
38,Morgan Hoffmann,+.063
38,Daniel Summerhays,+.063
40,Chris Kirk,+.077
41,Sangmoon Bae,+.083
42,Chad Collins,+.100
42,Ben Martin,+.100
42,Webb Simpson,+.100
42,Robert Streb,+.100
46,K.J. Choi,+.111
47,WC Liang,+.125
48,Andrew Svoboda,+.143
49,Daniel Berger,+.167
49,Steven Bowditch,+.167
49,Troy Merritt,+.167
49,Kevin Streelman,+.167
49,Nicholas Thompson,+.167
54,Stewart Cink,+.188
55,David Hearn,+.200
55,Brendon Todd,+.200
55,Gary Woodland,+.200
58,Zach Johnson,+.250
59,Jerry Kelly,+.273
60,Tom Johnson,+.333
60,Pat Perez,+.333
60,Justin Thomas,+.333
63,Rory Sabbatini,+.375
64,Matt Jones,+.400
65,Russell Henley,+.417
66,John Peterson,+.429
67,Mark Hubbard,+.455
68,Nick Taylor,+.500
69,Chez Reavie,+.667
70,Roger Sloan,+.700
