rank,player,Avg RTP
1,Max Homa,-1.000
1,Jerry Kelly,-1.000
1,Chez Reavie,-1.000
1,Jimmy Walker,-1.000
5,Zac Blair,-.800
6,Pat Perez,-.750
7,Gary Woodland,-.667
8,Troy Merritt,-.600
9,Roger Sloan,-.571
10,David Hearn,-.500
10,Morgan Hoffmann,-.500
12,John Peterson,-.429
13,Steven Bowditch,-.400
13,Stewart Cink,-.400
13,Russell Henley,-.400
13,Zach Johnson,-.400
13,Francesco Molinari,-.400
18,K.J. Choi,-.375
18,James Hahn,-.375
20,Justin Leonard,-.333
20,Scott Piercy,-.333
20,Michael Putnam,-.333
20,Rory Sabbatini,-.333
20,Daniel Summerhays,-.333
25,Derek Fathauer,-.300
25,Tom Johnson,-.300
25,Chris Kirk,-.300
25,Scott Langley,-.300
29,Jason Day,-.286
30,Jeff Overton,-.273
31,Blayne Barber,-.250
31,Mark Hubbard,-.250
31,Marc Leishman,-.250
31,Kenny Perry,-.250
31,Brendon Todd,-.250
31,Boo Weekley,-.250
37,Tim Clark,-.222
37,Spencer Levin,-.222
39,Chad Collins,-.200
39,Kevin Na,-.200
39,Ryan Palmer,-.200
39,Shawn Stefani,-.200
39,Justin Thomas,-.200
44,Stuart Appleby,-.167
44,Sangmoon Bae,-.167
44,Hyung-Sung Kim,-.167
44,Colt Knost,-.167
44,Nick Taylor,-.167
49,Charles Howell III,-.143
49,WC Liang,-.143
49,Ben Martin,-.143
52,Daniel Berger,-.125
53,Brian Harman,-.111
53,Kevin Streelman,-.111
55,Paul Casey,E
55,Luke Donald,E
55,Matt Jones,E
55,Jason Kokrak,E
55,Robert Streb,E
55,Nicholas Thompson,E
55,Jhonattan Vegas,E
55,Camilo Villegas,E
63,Webb Simpson,+.167
64,Russell Knox,+.200
64,Andrew Svoboda,+.200
66,Brian Davis,+.250
67,Matt Kuchar,+.333
68,J.J. Henry,+.400
69,Scott Pinckney,+.667
70,Harris English,+1.000
