rank,player,Avg RTP
1,Scott Piercy,-.714
2,Ben Martin,-.600
3,Hyung-Sung Kim,-.571
4,Max Homa,-.429
5,Stewart Cink,-.400
6,Stuart Appleby,-.333
6,Harris English,-.333
6,Russell Knox,-.333
6,Webb Simpson,-.333
10,Steven Bowditch,-.286
10,Brian Davis,-.286
10,J.J. Henry,-.286
10,Rory Sabbatini,-.286
14,K.J. Choi,-.250
14,Jason Day,-.250
14,Mark Hubbard,-.250
14,Zach Johnson,-.250
14,Brendon Todd,-.250
14,Gary Woodland,-.250
20,Brian Harman,-.200
20,Jason Kokrak,-.200
20,Justin Leonard,-.200
23,Tim Clark,-.167
23,David Hearn,-.167
23,Russell Henley,-.167
23,Robert Streb,-.167
27,Matt Kuchar,-.143
27,Michael Putnam,-.143
27,Daniel Summerhays,-.143
30,Sangmoon Bae,E
30,Daniel Berger,E
30,Paul Casey,E
30,Chad Collins,E
30,Luke Donald,E
30,James Hahn,E
30,Tom Johnson,E
30,Jerry Kelly,E
30,Chris Kirk,E
30,Colt Knost,E
30,Scott Langley,E
30,Spencer Levin,E
30,Jeff Overton,E
30,Ryan Palmer,E
30,Kenny Perry,E
30,John Peterson,E
30,Chez Reavie,E
30,Shawn Stefani,E
30,Andrew Svoboda,E
30,Nicholas Thompson,E
30,Jhonattan Vegas,E
30,Camilo Villegas,E
30,Jimmy Walker,E
53,Zac Blair,+.125
53,Francesco Molinari,+.125
55,Morgan Hoffmann,+.167
55,Matt Jones,+.167
55,WC Liang,+.167
55,Nick Taylor,+.167
59,Pat Perez,+.200
59,Scott Pinckney,+.200
59,Justin Thomas,+.200
59,Boo Weekley,+.200
63,Charles Howell III,+.250
64,Blayne Barber,+.333
65,Marc Leishman,+.400
65,Troy Merritt,+.400
67,Kevin Na,+.500
67,Roger Sloan,+.500
69,Derek Fathauer,+.600
69,Kevin Streelman,+.600
