rank,player,Avg RTP
1,Hyung-Sung Kim,-.750
2,Jimmy Walker,-.556
3,Justin Thomas,-.500
4,Daniel Berger,-.400
5,Robert Streb,-.385
6,Max Homa,-.375
6,Matt Kuchar,-.375
8,Stuart Appleby,-.333
8,Brian Davis,-.333
8,Brian Harman,-.333
8,J.J. Henry,-.333
8,Jason Kokrak,-.333
8,Ryan Palmer,-.333
8,Rory Sabbatini,-.333
8,Nick Taylor,-.333
16,Zac Blair,-.308
16,Russell Knox,-.308
18,Steven Bowditch,-.300
18,Jerry Kelly,-.300
18,Colt Knost,-.300
18,Troy Merritt,-.300
22,Tim Clark,-.286
22,Jason Day,-.286
22,Marc Leishman,-.286
22,Nicholas Thompson,-.286
26,James Hahn,-.273
26,Russell Henley,-.273
28,Blayne Barber,-.250
28,Luke Donald,-.250
28,Charles Howell III,-.250
28,Pat Perez,-.250
28,Andrew Svoboda,-.250
33,Kevin Streelman,-.235
34,Sangmoon Bae,-.222
34,Jhonattan Vegas,-.222
36,Boo Weekley,-.200
37,Derek Fathauer,-.167
37,Tom Johnson,-.167
39,Kenny Perry,-.154
40,Zach Johnson,-.143
40,Matt Jones,-.143
40,Chris Kirk,-.143
40,Scott Langley,-.143
40,Ben Martin,-.143
40,Webb Simpson,-.143
40,Daniel Summerhays,-.143
47,Stewart Cink,-.111
47,Kevin Na,-.111
49,Chad Collins,-.100
49,Justin Leonard,-.100
49,Scott Pinckney,-.100
49,Shawn Stefani,-.100
49,Gary Woodland,-.100
54,Mark Hubbard,-.091
55,Harris English,-.077
56,Morgan Hoffmann,E
56,Spencer Levin,E
56,WC Liang,E
56,Francesco Molinari,E
56,John Peterson,E
56,Michael Putnam,E
56,Chez Reavie,E
56,Brendon Todd,E
56,Camilo Villegas,E
65,K.J. Choi,+.091
66,Paul Casey,+.111
67,David Hearn,+.125
68,Jeff Overton,+.167
68,Scott Piercy,+.167
70,Roger Sloan,+.333
