rank,player,Avg RTP
1,Stuart Appleby,-1.000
1,Shawn Stefani,-1.000
3,Jason Day,-.667
4,Chad Collins,-.500
4,Harris English,-.500
4,Hyung-Sung Kim,-.500
4,Scott Piercy,-.500
8,Stewart Cink,-.333
9,Steven Bowditch,E
9,Paul Casey,E
9,Tim Clark,E
9,Brian Harman,E
9,David Hearn,E
9,Russell Henley,E
9,Max Homa,E
9,Charles Howell III,E
9,Tom Johnson,E
9,Colt Knost,E
9,Marc Leishman,E
9,Ben Martin,E
9,Francesco Molinari,E
9,Kevin Na,E
9,Ryan Palmer,E
9,Kenny Perry,E
9,Scott Pinckney,E
9,Roger Sloan,E
9,Brendon Todd,E
9,Jhonattan Vegas,E
29,Matt Jones,+.500
29,Webb Simpson,+.500
29,Robert Streb,+.500
32,Chris Kirk,+1.000
32,Jeff Overton,+1.000
32,Nicholas Thompson,+1.000
32,Camilo Villegas,+1.000
36,Luke Donald,+2.000
