rank,player,Avg RTP
1,Stuart Appleby,-1.000
1,J.J. Henry,-1.000
1,Jerry Kelly,-1.000
1,Chez Reavie,-1.000
1,Nick Taylor,-1.000
6,Chad Collins,-.500
6,Zach Johnson,-.500
6,Jason Kokrak,-.500
6,Matt Kuchar,-.500
6,Jhonattan Vegas,-.500
11,Stewart Cink,-.333
11,Harris English,-.333
11,Marc Leishman,-.333
14,Hyung-Sung Kim,-.250
14,Scott Piercy,-.250
16,Jason Day,-.125
17,Sangmoon Bae,E
17,Blayne Barber,E
17,Daniel Berger,E
17,Steven Bowditch,E
17,Paul Casey,E
17,Tim Clark,E
17,Brian Davis,E
17,Luke Donald,E
17,James Hahn,E
17,Brian Harman,E
17,David Hearn,E
17,Morgan Hoffmann,E
17,Max Homa,E
17,Charles Howell III,E
17,Tom Johnson,E
17,Colt Knost,E
17,Scott Langley,E
17,Justin Leonard,E
17,Spencer Levin,E
17,Ben Martin,E
17,Troy Merritt,E
17,Francesco Molinari,E
17,Kenny Perry,E
17,Michael Putnam,E
17,Shawn Stefani,E
17,Robert Streb,E
43,Jeff Overton,+.250
43,Scott Pinckney,+.250
43,Camilo Villegas,+.250
46,Russell Henley,+.333
46,Kevin Na,+.333
46,Daniel Summerhays,+.333
49,Ryan Palmer,+.500
49,Webb Simpson,+.500
49,Roger Sloan,+.500
49,Andrew Svoboda,+.500
49,Nicholas Thompson,+.500
54,Matt Jones,+.667
54,Brendon Todd,+.667
56,Zac Blair,+1.000
56,Chris Kirk,+1.000
56,Russell Knox,+1.000
56,Justin Thomas,+1.000
56,Boo Weekley,+1.000
56,Gary Woodland,+1.000
