rank,player,Avg RTP
1,Stewart Cink,-.455
2,Morgan Hoffmann,-.286
2,John Peterson,-.286
4,Chad Collins,-.250
4,Chris Kirk,-.250
4,Spencer Levin,-.250
7,Daniel Berger,-.231
7,Camilo Villegas,-.231
9,Shawn Stefani,-.222
10,Max Homa,-.214
10,Scott Piercy,-.214
12,Nick Taylor,-.211
13,Roger Sloan,-.200
14,Jason Kokrak,-.188
15,Pat Perez,-.182
15,Webb Simpson,-.182
17,Jason Day,-.176
18,Rory Sabbatini,-.167
18,Kevin Streelman,-.167
18,Jimmy Walker,-.167
21,Matt Kuchar,-.154
22,Brian Harman,-.143
22,Russell Henley,-.143
22,Kenny Perry,-.143
25,James Hahn,-.125
25,Zach Johnson,-.125
25,Justin Thomas,-.125
25,Jhonattan Vegas,-.125
29,Stuart Appleby,-.111
29,WC Liang,-.111
31,Jerry Kelly,-.100
32,Harris English,-.091
33,Brian Davis,-.083
33,Luke Donald,-.083
35,Colt Knost,-.077
36,Charles Howell III,-.059
37,Gary Woodland,-.056
38,Sangmoon Bae,E
38,Blayne Barber,E
38,Tim Clark,E
38,J.J. Henry,E
38,Matt Jones,E
38,Hyung-Sung Kim,E
38,Scott Langley,E
38,Jeff Overton,E
38,Ryan Palmer,E
38,Michael Putnam,E
38,Chez Reavie,E
38,Robert Streb,E
38,Andrew Svoboda,E
38,Brendon Todd,E
38,Boo Weekley,E
53,Paul Casey,+.071
53,Derek Fathauer,+.071
53,Troy Merritt,+.071
56,Tom Johnson,+.083
57,Mark Hubbard,+.111
57,Ben Martin,+.111
59,Francesco Molinari,+.125
60,David Hearn,+.133
61,K.J. Choi,+.143
62,Steven Bowditch,+.154
63,Marc Leishman,+.167
64,Scott Pinckney,+.182
65,Russell Knox,+.200
66,Justin Leonard,+.250
66,Daniel Summerhays,+.250
68,Zac Blair,+.286
69,Nicholas Thompson,+.300
70,Kevin Na,+.308
