rank,player,Avg RTP
1,Zac Blair,-1.000
1,David Hearn,-1.000
1,Max Homa,-1.000
1,Zach Johnson,-1.000
1,Jerry Kelly,-1.000
1,Troy Merritt,-1.000
1,Chez Reavie,-1.000
1,Brendon Todd,-1.000
1,Jimmy Walker,-1.000
10,Marc Leishman,-.667
11,John Peterson,-.600
11,Roger Sloan,-.600
13,Steven Bowditch,-.500
13,Jason Day,-.500
13,James Hahn,-.500
13,Russell Henley,-.500
13,Morgan Hoffmann,-.500
13,Scott Langley,-.500
13,Ryan Palmer,-.500
13,Kenny Perry,-.500
13,Michael Putnam,-.500
13,Andrew Svoboda,-.500
13,Justin Thomas,-.500
13,Gary Woodland,-.500
25,Tom Johnson,-.375
26,Stuart Appleby,-.333
26,K.J. Choi,-.333
26,Charles Howell III,-.333
26,Colt Knost,-.333
26,Rory Sabbatini,-.333
26,Webb Simpson,-.333
32,Jeff Overton,-.273
33,Sangmoon Bae,-.250
33,Hyung-Sung Kim,-.250
33,Chris Kirk,-.250
33,WC Liang,-.250
33,Scott Piercy,-.250
33,Kevin Streelman,-.250
39,Brian Harman,-.200
39,Ben Martin,-.200
41,Spencer Levin,-.143
42,Blayne Barber,E
42,Daniel Berger,E
42,Stewart Cink,E
42,Tim Clark,E
42,Chad Collins,E
42,Luke Donald,E
42,Derek Fathauer,E
42,Mark Hubbard,E
42,Matt Jones,E
42,Jason Kokrak,E
42,Kevin Na,E
42,Shawn Stefani,E
42,Daniel Summerhays,E
42,Nick Taylor,E
42,Nicholas Thompson,E
42,Jhonattan Vegas,E
42,Camilo Villegas,E
59,Paul Casey,+.250
60,Boo Weekley,+.333
61,Matt Kuchar,+.500
62,Robert Streb,+.667
63,J.J. Henry,+1.000
63,Russell Knox,+1.000
63,Scott Pinckney,+1.000
