rank,player,Avg (Yards),Total Distance (inches),Number of Approach Shots
1,Harrison Frazar,141.2,"233,904,000",46
2,David Toms,142.5,"210,351,000",41
3,Aaron Baddeley,143.0,"211,001,000",41
4,Bryce Molder,145.5,"235,761,000",45
5,Mark Wilson,145.6,"256,818,000",49
6,Rory Sabbatini,147.2,"201,346,000",38
7,Kevin Na,148.6,"240,711,000",45
8,Johnson Wagner,150.1,"243,141,000",45
9,Steve Stricker,151.2,"223,137,000",41
10,Chris Kirk,154.1,"238,561,000",43
11,Michael Bradley,157.2,"316,894,000",56
12,K.J. Choi,158.6,"234,035,000",41
13,Gary Woodland,159.3,"223,711,000",39
14,Nick Watney,162.5,"280,869,000",48
15,Bill Haas,163.1,"299,542,000",51
16,Bubba Watson,164.2,"236,411,000",40
17,D.A. Points,166.6,"287,903,000",48
18,Jhonattan Vegas,173.3,"305,752,000",49
19,Webb Simpson,173.8,"287,762,000",46
20,Scott Piercy,174.7,"308,239,000",49
21,Brendan Steele,174.9,"270,770,000",43
22,Keegan Bradley,175.4,"290,452,000",46
23,Jonathan Byrd,177.2,"267,938,000",42
24,Sean O'Hair,178.7,"289,500,000",45
25,Ben Crane,182.0,"242,363,000",37
26,Martin Laird,190.4,"239,923,000",35
27,Scott Stallings,191.0,"274,992,000",40
