rank,player,Avg (Yards),Total Distance (inches),Number of Approach Shots
1,David Toms,130.4,"65,733,000",14
2,Jonathan Byrd,150.2,"129,736,000",24
3,Mark Wilson,151.5,"87,244,000",16
4,Bryce Molder,153.6,"110,557,000",20
5,Johnson Wagner,162.4,"116,945,000",20
6,Martin Laird,164.8,"172,056,000",29
7,Webb Simpson,165.8,"125,317,000",21
8,Ben Crane,166.2,"149,546,000",25
9,Kevin Na,167.8,"114,757,000",19
10,Steve Stricker,173.9,"168,989,000",27
11,Brendan Steele,175.6,"82,177,000",13
12,Sean O'Hair,181.2,"123,933,000",19
13,Rory Sabbatini,182.1,"157,374,000",24
14,Nick Watney,183.5,"125,542,000",19
15,Harrison Frazar,184.5,"132,848,000",20
16,D.A. Points,189.0,"122,455,000",18
17,Aaron Baddeley,189.1,"129,320,000",19
18,Chris Kirk,189.3,"143,116,000",21
19,Michael Bradley,193.3,"69,581,000",10
20,Scott Piercy,195.1,"119,407,000",17
21,K.J. Choi,196.0,"162,281,000",23
22,Scott Stallings,201.6,"137,894,000",19
23,Keegan Bradley,203.3,"131,727,000",18
24,Bill Haas,205.4,"103,544,000",14
25,Gary Woodland,206.7,"141,406,000",19
26,Jhonattan Vegas,226.8,"97,985,000",12
27,Bubba Watson,246.1,"186,084,000",21
