rank,player,Avg,Total Dist of Appr Shot,Total Holes
1,David Toms,140.8,"359,843.000",71
2,Mark Wilson,148.0,"378,282.000",71
3,Bryce Molder,151.6,"387,496.000",71
4,Kevin Na,153.1,"391,391.000",71
5,Johnson Wagner,153.2,"397,176.000",72
6,Aaron Baddeley,154.2,"399,582.000",72
7,Harrison Frazar,155.2,"396,800.000",71
8,Rory Sabbatini,158.0,"409,658.000",72
9,Michael Bradley,163.4,"423,549.000",72
10,Steve Stricker,163.7,"418,443.000",71
11,Chris Kirk,164.2,"425,675.000",72
12,Nick Watney,165.4,"428,715.000",72
13,Webb Simpson,169.1,"432,289.000",71
14,K.J. Choi,169.4,"439,137.000",72
15,Jonathan Byrd,170.0,"440,698.000",72
16,Ben Crane,170.7,"442,361.000",72
16,Gary Woodland,170.7,"442,567.000",72
18,D.A. Points,171.0,"443,136.000",72
19,Brendan Steele,172.7,"435,210.000",70
20,Bill Haas,174.3,"451,687.000",72
21,Sean O'Hair,175.8,"455,616.000",72
22,Martin Laird,176.8,"458,291.000",72
23,Scott Piercy,178.9,"457,319.000",71
24,Keegan Bradley,179.8,"459,508.000",71
25,Jhonattan Vegas,180.8,"468,744.000",72
26,Bubba Watson,186.9,"477,775.000",71
27,Scott Stallings,187.7,"479,748.000",71
