rank,player,Avg (Yards),Total Distance (inches),Number of Approach Shots
1,Nick Watney,123.9,"22,304,000",5
2,Webb Simpson,133.4,"19,210,000",4
3,Aaron Baddeley,137.2,"59,261,000",12
4,Ben Crane,140.1,"50,452,000",10
5,Rory Sabbatini,141.5,"50,938,000",10
6,Kevin Na,142.6,"35,923,000",7
7,David Toms,145.4,"83,759,000",16
8,Sean O'Hair,146.5,"42,183,000",8
9,Johnson Wagner,147.2,"37,090,000",7
10,Keegan Bradley,148.1,"37,329,000",7
11,K.J. Choi,148.7,"42,821,000",8
12,D.A. Points,151.8,"32,778,000",6
13,Chris Kirk,152.8,"43,998,000",8
14,Bubba Watson,153.6,"55,280,000",10
15,Gary Woodland,153.7,"77,450,000",14
16,Scott Stallings,154.8,"66,862,000",12
17,Mark Wilson,158.4,"34,220,000",6
18,Martin Laird,160.8,"46,312,000",8
19,Brendan Steele,163.2,"82,263,000",14
20,Jhonattan Vegas,164.2,"65,007,000",11
21,Scott Piercy,164.9,"29,673,000",5
22,Harrison Frazar,166.9,"30,048,000",5
23,Michael Bradley,171.6,"37,074,000",6
24,Bryce Molder,190.6,"41,178,000",6
25,Bill Haas,192.9,"48,601,000",7
26,Jonathan Byrd,199.2,"43,024,000",6
27,Steve Stricker,243.7,"26,317,000",3
