rank,player,Avg,Total Dist after Tee Shot,Total Tee Shots
1,Bubba Watson,128.1,"267,514.000",58
2,Martin Laird,134.4,"285,568.000",59
3,Scott Stallings,134.9,"281,666.000",58
4,Aaron Baddeley,141.6,"300,653.000",59
5,Keegan Bradley,142.8,"308,540.000",60
6,Harrison Frazar,144.9,"312,878.000",60
7,Jhonattan Vegas,146.4,"300,478.000",57
8,Gary Woodland,148.9,"289,372.000",54
9,Chris Kirk,149.5,"322,958.000",60
10,Bill Haas,149.9,"318,430.000",59
11,Sean O'Hair,150.7,"314,561.000",58
12,Scott Piercy,151.7,"327,748.000",60
13,Rory Sabbatini,152.3,"318,000.000",58
14,Ben Crane,154.2,"327,535.000",59
15,Webb Simpson,154.3,"327,752.000",59
16,Steve Stricker,155.3,"335,390.000",60
17,Michael Bradley,156.0,"336,978.000",60
18,Jonathan Byrd,156.5,"337,963.000",60
19,D.A. Points,156.9,"333,282.000",59
20,Nick Watney,158.8,"331,603.000",58
21,Brendan Steele,159.3,"344,001.000",60
22,K.J. Choi,159.7,"345,043.000",60
23,Johnson Wagner,160.4,"346,542.000",60
24,Bryce Molder,163.8,"353,733.000",60
25,Mark Wilson,164.9,"344,309.000",58
26,Kevin Na,166.8,"354,340.000",59
27,David Toms,168.2,"363,348.000",60
