rank,player,RTP Score
1,Dustin Johnson,-.500
1,Kevin Kisner,-.500
3,Rickie Fowler,-.400
4,Xander Schauffele,-.333
5,Lanto Griffin,-.250
5,Matthew Wolff,-.250
7,Patrick Cantlay,E
7,Corey Conners,E
7,Tyler Duncan,E
7,Dylan Frittelli,E
7,Max Homa,E
7,Nate Lashley,E
7,Collin Morikawa,E
7,Kevin Na,E
7,Ryan Palmer,E
7,Justin Thomas,E
7,Brendon Todd,E
7,Martin Trainer,E
7,Gary Woodland,E
20,J.B. Holmes,+.100
21,Joaquin Niemann,+.167
22,J.T. Poston,+.200
23,Paul Casey,+.250
23,Cameron Champ,+.250
25,Sebastián Muñoz,+.286
26,Sung Kang,+.333
26,Adam Long,+.333
26,Jon Rahm,+.333
29,Graeme McDowell,+.400
29,Keith Mitchell,+.400
31,Jim Herman,+.500
32,Patrick Reed,+.750
