rank,player,%,Fairways Hit,Possible Fairways
1,Chez Reavie,93.33,56,60
2,Collin Morikawa,91.67,55,60
3,Max Homa,90.00,54,60
4,Brendon Todd,88.33,53,60
5,Tyler Duncan,86.67,52,60
5,Kevin Kisner,86.67,52,60
5,Nate Lashley,86.67,52,60
5,Ryan Palmer,86.67,52,60
9,Jim Herman,85.00,51,60
9,Matt Kuchar,85.00,51,60
9,Jon Rahm,85.00,51,60
9,Gary Woodland,85.00,51,60
13,Dylan Frittelli,83.33,50,60
13,Lanto Griffin,83.33,50,60
13,Adam Long,83.33,50,60
16,Corey Conners,81.67,49,60
17,Patrick Cantlay,80.00,48,60
17,Matthew Wolff,80.00,48,60
19,Rickie Fowler,78.33,47,60
19,Dustin Johnson,78.33,47,60
19,Sung Kang,78.33,47,60
19,Graeme McDowell,78.33,47,60
19,Joaquin Niemann,78.33,47,60
19,Justin Thomas,78.33,47,60
25,Paul Casey,76.67,46,60
25,Kevin Na,76.67,46,60
25,Xander Schauffele,76.67,46,60
28,J.B. Holmes,75.00,45,60
28,Sebastián Muñoz,75.00,45,60
28,J.T. Poston,75.00,45,60
31,Cameron Champ,73.33,44,60
31,Patrick Reed,73.33,44,60
33,Keith Mitchell,71.67,43,60
34,Martin Trainer,66.67,40,60
