rank,player,Avg,Total Distance (Feet),Total Strokes
1,Corey Conners,"5' 3""",47.500,9
2,Graeme McDowell,"10' 9""",107.333,10
3,Sung Kang,"10' 10""",108.583,10
4,J.T. Poston,"13' 0""",143.417,11
5,J.B. Holmes,"13' 2""",131.667,10
5,Keith Mitchell,"13' 2""",196.917,15
7,Xander Schauffele,"13' 4""",159.750,12
8,Patrick Cantlay,"13' 5""",107.333,8
8,Sebastián Muñoz,"13' 5""",173.917,13
10,Adam Long,"14' 2""",85.083,6
11,Rickie Fowler,"15' 8""",156.583,10
12,Brendon Todd,"15' 9""",110.500,7
13,Patrick Reed,"15' 10""",205.667,13
14,Kevin Na,"16' 0""",128.250,8
15,Collin Morikawa,"17' 1""",68.417,4
16,Dustin Johnson,"17' 8""",141.167,8
17,Cameron Champ,"18' 3""",200.833,11
18,Matt Kuchar,"18' 4""",128.083,7
19,Ryan Palmer,"18' 11""",113.500,6
20,Joaquin Niemann,"19' 0""",228.333,12
21,Jim Herman,"19' 1""",133.667,7
22,Chez Reavie,"20' 0""",60.000,3
22,Justin Thomas,"20' 0""",219.667,11
24,Tyler Duncan,"20' 2""",121.083,6
25,Kevin Kisner,"20' 5""",163.000,8
26,Dylan Frittelli,"22' 5""",179.583,8
27,Lanto Griffin,"22' 10""",205.750,9
28,Paul Casey,"23' 0""",252.750,11
29,Max Homa,"23' 1""",138.667,6
30,Jon Rahm,"23' 2""",162.333,7
31,Nate Lashley,"30' 5""",243.250,8
32,Martin Trainer,"34' 0""",543.583,16
33,Gary Woodland,"37' 9""",264.000,7
34,Matthew Wolff,"49' 5""",395.250,8
