rank,player,%,Number of Times,Attempts,Avg RTP Score
1,Gary Woodland,25.0,2,8,+10.00
2,J.B. Holmes,27.3,3,11,E
3,Jon Rahm,28.6,2,7,-5.00
4,Adam Long,37.5,3,8,+3.33
5,Patrick Cantlay,41.7,5,12,+2.00
5,Graeme McDowell,41.7,5,12,-2.00
7,Paul Casey,45.5,5,11,E
8,Tyler Duncan,50.0,3,6,-3.33
8,Sung Kang,50.0,5,10,+6.00
8,Collin Morikawa,50.0,2,4,+5.00
8,Joaquin Niemann,50.0,6,12,E
12,Martin Trainer,52.9,9,17,+3.33
13,Sebastián Muñoz,53.8,7,13,E
14,Corey Conners,55.6,5,9,E
14,Dylan Frittelli,55.6,5,9,-4.00
16,Xander Schauffele,58.3,7,12,-2.86
16,Justin Thomas,58.3,7,12,E
18,Cameron Champ,61.5,8,13,+6.25
18,Patrick Reed,61.5,8,13,-1.25
20,Keith Mitchell,62.5,10,16,+6.00
20,Matthew Wolff,62.5,5,8,+2.00
22,Lanto Griffin,66.7,6,9,+3.33
22,Ryan Palmer,66.7,4,6,+2.50
22,J.T. Poston,66.7,8,12,+2.50
25,Rickie Fowler,70.0,7,10,-2.86
25,Dustin Johnson,70.0,7,10,+1.43
27,Brendon Todd,71.4,5,7,E
28,Kevin Kisner,75.0,6,8,+3.33
28,Matt Kuchar,75.0,6,8,+1.67
30,Kevin Na,81.8,9,11,+11.11
31,Max Homa,83.3,5,6,E
32,Jim Herman,85.7,6,7,+1.67
33,Nate Lashley,87.5,7,8,+2.86
34,Chez Reavie,100.0,4,4,+7.50
