rank,player,%,# Hit,Total Attempts
1,Collin Morikawa,98.33,59,60
2,Corey Conners,96.67,58,60
2,Tyler Duncan,96.67,58,60
2,Kevin Kisner,96.67,58,60
2,Chez Reavie,96.67,58,60
2,Xander Schauffele,96.67,58,60
7,Rickie Fowler,95.00,57,60
7,Matt Kuchar,95.00,57,60
7,Ryan Palmer,95.00,57,60
7,Jon Rahm,95.00,57,60
7,Brendon Todd,95.00,57,60
12,Paul Casey,93.33,56,60
12,Dylan Frittelli,93.33,56,60
12,Lanto Griffin,93.33,56,60
12,Jim Herman,93.33,56,60
12,J.B. Holmes,93.33,56,60
12,Max Homa,93.33,56,60
12,Dustin Johnson,93.33,56,60
12,Nate Lashley,93.33,56,60
12,Justin Thomas,93.33,56,60
12,Matthew Wolff,93.33,56,60
22,Sung Kang,91.67,55,60
22,Gary Woodland,91.67,55,60
24,Patrick Cantlay,90.00,54,60
24,Sebastián Muñoz,90.00,54,60
24,J.T. Poston,90.00,54,60
24,Patrick Reed,90.00,54,60
28,Adam Long,88.33,53,60
28,Graeme McDowell,88.33,53,60
28,Kevin Na,88.33,53,60
28,Joaquin Niemann,88.33,53,60
28,Martin Trainer,88.33,53,60
33,Cameron Champ,85.00,51,60
33,Keith Mitchell,85.00,51,60
