rank,player,%,Total Fairway Bunkers,Possible Fwys,Relative to par
1,Patrick Cantlay,.0,0,0,E
1,Corey Conners,.0,0,0,E
1,Kevin Na,.0,0,0,E
1,Ryan Palmer,.0,0,0,E
1,J.T. Poston,.0,0,0,E
1,Matthew Wolff,.0,0,0,E
7,Rickie Fowler,1.7,1,4,E
7,Jim Herman,1.7,1,4,E
7,J.B. Holmes,1.7,1,4,+1.000
7,Max Homa,1.7,1,4,-1.000
7,Sung Kang,1.7,1,4,+1.000
7,Nate Lashley,1.7,1,4,+1.000
7,Adam Long,1.7,1,4,+1.000
7,Graeme McDowell,1.7,1,4,E
7,Collin Morikawa,1.7,1,4,+1.000
7,Sebastián Muñoz,1.7,1,4,+1.000
7,Xander Schauffele,1.7,1,4,E
18,Cameron Champ,3.3,2,8,+0.500
18,Lanto Griffin,3.3,2,8,+1.500
18,Dustin Johnson,3.3,2,8,-0.500
18,Matt Kuchar,3.3,2,8,E
18,Joaquin Niemann,3.3,2,8,+0.500
18,Chez Reavie,3.3,2,8,+1.000
18,Patrick Reed,3.3,2,8,E
18,Justin Thomas,3.3,2,8,+0.500
18,Gary Woodland,3.3,2,9,E
27,Martin Trainer,3.4,2,8,E
28,Paul Casey,5.0,3,12,+0.333
28,Tyler Duncan,5.0,3,12,+0.333
28,Kevin Kisner,5.0,3,12,+0.333
28,Keith Mitchell,5.0,3,12,E
28,Brendon Todd,5.0,3,12,-0.333
33,Jon Rahm,5.1,3,12,E
34,Dylan Frittelli,6.7,4,16,E
