rank,player,%,Total Missed,Total Fwys,Relative to par
1,Rickie Fowler,.00,0,60,E
1,Max Homa,.00,0,60,E
1,Kevin Kisner,.00,0,60,E
1,Nate Lashley,.00,0,60,E
1,Joaquin Niemann,.00,0,60,E
1,Patrick Reed,.00,0,60,E
1,Brendon Todd,.00,0,60,E
8,Tyler Duncan,1.67,1,60,E
8,Lanto Griffin,1.67,1,60,E
8,Jim Herman,1.67,1,60,+1.00
8,Matt Kuchar,1.67,1,60,+1.00
8,Collin Morikawa,1.67,1,60,-1.00
8,Sebastián Muñoz,1.67,1,60,E
8,Chez Reavie,1.67,1,60,+1.00
8,Xander Schauffele,1.67,1,60,-1.00
8,Justin Thomas,1.67,1,60,+1.00
17,Jon Rahm,1.69,1,59,E
18,Corey Conners,3.33,2,60,+1.00
18,Dylan Frittelli,3.33,2,60,-0.50
18,J.B. Holmes,3.33,2,60,E
18,Sung Kang,3.33,2,60,E
18,Graeme McDowell,3.33,2,60,+1.50
18,Keith Mitchell,3.33,2,60,+2.00
18,Gary Woodland,3.33,2,60,+0.50
25,Matthew Wolff,3.39,2,59,+1.00
26,Paul Casey,5.00,3,60,+0.33
26,Dustin Johnson,5.00,3,60,+1.33
26,Ryan Palmer,5.00,3,60,E
29,Patrick Cantlay,6.67,4,60,+1.25
29,Cameron Champ,6.67,4,60,+0.75
29,J.T. Poston,6.67,4,60,E
32,Kevin Na,6.78,4,59,+1.50
32,Martin Trainer,6.78,4,59,+1.25
34,Adam Long,8.33,5,60,+0.80
