rank,player,RTP Score
1,Tyler Duncan,-1.000
1,Jon Rahm,-1.000
3,Paul Casey,-.500
3,Dylan Frittelli,-.500
3,J.B. Holmes,-.500
6,Matthew Wolff,-.400
7,Lanto Griffin,-.333
7,Xander Schauffele,-.333
9,Rickie Fowler,-.286
10,Graeme McDowell,-.200
10,Joaquin Niemann,-.200
10,Patrick Reed,-.200
10,Justin Thomas,-.200
14,Sebastián Muñoz,-.167
15,Patrick Cantlay,E
15,Corey Conners,E
15,Dustin Johnson,E
15,Matt Kuchar,E
15,Adam Long,E
15,Collin Morikawa,E
15,Chez Reavie,E
22,Martin Trainer,+.125
23,Cameron Champ,+.167
23,Nate Lashley,+.167
23,J.T. Poston,+.167
26,Jim Herman,+.200
27,Max Homa,+.250
27,Ryan Palmer,+.250
29,Kevin Kisner,+.333
29,Brendon Todd,+.333
31,Sung Kang,+.500
31,Kevin Na,+.500
33,Keith Mitchell,+.571
34,Gary Woodland,+1.000
