rank,player,%,Total Rough,Possible Fwys,Relative to par
1,Chez Reavie,1.67,1,60,E
2,Collin Morikawa,5.00,3,60,E
3,Tyler Duncan,6.67,4,60,-2.50
3,Dylan Frittelli,6.67,4,60,-2.50
3,Adam Long,6.67,4,60,+2.50
3,Brendon Todd,6.67,4,60,+2.50
7,Jon Rahm,6.78,4,59,E
8,Max Homa,8.33,5,60,+2.00
8,Kevin Kisner,8.33,5,60,E
8,Ryan Palmer,8.33,5,60,+2.00
8,Gary Woodland,8.33,5,60,+2.00
12,Matt Kuchar,10.00,6,60,E
13,Lanto Griffin,11.67,7,60,-2.86
13,Jim Herman,11.67,7,60,+2.86
13,Nate Lashley,11.67,7,60,+1.43
16,Patrick Cantlay,13.33,8,60,E
16,Paul Casey,13.33,8,60,-1.25
16,Dustin Johnson,13.33,8,60,-1.25
19,Corey Conners,15.00,9,60,E
20,Kevin Na,15.25,9,59,+3.33
20,Matthew Wolff,15.25,9,59,-3.33
22,Cameron Champ,16.67,10,60,+2.00
22,Sung Kang,16.67,10,60,+4.00
22,Graeme McDowell,16.67,10,60,+1.00
22,Justin Thomas,16.67,10,60,-1.00
26,Joaquin Niemann,18.33,11,60,E
26,J.T. Poston,18.33,11,60,+1.82
28,Rickie Fowler,20.00,12,60,-3.33
28,J.B. Holmes,20.00,12,60,E
28,Keith Mitchell,20.00,12,60,+5.00
28,Xander Schauffele,20.00,12,60,-3.33
32,Sebastián Muñoz,21.67,13,60,+0.77
33,Martin Trainer,22.03,13,59,+0.77
34,Patrick Reed,23.33,14,60,+0.71
