rank,player,%,Number of Times,Attempts,Avg RTP Score
1,Nate Lashley,12.5,1,8,E
2,Jim Herman,14.3,1,7,+10.00
3,Max Homa,16.7,1,6,E
4,Kevin Na,18.2,2,11,E
5,Kevin Kisner,25.0,2,8,-5.00
5,Matt Kuchar,25.0,2,8,E
7,Brendon Todd,28.6,2,7,E
8,Rickie Fowler,30.0,3,10,E
8,Dustin Johnson,30.0,3,10,-6.67
10,Lanto Griffin,33.3,3,9,E
10,Ryan Palmer,33.3,2,6,-10.00
10,J.T. Poston,33.3,4,12,+2.50
13,Keith Mitchell,37.5,6,16,+5.00
13,Matthew Wolff,37.5,3,8,-3.33
15,Cameron Champ,38.5,5,13,+4.00
15,Patrick Reed,38.5,5,13,+8.00
17,Xander Schauffele,41.7,5,12,-2.00
17,Justin Thomas,41.7,5,12,+2.00
19,Corey Conners,44.4,4,9,E
19,Dylan Frittelli,44.4,4,9,+2.50
21,Sebastián Muñoz,46.2,6,13,+3.33
22,Martin Trainer,47.1,8,17,+2.50
23,Tyler Duncan,50.0,3,6,+3.33
23,Sung Kang,50.0,5,10,+6.00
23,Collin Morikawa,50.0,2,4,E
23,Joaquin Niemann,50.0,6,12,+1.67
27,Paul Casey,54.5,6,11,+1.67
28,Patrick Cantlay,58.3,7,12,+5.71
28,Graeme McDowell,58.3,7,12,+7.14
30,Adam Long,62.5,5,8,+8.00
31,Jon Rahm,71.4,5,7,+2.00
32,J.B. Holmes,72.7,8,11,+2.50
33,Gary Woodland,75.0,6,8,E
