rank,player,%,Total Right rough,Possible Fwys,Relative to par
1,Matt Kuchar,.00,0,60,E
1,Chez Reavie,.00,0,60,E
3,Max Homa,1.67,1,60,E
3,Nate Lashley,1.67,1,60,E
3,Ryan Palmer,1.67,1,60,E
3,Brendon Todd,1.67,1,60,E
7,Dylan Frittelli,3.33,2,60,E
7,Jim Herman,3.33,2,60,+0.50
7,Dustin Johnson,3.33,2,60,-0.50
7,Kevin Kisner,3.33,2,60,-0.50
7,Collin Morikawa,3.33,2,60,E
12,Tyler Duncan,5.00,3,60,E
12,Adam Long,5.00,3,60,+0.33
14,Kevin Na,5.08,3,59,E
14,Jon Rahm,5.08,3,59,+0.33
16,Patrick Cantlay,6.67,4,60,E
16,Paul Casey,6.67,4,60,+0.25
16,Cameron Champ,6.67,4,60,+0.25
16,Corey Conners,6.67,4,60,E
16,Lanto Griffin,6.67,4,60,-0.25
16,Patrick Reed,6.67,4,60,+0.75
16,Gary Woodland,6.67,4,60,E
23,Matthew Wolff,6.78,4,59,-0.25
24,Rickie Fowler,8.33,5,60,-0.40
24,Graeme McDowell,8.33,5,60,+0.40
24,Keith Mitchell,8.33,5,60,+0.40
24,J.T. Poston,8.33,5,60,+0.20
24,Justin Thomas,8.33,5,60,E
29,Martin Trainer,8.47,5,59,E
30,Sung Kang,10.00,6,60,+0.33
30,Joaquin Niemann,10.00,6,60,+0.17
30,Xander Schauffele,10.00,6,60,-0.33
33,Sebastián Muñoz,11.67,7,60,+0.29
34,J.B. Holmes,16.67,10,60,+0.10
