rank,player,%,Total Left rough,Possible Fwys,Relative to par
1,Tyler Duncan,1.67,1,60,-1.00
1,Adam Long,1.67,1,60,E
1,Collin Morikawa,1.67,1,60,E
1,Chez Reavie,1.67,1,60,E
1,Gary Woodland,1.67,1,60,+1.00
6,Jon Rahm,1.69,1,59,-1.00
7,Dylan Frittelli,3.33,2,60,-0.50
7,J.B. Holmes,3.33,2,60,-0.50
9,Lanto Griffin,5.00,3,60,-0.33
9,Kevin Kisner,5.00,3,60,+0.33
9,Brendon Todd,5.00,3,60,+0.33
12,Patrick Cantlay,6.67,4,60,E
12,Paul Casey,6.67,4,60,-0.50
12,Max Homa,6.67,4,60,+0.25
12,Sung Kang,6.67,4,60,+0.50
12,Ryan Palmer,6.67,4,60,+0.25
17,Corey Conners,8.33,5,60,E
17,Jim Herman,8.33,5,60,+0.20
17,Graeme McDowell,8.33,5,60,-0.20
17,Joaquin Niemann,8.33,5,60,-0.20
17,Justin Thomas,8.33,5,60,-0.20
22,Matthew Wolff,8.47,5,59,-0.40
23,Cameron Champ,10.00,6,60,+0.17
23,Dustin Johnson,10.00,6,60,E
23,Matt Kuchar,10.00,6,60,E
23,Nate Lashley,10.00,6,60,+0.17
23,Sebastián Muñoz,10.00,6,60,-0.17
23,J.T. Poston,10.00,6,60,+0.17
23,Xander Schauffele,10.00,6,60,-0.33
30,Kevin Na,10.17,6,59,+0.50
31,Rickie Fowler,11.67,7,60,-0.29
31,Keith Mitchell,11.67,7,60,+0.57
33,Martin Trainer,13.56,8,59,+0.13
34,Patrick Reed,16.67,10,60,-0.20
