rank,player,Avg,Total Strokes,Total Holes
1,Vijay Singh,2.75,33,12
2,Jim Furyk,2.92,35,12
2,Troy Matteson,2.92,35,12
2,Rory Sabbatini,2.92,35,12
5,Rod Pampling,3.00,36,12
6,K.J. Choi,3.08,37,12
6,J.J. Henry,3.08,37,12
6,J.B. Holmes,3.08,37,12
6,Trevor Immelman,3.08,37,12
6,Will MacKenzie,3.08,37,12
6,John Senden,3.08,37,12
6,David Toms,3.08,37,12
13,Stuart Appleby,3.17,38,12
13,Aaron Baddeley,3.17,38,12
13,Luke Donald,3.17,38,12
13,Corey Pavin,3.17,38,12
13,Carl Pettersson,3.17,38,12
13,John Rollins,3.17,38,12
13,Adam Scott,3.17,38,12
13,Kirk Triplett,3.17,38,12
13,Brett Wetterich,3.17,38,12
22,Eric Axley,3.25,39,12
22,Chris Couch,3.25,39,12
22,Davis Love III,3.25,39,12
25,Chad Campbell,3.33,40,12
25,Joe Durant,3.33,40,12
25,Tim Herron,3.33,40,12
25,D.J. Trahan,3.33,40,12
25,Dean Wilson,3.33,40,12
30,Stephen Ames,3.42,41,12
30,Geoff Ogilvy,3.42,41,12
32,Ben Curtis,3.75,45,12
32,Jeff Maggert,3.75,45,12
