rank,player,%,Par 5 Birdies or Better,Par 5 Holes
1,Adam Scott,81.25,13,16
2,Davis Love III,68.75,11,16
3,K.J. Choi,62.50,10,16
3,Trevor Immelman,62.50,10,16
3,Will MacKenzie,62.50,10,16
3,David Toms,62.50,10,16
7,Stuart Appleby,50.00,8,16
7,Aaron Baddeley,50.00,8,16
7,Carl Pettersson,50.00,8,16
7,Brett Wetterich,50.00,8,16
11,Chris Couch,43.75,7,16
11,Luke Donald,43.75,7,16
11,Joe Durant,43.75,7,16
11,Tim Herron,43.75,7,16
11,J.B. Holmes,43.75,7,16
11,Geoff Ogilvy,43.75,7,16
11,Rod Pampling,43.75,7,16
11,John Rollins,43.75,7,16
11,John Senden,43.75,7,16
11,Dean Wilson,43.75,7,16
21,J.J. Henry,37.50,6,16
21,Rory Sabbatini,37.50,6,16
21,Vijay Singh,37.50,6,16
24,Jim Furyk,31.25,5,16
24,Jeff Maggert,31.25,5,16
24,Troy Matteson,31.25,5,16
24,D.J. Trahan,31.25,5,16
24,Kirk Triplett,31.25,5,16
29,Eric Axley,25.00,4,16
29,Chad Campbell,25.00,4,16
31,Stephen Ames,18.75,3,16
31,Corey Pavin,18.75,3,16
33,Ben Curtis,12.50,2,16
