rank,player,Avg,Total Strokes,Total Holes
1,Stephen Ames,3.84,169,44
2,J.B. Holmes,3.89,171,44
3,Vijay Singh,3.91,172,44
4,Davis Love III,3.93,173,44
5,Chris Couch,3.95,174,44
5,Luke Donald,3.95,174,44
7,Joe Durant,3.98,175,44
7,J.J. Henry,3.98,175,44
7,Troy Matteson,3.98,175,44
7,Geoff Ogilvy,3.98,175,44
7,Adam Scott,3.98,175,44
12,Trevor Immelman,4.00,176,44
12,Will MacKenzie,4.00,176,44
12,Kirk Triplett,4.00,176,44
15,Stuart Appleby,4.02,177,44
15,K.J. Choi,4.02,177,44
17,Rory Sabbatini,4.05,178,44
18,Tim Herron,4.07,179,44
18,David Toms,4.07,179,44
20,Eric Axley,4.09,180,44
20,Jim Furyk,4.09,180,44
20,Corey Pavin,4.09,180,44
23,Rod Pampling,4.14,182,44
23,John Rollins,4.14,182,44
23,John Senden,4.14,182,44
23,Brett Wetterich,4.14,182,44
27,Jeff Maggert,4.18,184,44
27,Carl Pettersson,4.18,184,44
29,Ben Curtis,4.23,186,44
29,Dean Wilson,4.23,186,44
31,Chad Campbell,4.25,187,44
32,Aaron Baddeley,4.27,188,44
33,D.J. Trahan,4.30,189,44
