rank,player,%,Par 4 Birdies or Better,Par 4 Holes
1,Stephen Ames,25.00,11,44
1,J.B. Holmes,25.00,11,44
3,Luke Donald,20.45,9,44
3,Rory Sabbatini,20.45,9,44
5,Chris Couch,18.18,8,44
5,Davis Love III,18.18,8,44
5,Adam Scott,18.18,8,44
5,Vijay Singh,18.18,8,44
5,Kirk Triplett,18.18,8,44
10,Eric Axley,15.91,7,44
10,Joe Durant,15.91,7,44
10,J.J. Henry,15.91,7,44
10,Troy Matteson,15.91,7,44
10,Geoff Ogilvy,15.91,7,44
10,Corey Pavin,15.91,7,44
10,David Toms,15.91,7,44
17,Stuart Appleby,13.64,6,44
17,K.J. Choi,13.64,6,44
17,Trevor Immelman,13.64,6,44
17,Will MacKenzie,13.64,6,44
21,Aaron Baddeley,11.36,5,44
21,Jeff Maggert,11.36,5,44
21,Rod Pampling,11.36,5,44
24,Chad Campbell,9.09,4,44
24,Jim Furyk,9.09,4,44
24,Carl Pettersson,9.09,4,44
24,D.J. Trahan,9.09,4,44
24,Brett Wetterich,9.09,4,44
29,Ben Curtis,6.82,3,44
29,Tim Herron,6.82,3,44
29,John Rollins,6.82,3,44
29,John Senden,6.82,3,44
33,Dean Wilson,4.55,2,44
