rank,player,Avg,Total Strokes,Total Holes
1,Adam Scott,4.19,67,16
2,Trevor Immelman,4.38,70,16
2,David Toms,4.38,70,16
4,Aaron Baddeley,4.44,71,16
4,Will MacKenzie,4.44,71,16
6,K.J. Choi,4.50,72,16
6,Davis Love III,4.50,72,16
6,Carl Pettersson,4.50,72,16
9,Stuart Appleby,4.56,73,16
9,Luke Donald,4.56,73,16
9,Vijay Singh,4.56,73,16
12,Joe Durant,4.63,74,16
12,J.J. Henry,4.63,74,16
12,Tim Herron,4.63,74,16
12,Jeff Maggert,4.63,74,16
12,John Senden,4.63,74,16
12,Brett Wetterich,4.63,74,16
18,Chris Couch,4.69,75,16
18,John Rollins,4.69,75,16
18,Rory Sabbatini,4.69,75,16
18,Kirk Triplett,4.69,75,16
22,J.B. Holmes,4.75,76,16
22,Rod Pampling,4.75,76,16
22,Dean Wilson,4.75,76,16
25,Stephen Ames,4.81,77,16
25,Eric Axley,4.81,77,16
25,Jim Furyk,4.81,77,16
25,Troy Matteson,4.81,77,16
25,Geoff Ogilvy,4.81,77,16
25,D.J. Trahan,4.81,77,16
31,Chad Campbell,4.88,78,16
32,Ben Curtis,5.06,81,16
33,Corey Pavin,5.19,83,16
