rank,player,Status,Par 5 Avg,Total Par
1,Adam Scott,-13,4.19,80
2,Trevor Immelman,-10,4.38,80
2,David Toms,-10,4.38,80
4,Aaron Baddeley,-9,4.44,80
4,Will MacKenzie,-9,4.44,80
6,K.J. Choi,-8,4.50,80
6,Davis Love III,-8,4.50,80
6,Carl Pettersson,-8,4.50,80
9,Stuart Appleby,-7,4.56,80
9,Luke Donald,-7,4.56,80
9,Vijay Singh,-7,4.56,80
12,Joe Durant,-6,4.63,80
12,J.J. Henry,-6,4.63,80
12,Tim Herron,-6,4.63,80
12,Jeff Maggert,-6,4.63,80
12,John Senden,-6,4.63,80
12,Brett Wetterich,-6,4.63,80
18,Chris Couch,-5,4.69,80
18,John Rollins,-5,4.69,80
18,Rory Sabbatini,-5,4.69,80
18,Kirk Triplett,-5,4.69,80
22,J.B. Holmes,-4,4.75,80
22,Rod Pampling,-4,4.75,80
22,Dean Wilson,-4,4.75,80
25,Stephen Ames,-3,4.81,80
25,Eric Axley,-3,4.81,80
25,Jim Furyk,-3,4.81,80
25,Troy Matteson,-3,4.81,80
25,Geoff Ogilvy,-3,4.81,80
25,D.J. Trahan,-3,4.81,80
31,Chad Campbell,-2,4.88,80
32,Ben Curtis,+1,5.06,80
33,Corey Pavin,+3,5.19,80
