rank,player,Status,Par 3 Avg,Total Par
1,Vijay Singh,-3,2.75,36
2,Jim Furyk,-1,2.92,36
2,Troy Matteson,-1,2.92,36
2,Rory Sabbatini,-1,2.92,36
5,Rod Pampling,E,3.00,36
6,K.J. Choi,+1,3.08,36
6,J.J. Henry,+1,3.08,36
6,J.B. Holmes,+1,3.08,36
6,Trevor Immelman,+1,3.08,36
6,Will MacKenzie,+1,3.08,36
6,John Senden,+1,3.08,36
6,David Toms,+1,3.08,36
13,Stuart Appleby,+2,3.17,36
13,Aaron Baddeley,+2,3.17,36
13,Luke Donald,+2,3.17,36
13,Corey Pavin,+2,3.17,36
13,Carl Pettersson,+2,3.17,36
13,John Rollins,+2,3.17,36
13,Adam Scott,+2,3.17,36
13,Kirk Triplett,+2,3.17,36
13,Brett Wetterich,+2,3.17,36
22,Eric Axley,+3,3.25,36
22,Chris Couch,+3,3.25,36
22,Davis Love III,+3,3.25,36
25,Chad Campbell,+4,3.33,36
25,Joe Durant,+4,3.33,36
25,Tim Herron,+4,3.33,36
25,D.J. Trahan,+4,3.33,36
25,Dean Wilson,+4,3.33,36
30,Stephen Ames,+5,3.42,36
30,Geoff Ogilvy,+5,3.42,36
32,Ben Curtis,+9,3.75,36
32,Jeff Maggert,+9,3.75,36
