rank,player,Avg,Total Distance (feet),# of Attempts,Relative to par
1,Stewart Cink,"2' 0""",2.000,1,-1
2,Vaughn Taylor,"3' 5""",3.417,1,-1
3,Ryan Palmer,"5' 4""",5.333,1,-1
4,Tiger Woods,"5' 8""",5.667,1,E
5,Retief Goosen,"8' 9""",17.417,2,-1
6,Stuart Appleby,"9' 10""",9.833,1,E
7,Vijay Singh,"11' 4""",11.333,1,-1
8,Heath Slocum,"11' 6""",11.500,1,E
9,John Daly,"13' 1""",26.083,2,E
10,Ernie Els,"13' 4""",13.333,1,-1
11,Andre Stolz,"16' 2""",32.250,2,E
12,Stephen Ames,"16' 9""",16.750,1,-1
13,Rod Pampling,"17' 3""",17.250,1,E
14,Sergio Garcia,"17' 9""",35.500,2,E
15,David Toms,"18' 4""",18.333,1,E
16,Joey Sindelar,"18' 7""",18.583,1,E
17,Todd Hamilton,"19' 11""",19.917,1,E
18,Steve Flesch,"23' 3""",46.417,2,+1
19,Jonathan Kaye,"28' 5""",28.417,1,E
20,Carlos Franco,"29' 0""",58.000,2,E
21,Fred Funk,"30' 7""",61.083,2,E
22,Mark Hensby,"35' 1""",35.083,1,+1
23,Bart Bryant,"35' 11""",71.833,2,+1
24,Brent Geiberger,"62' 5""",62.417,1,+1
