rank,player,Avg,Total Distance (feet),# of Attempts,Relative to par
1,Adam Scott,"8' 4""",16.667,2,E
2,Tiger Woods,"12' 1""",36.250,3,E
3,Ernie Els,"13' 4""",13.333,1,-1
4,Heath Slocum,"14' 1""",28.167,2,E
5,Mike Weir,"14' 6""",29.000,2,E
6,David Toms,"15' 3""",76.333,5,-1
7,Steve Flesch,"17' 7""",52.833,3,E
8,Sergio Garcia,"18' 4""",73.333,4,+1
9,Stewart Cink,"19' 0""",133.250,7,-1
10,Rod Pampling,"19' 6""",97.667,5,E
11,John Daly,"19' 9""",98.583,5,E
12,Joey Sindelar,"21' 3""",85.083,4,+1
13,Andre Stolz,"22' 7""",135.333,6,+2
14,Retief Goosen,"23' 0""",68.917,3,-1
15,Stuart Appleby,"24' 7""",49.167,2,-1
16,Vijay Singh,"25' 1""",125.500,5,+1
17,Mark Hensby,"25' 6""",76.417,3,+1
18,Bart Bryant,"25' 10""",77.583,3,E
19,Fred Funk,"26' 3""",105.000,4,E
20,Woody Austin,"27' 3""",54.417,2,E
21,Carlos Franco,"27' 6""",110.083,4,E
22,Zach Johnson,"30' 9""",92.333,3,-1
23,Vaughn Taylor,"31' 5""",94.333,3,E
24,Jonathan Kaye,"32' 11""",131.750,4,+1
25,Ryan Palmer,"37' 7""",150.333,4,+1
26,Jonathan Byrd,"38' 6""",115.417,3,E
27,Craig Parry,"47' 1""",94.083,2,+1
28,Stephen Ames,"50' 9""",203.000,4,E
29,Todd Hamilton,"58' 2""",174.583,3,+2
30,Brent Geiberger,"62' 5""",62.417,1,+1
