rank,player,Avg,Total Distance (feet),# of Attempts,Relative to par
1,Jonathan Byrd,"56' 0""",56.000,1,E
2,Ernie Els,"57' 9""",115.417,2,-1
3,Brent Geiberger,"58' 6""",117.000,2,E
4,Craig Parry,"62' 5""",62.417,1,-1
5,Stewart Cink,"62' 9""",62.750,1,-1
6,Heath Slocum,"63' 7""",127.083,2,E
7,Stephen Ames,"64' 10""",129.583,2,-2
8,Tiger Woods,"70' 1""",70.083,1,E
9,David Toms,"71' 3""",142.417,2,-1
10,Vijay Singh,"83' 3""",83.250,1,-1
11,Woody Austin,"83' 10""",251.417,3,-2
12,Mike Weir,"88' 3""",88.250,1,E
13,Ryan Palmer,"90' 11""",181.833,2,+2
14,Adam Scott,"121' 9""",243.417,2,-2
15,Stuart Appleby,"134' 9""",134.750,1,E
