rank,player,Avg,Total Distance (feet),# of Attempts,Relative to par
1,Steve Flesch,"5' 8""",5.667,1,-1
2,Jonathan Kaye,"20' 10""",20.833,1,-1
3,Stewart Cink,"54' 6""",108.917,2,-1
4,Jonathan Byrd,"54' 9""",109.417,2,E
5,Tiger Woods,"55' 7""",111.167,2,-1
6,Ernie Els,"58' 4""",175.083,3,E
7,Brent Geiberger,"58' 6""",117.000,2,E
8,Retief Goosen,"59' 7""",59.583,1,-1
9,Heath Slocum,"63' 7""",127.083,2,E
10,Stephen Ames,"64' 8""",194.083,3,-2
11,Vaughn Taylor,"68' 8""",137.333,2,-1
12,John Daly,"68' 11""",137.833,2,+1
13,David Toms,"71' 3""",142.417,2,-1
14,Craig Parry,"78' 9""",157.500,2,-2
15,Vijay Singh,"79' 5""",158.833,2,-2
16,Joey Sindelar,"84' 10""",84.833,1,E
17,Mike Weir,"85' 9""",171.417,2,E
18,Mark Hensby,"87' 1""",174.083,2,+1
19,Sergio Garcia,"90' 1""",180.167,2,E
20,Ryan Palmer,"90' 11""",181.833,2,+2
21,Woody Austin,"92' 3""",369.083,4,-2
22,Zach Johnson,"103' 5""",206.833,2,+2
23,Stuart Appleby,"116' 3""",348.750,3,E
24,Adam Scott,"121' 9""",243.417,2,-2
25,Rod Pampling,"124' 0""",124.000,1,+1
26,Chad Campbell,"147' 1""",147.083,1,E
