rank,player,Avg,Total Distance (feet),# of Attempts,Relative to par
1,Bart Bryant,"5' 9""",5.750,1,-1
2,Woody Austin,"9' 0""",9.000,1,E
3,Mike Weir,"14' 6""",29.000,2,E
4,Stewart Cink,"16' 5""",32.750,2,E
5,Heath Slocum,"16' 8""",16.667,1,E
6,Fred Funk,"17' 9""",17.750,1,E
7,Andre Stolz,"17' 10""",17.833,1,+1
8,Sergio Garcia,"18' 11""",37.833,2,+1
9,Vijay Singh,"22' 9""",45.500,2,-1
10,Rod Pampling,"23' 11""",47.750,2,E
11,Joey Sindelar,"26' 8""",53.333,2,+1
12,John Daly,"29' 4""",58.667,2,E
13,Jonathan Kaye,"34' 11""",69.833,2,+1
14,Stuart Appleby,"39' 4""",39.333,1,-1
15,Vaughn Taylor,"47' 9""",47.750,1,E
16,Ryan Palmer,"48' 4""",145.000,3,+2
17,Retief Goosen,"51' 6""",51.500,1,E
18,Jonathan Byrd,"52' 6""",105.000,2,+1
19,Zach Johnson,"59' 3""",59.250,1,E
20,Stephen Ames,"59' 11""",119.833,2,+1
21,Todd Hamilton,"77' 4""",154.667,2,+2
