rank,player,Avg,Total Distance (feet),# of Attempts,Relative to par
1,Bart Bryant,"10' 4""",10.333,1,-1
2,Woody Austin,"12' 11""",12.917,1,E
3,Vijay Singh,"18' 6""",36.917,2,-1
4,Tiger Woods,"20' 1""",40.083,2,E
5,Stewart Cink,"27' 7""",55.083,2,E
6,Retief Goosen,"30' 1""",60.083,2,-1
7,Chad Campbell,"30' 6""",61.000,2,+1
8,Ernie Els,"34' 2""",34.167,1,E
9,Adam Scott,"36' 6""",36.500,1,E
10,John Daly,"38' 10""",38.833,1,E
11,Brent Geiberger,"39' 0""",78.000,2,E
12,Todd Hamilton,"39' 10""",39.833,1,E
13,Andre Stolz,"40' 0""",119.917,3,+1
14,Jonathan Byrd,"45' 2""",135.500,3,E
15,Mike Weir,"46' 3""",92.417,2,E
16,Stuart Appleby,"55' 5""",110.750,2,E
17,Carlos Franco,"57' 9""",230.833,4,E
18,Heath Slocum,"60' 3""",60.250,1,+1
19,Sergio Garcia,"66' 10""",66.833,1,E
20,Mark Hensby,"75' 5""",150.750,2,+2
21,Fred Funk,"85' 11""",85.917,1,E
