rank,player,Avg,Total Distance (feet),# of Attempts,Relative to par
1,Jonathan Byrd,"10' 5""",10.417,1,-1
2,Stuart Appleby,"11' 1""",22.083,2,-1
3,Ryan Palmer,"11' 6""",22.917,2,-2
3,Heath Slocum,"11' 6""",11.500,1,E
5,Adam Scott,"12' 7""",37.667,3,E
6,John Daly,"13' 4""",39.917,3,E
6,Ernie Els,"13' 4""",13.333,1,-1
6,Retief Goosen,"13' 4""",40.083,3,-1
9,David Toms,"15' 3""",76.333,5,-1
10,Joey Sindelar,"15' 11""",31.750,2,E
11,Zach Johnson,"16' 7""",33.083,2,-1
12,Rod Pampling,"16' 8""",49.917,3,E
13,Steve Flesch,"17' 7""",52.833,3,E
14,Sergio Garcia,"17' 9""",35.500,2,E
15,Tiger Woods,"19' 7""",78.333,4,+1
16,Todd Hamilton,"19' 11""",19.917,1,E
17,Stewart Cink,"20' 1""",100.500,5,-1
18,Vaughn Taylor,"23' 4""",46.583,2,E
19,Andre Stolz,"23' 6""",117.500,5,+1
20,Mark Hensby,"25' 6""",76.417,3,+1
21,Vijay Singh,"26' 8""",80.000,3,+2
22,Fred Funk,"29' 1""",87.250,3,E
23,Jonathan Kaye,"31' 0""",61.917,2,E
24,Carlos Franco,"31' 4""",156.833,5,E
25,Bart Bryant,"35' 11""",71.833,2,+1
26,Stephen Ames,"41' 7""",83.167,2,-1
27,Woody Austin,"45' 5""",45.417,1,E
28,Craig Parry,"47' 1""",94.083,2,+1
29,Brent Geiberger,"62' 5""",62.417,1,+1
