rank,player,Avg,Total Distance (feet),# of Attempts,Relative to par
1,Mark Hensby,"4' 11""",4.917,1,-1
2,Joey Sindelar,"10' 3""",10.250,1,E
3,Mike Weir,"11' 9""",11.750,1,-1
4,Brent Geiberger,"15' 11""",15.917,1,E
5,Craig Parry,"16' 1""",32.167,2,-1
6,John Daly,"19' 0""",37.917,2,E
7,Sergio Garcia,"19' 5""",19.417,1,E
8,Tiger Woods,"21' 8""",43.333,2,E
9,Vijay Singh,"23' 5""",23.417,1,E
10,Stuart Appleby,"24' 9""",74.167,3,-1
11,Jonathan Byrd,"25' 0""",25.000,1,+1
12,Ernie Els,"25' 2""",50.250,2,+1
13,Zach Johnson,"29' 10""",29.833,1,E
14,Chad Campbell,"31' 2""",124.667,4,E
15,Bart Bryant,"32' 4""",32.333,1,+1
16,Jonathan Kaye,"32' 5""",162.167,5,+1
17,Retief Goosen,"33' 7""",100.750,3,E
18,Fred Funk,"36' 11""",36.917,1,E
19,Stephen Ames,"37' 7""",75.167,2,E
20,Carlos Franco,"42' 4""",42.333,1,+1
21,Heath Slocum,"44' 0""",44.000,1,E
22,Vaughn Taylor,"48' 7""",97.083,2,+1
23,Andre Stolz,"56' 4""",112.583,2,E
24,Ryan Palmer,"61' 11""",123.750,2,+2
25,Rod Pampling,"67' 1""",134.167,2,+1
26,Adam Scott,"68' 7""",68.583,1,+1
27,Woody Austin,"74' 10""",74.833,1,E
