rank,player,Avg,Attempts,Total Distance (feet),Relative to par
1,Woody Austin,"11' 0""",2,21.917,E
2,David Toms,"14' 0""",2,28.000,E
3,Vijay Singh,"15' 1""",3,45.250,-2.00
4,Tiger Woods,"16' 4""",3,49.000,E
5,Sergio Garcia,"18' 4""",3,54.917,E
6,Todd Hamilton,"19' 11""",1,19.917,E
7,Stewart Cink,"21' 11""",3,65.667,-1.00
8,Bart Bryant,"27' 5""",3,82.167,E
9,Steve Flesch,"27' 7""",3,82.667,-1.00
10,Andre Stolz,"29' 4""",6,175.833,E
11,Retief Goosen,"31' 0""",5,155.167,-2.00
12,Jonathan Kaye,"35' 6""",4,142.000,+1.00
13,Joey Sindelar,"38' 10""",3,116.583,E
14,Zach Johnson,"39' 4""",3,117.917,E
15,Jonathan Byrd,"40' 3""",1,40.250,E
16,John Daly,"41' 6""",4,165.833,E
17,Brent Geiberger,"44' 6""",3,133.583,-1.00
18,Adam Scott,"46' 9""",5,233.667,-1.00
19,Heath Slocum,"46' 11""",4,187.750,E
20,Mark Hensby,"51' 5""",1,51.417,+1.00
21,Craig Parry,"52' 1""",4,208.417,-1.00
22,Carlos Franco,"52' 2""",4,208.667,E
23,Mike Weir,"53' 7""",4,214.250,-2.00
24,Fred Funk,"54' 0""",3,161.917,E
25,Ernie Els,"56' 7""",6,339.250,E
26,Stuart Appleby,"58' 7""",5,293.083,-1.00
27,Vaughn Taylor,"60' 2""",5,300.750,-1.00
28,Rod Pampling,"61' 6""",4,245.833,+1.00
29,Ryan Palmer,"66' 9""",4,267.000,+2.00
