rank,player,Avg,Total Distance (feet),# of Attempts,Relative to par
1,Fred Funk,"8' 1""",8.083,1,+1
2,Mike Weir,"11' 7""",11.583,1,-2
3,John Daly,"21' 0""",21.000,1,E
4,Jonathan Kaye,"24' 10""",24.833,1,-1
5,Andre Stolz,"36' 4""",72.583,2,-1
6,Sergio Garcia,"38' 7""",77.083,2,E
7,Stephen Ames,"42' 9""",42.750,1,E
8,Steve Flesch,"49' 8""",49.667,1,E
9,Adam Scott,"57' 4""",57.333,1,E
10,Carlos Franco,"67' 2""",67.167,1,E
11,Brent Geiberger,"73' 3""",73.250,1,-1
12,Ryan Palmer,"77' 8""",77.667,1,+1
13,Ernie Els,"100' 11""",201.750,2,E
14,Vaughn Taylor,"105' 2""",210.333,2,E
