rank,player,Avg,Total Distance (feet),# of Attempts,Relative to par
1,Steve Flesch,"5' 8""",5.667,1,-1
2,Jonathan Kaye,"20' 10""",20.833,1,-1
3,Vaughn Taylor,"45' 10""",45.833,1,E
4,Stewart Cink,"46' 2""",46.167,1,E
5,Jonathan Byrd,"53' 5""",53.417,1,E
6,Retief Goosen,"59' 7""",59.583,1,-1
7,Ernie Els,"59' 8""",59.667,1,+1
8,Stephen Ames,"64' 6""",64.500,1,E
9,John Daly,"68' 11""",137.833,2,+1
10,Vijay Singh,"75' 7""",75.583,1,-1
11,Mike Weir,"83' 2""",83.167,1,E
12,Joey Sindelar,"84' 10""",84.833,1,E
13,Zach Johnson,"103' 5""",206.833,2,+2
