rank,player,Avg,Total Distance (feet),# of Attempts,Relative to par
1,Steve Flesch,"6' 5""",6.417,1,-1
2,Adam Scott,"8' 4""",16.667,2,E
3,Jonathan Byrd,"10' 5""",10.417,1,-1
4,Joey Sindelar,"13' 2""",13.167,1,E
5,John Daly,"13' 10""",13.833,1,E
6,David Toms,"14' 6""",58.000,4,-1
7,Tiger Woods,"15' 4""",30.583,2,E
8,Rod Pampling,"16' 4""",32.667,2,E
9,Zach Johnson,"16' 7""",33.083,2,-1
10,Mark Hensby,"20' 8""",41.333,2,E
11,Stewart Cink,"24' 8""",98.500,4,E
12,Carlos Franco,"26' 1""",52.083,2,E
13,Fred Funk,"26' 2""",26.167,1,E
14,Andre Stolz,"28' 5""",85.250,3,+1
15,Jonathan Kaye,"33' 6""",33.500,1,E
16,Vijay Singh,"34' 4""",68.667,2,+3
17,Vaughn Taylor,"43' 2""",43.167,1,+1
18,Woody Austin,"45' 5""",45.417,1,E
19,Craig Parry,"47' 1""",94.083,2,+1
20,Stephen Ames,"66' 5""",66.417,1,E
