rank,player,%,Total Drives for 320+,Total Drives - Overall,Relative to Par
1,Cameron Young,45.00%,27,60,-0.185
2,Jon Rahm,41.67%,25,60,-0.400
2,Adam Scott,41.67%,25,60,-0.200
4,Ryan Brehm,40.00%,24,60,-0.167
4,Luke List,40.00%,24,60,-0.417
4,Trey Mullinax,40.00%,24,60,-0.208
4,Seamus Power,40.00%,24,60,-0.167
4,J.J. Spaun,40.00%,24,60,-0.208
4,Jordan Spieth,40.00%,24,60,-0.292
4,Sahith Theegala,40.00%,24,60,-0.125
11,Brian Harman,38.33%,23,60,-0.130
11,Viktor Hovland,38.33%,23,60,-0.217
11,K.H. Lee,38.33%,23,60,-0.174
11,Scott Stallings,38.33%,23,60,-0.261
11,Justin Thomas,38.33%,23,60,-0.087
16,Mackenzie Hughes,36.67%,22,60,-0.182
16,Scottie Scheffler,36.67%,22,60,-0.364
16,Will Zalatoris,36.67%,22,60,-0.409
19,Keegan Bradley,35.00%,21,60,-0.095
19,Corey Conners,35.00%,21,60,-0.238
19,Tony Finau,35.00%,21,60,-0.429
19,Max Homa,35.00%,21,60,-0.286
19,Sungjae Im,35.00%,21,60,-0.238
24,Patrick Cantlay,33.33%,20,60,-0.450
24,Matt Fitzpatrick,33.33%,20,60,-0.250
26,Tom Kim,31.67%,19,60,-0.316
27,Russell Henley,30.00%,18,60,-0.056
27,Billy Horschel,30.00%,18,60,-0.333
27,Collin Morikawa,30.00%,18,60,-0.333
27,Chad Ramey,30.00%,18,60,-0.056
27,Chez Reavie,30.00%,18,60,-0.167
27,Adam Svensson,30.00%,18,60,-0.056
33,Sam Burns,28.33%,17,60,-0.176
33,Tom Hoge,28.33%,17,60,-0.412
33,J.T. Poston,28.33%,17,60,-0.235
33,Aaron Wise,28.33%,17,60,-0.353
37,Hideki Matsuyama,26.67%,16,60,-0.313
37,Sepp Straka,26.67%,16,60,-0.313
