rank,player,%,Total Drives for <= 240,Total Drives - Overall,Relative to Par
1,Chez Reavie,16.67%,10,60,-0.100
2,Adam Svensson,15.00%,9,60,E
3,Ryan Brehm,10.00%,6,60,+0.333
3,Russell Henley,10.00%,6,60,-0.500
3,Tom Hoge,10.00%,6,60,-0.333
6,Hideki Matsuyama,8.33%,5,60,-0.600
7,Tom Kim,6.67%,4,60,-0.500
7,Seamus Power,6.67%,4,60,E
7,Will Zalatoris,6.67%,4,60,-0.750
10,Brian Harman,5.00%,3,60,+0.333
10,Max Homa,5.00%,3,60,-0.333
10,Billy Horschel,5.00%,3,60,+0.333
10,Sungjae Im,5.00%,3,60,E
10,Scott Stallings,5.00%,3,60,-0.333
15,Keegan Bradley,3.33%,2,60,E
15,Corey Conners,3.33%,2,60,E
15,Collin Morikawa,3.33%,2,60,-0.500
15,Chad Ramey,3.33%,2,60,-0.500
15,Adam Scott,3.33%,2,60,-0.500
15,Sahith Theegala,3.33%,2,60,+0.500
15,Cameron Young,3.33%,2,60,-0.500
22,Sam Burns,1.67%,1,60,+2.000
22,Patrick Cantlay,1.67%,1,60,E
22,Tony Finau,1.67%,1,60,E
22,Viktor Hovland,1.67%,1,60,E
22,K.H. Lee,1.67%,1,60,E
22,J.T. Poston,1.67%,1,60,E
22,Scottie Scheffler,1.67%,1,60,E
22,J.J. Spaun,1.67%,1,60,E
22,Jordan Spieth,1.67%,1,60,E
22,Sepp Straka,1.67%,1,60,E
22,Aaron Wise,1.67%,1,60,-1.000
33,Matt Fitzpatrick,.00%,0,60,-
33,Mackenzie Hughes,.00%,0,60,-
33,Luke List,.00%,0,60,-
33,Trey Mullinax,.00%,0,60,-
33,Jon Rahm,.00%,0,60,-
33,Justin Thomas,.00%,0,60,-
