rank,player,%,Total Drives for 300+,Total Drvs - overall,Relative to par
1,Cameron Young,62.50%,5,8,-0.60
2,Tony Finau,50.00%,4,8,-0.50
2,Luke List,50.00%,4,8,-0.25
2,Trey Mullinax,50.00%,4,8,-0.50
2,Jon Rahm,50.00%,4,8,-1.00
2,J.J. Spaun,50.00%,4,8,-0.50
2,Will Zalatoris,50.00%,4,8,-0.50
8,Ryan Brehm,37.50%,3,8,-0.33
8,Sam Burns,37.50%,3,8,+0.33
8,K.H. Lee,37.50%,3,8,-0.33
8,Scottie Scheffler,37.50%,3,8,-0.67
8,Adam Scott,37.50%,3,8,-1.00
13,Patrick Cantlay,25.00%,2,8,-1.00
13,Matt Fitzpatrick,25.00%,2,8,E
13,Max Homa,25.00%,2,8,-0.50
13,Viktor Hovland,25.00%,2,8,-1.00
13,Sungjae Im,25.00%,2,8,-1.00
13,J.T. Poston,25.00%,2,8,-1.00
13,Seamus Power,25.00%,2,8,-1.00
13,Jordan Spieth,25.00%,2,8,-0.50
13,Justin Thomas,25.00%,2,8,-1.50
22,Keegan Bradley,12.50%,1,8,E
22,Tom Hoge,12.50%,1,8,-2.00
22,Billy Horschel,12.50%,1,8,-1.00
22,Tom Kim,12.50%,1,8,-1.00
22,Hideki Matsuyama,12.50%,1,8,+1.00
22,Chez Reavie,12.50%,1,8,E
22,Scott Stallings,12.50%,1,8,+1.00
22,Sepp Straka,12.50%,1,8,E
22,Sahith Theegala,12.50%,1,8,-1.00
31,Corey Conners,.00%,0,8,E
31,Brian Harman,.00%,0,8,E
31,Russell Henley,.00%,0,8,E
31,Mackenzie Hughes,.00%,0,8,E
31,Collin Morikawa,.00%,0,8,E
31,Chad Ramey,.00%,0,8,E
31,Adam Svensson,.00%,0,8,E
31,Aaron Wise,.00%,0,8,E
