rank,player,Distance,Tournament,Round,Hole,Course
1,Luke List,459,Sentry,3,7,656
2,Ryan Brehm,455,Sentry,3,18,656
3,Scottie Scheffler,451,Sentry,4,18,656
4,J.J. Spaun,446,Sentry,4,18,656
5,Aaron Wise,439,Sentry,3,7,656
6,Scott Stallings,435,Sentry,3,18,656
7,Sungjae Im,427,Sentry,4,7,656
7,Justin Thomas,427,Sentry,2,7,656
9,Tom Hoge,420,Sentry,4,7,656
9,Jordan Spieth,420,Sentry,4,7,656
11,Max Homa,419,Sentry,4,7,656
12,Will Zalatoris,417,Sentry,3,7,656
13,Mackenzie Hughes,416,Sentry,2,7,656
13,Cameron Young,416,Sentry,2,7,656
15,Jon Rahm,415,Sentry,2,12,656
16,Patrick Cantlay,413,Sentry,3,18,656
16,Brian Harman,413,Sentry,4,7,656
16,Collin Morikawa,413,Sentry,3,7,656
16,Trey Mullinax,413,Sentry,3,7,656
20,Adam Scott,409,Sentry,4,7,656
21,Viktor Hovland,408,Sentry,3,12,656
22,Matt Fitzpatrick,407,Sentry,2,7,656
23,Corey Conners,406,Sentry,4,17,656
23,Tom Kim,406,Sentry,4,7,656
25,Keegan Bradley,405,Sentry,3,17,656
25,Sam Burns,405,Sentry,4,7,656
25,Sahith Theegala,405,Sentry,4,12,656
28,Russell Henley,403,Sentry,4,17,656
29,Adam Svensson,402,Sentry,4,17,656
30,Seamus Power,400,Sentry,2,7,656
30,Chad Ramey,400,Sentry,4,17,656
32,K.H. Lee,399,Sentry,1,12,656
32,Hideki Matsuyama,399,Sentry,2,7,656
34,Billy Horschel,398,Sentry,1,17,656
34,Sepp Straka,398,Sentry,3,17,656
36,Tony Finau,397,Sentry,3,7,656
36,Chez Reavie,397,Sentry,3,7,656
38,J.T. Poston,391,Sentry,4,18,656
39,Xander Schauffele,368,Sentry,1,18,656
