rank,player,%,Total Drives for 240-260,Total Drvs - overall,Relative to par
1,Hideki Matsuyama,37.50%,3,8,+0.33
2,Tom Hoge,25.00%,2,8,E
2,Collin Morikawa,25.00%,2,8,E
2,Scottie Scheffler,25.00%,2,8,+0.50
2,J.J. Spaun,25.00%,2,8,E
2,Adam Svensson,25.00%,2,8,E
7,Ryan Brehm,12.50%,1,8,E
7,Corey Conners,12.50%,1,8,-1.00
7,Russell Henley,12.50%,1,8,E
7,Tom Kim,12.50%,1,8,+1.00
7,K.H. Lee,12.50%,1,8,-1.00
7,Chad Ramey,12.50%,1,8,+3.00
7,Chez Reavie,12.50%,1,8,E
7,Jordan Spieth,12.50%,1,8,E
7,Scott Stallings,12.50%,1,8,E
7,Sahith Theegala,12.50%,1,8,E
7,Will Zalatoris,12.50%,1,8,E
18,Keegan Bradley,.00%,0,8,E
18,Sam Burns,.00%,0,8,E
18,Patrick Cantlay,.00%,0,8,E
18,Tony Finau,.00%,0,8,E
18,Matt Fitzpatrick,.00%,0,8,E
18,Brian Harman,.00%,0,8,E
18,Max Homa,.00%,0,8,E
18,Billy Horschel,.00%,0,8,E
18,Viktor Hovland,.00%,0,8,E
18,Mackenzie Hughes,.00%,0,8,E
18,Sungjae Im,.00%,0,8,E
18,Luke List,.00%,0,8,E
18,Trey Mullinax,.00%,0,8,E
18,J.T. Poston,.00%,0,8,E
18,Seamus Power,.00%,0,8,E
18,Jon Rahm,.00%,0,8,E
18,Adam Scott,.00%,0,8,E
18,Sepp Straka,.00%,0,8,E
18,Justin Thomas,.00%,0,8,E
18,Aaron Wise,.00%,0,8,E
18,Cameron Young,.00%,0,8,E
