rank,player,%,Total Drives for 300-320,Total Drives - Overall,Relative to Par
1,Trey Mullinax,15.00%,9,60,-0.333
2,Jon Rahm,13.33%,8,60,-0.500
2,Will Zalatoris,13.33%,8,60,-0.125
4,Luke List,11.67%,7,60,-0.571
4,Hideki Matsuyama,11.67%,7,60,-0.143
4,J.T. Poston,11.67%,7,60,-0.286
4,Scottie Scheffler,11.67%,7,60,-0.857
8,Ryan Brehm,10.00%,6,60,-0.500
8,Sam Burns,10.00%,6,60,+0.167
8,Tony Finau,10.00%,6,60,-0.167
8,Matt Fitzpatrick,10.00%,6,60,E
8,Sungjae Im,10.00%,6,60,-0.500
8,Collin Morikawa,10.00%,6,60,-0.500
8,Chez Reavie,10.00%,6,60,E
8,Aaron Wise,10.00%,6,60,+0.333
8,Cameron Young,10.00%,6,60,-0.833
17,Patrick Cantlay,8.33%,5,60,-0.200
17,Tom Hoge,8.33%,5,60,-1.000
17,Max Homa,8.33%,5,60,-0.200
17,J.J. Spaun,8.33%,5,60,-0.400
17,Sepp Straka,8.33%,5,60,+0.200
17,Adam Svensson,8.33%,5,60,E
23,Keegan Bradley,6.67%,4,60,E
23,Viktor Hovland,6.67%,4,60,-0.500
23,Tom Kim,6.67%,4,60,-0.750
23,Chad Ramey,6.67%,4,60,+0.500
27,Russell Henley,5.00%,3,60,E
27,Billy Horschel,5.00%,3,60,-0.333
27,K.H. Lee,5.00%,3,60,-0.333
27,Adam Scott,5.00%,3,60,-0.333
27,Scott Stallings,5.00%,3,60,E
27,Justin Thomas,5.00%,3,60,-1.000
33,Corey Conners,3.33%,2,60,-0.500
33,Seamus Power,3.33%,2,60,-0.500
33,Jordan Spieth,3.33%,2,60,E
33,Sahith Theegala,3.33%,2,60,-1.000
37,Brian Harman,1.67%,1,60,E
37,Mackenzie Hughes,1.67%,1,60,-1.000
