rank,player,Avg,Total Distance,Total Drives
1,Cameron Young,308.0,"2,464",8
2,Jon Rahm,307.5,"2,460",8
3,Adam Scott,300.4,"2,403",8
4,Trey Mullinax,297.8,"2,382",8
5,Will Zalatoris,296.3,"2,370",8
6,Seamus Power,296.1,"2,369",8
7,Tony Finau,293.0,"2,344",8
8,Sam Burns,292.3,"2,338",8
8,Viktor Hovland,292.3,"2,338",8
10,Ryan Brehm,291.4,"2,331",8
11,Luke List,291.3,"2,330",8
12,Max Homa,290.8,"2,326",8
13,Matt Fitzpatrick,290.1,"2,321",8
14,Justin Thomas,288.8,"2,310",8
15,Patrick Cantlay,287.8,"2,302",8
16,Sungjae Im,287.6,"2,301",8
17,Jordan Spieth,287.3,"2,298",8
18,Keegan Bradley,286.6,"2,293",8
19,K.H. Lee,286.3,"2,290",8
20,Billy Horschel,285.0,"2,280",8
21,J.J. Spaun,284.5,"2,276",8
22,J.T. Poston,284.3,"2,274",8
23,Scott Stallings,284.0,"2,272",8
24,Scottie Scheffler,282.6,"2,261",8
25,Aaron Wise,282.1,"2,257",8
26,Tom Kim,281.3,"2,250",8
27,Tom Hoge,281.1,"2,249",8
28,Sahith Theegala,281.0,"2,248",8
29,Mackenzie Hughes,280.3,"2,242",8
30,Corey Conners,279.3,"2,234",8
30,Sepp Straka,279.3,"2,234",8
32,Chez Reavie,278.9,"2,231",8
33,Brian Harman,278.3,"2,226",8
34,Collin Morikawa,275.9,"2,207",8
35,Hideki Matsuyama,275.4,"2,203",8
36,Adam Svensson,275.0,"2,200",8
37,Chad Ramey,274.9,"2,199",8
38,Russell Henley,273.1,"2,185",8
