rank,player,%,Total Drives for 300+,Total Drives - Overall,Relative to Par
1,Trey Mullinax,55.00%,33,60,-0.242
1,Jon Rahm,55.00%,33,60,-0.424
1,Cameron Young,55.00%,33,60,-0.303
4,Luke List,51.67%,31,60,-0.452
5,Ryan Brehm,50.00%,30,60,-0.233
5,Will Zalatoris,50.00%,30,60,-0.333
7,Scottie Scheffler,48.33%,29,60,-0.483
7,J.J. Spaun,48.33%,29,60,-0.241
9,Adam Scott,46.67%,28,60,-0.214
10,Tony Finau,45.00%,27,60,-0.370
10,Viktor Hovland,45.00%,27,60,-0.259
10,Sungjae Im,45.00%,27,60,-0.296
13,Matt Fitzpatrick,43.33%,26,60,-0.192
13,Max Homa,43.33%,26,60,-0.269
13,K.H. Lee,43.33%,26,60,-0.192
13,Seamus Power,43.33%,26,60,-0.192
13,Jordan Spieth,43.33%,26,60,-0.269
13,Scott Stallings,43.33%,26,60,-0.231
13,Sahith Theegala,43.33%,26,60,-0.192
13,Justin Thomas,43.33%,26,60,-0.192
21,Keegan Bradley,41.67%,25,60,-0.080
21,Patrick Cantlay,41.67%,25,60,-0.400
23,Brian Harman,40.00%,24,60,-0.125
23,Collin Morikawa,40.00%,24,60,-0.375
23,J.T. Poston,40.00%,24,60,-0.250
23,Chez Reavie,40.00%,24,60,-0.125
27,Sam Burns,38.33%,23,60,-0.087
27,Corey Conners,38.33%,23,60,-0.261
27,Mackenzie Hughes,38.33%,23,60,-0.217
27,Tom Kim,38.33%,23,60,-0.391
27,Hideki Matsuyama,38.33%,23,60,-0.261
27,Adam Svensson,38.33%,23,60,-0.043
27,Aaron Wise,38.33%,23,60,-0.174
34,Tom Hoge,36.67%,22,60,-0.545
34,Chad Ramey,36.67%,22,60,+0.045
36,Russell Henley,35.00%,21,60,-0.048
36,Billy Horschel,35.00%,21,60,-0.333
36,Sepp Straka,35.00%,21,60,-0.190
