rank,player,%,Total Drives for 240-260,Total Drives - Overall,Relative to Par
1,Chad Ramey,26.67%,16,60,+0.250
2,Russell Henley,20.00%,12,60,+0.167
2,Billy Horschel,20.00%,12,60,-0.083
2,Hideki Matsuyama,20.00%,12,60,+0.083
5,Sam Burns,18.33%,11,60,-0.182
5,Chez Reavie,18.33%,11,60,E
5,Sepp Straka,18.33%,11,60,-0.091
8,Scottie Scheffler,15.00%,9,60,E
9,Corey Conners,13.33%,8,60,+0.250
9,Tom Kim,13.33%,8,60,+0.375
9,K.H. Lee,13.33%,8,60,-0.625
9,Collin Morikawa,13.33%,8,60,-0.500
13,Matt Fitzpatrick,11.67%,7,60,-0.143
13,Tom Hoge,11.67%,7,60,-0.286
13,Mackenzie Hughes,11.67%,7,60,+0.429
13,Adam Svensson,11.67%,7,60,+0.143
13,Sahith Theegala,11.67%,7,60,+0.143
18,Keegan Bradley,10.00%,6,60,-0.333
18,Brian Harman,10.00%,6,60,-0.167
18,Trey Mullinax,10.00%,6,60,E
18,J.T. Poston,10.00%,6,60,-0.500
18,Seamus Power,10.00%,6,60,E
18,Jordan Spieth,10.00%,6,60,-0.333
18,Aaron Wise,10.00%,6,60,-0.167
25,J.J. Spaun,8.33%,5,60,E
25,Scott Stallings,8.33%,5,60,+0.400
27,Ryan Brehm,6.67%,4,60,-0.250
27,Patrick Cantlay,6.67%,4,60,-0.250
27,Tony Finau,6.67%,4,60,-0.500
27,Sungjae Im,6.67%,4,60,+0.250
31,Max Homa,5.00%,3,60,+0.333
31,Jon Rahm,5.00%,3,60,E
31,Adam Scott,5.00%,3,60,+0.333
31,Cameron Young,5.00%,3,60,+0.667
31,Will Zalatoris,5.00%,3,60,E
36,Justin Thomas,3.33%,2,60,-0.500
37,Viktor Hovland,1.67%,1,60,-1.000
37,Luke List,1.67%,1,60,+1.000
