rank,player,All Drives,Total Distance,# of Drives
1,Cameron Young,325.7,"19,541",60
2,Jon Rahm,322.9,"19,375",60
3,Luke List,320.8,"19,248",60
4,Trey Mullinax,316.2,"18,971",60
5,Adam Scott,316.1,"18,967",60
6,Jordan Spieth,315.0,"18,898",60
7,Viktor Hovland,314.6,"18,873",60
8,Will Zalatoris,314.2,"18,852",60
9,Justin Thomas,313.7,"18,819",60
10,J.J. Spaun,313.1,"18,783",60
11,Matt Fitzpatrick,311.9,"18,715",60
12,Scott Stallings,311.7,"18,701",60
13,Scottie Scheffler,311.6,"18,699",60
14,Patrick Cantlay,310.8,"18,650",60
15,Mackenzie Hughes,310.1,"18,608",60
16,Sungjae Im,309.9,"18,593",60
16,Sahith Theegala,309.9,"18,594",60
18,K.H. Lee,309.6,"18,579",60
19,Ryan Brehm,308.9,"18,535",60
20,Max Homa,308.5,"18,511",60
21,Seamus Power,308.1,"18,487",60
22,Keegan Bradley,308.0,"18,481",60
22,Corey Conners,308.0,"18,478",60
24,Brian Harman,306.2,"18,369",60
25,Tony Finau,305.5,"18,329",60
26,Collin Morikawa,304.2,"18,251",60
27,Tom Kim,303.0,"18,180",60
28,Aaron Wise,302.3,"18,139",60
29,Sam Burns,300.2,"18,015",60
30,Billy Horschel,299.8,"17,990",60
31,Tom Hoge,297.7,"17,862",60
31,J.T. Poston,297.7,"17,864",60
33,Sepp Straka,296.9,"17,812",60
34,Hideki Matsuyama,295.4,"17,722",60
35,Chad Ramey,294.2,"17,652",60
36,Russell Henley,293.7,"17,625",60
37,Adam Svensson,293.0,"17,582",60
38,Chez Reavie,290.1,"17,406",60
