rank,player,%,Total Drives for 320+,Total Drvs - overall,Relative to par
1,Jon Rahm,37.50%,3,8,-1.00
2,Seamus Power,25.00%,2,8,-1.00
2,Adam Scott,25.00%,2,8,-1.00
2,Cameron Young,25.00%,2,8,E
5,Ryan Brehm,12.50%,1,8,-1.00
5,Sam Burns,12.50%,1,8,+1.00
5,Tony Finau,12.50%,1,8,-1.00
5,Max Homa,12.50%,1,8,-1.00
5,K.H. Lee,12.50%,1,8,-1.00
5,Trey Mullinax,12.50%,1,8,-1.00
5,Jordan Spieth,12.50%,1,8,-1.00
5,Justin Thomas,12.50%,1,8,-1.00
5,Will Zalatoris,12.50%,1,8,-1.00
14,Keegan Bradley,.00%,0,8,E
14,Patrick Cantlay,.00%,0,8,E
14,Corey Conners,.00%,0,8,E
14,Matt Fitzpatrick,.00%,0,8,E
14,Brian Harman,.00%,0,8,E
14,Russell Henley,.00%,0,8,E
14,Tom Hoge,.00%,0,8,E
14,Billy Horschel,.00%,0,8,E
14,Viktor Hovland,.00%,0,8,E
14,Mackenzie Hughes,.00%,0,8,E
14,Sungjae Im,.00%,0,8,E
14,Tom Kim,.00%,0,8,E
14,Luke List,.00%,0,8,E
14,Hideki Matsuyama,.00%,0,8,E
14,Collin Morikawa,.00%,0,8,E
14,J.T. Poston,.00%,0,8,E
14,Chad Ramey,.00%,0,8,E
14,Chez Reavie,.00%,0,8,E
14,Scottie Scheffler,.00%,0,8,E
14,J.J. Spaun,.00%,0,8,E
14,Scott Stallings,.00%,0,8,E
14,Sepp Straka,.00%,0,8,E
14,Adam Svensson,.00%,0,8,E
14,Sahith Theegala,.00%,0,8,E
14,Aaron Wise,.00%,0,8,E
