rank,player,%,Total Drives for 280-300,Total Drvs - overall,Relative to par
1,Keegan Bradley,62.50%,5,8,E
1,Corey Conners,62.50%,5,8,-0.40
1,Matt Fitzpatrick,62.50%,5,8,-0.80
1,Collin Morikawa,62.50%,5,8,-0.40
1,Scott Stallings,62.50%,5,8,E
1,Aaron Wise,62.50%,5,8,-0.60
7,Brian Harman,50.00%,4,8,-0.50
7,Tom Hoge,50.00%,4,8,E
7,Billy Horschel,50.00%,4,8,+0.75
7,Viktor Hovland,50.00%,4,8,-0.50
7,Mackenzie Hughes,50.00%,4,8,-0.50
7,Tom Kim,50.00%,4,8,-1.25
7,Seamus Power,50.00%,4,8,-0.50
14,Ryan Brehm,37.50%,3,8,E
14,Patrick Cantlay,37.50%,3,8,-1.33
14,Russell Henley,37.50%,3,8,-0.67
14,Max Homa,37.50%,3,8,-0.33
14,Sungjae Im,37.50%,3,8,-0.67
14,Hideki Matsuyama,37.50%,3,8,-0.33
14,J.T. Poston,37.50%,3,8,-0.67
14,Chad Ramey,37.50%,3,8,-0.33
14,Adam Scott,37.50%,3,8,-0.67
14,Jordan Spieth,37.50%,3,8,-1.00
14,Adam Svensson,37.50%,3,8,-0.33
14,Sahith Theegala,37.50%,3,8,-0.67
14,Will Zalatoris,37.50%,3,8,-0.67
27,Sam Burns,25.00%,2,8,-1.00
27,K.H. Lee,25.00%,2,8,+0.50
27,Luke List,25.00%,2,8,E
27,Trey Mullinax,25.00%,2,8,-0.50
27,Jon Rahm,25.00%,2,8,E
27,Chez Reavie,25.00%,2,8,E
27,Sepp Straka,25.00%,2,8,-0.50
27,Justin Thomas,25.00%,2,8,E
27,Cameron Young,25.00%,2,8,-0.50
36,Tony Finau,12.50%,1,8,E
36,Scottie Scheffler,12.50%,1,8,-1.00
36,J.J. Spaun,12.50%,1,8,-1.00
