rank,player,%,Total Drives for 280-300,Total Drives - Overall,Relative to Par
1,Mackenzie Hughes,31.67%,19,60,-0.632
2,Cameron Young,26.67%,16,60,-0.438
3,Patrick Cantlay,25.00%,15,60,-0.533
3,Matt Fitzpatrick,25.00%,15,60,-0.600
3,Adam Scott,25.00%,15,60,-0.400
3,Justin Thomas,25.00%,15,60,-0.267
3,Will Zalatoris,25.00%,15,60,-0.333
8,Sam Burns,23.33%,14,60,-0.429
9,Billy Horschel,21.67%,13,60,+0.154
9,Viktor Hovland,21.67%,13,60,-0.462
9,Collin Morikawa,21.67%,13,60,-0.308
9,Jon Rahm,21.67%,13,60,-0.615
9,Jordan Spieth,21.67%,13,60,-0.538
9,Scott Stallings,21.67%,13,60,-0.308
9,Sepp Straka,21.67%,13,60,-0.077
9,Aaron Wise,21.67%,13,60,-0.538
17,Corey Conners,20.00%,12,60,-0.333
17,Tom Kim,20.00%,12,60,-0.583
17,Seamus Power,20.00%,12,60,-0.667
20,Sungjae Im,18.33%,11,60,-0.818
20,Luke List,18.33%,11,60,-0.364
20,Trey Mullinax,18.33%,11,60,-0.273
23,Keegan Bradley,16.67%,10,60,-0.100
23,Tom Hoge,16.67%,10,60,-0.400
23,Max Homa,16.67%,10,60,-0.800
23,Hideki Matsuyama,16.67%,10,60,-0.600
23,J.J. Spaun,16.67%,10,60,-0.800
28,Ryan Brehm,15.00%,9,60,-0.333
28,Chad Ramey,15.00%,9,60,-0.111
30,Brian Harman,13.33%,8,60,-0.625
30,Scottie Scheffler,13.33%,8,60,-0.500
32,Tony Finau,11.67%,7,60,-0.571
32,K.H. Lee,11.67%,7,60,-0.286
32,J.T. Poston,11.67%,7,60,-0.429
32,Adam Svensson,11.67%,7,60,-0.571
36,Russell Henley,10.00%,6,60,-0.500
36,Sahith Theegala,10.00%,6,60,E
38,Chez Reavie,8.33%,5,60,E
