rank,player,%,Total Drives for 300-320,Total Drvs - overall,Relative to par
1,Luke List,50.00%,4,8,-0.25
1,J.J. Spaun,50.00%,4,8,-0.50
3,Tony Finau,37.50%,3,8,-0.33
3,Trey Mullinax,37.50%,3,8,-0.33
3,Scottie Scheffler,37.50%,3,8,-0.67
3,Cameron Young,37.50%,3,8,-1.00
3,Will Zalatoris,37.50%,3,8,-0.33
8,Ryan Brehm,25.00%,2,8,E
8,Sam Burns,25.00%,2,8,E
8,Patrick Cantlay,25.00%,2,8,-1.00
8,Matt Fitzpatrick,25.00%,2,8,E
8,Viktor Hovland,25.00%,2,8,-1.00
8,Sungjae Im,25.00%,2,8,-1.00
8,K.H. Lee,25.00%,2,8,E
8,J.T. Poston,25.00%,2,8,-1.00
16,Keegan Bradley,12.50%,1,8,E
16,Tom Hoge,12.50%,1,8,-2.00
16,Max Homa,12.50%,1,8,E
16,Billy Horschel,12.50%,1,8,-1.00
16,Tom Kim,12.50%,1,8,-1.00
16,Hideki Matsuyama,12.50%,1,8,+1.00
16,Jon Rahm,12.50%,1,8,-1.00
16,Chez Reavie,12.50%,1,8,E
16,Adam Scott,12.50%,1,8,-1.00
16,Jordan Spieth,12.50%,1,8,E
16,Scott Stallings,12.50%,1,8,+1.00
16,Sepp Straka,12.50%,1,8,E
16,Sahith Theegala,12.50%,1,8,-1.00
16,Justin Thomas,12.50%,1,8,-2.00
30,Corey Conners,.00%,0,8,E
30,Brian Harman,.00%,0,8,E
30,Russell Henley,.00%,0,8,E
30,Mackenzie Hughes,.00%,0,8,E
30,Collin Morikawa,.00%,0,8,E
30,Seamus Power,.00%,0,8,E
30,Chad Ramey,.00%,0,8,E
30,Adam Svensson,.00%,0,8,E
30,Aaron Wise,.00%,0,8,E
