rank,player,%,Total Drives for <= 240,Total Drvs - overall,Relative to par
1,Keegan Bradley,.00%,0,8,E
1,Ryan Brehm,.00%,0,8,E
1,Sam Burns,.00%,0,8,E
1,Patrick Cantlay,.00%,0,8,E
1,Corey Conners,.00%,0,8,E
1,Tony Finau,.00%,0,8,E
1,Matt Fitzpatrick,.00%,0,8,E
1,Brian Harman,.00%,0,8,E
1,Russell Henley,.00%,0,8,E
1,Tom Hoge,.00%,0,8,E
1,Max Homa,.00%,0,8,E
1,Billy Horschel,.00%,0,8,E
1,Viktor Hovland,.00%,0,8,E
1,Mackenzie Hughes,.00%,0,8,E
1,Sungjae Im,.00%,0,8,E
1,Tom Kim,.00%,0,8,E
1,K.H. Lee,.00%,0,8,E
1,Luke List,.00%,0,8,E
1,Hideki Matsuyama,.00%,0,8,E
1,Collin Morikawa,.00%,0,8,E
1,Trey Mullinax,.00%,0,8,E
1,J.T. Poston,.00%,0,8,E
1,Seamus Power,.00%,0,8,E
1,Jon Rahm,.00%,0,8,E
1,Chad Ramey,.00%,0,8,E
1,Chez Reavie,.00%,0,8,E
1,Scottie Scheffler,.00%,0,8,E
1,Adam Scott,.00%,0,8,E
1,J.J. Spaun,.00%,0,8,E
1,Jordan Spieth,.00%,0,8,E
1,Scott Stallings,.00%,0,8,E
1,Sepp Straka,.00%,0,8,E
1,Adam Svensson,.00%,0,8,E
1,Sahith Theegala,.00%,0,8,E
1,Justin Thomas,.00%,0,8,E
1,Aaron Wise,.00%,0,8,E
1,Cameron Young,.00%,0,8,E
1,Will Zalatoris,.00%,0,8,E
