rank,player,%,Total Drives for 260-280,Total Drvs - overall,Relative to par
1,Sepp Straka,62.50%,5,8,-0.80
2,Brian Harman,50.00%,4,8,-0.25
2,Russell Henley,50.00%,4,8,-0.50
2,Mackenzie Hughes,50.00%,4,8,-0.25
2,Chad Ramey,50.00%,4,8,-0.75
2,Chez Reavie,50.00%,4,8,E
2,Justin Thomas,50.00%,4,8,+0.25
8,Sam Burns,37.50%,3,8,-0.67
8,Patrick Cantlay,37.50%,3,8,E
8,Tony Finau,37.50%,3,8,E
8,Max Homa,37.50%,3,8,E
8,Billy Horschel,37.50%,3,8,E
8,Sungjae Im,37.50%,3,8,+0.33
8,J.T. Poston,37.50%,3,8,E
8,Adam Svensson,37.50%,3,8,E
8,Sahith Theegala,37.50%,3,8,-1.00
8,Aaron Wise,37.50%,3,8,+0.33
18,Keegan Bradley,25.00%,2,8,+0.50
18,Corey Conners,25.00%,2,8,-0.50
18,Viktor Hovland,25.00%,2,8,+0.50
18,Tom Kim,25.00%,2,8,E
18,K.H. Lee,25.00%,2,8,E
18,Luke List,25.00%,2,8,E
18,Trey Mullinax,25.00%,2,8,-0.50
18,Seamus Power,25.00%,2,8,-0.50
18,Jon Rahm,25.00%,2,8,E
18,Scottie Scheffler,25.00%,2,8,E
18,Adam Scott,25.00%,2,8,E
18,Jordan Spieth,25.00%,2,8,E
30,Ryan Brehm,12.50%,1,8,E
30,Matt Fitzpatrick,12.50%,1,8,E
30,Tom Hoge,12.50%,1,8,E
30,Hideki Matsuyama,12.50%,1,8,E
30,Collin Morikawa,12.50%,1,8,-1.00
30,J.J. Spaun,12.50%,1,8,E
30,Scott Stallings,12.50%,1,8,-1.00
30,Cameron Young,12.50%,1,8,+1.00
38,Will Zalatoris,.00%,0,8,E
