rank,player,%,Total Drives for 260-280,Total Drives - Overall,Relative to Par
1,J.T. Poston,36.67%,22,60,-0.182
2,Tony Finau,35.00%,21,60,-0.143
3,Brian Harman,31.67%,19,60,-0.421
3,Sahith Theegala,31.67%,19,60,-0.421
5,Max Homa,30.00%,18,60,-0.222
5,Viktor Hovland,30.00%,18,60,-0.111
5,K.H. Lee,30.00%,18,60,-0.500
8,Keegan Bradley,28.33%,17,60,-0.176
8,Luke List,28.33%,17,60,-0.235
8,Justin Thomas,28.33%,17,60,-0.176
8,Aaron Wise,28.33%,17,60,-0.118
12,Patrick Cantlay,25.00%,15,60,-0.133
12,Corey Conners,25.00%,15,60,-0.600
12,Russell Henley,25.00%,15,60,-0.400
12,Tom Hoge,25.00%,15,60,-0.200
12,Sungjae Im,25.00%,15,60,-0.133
12,J.J. Spaun,25.00%,15,60,-0.267
18,Jordan Spieth,23.33%,14,60,-0.143
18,Sepp Straka,23.33%,14,60,-0.500
18,Adam Svensson,23.33%,14,60,-0.071
21,Tom Kim,21.67%,13,60,-0.308
21,Collin Morikawa,21.67%,13,60,-0.462
21,Scottie Scheffler,21.67%,13,60,-0.231
21,Scott Stallings,21.67%,13,60,-0.231
25,Matt Fitzpatrick,20.00%,12,60,-0.500
25,Seamus Power,20.00%,12,60,-0.167
25,Adam Scott,20.00%,12,60,-0.083
28,Ryan Brehm,18.33%,11,60,E
28,Sam Burns,18.33%,11,60,-0.273
28,Billy Horschel,18.33%,11,60,-0.091
28,Mackenzie Hughes,18.33%,11,60,-0.182
28,Jon Rahm,18.33%,11,60,-0.364
28,Chad Ramey,18.33%,11,60,-0.455
34,Hideki Matsuyama,16.67%,10,60,-0.400
34,Trey Mullinax,16.67%,10,60,-0.100
34,Chez Reavie,16.67%,10,60,-0.300
37,Will Zalatoris,13.33%,8,60,-0.250
38,Cameron Young,10.00%,6,60,-0.500
