rank,player,Low Rnd
1,Hunter Mahan,64
1,Steve Stricker,64
3,Stephen Ames,66
3,Daniel Chopra,66
5,Charles Howell III,67
5,Nick Watney,67
5,Mike Weir,67
8,Mark Calcavecchia,68
8,Chad Campbell,68
8,Jim Furyk,68
8,Justin Leonard,68
12,Jonathan Byrd,69
12,George McNeill,69
12,Brandt Snedeker,69
15,Aaron Baddeley,70
15,Ángel Cabrera,70
15,Steve Flesch,70
15,Vijay Singh,70
15,Scott Verplank,70
20,Zach Johnson,71
21,Rory Sabbatini,72
22,Woody Austin,73
23,Mark Wilson,74
24,Fred Funk,75
24,Charley Hoffman,75
26,Henrik Stenson,76
27,K.J. Choi,79
28,Boo Weekley,80
29,Paul Goydos,81
