rank,player,Avg,Total Strokes,Total 1st Tee Late Rounds
1,Steve Stricker,67.00,201,3
2,Stephen Ames,67.67,203,3
3,Jim Furyk,68.00,68,1
3,Hunter Mahan,68.00,136,2
5,Daniel Chopra,68.33,205,3
5,Mike Weir,68.33,205,3
7,Justin Leonard,68.67,206,3
8,Chad Campbell,69.00,138,2
9,Nick Watney,69.50,278,4
10,Brandt Snedeker,69.67,209,3
11,Charles Howell III,70.50,141,2
11,George McNeill,70.50,141,2
13,Jonathan Byrd,70.67,212,3
13,Ángel Cabrera,70.67,212,3
15,Aaron Baddeley,71.33,214,3
15,Mark Calcavecchia,71.33,214,3
17,Steve Flesch,71.67,215,3
17,Scott Verplank,71.67,215,3
19,Vijay Singh,72.00,144,2
20,Rory Sabbatini,73.00,146,2
21,Woody Austin,73.50,147,2
21,Zach Johnson,73.50,147,2
23,Mark Wilson,74.00,74,1
24,Fred Funk,75.00,75,1
24,Charley Hoffman,75.00,75,1
26,Henrik Stenson,76.00,76,1
27,K.J. Choi,79.00,79,1
28,Boo Weekley,80.00,80,1
29,Paul Goydos,81.00,81,1
