rank,player,Avg,Total Strokes,Total Rounds
1,Daniel Chopra,67.00,67,1
1,Nick Watney,67.00,67,1
3,Chad Campbell,68.00,68,1
3,Steve Stricker,68.00,68,1
3,Mike Weir,68.00,68,1
6,Jonathan Byrd,69.00,69,1
6,Justin Leonard,69.00,69,1
8,Stephen Ames,70.00,70,1
8,Ángel Cabrera,70.00,70,1
8,Brandt Snedeker,70.00,70,1
11,Mark Calcavecchia,71.00,71,1
11,Steve Flesch,71.00,71,1
11,Zach Johnson,71.00,71,1
14,George McNeill,72.00,72,1
14,Scott Verplank,72.00,72,1
16,Aaron Baddeley,73.00,73,1
