rank,player,%,# Saves,# Bunkers,Total O/U Par
1,Cameron Beckman,100.00,1,1,E
1,Jason Bohn,100.00,1,1,+1.00
1,Ben Crane,100.00,2,2,-1.00
1,Robert Garrigus,100.00,1,1,E
5,Jonathan Byrd,75.00,3,4,-1.00
5,Jason Day,75.00,3,4,+1.00
7,Tim Clark,66.67,2,3,E
7,Charley Hoffman,66.67,2,3,-2.00
9,Arjun Atwal,50.00,2,4,+2.00
9,Zach Johnson,50.00,1,2,E
9,Matt Kuchar,50.00,1,2,+2.00
9,Heath Slocum,50.00,1,2,E
9,Steve Stricker,50.00,1,2,E
9,Bubba Watson,50.00,1,2,+3.00
15,Stuart Appleby,33.33,2,6,+3.00
15,Francesco Molinari,33.33,1,3,+3.00
15,Ian Poulter,33.33,1,3,E
15,Justin Rose,33.33,1,3,+1.00
15,Adam Scott,33.33,1,3,+1.00
20,Hunter Mahan,25.00,1,4,+2.00
21,Matt Bettencourt,.00,0,2,+1.00
21,Bill Haas,.00,0,2,+1.00
21,Dustin Johnson,.00,0,2,+1.00
21,Anthony Kim,.00,0,3,+2.00
21,Derek Lamely,.00,0,2,+1.00
21,Graeme McDowell,.00,0,1,+1.00
21,Rocco Mediate,.00,0,3,+3.00
