rank,player,%,Par or Better,Missed GIR
1,Jonathan Byrd,80.00,8,10
2,Jason Day,75.00,12,16
2,Jim Furyk,75.00,6,8
4,Bill Haas,72.73,8,11
5,Steve Stricker,70.00,7,10
6,Matt Bettencourt,66.67,10,15
6,Anthony Kim,66.67,6,9
6,Bill Lunde,66.67,6,9
6,Carl Pettersson,66.67,8,12
10,Francesco Molinari,61.54,8,13
11,Cameron Beckman,60.00,12,20
11,Ryan Palmer,60.00,6,10
11,Adam Scott,60.00,9,15
14,Ben Crane,55.56,5,9
15,Hunter Mahan,53.85,7,13
16,Ernie Els,50.00,4,8
16,Matt Kuchar,50.00,6,12
16,Graeme McDowell,50.00,3,6
19,Arjun Atwal,46.67,7,15
20,Dustin Johnson,46.15,6,13
21,Jason Bohn,40.00,4,10
21,Rocco Mediate,40.00,8,20
21,Justin Rose,40.00,4,10
24,Charley Hoffman,38.46,5,13
25,Zach Johnson,35.71,5,14
26,Robert Garrigus,33.33,2,6
27,Stuart Appleby,31.58,6,19
28,Ian Poulter,30.00,3,10
29,Tim Clark,25.00,2,8
30,Derek Lamely,22.22,4,18
31,Bubba Watson,16.67,2,12
32,Heath Slocum,11.11,1,9
