rank,player,%,Successes,Attempts
1,Matt Bettencourt,100.00,6,6
1,Jim Furyk,100.00,1,1
1,Steve Stricker,100.00,2,2
4,Bill Haas,85.71,6,7
5,Bill Lunde,75.00,3,4
6,Ben Crane,66.67,2,3
6,Anthony Kim,66.67,2,3
8,Hunter Mahan,60.00,3,5
9,Cameron Beckman,57.14,4,7
9,Adam Scott,57.14,4,7
11,Arjun Atwal,55.56,5,9
12,Jason Day,50.00,2,4
12,Zach Johnson,50.00,3,6
12,Graeme McDowell,50.00,1,2
12,Justin Rose,50.00,2,4
16,Ernie Els,42.86,3,7
16,Rocco Mediate,42.86,3,7
18,Robert Garrigus,33.33,1,3
18,Francesco Molinari,33.33,1,3
20,Charley Hoffman,25.00,1,4
20,Dustin Johnson,25.00,1,4
20,Ryan Palmer,25.00,1,4
23,Jason Bohn,20.00,1,5
23,Matt Kuchar,20.00,1,5
23,Bubba Watson,20.00,1,5
26,Derek Lamely,10.00,1,10
27,Stuart Appleby,.00,0,4
27,Jonathan Byrd,.00,0,1
27,Carl Pettersson,.00,0,4
27,Ian Poulter,.00,0,1
27,Heath Slocum,.00,0,3
