rank,player,%,Successes,Attempts
1,Bill Lunde,100.00,2,2
2,Matt Bettencourt,66.67,2,3
2,Jonathan Byrd,66.67,2,3
2,Francesco Molinari,66.67,2,3
2,Ryan Palmer,66.67,2,3
2,Carl Pettersson,66.67,2,3
2,Justin Rose,66.67,2,3
8,Jason Day,60.00,3,5
9,Ben Crane,50.00,1,2
9,Jim Furyk,50.00,1,2
9,Anthony Kim,50.00,1,2
9,Adam Scott,50.00,2,4
13,Rocco Mediate,44.44,4,9
14,Cameron Beckman,42.86,3,7
15,Arjun Atwal,40.00,4,10
16,Ernie Els,33.33,1,3
16,Charley Hoffman,33.33,1,3
16,Hunter Mahan,33.33,1,3
16,Steve Stricker,33.33,1,3
20,Jason Bohn,25.00,1,4
20,Zach Johnson,25.00,1,4
20,Matt Kuchar,25.00,1,4
20,Heath Slocum,25.00,1,4
24,Stuart Appleby,20.00,1,5
24,Derek Lamely,20.00,1,5
26,Tim Clark,.00,0,1
26,Robert Garrigus,.00,0,1
26,Bill Haas,.00,0,2
26,Dustin Johnson,.00,0,4
26,Ian Poulter,.00,0,3
26,Bubba Watson,.00,0,5
