rank,player,Avg,Total Strokes,Total 1st Tee Late Rounds
1,Patrick Reed,67.75,271,4
1,Jimmy Walker,67.75,271,4
3,Russell Henley,68.00,272,4
4,Hideki Matsuyama,68.67,206,3
5,Zach Johnson,68.75,275,4
6,Sangmoon Bae,69.33,208,3
6,Bubba Watson,69.33,208,3
8,S.Y. Noh,69.50,139,2
9,Robert Streb,69.67,209,3
9,Brendon Todd,69.67,209,3
11,Ben Martin,70.33,211,3
12,Jason Day,70.50,141,2
12,Matt Jones,70.50,141,2
14,Matt Kuchar,70.67,212,3
14,John Senden,70.67,212,3
14,Scott Stallings,70.67,212,3
17,J.B. Holmes,71.00,71,1
17,Hunter Mahan,71.00,71,1
17,Ryan Moore,71.00,71,1
20,Charley Hoffman,71.50,143,2
21,Billy Horschel,72.00,72,1
21,Chris Kirk,72.00,144,2
21,Geoff Ogilvy,72.00,72,1
24,Brian Harman,72.50,145,2
25,Steven Bowditch,73.00,73,1
25,Kevin Streelman,73.00,146,2
25,Nick Taylor,73.00,73,1
