rank,player,Low Rnd
1,Russell Henley,65
2,Hideki Matsuyama,66
3,Zach Johnson,67
3,Patrick Reed,67
3,Jimmy Walker,67
6,Chris Kirk,68
6,Matt Kuchar,68
6,S.Y. Noh,68
6,John Senden,68
6,Bubba Watson,68
11,Sangmoon Bae,69
11,Matt Jones,69
11,Ben Martin,69
11,Robert Streb,69
11,Brendon Todd,69
16,Jason Day,70
16,Brian Harman,70
16,Charley Hoffman,70
16,Scott Stallings,70
20,J.B. Holmes,71
20,Hunter Mahan,71
20,Ryan Moore,71
23,Billy Horschel,72
23,Geoff Ogilvy,72
25,Steven Bowditch,73
25,Kevin Streelman,73
25,Nick Taylor,73
