rank,player,Avg,Total Putts,Total Rounds
1,Stuart Appleby,26.00,26,1
2,Tommy Armour III,28.00,28,1
2,Davis Love III,28.00,28,1
2,Craig Stadler,28.00,28,1
5,Fred Couples,29.00,29,1
5,Scott Hoch,29.00,29,1
5,Kirk Triplett,29.00,29,1
8,J.L. Lewis,30.00,30,1
8,Shigeki Maruyama,30.00,30,1
8,Adam Scott,30.00,30,1
8,Tiger Woods,30.00,30,1
12,Darren Clarke,31.00,31,1
12,Ben Crane,31.00,31,1
12,Ernie Els,31.00,31,1
12,Peter Jacobsen,31.00,31,1
12,Justin Leonard,31.00,31,1
12,Frank Lickliter II,31.00,31,1
12,Vijay Singh,31.00,31,1
19,Jim Furyk,32.00,32,1
19,Retief Goosen,32.00,32,1
19,John Huston,32.00,32,1
19,Shaun Micheel,32.00,32,1
19,Bob Tway,32.00,32,1
19,Mike Weir,32.00,32,1
25,Chad Campbell,33.00,33,1
25,Ben Curtis,33.00,33,1
25,Steve Flesch,33.00,33,1
25,Jonathan Kaye,33.00,33,1
25,Kenny Perry,33.00,33,1
30,Rory Sabbatini,34.00,34,1
