rank,player,Avg,Total Putts,Total Rounds
1,Kirk Triplett,25.00,25,1
2,Darren Clarke,26.00,26,1
3,Ernie Els,28.00,28,1
3,Steve Flesch,28.00,28,1
5,Rory Sabbatini,29.00,29,1
5,Adam Scott,29.00,29,1
7,Vijay Singh,30.00,30,1
8,Stuart Appleby,31.00,31,1
8,Retief Goosen,31.00,31,1
8,Mike Weir,31.00,31,1
11,Ben Crane,32.00,32,1
11,Ben Curtis,32.00,32,1
11,Peter Jacobsen,32.00,32,1
11,J.L. Lewis,32.00,32,1
11,Davis Love III,32.00,32,1
11,Bob Tway,32.00,32,1
17,Tommy Armour III,33.00,33,1
17,Jonathan Kaye,33.00,33,1
17,Justin Leonard,33.00,33,1
17,Frank Lickliter II,33.00,33,1
17,Craig Stadler,33.00,33,1
17,Tiger Woods,33.00,33,1
23,Chad Campbell,34.00,34,1
23,Jim Furyk,34.00,34,1
25,Scott Hoch,35.00,35,1
26,Shigeki Maruyama,36.00,36,1
26,Shaun Micheel,36.00,36,1
26,Kenny Perry,36.00,36,1
29,Fred Couples,37.00,37,1
29,John Huston,37.00,37,1
