rank,player,Avg,Total 3 Putts,Total Rounds
1,John Huston,2.25,9,4
2,Ben Curtis,2.00,8,4
2,Shaun Micheel,2.00,8,4
2,Rory Sabbatini,2.00,8,4
5,Vijay Singh,1.75,7,4
6,Fred Couples,1.50,6,4
6,Frank Lickliter II,1.50,6,4
6,Mike Weir,1.50,6,4
9,Justin Leonard,1.25,5,4
9,Kenny Perry,1.25,5,4
11,Chad Campbell,1.00,4,4
11,Ernie Els,1.00,4,4
11,Steve Flesch,1.00,4,4
11,Peter Jacobsen,1.00,4,4
11,Jonathan Kaye,1.00,4,4
11,Shigeki Maruyama,1.00,4,4
17,Tommy Armour III,.75,3,4
17,Ben Crane,.75,3,4
17,Retief Goosen,.75,3,4
17,J.L. Lewis,.75,3,4
17,Davis Love III,.75,3,4
17,Adam Scott,.75,3,4
17,Craig Stadler,.75,3,4
17,Kirk Triplett,.75,3,4
17,Tiger Woods,.75,3,4
26,Stuart Appleby,.50,2,4
26,Darren Clarke,.50,2,4
26,Jim Furyk,.50,2,4
26,Scott Hoch,.50,2,4
30,Bob Tway,.25,1,4
