rank,player,Avg,Total Putts,Total Rounds
1,John Huston,25.00,25,1
2,Stuart Appleby,26.00,26,1
2,Retief Goosen,26.00,26,1
4,J.L. Lewis,27.00,27,1
5,Jim Furyk,28.00,28,1
5,Adam Scott,28.00,28,1
5,Craig Stadler,28.00,28,1
5,Kirk Triplett,28.00,28,1
9,Chad Campbell,29.00,29,1
9,Jonathan Kaye,29.00,29,1
11,Fred Couples,30.00,30,1
11,Ben Crane,30.00,30,1
11,Scott Hoch,30.00,30,1
11,Kenny Perry,30.00,30,1
11,Tiger Woods,30.00,30,1
16,Ben Curtis,31.00,31,1
16,Frank Lickliter II,31.00,31,1
16,Davis Love III,31.00,31,1
19,Darren Clarke,32.00,32,1
19,Steve Flesch,32.00,32,1
19,Justin Leonard,32.00,32,1
19,Shaun Micheel,32.00,32,1
19,Vijay Singh,32.00,32,1
24,Tommy Armour III,33.00,33,1
24,Peter Jacobsen,33.00,33,1
24,Shigeki Maruyama,33.00,33,1
24,Bob Tway,33.00,33,1
24,Mike Weir,33.00,33,1
29,Ernie Els,34.00,34,1
30,Rory Sabbatini,37.00,37,1
