rank,player,Avg,Total Putts,Total Rounds
1,Vijay Singh,25.00,25,1
2,Mike Weir,26.00,26,1
3,Stuart Appleby,27.00,27,1
4,Darren Clarke,28.00,28,1
4,Retief Goosen,28.00,28,1
4,Davis Love III,28.00,28,1
4,Shigeki Maruyama,28.00,28,1
8,Tommy Armour III,29.00,29,1
8,Peter Jacobsen,29.00,29,1
10,Ben Crane,30.00,30,1
10,Scott Hoch,30.00,30,1
10,Jonathan Kaye,30.00,30,1
10,Kenny Perry,30.00,30,1
10,Bob Tway,30.00,30,1
10,Tiger Woods,30.00,30,1
16,Ernie Els,31.00,31,1
16,Frank Lickliter II,31.00,31,1
16,Shaun Micheel,31.00,31,1
16,Kirk Triplett,31.00,31,1
20,Justin Leonard,32.00,32,1
20,Rory Sabbatini,32.00,32,1
22,Steve Flesch,33.00,33,1
22,Jim Furyk,33.00,33,1
22,John Huston,33.00,33,1
22,J.L. Lewis,33.00,33,1
22,Craig Stadler,33.00,33,1
27,Chad Campbell,34.00,34,1
27,Adam Scott,34.00,34,1
29,Fred Couples,35.00,35,1
29,Ben Curtis,35.00,35,1
