rank,player,Avg,Total 2 Putts,Total Rounds
1,Bob Tway,13.25,53,4
2,Chad Campbell,12.75,51,4
2,Jim Furyk,12.75,51,4
4,Scott Hoch,12.00,48,4
4,Kenny Perry,12.00,48,4
6,Fred Couples,11.75,47,4
6,Justin Leonard,11.75,47,4
6,Shigeki Maruyama,11.75,47,4
9,Tommy Armour III,11.50,46,4
9,Steve Flesch,11.50,46,4
9,J.L. Lewis,11.50,46,4
9,Tiger Woods,11.50,46,4
13,Ben Crane,11.25,45,4
13,Ernie Els,11.25,45,4
13,Peter Jacobsen,11.25,45,4
13,Jonathan Kaye,11.25,45,4
13,Craig Stadler,11.25,45,4
18,Rory Sabbatini,11.00,44,4
18,Adam Scott,11.00,44,4
20,Darren Clarke,10.75,43,4
20,Ben Curtis,10.75,43,4
20,Shaun Micheel,10.75,43,4
23,Frank Lickliter II,10.50,42,4
24,Davis Love III,10.25,41,4
25,Retief Goosen,10.00,40,4
26,Mike Weir,9.50,38,4
27,Kirk Triplett,8.75,35,4
28,Stuart Appleby,8.50,34,4
29,John Huston,8.25,33,4
29,Vijay Singh,8.25,33,4
