rank,player,Avg,# of Birdies,Total Rounds
1,Martin Laird,7.25,29,4
2,Steve Stricker,6.50,26,4
3,Ben Crane,6.00,24,4
4,Jonathan Byrd,5.75,23,4
4,K.J. Choi,5.75,23,4
4,Rory Sabbatini,5.75,23,4
7,Bubba Watson,5.25,21,4
8,Chris Kirk,5.00,20,4
9,Harrison Frazar,4.75,19,4
9,Sean O'Hair,4.75,19,4
9,Webb Simpson,4.75,19,4
9,Scott Stallings,4.75,19,4
9,Johnson Wagner,4.75,19,4
9,Nick Watney,4.75,19,4
15,Aaron Baddeley,4.50,18,4
15,Bryce Molder,4.50,18,4
15,Gary Woodland,4.50,18,4
18,Kevin Na,4.25,17,4
18,D.A. Points,4.25,17,4
20,Keegan Bradley,4.00,16,4
20,Scott Piercy,4.00,16,4
20,Mark Wilson,4.00,16,4
23,Bill Haas,3.50,14,4
23,David Toms,3.50,14,4
25,Brendan Steele,3.00,12,4
25,Jhonattan Vegas,3.00,12,4
27,Michael Bradley,2.25,9,4
