rank,player,Avg,Total Distance (feet),# of Attempts,Relative to par
1,Bill Haas,"1' 9""",1.750,1,-1
2,David Duval,"2' 10""",2.833,1,-1
3,Camilo Villegas,"3' 0""",3.000,1,+1
4,Richard Johnson,"3' 5""",3.417,1,E
5,David Toms,"3' 9""",3.750,1,E
6,Jeff Overton,"4' 4""",8.667,2,-1
7,Billy Mayfair,"4' 9""",4.750,1,-1
8,Charles Warren,"5' 2""",10.333,2,-1
9,Brad Faxon,"6' 4""",6.333,1,E
10,Chad Campbell,"7' 0""",7.000,1,-1
11,John Riegger,"7' 3""",21.833,3,-1
12,Jon Mills,"7' 10""",15.667,2,E
13,Jerry Smith,"7' 11""",15.833,2,E
14,David Branshaw,"8' 0""",8.000,1,E
15,Mark Calcavecchia,"8' 3""",8.250,1,-1
16,Jeff Gove,"8' 6""",16.917,2,-1
16,Nathan Green,"8' 6""",8.500,1,E
18,Todd Fischer,"8' 8""",8.667,1,E
19,Tom Byrum,"8' 10""",8.833,1,-1
20,Henrik Bjornstad,"8' 11""",26.833,3,+1
21,Shane Bertsch,"9' 0""",17.917,2,E
22,Ron Whittaker,"9' 3""",9.250,1,+1
23,Troy Matteson,"9' 4""",18.667,2,-1
24,Brent Geiberger,"9' 11""",9.917,1,E
25,Paul Goydos,"10' 7""",10.583,1,-1
26,Stewart Cink,"10' 10""",10.833,1,E
26,Jay Haas,"10' 10""",10.833,1,-1
28,Olin Browne,"10' 11""",21.750,2,+3
29,Thomas Levet,"11' 0""",11.000,1,E
30,Vaughn Taylor,"11' 1""",55.500,5,+3
31,Tommy Armour III,"11' 2""",22.333,2,-1
31,J.B. Holmes,"11' 2""",67.167,6,-1
33,Craig Barlow,"12' 1""",36.167,3,-2
34,Hidemichi Tanaka,"12' 2""",36.500,3,+1
35,Parker McLachlin,"12' 3""",12.250,1,E
36,Shigeki Maruyama,"12' 6""",37.500,3,+1
37,Joe Ogilvie,"13' 0""",26.000,2,-2
38,Bubba Dickerson,"14' 1""",70.417,5,+3
39,Loren Roberts,"14' 2""",14.167,1,E
40,Jeff Maggert,"14' 5""",28.750,2,E
41,Joe Durant,"15' 2""",60.750,4,E
42,Rory Sabbatini,"15' 3""",15.250,1,E
43,Vijay Singh,"15' 7""",15.583,1,E
44,Rich Beem,"15' 8""",47.083,3,-1
44,Kaname Yokoo,"15' 8""",31.333,2,E
46,James Driscoll,"16' 4""",65.333,4,+1
47,Bubba Watson,"16' 5""",32.750,2,-1
48,Jim Furyk,"16' 9""",16.750,1,E
49,Woody Austin,"16' 10""",16.833,1,E
50,Jason Bohn,"17' 2""",34.333,2,-1
51,Carl Pettersson,"17' 6""",17.500,1,E
52,Jeff Sluman,"17' 7""",17.583,1,-1
53,Jonathan Kaye,"18' 3""",36.500,2,E
53,Tom Lehman,"18' 3""",91.417,5,-1
55,Arron Oberholser,"18' 4""",18.333,1,E
56,Paul Azinger,"18' 11""",56.667,3,+1
57,Bo Van Pelt,"19' 0""",19.000,1,E
58,Ryuji Imada,"21' 8""",43.333,2,-1
59,Roger Tambellini,"22' 1""",22.083,1,E
60,Peter Lonard,"22' 7""",45.083,2,E
61,Aaron Baddeley,"23' 3""",46.500,2,E
62,K.J. Choi,"24' 1""",24.083,1,+1
63,Stuart Appleby,"24' 7""",98.167,4,+1
64,Arjun Atwal,"25' 3""",50.417,2,+1
65,Chris Riley,"26' 11""",26.917,1,+1
66,Vance Veazey,"30' 5""",30.417,1,+1
67,Carlos Franco,"34' 4""",34.333,1,+1
