rank,player,Avg,Total Distance (feet),# of Attempts,Relative to par
1,Steve Jones,"14' 7""",14.583,1,-1
2,Brad Faxon,"19' 4""",19.333,1,-1
3,Craig Barlow,"20' 6""",20.500,1,-2
4,John Riegger,"22' 6""",22.500,1,-1
5,Vaughn Taylor,"23' 2""",23.167,1,-1
6,Jeff Maggert,"36' 5""",72.833,2,-2
7,Bo Van Pelt,"38' 1""",38.083,1,-1
8,Robert Gamez,"44' 2""",44.167,1,E
9,Woody Austin,"44' 8""",44.667,1,E
10,Jim Furyk,"51' 2""",51.167,1,E
11,Shigeki Maruyama,"69' 3""",69.250,1,-1
12,Billy Mayfair,"73' 8""",147.250,2,-2
13,J.B. Holmes,"74' 0""",74.000,1,-1
14,Paul Goydos,"78' 0""",78.000,1,E
15,Thomas Levet,"79' 9""",79.750,1,E
16,Jerry Kelly,"86' 8""",86.667,1,+1
17,Fred Funk,"93' 2""",93.167,1,E
