rank,player,Avg,Total Distance (feet),# of Attempts,Relative to par
1,Todd Fischer,"5' 2""",5.167,1,-1
2,Tom Lehman,"11' 6""",11.500,1,E
3,Jerry Smith,"13' 5""",13.417,1,-1
4,Arron Oberholser,"15' 10""",31.667,2,-2
5,Jeff Overton,"18' 2""",18.167,1,-1
6,Loren Roberts,"19' 2""",19.167,1,E
7,Kaname Yokoo,"24' 0""",24.000,1,-1
8,Joe Durant,"28' 3""",56.417,2,-2
9,Stewart Cink,"33' 11""",67.750,2,-2
10,John Riegger,"36' 5""",36.417,1,-1
11,Bubba Dickerson,"36' 7""",36.583,1,-1
12,Peter Lonard,"39' 2""",39.167,1,-1
13,Olin Browne,"41' 10""",125.417,3,-2
14,Charles Howell III,"47' 1""",47.083,1,E
15,Jason Bohn,"50' 7""",50.583,1,-1
16,Tommy Armour III,"51' 0""",51.000,1,E
17,Arjun Atwal,"51' 6""",206.083,4,-1
17,Mark Calcavecchia,"51' 6""",51.500,1,-1
19,Ryuji Imada,"51' 7""",103.167,2,E
20,Joe Ogilvie,"53' 2""",53.167,1,E
21,Steve Jones,"53' 7""",107.167,2,-2
22,Paul Goydos,"54' 3""",162.667,3,E
23,Richard Johnson,"56' 2""",112.250,2,-1
24,Nathan Green,"56' 3""",112.500,2,-1
25,Parker McLachlin,"56' 5""",56.417,1,-1
26,Rory Sabbatini,"57' 1""",114.083,2,-2
27,David Toms,"57' 3""",171.667,3,E
28,Ron Whittaker,"58' 1""",174.333,3,-2
29,Jay Haas,"58' 7""",117.083,2,-2
30,Jesper Parnevik,"58' 8""",58.667,1,-1
31,Hidemichi Tanaka,"58' 9""",58.750,1,E
32,Jeff Maggert,"59' 2""",236.667,4,-2
33,Vijay Singh,"59' 3""",59.250,1,-1
34,Jerry Kelly,"62' 4""",249.250,4,-2
35,Brent Geiberger,"62' 7""",125.083,2,-1
36,Jim Furyk,"63' 1""",315.500,5,-2
37,Brad Faxon,"64' 6""",193.583,3,-2
38,Hunter Mahan,"64' 7""",193.750,3,-2
39,Patrick Sheehan,"65' 9""",131.500,2,+1
40,Shane Bertsch,"68' 2""",68.167,1,E
41,Jeff Gove,"69' 0""",69.000,1,-1
42,Rich Beem,"69' 1""",138.167,2,-1
43,Chris Riley,"71' 2""",355.833,5,-2
44,Alex Cejka,"71' 9""",215.333,3,E
45,Vance Veazey,"73' 10""",73.833,1,-1
46,Jeff Sluman,"74' 9""",74.750,1,E
46,Vaughn Taylor,"74' 9""",74.750,1,-1
48,K.J. Choi,"80' 2""",240.500,3,E
49,Tom Byrum,"80' 9""",161.500,2,E
50,Michael Allen,"80' 11""",80.917,1,-1
51,David Branshaw,"86' 5""",172.833,2,-1
52,Shigeki Maruyama,"100' 2""",100.167,1,E
53,Fred Funk,"103' 9""",311.167,3,-1
54,Carl Pettersson,"121' 3""",121.250,1,+1
55,Robert Gamez,"123' 8""",123.667,1,-1
56,Troy Matteson,"138' 1""",138.083,1,-1
