rank,player,Avg,Total Distance (feet),# of Attempts,GIR Rank
1,David Toms,"28' 0""","2,015.333",72,Under
2,Vaughn Taylor,"28' 3""","2,031.167",72,Under
3,Jonathan Kaye,"29' 6""","2,121.917",72,Even
4,Rich Beem,"29' 7""","2,130.333",72,Under
5,Rory Sabbatini,"30' 7""","2,200.000",72,Under
6,Chad Campbell,"30' 8""","2,207.583",72,Under
7,Jerry Smith,"31' 4""","2,253.583",72,Under
8,Jim Furyk,"31' 7""","2,275.750",72,Under
9,Tom Byrum,"32' 0""","2,301.417",72,Under
10,Vijay Singh,"32' 1""","2,307.167",72,Under
11,Tom Lehman,"32' 3""","2,324.083",72,Even
12,Shigeki Maruyama,"32' 5""","2,336.333",72,Over
13,Alex Cejka,"32' 7""","2,348.167",72,Over
14,Craig Barlow,"32' 11""","2,371.500",72,Over
15,Mark Calcavecchia,"33' 2""","2,385.833",72,Under
16,Joe Durant,"33' 3""","2,391.417",72,Over
16,Camilo Villegas,"33' 3""","2,394.667",72,Even
18,Billy Mayfair,"33' 6""","2,409.917",72,Under
19,Hunter Mahan,"33' 7""","2,417.917",72,Over
20,David Duval,"33' 10""","2,437.583",72,Under
20,John Riegger,"33' 10""","2,433.917",72,Under
22,Arjun Atwal,"33' 11""","2,442.333",72,Even
22,J.B. Holmes,"33' 11""","2,442.333",72,Under
24,Jeff Sluman,"34' 0""","2,448.167",72,Over
25,Bill Haas,"34' 1""","2,454.250",72,Over
25,Joe Ogilvie,"34' 1""","2,455.833",72,Even
27,Robert Gamez,"34' 2""","2,458.833",72,Under
27,Adam Scott,"34' 2""","2,462.167",72,Under
27,Hidemichi Tanaka,"34' 2""","2,458.583",72,Over
30,Jeff Overton,"34' 7""","2,489.000",72,Under
31,Olin Browne,"34' 8""","2,463.500",71,Over
32,Nathan Green,"34' 9""","2,502.917",72,Under
32,Bo Van Pelt,"34' 9""","2,501.917",72,Even
34,David Branshaw,"34' 10""","2,508.500",72,Under
35,Henrik Bjornstad,"35' 1""","2,524.333",72,Over
36,Loren Roberts,"35' 5""","2,547.917",72,Under
36,Ron Whittaker,"35' 5""","2,550.667",72,Under
38,Ryuji Imada,"35' 9""","2,576.750",72,Under
39,Thomas Levet,"36' 5""","2,621.667",72,Over
39,Will MacKenzie,"36' 5""","2,621.250",72,Even
41,Woody Austin,"36' 6""","2,589.000",71,Over
41,Fred Funk,"36' 6""","2,627.000",72,Even
43,Paul Goydos,"36' 7""","2,631.917",72,Over
43,Steve Jones,"36' 7""","2,634.250",72,Under
45,Stuart Appleby,"36' 8""","2,638.083",72,Under
45,Arron Oberholser,"36' 8""","2,640.500",72,Under
47,Dudley Hart,"36' 9""","2,644.000",72,Under
48,Bubba Dickerson,"36' 10""","2,654.000",72,Over
49,Todd Fischer,"37' 4""","2,689.750",72,Over
49,Jon Mills,"37' 4""","2,686.250",72,Over
51,Carl Pettersson,"37' 5""","2,691.167",72,Under
52,Aaron Baddeley,"37' 6""","2,697.583",72,Over
52,Charles Warren,"37' 6""","2,701.333",72,Under
54,Charles Howell III,"37' 7""","2,704.500",72,Over
55,Jason Bohn,"37' 8""","2,711.083",72,Under
55,K.J. Choi,"37' 8""","2,713.000",72,Under
57,Tommy Armour III,"37' 10""","2,721.417",72,Under
58,Jeff Maggert,"37' 11""","2,727.833",72,Over
59,Carlos Franco,"38' 4""","2,761.917",72,Even
59,Brent Geiberger,"38' 4""","2,758.750",72,Under
59,Jerry Kelly,"38' 4""","2,760.917",72,Under
62,Bubba Watson,"38' 5""","2,764.000",72,Under
63,Daniel Chopra,"38' 6""","2,773.000",72,Even
63,Richard Johnson,"38' 6""","2,771.417",72,Under
65,Stewart Cink,"38' 7""","2,775.250",72,Under
66,Patrick Sheehan,"39' 0""","2,810.833",72,Over
67,Jeff Gove,"39' 6""","2,844.750",72,Under
68,Peter Lonard,"39' 7""","2,850.250",72,Under
69,Michael Allen,"39' 8""","2,856.917",72,Over
69,Brad Faxon,"39' 8""","2,855.500",72,Over
69,Chris Riley,"39' 8""","2,856.917",72,Under
72,Shane Bertsch,"39' 11""","2,875.667",72,Under
72,Vance Veazey,"39' 11""","2,874.000",72,Over
74,Kaname Yokoo,"40' 3""","2,896.667",72,Over
75,Paul Azinger,"40' 9""","2,935.333",72,Over
76,Jay Haas,"40' 11""","2,948.083",72,Over
77,Troy Matteson,"41' 3""","2,967.500",72,Under
77,Jesper Parnevik,"41' 3""","2,969.583",72,Even
79,Mathew Goggin,"41' 11""","3,017.083",72,Over
80,Roger Tambellini,"42' 7""","3,066.667",72,Over
81,James Driscoll,"42' 8""","3,073.667",72,Over
82,Parker McLachlin,"43' 4""","3,118.750",72,Over
