rank,player,Avg,Total Distance (feet),# of Attempts,Relative to par
1,Paul Goydos,"1' 3""",1.250,1,-1
2,Bubba Watson,"1' 6""",1.500,1,-1
3,Stuart Appleby,"4' 6""",4.500,1,-1
4,Fred Funk,"5' 7""",5.583,1,-1
5,Troy Matteson,"6' 0""",6.000,1,-1
6,Brad Faxon,"6' 3""",12.417,2,-1
7,Steve Jones,"6' 4""",12.583,2,+1
8,John Riegger,"6' 5""",12.750,2,E
9,Olin Browne,"6' 10""",6.833,1,-1
10,Jerry Smith,"7' 5""",14.750,2,-2
11,Alex Cejka,"7' 11""",23.833,3,E
12,Chad Campbell,"8' 2""",16.333,2,-1
13,Charles Warren,"9' 2""",18.333,2,-1
14,Aaron Baddeley,"9' 9""",9.750,1,E
14,David Duval,"9' 9""",38.917,4,-1
16,Camilo Villegas,"9' 10""",29.417,3,+1
17,Woody Austin,"10' 1""",10.083,1,E
18,Thomas Levet,"10' 9""",10.750,1,E
19,Ron Whittaker,"11' 1""",22.167,2,-1
20,Vaughn Taylor,"11' 3""",22.417,2,E
21,Vijay Singh,"11' 4""",34.083,3,-1
22,Arjun Atwal,"11' 6""",45.917,4,+1
23,Jim Furyk,"11' 7""",34.750,3,-2
24,Chris Riley,"11' 8""",11.667,1,E
25,David Toms,"11' 11""",35.750,3,-1
26,Michael Allen,"12' 3""",36.667,3,E
26,Robert Gamez,"12' 3""",48.917,4,E
28,Jeff Sluman,"12' 7""",25.083,2,E
29,K.J. Choi,"12' 10""",25.583,2,E
30,Jeff Overton,"13' 6""",13.500,1,E
31,Charles Howell III,"13' 8""",13.667,1,+1
32,Hunter Mahan,"13' 11""",27.750,2,+1
33,Carlos Franco,"14' 5""",28.833,2,E
34,Jerry Kelly,"14' 6""",43.583,3,E
35,Bill Haas,"16' 3""",32.417,2,+1
36,Jay Haas,"16' 4""",32.583,2,-1
37,Vance Veazey,"16' 10""",50.583,3,E
38,Loren Roberts,"17' 1""",34.167,2,E
39,Henrik Bjornstad,"17' 7""",70.417,4,-2
39,J.B. Holmes,"17' 7""",35.083,2,E
41,Rory Sabbatini,"17' 9""",17.750,1,E
42,Parker McLachlin,"17' 11""",17.917,1,E
43,Craig Barlow,"18' 9""",56.250,3,+1
44,Mark Calcavecchia,"19' 0""",38.000,2,E
45,Stewart Cink,"19' 2""",19.167,1,E
45,Richard Johnson,"19' 2""",19.167,1,E
47,Bubba Dickerson,"20' 7""",41.083,2,E
48,Jeff Gove,"20' 9""",41.417,2,E
49,Rich Beem,"20' 11""",20.917,1,E
50,Todd Fischer,"21' 1""",63.167,3,E
50,Adam Scott,"21' 1""",84.333,4,-1
52,Arron Oberholser,"22' 0""",22.000,1,+1
53,Jeff Maggert,"22' 10""",22.833,1,E
54,Peter Lonard,"22' 11""",22.917,1,E
54,Patrick Sheehan,"22' 11""",22.917,1,+1
56,Will MacKenzie,"23' 0""",23.000,1,-1
57,Nathan Green,"23' 1""",46.083,2,E
58,Shane Bertsch,"24' 2""",72.583,3,-1
59,Tom Byrum,"24' 3""",24.250,1,E
60,Billy Mayfair,"24' 11""",24.917,1,E
61,Jason Bohn,"25' 9""",25.750,1,E
61,David Branshaw,"25' 9""",51.417,2,E
63,Jonathan Kaye,"26' 4""",105.250,4,+3
64,Joe Ogilvie,"26' 6""",52.917,2,E
65,Brent Geiberger,"26' 11""",107.667,4,+1
66,Roger Tambellini,"27' 9""",55.417,2,E
67,James Driscoll,"30' 10""",30.833,1,+1
68,Jon Mills,"33' 7""",67.083,2,+1
69,Mathew Goggin,"35' 9""",107.250,3,+1
70,Hidemichi Tanaka,"35' 11""",35.917,1,E
71,Tom Lehman,"46' 2""",184.500,4,+2
72,Paul Azinger,"52' 11""",52.917,1,+1
