rank,player,Avg,Total Distance (feet),# of Attempts,Relative to par
1,Jerry Smith,"4' 6""",8.917,2,-2
2,Loren Roberts,"6' 11""",13.750,2,-1
3,Peter Lonard,"8' 7""",42.750,5,-3
4,Jim Furyk,"8' 9""",26.333,3,-1
5,Jerry Kelly,"9' 9""",19.500,2,E
5,Billy Mayfair,"9' 9""",29.333,3,+2
7,K.J. Choi,"10' 2""",40.667,4,-1
8,Charles Warren,"10' 10""",43.333,4,E
9,Tom Lehman,"10' 11""",21.750,2,-1
10,Jason Bohn,"11' 0""",44.000,4,-2
11,Chad Campbell,"11' 3""",45.083,4,-1
12,Bo Van Pelt,"11' 4""",56.500,5,-1
13,Rory Sabbatini,"11' 11""",71.250,6,-2
14,Shane Bertsch,"12' 0""",36.083,3,-2
15,Vaughn Taylor,"12' 8""",50.583,4,-1
16,David Duval,"12' 10""",89.750,7,-2
17,Daniel Chopra,"13' 4""",40.000,3,-1
18,Stuart Appleby,"13' 8""",68.417,5,-1
19,Will MacKenzie,"13' 10""",83.083,6,-3
19,Troy Matteson,"13' 10""",41.417,3,-2
21,Bill Haas,"14' 5""",100.833,7,-2
22,Bubba Watson,"14' 9""",73.667,5,+2
23,Ron Whittaker,"14' 10""",59.417,4,-2
24,Woody Austin,"15' 1""",75.333,5,-3
25,Jesper Parnevik,"15' 2""",30.333,2,-1
26,Todd Fischer,"15' 4""",30.667,2,-1
27,Mathew Goggin,"15' 5""",30.833,2,-1
27,Dudley Hart,"15' 5""",76.917,5,+1
27,Steve Jones,"15' 5""",15.417,1,-1
30,Paul Goydos,"15' 6""",46.583,3,-1
30,Vijay Singh,"15' 6""",61.833,4,E
32,James Driscoll,"15' 11""",127.500,8,-1
33,Chris Riley,"16' 0""",64.083,4,-2
34,Mark Calcavecchia,"16' 2""",97.167,6,-2
35,Fred Funk,"16' 3""",64.833,4,E
35,Kaname Yokoo,"16' 3""",81.083,5,-3
37,David Branshaw,"16' 5""",82.167,5,-1
38,Shigeki Maruyama,"16' 6""",49.583,3,-1
39,Alex Cejka,"16' 8""",100.000,6,-1
39,Patrick Sheehan,"16' 8""",83.500,5,-2
41,Hunter Mahan,"16' 10""",100.833,6,-3
42,Richard Johnson,"17' 0""",102.000,6,-2
43,David Toms,"17' 2""",68.583,4,-2
44,J.B. Holmes,"17' 4""",138.583,8,-1
45,Jonathan Kaye,"17' 7""",35.083,2,E
46,Vance Veazey,"17' 11""",89.583,5,-1
47,Rich Beem,"18' 1""",108.583,6,E
48,Michael Allen,"18' 6""",55.500,3,-1
49,Craig Barlow,"18' 8""",55.917,3,E
50,Robert Gamez,"19' 0""",75.917,4,E
51,Jeff Maggert,"19' 2""",57.500,3,E
52,Tom Byrum,"19' 7""",98.083,5,E
53,Jeff Overton,"19' 9""",98.583,5,E
54,Joe Durant,"19' 10""",99.083,5,-1
54,Charles Howell III,"19' 10""",99.167,5,-1
56,Carl Pettersson,"20' 0""",80.000,4,-1
57,Nathan Green,"21' 6""",64.417,3,E
57,Ryuji Imada,"21' 6""",64.583,3,+1
57,Jon Mills,"21' 6""",150.250,7,E
60,Tommy Armour III,"21' 7""",86.333,4,E
61,Joe Ogilvie,"22' 0""",66.083,3,-1
62,Arjun Atwal,"22' 10""",68.583,3,+2
63,Henrik Bjornstad,"22' 11""",68.750,3,+1
64,Thomas Levet,"23' 2""",138.917,6,-1
65,Bubba Dickerson,"23' 8""",118.250,5,-1
66,Jeff Sluman,"23' 9""",47.417,2,E
67,Aaron Baddeley,"24' 0""",24.000,1,+1
67,Camilo Villegas,"24' 0""",95.917,4,E
69,Jeff Gove,"24' 1""",168.500,7,E
70,Adam Scott,"24' 7""",172.167,7,E
71,Jay Haas,"25' 2""",50.250,2,-1
72,Olin Browne,"25' 4""",101.167,4,-1
73,Brad Faxon,"27' 7""",27.583,1,E
74,Hidemichi Tanaka,"27' 11""",111.667,4,+1
75,Brent Geiberger,"29' 5""",176.583,6,E
76,Carlos Franco,"30' 1""",150.583,5,E
77,Arron Oberholser,"32' 8""",65.250,2,+1
78,Paul Azinger,"32' 9""",130.917,4,E
79,Roger Tambellini,"38' 0""",152.000,4,+1
80,Parker McLachlin,"38' 8""",38.667,1,E
