rank,player,Avg,Total Strokes,Total Rounds
1,Patrick Reed,31.00,31,1
2,J.B. Holmes,33.00,33,1
2,Jordan Spieth,33.00,33,1
2,Justin Thomas,33.00,33,1
5,Rickie Fowler,34.00,34,1
5,Danny Lee,34.00,34,1
5,Brandt Snedeker,34.00,34,1
8,Steven Bowditch,35.00,35,1
8,Jason Day,35.00,35,1
8,Fabián Gómez,35.00,35,1
8,Padraig Harrington,35.00,35,1
8,Smylie Kaufman,35.00,35,1
8,David Lingmerth,35.00,35,1
8,Jimmy Walker,35.00,35,1
15,Alex Cejka,36.00,36,1
15,Chris Kirk,36.00,36,1
15,Kevin Kisner,36.00,36,1
15,Brooks Koepka,36.00,36,1
15,Peter Malnati,36.00,36,1
15,Bubba Watson,36.00,36,1
21,Matt Every,37.00,37,1
21,Bill Haas,37.00,37,1
21,James Hahn,37.00,37,1
21,Dustin Johnson,37.00,37,1
21,Scott Piercy,37.00,37,1
26,Emiliano Grillo,38.00,38,1
26,Russell Knox,38.00,38,1
26,Davis Love III,38.00,38,1
26,Troy Merritt,38.00,38,1
30,J.J. Henry,40.00,40,1
30,Graeme McDowell,40.00,40,1
32,Zach Johnson,41.00,41,1
