rank,player,Avg,Total Strokes,Total Rounds
1,Bubba Watson,32.00,32,1
2,Matt Every,33.00,33,1
2,Rickie Fowler,33.00,33,1
2,Emiliano Grillo,33.00,33,1
2,Dustin Johnson,33.00,33,1
2,Zach Johnson,33.00,33,1
2,Danny Lee,33.00,33,1
2,Davis Love III,33.00,33,1
2,Graeme McDowell,33.00,33,1
2,Jordan Spieth,33.00,33,1
2,Justin Thomas,33.00,33,1
12,Jason Day,34.00,34,1
12,Padraig Harrington,34.00,34,1
12,Smylie Kaufman,34.00,34,1
12,Kevin Kisner,34.00,34,1
16,Alex Cejka,35.00,35,1
16,J.B. Holmes,35.00,35,1
16,Troy Merritt,35.00,35,1
16,Brandt Snedeker,35.00,35,1
20,Fabián Gómez,36.00,36,1
20,Bill Haas,36.00,36,1
20,J.J. Henry,36.00,36,1
20,Brooks Koepka,36.00,36,1
20,Peter Malnati,36.00,36,1
25,James Hahn,37.00,37,1
25,David Lingmerth,37.00,37,1
25,Scott Piercy,37.00,37,1
25,Patrick Reed,37.00,37,1
25,Jimmy Walker,37.00,37,1
30,Steven Bowditch,38.00,38,1
30,Russell Knox,38.00,38,1
32,Chris Kirk,39.00,39,1
