rank,player,Low Rnd
1,Patrick Reed,31
2,Jordan Spieth,32
2,Bubba Watson,32
4,Steven Bowditch,33
4,Matt Every,33
4,Rickie Fowler,33
4,Emiliano Grillo,33
4,J.B. Holmes,33
4,Dustin Johnson,33
4,Zach Johnson,33
4,Kevin Kisner,33
4,Brooks Koepka,33
4,Danny Lee,33
4,David Lingmerth,33
4,Davis Love III,33
4,Peter Malnati,33
4,Graeme McDowell,33
4,Justin Thomas,33
19,Jason Day,34
19,Fabián Gómez,34
19,Padraig Harrington,34
19,Smylie Kaufman,34
19,Chris Kirk,34
19,Scott Piercy,34
19,Brandt Snedeker,34
19,Jimmy Walker,34
27,Alex Cejka,35
27,Bill Haas,35
27,Russell Knox,35
27,Troy Merritt,35
31,J.J. Henry,36
32,James Hahn,37
