rank,player,Avg,Total Strokes,Total Holes
1,Jordan Spieth,32.75,131,4
2,Patrick Reed,33.75,135,4
3,Rickie Fowler,34.25,137,4
3,Danny Lee,34.25,137,4
5,J.B. Holmes,34.50,138,4
5,Brandt Snedeker,34.50,138,4
5,Justin Thomas,34.50,138,4
8,Fabián Gómez,34.75,139,4
8,Padraig Harrington,34.75,139,4
8,Dustin Johnson,34.75,139,4
8,Kevin Kisner,34.75,139,4
12,Steven Bowditch,35.00,140,4
12,Emiliano Grillo,35.00,140,4
12,Smylie Kaufman,35.00,140,4
12,Peter Malnati,35.00,140,4
12,Bubba Watson,35.00,140,4
17,Jason Day,35.25,141,4
17,Brooks Koepka,35.25,141,4
17,Jimmy Walker,35.25,141,4
20,David Lingmerth,35.50,142,4
20,Graeme McDowell,35.50,142,4
20,Scott Piercy,35.50,142,4
23,Bill Haas,35.75,143,4
23,Davis Love III,35.75,143,4
25,Alex Cejka,36.00,144,4
25,Matt Every,36.00,144,4
27,Zach Johnson,36.25,145,4
28,Troy Merritt,36.50,146,4
29,Chris Kirk,36.75,147,4
30,Russell Knox,37.00,148,4
31,J.J. Henry,37.50,150,4
32,James Hahn,38.00,152,4
