rank,player,Avg,Total Strokes,Total Rounds
1,Steven Bowditch,33.00,33,1
1,Kevin Kisner,33.00,33,1
1,Peter Malnati,33.00,33,1
1,Jordan Spieth,33.00,33,1
5,Matt Every,34.00,34,1
5,Rickie Fowler,34.00,34,1
5,Fabián Gómez,34.00,34,1
5,Padraig Harrington,34.00,34,1
5,Smylie Kaufman,34.00,34,1
5,Scott Piercy,34.00,34,1
5,Patrick Reed,34.00,34,1
5,Bubba Watson,34.00,34,1
13,Emiliano Grillo,35.00,35,1
13,Bill Haas,35.00,35,1
13,Dustin Johnson,35.00,35,1
13,Zach Johnson,35.00,35,1
13,Danny Lee,35.00,35,1
13,Graeme McDowell,35.00,35,1
13,Troy Merritt,35.00,35,1
13,Brandt Snedeker,35.00,35,1
13,Jimmy Walker,35.00,35,1
22,J.J. Henry,36.00,36,1
22,Brooks Koepka,36.00,36,1
22,Davis Love III,36.00,36,1
25,Alex Cejka,37.00,37,1
25,J.B. Holmes,37.00,37,1
25,Russell Knox,37.00,37,1
25,David Lingmerth,37.00,37,1
25,Justin Thomas,37.00,37,1
30,Jason Day,38.00,38,1
30,Chris Kirk,38.00,38,1
32,James Hahn,41.00,41,1
