rank,player,Avg,Total Strokes,Total Rounds
1,Jordan Spieth,32.00,32,1
2,J.B. Holmes,33.00,33,1
2,Brooks Koepka,33.00,33,1
2,David Lingmerth,33.00,33,1
2,Patrick Reed,33.00,33,1
6,Steven Bowditch,34.00,34,1
6,Jason Day,34.00,34,1
6,Fabián Gómez,34.00,34,1
6,Emiliano Grillo,34.00,34,1
6,Dustin Johnson,34.00,34,1
6,Chris Kirk,34.00,34,1
6,Graeme McDowell,34.00,34,1
6,Scott Piercy,34.00,34,1
6,Brandt Snedeker,34.00,34,1
6,Jimmy Walker,34.00,34,1
16,Bill Haas,35.00,35,1
16,Russell Knox,35.00,35,1
16,Danny Lee,35.00,35,1
16,Peter Malnati,35.00,35,1
16,Justin Thomas,35.00,35,1
21,Alex Cejka,36.00,36,1
21,Rickie Fowler,36.00,36,1
21,Padraig Harrington,36.00,36,1
21,Zach Johnson,36.00,36,1
21,Kevin Kisner,36.00,36,1
21,Davis Love III,36.00,36,1
27,James Hahn,37.00,37,1
27,Smylie Kaufman,37.00,37,1
29,J.J. Henry,38.00,38,1
29,Troy Merritt,38.00,38,1
29,Bubba Watson,38.00,38,1
32,Matt Every,40.00,40,1
