rank,player,%,Total 3 Putts,Attempts,2 Putt or Better %
1,Aaron Baddeley,.00,0,8,100.00
1,Daniel Berger,.00,0,9,100.00
1,Greg Chalmers,.00,0,6,100.00
1,Jason Day,.00,0,9,100.00
1,Jason Dufner,.00,0,7,100.00
1,Tony Finau,.00,0,5,100.00
1,Branden Grace,.00,0,8,100.00
1,Cody Gribble,.00,0,10,100.00
1,Jim Herman,.00,0,9,100.00
1,Mackenzie Hughes,.00,0,7,100.00
1,Billy Hurley III,.00,0,6,100.00
1,Dustin Johnson,.00,0,10,100.00
1,Si Woo Kim,.00,0,6,100.00
1,Russell Knox,.00,0,8,100.00
1,Hideki Matsuyama,.00,0,7,100.00
1,William McGirt,.00,0,11,100.00
1,Ryan Moore,.00,0,13,100.00
1,Rod Pampling,.00,0,8,100.00
1,Pat Perez,.00,0,8,100.00
1,Patrick Reed,.00,0,5,100.00
1,Brandt Snedeker,.00,0,7,100.00
1,Jordan Spieth,.00,0,4,100.00
1,Brendan Steele,.00,0,8,100.00
1,Brian Stuard,.00,0,9,100.00
1,Vaughn Taylor,.00,0,8,100.00
1,Justin Thomas,.00,0,10,100.00
1,Jhonattan Vegas,.00,0,4,100.00
1,Jimmy Walker,.00,0,11,100.00
1,Bubba Watson,.00,0,10,100.00
30,Charley Hoffman,7.69,1,13,92.31
31,Fabián Gómez,11.11,1,9,88.89
32,James Hahn,16.67,1,6,83.33
