rank,player,%,Total 3 Putts,Attempts,2 Putt or Better %
1,Jimmy Walker,.00,0,19,100.00
2,Pat Perez,3.45,1,29,96.55
3,Cody Gribble,4.55,1,22,95.45
4,Russell Knox,4.76,1,21,95.24
5,Fabián Gómez,5.26,1,19,94.74
6,Jim Herman,7.41,2,27,92.59
7,Patrick Reed,8.33,1,12,91.67
8,Jordan Spieth,8.70,2,23,91.30
9,Mackenzie Hughes,9.09,2,22,90.91
10,Justin Thomas,10.00,2,20,90.00
11,Aaron Baddeley,11.11,2,18,88.89
11,Dustin Johnson,11.11,2,18,88.89
11,Brendan Steele,11.11,2,18,88.89
14,Si Woo Kim,11.76,2,17,88.24
14,Hideki Matsuyama,11.76,2,17,88.24
16,Brandt Snedeker,12.50,2,16,87.50
17,Daniel Berger,14.29,3,21,85.71
17,James Hahn,14.29,3,21,85.71
19,Ryan Moore,15.00,3,20,85.00
20,Vaughn Taylor,15.79,3,19,84.21
21,Jason Day,16.67,3,18,83.33
22,Brian Stuard,17.65,3,17,82.35
23,William McGirt,19.05,4,21,80.95
24,Greg Chalmers,20.00,3,15,80.00
25,Branden Grace,22.22,4,18,77.78
25,Billy Hurley III,22.22,6,27,77.78
27,Jason Dufner,22.73,5,22,77.27
27,Tony Finau,22.73,5,22,77.27
29,Bubba Watson,27.27,6,22,72.73
30,Rod Pampling,28.57,6,21,71.43
31,Jhonattan Vegas,29.41,5,17,70.59
32,Charley Hoffman,33.33,4,12,66.67
