rank,player,%,Total 3 Putts,Attempts,2 Putt or Better %
1,Aaron Baddeley,.00,0,10,100.00
1,Daniel Berger,.00,0,11,100.00
1,Greg Chalmers,.00,0,20,100.00
1,Jason Day,.00,0,18,100.00
1,Tony Finau,.00,0,16,100.00
1,Fabián Gómez,.00,0,12,100.00
1,Branden Grace,.00,0,15,100.00
1,Cody Gribble,.00,0,10,100.00
1,James Hahn,.00,0,17,100.00
1,Jim Herman,.00,0,10,100.00
1,Charley Hoffman,.00,0,12,100.00
1,Mackenzie Hughes,.00,0,11,100.00
1,Billy Hurley III,.00,0,12,100.00
1,Dustin Johnson,.00,0,7,100.00
1,Si Woo Kim,.00,0,16,100.00
1,Russell Knox,.00,0,19,100.00
1,Hideki Matsuyama,.00,0,14,100.00
1,William McGirt,.00,0,12,100.00
1,Ryan Moore,.00,0,7,100.00
1,Rod Pampling,.00,0,13,100.00
1,Pat Perez,.00,0,10,100.00
1,Patrick Reed,.00,0,18,100.00
1,Brandt Snedeker,.00,0,16,100.00
1,Jordan Spieth,.00,0,16,100.00
1,Brian Stuard,.00,0,11,100.00
1,Vaughn Taylor,.00,0,8,100.00
1,Justin Thomas,.00,0,14,100.00
1,Jhonattan Vegas,.00,0,18,100.00
1,Jimmy Walker,.00,0,18,100.00
1,Bubba Watson,.00,0,13,100.00
31,Jason Dufner,6.25,1,16,93.75
32,Brendan Steele,7.69,1,13,92.31
