rank,player,%,Total 3 Putts,Total Holes
1,Greg Chalmers,5.56,1,18
1,Jason Day,5.56,1,18
1,Tony Finau,5.56,1,18
1,Fabián Gómez,5.56,1,18
1,Mackenzie Hughes,5.56,1,18
1,Dustin Johnson,5.56,1,18
1,Si Woo Kim,5.56,1,18
1,Ryan Moore,5.56,1,18
1,Vaughn Taylor,5.56,1,18
1,Jimmy Walker,5.56,1,18
1,Bubba Watson,5.56,1,18
12,Daniel Berger,11.11,2,18
12,Jason Dufner,11.11,2,18
12,Charley Hoffman,11.11,2,18
12,Hideki Matsuyama,11.11,2,18
12,William McGirt,11.11,2,18
12,Brendan Steele,11.11,2,18
18,Rod Pampling,16.67,3,18
