rank,player,%,Total Right rough,Possible Fwys,Relative to par
1,Kevin Kisner,.00,0,60,E
1,Robert Streb,.00,0,60,E
3,Daniel Berger,3.33,2,60,-0.50
3,Harris English,3.33,2,60,-0.50
3,Billy Horschel,3.33,2,60,E
3,Mackenzie Hughes,3.33,2,60,+0.50
3,Andrew Landry,3.33,2,60,+0.50
3,Sebastián Muñoz,3.33,2,60,-0.50
3,Patrick Reed,3.33,2,60,E
3,Hudson Swafford,3.33,2,60,+0.50
11,Abraham Ancer,5.00,3,60,E
11,Stewart Cink,5.00,3,60,-0.33
11,Brian Gay,5.00,3,60,-0.33
11,Lanto Griffin,5.00,3,60,E
11,Hideki Matsuyama,5.00,3,60,-0.33
11,Collin Morikawa,5.00,3,60,+0.33
11,Kevin Na,5.00,3,60,E
11,Jon Rahm,5.00,3,60,-0.33
11,Scottie Scheffler,5.00,3,60,-0.33
11,Nick Taylor,5.00,3,60,E
11,Michael Thompson,5.00,3,60,E
11,Brendon Todd,5.00,3,60,-0.67
23,Martin Laird,5.08,3,59,+0.33
24,Sungjae Im,6.67,4,60,-0.50
24,Webb Simpson,6.67,4,60,E
24,Richy Werenski,6.67,4,60,-0.25
27,Dustin Johnson,8.33,5,60,-0.60
27,Jason Kokrak,8.33,5,60,+0.20
27,Marc Leishman,8.33,5,60,E
27,Carlos Ortiz,8.33,5,60,-0.20
27,Cameron Smith,8.33,5,60,-0.60
32,Tony Finau,8.47,5,59,-0.20
33,Sergio Garcia,10.00,6,60,E
33,Viktor Hovland,10.00,6,60,-0.17
33,Justin Thomas,10.00,6,60,-0.50
36,Patrick Cantlay,11.67,7,60,-0.14
36,Ryan Palmer,11.67,7,60,-0.71
38,Bryson DeChambeau,11.86,7,59,-0.43
39,Xander Schauffele,13.33,8,60,-0.13
40,Joaquin Niemann,15.00,9,60,+0.11
41,Adam Scott,15.25,9,59,+0.11
42,Cameron Champ,20.00,12,60,-0.08
