rank,player,RTP Score
1,Marc Leishman,-.667
2,Dustin Johnson,-.500
2,Andrew Landry,-.500
2,Joaquin Niemann,-.500
5,Patrick Cantlay,-.333
5,Kevin Kisner,-.333
7,Justin Thomas,-.286
8,Sungjae Im,-.250
8,Jon Rahm,-.250
10,Cameron Champ,-.222
11,Stewart Cink,-.200
11,Scottie Scheffler,-.200
13,Brian Gay,-.167
14,Mackenzie Hughes,-.143
15,Viktor Hovland,-.125
15,Webb Simpson,-.125
17,Bryson DeChambeau,-.083
18,Abraham Ancer,E
18,Daniel Berger,E
18,Harris English,E
18,Tony Finau,E
18,Sergio Garcia,E
18,Lanto Griffin,E
18,Collin Morikawa,E
18,Sebastián Muñoz,E
18,Xander Schauffele,E
18,Adam Scott,E
18,Cameron Smith,E
18,Hudson Swafford,E
18,Michael Thompson,E
18,Brendon Todd,E
32,Hideki Matsuyama,+.143
33,Billy Horschel,+.200
33,Kevin Na,+.200
33,Patrick Reed,+.200
33,Robert Streb,+.200
33,Nick Taylor,+.200
33,Richy Werenski,+.200
39,Martin Laird,+.250
40,Carlos Ortiz,+.333
41,Jason Kokrak,+.500
41,Ryan Palmer,+.500
