rank,player,Avg,Total Distance (Feet),Total Strokes
1,Daniel Berger,"3' 11""",23.250,6
2,Brendon Todd,"7' 6""",59.917,8
3,Michael Thompson,"7' 10""",54.750,7
4,Harris English,"8' 4""",58.417,7
5,Collin Morikawa,"9' 2""",54.750,6
6,Patrick Reed,"9' 5""",66.083,7
7,Billy Horschel,"9' 6""",66.333,7
8,Scottie Scheffler,"9' 9""",117.333,12
9,Viktor Hovland,"9' 10""",117.917,12
10,Marc Leishman,"10' 0""",120.333,12
11,Kevin Na,"10' 4""",82.833,8
12,Sungjae Im,"10' 6""",63.000,6
13,Brian Gay,"10' 9""",96.583,9
14,Abraham Ancer,"11' 9""",47.083,4
15,Sebastián Muñoz,"12' 4""",110.667,9
15,Carlos Ortiz,"12' 4""",98.500,8
17,Jon Rahm,"13' 0""",130.000,10
18,Richy Werenski,"13' 1""",130.750,10
19,Nick Taylor,"13' 9""",179.083,13
20,Xander Schauffele,"13' 11""",166.833,12
21,Webb Simpson,"14' 4""",186.083,13
22,Patrick Cantlay,"14' 8""",175.667,12
22,Dustin Johnson,"14' 8""",146.833,10
24,Robert Streb,"14' 11""",74.500,5
25,Andrew Landry,"15' 1""",105.500,7
25,Cameron Smith,"15' 1""",150.417,10
27,Jason Kokrak,"15' 8""",141.250,9
28,Hideki Matsuyama,"16' 4""",163.417,10
29,Mackenzie Hughes,"16' 11""",118.417,7
30,Tony Finau,"17' 4""",242.500,14
31,Sergio Garcia,"17' 6""",139.750,8
32,Joaquin Niemann,"17' 8""",299.917,17
33,Justin Thomas,"17' 11""",304.417,17
34,Ryan Palmer,"18' 8""",186.500,10
35,Hudson Swafford,"20' 4""",101.667,5
36,Stewart Cink,"21' 2""",212.000,10
37,Kevin Kisner,"21' 5""",149.833,7
38,Adam Scott,"21' 6""",344.083,16
39,Martin Laird,"21' 7""",172.583,8
40,Cameron Champ,"24' 9""",470.500,19
41,Bryson DeChambeau,"29' 10""",476.833,16
42,Lanto Griffin,"30' 10""",339.167,11
