rank,player,%,Total Fairway Bunkers,Possible Fwys,Relative to par
1,Daniel Berger,.0,0,0,E
1,Bryson DeChambeau,.0,0,0,E
1,Billy Horschel,.0,0,0,E
1,Sungjae Im,.0,0,0,E
1,Martin Laird,.0,0,0,E
1,Andrew Landry,.0,0,0,E
1,Hideki Matsuyama,.0,0,0,E
1,Ryan Palmer,.0,0,0,E
1,Scottie Scheffler,.0,0,0,E
1,Robert Streb,.0,0,0,E
11,Abraham Ancer,1.7,1,4,E
11,Patrick Cantlay,1.7,1,4,+1.000
11,Harris English,1.7,1,4,E
11,Tony Finau,1.7,1,4,-1.000
11,Sergio Garcia,1.7,1,4,E
11,Brian Gay,1.7,1,4,E
11,Viktor Hovland,1.7,1,4,+1.000
11,Mackenzie Hughes,1.7,1,4,E
11,Marc Leishman,1.7,1,4,-1.000
11,Sebastián Muñoz,1.7,1,4,+1.000
11,Kevin Na,1.7,1,4,E
11,Joaquin Niemann,1.7,1,4,E
11,Carlos Ortiz,1.7,1,4,E
11,Patrick Reed,1.7,1,4,E
11,Xander Schauffele,1.7,1,4,+1.000
11,Adam Scott,1.7,1,4,E
11,Webb Simpson,1.7,1,4,E
11,Hudson Swafford,1.7,1,4,E
11,Nick Taylor,1.7,1,4,E
30,Cameron Champ,3.3,2,9,-0.500
30,Dustin Johnson,3.3,2,8,E
30,Jason Kokrak,3.3,2,8,+0.500
30,Collin Morikawa,3.3,2,8,E
30,Cameron Smith,3.3,2,8,+0.500
30,Justin Thomas,3.3,2,8,E
30,Michael Thompson,3.3,2,8,+0.500
30,Brendon Todd,3.3,2,8,E
30,Richy Werenski,3.3,2,8,+0.500
39,Stewart Cink,5.0,3,12,E
39,Kevin Kisner,5.0,3,12,-0.333
39,Jon Rahm,5.0,3,12,+0.333
42,Lanto Griffin,6.7,4,16,+0.250
