rank,player,%,Total Rough,Possible Fwys,Relative to par
1,Kevin Kisner,5.00,3,60,-3.33
1,Hudson Swafford,5.00,3,60,+3.33
3,Abraham Ancer,6.67,4,60,E
4,Collin Morikawa,8.33,5,60,+2.00
4,Robert Streb,8.33,5,60,+2.00
6,Daniel Berger,10.00,6,60,-1.67
6,Harris English,10.00,6,60,-1.67
6,Andrew Landry,10.00,6,60,-1.67
6,Brendon Todd,10.00,6,60,-3.33
10,Lanto Griffin,11.67,7,60,E
10,Billy Horschel,11.67,7,60,+1.43
10,Jason Kokrak,11.67,7,60,+2.86
10,Jon Rahm,11.67,7,60,-2.86
10,Patrick Reed,11.67,7,60,+1.43
10,Cameron Smith,11.67,7,60,-4.29
10,Michael Thompson,11.67,7,60,E
17,Martin Laird,11.86,7,59,+2.86
18,Stewart Cink,13.33,8,60,-2.50
18,Sungjae Im,13.33,8,60,-3.75
18,Sebastián Muñoz,13.33,8,60,-1.25
18,Kevin Na,13.33,8,60,+1.25
18,Carlos Ortiz,13.33,8,60,E
23,Sergio Garcia,15.00,9,60,E
23,Brian Gay,15.00,9,60,-2.22
23,Mackenzie Hughes,15.00,9,60,E
23,Dustin Johnson,15.00,9,60,-5.56
23,Richy Werenski,15.00,9,60,E
28,Hideki Matsuyama,16.67,10,60,E
29,Marc Leishman,18.33,11,60,-3.64
29,Ryan Palmer,18.33,11,60,-2.73
31,Xander Schauffele,20.00,12,60,-0.83
31,Webb Simpson,20.00,12,60,-0.83
33,Tony Finau,20.34,12,59,-0.83
34,Patrick Cantlay,21.67,13,60,-2.31
34,Scottie Scheffler,21.67,13,60,-2.31
34,Nick Taylor,21.67,13,60,+1.54
34,Justin Thomas,21.67,13,60,-3.85
38,Viktor Hovland,23.33,14,60,-1.43
39,Adam Scott,27.12,16,59,+0.63
40,Joaquin Niemann,28.33,17,60,-1.76
41,Bryson DeChambeau,32.20,19,59,-2.11
42,Cameron Champ,35.00,21,60,-1.43
