rank,player,%,Number of Times,Attempts,Avg RTP Score
1,Mackenzie Hughes,11.1,1,9,+10.00
2,Kevin Kisner,12.5,1,8,+10.00
3,Nick Taylor,21.4,3,14,E
4,Sebastián Muñoz,22.2,2,9,-5.00
4,Michael Thompson,22.2,2,9,E
6,Bryson DeChambeau,26.7,4,15,-5.00
7,Harris English,28.6,2,7,-5.00
7,Billy Horschel,28.6,2,7,E
7,Patrick Reed,28.6,2,7,E
10,Hideki Matsuyama,30.0,3,10,-3.33
11,Scottie Scheffler,30.8,4,13,E
12,Daniel Berger,33.3,2,6,-5.00
12,Webb Simpson,33.3,5,15,+4.00
14,Andrew Landry,37.5,3,8,+3.33
14,Kevin Na,37.5,3,8,E
16,Brian Gay,40.0,4,10,+2.50
16,Richy Werenski,40.0,4,10,-2.50
18,Marc Leishman,41.7,5,12,E
19,Tony Finau,42.9,6,14,+1.67
19,Martin Laird,42.9,3,7,+3.33
21,Adam Scott,43.8,7,16,E
22,Ryan Palmer,45.5,5,11,-6.00
22,Jon Rahm,45.5,5,11,-2.00
24,Dustin Johnson,46.2,6,13,-1.67
25,Cameron Champ,50.0,10,20,+4.00
25,Stewart Cink,50.0,6,12,E
25,Viktor Hovland,50.0,6,12,+1.67
25,Sungjae Im,50.0,3,6,-3.33
25,Collin Morikawa,50.0,3,6,+6.67
25,Carlos Ortiz,50.0,4,8,E
31,Justin Thomas,55.6,10,18,-1.00
32,Lanto Griffin,58.3,7,12,+2.86
32,Xander Schauffele,58.3,7,12,-1.43
34,Joaquin Niemann,58.8,10,17,+1.00
35,Hudson Swafford,60.0,3,5,+6.67
36,Patrick Cantlay,61.5,8,13,E
37,Sergio Garcia,62.5,5,8,E
37,Brendon Todd,62.5,5,8,-4.00
39,Jason Kokrak,70.0,7,10,+4.29
39,Cameron Smith,70.0,7,10,-1.43
41,Abraham Ancer,100.0,4,4,E
