rank,player,%,Number of Times,Attempts,Avg RTP Score
1,Jason Kokrak,30.0,3,10,+6.67
1,Cameron Smith,30.0,3,10,+3.33
3,Sergio Garcia,37.5,3,8,E
3,Brendon Todd,37.5,3,8,E
5,Patrick Cantlay,38.5,5,13,E
6,Hudson Swafford,40.0,2,5,E
7,Joaquin Niemann,41.2,7,17,-4.29
8,Lanto Griffin,41.7,5,12,E
8,Xander Schauffele,41.7,5,12,+6.00
10,Justin Thomas,44.4,8,18,-1.25
11,Cameron Champ,50.0,10,20,-1.00
11,Stewart Cink,50.0,6,12,+1.67
11,Viktor Hovland,50.0,6,12,+1.67
11,Sungjae Im,50.0,3,6,-3.33
11,Collin Morikawa,50.0,3,6,E
11,Carlos Ortiz,50.0,4,8,+2.50
17,Dustin Johnson,53.8,7,13,+2.86
18,Ryan Palmer,54.5,6,11,+6.67
18,Jon Rahm,54.5,6,11,+1.67
20,Adam Scott,56.3,9,16,+1.11
21,Tony Finau,57.1,8,14,-1.25
21,Martin Laird,57.1,4,7,+2.50
23,Marc Leishman,58.3,7,12,-7.14
24,Brian Gay,60.0,6,10,-1.67
24,Richy Werenski,60.0,6,10,+5.00
26,Andrew Landry,62.5,5,8,-2.00
26,Kevin Na,62.5,5,8,+2.00
28,Daniel Berger,66.7,4,6,E
28,Webb Simpson,66.7,10,15,E
30,Scottie Scheffler,69.2,9,13,-1.11
31,Hideki Matsuyama,70.0,7,10,+1.43
32,Harris English,71.4,5,7,E
32,Billy Horschel,71.4,5,7,+2.00
32,Patrick Reed,71.4,5,7,E
35,Bryson DeChambeau,73.3,11,15,-0.91
36,Sebastián Muñoz,77.8,7,9,+1.43
36,Michael Thompson,77.8,7,9,+5.71
38,Nick Taylor,78.6,11,14,+2.73
39,Kevin Kisner,87.5,7,8,-2.86
40,Mackenzie Hughes,88.9,8,9,+2.50
41,Robert Streb,100.0,7,7,+7.14
