rank,player,%,Total Missed,Total Fwys,Relative to par
1,Sebastián Muñoz,.00,0,60,E
1,Kevin Na,.00,0,60,E
1,Joaquin Niemann,.00,0,60,E
1,Brendon Todd,.00,0,60,E
5,Abraham Ancer,1.67,1,60,+1.00
5,Sergio Garcia,1.67,1,60,E
5,Brian Gay,1.67,1,60,+2.00
5,Billy Horschel,1.67,1,60,-1.00
5,Viktor Hovland,1.67,1,60,E
5,Jason Kokrak,1.67,1,60,+2.00
5,Collin Morikawa,1.67,1,60,-1.00
5,Patrick Reed,1.67,1,60,-1.00
5,Hudson Swafford,1.67,1,60,+1.00
5,Richy Werenski,1.67,1,60,-1.00
15,Bryson DeChambeau,1.69,1,59,E
15,Tony Finau,1.69,1,59,+2.00
15,Martin Laird,1.69,1,59,E
15,Adam Scott,1.69,1,59,+1.00
19,Daniel Berger,3.33,2,60,-0.50
19,Patrick Cantlay,3.33,2,60,E
19,Sungjae Im,3.33,2,60,-0.50
19,Kevin Kisner,3.33,2,60,+0.50
19,Marc Leishman,3.33,2,60,+0.50
19,Carlos Ortiz,3.33,2,60,-0.50
19,Ryan Palmer,3.33,2,60,+1.00
19,Xander Schauffele,3.33,2,60,+0.50
19,Scottie Scheffler,3.33,2,60,+0.50
19,Cameron Smith,3.33,2,60,+0.50
19,Robert Streb,3.33,2,60,+2.00
19,Michael Thompson,3.33,2,60,+1.50
31,Harris English,5.00,3,60,-0.33
31,Lanto Griffin,5.00,3,60,E
31,Mackenzie Hughes,5.00,3,60,+1.00
31,Andrew Landry,5.00,3,60,+0.33
31,Jon Rahm,5.00,3,60,E
31,Webb Simpson,5.00,3,60,+1.00
31,Nick Taylor,5.00,3,60,E
38,Stewart Cink,6.67,4,60,+0.50
38,Hideki Matsuyama,6.67,4,60,-0.25
40,Cameron Champ,8.33,5,60,+0.80
40,Justin Thomas,8.33,5,60,+0.40
42,Dustin Johnson,11.67,7,60,+0.43
