rank,player,%,Fairways Hit,Possible Fairways,Relative to Par
1,Hudson Swafford,91.67,55,60,-0.22
2,Abraham Ancer,90.00,54,60,-0.30
3,Robert Streb,88.33,53,60,-0.21
4,Daniel Berger,86.67,52,60,-0.29
4,Billy Horschel,86.67,52,60,-0.25
4,Kevin Kisner,86.67,52,60,-0.23
4,Collin Morikawa,86.67,52,60,-0.38
4,Brendon Todd,86.67,52,60,-0.33
9,Martin Laird,86.44,51,59,-0.35
10,Andrew Landry,85.00,51,60,-0.12
10,Sebastián Muñoz,85.00,51,60,-0.33
10,Kevin Na,85.00,51,60,-0.18
10,Patrick Reed,85.00,51,60,-0.31
14,Harris English,83.33,50,60,-0.38
14,Sungjae Im,83.33,50,60,-0.36
14,Jason Kokrak,83.33,50,60,-0.22
17,Sergio Garcia,81.67,49,60,-0.39
17,Brian Gay,81.67,49,60,-0.22
17,Carlos Ortiz,81.67,49,60,-0.16
17,Cameron Smith,81.67,49,60,-0.24
17,Michael Thompson,81.67,49,60,-0.33
22,Richy Werenski,80.00,48,60,-0.29
23,Mackenzie Hughes,78.33,47,60,-0.21
23,Ryan Palmer,78.33,47,60,-0.53
23,Jon Rahm,78.33,47,60,-0.40
26,Lanto Griffin,76.67,46,60,-0.28
26,Marc Leishman,76.67,46,60,-0.17
26,Hideki Matsuyama,76.67,46,60,-0.15
29,Tony Finau,76.27,45,59,-0.29
30,Stewart Cink,75.00,45,60,-0.20
30,Xander Schauffele,75.00,45,60,-0.47
30,Scottie Scheffler,75.00,45,60,-0.38
33,Patrick Cantlay,73.33,44,60,-0.36
33,Viktor Hovland,73.33,44,60,-0.23
33,Webb Simpson,73.33,44,60,-0.39
36,Nick Taylor,71.67,43,60,-0.33
37,Dustin Johnson,70.00,42,60,-0.36
37,Joaquin Niemann,70.00,42,60,-0.40
39,Adam Scott,69.49,41,59,-0.39
40,Justin Thomas,66.67,40,60,-0.43
41,Bryson DeChambeau,66.10,39,59,-0.36
42,Cameron Champ,53.33,32,60,-0.41
