rank,player,%,Total Left rough,Possible Fwys,Relative to par
1,Abraham Ancer,1.67,1,60,E
1,Hudson Swafford,1.67,1,60,E
3,Jason Kokrak,3.33,2,60,+0.50
3,Collin Morikawa,3.33,2,60,E
3,Cameron Smith,3.33,2,60,E
6,Sergio Garcia,5.00,3,60,E
6,Kevin Kisner,5.00,3,60,-0.33
6,Carlos Ortiz,5.00,3,60,+0.33
6,Brendon Todd,5.00,3,60,E
10,Daniel Berger,6.67,4,60,E
10,Harris English,6.67,4,60,E
10,Lanto Griffin,6.67,4,60,E
10,Sungjae Im,6.67,4,60,-0.25
10,Dustin Johnson,6.67,4,60,-0.50
10,Andrew Landry,6.67,4,60,-0.50
10,Ryan Palmer,6.67,4,60,+0.50
10,Jon Rahm,6.67,4,60,-0.25
10,Xander Schauffele,6.67,4,60,E
10,Michael Thompson,6.67,4,60,E
20,Martin Laird,6.78,4,59,+0.25
21,Stewart Cink,8.33,5,60,-0.20
21,Billy Horschel,8.33,5,60,+0.20
21,Kevin Na,8.33,5,60,+0.20
21,Patrick Reed,8.33,5,60,+0.20
21,Robert Streb,8.33,5,60,+0.20
21,Richy Werenski,8.33,5,60,+0.20
27,Patrick Cantlay,10.00,6,60,-0.33
27,Brian Gay,10.00,6,60,-0.17
27,Marc Leishman,10.00,6,60,-0.67
27,Sebastián Muñoz,10.00,6,60,E
31,Mackenzie Hughes,11.67,7,60,-0.14
31,Hideki Matsuyama,11.67,7,60,+0.14
31,Justin Thomas,11.67,7,60,-0.29
34,Tony Finau,11.86,7,59,E
34,Adam Scott,11.86,7,59,E
36,Viktor Hovland,13.33,8,60,-0.13
36,Joaquin Niemann,13.33,8,60,-0.50
36,Webb Simpson,13.33,8,60,-0.13
39,Cameron Champ,15.00,9,60,-0.22
40,Scottie Scheffler,16.67,10,60,-0.20
40,Nick Taylor,16.67,10,60,+0.20
42,Bryson DeChambeau,20.34,12,59,-0.08
