rank,player,%,Fairways Hit,Possible Fairways
1,Hudson Swafford,91.67,55,60
2,Abraham Ancer,90.00,54,60
3,Robert Streb,88.33,53,60
4,Daniel Berger,86.67,52,60
4,Billy Horschel,86.67,52,60
4,Kevin Kisner,86.67,52,60
4,Collin Morikawa,86.67,52,60
4,Brendon Todd,86.67,52,60
9,Martin Laird,85.00,51,60
9,Andrew Landry,85.00,51,60
9,Sebastián Muñoz,85.00,51,60
9,Kevin Na,85.00,51,60
9,Patrick Reed,85.00,51,60
14,Harris English,83.33,50,60
14,Sungjae Im,83.33,50,60
14,Jason Kokrak,83.33,50,60
17,Sergio Garcia,81.67,49,60
17,Brian Gay,81.67,49,60
17,Carlos Ortiz,81.67,49,60
17,Cameron Smith,81.67,49,60
17,Michael Thompson,81.67,49,60
22,Richy Werenski,80.00,48,60
23,Mackenzie Hughes,78.33,47,60
23,Marc Leishman,78.33,47,60
23,Ryan Palmer,78.33,47,60
23,Jon Rahm,78.33,47,60
27,Lanto Griffin,76.67,46,60
27,Hideki Matsuyama,76.67,46,60
29,Stewart Cink,75.00,45,60
29,Tony Finau,75.00,45,60
29,Xander Schauffele,75.00,45,60
29,Scottie Scheffler,75.00,45,60
33,Patrick Cantlay,73.33,44,60
33,Viktor Hovland,73.33,44,60
33,Webb Simpson,73.33,44,60
36,Nick Taylor,71.67,43,60
37,Dustin Johnson,70.00,42,60
37,Joaquin Niemann,70.00,42,60
39,Adam Scott,68.33,41,60
40,Justin Thomas,66.67,40,60
41,Bryson DeChambeau,65.00,39,60
42,Cameron Champ,53.33,32,60
