rank,player,RTP Score
1,Ryan Palmer,-.714
2,Brendon Todd,-.667
3,Dustin Johnson,-.600
3,Cameron Smith,-.600
5,Daniel Berger,-.500
5,Harris English,-.500
5,Sungjae Im,-.500
5,Sebastián Muñoz,-.500
5,Justin Thomas,-.500
10,Bryson DeChambeau,-.429
11,Stewart Cink,-.333
11,Brian Gay,-.333
11,Hideki Matsuyama,-.333
11,Jon Rahm,-.333
11,Scottie Scheffler,-.333
16,Richy Werenski,-.250
17,Tony Finau,-.200
17,Carlos Ortiz,-.200
19,Viktor Hovland,-.167
20,Patrick Cantlay,-.143
21,Xander Schauffele,-.125
22,Cameron Champ,-.083
23,Abraham Ancer,E
23,Sergio Garcia,E
23,Lanto Griffin,E
23,Billy Horschel,E
23,Marc Leishman,E
23,Kevin Na,E
23,Patrick Reed,E
23,Webb Simpson,E
23,Nick Taylor,E
23,Michael Thompson,E
33,Joaquin Niemann,+.111
33,Adam Scott,+.111
35,Jason Kokrak,+.200
36,Martin Laird,+.333
36,Collin Morikawa,+.333
38,Mackenzie Hughes,+.500
38,Andrew Landry,+.500
38,Hudson Swafford,+.500
