rank,player,Avg,Total 1 Putts,Total Rounds
1,Ryuji Imada,7.75,31,4
2,Daniel Chopra,7.50,30,4
2,Ernie Els,7.50,30,4
2,Geoff Ogilvy,7.50,30,4
5,Zach Johnson,7.00,28,4
6,Marc Turnesa,6.75,27,4
7,Anthony Kim,6.50,26,4
7,Steve Lowery,6.50,26,4
7,Ryan Palmer,6.50,26,4
7,Camilo Villegas,6.50,26,4
11,K.J. Choi,6.25,25,4
11,Richard Johnson,6.25,25,4
13,Brian Gay,6.00,24,4
13,Greg Kraft,6.00,24,4
13,Justin Leonard,6.00,24,4
13,Will MacKenzie,6.00,24,4
13,Parker McLachlin,6.00,24,4
13,Sean O'Hair,6.00,24,4
13,Adam Scott,6.00,24,4
20,Dustin Johnson,5.75,23,4
20,Kenny Perry,5.75,23,4
20,Carl Pettersson,5.75,23,4
23,Andres Romero,5.50,22,4
23,Vijay Singh,5.50,22,4
23,Johnson Wagner,5.50,22,4
26,Cameron Beckman,5.25,21,4
26,Stewart Cink,5.25,21,4
26,Trevor Immelman,5.25,21,4
26,Davis Love III,5.25,21,4
30,Chez Reavie,4.75,19,4
31,D.J. Trahan,4.50,18,4
31,Boo Weekley,4.50,18,4
33,J.B. Holmes,4.25,17,4
