rank,player,%,# of 1 putts,# of holes
1,Ryuji Imada,55.56,10,18
2,Ernie Els,44.44,8,18
2,Zach Johnson,44.44,8,18
2,Greg Kraft,44.44,8,18
2,Davis Love III,44.44,8,18
2,Steve Lowery,44.44,8,18
2,Johnson Wagner,44.44,8,18
8,Brian Gay,38.89,7,18
8,Geoff Ogilvy,38.89,7,18
8,Kenny Perry,38.89,7,18
8,Andres Romero,38.89,7,18
12,Daniel Chopra,33.33,6,18
12,Dustin Johnson,33.33,6,18
12,Richard Johnson,33.33,6,18
12,Justin Leonard,33.33,6,18
12,Marc Turnesa,33.33,6,18
12,Boo Weekley,33.33,6,18
18,K.J. Choi,27.78,5,18
18,Trevor Immelman,27.78,5,18
18,Will MacKenzie,27.78,5,18
18,Parker McLachlin,27.78,5,18
18,Sean O'Hair,27.78,5,18
23,Anthony Kim,22.22,4,18
23,Ryan Palmer,22.22,4,18
23,Carl Pettersson,22.22,4,18
26,Cameron Beckman,16.67,3,18
26,Stewart Cink,16.67,3,18
26,Adam Scott,16.67,3,18
26,Vijay Singh,16.67,3,18
26,D.J. Trahan,16.67,3,18
26,Camilo Villegas,16.67,3,18
32,J.B. Holmes,11.11,2,18
32,Chez Reavie,11.11,2,18
