rank,player,Total,Total (for all distances),Pct of all 1-putts
1,Marc Turnesa,8,27,29.6
2,Camilo Villegas,7,26,26.9
3,Sean O'Hair,6,24,25.0
4,Richard Johnson,5,25,20.0
4,Greg Kraft,5,24,20.8
4,Justin Leonard,5,24,20.8
4,Ryan Palmer,5,26,19.2
4,Kenny Perry,5,23,21.7
9,Ernie Els,4,30,13.3
9,Trevor Immelman,4,21,19.0
9,Zach Johnson,4,28,14.3
9,Steve Lowery,4,26,15.4
9,Adam Scott,4,24,16.7
9,Boo Weekley,4,18,22.2
15,Cameron Beckman,3,21,14.3
15,Stewart Cink,3,21,14.3
15,J.B. Holmes,3,17,17.6
15,Dustin Johnson,3,23,13.0
15,Davis Love III,3,21,14.3
15,Will MacKenzie,3,24,12.5
15,Carl Pettersson,3,23,13.0
15,Chez Reavie,3,19,15.8
15,Johnson Wagner,3,22,13.6
24,K.J. Choi,2,25,8.0
24,Anthony Kim,2,26,7.7
24,Parker McLachlin,2,24,8.3
24,Geoff Ogilvy,2,30,6.7
24,Vijay Singh,2,22,9.1
29,Daniel Chopra,1,30,3.3
29,Brian Gay,1,24,4.2
29,Ryuji Imada,1,31,3.2
29,Andres Romero,1,22,4.5
29,D.J. Trahan,1,18,5.6
