rank,player,Total,Total (for all distances),Pct of all 1-putts
1,Daniel Chopra,12,30,40.0
2,K.J. Choi,11,25,44.0
2,Kenny Perry,11,23,47.8
4,Ryuji Imada,10,31,32.3
4,Richard Johnson,10,25,40.0
4,Marc Turnesa,10,27,37.0
7,Ernie Els,9,30,30.0
7,Steve Lowery,9,26,34.6
7,Vijay Singh,9,22,40.9
10,Cameron Beckman,8,21,38.1
10,Brian Gay,8,24,33.3
10,Trevor Immelman,8,21,38.1
10,Zach Johnson,8,28,28.6
10,Anthony Kim,8,26,30.8
10,Parker McLachlin,8,24,33.3
10,Ryan Palmer,8,26,30.8
10,Carl Pettersson,8,23,34.8
18,J.B. Holmes,7,17,41.2
18,Chez Reavie,7,19,36.8
20,Stewart Cink,6,21,28.6
20,Davis Love III,6,21,28.6
20,Will MacKenzie,6,24,25.0
20,Geoff Ogilvy,6,30,20.0
20,Andres Romero,6,22,27.3
20,D.J. Trahan,6,18,33.3
26,Dustin Johnson,5,23,21.7
26,Greg Kraft,5,24,20.8
26,Justin Leonard,5,24,20.8
26,Camilo Villegas,5,26,19.2
26,Johnson Wagner,5,22,22.7
31,Sean O'Hair,4,24,16.7
31,Adam Scott,4,24,16.7
33,Boo Weekley,3,18,16.7
