rank,player,%,# of 1 putts,# of holes
1,Daniel Chopra,50.00,9,18
1,Camilo Villegas,50.00,9,18
3,Adam Scott,44.44,8,18
4,Ernie Els,38.89,7,18
4,Brian Gay,38.89,7,18
4,Ryuji Imada,38.89,7,18
4,Anthony Kim,38.89,7,18
4,D.J. Trahan,38.89,7,18
9,K.J. Choi,33.33,6,18
9,Dustin Johnson,33.33,6,18
9,Greg Kraft,33.33,6,18
9,Sean O'Hair,33.33,6,18
9,Geoff Ogilvy,33.33,6,18
9,Ryan Palmer,33.33,6,18
9,Kenny Perry,33.33,6,18
9,Chez Reavie,33.33,6,18
17,Stewart Cink,27.78,5,18
17,Richard Johnson,27.78,5,18
17,Davis Love III,27.78,5,18
17,Will MacKenzie,27.78,5,18
17,Marc Turnesa,27.78,5,18
22,Cameron Beckman,22.22,4,18
22,Justin Leonard,22.22,4,18
22,Parker McLachlin,22.22,4,18
22,Carl Pettersson,22.22,4,18
22,Andres Romero,22.22,4,18
22,Vijay Singh,22.22,4,18
28,J.B. Holmes,16.67,3,18
28,Zach Johnson,16.67,3,18
28,Steve Lowery,16.67,3,18
28,Johnson Wagner,16.67,3,18
28,Boo Weekley,16.67,3,18
33,Trevor Immelman,11.11,2,18
