rank,player,%,# of 1 putts,# of holes
1,Ernie Els,61.11,11,18
2,Will MacKenzie,55.56,10,18
3,Daniel Chopra,50.00,9,18
3,Adam Scott,50.00,9,18
5,J.B. Holmes,44.44,8,18
5,Ryuji Imada,44.44,8,18
5,Zach Johnson,44.44,8,18
5,Anthony Kim,44.44,8,18
5,Parker McLachlin,44.44,8,18
5,Sean O'Hair,44.44,8,18
5,Geoff Ogilvy,44.44,8,18
5,Ryan Palmer,44.44,8,18
5,Carl Pettersson,44.44,8,18
5,Vijay Singh,44.44,8,18
15,Cameron Beckman,38.89,7,18
15,Stewart Cink,38.89,7,18
15,Richard Johnson,38.89,7,18
15,Chez Reavie,38.89,7,18
15,Marc Turnesa,38.89,7,18
20,Trevor Immelman,33.33,6,18
20,Dustin Johnson,33.33,6,18
20,Justin Leonard,33.33,6,18
20,Steve Lowery,33.33,6,18
20,Kenny Perry,33.33,6,18
20,Andres Romero,33.33,6,18
20,Johnson Wagner,33.33,6,18
27,K.J. Choi,27.78,5,18
27,Boo Weekley,27.78,5,18
29,Brian Gay,22.22,4,18
29,Davis Love III,22.22,4,18
29,D.J. Trahan,22.22,4,18
29,Camilo Villegas,22.22,4,18
33,Greg Kraft,5.56,1,18
