rank,player,Total,Total (for all distances),Pct of all 1-putts
1,Brian Gay,3,24,12.5
2,Zach Johnson,2,28,7.1
2,Greg Kraft,2,24,8.3
2,Davis Love III,2,21,9.5
2,Will MacKenzie,2,24,8.3
2,Geoff Ogilvy,2,30,6.7
2,Johnson Wagner,2,22,9.1
2,Boo Weekley,2,18,11.1
9,Cameron Beckman,1,21,4.8
9,Daniel Chopra,1,30,3.3
9,Ryuji Imada,1,31,3.2
9,Trevor Immelman,1,21,4.8
9,Dustin Johnson,1,23,4.3
9,Richard Johnson,1,25,4.0
9,Anthony Kim,1,26,3.8
9,Steve Lowery,1,26,3.8
9,Parker McLachlin,1,24,4.2
9,Sean O'Hair,1,24,4.2
9,Ryan Palmer,1,26,3.8
9,Andres Romero,1,22,4.5
9,Vijay Singh,1,22,4.5
9,Marc Turnesa,1,27,3.7
9,Camilo Villegas,1,26,3.8
