rank,player,Total,Total (for all distances),Pct of all 1-putts
1,D.J. Trahan,3,18,16.7
2,Davis Love III,2,21,9.5
2,Geoff Ogilvy,2,30,6.7
4,Daniel Chopra,1,30,3.3
4,Stewart Cink,1,21,4.8
4,J.B. Holmes,1,17,5.9
4,Ryuji Imada,1,31,3.2
4,Trevor Immelman,1,21,4.8
4,Dustin Johnson,1,23,4.3
4,Zach Johnson,1,28,3.6
4,Anthony Kim,1,26,3.8
4,Greg Kraft,1,24,4.2
4,Steve Lowery,1,26,3.8
4,Will MacKenzie,1,24,4.2
4,Parker McLachlin,1,24,4.2
4,Ryan Palmer,1,26,3.8
4,Carl Pettersson,1,23,4.3
4,Chez Reavie,1,19,5.3
4,Adam Scott,1,24,4.2
4,Marc Turnesa,1,27,3.7
4,Camilo Villegas,1,26,3.8
4,Johnson Wagner,1,22,4.5
