rank,player,Total,Total (for all distances),Pct of all 1-putts
1,K.J. Choi,3,25,12.0
1,Ryuji Imada,3,31,9.7
1,Greg Kraft,3,24,12.5
1,Davis Love III,3,21,14.3
1,Steve Lowery,3,26,11.5
6,Daniel Chopra,2,30,6.7
6,Zach Johnson,2,28,7.1
6,Geoff Ogilvy,2,30,6.7
6,Chez Reavie,2,19,10.5
6,Camilo Villegas,2,26,7.7
6,Boo Weekley,2,18,11.1
12,Cameron Beckman,1,21,4.8
12,Stewart Cink,1,21,4.8
12,Trevor Immelman,1,21,4.8
12,Dustin Johnson,1,23,4.3
12,Richard Johnson,1,25,4.0
12,Anthony Kim,1,26,3.8
12,Justin Leonard,1,24,4.2
12,Will MacKenzie,1,24,4.2
12,Sean O'Hair,1,24,4.2
12,Kenny Perry,1,23,4.3
12,Carl Pettersson,1,23,4.3
12,Marc Turnesa,1,27,3.7
12,Johnson Wagner,1,22,4.5
