rank,player,Total,Total (for all distances),Pct of all 1-putts
1,Ernie Els,17,30,56.7
2,Geoff Ogilvy,16,30,53.3
3,Ryuji Imada,15,31,48.4
3,Adam Scott,15,24,62.5
5,Andres Romero,14,22,63.6
6,Daniel Chopra,13,30,43.3
6,Anthony Kim,13,26,50.0
6,Justin Leonard,13,24,54.2
9,Brian Gay,12,24,50.0
9,Dustin Johnson,12,23,52.2
9,Parker McLachlin,12,24,50.0
9,Sean O'Hair,12,24,50.0
13,Zach Johnson,11,28,39.3
13,Will MacKenzie,11,24,45.8
13,Ryan Palmer,11,26,42.3
16,Stewart Cink,10,21,47.6
16,Carl Pettersson,10,23,43.5
16,Vijay Singh,10,22,45.5
16,Camilo Villegas,10,26,38.5
16,Johnson Wagner,10,22,45.5
21,K.J. Choi,9,25,36.0
22,Cameron Beckman,8,21,38.1
22,Richard Johnson,8,25,32.0
22,Greg Kraft,8,24,33.3
22,Steve Lowery,8,26,30.8
22,D.J. Trahan,8,18,44.4
27,Boo Weekley,7,18,38.9
28,J.B. Holmes,6,17,35.3
28,Trevor Immelman,6,21,28.6
28,Kenny Perry,6,23,26.1
28,Chez Reavie,6,19,31.6
28,Marc Turnesa,6,27,22.2
33,Davis Love III,5,21,23.8
