rank,player,Distance,Year/Tourn#,Round,Hole
1,Stewart Cink,"62' 11""",Mercedes-Benz,2,1 - Par 4 -
2,Ryuji Imada,"59' 7""",Mercedes-Benz,3,17 - Par 4
3,D.J. Trahan,"51' 9""",Mercedes-Benz,4,13 - Par 4
4,Davis Love III,"45' 4""",Mercedes-Benz,2,15 - Par 5
5,Ryan Palmer,"42' 5""",Mercedes-Benz,3,15 - Par 5
6,Greg Kraft,"41' 10""",Mercedes-Benz,3,18 - Par 5
7,Chez Reavie,"38' 10""",Mercedes-Benz,4,8 - Par 3 -
8,Zach Johnson,"38' 9""",Mercedes-Benz,3,5 - Par 5 -
11,Dustin Johnson,"35' 7""",Mercedes-Benz,3,17 - Par 4
12,Steve Lowery,"33' 9""",Mercedes-Benz,1,7 - Par 4 -
14,Adam Scott,"32' 10""",Mercedes-Benz,2,18 - Par 5
15,Daniel Chopra,"32' 6""",Mercedes-Benz,2,1 - Par 4 -
16,Johnson Wagner,"32' 3""",Mercedes-Benz,4,12 - Par 4
17,Carl Pettersson,"32' 0""",Mercedes-Benz,3,9 - Par 5 -
18,Marc Turnesa,"29' 11""",Mercedes-Benz,3,13 - Par 4
19,Will MacKenzie,"29' 7""",Mercedes-Benz,1,6 - Par 4 -
20,Geoff Ogilvy,"28' 6""",Mercedes-Benz,1,2 - Par 3 -
21,Camilo Villegas,"28' 6""",Mercedes-Benz,4,12 - Par 4
22,Ernie Els,"27' 9""",Mercedes-Benz,3,10 - Par 4
23,J.B. Holmes,"27' 6""",Mercedes-Benz,3,7 - Par 4 -
24,Trevor Immelman,"27' 0""",Mercedes-Benz,4,8 - Par 3 -
25,Parker McLachlin,"26' 1""",Mercedes-Benz,2,12 - Par 4
27,Anthony Kim,"25' 4""",Mercedes-Benz,1,18 - Par 5
30,Brian Gay,"24' 1""",Mercedes-Benz,1,11 - Par 3
31,Cameron Beckman,"23' 9""",Mercedes-Benz,4,9 - Par 5 -
32,Boo Weekley,"23' 4""",Mercedes-Benz,3,2 - Par 3 -
37,Andres Romero,"22' 11""",Mercedes-Benz,2,13 - Par 4
39,Richard Johnson,"22' 6""",Mercedes-Benz,2,18 - Par 5
44,Vijay Singh,"22' 0""",Mercedes-Benz,1,13 - Par 4
58,Sean O'Hair,"20' 5""",Mercedes-Benz,4,11 - Par 3
61,K.J. Choi,"19' 2""",Mercedes-Benz,1,10 - Par 4
88,Justin Leonard,"16' 6""",Mercedes-Benz,3,7 - Par 4 -
101,Kenny Perry,"15' 2""",Mercedes-Benz,2,12 - Par 4
