rank,player,Avg dtp,Total Distance (Feet),Attempts
1,Lucas Glover,"4' 1""",32.583,8
1,Tyrrell Hatton,"4' 1""",44.583,11
3,Eric Cole,"4' 3""",55.333,13
4,Max Homa,"4' 5""",39.500,9
4,Chris Kirk,"4' 5""",49.000,11
6,Jordan Spieth,"4' 8""",46.333,10
7,Akshay Bhatia,"4' 9""",66.083,14
8,Corey Conners,"4' 11""",39.583,8
8,Scottie Scheffler,"4' 11""",29.417,6
10,Denny McCarthy,"5' 0""",39.833,8
11,Kurt Kitayama,"5' 4""",63.667,12
12,Viktor Hovland,"5' 6""",60.583,11
12,J.T. Poston,"5' 6""",49.583,9
14,Si Woo Kim,"5' 7""",78.417,14
15,Adam Hadwin,"5' 10""",41.083,7
15,Matt Wallace,"5' 10""",52.417,9
17,Collin Morikawa,"6' 1""",60.750,10
17,Justin Rose,"6' 1""",72.750,12
17,Adam Schenk,"6' 1""",48.750,8
17,Sahith Theegala,"6' 1""",48.333,8
21,Jason Day,"6' 2""",73.667,12
22,Byeong Hun An,"6' 3""",87.750,14
23,Xander Schauffele,"6' 4""",50.333,8
24,Harris English,"6' 5""",77.250,12
25,Brendon Todd,"6' 6""",84.833,13
26,Camilo Villegas,"6' 7""",98.833,15
27,Mackenzie Hughes,"6' 9""",74.500,11
28,Tom Kim,"7' 2""",71.667,10
28,Erik van Rooyen,"7' 2""",115.000,16
30,Sam Burns,"7' 5""",111.750,15
31,Patrick Rodgers,"7' 7""",60.750,8
32,Luke List,"7' 8""",130.417,17
32,Hideki Matsuyama,"7' 8""",115.583,15
34,Tommy Fleetwood,"7' 11""",102.500,13
35,Tom Hoge,"8' 1""",73.000,9
36,Nico Echavarria,"8' 3""",123.250,15
36,Davis Riley,"8' 3""",107.000,13
38,Wyndham Clark,"8' 4""",66.667,8
39,Tony Finau,"8' 9""",104.500,12
40,Patrick Cantlay,"8' 10""",70.417,8
40,Brian Harman,"8' 10""",115.250,13
42,Vincent Norrman,"9' 0""",135.583,15
43,Matt Fitzpatrick,"9' 1""",108.750,12
43,Rickie Fowler,"9' 1""",109.167,12
45,Ludvig Åberg,"9' 2""",110.083,12
45,Russell Henley,"9' 2""",137.083,15
47,Keegan Bradley,"9' 6""",104.333,11
47,Sepp Straka,"9' 6""",85.250,9
49,Andrew Putnam,"11' 0""",88.083,8
50,Emiliano Grillo,"11' 6""",161.250,14
51,Cameron Young,"11' 9""",141.083,12
52,Sungjae Im,"11' 11""",118.917,10
53,Taylor Moore,"12' 0""",143.500,12
54,Cam Davis,"12' 7""",138.750,11
55,Lee Hodges,"15' 5""",200.833,13
56,Nick Taylor,"15' 6""",155.000,10
57,Seamus Power,"16' 10""",184.833,11
58,Adam Svensson,"17' 10""",214.250,12
59,Nick Hardy,"26' 0""",155.917,6
