rank,player,Avg DTP,Total Distance (feet),# of Shots,Scrambling Rank
1,Tom Hoge,"1' 2""",1.167,1,53
2,Cameron Young,"2' 9""",19.250,7,39
3,Tyrrell Hatton,"3' 1""",18.250,6,20
4,Adam Schenk,"3' 5""",20.250,6,22
5,Tommy Fleetwood,"3' 8""",29.000,8,42
6,Luke List,"3' 9""",22.250,6,10
7,Byeong Hun An,"4' 1""",16.250,4,27
8,Rickie Fowler,"4' 3""",33.750,8,58
9,Tom Kim,"4' 6""",49.833,11,19
10,Jason Day,"4' 7""",45.750,10,12
10,Adam Hadwin,"4' 7""",41.000,9,34
12,Russell Henley,"4' 8""",27.750,6,41
13,Lucas Glover,"4' 9""",38.083,8,3
14,Mackenzie Hughes,"4' 10""",38.917,8,27
15,Cam Davis,"4' 11""",34.417,7,34
16,Corey Conners,"5' 0""",25.167,5,42
16,Max Homa,"5' 0""",39.667,8,7
16,Denny McCarthy,"5' 0""",35.167,7,32
16,J.T. Poston,"5' 0""",50.250,10,7
16,Scottie Scheffler,"5' 0""",35.000,7,22
21,Sam Burns,"5' 1""",45.417,9,15
21,Justin Rose,"5' 1""",50.417,10,17
21,Jordan Spieth,"5' 1""",20.333,4,6
24,Nico Echavarria,"5' 2""",36.250,7,26
25,Brian Harman,"5' 3""",63.000,12,22
25,Patrick Rodgers,"5' 3""",52.750,10,30
25,Brendon Todd,"5' 3""",31.333,6,30
28,Si Woo Kim,"5' 4""",48.167,9,9
29,Vincent Norrman,"5' 5""",32.667,6,47
30,Matt Fitzpatrick,"5' 6""",33.167,6,27
31,Eric Cole,"5' 7""",44.500,8,5
32,Sungjae Im,"5' 9""",40.500,7,58
33,Wyndham Clark,"5' 10""",41.083,7,42
33,Camilo Villegas,"5' 10""",46.833,8,21
35,Keegan Bradley,"6' 1""",24.167,4,56
36,Andrew Putnam,"6' 3""",18.750,3,57
37,Harris English,"6' 4""",44.083,7,32
37,Collin Morikawa,"6' 4""",70.000,11,2
37,Matt Wallace,"6' 4""",44.500,7,38
40,Viktor Hovland,"6' 5""",51.250,8,12
40,Hideki Matsuyama,"6' 5""",77.333,12,37
42,Chris Kirk,"6' 6""",65.250,10,1
42,Davis Riley,"6' 6""",77.500,12,51
44,Xander Schauffele,"6' 7""",52.667,8,4
45,Kurt Kitayama,"6' 11""",20.667,3,12
46,Tony Finau,"7' 3""",79.417,11,54
47,Patrick Cantlay,"7' 4""",51.583,7,22
48,Erik van Rooyen,"7' 5""",81.167,11,15
49,Sahith Theegala,"7' 7""",68.500,9,10
50,Ludvig Åberg,"8' 3""",57.500,7,48
51,Seamus Power,"8' 4""",25.083,3,52
52,Akshay Bhatia,"9' 0""",98.917,11,17
53,Emiliano Grillo,"9' 4""",74.333,8,34
54,Nick Taylor,"9' 6""",47.333,5,48
55,Adam Svensson,"9' 7""",76.750,8,48
56,Sepp Straka,"11' 8""",58.250,5,42
57,Taylor Moore,"12' 3""",97.667,8,46
58,Lee Hodges,"16' 3""",162.833,10,54
