rank,player,Avg DTP,Total Distance (feet),# of Shots,Scrambling Rank
1,Tyrrell Hatton,"4' 0""",.630,13,20
2,Viktor Hovland,"4' 3""",.713,14,12
3,Xander Schauffele,"4' 6""",.379,7,4
4,Eric Cole,"4' 7""",.665,12,5
5,Max Homa,"4' 8""",.393,7,7
5,Patrick Rodgers,"4' 8""",.613,11,30
7,Sam Burns,"4' 10""",.526,9,15
8,Tony Finau,"5' 0""",.837,14,54
9,Ludvig Åberg,"5' 2""",.615,10,48
10,Akshay Bhatia,"5' 6""",1.056,16,17
10,Jason Day,"5' 6""",.728,11,12
12,Luke List,"5' 7""",1.000,15,10
13,Chris Kirk,"5' 10""",.976,14,1
13,Collin Morikawa,"5' 10""",1.122,16,2
15,Rickie Fowler,"5' 11""",1.067,15,58
16,Brian Harman,"6' 0""",1.003,14,22
16,Erik van Rooyen,"6' 0""",1.370,19,15
18,Cameron Young,"6' 1""",.871,12,39
19,Tom Kim,"6' 3""",.603,8,19
20,J.T. Poston,"6' 5""",.772,10,7
20,Sahith Theegala,"6' 5""",1.079,14,10
22,Scottie Scheffler,"6' 8""",.721,9,22
23,Patrick Cantlay,"6' 10""",.574,7,22
23,Adam Schenk,"6' 10""",.819,10,22
25,Matt Fitzpatrick,"6' 11""",1.073,13,27
26,Seamus Power,"7' 0""",.757,9,52
26,Sepp Straka,"7' 0""",1.090,13,42
28,Byeong Hun An,"7' 1""",1.188,14,27
28,Sungjae Im,"7' 1""",.768,9,58
28,Denny McCarthy,"7' 1""",.930,11,32
31,Nico Echavarria,"7' 2""",.941,11,26
31,Lucas Glover,"7' 2""",1.283,15,3
33,Adam Svensson,"7' 10""",1.035,11,48
34,Si Woo Kim,"7' 11""",1.041,11,9
35,Russell Henley,"8' 2""",1.668,17,41
36,Tommy Fleetwood,"8' 3""",1.680,17,42
36,Matt Wallace,"8' 3""",1.291,13,38
38,Vincent Norrman,"8' 5""",1.217,12,47
39,Brendon Todd,"8' 6""",1.322,13,30
40,Hideki Matsuyama,"8' 7""",1.134,11,37
41,Corey Conners,"8' 11""",1.386,13,42
41,Kurt Kitayama,"8' 11""",.855,8,12
43,Cam Davis,"9' 0""",1.506,14,34
43,Davis Riley,"9' 0""",.863,8,51
45,Jordan Spieth,"9' 2""",1.317,12,6
46,Harris English,"9' 3""",1.777,16,32
47,Adam Hadwin,"9' 5""",1.466,13,34
48,Wyndham Clark,"9' 7""",.803,7,42
49,Tom Hoge,"9' 8""",.694,6,53
50,Taylor Moore,"9' 9""",1.757,15,46
51,Camilo Villegas,"10' 2""",1.586,13,21
52,Andrew Putnam,"10' 6""",1.897,15,57
53,Mackenzie Hughes,"10' 7""",1.652,13,27
54,Justin Rose,"11' 11""",1.576,11,17
55,Nick Taylor,"12' 0""",2.020,14,48
56,Keegan Bradley,"12' 3""",1.764,12,56
57,Lee Hodges,"12' 7""",2.110,14,54
58,Nick Hardy,"13' 3""",.793,5,39
59,Emiliano Grillo,"13' 9""",1.814,11,34
