rank,player,Avg DTP,Total Distance (feet),# of Shots,Scrambling Rank
1,Tony Finau,"4' 3""",8.500,2,54
2,Sungjae Im,"4' 5""",4.417,1,58
3,Erik van Rooyen,"4' 7""",13.833,3,15
4,Viktor Hovland,"4' 11""",14.833,3,12
5,Patrick Rodgers,"5' 11""",35.500,6,30
6,Hideki Matsuyama,"6' 8""",33.500,5,37
7,Max Homa,"6' 10""",34.000,5,7
8,Tyrrell Hatton,"7' 2""",50.417,7,20
9,Adam Svensson,"7' 5""",14.833,2,48
10,Adam Schenk,"7' 6""",29.833,4,22
11,Scottie Scheffler,"8' 0""",31.917,4,22
12,Jason Day,"8' 3""",58.000,7,12
12,Sahith Theegala,"8' 3""",49.417,6,10
14,Lucas Glover,"8' 10""",70.750,8,3
15,J.T. Poston,"9' 1""",36.417,4,7
16,Brian Harman,"9' 3""",27.833,3,22
17,Collin Morikawa,"9' 5""",37.750,4,2
18,Xander Schauffele,"9' 7""",48.083,5,4
19,Luke List,"9' 10""",39.333,4,10
20,Chris Kirk,"10' 1""",30.250,3,1
21,Russell Henley,"10' 6""",94.583,9,41
22,Vincent Norrman,"11' 0""",110.250,10,47
23,Nico Echavarria,"11' 2""",111.833,10,26
23,Nick Hardy,"11' 2""",44.667,4,39
25,Wyndham Clark,"11' 4""",56.583,5,42
26,Adam Hadwin,"11' 8""",81.750,7,34
26,Sepp Straka,"11' 8""",70.000,6,42
28,Ludvig Åberg,"11' 10""",59.250,5,48
29,Byeong Hun An,"12' 0""",59.917,5,27
30,Andrew Putnam,"12' 2""",133.667,11,57
31,Corey Conners,"12' 6""",87.667,7,42
32,Rickie Fowler,"12' 8""",63.333,5,58
32,Denny McCarthy,"12' 8""",63.417,5,32
34,Seamus Power,"12' 9""",63.667,5,52
35,Akshay Bhatia,"12' 11""",64.500,5,17
35,Tom Hoge,"12' 11""",38.667,3,53
37,Justin Rose,"13' 1""",117.917,9,17
38,Nick Taylor,"13' 3""",119.083,9,48
39,Brendon Todd,"13' 5""",67.000,5,30
40,Matt Fitzpatrick,"13' 7""",81.667,6,27
41,Matt Wallace,"13' 9""",82.500,6,38
42,Emiliano Grillo,"13' 11""",83.667,6,34
43,Camilo Villegas,"14' 4""",114.417,8,21
44,Patrick Cantlay,"15' 10""",94.833,6,22
44,Tom Kim,"15' 10""",79.000,5,19
46,Si Woo Kim,"16' 8""",50.083,3,9
47,Keegan Bradley,"16' 10""",134.750,8,56
47,Cam Davis,"16' 10""",101.000,6,34
49,Taylor Moore,"18' 8""",130.417,7,46
50,Mackenzie Hughes,"20' 0""",60.000,3,27
51,Harris English,"20' 1""",60.250,3,32
52,Davis Riley,"20' 2""",101.000,5,51
53,Cameron Young,"20' 9""",124.333,6,39
54,Jordan Spieth,"21' 3""",85.083,4,6
55,Tommy Fleetwood,"25' 2""",176.333,7,42
56,Lee Hodges,"25' 3""",100.917,4,54
57,Sam Burns,"28' 0""",84.083,3,15
58,Kurt Kitayama,"30' 0""",30.000,1,12
