rank,player,Avg DTP,Total Distance (feet),# of Shots,Scrambling Rank
1,Tyrrell Hatton,"8""",.667,1,20
1,Brendon Todd,"8""",1.333,2,30
3,Adam Schenk,"1' 8""",1.667,1,22
4,Collin Morikawa,"2' 7""",5.167,2,2
5,Matt Fitzpatrick,"3' 0""",8.917,3,27
6,Emiliano Grillo,"3' 6""",3.500,1,34
7,J.T. Poston,"3' 11""",7.833,2,7
8,Andrew Putnam,"4' 0""",8.000,2,57
9,Tom Hoge,"4' 1""",4.083,1,53
10,Si Woo Kim,"4' 8""",23.417,5,9
10,Justin Rose,"4' 8""",13.917,3,17
12,Tony Finau,"4' 10""",4.833,1,54
13,Eric Cole,"4' 11""",9.750,2,5
14,Scottie Scheffler,"5' 0""",15.083,3,22
15,Max Homa,"5' 2""",25.667,5,7
16,Corey Conners,"5' 7""",11.167,2,42
16,Tommy Fleetwood,"5' 7""",28.000,5,42
18,Adam Svensson,"5' 11""",5.917,1,48
19,Patrick Cantlay,"6' 0""",24.083,4,22
20,Rickie Fowler,"6' 3""",12.500,2,58
21,Lucas Glover,"6' 5""",6.417,1,3
22,Jason Day,"6' 8""",6.667,1,12
22,Davis Riley,"6' 8""",20.083,3,51
22,Sahith Theegala,"6' 8""",13.333,2,10
25,Russell Henley,"7' 1""",7.083,1,41
26,Viktor Hovland,"7' 5""",22.250,3,12
26,Nick Taylor,"7' 5""",7.417,1,48
28,Tom Kim,"7' 6""",22.500,3,19
29,Harris English,"7' 10""",7.833,1,32
29,Patrick Rodgers,"7' 10""",31.250,4,30
31,Brian Harman,"8' 0""",16.000,2,22
32,Mackenzie Hughes,"8' 2""",24.583,3,27
33,Jordan Spieth,"8' 3""",24.833,3,6
34,Wyndham Clark,"8' 8""",52.167,6,42
34,Cameron Young,"8' 8""",8.667,1,39
36,Sungjae Im,"9' 0""",35.833,4,58
36,Hideki Matsuyama,"9' 0""",35.917,4,37
38,Luke List,"9' 7""",19.167,2,10
39,Camilo Villegas,"9' 10""",29.500,3,21
40,Matt Wallace,"10' 0""",50.000,5,38
41,Denny McCarthy,"10' 1""",30.333,3,32
42,Xander Schauffele,"12' 1""",60.250,5,4
43,Ludvig Åberg,"12' 2""",72.750,6,48
44,Adam Hadwin,"12' 4""",37.000,3,34
45,Nico Echavarria,"13' 2""",92.333,7,26
46,Cam Davis,"13' 6""",13.500,1,34
47,Sam Burns,"14' 8""",44.083,3,15
48,Vincent Norrman,"15' 0""",30.000,2,47
49,Seamus Power,"15' 4""",76.833,5,52
50,Akshay Bhatia,"16' 10""",67.417,4,17
51,Kurt Kitayama,"17' 3""",51.833,3,12
52,Keegan Bradley,"17' 4""",34.583,2,56
53,Taylor Moore,"22' 6""",90.000,4,46
54,Lee Hodges,"37' 10""",75.583,2,54
