rank,player,Avg,Total Distance (feet),# of Attempts,Relative to par
1,Briny Baird,"3' 2""",3.167,1,-2
2,Arjun Atwal,"4' 10""",4.833,1,-2
3,John Huston,"4' 11""",4.917,1,-2
4,Brian Gay,"5' 11""",5.917,1,-1
5,Ernie Els,"11' 9""",11.750,1,-1
6,Mark Hensby,"13' 6""",13.500,1,-1
7,Shaun Micheel,"15' 3""",15.250,1,-1
8,Tjaart van der Walt,"15' 4""",15.333,1,-1
9,Kenichi Kuboya,"15' 6""",15.500,1,-1
10,Olin Browne,"15' 11""",15.917,1,-1
11,Steve Allan,"17' 7""",17.583,1,-1
12,Tim Herron,"20' 1""",40.083,2,-3
13,Woody Austin,"23' 2""",46.250,2,-2
13,Ted Purdy,"23' 2""",46.250,2,-1
15,Ben Crane,"24' 7""",24.583,1,-1
16,Bart Bryant,"24' 9""",24.750,1,-1
17,Paul Azinger,"26' 8""",53.250,2,-1
18,Bob Burns,"26' 9""",53.417,2,E
19,Kevin Na,"27' 3""",27.250,1,-1
20,Omar Uresti,"29' 8""",59.250,2,-1
21,Jonathan Kaye,"30' 6""",30.500,1,-1
22,Ryan Palmer,"31' 9""",31.750,1,-1
23,Craig Barlow,"31' 10""",31.833,1,-1
24,Jerry Kelly,"32' 11""",65.833,2,-2
25,Hidemichi Tanaka,"33' 1""",33.083,1,-1
26,Harrison Frazar,"33' 9""",33.750,1,-1
27,Russ Cochran,"34' 8""",34.667,1,E
27,Bobby Kalinowski,"34' 8""",34.667,1,E
29,Brad Lardon,"38' 10""",38.833,1,+1
30,Charles Howell III,"39' 6""",39.500,1,-1
31,Michael Allen,"40' 7""",40.583,1,-1
32,Fred Funk,"43' 8""",87.250,2,-1
33,Joe Ogilvie,"45' 4""",45.333,1,-1
33,Scott Simpson,"45' 4""",90.583,2,-1
35,Lucas Glover,"50' 7""",50.583,1,-1
36,Pat Bates,"52' 6""",52.500,1,-1
37,Shigeki Maruyama,"53' 9""",107.500,2,-2
38,Luke Donald,"55' 5""",110.833,2,+1
39,Corey Pavin,"58' 4""",116.667,2,-1
40,Jason Bohn,"58' 7""",58.583,1,E
41,Tommy Armour III,"60' 5""",120.833,2,-1
42,Robert Gamez,"64' 3""",128.500,2,-2
43,Pat Perez,"66' 3""",66.250,1,-1
44,Heath Slocum,"67' 4""",201.917,3,-2
45,Craig Bowden,"69' 5""",69.417,1,E
46,Jonathan Byrd,"70' 1""",70.083,1,E
47,Peter Jacobsen,"73' 6""",73.500,1,-1
48,Richard Johnson,"77' 8""",155.333,2,E
49,Bo Van Pelt,"80' 2""",80.167,1,E
50,Aaron Baddeley,"81' 3""",81.250,1,-1
51,Vijay Singh,"83' 6""",83.500,1,E
52,John Maginnes,"86' 10""",173.667,2,-1
53,Cameron Beckman,"90' 8""",90.667,1,+1
54,Andre Stolz,"90' 10""",90.833,1,E
55,Rod Pampling,"100' 4""",100.333,1,E
56,Jesper Parnevik,"103' 3""",103.250,1,E
57,Loren Roberts,"108' 6""",108.500,1,-1
