rank,player,Avg,Total Distance (feet),# of Attempts,Relative to par
1,Luke Donald,"17' 8""",17.667,1,-1
2,Lucas Glover,"21' 6""",21.500,1,-1
3,Hidemichi Tanaka,"24' 10""",24.833,1,-1
4,Briny Baird,"29' 3""",87.833,3,-2
5,Harrison Frazar,"30' 1""",60.167,2,-2
6,Brent Geiberger,"30' 4""",30.333,1,-2
7,Jerry Kelly,"35' 8""",35.667,1,-1
8,Craig Bowden,"36' 0""",72.000,2,-2
9,Tom Carter,"37' 1""",74.083,2,-1
10,Retief Goosen,"39' 4""",39.333,1,-1
11,Kevin Na,"39' 8""",79.250,2,-2
12,Brad Lardon,"40' 8""",40.667,1,-1
13,Danny Briggs,"41' 1""",41.083,1,-1
14,Kenichi Kuboya,"42' 9""",42.750,1,-1
15,Jesper Parnevik,"44' 8""",89.250,2,-1
16,Jeff Brehaut,"45' 8""",45.667,1,-1
17,Brian Gay,"47' 8""",47.667,1,E
18,Carlos Franco,"50' 6""",50.500,1,-1
19,Todd Fischer,"51' 4""",102.667,2,-2
20,Loren Roberts,"57' 5""",57.417,1,E
21,Paul Azinger,"58' 0""",116.000,2,-1
22,Joe Durant,"59' 7""",119.167,2,-1
23,Omar Uresti,"64' 6""",64.500,1,-1
24,Shaun Micheel,"67' 11""",135.833,2,-1
25,Corey Pavin,"69' 10""",139.667,2,-3
26,Richard Johnson,"70' 0""",139.917,2,-1
27,Hideto Tanihara,"70' 7""",70.583,1,-1
28,Craig Barlow,"70' 11""",141.833,2,-2
29,Fred Funk,"73' 0""",146.000,2,-1
30,John Riegger,"78' 4""",78.333,1,-1
31,David Ishii,"79' 4""",79.333,1,-1
32,John Maginnes,"81' 7""",244.833,3,-2
33,Arjun Atwal,"84' 4""",84.333,1,E
33,Tom Lehman,"84' 4""",168.667,2,-2
35,Heath Slocum,"85' 10""",85.833,1,E
36,Russ Cochran,"86' 8""",173.250,2,-1
37,Stephen Ames,"93' 1""",93.083,1,E
37,D.J. Brigman,"93' 1""",93.083,1,-1
39,Bob Burns,"101' 4""",101.333,1,-1
40,Scott Simpson,"102' 4""",204.667,2,-1
41,Olin Browne,"103' 4""",103.333,1,E
42,Joe Ogilvie,"103' 9""",103.750,1,E
43,Charles Howell III,"111' 5""",111.417,1,-1
