rank,player,Avg,Total Distance (feet),# of Attempts,Relative to par
1,Lucas Glover,"10""",.833,1,E
2,Tommy Armour III,"1' 6""",1.500,1,-1
3,Jonathan Kaye,"1' 9""",1.750,1,-1
4,Chris Riley,"3' 4""",3.333,1,-1
5,Jerry Kelly,"3' 6""",3.500,1,-1
6,Robert Gamez,"5' 0""",5.000,1,-1
7,Loren Roberts,"5' 3""",15.833,3,-2
8,Carlos Franco,"5' 5""",5.417,1,-1
9,Hidemichi Tanaka,"6' 0""",18.083,3,-1
10,Olin Browne,"6' 5""",19.333,3,-1
11,Kevin Na,"6' 6""",6.500,1,E
12,Ken Duke,"6' 8""",13.333,2,-2
12,Bobby Kalinowski,"6' 8""",6.667,1,-1
14,Ben Crane,"7' 1""",14.167,2,-1
15,John Huston,"7' 11""",7.917,1,E
15,Rod Pampling,"7' 11""",7.917,1,E
17,Russ Cochran,"8' 2""",24.417,3,E
18,Hideto Tanihara,"8' 4""",16.667,2,E
19,Aaron Baddeley,"8' 5""",8.417,1,E
20,Briny Baird,"8' 7""",8.583,1,E
20,Kenichi Kuboya,"8' 7""",17.083,2,-1
22,Pat Bates,"9' 8""",9.667,1,E
22,Brian Gay,"9' 8""",19.333,2,E
24,Jesper Parnevik,"9' 11""",19.750,2,+1
25,Mark Hensby,"10' 1""",20.167,2,E
26,Craig Barlow,"10' 2""",30.417,3,-1
27,Ernie Els,"10' 6""",10.500,1,-1
28,Ted Purdy,"10' 7""",21.083,2,-1
29,Joe Durant,"10' 11""",21.833,2,-1
30,Tom Lehman,"11' 5""",34.167,3,E
30,Scott Simpson,"11' 5""",34.250,3,-1
32,Peter Jacobsen,"11' 8""",34.917,3,-1
32,Duffy Waldorf,"11' 8""",35.000,3,-2
34,Bob Burns,"12' 0""",36.000,3,-3
35,Danny Briggs,"12' 4""",49.333,4,+2
36,Bo Van Pelt,"12' 8""",50.667,4,+1
37,Fred Funk,"12' 10""",38.583,3,-1
38,Tom Carter,"13' 4""",13.333,1,E
39,Heath Slocum,"15' 0""",30.000,2,+1
40,Woody Austin,"15' 6""",15.500,1,E
41,Todd Fischer,"15' 8""",62.500,4,+1
41,David Ishii,"15' 8""",15.667,1,E
43,Charles Howell III,"15' 10""",31.583,2,-1
44,Jeff Brehaut,"16' 1""",64.167,4,-1
45,Stephen Ames,"16' 7""",33.083,2,E
46,Pat Perez,"16' 8""",33.333,2,-1
47,John Senden,"17' 1""",34.083,2,-1
48,Jason Bohn,"17' 11""",17.917,1,E
49,Brenden Pappas,"18' 0""",18.000,1,-1
50,Omar Uresti,"18' 2""",18.167,1,+1
51,Paul Azinger,"18' 5""",36.750,2,-1
52,Tim Herron,"19' 11""",79.667,4,+2
53,Corey Pavin,"20' 5""",20.417,1,-1
54,Richard Johnson,"22' 2""",22.167,1,E
55,Vijay Singh,"24' 8""",24.667,1,-1
56,Joe Ogilvie,"26' 3""",26.250,1,E
57,Harrison Frazar,"27' 1""",54.083,2,E
57,Brad Lardon,"27' 1""",54.083,2,-1
59,Arjun Atwal,"27' 2""",27.167,1,E
60,D.J. Brigman,"27' 9""",55.500,2,+1
60,Luke Donald,"27' 9""",27.750,1,E
62,John Riegger,"30' 7""",30.583,1,E
63,Craig Bowden,"35' 7""",35.583,1,-1
64,Bart Bryant,"35' 8""",35.667,1,+1
65,Cameron Beckman,"41' 11""",41.917,1,E
