rank,player,Avg,Total Distance (feet),# of Attempts,Relative to par
1,Harrison Frazar,"2' 6""",2.500,1,+1
2,Tom Carter,"5' 9""",11.417,2,-1
3,Richard Johnson,"6' 2""",12.333,2,-2
4,Vijay Singh,"7' 0""",13.917,2,-1
5,Peter Jacobsen,"7' 3""",7.250,1,E
6,Robert Gamez,"7' 4""",14.667,2,+1
7,Olin Browne,"7' 8""",7.667,1,E
8,Scott Simpson,"7' 10""",7.833,1,+1
9,Shaun Micheel,"8' 5""",8.417,1,-1
10,Retief Goosen,"8' 7""",34.333,4,E
11,Todd Fischer,"8' 8""",8.667,1,+1
12,Michael Allen,"9' 7""",28.833,3,-1
13,Bart Bryant,"9' 10""",19.583,2,+1
14,Brian Gay,"10' 7""",42.250,4,+1
15,Hideto Tanihara,"10' 10""",32.583,3,E
16,Ryan Palmer,"11' 0""",32.917,3,+1
17,Andre Stolz,"11' 1""",33.250,3,-1
18,Ben Crane,"11' 5""",11.417,1,-1
19,Briny Baird,"11' 9""",35.250,3,-1
20,Frank Lickliter II,"11' 10""",35.583,3,-1
21,John Huston,"12' 0""",12.000,1,-1
22,Tim Herron,"12' 6""",12.500,1,+1
23,Bob Burns,"12' 10""",12.833,1,E
23,Corey Pavin,"12' 10""",25.667,2,-1
25,Joe Ogilvie,"13' 3""",26.500,2,E
26,Ted Purdy,"13' 7""",40.833,3,E
27,Jonathan Byrd,"13' 11""",27.833,2,E
28,Jason Dufner,"14' 3""",71.417,5,-1
28,Jesper Parnevik,"14' 3""",14.250,1,+1
30,Cameron Beckman,"14' 7""",29.167,2,+1
31,Shigeki Maruyama,"14' 10""",14.833,1,E
32,Woody Austin,"14' 11""",44.750,3,E
33,Omar Uresti,"15' 0""",29.917,2,+1
34,Jonathan Kaye,"15' 6""",61.833,4,E
35,Danny Briggs,"15' 9""",31.417,2,E
36,Kenichi Kuboya,"16' 0""",48.000,3,-1
37,Tom Lehman,"16' 1""",32.083,2,+1
38,Stephen Ames,"16' 4""",16.333,1,E
39,Pat Bates,"16' 6""",65.833,4,-1
39,Kevin Na,"16' 6""",32.917,2,E
41,Chris Riley,"16' 9""",50.333,3,+1
42,Fred Funk,"16' 10""",33.667,2,E
43,Tommy Armour III,"17' 0""",67.917,4,E
44,Ernie Els,"17' 4""",17.333,1,E
45,Lucas Glover,"18' 3""",36.417,2,-1
46,Rod Pampling,"18' 9""",56.167,3,+1
47,David Ishii,"19' 0""",19.000,1,E
47,Bo Van Pelt,"19' 0""",56.917,3,+1
49,Joe Durant,"20' 3""",20.250,1,E
50,John Riegger,"21' 0""",21.000,1,-1
51,Brad Lardon,"21' 1""",42.167,2,+3
52,Duffy Waldorf,"21' 3""",63.667,3,E
53,Russ Cochran,"22' 8""",158.583,7,+2
54,Charles Howell III,"23' 9""",23.750,1,E
55,John Maginnes,"24' 6""",97.833,4,E
56,Craig Barlow,"25' 5""",101.583,4,E
57,Heath Slocum,"29' 5""",58.750,2,E
58,Craig Bowden,"29' 6""",59.000,2,+1
59,Brent Geiberger,"32' 6""",32.500,1,E
60,Tjaart van der Walt,"32' 7""",32.583,1,+1
61,Jerry Kelly,"34' 6""",34.500,1,+1
62,Hidemichi Tanaka,"36' 7""",36.583,1,+1
63,Ken Duke,"38' 0""",38.000,1,+2
64,Arjun Atwal,"43' 5""",43.417,1,E
65,Brenden Pappas,"49' 3""",49.250,1,+1
66,Bobby Kalinowski,"64' 1""",64.083,1,+1
