rank,player,Avg,Total Distance (feet),# of Attempts,GIR Rank
1,Joe Durant,"27' 1""","1,947.417",72,Under
2,Ted Purdy,"28' 0""","2,015.417",72,Under
3,Ernie Els,"28' 6""","2,053.833",72,Under
4,Fred Funk,"28' 11""","2,055.000",71,Under
4,Omar Uresti,"28' 11""","2,081.917",72,Under
6,John Huston,"29' 0""","2,090.583",72,Under
7,Tim Herron,"29' 2""","2,101.917",72,Under
8,Stephen Ames,"29' 8""","2,134.000",72,Under
9,Chris Riley,"29' 9""","2,140.583",72,Under
10,Kevin Na,"29' 11""","2,155.833",72,Under
11,Harrison Frazar,"30' 0""","2,158.000",72,Under
12,Brian Gay,"30' 1""","2,167.833",72,Under
13,Jonathan Kaye,"30' 3""","2,178.667",72,Under
14,Bob Burns,"30' 5""","2,187.000",72,Under
14,Hidemichi Tanaka,"30' 5""","2,187.833",72,Even
16,Todd Fischer,"30' 6""","2,194.500",72,Even
16,Jerry Kelly,"30' 6""","2,198.000",72,Under
18,Tommy Armour III,"30' 8""","2,205.167",72,Under
19,Ken Duke,"30' 10""","2,186.333",71,Under
20,Carlos Franco,"31' 4""","2,258.667",72,Under
21,Craig Barlow,"31' 9""","2,288.750",72,Under
22,John Riegger,"31' 10""","2,289.000",72,Under
23,Danny Briggs,"31' 11""","2,298.250",72,Under
24,Frank Lickliter II,"32' 1""","2,312.583",72,Under
24,Davis Love III,"32' 1""","2,310.250",72,Under
26,Retief Goosen,"32' 4""","2,329.000",72,Under
27,Olin Browne,"32' 7""","2,343.833",72,Under
28,Russ Cochran,"32' 9""","2,360.833",72,Under
28,Rod Pampling,"32' 9""","2,357.917",72,Under
30,Bo Van Pelt,"33' 0""","2,378.167",72,Under
31,Pat Bates,"33' 1""","2,384.417",72,Under
31,Heath Slocum,"33' 1""","2,381.333",72,Over
33,Paul Azinger,"33' 3""","2,391.000",72,Under
33,Andre Stolz,"33' 3""","2,393.750",72,Under
35,Craig Bowden,"33' 7""","2,415.333",72,Under
35,Kenichi Kuboya,"33' 7""","2,416.500",72,Under
37,Ben Crane,"33' 9""","2,428.583",72,Under
38,Bart Bryant,"33' 11""","2,440.500",72,Under
39,John Maginnes,"34' 1""","2,454.500",72,Under
40,Charles Howell III,"34' 2""","2,457.917",72,Under
41,Vijay Singh,"34' 5""","2,476.833",72,Under
42,Mark Hensby,"34' 7""","2,487.250",72,Under
43,Woody Austin,"34' 8""","2,495.417",72,Even
44,Michael Allen,"34' 9""","2,500.250",72,Under
44,Robert Gamez,"34' 9""","2,501.417",72,Under
46,Hideto Tanihara,"34' 11""","2,511.333",72,Under
47,Briny Baird,"35' 0""","2,522.667",72,Under
47,David Ishii,"35' 0""","2,521.333",72,Under
49,Arjun Atwal,"35' 2""","2,534.167",72,Even
49,Luke Donald,"35' 2""","2,532.750",72,Under
51,Brad Lardon,"35' 4""","2,544.250",72,Even
52,Jeff Brehaut,"35' 9""","2,571.417",72,Over
53,Tjaart van der Walt,"35' 10""","2,582.583",72,Under
54,Lucas Glover,"35' 11""","2,587.417",72,Even
55,Scott Simpson,"36' 0""","2,592.500",72,Under
56,Cameron Beckman,"36' 5""","2,621.167",72,Under
56,Tom Lehman,"36' 5""","2,624.250",72,Under
56,Ryan Palmer,"36' 5""","2,619.083",72,Even
59,Pat Perez,"36' 6""","2,630.500",72,Under
60,Jesper Parnevik,"36' 7""","2,634.250",72,Under
61,Jonathan Byrd,"36' 9""","2,645.667",72,Under
62,D.J. Brigman,"36' 11""","2,657.500",72,Under
63,Joe Ogilvie,"37' 1""","2,671.750",72,Even
64,Duffy Waldorf,"37' 3""","2,684.083",72,Under
65,Brent Geiberger,"37' 7""","2,705.333",72,Under
66,Jason Dufner,"37' 9""","2,718.000",72,Under
67,Steve Allan,"38' 0""","2,734.917",72,Under
68,Peter Jacobsen,"38' 1""","2,744.333",72,Under
69,Brenden Pappas,"38' 4""","2,758.250",72,Under
70,Corey Pavin,"38' 5""","2,763.000",72,Under
71,Shaun Micheel,"38' 7""","2,778.583",72,Under
72,Shigeki Maruyama,"38' 11""","2,803.250",72,Under
73,Jason Bohn,"39' 1""","2,811.333",72,Even
74,Bobby Kalinowski,"39' 4""","2,832.417",72,Even
75,Aaron Baddeley,"39' 7""","2,851.750",72,Under
76,John Senden,"40' 5""","2,911.417",72,Even
77,Tom Carter,"42' 3""","3,001.250",71,Over
78,Loren Roberts,"43' 8""","3,141.833",72,Over
79,Richard Johnson,"44' 6""","3,204.833",72,Even
