rank,player,Avg RTP,Total Holes,Total RTP
1,Keegan Bradley,E,1,E
1,Chris Kirk,E,2,E
1,Martin Laird,E,1,E
1,Steve Stricker,E,7,E
1,Jhonattan Vegas,E,6,E
6,Nick Watney,+.250,4,+1.00
7,Ben Crane,+.333,3,+1.00
7,Scott Stallings,+.333,3,+1.00
7,Gary Woodland,+.333,3,+1.00
10,K.J. Choi,+.400,5,+2.00
10,Kevin Na,+.400,5,+2.00
12,Aaron Baddeley,+.500,2,+1.00
12,Michael Bradley,+.500,6,+3.00
12,Jonathan Byrd,+.500,2,+1.00
12,Scott Piercy,+.500,2,+1.00
12,Brendan Steele,+.500,2,+1.00
12,Johnson Wagner,+.500,6,+3.00
12,Mark Wilson,+.500,6,+3.00
19,David Toms,+.600,5,+3.00
20,Sean O'Hair,+.667,3,+2.00
20,D.A. Points,+.667,3,+2.00
20,Bubba Watson,+.667,3,+2.00
23,Rory Sabbatini,+.750,4,+3.00
24,Bill Haas,+1.000,1,+1.00
24,Webb Simpson,+1.000,2,+2.00
