rank,player,Avg RTP,Total Holes,Total RTP
1,Jonathan Byrd,E,2,E
2,Bryce Molder,+.333,6,+2.00
3,Johnson Wagner,+.400,5,+2.00
4,K.J. Choi,+.500,2,+1.00
4,Harrison Frazar,+.500,2,+1.00
4,Bill Haas,+.500,2,+1.00
4,Scott Piercy,+.500,2,+1.00
4,Rory Sabbatini,+.500,4,+2.00
4,Webb Simpson,+.500,2,+1.00
4,Mark Wilson,+.500,4,+2.00
11,Kevin Na,+.667,3,+2.00
12,Brendan Steele,+.714,7,+5.00
13,Aaron Baddeley,+.750,4,+3.00
14,Sean O'Hair,+.800,5,+4.00
15,Keegan Bradley,+1.000,2,+2.00
15,Michael Bradley,+1.000,2,+2.00
15,Chris Kirk,+1.000,1,+1.00
15,Martin Laird,+1.000,3,+3.00
15,David Toms,+1.000,4,+4.00
15,Nick Watney,+1.000,3,+3.00
21,Ben Crane,+1.200,5,+6.00
21,Jhonattan Vegas,+1.200,5,+6.00
23,Bubba Watson,+1.333,3,+4.00
24,Gary Woodland,+1.429,7,+10.00
25,D.A. Points,+1.500,2,+3.00
26,Scott Stallings,+2.000,1,+2.00
