rank,player,Avg RTP,Total Holes,Total RTP
1,Sean O'Hair,-.500,2,-1.00
2,Keegan Bradley,E,5,E
2,Kevin Na,E,5,E
2,D.A. Points,E,2,E
2,Rory Sabbatini,E,2,E
2,Webb Simpson,E,2,E
2,Nick Watney,E,3,E
8,Chris Kirk,+.143,7,+1.00
9,Michael Bradley,+.333,3,+1.00
9,K.J. Choi,+.333,6,+2.00
9,Bryce Molder,+.333,3,+1.00
9,Steve Stricker,+.333,3,+1.00
13,Ben Crane,+.400,5,+2.00
14,Scott Piercy,+.500,4,+2.00
14,David Toms,+.500,6,+3.00
14,Johnson Wagner,+.500,2,+1.00
17,Aaron Baddeley,+.545,11,+6.00
18,Harrison Frazar,+.571,7,+4.00
19,Bill Haas,+.600,5,+3.00
19,Martin Laird,+.600,5,+3.00
21,Brendan Steele,+.667,6,+4.00
21,Gary Woodland,+.667,3,+2.00
23,Jonathan Byrd,+.750,4,+3.00
23,Jhonattan Vegas,+.750,4,+3.00
25,Scott Stallings,+.833,6,+5.00
26,Bubba Watson,+1.000,4,+4.00
