rank,player,Avg,# of Birdies,Total Rounds
1,Justin Thomas,6.25,25,4
1,Gary Woodland,6.25,25,4
3,Xander Schauffele,6.00,24,4
4,Jason Day,5.75,23,4
4,Dustin Johnson,5.75,23,4
6,Cameron Champ,5.50,22,4
7,Marc Leishman,5.25,21,4
8,Paul Casey,5.00,20,4
8,Bryson DeChambeau,5.00,20,4
8,Ian Poulter,5.00,20,4
11,Andrew Landry,4.75,19,4
11,Andrew Putnam,4.75,19,4
11,Jon Rahm,4.75,19,4
14,Rory McIlroy,4.50,18,4
14,Aaron Wise,4.50,18,4
16,Charles Howell III,4.25,17,4
16,Brooks Koepka,4.25,17,4
16,Scott Piercy,4.25,17,4
16,Kevin Tway,4.25,17,4
20,Michael Kim,4.00,16,4
20,Patton Kizzire,4.00,16,4
20,Troy Merritt,4.00,16,4
20,Bubba Watson,4.00,16,4
24,Matt Kuchar,3.75,15,4
24,Patrick Reed,3.75,15,4
24,Webb Simpson,3.75,15,4
27,Brice Garnett,3.50,14,4
27,Francesco Molinari,3.50,14,4
27,"Ted Potter, Jr.",3.50,14,4
30,Brandt Snedeker,3.25,13,4
31,Satoshi Kodaira,3.00,12,4
32,Billy Horschel,2.75,11,4
33,Keegan Bradley,2.50,10,4
