rank,player,%,Successes,Attempts
1,Stephen Ames,100.00,1,1
1,Woody Austin,100.00,3,3
1,Jonathan Byrd,100.00,2,2
1,Charley Hoffman,100.00,1,1
1,Hunter Mahan,100.00,3,3
6,K.J. Choi,66.67,2,3
6,Steve Flesch,66.67,2,3
6,Paul Goydos,66.67,4,6
6,Justin Leonard,66.67,2,3
6,Henrik Stenson,66.67,4,6
6,Mike Weir,66.67,2,3
12,Boo Weekley,60.00,3,5
13,Aaron Baddeley,50.00,2,4
13,Brian Bateman,50.00,2,4
13,Chad Campbell,50.00,1,2
13,Nick Watney,50.00,1,2
17,Zach Johnson,33.33,1,3
17,Joe Ogilvie,33.33,1,3
19,Charles Howell III,20.00,1,5
20,Mark Calcavecchia,.00,0,1
20,Daniel Chopra,.00,0,1
20,Fred Funk,.00,0,2
20,George McNeill,.00,0,1
20,Rory Sabbatini,.00,0,2
20,Brandt Snedeker,.00,0,1
20,Steve Stricker,.00,0,1
20,Scott Verplank,.00,0,1
20,Mark Wilson,.00,0,3
