rank,player,%,Successes,Attempts
1,Daniel Chopra,100.00,2,2
1,Fred Funk,100.00,2,2
1,Jim Furyk,100.00,6,6
1,Charles Howell III,100.00,4,4
1,Justin Leonard,100.00,5,5
1,Steve Stricker,100.00,4,4
1,Nick Watney,100.00,2,2
8,Stephen Ames,83.33,5,6
8,Ángel Cabrera,83.33,5,6
8,Vijay Singh,83.33,5,6
11,Woody Austin,80.00,4,5
11,Rory Sabbatini,80.00,4,5
11,Brandt Snedeker,80.00,4,5
14,Aaron Baddeley,75.00,3,4
14,Joe Ogilvie,75.00,3,4
14,Scott Verplank,75.00,3,4
17,Steve Flesch,66.67,2,3
17,Mark Wilson,66.67,2,3
19,Mark Calcavecchia,60.00,3,5
19,Henrik Stenson,60.00,3,5
19,Mike Weir,60.00,3,5
22,Jonathan Byrd,50.00,2,4
22,K.J. Choi,50.00,2,4
22,Zach Johnson,50.00,2,4
22,George McNeill,50.00,3,6
26,Boo Weekley,40.00,2,5
27,Chad Campbell,33.33,1,3
28,Paul Goydos,25.00,1,4
29,Brian Bateman,.00,0,5
29,Charley Hoffman,.00,0,2
29,Hunter Mahan,.00,0,2
