rank,player,%,Successes,Attempts
1,Fred Funk,100.00,1,1
1,Jim Furyk,100.00,4,4
1,Hunter Mahan,100.00,3,3
1,Nick Watney,100.00,1,1
5,Woody Austin,80.00,4,5
6,Vijay Singh,75.00,3,4
7,Stephen Ames,66.67,4,6
7,Aaron Baddeley,66.67,2,3
7,Charles Howell III,66.67,4,6
10,Ángel Cabrera,60.00,3,5
10,Joe Ogilvie,60.00,3,5
12,K.J. Choi,55.56,5,9
13,Jonathan Byrd,50.00,3,6
13,Daniel Chopra,50.00,3,6
13,Steve Flesch,50.00,5,10
13,Zach Johnson,50.00,2,4
13,Rory Sabbatini,50.00,1,2
13,Brandt Snedeker,50.00,2,4
13,Mike Weir,50.00,3,6
20,Henrik Stenson,42.86,3,7
21,Brian Bateman,40.00,2,5
21,Chad Campbell,40.00,2,5
21,Steve Stricker,40.00,2,5
21,Boo Weekley,40.00,2,5
25,Mark Wilson,37.50,3,8
26,Charley Hoffman,33.33,1,3
26,Justin Leonard,33.33,1,3
26,George McNeill,33.33,2,6
29,Paul Goydos,22.22,2,9
30,Scott Verplank,16.67,1,6
31,Mark Calcavecchia,.00,0,1
