rank,player,% Made,Attempts,Putts made
1,Patrick Reed,78.95,19,15
2,Joaquin Niemann,61.90,21,13
3,Chez Reavie,59.38,32,19
4,Rickie Fowler,56.67,30,17
5,Sebastián Muñoz,56.25,32,18
6,J.T. Poston,56.00,25,14
7,Jim Herman,53.57,28,15
8,Matthew Wolff,52.00,25,13
9,Gary Woodland,51.85,27,14
10,Nate Lashley,51.52,33,17
11,Tyler Duncan,50.00,24,12
11,Jon Rahm,50.00,20,10
13,Collin Morikawa,48.39,31,15
14,Brendon Todd,48.28,29,14
15,Patrick Cantlay,48.15,27,13
15,Kevin Kisner,48.15,27,13
17,Graeme McDowell,48.00,25,12
18,Xander Schauffele,47.06,34,16
19,Cameron Champ,46.67,30,14
20,Dustin Johnson,46.43,28,13
21,Matt Kuchar,45.16,31,14
22,Corey Conners,44.83,29,13
22,Max Homa,44.83,29,13
22,Justin Thomas,44.83,29,13
25,J.B. Holmes,44.44,27,12
26,Sung Kang,42.42,33,14
27,Ryan Palmer,42.31,26,11
28,Paul Casey,41.94,31,13
29,Keith Mitchell,41.67,36,15
29,Kevin Na,41.67,36,15
31,Lanto Griffin,39.29,28,11
32,Adam Long,38.46,26,10
33,Dylan Frittelli,37.04,27,10
34,Martin Trainer,25.93,27,7
