rank,player,% Made,Attempts,Putts made
1,Dustin Johnson,100.00,1,1
2,Jon Rahm,50.00,4,2
3,Lanto Griffin,33.33,6,2
3,Matt Kuchar,33.33,3,1
5,Rickie Fowler,25.00,8,2
5,Matthew Wolff,25.00,8,2
7,Dylan Frittelli,20.00,5,1
7,Keith Mitchell,20.00,5,1
7,Ryan Palmer,20.00,5,1
7,Justin Thomas,20.00,5,1
7,Brendon Todd,20.00,5,1
12,Patrick Cantlay,16.67,6,1
12,Patrick Reed,16.67,6,1
14,J.T. Poston,14.29,7,1
15,Sebastián Muñoz,12.50,8,1
15,Xander Schauffele,12.50,8,1
17,Paul Casey,.00,4,-
17,Cameron Champ,.00,2,-
17,Corey Conners,.00,5,-
17,Tyler Duncan,.00,9,-
17,Jim Herman,.00,4,-
17,J.B. Holmes,.00,5,-
17,Max Homa,.00,5,-
17,Sung Kang,.00,4,-
17,Kevin Kisner,.00,8,-
17,Nate Lashley,.00,7,-
17,Adam Long,.00,4,-
17,Graeme McDowell,.00,6,-
17,Collin Morikawa,.00,4,-
17,Kevin Na,.00,7,-
17,Joaquin Niemann,.00,7,-
17,Chez Reavie,.00,7,-
17,Martin Trainer,.00,3,-
17,Gary Woodland,.00,6,-
