rank,player,% Made,Attempts,Putts Made
1,Patrick Reed,19.05,21,4
2,Dustin Johnson,13.33,30,4
3,Lanto Griffin,12.90,31,4
4,Gary Woodland,11.11,27,3
5,Patrick Cantlay,10.71,28,3
6,Matt Kuchar,10.00,30,3
7,Justin Thomas,9.52,21,2
8,Ryan Palmer,8.33,24,2
9,Rickie Fowler,7.69,26,2
10,J.B. Holmes,7.41,27,2
10,Matthew Wolff,7.41,27,2
12,Sebastián Muñoz,7.14,28,2
12,J.T. Poston,7.14,28,2
14,Joaquin Niemann,6.67,30,2
14,Jon Rahm,6.67,30,2
16,Collin Morikawa,5.00,20,1
17,Keith Mitchell,4.35,23,1
18,Cameron Champ,4.17,24,1
18,Kevin Kisner,4.17,24,1
18,Adam Long,4.17,24,1
18,Brendon Todd,4.17,24,1
22,Graeme McDowell,3.70,27,1
22,Chez Reavie,3.70,27,1
24,Xander Schauffele,3.57,28,1
25,Max Homa,3.13,32,1
26,Dylan Frittelli,2.86,35,1
27,Paul Casey,.00,27,-
27,Corey Conners,.00,32,-
27,Tyler Duncan,.00,35,-
27,Jim Herman,.00,33,-
27,Sung Kang,.00,26,-
27,Nate Lashley,.00,27,-
27,Kevin Na,.00,24,-
27,Martin Trainer,.00,24,-
