rank,player,% Made,Attempts,Putts made
1,Patrick Cantlay,100.00,39,39
1,Paul Casey,100.00,44,44
1,Cameron Champ,100.00,40,40
1,Corey Conners,100.00,51,51
1,Rickie Fowler,100.00,43,43
1,Dylan Frittelli,100.00,44,44
1,Lanto Griffin,100.00,41,41
1,Jim Herman,100.00,44,44
1,J.B. Holmes,100.00,43,43
1,Dustin Johnson,100.00,36,36
1,Sung Kang,100.00,47,47
1,Matt Kuchar,100.00,43,43
1,Adam Long,100.00,41,41
1,Graeme McDowell,100.00,44,44
1,Keith Mitchell,100.00,43,43
1,Collin Morikawa,100.00,45,45
1,Sebastián Muñoz,100.00,40,40
1,Kevin Na,100.00,45,45
1,Joaquin Niemann,100.00,49,49
1,Ryan Palmer,100.00,44,44
1,J.T. Poston,100.00,37,37
1,Jon Rahm,100.00,43,43
1,Xander Schauffele,100.00,44,44
1,Justin Thomas,100.00,46,46
1,Martin Trainer,100.00,49,49
1,Gary Woodland,100.00,37,37
27,Max Homa,97.87,47,46
28,Matthew Wolff,97.83,46,45
29,Tyler Duncan,97.78,45,44
30,Brendon Todd,97.56,41,40
31,Chez Reavie,97.50,40,39
32,Patrick Reed,97.06,34,33
33,Kevin Kisner,95.45,44,42
33,Nate Lashley,95.45,44,42
