rank,player,%,Attempts,Putts made
1,Patrick Cantlay,100.00,52,52
1,Jim Herman,100.00,56,56
1,Matt Kuchar,100.00,52,52
1,Sebastián Muñoz,100.00,49,49
1,J.T. Poston,100.00,51,51
1,Xander Schauffele,100.00,55,55
1,Gary Woodland,100.00,51,51
8,Dylan Frittelli,98.28,58,57
8,Joaquin Niemann,98.28,58,57
10,Cameron Champ,98.25,57,56
10,Graeme McDowell,98.25,57,56
10,Collin Morikawa,98.25,57,56
10,Kevin Na,98.25,57,56
14,Sung Kang,98.21,56,55
14,Justin Thomas,98.21,56,55
16,Keith Mitchell,98.18,55,54
17,Rickie Fowler,98.15,54,53
18,Dustin Johnson,98.08,52,51
18,Chez Reavie,98.08,52,51
20,Martin Trainer,96.97,66,64
21,Tyler Duncan,96.67,60,58
21,Jon Rahm,96.67,60,58
23,Lanto Griffin,96.61,59,57
23,Max Homa,96.61,59,57
23,Adam Long,96.61,59,57
26,Brendon Todd,94.92,59,56
27,J.B. Holmes,94.83,58,55
27,Kevin Kisner,94.83,58,55
27,Ryan Palmer,94.83,58,55
27,Matthew Wolff,94.83,58,55
31,Nate Lashley,94.64,56,53
32,Patrick Reed,92.59,54,50
33,Paul Casey,92.06,63,58
34,Corey Conners,91.80,61,56
