rank,player,% Made,Attempts,Putts made
1,Patrick Reed,20.00,15,3
2,Gary Woodland,14.29,21,3
3,Dustin Johnson,10.34,29,3
4,Patrick Cantlay,9.09,22,2
4,J.B. Holmes,9.09,22,2
6,Joaquin Niemann,8.70,23,2
7,Lanto Griffin,8.00,25,2
8,Matt Kuchar,7.41,27,2
9,Kevin Kisner,6.25,16,1
9,Collin Morikawa,6.25,16,1
9,Justin Thomas,6.25,16,1
12,Ryan Palmer,5.26,19,1
13,Adam Long,5.00,20,1
13,Sebastián Muñoz,5.00,20,1
13,Chez Reavie,5.00,20,1
16,Graeme McDowell,4.76,21,1
16,J.T. Poston,4.76,21,1
18,Cameron Champ,4.55,22,1
19,Max Homa,3.70,27,1
20,Paul Casey,.00,23,-
20,Corey Conners,.00,27,-
20,Tyler Duncan,.00,26,-
20,Rickie Fowler,.00,18,-
20,Dylan Frittelli,.00,30,-
20,Jim Herman,.00,29,-
20,Sung Kang,.00,22,-
20,Nate Lashley,.00,20,-
20,Keith Mitchell,.00,18,-
20,Kevin Na,.00,17,-
20,Jon Rahm,.00,26,-
20,Xander Schauffele,.00,20,-
20,Brendon Todd,.00,19,-
20,Martin Trainer,.00,21,-
20,Matthew Wolff,.00,19,-
