rank,player,% Made,Attempts,Putts made
1,Dustin Johnson,66.67,6,4
2,Ryan Palmer,60.00,5,3
3,Dylan Frittelli,50.00,6,3
3,Matthew Wolff,50.00,4,2
5,Patrick Cantlay,42.86,7,3
6,J.B. Holmes,40.00,5,2
6,Sebastián Muñoz,40.00,5,2
6,J.T. Poston,40.00,10,4
6,Patrick Reed,40.00,5,2
10,Corey Conners,33.33,6,2
10,Nate Lashley,33.33,6,2
12,Matt Kuchar,28.57,7,2
12,Adam Long,28.57,7,2
14,Paul Casey,25.00,4,1
15,Gary Woodland,23.08,13,3
16,Kevin Kisner,22.22,9,2
16,Graeme McDowell,22.22,9,2
18,Sung Kang,20.00,5,1
19,Justin Thomas,18.18,11,2
20,Keith Mitchell,14.29,7,1
20,Kevin Na,14.29,7,1
22,Cameron Champ,12.50,8,1
22,Max Homa,12.50,8,1
24,Brendon Todd,11.11,9,1
24,Martin Trainer,11.11,9,1
26,Jim Herman,9.09,11,1
27,Tyler Duncan,.00,4,-
27,Rickie Fowler,.00,5,-
27,Lanto Griffin,.00,4,-
27,Collin Morikawa,.00,9,-
27,Joaquin Niemann,.00,9,-
27,Jon Rahm,.00,8,-
27,Chez Reavie,.00,3,-
27,Xander Schauffele,.00,5,-
