rank,player,Putts Made
1,Lanto Griffin,4.0
1,Dustin Johnson,4.0
1,Patrick Reed,4.0
4,Patrick Cantlay,3.0
4,Matt Kuchar,3.0
4,Gary Woodland,3.0
7,Rickie Fowler,2.0
7,J.B. Holmes,2.0
7,Sebastián Muñoz,2.0
7,Joaquin Niemann,2.0
7,Ryan Palmer,2.0
7,J.T. Poston,2.0
7,Jon Rahm,2.0
7,Justin Thomas,2.0
7,Matthew Wolff,2.0
16,Cameron Champ,1.0
16,Dylan Frittelli,1.0
16,Max Homa,1.0
16,Kevin Kisner,1.0
16,Adam Long,1.0
16,Graeme McDowell,1.0
16,Keith Mitchell,1.0
16,Collin Morikawa,1.0
16,Chez Reavie,1.0
16,Xander Schauffele,1.0
16,Brendon Todd,1.0
27,Paul Casey,.0
27,Corey Conners,.0
27,Tyler Duncan,.0
27,Jim Herman,.0
27,Sung Kang,.0
27,Nate Lashley,.0
27,Kevin Na,.0
27,Martin Trainer,.0
