rank,player,% Made,Attempts,Putts made
1,Patrick Cantlay,100.00,1,1
1,Tyler Duncan,100.00,2,2
1,Matt Kuchar,100.00,2,2
1,Joaquin Niemann,100.00,1,1
1,J.T. Poston,100.00,1,1
1,Jon Rahm,100.00,2,2
1,Chez Reavie,100.00,2,2
1,Patrick Reed,100.00,1,1
1,Matthew Wolff,100.00,2,2
10,Rickie Fowler,75.00,4,3
10,Dylan Frittelli,75.00,4,3
12,Paul Casey,66.67,3,2
12,Max Homa,66.67,3,2
12,Kevin Kisner,66.67,3,2
15,Adam Long,60.00,5,3
16,Cameron Champ,50.00,2,1
16,Corey Conners,50.00,2,1
16,Sung Kang,50.00,6,3
16,Graeme McDowell,50.00,2,1
16,Keith Mitchell,50.00,4,2
16,Collin Morikawa,50.00,6,3
16,Xander Schauffele,50.00,2,1
16,Brendon Todd,50.00,2,1
16,Gary Woodland,50.00,4,2
25,Ryan Palmer,40.00,5,2
26,Nate Lashley,33.33,3,1
26,Martin Trainer,33.33,6,2
28,Lanto Griffin,25.00,4,1
28,J.B. Holmes,25.00,4,1
28,Dustin Johnson,25.00,4,1
28,Kevin Na,25.00,4,1
32,Justin Thomas,20.00,5,1
33,Jim Herman,.00,2,0
33,Sebastián Muñoz,.00,2,0
