rank,player,% Made,Attempts,Putts made
1,Xander Schauffele,92.96,71,66
2,Joaquin Niemann,92.75,69,64
3,Patrick Cantlay,92.65,68,63
4,J.T. Poston,92.42,66,61
5,Sebastián Muñoz,91.18,68,62
6,Patrick Reed,90.91,66,60
7,Jim Herman,90.79,76,69
8,Tyler Duncan,90.54,74,67
9,Jon Rahm,90.41,73,66
10,Chez Reavie,90.28,72,65
11,Rickie Fowler,89.19,74,66
11,Matthew Wolff,89.19,74,66
13,Lanto Griffin,89.04,73,65
14,Matt Kuchar,88.41,69,61
15,Max Homa,88.16,76,67
16,Dylan Frittelli,88.00,75,66
17,Adam Long,87.84,74,65
17,Ryan Palmer,87.84,74,65
19,Corey Conners,87.67,73,64
19,Gary Woodland,87.67,73,64
21,Brendon Todd,87.34,79,69
22,Kevin Na,87.18,78,68
23,Collin Morikawa,87.01,77,67
24,Graeme McDowell,86.84,76,66
25,Cameron Champ,86.08,79,68
25,Sung Kang,86.08,79,68
25,Nate Lashley,86.08,79,68
28,Dustin Johnson,85.71,70,60
29,Justin Thomas,84.62,78,66
30,Paul Casey,83.95,81,68
31,J.B. Holmes,83.33,78,65
31,Keith Mitchell,83.33,78,65
31,Martin Trainer,83.33,84,70
34,Kevin Kisner,83.12,77,64
