rank,player,% Made,Attempts,Putts made
1,Patrick Cantlay,100.00,8,8
1,Cameron Champ,100.00,4,4
1,Tyler Duncan,100.00,11,11
1,Jim Herman,100.00,6,6
1,J.B. Holmes,100.00,7,7
1,Max Homa,100.00,5,5
1,Dustin Johnson,100.00,13,13
1,Kevin Kisner,100.00,10,10
1,Matt Kuchar,100.00,7,7
1,Nate Lashley,100.00,6,6
1,Adam Long,100.00,9,9
1,Graeme McDowell,100.00,11,11
1,Keith Mitchell,100.00,5,5
1,Sebastián Muñoz,100.00,8,8
1,J.T. Poston,100.00,5,5
1,Chez Reavie,100.00,10,10
1,Xander Schauffele,100.00,4,4
1,Brendon Todd,100.00,11,11
1,Matthew Wolff,100.00,4,4
1,Gary Woodland,100.00,10,10
21,Collin Morikawa,88.89,9,8
21,Kevin Na,88.89,9,8
23,Patrick Reed,87.50,8,7
23,Martin Trainer,87.50,8,7
25,Dylan Frittelli,85.71,7,6
26,Joaquin Niemann,83.33,6,5
26,Justin Thomas,83.33,6,5
28,Lanto Griffin,80.00,10,8
28,Sung Kang,80.00,5,4
28,Ryan Palmer,80.00,10,8
31,Jon Rahm,77.78,9,7
32,Paul Casey,75.00,12,9
32,Rickie Fowler,75.00,4,3
34,Corey Conners,50.00,8,4
