rank,player,%,Attempts,Putts made
1,Patrick Reed,83.33,12,10
2,Chez Reavie,70.00,20,14
3,Patrick Cantlay,68.75,16,11
3,Xander Schauffele,68.75,16,11
3,Matthew Wolff,68.75,16,11
6,Sebastián Muñoz,68.42,19,13
7,Corey Conners,66.67,12,8
7,J.T. Poston,66.67,15,10
9,Nate Lashley,65.22,23,15
10,Rickie Fowler,65.00,20,13
10,Jim Herman,65.00,20,13
10,Brendon Todd,65.00,20,13
13,Tyler Duncan,64.29,14,9
14,Joaquin Niemann,63.64,11,7
15,Ryan Palmer,62.50,16,10
16,Jon Rahm,61.54,13,8
17,Gary Woodland,59.09,22,13
18,Max Homa,58.82,17,10
19,Lanto Griffin,57.14,14,8
19,Kevin Na,57.14,21,12
21,Sung Kang,56.52,23,13
22,Paul Casey,55.56,18,10
23,Collin Morikawa,55.00,20,11
24,Cameron Champ,54.55,22,12
25,Adam Long,53.33,15,8
26,Dylan Frittelli,52.94,17,9
26,Matt Kuchar,52.94,17,9
28,Graeme McDowell,52.63,19,10
29,J.B. Holmes,50.00,20,10
29,Dustin Johnson,50.00,18,9
29,Justin Thomas,50.00,22,11
32,Keith Mitchell,47.83,23,11
33,Kevin Kisner,47.37,19,9
34,Martin Trainer,33.33,18,6
