rank,player,% Made,Attempts,Putts Made
1,Patrick Reed,33.33,33,11
2,Dustin Johnson,26.09,46,12
3,J.T. Poston,20.83,48,10
4,Matt Kuchar,19.61,51,10
5,Sebastián Muñoz,19.57,46,9
6,Patrick Cantlay,17.39,46,8
7,Kevin Kisner,17.07,41,7
8,Joaquin Niemann,16.33,49,8
9,Gary Woodland,15.56,45,7
10,J.B. Holmes,15.38,39,6
10,Ryan Palmer,15.38,39,6
10,Justin Thomas,15.38,39,6
13,Matthew Wolff,15.00,40,6
14,Rickie Fowler,14.63,41,6
15,Lanto Griffin,14.29,49,7
15,Chez Reavie,14.29,42,6
17,Keith Mitchell,13.95,43,6
18,Corey Conners,12.73,55,7
19,Collin Morikawa,12.50,40,5
20,Adam Long,11.90,42,5
20,Graeme McDowell,11.90,42,5
22,Xander Schauffele,11.76,51,6
23,Cameron Champ,10.00,40,4
24,Dylan Frittelli,9.80,51,5
25,Max Homa,9.62,52,5
26,Nate Lashley,9.30,43,4
27,Paul Casey,9.09,44,4
28,Jon Rahm,8.89,45,4
29,Kevin Na,8.70,46,4
30,Brendon Todd,7.14,42,3
31,Tyler Duncan,6.12,49,3
32,Jim Herman,5.77,52,3
33,Sung Kang,4.88,41,2
34,Martin Trainer,4.76,42,2
