rank,player,% Made,Attempts,Putts made
1,Jim Herman,85.71,21,18
1,Patrick Reed,85.71,21,18
3,Lanto Griffin,83.33,18,15
4,Patrick Cantlay,82.35,17,14
4,Xander Schauffele,82.35,17,14
6,Nate Lashley,81.82,22,18
7,Jon Rahm,81.25,16,13
8,Rickie Fowler,80.00,20,16
8,Ryan Palmer,80.00,10,8
8,J.T. Poston,80.00,20,16
11,Dylan Frittelli,78.57,14,11
12,Kevin Na,73.68,19,14
12,Matthew Wolff,73.68,19,14
14,Sebastián Muñoz,73.33,15,11
15,Cameron Champ,72.41,29,21
16,Gary Woodland,72.22,18,13
17,Brendon Todd,71.43,21,15
18,Adam Long,70.59,17,12
18,Chez Reavie,70.59,17,12
18,Justin Thomas,70.59,17,12
21,Max Homa,70.00,20,14
22,Dustin Johnson,69.23,13,9
22,Matt Kuchar,69.23,13,9
22,Collin Morikawa,69.23,13,9
22,Joaquin Niemann,69.23,13,9
26,Keith Mitchell,68.18,22,15
27,Tyler Duncan,64.29,14,9
28,Corey Conners,62.50,8,5
29,Sung Kang,61.11,18,11
30,Kevin Kisner,60.00,15,9
31,J.B. Holmes,59.09,22,13
32,Graeme McDowell,58.82,17,10
32,Martin Trainer,58.82,17,10
34,Paul Casey,57.14,21,12
