rank,player,% Made,Attempts,Putts made
1,Jim Herman,100.00,2,2
1,Patrick Reed,100.00,2,2
1,Matthew Wolff,100.00,4,4
1,Gary Woodland,100.00,3,3
5,Nate Lashley,85.71,7,6
6,Rickie Fowler,80.00,5,4
6,J.B. Holmes,80.00,5,4
8,Sung Kang,75.00,4,3
8,Graeme McDowell,75.00,4,3
8,Xander Schauffele,75.00,4,3
11,Keith Mitchell,72.73,11,8
12,Lanto Griffin,71.43,7,5
13,Patrick Cantlay,66.67,3,2
13,Corey Conners,66.67,3,2
13,Tyler Duncan,66.67,6,4
13,Dylan Frittelli,66.67,3,2
13,Jon Rahm,66.67,3,2
18,J.T. Poston,60.00,5,3
19,Paul Casey,50.00,6,3
19,Dustin Johnson,50.00,2,1
19,Kevin Kisner,50.00,4,2
19,Adam Long,50.00,2,1
19,Kevin Na,50.00,6,3
19,Joaquin Niemann,50.00,2,1
19,Justin Thomas,50.00,6,3
19,Brendon Todd,50.00,2,1
27,Cameron Champ,40.00,5,2
27,Matt Kuchar,40.00,5,2
29,Collin Morikawa,33.33,3,1
30,Chez Reavie,25.00,4,1
31,Max Homa,.00,2,0
31,Martin Trainer,.00,1,0
