rank,player,% Made,Attempts,Putts made
1,Patrick Cantlay,100.00,5,5
1,Rickie Fowler,100.00,7,7
1,Dylan Frittelli,100.00,7,7
1,Lanto Griffin,100.00,8,8
1,Jim Herman,100.00,6,6
1,Sung Kang,100.00,4,4
1,Matt Kuchar,100.00,2,2
1,Collin Morikawa,100.00,3,3
1,Sebastián Muñoz,100.00,1,1
1,Kevin Na,100.00,3,3
1,Joaquin Niemann,100.00,3,3
1,J.T. Poston,100.00,9,9
1,Jon Rahm,100.00,8,8
1,Chez Reavie,100.00,2,2
1,Xander Schauffele,100.00,7,7
1,Justin Thomas,100.00,4,4
1,Gary Woodland,100.00,4,4
18,Cameron Champ,92.31,13,12
19,Martin Trainer,88.89,9,8
20,Max Homa,85.71,7,6
20,Keith Mitchell,85.71,7,6
22,Nate Lashley,83.33,6,5
22,Patrick Reed,83.33,12,10
24,Adam Long,77.78,9,7
25,Tyler Duncan,75.00,4,3
25,Kevin Kisner,75.00,4,3
25,Ryan Palmer,75.00,4,3
25,Matthew Wolff,75.00,8,6
29,Paul Casey,71.43,7,5
29,Brendon Todd,71.43,7,5
31,Dustin Johnson,66.67,3,2
32,J.B. Holmes,62.50,8,5
33,Corey Conners,50.00,2,1
33,Graeme McDowell,50.00,2,1
