rank,player,% Made,Attempts,Putts made
1,Tyler Duncan,100.00,2,2
1,Lanto Griffin,100.00,2,2
1,J.B. Holmes,100.00,3,3
1,Dustin Johnson,100.00,1,1
1,Matt Kuchar,100.00,3,3
1,Collin Morikawa,100.00,3,3
1,Kevin Na,100.00,5,5
1,Ryan Palmer,100.00,4,4
1,J.T. Poston,100.00,2,2
1,Patrick Reed,100.00,2,2
1,Matthew Wolff,100.00,4,4
12,Chez Reavie,85.71,7,6
13,Patrick Cantlay,83.33,6,5
13,Nate Lashley,83.33,6,5
15,Kevin Kisner,80.00,5,4
15,Adam Long,80.00,5,4
15,Gary Woodland,80.00,5,4
18,Jim Herman,77.78,9,7
18,Brendon Todd,77.78,9,7
20,Paul Casey,75.00,4,3
20,Max Homa,75.00,4,3
20,Sebastián Muñoz,75.00,8,6
20,Jon Rahm,75.00,4,3
20,Xander Schauffele,75.00,4,3
25,Dylan Frittelli,66.67,3,2
25,Joaquin Niemann,66.67,3,2
25,Justin Thomas,66.67,3,2
28,Cameron Champ,62.50,8,5
29,Rickie Fowler,57.14,7,4
29,Graeme McDowell,57.14,7,4
31,Sung Kang,40.00,5,2
31,Martin Trainer,40.00,5,2
33,Keith Mitchell,.00,1,0
