rank,player,% Made,Attempts,Putts made
1,Patrick Reed,71.43,7,5
2,Joaquin Niemann,60.00,10,6
3,Kevin Kisner,50.00,8,4
4,Chez Reavie,41.67,12,5
5,Rickie Fowler,40.00,10,4
5,Dustin Johnson,40.00,10,4
5,J.T. Poston,40.00,10,4
8,Sebastián Muñoz,38.46,13,5
9,Collin Morikawa,36.36,11,4
10,Matt Kuchar,35.71,14,5
11,Graeme McDowell,33.33,6,2
12,Keith Mitchell,30.77,13,4
13,Tyler Duncan,30.00,10,3
14,Corey Conners,29.41,17,5
15,J.B. Holmes,28.57,7,2
15,Jon Rahm,28.57,7,2
15,Justin Thomas,28.57,7,2
18,Xander Schauffele,27.78,18,5
19,Cameron Champ,25.00,8,2
19,Jim Herman,25.00,8,2
19,Max Homa,25.00,12,3
22,Paul Casey,23.08,13,3
23,Matthew Wolff,22.22,9,2
24,Lanto Griffin,21.43,14,3
25,Nate Lashley,20.00,10,2
25,Kevin Na,20.00,15,3
25,Gary Woodland,20.00,5,1
28,Patrick Cantlay,18.18,11,2
28,Adam Long,18.18,11,2
30,Brendon Todd,11.11,9,1
30,Martin Trainer,11.11,9,1
32,Dylan Frittelli,10.00,10,1
32,Sung Kang,10.00,10,1
32,Ryan Palmer,10.00,10,1
