rank,player,% Made,Attempts,Putts made
1,Patrick Cantlay,100.00,13,13
1,Jim Herman,100.00,12,12
1,Matt Kuchar,100.00,9,9
1,Sebastián Muñoz,100.00,9,9
1,J.T. Poston,100.00,14,14
1,Chez Reavie,100.00,12,12
1,Xander Schauffele,100.00,11,11
1,Gary Woodland,100.00,14,14
9,Cameron Champ,94.12,17,16
10,Dustin Johnson,93.75,16,15
11,Tyler Duncan,93.33,15,14
12,Dylan Frittelli,92.86,14,13
12,Kevin Kisner,92.86,14,13
14,Graeme McDowell,92.31,13,12
15,Max Homa,91.67,12,11
15,Nate Lashley,91.67,12,11
15,Keith Mitchell,91.67,12,11
15,Collin Morikawa,91.67,12,11
15,Kevin Na,91.67,12,11
20,Rickie Fowler,90.91,11,10
21,Justin Thomas,90.00,10,9
22,Lanto Griffin,88.89,18,16
22,Sung Kang,88.89,9,8
22,Adam Long,88.89,18,16
22,Joaquin Niemann,88.89,9,8
22,Brendon Todd,88.89,18,16
27,Jon Rahm,88.24,17,15
27,Martin Trainer,88.24,17,15
29,Patrick Reed,85.00,20,17
30,Matthew Wolff,83.33,12,10
31,J.B. Holmes,80.00,15,12
32,Ryan Palmer,78.57,14,11
33,Paul Casey,73.68,19,14
34,Corey Conners,50.00,10,5
