rank,player,Putts Made
1,Dustin Johnson,12.0
2,Patrick Reed,11.0
3,Matt Kuchar,10.0
3,J.T. Poston,10.0
5,Sebastián Muñoz,9.0
6,Patrick Cantlay,8.0
6,Joaquin Niemann,8.0
8,Corey Conners,7.0
8,Lanto Griffin,7.0
8,Kevin Kisner,7.0
8,Gary Woodland,7.0
12,Rickie Fowler,6.0
12,J.B. Holmes,6.0
12,Keith Mitchell,6.0
12,Ryan Palmer,6.0
12,Chez Reavie,6.0
12,Xander Schauffele,6.0
12,Justin Thomas,6.0
12,Matthew Wolff,6.0
20,Dylan Frittelli,5.0
20,Max Homa,5.0
20,Adam Long,5.0
20,Graeme McDowell,5.0
20,Collin Morikawa,5.0
25,Paul Casey,4.0
25,Cameron Champ,4.0
25,Nate Lashley,4.0
25,Kevin Na,4.0
25,Jon Rahm,4.0
30,Tyler Duncan,3.0
30,Jim Herman,3.0
30,Brendon Todd,3.0
33,Sung Kang,2.0
33,Martin Trainer,2.0
