rank,player,% Made,Attempts,Putts made
1,Paul Casey,100.00,1,1
1,Sung Kang,100.00,3,3
1,Sebastián Muñoz,100.00,3,3
4,Corey Conners,75.00,4,3
4,Xander Schauffele,75.00,4,3
6,J.T. Poston,66.67,3,2
6,Chez Reavie,66.67,3,2
8,Ryan Palmer,60.00,5,3
9,Cameron Champ,50.00,4,2
9,Tyler Duncan,50.00,2,1
9,J.B. Holmes,50.00,2,1
9,Collin Morikawa,50.00,4,2
9,Patrick Reed,50.00,2,1
9,Justin Thomas,50.00,4,2
9,Brendon Todd,50.00,4,2
9,Martin Trainer,50.00,4,2
9,Gary Woodland,50.00,4,2
18,Patrick Cantlay,33.33,3,1
18,Rickie Fowler,33.33,3,1
18,Dylan Frittelli,33.33,6,2
18,Jim Herman,33.33,3,1
18,Jon Rahm,33.33,3,1
18,Matthew Wolff,33.33,3,1
24,Dustin Johnson,25.00,4,1
24,Nate Lashley,25.00,4,1
26,Kevin Kisner,20.00,5,1
27,Max Homa,.00,1,0
27,Matt Kuchar,.00,4,0
27,Adam Long,.00,2,0
27,Graeme McDowell,.00,2,0
27,Keith Mitchell,.00,4,0
27,Kevin Na,.00,1,0
