rank,player,Avg,Total Distance (feet),# of Attempts,Relative to par
1,Stewart Cink,"2' 8""",2.667,1,-1
2,Greg Owen,"5' 2""",5.167,1,-1
3,Harrison Frazar,"5' 3""",5.250,1,-1
4,Koumei Oda,"5' 7""",5.583,1,+1
5,Corey Pavin,"6' 10""",13.667,2,E
5,Tom Pernice Jr.,"6' 10""",13.583,2,E
7,Will Claxton,"7' 11""",7.917,1,E
8,George McNeill,"8' 8""",8.667,1,E
9,Daniel Summerhays,"9' 5""",9.417,1,-1
10,John Rollins,"9' 10""",19.583,2,E
11,Duffy Waldorf,"9' 11""",19.750,2,E
12,Joe Ogilvie,"10' 6""",21.000,2,-1
12,Vijay Singh,"10' 6""",10.500,1,-1
14,Ken Duke,"11' 3""",11.250,1,-1
15,Erik Compton,"11' 4""",22.583,2,E
16,Jeff Overton,"11' 6""",46.000,4,-2
17,Jeff Maggert,"11' 7""",23.167,2,-1
18,Colt Knost,"11' 9""",11.750,1,E
19,Stephen Ames,"11' 10""",11.833,1,+1
19,Justin Leonard,"11' 10""",47.167,4,+2
19,Steve Stricker,"11' 10""",11.833,1,-1
22,"Ted Potter, Jr.","12' 7""",12.583,1,E
23,Brian Gay,"12' 8""",12.667,1,E
24,J.J. Killeen,"13' 2""",13.167,1,E
25,Chris Stroud,"13' 3""",39.667,3,-1
26,David Hearn,"14' 5""",14.417,1,+1
27,Spencer Levin,"14' 11""",14.917,1,E
28,Jonas Blixt,"15' 1""",45.167,3,E
29,Johnson Wagner,"15' 10""",47.417,3,+1
30,Billy Mayfair,"16' 1""",16.083,1,+1
31,Brendon de Jonge,"16' 3""",16.250,1,E
32,Kevin Chappell,"16' 11""",33.750,2,E
33,Webb Simpson,"17' 11""",17.917,1,E
34,S.Y. Noh,"18' 7""",18.583,1,E
35,Jhonattan Vegas,"18' 8""",37.250,2,-1
36,Kris Blanks,"20' 6""",41.000,2,E
37,Rory Sabbatini,"20' 7""",41.167,2,+3
38,D.A. Points,"21' 2""",63.417,3,+1
39,Matt Every,"21' 8""",21.667,1,E
40,Sean O'Hair,"23' 0""",23.000,1,E
41,Zach Johnson,"23' 4""",23.333,1,+1
42,Roberto Castro,"23' 5""",93.583,4,E
43,Gavin Coles,"23' 11""",95.750,4,+1
44,Tim Herron,"25' 3""",50.417,2,E
45,Kyle Stanley,"25' 10""",51.583,2,E
46,Doug LaBelle II,"26' 2""",26.167,1,E
47,Bud Cauley,"27' 8""",55.250,2,E
48,Charles Howell III,"34' 9""",34.750,1,E
49,Tadd Fujikawa,"37' 2""",74.250,2,+1
50,Graham DeLaet,"38' 6""",76.917,2,E
51,Harris English,"46' 11""",46.917,1,E
52,Tommy Biershenk,"83' 1""",83.083,1,+1
53,Brendon Todd,"133' 7""",133.583,1,+1
