rank,player,Avg,Total Distance (feet),# of Attempts,Relative to par
1,Billy Mayfair,"23' 2""",23.167,1,-1
2,Brendon Todd,"37' 5""",37.417,1,-1
3,Jeff Overton,"43' 1""",43.083,1,E
4,Tommy Biershenk,"48' 5""",48.417,1,-2
5,Jeff Maggert,"50' 6""",50.500,1,-1
6,K.J. Choi,"57' 2""",114.250,2,-1
7,S.Y. Noh,"58' 2""",58.167,1,-1
8,Johnson Wagner,"62' 7""",62.583,1,-2
9,Stephen Ames,"65' 10""",65.833,1,-1
10,John Huh,"72' 7""",72.583,1,-1
11,Doug LaBelle II,"74' 3""",74.250,1,-1
12,Justin Leonard,"76' 7""",76.583,1,-1
13,Harris English,"80' 2""",160.333,2,-1
14,Josh Teater,"93' 2""",93.167,1,E
15,Pat Perez,"94' 9""",94.750,1,-1
16,Chris Kirk,"95' 11""",95.917,1,E
17,Corey Pavin,"98' 6""",295.583,3,E
17,Michael Thompson,"98' 6""",98.500,1,-1
19,Joe Ogilvie,"114' 11""",229.750,2,E
20,Duffy Waldorf,"122' 9""",245.500,2,-1
21,Kyle Stanley,"125' 5""",125.417,1,-1
22,Carl Pettersson,"126' 11""",126.917,1,-1
22,"Ted Potter, Jr.","126' 11""",126.917,1,E
24,Kris Blanks,"136' 11""",136.917,1,-1
25,Chris DiMarco,"138' 4""",138.333,1,-1
26,Jerry Kelly,"139' 4""",139.333,1,+1
