rank,player,Avg,Total Distance (feet),# of Attempts,Relative to par
1,Stewart Cink,"2' 8""",2.667,1,-1
2,Harrison Frazar,"5' 3""",5.250,1,-1
3,Michael Thompson,"7' 4""",7.333,1,-1
4,Koumei Oda,"7' 8""",15.333,2,E
5,Will Claxton,"7' 11""",7.917,1,E
6,Colt Knost,"8' 11""",26.750,3,-1
7,George McNeill,"10' 5""",20.750,2,+1
8,Joe Ogilvie,"10' 7""",31.750,3,E
9,Ken Duke,"11' 3""",11.250,1,-1
10,Johnson Wagner,"11' 11""",59.750,5,-1
11,Erik Compton,"12' 6""",37.500,3,+2
12,"Ted Potter, Jr.","12' 7""",12.583,1,E
13,Corey Pavin,"12' 10""",64.167,5,+1
14,J.J. Killeen,"13' 2""",13.167,1,E
15,Chris Stroud,"13' 3""",39.667,3,-1
16,Webb Simpson,"13' 5""",26.750,2,E
17,Brian Gay,"13' 10""",27.667,2,E
17,Jerry Kelly,"13' 10""",27.667,2,-2
19,Justin Leonard,"14' 4""",100.500,7,+2
20,Jonas Blixt,"15' 1""",45.167,3,E
20,Carl Pettersson,"15' 1""",30.083,2,E
22,William McGirt,"15' 5""",46.250,3,-2
23,Brendon de Jonge,"16' 3""",16.250,1,E
24,Jeff Maggert,"16' 4""",48.917,3,-1
25,D.A. Points,"16' 11""",67.500,4,E
26,Greg Owen,"17' 1""",34.083,2,-1
27,Zach Johnson,"17' 3""",34.417,2,+1
28,Jeff Overton,"18' 7""",93.000,5,-1
29,Jarrod Lyle,"18' 9""",56.333,3,E
30,Rory Sabbatini,"19' 3""",57.833,3,+3
31,Tim Herron,"20' 1""",100.333,5,E
32,Kris Blanks,"20' 6""",41.000,2,E
33,Billy Mayfair,"21' 2""",63.500,3,E
34,David Hearn,"21' 8""",65.083,3,+1
35,Jhonattan Vegas,"22' 8""",113.250,5,-3
36,Sangmoon Bae,"22' 9""",68.333,3,E
37,Sean O'Hair,"23' 0""",23.000,1,E
38,Gavin Coles,"23' 11""",95.750,4,+1
39,Duffy Waldorf,"24' 6""",98.000,4,+2
40,Matt Every,"24' 8""",49.250,2,E
41,K.J. Choi,"24' 9""",49.417,2,E
42,Kevin Chappell,"25' 5""",76.167,3,E
42,John Rollins,"25' 5""",127.167,5,-1
44,Bud Cauley,"25' 10""",129.333,5,+1
44,Kyle Stanley,"25' 10""",51.583,2,E
46,Daniel Summerhays,"26' 2""",78.583,3,E
47,Stephen Ames,"26' 7""",53.167,2,+1
48,Bobby Gates,"26' 8""",80.083,3,E
49,Steve Stricker,"27' 0""",53.917,2,E
50,Roberto Castro,"29' 4""",146.750,5,E
51,Chris Kirk,"30' 7""",61.167,2,E
52,Tom Pernice Jr.,"31' 8""",158.167,5,E
53,Pat Perez,"31' 9""",31.750,1,E
54,Spencer Levin,"32' 5""",97.167,3,E
55,Charles Howell III,"34' 9""",34.750,1,E
56,Tommy Biershenk,"37' 0""",184.917,5,+1
57,Graham DeLaet,"39' 2""",117.417,3,E
58,Harris English,"39' 11""",279.250,7,+1
58,S.Y. Noh,"39' 11""",119.750,3,+1
60,Tadd Fujikawa,"42' 6""",127.417,3,+1
61,Doug LaBelle II,"42' 10""",214.083,5,+2
62,Josh Teater,"44' 10""",89.667,2,E
63,John Huh,"46' 0""",137.917,3,+1
64,Brian Harman,"46' 3""",92.500,2,E
65,Keegan Bradley,"51' 1""",51.083,1,+1
66,Chris DiMarco,"59' 11""",119.833,2,+1
67,Vijay Singh,"70' 3""",210.667,3,-1
68,Brendon Todd,"74' 3""",148.417,2,+1
69,Scott Piercy,"97' 10""",97.833,1,+1
