rank,player,Avg,Total Distance (feet),# of Attempts,Relative to par
1,Colt Knost,"2' 0""",2.000,1,-1
2,Corey Pavin,"4' 3""",4.250,1,-1
3,Johnson Wagner,"4' 8""",4.667,1,-1
4,Webb Simpson,"8' 10""",8.833,1,E
5,Billy Mayfair,"9' 8""",9.667,1,-1
6,Joe Ogilvie,"10' 9""",10.750,1,+1
7,Zach Johnson,"11' 1""",11.083,1,E
8,Tim Herron,"13' 5""",13.417,1,E
9,Justin Leonard,"14' 1""",28.167,2,E
10,Erik Compton,"14' 11""",14.917,1,+2
11,Jarrod Lyle,"15' 2""",30.333,2,E
12,David Hearn,"15' 5""",15.417,1,E
13,Rory Sabbatini,"16' 8""",16.667,1,E
14,William McGirt,"17' 7""",35.083,2,-2
15,Carl Pettersson,"17' 11""",17.917,1,E
16,Sangmoon Bae,"21' 1""",42.167,2,E
17,Tommy Biershenk,"23' 4""",70.083,3,E
18,K.J. Choi,"24' 9""",49.417,2,E
19,Jhonattan Vegas,"25' 4""",76.000,3,-2
20,Jeff Maggert,"25' 9""",25.750,1,E
21,Bobby Gates,"28' 10""",57.667,2,E
22,Greg Owen,"28' 11""",28.917,1,E
23,Chris Kirk,"30' 7""",61.167,2,E
24,Daniel Summerhays,"34' 7""",69.167,2,+1
25,John Rollins,"35' 10""",107.583,3,-1
26,Harris English,"36' 6""",182.667,5,-1
27,Chris DiMarco,"38' 2""",38.167,1,+1
28,Duffy Waldorf,"39' 2""",78.250,2,+2
29,Graham DeLaet,"40' 6""",40.500,1,E
30,Spencer Levin,"41' 2""",82.250,2,E
31,Stephen Ames,"41' 4""",41.333,1,E
32,Steve Stricker,"42' 1""",42.083,1,+1
33,John Huh,"46' 0""",137.917,3,+1
34,Jeff Overton,"47' 0""",47.000,1,+1
35,Tom Pernice Jr.,"48' 2""",144.583,3,E
36,Keegan Bradley,"51' 1""",51.083,1,+1
37,Bud Cauley,"51' 2""",51.167,1,E
38,Roberto Castro,"53' 2""",53.167,1,E
39,S.Y. Noh,"56' 5""",56.417,1,+1
40,Josh Teater,"62' 5""",62.417,1,E
41,Brian Harman,"72' 11""",72.917,1,E
42,Scott Piercy,"97' 10""",97.833,1,+1
43,Vijay Singh,"100' 1""",200.167,2,E
44,Doug LaBelle II,"137' 7""",137.583,1,E
