rank,player,Avg,Total Distance (feet),# of Attempts,Relative to par
1,Greg Owen,"24' 1""",24.083,1,-1
2,D.A. Points,"28' 2""",28.167,1,-1
3,Brendon de Jonge,"33' 4""",33.333,1,E
4,Tadd Fujikawa,"35' 2""",35.167,1,E
5,Stewart Cink,"36' 1""",108.167,3,-1
6,Will Claxton,"41' 7""",41.583,1,-1
7,Zach Johnson,"44' 10""",134.500,3,E
8,Brian Harman,"49' 1""",147.167,3,-2
9,J.J. Killeen,"50' 5""",151.167,3,-2
10,Webb Simpson,"51' 6""",102.917,2,-2
11,Gavin Coles,"52' 11""",52.917,1,E
12,John Huh,"53' 1""",106.083,2,-2
13,Jarrod Lyle,"53' 10""",215.417,4,-1
14,Jerry Kelly,"55' 9""",55.750,1,-1
15,Sean O'Hair,"56' 11""",170.833,3,-1
16,Chris Stroud,"60' 1""",60.083,1,+1
17,Doug LaBelle II,"65' 3""",130.500,2,-1
18,Kris Blanks,"65' 8""",65.667,1,-1
19,Johnson Wagner,"66' 5""",265.667,4,-2
20,"Ted Potter, Jr.","68' 10""",68.833,1,+1
21,Corey Pavin,"70' 1""",210.250,3,E
22,Spencer Levin,"70' 5""",140.833,2,E
23,Scott Piercy,"70' 10""",141.667,2,-1
24,Steve Stricker,"70' 11""",70.917,1,-1
25,Erik Compton,"71' 0""",71.000,1,-1
26,Chris DiMarco,"71' 3""",142.417,2,E
27,K.J. Choi,"74' 1""",148.167,2,+1
28,William McGirt,"75' 5""",75.417,1,E
29,John Senden,"75' 6""",75.500,1,E
30,Carl Pettersson,"77' 8""",77.667,1,E
31,Jeff Overton,"78' 10""",157.583,2,-1
32,Bobby Gates,"80' 11""",80.917,1,E
33,Justin Leonard,"82' 7""",165.167,2,+2
34,Harrison Frazar,"83' 8""",83.667,1,E
35,Josh Teater,"86' 2""",172.250,2,-1
36,Daniel Summerhays,"88' 11""",177.833,2,E
37,Brendon Todd,"93' 2""",186.333,2,E
38,Tommy Biershenk,"95' 9""",287.333,3,E
39,Tim Herron,"97' 9""",97.750,1,-1
40,Charles Howell III,"100' 5""",100.417,1,+1
41,Ken Duke,"102' 11""",102.917,1,E
42,Koumei Oda,"109' 11""",329.833,3,-1
43,S.Y. Noh,"116' 10""",116.833,1,E
44,Kevin Chappell,"122' 1""",244.083,2,E
45,Rory Sabbatini,"132' 11""",132.917,1,E
46,Brian Gay,"139' 6""",139.500,1,E
47,Jeff Maggert,"154' 7""",154.583,1,E
