rank,player,Avg,Total Distance (feet),# of Attempts,Relative to par
1,D.A. Points,"4' 1""",4.083,1,-1
2,Michael Thompson,"7' 4""",7.333,1,-1
3,Johnson Wagner,"7' 8""",7.667,1,-1
4,Koumei Oda,"9' 9""",9.750,1,-1
5,William McGirt,"11' 2""",11.167,1,E
6,Bud Cauley,"11' 6""",22.917,2,+1
7,George McNeill,"12' 1""",12.083,1,+1
8,Carl Pettersson,"12' 2""",12.167,1,E
9,Colt Knost,"13' 0""",13.000,1,E
10,Jerry Kelly,"13' 10""",27.667,2,-2
11,Brendon Todd,"14' 10""",14.833,1,E
12,Brian Gay,"15' 0""",15.000,1,E
13,Doug LaBelle II,"16' 9""",50.333,3,+2
14,Tim Herron,"18' 3""",36.500,2,E
15,Brian Harman,"19' 7""",19.583,1,E
16,Bobby Gates,"22' 5""",22.417,1,E
17,Corey Pavin,"23' 2""",46.250,2,+2
18,Justin Leonard,"25' 2""",25.167,1,E
19,Jarrod Lyle,"26' 0""",26.000,1,E
20,Sangmoon Bae,"26' 2""",26.167,1,E
21,Josh Teater,"27' 3""",27.250,1,E
22,Matt Every,"27' 7""",27.583,1,E
23,Tommy Biershenk,"31' 9""",31.750,1,E
23,Pat Perez,"31' 9""",31.750,1,E
25,David Hearn,"35' 3""",35.250,1,E
26,Billy Mayfair,"37' 9""",37.750,1,E
27,Kevin Chappell,"42' 5""",42.417,1,E
28,S.Y. Noh,"44' 9""",44.750,1,E
29,Harris English,"49' 8""",49.667,1,+2
30,Tadd Fujikawa,"53' 2""",53.167,1,E
31,Chris DiMarco,"81' 8""",81.667,1,E
