rank,player,Low Rnd
1,Patrick Reed,66
2,Justin Thomas,67
3,Patrick Cantlay,68
3,Rickie Fowler,68
3,Matt Kuchar,68
3,Xander Schauffele,68
7,Dustin Johnson,69
7,Jon Rahm,69
7,Gary Woodland,69
10,Collin Morikawa,70
10,Joaquin Niemann,70
10,J.T. Poston,70
13,Lanto Griffin,71
13,Nate Lashley,71
13,Ryan Palmer,71
13,Matthew Wolff,71
17,Sung Kang,72
17,Kevin Kisner,72
19,Corey Conners,73
20,Paul Casey,74
20,Chez Reavie,74
20,Brendon Todd,74
23,Sebastián Muñoz,75
24,Graeme McDowell,76
25,Tyler Duncan,78
