rank,player,Avg,Total Strokes,Total Late Rounds
1,Xander Schauffele,69.50,278,4
1,Justin Thomas,69.50,278,4
3,Patrick Cantlay,70.25,281,4
4,Rickie Fowler,70.50,282,4
4,Dustin Johnson,70.50,141,2
6,Collin Morikawa,70.67,212,3
6,Patrick Reed,70.67,212,3
8,Jon Rahm,71.00,284,4
9,J.T. Poston,71.25,285,4
10,Gary Woodland,71.33,214,3
11,Ryan Palmer,71.50,143,2
12,Lanto Griffin,71.67,215,3
13,Sung Kang,72.00,72,1
13,Matt Kuchar,72.00,288,4
13,Joaquin Niemann,72.00,216,3
13,Matthew Wolff,72.00,216,3
17,Nate Lashley,73.00,219,3
18,Corey Conners,73.50,147,2
19,Paul Casey,74.00,74,1
19,Kevin Kisner,74.00,148,2
19,Chez Reavie,74.00,74,1
19,Brendon Todd,74.00,74,1
23,Sebastián Muñoz,75.00,75,1
24,Graeme McDowell,76.00,76,1
25,Tyler Duncan,78.00,78,1
