rank,player,Avg,Total Strokes,Total Rounds
1,Justin Thomas,69.00,69,1
1,Gary Woodland,69.00,69,1
3,Collin Morikawa,70.00,70,1
3,Jon Rahm,70.00,70,1
5,Matt Kuchar,71.00,71,1
5,Nate Lashley,71.00,71,1
5,J.T. Poston,71.00,71,1
5,Xander Schauffele,71.00,71,1
5,Matthew Wolff,71.00,71,1
10,Lanto Griffin,72.00,72,1
11,Patrick Cantlay,73.00,73,1
12,Corey Conners,74.00,74,1
12,Rickie Fowler,74.00,74,1
12,Joaquin Niemann,74.00,74,1
12,Patrick Reed,74.00,74,1
16,Graeme McDowell,76.00,76,1
