rank,player,Avg (Yards),Total Distance (inches),Number of Approach Shots
1,Matt Jones,144.8,"213,760.000",41
2,Max Homa,146.0,"231,287.000",44
3,Jon Rahm,150.2,"205,507.000",38
4,Sam Burns,152.4,"257,895.000",47
5,Jordan Spieth,152.7,"258,341.000",47
6,Justin Thomas,154.7,"189,321.000",34
7,Branden Grace,154.9,"234,251.000",42
8,Stewart Cink,155.2,"262,664.000",47
9,Kevin Na,156.8,"259,636.000",46
10,Billy Horschel,156.9,"271,105.000",48
11,Talor Gooch,157.2,"271,673.000",48
12,Cameron Smith,157.4,"198,281.000",35
13,Kevin Kisner,157.6,"226,888.000",40
14,Sungjae Im,158.4,"250,960.000",44
15,Bryson DeChambeau,159.0,"223,280.000",39
16,Brooks Koepka,160.5,"236,888.000",41
17,Lucas Herbert,160.8,"237,272.000",41
18,Cam Davis,161.6,"238,573.000",41
19,Si Woo Kim,162.1,"268,505.000",46
20,Garrick Higgo,162.2,"239,407.000",41
21,Tony Finau,162.6,"234,077.000",40
22,Collin Morikawa,163.1,"217,309.000",37
23,Harris English,164.3,"277,959.000",47
23,Hideki Matsuyama,164.3,"272,156.000",46
25,Phil Mickelson,165.0,"255,358.000",43
26,Daniel Berger,165.2,"249,729.000",42
27,Xander Schauffele,166.5,"227,753.000",38
28,Marc Leishman,168.0,"248,033.000",41
29,Erik van Rooyen,168.2,"272,462.000",45
30,Joel Dahmen,168.9,"249,304.000",41
31,Jason Kokrak,169.2,"274,148.000",45
32,K.H. Lee,170.0,"281,461.000",46
33,Abraham Ancer,170.3,"263,633.000",43
34,Patrick Reed,170.8,"239,788.000",39
35,Viktor Hovland,171.2,"252,709.000",41
36,Patrick Cantlay,172.8,"267,503.000",43
37,Lucas Glover,173.3,"268,218.000",43
38,Seamus Power,173.8,"294,034.000",47
