rank,player,Avg (Yards),Total Distance (inches),Number of Approach Shots
1,Jordan Spieth,108.9,"7,842.000",2
2,Patrick Cantlay,109.9,"7,915.000",2
3,Talor Gooch,113.0,"12,203.000",3
4,Jon Rahm,113.7,"4,092.000",1
5,Harris English,124.9,"22,490.000",5
6,K.H. Lee,125.7,"22,627.000",5
7,Daniel Berger,138.9,"15,005.000",3
8,Billy Horschel,139.6,"15,077.000",3
9,Marc Leishman,144.2,"20,762.000",4
10,Max Homa,147.9,"15,974.000",3
11,Erik van Rooyen,149.5,"16,146.000",3
12,Xander Schauffele,151.9,"38,270.000",7
13,Bryson DeChambeau,153.0,"49,567.000",9
14,Abraham Ancer,154.9,"44,601.000",8
15,Lucas Glover,155.6,"44,802.000",8
16,Si Woo Kim,156.8,"16,929.000",3
17,Tony Finau,161.6,"34,911.000",6
18,Hideki Matsuyama,164.3,"17,739.000",3
19,Patrick Reed,164.7,"35,566.000",6
20,Kevin Kisner,167.3,"24,088.000",4
21,Viktor Hovland,167.8,"42,292.000",7
22,Branden Grace,171.6,"43,240.000",7
23,Jason Kokrak,172.2,"49,586.000",8
24,Collin Morikawa,173.9,"37,554.000",6
25,Seamus Power,175.5,"18,954.000",3
26,Justin Thomas,177.9,"32,016.000",5
27,Stewart Cink,181.2,"26,098.000",4
28,Cam Davis,181.3,"32,629.000",5
29,Lucas Herbert,185.1,"39,982.000",6
30,Kevin Na,189.4,"20,459.000",3
31,Phil Mickelson,190.0,"47,881.000",7
32,Sam Burns,190.7,"13,728.000",2
33,Brooks Koepka,192.6,"48,546.000",7
34,Joel Dahmen,195.8,"42,282.000",6
35,Garrick Higgo,211.0,"53,173.000",7
36,Cameron Smith,218.7,"23,624.000",3
37,Sungjae Im,268.8,"29,032.000",3
