rank,player,Avg (Yards),Total Distance (inches),Number of Approach Shots
1,Bryson DeChambeau,152.0,"131,321.000",24
1,Talor Gooch,152.0,"114,919.000",21
3,Patrick Cantlay,163.7,"159,087.000",27
4,Branden Grace,167.2,"132,460.000",22
5,Joel Dahmen,170.0,"146,908.000",24
6,K.H. Lee,170.9,"123,051.000",20
7,Sam Burns,171.3,"135,647.000",22
8,Abraham Ancer,173.2,"124,679.000",20
9,Kevin Kisner,175.0,"176,371.000",28
10,Max Homa,176.2,"152,234.000",24
11,Garrick Higgo,176.5,"152,460.000",24
12,Erik van Rooyen,177.7,"140,738.000",22
13,Cameron Smith,178.5,"218,448.000",34
14,Matt Jones,182.2,"196,799.000",30
15,Lucas Glover,182.3,"131,222.000",20
16,Tony Finau,182.9,"164,603.000",25
17,Kevin Na,183.4,"151,839.000",23
18,Collin Morikawa,183.6,"191,627.000",29
19,Justin Thomas,185.5,"206,970.000",31
20,Marc Leishman,185.8,"180,559.000",27
21,Patrick Reed,187.0,"181,770.000",27
22,Cam Davis,187.3,"175,314.000",26
22,Hideki Matsuyama,187.3,"155,093.000",23
24,Xander Schauffele,188.6,"183,352.000",27
25,Daniel Berger,188.7,"183,447.000",27
26,Brooks Koepka,190.8,"164,817.000",24
27,Viktor Hovland,190.9,"158,024.000",23
28,Stewart Cink,192.1,"145,230.000",21
29,Jon Rahm,194.0,"230,423.000",33
30,Phil Mickelson,195.6,"154,879.000",22
31,Lucas Herbert,197.1,"156,141.000",22
32,Sungjae Im,198.2,"178,377.000",25
33,Seamus Power,198.9,"157,513.000",22
34,Billy Horschel,203.8,"146,729.000",20
35,Harris English,209.5,"150,831.000",20
36,Si Woo Kim,210.1,"166,383.000",22
37,Jordan Spieth,210.9,"167,017.000",22
38,Jason Kokrak,214.8,"131,465.000",17
