rank,player,%,Greens Hit,# of holes
1,Rod Pampling,100.00,10,10
2,Dustin Johnson,95.65,22,23
3,Justin Thomas,93.75,15,16
4,Brian Stuard,91.67,11,12
5,Jim Herman,84.62,11,13
6,Tony Finau,84.21,16,19
7,Jhonattan Vegas,78.26,18,23
8,William McGirt,77.78,7,9
9,Mackenzie Hughes,76.47,13,17
9,Bubba Watson,76.47,13,17
11,Branden Grace,75.00,15,20
11,Jordan Spieth,75.00,12,16
11,Brendan Steele,75.00,18,24
14,Daniel Berger,73.33,11,15
14,James Hahn,73.33,11,15
16,Billy Hurley III,72.73,8,11
16,Pat Perez,72.73,8,11
18,Jason Day,68.00,17,25
19,Fabián Gómez,66.67,10,15
19,Hideki Matsuyama,66.67,12,18
21,Cody Gribble,65.00,13,20
22,Jimmy Walker,64.71,11,17
23,Vaughn Taylor,62.50,5,8
24,Russell Knox,61.54,8,13
25,Brandt Snedeker,61.11,11,18
26,Ryan Moore,60.00,6,10
27,Charley Hoffman,58.82,10,17
28,Greg Chalmers,58.33,7,12
29,Aaron Baddeley,57.14,8,14
30,Patrick Reed,54.55,6,11
31,Jason Dufner,53.85,7,13
32,Si Woo Kim,44.44,12,27
