rank,player,%,Greens Hit,Total Holes,Relative to par
1,William McGirt,100.00,4,4,-0.50
1,Rod Pampling,100.00,5,5,-0.20
3,Daniel Berger,87.50,7,8,-0.14
3,Tony Finau,87.50,7,8,+0.14
5,Jim Herman,85.71,6,7,-0.50
5,Dustin Johnson,85.71,6,7,E
7,Jason Dufner,83.33,5,6,+0.40
7,Charley Hoffman,83.33,5,6,-0.60
7,Patrick Reed,83.33,5,6,-0.20
10,Greg Chalmers,80.00,4,5,+0.25
10,Fabián Gómez,80.00,4,5,E
10,Ryan Moore,80.00,4,5,E
10,Justin Thomas,80.00,4,5,-0.50
10,Jhonattan Vegas,80.00,8,10,-0.13
15,Hideki Matsuyama,75.00,6,8,+0.17
15,Brandt Snedeker,75.00,3,4,-0.67
15,Jordan Spieth,75.00,3,4,-0.33
15,Bubba Watson,75.00,3,4,E
19,Branden Grace,71.43,5,7,-0.20
19,Pat Perez,71.43,5,7,-0.20
21,Billy Hurley III,66.67,2,3,E
21,Vaughn Taylor,66.67,2,3,E
23,Aaron Baddeley,62.50,5,8,-0.20
24,Mackenzie Hughes,60.00,3,5,E
24,Russell Knox,60.00,3,5,E
24,Brendan Steele,60.00,3,5,-0.67
24,Brian Stuard,60.00,3,5,E
24,Jimmy Walker,60.00,3,5,-0.33
29,James Hahn,50.00,3,6,-0.33
29,Si Woo Kim,50.00,3,6,-0.33
31,Jason Day,40.00,2,5,E
31,Cody Gribble,40.00,2,5,E
