rank,player,%,Greens Hit,Total Holes,Relative to par
1,William McGirt,87.50,35,40,-0.06
2,Jim Herman,87.18,34,39,-0.21
3,Justin Thomas,85.29,29,34,-0.34
4,Ryan Moore,83.67,41,49,-0.12
5,Brian Stuard,80.77,42,52,-0.14
6,Hideki Matsuyama,79.49,31,39,-0.10
7,Daniel Berger,79.07,34,43,-0.12
7,Rod Pampling,79.07,34,43,-0.12
9,Bubba Watson,78.79,26,33,-0.04
10,Jimmy Walker,78.57,33,42,-0.18
11,Pat Perez,77.27,34,44,-0.18
12,Dustin Johnson,76.47,26,34,-0.08
13,Billy Hurley III,76.09,35,46,+0.09
14,Jordan Spieth,75.68,28,37,-0.36
15,Patrick Reed,75.61,31,41,-0.23
16,Vaughn Taylor,75.51,37,49,-0.24
17,Jason Day,75.00,27,36,-0.11
17,Brandt Snedeker,75.00,33,44,-0.15
19,Russell Knox,73.91,34,46,-0.15
20,Branden Grace,73.81,31,42,-0.06
21,Fabián Gómez,73.33,33,45,-0.15
22,Aaron Baddeley,72.97,27,37,-0.19
23,Tony Finau,72.22,26,36,+0.04
24,Jhonattan Vegas,71.79,28,39,-0.07
25,James Hahn,71.11,32,45,-0.09
26,Mackenzie Hughes,70.73,29,41,-0.21
27,Brendan Steele,70.00,28,40,-0.14
28,Charley Hoffman,67.50,27,40,-0.33
29,Cody Gribble,66.67,28,42,-0.18
30,Greg Chalmers,65.91,29,44,-0.10
31,Jason Dufner,65.00,26,40,-0.23
32,Si Woo Kim,52.17,24,46,-0.13
