rank,player,%,Total Hit,Total Attempts,RTP Score
1,Dustin Johnson,97.22,70,72,-23.00
1,Justin Thomas,97.22,70,72,-30.00
3,Jim Herman,95.83,69,72,-22.00
3,Hideki Matsuyama,95.83,69,72,-29.00
3,Pat Perez,95.83,69,72,-28.00
6,Daniel Berger,94.44,68,72,-21.00
6,Tony Finau,94.44,68,72,-23.00
6,William McGirt,94.44,68,72,-20.00
6,Ryan Moore,94.44,68,72,-21.00
6,Bubba Watson,94.44,68,72,-18.00
11,Rod Pampling,93.06,67,72,-16.00
11,Jordan Spieth,93.06,67,72,-33.00
13,Patrick Reed,91.67,66,72,-28.00
13,Brendan Steele,91.67,66,72,-25.00
15,Aaron Baddeley,90.28,65,72,-15.00
15,Jason Day,90.28,65,72,-24.00
15,Jason Dufner,90.28,65,72,-18.00
18,Russell Knox,88.89,64,72,-25.00
18,Brandt Snedeker,88.89,64,72,-19.00
18,Jhonattan Vegas,88.89,64,72,-17.00
18,Jimmy Walker,88.89,64,72,-23.00
22,James Hahn,87.50,63,72,-19.00
22,Brian Stuard,87.50,63,72,-13.00
22,Vaughn Taylor,87.50,63,72,-18.00
25,Charley Hoffman,86.11,62,72,-22.00
25,Mackenzie Hughes,86.11,62,72,-20.00
25,Billy Hurley III,86.11,62,72,-12.00
28,Fabián Gómez,84.72,61,72,-19.00
28,Branden Grace,84.72,61,72,-14.00
30,Cody Gribble,83.33,60,72,-26.00
31,Greg Chalmers,75.00,54,72,-15.00
32,Si Woo Kim,72.22,52,72,-21.00
