rank,player,%,Greens Hit,Total Holes,Relative to par
1,Jason Day,100.00,11,11,-0.09
1,Jason Dufner,100.00,10,10,-0.20
1,James Hahn,100.00,8,8,-0.13
1,Charley Hoffman,100.00,7,7,-0.29
1,Mackenzie Hughes,100.00,10,10,-0.10
1,Si Woo Kim,100.00,7,7,-0.14
1,Russell Knox,100.00,8,8,-0.25
1,Hideki Matsuyama,100.00,8,8,-0.50
1,Rod Pampling,100.00,9,9,E
1,Jordan Spieth,100.00,8,8,-0.38
1,Brendan Steele,100.00,7,7,-0.29
1,Brian Stuard,100.00,3,3,E
1,Vaughn Taylor,100.00,4,4,-0.25
1,Jhonattan Vegas,100.00,7,7,-0.14
15,Aaron Baddeley,93.33,14,15,+0.07
16,Jimmy Walker,92.31,12,13,-0.33
17,Branden Grace,90.91,10,11,-0.20
17,William McGirt,90.91,10,11,-0.40
19,Pat Perez,90.00,9,10,-0.22
20,Jim Herman,88.89,8,9,-0.38
20,Dustin Johnson,88.89,8,9,-0.13
22,Billy Hurley III,87.50,7,8,-0.29
22,Ryan Moore,87.50,7,8,-0.43
22,Brandt Snedeker,87.50,7,8,E
22,Justin Thomas,87.50,14,16,-0.43
26,Cody Gribble,85.71,6,7,-0.33
26,Patrick Reed,85.71,6,7,-0.33
28,Daniel Berger,83.33,5,6,E
29,Tony Finau,71.43,5,7,-0.40
29,Bubba Watson,71.43,5,7,-0.20
31,Fabián Gómez,66.67,4,6,-0.25
32,Greg Chalmers,62.50,5,8,-0.40
