rank,player,%,Greens Hit,Total Holes,Relative to par
1,Jason Dufner,97.56,40,41,-0.30
2,Rod Pampling,97.37,37,38,-0.38
3,Brendan Steele,97.30,36,37,-0.42
4,Russell Knox,95.00,38,40,-0.47
5,Patrick Reed,94.74,36,38,-0.50
6,Pat Perez,94.59,35,37,-0.46
7,Brian Stuard,94.44,34,36,-0.32
8,Justin Thomas,93.18,41,44,-0.44
9,Jordan Spieth,92.86,39,42,-0.54
9,Jimmy Walker,92.86,39,42,-0.44
11,Aaron Baddeley,92.68,38,41,-0.26
12,Daniel Berger,92.11,35,38,-0.29
12,James Hahn,92.11,35,38,-0.40
14,Fabián Gómez,91.43,32,35,-0.41
15,Branden Grace,90.70,39,43,-0.31
16,Dustin Johnson,90.48,38,42,-0.42
17,Brandt Snedeker,89.74,35,39,-0.31
17,Vaughn Taylor,89.74,35,39,-0.34
19,Ryan Moore,89.47,34,38,-0.50
19,Jhonattan Vegas,89.47,34,38,-0.38
21,Hideki Matsuyama,88.89,40,45,-0.55
22,Jim Herman,88.64,39,44,-0.28
23,William McGirt,88.37,38,43,-0.37
24,Jason Day,88.10,37,42,-0.46
25,Mackenzie Hughes,87.80,36,41,-0.33
26,Si Woo Kim,84.85,28,33,-0.50
27,Tony Finau,84.78,39,46,-0.49
28,Bubba Watson,84.44,38,45,-0.32
29,Cody Gribble,82.86,29,35,-0.55
30,Billy Hurley III,80.56,29,36,-0.41
31,Charley Hoffman,78.72,37,47,-0.30
32,Greg Chalmers,70.00,28,40,-0.46
