rank,player,%,Greens Hit,Total Holes,Relative to par
1,Aaron Baddeley,100.00,6,6,-0.17
1,Daniel Berger,100.00,9,9,E
1,Jason Dufner,100.00,9,9,-0.44
1,Fabián Gómez,100.00,9,9,-0.22
1,Branden Grace,100.00,13,13,-0.23
1,Cody Gribble,100.00,6,6,-0.33
1,Jim Herman,100.00,11,11,-0.09
1,Rod Pampling,100.00,9,9,-0.56
1,Brendan Steele,100.00,8,8,-0.13
1,Justin Thomas,100.00,7,7,-0.29
11,Vaughn Taylor,94.12,16,17,-0.44
12,Ryan Moore,93.33,14,15,-0.29
13,Jimmy Walker,91.67,11,12,-0.27
14,James Hahn,90.91,10,11,-0.20
14,Brandt Snedeker,90.91,10,11,-0.10
16,Pat Perez,88.89,8,9,-0.13
17,Brian Stuard,88.24,15,17,-0.33
18,Russell Knox,87.50,14,16,-0.21
18,Patrick Reed,87.50,7,8,-0.43
18,Jordan Spieth,87.50,7,8,-0.57
21,Bubba Watson,85.71,6,7,-0.17
22,Mackenzie Hughes,81.82,9,11,-0.33
22,William McGirt,81.82,9,11,+0.11
24,Billy Hurley III,75.00,9,12,-0.11
24,Dustin Johnson,75.00,3,4,-0.33
24,Hideki Matsuyama,75.00,9,12,-0.33
27,Jason Day,71.43,5,7,-0.40
28,Charley Hoffman,66.67,10,15,-0.20
28,Jhonattan Vegas,66.67,4,6,-0.25
30,Si Woo Kim,62.50,5,8,E
31,Tony Finau,60.00,6,10,E
32,Greg Chalmers,46.15,6,13,-0.33
