rank,player,%,Greens Hit,Total Holes,Relative to par
1,Russell Knox,100.00,16,16,-0.81
1,Pat Perez,100.00,18,18,-0.72
1,Patrick Reed,100.00,23,23,-0.57
1,Brian Stuard,100.00,16,16,-0.38
5,Tony Finau,96.55,28,29,-0.61
6,Jason Dufner,95.45,21,22,-0.29
6,Brendan Steele,95.45,21,22,-0.57
8,Justin Thomas,95.24,20,21,-0.50
9,Fabián Gómez,95.00,19,20,-0.53
9,Rod Pampling,95.00,19,20,-0.47
11,Jimmy Walker,94.12,16,17,-0.63
12,Dustin Johnson,93.10,27,29,-0.52
13,Jordan Spieth,92.31,24,26,-0.58
14,Hideki Matsuyama,92.00,23,25,-0.65
14,Jhonattan Vegas,92.00,23,25,-0.48
16,Daniel Berger,91.30,21,23,-0.48
17,William McGirt,90.48,19,21,-0.58
18,Aaron Baddeley,90.00,18,20,-0.56
18,Brandt Snedeker,90.00,18,20,-0.56
20,Greg Chalmers,89.47,17,19,-0.53
20,James Hahn,89.47,17,19,-0.65
22,Si Woo Kim,88.89,16,18,-0.81
23,Jason Day,87.50,21,24,-0.67
24,Bubba Watson,87.10,27,31,-0.37
25,Ryan Moore,86.67,13,15,-0.77
26,Mackenzie Hughes,85.00,17,20,-0.47
27,Branden Grace,84.21,16,19,-0.44
28,Jim Herman,83.33,20,24,-0.35
28,Vaughn Taylor,83.33,15,18,-0.27
30,Billy Hurley III,81.25,13,16,-0.69
31,Charley Hoffman,80.00,20,25,-0.35
32,Cody Gribble,77.27,17,22,-0.71
