rank,player,%,Greens Hit,Total Holes,Relative to par
1,Greg Chalmers,100.00,7,7,-0.14
2,Cody Gribble,90.00,9,10,-0.11
2,Hideki Matsuyama,90.00,9,10,-0.11
2,Pat Perez,90.00,9,10,-0.44
5,William McGirt,88.89,8,9,-0.38
6,Jim Herman,87.50,7,8,+0.14
6,Charley Hoffman,87.50,7,8,-0.29
6,Mackenzie Hughes,87.50,7,8,-0.14
9,Bubba Watson,84.62,11,13,E
10,James Hahn,83.33,10,12,-0.10
10,Ryan Moore,83.33,10,12,-0.10
12,Branden Grace,80.00,8,10,+0.25
12,Rod Pampling,80.00,8,10,+0.38
12,Brandt Snedeker,80.00,8,10,-0.25
12,Jhonattan Vegas,80.00,8,10,-0.13
16,Vaughn Taylor,77.78,7,9,E
17,Billy Hurley III,75.00,6,8,+0.17
18,Fabián Gómez,72.73,8,11,-0.13
19,Aaron Baddeley,70.00,7,10,-0.29
19,Daniel Berger,70.00,7,10,-0.14
19,Dustin Johnson,70.00,7,10,-0.14
19,Patrick Reed,70.00,7,10,+0.14
19,Brendan Steele,70.00,7,10,-0.14
24,Tony Finau,66.67,6,9,-0.17
24,Jordan Spieth,66.67,8,12,-0.25
24,Justin Thomas,66.67,6,9,-0.33
24,Jimmy Walker,66.67,6,9,E
28,Jason Day,62.50,5,8,-0.20
29,Russell Knox,57.14,4,7,-0.25
29,Brian Stuard,57.14,4,7,-0.25
31,Si Woo Kim,50.00,6,12,E
32,Jason Dufner,22.22,2,9,-1.00
