rank,player,%,Greens Hit,Total Holes,Relative to par
1,Daniel Berger,100.00,8,8,-0.25
1,Greg Chalmers,100.00,6,6,-0.33
1,Tony Finau,100.00,1,1,E
1,Mackenzie Hughes,100.00,5,5,-0.20
1,Dustin Johnson,100.00,5,5,E
1,William McGirt,100.00,5,5,+0.60
1,Rod Pampling,100.00,7,7,-0.29
1,Pat Perez,100.00,7,7,E
1,Jordan Spieth,100.00,4,4,-0.50
1,Justin Thomas,100.00,3,3,-0.67
1,Jimmy Walker,100.00,8,8,-0.13
1,Bubba Watson,100.00,2,2,E
13,Jason Day,87.50,7,8,E
14,Billy Hurley III,85.71,6,7,E
14,Brendan Steele,85.71,6,7,-0.17
16,Jhonattan Vegas,80.00,4,5,E
17,Brandt Snedeker,77.78,7,9,E
17,Brian Stuard,77.78,7,9,-0.14
19,Aaron Baddeley,75.00,3,4,E
19,Branden Grace,75.00,3,4,E
19,Patrick Reed,75.00,6,8,-0.33
22,Vaughn Taylor,71.43,5,7,-0.20
23,Jason Dufner,60.00,3,5,-0.33
23,James Hahn,60.00,3,5,-0.33
23,Si Woo Kim,60.00,3,5,E
23,Russell Knox,60.00,3,5,-0.33
27,Fabián Gómez,57.14,4,7,-0.50
28,Cody Gribble,50.00,6,12,-0.17
28,Hideki Matsuyama,50.00,1,2,E
30,Ryan Moore,40.00,2,5,-0.50
31,Jim Herman,25.00,1,4,-1.00
32,Charley Hoffman,.00,0,1,E
