rank,player,%,Greens Hit,Total Holes,Relative to par
1,Russell Knox,100.00,24,24,-0.63
1,Brian Stuard,100.00,19,19,-0.32
3,Jason Dufner,96.88,31,32,-0.26
4,Patrick Reed,96.67,29,30,-0.52
5,Rod Pampling,96.55,28,29,-0.32
5,Brendan Steele,96.55,28,29,-0.50
7,Pat Perez,96.43,27,28,-0.56
8,Jordan Spieth,94.12,32,34,-0.53
9,Hideki Matsuyama,93.94,31,33,-0.61
10,Jhonattan Vegas,93.75,30,32,-0.40
11,Jimmy Walker,93.33,28,30,-0.50
12,James Hahn,92.59,25,27,-0.48
13,Dustin Johnson,92.11,35,38,-0.43
14,Si Woo Kim,92.00,23,25,-0.61
15,Justin Thomas,91.89,34,37,-0.47
16,Tony Finau,91.67,33,36,-0.58
17,Aaron Baddeley,91.43,32,35,-0.28
17,Jason Day,91.43,32,35,-0.47
19,William McGirt,90.63,29,32,-0.52
20,Mackenzie Hughes,90.00,27,30,-0.33
21,Daniel Berger,89.66,26,29,-0.38
22,Brandt Snedeker,89.29,25,28,-0.40
23,Fabián Gómez,88.46,23,26,-0.48
24,Ryan Moore,86.96,20,23,-0.65
25,Branden Grace,86.67,26,30,-0.35
26,Vaughn Taylor,86.36,19,22,-0.26
27,Jim Herman,84.85,28,33,-0.36
28,Charley Hoffman,84.38,27,32,-0.33
29,Bubba Watson,84.21,32,38,-0.34
30,Billy Hurley III,83.33,20,24,-0.55
31,Greg Chalmers,81.48,22,27,-0.50
32,Cody Gribble,79.31,23,29,-0.61
