rank,player,%,Greens Hit,Total Holes,Relative to par
1,Jason Day,100.00,8,8,E
1,Jim Herman,100.00,9,9,-0.33
3,Brian Stuard,92.86,13,14,+0.08
4,Ryan Moore,91.67,11,12,+0.09
5,Justin Thomas,90.00,9,10,-0.22
6,Hideki Matsuyama,85.71,6,7,E
7,William McGirt,81.82,9,11,-0.11
8,Russell Knox,76.92,10,13,E
9,Tony Finau,75.00,6,8,+0.17
9,Billy Hurley III,75.00,12,16,+0.25
11,Aaron Baddeley,66.67,6,9,-0.17
11,Patrick Reed,66.67,6,9,-0.33
11,Jordan Spieth,66.67,6,9,-0.17
14,Jason Dufner,63.64,7,11,-0.14
15,Dustin Johnson,62.50,5,8,E
15,Jimmy Walker,62.50,5,8,-0.20
17,Fabián Gómez,61.54,8,13,E
18,Bubba Watson,57.14,4,7,E
19,Cody Gribble,55.56,5,9,-0.20
20,James Hahn,54.55,6,11,+0.33
21,Vaughn Taylor,53.85,7,13,-0.14
22,Charley Hoffman,50.00,5,10,-0.40
22,Brandt Snedeker,50.00,5,10,E
22,Jhonattan Vegas,50.00,4,8,+0.25
25,Si Woo Kim,46.67,7,15,-0.29
26,Greg Chalmers,46.15,6,13,+0.17
27,Pat Perez,45.45,5,11,E
28,Mackenzie Hughes,41.67,5,12,-0.20
28,Rod Pampling,41.67,5,12,+0.20
30,Brendan Steele,40.00,4,10,+0.25
31,Daniel Berger,37.50,3,8,E
32,Branden Grace,25.00,2,8,E
