rank,player,Distance,Tournament,Round- Course,Hole
1,Jonas Blixt,210,Sony Open,1,6 - Par 4 -
2,Marc Leishman,155,Sony Open,2,8 - Par 4 -
3,Brad Fritsch,154,Sony Open,1,5 - Par 4 -
4,Lee Williams,68,Sony Open,2,9 - Par 5 -
5,Dean Wilson,59,Sony Open,2,9 - Par 5 -
6,Brendon de Jonge,26,Sony Open,1,9 - Par 5 -
7,Chris Kirk,25,Sony Open,3,18 - Par 5
8,Morgan Hoffmann,21,Sony Open,1,6 - Par 4 -
9,Hideki Matsuyama,20,Sony Open,2,18 - Par 5
10,Alistair Presnell,20,Sony Open,4,8 - Par 4 -
11,Danny Lee,19,Sony Open,4,2 - Par 4 -
12,Justin Hicks,17,Sony Open,4,2 - Par 4 -
13,John Huh,16,Sony Open,1,17 - Par 3
14,Ricky Barnes,16,Sony Open,2,4 - Par 3 -
15,Brian Gay,15,Sony Open,2,2 - Par 4 -
16,Jason Kokrak,15,Sony Open,1,18 - Par 5
18,Chez Reavie,13,Sony Open,1,6 - Par 4 -
20,Joe Ogilvie,12,Sony Open,1,16 - Par 4
21,Shane Bertsch,12,Sony Open,3,2 - Par 4 -
22,Sangmoon Bae,12,Sony Open,1,2 - Par 4 -
23,Scott Langley,11,Sony Open,3,1 - Par 4 -
24,Tim Herron,11,Sony Open,1,15 - Par 4
25,Greg Owen,10,Sony Open,1,1 - Par 4 -
26,Bart Bryant,10,Sony Open,2,2 - Par 4 -
27,Hideto Tanihara,10,Sony Open,4,6 - Par 4 -
28,Robert Streb,10,Sony Open,3,13 - Par 4
29,Daniel Summerhays,9,Sony Open,2,8 - Par 4 -
30,George McNeill,9,Sony Open,3,6 - Par 4 -
31,Ben Kohles,8,Sony Open,4,16 - Par 4
32,Billy Horschel,8,Sony Open,2,2 - Par 4 -
33,Y.E. Yang,8,Sony Open,1,4 - Par 3 -
36,Steven Bowditch,7,Sony Open,2,2 - Par 4 -
37,Webb Simpson,7,Sony Open,4,7 - Par 3 -
38,Cameron Percy,7,Sony Open,4,6 - Par 4 -
40,Scott Gardiner,6,Sony Open,2,11 - Par 3
42,Andres Gonzales,5,Sony Open,2,16 - Par 4
43,Tommy Gainey,5,Sony Open,4,4 - Par 3 -
44,John Rollins,5,Sony Open,4,9 - Par 5 -
46,Tim Clark,4,Sony Open,4,3 - Par 4 -
