rank,player,Hole outs
1,John Huh,3
2,Tim Herron,2
2,Morgan Hoffmann,2
2,Alistair Presnell,2
2,Webb Simpson,2
2,Dean Wilson,2
7,Sangmoon Bae,1
7,Ricky Barnes,1
7,Shane Bertsch,1
7,Steven Bowditch,1
7,Bart Bryant,1
7,Tim Clark,1
7,Brendon de Jonge,1
7,Brad Fritsch,1
7,Tommy Gainey,1
7,Scott Gardiner,1
7,Brian Gay,1
7,Justin Hicks,1
7,Billy Horschel,1
7,Chris Kirk,1
7,Ben Kohles,1
7,Jason Kokrak,1
7,Scott Langley,1
7,Danny Lee,1
7,Marc Leishman,1
7,George McNeill,1
7,Cameron Percy,1
7,John Rollins,1
7,Robert Streb,1
7,Hideto Tanihara,1
7,Lee Williams,1
7,Y.E. Yang,1
