rank,player,Avg (Yards),Total Distance (inches),Number of Approach Shots
1,Hideto Tanihara,127.0,"45,717,000",10
2,Ben Kohles,131.2,"33,072,000",7
3,Keegan Bradley,136.9,"49,300,000",10
4,Ryan Palmer,140.4,"40,424,000",8
5,Jeff Overton,142.1,"30,697,000",6
6,David Hearn,144.7,"41,678,000",8
7,Tim Clark,144.8,"10,427,000",2
8,Derek Ernst,145.3,"47,068,000",9
9,Chad Campbell,146.2,"52,623,000",10
10,Tommy Gainey,146.8,"52,859,000",10
11,John Daly,147.2,"74,167,000",14
12,Josh Teater,148.2,"37,342,000",7
13,Kevin Streelman,149.6,"32,324,000",6
14,Cameron Percy,149.7,"43,102,000",8
15,Morgan Hoffmann,153.3,"77,241,000",14
16,Henrik Norlander,154.7,"83,536,000",15
17,Billy Horschel,155.6,"72,843,000",13
18,Y.E. Yang,155.9,"39,287,000",7
19,Brendon de Jonge,156.1,"39,346,000",7
20,Brian Stuard,156.4,"39,422,000",7
21,Charlie Wi,158.2,"62,662,000",11
22,Robert Streb,158.7,"91,404,000",16
23,Justin Leonard,159.2,"28,651,000",5
24,Webb Simpson,159.3,"34,413,000",6
25,Matt Jones,159.7,"40,235,000",7
26,D.H. Lee,160.2,"34,604,000",6
26,David Lingmerth,160.2,"51,912,000",9
28,Bart Bryant,160.7,"46,288,000",8
29,Chris Kirk,161.3,"34,835,000",6
30,Scott Langley,163.1,"52,850,000",9
31,Brad Fritsch,163.2,"70,500,000",12
32,Ricky Barnes,163.3,"29,399,000",5
33,Dean Wilson,163.6,"58,908,000",10
34,Shawn Stefani,164.1,"53,158,000",9
35,Brian Gay,165.1,"47,549,000",8
36,James Hahn,165.2,"59,460,000",10
36,Justin Hicks,165.2,"41,618,000",7
38,Jeff Maggert,165.4,"35,723,000",6
39,George McNeill,166.1,"41,862,000",7
40,Kyle Stanley,166.2,"65,823,000",11
41,Stephen Ames,166.4,"47,930,000",8
42,Marc Leishman,166.9,"42,051,000",7
43,Carl Pettersson,167.1,"66,167,000",11
44,Tim Herron,167.9,"54,397,000",9
45,Scott Gardiner,168.2,"48,433,000",8
46,Shane Bertsch,168.3,"36,359,000",6
46,Russell Henley,168.3,"12,114,000",2
48,Sangmoon Bae,168.6,"72,822,000",12
48,Steve Marino,168.6,"54,638,000",9
50,Fabián Gómez,169.3,"67,051,000",11
51,Nicholas Thompson,169.8,"67,260,000",11
52,Pat Perez,170.0,"30,596,000",5
53,Doug LaBelle II,171.0,"80,044,000",13
54,Harris English,172.6,"49,712,000",8
55,Lee Williams,172.8,"49,752,000",8
56,Russ Cochran,173.2,"49,871,000",8
57,Dicky Pride,175.1,"37,811,000",6
58,Peter Tomasulo,177.4,"63,857,000",10
59,Rory Sabbatini,177.5,"102,260,000",16
60,Jason Kokrak,178.5,"89,975,000",14
61,John Huh,178.8,"51,487,000",8
62,Matt Kuchar,179.1,"19,343,000",3
63,John Senden,179.2,"38,703,000",6
64,Vijay Singh,179.9,"19,427,000",3
65,Mark Anderson,180.9,"78,134,000",12
66,Steven Bowditch,181.0,"65,157,000",10
67,David Mathis,181.9,"52,396,000",8
68,John Rollins,182.8,"46,076,000",7
69,Erik Compton,186.2,"40,222,000",6
70,Charles Howell III,189.3,"20,445,000",3
71,Jimmy Walker,189.5,"34,113,000",5
72,Danny Lee,191.0,"48,139,000",7
73,Alistair Presnell,194.7,"56,071,000",8
74,Scott Piercy,205.8,"59,279,000",8
