rank,player,%,Total 3 Putts,Total Holes
1,Stephen Ames,5.56,1,18
1,Ángel Cabrera,5.56,1,18
1,Paul Casey,5.56,1,18
1,Brian Gay,5.56,1,18
1,Nathan Green,5.56,1,18
1,Zach Johnson,5.56,1,18
1,Jerry Kelly,5.56,1,18
1,Troy Matteson,5.56,1,18
1,Sean O'Hair,5.56,1,18
1,Geoff Ogilvy,5.56,1,18
1,Kenny Perry,5.56,1,18
1,Rory Sabbatini,5.56,1,18
1,Nick Watney,5.56,1,18
14,Stewart Cink,11.11,2,18
14,Lucas Glover,11.11,2,18
14,Martin Laird,11.11,2,18
14,Pat Perez,11.11,2,18
14,Mark Wilson,11.11,2,18
