rank,player,%,Total 3 Putts,Attempts,2 Putt or Better %
1,Stephen Ames,.00,0,9,100.0
1,Michael Bradley,.00,0,7,100.0
1,Ángel Cabrera,.00,0,8,100.0
1,Paul Casey,.00,0,6,100.0
1,Stewart Cink,.00,0,9,100.0
1,Brian Gay,.00,0,6,100.0
1,Retief Goosen,.00,0,12,100.0
1,Nathan Green,.00,0,4,100.0
1,Dustin Johnson,.00,0,12,100.0
1,Zach Johnson,.00,0,7,100.0
1,Jerry Kelly,.00,0,7,100.0
1,Matt Kuchar,.00,0,5,100.0
1,Martin Laird,.00,0,9,100.0
1,Troy Matteson,.00,0,10,100.0
1,Sean O'Hair,.00,0,8,100.0
1,Geoff Ogilvy,.00,0,5,100.0
1,Pat Perez,.00,0,6,100.0
1,Kenny Perry,.00,0,8,100.0
1,John Rollins,.00,0,5,100.0
1,Heath Slocum,.00,0,9,100.0
1,Steve Stricker,.00,0,9,100.0
1,Bo Van Pelt,.00,0,6,100.0
1,Nick Watney,.00,0,7,100.0
1,Mark Wilson,.00,0,6,100.0
1,Y.E. Yang,.00,0,9,100.0
26,Lucas Glover,8.33,1,12,91.6
27,Ryan Moore,9.09,1,11,90.9
28,Rory Sabbatini,25.00,1,4,75.0
