rank,player,%,Total 3 Putts,Attempts,2 Putt or Better %
1,Retief Goosen,.00,0,16,100.0
1,Matt Kuchar,.00,0,21,100.0
1,Ryan Moore,.00,0,25,100.0
4,John Rollins,4.17,1,24,95.8
4,Bo Van Pelt,4.17,1,24,95.8
6,Geoff Ogilvy,4.55,1,22,95.4
7,Nathan Green,5.00,1,20,95.0
7,Kenny Perry,5.00,1,20,95.0
9,Stephen Ames,5.26,1,19,94.7
9,Dustin Johnson,5.26,1,19,94.7
11,Rory Sabbatini,6.25,1,16,93.7
12,Paul Casey,8.00,2,25,92.0
13,Ángel Cabrera,9.09,2,22,90.9
13,Zach Johnson,9.09,2,22,90.9
15,Heath Slocum,11.76,2,17,88.2
16,Martin Laird,12.50,2,16,87.5
16,Troy Matteson,12.50,3,24,87.5
18,Steve Stricker,13.64,3,22,86.3
19,Jerry Kelly,14.29,3,21,85.7
19,Sean O'Hair,14.29,3,21,85.7
21,Nick Watney,15.00,3,20,85.0
22,Brian Gay,15.38,2,13,84.6
23,Michael Bradley,15.79,3,19,84.2
24,Pat Perez,18.52,5,27,81.4
25,Mark Wilson,18.75,3,16,81.2
26,Y.E. Yang,21.05,4,19,78.9
27,Stewart Cink,22.73,5,22,77.2
27,Lucas Glover,22.73,5,22,77.2
