rank,player,%,Successes,Attempts
1,Cam Davis,100.00,2,2
1,Sungjae Im,100.00,3,3
1,Kevin Na,100.00,6,6
1,Cameron Smith,100.00,3,3
5,Joel Dahmen,88.89,8,9
6,Harris English,87.50,7,8
6,Matt Jones,87.50,7,8
8,Sam Burns,83.33,5,6
9,Daniel Berger,80.00,4,5
9,Billy Horschel,80.00,8,10
11,Patrick Cantlay,75.00,3,4
11,Talor Gooch,75.00,6,8
13,Erik van Rooyen,71.43,5,7
14,Max Homa,70.00,7,10
15,Abraham Ancer,66.67,6,9
15,Bryson DeChambeau,66.67,4,6
15,Si Woo Kim,66.67,2,3
15,Marc Leishman,66.67,2,3
15,Seamus Power,66.67,4,6
15,Jon Rahm,66.67,2,3
21,Lucas Glover,60.00,3,5
21,Kevin Kisner,60.00,3,5
21,K.H. Lee,60.00,3,5
21,Hideki Matsuyama,60.00,3,5
21,Jordan Spieth,60.00,3,5
26,Phil Mickelson,57.14,4,7
27,Stewart Cink,50.00,2,4
27,Tony Finau,50.00,3,6
27,Garrick Higgo,50.00,3,6
27,Brooks Koepka,50.00,4,8
27,Collin Morikawa,50.00,2,4
27,Xander Schauffele,50.00,3,6
33,Jason Kokrak,42.86,3,7
34,Patrick Reed,40.00,2,5
35,Lucas Herbert,36.36,4,11
36,Viktor Hovland,25.00,1,4
36,Justin Thomas,25.00,1,4
38,Branden Grace,16.67,1,6
