rank,player,%,Successes,Attempts
1,Daniel Berger,100.00,1,1
1,Patrick Cantlay,100.00,1,1
1,Harris English,100.00,2,2
1,Branden Grace,100.00,1,1
1,Max Homa,100.00,1,1
1,Billy Horschel,100.00,4,4
1,Matt Jones,100.00,1,1
1,Si Woo Kim,100.00,2,2
1,Jason Kokrak,100.00,2,2
1,Marc Leishman,100.00,1,1
1,Hideki Matsuyama,100.00,5,5
1,Kevin Na,100.00,1,1
1,Jon Rahm,100.00,2,2
1,Patrick Reed,100.00,3,3
15,Cam Davis,80.00,4,5
15,K.H. Lee,80.00,4,5
17,Seamus Power,75.00,3,4
18,Tony Finau,66.67,2,3
18,Lucas Herbert,66.67,2,3
18,Garrick Higgo,66.67,2,3
18,Cameron Smith,66.67,2,3
18,Jordan Spieth,66.67,2,3
23,Abraham Ancer,50.00,1,2
23,Sam Burns,50.00,1,2
23,Joel Dahmen,50.00,1,2
23,Kevin Kisner,50.00,1,2
23,Phil Mickelson,50.00,1,2
28,Lucas Glover,33.33,1,3
28,Talor Gooch,33.33,1,3
30,Brooks Koepka,25.00,1,4
31,Stewart Cink,.00,0,1
31,Bryson DeChambeau,.00,0,1
31,Collin Morikawa,.00,0,1
31,Xander Schauffele,.00,0,2
31,Justin Thomas,.00,0,2
