rank,player,%,Successes,Attempts
1,Daniel Berger,100.00,6,6
1,Sam Burns,100.00,6,6
1,Harris English,100.00,5,5
1,Talor Gooch,100.00,6,6
1,Lucas Herbert,100.00,7,7
1,Matt Jones,100.00,5,5
1,Brooks Koepka,100.00,5,5
1,Seamus Power,100.00,4,4
1,Jon Rahm,100.00,1,1
1,Cameron Smith,100.00,5,5
1,Jordan Spieth,100.00,4,4
12,Lucas Glover,83.33,5,6
12,Erik van Rooyen,83.33,5,6
14,Abraham Ancer,81.82,9,11
15,Billy Horschel,80.00,8,10
15,Sungjae Im,80.00,4,5
15,Kevin Kisner,80.00,4,5
18,Xander Schauffele,75.00,3,4
19,Patrick Cantlay,71.43,5,7
19,Joel Dahmen,71.43,5,7
19,Viktor Hovland,71.43,5,7
22,Si Woo Kim,66.67,4,6
22,Hideki Matsuyama,66.67,2,3
22,Kevin Na,66.67,4,6
25,Tony Finau,60.00,3,5
25,Branden Grace,60.00,3,5
25,Max Homa,60.00,3,5
25,Phil Mickelson,60.00,3,5
29,Stewart Cink,50.00,3,6
29,Cam Davis,50.00,2,4
29,Bryson DeChambeau,50.00,4,8
29,Garrick Higgo,50.00,2,4
29,K.H. Lee,50.00,2,4
29,Collin Morikawa,50.00,2,4
29,Justin Thomas,50.00,1,2
36,Jason Kokrak,45.45,5,11
37,Marc Leishman,33.33,1,3
37,Patrick Reed,33.33,1,3
