rank,player,%,Successes,Attempts
1,Daniel Berger,100.00,4,4
1,Patrick Cantlay,100.00,1,1
1,Harris English,100.00,1,1
1,Tony Finau,100.00,2,2
1,Talor Gooch,100.00,1,1
1,Lucas Herbert,100.00,5,5
1,Kevin Kisner,100.00,1,1
1,Brooks Koepka,100.00,2,2
1,Hideki Matsuyama,100.00,2,2
1,Patrick Reed,100.00,1,1
1,Erik van Rooyen,100.00,1,1
12,Cameron Smith,75.00,3,4
13,Abraham Ancer,50.00,1,2
13,Sam Burns,50.00,1,2
13,Lucas Glover,50.00,2,4
13,Viktor Hovland,50.00,1,2
13,Justin Thomas,50.00,1,2
18,Phil Mickelson,33.33,1,3
19,Cam Davis,.00,0,1
19,Bryson DeChambeau,.00,0,2
19,Garrick Higgo,.00,0,2
19,Billy Horschel,.00,0,1
19,Sungjae Im,.00,0,1
19,Si Woo Kim,.00,0,1
19,Jason Kokrak,.00,0,3
19,Marc Leishman,.00,0,2
19,Collin Morikawa,.00,0,2
