rank,player,%,# of Saves,# of Bunkers
1,Daniel Berger,100.00,3,3
1,Sam Burns,100.00,1,1
1,Stewart Cink,100.00,1,1
1,Joel Dahmen,100.00,2,2
1,Tony Finau,100.00,2,2
1,Talor Gooch,100.00,1,1
1,Brooks Koepka,100.00,2,2
1,Hideki Matsuyama,100.00,2,2
1,Patrick Reed,100.00,1,1
1,Xander Schauffele,100.00,1,1
1,Cameron Smith,100.00,3,3
1,Justin Thomas,100.00,1,1
13,Lucas Herbert,80.00,4,5
14,Lucas Glover,66.67,2,3
14,Sungjae Im,66.67,2,3
14,Erik van Rooyen,66.67,2,3
17,Matt Jones,50.00,1,2
17,Si Woo Kim,50.00,1,2
17,K.H. Lee,50.00,1,2
17,Jon Rahm,50.00,1,2
21,Marc Leishman,40.00,2,5
22,Patrick Cantlay,33.33,1,3
22,Viktor Hovland,33.33,1,3
22,Phil Mickelson,33.33,1,3
25,Bryson DeChambeau,.00,0,1
25,Garrick Higgo,.00,0,1
25,Billy Horschel,.00,0,1
25,Jason Kokrak,.00,0,3
25,Collin Morikawa,.00,0,1
25,Seamus Power,.00,0,1
