rank,player,%,# Birdies,Greens Hit
1,Sungjae Im,56.67%,34,60
2,Chris Kirk,50.00%,30,60
2,Jordan Spieth,50.00%,30,60
4,Sahith Theegala,49.21%,31,63
5,Brian Harman,49.12%,28,57
6,Jason Day,47.46%,28,59
7,Nico Echavarria,47.27%,26,55
8,Byeong Hun An,46.55%,27,58
9,Akshay Bhatia,45.61%,26,57
9,Eric Cole,45.61%,26,57
11,Adam Hadwin,45.16%,28,62
12,Matt Fitzpatrick,44.83%,26,58
13,Luke List,44.44%,24,54
14,Rickie Fowler,43.86%,25,57
14,Justin Rose,43.86%,25,57
16,Erik van Rooyen,43.64%,24,55
17,Max Homa,43.55%,27,62
18,Tyrrell Hatton,43.10%,25,58
18,Mackenzie Hughes,43.10%,25,58
20,Sepp Straka,42.86%,27,63
21,Scottie Scheffler,42.42%,28,66
22,Harris English,42.37%,25,59
23,Tony Finau,42.11%,24,57
24,J.T. Poston,41.94%,26,62
25,Davis Riley,41.82%,23,55
26,Patrick Cantlay,41.27%,26,63
27,Ludvig Åberg,41.07%,23,56
27,Brendon Todd,41.07%,23,56
29,Viktor Hovland,40.68%,24,59
30,Patrick Rodgers,40.63%,26,64
31,Cam Davis,40.35%,23,57
32,Collin Morikawa,40.32%,25,62
33,Adam Svensson,40.00%,24,60
34,Taylor Moore,39.66%,23,58
34,Cameron Young,39.66%,23,58
36,Tom Hoge,39.34%,24,61
37,Kurt Kitayama,38.98%,23,59
38,Emiliano Grillo,38.60%,22,57
39,Sam Burns,38.18%,21,55
40,Si Woo Kim,37.93%,22,58
41,Xander Schauffele,37.50%,24,64
42,Denny McCarthy,37.29%,22,59
43,Tommy Fleetwood,37.04%,20,54
44,Keegan Bradley,36.67%,22,60
45,Lucas Glover,36.51%,23,63
46,Andrew Putnam,35.94%,23,64
47,Matt Wallace,35.00%,21,60
48,Wyndham Clark,34.92%,22,63
48,Corey Conners,34.92%,22,63
48,Adam Schenk,34.92%,22,63
51,Camilo Villegas,33.96%,18,53
52,Russell Henley,33.93%,19,56
53,Seamus Power,33.90%,20,59
54,Nick Hardy,30.77%,20,65
55,Nick Taylor,30.51%,18,59
56,Hideki Matsuyama,29.63%,16,54
57,Lee Hodges,29.31%,17,58
58,Tom Kim,27.87%,17,61
59,Vincent Norrman,27.27%,15,55
