rank,player,Total
1,Chris Kirk,21.8
2,Byeong Hun An,29.0
3,Cam Davis,30.4
4,J.T. Poston,36.5
5,Jordan Spieth,36.8
6,Xander Schauffele,37.0
7,Brian Harman,37.1
8,Adam Hadwin,37.3
9,Mackenzie Hughes,37.7
10,Matt Fitzpatrick,38.7
11,Nico Echavarria,39.4
12,Emiliano Grillo,40.3
13,Sungjae Im,42.8
14,Camilo Villegas,44.3
15,Adam Svensson,44.6
16,Patrick Cantlay,45.3
17,Matt Wallace,47.6
18,Taylor Moore,48.2
19,Akshay Bhatia,48.8
20,Sepp Straka,50.1
21,Seamus Power,52.3
22,Wyndham Clark,54.7
23,Erik van Rooyen,55.1
24,Tyrrell Hatton,55.2
25,Justin Rose,55.7
26,Andrew Putnam,55.9
27,Viktor Hovland,56.0
28,Tony Finau,56.7
29,Collin Morikawa,56.9
30,Jason Day,57.3
31,Russell Henley,58.4
32,Harris English,58.9
33,Nick Taylor,60.4
34,Eric Cole,60.5
35,Si Woo Kim,61.1
36,Davis Riley,61.8
37,Luke List,62.6
38,Sahith Theegala,63.3
39,Adam Schenk,64.2
40,Sam Burns,64.4
41,Cameron Young,68.3
42,Brendon Todd,69.3
43,Nick Hardy,72.2
44,Vincent Norrman,73.7
45,Tommy Fleetwood,74.4
46,Kurt Kitayama,75.1
47,Tom Hoge,76.7
48,Keegan Bradley,76.8
49,Denny McCarthy,81.8
50,Patrick Rodgers,83.0
51,Rickie Fowler,83.4
52,Ludvig Åberg,87.2
53,Max Homa,88.0
54,Corey Conners,88.7
55,Scottie Scheffler,90.4
56,Tom Kim,93.8
57,Lee Hodges,97.0
58,Lucas Glover,103.5
59,Hideki Matsuyama,115.0
