rank,player,Avg,GIR Putts,Greens Hit,Birdie Conversion
1,Nico Echavarria,1.564,86,55,47.27%
2,Sungjae Im,1.567,94,60,56.67%
3,Chris Kirk,1.583,95,60,50.00%
4,Jordan Spieth,1.600,96,60,50.00%
5,Sahith Theegala,1.603,101,63,49.21%
6,Brian Harman,1.614,92,57,49.12%
7,Matt Fitzpatrick,1.621,94,58,44.83%
8,Tyrrell Hatton,1.627,96,59,43.10%
9,Adam Hadwin,1.645,102,62,45.16%
10,Akshay Bhatia,1.649,94,57,45.61%
11,Byeong Hun An,1.655,96,58,46.55%
11,Tony Finau,1.655,96,58,42.11%
13,Jason Day,1.661,98,59,47.46%
13,Harris English,1.661,98,59,42.37%
15,Eric Cole,1.667,95,57,45.61%
16,Sepp Straka,1.683,106,63,42.86%
16,Matt Wallace,1.683,101,60,35.00%
18,Erik van Rooyen,1.691,93,55,43.64%
19,J.T. Poston,1.694,105,62,41.94%
20,Taylor Moore,1.695,100,59,39.66%
21,Brendon Todd,1.696,95,56,41.07%
22,Andrew Putnam,1.703,109,64,35.94%
23,Luke List,1.704,92,54,44.44%
24,Mackenzie Hughes,1.707,99,58,43.10%
25,Collin Morikawa,1.710,106,62,40.32%
26,Viktor Hovland,1.712,101,59,40.68%
26,Scottie Scheffler,1.712,113,66,42.42%
28,Ludvig Åberg,1.714,96,56,41.07%
29,Adam Svensson,1.717,103,60,40.00%
29,Camilo Villegas,1.717,91,53,33.96%
31,Cam Davis,1.719,98,57,40.35%
31,Rickie Fowler,1.719,98,57,43.86%
31,Justin Rose,1.719,98,57,43.86%
34,Tom Hoge,1.721,105,61,39.34%
35,Si Woo Kim,1.724,100,58,37.93%
35,Cameron Young,1.724,100,58,39.66%
37,Sam Burns,1.727,95,55,38.18%
37,Davis Riley,1.727,95,55,41.82%
39,Denny McCarthy,1.729,102,59,37.29%
39,Seamus Power,1.729,102,59,33.90%
41,Russell Henley,1.732,97,56,33.93%
42,Nick Taylor,1.733,104,60,30.51%
43,Emiliano Grillo,1.737,99,57,38.60%
44,Lucas Glover,1.746,110,63,36.51%
45,Patrick Rodgers,1.750,112,64,40.63%
46,Tommy Fleetwood,1.759,95,54,37.04%
47,Wyndham Clark,1.762,111,63,34.92%
47,Adam Schenk,1.762,111,63,34.92%
49,Xander Schauffele,1.766,113,64,37.50%
50,Max Homa,1.774,110,62,43.55%
51,Patrick Cantlay,1.778,112,63,41.27%
51,Corey Conners,1.778,112,63,34.92%
53,Keegan Bradley,1.783,107,60,36.67%
54,Hideki Matsuyama,1.800,99,55,29.63%
55,Lee Hodges,1.810,105,58,29.31%
56,Kurt Kitayama,1.814,107,59,38.98%
57,Vincent Norrman,1.836,101,55,27.27%
58,Tom Kim,1.869,114,61,27.87%
59,Nick Hardy,1.877,122,65,30.77%
