rank,player,Value,Attempts(<= 5'),Tot Made (>=20'),Tot Made (<= 5')
1,Sungjae Im,108.33,48,4,48
2,Jordan Spieth,107.41,54,6,52
3,Viktor Hovland,107.27,55,4,55
4,Eric Cole,105.66,53,5,51
5,Adam Schenk,105.08,59,4,58
6,Adam Hadwin,104.35,46,2,46
7,Harris English,104.08,49,4,47
8,Camilo Villegas,104.00,50,3,49
9,Brendon Todd,103.92,51,2,51
10,Nico Echavarria,103.85,52,3,51
11,Luke List,103.77,53,2,53
12,Nick Taylor,103.70,54,3,53
13,Brian Harman,103.64,55,4,53
13,Denny McCarthy,103.64,55,3,54
13,Sepp Straka,103.64,55,2,55
16,Andrew Putnam,103.57,56,3,55
17,Emiliano Grillo,103.45,58,3,57
18,Wyndham Clark,103.39,59,3,58
19,Collin Morikawa,103.23,62,2,62
20,Erik van Rooyen,102.00,50,4,47
21,Seamus Power,101.96,51,2,50
22,Chris Kirk,101.89,53,1,53
22,Adam Svensson,101.89,53,2,52
22,Sahith Theegala,101.89,53,4,50
22,Matt Wallace,101.89,53,3,51
26,Taylor Moore,101.85,54,1,54
27,Xander Schauffele,101.82,55,1,55
28,Matt Fitzpatrick,101.79,56,2,55
29,Vincent Norrman,101.75,57,2,56
30,Tom Hoge,101.72,58,3,56
30,Cameron Young,101.72,58,2,57
32,Patrick Rodgers,101.67,60,2,59
33,Sam Burns,100.00,54,1,53
33,Patrick Cantlay,100.00,59,0,59
33,Corey Conners,100.00,59,2,57
33,Cam Davis,100.00,50,2,48
33,Russell Henley,100.00,54,2,52
33,Si Woo Kim,100.00,58,3,55
33,Tom Kim,100.00,61,2,59
33,J.T. Poston,100.00,55,1,54
33,Davis Riley,100.00,53,3,50
42,Kurt Kitayama,98.39,62,3,58
43,Tommy Fleetwood,98.36,61,3,57
44,Lee Hodges,98.28,58,1,56
45,Max Homa,98.25,57,1,55
46,Ludvig Åberg,98.21,56,1,54
47,Tyrrell Hatton,98.11,53,1,51
48,Akshay Bhatia,98.00,50,1,48
49,Byeong Hun An,97.96,49,0,48
50,Keegan Bradley,96.49,57,1,54
50,Scottie Scheffler,96.49,57,3,52
52,Nick Hardy,96.30,54,0,52
53,Justin Rose,95.92,49,1,46
54,Jason Day,94.74,57,0,54
55,Mackenzie Hughes,94.44,54,0,51
56,Lucas Glover,93.85,65,0,61
57,Tony Finau,93.44,61,2,55
58,Rickie Fowler,93.10,58,1,53
59,Hideki Matsuyama,92.42,66,0,61
