rank,player,%,Greens Hit,# Holes,Relative/Par
1,Jimmy Walker,81.94,59,72,-0.47
2,Chez Reavie,79.17,57,72,-0.33
3,K.J. Choi,77.78,56,72,-0.23
3,Kevin Streelman,77.78,56,72,-0.18
5,Daniel Summerhays,76.39,55,72,-0.31
6,Blayne Barber,75.00,54,72,-0.20
6,Chris Kirk,75.00,54,72,-0.22
6,Francesco Molinari,75.00,54,72,-0.24
6,Nicholas Thompson,75.00,54,72,-0.26
10,Paul Casey,73.61,53,72,-0.34
10,Stewart Cink,73.61,53,72,-0.26
10,Harris English,73.61,53,72,-0.32
10,Spencer Levin,73.61,53,72,-0.19
10,Shawn Stefani,73.61,53,72,-0.26
15,Stuart Appleby,72.22,52,72,-0.33
15,Daniel Berger,72.22,52,72,-0.23
15,Zac Blair,72.22,52,72,-0.29
15,Steven Bowditch,72.22,52,72,-0.29
15,Charles Howell III,72.22,52,72,-0.25
15,Colt Knost,72.22,52,72,-0.31
15,Scott Langley,72.22,52,72,-0.23
15,Scott Piercy,72.22,52,72,-0.31
15,Scott Pinckney,72.22,52,72,-0.31
15,Brendon Todd,72.22,52,72,-0.19
15,Camilo Villegas,72.22,52,72,-0.29
26,Luke Donald,70.83,51,72,-0.25
26,Mark Hubbard,70.83,51,72,-0.20
26,Michael Putnam,70.83,51,72,-0.18
26,Gary Woodland,70.83,51,72,-0.35
30,J.J. Henry,69.44,50,72,-0.34
30,Hyung-Sung Kim,69.44,50,72,-0.38
30,Justin Leonard,69.44,50,72,-0.22
30,Ben Martin,69.44,50,72,-0.26
30,Nick Taylor,69.44,50,72,-0.28
35,Sangmoon Bae,68.06,49,72,-0.22
35,Tim Clark,68.06,49,72,-0.37
35,Russell Knox,68.06,49,72,-0.39
35,Jeff Overton,68.06,49,72,-0.29
35,John Peterson,68.06,49,72,-0.27
35,Webb Simpson,68.06,49,72,-0.37
35,Robert Streb,68.06,49,72,-0.39
35,Andrew Svoboda,68.06,49,72,-0.29
35,Justin Thomas,68.06,49,72,-0.41
44,Brian Harman,66.67,48,72,-0.44
44,WC Liang,66.67,48,72,-0.23
44,Pat Perez,66.67,48,72,-0.38
44,Jhonattan Vegas,66.67,48,72,-0.25
48,Jason Day,65.28,47,72,-0.36
48,James Hahn,65.28,47,72,-0.40
48,Russell Henley,65.28,47,72,-0.30
48,Max Homa,65.28,47,72,-0.38
48,Jason Kokrak,65.28,47,72,-0.34
48,Matt Kuchar,65.28,47,72,-0.32
48,Ryan Palmer,65.28,47,72,-0.36
48,Rory Sabbatini,65.28,47,72,-0.40
56,David Hearn,63.89,46,72,-0.33
56,Zach Johnson,63.89,46,72,-0.24
56,Marc Leishman,63.89,46,72,-0.35
56,Kenny Perry,63.89,46,72,-0.30
60,Jerry Kelly,62.50,45,72,-0.47
60,Roger Sloan,62.50,45,72,-0.40
60,Boo Weekley,62.50,45,72,-0.36
63,Brian Davis,61.11,44,72,-0.39
63,Tom Johnson,61.11,44,72,-0.41
63,Troy Merritt,61.11,44,72,-0.36
66,Chad Collins,59.72,43,72,-0.19
66,Matt Jones,59.72,43,72,-0.28
68,Morgan Hoffmann,58.33,42,72,-0.36
69,Derek Fathauer,56.94,41,72,-0.34
70,Kevin Na,52.78,38,72,-0.26
