rank,player,Value,Total Drv Rank,GIR Rank
1,Chez Reavie,3,1,2
2,Jimmy Walker,4,3,1
3,Kevin Streelman,11,8,3
4,Nicholas Thompson,12,6,6
5,Blayne Barber,16,10,6
6,Scott Pinckney,20,5,15
7,Spencer Levin,22,12,10
8,Daniel Berger,23,8,15
9,Francesco Molinari,24,18,6
10,Paul Casey,26,16,10
11,Harris English,32,22,10
12,Zac Blair,35,20,15
12,Shawn Stefani,35,25,10
14,Steven Bowditch,37,22,15
14,Justin Thomas,37,2,35
16,John Peterson,39,4,35
17,K.J. Choi,43,40,3
17,Ben Martin,43,13,30
17,Daniel Summerhays,43,38,5
20,Gary Woodland,46,20,26
21,Andrew Svoboda,50,15,35
22,Webb Simpson,51,16,35
23,James Hahn,54,6,48
23,Robert Streb,54,19,35
25,J.J. Henry,57,27,30
25,Colt Knost,57,42,15
27,Brendon Todd,58,43,15
28,Russell Henley,59,11,48
29,Stewart Cink,60,50,10
29,Scott Piercy,60,45,15
29,Michael Putnam,60,34,26
32,Russell Knox,61,26,35
32,Ryan Palmer,61,13,48
34,Chris Kirk,64,58,6
35,Tim Clark,66,31,35
35,Mark Hubbard,66,40,26
37,Scott Langley,67,52,15
38,Camilo Villegas,68,53,15
39,Pat Perez,71,27,44
40,Charles Howell III,76,61,15
41,Justin Leonard,77,47,30
42,Sangmoon Bae,78,43,35
43,Jason Day,80,32,48
43,Brian Harman,80,36,44
45,Stuart Appleby,82,67,15
46,Rory Sabbatini,83,35,48
47,Roger Sloan,84,24,60
48,Hyung-Sung Kim,85,55,30
49,Max Homa,86,38,48
50,Marc Leishman,88,32,56
51,Jeff Overton,89,54,35
52,Tom Johnson,90,27,63
52,Troy Merritt,90,27,63
54,Luke Donald,95,69,26
55,Jerry Kelly,97,37,60
56,Nick Taylor,98,68,30
57,Zach Johnson,103,47,56
57,Matt Kuchar,103,55,48
57,Jhonattan Vegas,103,59,44
60,David Hearn,107,51,56
61,Jason Kokrak,109,61,48
61,WC Liang,109,65,44
63,Morgan Hoffmann,113,45,68
64,Boo Weekley,115,55,60
65,Kenny Perry,116,60,56
66,Derek Fathauer,118,49,69
67,Brian Davis,127,64,63
67,Matt Jones,127,61,66
69,Chad Collins,131,65,66
70,Kevin Na,140,70,70
