rank,player,%,Total 3 Putts,Total Holes (overall)
1,Ángel Cabrera,1.39,1,72
1,Jason Day,1.39,1,72
1,Russell Henley,1.39,1,72
1,Matt Kuchar,1.39,1,72
1,Hideki Matsuyama,1.39,1,72
1,Patrick Reed,1.39,1,72
1,Robert Streb,1.39,1,72
1,Jimmy Walker,1.39,1,72
1,Bubba Watson,1.39,1,72
10,Tim Clark,2.78,2,72
10,Matt Every,2.78,2,72
10,Chesson Hadley,2.78,2,72
10,Zach Johnson,2.78,2,72
10,Matt Jones,2.78,2,72
10,Chris Kirk,2.78,2,72
10,Hunter Mahan,2.78,2,72
10,Ryan Moore,2.78,2,72
10,S.Y. Noh,2.78,2,72
10,Scott Stallings,2.78,2,72
10,Kevin Streelman,2.78,2,72
10,Brendon Todd,2.78,2,72
22,Sangmoon Bae,4.17,3,72
22,Ben Crane,4.17,3,72
22,Brian Harman,4.17,3,72
22,Charley Hoffman,4.17,3,72
22,J.B. Holmes,4.17,3,72
22,Ben Martin,4.17,3,72
22,Geoff Ogilvy,4.17,3,72
22,John Senden,4.17,3,72
22,Camilo Villegas,4.17,3,72
31,Steven Bowditch,5.56,4,72
31,Nick Taylor,5.56,4,72
33,Billy Horschel,6.94,5,72
