rank,player,Avg,Total Putts,Total Rounds
1,Stewart Cink,25.00,25,1
2,Brian Gay,26.00,26,1
2,Billy Horschel,26.00,26,1
2,Scottie Scheffler,26.00,26,1
2,Brendon Todd,26.00,26,1
6,Dustin Johnson,27.00,27,1
6,Kevin Kisner,27.00,27,1
6,Jason Kokrak,27.00,27,1
6,Jon Rahm,27.00,27,1
6,Patrick Reed,27.00,27,1
6,Webb Simpson,27.00,27,1
6,Michael Thompson,27.00,27,1
13,Abraham Ancer,28.00,28,1
13,Daniel Berger,28.00,28,1
13,Lanto Griffin,28.00,28,1
13,Martin Laird,28.00,28,1
13,Kevin Na,28.00,28,1
13,Carlos Ortiz,28.00,28,1
13,Ryan Palmer,28.00,28,1
13,Xander Schauffele,28.00,28,1
13,Cameron Smith,28.00,28,1
13,Nick Taylor,28.00,28,1
23,Cameron Champ,29.00,29,1
23,Harris English,29.00,29,1
23,Tony Finau,29.00,29,1
23,Marc Leishman,29.00,29,1
23,Collin Morikawa,29.00,29,1
23,Sebastián Muñoz,29.00,29,1
23,Joaquin Niemann,29.00,29,1
23,Robert Streb,29.00,29,1
31,Sergio Garcia,30.00,30,1
31,Andrew Landry,30.00,30,1
31,Justin Thomas,30.00,30,1
31,Richy Werenski,30.00,30,1
35,Patrick Cantlay,31.00,31,1
35,Bryson DeChambeau,31.00,31,1
35,Viktor Hovland,31.00,31,1
35,Mackenzie Hughes,31.00,31,1
35,Hideki Matsuyama,31.00,31,1
40,Sungjae Im,32.00,32,1
40,Hudson Swafford,32.00,32,1
42,Adam Scott,33.00,33,1
