rank,player,Avg,Total Putts,Total Rounds
1,Abraham Ancer,24.00,24,1
2,Harris English,26.00,26,1
2,Sergio Garcia,26.00,26,1
4,Joaquin Niemann,27.00,27,1
4,Patrick Reed,27.00,27,1
4,Cameron Smith,27.00,27,1
4,Nick Taylor,27.00,27,1
4,Michael Thompson,27.00,27,1
9,Viktor Hovland,28.00,28,1
9,Sungjae Im,28.00,28,1
9,Ryan Palmer,28.00,28,1
9,Justin Thomas,28.00,28,1
13,Bryson DeChambeau,29.00,29,1
13,Kevin Kisner,29.00,29,1
13,Marc Leishman,29.00,29,1
13,Xander Schauffele,29.00,29,1
13,Robert Streb,29.00,29,1
13,Brendon Todd,29.00,29,1
19,Patrick Cantlay,30.00,30,1
19,Lanto Griffin,30.00,30,1
19,Jason Kokrak,30.00,30,1
19,Martin Laird,30.00,30,1
19,Andrew Landry,30.00,30,1
19,Jon Rahm,30.00,30,1
19,Hudson Swafford,30.00,30,1
26,Daniel Berger,31.00,31,1
26,Stewart Cink,31.00,31,1
26,Mackenzie Hughes,31.00,31,1
26,Kevin Na,31.00,31,1
26,Carlos Ortiz,31.00,31,1
26,Scottie Scheffler,31.00,31,1
26,Webb Simpson,31.00,31,1
33,Cameron Champ,32.00,32,1
33,Brian Gay,32.00,32,1
33,Billy Horschel,32.00,32,1
33,Dustin Johnson,32.00,32,1
33,Collin Morikawa,32.00,32,1
33,Adam Scott,32.00,32,1
33,Richy Werenski,32.00,32,1
40,Tony Finau,33.00,33,1
40,Hideki Matsuyama,33.00,33,1
40,Sebastián Muñoz,33.00,33,1
