rank,player,Avg,Total Putts,Total Rounds
1,Joaquin Niemann,26.00,26,1
2,Sebastián Muñoz,27.00,27,1
2,Justin Thomas,27.00,27,1
4,Abraham Ancer,28.00,28,1
4,Bryson DeChambeau,28.00,28,1
4,Tony Finau,28.00,28,1
4,Lanto Griffin,28.00,28,1
4,Jon Rahm,28.00,28,1
4,Xander Schauffele,28.00,28,1
4,Webb Simpson,28.00,28,1
4,Brendon Todd,28.00,28,1
12,Patrick Cantlay,29.00,29,1
12,Brian Gay,29.00,29,1
12,Dustin Johnson,29.00,29,1
12,Kevin Kisner,29.00,29,1
12,Andrew Landry,29.00,29,1
12,Hideki Matsuyama,29.00,29,1
12,Collin Morikawa,29.00,29,1
12,Hudson Swafford,29.00,29,1
20,Mackenzie Hughes,30.00,30,1
20,Sungjae Im,30.00,30,1
20,Ryan Palmer,30.00,30,1
20,Patrick Reed,30.00,30,1
20,Scottie Scheffler,30.00,30,1
20,Cameron Smith,30.00,30,1
20,Nick Taylor,30.00,30,1
20,Michael Thompson,30.00,30,1
28,Harris English,31.00,31,1
28,Sergio Garcia,31.00,31,1
28,Marc Leishman,31.00,31,1
28,Adam Scott,31.00,31,1
32,Cameron Champ,32.00,32,1
32,Stewart Cink,32.00,32,1
32,Jason Kokrak,32.00,32,1
32,Martin Laird,32.00,32,1
32,Carlos Ortiz,32.00,32,1
32,Robert Streb,32.00,32,1
32,Richy Werenski,32.00,32,1
39,Billy Horschel,33.00,33,1
39,Viktor Hovland,33.00,33,1
39,Kevin Na,33.00,33,1
42,Daniel Berger,34.00,34,1
