rank,player,Avg,Total 3 Putts,Total Rounds
1,Sergio Garcia,1.25,5,4
2,Marc Leishman,1.00,4,4
3,Daniel Berger,.75,3,4
3,Billy Horschel,.75,3,4
3,Collin Morikawa,.75,3,4
3,Adam Scott,.75,3,4
3,Richy Werenski,.75,3,4
8,Patrick Cantlay,.50,2,4
8,Bryson DeChambeau,.50,2,4
8,Brian Gay,.50,2,4
8,Viktor Hovland,.50,2,4
8,Mackenzie Hughes,.50,2,4
8,Jason Kokrak,.50,2,4
8,Andrew Landry,.50,2,4
8,Sebastián Muñoz,.50,2,4
8,Kevin Na,.50,2,4
8,Joaquin Niemann,.50,2,4
8,Jon Rahm,.50,2,4
8,Xander Schauffele,.50,2,4
8,Cameron Smith,.50,2,4
8,Justin Thomas,.50,2,4
8,Michael Thompson,.50,2,4
23,Abraham Ancer,.25,1,4
23,Cameron Champ,.25,1,4
23,Stewart Cink,.25,1,4
23,Tony Finau,.25,1,4
23,Sungjae Im,.25,1,4
23,Kevin Kisner,.25,1,4
23,Martin Laird,.25,1,4
23,Hideki Matsuyama,.25,1,4
23,Carlos Ortiz,.25,1,4
23,Ryan Palmer,.25,1,4
23,Scottie Scheffler,.25,1,4
23,Webb Simpson,.25,1,4
23,Robert Streb,.25,1,4
23,Hudson Swafford,.25,1,4
23,Nick Taylor,.25,1,4
23,Brendon Todd,.25,1,4
