rank,player,Avg,Total Putts,Total Rounds
1,Patrick Cantlay,25.00,25,1
1,Martin Laird,25.00,25,1
3,Tony Finau,26.00,26,1
3,Scottie Scheffler,26.00,26,1
5,Stewart Cink,27.00,27,1
5,Harris English,27.00,27,1
5,Collin Morikawa,27.00,27,1
5,Brendon Todd,27.00,27,1
9,Brian Gay,28.00,28,1
9,Kevin Kisner,28.00,28,1
9,Jason Kokrak,28.00,28,1
9,Hideki Matsuyama,28.00,28,1
9,Kevin Na,28.00,28,1
9,Ryan Palmer,28.00,28,1
9,Cameron Smith,28.00,28,1
9,Michael Thompson,28.00,28,1
17,Abraham Ancer,29.00,29,1
17,Lanto Griffin,29.00,29,1
17,Billy Horschel,29.00,29,1
17,Viktor Hovland,29.00,29,1
17,Sungjae Im,29.00,29,1
17,Hudson Swafford,29.00,29,1
17,Nick Taylor,29.00,29,1
17,Justin Thomas,29.00,29,1
25,Bryson DeChambeau,30.00,30,1
25,Sergio Garcia,30.00,30,1
25,Dustin Johnson,30.00,30,1
25,Sebastián Muñoz,30.00,30,1
25,Joaquin Niemann,30.00,30,1
25,Patrick Reed,30.00,30,1
31,Daniel Berger,31.00,31,1
31,Mackenzie Hughes,31.00,31,1
31,Jon Rahm,31.00,31,1
31,Robert Streb,31.00,31,1
31,Richy Werenski,31.00,31,1
36,Cameron Champ,32.00,32,1
36,Andrew Landry,32.00,32,1
36,Carlos Ortiz,32.00,32,1
36,Xander Schauffele,32.00,32,1
36,Adam Scott,32.00,32,1
36,Webb Simpson,32.00,32,1
42,Marc Leishman,34.00,34,1
