rank,player,Avg,Total 2 Putts,Total Rounds
1,Cameron Champ,13.00,52,4
2,Adam Scott,12.50,50,4
3,Carlos Ortiz,12.25,49,4
4,Mackenzie Hughes,11.75,47,4
4,Hideki Matsuyama,11.75,47,4
4,Robert Streb,11.75,47,4
4,Richy Werenski,11.75,47,4
8,Daniel Berger,11.50,46,4
8,Dustin Johnson,11.50,46,4
8,Hudson Swafford,11.50,46,4
11,Viktor Hovland,11.25,45,4
11,Sungjae Im,11.25,45,4
11,Andrew Landry,11.25,45,4
11,Kevin Na,11.25,45,4
11,Webb Simpson,11.25,45,4
16,Lanto Griffin,11.00,44,4
16,Marc Leishman,11.00,44,4
18,Tony Finau,10.75,43,4
18,Billy Horschel,10.75,43,4
18,Sebastián Muñoz,10.75,43,4
18,Patrick Reed,10.75,43,4
22,Bryson DeChambeau,10.50,42,4
22,Harris English,10.50,42,4
22,Martin Laird,10.50,42,4
25,Stewart Cink,10.25,41,4
25,Ryan Palmer,10.25,41,4
25,Xander Schauffele,10.25,41,4
28,Jon Rahm,10.00,40,4
28,Scottie Scheffler,10.00,40,4
28,Nick Taylor,10.00,40,4
31,Patrick Cantlay,9.75,39,4
31,Brian Gay,9.75,39,4
31,Kevin Kisner,9.75,39,4
31,Collin Morikawa,9.75,39,4
35,Jason Kokrak,9.50,38,4
35,Cameron Smith,9.50,38,4
35,Justin Thomas,9.50,38,4
38,Sergio Garcia,9.25,37,4
38,Joaquin Niemann,9.25,37,4
40,Michael Thompson,9.00,36,4
40,Brendon Todd,9.00,36,4
42,Abraham Ancer,8.75,35,4
