rank,player,%,Total 3 Putts,Total Holes (overall)
1,Cody Gribble,1.39,1,72
1,Pat Perez,1.39,1,72
1,Patrick Reed,1.39,1,72
1,Jimmy Walker,1.39,1,72
5,Fabián Gómez,2.78,2,72
5,Mackenzie Hughes,2.78,2,72
5,Dustin Johnson,2.78,2,72
5,Si Woo Kim,2.78,2,72
5,Russell Knox,2.78,2,72
5,Hideki Matsuyama,2.78,2,72
5,Brandt Snedeker,2.78,2,72
5,Jordan Spieth,2.78,2,72
5,Justin Thomas,2.78,2,72
14,Aaron Baddeley,4.17,3,72
14,Daniel Berger,4.17,3,72
14,Greg Chalmers,4.17,3,72
14,Jason Day,4.17,3,72
14,Jim Herman,4.17,3,72
14,Ryan Moore,4.17,3,72
14,Brendan Steele,4.17,3,72
14,Brian Stuard,4.17,3,72
14,Vaughn Taylor,4.17,3,72
23,Branden Grace,5.56,4,72
23,James Hahn,5.56,4,72
23,William McGirt,5.56,4,72
26,Tony Finau,6.94,5,72
26,Charley Hoffman,6.94,5,72
28,Jason Dufner,8.33,6,72
28,Rod Pampling,8.33,6,72
28,Jhonattan Vegas,8.33,6,72
28,Bubba Watson,8.33,6,72
32,Billy Hurley III,9.72,7,72
