rank,player,Avg,Total Putts,Total Rounds,Low Total Putts
1,Cody Gribble,27.75,111,4,27
2,Greg Chalmers,29.00,116,4,26
3,Si Woo Kim,29.25,117,4,27
4,Patrick Reed,29.50,118,4,28
4,Jordan Spieth,29.50,118,4,27
4,Justin Thomas,29.50,118,4,29
7,Charley Hoffman,29.75,119,4,27
7,Hideki Matsuyama,29.75,119,4,27
9,Brendan Steele,30.00,120,4,28
10,Fabián Gómez,30.25,121,4,29
10,Russell Knox,30.25,121,4,27
10,Brandt Snedeker,30.25,121,4,29
13,William McGirt,30.50,122,4,28
13,Ryan Moore,30.50,122,4,29
13,Jimmy Walker,30.50,122,4,28
16,Daniel Berger,30.75,123,4,26
16,Vaughn Taylor,30.75,123,4,30
18,Jason Day,31.00,124,4,29
18,Tony Finau,31.00,124,4,29
18,James Hahn,31.00,124,4,28
21,Jason Dufner,31.25,125,4,28
21,Mackenzie Hughes,31.25,125,4,26
21,Pat Perez,31.25,125,4,29
24,Aaron Baddeley,31.50,126,4,29
24,Dustin Johnson,31.50,126,4,29
26,Jim Herman,31.75,127,4,29
26,Rod Pampling,31.75,127,4,30
26,Brian Stuard,31.75,127,4,30
29,Bubba Watson,32.00,128,4,30
30,Billy Hurley III,32.25,129,4,29
31,Branden Grace,32.50,130,4,30
31,Jhonattan Vegas,32.50,130,4,31
