rank,player,%,Total 3 Putts,Attempts,2 Putt or Better %
1,Sam Burns,.00,0,20,100.00
1,Patrick Cantlay,.00,0,14,100.00
1,Cam Davis,.00,0,25,100.00
1,Lucas Herbert,.00,0,26,100.00
1,Max Homa,.00,0,20,100.00
1,Matt Jones,.00,0,17,100.00
1,Si Woo Kim,.00,0,14,100.00
1,Marc Leishman,.00,0,22,100.00
1,Hideki Matsuyama,.00,0,19,100.00
1,Seamus Power,.00,0,16,100.00
1,Jordan Spieth,.00,0,22,100.00
1,Erik van Rooyen,.00,0,17,100.00
13,Xander Schauffele,4.00,1,25,96.00
14,Stewart Cink,4.55,1,22,95.45
15,Sungjae Im,4.76,1,21,95.24
16,Talor Gooch,5.26,1,19,94.74
16,K.H. Lee,5.26,1,19,94.74
16,Jon Rahm,5.26,1,19,94.74
16,Patrick Reed,5.26,1,19,94.74
20,Bryson DeChambeau,5.56,1,18,94.44
20,Kevin Kisner,5.56,1,18,94.44
22,Jason Kokrak,5.88,1,17,94.12
22,Cameron Smith,5.88,1,17,94.12
22,Justin Thomas,5.88,1,17,94.12
25,Kevin Na,7.14,1,14,92.86
26,Phil Mickelson,8.33,1,12,91.67
27,Harris English,9.09,2,22,90.91
28,Collin Morikawa,10.00,1,10,90.00
29,Billy Horschel,11.11,2,18,88.89
30,Tony Finau,11.76,2,17,88.24
31,Branden Grace,13.33,2,15,86.67
32,Abraham Ancer,14.29,2,14,85.71
33,Brooks Koepka,15.00,3,20,85.00
34,Joel Dahmen,16.00,4,25,84.00
35,Daniel Berger,16.67,2,12,83.33
36,Garrick Higgo,17.39,4,23,82.61
37,Lucas Glover,23.53,4,17,76.47
38,Viktor Hovland,27.78,5,18,72.22
