rank,player,Avg,Total Distance (feet),# of Attempts,Relative to par
1,Chris Kirk,"11""",.917,1,-1
2,Wesley Bryan,"1' 3""",1.250,1,E
3,J.T. Poston,"2' 6""",2.500,1,-1
4,Kevin Na,"2' 10""",2.833,1,E
4,Michael Thompson,"2' 10""",2.833,1,E
6,Henrik Norlander,"3' 10""",3.833,1,-1
7,Denny McCarthy,"4' 9""",4.750,1,-1
8,Seamus Power,"6' 5""",12.750,2,-1
9,Brendon Todd,"6' 6""",12.917,2,+1
10,Luke Donald,"6' 10""",13.667,2,-2
11,Hudson Swafford,"7' 2""",7.167,1,-1
11,Kevin Tway,"7' 2""",28.750,4,+1
13,Paul Barjon,"7' 5""",22.250,3,-2
14,Vaughn Taylor,"7' 7""",15.167,2,-1
15,Dylan Wu,"7' 11""",7.917,1,-1
16,Justin Lower,"8' 0""",8.000,1,E
17,Erik van Rooyen,"8' 2""",24.500,3,E
18,Maverick McNealy,"8' 6""",8.500,1,+1
19,Vince Whaley,"8' 7""",34.333,4,-3
20,Andrew Putnam,"8' 9""",8.750,1,E
20,Adam Svensson,"8' 9""",17.417,2,-2
22,Satoshi Kodaira,"8' 11""",17.750,2,E
22,Webb Simpson,"8' 11""",17.833,2,E
24,Billy Horschel,"9' 2""",9.167,1,+1
25,Kevin Chappell,"9' 3""",18.417,2,E
26,Jimmy Walker,"9' 4""",9.333,1,E
27,Si Woo Kim,"9' 10""",9.833,1,E
28,Joseph Bramlett,"10' 7""",31.667,3,-1
29,Sepp Straka,"11' 1""",22.167,2,+1
30,Christiaan Bezuidenhout,"13' 1""",13.083,1,E
30,Jason Kokrak,"13' 1""",13.083,1,E
32,Sam Ryder,"17' 2""",51.417,3,+2
33,Keegan Bradley,"19' 7""",39.083,2,E
34,Brett Drewitt,"20' 4""",40.667,2,+1
35,Matt Kuchar,"26' 9""",53.417,2,E
36,Harris English,"28' 5""",56.833,2,+3
37,Marc Leishman,"31' 10""",31.833,1,E
38,Davis Riley,"37' 5""",37.417,1,E
39,Brian Harman,"37' 11""",113.833,3,+1
