rank,player,Avg,Total Distance (feet),# of Attempts,Relative to par
1,Keita Nakajima,"17' 10""",53.417,3,-2
2,Justin Lower,"19' 3""",96.083,5,E
3,Greyson Sigg,"20' 0""",80.083,4,-1
4,Lucas Glover,"22' 1""",176.583,8,-7
5,Ryan Palmer,"22' 8""",113.167,5,-2
6,Keegan Bradley,"23' 2""",92.667,4,-2
7,Michael Thompson,"25' 10""",180.917,7,-2
8,Maverick McNealy,"26' 2""",156.750,6,-2
9,Ryan Armour,"26' 3""",131.250,5,-1
10,Talor Gooch,"26' 7""",159.250,6,-1
11,Henrik Norlander,"26' 10""",80.500,3,-1
12,Joseph Bramlett,"27' 0""",80.917,3,E
12,Hideki Matsuyama,"27' 0""",134.833,5,-1
14,Webb Simpson,"27' 3""",191.000,7,-3
15,Kyle Stanley,"29' 2""",146.000,5,E
16,Marc Leishman,"29' 3""",175.333,6,-1
17,Hayden Buckley,"30' 8""",153.250,5,-3
18,Wesley Bryan,"30' 11""",185.417,6,-3
19,Jason Kokrak,"32' 10""",131.250,4,E
20,Seamus Power,"33' 6""",167.500,5,E
21,Harris English,"35' 0""",139.917,4,-2
22,Sahith Theegala,"35' 3""",176.167,5,-2
23,Sam Ryder,"35' 4""",247.333,7,E
24,Dylan Wu,"35' 8""",142.500,4,-1
25,Russell Knox,"35' 9""",142.833,4,E
26,Vince Whaley,"36' 2""",180.750,5,-1
27,Charles Howell III,"36' 5""",181.917,5,-1
28,Christiaan Bezuidenhout,"36' 9""",293.917,8,-3
28,K.H. Lee,"36' 9""",294.167,8,-3
30,Corey Conners,"37' 1""",222.250,6,-2
31,J.T. Poston,"37' 10""",264.750,7,-2
31,Hudson Swafford,"37' 10""",189.083,5,-2
33,Erik van Rooyen,"38' 2""",228.833,6,+1
34,Denny McCarthy,"38' 5""",269.167,7,-3
35,Matt Kuchar,"38' 9""",232.333,6,E
36,Russell Henley,"38' 10""",233.083,6,-5
37,Si Woo Kim,"39' 5""",197.000,5,E
38,Kevin Na,"39' 9""",238.417,6,-1
39,Ben Kohles,"39' 10""",199.333,5,-1
40,Patton Kizzire,"40' 3""",241.500,6,-1
41,Jim Knous,"41' 2""",246.917,6,-2
42,Brandt Snedeker,"41' 3""",247.500,6,-3
43,Jimmy Walker,"41' 5""",290.167,7,-4
44,Luke Donald,"41' 6""",248.750,6,+2
45,Satoshi Kodaira,"43' 0""",344.167,8,-4
46,Chris Kirk,"43' 3""",172.917,4,-2
47,Vaughn Taylor,"44' 2""",441.583,10,-4
48,Andrew Putnam,"44' 6""",266.833,6,-3
49,Brendon Todd,"44' 8""",402.250,9,-2
50,Kramer Hickok,"45' 6""",227.417,5,-1
51,Keith Mitchell,"45' 7""",136.833,3,E
52,Billy Horschel,"46' 4""",231.750,5,E
53,Davis Riley,"46' 6""",232.500,5,E
54,Jim Furyk,"48' 1""",432.833,9,+1
55,Sepp Straka,"48' 2""",240.750,5,-1
56,Kevin Tway,"48' 9""",195.083,4,-2
57,Kevin Kisner,"49' 0""",343.000,7,-3
58,Kevin Chappell,"49' 5""",197.667,4,+2
58,Haotong Li,"49' 5""",197.667,4,-1
60,Stewart Cink,"49' 7""",297.333,6,-2
60,Brian Harman,"49' 7""",248.000,5,E
62,Paul Barjon,"50' 2""",200.583,4,+2
63,Adam Svensson,"52' 9""",369.167,7,+1
64,Brett Drewitt,"57' 7""",230.250,4,-1
65,Cam Davis,"61' 1""",427.833,7,-3
