rank,player,Avg,Total Distance (feet),# of Attempts,Relative to par
1,Maverick McNealy,"8' 4""",58.417,7,-2
2,Luke Donald,"8' 5""",42.083,5,-4
3,Kevin Tway,"8' 9""",96.667,11,-4
4,Brendon Todd,"9' 0""",45.000,5,-2
5,Haotong Li,"10' 1""",20.083,2,E
6,Vaughn Taylor,"10' 7""",42.167,4,-1
7,Billy Horschel,"10' 11""",54.750,5,-1
7,Dylan Wu,"10' 11""",76.500,7,-1
9,Chris Kirk,"11' 0""",110.083,10,-3
9,Michael Thompson,"11' 0""",77.250,7,-1
11,Wesley Bryan,"11' 1""",77.500,7,-1
12,Keegan Bradley,"11' 6""",80.333,7,-2
12,Adam Svensson,"11' 6""",91.917,8,-6
14,Joseph Bramlett,"11' 9""",94.250,8,-2
14,Stewart Cink,"11' 9""",106.083,9,-7
14,Kevin Kisner,"11' 9""",58.750,5,-3
14,Satoshi Kodaira,"11' 9""",140.917,12,-3
18,Paul Barjon,"11' 11""",83.417,7,-2
19,Kramer Hickok,"12' 2""",72.833,6,-2
20,Denny McCarthy,"12' 3""",85.750,7,-2
20,Greyson Sigg,"12' 3""",122.417,10,-4
22,Christiaan Bezuidenhout,"12' 6""",99.750,8,-3
22,Seamus Power,"12' 6""",112.500,9,-4
24,Kevin Chappell,"12' 11""",128.917,10,-3
25,Russell Knox,"13' 0""",103.917,8,-2
26,Russell Henley,"13' 2""",92.250,7,-3
26,Erik van Rooyen,"13' 2""",184.750,14,-1
28,Si Woo Kim,"13' 3""",106.167,8,E
29,Kevin Na,"13' 8""",150.500,11,-3
29,Keita Nakajima,"13' 8""",137.000,10,-2
29,Sepp Straka,"13' 8""",81.750,6,+1
32,Marc Leishman,"13' 11""",69.583,5,-1
33,Charles Howell III,"14' 2""",99.250,7,-3
34,Jason Kokrak,"14' 7""",131.500,9,-1
35,Corey Conners,"14' 8""",161.500,11,-5
36,Webb Simpson,"14' 11""",119.333,8,-3
37,Jim Knous,"15' 1""",90.333,6,-1
38,Ben Kohles,"15' 5""",138.500,9,-2
39,Matt Kuchar,"15' 6""",139.583,9,-3
40,Justin Lower,"15' 8""",187.917,12,E
40,Andrew Putnam,"15' 8""",109.667,7,E
42,Lucas Glover,"16' 1""",96.250,6,-1
43,K.H. Lee,"16' 3""",81.333,5,+1
44,Hideki Matsuyama,"16' 8""",66.667,4,-1
45,Jimmy Walker,"16' 9""",117.000,7,-1
46,Cam Davis,"17' 6""",157.167,9,-5
47,Ryan Armour,"17' 9""",142.250,8,+1
47,Patton Kizzire,"17' 9""",106.500,6,-1
49,Jim Furyk,"17' 11""",143.417,8,-1
50,Davis Riley,"18' 1""",144.583,8,-2
51,Keith Mitchell,"18' 4""",165.083,9,-2
52,Henrik Norlander,"18' 5""",147.083,8,-1
53,Sahith Theegala,"19' 3""",57.667,3,E
54,Sam Ryder,"19' 9""",138.417,7,E
55,Brandt Snedeker,"20' 0""",180.083,9,-1
56,Hudson Swafford,"20' 1""",261.000,13,E
57,Ryan Palmer,"20' 2""",161.250,8,-3
57,J.T. Poston,"20' 2""",80.667,4,E
59,Talor Gooch,"20' 11""",146.417,7,-2
60,Brett Drewitt,"21' 1""",189.500,9,-1
61,Vince Whaley,"21' 6""",258.333,12,-3
62,Kyle Stanley,"21' 9""",174.250,8,+1
63,Hayden Buckley,"24' 2""",120.917,5,E
64,Brian Harman,"24' 3""",194.250,8,-1
65,Harris English,"30' 6""",91.417,3,+3
