rank,player,Avg,Total Distance (feet),# of Attempts,Relative to par
1,Kevin Tway,"6' 3""",6.250,1,-1
2,Maverick McNealy,"8' 7""",8.583,1,-2
3,J.T. Poston,"11' 1""",11.083,1,-1
4,Erik van Rooyen,"18' 9""",37.500,2,-3
5,Vince Whaley,"20' 1""",20.083,1,-1
6,Chris Kirk,"25' 11""",51.750,2,-2
7,Brian Harman,"27' 6""",82.417,3,-1
8,Ryan Armour,"30' 7""",91.750,3,-2
9,Kramer Hickok,"34' 3""",34.250,1,-1
10,Seamus Power,"34' 7""",34.583,1,-1
11,Greyson Sigg,"36' 4""",72.667,2,-2
12,Christiaan Bezuidenhout,"36' 10""",73.583,2,-3
13,Adam Svensson,"37' 3""",37.250,1,-1
14,Keita Nakajima,"38' 11""",116.750,3,-2
15,Russell Knox,"39' 7""",79.167,2,-1
16,Brendon Todd,"40' 0""",79.917,2,-3
17,Wesley Bryan,"40' 5""",161.750,4,-4
18,Brett Drewitt,"41' 2""",123.583,3,-1
19,Kevin Chappell,"42' 2""",42.167,1,-1
20,Russell Henley,"43' 3""",43.250,1,E
21,Stewart Cink,"43' 4""",43.333,1,-1
22,Sam Ryder,"43' 5""",43.417,1,-1
23,Ben Kohles,"44' 4""",44.333,1,-1
24,Hudson Swafford,"46' 9""",46.750,1,-1
25,Keith Mitchell,"49' 2""",49.167,1,-1
26,Si Woo Kim,"50' 1""",100.167,2,-2
27,Kevin Kisner,"50' 2""",200.667,4,-3
28,Andrew Putnam,"51' 7""",154.667,3,-2
29,Harris English,"52' 1""",104.083,2,E
30,K.H. Lee,"57' 4""",171.917,3,-2
31,Luke Donald,"57' 10""",57.833,1,E
32,Kevin Na,"58' 6""",175.583,3,-3
33,Haotong Li,"59' 2""",59.167,1,-1
34,Brandt Snedeker,"59' 10""",119.667,2,-1
35,Ryan Palmer,"60' 6""",60.500,1,-1
36,Matt Kuchar,"62' 11""",125.833,2,-1
37,Davis Riley,"65' 9""",131.500,2,E
38,Vaughn Taylor,"67' 4""",67.333,1,E
39,Corey Conners,"68' 3""",68.250,1,E
40,Henrik Norlander,"72' 4""",72.333,1,-1
41,Jim Furyk,"79' 10""",239.417,3,-1
42,Webb Simpson,"85' 3""",85.250,1,E
43,Denny McCarthy,"99' 5""",99.417,1,E
44,Lucas Glover,"102' 10""",102.833,1,E
