rank,player,Avg,Total Distance (feet),# of Attempts,Relative to par
1,Maverick McNealy,"5' 2""",20.750,4,-2
2,Luke Donald,"6' 4""",6.333,1,E
3,Keegan Bradley,"6' 5""",25.667,4,-2
3,Kevin Kisner,"6' 5""",19.167,3,-2
3,Jim Knous,"6' 5""",12.750,2,-1
6,Adam Svensson,"8' 10""",26.583,3,-3
7,Greyson Sigg,"9' 2""",55.167,6,-3
8,Jason Kokrak,"9' 3""",36.917,4,-1
9,Marc Leishman,"9' 4""",28.083,3,-1
10,Jimmy Walker,"10' 0""",29.917,3,-1
11,Dylan Wu,"10' 1""",30.250,3,-1
12,Chris Kirk,"10' 6""",42.000,4,E
13,Patton Kizzire,"11' 1""",22.167,2,-1
14,Kevin Chappell,"11' 4""",22.583,2,-1
15,Kevin Tway,"11' 5""",34.167,3,-2
16,Kramer Hickok,"11' 7""",46.417,4,E
17,Corey Conners,"11' 8""",81.583,7,-5
18,Stewart Cink,"12' 1""",60.500,5,-4
19,Satoshi Kodaira,"12' 3""",73.417,6,-2
20,Matt Kuchar,"12' 4""",86.167,7,-3
20,Michael Thompson,"12' 4""",36.917,3,-1
22,Russell Knox,"12' 7""",87.917,7,-2
23,Denny McCarthy,"12' 11""",64.750,5,-1
24,Wesley Bryan,"13' 9""",68.583,5,E
25,Brian Harman,"13' 10""",41.583,3,-1
26,Billy Horschel,"14' 0""",28.000,2,-1
26,Si Woo Kim,"14' 0""",70.167,5,-1
28,Joseph Bramlett,"14' 1""",56.417,4,E
29,Charles Howell III,"14' 3""",85.500,6,-3
30,Keita Nakajima,"14' 7""",102.000,7,-2
31,Andrew Putnam,"14' 8""",58.667,4,-2
32,Russell Henley,"14' 10""",74.333,5,-2
33,Hideki Matsuyama,"14' 11""",29.833,2,E
34,Haotong Li,"15' 2""",15.167,1,E
35,Christiaan Bezuidenhout,"15' 3""",61.000,4,-1
36,Jim Furyk,"15' 9""",78.583,5,-2
37,Kevin Na,"15' 11""",47.833,3,-1
37,Sepp Straka,"15' 11""",47.750,3,E
39,Brendon Todd,"16' 5""",16.417,1,-1
40,Sahith Theegala,"17' 0""",34.000,2,E
40,Erik van Rooyen,"17' 0""",102.000,6,E
42,Justin Lower,"17' 2""",120.417,7,+2
43,K.H. Lee,"17' 6""",69.917,4,+1
44,Ryan Armour,"17' 8""",70.583,4,E
44,Keith Mitchell,"17' 8""",123.750,7,-2
46,Paul Barjon,"17' 10""",53.500,3,E
47,Cam Davis,"18' 4""",110.083,6,-3
48,Davis Riley,"19' 0""",75.917,4,-1
49,Brandt Snedeker,"19' 6""",117.000,6,E
50,Lucas Glover,"19' 7""",58.833,3,-1
51,Seamus Power,"20' 4""",40.583,2,-1
52,Henrik Norlander,"20' 6""",143.250,7,E
53,Ben Kohles,"20' 10""",104.333,5,-1
54,Hudson Swafford,"21' 0""",167.917,8,+1
55,Hayden Buckley,"21' 5""",64.250,3,E
56,Talor Gooch,"21' 7""",108.083,5,-2
57,Sam Ryder,"22' 0""",65.917,3,-2
58,Ryan Palmer,"22' 1""",88.417,4,-2
59,J.T. Poston,"23' 10""",47.667,2,E
60,Brett Drewitt,"23' 11""",143.250,6,-1
61,Webb Simpson,"25' 7""",76.750,3,-1
62,Vince Whaley,"26' 8""",186.417,7,E
63,Kyle Stanley,"28' 0""",111.917,4,+1
