rank,player,Avg,Total Distance (feet),# of Attempts,Relative to par
1,Haotong Li,"4' 11""",4.917,1,E
2,Brett Drewitt,"5' 7""",5.583,1,-1
3,Joseph Bramlett,"6' 2""",6.167,1,-1
4,Paul Barjon,"7' 8""",7.667,1,E
4,Wesley Bryan,"7' 8""",7.667,1,-1
6,Brendon Todd,"7' 10""",15.667,2,-2
7,Webb Simpson,"8' 3""",24.750,3,-2
8,Kevin Tway,"8' 5""",33.750,4,-3
9,Christiaan Bezuidenhout,"8' 7""",25.667,3,-2
9,Ben Kohles,"8' 7""",34.167,4,-1
11,Billy Horschel,"8' 10""",17.583,2,-1
12,Russell Henley,"9' 0""",17.917,2,-1
13,Marc Leishman,"9' 8""",9.667,1,E
14,Davis Riley,"10' 5""",31.250,3,-1
15,Luke Donald,"11' 1""",22.083,2,-2
16,Stewart Cink,"11' 5""",45.583,4,-3
16,K.H. Lee,"11' 5""",11.417,1,E
18,Keita Nakajima,"11' 8""",35.000,3,E
18,Erik van Rooyen,"11' 8""",58.250,5,-1
20,Seamus Power,"11' 10""",59.167,5,-2
20,Sepp Straka,"11' 10""",11.833,1,E
22,Satoshi Kodaira,"12' 5""",49.750,4,-1
23,Lucas Glover,"12' 6""",37.417,3,E
23,Michael Thompson,"12' 6""",37.500,3,E
25,Dylan Wu,"12' 9""",38.333,3,+1
26,Si Woo Kim,"13' 1""",26.167,2,+1
27,Kramer Hickok,"13' 3""",26.417,2,-2
28,Chris Kirk,"13' 5""",67.167,5,-2
29,Vaughn Taylor,"13' 6""",27.000,2,E
30,Charles Howell III,"13' 9""",13.750,1,E
31,Kevin Na,"14' 3""",99.833,7,-2
32,Maverick McNealy,"14' 7""",29.167,2,-1
33,Kevin Chappell,"14' 8""",87.917,6,-2
34,Justin Lower,"14' 11""",59.500,4,-2
35,Keegan Bradley,"15' 7""",15.583,1,E
35,Kyle Stanley,"15' 7""",62.333,4,E
37,Cam Davis,"15' 8""",47.083,3,-2
38,Russell Knox,"16' 0""",16.000,1,E
38,Adam Svensson,"16' 0""",47.917,3,-1
40,Denny McCarthy,"16' 3""",16.250,1,E
41,Greyson Sigg,"16' 10""",67.250,4,-1
42,Ryan Armour,"17' 11""",71.667,4,+1
43,Ryan Palmer,"18' 3""",72.833,4,-1
44,Hideki Matsuyama,"18' 5""",36.833,2,-1
45,Talor Gooch,"19' 2""",38.333,2,E
46,Brian Harman,"19' 5""",38.833,2,-1
46,Jim Knous,"19' 5""",77.583,4,E
48,Kevin Kisner,"19' 10""",39.583,2,-1
49,Corey Conners,"20' 0""",79.917,4,E
50,Jason Kokrak,"20' 5""",81.500,4,E
51,Keith Mitchell,"20' 8""",41.333,2,E
52,Brandt Snedeker,"21' 0""",63.083,3,-1
53,Patton Kizzire,"21' 1""",84.333,4,E
53,Sam Ryder,"21' 1""",21.083,1,E
55,Andrew Putnam,"21' 2""",42.250,2,+2
56,Hudson Swafford,"21' 6""",85.917,4,E
57,Jim Furyk,"21' 7""",64.833,3,+1
58,Sahith Theegala,"23' 8""",23.667,1,E
59,Jimmy Walker,"25' 11""",77.750,3,E
60,Hayden Buckley,"28' 4""",56.667,2,E
61,J.T. Poston,"30' 6""",30.500,1,+1
62,Harris English,"34' 7""",34.583,1,E
63,Vince Whaley,"37' 7""",37.583,1,E
