rank,player,Avg,Total Distance (feet),# of Attempts,Relative to par
1,Adam Svensson,"8' 10""",8.833,1,-1
2,Erik van Rooyen,"29' 2""",29.167,1,-2
3,Jim Knous,"34' 5""",68.833,2,-2
4,Webb Simpson,"34' 11""",34.917,1,-1
5,Chris Kirk,"35' 3""",35.250,1,-1
6,Hayden Buckley,"36' 6""",109.583,3,-3
7,Billy Horschel,"36' 9""",73.500,2,-2
8,Keegan Bradley,"37' 0""",37.000,1,-1
9,Brett Drewitt,"37' 7""",75.083,2,-1
10,Michael Thompson,"40' 1""",80.083,2,-1
11,Hudson Swafford,"42' 6""",42.500,1,-1
12,Hideki Matsuyama,"42' 11""",128.667,3,-3
13,Kyle Stanley,"44' 3""",88.500,2,-1
14,Brandt Snedeker,"44' 5""",44.417,1,-1
15,Justin Lower,"45' 0""",134.917,3,-2
16,Dylan Wu,"45' 3""",90.500,2,-2
17,Kramer Hickok,"47' 5""",47.417,1,-1
18,Charles Howell III,"50' 7""",50.583,1,-1
19,Satoshi Kodaira,"51' 5""",102.750,2,-1
20,Keith Mitchell,"58' 6""",58.500,1,E
21,Haotong Li,"67' 3""",67.250,1,E
22,Wesley Bryan,"67' 10""",67.833,1,-1
23,Ryan Armour,"71' 6""",142.917,2,E
24,Kevin Tway,"74' 8""",224.083,3,E
25,Jim Furyk,"75' 8""",151.250,2,-1
26,Henrik Norlander,"78' 0""",156.000,2,-2
27,Vaughn Taylor,"78' 11""",157.750,2,-2
28,Denny McCarthy,"86' 6""",259.583,3,E
29,Sam Ryder,"92' 8""",92.667,1,-1
30,Brendon Todd,"95' 10""",95.833,1,E
31,Paul Barjon,"113' 0""",113.000,1,E
