rank,player,Avg RTP
1,Byeong Hun An,-1.000
1,Christiaan Bezuidenhout,-1.000
1,Akshay Bhatia,-1.000
1,Patrick Cantlay,-1.000
1,Jason Day,-1.000
1,Thomas Detry,-1.000
1,Chris Gotterup,-1.000
1,Tom Hoge,-1.000
1,Stephan Jaeger,-1.000
1,Jake Knapp,-1.000
1,Taylor Pendrith,-1.000
1,Sahith Theegala,-1.000
13,Xander Schauffele,-.600
14,Wyndham Clark,-.500
14,Tony Finau,-.500
16,Sam Burns,-.333
17,Ludvig Åberg,E
17,Nick Dunlap,E
17,Matt Fitzpatrick,E
17,Max Greyserman,E
17,Brian Harman,E
17,Si Woo Kim,E
17,Patton Kizzire,E
17,Hideki Matsuyama,E
17,Denny McCarthy,E
17,Maverick McNealy,E
17,J.T. Poston,E
17,Aaron Rai,E
17,Justin Thomas,E
17,Davis Thompson,E
17,Jhonattan Vegas,E
17,Kevin Yu,E
33,Viktor Hovland,+.333
34,Nico Echavarria,+.500
35,Chris Kirk,+.667
36,Cam Davis,+1.000
36,Billy Horschel,+1.000
36,Robert MacIntyre,+1.000
36,Peter Malnati,+1.000
36,Adam Scott,+1.000
36,Nick Taylor,+1.000
