rank,player,Avg RTP
1,Ludvig Åberg,-1.000
1,Patrick Cantlay,-1.000
1,Si Woo Kim,-1.000
1,Chris Kirk,-1.000
1,Robert MacIntyre,-1.000
1,Davis Thompson,-1.000
7,Rafael Campos,-.750
7,Stephan Jaeger,-.750
7,Hideki Matsuyama,-.750
7,Jhonattan Vegas,-.750
11,Collin Morikawa,-.714
12,Taylor Pendrith,-.667
13,Byeong Hun An,-.600
13,Harry Hall,-.600
13,Matt McCarty,-.600
16,Cam Davis,-.571
17,Christiaan Bezuidenhout,-.500
17,Keegan Bradley,-.500
17,Corey Conners,-.500
17,Nick Dunlap,-.500
17,Matt Fitzpatrick,-.500
17,Matthieu Pavon,-.500
17,J.T. Poston,-.500
17,Adam Scott,-.500
17,Sahith Theegala,-.500
17,Justin Thomas,-.500
27,Tony Finau,-.429
28,Sam Burns,-.400
28,Max Homa,-.400
28,Sungjae Im,-.400
28,Peter Malnati,-.400
32,Thomas Detry,-.333
32,Austin Eckroat,-.333
32,Chris Gotterup,-.333
32,Adam Hadwin,-.333
32,Viktor Hovland,-.333
32,Aaron Rai,-.333
32,Sepp Straka,-.333
32,Nick Taylor,-.333
40,Russell Henley,-.286
41,Akshay Bhatia,-.200
41,Eric Cole,-.200
41,Xander Schauffele,-.200
44,Max Greyserman,-.167
45,Denny McCarthy,-.125
46,Jason Day,E
46,Nico Echavarria,E
46,Brice Garnett,E
46,Tom Hoge,E
46,Billy Horschel,E
46,Patton Kizzire,E
46,Jake Knapp,E
46,Maverick McNealy,E
46,Cameron Young,E
46,Kevin Yu,E
46,Will Zalatoris,E
57,Wyndham Clark,+.250
58,Brian Harman,+.500
