rank,player,Avg RTP
1,Thomas Detry,-1.000
1,Matt Fitzpatrick,-1.000
1,Harry Hall,-1.000
1,Patton Kizzire,-1.000
1,Robert MacIntyre,-1.000
1,Peter Malnati,-1.000
1,Xander Schauffele,-1.000
1,Jhonattan Vegas,-1.000
9,Christiaan Bezuidenhout,-.500
9,Rafael Campos,-.500
9,Nico Echavarria,-.500
9,Tony Finau,-.500
9,Adam Hadwin,-.500
9,Denny McCarthy,-.500
9,Maverick McNealy,-.500
9,Collin Morikawa,-.500
9,Aaron Rai,-.500
9,Sepp Straka,-.500
19,Austin Eckroat,-.333
19,Max Homa,-.333
21,Russell Henley,-.250
21,Matthieu Pavon,-.250
23,Ludvig Åberg,E
23,Byeong Hun An,E
23,Keegan Bradley,E
23,Sam Burns,E
23,Patrick Cantlay,E
23,Eric Cole,E
23,Corey Conners,E
23,Jason Day,E
23,Nick Dunlap,E
23,Brice Garnett,E
23,Chris Gotterup,E
23,Max Greyserman,E
23,Tom Hoge,E
23,Viktor Hovland,E
23,Stephan Jaeger,E
23,Si Woo Kim,E
23,Jake Knapp,E
23,Hideki Matsuyama,E
23,Taylor Pendrith,E
23,Adam Scott,E
23,Nick Taylor,E
23,Sahith Theegala,E
23,Justin Thomas,E
23,Davis Thompson,E
23,Cameron Young,E
48,Brian Harman,+.667
