rank,player,%,Total Birdies,Total Holes
1,Hideki Matsuyama,51.79%,29,56
2,Cam Davis,47.17%,25,53
3,Harry Hall,45.10%,23,51
4,Collin Morikawa,44.83%,26,58
5,Sungjae Im,44.44%,24,54
6,Patrick Cantlay,43.48%,20,46
7,Austin Eckroat,42.59%,23,54
8,Matt Fitzpatrick,42.00%,21,50
9,Stephan Jaeger,41.18%,21,51
10,Sepp Straka,40.98%,25,61
11,Adam Scott,40.82%,20,49
12,Si Woo Kim,40.00%,20,50
12,Maverick McNealy,40.00%,20,50
14,Justin Thomas,39.58%,19,48
15,Max Greyserman,39.53%,17,43
16,Jhonattan Vegas,39.13%,18,46
17,Ludvig Åberg,39.02%,16,41
18,Sam Burns,38.78%,19,49
18,Chris Kirk,38.78%,19,49
20,Adam Hadwin,38.18%,21,55
21,Cameron Young,37.78%,17,45
22,Keegan Bradley,36.54%,19,52
23,Corey Conners,36.36%,20,55
24,Jake Knapp,36.17%,17,47
25,Taylor Pendrith,36.00%,18,50
26,Robert MacIntyre,35.71%,20,56
27,Byeong Hun An,35.56%,16,45
28,J.T. Poston,35.00%,21,60
29,Tony Finau,34.69%,17,49
30,Tom Hoge,34.62%,18,52
31,Wyndham Clark,34.04%,16,47
32,Thomas Detry,34.00%,17,50
33,Aaron Rai,33.90%,20,59
34,Russell Henley,32.76%,19,58
35,Max Homa,32.69%,17,52
35,Sahith Theegala,32.69%,17,52
37,Kevin Yu,32.08%,17,53
37,Will Zalatoris,32.08%,17,53
39,Nico Echavarria,32.00%,16,50
40,Davis Thompson,31.91%,15,47
41,Peter Malnati,31.25%,15,48
42,Xander Schauffele,31.11%,14,45
43,Akshay Bhatia,30.00%,15,50
44,Nick Dunlap,29.55%,13,44
45,Rafael Campos,29.41%,15,51
45,Brian Harman,29.41%,15,51
45,Patton Kizzire,29.41%,15,51
48,Christiaan Bezuidenhout,29.17%,14,48
48,Viktor Hovland,29.17%,14,48
50,Nick Taylor,29.09%,16,55
51,Jason Day,28.89%,13,45
52,Denny McCarthy,27.78%,15,54
53,Billy Horschel,27.45%,14,51
54,Brice Garnett,26.79%,15,56
55,Chris Gotterup,24.49%,12,49
55,Matthieu Pavon,24.49%,12,49
57,Matt McCarty,23.64%,13,55
58,Eric Cole,18.87%,10,53
