rank,player,%,Total Birdies,Total Holes
1,Sungjae Im,100.00%,2,2
2,Jhonattan Vegas,66.67%,8,12
3,Wyndham Clark,60.00%,6,10
3,Maverick McNealy,60.00%,3,5
5,Sam Burns,50.00%,2,4
5,Thomas Detry,50.00%,3,6
5,Aaron Rai,50.00%,1,2
8,Chris Gotterup,42.86%,3,7
9,Max Greyserman,40.00%,4,10
9,Viktor Hovland,40.00%,2,5
9,Taylor Pendrith,40.00%,2,5
9,Davis Thompson,40.00%,4,10
13,Adam Scott,38.46%,5,13
14,Russell Henley,37.50%,3,8
15,Cameron Young,36.36%,4,11
16,Akshay Bhatia,33.33%,2,6
16,Cam Davis,33.33%,1,3
16,Austin Eckroat,33.33%,2,6
16,Brice Garnett,33.33%,1,3
16,Sahith Theegala,33.33%,1,3
21,Xander Schauffele,30.00%,3,10
21,Will Zalatoris,30.00%,3,10
23,Tom Hoge,28.57%,2,7
23,Max Homa,28.57%,2,7
23,Justin Thomas,28.57%,2,7
26,Keegan Bradley,25.00%,2,8
26,Corey Conners,25.00%,1,4
28,Nico Echavarria,22.22%,2,9
28,Matthieu Pavon,22.22%,2,9
30,Patrick Cantlay,20.00%,1,5
30,Adam Hadwin,20.00%,1,5
30,Billy Horschel,20.00%,1,5
30,Stephan Jaeger,20.00%,1,5
30,Jake Knapp,20.00%,2,10
30,Nick Taylor,20.00%,1,5
36,Ludvig Åberg,18.18%,2,11
36,Byeong Hun An,18.18%,2,11
36,Tony Finau,18.18%,2,11
36,Harry Hall,18.18%,2,11
40,Jason Day,16.67%,2,12
40,Matt Fitzpatrick,16.67%,1,6
40,Denny McCarthy,16.67%,1,6
43,Brian Harman,14.29%,1,7
44,Eric Cole,12.50%,1,8
45,Si Woo Kim,11.11%,1,9
46,Rafael Campos,9.09%,1,11
46,Nick Dunlap,9.09%,1,11
46,Patton Kizzire,9.09%,1,11
49,Christiaan Bezuidenhout,.00%,0,12
49,Chris Kirk,.00%,0,3
49,Robert MacIntyre,.00%,0,4
49,Peter Malnati,.00%,0,7
49,Hideki Matsuyama,.00%,0,2
49,Matt McCarty,.00%,0,8
49,Collin Morikawa,.00%,0,1
49,J.T. Poston,.00%,0,3
49,Sepp Straka,.00%,0,3
49,Kevin Yu,.00%,0,4
