rank,player,Avg RTP
1,Peter Malnati,-.714
2,Si Woo Kim,-.684
3,Maverick McNealy,-.647
4,Corey Conners,-.619
5,Taylor Pendrith,-.571
6,Cameron Young,-.538
7,Patton Kizzire,-.533
8,Keegan Bradley,-.526
8,Patrick Cantlay,-.526
10,Tony Finau,-.500
10,Viktor Hovland,-.500
10,Sungjae Im,-.500
10,Collin Morikawa,-.500
10,Jhonattan Vegas,-.500
15,Nico Echavarria,-.474
15,Sepp Straka,-.474
17,Xander Schauffele,-.467
18,J.T. Poston,-.458
19,Ludvig Åberg,-.455
19,Aaron Rai,-.455
21,Akshay Bhatia,-.450
21,Robert MacIntyre,-.450
23,Adam Hadwin,-.438
24,Max Greyserman,-.429
25,Austin Eckroat,-.421
26,Cam Davis,-.412
26,Billy Horschel,-.412
26,Jake Knapp,-.412
29,Christiaan Bezuidenhout,-.409
30,Wyndham Clark,-.400
30,Brian Harman,-.400
30,Max Homa,-.400
30,Stephan Jaeger,-.400
30,Denny McCarthy,-.400
30,Sahith Theegala,-.400
30,Justin Thomas,-.400
30,Will Zalatoris,-.400
38,Matt Fitzpatrick,-.385
38,Harry Hall,-.385
40,Sam Burns,-.375
41,Hideki Matsuyama,-.368
42,Matthieu Pavon,-.353
43,Russell Henley,-.316
44,Nick Dunlap,-.313
44,Chris Kirk,-.313
46,Tom Hoge,-.294
46,Kevin Yu,-.294
48,Byeong Hun An,-.286
49,Jason Day,-.278
50,Davis Thompson,-.235
51,Thomas Detry,-.231
51,Adam Scott,-.231
53,Chris Gotterup,-.188
54,Brice Garnett,-.176
55,Nick Taylor,-.158
56,Matt McCarty,-.100
57,Rafael Campos,E
57,Eric Cole,E
