rank,player,Avg RTP
1,Adam Hadwin,-1.000
1,Viktor Hovland,-1.000
1,Si Woo Kim,-1.000
1,Cameron Young,-1.000
5,Billy Horschel,-.833
6,Corey Conners,-.800
6,Tony Finau,-.800
6,Maverick McNealy,-.800
9,Christiaan Bezuidenhout,-.667
9,Akshay Bhatia,-.667
9,Matt Fitzpatrick,-.667
9,Brian Harman,-.667
9,Jake Knapp,-.667
9,Hideki Matsuyama,-.667
9,Aaron Rai,-.667
9,Sepp Straka,-.667
17,Nico Echavarria,-.600
17,Russell Henley,-.600
17,Matthieu Pavon,-.600
20,Patrick Cantlay,-.571
21,Sam Burns,-.500
21,Sungjae Im,-.500
21,Stephan Jaeger,-.500
21,Xander Schauffele,-.500
21,Justin Thomas,-.500
26,Kevin Yu,-.429
27,Byeong Hun An,-.400
27,Keegan Bradley,-.400
27,Jason Day,-.400
27,Chris Kirk,-.400
27,Matt McCarty,-.400
27,Collin Morikawa,-.400
27,Will Zalatoris,-.400
34,Ludvig Åberg,-.333
34,Austin Eckroat,-.333
34,Max Homa,-.333
34,Peter Malnati,-.333
34,Nick Taylor,-.333
34,Davis Thompson,-.333
40,Nick Dunlap,-.250
40,Tom Hoge,-.250
40,Sahith Theegala,-.250
43,Eric Cole,-.200
43,Cam Davis,-.200
43,Robert MacIntyre,-.200
43,Jhonattan Vegas,-.200
47,Wyndham Clark,E
47,Brice Garnett,E
47,Chris Gotterup,E
47,Max Greyserman,E
47,Harry Hall,E
47,Patton Kizzire,E
47,Denny McCarthy,E
47,Taylor Pendrith,E
47,J.T. Poston,E
47,Adam Scott,E
57,Thomas Detry,+.250
58,Rafael Campos,+.286
