rank,player,Avg RTP
1,Hideki Matsuyama,-1.000
2,Akshay Bhatia,-.500
2,Cam Davis,-.500
2,Nick Dunlap,-.500
2,Harry Hall,-.500
2,Justin Thomas,-.500
7,Austin Eckroat,-.429
7,Sepp Straka,-.429
9,Nico Echavarria,-.400
10,Matt Fitzpatrick,-.333
10,Sungjae Im,-.333
10,Chris Kirk,-.333
10,Taylor Pendrith,-.333
14,Keegan Bradley,-.286
14,Tom Hoge,-.286
16,Brian Harman,-.250
16,Cameron Young,-.250
16,Kevin Yu,-.250
19,Adam Hadwin,-.222
19,Nick Taylor,-.222
21,Sam Burns,-.200
21,Patrick Cantlay,-.200
21,Jhonattan Vegas,-.200
24,Ludvig Åberg,-.167
24,Max Homa,-.167
24,Viktor Hovland,-.167
27,Rafael Campos,-.143
27,Brice Garnett,-.143
29,Si Woo Kim,-.125
29,Aaron Rai,-.125
29,Sahith Theegala,-.125
32,Robert MacIntyre,-.100
33,Byeong Hun An,E
33,Christiaan Bezuidenhout,E
33,Wyndham Clark,E
33,Eric Cole,E
33,Corey Conners,E
33,Jason Day,E
33,Thomas Detry,E
33,Tony Finau,E
33,Max Greyserman,E
33,Russell Henley,E
33,Billy Horschel,E
33,Stephan Jaeger,E
33,Patton Kizzire,E
33,Jake Knapp,E
33,Peter Malnati,E
33,Denny McCarthy,E
33,Maverick McNealy,E
33,Collin Morikawa,E
33,Matthieu Pavon,E
33,Adam Scott,E
33,Will Zalatoris,E
54,Matt McCarty,+.143
55,Chris Gotterup,+.200
55,Davis Thompson,+.200
57,Xander Schauffele,+.250
58,J.T. Poston,+.400
