rank,player,Avg RTP
1,Adam Hadwin,-2.000
2,Keegan Bradley,-1.000
2,Patrick Cantlay,-1.000
2,Wyndham Clark,-1.000
2,Nick Dunlap,-1.000
2,Austin Eckroat,-1.000
2,Brice Garnett,-1.000
2,Chris Gotterup,-1.000
2,Billy Horschel,-1.000
2,Sungjae Im,-1.000
2,Matthieu Pavon,-1.000
2,Nick Taylor,-1.000
2,Sahith Theegala,-1.000
2,Justin Thomas,-1.000
2,Davis Thompson,-1.000
2,Cameron Young,-1.000
17,Adam Scott,-.667
18,Corey Conners,-.500
18,Max Homa,-.500
18,Viktor Hovland,-.500
18,Si Woo Kim,-.500
22,Ludvig Åberg,-.333
23,Tom Hoge,-.250
24,Jason Day,-.200
25,Byeong Hun An,E
25,Christiaan Bezuidenhout,E
25,Akshay Bhatia,E
25,Thomas Detry,E
25,Tony Finau,E
25,Matt Fitzpatrick,E
25,Harry Hall,E
25,Brian Harman,E
25,Russell Henley,E
25,Chris Kirk,E
25,Robert MacIntyre,E
25,Peter Malnati,E
25,Denny McCarthy,E
25,Taylor Pendrith,E
25,Xander Schauffele,E
25,Sepp Straka,E
25,Jhonattan Vegas,E
25,Kevin Yu,E
25,Will Zalatoris,E
44,Nico Echavarria,+.500
44,Max Greyserman,+.500
46,Stephan Jaeger,+1.000
46,Matt McCarty,+1.000
