rank,player,Avg RTP
1,Hideki Matsuyama,-.647
2,Davis Thompson,-.636
3,Robert MacIntyre,-.625
4,Cam Davis,-.588
5,Collin Morikawa,-.583
6,Christiaan Bezuidenhout,-.571
6,Harry Hall,-.571
8,Stephan Jaeger,-.563
9,Taylor Pendrith,-.556
10,Rafael Campos,-.545
10,Sahith Theegala,-.545
12,Byeong Hun An,-.500
12,Keegan Bradley,-.500
12,Sam Burns,-.500
12,Matt Fitzpatrick,-.500
12,Sungjae Im,-.500
12,Justin Thomas,-.500
18,Adam Hadwin,-.462
18,Chris Kirk,-.462
20,Jhonattan Vegas,-.455
21,Ludvig Åberg,-.444
21,Patrick Cantlay,-.444
21,Nick Taylor,-.444
24,Patton Kizzire,-.438
25,Max Greyserman,-.400
25,Adam Scott,-.400
27,Russell Henley,-.389
28,Thomas Detry,-.385
28,Matt McCarty,-.385
28,Kevin Yu,-.385
31,Cameron Young,-.364
32,Tony Finau,-.357
33,Chris Gotterup,-.333
33,Max Homa,-.333
33,Peter Malnati,-.333
33,Sepp Straka,-.333
37,Akshay Bhatia,-.308
37,Corey Conners,-.308
37,J.T. Poston,-.308
40,Jason Day,-.300
41,Eric Cole,-.286
41,Austin Eckroat,-.286
43,Matthieu Pavon,-.273
44,Will Zalatoris,-.267
45,Si Woo Kim,-.250
45,Aaron Rai,-.250
47,Brian Harman,-.182
47,Tom Hoge,-.182
47,Viktor Hovland,-.182
50,Billy Horschel,-.167
51,Denny McCarthy,-.158
52,Brice Garnett,-.154
53,Nico Echavarria,-.100
54,Maverick McNealy,-.083
55,Nick Dunlap,-.077
55,Xander Schauffele,-.077
57,Wyndham Clark,-.067
58,Jake Knapp,+.200
