rank,player,Avg RTP
1,Hideki Matsuyama,-.857
2,Collin Morikawa,-.778
3,Austin Eckroat,-.667
3,Max Greyserman,-.667
3,Jake Knapp,-.667
6,Wyndham Clark,-.625
6,Adam Scott,-.625
8,Tony Finau,-.600
8,Sungjae Im,-.600
10,Chris Kirk,-.571
11,Cam Davis,-.556
12,Rafael Campos,-.500
12,Harry Hall,-.500
14,Matt Fitzpatrick,-.444
15,Tom Hoge,-.429
16,Byeong Hun An,-.400
16,Nick Taylor,-.400
18,Ludvig Åberg,-.375
19,Jason Day,-.333
19,Thomas Detry,-.333
19,Adam Hadwin,-.333
19,Denny McCarthy,-.333
19,Sepp Straka,-.333
19,Justin Thomas,-.333
19,Jhonattan Vegas,-.333
26,Robert MacIntyre,-.286
26,Maverick McNealy,-.286
26,Aaron Rai,-.286
26,Xander Schauffele,-.286
26,Davis Thompson,-.286
26,Will Zalatoris,-.286
32,Eric Cole,-.273
33,Nick Dunlap,-.250
33,Billy Horschel,-.250
33,Stephan Jaeger,-.250
33,Si Woo Kim,-.250
33,Taylor Pendrith,-.250
38,Max Homa,-.200
38,Patton Kizzire,-.200
40,Keegan Bradley,-.167
40,Sam Burns,-.167
40,Nico Echavarria,-.167
40,Viktor Hovland,-.167
44,Matt McCarty,-.143
44,Matthieu Pavon,-.143
46,Brice Garnett,-.125
46,Cameron Young,-.125
48,Christiaan Bezuidenhout,E
48,Patrick Cantlay,E
48,Corey Conners,E
48,Peter Malnati,E
48,J.T. Poston,E
48,Sahith Theegala,E
48,Kevin Yu,E
55,Brian Harman,+.167
56,Chris Gotterup,+.200
57,Akshay Bhatia,+.250
58,Russell Henley,+.286
