rank,player,%,Total Birdies,Total Holes
1,Hideki Matsuyama,75.00%,6,8
2,Collin Morikawa,66.67%,6,9
3,Xander Schauffele,58.33%,7,12
4,Max Greyserman,57.14%,4,7
4,Jake Knapp,57.14%,4,7
6,Austin Eckroat,55.56%,5,9
6,Adam Scott,55.56%,5,9
8,Taylor Pendrith,54.55%,6,11
9,Byeong Hun An,50.00%,3,6
9,Rafael Campos,50.00%,3,6
9,Wyndham Clark,50.00%,5,10
9,Thomas Detry,50.00%,4,8
9,Matt Fitzpatrick,50.00%,5,10
9,Harry Hall,50.00%,5,10
9,Tom Hoge,50.00%,4,8
9,Sungjae Im,50.00%,5,10
9,Sahith Theegala,50.00%,4,8
18,Patrick Cantlay,42.86%,3,7
18,Jason Day,42.86%,3,7
18,Tony Finau,42.86%,3,7
21,Stephan Jaeger,40.00%,4,10
21,Denny McCarthy,40.00%,4,10
23,Ludvig Åberg,38.46%,5,13
24,Maverick McNealy,37.50%,3,8
24,Aaron Rai,37.50%,3,8
26,Nick Taylor,36.36%,4,11
26,Justin Thomas,36.36%,4,11
26,Jhonattan Vegas,36.36%,4,11
29,Adam Hadwin,33.33%,3,9
29,Si Woo Kim,33.33%,3,9
29,Sepp Straka,33.33%,2,6
32,Cam Davis,30.77%,4,13
33,Chris Kirk,30.00%,3,10
34,Will Zalatoris,28.57%,2,7
35,Eric Cole,27.27%,3,11
36,Brice Garnett,25.00%,2,8
36,Robert MacIntyre,25.00%,2,8
36,Davis Thompson,25.00%,2,8
36,Cameron Young,25.00%,2,8
40,Sam Burns,22.22%,2,9
40,Billy Horschel,22.22%,2,9
40,Viktor Hovland,22.22%,2,9
40,Patton Kizzire,22.22%,2,9
44,Nick Dunlap,20.00%,1,5
44,Max Homa,20.00%,1,5
46,Christiaan Bezuidenhout,16.67%,1,6
46,Corey Conners,16.67%,1,6
46,Chris Gotterup,16.67%,1,6
49,Keegan Bradley,14.29%,1,7
49,Brian Harman,14.29%,1,7
49,Russell Henley,14.29%,1,7
49,Matt McCarty,14.29%,1,7
49,Matthieu Pavon,14.29%,1,7
49,J.T. Poston,14.29%,1,7
49,Kevin Yu,14.29%,1,7
56,Nico Echavarria,12.50%,1,8
57,Akshay Bhatia,11.11%,1,9
58,Peter Malnati,.00%,0,10
