rank,player,Avg RTP
1,Keegan Bradley,-1.000
1,Max Greyserman,-1.000
1,Tom Hoge,-1.000
1,Taylor Pendrith,-1.000
1,Sahith Theegala,-1.000
6,Patton Kizzire,-.800
7,Hideki Matsuyama,-.750
8,Sungjae Im,-.667
9,Justin Thomas,-.600
9,Cameron Young,-.600
9,Will Zalatoris,-.600
12,Cam Davis,-.500
12,Thomas Detry,-.500
12,Nico Echavarria,-.500
12,Matt Fitzpatrick,-.500
12,Max Homa,-.500
12,Collin Morikawa,-.500
12,Matthieu Pavon,-.500
12,Jhonattan Vegas,-.500
20,Byeong Hun An,-.400
20,Adam Hadwin,-.400
20,Denny McCarthy,-.400
23,Akshay Bhatia,-.333
23,Wyndham Clark,-.333
23,Eric Cole,-.333
23,Chris Gotterup,-.333
23,Brian Harman,-.333
23,Russell Henley,-.333
23,Peter Malnati,-.333
23,Nick Taylor,-.333
31,Corey Conners,-.250
31,Stephan Jaeger,-.250
31,Matt McCarty,-.250
31,Kevin Yu,-.250
35,Brice Garnett,-.200
35,Maverick McNealy,-.200
37,Sepp Straka,-.167
38,Ludvig Åberg,E
38,Christiaan Bezuidenhout,E
38,Sam Burns,E
38,Rafael Campos,E
38,Jason Day,E
38,Austin Eckroat,E
38,Tony Finau,E
38,Harry Hall,E
38,Viktor Hovland,E
38,Si Woo Kim,E
38,Chris Kirk,E
38,J.T. Poston,E
38,Aaron Rai,E
38,Xander Schauffele,E
38,Adam Scott,E
38,Davis Thompson,E
54,Jake Knapp,+.250
55,Billy Horschel,+.333
56,Nick Dunlap,+.500
