rank,player,Avg RTP
1,Sam Burns,-.800
2,Christiaan Bezuidenhout,-.750
3,Harry Hall,-.714
4,Cam Davis,-.667
4,Nick Taylor,-.667
6,Stephan Jaeger,-.625
7,Adam Hadwin,-.600
8,Chris Kirk,-.571
8,Robert MacIntyre,-.571
8,Adam Scott,-.571
8,Kevin Yu,-.571
12,Byeong Hun An,-.500
12,Jason Day,-.500
12,Matt Fitzpatrick,-.500
12,Max Greyserman,-.500
12,Russell Henley,-.500
12,Sungjae Im,-.500
12,Sepp Straka,-.500
12,Sahith Theegala,-.500
12,Davis Thompson,-.500
12,Cameron Young,-.500
22,Keegan Bradley,-.429
22,Billy Horschel,-.429
22,Patton Kizzire,-.429
25,Akshay Bhatia,-.400
25,Thomas Detry,-.400
25,Hideki Matsuyama,-.400
25,Taylor Pendrith,-.400
29,Ludvig Åberg,-.333
29,Eric Cole,-.333
29,Austin Eckroat,-.333
29,Tony Finau,-.333
29,Chris Gotterup,-.333
29,Brian Harman,-.333
29,Collin Morikawa,-.333
29,J.T. Poston,-.333
29,Justin Thomas,-.333
38,Peter Malnati,-.250
38,Matt McCarty,-.250
40,Corey Conners,-.200
40,Brice Garnett,-.200
40,Viktor Hovland,-.200
40,Si Woo Kim,-.200
40,Aaron Rai,-.200
40,Jhonattan Vegas,-.200
46,Patrick Cantlay,-.167
47,Tom Hoge,-.143
47,Will Zalatoris,-.143
49,Wyndham Clark,-.125
50,Rafael Campos,E
50,Nico Echavarria,E
50,Max Homa,E
50,Denny McCarthy,E
50,Maverick McNealy,E
50,Matthieu Pavon,E
50,Xander Schauffele,E
57,Nick Dunlap,+.200
