rank,player,%,Total Birdies,Total Holes
1,Jhonattan Vegas,58.82%,10,17
2,Collin Morikawa,50.00%,4,8
3,Wyndham Clark,45.00%,9,20
4,Aaron Rai,44.44%,4,9
5,Adam Scott,42.11%,8,19
6,Corey Conners,41.67%,5,12
7,Thomas Detry,40.00%,6,15
7,Chris Gotterup,40.00%,6,15
9,Sam Burns,37.50%,6,16
9,Cameron Young,37.50%,9,24
11,Hideki Matsuyama,36.36%,4,11
12,Max Homa,33.33%,5,15
12,Maverick McNealy,33.33%,5,15
12,Will Zalatoris,33.33%,5,15
15,Matt Fitzpatrick,31.25%,5,16
16,Tom Hoge,30.77%,4,13
16,Sungjae Im,30.77%,4,13
18,Ludvig Åberg,30.00%,6,20
19,Max Greyserman,29.17%,7,24
20,Akshay Bhatia,28.57%,4,14
20,Taylor Pendrith,28.57%,4,14
20,Justin Thomas,28.57%,4,14
23,Xander Schauffele,27.78%,5,18
24,Robert MacIntyre,27.27%,3,11
24,Sahith Theegala,27.27%,3,11
26,Patrick Cantlay,26.32%,5,19
27,Russell Henley,25.00%,3,12
27,Denny McCarthy,25.00%,3,12
27,J.T. Poston,25.00%,2,8
30,Nico Echavarria,23.53%,4,17
31,Austin Eckroat,23.08%,3,13
32,Davis Thompson,21.05%,4,19
33,Keegan Bradley,20.00%,3,15
33,Viktor Hovland,20.00%,4,20
35,Patton Kizzire,18.75%,3,16
35,Matthieu Pavon,18.75%,3,16
37,Billy Horschel,18.18%,2,11
38,Rafael Campos,17.65%,3,17
39,Eric Cole,16.67%,2,12
39,Cam Davis,16.67%,2,12
39,Adam Hadwin,16.67%,2,12
39,Harry Hall,16.67%,3,18
43,Jason Day,15.79%,3,19
44,Tony Finau,15.00%,3,20
45,Sepp Straka,14.29%,1,7
46,Peter Malnati,13.33%,2,15
47,Stephan Jaeger,12.50%,2,16
47,Si Woo Kim,12.50%,2,16
49,Christiaan Bezuidenhout,11.11%,2,18
49,Jake Knapp,11.11%,2,18
51,Byeong Hun An,10.53%,2,19
52,Brice Garnett,10.00%,1,10
53,Nick Taylor,8.33%,1,12
53,Kevin Yu,8.33%,1,12
55,Nick Dunlap,8.00%,2,25
56,Matt McCarty,7.69%,1,13
57,Brian Harman,7.14%,1,14
58,Chris Kirk,.00%,0,14
