rank,player,Avg RTP
1,Sam Burns,-.500
1,Collin Morikawa,-.500
3,Jhonattan Vegas,-.462
4,Chris Gotterup,-.417
5,Adam Hadwin,-.333
5,Tom Hoge,-.333
7,Maverick McNealy,-.300
7,Justin Thomas,-.300
9,Wyndham Clark,-.294
10,Sungjae Im,-.286
10,Aaron Rai,-.286
12,Will Zalatoris,-.273
13,Akshay Bhatia,-.250
13,Sahith Theegala,-.250
15,Xander Schauffele,-.231
16,Corey Conners,-.222
16,Thomas Detry,-.222
18,Ludvig Åberg,-.214
19,Jason Day,-.200
19,Brice Garnett,-.200
19,Adam Scott,-.200
22,Eric Cole,-.182
23,Patrick Cantlay,-.167
23,Matt Fitzpatrick,-.167
25,Viktor Hovland,-.154
25,Davis Thompson,-.154
25,Cameron Young,-.154
28,Denny McCarthy,-.143
29,Russell Henley,-.125
29,Matthieu Pavon,-.125
31,Taylor Pendrith,-.111
32,Max Homa,-.100
33,Byeong Hun An,-.059
34,Christiaan Bezuidenhout,E
34,Keegan Bradley,E
34,Tony Finau,E
34,Max Greyserman,E
34,Si Woo Kim,E
34,Hideki Matsuyama,E
40,Patton Kizzire,+.083
41,Nick Taylor,+.100
42,Nick Dunlap,+.133
42,Harry Hall,+.133
44,Nico Echavarria,+.167
44,Billy Horschel,+.167
46,Stephan Jaeger,+.182
47,Matt McCarty,+.222
48,Chris Kirk,+.250
48,Peter Malnati,+.250
50,Brian Harman,+.273
51,Austin Eckroat,+.286
52,Kevin Yu,+.300
53,Jake Knapp,+.308
54,Robert MacIntyre,+.333
55,J.T. Poston,+.400
56,Cam Davis,+.500
56,Sepp Straka,+.500
58,Rafael Campos,+.600
