rank,player,Avg RTP
1,Patton Kizzire,-.750
2,Peter Malnati,-.714
2,Taylor Pendrith,-.714
4,Jhonattan Vegas,-.556
5,Sungjae Im,-.500
6,Corey Conners,-.455
7,Denny McCarthy,-.429
7,Maverick McNealy,-.429
7,Collin Morikawa,-.429
10,Nico Echavarria,-.375
10,Robert MacIntyre,-.375
12,J.T. Poston,-.364
13,Keegan Bradley,-.333
13,Sahith Theegala,-.333
13,Cameron Young,-.333
16,Brice Garnett,-.300
16,Tom Hoge,-.300
16,Will Zalatoris,-.300
19,Si Woo Kim,-.286
20,Chris Gotterup,-.273
20,Sepp Straka,-.273
22,Max Homa,-.250
23,Austin Eckroat,-.222
23,Tony Finau,-.222
25,Ludvig Åberg,-.200
25,Christiaan Bezuidenhout,-.200
25,Adam Hadwin,-.200
25,Harry Hall,-.200
25,Russell Henley,-.200
25,Hideki Matsuyama,-.200
31,Cam Davis,-.167
31,Thomas Detry,-.167
31,Nick Dunlap,-.167
31,Aaron Rai,-.167
35,Viktor Hovland,-.143
35,Chris Kirk,-.143
35,Xander Schauffele,-.143
38,Sam Burns,-.125
38,Patrick Cantlay,-.125
38,Max Greyserman,-.125
38,Brian Harman,-.125
38,Jake Knapp,-.125
43,Rafael Campos,-.100
44,Matt McCarty,-.091
45,Byeong Hun An,E
45,Akshay Bhatia,E
45,Wyndham Clark,E
45,Jason Day,E
45,Matt Fitzpatrick,E
45,Billy Horschel,E
45,Justin Thomas,E
45,Kevin Yu,E
53,Matthieu Pavon,+.143
53,Davis Thompson,+.143
55,Eric Cole,+.167
55,Adam Scott,+.167
55,Nick Taylor,+.167
58,Stephan Jaeger,+.200
