rank,player,Avg RTP
1,Keegan Bradley,-1.000
1,Tom Hoge,-1.000
3,Chris Gotterup,-.500
4,Patrick Cantlay,-.333
4,Nico Echavarria,-.333
4,Harry Hall,-.333
4,Aaron Rai,-.333
4,Jhonattan Vegas,-.333
4,Cameron Young,-.333
10,Akshay Bhatia,-.250
11,Ludvig Åberg,E
11,Byeong Hun An,E
11,Christiaan Bezuidenhout,E
11,Sam Burns,E
11,Wyndham Clark,E
11,Eric Cole,E
11,Cam Davis,E
11,Jason Day,E
11,Thomas Detry,E
11,Nick Dunlap,E
11,Tony Finau,E
11,Matt Fitzpatrick,E
11,Max Greyserman,E
11,Adam Hadwin,E
11,Russell Henley,E
11,Viktor Hovland,E
11,Chris Kirk,E
11,Patton Kizzire,E
11,Peter Malnati,E
11,Hideki Matsuyama,E
11,Denny McCarthy,E
11,Maverick McNealy,E
11,Matthieu Pavon,E
11,Taylor Pendrith,E
11,J.T. Poston,E
11,Sepp Straka,E
11,Nick Taylor,E
11,Kevin Yu,E
11,Will Zalatoris,E
40,Corey Conners,+.250
40,Adam Scott,+.250
42,Max Homa,+.333
42,Si Woo Kim,+.333
44,Rafael Campos,+.400
45,Austin Eckroat,+.500
45,Robert MacIntyre,+.500
47,Brian Harman,+.667
47,Justin Thomas,+.667
49,Sungjae Im,+1.000
49,Stephan Jaeger,+1.000
49,Jake Knapp,+1.000
49,Davis Thompson,+1.000
