rank,player,Avg RTP
1,Ludvig Åberg,-1.000
1,Chris Gotterup,-1.000
1,Sungjae Im,-1.000
1,Aaron Rai,-1.000
5,Tom Hoge,-.500
5,Viktor Hovland,-.500
5,Stephan Jaeger,-.500
5,Denny McCarthy,-.500
5,Maverick McNealy,-.500
5,Adam Scott,-.500
11,Wyndham Clark,-.250
12,Byeong Hun An,E
12,Christiaan Bezuidenhout,E
12,Akshay Bhatia,E
12,Rafael Campos,E
12,Eric Cole,E
12,Jason Day,E
12,Tony Finau,E
12,Matt Fitzpatrick,E
12,Brice Garnett,E
12,Max Greyserman,E
12,Adam Hadwin,E
12,Russell Henley,E
12,Max Homa,E
12,Si Woo Kim,E
12,Patton Kizzire,E
12,Jake Knapp,E
12,Matthieu Pavon,E
12,Xander Schauffele,E
12,Nick Taylor,E
12,Sahith Theegala,E
12,Davis Thompson,E
12,Cameron Young,E
34,Matt McCarty,+.250
35,Keegan Bradley,+.333
35,Will Zalatoris,+.333
37,Patrick Cantlay,+.500
37,Nico Echavarria,+.500
37,Austin Eckroat,+.500
37,Harry Hall,+.500
37,Chris Kirk,+.500
37,Kevin Yu,+.500
43,Thomas Detry,+1.000
43,Peter Malnati,+1.000
43,Hideki Matsuyama,+1.000
43,J.T. Poston,+1.000
43,Sepp Straka,+1.000
