rank,player,Avg RTP
1,Patrick Cantlay,-1.000
1,Wyndham Clark,-1.000
1,Eric Cole,-1.000
1,Brice Garnett,-1.000
1,Adam Hadwin,-1.000
1,Billy Horschel,-1.000
1,Sungjae Im,-1.000
1,Maverick McNealy,-1.000
1,Collin Morikawa,-1.000
1,Nick Taylor,-1.000
1,Justin Thomas,-1.000
1,Davis Thompson,-1.000
1,Jhonattan Vegas,-1.000
1,Cameron Young,-1.000
15,Max Homa,-.667
15,Viktor Hovland,-.667
17,Ludvig Åberg,-.600
17,Adam Scott,-.600
19,Keegan Bradley,-.500
19,Sam Burns,-.500
19,Corey Conners,-.500
19,Thomas Detry,-.500
19,Brian Harman,-.500
19,Si Woo Kim,-.500
19,Patton Kizzire,-.500
19,Taylor Pendrith,-.500
19,Xander Schauffele,-.500
28,Chris Gotterup,-.400
29,Akshay Bhatia,-.333
29,Matt Fitzpatrick,-.333
29,Matthieu Pavon,-.333
32,Jason Day,-.286
33,Nick Dunlap,-.250
34,Tom Hoge,-.200
35,Byeong Hun An,E
35,Christiaan Bezuidenhout,E
35,Cam Davis,E
35,Austin Eckroat,E
35,Tony Finau,E
35,Max Greyserman,E
35,Harry Hall,E
35,Russell Henley,E
35,Chris Kirk,E
35,Robert MacIntyre,E
35,Peter Malnati,E
35,Hideki Matsuyama,E
35,Denny McCarthy,E
35,Aaron Rai,E
35,Sepp Straka,E
35,Sahith Theegala,E
35,Kevin Yu,E
35,Will Zalatoris,E
53,Nico Echavarria,+.500
54,Stephan Jaeger,+1.000
54,Jake Knapp,+1.000
54,Matt McCarty,+1.000
