rank,player,%,Total Birdies,Total Holes
1,Sungjae Im,63.64%,14,22
2,Cameron Young,63.16%,12,19
3,Patrick Cantlay,61.54%,16,26
4,Peter Malnati,61.11%,11,18
5,Matt Fitzpatrick,59.09%,13,22
5,Maverick McNealy,59.09%,13,22
7,Si Woo Kim,57.69%,15,26
8,Adam Hadwin,57.14%,12,21
8,Collin Morikawa,57.14%,12,21
10,Viktor Hovland,56.52%,13,23
11,Davis Thompson,56.00%,14,25
12,Wyndham Clark,52.63%,10,19
13,Ludvig Åberg,52.38%,11,21
14,Jhonattan Vegas,52.00%,13,25
15,Keegan Bradley,51.85%,14,27
15,Corey Conners,51.85%,14,27
15,Aaron Rai,51.85%,14,27
18,Thomas Detry,50.00%,10,20
18,Robert MacIntyre,50.00%,13,26
18,Sepp Straka,50.00%,12,24
21,J.T. Poston,48.15%,13,27
22,Sam Burns,47.83%,11,23
22,Billy Horschel,47.83%,11,23
22,Xander Schauffele,47.83%,11,23
25,Patton Kizzire,47.37%,9,19
26,Stephan Jaeger,47.06%,8,17
27,Max Homa,46.15%,12,26
28,Austin Eckroat,45.83%,11,24
29,Max Greyserman,45.45%,10,22
29,Russell Henley,45.45%,10,22
31,Akshay Bhatia,44.44%,12,27
32,Matthieu Pavon,44.00%,11,25
33,Byeong Hun An,43.48%,10,23
33,Jake Knapp,43.48%,10,23
35,Adam Scott,42.11%,8,19
36,Cam Davis,41.67%,10,24
36,Justin Thomas,41.67%,10,24
38,Taylor Pendrith,40.91%,9,22
39,Brian Harman,40.74%,11,27
40,Tony Finau,39.13%,9,23
40,Chris Kirk,39.13%,9,23
42,Harry Hall,38.89%,7,18
43,Christiaan Bezuidenhout,38.46%,10,26
44,Denny McCarthy,38.10%,8,21
45,Sahith Theegala,37.93%,11,29
46,Nico Echavarria,37.50%,9,24
46,Hideki Matsuyama,37.50%,9,24
48,Will Zalatoris,36.36%,8,22
49,Chris Gotterup,36.00%,9,25
50,Kevin Yu,34.78%,8,23
51,Brice Garnett,31.82%,7,22
52,Nick Taylor,29.17%,7,24
53,Jason Day,29.03%,9,31
54,Matt McCarty,28.00%,7,25
55,Nick Dunlap,27.27%,6,22
56,Eric Cole,26.32%,5,19
57,Tom Hoge,26.09%,6,23
58,Rafael Campos,19.05%,4,21
