rank,player,%,Total Birdies,Total Holes
1,Hideki Matsuyama,66.67%,2,3
2,Harry Hall,50.00%,6,12
2,Sepp Straka,50.00%,4,8
4,Tom Hoge,44.44%,4,9
5,Keegan Bradley,37.50%,3,8
5,Patrick Cantlay,37.50%,3,8
5,Nico Echavarria,37.50%,3,8
5,Jhonattan Vegas,37.50%,3,8
9,Cam Davis,33.33%,1,3
9,Austin Eckroat,33.33%,3,9
11,Taylor Pendrith,30.77%,4,13
12,Justin Thomas,30.00%,3,10
13,Akshay Bhatia,28.57%,2,7
13,Brice Garnett,28.57%,2,7
13,Cameron Young,28.57%,2,7
16,Aaron Rai,27.27%,3,11
17,Nick Dunlap,25.00%,2,8
17,Matt Fitzpatrick,25.00%,2,8
17,Sungjae Im,25.00%,1,4
17,Si Woo Kim,25.00%,3,12
21,Sahith Theegala,22.22%,2,9
22,Max Greyserman,20.00%,1,5
22,Chris Kirk,20.00%,1,5
22,Kevin Yu,20.00%,2,10
25,Adam Hadwin,18.18%,2,11
26,J.T. Poston,16.67%,1,6
26,Xander Schauffele,16.67%,1,6
28,Nick Taylor,15.38%,2,13
29,Brian Harman,14.29%,1,7
29,Billy Horschel,14.29%,1,7
29,Collin Morikawa,14.29%,1,7
32,Ludvig Åberg,12.50%,1,8
32,Sam Burns,12.50%,1,8
32,Eric Cole,12.50%,1,8
32,Thomas Detry,12.50%,1,8
32,Chris Gotterup,12.50%,1,8
32,Jake Knapp,12.50%,1,8
32,Adam Scott,12.50%,1,8
39,Corey Conners,11.11%,1,9
39,Tony Finau,11.11%,1,9
39,Max Homa,11.11%,1,9
39,Viktor Hovland,11.11%,1,9
39,Matthieu Pavon,11.11%,1,9
44,Rafael Campos,8.33%,1,12
45,Robert MacIntyre,7.69%,1,13
46,Byeong Hun An,.00%,0,7
46,Christiaan Bezuidenhout,.00%,0,7
46,Wyndham Clark,.00%,0,6
46,Jason Day,.00%,0,8
46,Russell Henley,.00%,0,6
46,Stephan Jaeger,.00%,0,7
46,Patton Kizzire,.00%,0,6
46,Peter Malnati,.00%,0,6
46,Denny McCarthy,.00%,0,4
46,Matt McCarty,.00%,0,7
46,Maverick McNealy,.00%,0,5
46,Davis Thompson,.00%,0,6
46,Will Zalatoris,.00%,0,5
