rank,player,Avg RTP
1,Hideki Matsuyama,-.750
1,Adam Scott,-.750
3,Wyndham Clark,-.667
3,Corey Conners,-.667
3,Peter Malnati,-.667
3,J.T. Poston,-.667
7,Nico Echavarria,-.600
8,Akshay Bhatia,-.500
8,Matt Fitzpatrick,-.500
8,Max Greyserman,-.500
8,Aaron Rai,-.500
8,Jhonattan Vegas,-.500
8,Kevin Yu,-.500
14,Tony Finau,-.400
14,Max Homa,-.400
14,Robert MacIntyre,-.400
14,Denny McCarthy,-.400
14,Maverick McNealy,-.400
19,Cameron Young,-.364
20,Christiaan Bezuidenhout,-.333
20,Thomas Detry,-.333
20,Austin Eckroat,-.333
20,Chris Gotterup,-.333
20,Harry Hall,-.333
20,Collin Morikawa,-.333
20,Sepp Straka,-.333
27,Rafael Campos,-.286
28,Russell Henley,-.250
28,Matt McCarty,-.250
28,Will Zalatoris,-.250
31,Taylor Pendrith,-.200
31,Xander Schauffele,-.200
33,Ludvig Åberg,-.167
34,Patrick Cantlay,-.143
35,Byeong Hun An,E
35,Keegan Bradley,E
35,Eric Cole,E
35,Cam Davis,E
35,Jason Day,E
35,Nick Dunlap,E
35,Tom Hoge,E
35,Billy Horschel,E
35,Viktor Hovland,E
35,Sungjae Im,E
35,Stephan Jaeger,E
35,Si Woo Kim,E
35,Patton Kizzire,E
35,Jake Knapp,E
35,Nick Taylor,E
35,Sahith Theegala,E
35,Justin Thomas,E
35,Davis Thompson,E
53,Matthieu Pavon,+.125
54,Sam Burns,+.167
55,Brice Garnett,+.200
56,Adam Hadwin,+.333
57,Chris Kirk,+.500
58,Brian Harman,+.667
