rank,player,Avg RTP,Attempts
1,Sungjae Im,-1.000,2
2,Wyndham Clark,-.600,10
2,Maverick McNealy,-.600,5
4,Sam Burns,-.500,4
4,Aaron Rai,-.500,2
4,Jhonattan Vegas,-.500,12
7,Chris Gotterup,-.429,7
8,Akshay Bhatia,-.333,6
8,Thomas Detry,-.333,6
8,Brice Garnett,-.333,3
11,Davis Thompson,-.300,10
12,Tom Hoge,-.286,7
13,Cameron Young,-.273,11
14,Corey Conners,-.250,4
14,Russell Henley,-.250,8
16,Adam Scott,-.231,13
17,Max Greyserman,-.200,10
17,Adam Hadwin,-.200,5
17,Viktor Hovland,-.200,5
17,Stephan Jaeger,-.200,5
17,Taylor Pendrith,-.200,5
17,Xander Schauffele,-.200,10
17,Nick Taylor,-.200,5
17,Will Zalatoris,-.200,10
25,Tony Finau,-.182,11
26,Jason Day,-.167,12
26,Austin Eckroat,-.167,6
26,Matt Fitzpatrick,-.167,6
26,Denny McCarthy,-.167,6
30,Keegan Bradley,-.125,8
30,Eric Cole,-.125,8
32,Matthieu Pavon,-.111,9
33,Ludvig Åberg,-.091,11
33,Byeong Hun An,-.091,11
35,Patrick Cantlay,E,5
35,Cam Davis,E,3
35,Nico Echavarria,E,9
35,Harry Hall,E,11
35,Max Homa,E,7
35,Billy Horschel,E,5
35,Si Woo Kim,E,9
35,Jake Knapp,E,10
35,Collin Morikawa,E,1
35,Sahith Theegala,E,3
35,Justin Thomas,E,7
46,Christiaan Bezuidenhout,+.083,12
47,Nick Dunlap,+.091,11
47,Patton Kizzire,+.091,11
49,Matt McCarty,+.250,8
49,Kevin Yu,+.250,4
51,Peter Malnati,+.286,7
52,Chris Kirk,+.333,3
52,Sepp Straka,+.333,3
54,Rafael Campos,+.364,11
55,Brian Harman,+.429,7
56,Robert MacIntyre,+.500,4
56,Hideki Matsuyama,+.500,2
58,J.T. Poston,+.667,3
