rank,player,Avg RTP
1,Corey Conners,-1.000
1,Chris Gotterup,-1.000
1,Jake Knapp,-1.000
1,Hideki Matsuyama,-1.000
1,Adam Scott,-1.000
6,Nico Echavarria,-.667
6,Max Greyserman,-.667
6,Robert MacIntyre,-.667
6,J.T. Poston,-.667
10,Akshay Bhatia,-.500
10,Wyndham Clark,-.500
10,Max Homa,-.500
10,Peter Malnati,-.500
10,Cameron Young,-.500
10,Kevin Yu,-.500
16,Nick Dunlap,-.333
16,Tony Finau,-.333
16,Matt Fitzpatrick,-.333
16,Denny McCarthy,-.333
16,Maverick McNealy,-.333
16,Taylor Pendrith,-.333
16,Will Zalatoris,-.333
23,Ludvig Åberg,-.250
23,Matt McCarty,-.250
25,Rafael Campos,-.200
25,Sungjae Im,-.200
27,Patrick Cantlay,-.167
28,Christiaan Bezuidenhout,E
28,Keegan Bradley,E
28,Cam Davis,E
28,Jason Day,E
28,Austin Eckroat,E
28,Brice Garnett,E
28,Harry Hall,E
28,Billy Horschel,E
28,Viktor Hovland,E
28,Stephan Jaeger,E
28,Si Woo Kim,E
28,Patton Kizzire,E
28,Collin Morikawa,E
28,Xander Schauffele,E
28,Sepp Straka,E
28,Sahith Theegala,E
28,Justin Thomas,E
28,Davis Thompson,E
28,Jhonattan Vegas,E
47,Sam Burns,+.200
48,Thomas Detry,+.333
49,Matthieu Pavon,+.667
50,Adam Hadwin,+.750
51,Chris Kirk,+1.000
