rank,player,Avg RTP
1,Hideki Matsuyama,-.536
2,Cam Davis,-.472
3,Collin Morikawa,-.448
4,Harry Hall,-.431
5,Sungjae Im,-.426
6,Austin Eckroat,-.370
6,Jhonattan Vegas,-.370
8,Sam Burns,-.367
8,Tony Finau,-.367
10,Ludvig Åberg,-.366
11,Maverick McNealy,-.360
12,Cameron Young,-.356
13,Chris Kirk,-.347
14,Keegan Bradley,-.346
15,Corey Conners,-.345
16,Taylor Pendrith,-.340
17,Stephan Jaeger,-.333
17,Justin Thomas,-.333
19,Sepp Straka,-.328
20,Adam Hadwin,-.327
20,Tom Hoge,-.327
20,Adam Scott,-.327
23,Patrick Cantlay,-.326
23,Max Greyserman,-.326
25,Robert MacIntyre,-.321
25,Will Zalatoris,-.321
27,Nico Echavarria,-.320
27,Si Woo Kim,-.320
29,Byeong Hun An,-.311
30,Max Homa,-.308
31,Matt Fitzpatrick,-.300
32,Wyndham Clark,-.298
33,Patton Kizzire,-.294
34,Peter Malnati,-.292
35,Kevin Yu,-.283
36,Thomas Detry,-.280
37,Davis Thompson,-.277
38,Christiaan Bezuidenhout,-.271
39,Sahith Theegala,-.269
40,Aaron Rai,-.254
41,Nick Dunlap,-.250
41,J.T. Poston,-.250
43,Jason Day,-.244
44,Akshay Bhatia,-.240
45,Nick Taylor,-.236
46,Russell Henley,-.224
47,Xander Schauffele,-.222
48,Rafael Campos,-.216
48,Billy Horschel,-.216
50,Jake Knapp,-.213
51,Matthieu Pavon,-.204
52,Viktor Hovland,-.188
53,Denny McCarthy,-.185
54,Brice Garnett,-.179
55,Brian Harman,-.176
56,Chris Gotterup,-.143
57,Matt McCarty,-.127
58,Eric Cole,-.094
