rank,player,%,Total Birdies,Total Holes
1,Robert MacIntyre,61.54%,8,13
2,Hideki Matsuyama,56.52%,13,23
3,Cam Davis,55.00%,11,20
4,Adam Scott,52.17%,12,23
5,Rafael Campos,50.00%,10,20
5,Collin Morikawa,50.00%,11,22
7,Harry Hall,45.45%,10,22
7,Sungjae Im,45.45%,10,22
9,Corey Conners,43.75%,7,16
10,Taylor Pendrith,42.86%,6,14
11,Kevin Yu,42.11%,8,19
12,Max Greyserman,41.67%,10,24
12,Stephan Jaeger,41.67%,10,24
14,Jhonattan Vegas,41.18%,7,17
15,Thomas Detry,40.00%,8,20
15,Matt Fitzpatrick,40.00%,8,20
15,Sahith Theegala,40.00%,6,15
18,Cameron Young,39.13%,9,23
19,Sam Burns,38.89%,7,18
20,Sepp Straka,38.10%,8,21
21,Russell Henley,37.50%,9,24
22,Chris Gotterup,36.36%,8,22
22,Patton Kizzire,36.36%,8,22
24,Chris Kirk,35.29%,6,17
25,Ludvig Åberg,35.00%,7,20
25,Byeong Hun An,35.00%,7,20
25,Adam Hadwin,35.00%,7,20
28,Christiaan Bezuidenhout,33.33%,5,15
28,Nico Echavarria,33.33%,6,18
28,Austin Eckroat,33.33%,6,18
28,Max Homa,33.33%,6,18
28,Aaron Rai,33.33%,5,15
33,J.T. Poston,31.58%,6,19
34,Nick Taylor,31.25%,5,16
34,Justin Thomas,31.25%,5,16
36,Tony Finau,30.43%,7,23
37,Tom Hoge,30.00%,6,20
38,Keegan Bradley,29.41%,5,17
39,Peter Malnati,28.57%,6,21
39,Matt McCarty,28.57%,6,21
39,Davis Thompson,28.57%,6,21
42,Maverick McNealy,27.27%,6,22
43,Patrick Cantlay,26.32%,5,19
44,Wyndham Clark,26.09%,6,23
45,Akshay Bhatia,25.00%,5,20
45,Will Zalatoris,25.00%,6,24
47,Eric Cole,23.81%,5,21
48,Denny McCarthy,23.08%,6,26
49,Jake Knapp,22.22%,4,18
50,Brian Harman,21.43%,3,14
51,Billy Horschel,20.00%,4,20
51,Viktor Hovland,20.00%,4,20
51,Matthieu Pavon,20.00%,4,20
54,Jason Day,18.75%,3,16
54,Si Woo Kim,18.75%,3,16
56,Brice Garnett,18.18%,4,22
57,Nick Dunlap,17.39%,4,23
58,Xander Schauffele,15.00%,3,20
