rank,player,Avg RTP
1,Tom Hoge,-.500
2,Sam Burns,-.400
3,Hideki Matsuyama,-.364
3,Maverick McNealy,-.364
5,Wyndham Clark,-.333
5,Cameron Young,-.333
7,Thomas Detry,-.308
8,Ludvig Åberg,-.286
8,Cam Davis,-.286
8,Nick Dunlap,-.286
11,J.T. Poston,-.273
12,Tony Finau,-.250
12,Collin Morikawa,-.250
12,Will Zalatoris,-.250
15,Nico Echavarria,-.222
15,Russell Henley,-.222
15,Max Homa,-.222
18,Corey Conners,-.200
18,Brice Garnett,-.200
20,Xander Schauffele,-.167
21,Rafael Campos,-.143
21,Patrick Cantlay,-.143
21,Chris Gotterup,-.143
21,Davis Thompson,-.143
25,Jason Day,-.125
25,Peter Malnati,-.125
25,Kevin Yu,-.125
28,Byeong Hun An,-.111
29,Chris Kirk,-.100
29,Adam Scott,-.100
31,Sungjae Im,-.091
31,Robert MacIntyre,-.091
33,Sepp Straka,-.077
34,Christiaan Bezuidenhout,E
34,Akshay Bhatia,E
34,Keegan Bradley,E
34,Austin Eckroat,E
34,Adam Hadwin,E
34,Billy Horschel,E
34,Stephan Jaeger,E
34,Jake Knapp,E
34,Matt McCarty,E
34,Matthieu Pavon,E
34,Jhonattan Vegas,E
45,Max Greyserman,+.100
45,Brian Harman,+.100
45,Patton Kizzire,+.100
45,Aaron Rai,+.100
49,Nick Taylor,+.143
49,Sahith Theegala,+.143
49,Justin Thomas,+.143
52,Matt Fitzpatrick,+.200
53,Harry Hall,+.250
53,Denny McCarthy,+.250
55,Si Woo Kim,+.286
55,Taylor Pendrith,+.286
57,Viktor Hovland,+.333
58,Eric Cole,+.429
