rank,player,Avg RTP
1,Adam Scott,-.500
2,Hideki Matsuyama,-.444
3,Collin Morikawa,-.429
3,Justin Thomas,-.429
5,J.T. Poston,-.400
5,Jhonattan Vegas,-.400
5,Will Zalatoris,-.400
8,Corey Conners,-.375
8,Chris Gotterup,-.375
8,Max Homa,-.375
11,Ludvig Åberg,-.333
11,Christiaan Bezuidenhout,-.333
11,Tom Hoge,-.333
11,Denny McCarthy,-.333
15,Matt Fitzpatrick,-.300
16,Robert MacIntyre,-.286
16,Aaron Rai,-.286
18,Akshay Bhatia,-.250
18,Eric Cole,-.250
18,Xander Schauffele,-.250
18,Sahith Theegala,-.250
22,Cameron Young,-.231
23,Thomas Detry,-.222
24,Patrick Cantlay,-.214
25,Matt McCarty,-.200
25,Maverick McNealy,-.200
27,Sam Burns,-.167
28,Jason Day,-.143
28,Max Greyserman,-.143
30,Nico Echavarria,-.125
30,Peter Malnati,-.125
32,Taylor Pendrith,-.111
33,Wyndham Clark,-.100
34,Viktor Hovland,-.067
35,Byeong Hun An,E
35,Rafael Campos,E
35,Tony Finau,E
35,Russell Henley,E
35,Sungjae Im,E
35,Si Woo Kim,E
35,Patton Kizzire,E
35,Sepp Straka,E
43,Nick Dunlap,+.071
44,Davis Thompson,+.111
45,Kevin Yu,+.125
46,Keegan Bradley,+.143
46,Austin Eckroat,+.143
46,Brice Garnett,+.143
46,Adam Hadwin,+.143
46,Harry Hall,+.143
46,Matthieu Pavon,+.143
52,Billy Horschel,+.167
53,Stephan Jaeger,+.273
53,Chris Kirk,+.273
55,Brian Harman,+.286
55,Nick Taylor,+.286
57,Jake Knapp,+.500
58,Cam Davis,+.556
