rank,player,%,Total Birdies,Total Holes
1,Collin Morikawa,57.14%,4,7
2,Corey Conners,50.00%,4,8
2,Adam Scott,50.00%,3,6
4,Ludvig Åberg,44.44%,4,9
4,Hideki Matsuyama,44.44%,4,9
6,Robert MacIntyre,42.86%,3,7
6,Aaron Rai,42.86%,3,7
8,Matt Fitzpatrick,40.00%,4,10
8,Patton Kizzire,40.00%,2,5
8,J.T. Poston,40.00%,2,5
8,Jhonattan Vegas,40.00%,2,5
8,Will Zalatoris,40.00%,2,5
13,Cameron Young,38.46%,5,13
14,Chris Gotterup,37.50%,3,8
14,Max Homa,37.50%,3,8
16,Christiaan Bezuidenhout,33.33%,2,6
16,Sam Burns,33.33%,4,12
16,Rafael Campos,33.33%,2,6
16,Thomas Detry,33.33%,3,9
16,Tom Hoge,33.33%,2,6
16,Denny McCarthy,33.33%,2,6
22,Wyndham Clark,30.00%,3,10
23,Patrick Cantlay,28.57%,4,14
23,Justin Thomas,28.57%,2,7
25,Akshay Bhatia,25.00%,2,8
25,Eric Cole,25.00%,1,4
25,Nico Echavarria,25.00%,2,8
25,Peter Malnati,25.00%,2,8
25,Xander Schauffele,25.00%,2,8
25,Sepp Straka,25.00%,1,4
25,Sahith Theegala,25.00%,2,8
32,Taylor Pendrith,22.22%,2,9
33,Max Greyserman,21.43%,3,14
34,Matt McCarty,20.00%,1,5
34,Maverick McNealy,20.00%,2,10
36,Sungjae Im,18.18%,2,11
37,Billy Horschel,16.67%,1,6
38,Keegan Bradley,14.29%,1,7
38,Jason Day,14.29%,1,7
38,Austin Eckroat,14.29%,1,7
38,Adam Hadwin,14.29%,1,7
38,Harry Hall,14.29%,1,7
38,Si Woo Kim,14.29%,1,7
38,Matthieu Pavon,14.29%,1,7
45,Viktor Hovland,13.33%,2,15
46,Kevin Yu,12.50%,1,8
47,Cam Davis,11.11%,1,9
47,Tony Finau,11.11%,1,9
49,Stephan Jaeger,9.09%,1,11
50,Nick Dunlap,7.14%,1,14
51,Byeong Hun An,.00%,0,8
51,Brice Garnett,.00%,0,7
51,Brian Harman,.00%,0,7
51,Russell Henley,.00%,0,4
51,Chris Kirk,.00%,0,11
51,Jake Knapp,.00%,0,8
51,Nick Taylor,.00%,0,7
51,Davis Thompson,.00%,0,9
