rank,player,Avg RTP
1,Will Zalatoris,-.800
2,Sam Burns,-.750
3,Corey Conners,-.667
3,Justin Thomas,-.667
5,Jhonattan Vegas,-.400
6,Thomas Detry,-.333
6,Hideki Matsuyama,-.333
6,Adam Scott,-.333
9,Russell Henley,-.250
10,Eric Cole,-.200
11,Byeong Hun An,E
11,Akshay Bhatia,E
11,Jason Day,E
11,Nico Echavarria,E
11,Austin Eckroat,E
11,Matt Fitzpatrick,E
11,Brice Garnett,E
11,Chris Gotterup,E
11,Max Greyserman,E
11,Adam Hadwin,E
11,Tom Hoge,E
11,Max Homa,E
11,Viktor Hovland,E
11,Sungjae Im,E
11,Stephan Jaeger,E
11,Si Woo Kim,E
11,Chris Kirk,E
11,Robert MacIntyre,E
11,Peter Malnati,E
11,Denny McCarthy,E
11,Matt McCarty,E
11,Maverick McNealy,E
11,Collin Morikawa,E
11,Matthieu Pavon,E
11,J.T. Poston,E
11,Aaron Rai,E
11,Sahith Theegala,E
38,Christiaan Bezuidenhout,+.143
39,Tony Finau,+.167
39,Jake Knapp,+.167
41,Wyndham Clark,+.200
42,Patrick Cantlay,+.250
42,Cam Davis,+.250
42,Billy Horschel,+.250
42,Xander Schauffele,+.250
46,Ludvig Åberg,+.333
46,Harry Hall,+.333
46,Davis Thompson,+.333
46,Cameron Young,+.333
50,Brian Harman,+.400
50,Patton Kizzire,+.400
52,Nick Dunlap,+.429
53,Taylor Pendrith,+.500
54,Keegan Bradley,+.667
54,Kevin Yu,+.667
56,Rafael Campos,+1.000
56,Nick Taylor,+1.000
