rank,player,Avg RTP
1,Ludvig Åberg,-2.000
1,Tony Finau,-2.000
3,Patrick Cantlay,-1.333
4,Byeong Hun An,-1.000
4,Sam Burns,-1.000
4,Wyndham Clark,-1.000
4,Thomas Detry,-1.000
4,Max Greyserman,-1.000
4,Viktor Hovland,-1.000
4,Stephan Jaeger,-1.000
4,Si Woo Kim,-1.000
4,Robert MacIntyre,-1.000
4,Peter Malnati,-1.000
4,Maverick McNealy,-1.000
4,J.T. Poston,-1.000
4,Aaron Rai,-1.000
4,Adam Scott,-1.000
4,Sepp Straka,-1.000
4,Sahith Theegala,-1.000
4,Justin Thomas,-1.000
4,Kevin Yu,-1.000
22,Jake Knapp,-.800
23,Collin Morikawa,-.750
23,Taylor Pendrith,-.750
23,Cameron Young,-.750
26,Keegan Bradley,-.667
26,Corey Conners,-.667
26,Cam Davis,-.667
26,Nick Dunlap,-.667
26,Austin Eckroat,-.667
26,Matt Fitzpatrick,-.667
26,Max Homa,-.667
26,Sungjae Im,-.667
26,Denny McCarthy,-.667
35,Nico Echavarria,-.600
35,Harry Hall,-.600
35,Brian Harman,-.600
38,Christiaan Bezuidenhout,-.500
38,Akshay Bhatia,-.500
38,Adam Hadwin,-.500
38,Billy Horschel,-.500
38,Chris Kirk,-.500
38,Hideki Matsuyama,-.500
38,Davis Thompson,-.500
38,Jhonattan Vegas,-.500
38,Will Zalatoris,-.500
47,Nick Taylor,-.400
48,Russell Henley,-.250
48,Patton Kizzire,-.250
50,Rafael Campos,E
50,Eric Cole,E
50,Jason Day,E
50,Chris Gotterup,E
50,Tom Hoge,E
50,Matthieu Pavon,E
56,Brice Garnett,+.500
57,Matt McCarty,+1.000
