rank,player,Avg,Total Strokes,Tot. Early Rds.(1st tee)
1,Jason Day,65.50,131,2
2,Sangmoon Bae,66.00,66,1
2,Hideki Matsuyama,66.00,66,1
4,Ben Martin,67.00,67,1
4,Scott Stallings,67.00,67,1
4,Robert Streb,67.00,67,1
4,Brendon Todd,67.00,67,1
8,Brian Harman,67.50,135,2
8,Chris Kirk,67.50,135,2
10,Charley Hoffman,68.00,136,2
10,Matt Kuchar,68.00,68,1
10,Kevin Streelman,68.00,136,2
13,Matt Jones,68.50,137,2
14,Bubba Watson,69.00,69,1
15,S.Y. Noh,69.50,139,2
16,Steven Bowditch,69.67,209,3
16,Hunter Mahan,69.67,209,3
18,Billy Horschel,70.00,210,3
18,Ryan Moore,70.00,210,3
20,Chesson Hadley,70.25,281,4
21,Geoff Ogilvy,70.67,212,3
22,Tim Clark,70.75,283,4
23,Matt Every,71.00,284,4
23,John Senden,71.00,71,1
23,Nick Taylor,71.00,213,3
26,Ángel Cabrera,71.50,286,4
26,Ben Crane,71.50,286,4
28,Camilo Villegas,71.75,287,4
29,J.B. Holmes,72.67,218,3
