rank,player,Avg,Total Strokes,Total Rounds
1,Tim Clark,67.00,67,1
1,Kevin Streelman,67.00,67,1
3,Chesson Hadley,68.00,68,1
3,Matt Jones,68.00,68,1
5,Hunter Mahan,69.00,69,1
5,Ryan Moore,69.00,69,1
5,S.Y. Noh,69.00,69,1
8,Matt Every,70.00,70,1
8,Billy Horschel,70.00,70,1
10,Steven Bowditch,71.00,71,1
10,Camilo Villegas,71.00,71,1
12,Ángel Cabrera,72.00,72,1
12,Nick Taylor,72.00,72,1
14,Ben Crane,73.00,73,1
14,J.B. Holmes,73.00,73,1
14,Chris Kirk,73.00,73,1
17,Geoff Ogilvy,74.00,74,1
