rank,player,Low Rnd
1,Jason Day,62
1,Chris Kirk,62
3,Brian Harman,65
4,Sangmoon Bae,66
4,Charley Hoffman,66
4,Hideki Matsuyama,66
7,Tim Clark,67
7,Ben Crane,67
7,Ben Martin,67
7,Scott Stallings,67
7,Robert Streb,67
7,Kevin Streelman,67
7,Brendon Todd,67
14,Chesson Hadley,68
14,Matt Jones,68
14,Matt Kuchar,68
17,Steven Bowditch,69
17,J.B. Holmes,69
17,Hunter Mahan,69
17,Ryan Moore,69
17,S.Y. Noh,69
17,Geoff Ogilvy,69
17,Nick Taylor,69
17,Bubba Watson,69
25,Ángel Cabrera,70
25,Matt Every,70
25,Billy Horschel,70
25,Camilo Villegas,70
29,John Senden,71
