rank,player,Avg,Total Strokes,Total Rounds
1,Sangmoon Bae,66.00,66,1
2,Ben Martin,67.00,67,1
2,Scott Stallings,67.00,67,1
2,Robert Streb,67.00,67,1
5,Steven Bowditch,69.00,69,1
5,J.B. Holmes,69.00,69,1
5,Matt Jones,69.00,69,1
5,Kevin Streelman,69.00,69,1
5,Nick Taylor,69.00,69,1
10,Tim Clark,70.00,70,1
10,Chesson Hadley,70.00,70,1
10,Charley Hoffman,70.00,70,1
13,Ángel Cabrera,71.00,71,1
13,Ryan Moore,71.00,71,1
13,Camilo Villegas,71.00,71,1
16,Matt Every,73.00,73,1
17,Ben Crane,74.00,74,1
