rank,player,Avg,Total Strokes,Total Rounds
1,Charley Hoffman,66.00,66,1
1,Hideki Matsuyama,66.00,66,1
3,Ben Crane,67.00,67,1
3,Brendon Todd,67.00,67,1
5,Jason Day,69.00,69,1
5,Geoff Ogilvy,69.00,69,1
5,Bubba Watson,69.00,69,1
8,Brian Harman,70.00,70,1
8,Billy Horschel,70.00,70,1
8,Ryan Moore,70.00,70,1
8,S.Y. Noh,70.00,70,1
8,Camilo Villegas,70.00,70,1
13,Matt Every,71.00,71,1
13,Hunter Mahan,71.00,71,1
15,Ángel Cabrera,73.00,73,1
15,Chesson Hadley,73.00,73,1
17,Tim Clark,75.00,75,1
