rank,player,Avg,Total Strokes,Total Rounds
1,Jason Day,62.00,62,1
1,Chris Kirk,62.00,62,1
3,Brian Harman,65.00,65,1
4,Matt Kuchar,68.00,68,1
5,Steven Bowditch,69.00,69,1
5,Hunter Mahan,69.00,69,1
5,Geoff Ogilvy,69.00,69,1
8,Ángel Cabrera,70.00,70,1
8,Matt Every,70.00,70,1
8,Chesson Hadley,70.00,70,1
8,Billy Horschel,70.00,70,1
12,Tim Clark,71.00,71,1
12,John Senden,71.00,71,1
14,Ben Crane,72.00,72,1
14,Nick Taylor,72.00,72,1
16,Camilo Villegas,75.00,75,1
17,J.B. Holmes,76.00,76,1
