rank,player,Avg,Total Strokes,Total Rounds
1,Hideki Matsuyama,65.00,130,2
2,Collin Morikawa,65.50,131,2
3,Corey Conners,66.00,132,2
3,Thomas Detry,66.00,132,2
3,Tom Hoge,66.00,132,2
3,Maverick McNealy,66.00,132,2
7,Keegan Bradley,66.50,133,2
7,Wyndham Clark,66.50,133,2
7,Harry Hall,66.50,133,2
7,Cameron Young,66.50,133,2
11,Sepp Straka,67.00,134,2
12,Will Zalatoris,67.50,135,2
13,Austin Eckroat,68.00,136,2
13,Tony Finau,68.00,136,2
13,Adam Hadwin,68.00,136,2
13,Sungjae Im,68.00,136,2
13,Robert MacIntyre,68.00,136,2
13,Taylor Pendrith,68.00,136,2
13,Jhonattan Vegas,68.00,136,2
20,Cam Davis,68.50,137,2
20,Max Greyserman,68.50,137,2
20,Adam Scott,68.50,137,2
23,Sam Burns,69.00,138,2
23,Patrick Cantlay,69.00,138,2
23,Matt Fitzpatrick,69.00,138,2
23,Max Homa,69.00,138,2
23,Peter Malnati,69.00,138,2
23,J.T. Poston,69.00,138,2
29,Ludvig Åberg,69.50,139,2
29,Russell Henley,69.50,139,2
29,Viktor Hovland,69.50,139,2
29,Stephan Jaeger,69.50,139,2
29,Patton Kizzire,69.50,139,2
29,Denny McCarthy,69.50,139,2
29,Aaron Rai,69.50,139,2
36,Byeong Hun An,70.00,140,2
36,Jason Day,70.00,140,2
36,Brice Garnett,70.00,140,2
39,Chris Gotterup,70.50,141,2
39,Billy Horschel,70.50,141,2
39,Chris Kirk,70.50,141,2
39,Matt McCarty,70.50,141,2
39,Kevin Yu,70.50,141,2
44,Eric Cole,71.00,142,2
44,Nico Echavarria,71.00,142,2
44,Xander Schauffele,71.00,142,2
44,Justin Thomas,71.00,142,2
44,Davis Thompson,71.00,142,2
49,Christiaan Bezuidenhout,71.50,143,2
49,Akshay Bhatia,71.50,143,2
51,Rafael Campos,72.00,144,2
51,Si Woo Kim,72.00,144,2
51,Matthieu Pavon,72.00,144,2
51,Sahith Theegala,72.00,144,2
55,Jake Knapp,72.50,145,2
56,Nick Dunlap,73.00,146,2
56,Nick Taylor,73.00,146,2
58,Brian Harman,74.50,149,2
