rank,player,Stroke Differential,Player's Score,Field Average Score
1,Hideki Matsuyama,+4.49,64.25,68.74
2,Collin Morikawa,+3.74,65.00,68.74
3,Sungjae Im,+2.99,65.75,68.74
4,Jhonattan Vegas,+1.99,66.75,68.74
5,Ludvig Åberg,+1.74,67.00,68.74
5,Corey Conners,+1.74,67.00,68.74
5,Thomas Detry,+1.74,67.00,68.74
8,Sam Burns,+1.49,67.25,68.74
8,Harry Hall,+1.49,67.25,68.74
8,Tom Hoge,+1.49,67.25,68.74
8,Maverick McNealy,+1.49,67.25,68.74
8,Cameron Young,+1.49,67.25,68.74
13,Cam Davis,+1.24,67.50,68.74
13,Taylor Pendrith,+1.24,67.50,68.74
15,Keegan Bradley,+0.99,67.75,68.74
15,Patrick Cantlay,+0.99,67.75,68.74
15,Wyndham Clark,+0.99,67.75,68.74
15,Austin Eckroat,+0.99,67.75,68.74
15,Tony Finau,+0.99,67.75,68.74
15,Robert MacIntyre,+0.99,67.75,68.74
15,Aaron Rai,+0.99,67.75,68.74
15,Adam Scott,+0.99,67.75,68.74
15,Sepp Straka,+0.99,67.75,68.74
24,Matt Fitzpatrick,+0.74,68.00,68.74
24,Max Greyserman,+0.74,68.00,68.74
26,Max Homa,+0.49,68.25,68.74
26,Justin Thomas,+0.49,68.25,68.74
26,Will Zalatoris,+0.49,68.25,68.74
29,Adam Hadwin,+0.24,68.50,68.74
30,Russell Henley,-0.01,68.75,68.74
30,Xander Schauffele,-0.01,68.75,68.74
32,Byeong Hun An,-0.26,69.00,68.74
32,Akshay Bhatia,-0.26,69.00,68.74
32,Nico Echavarria,-0.26,69.00,68.74
32,Si Woo Kim,-0.26,69.00,68.74
36,Viktor Hovland,-0.51,69.25,68.74
36,Stephan Jaeger,-0.51,69.25,68.74
36,Sahith Theegala,-0.51,69.25,68.74
36,Davis Thompson,-0.51,69.25,68.74
40,Christiaan Bezuidenhout,-0.76,69.50,68.74
40,Jason Day,-0.76,69.50,68.74
40,Patton Kizzire,-0.76,69.50,68.74
40,J.T. Poston,-0.76,69.50,68.74
44,Chris Kirk,-1.01,69.75,68.74
44,Kevin Yu,-1.01,69.75,68.74
46,Chris Gotterup,-1.26,70.00,68.74
46,Denny McCarthy,-1.26,70.00,68.74
48,Brice Garnett,-1.51,70.25,68.74
48,Matthieu Pavon,-1.51,70.25,68.74
48,Nick Taylor,-1.51,70.25,68.74
51,Billy Horschel,-1.76,70.50,68.74
52,Eric Cole,-2.01,70.75,68.74
53,Peter Malnati,-2.26,71.00,68.74
53,Matt McCarty,-2.26,71.00,68.74
55,Nick Dunlap,-2.51,71.25,68.74
56,Jake Knapp,-2.76,71.50,68.74
57,Rafael Campos,-3.26,72.00,68.74
58,Brian Harman,-3.51,72.25,68.74
