rank,player,%,Attempts,RTP-Going for the green,RTP-Not going for the grn
1,Harris English,100.00,11,-9,E
2,Jason Kokrak,90.91,10,-7,E
2,Marc Leishman,90.91,10,-8,E
2,Jeff Overton,90.91,10,-8,E
2,Ryan Palmer,90.91,10,-8,-1
2,Jimmy Walker,90.91,10,-9,-1
7,Sangmoon Bae,81.82,9,-3,-2
7,Steven Bowditch,81.82,9,-6,E
7,Tim Herron,81.82,9,-4,E
7,Justin Hicks,81.82,9,-7,E
7,Billy Hurley III,81.82,9,-10,E
7,Zach Johnson,81.82,9,-7,-2
7,Matt Kuchar,81.82,9,-7,-1
7,Peter Malnati,81.82,9,-8,-1
7,Ben Martin,81.82,9,-5,E
7,Pat Perez,81.82,9,-7,E
7,Adam Scott,81.82,9,-8,E
7,John Senden,81.82,9,-6,E
7,Hudson Swafford,81.82,9,-6,-1
7,Boo Weekley,81.82,9,-5,-2
7,Y.E. Yang,81.82,9,-4,+1
22,Ricky Barnes,72.73,8,-5,+1
22,Brendon de Jonge,72.73,8,-5,E
22,Matt Every,72.73,8,-4,-2
22,Brice Garnett,72.73,8,-6,E
22,Morgan Hoffmann,72.73,8,-5,+1
22,Ryuji Imada,72.73,8,-8,E
22,Chris Kirk,72.73,8,-9,E
22,Michael Putnam,72.73,8,-1,E
22,John Rollins,72.73,8,-8,-1
22,Daniel Summerhays,72.73,8,-6,+2
22,Derek Tolan,72.73,8,-6,E
22,Tyrone Van Aswegen,72.73,8,-8,+1
22,Charlie Wi,72.73,8,-7,E
22,Will Wilcox,72.73,8,-4,E
36,Stuart Appleby,63.64,7,-7,-1
36,Scott Brown,63.64,7,-5,E
36,Tommy Gainey,63.64,7,-2,+2
36,Brian Gay,63.64,7,-5,-2
36,Retief Goosen,63.64,7,-5,-4
36,James Hahn,63.64,7,-6,-2
36,Charles Howell III,63.64,7,-4,+1
36,Jerry Kelly,63.64,7,-6,-2
36,William McGirt,63.64,7,-4,-2
36,Kevin Na,63.64,7,-5,-3
36,D.A. Points,63.64,7,-4,-1
36,Heath Slocum,63.64,7,-3,-1
36,Robert Streb,63.64,7,-7,+1
36,Brendon Todd,63.64,7,-6,+1
50,K.J. Choi,54.55,6,-5,-3
50,Chad Collins,54.55,6,-2,-1
50,Jason Dufner,54.55,6,-4,-1
50,Brian Harman,54.55,6,-6,-1
50,Hyung-Sung Kim,54.55,6,-4,E
50,Spencer Levin,54.55,6,-5,-3
50,S.Y. Noh,54.55,6,-3,E
50,John Peterson,54.55,6,-4,-2
50,Chris Stroud,54.55,6,-5,E
50,Hideto Tanihara,54.55,6,-5,+2
60,Robert Allenby,45.45,5,-3,-1
60,Charlie Beljan,45.45,5,-4,-2
60,Stewart Cink,45.45,5,-5,-3
60,John Daly,45.45,5,-5,+1
60,Paul Goydos,45.45,5,-5,E
60,David Hearn,45.45,5,-3,-1
60,Russell Henley,45.45,5,-3,E
60,Justin Leonard,45.45,5,-2,-2
60,Tim Wilkinson,45.45,5,-3,E
60,Mark Wilson,45.45,5,-5,E
70,Brian Stuard,36.36,4,-4,-3
71,Greg Chalmers,9.09,1,-1,+1
