rank,player,Avg,Total Dist after GFG Shot,Total GFG Shots
1,Greg Chalmers,5.3,189.000,1
2,Tyrone Van Aswegen,14.4,"4,151.000",8
3,Scott Brown,14.6,"3,676.000",7
4,Ryuji Imada,15.2,"4,391.000",8
5,Charlie Wi,15.7,"4,514.000",8
6,Stewart Cink,15.8,"2,849.000",5
7,Brian Harman,16.1,"3,477.000",6
8,Morgan Hoffmann,16.9,"4,878.000",8
9,Stuart Appleby,17.3,"4,370.000",7
10,Chris Kirk,17.6,"5,066.000",8
11,Justin Hicks,17.9,"5,797.000",9
12,Spencer Levin,18.0,"3,896.000",6
13,Hideto Tanihara,18.3,"3,945.000",6
14,William McGirt,18.5,"4,673.000",7
15,Daniel Summerhays,19.2,"5,526.000",8
16,John Daly,19.3,"3,481.000",5
16,Jason Dufner,19.3,"4,174.000",6
18,Brian Gay,19.4,"4,895.000",7
19,Zach Johnson,19.6,"6,342.000",9
19,Adam Scott,19.6,"7,042.000",10
19,Chris Stroud,19.6,"4,240.000",6
22,Brendon de Jonge,19.7,"5,685.000",8
22,Tommy Gainey,19.7,"4,972.000",7
22,Brendon Todd,19.7,"4,952.000",7
25,Ryan Palmer,20.0,"7,210.000",10
26,Jason Kokrak,20.4,"7,342.000",10
26,Mark Wilson,20.4,"3,670.000",5
28,Chad Collins,20.9,"4,510.000",6
29,Robert Allenby,21.1,"3,790.000",5
30,Paul Goydos,21.2,"3,816.000",5
31,Matt Kuchar,21.6,"7,005.000",9
32,Brian Stuard,21.7,"3,121.000",4
32,Derek Tolan,21.7,"6,256.000",8
34,Will Wilcox,21.9,"6,310.000",8
35,K.J. Choi,22.0,"4,742.000",6
36,Jeff Overton,22.3,"8,040.000",10
36,John Peterson,22.3,"4,807.000",6
36,Robert Streb,22.3,"5,621.000",7
39,Retief Goosen,22.4,"5,653.000",7
40,Hudson Swafford,22.6,"7,315.000",9
40,Tim Wilkinson,22.6,"4,064.000",5
42,Jerry Kelly,22.9,"5,760.000",7
43,James Hahn,23.4,"5,904.000",7
43,Jimmy Walker,23.4,"8,409.000",10
45,Ricky Barnes,23.5,"6,769.000",8
46,Charlie Beljan,23.8,"4,279.000",5
47,Steven Bowditch,24.0,"7,765.000",9
48,Russell Henley,24.5,"4,416.000",5
48,Billy Hurley III,24.5,"7,938.000",9
48,Marc Leishman,24.5,"8,820.000",10
51,Harris English,24.6,"10,618.000",12
51,John Rollins,24.6,"7,098.000",8
53,Michael Putnam,24.8,"7,155.000",8
54,Kevin Na,25.2,"6,352.000",7
55,S.Y. Noh,25.3,"5,466.000",6
56,John Senden,25.9,"8,380.000",9
57,Pat Perez,26.0,"8,413.000",9
58,Charles Howell III,26.1,"6,585.000",7
59,Tim Herron,26.3,"8,524.000",9
60,Brice Garnett,26.6,"7,669.000",8
61,D.A. Points,27.6,"6,956.000",7
62,Heath Slocum,28.2,"7,114.000",7
63,Ben Martin,28.4,"9,186.000",9
64,Matt Every,28.7,"8,260.000",8
65,David Hearn,28.9,"5,203.000",5
66,Hyung-Sung Kim,29.1,"6,283.000",6
67,Sangmoon Bae,29.5,"9,551.000",9
68,Boo Weekley,30.5,"9,880.000",9
69,Justin Leonard,30.9,"5,569.000",5
70,Y.E. Yang,31.0,"10,033.000",9
71,Peter Malnati,34.1,"11,046.000",9
