rank,player,%,# of Birdie or Better,Attempts,RTP-Successes,RTP-Not going for the grn
1,Stuart Appleby,100.00,7,7,-7,-1.00
1,Greg Chalmers,100.00,1,1,-1,+1.00
1,Stewart Cink,100.00,5,5,-5,-3.00
1,Paul Goydos,100.00,5,5,-5,E
1,Brian Harman,100.00,6,6,-6,-1.00
1,Billy Hurley III,100.00,9,9,-10,E
1,Ryuji Imada,100.00,8,8,-8,E
1,Chris Kirk,100.00,8,8,-9,E
1,John Rollins,100.00,8,8,-8,-1.00
1,Tyrone Van Aswegen,100.00,8,8,-8,+1.00
11,Jimmy Walker,90.00,9,10,-9,-1.00
12,James Hahn,85.71,6,7,-6,-2.00
12,Jerry Kelly,85.71,6,7,-6,-2.00
14,K.J. Choi,83.33,5,6,-5,-3.00
14,Jason Dufner,83.33,5,6,-5,-1.00
14,Spencer Levin,83.33,5,6,-5,-3.00
14,Chris Stroud,83.33,5,6,-5,E
14,Hideto Tanihara,83.33,5,6,-5,+2.00
19,Charlie Beljan,80.00,4,5,-4,-2.00
19,John Daly,80.00,4,5,-5,+1.00
19,Jeff Overton,80.00,8,10,-8,E
19,Adam Scott,80.00,8,10,-8,E
19,Mark Wilson,80.00,4,5,-5,E
24,Justin Hicks,77.78,7,9,-7,E
24,Zach Johnson,77.78,7,9,-7,-2.00
24,Peter Malnati,77.78,7,9,-8,-1.00
24,Pat Perez,77.78,7,9,-7,E
28,Harris English,75.00,9,12,-9,E
28,Brian Stuard,75.00,3,4,-4,-3.00
28,Derek Tolan,75.00,6,8,-6,E
28,Charlie Wi,75.00,6,8,-7,E
32,Scott Brown,71.43,5,7,-5,E
32,Brian Gay,71.43,5,7,-5,-2.00
32,Retief Goosen,71.43,5,7,-5,-4.00
32,Kevin Na,71.43,5,7,-5,-3.00
32,Robert Streb,71.43,5,7,-7,+1.00
32,Brendon Todd,71.43,5,7,-6,+1.00
38,Jason Kokrak,70.00,7,10,-7,E
39,Steven Bowditch,66.67,6,9,-6,E
39,Hyung-Sung Kim,66.67,4,6,-4,E
39,Matt Kuchar,66.67,6,9,-7,-1.00
39,John Peterson,66.67,4,6,-4,-2.00
39,John Senden,66.67,6,9,-6,E
39,Hudson Swafford,66.67,6,9,-7,-1.00
45,Ricky Barnes,62.50,5,8,-5,+1.00
45,Brendon de Jonge,62.50,5,8,-5,E
45,Brice Garnett,62.50,5,8,-6,E
45,Daniel Summerhays,62.50,5,8,-6,+2.00
49,Robert Allenby,60.00,3,5,-3,-1.00
49,David Hearn,60.00,3,5,-3,-1.00
49,Russell Henley,60.00,3,5,-3,E
49,Marc Leishman,60.00,6,10,-8,E
49,Ryan Palmer,60.00,6,10,-8,-1.00
49,Tim Wilkinson,60.00,3,5,-3,E
55,Charles Howell III,57.14,4,7,-4,+1.00
55,William McGirt,57.14,4,7,-4,-2.00
55,D.A. Points,57.14,4,7,-4,-1.00
58,Ben Martin,55.56,5,9,-5,E
58,Boo Weekley,55.56,5,9,-5,-2.00
60,Matt Every,50.00,4,8,-4,-2.00
60,Morgan Hoffmann,50.00,4,8,-5,+1.00
60,S.Y. Noh,50.00,3,6,-3,E
60,Will Wilcox,50.00,4,8,-4,E
64,Sangmoon Bae,44.44,4,9,-4,-2.00
64,Tim Herron,44.44,4,9,-4,E
64,Y.E. Yang,44.44,4,9,-4,+1.00
67,Heath Slocum,42.86,3,7,-3,-1.00
68,Justin Leonard,40.00,2,5,-2,-2.00
69,Michael Putnam,37.50,3,8,-3,E
70,Chad Collins,33.33,2,6,-2,-1.00
71,Tommy Gainey,28.57,2,7,-3,+2.00
