rank,player,%,Successes,Attempts,RTP-Successes,RTP-Not going for the grn
1,Greg Chalmers,100.00,1,1,-1,+1.00
2,Brian Harman,66.67,4,6,-4,-1.00
2,Justin Hicks,66.67,6,9,-6,E
4,Charlie Beljan,60.00,3,5,-3,-2.00
4,Stewart Cink,60.00,3,5,-3,-3.00
4,Jason Kokrak,60.00,6,10,-5,E
4,Mark Wilson,60.00,3,5,-4,E
8,Scott Brown,57.14,4,7,-4,E
9,Zach Johnson,55.56,5,9,-5,-2.00
10,K.J. Choi,50.00,3,6,-3,-3.00
10,Chris Kirk,50.00,4,8,-5,E
10,Brian Stuard,50.00,2,4,-3,-3.00
10,Derek Tolan,50.00,4,8,-4,E
14,Steven Bowditch,44.44,4,9,-4,E
14,Hudson Swafford,44.44,4,9,-5,-1.00
16,James Hahn,42.86,3,7,-3,-2.00
16,Jerry Kelly,42.86,3,7,-3,-2.00
18,Robert Allenby,40.00,2,5,-1,-1.00
18,Paul Goydos,40.00,2,5,-2,E
18,Marc Leishman,40.00,4,10,-5,E
18,Ryan Palmer,40.00,4,10,-5,-1.00
18,Jimmy Walker,40.00,4,10,-4,-1.00
23,Ricky Barnes,37.50,3,8,-3,+1.00
23,Brendon de Jonge,37.50,3,8,-3,E
23,Morgan Hoffmann,37.50,3,8,-4,+1.00
23,Ryuji Imada,37.50,3,8,-3,E
23,Daniel Summerhays,37.50,3,8,-4,+2.00
23,Tyrone Van Aswegen,37.50,3,8,-3,+1.00
29,Sangmoon Bae,33.33,3,9,-2,-2.00
29,Jason Dufner,33.33,2,6,-2,-1.00
29,Tim Herron,33.33,3,9,-3,E
29,Matt Kuchar,33.33,3,9,-4,-1.00
29,John Peterson,33.33,2,6,-2,-2.00
29,Hideto Tanihara,33.33,2,6,-2,+2.00
29,Boo Weekley,33.33,3,9,-3,-2.00
36,Adam Scott,30.00,3,10,-3,E
37,Stuart Appleby,28.57,2,7,-2,-1.00
37,Retief Goosen,28.57,2,7,-2,-4.00
37,Charles Howell III,28.57,2,7,-2,+1.00
37,William McGirt,28.57,2,7,-2,-2.00
37,Robert Streb,28.57,2,7,-3,+1.00
37,Brendon Todd,28.57,2,7,-3,+1.00
43,Harris English,25.00,3,12,-3,E
43,Matt Every,25.00,2,8,-2,-2.00
43,John Rollins,25.00,2,8,-2,-1.00
43,Charlie Wi,25.00,2,8,-3,E
43,Will Wilcox,25.00,2,8,-2,E
48,Billy Hurley III,22.22,2,9,-2,E
48,Pat Perez,22.22,2,9,-2,E
48,Y.E. Yang,22.22,2,9,-1,+1.00
51,John Daly,20.00,1,5,-1,+1.00
51,David Hearn,20.00,1,5,-1,-1.00
51,Russell Henley,20.00,1,5,-1,E
51,Tim Wilkinson,20.00,1,5,-1,E
55,Chad Collins,16.67,1,6,-1,-1.00
55,Hyung-Sung Kim,16.67,1,6,-1,E
55,Spencer Levin,16.67,1,6,-1,-3.00
55,S.Y. Noh,16.67,1,6,-1,E
55,Chris Stroud,16.67,1,6,-1,E
60,Tommy Gainey,14.29,1,7,-2,+2.00
60,Brian Gay,14.29,1,7,-1,-2.00
60,Kevin Na,14.29,1,7,-1,-3.00
60,Heath Slocum,14.29,1,7,-1,-1.00
64,Brice Garnett,12.50,1,8,-1,E
64,Michael Putnam,12.50,1,8,+1,E
66,Peter Malnati,11.11,1,9,-1,-1.00
66,Ben Martin,11.11,1,9,-1,E
66,John Senden,11.11,1,9,-1,E
69,Jeff Overton,10.00,1,10,-1,E
70,Justin Leonard,.00,0,5,E,-2.00
70,D.A. Points,.00,0,7,E,-1.00
