rank,player,%,Attempts
1,Sangmoon Bae,100.00,8
1,Brendon de Jonge,100.00,8
1,Harris English,100.00,8
1,Tim Herron,100.00,8
1,Justin Hicks,100.00,8
1,Billy Hurley III,100.00,8
1,Ryuji Imada,100.00,8
1,Zach Johnson,100.00,8
1,Jason Kokrak,100.00,8
1,Marc Leishman,100.00,8
1,Ben Martin,100.00,8
1,Jeff Overton,100.00,8
1,John Senden,100.00,8
1,Daniel Summerhays,100.00,8
1,Derek Tolan,100.00,8
1,Jimmy Walker,100.00,8
1,Charlie Wi,100.00,8
18,Stuart Appleby,87.50,7
18,Ricky Barnes,87.50,7
18,Steven Bowditch,87.50,7
18,Tommy Gainey,87.50,7
18,Brice Garnett,87.50,7
18,Brian Gay,87.50,7
18,Chris Kirk,87.50,7
18,Matt Kuchar,87.50,7
18,Peter Malnati,87.50,7
18,William McGirt,87.50,7
18,Kevin Na,87.50,7
18,Ryan Palmer,87.50,7
18,Pat Perez,87.50,7
18,John Rollins,87.50,7
18,Adam Scott,87.50,7
18,Hudson Swafford,87.50,7
18,Brendon Todd,87.50,7
18,Tyrone Van Aswegen,87.50,7
18,Boo Weekley,87.50,7
18,Y.E. Yang,87.50,7
38,Scott Brown,75.00,6
38,K.J. Choi,75.00,6
38,Chad Collins,75.00,6
38,Jason Dufner,75.00,6
38,Matt Every,75.00,6
38,Retief Goosen,75.00,6
38,James Hahn,75.00,6
38,Brian Harman,75.00,6
38,Morgan Hoffmann,75.00,6
38,Jerry Kelly,75.00,6
38,Spencer Levin,75.00,6
38,D.A. Points,75.00,6
38,Michael Putnam,75.00,6
38,Heath Slocum,75.00,6
38,Robert Streb,75.00,6
38,Hideto Tanihara,75.00,6
38,Will Wilcox,75.00,6
55,Robert Allenby,62.50,5
55,Stewart Cink,62.50,5
55,John Daly,62.50,5
55,Paul Goydos,62.50,5
55,David Hearn,62.50,5
55,Justin Leonard,62.50,5
55,S.Y. Noh,62.50,5
55,John Peterson,62.50,5
55,Chris Stroud,62.50,5
55,Tim Wilkinson,62.50,5
65,Charlie Beljan,50.00,4
65,Russell Henley,50.00,4
65,Charles Howell III,50.00,4
65,Hyung-Sung Kim,50.00,4
65,Mark Wilson,50.00,4
70,Brian Stuard,37.50,3
71,Greg Chalmers,12.50,1
