rank,player,%,Total 3 Putts,Total Holes (overall)
1,Stuart Appleby,.00,0,72
1,Arjun Atwal,.00,0,72
1,Zach Johnson,.00,0,72
1,Matt Kuchar,.00,0,72
5,Jonathan Byrd,1.39,1,72
5,Bill Haas,1.39,1,72
5,Bill Lunde,1.39,1,72
5,Ryan Palmer,1.39,1,72
5,Ian Poulter,1.39,1,72
5,Heath Slocum,1.39,1,72
11,Matt Bettencourt,2.78,2,72
11,Tim Clark,2.78,2,72
11,Robert Garrigus,2.78,2,72
11,Charley Hoffman,2.78,2,72
11,Dustin Johnson,2.78,2,72
11,Graeme McDowell,2.78,2,72
11,Justin Rose,2.78,2,72
11,Steve Stricker,2.78,2,72
19,Cameron Beckman,4.17,3,72
19,Jason Day,4.17,3,72
19,Jim Furyk,4.17,3,72
19,Carl Pettersson,4.17,3,72
19,Bubba Watson,4.17,3,72
24,Derek Lamely,5.56,4,72
24,Francesco Molinari,5.56,4,72
26,Ernie Els,6.94,5,72
26,Hunter Mahan,6.94,5,72
26,Rocco Mediate,6.94,5,72
26,Adam Scott,6.94,5,72
30,Jason Bohn,8.33,6,72
30,Ben Crane,8.33,6,72
30,Anthony Kim,8.33,6,72
