rank,player,Avg,Total Putts,Total Rounds,Low Total Putts
1,Jason Day,28.50,114,4,26
2,Carl Pettersson,28.75,115,4,27
3,Cameron Beckman,29.00,116,4,28
3,Jonathan Byrd,29.00,116,4,28
5,Arjun Atwal,29.25,117,4,27
5,Matt Kuchar,29.25,117,4,28
5,Steve Stricker,29.25,117,4,26
8,Graeme McDowell,29.50,118,4,25
9,Dustin Johnson,30.25,121,4,27
9,Zach Johnson,30.25,121,4,28
9,Francesco Molinari,30.25,121,4,28
9,Justin Rose,30.25,121,4,28
9,Bubba Watson,30.25,121,4,28
14,Matt Bettencourt,30.50,122,4,28
14,Robert Garrigus,30.50,122,4,28
14,Bill Haas,30.50,122,4,29
14,Ian Poulter,30.50,122,4,27
18,Stuart Appleby,30.75,123,4,28
18,Adam Scott,30.75,123,4,30
20,Jim Furyk,31.00,124,4,29
20,Charley Hoffman,31.00,124,4,28
20,Hunter Mahan,31.00,124,4,30
23,Tim Clark,31.25,125,4,30
23,Bill Lunde,31.25,125,4,29
23,Rocco Mediate,31.25,125,4,29
26,Ryan Palmer,31.50,126,4,27
27,Anthony Kim,32.00,128,4,29
28,Jason Bohn,32.25,129,4,30
28,Ben Crane,32.25,129,4,30
28,Ernie Els,32.25,129,4,29
28,Heath Slocum,32.25,129,4,30
32,Derek Lamely,33.00,132,4,31
