rank,player,Avg,GIR Putts,Greens Hit,Birdie Conversion
1,Jordan Spieth,1.683,101,60,45.00
1,Justin Thomas,1.683,106,63,41.27
3,Cody Gribble,1.706,87,51,37.25
4,Patrick Reed,1.717,103,60,38.33
5,Si Woo Kim,1.723,81,47,38.30
6,Hideki Matsuyama,1.726,107,62,36.07
7,Jimmy Walker,1.738,106,61,32.79
8,Russell Knox,1.741,101,58,37.93
9,Greg Chalmers,1.745,89,51,33.33
10,Charley Hoffman,1.778,96,54,35.19
11,William McGirt,1.781,114,64,34.38
12,Fabián Gómez,1.786,100,56,30.36
13,Ryan Moore,1.787,109,61,28.33
13,Pat Perez,1.787,109,61,34.43
15,Brandt Snedeker,1.810,105,58,27.59
16,Aaron Baddeley,1.814,107,59,25.42
16,Jason Day,1.814,107,59,33.90
16,Tony Finau,1.814,107,59,35.59
19,Mackenzie Hughes,1.821,102,56,25.45
19,Brendan Steele,1.821,102,56,35.71
19,Vaughn Taylor,1.821,102,56,26.79
22,Jim Herman,1.823,113,62,30.65
23,James Hahn,1.825,104,57,28.57
24,Brian Stuard,1.836,112,61,22.95
25,Jhonattan Vegas,1.845,107,58,31.03
26,Daniel Berger,1.850,111,60,28.33
27,Dustin Johnson,1.852,113,61,27.87
28,Rod Pampling,1.855,115,62,29.03
29,Branden Grace,1.860,106,57,24.56
30,Jason Dufner,1.877,107,57,31.58
31,Bubba Watson,1.897,110,58,27.59
32,Billy Hurley III,1.945,107,55,23.64
