rank,player,%,# Birdies,Greens Hit
1,Jordan Spieth,45.00,27,60
2,Justin Thomas,41.27,26,63
3,Patrick Reed,38.33,23,60
4,Si Woo Kim,38.30,18,47
5,Russell Knox,37.93,22,58
6,Cody Gribble,37.25,19,51
7,Hideki Matsuyama,36.07,22,61
8,Brendan Steele,35.71,20,56
9,Tony Finau,35.59,21,59
10,Charley Hoffman,35.19,19,54
11,Pat Perez,34.43,21,61
12,William McGirt,34.38,22,64
13,Jason Day,33.90,20,59
14,Greg Chalmers,33.33,17,51
15,Jimmy Walker,32.79,20,61
16,Jason Dufner,31.58,18,57
17,Jhonattan Vegas,31.03,18,58
18,Jim Herman,30.65,19,62
19,Fabián Gómez,30.36,17,56
20,Rod Pampling,29.03,18,62
21,James Hahn,28.57,16,56
22,Daniel Berger,28.33,17,60
22,Ryan Moore,28.33,17,60
24,Dustin Johnson,27.87,17,61
25,Brandt Snedeker,27.59,16,58
25,Bubba Watson,27.59,16,58
27,Vaughn Taylor,26.79,15,56
28,Mackenzie Hughes,25.45,14,55
29,Aaron Baddeley,25.42,15,59
30,Branden Grace,24.56,14,57
31,Billy Hurley III,23.64,13,55
32,Brian Stuard,22.95,14,61
