rank,player,Total
1,Fabián Gómez,14.1
2,Cody Gribble,18.8
3,Justin Thomas,20.9
4,Patrick Reed,21.2
5,Pat Perez,21.6
6,Jim Herman,23.6
7,Russell Knox,25.5
8,Hideki Matsuyama,25.8
9,William McGirt,26.1
10,Jimmy Walker,29.3
11,Jordan Spieth,29.6
12,Ryan Moore,29.9
13,Mackenzie Hughes,31.1
13,Brendan Steele,31.1
15,Dustin Johnson,32.6
16,Vaughn Taylor,33.8
17,Daniel Berger,34.3
18,Greg Chalmers,34.9
18,Jason Dufner,34.9
20,Jason Day,37.8
20,Tony Finau,37.8
22,Si Woo Kim,38.1
23,Brandt Snedeker,39.0
24,Billy Hurley III,40.0
25,Aaron Baddeley,40.8
26,Rod Pampling,42.2
27,Charley Hoffman,44.6
28,Branden Grace,45.8
28,Jhonattan Vegas,45.8
30,James Hahn,49.1
31,Brian Stuard,50.4
32,Bubba Watson,55.9
