rank,player,Stroke Differential,Player's Score,Field Average Score
1,Stuart Appleby,+3.69,67.50,71.19
2,Vijay Singh,+3.44,67.75,71.19
3,Darren Clarke,+2.44,68.75,71.19
4,Retief Goosen,+1.94,69.25,71.19
4,Tiger Woods,+1.94,69.25,71.19
6,Kirk Triplett,+1.69,69.50,71.19
7,Adam Scott,+1.44,69.75,71.19
8,Scott Hoch,+1.19,70.00,71.19
9,Ben Crane,+.94,70.25,71.19
9,Davis Love III,+.94,70.25,71.19
11,Jim Furyk,+.44,70.75,71.19
12,Jonathan Kaye,+.19,71.00,71.19
13,Justin Leonard,-.06,71.25,71.19
13,Shaun Micheel,-.06,71.25,71.19
15,Tommy Armour III,-.56,71.75,71.19
15,Chad Campbell,-.56,71.75,71.19
15,Steve Flesch,-.56,71.75,71.19
15,Peter Jacobsen,-.56,71.75,71.19
15,Shigeki Maruyama,-.56,71.75,71.19
15,Kenny Perry,-.56,71.75,71.19
21,Fred Couples,-.81,72.00,71.19
21,Ernie Els,-.81,72.00,71.19
21,J.L. Lewis,-.81,72.00,71.19
24,Mike Weir,-1.06,72.25,71.19
25,Rory Sabbatini,-1.56,72.75,71.19
26,John Huston,-2.06,73.25,71.19
26,Frank Lickliter II,-2.06,73.25,71.19
28,Craig Stadler,-2.31,73.50,71.19
28,Bob Tway,-2.31,73.50,71.19
30,Ben Curtis,-3.06,74.25,71.19
