rank,player,Avg,Total Strokes,Total Rounds
1,Vijay Singh,66.00,132,2
2,Stuart Appleby,66.50,133,2
3,Darren Clarke,68.00,136,2
4,Kirk Triplett,68.50,137,2
5,Scott Hoch,69.50,139,2
6,Retief Goosen,70.00,140,2
6,Davis Love III,70.00,140,2
8,Fred Couples,70.50,141,2
8,Jim Furyk,70.50,141,2
8,John Huston,70.50,141,2
8,Peter Jacobsen,70.50,141,2
8,Justin Leonard,70.50,141,2
8,J.L. Lewis,70.50,141,2
8,Shigeki Maruyama,70.50,141,2
8,Shaun Micheel,70.50,141,2
8,Mike Weir,70.50,141,2
8,Tiger Woods,70.50,141,2
18,Ernie Els,71.50,143,2
18,Adam Scott,71.50,143,2
20,Tommy Armour III,72.00,144,2
20,Jonathan Kaye,72.00,144,2
20,Kenny Perry,72.00,144,2
23,Ben Crane,72.50,145,2
23,Steve Flesch,72.50,145,2
25,Chad Campbell,73.50,147,2
25,Rory Sabbatini,73.50,147,2
27,Frank Lickliter II,74.50,149,2
28,Bob Tway,75.00,150,2
29,Craig Stadler,75.50,151,2
30,Ben Curtis,76.50,153,2
