rank,player,Avg,Total Strokes,Total Rounds
1,Stuart Appleby,67.50,270,4
2,Vijay Singh,67.75,271,4
3,Darren Clarke,68.75,275,4
4,Retief Goosen,69.25,277,4
4,Tiger Woods,69.25,277,4
6,Kirk Triplett,69.50,278,4
7,Adam Scott,69.75,279,4
8,Scott Hoch,70.00,280,4
9,Ben Crane,70.25,281,4
9,Davis Love III,70.25,281,4
11,Jim Furyk,70.75,283,4
12,Jonathan Kaye,71.00,284,4
13,Justin Leonard,71.25,285,4
13,Shaun Micheel,71.25,285,4
15,Tommy Armour III,71.75,287,4
15,Chad Campbell,71.75,287,4
15,Steve Flesch,71.75,287,4
15,Peter Jacobsen,71.75,287,4
15,Shigeki Maruyama,71.75,287,4
15,Kenny Perry,71.75,287,4
21,Fred Couples,72.00,288,4
21,Ernie Els,72.00,288,4
21,J.L. Lewis,72.00,288,4
24,Mike Weir,72.25,289,4
25,Rory Sabbatini,72.75,291,4
26,John Huston,73.25,293,4
26,Frank Lickliter II,73.25,293,4
28,Craig Stadler,73.50,294,4
28,Bob Tway,73.50,294,4
30,Ben Curtis,74.25,297,4
