rank,player,Value,Tourn/Course,Round
1,Retief Goosen,64,Mercedes Champ/,3
1,Vijay Singh,64,Mercedes Champ/,2
3,Chad Campbell,65,Mercedes Champ/,3
3,Tiger Woods,65,Mercedes Champ/,3
5,Stuart Appleby,66,Mercedes Champ/,3
5,Ben Crane,66,Mercedes Champ/,3
5,Jonathan Kaye,66,Mercedes Champ/,3
8,Darren Clarke,67,Mercedes Champ/,1
9,Jim Furyk,68,Mercedes Champ/,3
9,Scott Hoch,68,Mercedes Champ/,1
9,Justin Leonard,68,Mercedes Champ/,1
9,Kenny Perry,68,Mercedes Champ/,3
9,Adam Scott,68,Mercedes Champ/,4
9,Craig Stadler,68,Mercedes Champ/,3
9,Kirk Triplett,68,Mercedes Champ/,1
16,Fred Couples,69,Mercedes Champ/,1
16,John Huston,69,Mercedes Champ/,1
16,J.L. Lewis,69,Mercedes Champ/,3
16,Davis Love III,69,Mercedes Champ/,3
16,Shigeki Maruyama,69,Mercedes Champ/,1
16,Shaun Micheel,69,Mercedes Champ/,3
22,Tommy Armour III,70,Mercedes Champ/,4
22,Ben Curtis,70,Mercedes Champ/,3
22,Ernie Els,70,Mercedes Champ/,2
22,Steve Flesch,70,Mercedes Champ/,4
22,Peter Jacobsen,70,Mercedes Champ/,1
22,Frank Lickliter II,70,Mercedes Champ/,3
22,Rory Sabbatini,70,Mercedes Champ/,4
22,Mike Weir,70,Mercedes Champ/,2
30,Bob Tway,72,Mercedes Champ/,4
