rank,player,Avg dtp,Total Distance (Feet),Attempts
1,Steve Stricker,"3' 11""",47.000,12
2,Keegan Bradley,"5' 0""",34.833,7
3,Sean O'Hair,"5' 1""",45.917,9
4,Scott Piercy,"5' 7""",50.417,9
5,Bryce Molder,"5' 10""",70.000,12
6,Webb Simpson,"6' 1""",42.583,7
7,K.J. Choi,"6' 6""",90.417,14
7,Nick Watney,"6' 6""",64.917,10
9,Kevin Na,"6' 7""",98.167,15
10,Martin Laird,"6' 9""",60.500,9
11,Harrison Frazar,"7' 1""",77.833,11
12,Jhonattan Vegas,"7' 5""",118.667,16
13,D.A. Points,"7' 6""",67.167,9
14,Chris Kirk,"7' 10""",93.750,12
15,Jonathan Byrd,"8' 3""",82.667,10
16,Rory Sabbatini,"8' 5""",92.917,11
17,Gary Woodland,"8' 10""",79.167,9
18,Johnson Wagner,"9' 2""",128.667,14
19,Bill Haas,"9' 7""",76.500,8
20,Mark Wilson,"9' 8""",67.583,7
21,Scott Stallings,"10' 8""",106.750,10
22,David Toms,"11' 2""",168.083,15
23,Ben Crane,"11' 11""",154.667,13
23,Bubba Watson,"11' 11""",107.417,9
25,Aaron Baddeley,"13' 3""",224.917,17
26,Michael Bradley,"14' 4""",171.667,12
27,Brendan Steele,"14' 5""",216.000,15
