rank,player,Avg DTP,Total Distance (feet),# of Shots,Scrambling Rank
1,Rory Sabbatini,"2' 0""",2.000,1,18
2,Aaron Baddeley,"3' 2""",3.167,1,19
3,K.J. Choi,"4' 4""",4.333,1,9
4,Chris Kirk,"4' 6""",4.500,1,2
5,Ben Crane,"4' 11""",19.500,4,11
6,Mark Wilson,"5' 7""",5.583,1,11
7,Scott Piercy,"5' 8""",5.667,1,11
8,Gary Woodland,"6' 0""",6.000,1,26
9,D.A. Points,"6' 1""",6.083,1,11
10,Nick Watney,"8' 2""",16.250,2,4
11,Keegan Bradley,"8' 6""",33.833,4,3
12,Bubba Watson,"8' 11""",17.750,2,27
13,Johnson Wagner,"9' 0""",36.000,4,6
14,Kevin Na,"10' 6""",20.917,2,8
15,Jhonattan Vegas,"10' 9""",53.583,5,10
16,Steve Stricker,"11' 3""",22.500,2,1
17,Martin Laird,"13' 7""",54.250,4,20
18,Harrison Frazar,"16' 5""",16.417,1,17
19,Brendan Steele,"16' 11""",33.750,2,24
20,Michael Bradley,"19' 10""",19.833,1,20
20,Jonathan Byrd,"19' 10""",59.583,3,11
22,David Toms,"24' 0""",24.000,1,22
