rank,player,Avg DTP,Total Distance (feet),# of Shots,Scrambling Rank
1,Steve Stricker,"3' 10""",15.333,4,1
2,Kevin Na,"4' 5""",31.083,7,8
3,David Toms,"5' 4""",48.333,9,22
4,Rory Sabbatini,"5' 7""",39.000,7,18
5,Ben Crane,"6' 10""",40.750,6,11
6,K.J. Choi,"7' 0""",56.000,8,9
7,D.A. Points,"7' 1""",49.500,7,11
8,Keegan Bradley,"7' 6""",52.500,7,3
8,Jhonattan Vegas,"7' 6""",112.083,15,10
10,Chris Kirk,"8' 2""",97.833,12,2
11,Bryce Molder,"9' 1""",27.333,3,4
12,Bubba Watson,"9' 7""",162.750,17,27
13,Gary Woodland,"9' 10""",98.500,10,26
14,Nick Watney,"10' 10""",86.500,8,4
15,Jonathan Byrd,"10' 11""",87.500,8,11
16,Scott Stallings,"11' 1""",155.333,14,24
17,Martin Laird,"11' 2""",144.667,13,20
18,Johnson Wagner,"11' 3""",33.833,3,6
19,Harrison Frazar,"11' 6""",91.917,8,17
20,Michael Bradley,"11' 11""",95.167,8,20
21,Sean O'Hair,"12' 0""",108.000,9,16
22,Aaron Baddeley,"12' 9""",127.083,10,19
23,Scott Piercy,"13' 3""",79.500,6,11
24,Webb Simpson,"13' 7""",68.000,5,6
25,Bill Haas,"14' 1""",127.000,9,23
26,Mark Wilson,"14' 5""",28.750,2,11
27,Brendan Steele,"14' 7""",175.417,12,24
