rank,player,Avg DTP,Total Distance (feet),# of Shots,Scrambling Rank
1,Mark Wilson,"1' 0""",1.000,1,11
2,D.A. Points,"1' 9""",5.167,3,11
3,Ben Crane,"3' 4""",23.417,7,11
4,Sean O'Hair,"4' 5""",17.750,4,16
5,Bryce Molder,"4' 6""",13.583,3,4
6,Rory Sabbatini,"4' 9""",23.750,5,18
7,K.J. Choi,"5' 0""",34.750,7,9
8,Kevin Na,"5' 3""",26.083,5,8
9,Gary Woodland,"5' 4""",31.917,6,26
10,Scott Piercy,"5' 5""",43.167,8,11
11,Martin Laird,"5' 8""",56.333,10,20
12,Chris Kirk,"6' 0""",66.167,11,2
13,Steve Stricker,"6' 3""",24.833,4,1
14,Keegan Bradley,"6' 4""",57.333,9,3
15,Johnson Wagner,"6' 9""",13.500,2,6
16,David Toms,"6' 10""",41.000,6,22
17,Nick Watney,"6' 11""",34.583,5,4
18,Jhonattan Vegas,"7' 11""",55.667,7,10
19,Scott Stallings,"8' 1""",89.000,11,24
20,Bubba Watson,"8' 10""",62.083,7,27
21,Harrison Frazar,"9' 3""",73.667,8,17
22,Webb Simpson,"9' 11""",29.833,3,6
23,Brendan Steele,"10' 7""",74.167,7,24
24,Michael Bradley,"10' 11""",32.750,3,20
25,Bill Haas,"11' 8""",69.833,6,23
26,Aaron Baddeley,"13' 2""",170.667,13,19
27,Jonathan Byrd,"15' 3""",91.417,6,11
