rank,player,Avg DTP,Total Distance (feet),# of Shots,Scrambling Rank
1,Steve Stricker,"3' 3""",.466,12,1
2,Bill Haas,"5' 7""",.534,8,23
3,Gary Woodland,"5' 9""",.686,10,26
4,Jhonattan Vegas,"6' 0""",.644,9,10
5,Harrison Frazar,"6' 4""",.840,11,17
6,Webb Simpson,"6' 5""",.852,11,6
7,K.J. Choi,"6' 7""",1.101,14,9
8,Brendan Steele,"6' 9""",.886,11,24
9,Mark Wilson,"7' 8""",.645,7,11
10,Johnson Wagner,"7' 11""",1.232,13,6
11,Keegan Bradley,"8' 1""",.969,10,3
12,Ben Crane,"8' 4""",1.396,14,11
13,Rory Sabbatini,"8' 5""",1.009,10,18
14,Chris Kirk,"8' 8""",.936,9,2
15,Scott Piercy,"8' 9""",1.579,15,11
16,Scott Stallings,"9' 3""",1.332,12,24
17,David Toms,"9' 5""",.791,7,22
18,Kevin Na,"9' 7""",1.035,9,8
19,Bryce Molder,"9' 8""",1.620,14,4
20,D.A. Points,"10' 2""",1.338,11,11
21,Sean O'Hair,"10' 6""",1.770,14,16
22,Michael Bradley,"11' 5""",1.366,10,20
22,Martin Laird,"11' 5""",1.505,11,20
24,Aaron Baddeley,"11' 9""",1.697,12,19
25,Bubba Watson,"12' 0""",.577,4,27
26,Jonathan Byrd,"13' 6""",1.619,10,11
27,Nick Watney,"13' 11""",1.503,9,4
