rank,player,Avg DTP,Total Distance (feet),# of Shots,Scrambling Rank
1,Steve Stricker,"3' 0""",21.000,7,1
2,Harrison Frazar,"5' 7""",39.083,7,17
3,Mark Wilson,"5' 8""",28.250,5,11
4,K.J. Choi,"6' 0""",42.167,7,9
5,Ben Crane,"6' 1""",42.667,7,11
6,Kevin Na,"7' 4""",51.167,7,8
7,Aaron Baddeley,"7' 5""",29.583,4,19
8,Jhonattan Vegas,"8' 0""",96.083,12,10
9,D.A. Points,"8' 1""",32.417,4,11
10,David Toms,"8' 5""",42.000,5,22
11,Jonathan Byrd,"8' 7""",43.000,5,11
12,Gary Woodland,"9' 1""",54.417,6,26
13,Keegan Bradley,"9' 4""",65.583,7,3
13,Bill Haas,"9' 4""",28.000,3,23
15,Chris Kirk,"9' 7""",38.333,4,2
15,Johnson Wagner,"9' 7""",76.917,8,6
17,Michael Bradley,"10' 0""",120.167,12,20
18,Webb Simpson,"10' 2""",51.000,5,6
18,Scott Stallings,"10' 2""",81.500,8,24
20,Bubba Watson,"10' 10""",119.333,11,27
21,Brendan Steele,"11' 3""",78.500,7,24
22,Martin Laird,"11' 10""",47.417,4,20
22,Sean O'Hair,"11' 10""",94.500,8,16
24,Rory Sabbatini,"14' 11""",59.667,4,18
25,Scott Piercy,"15' 2""",60.583,4,11
26,Nick Watney,"16' 10""",100.917,6,4
27,Bryce Molder,"23' 5""",70.333,3,4
