rank,player,Avg DTP,Total Distance (feet),# of Shots,Scrambling Rank
1,Michael Bradley,"0""",0,1,20
2,Keegan Bradley,"1' 0""",2.000,2,3
3,Martin Laird,"1' 2""",2.250,2,20
3,Johnson Wagner,"1' 2""",2.333,2,6
5,Brendan Steele,"1' 4""",4.083,3,24
6,Harrison Frazar,"1' 7""",4.750,3,17
7,Aaron Baddeley,"1' 9""",5.333,3,19
7,Steve Stricker,"1' 9""",3.417,2,1
9,Scott Piercy,"2' 1""",6.167,3,11
10,K.J. Choi,"2' 5""",4.750,2,9
10,David Toms,"2' 5""",4.833,2,22
12,Webb Simpson,"2' 9""",8.333,3,6
13,Jonathan Byrd,"3' 1""",6.167,2,11
14,Ben Crane,"3' 2""",6.250,2,11
14,Chris Kirk,"3' 2""",9.417,3,2
14,Scott Stallings,"3' 2""",3.167,1,24
17,Sean O'Hair,"3' 5""",3.417,1,16
18,Bubba Watson,"3' 9""",7.417,2,27
19,Kevin Na,"4' 0""",12.083,3,8
20,D.A. Points,"4' 1""",16.250,4,11
20,Rory Sabbatini,"4' 1""",16.250,4,18
22,Jhonattan Vegas,"4' 8""",32.583,7,10
23,Nick Watney,"4' 9""",14.333,3,4
24,Bryce Molder,"5' 0""",15.000,3,4
25,Bill Haas,"5' 1""",5.083,1,23
26,Gary Woodland,"11' 2""",33.500,3,26
27,Mark Wilson,"12' 11""",12.917,1,11
