rank,player,Avg DTP,Total Distance (feet),# of Shots,Scrambling Rank
1,Steve Stricker,"4' 3""",76.667,18,1
2,K.J. Choi,"6' 7""",152.083,23,9
3,Ben Crane,"6' 11""",179.000,26,11
4,Rory Sabbatini,"7' 0""",146.333,21,18
5,Jhonattan Vegas,"7' 2""",222.417,31,10
6,Keegan Bradley,"7' 5""",170.500,23,3
7,Kevin Na,"7' 7""",144.167,19,8
8,Chris Kirk,"7' 8""",191.583,25,2
8,Gary Woodland,"7' 8""",161.667,21,26
10,Webb Simpson,"8' 0""",143.917,18,6
10,Mark Wilson,"8' 0""",96.250,12,11
12,D.A. Points,"8' 2""",171.333,21,11
12,David Toms,"8' 2""",138.250,17,22
14,Harrison Frazar,"8' 3""",181.417,22,17
14,Johnson Wagner,"8' 3""",181.167,22,6
16,Scott Piercy,"9' 2""",220.083,24,11
17,Bryce Molder,"9' 7""",162.333,17,4
18,Bubba Watson,"9' 8""",232.333,24,27
19,Bill Haas,"10' 1""",171.500,17,23
20,Scott Stallings,"10' 2""",273.500,27,24
21,Brendan Steele,"10' 4""",290.167,28,24
22,Sean O'Hair,"10' 5""",261.167,25,16
23,Aaron Baddeley,"10' 7""",285.000,27,19
24,Michael Bradley,"11' 4""",237.750,21,20
25,Martin Laird,"11' 7""",324.333,28,20
25,Nick Watney,"11' 7""",232.250,20,4
27,Jonathan Byrd,"13' 5""",282.000,21,11
