rank,player,Avg DTP,Total Distance (feet),# of Shots,Scrambling Rank
1,Steve Stricker,"5' 6""",27.417,5,1
2,Rory Sabbatini,"5' 10""",46.667,8,18
3,Gary Woodland,"7' 0""",41.833,6,26
4,Jhonattan Vegas,"7' 7""",38.083,5,10
5,Webb Simpson,"7' 10""",54.750,7,6
6,Bryce Molder,"7' 11""",63.417,8,4
7,Johnson Wagner,"8' 10""",88.417,10,6
8,Keegan Bradley,"9' 1""",45.583,5,3
9,Bill Haas,"9' 10""",68.583,7,23
10,K.J. Choi,"10' 1""",70.417,7,9
11,Ben Crane,"10' 8""",106.667,10,11
12,Mark Wilson,"10' 10""",54.083,5,11
13,Bubba Watson,"10' 11""",43.500,4,27
14,Chris Kirk,"11' 1""",77.667,7,2
15,Aaron Baddeley,"11' 4""",79.417,7,19
16,D.A. Points,"11' 9""",117.500,10,11
17,Sean O'Hair,"12' 2""",145.500,12,16
17,Brendan Steele,"12' 2""",133.417,11,24
19,Scott Piercy,"12' 3""",110.167,9,11
20,David Toms,"12' 7""",50.417,4,22
21,Kevin Na,"13' 9""",54.833,4,8
21,Nick Watney,"13' 9""",82.417,6,4
23,Scott Stallings,"14' 3""",99.833,7,24
24,Harrison Frazar,"16' 0""",63.917,4,17
25,Michael Bradley,"17' 0""",84.833,5,20
26,Jonathan Byrd,"17' 8""",141.417,8,11
27,Martin Laird,"18' 2""",218.333,12,20
