rank,player,Avg,Total Strokes,Total Rounds
1,Dustin Johnson,66.00,66,1
1,Zach Johnson,66.00,66,1
3,Matt Kuchar,68.00,68,1
4,Ken Duke,69.00,69,1
4,Brandt Snedeker,69.00,69,1
6,Woody Austin,70.00,70,1
6,Jonas Blixt,70.00,70,1
6,Adam Scott,70.00,70,1
6,Jordan Spieth,70.00,70,1
6,Gary Woodland,70.00,70,1
11,Harris English,71.00,71,1
11,Ryan Moore,71.00,71,1
11,Webb Simpson,71.00,71,1
11,Kevin Streelman,71.00,71,1
11,Michael Thompson,71.00,71,1
16,Jason Dufner,72.00,72,1
16,Russell Henley,72.00,72,1
16,Billy Horschel,72.00,72,1
16,Martin Laird,72.00,72,1
16,Patrick Reed,72.00,72,1
21,Sangmoon Bae,73.00,73,1
21,Scott Brown,73.00,73,1
21,Bill Haas,73.00,73,1
21,Jimmy Walker,73.00,73,1
25,D.A. Points,74.00,74,1
25,Boo Weekley,74.00,74,1
27,Chris Kirk,75.00,75,1
28,Derek Ernst,76.00,76,1
28,Brian Gay,76.00,76,1
28,John Merrick,76.00,76,1
