rank,player,Avg,Total Strokes,Total Rounds
1,Chris Kirk,66.00,66,1
1,Webb Simpson,66.00,66,1
1,Jordan Spieth,66.00,66,1
1,Michael Thompson,66.00,66,1
5,Jason Dufner,67.00,67,1
5,Zach Johnson,67.00,67,1
5,Ryan Moore,67.00,67,1
5,Kevin Streelman,67.00,67,1
9,Matt Kuchar,68.00,68,1
10,Sangmoon Bae,69.00,69,1
11,Ken Duke,70.00,70,1
11,Harris English,70.00,70,1
11,Brian Gay,70.00,70,1
11,Dustin Johnson,70.00,70,1
11,Patrick Reed,70.00,70,1
11,Adam Scott,70.00,70,1
11,Brandt Snedeker,70.00,70,1
18,Scott Brown,71.00,71,1
18,Bill Haas,71.00,71,1
18,Martin Laird,71.00,71,1
18,John Merrick,71.00,71,1
18,Boo Weekley,71.00,71,1
18,Gary Woodland,71.00,71,1
24,Woody Austin,72.00,72,1
24,Russell Henley,72.00,72,1
24,Billy Horschel,72.00,72,1
24,D.A. Points,72.00,72,1
28,Jimmy Walker,73.00,73,1
29,Jonas Blixt,76.00,76,1
30,Derek Ernst,79.00,79,1
