rank,player,Avg,Total Strokes,Total Rounds
1,Billy Horschel,66.00,66,1
1,Zach Johnson,66.00,66,1
3,Matt Kuchar,67.00,67,1
3,Kevin Streelman,67.00,67,1
5,Jason Dufner,69.00,69,1
5,Harris English,69.00,69,1
5,Ryan Moore,69.00,69,1
5,Adam Scott,69.00,69,1
5,Jordan Spieth,69.00,69,1
10,Jonas Blixt,70.00,70,1
10,Derek Ernst,70.00,70,1
10,Brian Gay,70.00,70,1
10,Martin Laird,70.00,70,1
10,Webb Simpson,70.00,70,1
15,Woody Austin,71.00,71,1
16,Sangmoon Bae,72.00,72,1
16,Ken Duke,72.00,72,1
16,Brandt Snedeker,72.00,72,1
16,Michael Thompson,72.00,72,1
16,Jimmy Walker,72.00,72,1
21,Dustin Johnson,73.00,73,1
21,Chris Kirk,73.00,73,1
21,D.A. Points,73.00,73,1
21,Patrick Reed,73.00,73,1
21,Boo Weekley,73.00,73,1
21,Gary Woodland,73.00,73,1
27,Bill Haas,74.00,74,1
27,John Merrick,74.00,74,1
29,Scott Brown,75.00,75,1
29,Russell Henley,75.00,75,1
