rank,player,Value,Total Drv Rank,GIR Rank
1,Russell Henley,7,1,6
2,Charley Hoffman,11,3,8
3,Jason Day,13,11,2
4,Chesson Hadley,16,5,11
5,Billy Horschel,19,16,3
6,Scott Stallings,21,6,15
7,Hideki Matsuyama,22,19,3
8,Hunter Mahan,25,19,6
8,Jimmy Walker,25,22,3
10,Sangmoon Bae,26,25,1
10,J.B. Holmes,26,2,24
10,Zach Johnson,26,11,15
13,Patrick Reed,29,14,15
13,John Senden,29,9,20
13,Kevin Streelman,29,9,20
13,Brendon Todd,29,18,11
17,S.Y. Noh,30,15,15
17,Robert Streb,30,22,8
19,Camilo Villegas,31,7,24
20,Tim Clark,34,19,15
21,Brian Harman,36,8,28
21,Geoff Ogilvy,36,25,11
23,Nick Taylor,37,4,33
24,Ryan Moore,38,16,22
25,Matt Jones,40,29,11
25,Ben Martin,40,32,8
27,Bubba Watson,42,13,29
28,Chris Kirk,46,22,24
29,Steven Bowditch,54,32,22
29,Ángel Cabrera,54,25,29
29,Matt Kuchar,54,30,24
32,Ben Crane,59,28,31
33,Matt Every,62,31,31
