rank,player,%,Greens Hit,# Holes,Relative/Par
1,Sangmoon Bae,90.28,65,72,-0.31
2,Jason Day,88.89,64,72,-0.39
3,Billy Horschel,86.11,62,72,-0.18
3,Hideki Matsuyama,86.11,62,72,-0.35
3,Jimmy Walker,86.11,62,72,-0.37
6,Russell Henley,84.72,61,72,-0.39
6,Hunter Mahan,84.72,61,72,-0.23
8,Charley Hoffman,83.33,60,72,-0.32
8,Ben Martin,83.33,60,72,-0.32
8,Robert Streb,83.33,60,72,-0.33
11,Chesson Hadley,81.94,59,72,-0.29
11,Matt Jones,81.94,59,72,-0.34
11,Geoff Ogilvy,81.94,59,72,-0.29
11,Brendon Todd,81.94,59,72,-0.36
15,Tim Clark,80.56,58,72,-0.29
15,Zach Johnson,80.56,58,72,-0.40
15,S.Y. Noh,80.56,58,72,-0.38
15,Patrick Reed,80.56,58,72,-0.40
15,Scott Stallings,80.56,58,72,-0.36
20,John Senden,79.17,57,72,-0.30
20,Kevin Streelman,79.17,57,72,-0.28
22,Steven Bowditch,77.78,56,72,-0.27
22,Ryan Moore,77.78,56,72,-0.29
24,J.B. Holmes,76.39,55,72,-0.25
24,Chris Kirk,76.39,55,72,-0.42
24,Matt Kuchar,76.39,55,72,-0.29
24,Camilo Villegas,76.39,55,72,-0.22
28,Brian Harman,75.00,54,72,-0.35
29,Ángel Cabrera,73.61,53,72,-0.30
29,Bubba Watson,73.61,53,72,-0.40
31,Ben Crane,72.22,52,72,-0.27
31,Matt Every,72.22,52,72,-0.37
33,Nick Taylor,70.83,51,72,-0.22
