rank,player,Value,Total Drv Rank,GIR Rank
1,Charley Hoffman,5,3,2
1,Hunter Mahan,5,2,3
1,Nick Watney,5,4,1
4,Vijay Singh,12,6,6
5,Mark Calcavecchia,16,13,3
6,Charles Howell III,19,6,13
7,Jim Furyk,20,11,9
7,Rory Sabbatini,20,9,11
9,Scott Verplank,21,8,13
10,Fred Funk,23,17,6
11,Aaron Baddeley,24,5,19
12,Ángel Cabrera,27,14,13
13,Stephen Ames,28,9,19
14,Chad Campbell,29,26,3
14,Daniel Chopra,29,20,9
14,Joe Ogilvie,29,1,28
14,Steve Stricker,29,23,6
18,Mark Wilson,31,18,13
19,Brian Bateman,33,20,13
20,Henrik Stenson,34,11,23
20,Mike Weir,34,23,11
22,Justin Leonard,41,18,23
23,Zach Johnson,42,29,13
23,Brandt Snedeker,42,20,22
23,Boo Weekley,42,14,28
26,Woody Austin,45,26,19
27,Paul Goydos,47,16,31
28,George McNeill,49,23,26
29,Jonathan Byrd,54,28,26
29,Steve Flesch,54,31,23
31,K.J. Choi,58,30,28
