rank,player,%,Greens Hit,# Holes,Relative/Par
1,Nick Watney,93.06,67,72,-0.24
2,Charley Hoffman,90.28,65,72,-0.14
3,Mark Calcavecchia,88.89,64,72,-0.27
3,Chad Campbell,88.89,64,72,-0.27
3,Hunter Mahan,88.89,64,72,-0.25
6,Fred Funk,87.50,63,72,-0.11
6,Vijay Singh,87.50,63,72,-0.21
6,Steve Stricker,87.50,63,72,-0.37
9,Daniel Chopra,86.11,62,72,-0.34
9,Jim Furyk,86.11,62,72,-0.26
11,Rory Sabbatini,84.72,61,72,-0.28
11,Mike Weir,84.72,61,72,-0.33
13,Brian Bateman,83.33,60,72,-0.25
13,Ángel Cabrera,83.33,60,72,-0.27
13,Charles Howell III,83.33,60,72,-0.33
13,Zach Johnson,83.33,60,72,-0.22
13,Scott Verplank,83.33,60,72,-0.23
13,Mark Wilson,83.33,60,72,-0.13
19,Stephen Ames,81.94,59,72,-0.32
19,Woody Austin,81.94,59,72,-0.17
19,Aaron Baddeley,81.94,59,72,-0.27
22,Brandt Snedeker,80.56,58,72,-0.29
23,Steve Flesch,79.17,57,72,-0.26
23,Justin Leonard,79.17,57,72,-0.28
23,Henrik Stenson,79.17,57,72,-0.14
26,Jonathan Byrd,77.78,56,72,-0.30
26,George McNeill,77.78,56,72,-0.25
28,K.J. Choi,76.39,55,72,-0.22
28,Joe Ogilvie,76.39,55,72,-0.13
28,Boo Weekley,76.39,55,72,-0.27
31,Paul Goydos,75.00,54,72,-0.19
