rank,player,%,Successes,Attempts
1,Kevin Chappell,100.00,7,7
2,Brian Harman,85.71,6,7
2,Dustin Johnson,85.71,6,7
2,Marc Leishman,85.71,6,7
5,Billy Horschel,80.00,4,5
6,Rickie Fowler,71.43,5,7
6,Patton Kizzire,71.43,5,7
6,Cameron Smith,71.43,5,7
9,Si Woo Kim,66.67,4,6
9,Brooks Koepka,66.67,6,9
9,Hideki Matsuyama,66.67,6,9
9,Xander Schauffele,66.67,6,9
9,Jordan Spieth,66.67,2,3
14,Ryan Armour,62.50,5,8
14,Chris Stroud,62.50,5,8
16,Jonas Blixt,60.00,6,10
16,Kyle Stanley,60.00,3,5
18,Adam Hadwin,55.56,5,9
18,Kevin Kisner,55.56,5,9
20,Wesley Bryan,50.00,4,8
20,Jason Dufner,50.00,4,8
20,Pat Perez,50.00,2,4
20,Brendan Steele,50.00,5,10
20,Hudson Swafford,50.00,3,6
25,D.A. Points,44.44,4,9
25,Jhonattan Vegas,44.44,4,9
27,Daniel Berger,42.86,3,7
27,Patrick Cantlay,42.86,3,7
27,Austin Cook,42.86,3,7
27,Russell Henley,42.86,3,7
27,Justin Thomas,42.86,3,7
32,Jon Rahm,40.00,2,5
33,Grayson Murray,33.33,2,6
34,Bryson DeChambeau,16.67,1,6
