rank,player,%,# of Saves,# of Bunkers
1,Patrick Cantlay,100.00,1,1
1,Jason Dufner,100.00,1,1
1,Si Woo Kim,100.00,1,1
1,Jon Rahm,100.00,1,1
1,Brendan Steele,100.00,1,1
1,Chris Stroud,100.00,1,1
1,Hudson Swafford,100.00,1,1
1,Jhonattan Vegas,100.00,1,1
9,Xander Schauffele,75.00,3,4
10,Brian Harman,66.67,2,3
11,Ryan Armour,50.00,1,2
11,Austin Cook,50.00,2,4
11,Brooks Koepka,50.00,1,2
14,Marc Leishman,33.33,1,3
14,D.A. Points,33.33,1,3
14,Jordan Spieth,33.33,1,3
17,Adam Hadwin,25.00,1,4
17,Cameron Smith,25.00,1,4
19,Daniel Berger,.00,0,2
19,Jonas Blixt,.00,0,3
19,Wesley Bryan,.00,0,2
19,Kevin Chappell,.00,0,2
19,Russell Henley,.00,0,1
19,Dustin Johnson,.00,0,1
19,Kevin Kisner,.00,0,1
19,Pat Perez,.00,0,1
19,Kyle Stanley,.00,0,2
19,Justin Thomas,.00,0,1
