rank,player,%,Successes,Attempts
1,Ryan Armour,100.00,2,2
1,Daniel Berger,100.00,1,1
1,Jonas Blixt,100.00,6,6
1,Wesley Bryan,100.00,1,1
1,Patrick Cantlay,100.00,3,3
1,Kevin Chappell,100.00,6,6
1,Austin Cook,100.00,1,1
1,Bryson DeChambeau,100.00,5,5
1,Jason Dufner,100.00,4,4
1,Rickie Fowler,100.00,3,3
1,Adam Hadwin,100.00,4,4
1,Dustin Johnson,100.00,3,3
1,Kevin Kisner,100.00,1,1
1,Patton Kizzire,100.00,4,4
1,Brooks Koepka,100.00,4,4
1,Grayson Murray,100.00,5,5
1,D.A. Points,100.00,1,1
1,Cameron Smith,100.00,2,2
1,Kyle Stanley,100.00,2,2
1,Chris Stroud,100.00,5,5
1,Hudson Swafford,100.00,1,1
1,Jhonattan Vegas,100.00,2,2
23,Xander Schauffele,87.50,7,8
24,Marc Leishman,83.33,5,6
24,Jon Rahm,83.33,5,6
26,Russell Henley,80.00,4,5
26,Si Woo Kim,80.00,4,5
26,Brendan Steele,80.00,4,5
29,Hideki Matsuyama,75.00,3,4
29,Justin Thomas,75.00,3,4
31,Pat Perez,71.43,5,7
32,Brian Harman,66.67,2,3
33,Jordan Spieth,50.00,1,2
