rank,player,%,# of Saves,# of Bunkers
1,Daniel Berger,100.00,1,1
1,Kevin Kisner,100.00,1,1
1,Cameron Smith,100.00,1,1
1,Jhonattan Vegas,100.00,1,1
5,Rickie Fowler,50.00,1,2
6,Bryson DeChambeau,.00,0,3
6,Adam Hadwin,.00,0,1
6,Russell Henley,.00,0,1
6,Patton Kizzire,.00,0,2
6,Brooks Koepka,.00,0,1
6,Marc Leishman,.00,0,3
6,Hideki Matsuyama,.00,0,1
6,Grayson Murray,.00,0,1
6,Pat Perez,.00,0,1
6,D.A. Points,.00,0,1
6,Jon Rahm,.00,0,2
6,Xander Schauffele,.00,0,2
6,Jordan Spieth,.00,0,1
6,Kyle Stanley,.00,0,2
6,Brendan Steele,.00,0,1
6,Chris Stroud,.00,0,3
