rank,player,%,Successes,Attempts
1,Patrick Cantlay,100.00,1,1
1,Rickie Fowler,100.00,1,1
1,Si Woo Kim,100.00,2,2
1,Xander Schauffele,100.00,2,2
1,Chris Stroud,100.00,3,3
1,Justin Thomas,100.00,1,1
7,Brian Harman,66.67,2,3
7,D.A. Points,66.67,2,3
9,Ryan Armour,50.00,1,2
9,Dustin Johnson,50.00,1,2
9,Grayson Murray,50.00,1,2
9,Jon Rahm,50.00,1,2
9,Cameron Smith,50.00,2,4
9,Kyle Stanley,50.00,1,2
9,Hudson Swafford,50.00,1,2
16,Jonas Blixt,40.00,2,5
17,Wesley Bryan,33.33,1,3
17,Kevin Chappell,33.33,1,3
17,Austin Cook,33.33,1,3
17,Bryson DeChambeau,33.33,1,3
17,Brooks Koepka,33.33,1,3
17,Marc Leishman,33.33,1,3
17,Jordan Spieth,33.33,1,3
24,Adam Hadwin,25.00,1,4
25,Daniel Berger,.00,0,1
25,Russell Henley,.00,0,2
25,Billy Horschel,.00,0,2
25,Kevin Kisner,.00,0,2
25,Patton Kizzire,.00,0,1
25,Pat Perez,.00,0,1
25,Brendan Steele,.00,0,1
25,Jhonattan Vegas,.00,0,1
