rank,player,%,Successes,Attempts
1,Chris Stroud,87.50,7,8
1,Hudson Swafford,87.50,7,8
3,Jon Rahm,85.71,6,7
4,Rickie Fowler,83.33,5,6
4,Brian Harman,83.33,5,6
6,Daniel Berger,80.00,4,5
6,Marc Leishman,80.00,4,5
8,D.A. Points,77.78,7,9
9,Si Woo Kim,75.00,6,8
9,Xander Schauffele,75.00,9,12
11,Patrick Cantlay,71.43,5,7
11,Hideki Matsuyama,71.43,5,7
11,Grayson Murray,71.43,5,7
11,Jordan Spieth,71.43,5,7
15,Jhonattan Vegas,70.00,7,10
16,Kevin Chappell,66.67,6,9
16,Billy Horschel,66.67,4,6
16,Cameron Smith,66.67,6,9
19,Patton Kizzire,62.50,5,8
20,Wesley Bryan,60.00,6,10
21,Dustin Johnson,55.56,5,9
21,Brendan Steele,55.56,5,9
23,Ryan Armour,50.00,3,6
23,Jason Dufner,50.00,2,4
23,Brooks Koepka,50.00,6,12
23,Pat Perez,50.00,3,6
23,Justin Thomas,50.00,1,2
28,Kevin Kisner,44.44,4,9
29,Austin Cook,42.86,3,7
30,Adam Hadwin,40.00,4,10
31,Jonas Blixt,33.33,3,9
31,Russell Henley,33.33,2,6
33,Kyle Stanley,28.57,2,7
34,Bryson DeChambeau,25.00,1,4
