rank,player,%,Successes,Attempts
1,Brian Harman,100.00,3,3
1,Pat Perez,100.00,2,2
3,Dustin Johnson,75.00,3,4
3,Grayson Murray,75.00,3,4
5,Patrick Cantlay,71.43,5,7
6,Ryan Armour,66.67,4,6
6,Daniel Berger,66.67,2,3
6,Jonas Blixt,66.67,4,6
6,Austin Cook,66.67,2,3
6,Rickie Fowler,66.67,2,3
6,Russell Henley,66.67,4,6
6,Si Woo Kim,66.67,2,3
6,Xander Schauffele,66.67,2,3
14,Kyle Stanley,60.00,3,5
15,Billy Horschel,57.14,4,7
16,Jason Dufner,50.00,3,6
16,Adam Hadwin,50.00,2,4
16,Kevin Kisner,50.00,4,8
16,Patton Kizzire,50.00,1,2
16,Brooks Koepka,50.00,3,6
16,Marc Leishman,50.00,2,4
16,Jon Rahm,50.00,2,4
16,Brendan Steele,50.00,2,4
16,Justin Thomas,50.00,2,4
25,Wesley Bryan,33.33,2,6
25,Kevin Chappell,33.33,1,3
25,D.A. Points,33.33,2,6
25,Chris Stroud,33.33,2,6
25,Hudson Swafford,33.33,1,3
30,Bryson DeChambeau,25.00,1,4
30,Hideki Matsuyama,25.00,1,4
30,Jhonattan Vegas,25.00,1,4
33,Jordan Spieth,.00,0,2
