rank,player,Avg,Total Strokes,Total Adjustment,Total Rounds
1,Geoff Ogilvy,70.616,270,12.463,4
2,Rory Sabbatini,70.866,271,12.463,4
3,Matt Kuchar,71.366,273,12.463,4
4,Martin Laird,71.616,274,12.463,4
4,Sean O'Hair,71.616,274,12.463,4
6,Retief Goosen,71.866,275,12.463,4
6,Ryan Moore,71.866,275,12.463,4
6,Kenny Perry,71.866,275,12.463,4
9,Stewart Cink,72.116,276,12.463,4
10,Ángel Cabrera,72.366,277,12.463,4
10,Paul Casey,72.366,277,12.463,4
10,Pat Perez,72.366,277,12.463,4
10,Steve Stricker,72.366,277,12.463,4
14,Lucas Glover,72.616,278,12.463,4
14,John Rollins,72.616,278,12.463,4
16,Dustin Johnson,72.866,279,12.463,4
16,Nick Watney,72.866,279,12.463,4
18,Zach Johnson,73.116,280,12.463,4
19,Y.E. Yang,73.366,281,12.463,4
20,Stephen Ames,73.616,282,12.463,4
21,Brian Gay,73.866,283,12.463,4
22,Nathan Green,74.616,286,12.463,4
23,Jerry Kelly,74.866,287,12.463,4
23,Troy Matteson,74.866,287,12.463,4
25,Michael Bradley,75.116,288,12.463,4
25,Bo Van Pelt,75.116,288,12.463,4
27,Heath Slocum,75.616,290,12.463,4
27,Mark Wilson,75.616,290,12.463,4
