rank,player,Avg,# of Birdies,Total Rounds
1,Rory Sabbatini,6.75,27,4
2,Geoff Ogilvy,6.50,26,4
3,Dustin Johnson,6.25,25,4
3,Kenny Perry,6.25,25,4
5,Stewart Cink,6.00,24,4
5,Retief Goosen,6.00,24,4
7,Martin Laird,5.75,23,4
8,Sean O'Hair,5.50,22,4
9,Ángel Cabrera,5.25,21,4
9,Paul Casey,5.25,21,4
9,Lucas Glover,5.25,21,4
9,Nick Watney,5.25,21,4
9,Y.E. Yang,5.25,21,4
14,Matt Kuchar,5.00,20,4
14,Pat Perez,5.00,20,4
14,Steve Stricker,5.00,20,4
17,Stephen Ames,4.75,19,4
17,Nathan Green,4.75,19,4
17,Zach Johnson,4.75,19,4
17,Jerry Kelly,4.75,19,4
17,John Rollins,4.75,19,4
17,Bo Van Pelt,4.75,19,4
23,Michael Bradley,4.25,17,4
23,Brian Gay,4.25,17,4
23,Ryan Moore,4.25,17,4
26,Mark Wilson,4.00,16,4
27,Heath Slocum,3.75,15,4
28,Troy Matteson,3.50,14,4
