rank,player,Avg,Total Distance (feet),# of Attempts,GIR Rank
1,Zach Johnson,"26' 2""","1,882.000",72,Under
2,Chez Reavie,"28' 8""","2,064.917",72,Under
3,Tom Hoge,"29' 6""","2,122.083",72,Under
4,Patton Kizzire,"29' 7""","2,129.917",72,Under
5,Ryan Palmer,"29' 8""","2,137.250",72,Under
6,Roberto Díaz,"30' 1""","2,166.750",72,Under
7,Jordan Spieth,"30' 4""","2,185.667",72,Under
8,Stephan Jaeger,"30' 6""","2,197.750",72,Under
9,Ryan Armour,"31' 5""","2,262.667",72,Under
9,Keegan Bradley,"31' 5""","2,262.833",72,Under
9,Jason Dufner,"31' 5""","2,262.417",72,Under
12,Wesley Bryan,"31' 8""","2,282.667",72,Under
13,Dominic Bozzelli,"31' 9""","2,288.083",72,Under
14,Charles Howell III,"32' 2""","2,317.167",72,Under
14,Jerry Kelly,"32' 2""","2,315.333",72,Under
14,Brian Stuard,"32' 2""","2,316.250",72,Under
17,Austin Cook,"32' 4""","2,329.833",72,Under
18,Colt Knost,"32' 6""","2,337.167",72,Under
19,James Hahn,"32' 7""","2,346.333",72,Under
20,Blayne Barber,"32' 10""","2,362.167",72,Under
20,Daniel Berger,"32' 10""","2,363.583",72,Under
20,J.J. Spaun,"32' 10""","2,363.917",72,Under
23,Joel Dahmen,"33' 1""","2,382.917",72,Even
23,Daisuke Kataoka,"33' 1""","2,383.083",72,Under
25,Ollie Schniederjans,"33' 4""","2,401.167",72,Under
26,Justin Thomas,"33' 5""","2,406.667",72,Under
27,Scott Piercy,"33' 6""","2,409.833",72,Under
28,Brian Gay,"33' 8""","2,421.917",72,Under
28,Webb Simpson,"33' 8""","2,425.583",72,Under
30,Jason Kokrak,"33' 10""","2,400.750",71,Under
31,Emiliano Grillo,"33' 11""","2,443.333",72,Under
31,Hudson Swafford,"33' 11""","2,439.917",72,Under
33,Tony Finau,"34' 0""","2,448.167",72,Under
34,Si Woo Kim,"34' 4""","2,472.250",72,Under
34,John Peterson,"34' 4""","2,471.167",72,Under
36,Brian Harman,"34' 6""","2,486.667",72,Under
36,D.A. Points,"34' 6""","2,486.250",72,Even
38,Ryan Blaum,"34' 10""","2,510.833",72,Under
38,Talor Gooch,"34' 10""","2,508.500",72,Under
38,Nicholas Lindheim,"34' 10""","2,507.583",72,Under
41,Xander Schauffele,"34' 11""","2,513.250",72,Under
41,Kevin Tway,"34' 11""","2,512.417",72,Under
43,Marc Leishman,"35' 1""","2,525.750",72,Under
43,Sam Saunders,"35' 1""","2,528.417",72,Under
45,Kyle Stanley,"35' 2""","2,531.000",72,Under
46,Tyrone Van Aswegen,"35' 3""","2,538.417",72,Under
47,Shugo Imahira,"35' 9""","2,571.167",72,Under
47,Cameron Smith,"35' 9""","2,573.167",72,Under
49,Scott Brown,"35' 11""","2,584.500",72,Under
49,Sam Ryder,"35' 11""","2,588.083",72,Under
49,Conrad Shindler,"35' 11""","2,587.667",72,Under
52,Andrew Putnam,"36' 0""","2,589.667",72,Under
53,Stewart Cink,"36' 1""","2,599.667",72,Under
54,Rory Sabbatini,"36' 4""","2,617.667",72,Under
55,Lanto Griffin,"36' 9""","2,643.333",72,Under
56,Nate Lashley,"36' 10""","2,650.417",72,Under
57,Jonathan Randolph,"36' 11""","2,660.833",72,Under
58,Jonathan Byrd,"37' 0""","2,663.333",72,Under
59,Seamus Power,"37' 8""","2,710.167",72,Under
59,Xinjun Zhang,"37' 8""","2,711.333",72,Under
61,Russell Knox,"37' 10""","2,722.583",72,Under
62,Gary Woodland,"38' 5""","2,766.333",72,Under
63,Corey Conners,"38' 7""","2,780.583",72,Under
64,Chris Kirk,"38' 9""","2,788.167",72,Under
65,Adam Schenk,"38' 10""","2,797.417",72,Under
66,Kevin Kisner,"39' 2""","2,818.917",72,Under
67,Ben Martin,"39' 5""","2,835.000",72,Under
68,Matt Jones,"40' 0""","2,842.500",71,Under
68,Keith Mitchell,"40' 0""","2,880.167",72,Under
70,Matt Every,"40' 1""","2,884.250",72,Over
71,Harris English,"40' 2""","2,894.917",72,Under
72,Steve Allan,"40' 11""","2,946.250",72,Under
73,Vaughn Taylor,"42' 3""","3,000.083",71,Under
74,Brandon Harkins,"42' 5""","3,053.917",72,Under
74,William McGirt,"42' 5""","3,054.000",72,Under
76,John Oda,"45' 7""","3,283.333",72,Under
