rank,player,Avg,Total Distance (feet),# of Attempts,Relative to par
1,Hudson Swafford,"10' 3""",10.250,1,-2
2,Roberto Díaz,"11' 11""",11.917,1,-1
3,Jonathan Byrd,"18' 5""",18.417,1,-1
4,Lanto Griffin,"19' 11""",19.917,1,-1
5,Conrad Shindler,"22' 2""",22.167,1,-1
6,Colt Knost,"26' 3""",78.833,3,-2
7,Russell Knox,"30' 0""",30.000,1,-1
8,Rory Sabbatini,"30' 3""",30.250,1,-1
9,Ryan Blaum,"32' 2""",32.167,1,-1
10,Zach Johnson,"33' 4""",33.333,1,-1
11,J.J. Spaun,"33' 6""",66.917,2,-2
12,Keegan Bradley,"36' 0""",36.000,1,-1
13,Ben Martin,"40' 0""",80.000,2,-3
14,Jason Dufner,"40' 10""",81.667,2,-2
15,Brian Harman,"42' 0""",84.000,2,-2
16,John Oda,"43' 1""",86.083,2,-2
17,Wesley Bryan,"47' 11""",47.917,1,E
18,James Hahn,"49' 2""",49.167,1,-1
19,Brian Stuard,"52' 0""",104.000,2,-1
20,Jonathan Randolph,"54' 6""",54.500,1,-1
21,Corey Conners,"56' 5""",56.417,1,-1
22,Joel Dahmen,"57' 4""",57.333,1,-1
22,Harris English,"57' 4""",114.583,2,E
24,Kevin Kisner,"62' 10""",125.583,2,-1
25,Tyrone Van Aswegen,"63' 7""",63.583,1,+1
26,Ryan Armour,"67' 10""",67.833,1,-1
27,Charles Howell III,"68' 1""",136.083,2,-1
28,D.A. Points,"70' 7""",70.583,1,E
29,Xinjun Zhang,"71' 1""",142.167,2,-2
30,Nicholas Lindheim,"73' 9""",73.750,1,-1
31,Nate Lashley,"80' 2""",80.167,1,-1
32,Scott Brown,"82' 11""",82.917,1,-1
33,Daisuke Kataoka,"83' 5""",83.417,1,-1
34,Jerry Kelly,"93' 4""",93.333,1,-1
35,Si Woo Kim,"93' 11""",93.917,1,-1
36,Ryan Palmer,"106' 5""",106.417,1,-1
37,Vaughn Taylor,"116' 6""",116.500,1,E
