rank,player,Avg,Total Distance (feet),# of Attempts,Relative to par
1,Seamus Power,"1' 6""",1.500,1,-1
2,William McGirt,"2' 1""",2.083,1,-1
3,Zach Johnson,"2' 8""",2.667,1,E
4,Si Woo Kim,"3' 1""",3.083,1,-1
5,Roberto Díaz,"3' 3""",3.250,1,E
6,Andrew Putnam,"4' 4""",8.667,2,-2
7,Brian Gay,"4' 5""",4.417,1,-1
8,Tom Hoge,"4' 6""",8.917,2,-2
9,Ollie Schniederjans,"5' 4""",10.667,2,-2
10,Jonathan Randolph,"5' 5""",5.417,1,-1
11,Webb Simpson,"6' 3""",12.500,2,-2
12,Jordan Spieth,"6' 4""",12.583,2,-2
13,Hudson Swafford,"6' 7""",6.583,1,-1
14,Shugo Imahira,"6' 8""",13.333,2,-1
15,Scott Piercy,"6' 10""",20.417,3,-2
16,Kyle Stanley,"6' 11""",6.917,1,-1
16,Vaughn Taylor,"6' 11""",6.917,1,-1
18,Dominic Bozzelli,"7' 0""",7.000,1,E
19,Kevin Kisner,"7' 1""",7.083,1,E
19,Sam Saunders,"7' 1""",7.083,1,E
21,Nicholas Lindheim,"7' 4""",7.333,1,E
22,Adam Schenk,"7' 5""",7.417,1,-1
23,Stewart Cink,"8' 1""",8.083,1,E
24,Sam Ryder,"8' 2""",8.167,1,E
25,Brandon Harkins,"8' 3""",8.250,1,E
26,Jerry Kelly,"8' 4""",33.250,4,-2
26,D.A. Points,"8' 4""",8.333,1,-1
28,Chris Kirk,"8' 5""",16.833,2,-1
28,Brian Stuard,"8' 5""",16.833,2,-1
30,Steve Allan,"8' 6""",8.500,1,+1
31,Charles Howell III,"8' 7""",17.167,2,E
32,Joel Dahmen,"8' 9""",8.750,1,E
33,Ryan Palmer,"8' 11""",8.917,1,E
34,Daisuke Kataoka,"9' 1""",36.417,4,-1
35,James Hahn,"9' 5""",9.417,1,E
36,Tyrone Van Aswegen,"9' 7""",38.250,4,-1
37,Jonathan Byrd,"9' 10""",29.417,3,-2
38,Colt Knost,"9' 11""",19.750,2,E
39,Stephan Jaeger,"10' 1""",10.083,1,-1
40,Marc Leishman,"10' 8""",10.667,1,-1
41,Gary Woodland,"10' 10""",10.833,1,E
42,Wesley Bryan,"11' 0""",43.833,4,-2
43,Harris English,"11' 7""",23.167,2,+1
44,Matt Jones,"12' 5""",12.417,1,E
45,Lanto Griffin,"12' 7""",12.583,1,E
46,Tony Finau,"12' 10""",38.417,3,-1
47,Corey Conners,"13' 0""",13.000,1,-1
48,Keith Mitchell,"13' 2""",13.167,1,E
49,Kevin Tway,"13' 4""",13.333,1,E
50,John Oda,"13' 9""",27.500,2,-1
51,Patton Kizzire,"14' 5""",14.417,1,+1
52,Keegan Bradley,"14' 8""",14.667,1,E
53,Cameron Smith,"14' 10""",14.833,1,E
54,Conrad Shindler,"14' 11""",29.833,2,-1
55,Jason Dufner,"15' 0""",15.000,1,+1
56,Austin Cook,"15' 2""",30.333,2,E
57,Blayne Barber,"15' 4""",30.667,2,E
58,Rory Sabbatini,"16' 1""",32.167,2,E
59,Emiliano Grillo,"20' 0""",39.917,2,+1
60,Jason Kokrak,"20' 1""",40.167,2,-1
61,Justin Thomas,"20' 4""",20.333,1,E
62,Ryan Armour,"20' 11""",20.917,1,E
63,Xinjun Zhang,"25' 0""",25.000,1,E
64,Ryan Blaum,"36' 9""",36.750,1,E
