rank,player,Avg,Total Distance (feet),# of Attempts,Relative to par
1,Jordan Spieth,"23' 2""",23.167,1,-1
2,Tom Hoge,"30' 5""",30.417,1,-1
3,Joel Dahmen,"33' 11""",33.917,1,-1
4,Chez Reavie,"37' 0""",37.000,1,-1
5,Sam Saunders,"38' 8""",38.667,1,-2
6,Ryan Blaum,"40' 6""",40.500,1,E
7,Brian Gay,"45' 1""",90.167,2,-1
8,Kyle Stanley,"45' 2""",135.417,3,-4
9,Roberto Díaz,"47' 6""",47.500,1,-2
10,Jason Dufner,"50' 8""",101.333,2,-2
10,Brian Harman,"50' 8""",50.667,1,-1
12,Jonathan Byrd,"53' 9""",53.750,1,-1
13,Ryan Armour,"55' 6""",110.917,2,-1
14,Jerry Kelly,"57' 0""",114.000,2,-1
15,Corey Conners,"63' 3""",126.500,2,-2
16,Vaughn Taylor,"66' 6""",66.500,1,E
17,Andrew Putnam,"72' 5""",144.833,2,E
18,Chris Kirk,"75' 4""",75.333,1,-1
19,Sam Ryder,"76' 10""",76.833,1,E
20,John Oda,"82' 2""",246.500,3,-1
21,Russell Knox,"84' 7""",84.583,1,E
22,Xinjun Zhang,"87' 6""",87.500,1,-1
23,Conrad Shindler,"92' 3""",92.250,1,E
24,Dominic Bozzelli,"95' 4""",95.333,1,E
25,Hudson Swafford,"95' 6""",95.500,1,+2
26,Kevin Kisner,"101' 4""",101.333,1,E
27,Matt Jones,"109' 3""",109.250,1,-1
28,D.A. Points,"113' 9""",113.750,1,E
29,Shugo Imahira,"117' 3""",117.250,1,E
30,Si Woo Kim,"132' 6""",132.500,1,E
