rank,player,Avg,Total Distance (feet),# of Attempts,Relative to par
1,Marc Leishman,"1' 9""",3.417,2,-2
2,Andrew Putnam,"4' 7""",13.667,3,-1
3,Kevin Kisner,"5' 8""",11.250,2,-2
4,Jonathan Randolph,"5' 10""",5.833,1,-1
5,Blayne Barber,"6' 8""",13.250,2,E
6,D.A. Points,"7' 8""",15.250,2,-2
7,Wesley Bryan,"7' 9""",7.750,1,E
8,Jordan Spieth,"7' 10""",39.167,5,-3
9,Colt Knost,"8' 2""",8.167,1,-1
10,Jonathan Byrd,"8' 4""",8.333,1,E
11,Roberto Díaz,"9' 4""",9.333,1,E
12,Hudson Swafford,"9' 8""",28.917,3,-3
13,Stephan Jaeger,"9' 9""",68.417,7,-4
13,Ryan Palmer,"9' 9""",19.417,2,-1
15,Dominic Bozzelli,"9' 11""",49.500,5,-2
16,Ryan Armour,"10' 3""",61.333,6,-3
17,Jason Dufner,"10' 9""",64.417,6,-2
17,John Peterson,"10' 9""",64.583,6,-3
19,Corey Conners,"11' 0""",33.000,3,-1
20,Daisuke Kataoka,"11' 4""",22.667,2,-2
21,Matt Every,"11' 6""",23.000,2,-1
22,James Hahn,"11' 8""",46.667,4,-1
23,Zach Johnson,"11' 10""",47.333,4,-1
24,Brian Stuard,"12' 1""",36.333,3,-2
25,Ryan Blaum,"12' 3""",36.667,3,-1
25,Sam Saunders,"12' 3""",61.083,5,-4
27,Matt Jones,"12' 4""",86.500,7,-3
28,Keith Mitchell,"12' 9""",38.167,3,+1
29,Seamus Power,"12' 10""",25.667,2,E
30,Brian Gay,"13' 0""",52.083,4,E
31,Joel Dahmen,"13' 3""",39.667,3,-1
31,Xander Schauffele,"13' 3""",39.667,3,E
33,Tom Hoge,"13' 4""",53.250,4,-2
34,Nate Lashley,"13' 5""",53.750,4,E
35,Cameron Smith,"13' 7""",81.333,6,-3
36,Vaughn Taylor,"13' 11""",69.750,5,-5
37,Jerry Kelly,"14' 0""",112.250,8,-3
38,Chez Reavie,"14' 3""",57.083,4,E
39,Chris Kirk,"14' 5""",57.583,4,-1
39,Nicholas Lindheim,"14' 5""",28.833,2,-1
41,Sam Ryder,"14' 9""",88.583,6,-1
42,Scott Piercy,"14' 10""",44.583,3,+1
42,Kevin Tway,"14' 10""",29.583,2,E
44,Daniel Berger,"15' 0""",60.000,4,-2
45,Steve Allan,"15' 2""",45.500,3,-1
45,Austin Cook,"15' 2""",45.417,3,-2
47,Emiliano Grillo,"15' 9""",78.667,5,E
47,John Oda,"15' 9""",94.417,6,-1
47,Gary Woodland,"15' 9""",62.917,4,E
50,Xinjun Zhang,"15' 11""",15.917,1,E
51,Brian Harman,"17' 1""",102.583,6,-2
52,Lanto Griffin,"17' 6""",52.500,3,-1
52,Kyle Stanley,"17' 6""",122.250,7,-2
54,Patton Kizzire,"17' 10""",35.583,2,E
54,Tyrone Van Aswegen,"17' 10""",35.583,2,E
56,Talor Gooch,"18' 0""",54.000,3,-1
56,Shugo Imahira,"18' 0""",89.917,5,-2
56,Justin Thomas,"18' 0""",108.083,6,-1
59,William McGirt,"18' 5""",55.167,3,-1
60,Conrad Shindler,"18' 8""",18.667,1,+1
61,Tony Finau,"19' 0""",75.833,4,+1
62,Jason Kokrak,"19' 2""",95.917,5,E
63,Adam Schenk,"20' 10""",83.167,4,-1
64,Ben Martin,"21' 5""",42.750,2,-1
65,Charles Howell III,"21' 9""",86.833,4,-2
66,Stewart Cink,"22' 3""",89.000,4,-1
67,Russell Knox,"22' 10""",45.667,2,-1
68,Webb Simpson,"23' 4""",46.667,2,E
69,Si Woo Kim,"24' 6""",73.583,3,E
70,Harris English,"26' 2""",78.583,3,-1
71,Keegan Bradley,"29' 0""",58.000,2,+1
72,J.J. Spaun,"29' 4""",88.000,3,E
73,Ollie Schniederjans,"29' 6""",29.500,1,E
