rank,player,Avg,Total Distance (feet),# of Attempts,Relative to par
1,Kevin Kisner,"5' 9""",22.833,4,-3
2,Roberto Díaz,"7' 3""",21.667,3,E
3,Brandon Harkins,"8' 3""",8.250,1,E
3,Seamus Power,"8' 3""",32.917,4,-2
5,Jordan Spieth,"8' 5""",67.500,8,-5
6,Andrew Putnam,"8' 9""",61.250,7,-3
7,Hudson Swafford,"8' 11""",35.500,4,-4
8,Dominic Bozzelli,"9' 2""",82.750,9,-3
9,Chez Reavie,"9' 4""",74.667,8,-2
10,John Peterson,"9' 9""",68.250,7,-4
11,Scott Piercy,"9' 10""",69.083,7,-2
12,Tom Hoge,"10' 2""",71.250,7,-4
13,Nicholas Lindheim,"10' 4""",82.583,8,-3
13,Brian Stuard,"10' 4""",61.750,6,-3
15,Marc Leishman,"10' 7""",74.083,7,-4
16,Brian Gay,"10' 8""",85.417,8,-1
16,Zach Johnson,"10' 8""",85.583,8,-3
18,Daisuke Kataoka,"10' 9""",75.250,7,-3
19,Blayne Barber,"11' 0""",43.917,4,E
20,Colt Knost,"11' 1""",77.583,7,-2
21,Steve Allan,"11' 2""",55.667,5,-1
22,James Hahn,"11' 3""",56.083,5,-1
22,Sam Saunders,"11' 3""",89.750,8,-5
24,Tyrone Van Aswegen,"11' 5""",80.083,7,-2
25,Jonathan Byrd,"11' 6""",57.583,5,-2
25,Jason Dufner,"11' 6""",114.917,10,+1
27,Stephan Jaeger,"11' 8""",116.500,10,-5
28,Matt Every,"12' 0""",36.083,3,-1
29,Jerry Kelly,"12' 2""",145.500,12,-5
30,Daniel Berger,"12' 5""",62.000,5,-3
31,Ryan Armour,"12' 6""",125.167,10,-2
32,Ollie Schniederjans,"12' 10""",77.000,6,-4
33,Jonathan Randolph,"12' 11""",90.167,7,-3
33,Vaughn Taylor,"12' 11""",90.250,7,-5
35,Scott Brown,"13' 2""",79.167,6,-1
35,D.A. Points,"13' 2""",79.000,6,-2
37,Ryan Palmer,"13' 3""",66.167,5,-1
37,Xander Schauffele,"13' 3""",66.417,5,-1
39,Corey Conners,"13' 5""",80.500,6,-2
39,Nate Lashley,"13' 5""",53.750,4,E
41,Matt Jones,"13' 6""",121.667,9,-3
42,Sam Ryder,"13' 10""",96.750,7,-1
43,William McGirt,"14' 4""",57.250,4,-2
44,Joel Dahmen,"14' 5""",86.250,6,+4
44,Emiliano Grillo,"14' 5""",144.000,10,-1
44,Brian Harman,"14' 5""",144.000,10,-5
47,Shugo Imahira,"14' 7""",131.500,9,-4
48,Cameron Smith,"14' 8""",117.500,8,-4
49,Webb Simpson,"14' 10""",59.167,4,-2
50,Charles Howell III,"14' 11""",119.083,8,-4
51,Austin Cook,"15' 2""",75.750,5,-2
52,John Oda,"15' 3""",121.917,8,-2
53,Rory Sabbatini,"16' 1""",32.167,2,E
54,Kyle Stanley,"16' 2""",129.167,8,-3
54,Kevin Tway,"16' 2""",80.917,5,E
56,Wesley Bryan,"16' 3""",129.833,8,-2
56,Lanto Griffin,"16' 3""",65.083,4,-1
56,Chris Kirk,"16' 3""",129.833,8,E
59,Tony Finau,"16' 4""",114.250,7,E
60,Si Woo Kim,"16' 7""",99.667,6,E
60,Gary Woodland,"16' 7""",116.083,7,-1
62,Patton Kizzire,"16' 8""",50.000,3,+1
63,Stewart Cink,"17' 1""",102.333,6,E
64,Justin Thomas,"17' 2""",137.333,8,-1
65,Jason Kokrak,"17' 10""",160.583,9,-1
65,Xinjun Zhang,"17' 10""",89.167,5,-2
67,Keith Mitchell,"17' 11""",107.667,6,E
68,Ryan Blaum,"18' 4""",73.417,4,-1
68,Conrad Shindler,"18' 4""",91.667,5,+1
70,Russell Knox,"19' 2""",95.833,5,-3
71,Harris English,"19' 5""",116.500,6,+1
72,Adam Schenk,"19' 7""",176.167,9,-1
73,Talor Gooch,"20' 1""",80.167,4,-1
74,Ben Martin,"20' 4""",61.083,3,-1
75,J.J. Spaun,"22' 5""",134.500,6,-1
76,Keegan Bradley,"24' 1""",96.250,4,+1
