rank,player,Avg,Total Distance (feet),# of Attempts,Relative to par
1,Steve Allan,"1' 8""",1.667,1,-1
2,Daniel Berger,"2' 0""",2.000,1,-1
3,John Peterson,"3' 8""",3.667,1,-1
4,Scott Piercy,"4' 1""",4.083,1,-1
5,Chez Reavie,"4' 5""",17.583,4,-2
6,Kevin Kisner,"4' 6""",4.500,1,-1
7,Stewart Cink,"5' 3""",5.250,1,+1
8,Seamus Power,"5' 9""",5.750,1,-1
9,Tyrone Van Aswegen,"6' 3""",6.250,1,-1
10,Charles Howell III,"7' 7""",15.083,2,-2
11,Emiliano Grillo,"8' 6""",25.417,3,-2
12,Brian Stuard,"8' 7""",8.583,1,E
13,Dominic Bozzelli,"8' 9""",26.250,3,-1
14,Justin Thomas,"8' 11""",8.917,1,E
15,Roberto Díaz,"9' 1""",9.083,1,E
15,Tom Hoge,"9' 1""",9.083,1,E
17,Nicholas Lindheim,"9' 3""",46.417,5,-2
18,Brian Gay,"9' 8""",28.917,3,E
19,Brian Harman,"10' 4""",41.417,4,-3
20,Sam Saunders,"10' 10""",21.583,2,-1
21,Si Woo Kim,"11' 6""",23.000,2,+1
22,Jason Dufner,"11' 10""",35.500,3,+2
22,Zach Johnson,"11' 10""",35.583,3,-2
24,Jason Kokrak,"12' 3""",24.500,2,E
24,Ollie Schniederjans,"12' 3""",36.833,3,-2
26,Colt Knost,"12' 5""",49.667,4,-1
27,Matt Every,"13' 1""",13.083,1,E
28,Scott Brown,"13' 2""",79.167,6,-1
29,Xander Schauffele,"13' 5""",26.750,2,-1
30,Vaughn Taylor,"13' 7""",13.583,1,+1
31,Shugo Imahira,"14' 2""",28.250,2,-1
32,Ryan Armour,"14' 4""",42.917,3,+1
33,Harris English,"14' 9""",14.750,1,+1
34,Marc Leishman,"15' 0""",60.000,4,-1
35,J.J. Spaun,"15' 6""",46.500,3,-1
36,Jonathan Randolph,"15' 9""",78.917,5,-1
36,Jordan Spieth,"15' 9""",15.750,1,E
38,Xinjun Zhang,"16' 1""",48.250,3,-2
39,Daisuke Kataoka,"16' 2""",16.167,1,E
40,Russell Knox,"16' 9""",50.167,3,-2
41,Corey Conners,"17' 3""",34.500,2,E
42,Ben Martin,"18' 4""",18.333,1,E
43,D.A. Points,"18' 6""",55.417,3,+1
44,Joel Dahmen,"18' 11""",37.833,2,+5
44,Ryan Palmer,"18' 11""",37.833,2,E
46,Stephan Jaeger,"19' 0""",38.000,2,E
46,Kevin Tway,"19' 0""",38.000,2,E
48,Andrew Putnam,"19' 6""",38.917,2,E
49,Jonathan Byrd,"19' 10""",19.833,1,E
50,Gary Woodland,"21' 2""",42.333,2,-1
51,Cameron Smith,"21' 4""",21.333,1,-1
52,Adam Schenk,"21' 5""",85.583,4,+1
53,Conrad Shindler,"21' 7""",43.167,2,+1
54,Matt Jones,"22' 9""",22.750,1,E
55,Keegan Bradley,"23' 7""",23.583,1,E
56,Wesley Bryan,"26' 1""",78.250,3,E
57,Talor Gooch,"26' 2""",26.167,1,E
58,Chris Kirk,"27' 9""",55.417,2,+2
59,Keith Mitchell,"28' 2""",56.333,2,-1
