rank,player,% Makes Bogey,Bogeys,Holes Played
1,Rory McIlroy,4.17,3,72
2,Kevin Tway,5.56,4,72
3,Patton Kizzire,6.94,5,72
3,Marc Leishman,6.94,5,72
3,Xander Schauffele,6.94,5,72
3,Gary Woodland,6.94,5,72
7,Bryson DeChambeau,8.33,6,72
7,Dustin Johnson,8.33,6,72
7,Troy Merritt,8.33,6,72
7,Jon Rahm,8.33,6,72
7,Webb Simpson,8.33,6,72
7,Justin Thomas,8.33,6,72
13,Matt Kuchar,9.72,7,72
14,Cameron Champ,11.11,8,72
14,Brice Garnett,11.11,8,72
14,Charles Howell III,11.11,8,72
14,Brandt Snedeker,11.11,8,72
18,Billy Horschel,12.50,9,72
18,Andrew Putnam,12.50,9,72
20,Paul Casey,13.89,10,72
20,Ian Poulter,13.89,10,72
22,Jason Day,15.28,11,72
22,"Ted Potter, Jr.",15.28,11,72
24,Keegan Bradley,16.67,12,72
24,Satoshi Kodaira,16.67,12,72
24,Andrew Landry,16.67,12,72
24,Scott Piercy,16.67,12,72
28,Brooks Koepka,18.06,13,72
28,Francesco Molinari,18.06,13,72
30,Patrick Reed,19.44,14,72
31,Aaron Wise,20.83,15,72
32,Bubba Watson,22.22,16,72
33,Michael Kim,23.61,17,72
