rank,player,Birdie to Bogey Ratio,Total Birdies and Better,Total Bogeys and Worse
1,Rory McIlroy,6.00,18,3
2,Xander Schauffele,5.20,26,5
2,Gary Woodland,5.20,26,5
4,Marc Leishman,4.40,22,5
5,Kevin Tway,4.25,17,4
6,Justin Thomas,4.17,25,6
7,Dustin Johnson,3.83,23,6
8,Patton Kizzire,3.40,17,5
9,Bryson DeChambeau,3.33,20,6
10,Jon Rahm,3.17,19,6
11,Webb Simpson,2.83,17,6
12,Cameron Champ,2.75,22,8
13,Troy Merritt,2.67,16,6
14,Charles Howell III,2.25,18,8
15,Jason Day,2.18,24,11
16,Matt Kuchar,2.14,15,7
17,Andrew Putnam,2.11,19,9
18,Paul Casey,2.00,20,10
18,Ian Poulter,2.00,20,10
20,Brice Garnett,1.75,14,8
21,Brandt Snedeker,1.63,13,8
22,Andrew Landry,1.58,19,12
23,Scott Piercy,1.50,18,12
24,Brooks Koepka,1.38,18,13
25,"Ted Potter, Jr.",1.27,14,11
26,Billy Horschel,1.22,11,9
27,Aaron Wise,1.20,18,15
28,Patrick Reed,1.14,16,14
29,Francesco Molinari,1.08,14,13
30,Bubba Watson,1.06,17,16
31,Keegan Bradley,1.00,12,12
31,Satoshi Kodaira,1.00,12,12
33,Michael Kim,.94,16,17
