rank,player,Average Bogeys per round,Total Bogeys,Rounds Played
1,Marc Leishman,.75,3,4
1,Rory McIlroy,.75,3,4
1,Kevin Tway,.75,3,4
4,Dustin Johnson,1.00,4,4
5,Patton Kizzire,1.25,5,4
5,Matt Kuchar,1.25,5,4
5,Troy Merritt,1.25,5,4
5,Xander Schauffele,1.25,5,4
5,Justin Thomas,1.25,5,4
5,Gary Woodland,1.25,5,4
11,Cameron Champ,1.50,6,4
11,Bryson DeChambeau,1.50,6,4
11,Jon Rahm,1.50,6,4
11,Webb Simpson,1.50,6,4
15,Charles Howell III,1.75,7,4
16,Brice Garnett,2.00,8,4
16,Satoshi Kodaira,2.00,8,4
16,Ian Poulter,2.00,8,4
16,Brandt Snedeker,2.00,8,4
20,Paul Casey,2.25,9,4
20,Jason Day,2.25,9,4
20,Billy Horschel,2.25,9,4
20,"Ted Potter, Jr.",2.25,9,4
20,Andrew Putnam,2.25,9,4
25,Keegan Bradley,2.75,11,4
25,Brooks Koepka,2.75,11,4
25,Andrew Landry,2.75,11,4
25,Scott Piercy,2.75,11,4
29,Francesco Molinari,3.25,13,4
29,Patrick Reed,3.25,13,4
29,Aaron Wise,3.25,13,4
32,Michael Kim,3.50,14,4
32,Bubba Watson,3.50,14,4
