rank,player,% under then over par,Total under then over Par,Under Par
1,Bryson DeChambeau,.00,0,17
1,Brice Garnett,.00,0,12
1,Patton Kizzire,.00,0,15
1,Rory McIlroy,.00,0,16
1,Gary Woodland,.00,0,23
6,Xander Schauffele,4.55,1,22
7,Cameron Champ,5.00,1,20
8,Paul Casey,5.56,1,18
9,Andrew Putnam,5.88,1,17
9,Kevin Tway,5.88,1,17
11,Jon Rahm,6.25,1,16
12,Satoshi Kodaira,8.33,1,12
13,Keegan Bradley,9.09,1,11
13,Jason Day,9.09,2,22
15,Dustin Johnson,10.00,2,20
16,Andrew Landry,11.11,2,18
16,Marc Leishman,11.11,2,18
18,Webb Simpson,11.76,2,17
19,Troy Merritt,13.33,2,15
20,Justin Thomas,13.64,3,22
21,"Ted Potter, Jr.",15.38,2,13
22,Brandt Snedeker,16.67,2,12
22,Aaron Wise,16.67,3,18
24,Ian Poulter,17.65,3,17
25,Charles Howell III,18.75,3,16
25,Brooks Koepka,18.75,3,16
27,Scott Piercy,20.00,3,15
28,Michael Kim,21.43,3,14
29,Billy Horschel,27.27,3,11
30,Matt Kuchar,30.77,4,13
31,Bubba Watson,31.25,5,16
32,Francesco Molinari,38.46,5,13
33,Patrick Reed,46.67,7,15
