rank,player,Low Rnd
1,Graeme McDowell,62
2,Robert Garrigus,63
3,Steve Stricker,65
4,Matt Kuchar,66
4,Ian Poulter,66
6,Jonathan Byrd,67
6,Francesco Molinari,67
6,Carl Pettersson,67
9,Jim Furyk,68
9,Charley Hoffman,68
9,Dustin Johnson,68
9,Bill Lunde,68
13,Jason Day,69
13,Bill Haas,69
15,Arjun Atwal,70
15,Ben Crane,70
15,Hunter Mahan,70
15,Ryan Palmer,70
15,Adam Scott,70
15,Bubba Watson,70
21,Zach Johnson,71
21,Anthony Kim,71
23,Ernie Els,72
24,Heath Slocum,74
25,Stuart Appleby,75
25,Justin Rose,75
