rank,player,Avg,Total Strokes,Total 1st Tee Late Rounds
1,Robert Garrigus,66.33,199,3
2,Graeme McDowell,67.00,201,3
3,Jonathan Byrd,67.33,202,3
4,Ian Poulter,68.00,204,3
4,Steve Stricker,68.00,272,4
6,Matt Kuchar,68.50,274,4
7,Carl Pettersson,68.67,206,3
8,Bill Haas,69.33,208,3
9,Jim Furyk,69.50,278,4
10,Bill Lunde,69.67,209,3
11,Arjun Atwal,70.00,70,1
11,Hunter Mahan,70.00,70,1
11,Francesco Molinari,70.00,210,3
11,Bubba Watson,70.00,70,1
15,Jason Day,70.67,212,3
15,Dustin Johnson,70.67,212,3
17,Zach Johnson,71.00,71,1
17,Anthony Kim,71.00,71,1
17,Ryan Palmer,71.00,142,2
20,Ben Crane,72.00,144,2
20,Adam Scott,72.00,216,3
22,Charley Hoffman,72.67,218,3
23,Ernie Els,73.00,146,2
24,Heath Slocum,74.00,74,1
25,Stuart Appleby,75.00,75,1
25,Justin Rose,75.00,75,1
