rank,player,Avg,Total Distance (feet),# of Attempts,Relative to par
1,Sean O'Hair,"1""",.083,1,-1
2,Chad Collins,"1' 1""",1.083,1,E
3,Rory Sabbatini,"3' 0""",3.000,1,E
4,Paul Azinger,"3' 3""",6.500,2,E
5,James Driscoll,"4' 3""",8.417,2,E
6,Tom Lehman,"4' 10""",4.833,1,-1
6,Jesper Parnevik,"4' 10""",9.667,2,-2
8,Chad Campbell,"6' 3""",12.500,2,-1
9,Jay Williamson,"6' 7""",6.583,1,-1
10,Tom Pernice Jr.,"7' 0""",7.000,1,-1
11,Parker McLachlin,"7' 4""",14.583,2,E
12,Steve Stricker,"7' 5""",14.750,2,E
13,Cameron Beckman,"7' 10""",23.583,3,-2
14,Jimmy Walker,"7' 11""",23.750,3,E
15,Zach Johnson,"8' 2""",24.417,3,E
16,Dustin Johnson,"8' 3""",16.417,2,-1
17,Pat Perez,"8' 6""",25.500,3,-1
18,Jim Furyk,"9' 3""",9.250,1,E
19,Mark Calcavecchia,"9' 7""",19.083,2,-1
20,Briny Baird,"9' 10""",9.833,1,-1
21,K.J. Choi,"10' 0""",40.000,4,-2
21,Shigeki Maruyama,"10' 0""",20.000,2,-1
23,Robert Gamez,"10' 1""",10.083,1,-1
23,Jeff Maggert,"10' 1""",30.333,3,+1
25,Vaughn Taylor,"10' 2""",10.167,1,+1
26,Patrick Sheehan,"10' 4""",20.583,2,+1
27,Alejandro Cañizares,"10' 6""",10.500,1,+1
28,Shane Bertsch,"11' 2""",11.167,1,E
29,Matt Kuchar,"11' 3""",22.500,2,-1
30,Doug LaBelle II,"11' 8""",11.667,1,E
31,George McNeill,"11' 11""",47.750,4,-2
32,Jim McGovern,"12' 1""",36.333,3,E
33,Stephen Ames,"12' 4""",12.333,1,E
34,Brad Adamonis,"12' 9""",76.500,6,+2
34,Steve Marino,"12' 9""",38.167,3,-2
36,Martin Laird,"13' 2""",39.583,3,-1
37,Vijay Singh,"13' 4""",53.250,4,-1
37,Bubba Watson,"13' 4""",13.333,1,E
39,John Mallinger,"13' 6""",53.833,4,+1
40,Steve Lowery,"13' 7""",40.667,3,E
41,Heath Slocum,"13' 9""",68.667,5,+1
42,Kiyoshi Miyazato,"14' 6""",58.083,4,E
43,Spencer Levin,"14' 11""",44.750,3,+1
44,Yusaku Miyazato,"15' 2""",45.500,3,E
45,Tim Wilkinson,"15' 5""",46.333,3,-2
46,Mark Wilson,"16' 2""",16.167,1,+1
47,Bob Estes,"16' 11""",33.833,2,-1
48,Troy Matteson,"17' 3""",17.250,1,E
49,WC Liang,"18' 9""",37.500,2,+1
49,Mitsuhiro Tateyama,"18' 9""",37.417,2,-1
51,J.B. Holmes,"19' 1""",38.167,2,-1
52,Brian Gay,"22' 1""",22.083,1,E
53,Fred Funk,"22' 8""",22.667,1,E
54,Scott Sterling,"25' 11""",25.917,1,+1
55,Jerry Kelly,"27' 0""",27.000,1,+1
56,Carl Pettersson,"28' 1""",28.083,1,E
57,Dudley Hart,"33' 2""",66.333,2,+2
58,Daisuke Maruyama,"34' 0""",68.000,2,+1
