rank,player,Avg,Total Distance (feet),# of Attempts,Relative to par
1,Tom Pernice Jr.,"8' 1""",40.333,5,-1
2,Chad Campbell,"9' 2""",45.667,5,-1
2,Zach Johnson,"9' 2""",45.917,5,E
4,Mark Calcavecchia,"9' 7""",67.083,7,E
5,Jim Furyk,"10' 2""",50.750,5,-1
6,Pat Perez,"10' 6""",63.167,6,-3
7,Vijay Singh,"10' 8""",74.500,7,-2
8,Jesper Parnevik,"10' 11""",76.167,7,-4
9,Doug LaBelle II,"11' 3""",67.500,6,-2
10,Patrick Sheehan,"11' 9""",93.750,8,-1
11,Kiyoshi Miyazato,"11' 11""",83.500,7,-1
12,Heath Slocum,"12' 6""",125.083,10,E
13,Brad Adamonis,"12' 7""",125.833,10,+1
13,Chad Collins,"12' 7""",37.750,3,+1
13,Dustin Johnson,"12' 7""",125.417,10,-3
16,Matt Kuchar,"12' 9""",63.917,5,E
17,J.B. Holmes,"12' 10""",115.750,9,-3
18,Steve Marino,"13' 1""",130.833,10,-5
19,Daniel Chopra,"13' 5""",80.583,6,E
20,Cameron Beckman,"13' 6""",121.167,9,-2
21,Jimmy Walker,"13' 7""",95.083,7,-1
22,John Riegger,"13' 9""",96.333,7,-1
23,Alejandro Cañizares,"14' 2""",113.000,8,-2
23,John Mallinger,"14' 2""",155.583,11,+1
23,Chez Reavie,"14' 2""",56.500,4,+1
26,George McNeill,"14' 8""",117.083,8,-3
26,Bubba Watson,"14' 8""",58.500,4,-1
28,Spencer Levin,"14' 9""",103.250,7,+1
29,Stephen Ames,"14' 10""",133.667,9,-3
30,Fred Funk,"14' 11""",89.333,6,+2
30,Jay Williamson,"14' 11""",104.417,7,-2
32,Troy Matteson,"15' 1""",105.583,7,-3
33,Mark Wilson,"15' 4""",168.750,11,+1
34,Shane Bertsch,"15' 6""",155.167,10,+2
34,Parker McLachlin,"15' 6""",185.750,12,+1
36,Bob Estes,"15' 8""",93.750,6,E
36,Sean O'Hair,"15' 8""",141.250,9,-4
38,Vaughn Taylor,"15' 9""",63.083,4,+1
39,James Driscoll,"15' 11""",127.000,8,-2
40,K.J. Choi,"16' 0""",112.250,7,-4
40,John Merrick,"16' 0""",143.833,9,E
42,Scott Sterling,"16' 2""",64.750,4,-2
42,Kevin Streelman,"16' 2""",177.833,11,-4
44,Paul Azinger,"16' 4""",130.833,8,-3
45,Tom Lehman,"16' 6""",131.750,8,+1
45,Steve Lowery,"16' 6""",98.750,6,-1
47,Tim Wilkinson,"16' 8""",150.083,9,-3
48,Shigeki Maruyama,"17' 2""",120.417,7,-2
49,Jerry Kelly,"17' 6""",122.417,7,E
50,Martin Laird,"17' 8""",70.667,4,-1
51,Y.E. Yang,"17' 9""",106.417,6,-3
52,Jim McGovern,"18' 0""",126.167,7,+2
53,Briny Baird,"18' 2""",90.750,5,+1
54,Brian Gay,"18' 4""",146.750,8,+1
54,Kevin Na,"18' 4""",54.917,3,-1
54,Rory Sabbatini,"18' 4""",73.333,4,-1
57,Matt Jones,"18' 8""",56.083,3,-1
58,Carl Pettersson,"20' 0""",159.750,8,+1
59,Jeff Maggert,"20' 3""",141.500,7,+2
60,WC Liang,"20' 4""",162.583,8,+2
61,Steve Stricker,"22' 2""",155.000,7,+1
62,Yusaku Miyazato,"23' 11""",167.167,7,+1
63,Robert Gamez,"24' 1""",96.417,4,E
64,J.P. Hayes,"24' 7""",123.000,5,-1
65,Jason Allred,"24' 8""",49.333,2,E
66,Daisuke Maruyama,"25' 1""",175.417,7,+3
67,Dudley Hart,"27' 11""",167.667,6,+4
68,Mitsuhiro Tateyama,"30' 6""",91.417,3,E
