rank,player,Avg,Total Distance (feet),# of Attempts,Relative to par
1,Tim Wilkinson,"22' 9""",113.750,5,-1
2,Robert Gamez,"23' 11""",167.417,7,-3
3,Vaughn Taylor,"25' 7""",153.500,6,-2
4,James Driscoll,"25' 8""",128.500,5,-1
5,Martin Laird,"25' 11""",155.500,6,E
6,Heath Slocum,"26' 0""",207.833,8,-1
7,Y.E. Yang,"28' 10""",144.250,5,E
8,Yusaku Miyazato,"29' 3""",146.333,5,+1
9,Patrick Sheehan,"30' 9""",153.583,5,+1
10,Briny Baird,"31' 6""",157.417,5,+1
11,Jim McGovern,"34' 0""",204.083,6,-1
12,Vijay Singh,"35' 0""",175.000,5,-1
13,Rory Sabbatini,"36' 8""",256.667,7,-3
14,J.P. Hayes,"36' 9""",220.500,6,-1
15,Matt Kuchar,"38' 3""",191.333,5,+1
16,Fred Funk,"38' 5""",345.750,9,-2
17,George McNeill,"39' 0""",233.750,6,E
18,Zach Johnson,"39' 8""",237.833,6,E
19,Daisuke Maruyama,"40' 10""",244.750,6,-2
20,Mitsuhiro Tateyama,"41' 2""",287.917,7,+1
21,Jim Furyk,"41' 3""",453.583,11,-1
22,Steve Marino,"41' 8""",166.500,4,E
23,Chad Campbell,"42' 11""",300.667,7,+1
24,Carl Pettersson,"43' 5""",173.667,4,E
25,Dustin Johnson,"43' 7""",174.417,4,E
26,John Mallinger,"43' 8""",174.500,4,+2
27,Spencer Levin,"44' 1""",308.417,7,+1
28,Mark Calcavecchia,"44' 2""",309.000,7,-1
28,Matt Jones,"44' 2""",220.833,5,E
30,Cameron Beckman,"44' 3""",221.417,5,-1
31,Troy Matteson,"44' 5""",355.500,8,+1
32,Jeff Maggert,"44' 6""",356.000,8,E
33,Tom Lehman,"44' 8""",267.917,6,E
34,Steve Stricker,"44' 10""",403.500,9,-4
35,Shane Bertsch,"45' 2""",271.167,6,E
36,Bob Estes,"45' 4""",317.417,7,-1
37,Dudley Hart,"45' 5""",317.917,7,-1
38,Scott Sterling,"45' 6""",455.000,10,E
39,Kiyoshi Miyazato,"46' 0""",275.833,6,+1
40,Brian Gay,"46' 9""",561.333,12,E
41,John Merrick,"47' 3""",283.667,6,E
42,Stephen Ames,"47' 5""",332.167,7,-2
43,Jason Allred,"48' 1""",432.583,9,-3
43,Doug LaBelle II,"48' 1""",192.167,4,+2
45,J.B. Holmes,"48' 5""",242.167,5,+3
46,Daniel Chopra,"48' 6""",339.417,7,-2
46,Bubba Watson,"48' 6""",242.667,5,-1
48,Pat Perez,"48' 10""",341.583,7,-1
49,Chez Reavie,"48' 11""",342.583,7,-2
50,Sean O'Hair,"49' 11""",299.667,6,E
51,Tom Pernice Jr.,"50' 5""",302.250,6,+1
52,Jay Williamson,"51' 0""",357.083,7,+1
53,WC Liang,"51' 1""",357.833,7,-1
54,Kevin Streelman,"51' 4""",308.083,6,-1
54,Mark Wilson,"51' 4""",256.500,5,E
56,Steve Lowery,"51' 9""",258.833,5,+2
57,Jimmy Walker,"51' 11""",363.500,7,E
58,K.J. Choi,"52' 1""",312.500,6,E
59,Jerry Kelly,"52' 6""",419.917,8,-2
60,Alejandro Cañizares,"53' 5""",213.667,4,+1
61,Brad Adamonis,"54' 5""",217.750,4,+2
62,Paul Azinger,"54' 7""",327.500,6,-2
63,Jesper Parnevik,"54' 11""",329.417,6,+1
64,Parker McLachlin,"55' 5""",276.917,5,E
65,John Riegger,"56' 4""",394.250,7,+3
66,Shigeki Maruyama,"57' 7""",287.917,5,-1
67,Kevin Na,"61' 2""",305.833,5,E
68,Chad Collins,"62' 2""",435.333,7,-1
