rank,player,Avg,Total Distance (feet),# of Attempts,Relative to par
1,Tom Pernice Jr.,"1' 2""",1.167,1,-1
2,Vaughn Taylor,"5' 8""",5.667,1,E
3,Patrick Sheehan,"8' 4""",25.000,3,-2
3,Jimmy Walker,"8' 4""",8.333,1,-1
5,Pat Perez,"8' 11""",17.833,2,-1
6,Doug LaBelle II,"9' 10""",29.417,3,-2
7,Vijay Singh,"10' 0""",20.000,2,E
8,Jim Furyk,"10' 2""",20.250,2,-1
9,Mark Calcavecchia,"10' 3""",40.917,4,-1
10,Zach Johnson,"10' 9""",21.500,2,E
11,Chad Campbell,"10' 10""",10.833,1,-1
12,Brian Gay,"10' 11""",21.833,2,E
13,Kevin Streelman,"11' 3""",56.083,5,-2
14,Heath Slocum,"11' 10""",23.667,2,-1
15,J.B. Holmes,"12' 0""",48.083,4,-2
16,Brad Adamonis,"12' 4""",49.333,4,-1
16,Alejandro Cañizares,"12' 4""",49.333,4,-2
18,Spencer Levin,"12' 6""",37.417,3,-1
19,Fred Funk,"12' 10""",38.500,3,+2
20,Jesper Parnevik,"12' 11""",51.500,4,-2
20,Scott Sterling,"12' 11""",38.833,3,-3
22,John Merrick,"13' 3""",66.250,5,-1
23,Troy Matteson,"13' 7""",54.250,4,-3
24,John Mallinger,"13' 8""",68.417,5,-1
25,Dustin Johnson,"13' 11""",97.417,7,-2
25,Mark Wilson,"13' 11""",97.417,7,E
27,Kevin Na,"14' 1""",28.083,2,-1
28,Steve Marino,"14' 2""",84.917,6,-2
28,Parker McLachlin,"14' 2""",85.083,6,-2
30,Daniel Chopra,"14' 3""",56.917,4,E
31,Stephen Ames,"14' 5""",43.333,3,-1
32,Matt Kuchar,"14' 7""",29.083,2,E
33,Bob Estes,"15' 0""",59.917,4,+1
34,Chez Reavie,"15' 1""",45.333,3,+1
34,Bubba Watson,"15' 1""",45.167,3,-1
36,John Riegger,"15' 3""",76.083,5,-1
37,Cameron Beckman,"15' 7""",62.417,4,-1
38,Shane Bertsch,"16' 5""",114.667,7,+2
39,Paul Azinger,"16' 9""",50.167,3,-1
40,Jerry Kelly,"16' 11""",84.583,5,-1
41,Rory Sabbatini,"18' 7""",37.167,2,-1
41,Jay Williamson,"18' 7""",74.167,4,-2
43,Matt Jones,"18' 11""",37.750,2,-1
44,Tim Wilkinson,"19' 6""",58.500,3,E
44,Y.E. Yang,"19' 6""",77.917,4,-2
46,James Driscoll,"19' 9""",118.583,6,-2
47,Tom Lehman,"20' 0""",100.000,5,+3
47,Carl Pettersson,"20' 0""",119.833,6,E
49,Sean O'Hair,"21' 0""",104.833,5,-1
50,George McNeill,"21' 3""",63.667,3,-1
51,Briny Baird,"21' 6""",43.000,2,+1
52,Shigeki Maruyama,"21' 10""",87.333,4,-1
53,WC Liang,"22' 8""",113.500,5,+1
54,Chad Collins,"23' 6""",23.500,1,+1
55,Steve Lowery,"23' 11""",47.833,2,E
56,K.J. Choi,"24' 1""",72.250,3,-2
57,Robert Gamez,"24' 3""",48.417,2,E
58,Daisuke Maruyama,"24' 6""",97.833,4,+1
59,Jason Allred,"24' 8""",49.333,2,E
60,J.P. Hayes,"25' 0""",99.833,4,-1
61,Jim McGovern,"28' 0""",56.000,2,+1
62,Yusaku Miyazato,"30' 5""",121.667,4,+1
63,Martin Laird,"31' 1""",31.083,1,E
64,Jeff Maggert,"33' 8""",101.000,3,+1
65,Steve Stricker,"34' 2""",136.500,4,+1
