rank,player,Avg,Total Distance (feet),# of Attempts,Relative to par
1,Vijay Singh,"1' 3""",1.250,1,-1
2,Steve Stricker,"3' 9""",3.750,1,E
3,George McNeill,"5' 8""",5.667,1,E
4,Mark Calcavecchia,"7' 1""",7.083,1,+2
5,Steve Marino,"7' 9""",7.750,1,-1
6,Kiyoshi Miyazato,"8' 6""",25.417,3,-1
7,Daisuke Maruyama,"9' 7""",9.583,1,+1
8,J.B. Holmes,"9' 10""",29.500,3,E
9,Jeff Maggert,"10' 2""",10.167,1,E
9,John Riegger,"10' 2""",20.250,2,E
11,Steve Lowery,"10' 3""",10.250,1,-1
12,Jim Furyk,"10' 8""",21.250,2,E
13,Tom Pernice Jr.,"10' 9""",32.167,3,+1
14,Jerry Kelly,"10' 10""",10.833,1,E
15,Heath Slocum,"10' 11""",32.750,3,E
16,Chad Campbell,"11' 2""",22.333,2,+1
16,Chez Reavie,"11' 2""",11.167,1,E
18,Dustin Johnson,"11' 7""",11.583,1,E
18,WC Liang,"11' 7""",11.583,1,E
20,Daniel Chopra,"11' 10""",23.667,2,E
20,Carl Pettersson,"11' 10""",11.833,1,+1
20,Jay Williamson,"11' 10""",23.667,2,+1
23,Sean O'Hair,"12' 1""",36.333,3,-2
24,Matt Kuchar,"12' 4""",12.333,1,+1
25,Shigeki Maruyama,"13' 1""",13.083,1,E
26,Chad Collins,"13' 2""",13.167,1,E
27,Doug LaBelle II,"13' 3""",26.417,2,E
28,Tom Lehman,"13' 6""",26.917,2,-1
29,Fred Funk,"14' 1""",28.167,2,E
30,Y.E. Yang,"14' 3""",28.500,2,-1
31,Shane Bertsch,"14' 8""",29.333,2,E
32,Jesper Parnevik,"15' 0""",15.000,1,E
33,Tim Wilkinson,"15' 1""",45.250,3,-1
34,Stephen Ames,"15' 7""",78.000,5,-2
35,Patrick Sheehan,"16' 1""",48.167,3,E
36,John Mallinger,"16' 8""",33.333,2,+1
37,Jim McGovern,"16' 11""",33.833,2,+1
38,Troy Matteson,"17' 1""",34.083,2,E
39,Cameron Beckman,"17' 7""",35.167,2,+1
40,Alejandro Cañizares,"17' 9""",53.167,3,-1
41,Matt Jones,"18' 4""",18.333,1,E
42,Mark Wilson,"18' 5""",55.167,3,E
43,Briny Baird,"19' 0""",37.917,2,+1
44,John Merrick,"19' 5""",77.583,4,+1
45,Pat Perez,"19' 10""",19.833,1,-1
46,Kevin Streelman,"20' 4""",121.750,6,-2
47,Brian Gay,"20' 7""",102.833,5,+1
48,Jimmy Walker,"21' 0""",63.000,3,E
49,Spencer Levin,"21' 1""",21.083,1,+1
50,Parker McLachlin,"21' 6""",86.083,4,+3
51,J.P. Hayes,"23' 2""",23.167,1,E
52,Vaughn Taylor,"23' 8""",47.250,2,E
53,Paul Azinger,"24' 9""",74.167,3,-2
54,Dudley Hart,"25' 4""",101.333,4,+2
55,Kevin Na,"26' 10""",26.833,1,E
56,Rory Sabbatini,"33' 2""",33.167,1,E
57,Robert Gamez,"37' 11""",37.917,1,+1
58,Mitsuhiro Tateyama,"54' 0""",54.000,1,+1
