rank,player,Avg,Total Distance (feet),# of Attempts,Relative to par
1,Rory Sabbatini,"15' 10""",31.583,2,-3
2,Daisuke Maruyama,"27' 0""",27.000,1,-1
3,Tim Wilkinson,"30' 9""",30.750,1,-1
4,Chad Campbell,"37' 2""",37.167,1,-1
5,Bob Estes,"39' 9""",39.750,1,E
6,Stephen Ames,"42' 4""",42.333,1,-1
7,Jim Furyk,"43' 6""",43.500,1,-1
8,Vijay Singh,"54' 5""",54.417,1,-1
9,Steve Lowery,"54' 6""",163.417,3,-3
10,Spencer Levin,"54' 10""",54.833,1,-1
11,Vaughn Taylor,"58' 9""",117.500,2,-2
12,Brad Adamonis,"64' 6""",64.500,1,E
13,Jeff Maggert,"64' 9""",64.750,1,-1
14,John Merrick,"64' 11""",64.917,1,E
15,Jim McGovern,"65' 5""",130.750,2,-2
16,Matt Kuchar,"66' 5""",132.833,2,-1
17,Dudley Hart,"66' 7""",66.583,1,-1
18,Scott Sterling,"70' 9""",70.750,1,E
19,Tom Lehman,"74' 6""",223.417,3,-2
20,Zach Johnson,"74' 9""",149.500,2,-2
21,Tom Pernice Jr.,"76' 10""",76.833,1,-1
22,Chad Collins,"78' 4""",234.917,3,-1
23,Shigeki Maruyama,"80' 0""",80.000,1,-1
24,Fred Funk,"82' 10""",82.833,1,-1
25,Pat Perez,"84' 9""",169.500,2,-1
26,Paul Azinger,"85' 8""",85.667,1,E
27,John Riegger,"85' 9""",85.750,1,-1
28,Chez Reavie,"87' 8""",87.667,1,E
29,Matt Jones,"88' 10""",88.833,1,-1
30,Troy Matteson,"91' 6""",91.500,1,-1
31,Jay Williamson,"100' 7""",100.583,1,E
32,Shane Bertsch,"102' 7""",205.083,2,-2
33,Patrick Sheehan,"106' 11""",106.917,1,-1
34,K.J. Choi,"110' 3""",110.250,1,-1
