rank,player,Avg,Total Distance (feet),# of Attempts,Relative to par
1,Mitsuhiro Tateyama,"7' 8""",7.667,1,-1
2,Fred Funk,"9' 3""",9.250,1,-2
3,Steve Stricker,"9' 7""",9.583,1,-1
4,Kevin Na,"13' 10""",13.833,1,-2
5,Jim McGovern,"17' 9""",35.500,2,-2
6,Chad Campbell,"27' 1""",27.083,1,-1
6,Kevin Streelman,"27' 1""",27.083,1,E
8,Brad Adamonis,"27' 11""",27.917,1,-1
9,Parker McLachlin,"29' 3""",29.250,1,-1
10,Mark Wilson,"33' 5""",66.833,2,-1
11,Steve Marino,"38' 2""",38.167,1,+1
12,Yusaku Miyazato,"40' 2""",80.333,2,-2
13,Brian Gay,"41' 4""",41.333,1,-1
14,Tom Pernice Jr.,"42' 8""",42.667,1,-1
15,Patrick Sheehan,"44' 3""",44.250,1,-1
16,John Riegger,"45' 4""",90.583,2,-1
17,Tom Lehman,"46' 9""",46.750,1,-1
18,Matt Kuchar,"50' 5""",100.750,2,-1
19,Zach Johnson,"50' 8""",152.083,3,-3
20,John Mallinger,"50' 10""",50.833,1,-1
21,Robert Gamez,"51' 10""",103.667,2,-1
22,Chez Reavie,"55' 10""",55.833,1,E
23,Shigeki Maruyama,"57' 3""",114.417,2,-1
24,Alejandro Cañizares,"57' 9""",173.333,3,-1
25,Doug LaBelle II,"60' 8""",181.917,3,-1
26,Heath Slocum,"61' 8""",185.000,3,-1
27,WC Liang,"62' 4""",124.583,2,-1
28,Shane Bertsch,"63' 6""",126.917,2,-1
29,Kiyoshi Miyazato,"65' 9""",65.750,1,E
30,George McNeill,"67' 2""",67.167,1,E
31,Jeff Maggert,"71' 3""",71.250,1,-1
32,Jason Allred,"78' 9""",78.750,1,E
33,Sean O'Hair,"86' 7""",86.583,1,-1
34,Cameron Beckman,"86' 11""",260.750,3,+1
35,J.P. Hayes,"87' 0""",261.083,3,-3
36,Bob Estes,"87' 2""",87.167,1,+1
37,Jerry Kelly,"88' 8""",88.667,1,-1
38,Jesper Parnevik,"89' 9""",89.750,1,-1
39,Steve Lowery,"106' 10""",106.833,1,E
