rank,player,Distance,Tournament,Round- Course,Hole
1,Casey Wittenberg,202,Sony Open,3,4 - Par 3 -
2,Adam Scott,142,Sony Open,1,3 - Par 4 -
3,Matthew Borchert,129,Sony Open,2,3 - Par 4 -
4,Scott Piercy,93,Sony Open,4,10 - Par 4
5,Tom Pernice Jr.,91,Sony Open,2,18 - Par 5
6,Jeff Quinney,52,Sony Open,3,5 - Par 4 -
7,Webb Simpson,28,Sony Open,3,8 - Par 4 -
8,David Toms,27,Sony Open,3,18 - Par 5
9,John Merrick,24,Sony Open,2,17 - Par 3
10,Tim Wilkinson,24,Sony Open,2,8 - Par 4 -
11,Briny Baird,23,Sony Open,2,8 - Par 4 -
13,Matt Kuchar,20,Sony Open,2,11 - Par 3
14,Kevin Na,18,Sony Open,1,7 - Par 3 -
15,Ryuji Imada,18,Sony Open,4,12 - Par 4
16,Bart Bryant,17,Sony Open,3,2 - Par 4 -
17,Tim Petrovic,16,Sony Open,1,4 - Par 3 -
18,Boo Weekley,15,Sony Open,3,3 - Par 4 -
19,Geoff Ogilvy,14,Sony Open,1,10 - Par 4
20,Michael Letzig,14,Sony Open,4,12 - Par 4
21,Jimmy Walker,13,Sony Open,2,3 - Par 4 -
22,D.J. Trahan,12,Sony Open,2,8 - Par 4 -
23,Jason Dufner,11,Sony Open,2,9 - Par 5 -
24,Tadd Fujikawa,11,Sony Open,3,11 - Par 3
25,Jarrod Lyle,11,Sony Open,4,12 - Par 4
26,Glen Day,10,Sony Open,2,8 - Par 4 -
28,Jerry Kelly,10,Sony Open,4,7 - Par 3 -
30,George McNeill,9,Sony Open,4,6 - Par 4 -
31,Hideto Tanihara,8,Sony Open,4,1 - Par 4 -
32,Tommy Gainey,8,Sony Open,3,8 - Par 4 -
33,Will MacKenzie,8,Sony Open,1,15 - Par 4
35,Zach Johnson,8,Sony Open,3,5 - Par 4 -
36,Bob Estes,7,Sony Open,3,17 - Par 3
38,Steve Marino,7,Sony Open,2,17 - Par 3
40,Kenny Perry,6,Sony Open,1,6 - Par 4 -
41,Cameron Beckman,6,Sony Open,1,12 - Par 4
42,Charles Howell III,6,Sony Open,4,16 - Par 4
43,Gary Woodland,6,Sony Open,1,5 - Par 4 -
44,Nicholas Thompson,6,Sony Open,1,2 - Par 4 -
45,John Lynch,5,Sony Open,2,18 - Par 5
47,Paul Goydos,5,Sony Open,1,2 - Par 4 -
48,Kevin Streelman,5,Sony Open,3,14 - Par 4
49,K.J. Choi,5,Sony Open,1,2 - Par 4 -
50,Richard Johnson,5,Sony Open,2,14 - Par 4
51,Jeff Klauk,5,Sony Open,3,10 - Par 4
