rank,player,Hole outs
1,Briny Baird,2
1,John Merrick,2
1,Scott Piercy,2
1,Jeff Quinney,2
1,Adam Scott,2
1,Boo Weekley,2
1,Casey Wittenberg,2
8,Cameron Beckman,1
8,Matthew Borchert,1
8,Bart Bryant,1
8,K.J. Choi,1
8,Glen Day,1
8,Bob Estes,1
8,Tadd Fujikawa,1
8,Tommy Gainey,1
8,Charles Howell III,1
8,Ryuji Imada,1
8,Richard Johnson,1
8,Zach Johnson,1
8,Jerry Kelly,1
8,Jeff Klauk,1
8,Michael Letzig,1
8,Jarrod Lyle,1
8,Steve Marino,1
8,George McNeill,1
8,Kevin Na,1
8,Geoff Ogilvy,1
8,Tom Pernice Jr.,1
8,Kenny Perry,1
8,Tim Petrovic,1
8,Webb Simpson,1
8,Kevin Streelman,1
8,Hideto Tanihara,1
8,David Toms,1
8,D.J. Trahan,1
8,Jimmy Walker,1
8,Tim Wilkinson,1
