rank,player,Avg,Total Distance (feet),# of Attempts,Relative to par
1,Kurt Kitayama,"8' 1""",8.083,1,-2
2,Taylor Moore,"16' 0""",16.000,1,-2
3,Justin Rose,"33' 2""",33.167,1,-1
4,Rickie Fowler,"34' 0""",34.000,1,-1
5,Davis Riley,"35' 2""",70.250,2,-2
6,Cam Davis,"47' 2""",47.167,1,-1
7,Nico Echavarria,"51' 10""",51.833,1,-1
8,Patrick Rodgers,"62' 10""",62.833,1,-1
9,Lee Hodges,"88' 4""",176.583,2,-1
10,Luke List,"89' 8""",89.667,1,E
11,Denny McCarthy,"90' 1""",180.167,2,-2
12,Brian Harman,"94' 8""",189.333,2,-1
13,Tom Kim,"96' 7""",193.083,2,-2
14,Nick Taylor,"97' 3""",97.250,1,-1
15,Sepp Straka,"97' 6""",97.500,1,-1
16,Chris Kirk,"97' 11""",97.917,1,E
17,Camilo Villegas,"112' 7""",225.167,2,-2
18,Akshay Bhatia,"115' 5""",115.417,1,-1
19,Russell Henley,"115' 9""",462.833,4,-3
20,Andrew Putnam,"116' 8""",116.667,1,-1
21,Keegan Bradley,"118' 10""",118.833,1,E
22,Collin Morikawa,"119' 6""",119.500,1,E
22,Scottie Scheffler,"119' 6""",239.000,2,-2
24,Tyrrell Hatton,"124' 2""",124.167,1,-1
25,Si Woo Kim,"128' 0""",128.000,1,E
26,Cameron Young,"129' 3""",129.250,1,E
27,Erik van Rooyen,"136' 0""",136.000,1,E
28,Vincent Norrman,"140' 6""",140.500,1,-1
29,Sahith Theegala,"145' 4""",145.333,1,E
30,Ludvig Åberg,"157' 10""",157.833,1,E
