rank,player,Avg,Total Distance (feet),# of Attempts,Relative to par
1,Sepp Straka,"23' 3""",162.583,7,-2
2,Scottie Scheffler,"23' 4""",139.750,6,-2
3,Erik van Rooyen,"25' 5""",152.417,6,-3
4,Corey Conners,"25' 6""",203.833,8,-3
5,Patrick Rodgers,"26' 0""",103.917,4,-1
6,Cam Davis,"26' 8""",133.500,5,-2
7,Sam Burns,"27' 8""",193.583,7,-4
8,Kurt Kitayama,"29' 1""",232.917,8,-2
9,Cameron Young,"29' 2""",233.333,8,-5
10,Jordan Spieth,"30' 2""",181.167,6,-2
11,Matt Fitzpatrick,"30' 5""",182.333,6,-3
12,Nick Hardy,"30' 8""",306.500,10,-4
13,Tony Finau,"31' 5""",157.167,5,+1
14,Adam Svensson,"32' 4""",258.333,8,-3
15,Harris English,"33' 4""",266.500,8,E
16,Tom Hoge,"33' 8""",269.000,8,E
17,Taylor Moore,"33' 9""",270.000,8,E
18,Jason Day,"34' 0""",339.917,10,-1
19,Lucas Glover,"34' 2""",273.000,8,-1
20,Eric Cole,"35' 7""",320.500,9,-3
21,Byeong Hun An,"36' 4""",181.750,5,-1
21,Brian Harman,"36' 4""",363.333,10,-5
21,Denny McCarthy,"36' 4""",218.167,6,-1
24,Lee Hodges,"36' 9""",330.417,9,-1
25,Hideki Matsuyama,"37' 4""",261.500,7,+2
26,Tom Kim,"39' 2""",391.417,10,-5
26,Xander Schauffele,"39' 2""",352.250,9,-4
28,Matt Wallace,"39' 4""",314.583,8,-4
29,Keegan Bradley,"39' 11""",199.750,5,-2
29,J.T. Poston,"39' 11""",239.667,6,E
31,Emiliano Grillo,"40' 5""",403.750,10,-2
32,Mackenzie Hughes,"40' 10""",204.083,5,E
33,Viktor Hovland,"41' 4""",247.917,6,-1
34,Tommy Fleetwood,"41' 11""",335.083,8,-3
35,Collin Morikawa,"42' 0""",419.917,10,-5
36,Andrew Putnam,"42' 4""",380.667,9,+1
37,Adam Hadwin,"42' 6""",382.750,9,-3
38,Rickie Fowler,"42' 9""",299.333,7,-4
39,Seamus Power,"43' 0""",387.333,9,-5
40,Tyrrell Hatton,"43' 2""",388.500,9,-3
41,Si Woo Kim,"43' 7""",479.250,11,-3
41,Adam Schenk,"43' 7""",261.500,6,E
43,Sungjae Im,"44' 0""",395.917,9,-4
44,Luke List,"45' 7""",319.167,7,-2
45,Max Homa,"45' 9""",411.833,9,-3
46,Davis Riley,"45' 10""",320.917,7,E
47,Chris Kirk,"47' 5""",379.417,8,-3
48,Vincent Norrman,"47' 11""",287.500,6,E
49,Brendon Todd,"48' 1""",384.750,8,-4
50,Sahith Theegala,"49' 1""",343.500,7,-1
51,Justin Rose,"51' 3""",409.667,8,E
52,Patrick Cantlay,"51' 11""",467.583,9,-3
53,Wyndham Clark,"52' 2""",208.500,4,E
54,Akshay Bhatia,"53' 4""",426.500,8,-2
55,Nick Taylor,"57' 0""",569.833,10,E
56,Camilo Villegas,"61' 4""",552.000,9,+1
57,Nico Echavarria,"62' 9""",752.917,12,-8
58,Ludvig Åberg,"65' 0""",324.833,5,+1
59,Russell Henley,"68' 4""",546.667,8,E
