rank,player,Avg,Total Distance (feet),# of Attempts,Relative to par
1,Eric Cole,"8' 3""",49.500,6,-4
2,Sepp Straka,"8' 5""",25.333,3,-2
3,Tom Kim,"8' 7""",34.250,4,-1
4,Ludvig Åberg,"9' 7""",28.750,3,-1
5,Lucas Glover,"9' 8""",38.583,4,-1
6,Cameron Young,"9' 11""",39.583,4,-2
7,Collin Morikawa,"10' 1""",60.500,6,-3
8,Si Woo Kim,"11' 10""",59.000,5,-2
9,Justin Rose,"12' 3""",12.250,1,E
10,Byeong Hun An,"13' 2""",52.750,4,-2
10,Hideki Matsuyama,"13' 2""",118.833,9,-3
12,Davis Riley,"13' 8""",109.250,8,-3
13,Chris Kirk,"13' 11""",41.750,3,-1
14,Keegan Bradley,"14' 0""",27.917,2,-1
15,Adam Hadwin,"14' 4""",71.500,5,-2
15,Brendon Todd,"14' 4""",42.917,3,-2
17,Emiliano Grillo,"14' 6""",57.833,4,-2
17,Max Homa,"14' 6""",101.417,7,-2
17,Adam Schenk,"14' 6""",116.250,8,-2
20,Matt Wallace,"14' 10""",44.500,3,-1
21,Scottie Scheffler,"14' 11""",89.333,6,-2
22,Corey Conners,"15' 5""",92.250,6,-2
23,Tony Finau,"16' 2""",80.750,5,-2
24,Jason Day,"16' 5""",65.750,4,-1
25,Lee Hodges,"16' 8""",66.583,4,-2
26,Tyrrell Hatton,"16' 10""",50.500,3,-1
27,Patrick Cantlay,"17' 1""",68.333,4,-2
28,Seamus Power,"17' 6""",104.917,6,-1
29,Mackenzie Hughes,"18' 0""",53.917,3,-1
30,Nick Hardy,"19' 1""",114.250,6,-1
31,Denny McCarthy,"19' 2""",95.917,5,-2
32,Andrew Putnam,"19' 9""",39.500,2,-1
33,J.T. Poston,"20' 1""",80.250,4,-1
34,Harris English,"20' 7""",144.000,7,-1
34,Rickie Fowler,"20' 7""",144.000,7,-2
36,Akshay Bhatia,"21' 0""",105.000,5,E
37,Viktor Hovland,"21' 3""",127.500,6,-2
37,Nick Taylor,"21' 3""",42.500,2,E
39,Sungjae Im,"21' 10""",109.250,5,-3
39,Luke List,"21' 10""",65.417,3,-1
41,Tom Hoge,"22' 2""",110.833,5,-3
42,Camilo Villegas,"22' 4""",67.083,3,-1
43,Jordan Spieth,"23' 0""",137.833,6,-1
44,Matt Fitzpatrick,"23' 2""",115.667,5,-1
45,Sahith Theegala,"23' 4""",116.667,5,-4
46,Erik van Rooyen,"23' 8""",118.417,5,E
47,Sam Burns,"24' 4""",97.333,4,+1
48,Brian Harman,"25' 1""",100.250,4,E
49,Kurt Kitayama,"25' 2""",100.750,4,E
50,Patrick Rodgers,"25' 3""",75.833,3,E
51,Russell Henley,"25' 7""",102.417,4,E
52,Taylor Moore,"26' 1""",287.000,11,-2
53,Wyndham Clark,"26' 5""",158.417,6,+1
54,Nico Echavarria,"27' 1""",81.250,3,-2
55,Adam Svensson,"28' 5""",256.000,9,-4
56,Cam Davis,"30' 2""",120.750,4,E
57,Tommy Fleetwood,"30' 5""",182.250,6,E
58,Vincent Norrman,"34' 3""",274.000,8,+1
59,Xander Schauffele,"44' 6""",133.417,3,E
