rank,player,Avg,Total Distance (feet),# of Attempts,Relative to par
1,Adam Hadwin,"4' 5""",8.833,2,-2
2,J.T. Poston,"5' 1""",20.167,4,-4
3,Eric Cole,"5' 11""",11.833,2,-1
4,Si Woo Kim,"7' 2""",14.333,2,E
5,Byeong Hun An,"7' 3""",14.500,2,-2
6,Jason Day,"7' 7""",22.750,3,-1
6,Hideki Matsuyama,"7' 7""",15.083,2,+2
8,Keegan Bradley,"7' 11""",7.917,1,E
9,Cam Davis,"8' 5""",25.333,3,-1
10,Ludvig Åberg,"8' 11""",80.500,9,-4
11,Collin Morikawa,"9' 0""",27.000,3,-1
12,Tommy Fleetwood,"9' 2""",18.250,2,-1
13,Scottie Scheffler,"9' 3""",37.083,4,-2
14,Adam Schenk,"9' 6""",28.583,3,-1
14,Matt Wallace,"9' 6""",18.917,2,-2
16,Nick Hardy,"9' 7""",28.750,3,-2
16,Camilo Villegas,"9' 7""",38.167,4,-2
18,Patrick Rodgers,"9' 10""",19.583,2,E
19,Harris English,"10' 0""",10.000,1,E
19,Brendon Todd,"10' 0""",29.917,3,E
21,Lee Hodges,"10' 6""",41.833,4,-1
21,Vincent Norrman,"10' 6""",20.917,2,-1
21,Erik van Rooyen,"10' 6""",20.917,2,-1
24,Tom Kim,"10' 8""",21.250,2,-1
25,Sahith Theegala,"10' 10""",43.250,4,-2
26,Chris Kirk,"10' 11""",32.667,3,-1
27,Sepp Straka,"11' 3""",11.250,1,E
28,Wyndham Clark,"11' 4""",45.250,4,-2
29,Nick Taylor,"11' 5""",34.167,3,-1
30,Akshay Bhatia,"11' 7""",11.583,1,E
31,Seamus Power,"11' 8""",46.750,4,-2
32,Tom Hoge,"11' 9""",11.750,1,E
33,Patrick Cantlay,"12' 2""",48.667,4,E
33,Lucas Glover,"12' 2""",36.417,3,-1
35,Sungjae Im,"12' 3""",36.750,3,-1
36,Viktor Hovland,"13' 3""",26.500,2,-1
37,Andrew Putnam,"13' 8""",13.667,1,+1
38,Sam Burns,"13' 9""",68.917,5,-3
39,Justin Rose,"14' 5""",43.167,3,-1
40,Nico Echavarria,"14' 11""",14.917,1,-1
41,Cameron Young,"15' 8""",47.083,3,-2
42,Denny McCarthy,"15' 9""",47.333,3,+2
43,Jordan Spieth,"15' 10""",79.000,5,E
44,Corey Conners,"16' 4""",16.333,1,E
45,Kurt Kitayama,"17' 9""",35.500,2,E
46,Taylor Moore,"19' 7""",58.667,3,-1
47,Tyrrell Hatton,"19' 8""",39.333,2,E
48,Tony Finau,"19' 9""",59.167,3,+1
48,Brian Harman,"19' 9""",78.833,4,E
50,Xander Schauffele,"20' 5""",61.250,3,E
51,Max Homa,"20' 9""",62.167,3,E
52,Luke List,"21' 1""",42.083,2,E
53,Rickie Fowler,"25' 7""",76.667,3,+1
54,Davis Riley,"29' 8""",89.083,3,+2
55,Mackenzie Hughes,"29' 10""",89.583,3,E
56,Russell Henley,"32' 9""",131.083,4,E
57,Adam Svensson,"34' 1""",68.167,2,E
58,Emiliano Grillo,"44' 11""",89.750,2,+1
59,Matt Fitzpatrick,"76' 6""",76.500,1,E
