rank,player,Avg,Total Distance (feet),# of Attempts,Relative to par
1,Lucas Glover,"6' 1""",12.083,2,-1
2,Tyrrell Hatton,"6' 3""",24.917,4,-4
2,Vincent Norrman,"6' 3""",6.250,1,E
4,Sungjae Im,"6' 9""",6.750,1,-1
5,Ludvig Åberg,"8' 6""",42.667,5,-3
6,Collin Morikawa,"8' 7""",25.667,3,-3
7,Adam Schenk,"10' 0""",20.000,2,E
8,Davis Riley,"10' 7""",31.750,3,-1
9,Russell Henley,"11' 1""",77.833,7,-3
10,Keegan Bradley,"11' 4""",67.917,6,-3
11,Rickie Fowler,"11' 8""",23.250,2,-1
11,Chris Kirk,"11' 8""",81.583,7,-4
13,Brian Harman,"12' 1""",24.167,2,-1
14,Justin Rose,"12' 2""",60.917,5,-3
15,Denny McCarthy,"12' 4""",73.917,6,E
16,Jason Day,"12' 6""",62.333,5,-4
16,Cameron Young,"12' 6""",50.000,4,-1
18,Max Homa,"12' 8""",50.667,4,E
19,Sahith Theegala,"12' 10""",76.750,6,-1
20,Luke List,"13' 0""",64.833,5,-2
21,Eric Cole,"13' 2""",66.000,5,-2
22,Si Woo Kim,"13' 10""",69.000,5,E
23,Tom Hoge,"14' 1""",28.167,2,E
24,Jordan Spieth,"14' 4""",43.083,3,+1
25,Tony Finau,"14' 11""",89.333,6,-4
26,Nick Hardy,"15' 5""",108.083,7,-2
27,Brendon Todd,"15' 8""",109.667,7,E
28,Wyndham Clark,"15' 9""",15.750,1,E
29,Matt Wallace,"15' 10""",31.583,2,-1
30,Viktor Hovland,"16' 0""",64.000,4,-1
30,Scottie Scheffler,"16' 0""",48.000,3,-1
32,Nico Echavarria,"16' 4""",114.500,7,-2
33,Lee Hodges,"16' 9""",66.917,4,E
34,Andrew Putnam,"16' 10""",84.333,5,-2
35,Akshay Bhatia,"17' 6""",139.750,8,-2
35,Corey Conners,"17' 6""",34.917,2,-1
37,Camilo Villegas,"17' 9""",70.833,4,-2
38,Nick Taylor,"18' 7""",37.167,2,E
39,Adam Hadwin,"18' 9""",74.917,4,-1
40,J.T. Poston,"19' 3""",96.250,5,-1
41,Harris English,"19' 7""",117.250,6,-3
42,Byeong Hun An,"19' 8""",98.167,5,-2
43,Adam Svensson,"19' 11""",79.500,4,-1
44,Erik van Rooyen,"20' 9""",83.000,4,-2
45,Emiliano Grillo,"20' 10""",125.083,6,E
45,Taylor Moore,"20' 10""",83.417,4,-2
47,Seamus Power,"21' 1""",42.167,2,-1
48,Kurt Kitayama,"21' 3""",63.750,3,-1
49,Xander Schauffele,"21' 8""",43.250,2,-1
50,Tom Kim,"22' 3""",88.917,4,E
51,Patrick Cantlay,"22' 11""",114.417,5,-2
52,Patrick Rodgers,"24' 4""",121.583,5,-1
53,Tommy Fleetwood,"24' 7""",49.083,2,E
54,Hideki Matsuyama,"24' 10""",99.250,4,E
55,Cam Davis,"27' 11""",111.667,4,-1
56,Matt Fitzpatrick,"28' 8""",143.417,5,E
57,Sepp Straka,"29' 9""",89.167,3,E
58,Mackenzie Hughes,"35' 8""",35.667,1,E
59,Sam Burns,"49' 8""",148.917,3,+1
