rank,player,Avg,Total Distance (feet),# of Attempts,Relative to par
1,Denny McCarthy,"5' 9""",5.750,1,E
2,Si Woo Kim,"6' 9""",6.750,1,-1
3,Scottie Scheffler,"8' 2""",24.500,3,-1
4,Sepp Straka,"8' 11""",26.750,3,-1
5,Brian Harman,"10' 2""",40.583,4,-2
6,Cameron Young,"11' 7""",69.333,6,-1
7,Mackenzie Hughes,"12' 8""",25.250,2,-1
8,Adam Hadwin,"12' 11""",38.667,3,-1
9,Lee Hodges,"13' 6""",54.000,4,-1
10,Collin Morikawa,"14' 1""",56.417,4,-1
10,Brendon Todd,"14' 1""",56.167,4,-1
12,Keegan Bradley,"14' 9""",59.083,4,-1
13,Patrick Cantlay,"14' 10""",29.667,2,E
14,Ludvig Åberg,"15' 3""",61.083,4,-1
15,Russell Henley,"15' 7""",62.417,4,-1
16,Wyndham Clark,"17' 0""",34.000,2,E
17,Jason Day,"17' 1""",34.083,2,-1
17,Max Homa,"17' 1""",34.083,2,E
19,Tom Hoge,"17' 7""",17.583,1,-1
20,Tony Finau,"18' 5""",73.583,4,E
20,Adam Svensson,"18' 5""",36.750,2,+1
22,Hideki Matsuyama,"18' 6""",36.917,2,E
23,Akshay Bhatia,"19' 1""",95.333,5,-3
24,Chris Kirk,"19' 5""",77.667,4,-1
25,Davis Riley,"19' 7""",39.083,2,-2
26,Xander Schauffele,"19' 9""",98.667,5,-2
27,Corey Conners,"22' 2""",111.000,5,E
28,Adam Schenk,"22' 7""",112.833,5,-1
29,Nico Echavarria,"23' 1""",161.333,7,-2
30,Rickie Fowler,"23' 5""",140.667,6,+1
31,Andrew Putnam,"24' 0""",168.250,7,-1
32,Matt Wallace,"24' 5""",146.583,6,+2
33,Nick Hardy,"24' 7""",49.167,2,-1
34,J.T. Poston,"24' 10""",99.417,4,-1
35,Nick Taylor,"25' 3""",151.583,6,+1
36,Kurt Kitayama,"27' 2""",189.917,7,-2
37,Lucas Glover,"27' 6""",164.750,6,-1
38,Viktor Hovland,"27' 8""",55.333,2,E
39,Luke List,"28' 2""",112.583,4,E
40,Seamus Power,"28' 10""",230.917,8,E
41,Justin Rose,"29' 1""",116.333,4,E
42,Sam Burns,"29' 2""",87.417,3,E
43,Jordan Spieth,"29' 3""",146.083,5,-1
44,Byeong Hun An,"29' 7""",206.833,7,-3
44,Sungjae Im,"29' 7""",118.250,4,E
46,Emiliano Grillo,"29' 10""",178.833,6,-1
47,Tom Kim,"30' 3""",151.250,5,+1
48,Sahith Theegala,"30' 8""",153.417,5,-2
49,Camilo Villegas,"30' 10""",154.250,5,-1
50,Tommy Fleetwood,"31' 6""",125.917,4,E
51,Cam Davis,"32' 7""",195.667,6,-3
52,Eric Cole,"35' 7""",142.250,4,-1
53,Patrick Rodgers,"36' 9""",146.917,4,E
54,Tyrrell Hatton,"40' 1""",200.333,5,-1
55,Vincent Norrman,"41' 4""",165.167,4,-1
56,Matt Fitzpatrick,"41' 9""",167.000,4,-1
57,Erik van Rooyen,"43' 8""",43.667,1,E
58,Harris English,"47' 2""",377.583,8,+1
