rank,player,Total
1,Chad Campbell,2
1,Fred Couples,2
1,J.L. Lewis,2
4,Darren Clarke,1
4,Ben Crane,1
4,Retief Goosen,1
4,Frank Lickliter II,1
4,Adam Scott,1
4,Tiger Woods,1
10,Stuart Appleby,0
10,Tommy Armour III,0
10,Ben Curtis,0
10,Ernie Els,0
10,Steve Flesch,0
10,Jim Furyk,0
10,Scott Hoch,0
10,John Huston,0
10,Peter Jacobsen,0
10,Jonathan Kaye,0
10,Justin Leonard,0
10,Davis Love III,0
10,Shigeki Maruyama,0
10,Shaun Micheel,0
10,Kenny Perry,0
10,Rory Sabbatini,0
10,Vijay Singh,0
10,Craig Stadler,0
10,Kirk Triplett,0
10,Bob Tway,0
10,Mike Weir,0
