rank,player,%,# Birdies/Eagles,# Holes
1,Stuart Appleby,40.28,29,72
2,Vijay Singh,36.11,26,72
2,Tiger Woods,36.11,26,72
4,Kirk Triplett,34.72,25,72
5,Darren Clarke,31.94,23,72
5,Adam Scott,31.94,23,72
7,Ernie Els,30.56,22,72
8,Retief Goosen,27.78,20,72
8,John Huston,27.78,20,72
8,Davis Love III,27.78,20,72
11,Scott Hoch,26.39,19,72
11,Shaun Micheel,26.39,19,72
11,Mike Weir,26.39,19,72
14,Jonathan Kaye,25.00,18,72
15,Ben Crane,23.61,17,72
16,Shigeki Maruyama,22.22,16,72
16,Craig Stadler,22.22,16,72
18,Tommy Armour III,20.83,15,72
18,Fred Couples,20.83,15,72
18,Steve Flesch,20.83,15,72
18,Jim Furyk,20.83,15,72
18,Peter Jacobsen,20.83,15,72
18,Justin Leonard,20.83,15,72
18,Kenny Perry,20.83,15,72
25,Frank Lickliter II,19.44,14,72
26,J.L. Lewis,18.06,13,72
27,Chad Campbell,16.67,12,72
27,Ben Curtis,16.67,12,72
27,Rory Sabbatini,16.67,12,72
30,Bob Tway,13.89,10,72
