rank,player,%
1,Stuart Appleby,71.43
2,Steve Flesch,60.00
3,J.L. Lewis,57.14
4,Ernie Els,50.00
4,Scott Hoch,50.00
4,Shigeki Maruyama,50.00
4,Tiger Woods,50.00
8,Mike Weir,46.15
9,Jonathan Kaye,44.44
10,Adam Scott,40.00
10,Kirk Triplett,40.00
12,Justin Leonard,33.33
13,Rory Sabbatini,27.27
14,Jim Furyk,25.00
15,Davis Love III,22.22
16,Retief Goosen,20.00
16,Peter Jacobsen,20.00
16,Frank Lickliter II,20.00
16,Kenny Perry,20.00
16,Vijay Singh,20.00
21,John Huston,18.75
22,Shaun Micheel,18.18
23,Ben Curtis,17.65
24,Darren Clarke,16.67
24,Ben Crane,16.67
26,Craig Stadler,12.50
26,Bob Tway,12.50
28,Chad Campbell,11.11
29,Tommy Armour III,10.00
30,Fred Couples,8.33
