rank,player,Total
1,Stuart Appleby,29
2,Vijay Singh,26
3,Kirk Triplett,25
3,Tiger Woods,25
5,Darren Clarke,22
5,Ernie Els,22
5,Adam Scott,22
8,John Huston,20
8,Davis Love III,20
10,Retief Goosen,19
10,Scott Hoch,19
10,Shaun Micheel,19
10,Mike Weir,19
14,Jonathan Kaye,18
15,Ben Crane,16
15,Shigeki Maruyama,16
15,Craig Stadler,16
18,Tommy Armour III,15
18,Steve Flesch,15
18,Jim Furyk,15
18,Peter Jacobsen,15
18,Justin Leonard,15
18,Kenny Perry,15
24,Fred Couples,13
24,Frank Lickliter II,13
26,Ben Curtis,12
26,Rory Sabbatini,12
28,J.L. Lewis,11
29,Chad Campbell,10
29,Bob Tway,10
