rank,player,%,Total 3 Putts,Attempts,2 Putt or Better %
1,Jim Furyk,.00,0,15,100.0
1,Justin Leonard,.00,0,17,100.0
3,K.J. Choi,9.09,2,22,90.9
3,Vijay Singh,9.09,2,22,90.9
5,Bart Bryant,11.54,3,26,88.4
6,Olin Browne,11.76,2,17,88.2
7,Michael Campbell,12.50,2,16,87.5
7,David Toms,12.50,3,24,87.5
9,Tim Petrovic,13.33,2,15,86.6
10,"Wes Short, Jr.",13.64,3,22,86.3
11,Robert Gamez,14.29,3,21,85.7
12,Lucas Glover,15.00,3,20,85.0
13,Brad Faxon,19.05,4,21,80.9
14,Jason Gore,21.05,4,19,78.9
15,Peter Lonard,22.22,4,18,77.7
15,Ted Purdy,22.22,4,18,77.7
17,Mark Calcavecchia,22.73,5,22,77.2
18,Kenny Perry,23.81,5,21,76.1
19,Sergio Garcia,24.00,6,25,76.0
19,Vaughn Taylor,24.00,6,25,76.0
21,Ben Crane,25.00,4,16,75.0
21,Fred Funk,25.00,5,20,75.0
23,Sean O'Hair,26.09,6,23,73.9
24,Stuart Appleby,26.67,4,15,73.3
25,Carl Pettersson,28.00,7,25,72.0
26,Jason Bohn,28.57,6,21,71.4
26,Geoff Ogilvy,28.57,6,21,71.4
28,Heath Slocum,45.00,9,20,55.0
