rank,player,%,Total 3 Putts,Total Holes
1,Stuart Appleby,5.56,1,18
1,Olin Browne,5.56,1,18
1,Bart Bryant,5.56,1,18
1,Robert Gamez,5.56,1,18
1,Lucas Glover,5.56,1,18
1,Jason Gore,5.56,1,18
1,Justin Leonard,5.56,1,18
1,Tim Petrovic,5.56,1,18
1,Carl Pettersson,5.56,1,18
1,David Toms,5.56,1,18
11,Mark Calcavecchia,11.11,2,18
11,Michael Campbell,11.11,2,18
11,Ben Crane,11.11,2,18
11,Brad Faxon,11.11,2,18
11,Sergio Garcia,11.11,2,18
11,Peter Lonard,11.11,2,18
11,Sean O'Hair,11.11,2,18
11,Geoff Ogilvy,11.11,2,18
19,Fred Funk,16.67,3,18
19,Kenny Perry,16.67,3,18
19,Heath Slocum,16.67,3,18
