rank,player,%,Total 3 Putts,Attempts,2 Putt or Better %
1,Stuart Appleby,.00,0,6,100.0
1,Olin Browne,.00,0,12,100.0
1,Bart Bryant,.00,0,7,100.0
1,Mark Calcavecchia,.00,0,5,100.0
1,Michael Campbell,.00,0,6,100.0
1,K.J. Choi,.00,0,6,100.0
1,Ben Crane,.00,0,6,100.0
1,Brad Faxon,.00,0,3,100.0
1,Jim Furyk,.00,0,15,100.0
1,Sergio Garcia,.00,0,7,100.0
1,Lucas Glover,.00,0,7,100.0
1,Jason Gore,.00,0,8,100.0
1,Peter Lonard,.00,0,10,100.0
1,Sean O'Hair,.00,0,4,100.0
1,Geoff Ogilvy,.00,0,5,100.0
1,Tim Petrovic,.00,0,7,100.0
1,Carl Pettersson,.00,0,4,100.0
1,Ted Purdy,.00,0,9,100.0
1,"Wes Short, Jr.",.00,0,8,100.0
1,Vijay Singh,.00,0,8,100.0
1,Heath Slocum,.00,0,3,100.0
1,Vaughn Taylor,.00,0,11,100.0
1,David Toms,.00,0,11,100.0
24,Robert Gamez,12.50,1,8,87.5
24,Kenny Perry,12.50,1,8,87.5
26,Jason Bohn,14.29,1,7,85.7
26,Justin Leonard,14.29,1,7,85.7
28,Fred Funk,16.67,1,6,83.3
