rank,player,Total 3 putts > 25',Total 3 Putts
1,Heath Slocum,9,9
2,Carl Pettersson,7,7
3,Jason Bohn,6,7
3,Sergio Garcia,6,6
3,Sean O'Hair,6,7
3,Geoff Ogilvy,6,6
3,Vaughn Taylor,6,6
8,Mark Calcavecchia,5,5
8,Fred Funk,5,6
8,Kenny Perry,5,6
11,Stuart Appleby,4,4
11,Ben Crane,4,5
11,Brad Faxon,4,4
11,Jason Gore,4,6
11,Peter Lonard,4,4
11,Ted Purdy,4,5
17,Bart Bryant,3,3
17,Robert Gamez,3,4
17,Lucas Glover,3,3
17,"Wes Short, Jr.",3,4
17,David Toms,3,3
22,Olin Browne,2,3
22,Michael Campbell,2,2
22,K.J. Choi,2,2
22,Tim Petrovic,2,3
22,Vijay Singh,2,3
