rank,player,%,Total 3 Putts,Attempts,2 Putt or Better %
1,Stuart Appleby,.00,0,16,100.0
1,Jason Bohn,.00,0,9,100.0
1,Olin Browne,.00,0,14,100.0
1,Bart Bryant,.00,0,15,100.0
1,Mark Calcavecchia,.00,0,11,100.0
1,Michael Campbell,.00,0,11,100.0
1,K.J. Choi,.00,0,11,100.0
1,Ben Crane,.00,0,19,100.0
1,Brad Faxon,.00,0,16,100.0
1,Fred Funk,.00,0,21,100.0
1,Jim Furyk,.00,0,14,100.0
1,Robert Gamez,.00,0,17,100.0
1,Sergio Garcia,.00,0,12,100.0
1,Lucas Glover,.00,0,15,100.0
1,Justin Leonard,.00,0,16,100.0
1,Peter Lonard,.00,0,14,100.0
1,Sean O'Hair,.00,0,11,100.0
1,Geoff Ogilvy,.00,0,9,100.0
1,Kenny Perry,.00,0,15,100.0
1,Carl Pettersson,.00,0,11,100.0
1,Vijay Singh,.00,0,14,100.0
1,Heath Slocum,.00,0,15,100.0
1,Vaughn Taylor,.00,0,10,100.0
1,David Toms,.00,0,20,100.0
25,Tim Petrovic,4.17,1,24,95.8
26,Ted Purdy,5.26,1,19,94.7
27,Jason Gore,6.67,1,15,93.3
28,"Wes Short, Jr.",8.33,1,12,91.6
