rank,player,%,Total 3 Putts,Attempts,2 Putt or Better %
1,Stuart Appleby,.00,0,10,100.0
1,Jason Bohn,.00,0,5,100.0
1,Bart Bryant,.00,0,5,100.0
1,Mark Calcavecchia,.00,0,8,100.0
1,Michael Campbell,.00,0,8,100.0
1,K.J. Choi,.00,0,6,100.0
1,Ben Crane,.00,0,7,100.0
1,Brad Faxon,.00,0,4,100.0
1,Fred Funk,.00,0,4,100.0
1,Jim Furyk,.00,0,8,100.0
1,Robert Gamez,.00,0,4,100.0
1,Sergio Garcia,.00,0,5,100.0
1,Lucas Glover,.00,0,4,100.0
1,Jason Gore,.00,0,2,100.0
1,Justin Leonard,.00,0,5,100.0
1,Peter Lonard,.00,0,3,100.0
1,Geoff Ogilvy,.00,0,6,100.0
1,Kenny Perry,.00,0,6,100.0
1,Tim Petrovic,.00,0,5,100.0
1,Carl Pettersson,.00,0,9,100.0
1,Ted Purdy,.00,0,10,100.0
1,"Wes Short, Jr.",.00,0,6,100.0
1,Heath Slocum,.00,0,10,100.0
1,Vaughn Taylor,.00,0,4,100.0
1,David Toms,.00,0,5,100.0
26,Sean O'Hair,14.29,1,7,85.7
27,Olin Browne,20.00,1,5,80.0
28,Vijay Singh,33.33,1,3,66.6
