rank,player,%,Total 3 Putts,Total Holes
1,Bart Bryant,5.56,1,18
1,Brad Faxon,5.56,1,18
1,Robert Gamez,5.56,1,18
1,Lucas Glover,5.56,1,18
1,Tim Petrovic,5.56,1,18
6,Stuart Appleby,11.11,2,18
6,Mark Calcavecchia,11.11,2,18
6,K.J. Choi,11.11,2,18
6,Fred Funk,11.11,2,18
6,Sergio Garcia,11.11,2,18
6,Jason Gore,11.11,2,18
6,Sean O'Hair,11.11,2,18
6,Geoff Ogilvy,11.11,2,18
6,Ted Purdy,11.11,2,18
6,Heath Slocum,11.11,2,18
6,Vaughn Taylor,11.11,2,18
6,David Toms,11.11,2,18
18,Jason Bohn,16.67,3,18
18,Carl Pettersson,16.67,3,18
