rank,player,%,Total 3 Putts,Total Holes
1,Stuart Appleby,5.56,1,18
1,Bart Bryant,5.56,1,18
1,Brad Faxon,5.56,1,18
1,Fred Funk,5.56,1,18
1,Robert Gamez,5.56,1,18
1,Sergio Garcia,5.56,1,18
1,Jason Gore,5.56,1,18
1,Peter Lonard,5.56,1,18
1,Geoff Ogilvy,5.56,1,18
1,Carl Pettersson,5.56,1,18
1,Ted Purdy,5.56,1,18
1,Vijay Singh,5.56,1,18
1,Vaughn Taylor,5.56,1,18
14,Olin Browne,11.11,2,18
14,Ben Crane,11.11,2,18
14,Sean O'Hair,11.11,2,18
14,"Wes Short, Jr.",11.11,2,18
18,Kenny Perry,16.67,3,18
18,Heath Slocum,16.67,3,18
20,Jason Bohn,22.22,4,18
