rank,player,Avg,Total Strokes,Total Rounds
1,Marc Leishman,33.00,33,1
1,Jon Rahm,33.00,33,1
3,Jason Day,34.00,34,1
3,Bryson DeChambeau,34.00,34,1
3,Xander Schauffele,34.00,34,1
3,Justin Thomas,34.00,34,1
7,Charles Howell III,35.00,35,1
7,Dustin Johnson,35.00,35,1
7,Patton Kizzire,35.00,35,1
7,Troy Merritt,35.00,35,1
7,Scott Piercy,35.00,35,1
7,Andrew Putnam,35.00,35,1
7,Webb Simpson,35.00,35,1
7,Gary Woodland,35.00,35,1
15,Paul Casey,36.00,36,1
15,Cameron Champ,36.00,36,1
15,Billy Horschel,36.00,36,1
15,Matt Kuchar,36.00,36,1
15,Andrew Landry,36.00,36,1
15,Rory McIlroy,36.00,36,1
15,Francesco Molinari,36.00,36,1
22,Brice Garnett,37.00,37,1
22,Satoshi Kodaira,37.00,37,1
22,Ian Poulter,37.00,37,1
22,Brandt Snedeker,37.00,37,1
22,Bubba Watson,37.00,37,1
27,Brooks Koepka,38.00,38,1
27,"Ted Potter, Jr.",38.00,38,1
27,Patrick Reed,38.00,38,1
27,Kevin Tway,38.00,38,1
31,Keegan Bradley,39.00,39,1
31,Aaron Wise,39.00,39,1
33,Michael Kim,41.00,41,1
