rank,player,Avg,Total Strokes,Total Rounds
1,Xander Schauffele,31.00,31,1
2,Cameron Champ,32.00,32,1
3,Jason Day,33.00,33,1
3,Dustin Johnson,33.00,33,1
3,Justin Thomas,33.00,33,1
3,Bubba Watson,33.00,33,1
7,Patton Kizzire,34.00,34,1
7,Matt Kuchar,34.00,34,1
7,Troy Merritt,34.00,34,1
7,Webb Simpson,34.00,34,1
7,Aaron Wise,34.00,34,1
7,Gary Woodland,34.00,34,1
13,Brice Garnett,35.00,35,1
13,Charles Howell III,35.00,35,1
13,Brooks Koepka,35.00,35,1
13,Scott Piercy,35.00,35,1
13,Jon Rahm,35.00,35,1
13,Brandt Snedeker,35.00,35,1
13,Kevin Tway,35.00,35,1
20,Paul Casey,36.00,36,1
20,Andrew Landry,36.00,36,1
20,"Ted Potter, Jr.",36.00,36,1
20,Andrew Putnam,36.00,36,1
24,Keegan Bradley,37.00,37,1
24,Billy Horschel,37.00,37,1
24,Satoshi Kodaira,37.00,37,1
24,Marc Leishman,37.00,37,1
24,Ian Poulter,37.00,37,1
24,Patrick Reed,37.00,37,1
30,Bryson DeChambeau,38.00,38,1
30,Michael Kim,38.00,38,1
30,Rory McIlroy,38.00,38,1
30,Francesco Molinari,38.00,38,1
