rank,player,Low Rnd
1,Xander Schauffele,31
1,Gary Woodland,31
3,Cameron Champ,32
3,Brice Garnett,32
3,Marc Leishman,32
3,Justin Thomas,32
7,Jason Day,33
7,Dustin Johnson,33
7,Michael Kim,33
7,Andrew Landry,33
7,Rory McIlroy,33
7,Jon Rahm,33
7,Bubba Watson,33
14,Bryson DeChambeau,34
14,Patton Kizzire,34
14,Matt Kuchar,34
14,Troy Merritt,34
14,Webb Simpson,34
14,Aaron Wise,34
20,Keegan Bradley,35
20,Charles Howell III,35
20,Brooks Koepka,35
20,Francesco Molinari,35
20,Scott Piercy,35
20,Ian Poulter,35
20,Andrew Putnam,35
20,Patrick Reed,35
20,Brandt Snedeker,35
20,Kevin Tway,35
30,Paul Casey,36
30,Billy Horschel,36
30,"Ted Potter, Jr.",36
33,Satoshi Kodaira,37
