rank,player,Avg,Total Strokes,Total Rounds
1,Justin Thomas,32.00,32,1
2,Jason Day,33.00,33,1
2,Michael Kim,33.00,33,1
2,Andrew Landry,33.00,33,1
2,Gary Woodland,33.00,33,1
6,Bryson DeChambeau,34.00,34,1
6,Dustin Johnson,34.00,34,1
6,Marc Leishman,34.00,34,1
6,Rory McIlroy,34.00,34,1
6,Jon Rahm,34.00,34,1
6,Bubba Watson,34.00,34,1
12,Cameron Champ,35.00,35,1
12,Matt Kuchar,35.00,35,1
12,Ian Poulter,35.00,35,1
12,Patrick Reed,35.00,35,1
12,Kevin Tway,35.00,35,1
17,Patton Kizzire,36.00,36,1
17,Andrew Putnam,36.00,36,1
19,Paul Casey,37.00,37,1
19,Brice Garnett,37.00,37,1
19,Billy Horschel,37.00,37,1
19,Brooks Koepka,37.00,37,1
19,Francesco Molinari,37.00,37,1
19,Xander Schauffele,37.00,37,1
25,Keegan Bradley,38.00,38,1
25,Charles Howell III,38.00,38,1
25,Satoshi Kodaira,38.00,38,1
25,Troy Merritt,38.00,38,1
25,Webb Simpson,38.00,38,1
30,Scott Piercy,39.00,39,1
30,"Ted Potter, Jr.",39.00,39,1
30,Brandt Snedeker,39.00,39,1
30,Aaron Wise,39.00,39,1
