rank,player,Avg,Total Strokes,Total Rounds
1,Gary Woodland,31.00,31,1
2,Brice Garnett,32.00,32,1
2,Marc Leishman,32.00,32,1
4,Rory McIlroy,33.00,33,1
5,Patton Kizzire,34.00,34,1
5,Xander Schauffele,34.00,34,1
7,Keegan Bradley,35.00,35,1
7,Jason Day,35.00,35,1
7,Bryson DeChambeau,35.00,35,1
7,Charles Howell III,35.00,35,1
7,Dustin Johnson,35.00,35,1
7,Michael Kim,35.00,35,1
7,Brooks Koepka,35.00,35,1
7,Matt Kuchar,35.00,35,1
7,Troy Merritt,35.00,35,1
7,Francesco Molinari,35.00,35,1
7,Ian Poulter,35.00,35,1
7,Jon Rahm,35.00,35,1
19,Cameron Champ,36.00,36,1
19,Scott Piercy,36.00,36,1
19,Andrew Putnam,36.00,36,1
19,Brandt Snedeker,36.00,36,1
19,Kevin Tway,36.00,36,1
24,Paul Casey,37.00,37,1
24,Andrew Landry,37.00,37,1
24,"Ted Potter, Jr.",37.00,37,1
24,Webb Simpson,37.00,37,1
24,Justin Thomas,37.00,37,1
24,Aaron Wise,37.00,37,1
30,Billy Horschel,38.00,38,1
30,Satoshi Kodaira,38.00,38,1
32,Patrick Reed,39.00,39,1
33,Bubba Watson,40.00,40,1
