rank,player,Avg,Total Strokes,Total Holes
1,Gary Woodland,33.25,133,4
2,Jason Day,33.75,135,4
3,Marc Leishman,34.00,136,4
3,Xander Schauffele,34.00,136,4
3,Justin Thomas,34.00,136,4
6,Dustin Johnson,34.25,137,4
6,Jon Rahm,34.25,137,4
8,Cameron Champ,34.75,139,4
8,Patton Kizzire,34.75,139,4
10,Matt Kuchar,35.00,140,4
11,Bryson DeChambeau,35.25,141,4
11,Brice Garnett,35.25,141,4
11,Rory McIlroy,35.25,141,4
14,Andrew Landry,35.50,142,4
14,Troy Merritt,35.50,142,4
16,Charles Howell III,35.75,143,4
16,Andrew Putnam,35.75,143,4
18,Ian Poulter,36.00,144,4
18,Webb Simpson,36.00,144,4
18,Kevin Tway,36.00,144,4
18,Bubba Watson,36.00,144,4
22,Brooks Koepka,36.25,145,4
22,Scott Piercy,36.25,145,4
24,Paul Casey,36.50,146,4
24,Francesco Molinari,36.50,146,4
26,Michael Kim,36.75,147,4
26,Brandt Snedeker,36.75,147,4
28,Billy Horschel,37.00,148,4
29,Keegan Bradley,37.25,149,4
29,Patrick Reed,37.25,149,4
29,Aaron Wise,37.25,149,4
32,Satoshi Kodaira,37.50,150,4
32,"Ted Potter, Jr.",37.50,150,4
