rank,player,%,Par 4 Birdies or Better,Par 4 Holes
1,Jason Day,31.82,14,44
2,Xander Schauffele,29.55,13,44
3,Andrew Putnam,25.00,11,44
4,Dustin Johnson,22.73,10,44
4,Andrew Landry,22.73,10,44
4,Justin Thomas,22.73,10,44
7,Cameron Champ,20.45,9,44
7,Bryson DeChambeau,20.45,9,44
7,Webb Simpson,20.45,9,44
7,Aaron Wise,20.45,9,44
7,Gary Woodland,20.45,9,44
12,Michael Kim,18.18,8,44
12,Marc Leishman,18.18,8,44
12,Rory McIlroy,18.18,8,44
12,Scott Piercy,18.18,8,44
16,Satoshi Kodaira,15.91,7,44
16,Ian Poulter,15.91,7,44
16,Jon Rahm,15.91,7,44
16,Kevin Tway,15.91,7,44
16,Bubba Watson,15.91,7,44
21,Charles Howell III,13.64,6,44
21,Brooks Koepka,13.64,6,44
21,Matt Kuchar,13.64,6,44
21,Troy Merritt,13.64,6,44
21,Francesco Molinari,13.64,6,44
26,Paul Casey,11.36,5,44
26,Patton Kizzire,11.36,5,44
26,"Ted Potter, Jr.",11.36,5,44
26,Brandt Snedeker,11.36,5,44
30,Keegan Bradley,9.09,4,44
30,Brice Garnett,9.09,4,44
30,Patrick Reed,9.09,4,44
33,Billy Horschel,6.82,3,44
