rank,player,Status,Par 4 Avg,Total Par
1,Jason Day,-10,3.77,1.76
2,Xander Schauffele,-9,3.80,1.76
3,Webb Simpson,-7,3.84,1.76
4,Rory McIlroy,-6,3.86,1.76
4,Gary Woodland,-6,3.86,1.76
6,Andrew Putnam,-5,3.89,1.76
7,Cameron Champ,-4,3.91,1.76
7,Bryson DeChambeau,-4,3.91,1.76
7,Jon Rahm,-4,3.91,1.76
7,Justin Thomas,-4,3.91,1.76
7,Kevin Tway,-4,3.91,1.76
12,Dustin Johnson,-3,3.93,1.76
13,Patton Kizzire,-1,3.98,1.76
13,Marc Leishman,-1,3.98,1.76
13,Scott Piercy,-1,3.98,1.76
16,Brice Garnett,E,4.00,1.76
16,Matt Kuchar,E,4.00,1.76
16,Andrew Landry,E,4.00,1.76
19,Paul Casey,+1,4.02,1.76
19,Charles Howell III,+1,4.02,1.76
19,Troy Merritt,+1,4.02,1.76
19,Ian Poulter,+1,4.02,1.76
19,Brandt Snedeker,+1,4.02,1.76
24,Billy Horschel,+2,4.05,1.76
24,Francesco Molinari,+2,4.05,1.76
26,Satoshi Kodaira,+3,4.07,1.76
26,"Ted Potter, Jr.",+3,4.07,1.76
26,Aaron Wise,+3,4.07,1.76
29,Brooks Koepka,+5,4.11,1.76
29,Bubba Watson,+5,4.11,1.76
31,Keegan Bradley,+6,4.14,1.76
31,Patrick Reed,+6,4.14,1.76
33,Michael Kim,+7,4.16,1.76
