rank,player,Avg,Total Strokes,Total Holes
1,Gary Woodland,4.06,65,16
2,Marc Leishman,4.13,66,16
3,Justin Thomas,4.19,67,16
4,Charles Howell III,4.25,68,16
4,Brooks Koepka,4.25,68,16
4,Xander Schauffele,4.25,68,16
7,Dustin Johnson,4.31,69,16
7,Jon Rahm,4.31,69,16
9,Scott Piercy,4.38,70,16
9,Ian Poulter,4.38,70,16
11,Keegan Bradley,4.44,71,16
11,Paul Casey,4.44,71,16
11,Bryson DeChambeau,4.44,71,16
11,Rory McIlroy,4.44,71,16
11,Troy Merritt,4.44,71,16
16,Cameron Champ,4.50,72,16
16,Matt Kuchar,4.50,72,16
16,Patrick Reed,4.50,72,16
16,Kevin Tway,4.50,72,16
20,Webb Simpson,4.56,73,16
20,Bubba Watson,4.56,73,16
20,Aaron Wise,4.56,73,16
23,Jason Day,4.63,74,16
23,Brice Garnett,4.63,74,16
23,Billy Horschel,4.63,74,16
23,Patton Kizzire,4.63,74,16
23,"Ted Potter, Jr.",4.63,74,16
28,Michael Kim,4.69,75,16
28,Brandt Snedeker,4.69,75,16
30,Andrew Landry,4.75,76,16
30,Francesco Molinari,4.75,76,16
30,Andrew Putnam,4.75,76,16
33,Satoshi Kodaira,4.88,78,16
