rank,player,Avg,Total Strokes,Total Holes
1,Patton Kizzire,2.50,30,12
2,Xander Schauffele,2.83,34,12
3,Paul Casey,2.92,35,12
3,Bryson DeChambeau,2.92,35,12
3,Dustin Johnson,2.92,35,12
3,Andrew Landry,2.92,35,12
3,Troy Merritt,2.92,35,12
3,Andrew Putnam,2.92,35,12
3,Brandt Snedeker,2.92,35,12
3,Justin Thomas,2.92,35,12
3,Gary Woodland,2.92,35,12
12,Cameron Champ,3.00,36,12
12,Brice Garnett,3.00,36,12
12,Marc Leishman,3.00,36,12
12,Rory McIlroy,3.00,36,12
12,Patrick Reed,3.00,36,12
12,Kevin Tway,3.00,36,12
18,Charles Howell III,3.08,37,12
18,Francesco Molinari,3.08,37,12
18,Ian Poulter,3.08,37,12
18,Webb Simpson,3.08,37,12
22,Keegan Bradley,3.17,38,12
22,Billy Horschel,3.17,38,12
22,Michael Kim,3.17,38,12
22,Matt Kuchar,3.17,38,12
22,"Ted Potter, Jr.",3.17,38,12
22,Jon Rahm,3.17,38,12
22,Bubba Watson,3.17,38,12
29,Satoshi Kodaira,3.25,39,12
29,Brooks Koepka,3.25,39,12
29,Aaron Wise,3.25,39,12
32,Jason Day,3.42,41,12
32,Scott Piercy,3.42,41,12
