rank,player,Status,Par 5 Avg,Total Par
1,Gary Woodland,-15,4.06,.80
2,Marc Leishman,-14,4.13,.80
3,Justin Thomas,-13,4.19,.80
4,Charles Howell III,-12,4.25,.80
4,Brooks Koepka,-12,4.25,.80
4,Xander Schauffele,-12,4.25,.80
7,Dustin Johnson,-11,4.31,.80
7,Jon Rahm,-11,4.31,.80
9,Scott Piercy,-10,4.38,.80
9,Ian Poulter,-10,4.38,.80
11,Keegan Bradley,-9,4.44,.80
11,Paul Casey,-9,4.44,.80
11,Bryson DeChambeau,-9,4.44,.80
11,Rory McIlroy,-9,4.44,.80
11,Troy Merritt,-9,4.44,.80
16,Cameron Champ,-8,4.50,.80
16,Matt Kuchar,-8,4.50,.80
16,Patrick Reed,-8,4.50,.80
16,Kevin Tway,-8,4.50,.80
20,Webb Simpson,-7,4.56,.80
20,Bubba Watson,-7,4.56,.80
20,Aaron Wise,-7,4.56,.80
23,Jason Day,-6,4.63,.80
23,Brice Garnett,-6,4.63,.80
23,Billy Horschel,-6,4.63,.80
23,Patton Kizzire,-6,4.63,.80
23,"Ted Potter, Jr.",-6,4.63,.80
28,Michael Kim,-5,4.69,.80
28,Brandt Snedeker,-5,4.69,.80
30,Andrew Landry,-4,4.75,.80
30,Francesco Molinari,-4,4.75,.80
30,Andrew Putnam,-4,4.75,.80
33,Satoshi Kodaira,-2,4.88,.80
