rank,player,%,Par 3 Birdies or Better,Par 3 Holes
1,Patton Kizzire,41.67,5,12
2,Paul Casey,33.33,4,12
3,Cameron Champ,25.00,3,12
3,Brice Garnett,25.00,3,12
3,Andrew Putnam,25.00,3,12
3,Gary Woodland,25.00,3,12
7,Bryson DeChambeau,16.67,2,12
7,Billy Horschel,16.67,2,12
7,Dustin Johnson,16.67,2,12
7,Satoshi Kodaira,16.67,2,12
7,Andrew Landry,16.67,2,12
7,Patrick Reed,16.67,2,12
7,Xander Schauffele,16.67,2,12
7,Justin Thomas,16.67,2,12
7,Kevin Tway,16.67,2,12
7,Bubba Watson,16.67,2,12
17,Jason Day,8.33,1,12
17,Charles Howell III,8.33,1,12
17,Michael Kim,8.33,1,12
17,Brooks Koepka,8.33,1,12
17,Matt Kuchar,8.33,1,12
17,Marc Leishman,8.33,1,12
17,Rory McIlroy,8.33,1,12
17,Troy Merritt,8.33,1,12
17,Francesco Molinari,8.33,1,12
17,"Ted Potter, Jr.",8.33,1,12
17,Ian Poulter,8.33,1,12
17,Webb Simpson,8.33,1,12
17,Brandt Snedeker,8.33,1,12
17,Aaron Wise,8.33,1,12
31,Keegan Bradley,.00,0,12
31,Scott Piercy,.00,0,12
31,Jon Rahm,.00,0,12
