rank,player,Status,Par 3 Avg,Total Par
1,Patton Kizzire,-6,250,.36
2,Xander Schauffele,-2,2.83,.36
3,Paul Casey,-1,2.92,.36
3,Bryson DeChambeau,-1,2.92,.36
3,Dustin Johnson,-1,2.92,.36
3,Andrew Landry,-1,2.92,.36
3,Troy Merritt,-1,2.92,.36
3,Andrew Putnam,-1,2.92,.36
3,Brandt Snedeker,-1,2.92,.36
3,Justin Thomas,-1,2.92,.36
3,Gary Woodland,-1,2.92,.36
12,Cameron Champ,E,3.00,.36
12,Brice Garnett,E,3.00,.36
12,Marc Leishman,E,3.00,.36
12,Rory McIlroy,E,3.00,.36
12,Patrick Reed,E,3.00,.36
12,Kevin Tway,E,3.00,.36
18,Charles Howell III,+1,3.08,.36
18,Francesco Molinari,+1,3.08,.36
18,Ian Poulter,+1,3.08,.36
18,Webb Simpson,+1,3.08,.36
22,Keegan Bradley,+2,3.17,.36
22,Billy Horschel,+2,3.17,.36
22,Michael Kim,+2,3.17,.36
22,Matt Kuchar,+2,3.17,.36
22,"Ted Potter, Jr.",+2,3.17,.36
22,Jon Rahm,+2,3.17,.36
22,Bubba Watson,+2,3.17,.36
29,Satoshi Kodaira,+3,3.25,.36
29,Brooks Koepka,+3,3.25,.36
29,Aaron Wise,+3,3.25,.36
32,Jason Day,+5,3.42,.36
32,Scott Piercy,+5,3.42,.36
