rank,player,%,Par 5 Birdies or Better,Par 5 Holes
1,Gary Woodland,87.50,14,16
2,Marc Leishman,81.25,13,16
2,Justin Thomas,81.25,13,16
4,Ian Poulter,75.00,12,16
4,Jon Rahm,75.00,12,16
6,Paul Casey,68.75,11,16
6,Charles Howell III,68.75,11,16
6,Dustin Johnson,68.75,11,16
6,Brooks Koepka,68.75,11,16
6,Xander Schauffele,68.75,11,16
11,Cameron Champ,62.50,10,16
11,Scott Piercy,62.50,10,16
11,Patrick Reed,62.50,10,16
14,Jason Day,56.25,9,16
14,Bryson DeChambeau,56.25,9,16
14,Rory McIlroy,56.25,9,16
14,Troy Merritt,56.25,9,16
18,Keegan Bradley,50.00,8,16
18,Matt Kuchar,50.00,8,16
18,"Ted Potter, Jr.",50.00,8,16
18,Kevin Tway,50.00,8,16
18,Bubba Watson,50.00,8,16
18,Aaron Wise,50.00,8,16
24,Brice Garnett,43.75,7,16
24,Michael Kim,43.75,7,16
24,Patton Kizzire,43.75,7,16
24,Andrew Landry,43.75,7,16
24,Francesco Molinari,43.75,7,16
24,Webb Simpson,43.75,7,16
24,Brandt Snedeker,43.75,7,16
31,Billy Horschel,37.50,6,16
32,Andrew Putnam,31.25,5,16
33,Satoshi Kodaira,18.75,3,16
