rank,player,Avg,Total Distance (feet),# of Attempts,Relative to par
1,Fred Funk,"8' 3""",24.750,3,-1
2,Bob Estes,"12' 2""",48.667,4,-1
3,Tom Lehman,"16' 0""",47.917,3,-1
4,Tom Pernice Jr.,"17' 5""",69.500,4,-1
5,Chad Collins,"17' 8""",35.250,2,E
6,Vaughn Taylor,"18' 1""",18.083,1,E
7,K.J. Choi,"18' 11""",37.750,2,-1
8,Heath Slocum,"19' 1""",38.167,2,-1
9,Shane Bertsch,"19' 3""",57.833,3,+2
10,Daisuke Maruyama,"20' 5""",102.250,5,-1
11,Doug LaBelle II,"20' 10""",83.250,4,-1
12,Briny Baird,"21' 7""",108.083,5,E
13,Chad Campbell,"22' 0""",65.917,3,-1
14,Daniel Chopra,"22' 10""",114.083,5,-1
15,John Riegger,"23' 2""",69.583,3,E
16,Bubba Watson,"23' 8""",141.750,6,-1
17,Brian Gay,"23' 9""",47.417,2,+1
17,Matt Jones,"23' 9""",118.833,5,E
19,Matt Kuchar,"24' 8""",74.000,3,E
20,Jason Allred,"25' 3""",126.417,5,-1
21,Kevin Streelman,"26' 2""",104.750,4,-1
22,Carl Pettersson,"26' 7""",159.250,6,-1
23,Scott Sterling,"27' 8""",110.667,4,+1
24,Alejandro Cañizares,"28' 5""",198.667,7,-1
25,Robert Gamez,"28' 6""",85.417,3,+1
26,Steve Stricker,"28' 9""",143.833,5,+1
27,Steve Marino,"28' 11""",86.833,3,E
28,Brad Adamonis,"29' 2""",116.583,4,-2
29,Steve Lowery,"29' 6""",295.333,10,+1
30,Pat Perez,"30' 1""",90.167,3,+1
31,Dudley Hart,"30' 6""",244.167,8,-1
32,Jim McGovern,"32' 8""",163.500,5,+1
33,James Driscoll,"32' 9""",196.583,6,E
33,Jay Williamson,"32' 9""",98.167,3,+1
35,J.B. Holmes,"36' 2""",361.667,10,-1
36,J.P. Hayes,"36' 3""",72.500,2,E
37,George McNeill,"36' 6""",182.500,5,-1
38,Mark Calcavecchia,"36' 8""",109.917,3,E
39,John Merrick,"36' 11""",147.583,4,E
40,Sean O'Hair,"38' 4""",191.833,5,+2
41,Shigeki Maruyama,"38' 5""",192.083,5,E
42,Rory Sabbatini,"38' 6""",154.083,4,+2
43,Jerry Kelly,"39' 9""",198.917,5,-1
44,Spencer Levin,"40' 4""",80.667,2,-1
45,Patrick Sheehan,"43' 3""",173.083,4,+1
46,Paul Azinger,"43' 4""",86.583,2,E
47,Jimmy Walker,"43' 8""",305.667,7,E
48,WC Liang,"45' 2""",225.917,5,+1
49,Jeff Maggert,"45' 3""",271.417,6,E
50,Troy Matteson,"47' 1""",235.250,5,+1
51,Jesper Parnevik,"47' 2""",188.667,4,E
52,Parker McLachlin,"47' 7""",332.833,7,E
53,Cameron Beckman,"48' 0""",192.000,4,+2
54,Vijay Singh,"49' 1""",343.417,7,+2
55,Mark Wilson,"49' 2""",147.583,3,+2
56,John Mallinger,"50' 9""",101.417,2,E
57,Yusaku Miyazato,"52' 4""",209.167,4,+2
58,Martin Laird,"52' 9""",52.750,1,+1
59,Dustin Johnson,"52' 10""",422.583,8,-1
60,Mitsuhiro Tateyama,"53' 4""",479.750,9,E
61,Stephen Ames,"53' 8""",161.083,3,E
62,Kevin Na,"54' 11""",164.833,3,E
63,Chez Reavie,"57' 1""",114.167,2,+2
64,Zach Johnson,"57' 3""",229.000,4,+3
65,Jim Furyk,"62' 10""",188.583,3,-1
66,Tim Wilkinson,"72' 10""",145.667,2,E
67,Y.E. Yang,"78' 7""",157.167,2,+2
