rank,player,Avg,Total Distance (feet),# of Attempts,Relative to par
1,Jay Williamson,"3' 4""",3.333,1,-2
2,Vijay Singh,"26' 8""",26.667,1,-1
3,Carl Pettersson,"33' 0""",33.000,1,-1
4,Rory Sabbatini,"34' 8""",34.667,1,-1
5,George McNeill,"40' 11""",40.917,1,E
6,Jim Furyk,"44' 4""",44.333,1,-1
7,WC Liang,"52' 5""",52.417,1,E
8,Patrick Sheehan,"57' 10""",115.667,2,-2
9,Tom Pernice Jr.,"67' 4""",67.333,1,E
10,Robert Gamez,"70' 5""",140.833,2,E
11,Stephen Ames,"71' 11""",143.750,2,E
12,Troy Matteson,"73' 7""",73.583,1,-1
13,Pat Perez,"77' 0""",77.000,1,E
14,Jeff Maggert,"78' 0""",78.000,1,E
15,Tom Lehman,"84' 8""",84.667,1,-1
16,Kevin Na,"89' 9""",89.750,1,-1
17,Jerry Kelly,"96' 3""",96.250,1,-1
18,Chez Reavie,"97' 1""",97.083,1,E
19,Shane Bertsch,"100' 8""",100.667,1,-1
20,John Mallinger,"105' 7""",105.583,1,-1
21,Jason Allred,"106' 5""",212.833,2,E
22,Zach Johnson,"108' 10""",217.667,2,+1
23,John Merrick,"118' 1""",118.083,1,-1
24,Scott Sterling,"124' 6""",124.500,1,E
25,Fred Funk,"124' 9""",124.750,1,E
26,Matt Jones,"129' 11""",129.917,1,E
27,Kiyoshi Miyazato,"131' 0""",262.000,2,-1
28,Shigeki Maruyama,"131' 7""",131.583,1,E
29,Alejandro Cañizares,"140' 10""",140.833,1,-1
30,Brad Adamonis,"144' 10""",144.833,1,-1
31,Jesper Parnevik,"159' 8""",159.667,1,-1
