rank,player,Avg,Total Distance (feet),# of Attempts,Relative to par
1,Brian Gay,"3' 3""",3.250,1,-1
2,Y.E. Yang,"4' 2""",4.167,1,-1
3,Vijay Singh,"8' 0""",40.167,5,-3
4,George McNeill,"8' 2""",24.417,3,-1
5,Spencer Levin,"9' 2""",18.250,2,-1
6,Chez Reavie,"9' 6""",28.500,3,E
7,Troy Matteson,"10' 10""",21.667,2,-1
8,Carl Pettersson,"10' 11""",43.667,4,-2
9,Yusaku Miyazato,"11' 2""",55.667,5,-1
10,Stephen Ames,"11' 4""",22.667,2,-1
11,John Merrick,"12' 1""",36.250,3,E
12,Heath Slocum,"13' 8""",13.667,1,E
13,Brad Adamonis,"14' 8""",58.500,4,-1
14,Zach Johnson,"15' 0""",30.000,2,E
14,Jesper Parnevik,"15' 0""",29.917,2,-1
16,Chad Campbell,"15' 2""",60.500,4,+1
17,Pat Perez,"15' 5""",30.833,2,-2
18,Scott Sterling,"15' 8""",15.667,1,E
19,Mark Calcavecchia,"16' 6""",49.417,3,+1
20,Jay Williamson,"17' 6""",87.333,5,E
21,Vaughn Taylor,"17' 9""",35.500,2,E
22,Cameron Beckman,"18' 11""",18.917,1,E
23,John Mallinger,"19' 6""",97.417,5,E
24,Tom Pernice Jr.,"19' 7""",58.750,3,-1
25,Dustin Johnson,"19' 9""",39.417,2,+1
26,Daniel Chopra,"19' 10""",59.500,3,+1
27,Mitsuhiro Tateyama,"20' 0""",80.083,4,E
28,Doug LaBelle II,"21' 0""",41.917,2,+1
29,Shigeki Maruyama,"22' 9""",68.250,3,+2
30,Paul Azinger,"22' 10""",159.583,7,+4
31,Daisuke Maruyama,"23' 3""",139.667,6,+2
32,Tim Wilkinson,"23' 4""",46.583,2,-1
33,WC Liang,"23' 7""",70.750,3,-1
34,Rory Sabbatini,"23' 9""",95.083,4,+2
35,Steve Stricker,"24' 1""",72.167,3,-2
36,Matt Jones,"24' 5""",146.667,6,+1
37,Briny Baird,"24' 11""",74.750,3,-2
38,Kevin Streelman,"25' 1""",75.167,3,E
39,Jimmy Walker,"25' 5""",76.333,3,E
40,K.J. Choi,"25' 6""",76.583,3,E
40,Bob Estes,"25' 6""",25.500,1,E
42,Jason Allred,"25' 11""",103.750,4,+1
42,John Riegger,"25' 11""",129.417,5,E
44,Steve Marino,"26' 6""",79.417,3,-1
45,Chad Collins,"27' 4""",136.667,5,-1
46,Sean O'Hair,"27' 8""",193.417,7,+3
47,Kevin Na,"27' 9""",55.417,2,+1
48,Steve Lowery,"29' 0""",29.000,1,E
49,Alejandro Cañizares,"30' 10""",92.500,3,+1
50,J.B. Holmes,"31' 7""",126.333,4,+1
51,Matt Kuchar,"31' 9""",126.917,4,E
52,Kiyoshi Miyazato,"33' 2""",33.167,1,E
53,Parker McLachlin,"33' 3""",66.500,2,E
54,J.P. Hayes,"33' 4""",133.167,4,+1
55,James Driscoll,"33' 8""",201.833,6,+1
55,Mark Wilson,"33' 8""",134.667,4,+1
57,Shane Bertsch,"34' 8""",34.667,1,-1
58,Dudley Hart,"39' 11""",159.500,4,+5
59,Bubba Watson,"44' 3""",221.083,5,+1
60,Tom Lehman,"45' 9""",91.500,2,+2
61,Patrick Sheehan,"49' 6""",98.917,2,+2
62,Jim McGovern,"66' 10""",200.583,3,E
63,Martin Laird,"68' 2""",136.333,2,+1
64,Jeff Maggert,"69' 3""",207.750,3,E
65,Robert Gamez,"89' 1""",89.083,1,+2
