rank,player,Avg,Total Distance (feet),# of Attempts,Relative to par
1,Steve Lowery,"21' 2""",42.333,2,E
2,Patrick Sheehan,"25' 0""",100.000,4,-3
3,Kevin Streelman,"29' 8""",59.250,2,+1
4,Dustin Johnson,"30' 4""",60.583,2,E
5,John Mallinger,"33' 1""",132.167,4,E
6,Chez Reavie,"34' 10""",139.167,4,E
7,Matt Kuchar,"38' 8""",232.083,6,+1
8,Sean O'Hair,"39' 8""",198.250,5,+3
9,J.B. Holmes,"40' 2""",80.250,2,-2
10,Cameron Beckman,"40' 11""",40.917,1,E
11,Jason Allred,"41' 5""",82.750,2,+1
12,Dudley Hart,"42' 2""",126.583,3,E
13,Parker McLachlin,"45' 0""",224.833,5,-1
14,Bob Estes,"47' 10""",191.167,4,E
15,J.P. Hayes,"49' 1""",49.083,1,+1
15,WC Liang,"49' 1""",196.167,4,+2
17,Carl Pettersson,"50' 10""",254.167,5,+3
18,James Driscoll,"52' 6""",209.917,4,-1
19,Zach Johnson,"53' 5""",160.333,3,+2
20,John Merrick,"53' 6""",267.583,5,+2
21,Pat Perez,"53' 9""",429.667,8,+1
22,Matt Jones,"55' 2""",441.167,8,+1
23,Bubba Watson,"56' 6""",395.250,7,+2
24,Shigeki Maruyama,"57' 1""",285.417,5,E
25,Y.E. Yang,"57' 3""",229.083,4,+1
26,Vaughn Taylor,"57' 8""",230.667,4,E
27,Briny Baird,"57' 10""",347.000,6,-1
27,K.J. Choi,"57' 10""",289.167,5,E
29,Mark Wilson,"59' 0""",295.000,5,E
30,Spencer Levin,"59' 3""",118.417,2,+2
31,Rory Sabbatini,"62' 3""",311.333,5,+3
32,Mitsuhiro Tateyama,"62' 11""",125.750,2,+2
33,Robert Gamez,"63' 5""",253.667,4,+1
34,Chad Collins,"64' 7""",452.000,7,+3
35,Daniel Chopra,"65' 2""",260.750,4,+1
36,Martin Laird,"65' 10""",329.250,5,+2
36,Heath Slocum,"65' 10""",263.333,4,E
38,George McNeill,"66' 7""",199.750,3,+1
39,Mark Calcavecchia,"66' 11""",66.917,1,+2
40,Brian Gay,"67' 1""",201.250,3,+1
41,Jim McGovern,"67' 3""",201.833,3,+2
42,Jeff Maggert,"68' 1""",136.083,2,E
43,Jim Furyk,"69' 1""",138.167,2,+1
44,Alejandro Cañizares,"69' 4""",485.167,7,+4
45,Kevin Na,"70' 9""",353.583,5,+5
46,Fred Funk,"71' 0""",213.000,3,E
47,Tom Lehman,"72' 10""",436.750,6,E
48,Tim Wilkinson,"73' 0""",219.083,3,+1
49,Tom Pernice Jr.,"73' 1""",146.167,2,+1
50,Daisuke Maruyama,"74' 7""",74.583,1,E
50,Scott Sterling,"74' 7""",671.167,9,+3
52,Stephen Ames,"76' 5""",229.167,3,+1
53,Yusaku Miyazato,"77' 1""",154.083,2,E
54,Jimmy Walker,"78' 6""",313.917,4,+2
55,John Riegger,"79' 11""",239.750,3,+3
56,Vijay Singh,"86' 3""",431.250,5,+4
57,Jerry Kelly,"87' 9""",438.917,5,E
58,Steve Marino,"89' 3""",267.667,3,+2
59,Jesper Parnevik,"89' 9""",359.083,4,+1
60,Paul Azinger,"89' 11""",179.750,2,+1
61,Troy Matteson,"90' 2""",180.250,2,+1
62,Jay Williamson,"92' 9""",278.333,3,+2
63,Brad Adamonis,"92' 11""",92.917,1,E
64,Shane Bertsch,"93' 8""",187.250,2,+1
65,Chad Campbell,"99' 5""",99.417,1,E
66,Kiyoshi Miyazato,"103' 3""",309.750,3,+1
67,Steve Stricker,"105' 8""",316.917,3,+1
