rank,player,Avg,Total Distance (feet),# of Attempts,Relative to par
1,WC Liang,"16' 5""",16.417,1,-1
2,Vaughn Taylor,"19' 5""",19.417,1,-1
3,Scott Sterling,"22' 0""",22.000,1,E
4,Steve Stricker,"25' 9""",25.750,1,E
5,Mitsuhiro Tateyama,"31' 3""",31.250,1,E
6,Kevin Streelman,"37' 3""",74.417,2,+1
7,Bubba Watson,"37' 4""",74.667,2,E
8,J.B. Holmes,"38' 2""",76.250,2,-1
9,Dustin Johnson,"38' 6""",77.000,2,-2
10,Paul Azinger,"39' 1""",78.167,2,-1
11,Y.E. Yang,"42' 11""",171.500,4,E
12,Kevin Na,"43' 7""",43.583,1,E
13,Matt Kuchar,"48' 8""",48.667,1,E
14,George McNeill,"52' 3""",52.250,1,-1
15,Parker McLachlin,"55' 11""",223.750,4,-3
16,John Merrick,"57' 8""",115.250,2,E
17,Brian Gay,"58' 4""",233.333,4,+1
18,Jimmy Walker,"58' 5""",175.167,3,-1
19,Shane Bertsch,"60' 3""",60.250,1,+1
20,Chez Reavie,"61' 4""",61.333,1,+1
21,Rory Sabbatini,"67' 6""",67.500,1,+2
22,John Riegger,"67' 9""",135.500,2,E
23,J.P. Hayes,"68' 1""",136.083,2,E
24,Tom Pernice Jr.,"73' 7""",147.167,2,+1
25,Vijay Singh,"74' 2""",148.250,2,+1
26,Martin Laird,"76' 7""",229.833,3,-1
27,Matt Jones,"77' 8""",155.333,2,E
28,Bob Estes,"78' 7""",314.333,4,+2
29,Spencer Levin,"79' 10""",79.833,1,E
30,Jason Allred,"80' 3""",240.833,3,+3
31,Cameron Beckman,"80' 6""",321.833,4,+2
32,Jim Furyk,"82' 4""",82.333,1,+1
33,Chad Collins,"83' 2""",249.583,3,E
34,Shigeki Maruyama,"84' 6""",169.000,2,E
35,Jerry Kelly,"87' 10""",175.583,2,E
36,Jay Williamson,"89' 2""",89.167,1,-1
37,Chad Campbell,"91' 2""",182.333,2,-1
37,Heath Slocum,"91' 2""",91.167,1,-1
39,Daisuke Maruyama,"91' 7""",183.083,2,+2
40,Dudley Hart,"93' 7""",374.333,4,+3
41,James Driscoll,"93' 10""",93.833,1,E
42,Jesper Parnevik,"94' 5""",188.750,2,-1
43,Tom Lehman,"95' 0""",189.917,2,-1
44,Briny Baird,"95' 6""",95.500,1,+1
45,Carl Pettersson,"96' 4""",192.667,2,E
46,Daniel Chopra,"100' 5""",401.667,4,+1
47,Mark Wilson,"105' 11""",211.833,2,+2
48,Yusaku Miyazato,"106' 0""",212.000,2,+2
49,Brad Adamonis,"106' 9""",213.417,2,+2
50,Alejandro Cañizares,"107' 1""",107.083,1,E
51,Kiyoshi Miyazato,"110' 3""",110.250,1,E
52,Steve Marino,"133' 1""",133.083,1,-1
53,K.J. Choi,"137' 4""",274.667,2,E
54,Jim McGovern,"140' 4""",421.000,3,+1
55,Zach Johnson,"147' 0""",147.000,1,+1
56,Patrick Sheehan,"152' 7""",152.583,1,E
