rank,player,Avg,Total Distance (feet),# of Attempts,Relative to par
1,George McNeill,"2' 5""",2.417,1,-1
2,Brian Gay,"3' 3""",3.250,1,-1
3,Brad Adamonis,"6' 3""",6.250,1,-1
4,Yusaku Miyazato,"6' 8""",6.667,1,-1
5,Vijay Singh,"7' 7""",15.083,2,-1
6,John Merrick,"8' 8""",8.667,1,E
7,Carl Pettersson,"11' 2""",11.167,1,-1
8,Stephen Ames,"11' 4""",22.667,2,-1
9,Spencer Levin,"12' 4""",12.333,1,E
10,Heath Slocum,"13' 8""",13.667,1,E
11,Zach Johnson,"15' 0""",30.000,2,E
11,Jesper Parnevik,"15' 0""",29.917,2,-1
13,Daisuke Maruyama,"15' 3""",61.000,4,-1
14,Jay Williamson,"15' 6""",30.917,2,E
15,Paul Azinger,"16' 3""",32.417,2,E
15,Mark Calcavecchia,"16' 3""",32.417,2,+1
17,Chez Reavie,"16' 4""",16.333,1,E
18,Chad Campbell,"17' 2""",51.417,3,E
19,Cameron Beckman,"18' 11""",18.917,1,E
19,Doug LaBelle II,"18' 11""",18.917,1,E
21,Tom Pernice Jr.,"19' 7""",58.750,3,-1
22,Dustin Johnson,"19' 9""",39.417,2,+1
23,James Driscoll,"20' 10""",62.583,3,E
24,Matt Jones,"21' 1""",42.083,2,-1
25,Rory Sabbatini,"21' 10""",43.583,2,+1
26,Kevin Streelman,"22' 0""",43.917,2,E
26,Vaughn Taylor,"22' 0""",22.000,1,E
28,John Mallinger,"23' 7""",94.333,4,+1
29,Bubba Watson,"25' 4""",50.667,2,E
30,Jimmy Walker,"25' 5""",76.333,3,E
31,Bob Estes,"25' 6""",25.500,1,E
32,Shigeki Maruyama,"26' 2""",52.250,2,+2
33,Daniel Chopra,"27' 0""",27.000,1,E
34,Chad Collins,"28' 3""",112.833,4,-1
35,Steve Lowery,"29' 0""",29.000,1,E
35,John Riegger,"29' 0""",116.083,4,+1
37,Mitsuhiro Tateyama,"29' 1""",58.083,2,E
38,WC Liang,"29' 4""",58.583,2,E
39,Briny Baird,"30' 3""",60.500,2,-1
40,K.J. Choi,"31' 6""",63.000,2,E
41,Jason Allred,"32' 3""",96.833,3,+1
42,J.B. Holmes,"32' 9""",32.750,1,E
43,Sean O'Hair,"33' 0""",99.083,3,+1
44,Parker McLachlin,"33' 3""",66.500,2,E
45,Shane Bertsch,"34' 8""",34.667,1,-1
46,Steve Stricker,"37' 8""",37.667,1,E
47,Matt Kuchar,"41' 4""",82.667,2,-1
48,Alejandro Cañizares,"42' 9""",85.500,2,+1
49,Tom Lehman,"45' 9""",91.500,2,+2
50,Dudley Hart,"50' 2""",150.500,3,+4
51,Mark Wilson,"50' 5""",100.750,2,E
52,Steve Marino,"59' 5""",59.417,1,E
53,Martin Laird,"60' 0""",60.000,1,+1
54,Jim McGovern,"66' 10""",200.583,3,E
55,Jeff Maggert,"79' 3""",158.417,2,E
56,J.P. Hayes,"90' 7""",90.583,1,+1
