rank,player,Avg,Total Distance (feet),# of Attempts,Relative to par
1,Stephen Ames,"11' 4""",22.667,2,-1
2,Heath Slocum,"11' 10""",23.667,2,E
3,John Merrick,"12' 1""",36.250,3,E
4,Carl Pettersson,"12' 4""",61.833,5,-3
5,Jay Williamson,"13' 1""",65.417,5,-1
6,Daisuke Maruyama,"14' 6""",72.500,5,-1
7,Troy Matteson,"15' 5""",46.167,3,-1
8,Chez Reavie,"15' 7""",46.750,3,+1
9,Vijay Singh,"16' 5""",131.250,8,-3
10,Chad Campbell,"17' 2""",51.417,3,E
11,Fred Funk,"17' 7""",17.583,1,E
12,Steve Lowery,"17' 10""",53.500,3,E
13,Spencer Levin,"18' 11""",75.750,4,-1
14,Jesper Parnevik,"19' 0""",57.083,3,E
15,Steve Stricker,"19' 1""",76.417,4,-3
16,Vaughn Taylor,"19' 8""",59.083,3,E
17,Yusaku Miyazato,"19' 11""",119.583,6,E
18,Scott Sterling,"20' 8""",20.667,1,E
19,Brad Adamonis,"21' 10""",109.000,5,E
19,Daniel Chopra,"21' 10""",152.917,7,E
21,Kevin Streelman,"23' 1""",92.167,4,E
22,John Mallinger,"23' 2""",162.167,7,E
23,Rory Sabbatini,"23' 3""",116.250,5,+2
24,Paul Azinger,"23' 4""",163.250,7,+4
25,Kevin Na,"23' 11""",95.583,4,E
26,WC Liang,"24' 1""",120.250,5,-1
27,Mark Calcavecchia,"24' 5""",97.750,4,+2
28,Jason Allred,"24' 8""",172.583,7,+1
29,Shigeki Maruyama,"24' 10""",173.917,7,+3
30,Jimmy Walker,"25' 5""",76.333,3,E
31,John Riegger,"25' 11""",129.417,5,E
32,K.J. Choi,"26' 1""",130.333,5,E
33,George McNeill,"26' 4""",105.417,4,-1
34,Steve Marino,"26' 6""",79.417,3,-1
35,Mark Wilson,"26' 10""",160.750,6,E
36,Tom Pernice Jr.,"27' 1""",108.417,4,-1
37,Chad Collins,"27' 6""",165.083,6,E
38,Brian Gay,"27' 8""",138.417,5,-1
39,Tim Wilkinson,"27' 11""",83.750,3,E
40,Kiyoshi Miyazato,"28' 2""",56.333,2,E
41,Briny Baird,"29' 0""",202.750,7,+1
42,Sean O'Hair,"29' 5""",235.500,8,+3
43,Alejandro Cañizares,"30' 1""",90.333,3,E
43,Zach Johnson,"30' 1""",120.417,4,E
45,Doug LaBelle II,"30' 8""",91.917,3,+1
46,Parker McLachlin,"31' 5""",94.333,3,E
46,Mitsuhiro Tateyama,"31' 5""",251.083,8,E
48,Matt Kuchar,"31' 9""",126.917,4,E
49,James Driscoll,"32' 11""",296.500,9,+1
50,Matt Jones,"33' 2""",132.667,4,+1
51,Shane Bertsch,"34' 8""",34.667,1,-1
52,Dustin Johnson,"34' 11""",244.667,7,+1
53,J.B. Holmes,"35' 0""",140.083,4,+1
54,Cameron Beckman,"35' 6""",71.000,2,E
55,Robert Gamez,"37' 6""",150.000,4,+1
56,Dudley Hart,"39' 5""",236.333,6,+6
57,Bubba Watson,"40' 5""",363.417,9,+1
58,Patrick Sheehan,"40' 6""",161.833,4,+5
59,Pat Perez,"40' 9""",81.500,2,-1
60,Bob Estes,"45' 9""",137.167,3,E
60,Tom Lehman,"45' 9""",91.500,2,+2
62,Martin Laird,"53' 1""",159.250,3,+2
63,J.P. Hayes,"54' 4""",108.583,2,+1
64,Jim McGovern,"58' 8""",234.583,4,E
65,Y.E. Yang,"65' 7""",131.083,2,E
66,Jeff Maggert,"69' 3""",207.750,3,E
