rank,player,Avg,Total Distance (feet),# of Attempts,Relative to par
1,John Mallinger,"3' 1""",3.083,1,-1
2,Spencer Levin,"5' 11""",5.917,1,-1
3,Jason Allred,"6' 11""",6.917,1,E
4,Vijay Singh,"8' 4""",25.083,3,-2
5,Dudley Hart,"9' 0""",9.000,1,+1
6,Chez Reavie,"9' 9""",9.750,1,+1
7,Steve Marino,"10' 0""",20.000,2,-1
8,Troy Matteson,"10' 10""",21.667,2,-1
8,Carl Pettersson,"10' 10""",32.500,3,-1
10,George McNeill,"11' 0""",22.000,2,E
10,Mitsuhiro Tateyama,"11' 0""",22.000,2,E
12,Daisuke Maruyama,"11' 6""",11.500,1,E
13,WC Liang,"12' 2""",12.167,1,-1
14,John Riegger,"13' 4""",13.333,1,-1
15,Vaughn Taylor,"13' 6""",13.500,1,E
16,K.J. Choi,"13' 7""",13.583,1,E
17,John Merrick,"13' 10""",27.583,2,E
18,Briny Baird,"14' 3""",14.250,1,-1
19,Jay Williamson,"14' 5""",28.833,2,-1
20,Yusaku Miyazato,"15' 4""",46.083,3,+1
21,Shigeki Maruyama,"16' 0""",16.000,1,E
22,Daniel Chopra,"16' 3""",32.500,2,+1
23,Mark Calcavecchia,"17' 0""",17.000,1,E
23,Mark Wilson,"17' 0""",33.917,2,+1
25,Steve Stricker,"17' 3""",34.500,2,-2
26,Brad Adamonis,"17' 5""",52.250,3,E
27,J.P. Hayes,"18' 0""",18.000,1,E
28,Matt Kuchar,"22' 2""",44.250,2,+1
29,Doug LaBelle II,"23' 0""",23.000,1,+1
30,Tim Wilkinson,"23' 4""",46.583,2,-1
31,Sean O'Hair,"23' 7""",94.333,4,+2
32,Chad Collins,"23' 10""",23.833,1,E
33,Paul Azinger,"24' 4""",97.167,4,+3
34,Pat Perez,"25' 0""",25.000,1,-1
35,Rory Sabbatini,"25' 9""",51.500,2,+1
36,Kevin Na,"27' 9""",55.417,2,+1
37,Kevin Streelman,"31' 3""",31.250,1,E
38,Kiyoshi Miyazato,"33' 2""",33.167,1,E
39,Matt Jones,"45' 4""",90.583,2,+2
40,J.B. Holmes,"46' 0""",91.917,2,+1
41,James Driscoll,"46' 5""",139.250,3,+1
42,Jeff Maggert,"49' 4""",49.333,1,E
43,Patrick Sheehan,"49' 6""",98.917,2,+2
44,Bubba Watson,"56' 10""",170.417,3,+1
45,Martin Laird,"76' 4""",76.333,1,E
46,Robert Gamez,"89' 1""",89.083,1,+2
