rank,player,Avg,Total Distance (feet),# of Attempts,Relative to par
1,Steve Stricker,"4' 3""",4.250,1,-1
2,Alejandro Cañizares,"4' 10""",4.833,1,-1
3,Jay Williamson,"5' 8""",5.667,1,E
4,Heath Slocum,"10' 0""",10.000,1,E
5,Steve Lowery,"12' 3""",24.500,2,E
6,Mark Wilson,"13' 1""",26.083,2,-1
7,J.B. Holmes,"15' 5""",15.417,1,E
8,Kevin Streelman,"17' 0""",17.000,1,E
9,Fred Funk,"17' 7""",17.583,1,E
10,Carl Pettersson,"18' 2""",18.167,1,-1
11,Kevin Na,"20' 1""",40.167,2,-1
12,Robert Gamez,"20' 4""",60.917,3,-1
13,Chez Reavie,"20' 8""",20.667,1,E
13,Scott Sterling,"20' 8""",20.667,1,E
15,Rory Sabbatini,"21' 2""",21.167,1,E
16,Jason Allred,"22' 11""",68.833,3,E
16,Martin Laird,"22' 11""",22.917,1,+1
18,Kiyoshi Miyazato,"23' 2""",23.167,1,E
19,Daniel Chopra,"23' 4""",93.417,4,-1
20,Vaughn Taylor,"23' 7""",23.583,1,E
21,Troy Matteson,"24' 6""",24.500,1,E
22,WC Liang,"24' 9""",49.500,2,E
23,Shigeki Maruyama,"26' 5""",105.667,4,+1
24,K.J. Choi,"26' 11""",53.750,2,E
25,Jesper Parnevik,"27' 2""",27.167,1,+1
26,Parker McLachlin,"27' 10""",27.833,1,E
27,Chad Collins,"28' 5""",28.417,1,+1
28,Spencer Levin,"28' 9""",57.500,2,E
29,Vijay Singh,"30' 4""",91.083,3,E
30,Patrick Sheehan,"31' 6""",62.917,2,+3
31,James Driscoll,"31' 7""",94.667,3,E
32,Briny Baird,"32' 0""",128.000,4,+3
33,John Mallinger,"32' 5""",64.750,2,E
34,Yusaku Miyazato,"33' 5""",66.833,2,E
35,Paul Azinger,"33' 8""",33.667,1,+1
36,Brian Gay,"33' 10""",135.167,4,E
37,Jim McGovern,"34' 0""",34.000,1,E
38,Bubba Watson,"35' 7""",142.333,4,E
39,Tim Wilkinson,"37' 2""",37.167,1,+1
40,Dudley Hart,"38' 5""",76.833,2,+1
41,Dustin Johnson,"41' 1""",205.250,5,E
42,Sean O'Hair,"42' 1""",42.083,1,E
43,Mitsuhiro Tateyama,"42' 9""",171.000,4,E
44,Zach Johnson,"45' 3""",90.417,2,E
45,Mark Calcavecchia,"48' 4""",48.333,1,+1
46,Tom Pernice Jr.,"49' 8""",49.667,1,E
47,Doug LaBelle II,"50' 0""",50.000,1,E
48,Brad Adamonis,"50' 6""",50.500,1,+1
49,Cameron Beckman,"52' 1""",52.083,1,E
50,Bob Estes,"55' 10""",111.667,2,E
51,Pat Perez,"56' 6""",56.500,1,E
52,Y.E. Yang,"65' 7""",131.083,2,E
53,George McNeill,"81' 0""",81.000,1,E
