rank,player,Avg,Total Putts,Total Rounds
1,Jason Bohn,28.00,28,1
1,Mark Calcavecchia,28.00,28,1
1,K.J. Choi,28.00,28,1
1,"Wes Short, Jr.",28.00,28,1
5,Stuart Appleby,29.00,29,1
5,Michael Campbell,29.00,29,1
7,Olin Browne,30.00,30,1
7,Ben Crane,30.00,30,1
7,Tim Petrovic,30.00,30,1
7,Vijay Singh,30.00,30,1
11,Brad Faxon,31.00,31,1
11,Robert Gamez,31.00,31,1
11,Lucas Glover,31.00,31,1
11,Sean O'Hair,31.00,31,1
11,Geoff Ogilvy,31.00,31,1
11,David Toms,31.00,31,1
17,Bart Bryant,32.00,32,1
17,Justin Leonard,32.00,32,1
17,Peter Lonard,32.00,32,1
17,Ted Purdy,32.00,32,1
17,Vaughn Taylor,32.00,32,1
22,Jim Furyk,33.00,33,1
22,Jason Gore,33.00,33,1
24,Sergio Garcia,34.00,34,1
24,Heath Slocum,34.00,34,1
26,Kenny Perry,35.00,35,1
26,Carl Pettersson,35.00,35,1
28,Fred Funk,37.00,37,1
