rank,player,Avg,Total Putts,Total Rounds
1,Vijay Singh,27.00,27,1
2,Stuart Appleby,28.00,28,1
2,Peter Lonard,28.00,28,1
2,Kenny Perry,28.00,28,1
5,Bart Bryant,29.00,29,1
6,Ben Crane,30.00,30,1
6,Justin Leonard,30.00,30,1
6,Tim Petrovic,30.00,30,1
9,Robert Gamez,31.00,31,1
9,Sean O'Hair,31.00,31,1
9,"Wes Short, Jr.",31.00,31,1
12,Michael Campbell,32.00,32,1
12,Brad Faxon,32.00,32,1
12,Fred Funk,32.00,32,1
12,Sergio Garcia,32.00,32,1
12,Lucas Glover,32.00,32,1
12,Vaughn Taylor,32.00,32,1
18,Olin Browne,33.00,33,1
18,Jim Furyk,33.00,33,1
18,Geoff Ogilvy,33.00,33,1
18,Ted Purdy,33.00,33,1
18,Heath Slocum,33.00,33,1
18,David Toms,33.00,33,1
24,Jason Bohn,34.00,34,1
24,K.J. Choi,34.00,34,1
24,Jason Gore,34.00,34,1
27,Carl Pettersson,35.00,35,1
28,Mark Calcavecchia,36.00,36,1
