rank,player,Avg,Total Putts,Total Rounds
1,Brad Faxon,27.00,27,1
1,Lucas Glover,27.00,27,1
3,K.J. Choi,28.00,28,1
3,Justin Leonard,28.00,28,1
3,Tim Petrovic,28.00,28,1
6,Michael Campbell,29.00,29,1
6,Robert Gamez,29.00,29,1
6,Sergio Garcia,29.00,29,1
9,Mark Calcavecchia,30.00,30,1
9,Fred Funk,30.00,30,1
9,Jim Furyk,30.00,30,1
9,Peter Lonard,30.00,30,1
9,Geoff Ogilvy,30.00,30,1
14,Stuart Appleby,31.00,31,1
14,Carl Pettersson,31.00,31,1
16,Olin Browne,32.00,32,1
16,Ben Crane,32.00,32,1
16,Jason Gore,32.00,32,1
16,Vaughn Taylor,32.00,32,1
20,"Wes Short, Jr.",33.00,33,1
21,Sean O'Hair,34.00,34,1
21,Ted Purdy,34.00,34,1
21,Vijay Singh,34.00,34,1
21,David Toms,34.00,34,1
25,Jason Bohn,35.00,35,1
25,Kenny Perry,35.00,35,1
25,Heath Slocum,35.00,35,1
28,Bart Bryant,36.00,36,1
