rank,player,Avg,Total 3 Putts,Total Rounds
1,Heath Slocum,2.25,9,4
2,Jason Bohn,1.75,7,4
2,Sean O'Hair,1.75,7,4
4,Fred Funk,1.50,6,4
4,Sergio Garcia,1.50,6,4
4,Jason Gore,1.50,6,4
4,Geoff Ogilvy,1.50,6,4
4,Kenny Perry,1.50,6,4
4,Carl Pettersson,1.50,6,4
4,Vaughn Taylor,1.50,6,4
11,Mark Calcavecchia,1.25,5,4
12,Stuart Appleby,1.00,4,4
12,Ben Crane,1.00,4,4
12,Brad Faxon,1.00,4,4
12,Robert Gamez,1.00,4,4
12,Peter Lonard,1.00,4,4
12,Ted Purdy,1.00,4,4
12,"Wes Short, Jr.",1.00,4,4
19,Olin Browne,.75,3,4
19,Bart Bryant,.75,3,4
19,Tim Petrovic,.75,3,4
19,Vijay Singh,.75,3,4
19,David Toms,.75,3,4
24,Michael Campbell,.50,2,4
24,K.J. Choi,.50,2,4
24,Lucas Glover,.50,2,4
27,Justin Leonard,.25,1,4
