rank,player,Avg,Total 2 Putts,Total Rounds
1,Bart Bryant,13.25,53,4
2,Jim Furyk,13.00,52,4
3,Jason Gore,12.50,50,4
3,Ted Purdy,12.50,50,4
5,David Toms,12.25,49,4
6,Fred Funk,11.75,47,4
6,Justin Leonard,11.75,47,4
8,Carl Pettersson,11.50,46,4
8,"Wes Short, Jr.",11.50,46,4
10,K.J. Choi,11.25,45,4
10,Kenny Perry,11.25,45,4
10,Vijay Singh,11.25,45,4
10,Heath Slocum,11.25,45,4
14,Olin Browne,11.00,44,4
14,Michael Campbell,11.00,44,4
14,Lucas Glover,11.00,44,4
14,Vaughn Taylor,11.00,44,4
18,Sean O'Hair,10.75,43,4
18,Geoff Ogilvy,10.75,43,4
20,Robert Gamez,10.50,42,4
20,Peter Lonard,10.50,42,4
22,Mark Calcavecchia,10.25,41,4
22,Tim Petrovic,10.25,41,4
24,Jason Bohn,10.00,40,4
24,Sergio Garcia,10.00,40,4
26,Brad Faxon,9.75,39,4
27,Stuart Appleby,9.50,38,4
28,Ben Crane,9.00,36,4
