rank,player,Avg,Total Putts,Total Rounds
1,Olin Browne,26.00,26,1
2,Ben Crane,27.00,27,1
3,Brad Faxon,28.00,28,1
3,Jim Furyk,28.00,28,1
5,Stuart Appleby,29.00,29,1
5,Jason Bohn,29.00,29,1
5,Mark Calcavecchia,29.00,29,1
5,Sergio Garcia,29.00,29,1
5,David Toms,29.00,29,1
10,Michael Campbell,30.00,30,1
10,Tim Petrovic,30.00,30,1
12,K.J. Choi,31.00,31,1
12,Robert Gamez,31.00,31,1
12,Justin Leonard,31.00,31,1
12,Peter Lonard,31.00,31,1
12,Kenny Perry,31.00,31,1
12,Carl Pettersson,31.00,31,1
12,Vaughn Taylor,31.00,31,1
19,Fred Funk,32.00,32,1
19,Lucas Glover,32.00,32,1
19,Vijay Singh,32.00,32,1
19,Heath Slocum,32.00,32,1
23,Sean O'Hair,33.00,33,1
23,Geoff Ogilvy,33.00,33,1
23,"Wes Short, Jr.",33.00,33,1
26,Bart Bryant,34.00,34,1
26,Ted Purdy,34.00,34,1
28,Jason Gore,35.00,35,1
