rank,player,Avg (Yards),Total Distance (inches),Number of Approach Shots
1,Arjun Atwal,133.5,"38,458,000",8
2,Tim Clark,135.9,"34,252,000",7
3,Matt Bettencourt,138.2,"19,905,000",4
4,Rocco Mediate,138.5,"74,792,000",15
5,Ryan Palmer,138.6,"24,953,000",5
6,Graeme McDowell,140.2,"15,140,000",3
7,Stuart Appleby,144.9,"62,590,000",12
8,Adam Scott,147.1,"47,670,000",9
9,Ben Crane,147.4,"42,443,000",8
10,Carl Pettersson,152.5,"38,423,000",7
11,Jason Bohn,152.9,"55,045,000",10
11,Bill Lunde,152.9,"22,013,000",4
13,Derek Lamely,154.0,"83,173,000",15
14,Jim Furyk,158.6,"22,837,000",4
15,Jason Day,166.1,"29,897,000",5
16,Hunter Mahan,168.4,"60,614,000",10
17,Robert Garrigus,171.0,"30,779,000",5
18,Cameron Beckman,171.5,"49,393,000",8
19,Bubba Watson,173.3,"62,389,000",10
20,Ian Poulter,173.6,"50,000,000",8
21,Steve Stricker,177.0,"25,493,000",4
22,Charley Hoffman,178.8,"38,628,000",6
23,Justin Rose,179.1,"38,690,000",6
24,Dustin Johnson,179.3,"38,718,000",6
25,Bill Haas,180.0,"25,927,000",4
26,Matt Kuchar,183.9,"39,732,000",6
27,Anthony Kim,184.8,"46,580,000",7
28,Jonathan Byrd,191.4,"20,672,000",3
29,Heath Slocum,195.0,"63,169,000",9
30,Zach Johnson,196.5,"49,529,000",7
31,Ernie Els,209.1,"60,229,000",8
32,Francesco Molinari,213.4,"69,136,000",9
