rank,player,Avg,Total Dist after Tee Shot,Total Tee Shots
1,Dustin Johnson,138.3,"283,781.000",57
2,Bubba Watson,143.1,"288,395.000",56
3,Robert Garrigus,145.5,"314,278.000",60
4,Ryan Palmer,156.1,"337,204.000",60
5,Charley Hoffman,156.6,"326,979.000",58
6,Anthony Kim,157.5,"340,264.000",60
7,Justin Rose,158.3,"342,004.000",60
8,Hunter Mahan,159.0,"337,699.000",59
9,Jason Day,159.6,"339,050.000",59
10,Adam Scott,160.1,"345,891.000",60
11,Bill Haas,160.5,"340,857.000",59
12,Graeme McDowell,160.8,"347,247.000",60
13,Derek Lamely,161.7,"337,728.000",58
14,Matt Kuchar,162.1,"344,389.000",59
15,Arjun Atwal,162.6,"345,430.000",59
16,Matt Bettencourt,162.8,"345,698.000",59
17,Bill Lunde,162.9,"351,858.000",60
18,Stuart Appleby,163.5,"341,374.000",58
19,Ernie Els,164.1,"354,412.000",60
20,Jonathan Byrd,164.6,"355,506.000",60
21,Carl Pettersson,165.0,"350,395.000",59
22,Jason Bohn,169.2,"353,349.000",58
23,Tim Clark,169.5,"366,134.000",60
24,Heath Slocum,169.8,"366,778.000",60
25,Ian Poulter,171.8,"364,895.000",59
26,Cameron Beckman,172.1,"371,728.000",60
27,Steve Stricker,174.0,"375,818.000",60
28,Jim Furyk,174.3,"376,462.000",60
29,Francesco Molinari,174.5,"376,828.000",60
30,Zach Johnson,176.6,"375,162.000",59
31,Ben Crane,177.4,"383,176.000",60
32,Rocco Mediate,177.7,"383,841.000",60
