rank,player,Avg (Yards),Total Distance (inches),Number of Approach Shots
1,Rocco Mediate,145.2,"209,062,000",40
2,Jonathan Byrd,146.7,"227,166,000",43
3,Bill Haas,147.6,"265,596,000",50
4,Heath Slocum,148.9,"252,016,000",47
5,Bill Lunde,152.6,"280,212,000",51
6,Tim Clark,154.3,"249,997,000",45
7,Hunter Mahan,154.7,"233,864,000",42
8,Matt Bettencourt,156.3,"281,333,000",50
9,Francesco Molinari,157.7,"232,795,000",41
10,Ernie Els,158.0,"261,568,000",46
11,Jim Furyk,158.5,"273,913,000",48
12,Ian Poulter,160.6,"225,472,000",39
13,Justin Rose,161.5,"244,115,000",42
14,Cameron Beckman,161.8,"250,455,000",43
15,Ben Crane,161.9,"256,494,000",44
16,Adam Scott,162.4,"245,526,000",42
17,Derek Lamely,162.7,"240,135,000",41
18,Charley Hoffman,163.2,"246,775,000",42
19,Jason Bohn,163.3,"258,599,000",44
20,Zach Johnson,164.3,"266,138,000",45
21,Carl Pettersson,166.1,"233,208,000",39
22,Graeme McDowell,166.6,"245,922,000",41
22,Steve Stricker,166.6,"263,908,000",44
24,Jason Day,167.0,"264,566,000",44
25,Ryan Palmer,167.2,"300,873,000",50
26,Arjun Atwal,167.4,"253,172,000",42
27,Matt Kuchar,167.7,"253,525,000",42
28,Dustin Johnson,168.2,"230,153,000",38
29,Bubba Watson,169.1,"219,145,000",36
30,Anthony Kim,173.9,"281,654,000",45
31,Stuart Appleby,176.2,"260,123,000",41
32,Robert Garrigus,186.3,"261,546,000",39
