rank,player,Birdie to Bogey Ratio,Total Birdies and Better,Total Bogeys and Worse
1,Jim Furyk,5.67,17,3
2,Stephen Ames,5.25,21,4
3,Vijay Singh,4.67,14,3
4,Daniel Chopra,4.60,23,5
4,Steve Stricker,4.60,23,5
6,Nick Watney,4.50,18,4
7,Mike Weir,4.00,20,5
8,Justin Leonard,3.60,18,5
9,Chad Campbell,3.17,19,6
9,Charles Howell III,3.17,19,6
9,Hunter Mahan,3.17,19,6
12,Aaron Baddeley,2.83,17,6
13,Ángel Cabrera,2.50,20,8
14,Brandt Snedeker,2.44,22,9
15,Jonathan Byrd,2.43,17,7
16,Mark Calcavecchia,2.33,21,9
17,Rory Sabbatini,2.11,19,9
18,Scott Verplank,2.00,16,8
19,Zach Johnson,1.75,14,8
20,Steve Flesch,1.70,17,10
21,Woody Austin,1.67,15,9
22,Charley Hoffman,1.63,13,8
23,Brian Bateman,1.55,17,11
24,George McNeill,1.42,17,12
25,Fred Funk,1.30,13,10
26,Mark Wilson,1.20,12,10
27,K.J. Choi,1.17,14,12
28,Boo Weekley,1.14,16,14
29,Henrik Stenson,1.08,13,12
30,Paul Goydos,.93,13,14
31,Joe Ogilvie,.85,11,13
