rank,player,Average Bogeys per round,Total Bogeys,Rounds Played
1,Jim Furyk,.75,3,4
1,Vijay Singh,.75,3,4
3,Stephen Ames,1.00,4,4
3,Steve Stricker,1.00,4,4
3,Nick Watney,1.00,4,4
6,Chad Campbell,1.25,5,4
6,Daniel Chopra,1.25,5,4
6,Charles Howell III,1.25,5,4
6,Justin Leonard,1.25,5,4
6,Mike Weir,1.25,5,4
11,Aaron Baddeley,1.50,6,4
11,Ángel Cabrera,1.50,6,4
11,Hunter Mahan,1.50,6,4
11,Scott Verplank,1.50,6,4
15,Jonathan Byrd,1.75,7,4
15,Zach Johnson,1.75,7,4
17,Mark Calcavecchia,2.00,8,4
17,Charley Hoffman,2.00,8,4
17,Rory Sabbatini,2.00,8,4
17,Brandt Snedeker,2.00,8,4
21,Woody Austin,2.25,9,4
21,Brian Bateman,2.25,9,4
21,Steve Flesch,2.25,9,4
21,Fred Funk,2.25,9,4
21,Mark Wilson,2.25,9,4
26,K.J. Choi,2.50,10,4
26,George McNeill,2.50,10,4
28,Joe Ogilvie,2.75,11,4
28,Henrik Stenson,2.75,11,4
30,Paul Goydos,3.25,13,4
31,Boo Weekley,3.50,14,4
