rank,player,% Makes Bogey,Bogeys,Holes Played
1,Jim Furyk,4.17,3,72
1,Vijay Singh,4.17,3,72
3,Stephen Ames,5.56,4,72
3,Nick Watney,5.56,4,72
5,Daniel Chopra,6.94,5,72
5,Justin Leonard,6.94,5,72
5,Steve Stricker,6.94,5,72
5,Mike Weir,6.94,5,72
9,Aaron Baddeley,8.33,6,72
9,Chad Campbell,8.33,6,72
9,Charles Howell III,8.33,6,72
9,Hunter Mahan,8.33,6,72
13,Jonathan Byrd,9.72,7,72
14,Ángel Cabrera,11.11,8,72
14,Charley Hoffman,11.11,8,72
14,Zach Johnson,11.11,8,72
14,Scott Verplank,11.11,8,72
18,Woody Austin,12.50,9,72
18,Mark Calcavecchia,12.50,9,72
18,Rory Sabbatini,12.50,9,72
18,Brandt Snedeker,12.50,9,72
22,Steve Flesch,13.89,10,72
22,Fred Funk,13.89,10,72
22,Mark Wilson,13.89,10,72
25,Brian Bateman,15.28,11,72
26,K.J. Choi,16.67,12,72
26,George McNeill,16.67,12,72
26,Henrik Stenson,16.67,12,72
29,Joe Ogilvie,18.06,13,72
30,Paul Goydos,19.44,14,72
30,Boo Weekley,19.44,14,72
