rank,player,% under then over par,Total under then over Par,Under Par
1,Aaron Baddeley,.00,0,17
1,Jim Furyk,.00,0,15
1,Zach Johnson,.00,0,14
1,Justin Leonard,.00,0,17
1,Hunter Mahan,.00,0,17
1,Henrik Stenson,.00,0,13
1,Steve Stricker,.00,0,22
1,Nick Watney,.00,0,16
1,Mike Weir,.00,0,17
10,Stephen Ames,5.56,1,18
10,Rory Sabbatini,5.56,1,18
12,George McNeill,5.88,1,17
13,Boo Weekley,7.14,1,14
14,Vijay Singh,7.69,1,13
15,Fred Funk,8.33,1,12
16,Daniel Chopra,9.09,2,22
16,Mark Wilson,9.09,1,11
18,Joe Ogilvie,10.00,1,10
19,Ángel Cabrera,11.11,2,18
19,Chad Campbell,11.11,2,18
19,Charles Howell III,11.11,2,18
22,Scott Verplank,13.33,2,15
23,Brandt Snedeker,14.29,3,21
24,K.J. Choi,15.38,2,13
24,Charley Hoffman,15.38,2,13
26,Mark Calcavecchia,15.79,3,19
27,Brian Bateman,21.43,3,14
28,Steve Flesch,25.00,4,16
28,Paul Goydos,25.00,3,12
30,Jonathan Byrd,28.57,4,14
31,Woody Austin,30.77,4,13
