rank,player,Avg,Total Distance (feet),# of Attempts,Relative to par
1,Pat Bates,"3' 4""",3.333,1,E
2,Russ Cochran,"5' 2""",5.167,1,E
3,Shaun Micheel,"7' 5""",14.833,2,-2
4,Briny Baird,"8' 11""",8.917,1,+2
5,John Riegger,"9' 8""",29.083,3,-1
6,D.J. Brigman,"9' 9""",19.417,2,E
7,Craig Bowden,"11' 5""",11.417,1,-1
8,Cameron Beckman,"11' 10""",23.667,2,E
9,Duffy Waldorf,"12' 1""",48.417,4,-1
10,Aaron Baddeley,"12' 8""",63.167,5,-2
11,Carlos Franco,"13' 4""",53.417,4,+2
12,Pat Perez,"13' 5""",26.833,2,-1
13,Jonathan Byrd,"13' 6""",54.083,4,-1
14,Ernie Els,"14' 1""",56.250,4,-1
15,Richard Johnson,"14' 2""",28.250,2,-1
16,Paul Azinger,"14' 10""",44.583,3,-2
17,Arjun Atwal,"15' 4""",30.583,2,E
18,Brenden Pappas,"15' 5""",30.833,2,E
19,Jesper Parnevik,"15' 7""",62.250,4,E
20,David Ishii,"16' 0""",64.083,4,E
21,Hidemichi Tanaka,"16' 5""",82.250,5,E
22,Retief Goosen,"16' 6""",49.500,3,E
23,Ryan Palmer,"16' 9""",33.417,2,+1
24,Corey Pavin,"16' 11""",50.750,3,-2
25,Loren Roberts,"17' 0""",33.917,2,-1
26,Kevin Na,"17' 2""",85.917,5,E
27,Tjaart van der Walt,"17' 3""",34.500,2,+1
28,Robert Gamez,"17' 7""",88.000,5,+1
28,Bobby Kalinowski,"17' 7""",70.333,4,E
30,Stephen Ames,"17' 9""",35.417,2,E
31,Harrison Frazar,"18' 0""",36.000,2,-1
32,Tom Carter,"18' 2""",36.333,2,E
33,John Senden,"18' 3""",18.250,1,E
34,Chris Riley,"18' 11""",75.583,4,E
35,Joe Durant,"19' 2""",76.750,4,E
36,Ken Duke,"19' 3""",134.583,7,E
37,Michael Allen,"20' 8""",41.250,2,E
37,Omar Uresti,"20' 8""",61.917,3,E
39,Ted Purdy,"20' 11""",20.917,1,+1
40,Heath Slocum,"21' 0""",63.083,3,+2
41,Brent Geiberger,"21' 2""",84.500,4,+4
42,Vijay Singh,"21' 10""",43.583,2,+1
43,Bob Burns,"22' 3""",89.083,4,+2
44,Tommy Armour III,"22' 9""",45.500,2,E
45,Jerry Kelly,"23' 3""",46.500,2,E
46,Todd Fischer,"24' 0""",120.000,5,+1
47,John Huston,"25' 4""",126.583,5,-1
48,Danny Briggs,"25' 9""",103.000,4,-1
49,Hideto Tanihara,"25' 10""",103.417,4,+1
50,Charles Howell III,"26' 4""",79.083,3,+1
51,Jonathan Kaye,"27' 0""",107.917,4,+1
52,Lucas Glover,"27' 1""",108.167,4,+2
53,Brad Lardon,"27' 4""",27.333,1,E
54,Tim Herron,"28' 3""",141.250,5,+2
55,Kenichi Kuboya,"28' 4""",56.667,2,+1
56,Davis Love III,"28' 5""",85.167,3,E
57,Woody Austin,"28' 11""",28.917,1,E
58,Frank Lickliter II,"29' 1""",29.083,1,E
59,Andre Stolz,"30' 10""",184.917,6,+5
60,Steve Allan,"30' 11""",154.667,5,+1
61,Ben Crane,"32' 8""",65.333,2,E
61,John Maginnes,"32' 8""",130.583,4,+3
63,Bart Bryant,"33' 8""",101.083,3,E
63,Rod Pampling,"33' 8""",168.167,5,+2
65,Jason Bohn,"42' 3""",126.667,3,E
66,Shigeki Maruyama,"46' 0""",184.083,4,E
67,Joe Ogilvie,"46' 6""",139.500,3,E
68,Brian Gay,"46' 10""",187.250,4,+1
69,Fred Funk,"47' 2""",47.167,1,E
70,Scott Simpson,"47' 9""",190.917,4,E
71,Jeff Brehaut,"54' 7""",109.167,2,+3
72,Olin Browne,"59' 5""",118.833,2,+3
73,Luke Donald,"60' 11""",121.833,2,+1
