rank,player,Avg,Total Distance (feet),# of Attempts,Relative to par
1,Ryan Palmer,"14' 11""",14.917,1,-1
2,Kevin Na,"28' 8""",28.667,1,-2
3,Pat Perez,"32' 0""",32.000,1,-1
4,D.J. Brigman,"38' 3""",38.250,1,-1
5,Frank Lickliter II,"65' 2""",65.167,1,-1
6,Jason Bohn,"67' 10""",67.833,1,-1
7,Jesper Parnevik,"72' 1""",72.083,1,E
8,Lucas Glover,"74' 10""",74.833,1,E
9,Mark Hensby,"80' 6""",161.000,2,-2
10,Ben Crane,"89' 3""",89.250,1,-1
11,Tjaart van der Walt,"95' 8""",95.667,1,E
12,Bart Bryant,"98' 4""",196.667,2,-1
13,Michael Allen,"106' 7""",106.583,1,-1
14,Vijay Singh,"109' 5""",109.417,1,E
15,David Ishii,"118' 4""",118.333,1,E
16,Olin Browne,"134' 4""",134.333,1,E
17,Brent Geiberger,"135' 8""",135.667,1,+1
18,Steve Allan,"142' 1""",142.083,1,E
19,Corey Pavin,"207' 3""",207.250,1,E
