rank,player,Avg,Total Distance (feet),# of Attempts,Relative to par
1,Luke Donald,"23' 2""",23.167,1,-2
2,Bobby Kalinowski,"31' 9""",31.750,1,E
3,John Maginnes,"37' 1""",37.083,1,E
4,Frank Lickliter II,"37' 4""",37.333,1,-1
5,Danny Briggs,"37' 7""",37.583,1,-1
6,Chris Riley,"40' 2""",120.500,3,-2
7,Richard Johnson,"47' 11""",47.917,1,+1
8,Omar Uresti,"50' 10""",50.833,1,E
9,Shigeki Maruyama,"51' 9""",155.333,3,E
10,Aaron Baddeley,"52' 11""",52.917,1,-1
11,Craig Bowden,"53' 4""",106.583,2,E
12,Steve Allan,"54' 9""",109.417,2,-2
13,Corey Pavin,"56' 3""",56.250,1,E
14,Scott Simpson,"58' 2""",174.417,3,-1
15,Jeff Brehaut,"58' 6""",117.000,2,E
16,Jonathan Byrd,"59' 7""",59.583,1,-1
17,Brad Lardon,"62' 8""",125.333,2,E
18,Ernie Els,"63' 3""",63.250,1,E
19,Ted Purdy,"64' 1""",128.083,2,-2
20,Kevin Na,"65' 1""",130.167,2,E
21,Kenichi Kuboya,"66' 1""",132.167,2,E
22,Mark Hensby,"66' 2""",66.167,1,+1
23,Paul Azinger,"66' 6""",133.000,2,E
24,David Ishii,"66' 10""",200.500,3,E
25,Jason Dufner,"75' 3""",150.500,2,-1
26,Davis Love III,"77' 1""",77.083,1,-1
27,Pat Bates,"80' 6""",80.500,1,-1
28,D.J. Brigman,"87' 2""",87.167,1,+1
29,Jerry Kelly,"89' 2""",267.583,3,-1
30,Ben Crane,"89' 8""",269.000,3,-1
31,Briny Baird,"90' 1""",90.083,1,E
32,Ken Duke,"91' 0""",91.000,1,E
33,Bo Van Pelt,"98' 2""",196.250,2,E
34,Stephen Ames,"100' 5""",100.417,1,E
35,Fred Funk,"104' 0""",104.000,1,-1
36,Russ Cochran,"119' 9""",119.750,1,-1
37,Loren Roberts,"120' 6""",482.000,4,+1
38,Shaun Micheel,"126' 10""",253.667,2,-1
39,Woody Austin,"151' 3""",151.250,1,E
40,Brent Geiberger,"160' 0""",160.000,1,E
