rank,player,Avg,Total Distance (feet),# of Attempts,Relative to par
1,John Riegger,"4""",.333,1,E
2,Hidemichi Tanaka,"3' 6""",3.500,1,E
3,Joe Ogilvie,"3' 10""",3.833,1,-1
4,Loren Roberts,"5' 8""",5.667,1,-1
5,Ernie Els,"6' 0""",6.000,1,E
6,Ryan Palmer,"6' 8""",6.667,1,E
7,Cameron Beckman,"7' 5""",7.417,1,E
7,Shaun Micheel,"7' 5""",14.833,2,-2
9,Carlos Franco,"8' 8""",8.667,1,E
10,Vijay Singh,"8' 9""",8.750,1,E
11,Briny Baird,"8' 11""",8.917,1,+2
12,Hideto Tanihara,"9' 8""",29.000,3,E
13,D.J. Brigman,"9' 9""",19.417,2,E
14,David Ishii,"10' 8""",21.333,2,+1
15,Jonathan Byrd,"10' 10""",21.583,2,-1
16,Duffy Waldorf,"11' 3""",22.417,2,E
17,Craig Bowden,"11' 5""",11.417,1,-1
18,Ken Duke,"12' 5""",49.583,4,-2
19,Pat Perez,"13' 5""",26.833,2,-1
20,Davis Love III,"14' 1""",14.083,1,E
21,Todd Fischer,"14' 7""",29.167,2,+1
22,Paul Azinger,"14' 10""",44.583,3,-2
23,Lucas Glover,"15' 3""",15.250,1,+1
24,Brenden Pappas,"15' 5""",30.833,2,E
25,Danny Briggs,"15' 9""",31.500,2,-2
26,Michael Allen,"17' 0""",17.000,1,E
27,Jesper Parnevik,"17' 2""",51.417,3,E
28,Bobby Kalinowski,"17' 5""",17.417,1,E
29,Brian Gay,"17' 7""",17.583,1,E
30,Corey Pavin,"17' 8""",35.333,2,-1
31,Stephen Ames,"17' 9""",35.417,2,E
32,Omar Uresti,"17' 11""",17.917,1,+1
33,Harrison Frazar,"18' 0""",36.000,2,-1
34,Aaron Baddeley,"18' 11""",56.750,3,E
35,Kenichi Kuboya,"19' 1""",19.083,1,+1
36,Joe Durant,"19' 7""",39.167,2,E
36,John Huston,"19' 7""",58.750,3,-1
38,Retief Goosen,"19' 10""",39.583,2,E
39,Charles Howell III,"20' 3""",40.500,2,+1
39,Chris Riley,"20' 3""",60.750,3,+1
41,Ted Purdy,"20' 11""",20.917,1,+1
42,Kevin Na,"21' 6""",64.500,3,+1
43,Robert Gamez,"21' 8""",86.583,4,+2
44,Jonathan Kaye,"22' 1""",44.083,2,-1
45,Tommy Armour III,"22' 9""",45.500,2,E
46,Andre Stolz,"23' 9""",94.917,4,+4
47,Tim Herron,"24' 2""",24.167,1,+1
48,Scott Simpson,"24' 7""",73.750,3,E
49,Rod Pampling,"25' 5""",76.167,3,+1
50,Shigeki Maruyama,"25' 8""",77.083,3,E
51,Brent Geiberger,"27' 4""",54.667,2,+1
51,Brad Lardon,"27' 4""",27.333,1,E
53,Frank Lickliter II,"29' 1""",29.083,1,E
54,Arjun Atwal,"29' 4""",29.333,1,E
55,Heath Slocum,"30' 4""",30.333,1,E
56,Ben Crane,"30' 7""",30.583,1,E
57,Bart Bryant,"36' 4""",72.667,2,E
58,Jerry Kelly,"38' 9""",38.750,1,E
59,Jason Bohn,"42' 3""",126.667,3,E
60,Steve Allan,"44' 0""",44.000,1,E
60,John Maginnes,"44' 0""",44.000,1,+2
62,Jeff Brehaut,"54' 7""",109.167,2,+3
63,Olin Browne,"59' 5""",118.833,2,+3
