rank,player,Avg,Total Distance (feet),# of Attempts,Relative to par
1,Vijay Singh,"3' 8""",3.667,1,-1
2,Bart Bryant,"3' 9""",3.750,1,-1
3,Retief Goosen,"4' 0""",4.000,1,-1
4,Harrison Frazar,"4' 8""",4.667,1,-1
5,Brenden Pappas,"5' 3""",5.250,1,-1
6,Ryan Palmer,"5' 10""",5.833,1,+1
7,Jerry Kelly,"6' 8""",6.667,1,-1
8,Davis Love III,"9' 8""",19.250,2,-1
9,Shaun Micheel,"10' 0""",10.000,1,-1
10,Frank Lickliter II,"12' 1""",12.083,1,E
11,Tom Carter,"13' 7""",54.250,4,-2
12,Joe Ogilvie,"16' 2""",32.250,2,E
13,Arjun Atwal,"17' 2""",17.167,1,-1
14,Lucas Glover,"18' 5""",55.333,3,E
15,Pat Bates,"21' 7""",43.083,2,+1
16,Duffy Waldorf,"23' 4""",46.667,2,+1
17,Bo Van Pelt,"25' 2""",25.167,1,E
18,Jesper Parnevik,"25' 3""",25.250,1,E
19,Tjaart van der Walt,"25' 11""",77.750,3,-1
20,Scott Simpson,"27' 3""",27.250,1,E
21,Fred Funk,"27' 7""",27.583,1,E
22,Hideto Tanihara,"27' 8""",27.667,1,E
23,Cameron Beckman,"27' 9""",55.417,2,E
24,Rod Pampling,"28' 7""",28.583,1,E
25,Peter Jacobsen,"28' 8""",28.667,1,E
26,Heath Slocum,"30' 3""",60.500,2,+1
27,Bob Burns,"30' 10""",61.583,2,+2
28,Tommy Armour III,"32' 6""",32.500,1,E
29,John Senden,"33' 3""",66.500,2,E
30,Michael Allen,"34' 0""",101.917,3,E
31,Pat Perez,"35' 11""",143.667,4,E
32,John Huston,"36' 5""",36.417,1,E
33,Bobby Kalinowski,"37' 0""",111.000,3,-1
34,Kenichi Kuboya,"37' 1""",37.083,1,E
35,Stephen Ames,"37' 3""",37.250,1,E
36,Craig Barlow,"41' 0""",41.000,1,E
37,Jason Dufner,"44' 2""",88.333,2,+1
38,Carlos Franco,"45' 5""",45.417,1,+1
39,Ben Crane,"46' 8""",46.667,1,+1
40,Jonathan Kaye,"48' 9""",48.750,1,E
41,Craig Bowden,"49' 7""",99.083,2,+1
42,Robert Gamez,"49' 10""",99.667,2,+2
43,Chris Riley,"51' 3""",51.250,1,+2
44,John Riegger,"54' 10""",219.417,4,+1
45,Richard Johnson,"63' 2""",63.167,1,+1
46,Loren Roberts,"102' 3""",102.250,1,+1
