rank,player,Avg,Total Distance (feet),# of Attempts,Relative to par
1,Hidemichi Tanaka,"10' 10""",21.667,2,-1
2,Todd Fischer,"11' 11""",23.750,2,-1
3,Russ Cochran,"13' 4""",13.333,1,E
4,Harrison Frazar,"15' 5""",46.167,3,-2
5,Brad Lardon,"18' 6""",92.583,5,-2
5,Heath Slocum,"18' 6""",55.500,3,E
7,Woody Austin,"19' 0""",113.917,6,E
8,Brent Geiberger,"19' 2""",76.500,4,-2
9,Robert Gamez,"21' 1""",42.083,2,-1
10,Corey Pavin,"21' 5""",64.250,3,E
11,Fred Funk,"21' 6""",21.500,1,E
12,Briny Baird,"21' 9""",87.083,4,E
13,Paul Azinger,"22' 3""",89.083,4,-1
13,Chris Riley,"22' 3""",133.667,6,E
15,Brenden Pappas,"23' 0""",92.000,4,-1
16,Stephen Ames,"23' 3""",69.667,3,E
17,Jeff Brehaut,"24' 4""",72.917,3,E
17,Ted Purdy,"24' 4""",48.583,2,E
19,Carlos Franco,"24' 9""",74.250,3,E
20,Luke Donald,"25' 9""",77.167,3,E
21,Michael Allen,"25' 10""",129.083,5,E
22,Andre Stolz,"26' 4""",78.917,3,E
23,Ken Duke,"27' 2""",108.750,4,+1
24,Vijay Singh,"28' 0""",252.000,9,E
25,Tim Herron,"28' 2""",56.250,2,E
26,Bob Burns,"28' 4""",113.417,4,E
27,Jason Dufner,"28' 10""",115.333,4,+1
28,Hideto Tanihara,"29' 2""",87.583,3,+1
29,Rod Pampling,"29' 3""",175.500,6,-2
30,Danny Briggs,"30' 0""",119.833,4,E
31,Arjun Atwal,"30' 7""",275.167,9,+3
32,Jonathan Byrd,"30' 8""",245.500,8,-1
33,Bo Van Pelt,"30' 10""",184.917,6,+1
34,Jerry Kelly,"31' 0""",62.000,2,E
35,Jason Bohn,"31' 5""",157.083,5,+2
36,Mark Hensby,"32' 5""",226.833,7,+1
37,Brian Gay,"32' 8""",196.167,6,+1
38,John Maginnes,"33' 1""",99.250,3,E
39,David Ishii,"33' 7""",67.083,2,-1
40,Ryan Palmer,"33' 9""",101.333,3,E
41,Craig Barlow,"34' 2""",170.750,5,-1
42,Charles Howell III,"34' 6""",137.833,4,E
42,Kenichi Kuboya,"34' 6""",241.583,7,+2
44,D.J. Brigman,"35' 0""",70.000,2,+1
44,Pat Perez,"35' 0""",69.917,2,+1
44,John Riegger,"35' 0""",210.167,6,-1
47,Tjaart van der Walt,"35' 2""",140.583,4,+1
48,Davis Love III,"36' 7""",219.583,6,-2
49,Retief Goosen,"36' 9""",220.500,6,E
50,John Senden,"36' 10""",110.500,3,+1
51,Steve Allan,"37' 5""",112.333,3,-1
52,John Huston,"37' 11""",75.750,2,+1
53,Tommy Armour III,"38' 6""",115.500,3,+1
54,Cameron Beckman,"38' 7""",231.333,6,+1
55,Ernie Els,"38' 9""",271.000,7,+1
56,Ben Crane,"39' 7""",237.417,6,E
57,Pat Bates,"39' 8""",79.250,2,E
57,Tom Lehman,"39' 8""",198.250,5,+1
59,Shaun Micheel,"40' 3""",201.167,5,+2
60,Joe Ogilvie,"40' 10""",122.500,3,+1
61,Frank Lickliter II,"42' 2""",168.500,4,E
62,Bobby Kalinowski,"42' 5""",381.750,9,+3
63,Bart Bryant,"42' 6""",85.000,2,E
64,Jesper Parnevik,"44' 10""",179.250,4,-1
65,Kevin Na,"47' 2""",188.500,4,+1
66,Loren Roberts,"47' 4""",47.333,1,E
67,Jonathan Kaye,"49' 0""",98.000,2,+1
68,Richard Johnson,"51' 4""",102.583,2,E
69,Scott Simpson,"52' 4""",104.583,2,E
70,Aaron Baddeley,"56' 7""",226.250,4,E
71,Duffy Waldorf,"57' 8""",172.917,3,-1
72,Lucas Glover,"58' 10""",176.583,3,+1
73,Tom Carter,"60' 1""",300.333,5,+1
74,Olin Browne,"67' 1""",134.083,2,+1
75,Peter Jacobsen,"71' 5""",71.417,1,E
76,Joe Durant,"75' 8""",227.000,3,+1
