rank,player,Avg,Total Distance (feet),# of Attempts,Relative to par
1,Ryan Palmer,"6' 3""",12.500,2,+1
2,Shaun Micheel,"8' 3""",24.833,3,-3
3,Briny Baird,"8' 11""",8.917,1,+2
4,D.J. Brigman,"9' 9""",19.417,2,E
5,Brenden Pappas,"12' 0""",36.083,3,-1
6,Aaron Baddeley,"12' 8""",63.167,5,-2
7,Ernie Els,"13' 2""",39.500,3,-2
8,Jonathan Byrd,"13' 6""",54.083,4,-1
9,Harrison Frazar,"13' 7""",40.667,3,-2
10,Tom Carter,"14' 4""",71.750,5,-2
11,David Ishii,"14' 5""",43.250,3,E
12,Retief Goosen,"14' 6""",43.583,3,-1
13,Paul Azinger,"14' 10""",44.583,3,-2
14,Pat Bates,"15' 6""",46.417,3,+1
15,Vijay Singh,"15' 9""",47.250,3,E
16,Duffy Waldorf,"15' 10""",95.083,6,E
17,Corey Pavin,"16' 11""",50.750,3,-2
18,Kevin Na,"17' 2""",85.917,5,E
19,Jerry Kelly,"17' 9""",53.167,3,-1
20,Hidemichi Tanaka,"18' 11""",75.750,4,+1
21,Joe Durant,"19' 2""",76.750,4,E
21,Jesper Parnevik,"19' 2""",76.667,4,E
23,Ken Duke,"19' 3""",134.583,7,E
24,Cameron Beckman,"19' 9""",79.083,4,E
25,Brent Geiberger,"20' 5""",61.250,3,+1
26,Frank Lickliter II,"20' 7""",41.167,2,E
27,Omar Uresti,"20' 8""",61.917,3,E
28,Davis Love III,"20' 11""",104.417,5,-1
28,Ted Purdy,"20' 11""",20.917,1,+1
30,Tjaart van der Walt,"22' 5""",112.250,5,E
31,Arjun Atwal,"23' 3""",46.500,2,-1
32,Lucas Glover,"23' 4""",163.500,7,+2
33,Todd Fischer,"24' 0""",120.000,5,+1
33,Carlos Franco,"24' 0""",95.833,4,+3
35,Stephen Ames,"24' 3""",72.667,3,E
36,Heath Slocum,"24' 9""",123.583,5,+3
37,Bo Van Pelt,"25' 2""",25.167,1,E
38,Chris Riley,"25' 4""",126.833,5,+2
39,Danny Briggs,"25' 9""",103.000,4,-1
40,Bobby Kalinowski,"25' 11""",181.333,7,-1
41,Tommy Armour III,"26' 0""",78.000,3,E
42,John Huston,"26' 2""",130.667,5,-1
43,Bart Bryant,"26' 3""",104.833,4,-1
43,Hideto Tanihara,"26' 3""",131.083,5,+1
45,Charles Howell III,"26' 4""",79.083,3,+1
46,Robert Gamez,"26' 10""",187.667,7,+3
47,Brad Lardon,"27' 4""",27.333,1,E
48,Tim Herron,"28' 3""",141.250,5,+2
48,John Senden,"28' 3""",84.750,3,E
50,Pat Perez,"28' 5""",170.500,6,-1
51,Michael Allen,"28' 8""",143.167,5,E
51,Peter Jacobsen,"28' 8""",28.667,1,E
53,Bob Burns,"28' 11""",144.583,5,+3
54,Jonathan Kaye,"29' 2""",116.750,4,-1
55,Rod Pampling,"30' 4""",151.583,5,+2
56,Richard Johnson,"30' 6""",91.417,3,E
57,Andre Stolz,"30' 10""",184.917,6,+5
58,Kenichi Kuboya,"31' 3""",93.750,3,+1
59,John Maginnes,"32' 8""",130.583,4,+3
60,Craig Bowden,"36' 10""",110.500,3,E
61,Fred Funk,"37' 5""",74.750,2,E
62,Ben Crane,"38' 8""",77.250,2,+1
63,Joe Ogilvie,"38' 10""",155.417,4,E
64,John Riegger,"40' 10""",244.750,6,+1
65,Craig Barlow,"41' 0""",41.000,1,E
66,Jason Bohn,"42' 3""",126.667,3,E
67,Scott Simpson,"43' 8""",218.167,5,E
68,Jason Dufner,"44' 2""",88.333,2,+1
69,Steve Allan,"44' 8""",134.000,3,+2
70,Loren Roberts,"45' 5""",136.167,3,E
71,Shigeki Maruyama,"46' 0""",184.083,4,E
72,Brian Gay,"46' 10""",187.250,4,+1
73,Jeff Brehaut,"54' 7""",109.167,2,+3
74,Olin Browne,"59' 5""",118.833,2,+3
75,Luke Donald,"104' 7""",104.583,1,+1
