rank,player,Avg,Total Distance (feet),# of Attempts,Relative to par
1,Robert Gamez,"1' 5""",1.417,1,-1
2,Aaron Baddeley,"3' 3""",6.417,2,-2
3,Pat Bates,"3' 4""",3.333,1,E
4,Brent Geiberger,"6' 7""",6.583,1,E
5,Jerry Kelly,"7' 9""",7.750,1,E
6,Kevin Na,"10' 9""",21.417,2,-1
7,Duffy Waldorf,"13' 0""",26.000,2,-1
8,Richard Johnson,"14' 2""",28.250,2,-1
9,Chris Riley,"14' 10""",14.833,1,-1
10,Corey Pavin,"15' 5""",15.417,1,-1
11,Cameron Beckman,"16' 3""",16.250,1,E
11,Jonathan Byrd,"16' 3""",32.500,2,E
13,Heath Slocum,"16' 5""",32.750,2,+2
14,Ernie Els,"16' 9""",33.500,2,-2
15,Tjaart van der Walt,"17' 3""",34.500,2,+1
16,Tom Carter,"17' 6""",17.500,1,E
17,Bobby Kalinowski,"17' 8""",52.917,3,E
18,John Senden,"18' 3""",18.250,1,E
19,Joe Durant,"18' 10""",37.583,2,E
20,Carlos Franco,"20' 11""",41.750,2,+2
21,David Ishii,"21' 11""",21.917,1,-1
22,Omar Uresti,"22' 0""",44.000,2,-1
23,Jonathan Kaye,"23' 11""",23.917,1,E
24,Hidemichi Tanaka,"24' 1""",72.250,3,+1
25,Michael Allen,"24' 3""",24.250,1,E
26,John Riegger,"25' 0""",25.000,1,E
27,Bob Burns,"27' 8""",83.000,3,+1
28,Loren Roberts,"28' 3""",28.250,1,E
29,Ken Duke,"28' 4""",85.000,3,+2
30,Bart Bryant,"28' 5""",28.417,1,E
31,John Maginnes,"28' 10""",86.583,3,+1
32,Tim Herron,"29' 3""",117.083,4,+1
33,Todd Fischer,"30' 3""",90.833,3,E
34,Lucas Glover,"31' 0""",92.917,3,+1
35,Vijay Singh,"34' 10""",34.833,1,+1
36,John Huston,"35' 6""",35.500,1,E
37,Davis Love III,"35' 7""",71.083,2,E
38,Danny Briggs,"35' 9""",71.500,2,+1
39,Kenichi Kuboya,"37' 7""",37.583,1,E
40,Charles Howell III,"38' 7""",38.583,1,E
41,Steve Allan,"45' 0""",90.000,2,+2
41,Andre Stolz,"45' 0""",90.000,2,+1
43,Rod Pampling,"46' 10""",46.833,1,+1
44,Fred Funk,"47' 2""",47.167,1,E
45,Brian Gay,"56' 7""",169.667,3,+1
46,Hideto Tanihara,"74' 5""",74.417,1,+1
47,Luke Donald,"104' 7""",104.583,1,+1
48,Shigeki Maruyama,"107' 0""",107.000,1,E
49,Scott Simpson,"117' 2""",117.167,1,E
50,Joe Ogilvie,"119' 4""",119.333,1,+1
