rank,player,Avg,Total Distance (feet),# of Attempts,Relative to par
1,Mark Hensby,"18' 9""",18.750,1,E
2,John Senden,"21' 7""",21.583,1,E
3,Danny Briggs,"30' 11""",92.833,3,-1
4,Joe Durant,"33' 8""",33.667,1,E
5,Kevin Na,"34' 8""",104.000,3,+1
6,Tim Herron,"36' 5""",72.833,2,E
7,Steve Allan,"40' 0""",120.083,3,+1
8,Ken Duke,"40' 2""",80.250,2,E
9,Woody Austin,"41' 7""",41.583,1,E
10,Ted Purdy,"42' 2""",168.750,4,-1
11,Kenichi Kuboya,"43' 2""",86.250,2,+1
12,Davis Love III,"43' 5""",86.750,2,-2
13,Frank Lickliter II,"44' 9""",44.750,1,E
13,John Riegger,"44' 9""",44.750,1,-1
15,Shaun Micheel,"45' 11""",91.833,2,E
16,Tjaart van der Walt,"47' 0""",235.083,5,-1
17,Jeff Brehaut,"47' 6""",47.500,1,+1
18,Omar Uresti,"48' 0""",191.917,4,-1
19,Jason Dufner,"48' 2""",240.833,5,-2
20,Craig Bowden,"48' 10""",97.667,2,+1
21,Brian Gay,"49' 0""",49.000,1,+1
22,Jonathan Kaye,"49' 1""",98.167,2,-1
23,John Huston,"49' 5""",98.833,2,E
24,Todd Fischer,"49' 11""",199.667,4,E
25,Hideto Tanihara,"50' 6""",101.000,2,E
26,Robert Gamez,"54' 2""",54.167,1,E
27,Luke Donald,"54' 4""",54.333,1,E
28,Richard Johnson,"55' 3""",165.667,3,-1
29,Corey Pavin,"55' 6""",111.000,2,E
30,Charles Howell III,"56' 0""",168.000,3,+1
31,Craig Barlow,"56' 7""",169.833,3,-3
32,Retief Goosen,"59' 5""",59.417,1,E
33,Bob Burns,"59' 11""",179.833,3,E
34,Briny Baird,"63' 5""",126.750,2,-1
35,Pat Bates,"64' 0""",192.000,3,+1
36,Ben Crane,"65' 9""",65.750,1,E
37,Rod Pampling,"66' 6""",133.000,2,+2
38,John Maginnes,"68' 0""",68.000,1,+1
39,Stephen Ames,"68' 6""",205.583,3,-2
40,Bobby Kalinowski,"68' 10""",206.417,3,-1
41,Bart Bryant,"68' 11""",68.917,1,E
42,Olin Browne,"69' 0""",69.000,1,+1
43,D.J. Brigman,"71' 6""",214.583,3,E
44,Brad Lardon,"74' 4""",223.083,3,E
45,Tom Carter,"76' 7""",229.667,3,E
46,Scott Simpson,"77' 2""",77.167,1,+1
47,Shigeki Maruyama,"81' 9""",163.500,2,E
48,Tommy Armour III,"82' 0""",245.917,3,+2
49,Paul Azinger,"82' 4""",164.667,2,E
50,Peter Jacobsen,"83' 3""",249.750,3,+3
51,Brenden Pappas,"83' 8""",585.417,7,+2
52,Cameron Beckman,"84' 3""",168.417,2,+2
53,Jerry Kelly,"84' 6""",84.500,1,E
54,Aaron Baddeley,"84' 9""",338.833,4,+1
55,Pat Perez,"85' 8""",171.250,2,E
56,Michael Allen,"88' 4""",264.917,3,E
57,Hidemichi Tanaka,"90' 3""",270.833,3,+2
58,Vijay Singh,"90' 8""",181.333,2,E
59,Joe Ogilvie,"90' 9""",181.500,2,E
60,Brent Geiberger,"90' 11""",181.750,2,E
61,Ernie Els,"91' 6""",91.500,1,E
62,Chris Riley,"91' 11""",183.750,2,-1
63,Jason Bohn,"92' 5""",277.167,3,E
64,Lucas Glover,"94' 8""",283.917,3,+2
65,Andre Stolz,"104' 6""",104.500,1,E
66,Jonathan Byrd,"110' 11""",221.833,2,-1
67,Loren Roberts,"111' 7""",111.583,1,+1
67,Duffy Waldorf,"111' 7""",334.750,3,+1
69,Arjun Atwal,"125' 7""",251.167,2,+2
70,Heath Slocum,"127' 7""",127.583,1,+1
71,Harrison Frazar,"130' 0""",130.000,1,-1
72,Jesper Parnevik,"138' 0""",275.917,2,+1
73,Carlos Franco,"142' 2""",142.167,1,E
