rank,player,Avg,Distance (feet),Total Putts
1,Geoff Ogilvy,"87' 9""",1.053,1
2,John Rollins,"60' 11""",.731,1
3,Dustin Johnson,"55' 2""",.662,1
4,Ángel Cabrera,"54' 9""",1.313,2
5,Troy Matteson,"54' 0""",1.945,3
6,Zach Johnson,"51' 1""",1.225,2
7,Sean O'Hair,"50' 11""",2.442,4
8,Stewart Cink,"49' 1""",3.531,6
9,Pat Perez,"48' 8""",3.505,6
9,Mark Wilson,"48' 8""",1.751,3
11,Paul Casey,"48' 1""",1.153,2
12,Steve Stricker,"47' 0""",1.691,3
13,Michael Bradley,"42' 5""",2.036,4
14,Nick Watney,"39' 6""",1.422,3
15,Martin Laird,"39' 3""",1.882,4
16,Lucas Glover,"39' 1""",2.816,6
16,Y.E. Yang,"39' 1""",1.874,4
18,Jerry Kelly,"31' 4""",1.128,3
19,Stephen Ames,"30' 10""",.739,2
20,Heath Slocum,"29' 9""",1.071,3
21,Brian Gay,"26' 2""",.628,2
22,Kenny Perry,"25' 9""",.309,1
22,Rory Sabbatini,"25' 9""",1.234,4
24,Ryan Moore,"19' 2""",.230,1
25,Bo Van Pelt,"10' 0""",.120,1
