rank,player,Avg,Distance (Feet),Total Putts
1,Troy Matteson,"11' 5""",102.667,9
2,Bo Van Pelt,"11' 4""",158.500,14
3,Dustin Johnson,"11' 0""",208.417,19
4,Sean O'Hair,"10' 11""",218.833,20
4,Kenny Perry,"10' 11""",218.917,20
6,Ryan Moore,"10' 10""",162.083,15
7,Jerry Kelly,"10' 2""",153.000,15
8,Lucas Glover,"10' 0""",189.833,19
8,Retief Goosen,"10' 0""",179.917,18
8,Geoff Ogilvy,"10' 0""",229.417,23
11,Heath Slocum,"9' 11""",149.083,15
12,Michael Bradley,"9' 9""",146.833,15
13,Nathan Green,"9' 5""",170.083,18
13,Steve Stricker,"9' 5""",141.583,15
15,Paul Casey,"9' 4""",167.417,18
15,Pat Perez,"9' 4""",177.750,19
17,John Rollins,"8' 7""",137.917,16
18,Rory Sabbatini,"8' 5""",168.917,20
19,Stewart Cink,"8' 4""",191.333,23
20,Ángel Cabrera,"8' 3""",131.833,16
21,Stephen Ames,"7' 9""",100.500,13
22,Brian Gay,"7' 8""",122.417,16
22,Zach Johnson,"7' 8""",122.667,16
24,Mark Wilson,"7' 6""",120.250,16
25,Martin Laird,"7' 4""",124.250,17
26,Y.E. Yang,"7' 2""",107.083,15
27,Matt Kuchar,"6' 4""",119.583,19
28,Nick Watney,"6' 2""",92.333,15
