rank,player,Distance in Inches
1,Sean O'Hair,61
2,Geoff Ogilvy,60
3,Nathan Green,57
4,Stewart Cink,54
4,Retief Goosen,54
4,Dustin Johnson,54
4,Jerry Kelly,54
4,Kenny Perry,54
9,Paul Casey,53
10,Lucas Glover,52
10,Pat Perez,52
12,Michael Bradley,51
12,Heath Slocum,51
14,Steve Stricker,49
14,Bo Van Pelt,49
16,Ryan Moore,48
16,Rory Sabbatini,48
18,Brian Gay,46
19,Martin Laird,45
20,Ángel Cabrera,44
20,Zach Johnson,44
22,Matt Kuchar,43
22,Nick Watney,43
22,Y.E. Yang,43
25,Troy Matteson,42
25,Mark Wilson,42
27,John Rollins,41
28,Stephen Ames,38
