rank,player,Avg,Distance (Feet),Total Putts
1,Geoff Ogilvy,"87' 9""",87.750,1
2,John Rollins,"60' 11""",60.917,1
3,Dustin Johnson,"55' 2""",55.167,1
4,Ángel Cabrera,"54' 9""",109.417,2
5,Troy Matteson,"54' 0""",162.083,3
6,Zach Johnson,"51' 1""",102.083,2
7,Sean O'Hair,"50' 11""",203.500,4
8,Stewart Cink,"49' 1""",294.250,6
9,Pat Perez,"48' 8""",292.083,6
10,Paul Casey,"48' 1""",96.083,2
11,Steve Stricker,"47' 0""",140.917,3
12,Michael Bradley,"42' 5""",169.667,4
13,Nick Watney,"39' 6""",118.500,3
14,Martin Laird,"39' 3""",156.833,4
15,Lucas Glover,"39' 1""",234.667,6
16,Mark Wilson,"38' 4""",153.417,4
17,Y.E. Yang,"33' 8""",168.250,5
18,Jerry Kelly,"31' 4""",94.000,3
19,Stephen Ames,"30' 10""",61.583,2
20,Heath Slocum,"29' 9""",89.250,3
21,Brian Gay,"26' 2""",52.333,2
22,Kenny Perry,"25' 9""",25.750,1
22,Rory Sabbatini,"25' 9""",102.833,4
24,Ryan Moore,"19' 2""",19.167,1
25,Bo Van Pelt,"10' 0""",10.000,1
