rank,player,Avg,Distance (Feet),Total Putts
1,Kenny Perry,"9' 8""",231.667,24
2,Lucas Glover,"9' 5""",217.333,23
3,Dustin Johnson,"9' 3""",230.917,25
4,Ryan Moore,"9' 0""",189.833,21
5,Geoff Ogilvy,"8' 11""",266.583,30
6,Sean O'Hair,"8' 9""",253.833,29
7,Jerry Kelly,"8' 6""",212.750,25
7,Troy Matteson,"8' 6""",127.500,15
7,Heath Slocum,"8' 6""",203.917,24
7,Bo Van Pelt,"8' 6""",196.000,23
11,Retief Goosen,"8' 4""",224.083,27
12,Michael Bradley,"8' 2""",188.667,23
13,Paul Casey,"8' 1""",202.250,25
13,Pat Perez,"8' 1""",202.833,25
15,Stewart Cink,"8' 0""",233.167,29
15,Steve Stricker,"8' 0""",199.917,25
17,John Rollins,"7' 10""",140.417,18
18,Nathan Green,"7' 7""",227.583,30
19,Rory Sabbatini,"7' 2""",193.250,27
20,Stephen Ames,"7' 1""",106.750,15
21,Zach Johnson,"6' 11""",145.167,21
22,Ángel Cabrera,"6' 9""",162.917,24
23,Martin Laird,"6' 5""",173.667,27
23,Y.E. Yang,"6' 5""",141.000,22
25,Mark Wilson,"6' 3""",161.417,26
26,Brian Gay,"6' 2""",185.417,30
27,Nick Watney,"5' 11""",147.750,25
28,Matt Kuchar,"5' 5""",140.583,26
