rank,player,Value,Attempts,Total Distance (Feet)
1,Ryan Moore,"2' 0""",51,101.500
2,Brian Gay,"2' 1""",42,88.083
2,Kenny Perry,"2' 1""",48,99.750
2,John Rollins,"2' 1""",53,112.417
2,Bo Van Pelt,"2' 1""",48,101.917
6,Dustin Johnson,"2' 2""",47,103.667
7,Lucas Glover,"2' 3""",49,112.083
7,Retief Goosen,"2' 3""",45,100.750
9,Stephen Ames,"2' 4""",57,132.167
9,Ángel Cabrera,"2' 4""",47,107.917
9,Steve Stricker,"2' 4""",46,106.750
12,Mark Wilson,"2' 5""",46,112.583
13,Paul Casey,"2' 6""",46,115.750
13,Jerry Kelly,"2' 6""",46,115.917
13,Matt Kuchar,"2' 6""",46,115.250
13,Martin Laird,"2' 6""",45,112.333
13,Troy Matteson,"2' 6""",56,141.083
13,Geoff Ogilvy,"2' 6""",42,105.583
13,Rory Sabbatini,"2' 6""",44,109.250
20,Nick Watney,"2' 7""",47,123.333
21,Zach Johnson,"2' 8""",51,135.167
22,Michael Bradley,"2' 9""",49,134.333
22,Nathan Green,"2' 9""",42,114.583
22,Y.E. Yang,"2' 9""",49,134.750
25,Pat Perez,"2' 11""",47,136.083
25,Heath Slocum,"2' 11""",48,138.167
27,Sean O'Hair,"3' 0""",43,130.083
28,Stewart Cink,"3' 1""",42,128.667
