rank,player,%,Greens Hit,# Holes,Relative/Par
1,Nick Taylor,80.56,58,72,-0.21
2,Russell Knox,77.78,56,72,-0.16
3,Daniel Berger,76.39,55,72,-0.15
3,Michael Gellerman,76.39,55,72,-0.22
5,Mark Anderson,75.00,54,72,-0.24
5,Charles Howell III,75.00,54,72,-0.20
5,Hideki Matsuyama,75.00,54,72,-0.19
5,D.J. Trahan,75.00,54,72,-0.20
9,Joseph Bramlett,73.61,53,72,-0.15
9,Corey Conners,73.61,53,72,-0.30
9,Emiliano Grillo,73.61,53,72,-0.28
9,Jerry Kelly,73.61,53,72,-0.26
9,Sam Ryder,73.61,53,72,-0.21
14,Keegan Bradley,72.22,52,72,-0.23
14,Harry Higgs,72.22,52,72,-0.19
14,Sungjae Im,72.22,52,72,-0.29
14,Kevin Kisner,72.22,52,72,-0.23
14,Marc Leishman,72.22,52,72,-0.29
14,Joaquin Niemann,72.22,52,72,-0.13
20,Bo Hoag,70.83,51,72,-0.25
20,Ryan Palmer,70.83,51,72,-0.31
20,Pat Perez,70.83,51,72,-0.20
20,Webb Simpson,70.83,51,72,-0.37
20,Cameron Smith,70.83,51,72,-0.37
20,Brandt Snedeker,70.83,51,72,-0.27
20,Brendan Steele,70.83,51,72,-0.41
27,Cam Davis,69.44,50,72,-0.26
27,Carlos Ortiz,69.44,50,72,-0.24
27,"Ted Potter, Jr.",69.44,50,72,-0.22
27,Michael Thompson,69.44,50,72,-0.26
27,Jimmy Walker,69.44,50,72,-0.20
32,Tom Hoge,68.06,49,72,-0.29
32,Rikuya Hoshino,68.06,49,72,-0.14
32,Collin Morikawa,68.06,49,72,-0.20
32,Alex Noren,68.06,49,72,-0.22
32,Henrik Norlander,68.06,49,72,-0.35
32,Rory Sabbatini,68.06,49,72,-0.27
32,Brian Stuard,68.06,49,72,-0.16
39,Lanto Griffin,66.67,48,72,-0.33
39,Matthew NeSmith,66.67,48,72,-0.27
39,Patrick Rodgers,66.67,48,72,-0.21
39,Vaughn Taylor,66.67,48,72,-0.33
43,Brian Harman,65.28,47,72,-0.30
43,Ben Martin,65.28,47,72,-0.26
43,Andrew Putnam,65.28,47,72,-0.19
43,Brendon Todd,65.28,47,72,-0.26
43,Tim Wilkinson,65.28,47,72,-0.21
48,Abraham Ancer,63.89,46,72,-0.26
48,Talor Gooch,63.89,46,72,-0.17
48,Zach Johnson,63.89,46,72,-0.24
48,Matt Jones,63.89,46,72,-0.24
48,Graeme McDowell,63.89,46,72,-0.37
48,Rob Oppenheim,63.89,46,72,-0.30
48,Chase Seiffert,63.89,46,72,-0.39
48,Sepp Straka,63.89,46,72,-0.17
56,Nate Lashley,62.50,45,72,-0.20
57,Joel Dahmen,61.11,44,72,-0.27
57,Kramer Hickok,61.11,44,72,-0.20
59,Zac Blair,59.72,43,72,-0.23
59,Scott Harrington,59.72,43,72,-0.21
59,Mikumu Horikawa,59.72,43,72,-0.28
59,Peter Malnati,59.72,43,72,-0.21
59,Hudson Swafford,59.72,43,72,-0.23
64,Scott Piercy,56.94,41,72,-0.29
65,Satoshi Kodaira,55.56,40,72,-0.25
66,Rhein Gibson,51.39,37,72,-0.27
