rank,player,Value,Total Drv Rank,GIR Rank
1,Nick Taylor,2,1,1
2,D.J. Trahan,10,5,5
3,Emiliano Grillo,16,7,9
3,Sungjae Im,16,2,14
5,Sam Ryder,18,9,9
6,Harry Higgs,20,6,14
7,Daniel Berger,21,18,3
8,Ryan Palmer,23,3,20
9,Joaquin Niemann,26,12,14
10,Brandt Snedeker,28,8,20
11,Webb Simpson,29,9,20
12,Cam Davis,31,4,27
13,Cameron Smith,37,17,20
14,Marc Leishman,38,24,14
15,Mark Anderson,39,34,5
16,Brendan Steele,42,22,20
17,Joseph Bramlett,43,34,9
18,Keegan Bradley,45,31,14
18,Charles Howell III,45,40,5
18,Kevin Kisner,45,31,14
18,Alex Noren,45,13,32
22,Michael Thompson,52,25,27
23,Henrik Norlander,53,21,32
24,Corey Conners,54,45,9
24,Pat Perez,54,34,20
26,Brian Harman,56,13,43
26,Hideki Matsuyama,56,51,5
28,Lanto Griffin,57,18,39
29,Michael Gellerman,59,56,3
30,Rikuya Hoshino,60,28,32
30,Carlos Ortiz,60,33,27
32,Russell Knox,62,60,2
33,Sepp Straka,63,15,48
34,Joel Dahmen,66,9,57
35,Patrick Rodgers,68,29,39
35,Chase Seiffert,68,20,48
35,Brendon Todd,68,25,43
38,Bo Hoag,70,50,20
38,Jerry Kelly,70,61,9
38,Jimmy Walker,70,43,27
41,Kramer Hickok,72,15,57
41,Tom Hoge,72,40,32
43,Rory Sabbatini,75,43,32
44,Matthew NeSmith,76,37,39
44,"Ted Potter, Jr.",76,49,27
46,Matt Jones,78,30,48
47,Ben Martin,80,37,43
48,Scott Harrington,81,22,59
48,Vaughn Taylor,81,42,39
50,Hudson Swafford,84,25,59
51,Brian Stuard,86,54,32
52,Tim Wilkinson,91,48,43
53,Abraham Ancer,95,47,48
53,Collin Morikawa,95,63,32
55,Rob Oppenheim,99,51,48
55,Andrew Putnam,99,56,43
57,Scott Piercy,101,37,64
58,Zach Johnson,106,58,48
59,Mikumu Horikawa,110,51,59
60,Rhein Gibson,111,45,66
61,Graeme McDowell,112,64,48
62,Zac Blair,113,54,59
62,Talor Gooch,113,65,48
64,Nate Lashley,115,59,56
65,Peter Malnati,125,66,59
66,Satoshi Kodaira,126,61,65
