rank,player,Avg,Total Strokes,Total Rounds
1,Pat Perez,66.00,66,1
1,Jordan Spieth,66.00,66,1
1,Chris Stroud,66.00,66,1
4,Russell Henley,69.00,69,1
5,Daniel Berger,70.00,70,1
5,Wesley Bryan,70.00,70,1
5,Kevin Chappell,70.00,70,1
5,Cameron Smith,70.00,70,1
9,Jonas Blixt,71.00,71,1
10,Patton Kizzire,72.00,72,1
10,Xander Schauffele,72.00,72,1
10,Hudson Swafford,72.00,72,1
13,Bryson DeChambeau,73.00,73,1
14,Austin Cook,74.00,74,1
14,Brooks Koepka,74.00,74,1
14,Grayson Murray,74.00,74,1
17,Adam Hadwin,75.00,75,1
18,D.A. Points,76.00,76,1
