rank,player,Low Rnd
1,Pat Perez,66
1,Jordan Spieth,66
1,Chris Stroud,66
4,Justin Thomas,67
5,Daniel Berger,68
5,Cameron Smith,68
7,Russell Henley,69
7,Si Woo Kim,69
7,Patton Kizzire,69
7,Grayson Murray,69
11,Ryan Armour,70
11,Jonas Blixt,70
11,Wesley Bryan,70
11,Patrick Cantlay,70
11,Kevin Chappell,70
11,Austin Cook,70
11,Billy Horschel,70
11,Xander Schauffele,70
11,Hudson Swafford,70
20,Bryson DeChambeau,71
20,Jason Dufner,71
20,Brendan Steele,71
23,Adam Hadwin,72
24,D.A. Points,73
24,Kyle Stanley,73
26,Brooks Koepka,74
