rank,player,Avg,Total Strokes,Total Rounds
1,Si Woo Kim,69.00,69,1
2,Patrick Cantlay,70.00,70,1
2,Billy Horschel,70.00,70,1
4,Ryan Armour,71.00,71,1
4,Jason Dufner,71.00,71,1
4,Brendan Steele,71.00,71,1
7,Patton Kizzire,72.00,72,1
7,Chris Stroud,72.00,72,1
7,Hudson Swafford,72.00,72,1
10,Bryson DeChambeau,73.00,73,1
10,Adam Hadwin,73.00,73,1
12,Wesley Bryan,74.00,74,1
12,Kevin Chappell,74.00,74,1
12,Austin Cook,74.00,74,1
12,Grayson Murray,74.00,74,1
16,Cameron Smith,75.00,75,1
17,D.A. Points,76.00,76,1
18,Jonas Blixt,77.00,77,1
