rank,player,Avg,Total Strokes,Tot. Early Rds.(1st tee)
1,Pat Perez,66.00,66,1
1,Jordan Spieth,66.00,66,1
3,Daniel Berger,69.00,138,2
3,Russell Henley,69.00,138,2
3,Si Woo Kim,69.00,69,1
3,Chris Stroud,69.00,138,2
7,Patrick Cantlay,70.00,70,1
7,Billy Horschel,70.00,70,1
9,Ryan Armour,70.67,212,3
10,Patton Kizzire,70.75,283,4
11,Jason Dufner,71.00,71,1
11,Cameron Smith,71.00,284,4
11,Justin Thomas,71.00,142,2
14,Kevin Chappell,71.50,286,4
15,Austin Cook,72.00,288,4
15,Grayson Murray,72.00,288,4
15,Xander Schauffele,72.00,216,3
18,Bryson DeChambeau,72.25,289,4
19,Brendan Steele,72.33,217,3
20,Wesley Bryan,72.50,290,4
20,Hudson Swafford,72.50,290,4
22,Jonas Blixt,73.25,293,4
23,Adam Hadwin,73.50,294,4
23,Kyle Stanley,73.50,147,2
25,D.A. Points,74.75,299,4
26,Brooks Koepka,75.67,227,3
