rank,player,Avg,Total Strokes,Total Rounds
1,Daniel Berger,68.00,68,1
1,Cameron Smith,68.00,68,1
3,Patton Kizzire,69.00,69,1
3,Grayson Murray,69.00,69,1
5,Ryan Armour,70.00,70,1
5,Kevin Chappell,70.00,70,1
5,Austin Cook,70.00,70,1
5,Xander Schauffele,70.00,70,1
9,Bryson DeChambeau,71.00,71,1
10,Kyle Stanley,73.00,73,1
11,Adam Hadwin,74.00,74,1
11,D.A. Points,74.00,74,1
11,Brendan Steele,74.00,74,1
14,Jonas Blixt,75.00,75,1
14,Justin Thomas,75.00,75,1
16,Wesley Bryan,76.00,76,1
16,Hudson Swafford,76.00,76,1
18,Brooks Koepka,78.00,78,1
