rank,player,Avg (Yards),Total Distance (inches),Number of Approach Shots
1,Dustin Johnson,141.8,"199,076,000",39
2,D.A. Points,145.9,"204,796,000",39
3,Russell Henley,147.0,"206,445,000",39
4,Jimmy Walker,147.2,"201,337,000",38
5,Brandt Snedeker,148.4,"251,018,000",47
6,Woody Austin,150.6,"222,294,000",41
7,Scott Brown,151.0,"206,513,000",38
8,Jordan Spieth,151.5,"272,745,000",50
9,Chris Kirk,151.7,"229,300,000",42
10,Michael Thompson,152.7,"230,928,000",42
11,Derek Ernst,153.3,"248,326,000",45
12,Patrick Reed,154.0,"254,961,000",46
13,Martin Laird,154.5,"261,359,000",47
14,Ken Duke,154.8,"245,224,000",44
15,Webb Simpson,155.9,"241,365,000",43
16,Bill Haas,156.2,"264,309,000",47
17,Adam Scott,157.3,"254,846,000",45
18,Matt Kuchar,158.8,"228,656,000",40
19,Harris English,159.0,"263,276,000",46
20,Gary Woodland,160.6,"254,420,000",44
21,Brian Gay,162.6,"263,473,000",45
22,Boo Weekley,164.1,"307,245,000",52
23,Zach Johnson,164.3,"260,245,000",44
24,John Merrick,165.5,"256,118,000",43
25,Jason Dufner,166.0,"274,936,000",46
26,Billy Horschel,166.8,"252,276,000",42
27,Kevin Streelman,166.9,"234,325,000",39
28,Ryan Moore,167.9,"223,682,000",37
29,Sangmoon Bae,169.0,"261,686,000",43
30,Jonas Blixt,171.9,"266,110,000",43
