rank,player,Avg (Yards),Total Distance (inches),Number of Approach Shots
1,Kevin Streelman,152.2,"131,498,000",24
2,Sangmoon Bae,155.5,"100,751,000",18
3,Russell Henley,157.1,"107,458,000",19
4,Patrick Reed,157.4,"102,014,000",18
5,Webb Simpson,157.9,"130,737,000",23
6,Derek Ernst,158.2,"56,963,000",10
7,Bill Haas,162.3,"87,616,000",15
8,Harris English,162.8,"111,339,000",19
9,Ken Duke,163.8,"112,009,000",19
10,Woody Austin,164.1,"124,053,000",21
11,Brian Gay,164.6,"112,592,000",19
12,Ryan Moore,168.4,"139,399,000",23
13,Jason Dufner,170.1,"122,499,000",20
14,D.A. Points,171.3,"104,806,000",17
15,Boo Weekley,171.4,"74,037,000",12
16,Zach Johnson,173.5,"143,638,000",23
17,Martin Laird,174.4,"106,731,000",17
18,Matt Kuchar,174.5,"144,525,000",23
19,Billy Horschel,181.9,"150,607,000",23
20,Michael Thompson,183.6,"132,184,000",20
21,Adam Scott,183.7,"132,259,000",20
22,Jonas Blixt,187.0,"127,881,000",19
23,Dustin Johnson,189.9,"157,225,000",23
24,Scott Brown,191.6,"137,943,000",20
24,Chris Kirk,191.6,"137,974,000",20
26,John Merrick,193.4,"104,421,000",15
27,Gary Woodland,194.9,"140,352,000",20
28,Brandt Snedeker,196.9,"127,562,000",18
29,Jordan Spieth,197.7,"142,311,000",20
30,Jimmy Walker,199.1,"150,506,000",21
