rank,player,Avg (Yards),Total Distance (inches),Number of Approach Shots
1,Patrick Reed,111.1,"28,001,000",7
2,Jonas Blixt,130.1,"46,833,000",10
3,Jordan Spieth,142.3,"10,247,000",2
4,Ryan Moore,145.6,"62,909,000",12
5,Bill Haas,147.1,"52,956,000",10
6,Jimmy Walker,158.2,"68,351,000",12
7,Brandt Snedeker,158.3,"39,889,000",7
8,Michael Thompson,159.1,"57,270,000",10
9,John Merrick,160.6,"80,943,000",14
10,Billy Horschel,160.7,"40,505,000",7
11,Chris Kirk,161.3,"58,072,000",10
12,Harris English,163.8,"41,287,000",7
13,Jason Dufner,165.4,"29,766,000",5
14,Brian Gay,167.8,"48,332,000",8
15,Dustin Johnson,168.9,"60,805,000",10
16,Boo Weekley,169.6,"48,844,000",8
17,Scott Brown,171.7,"86,540,000",14
18,Derek Ernst,172.1,"105,336,000",17
19,Adam Scott,177.5,"38,338,000",6
20,Woody Austin,179.6,"64,655,000",10
21,Matt Kuchar,181.3,"58,747,000",9
22,Zach Johnson,181.8,"32,717,000",5
23,Martin Laird,182.6,"52,583,000",8
24,Ken Duke,182.7,"59,208,000",9
25,Sangmoon Bae,185.3,"66,692,000",10
26,Webb Simpson,185.6,"40,089,000",6
27,D.A. Points,185.9,"107,083,000",16
28,Russell Henley,187.2,"94,329,000",14
29,Gary Woodland,188.6,"47,516,000",7
30,Kevin Streelman,190.1,"54,748,000",8
