rank,player,RTP Score
1,Sungjae Im,-1.000
2,Thomas Detry,-.667
3,Wyndham Clark,-.636
4,Maverick McNealy,-.600
5,Jhonattan Vegas,-.538
6,Chris Gotterup,-.500
6,Viktor Hovland,-.500
6,Aaron Rai,-.500
9,Russell Henley,-.429
10,Cam Davis,-.400
10,Adam Hadwin,-.400
12,Adam Scott,-.375
13,Brice Garnett,-.333
13,Davis Thompson,-.333
15,Sam Burns,-.286
15,Justin Thomas,-.286
15,Cameron Young,-.286
18,Patton Kizzire,-.273
19,Tom Hoge,-.250
20,Corey Conners,-.200
20,Nico Echavarria,-.200
20,Stephan Jaeger,-.200
20,Jake Knapp,-.200
20,Hideki Matsuyama,-.200
20,Taylor Pendrith,-.200
20,Xander Schauffele,-.200
20,Nick Taylor,-.200
28,Max Greyserman,-.182
28,Will Zalatoris,-.182
30,Austin Eckroat,-.167
30,Matt Fitzpatrick,-.167
30,Billy Horschel,-.167
33,Byeong Hun An,-.154
33,Tony Finau,-.154
35,Akshay Bhatia,-.125
35,Eric Cole,-.125
35,Denny McCarthy,-.125
38,Keegan Bradley,-.111
39,Si Woo Kim,-.100
39,Matthieu Pavon,-.100
41,Ludvig Åberg,-.083
41,Jason Day,-.083
43,Nick Dunlap,E
43,Harry Hall,E
43,Brian Harman,E
43,Max Homa,E
43,Peter Malnati,E
43,Collin Morikawa,E
43,Sahith Theegala,E
50,Christiaan Bezuidenhout,+.083
51,Patrick Cantlay,+.167
52,Matt McCarty,+.222
53,Chris Kirk,+.250
53,Robert MacIntyre,+.250
53,Kevin Yu,+.250
56,Sepp Straka,+.333
57,Rafael Campos,+.429
58,J.T. Poston,+.800
