rank,player,RTP Score
1,Corey Conners,-.500
2,Hideki Matsuyama,-.400
2,Collin Morikawa,-.400
2,J.T. Poston,-.400
2,Adam Scott,-.400
2,Justin Thomas,-.400
2,Jhonattan Vegas,-.400
2,Will Zalatoris,-.400
9,Chris Gotterup,-.375
9,Max Homa,-.375
11,Ludvig Åberg,-.333
11,Christiaan Bezuidenhout,-.333
11,Tom Hoge,-.333
11,Denny McCarthy,-.333
15,Matt Fitzpatrick,-.300
15,Xander Schauffele,-.300
17,Robert MacIntyre,-.286
17,Peter Malnati,-.286
19,Thomas Detry,-.273
20,Cameron Young,-.267
21,Akshay Bhatia,-.250
21,Eric Cole,-.250
21,Taylor Pendrith,-.250
21,Aaron Rai,-.250
25,Sam Burns,-.231
26,Patrick Cantlay,-.214
26,Max Greyserman,-.214
28,Sahith Theegala,-.182
29,Rafael Campos,-.167
29,Matt McCarty,-.167
31,Maverick McNealy,-.154
32,Nico Echavarria,-.143
33,Sepp Straka,-.125
34,Jason Day,-.111
35,Sungjae Im,-.100
36,Wyndham Clark,-.083
37,Viktor Hovland,-.067
38,Byeong Hun An,E
38,Tony Finau,E
38,Russell Henley,E
38,Billy Horschel,E
38,Si Woo Kim,E
38,Matthieu Pavon,E
38,Kevin Yu,E
45,Nick Dunlap,+.071
46,Chris Kirk,+.083
47,Keegan Bradley,+.111
48,Austin Eckroat,+.143
48,Brice Garnett,+.143
48,Adam Hadwin,+.143
48,Harry Hall,+.143
48,Brian Harman,+.143
53,Cam Davis,+.222
53,Davis Thompson,+.222
55,Patton Kizzire,+.250
56,Stephan Jaeger,+.273
56,Jake Knapp,+.273
58,Nick Taylor,+.286
