rank,player,%,Total Rough,Possible Fwys,Relative to par
1,Collin Morikawa,10.00%,6,60,-3.33
2,J.T. Poston,16.67%,10,60,+2.00
2,Aaron Rai,16.67%,10,60,-3.00
4,Russell Henley,18.33%,11,60,-2.73
4,Robert MacIntyre,18.33%,11,60,-0.91
4,Sepp Straka,18.33%,11,60,E
7,Eric Cole,20.00%,12,60,-1.67
7,Adam Hadwin,20.00%,12,60,-0.83
7,Brian Harman,20.00%,12,60,+0.83
7,Nick Taylor,20.00%,12,60,+0.83
11,Corey Conners,21.67%,13,60,-3.85
11,Austin Eckroat,21.67%,13,60,E
11,Brice Garnett,21.67%,13,60,-0.77
11,Sungjae Im,21.67%,13,60,-3.08
11,Peter Malnati,21.67%,13,60,-1.54
16,Rafael Campos,22.41%,13,58,+1.54
17,Chris Gotterup,23.33%,14,60,-4.29
17,Tom Hoge,23.33%,14,60,-2.86
17,Billy Horschel,23.33%,14,60,-0.71
17,Denny McCarthy,23.33%,14,60,-2.14
21,Cam Davis,24.14%,14,58,E
22,Hideki Matsuyama,25.00%,15,60,-3.33
22,Matt McCarty,25.00%,15,60,+0.67
24,Patton Kizzire,25.42%,15,59,-1.33
25,Akshay Bhatia,26.67%,16,60,-1.88
25,Matt Fitzpatrick,26.67%,16,60,-2.50
25,Max Homa,26.67%,16,60,-1.88
25,Stephan Jaeger,26.67%,16,60,+1.25
25,Chris Kirk,26.67%,16,60,+1.25
25,Sahith Theegala,26.67%,16,60,-1.25
25,Kevin Yu,26.67%,16,60,+0.63
25,Will Zalatoris,26.67%,16,60,-2.50
33,Thomas Detry,28.33%,17,60,-4.12
33,Nico Echavarria,28.33%,17,60,-1.76
33,Taylor Pendrith,28.33%,17,60,-2.35
36,Justin Thomas,28.81%,17,59,-3.53
37,Christiaan Bezuidenhout,30.00%,18,60,-0.56
37,Keegan Bradley,30.00%,18,60,E
37,Si Woo Kim,30.00%,18,60,-0.56
37,Maverick McNealy,30.00%,18,60,-2.78
37,Davis Thompson,30.00%,18,60,-0.56
42,Jhonattan Vegas,30.51%,18,59,-5.00
43,Viktor Hovland,31.67%,19,60,-1.58
43,Matthieu Pavon,31.67%,19,60,-0.53
45,Sam Burns,33.33%,20,60,-2.50
45,Patrick Cantlay,33.33%,20,60,-1.00
45,Harry Hall,33.33%,20,60,+0.50
45,Xander Schauffele,33.33%,20,60,-2.50
49,Ludvig Åberg,35.00%,21,60,-1.90
49,Jason Day,35.00%,21,60,-0.95
49,Adam Scott,35.00%,21,60,-3.81
52,Byeong Hun An,35.59%,21,59,-0.95
52,Jake Knapp,35.59%,21,59,+0.48
54,Tony Finau,36.67%,22,60,-0.91
55,Wyndham Clark,38.98%,23,59,-3.48
56,Max Greyserman,41.67%,25,60,-2.00
57,Nick Dunlap,44.07%,26,59,+0.38
58,Cameron Young,48.33%,29,60,-2.76
