rank,player,%,Fairways Hit,Possible Fairways
1,Aaron Rai,83.33%,50,60
2,Collin Morikawa,81.67%,49,60
2,J.T. Poston,81.67%,49,60
4,Russell Henley,80.00%,48,60
4,Sepp Straka,80.00%,48,60
6,Nick Taylor,78.33%,47,60
7,Sungjae Im,76.67%,46,60
7,Robert MacIntyre,76.67%,46,60
9,Corey Conners,75.00%,45,60
9,Austin Eckroat,75.00%,45,60
9,Brice Garnett,75.00%,45,60
9,Adam Hadwin,75.00%,45,60
9,Hideki Matsuyama,75.00%,45,60
9,Matt McCarty,75.00%,45,60
15,Max Homa,73.33%,44,60
15,Kevin Yu,73.33%,44,60
17,Cam Davis,71.67%,43,60
18,Rafael Campos,70.00%,42,60
18,Brian Harman,70.00%,42,60
18,Chris Kirk,70.00%,42,60
18,Denny McCarthy,70.00%,42,60
22,Akshay Bhatia,68.33%,41,60
22,Eric Cole,68.33%,41,60
22,Matt Fitzpatrick,68.33%,41,60
22,Taylor Pendrith,68.33%,41,60
22,Sahith Theegala,68.33%,41,60
22,Will Zalatoris,68.33%,41,60
28,Keegan Bradley,66.67%,40,60
28,Thomas Detry,66.67%,40,60
28,Nico Echavarria,66.67%,40,60
28,Billy Horschel,66.67%,40,60
28,Si Woo Kim,66.67%,40,60
28,Peter Malnati,66.67%,40,60
34,Chris Gotterup,65.00%,39,60
34,Tom Hoge,65.00%,39,60
34,Viktor Hovland,65.00%,39,60
34,Patton Kizzire,65.00%,39,60
34,Maverick McNealy,65.00%,39,60
34,Davis Thompson,65.00%,39,60
40,Sam Burns,63.33%,38,60
40,Harry Hall,63.33%,38,60
40,Jhonattan Vegas,63.33%,38,60
43,Byeong Hun An,61.67%,37,60
43,Christiaan Bezuidenhout,61.67%,37,60
43,Patrick Cantlay,61.67%,37,60
43,Tony Finau,61.67%,37,60
43,Matthieu Pavon,61.67%,37,60
48,Wyndham Clark,60.00%,36,60
48,Jason Day,60.00%,36,60
48,Stephan Jaeger,60.00%,36,60
48,Adam Scott,60.00%,36,60
52,Max Greyserman,56.67%,34,60
52,Justin Thomas,56.67%,34,60
54,Jake Knapp,55.00%,33,60
55,Xander Schauffele,53.33%,32,60
56,Ludvig Åberg,51.67%,31,60
56,Cameron Young,51.67%,31,60
58,Nick Dunlap,50.00%,30,60
