rank,player,%,Total Fairway Bunkers,Possible Fwys,Relative to par
1,Byeong Hun An,.0,0,0,E
1,Patrick Cantlay,.0,0,0,E
1,Wyndham Clark,.0,0,0,E
1,Cam Davis,.0,0,0,E
1,Nico Echavarria,.0,0,0,E
1,Max Greyserman,.0,0,0,E
1,Max Homa,.0,0,0,E
1,Viktor Hovland,.0,0,0,E
1,Sungjae Im,.0,0,0,E
1,Hideki Matsuyama,.0,0,0,E
1,Matt McCarty,.0,0,0,E
1,J.T. Poston,.0,0,0,E
1,Aaron Rai,.0,0,0,E
1,Cameron Young,.0,0,0,E
1,Kevin Yu,.0,0,0,E
16,Akshay Bhatia,1.7,1,4,E
16,Keegan Bradley,1.7,1,5,E
16,Rafael Campos,1.7,1,4,-1.000
16,Corey Conners,1.7,1,4,+1.000
16,Jason Day,1.7,1,4,E
16,Nick Dunlap,1.7,1,4,+2.000
16,Austin Eckroat,1.7,1,4,-1.000
16,Tony Finau,1.7,1,4,E
16,Brice Garnett,1.7,1,4,E
16,Adam Hadwin,1.7,1,4,+1.000
16,Harry Hall,1.7,1,4,-1.000
16,Brian Harman,1.7,1,4,E
16,Russell Henley,1.7,1,4,+1.000
16,Billy Horschel,1.7,1,4,E
16,Si Woo Kim,1.7,1,4,E
16,Chris Kirk,1.7,1,4,+1.000
16,Jake Knapp,1.7,1,4,E
16,Robert MacIntyre,1.7,1,4,E
16,Matthieu Pavon,1.7,1,4,E
16,Taylor Pendrith,1.7,1,5,-1.000
16,Sepp Straka,1.7,1,4,+1.000
16,Nick Taylor,1.7,1,4,E
16,Justin Thomas,1.7,1,5,-1.000
16,Davis Thompson,1.7,1,4,+3.000
16,Jhonattan Vegas,1.7,1,5,-1.000
16,Will Zalatoris,1.7,1,4,E
42,Sam Burns,3.3,2,8,+0.500
42,Thomas Detry,3.3,2,9,-0.500
42,Matt Fitzpatrick,3.3,2,8,+0.500
42,Chris Gotterup,3.3,2,8,+0.500
42,Denny McCarthy,3.3,2,9,E
42,Maverick McNealy,3.3,2,8,-0.500
42,Collin Morikawa,3.3,2,8,E
42,Xander Schauffele,3.3,2,8,E
42,Adam Scott,3.3,2,8,E
42,Sahith Theegala,3.3,2,8,-0.500
52,Patton Kizzire,3.4,2,8,+0.500
53,Ludvig Åberg,5.0,3,13,-0.667
53,Christiaan Bezuidenhout,5.0,3,12,E
53,Eric Cole,5.0,3,12,+0.333
53,Tom Hoge,5.0,3,12,-0.333
57,Stephan Jaeger,6.7,4,17,+0.250
57,Peter Malnati,6.7,4,16,+0.750
