rank,player,%,Fairways Hit,Possible Fairways,Relative to Par
1,Aaron Rai,83.33%,50,60,-0.38
2,Collin Morikawa,81.67%,49,60,-0.47
2,J.T. Poston,81.67%,49,60,-0.33
4,Russell Henley,80.00%,48,60,-0.31
4,Sepp Straka,80.00%,48,60,-0.44
6,Nick Taylor,78.33%,47,60,-0.26
7,Sungjae Im,76.67%,46,60,-0.50
7,Robert MacIntyre,76.67%,46,60,-0.39
9,Brice Garnett,75.00%,45,60,-0.13
9,Adam Hadwin,75.00%,45,60,-0.36
9,Hideki Matsuyama,75.00%,45,60,-0.53
9,Matt McCarty,75.00%,45,60,-0.18
13,Cam Davis,74.14%,43,58,-0.53
14,Corey Conners,73.33%,44,60,-0.45
14,Austin Eckroat,73.33%,44,60,-0.36
14,Kevin Yu,73.33%,44,60,-0.36
17,Rafael Campos,72.41%,42,58,-0.31
18,Max Homa,71.67%,43,60,-0.37
19,Brian Harman,70.00%,42,60,-0.10
19,Chris Kirk,70.00%,42,60,-0.50
19,Denny McCarthy,70.00%,42,60,-0.19
22,Eric Cole,68.33%,41,60,-0.17
22,Sahith Theegala,68.33%,41,60,-0.34
22,Will Zalatoris,68.33%,41,60,-0.29
25,Akshay Bhatia,66.67%,40,60,-0.33
25,Keegan Bradley,66.67%,40,60,-0.50
25,Nico Echavarria,66.67%,40,60,-0.23
25,Matt Fitzpatrick,66.67%,40,60,-0.40
25,Billy Horschel,66.67%,40,60,-0.30
25,Si Woo Kim,66.67%,40,60,-0.50
25,Taylor Pendrith,66.67%,40,60,-0.45
32,Patton Kizzire,66.10%,39,59,-0.33
33,Thomas Detry,65.00%,39,60,-0.41
33,Chris Gotterup,65.00%,39,60,-0.26
33,Tom Hoge,65.00%,39,60,-0.38
33,Viktor Hovland,65.00%,39,60,-0.41
33,Peter Malnati,65.00%,39,60,-0.26
33,Maverick McNealy,65.00%,39,60,-0.41
33,Davis Thompson,65.00%,39,60,-0.44
40,Sam Burns,63.33%,38,60,-0.50
40,Harry Hall,63.33%,38,60,-0.58
42,Byeong Hun An,62.71%,37,59,-0.43
43,Christiaan Bezuidenhout,61.67%,37,60,-0.46
43,Patrick Cantlay,61.67%,37,60,-0.59
43,Tony Finau,61.67%,37,60,-0.41
43,Matthieu Pavon,61.67%,37,60,-0.30
47,Wyndham Clark,61.02%,36,59,-0.39
47,Jhonattan Vegas,61.02%,36,59,-0.44
49,Jason Day,60.00%,36,60,-0.36
49,Stephan Jaeger,60.00%,36,60,-0.53
49,Adam Scott,60.00%,36,60,-0.39
52,Justin Thomas,57.63%,34,59,-0.53
53,Max Greyserman,56.67%,34,60,-0.47
54,Jake Knapp,54.24%,32,59,-0.50
55,Xander Schauffele,53.33%,32,60,-0.28
56,Ludvig Åberg,51.67%,31,60,-0.52
56,Cameron Young,51.67%,31,60,-0.39
58,Nick Dunlap,50.85%,30,59,-0.37
