rank,player,Avg,Total Distance (Feet),Total Strokes
1,Aaron Rai,"5' 7""",49.917,9
2,Max Homa,"6' 9""",101.000,15
3,Sungjae Im,"9' 0""",117.167,13
3,Cameron Young,"9' 0""",234.333,26
5,Matt Fitzpatrick,"9' 8""",174.667,18
6,Kevin Yu,"9' 10""",137.667,14
7,Matt McCarty,"10' 2""",132.583,13
8,Collin Morikawa,"10' 7""",84.333,8
9,Maverick McNealy,"10' 8""",180.833,17
10,Thomas Detry,"10' 11""",185.583,17
11,Max Greyserman,"11' 3""",269.000,24
11,Nick Taylor,"11' 3""",146.667,13
13,J.T. Poston,"11' 5""",102.917,9
14,Brian Harman,"11' 7""",138.917,12
15,Nico Echavarria,"11' 10""",177.250,15
16,Sam Burns,"12' 0""",227.417,19
16,Patrick Cantlay,"12' 0""",215.833,18
18,Viktor Hovland,"12' 7""",239.833,19
19,Tony Finau,"12' 9""",293.917,23
20,Adam Hadwin,"12' 10""",167.000,13
21,Keegan Bradley,"12' 11""",220.250,17
21,Nick Dunlap,"12' 11""",336.250,26
21,Brice Garnett,"12' 11""",167.500,13
21,Si Woo Kim,"12' 11""",232.000,18
25,Adam Scott,"13' 4""",307.167,23
26,Akshay Bhatia,"14' 2""",240.667,17
27,Jason Day,"14' 4""",301.667,21
28,Christiaan Bezuidenhout,"14' 8""",308.833,21
29,Harry Hall,"15' 1""",332.083,22
30,Wyndham Clark,"15' 2""",303.500,20
31,Corey Conners,"15' 3""",167.583,11
31,Russell Henley,"15' 3""",183.083,12
33,Taylor Pendrith,"15' 9""",236.583,15
34,Jake Knapp,"15' 10""",347.667,22
35,Austin Eckroat,"16' 0""",223.583,14
36,Robert MacIntyre,"16' 1""",193.167,12
37,Ludvig Åberg,"16' 7""",415.000,25
38,Xander Schauffele,"16' 9""",369.000,22
39,Chris Kirk,"17' 0""",237.833,14
40,Davis Thompson,"17' 2""",325.833,19
41,Sahith Theegala,"17' 10""",231.917,13
42,Eric Cole,"18' 1""",253.333,14
42,Patton Kizzire,"18' 1""",344.083,19
42,Hideki Matsuyama,"18' 1""",217.167,12
45,Will Zalatoris,"18' 2""",326.250,18
46,Justin Thomas,"18' 4""",311.833,17
47,Tom Hoge,"19' 9""",374.583,19
48,Stephan Jaeger,"20' 1""",442.583,22
49,Rafael Campos,"20' 2""",282.667,14
50,Peter Malnati,"21' 10""",371.000,17
51,Matthieu Pavon,"22' 0""",418.667,19
52,Chris Gotterup,"22' 9""",387.083,17
52,Jhonattan Vegas,"22' 9""",432.000,19
54,Cam Davis,"23' 11""",286.917,12
55,Sepp Straka,"25' 4""",227.750,9
56,Byeong Hun An,"26' 5""",501.500,19
57,Denny McCarthy,"29' 4""",439.750,15
58,Billy Horschel,"30' 9""",461.417,15
