rank,player,%,Number of Times,Attempts,Avg RTP Score
1,Russell Henley,16.7,2,12,E
2,Eric Cole,20.0,3,15,-3.33
3,Adam Scott,20.8,5,24,-2.00
4,Jhonattan Vegas,21.1,4,19,-5.00
5,Patton Kizzire,26.3,5,19,+2.00
6,Christiaan Bezuidenhout,27.3,6,22,-3.33
7,Will Zalatoris,27.8,5,18,-4.00
8,Jason Day,28.6,6,21,-1.67
9,Matt McCarty,30.8,4,13,E
10,Byeong Hun An,31.6,6,19,E
11,Si Woo Kim,33.3,6,18,E
12,Tony Finau,34.8,8,23,E
13,Keegan Bradley,35.3,6,17,-1.67
14,Harry Hall,36.4,8,22,+1.25
15,Billy Horschel,37.5,6,16,+1.67
16,Wyndham Clark,38.1,8,21,E
17,Stephan Jaeger,39.1,9,23,+1.11
18,Akshay Bhatia,41.2,7,17,-2.86
19,Matthieu Pavon,42.1,8,19,+2.50
20,Austin Eckroat,42.9,6,14,-1.67
20,Adam Hadwin,42.9,6,14,+3.33
22,Rafael Campos,43.8,7,16,-2.86
22,Nico Echavarria,43.8,7,16,E
24,Ludvig Åberg,44.0,11,25,-2.73
25,J.T. Poston,44.4,4,9,-5.00
26,Chris Gotterup,45.0,9,20,-2.22
26,Tom Hoge,45.0,9,20,-2.22
26,Justin Thomas,45.0,9,20,+1.11
29,Xander Schauffele,45.8,11,24,-1.82
30,Nick Taylor,46.2,6,13,+3.33
30,Cameron Young,46.2,12,26,-1.67
32,Max Homa,46.7,7,15,-4.29
32,Denny McCarthy,46.7,7,15,-2.86
34,Maverick McNealy,47.1,8,17,-2.50
35,Peter Malnati,47.4,9,19,+1.11
35,Davis Thompson,47.4,9,19,+2.22
37,Jake Knapp,48.0,12,25,+5.83
38,Brian Harman,50.0,7,14,+1.43
39,Thomas Detry,52.9,9,17,-1.11
40,Corey Conners,53.8,7,13,-4.29
40,Brice Garnett,53.8,7,13,+1.43
42,Matt Fitzpatrick,55.6,10,18,-2.00
42,Sepp Straka,55.6,5,9,+2.00
44,Max Greyserman,56.0,14,25,-2.86
45,Taylor Pendrith,56.3,9,16,-2.22
46,Cam Davis,57.1,8,14,+5.00
46,Kevin Yu,57.1,8,14,E
48,Sam Burns,57.9,11,19,-1.82
48,Patrick Cantlay,57.9,11,19,E
50,Robert MacIntyre,58.3,7,12,-2.86
51,Nick Dunlap,60.7,17,28,+2.35
52,Sahith Theegala,61.5,8,13,-2.50
53,Collin Morikawa,62.5,5,8,-4.00
54,Chris Kirk,66.7,10,15,+4.00
54,Hideki Matsuyama,66.7,8,12,-5.00
54,Aaron Rai,66.7,6,9,-3.33
57,Viktor Hovland,75.0,15,20,E
58,Sungjae Im,84.6,11,13,-0.91
