rank,player,Avg,Tot Dist (ft),Tot Eagles Putts Made.,Longest Made (ft),Shortest Made (ft)
1,Ryan Palmer,"42' 5""",42.417,1,42,42
2,D.J. Trahan,"37' 1""",37.083,1,37,37
3,Carl Pettersson,"32' 0""",32.000,1,32,32
4,Davis Love III,"29' 2""",58.250,2,45,13
5,Zach Johnson,"27' 9""",55.500,2,39,17
6,Cameron Beckman,"23' 9""",23.750,1,24,24
7,Geoff Ogilvy,"20' 9""",20.750,1,21,21
8,Daniel Chopra,"20' 5""",20.417,1,20,20
9,Adam Scott,"17' 6""",34.917,2,33,2
10,Johnson Wagner,"17' 1""",17.083,1,17,17
11,Trevor Immelman,"15' 10""",31.583,2,23,9
12,Sean O'Hair,"12' 4""",12.333,1,12,12
13,Ernie Els,"11' 5""",11.417,1,11,11
14,Stewart Cink,"8' 6""",8.500,1,9,9
15,Kenny Perry,"8' 2""",8.167,1,8,8
16,Anthony Kim,"7""",.583,1,1,"7"""
