rank,player,Value,Attempts,Total Distance (Feet)
1,K.J. Choi,"1' 10""",47,86.000
2,Davis Love III,"1' 11""",50,96.000
3,Stewart Cink,"2' 0""",50,100.333
3,Kenny Perry,"2' 0""",49,99.667
5,Greg Kraft,"2' 1""",47,96.250
5,Johnson Wagner,"2' 1""",50,103.583
7,Cameron Beckman,"2' 3""",51,113.500
7,Justin Leonard,"2' 3""",48,107.000
7,Parker McLachlin,"2' 3""",48,107.833
7,Carl Pettersson,"2' 3""",49,110.250
7,Chez Reavie,"2' 3""",51,114.833
12,D.J. Trahan,"2' 4""",54,126.417
13,J.B. Holmes,"2' 5""",55,131.250
13,Zach Johnson,"2' 5""",44,105.583
13,Geoff Ogilvy,"2' 5""",42,100.333
13,Adam Scott,"2' 5""",48,117.417
17,Brian Gay,"2' 6""",48,119.583
17,Steve Lowery,"2' 6""",46,116.833
19,Ernie Els,"2' 7""",42,107.750
19,Sean O'Hair,"2' 7""",48,125.333
21,Ryuji Imada,"2' 9""",41,111.583
21,Trevor Immelman,"2' 9""",51,139.333
21,Camilo Villegas,"2' 9""",46,124.667
24,Dustin Johnson,"2' 10""",48,134.083
24,Richard Johnson,"2' 10""",46,131.333
24,Will MacKenzie,"2' 10""",48,135.667
24,Vijay Singh,"2' 10""",50,143.333
28,Marc Turnesa,"2' 11""",45,129.667
29,Daniel Chopra,"3' 0""",41,123.667
29,Boo Weekley,"3' 0""",54,160.083
31,Anthony Kim,"3' 2""",46,147.167
32,Ryan Palmer,"3' 8""",46,167.250
33,Andres Romero,"3' 10""",50,190.500
