rank,player,Avg,Distance (Feet),Total Putts
1,Davis Love III,"94' 10""",94.833,1
2,Will MacKenzie,"80' 8""",161.333,2
3,Geoff Ogilvy,"79' 1""",158.167,2
4,Justin Leonard,"59' 11""",179.750,3
5,Brian Gay,"51' 9""",51.750,1
6,Trevor Immelman,"51' 7""",361.250,7
7,Marc Turnesa,"50' 3""",251.417,5
8,Steve Lowery,"49' 7""",198.167,4
9,Carl Pettersson,"49' 6""",99.000,2
10,K.J. Choi,"48' 6""",96.917,2
11,Ryuji Imada,"48' 2""",96.333,2
11,Richard Johnson,"48' 2""",144.500,3
13,Anthony Kim,"47' 9""",143.250,3
14,Vijay Singh,"43' 2""",301.917,7
15,Adam Scott,"42' 11""",85.833,2
16,Ryan Palmer,"42' 7""",85.083,2
17,Zach Johnson,"42' 5""",84.833,2
18,Kenny Perry,"41' 8""",83.333,2
19,Daniel Chopra,"40' 11""",122.833,3
20,Cameron Beckman,"40' 3""",40.250,1
21,Dustin Johnson,"37' 8""",113.000,3
21,Sean O'Hair,"37' 8""",188.417,5
23,Greg Kraft,"37' 5""",74.833,2
24,Boo Weekley,"36' 4""",181.750,5
25,Johnson Wagner,"34' 10""",34.833,1
26,Andres Romero,"33' 1""",165.500,5
27,Ernie Els,"32' 8""",65.250,2
28,D.J. Trahan,"32' 1""",64.083,2
29,Camilo Villegas,"31' 10""",159.000,5
30,Stewart Cink,"30' 1""",120.250,4
31,Chez Reavie,"28' 1""",84.250,3
32,J.B. Holmes,"21' 0""",21.000,1
33,Parker McLachlin,"11' 4""",11.333,1
