rank,player,Avg,Distance (Feet),Total Putts
1,Davis Love III,"13' 4""",279.167,21
2,D.J. Trahan,"11' 5""",204.750,18
3,Greg Kraft,"10' 7""",254.250,24
4,Chez Reavie,"9' 9""",185.083,19
5,Boo Weekley,"9' 5""",169.500,18
6,Marc Turnesa,"9' 3""",249.167,27
7,Steve Lowery,"9' 2""",237.833,26
8,Stewart Cink,"9' 1""",190.083,21
8,Zach Johnson,"9' 1""",253.583,28
8,Camilo Villegas,"9' 1""",235.417,26
11,Johnson Wagner,"9' 0""",197.833,22
12,Trevor Immelman,"8' 9""",183.500,21
13,Geoff Ogilvy,"8' 7""",257.667,30
14,Ryuji Imada,"8' 5""",260.667,31
15,Kenny Perry,"8' 2""",187.667,23
16,Will MacKenzie,"8' 1""",193.583,24
17,Ryan Palmer,"7' 11""",206.583,26
18,Richard Johnson,"7' 10""",196.833,25
19,Brian Gay,"7' 9""",186.333,24
19,Dustin Johnson,"7' 9""",177.583,23
21,Cameron Beckman,"7' 7""",158.750,21
21,J.B. Holmes,"7' 7""",128.333,17
23,Daniel Chopra,"7' 4""",218.833,30
24,K.J. Choi,"7' 3""",181.917,25
25,Anthony Kim,"7' 1""",184.667,26
25,Sean O'Hair,"7' 1""",169.500,24
25,Carl Pettersson,"7' 1""",163.583,23
28,Parker McLachlin,"7' 0""",167.917,24
29,Justin Leonard,"6' 6""",155.667,24
30,Vijay Singh,"6' 4""",139.667,22
31,Adam Scott,"6' 0""",143.000,24
32,Ernie Els,"5' 10""",174.250,30
33,Andres Romero,"5' 5""",118.417,22
