rank,player,Avg,Distance (Feet),Total Putts
1,Davis Love III,"14' 9""",250.500,17
2,Greg Kraft,"14' 3""",170.750,12
3,D.J. Trahan,"13' 6""",188.667,14
4,Stewart Cink,"12' 7""",138.000,11
5,Chez Reavie,"11' 4""",170.167,15
5,Marc Turnesa,"11' 4""",169.667,15
5,Camilo Villegas,"11' 4""",214.833,19
5,Johnson Wagner,"11' 4""",169.583,15
9,Boo Weekley,"11' 3""",146.417,13
10,Zach Johnson,"11' 1""",210.417,19
11,Trevor Immelman,"10' 5""",145.917,14
12,Steve Lowery,"10' 4""",196.667,19
13,Geoff Ogilvy,"9' 10""",235.000,24
14,Brian Gay,"9' 9""",127.083,13
14,Ryuji Imada,"9' 9""",194.333,20
16,Richard Johnson,"9' 8""",145.000,15
17,Daniel Chopra,"9' 5""",188.250,20
18,J.B. Holmes,"9' 4""",102.917,11
18,Ryan Palmer,"9' 4""",139.917,15
20,Cameron Beckman,"9' 3""",138.917,15
21,Dustin Johnson,"9' 2""",164.833,18
22,Carl Pettersson,"9' 1""",117.750,13
23,Will MacKenzie,"9' 0""",153.583,17
23,Sean O'Hair,"9' 0""",152.333,17
25,Kenny Perry,"8' 5""",143.500,17
26,Anthony Kim,"8' 2""",147.500,18
27,Parker McLachlin,"7' 10""",133.667,17
28,Vijay Singh,"7' 8""",115.083,15
29,K.J. Choi,"7' 7""",129.333,17
30,Justin Leonard,"7' 5""",134.000,18
31,Andres Romero,"6' 8""",66.583,10
32,Ernie Els,"6' 6""",103.750,16
32,Adam Scott,"6' 6""",97.750,15
