rank,player,Avg,Distance (feet),Total Putts
1,Will MacKenzie,"80' 8""",1.936,2
2,Geoff Ogilvy,"79' 1""",1.898,2
3,Justin Leonard,"59' 11""",2.157,3
4,Daniel Chopra,"52' 2""",1.251,2
5,Steve Lowery,"51' 10""",1.244,2
6,Brian Gay,"51' 9""",.621,1
7,Trevor Immelman,"51' 7""",4.335,7
8,Marc Turnesa,"50' 3""",3.017,5
9,Carl Pettersson,"49' 6""",1.188,2
10,K.J. Choi,"48' 6""",1.163,2
11,Ryuji Imada,"48' 2""",1.156,2
11,Richard Johnson,"48' 2""",1.734,3
13,Anthony Kim,"47' 9""",1.719,3
14,Vijay Singh,"43' 2""",3.623,7
15,Adam Scott,"42' 11""",1.030,2
16,Ryan Palmer,"42' 7""",1.021,2
17,Zach Johnson,"42' 5""",1.018,2
18,Boo Weekley,"42' 2""",2.024,4
19,Kenny Perry,"41' 8""",1.000,2
20,Cameron Beckman,"40' 3""",.483,1
21,Stewart Cink,"37' 8""",.903,2
21,Dustin Johnson,"37' 8""",1.356,3
21,Sean O'Hair,"37' 8""",2.261,5
24,Greg Kraft,"37' 5""",.898,2
25,Johnson Wagner,"34' 10""",.418,1
26,Andres Romero,"33' 1""",1.986,5
27,Ernie Els,"32' 8""",.783,2
28,D.J. Trahan,"32' 1""",.769,2
29,Camilo Villegas,"31' 10""",1.908,5
30,Chez Reavie,"28' 1""",1.011,3
31,J.B. Holmes,"21' 0""",.252,1
32,Parker McLachlin,"11' 4""",.136,1
