rank,player,Distance in Inches
1,Ryuji Imada,61
1,Davis Love III,61
3,Zach Johnson,59
4,Greg Kraft,58
4,Geoff Ogilvy,58
4,Marc Turnesa,58
7,Steve Lowery,57
7,Camilo Villegas,57
9,Daniel Chopra,56
10,Ryan Palmer,55
11,Will MacKenzie,54
12,Richard Johnson,53
12,Anthony Kim,53
12,D.J. Trahan,53
15,Chez Reavie,50
15,Johnson Wagner,50
17,Brian Gay,49
17,Dustin Johnson,49
17,Boo Weekley,49
20,Stewart Cink,48
20,Trevor Immelman,48
22,Parker McLachlin,46
22,Kenny Perry,46
24,Cameron Beckman,45
24,Ernie Els,45
24,Sean O'Hair,45
24,Carl Pettersson,45
28,K.J. Choi,43
28,J.B. Holmes,43
30,Justin Leonard,42
31,Andres Romero,41
31,Adam Scott,41
31,Vijay Singh,41
