rank,player,%,# of Birdie or Better,Attempts,RTP-Successes,RTP-Not going for the grn
1,James Hahn,100.00,5,5,-6,-2.00
1,J.J. Henry,100.00,7,7,-8,-2.00
1,Ben Martin,100.00,7,7,-7,E
1,Kenny Perry,100.00,6,6,-6,+1.00
5,Harris English,90.91,10,11,-10,E
6,Jeff Overton,88.89,8,9,-8,E
6,Jimmy Walker,88.89,8,9,-8,-3.00
8,Brian Harman,87.50,7,8,-7,E
8,Tom Johnson,87.50,7,8,-7,-1.00
8,Russell Knox,87.50,7,8,-7,E
8,Pat Perez,87.50,7,8,-7,-3.00
12,Jerry Kelly,85.71,6,7,-7,-2.00
12,Ryan Palmer,85.71,6,7,-7,+1.00
12,Roger Sloan,85.71,6,7,-6,-1.00
12,Robert Streb,85.71,6,7,-7,-2.00
12,Nick Taylor,85.71,6,7,-6,-3.00
17,Zac Blair,83.33,5,6,-5,-2.00
17,Hyung-Sung Kim,83.33,5,6,-5,-3.00
17,Brendon Todd,83.33,5,6,-6,+2.00
20,Paul Casey,80.00,8,10,-8,-1.00
20,Colt Knost,80.00,4,5,-4,-3.00
20,Webb Simpson,80.00,8,10,-8,+1.00
23,Daniel Berger,77.78,7,9,-7,E
23,Brian Davis,77.78,7,9,-7,E
25,Jason Day,75.00,6,8,-6,+2.00
25,David Hearn,75.00,3,4,-3,-2.00
25,John Peterson,75.00,6,8,-8,-1.00
25,Scott Pinckney,75.00,6,8,-9,+1.00
25,Daniel Summerhays,75.00,6,8,-7,+1.00
25,Boo Weekley,75.00,6,8,-7,-3.00
31,Gary Woodland,72.73,8,11,-10,-1.00
32,Matt Jones,71.43,5,7,-5,+2.00
32,Francesco Molinari,71.43,5,7,-5,-3.00
32,Camilo Villegas,71.43,5,7,-5,+1.00
35,Max Homa,70.00,7,10,-7,E
35,Chez Reavie,70.00,7,10,-7,-2.00
35,Andrew Svoboda,70.00,7,10,-8,E
35,Justin Thomas,70.00,7,10,-9,E
39,Charles Howell III,66.67,6,9,-6,E
39,Jason Kokrak,66.67,6,9,-6,E
41,K.J. Choi,62.50,5,8,-7,-2.00
41,Stewart Cink,62.50,5,8,-5,-2.00
41,Mark Hubbard,62.50,5,8,-5,-1.00
41,Chris Kirk,62.50,5,8,-5,-1.00
45,Chad Collins,60.00,3,5,-4,-2.00
45,Derek Fathauer,60.00,3,5,-3,-2.00
45,Morgan Hoffmann,60.00,6,10,-7,+1.00
45,Scott Langley,60.00,3,5,-3,-2.00
45,Marc Leishman,60.00,6,10,-6,-1.00
45,Shawn Stefani,60.00,6,10,-6,-1.00
51,WC Liang,57.14,4,7,-4,E
52,Steven Bowditch,55.56,5,9,-6,E
52,Russell Henley,55.56,5,9,-5,+2.00
52,Scott Piercy,55.56,5,9,-8,-1.00
52,Jhonattan Vegas,55.56,5,9,-5,+1.00
56,Blayne Barber,50.00,4,8,-4,-1.00
56,Tim Clark,50.00,2,4,-2,-5.00
56,Luke Donald,50.00,3,6,-3,-1.00
56,Zach Johnson,50.00,3,6,-4,-2.00
56,Matt Kuchar,50.00,4,8,-5,-1.00
56,Kevin Na,50.00,2,4,-2,+1.00
56,Michael Putnam,50.00,5,10,-5,E
56,Rory Sabbatini,50.00,5,10,-6,-2.00
56,Kevin Streelman,50.00,4,8,-5,E
65,Stuart Appleby,42.86,3,7,-3,-3.00
65,Sangmoon Bae,42.86,3,7,-3,-1.00
65,Spencer Levin,42.86,3,7,-3,-1.00
68,Justin Leonard,40.00,2,5,-2,-2.00
69,Troy Merritt,37.50,3,8,-3,-2.00
70,Nicholas Thompson,20.00,1,5,-1,-2.00
