rank,player,%,Attempts,Non-Attempts,RTP-Going for the green,RTP-Not going for the grn
1,Harris English,91.67,11,1,-10,E
1,Gary Woodland,91.67,11,1,-10,-1
3,Paul Casey,83.33,10,2,-8,-1
3,Morgan Hoffmann,83.33,10,2,-7,+1
3,Max Homa,83.33,10,2,-7,E
3,Marc Leishman,83.33,10,2,-6,-1
3,Michael Putnam,83.33,10,2,-5,E
3,Chez Reavie,83.33,10,2,-7,-2
3,Rory Sabbatini,83.33,10,2,-6,-2
3,Webb Simpson,83.33,10,2,-8,+1
3,Shawn Stefani,83.33,10,2,-6,-1
3,Andrew Svoboda,83.33,10,2,-8,E
3,Justin Thomas,83.33,10,2,-9,E
14,Daniel Berger,75.00,9,3,-7,E
14,Steven Bowditch,75.00,9,3,-6,E
14,Brian Davis,75.00,9,3,-7,E
14,Russell Henley,75.00,9,3,-5,+2
14,Charles Howell III,75.00,9,3,-6,E
14,Jason Kokrak,75.00,9,3,-6,E
14,Jeff Overton,75.00,9,3,-8,E
14,Scott Piercy,75.00,9,3,-8,-1
14,Jhonattan Vegas,75.00,9,3,-5,+1
14,Jimmy Walker,75.00,9,3,-8,-3
24,Blayne Barber,66.67,8,4,-3,-1
24,K.J. Choi,66.67,8,4,-7,-2
24,Stewart Cink,66.67,8,4,-5,-2
24,Jason Day,66.67,8,4,-6,+2
24,Brian Harman,66.67,8,4,-7,E
24,Mark Hubbard,66.67,8,4,-5,-1
24,Tom Johnson,66.67,8,4,-7,-1
24,Chris Kirk,66.67,8,4,-5,-1
24,Russell Knox,66.67,8,4,-7,E
24,Matt Kuchar,66.67,8,4,-5,-1
24,Troy Merritt,66.67,8,4,-3,-2
24,Pat Perez,66.67,8,4,-7,-3
24,John Peterson,66.67,8,4,-8,-1
24,Scott Pinckney,66.67,8,4,-9,+1
24,Kevin Streelman,66.67,8,4,-5,E
24,Daniel Summerhays,66.67,8,4,-6,+1
24,Boo Weekley,66.67,8,4,-7,-3
41,Stuart Appleby,58.33,7,5,-3,-3
41,Sangmoon Bae,58.33,7,5,-3,-1
41,J.J. Henry,58.33,7,5,-8,-2
41,Matt Jones,58.33,7,5,-5,+2
41,Jerry Kelly,58.33,7,5,-7,-2
41,Spencer Levin,58.33,7,5,-3,-1
41,WC Liang,58.33,7,5,-4,E
41,Ben Martin,58.33,7,5,-7,E
41,Francesco Molinari,58.33,7,5,-5,-3
41,Ryan Palmer,58.33,7,5,-7,+1
41,Roger Sloan,58.33,7,5,-6,-1
41,Robert Streb,58.33,7,5,-7,-2
41,Nick Taylor,58.33,7,5,-5,-3
41,Camilo Villegas,58.33,7,5,-5,+1
55,Zac Blair,50.00,6,6,-4,-2
55,Luke Donald,50.00,6,6,-3,-1
55,Zach Johnson,50.00,6,6,-4,-2
55,Hyung-Sung Kim,50.00,6,6,-5,-3
55,Kenny Perry,50.00,6,6,-6,+1
55,Brendon Todd,50.00,6,6,-6,+2
61,Chad Collins,41.67,5,7,-4,-2
61,Derek Fathauer,41.67,5,7,-2,-2
61,James Hahn,41.67,5,7,-6,-2
61,Colt Knost,41.67,5,7,-4,-3
61,Scott Langley,41.67,5,7,-3,-2
61,Justin Leonard,41.67,5,7,-2,-2
61,Nicholas Thompson,41.67,5,7,-1,-2
68,Tim Clark,33.33,4,8,-2,-5
68,David Hearn,33.33,4,8,-3,-2
68,Kevin Na,33.33,4,8,-2,+1
