rank,player,%,Successes,Attempts,RTP-Successes,RTP-Not going for the grn
1,James Hahn,100.00,5,5,-6,-2.00
2,Ben Martin,85.71,6,7,-6,E
3,Hyung-Sung Kim,66.67,4,6,-4,-3.00
4,J.J. Henry,57.14,4,7,-5,-2.00
5,Zac Blair,50.00,3,6,-3,-2.00
5,K.J. Choi,50.00,4,8,-5,-2.00
5,Luke Donald,50.00,3,6,-2,-1.00
5,Tom Johnson,50.00,4,8,-4,-1.00
5,John Peterson,50.00,4,8,-5,-1.00
5,Daniel Summerhays,50.00,4,8,-5,+1.00
5,Brendon Todd,50.00,3,6,-4,+2.00
5,Boo Weekley,50.00,4,8,-4,-3.00
13,Harris English,45.45,5,11,-5,E
13,Gary Woodland,45.45,5,11,-7,-1.00
15,Daniel Berger,44.44,4,9,-4,E
15,Brian Davis,44.44,4,9,-4,E
15,Scott Piercy,44.44,4,9,-7,-1.00
18,Jerry Kelly,42.86,3,7,-4,-2.00
18,Francesco Molinari,42.86,3,7,-3,-3.00
18,Ryan Palmer,42.86,3,7,-4,+1.00
18,Roger Sloan,42.86,3,7,-3,-1.00
18,Robert Streb,42.86,3,7,-4,-2.00
18,Camilo Villegas,42.86,3,7,-3,+1.00
24,Derek Fathauer,40.00,2,5,-2,-2.00
24,Colt Knost,40.00,2,5,-2,-3.00
24,Webb Simpson,40.00,4,10,-4,+1.00
24,Justin Thomas,40.00,4,10,-6,E
28,Russell Knox,37.50,3,8,-3,E
28,Scott Pinckney,37.50,3,8,-5,+1.00
30,Steven Bowditch,33.33,3,9,-4,E
30,Zach Johnson,33.33,2,6,-3,-2.00
30,Jeff Overton,33.33,3,9,-3,E
30,Jimmy Walker,33.33,3,9,-3,-3.00
34,Max Homa,30.00,3,10,-3,E
34,Michael Putnam,30.00,3,10,-2,E
34,Chez Reavie,30.00,3,10,-3,-2.00
34,Rory Sabbatini,30.00,3,10,-4,-2.00
34,Andrew Svoboda,30.00,3,10,-4,E
39,Stuart Appleby,28.57,2,7,-2,-3.00
39,Sangmoon Bae,28.57,2,7,-1,-1.00
41,Blayne Barber,25.00,2,8,-1,-1.00
41,Stewart Cink,25.00,2,8,-2,-2.00
41,Tim Clark,25.00,1,4,-1,-5.00
41,Jason Day,25.00,2,8,-2,+2.00
41,Brian Harman,25.00,2,8,-2,E
41,David Hearn,25.00,1,4,-1,-2.00
41,Mark Hubbard,25.00,2,8,-2,-1.00
41,Chris Kirk,25.00,2,8,-2,-1.00
41,Matt Kuchar,25.00,2,8,-3,-1.00
41,Troy Merritt,25.00,2,8,-1,-2.00
41,Kevin Na,25.00,1,4,-1,+1.00
41,Kevin Streelman,25.00,2,8,-2,E
53,Russell Henley,22.22,2,9,-2,+2.00
53,Jason Kokrak,22.22,2,9,-2,E
55,Paul Casey,20.00,2,10,-2,-1.00
55,Chad Collins,20.00,1,5,-2,-2.00
55,Morgan Hoffmann,20.00,2,10,-2,+1.00
55,Scott Langley,20.00,1,5,-1,-2.00
55,Marc Leishman,20.00,2,10,-2,-1.00
55,Justin Leonard,20.00,1,5,-1,-2.00
55,Shawn Stefani,20.00,2,10,-2,-1.00
55,Nicholas Thompson,20.00,1,5,-1,-2.00
63,Matt Jones,14.29,1,7,-1,+2.00
63,Spencer Levin,14.29,1,7,-1,-1.00
63,Nick Taylor,14.29,1,7,-1,-3.00
66,Pat Perez,12.50,1,8,-1,-3.00
67,Charles Howell III,11.11,1,9,E,E
68,WC Liang,.00,0,7,E,E
68,Kenny Perry,.00,0,6,E,+1.00
68,Jhonattan Vegas,.00,0,9,E,+1.00
