rank,player,%,Attempts
1,Blayne Barber,100.00,8
1,Paul Casey,100.00,8
1,K.J. Choi,100.00,8
1,Brian Davis,100.00,8
1,Harris English,100.00,8
1,Max Homa,100.00,8
1,Mark Hubbard,100.00,8
1,Russell Knox,100.00,8
1,Jeff Overton,100.00,8
1,John Peterson,100.00,8
1,Scott Piercy,100.00,8
1,Michael Putnam,100.00,8
1,Webb Simpson,100.00,8
1,Andrew Svoboda,100.00,8
1,Justin Thomas,100.00,8
1,Boo Weekley,100.00,8
1,Gary Woodland,100.00,8
18,Daniel Berger,87.50,7
18,Steven Bowditch,87.50,7
18,Brian Harman,87.50,7
18,J.J. Henry,87.50,7
18,Morgan Hoffmann,87.50,7
18,Tom Johnson,87.50,7
18,Matt Jones,87.50,7
18,Marc Leishman,87.50,7
18,WC Liang,87.50,7
18,Ben Martin,87.50,7
18,Ryan Palmer,87.50,7
18,Pat Perez,87.50,7
18,Chez Reavie,87.50,7
18,Rory Sabbatini,87.50,7
18,Roger Sloan,87.50,7
18,Shawn Stefani,87.50,7
18,Daniel Summerhays,87.50,7
18,Camilo Villegas,87.50,7
18,Jimmy Walker,87.50,7
37,Sangmoon Bae,75.00,6
37,Zac Blair,75.00,6
37,Stewart Cink,75.00,6
37,Jason Day,75.00,6
37,Luke Donald,75.00,6
37,Russell Henley,75.00,6
37,Charles Howell III,75.00,6
37,Zach Johnson,75.00,6
37,Hyung-Sung Kim,75.00,6
37,Chris Kirk,75.00,6
37,Matt Kuchar,75.00,6
37,Spencer Levin,75.00,6
37,Troy Merritt,75.00,6
37,Francesco Molinari,75.00,6
37,Kenny Perry,75.00,6
37,Robert Streb,75.00,6
37,Kevin Streelman,75.00,6
37,Nick Taylor,75.00,6
37,Brendon Todd,75.00,6
56,Stuart Appleby,62.50,5
56,Chad Collins,62.50,5
56,Derek Fathauer,62.50,5
56,James Hahn,62.50,5
56,Jerry Kelly,62.50,5
56,Colt Knost,62.50,5
56,Jason Kokrak,62.50,5
56,Scott Langley,62.50,5
56,Justin Leonard,62.50,5
56,Scott Pinckney,62.50,5
56,Nicholas Thompson,62.50,5
56,Jhonattan Vegas,62.50,5
68,Tim Clark,50.00,4
68,David Hearn,50.00,4
68,Kevin Na,50.00,4
