rank,player,Avg,Total Dist after GFG Shot,Total GFG Shots
1,James Hahn,9.5,"1,709.000",5
2,John Peterson,11.0,"3,155.000",8
3,Hyung-Sung Kim,11.6,"2,495.000",6
4,Boo Weekley,12.8,"3,689.000",8
5,Roger Sloan,15.3,"3,848.000",7
6,Ben Martin,15.7,"3,955.000",7
7,J.J. Henry,15.8,"3,989.000",7
7,Camilo Villegas,15.8,"3,975.000",7
9,K.J. Choi,16.4,"4,714.000",8
10,Zac Blair,17.1,"3,693.000",6
11,Scott Piercy,17.9,"5,799.000",9
12,Tom Johnson,18.0,"5,196.000",8
12,Colt Knost,18.0,"3,243.000",5
14,Brian Davis,18.1,"5,851.000",9
14,Jeff Overton,18.1,"5,876.000",9
16,Brendon Todd,18.6,"4,027.000",6
17,Daniel Summerhays,19.2,"5,542.000",8
18,Nick Taylor,19.4,"4,881.000",7
19,Robert Streb,19.5,"4,926.000",7
20,Russell Knox,19.6,"5,635.000",8
21,Nicholas Thompson,20.0,"3,601.000",5
22,Steven Bowditch,20.1,"6,498.000",9
23,Michael Putnam,20.5,"7,383.000",10
24,Justin Thomas,20.6,"7,433.000",10
25,Scott Pinckney,20.8,"5,995.000",8
26,Mark Hubbard,20.9,"6,018.000",8
27,Sangmoon Bae,21.1,"5,318.000",7
27,Luke Donald,21.1,"4,556.000",6
29,Zach Johnson,21.3,"4,604.000",6
29,Matt Jones,21.3,"5,355.000",7
29,Shawn Stefani,21.3,"7,684.000",10
32,Pat Perez,21.6,"6,218.000",8
32,Webb Simpson,21.6,"7,791.000",10
32,Jimmy Walker,21.6,"7,006.000",9
35,Ryan Palmer,21.8,"5,490.000",7
35,Kenny Perry,21.8,"4,713.000",6
37,Max Homa,22.1,"7,959.000",10
38,Blayne Barber,22.3,"6,423.000",8
39,Justin Leonard,22.5,"4,048.000",5
40,Chad Collins,22.7,"4,078.000",5
41,Tim Clark,22.8,"3,290.000",4
42,Stewart Cink,22.9,"6,588.000",8
43,Kevin Streelman,23.0,"6,634.000",8
44,Brian Harman,23.1,"6,643.000",8
45,Scott Langley,23.3,"4,190.000",5
46,Rory Sabbatini,23.6,"8,501.000",10
47,Daniel Berger,23.7,"7,670.000",9
48,Gary Woodland,23.9,"9,447.000",11
49,Matt Kuchar,24.0,"6,910.000",8
49,Andrew Svoboda,24.0,"8,637.000",10
51,Francesco Molinari,24.1,"6,084.000",7
52,Charles Howell III,24.5,"7,933.000",9
53,Morgan Hoffmann,24.6,"8,838.000",10
54,Jason Day,24.7,"7,100.000",8
55,Chris Kirk,24.8,"7,148.000",8
55,Marc Leishman,24.8,"8,916.000",10
57,Paul Casey,25.2,"9,082.000",10
58,WC Liang,25.4,"6,408.000",7
59,David Hearn,25.6,"3,691.000",4
59,Kevin Na,25.6,"3,683.000",4
61,Harris English,26.0,"10,287.000",11
62,Chez Reavie,27.1,"9,749.000",10
63,Spencer Levin,27.3,"6,874.000",7
64,Jhonattan Vegas,28.1,"9,093.000",9
65,Russell Henley,28.4,"9,213.000",9
65,Jerry Kelly,28.4,"7,148.000",7
65,Jason Kokrak,28.4,"9,187.000",9
68,Stuart Appleby,28.7,"7,238.000",7
69,Troy Merritt,30.6,"8,809.000",8
70,Derek Fathauer,66.6,"11,991.000",5
