rank,player,Avg DTP,Total Distance (feet),# of Shots,Scrambling Rank
1,Justin Thomas,"2' 9""",2.750,1,17
2,Jon Rahm,"3' 10""",46.333,12,13
3,Seamus Power,"4' 0""",39.833,10,9
4,Scottie Scheffler,"4' 2""",33.000,8,11
5,Brian Harman,"4' 5""",44.250,10,8
5,Russell Henley,"4' 5""",17.583,4,26
7,J.T. Poston,"4' 6""",26.917,6,5
8,Jordan Spieth,"4' 8""",23.500,5,5
9,Tom Kim,"4' 10""",33.667,7,15
10,Sepp Straka,"5' 1""",20.417,4,26
10,Adam Svensson,"5' 1""",25.583,5,20
12,Mackenzie Hughes,"5' 4""",42.833,8,16
12,Trey Mullinax,"5' 4""",31.917,6,4
14,Corey Conners,"5' 6""",38.750,7,1
15,Adam Scott,"5' 7""",44.417,8,21
16,J.J. Spaun,"5' 9""",28.917,5,5
17,Hideki Matsuyama,"6' 6""",39.167,6,12
17,Sahith Theegala,"6' 6""",58.333,9,23
19,Collin Morikawa,"6' 8""",46.917,7,10
19,Aaron Wise,"6' 8""",72.917,11,31
21,Tony Finau,"6' 9""",67.500,10,3
22,Scott Stallings,"7' 0""",70.250,10,29
23,Ryan Brehm,"7' 1""",21.333,3,31
24,Luke List,"7' 2""",92.750,13,22
24,Will Zalatoris,"7' 2""",64.417,9,13
26,Patrick Cantlay,"7' 6""",67.583,9,23
27,Matt Fitzpatrick,"7' 8""",99.333,13,2
28,Viktor Hovland,"7' 11""",79.250,10,29
29,Keegan Bradley,"8' 0""",56.167,7,17
29,Sam Burns,"8' 0""",15.917,2,34
31,K.H. Lee,"8' 2""",24.583,3,37
32,Cameron Young,"8' 8""",34.583,4,38
33,Sungjae Im,"8' 9""",87.417,10,17
34,Max Homa,"8' 10""",35.167,4,26
35,Billy Horschel,"9' 8""",19.333,2,35
36,Tom Hoge,"10' 0""",49.917,5,23
37,Chez Reavie,"11' 9""",82.333,7,35
38,Chad Ramey,"13' 10""",110.500,8,33
