rank,player,Avg dtp,Total Distance (Feet),Attempts
1,Sahith Theegala,"4' 11""",53.667,11
2,Collin Morikawa,"5' 1""",50.667,10
3,Tom Kim,"5' 2""",67.333,13
4,Scottie Scheffler,"5' 3""",52.417,10
5,Brian Harman,"5' 5""",96.917,18
6,J.J. Spaun,"5' 6""",32.917,6
7,Hideki Matsuyama,"5' 10""",81.417,14
8,K.H. Lee,"6' 2""",37.000,6
9,Russell Henley,"6' 5""",57.917,9
9,Aaron Wise,"6' 5""",70.833,11
11,J.T. Poston,"6' 6""",71.167,11
11,Justin Thomas,"6' 6""",58.833,9
13,Tony Finau,"6' 9""",81.000,12
14,Sepp Straka,"7' 0""",48.833,7
15,Jon Rahm,"7' 2""",78.750,11
16,Patrick Cantlay,"7' 3""",79.917,11
17,Tom Hoge,"7' 4""",80.750,11
18,Mackenzie Hughes,"7' 6""",90.250,12
19,Trey Mullinax,"7' 8""",122.250,16
20,Keegan Bradley,"7' 9""",77.667,10
21,Adam Svensson,"7' 10""",110.083,14
22,Seamus Power,"8' 0""",120.500,15
23,Jordan Spieth,"8' 1""",129.833,16
24,Adam Scott,"8' 3""",123.917,15
25,Corey Conners,"8' 8""",95.250,11
26,Will Zalatoris,"8' 10""",96.917,11
27,Matt Fitzpatrick,"9' 7""",124.917,13
28,Viktor Hovland,"9' 8""",116.250,12
28,Cameron Young,"9' 8""",87.167,9
30,Chez Reavie,"9' 11""",119.417,12
31,Ryan Brehm,"10' 4""",123.917,12
32,Chad Ramey,"11' 1""",154.583,14
33,Scott Stallings,"12' 4""",160.667,13
34,Max Homa,"12' 5""",99.083,8
35,Luke List,"13' 7""",136.000,10
36,Sam Burns,"14' 9""",147.167,10
37,Sungjae Im,"15' 11""",175.000,11
38,Billy Horschel,"24' 11""",199.333,8
