rank,player,Avg DTP,Total Distance (feet),# of Shots,Scrambling Rank
1,Adam Svensson,"4' 6""",13.417,3,20
2,Billy Horschel,"7' 1""",49.417,7,35
3,Tom Kim,"7' 5""",37.167,5,15
4,Hideki Matsuyama,"7' 6""",52.250,7,12
5,Russell Henley,"7' 8""",23.000,3,26
6,K.H. Lee,"7' 10""",62.917,8,37
7,Max Homa,"8' 4""",16.667,2,26
8,Viktor Hovland,"8' 9""",52.583,6,29
9,Patrick Cantlay,"9' 0""",44.833,5,23
10,Will Zalatoris,"9' 6""",66.250,7,13
11,Luke List,"10' 1""",70.833,7,22
12,Aaron Wise,"10' 4""",31.000,3,31
13,Jon Rahm,"10' 6""",52.667,5,13
14,Jordan Spieth,"10' 8""",127.917,12,5
15,Justin Thomas,"10' 9""",64.583,6,17
16,Sepp Straka,"10' 10""",32.583,3,26
16,Sahith Theegala,"10' 10""",108.250,10,23
18,Scottie Scheffler,"11' 0""",66.167,6,11
19,J.J. Spaun,"11' 1""",55.417,5,5
20,Chad Ramey,"11' 2""",33.500,3,33
21,Tony Finau,"11' 6""",34.500,3,3
22,Cameron Young,"11' 11""",71.583,6,38
23,Corey Conners,"12' 3""",73.250,6,1
24,Mackenzie Hughes,"12' 11""",77.583,6,16
25,Matt Fitzpatrick,"13' 1""",118.000,9,2
26,Seamus Power,"13' 2""",145.167,11,9
27,Trey Mullinax,"13' 3""",79.667,6,4
28,Collin Morikawa,"13' 10""",83.083,6,10
29,Keegan Bradley,"14' 0""",112.250,8,17
30,Sam Burns,"14' 1""",126.750,9,34
31,Ryan Brehm,"14' 10""",118.833,8,31
32,Sungjae Im,"15' 0""",59.833,4,17
33,Chez Reavie,"15' 9""",31.417,2,35
34,J.T. Poston,"16' 4""",65.333,4,5
35,Scott Stallings,"17' 1""",136.917,8,29
36,Brian Harman,"17' 6""",139.750,8,8
37,Adam Scott,"22' 9""",159.500,7,21
