rank,player,Avg DTP,Total Distance (feet),# of Shots,Scrambling Rank
1,Hideki Matsuyama,"2' 5""",2.417,1,12
2,Tom Hoge,"2' 7""",2.583,1,23
3,Brian Harman,"4' 7""",9.083,2,8
4,Collin Morikawa,"4' 8""",18.583,4,10
5,Russell Henley,"5' 2""",5.167,1,26
6,Jordan Spieth,"5' 11""",35.667,6,5
7,J.J. Spaun,"6' 0""",23.833,4,5
8,Billy Horschel,"6' 1""",6.083,1,35
9,K.H. Lee,"7' 11""",7.917,1,37
9,Scott Stallings,"7' 11""",15.750,2,29
11,J.T. Poston,"8' 0""",40.167,5,5
12,Luke List,"8' 2""",24.417,3,22
13,Tony Finau,"8' 8""",34.583,4,3
14,Scottie Scheffler,"9' 1""",9.083,1,11
15,Trey Mullinax,"9' 2""",9.167,1,4
16,Sahith Theegala,"9' 4""",18.583,2,23
17,Aaron Wise,"9' 10""",29.417,3,31
18,Tom Kim,"10' 10""",32.583,3,15
19,Will Zalatoris,"11' 0""",33.000,3,13
20,Matt Fitzpatrick,"11' 6""",57.667,5,2
21,Justin Thomas,"11' 7""",57.917,5,17
22,Patrick Cantlay,"11' 11""",59.417,5,23
23,Sungjae Im,"12' 2""",24.250,2,17
23,Sepp Straka,"12' 2""",12.167,1,26
25,Adam Scott,"12' 7""",50.333,4,21
26,Cameron Young,"14' 0""",27.917,2,38
27,Jon Rahm,"14' 7""",29.167,2,13
28,Mackenzie Hughes,"15' 6""",46.500,3,16
29,Keegan Bradley,"16' 0""",47.917,3,17
30,Viktor Hovland,"16' 2""",16.167,1,29
31,Chez Reavie,"17' 6""",70.000,4,35
32,Corey Conners,"19' 8""",39.333,2,1
33,Chad Ramey,"28' 6""",142.667,5,33
34,Seamus Power,"33' 11""",33.917,1,9
35,Sam Burns,"34' 0""",68.000,2,34
