rank,player,Avg DTP,Total Distance (feet),# of Shots,Scrambling Rank
1,Seamus Power,"0""",.000,1,9
2,Matt Fitzpatrick,"3""",.500,2,2
3,Sepp Straka,"4""",.333,1,26
4,Viktor Hovland,"9""",1.500,2,29
5,Tom Hoge,"11""",2.667,3,23
6,Justin Thomas,"1' 4""",2.583,2,17
7,Corey Conners,"1' 5""",5.750,4,1
7,Billy Horschel,"1' 5""",2.833,2,35
7,J.T. Poston,"1' 5""",1.417,1,5
10,Luke List,"1' 7""",1.583,1,22
11,Collin Morikawa,"1' 8""",3.333,2,10
12,Jordan Spieth,"2' 0""",4.000,2,5
13,Brian Harman,"2' 3""",6.667,3,8
13,Chad Ramey,"2' 3""",8.833,4,33
15,Trey Mullinax,"2' 4""",6.917,3,4
15,Adam Scott,"2' 4""",11.667,5,21
17,Max Homa,"2' 5""",2.417,1,26
18,Keegan Bradley,"2' 9""",8.167,3,17
18,Cameron Young,"2' 9""",13.583,5,38
20,Patrick Cantlay,"2' 10""",5.667,2,23
20,Hideki Matsuyama,"2' 10""",8.500,3,12
20,Scott Stallings,"2' 10""",5.583,2,29
23,Tony Finau,"3' 1""",3.083,1,3
24,Scottie Scheffler,"3' 3""",9.833,3,11
25,Russell Henley,"3' 6""",7.000,2,26
26,J.J. Spaun,"3' 9""",7.417,2,5
26,Sahith Theegala,"3' 9""",18.583,5,23
28,Tom Kim,"3' 10""",11.500,3,15
29,Chez Reavie,"3' 11""",11.750,3,35
30,Will Zalatoris,"4' 0""",8.000,2,13
31,Mackenzie Hughes,"5' 9""",17.250,3,16
32,Adam Svensson,"7' 9""",23.250,3,20
33,Ryan Brehm,"8' 11""",35.500,4,31
