rank,player,Avg DTP,Total Distance (feet),# of Shots,Scrambling Rank
1,Patrick Cantlay,"3' 8""",.265,6,23
2,Tom Kim,"3' 10""",.414,9,15
3,Scottie Scheffler,"4' 0""",.482,10,11
4,Jon Rahm,"4' 2""",.396,8,13
5,Chad Ramey,"4' 5""",.476,9,33
6,Adam Svensson,"4' 6""",.488,9,20
7,Brian Harman,"4' 8""",.671,12,8
8,Viktor Hovland,"4' 11""",.770,13,29
9,K.H. Lee,"5' 0""",.238,4,37
10,Mackenzie Hughes,"5' 1""",.673,11,16
11,J.J. Spaun,"5' 2""",.561,9,5
11,Justin Thomas,"5' 2""",.554,9,17
13,Corey Conners,"5' 4""",.580,9,1
14,Aaron Wise,"5' 5""",.457,7,31
15,Chez Reavie,"5' 6""",.198,3,35
16,Tony Finau,"5' 10""",.350,5,3
17,Cameron Young,"6' 3""",.821,11,38
18,Sepp Straka,"6' 4""",.680,9,26
19,Billy Horschel,"6' 6""",.706,9,35
20,Tom Hoge,"6' 10""",.576,7,23
20,Sahith Theegala,"6' 10""",1.149,14,23
22,J.T. Poston,"6' 11""",.661,8,5
23,Hideki Matsuyama,"7' 1""",.766,9,12
24,Jordan Spieth,"7' 5""",.886,10,5
25,Sungjae Im,"7' 6""",.807,9,17
26,Russell Henley,"7' 7""",.636,7,26
27,Matt Fitzpatrick,"7' 9""",.747,8,2
28,Keegan Bradley,"7' 10""",1.133,12,17
28,Luke List,"7' 10""",1.321,14,22
30,Will Zalatoris,"8' 3""",.893,9,13
31,Sam Burns,"8' 4""",1.000,10,34
32,Max Homa,"8' 11""",.534,5,26
33,Trey Mullinax,"9' 6""",1.593,14,4
34,Ryan Brehm,"9' 7""",1.262,11,31
35,Collin Morikawa,"9' 10""",1.062,9,10
36,Seamus Power,"10' 6""",1.634,13,9
37,Adam Scott,"11' 11""",.998,7,21
38,Scott Stallings,"12' 11""",1.552,10,29
