rank,player,Avg DTP,Total Distance (feet),# of Shots,Scrambling Rank
1,Trey Mullinax,"4' 1""",40.917,10,4
2,Russell Henley,"4' 2""",16.750,4,26
3,Jon Rahm,"5' 10""",69.833,12,13
4,Hideki Matsuyama,"6' 5""",63.750,10,12
5,Luke List,"6' 6""",52.250,8,22
6,J.T. Poston,"7' 2""",21.417,3,5
7,Tom Kim,"7' 3""",72.167,10,15
8,Patrick Cantlay,"7' 6""",67.167,9,23
8,Mackenzie Hughes,"7' 6""",67.250,9,16
10,Aaron Wise,"7' 9""",69.833,9,31
11,Corey Conners,"7' 10""",55.000,7,1
12,Tom Hoge,"8' 0""",31.917,4,23
13,Will Zalatoris,"8' 1""",88.583,11,13
14,Billy Horschel,"8' 3""",41.167,5,35
14,Sahith Theegala,"8' 3""",82.500,10,23
16,K.H. Lee,"8' 4""",91.333,11,37
16,Scottie Scheffler,"8' 4""",91.750,11,11
18,Seamus Power,"8' 8""",86.833,10,9
18,Jordan Spieth,"8' 8""",86.500,10,5
18,Cameron Young,"8' 8""",60.500,7,38
21,Chez Reavie,"9' 0""",44.833,5,35
22,Sam Burns,"9' 3""",46.250,5,34
23,Tony Finau,"9' 7""",67.167,7,3
24,Keegan Bradley,"9' 8""",38.667,4,17
24,Collin Morikawa,"9' 8""",48.500,5,10
26,Max Homa,"10' 1""",50.417,5,26
27,Justin Thomas,"10' 4""",72.083,7,17
28,Matt Fitzpatrick,"10' 7""",137.667,13,2
29,Adam Scott,"10' 8""",106.667,10,21
30,Sepp Straka,"10' 9""",42.833,4,26
31,Viktor Hovland,"11' 5""",79.667,7,29
32,Adam Svensson,"11' 6""",69.000,6,20
33,Chad Ramey,"11' 7""",46.333,4,33
34,J.J. Spaun,"11' 9""",70.667,6,5
34,Scott Stallings,"11' 9""",129.500,11,29
36,Brian Harman,"13' 3""",185.000,14,8
37,Ryan Brehm,"14' 9""",132.583,9,31
38,Sungjae Im,"15' 3""",91.583,6,17
