rank,player,Avg DTP,Total Distance (feet),# of Shots,Scrambling Rank
1,Keegan Bradley,"4' 5""",4.417,1,17
2,J.T. Poston,"4' 7""",23.000,5,5
3,Mackenzie Hughes,"5' 5""",38.167,7,16
3,Luke List,"5' 5""",21.583,4,22
5,Adam Scott,"5' 6""",32.917,6,21
6,Jordan Spieth,"5' 10""",40.583,7,5
6,Sahith Theegala,"5' 10""",11.667,2,23
8,Collin Morikawa,"6' 0""",24.000,4,10
9,Tom Hoge,"6' 2""",31.000,5,23
9,Hideki Matsuyama,"6' 2""",30.833,5,12
11,K.H. Lee,"6' 4""",31.583,5,37
12,Trey Mullinax,"6' 5""",64.333,10,4
12,Scottie Scheffler,"6' 5""",32.000,5,11
14,Jon Rahm,"6' 7""",33.000,5,13
15,Aaron Wise,"6' 8""",33.417,5,31
16,Chez Reavie,"6' 11""",20.833,3,35
17,Patrick Cantlay,"7' 0""",35.167,5,23
18,J.J. Spaun,"7' 1""",49.500,7,5
19,Cameron Young,"7' 5""",37.083,5,38
20,Brian Harman,"7' 6""",60.083,8,8
21,Tom Kim,"8' 2""",56.917,7,15
21,Justin Thomas,"8' 2""",106.250,13,17
23,Corey Conners,"8' 8""",26.000,3,1
23,Billy Horschel,"8' 8""",34.500,4,35
25,Tony Finau,"8' 9""",34.833,4,3
26,Viktor Hovland,"8' 11""",26.667,3,29
27,Russell Henley,"9' 1""",27.333,3,26
28,Sam Burns,"9' 2""",54.917,6,34
29,Sepp Straka,"9' 9""",58.333,6,26
30,Adam Svensson,"10' 1""",50.583,5,20
31,Ryan Brehm,"10' 10""",64.833,6,31
32,Max Homa,"11' 0""",55.167,5,26
33,Will Zalatoris,"11' 6""",57.333,5,13
34,Sungjae Im,"11' 11""",35.833,3,17
35,Scott Stallings,"13' 4""",66.667,5,29
36,Chad Ramey,"13' 5""",80.583,6,33
37,Matt Fitzpatrick,"14' 8""",43.917,3,2
38,Seamus Power,"24' 9""",74.250,3,9
