rank,player,%
1,Ryan Armour,66.67
2,Rickie Fowler,60.00
3,Jason Dufner,50.00
3,Pat Perez,50.00
3,Jordan Spieth,50.00
6,Hudson Swafford,44.44
7,Daniel Berger,42.86
8,Justin Thomas,41.67
9,Kevin Chappell,40.00
9,Dustin Johnson,40.00
11,Patrick Cantlay,37.50
12,Grayson Murray,36.36
12,Chris Stroud,36.36
12,Jhonattan Vegas,36.36
15,Jonas Blixt,35.71
16,Bryson DeChambeau,33.33
16,Jon Rahm,33.33
18,Wesley Bryan,31.25
19,Adam Hadwin,30.00
20,Austin Cook,28.57
20,Si Woo Kim,28.57
22,Russell Henley,27.27
23,Hideki Matsuyama,25.00
23,Cameron Smith,25.00
25,Brendan Steele,23.08
26,Patton Kizzire,20.00
26,Xander Schauffele,20.00
28,Kevin Kisner,18.18
29,Brooks Koepka,17.65
30,Brian Harman,14.29
30,D.A. Points,14.29
32,Billy Horschel,12.50
33,Kyle Stanley,9.09
34,Marc Leishman,.00
