rank,player,Total
1,Dustin Johnson,23
1,Pat Perez,23
3,Bryson DeChambeau,21
3,Jon Rahm,21
3,Chris Stroud,21
6,Wesley Bryan,20
6,Brian Harman,20
6,Russell Henley,20
6,Hideki Matsuyama,20
6,Jhonattan Vegas,20
11,Austin Cook,19
11,Billy Horschel,19
11,Marc Leishman,19
14,Daniel Berger,18
14,Patrick Cantlay,18
14,Jason Dufner,18
14,Rickie Fowler,18
14,Si Woo Kim,18
14,Kevin Kisner,18
14,Patton Kizzire,18
14,Cameron Smith,18
14,Jordan Spieth,18
14,Justin Thomas,18
24,Ryan Armour,17
24,Jonas Blixt,17
26,Kevin Chappell,16
26,Xander Schauffele,16
26,Brendan Steele,16
29,Grayson Murray,15
30,Hudson Swafford,14
31,Kyle Stanley,12
32,Adam Hadwin,11
33,D.A. Points,10
34,Brooks Koepka,9
