rank,player,Total
1,Dustin Johnson,3
2,Jon Rahm,2
2,Jhonattan Vegas,2
4,Daniel Berger,1
4,Kevin Chappell,1
4,Rickie Fowler,1
4,Brian Harman,1
4,Kevin Kisner,1
4,Patton Kizzire,1
4,Hideki Matsuyama,1
4,Grayson Murray,1
4,Jordan Spieth,1
4,Justin Thomas,1
14,Ryan Armour,0
14,Jonas Blixt,0
14,Wesley Bryan,0
14,Patrick Cantlay,0
14,Austin Cook,0
14,Bryson DeChambeau,0
14,Jason Dufner,0
14,Adam Hadwin,0
14,Russell Henley,0
14,Billy Horschel,0
14,Si Woo Kim,0
14,Brooks Koepka,0
14,Marc Leishman,0
14,Pat Perez,0
14,D.A. Points,0
14,Xander Schauffele,0
14,Cameron Smith,0
14,Kyle Stanley,0
14,Brendan Steele,0
14,Chris Stroud,0
14,Hudson Swafford,0
