rank,player,Avg RTP
1,Ernie Els,-1.000
1,Hank Kuehne,-1.000
3,Peter Jacobsen,-.600
3,Chris Riley,-.600
5,Charles Howell III,-.500
5,Larry Mize,-.500
5,Adam Scott,-.500
5,Vijay Singh,-.500
9,Tommy Armour III,-.333
9,Jonathan Byrd,-.333
9,Stewart Cink,-.333
9,Joe Durant,-.333
9,Tom Lehman,-.333
9,Jeff Maggert,-.333
9,Ryan Palmer,-.333
9,Craig Parry,-.333
17,Jim Furyk,-.250
18,Jonathan Kaye,-.222
19,Robert Gamez,-.200
19,Loren Roberts,-.200
19,Duffy Waldorf,-.200
22,Steve Jones,-.167
23,Chad Campbell,-.143
24,Jason Allred,E
24,Paul Azinger,E
24,Briny Baird,E
24,Rich Beem,E
24,Tom Byrum,E
24,Daniel Chopra,E
24,John Cook,E
24,Bob Estes,E
24,Steve Flesch,E
24,Brian Gay,E
24,Ryuji Imada,E
24,Zach Johnson,E
24,Tom Kite,E
24,Andrew Magee,E
24,Shigeki Maruyama,E
24,Dick Mast,E
24,Sean O'Hair,E
24,Arron Oberholser,E
24,Greg Owen,E
24,Pat Perez,E
24,Rob Rashell,E
24,Rory Sabbatini,E
24,Jeff Sluman,E
24,Craig Stadler,E
24,David Toms,E
24,Charles Warren,E
24,Nick Watney,E
51,D.J. Trahan,+.143
52,Billy Mayfair,+.167
52,Joey Snyder III,+.167
54,Tom Pernice Jr.,+.200
55,Paul Gow,+.222
55,Greg Meyer,+.222
57,Woody Austin,+.250
57,Ben Crane,+.250
57,Tim Herron,+.250
57,Sean Murphy,+.250
57,Brett Quigley,+.250
57,Justin Rose,+.250
63,John Riegger,+.333
63,Dean Wilson,+.333
65,Steve Allan,+.375
65,Shaun Micheel,+.375
67,Omar Uresti,+.400
68,Brent Geiberger,+.429
68,Todd Hamilton,+.429
68,D.A. Points,+.429
71,Bart Bryant,+.500
71,Franklin Langham,+.500
73,Jason Bohn,+.571
74,Luke Donald,+.600
75,Jesper Parnevik,+.625
76,Heath Slocum,+.667
77,D.J. Brigman,+1.000
78,Retief Goosen,+1.667
