rank,player,Avg RTP
1,Dick Mast,-1.000
1,Heath Slocum,-1.000
3,Robert Gamez,-.500
3,Vijay Singh,-.500
5,Woody Austin,E
5,Briny Baird,E
5,Rich Beem,E
5,Stewart Cink,E
5,John Cook,E
5,Luke Donald,E
5,Steve Flesch,E
5,Jim Furyk,E
5,Brent Geiberger,E
5,Retief Goosen,E
5,Charles Howell III,E
5,Ryuji Imada,E
5,Zach Johnson,E
5,Tom Kite,E
5,Greg Meyer,E
5,Larry Mize,E
5,Sean Murphy,E
5,Sean O'Hair,E
5,D.A. Points,E
5,Rob Rashell,E
5,Loren Roberts,E
5,Justin Rose,E
5,Rory Sabbatini,E
5,Craig Stadler,E
5,Omar Uresti,E
5,Duffy Waldorf,E
5,Nick Watney,E
32,Paul Gow,+.333
33,Paul Azinger,+.500
33,Ernie Els,+.500
33,Jonathan Kaye,+.500
33,Tom Pernice Jr.,+.500
33,Adam Scott,+.500
38,Jason Bohn,+1.000
38,D.J. Brigman,+1.000
38,Jonathan Byrd,+1.000
38,Tom Byrum,+1.000
38,Chad Campbell,+1.000
38,Ben Crane,+1.000
38,Tim Herron,+1.000
38,John Riegger,+1.000
38,Dean Wilson,+1.000
47,Charles Warren,+2.000
