rank,player,Avg RTP
1,Shigeki Maruyama,-.375
2,Charles Howell III,-.308
3,Jesper Parnevik,-.273
4,Craig Stadler,-.222
5,Steve Allan,-.200
5,Shaun Micheel,-.200
5,Larry Mize,-.200
5,Chris Riley,-.200
9,Luke Donald,-.143
10,Brent Geiberger,-.125
11,Sean Murphy,-.091
12,Craig Parry,-.083
13,Jason Bohn,E
13,D.J. Brigman,E
13,Bart Bryant,E
13,Brian Gay,E
13,Peter Jacobsen,E
13,Franklin Langham,E
13,Arron Oberholser,E
13,Heath Slocum,E
13,D.J. Trahan,E
22,Jonathan Kaye,+.071
23,Rob Rashell,+.077
24,Paul Azinger,+.083
25,Tommy Armour III,+.100
25,Loren Roberts,+.100
25,Vijay Singh,+.100
28,Sean O'Hair,+.111
28,D.A. Points,+.111
30,Chad Campbell,+.143
30,Adam Scott,+.143
32,Tim Herron,+.154
33,Briny Baird,+.167
33,John Cook,+.167
33,Jim Furyk,+.167
33,Dick Mast,+.167
33,Tom Pernice Jr.,+.167
33,Jeff Sluman,+.167
39,Zach Johnson,+.182
39,Greg Owen,+.182
41,Woody Austin,+.200
41,Paul Gow,+.200
41,Steve Jones,+.200
41,Greg Meyer,+.200
41,Omar Uresti,+.200
41,Nick Watney,+.200
47,Stewart Cink,+.222
47,Ernie Els,+.222
47,Billy Mayfair,+.222
50,Robert Gamez,+.231
51,Steve Flesch,+.250
51,Justin Rose,+.250
51,Rory Sabbatini,+.250
54,Hank Kuehne,+.273
55,Todd Hamilton,+.286
55,John Riegger,+.286
57,Ben Crane,+.300
57,Andrew Magee,+.300
59,Tom Lehman,+.308
60,Jonathan Byrd,+.313
61,Jason Allred,+.333
61,Ryuji Imada,+.333
61,Brett Quigley,+.333
64,Tom Kite,+.364
65,Rich Beem,+.385
66,Bob Estes,+.400
66,Pat Perez,+.400
68,David Toms,+.444
68,Duffy Waldorf,+.444
70,Daniel Chopra,+.500
70,Retief Goosen,+.500
70,Jeff Maggert,+.500
73,Joe Durant,+.571
74,Ryan Palmer,+.600
75,Charles Warren,+.625
76,Joey Snyder III,+.667
77,Tom Byrum,+.833
78,Dean Wilson,+1.000
