rank,player,Avg RTP
1,Arron Oberholser,-.600
1,John Riegger,-.600
3,Ben Crane,-.556
4,Rich Beem,-.500
4,Dick Mast,-.500
6,Charles Howell III,-.429
7,Ernie Els,-.400
8,Paul Azinger,-.375
9,Bart Bryant,-.333
9,Jonathan Kaye,-.333
9,Tom Lehman,-.333
12,Brett Quigley,-.286
13,Woody Austin,-.250
13,Retief Goosen,-.250
13,Jeff Maggert,-.250
13,Rory Sabbatini,-.250
13,Charles Warren,-.250
18,Steve Flesch,-.222
18,Tim Herron,-.222
18,Shigeki Maruyama,-.222
21,Tommy Armour III,-.200
21,Franklin Langham,-.200
23,Chad Campbell,-.167
23,Bob Estes,-.167
23,Todd Hamilton,-.167
23,Craig Parry,-.167
27,Pat Perez,-.125
27,David Toms,-.125
29,Tom Byrum,-.111
29,Daniel Chopra,-.111
29,Luke Donald,-.111
29,Joe Durant,-.111
29,Jeff Sluman,-.111
29,Duffy Waldorf,-.111
35,Jim Furyk,-.100
35,Robert Gamez,-.100
35,Peter Jacobsen,-.100
38,Rob Rashell,-.091
39,Jason Allred,E
39,Briny Baird,E
39,Brent Geiberger,E
39,Steve Jones,E
39,Andrew Magee,E
39,Billy Mayfair,E
39,Greg Meyer,E
39,Larry Mize,E
39,Sean Murphy,E
39,Sean O'Hair,E
39,Jesper Parnevik,E
39,Tom Pernice Jr.,E
39,D.A. Points,E
39,Loren Roberts,E
39,Justin Rose,E
39,Vijay Singh,E
39,Heath Slocum,E
39,D.J. Trahan,E
57,Tom Kite,+.100
57,Ryan Palmer,+.100
59,Brian Gay,+.111
59,Greg Owen,+.111
61,D.J. Brigman,+.125
62,Jason Bohn,+.143
62,Dean Wilson,+.143
64,Zach Johnson,+.167
65,Paul Gow,+.182
66,Joey Snyder III,+.200
67,Craig Stadler,+.222
67,Omar Uresti,+.222
69,Jonathan Byrd,+.250
69,Stewart Cink,+.250
69,John Cook,+.250
69,Adam Scott,+.250
73,Steve Allan,+.333
73,Ryuji Imada,+.333
73,Hank Kuehne,+.333
73,Shaun Micheel,+.333
77,Nick Watney,+.400
78,Chris Riley,+.429
