rank,player,Avg RTP
1,Ernie Els,-.500
1,Brett Quigley,-.500
1,D.J. Trahan,-.500
4,Zach Johnson,-.333
4,Larry Mize,-.333
6,Greg Meyer,-.250
7,Charles Howell III,-.167
8,Paul Azinger,E
8,Bart Bryant,E
8,Chad Campbell,E
8,Joe Durant,E
8,Brian Gay,E
8,Brent Geiberger,E
8,Paul Gow,E
8,Peter Jacobsen,E
8,Steve Jones,E
8,Hank Kuehne,E
8,Jeff Maggert,E
8,Billy Mayfair,E
8,Shaun Micheel,E
8,Ryan Palmer,E
8,Jesper Parnevik,E
8,Craig Parry,E
8,Pat Perez,E
8,D.A. Points,E
8,Justin Rose,E
8,Rory Sabbatini,E
8,Craig Stadler,E
8,David Toms,E
8,Dean Wilson,E
31,Jonathan Byrd,+.125
31,Andrew Magee,+.125
31,Sean O'Hair,+.125
34,Sean Murphy,+.143
35,Woody Austin,+.167
35,Rich Beem,+.167
35,Jim Furyk,+.167
35,Shigeki Maruyama,+.167
35,Chris Riley,+.167
40,D.J. Brigman,+.200
40,Tom Byrum,+.200
40,Tim Herron,+.200
40,Arron Oberholser,+.200
44,Daniel Chopra,+.250
44,Rob Rashell,+.250
44,Duffy Waldorf,+.250
47,Luke Donald,+.286
48,Loren Roberts,+.300
49,John Cook,+.333
49,Retief Goosen,+.333
49,Todd Hamilton,+.333
49,Dick Mast,+.333
49,Vijay Singh,+.333
54,Tommy Armour III,+.400
54,Ben Crane,+.400
54,Bob Estes,+.400
54,Charles Warren,+.400
58,Jason Bohn,+.429
59,Jason Allred,+.500
59,Stewart Cink,+.500
59,Steve Flesch,+.500
59,Robert Gamez,+.500
59,Ryuji Imada,+.500
59,Jonathan Kaye,+.500
59,Franklin Langham,+.500
59,Tom Pernice Jr.,+.500
59,Heath Slocum,+.500
59,Joey Snyder III,+.500
59,Omar Uresti,+.500
59,Nick Watney,+.500
71,Greg Owen,+.600
71,Jeff Sluman,+.600
73,Steve Allan,+.667
73,Briny Baird,+.667
73,Tom Lehman,+.667
76,John Riegger,+.833
77,Adam Scott,+1.000
