rank,player,Avg RTP
1,Jason Allred,-1.000
1,Chad Campbell,-1.000
1,Ben Crane,-1.000
1,Ernie Els,-1.000
1,Charles Howell III,-1.000
1,Peter Jacobsen,-1.000
1,Sean Murphy,-1.000
1,Sean O'Hair,-1.000
1,Craig Parry,-1.000
1,Rory Sabbatini,-1.000
1,Vijay Singh,-1.000
12,Chris Riley,-.750
13,John Cook,-.500
13,Jim Furyk,-.500
13,Steve Jones,-.500
13,Jeff Maggert,-.500
13,Larry Mize,-.500
13,Pat Perez,-.500
19,Paul Azinger,-.333
19,Jonathan Kaye,-.333
19,Loren Roberts,-.333
22,Bob Estes,-.167
23,Steve Allan,E
23,Briny Baird,E
23,Rich Beem,E
23,Tom Byrum,E
23,Daniel Chopra,E
23,Stewart Cink,E
23,Luke Donald,E
23,Steve Flesch,E
23,Robert Gamez,E
23,Brian Gay,E
23,Tim Herron,E
23,Ryuji Imada,E
23,Zach Johnson,E
23,Tom Kite,E
23,Tom Lehman,E
23,Andrew Magee,E
23,Dick Mast,E
23,Greg Meyer,E
23,Shaun Micheel,E
23,Greg Owen,E
23,Brett Quigley,E
23,Rob Rashell,E
23,John Riegger,E
23,Heath Slocum,E
23,Jeff Sluman,E
23,Joey Snyder III,E
23,Craig Stadler,E
23,David Toms,E
23,Omar Uresti,E
23,Duffy Waldorf,E
23,Charles Warren,E
23,Dean Wilson,E
55,Todd Hamilton,+.250
55,Shigeki Maruyama,+.250
57,Billy Mayfair,+.333
58,Paul Gow,+.500
58,Franklin Langham,+.500
58,D.A. Points,+.500
58,D.J. Trahan,+.500
62,Brent Geiberger,+.667
63,Jason Bohn,+1.000
63,D.J. Brigman,+1.000
63,Arron Oberholser,+1.000
63,Ryan Palmer,+1.000
63,Jesper Parnevik,+1.000
63,Tom Pernice Jr.,+1.000
69,Retief Goosen,+5.000
