rank,player,Avg RTP
1,Paul Azinger,-1.000
1,Franklin Langham,-1.000
1,Ryan Palmer,-1.000
4,Craig Parry,-.667
5,Tim Herron,-.500
5,Greg Meyer,-.500
7,Tommy Armour III,E
7,Jonathan Byrd,E
7,Stewart Cink,E
7,Joe Durant,E
7,Steve Flesch,E
7,Retief Goosen,E
7,Ryuji Imada,E
7,Steve Jones,E
7,Jonathan Kaye,E
7,Hank Kuehne,E
7,Tom Lehman,E
7,Andrew Magee,E
7,Shaun Micheel,E
7,Jesper Parnevik,E
7,Tom Pernice Jr.,E
7,D.A. Points,E
7,Brett Quigley,E
7,Heath Slocum,E
7,Craig Stadler,E
7,D.J. Trahan,E
7,Charles Warren,E
28,Todd Hamilton,+.250
29,Tom Kite,+.333
29,Sean O'Hair,+.333
31,Sean Murphy,+.500
31,Nick Watney,+.500
33,Dick Mast,+.667
34,Bob Estes,+1.000
34,Peter Jacobsen,+1.000
34,Arron Oberholser,+1.000
34,John Riegger,+1.000
34,Adam Scott,+1.000
34,Dean Wilson,+1.000
40,Zach Johnson,+3.000
