rank,player,Avg RTP
1,Woody Austin,-2.000
1,Adam Scott,-2.000
3,Steve Allan,-1.000
3,Briny Baird,-1.000
3,D.J. Brigman,-1.000
3,Bart Bryant,-1.000
3,Tom Byrum,-1.000
3,Ben Crane,-1.000
3,Luke Donald,-1.000
3,Joe Durant,-1.000
3,Ernie Els,-1.000
3,Robert Gamez,-1.000
3,Jeff Maggert,-1.000
3,Shigeki Maruyama,-1.000
3,Shaun Micheel,-1.000
3,Craig Parry,-1.000
3,Brett Quigley,-1.000
3,David Toms,-1.000
3,Duffy Waldorf,-1.000
20,Justin Rose,-.667
21,Paul Gow,-.500
21,Tom Lehman,-.500
21,Pat Perez,-.500
24,Tommy Armour III,E
24,Stewart Cink,E
24,John Cook,E
24,Ryuji Imada,E
24,Steve Jones,E
24,Franklin Langham,E
24,Billy Mayfair,E
24,Ryan Palmer,E
24,Tom Pernice Jr.,E
24,D.A. Points,E
24,Chris Riley,E
24,Loren Roberts,E
24,Vijay Singh,E
24,Joey Snyder III,E
24,D.J. Trahan,E
24,Omar Uresti,E
24,Charles Warren,E
24,Dean Wilson,E
