rank,player,Avg RTP
1,Stewart Cink,-.467
1,Vijay Singh,-.467
3,D.J. Trahan,-.333
4,Robert Gamez,-.308
4,Tom Kite,-.308
6,Jason Bohn,-.286
6,Ernie Els,-.286
6,Brett Quigley,-.286
9,Woody Austin,-.273
10,Shigeki Maruyama,-.250
11,Bob Estes,-.235
12,Ryan Palmer,-.231
13,Tom Pernice Jr.,-.214
14,Shaun Micheel,-.200
15,Zach Johnson,-.188
15,Andrew Magee,-.188
17,Tom Byrum,-.176
18,Jason Allred,-.167
19,Jeff Sluman,-.158
20,Bart Bryant,-.150
20,Billy Mayfair,-.150
22,Tom Lehman,-.133
23,Adam Scott,-.118
23,David Toms,-.118
25,Rich Beem,-.111
26,Brent Geiberger,-.100
26,Charles Warren,-.100
28,Jeff Maggert,-.095
29,Ben Crane,-.071
30,Chad Campbell,-.067
30,Jonathan Kaye,-.067
32,Dick Mast,-.063
32,Pat Perez,-.063
34,Luke Donald,-.053
34,Justin Rose,-.053
36,Steve Allan,E
36,Tommy Armour III,E
36,Paul Azinger,E
36,Briny Baird,E
36,Daniel Chopra,E
36,John Cook,E
36,Steve Flesch,E
36,Brian Gay,E
36,Paul Gow,E
36,Tim Herron,E
36,Charles Howell III,E
36,Peter Jacobsen,E
36,Larry Mize,E
36,Sean O'Hair,E
36,Chris Riley,E
36,Rory Sabbatini,E
36,Omar Uresti,E
36,Duffy Waldorf,E
36,Dean Wilson,E
55,Todd Hamilton,+.048
56,Greg Meyer,+.063
56,Heath Slocum,+.063
58,Retief Goosen,+.067
58,Greg Owen,+.067
60,Jonathan Byrd,+.071
60,Jesper Parnevik,+.071
60,D.A. Points,+.071
63,D.J. Brigman,+.077
64,Steve Jones,+.111
65,Joe Durant,+.118
65,Jim Furyk,+.118
65,Loren Roberts,+.118
65,Craig Stadler,+.118
69,Joey Snyder III,+.133
70,Craig Parry,+.136
71,Sean Murphy,+.154
72,John Riegger,+.182
73,Hank Kuehne,+.188
74,Arron Oberholser,+.214
75,Ryuji Imada,+.267
75,Franklin Langham,+.267
75,Rob Rashell,+.267
78,Nick Watney,+.313
