rank,player,Avg RTP
1,D.J. Brigman,-.294
2,Jason Allred,-.286
3,Luke Donald,-.273
4,Justin Rose,-.235
5,Brian Gay,-.231
6,Robert Gamez,-.222
6,Todd Hamilton,-.222
8,Franklin Langham,-.200
9,Tommy Armour III,-.188
9,Heath Slocum,-.188
11,Ernie Els,-.182
12,Stewart Cink,-.176
13,Jeff Maggert,-.167
13,Larry Mize,-.167
13,Brett Quigley,-.167
16,Jason Bohn,-.154
16,Jonathan Byrd,-.154
16,Tom Byrum,-.154
16,Peter Jacobsen,-.154
16,Arron Oberholser,-.154
21,Paul Azinger,-.143
21,Hank Kuehne,-.143
23,Chris Riley,-.133
23,Jeff Sluman,-.133
23,Joey Snyder III,-.133
26,Steve Allan,-.125
26,Bob Estes,-.125
26,Retief Goosen,-.125
26,Billy Mayfair,-.125
30,Dean Wilson,-.118
31,Chad Campbell,-.111
31,Joe Durant,-.111
31,Greg Owen,-.111
34,Bart Bryant,-.100
34,Shaun Micheel,-.100
34,Loren Roberts,-.100
37,Daniel Chopra,-.091
37,Tim Herron,-.091
37,Jesper Parnevik,-.091
40,Jonathan Kaye,-.083
40,D.A. Points,-.083
42,Adam Scott,-.077
42,Craig Stadler,-.077
44,Craig Parry,-.071
45,Brent Geiberger,-.067
45,Ryuji Imada,-.067
45,Rory Sabbatini,-.067
48,Rob Rashell,-.063
49,Steve Flesch,-.059
49,D.J. Trahan,-.059
51,Rich Beem,E
51,Tom Kite,E
51,Tom Lehman,E
51,Andrew Magee,E
51,Dick Mast,E
51,Sean Murphy,E
51,Pat Perez,E
51,Tom Pernice Jr.,E
51,Vijay Singh,E
51,David Toms,E
51,Omar Uresti,E
51,Duffy Waldorf,E
51,Charles Warren,E
64,Jim Furyk,+.056
65,Ryan Palmer,+.067
65,Nick Watney,+.067
67,John Riegger,+.071
68,Woody Austin,+.077
68,Charles Howell III,+.077
70,Shigeki Maruyama,+.091
70,Greg Meyer,+.091
72,Briny Baird,+.133
73,Steve Jones,+.143
74,Zach Johnson,+.154
75,John Cook,+.167
76,Ben Crane,+.176
77,Sean O'Hair,+.231
78,Paul Gow,+.300
