rank,player,%,Total Birdies,Total Holes
1,Ernie Els,43.75,7,16
2,D.J. Trahan,35.71,5,14
3,Brett Quigley,33.33,6,18
4,Tom Kite,30.77,4,13
5,Shaun Micheel,29.41,5,17
6,Woody Austin,27.78,5,18
6,Vijay Singh,27.78,5,18
8,Tom Byrum,27.27,6,22
9,Zach Johnson,26.32,5,19
10,Jason Allred,25.00,4,16
10,Stewart Cink,25.00,5,20
10,Tom Pernice Jr.,25.00,4,16
13,Jason Bohn,23.81,5,21
13,Bart Bryant,23.81,5,21
15,Ryan Palmer,23.53,4,17
15,Duffy Waldorf,23.53,4,17
17,Shigeki Maruyama,22.73,5,22
18,Chad Campbell,22.22,4,18
18,Paul Gow,22.22,4,18
18,Joey Snyder III,22.22,4,18
21,Bob Estes,21.74,5,23
22,Sean O'Hair,21.05,4,19
23,Larry Mize,20.83,5,24
24,Todd Hamilton,20.00,5,25
24,Billy Mayfair,20.00,5,25
24,Greg Meyer,20.00,4,20
24,Jesper Parnevik,20.00,4,20
24,Rory Sabbatini,20.00,4,20
29,John Cook,19.05,4,21
29,Justin Rose,19.05,4,21
29,David Toms,19.05,4,21
29,Nick Watney,19.05,4,21
33,Charles Warren,18.75,3,16
34,Rich Beem,17.65,3,17
35,Briny Baird,17.39,4,23
35,Brian Gay,17.39,4,23
35,Chris Riley,17.39,4,23
38,Steve Flesch,16.67,3,18
38,Andrew Magee,16.67,4,24
40,Jeff Maggert,16.00,4,25
40,Jeff Sluman,16.00,4,25
40,Omar Uresti,16.00,4,25
43,Robert Gamez,15.79,3,19
43,Tom Lehman,15.79,3,19
43,Arron Oberholser,15.79,3,19
46,Steve Allan,15.38,2,13
46,Luke Donald,15.38,4,26
48,Sean Murphy,15.00,3,20
48,Greg Owen,15.00,3,20
50,Peter Jacobsen,14.29,3,21
51,Tim Herron,13.64,3,22
51,D.A. Points,13.64,3,22
51,Heath Slocum,13.64,3,22
54,Jonathan Byrd,13.04,3,23
54,Jim Furyk,13.04,3,23
56,Craig Parry,12.00,3,25
57,Tommy Armour III,11.76,2,17
58,Pat Perez,11.11,2,18
58,John Riegger,11.11,2,18
60,Daniel Chopra,10.53,2,19
60,Ben Crane,10.53,2,19
60,Dick Mast,10.53,2,19
63,Retief Goosen,10.00,2,20
63,Charles Howell III,10.00,2,20
63,Adam Scott,10.00,2,20
63,Craig Stadler,10.00,2,20
67,Hank Kuehne,9.52,2,21
67,Rob Rashell,9.52,2,21
69,Jonathan Kaye,8.70,2,23
70,Brent Geiberger,8.00,2,25
71,Loren Roberts,7.41,2,27
72,Dean Wilson,7.14,1,14
73,Paul Azinger,5.56,1,18
73,D.J. Brigman,5.56,1,18
73,Ryuji Imada,5.56,1,18
73,Franklin Langham,5.56,1,18
77,Steve Jones,4.55,1,22
78,Joe Durant,.00,0,18
