rank,player,%,Total Birdies,Total Holes
1,Franklin Langham,75.00,3,4
2,Rory Sabbatini,44.44,4,9
3,Rich Beem,42.86,3,7
3,John Riegger,42.86,3,7
5,David Toms,40.00,2,5
6,Luke Donald,37.50,3,8
7,Briny Baird,33.33,2,6
7,Stewart Cink,33.33,1,3
7,Brent Geiberger,33.33,2,6
7,Steve Jones,33.33,2,6
7,Tom Lehman,33.33,3,9
7,Dick Mast,33.33,1,3
7,Craig Parry,33.33,2,6
7,Loren Roberts,33.33,2,6
15,Ryuji Imada,30.00,3,10
15,Shigeki Maruyama,30.00,3,10
17,John Cook,28.57,2,7
17,Jeff Maggert,28.57,2,7
17,Sean Murphy,28.57,2,7
20,Paul Azinger,27.27,3,11
20,Craig Stadler,27.27,3,11
22,Tommy Armour III,25.00,3,12
22,Daniel Chopra,25.00,2,8
22,Joe Durant,25.00,2,8
22,Robert Gamez,25.00,2,8
22,Arron Oberholser,25.00,2,8
27,Greg Meyer,22.22,2,9
28,Vijay Singh,21.43,3,14
29,Jim Furyk,20.00,1,5
29,Tim Herron,20.00,2,10
29,Charles Howell III,20.00,2,10
29,Hank Kuehne,20.00,2,10
29,Andrew Magee,20.00,2,10
29,D.A. Points,20.00,1,5
35,Adam Scott,18.18,2,11
36,Jason Bohn,16.67,2,12
36,Tom Byrum,16.67,1,6
36,Paul Gow,16.67,1,6
36,Peter Jacobsen,16.67,1,6
36,Shaun Micheel,16.67,1,6
36,Dean Wilson,16.67,1,6
42,Ryan Palmer,15.38,2,13
43,D.J. Brigman,14.29,1,7
43,Bob Estes,14.29,1,7
43,Chris Riley,14.29,1,7
46,Jonathan Kaye,12.50,1,8
46,Rob Rashell,12.50,1,8
46,Justin Rose,12.50,1,8
46,Duffy Waldorf,12.50,1,8
50,Ernie Els,11.11,2,18
50,Todd Hamilton,11.11,1,9
50,Zach Johnson,11.11,1,9
50,Jesper Parnevik,11.11,1,9
50,Omar Uresti,11.11,1,9
50,Nick Watney,11.11,1,9
56,Steve Allan,10.00,1,10
56,Bart Bryant,10.00,1,10
56,Jonathan Byrd,10.00,1,10
56,Sean O'Hair,10.00,1,10
56,Pat Perez,10.00,1,10
61,Woody Austin,9.09,1,11
61,Larry Mize,9.09,1,11
61,Tom Pernice Jr.,9.09,1,11
64,Brett Quigley,8.33,1,12
64,Charles Warren,8.33,1,12
66,Jason Allred,.00,0,8
66,Chad Campbell,.00,0,7
66,Ben Crane,.00,0,4
66,Steve Flesch,.00,0,6
66,Brian Gay,.00,0,6
66,Retief Goosen,.00,0,8
66,Tom Kite,.00,0,3
66,Billy Mayfair,.00,0,6
66,Greg Owen,.00,0,7
66,Heath Slocum,.00,0,4
66,Jeff Sluman,.00,0,6
66,Joey Snyder III,.00,0,12
66,D.J. Trahan,.00,0,10
