rank,player,Avg RTP
1,Tom Lehman,-1.000
1,Craig Parry,-1.000
3,Heath Slocum,-.600
4,Briny Baird,-.500
4,Joe Durant,-.500
4,Robert Gamez,-.500
4,Sean Murphy,-.500
4,Craig Stadler,-.500
9,Luke Donald,-.400
9,Andrew Magee,-.400
11,Retief Goosen,-.333
11,Arron Oberholser,-.333
13,Shaun Micheel,-.250
13,Vijay Singh,-.250
15,Charles Howell III,-.200
16,Steve Allan,E
16,Rich Beem,E
16,Jonathan Byrd,E
16,Daniel Chopra,E
16,Ben Crane,E
16,Bob Estes,E
16,Brian Gay,E
16,Brent Geiberger,E
16,Ryuji Imada,E
16,Peter Jacobsen,E
16,Zach Johnson,E
16,Shigeki Maruyama,E
16,Greg Meyer,E
16,Larry Mize,E
16,Greg Owen,E
16,Jesper Parnevik,E
16,D.A. Points,E
16,Rob Rashell,E
16,Chris Riley,E
16,Loren Roberts,E
16,Justin Rose,E
16,Jeff Sluman,E
16,Omar Uresti,E
16,Nick Watney,E
40,John Cook,+.167
40,John Riegger,+.167
42,Woody Austin,+.200
43,Jason Allred,+.250
43,Bart Bryant,+.250
43,Chad Campbell,+.250
43,Stewart Cink,+.250
43,Ernie Els,+.250
43,Jonathan Kaye,+.250
49,Steve Flesch,+.333
49,Paul Gow,+.333
49,Tim Herron,+.333
49,Sean O'Hair,+.333
49,Tom Pernice Jr.,+.333
49,Duffy Waldorf,+.333
55,Rory Sabbatini,+.400
56,Tommy Armour III,+.500
56,Paul Azinger,+.500
56,Jason Bohn,+.500
56,D.J. Brigman,+.500
56,Jim Furyk,+.500
56,Todd Hamilton,+.500
56,Tom Kite,+.500
56,Dick Mast,+.500
56,Billy Mayfair,+.500
56,D.J. Trahan,+.500
66,Adam Scott,+.667
67,Franklin Langham,+.800
68,Tom Byrum,+1.000
68,Hank Kuehne,+1.000
68,Pat Perez,+1.000
68,Joey Snyder III,+1.000
68,David Toms,+1.000
68,Charles Warren,+1.000
68,Dean Wilson,+1.000
75,Ryan Palmer,+1.500
