rank,player,Avg RTP
1,Craig Stadler,-.333
2,Retief Goosen,-.231
3,Tom Lehman,-.200
3,Craig Parry,-.200
5,Andrew Magee,-.188
6,Joe Durant,-.167
7,Shaun Micheel,-.143
7,Rob Rashell,-.143
9,Jason Allred,-.125
10,Jonathan Byrd,-.111
10,David Toms,-.111
12,Briny Baird,-.100
13,Ryan Palmer,-.083
14,Sean Murphy,-.077
15,Vijay Singh,-.071
16,Brett Quigley,-.059
17,Rich Beem,E
17,D.J. Brigman,E
17,Stewart Cink,E
17,Charles Howell III,E
17,Larry Mize,E
17,Pat Perez,E
17,D.A. Points,E
17,Joey Snyder III,E
17,Nick Watney,E
26,John Cook,+.071
27,Jason Bohn,+.077
28,Duffy Waldorf,+.083
29,Brian Gay,+.091
29,Brent Geiberger,+.091
31,Todd Hamilton,+.100
32,Steve Jones,+.111
32,Justin Rose,+.111
32,Omar Uresti,+.111
35,Tom Byrum,+.125
35,Ernie Els,+.125
35,Tim Herron,+.125
38,Greg Owen,+.143
39,Luke Donald,+.154
39,Heath Slocum,+.154
41,Shigeki Maruyama,+.167
41,Tom Pernice Jr.,+.167
41,Loren Roberts,+.167
44,Steve Allan,+.176
45,Tommy Armour III,+.182
45,Ryuji Imada,+.182
45,Arron Oberholser,+.182
48,Daniel Chopra,+.214
48,Peter Jacobsen,+.214
50,Bob Estes,+.222
50,Hank Kuehne,+.222
52,Franklin Langham,+.231
53,D.J. Trahan,+.235
54,Robert Gamez,+.250
54,Zach Johnson,+.250
54,Jesper Parnevik,+.250
54,Charles Warren,+.250
54,Dean Wilson,+.250
59,Jim Furyk,+.286
59,Tom Kite,+.286
61,Steve Flesch,+.300
61,Greg Meyer,+.300
63,Ben Crane,+.308
64,Woody Austin,+.333
64,Bart Bryant,+.333
64,Sean O'Hair,+.333
64,Chris Riley,+.333
64,Jeff Sluman,+.333
69,Paul Azinger,+.364
69,John Riegger,+.364
71,Chad Campbell,+.375
71,Jonathan Kaye,+.375
73,Jeff Maggert,+.429
74,Billy Mayfair,+.500
74,Rory Sabbatini,+.500
76,Paul Gow,+.615
77,Dick Mast,+.625
77,Adam Scott,+.625
