rank,player,Avg RTP
1,Jonathan Byrd,-1.000
1,Tim Herron,-1.000
1,Tom Lehman,-1.000
1,Sean Murphy,-1.000
1,Greg Owen,-1.000
6,Craig Stadler,-.667
7,Ben Crane,-.500
7,Luke Donald,-.500
7,Andrew Magee,-.500
7,Arron Oberholser,-.500
7,Heath Slocum,-.500
12,Charles Howell III,-.333
13,Shaun Micheel,-.250
14,Jason Allred,E
14,Rich Beem,E
14,D.J. Brigman,E
14,Daniel Chopra,E
14,Stewart Cink,E
14,Ernie Els,E
14,Brian Gay,E
14,Brent Geiberger,E
14,Ryuji Imada,E
14,Peter Jacobsen,E
14,Zach Johnson,E
14,Jonathan Kaye,E
14,Shigeki Maruyama,E
14,Billy Mayfair,E
14,Greg Meyer,E
14,Larry Mize,E
14,Jesper Parnevik,E
14,Tom Pernice Jr.,E
14,D.A. Points,E
14,Rob Rashell,E
14,John Riegger,E
14,Chris Riley,E
14,Justin Rose,E
14,Jeff Sluman,E
14,Omar Uresti,E
14,Nick Watney,E
40,Bart Bryant,+.250
40,John Cook,+.250
42,Woody Austin,+.333
42,Jason Bohn,+.333
44,Tommy Armour III,+.500
44,Paul Azinger,+.500
44,Chad Campbell,+.500
44,Steve Flesch,+.500
44,D.J. Trahan,+.500
44,Duffy Waldorf,+.500
50,Tom Kite,+.600
51,Franklin Langham,+.800
52,Jim Furyk,+1.000
52,Todd Hamilton,+1.000
52,Dick Mast,+1.000
52,Sean O'Hair,+1.000
52,Ryan Palmer,+1.000
52,Pat Perez,+1.000
52,Adam Scott,+1.000
52,Vijay Singh,+1.000
52,David Toms,+1.000
52,Charles Warren,+1.000
52,Dean Wilson,+1.000
63,Rory Sabbatini,+2.000
