rank,player,Avg RTP
1,Franklin Langham,-1.000
2,Daniel Chopra,-.667
2,Craig Parry,-.667
4,Paul Azinger,-.600
4,Luke Donald,-.600
6,Stewart Cink,-.500
7,Rich Beem,-.400
8,Rory Sabbatini,-.375
8,Craig Stadler,-.375
10,John Cook,-.333
10,Joe Durant,-.333
10,Brent Geiberger,-.333
10,Tim Herron,-.333
10,Steve Jones,-.333
10,Tom Lehman,-.333
10,Sean Murphy,-.333
10,John Riegger,-.333
10,David Toms,-.333
19,Ryuji Imada,-.286
19,Andrew Magee,-.286
19,Adam Scott,-.286
22,Steve Allan,-.250
22,Tommy Armour III,-.250
22,Jim Furyk,-.250
22,Robert Gamez,-.250
22,Paul Gow,-.250
22,Zach Johnson,-.250
22,Ryan Palmer,-.250
29,Greg Meyer,-.200
30,Tom Byrum,-.167
30,Pat Perez,-.167
30,Brett Quigley,-.167
30,Loren Roberts,-.167
34,Woody Austin,-.143
34,Charles Howell III,-.143
36,Vijay Singh,-.125
37,Jason Bohn,-.111
37,Ernie Els,-.111
39,Briny Baird,E
39,Jonathan Byrd,E
39,Ben Crane,E
39,Retief Goosen,E
39,Todd Hamilton,E
39,Peter Jacobsen,E
39,Jonathan Kaye,E
39,Tom Kite,E
39,Hank Kuehne,E
39,Jeff Maggert,E
39,Shigeki Maruyama,E
39,Dick Mast,E
39,Billy Mayfair,E
39,Shaun Micheel,E
39,Sean O'Hair,E
39,Arron Oberholser,E
39,Greg Owen,E
39,Tom Pernice Jr.,E
39,D.A. Points,E
39,Rob Rashell,E
39,Chris Riley,E
39,Justin Rose,E
39,Heath Slocum,E
39,Omar Uresti,E
39,Nick Watney,E
64,Bart Bryant,+.100
65,D.J. Trahan,+.167
65,Dean Wilson,+.167
67,Jeff Sluman,+.200
68,Jason Allred,+.250
68,Steve Flesch,+.250
68,Joey Snyder III,+.250
71,Charles Warren,+.300
72,Chad Campbell,+.333
73,Larry Mize,+.375
74,Brian Gay,+.500
74,Jesper Parnevik,+.500
76,D.J. Brigman,+.600
77,Bob Estes,+.714
78,Duffy Waldorf,+1.000
