rank,player,Avg RTP
1,Stewart Cink,-1.000
1,Hank Kuehne,-1.000
1,Sean Murphy,-1.000
1,Ryan Palmer,-1.000
5,Tom Lehman,-.667
6,Tommy Armour III,-.500
6,Jonathan Byrd,-.500
6,Chad Campbell,-.500
6,Dick Mast,-.500
6,Larry Mize,-.500
6,Duffy Waldorf,-.500
12,Tom Pernice Jr.,-.333
12,Adam Scott,-.333
14,Jonathan Kaye,-.200
15,Arron Oberholser,-.167
16,Steve Allan,E
16,Jason Allred,E
16,Paul Azinger,E
16,Briny Baird,E
16,Rich Beem,E
16,Bart Bryant,E
16,John Cook,E
16,Ben Crane,E
16,Bob Estes,E
16,Steve Flesch,E
16,Jim Furyk,E
16,Robert Gamez,E
16,Retief Goosen,E
16,Paul Gow,E
16,Ryuji Imada,E
16,Peter Jacobsen,E
16,Zach Johnson,E
16,Steve Jones,E
16,Tom Kite,E
16,Andrew Magee,E
16,Jeff Maggert,E
16,Shigeki Maruyama,E
16,Billy Mayfair,E
16,Sean O'Hair,E
16,Greg Owen,E
16,Craig Parry,E
16,Brett Quigley,E
16,John Riegger,E
16,Rory Sabbatini,E
16,Vijay Singh,E
16,Jeff Sluman,E
16,Joey Snyder III,E
16,David Toms,E
16,Charles Warren,E
16,Nick Watney,E
51,Jason Bohn,+.333
51,Tom Byrum,+.333
51,Tim Herron,+.333
51,D.A. Points,+.333
51,Justin Rose,+.333
56,Brian Gay,+.500
56,Brent Geiberger,+.500
56,Franklin Langham,+.500
56,Greg Meyer,+.500
56,Shaun Micheel,+.500
56,Dean Wilson,+.500
62,Woody Austin,+.667
62,Jesper Parnevik,+.667
64,D.J. Brigman,+1.000
64,Luke Donald,+1.000
64,Todd Hamilton,+1.000
64,Heath Slocum,+1.000
64,Omar Uresti,+1.000
