rank,player,Avg RTP
1,Retief Goosen,-1.000
1,Todd Hamilton,-1.000
1,Steve Jones,-1.000
1,Franklin Langham,-1.000
1,Ryan Palmer,-1.000
1,Craig Parry,-1.000
1,Jeff Sluman,-1.000
1,David Toms,-1.000
9,Chris Riley,-.667
10,Jason Allred,-.500
10,Stewart Cink,-.500
10,Tom Kite,-.500
10,Sean Murphy,-.500
10,Rob Rashell,-.500
10,Craig Stadler,-.500
10,Omar Uresti,-.500
17,Rich Beem,E
17,Jonathan Byrd,E
17,Tom Byrum,E
17,Daniel Chopra,E
17,Ben Crane,E
17,Bob Estes,E
17,Steve Flesch,E
17,Jim Furyk,E
17,Brian Gay,E
17,Jonathan Kaye,E
17,Shigeki Maruyama,E
17,Arron Oberholser,E
17,Tom Pernice Jr.,E
17,Brett Quigley,E
17,Duffy Waldorf,E
17,Nick Watney,E
33,Rory Sabbatini,+.667
34,Briny Baird,+1.000
34,Brent Geiberger,+1.000
34,Charles Howell III,+1.000
34,Zach Johnson,+1.000
34,Dick Mast,+1.000
