rank,player,Avg RTP
1,Woody Austin,-1.000
1,Robert Gamez,-1.000
1,Hank Kuehne,-1.000
1,Ryan Palmer,-1.000
1,Adam Scott,-1.000
6,Tom Byrum,-.500
6,Peter Jacobsen,-.500
8,Brian Gay,-.400
9,Joe Durant,-.333
9,Shigeki Maruyama,-.333
11,Tommy Armour III,E
11,Briny Baird,E
11,Rich Beem,E
11,Jonathan Byrd,E
11,Daniel Chopra,E
11,Brent Geiberger,E
11,Retief Goosen,E
11,Paul Gow,E
11,Charles Howell III,E
11,Ryuji Imada,E
11,Jonathan Kaye,E
11,Tom Kite,E
11,Tom Lehman,E
11,Billy Mayfair,E
11,Greg Owen,E
11,Jesper Parnevik,E
11,Craig Parry,E
11,Chris Riley,E
11,Loren Roberts,E
11,Justin Rose,E
11,D.J. Trahan,E
11,Omar Uresti,E
11,Charles Warren,E
11,Nick Watney,E
35,Greg Meyer,+.250
36,John Cook,+.333
36,Sean O'Hair,+.333
38,Jason Allred,+.500
38,Todd Hamilton,+.500
38,Dick Mast,+.500
38,Shaun Micheel,+.500
38,D.A. Points,+.500
38,Joey Snyder III,+.500
44,Jason Bohn,+.667
44,Luke Donald,+.667
44,Sean Murphy,+.667
44,Dean Wilson,+.667
48,Steve Allan,+.750
49,Paul Azinger,+1.000
49,Bart Bryant,+1.000
49,Chad Campbell,+1.000
49,Ben Crane,+1.000
49,Bob Estes,+1.000
49,Pat Perez,+1.000
49,Tom Pernice Jr.,+1.000
49,Brett Quigley,+1.000
49,John Riegger,+1.000
49,Rory Sabbatini,+1.000
49,Heath Slocum,+1.000
