rank,player,Avg RTP
1,Chad Campbell,-1.000
2,Retief Goosen,-.667
2,Shigeki Maruyama,-.667
2,Jeff Sluman,-.667
5,Jason Bohn,-.600
5,Craig Stadler,-.600
5,Nick Watney,-.600
8,D.J. Brigman,-.500
8,Shaun Micheel,-.500
10,Peter Jacobsen,-.333
10,Omar Uresti,-.333
12,Jason Allred,-.250
12,Charles Howell III,-.250
12,Sean Murphy,-.250
12,Chris Riley,-.250
16,Steve Allan,-.200
16,Ernie Els,-.200
16,Rob Rashell,-.200
19,Stewart Cink,-.167
20,Briny Baird,E
20,Jonathan Byrd,E
20,Daniel Chopra,E
20,Brian Gay,E
20,Brent Geiberger,E
20,Todd Hamilton,E
20,Jonathan Kaye,E
20,Franklin Langham,E
20,Tom Lehman,E
20,Andrew Magee,E
20,Ryan Palmer,E
20,Jesper Parnevik,E
20,Craig Parry,E
20,Tom Pernice Jr.,E
20,Brett Quigley,E
20,Loren Roberts,E
20,Adam Scott,E
20,Heath Slocum,E
20,Joey Snyder III,E
20,David Toms,E
20,D.J. Trahan,E
41,Ben Crane,+.143
41,Tom Kite,+.143
43,Arron Oberholser,+.200
44,Tom Byrum,+.250
44,Bob Estes,+.250
44,Steve Jones,+.250
44,Billy Mayfair,+.250
44,Larry Mize,+.250
44,Vijay Singh,+.250
44,Dean Wilson,+.250
51,Woody Austin,+.333
51,Jim Furyk,+.333
51,Tim Herron,+.333
51,Dick Mast,+.333
51,John Riegger,+.333
56,Steve Flesch,+.400
57,Rich Beem,+.500
57,Bart Bryant,+.500
57,John Cook,+.500
57,Luke Donald,+.500
57,Joe Durant,+.500
57,Ryuji Imada,+.500
57,Sean O'Hair,+.500
57,D.A. Points,+.500
57,Justin Rose,+.500
57,Duffy Waldorf,+.500
67,Paul Azinger,+.667
67,Robert Gamez,+.667
67,Paul Gow,+.667
67,Rory Sabbatini,+.667
71,Tommy Armour III,+1.000
71,Zach Johnson,+1.000
71,Jeff Maggert,+1.000
71,Greg Meyer,+1.000
71,Greg Owen,+1.000
