rank,player,%,Total Birdies,Total Holes
1,Retief Goosen,53.85,7,13
2,Charles Howell III,50.00,7,14
3,Nick Watney,46.67,7,15
4,Dick Mast,46.15,6,13
5,John Riegger,43.75,7,16
6,Ben Crane,42.11,8,19
7,Chad Campbell,41.67,5,12
7,Todd Hamilton,41.67,5,12
9,Tommy Armour III,40.00,6,15
9,Tim Herron,40.00,6,15
9,Jonathan Kaye,40.00,4,10
12,David Toms,37.50,6,16
13,Bart Bryant,35.71,5,14
14,Craig Stadler,35.29,6,17
15,Woody Austin,33.33,5,15
15,Joe Durant,33.33,5,15
15,Ernie Els,33.33,5,15
15,Shaun Micheel,33.33,4,12
15,Brett Quigley,33.33,5,15
15,Jeff Sluman,33.33,5,15
21,Loren Roberts,31.58,6,19
22,D.J. Brigman,31.25,5,16
23,Arron Oberholser,30.77,4,13
23,Greg Owen,30.77,4,13
25,Jason Allred,29.41,5,17
25,Jim Furyk,29.41,5,17
27,Paul Azinger,28.57,4,14
27,Tom Lehman,28.57,4,14
27,Andrew Magee,28.57,4,14
27,Jeff Maggert,28.57,4,14
27,Charles Warren,28.57,4,14
32,Ryan Palmer,27.78,5,18
32,Rob Rashell,27.78,5,18
34,Sean Murphy,27.27,3,11
35,Shigeki Maruyama,26.67,4,15
35,Pat Perez,26.67,4,15
37,Bob Estes,25.00,3,12
37,Steve Flesch,25.00,4,16
37,Franklin Langham,25.00,5,20
37,Chris Riley,25.00,4,16
37,Justin Rose,25.00,3,12
37,Adam Scott,25.00,3,12
37,Dean Wilson,25.00,4,16
44,Rich Beem,23.08,3,13
44,Jason Bohn,23.08,3,13
44,Jonathan Byrd,23.08,3,13
44,Luke Donald,23.08,3,13
44,Craig Parry,23.08,3,13
49,Robert Gamez,22.22,4,18
49,Brent Geiberger,22.22,2,9
49,Steve Jones,22.22,4,18
52,Briny Baird,21.43,3,14
52,Brian Gay,21.43,3,14
52,Sean O'Hair,21.43,3,14
52,Vijay Singh,21.43,3,14
56,Steve Allan,20.00,3,15
56,Peter Jacobsen,20.00,3,15
56,Larry Mize,20.00,3,15
59,Paul Gow,19.05,4,21
60,Daniel Chopra,18.75,3,16
61,Hank Kuehne,18.18,2,11
61,Jesper Parnevik,18.18,2,11
63,Duffy Waldorf,17.65,3,17
64,Tom Byrum,16.67,3,18
64,Billy Mayfair,16.67,2,12
64,Rory Sabbatini,16.67,2,12
64,Heath Slocum,16.67,3,18
64,Joey Snyder III,16.67,2,12
64,Omar Uresti,16.67,3,18
70,Stewart Cink,15.79,3,19
71,Zach Johnson,14.29,2,14
71,Tom Pernice Jr.,14.29,2,14
73,D.A. Points,12.50,2,16
74,Tom Kite,11.11,2,18
75,Ryuji Imada,8.33,1,12
75,Greg Meyer,8.33,1,12
77,D.J. Trahan,7.14,1,14
78,John Cook,.00,0,14
