rank,player,Avg RTP
1,Ben Crane,-.636
2,John Riegger,-.600
3,Arron Oberholser,-.571
4,Dick Mast,-.556
5,Woody Austin,-.500
5,Rich Beem,-.500
5,Ernie Els,-.500
5,Charles Howell III,-.500
9,Bart Bryant,-.455
10,Paul Azinger,-.400
11,Todd Hamilton,-.375
11,Brett Quigley,-.375
13,Jim Furyk,-.333
13,Jonathan Kaye,-.333
13,Tom Lehman,-.333
13,Jeff Maggert,-.333
17,Tommy Armour III,-.308
18,Steve Flesch,-.300
18,Tim Herron,-.300
18,David Toms,-.300
21,Joe Durant,-.273
21,Shigeki Maruyama,-.273
23,Chad Campbell,-.250
23,Rory Sabbatini,-.250
23,Duffy Waldorf,-.250
26,Tom Byrum,-.231
27,Andrew Magee,-.222
27,Loren Roberts,-.222
27,Justin Rose,-.222
30,Luke Donald,-.200
30,Charles Warren,-.200
32,Pat Perez,-.182
33,Bob Estes,-.167
33,Retief Goosen,-.167
33,Rob Rashell,-.167
33,Adam Scott,-.167
37,Franklin Langham,-.154
38,Shaun Micheel,-.125
38,Craig Parry,-.125
40,Briny Baird,-.111
41,Jason Allred,-.100
41,Daniel Chopra,-.100
41,Sean O'Hair,-.100
41,Jeff Sluman,-.100
41,Dean Wilson,-.100
46,Robert Gamez,-.083
47,Brian Gay,E
47,Brent Geiberger,E
47,Paul Gow,E
47,Peter Jacobsen,E
47,Steve Jones,E
47,Billy Mayfair,E
47,Greg Meyer,E
47,Larry Mize,E
47,Sean Murphy,E
47,Jesper Parnevik,E
47,Tom Pernice Jr.,E
47,D.A. Points,E
47,Vijay Singh,E
47,Heath Slocum,E
47,D.J. Trahan,E
62,Omar Uresti,+.071
63,D.J. Brigman,+.091
63,Stewart Cink,+.091
65,Greg Owen,+.100
65,Craig Stadler,+.100
67,Ryuji Imada,+.125
67,Zach Johnson,+.125
69,Steve Allan,+.143
69,Jason Bohn,+.143
69,Hank Kuehne,+.143
69,Joey Snyder III,+.143
73,Ryan Palmer,+.167
73,Nick Watney,+.167
75,John Cook,+.182
75,Tom Kite,+.182
75,Chris Riley,+.182
78,Jonathan Byrd,+.200
