rank,player,%,Total Birdies,Total Holes
1,Ernie Els,33.33,14,42
2,Robert Gamez,32.69,17,52
3,John Riegger,30.23,13,43
4,Paul Azinger,29.79,14,47
5,Ben Crane,29.17,14,48
6,Woody Austin,28.89,13,45
7,David Toms,28.85,15,52
8,Tom Byrum,28.07,16,57
9,Arron Oberholser,28.00,14,50
10,Jeff Maggert,27.59,16,58
11,Jason Allred,27.27,12,44
12,Bob Estes,25.45,14,55
13,Brett Quigley,25.00,11,44
14,Todd Hamilton,24.53,13,53
15,Stewart Cink,24.49,12,49
15,Tom Lehman,24.49,12,49
15,Rory Sabbatini,24.49,12,49
18,Rich Beem,24.44,11,45
19,Luke Donald,24.00,12,50
20,Peter Jacobsen,23.53,12,51
20,Charles Warren,23.53,12,51
22,Loren Roberts,23.21,13,56
23,Chris Riley,23.08,12,52
24,Chad Campbell,22.64,12,53
25,Tommy Armour III,22.45,11,49
25,Tim Herron,22.45,11,49
27,Bart Bryant,22.22,14,63
27,Andrew Magee,22.22,10,45
27,Justin Rose,22.22,12,54
27,Vijay Singh,22.22,10,45
31,Shaun Micheel,21.82,12,55
32,Steve Allan,21.74,10,46
33,D.J. Brigman,21.57,11,51
33,Steve Flesch,21.57,11,51
33,Ryan Palmer,21.57,11,51
36,Joe Durant,21.43,12,56
37,Greg Owen,21.15,11,52
38,Larry Mize,21.05,12,57
39,Daniel Chopra,20.93,9,43
40,Hank Kuehne,20.45,9,44
41,Jason Bohn,20.00,10,50
41,Franklin Langham,20.00,10,50
43,Jim Furyk,19.64,11,56
44,Dick Mast,19.61,10,51
45,Shigeki Maruyama,19.30,11,57
46,D.J. Trahan,19.23,10,52
47,Dean Wilson,18.87,10,53
48,Paul Gow,18.52,10,54
49,Craig Stadler,18.37,9,49
49,Duffy Waldorf,18.37,9,49
51,Charles Howell III,18.18,8,44
52,Ryuji Imada,18.00,9,50
53,Brian Gay,17.86,10,56
54,Craig Parry,17.65,9,51
55,Jonathan Kaye,17.39,8,46
55,Tom Kite,17.39,8,46
55,Sean Murphy,17.39,8,46
58,Billy Mayfair,17.31,9,52
59,Briny Baird,16.67,9,54
59,Adam Scott,16.67,8,48
61,Pat Perez,16.36,9,55
62,Tom Pernice Jr.,16.00,8,50
63,Zach Johnson,14.89,7,47
64,Jonathan Byrd,14.63,6,41
65,D.A. Points,14.58,7,48
66,Greg Meyer,14.00,7,50
67,Jesper Parnevik,13.95,6,43
68,Retief Goosen,13.33,6,45
68,Sean O'Hair,13.33,6,45
68,Nick Watney,13.33,6,45
71,Steve Jones,12.28,7,57
71,Omar Uresti,12.28,7,57
73,Rob Rashell,12.24,6,49
73,Heath Slocum,12.24,6,49
75,John Cook,11.76,6,51
76,Joey Snyder III,11.54,6,52
77,Jeff Sluman,11.11,6,54
78,Brent Geiberger,9.80,5,51
