rank,player,%,Total Birdies,Total Holes
1,Jason Allred,36.36,8,22
2,D.J. Brigman,30.43,7,23
3,Robert Gamez,30.00,6,20
4,Brett Quigley,28.57,6,21
5,Paul Azinger,27.78,5,18
6,Dean Wilson,27.27,6,22
7,Jesper Parnevik,25.00,5,20
7,Loren Roberts,25.00,3,12
9,Greg Owen,24.00,6,25
10,Jeff Maggert,23.81,5,21
11,Ernie Els,23.53,4,17
12,Todd Hamilton,23.08,3,13
12,Larry Mize,23.08,3,13
12,David Toms,23.08,6,26
15,Heath Slocum,22.22,4,18
16,Justin Rose,21.74,5,23
17,Bob Estes,21.05,4,19
17,Franklin Langham,21.05,4,19
17,Chris Riley,21.05,4,19
20,Steve Allan,20.83,5,24
21,Jason Bohn,20.00,3,15
21,Luke Donald,20.00,3,15
21,Brian Gay,20.00,3,15
24,Tommy Armour III,19.05,4,21
24,Stewart Cink,19.05,4,21
24,Billy Mayfair,19.05,4,21
27,Sean Murphy,18.18,4,22
28,Jonathan Byrd,17.65,3,17
28,Tom Byrum,17.65,3,17
28,Jonathan Kaye,17.65,3,17
31,Joe Durant,17.39,4,23
31,Ryuji Imada,17.39,4,23
33,Arron Oberholser,16.67,3,18
33,Ryan Palmer,16.67,3,18
33,Charles Warren,16.67,3,18
36,Briny Baird,14.29,3,21
36,Bart Bryant,14.29,3,21
36,Chad Campbell,14.29,3,21
36,Steve Flesch,14.29,3,21
36,Retief Goosen,14.29,3,21
36,Charles Howell III,14.29,3,21
36,Dick Mast,14.29,3,21
43,Ben Crane,13.64,3,22
43,Hank Kuehne,13.64,3,22
43,Joey Snyder III,13.64,3,22
46,Tim Herron,13.33,2,15
47,Tom Kite,13.04,3,23
47,Shaun Micheel,13.04,3,23
47,D.J. Trahan,13.04,3,23
50,Pat Perez,12.50,3,24
51,Craig Stadler,11.76,2,17
52,Steve Jones,11.11,2,18
53,Woody Austin,10.53,2,19
53,Zach Johnson,10.53,2,19
53,Craig Parry,10.53,2,19
53,D.A. Points,10.53,2,19
53,John Riegger,10.53,2,19
53,Jeff Sluman,10.53,2,19
59,Jim Furyk,10.00,2,20
59,Peter Jacobsen,10.00,2,20
61,Rory Sabbatini,9.52,2,21
62,Rich Beem,9.09,2,22
62,Daniel Chopra,9.09,2,22
64,Shigeki Maruyama,7.14,1,14
65,Paul Gow,6.67,1,15
66,Greg Meyer,6.25,1,16
66,Sean O'Hair,6.25,1,16
68,Rob Rashell,5.56,1,18
69,Tom Lehman,5.26,1,19
70,Brent Geiberger,5.00,1,20
70,Adam Scott,5.00,1,20
70,Vijay Singh,5.00,1,20
73,Duffy Waldorf,4.76,1,21
73,Nick Watney,4.76,1,21
75,Tom Pernice Jr.,4.55,1,22
76,John Cook,.00,0,17
76,Andrew Magee,.00,0,15
76,Omar Uresti,.00,0,11
