rank,player,Avg RTP
1,Chad Campbell,-1.000
1,Brent Geiberger,-1.000
1,Shigeki Maruyama,-1.000
4,Nick Watney,-.750
5,Charles Howell III,-.667
6,Retief Goosen,-.500
6,Shaun Micheel,-.500
6,Craig Stadler,-.500
9,Briny Baird,-.333
9,D.J. Brigman,-.333
9,Peter Jacobsen,-.333
12,Jason Bohn,-.250
13,Steve Allan,-.200
13,Ernie Els,-.200
15,Jason Allred,E
15,Jonathan Byrd,E
15,Daniel Chopra,E
15,Stewart Cink,E
15,Brian Gay,E
15,Jonathan Kaye,E
15,Tom Lehman,E
15,Andrew Magee,E
15,Dick Mast,E
15,Sean Murphy,E
15,Jesper Parnevik,E
15,Tom Pernice Jr.,E
15,Brett Quigley,E
15,Rob Rashell,E
15,Loren Roberts,E
15,Adam Scott,E
15,Heath Slocum,E
15,Jeff Sluman,E
15,Joey Snyder III,E
15,D.J. Trahan,E
15,Omar Uresti,E
36,Ben Crane,+.167
37,Franklin Langham,+.250
37,Billy Mayfair,+.250
37,Larry Mize,+.250
37,Arron Oberholser,+.250
41,Woody Austin,+.333
41,Tim Herron,+.333
41,Craig Parry,+.333
41,John Riegger,+.333
41,Vijay Singh,+.333
41,David Toms,+.333
47,Tom Kite,+.400
48,Bart Bryant,+.500
48,Tom Byrum,+.500
48,John Cook,+.500
48,Luke Donald,+.500
48,Joe Durant,+.500
48,Bob Estes,+.500
48,Steve Flesch,+.500
48,Jim Furyk,+.500
48,Todd Hamilton,+.500
48,Ryuji Imada,+.500
48,Steve Jones,+.500
48,Sean O'Hair,+.500
48,D.A. Points,+.500
48,Justin Rose,+.500
62,Rich Beem,+.667
62,Robert Gamez,+.667
62,Duffy Waldorf,+.667
62,Dean Wilson,+.667
66,Tommy Armour III,+1.000
66,Paul Azinger,+1.000
66,Paul Gow,+1.000
66,Zach Johnson,+1.000
66,Jeff Maggert,+1.000
66,Greg Meyer,+1.000
66,Greg Owen,+1.000
66,Ryan Palmer,+1.000
66,Chris Riley,+1.000
