rank,player,Avg RTP
1,Tommy Armour III,-2.000
1,Shaun Micheel,-2.000
3,Jim Furyk,-1.500
4,Woody Austin,-1.000
4,Stewart Cink,-1.000
4,Steve Flesch,-1.000
4,Brian Gay,-1.000
4,Todd Hamilton,-1.000
4,Tim Herron,-1.000
4,Charles Howell III,-1.000
4,Ryuji Imada,-1.000
4,Hank Kuehne,-1.000
4,Andrew Magee,-1.000
4,Sean O'Hair,-1.000
4,Rob Rashell,-1.000
4,Craig Stadler,-1.000
4,David Toms,-1.000
4,Nick Watney,-1.000
4,Dean Wilson,-1.000
20,Loren Roberts,-.800
21,Paul Azinger,-.500
21,Chad Campbell,-.500
21,Paul Gow,-.500
21,Arron Oberholser,-.500
21,Chris Riley,-.500
21,Duffy Waldorf,-.500
27,Tom Byrum,-.333
27,Omar Uresti,-.333
29,Jason Allred,-.250
30,Briny Baird,E
30,Jonathan Byrd,E
30,Daniel Chopra,E
30,John Cook,E
30,Retief Goosen,E
30,Zach Johnson,E
30,Franklin Langham,E
30,Tom Lehman,E
30,Shigeki Maruyama,E
30,Larry Mize,E
30,Greg Owen,E
30,Jesper Parnevik,E
30,Pat Perez,E
30,Adam Scott,E
30,Heath Slocum,E
30,Jeff Sluman,E
30,Joey Snyder III,E
30,D.J. Trahan,E
48,D.J. Brigman,+.500
48,Peter Jacobsen,+.500
50,Robert Gamez,+1.000
50,Tom Kite,+1.000
50,Craig Parry,+1.000
