rank,player,Avg RTP
1,Greg Owen,-1.000
2,Craig Parry,-.667
3,Robert Gamez,-.500
3,Tom Lehman,-.500
5,Heath Slocum,-.429
6,Luke Donald,-.400
6,Craig Stadler,-.400
8,Andrew Magee,-.333
9,Charles Howell III,-.250
9,Greg Meyer,-.250
11,Shaun Micheel,-.200
12,Jason Allred,E
12,Briny Baird,E
12,Rich Beem,E
12,Jonathan Byrd,E
12,Daniel Chopra,E
12,Stewart Cink,E
12,Ben Crane,E
12,Joe Durant,E
12,Brian Gay,E
12,Brent Geiberger,E
12,Retief Goosen,E
12,Tim Herron,E
12,Ryuji Imada,E
12,Steve Jones,E
12,Hank Kuehne,E
12,Shigeki Maruyama,E
12,Billy Mayfair,E
12,Larry Mize,E
12,Sean Murphy,E
12,Arron Oberholser,E
12,Ryan Palmer,E
12,Jesper Parnevik,E
12,D.A. Points,E
12,Brett Quigley,E
12,Rob Rashell,E
12,Chris Riley,E
12,Loren Roberts,E
12,Justin Rose,E
12,Vijay Singh,E
12,Jeff Sluman,E
12,Omar Uresti,E
43,John Cook,+.167
44,Woody Austin,+.200
44,Paul Azinger,+.200
46,Bart Bryant,+.250
46,Ernie Els,+.250
46,Steve Flesch,+.250
46,Jonathan Kaye,+.250
46,Tom Pernice Jr.,+.250
46,Nick Watney,+.250
52,Franklin Langham,+.286
53,Tommy Armour III,+.333
53,Paul Gow,+.333
53,Peter Jacobsen,+.333
53,John Riegger,+.333
53,D.J. Trahan,+.333
53,Duffy Waldorf,+.333
59,Todd Hamilton,+.400
59,Sean O'Hair,+.400
59,Rory Sabbatini,+.400
62,Tom Kite,+.444
63,Jason Bohn,+.500
63,D.J. Brigman,+.500
63,Jim Furyk,+.500
66,Dick Mast,+.571
67,Zach Johnson,+.600
68,Chad Campbell,+.667
69,Adam Scott,+.750
69,Charles Warren,+.750
71,Tom Byrum,+1.000
71,Bob Estes,+1.000
71,Pat Perez,+1.000
71,David Toms,+1.000
71,Dean Wilson,+1.000
