rank,player,Avg,Total Distance (feet),# of Attempts,Relative to par
1,Stephan Jaeger,"1' 11""",1.917,1,-1
2,Gary Woodland,"4' 6""",4.500,1,-1
3,Charley Hoffman,"9' 2""",9.167,1,E
4,Ben Martin,"10' 3""",10.250,1,-1
5,Patrick Fishburn,"10' 6""",10.500,1,-1
6,Keegan Bradley,"11' 6""",22.917,2,-1
7,Zach Johnson,"12' 3""",12.250,1,+1
8,Ryan Gerard,"13' 7""",40.667,3,-1
9,Ben Kohles,"14' 8""",29.333,2,+1
10,Kevin Roy,"15' 3""",30.417,2,E
11,Taylor Dickson,"16' 1""",48.333,3,-1
12,Maverick McNealy,"16' 2""",64.500,4,E
13,Thomas Detry,"16' 5""",32.833,2,E
14,Sahith Theegala,"18' 7""",55.667,3,+1
15,Kurt Kitayama,"19' 4""",77.250,4,-1
16,Justin Lower,"19' 10""",59.583,3,E
16,Vincent Norrman,"19' 10""",19.833,1,E
18,Jesper Svensson,"21' 0""",125.750,6,-1
19,Matt McCarty,"21' 4""",21.333,1,-1
20,Greyson Sigg,"22' 0""",66.000,3,-1
21,J.J. Spaun,"22' 11""",91.667,4,E
22,Taylor Montgomery,"23' 3""",162.750,7,+1
23,Jackson Suber,"23' 4""",93.417,4,-1
24,Harry Hall,"23' 6""",164.583,7,-1
25,Cristobal Del Solar,"24' 0""",120.083,5,E
26,Mark Hubbard,"24' 10""",49.667,2,E
27,Luke List,"25' 5""",25.417,1,E
28,Vince Whaley,"26' 7""",106.167,4,+1
29,Denny McCarthy,"26' 11""",80.667,3,E
30,Nate Lashley,"27' 6""",27.500,1,E
31,Ben Griffin,"28' 0""",84.083,3,E
31,Sam Ryder,"28' 0""",55.917,2,+1
33,Lucas Glover,"28' 1""",28.083,1,E
34,Nico Echavarria,"28' 5""",85.250,3,E
35,Tom Kim,"30' 4""",60.583,2,E
36,Doug Ghim,"32' 3""",32.250,1,E
37,Adam Schenk,"32' 7""",65.167,2,E
38,Chan Kim,"33' 1""",198.500,6,+2
39,Kensei Hirata,"36' 11""",36.917,1,E
40,Aaron Baddeley,"37' 1""",37.083,1,E
41,Lee Hodges,"37' 3""",74.417,2,E
42,Adam Hadwin,"38' 3""",76.500,2,+1
43,Mac Meissner,"38' 9""",155.083,4,+1
44,Matt Kuchar,"39' 0""",77.917,2,-1
45,Erik van Rooyen,"39' 10""",39.833,1,E
46,Adam Svensson,"41' 0""",122.917,3,E
47,Sam Stevens,"41' 10""",83.667,2,E
48,Sepp Straka,"42' 7""",42.583,1,+1
49,Webb Simpson,"43' 0""",129.000,3,+1
50,Hideki Matsuyama,"43' 11""",87.750,2,E
51,Taylor Pendrith,"46' 7""",139.833,3,E
52,David Lipsky,"47' 4""",47.333,1,E
53,Brian Harman,"48' 2""",96.250,2,E
54,Nick Taylor,"48' 8""",97.333,2,E
55,Tom Hoge,"48' 11""",146.750,3,+3
56,James Hahn,"50' 2""",150.500,3,+1
57,Nick Dunlap,"51' 6""",102.917,2,E
58,Kevin Streelman,"52' 0""",155.917,3,E
59,Paul Peterson,"52' 8""",52.667,1,E
60,Bud Cauley,"53' 3""",106.417,2,-1
61,Brice Garnett,"54' 4""",54.333,1,E
62,Eric Cole,"58' 4""",174.917,3,+1
63,Robert MacIntyre,"68' 10""",68.833,1,E
64,Ryo Hisatsune,"76' 8""",76.667,1,+1
65,Rico Hoey,"79' 11""",79.917,1,E
66,Brandt Snedeker,"90' 10""",90.833,1,E
67,Jeremy Paul,"99' 4""",99.333,1,+1
68,Henrik Norlander,"101' 2""",101.167,1,E
