rank,player,Avg,Total Distance (feet),# of Attempts,Relative to par
1,Adam Schenk,"16' 2""",16.167,1,-1
2,Hideki Matsuyama,"20' 2""",20.167,1,-1
3,Tom Hoge,"30' 9""",30.750,1,-1
4,Kevin Streelman,"36' 10""",36.833,1,E
5,Brian Harman,"41' 5""",82.750,2,-1
6,Ben Martin,"41' 10""",41.833,1,-2
7,David Lipsky,"43' 0""",43.000,1,+1
8,Sepp Straka,"44' 2""",44.167,1,E
9,Aaron Baddeley,"44' 4""",88.583,2,-1
10,Justin Lower,"47' 1""",47.083,1,E
11,Thomas Rosenmueller,"48' 9""",48.750,1,E
12,Kurt Kitayama,"50' 8""",101.250,2,-1
13,Andrew Putnam,"52' 4""",157.083,3,-2
14,Nico Echavarria,"52' 9""",158.167,3,-2
15,Nick Taylor,"53' 1""",53.083,1,E
16,Webb Simpson,"54' 11""",54.917,1,E
17,Adam Hadwin,"57' 8""",115.250,2,-1
18,James Hahn,"58' 1""",58.083,1,-1
19,Vince Whaley,"60' 4""",60.333,1,-1
20,Ryo Hisatsune,"60' 7""",60.583,1,-1
21,Cristobal Del Solar,"61' 4""",245.417,4,E
22,Maverick McNealy,"61' 8""",185.000,3,+1
23,Denny McCarthy,"63' 11""",191.750,3,-2
24,Mac Meissner,"64' 3""",128.417,2,E
25,Taylor Dickson,"64' 11""",129.833,2,-1
26,Thomas Detry,"67' 6""",135.000,2,-1
27,Ben Silverman,"67' 8""",270.583,4,E
28,Lee Hodges,"68' 9""",68.750,1,-1
29,Russell Henley,"70' 5""",140.833,2,E
30,Keith Mitchell,"70' 6""",70.500,1,E
31,Harry Hall,"74' 2""",148.250,2,E
32,Robert MacIntyre,"74' 7""",74.583,1,-1
33,Sam Ryder,"76' 10""",230.583,3,E
34,Nick Dunlap,"77' 8""",310.583,4,-2
35,C.T. Pan,"78' 4""",156.667,2,-1
36,J.J. Spaun,"80' 4""",160.583,2,-1
37,Stephan Jaeger,"80' 6""",322.000,4,-4
37,Paul Peterson,"80' 6""",161.000,2,E
39,Taylor Montgomery,"80' 7""",161.167,2,-1
40,Ben Griffin,"81' 2""",243.583,3,E
41,Eric Cole,"86' 5""",86.417,1,E
42,Henrik Norlander,"86' 10""",86.833,1,-1
43,Jeremy Paul,"92' 2""",92.167,1,E
44,Lucas Glover,"93' 5""",93.417,1,+1
45,Brice Garnett,"95' 6""",95.500,1,-1
46,Luke List,"98' 3""",98.250,1,E
47,Doug Ghim,"107' 5""",214.750,2,+1
48,Frankie Capan III,"110' 1""",110.083,1,E
49,Nate Lashley,"119' 6""",239.000,2,+1
50,Gary Woodland,"130' 10""",130.833,1,E
51,Alex Smalley,"132' 10""",132.833,1,E
52,Charley Hoffman,"139' 6""",139.500,1,E
