rank,player,Avg,Total Distance (feet),# of Attempts,Relative to par
1,Kevin Roy,"15' 5""",15.417,1,-1
2,Adam Svensson,"19' 6""",38.917,2,-1
3,Thomas Rosenmueller,"30' 6""",91.417,3,-1
4,Tom Hoge,"30' 9""",30.750,1,-1
5,Jackson Suber,"36' 11""",73.833,2,E
6,Rico Hoey,"37' 1""",37.083,1,E
7,Adam Schenk,"41' 3""",82.417,2,-1
8,Brian Harman,"41' 5""",82.750,2,-1
9,Kurt Kitayama,"43' 2""",129.417,3,-2
10,Bud Cauley,"45' 1""",180.167,4,-2
11,Aaron Baddeley,"47' 5""",142.167,3,-2
12,Andrew Putnam,"50' 11""",203.667,4,-2
13,Lee Hodges,"51' 3""",153.667,3,-2
14,Nico Echavarria,"52' 9""",158.167,3,-2
15,Harry Hall,"53' 7""",214.417,4,-1
16,Sam Ryder,"56' 6""",338.917,6,-2
17,Mac Meissner,"56' 7""",283.000,5,-1
18,James Hahn,"58' 1""",58.083,1,-1
19,Patrick Fishburn,"58' 3""",116.500,2,-1
20,Taylor Dickson,"58' 4""",175.000,3,-2
21,C.T. Pan,"58' 6""",292.417,5,E
22,Mark Hubbard,"60' 8""",60.667,1,+1
23,Greyson Sigg,"61' 8""",123.250,2,-1
24,Erik van Rooyen,"62' 1""",248.167,4,-2
25,Ben Silverman,"62' 4""",436.500,7,-3
26,Vince Whaley,"62' 6""",187.417,3,E
27,Kensei Hirata,"62' 9""",125.500,2,E
28,Ryan Gerard,"62' 11""",188.833,3,E
28,Robert MacIntyre,"62' 11""",188.667,3,-1
30,Nick Dunlap,"63' 3""",506.250,8,-2
31,Henrik Norlander,"64' 2""",192.500,3,-2
32,Maverick McNealy,"64' 4""",321.833,5,E
33,Hideki Matsuyama,"64' 11""",454.417,7,-3
34,Eric Cole,"65' 2""",130.333,2,E
35,Luke List,"65' 5""",261.750,4,-1
36,Sepp Straka,"68' 2""",204.417,3,-2
37,Ben Martin,"68' 10""",206.583,3,-1
37,Taylor Montgomery,"68' 10""",412.750,6,-2
39,Sam Stevens,"69' 0""",207.083,3,-2
40,Kevin Streelman,"69' 2""",207.417,3,+1
41,Adam Hadwin,"69' 4""",346.667,5,-1
42,Russell Henley,"69' 9""",209.167,3,E
43,Nick Taylor,"71' 5""",214.167,3,-2
44,Ryo Hisatsune,"72' 6""",289.833,4,-3
44,Chan Kim,"72' 6""",217.417,3,-2
46,Cristobal Del Solar,"72' 9""",436.417,6,E
47,Jeremy Paul,"72' 10""",145.667,2,-1
48,Thomas Detry,"72' 11""",364.583,5,E
49,Matt McCarty,"73' 5""",146.750,2,E
50,Justin Lower,"74' 1""",222.167,3,-1
51,Lucas Glover,"75' 1""",150.083,2,+1
52,Charley Hoffman,"76' 2""",152.250,2,E
53,Keegan Bradley,"76' 4""",152.583,2,-1
54,Tom Kim,"76' 8""",230.083,3,E
55,Vincent Norrman,"77' 4""",232.000,3,-1
56,Ben Griffin,"78' 0""",623.833,8,-1
57,Gary Woodland,"78' 2""",312.667,4,E
58,Denny McCarthy,"78' 5""",392.083,5,-1
59,Taylor Pendrith,"78' 7""",314.333,4,-2
60,Stephan Jaeger,"79' 10""",478.833,6,-4
61,Sahith Theegala,"80' 10""",80.833,1,E
62,Paul Peterson,"83' 2""",249.500,3,E
63,J.J. Spaun,"84' 2""",336.500,4,-1
64,David Lipsky,"84' 7""",422.750,5,-1
65,Jesper Svensson,"84' 11""",254.833,3,-2
66,Brice Garnett,"85' 0""",425.167,5,E
67,Webb Simpson,"85' 3""",255.750,3,-1
68,Doug Ghim,"89' 6""",358.083,4,E
69,Keith Mitchell,"92' 8""",370.583,4,E
70,Frankie Capan III,"94' 9""",379.083,4,-2
71,Alex Smalley,"95' 11""",383.750,4,+1
72,Nate Lashley,"96' 7""",289.833,3,+1
73,Matt Kuchar,"97' 3""",97.250,1,+1
74,Zach Johnson,"112' 3""",112.250,1,E
