rank,player,Avg,Total Distance (feet),# of Attempts,Relative to par
1,Hideki Matsuyama,"16' 8""",16.667,1,E
2,Jesper Svensson,"20' 4""",40.667,2,-1
3,Tom Hoge,"23' 7""",94.167,4,-2
4,Paul Peterson,"25' 11""",25.917,1,E
4,Webb Simpson,"25' 11""",51.750,2,-1
6,Charley Hoffman,"26' 2""",52.250,2,-1
7,Ben Griffin,"28' 7""",85.833,3,+1
8,Jackson Suber,"34' 7""",207.333,6,-4
9,C.T. Pan,"34' 10""",139.250,4,E
10,Robert MacIntyre,"34' 11""",174.417,5,E
11,Stephan Jaeger,"35' 7""",177.833,5,+1
12,Doug Ghim,"38' 8""",154.667,4,-1
13,Sam Stevens,"40' 2""",80.333,2,+1
14,Andrew Putnam,"41' 1""",164.333,4,-1
15,Chan Kim,"41' 8""",124.917,3,E
16,Adam Schenk,"42' 0""",126.000,3,-1
17,Nick Dunlap,"43' 3""",173.000,4,E
18,Nick Taylor,"43' 6""",130.583,3,+1
19,Brian Harman,"44' 3""",88.417,2,E
19,Denny McCarthy,"44' 3""",176.833,4,+1
21,Sepp Straka,"44' 8""",89.250,2,E
22,Nate Lashley,"44' 10""",179.333,4,+1
22,J.J. Spaun,"44' 10""",224.250,5,-1
24,Kensei Hirata,"44' 11""",89.750,2,E
25,Luke List,"45' 2""",226.000,5,+1
26,Kurt Kitayama,"45' 5""",181.667,4,+1
27,Henrik Norlander,"45' 8""",45.667,1,+1
28,Sahith Theegala,"45' 9""",228.667,5,-2
29,James Hahn,"46' 2""",92.250,2,E
30,Gary Woodland,"46' 6""",186.083,4,-1
31,Nico Echavarria,"46' 9""",233.750,5,E
32,Zach Johnson,"50' 2""",50.167,1,E
32,Thomas Rosenmueller,"50' 2""",250.833,5,E
34,Ben Silverman,"50' 5""",151.167,3,+3
35,Ben Kohles,"50' 8""",152.083,3,E
36,Matt McCarty,"51' 0""",102.000,2,+1
37,Matt Kuchar,"51' 6""",205.833,4,E
38,Harry Hall,"51' 10""",259.250,5,E
39,Russell Henley,"52' 0""",155.917,3,+1
40,Greyson Sigg,"52' 11""",264.667,5,+1
41,Adam Hadwin,"53' 5""",213.583,4,+1
42,Adam Svensson,"54' 1""",324.583,6,E
43,Ryo Hisatsune,"55' 1""",165.167,3,+2
44,Tom Kim,"57' 0""",114.000,2,E
45,Cristobal Del Solar,"57' 9""",231.000,4,E
46,Ben Martin,"57' 10""",231.250,4,+3
47,Vince Whaley,"61' 1""",61.083,1,+1
48,Jeremy Paul,"62' 0""",434.000,7,E
49,Bud Cauley,"63' 3""",126.500,2,E
49,Alex Smalley,"63' 3""",316.250,5,-1
51,Rico Hoey,"64' 0""",191.917,3,-1
52,Brandt Snedeker,"64' 2""",64.167,1,+1
53,Justin Lower,"64' 3""",64.250,1,+2
54,Eric Cole,"67' 7""",202.667,3,+1
55,Aaron Baddeley,"68' 8""",412.000,6,+3
56,Frankie Capan III,"69' 0""",275.833,4,+1
57,Taylor Montgomery,"71' 4""",356.667,5,+2
58,Kevin Roy,"71' 9""",287.083,4,E
59,Ryan Gerard,"72' 11""",145.750,2,+1
60,Patrick Fishburn,"73' 2""",292.583,4,+1
61,Thomas Detry,"77' 1""",231.167,3,E
62,Keith Mitchell,"77' 11""",155.750,2,-1
63,Mac Meissner,"78' 1""",78.083,1,E
64,Mark Hubbard,"79' 2""",79.167,1,+1
64,David Lipsky,"79' 2""",79.167,1,E
64,Sam Ryder,"79' 2""",79.167,1,E
67,Vincent Norrman,"79' 7""",238.667,3,+1
68,Taylor Dickson,"86' 3""",172.417,2,+2
69,Keegan Bradley,"104' 5""",104.417,1,-1
70,Maverick McNealy,"104' 7""",209.083,2,+1
71,Lee Hodges,"113' 3""",113.250,1,+1
72,Lucas Glover,"130' 9""",130.750,1,+2
