rank,player,Avg,Total Distance (feet),# of Attempts,Relative to par
1,Lucas Glover,"2' 4""",2.333,1,-1
2,Justin Lower,"6' 1""",6.083,1,E
3,Sahith Theegala,"6' 3""",6.250,1,-1
4,Luke List,"8' 8""",8.667,1,+1
5,Russell Henley,"10' 7""",10.583,1,-1
6,Robert MacIntyre,"11' 1""",22.167,2,E
7,Bud Cauley,"11' 2""",11.167,1,E
8,Mark Hubbard,"11' 4""",11.333,1,E
9,Tom Kim,"11' 11""",11.917,1,+2
10,Alex Smalley,"13' 0""",13.000,1,E
11,Kevin Roy,"15' 1""",30.083,2,-1
11,Gary Woodland,"15' 1""",15.083,1,-1
13,Andrew Putnam,"15' 6""",15.500,1,E
14,Cristobal Del Solar,"15' 10""",15.833,1,+2
15,Jesper Svensson,"17' 5""",34.750,2,-1
16,Keith Mitchell,"17' 7""",35.167,2,-1
17,James Hahn,"18' 10""",37.667,2,-1
17,Harry Hall,"18' 10""",18.833,1,-1
19,Aaron Baddeley,"21' 0""",21.000,1,-1
20,J.J. Spaun,"21' 11""",43.750,2,E
21,Paul Peterson,"22' 1""",22.083,1,E
22,Thomas Rosenmueller,"23' 2""",23.167,1,+2
23,Ryan Gerard,"24' 4""",24.333,1,E
24,Mac Meissner,"24' 5""",24.417,1,E
25,Keegan Bradley,"25' 8""",25.667,1,+1
26,Taylor Pendrith,"26' 0""",51.917,2,E
27,Kurt Kitayama,"28' 1""",84.167,3,-1
28,David Lipsky,"28' 6""",28.500,1,+1
29,Erik van Rooyen,"29' 8""",88.917,3,-1
30,Frankie Capan III,"29' 9""",59.500,2,+1
31,Stephan Jaeger,"29' 11""",89.833,3,-2
32,Kensei Hirata,"30' 10""",30.833,1,E
33,Charley Hoffman,"32' 11""",32.917,1,E
34,Rico Hoey,"33' 0""",66.000,2,+1
35,Adam Schenk,"34' 7""",69.083,2,E
36,Jackson Suber,"37' 2""",37.167,1,E
37,Sam Stevens,"38' 10""",116.583,3,-1
38,Ben Silverman,"38' 11""",155.750,4,E
39,Matt McCarty,"39' 9""",79.417,2,+1
40,Lee Hodges,"39' 11""",79.750,2,E
41,Adam Hadwin,"41' 4""",41.333,1,E
42,Sam Ryder,"48' 10""",48.833,1,E
43,Brandt Snedeker,"54' 7""",54.583,1,+1
44,Vincent Norrman,"54' 8""",109.250,2,+1
45,Ben Griffin,"59' 11""",119.833,2,+1
46,Maverick McNealy,"128' 10""",128.833,1,E
