rank,player,Avg,Total Distance (feet),# of Attempts,Relative to par
1,Keegan Bradley,"23' 1""",23.083,1,E
2,Taylor Dickson,"26' 6""",106.000,4,E
3,Luke List,"27' 6""",137.333,5,E
4,Tom Hoge,"28' 0""",223.750,8,-2
5,Webb Simpson,"28' 7""",142.750,5,E
6,Justin Lower,"29' 0""",115.917,4,+1
7,Adam Hadwin,"32' 9""",98.250,3,+1
7,Ryo Hisatsune,"32' 9""",65.500,2,E
9,Nico Echavarria,"33' 2""",33.167,1,E
10,Nate Lashley,"33' 9""",134.917,4,E
11,Matt McCarty,"35' 8""",213.750,6,+1
12,Andrew Putnam,"36' 1""",72.167,2,E
13,Stephan Jaeger,"36' 4""",72.667,2,E
13,Sam Ryder,"36' 4""",218.083,6,-2
15,Mac Meissner,"37' 0""",147.833,4,E
16,Aaron Baddeley,"37' 3""",111.833,3,+1
17,Tom Kim,"38' 1""",152.417,4,E
18,Jackson Suber,"38' 5""",115.250,3,+3
19,Charley Hoffman,"39' 0""",155.833,4,+2
20,Brice Garnett,"39' 3""",117.833,3,+2
21,Brian Harman,"39' 4""",393.583,10,E
22,Nick Dunlap,"40' 0""",280.167,7,-1
23,Bud Cauley,"40' 7""",202.917,5,+1
23,Adam Svensson,"40' 7""",283.917,7,E
25,Mark Hubbard,"41' 7""",124.750,3,E
25,Kurt Kitayama,"41' 7""",124.750,3,+1
27,Hideki Matsuyama,"45' 3""",316.667,7,+1
28,Denny McCarthy,"45' 7""",227.833,5,E
28,Sahith Theegala,"45' 7""",136.750,3,+1
30,Henrik Norlander,"45' 8""",182.667,4,+1
31,Vince Whaley,"46' 3""",324.000,7,E
32,Nick Taylor,"46' 5""",278.250,6,E
33,Rico Hoey,"46' 8""",140.083,3,+1
34,Ben Martin,"46' 9""",187.000,4,+1
35,Brandt Snedeker,"47' 6""",237.417,5,E
36,Kevin Streelman,"47' 9""",286.417,6,+1
37,Taylor Pendrith,"48' 0""",191.833,4,+2
38,Paul Peterson,"48' 1""",192.333,4,E
39,Ben Griffin,"48' 3""",144.750,3,E
40,Ben Kohles,"48' 9""",292.417,6,+1
41,Taylor Montgomery,"49' 5""",296.500,6,+1
42,Cristobal Del Solar,"49' 6""",198.000,4,E
43,J.J. Spaun,"50' 2""",200.583,4,+1
44,Zach Johnson,"50' 4""",151.000,3,E
45,Alex Smalley,"51' 3""",307.667,6,-1
46,Erik van Rooyen,"51' 8""",206.583,4,+1
47,Adam Schenk,"52' 5""",314.250,6,+1
48,Thomas Rosenmueller,"52' 8""",263.250,5,+1
49,Chan Kim,"53' 7""",214.167,4,E
50,Frankie Capan III,"53' 11""",215.500,4,-1
51,Doug Ghim,"54' 8""",382.917,7,+1
52,Keith Mitchell,"56' 3""",281.083,5,+2
53,C.T. Pan,"57' 8""",230.500,4,+1
54,Robert MacIntyre,"58' 2""",232.500,4,+2
55,Jeremy Paul,"58' 7""",117.167,2,E
56,James Hahn,"58' 11""",294.583,5,+2
57,Ryan Gerard,"59' 5""",297.083,5,-1
58,Thomas Detry,"60' 4""",181.083,3,+1
59,Gary Woodland,"60' 6""",241.917,4,E
60,Patrick Fishburn,"61' 0""",182.917,3,+2
61,Jesper Svensson,"62' 1""",372.417,6,+1
62,Sam Stevens,"63' 3""",252.917,4,+1
63,Vincent Norrman,"63' 11""",255.500,4,-1
64,Greyson Sigg,"64' 6""",64.500,1,E
65,Maverick McNealy,"65' 0""",65.000,1,E
66,Russell Henley,"65' 2""",195.417,3,+2
67,Eric Cole,"66' 7""",133.167,2,E
68,Kensei Hirata,"67' 9""",135.500,2,+2
69,Lucas Glover,"69' 9""",348.667,5,E
69,Lee Hodges,"69' 9""",139.417,2,-1
71,David Lipsky,"69' 10""",279.250,4,+2
72,Ben Silverman,"73' 7""",294.250,4,+2
73,Matt Kuchar,"75' 7""",302.417,4,+4
74,Harry Hall,"76' 1""",304.250,4,+2
75,Kevin Roy,"84' 7""",338.417,4,+3
76,Sepp Straka,"118' 2""",118.167,1,E
