rank,player,Avg,Total Distance (feet),# of Attempts,Relative to par
1,Tom Kim,"6' 11""",6.917,1,E
2,Lee Hodges,"7' 4""",7.333,1,-1
3,Brice Garnett,"9' 2""",9.167,1,+1
3,Brian Harman,"9' 2""",9.167,1,E
5,David Lipsky,"9' 11""",9.917,1,-1
6,Andrew Putnam,"10' 11""",10.917,1,-1
7,Vince Whaley,"11' 4""",22.667,2,E
8,Doug Ghim,"12' 6""",12.500,1,E
9,Kevin Roy,"13' 11""",27.750,2,+1
10,Denny McCarthy,"15' 9""",15.750,1,+1
11,Ryo Hisatsune,"16' 7""",16.583,1,+1
12,Sam Ryder,"16' 10""",16.833,1,E
13,Mark Hubbard,"17' 2""",17.167,1,E
14,Jeremy Paul,"17' 6""",17.500,1,E
15,Nate Lashley,"19' 11""",19.917,1,E
16,Jesper Svensson,"20' 3""",20.250,1,-1
17,Eric Cole,"20' 4""",20.333,1,E
18,Robert MacIntyre,"20' 8""",20.667,1,E
19,Thomas Rosenmueller,"27' 7""",27.583,1,E
20,Ben Griffin,"36' 9""",73.500,2,+1
21,Stephan Jaeger,"58' 9""",58.750,1,E
22,Vincent Norrman,"63' 8""",63.667,1,+1
23,Cristobal Del Solar,"66' 8""",66.667,1,E
