rank,player,Avg,Total Distance (feet),# of Attempts,Relative to par
1,Gary Woodland,"9' 10""",19.583,2,-2
2,Ben Martin,"10' 3""",10.250,1,-1
3,Patrick Fishburn,"10' 6""",10.500,1,-1
4,Russell Henley,"10' 7""",10.583,1,-1
5,Zach Johnson,"12' 3""",12.250,1,+1
6,Alex Smalley,"13' 0""",13.000,1,E
7,Andrew Putnam,"13' 3""",26.417,2,-1
8,Ben Kohles,"14' 8""",29.333,2,+1
9,Kevin Roy,"14' 9""",88.250,6,E
10,Lucas Glover,"15' 3""",30.417,2,-1
11,Sahith Theegala,"15' 6""",61.917,4,E
12,Taylor Dickson,"16' 1""",48.333,3,-1
13,Keegan Bradley,"16' 2""",48.583,3,E
14,Ryan Gerard,"16' 3""",65.000,4,-1
15,Thomas Detry,"16' 5""",32.833,2,E
15,Justin Lower,"16' 5""",65.667,4,E
17,Luke List,"17' 1""",34.083,2,+1
18,Keith Mitchell,"17' 7""",35.167,2,-1
19,Mark Hubbard,"19' 7""",78.167,4,E
20,Tom Kim,"19' 10""",79.417,4,+2
21,Jesper Svensson,"20' 1""",180.750,9,-3
22,Charley Hoffman,"21' 1""",42.083,2,E
23,Vince Whaley,"21' 6""",128.833,6,+1
24,Greyson Sigg,"22' 0""",66.000,3,-1
25,Doug Ghim,"22' 5""",44.750,2,E
26,J.J. Spaun,"22' 7""",135.417,6,E
27,Harry Hall,"22' 11""",183.417,8,-2
28,Kurt Kitayama,"23' 1""",161.417,7,-2
29,Taylor Montgomery,"23' 3""",162.750,7,+1
30,Nate Lashley,"23' 9""",47.417,2,E
31,Denny McCarthy,"24' 1""",96.417,4,+1
32,Thomas Rosenmueller,"25' 5""",50.750,2,+2
33,Jackson Suber,"26' 1""",130.583,5,-1
34,Robert MacIntyre,"27' 11""",111.667,4,E
35,Nico Echavarria,"28' 5""",85.250,3,E
36,David Lipsky,"28' 7""",85.750,3,E
37,Cristobal Del Solar,"28' 11""",202.583,7,+2
38,Aaron Baddeley,"29' 1""",58.083,2,-1
39,Frankie Capan III,"29' 9""",59.500,2,+1
40,Stephan Jaeger,"30' 1""",150.500,5,-3
41,Sam Ryder,"30' 5""",121.583,4,+1
42,Brice Garnett,"31' 9""",63.500,2,+1
43,Erik van Rooyen,"32' 2""",128.750,4,-1
44,Lee Hodges,"32' 4""",161.500,5,-1
45,Chan Kim,"33' 1""",198.500,6,+2
46,Matt McCarty,"33' 7""",100.750,3,E
46,Adam Schenk,"33' 7""",134.250,4,E
48,Kensei Hirata,"33' 11""",67.750,2,E
49,Brian Harman,"35' 2""",105.417,3,E
50,Mac Meissner,"35' 11""",179.500,5,+1
51,Paul Peterson,"37' 5""",74.750,2,E
52,James Hahn,"37' 8""",188.167,5,E
53,Taylor Pendrith,"38' 4""",191.750,5,E
54,Maverick McNealy,"38' 8""",193.333,5,E
55,Ben Silverman,"38' 11""",155.750,4,E
56,Matt Kuchar,"39' 0""",77.917,2,-1
57,Bud Cauley,"39' 2""",117.583,3,-1
58,Adam Hadwin,"39' 3""",117.833,3,+1
59,Ben Griffin,"39' 8""",277.417,7,+2
60,Sam Stevens,"40' 1""",200.250,5,-1
61,Adam Svensson,"41' 0""",122.917,3,E
62,Sepp Straka,"42' 7""",42.583,1,+1
63,Webb Simpson,"43' 0""",129.000,3,+1
64,Hideki Matsuyama,"43' 11""",87.750,2,E
65,Ryo Hisatsune,"46' 8""",93.250,2,+2
66,Vincent Norrman,"48' 2""",192.750,4,+2
67,Rico Hoey,"48' 8""",145.917,3,+1
67,Nick Taylor,"48' 8""",97.333,2,E
69,Eric Cole,"48' 10""",195.250,4,+1
70,Tom Hoge,"48' 11""",146.750,3,+3
71,Nick Dunlap,"51' 6""",102.917,2,E
72,Kevin Streelman,"52' 0""",155.917,3,E
73,Jeremy Paul,"58' 5""",116.833,2,+1
74,Brandt Snedeker,"72' 9""",145.417,2,+1
75,Henrik Norlander,"101' 2""",101.167,1,E
