rank,player,Avg,Total Distance (feet),# of Attempts,Relative to par
1,Adam Svensson,"35' 10""",35.833,1,E
2,Sam Stevens,"36' 10""",36.833,1,-1
3,Rico Hoey,"37' 1""",37.083,1,E
4,Aaron Baddeley,"53' 7""",53.583,1,-1
5,Lucas Glover,"56' 8""",56.667,1,E
6,Chan Kim,"58' 5""",58.417,1,-1
7,Justin Lower,"71' 6""",71.500,1,-1
8,Vincent Norrman,"73' 6""",73.500,1,-1
9,Hideki Matsuyama,"80' 9""",161.500,2,-1
10,Ben Martin,"86' 6""",86.500,1,E
11,Keegan Bradley,"89' 3""",89.250,1,-1
12,Brice Garnett,"105' 1""",210.083,2,+1
13,Sepp Straka,"105' 10""",105.833,1,-1
14,Frankie Capan III,"123' 10""",123.833,1,-1
