rank,player,Avg,Total Distance (feet),# of Attempts,Relative to par
1,Lucas Glover,"2' 4""",2.333,1,-1
2,Justin Lower,"6' 1""",6.083,1,E
3,Sahith Theegala,"6' 3""",6.250,1,-1
4,Luke List,"8' 8""",8.667,1,+1
5,Brice Garnett,"9' 2""",9.167,1,+1
5,Brian Harman,"9' 2""",9.167,1,E
7,Tom Kim,"9' 5""",18.833,2,+2
8,C.T. Pan,"10' 0""",10.000,1,+1
9,Russell Henley,"10' 7""",10.583,1,-1
10,Bud Cauley,"11' 2""",11.167,1,E
11,Vince Whaley,"11' 4""",22.667,2,E
12,Doug Ghim,"12' 6""",12.500,1,E
13,Paul Peterson,"12' 9""",25.417,2,E
14,Alex Smalley,"13' 0""",13.000,1,E
15,Andrew Putnam,"13' 3""",26.417,2,-1
16,Mark Hubbard,"14' 3""",28.500,2,E
16,Robert MacIntyre,"14' 3""",42.833,3,E
18,Kevin Roy,"14' 6""",57.833,4,E
19,Gary Woodland,"15' 1""",15.083,1,-1
20,Denny McCarthy,"15' 9""",15.750,1,+1
21,Ryo Hisatsune,"16' 7""",16.583,1,+1
22,Keith Mitchell,"17' 4""",51.917,3,-1
23,Jeremy Paul,"17' 6""",17.500,1,E
24,Jesper Svensson,"18' 4""",55.000,3,-2
25,James Hahn,"18' 10""",37.667,2,-1
25,Harry Hall,"18' 10""",18.833,1,-1
27,David Lipsky,"19' 3""",38.417,2,E
28,Nate Lashley,"19' 11""",19.917,1,E
29,Eric Cole,"20' 4""",20.333,1,E
30,Aaron Baddeley,"21' 0""",21.000,1,-1
31,J.J. Spaun,"21' 11""",43.750,2,E
32,Ryan Gerard,"24' 4""",24.333,1,E
33,Mac Meissner,"24' 5""",24.417,1,E
34,Thomas Rosenmueller,"25' 5""",50.750,2,+2
35,Keegan Bradley,"25' 8""",25.667,1,+1
36,Taylor Pendrith,"26' 0""",51.917,2,E
37,Kurt Kitayama,"28' 1""",84.167,3,-1
38,Lee Hodges,"29' 0""",87.083,3,-1
39,Erik van Rooyen,"29' 8""",88.917,3,-1
40,Kensei Hirata,"30' 10""",30.833,1,E
41,Sam Ryder,"32' 10""",65.667,2,E
42,Charley Hoffman,"32' 11""",32.917,1,E
43,Rico Hoey,"33' 0""",66.000,2,+1
44,Ben Silverman,"34' 0""",170.167,5,+1
45,Adam Schenk,"34' 7""",69.083,2,E
46,Stephan Jaeger,"37' 2""",148.583,4,-2
46,Jackson Suber,"37' 2""",37.167,1,E
48,Sam Stevens,"38' 10""",116.583,3,-1
49,Matt McCarty,"39' 9""",79.417,2,+1
50,Cristobal Del Solar,"41' 3""",82.500,2,+2
51,Adam Hadwin,"41' 4""",41.333,1,E
52,Ben Griffin,"48' 4""",193.333,4,+2
53,Frankie Capan III,"48' 9""",146.250,3,+2
54,Brandt Snedeker,"54' 7""",54.583,1,+1
55,Vincent Norrman,"57' 8""",172.917,3,+2
56,Maverick McNealy,"128' 10""",128.833,1,E
