rank,player,Avg,Total Distance (feet),# of Attempts,Relative to par
1,Adam Svensson,"3' 1""",3.083,1,-1
2,Charley Hoffman,"12' 9""",12.750,1,E
3,Kevin Roy,"15' 5""",15.417,1,-1
4,Kensei Hirata,"18' 10""",18.833,1,-1
5,Thomas Rosenmueller,"21' 4""",42.667,2,-1
6,Kurt Kitayama,"28' 2""",28.167,1,-1
7,Harry Hall,"33' 1""",66.167,2,-1
8,Sam Ryder,"36' 1""",108.333,3,-2
9,Jackson Suber,"36' 11""",73.833,2,E
10,Lee Hodges,"42' 6""",84.917,2,-1
11,Eric Cole,"43' 11""",43.917,1,E
12,Bud Cauley,"45' 1""",180.167,4,-2
13,Taylor Dickson,"45' 2""",45.167,1,-1
14,C.T. Pan,"45' 3""",135.750,3,+1
15,Andrew Putnam,"46' 7""",46.583,1,E
16,Nick Dunlap,"48' 11""",195.667,4,E
17,Nate Lashley,"50' 10""",50.833,1,E
18,Mac Meissner,"51' 6""",154.583,3,-1
19,Henrik Norlander,"52' 10""",105.667,2,-1
20,Jeremy Paul,"53' 6""",53.500,1,-1
21,Patrick Fishburn,"53' 8""",53.667,1,-1
22,Sepp Straka,"54' 5""",54.417,1,-1
23,Luke List,"54' 6""",163.500,3,-1
24,Ben Silverman,"55' 4""",165.917,3,-3
25,Robert MacIntyre,"57' 1""",114.083,2,E
26,Brice Garnett,"59' 10""",119.583,2,E
27,Gary Woodland,"60' 7""",181.833,3,E
28,Mark Hubbard,"60' 8""",60.667,1,+1
29,Greyson Sigg,"61' 8""",123.250,2,-1
30,Erik van Rooyen,"62' 1""",248.167,4,-2
31,Ryan Gerard,"62' 11""",188.833,3,E
31,Taylor Montgomery,"62' 11""",251.583,4,-1
33,Keegan Bradley,"63' 4""",63.333,1,E
34,Vince Whaley,"63' 7""",127.083,2,+1
35,Adam Schenk,"66' 3""",66.250,1,E
36,Hideki Matsuyama,"68' 2""",272.750,4,-1
37,Russell Henley,"68' 4""",68.333,1,E
38,Maverick McNealy,"68' 5""",136.833,2,-1
39,Doug Ghim,"71' 8""",143.333,2,-1
40,Frankie Capan III,"72' 7""",145.167,2,-1
41,Matt McCarty,"73' 5""",146.750,2,E
42,Jesper Svensson,"74' 1""",148.167,2,E
43,Ben Griffin,"76' 1""",380.250,5,-1
44,Ryo Hisatsune,"76' 5""",229.250,3,-2
45,Thomas Detry,"76' 6""",229.583,3,+1
46,Tom Kim,"76' 8""",230.083,3,E
47,Adam Hadwin,"77' 2""",231.417,3,E
48,Ben Martin,"78' 3""",78.250,1,+1
49,Stephan Jaeger,"78' 5""",156.833,2,E
50,Taylor Pendrith,"78' 7""",314.333,4,-2
51,Vincent Norrman,"79' 3""",158.500,2,E
52,Chan Kim,"79' 6""",159.000,2,-1
53,Nick Taylor,"80' 7""",161.083,2,-2
54,Sahith Theegala,"80' 10""",80.833,1,E
55,Alex Smalley,"83' 8""",250.917,3,+1
56,Sam Stevens,"85' 2""",170.250,2,-1
57,Kevin Streelman,"85' 4""",170.583,2,+1
58,J.J. Spaun,"88' 0""",175.917,2,E
59,Paul Peterson,"88' 6""",88.500,1,E
60,Cristobal Del Solar,"95' 6""",191.000,2,E
61,Matt Kuchar,"97' 3""",97.250,1,+1
62,Keith Mitchell,"100' 0""",300.083,3,E
63,Denny McCarthy,"100' 2""",200.333,2,+1
64,David Lipsky,"100' 4""",300.917,3,-1
65,Webb Simpson,"100' 5""",200.833,2,-1
66,Justin Lower,"103' 7""",103.583,1,E
67,Zach Johnson,"112' 3""",112.250,1,E
