rank,player,Avg,Distance (feet),Total Putts
1,Geoff Ogilvy,"66' 5""",4.779,6
2,Jason Bohn,"63' 9""",5.355,7
3,Vaughn Taylor,"57' 1""",4.111,6
4,Peter Lonard,"53' 5""",2.564,4
5,Stuart Appleby,"50' 11""",2.443,4
6,Brad Faxon,"50' 8""",2.430,4
7,"Wes Short, Jr.","50' 1""",2.405,4
8,Heath Slocum,"49' 11""",5.392,9
9,Sergio Garcia,"49' 7""",3.572,6
10,Carl Pettersson,"49' 3""",3.546,6
11,Sean O'Hair,"49' 2""",2.951,5
12,Bart Bryant,"48' 8""",1.751,3
13,Fred Funk,"47' 9""",3.438,6
14,Michael Campbell,"47' 2""",1.131,2
15,Ted Purdy,"46' 7""",2.234,4
16,Lucas Glover,"46' 4""",1.111,2
17,Mark Calcavecchia,"42' 9""",2.564,5
18,Kenny Perry,"41' 10""",3.014,6
19,Vijay Singh,"41' 7""",1.496,3
20,Olin Browne,"41' 5""",1.490,3
21,David Toms,"40' 7""",1.462,3
22,K.J. Choi,"40' 5""",.969,2
23,Tim Petrovic,"37' 0""",.887,2
24,Ben Crane,"35' 9""",1.717,4
25,Jason Gore,"30' 5""",1.458,4
26,Robert Gamez,"28' 0""",.671,2
27,Justin Leonard,"19' 5""",.233,1
