rank,player,Avg,Distance (Feet),Total Putts
1,Geoff Ogilvy,"66' 5""",398.250,6
2,Jason Bohn,"63' 9""",446.250,7
3,Vaughn Taylor,"57' 1""",342.583,6
4,Peter Lonard,"53' 5""",213.667,4
5,Stuart Appleby,"50' 11""",203.583,4
6,Brad Faxon,"50' 8""",202.500,4
7,"Wes Short, Jr.","50' 1""",200.417,4
8,Heath Slocum,"49' 11""",449.333,9
9,Sergio Garcia,"49' 7""",297.667,6
10,Carl Pettersson,"49' 3""",295.500,6
11,Bart Bryant,"48' 8""",145.917,3
12,Fred Funk,"47' 9""",286.500,6
13,Michael Campbell,"47' 2""",94.250,2
14,Ted Purdy,"46' 7""",186.167,4
15,Lucas Glover,"46' 4""",92.583,2
16,Mark Calcavecchia,"42' 9""",213.667,5
17,Sean O'Hair,"42' 8""",298.500,7
18,Kenny Perry,"41' 10""",251.167,6
19,Vijay Singh,"41' 7""",124.667,3
20,Olin Browne,"41' 5""",124.167,3
21,David Toms,"40' 7""",121.833,3
22,K.J. Choi,"40' 5""",80.750,2
23,Robert Gamez,"38' 8""",154.583,4
24,Ben Crane,"35' 9""",143.083,4
25,Jason Gore,"31' 4""",187.750,6
26,Tim Petrovic,"27' 10""",83.583,3
27,Justin Leonard,"19' 5""",19.417,1
