rank,player,Avg,Distance (Feet),Total Putts
1,Heath Slocum,"12' 9""",217.333,17
2,Carl Pettersson,"11' 0""",197.500,18
3,Vaughn Taylor,"9' 5""",198.000,21
4,Bart Bryant,"9' 3""",147.333,16
5,Tim Petrovic,"8' 10""",237.833,27
6,"Wes Short, Jr.","8' 8""",182.750,21
7,David Toms,"8' 7""",171.083,20
8,Stuart Appleby,"8' 6""",247.250,29
9,Jim Furyk,"8' 3""",165.500,20
10,Brad Faxon,"7' 10""",218.250,28
10,Sergio Garcia,"7' 10""",202.833,26
10,Ted Purdy,"7' 10""",133.167,17
13,Olin Browne,"7' 6""",180.917,24
14,Mark Calcavecchia,"7' 4""",189.667,26
14,Ben Crane,"7' 4""",226.583,31
16,Kenny Perry,"7' 1""",148.083,21
17,Jason Gore,"6' 11""",110.250,16
18,Sean O'Hair,"6' 10""",150.917,22
19,Jason Bohn,"6' 9""",168.000,25
20,Michael Campbell,"6' 7""",171.917,26
20,Peter Lonard,"6' 7""",164.083,25
22,Robert Gamez,"6' 5""",167.250,26
22,Lucas Glover,"6' 5""",153.417,24
24,Justin Leonard,"6' 2""",148.250,24
25,K.J. Choi,"5' 8""",141.417,25
26,Geoff Ogilvy,"5' 1""",116.750,23
27,Fred Funk,"4' 11""",93.083,19
27,Vijay Singh,"4' 11""",117.333,24
