rank,player,Avg,Distance (Feet),Total Putts
1,Heath Slocum,"22' 4""",178.833,8
2,"Wes Short, Jr.","15' 8""",125.333,8
3,Carl Pettersson,"14' 11""",134.000,9
4,Mark Calcavecchia,"13' 11""",139.333,10
5,Stuart Appleby,"12' 8""",151.500,12
6,Sean O'Hair,"12' 7""",100.500,8
6,Tim Petrovic,"12' 7""",150.583,12
8,Sergio Garcia,"12' 6""",125.000,10
9,Ben Crane,"12' 2""",97.167,8
10,Olin Browne,"11' 9""",129.667,11
11,Jim Furyk,"11' 0""",131.833,12
12,Bart Bryant,"10' 11""",119.667,11
13,Ted Purdy,"10' 10""",86.750,8
14,Brad Faxon,"10' 5""",94.000,9
15,Kenny Perry,"10' 0""",109.583,11
15,Vaughn Taylor,"10' 0""",119.750,12
17,Robert Gamez,"9' 11""",98.917,10
18,K.J. Choi,"9' 8""",77.500,8
19,Justin Leonard,"9' 7""",76.833,8
20,Jason Gore,"8' 9""",35.000,4
21,Peter Lonard,"8' 8""",60.750,7
21,David Toms,"8' 8""",86.583,10
23,Fred Funk,"7' 5""",22.167,3
24,Jason Bohn,"7' 1""",84.583,12
24,Michael Campbell,"7' 1""",84.833,12
26,Geoff Ogilvy,"6' 5""",76.750,12
27,Lucas Glover,"6' 0""",71.500,12
28,Vijay Singh,"4' 10""",72.917,15
