rank,player,Value,Attempts,Total Distance (Feet)
1,Jim Furyk,"1' 9""",52,89.500
2,Justin Leonard,"2' 1""",48,98.917
3,Vijay Singh,"2' 3""",48,109.250
4,Olin Browne,"2' 4""",47,110.250
4,Tim Petrovic,"2' 4""",44,104.083
6,Bart Bryant,"2' 5""",56,137.417
7,Stuart Appleby,"2' 6""",42,105.000
8,Kenny Perry,"2' 7""",51,132.000
8,Ted Purdy,"2' 7""",55,142.000
8,Vaughn Taylor,"2' 7""",50,131.167
11,Lucas Glover,"2' 9""",47,129.667
12,K.J. Choi,"2' 10""",47,132.917
12,Brad Faxon,"2' 10""",43,122.750
14,"Wes Short, Jr.","2' 11""",50,145.500
14,Heath Slocum,"2' 11""",54,155.500
16,Sergio Garcia,"3' 0""",46,136.333
16,Peter Lonard,"3' 0""",46,136.583
18,Mark Calcavecchia,"3' 1""",46,142.833
18,Sean O'Hair,"3' 1""",50,152.750
18,David Toms,"3' 1""",52,159.583
21,Michael Campbell,"3' 3""",46,148.917
22,Jason Gore,"3' 4""",56,186.500
23,Robert Gamez,"3' 5""",46,156.667
24,Jason Bohn,"3' 6""",47,166.000
25,Ben Crane,"3' 8""",41,150.667
26,Geoff Ogilvy,"3' 11""",49,190.833
27,Fred Funk,"4' 0""",53,210.083
27,Carl Pettersson,"4' 0""",53,209.917
