rank,player,Avg,Total Strokes,Total Rounds
1,Zach Johnson,34.00,34,1
1,Matt Kuchar,34.00,34,1
1,Brandt Snedeker,34.00,34,1
4,Jonas Blixt,35.00,35,1
4,Brian Gay,35.00,35,1
4,Adam Scott,35.00,35,1
4,Jimmy Walker,35.00,35,1
8,Scott Brown,36.00,36,1
8,Ken Duke,36.00,36,1
8,Dustin Johnson,36.00,36,1
8,Ryan Moore,36.00,36,1
8,Webb Simpson,36.00,36,1
8,Jordan Spieth,36.00,36,1
8,Kevin Streelman,36.00,36,1
15,Sangmoon Bae,37.00,37,1
15,Jason Dufner,37.00,37,1
15,Harris English,37.00,37,1
15,Martin Laird,37.00,37,1
15,D.A. Points,37.00,37,1
15,Boo Weekley,37.00,37,1
21,Woody Austin,38.00,38,1
21,Bill Haas,38.00,38,1
21,Russell Henley,38.00,38,1
21,Chris Kirk,38.00,38,1
21,Michael Thompson,38.00,38,1
26,Derek Ernst,39.00,39,1
26,Billy Horschel,39.00,39,1
26,Gary Woodland,39.00,39,1
29,John Merrick,40.00,40,1
29,Patrick Reed,40.00,40,1
