rank,player,Low Rnd
1,Webb Simpson,32
1,Jordan Spieth,32
3,Harris English,33
3,Billy Horschel,33
3,Zach Johnson,33
3,Chris Kirk,33
3,Kevin Streelman,33
3,Michael Thompson,33
3,Gary Woodland,33
10,Woody Austin,34
10,Ken Duke,34
10,Brian Gay,34
10,Dustin Johnson,34
10,Matt Kuchar,34
10,Patrick Reed,34
10,Adam Scott,34
10,Brandt Snedeker,34
18,Sangmoon Bae,35
18,Jonas Blixt,35
18,Jason Dufner,35
18,Derek Ernst,35
18,Bill Haas,35
18,Martin Laird,35
18,Ryan Moore,35
18,Jimmy Walker,35
26,Scott Brown,36
26,Russell Henley,36
26,John Merrick,36
26,D.A. Points,36
26,Boo Weekley,36
