rank,player,Avg,Total Strokes,Total Rounds
1,Webb Simpson,32.00,32,1
1,Jordan Spieth,32.00,32,1
3,Harris English,33.00,33,1
3,Chris Kirk,33.00,33,1
3,Michael Thompson,33.00,33,1
6,Ken Duke,34.00,34,1
6,Brian Gay,34.00,34,1
6,Dustin Johnson,34.00,34,1
6,Zach Johnson,34.00,34,1
10,Sangmoon Bae,35.00,35,1
10,Matt Kuchar,35.00,35,1
10,Martin Laird,35.00,35,1
10,Ryan Moore,35.00,35,1
10,Adam Scott,35.00,35,1
15,Woody Austin,36.00,36,1
15,Scott Brown,36.00,36,1
15,Bill Haas,36.00,36,1
15,Billy Horschel,36.00,36,1
15,John Merrick,36.00,36,1
15,D.A. Points,36.00,36,1
15,Kevin Streelman,36.00,36,1
15,Gary Woodland,36.00,36,1
23,Jason Dufner,37.00,37,1
23,Brandt Snedeker,37.00,37,1
23,Jimmy Walker,37.00,37,1
23,Boo Weekley,37.00,37,1
27,Russell Henley,38.00,38,1
27,Patrick Reed,38.00,38,1
29,Jonas Blixt,40.00,40,1
30,Derek Ernst,41.00,41,1
