rank,player,Avg,Total Strokes,Total Holes
1,Webb Simpson,33.50,134,4
2,Jordan Spieth,34.50,138,4
2,Kevin Streelman,34.50,138,4
4,Harris English,35.00,140,4
4,Dustin Johnson,35.00,140,4
4,Zach Johnson,35.00,140,4
4,Adam Scott,35.00,140,4
8,Ken Duke,35.25,141,4
8,Brian Gay,35.25,141,4
10,Chris Kirk,35.50,142,4
10,Jimmy Walker,35.50,142,4
12,Sangmoon Bae,35.75,143,4
12,Billy Horschel,35.75,143,4
12,Matt Kuchar,35.75,143,4
12,Brandt Snedeker,35.75,143,4
16,Bill Haas,36.00,144,4
16,Martin Laird,36.00,144,4
18,Jason Dufner,36.25,145,4
18,Ryan Moore,36.25,145,4
18,Michael Thompson,36.25,145,4
21,Woody Austin,36.50,146,4
21,Gary Woodland,36.50,146,4
23,Scott Brown,36.75,147,4
24,Jonas Blixt,37.00,148,4
24,D.A. Points,37.00,148,4
24,Boo Weekley,37.00,148,4
27,Russell Henley,37.25,149,4
28,Patrick Reed,37.50,150,4
29,John Merrick,37.75,151,4
30,Derek Ernst,38.50,154,4
