rank,player,% Made,Attempts,Putts made
1,Daniel Berger,100.00,2,2
1,Sergio Garcia,100.00,1,1
1,Martin Laird,100.00,2,2
1,Xander Schauffele,100.00,1,1
1,Brendon Todd,100.00,2,2
6,Brian Gay,80.00,5,4
7,Richy Werenski,75.00,4,3
8,Abraham Ancer,66.67,3,2
8,Tony Finau,66.67,3,2
8,Kevin Kisner,66.67,3,2
8,Collin Morikawa,66.67,3,2
12,Patrick Cantlay,50.00,2,1
12,Dustin Johnson,50.00,2,1
12,Sebastián Muñoz,50.00,2,1
12,Patrick Reed,50.00,4,2
12,Hudson Swafford,50.00,2,1
12,Nick Taylor,50.00,4,2
12,Justin Thomas,50.00,4,2
12,Michael Thompson,50.00,2,1
20,Joaquin Niemann,42.86,7,3
21,Webb Simpson,40.00,5,2
22,Harris English,33.33,3,1
22,Lanto Griffin,33.33,3,1
22,Sungjae Im,33.33,3,1
22,Jason Kokrak,33.33,3,1
26,Kevin Na,25.00,4,1
27,Cameron Champ,.00,2,0
27,Stewart Cink,.00,3,0
27,Bryson DeChambeau,.00,2,0
27,Billy Horschel,.00,4,0
27,Viktor Hovland,.00,1,0
27,Mackenzie Hughes,.00,4,0
27,Andrew Landry,.00,2,0
27,Marc Leishman,.00,2,0
27,Carlos Ortiz,.00,1,0
27,Ryan Palmer,.00,2,0
27,Jon Rahm,.00,1,0
27,Adam Scott,.00,1,0
27,Cameron Smith,.00,3,0
27,Robert Streb,.00,4,0
