rank,player,% Made,Attempts,Putts Made
1,Stewart Cink,19.05,21,4
2,Tony Finau,16.67,24,4
3,Michael Thompson,16.00,25,4
4,Harris English,15.38,26,4
5,Brendon Todd,13.64,22,3
6,Sebastián Muñoz,12.50,24,3
7,Patrick Cantlay,11.11,27,3
7,Martin Laird,11.11,27,3
9,Hudson Swafford,9.38,32,3
10,Abraham Ancer,9.09,22,2
10,Justin Thomas,9.09,22,2
12,Sergio Garcia,8.70,23,2
13,Kevin Kisner,8.00,25,2
13,Jason Kokrak,8.00,25,2
15,Billy Horschel,7.69,26,2
15,Viktor Hovland,7.69,26,2
17,Webb Simpson,6.67,30,2
18,Brian Gay,5.26,19,1
19,Mackenzie Hughes,4.55,22,1
19,Hideki Matsuyama,4.55,22,1
21,Xander Schauffele,4.35,23,1
21,Scottie Scheffler,4.35,23,1
23,Bryson DeChambeau,4.17,24,1
23,Ryan Palmer,4.17,24,1
23,Cameron Smith,4.17,24,1
23,Robert Streb,4.17,24,1
27,Sungjae Im,4.00,25,1
27,Andrew Landry,4.00,25,1
29,Jon Rahm,3.85,26,1
30,Carlos Ortiz,3.45,29,1
31,Lanto Griffin,3.33,30,1
32,Richy Werenski,3.13,32,1
33,Daniel Berger,2.63,38,1
34,Cameron Champ,.00,28,-
34,Dustin Johnson,.00,24,-
34,Marc Leishman,.00,29,-
34,Collin Morikawa,.00,22,-
34,Kevin Na,.00,26,-
34,Joaquin Niemann,.00,24,-
34,Patrick Reed,.00,28,-
34,Adam Scott,.00,35,-
34,Nick Taylor,.00,23,-
