rank,player,% Made,Attempts,Putts made
1,Abraham Ancer,100.00,35,35
1,Daniel Berger,100.00,45,45
1,Patrick Cantlay,100.00,44,44
1,Cameron Champ,100.00,51,51
1,Stewart Cink,100.00,46,46
1,Bryson DeChambeau,100.00,45,45
1,Harris English,100.00,39,39
1,Tony Finau,100.00,44,44
1,Brian Gay,100.00,40,40
1,Lanto Griffin,100.00,37,37
1,Billy Horschel,100.00,43,43
1,Viktor Hovland,100.00,45,45
1,Mackenzie Hughes,100.00,50,50
1,Dustin Johnson,100.00,48,48
1,Jason Kokrak,100.00,41,41
1,Martin Laird,100.00,43,43
1,Andrew Landry,100.00,49,49
1,Marc Leishman,100.00,52,52
1,Collin Morikawa,100.00,43,43
1,Sebastián Muñoz,100.00,41,41
1,Joaquin Niemann,100.00,42,42
1,Carlos Ortiz,100.00,48,48
1,Ryan Palmer,100.00,42,42
1,Jon Rahm,100.00,44,44
1,Patrick Reed,100.00,41,41
1,Xander Schauffele,100.00,41,41
1,Scottie Scheffler,100.00,48,48
1,Adam Scott,100.00,51,51
1,Webb Simpson,100.00,45,45
1,Robert Streb,100.00,44,44
1,Hudson Swafford,100.00,43,43
1,Nick Taylor,100.00,46,46
1,Justin Thomas,100.00,47,47
1,Michael Thompson,100.00,34,34
1,Brendon Todd,100.00,44,44
1,Richy Werenski,100.00,46,46
37,Sergio Garcia,98.04,51,50
37,Sungjae Im,98.04,51,50
39,Hideki Matsuyama,97.87,47,46
40,Kevin Kisner,97.78,45,44
40,Kevin Na,97.78,45,44
40,Cameron Smith,97.78,45,44
