rank,player,% Made,Attempts,Putts made
1,Abraham Ancer,100.00,11,11
1,Cameron Champ,100.00,7,7
1,Bryson DeChambeau,100.00,7,7
1,Harris English,100.00,6,6
1,Lanto Griffin,100.00,7,7
1,Billy Horschel,100.00,9,9
1,Viktor Hovland,100.00,7,7
1,Sungjae Im,100.00,4,4
1,Dustin Johnson,100.00,7,7
1,Kevin Kisner,100.00,7,7
1,Jason Kokrak,100.00,11,11
1,Martin Laird,100.00,4,4
1,Andrew Landry,100.00,4,4
1,Sebastián Muñoz,100.00,7,7
1,Kevin Na,100.00,8,8
1,Joaquin Niemann,100.00,8,8
1,Ryan Palmer,100.00,8,8
1,Jon Rahm,100.00,11,11
1,Patrick Reed,100.00,7,7
1,Xander Schauffele,100.00,7,7
1,Scottie Scheffler,100.00,4,4
1,Cameron Smith,100.00,8,8
1,Robert Streb,100.00,8,8
1,Hudson Swafford,100.00,4,4
1,Nick Taylor,100.00,5,5
1,Justin Thomas,100.00,7,7
1,Michael Thompson,100.00,9,9
1,Brendon Todd,100.00,5,5
1,Richy Werenski,100.00,9,9
30,Webb Simpson,90.91,11,10
31,Tony Finau,88.89,9,8
31,Hideki Matsuyama,88.89,9,8
31,Carlos Ortiz,88.89,9,8
34,Brian Gay,87.50,8,7
35,Marc Leishman,85.71,7,6
36,Patrick Cantlay,83.33,6,5
36,Adam Scott,83.33,6,5
38,Daniel Berger,80.00,10,8
38,Mackenzie Hughes,80.00,5,4
40,Stewart Cink,66.67,3,2
40,Collin Morikawa,66.67,6,4
42,Sergio Garcia,60.00,5,3
