rank,player,% Made,Attempts,Putts made
1,Harris English,50.00,10,5
1,Michael Thompson,50.00,8,4
1,Brendon Todd,50.00,6,3
4,Collin Morikawa,44.44,9,4
5,Cameron Smith,42.86,7,3
6,Abraham Ancer,33.33,6,2
6,Stewart Cink,33.33,6,2
6,Patrick Reed,33.33,6,2
6,Adam Scott,33.33,9,3
10,Brian Gay,28.57,7,2
10,Nick Taylor,28.57,7,2
12,Jason Kokrak,25.00,8,2
12,Justin Thomas,25.00,8,2
14,Sergio Garcia,20.00,10,2
14,Lanto Griffin,20.00,5,1
14,Mackenzie Hughes,20.00,10,2
14,Martin Laird,20.00,10,2
14,Kevin Na,20.00,5,1
14,Hudson Swafford,20.00,10,2
20,Billy Horschel,18.18,11,2
21,Joaquin Niemann,16.67,6,1
21,Carlos Ortiz,16.67,6,1
21,Ryan Palmer,16.67,6,1
21,Xander Schauffele,16.67,6,1
25,Webb Simpson,14.29,7,1
25,Richy Werenski,14.29,7,1
27,Andrew Landry,12.50,8,1
28,Scottie Scheffler,11.11,9,1
29,Daniel Berger,.00,5,-
29,Patrick Cantlay,.00,4,-
29,Cameron Champ,.00,9,-
29,Bryson DeChambeau,.00,7,-
29,Tony Finau,.00,8,-
29,Viktor Hovland,.00,5,-
29,Sungjae Im,.00,3,-
29,Dustin Johnson,.00,5,-
29,Kevin Kisner,.00,5,-
29,Marc Leishman,.00,7,-
29,Hideki Matsuyama,.00,2,-
29,Sebastián Muñoz,.00,11,-
29,Jon Rahm,.00,6,-
29,Robert Streb,.00,8,-
