rank,player,% Made,Attempts,Putts made
1,Daniel Berger,100.00,5,5
1,Cameron Champ,100.00,3,3
1,Stewart Cink,100.00,6,6
1,Harris English,100.00,5,5
1,Tony Finau,100.00,3,3
1,Sungjae Im,100.00,4,4
1,Kevin Kisner,100.00,4,4
1,Andrew Landry,100.00,5,5
1,Kevin Na,100.00,3,3
1,Joaquin Niemann,100.00,6,6
1,Carlos Ortiz,100.00,3,3
1,Jon Rahm,100.00,5,5
1,Patrick Reed,100.00,5,5
1,Scottie Scheffler,100.00,6,6
1,Webb Simpson,100.00,2,2
1,Robert Streb,100.00,4,4
1,Nick Taylor,100.00,5,5
1,Brendon Todd,100.00,5,5
19,Sebastián Muñoz,90.00,10,9
20,Xander Schauffele,88.89,9,8
21,Viktor Hovland,87.50,8,7
22,Patrick Cantlay,85.71,7,6
22,Hideki Matsuyama,85.71,7,6
22,Collin Morikawa,85.71,7,6
25,Sergio Garcia,83.33,6,5
25,Brian Gay,83.33,6,5
25,Ryan Palmer,83.33,6,5
28,Lanto Griffin,80.00,5,4
28,Mackenzie Hughes,80.00,10,8
28,Dustin Johnson,80.00,10,8
28,Martin Laird,80.00,5,4
28,Justin Thomas,80.00,5,4
28,Michael Thompson,80.00,5,4
34,Hudson Swafford,75.00,4,3
35,Abraham Ancer,66.67,3,2
35,Billy Horschel,66.67,3,2
35,Jason Kokrak,66.67,3,2
38,Cameron Smith,60.00,5,3
38,Richy Werenski,60.00,5,3
40,Bryson DeChambeau,50.00,6,3
40,Marc Leishman,50.00,2,1
40,Adam Scott,50.00,2,1
