rank,player,% Made,Attempts,Putts made
1,Daniel Berger,100.00,1,1
1,Harris English,100.00,1,1
1,Lanto Griffin,100.00,2,2
1,Martin Laird,100.00,3,3
1,Ryan Palmer,100.00,3,3
1,Hudson Swafford,100.00,2,2
1,Nick Taylor,100.00,1,1
1,Justin Thomas,100.00,1,1
1,Richy Werenski,100.00,1,1
10,Abraham Ancer,80.00,5,4
10,Michael Thompson,80.00,5,4
12,Jon Rahm,75.00,4,3
13,Carlos Ortiz,71.43,7,5
14,Bryson DeChambeau,66.67,3,2
14,Dustin Johnson,66.67,3,2
14,Marc Leishman,66.67,6,4
14,Hideki Matsuyama,66.67,3,2
18,Stewart Cink,60.00,5,3
18,Sungjae Im,60.00,5,3
20,Patrick Cantlay,50.00,2,1
20,Sergio Garcia,50.00,4,2
20,Viktor Hovland,50.00,4,2
20,Mackenzie Hughes,50.00,2,1
20,Andrew Landry,50.00,4,2
20,Patrick Reed,50.00,4,2
20,Cameron Smith,50.00,4,2
20,Robert Streb,50.00,2,1
28,Brendon Todd,42.86,7,3
29,Jason Kokrak,40.00,5,2
29,Collin Morikawa,40.00,5,2
31,Brian Gay,37.50,8,3
32,Tony Finau,33.33,6,2
32,Sebastián Muñoz,33.33,3,1
32,Xander Schauffele,33.33,3,1
35,Billy Horschel,25.00,4,1
35,Scottie Scheffler,25.00,4,1
35,Webb Simpson,25.00,4,1
38,Adam Scott,20.00,5,1
39,Cameron Champ,.00,2,0
39,Kevin Na,.00,1,0
