rank,player,% Made,Attempts,Putts made
1,Harris English,50.00,6,3
2,Stewart Cink,42.86,7,3
3,Jason Kokrak,40.00,5,2
3,Michael Thompson,40.00,5,2
3,Brendon Todd,40.00,5,2
6,Tony Finau,33.33,3,1
7,Martin Laird,28.57,7,2
8,Patrick Cantlay,25.00,4,1
8,Webb Simpson,25.00,4,1
10,Sergio Garcia,20.00,5,1
10,Sungjae Im,20.00,5,1
10,Ryan Palmer,20.00,5,1
10,Hudson Swafford,20.00,10,2
10,Justin Thomas,20.00,5,1
15,Abraham Ancer,16.67,6,1
15,Viktor Hovland,16.67,6,1
15,Carlos Ortiz,16.67,6,1
18,Hideki Matsuyama,14.29,7,1
18,Sebastián Muñoz,14.29,7,1
20,Scottie Scheffler,12.50,8,1
21,Daniel Berger,.00,10,-
21,Cameron Champ,.00,4,-
21,Bryson DeChambeau,.00,5,-
21,Brian Gay,.00,3,-
21,Lanto Griffin,.00,10,-
21,Billy Horschel,.00,3,-
21,Mackenzie Hughes,.00,3,-
21,Dustin Johnson,.00,4,-
21,Kevin Kisner,.00,4,-
21,Andrew Landry,.00,6,-
21,Marc Leishman,.00,6,-
21,Collin Morikawa,.00,1,-
21,Kevin Na,.00,5,-
21,Joaquin Niemann,.00,5,-
21,Jon Rahm,.00,4,-
21,Patrick Reed,.00,8,-
21,Xander Schauffele,.00,2,-
21,Adam Scott,.00,8,-
21,Cameron Smith,.00,5,-
21,Robert Streb,.00,2,-
21,Nick Taylor,.00,4,-
21,Richy Werenski,.00,7,-
