rank,player,% Made,Attempts,Putts Made
1,Michael Thompson,27.27,44,12
2,Brendon Todd,26.83,41,11
3,Stewart Cink,26.19,42,11
4,Harris English,25.00,48,12
5,Abraham Ancer,21.95,41,9
6,Brian Gay,20.51,39,8
7,Tony Finau,19.51,41,8
8,Justin Thomas,19.05,42,8
9,Billy Horschel,18.75,48,9
10,Cameron Smith,17.95,39,7
11,Collin Morikawa,17.50,40,7
12,Kevin Kisner,16.67,42,7
12,Ryan Palmer,16.67,42,7
14,Patrick Cantlay,16.28,43,7
14,Nick Taylor,16.28,43,7
16,Scottie Scheffler,15.91,44,7
17,Richy Werenski,15.69,51,8
18,Kevin Na,15.56,45,7
19,Lanto Griffin,15.22,46,7
20,Sergio Garcia,15.00,40,6
21,Robert Streb,14.63,41,6
22,Hudson Swafford,14.00,50,7
23,Sungjae Im,13.95,43,6
24,Joaquin Niemann,13.89,36,5
25,Bryson DeChambeau,13.64,44,6
26,Adam Scott,12.50,48,6
27,Jason Kokrak,11.90,42,5
27,Sebastián Muñoz,11.90,42,5
27,Webb Simpson,11.90,42,5
30,Martin Laird,11.63,43,5
30,Patrick Reed,11.63,43,5
32,Jon Rahm,11.36,44,5
33,Xander Schauffele,11.11,45,5
34,Andrew Landry,10.87,46,5
35,Carlos Ortiz,10.20,49,5
36,Cameron Champ,9.62,52,5
37,Viktor Hovland,9.52,42,4
38,Mackenzie Hughes,9.09,44,4
39,Dustin Johnson,7.14,42,3
40,Daniel Berger,5.88,51,3
41,Hideki Matsuyama,5.56,36,2
42,Marc Leishman,2.17,46,1
