rank,player,% Made,Attempts,Putts made
1,Daniel Berger,94.52,73,69
2,Jon Rahm,93.06,72,67
2,Xander Schauffele,93.06,72,67
4,Patrick Reed,92.96,71,66
5,Hudson Swafford,92.86,70,65
6,Lanto Griffin,92.75,69,64
6,Scottie Scheffler,92.75,69,64
8,Abraham Ancer,92.65,68,63
9,Martin Laird,91.67,72,66
10,Kevin Kisner,91.55,71,65
10,Nick Taylor,91.55,71,65
12,Marc Leishman,90.91,77,70
13,Dustin Johnson,90.79,76,69
14,Harris English,90.77,65,59
15,Carlos Ortiz,90.54,74,67
16,Cameron Champ,90.41,73,66
17,Patrick Cantlay,90.28,72,65
18,Jason Kokrak,89.33,75,67
18,Andrew Landry,89.33,75,67
20,Bryson DeChambeau,89.19,74,66
21,Ryan Palmer,88.89,72,64
21,Justin Thomas,88.89,72,64
23,Brendon Todd,88.41,69,61
24,Michael Thompson,88.24,68,60
25,Sebastián Muñoz,87.01,77,67
26,Sungjae Im,86.84,76,66
26,Joaquin Niemann,86.84,76,66
26,Webb Simpson,86.84,76,66
29,Cameron Smith,86.49,74,64
29,Richy Werenski,86.49,74,64
31,Billy Horschel,86.11,72,62
32,Viktor Hovland,86.08,79,68
32,Mackenzie Hughes,86.08,79,68
34,Kevin Na,85.33,75,64
35,Collin Morikawa,84.42,77,65
36,Brian Gay,84.21,76,64
37,Tony Finau,84.00,75,63
38,Stewart Cink,83.56,73,61
39,Sergio Garcia,83.12,77,64
40,Adam Scott,82.50,80,66
40,Robert Streb,82.50,80,66
42,Hideki Matsuyama,82.35,85,70
