rank,player,% Made,Attempts,Putts made
1,Cameron Champ,100.00,10,10
1,Harris English,100.00,11,11
1,Sungjae Im,100.00,8,8
1,Kevin Kisner,100.00,11,11
1,Andrew Landry,100.00,9,9
1,Kevin Na,100.00,11,11
1,Joaquin Niemann,100.00,14,14
1,Jon Rahm,100.00,16,16
1,Patrick Reed,100.00,12,12
1,Scottie Scheffler,100.00,10,10
1,Robert Streb,100.00,12,12
1,Nick Taylor,100.00,10,10
1,Brendon Todd,100.00,10,10
14,Sebastián Muñoz,94.12,17,16
15,Xander Schauffele,93.75,16,15
16,Viktor Hovland,93.33,15,14
17,Abraham Ancer,92.86,14,13
17,Jason Kokrak,92.86,14,13
17,Ryan Palmer,92.86,14,13
17,Michael Thompson,92.86,14,13
21,Webb Simpson,92.31,13,12
22,Tony Finau,91.67,12,11
22,Lanto Griffin,91.67,12,11
22,Billy Horschel,91.67,12,11
22,Carlos Ortiz,91.67,12,11
22,Justin Thomas,91.67,12,11
27,Stewart Cink,88.89,9,8
27,Martin Laird,88.89,9,8
29,Dustin Johnson,88.24,17,15
30,Hideki Matsuyama,87.50,16,14
30,Hudson Swafford,87.50,8,7
32,Daniel Berger,86.67,15,13
33,Brian Gay,85.71,14,12
33,Richy Werenski,85.71,14,12
35,Patrick Cantlay,84.62,13,11
35,Cameron Smith,84.62,13,11
37,Mackenzie Hughes,80.00,15,12
38,Marc Leishman,77.78,9,7
39,Bryson DeChambeau,76.92,13,10
39,Collin Morikawa,76.92,13,10
41,Adam Scott,75.00,8,6
42,Sergio Garcia,72.73,11,8
