rank,player,Putts Made
1,Harris English,12.0
1,Michael Thompson,12.0
3,Stewart Cink,11.0
3,Brendon Todd,11.0
5,Abraham Ancer,9.0
5,Billy Horschel,9.0
7,Tony Finau,8.0
7,Brian Gay,8.0
7,Justin Thomas,8.0
7,Richy Werenski,8.0
11,Patrick Cantlay,7.0
11,Lanto Griffin,7.0
11,Kevin Kisner,7.0
11,Collin Morikawa,7.0
11,Kevin Na,7.0
11,Ryan Palmer,7.0
11,Scottie Scheffler,7.0
11,Cameron Smith,7.0
11,Hudson Swafford,7.0
11,Nick Taylor,7.0
21,Bryson DeChambeau,6.0
21,Sergio Garcia,6.0
21,Sungjae Im,6.0
21,Adam Scott,6.0
21,Robert Streb,6.0
26,Cameron Champ,5.0
26,Jason Kokrak,5.0
26,Martin Laird,5.0
26,Andrew Landry,5.0
26,Sebastián Muñoz,5.0
26,Joaquin Niemann,5.0
26,Carlos Ortiz,5.0
26,Jon Rahm,5.0
26,Patrick Reed,5.0
26,Xander Schauffele,5.0
26,Webb Simpson,5.0
37,Viktor Hovland,4.0
37,Mackenzie Hughes,4.0
39,Daniel Berger,3.0
39,Dustin Johnson,3.0
41,Hideki Matsuyama,2.0
42,Marc Leishman,1.0
