rank,player,% Made,Attempts,Putts made
1,Nick Taylor,90.00,10,9
2,Hudson Swafford,88.24,17,15
3,Daniel Berger,87.50,16,14
4,Patrick Reed,86.67,15,13
5,Abraham Ancer,85.71,14,12
5,Harris English,85.71,14,12
7,Kevin Kisner,83.33,12,10
8,Lanto Griffin,82.35,17,14
9,Xander Schauffele,81.82,22,18
10,Dustin Johnson,80.00,15,12
10,Jon Rahm,80.00,15,12
12,Patrick Cantlay,77.78,18,14
13,Carlos Ortiz,76.92,13,10
14,Joaquin Niemann,76.47,17,13
15,Michael Thompson,73.68,19,14
16,Sebastián Muñoz,72.73,22,16
17,Mackenzie Hughes,72.22,18,13
17,Martin Laird,72.22,18,13
17,Andrew Landry,72.22,18,13
17,Ryan Palmer,72.22,18,13
21,Bryson DeChambeau,70.59,17,12
22,Collin Morikawa,70.00,20,14
23,Marc Leishman,69.23,13,9
24,Viktor Hovland,68.18,22,15
25,Jason Kokrak,66.67,18,12
25,Cameron Smith,66.67,15,10
25,Robert Streb,66.67,18,12
28,Scottie Scheffler,64.29,14,9
29,Hideki Matsuyama,64.00,25,16
30,Cameron Champ,63.64,11,7
30,Webb Simpson,63.64,11,7
32,Brian Gay,63.16,19,12
33,Sungjae Im,62.50,16,10
33,Kevin Na,62.50,16,10
35,Justin Thomas,61.54,13,8
36,Stewart Cink,60.00,20,12
36,Brendon Todd,60.00,15,9
38,Sergio Garcia,58.82,17,10
39,Billy Horschel,57.14,14,8
40,Tony Finau,56.25,16,9
41,Richy Werenski,40.00,15,6
42,Adam Scott,38.89,18,7
