rank,player,% Made,Attempts,Putts made
1,Abraham Ancer,100.00,2,2
1,Daniel Berger,100.00,2,2
1,Dustin Johnson,100.00,1,1
1,Marc Leishman,100.00,2,2
1,Patrick Reed,100.00,1,1
6,Jason Kokrak,83.33,6,5
6,Xander Schauffele,83.33,6,5
6,Hudson Swafford,83.33,6,5
9,Kevin Kisner,80.00,5,4
9,Cameron Smith,80.00,5,4
11,Mackenzie Hughes,75.00,4,3
11,Jon Rahm,75.00,4,3
13,Lanto Griffin,71.43,7,5
14,Patrick Cantlay,66.67,3,2
14,Harris English,66.67,3,2
14,Brian Gay,66.67,3,2
14,Andrew Landry,66.67,6,4
18,Joaquin Niemann,60.00,5,3
19,Cameron Champ,50.00,2,1
19,Bryson DeChambeau,50.00,2,1
19,Billy Horschel,50.00,4,2
19,Viktor Hovland,50.00,6,3
19,Collin Morikawa,50.00,2,1
19,Kevin Na,50.00,6,3
19,Carlos Ortiz,50.00,2,1
19,Adam Scott,50.00,6,3
19,Webb Simpson,50.00,2,1
19,Justin Thomas,50.00,4,2
19,Michael Thompson,50.00,4,2
19,Brendon Todd,50.00,2,1
31,Tony Finau,33.33,3,1
31,Sergio Garcia,33.33,3,1
31,Scottie Scheffler,33.33,3,1
34,Robert Streb,25.00,4,1
35,Stewart Cink,20.00,5,1
36,Sungjae Im,.00,3,0
36,Martin Laird,.00,1,0
36,Hideki Matsuyama,.00,3,0
36,Sebastián Muñoz,.00,2,0
36,Ryan Palmer,.00,3,0
36,Nick Taylor,.00,1,0
36,Richy Werenski,.00,2,0
