rank,player,% Made,Attempts,Putts made
1,Adam Scott,75.00,4,3
2,Joaquin Niemann,66.67,6,4
3,Robert Streb,55.56,9,5
4,Richy Werenski,50.00,12,6
5,Lanto Griffin,45.45,11,5
5,Billy Horschel,45.45,11,5
7,Tony Finau,44.44,9,4
8,Kevin Na,42.86,14,6
9,Kevin Kisner,41.67,12,5
9,Ryan Palmer,41.67,12,5
9,Scottie Scheffler,41.67,12,5
12,Webb Simpson,40.00,5,2
13,Abraham Ancer,38.46,13,5
13,Bryson DeChambeau,38.46,13,5
13,Brian Gay,38.46,13,5
13,Nick Taylor,38.46,13,5
13,Brendon Todd,38.46,13,5
18,Cameron Smith,37.50,8,3
19,Michael Thompson,36.36,11,4
20,Patrick Cantlay,33.33,12,4
20,Cameron Champ,33.33,15,5
20,Stewart Cink,33.33,15,5
20,Sungjae Im,33.33,15,5
20,Collin Morikawa,33.33,9,3
20,Jon Rahm,33.33,12,4
20,Patrick Reed,33.33,9,3
20,Justin Thomas,33.33,12,4
28,Sergio Garcia,28.57,7,2
28,Sebastián Muñoz,28.57,7,2
30,Daniel Berger,25.00,8,2
30,Harris English,25.00,12,3
30,Hudson Swafford,25.00,8,2
33,Dustin Johnson,23.08,13,3
33,Andrew Landry,23.08,13,3
35,Carlos Ortiz,21.43,14,3
36,Xander Schauffele,18.75,16,3
37,Viktor Hovland,18.18,11,2
38,Jason Kokrak,11.11,9,1
39,Marc Leishman,10.00,10,1
40,Mackenzie Hughes,8.33,12,1
40,Hideki Matsuyama,8.33,12,1
42,Martin Laird,.00,6,-
