rank,player,Putts Made
1,Stewart Cink,4.0
1,Harris English,4.0
1,Tony Finau,4.0
1,Michael Thompson,4.0
5,Patrick Cantlay,3.0
5,Martin Laird,3.0
5,Sebastián Muñoz,3.0
5,Hudson Swafford,3.0
5,Brendon Todd,3.0
10,Abraham Ancer,2.0
10,Sergio Garcia,2.0
10,Billy Horschel,2.0
10,Viktor Hovland,2.0
10,Kevin Kisner,2.0
10,Jason Kokrak,2.0
10,Webb Simpson,2.0
10,Justin Thomas,2.0
18,Daniel Berger,1.0
18,Bryson DeChambeau,1.0
18,Brian Gay,1.0
18,Lanto Griffin,1.0
18,Mackenzie Hughes,1.0
18,Sungjae Im,1.0
18,Andrew Landry,1.0
18,Hideki Matsuyama,1.0
18,Carlos Ortiz,1.0
18,Ryan Palmer,1.0
18,Jon Rahm,1.0
18,Xander Schauffele,1.0
18,Scottie Scheffler,1.0
18,Cameron Smith,1.0
18,Robert Streb,1.0
18,Richy Werenski,1.0
34,Cameron Champ,.0
34,Dustin Johnson,.0
34,Marc Leishman,.0
34,Collin Morikawa,.0
34,Kevin Na,.0
34,Joaquin Niemann,.0
34,Patrick Reed,.0
34,Adam Scott,.0
34,Nick Taylor,.0
