rank,player,% Made,Attempts,Putts made
1,Stewart Cink,100.00,1,1
1,Lanto Griffin,100.00,5,5
1,Billy Horschel,100.00,2,2
1,Jason Kokrak,100.00,2,2
1,Marc Leishman,100.00,3,3
1,Scottie Scheffler,100.00,3,3
7,Martin Laird,80.00,5,4
8,Patrick Reed,75.00,4,3
8,Adam Scott,75.00,4,3
10,Bryson DeChambeau,66.67,3,2
10,Cameron Smith,66.67,3,2
12,Abraham Ancer,60.00,5,3
13,Patrick Cantlay,50.00,2,1
13,Cameron Champ,50.00,2,1
13,Mackenzie Hughes,50.00,2,1
13,Sungjae Im,50.00,2,1
13,Kevin Kisner,50.00,4,2
13,Andrew Landry,50.00,2,1
13,Kevin Na,50.00,2,1
13,Ryan Palmer,50.00,2,1
13,Webb Simpson,50.00,4,2
13,Hudson Swafford,50.00,4,2
13,Nick Taylor,50.00,6,3
13,Michael Thompson,50.00,4,2
25,Collin Morikawa,40.00,5,2
25,Sebastián Muñoz,40.00,5,2
27,Harris English,33.33,3,1
27,Carlos Ortiz,33.33,3,1
27,Robert Streb,33.33,6,2
27,Brendon Todd,33.33,3,1
31,Brian Gay,25.00,4,1
31,Viktor Hovland,25.00,4,1
31,Dustin Johnson,25.00,4,1
34,Tony Finau,.00,3,0
34,Sergio Garcia,.00,3,0
34,Hideki Matsuyama,.00,4,0
34,Joaquin Niemann,.00,2,0
34,Jon Rahm,.00,1,0
34,Xander Schauffele,.00,1,0
34,Justin Thomas,.00,1,0
