rank,player,% Made,Attempts,Putts made
1,Abraham Ancer,100.00,4,4
1,Bryson DeChambeau,100.00,6,6
1,Brian Gay,100.00,2,2
1,Lanto Griffin,100.00,3,3
1,Billy Horschel,100.00,3,3
1,Dustin Johnson,100.00,1,1
1,Carlos Ortiz,100.00,1,1
1,Patrick Reed,100.00,5,5
1,Xander Schauffele,100.00,4,4
1,Scottie Scheffler,100.00,1,1
1,Webb Simpson,100.00,3,3
1,Cameron Smith,100.00,1,1
1,Hudson Swafford,100.00,5,5
1,Nick Taylor,100.00,3,3
15,Sebastián Muñoz,85.71,7,6
16,Patrick Cantlay,83.33,6,5
16,Collin Morikawa,83.33,6,5
16,Ryan Palmer,83.33,6,5
19,Harris English,80.00,5,4
19,Michael Thompson,80.00,5,4
21,Daniel Berger,75.00,8,6
21,Cameron Champ,75.00,4,3
21,Tony Finau,75.00,4,3
21,Viktor Hovland,75.00,4,3
21,Sungjae Im,75.00,4,3
21,Jason Kokrak,75.00,4,3
21,Robert Streb,75.00,8,6
28,Kevin Kisner,66.67,3,2
28,Martin Laird,66.67,9,6
28,Andrew Landry,66.67,3,2
28,Marc Leishman,66.67,3,2
28,Hideki Matsuyama,66.67,12,8
28,Kevin Na,66.67,6,4
28,Joaquin Niemann,66.67,6,4
35,Stewart Cink,50.00,4,2
35,Sergio Garcia,50.00,4,2
35,Mackenzie Hughes,50.00,2,1
35,Jon Rahm,50.00,2,1
39,Adam Scott,40.00,5,2
40,Justin Thomas,33.33,3,1
41,Richy Werenski,28.57,7,2
42,Brendon Todd,.00,1,0
