rank,player,%,Attempts,Putts made
1,Daniel Berger,84.62,13,11
2,Lanto Griffin,80.00,20,16
3,Abraham Ancer,78.95,19,15
3,Hudson Swafford,78.95,19,15
5,Martin Laird,75.00,20,15
6,Xander Schauffele,73.33,15,11
7,Patrick Reed,72.22,18,13
8,Bryson DeChambeau,68.75,16,11
8,Marc Leishman,68.75,16,11
10,Patrick Cantlay,66.67,15,10
10,Kevin Kisner,66.67,15,10
12,Jason Kokrak,65.00,20,13
12,Michael Thompson,65.00,20,13
14,Harris English,60.00,15,9
14,Nick Taylor,60.00,15,9
16,Jon Rahm,58.33,12,7
17,Collin Morikawa,57.14,21,12
17,Carlos Ortiz,57.14,14,8
19,Ryan Palmer,56.25,16,9
19,Cameron Smith,56.25,16,9
21,Brian Gay,54.55,22,12
21,Dustin Johnson,54.55,11,6
21,Scottie Scheffler,54.55,11,6
24,Andrew Landry,52.94,17,9
25,Sebastián Muñoz,52.63,19,10
26,Joaquin Niemann,50.00,20,10
26,Webb Simpson,50.00,18,9
28,Viktor Hovland,47.37,19,9
28,Kevin Na,47.37,19,9
30,Billy Horschel,47.06,17,8
30,Sungjae Im,47.06,17,8
32,Brendon Todd,46.67,15,7
33,Justin Thomas,46.15,13,6
34,Hideki Matsuyama,45.45,22,10
35,Mackenzie Hughes,42.86,14,6
35,Adam Scott,42.86,21,9
35,Richy Werenski,42.86,14,6
38,Tony Finau,42.11,19,8
39,Cameron Champ,41.67,12,5
39,Robert Streb,41.67,24,10
41,Sergio Garcia,40.00,15,6
42,Stewart Cink,38.89,18,7
