rank,player,%,Attempts,Putts made
1,Cameron Champ,100.00,61,61
1,Harris English,100.00,50,50
1,Andrew Landry,100.00,58,58
1,Joaquin Niemann,100.00,56,56
1,Jon Rahm,100.00,60,60
1,Patrick Reed,100.00,53,53
1,Scottie Scheffler,100.00,58,58
1,Robert Streb,100.00,56,56
1,Nick Taylor,100.00,56,56
1,Brendon Todd,100.00,54,54
11,Viktor Hovland,98.33,60,59
11,Carlos Ortiz,98.33,60,59
13,Sungjae Im,98.31,59,58
13,Justin Thomas,98.31,59,58
15,Sebastián Muñoz,98.28,58,57
15,Webb Simpson,98.28,58,57
17,Xander Schauffele,98.25,57,56
18,Tony Finau,98.21,56,55
18,Kevin Kisner,98.21,56,55
18,Kevin Na,98.21,56,55
18,Ryan Palmer,98.21,56,55
22,Stewart Cink,98.18,55,54
22,Billy Horschel,98.18,55,54
22,Jason Kokrak,98.18,55,54
25,Martin Laird,98.08,52,51
26,Hudson Swafford,98.04,51,50
27,Abraham Ancer,97.96,49,48
27,Lanto Griffin,97.96,49,48
29,Michael Thompson,97.92,48,47
30,Dustin Johnson,96.92,65,63
31,Marc Leishman,96.72,61,59
32,Daniel Berger,96.67,60,58
32,Richy Werenski,96.67,60,58
34,Adam Scott,96.61,59,57
35,Patrick Cantlay,96.49,57,55
36,Brian Gay,96.30,54,52
37,Mackenzie Hughes,95.38,65,62
38,Hideki Matsuyama,95.24,63,60
39,Bryson DeChambeau,94.83,58,55
39,Cameron Smith,94.83,58,55
41,Collin Morikawa,94.64,56,53
42,Sergio Garcia,93.55,62,58
