rank,player,% Made,Attempts,Putts made
1,Lanto Griffin,67.74,31,21
2,Hudson Swafford,62.96,27,17
3,Abraham Ancer,62.50,32,20
4,Daniel Berger,61.90,21,13
5,Patrick Reed,59.26,27,16
6,Martin Laird,57.69,26,15
7,Kevin Kisner,55.56,27,15
8,Bryson DeChambeau,55.17,29,16
9,Michael Thompson,54.84,31,17
10,Joaquin Niemann,53.85,26,14
11,Patrick Cantlay,51.85,27,14
12,Collin Morikawa,50.00,30,15
12,Ryan Palmer,50.00,28,14
12,Cameron Smith,50.00,24,12
12,Nick Taylor,50.00,28,14
16,Brian Gay,48.57,35,17
17,Jason Kokrak,48.28,29,14
18,Adam Scott,48.00,25,12
19,Scottie Scheffler,47.83,23,11
19,Webb Simpson,47.83,23,11
21,Billy Horschel,46.43,28,13
22,Marc Leishman,46.15,26,12
22,Sebastián Muñoz,46.15,26,12
22,Richy Werenski,46.15,26,12
25,Jon Rahm,45.83,24,11
26,Kevin Na,45.45,33,15
26,Robert Streb,45.45,33,15
28,Xander Schauffele,45.16,31,14
29,Harris English,44.44,27,12
30,Tony Finau,42.86,28,12
30,Brendon Todd,42.86,28,12
32,Sungjae Im,40.63,32,13
33,Andrew Landry,40.00,30,12
33,Justin Thomas,40.00,25,10
35,Carlos Ortiz,39.29,28,11
36,Dustin Johnson,37.50,24,9
37,Cameron Champ,37.04,27,10
38,Viktor Hovland,36.67,30,11
39,Stewart Cink,36.36,33,12
39,Sergio Garcia,36.36,22,8
41,Hideki Matsuyama,32.35,34,11
42,Mackenzie Hughes,26.92,26,7
