rank,player,Avg RTP,Total Holes,Total RTP
1,Bryson DeChambeau,E,1,E
1,Patton Kizzire,E,1,E
1,Gary Woodland,E,1,E
4,Brice Garnett,+.333,3,+1.00
5,Andrew Putnam,+.500,6,+3.00
5,Brandt Snedeker,+.500,2,+1.00
7,Charles Howell III,+.667,3,+2.00
8,Francesco Molinari,+.714,7,+5.00
9,Matt Kuchar,+.750,4,+3.00
10,Michael Kim,+.923,13,+12.00
11,Paul Casey,+1.000,4,+4.00
11,Cameron Champ,+1.000,5,+5.00
11,Dustin Johnson,+1.000,1,+1.00
11,Satoshi Kodaira,+1.000,2,+2.00
11,Rory McIlroy,+1.000,1,+1.00
11,Troy Merritt,+1.000,1,+1.00
11,Scott Piercy,+1.000,1,+1.00
11,"Ted Potter, Jr.",+1.000,2,+2.00
11,Ian Poulter,+1.000,2,+2.00
11,Jon Rahm,+1.000,3,+3.00
11,Patrick Reed,+1.000,3,+3.00
11,Xander Schauffele,+1.000,2,+2.00
11,Webb Simpson,+1.000,1,+1.00
24,Brooks Koepka,+1.200,5,+6.00
25,Jason Day,+1.250,4,+5.00
26,Justin Thomas,+1.333,3,+4.00
27,Andrew Landry,+1.400,5,+7.00
28,Keegan Bradley,+1.500,2,+3.00
28,Kevin Tway,+1.500,2,+3.00
30,Marc Leishman,+1.667,3,+5.00
30,Aaron Wise,+1.667,3,+5.00
32,Bubba Watson,+2.000,1,+2.00
