rank,player,Avg RTP,Total Holes,Total RTP
1,Dustin Johnson,-.333,3,-1.00
2,Marc Leishman,E,5,E
2,Kevin Tway,E,8,E
4,Paul Casey,+.125,8,+1.00
4,Charles Howell III,+.125,8,+1.00
6,Patton Kizzire,+.167,6,+1.00
7,Matt Kuchar,+.182,11,+2.00
8,Cameron Champ,+.200,5,+1.00
8,Jason Day,+.200,10,+2.00
8,Bryson DeChambeau,+.200,5,+1.00
8,Xander Schauffele,+.200,5,+1.00
12,Webb Simpson,+.222,9,+2.00
13,Brice Garnett,+.250,8,+2.00
13,Brandt Snedeker,+.250,12,+3.00
15,Troy Merritt,+.286,7,+2.00
16,Michael Kim,+.308,13,+4.00
17,Keegan Bradley,+.333,3,+1.00
17,Justin Thomas,+.333,3,+1.00
19,Billy Horschel,+.375,8,+3.00
20,Brooks Koepka,+.400,5,+2.00
20,Andrew Putnam,+.400,5,+2.00
20,Jon Rahm,+.400,5,+2.00
23,Andrew Landry,+.429,7,+3.00
23,Scott Piercy,+.429,7,+3.00
25,Rory McIlroy,+.500,4,+2.00
25,Francesco Molinari,+.500,10,+5.00
25,Patrick Reed,+.500,6,+3.00
28,Satoshi Kodaira,+.625,8,+5.00
29,Gary Woodland,+.667,3,+2.00
30,"Ted Potter, Jr.",+.700,10,+7.00
31,Aaron Wise,+.800,5,+4.00
32,Ian Poulter,+1.000,3,+3.00
32,Bubba Watson,+1.000,3,+3.00
