rank,player,Avg RTP,Total Holes,Total RTP
1,Gary Woodland,-1.000,1,-1.00
2,Paul Casey,E,2,E
2,Jason Day,E,4,E
4,Patton Kizzire,+.143,7,+1.00
5,Billy Horschel,+.200,5,+1.00
6,Charles Howell III,+.250,4,+1.00
6,Troy Merritt,+.250,4,+1.00
8,Bryson DeChambeau,+.286,7,+2.00
9,Marc Leishman,+.333,3,+1.00
9,Rory McIlroy,+.333,3,+1.00
9,Justin Thomas,+.333,3,+1.00
12,Andrew Putnam,+.375,8,+3.00
12,Webb Simpson,+.375,8,+3.00
14,Scott Piercy,+.400,5,+2.00
15,Jon Rahm,+.429,7,+3.00
16,Brandt Snedeker,+.444,9,+4.00
17,Brice Garnett,+.500,2,+1.00
17,Dustin Johnson,+.500,6,+3.00
17,Matt Kuchar,+.500,6,+3.00
17,Xander Schauffele,+.500,2,+1.00
17,Kevin Tway,+.500,4,+2.00
22,Francesco Molinari,+.556,9,+5.00
22,"Ted Potter, Jr.",+.556,9,+5.00
24,Brooks Koepka,+.625,8,+5.00
25,Cameron Champ,+.667,6,+4.00
26,Michael Kim,+.750,8,+6.00
27,Keegan Bradley,+.778,9,+7.00
28,Patrick Reed,+.833,6,+5.00
29,Aaron Wise,+.857,7,+6.00
30,Satoshi Kodaira,+1.000,3,+3.00
30,Andrew Landry,+1.000,4,+4.00
30,Bubba Watson,+1.000,6,+6.00
33,Ian Poulter,+1.333,3,+4.00
