rank,player,Avg RTP,Total Holes,Total RTP
1,Cameron Champ,E,2,E
1,Jason Day,E,1,E
1,Matt Kuchar,E,1,E
1,Andrew Landry,E,4,E
5,Michael Kim,+.200,5,+1.00
5,Patton Kizzire,+.200,5,+1.00
7,Bryson DeChambeau,+.250,8,+2.00
7,Troy Merritt,+.250,4,+1.00
7,Kevin Tway,+.250,4,+1.00
10,Billy Horschel,+.333,6,+2.00
10,Brooks Koepka,+.333,3,+1.00
10,Xander Schauffele,+.333,3,+1.00
10,Gary Woodland,+.333,3,+1.00
14,Satoshi Kodaira,+.400,5,+2.00
15,Scott Piercy,+.429,7,+3.00
16,Dustin Johnson,+.500,6,+3.00
16,Marc Leishman,+.500,4,+2.00
16,Francesco Molinari,+.500,4,+2.00
16,Andrew Putnam,+.500,4,+2.00
20,Bubba Watson,+.571,7,+4.00
21,Brandt Snedeker,+.600,5,+3.00
22,Keegan Bradley,+.625,8,+5.00
22,Aaron Wise,+.625,8,+5.00
24,Webb Simpson,+.667,3,+2.00
25,Patrick Reed,+.714,7,+5.00
26,Brice Garnett,+.750,4,+3.00
26,Charles Howell III,+.750,4,+3.00
26,"Ted Potter, Jr.",+.750,4,+3.00
29,Paul Casey,+.800,5,+4.00
30,Ian Poulter,+1.000,2,+2.00
