rank,player,Distance,Tournament,Round- Course,Hole
1,Ryuji Imada,176,Sony Open,1,2 - Par 4 -
2,Craig Kanada,170,Sony Open,2,1 - Par 4 -
3,Bo Van Pelt,36,Sony Open,2,13 - Par 4
4,Shane Bertsch,31,Sony Open,2,11 - Par 3
5,Craig Bowden,29,Sony Open,1,1 - Par 4 -
6,Darron Stiles,25,Sony Open,2,15 - Par 4
7,Steve Wheatcroft,22,Sony Open,2,2 - Par 4 -
8,Paul Goydos,21,Sony Open,2,11 - Par 3
9,Briny Baird,21,Sony Open,3,9 - Par 5 -
10,Peter Lonard,18,Sony Open,2,9 - Par 5 -
11,John Senden,18,Sony Open,3,11 - Par 3
12,Steve Flesch,17,Sony Open,1,18 - Par 5
13,Tadd Fujikawa,16,Sony Open,2,6 - Par 4 -
14,Geoff Ogilvy,16,Sony Open,4,1 - Par 4 -
15,Kenny Perry,15,Sony Open,2,2 - Par 4 -
16,David Chin,15,Sony Open,1,7 - Par 3 -
17,David Toms,14,Sony Open,3,2 - Par 4 -
18,Michael Putnam,13,Sony Open,1,2 - Par 4 -
19,Gavin Coles,13,Sony Open,2,15 - Par 4
20,Rory Sabbatini,13,Sony Open,2,9 - Par 5 -
21,Chad Campbell,12,Sony Open,2,2 - Par 4 -
22,K.J. Choi,12,Sony Open,4,17 - Par 3
23,John Rollins,11,Sony Open,1,15 - Par 4
24,Johnson Wagner,11,Sony Open,4,16 - Par 4
25,Bryce Molder,11,Sony Open,1,3 - Par 4 -
29,Boo Weekley,9,Sony Open,4,6 - Par 4 -
30,J.P. Hayes,9,Sony Open,4,18 - Par 5
32,Azuma Yano,9,Sony Open,1,12 - Par 4
33,Rich Beem,8,Sony Open,4,13 - Par 4
35,Hideto Tanihara,8,Sony Open,2,4 - Par 3 -
36,Doug LaBelle II,8,Sony Open,4,10 - Par 4
37,Richard Johnson,7,Sony Open,1,6 - Par 4 -
39,Davis Love III,7,Sony Open,1,10 - Par 4
40,Jason Dufner,7,Sony Open,4,10 - Par 4
42,Nathan Green,7,Sony Open,3,9 - Par 5 -
43,Jeff Maggert,7,Sony Open,3,15 - Par 4
44,Dean Wilson,7,Sony Open,2,5 - Par 4 -
45,Robert Garrigus,7,Sony Open,4,10 - Par 4
46,Chris Stroud,6,Sony Open,1,10 - Par 4
47,Tripp Isenhour,6,Sony Open,2,15 - Par 4
48,George McNeill,6,Sony Open,2,6 - Par 4 -
49,Daisuke Maruyama,6,Sony Open,3,15 - Par 4
51,Bill Haas,5,Sony Open,1,14 - Par 4
52,Tom Lehman,5,Sony Open,1,6 - Par 4 -
53,Daniel Chopra,5,Sony Open,4,5 - Par 4 -
55,Scott Piercy,5,Sony Open,2,16 - Par 4
57,Parker McLachlin,5,Sony Open,2,13 - Par 4
58,Jeff Sluman,5,Sony Open,4,12 - Par 4
59,Abe Mariano,5,Sony Open,2,7 - Par 3 -
60,Steve Lowery,4,Sony Open,3,15 - Par 4
