rank,player,Hole outs
1,Rich Beem,2
1,Chad Campbell,2
1,Daniel Chopra,2
1,Gavin Coles,2
1,Nathan Green,2
1,Craig Kanada,2
1,Geoff Ogilvy,2
1,Kenny Perry,2
1,David Toms,2
10,Briny Baird,1
10,Shane Bertsch,1
10,K.J. Choi,1
10,Jason Dufner,1
10,Tadd Fujikawa,1
10,Robert Garrigus,1
10,Paul Goydos,1
10,J.P. Hayes,1
10,Ryuji Imada,1
10,Doug LaBelle II,1
10,Tom Lehman,1
10,Davis Love III,1
10,Steve Lowery,1
10,Jeff Maggert,1
10,Daisuke Maruyama,1
10,George McNeill,1
10,Michael Putnam,1
10,John Rollins,1
10,Rory Sabbatini,1
10,John Senden,1
10,Jeff Sluman,1
10,Bo Van Pelt,1
10,Johnson Wagner,1
10,Boo Weekley,1
10,Azuma Yano,1
