rank,player,Value,Tourn/Course,Round
1,Justin Rose,61,Sentry/Plantati,4
2,Tyrrell Hatton,62,Sentry/Plantati,2
3,Ludvig Åberg,63,Sentry/Plantati,4
3,Wyndham Clark,63,Sentry/Plantati,4
3,Sungjae Im,63,Sentry/Plantati,4
3,Sahith Theegala,63,Sentry/Plantati,4
7,Byeong Hun An,64,Sentry/Plantati,2
7,Akshay Bhatia,64,Sentry/Plantati,2
7,Harris English,64,Sentry/Plantati,3
7,Matt Fitzpatrick,64,Sentry/Plantati,2
7,Adam Hadwin,64,Sentry/Plantati,4
7,Brian Harman,64,Sentry/Plantati,4
7,Mackenzie Hughes,64,Sentry/Plantati,4
7,Kurt Kitayama,64,Sentry/Plantati,2
7,Andrew Putnam,64,Sentry/Plantati,4
7,Davis Riley,64,Sentry/Plantati,4
7,Scottie Scheffler,64,Sentry/Plantati,2
7,Brendon Todd,64,Sentry/Plantati,2
19,Eric Cole,65,Sentry/Plantati,4
19,Cam Davis,65,Sentry/Plantati,4
19,Jason Day,65,Sentry/Plantati,1
19,Lee Hodges,65,Sentry/Plantati,2
19,Viktor Hovland,65,Sentry/Plantati,1
19,Chris Kirk,65,Sentry/Plantati,4
19,Taylor Moore,65,Sentry/Plantati,2
19,Collin Morikawa,65,Sentry/Plantati,4
19,J.T. Poston,65,Sentry/Plantati,4
19,Patrick Rodgers,65,Sentry/Plantati,2
19,Xander Schauffele,65,Sentry/Plantati,3
19,Adam Schenk,65,Sentry/Plantati,2
19,Jordan Spieth,65,Sentry/Plantati,4
19,Erik van Rooyen,65,Sentry/Plantati,4
19,Camilo Villegas,65,Sentry/Plantati,1
19,Cameron Young,65,Sentry/Plantati,4
35,Patrick Cantlay,66,Sentry/Plantati,1
35,Tony Finau,66,Sentry/Plantati,2
35,Lucas Glover,66,Sentry/Plantati,2
35,Emiliano Grillo,66,Sentry/Plantati,1
35,Nick Hardy,66,Sentry/Plantati,4
35,Max Homa,66,Sentry/Plantati,4
35,Si Woo Kim,66,Sentry/Plantati,4
35,Tom Kim,66,Sentry/Plantati,4
35,Luke List,66,Sentry/Plantati,4
35,Sepp Straka,66,Sentry/Plantati,4
45,Keegan Bradley,67,Sentry/Plantati,4
45,Corey Conners,67,Sentry/Plantati,4
45,Nico Echavarria,67,Sentry/Plantati,4
45,Rickie Fowler,67,Sentry/Plantati,2
45,Tom Hoge,67,Sentry/Plantati,1
45,Denny McCarthy,67,Sentry/Plantati,4
45,Seamus Power,67,Sentry/Plantati,4
52,Sam Burns,68,Sentry/Plantati,3
52,Russell Henley,68,Sentry/Plantati,4
52,Hideki Matsuyama,68,Sentry/Plantati,2
52,Adam Svensson,68,Sentry/Plantati,4
52,Matt Wallace,68,Sentry/Plantati,1
57,Tommy Fleetwood,69,Sentry/Plantati,3
57,Vincent Norrman,69,Sentry/Plantati,4
57,Nick Taylor,69,Sentry/Plantati,2
