rank,player,Avg,Total Strokes,Total Rounds
1,Scottie Scheffler,65.00,130,2
2,Tyrrell Hatton,65.50,131,2
2,Sungjae Im,65.50,131,2
2,Brendon Todd,65.50,131,2
5,Byeong Hun An,66.00,132,2
5,Viktor Hovland,66.00,132,2
5,Chris Kirk,66.00,132,2
5,Collin Morikawa,66.00,132,2
9,Akshay Bhatia,66.50,133,2
9,Matt Fitzpatrick,66.50,133,2
9,Brian Harman,66.50,133,2
9,Jordan Spieth,66.50,133,2
9,Sepp Straka,66.50,133,2
9,Sahith Theegala,66.50,133,2
15,Patrick Cantlay,67.00,134,2
15,Jason Day,67.00,134,2
15,Emiliano Grillo,67.00,134,2
15,Patrick Rodgers,67.00,134,2
15,Adam Schenk,67.00,134,2
20,Tony Finau,67.50,135,2
20,Xander Schauffele,67.50,135,2
20,Cameron Young,67.50,135,2
23,Eric Cole,68.00,136,2
23,Adam Hadwin,68.00,136,2
23,Tom Hoge,68.00,136,2
23,Max Homa,68.00,136,2
23,Si Woo Kim,68.00,136,2
23,Kurt Kitayama,68.00,136,2
23,Taylor Moore,68.00,136,2
23,J.T. Poston,68.00,136,2
23,Camilo Villegas,68.00,136,2
32,Sam Burns,68.50,137,2
32,Nico Echavarria,68.50,137,2
32,Harris English,68.50,137,2
32,Rickie Fowler,68.50,137,2
32,Lee Hodges,68.50,137,2
32,Luke List,68.50,137,2
32,Erik van Rooyen,68.50,137,2
39,Lucas Glover,69.00,138,2
39,Nick Hardy,69.00,138,2
39,Mackenzie Hughes,69.00,138,2
39,Tom Kim,69.00,138,2
39,Adam Svensson,69.00,138,2
39,Nick Taylor,69.00,138,2
39,Matt Wallace,69.00,138,2
46,Ludvig Åberg,69.50,139,2
46,Keegan Bradley,69.50,139,2
46,Wyndham Clark,69.50,139,2
46,Corey Conners,69.50,139,2
46,Hideki Matsuyama,69.50,139,2
46,Denny McCarthy,69.50,139,2
52,Tommy Fleetwood,70.00,140,2
52,Justin Rose,70.00,140,2
54,Russell Henley,70.50,141,2
54,Davis Riley,70.50,141,2
56,Seamus Power,71.00,142,2
57,Cam Davis,71.50,143,2
57,Vincent Norrman,71.50,143,2
59,Andrew Putnam,72.50,145,2
