rank,player,%,Total 3 Putts,Total Holes (overall)
1,Sam Burns,.00,0,72
1,Patrick Cantlay,.00,0,72
1,Cam Davis,.00,0,72
1,Lucas Herbert,.00,0,72
1,Max Homa,.00,0,72
1,Matt Jones,.00,0,72
1,Si Woo Kim,.00,0,72
1,Marc Leishman,.00,0,72
1,Hideki Matsuyama,.00,0,72
1,Seamus Power,.00,0,72
1,Jordan Spieth,.00,0,72
1,Erik van Rooyen,.00,0,72
13,Stewart Cink,1.39,1,72
13,Bryson DeChambeau,1.39,1,72
13,Talor Gooch,1.39,1,72
13,Sungjae Im,1.39,1,72
13,Kevin Kisner,1.39,1,72
13,Jason Kokrak,1.39,1,72
13,K.H. Lee,1.39,1,72
13,Phil Mickelson,1.39,1,72
13,Collin Morikawa,1.39,1,72
13,Kevin Na,1.39,1,72
13,Jon Rahm,1.39,1,72
13,Patrick Reed,1.39,1,72
13,Xander Schauffele,1.39,1,72
13,Cameron Smith,1.39,1,72
13,Justin Thomas,1.39,1,72
28,Abraham Ancer,2.78,2,72
28,Daniel Berger,2.78,2,72
28,Harris English,2.78,2,72
28,Tony Finau,2.78,2,72
28,Branden Grace,2.78,2,72
28,Billy Horschel,2.78,2,72
34,Brooks Koepka,4.17,3,72
35,Joel Dahmen,5.56,4,72
35,Garrick Higgo,5.56,4,72
37,Viktor Hovland,6.94,5,72
38,Lucas Glover,8.33,6,72
