rank,player,Avg,Total Distance (feet),# of Attempts,Relative to par
1,Wyndham Clark,"6' 7""",19.833,3,-2
2,Adam Scott,"8' 3""",33.000,4,-3
3,Aaron Rai,"8' 6""",16.917,2,-1
4,Max Homa,"9' 1""",45.500,5,-2
5,Kevin Yu,"9' 6""",19.000,2,-1
6,Maverick McNealy,"11' 9""",58.833,5,-2
7,Harry Hall,"12' 6""",37.417,3,-1
7,Hideki Matsuyama,"12' 6""",49.833,4,-3
9,Taylor Pendrith,"13' 8""",68.167,5,-1
10,Austin Eckroat,"14' 5""",86.667,6,-2
11,Max Greyserman,"14' 6""",116.083,8,-4
11,Xander Schauffele,"14' 6""",72.583,5,-1
13,Sepp Straka,"15' 9""",47.167,3,-1
14,Peter Malnati,"15' 10""",47.583,3,-2
14,Collin Morikawa,"15' 10""",94.917,6,-2
14,J.T. Poston,"15' 10""",47.417,3,-2
17,Stephan Jaeger,"16' 3""",81.167,5,E
18,Will Zalatoris,"16' 5""",65.750,4,-1
19,Robert MacIntyre,"16' 6""",82.417,5,-2
20,Denny McCarthy,"16' 10""",84.250,5,-2
21,Russell Henley,"17' 5""",69.750,4,-1
22,Patrick Cantlay,"17' 8""",123.583,7,-1
23,Eric Cole,"17' 10""",17.833,1,E
23,Patton Kizzire,"17' 10""",71.333,4,E
25,Jhonattan Vegas,"17' 11""",71.583,4,-2
26,Viktor Hovland,"18' 3""",127.917,7,E
27,Cameron Young,"19' 2""",211.083,11,-4
28,Rafael Campos,"19' 3""",134.917,7,-2
28,Jason Day,"19' 3""",76.917,4,E
30,Thomas Detry,"20' 1""",120.583,6,-2
31,Corey Conners,"20' 11""",62.750,3,-2
32,Nico Echavarria,"22' 7""",113.083,5,-3
33,Matt McCarty,"22' 8""",90.583,4,-1
34,Davis Thompson,"23' 7""",141.500,6,E
35,Nick Dunlap,"24' 0""",239.917,10,E
36,Akshay Bhatia,"24' 5""",48.750,2,-1
37,Nick Taylor,"24' 7""",49.167,2,E
38,Ludvig Åberg,"24' 8""",147.750,6,-1
39,Matt Fitzpatrick,"24' 9""",99.083,4,-2
39,Chris Kirk,"24' 9""",49.417,2,+1
41,Sungjae Im,"24' 11""",149.583,6,E
42,Cam Davis,"25' 2""",50.250,2,E
43,Adam Hadwin,"25' 4""",151.750,6,+2
44,Christiaan Bezuidenhout,"25' 6""",76.583,3,-1
45,Sahith Theegala,"26' 6""",79.583,3,E
46,Si Woo Kim,"27' 4""",136.500,5,E
47,Keegan Bradley,"30' 3""",121.083,4,E
48,Jake Knapp,"30' 5""",152.000,5,E
49,Brice Garnett,"30' 10""",154.083,5,+1
50,Tom Hoge,"31' 2""",31.167,1,E
51,Chris Gotterup,"31' 6""",94.417,3,-1
52,Tony Finau,"32' 1""",160.333,5,-2
53,Billy Horschel,"33' 10""",169.333,5,E
54,Justin Thomas,"36' 9""",147.000,4,E
55,Sam Burns,"37' 6""",225.083,6,+1
56,Matthieu Pavon,"38' 6""",308.250,8,+1
57,Brian Harman,"65' 4""",196.083,3,+2
58,Byeong Hun An,"79' 4""",158.667,2,E
