rank,player,Avg,Total Distance (feet),# of Attempts,Relative to par
1,Sungjae Im,"3' 7""",3.583,1,-1
2,Aaron Rai,"5' 4""",5.333,1,-1
3,Chris Gotterup,"7' 2""",7.167,1,-1
4,Adam Scott,"7' 4""",14.667,2,-1
5,Nico Echavarria,"11' 3""",22.500,2,+1
6,Tom Hoge,"11' 7""",23.167,2,-1
7,Ludvig Åberg,"11' 8""",11.667,1,-1
8,Max Homa,"13' 2""",13.167,1,E
8,Hideki Matsuyama,"13' 2""",13.167,1,+1
10,Sahith Theegala,"15' 4""",15.333,1,E
11,Si Woo Kim,"15' 8""",47.000,3,E
12,Akshay Bhatia,"15' 10""",31.583,2,E
13,Matthieu Pavon,"15' 11""",15.917,1,E
14,Matt Fitzpatrick,"17' 9""",17.750,1,E
15,Stephan Jaeger,"18' 5""",36.833,2,-1
16,Byeong Hun An,"19' 5""",77.500,4,E
17,Denny McCarthy,"21' 1""",42.083,2,-1
18,Maverick McNealy,"22' 4""",89.417,4,-2
19,Patrick Cantlay,"24' 10""",49.583,2,+1
20,Wyndham Clark,"25' 3""",100.917,4,-1
21,Jason Day,"25' 7""",25.583,1,E
22,Russell Henley,"26' 0""",26.000,1,E
23,Patton Kizzire,"26' 6""",52.917,2,E
24,Christiaan Bezuidenhout,"28' 8""",86.000,3,E
25,Tony Finau,"30' 4""",91.083,3,E
26,Thomas Detry,"30' 11""",30.917,1,+1
27,Max Greyserman,"31' 9""",126.833,4,E
28,Kevin Yu,"33' 0""",66.000,2,+1
29,Austin Eckroat,"33' 6""",66.917,2,+1
30,Xander Schauffele,"35' 4""",70.667,2,E
31,Eric Cole,"35' 9""",143.000,4,E
32,Brice Garnett,"36' 7""",36.583,1,E
33,Will Zalatoris,"38' 7""",115.750,3,+1
34,Nick Taylor,"40' 2""",160.667,4,E
35,Rafael Campos,"43' 1""",43.083,1,E
35,Davis Thompson,"43' 1""",172.167,4,E
37,Cameron Young,"43' 5""",43.417,1,E
38,Jake Knapp,"44' 8""",89.250,2,E
39,Harry Hall,"45' 11""",91.833,2,+1
40,Sepp Straka,"46' 6""",92.917,2,+2
41,J.T. Poston,"49' 11""",99.750,2,+2
42,Chris Kirk,"50' 11""",101.750,2,+1
43,Keegan Bradley,"54' 7""",163.833,3,+1
44,Matt McCarty,"55' 10""",223.417,4,+1
45,Viktor Hovland,"62' 2""",124.250,2,-1
46,Peter Malnati,"80' 8""",80.667,1,+1
47,Adam Hadwin,"83' 0""",83.000,1,E
