rank,player,Avg,Total Distance (feet),# of Attempts,Relative to par
1,Aaron Rai,"7' 5""",22.250,3,-2
2,Adam Scott,"7' 11""",47.667,6,-4
3,Max Homa,"9' 9""",58.667,6,-2
4,Hideki Matsuyama,"12' 7""",63.000,5,-2
5,Taylor Pendrith,"13' 8""",68.167,5,-1
6,Sungjae Im,"16' 2""",97.083,6,-2
7,Maverick McNealy,"16' 6""",148.250,9,-4
8,Stephan Jaeger,"16' 10""",118.000,7,-1
9,Robert MacIntyre,"17' 7""",70.333,4,-3
10,Jhonattan Vegas,"17' 11""",71.583,4,-2
11,Tom Hoge,"18' 1""",54.333,3,-1
11,Denny McCarthy,"18' 1""",126.333,7,-3
13,Collin Morikawa,"18' 3""",91.333,5,-1
14,Russell Henley,"19' 2""",95.750,5,-1
15,Patrick Cantlay,"19' 3""",173.167,9,E
15,Wyndham Clark,"19' 3""",115.333,6,-2
17,Nico Echavarria,"19' 4""",135.583,7,-2
18,Akshay Bhatia,"20' 1""",80.333,4,-1
19,Max Greyserman,"20' 3""",242.917,12,-4
20,Jason Day,"20' 6""",102.500,5,E
20,Xander Schauffele,"20' 6""",102.583,5,-1
22,Corey Conners,"20' 11""",62.750,3,-2
22,Austin Eckroat,"20' 11""",146.167,7,E
24,Kevin Yu,"21' 3""",85.000,4,E
25,Thomas Detry,"21' 8""",151.500,7,-1
26,Nick Dunlap,"21' 9""",174.250,8,-1
27,Rafael Campos,"22' 3""",178.000,8,-2
28,Cameron Young,"22' 8""",249.500,11,-3
29,Ludvig Åberg,"22' 9""",159.417,7,-2
30,Si Woo Kim,"22' 11""",183.500,8,E
31,Matt Fitzpatrick,"23' 4""",116.833,5,-2
32,Sahith Theegala,"23' 9""",94.917,4,E
33,Patton Kizzire,"24' 2""",120.667,5,-1
34,Cam Davis,"25' 2""",50.250,2,E
35,Chris Gotterup,"25' 5""",101.583,4,-2
36,Harry Hall,"25' 10""",129.250,5,E
37,Christiaan Bezuidenhout,"27' 1""",162.583,6,-1
38,Sepp Straka,"28' 0""",140.083,5,+1
39,Will Zalatoris,"29' 0""",173.917,6,E
40,J.T. Poston,"29' 5""",147.167,5,E
41,Brice Garnett,"29' 6""",147.667,5,E
42,Viktor Hovland,"30' 6""",244.167,8,-1
43,Billy Horschel,"31' 3""",93.667,3,E
43,Jake Knapp,"31' 3""",187.500,6,-1
45,Davis Thompson,"31' 4""",313.667,10,E
46,Tony Finau,"31' 5""",251.417,8,-2
47,Peter Malnati,"32' 1""",128.250,4,-1
48,Eric Cole,"32' 2""",160.833,5,E
49,Adam Hadwin,"33' 6""",234.750,7,+2
50,Justin Thomas,"36' 9""",147.000,4,E
51,Nick Taylor,"36' 11""",184.417,5,E
52,Sam Burns,"37' 6""",225.083,6,+1
53,Matthieu Pavon,"38' 2""",305.583,8,+1
54,Matt McCarty,"39' 3""",314.000,8,E
55,Byeong Hun An,"39' 4""",236.167,6,E
56,Keegan Bradley,"40' 8""",284.917,7,+1
57,Chris Kirk,"44' 7""",133.750,3,+2
58,Brian Harman,"65' 4""",196.083,3,+2
