rank,player,Avg,Total Distance (feet),# of Attempts,Relative to par
1,Patrick Cantlay,"11' 8""",11.667,1,-1
2,Jhonattan Vegas,"18' 9""",56.250,3,-3
3,Peter Malnati,"19' 10""",39.667,2,E
4,Robert MacIntyre,"27' 1""",54.083,2,E
5,Adam Hadwin,"27' 11""",55.833,2,-2
6,Collin Morikawa,"29' 8""",29.667,1,-1
7,Maverick McNealy,"32' 3""",32.250,1,-1
8,Austin Eckroat,"37' 5""",74.833,2,E
9,Si Woo Kim,"38' 2""",76.250,2,-1
10,Matthieu Pavon,"38' 3""",114.750,3,-1
11,Denny McCarthy,"45' 0""",89.917,2,E
12,Will Zalatoris,"46' 2""",46.167,1,E
13,Keegan Bradley,"46' 6""",186.000,4,-2
14,Viktor Hovland,"51' 6""",154.500,3,-2
15,Jason Day,"53' 2""",372.000,7,-2
16,Corey Conners,"54' 8""",109.250,2,-1
17,Christiaan Bezuidenhout,"56' 8""",113.250,2,E
18,Sungjae Im,"56' 9""",113.500,2,-2
19,Sepp Straka,"56' 10""",56.833,1,E
20,Jake Knapp,"57' 1""",114.083,2,+2
21,Davis Thompson,"57' 8""",230.583,4,-4
22,Russell Henley,"58' 3""",58.250,1,E
23,Eric Cole,"60' 10""",60.833,1,-1
24,Kevin Yu,"61' 7""",61.583,1,E
25,Chris Gotterup,"65' 1""",325.417,5,-2
26,Taylor Pendrith,"68' 8""",137.250,2,-1
27,Tony Finau,"70' 2""",210.500,3,E
28,Tom Hoge,"70' 3""",351.083,5,-1
29,Sam Burns,"70' 4""",140.583,2,-1
30,Hideki Matsuyama,"70' 10""",70.833,1,E
31,Justin Thomas,"71' 2""",213.500,3,-3
32,Wyndham Clark,"71' 5""",285.500,4,-4
33,Nico Echavarria,"71' 8""",143.333,2,+1
34,Max Greyserman,"73' 7""",220.667,3,E
35,Ludvig Åberg,"74' 2""",370.667,5,-3
36,Xander Schauffele,"74' 7""",149.083,2,-1
37,Harry Hall,"74' 8""",298.750,4,E
38,Brian Harman,"75' 2""",150.333,2,-1
39,Adam Scott,"75' 4""",376.500,5,-3
40,Nick Dunlap,"76' 4""",305.333,4,-1
41,Cameron Young,"76' 9""",230.250,3,-3
42,Nick Taylor,"77' 7""",77.583,1,-1
43,Thomas Detry,"78' 4""",156.667,2,-1
44,Stephan Jaeger,"79' 2""",79.167,1,+1
45,Max Homa,"81' 1""",243.333,3,-2
46,Billy Horschel,"81' 5""",81.417,1,-1
47,Patton Kizzire,"82' 4""",164.667,2,-1
48,Chris Kirk,"84' 10""",84.833,1,E
49,Matt Fitzpatrick,"86' 2""",517.083,6,-2
50,Brice Garnett,"92' 3""",92.250,1,-1
51,Byeong Hun An,"94' 0""",188.000,2,E
52,Matt McCarty,"99' 11""",99.917,1,+1
53,Akshay Bhatia,"106' 7""",319.667,3,-1
54,Cam Davis,"122' 8""",122.667,1,E
55,Sahith Theegala,"125' 5""",376.250,3,E
56,Aaron Rai,"137' 9""",137.750,1,E
