rank,player,Avg,Total Distance (feet),# of Attempts,Relative to par
1,Hideki Matsuyama,"9' 4""",9.333,1,E
2,Patton Kizzire,"13' 1""",13.083,1,E
3,Denny McCarthy,"14' 3""",14.250,1,E
4,Tom Hoge,"15' 6""",15.500,1,-1
5,Sam Burns,"16' 6""",16.500,1,E
6,Jason Day,"17' 4""",69.250,4,E
7,Peter Malnati,"17' 6""",35.000,2,E
8,Jhonattan Vegas,"18' 5""",55.167,3,-1
9,Chris Gotterup,"21' 4""",42.667,2,-1
10,Cameron Young,"22' 2""",66.417,3,-1
11,Russell Henley,"22' 10""",45.667,2,E
11,Maverick McNealy,"22' 10""",45.583,2,E
13,Max Homa,"25' 3""",75.667,3,+1
14,J.T. Poston,"25' 5""",25.417,1,E
15,Adam Scott,"26' 1""",104.250,4,+1
16,Adam Hadwin,"26' 8""",26.667,1,E
17,Taylor Pendrith,"26' 11""",26.917,1,E
18,Nick Taylor,"27' 5""",82.333,3,E
19,Jake Knapp,"28' 6""",56.917,2,+2
20,Nick Dunlap,"29' 8""",89.083,3,E
21,Patrick Cantlay,"30' 6""",91.583,3,-1
22,Matt Fitzpatrick,"31' 2""",62.333,2,E
23,Tony Finau,"33' 0""",33.000,1,E
24,Keegan Bradley,"34' 3""",34.250,1,-1
25,Justin Thomas,"34' 11""",104.833,3,+2
26,Harry Hall,"35' 9""",107.333,3,-1
27,Chris Kirk,"36' 0""",72.000,2,E
28,Max Greyserman,"36' 1""",144.333,4,E
28,Si Woo Kim,"36' 1""",108.167,3,+1
30,Ludvig Åberg,"38' 0""",76.000,2,E
31,Akshay Bhatia,"38' 5""",153.583,4,-1
32,Brian Harman,"40' 11""",122.667,3,+2
33,Viktor Hovland,"41' 6""",124.417,3,E
34,Byeong Hun An,"41' 7""",166.417,4,E
34,Will Zalatoris,"41' 7""",83.167,2,E
36,Davis Thompson,"43' 0""",43.000,1,+1
37,Thomas Detry,"43' 1""",86.167,2,E
38,Corey Conners,"43' 4""",173.250,4,+1
39,Aaron Rai,"43' 5""",130.167,3,-1
40,Austin Eckroat,"43' 7""",87.083,2,+1
41,Nico Echavarria,"44' 6""",133.417,3,-1
42,Christiaan Bezuidenhout,"47' 4""",94.667,2,E
42,Rafael Campos,"47' 4""",236.750,5,+2
44,Eric Cole,"49' 6""",49.500,1,E
45,Sungjae Im,"55' 11""",55.917,1,+1
46,Wyndham Clark,"62' 9""",125.417,2,E
47,Cam Davis,"63' 7""",63.583,1,E
48,Kevin Yu,"65' 0""",129.917,2,E
49,Robert MacIntyre,"65' 10""",131.667,2,+1
50,Sepp Straka,"70' 1""",70.083,1,E
51,Matthieu Pavon,"72' 4""",72.333,1,E
52,Stephan Jaeger,"74' 9""",224.250,3,+3
