rank,player,Avg,Total Distance (feet),# of Attempts,Relative to par
1,Tom Hoge,"12' 7""",37.667,3,E
2,Austin Eckroat,"15' 8""",15.667,1,E
2,Will Zalatoris,"15' 8""",78.333,5,-4
4,Sam Burns,"16' 11""",67.500,4,-3
5,Hideki Matsuyama,"17' 8""",53.083,3,-1
6,Nick Taylor,"18' 6""",18.500,1,+1
7,Justin Thomas,"18' 10""",56.583,3,-2
8,Matt Fitzpatrick,"20' 2""",40.333,2,E
9,Jhonattan Vegas,"21' 1""",105.500,5,-2
10,Corey Conners,"23' 2""",69.500,3,-2
11,Akshay Bhatia,"23' 10""",47.667,2,E
12,Adam Scott,"25' 3""",75.833,3,-1
13,Robert MacIntyre,"26' 1""",26.083,1,E
14,Maverick McNealy,"28' 11""",57.833,2,E
15,Si Woo Kim,"30' 0""",60.000,2,E
16,Sungjae Im,"30' 1""",90.250,3,E
17,Brice Garnett,"30' 2""",90.583,3,E
18,Adam Hadwin,"32' 0""",64.000,2,E
19,Matt McCarty,"33' 0""",131.833,4,E
20,Max Homa,"33' 9""",101.333,3,E
21,Jake Knapp,"35' 0""",210.167,6,+1
22,Byeong Hun An,"35' 8""",213.750,6,E
23,Billy Horschel,"36' 1""",144.167,4,+1
24,Russell Henley,"36' 7""",146.417,4,-1
25,Nico Echavarria,"36' 8""",110.000,3,E
26,Chris Gotterup,"36' 9""",110.333,3,E
27,Brian Harman,"37' 5""",187.083,5,+2
28,Chris Kirk,"38' 2""",152.583,4,E
29,Nick Dunlap,"38' 9""",271.417,7,+3
30,Collin Morikawa,"40' 0""",40.000,1,E
31,Thomas Detry,"40' 3""",120.750,3,-1
32,Rafael Campos,"40' 7""",162.167,4,+4
33,Max Greyserman,"41' 3""",164.833,4,E
34,Jason Day,"42' 2""",84.250,2,E
35,Davis Thompson,"43' 9""",131.250,3,+1
36,Cameron Young,"44' 1""",264.583,6,+2
37,Kevin Yu,"44' 9""",134.167,3,+2
38,Xander Schauffele,"45' 6""",181.833,4,+1
39,Stephan Jaeger,"46' 9""",186.833,4,E
40,Matthieu Pavon,"48' 6""",145.583,3,E
41,Patton Kizzire,"49' 1""",245.333,5,+2
42,Viktor Hovland,"50' 8""",101.333,2,E
43,Denny McCarthy,"53' 3""",53.250,1,E
44,Cam Davis,"53' 10""",215.333,4,+1
45,Patrick Cantlay,"54' 3""",217.000,4,+1
46,Sahith Theegala,"54' 4""",108.583,2,E
47,Eric Cole,"54' 9""",273.583,5,-1
48,Ludvig Åberg,"55' 7""",166.833,3,+1
49,Wyndham Clark,"55' 9""",278.917,5,+1
50,Christiaan Bezuidenhout,"56' 6""",395.750,7,+1
51,Harry Hall,"57' 9""",346.583,6,+2
52,Tony Finau,"64' 4""",385.833,6,+1
53,Peter Malnati,"65' 4""",326.750,5,E
54,Keegan Bradley,"65' 11""",197.750,3,+2
55,Taylor Pendrith,"66' 11""",267.667,4,+2
56,J.T. Poston,"71' 1""",71.083,1,E
57,Aaron Rai,"89' 6""",89.500,1,E
