rank,player,Avg,Total Distance (feet),# of Attempts,Relative to par
1,Jhonattan Vegas,"2' 10""",2.833,1,-2
2,Jake Knapp,"26' 9""",26.750,1,+2
3,Collin Morikawa,"29' 8""",29.667,1,-1
4,Maverick McNealy,"32' 3""",32.250,1,-1
5,Matthieu Pavon,"40' 9""",40.750,1,+1
6,Keegan Bradley,"41' 8""",83.333,2,E
7,Adam Hadwin,"45' 4""",45.333,1,E
8,Sungjae Im,"58' 5""",58.417,1,-1
9,Nick Dunlap,"63' 3""",189.833,3,E
9,Austin Eckroat,"63' 3""",63.250,1,+1
11,Jason Day,"67' 5""",67.417,1,-1
12,Hideki Matsuyama,"70' 10""",70.833,1,E
13,Max Greyserman,"72' 2""",72.167,1,-1
14,Matt Fitzpatrick,"78' 2""",234.583,3,-3
15,Patton Kizzire,"82' 4""",164.667,2,-1
16,Viktor Hovland,"83' 5""",83.417,1,-1
17,Xander Schauffele,"92' 10""",92.833,1,-1
18,Tony Finau,"107' 6""",107.500,1,E
