rank,player,Avg,Total Distance (feet),# of Attempts,Relative to par
1,Adam Hadwin,"10' 6""",10.500,1,-2
2,Austin Eckroat,"11' 7""",11.583,1,-1
3,Patrick Cantlay,"11' 8""",11.667,1,-1
4,Peter Malnati,"19' 10""",39.667,2,E
5,Robert MacIntyre,"27' 1""",54.083,2,E
6,Viktor Hovland,"35' 7""",71.083,2,-1
7,Jason Day,"36' 9""",183.750,5,-1
8,Matthieu Pavon,"37' 0""",74.000,2,-2
9,Jhonattan Vegas,"37' 3""",37.250,1,E
10,Si Woo Kim,"38' 2""",76.250,2,-1
11,Matt Fitzpatrick,"43' 9""",43.750,1,E
12,Denny McCarthy,"45' 0""",89.917,2,E
13,Will Zalatoris,"46' 2""",46.167,1,E
14,Davis Thompson,"49' 0""",146.917,3,-3
15,Keegan Bradley,"51' 4""",102.667,2,-2
16,Tony Finau,"51' 6""",103.000,2,E
17,Corey Conners,"54' 8""",109.250,2,-1
18,Sungjae Im,"55' 1""",55.083,1,-1
19,Xander Schauffele,"56' 3""",56.250,1,E
20,Christiaan Bezuidenhout,"56' 8""",113.250,2,E
21,Sepp Straka,"56' 10""",56.833,1,E
22,Sahith Theegala,"57' 10""",57.833,1,-1
23,Russell Henley,"58' 3""",58.250,1,E
24,Ludvig Åberg,"58' 8""",176.083,3,-1
25,Justin Thomas,"59' 8""",119.333,2,-2
26,Taylor Pendrith,"59' 9""",59.750,1,E
27,Kevin Yu,"61' 7""",61.583,1,E
28,Brian Harman,"63' 5""",63.417,1,E
28,Tom Hoge,"63' 5""",253.750,4,-1
30,Wyndham Clark,"63' 7""",127.083,2,-2
31,Chris Gotterup,"65' 0""",65.000,1,-1
32,Nico Echavarria,"71' 8""",143.333,2,+1
33,Max Greyserman,"74' 3""",148.500,2,+1
34,Adam Scott,"74' 4""",223.083,3,-2
35,Harry Hall,"74' 8""",298.750,4,E
36,Cameron Young,"75' 5""",150.833,2,-2
37,Nick Taylor,"77' 7""",77.583,1,-1
38,Stephan Jaeger,"79' 2""",79.167,1,+1
39,Billy Horschel,"81' 5""",81.417,1,-1
40,Chris Kirk,"84' 10""",84.833,1,E
41,Akshay Bhatia,"89' 3""",178.417,2,E
42,Brice Garnett,"92' 3""",92.250,1,-1
43,Byeong Hun An,"94' 0""",188.000,2,E
44,Thomas Detry,"95' 1""",95.083,1,E
45,Matt McCarty,"99' 11""",99.917,1,+1
46,Max Homa,"100' 1""",200.167,2,-1
47,Nick Dunlap,"115' 6""",115.500,1,-1
