rank,player,Avg,Total Distance (feet),# of Attempts,Relative to par
1,Adam Scott,"6' 1""",18.333,3,-3
2,Wyndham Clark,"7' 3""",14.417,2,-1
3,Max Homa,"7' 8""",15.250,2,-1
4,Kevin Yu,"9' 6""",19.000,2,-1
5,Hideki Matsuyama,"11' 1""",33.167,3,-3
6,Max Greyserman,"11' 3""",67.583,6,-4
7,Peter Malnati,"12' 0""",23.917,2,-1
7,Xander Schauffele,"12' 0""",23.917,2,E
9,Maverick McNealy,"12' 11""",38.833,3,-1
10,Rafael Campos,"13' 0""",64.917,5,-1
10,Viktor Hovland,"13' 0""",52.000,4,E
12,Harry Hall,"13' 1""",26.083,2,E
13,Corey Conners,"14' 0""",27.917,2,-2
14,Taylor Pendrith,"14' 4""",43.000,3,-1
15,Patrick Cantlay,"14' 7""",87.500,6,-1
16,Justin Thomas,"14' 9""",44.250,3,E
17,J.T. Poston,"15' 10""",47.417,3,-2
18,Austin Eckroat,"16' 9""",33.417,2,E
19,Chris Gotterup,"16' 11""",16.917,1,-1
20,Keegan Bradley,"17' 2""",34.250,2,E
21,Nico Echavarria,"17' 4""",51.917,3,-2
22,Sepp Straka,"18' 1""",18.083,1,E
23,Denny McCarthy,"18' 4""",55.083,3,-1
24,Sungjae Im,"18' 8""",93.500,5,-1
25,Nick Dunlap,"18' 11""",56.833,3,-1
26,Will Zalatoris,"19' 5""",58.167,3,-1
27,Robert MacIntyre,"19' 9""",59.250,3,-2
28,Stephan Jaeger,"20' 1""",60.167,3,E
29,Cameron Young,"20' 10""",125.167,6,-3
30,Jason Day,"20' 11""",41.750,2,E
31,Matt McCarty,"22' 8""",90.583,4,-1
32,Ludvig Åberg,"23' 3""",93.000,4,-1
33,Akshay Bhatia,"24' 5""",48.750,2,-1
34,Cam Davis,"25' 2""",50.250,2,E
35,Collin Morikawa,"25' 10""",77.500,3,E
36,Matt Fitzpatrick,"26' 11""",80.750,3,-1
37,Patton Kizzire,"27' 4""",54.667,2,E
38,Si Woo Kim,"28' 10""",28.833,1,E
39,Davis Thompson,"29' 6""",88.500,3,E
40,Thomas Detry,"30' 2""",90.500,3,+1
41,Billy Horschel,"31' 3""",93.667,3,E
42,Chris Kirk,"32' 0""",32.000,1,+1
43,Jhonattan Vegas,"32' 1""",64.083,2,E
44,Adam Hadwin,"32' 8""",130.583,4,+3
45,Sahith Theegala,"33' 4""",66.583,2,E
46,Brice Garnett,"34' 7""",69.167,2,E
47,Jake Knapp,"38' 3""",38.250,1,-1
48,Sam Burns,"42' 11""",214.500,5,+1
49,Christiaan Bezuidenhout,"44' 6""",44.500,1,E
50,Tony Finau,"44' 7""",133.750,3,-1
51,Matthieu Pavon,"48' 6""",145.417,3,+2
