rank,player,Avg,Total Distance (feet),# of Attempts,Relative to par
1,Jhonattan Vegas,"3' 9""",7.500,2,-2
2,Collin Morikawa,"6' 11""",13.833,2,-1
3,Xander Schauffele,"8' 0""",8.000,1,-1
4,Aaron Rai,"8' 6""",16.917,2,-1
5,Thomas Detry,"10' 0""",30.083,3,-3
5,Maverick McNealy,"10' 0""",20.000,2,-1
7,Max Homa,"10' 1""",30.250,3,-1
8,Stephan Jaeger,"10' 6""",21.000,2,E
9,Sam Burns,"10' 7""",10.583,1,E
9,Adam Hadwin,"10' 7""",21.167,2,-1
11,Robert MacIntyre,"11' 1""",11.083,1,-1
12,Harry Hall,"11' 4""",11.333,1,-1
13,Taylor Pendrith,"12' 7""",25.167,2,E
14,Sahith Theegala,"13' 0""",13.000,1,E
15,Patton Kizzire,"13' 1""",13.083,1,-1
16,Tony Finau,"13' 4""",26.583,2,-1
17,Denny McCarthy,"14' 7""",29.167,2,-1
17,Sepp Straka,"14' 7""",29.083,2,-1
19,Adam Scott,"14' 8""",14.667,1,E
20,Austin Eckroat,"15' 3""",45.833,3,-1
21,Christiaan Bezuidenhout,"16' 1""",32.083,2,-1
22,Hideki Matsuyama,"16' 8""",16.667,1,E
23,Russell Henley,"17' 5""",69.750,4,-1
24,Jason Day,"17' 7""",35.167,2,E
25,Davis Thompson,"17' 8""",53.000,3,E
26,Eric Cole,"17' 10""",17.833,1,E
27,Matt Fitzpatrick,"18' 4""",18.333,1,-1
28,Jake Knapp,"20' 0""",60.000,3,E
29,Cameron Young,"20' 3""",80.917,4,E
30,Brice Garnett,"21' 0""",41.917,2,E
31,Nick Dunlap,"23' 6""",117.417,5,E
32,Peter Malnati,"23' 8""",23.667,1,-1
33,Nick Taylor,"23' 9""",23.750,1,E
34,Max Greyserman,"24' 3""",48.500,2,E
35,Si Woo Kim,"26' 11""",107.667,4,E
36,Ludvig Åberg,"27' 5""",54.750,2,E
37,Nico Echavarria,"30' 7""",61.167,2,-1
38,Tom Hoge,"31' 2""",31.167,1,E
39,Viktor Hovland,"34' 0""",67.917,2,E
40,Corey Conners,"34' 10""",34.833,1,E
41,Rafael Campos,"35' 0""",70.000,2,-1
42,Patrick Cantlay,"36' 1""",36.083,1,E
42,Matthieu Pavon,"36' 1""",144.250,4,-1
44,Chris Gotterup,"38' 9""",77.500,2,E
45,Keegan Bradley,"43' 5""",86.833,2,E
46,Brian Harman,"65' 4""",196.083,3,+2
47,Byeong Hun An,"79' 4""",158.667,2,E
48,Justin Thomas,"102' 9""",102.750,1,E
