rank,player,Avg,Total Distance (feet),# of Attempts,Relative to par
1,Jhonattan Vegas,"16' 2""",16.167,1,-1
2,Chris Gotterup,"60' 9""",182.333,3,-1
3,Thomas Detry,"61' 7""",61.583,1,-1
4,Sam Burns,"70' 4""",140.583,2,-1
5,Taylor Pendrith,"77' 6""",77.500,1,-1
6,Cameron Young,"79' 5""",79.417,1,-1
7,Davis Thompson,"83' 8""",83.667,1,-1
8,Brian Harman,"86' 11""",86.917,1,-1
9,Tom Hoge,"97' 4""",97.333,1,E
10,Adam Scott,"100' 7""",100.583,1,E
11,Jason Day,"120' 10""",120.833,1,E
12,Matt Fitzpatrick,"124' 0""",124.000,1,+1
13,Akshay Bhatia,"141' 3""",141.250,1,-1
