rank,player,Avg,Total Distance (feet),# of Attempts,Relative to par
1,Max Homa,"43' 2""",43.167,1,-1
2,Adam Scott,"52' 10""",52.833,1,-1
3,Eric Cole,"60' 10""",60.833,1,-1
4,Chris Gotterup,"78' 1""",78.083,1,E
5,Wyndham Clark,"79' 3""",158.417,2,-2
6,Jake Knapp,"87' 4""",87.333,1,E
7,Justin Thomas,"94' 2""",94.167,1,-1
8,Ludvig Åberg,"97' 4""",194.583,2,-2
9,Matt Fitzpatrick,"114' 9""",114.750,1,E
10,Cam Davis,"122' 8""",122.667,1,E
11,Aaron Rai,"137' 9""",137.750,1,E
12,Sahith Theegala,"159' 3""",318.417,2,+1
