rank,player,Avg,Total Distance (feet),# of Attempts,Relative to par
1,Si Woo Kim,"8' 7""",8.583,1,E
2,Jake Knapp,"12' 3""",12.250,1,-1
3,Akshay Bhatia,"19' 10""",19.833,1,-1
4,Hideki Matsuyama,"21' 5""",21.417,1,E
5,Davis Thompson,"22' 11""",22.917,1,E
6,Patton Kizzire,"25' 7""",51.167,2,E
7,Wyndham Clark,"29' 4""",58.583,2,-1
8,Jhonattan Vegas,"30' 4""",60.667,2,E
9,Nico Echavarria,"30' 5""",60.833,2,+1
10,Peter Malnati,"33' 9""",67.500,2,+2
11,Taylor Pendrith,"36' 7""",73.083,2,-2
12,Max Greyserman,"37' 6""",37.500,1,E
13,Xander Schauffele,"37' 11""",189.583,5,-3
14,Brian Harman,"38' 2""",38.167,1,E
15,Chris Gotterup,"38' 8""",38.667,1,-1
16,Nick Dunlap,"38' 11""",38.917,1,E
17,J.T. Poston,"41' 3""",41.250,1,E
18,Stephan Jaeger,"41' 6""",41.500,1,-1
19,Justin Thomas,"45' 6""",45.500,1,E
20,Sam Burns,"47' 0""",141.083,3,-1
20,Patrick Cantlay,"47' 0""",93.917,2,-2
22,Robert MacIntyre,"47' 4""",47.333,1,+1
23,Viktor Hovland,"48' 8""",146.083,3,+1
24,Sahith Theegala,"50' 11""",101.833,2,-2
25,Maverick McNealy,"53' 6""",53.500,1,E
26,Thomas Detry,"53' 10""",53.833,1,-1
27,Ludvig Åberg,"58' 4""",174.917,3,E
28,Cam Davis,"63' 1""",252.333,4,+4
29,Kevin Yu,"66' 2""",132.250,2,E
30,Byeong Hun An,"66' 3""",66.250,1,-1
31,Tom Hoge,"68' 0""",68.000,1,-1
32,Matt Fitzpatrick,"68' 2""",68.167,1,E
33,Chris Kirk,"68' 3""",204.750,3,+2
34,Adam Scott,"68' 7""",68.583,1,+1
35,Jason Day,"69' 3""",69.250,1,-1
36,Tony Finau,"69' 5""",138.833,2,-1
37,Billy Horschel,"80' 4""",80.333,1,+1
38,Aaron Rai,"82' 0""",82.000,1,E
39,Nick Taylor,"85' 6""",85.500,1,+1
40,Christiaan Bezuidenhout,"87' 4""",87.333,1,-1
41,Denny McCarthy,"118' 7""",118.583,1,E
