rank,player,Total
1,Danny Lee,2
1,Jordan Spieth,2
3,Jason Day,1
3,Rickie Fowler,1
3,Padraig Harrington,1
3,Zach Johnson,1
3,Kevin Kisner,1
3,Brooks Koepka,1
3,David Lingmerth,1
3,Troy Merritt,1
3,Patrick Reed,1
3,Justin Thomas,1
13,Steven Bowditch,0
13,Alex Cejka,0
13,Matt Every,0
13,Fabián Gómez,0
13,Emiliano Grillo,0
13,Bill Haas,0
13,James Hahn,0
13,J.J. Henry,0
13,J.B. Holmes,0
13,Dustin Johnson,0
13,Smylie Kaufman,0
13,Chris Kirk,0
13,Russell Knox,0
13,Davis Love III,0
13,Peter Malnati,0
13,Graeme McDowell,0
13,Scott Piercy,0
13,Brandt Snedeker,0
13,Jimmy Walker,0
13,Bubba Watson,0
