rank,player,%
1,Patrick Reed,100.00
2,Brooks Koepka,60.00
3,Padraig Harrington,50.00
3,Jordan Spieth,50.00
5,Jason Day,42.86
6,Alex Cejka,40.00
6,Russell Knox,40.00
8,Steven Bowditch,37.50
8,Emiliano Grillo,37.50
8,Smylie Kaufman,37.50
8,Kevin Kisner,37.50
8,Danny Lee,37.50
8,Jimmy Walker,37.50
14,Matt Every,33.33
14,David Lingmerth,33.33
14,Troy Merritt,33.33
14,Scott Piercy,33.33
14,Brandt Snedeker,33.33
19,Justin Thomas,30.00
20,Dustin Johnson,28.57
20,Davis Love III,28.57
22,Rickie Fowler,25.00
22,J.B. Holmes,25.00
24,Bill Haas,20.00
25,Zach Johnson,18.18
26,Chris Kirk,16.67
26,Peter Malnati,16.67
28,Bubba Watson,12.50
29,J.J. Henry,10.00
30,James Hahn,8.33
31,Fabián Gómez,.00
31,Graeme McDowell,.00
