rank,player,Avg,Total Strokes,Total Adjustment,Total Rounds
1,Vijay Singh,69.610,278,.441,4
2,Adam Scott,70.110,280,.441,4
3,Trevor Immelman,70.860,283,.441,4
4,J.B. Holmes,71.110,284,.441,4
4,Davis Love III,71.110,284,.441,4
4,Will MacKenzie,71.110,284,.441,4
7,Luke Donald,71.360,285,.441,4
8,K.J. Choi,71.610,286,.441,4
8,J.J. Henry,71.610,286,.441,4
8,David Toms,71.610,286,.441,4
11,Stephen Ames,71.860,287,.441,4
11,Troy Matteson,71.860,287,.441,4
13,Stuart Appleby,72.110,288,.441,4
13,Chris Couch,72.110,288,.441,4
13,Rory Sabbatini,72.110,288,.441,4
16,Joe Durant,72.360,289,.441,4
16,Kirk Triplett,72.360,289,.441,4
18,Jim Furyk,73.110,292,.441,4
19,Tim Herron,73.360,293,.441,4
19,Geoff Ogilvy,73.360,293,.441,4
19,John Senden,73.360,293,.441,4
22,Rod Pampling,73.610,294,.441,4
22,Carl Pettersson,73.610,294,.441,4
22,Brett Wetterich,73.610,294,.441,4
25,John Rollins,73.860,295,.441,4
26,Eric Axley,74.110,296,.441,4
27,Aaron Baddeley,74.360,297,.441,4
28,Corey Pavin,75.360,301,.441,4
29,Dean Wilson,75.610,302,.441,4
30,Jeff Maggert,75.860,303,.441,4
31,Chad Campbell,76.360,305,.441,4
32,D.J. Trahan,76.610,306,.441,4
33,Ben Curtis,78.110,312,.441,4
