rank,player,Avg,# of Birdies,Total Rounds
1,Adam Scott,5.25,21,4
2,J.B. Holmes,5.00,20,4
3,Trevor Immelman,4.75,19,4
3,Davis Love III,4.75,19,4
5,Rory Sabbatini,4.50,18,4
5,David Toms,4.50,18,4
7,K.J. Choi,4.25,17,4
7,Will MacKenzie,4.25,17,4
7,Vijay Singh,4.25,17,4
10,Luke Donald,4.00,16,4
11,Stephen Ames,3.75,15,4
11,Stuart Appleby,3.75,15,4
11,J.J. Henry,3.75,15,4
11,Troy Matteson,3.75,15,4
11,Geoff Ogilvy,3.75,15,4
16,Joe Durant,3.50,14,4
16,Kirk Triplett,3.50,14,4
18,Aaron Baddeley,3.25,13,4
18,Chris Couch,3.25,13,4
18,Rod Pampling,3.25,13,4
21,Eric Axley,3.00,12,4
21,Carl Pettersson,3.00,12,4
21,Brett Wetterich,3.00,12,4
24,Jim Furyk,2.75,11,4
24,Tim Herron,2.75,11,4
26,Corey Pavin,2.50,10,4
26,John Rollins,2.50,10,4
26,John Senden,2.50,10,4
29,Jeff Maggert,2.25,9,4
29,D.J. Trahan,2.25,9,4
29,Dean Wilson,2.25,9,4
32,Chad Campbell,2.00,8,4
33,Ben Curtis,1.25,5,4
