rank,player,Average Bogeys per round,Total Bogeys,Rounds Played
1,Vijay Singh,1.75,7,4
2,Stuart Appleby,2.00,8,4
2,Justin Leonard,2.00,8,4
4,Jim Furyk,2.25,9,4
5,Michael Campbell,2.75,11,4
5,Peter Lonard,2.75,11,4
5,Vaughn Taylor,2.75,11,4
8,K.J. Choi,3.00,12,4
8,Sergio Garcia,3.00,12,4
8,Lucas Glover,3.00,12,4
11,Robert Gamez,3.25,13,4
12,Bart Bryant,3.50,14,4
13,Mark Calcavecchia,3.75,15,4
14,Geoff Ogilvy,4.00,16,4
14,Tim Petrovic,4.00,16,4
14,"Wes Short, Jr.",4.00,16,4
14,David Toms,4.00,16,4
18,Jason Bohn,4.25,17,4
18,Brad Faxon,4.25,17,4
18,Jason Gore,4.25,17,4
21,Ben Crane,4.50,18,4
21,Fred Funk,4.50,18,4
21,Sean O'Hair,4.50,18,4
24,Olin Browne,4.75,19,4
24,Kenny Perry,4.75,19,4
26,Carl Pettersson,5.50,22,4
26,Ted Purdy,5.50,22,4
28,Heath Slocum,6.00,24,4
