rank,player,Birdie to Bogey Ratio,Total Birdies and Better,Total Bogeys and Worse
1,Vijay Singh,2.00,18,9
2,Stuart Appleby,1.88,15,8
3,Jim Furyk,1.44,13,9
4,Michael Campbell,1.25,15,12
5,Lucas Glover,1.20,18,15
6,Vaughn Taylor,1.18,13,11
7,Sergio Garcia,1.00,13,13
8,Justin Leonard,.89,8,9
9,Bart Bryant,.79,11,14
10,Geoff Ogilvy,.78,14,18
11,Tim Petrovic,.76,13,17
12,Peter Lonard,.75,9,12
13,David Toms,.71,12,17
14,Mark Calcavecchia,.69,11,16
14,K.J. Choi,.69,11,16
14,Robert Gamez,.69,11,16
14,"Wes Short, Jr.",.69,11,16
18,Jason Bohn,.67,12,18
19,Olin Browne,.60,12,20
20,Kenny Perry,.55,11,20
21,Ted Purdy,.50,12,24
22,Carl Pettersson,.46,11,24
23,Brad Faxon,.45,10,22
24,Sean O'Hair,.38,10,26
25,Ben Crane,.36,8,22
25,Heath Slocum,.36,9,25
27,Jason Gore,.29,7,24
28,Fred Funk,.15,3,20
