rank,player,% Makes Bogey,Bogeys,Holes Played
1,Stuart Appleby,11.11,8,72
2,Jim Furyk,12.50,9,72
2,Justin Leonard,12.50,9,72
2,Vijay Singh,12.50,9,72
5,Vaughn Taylor,15.28,11,72
6,Michael Campbell,16.67,12,72
6,Peter Lonard,16.67,12,72
8,Sergio Garcia,18.06,13,72
9,Bart Bryant,19.44,14,72
10,Lucas Glover,20.83,15,72
11,Mark Calcavecchia,22.22,16,72
11,K.J. Choi,22.22,16,72
11,Robert Gamez,22.22,16,72
11,"Wes Short, Jr.",22.22,16,72
15,Tim Petrovic,23.61,17,72
15,David Toms,23.61,17,72
17,Jason Bohn,25.00,18,72
17,Geoff Ogilvy,25.00,18,72
19,Olin Browne,27.78,20,72
19,Fred Funk,27.78,20,72
19,Kenny Perry,27.78,20,72
22,Ben Crane,30.56,22,72
22,Brad Faxon,30.56,22,72
24,Jason Gore,33.33,24,72
24,Carl Pettersson,33.33,24,72
24,Ted Purdy,33.33,24,72
27,Heath Slocum,34.72,25,72
28,Sean O'Hair,36.11,26,72
