rank,player,% under then over par,Total under then over Par,Under Par
1,Ben Crane,.00,0,7
1,Brad Faxon,.00,0,9
1,Sergio Garcia,.00,0,11
1,Justin Leonard,.00,0,6
5,Lucas Glover,6.67,1,15
5,Vijay Singh,6.67,1,15
7,Stuart Appleby,7.69,1,13
7,Michael Campbell,7.69,1,13
9,Geoff Ogilvy,8.33,1,12
10,Olin Browne,9.09,1,11
10,Jim Furyk,9.09,1,11
10,Ted Purdy,9.09,1,11
10,"Wes Short, Jr.",9.09,1,11
14,K.J. Choi,10.00,1,10
15,Peter Lonard,12.50,1,8
16,Tim Petrovic,15.38,2,13
17,Jason Bohn,18.18,2,11
18,Robert Gamez,22.22,2,9
19,Bart Bryant,27.27,3,11
19,Carl Pettersson,27.27,3,11
19,Vaughn Taylor,27.27,3,11
22,Sean O'Hair,30.00,3,10
22,David Toms,30.00,3,10
24,Mark Calcavecchia,33.33,3,9
24,Jason Gore,33.33,2,6
26,Fred Funk,50.00,1,2
27,Heath Slocum,55.56,5,9
28,Kenny Perry,63.64,7,11
