rank,player,Avg,Total Distance (feet),# of Attempts,Relative to par
1,Dustin Johnson,"6' 2""",6.167,1,E
2,D.J. Trahan,"8' 2""",16.333,2,-1
3,Ryan Palmer,"8' 3""",16.500,2,-1
4,Davis Love III,"8' 4""",33.250,4,-1
5,Marc Turnesa,"8' 11""",44.750,5,+1
6,Will MacKenzie,"10' 8""",10.667,1,E
6,Chez Reavie,"10' 8""",85.083,8,E
8,Zach Johnson,"10' 11""",32.750,3,-1
8,Justin Leonard,"10' 11""",65.583,6,-2
10,Daniel Chopra,"11' 2""",89.583,8,-2
11,Brian Gay,"11' 5""",57.000,5,-2
12,Trevor Immelman,"11' 11""",59.750,5,-2
13,Carl Pettersson,"13' 10""",82.833,6,E
14,K.J. Choi,"14' 2""",42.500,3,-1
15,Parker McLachlin,"16' 4""",48.917,3,-2
16,Greg Kraft,"16' 5""",65.583,4,-1
17,Stewart Cink,"16' 7""",66.167,4,-1
18,Cameron Beckman,"16' 9""",83.750,5,-1
19,Steve Lowery,"17' 4""",86.500,5,-2
20,Sean O'Hair,"18' 0""",89.917,5,E
21,Kenny Perry,"18' 9""",37.500,2,-1
22,Adam Scott,"19' 8""",59.000,3,E
23,Ryuji Imada,"19' 10""",99.000,5,E
24,Anthony Kim,"23' 2""",46.250,2,E
25,Camilo Villegas,"24' 2""",72.417,3,E
26,Richard Johnson,"24' 4""",121.500,5,E
27,Andres Romero,"24' 10""",99.250,4,-1
28,J.B. Holmes,"25' 11""",181.583,7,+3
29,Boo Weekley,"26' 2""",130.833,5,E
30,Geoff Ogilvy,"27' 6""",82.583,3,+1
31,Vijay Singh,"32' 10""",164.083,5,-2
32,Ernie Els,"39' 8""",119.083,3,E
