rank,player,Avg,Total Distance (feet),# of Attempts,Relative to par
1,Dustin Johnson,"15' 5""",46.250,3,E
2,Geoff Ogilvy,"16' 0""",96.000,6,-2
3,Davis Love III,"16' 2""",48.583,3,-1
4,Richard Johnson,"16' 3""",178.417,11,-3
5,Daniel Chopra,"17' 11""",71.583,4,+1
6,Camilo Villegas,"18' 1""",108.417,6,-3
7,Parker McLachlin,"21' 10""",109.250,5,E
8,Ryuji Imada,"22' 11""",137.417,6,E
9,Marc Turnesa,"23' 0""",160.833,7,-3
10,Ernie Els,"23' 1""",138.667,6,-1
11,K.J. Choi,"24' 7""",98.167,4,+1
12,Trevor Immelman,"24' 10""",173.917,7,-2
13,Steve Lowery,"25' 10""",129.000,5,-1
14,Greg Kraft,"26' 3""",131.167,5,-2
15,Justin Leonard,"26' 6""",106.000,4,-1
16,Boo Weekley,"26' 8""",133.417,5,-3
17,Cameron Beckman,"28' 10""",86.500,3,E
18,Adam Scott,"29' 3""",146.083,5,E
19,Kenny Perry,"29' 9""",148.667,5,+2
20,Will MacKenzie,"29' 10""",119.250,4,-1
21,Chez Reavie,"29' 11""",179.500,6,+1
22,Brian Gay,"30' 1""",361.083,12,E
23,Anthony Kim,"31' 10""",95.583,3,E
24,Ryan Palmer,"33' 2""",99.500,3,+2
25,Carl Pettersson,"33' 5""",167.000,5,E
26,Vijay Singh,"34' 2""",136.500,4,-2
27,Johnson Wagner,"35' 8""",106.917,3,-1
28,Zach Johnson,"36' 3""",217.417,6,E
29,Sean O'Hair,"38' 7""",77.083,2,E
30,D.J. Trahan,"45' 0""",270.083,6,+1
31,Stewart Cink,"50' 1""",150.333,3,-1
32,Andres Romero,"60' 5""",181.167,3,+2
33,J.B. Holmes,"62' 7""",250.333,4,+1
