rank,player,Avg,Total Distance (feet),# of Attempts,GIR Rank
1,Chez Reavie,"32' 1""","2,307.083",72,Under
2,Justin Leonard,"32' 5""","2,336.583",72,Under
3,Brian Gay,"34' 1""","2,451.417",72,Under
4,Sean O'Hair,"35' 6""","2,555.000",72,Under
5,Boo Weekley,"36' 1""","2,597.083",72,Under
6,Daniel Chopra,"36' 3""","2,576.083",71,Under
7,D.J. Trahan,"36' 6""","2,592.167",71,Under
8,Ryan Palmer,"37' 8""","2,634.417",70,Under
9,Cameron Beckman,"38' 4""","2,719.667",71,Under
10,Dustin Johnson,"38' 10""","2,755.750",71,Under
11,Zach Johnson,"38' 11""","2,761.083",71,Under
11,Geoff Ogilvy,"38' 11""","2,802.833",72,Under
13,Kenny Perry,"39' 0""","2,810.083",72,Under
14,Richard Johnson,"39' 8""","2,856.583",72,Under
15,K.J. Choi,"40' 1""","2,847.750",71,Under
16,Vijay Singh,"40' 3""","2,897.667",72,Under
17,Camilo Villegas,"40' 5""","2,912.000",72,Under
18,Greg Kraft,"40' 10""","2,942.500",72,Under
19,Davis Love III,"41' 5""","2,980.750",72,Under
20,Parker McLachlin,"41' 9""","2,882.250",69,Under
21,Johnson Wagner,"42' 3""","3,044.000",72,Under
22,Ernie Els,"42' 7""","3,063.917",72,Under
23,Will MacKenzie,"42' 8""","3,031.667",71,Under
24,Trevor Immelman,"43' 1""","3,102.417",72,Under
24,Marc Turnesa,"43' 1""","3,103.000",72,Over
26,Ryuji Imada,"43' 7""","3,091.667",71,Under
26,Anthony Kim,"43' 7""","3,137.917",72,Under
28,J.B. Holmes,"43' 11""","3,028.750",69,Under
29,Steve Lowery,"44' 7""","3,167.167",71,Under
30,Stewart Cink,"44' 8""","3,171.667",71,Under
31,Carl Pettersson,"44' 10""","3,183.333",71,Under
32,Andres Romero,"46' 4""","3,292.250",71,Over
33,Adam Scott,"48' 5""","3,488.333",72,Under
