rank,player,Avg,Total Distance (feet),# of Attempts,Relative to par
1,Richard Johnson,"31' 10""",31.833,1,E
2,Vijay Singh,"46' 1""",184.333,4,-4
3,J.B. Holmes,"51' 1""",51.083,1,-1
4,D.J. Trahan,"53' 2""",159.417,3,-3
5,Adam Scott,"53' 6""",107.000,2,-3
6,Johnson Wagner,"54' 5""",272.250,5,-4
7,Ernie Els,"56' 10""",170.583,3,E
8,Greg Kraft,"67' 3""",269.083,4,+1
9,Geoff Ogilvy,"68' 0""",68.000,1,-1
10,Dustin Johnson,"68' 1""",68.083,1,-1
11,Brian Gay,"76' 0""",303.833,4,E
12,Sean O'Hair,"78' 2""",234.417,3,-3
13,Zach Johnson,"78' 5""",156.750,2,-2
14,Anthony Kim,"78' 10""",473.000,6,-4
15,Boo Weekley,"80' 9""",161.417,2,+2
16,Ryan Palmer,"82' 1""",164.167,2,E
17,Camilo Villegas,"82' 11""",165.750,2,-1
18,Chez Reavie,"83' 7""",334.167,4,+1
19,Andres Romero,"85' 2""",340.500,4,-4
20,Will MacKenzie,"89' 6""",268.583,3,+1
21,Trevor Immelman,"90' 6""",271.500,3,-1
22,Davis Love III,"90' 8""",544.083,6,-3
23,Parker McLachlin,"92' 1""",368.333,4,-2
24,Cameron Beckman,"92' 5""",369.750,4,-2
25,Daniel Chopra,"97' 6""",195.000,2,-2
26,Stewart Cink,"98' 2""",294.417,3,-1
27,K.J. Choi,"101' 9""",101.750,1,E
28,Justin Leonard,"101' 10""",203.667,2,-1
29,Ryuji Imada,"108' 3""",324.833,3,+1
30,Steve Lowery,"108' 9""",543.583,5,-3
31,Kenny Perry,"111' 7""",446.250,4,-1
32,Carl Pettersson,"112' 4""",112.333,1,-1
