rank,player,Avg,Total Distance (feet),# of Attempts,Relative to par
1,Ryan Palmer,"19' 4""",19.333,1,-1
2,Andres Romero,"22' 8""",22.667,1,-1
3,Boo Weekley,"41' 2""",82.333,2,-2
4,Justin Leonard,"70' 6""",70.500,1,E
5,Adam Scott,"73' 3""",73.250,1,-1
6,Trevor Immelman,"84' 1""",336.250,4,-3
7,Steve Lowery,"94' 1""",94.083,1,-1
8,Parker McLachlin,"96' 4""",288.917,3,-3
9,Vijay Singh,"97' 8""",195.333,2,-2
10,Johnson Wagner,"98' 7""",197.083,2,-1
11,Zach Johnson,"103' 10""",207.667,2,-1
12,Daniel Chopra,"106' 3""",318.750,3,-3
13,J.B. Holmes,"106' 9""",213.417,2,+1
14,Brian Gay,"114' 8""",114.667,1,E
15,Ryuji Imada,"120' 3""",360.750,3,-3
16,Dustin Johnson,"121' 4""",363.917,3,-1
17,D.J. Trahan,"125' 0""",250.000,2,-2
18,K.J. Choi,"128' 9""",257.417,2,-1
19,Davis Love III,"140' 1""",140.083,1,-1
20,Carl Pettersson,"142' 0""",425.917,3,-1
21,Ernie Els,"148' 6""",148.500,1,E
22,Camilo Villegas,"149' 9""",149.750,1,-1
23,Stewart Cink,"151' 5""",302.750,2,E
24,Chez Reavie,"154' 9""",309.417,2,E
25,Kenny Perry,"155' 6""",310.917,2,-1
26,Greg Kraft,"159' 9""",319.417,2,E
27,Richard Johnson,"164' 3""",328.417,2,-1
28,Will MacKenzie,"187' 2""",187.167,1,E
29,Cameron Beckman,"201' 6""",201.500,1,E
