rank,player,Avg,Total Distance (feet),# of Attempts,Relative to par
1,Daniel Chopra,"9' 5""",28.333,3,-1
1,Ryuji Imada,"9' 5""",56.500,6,-4
3,Ryan Palmer,"13' 11""",83.333,6,-3
4,D.J. Trahan,"14' 3""",156.917,11,-3
5,Sean O'Hair,"14' 6""",87.083,6,-1
6,Brian Gay,"15' 7""",140.000,9,-2
7,Geoff Ogilvy,"16' 3""",162.083,10,-5
8,Vijay Singh,"16' 6""",65.917,4,-1
9,Boo Weekley,"18' 2""",145.583,8,-1
10,Zach Johnson,"18' 4""",146.500,8,-3
11,Johnson Wagner,"18' 7""",111.333,6,-2
12,Greg Kraft,"19' 1""",133.667,7,E
13,Marc Turnesa,"19' 2""",210.917,11,-2
14,Parker McLachlin,"19' 6""",136.583,7,-2
15,Davis Love III,"20' 3""",161.917,8,E
16,Ernie Els,"20' 5""",122.333,6,-3
16,Anthony Kim,"20' 5""",183.750,9,-1
18,Kenny Perry,"20' 10""",62.417,3,-1
19,Justin Leonard,"21' 3""",148.917,7,E
20,Chez Reavie,"22' 6""",202.500,9,-1
21,Stewart Cink,"23' 0""",160.750,7,E
22,Will MacKenzie,"23' 3""",163.000,7,-1
23,Trevor Immelman,"23' 9""",47.500,2,-1
24,Richard Johnson,"24' 1""",144.583,6,E
25,J.B. Holmes,"24' 3""",72.750,3,E
26,Cameron Beckman,"25' 9""",128.667,5,-1
27,Dustin Johnson,"26' 10""",161.083,6,-2
28,Camilo Villegas,"27' 11""",111.500,4,-1
29,K.J. Choi,"32' 2""",386.000,12,-1
30,Steve Lowery,"32' 10""",295.833,9,+1
31,Carl Pettersson,"33' 6""",134.083,4,-1
32,Andres Romero,"33' 9""",168.750,5,+1
33,Adam Scott,"36' 0""",395.917,11,E
