rank,player,Avg,Total Distance (feet),# of Attempts,Relative to par
1,J.B. Holmes,"7' 1""",28.333,4,-3
2,Parker McLachlin,"8' 0""",24.083,3,-1
3,Ernie Els,"8' 11""",26.750,3,-1
4,Zach Johnson,"9' 3""",73.750,8,-2
5,Chez Reavie,"10' 9""",64.583,6,-3
6,Camilo Villegas,"11' 1""",66.250,6,-1
7,Johnson Wagner,"11' 7""",46.333,4,-1
8,Marc Turnesa,"12' 9""",38.333,3,-1
9,Stewart Cink,"13' 2""",105.333,8,-5
10,Andres Romero,"13' 3""",79.417,6,-1
11,Sean O'Hair,"14' 5""",86.333,6,-1
12,Davis Love III,"15' 6""",77.417,5,E
13,Justin Leonard,"15' 8""",156.750,10,-4
14,Boo Weekley,"17' 2""",51.500,3,E
15,Steve Lowery,"18' 11""",94.417,5,-3
16,K.J. Choi,"19' 0""",152.083,8,-1
17,Anthony Kim,"19' 4""",193.417,10,-2
18,Geoff Ogilvy,"19' 7""",117.417,6,-2
19,Brian Gay,"20' 0""",160.000,8,-1
20,Carl Pettersson,"20' 2""",100.917,5,-1
21,Dustin Johnson,"20' 9""",207.500,10,+4
22,Adam Scott,"21' 11""",43.750,2,-1
23,Vijay Singh,"22' 1""",154.500,7,E
24,Cameron Beckman,"22' 5""",224.000,10,-1
25,Ryuji Imada,"22' 10""",114.000,5,E
26,Kenny Perry,"23' 4""",256.833,11,-2
27,Ryan Palmer,"23' 8""",213.000,9,E
28,Will MacKenzie,"24' 2""",217.250,9,-3
29,Richard Johnson,"25' 3""",176.750,7,+1
30,Greg Kraft,"26' 0""",130.083,5,E
30,D.J. Trahan,"26' 0""",155.917,6,-1
32,Trevor Immelman,"27' 0""",161.917,6,+3
33,Daniel Chopra,"31' 8""",63.333,2,E
