rank,player,Avg,Total Apex Range,Total Attempts
1,Ángel Cabrera,198.6,"1,787.8",9
2,Charley Hoffman,195.5,"1,368.2",7
3,Nick Watney,191.9,"1,534.9",8
4,Woody Austin,191.7,"1,341.8",7
5,Boo Weekley,191.6,"1,533.2",8
6,Henrik Stenson,191.0,"1,527.9",8
7,Daniel Chopra,190.5,"1,333.2",7
8,Vijay Singh,186.7,"1,306.6",7
9,Jonathan Byrd,186.2,"1,490.0",8
10,Brian Bateman,186.0,"1,487.9",8
11,Aaron Baddeley,184.7,"1,293.2",7
12,Steve Stricker,182.5,"1,459.9",8
13,Charles Howell III,181.5,"1,270.5",7
14,George McNeill,180.4,"1,082.6",6
15,Chad Campbell,177.7,"1,421.8",8
16,Mark Calcavecchia,175.8,"1,406.6",8
17,Mark Wilson,174.5,"1,221.7",7
18,Mike Weir,173.6,"1,388.6",8
19,K.J. Choi,173.5,"1,387.6",8
20,Steve Flesch,172.1,"1,204.4",7
21,Justin Leonard,171.7,"1,030.4",6
22,Joe Ogilvie,170.8,"1,195.3",7
23,Jim Furyk,170.5,"1,023.1",6
24,Zach Johnson,170.2,"1,361.4",8
25,Rory Sabbatini,169.6,"1,357.1",8
26,Stephen Ames,167.4,"1,004.6",6
27,Hunter Mahan,166.4,"1,331.1",8
28,Brandt Snedeker,164.1,"1,312.7",8
29,Paul Goydos,161.7,970.0,6
30,Scott Verplank,160.8,"1,286.6",8
31,Fred Funk,156.2,"1,250.0",8
