rank,player,Avg,Total Actual Hang Time,Total Attempts
1,Charley Hoffman,6.8,47.8,7
2,Ángel Cabrera,6.7,60.5,9
3,Brian Bateman,6.6,52.7,8
4,Woody Austin,6.5,45.8,7
4,Steve Stricker,6.5,51.6,8
6,Jonathan Byrd,6.3,50.4,8
6,Vijay Singh,6.3,44.1,7
6,Boo Weekley,6.3,50.0,8
6,Mark Wilson,6.3,44.2,7
10,Daniel Chopra,6.2,43.4,7
10,Zach Johnson,6.2,49.8,8
10,Joe Ogilvie,6.2,43.4,7
13,Chad Campbell,6.1,48.7,8
13,Nick Watney,6.1,49.1,8
15,Aaron Baddeley,6.0,42.0,7
15,Jim Furyk,6.0,36.2,6
15,Hunter Mahan,6.0,47.9,8
15,Brandt Snedeker,6.0,47.7,8
19,K.J. Choi,5.9,47.0,8
19,Justin Leonard,5.9,35.5,6
21,Mark Calcavecchia,5.8,46.6,8
21,Paul Goydos,5.8,34.8,6
21,Henrik Stenson,5.8,46.3,8
21,Mike Weir,5.8,46.0,8
25,Steve Flesch,5.7,39.6,7
25,Scott Verplank,5.7,45.8,8
27,George McNeill,5.6,33.3,6
28,Stephen Ames,5.5,32.8,6
28,Fred Funk,5.5,44.0,8
30,Charles Howell III,5.4,37.9,7
30,Rory Sabbatini,5.4,43.5,8
