rank,player,Avg,Total Club Head Speed,Total Attempts
1,Nick Watney,121.67,973.40,8
2,Ángel Cabrera,121.13,"1,090.19",9
3,Charles Howell III,119.64,957.11,8
4,Daniel Chopra,119.20,953.59,8
5,Henrik Stenson,118.98,951.83,8
6,George McNeill,117.22,703.30,6
7,Boo Weekley,117.03,936.24,8
8,Charley Hoffman,116.71,816.99,7
9,Vijay Singh,116.68,816.74,7
10,Woody Austin,115.87,926.95,8
11,Aaron Baddeley,115.63,809.38,7
12,Rory Sabbatini,115.26,922.07,8
13,Brian Bateman,114.95,919.58,8
14,Jonathan Byrd,114.22,913.74,8
15,Stephen Ames,113.01,678.06,6
16,Mike Weir,112.81,902.48,8
17,Chad Campbell,112.67,"1,014.07",9
18,Steve Stricker,112.52,900.13,8
19,Mark Calcavecchia,112.42,899.35,8
20,K.J. Choi,111.58,892.66,8
21,Steve Flesch,111.08,888.68,8
22,Joe Ogilvie,110.27,771.89,7
23,Justin Leonard,109.62,767.33,7
24,Mark Wilson,109.30,765.13,7
25,Jim Furyk,109.02,763.13,7
26,Hunter Mahan,108.11,864.85,8
27,Zach Johnson,107.40,859.21,8
28,Brandt Snedeker,107.03,856.25,8
29,Scott Verplank,106.33,850.66,8
30,Fred Funk,104.35,834.84,8
31,Paul Goydos,103.27,722.91,7
