rank,player,Avg,Total Spin Speed,Total Attempts
1,Charley Hoffman,"3,092.2","18,553",6
2,Chad Campbell,"3,060.1","21,421",7
3,Jonathan Byrd,"3,033.7","21,236",7
4,Aaron Baddeley,"3,032.2","15,161",5
5,Henrik Stenson,"2,953.4","23,627",8
6,Jim Furyk,"2,941.7","17,650",6
7,Steve Stricker,"2,922.4","23,379",8
8,Zach Johnson,"2,905.4","14,527",5
9,Ángel Cabrera,"2,898.6","23,189",8
10,Woody Austin,"2,870.3","20,092",7
11,Boo Weekley,"2,864.4","20,051",7
12,Brian Bateman,"2,848.4","19,939",7
13,Nick Watney,"2,843.8","14,219",5
14,Daniel Chopra,"2,829.3","22,634",8
15,Steve Flesch,"2,821.8","16,931",6
16,K.J. Choi,"2,813.9","22,511",8
17,Paul Goydos,"2,780.3","16,682",6
18,Charles Howell III,"2,689.0","16,134",6
19,Mark Wilson,"2,686.7","18,807",7
20,Joe Ogilvie,"2,676.6","18,736",7
21,Mark Calcavecchia,"2,656.4","18,595",7
22,Justin Leonard,"2,578.3","15,470",6
23,Fred Funk,"2,476.9","19,815",8
24,Mike Weir,"2,476.6","19,813",8
25,Brandt Snedeker,"2,399.6","16,797",7
26,Vijay Singh,"2,348.7","14,092",6
27,George McNeill,"2,285.8","9,143",4
28,Hunter Mahan,"2,235.2","11,176",5
29,Scott Verplank,"2,209.4","17,675",8
30,Stephen Ames,"2,145.0","12,870",6
31,Rory Sabbatini,"2,025.5","8,102",4
