rank,player,Avg,Total Vert. Launch Angle,Total Attempts
1,Brandt Snedeker,13.00,103.99,8
2,Vijay Singh,12.62,88.32,7
3,Joe Ogilvie,12.42,86.96,7
4,Brian Bateman,12.40,99.19,8
5,Paul Goydos,12.34,86.40,7
6,Scott Verplank,12.23,97.84,8
7,Steve Stricker,12.00,96.00,8
8,Hunter Mahan,11.86,94.86,8
9,Mark Wilson,11.84,82.85,7
10,Charley Hoffman,11.79,82.53,7
11,Fred Funk,11.19,89.51,8
12,Ángel Cabrera,11.02,99.18,9
13,K.J. Choi,10.65,85.24,8
14,Justin Leonard,10.58,74.06,7
15,Jim Furyk,10.49,73.40,7
16,Chad Campbell,10.41,93.66,9
17,Rory Sabbatini,10.23,81.85,8
18,Mark Calcavecchia,10.21,81.71,8
19,Stephen Ames,10.00,60.02,6
20,Jonathan Byrd,9.98,79.84,8
21,Zach Johnson,9.90,79.22,8
22,Boo Weekley,9.84,78.72,8
23,Woody Austin,9.77,78.20,8
24,Steve Flesch,9.48,75.84,8
25,Mike Weir,9.46,75.69,8
26,Nick Watney,9.38,75.08,8
27,Henrik Stenson,9.32,74.54,8
28,George McNeill,9.13,54.77,6
29,Daniel Chopra,9.01,72.07,8
30,Aaron Baddeley,8.88,62.15,7
31,Charles Howell III,6.14,49.10,8
