rank,player,Avg,Total Dist. to Impact,Total Attempts
1,Ángel Cabrera,321.8,"2,896.2",9
2,Vijay Singh,313.4,"2,193.9",7
3,Brian Bateman,313.0,"1,877.8",6
4,Henrik Stenson,310.7,"2,175.1",7
5,Nick Watney,307.7,"2,461.7",8
6,Woody Austin,306.9,"2,148.5",7
7,Charley Hoffman,306.7,"2,146.8",7
8,Boo Weekley,306.5,"2,145.7",7
9,Daniel Chopra,304.8,"2,133.8",7
10,George McNeill,301.9,"1,811.4",6
11,Jonathan Byrd,299.1,"2,393.0",8
12,Steve Stricker,298.1,"2,384.6",8
13,Charles Howell III,294.6,"1,767.8",6
14,Mark Calcavecchia,293.1,"2,051.9",7
15,Mark Wilson,291.8,"2,042.6",7
16,Aaron Baddeley,291.3,"1,748.1",6
17,Chad Campbell,289.5,"2,315.6",8
18,Joe Ogilvie,289.2,"2,024.2",7
19,Mike Weir,289.0,"1,734.0",6
20,Steve Flesch,287.6,862.7,3
21,K.J. Choi,287.3,"2,298.1",8
22,Justin Leonard,285.7,"1,714.3",6
23,Rory Sabbatini,284.9,"1,994.4",7
24,Stephen Ames,283.5,"1,417.4",5
25,Hunter Mahan,280.9,"2,247.6",8
26,Scott Verplank,279.7,"1,958.1",7
27,Brandt Snedeker,278.8,"2,230.3",8
28,Jim Furyk,278.6,"1,393.2",5
29,Zach Johnson,275.3,"1,927.0",7
30,Paul Goydos,269.8,"1,618.7",6
31,Fred Funk,265.0,"2,120.3",8
