rank,player,Combined Rank,Carry Efficiency Rank,Total Dist. Effic. Rank
1,Brian Bateman,4,1,3
2,Scott Verplank,9,7,2
3,Mark Wilson,13,3,10
4,Vijay Singh,15,2,13
5,Jonathan Byrd,17,11,6
6,Paul Goydos,20,13,7
6,Boo Weekley,20,9,11
8,Steve Flesch,23,22,1
8,Justin Leonard,23,16,7
8,Steve Stricker,23,5,18
11,Ángel Cabrera,24,4,20
12,Jim Furyk,26,21,5
13,Mark Calcavecchia,28,14,14
13,Joe Ogilvie,28,9,19
13,Mike Weir,28,24,4
16,Brandt Snedeker,30,15,15
17,Woody Austin,31,6,25
17,K.J. Choi,31,19,12
19,Charley Hoffman,33,8,25
19,Hunter Mahan,33,17,16
21,Henrik Stenson,34,11,23
22,Zach Johnson,39,22,17
23,Charles Howell III,40,31,9
24,George McNeill,41,18,23
25,Chad Campbell,47,20,27
26,Stephen Ames,50,29,21
26,Aaron Baddeley,50,28,22
28,Daniel Chopra,52,24,28
29,Fred Funk,57,26,31
29,Nick Watney,57,27,30
31,Rory Sabbatini,59,30,29
