rank,player,Avg,# of Putts,# of Holes
1,Stuart Appleby,1.528,110,72
2,Kirk Triplett,1.569,113,72
3,Darren Clarke,1.625,117,72
3,Retief Goosen,1.625,117,72
5,Vijay Singh,1.639,118,72
6,Davis Love III,1.653,119,72
7,Adam Scott,1.681,121,72
8,J.L. Lewis,1.694,122,72
8,Craig Stadler,1.694,122,72
8,Mike Weir,1.694,122,72
11,Tommy Armour III,1.708,123,72
11,Ben Crane,1.708,123,72
11,Tiger Woods,1.708,123,72
14,Ernie Els,1.722,124,72
14,Scott Hoch,1.722,124,72
16,Peter Jacobsen,1.736,125,72
16,Jonathan Kaye,1.736,125,72
18,Steve Flesch,1.750,126,72
18,Frank Lickliter II,1.750,126,72
20,Jim Furyk,1.764,127,72
20,John Huston,1.764,127,72
20,Shigeki Maruyama,1.764,127,72
20,Bob Tway,1.764,127,72
24,Justin Leonard,1.778,128,72
25,Kenny Perry,1.792,129,72
26,Chad Campbell,1.806,130,72
27,Fred Couples,1.819,131,72
27,Ben Curtis,1.819,131,72
27,Shaun Micheel,1.819,131,72
30,Rory Sabbatini,1.833,132,72
