rank,player,Total
1,Ben Crane,14.0
2,Stuart Appleby,15.3
3,Tommy Armour III,18.8
4,Jim Furyk,19.9
5,Retief Goosen,20.8
6,Scott Hoch,21.7
7,Kirk Triplett,24.3
8,Darren Clarke,24.5
9,Frank Lickliter II,24.8
10,Davis Love III,25.1
11,Craig Stadler,29.2
12,Shigeki Maruyama,29.3
13,Tiger Woods,31.1
14,Peter Jacobsen,31.8
15,Adam Scott,32.0
16,Steve Flesch,32.2
17,J.L. Lewis,33.5
18,Jonathan Kaye,33.8
19,Bob Tway,34.0
20,Vijay Singh,37.1
21,Ernie Els,37.3
22,Chad Campbell,38.6
22,Mike Weir,38.6
24,Ben Curtis,40.1
25,Kenny Perry,41.8
26,John Huston,42.7
27,Shaun Micheel,45.4
28,Rory Sabbatini,45.6
29,Fred Couples,47.3
30,Justin Leonard,47.9
