rank,player,%,# Birdies,Greens Hit
1,Stuart Appleby,52.73,29,55
2,Kirk Triplett,43.86,25,57
3,Tiger Woods,41.67,25,60
4,Vijay Singh,40.98,25,61
5,Adam Scott,37.93,22,58
6,Ernie Els,37.50,21,56
7,John Huston,36.36,20,55
7,Davis Love III,36.36,20,55
9,Darren Clarke,36.21,21,58
10,Mike Weir,35.19,19,54
11,Retief Goosen,33.33,19,57
12,Scott Hoch,30.16,19,63
12,Shaun Micheel,30.16,19,63
14,Jonathan Kaye,30.00,18,60
14,Craig Stadler,30.00,15,50
16,Shigeki Maruyama,28.57,16,56
17,Ben Crane,28.33,17,60
18,Tommy Armour III,27.45,14,51
19,Peter Jacobsen,27.27,15,55
20,Frank Lickliter II,26.92,14,52
21,Steve Flesch,26.32,15,57
22,Fred Couples,25.42,15,59
23,Justin Leonard,24.14,14,58
24,Kenny Perry,23.33,14,60
25,Jim Furyk,23.08,15,65
26,Ben Curtis,21.43,12,56
27,Rory Sabbatini,20.69,12,58
28,J.L. Lewis,20.37,11,54
29,Chad Campbell,18.64,11,59
30,Bob Tway,17.86,10,56
