rank,player,Value,Attempts(<= 5'),Tot Made (>=20'),Tot Made (<= 5')
1,Frank Lickliter II,106.00,50,5,48
2,Jonathan Kaye,103.70,54,4,52
3,Ben Crane,102.08,48,2,47
4,Retief Goosen,102.00,50,2,49
4,Vijay Singh,102.00,50,3,48
6,Adam Scott,101.79,56,2,55
7,Chad Campbell,100.00,61,1,60
7,Ernie Els,100.00,59,2,57
7,Jim Furyk,100.00,57,1,56
7,Scott Hoch,100.00,53,1,52
7,Mike Weir,100.00,55,2,53
12,Davis Love III,98.25,57,1,55
13,Darren Clarke,98.21,56,2,53
14,Stuart Appleby,97.92,48,3,44
15,J.L. Lewis,96.67,60,0,58
16,Kenny Perry,96.55,58,2,54
17,Kirk Triplett,96.30,54,1,51
18,Shigeki Maruyama,96.23,53,2,49
19,Tommy Armour III,95.74,47,0,45
20,Shaun Micheel,95.16,62,3,56
21,Steve Flesch,95.08,61,1,57
21,Tiger Woods,95.08,61,3,55
23,Justin Leonard,94.92,59,0,56
24,Bob Tway,93.85,65,0,61
25,Fred Couples,93.75,64,2,58
26,John Huston,93.22,59,3,52
26,Peter Jacobsen,93.22,59,2,53
28,Craig Stadler,92.73,55,2,49
29,Rory Sabbatini,90.63,64,1,57
30,Ben Curtis,89.83,59,0,53
