rank,player,%,Total Drives for 300-320,Total Drvs - overall,Relative to par
1,J.B. Holmes,62.50,5,8,+4.80
2,Anthony Kim,37.50,3,8,+2.67
2,Boo Weekley,37.50,3,8,+3.33
4,Trevor Immelman,25.00,2,8,+0.50
4,Dustin Johnson,25.00,2,8,+2.50
4,Davis Love III,25.00,2,8,+3.00
4,Kenny Perry,25.00,2,8,+3.50
4,Camilo Villegas,25.00,2,8,+2.50
9,Cameron Beckman,12.50,1,8,+3.00
9,K.J. Choi,12.50,1,8,+1.00
9,Daniel Chopra,12.50,1,8,+2.00
9,Stewart Cink,12.50,1,8,+2.00
9,Ernie Els,12.50,1,8,+2.00
9,Greg Kraft,12.50,1,8,+2.00
9,Will MacKenzie,12.50,1,8,+2.00
9,Sean O'Hair,12.50,1,8,+1.00
9,Geoff Ogilvy,12.50,1,8,+2.00
9,Ryan Palmer,12.50,1,8,+1.00
9,Carl Pettersson,12.50,1,8,+3.00
9,Andres Romero,12.50,1,8,+1.00
9,Vijay Singh,12.50,1,8,-4.00
9,D.J. Trahan,12.50,1,8,+3.00
9,Johnson Wagner,12.50,1,8,+3.00
24,Brian Gay,.00,0,8,E
24,Ryuji Imada,.00,0,8,E
24,Richard Johnson,.00,0,8,E
24,Zach Johnson,.00,0,8,E
24,Justin Leonard,.00,0,8,E
24,Steve Lowery,.00,0,8,E
24,Parker McLachlin,.00,0,8,E
24,Chez Reavie,.00,0,8,E
24,Adam Scott,.00,0,8,E
24,Marc Turnesa,.00,0,8,E
