rank,player,Distance,Tournament,Round,Hole,Course
1,Dustin Johnson,430,Mercedes-Benz,2,12,656
2,Geoff Ogilvy,415,Mercedes-Benz,2,17,656
3,Ernie Els,414,Mercedes-Benz,2,12,656
4,Camilo Villegas,413,Mercedes-Benz,2,12,656
5,Daniel Chopra,412,Mercedes-Benz,2,17,656
5,Sean O'Hair,412,Mercedes-Benz,1,17,656
7,J.B. Holmes,409,Mercedes-Benz,1,12,656
9,Davis Love III,408,Mercedes-Benz,1,18,656
9,Andres Romero,408,Mercedes-Benz,2,12,656
11,Adam Scott,407,Mercedes-Benz,1,12,656
15,Johnson Wagner,404,Mercedes-Benz,2,7,656
17,Anthony Kim,402,Mercedes-Benz,2,12,656
20,Ryuji Imada,401,Mercedes-Benz,2,18,656
21,Stewart Cink,400,Mercedes-Benz,1,12,656
21,D.J. Trahan,400,Mercedes-Benz,1,12,656
25,Parker McLachlin,399,Mercedes-Benz,2,17,656
26,Kenny Perry,398,Mercedes-Benz,2,18,656
44,K.J. Choi,391,Mercedes-Benz,3,6,656
46,Carl Pettersson,390,Mercedes-Benz,4,17,656
48,Vijay Singh,389,Mercedes-Benz,1,18,656
57,Will MacKenzie,387,Mercedes-Benz,2,18,656
57,Boo Weekley,387,Mercedes-Benz,1,12,656
73,Cameron Beckman,384,Mercedes-Benz,2,18,656
73,Trevor Immelman,384,Mercedes-Benz,1,17,656
73,Steve Lowery,384,Mercedes-Benz,1,18,656
83,Justin Leonard,382,Mercedes-Benz,1,18,656
83,Ryan Palmer,382,Mercedes-Benz,2,18,656
102,Zach Johnson,379,Mercedes-Benz,1,18,656
110,Marc Turnesa,377,Mercedes-Benz,1,12,656
146,Greg Kraft,371,Mercedes-Benz,2,12,656
146,Chez Reavie,371,Mercedes-Benz,1,12,656
179,Richard Johnson,366,Mercedes-Benz,3,17,656
202,Brian Gay,362,Mercedes-Benz,1,12,656
