rank,player,Avg,Total Distance,Total Drives
1,J.B. Holmes,297.4,"2,379",8
2,Ernie Els,296.6,"2,373",8
3,Boo Weekley,293.5,"2,348",8
4,Dustin Johnson,292.1,"2,337",8
5,Carl Pettersson,289.6,"2,317",8
6,Davis Love III,287.1,"2,297",8
7,Daniel Chopra,286.9,"2,295",8
8,Stewart Cink,285.4,"2,283",8
9,Anthony Kim,284.0,"2,272",8
10,Andres Romero,283.6,"2,269",8
11,Kenny Perry,283.4,"2,267",8
12,Cameron Beckman,282.8,"2,262",8
13,Camilo Villegas,281.3,"2,250",8
14,Will MacKenzie,279.1,"2,233",8
15,K.J. Choi,278.6,"2,229",8
15,D.J. Trahan,278.6,"2,229",8
17,Vijay Singh,278.5,"2,228",8
18,Ryan Palmer,278.3,"2,226",8
19,Trevor Immelman,278.0,"2,224",8
20,Sean O'Hair,276.5,"2,212",8
21,Geoff Ogilvy,275.9,"2,207",8
22,Steve Lowery,275.4,"2,203",8
23,Adam Scott,273.4,"2,187",8
24,Justin Leonard,272.0,"2,176",8
25,Zach Johnson,271.8,"2,174",8
26,Parker McLachlin,271.4,"2,171",8
27,Chez Reavie,270.1,"2,161",8
28,Marc Turnesa,269.9,"2,159",8
29,Greg Kraft,268.4,"2,147",8
30,Johnson Wagner,268.0,"2,144",8
31,Ryuji Imada,266.3,"2,130",8
32,Richard Johnson,263.0,"2,104",8
33,Brian Gay,257.8,"2,062",8
