rank,player,%,Total Drives for 280-300,Total Drvs - overall,Relative to par
1,Daniel Chopra,62.50,5,8,-1.20
2,Cameron Beckman,50.00,4,8,-0.25
2,Stewart Cink,50.00,4,8,-0.50
2,Steve Lowery,50.00,4,8,-0.75
2,Will MacKenzie,50.00,4,8,-0.25
2,Sean O'Hair,50.00,4,8,-0.75
2,Geoff Ogilvy,50.00,4,8,-0.50
2,Carl Pettersson,50.00,4,8,-0.50
2,Vijay Singh,50.00,4,8,+0.50
10,K.J. Choi,37.50,3,8,-0.33
10,Ryuji Imada,37.50,3,8,E
10,Trevor Immelman,37.50,3,8,-0.33
10,Zach Johnson,37.50,3,8,-0.33
10,Ryan Palmer,37.50,3,8,-0.33
10,Kenny Perry,37.50,3,8,-0.33
10,Adam Scott,37.50,3,8,-0.33
10,D.J. Trahan,37.50,3,8,-1.00
10,Camilo Villegas,37.50,3,8,-0.33
10,Boo Weekley,37.50,3,8,E
20,J.B. Holmes,25.00,2,8,-0.50
20,Richard Johnson,25.00,2,8,-1.00
20,Anthony Kim,25.00,2,8,-0.50
20,Parker McLachlin,25.00,2,8,-0.50
20,Chez Reavie,25.00,2,8,-0.50
20,Andres Romero,25.00,2,8,+0.50
20,Johnson Wagner,25.00,2,8,-1.00
27,Ernie Els,12.50,1,8,E
27,Dustin Johnson,12.50,1,8,-1.00
27,Greg Kraft,12.50,1,8,-1.00
27,Justin Leonard,12.50,1,8,E
27,Davis Love III,12.50,1,8,E
32,Brian Gay,.00,0,8,E
32,Marc Turnesa,.00,0,8,E
