rank,player,%,Total Drives for 320+,Total Drvs - overall,Relative to par
1,Ernie Els,37.50,3,8,-0.67
2,Dustin Johnson,25.00,2,8,E
3,Davis Love III,12.50,1,8,E
3,Carl Pettersson,12.50,1,8,E
3,Andres Romero,12.50,1,8,E
3,Adam Scott,12.50,1,8,E
3,Marc Turnesa,12.50,1,8,-1.00
8,Cameron Beckman,.00,0,8,E
8,K.J. Choi,.00,0,8,E
8,Daniel Chopra,.00,0,8,E
8,Stewart Cink,.00,0,8,E
8,Brian Gay,.00,0,8,E
8,J.B. Holmes,.00,0,8,E
8,Ryuji Imada,.00,0,8,E
8,Trevor Immelman,.00,0,8,E
8,Richard Johnson,.00,0,8,E
8,Zach Johnson,.00,0,8,E
8,Anthony Kim,.00,0,8,E
8,Greg Kraft,.00,0,8,E
8,Justin Leonard,.00,0,8,E
8,Steve Lowery,.00,0,8,E
8,Will MacKenzie,.00,0,8,E
8,Parker McLachlin,.00,0,8,E
8,Sean O'Hair,.00,0,8,E
8,Geoff Ogilvy,.00,0,8,E
8,Ryan Palmer,.00,0,8,E
8,Kenny Perry,.00,0,8,E
8,Chez Reavie,.00,0,8,E
8,Vijay Singh,.00,0,8,E
8,D.J. Trahan,.00,0,8,E
8,Camilo Villegas,.00,0,8,E
8,Johnson Wagner,.00,0,8,E
8,Boo Weekley,.00,0,8,E
