rank,player,%,Total Drives for 300+,Total Drives - Overall,Relative to Par
1,Andres Romero,53.33,32,60,-0.031
2,J.B. Holmes,51.67,31,60,E
3,Boo Weekley,48.33,29,60,-0.069
4,Daniel Chopra,46.67,28,60,-0.179
4,Dustin Johnson,46.67,28,60,-0.357
4,Davis Love III,46.67,28,60,-0.429
7,Ernie Els,43.33,26,60,-0.269
8,Camilo Villegas,41.67,25,60,-0.320
9,Sean O'Hair,40.00,24,60,-0.125
9,Geoff Ogilvy,40.00,24,60,-0.125
9,Kenny Perry,40.00,24,60,-0.042
12,Stewart Cink,38.33,23,60,+0.130
12,Anthony Kim,38.33,23,60,-0.304
12,Adam Scott,38.33,23,60,-0.174
12,Vijay Singh,38.33,23,60,-0.043
16,Carl Pettersson,36.67,22,60,-0.045
17,Justin Leonard,35.00,21,60,-0.143
17,Will MacKenzie,35.00,21,60,-0.095
17,D.J. Trahan,35.00,21,60,-0.286
20,Ryuji Imada,33.33,20,60,-0.350
20,Johnson Wagner,33.33,20,60,-0.300
22,K.J. Choi,31.67,19,60,-0.211
22,Trevor Immelman,31.67,19,60,-0.105
22,Steve Lowery,31.67,19,60,-0.105
22,Parker McLachlin,31.67,19,60,-0.421
22,Ryan Palmer,31.67,19,60,+0.053
27,Zach Johnson,30.00,18,60,-0.278
28,Cameron Beckman,28.33,17,60,-0.059
28,Marc Turnesa,28.33,17,60,+0.059
30,Richard Johnson,26.67,16,60,E
31,Chez Reavie,23.33,14,60,-0.214
32,Greg Kraft,21.67,13,60,-0.308
33,Brian Gay,20.00,12,60,-0.167
