rank,player,%,Total Drives for 320+,Total Drives - Overall,Relative to Par
1,Dustin Johnson,38.33,23,60,-0.348
2,J.B. Holmes,35.00,21,60,E
2,Davis Love III,35.00,21,60,-0.429
4,Ernie Els,33.33,20,60,-0.300
4,Kenny Perry,33.33,20,60,-0.050
4,Boo Weekley,33.33,20,60,-0.150
7,Daniel Chopra,31.67,19,60,-0.263
7,Carl Pettersson,31.67,19,60,-0.105
7,Andres Romero,31.67,19,60,+0.053
7,Camilo Villegas,31.67,19,60,-0.211
11,Stewart Cink,30.00,18,60,-0.056
11,Ryuji Imada,30.00,18,60,-0.389
11,Geoff Ogilvy,30.00,18,60,-0.111
11,Vijay Singh,30.00,18,60,-0.056
15,Anthony Kim,28.33,17,60,-0.294
15,Adam Scott,28.33,17,60,-0.118
15,D.J. Trahan,28.33,17,60,-0.235
18,Justin Leonard,26.67,16,60,-0.063
18,Will MacKenzie,26.67,16,60,E
18,Parker McLachlin,26.67,16,60,-0.375
18,Sean O'Hair,26.67,16,60,-0.063
18,Ryan Palmer,26.67,16,60,+0.250
18,Johnson Wagner,26.67,16,60,-0.313
24,Zach Johnson,23.33,14,60,-0.286
24,Steve Lowery,23.33,14,60,-0.429
26,K.J. Choi,21.67,13,60,-0.154
26,Trevor Immelman,21.67,13,60,-0.077
28,Richard Johnson,20.00,12,60,E
28,Chez Reavie,20.00,12,60,-0.167
30,Cameron Beckman,16.67,10,60,-0.100
30,Marc Turnesa,16.67,10,60,-0.300
32,Greg Kraft,13.33,8,60,-0.125
33,Brian Gay,11.67,7,60,-0.143
