rank,player,%,Total Drives for <= 240,Total Drvs - overall,Relative to par
1,Brian Gay,12.50,1,8,E
1,J.B. Holmes,12.50,1,8,+1.00
1,Ryuji Imada,12.50,1,8,+1.00
1,Trevor Immelman,12.50,1,8,E
1,Dustin Johnson,12.50,1,8,+2.00
1,Richard Johnson,12.50,1,8,-1.00
1,Zach Johnson,12.50,1,8,E
1,Greg Kraft,12.50,1,8,E
1,Parker McLachlin,12.50,1,8,+1.00
1,Ryan Palmer,12.50,1,8,E
1,Kenny Perry,12.50,1,8,+1.00
1,Chez Reavie,12.50,1,8,E
1,Adam Scott,12.50,1,8,E
1,Vijay Singh,12.50,1,8,E
1,Marc Turnesa,12.50,1,8,+1.00
16,Cameron Beckman,.00,0,8,E
16,K.J. Choi,.00,0,8,E
16,Daniel Chopra,.00,0,8,E
16,Stewart Cink,.00,0,8,E
16,Ernie Els,.00,0,8,E
16,Anthony Kim,.00,0,8,E
16,Justin Leonard,.00,0,8,E
16,Davis Love III,.00,0,8,E
16,Steve Lowery,.00,0,8,E
16,Will MacKenzie,.00,0,8,E
16,Sean O'Hair,.00,0,8,E
16,Geoff Ogilvy,.00,0,8,E
16,Carl Pettersson,.00,0,8,E
16,Andres Romero,.00,0,8,E
16,D.J. Trahan,.00,0,8,E
16,Camilo Villegas,.00,0,8,E
16,Johnson Wagner,.00,0,8,E
16,Boo Weekley,.00,0,8,E
