rank,player,%,Total Drives for 260-280,Total Drvs - overall,Relative to par
1,Marc Turnesa,75.00,6,8,E
2,Justin Leonard,62.50,5,8,-0.40
2,Parker McLachlin,62.50,5,8,-0.20
4,Chez Reavie,50.00,4,8,-0.50
5,Brian Gay,37.50,3,8,E
5,Ryuji Imada,37.50,3,8,E
5,Zach Johnson,37.50,3,8,+0.33
5,Greg Kraft,37.50,3,8,-0.33
5,Davis Love III,37.50,3,8,E
5,Andres Romero,37.50,3,8,-0.67
11,Cameron Beckman,25.00,2,8,E
11,Stewart Cink,25.00,2,8,-0.50
11,Trevor Immelman,25.00,2,8,-0.50
11,Richard Johnson,25.00,2,8,-0.50
11,Steve Lowery,25.00,2,8,-0.50
11,Ryan Palmer,25.00,2,8,-0.50
11,Kenny Perry,25.00,2,8,E
11,D.J. Trahan,25.00,2,8,-0.50
11,Camilo Villegas,25.00,2,8,E
11,Johnson Wagner,25.00,2,8,+0.50
21,K.J. Choi,12.50,1,8,E
21,Daniel Chopra,12.50,1,8,+1.00
21,Ernie Els,12.50,1,8,+1.00
21,Dustin Johnson,12.50,1,8,E
21,Will MacKenzie,12.50,1,8,-1.00
21,Carl Pettersson,12.50,1,8,E
21,Adam Scott,12.50,1,8,E
21,Vijay Singh,12.50,1,8,-1.00
21,Boo Weekley,12.50,1,8,E
30,J.B. Holmes,.00,0,8,E
30,Anthony Kim,.00,0,8,E
30,Sean O'Hair,.00,0,8,E
30,Geoff Ogilvy,.00,0,8,E
