rank,player,%,Total Drives for 280-300,Total Drives - Overall,Relative to Par
1,Sean O'Hair,31.67,19,60,-0.421
2,Ryan Palmer,25.00,15,60,-0.067
3,Dustin Johnson,21.67,13,60,-0.231
3,Adam Scott,21.67,13,60,-0.462
5,Stewart Cink,20.00,12,60,-0.500
5,J.B. Holmes,20.00,12,60,-0.417
5,Trevor Immelman,20.00,12,60,-0.417
5,Camilo Villegas,20.00,12,60,-0.250
9,Ernie Els,18.33,11,60,-0.182
9,Vijay Singh,18.33,11,60,+0.091
11,Cameron Beckman,16.67,10,60,-0.200
11,Brian Gay,16.67,10,60,-0.200
11,Anthony Kim,16.67,10,60,-0.300
11,Will MacKenzie,16.67,10,60,-0.200
15,Steve Lowery,15.00,9,60,-0.222
15,Geoff Ogilvy,15.00,9,60,-0.333
15,Kenny Perry,15.00,9,60,-0.222
15,Chez Reavie,15.00,9,60,-0.111
15,D.J. Trahan,15.00,9,60,-0.556
20,Daniel Chopra,13.33,8,60,-0.875
20,Ryuji Imada,13.33,8,60,E
20,Zach Johnson,13.33,8,60,-0.250
20,Greg Kraft,13.33,8,60,+0.125
20,Justin Leonard,13.33,8,60,-0.125
20,Davis Love III,13.33,8,60,-0.500
20,Johnson Wagner,13.33,8,60,-0.500
20,Boo Weekley,13.33,8,60,-0.500
28,Richard Johnson,11.67,7,60,-0.571
28,Marc Turnesa,11.67,7,60,+0.429
30,Parker McLachlin,10.00,6,60,-0.167
30,Carl Pettersson,10.00,6,60,-0.167
30,Andres Romero,10.00,6,60,E
33,K.J. Choi,8.33,5,60,E
