rank,player,%,Total Drives for 240-260,Total Drvs - overall,Relative to par
1,Brian Gay,50.00,4,8,-0.50
2,K.J. Choi,37.50,3,8,E
2,Richard Johnson,37.50,3,8,-0.67
2,Anthony Kim,37.50,3,8,E
2,Sean O'Hair,37.50,3,8,E
2,Geoff Ogilvy,37.50,3,8,E
2,Johnson Wagner,37.50,3,8,-0.33
8,Ernie Els,25.00,2,8,E
8,Greg Kraft,25.00,2,8,+0.50
8,Justin Leonard,25.00,2,8,E
8,Steve Lowery,25.00,2,8,E
8,Will MacKenzie,25.00,2,8,E
8,Adam Scott,25.00,2,8,E
8,D.J. Trahan,25.00,2,8,E
15,Cameron Beckman,12.50,1,8,E
15,Daniel Chopra,12.50,1,8,E
15,Stewart Cink,12.50,1,8,E
15,Ryuji Imada,12.50,1,8,E
15,Dustin Johnson,12.50,1,8,-1.00
15,Zach Johnson,12.50,1,8,E
15,Davis Love III,12.50,1,8,E
15,Ryan Palmer,12.50,1,8,-1.00
15,Carl Pettersson,12.50,1,8,E
15,Chez Reavie,12.50,1,8,E
15,Andres Romero,12.50,1,8,+1.00
15,Vijay Singh,12.50,1,8,E
15,Camilo Villegas,12.50,1,8,+1.00
15,Boo Weekley,12.50,1,8,E
29,J.B. Holmes,.00,0,8,E
29,Trevor Immelman,.00,0,8,E
29,Parker McLachlin,.00,0,8,E
29,Kenny Perry,.00,0,8,E
29,Marc Turnesa,.00,0,8,E
