rank,player,%,Total Drives for 260-280,Total Drives - Overall,Relative to Par
1,K.J. Choi,35.00,21,60,-0.381
1,Parker McLachlin,35.00,21,60,-0.048
3,Anthony Kim,26.67,16,60,-0.375
3,Steve Lowery,26.67,16,60,-0.500
5,Zach Johnson,25.00,15,60,-0.200
6,Cameron Beckman,23.33,14,60,-0.143
6,Ryuji Imada,23.33,14,60,-0.143
6,Richard Johnson,23.33,14,60,+0.071
6,Carl Pettersson,23.33,14,60,-0.500
6,Chez Reavie,23.33,14,60,-0.214
11,Will MacKenzie,21.67,13,60,-0.462
11,Ryan Palmer,21.67,13,60,-0.538
11,Andres Romero,21.67,13,60,-0.231
14,Stewart Cink,20.00,12,60,-0.167
14,Trevor Immelman,20.00,12,60,-0.167
14,Marc Turnesa,20.00,12,60,-0.083
17,Dustin Johnson,18.33,11,60,-0.364
17,Greg Kraft,18.33,11,60,-0.091
17,Justin Leonard,18.33,11,60,-0.545
17,Adam Scott,18.33,11,60,-0.091
17,D.J. Trahan,18.33,11,60,-0.182
17,Camilo Villegas,18.33,11,60,-0.636
17,Johnson Wagner,18.33,11,60,-0.182
17,Boo Weekley,18.33,11,60,-0.273
25,Geoff Ogilvy,16.67,10,60,-0.900
25,Kenny Perry,16.67,10,60,-0.600
25,Vijay Singh,16.67,10,60,-0.300
28,Ernie Els,15.00,9,60,-0.444
28,Brian Gay,15.00,9,60,E
30,Sean O'Hair,13.33,8,60,-0.375
31,J.B. Holmes,11.67,7,60,-0.143
31,Davis Love III,11.67,7,60,-0.143
33,Daniel Chopra,10.00,6,60,+0.333
