rank,player,%,# Saves,# Bunkers,Total O/U Par
1,Aaron Baddeley,100.00,1,1,E
1,K.J. Choi,100.00,1,1,E
1,Chris Kirk,100.00,1,1,E
1,Scott Piercy,100.00,1,1,-1.00
1,Rory Sabbatini,100.00,1,1,+3.00
1,Gary Woodland,100.00,1,1,-1.00
7,Keegan Bradley,50.00,2,4,-1.00
7,Brendan Steele,50.00,1,2,+1.00
7,Steve Stricker,50.00,1,2,+1.00
7,Johnson Wagner,50.00,2,4,+1.00
7,Nick Watney,50.00,1,2,+1.00
7,Bubba Watson,50.00,1,2,E
13,Jonathan Byrd,25.00,1,4,+2.00
13,Ben Crane,25.00,1,4,+2.00
13,Martin Laird,25.00,1,4,+1.00
16,Jhonattan Vegas,20.00,1,5,+4.00
17,Michael Bradley,.00,0,1,+1.00
17,Harrison Frazar,.00,0,1,+1.00
17,Bill Haas,.00,0,1,E
17,Kevin Na,.00,0,2,+2.00
17,D.A. Points,.00,0,1,+1.00
17,David Toms,.00,0,1,+1.00
17,Mark Wilson,.00,0,1,+1.00
