rank,player,%,Successes,Attempts
1,Bryce Molder,100.00,2,2
1,Nick Watney,100.00,3,3
1,Mark Wilson,100.00,1,1
4,Jhonattan Vegas,87.50,7,8
5,Kevin Na,85.71,6,7
6,Martin Laird,80.00,4,5
6,Rory Sabbatini,80.00,4,5
8,Ben Crane,75.00,3,4
8,Steve Stricker,75.00,3,4
10,K.J. Choi,66.67,4,6
10,Sean O'Hair,66.67,2,3
10,Scott Piercy,66.67,2,3
10,Johnson Wagner,66.67,2,3
14,David Toms,63.64,7,11
15,Chris Kirk,60.00,3,5
16,Keegan Bradley,50.00,2,4
16,Michael Bradley,50.00,3,6
16,Harrison Frazar,50.00,2,4
16,D.A. Points,50.00,1,2
16,Webb Simpson,50.00,1,2
21,Scott Stallings,42.86,3,7
22,Jonathan Byrd,40.00,2,5
23,Brendan Steele,30.00,3,10
24,Aaron Baddeley,25.00,2,8
25,Bubba Watson,16.67,1,6
26,Gary Woodland,14.29,1,7
27,Bill Haas,.00,0,5
