rank,player,%,Par or Better,Missed GIR
1,Steve Stricker,76.92,10,13
2,Chris Kirk,75.00,9,12
3,Keegan Bradley,70.00,7,10
4,Bryce Molder,69.23,9,13
4,Nick Watney,69.23,9,13
6,Webb Simpson,66.67,6,9
6,Johnson Wagner,66.67,10,15
8,Kevin Na,64.71,11,17
9,K.J. Choi,64.29,9,14
10,Jhonattan Vegas,63.64,14,22
11,Jonathan Byrd,60.00,6,10
11,Ben Crane,60.00,9,15
11,Scott Piercy,60.00,6,10
11,D.A. Points,60.00,6,10
11,Mark Wilson,60.00,6,10
16,Sean O'Hair,54.55,6,11
17,Harrison Frazar,53.85,7,13
18,Rory Sabbatini,53.33,8,15
19,Aaron Baddeley,52.63,10,19
20,Michael Bradley,50.00,6,12
20,Martin Laird,50.00,5,10
22,David Toms,47.06,8,17
23,Bill Haas,44.44,4,9
24,Scott Stallings,33.33,4,12
24,Brendan Steele,33.33,6,18
26,Gary Woodland,26.67,4,15
27,Bubba Watson,15.38,2,13
