rank,player,%,Successes,Attempts
1,Jonathan Byrd,100.00,2,2
2,Bryce Molder,66.67,4,6
3,Johnson Wagner,60.00,3,5
4,Aaron Baddeley,50.00,2,4
4,K.J. Choi,50.00,1,2
4,Harrison Frazar,50.00,1,2
4,Bill Haas,50.00,1,2
4,Scott Piercy,50.00,1,2
4,Rory Sabbatini,50.00,2,4
4,Webb Simpson,50.00,1,2
4,Mark Wilson,50.00,2,4
12,Ben Crane,40.00,2,5
12,Sean O'Hair,40.00,2,5
12,Jhonattan Vegas,40.00,2,5
15,Martin Laird,33.33,1,3
15,Kevin Na,33.33,1,3
15,Nick Watney,33.33,1,3
18,Brendan Steele,28.57,2,7
19,Keegan Bradley,.00,0,2
19,Michael Bradley,.00,0,2
19,Chris Kirk,.00,0,1
19,D.A. Points,.00,0,2
19,Scott Stallings,.00,0,1
19,David Toms,.00,0,4
19,Bubba Watson,.00,0,3
19,Gary Woodland,.00,0,7
