rank,player,%,Total Drives for 300-320,Total Drives - Overall,Relative to Par
1,Max Greyserman,20.00%,12,60,-0.417
2,Viktor Hovland,18.33%,11,60,-0.455
2,Xander Schauffele,18.33%,11,60,-0.364
2,Sahith Theegala,18.33%,11,60,-0.455
5,Byeong Hun An,16.67%,10,60,-0.600
5,Hideki Matsuyama,16.67%,10,60,-0.700
5,Justin Thomas,16.67%,10,60,-0.500
5,Jhonattan Vegas,16.67%,10,60,-0.500
9,Thomas Detry,15.00%,9,60,-0.444
9,Stephan Jaeger,15.00%,9,60,E
9,Maverick McNealy,15.00%,9,60,-0.333
12,Nick Dunlap,13.33%,8,60,E
12,Max Homa,13.33%,8,60,-0.500
12,Denny McCarthy,13.33%,8,60,-0.125
12,Aaron Rai,13.33%,8,60,-0.375
16,Akshay Bhatia,11.67%,7,60,-0.143
16,Rafael Campos,11.67%,7,60,+0.143
16,Eric Cole,11.67%,7,60,-0.286
16,Chris Gotterup,11.67%,7,60,-0.429
16,Davis Thompson,11.67%,7,60,E
21,Keegan Bradley,10.00%,6,60,-0.167
21,Patrick Cantlay,10.00%,6,60,-0.333
21,Harry Hall,10.00%,6,60,-0.167
21,Jake Knapp,10.00%,6,60,-0.333
21,Peter Malnati,10.00%,6,60,E
21,Collin Morikawa,10.00%,6,60,-0.500
21,Matthieu Pavon,10.00%,6,60,-0.500
21,Nick Taylor,10.00%,6,60,-0.167
21,Cameron Young,10.00%,6,60,-0.500
21,Kevin Yu,10.00%,6,60,E
31,Christiaan Bezuidenhout,8.33%,5,60,E
31,Sam Burns,8.33%,5,60,-0.600
31,Wyndham Clark,8.33%,5,60,-0.400
31,Cam Davis,8.33%,5,60,-0.200
31,Nico Echavarria,8.33%,5,60,E
31,Austin Eckroat,8.33%,5,60,E
31,Matt Fitzpatrick,8.33%,5,60,-0.400
31,Brice Garnett,8.33%,5,60,E
31,Tom Hoge,8.33%,5,60,+0.200
31,Sungjae Im,8.33%,5,60,-0.400
31,Si Woo Kim,8.33%,5,60,-0.600
31,Patton Kizzire,8.33%,5,60,E
31,Taylor Pendrith,8.33%,5,60,-0.800
31,J.T. Poston,8.33%,5,60,-0.200
31,Adam Scott,8.33%,5,60,-0.200
31,Will Zalatoris,8.33%,5,60,-0.200
47,Jason Day,6.67%,4,60,E
47,Tony Finau,6.67%,4,60,-0.250
47,Brian Harman,6.67%,4,60,+0.250
47,Russell Henley,6.67%,4,60,E
47,Robert MacIntyre,6.67%,4,60,-0.500
47,Sepp Straka,6.67%,4,60,E
53,Ludvig Åberg,5.00%,3,60,-0.333
53,Adam Hadwin,5.00%,3,60,+0.333
53,Chris Kirk,5.00%,3,60,-0.667
53,Matt McCarty,5.00%,3,60,-0.333
57,Corey Conners,3.33%,2,60,-0.500
58,Billy Horschel,1.67%,1,60,-1.000
