rank,player,Distance,Tournament,Round,Hole,Course
1,Jake Knapp,444,Sentry,4,6,656
2,Si Woo Kim,442,Sentry,4,6,656
3,Byeong Hun An,440,Sentry,4,6,656
4,Rafael Campos,437,Sentry,4,6,656
5,Matthieu Pavon,430,Sentry,4,6,656
6,Brian Harman,428,Sentry,4,6,656
6,Xander Schauffele,428,Sentry,4,6,656
8,Kevin Yu,426,Sentry,4,6,656
9,Sahith Theegala,421,Sentry,4,6,656
10,Thomas Detry,420,Sentry,1,12,656
10,Tony Finau,420,Sentry,4,18,656
12,Cam Davis,417,Sentry,2,12,656
13,Chris Kirk,415,Sentry,4,6,656
14,Sam Burns,414,Sentry,2,12,656
14,Hideki Matsuyama,414,Sentry,4,18,656
16,Nick Dunlap,412,Sentry,4,18,656
17,Eric Cole,410,Sentry,4,6,656
17,Viktor Hovland,410,Sentry,1,7,656
19,Ludvig Åberg,408,Sentry,1,12,656
19,Chris Gotterup,408,Sentry,4,6,656
19,Davis Riley,408,Sentry,1,7,656
22,Taylor Pendrith,407,Sentry,1,12,656
22,Cameron Young,407,Sentry,1,7,656
24,Akshay Bhatia,406,Sentry,4,7,656
24,Matt Fitzpatrick,406,Sentry,4,17,656
24,Adam Hadwin,406,Sentry,4,17,656
27,Billy Horschel,405,Sentry,1,12,656
27,Sungjae Im,405,Sentry,4,17,656
27,Justin Thomas,405,Sentry,1,12,656
30,Max Greyserman,404,Sentry,1,7,656
30,Maverick McNealy,404,Sentry,1,7,656
32,Wyndham Clark,403,Sentry,1,12,656
32,Davis Thompson,403,Sentry,4,7,656
34,Patrick Cantlay,402,Sentry,2,7,656
35,Will Zalatoris,401,Sentry,4,17,656
36,Austin Eckroat,400,Sentry,1,12,656
36,Harry Hall,400,Sentry,1,12,656
36,Max Homa,400,Sentry,4,18,656
36,Patton Kizzire,400,Sentry,2,7,656
40,Jason Day,399,Sentry,3,7,656
40,Denny McCarthy,399,Sentry,1,1,656
40,Sepp Straka,399,Sentry,4,18,656
43,Christiaan Bezuidenhout,397,Sentry,4,17,656
43,Keegan Bradley,397,Sentry,4,17,656
45,Stephan Jaeger,396,Sentry,1,12,656
46,Robert MacIntyre,395,Sentry,1,12,656
47,Brice Garnett,394,Sentry,1,17,656
47,Jhonattan Vegas,394,Sentry,3,7,656
49,Peter Malnati,392,Sentry,2,17,656
50,Collin Morikawa,391,Sentry,1,12,656
50,Nick Taylor,391,Sentry,2,12,656
52,Corey Conners,390,Sentry,4,17,656
53,Tom Hoge,388,Sentry,4,18,656
54,Nico Echavarria,384,Sentry,2,7,656
55,Adam Scott,375,Sentry,1,12,656
56,Matt McCarty,372,Sentry,1,12,656
57,Aaron Rai,371,Sentry,4,17,656
58,J.T. Poston,368,Sentry,2,17,656
59,Russell Henley,367,Sentry,3,1,656
