rank,player,%,Total Drives for 300+,Total Drives - Overall,Relative to Par
1,Max Greyserman,60.00%,36,60,-0.333
2,Justin Thomas,58.33%,35,60,-0.457
3,Xander Schauffele,56.67%,34,60,-0.265
4,Byeong Hun An,55.00%,33,60,-0.273
5,Wyndham Clark,53.33%,32,60,-0.344
5,Viktor Hovland,53.33%,32,60,-0.188
5,Maverick McNealy,53.33%,32,60,-0.375
8,Sahith Theegala,51.67%,31,60,-0.387
9,Thomas Detry,50.00%,30,60,-0.333
9,Chris Gotterup,50.00%,30,60,-0.333
9,Stephan Jaeger,50.00%,30,60,-0.133
9,Davis Thompson,50.00%,30,60,-0.167
9,Jhonattan Vegas,50.00%,30,60,-0.433
14,Ludvig Åberg,48.33%,29,60,-0.345
14,Nick Dunlap,48.33%,29,60,E
14,Sungjae Im,48.33%,29,60,-0.310
14,Hideki Matsuyama,48.33%,29,60,-0.483
14,Cameron Young,48.33%,29,60,-0.310
14,Kevin Yu,48.33%,29,60,-0.069
20,Sam Burns,46.67%,28,60,-0.429
20,Harry Hall,46.67%,28,60,-0.179
20,Matthieu Pavon,46.67%,28,60,-0.250
20,Taylor Pendrith,46.67%,28,60,-0.143
20,Adam Scott,46.67%,28,60,-0.357
25,Keegan Bradley,45.00%,27,60,-0.370
25,Patrick Cantlay,45.00%,27,60,-0.407
25,Cam Davis,45.00%,27,60,-0.370
25,Tony Finau,45.00%,27,60,-0.222
25,Chris Kirk,45.00%,27,60,-0.111
25,Jake Knapp,45.00%,27,60,-0.074
25,Denny McCarthy,45.00%,27,60,-0.222
25,J.T. Poston,45.00%,27,60,-0.296
25,Will Zalatoris,45.00%,27,60,-0.333
34,Max Homa,43.33%,26,60,-0.346
35,Akshay Bhatia,41.67%,25,60,-0.320
35,Eric Cole,41.67%,25,60,-0.160
35,Matt Fitzpatrick,41.67%,25,60,-0.240
35,Billy Horschel,41.67%,25,60,-0.080
35,Patton Kizzire,41.67%,25,60,-0.200
40,Jason Day,40.00%,24,60,-0.167
41,Rafael Campos,38.33%,23,60,E
41,Nico Echavarria,38.33%,23,60,-0.043
41,Austin Eckroat,38.33%,23,60,-0.217
41,Brice Garnett,38.33%,23,60,-0.043
41,Adam Hadwin,38.33%,23,60,-0.174
41,Tom Hoge,38.33%,23,60,-0.174
41,Peter Malnati,38.33%,23,60,-0.174
41,Collin Morikawa,38.33%,23,60,-0.304
41,Sepp Straka,38.33%,23,60,-0.261
50,Corey Conners,36.67%,22,60,-0.500
50,Russell Henley,36.67%,22,60,-0.091
50,Si Woo Kim,36.67%,22,60,-0.318
50,Robert MacIntyre,36.67%,22,60,-0.227
50,Aaron Rai,36.67%,22,60,-0.273
50,Nick Taylor,36.67%,22,60,-0.045
56,Matt McCarty,35.00%,21,60,-0.095
57,Christiaan Bezuidenhout,33.33%,20,60,-0.100
57,Brian Harman,33.33%,20,60,+0.200
