rank,player,%,Total Drives for 320+,Total Drvs - overall,Relative to par
1,Ludvig Åberg,12.50%,1,8,E
1,Wyndham Clark,12.50%,1,8,-1.00
1,Cam Davis,12.50%,1,8,-1.00
1,Viktor Hovland,12.50%,1,8,E
1,Kevin Yu,12.50%,1,8,E
6,Byeong Hun An,.00%,0,8,E
6,Christiaan Bezuidenhout,.00%,0,8,E
6,Akshay Bhatia,.00%,0,8,E
6,Keegan Bradley,.00%,0,8,E
6,Sam Burns,.00%,0,8,E
6,Rafael Campos,.00%,0,8,E
6,Patrick Cantlay,.00%,0,8,E
6,Eric Cole,.00%,0,8,E
6,Corey Conners,.00%,0,8,E
6,Jason Day,.00%,0,8,E
6,Thomas Detry,.00%,0,8,E
6,Nick Dunlap,.00%,0,8,E
6,Nico Echavarria,.00%,0,8,E
6,Austin Eckroat,.00%,0,8,E
6,Tony Finau,.00%,0,8,E
6,Matt Fitzpatrick,.00%,0,8,E
6,Brice Garnett,.00%,0,8,E
6,Chris Gotterup,.00%,0,8,E
6,Max Greyserman,.00%,0,8,E
6,Adam Hadwin,.00%,0,8,E
6,Harry Hall,.00%,0,8,E
6,Brian Harman,.00%,0,8,E
6,Russell Henley,.00%,0,8,E
6,Tom Hoge,.00%,0,8,E
6,Max Homa,.00%,0,8,E
6,Billy Horschel,.00%,0,8,E
6,Sungjae Im,.00%,0,8,E
6,Stephan Jaeger,.00%,0,8,E
6,Si Woo Kim,.00%,0,8,E
6,Chris Kirk,.00%,0,8,E
6,Patton Kizzire,.00%,0,8,E
6,Jake Knapp,.00%,0,8,E
6,Robert MacIntyre,.00%,0,8,E
6,Peter Malnati,.00%,0,8,E
6,Hideki Matsuyama,.00%,0,8,E
6,Denny McCarthy,.00%,0,8,E
6,Matt McCarty,.00%,0,8,E
6,Maverick McNealy,.00%,0,8,E
6,Collin Morikawa,.00%,0,8,E
6,Matthieu Pavon,.00%,0,8,E
6,Taylor Pendrith,.00%,0,8,E
6,J.T. Poston,.00%,0,8,E
6,Aaron Rai,.00%,0,8,E
6,Xander Schauffele,.00%,0,8,E
6,Adam Scott,.00%,0,8,E
6,Sepp Straka,.00%,0,8,E
6,Nick Taylor,.00%,0,8,E
6,Sahith Theegala,.00%,0,8,E
6,Justin Thomas,.00%,0,8,E
6,Davis Thompson,.00%,0,8,E
6,Jhonattan Vegas,.00%,0,8,E
6,Cameron Young,.00%,0,8,E
6,Will Zalatoris,.00%,0,8,E
