rank,player,All Drives,Total Distance,# of Drives
1,Wyndham Clark,319.8,"19,189",60
2,Xander Schauffele,319.1,"19,144",60
3,Max Greyserman,316.6,"18,997",60
4,Byeong Hun An,316.5,"18,992",60
5,Ludvig Åberg,315.3,"18,916",60
6,Kevin Yu,313.2,"18,790",60
7,Thomas Detry,313.1,"18,784",60
7,Nick Dunlap,313.1,"18,788",60
9,Sam Burns,313.0,"18,782",60
9,Justin Thomas,313.0,"18,778",60
11,Viktor Hovland,311.2,"18,671",60
11,Taylor Pendrith,311.2,"18,670",60
13,Sungjae Im,311.1,"18,668",60
14,Maverick McNealy,310.9,"18,654",60
15,Matthieu Pavon,310.8,"18,651",60
16,Chris Gotterup,310.4,"18,625",60
17,Davis Thompson,310.2,"18,611",60
18,Patrick Cantlay,309.3,"18,556",60
18,Jhonattan Vegas,309.3,"18,556",60
20,Cameron Young,309.2,"18,553",60
21,Chris Kirk,308.7,"18,523",60
22,Billy Horschel,308.4,"18,503",60
23,Sahith Theegala,308.2,"18,489",60
24,Matt Fitzpatrick,308.1,"18,485",60
25,Stephan Jaeger,308.0,"18,481",60
26,Hideki Matsuyama,307.7,"18,460",60
27,Cam Davis,307.3,"18,440",60
27,Tony Finau,307.3,"18,437",60
29,Jake Knapp,307.1,"18,423",60
30,Max Homa,305.5,"18,328",60
31,Harry Hall,304.7,"18,284",60
31,Will Zalatoris,304.7,"18,281",60
33,Jason Day,304.2,"18,252",60
34,Akshay Bhatia,303.3,"18,197",60
34,Keegan Bradley,303.3,"18,199",60
36,Denny McCarthy,303.2,"18,194",60
37,Adam Scott,302.9,"18,172",60
38,Corey Conners,302.4,"18,146",60
38,Adam Hadwin,302.4,"18,145",60
40,Collin Morikawa,301.7,"18,104",60
41,J.T. Poston,301.6,"18,095",60
42,Eric Cole,301.2,"18,070",60
43,Robert MacIntyre,301.1,"18,063",60
44,Si Woo Kim,301.0,"18,062",60
45,Austin Eckroat,300.8,"18,050",60
46,Sepp Straka,299.7,"17,982",60
47,Patton Kizzire,299.6,"17,976",60
48,Peter Malnati,298.4,"17,902",60
49,Rafael Campos,297.5,"17,852",60
50,Nico Echavarria,297.1,"17,827",60
51,Brian Harman,295.8,"17,747",60
52,Aaron Rai,294.2,"17,654",60
53,Russell Henley,293.5,"17,610",60
53,Nick Taylor,293.5,"17,610",60
55,Brice Garnett,292.8,"17,567",60
55,Matt McCarty,292.8,"17,569",60
57,Tom Hoge,288.8,"17,329",60
58,Christiaan Bezuidenhout,288.2,"17,292",60
