rank,player,%,Total Drives for 260-280,Total Drvs - overall,Relative to par
1,Christiaan Bezuidenhout,87.50%,7,8,-0.57
2,Jason Day,75.00%,6,8,-0.67
2,Peter Malnati,75.00%,6,8,-0.67
2,Matt McCarty,75.00%,6,8,-0.50
2,J.T. Poston,75.00%,6,8,-0.50
6,Corey Conners,62.50%,5,8,-0.60
6,Austin Eckroat,62.50%,5,8,-0.80
6,Max Homa,62.50%,5,8,-0.20
6,Patton Kizzire,62.50%,5,8,-1.00
6,Jake Knapp,62.50%,5,8,E
6,Matthieu Pavon,62.50%,5,8,-0.20
6,Sepp Straka,62.50%,5,8,-0.80
6,Kevin Yu,62.50%,5,8,-0.60
14,Akshay Bhatia,50.00%,4,8,E
14,Keegan Bradley,50.00%,4,8,-0.50
14,Adam Hadwin,50.00%,4,8,-0.75
14,Tom Hoge,50.00%,4,8,-0.75
14,Si Woo Kim,50.00%,4,8,-0.25
14,Aaron Rai,50.00%,4,8,-0.50
14,Will Zalatoris,50.00%,4,8,-0.75
21,Sam Burns,37.50%,3,8,-0.33
21,Rafael Campos,37.50%,3,8,-0.33
21,Eric Cole,37.50%,3,8,-0.33
21,Cam Davis,37.50%,3,8,E
21,Nico Echavarria,37.50%,3,8,+0.33
21,Brian Harman,37.50%,3,8,-0.33
21,Russell Henley,37.50%,3,8,-0.67
21,Billy Horschel,37.50%,3,8,-0.67
21,Viktor Hovland,37.50%,3,8,+0.33
21,Sungjae Im,37.50%,3,8,-0.33
21,Chris Kirk,37.50%,3,8,-0.67
21,Hideki Matsuyama,37.50%,3,8,-0.67
21,Maverick McNealy,37.50%,3,8,-0.67
21,Sahith Theegala,37.50%,3,8,-1.00
35,Ludvig Åberg,25.00%,2,8,E
35,Byeong Hun An,25.00%,2,8,E
35,Thomas Detry,25.00%,2,8,E
35,Nick Dunlap,25.00%,2,8,+1.00
35,Tony Finau,25.00%,2,8,-1.00
35,Brice Garnett,25.00%,2,8,-1.00
35,Chris Gotterup,25.00%,2,8,E
35,Max Greyserman,25.00%,2,8,-0.50
35,Stephan Jaeger,25.00%,2,8,E
35,Denny McCarthy,25.00%,2,8,-1.00
35,Collin Morikawa,25.00%,2,8,E
35,Taylor Pendrith,25.00%,2,8,-2.00
35,Nick Taylor,25.00%,2,8,-1.00
35,Justin Thomas,25.00%,2,8,-0.50
35,Davis Thompson,25.00%,2,8,-0.50
35,Cameron Young,25.00%,2,8,-0.50
51,Patrick Cantlay,12.50%,1,8,-1.00
51,Matt Fitzpatrick,12.50%,1,8,-1.00
51,Harry Hall,12.50%,1,8,-1.00
51,Xander Schauffele,12.50%,1,8,E
51,Adam Scott,12.50%,1,8,E
56,Wyndham Clark,.00%,0,8,E
56,Robert MacIntyre,.00%,0,8,E
56,Jhonattan Vegas,.00%,0,8,E
