rank,player,%,Total Drives for 240-260,Total Drives - Overall,Relative to Par
1,Brice Garnett,26.67%,16,60,-0.375
2,Matt McCarty,20.00%,12,60,-0.083
3,Brian Harman,16.67%,10,60,+0.300
4,Rafael Campos,15.00%,9,60,-0.111
4,Tom Hoge,15.00%,9,60,-0.667
4,Patton Kizzire,15.00%,9,60,-0.222
4,Peter Malnati,15.00%,9,60,+0.333
8,Eric Cole,13.33%,8,60,E
8,Nick Taylor,13.33%,8,60,-0.250
10,Christiaan Bezuidenhout,11.67%,7,60,-0.429
10,Russell Henley,11.67%,7,60,E
10,Jake Knapp,11.67%,7,60,-0.143
10,Sepp Straka,11.67%,7,60,+0.143
14,Nico Echavarria,10.00%,6,60,-0.500
14,Max Greyserman,10.00%,6,60,E
14,Robert MacIntyre,10.00%,6,60,+0.167
14,J.T. Poston,10.00%,6,60,+0.167
14,Justin Thomas,10.00%,6,60,+0.667
14,Jhonattan Vegas,10.00%,6,60,+0.500
20,Corey Conners,8.33%,5,60,-0.400
20,Tony Finau,8.33%,5,60,E
20,Harry Hall,8.33%,5,60,-0.800
20,Sungjae Im,8.33%,5,60,E
20,Chris Kirk,8.33%,5,60,+0.200
20,Hideki Matsuyama,8.33%,5,60,-0.200
20,Matthieu Pavon,8.33%,5,60,E
20,Taylor Pendrith,8.33%,5,60,E
20,Aaron Rai,8.33%,5,60,-0.400
20,Will Zalatoris,8.33%,5,60,E
30,Byeong Hun An,6.67%,4,60,E
30,Akshay Bhatia,6.67%,4,60,E
30,Patrick Cantlay,6.67%,4,60,-0.250
30,Jason Day,6.67%,4,60,E
30,Thomas Detry,6.67%,4,60,-0.250
30,Billy Horschel,6.67%,4,60,E
30,Denny McCarthy,6.67%,4,60,+0.500
30,Collin Morikawa,6.67%,4,60,-0.750
30,Sahith Theegala,6.67%,4,60,E
30,Cameron Young,6.67%,4,60,E
40,Keegan Bradley,5.00%,3,60,E
40,Cam Davis,5.00%,3,60,-0.667
40,Adam Hadwin,5.00%,3,60,E
40,Max Homa,5.00%,3,60,E
40,Viktor Hovland,5.00%,3,60,+0.333
40,Si Woo Kim,5.00%,3,60,+0.667
40,Maverick McNealy,5.00%,3,60,+0.333
40,Kevin Yu,5.00%,3,60,-0.667
48,Chris Gotterup,3.33%,2,60,+0.500
48,Stephan Jaeger,3.33%,2,60,-0.500
48,Xander Schauffele,3.33%,2,60,E
48,Adam Scott,3.33%,2,60,+0.500
52,Sam Burns,1.67%,1,60,-1.000
52,Nick Dunlap,1.67%,1,60,E
52,Austin Eckroat,1.67%,1,60,E
52,Matt Fitzpatrick,1.67%,1,60,+1.000
52,Davis Thompson,1.67%,1,60,-1.000
57,Ludvig Åberg,.00%,0,60,-
57,Wyndham Clark,.00%,0,60,-
