rank,player,%,Total Drives for 260-280,Total Drives - Overall,Relative to Par
1,Christiaan Bezuidenhout,35.00%,21,60,-0.333
2,Matt McCarty,31.67%,19,60,-0.158
3,Peter Malnati,30.00%,18,60,-0.389
3,Aaron Rai,30.00%,18,60,-0.500
5,J.T. Poston,28.33%,17,60,-0.176
6,Austin Eckroat,26.67%,16,60,-0.188
6,Adam Hadwin,26.67%,16,60,-0.250
6,Russell Henley,26.67%,16,60,-0.500
6,Max Homa,26.67%,16,60,-0.313
6,Si Woo Kim,26.67%,16,60,-0.438
11,Sam Burns,25.00%,15,60,-0.267
11,Nico Echavarria,25.00%,15,60,-0.133
11,Brian Harman,25.00%,15,60,E
11,Denny McCarthy,25.00%,15,60,-0.400
11,Sepp Straka,25.00%,15,60,-0.600
16,Corey Conners,23.33%,14,60,-0.500
16,Chris Kirk,23.33%,14,60,-0.429
16,Cameron Young,23.33%,14,60,-0.357
19,Ludvig Åberg,21.67%,13,60,-0.462
19,Eric Cole,21.67%,13,60,-0.308
19,Jason Day,21.67%,13,60,-0.385
19,Tom Hoge,21.67%,13,60,-0.308
19,Matthieu Pavon,21.67%,13,60,E
19,Nick Taylor,21.67%,13,60,E
19,Will Zalatoris,21.67%,13,60,-0.154
26,Akshay Bhatia,20.00%,12,60,-0.083
26,Keegan Bradley,20.00%,12,60,-0.167
26,Patrick Cantlay,20.00%,12,60,-0.250
26,Billy Horschel,20.00%,12,60,-0.333
26,Patton Kizzire,20.00%,12,60,-0.667
26,Maverick McNealy,20.00%,12,60,-0.417
26,Kevin Yu,20.00%,12,60,-0.167
33,Cam Davis,18.33%,11,60,E
33,Matt Fitzpatrick,18.33%,11,60,E
33,Sungjae Im,18.33%,11,60,-0.455
33,Jake Knapp,18.33%,11,60,-0.091
33,Robert MacIntyre,18.33%,11,60,-0.455
33,Collin Morikawa,18.33%,11,60,-0.273
33,Sahith Theegala,18.33%,11,60,-0.091
40,Byeong Hun An,16.67%,10,60,-0.200
40,Thomas Detry,16.67%,10,60,-0.400
40,Chris Gotterup,16.67%,10,60,-0.100
40,Harry Hall,16.67%,10,60,-0.500
40,Viktor Hovland,16.67%,10,60,-0.300
40,Stephan Jaeger,16.67%,10,60,-0.200
40,Adam Scott,16.67%,10,60,-0.200
40,Davis Thompson,16.67%,10,60,-0.600
48,Nick Dunlap,15.00%,9,60,+0.222
48,Tony Finau,15.00%,9,60,-0.556
48,Brice Garnett,15.00%,9,60,-0.111
48,Xander Schauffele,15.00%,9,60,+0.222
52,Rafael Campos,13.33%,8,60,-0.125
52,Wyndham Clark,13.33%,8,60,-0.125
52,Max Greyserman,13.33%,8,60,-0.125
52,Taylor Pendrith,13.33%,8,60,-1.125
56,Hideki Matsuyama,11.67%,7,60,-0.286
57,Justin Thomas,8.33%,5,60,E
58,Jhonattan Vegas,6.67%,4,60,-0.500
