rank,player,Avg,Total Distance,Total Drives
1,Wyndham Clark,296.5,"2,372",8
2,Thomas Detry,294.5,"2,356",8
3,Xander Schauffele,293.5,"2,348",8
4,Ludvig Åberg,293.1,"2,345",8
5,Cam Davis,292.6,"2,341",8
6,Byeong Hun An,290.8,"2,326",8
7,Sam Burns,289.8,"2,318",8
7,Taylor Pendrith,289.8,"2,318",8
9,Stephan Jaeger,289.6,"2,317",8
9,Collin Morikawa,289.6,"2,317",8
11,Harry Hall,289.3,"2,314",8
12,Viktor Hovland,287.6,"2,301",8
13,Max Greyserman,287.0,"2,296",8
13,Jhonattan Vegas,287.0,"2,296",8
15,Davis Thompson,286.8,"2,294",8
16,Nick Dunlap,286.6,"2,293",8
17,Kevin Yu,286.1,"2,289",8
18,Matt Fitzpatrick,285.8,"2,286",8
19,Maverick McNealy,285.6,"2,285",8
20,Cameron Young,285.5,"2,284",8
21,Hideki Matsuyama,285.1,"2,281",8
22,Chris Gotterup,284.3,"2,274",8
23,Will Zalatoris,283.5,"2,268",8
24,Denny McCarthy,283.4,"2,267",8
25,Robert MacIntyre,282.9,"2,263",8
26,Justin Thomas,282.8,"2,262",8
27,Adam Scott,282.4,"2,259",8
28,Akshay Bhatia,282.3,"2,258",8
28,Tony Finau,282.3,"2,258",8
30,Keegan Bradley,282.1,"2,257",8
31,Matthieu Pavon,281.9,"2,255",8
32,Eric Cole,281.5,"2,252",8
32,Si Woo Kim,281.5,"2,252",8
34,Sungjae Im,281.4,"2,251",8
35,Austin Eckroat,281.3,"2,250",8
36,Adam Hadwin,280.9,"2,247",8
36,Sahith Theegala,280.9,"2,247",8
38,J.T. Poston,280.5,"2,244",8
39,Jason Day,279.4,"2,235",8
39,Jake Knapp,279.4,"2,235",8
41,Patrick Cantlay,278.9,"2,231",8
42,Aaron Rai,278.6,"2,229",8
43,Chris Kirk,278.3,"2,226",8
44,Tom Hoge,278.0,"2,224",8
45,Billy Horschel,277.6,"2,221",8
46,Rafael Campos,274.9,"2,199",8
47,Nico Echavarria,274.5,"2,196",8
48,Max Homa,273.6,"2,189",8
48,Nick Taylor,273.6,"2,189",8
50,Russell Henley,272.5,"2,180",8
51,Matt McCarty,272.4,"2,179",8
52,Brice Garnett,272.0,"2,176",8
53,Corey Conners,271.6,"2,173",8
54,Peter Malnati,271.3,"2,170",8
55,Sepp Straka,268.6,"2,149",8
56,Christiaan Bezuidenhout,268.3,"2,146",8
57,Patton Kizzire,264.3,"2,114",8
58,Brian Harman,264.0,"2,112",8
