rank,player,%,Total Drives for 320+,Total Drives - Overall,Relative to Par
1,Wyndham Clark,45.00%,27,60,-0.333
2,Ludvig Åberg,43.33%,26,60,-0.346
3,Justin Thomas,41.67%,25,60,-0.440
4,Max Greyserman,40.00%,24,60,-0.292
4,Billy Horschel,40.00%,24,60,-0.042
4,Sungjae Im,40.00%,24,60,-0.292
4,Chris Kirk,40.00%,24,60,-0.042
8,Byeong Hun An,38.33%,23,60,-0.130
8,Sam Burns,38.33%,23,60,-0.391
8,Tony Finau,38.33%,23,60,-0.217
8,Chris Gotterup,38.33%,23,60,-0.304
8,Maverick McNealy,38.33%,23,60,-0.391
8,Taylor Pendrith,38.33%,23,60,E
8,Xander Schauffele,38.33%,23,60,-0.217
8,Adam Scott,38.33%,23,60,-0.391
8,Davis Thompson,38.33%,23,60,-0.217
8,Cameron Young,38.33%,23,60,-0.261
8,Kevin Yu,38.33%,23,60,-0.087
19,Cam Davis,36.67%,22,60,-0.409
19,Harry Hall,36.67%,22,60,-0.182
19,Matthieu Pavon,36.67%,22,60,-0.182
19,J.T. Poston,36.67%,22,60,-0.318
19,Will Zalatoris,36.67%,22,60,-0.364
24,Keegan Bradley,35.00%,21,60,-0.429
24,Patrick Cantlay,35.00%,21,60,-0.429
24,Thomas Detry,35.00%,21,60,-0.286
24,Nick Dunlap,35.00%,21,60,E
24,Viktor Hovland,35.00%,21,60,-0.048
24,Stephan Jaeger,35.00%,21,60,-0.190
24,Jake Knapp,35.00%,21,60,E
31,Corey Conners,33.33%,20,60,-0.500
31,Jason Day,33.33%,20,60,-0.200
31,Matt Fitzpatrick,33.33%,20,60,-0.200
31,Adam Hadwin,33.33%,20,60,-0.250
31,Patton Kizzire,33.33%,20,60,-0.250
31,Sahith Theegala,33.33%,20,60,-0.350
31,Jhonattan Vegas,33.33%,20,60,-0.400
38,Hideki Matsuyama,31.67%,19,60,-0.368
38,Denny McCarthy,31.67%,19,60,-0.263
38,Sepp Straka,31.67%,19,60,-0.316
41,Akshay Bhatia,30.00%,18,60,-0.389
41,Eric Cole,30.00%,18,60,-0.111
41,Nico Echavarria,30.00%,18,60,-0.056
41,Austin Eckroat,30.00%,18,60,-0.278
41,Brice Garnett,30.00%,18,60,-0.056
41,Russell Henley,30.00%,18,60,-0.111
41,Tom Hoge,30.00%,18,60,-0.278
41,Max Homa,30.00%,18,60,-0.278
41,Robert MacIntyre,30.00%,18,60,-0.167
41,Matt McCarty,30.00%,18,60,-0.056
51,Si Woo Kim,28.33%,17,60,-0.235
51,Peter Malnati,28.33%,17,60,-0.235
51,Collin Morikawa,28.33%,17,60,-0.235
54,Rafael Campos,26.67%,16,60,-0.063
54,Brian Harman,26.67%,16,60,+0.188
54,Nick Taylor,26.67%,16,60,E
57,Christiaan Bezuidenhout,25.00%,15,60,-0.133
58,Aaron Rai,23.33%,14,60,-0.214
