rank,player,%,Total Drives for <= 240,Total Drives - Overall,Relative to Par
1,Tom Hoge,10.00%,6,60,-0.333
2,Christiaan Bezuidenhout,8.33%,5,60,-0.200
2,Rafael Campos,8.33%,5,60,-0.400
2,Chris Gotterup,8.33%,5,60,-0.200
2,Adam Scott,8.33%,5,60,-0.200
6,Keegan Bradley,6.67%,4,60,-0.250
6,Nick Dunlap,6.67%,4,60,-0.250
6,Austin Eckroat,6.67%,4,60,-0.250
6,Harry Hall,6.67%,4,60,E
6,Stephan Jaeger,6.67%,4,60,-0.250
6,Patton Kizzire,6.67%,4,60,-0.250
6,Nick Taylor,6.67%,4,60,E
6,Will Zalatoris,6.67%,4,60,-0.250
14,Cam Davis,5.00%,3,60,E
14,Tony Finau,5.00%,3,60,-0.333
14,Si Woo Kim,5.00%,3,60,+0.333
14,Aaron Rai,5.00%,3,60,E
14,Cameron Young,5.00%,3,60,E
19,Corey Conners,3.33%,2,60,+0.500
19,Matt Fitzpatrick,3.33%,2,60,+0.500
19,Brice Garnett,3.33%,2,60,E
19,Adam Hadwin,3.33%,2,60,E
19,Russell Henley,3.33%,2,60,-1.000
19,Jake Knapp,3.33%,2,60,E
19,Denny McCarthy,3.33%,2,60,E
19,Collin Morikawa,3.33%,2,60,-0.500
19,Sahith Theegala,3.33%,2,60,+0.500
19,Justin Thomas,3.33%,2,60,E
19,Davis Thompson,3.33%,2,60,E
19,Jhonattan Vegas,3.33%,2,60,E
19,Kevin Yu,3.33%,2,60,E
32,Ludvig Åberg,1.67%,1,60,E
32,Byeong Hun An,1.67%,1,60,-1.000
32,Patrick Cantlay,1.67%,1,60,+2.000
32,Eric Cole,1.67%,1,60,E
32,Jason Day,1.67%,1,60,-1.000
32,Thomas Detry,1.67%,1,60,E
32,Nico Echavarria,1.67%,1,60,E
32,Brian Harman,1.67%,1,60,E
32,Max Homa,1.67%,1,60,-1.000
32,Billy Horschel,1.67%,1,60,E
32,Chris Kirk,1.67%,1,60,E
32,Robert MacIntyre,1.67%,1,60,E
32,Peter Malnati,1.67%,1,60,E
32,Hideki Matsuyama,1.67%,1,60,E
32,Maverick McNealy,1.67%,1,60,E
32,Taylor Pendrith,1.67%,1,60,-1.000
32,J.T. Poston,1.67%,1,60,E
32,Sepp Straka,1.67%,1,60,-1.000
50,Akshay Bhatia,.00%,0,60,-
50,Sam Burns,.00%,0,60,-
50,Wyndham Clark,.00%,0,60,-
50,Max Greyserman,.00%,0,60,-
50,Viktor Hovland,.00%,0,60,-
50,Sungjae Im,.00%,0,60,-
50,Matt McCarty,.00%,0,60,-
50,Matthieu Pavon,.00%,0,60,-
50,Xander Schauffele,.00%,0,60,-
