rank,player,%,Total Drives for 240-260,Total Drvs - overall,Relative to par
1,Brian Harman,50.00%,4,8,E
2,Nico Echavarria,25.00%,2,8,-0.50
2,Brice Garnett,25.00%,2,8,-0.50
2,Russell Henley,25.00%,2,8,-0.50
2,Sepp Straka,25.00%,2,8,-0.50
2,Nick Taylor,25.00%,2,8,E
2,Jhonattan Vegas,25.00%,2,8,+1.00
8,Christiaan Bezuidenhout,12.50%,1,8,E
8,Rafael Campos,12.50%,1,8,E
8,Patrick Cantlay,12.50%,1,8,E
8,Eric Cole,12.50%,1,8,E
8,Tony Finau,12.50%,1,8,E
8,Chris Gotterup,12.50%,1,8,+1.00
8,Max Greyserman,12.50%,1,8,E
8,Tom Hoge,12.50%,1,8,-1.00
8,Max Homa,12.50%,1,8,-1.00
8,Billy Horschel,12.50%,1,8,E
8,Sungjae Im,12.50%,1,8,+1.00
8,Chris Kirk,12.50%,1,8,+1.00
8,Patton Kizzire,12.50%,1,8,E
8,Robert MacIntyre,12.50%,1,8,E
8,Peter Malnati,12.50%,1,8,+1.00
8,Hideki Matsuyama,12.50%,1,8,E
8,Denny McCarthy,12.50%,1,8,E
8,Matt McCarty,12.50%,1,8,E
8,Adam Scott,12.50%,1,8,+1.00
8,Sahith Theegala,12.50%,1,8,E
8,Justin Thomas,12.50%,1,8,+3.00
8,Cameron Young,12.50%,1,8,E
30,Ludvig Åberg,.00%,0,8,E
30,Byeong Hun An,.00%,0,8,E
30,Akshay Bhatia,.00%,0,8,E
30,Keegan Bradley,.00%,0,8,E
30,Sam Burns,.00%,0,8,E
30,Wyndham Clark,.00%,0,8,E
30,Corey Conners,.00%,0,8,E
30,Cam Davis,.00%,0,8,E
30,Jason Day,.00%,0,8,E
30,Thomas Detry,.00%,0,8,E
30,Nick Dunlap,.00%,0,8,E
30,Austin Eckroat,.00%,0,8,E
30,Matt Fitzpatrick,.00%,0,8,E
30,Adam Hadwin,.00%,0,8,E
30,Harry Hall,.00%,0,8,E
30,Viktor Hovland,.00%,0,8,E
30,Stephan Jaeger,.00%,0,8,E
30,Si Woo Kim,.00%,0,8,E
30,Jake Knapp,.00%,0,8,E
30,Maverick McNealy,.00%,0,8,E
30,Collin Morikawa,.00%,0,8,E
30,Matthieu Pavon,.00%,0,8,E
30,Taylor Pendrith,.00%,0,8,E
30,J.T. Poston,.00%,0,8,E
30,Aaron Rai,.00%,0,8,E
30,Xander Schauffele,.00%,0,8,E
30,Davis Thompson,.00%,0,8,E
30,Kevin Yu,.00%,0,8,E
30,Will Zalatoris,.00%,0,8,E
