rank,player,%,Total Drives for 280-300,Total Drvs - overall,Relative to par
1,Matt Fitzpatrick,87.50%,7,8,-0.86
1,Robert MacIntyre,87.50%,7,8,-0.57
3,Wyndham Clark,75.00%,6,8,-0.50
3,Nick Dunlap,75.00%,6,8,-0.67
3,Harry Hall,75.00%,6,8,-0.83
3,Adam Scott,75.00%,6,8,-0.67
7,Stephan Jaeger,62.50%,5,8,-0.40
7,Taylor Pendrith,62.50%,5,8,-0.80
7,Davis Thompson,62.50%,5,8,-0.20
10,Ludvig Åberg,50.00%,4,8,-1.00
10,Akshay Bhatia,50.00%,4,8,-0.25
10,Keegan Bradley,50.00%,4,8,-0.25
10,Rafael Campos,50.00%,4,8,-0.50
10,Patrick Cantlay,50.00%,4,8,-1.00
10,Tony Finau,50.00%,4,8,-0.25
10,Brice Garnett,50.00%,4,8,E
10,Chris Gotterup,50.00%,4,8,-0.50
10,Adam Hadwin,50.00%,4,8,-0.50
10,Billy Horschel,50.00%,4,8,-0.50
10,Viktor Hovland,50.00%,4,8,-1.00
10,Si Woo Kim,50.00%,4,8,-0.75
10,Denny McCarthy,50.00%,4,8,E
10,Maverick McNealy,50.00%,4,8,-0.25
10,Collin Morikawa,50.00%,4,8,-1.25
10,Aaron Rai,50.00%,4,8,-0.25
10,Xander Schauffele,50.00%,4,8,-1.00
10,Nick Taylor,50.00%,4,8,-1.25
28,Byeong Hun An,37.50%,3,8,-0.67
28,Sam Burns,37.50%,3,8,E
28,Eric Cole,37.50%,3,8,-0.67
28,Cam Davis,37.50%,3,8,-1.00
28,Austin Eckroat,37.50%,3,8,-1.00
28,Max Greyserman,37.50%,3,8,-0.67
28,Russell Henley,37.50%,3,8,-0.33
28,Tom Hoge,37.50%,3,8,-0.67
28,Chris Kirk,37.50%,3,8,-1.33
28,Sahith Theegala,37.50%,3,8,-0.67
28,Justin Thomas,37.50%,3,8,-1.00
28,Jhonattan Vegas,37.50%,3,8,-1.00
40,Corey Conners,25.00%,2,8,E
40,Thomas Detry,25.00%,2,8,-0.50
40,Nico Echavarria,25.00%,2,8,-1.00
40,Max Homa,25.00%,2,8,-0.50
40,Sungjae Im,25.00%,2,8,-1.50
40,Jake Knapp,25.00%,2,8,-1.50
40,Hideki Matsuyama,25.00%,2,8,-1.00
40,Matthieu Pavon,25.00%,2,8,-0.50
40,Cameron Young,25.00%,2,8,-1.50
40,Will Zalatoris,25.00%,2,8,-0.50
50,Jason Day,12.50%,1,8,-1.00
50,Brian Harman,12.50%,1,8,E
50,Patton Kizzire,12.50%,1,8,E
50,Peter Malnati,12.50%,1,8,E
50,J.T. Poston,12.50%,1,8,-1.00
50,Sepp Straka,12.50%,1,8,-1.00
50,Kevin Yu,12.50%,1,8,E
57,Christiaan Bezuidenhout,.00%,0,8,E
57,Matt McCarty,.00%,0,8,E
