rank,player,%,Total Drives for 280-300,Total Drives - Overall,Relative to Par
1,Matt Fitzpatrick,35.00%,21,60,-0.714
2,Wyndham Clark,33.33%,20,60,-0.400
2,Robert MacIntyre,33.33%,20,60,-0.500
2,Collin Morikawa,33.33%,20,60,-0.650
5,Akshay Bhatia,31.67%,19,60,-0.368
6,Jason Day,30.00%,18,60,-0.278
6,Billy Horschel,30.00%,18,60,-0.278
6,Hideki Matsuyama,30.00%,18,60,-0.667
6,Taylor Pendrith,30.00%,18,60,-0.444
6,Jhonattan Vegas,30.00%,18,60,-0.611
11,Ludvig Åberg,28.33%,17,60,-0.471
11,Corey Conners,28.33%,17,60,-0.176
11,Nick Dunlap,28.33%,17,60,-0.353
11,Davis Thompson,28.33%,17,60,-0.294
15,Sam Burns,26.67%,16,60,-0.375
15,Patrick Cantlay,26.67%,16,60,-0.688
15,Cam Davis,26.67%,16,60,-0.500
15,Austin Eckroat,26.67%,16,60,-0.438
15,Tony Finau,26.67%,16,60,-0.313
15,Adam Hadwin,26.67%,16,60,-0.438
15,Si Woo Kim,26.67%,16,60,-0.500
22,Rafael Campos,25.00%,15,60,-0.200
22,Thomas Detry,25.00%,15,60,-0.600
22,Nico Echavarria,25.00%,15,60,-0.400
22,Viktor Hovland,25.00%,15,60,-0.600
22,Sungjae Im,25.00%,15,60,-0.867
22,Xander Schauffele,25.00%,15,60,-0.467
22,Adam Scott,25.00%,15,60,-0.600
29,Keegan Bradley,23.33%,14,60,-0.571
29,Brian Harman,23.33%,14,60,-0.500
29,Max Homa,23.33%,14,60,-0.143
29,Stephan Jaeger,23.33%,14,60,-0.571
29,Matthieu Pavon,23.33%,14,60,-0.286
29,Sepp Straka,23.33%,14,60,-0.357
29,Kevin Yu,23.33%,14,60,-0.643
36,Eric Cole,21.67%,13,60,-0.231
36,Chris Gotterup,21.67%,13,60,-0.154
36,Harry Hall,21.67%,13,60,-0.615
36,Russell Henley,21.67%,13,60,-0.385
36,Chris Kirk,21.67%,13,60,-0.692
36,Jake Knapp,21.67%,13,60,-0.154
36,Nick Taylor,21.67%,13,60,-0.615
43,Byeong Hun An,20.00%,12,60,-0.500
43,Denny McCarthy,20.00%,12,60,-0.167
43,Maverick McNealy,20.00%,12,60,-0.500
43,Aaron Rai,20.00%,12,60,-0.417
43,Sahith Theegala,20.00%,12,60,-0.500
43,Justin Thomas,20.00%,12,60,-0.417
49,Will Zalatoris,18.33%,11,60,-0.364
50,Brice Garnett,16.67%,10,60,+0.100
50,Max Greyserman,16.67%,10,60,-0.700
50,Patton Kizzire,16.67%,10,60,+0.200
50,Cameron Young,16.67%,10,60,-0.600
54,Tom Hoge,15.00%,9,60,-0.444
54,Peter Malnati,15.00%,9,60,+0.222
54,J.T. Poston,15.00%,9,60,-0.333
57,Matt McCarty,13.33%,8,60,-0.125
58,Christiaan Bezuidenhout,11.67%,7,60,-0.429
