rank,player,%,Total Drives for 300-320,Total Drvs - overall,Relative to par
1,Thomas Detry,50.00%,4,8,-0.75
2,Byeong Hun An,37.50%,3,8,-0.67
2,Xander Schauffele,37.50%,3,8,-0.67
2,Jhonattan Vegas,37.50%,3,8,-1.00
2,Cameron Young,37.50%,3,8,-0.33
6,Sam Burns,25.00%,2,8,-1.00
6,Max Greyserman,25.00%,2,8,-0.50
6,Sungjae Im,25.00%,2,8,-1.00
6,Hideki Matsuyama,25.00%,2,8,-1.50
6,Collin Morikawa,25.00%,2,8,-0.50
6,Justin Thomas,25.00%,2,8,-0.50
6,Will Zalatoris,25.00%,2,8,-0.50
13,Ludvig Åberg,12.50%,1,8,-1.00
13,Patrick Cantlay,12.50%,1,8,-1.00
13,Wyndham Clark,12.50%,1,8,-1.00
13,Eric Cole,12.50%,1,8,-1.00
13,Cam Davis,12.50%,1,8,E
13,Jason Day,12.50%,1,8,E
13,Nico Echavarria,12.50%,1,8,E
13,Tony Finau,12.50%,1,8,E
13,Chris Gotterup,12.50%,1,8,E
13,Harry Hall,12.50%,1,8,-1.00
13,Stephan Jaeger,12.50%,1,8,-1.00
13,Chris Kirk,12.50%,1,8,-1.00
13,Jake Knapp,12.50%,1,8,-2.00
13,Denny McCarthy,12.50%,1,8,E
13,Matt McCarty,12.50%,1,8,-1.00
13,Maverick McNealy,12.50%,1,8,+1.00
13,Matthieu Pavon,12.50%,1,8,-1.00
13,Taylor Pendrith,12.50%,1,8,-1.00
13,J.T. Poston,12.50%,1,8,-1.00
13,Sahith Theegala,12.50%,1,8,-1.00
13,Davis Thompson,12.50%,1,8,-1.00
13,Kevin Yu,12.50%,1,8,E
35,Christiaan Bezuidenhout,.00%,0,8,E
35,Akshay Bhatia,.00%,0,8,E
35,Keegan Bradley,.00%,0,8,E
35,Rafael Campos,.00%,0,8,E
35,Corey Conners,.00%,0,8,E
35,Nick Dunlap,.00%,0,8,E
35,Austin Eckroat,.00%,0,8,E
35,Matt Fitzpatrick,.00%,0,8,E
35,Brice Garnett,.00%,0,8,E
35,Adam Hadwin,.00%,0,8,E
35,Brian Harman,.00%,0,8,E
35,Russell Henley,.00%,0,8,E
35,Tom Hoge,.00%,0,8,E
35,Max Homa,.00%,0,8,E
35,Billy Horschel,.00%,0,8,E
35,Viktor Hovland,.00%,0,8,E
35,Si Woo Kim,.00%,0,8,E
35,Patton Kizzire,.00%,0,8,E
35,Robert MacIntyre,.00%,0,8,E
35,Peter Malnati,.00%,0,8,E
35,Aaron Rai,.00%,0,8,E
35,Adam Scott,.00%,0,8,E
35,Sepp Straka,.00%,0,8,E
35,Nick Taylor,.00%,0,8,E
