rank,player,Status,Par 4 Avg,Total Par
1,Graeme McDowell,-15,3.66,176
2,Jonathan Byrd,-14,3.68,176
3,Robert Garrigus,-13,3.70,176
4,Steve Stricker,-11,3.75,176
5,Ben Crane,-9,3.80,176
6,Tim Clark,-6,3.86,176
6,Matt Kuchar,-6,3.86,176
6,Francesco Molinari,-6,3.86,176
6,Carl Pettersson,-6,3.86,176
6,Adam Scott,-6,3.86,176
11,Arjun Atwal,-5,3.89,176
11,Cameron Beckman,-5,3.89,176
11,Ernie Els,-5,3.89,176
11,Bill Haas,-5,3.89,176
11,Ian Poulter,-5,3.89,176
16,Jason Day,-4,3.91,176
16,Jim Furyk,-4,3.91,176
16,Charley Hoffman,-4,3.91,176
16,Dustin Johnson,-4,3.91,176
20,Stuart Appleby,-3,3.93,176
20,Zach Johnson,-3,3.93,176
20,Anthony Kim,-3,3.93,176
20,Justin Rose,-3,3.93,176
24,Ryan Palmer,-2,3.95,176
25,Matt Bettencourt,-1,3.98,176
25,Bill Lunde,-1,3.98,176
25,Bubba Watson,-1,3.98,176
28,Jason Bohn,E,4.00,176
28,Heath Slocum,E,4.00,176
30,Hunter Mahan,+1,4.02,176
31,Rocco Mediate,+2,4.05,176
32,Derek Lamely,+7,4.16,176
