rank,player,Avg,Total Strokes,Total Holes
1,Carl Pettersson,2.67,32,12
2,Arjun Atwal,2.83,34,12
2,Jason Day,2.83,34,12
2,Jim Furyk,2.83,34,12
2,Heath Slocum,2.83,34,12
2,Steve Stricker,2.83,34,12
7,Cameron Beckman,2.92,35,12
7,Bill Haas,2.92,35,12
7,Bill Lunde,2.92,35,12
7,Ian Poulter,2.92,35,12
11,Matt Bettencourt,3.00,36,12
11,Jason Bohn,3.00,36,12
11,Jonathan Byrd,3.00,36,12
11,Tim Clark,3.00,36,12
11,Ben Crane,3.00,36,12
11,Ernie Els,3.00,36,12
11,Dustin Johnson,3.00,36,12
11,Matt Kuchar,3.00,36,12
11,Hunter Mahan,3.00,36,12
11,Graeme McDowell,3.00,36,12
11,Ryan Palmer,3.00,36,12
22,Robert Garrigus,3.08,37,12
22,Zach Johnson,3.08,37,12
22,Francesco Molinari,3.08,37,12
22,Justin Rose,3.08,37,12
26,Stuart Appleby,3.17,38,12
26,Anthony Kim,3.17,38,12
26,Bubba Watson,3.17,38,12
29,Derek Lamely,3.25,39,12
30,Rocco Mediate,3.33,40,12
31,Charley Hoffman,3.42,41,12
31,Adam Scott,3.42,41,12
