rank,player,Status,Par 3 Avg,Total Par
1,Carl Pettersson,-4,2.67,36
2,Arjun Atwal,-2,2.83,36
2,Jason Day,-2,2.83,36
2,Jim Furyk,-2,2.83,36
2,Heath Slocum,-2,2.83,36
2,Steve Stricker,-2,2.83,36
7,Cameron Beckman,-1,2.92,36
7,Bill Haas,-1,2.92,36
7,Bill Lunde,-1,2.92,36
7,Ian Poulter,-1,2.92,36
11,Matt Bettencourt,E,3.00,36
11,Jason Bohn,E,3.00,36
11,Jonathan Byrd,E,3.00,36
11,Tim Clark,E,3.00,36
11,Ben Crane,E,3.00,36
11,Ernie Els,E,3.00,36
11,Dustin Johnson,E,3.00,36
11,Matt Kuchar,E,3.00,36
11,Hunter Mahan,E,3.00,36
11,Graeme McDowell,E,3.00,36
11,Ryan Palmer,E,3.00,36
22,Robert Garrigus,+1,3.08,36
22,Zach Johnson,+1,3.08,36
22,Francesco Molinari,+1,3.08,36
22,Justin Rose,+1,3.08,36
26,Stuart Appleby,+2,3.17,36
26,Anthony Kim,+2,3.17,36
26,Bubba Watson,+2,3.17,36
29,Derek Lamely,+3,3.25,36
30,Rocco Mediate,+4,3.33,36
31,Charley Hoffman,+5,3.42,36
31,Adam Scott,+5,3.42,36
