rank,player,%,Par 4 Birdies or Better,Par 4 Holes
1,Graeme McDowell,40.91,18,44
2,Robert Garrigus,38.64,17,44
3,Jonathan Byrd,34.09,15,44
3,Bubba Watson,34.09,15,44
5,Steve Stricker,31.82,14,44
6,Ben Crane,29.55,13,44
7,Arjun Atwal,27.27,12,44
7,Francesco Molinari,27.27,12,44
7,Carl Pettersson,27.27,12,44
10,Stuart Appleby,25.00,11,44
10,Cameron Beckman,25.00,11,44
10,Jason Day,25.00,11,44
10,Charley Hoffman,25.00,11,44
10,Dustin Johnson,25.00,11,44
10,Matt Kuchar,25.00,11,44
16,Tim Clark,22.73,10,44
16,Anthony Kim,22.73,10,44
16,Ian Poulter,22.73,10,44
16,Adam Scott,22.73,10,44
20,Jason Bohn,20.45,9,44
20,Ernie Els,20.45,9,44
20,Justin Rose,20.45,9,44
23,Jim Furyk,18.18,8,44
23,Bill Haas,18.18,8,44
23,Zach Johnson,18.18,8,44
23,Rocco Mediate,18.18,8,44
23,Heath Slocum,18.18,8,44
28,Derek Lamely,15.91,7,44
28,Hunter Mahan,15.91,7,44
30,Matt Bettencourt,11.36,5,44
30,Ryan Palmer,11.36,5,44
32,Bill Lunde,9.09,4,44
