rank,player,Status,Par 5 Avg,Total Par
1,Robert Garrigus,-12,4.25,80
1,Matt Kuchar,-12,4.25,80
1,Ian Poulter,-12,4.25,80
4,Bill Lunde,-11,4.31,80
4,Justin Rose,-11,4.31,80
6,Jonathan Byrd,-10,4.38,80
6,Bill Haas,-10,4.38,80
6,Dustin Johnson,-10,4.38,80
6,Ryan Palmer,-10,4.38,80
6,Carl Pettersson,-10,4.38,80
11,Matt Bettencourt,-9,4.44,80
11,Anthony Kim,-9,4.44,80
13,Jason Day,-8,4.50,80
13,Jim Furyk,-8,4.50,80
13,Charley Hoffman,-8,4.50,80
13,Hunter Mahan,-8,4.50,80
13,Graeme McDowell,-8,4.50,80
13,Adam Scott,-8,4.50,80
13,Bubba Watson,-8,4.50,80
20,Francesco Molinari,-7,4.56,80
20,Steve Stricker,-7,4.56,80
22,Arjun Atwal,-6,4.63,80
22,Jason Bohn,-6,4.63,80
22,Ernie Els,-6,4.63,80
22,Zach Johnson,-6,4.63,80
22,Derek Lamely,-6,4.63,80
27,Tim Clark,-5,4.69,80
28,Heath Slocum,-4,4.75,80
29,Rocco Mediate,-3,4.81,80
30,Stuart Appleby,-2,4.88,80
30,Cameron Beckman,-2,4.88,80
32,Ben Crane,E,5.00,80
