rank,player,Avg,Total Strokes,Total Holes
1,Graeme McDowell,3.66,161,44
2,Jonathan Byrd,3.68,162,44
3,Robert Garrigus,3.70,163,44
4,Steve Stricker,3.75,165,44
5,Ben Crane,3.80,167,44
6,Tim Clark,3.86,170,44
6,Matt Kuchar,3.86,170,44
6,Francesco Molinari,3.86,170,44
6,Carl Pettersson,3.86,170,44
6,Adam Scott,3.86,170,44
11,Arjun Atwal,3.89,171,44
11,Cameron Beckman,3.89,171,44
11,Ernie Els,3.89,171,44
11,Bill Haas,3.89,171,44
11,Ian Poulter,3.89,171,44
16,Jason Day,3.91,172,44
16,Jim Furyk,3.91,172,44
16,Charley Hoffman,3.91,172,44
16,Dustin Johnson,3.91,172,44
20,Stuart Appleby,3.93,173,44
20,Zach Johnson,3.93,173,44
20,Anthony Kim,3.93,173,44
20,Justin Rose,3.93,173,44
24,Ryan Palmer,3.95,174,44
25,Matt Bettencourt,3.98,175,44
25,Bill Lunde,3.98,175,44
25,Bubba Watson,3.98,175,44
28,Jason Bohn,4.00,176,44
28,Heath Slocum,4.00,176,44
30,Hunter Mahan,4.02,177,44
31,Rocco Mediate,4.05,178,44
32,Derek Lamely,4.16,183,44
