rank,player,Avg,Total Strokes,Total Holes
1,Robert Garrigus,4.25,68,16
1,Matt Kuchar,4.25,68,16
1,Ian Poulter,4.25,68,16
4,Bill Lunde,4.31,69,16
4,Justin Rose,4.31,69,16
6,Jonathan Byrd,4.38,70,16
6,Bill Haas,4.38,70,16
6,Dustin Johnson,4.38,70,16
6,Ryan Palmer,4.38,70,16
6,Carl Pettersson,4.38,70,16
11,Matt Bettencourt,4.44,71,16
11,Anthony Kim,4.44,71,16
13,Jason Day,4.50,72,16
13,Jim Furyk,4.50,72,16
13,Charley Hoffman,4.50,72,16
13,Hunter Mahan,4.50,72,16
13,Graeme McDowell,4.50,72,16
13,Adam Scott,4.50,72,16
13,Bubba Watson,4.50,72,16
20,Francesco Molinari,4.56,73,16
20,Steve Stricker,4.56,73,16
22,Arjun Atwal,4.63,74,16
22,Jason Bohn,4.63,74,16
22,Ernie Els,4.63,74,16
22,Zach Johnson,4.63,74,16
22,Derek Lamely,4.63,74,16
27,Tim Clark,4.69,75,16
28,Heath Slocum,4.75,76,16
29,Rocco Mediate,4.81,77,16
30,Stuart Appleby,4.88,78,16
30,Cameron Beckman,4.88,78,16
32,Ben Crane,5.00,80,16
