rank,player,%,Par 3 Birdies or Better,Par 3 Holes
1,Carl Pettersson,33.33,4,12
2,Cameron Beckman,25.00,3,12
2,Jason Bohn,25.00,3,12
2,Jason Day,25.00,3,12
2,Jim Furyk,25.00,3,12
2,Dustin Johnson,25.00,3,12
2,Francesco Molinari,25.00,3,12
2,Ian Poulter,25.00,3,12
9,Arjun Atwal,16.67,2,12
9,Ben Crane,16.67,2,12
9,Ernie Els,16.67,2,12
9,Zach Johnson,16.67,2,12
9,Bill Lunde,16.67,2,12
9,Hunter Mahan,16.67,2,12
9,Heath Slocum,16.67,2,12
9,Steve Stricker,16.67,2,12
17,Stuart Appleby,8.33,1,12
17,Matt Bettencourt,8.33,1,12
17,Jonathan Byrd,8.33,1,12
17,Tim Clark,8.33,1,12
17,Bill Haas,8.33,1,12
17,Anthony Kim,8.33,1,12
17,Matt Kuchar,8.33,1,12
17,Derek Lamely,8.33,1,12
17,Graeme McDowell,8.33,1,12
17,Ryan Palmer,8.33,1,12
17,Justin Rose,8.33,1,12
17,Bubba Watson,8.33,1,12
29,Robert Garrigus,.00,0,12
29,Charley Hoffman,.00,0,12
29,Rocco Mediate,.00,0,12
29,Adam Scott,.00,0,12
