rank,player,%,Par 5 Birdies or Better,Par 5 Holes
1,Matt Kuchar,75.00,12,16
1,Ian Poulter,75.00,12,16
1,Justin Rose,75.00,12,16
4,Robert Garrigus,68.75,11,16
4,Dustin Johnson,68.75,11,16
4,Bill Lunde,68.75,11,16
4,Ryan Palmer,68.75,11,16
8,Matt Bettencourt,62.50,10,16
8,Jonathan Byrd,62.50,10,16
8,Charley Hoffman,62.50,10,16
8,Hunter Mahan,62.50,10,16
8,Carl Pettersson,62.50,10,16
8,Adam Scott,62.50,10,16
14,Bill Haas,56.25,9,16
14,Anthony Kim,56.25,9,16
16,Arjun Atwal,50.00,8,16
16,Tim Clark,50.00,8,16
16,Jason Day,50.00,8,16
16,Jim Furyk,50.00,8,16
16,Zach Johnson,50.00,8,16
16,Graeme McDowell,50.00,8,16
16,Steve Stricker,50.00,8,16
16,Bubba Watson,50.00,8,16
24,Ernie Els,43.75,7,16
24,Derek Lamely,43.75,7,16
24,Rocco Mediate,43.75,7,16
24,Francesco Molinari,43.75,7,16
28,Stuart Appleby,37.50,6,16
28,Jason Bohn,37.50,6,16
30,Cameron Beckman,31.25,5,16
30,Heath Slocum,31.25,5,16
32,Ben Crane,25.00,4,16
