rank,player,Avg,Total SG:APP,Measured Rounds
1,Justin Thomas,1.904,7.614,4
2,Joaquin Niemann,1.823,7.293,4
3,Adam Scott,1.706,6.824,4
4,Ryan Palmer,1.512,6.048,4
5,Webb Simpson,1.410,5.639,4
6,Sungjae Im,1.290,5.160,4
7,Dustin Johnson,1.214,4.854,4
8,Marc Leishman,.955,3.821,4
9,Daniel Berger,.825,3.300,4
10,Collin Morikawa,.657,2.627,4
11,Michael Thompson,.557,2.227,4
12,Harris English,.256,1.025,4
13,Abraham Ancer,.246,.983,4
14,Xander Schauffele,.234,.934,4
15,Brian Gay,.204,.815,4
16,Brendon Todd,.131,.523,4
17,Lanto Griffin,.018,.072,4
18,Cameron Champ,.007,.029,4
19,Stewart Cink,.004,.016,4
20,Bryson DeChambeau,-.021,-.084,4
21,Jon Rahm,-.089,-.355,4
22,Scottie Scheffler,-.172,-.689,4
23,Sebastián Muñoz,-.221,-.886,4
24,Sergio Garcia,-.245,-.982,4
25,Richy Werenski,-.293,-1.172,4
26,Kevin Kisner,-.399,-1.598,4
27,Viktor Hovland,-.423,-1.691,4
28,Hideki Matsuyama,-.451,-1.804,4
29,Billy Horschel,-.486,-1.946,4
30,Robert Streb,-.539,-2.155,4
31,Hudson Swafford,-.645,-2.579,4
32,Patrick Cantlay,-.694,-2.776,4
33,Mackenzie Hughes,-.700,-2.802,4
34,Jason Kokrak,-.708,-2.834,4
35,Cameron Smith,-.902,-3.608,4
36,Tony Finau,-.970,-3.879,4
37,Nick Taylor,-1.018,-4.071,4
38,Martin Laird,-1.056,-4.223,4
38,Patrick Reed,-1.056,-4.224,4
40,Andrew Landry,-1.105,-4.420,4
41,Kevin Na,-1.126,-4.503,4
42,Carlos Ortiz,-1.634,-6.535,4
