rank,player,Avg,Total SG:Putting,Measured Rounds
1,Harris English,1.711,6.842,4
2,Michael Thompson,1.699,6.796,4
3,Abraham Ancer,1.667,6.669,4
4,Lanto Griffin,1.561,6.245,4
5,Brendon Todd,1.288,5.152,4
6,Patrick Reed,.927,3.708,4
7,Kevin Kisner,.757,3.028,4
8,Patrick Cantlay,.742,2.968,4
8,Martin Laird,.742,2.968,4
10,Hudson Swafford,.640,2.561,4
11,Nick Taylor,.489,1.957,4
12,Xander Schauffele,.466,1.862,4
13,Brian Gay,.396,1.582,4
14,Scottie Scheffler,.363,1.451,4
15,Joaquin Niemann,.252,1.006,4
16,Jon Rahm,.251,1.003,4
17,Cameron Smith,.217,.869,4
18,Justin Thomas,.210,.840,4
19,Billy Horschel,.176,.703,4
20,Ryan Palmer,.148,.590,4
21,Webb Simpson,.136,.542,4
22,Stewart Cink,.101,.404,4
23,Jason Kokrak,-.038,-.152,4
24,Collin Morikawa,-.106,-.424,4
25,Daniel Berger,-.111,-.444,4
26,Tony Finau,-.153,-.613,4
27,Bryson DeChambeau,-.225,-.900,4
28,Sebastián Muñoz,-.290,-1.161,4
29,Andrew Landry,-.410,-1.641,4
30,Richy Werenski,-.487,-1.948,4
31,Dustin Johnson,-.571,-2.286,4
32,Carlos Ortiz,-.650,-2.600,4
33,Kevin Na,-.730,-2.919,4
34,Adam Scott,-.782,-3.129,4
35,Sungjae Im,-.813,-3.251,4
36,Robert Streb,-.825,-3.302,4
37,Cameron Champ,-1.110,-4.441,4
38,Viktor Hovland,-1.126,-4.504,4
39,Sergio Garcia,-1.180,-4.720,4
40,Marc Leishman,-1.272,-5.088,4
41,Mackenzie Hughes,-1.624,-6.497,4
42,Hideki Matsuyama,-2.435,-9.742,4
