rank,player,Avg,Total SG:ARG,Measured Rounds
1,Sergio Garcia,1.148,4.591,4
2,Jon Rahm,.940,3.762,4
3,Justin Thomas,.679,2.718,4
4,Scottie Scheffler,.541,2.164,4
5,Brendon Todd,.441,1.764,4
6,Sungjae Im,.426,1.703,4
7,Webb Simpson,.421,1.683,4
8,Joaquin Niemann,.406,1.623,4
9,Dustin Johnson,.403,1.613,4
10,Nick Taylor,.372,1.489,4
11,Marc Leishman,.371,1.484,4
12,Collin Morikawa,.352,1.410,4
13,Richy Werenski,.334,1.338,4
14,Kevin Kisner,.333,1.333,4
15,Sebastián Muñoz,.331,1.324,4
16,Martin Laird,.317,1.267,4
17,Cameron Smith,.294,1.177,4
18,Mackenzie Hughes,.227,.907,4
19,Ryan Palmer,.185,.740,4
20,Patrick Cantlay,.183,.733,4
21,Robert Streb,.144,.575,4
22,Cameron Champ,.039,.155,4
23,Xander Schauffele,.036,.143,4
24,Hideki Matsuyama,-.023,-.092,4
25,Harris English,-.037,-.146,4
26,Bryson DeChambeau,-.065,-.258,4
27,Kevin Na,-.073,-.291,4
28,Viktor Hovland,-.101,-.405,4
29,Patrick Reed,-.106,-.424,4
30,Brian Gay,-.268,-1.070,4
31,Jason Kokrak,-.299,-1.197,4
32,Stewart Cink,-.307,-1.228,4
33,Tony Finau,-.352,-1.408,4
34,Daniel Berger,-.355,-1.421,4
35,Billy Horschel,-.366,-1.465,4
36,Andrew Landry,-.552,-2.209,4
37,Carlos Ortiz,-.558,-2.233,4
38,Lanto Griffin,-.773,-3.091,4
39,Michael Thompson,-.953,-3.812,4
40,Abraham Ancer,-1.010,-4.041,4
41,Adam Scott,-1.032,-4.128,4
42,Hudson Swafford,-1.690,-6.759,4
