rank,player,% Made,Attempts,Putts Made
1,Jonathan Byrd,3.33,6,2
1,Todd Hamilton,3.33,3,1
1,Tiger Woods,3.33,3,1
4,Joey Sindelar,2.50,4,1
5,Stephen Ames,.00,3,-
5,Stuart Appleby,.00,1,-
5,Woody Austin,.00,5,-
5,Bart Bryant,.00,6,-
5,Chad Campbell,.00,4,-
5,Stewart Cink,.00,4,-
5,John Daly,.00,4,-
5,Ernie Els,.00,5,-
5,Steve Flesch,.00,3,-
5,Carlos Franco,.00,4,-
5,Fred Funk,.00,7,-
5,Sergio Garcia,.00,2,-
5,Brent Geiberger,.00,7,-
5,Retief Goosen,.00,4,-
5,Mark Hensby,.00,4,-
5,Zach Johnson,.00,3,-
5,Jonathan Kaye,.00,3,-
5,Ryan Palmer,.00,4,-
5,Rod Pampling,.00,5,-
5,Craig Parry,.00,3,-
5,Adam Scott,.00,5,-
5,Vijay Singh,.00,5,-
5,Heath Slocum,.00,1,-
5,Andre Stolz,.00,4,-
5,Vaughn Taylor,.00,1,-
5,David Toms,.00,4,-
5,Mike Weir,.00,5,-
