rank,player,% Made,Attempts,Putts Made
1,Mike Weir,6.67,3,2
2,Craig Parry,4.00,5,2
3,Woody Austin,3.33,3,1
3,Brent Geiberger,3.33,3,1
3,Adam Scott,3.33,6,2
6,Stuart Appleby,2.50,8,2
7,Bart Bryant,2.00,5,1
8,Rod Pampling,1.67,6,1
9,Ernie Els,1.25,8,1
10,Stephen Ames,.00,5,-
10,Jonathan Byrd,.00,3,-
10,Chad Campbell,.00,5,-
10,Stewart Cink,.00,6,-
10,John Daly,.00,5,-
10,Steve Flesch,.00,5,-
10,Carlos Franco,.00,10,-
10,Fred Funk,.00,6,-
10,Sergio Garcia,.00,5,-
10,Retief Goosen,.00,4,-
10,Todd Hamilton,.00,7,-
10,Mark Hensby,.00,3,-
10,Zach Johnson,.00,3,-
10,Jonathan Kaye,.00,5,-
10,Ryan Palmer,.00,8,-
10,Joey Sindelar,.00,2,-
10,Vijay Singh,.00,2,-
10,Heath Slocum,.00,4,-
10,Andre Stolz,.00,3,-
10,Vaughn Taylor,.00,5,-
10,David Toms,.00,3,-
10,Tiger Woods,.00,6,-
