rank,player,% Made,Attempts,Putts Made
1,Chad Campbell,1.33,15,2
2,John Daly,1.25,8,1
2,Heath Slocum,1.25,8,1
4,Bart Bryant,1.00,10,1
5,Stuart Appleby,.91,11,1
6,Zach Johnson,.83,12,1
7,Jonathan Byrd,.77,13,1
8,Sergio Garcia,.71,14,1
9,Stephen Ames,.00,11,-
9,Woody Austin,.00,8,-
9,Stewart Cink,.00,7,-
9,Ernie Els,.00,9,-
9,Steve Flesch,.00,7,-
9,Carlos Franco,.00,9,-
9,Fred Funk,.00,9,-
9,Brent Geiberger,.00,11,-
9,Retief Goosen,.00,10,-
9,Todd Hamilton,.00,9,-
9,Mark Hensby,.00,14,-
9,Jonathan Kaye,.00,10,-
9,Ryan Palmer,.00,10,-
9,Rod Pampling,.00,9,-
9,Craig Parry,.00,10,-
9,Adam Scott,.00,10,-
9,Joey Sindelar,.00,13,-
9,Vijay Singh,.00,5,-
9,Andre Stolz,.00,10,-
9,Vaughn Taylor,.00,16,-
9,David Toms,.00,6,-
9,Mike Weir,.00,9,-
9,Tiger Woods,.00,7,-
