rank,player,%,Attempts,Putts made
1,Stuart Appleby,15.00,20,3
2,Jonathan Byrd,13.64,22,3
3,Mike Weir,11.76,17,2
4,Craig Parry,11.11,18,2
5,Bart Bryant,9.52,21,2
5,Adam Scott,9.52,21,2
7,Chad Campbell,8.33,24,2
8,Heath Slocum,7.69,13,1
9,Woody Austin,6.25,16,1
9,Tiger Woods,6.25,16,1
11,John Daly,5.88,17,1
12,Zach Johnson,5.56,18,1
13,Todd Hamilton,5.26,19,1
13,Joey Sindelar,5.26,19,1
15,Rod Pampling,5.00,20,1
16,Sergio Garcia,4.76,21,1
16,Brent Geiberger,4.76,21,1
18,Ernie Els,4.55,22,1
19,Stephen Ames,.00,19,-
19,Stewart Cink,.00,17,-
19,Steve Flesch,.00,15,-
19,Carlos Franco,.00,23,-
19,Fred Funk,.00,22,-
19,Retief Goosen,.00,18,-
19,Mark Hensby,.00,21,-
19,Jonathan Kaye,.00,18,-
19,Ryan Palmer,.00,22,-
19,Vijay Singh,.00,12,-
19,Andre Stolz,.00,17,-
19,Vaughn Taylor,.00,22,-
19,David Toms,.00,13,-
