rank,player,%,Attempts,Putts made
1,Jonathan Kaye,60.00,10,6
2,Stuart Appleby,58.33,12,7
3,Craig Parry,50.00,12,6
4,Ernie Els,41.67,12,5
5,Stewart Cink,37.50,8,3
6,Adam Scott,35.71,14,5
7,John Daly,33.33,6,2
7,Brent Geiberger,33.33,9,3
7,Retief Goosen,33.33,6,2
10,Bart Bryant,31.25,16,5
11,Woody Austin,30.00,10,3
11,Carlos Franco,30.00,10,3
13,Vijay Singh,29.41,17,5
14,Tiger Woods,28.57,14,4
15,Steve Flesch,27.27,11,3
15,Fred Funk,27.27,11,3
15,Todd Hamilton,27.27,11,3
15,Mike Weir,27.27,11,3
19,Stephen Ames,25.00,8,2
19,Jonathan Byrd,25.00,8,2
19,Joey Sindelar,25.00,12,3
19,David Toms,25.00,12,3
23,Andre Stolz,20.00,5,1
24,Sergio Garcia,18.18,11,2
25,Rod Pampling,16.67,12,2
25,Vaughn Taylor,16.67,12,2
27,Heath Slocum,15.79,19,3
28,Ryan Palmer,12.50,8,1
29,Mark Hensby,7.14,14,1
30,Chad Campbell,.00,11,-
30,Zach Johnson,.00,8,-
