rank,player,%,Attempts,Putts made
1,Adam Scott,42.86,7,3
2,Ryan Palmer,40.00,5,2
3,Stuart Appleby,37.50,8,3
4,Stephen Ames,36.36,11,4
5,Woody Austin,33.33,3,1
5,Bart Bryant,33.33,9,3
5,Zach Johnson,33.33,6,2
8,Heath Slocum,28.57,7,2
8,Andre Stolz,28.57,7,2
10,Jonathan Kaye,25.00,8,2
10,Rod Pampling,25.00,4,1
12,Chad Campbell,20.00,5,1
12,Mark Hensby,20.00,5,1
12,Craig Parry,20.00,15,3
15,Stewart Cink,18.18,11,2
16,Jonathan Byrd,16.67,6,1
16,Joey Sindelar,16.67,6,1
16,Vijay Singh,16.67,12,2
19,Ernie Els,14.29,7,1
20,Steve Flesch,12.50,8,1
21,Carlos Franco,11.11,9,1
22,Fred Funk,10.00,10,1
23,John Daly,.00,7,-
23,Sergio Garcia,.00,10,-
23,Brent Geiberger,.00,8,-
23,Retief Goosen,.00,11,-
23,Todd Hamilton,.00,9,-
23,Vaughn Taylor,.00,8,-
23,David Toms,.00,12,-
23,Mike Weir,.00,8,-
23,Tiger Woods,.00,6,-
