rank,player,Value,Total Drv Rank,GIR Rank
1,Ryan Moore,2,1,1
2,Matt Kuchar,4,2,2
3,Pat Perez,7,5,2
4,Stephen Ames,10,8,2
4,Lucas Glover,10,8,2
6,John Rollins,11,4,7
7,Y.E. Yang,12,2,10
8,Kenny Perry,15,6,9
9,Stewart Cink,17,15,2
10,Rory Sabbatini,18,8,10
11,Steve Stricker,21,6,15
12,Zach Johnson,25,18,7
13,Martin Laird,26,13,13
14,Sean O'Hair,31,16,15
15,Geoff Ogilvy,32,22,10
16,Troy Matteson,33,20,13
17,Mark Wilson,34,11,23
18,Dustin Johnson,35,17,18
19,Bo Van Pelt,36,11,25
20,Ángel Cabrera,38,20,18
21,Brian Gay,39,13,26
21,Retief Goosen,39,18,21
23,Nick Watney,40,25,15
24,Michael Bradley,45,27,18
25,Heath Slocum,47,24,23
26,Paul Casey,49,28,21
26,Nathan Green,49,23,26
28,Jerry Kelly,51,25,26
