rank,player,%,Greens Hit,# Holes,Relative/Par
1,Ryan Moore,90.28,65,72,-0.28
2,Stephen Ames,88.89,64,72,-0.27
2,Stewart Cink,88.89,64,72,-0.30
2,Lucas Glover,88.89,64,72,-0.34
2,Matt Kuchar,88.89,64,72,-0.34
2,Pat Perez,88.89,64,72,-0.28
7,Zach Johnson,87.50,63,72,-0.27
7,John Rollins,87.50,63,72,-0.30
9,Kenny Perry,86.11,62,72,-0.39
10,Geoff Ogilvy,84.72,61,72,-0.43
10,Rory Sabbatini,84.72,61,72,-0.38
10,Y.E. Yang,84.72,61,72,-0.31
13,Martin Laird,83.33,60,72,-0.35
13,Troy Matteson,83.33,60,72,-0.18
15,Sean O'Hair,81.94,59,72,-0.41
15,Steve Stricker,81.94,59,72,-0.27
15,Nick Watney,81.94,59,72,-0.31
18,Michael Bradley,80.56,58,72,-0.22
18,Ángel Cabrera,80.56,58,72,-0.33
18,Dustin Johnson,80.56,58,72,-0.41
21,Paul Casey,79.17,57,72,-0.39
21,Retief Goosen,79.17,57,72,-0.42
23,Heath Slocum,76.39,55,72,-0.22
23,Mark Wilson,76.39,55,72,-0.24
25,Bo Van Pelt,75.00,54,72,-0.30
26,Brian Gay,73.61,53,72,-0.28
26,Nathan Green,73.61,53,72,-0.32
26,Jerry Kelly,73.61,53,72,-0.28
