rank,player,Stroke Differential,Player's Score,Field Average Score
1,Daniel Chopra,+2.44,68.50,70.94
1,Steve Stricker,+2.44,68.50,70.94
3,Stephen Ames,+2.19,68.75,70.94
4,Mike Weir,+1.94,69.00,70.94
5,Jim Furyk,+1.44,69.50,70.94
5,Hunter Mahan,+1.44,69.50,70.94
5,Nick Watney,+1.44,69.50,70.94
8,Charles Howell III,+1.19,69.75,70.94
8,Justin Leonard,+1.19,69.75,70.94
10,Mark Calcavecchia,+.94,70.00,70.94
10,Brandt Snedeker,+.94,70.00,70.94
12,Aaron Baddeley,+.69,70.25,70.94
12,Chad Campbell,+.69,70.25,70.94
12,Vijay Singh,+.69,70.25,70.94
15,Jonathan Byrd,+.44,70.50,70.94
15,Ángel Cabrera,+.44,70.50,70.94
17,Rory Sabbatini,-.06,71.00,70.94
18,Woody Austin,-.56,71.50,70.94
18,Scott Verplank,-.56,71.50,70.94
20,Steve Flesch,-.81,71.75,70.94
20,Charley Hoffman,-.81,71.75,70.94
20,Zach Johnson,-.81,71.75,70.94
23,Brian Bateman,-1.06,72.00,70.94
23,Boo Weekley,-1.06,72.00,70.94
25,Fred Funk,-1.56,72.50,70.94
25,George McNeill,-1.56,72.50,70.94
27,Mark Wilson,-1.81,72.75,70.94
28,K.J. Choi,-2.06,73.00,70.94
28,Henrik Stenson,-2.06,73.00,70.94
30,Paul Goydos,-2.56,73.50,70.94
31,Joe Ogilvie,-3.06,74.00,70.94
