rank,player,Value,Tourn/Course,Round
1,Hunter Mahan,64,Mercedes-Benz/P,4
1,Steve Stricker,64,Mercedes-Benz/P,4
3,Stephen Ames,66,Mercedes-Benz/P,4
3,Mark Calcavecchia,66,Mercedes-Benz/P,2
3,Daniel Chopra,66,Mercedes-Benz/P,4
3,Jim Furyk,66,Mercedes-Benz/P,3
3,Boo Weekley,66,Mercedes-Benz/P,4
8,Aaron Baddeley,67,Mercedes-Benz/P,4
8,Paul Goydos,67,Mercedes-Benz/P,3
8,Charles Howell III,67,Mercedes-Benz/P,4
8,Zach Johnson,67,Mercedes-Benz/P,2
8,Vijay Singh,67,Mercedes-Benz/P,3
8,Nick Watney,67,Mercedes-Benz/P,3
8,Mike Weir,67,Mercedes-Benz/P,2
15,Chad Campbell,68,Mercedes-Benz/P,3
15,Justin Leonard,68,Mercedes-Benz/P,2
15,Henrik Stenson,68,Mercedes-Benz/P,4
18,Woody Austin,69,Mercedes-Benz/P,3
18,Jonathan Byrd,69,Mercedes-Benz/P,3
18,K.J. Choi,69,Mercedes-Benz/P,4
18,George McNeill,69,Mercedes-Benz/P,2
18,Rory Sabbatini,69,Mercedes-Benz/P,4
18,Brandt Snedeker,69,Mercedes-Benz/P,2
24,Brian Bateman,70,Mercedes-Benz/P,4
24,Ángel Cabrera,70,Mercedes-Benz/P,3
24,Steve Flesch,70,Mercedes-Benz/P,2
24,Charley Hoffman,70,Mercedes-Benz/P,4
24,Scott Verplank,70,Mercedes-Benz/P,2
29,Fred Funk,71,Mercedes-Benz/P,2
30,Mark Wilson,72,Mercedes-Benz/P,4
31,Joe Ogilvie,73,Mercedes-Benz/P,2
