rank,player,Avg,Total Strokes,Total Rounds
1,Daniel Chopra,68.50,274,4
1,Steve Stricker,68.50,274,4
3,Stephen Ames,68.75,275,4
4,Mike Weir,69.00,276,4
5,Jim Furyk,69.50,278,4
5,Hunter Mahan,69.50,278,4
5,Nick Watney,69.50,278,4
8,Charles Howell III,69.75,279,4
8,Justin Leonard,69.75,279,4
10,Mark Calcavecchia,70.00,280,4
10,Brandt Snedeker,70.00,280,4
12,Aaron Baddeley,70.25,281,4
12,Chad Campbell,70.25,281,4
12,Vijay Singh,70.25,281,4
15,Jonathan Byrd,70.50,282,4
15,Ángel Cabrera,70.50,282,4
17,Rory Sabbatini,71.00,284,4
18,Woody Austin,71.50,286,4
18,Scott Verplank,71.50,286,4
20,Steve Flesch,71.75,287,4
20,Charley Hoffman,71.75,287,4
20,Zach Johnson,71.75,287,4
23,Brian Bateman,72.00,288,4
23,Boo Weekley,72.00,288,4
25,Fred Funk,72.50,290,4
25,George McNeill,72.50,290,4
27,Mark Wilson,72.75,291,4
28,K.J. Choi,73.00,292,4
28,Henrik Stenson,73.00,292,4
30,Paul Goydos,73.50,294,4
31,Joe Ogilvie,74.00,296,4
