rank,player,Avg,Total Strokes,Total Rounds
1,Mike Weir,69.00,138,2
2,Stephen Ames,69.50,139,2
2,Jonathan Byrd,69.50,139,2
4,Brandt Snedeker,70.00,140,2
4,Nick Watney,70.00,140,2
6,Aaron Baddeley,70.50,141,2
6,Ángel Cabrera,70.50,141,2
6,Mark Calcavecchia,70.50,141,2
6,Daniel Chopra,70.50,141,2
6,Justin Leonard,70.50,141,2
11,Steve Flesch,71.00,142,2
11,Steve Stricker,71.00,142,2
13,Chad Campbell,71.50,143,2
13,Zach Johnson,71.50,143,2
13,George McNeill,71.50,143,2
13,Scott Verplank,71.50,143,2
17,Jim Furyk,72.00,144,2
17,Charles Howell III,72.00,144,2
17,Vijay Singh,72.00,144,2
20,Hunter Mahan,72.50,145,2
21,Brian Bateman,73.00,146,2
21,Fred Funk,73.00,146,2
21,Rory Sabbatini,73.00,146,2
21,Mark Wilson,73.00,146,2
25,Woody Austin,73.50,147,2
25,Charley Hoffman,73.50,147,2
27,Joe Ogilvie,74.00,148,2
28,Henrik Stenson,75.50,151,2
29,K.J. Choi,77.00,154,2
29,Paul Goydos,77.00,154,2
29,Boo Weekley,77.00,154,2
