rank,player,Avg,Total Distance (feet),# of Attempts,GIR Rank
1,John Peterson,"29' 3""","2,105.833",72,Under
2,Scott Brown,"29' 8""","2,137.083",72,Under
3,Chris Kirk,"29' 10""","2,149.000",72,Under
4,Stewart Cink,"29' 11""","2,152.500",72,Under
5,K.J. Choi,"30' 2""","2,172.833",72,Under
6,Brian Stuard,"30' 11""","2,227.000",72,Under
7,Brian Harman,"31' 0""","2,202.500",71,Under
8,Spencer Levin,"31' 1""","2,240.667",72,Under
9,Ryan Palmer,"31' 11""","2,298.167",72,Under
10,Chris Stroud,"32' 0""","2,305.500",72,Under
11,Morgan Hoffmann,"32' 11""","2,369.917",72,Under
12,Will Wilcox,"33' 0""","2,376.833",72,Under
13,Retief Goosen,"33' 2""","2,390.083",72,Under
14,Steven Bowditch,"33' 3""","2,391.833",72,Under
14,David Hearn,"33' 3""","2,391.250",72,Under
14,Kevin Na,"33' 3""","2,393.083",72,Under
17,Michael Putnam,"33' 4""","2,398.917",72,Under
18,Jason Dufner,"33' 5""","2,405.000",72,Under
19,Tyrone Van Aswegen,"33' 7""","2,416.333",72,Under
20,Adam Scott,"34' 0""","2,448.667",72,Under
21,John Daly,"34' 3""","2,463.500",72,Under
22,Brian Gay,"34' 6""","2,452.250",71,Under
23,Brendon Todd,"34' 7""","2,489.917",72,Under
24,Paul Goydos,"34' 9""","2,504.083",72,Under
24,Russell Henley,"34' 9""","2,502.167",72,Under
24,Derek Tolan,"34' 9""","2,500.083",72,Over
27,Zach Johnson,"34' 10""","2,509.333",72,Under
28,Greg Chalmers,"34' 11""","2,512.083",72,Under
29,Ricky Barnes,"35' 4""","2,546.917",72,Under
29,Justin Hicks,"35' 4""","2,545.500",72,Under
31,Sangmoon Bae,"35' 10""","2,580.500",72,Under
31,Matt Kuchar,"35' 10""","2,580.167",72,Under
33,Hideto Tanihara,"35' 11""","2,586.000",72,Under
34,Daniel Summerhays,"36' 2""","2,603.333",72,Under
35,Charlie Beljan,"36' 4""","2,617.667",72,Under
35,Mark Wilson,"36' 4""","2,613.917",72,Under
37,Marc Leishman,"36' 5""","2,624.750",72,Under
37,S.Y. Noh,"36' 5""","2,623.000",72,Under
37,Hudson Swafford,"36' 5""","2,624.500",72,Under
40,Pat Perez,"36' 6""","2,629.167",72,Under
40,Heath Slocum,"36' 6""","2,627.417",72,Under
42,Jeff Overton,"36' 7""","2,634.417",72,Under
42,John Rollins,"36' 7""","2,632.000",72,Under
44,Billy Hurley III,"36' 8""","2,642.250",72,Under
45,Tim Wilkinson,"36' 9""","2,647.250",72,Under
46,James Hahn,"37' 0""","2,664.917",72,Under
47,Justin Leonard,"37' 2""","2,673.000",72,Under
48,Charles Howell III,"37' 4""","2,690.000",72,Under
49,Tommy Gainey,"37' 5""","2,694.250",72,Over
50,Matt Every,"37' 11""","2,689.167",71,Under
50,Brice Garnett,"37' 11""","2,728.667",72,Under
50,Jason Kokrak,"37' 11""","2,729.500",72,Under
50,Jimmy Walker,"37' 11""","2,728.417",72,Under
54,Robert Allenby,"38' 2""","2,750.000",72,Under
55,Hyung-Sung Kim,"38' 3""","2,752.417",72,Under
55,Charlie Wi,"38' 3""","2,754.333",72,Under
57,Robert Streb,"38' 4""","2,762.917",72,Under
58,Brendon de Jonge,"38' 5""","2,766.583",72,Under
59,Harris English,"38' 8""","2,781.333",72,Under
59,William McGirt,"38' 8""","2,783.333",72,Under
61,Boo Weekley,"38' 10""","2,795.000",72,Under
62,Ben Martin,"39' 2""","2,821.417",72,Under
63,Chad Collins,"40' 1""","2,888.750",72,Under
64,Stuart Appleby,"41' 3""","2,968.333",72,Under
64,Ryuji Imada,"41' 3""","2,969.333",72,Under
66,Jerry Kelly,"41' 6""","2,988.750",72,Under
67,D.A. Points,"42' 4""","3,049.167",72,Under
68,Y.E. Yang,"42' 10""","3,084.917",72,Under
69,John Senden,"42' 11""","3,087.667",72,Under
70,Peter Malnati,"43' 0""","3,097.083",72,Under
71,Tim Herron,"43' 5""","3,126.583",72,Under
