rank,player,Avg,Total Distance (feet),# of Attempts,Relative to par
1,Brian Gay,"3""",.250,1,E
2,Retief Goosen,"4' 0""",16.083,4,-1
3,Jason Dufner,"4' 3""",4.250,1,-1
4,Stewart Cink,"5' 4""",16.000,3,-2
5,Stuart Appleby,"5' 6""",5.500,1,-1
6,Chris Kirk,"6' 1""",6.083,1,E
7,Hudson Swafford,"6' 10""",20.500,3,-2
8,Tim Wilkinson,"7' 7""",7.583,1,-1
9,Hideto Tanihara,"7' 8""",15.333,2,+1
10,D.A. Points,"8' 5""",25.250,3,-1
11,Marc Leishman,"8' 7""",17.083,2,-1
12,Matt Every,"8' 11""",8.917,1,-1
13,Brice Garnett,"9' 0""",9.000,1,-1
14,Michael Putnam,"9' 5""",9.417,1,E
14,Boo Weekley,"9' 5""",28.333,3,-3
16,Scott Brown,"9' 11""",19.833,2,-1
17,Derek Tolan,"10' 1""",20.167,2,+1
18,Justin Leonard,"10' 4""",31.000,3,-2
18,Pat Perez,"10' 4""",10.333,1,-1
20,William McGirt,"10' 7""",31.667,3,-1
21,Ben Martin,"11' 1""",11.083,1,E
22,Jason Kokrak,"11' 6""",23.000,2,E
23,Steven Bowditch,"12' 4""",24.667,2,+1
24,Chris Stroud,"12' 5""",12.417,1,E
25,K.J. Choi,"12' 7""",37.833,3,-1
26,Ryan Palmer,"12' 10""",12.833,1,-1
27,Charlie Beljan,"13' 2""",39.417,3,E
28,Zach Johnson,"13' 8""",27.250,2,-1
29,Sangmoon Bae,"13' 11""",41.667,3,E
30,Kevin Na,"14' 2""",14.167,1,-1
31,David Hearn,"14' 3""",42.833,3,-1
32,Heath Slocum,"14' 9""",44.333,3,-1
33,Morgan Hoffmann,"15' 9""",15.750,1,E
34,Paul Goydos,"16' 7""",33.167,2,-1
35,Spencer Levin,"16' 8""",83.333,5,-2
36,Tommy Gainey,"16' 9""",33.500,2,+1
37,Ricky Barnes,"18' 1""",18.083,1,E
37,Jerry Kelly,"18' 1""",54.250,3,-2
39,Mark Wilson,"18' 2""",36.333,2,E
40,Greg Chalmers,"18' 11""",37.833,2,E
40,Billy Hurley III,"18' 11""",56.750,3,+2
40,Peter Malnati,"18' 11""",37.833,2,E
40,John Peterson,"18' 11""",18.917,1,E
44,Brendon Todd,"19' 10""",79.417,4,+1
45,Jeff Overton,"20' 6""",20.500,1,E
46,James Hahn,"21' 9""",65.333,3,-1
47,Russell Henley,"22' 6""",22.500,1,E
47,Justin Hicks,"22' 6""",22.500,1,E
49,Will Wilcox,"23' 9""",23.750,1,-1
50,Brian Harman,"27' 11""",27.917,1,E
51,John Daly,"63' 9""",63.750,1,+3
