rank,player,Avg,Total Distance (feet),# of Attempts,Relative to par
1,Spencer Levin,"2' 2""",2.167,1,-1
1,D.A. Points,"2' 2""",2.167,1,+1
3,Stuart Appleby,"2' 4""",2.333,1,E
4,Brice Garnett,"3' 4""",3.333,1,E
5,Retief Goosen,"3' 5""",3.417,1,-1
6,Chris Kirk,"4' 0""",4.000,1,-1
7,Charlie Beljan,"4' 8""",9.333,2,-2
8,Michael Putnam,"5' 3""",5.250,1,-1
9,Jason Kokrak,"5' 4""",5.333,1,-1
10,Adam Scott,"6' 4""",12.667,2,-1
11,Will Wilcox,"7' 2""",7.167,1,E
12,Paul Goydos,"7' 8""",7.667,1,+1
13,Brian Stuard,"9' 8""",28.917,3,-3
14,John Peterson,"9' 11""",39.750,4,-3
15,Greg Chalmers,"10' 1""",20.167,2,-1
16,Russell Henley,"10' 6""",20.917,2,-1
17,Justin Leonard,"11' 0""",11.000,1,E
18,Brian Gay,"12' 1""",24.083,2,E
19,Hyung-Sung Kim,"12' 5""",37.167,3,-1
20,Charles Howell III,"12' 9""",12.750,1,E
21,Ryan Palmer,"13' 4""",26.583,2,-1
21,Chris Stroud,"13' 4""",13.333,1,E
23,Chad Collins,"13' 10""",41.417,3,-3
24,Brian Harman,"15' 1""",45.167,3,E
25,Jimmy Walker,"15' 3""",45.833,3,E
26,Tyrone Van Aswegen,"15' 9""",47.250,3,-1
27,Robert Allenby,"17' 0""",33.917,2,-1
28,Jerry Kelly,"17' 1""",34.083,2,-1
28,Hudson Swafford,"17' 1""",34.167,2,+1
30,Morgan Hoffmann,"18' 5""",36.750,2,+2
31,Scott Brown,"18' 8""",18.667,1,E
32,John Daly,"19' 4""",77.333,4,-2
33,K.J. Choi,"19' 5""",19.417,1,+1
34,Kevin Na,"20' 1""",20.083,1,E
35,Matt Every,"21' 10""",21.833,1,E
36,Jason Dufner,"23' 2""",23.167,1,E
37,S.Y. Noh,"28' 9""",28.750,1,+1
38,David Hearn,"29' 6""",58.917,2,+2
39,Stewart Cink,"30' 10""",61.583,2,+1
40,Mark Wilson,"31' 6""",94.500,3,+1
41,Charlie Wi,"32' 7""",32.583,1,+1
42,Hideto Tanihara,"33' 6""",33.500,1,E
43,Justin Hicks,"34' 6""",34.500,1,E
44,Tommy Gainey,"55' 2""",110.333,2,+2
