rank,player,Avg,Total Distance (feet),# of Attempts,Relative to par
1,S.Y. Noh,"4' 2""",4.167,1,-1
2,Ryuji Imada,"5' 8""",11.333,2,-2
3,Jimmy Walker,"6' 5""",19.333,3,-3
4,John Peterson,"6' 11""",13.833,2,-1
5,Robert Streb,"7' 0""",27.917,4,-1
6,Charlie Wi,"8' 5""",16.833,2,E
7,Zach Johnson,"8' 6""",16.917,2,-2
7,Heath Slocum,"8' 6""",25.417,3,-1
9,Adam Scott,"9' 2""",18.250,2,E
9,Will Wilcox,"9' 2""",18.250,2,-2
11,Stewart Cink,"9' 7""",28.750,3,-1
12,Stuart Appleby,"10' 2""",10.167,1,E
13,Ben Martin,"10' 5""",62.417,6,-3
14,James Hahn,"11' 3""",22.500,2,-2
15,Chris Kirk,"11' 4""",34.000,3,E
16,K.J. Choi,"11' 10""",11.833,1,E
17,Harris English,"12' 7""",37.750,3,-2
18,Brice Garnett,"12' 10""",12.833,1,-1
19,Paul Goydos,"12' 11""",25.750,2,-1
20,Matt Every,"13' 9""",54.833,4,-3
21,Spencer Levin,"14' 2""",28.333,2,E
21,Chris Stroud,"14' 2""",28.250,2,+1
23,Marc Leishman,"14' 7""",29.167,2,+1
24,Tyrone Van Aswegen,"14' 9""",58.917,4,E
25,Justin Hicks,"15' 1""",15.083,1,-1
26,Billy Hurley III,"15' 3""",15.250,1,E
27,Ryan Palmer,"15' 4""",76.833,5,E
27,Mark Wilson,"15' 4""",91.833,6,-1
29,Robert Allenby,"15' 5""",15.417,1,E
30,Pat Perez,"15' 7""",31.167,2,-1
31,Jeff Overton,"15' 9""",47.167,3,-1
32,John Rollins,"16' 9""",100.500,6,E
33,Brian Stuard,"17' 0""",51.083,3,-1
34,John Daly,"17' 2""",17.167,1,+1
35,Retief Goosen,"17' 5""",52.167,3,E
36,Steven Bowditch,"17' 7""",70.417,4,E
37,Matt Kuchar,"17' 10""",89.250,5,-1
37,Justin Leonard,"17' 10""",35.583,2,-1
39,Charles Howell III,"18' 1""",126.833,7,-2
40,Y.E. Yang,"18' 8""",18.667,1,E
41,Hudson Swafford,"18' 9""",56.333,3,+1
42,Tim Herron,"19' 2""",76.750,4,-1
42,Morgan Hoffmann,"19' 2""",95.667,5,-2
44,D.A. Points,"19' 3""",38.500,2,-1
45,Kevin Na,"19' 6""",58.417,3,E
46,David Hearn,"19' 8""",58.917,3,E
47,Scott Brown,"19' 11""",119.583,6,-2
48,Charlie Beljan,"20' 3""",80.917,4,E
49,Daniel Summerhays,"20' 7""",41.083,2,E
50,Sangmoon Bae,"20' 10""",83.333,4,-1
51,Peter Malnati,"21' 5""",149.750,7,-3
52,Jason Dufner,"21' 6""",86.000,4,-3
53,Tim Wilkinson,"22' 2""",88.750,4,E
54,Hyung-Sung Kim,"23' 0""",23.000,1,-1
55,Tommy Gainey,"23' 1""",92.167,4,E
56,Greg Chalmers,"25' 10""",51.667,2,-1
57,Brendon Todd,"26' 4""",26.333,1,E
58,Brian Harman,"27' 10""",139.250,5,-1
59,Jerry Kelly,"28' 3""",112.833,4,E
60,Boo Weekley,"52' 11""",52.917,1,E
