rank,player,Avg,Total Distance (feet),# of Attempts,Relative to par
1,Mark Wilson,"8' 7""",8.583,1,-1
2,Robert Allenby,"10' 10""",10.833,1,-1
3,Scott Brown,"21' 7""",21.583,1,-1
4,Matt Kuchar,"33' 8""",67.333,2,-3
5,Jerry Kelly,"35' 9""",35.750,1,-1
6,Brendon Todd,"37' 1""",74.083,2,-3
7,Zach Johnson,"39' 1""",78.167,2,-2
8,Pat Perez,"48' 7""",48.583,1,E
9,Jason Dufner,"48' 9""",48.750,1,+1
10,Adam Scott,"49' 2""",98.250,2,-2
11,Brian Harman,"49' 6""",49.500,1,-1
11,Charlie Wi,"49' 6""",99.000,2,-2
13,Brendon de Jonge,"50' 8""",202.667,4,-1
13,Morgan Hoffmann,"50' 8""",50.667,1,E
15,Brian Gay,"51' 0""",152.917,3,-1
16,Chad Collins,"51' 6""",154.583,3,-1
17,Brice Garnett,"53' 7""",107.083,2,-3
18,Michael Putnam,"56' 0""",56.000,1,E
19,John Daly,"58' 8""",58.667,1,-1
20,Jason Kokrak,"58' 9""",117.417,2,E
21,Y.E. Yang,"60' 1""",180.167,3,-2
22,Daniel Summerhays,"60' 2""",180.583,3,-2
23,Tyrone Van Aswegen,"60' 8""",121.250,2,-2
24,Ryuji Imada,"61' 4""",122.667,2,-2
24,William McGirt,"61' 4""",183.917,3,-2
26,Justin Hicks,"63' 2""",63.167,1,E
27,Brian Stuard,"68' 1""",68.083,1,-1
28,Billy Hurley III,"74' 7""",298.333,4,-3
29,Steven Bowditch,"74' 9""",149.417,2,-1
30,Derek Tolan,"74' 10""",74.833,1,+1
31,K.J. Choi,"76' 4""",152.583,2,-1
32,Chris Kirk,"77' 6""",77.500,1,-1
33,D.A. Points,"85' 0""",85.000,1,E
34,Justin Leonard,"86' 0""",172.000,2,-1
35,Retief Goosen,"86' 9""",86.750,1,+1
36,Ben Martin,"87' 6""",87.500,1,-1
37,Sangmoon Bae,"94' 6""",94.500,1,+1
38,Stewart Cink,"117' 9""",117.750,1,-1
39,John Senden,"130' 10""",130.833,1,-1
40,Hudson Swafford,"135' 11""",135.917,1,E
