rank,player,Avg,Total Distance (feet),# of Attempts,Relative to par
1,Paul Goydos,"8' 9""",8.750,1,-1
2,Chad Collins,"36' 9""",36.750,1,-1
3,Will Wilcox,"38' 6""",38.500,1,-1
4,Justin Hicks,"40' 0""",79.917,2,-2
5,Spencer Levin,"40' 2""",80.333,2,-1
6,Tim Wilkinson,"46' 5""",46.417,1,-1
7,Chris Stroud,"52' 0""",52.000,1,-1
8,Billy Hurley III,"61' 0""",61.000,1,-1
9,Brice Garnett,"62' 2""",62.167,1,-1
10,Matt Kuchar,"64' 9""",64.750,1,E
11,Heath Slocum,"65' 7""",131.167,2,-1
12,Hyung-Sung Kim,"66' 4""",132.667,2,-2
13,Ben Martin,"72' 6""",72.500,1,-1
14,Pat Perez,"74' 9""",74.750,1,-1
15,Charlie Wi,"75' 0""",149.917,2,-1
16,Daniel Summerhays,"77' 8""",77.667,1,E
17,Zach Johnson,"79' 9""",159.500,2,-1
18,John Senden,"90' 0""",90.000,1,-1
19,Brendon Todd,"91' 0""",91.000,1,-1
20,Brian Gay,"93' 9""",93.750,1,-1
21,Jimmy Walker,"102' 1""",102.083,1,-1
22,Mark Wilson,"107' 9""",107.750,1,-1
23,Justin Leonard,"108' 8""",217.250,2,-1
24,Charlie Beljan,"110' 0""",110.000,1,E
25,James Hahn,"114' 5""",114.417,1,-1
26,D.A. Points,"126' 11""",126.917,1,E
