rank,player,Avg DTP,Total Distance (feet),# of Shots,Scrambling Rank
1,Rocco Mediate,"5' 8""",112.750,20,21
2,Jason Bohn,"6' 2""",86.667,14,21
2,Tim Clark,"6' 2""",61.917,10,29
4,Bill Haas,"6' 3""",118.583,19,4
5,Bill Lunde,"6' 4""",101.833,16,6
6,Matt Bettencourt,"6' 5""",141.583,22,6
6,Jim Furyk,"6' 5""",102.333,16,2
8,Jonathan Byrd,"6' 6""",103.917,16,1
9,Ryan Palmer,"6' 10""",156.833,23,11
10,Graeme McDowell,"7' 2""",121.417,17,16
11,Matt Kuchar,"7' 3""",153.083,21,16
12,Hunter Mahan,"7' 6""",164.250,22,15
13,Robert Garrigus,"7' 7""",135.750,18,26
14,Jason Day,"7' 8""",199.750,26,2
14,Ian Poulter,"7' 8""",100.167,13,28
16,Bubba Watson,"7' 10""",179.833,23,31
17,Steve Stricker,"7' 11""",142.750,18,5
18,Cameron Beckman,"8' 1""",209.250,26,11
19,Carl Pettersson,"8' 2""",139.500,17,6
20,Dustin Johnson,"8' 5""",227.167,27,20
21,Anthony Kim,"8' 10""",185.750,21,6
21,Adam Scott,"8' 10""",220.417,25,11
23,Justin Rose,"8' 11""",205.917,23,21
24,Francesco Molinari,"9' 3""",193.833,21,10
25,Ernie Els,"10' 3""",174.833,17,16
26,Heath Slocum,"10' 6""",147.500,14,32
27,Arjun Atwal,"10' 9""",247.417,23,19
28,Stuart Appleby,"10' 10""",281.000,26,27
29,Charley Hoffman,"11' 0""",198.167,18,24
30,Ben Crane,"11' 3""",158.000,14,14
30,Zach Johnson,"11' 3""",224.583,20,25
32,Derek Lamely,"11' 4""",295.500,26,30
