rank,player,Avg dtp,Total Distance (Feet),Attempts
1,Jim Furyk,"3' 5""",24.167,7
2,Graeme McDowell,"4' 3""",21.083,5
3,Ryan Palmer,"5' 6""",49.417,9
4,Dustin Johnson,"5' 7""",50.333,9
5,Robert Garrigus,"6' 3""",24.833,4
6,Jonathan Byrd,"6' 5""",64.417,10
6,Jason Day,"6' 5""",83.917,13
8,Charley Hoffman,"6' 6""",39.167,6
9,Steve Stricker,"6' 10""",68.667,10
10,Tim Clark,"7' 7""",45.500,6
10,Rocco Mediate,"7' 7""",106.250,14
12,Ernie Els,"8' 0""",55.833,7
13,Ian Poulter,"8' 2""",65.000,8
14,Adam Scott,"8' 4""",99.583,12
15,Carl Pettersson,"8' 6""",93.500,11
16,Bill Lunde,"9' 1""",72.500,8
16,Justin Rose,"9' 1""",72.333,8
18,Francesco Molinari,"9' 11""",129.167,13
19,Stuart Appleby,"10' 0""",150.333,15
20,Hunter Mahan,"10' 1""",100.667,10
21,Zach Johnson,"10' 2""",112.167,11
21,Derek Lamely,"10' 2""",153.083,15
23,Bill Haas,"10' 7""",116.083,11
24,Ben Crane,"10' 8""",85.417,8
25,Cameron Beckman,"11' 3""",191.333,17
26,Arjun Atwal,"11' 10""",118.000,10
27,Matt Kuchar,"12' 4""",135.917,11
28,Jason Bohn,"12' 7""",87.833,7
29,Matt Bettencourt,"13' 3""",158.750,12
30,Heath Slocum,"15' 0""",119.750,8
31,Bubba Watson,"17' 7""",105.250,6
32,Anthony Kim,"18' 4""",164.667,9
