rank,player,Avg DTP,Total Distance (feet),# of Shots,Scrambling Rank
1,Jim Furyk,"3' 1""",15.417,5,2
2,Bill Lunde,"3' 3""",26.000,8,6
3,Jonathan Byrd,"3' 9""",22.500,6,1
3,Hunter Mahan,"3' 9""",26.500,7,15
5,Matt Kuchar,"4' 3""",25.417,6,16
6,Matt Bettencourt,"4' 5""",17.583,4,6
7,Charley Hoffman,"4' 8""",23.333,5,24
8,Ryan Palmer,"5' 0""",25.167,5,11
9,Dustin Johnson,"5' 2""",20.667,4,20
10,Cameron Beckman,"5' 4""",32.083,6,11
10,Robert Garrigus,"5' 4""",37.500,7,26
10,Graeme McDowell,"5' 4""",21.333,4,16
10,Bubba Watson,"5' 4""",26.833,5,31
14,Heath Slocum,"5' 6""",21.833,4,32
15,Jason Day,"5' 10""",52.833,9,2
16,Anthony Kim,"5' 11""",23.500,4,6
17,Jason Bohn,"6' 1""",18.333,3,21
18,Tim Clark,"6' 6""",38.833,6,29
18,Bill Haas,"6' 6""",52.167,8,4
18,Rocco Mediate,"6' 6""",32.583,5,21
21,Arjun Atwal,"7' 0""",42.000,6,19
21,Ian Poulter,"7' 0""",41.833,6,28
23,Steve Stricker,"7' 6""",45.083,6,5
24,Ernie Els,"7' 8""",22.917,3,16
25,Zach Johnson,"8' 2""",49.083,6,25
26,Derek Lamely,"8' 4""",83.667,10,30
26,Adam Scott,"8' 4""",49.917,6,11
28,Stuart Appleby,"9' 8""",57.750,6,27
29,Ben Crane,"10' 2""",71.250,7,14
30,Carl Pettersson,"10' 5""",83.000,8,6
31,Francesco Molinari,"10' 7""",74.167,7,10
32,Justin Rose,"10' 8""",53.500,5,21
