rank,player,Avg DTP,Total Distance (feet),# of Shots,Scrambling Rank
1,Ryan Palmer,"4' 5""",.691,13,11
2,Jim Furyk,"4' 7""",.495,9,2
3,Bill Haas,"4' 10""",.406,7,4
3,Charley Hoffman,"4' 10""",.465,8,24
3,Rocco Mediate,"4' 10""",.466,8,21
6,Jason Bohn,"5' 2""",.370,6,21
7,Matt Bettencourt,"5' 5""",.651,10,6
8,Robert Garrigus,"5' 9""",.346,5,26
9,Cameron Beckman,"5' 10""",.909,13,11
10,Jonathan Byrd,"6' 3""",.599,8,1
10,Francesco Molinari,"6' 3""",1.053,14,10
12,Carl Pettersson,"6' 4""",.915,12,6
13,Jason Day,"6' 5""",1.076,14,2
14,Dustin Johnson,"6' 6""",.853,11,20
15,Bill Lunde,"6' 8""",.882,11,6
16,Ian Poulter,"6' 11""",.744,9,28
17,Matt Kuchar,"7' 0""",.672,8,16
18,Graeme McDowell,"7' 2""",.776,9,16
19,Hunter Mahan,"7' 4""",.791,9,15
20,Tim Clark,"7' 10""",.562,6,29
21,Anthony Kim,"8' 0""",1.052,11,6
22,Steve Stricker,"8' 5""",1.215,12,5
23,Bubba Watson,"8' 6""",1.016,10,31
24,Arjun Atwal,"9' 7""",1.036,9,19
25,Derek Lamely,"9' 9""",.938,8,30
26,Justin Rose,"10' 2""",1.584,13,21
27,Adam Scott,"12' 1""",1.889,13,11
28,Ben Crane,"12' 2""",1.165,8,14
29,Stuart Appleby,"12' 4""",2.078,14,27
30,Heath Slocum,"12' 8""",1.218,8,32
31,Zach Johnson,"13' 4""",1.759,11,25
32,Ernie Els,"14' 8""",1.407,8,16
