rank,player,Avg DTP,Total Distance (feet),# of Shots,Scrambling Rank
1,Jason Day,"0""",0,1,2
1,Jim Furyk,"0""",0,1,2
3,Ryan Palmer,"6""",.500,1,11
4,Ernie Els,"7""",1.833,3,16
5,Anthony Kim,"10""",1.583,2,6
6,Jason Bohn,"1' 3""",2.417,2,21
7,Adam Scott,"1' 5""",4.250,3,11
8,Graeme McDowell,"2' 0""",6.000,3,16
9,Steve Stricker,"2' 6""",4.917,2,5
10,Zach Johnson,"2' 10""",2.833,1,25
10,Carl Pettersson,"2' 10""",2.833,1,6
12,Dustin Johnson,"3' 1""",9.333,3,20
13,Matt Kuchar,"3' 4""",6.583,2,16
14,Cameron Beckman,"3' 7""",7.083,2,11
15,Matt Bettencourt,"4' 0""",19.917,5,6
16,Justin Rose,"4' 2""",8.333,2,21
17,Rocco Mediate,"4' 11""",19.583,4,21
18,Arjun Atwal,"5' 3""",10.417,2,19
19,Derek Lamely,"5' 8""",17.000,3,30
20,Bill Haas,"6' 3""",12.500,2,4
21,Bubba Watson,"7' 3""",21.667,3,31
22,Stuart Appleby,"7' 4""",14.583,2,27
23,Hunter Mahan,"10' 0""",19.917,2,15
24,Heath Slocum,"13' 0""",13.000,1,32
