rank,player,Avg DTP,Total Distance (feet),# of Shots,Scrambling Rank
1,Rocco Mediate,"5' 0""",34.917,7,21
2,Jason Bohn,"5' 7""",16.750,3,21
3,Bill Haas,"6' 0""",24.083,4,4
4,Francesco Molinari,"6' 9""",40.333,6,10
5,Adam Scott,"6' 10""",40.917,6,11
6,Tim Clark,"7' 4""",14.583,2,29
7,Carl Pettersson,"7' 6""",29.833,4,6
8,Matt Kuchar,"7' 9""",38.667,5,16
9,Bubba Watson,"8' 3""",74.500,9,31
10,Cameron Beckman,"8' 4""",58.083,7,11
10,Dustin Johnson,"8' 4""",58.083,7,20
12,Jonathan Byrd,"8' 5""",41.917,5,1
13,Bill Lunde,"8' 7""",42.917,5,6
14,Hunter Mahan,"9' 3""",74.167,8,15
15,Justin Rose,"9' 9""",117.000,12,21
16,Ryan Palmer,"10' 4""",72.417,7,11
17,Jim Furyk,"10' 7""",63.500,6,2
17,Steve Stricker,"10' 7""",74.250,7,5
19,Jason Day,"11' 0""",88.167,8,2
20,Anthony Kim,"11' 2""",78.083,7,6
21,Robert Garrigus,"11' 8""",46.750,4,26
22,Graeme McDowell,"11' 9""",70.333,6,16
23,Ian Poulter,"12' 8""",25.333,2,28
24,Matt Bettencourt,"13' 3""",66.250,5,6
25,Ben Crane,"13' 8""",54.667,4,14
25,Charley Hoffman,"13' 8""",68.333,5,24
27,Heath Slocum,"15' 3""",76.333,5,32
28,Arjun Atwal,"15' 7""",171.333,11,19
29,Stuart Appleby,"17' 1""",136.333,8,27
30,Derek Lamely,"17' 5""",156.583,9,30
31,Ernie Els,"17' 8""",105.833,6,16
32,Zach Johnson,"18' 6""",129.667,7,25
