rank,player,Avg DTP,Total Distance (feet),# of Shots,Scrambling Rank
1,Jason Bohn,"8""",.667,1,21
2,Robert Garrigus,"11""",.917,1,26
3,Tim Clark,"3' 7""",10.750,3,29
4,Matt Kuchar,"4' 5""",8.750,2,16
5,Zach Johnson,"4' 7""",9.083,2,25
6,Ben Crane,"5' 0""",10.000,2,14
7,Adam Scott,"6' 8""",13.333,2,11
8,Jonathan Byrd,"6' 9""",27.000,4,1
9,Stuart Appleby,"7' 0""",34.833,5,27
10,Graeme McDowell,"8' 3""",8.250,1,16
11,Ian Poulter,"8' 4""",25.000,3,28
11,Heath Slocum,"8' 4""",16.583,2,32
13,Bill Haas,"8' 7""",17.083,2,4
14,Rocco Mediate,"9' 0""",18.000,2,21
15,Matt Bettencourt,"9' 5""",18.833,2,6
16,Dustin Johnson,"11' 2""",22.250,2,20
17,Jason Day,"12' 5""",49.500,4,2
18,Bubba Watson,"12' 8""",25.250,2,31
19,Francesco Molinari,"13' 5""",26.750,2,10
20,Hunter Mahan,"13' 7""",40.833,3,15
21,Justin Rose,"13' 8""",40.917,3,21
22,Steve Stricker,"14' 9""",29.500,2,5
23,Cameron Beckman,"16' 7""",16.583,1,11
24,Charley Hoffman,"19' 10""",59.583,3,24
25,Arjun Atwal,"20' 10""",83.167,4,19
26,Anthony Kim,"21' 9""",43.500,2,6
27,Derek Lamely,"32' 6""",64.917,2,30
