rank,player,%,Total Fairway Bunkers,Possible Fwys,Relative to par
1,Russell Henley,.0,0,0,E
1,Max Homa,.0,0,0,E
1,Sungjae Im,.0,0,0,E
1,Tom Kim,.0,0,0,E
1,Collin Morikawa,.0,0,0,E
1,Trey Mullinax,.0,0,0,E
1,J.T. Poston,.0,0,0,E
1,Adam Scott,.0,0,0,E
1,J.J. Spaun,.0,0,0,E
1,Cameron Young,.0,0,0,E
1,Will Zalatoris,.0,0,0,E
12,Keegan Bradley,1.7,1,4,+1.000
12,Ryan Brehm,1.7,1,4,E
12,Corey Conners,1.7,1,4,E
12,Brian Harman,1.7,1,4,+1.000
12,Tom Hoge,1.7,1,4,+1.000
12,Viktor Hovland,1.7,1,4,E
12,Mackenzie Hughes,1.7,1,4,E
12,K.H. Lee,1.7,1,4,E
12,Luke List,1.7,1,4,E
12,Seamus Power,1.7,1,4,+1.000
12,Jon Rahm,1.7,1,4,E
12,Chad Ramey,1.7,1,4,E
12,Jordan Spieth,1.7,1,4,E
25,Matt Fitzpatrick,3.3,2,9,-1.000
25,Chez Reavie,3.3,2,8,+0.500
25,Scott Stallings,3.3,2,8,E
25,Sepp Straka,3.3,2,8,E
25,Adam Svensson,3.3,2,8,E
25,Sahith Theegala,3.3,2,8,+1.500
25,Justin Thomas,3.3,2,8,E
25,Aaron Wise,3.3,2,8,+0.500
33,Tony Finau,3.4,2,8,-0.500
33,Billy Horschel,3.4,2,8,E
35,Patrick Cantlay,5.0,3,13,E
35,Hideki Matsuyama,5.0,3,12,E
35,Scottie Scheffler,5.0,3,12,E
38,Sam Burns,6.7,4,16,+0.500
