rank,player,%,Number of Times,Attempts,Avg RTP Score
1,Scottie Scheffler,17.6,3,17,-6.67
2,Tony Finau,26.7,4,15,-2.50
2,Aaron Wise,26.7,4,15,-5.00
4,Will Zalatoris,28.6,6,21,-1.67
5,Sepp Straka,29.4,5,17,-2.00
6,Matt Fitzpatrick,33.3,6,18,-1.67
6,J.J. Spaun,33.3,5,15,E
6,Adam Svensson,33.3,7,21,+1.43
9,Ryan Brehm,35.0,7,20,-2.86
10,Justin Thomas,36.0,9,25,+2.22
11,Luke List,37.5,6,16,E
12,Hideki Matsuyama,44.4,8,18,-1.25
13,Billy Horschel,45.5,10,22,+3.00
14,Chez Reavie,46.2,6,13,-1.67
15,Russell Henley,50.0,7,14,E
16,Tom Hoge,52.4,11,21,-4.55
17,Keegan Bradley,53.8,7,13,+2.86
18,Sam Burns,54.2,13,24,+1.54
19,Mackenzie Hughes,55.0,11,20,-0.91
20,Chad Ramey,55.6,10,18,E
21,Sungjae Im,56.3,9,16,-2.22
22,Seamus Power,56.5,13,23,-1.54
23,J.T. Poston,57.1,4,7,-2.50
24,Corey Conners,57.9,11,19,-0.91
24,Viktor Hovland,57.9,11,19,+1.82
26,Trey Mullinax,59.1,13,22,-0.77
27,Collin Morikawa,60.0,9,15,-2.22
28,Scott Stallings,61.1,11,18,-1.82
29,Brian Harman,62.5,5,8,+2.00
30,Patrick Cantlay,63.6,14,22,-2.14
31,Tom Kim,66.7,10,15,+1.00
31,K.H. Lee,66.7,14,21,E
33,Sahith Theegala,70.6,12,17,+4.17
34,Jordan Spieth,71.4,15,21,-2.00
35,Cameron Young,72.7,16,22,+1.25
36,Max Homa,73.3,11,15,-2.73
37,Jon Rahm,77.3,17,22,-1.76
38,Adam Scott,83.3,15,18,E
