rank,player,%,# Hit,Total Attempts
1,Will Zalatoris,98.33%,59,60
2,Max Homa,96.67%,58,60
2,Collin Morikawa,96.67%,58,60
2,J.J. Spaun,96.67%,58,60
5,Chez Reavie,95.00%,57,60
5,Aaron Wise,95.00%,57,60
7,Tony Finau,93.33%,56,60
7,Tom Hoge,93.33%,56,60
7,Luke List,93.33%,56,60
7,J.T. Poston,93.33%,56,60
7,Scott Stallings,93.33%,56,60
12,Ryan Brehm,91.67%,55,60
12,Corey Conners,91.67%,55,60
12,Matt Fitzpatrick,91.67%,55,60
12,Brian Harman,91.67%,55,60
12,Russell Henley,91.67%,55,60
12,Sungjae Im,91.67%,55,60
12,K.H. Lee,91.67%,55,60
12,Jon Rahm,91.67%,55,60
20,Tom Kim,90.00%,54,60
20,Seamus Power,90.00%,54,60
20,Scottie Scheffler,90.00%,54,60
20,Sepp Straka,90.00%,54,60
20,Adam Svensson,90.00%,54,60
25,Keegan Bradley,88.33%,53,60
25,Patrick Cantlay,88.33%,53,60
25,Billy Horschel,88.33%,53,60
25,Trey Mullinax,88.33%,53,60
25,Adam Scott,88.33%,53,60
25,Cameron Young,88.33%,53,60
31,Mackenzie Hughes,86.67%,52,60
31,Hideki Matsuyama,86.67%,52,60
31,Chad Ramey,86.67%,52,60
31,Jordan Spieth,86.67%,52,60
31,Sahith Theegala,86.67%,52,60
31,Justin Thomas,86.67%,52,60
37,Sam Burns,85.00%,51,60
37,Viktor Hovland,85.00%,51,60
