rank,player,%,Fairways Hit,Possible Fairways
1,J.T. Poston,83.33%,50,60
2,Chez Reavie,76.67%,46,60
3,Brian Harman,75.00%,45,60
3,Russell Henley,75.00%,45,60
5,Max Homa,71.67%,43,60
6,Chad Ramey,70.00%,42,60
7,Keegan Bradley,68.33%,41,60
7,Hideki Matsuyama,68.33%,41,60
7,Sepp Straka,68.33%,41,60
10,Sungjae Im,66.67%,40,60
10,Collin Morikawa,66.67%,40,60
10,Aaron Wise,66.67%,40,60
13,Tony Finau,65.00%,39,60
13,Tom Hoge,65.00%,39,60
13,Tom Kim,65.00%,39,60
13,Adam Svensson,65.00%,39,60
17,J.J. Spaun,63.33%,38,60
18,Corey Conners,61.67%,37,60
18,Scottie Scheffler,61.67%,37,60
18,Sahith Theegala,61.67%,37,60
18,Will Zalatoris,61.67%,37,60
22,Ryan Brehm,60.00%,36,60
22,Viktor Hovland,60.00%,36,60
22,Luke List,60.00%,36,60
22,Adam Scott,60.00%,36,60
22,Scott Stallings,60.00%,36,60
27,Matt Fitzpatrick,58.33%,35,60
27,Trey Mullinax,58.33%,35,60
29,Billy Horschel,56.67%,34,60
29,Mackenzie Hughes,56.67%,34,60
29,K.H. Lee,56.67%,34,60
29,Cameron Young,56.67%,34,60
33,Patrick Cantlay,55.00%,33,60
34,Seamus Power,53.33%,32,60
35,Sam Burns,51.67%,31,60
35,Jon Rahm,51.67%,31,60
35,Jordan Spieth,51.67%,31,60
38,Justin Thomas,50.00%,30,60
