rank,player,RTP Score
1,Max Homa,-.750
2,Cameron Young,-.500
3,Will Zalatoris,-.467
4,Luke List,-.429
5,Viktor Hovland,-.400
6,Tom Hoge,-.375
7,Jon Rahm,-.333
7,Justin Thomas,-.333
9,Billy Horschel,-.300
10,Matt Fitzpatrick,-.273
11,Sam Burns,-.222
11,Sepp Straka,-.222
13,Tony Finau,-.200
13,Brian Harman,-.200
13,Mackenzie Hughes,-.200
13,J.J. Spaun,-.200
17,Collin Morikawa,-.167
17,Aaron Wise,-.167
19,Jordan Spieth,-.143
19,Scott Stallings,-.143
21,Hideki Matsuyama,-.111
22,Patrick Cantlay,E
22,Sungjae Im,E
22,Tom Kim,E
22,K.H. Lee,E
22,Trey Mullinax,E
22,J.T. Poston,E
22,Seamus Power,E
22,Adam Scott,E
22,Sahith Theegala,E
31,Ryan Brehm,+.083
32,Scottie Scheffler,+.091
33,Keegan Bradley,+.167
33,Russell Henley,+.167
33,Chez Reavie,+.167
36,Corey Conners,+.222
37,Adam Svensson,+.231
38,Chad Ramey,+.286
