rank,player,%,Fairways Hit,Possible Fairways,Relative to Par
1,J.T. Poston,83.33%,50,60,-0.36
2,Chez Reavie,76.67%,46,60,-0.15
3,Brian Harman,75.00%,45,60,-0.33
3,Russell Henley,75.00%,45,60,-0.31
5,Max Homa,71.67%,43,60,-0.30
6,Chad Ramey,70.00%,42,60,-0.17
7,Keegan Bradley,68.33%,41,60,-0.27
7,Hideki Matsuyama,68.33%,41,60,-0.39
7,Sepp Straka,68.33%,41,60,-0.37
10,Sungjae Im,66.67%,40,60,-0.38
10,Collin Morikawa,66.67%,40,60,-0.45
10,Aaron Wise,66.67%,40,60,-0.28
13,Tony Finau,66.10%,39,59,-0.36
14,Tom Hoge,65.00%,39,60,-0.38
14,Tom Kim,65.00%,39,60,-0.44
14,Adam Svensson,65.00%,39,60,-0.23
17,J.J. Spaun,63.33%,38,60,-0.37
18,Corey Conners,61.67%,37,60,-0.46
18,Scottie Scheffler,61.67%,37,60,-0.54
18,Sahith Theegala,61.67%,37,60,-0.46
18,Will Zalatoris,61.67%,37,60,-0.32
22,Ryan Brehm,60.00%,36,60,-0.19
22,Viktor Hovland,60.00%,36,60,-0.53
22,Luke List,60.00%,36,60,-0.42
22,Adam Scott,60.00%,36,60,-0.33
22,Scott Stallings,60.00%,36,60,-0.19
27,Matt Fitzpatrick,58.33%,35,60,-0.40
27,Trey Mullinax,58.33%,35,60,-0.29
29,Billy Horschel,57.63%,34,59,-0.21
30,Mackenzie Hughes,56.67%,34,60,-0.41
30,K.H. Lee,56.67%,34,60,-0.50
30,Cameron Young,56.67%,34,60,-0.56
33,Patrick Cantlay,55.00%,33,60,-0.55
34,Seamus Power,53.33%,32,60,-0.41
35,Sam Burns,51.67%,31,60,-0.39
35,Jon Rahm,51.67%,31,60,-0.58
35,Jordan Spieth,51.67%,31,60,-0.35
38,Justin Thomas,50.00%,30,60,-0.43
