rank,player,%,Total Missed,Total Fwys,Relative to par
1,Ryan Brehm,.00%,0,60,E
1,Brian Harman,.00%,0,60,E
1,Chez Reavie,.00%,0,60,E
1,Adam Svensson,.00%,0,60,E
1,Will Zalatoris,.00%,0,60,E
6,Russell Henley,1.67%,1,60,+1.00
6,Max Homa,1.67%,1,60,+1.00
6,Hideki Matsuyama,1.67%,1,60,E
6,Jon Rahm,1.67%,1,60,+1.00
6,Chad Ramey,1.67%,1,60,+3.00
6,Aaron Wise,1.67%,1,60,-1.00
12,Corey Conners,3.33%,2,60,E
12,Tom Hoge,3.33%,2,60,-1.00
12,Sungjae Im,3.33%,2,60,E
12,Tom Kim,3.33%,2,60,-1.00
12,K.H. Lee,3.33%,2,60,+0.50
12,Seamus Power,3.33%,2,60,+0.50
12,Scottie Scheffler,3.33%,2,60,+0.50
19,Keegan Bradley,5.00%,3,60,E
19,Sam Burns,5.00%,3,60,+0.67
19,Matt Fitzpatrick,5.00%,3,60,E
19,Collin Morikawa,5.00%,3,60,-0.33
19,Trey Mullinax,5.00%,3,60,+0.33
19,J.T. Poston,5.00%,3,60,+1.00
19,Adam Scott,5.00%,3,60,+0.33
19,J.J. Spaun,5.00%,3,60,-0.67
19,Scott Stallings,5.00%,3,60,-0.33
19,Sepp Straka,5.00%,3,60,+1.67
19,Cameron Young,5.00%,3,60,+1.00
30,Viktor Hovland,6.67%,4,60,+0.75
30,Luke List,6.67%,4,60,-0.25
30,Jordan Spieth,6.67%,4,60,-0.25
33,Billy Horschel,6.78%,4,59,+0.75
34,Patrick Cantlay,8.33%,5,60,+0.40
34,Mackenzie Hughes,8.33%,5,60,+0.80
34,Sahith Theegala,8.33%,5,60,+0.80
37,Tony Finau,8.47%,5,59,-0.20
38,Justin Thomas,10.00%,6,60,+1.00
