rank,player,RTP Score
1,Scottie Scheffler,-.429
2,Tom Hoge,-.400
2,Mackenzie Hughes,-.400
2,Aaron Wise,-.400
5,Patrick Cantlay,-.385
6,Collin Morikawa,-.364
7,Tony Finau,-.333
7,Max Homa,-.333
7,Sungjae Im,-.333
7,Jon Rahm,-.333
7,Chez Reavie,-.333
12,K.H. Lee,-.294
12,Jordan Spieth,-.294
14,Ryan Brehm,-.273
15,J.T. Poston,-.250
15,Seamus Power,-.250
15,Scott Stallings,-.250
18,Trey Mullinax,-.231
19,Matt Fitzpatrick,-.222
20,Sepp Straka,-.200
20,Justin Thomas,-.200
22,Corey Conners,-.182
23,Luke List,-.167
23,Hideki Matsuyama,-.167
25,Will Zalatoris,-.125
26,Adam Scott,-.118
27,Brian Harman,-.111
27,J.J. Spaun,-.111
29,Sam Burns,-.077
29,Sahith Theegala,-.077
31,Cameron Young,-.053
32,Billy Horschel,E
32,Tom Kim,E
32,Chad Ramey,E
35,Keegan Bradley,+.111
36,Russell Henley,+.125
37,Viktor Hovland,+.143
38,Adam Svensson,+.167
