rank,player,%,Total Right rough,Possible Fwys,Relative to par
1,Tony Finau,5.08%,3,59,-0.33
2,J.T. Poston,6.67%,4,60,-0.25
3,Sepp Straka,8.33%,5,60,-0.20
3,Aaron Wise,8.33%,5,60,-0.40
5,Hideki Matsuyama,10.00%,6,60,-0.17
5,Chez Reavie,10.00%,6,60,-0.33
5,Adam Svensson,10.00%,6,60,+0.17
8,Scottie Scheffler,11.67%,7,60,-0.43
9,Russell Henley,13.33%,8,60,+0.13
9,Will Zalatoris,13.33%,8,60,-0.13
11,Keegan Bradley,15.00%,9,60,+0.11
11,Matt Fitzpatrick,15.00%,9,60,-0.22
11,Brian Harman,15.00%,9,60,-0.11
11,Sungjae Im,15.00%,9,60,-0.33
11,Chad Ramey,15.00%,9,60,E
11,J.J. Spaun,15.00%,9,60,-0.11
17,Billy Horschel,15.25%,9,59,E
18,Tom Hoge,16.67%,10,60,-0.40
18,Mackenzie Hughes,16.67%,10,60,-0.40
18,Justin Thomas,16.67%,10,60,-0.20
21,Ryan Brehm,18.33%,11,60,-0.27
21,Corey Conners,18.33%,11,60,-0.18
21,Tom Kim,18.33%,11,60,E
21,Collin Morikawa,18.33%,11,60,-0.36
25,Max Homa,20.00%,12,60,-0.33
25,Luke List,20.00%,12,60,-0.17
25,Scott Stallings,20.00%,12,60,-0.25
28,Sam Burns,21.67%,13,60,-0.08
28,Patrick Cantlay,21.67%,13,60,-0.38
28,Trey Mullinax,21.67%,13,60,-0.23
28,Sahith Theegala,21.67%,13,60,-0.08
32,Viktor Hovland,23.33%,14,60,+0.14
33,Seamus Power,26.67%,16,60,-0.25
34,K.H. Lee,28.33%,17,60,-0.29
34,Adam Scott,28.33%,17,60,-0.12
34,Jordan Spieth,28.33%,17,60,-0.29
37,Cameron Young,31.67%,19,60,-0.05
38,Jon Rahm,35.00%,21,60,-0.33
