rank,player,%,Total Left rough,Possible Fwys,Relative to par
1,J.T. Poston,5.00%,3,60,E
1,Sahith Theegala,5.00%,3,60,E
3,Max Homa,6.67%,4,60,-0.75
3,Adam Scott,6.67%,4,60,E
3,Cameron Young,6.67%,4,60,-0.50
6,Brian Harman,8.33%,5,60,-0.20
6,Viktor Hovland,8.33%,5,60,-0.40
8,Keegan Bradley,10.00%,6,60,+0.17
8,Patrick Cantlay,10.00%,6,60,E
8,Russell Henley,10.00%,6,60,+0.17
8,K.H. Lee,10.00%,6,60,E
8,Collin Morikawa,10.00%,6,60,-0.17
8,Jon Rahm,10.00%,6,60,-0.33
8,Chez Reavie,10.00%,6,60,+0.17
15,Luke List,11.67%,7,60,-0.43
15,Chad Ramey,11.67%,7,60,+0.29
15,Jordan Spieth,11.67%,7,60,-0.14
15,Scott Stallings,11.67%,7,60,-0.14
19,Tom Hoge,13.33%,8,60,-0.38
19,Tom Kim,13.33%,8,60,E
21,Sam Burns,15.00%,9,60,-0.22
21,Corey Conners,15.00%,9,60,+0.22
21,Sungjae Im,15.00%,9,60,E
21,Hideki Matsuyama,15.00%,9,60,-0.11
21,Trey Mullinax,15.00%,9,60,E
21,Seamus Power,15.00%,9,60,E
21,Sepp Straka,15.00%,9,60,-0.22
28,Mackenzie Hughes,16.67%,10,60,-0.20
28,J.J. Spaun,16.67%,10,60,-0.20
30,Tony Finau,16.95%,10,59,-0.20
30,Billy Horschel,16.95%,10,59,-0.30
32,Matt Fitzpatrick,18.33%,11,60,-0.27
32,Scottie Scheffler,18.33%,11,60,+0.09
34,Ryan Brehm,20.00%,12,60,+0.08
34,Justin Thomas,20.00%,12,60,-0.33
34,Aaron Wise,20.00%,12,60,-0.17
37,Adam Svensson,21.67%,13,60,+0.23
38,Will Zalatoris,25.00%,15,60,-0.47
