rank,player,%,Total Rough,Possible Fwys,Relative to par
1,J.T. Poston,11.67%,7,60,-1.43
2,Chez Reavie,20.00%,12,60,-0.83
3,Tony Finau,22.03%,13,59,-2.31
4,Brian Harman,23.33%,14,60,-1.43
4,Russell Henley,23.33%,14,60,+1.43
4,Sepp Straka,23.33%,14,60,-2.14
7,Keegan Bradley,25.00%,15,60,+1.33
7,Hideki Matsuyama,25.00%,15,60,-1.33
9,Max Homa,26.67%,16,60,-4.38
9,Chad Ramey,26.67%,16,60,+1.25
9,Sahith Theegala,26.67%,16,60,-0.63
12,Collin Morikawa,28.33%,17,60,-2.94
12,Aaron Wise,28.33%,17,60,-2.35
14,Tom Hoge,30.00%,18,60,-3.89
14,Sungjae Im,30.00%,18,60,-1.67
14,Scottie Scheffler,30.00%,18,60,-1.11
17,Patrick Cantlay,31.67%,19,60,-2.63
17,Viktor Hovland,31.67%,19,60,E
17,Tom Kim,31.67%,19,60,E
17,Luke List,31.67%,19,60,-2.63
17,J.J. Spaun,31.67%,19,60,-1.58
17,Scott Stallings,31.67%,19,60,-2.11
17,Adam Svensson,31.67%,19,60,+2.11
24,Billy Horschel,32.20%,19,59,-1.58
25,Corey Conners,33.33%,20,60,E
25,Matt Fitzpatrick,33.33%,20,60,-2.50
25,Mackenzie Hughes,33.33%,20,60,-3.00
28,Adam Scott,35.00%,21,60,-0.95
29,Sam Burns,36.67%,22,60,-1.36
29,Trey Mullinax,36.67%,22,60,-1.36
29,Justin Thomas,36.67%,22,60,-2.73
32,Ryan Brehm,38.33%,23,60,-0.87
32,K.H. Lee,38.33%,23,60,-2.17
32,Cameron Young,38.33%,23,60,-1.30
32,Will Zalatoris,38.33%,23,60,-3.48
36,Jordan Spieth,40.00%,24,60,-2.50
37,Seamus Power,41.67%,25,60,-1.60
38,Jon Rahm,45.00%,27,60,-3.33
