rank,player,Avg,Total SG:OTT,Measured Rounds
1,Cameron Smith,1.005,4.020,4
2,Collin Morikawa,.920,3.680,4
3,Justin Thomas,.768,3.074,4
4,Matt Jones,.673,2.692,4
5,Jon Rahm,.666,2.664,4
6,Sungjae Im,.597,2.388,4
7,Patrick Cantlay,.585,2.340,4
7,Cam Davis,.585,2.342,4
9,Stewart Cink,.566,2.263,4
10,Lucas Glover,.553,2.213,4
11,Daniel Berger,.446,1.784,4
12,Si Woo Kim,.427,1.709,4
13,Tony Finau,.370,1.479,4
14,Talor Gooch,.360,1.439,4
15,K.H. Lee,.337,1.349,4
16,Joel Dahmen,.255,1.021,4
17,Marc Leishman,.127,.509,4
18,Viktor Hovland,.050,.201,4
18,Seamus Power,.050,.200,4
20,Xander Schauffele,.044,.175,4
21,Max Homa,.013,.053,4
22,Erik van Rooyen,-.007,-.028,4
23,Jordan Spieth,-.076,-.304,4
24,Billy Horschel,-.079,-.314,4
25,Kevin Na,-.138,-.550,4
26,Sam Burns,-.168,-.670,4
27,Branden Grace,-.258,-1.030,4
28,Hideki Matsuyama,-.324,-1.296,4
29,Garrick Higgo,-.326,-1.302,4
30,Phil Mickelson,-.438,-1.750,4
31,Jason Kokrak,-.475,-1.901,4
32,Abraham Ancer,-.601,-2.402,4
33,Bryson DeChambeau,-.826,-3.304,4
34,Kevin Kisner,-.864,-3.454,4
35,Brooks Koepka,-.894,-3.576,4
36,Patrick Reed,-.957,-3.828,4
37,Harris English,-1.326,-5.305,4
38,Lucas Herbert,-1.643,-6.571,4
