rank,player,Avg,Distance (Feet),Total Putts
1,Aaron Wise,"62' 6""",250.083,4
2,Andrew Putnam,"57' 7""",57.583,1
3,Xander Schauffele,"55' 0""",55.000,1
4,Cameron Champ,"54' 8""",273.250,5
5,Brice Garnett,"53' 8""",53.667,1
6,Kevin Tway,"52' 8""",157.917,3
7,Scott Piercy,"51' 10""",207.417,4
8,Brooks Koepka,"51' 2""",102.250,2
9,Keegan Bradley,"51' 0""",153.000,3
10,Dustin Johnson,"50' 10""",50.833,1
11,Troy Merritt,"49' 9""",49.750,1
12,Bryson DeChambeau,"48' 7""",145.667,3
13,Michael Kim,"47' 6""",189.917,4
13,Gary Woodland,"47' 6""",94.917,2
15,Patton Kizzire,"47' 2""",188.667,4
16,Justin Thomas,"46' 3""",92.417,2
17,Bubba Watson,"45' 8""",547.917,12
18,Charles Howell III,"45' 5""",90.833,2
19,Andrew Landry,"43' 10""",131.583,3
20,Patrick Reed,"41' 11""",209.583,5
21,Marc Leishman,"38' 3""",76.500,2
22,"Ted Potter, Jr.","37' 4""",37.333,1
23,Paul Casey,"35' 4""",35.333,1
24,Brandt Snedeker,"31' 9""",31.750,1
25,Jason Day,"30' 6""",91.417,3
26,Ian Poulter,"30' 3""",121.083,4
27,Matt Kuchar,"28' 5""",85.167,3
28,Satoshi Kodaira,"23' 3""",23.250,1
29,Billy Horschel,"20' 6""",41.000,2
30,Jon Rahm,"18' 5""",18.417,1
31,Francesco Molinari,"15' 10""",31.667,2
32,Webb Simpson,"8' 10""",8.833,1
