rank,player,Value,Attempts,Total Distance (Feet)
1,Keegan Bradley,"1' 8""",53,87.083
2,Webb Simpson,"1' 11""",47,89.917
3,Jason Day,"2' 0""",43,86.000
3,Dustin Johnson,"2' 0""",39,78.333
3,Andrew Landry,"2' 0""",46,91.000
6,Paul Casey,"2' 1""",46,96.500
7,Brice Garnett,"2' 2""",47,100.167
7,Billy Horschel,"2' 2""",51,108.917
7,Rory McIlroy,"2' 2""",54,114.750
10,Matt Kuchar,"2' 3""",46,105.167
10,"Ted Potter, Jr.","2' 3""",48,107.750
10,Ian Poulter,"2' 3""",51,116.417
10,Andrew Putnam,"2' 3""",40,88.583
10,Patrick Reed,"2' 3""",48,109.583
10,Aaron Wise,"2' 3""",50,112.667
10,Gary Woodland,"2' 3""",47,107.083
17,Michael Kim,"2' 4""",36,84.333
17,Satoshi Kodaira,"2' 4""",50,117.250
17,Troy Merritt,"2' 4""",43,99.167
17,Jon Rahm,"2' 4""",50,117.500
17,Brandt Snedeker,"2' 4""",45,105.000
17,Kevin Tway,"2' 4""",42,98.083
23,Bryson DeChambeau,"2' 5""",41,99.000
23,Francesco Molinari,"2' 5""",46,110.500
25,Scott Piercy,"2' 6""",44,110.750
26,Cameron Champ,"2' 7""",46,118.917
26,Patton Kizzire,"2' 7""",43,110.333
26,Justin Thomas,"2' 7""",47,122.333
29,Marc Leishman,"2' 8""",46,124.417
29,Bubba Watson,"2' 8""",50,134.167
31,Xander Schauffele,"2' 9""",44,119.417
32,Charles Howell III,"2' 10""",44,123.333
33,Brooks Koepka,"2' 11""",47,135.583
