rank,player,Avg,Distance (Feet),Total Putts
1,Cameron Champ,"13' 2""",329.250,25
2,Gary Woodland,"11' 10""",283.000,24
3,Jason Day,"10' 1""",272.333,27
4,Brice Garnett,"9' 4""",233.083,25
5,Patton Kizzire,"9' 3""",259.750,28
6,Bryson DeChambeau,"9' 2""",284.917,31
7,Satoshi Kodaira,"9' 0""",197.083,22
8,Marc Leishman,"8' 3""",214.083,26
9,Andrew Landry,"7' 10""",195.917,25
9,Aaron Wise,"7' 10""",164.833,21
11,Keegan Bradley,"7' 6""",126.833,17
11,Jon Rahm,"7' 6""",164.500,22
13,Matt Kuchar,"7' 3""",174.000,24
13,Scott Piercy,"7' 3""",195.333,27
15,Andrew Putnam,"7' 2""",229.583,32
15,Xander Schauffele,"7' 2""",186.500,26
17,Ian Poulter,"7' 0""",147.167,21
18,Patrick Reed,"6' 10""",163.333,24
19,Webb Simpson,"6' 7""",158.417,24
19,Bubba Watson,"6' 7""",131.667,20
21,Paul Casey,"6' 5""",166.833,26
22,Brooks Koepka,"6' 4""",152.083,24
22,Troy Merritt,"6' 4""",177.583,28
24,Dustin Johnson,"6' 3""",200.000,32
24,Francesco Molinari,"6' 3""",162.333,26
26,Brandt Snedeker,"5' 11""",154.750,26
27,Justin Thomas,"5' 8""",136.000,24
28,Charles Howell III,"5' 7""",155.667,28
28,Rory McIlroy,"5' 7""",100.667,18
30,Michael Kim,"5' 5""",188.750,35
31,"Ted Potter, Jr.","5' 3""",126.917,24
32,Kevin Tway,"5' 1""",151.667,30
33,Billy Horschel,"4' 3""",84.833,20
