rank,player,Avg,Distance (feet),Total Putts
1,Andrew Putnam,"57' 7""",57.583,1
2,Xander Schauffele,"55' 0""",55.000,1
3,Cameron Champ,"54' 8""",273.250,5
4,Brice Garnett,"53' 8""",53.667,1
4,Aaron Wise,"53' 8""",161.000,3
6,Scott Piercy,"51' 10""",207.417,4
7,Brooks Koepka,"51' 2""",102.250,2
8,Dustin Johnson,"50' 10""",50.833,1
9,Troy Merritt,"49' 9""",49.750,1
10,Bubba Watson,"49' 2""",540.500,11
11,Michael Kim,"48' 8""",146.000,3
12,Bryson DeChambeau,"48' 7""",145.667,3
13,Gary Woodland,"47' 6""",94.917,2
14,Patton Kizzire,"47' 2""",188.667,4
15,Justin Thomas,"46' 3""",92.417,2
16,Charles Howell III,"45' 5""",90.833,2
17,Andrew Landry,"43' 10""",131.583,3
18,Kevin Tway,"43' 8""",87.333,2
19,Keegan Bradley,"42' 7""",85.083,2
20,Patrick Reed,"42' 4""",169.167,4
21,"Ted Potter, Jr.","37' 4""",37.333,1
22,Paul Casey,"35' 4""",35.333,1
23,Brandt Snedeker,"31' 9""",31.750,1
24,Marc Leishman,"31' 8""",31.667,1
25,Jason Day,"30' 6""",91.417,3
26,Ian Poulter,"30' 3""",121.083,4
27,Matt Kuchar,"28' 5""",85.167,3
28,Satoshi Kodaira,"23' 3""",23.250,1
29,Billy Horschel,"20' 6""",41.000,2
30,Jon Rahm,"18' 5""",18.417,1
31,Francesco Molinari,"15' 10""",31.667,2
32,Webb Simpson,"8' 10""",8.833,1
