rank,player,Avg,Distance (Feet),Total Putts
1,Cameron Champ,"16' 9""",267.917,16
2,Brice Garnett,"15' 7""",187.083,12
3,Jason Day,"13' 1""",208.917,16
3,Gary Woodland,"13' 1""",249.000,19
5,Keegan Bradley,"13' 0""",78.167,6
6,Satoshi Kodaira,"12' 0""",143.833,12
7,Patton Kizzire,"11' 11""",166.500,14
8,Matt Kuchar,"10' 9""",107.417,10
9,Scott Piercy,"10' 8""",149.583,14
10,Bryson DeChambeau,"10' 4""",186.417,18
11,Marc Leishman,"10' 0""",149.750,15
12,Aaron Wise,"9' 10""",128.000,13
13,Andrew Landry,"9' 9""",166.000,17
13,Jon Rahm,"9' 9""",136.833,14
15,Bubba Watson,"9' 5""",113.417,12
16,Francesco Molinari,"8' 8""",112.833,13
16,Andrew Putnam,"8' 8""",156.083,18
18,Patrick Reed,"8' 4""",125.000,15
19,Troy Merritt,"8' 3""",107.250,13
19,Webb Simpson,"8' 3""",116.000,14
21,Brandt Snedeker,"8' 2""",90.000,11
22,Xander Schauffele,"7' 11""",134.917,17
23,Ian Poulter,"7' 10""",133.167,17
24,Paul Casey,"7' 8""",115.167,15
24,Dustin Johnson,"7' 8""",154.083,20
26,Charles Howell III,"7' 6""",113.000,15
27,"Ted Potter, Jr.","7' 4""",87.750,12
28,Brooks Koepka,"7' 2""",93.333,13
29,Kevin Tway,"6' 9""",100.917,15
30,Justin Thomas,"6' 8""",113.833,17
31,Rory McIlroy,"6' 6""",78.167,12
32,Michael Kim,"6' 4""",88.833,14
33,Billy Horschel,"4' 9""",38.250,8
