rank,player,Value,Total Drv Rank,GIR Rank
1,Henrik Norlander,8,1,7
1,Taylor Pendrith,8,3,5
3,Jeremy Paul,11,4,7
4,Nate Lashley,19,12,7
5,Keegan Bradley,22,8,14
5,Gary Woodland,22,2,20
7,Ben Kohles,23,18,5
8,Ryan Gerard,26,19,7
8,Alex Smalley,26,15,11
10,Sahith Theegala,27,10,17
11,Charley Hoffman,29,27,2
12,Lucas Glover,32,12,20
13,Nick Taylor,34,30,4
14,Bud Cauley,35,21,14
15,Ben Martin,39,19,20
15,Sam Stevens,39,28,11
17,Brian Harman,42,25,17
18,Sepp Straka,43,10,33
19,Kevin Roy,46,7,39
20,Tom Kim,48,37,11
20,Erik van Rooyen,48,9,39
22,Robert MacIntyre,50,30,20
23,Brandt Snedeker,52,32,20
24,Andrew Putnam,53,51,2
25,Russell Henley,54,15,39
25,Justin Lower,54,34,20
25,Paul Peterson,54,34,20
25,Adam Schenk,54,34,20
29,Kevin Streelman,55,22,33
30,Thomas Detry,56,17,39
31,Zach Johnson,57,43,14
32,J.J. Spaun,59,58,1
33,Rico Hoey,60,5,55
33,Matt Kuchar,60,40,20
35,Mac Meissner,63,46,17
35,Keith Mitchell,63,24,39
35,Vincent Norrman,63,43,20
38,Stephan Jaeger,67,47,20
39,Kensei Hirata,69,6,63
40,Nico Echavarria,72,39,33
41,Matt McCarty,73,40,33
42,Chan Kim,76,56,20
43,Brice Garnett,77,38,39
44,Eric Cole,78,58,20
45,Greyson Sigg,80,29,51
46,Maverick McNealy,84,14,70
46,C.T. Pan,84,45,39
48,Webb Simpson,85,22,63
48,Adam Svensson,85,52,33
50,Luke List,86,47,39
51,Mark Hubbard,87,32,55
52,Lee Hodges,88,25,63
53,Thomas Rosenmueller,95,40,55
54,David Lipsky,100,61,39
54,Hideki Matsuyama,100,67,33
56,Kurt Kitayama,102,47,55
57,James Hahn,105,50,55
58,Patrick Fishburn,107,52,55
58,Ben Griffin,107,52,55
60,Denny McCarthy,109,70,39
61,Cristobal Del Solar,114,63,51
61,Adam Hadwin,114,75,39
61,Sam Ryder,114,63,51
64,Nick Dunlap,115,76,39
65,Frankie Capan III,122,67,55
66,Taylor Montgomery,125,74,51
67,Ben Silverman,128,60,68
67,Vince Whaley,128,52,76
69,Doug Ghim,129,56,73
69,Harry Hall,129,66,63
71,Taylor Dickson,132,62,70
71,Ryo Hisatsune,132,69,63
73,Tom Hoge,133,63,70
74,Aaron Baddeley,138,70,68
75,Jackson Suber,145,72,73
76,Jesper Svensson,146,73,73
