rank,player,%,Greens Hit,# Holes,Relative/Par
1,J.J. Spaun,84.72%,61,72,-0.31
2,Charley Hoffman,83.33%,60,72,-0.18
2,Andrew Putnam,83.33%,60,72,-0.18
4,Nick Taylor,81.94%,59,72,-0.36
5,Ben Kohles,80.56%,58,72,-0.28
5,Taylor Pendrith,80.56%,58,72,-0.22
7,Ryan Gerard,79.17%,57,72,-0.30
7,Nate Lashley,79.17%,57,72,-0.19
7,Henrik Norlander,79.17%,57,72,-0.21
7,Jeremy Paul,79.17%,57,72,-0.16
11,Tom Kim,77.78%,56,72,-0.18
11,Alex Smalley,77.78%,56,72,-0.27
11,Sam Stevens,77.78%,56,72,-0.20
14,Keegan Bradley,76.39%,55,72,-0.31
14,Bud Cauley,76.39%,55,72,-0.22
14,Zach Johnson,76.39%,55,72,-0.25
17,Brian Harman,75.00%,54,72,-0.24
17,Mac Meissner,75.00%,54,72,-0.30
17,Sahith Theegala,75.00%,54,72,-0.24
20,Eric Cole,73.61%,53,72,-0.43
20,Lucas Glover,73.61%,53,72,-0.36
20,Stephan Jaeger,73.61%,53,72,-0.38
20,Chan Kim,73.61%,53,72,-0.21
20,Matt Kuchar,73.61%,53,72,-0.32
20,Justin Lower,73.61%,53,72,-0.30
20,Robert MacIntyre,73.61%,53,72,-0.26
20,Ben Martin,73.61%,53,72,-0.26
20,Vincent Norrman,73.61%,53,72,-0.26
20,Paul Peterson,73.61%,53,72,-0.30
20,Adam Schenk,73.61%,53,72,-0.30
20,Brandt Snedeker,73.61%,53,72,-0.26
20,Gary Woodland,73.61%,53,72,-0.28
33,Nico Echavarria,72.22%,52,72,-0.37
33,Hideki Matsuyama,72.22%,52,72,-0.27
33,Matt McCarty,72.22%,52,72,-0.17
33,Sepp Straka,72.22%,52,72,-0.31
33,Kevin Streelman,72.22%,52,72,-0.23
33,Adam Svensson,72.22%,52,72,-0.29
39,Thomas Detry,70.83%,51,72,-0.29
39,Nick Dunlap,70.83%,51,72,-0.33
39,Brice Garnett,70.83%,51,72,-0.33
39,Adam Hadwin,70.83%,51,72,-0.24
39,Russell Henley,70.83%,51,72,-0.41
39,David Lipsky,70.83%,51,72,-0.27
39,Luke List,70.83%,51,72,-0.16
39,Denny McCarthy,70.83%,51,72,-0.39
39,Keith Mitchell,70.83%,51,72,-0.29
39,C.T. Pan,70.83%,51,72,-0.27
39,Kevin Roy,70.83%,51,72,-0.25
39,Erik van Rooyen,70.83%,51,72,-0.33
51,Cristobal Del Solar,69.44%,50,72,-0.24
51,Taylor Montgomery,69.44%,50,72,-0.26
51,Sam Ryder,69.44%,50,72,-0.26
51,Greyson Sigg,69.44%,50,72,-0.26
55,Frankie Capan III,68.06%,49,72,-0.29
55,Patrick Fishburn,68.06%,49,72,-0.29
55,Ben Griffin,68.06%,49,72,-0.33
55,James Hahn,68.06%,49,72,-0.35
55,Rico Hoey,68.06%,49,72,-0.24
55,Mark Hubbard,68.06%,49,72,-0.33
55,Kurt Kitayama,68.06%,49,72,-0.31
55,Thomas Rosenmueller,68.06%,49,72,-0.27
63,Harry Hall,66.67%,48,72,-0.40
63,Kensei Hirata,66.67%,48,72,-0.40
63,Ryo Hisatsune,66.67%,48,72,-0.25
63,Lee Hodges,66.67%,48,72,-0.44
63,Webb Simpson,66.67%,48,72,-0.35
68,Aaron Baddeley,65.28%,47,72,-0.26
68,Ben Silverman,65.28%,47,72,-0.28
70,Taylor Dickson,63.89%,46,72,-0.24
70,Tom Hoge,63.89%,46,72,-0.30
70,Maverick McNealy,63.89%,46,72,-0.39
73,Doug Ghim,62.50%,45,72,-0.16
73,Jackson Suber,62.50%,45,72,-0.42
73,Jesper Svensson,62.50%,45,72,-0.47
76,Vince Whaley,58.33%,42,72,-0.29
