rank,player,%,Successes,Attempts
1,Paul Azinger,100.00,9,9
1,Russ Cochran,100.00,5,5
1,Corey Pavin,100.00,5,5
4,Woody Austin,90.00,9,10
5,Charles Howell III,85.71,6,7
6,Joe Durant,83.33,5,6
6,Retief Goosen,83.33,10,12
6,Frank Lickliter II,83.33,5,6
9,Jerry Kelly,77.78,7,9
10,Harrison Frazar,76.92,10,13
11,Tommy Armour III,75.00,3,4
11,Ernie Els,75.00,6,8
11,John Riegger,75.00,6,8
11,Duffy Waldorf,75.00,6,8
15,Steve Allan,73.33,11,15
15,Brenden Pappas,73.33,11,15
17,Jeff Brehaut,72.73,8,11
18,Craig Bowden,71.43,5,7
18,Peter Jacobsen,71.43,5,7
18,Bo Van Pelt,71.43,5,7
21,Jonathan Byrd,70.00,7,10
21,Chris Riley,70.00,7,10
21,Hidemichi Tanaka,70.00,7,10
24,Shaun Micheel,69.23,9,13
25,Michael Allen,66.67,4,6
25,Danny Briggs,66.67,6,9
25,Bart Bryant,66.67,4,6
25,Ben Crane,66.67,6,9
25,Fred Funk,66.67,2,3
25,Davis Love III,66.67,8,12
31,Ryan Palmer,64.29,9,14
31,Ted Purdy,64.29,9,14
33,Shigeki Maruyama,63.64,7,11
33,Jesper Parnevik,63.64,7,11
35,Brian Gay,62.50,5,8
36,Todd Fischer,61.54,8,13
36,David Ishii,61.54,8,13
38,Pat Bates,60.00,3,5
38,Tjaart van der Walt,60.00,6,10
40,Brent Geiberger,58.33,7,12
41,Richard Johnson,57.14,4,7
41,Pat Perez,57.14,4,7
41,Hideto Tanihara,57.14,8,14
44,Briny Baird,55.56,5,9
44,Joe Ogilvie,55.56,5,9
44,Scott Simpson,55.56,5,9
47,Carlos Franco,54.55,6,11
47,Rod Pampling,54.55,6,11
49,Loren Roberts,53.85,7,13
50,Arjun Atwal,50.00,5,10
50,Aaron Baddeley,50.00,4,8
50,Bob Burns,50.00,6,12
50,Jason Dufner,50.00,4,8
50,Tim Herron,50.00,5,10
50,Brad Lardon,50.00,3,6
50,Vijay Singh,50.00,6,12
57,Cameron Beckman,46.15,6,13
58,Jason Bohn,44.44,4,9
58,Jonathan Kaye,44.44,4,9
58,John Maginnes,44.44,4,9
58,Omar Uresti,44.44,4,9
62,Stephen Ames,42.86,3,7
62,Mark Hensby,42.86,6,14
62,John Senden,42.86,3,7
65,Olin Browne,40.00,4,10
65,Luke Donald,40.00,4,10
67,D.J. Brigman,37.50,6,16
67,Ken Duke,37.50,3,8
67,Kenichi Kuboya,37.50,3,8
70,Bobby Kalinowski,36.36,4,11
70,Kevin Na,36.36,4,11
72,Craig Barlow,33.33,3,9
72,Heath Slocum,33.33,2,6
74,Robert Gamez,30.77,4,13
75,Andre Stolz,28.57,2,7
76,John Huston,25.00,1,4
77,Tom Carter,23.08,3,13
78,Tom Lehman,20.00,1,5
79,Lucas Glover,18.75,3,16
