rank,player,%,# Saves,# Bunkers,Total O/U Par
1,John Huston,100.00,5,5,E
1,Jerry Kelly,100.00,4,4,E
1,Davis Love III,100.00,5,5,-2.00
1,Bo Van Pelt,100.00,5,5,E
5,Bobby Kalinowski,88.89,8,9,+1.00
6,Robert Gamez,87.50,7,8,-3.00
6,Omar Uresti,87.50,7,8,E
8,Steve Allan,83.33,5,6,E
8,Shaun Micheel,83.33,5,6,+1.00
8,Ryan Palmer,83.33,5,6,+1.00
8,Rod Pampling,83.33,10,12,-2.00
12,Craig Barlow,80.00,4,5,E
12,Bob Burns,80.00,4,5,E
12,Mark Hensby,80.00,4,5,-1.00
12,Kenichi Kuboya,80.00,4,5,E
16,John Maginnes,77.78,7,9,-1.00
16,Tjaart van der Walt,77.78,7,9,E
18,Jonathan Byrd,75.00,6,8,+1.00
18,Jason Dufner,75.00,3,4,+1.00
18,Retief Goosen,75.00,3,4,+1.00
18,Jesper Parnevik,75.00,3,4,-1.00
22,Todd Fischer,72.73,8,11,+2.00
23,Aaron Baddeley,71.43,5,7,E
23,Cameron Beckman,71.43,10,14,+3.00
23,Peter Jacobsen,71.43,5,7,+2.00
26,Jason Bohn,66.67,4,6,+2.00
26,D.J. Brigman,66.67,2,3,+1.00
26,Luke Donald,66.67,4,6,E
26,Ken Duke,66.67,4,6,+2.00
26,Ernie Els,66.67,2,3,E
26,Charles Howell III,66.67,6,9,+2.00
26,Kevin Na,66.67,2,3,E
26,John Riegger,66.67,4,6,+3.00
34,Tom Carter,62.50,5,8,+2.00
34,Brad Lardon,62.50,5,8,+2.00
34,Chris Riley,62.50,5,8,+3.00
37,Briny Baird,60.00,3,5,+1.00
37,Lucas Glover,60.00,3,5,+2.00
37,Tim Herron,60.00,3,5,+1.00
37,Loren Roberts,60.00,6,10,+2.00
41,Craig Bowden,57.14,4,7,+1.00
41,Ben Crane,57.14,4,7,+2.00
41,Hideto Tanihara,57.14,4,7,+3.00
44,Brian Gay,55.56,5,9,+3.00
45,Michael Allen,50.00,3,6,+2.00
45,Woody Austin,50.00,4,8,+3.00
45,Paul Azinger,50.00,4,8,+5.00
45,Carlos Franco,50.00,2,4,+1.00
45,Richard Johnson,50.00,5,10,+3.00
45,Jonathan Kaye,50.00,5,10,+6.00
45,Tom Lehman,50.00,2,4,+1.00
45,Scott Simpson,50.00,4,8,+4.00
53,Arjun Atwal,45.45,5,11,+4.00
54,Jeff Brehaut,44.44,4,9,+4.00
54,Bart Bryant,44.44,4,9,+3.00
54,Brent Geiberger,44.44,4,9,+5.00
54,Frank Lickliter II,44.44,4,9,+2.00
54,Pat Perez,44.44,4,9,+4.00
59,Pat Bates,42.86,3,7,+4.00
60,Fred Funk,40.00,2,5,+2.00
61,Tommy Armour III,37.50,3,8,+5.00
61,Corey Pavin,37.50,3,8,+3.00
63,Stephen Ames,33.33,1,3,+1.00
63,Harrison Frazar,33.33,1,3,+2.00
63,David Ishii,33.33,2,6,+3.00
63,Ted Purdy,33.33,1,3,E
63,Vijay Singh,33.33,3,9,+5.00
63,Heath Slocum,33.33,3,9,+4.00
69,Hidemichi Tanaka,28.57,2,7,+5.00
70,Russ Cochran,25.00,2,8,+5.00
70,Shigeki Maruyama,25.00,1,4,+2.00
70,Andre Stolz,25.00,2,8,+7.00
73,Duffy Waldorf,22.22,2,9,+8.00
74,Joe Durant,20.00,1,5,+3.00
74,John Senden,20.00,1,5,+5.00
76,Joe Ogilvie,16.67,1,6,+5.00
77,Olin Browne,14.29,1,7,+6.00
78,Danny Briggs,.00,0,2,+2.00
78,Brenden Pappas,.00,0,3,+3.00
