rank,player,%,Successes,Attempts
1,Shigeki Maruyama,80.00,4,5
2,Jonathan Byrd,75.00,3,4
3,Harrison Frazar,66.67,2,3
3,John Riegger,66.67,2,3
5,Woody Austin,60.00,3,5
5,Duffy Waldorf,60.00,3,5
7,Craig Barlow,57.14,4,7
7,Carlos Franco,57.14,4,7
9,Steve Allan,50.00,3,6
9,Stephen Ames,50.00,2,4
9,Jeff Brehaut,50.00,2,4
9,Ben Crane,50.00,1,2
9,Retief Goosen,50.00,1,2
9,Charles Howell III,50.00,2,4
9,Bobby Kalinowski,50.00,2,4
9,Frank Lickliter II,50.00,3,6
9,Davis Love III,50.00,1,2
9,Jesper Parnevik,50.00,4,8
9,Ted Purdy,50.00,1,2
20,Arjun Atwal,42.86,3,7
20,Danny Briggs,42.86,3,7
20,Brad Lardon,42.86,3,7
20,Hideto Tanihara,42.86,3,7
24,Briny Baird,40.00,2,5
24,Richard Johnson,40.00,2,5
24,Brenden Pappas,40.00,2,5
24,Corey Pavin,40.00,2,5
28,Tom Carter,37.50,3,8
28,Scott Simpson,37.50,3,8
28,Bo Van Pelt,37.50,3,8
31,Tommy Armour III,33.33,1,3
31,Aaron Baddeley,33.33,2,6
31,John Huston,33.33,2,6
31,Peter Jacobsen,33.33,1,3
31,Jerry Kelly,33.33,1,3
31,John Maginnes,33.33,2,6
31,Ryan Palmer,33.33,2,6
31,Hidemichi Tanaka,33.33,3,9
39,Tom Lehman,28.57,2,7
39,Joe Ogilvie,28.57,2,7
39,Tjaart van der Walt,28.57,2,7
42,Pat Bates,25.00,1,4
42,Olin Browne,25.00,1,4
42,Bart Bryant,25.00,1,4
42,Fred Funk,25.00,1,4
42,Robert Gamez,25.00,2,8
42,David Ishii,25.00,1,4
42,Shaun Micheel,25.00,1,4
49,Michael Allen,20.00,1,5
49,Russ Cochran,20.00,1,5
49,Jason Dufner,20.00,1,5
49,Brian Gay,20.00,1,5
49,Lucas Glover,20.00,2,10
49,Mark Hensby,20.00,1,5
49,Tim Herron,20.00,1,5
49,Rod Pampling,20.00,1,5
49,John Senden,20.00,1,5
49,Vijay Singh,20.00,1,5
49,Heath Slocum,20.00,1,5
60,Ken Duke,16.67,1,6
60,Brent Geiberger,16.67,1,6
60,Kevin Na,16.67,1,6
60,Chris Riley,16.67,1,6
64,Bob Burns,14.29,1,7
65,Jonathan Kaye,12.50,1,8
66,Loren Roberts,10.00,1,10
67,Paul Azinger,.00,0,2
67,Cameron Beckman,.00,0,5
67,Jason Bohn,.00,0,3
67,Craig Bowden,.00,0,1
67,D.J. Brigman,.00,0,4
67,Luke Donald,.00,0,3
67,Joe Durant,.00,0,2
67,Ernie Els,.00,0,1
67,Todd Fischer,.00,0,5
67,Kenichi Kuboya,.00,0,5
67,Pat Perez,.00,0,3
67,Andre Stolz,.00,0,4
67,Omar Uresti,.00,0,3
