rank,player,%,Number of Times,Attempts,Avg RTP Score
1,Scott Stallings,30.0,3,10,E
2,Ben Crane,33.3,5,15,-2.00
2,Hideki Matsuyama,33.3,5,15,-2.00
4,Charley Hoffman,36.4,4,11,E
5,Brian Harman,40.0,4,10,E
6,Matt Jones,42.9,6,14,E
7,S.Y. Noh,46.7,7,15,-1.43
8,Billy Horschel,50.0,4,8,-5.00
8,Chris Kirk,50.0,6,12,-6.67
10,Steven Bowditch,55.6,10,18,-2.00
11,Jason Day,56.3,9,16,-2.22
12,Sangmoon Bae,57.1,8,14,-2.50
12,J.B. Holmes,57.1,4,7,+7.50
14,Brendon Todd,58.3,7,12,E
15,Matt Kuchar,61.1,11,18,E
16,Tim Clark,62.5,5,8,E
16,Patrick Reed,62.5,10,16,-5.00
16,Kevin Streelman,62.5,5,8,E
19,Ángel Cabrera,63.6,7,11,+1.43
20,Bubba Watson,64.3,9,14,-2.22
21,Matt Every,66.7,10,15,-3.00
21,Ben Martin,66.7,10,15,+2.00
23,Robert Streb,68.8,11,16,-1.82
24,Chesson Hadley,69.2,9,13,E
25,Hunter Mahan,71.4,10,14,-1.00
25,Geoff Ogilvy,71.4,10,14,-4.00
27,Nick Taylor,72.7,8,11,+1.25
28,Camilo Villegas,73.3,11,15,E
28,Jimmy Walker,73.3,11,15,-1.82
30,Zach Johnson,75.0,3,4,-3.33
31,John Senden,76.9,10,13,+1.00
32,Ryan Moore,83.3,5,6,+2.00
33,Russell Henley,84.6,11,13,-0.91
