rank,player,%,Total Fairway Bunkers,Possible Fwys,Relative to par
1,Sangmoon Bae,.0,0,60,E
1,Tim Clark,.0,0,60,E
1,Jason Day,.0,0,60,E
1,J.B. Holmes,.0,0,58,E
1,Zach Johnson,.0,0,60,E
1,Chris Kirk,.0,0,59,E
1,Matt Kuchar,.0,0,60,E
1,Hideki Matsuyama,.0,0,60,E
1,Brendon Todd,.0,0,60,E
1,Bubba Watson,.0,0,60,E
11,Steven Bowditch,1.7,1,60,E
11,Ben Crane,1.7,1,60,+1.000
11,Brian Harman,1.7,1,60,+1.000
11,Russell Henley,1.7,1,60,+1.000
11,Charley Hoffman,1.7,1,60,E
11,Hunter Mahan,1.7,1,60,E
11,Ben Martin,1.7,1,60,+2.000
11,Ryan Moore,1.7,1,59,E
11,S.Y. Noh,1.7,1,60,E
11,Patrick Reed,1.7,1,60,-1.000
11,John Senden,1.7,1,60,E
11,Scott Stallings,1.7,1,60,-1.000
11,Robert Streb,1.7,1,60,-1.000
11,Kevin Streelman,1.7,1,60,E
25,Billy Horschel,3.3,2,60,E
25,Matt Jones,3.3,2,60,E
25,Jimmy Walker,3.3,2,60,+0.500
28,Ángel Cabrera,3.4,2,59,+1.000
28,Matt Every,3.4,2,59,E
30,Chesson Hadley,5.0,3,60,+0.333
30,Camilo Villegas,5.0,3,60,+0.333
32,Geoff Ogilvy,5.1,3,59,-0.333
32,Nick Taylor,5.1,3,59,E
