rank,player,RTP Score
1,Tim Clark,-1.000
2,Sangmoon Bae,-.571
3,Zach Johnson,-.500
3,S.Y. Noh,-.500
5,Matt Kuchar,-.375
6,Charley Hoffman,-.364
7,Nick Taylor,-.333
7,Jimmy Walker,-.333
9,Jason Day,-.300
10,Matt Jones,-.250
10,Scott Stallings,-.250
12,Ben Crane,-.222
12,Patrick Reed,-.222
14,Russell Henley,-.200
14,J.B. Holmes,-.200
16,Ángel Cabrera,-.167
16,Hunter Mahan,-.167
16,Geoff Ogilvy,-.167
16,John Senden,-.167
16,Bubba Watson,-.167
21,Brian Harman,-.143
21,Billy Horschel,-.143
23,Steven Bowditch,-.100
24,Hideki Matsuyama,-.083
25,Chesson Hadley,E
25,Chris Kirk,E
25,Ben Martin,E
25,Ryan Moore,E
25,Robert Streb,E
25,Kevin Streelman,E
25,Camilo Villegas,E
32,Brendon Todd,+.250
33,Matt Every,+.286
