rank,player,%,Total Rough,Possible Fwys,Relative to par
1,Ryan Moore,8.47,5,59,+2.00
2,Zach Johnson,11.67,7,60,-4.29
3,Tim Clark,13.33,8,60,-3.75
4,Kevin Streelman,15.00,9,60,E
5,Chesson Hadley,16.67,10,60,-2.00
5,Brendon Todd,16.67,10,60,+1.00
7,Nick Taylor,16.95,10,59,E
8,Billy Horschel,18.33,11,60,-2.73
8,Scott Stallings,18.33,11,60,-1.82
8,Camilo Villegas,18.33,11,60,-0.91
11,J.B. Holmes,18.97,11,58,+2.73
12,Russell Henley,20.00,12,60,-3.33
13,Chris Kirk,20.34,12,59,-2.50
14,Brian Harman,21.67,13,60,-0.77
14,S.Y. Noh,21.67,13,60,-3.08
14,Jimmy Walker,21.67,13,60,-2.31
17,Ángel Cabrera,22.03,13,59,-0.77
18,Ben Crane,23.33,14,60,-2.14
18,Matt Jones,23.33,14,60,-1.43
20,Geoff Ogilvy,23.73,14,59,-2.86
21,Charley Hoffman,25.00,15,60,-2.67
21,Hunter Mahan,25.00,15,60,-1.33
21,John Senden,25.00,15,60,E
24,Matt Every,25.42,15,59,-0.67
25,Sangmoon Bae,28.33,17,60,-4.12
25,Ben Martin,28.33,17,60,+0.59
25,Patrick Reed,28.33,17,60,-3.53
25,Bubba Watson,28.33,17,60,-1.76
29,Steven Bowditch,30.00,18,60,-1.67
29,Hideki Matsuyama,30.00,18,60,-1.11
29,Robert Streb,30.00,18,60,-0.56
32,Jason Day,31.67,19,60,-2.63
33,Matt Kuchar,33.33,20,60,-1.50
