rank,player,RTP Score
1,Chris Kirk,-.600
2,Billy Horschel,-.500
2,Patrick Reed,-.500
4,Russell Henley,-.429
5,Matt Every,-.375
5,Geoff Ogilvy,-.375
7,Zach Johnson,-.333
8,Sangmoon Bae,-.300
9,Chesson Hadley,-.286
10,Steven Bowditch,-.250
11,Jason Day,-.222
12,Ben Crane,-.200
12,Jimmy Walker,-.200
14,Bubba Watson,-.182
15,Hideki Matsuyama,-.167
16,S.Y. Noh,-.143
17,Hunter Mahan,-.111
17,Camilo Villegas,-.111
19,Robert Streb,-.100
20,Ángel Cabrera,E
20,Tim Clark,E
20,Brian Harman,E
20,Charley Hoffman,E
20,Matt Jones,E
20,Matt Kuchar,E
20,Scott Stallings,E
20,Kevin Streelman,E
20,Brendon Todd,E
29,John Senden,+.111
30,Ben Martin,+.125
31,Nick Taylor,+.143
32,Ryan Moore,+.333
33,J.B. Holmes,+.667
