rank,player,%,Total Missed,Total Fwys,Relative to par
1,Sangmoon Bae,.00,0,60,E
1,Ben Crane,.00,0,60,E
1,Jason Day,.00,0,60,E
1,Brian Harman,.00,0,60,E
1,Charley Hoffman,.00,0,60,E
1,Zach Johnson,.00,0,60,E
1,Hideki Matsuyama,.00,0,60,E
1,Geoff Ogilvy,.00,0,59,E
1,John Senden,.00,0,60,E
10,Tim Clark,1.67,1,60,+1.00
10,Matt Jones,1.67,1,60,E
12,Ryan Moore,1.69,1,59,E
13,Ben Martin,3.33,2,60,-1.00
13,Patrick Reed,3.33,2,60,E
13,Robert Streb,3.33,2,60,-0.50
13,Kevin Streelman,3.33,2,60,+0.50
13,Brendon Todd,3.33,2,60,E
13,Camilo Villegas,3.33,2,60,+1.00
19,Ángel Cabrera,3.39,2,59,E
19,Nick Taylor,3.39,2,59,E
21,Steven Bowditch,5.00,3,60,E
21,Chesson Hadley,5.00,3,60,+1.00
21,Russell Henley,5.00,3,60,+0.33
21,Billy Horschel,5.00,3,60,E
21,Matt Kuchar,5.00,3,60,E
21,Hunter Mahan,5.00,3,60,E
21,Jimmy Walker,5.00,3,60,E
21,Bubba Watson,5.00,3,60,E
29,Matt Every,5.08,3,59,E
29,Chris Kirk,5.08,3,59,+1.00
31,J.B. Holmes,5.17,3,58,+0.33
32,S.Y. Noh,6.67,4,60,+0.75
33,Scott Stallings,8.33,5,60,+0.40
