rank,player,%,Fairways Hit,Possible Fairways
1,Zach Johnson,88.33,53,60
2,Ryan Moore,86.67,52,60
3,Tim Clark,85.00,51,60
4,Kevin Streelman,80.00,48,60
4,Brendon Todd,80.00,48,60
6,Brian Harman,76.67,46,60
7,Ben Crane,75.00,45,60
8,Chesson Hadley,73.33,44,60
8,Russell Henley,73.33,44,60
8,Charley Hoffman,73.33,44,60
8,J.B. Holmes,73.33,44,60
8,Billy Horschel,73.33,44,60
8,Chris Kirk,73.33,44,60
8,John Senden,73.33,44,60
8,Nick Taylor,73.33,44,60
8,Camilo Villegas,73.33,44,60
17,Sangmoon Bae,71.67,43,60
17,Matt Jones,71.67,43,60
17,Scott Stallings,71.67,43,60
20,Ángel Cabrera,70.00,42,60
20,Hideki Matsuyama,70.00,42,60
20,S.Y. Noh,70.00,42,60
20,Geoff Ogilvy,70.00,42,60
20,Jimmy Walker,70.00,42,60
25,Jason Day,68.33,41,60
25,Hunter Mahan,68.33,41,60
27,Ben Martin,66.67,40,60
27,Patrick Reed,66.67,40,60
27,Bubba Watson,66.67,40,60
30,Matt Every,65.00,39,60
30,Robert Streb,65.00,39,60
32,Steven Bowditch,63.33,38,60
33,Matt Kuchar,61.67,37,60
