rank,player,Avg,Total Distance (Feet),Total Strokes
1,Sangmoon Bae,"6' 10""",95.583,14
2,Brian Harman,"8' 6""",84.667,10
3,Tim Clark,"10' 4""",82.500,8
4,Ben Crane,"10' 5""",156.417,15
5,Jason Day,"11' 2""",178.917,16
6,Brendon Todd,"12' 3""",146.917,12
7,Hideki Matsuyama,"12' 5""",186.500,15
7,Robert Streb,"12' 5""",198.500,16
9,Ángel Cabrera,"13' 7""",135.583,10
10,Hunter Mahan,"14' 9""",192.250,13
11,Matt Kuchar,"15' 3""",259.917,17
12,Zach Johnson,"15' 4""",61.417,4
12,Ben Martin,"15' 4""",230.583,15
14,Bubba Watson,"15' 7""",202.917,13
15,John Senden,"15' 9""",205.250,13
16,Matt Jones,"16' 4""",212.000,13
17,Chris Kirk,"16' 10""",167.917,10
18,Patrick Reed,"17' 0""",271.417,16
19,Chesson Hadley,"17' 5""",191.333,11
20,Scott Stallings,"18' 1""",162.417,9
21,Steven Bowditch,"19' 0""",322.583,17
22,Billy Horschel,"20' 4""",162.667,8
23,Geoff Ogilvy,"21' 0""",314.917,15
24,Camilo Villegas,"21' 3""",297.333,14
25,Charley Hoffman,"23' 8""",260.667,11
26,Matt Every,"23' 11""",334.917,14
27,Nick Taylor,"25' 6""",305.833,12
28,Russell Henley,"26' 10""",348.500,13
29,Kevin Streelman,"28' 4""",226.333,8
30,S.Y. Noh,"29' 3""",409.167,14
31,Jimmy Walker,"35' 0""",525.583,15
32,Ryan Moore,"40' 7""",243.500,6
33,J.B. Holmes,"47' 8""",428.750,9
