rank,player,%,# Hit,Total Attempts
1,Sangmoon Bae,100.00,60,60
2,Tim Clark,98.33,59,60
2,Charley Hoffman,98.33,59,60
2,Hunter Mahan,98.33,59,60
2,Geoff Ogilvy,98.33,59,60
2,Kevin Streelman,98.33,59,60
7,Russell Henley,96.67,58,60
7,Billy Horschel,96.67,58,60
7,Zach Johnson,96.67,58,60
7,Matt Jones,96.67,58,60
11,Jason Day,95.00,57,60
12,Ben Crane,93.33,56,60
12,Chesson Hadley,93.33,56,60
12,Matt Kuchar,93.33,56,60
12,Ben Martin,93.33,56,60
12,Ryan Moore,93.33,56,60
12,Patrick Reed,93.33,56,60
12,Brendon Todd,93.33,56,60
19,Steven Bowditch,91.67,55,60
19,Hideki Matsuyama,91.67,55,60
19,S.Y. Noh,91.67,55,60
19,Scott Stallings,91.67,55,60
19,Jimmy Walker,91.67,55,60
19,Bubba Watson,91.67,55,60
25,Matt Every,90.00,54,60
25,J.B. Holmes,90.00,54,60
25,Chris Kirk,90.00,54,60
25,John Senden,90.00,54,60
25,Robert Streb,90.00,54,60
25,Nick Taylor,90.00,54,60
31,Ángel Cabrera,88.33,53,60
31,Brian Harman,88.33,53,60
31,Camilo Villegas,88.33,53,60
