rank,player,%,Fairways Hit,Possible Fairways,Relative to Par
1,Zach Johnson,88.33,53,60,-0.26
2,Ryan Moore,88.14,52,59,-0.21
3,Tim Clark,85.00,51,60,-0.14
4,Kevin Streelman,80.00,48,60,-0.27
4,Brendon Todd,80.00,48,60,-0.31
6,Brian Harman,76.67,46,60,-0.24
7,J.B. Holmes,75.86,44,58,-0.20
8,Ben Crane,75.00,45,60,-0.11
9,Chris Kirk,74.58,44,59,-0.34
9,Nick Taylor,74.58,44,59,-0.18
11,Chesson Hadley,73.33,44,60,-0.30
11,Russell Henley,73.33,44,60,-0.41
11,Charley Hoffman,73.33,44,60,-0.23
11,Billy Horschel,73.33,44,60,-0.18
11,John Senden,73.33,44,60,-0.11
11,Camilo Villegas,73.33,44,60,-0.18
17,Sangmoon Bae,71.67,43,60,-0.19
17,Matt Jones,71.67,43,60,-0.33
17,Scott Stallings,71.67,43,60,-0.26
20,Ángel Cabrera,71.19,42,59,-0.24
20,Geoff Ogilvy,71.19,42,59,-0.10
22,Hideki Matsuyama,70.00,42,60,-0.40
22,S.Y. Noh,70.00,42,60,-0.26
22,Jimmy Walker,70.00,42,60,-0.43
25,Jason Day,68.33,41,60,-0.34
25,Hunter Mahan,68.33,41,60,-0.24
27,Ben Martin,66.67,40,60,-0.35
27,Patrick Reed,66.67,40,60,-0.35
27,Bubba Watson,66.67,40,60,-0.30
30,Matt Every,66.10,39,59,-0.26
31,Robert Streb,65.00,39,60,-0.28
32,Steven Bowditch,63.33,38,60,-0.18
33,Matt Kuchar,61.67,37,60,-0.22
