rank,player,%,Number of Times,Attempts,Avg RTP Score
1,Russell Henley,15.4,2,13,-5.00
2,Ryan Moore,16.7,1,6,E
3,John Senden,23.1,3,13,+3.33
4,Zach Johnson,25.0,1,4,+10.00
5,Camilo Villegas,26.7,4,15,+5.00
5,Jimmy Walker,26.7,4,15,+2.50
7,Nick Taylor,27.3,3,11,+3.33
8,Hunter Mahan,28.6,4,14,+2.50
8,Geoff Ogilvy,28.6,4,14,E
10,Chesson Hadley,30.8,4,13,+5.00
11,Robert Streb,31.3,5,16,+4.00
12,Matt Every,33.3,5,15,+8.00
12,Ben Martin,33.3,5,15,E
14,Bubba Watson,35.7,5,14,E
15,Ángel Cabrera,36.4,4,11,+5.00
16,Tim Clark,37.5,3,8,-3.33
16,Patrick Reed,37.5,6,16,-1.67
16,Kevin Streelman,37.5,3,8,+6.67
19,Matt Kuchar,38.9,7,18,-2.86
20,Brendon Todd,41.7,5,12,+2.00
21,Sangmoon Bae,42.9,6,14,-5.00
21,J.B. Holmes,42.9,3,7,+3.33
23,Jason Day,43.8,7,16,E
24,Steven Bowditch,44.4,8,18,+1.25
25,Billy Horschel,50.0,4,8,E
25,Chris Kirk,50.0,6,12,+8.33
27,S.Y. Noh,53.3,8,15,+3.75
28,Matt Jones,57.1,8,14,-1.25
29,Brian Harman,60.0,6,10,E
30,Charley Hoffman,63.6,7,11,-2.86
31,Ben Crane,66.7,10,15,-1.00
31,Hideki Matsuyama,66.7,10,15,-1.00
33,Scott Stallings,70.0,7,10,E
