rank,player,%,Total Left rough,Possible Fwys,Relative to par
1,Zach Johnson,5.00,3,60,-0.33
1,Scott Stallings,5.00,3,60,E
3,Ryan Moore,5.08,3,59,+0.33
4,Charley Hoffman,6.67,4,60,E
4,Billy Horschel,6.67,4,60,-0.50
4,Kevin Streelman,6.67,4,60,E
7,Tim Clark,8.33,5,60,E
7,Ben Crane,8.33,5,60,-0.20
9,Chris Kirk,8.47,5,59,-0.60
10,Brian Harman,10.00,6,60,E
10,Matt Jones,10.00,6,60,E
10,Hideki Matsuyama,10.00,6,60,-0.17
10,Brendon Todd,10.00,6,60,E
14,J.B. Holmes,10.34,6,58,+0.67
15,Chesson Hadley,11.67,7,60,-0.29
15,Russell Henley,11.67,7,60,-0.43
15,S.Y. Noh,11.67,7,60,-0.14
18,Ángel Cabrera,11.86,7,59,E
18,Nick Taylor,11.86,7,59,+0.14
20,Steven Bowditch,13.33,8,60,-0.25
20,Ben Martin,13.33,8,60,+0.13
20,Patrick Reed,13.33,8,60,-0.50
23,Matt Every,13.56,8,59,-0.38
23,Geoff Ogilvy,13.56,8,59,-0.38
25,Jason Day,15.00,9,60,-0.22
25,Hunter Mahan,15.00,9,60,-0.11
25,John Senden,15.00,9,60,+0.11
25,Camilo Villegas,15.00,9,60,-0.11
29,Sangmoon Bae,16.67,10,60,-0.30
29,Robert Streb,16.67,10,60,-0.10
29,Jimmy Walker,16.67,10,60,-0.20
32,Bubba Watson,18.33,11,60,-0.18
33,Matt Kuchar,20.00,12,60,E
