rank,player,%,Total 3 Putts,Attempts,2 Putt or Better %
1,Carl Pettersson,5.56,1,18,94.4
2,Dustin Johnson,6.25,1,16,93.7
2,Bubba Watson,6.25,1,16,93.7
4,Webb Simpson,8.33,1,12,91.6
5,John Huh,8.70,2,23,91.3
6,J.J. Henry,9.09,2,22,90.9
7,Mark Wilson,10.53,2,19,89.4
8,Tommy Gainey,11.76,2,17,88.2
8,Matt Kuchar,11.76,2,17,88.2
10,Jonas Blixt,13.33,2,15,86.6
10,Rickie Fowler,13.33,2,15,86.6
10,"Ted Potter, Jr.",13.33,2,15,86.6
13,Ian Poulter,14.29,2,14,85.7
14,Scott Stallings,15.38,2,13,84.6
14,Steve Stricker,15.38,2,13,84.6
16,Hunter Mahan,15.79,3,19,84.2
17,Keegan Bradley,16.67,3,18,83.3
18,Johnson Wagner,17.65,3,17,82.3
19,Marc Leishman,20.00,3,15,80.0
19,Ryan Moore,20.00,3,15,80.0
21,Ben Curtis,21.43,3,14,78.5
22,Zach Johnson,23.53,4,17,76.4
23,George McNeill,24.00,6,25,76.0
24,Nick Watney,25.00,5,20,75.0
25,Brandt Snedeker,26.67,4,15,73.3
26,Scott Piercy,27.78,5,18,72.2
27,Jason Dufner,29.41,5,17,70.5
28,Bill Haas,33.33,4,12,66.6
29,Charlie Beljan,35.29,6,17,64.7
30,Kyle Stanley,50.00,10,20,50.0
