rank,player,%,Total 3 Putts,Attempts,2 Putt or Better %
1,Charlie Beljan,.00,0,3,100.0
1,Jonas Blixt,.00,0,8,100.0
1,Keegan Bradley,.00,0,7,100.0
1,Ben Curtis,.00,0,5,100.0
1,Jason Dufner,.00,0,4,100.0
1,Rickie Fowler,.00,0,7,100.0
1,Tommy Gainey,.00,0,7,100.0
1,Bill Haas,.00,0,7,100.0
1,J.J. Henry,.00,0,9,100.0
1,John Huh,.00,0,5,100.0
1,Marc Leishman,.00,0,7,100.0
1,Hunter Mahan,.00,0,8,100.0
1,George McNeill,.00,0,4,100.0
1,Ryan Moore,.00,0,8,100.0
1,Ian Poulter,.00,0,7,100.0
1,Brandt Snedeker,.00,0,4,100.0
1,Scott Stallings,.00,0,5,100.0
1,Steve Stricker,.00,0,6,100.0
1,Nick Watney,.00,0,7,100.0
1,Mark Wilson,.00,0,9,100.0
21,Webb Simpson,9.09,1,11,90.9
22,"Ted Potter, Jr.",11.11,1,9,88.8
23,Zach Johnson,12.50,1,8,87.5
23,Johnson Wagner,12.50,1,8,87.5
25,Dustin Johnson,14.29,1,7,85.7
25,Bubba Watson,14.29,1,7,85.7
27,Carl Pettersson,20.00,1,5,80.0
27,Kyle Stanley,20.00,1,5,80.0
29,Matt Kuchar,25.00,1,4,75.0
30,Scott Piercy,50.00,2,4,50.0
