rank,player,%,Total 3 Putts,Attempts,2 Putt or Better %
1,Charlie Beljan,.00,0,7,100.0
1,Jonas Blixt,.00,0,13,100.0
1,Keegan Bradley,.00,0,5,100.0
1,Ben Curtis,.00,0,11,100.0
1,Jason Dufner,.00,0,11,100.0
1,Tommy Gainey,.00,0,7,100.0
1,Bill Haas,.00,0,14,100.0
1,J.J. Henry,.00,0,8,100.0
1,John Huh,.00,0,10,100.0
1,Dustin Johnson,.00,0,4,100.0
1,Zach Johnson,.00,0,5,100.0
1,Matt Kuchar,.00,0,12,100.0
1,Marc Leishman,.00,0,16,100.0
1,Hunter Mahan,.00,0,6,100.0
1,George McNeill,.00,0,8,100.0
1,Ryan Moore,.00,0,13,100.0
1,Carl Pettersson,.00,0,4,100.0
1,Scott Piercy,.00,0,8,100.0
1,"Ted Potter, Jr.",.00,0,7,100.0
1,Ian Poulter,.00,0,11,100.0
1,Webb Simpson,.00,0,11,100.0
1,Brandt Snedeker,.00,0,6,100.0
1,Kyle Stanley,.00,0,8,100.0
1,Steve Stricker,.00,0,5,100.0
1,Johnson Wagner,.00,0,10,100.0
1,Nick Watney,.00,0,10,100.0
1,Bubba Watson,.00,0,11,100.0
1,Mark Wilson,.00,0,13,100.0
29,Rickie Fowler,6.67,1,15,93.3
30,Scott Stallings,9.09,1,11,90.9
