rank,player,%,Total 3 Putts,Attempts,2 Putt or Better %
1,Charlie Beljan,.00,0,4,100.0
1,Ben Curtis,.00,0,7,100.0
1,Jason Dufner,.00,0,7,100.0
1,Rickie Fowler,.00,0,3,100.0
1,Tommy Gainey,.00,0,8,100.0
1,Bill Haas,.00,0,4,100.0
1,J.J. Henry,.00,0,3,100.0
1,John Huh,.00,0,5,100.0
1,Zach Johnson,.00,0,7,100.0
1,Matt Kuchar,.00,0,5,100.0
1,Hunter Mahan,.00,0,4,100.0
1,George McNeill,.00,0,2,100.0
1,Ryan Moore,.00,0,2,100.0
1,Carl Pettersson,.00,0,8,100.0
1,Scott Piercy,.00,0,5,100.0
1,Webb Simpson,.00,0,9,100.0
1,Brandt Snedeker,.00,0,8,100.0
1,Scott Stallings,.00,0,7,100.0
1,Nick Watney,.00,0,7,100.0
1,Bubba Watson,.00,0,3,100.0
1,Mark Wilson,.00,0,4,100.0
22,Steve Stricker,11.11,1,9,88.8
23,Ian Poulter,12.50,1,8,87.5
24,Dustin Johnson,16.67,1,6,83.3
25,Jonas Blixt,20.00,1,5,80.0
26,Keegan Bradley,25.00,1,4,75.0
26,Johnson Wagner,25.00,1,4,75.0
28,"Ted Potter, Jr.",33.33,1,3,66.6
29,Marc Leishman,50.00,1,2,50.0
30,Kyle Stanley,75.00,3,4,25.0
