rank,player,Total 3 putts > 25',Total 3 Putts
1,Kyle Stanley,10,14
2,Charlie Beljan,6,7
2,George McNeill,6,6
4,Jason Dufner,5,5
4,Scott Piercy,5,7
4,Nick Watney,5,5
7,Bill Haas,4,4
7,Zach Johnson,4,5
7,Brandt Snedeker,4,4
10,Keegan Bradley,3,4
10,Ben Curtis,3,4
10,Marc Leishman,3,5
10,Hunter Mahan,3,3
10,Ryan Moore,3,3
10,Johnson Wagner,3,5
16,Jonas Blixt,2,3
16,Rickie Fowler,2,3
16,Tommy Gainey,2,2
16,J.J. Henry,2,2
16,John Huh,2,2
16,Matt Kuchar,2,3
16,"Ted Potter, Jr.",2,5
16,Ian Poulter,2,3
16,Scott Stallings,2,3
16,Steve Stricker,2,3
16,Mark Wilson,2,2
27,Dustin Johnson,1,3
27,Carl Pettersson,1,2
27,Webb Simpson,1,2
27,Bubba Watson,1,2
