rank,player,%,Total 3 Putts,Total Holes
1,Keegan Bradley,5.56,1,18
1,Tommy Gainey,5.56,1,18
1,Bill Haas,5.56,1,18
1,John Huh,5.56,1,18
1,Hunter Mahan,5.56,1,18
1,Ryan Moore,5.56,1,18
1,Ian Poulter,5.56,1,18
1,Webb Simpson,5.56,1,18
1,Scott Stallings,5.56,1,18
1,Bubba Watson,5.56,1,18
1,Mark Wilson,5.56,1,18
12,Ben Curtis,11.11,2,18
12,Jason Dufner,11.11,2,18
12,Marc Leishman,11.11,2,18
12,George McNeill,11.11,2,18
12,Brandt Snedeker,11.11,2,18
12,Steve Stricker,11.11,2,18
12,Nick Watney,11.11,2,18
19,Charlie Beljan,16.67,3,18
19,Scott Piercy,16.67,3,18
19,Kyle Stanley,16.67,3,18
