rank,player,%,Total 3 Putts,Total Holes
1,Ben Curtis,5.56,1,18
1,Rickie Fowler,5.56,1,18
1,John Huh,5.56,1,18
1,Hunter Mahan,5.56,1,18
1,Ryan Moore,5.56,1,18
1,Scott Piercy,5.56,1,18
1,Webb Simpson,5.56,1,18
1,Brandt Snedeker,5.56,1,18
1,Scott Stallings,5.56,1,18
1,Bubba Watson,5.56,1,18
1,Mark Wilson,5.56,1,18
12,Charlie Beljan,11.11,2,18
12,Jonas Blixt,11.11,2,18
12,Jason Dufner,11.11,2,18
12,Bill Haas,11.11,2,18
12,J.J. Henry,11.11,2,18
12,Zach Johnson,11.11,2,18
12,Matt Kuchar,11.11,2,18
12,Marc Leishman,11.11,2,18
12,Ian Poulter,11.11,2,18
12,Johnson Wagner,11.11,2,18
22,"Ted Potter, Jr.",16.67,3,18
22,Nick Watney,16.67,3,18
24,Kyle Stanley,33.33,6,18
