rank,player,%,Total 3 Putts,Total Holes
1,Jonas Blixt,5.56,1,18
1,Ben Curtis,5.56,1,18
1,Jason Dufner,5.56,1,18
1,Tommy Gainey,5.56,1,18
1,Bill Haas,5.56,1,18
1,Matt Kuchar,5.56,1,18
1,Marc Leishman,5.56,1,18
1,Hunter Mahan,5.56,1,18
1,Ryan Moore,5.56,1,18
1,Brandt Snedeker,5.56,1,18
1,Scott Stallings,5.56,1,18
1,Steve Stricker,5.56,1,18
13,Charlie Beljan,11.11,2,18
13,Rickie Fowler,11.11,2,18
13,Carl Pettersson,11.11,2,18
13,"Ted Potter, Jr.",11.11,2,18
17,Keegan Bradley,16.67,3,18
17,Dustin Johnson,16.67,3,18
17,Zach Johnson,16.67,3,18
17,Scott Piercy,16.67,3,18
17,Johnson Wagner,16.67,3,18
22,George McNeill,22.22,4,18
23,Kyle Stanley,27.78,5,18
