rank,player,Avg,Total Distance (feet),# of Attempts,Relative to par
1,Kevin Na,"19' 8""",98.333,5,+1
2,Carlos Ortiz,"21' 8""",151.750,7,-3
3,Xander Schauffele,"24' 1""",264.750,11,-4
4,Justin Thomas,"25' 2""",226.667,9,-2
5,Adam Scott,"25' 5""",330.333,13,-3
6,Collin Morikawa,"25' 10""",258.167,10,-4
7,Marc Leishman,"26' 2""",235.667,9,-2
8,Tony Finau,"27' 9""",277.417,10,-3
9,Daniel Berger,"29' 5""",323.917,11,-1
10,Bryson DeChambeau,"29' 7""",236.333,8,-2
11,Stewart Cink,"29' 8""",326.000,11,-3
12,Harris English,"29' 11""",358.917,12,-3
13,Robert Streb,"30' 6""",152.333,5,E
14,Joaquin Niemann,"31' 0""",247.833,8,-3
15,Sergio Garcia,"31' 2""",280.417,9,-3
16,Andrew Landry,"32' 2""",353.667,11,+2
17,Scottie Scheffler,"32' 6""",227.583,7,E
18,Cameron Champ,"32' 8""",294.000,9,-3
19,Martin Laird,"33' 1""",330.750,10,-2
20,Dustin Johnson,"33' 11""",373.167,11,-2
21,Sebastián Muñoz,"35' 1""",280.333,8,E
22,Brian Gay,"35' 7""",320.250,9,+2
23,Hideki Matsuyama,"35' 9""",428.833,12,E
23,Nick Taylor,"35' 9""",286.167,8,E
25,Michael Thompson,"36' 2""",289.500,8,-1
26,Billy Horschel,"36' 3""",253.750,7,-1
27,Patrick Cantlay,"37' 4""",485.000,13,-4
28,Lanto Griffin,"38' 5""",499.000,13,-7
29,Mackenzie Hughes,"38' 6""",231.000,6,E
30,Patrick Reed,"38' 8""",502.417,13,-3
31,Sungjae Im,"39' 3""",471.000,12,-2
32,Cameron Smith,"39' 7""",277.250,7,-2
33,Brendon Todd,"40' 1""",320.833,8,E
34,Jon Rahm,"41' 0""",286.750,7,-2
35,Viktor Hovland,"41' 4""",330.333,8,-3
36,Kevin Kisner,"41' 6""",249.000,6,-2
37,Ryan Palmer,"41' 8""",333.250,8,-1
38,Hudson Swafford,"42' 2""",463.750,11,+2
39,Webb Simpson,"42' 5""",296.667,7,-1
40,Jason Kokrak,"42' 10""",428.167,10,-1
41,Richy Werenski,"43' 6""",478.667,11,-3
42,Abraham Ancer,"45' 2""",316.417,7,E
