rank,player,Avg,Total Distance (feet),# of Attempts,Relative to par
1,Joaquin Niemann,"4' 3""",12.750,3,-3
2,Dustin Johnson,"8' 0""",40.167,5,-1
3,Lanto Griffin,"8' 1""",16.083,2,-1
4,Jon Rahm,"8' 2""",24.417,3,-2
5,Daniel Berger,"9' 8""",28.917,3,-2
6,Justin Thomas,"10' 2""",30.583,3,-1
7,Collin Morikawa,"10' 9""",32.333,3,-3
8,Richy Werenski,"11' 0""",32.917,3,-2
9,Abraham Ancer,"11' 4""",45.417,4,-2
10,Scottie Scheffler,"11' 5""",45.500,4,-1
11,Hideki Matsuyama,"11' 9""",58.750,5,-1
12,Viktor Hovland,"12' 4""",61.833,5,-2
13,Brian Gay,"12' 5""",62.000,5,-1
13,Mackenzie Hughes,"12' 5""",74.667,6,+1
15,Patrick Reed,"13' 4""",66.500,5,-3
16,Sungjae Im,"13' 5""",80.583,6,-2
17,Webb Simpson,"13' 7""",68.083,5,E
17,Michael Thompson,"13' 7""",94.833,7,-4
19,Andrew Landry,"14' 6""",116.000,8,-1
20,Stewart Cink,"15' 4""",61.250,4,-1
21,Sergio Garcia,"15' 6""",77.333,5,-1
22,Cameron Champ,"16' 1""",48.333,3,E
22,Adam Scott,"16' 1""",96.417,6,E
24,Cameron Smith,"16' 4""",65.167,4,-1
24,Robert Streb,"16' 4""",81.833,5,-2
26,Tony Finau,"17' 1""",102.583,6,-3
27,Patrick Cantlay,"17' 2""",68.500,4,E
28,Ryan Palmer,"17' 5""",86.917,5,-2
29,Kevin Na,"17' 10""",89.000,5,-2
30,Sebastián Muñoz,"18' 4""",91.667,5,-2
31,Xander Schauffele,"18' 9""",93.917,5,-2
32,Hudson Swafford,"19' 7""",97.917,5,-3
33,Martin Laird,"19' 8""",176.750,9,-3
34,Bryson DeChambeau,"20' 2""",40.250,2,-1
35,Carlos Ortiz,"20' 8""",124.167,6,-1
36,Billy Horschel,"20' 11""",41.833,2,E
37,Nick Taylor,"22' 4""",44.667,2,-1
38,Marc Leishman,"22' 8""",113.500,5,-1
39,Jason Kokrak,"25' 7""",127.833,5,E
40,Harris English,"25' 9""",77.333,3,+1
41,Brendon Todd,"33' 1""",165.500,5,-2
42,Kevin Kisner,"36' 2""",289.417,8,-2
