rank,player,Avg,Total Distance (feet),# of Attempts,Relative to par
1,Joaquin Niemann,"3' 9""",7.417,2,-2
2,Ryan Palmer,"6' 4""",31.583,5,-3
3,Abraham Ancer,"10' 1""",40.167,4,-2
4,Brian Gay,"10' 2""",61.083,6,-3
5,Kevin Kisner,"12' 11""",64.583,5,-3
6,Cameron Smith,"13' 4""",79.833,6,-3
7,Jon Rahm,"14' 1""",98.667,7,-2
8,Billy Horschel,"14' 4""",86.083,6,-2
9,Adam Scott,"14' 7""",58.417,4,-2
10,Sergio Garcia,"14' 8""",73.417,5,-3
11,Dustin Johnson,"15' 0""",104.917,7,-3
11,Brendon Todd,"15' 0""",60.083,4,-3
13,Robert Streb,"15' 4""",122.417,8,-2
14,Carlos Ortiz,"15' 7""",109.250,7,-2
15,Richy Werenski,"15' 9""",78.917,5,-1
16,Daniel Berger,"16' 4""",65.417,4,-1
17,Jason Kokrak,"16' 10""",118.083,7,-1
18,Nick Taylor,"17' 1""",119.417,7,-2
19,Lanto Griffin,"17' 7""",140.417,8,-4
20,Sebastián Muñoz,"18' 0""",126.083,7,E
21,Mackenzie Hughes,"18' 1""",126.667,7,-2
22,Andrew Landry,"19' 4""",116.000,6,-2
23,Stewart Cink,"19' 9""",118.583,6,-1
23,Collin Morikawa,"19' 9""",138.333,7,-2
25,Harris English,"20' 5""",122.667,6,-2
26,Cameron Champ,"20' 10""",104.083,5,-2
27,Michael Thompson,"21' 2""",126.833,6,E
28,Sungjae Im,"21' 3""",85.083,4,-1
29,Hideki Matsuyama,"21' 6""",85.833,4,E
30,Patrick Reed,"21' 7""",129.250,6,-1
31,Xander Schauffele,"22' 4""",67.000,3,-1
32,Bryson DeChambeau,"22' 5""",22.417,1,E
33,Marc Leishman,"22' 9""",136.500,6,E
34,Patrick Cantlay,"23' 5""",140.500,6,-3
35,Scottie Scheffler,"25' 2""",201.583,8,-1
36,Hudson Swafford,"26' 2""",235.250,9,-2
37,Webb Simpson,"26' 5""",79.333,3,-1
38,Martin Laird,"27' 2""",136.000,5,-1
39,Viktor Hovland,"27' 3""",108.917,4,E
40,Kevin Na,"28' 1""",196.583,7,-2
41,Justin Thomas,"31' 1""",93.167,3,E
42,Tony Finau,"34' 7""",207.667,6,E
