rank,player,Avg,Total Distance (feet),# of Attempts,GIR Rank
1,Kevin Na,"33' 0""","2,340.917",71,Under
2,Marc Leishman,"34' 0""","2,411.083",71,Under
3,Sungjae Im,"34' 2""","2,462.750",72,Under
3,Webb Simpson,"34' 2""","2,458.667",72,Under
5,Brian Gay,"35' 6""","2,553.500",72,Under
6,Justin Thomas,"35' 7""","2,562.917",72,Under
7,Michael Thompson,"35' 8""","2,532.250",71,Under
8,Mackenzie Hughes,"35' 10""","2,580.333",72,Under
9,Abraham Ancer,"35' 11""","2,549.750",71,Under
10,Scottie Scheffler,"36' 3""","2,573.250",71,Under
11,Viktor Hovland,"36' 5""","2,550.500",70,Under
12,Kevin Kisner,"36' 6""","2,626.917",72,Under
13,Ryan Palmer,"36' 10""","2,653.583",72,Under
13,Adam Scott,"36' 10""","2,649.417",72,Under
15,Carlos Ortiz,"37' 4""","2,578.083",69,Under
16,Collin Morikawa,"37' 5""","2,692.167",72,Under
17,Stewart Cink,"37' 7""","2,666.833",71,Under
18,Robert Streb,"37' 9""","2,643.750",70,Under
19,Jason Kokrak,"37' 10""","2,688.167",71,Under
20,Daniel Berger,"37' 11""","2,730.167",72,Under
21,Bryson DeChambeau,"38' 0""","2,735.750",72,Under
22,Andrew Landry,"38' 1""","2,739.667",72,Under
23,Harris English,"38' 2""","2,746.417",72,Under
24,Joaquin Niemann,"38' 3""","2,754.167",72,Under
25,Patrick Reed,"38' 4""","2,683.583",70,Under
25,Cameron Smith,"38' 4""","2,761.667",72,Under
27,Dustin Johnson,"38' 6""","2,772.083",72,Under
28,Sebastián Muñoz,"38' 11""","2,760.667",71,Under
29,Billy Horschel,"39' 1""","2,816.250",72,Under
30,Xander Schauffele,"39' 5""","2,837.083",72,Under
31,Hideki Matsuyama,"39' 9""","2,863.833",72,Under
32,Richy Werenski,"39' 10""","2,870.417",72,Under
33,Tony Finau,"40' 3""","2,817.917",70,Under
33,Martin Laird,"40' 3""","2,897.667",72,Under
35,Hudson Swafford,"40' 4""","2,904.250",72,Under
36,Lanto Griffin,"40' 5""","2,909.583",72,Under
37,Brendon Todd,"40' 8""","2,930.333",72,Under
38,Nick Taylor,"40' 10""","2,942.917",72,Under
39,Jon Rahm,"41' 3""","2,929.750",71,Under
40,Sergio Garcia,"41' 8""","2,958.167",71,Under
41,Cameron Champ,"41' 10""","3,012.833",72,Under
42,Patrick Cantlay,"43' 2""","3,109.167",72,Under
