rank,player,Avg,Total Distance (feet),# of Attempts,Relative to par
1,Ryan Palmer,"22' 9""",181.833,8,-5
2,Bryson DeChambeau,"27' 10""",111.417,4,E
3,Viktor Hovland,"30' 6""",335.750,11,+2
4,Carlos Ortiz,"30' 8""",184.083,6,+1
5,Michael Thompson,"30' 9""",215.167,7,-2
6,Webb Simpson,"30' 10""",215.667,7,-2
7,Jon Rahm,"31' 8""",190.000,6,-2
8,Patrick Cantlay,"31' 9""",158.833,5,E
9,Tony Finau,"31' 10""",127.167,4,-1
10,Marc Leishman,"33' 3""",232.917,7,-2
11,Sungjae Im,"36' 8""",256.917,7,E
12,Robert Streb,"36' 10""",404.917,11,+2
13,Joaquin Niemann,"37' 2""",371.250,10,-2
14,Daniel Berger,"37' 3""",260.833,7,-1
15,Sebastián Muñoz,"38' 7""",385.417,10,-2
16,Harris English,"39' 11""",399.167,10,-5
17,Cameron Smith,"40' 0""",439.583,11,-5
18,Kevin Kisner,"40' 8""",366.333,9,-1
19,Patrick Reed,"41' 1""",246.333,6,E
20,Martin Laird,"41' 3""",288.500,7,-1
21,Hudson Swafford,"44' 1""",397.083,9,-3
22,Billy Horschel,"44' 2""",442.000,10,-2
23,Abraham Ancer,"44' 5""",532.500,12,-4
24,Mackenzie Hughes,"45' 4""",635.083,14,-2
25,Kevin Na,"45' 10""",458.417,10,E
26,Justin Thomas,"46' 11""",422.500,9,-5
27,Scottie Scheffler,"47' 5""",379.333,8,-5
28,Jason Kokrak,"47' 7""",380.667,8,-2
29,Dustin Johnson,"48' 1""",336.667,7,-3
30,Collin Morikawa,"48' 3""",434.000,9,E
31,Richy Werenski,"48' 6""",387.667,8,E
32,Lanto Griffin,"49' 1""",343.750,7,E
33,Cameron Champ,"50' 0""",399.833,8,-2
34,Brendon Todd,"50' 2""",501.750,10,-2
35,Stewart Cink,"50' 4""",453.167,9,-1
36,Brian Gay,"52' 7""",473.417,9,-3
37,Andrew Landry,"54' 1""",378.417,7,-1
38,Sergio Garcia,"55' 1""",385.833,7,-2
39,Xander Schauffele,"55' 10""",391.083,7,-2
40,Adam Scott,"58' 3""",349.417,6,-2
41,Nick Taylor,"63' 6""",571.667,9,-2
42,Hideki Matsuyama,"68' 1""",680.417,10,-1
