rank,player,Avg,Total Distance (feet),# of Attempts,Relative to par
1,Hideki Matsuyama,"17' 7""",35.167,2,-1
2,Adam Scott,"20' 10""",62.583,3,-2
3,Justin Thomas,"21' 2""",42.333,2,-2
4,Bryson DeChambeau,"22' 1""",66.250,3,-3
5,Sergio Garcia,"24' 10""",99.167,4,-4
6,Sebastián Muñoz,"30' 0""",30.000,1,-1
7,Cameron Champ,"36' 5""",36.417,1,E
8,Jon Rahm,"37' 4""",186.833,5,-3
9,Collin Morikawa,"39' 7""",118.833,3,-2
10,Viktor Hovland,"40' 1""",120.333,3,-3
11,Robert Streb,"41' 8""",291.500,7,-4
12,Marc Leishman,"42' 9""",171.000,4,-2
13,Tony Finau,"43' 10""",87.583,2,E
14,Brendon Todd,"44' 6""",355.917,8,-3
15,Dustin Johnson,"46' 11""",187.583,4,-1
16,Kevin Na,"47' 1""",376.333,8,-1
17,Billy Horschel,"49' 8""",297.917,6,-2
18,Harris English,"51' 4""",102.583,2,-1
19,Webb Simpson,"52' 6""",419.667,8,-3
20,Michael Thompson,"52' 9""",421.833,8,E
21,Sungjae Im,"54' 4""",271.500,5,-2
22,Richy Werenski,"56' 4""",225.250,4,E
23,Joaquin Niemann,"56' 10""",170.417,3,E
24,Martin Laird,"57' 8""",403.583,7,-5
24,Carlos Ortiz,"57' 8""",173.000,3,-1
26,Kevin Kisner,"58' 7""",293.000,5,+1
27,Abraham Ancer,"58' 8""",293.167,5,-3
28,Hudson Swafford,"59' 4""",356.000,6,-2
29,Xander Schauffele,"60' 4""",180.917,3,E
30,Lanto Griffin,"61' 2""",244.750,4,-3
31,Daniel Berger,"62' 0""",185.917,3,-1
32,Ryan Palmer,"62' 5""",187.333,3,-1
33,Nick Taylor,"62' 9""",313.833,5,E
34,Mackenzie Hughes,"64' 2""",128.250,2,+1
35,Patrick Cantlay,"64' 11""",324.667,5,-1
36,Andrew Landry,"68' 8""",412.167,6,-1
37,Brian Gay,"70' 8""",282.667,4,-1
38,Cameron Smith,"72' 2""",216.583,3,-2
39,Stewart Cink,"77' 6""",387.667,5,-1
40,Scottie Scheffler,"82' 9""",248.333,3,-2
41,Jason Kokrak,"83' 1""",249.167,3,+1
42,Patrick Reed,"92' 10""",185.667,2,E
