rank,player,Avg,Total Distance (feet),# of Attempts,Relative to par
1,Patrick Reed,"9' 8""",19.250,2,-3
2,Cameron Champ,"26' 3""",26.250,1,-1
3,Carlos Ortiz,"37' 8""",37.667,1,E
4,Marc Leishman,"42' 7""",42.583,1,E
5,Ryan Palmer,"48' 4""",193.417,4,-3
6,Collin Morikawa,"55' 9""",111.500,2,-1
7,Brian Gay,"59' 9""",59.750,1,-1
8,Justin Thomas,"65' 10""",131.583,2,-1
9,Viktor Hovland,"67' 1""",134.167,2,E
10,Hideki Matsuyama,"70' 1""",140.167,2,-1
11,Sungjae Im,"71' 11""",215.667,3,-2
12,Scottie Scheffler,"72' 0""",215.917,3,-2
13,Xander Schauffele,"81' 8""",81.667,1,-1
14,Sergio Garcia,"83' 11""",251.750,3,-3
15,Lanto Griffin,"85' 0""",255.083,3,-3
16,Dustin Johnson,"86' 9""",260.333,3,E
17,Jon Rahm,"95' 2""",285.500,3,-3
18,Adam Scott,"95' 6""",286.583,3,-2
19,Mackenzie Hughes,"98' 2""",98.167,1,E
20,Webb Simpson,"99' 5""",298.333,3,-2
21,Sebastián Muñoz,"100' 6""",301.500,3,-2
22,Patrick Cantlay,"104' 1""",208.083,2,-2
23,Harris English,"106' 10""",106.833,1,-1
24,Kevin Kisner,"113' 6""",113.500,1,-1
24,Nick Taylor,"113' 6""",226.917,2,-2
26,Stewart Cink,"119' 2""",119.167,1,E
27,Daniel Berger,"125' 4""",376.000,3,-1
28,Cameron Smith,"125' 8""",125.667,1,E
29,Robert Streb,"126' 10""",380.583,3,-2
30,Tony Finau,"127' 7""",255.083,2,-1
31,Martin Laird,"132' 2""",264.250,2,-2
32,Hudson Swafford,"142' 7""",427.750,3,-1
33,Richy Werenski,"144' 3""",288.417,2,E
34,Joaquin Niemann,"145' 3""",145.250,1,-1
35,Andrew Landry,"147' 8""",295.250,2,-1
36,Jason Kokrak,"149' 9""",149.750,1,-1
37,Billy Horschel,"161' 10""",161.833,1,-1
38,Abraham Ancer,"163' 9""",327.417,2,-2
39,Brendon Todd,"169' 10""",169.833,1,E
