rank,player,Avg,Total Distance (feet),# of Attempts,Relative to par
1,Abraham Ancer,"47' 5""",94.750,2,E
2,Cameron Champ,"50' 9""",101.500,2,-1
3,Richy Werenski,"53' 4""",213.167,4,-2
4,Sergio Garcia,"54' 10""",54.833,1,-1
5,Daniel Berger,"56' 9""",283.833,5,-4
6,Xander Schauffele,"57' 6""",287.583,5,-6
7,Jason Kokrak,"57' 7""",230.333,4,-3
7,Michael Thompson,"57' 7""",172.750,3,-3
9,Bryson DeChambeau,"61' 8""",123.333,2,-2
10,Martin Laird,"61' 10""",61.833,1,-1
11,Harris English,"64' 1""",448.583,7,-5
12,Webb Simpson,"65' 2""",130.333,2,-2
12,Nick Taylor,"65' 2""",195.583,3,-3
14,Kevin Na,"69' 1""",138.167,2,E
15,Adam Scott,"69' 3""",207.750,3,E
16,Justin Thomas,"69' 8""",209.000,3,-3
17,Lanto Griffin,"71' 7""",71.583,1,E
18,Collin Morikawa,"71' 9""",430.583,6,-5
19,Joaquin Niemann,"71' 10""",430.917,6,-4
20,Carlos Ortiz,"74' 7""",298.417,4,-2
21,Viktor Hovland,"74' 8""",224.083,3,-2
22,Billy Horschel,"75' 3""",225.833,3,-3
23,Sungjae Im,"75' 6""",226.417,3,-2
24,Sebastián Muñoz,"76' 4""",381.500,5,-4
24,Patrick Reed,"76' 4""",305.167,4,-1
26,Dustin Johnson,"78' 7""",235.833,3,-2
27,Andrew Landry,"82' 8""",82.667,1,E
28,Jon Rahm,"83' 2""",498.917,6,-5
29,Marc Leishman,"83' 6""",333.833,4,-2
30,Stewart Cink,"85' 6""",171.000,2,-1
31,Hideki Matsuyama,"88' 6""",442.583,5,-2
32,Mackenzie Hughes,"91' 1""",182.167,2,-1
33,Brian Gay,"93' 0""",185.917,2,-1
34,Robert Streb,"93' 9""",281.333,3,-1
35,Cameron Smith,"94' 7""",283.667,3,E
36,Hudson Swafford,"94' 9""",189.417,2,-1
37,Tony Finau,"95' 5""",476.917,5,-2
38,Kevin Kisner,"98' 5""",295.250,3,-2
39,Ryan Palmer,"98' 9""",394.833,4,-4
40,Patrick Cantlay,"98' 11""",593.500,6,-4
41,Brendon Todd,"113' 8""",340.917,3,-2
