rank,player,Avg,Total Distance (feet),# of Attempts,Relative to par
1,Daniel Berger,"4' 6""",13.500,3,-2
2,Justin Thomas,"5' 1""",25.583,5,-3
3,Sergio Garcia,"7' 11""",15.833,2,-2
4,Xander Schauffele,"9' 3""",9.250,1,-1
5,Webb Simpson,"9' 11""",49.417,5,-2
5,Richy Werenski,"9' 11""",9.917,1,-1
7,Stewart Cink,"10' 2""",40.500,4,E
7,Kevin Kisner,"10' 2""",50.750,5,-2
9,Dustin Johnson,"10' 3""",10.250,1,E
10,Hideki Matsuyama,"10' 7""",21.167,2,E
11,Scottie Scheffler,"10' 8""",53.417,5,-4
12,Ryan Palmer,"11' 5""",34.167,3,-2
12,Brendon Todd,"11' 5""",57.000,5,-2
14,Brian Gay,"11' 6""",80.333,7,-4
15,Sungjae Im,"12' 2""",48.667,4,-2
16,Viktor Hovland,"12' 6""",37.583,3,E
17,Jason Kokrak,"12' 10""",89.583,7,-1
18,Bryson DeChambeau,"13' 2""",39.500,3,-1
19,Nick Taylor,"13' 7""",40.833,3,-2
20,Adam Scott,"14' 0""",69.833,5,-2
21,Sebastián Muñoz,"14' 9""",44.333,3,-1
22,Collin Morikawa,"15' 1""",60.417,4,E
23,Joaquin Niemann,"15' 3""",45.833,3,-1
24,Abraham Ancer,"15' 10""",79.000,5,-2
25,Kevin Na,"16' 2""",80.667,5,-2
26,Carlos Ortiz,"16' 10""",33.583,2,E
27,Patrick Reed,"17' 6""",35.000,2,-1
28,Lanto Griffin,"18' 4""",36.667,2,E
29,Marc Leishman,"19' 2""",38.250,2,-1
30,Tony Finau,"20' 2""",60.417,3,E
31,Michael Thompson,"20' 5""",40.750,2,E
32,Patrick Cantlay,"20' 7""",20.583,1,E
33,Billy Horschel,"20' 11""",104.583,5,-1
34,Mackenzie Hughes,"22' 4""",66.917,3,-1
34,Robert Streb,"22' 4""",67.083,3,+1
36,Andrew Landry,"22' 11""",68.667,3,E
37,Martin Laird,"25' 0""",50.000,2,E
38,Hudson Swafford,"27' 11""",111.667,4,E
39,Jon Rahm,"29' 5""",88.333,3,E
40,Harris English,"29' 6""",59.000,2,E
41,Cameron Smith,"29' 10""",119.333,4,E
