rank,player,Avg,Total Distance (feet),# of Attempts,Relative to par
1,Dustin Johnson,"18' 9""",150.167,8,-3
2,Bryson DeChambeau,"23' 0""",368.083,16,-3
2,Marc Leishman,"23' 0""",298.500,13,-1
4,Justin Thomas,"24' 1""",216.417,9,-3
5,Kevin Na,"24' 5""",244.083,10,E
6,Brian Gay,"24' 11""",224.167,9,-1
7,Cameron Champ,"25' 8""",205.500,8,E
7,Sungjae Im,"25' 8""",205.250,8,-1
9,Viktor Hovland,"26' 3""",131.083,5,E
10,Brendon Todd,"26' 4""",316.417,12,-1
11,Lanto Griffin,"26' 5""",263.750,10,-3
12,Michael Thompson,"26' 7""",292.417,11,-5
13,Billy Horschel,"26' 8""",292.917,11,E
13,Jason Kokrak,"26' 8""",213.417,8,-4
15,Xander Schauffele,"27' 3""",217.917,8,E
16,Joaquin Niemann,"27' 5""",301.750,11,-5
17,Harris English,"27' 10""",278.250,10,-3
18,Webb Simpson,"28' 3""",254.500,9,-1
19,Hideki Matsuyama,"28' 5""",227.083,8,+2
20,Cameron Smith,"28' 10""",316.750,11,+2
21,Adam Scott,"29' 0""",145.000,5,-2
22,Patrick Reed,"29' 7""",207.167,7,E
23,Kevin Kisner,"30' 0""",390.083,13,E
24,Daniel Berger,"30' 10""",369.833,12,-1
25,Abraham Ancer,"31' 2""",467.833,15,+2
26,Tony Finau,"32' 0""",255.833,8,-1
27,Nick Taylor,"32' 11""",329.167,10,-1
28,Andrew Landry,"33' 8""",403.500,12,-1
29,Martin Laird,"33' 10""",338.167,10,+1
30,Hudson Swafford,"34' 0""",340.167,10,E
31,Sebastián Muñoz,"34' 1""",272.500,8,E
32,Carlos Ortiz,"34' 5""",481.250,14,E
33,Ryan Palmer,"34' 7""",276.500,8,+2
34,Mackenzie Hughes,"35' 1""",420.750,12,+1
35,Collin Morikawa,"35' 8""",357.000,10,E
36,Robert Streb,"35' 9""",428.750,12,E
37,Richy Werenski,"37' 5""",374.000,10,E
38,Sergio Garcia,"38' 5""",460.583,12,-2
39,Scottie Scheffler,"38' 7""",386.000,10,+2
40,Patrick Cantlay,"38' 11""",428.167,11,-1
41,Jon Rahm,"39' 11""",438.750,11,+2
42,Stewart Cink,"40' 7""",243.583,6,E
