rank,player,Avg,Total Distance (feet),# of Attempts,Relative to par
1,Joaquin Niemann,"8' 3""",66.000,8,-6
2,Daniel Berger,"10' 9""",107.833,10,-5
3,Brian Gay,"11' 4""",203.417,18,-8
4,Ryan Palmer,"11' 9""",152.667,13,-7
5,Dustin Johnson,"11' 11""",155.333,13,-4
6,Abraham Ancer,"12' 8""",164.583,13,-6
7,Richy Werenski,"13' 6""",121.750,9,-4
8,Justin Thomas,"13' 7""",149.333,11,-4
9,Sergio Garcia,"13' 11""",166.583,12,-6
10,Adam Scott,"15' 0""",224.667,15,-4
11,Hideki Matsuyama,"15' 1""",165.750,11,-1
12,Webb Simpson,"15' 2""",196.833,13,-3
13,Sungjae Im,"15' 4""",214.333,14,-5
14,Stewart Cink,"15' 9""",220.333,14,-2
15,Lanto Griffin,"16' 1""",193.167,12,-5
16,Jon Rahm,"16' 3""",211.417,13,-4
17,Collin Morikawa,"16' 6""",231.083,14,-5
18,Mackenzie Hughes,"16' 9""",268.250,16,-2
19,Bryson DeChambeau,"17' 0""",102.167,6,-2
19,Robert Streb,"17' 0""",271.333,16,-3
21,Nick Taylor,"17' 1""",204.917,12,-5
22,Viktor Hovland,"17' 4""",208.333,12,-2
23,Sebastián Muñoz,"17' 6""",262.083,15,-3
23,Michael Thompson,"17' 6""",262.417,15,-4
25,Jason Kokrak,"17' 8""",335.500,19,-2
25,Andrew Landry,"17' 8""",300.667,17,-3
25,Scottie Scheffler,"17' 8""",300.500,17,-6
28,Patrick Reed,"17' 9""",230.750,13,-5
29,Carlos Ortiz,"17' 10""",267.000,15,-3
30,Billy Horschel,"17' 11""",232.500,13,-3
31,Xander Schauffele,"18' 11""",170.167,9,-4
31,Cameron Smith,"18' 11""",264.333,14,-4
33,Cameron Champ,"19' 1""",152.417,8,-2
34,Brendon Todd,"20' 2""",282.583,14,-7
35,Patrick Cantlay,"20' 10""",229.583,11,-3
36,Kevin Na,"21' 7""",366.250,17,-6
37,Marc Leishman,"22' 2""",288.250,13,-2
38,Kevin Kisner,"22' 6""",404.750,18,-7
39,Martin Laird,"22' 8""",362.750,16,-4
40,Harris English,"23' 7""",259.000,11,-1
41,Tony Finau,"24' 9""",370.667,15,-3
41,Hudson Swafford,"24' 9""",444.833,18,-5
