rank,player,Value,Total Drv Rank,GIR Rank
1,Graham DeLaet,2,1,1
2,John Senden,6,3,3
3,Keegan Bradley,9,6,3
4,John Rollins,19,9,10
5,Greg Owen,21,20,1
6,David Hearn,22,5,17
7,Kyle Stanley,26,16,10
8,Carl Pettersson,28,25,3
9,Harrison Frazar,29,3,26
9,Scott Piercy,29,8,21
11,D.A. Points,30,27,3
12,Vijay Singh,33,2,31
13,Bobby Gates,36,10,26
13,William McGirt,36,33,3
15,Kris Blanks,37,16,21
15,Chris Kirk,37,11,26
17,Webb Simpson,41,24,17
18,Brian Gay,43,33,10
19,Sean O'Hair,46,36,10
19,Michael Thompson,46,29,17
21,Brendon Todd,47,26,21
22,Harris English,48,22,26
22,Matt Every,48,31,17
24,Roberto Castro,50,13,37
25,Stephen Ames,51,7,44
26,John Huh,52,15,37
27,George McNeill,53,45,8
28,Pat Perez,55,11,44
28,Duffy Waldorf,55,45,10
30,Brendon de Jonge,59,38,21
31,Chris DiMarco,60,29,31
32,K.J. Choi,61,40,21
32,Daniel Summerhays,61,35,26
34,Charles Howell III,62,54,8
35,Will Claxton,63,19,44
36,Tadd Fujikawa,68,31,37
37,Bud Cauley,70,39,31
38,Jerry Kelly,71,16,55
39,Chris Stroud,72,22,50
39,Josh Teater,72,28,44
41,Brian Harman,75,20,55
41,"Ted Potter, Jr.",75,65,10
43,Koumei Oda,76,13,63
44,Johnson Wagner,77,67,10
45,Jeff Maggert,78,41,37
46,Colt Knost,81,50,31
47,Stewart Cink,83,52,31
48,Tim Herron,85,54,31
49,Ken Duke,86,49,37
50,Billy Mayfair,91,47,44
50,Tom Pernice Jr.,91,41,50
52,Rory Sabbatini,92,37,55
53,Zach Johnson,93,43,50
54,Jhonattan Vegas,94,57,37
55,Steve Stricker,97,60,37
56,Jeff Overton,102,47,55
57,Sangmoon Bae,105,61,44
57,S.Y. Noh,105,50,55
59,Kevin Chappell,108,54,54
59,Doug LaBelle II,108,53,55
61,Gavin Coles,113,63,50
61,Corey Pavin,113,44,69
63,J.J. Killeen,120,65,55
64,Justin Leonard,124,58,66
65,Jonas Blixt,125,59,66
65,Jarrod Lyle,125,62,63
65,Joe Ogilvie,125,70,55
68,Spencer Levin,132,69,63
69,Erik Compton,133,63,70
70,Tommy Biershenk,134,68,66
