rank,player,%,Greens Hit,# Holes,Relative/Par
1,Graham DeLaet,77.78,56,72,-0.32
1,Greg Owen,77.78,56,72,-0.09
3,Keegan Bradley,76.39,55,72,-0.27
3,William McGirt,76.39,55,72,-0.16
3,Carl Pettersson,76.39,55,72,-0.33
3,D.A. Points,76.39,55,72,-0.33
3,John Senden,76.39,55,72,-0.24
8,Charles Howell III,72.22,52,72,-0.31
8,George McNeill,72.22,52,72,-0.27
10,Brian Gay,70.83,51,72,-0.25
10,Sean O'Hair,70.83,51,72,-0.29
10,"Ted Potter, Jr.",70.83,51,72,-0.25
10,John Rollins,70.83,51,72,-0.29
10,Kyle Stanley,70.83,51,72,-0.29
10,Johnson Wagner,70.83,51,72,-0.37
10,Duffy Waldorf,70.83,51,72,-0.29
17,Matt Every,69.44,50,72,-0.34
17,David Hearn,69.44,50,72,-0.36
17,Webb Simpson,69.44,50,72,-0.20
17,Michael Thompson,69.44,50,72,-0.42
21,Kris Blanks,68.06,49,72,-0.29
21,K.J. Choi,68.06,49,72,-0.24
21,Brendon de Jonge,68.06,49,72,-0.37
21,Scott Piercy,68.06,49,72,-0.43
21,Brendon Todd,68.06,49,72,-0.35
26,Harris English,66.67,48,72,-0.27
26,Harrison Frazar,66.67,48,72,-0.46
26,Bobby Gates,66.67,48,72,-0.25
26,Chris Kirk,66.67,48,72,-0.23
26,Daniel Summerhays,66.67,48,72,-0.25
31,Bud Cauley,65.28,47,72,-0.34
31,Stewart Cink,65.28,47,72,-0.34
31,Chris DiMarco,65.28,47,72,-0.36
31,Tim Herron,65.28,47,72,-0.26
31,Colt Knost,65.28,47,72,-0.30
31,Vijay Singh,65.28,47,72,-0.28
37,Roberto Castro,63.89,46,72,-0.17
37,Ken Duke,63.89,46,72,-0.30
37,Tadd Fujikawa,63.89,46,72,-0.33
37,John Huh,63.89,46,72,-0.37
37,Jeff Maggert,63.89,46,72,-0.35
37,Steve Stricker,63.89,46,72,-0.28
37,Jhonattan Vegas,63.89,46,72,-0.35
44,Stephen Ames,62.50,45,72,-0.31
44,Sangmoon Bae,62.50,45,72,-0.22
44,Will Claxton,62.50,45,72,-0.29
44,Billy Mayfair,62.50,45,72,-0.27
44,Pat Perez,62.50,45,72,-0.33
44,Josh Teater,62.50,45,72,-0.33
50,Gavin Coles,61.11,44,72,-0.34
50,Zach Johnson,61.11,44,72,-0.27
50,Tom Pernice Jr.,61.11,44,72,-0.25
50,Chris Stroud,61.11,44,72,-0.32
54,Kevin Chappell,59.72,43,72,-0.23
55,Brian Harman,58.33,42,72,-0.33
55,Jerry Kelly,58.33,42,72,-0.36
55,J.J. Killeen,58.33,42,72,-0.40
55,Doug LaBelle II,58.33,42,72,-0.24
55,S.Y. Noh,58.33,42,72,-0.14
55,Joe Ogilvie,58.33,42,72,-0.33
55,Jeff Overton,58.33,42,72,-0.33
55,Rory Sabbatini,58.33,42,72,-0.36
63,Spencer Levin,56.94,41,72,-0.29
63,Jarrod Lyle,56.94,41,72,-0.27
63,Koumei Oda,56.94,41,72,-0.32
66,Tommy Biershenk,54.17,39,72,-0.26
66,Jonas Blixt,54.17,39,72,-0.31
66,Justin Leonard,54.17,39,72,-0.21
69,Corey Pavin,51.39,37,72,-0.41
70,Erik Compton,48.61,35,72,-0.40
