rank,player,RTP Score
1,Davis Love III,-.400
2,Trevor Immelman,-.375
3,Justin Leonard,-.333
3,Vijay Singh,-.333
3,D.J. Trahan,-.333
6,Zach Johnson,-.286
7,Sean O'Hair,-.273
8,K.J. Choi,-.250
8,Brian Gay,-.250
8,Dustin Johnson,-.250
8,Anthony Kim,-.250
12,Stewart Cink,-.200
13,Greg Kraft,-.167
14,Camilo Villegas,-.143
15,Carl Pettersson,-.125
15,Boo Weekley,-.125
17,Cameron Beckman,E
17,Richard Johnson,E
17,Geoff Ogilvy,E
17,Kenny Perry,E
17,Chez Reavie,E
17,Adam Scott,E
23,Johnson Wagner,+.063
24,Ernie Els,+.100
25,Will MacKenzie,+.167
26,Ryuji Imada,+.182
27,Parker McLachlin,+.250
27,Ryan Palmer,+.250
29,Daniel Chopra,+.308
30,J.B. Holmes,+.364
31,Steve Lowery,+.400
32,Marc Turnesa,+.500
33,Andres Romero,+.545
