rank,player,%,Total Right rough,Possible Fwys,Relative to par
1,Steve Lowery,3.33,2,60,-0.50
2,Brian Gay,5.00,3,60,E
2,Greg Kraft,5.00,3,60,+0.67
4,Cameron Beckman,6.67,4,60,E
4,Carl Pettersson,6.67,4,60,+0.25
4,Chez Reavie,6.67,4,60,E
7,K.J. Choi,8.33,5,60,-0.60
7,Zach Johnson,8.33,5,60,+0.20
7,Adam Scott,8.33,5,60,E
7,D.J. Trahan,8.33,5,60,+0.20
11,Vijay Singh,8.47,5,59,-0.20
12,Ryuji Imada,10.00,6,60,-0.67
12,Trevor Immelman,10.00,6,60,+0.17
12,Richard Johnson,10.00,6,60,+0.17
12,Justin Leonard,10.00,6,60,-0.17
12,Johnson Wagner,10.00,6,60,E
17,Will MacKenzie,10.17,6,59,-0.17
18,Daniel Chopra,11.67,7,60,+0.29
18,Parker McLachlin,11.67,7,60,+0.29
18,Sean O'Hair,11.67,7,60,-0.14
18,Ryan Palmer,11.67,7,60,E
18,Kenny Perry,11.67,7,60,+0.14
18,Marc Turnesa,11.67,7,60,+0.43
18,Boo Weekley,11.67,7,60,-0.43
25,Anthony Kim,11.86,7,59,-0.14
26,Camilo Villegas,13.33,8,60,-0.38
27,J.B. Holmes,13.56,8,59,+0.50
28,Andres Romero,15.00,9,60,-0.22
29,Ernie Els,15.25,9,59,-0.44
29,Dustin Johnson,15.25,9,59,+0.33
29,Davis Love III,15.25,9,59,-0.44
32,Geoff Ogilvy,16.67,10,60,-0.40
33,Stewart Cink,20.00,12,60,+0.42
