rank,player,%,# Hit,Total Attempts
1,Sean O'Hair,98.33,59,60
1,Chez Reavie,98.33,59,60
3,K.J. Choi,96.67,58,60
3,Justin Leonard,96.67,58,60
3,Geoff Ogilvy,96.67,58,60
3,D.J. Trahan,96.67,58,60
7,Davis Love III,95.00,57,60
7,Will MacKenzie,95.00,57,60
7,Kenny Perry,95.00,57,60
7,Vijay Singh,95.00,57,60
7,Boo Weekley,95.00,57,60
12,Brian Gay,93.33,56,60
12,Zach Johnson,93.33,56,60
12,Steve Lowery,93.33,56,60
12,Camilo Villegas,93.33,56,60
16,Ryuji Imada,91.67,55,60
16,Trevor Immelman,91.67,55,60
16,Dustin Johnson,91.67,55,60
16,Anthony Kim,91.67,55,60
16,Adam Scott,91.67,55,60
21,Cameron Beckman,90.00,54,60
21,Stewart Cink,90.00,54,60
21,Ernie Els,90.00,54,60
21,Richard Johnson,90.00,54,60
21,Parker McLachlin,90.00,54,60
26,Greg Kraft,88.33,53,60
26,Carl Pettersson,88.33,53,60
26,Andres Romero,88.33,53,60
26,Johnson Wagner,88.33,53,60
30,Ryan Palmer,86.67,52,60
31,Daniel Chopra,85.00,51,60
31,J.B. Holmes,85.00,51,60
33,Marc Turnesa,83.33,50,60
