rank,player,RTP Score
1,Ryuji Imada,-.667
2,K.J. Choi,-.600
3,Steve Lowery,-.500
4,Ernie Els,-.444
4,Davis Love III,-.444
6,Boo Weekley,-.429
7,Geoff Ogilvy,-.400
8,Camilo Villegas,-.375
9,Andres Romero,-.222
10,Vijay Singh,-.200
11,Justin Leonard,-.167
11,Will MacKenzie,-.167
13,Anthony Kim,-.143
13,Sean O'Hair,-.143
15,Cameron Beckman,E
15,Brian Gay,E
15,Ryan Palmer,E
15,Chez Reavie,E
15,Adam Scott,E
15,Johnson Wagner,E
21,Kenny Perry,+.143
22,Trevor Immelman,+.167
22,Richard Johnson,+.167
24,Zach Johnson,+.200
24,D.J. Trahan,+.200
26,Carl Pettersson,+.250
27,Daniel Chopra,+.286
27,Parker McLachlin,+.286
29,Dustin Johnson,+.333
30,Stewart Cink,+.417
31,Marc Turnesa,+.429
32,J.B. Holmes,+.500
33,Greg Kraft,+.667
