rank,player,%,Total Rough,Possible Fwys,Relative to par
1,Brian Gay,11.67,7,60,-1.43
1,Steve Lowery,11.67,7,60,+1.43
3,K.J. Choi,15.00,9,60,-4.44
3,Chez Reavie,15.00,9,60,E
5,D.J. Trahan,18.33,11,60,-0.91
6,Anthony Kim,18.64,11,59,-1.82
6,Vijay Singh,18.64,11,59,-2.73
8,Cameron Beckman,20.00,12,60,E
8,Zach Johnson,20.00,12,60,-0.83
8,Justin Leonard,20.00,12,60,-2.50
8,Carl Pettersson,20.00,12,60,E
8,Adam Scott,20.00,12,60,E
13,Will MacKenzie,20.34,12,59,E
14,Dustin Johnson,22.03,13,59,+1.54
15,Trevor Immelman,23.33,14,60,-1.43
15,Richard Johnson,23.33,14,60,+0.71
17,Davis Love III,23.73,14,59,-4.29
18,Greg Kraft,25.00,15,60,E
18,Parker McLachlin,25.00,15,60,+2.67
18,Geoff Ogilvy,25.00,15,60,-2.67
18,Ryan Palmer,25.00,15,60,+1.33
18,Kenny Perry,25.00,15,60,+0.67
18,Camilo Villegas,25.00,15,60,-2.67
18,Boo Weekley,25.00,15,60,-2.67
25,Stewart Cink,28.33,17,60,+2.35
25,Ryuji Imada,28.33,17,60,-1.18
27,Sean O'Hair,30.00,18,60,-2.22
28,Marc Turnesa,31.67,19,60,+4.74
29,Ernie Els,32.20,19,59,-1.58
29,J.B. Holmes,32.20,19,59,+4.21
31,Daniel Chopra,33.33,20,60,+3.00
31,Andres Romero,33.33,20,60,+2.00
33,Johnson Wagner,36.67,22,60,+0.45
