rank,player,%,Fairways Hit,Possible Fairways
1,Brian Gay,85.00,51,60
1,Chez Reavie,85.00,51,60
3,K.J. Choi,81.67,49,60
4,Steve Lowery,80.00,48,60
5,D.J. Trahan,78.33,47,60
6,Justin Leonard,76.67,46,60
6,Vijay Singh,76.67,46,60
8,Richard Johnson,75.00,45,60
8,Zach Johnson,75.00,45,60
8,Anthony Kim,75.00,45,60
8,Geoff Ogilvy,75.00,45,60
8,Adam Scott,75.00,45,60
13,Cameron Beckman,73.33,44,60
13,Trevor Immelman,73.33,44,60
13,Dustin Johnson,73.33,44,60
13,Kenny Perry,73.33,44,60
13,Boo Weekley,73.33,44,60
18,Stewart Cink,71.67,43,60
18,Greg Kraft,71.67,43,60
18,Davis Love III,71.67,43,60
18,Carl Pettersson,71.67,43,60
22,Ryuji Imada,70.00,42,60
22,Will MacKenzie,70.00,42,60
22,Parker McLachlin,70.00,42,60
22,Ryan Palmer,70.00,42,60
26,Camilo Villegas,68.33,41,60
27,Marc Turnesa,66.67,40,60
28,Daniel Chopra,65.00,39,60
28,Sean O'Hair,65.00,39,60
30,Ernie Els,63.33,38,60
30,J.B. Holmes,63.33,38,60
30,Johnson Wagner,63.33,38,60
33,Andres Romero,61.67,37,60
