rank,player,%,Total Missed,Total Fwys,Relative to par
1,Cameron Beckman,.00,0,60,E
1,Daniel Chopra,.00,0,60,E
1,Stewart Cink,.00,0,60,E
1,Brian Gay,.00,0,60,E
1,Ryuji Imada,.00,0,60,E
1,Trevor Immelman,.00,0,60,E
1,Richard Johnson,.00,0,60,E
1,Justin Leonard,.00,0,60,E
1,Davis Love III,.00,0,59,E
1,Geoff Ogilvy,.00,0,60,E
1,Ryan Palmer,.00,0,60,E
1,Kenny Perry,.00,0,60,E
1,Chez Reavie,.00,0,60,E
1,Vijay Singh,.00,0,59,E
1,D.J. Trahan,.00,0,60,E
1,Camilo Villegas,.00,0,60,E
1,Johnson Wagner,.00,0,60,E
1,Boo Weekley,.00,0,60,E
19,K.J. Choi,1.67,1,60,-1.00
19,Zach Johnson,1.67,1,60,E
19,Greg Kraft,1.67,1,60,E
19,Parker McLachlin,1.67,1,60,E
19,Sean O'Hair,1.67,1,60,E
19,Andres Romero,1.67,1,60,E
19,Marc Turnesa,1.67,1,60,+1.00
26,Ernie Els,1.69,1,59,E
26,J.B. Holmes,1.69,1,59,-1.00
26,Dustin Johnson,1.69,1,59,E
29,Steve Lowery,3.33,2,60,+1.00
29,Carl Pettersson,3.33,2,60,E
29,Adam Scott,3.33,2,60,E
32,Anthony Kim,3.39,2,59,+0.50
33,Will MacKenzie,5.08,3,59,-0.33
