rank,player,%,Fairways Hit,Possible Fairways,Relative to Par
1,Brian Gay,85.00,51,60,-0.22
1,Chez Reavie,85.00,51,60,-0.16
3,K.J. Choi,81.67,49,60,-0.12
4,Steve Lowery,80.00,48,60,-0.31
5,D.J. Trahan,78.33,47,60,-0.32
6,Vijay Singh,77.97,46,59,-0.15
7,Justin Leonard,76.67,46,60,-0.28
8,Dustin Johnson,76.27,45,59,-0.42
8,Anthony Kim,76.27,45,59,-0.36
10,Richard Johnson,75.00,45,60,-0.18
10,Zach Johnson,75.00,45,60,-0.29
10,Geoff Ogilvy,75.00,45,60,-0.44
10,Kenny Perry,75.00,45,60,-0.27
10,Adam Scott,75.00,45,60,-0.27
15,Cameron Beckman,73.33,44,60,-0.18
15,Trevor Immelman,73.33,44,60,-0.18
15,Boo Weekley,73.33,44,60,-0.18
18,Davis Love III,72.88,43,59,-0.28
19,Stewart Cink,71.67,43,60,-0.28
19,Greg Kraft,71.67,43,60,-0.14
19,Carl Pettersson,71.67,43,60,-0.23
22,Will MacKenzie,71.19,42,59,-0.29
23,Ryuji Imada,70.00,42,60,-0.17
23,Parker McLachlin,70.00,42,60,-0.26
23,Ryan Palmer,70.00,42,60,-0.12
23,Camilo Villegas,70.00,42,60,-0.33
27,Marc Turnesa,66.67,40,60,-0.18
28,Daniel Chopra,65.00,39,60,-0.31
28,Sean O'Hair,65.00,39,60,-0.31
30,Ernie Els,64.41,38,59,-0.37
30,J.B. Holmes,64.41,38,59,-0.39
32,Johnson Wagner,63.33,38,60,-0.42
33,Andres Romero,61.67,37,60,-0.16
