rank,player,%,Total Fairway Bunkers,Possible Fwys,Relative to par
1,Stewart Cink,.0,0,60,E
1,Dustin Johnson,.0,0,59,E
1,Geoff Ogilvy,.0,0,60,E
1,Kenny Perry,.0,0,60,E
1,Chez Reavie,.0,0,60,E
1,Marc Turnesa,.0,0,60,E
1,Johnson Wagner,.0,0,60,E
8,K.J. Choi,1.7,1,60,-1.000
8,Daniel Chopra,1.7,1,60,E
8,Ernie Els,1.7,1,59,E
8,J.B. Holmes,1.7,1,59,E
8,Ryuji Imada,1.7,1,60,+1.000
8,Richard Johnson,1.7,1,60,+1.000
8,Anthony Kim,1.7,1,59,+1.000
8,Greg Kraft,1.7,1,60,E
8,Adam Scott,1.7,1,60,-1.000
8,Boo Weekley,1.7,1,60,E
18,Brian Gay,3.3,2,60,+0.500
18,Trevor Immelman,3.3,2,60,+0.500
18,Zach Johnson,3.3,2,60,E
18,Justin Leonard,3.3,2,60,E
18,Parker McLachlin,3.3,2,60,E
18,Sean O'Hair,3.3,2,60,-0.500
18,Andres Romero,3.3,2,60,+0.500
18,D.J. Trahan,3.3,2,60,+0.500
26,Davis Love III,3.4,2,59,-1.000
26,Will MacKenzie,3.4,2,59,-0.500
26,Vijay Singh,3.4,2,59,+0.500
29,Steve Lowery,5.0,3,60,+1.000
29,Ryan Palmer,5.0,3,60,+0.333
29,Carl Pettersson,5.0,3,60,+0.333
29,Camilo Villegas,5.0,3,60,+0.667
33,Cameron Beckman,6.7,4,60,+0.250
