rank,player,Avg RTP
1,Rickie Fowler,-.750
2,Matthew Wolff,-.600
3,Justin Thomas,-.333
4,Dylan Frittelli,-.250
4,Dustin Johnson,-.250
4,Xander Schauffele,-.250
7,Patrick Cantlay,E
7,Paul Casey,E
7,Cameron Champ,E
7,Corey Conners,E
7,Lanto Griffin,E
7,J.B. Holmes,E
7,Kevin Kisner,E
7,Collin Morikawa,E
7,Jon Rahm,E
7,Gary Woodland,E
17,Graeme McDowell,+.111
18,Sebastián Muñoz,+.143
19,Jim Herman,+.200
20,Martin Trainer,+.231
21,Matt Kuchar,+.250
21,Kevin Na,+.250
21,Joaquin Niemann,+.250
21,Ryan Palmer,+.250
25,Max Homa,+.333
25,Brendon Todd,+.333
27,Tyler Duncan,+.500
27,Nate Lashley,+.500
27,Keith Mitchell,+.500
27,J.T. Poston,+.500
27,Chez Reavie,+.500
27,Patrick Reed,+.500
33,Sung Kang,+.571
34,Adam Long,+.750
