rank,player,%,Total Birdies,Total Holes
1,Justin Thomas,36.21,21,58
2,Patrick Reed,33.93,19,56
3,Patrick Cantlay,31.15,19,61
4,Sebastián Muñoz,30.91,17,55
5,Collin Morikawa,28.57,18,63
6,Dustin Johnson,27.78,15,54
7,Cameron Champ,27.27,15,55
8,Joaquin Niemann,26.23,16,61
9,Sung Kang,24.56,14,57
9,Ryan Palmer,24.56,14,57
11,Paul Casey,24.14,14,58
12,Corey Conners,23.33,14,60
13,Jim Herman,22.22,14,63
14,Lanto Griffin,21.88,14,64
14,Kevin Kisner,21.88,14,64
16,J.T. Poston,21.82,12,55
17,Gary Woodland,20.97,13,62
18,Keith Mitchell,20.75,11,53
19,Nate Lashley,20.63,13,63
20,Adam Long,20.31,13,64
21,Rickie Fowler,20.00,12,60
22,Tyler Duncan,19.67,12,61
23,Matthew Wolff,19.30,11,57
24,J.B. Holmes,18.18,10,55
24,Xander Schauffele,18.18,10,55
26,Graeme McDowell,17.54,10,57
27,Chez Reavie,17.39,12,69
28,Matt Kuchar,16.13,10,62
28,Jon Rahm,16.13,10,62
30,Max Homa,15.63,10,64
31,Kevin Na,15.52,9,58
32,Martin Trainer,14.00,7,50
33,Dylan Frittelli,11.48,7,61
34,Brendon Todd,11.29,7,62
