rank,player,%,Total Birdies,Total Holes
1,Kevin Kisner,50.00,1,2
1,Matthew Wolff,50.00,1,2
3,Rickie Fowler,33.33,1,3
3,Dustin Johnson,33.33,1,3
5,Justin Thomas,25.00,1,4
6,Keith Mitchell,20.00,1,5
6,Xander Schauffele,20.00,1,5
8,Martin Trainer,14.29,1,7
9,J.B. Holmes,12.50,1,8
10,Patrick Cantlay,.00,0,4
10,Paul Casey,.00,0,5
10,Cameron Champ,.00,0,5
10,Corey Conners,.00,0,4
10,Tyler Duncan,.00,0,2
10,Dylan Frittelli,.00,0,2
10,Lanto Griffin,.00,0,3
10,Jim Herman,.00,0,1
10,Sung Kang,.00,0,5
10,Matt Kuchar,.00,0,1
10,Adam Long,.00,0,4
10,Graeme McDowell,.00,0,5
10,Collin Morikawa,.00,0,2
10,Sebastián Muñoz,.00,0,5
10,Kevin Na,.00,0,2
10,Joaquin Niemann,.00,0,4
10,Ryan Palmer,.00,0,1
10,J.T. Poston,.00,0,5
10,Jon Rahm,.00,0,3
10,Patrick Reed,.00,0,4
10,Brendon Todd,.00,0,1
10,Gary Woodland,.00,0,4
