rank,player,Avg RTP
1,Dustin Johnson,-1.000
2,Xander Schauffele,-.333
3,Patrick Cantlay,E
3,Paul Casey,E
3,Cameron Champ,E
3,Corey Conners,E
3,Tyler Duncan,E
3,Rickie Fowler,E
3,Lanto Griffin,E
3,Jim Herman,E
3,Max Homa,E
3,Kevin Kisner,E
3,Graeme McDowell,E
3,Keith Mitchell,E
3,Sebastián Muñoz,E
3,Kevin Na,E
3,Joaquin Niemann,E
3,Ryan Palmer,E
3,Patrick Reed,E
3,Justin Thomas,E
3,Martin Trainer,E
3,Matthew Wolff,E
23,Sung Kang,+.500
23,J.T. Poston,+.500
25,Nate Lashley,+1.000
25,Brendon Todd,+1.000
27,Adam Long,+2.000
