rank,player,Avg RTP
1,Jon Rahm,-1.000
2,Rickie Fowler,-.500
2,Dylan Frittelli,-.500
2,J.B. Holmes,-.500
5,Paul Casey,-.333
5,Xander Schauffele,-.333
7,Cameron Champ,-.250
7,Joaquin Niemann,-.250
9,Dustin Johnson,-.200
9,Graeme McDowell,-.200
9,Matthew Wolff,-.200
12,Sebastián Muñoz,-.143
13,Patrick Cantlay,E
13,Corey Conners,E
13,Lanto Griffin,E
13,Jim Herman,E
13,Adam Long,E
13,Collin Morikawa,E
13,Patrick Reed,E
13,Justin Thomas,E
13,Brendon Todd,E
13,Gary Woodland,E
23,Martin Trainer,+.143
24,Kevin Na,+.200
24,J.T. Poston,+.200
26,Max Homa,+.250
26,Matt Kuchar,+.250
26,Ryan Palmer,+.250
29,Tyler Duncan,+.333
29,Kevin Kisner,+.333
31,Sung Kang,+.500
31,Nate Lashley,+.500
31,Chez Reavie,+.500
34,Keith Mitchell,+.714
