rank,player,Avg RTP
1,Matthew Wolff,-1.000
2,Patrick Cantlay,E
2,Dylan Frittelli,E
2,J.B. Holmes,E
2,Max Homa,E
2,Dustin Johnson,E
2,Kevin Kisner,E
2,Matt Kuchar,E
2,Nate Lashley,E
2,Adam Long,E
2,Collin Morikawa,E
2,Kevin Na,E
2,Chez Reavie,E
2,Patrick Reed,E
2,Xander Schauffele,E
2,Brendon Todd,E
17,Cameron Champ,+.333
17,Joaquin Niemann,+.333
19,Sebastián Muñoz,+.500
20,Sung Kang,+.667
20,Graeme McDowell,+.667
20,Keith Mitchell,+.667
20,Martin Trainer,+.667
24,Paul Casey,+1.000
24,Tyler Duncan,+1.000
24,Jim Herman,+1.000
