rank,player,Avg RTP
1,Justin Thomas,-.214
2,Dustin Johnson,-.182
3,Nate Lashley,-.143
4,Graeme McDowell,-.125
5,Gary Woodland,-.118
6,Jon Rahm,-.083
7,J.T. Poston,-.077
8,Patrick Cantlay,E
8,Max Homa,E
8,Kevin Kisner,E
8,Matt Kuchar,E
8,Adam Long,E
8,Xander Schauffele,E
8,Brendon Todd,E
8,Matthew Wolff,E
16,Lanto Griffin,+.083
17,Patrick Reed,+.100
18,Joaquin Niemann,+.111
18,Chez Reavie,+.111
20,Keith Mitchell,+.143
21,Sebastián Muñoz,+.182
22,Ryan Palmer,+.200
23,Cameron Champ,+.222
23,Rickie Fowler,+.222
23,Collin Morikawa,+.222
26,Dylan Frittelli,+.231
27,Tyler Duncan,+.250
27,Kevin Na,+.250
29,Sung Kang,+.273
30,Paul Casey,+.300
31,Jim Herman,+.333
32,J.B. Holmes,+.444
33,Corey Conners,+.500
34,Martin Trainer,+1.000
