rank,player,%,Total Birdies,Total Holes
1,Rickie Fowler,45.45,10,22
2,Matthew Wolff,43.48,10,23
3,Patrick Reed,41.67,10,24
3,Gary Woodland,41.67,10,24
5,Justin Thomas,41.18,7,17
6,Lanto Griffin,40.91,9,22
7,Joaquin Niemann,40.00,8,20
8,Xander Schauffele,37.04,10,27
9,Paul Casey,36.00,9,25
10,Patrick Cantlay,35.00,7,20
10,Sebastián Muñoz,35.00,7,20
12,Cameron Champ,33.33,7,21
12,Sung Kang,33.33,8,24
14,Keith Mitchell,31.82,7,22
15,Graeme McDowell,30.77,8,26
16,Nate Lashley,30.00,6,20
16,Collin Morikawa,30.00,6,20
16,Kevin Na,30.00,6,20
16,Ryan Palmer,30.00,6,20
20,Adam Long,26.92,7,26
21,Kevin Kisner,25.00,5,20
21,Martin Trainer,25.00,5,20
23,Jon Rahm,24.00,6,25
24,Chez Reavie,23.53,4,17
25,Tyler Duncan,22.73,5,22
26,Brendon Todd,22.22,4,18
27,Dylan Frittelli,21.74,5,23
28,Max Homa,21.05,4,19
29,Matt Kuchar,20.83,5,24
30,J.B. Holmes,20.00,5,25
31,Corey Conners,18.18,4,22
32,Jim Herman,17.65,3,17
33,J.T. Poston,15.79,3,19
34,Dustin Johnson,12.50,2,16
