rank,player,%,Total Birdies,Total Holes
1,Collin Morikawa,45.45,10,22
2,Patrick Cantlay,39.13,9,23
3,J.T. Poston,36.36,8,22
4,Ryan Palmer,33.33,6,18
5,Corey Conners,31.82,7,22
6,Jim Herman,30.43,7,23
7,Tyler Duncan,27.78,5,18
8,Dustin Johnson,26.92,7,26
9,Paul Casey,26.32,5,19
10,Patrick Reed,23.53,4,17
11,Chez Reavie,23.08,6,26
12,J.B. Holmes,22.22,4,18
12,Sebastián Muñoz,22.22,4,18
14,Cameron Champ,21.05,4,19
14,Kevin Na,21.05,4,19
16,Rickie Fowler,20.00,5,25
16,Sung Kang,20.00,4,20
18,Nate Lashley,18.18,4,22
19,Xander Schauffele,17.65,3,17
20,Justin Thomas,17.39,4,23
21,Matt Kuchar,16.67,3,18
22,Kevin Kisner,16.00,4,25
23,Adam Long,15.79,3,19
24,Keith Mitchell,15.00,3,20
24,Brendon Todd,15.00,3,20
26,Matthew Wolff,14.29,2,14
27,Lanto Griffin,13.64,3,22
28,Joaquin Niemann,13.04,3,23
28,Jon Rahm,13.04,3,23
30,Max Homa,11.54,3,26
31,Dylan Frittelli,11.11,2,18
31,Graeme McDowell,11.11,2,18
33,Martin Trainer,9.52,2,21
34,Gary Woodland,5.88,1,17
