rank,player,%,Total Birdies,Total Holes
1,Justin Thomas,50.00,4,8
2,Jim Herman,42.86,3,7
2,Dustin Johnson,42.86,3,7
4,Patrick Reed,40.00,4,10
5,Kevin Kisner,30.00,3,10
6,Joaquin Niemann,25.00,2,8
7,J.B. Holmes,22.22,2,9
7,Sebastián Muñoz,22.22,2,9
9,Cameron Champ,20.00,2,10
9,J.T. Poston,20.00,2,10
9,Chez Reavie,20.00,2,10
12,Ryan Palmer,18.18,2,11
13,Sung Kang,14.29,1,7
14,Tyler Duncan,13.33,2,15
15,Paul Casey,12.50,1,8
15,Dylan Frittelli,12.50,1,8
15,Max Homa,12.50,1,8
18,Keith Mitchell,11.11,1,9
18,Collin Morikawa,11.11,1,9
20,Matt Kuchar,10.00,1,10
20,Xander Schauffele,10.00,1,10
22,Patrick Cantlay,9.09,1,11
22,Nate Lashley,9.09,1,11
24,Matthew Wolff,7.69,1,13
25,Brendon Todd,6.67,1,15
26,Corey Conners,.00,0,9
26,Rickie Fowler,.00,0,8
26,Lanto Griffin,.00,0,7
26,Adam Long,.00,0,7
26,Graeme McDowell,.00,0,10
26,Kevin Na,.00,0,7
26,Jon Rahm,.00,0,3
26,Martin Trainer,.00,0,9
26,Gary Woodland,.00,0,5
