rank,player,Avg RTP
1,Tyler Duncan,-1.000
2,J.B. Holmes,-.750
3,Sung Kang,-.600
4,Rickie Fowler,-.500
4,Matt Kuchar,-.500
4,J.T. Poston,-.500
7,Collin Morikawa,-.429
8,Sebastián Muñoz,-.400
8,Ryan Palmer,-.400
10,Paul Casey,-.333
10,Graeme McDowell,-.333
10,Justin Thomas,-.333
13,Jim Herman,-.300
14,Corey Conners,-.286
15,Patrick Cantlay,-.222
15,Dustin Johnson,-.222
17,Nate Lashley,-.200
18,Max Homa,-.167
18,Patrick Reed,-.167
20,Kevin Kisner,-.143
21,Cameron Champ,E
21,Dylan Frittelli,E
21,Lanto Griffin,E
21,Adam Long,E
21,Keith Mitchell,E
21,Kevin Na,E
21,Joaquin Niemann,E
21,Jon Rahm,E
21,Chez Reavie,E
21,Xander Schauffele,E
21,Brendon Todd,E
21,Martin Trainer,E
21,Matthew Wolff,E
21,Gary Woodland,E
