rank,player,Avg RTP
1,Patrick Reed,-.571
2,Dustin Johnson,-.500
3,Justin Thomas,-.375
4,Sebastián Muñoz,-.300
5,Sung Kang,-.286
5,Matthew Wolff,-.286
7,Rickie Fowler,-.250
7,J.B. Holmes,-.250
7,Collin Morikawa,-.250
7,Joaquin Niemann,-.250
11,Nate Lashley,-.222
12,Patrick Cantlay,-.200
12,Matt Kuchar,-.200
14,Dylan Frittelli,-.167
15,Cameron Champ,-.125
15,Lanto Griffin,-.125
15,Jon Rahm,-.125
18,Paul Casey,E
18,Corey Conners,E
18,Max Homa,E
18,Graeme McDowell,E
18,Ryan Palmer,E
18,Xander Schauffele,E
24,Jim Herman,+.091
25,Tyler Duncan,+.143
26,Kevin Kisner,+.167
26,Adam Long,+.167
26,J.T. Poston,+.167
26,Martin Trainer,+.167
30,Brendon Todd,+.286
31,Kevin Na,+.300
32,Chez Reavie,+.375
32,Gary Woodland,+.375
34,Keith Mitchell,+.750
