rank,player,Avg RTP
1,Kevin Kisner,-.500
1,Matthew Wolff,-.500
3,Dustin Johnson,-.333
4,Xander Schauffele,-.200
5,Patrick Cantlay,E
5,Corey Conners,E
5,Tyler Duncan,E
5,Rickie Fowler,E
5,Dylan Frittelli,E
5,Lanto Griffin,E
5,J.B. Holmes,E
5,Matt Kuchar,E
5,Collin Morikawa,E
5,Kevin Na,E
5,Ryan Palmer,E
5,Justin Thomas,E
5,Brendon Todd,E
5,Gary Woodland,E
19,Paul Casey,+.200
20,Joaquin Niemann,+.250
21,Martin Trainer,+.286
22,Jon Rahm,+.333
23,Cameron Champ,+.400
23,Keith Mitchell,+.400
23,Sebastián Muñoz,+.400
23,J.T. Poston,+.400
27,Sung Kang,+.600
28,Adam Long,+.750
28,Patrick Reed,+.750
30,Graeme McDowell,+.800
31,Jim Herman,+1.000
