rank,player,Avg RTP
1,Justin Thomas,-.259
2,Patrick Reed,-.250
3,Dustin Johnson,-.222
4,Patrick Cantlay,-.197
5,Joaquin Niemann,-.180
6,Sebastián Muñoz,-.164
7,Cameron Champ,-.145
8,Collin Morikawa,-.143
9,J.T. Poston,-.127
9,Xander Schauffele,-.127
11,Ryan Palmer,-.123
12,Gary Woodland,-.113
13,Lanto Griffin,-.109
14,Rickie Fowler,-.100
15,Matt Kuchar,-.097
15,Jon Rahm,-.097
17,Nate Lashley,-.095
18,Adam Long,-.094
19,Sung Kang,-.088
19,Graeme McDowell,-.088
21,Kevin Kisner,-.078
22,Matthew Wolff,-.070
23,Corey Conners,-.067
24,Tyler Duncan,-.066
25,Paul Casey,-.052
26,Jim Herman,-.016
26,Max Homa,-.016
28,J.B. Holmes,E
28,Keith Mitchell,E
28,Chez Reavie,E
28,Brendon Todd,E
32,Dylan Frittelli,+.066
33,Kevin Na,+.103
34,Martin Trainer,+.200
