rank,player,%,Total Birdies,Total Holes
1,Justin Thomas,33.33,5,15
2,Gary Woodland,29.41,5,17
3,Dustin Johnson,23.08,3,13
4,Graeme McDowell,18.18,2,11
5,Patrick Cantlay,16.67,2,12
5,Cameron Champ,16.67,2,12
5,Jon Rahm,16.67,2,12
8,Adam Long,15.38,2,13
9,Matthew Wolff,14.29,2,14
10,Matt Kuchar,13.33,2,15
11,Nate Lashley,12.50,1,8
12,Kevin Kisner,10.00,1,10
12,Keith Mitchell,10.00,1,10
12,Xander Schauffele,10.00,1,10
12,Brendon Todd,10.00,1,10
16,Lanto Griffin,8.33,1,12
16,Patrick Reed,8.33,1,12
18,Jim Herman,7.69,1,13
18,J.T. Poston,7.69,1,13
20,Sung Kang,7.14,1,14
21,Dylan Frittelli,6.67,1,15
22,Paul Casey,.00,0,11
22,Corey Conners,.00,0,6
22,Tyler Duncan,.00,0,9
22,Rickie Fowler,.00,0,9
22,J.B. Holmes,.00,0,12
22,Max Homa,.00,0,9
22,Collin Morikawa,.00,0,11
22,Sebastián Muñoz,.00,0,13
22,Kevin Na,.00,0,13
22,Joaquin Niemann,.00,0,12
22,Ryan Palmer,.00,0,10
22,Chez Reavie,.00,0,10
22,Martin Trainer,.00,0,12
