rank,player,Avg RTP
1,Patrick Cantlay,-.800
2,Cameron Champ,-.429
3,Ryan Palmer,-.400
4,Collin Morikawa,-.273
5,Matthew Wolff,-.250
6,Jon Rahm,-.214
7,Corey Conners,-.200
7,Keith Mitchell,-.200
7,Justin Thomas,-.200
10,Graeme McDowell,-.167
11,Rickie Fowler,-.154
12,Tyler Duncan,-.143
13,Kevin Na,-.111
13,Xander Schauffele,-.111
15,Paul Casey,-.100
15,Nate Lashley,-.100
17,Dylan Frittelli,E
17,Lanto Griffin,E
17,J.B. Holmes,E
17,Max Homa,E
17,Dustin Johnson,E
17,Matt Kuchar,E
17,Adam Long,E
17,Sebastián Muñoz,E
17,Joaquin Niemann,E
17,J.T. Poston,E
17,Chez Reavie,E
17,Patrick Reed,E
17,Brendon Todd,E
17,Gary Woodland,E
31,Kevin Kisner,+.111
32,Sung Kang,+.143
33,Martin Trainer,+.200
34,Jim Herman,+.500
