rank,player,%,Total Birdies,Total Holes
1,Jon Rahm,100.00,1,1
2,Rickie Fowler,50.00,2,4
2,Dylan Frittelli,50.00,1,2
2,J.B. Holmes,50.00,1,2
2,Gary Woodland,50.00,1,2
6,Graeme McDowell,40.00,2,5
6,Matthew Wolff,40.00,2,5
8,Paul Casey,33.33,1,3
8,Tyler Duncan,33.33,1,3
8,Xander Schauffele,33.33,2,6
11,Sebastián Muñoz,28.57,2,7
11,Justin Thomas,28.57,2,7
13,Cameron Champ,25.00,1,4
13,Matt Kuchar,25.00,1,4
13,Joaquin Niemann,25.00,1,4
13,Brendon Todd,25.00,1,4
17,Jim Herman,20.00,1,5
17,Dustin Johnson,20.00,1,5
17,J.T. Poston,20.00,1,5
20,Patrick Cantlay,.00,0,3
20,Corey Conners,.00,0,5
20,Lanto Griffin,.00,0,2
20,Max Homa,.00,0,4
20,Sung Kang,.00,0,4
20,Kevin Kisner,.00,0,3
20,Nate Lashley,.00,0,4
20,Adam Long,.00,0,1
20,Keith Mitchell,.00,0,7
20,Collin Morikawa,.00,0,1
20,Kevin Na,.00,0,5
20,Ryan Palmer,.00,0,4
20,Chez Reavie,.00,0,2
20,Patrick Reed,.00,0,6
20,Martin Trainer,.00,0,7
