rank,player,Avg RTP
1,Patrick Reed,-.429
2,Jim Herman,-.400
2,J.T. Poston,-.400
4,Kevin Kisner,-.375
5,Justin Thomas,-.333
6,Joaquin Niemann,-.286
7,Cameron Champ,-.250
8,Dustin Johnson,-.200
8,Sung Kang,-.200
8,Sebastián Muñoz,-.200
8,Ryan Palmer,-.200
12,Keith Mitchell,-.167
13,J.B. Holmes,-.111
13,Chez Reavie,-.111
15,Tyler Duncan,-.077
16,Patrick Cantlay,E
16,Matt Kuchar,E
16,Adam Long,E
16,Graeme McDowell,E
16,Collin Morikawa,E
16,Kevin Na,E
16,Jon Rahm,E
16,Xander Schauffele,E
16,Brendon Todd,E
25,Dylan Frittelli,+.143
26,Corey Conners,+.167
26,Lanto Griffin,+.167
26,Max Homa,+.167
26,Martin Trainer,+.167
30,Matthew Wolff,+.200
30,Gary Woodland,+.200
32,Nate Lashley,+.222
33,Paul Casey,+.250
34,Rickie Fowler,+.333
