rank,player,Avg RTP
1,Gary Woodland,-.429
2,Lanto Griffin,-.421
2,Joaquin Niemann,-.421
4,Sebastián Muñoz,-.313
5,Rickie Fowler,-.294
6,Patrick Cantlay,-.263
6,Xander Schauffele,-.263
8,Cameron Champ,-.250
8,Adam Long,-.250
8,Patrick Reed,-.250
11,Justin Thomas,-.214
12,Keith Mitchell,-.211
13,Paul Casey,-.190
14,Matthew Wolff,-.188
15,Dustin Johnson,-.167
16,Matt Kuchar,-.143
17,Nate Lashley,-.118
17,Ryan Palmer,-.118
19,Sung Kang,-.111
19,Brendon Todd,-.111
21,Tyler Duncan,-.105
22,Graeme McDowell,-.091
23,Collin Morikawa,-.063
23,J.T. Poston,-.063
25,Max Homa,-.056
26,Corey Conners,-.050
26,Kevin Kisner,-.050
26,Jon Rahm,-.050
29,Jim Herman,E
29,Chez Reavie,E
31,J.B. Holmes,+.050
32,Martin Trainer,+.063
33,Dylan Frittelli,+.100
34,Kevin Na,+.188
