rank,player,%,Total Birdies,Total Holes
1,Sebastián Muñoz,60.00,6,10
2,Joaquin Niemann,50.00,4,8
3,Patrick Reed,44.44,4,9
3,Justin Thomas,44.44,4,9
5,Dustin Johnson,37.50,3,8
6,J.B. Holmes,33.33,2,6
6,Collin Morikawa,33.33,3,9
6,Ryan Palmer,33.33,3,9
9,Max Homa,30.00,3,10
10,Sung Kang,28.57,2,7
10,Kevin Kisner,28.57,2,7
10,J.T. Poston,28.57,2,7
10,Matthew Wolff,28.57,2,7
14,Corey Conners,25.00,3,12
14,Rickie Fowler,25.00,2,8
14,Xander Schauffele,25.00,2,8
14,Martin Trainer,25.00,2,8
18,Cameron Champ,22.22,2,9
18,Lanto Griffin,22.22,2,9
18,Jon Rahm,22.22,2,9
21,Matt Kuchar,20.00,1,5
21,Nate Lashley,20.00,2,10
23,Patrick Cantlay,16.67,1,6
23,Dylan Frittelli,16.67,1,6
25,Adam Long,14.29,1,7
25,Graeme McDowell,14.29,1,7
27,Tyler Duncan,12.50,1,8
28,Paul Casey,11.11,1,9
29,Keith Mitchell,10.00,1,10
30,Kevin Na,9.09,1,11
31,Jim Herman,8.33,1,12
32,Chez Reavie,.00,0,9
32,Brendon Todd,.00,0,7
32,Gary Woodland,.00,0,9
