rank,player,Avg RTP
1,Paul Casey,-1.000
1,Corey Conners,-1.000
1,Rickie Fowler,-1.000
1,Lanto Griffin,-1.000
1,Sebastián Muñoz,-1.000
1,Joaquin Niemann,-1.000
1,Justin Thomas,-1.000
8,Cameron Champ,-.667
8,Keith Mitchell,-.667
10,Nate Lashley,-.500
10,Xander Schauffele,-.500
10,Martin Trainer,-.500
10,Gary Woodland,-.500
14,Sung Kang,-.333
15,Jon Rahm,-.200
16,Tyler Duncan,E
16,Dylan Frittelli,E
16,J.B. Holmes,E
16,Matt Kuchar,E
16,Adam Long,E
16,Kevin Na,E
16,Ryan Palmer,E
16,J.T. Poston,E
16,Patrick Reed,E
16,Matthew Wolff,E
26,Max Homa,+.500
