rank,player,Avg RTP
1,Tyler Duncan,-1.000
2,J.B. Holmes,-.500
2,Brendon Todd,-.500
4,Xander Schauffele,-.333
5,Dustin Johnson,-.250
5,Joaquin Niemann,-.250
7,Paul Casey,E
7,Corey Conners,E
7,Jim Herman,E
7,Max Homa,E
7,Matt Kuchar,E
7,Adam Long,E
7,Collin Morikawa,E
7,Sebastián Muñoz,E
7,Kevin Na,E
7,Ryan Palmer,E
7,J.T. Poston,E
7,Jon Rahm,E
7,Patrick Reed,E
7,Martin Trainer,E
7,Gary Woodland,E
22,Rickie Fowler,+.333
23,Justin Thomas,+.400
24,Cameron Champ,+.500
24,Sung Kang,+.500
24,Matthew Wolff,+.500
27,Keith Mitchell,+1.000
28,Graeme McDowell,+2.000
