rank,player,%,Total Birdies,Total Holes
1,Rickie Fowler,42.86,3,7
1,Matthew Wolff,42.86,3,7
3,Xander Schauffele,27.27,3,11
3,Justin Thomas,27.27,3,11
5,Dylan Frittelli,25.00,1,4
5,Dustin Johnson,25.00,2,8
5,Jon Rahm,25.00,1,4
8,Tyler Duncan,20.00,1,5
8,J.B. Holmes,20.00,2,10
8,Kevin Kisner,20.00,1,5
8,Matt Kuchar,20.00,1,5
8,Graeme McDowell,20.00,2,10
8,Brendon Todd,20.00,1,5
14,Jim Herman,16.67,1,6
14,Sebastián Muñoz,16.67,2,12
14,Gary Woodland,16.67,1,6
17,Paul Casey,12.50,1,8
17,Joaquin Niemann,12.50,1,8
19,Cameron Champ,11.11,1,9
20,J.T. Poston,10.00,1,10
21,Keith Mitchell,8.33,1,12
22,Martin Trainer,7.14,1,14
23,Patrick Cantlay,.00,0,7
23,Corey Conners,.00,0,9
23,Lanto Griffin,.00,0,5
23,Max Homa,.00,0,4
23,Sung Kang,.00,0,9
23,Nate Lashley,.00,0,4
23,Adam Long,.00,0,5
23,Collin Morikawa,.00,0,3
23,Kevin Na,.00,0,7
23,Ryan Palmer,.00,0,5
23,Chez Reavie,.00,0,2
23,Patrick Reed,.00,0,10
