rank,player,Avg RTP
1,Dustin Johnson,-1.000
1,Patrick Reed,-1.000
3,Corey Conners,-.667
3,Adam Long,-.667
3,Collin Morikawa,-.667
3,Kevin Na,-.667
3,J.T. Poston,-.667
8,Paul Casey,-.500
8,Keith Mitchell,-.500
8,Xander Schauffele,-.500
11,Chez Reavie,-.429
12,Kevin Kisner,-.400
13,Cameron Champ,-.333
14,Jim Herman,-.250
14,Sung Kang,-.250
16,Nate Lashley,-.167
17,Patrick Cantlay,E
17,Tyler Duncan,E
17,Dylan Frittelli,E
17,Lanto Griffin,E
17,J.B. Holmes,E
17,Max Homa,E
17,Matt Kuchar,E
17,Graeme McDowell,E
17,Sebastián Muñoz,E
17,Joaquin Niemann,E
17,Jon Rahm,E
17,Brendon Todd,E
17,Martin Trainer,E
17,Matthew Wolff,E
17,Gary Woodland,E
32,Rickie Fowler,+.333
