rank,player,Avg RTP
1,Patrick Reed,-.375
1,Gary Woodland,-.375
3,Lanto Griffin,-.364
4,Adam Long,-.300
5,Patrick Cantlay,-.250
6,Matthew Wolff,-.222
7,Kevin Na,-.167
8,Dustin Johnson,-.143
9,Joaquin Niemann,-.125
10,Jim Herman,-.111
10,Matt Kuchar,-.111
10,Ryan Palmer,-.111
10,Xander Schauffele,-.111
14,Nate Lashley,-.100
15,Rickie Fowler,-.091
15,J.B. Holmes,-.091
17,Tyler Duncan,E
17,Max Homa,E
17,Sung Kang,E
17,Kevin Kisner,E
17,Graeme McDowell,E
17,Keith Mitchell,E
17,J.T. Poston,E
17,Jon Rahm,E
17,Chez Reavie,E
17,Brendon Todd,E
27,Martin Trainer,+.111
28,Cameron Champ,+.143
28,Justin Thomas,+.143
30,Collin Morikawa,+.167
31,Paul Casey,+.222
31,Dylan Frittelli,+.222
33,Sebastián Muñoz,+.250
34,Corey Conners,+.286
