rank,player,Avg RTP
1,Rickie Fowler,-1.000
1,Sung Kang,-1.000
3,Sebastián Muñoz,-.667
3,Joaquin Niemann,-.667
3,Ryan Palmer,-.667
6,Corey Conners,-.500
6,Lanto Griffin,-.500
6,Patrick Reed,-.500
6,Xander Schauffele,-.500
6,Justin Thomas,-.500
11,Patrick Cantlay,-.333
11,Paul Casey,-.333
11,Jim Herman,-.333
11,J.B. Holmes,-.333
11,Dustin Johnson,-.333
11,Kevin Kisner,-.333
11,Matt Kuchar,-.333
18,Collin Morikawa,-.250
19,Adam Long,-.167
20,Tyler Duncan,E
20,Max Homa,E
20,Nate Lashley,E
20,Graeme McDowell,E
20,Keith Mitchell,E
20,J.T. Poston,E
20,Brendon Todd,E
20,Gary Woodland,E
28,Matthew Wolff,+.500
29,Dylan Frittelli,+.667
29,Chez Reavie,+.667
31,Kevin Na,+.750
