rank,player,Avg RTP
1,Sebastián Muñoz,-1.000
2,Gary Woodland,-.571
3,Cameron Champ,-.500
3,Rickie Fowler,-.500
3,Justin Thomas,-.500
3,Brendon Todd,-.500
3,Matthew Wolff,-.500
8,Tyler Duncan,-.400
8,Dylan Frittelli,-.400
8,Keith Mitchell,-.400
8,Joaquin Niemann,-.400
8,Chez Reavie,-.400
13,Paul Casey,-.333
13,Max Homa,-.333
13,Adam Long,-.333
13,Graeme McDowell,-.333
17,Patrick Cantlay,-.250
17,Xander Schauffele,-.250
19,Collin Morikawa,-.167
19,J.T. Poston,-.167
21,Corey Conners,E
21,Lanto Griffin,E
21,Dustin Johnson,E
21,Sung Kang,E
21,Kevin Kisner,E
21,Matt Kuchar,E
21,Nate Lashley,E
21,Jon Rahm,E
21,Patrick Reed,E
30,Kevin Na,+.200
30,Martin Trainer,+.200
32,Ryan Palmer,+.250
33,J.B. Holmes,+.600
34,Jim Herman,+.667
