rank,player,Avg RTP
1,Ryan Palmer,-.400
2,Corey Conners,-.389
3,Collin Morikawa,-.381
4,Cameron Champ,-.364
5,Tyler Duncan,-.308
6,Patrick Cantlay,-.300
7,J.T. Poston,-.267
8,J.B. Holmes,-.250
8,Patrick Reed,-.250
8,Justin Thomas,-.250
11,Kevin Na,-.231
12,Paul Casey,-.200
12,Jim Herman,-.200
14,Sung Kang,-.188
15,Dustin Johnson,-.167
16,Jon Rahm,-.158
17,Adam Long,-.154
17,Keith Mitchell,-.154
17,Sebastián Muñoz,-.154
17,Xander Schauffele,-.154
21,Rickie Fowler,-.150
22,Nate Lashley,-.143
22,Graeme McDowell,-.143
24,Chez Reavie,-.115
25,Max Homa,-.095
25,Kevin Kisner,-.095
27,Matt Kuchar,-.091
27,Matthew Wolff,-.091
29,Dylan Frittelli,E
29,Lanto Griffin,E
29,Joaquin Niemann,E
29,Brendon Todd,E
29,Gary Woodland,E
34,Martin Trainer,+.143
