rank,player,Avg RTP
1,Paul Casey,-.500
2,Jim Herman,-.333
2,Xander Schauffele,-.333
2,Brendon Todd,-.333
5,Patrick Cantlay,E
5,Corey Conners,E
5,Tyler Duncan,E
5,Rickie Fowler,E
5,Dylan Frittelli,E
5,Lanto Griffin,E
5,J.B. Holmes,E
5,Dustin Johnson,E
5,Kevin Kisner,E
5,Matt Kuchar,E
5,Adam Long,E
5,Collin Morikawa,E
5,Sebastián Muñoz,E
5,Joaquin Niemann,E
5,Patrick Reed,E
5,Martin Trainer,E
5,Gary Woodland,E
22,Kevin Na,+.200
22,J.T. Poston,+.200
24,Ryan Palmer,+.250
25,Cameron Champ,+.333
25,Sung Kang,+.333
27,Max Homa,+.500
27,Justin Thomas,+.500
27,Matthew Wolff,+.500
30,Graeme McDowell,+1.000
30,Keith Mitchell,+1.000
