rank,player,Avg,Total Strokes,Total Rounds
1,Sungjae Im,32.00,32,1
2,Harris English,33.00,33,1
2,Sergio Garcia,33.00,33,1
2,Lanto Griffin,33.00,33,1
2,Viktor Hovland,33.00,33,1
2,Ryan Palmer,33.00,33,1
2,Nick Taylor,33.00,33,1
8,Patrick Cantlay,34.00,34,1
8,Jason Kokrak,34.00,34,1
8,Martin Laird,34.00,34,1
8,Collin Morikawa,34.00,34,1
8,Patrick Reed,34.00,34,1
8,Scottie Scheffler,34.00,34,1
8,Adam Scott,34.00,34,1
8,Justin Thomas,34.00,34,1
8,Richy Werenski,34.00,34,1
17,Abraham Ancer,35.00,35,1
17,Bryson DeChambeau,35.00,35,1
17,Brian Gay,35.00,35,1
17,Kevin Kisner,35.00,35,1
17,Marc Leishman,35.00,35,1
17,Joaquin Niemann,35.00,35,1
17,Carlos Ortiz,35.00,35,1
17,Jon Rahm,35.00,35,1
17,Xander Schauffele,35.00,35,1
17,Webb Simpson,35.00,35,1
17,Cameron Smith,35.00,35,1
17,Robert Streb,35.00,35,1
17,Michael Thompson,35.00,35,1
17,Brendon Todd,35.00,35,1
31,Daniel Berger,36.00,36,1
31,Billy Horschel,36.00,36,1
31,Andrew Landry,36.00,36,1
31,Hideki Matsuyama,36.00,36,1
31,Kevin Na,36.00,36,1
36,Stewart Cink,37.00,37,1
36,Dustin Johnson,37.00,37,1
36,Hudson Swafford,37.00,37,1
39,Cameron Champ,38.00,38,1
39,Mackenzie Hughes,38.00,38,1
39,Sebastián Muñoz,38.00,38,1
42,Tony Finau,39.00,39,1
