rank,player,Avg,Total Strokes,Total Rounds
1,Ryan Palmer,31.00,31,1
2,Daniel Berger,32.00,32,1
2,Patrick Cantlay,32.00,32,1
2,Tony Finau,32.00,32,1
2,Sergio Garcia,32.00,32,1
2,Collin Morikawa,32.00,32,1
7,Harris English,33.00,33,1
7,Billy Horschel,33.00,33,1
7,Sungjae Im,33.00,33,1
7,Joaquin Niemann,33.00,33,1
7,Nick Taylor,33.00,33,1
12,Martin Laird,34.00,34,1
12,Sebastián Muñoz,34.00,34,1
12,Kevin Na,34.00,34,1
12,Adam Scott,34.00,34,1
12,Webb Simpson,34.00,34,1
12,Cameron Smith,34.00,34,1
12,Justin Thomas,34.00,34,1
19,Stewart Cink,35.00,35,1
19,Lanto Griffin,35.00,35,1
19,Viktor Hovland,35.00,35,1
19,Kevin Kisner,35.00,35,1
19,Hudson Swafford,35.00,35,1
19,Michael Thompson,35.00,35,1
25,Abraham Ancer,36.00,36,1
25,Brian Gay,36.00,36,1
25,Dustin Johnson,36.00,36,1
25,Jason Kokrak,36.00,36,1
25,Marc Leishman,36.00,36,1
25,Hideki Matsuyama,36.00,36,1
25,Patrick Reed,36.00,36,1
25,Scottie Scheffler,36.00,36,1
25,Brendon Todd,36.00,36,1
25,Richy Werenski,36.00,36,1
35,Cameron Champ,37.00,37,1
35,Bryson DeChambeau,37.00,37,1
35,Mackenzie Hughes,37.00,37,1
35,Jon Rahm,37.00,37,1
35,Xander Schauffele,37.00,37,1
35,Robert Streb,37.00,37,1
41,Andrew Landry,38.00,38,1
42,Carlos Ortiz,39.00,39,1
