rank,player,Avg,Total Strokes,Total Holes
1,Sungjae Im,33.00,132,4
1,Ryan Palmer,33.00,132,4
3,Harris English,33.25,133,4
3,Sergio Garcia,33.25,133,4
5,Collin Morikawa,33.75,135,4
6,Patrick Reed,34.00,136,4
7,Daniel Berger,34.25,137,4
7,Patrick Cantlay,34.25,137,4
7,Bryson DeChambeau,34.25,137,4
7,Lanto Griffin,34.25,137,4
7,Joaquin Niemann,34.25,137,4
7,Adam Scott,34.25,137,4
7,Richy Werenski,34.25,137,4
14,Xander Schauffele,34.50,138,4
14,Michael Thompson,34.50,138,4
16,Brian Gay,34.75,139,4
16,Viktor Hovland,34.75,139,4
16,Scottie Scheffler,34.75,139,4
16,Cameron Smith,34.75,139,4
16,Nick Taylor,34.75,139,4
16,Justin Thomas,34.75,139,4
16,Brendon Todd,34.75,139,4
23,Abraham Ancer,35.00,140,4
23,Martin Laird,35.00,140,4
23,Marc Leishman,35.00,140,4
23,Sebastián Muñoz,35.00,140,4
23,Jon Rahm,35.00,140,4
23,Webb Simpson,35.00,140,4
29,Tony Finau,35.25,141,4
29,Kevin Kisner,35.25,141,4
31,Stewart Cink,35.75,143,4
31,Billy Horschel,35.75,143,4
31,Dustin Johnson,35.75,143,4
31,Kevin Na,35.75,143,4
31,Carlos Ortiz,35.75,143,4
31,Hudson Swafford,35.75,143,4
37,Hideki Matsuyama,36.00,144,4
38,Cameron Champ,36.25,145,4
38,Jason Kokrak,36.25,145,4
38,Andrew Landry,36.25,145,4
41,Robert Streb,36.75,147,4
42,Mackenzie Hughes,37.00,148,4
