rank,player,Low Rnd
1,Bryson DeChambeau,31
1,Carlos Ortiz,31
1,Ryan Palmer,31
4,Daniel Berger,32
4,Patrick Cantlay,32
4,Tony Finau,32
4,Sergio Garcia,32
4,Sungjae Im,32
4,Dustin Johnson,32
4,Collin Morikawa,32
4,Patrick Reed,32
4,Xander Schauffele,32
4,Adam Scott,32
14,Abraham Ancer,33
14,Harris English,33
14,Brian Gay,33
14,Lanto Griffin,33
14,Billy Horschel,33
14,Viktor Hovland,33
14,Marc Leishman,33
14,Hideki Matsuyama,33
14,Sebastián Muñoz,33
14,Joaquin Niemann,33
14,Jon Rahm,33
14,Scottie Scheffler,33
14,Nick Taylor,33
14,Brendon Todd,33
14,Richy Werenski,33
29,Cameron Champ,34
29,Stewart Cink,34
29,Jason Kokrak,34
29,Martin Laird,34
29,Kevin Na,34
29,Webb Simpson,34
29,Cameron Smith,34
29,Justin Thomas,34
29,Michael Thompson,34
38,Kevin Kisner,35
38,Andrew Landry,35
38,Robert Streb,35
38,Hudson Swafford,35
42,Mackenzie Hughes,36
