rank,player,Avg,Total Strokes,Total Rounds
1,Bryson DeChambeau,31.00,31,1
2,Xander Schauffele,32.00,32,1
2,Adam Scott,32.00,32,1
4,Abraham Ancer,33.00,33,1
4,Harris English,33.00,33,1
4,Sungjae Im,33.00,33,1
4,Marc Leishman,33.00,33,1
4,Hideki Matsuyama,33.00,33,1
9,Cameron Champ,34.00,34,1
9,Sergio Garcia,34.00,34,1
9,Lanto Griffin,34.00,34,1
9,Joaquin Niemann,34.00,34,1
9,Patrick Reed,34.00,34,1
9,Justin Thomas,34.00,34,1
9,Michael Thompson,34.00,34,1
9,Richy Werenski,34.00,34,1
17,Tony Finau,35.00,35,1
17,Brian Gay,35.00,35,1
17,Kevin Kisner,35.00,35,1
17,Andrew Landry,35.00,35,1
17,Sebastián Muñoz,35.00,35,1
17,Ryan Palmer,35.00,35,1
17,Jon Rahm,35.00,35,1
17,Webb Simpson,35.00,35,1
17,Hudson Swafford,35.00,35,1
17,Brendon Todd,35.00,35,1
27,Daniel Berger,36.00,36,1
27,Mackenzie Hughes,36.00,36,1
27,Collin Morikawa,36.00,36,1
27,Scottie Scheffler,36.00,36,1
27,Cameron Smith,36.00,36,1
27,Nick Taylor,36.00,36,1
33,Patrick Cantlay,37.00,37,1
33,Stewart Cink,37.00,37,1
33,Martin Laird,37.00,37,1
36,Viktor Hovland,38.00,38,1
36,Dustin Johnson,38.00,38,1
36,Kevin Na,38.00,38,1
36,Carlos Ortiz,38.00,38,1
40,Jason Kokrak,39.00,39,1
40,Robert Streb,39.00,39,1
42,Billy Horschel,40.00,40,1
