rank,player,Avg,Total Strokes,Total Rounds
1,Carlos Ortiz,31.00,31,1
2,Dustin Johnson,32.00,32,1
2,Patrick Reed,32.00,32,1
4,Daniel Berger,33.00,33,1
4,Brian Gay,33.00,33,1
4,Viktor Hovland,33.00,33,1
4,Collin Morikawa,33.00,33,1
4,Sebastián Muñoz,33.00,33,1
4,Ryan Palmer,33.00,33,1
4,Jon Rahm,33.00,33,1
4,Scottie Scheffler,33.00,33,1
4,Brendon Todd,33.00,33,1
4,Richy Werenski,33.00,33,1
14,Patrick Cantlay,34.00,34,1
14,Stewart Cink,34.00,34,1
14,Bryson DeChambeau,34.00,34,1
14,Harris English,34.00,34,1
14,Sergio Garcia,34.00,34,1
14,Billy Horschel,34.00,34,1
14,Sungjae Im,34.00,34,1
14,Xander Schauffele,34.00,34,1
14,Cameron Smith,34.00,34,1
14,Michael Thompson,34.00,34,1
24,Tony Finau,35.00,35,1
24,Lanto Griffin,35.00,35,1
24,Martin Laird,35.00,35,1
24,Kevin Na,35.00,35,1
24,Joaquin Niemann,35.00,35,1
29,Abraham Ancer,36.00,36,1
29,Cameron Champ,36.00,36,1
29,Kevin Kisner,36.00,36,1
29,Jason Kokrak,36.00,36,1
29,Andrew Landry,36.00,36,1
29,Marc Leishman,36.00,36,1
29,Webb Simpson,36.00,36,1
29,Robert Streb,36.00,36,1
29,Hudson Swafford,36.00,36,1
38,Mackenzie Hughes,37.00,37,1
38,Adam Scott,37.00,37,1
38,Nick Taylor,37.00,37,1
38,Justin Thomas,37.00,37,1
42,Hideki Matsuyama,39.00,39,1
