rank,player,Stroke Differential,Player's Score,Field Average Score
1,Geoff Ogilvy,+3.52,67.00,70.52
2,Anthony Kim,+2.02,68.50,70.52
2,Davis Love III,+2.02,68.50,70.52
4,Sean O'Hair,+1.77,68.75,70.52
5,Justin Leonard,+1.52,69.00,70.52
6,Ernie Els,+1.27,69.25,70.52
6,Zach Johnson,+1.27,69.25,70.52
6,Kenny Perry,+1.27,69.25,70.52
6,D.J. Trahan,+1.27,69.25,70.52
10,Johnson Wagner,+1.02,69.50,70.52
11,Dustin Johnson,+.77,69.75,70.52
12,Will MacKenzie,+.52,70.00,70.52
12,Chez Reavie,+.52,70.00,70.52
12,Camilo Villegas,+.52,70.00,70.52
15,K.J. Choi,+.27,70.25,70.52
15,Boo Weekley,+.27,70.25,70.52
17,Carl Pettersson,+.02,70.50,70.52
18,Brian Gay,-.23,70.75,70.52
18,Ryuji Imada,-.23,70.75,70.52
18,Adam Scott,-.23,70.75,70.52
21,Trevor Immelman,-.48,71.00,70.52
21,Richard Johnson,-.48,71.00,70.52
23,Cameron Beckman,-.73,71.25,70.52
24,Stewart Cink,-.98,71.50,70.52
24,Steve Lowery,-.98,71.50,70.52
24,Parker McLachlin,-.98,71.50,70.52
27,Daniel Chopra,-1.23,71.75,70.52
27,Vijay Singh,-1.23,71.75,70.52
29,J.B. Holmes,-1.48,72.00,70.52
29,Greg Kraft,-1.48,72.00,70.52
31,Ryan Palmer,-2.23,72.75,70.52
32,Andres Romero,-3.23,73.75,70.52
33,Marc Turnesa,-3.48,74.00,70.52
