rank,player,Avg,Total Strokes,Total Rounds
1,Geoff Ogilvy,67.50,135,2
2,D.J. Trahan,68.00,136,2
3,Ernie Els,68.50,137,2
4,Ryuji Imada,69.50,139,2
4,Anthony Kim,69.50,139,2
4,Davis Love III,69.50,139,2
4,Sean O'Hair,69.50,139,2
4,Kenny Perry,69.50,139,2
4,Johnson Wagner,69.50,139,2
10,Adam Scott,70.00,140,2
10,Boo Weekley,70.00,140,2
12,Stewart Cink,70.50,141,2
12,Justin Leonard,70.50,141,2
12,Camilo Villegas,70.50,141,2
15,K.J. Choi,71.00,142,2
15,Brian Gay,71.00,142,2
15,Will MacKenzie,71.00,142,2
18,Dustin Johnson,72.00,144,2
18,Richard Johnson,72.00,144,2
18,Steve Lowery,72.00,144,2
18,Carl Pettersson,72.00,144,2
22,Greg Kraft,72.50,145,2
22,Chez Reavie,72.50,145,2
24,Trevor Immelman,73.00,146,2
24,Zach Johnson,73.00,146,2
24,Parker McLachlin,73.00,146,2
24,Vijay Singh,73.00,146,2
28,Daniel Chopra,74.00,148,2
29,Cameron Beckman,74.50,149,2
29,J.B. Holmes,74.50,149,2
31,Andres Romero,76.00,152,2
31,Marc Turnesa,76.00,152,2
33,Ryan Palmer,76.50,153,2
