rank,player,Avg,Total Strokes,Total Rounds
1,Geoff Ogilvy,67.00,268,4
2,Anthony Kim,68.50,274,4
2,Davis Love III,68.50,274,4
4,Sean O'Hair,68.75,275,4
5,Justin Leonard,69.00,276,4
6,Ernie Els,69.25,277,4
6,Zach Johnson,69.25,277,4
6,Kenny Perry,69.25,277,4
6,D.J. Trahan,69.25,277,4
10,Johnson Wagner,69.50,278,4
11,Dustin Johnson,69.75,279,4
12,Will MacKenzie,70.00,280,4
12,Chez Reavie,70.00,280,4
12,Camilo Villegas,70.00,280,4
15,K.J. Choi,70.25,281,4
15,Boo Weekley,70.25,281,4
17,Carl Pettersson,70.50,282,4
18,Brian Gay,70.75,283,4
18,Ryuji Imada,70.75,283,4
18,Adam Scott,70.75,283,4
21,Trevor Immelman,71.00,284,4
21,Richard Johnson,71.00,284,4
23,Cameron Beckman,71.25,285,4
24,Stewart Cink,71.50,286,4
24,Steve Lowery,71.50,286,4
24,Parker McLachlin,71.50,286,4
27,Daniel Chopra,71.75,287,4
27,Vijay Singh,71.75,287,4
29,J.B. Holmes,72.00,288,4
29,Greg Kraft,72.00,288,4
31,Ryan Palmer,72.75,291,4
32,Andres Romero,73.75,295,4
33,Marc Turnesa,74.00,296,4
