rank,player,Value,Tourn/Course,Round
1,Zach Johnson,64,Mercedes-Benz/P,3
2,Justin Leonard,65,Mercedes-Benz/P,3
2,Sean O'Hair,65,Mercedes-Benz/P,4
2,Geoff Ogilvy,65,Mercedes-Benz/P,3
5,Cameron Beckman,66,Mercedes-Benz/P,3
5,K.J. Choi,66,Mercedes-Benz/P,3
5,Ryan Palmer,66,Mercedes-Benz/P,4
5,D.J. Trahan,66,Mercedes-Benz/P,2
5,Camilo Villegas,66,Mercedes-Benz/P,3
10,Daniel Chopra,67,Mercedes-Benz/P,3
10,Stewart Cink,67,Mercedes-Benz/P,2
10,Ernie Els,67,Mercedes-Benz/P,4
10,J.B. Holmes,67,Mercedes-Benz/P,4
10,Dustin Johnson,67,Mercedes-Benz/P,4
10,Anthony Kim,67,Mercedes-Benz/P,4
10,Davis Love III,67,Mercedes-Benz/P,4
10,Chez Reavie,67,Mercedes-Benz/P,4
10,Adam Scott,67,Mercedes-Benz/P,2
19,Greg Kraft,68,Mercedes-Benz/P,3
19,Kenny Perry,68,Mercedes-Benz/P,3
19,Carl Pettersson,68,Mercedes-Benz/P,4
19,Johnson Wagner,68,Mercedes-Benz/P,1
23,Ryuji Imada,69,Mercedes-Benz/P,1
23,Trevor Immelman,69,Mercedes-Benz/P,4
23,Richard Johnson,69,Mercedes-Benz/P,4
23,Steve Lowery,69,Mercedes-Benz/P,1
23,Will MacKenzie,69,Mercedes-Benz/P,4
23,Parker McLachlin,69,Mercedes-Benz/P,3
23,Boo Weekley,69,Mercedes-Benz/P,3
30,Brian Gay,70,Mercedes-Benz/P,3
30,Vijay Singh,70,Mercedes-Benz/P,4
30,Marc Turnesa,70,Mercedes-Benz/P,3
33,Andres Romero,71,Mercedes-Benz/P,3
