rank,player,%,Attempts,Non-Attempts,RTP-Going for the green,RTP-Not going for the grn
1,Tony Finau,91.67,11,1,-11,E
1,Kevin Kisner,91.67,11,1,-10,E
1,Jamie Lovemark,91.67,11,1,-8,-1
1,Trey Mullinax,91.67,11,1,-11,E
1,Pat Perez,91.67,11,1,-8,E
1,Kyle Stanley,91.67,11,1,-9,E
1,Shawn Stefani,91.67,11,1,-5,E
1,Justin Thomas,91.67,11,1,-13,-1
9,Stewart Cink,83.33,10,2,-7,E
9,James Hahn,83.33,10,2,-7,E
9,Charles Howell III,83.33,10,2,-9,-2
9,Marc Leishman,83.33,10,2,-6,-2
9,Luke List,83.33,10,2,-9,E
9,Ben Martin,83.33,10,2,-4,E
9,J.T. Poston,83.33,10,2,-5,-1
9,Justin Rose,83.33,10,2,-8,E
9,Ollie Schniederjans,83.33,10,2,-6,E
9,Webb Simpson,83.33,10,2,-8,E
9,Jordan Spieth,83.33,10,2,-9,-1
9,Hudson Swafford,83.33,10,2,-8,-1
9,Richy Werenski,83.33,10,2,-7,E
9,Tim Wilkinson,83.33,10,2,-10,E
9,Gary Woodland,83.33,10,2,-8,E
24,Daniel Berger,75.00,9,3,-8,-1
24,Ryan Brehm,75.00,9,3,-5,E
24,Andres Gonzales,75.00,9,3,-7,+1
24,Bill Haas,75.00,9,3,-8,-1
24,Jim Herman,75.00,9,3,-6,-3
24,Mackenzie Hughes,75.00,9,3,-6,E
24,Russell Knox,75.00,9,3,-7,E
24,Satoshi Kodaira,75.00,9,3,-6,-1
24,David Lingmerth,75.00,9,3,-9,E
24,Sean O'Hair,75.00,9,3,-6,E
24,Rod Pampling,75.00,9,3,-7,-2
24,Seamus Power,75.00,9,3,-7,E
24,Jared Sawada,75.00,9,3,-6,-3
24,Robert Streb,75.00,9,3,-6,-1
38,Jason Bohn,66.67,8,4,-9,-2
38,Scott Brown,66.67,8,4,-5,-2
38,Bryson DeChambeau,66.67,8,4,-7,E
38,Gonzalo Fernandez-Castaño,66.67,8,4,-6,+3
38,Brian Gay,66.67,8,4,-6,-1
38,Fabián Gómez,66.67,8,4,-8,-1
38,Branden Grace,66.67,8,4,-7,-1
38,Brian Harman,66.67,8,4,-5,-1
38,Russell Henley,66.67,8,4,-6,-1
38,Zach Johnson,66.67,8,4,-7,-1
38,Michael Kim,66.67,8,4,-7,-3
38,Kelly Kraft,66.67,8,4,-4,-1
38,Hideki Matsuyama,66.67,8,4,-8,+1
38,William McGirt,66.67,8,4,-6,-1
38,Bryce Molder,66.67,8,4,-5,+1
38,Kevin Na,66.67,8,4,-6,E
38,Henrik Norlander,66.67,8,4,-7,+1
38,Chez Reavie,66.67,8,4,-6,-2
38,Rory Sabbatini,66.67,8,4,-8,E
38,Vijay Singh,66.67,8,4,-5,-1
38,Daniel Summerhays,66.67,8,4,-7,-2
38,Miguel Tabuena,66.67,8,4,-7,E
38,Hideto Tanihara,66.67,8,4,-7,-2
38,Vaughn Taylor,66.67,8,4,-4,-1
38,Michael Thompson,66.67,8,4,-8,-2
38,Y.E. Yang,66.67,8,4,-7,-1
64,John Huh,58.33,7,5,-6,-2
64,Billy Hurley III,58.33,7,5,-5,-2
64,Peter Malnati,58.33,7,5,-6,E
67,Zac Blair,50.00,6,6,-3,+1
67,Jon Curran,50.00,6,6,-5,-1
67,Ken Duke,50.00,6,6,-3,-3
67,Billy Horschel,50.00,6,6,-3,-2
67,Scott Piercy,50.00,6,6,-3,-2
67,Cameron Smith,50.00,6,6,-4,-4
67,Brian Stuard,50.00,6,6,-6,-2
