rank,player,%,# of Birdie or Better,Attempts,RTP-Successes,RTP-Not going for the grn
1,Hideki Matsuyama,100.00,8,8,-8,+1.00
1,Trey Mullinax,100.00,11,11,-11,E
1,Brian Stuard,100.00,6,6,-6,-2.00
1,Tim Wilkinson,100.00,10,10,-10,E
5,Justin Thomas,90.91,10,11,-13,-1.00
6,Charles Howell III,90.00,9,10,-9,-2.00
6,Jordan Spieth,90.00,9,10,-9,-1.00
8,Jason Bohn,87.50,7,8,-9,-2.00
8,Fabián Gómez,87.50,7,8,-8,-1.00
8,Henrik Norlander,87.50,7,8,-7,+1.00
8,Miguel Tabuena,87.50,7,8,-7,E
8,Hideto Tanihara,87.50,7,8,-7,-2.00
13,John Huh,85.71,6,7,-6,-2.00
14,Jon Curran,83.33,5,6,-5,-1.00
14,Tony Finau,83.33,10,12,-12,E
16,Kevin Kisner,81.82,9,11,-10,E
17,Luke List,80.00,8,10,-9,E
17,Justin Rose,80.00,8,10,-8,E
17,Webb Simpson,80.00,8,10,-8,E
17,Hudson Swafford,80.00,8,10,-8,-1.00
17,Gary Woodland,80.00,8,10,-8,E
22,Daniel Berger,77.78,7,9,-8,-1.00
22,Bill Haas,77.78,7,9,-8,-1.00
22,David Lingmerth,77.78,7,9,-9,E
22,Rod Pampling,77.78,7,9,-7,-2.00
26,Bryson DeChambeau,75.00,6,8,-7,E
26,Gonzalo Fernandez-Castaño,75.00,6,8,-6,+3.00
26,Branden Grace,75.00,6,8,-7,-1.00
26,Russell Henley,75.00,6,8,-6,-1.00
26,Zach Johnson,75.00,6,8,-7,-1.00
26,Michael Kim,75.00,6,8,-7,-3.00
26,William McGirt,75.00,6,8,-6,-1.00
26,Kevin Na,75.00,6,8,-6,E
26,Chez Reavie,75.00,6,8,-6,-2.00
26,Rory Sabbatini,75.00,6,8,-8,E
26,Daniel Summerhays,75.00,6,8,-7,-2.00
26,Michael Thompson,75.00,6,8,-9,-2.00
26,Y.E. Yang,75.00,6,8,-7,-1.00
39,Pat Perez,72.73,8,11,-8,E
39,Kyle Stanley,72.73,8,11,-9,E
41,Peter Malnati,71.43,5,7,-6,E
42,James Hahn,70.00,7,10,-7,E
42,Richy Werenski,70.00,7,10,-7,E
44,Mackenzie Hughes,66.67,6,9,-6,E
44,Russell Knox,66.67,6,9,-7,E
44,Satoshi Kodaira,66.67,6,9,-6,-1.00
44,Sean O'Hair,66.67,6,9,-6,E
44,Scott Piercy,66.67,4,6,-4,-2.00
44,Jared Sawada,66.67,6,9,-6,-3.00
44,Cameron Smith,66.67,4,6,-4,-4.00
44,Robert Streb,66.67,6,9,-6,-1.00
52,Ollie Schniederjans,63.64,7,11,-7,E
53,Scott Brown,62.50,5,8,-5,-2.00
53,Brian Gay,62.50,5,8,-6,-1.00
53,Brian Harman,62.50,5,8,-5,-1.00
53,Bryce Molder,62.50,5,8,-5,+1.00
53,Vijay Singh,62.50,5,8,-6,-1.00
58,Ryan Brehm,60.00,6,10,-6,E
58,Seamus Power,60.00,6,10,-7,E
60,Billy Hurley III,57.14,4,7,-5,-2.00
61,Andres Gonzales,55.56,5,9,-7,+1.00
61,Jim Herman,55.56,5,9,-6,-3.00
63,Stewart Cink,54.55,6,11,-7,E
63,Jamie Lovemark,54.55,6,11,-8,-1.00
65,Zac Blair,50.00,3,6,-3,+1.00
65,Ken Duke,50.00,3,6,-3,-3.00
65,Billy Horschel,50.00,3,6,-3,-2.00
65,Kelly Kraft,50.00,4,8,-4,-1.00
65,Marc Leishman,50.00,5,10,-6,-2.00
65,Ben Martin,50.00,5,10,-5,E
65,J.T. Poston,50.00,5,10,-5,-1.00
65,Vaughn Taylor,50.00,4,8,-4,-1.00
73,Shawn Stefani,45.45,5,11,-5,E
