rank,player,Avg,Total Dist after GFG Shot,Total GFG Shots
1,Daniel Berger,14.1,"4,558.000",9
2,Luke List,14.7,"5,297.000",10
3,Michael Kim,15.1,"4,337.000",8
4,Scott Piercy,15.4,"3,326.000",6
5,Justin Thomas,16.2,"6,427.000",11
6,Justin Rose,16.6,"5,958.000",10
7,Chez Reavie,16.7,"4,819.000",8
8,Jason Bohn,16.8,"4,836.000",8
8,Brian Gay,16.8,"4,841.000",8
10,Andres Gonzales,17.0,"5,513.000",9
10,Brian Stuard,17.0,"3,680.000",6
12,Ollie Schniederjans,18.0,"7,123.000",11
13,Gonzalo Fernandez-Castaño,18.2,"5,245.000",8
14,Rory Sabbatini,18.3,"5,279.000",8
15,Billy Hurley III,18.7,"4,700.000",7
15,Michael Thompson,18.7,"5,374.000",8
17,Branden Grace,18.8,"5,401.000",8
18,Jordan Spieth,18.9,"6,816.000",10
19,Cameron Smith,19.0,"4,102.000",6
19,Daniel Summerhays,19.0,"5,463.000",8
21,Hideki Matsuyama,19.1,"5,487.000",8
22,William McGirt,19.5,"5,603.000",8
23,Peter Malnati,19.8,"4,983.000",7
24,Hideto Tanihara,20.0,"5,764.000",8
25,Tony Finau,20.1,"8,666.000",12
26,Bryce Molder,20.3,"5,842.000",8
26,Trey Mullinax,20.3,"8,034.000",11
28,Satoshi Kodaira,20.7,"6,721.000",9
28,Jared Sawada,20.7,"6,702.000",9
30,Bryson DeChambeau,20.8,"6,002.000",8
30,Rod Pampling,20.8,"6,748.000",9
32,Jamie Lovemark,20.9,"8,262.000",11
32,Richy Werenski,20.9,"7,533.000",10
34,Marc Leishman,21.0,"7,542.000",10
35,Gary Woodland,21.1,"7,612.000",10
36,Brian Harman,21.3,"6,126.000",8
36,Mackenzie Hughes,21.3,"6,909.000",9
36,Zach Johnson,21.3,"6,129.000",8
39,Henrik Norlander,21.4,"6,164.000",8
40,Miguel Tabuena,21.5,"6,186.000",8
41,Scott Brown,21.6,"6,210.000",8
42,Charles Howell III,21.7,"7,809.000",10
42,Seamus Power,21.7,"7,796.000",10
44,John Huh,21.8,"5,500.000",7
45,Robert Streb,22.0,"7,143.000",9
45,Hudson Swafford,22.0,"7,916.000",10
47,Russell Henley,22.2,"6,391.000",8
48,Kevin Kisner,22.3,"8,822.000",11
49,Ryan Brehm,22.4,"8,058.000",10
49,J.T. Poston,22.4,"8,054.000",10
51,Sean O'Hair,22.5,"7,285.000",9
52,Y.E. Yang,22.6,"6,503.000",8
53,Zac Blair,22.8,"4,927.000",6
53,Ken Duke,22.8,"4,924.000",6
55,Kyle Stanley,23.3,"9,245.000",11
56,Ben Martin,23.5,"8,477.000",10
57,Jim Herman,23.8,"7,720.000",9
57,Kevin Na,23.8,"6,848.000",8
59,Tim Wilkinson,24.2,"8,711.000",10
60,Shawn Stefani,24.3,"9,623.000",11
61,Fabián Gómez,24.4,"7,034.000",8
62,Russell Knox,24.5,"7,931.000",9
63,David Lingmerth,24.6,"7,971.000",9
64,Pat Perez,24.8,"9,839.000",11
65,Billy Horschel,25.2,"5,436.000",6
66,Jon Curran,25.7,"5,552.000",6
67,Vijay Singh,26.1,"7,515.000",8
68,Kelly Kraft,26.4,"7,596.000",8
69,Stewart Cink,26.7,"10,588.000",11
70,James Hahn,27.2,"9,801.000",10
71,Webb Simpson,27.4,"9,877.000",10
72,Bill Haas,27.6,"8,957.000",9
73,Vaughn Taylor,27.7,"7,981.000",8
