rank,player,%,Attempts
1,Stewart Cink,100.00,8
1,Brian Gay,100.00,8
1,James Hahn,100.00,8
1,Michael Kim,100.00,8
1,Kevin Kisner,100.00,8
1,Satoshi Kodaira,100.00,8
1,Marc Leishman,100.00,8
1,Jamie Lovemark,100.00,8
1,Ben Martin,100.00,8
1,William McGirt,100.00,8
1,Richy Werenski,100.00,8
1,Tim Wilkinson,100.00,8
13,Daniel Berger,87.50,7
13,Jason Bohn,87.50,7
13,Ryan Brehm,87.50,7
13,Bryson DeChambeau,87.50,7
13,Tony Finau,87.50,7
13,Andres Gonzales,87.50,7
13,Brian Harman,87.50,7
13,Russell Henley,87.50,7
13,Charles Howell III,87.50,7
13,Zach Johnson,87.50,7
13,David Lingmerth,87.50,7
13,Bryce Molder,87.50,7
13,Trey Mullinax,87.50,7
13,Kevin Na,87.50,7
13,Sean O'Hair,87.50,7
13,Rod Pampling,87.50,7
13,Pat Perez,87.50,7
13,J.T. Poston,87.50,7
13,Seamus Power,87.50,7
13,Chez Reavie,87.50,7
13,Justin Rose,87.50,7
13,Jared Sawada,87.50,7
13,Ollie Schniederjans,87.50,7
13,Webb Simpson,87.50,7
13,Jordan Spieth,87.50,7
13,Kyle Stanley,87.50,7
13,Shawn Stefani,87.50,7
13,Robert Streb,87.50,7
13,Daniel Summerhays,87.50,7
13,Hideto Tanihara,87.50,7
13,Vaughn Taylor,87.50,7
13,Justin Thomas,87.50,7
45,Zac Blair,75.00,6
45,Scott Brown,75.00,6
45,Jon Curran,75.00,6
45,Ken Duke,75.00,6
45,Gonzalo Fernandez-Castaño,75.00,6
45,Fabián Gómez,75.00,6
45,Bill Haas,75.00,6
45,Jim Herman,75.00,6
45,Mackenzie Hughes,75.00,6
45,John Huh,75.00,6
45,Billy Hurley III,75.00,6
45,Russell Knox,75.00,6
45,Luke List,75.00,6
45,Peter Malnati,75.00,6
45,Hideki Matsuyama,75.00,6
45,Henrik Norlander,75.00,6
45,Rory Sabbatini,75.00,6
45,Vijay Singh,75.00,6
45,Hudson Swafford,75.00,6
45,Miguel Tabuena,75.00,6
45,Michael Thompson,75.00,6
45,Gary Woodland,75.00,6
45,Y.E. Yang,75.00,6
68,Branden Grace,62.50,5
68,Billy Horschel,62.50,5
68,Kelly Kraft,62.50,5
68,Scott Piercy,62.50,5
68,Cameron Smith,62.50,5
68,Brian Stuard,62.50,5
