rank,player,%,Successes,Attempts,RTP-Successes,RTP-Not going for the grn
1,Jared Sawada,77.78,7,9,-5,-3.00
2,Justin Thomas,63.64,7,11,-9,-1.00
3,Michael Kim,62.50,5,8,-6,-3.00
4,Luke List,60.00,6,10,-7,E
5,Bryson DeChambeau,50.00,4,8,-5,E
5,Gonzalo Fernandez-Castaño,50.00,4,8,-4,+3.00
5,Tony Finau,50.00,6,12,-8,E
5,Hideki Matsuyama,50.00,4,8,-4,+1.00
5,William McGirt,50.00,4,8,-4,-1.00
5,Scott Piercy,50.00,3,6,-3,-2.00
5,Chez Reavie,50.00,4,8,-3,-2.00
5,Rory Sabbatini,50.00,4,8,-5,E
5,Cameron Smith,50.00,3,6,-2,-4.00
5,Brian Stuard,50.00,3,6,-3,-2.00
5,Hideto Tanihara,50.00,4,8,-4,-2.00
5,Michael Thompson,50.00,4,8,-7,-2.00
5,Gary Woodland,50.00,5,10,-5,E
18,Trey Mullinax,45.45,5,11,-5,E
18,Ollie Schniederjans,45.45,5,11,-5,E
20,Daniel Berger,44.44,4,9,-5,-1.00
20,Andres Gonzales,44.44,4,9,-6,+1.00
22,Billy Hurley III,42.86,3,7,-4,-2.00
22,Peter Malnati,42.86,3,7,-4,E
24,Charles Howell III,40.00,4,10,-4,-2.00
24,Hudson Swafford,40.00,4,10,-4,-1.00
26,Jason Bohn,37.50,3,8,-5,-2.00
26,Scott Brown,37.50,3,8,-3,-2.00
26,Brian Gay,37.50,3,8,-3,-1.00
26,Branden Grace,37.50,3,8,-4,-1.00
26,Zach Johnson,37.50,3,8,-3,-1.00
26,Kevin Na,37.50,3,8,-3,E
26,Henrik Norlander,37.50,3,8,-3,+1.00
26,Vijay Singh,37.50,3,8,-3,-1.00
26,Daniel Summerhays,37.50,3,8,-4,-2.00
26,Y.E. Yang,37.50,3,8,-4,-1.00
36,Kevin Kisner,36.36,4,11,-5,E
36,Kyle Stanley,36.36,4,11,-5,E
38,Jon Curran,33.33,2,6,-2,-1.00
38,Jim Herman,33.33,3,9,-4,-3.00
38,Mackenzie Hughes,33.33,3,9,-3,E
38,Sean O'Hair,33.33,3,9,-2,E
38,Rod Pampling,33.33,3,9,-2,-2.00
38,Robert Streb,33.33,3,9,-3,-1.00
44,Justin Rose,30.00,3,10,-3,E
44,Webb Simpson,30.00,3,10,-3,E
44,Jordan Spieth,30.00,3,10,-3,-1.00
44,Tim Wilkinson,30.00,3,10,-3,E
48,John Huh,28.57,2,7,-2,-2.00
49,Stewart Cink,27.27,3,11,-4,E
49,Jamie Lovemark,27.27,3,11,-5,-1.00
49,Shawn Stefani,27.27,3,11,-3,E
52,Fabián Gómez,25.00,2,8,-3,-1.00
52,Russell Henley,25.00,2,8,-2,-1.00
52,Kelly Kraft,25.00,2,8,-2,-1.00
52,Bryce Molder,25.00,2,8,-2,+1.00
56,Bill Haas,22.22,2,9,-2,-1.00
56,Russell Knox,22.22,2,9,-3,E
56,David Lingmerth,22.22,2,9,-3,E
59,Ryan Brehm,20.00,2,10,-2,E
59,Marc Leishman,20.00,2,10,-2,-2.00
59,J.T. Poston,20.00,2,10,-1,-1.00
59,Seamus Power,20.00,2,10,-2,E
63,Zac Blair,16.67,1,6,-1,+1.00
63,Billy Horschel,16.67,1,6,-1,-2.00
65,Brian Harman,12.50,1,8,-1,-1.00
65,Miguel Tabuena,12.50,1,8,-1,E
65,Vaughn Taylor,12.50,1,8,-1,-1.00
68,Satoshi Kodaira,11.11,1,9,-1,-1.00
69,James Hahn,10.00,1,10,-1,E
69,Ben Martin,10.00,1,10,-1,E
69,Richy Werenski,10.00,1,10,-1,E
72,Pat Perez,9.09,1,11,-1,E
73,Ken Duke,.00,0,6,E,-3.00
