rank,player,Avg,Distance (in inches),Attempts
1,Scott Piercy,218.7,"47,242.000",6
2,Bryson DeChambeau,221.1,"63,671.000",8
3,Brian Harman,222.9,"64,189.000",8
4,William McGirt,223.2,"64,270.000",8
5,Marc Leishman,224.8,"80,945.000",10
6,Russell Henley,226.0,"65,098.000",8
7,Brian Gay,226.6,"65,268.000",8
8,Billy Horschel,230.3,"49,740.000",6
9,Zac Blair,231.2,"49,933.000",6
10,Michael Kim,231.9,"66,784.000",8
11,Kevin Na,232.2,"66,867.000",8
12,Daniel Summerhays,232.3,"66,891.000",8
13,Ken Duke,238.6,"51,533.000",6
14,Zach Johnson,239.1,"68,860.000",8
15,Gonzalo Fernandez-Castaño,239.6,"69,014.000",8
16,Jon Curran,240.1,"51,858.000",6
17,Hideto Tanihara,240.5,"69,274.000",8
18,James Hahn,240.6,"86,630.000",10
19,John Huh,240.9,"60,695.000",7
20,Sean O'Hair,241.6,"78,263.000",9
21,Rory Sabbatini,242.6,"69,861.000",8
22,Bryce Molder,242.8,"69,931.000",8
23,Jason Bohn,242.9,"69,958.000",8
24,Trey Mullinax,243.1,"96,255.000",11
25,Satoshi Kodaira,243.2,"78,800.000",9
26,Hideki Matsuyama,243.6,"70,153.000",8
27,Cameron Smith,244.5,"52,805.000",6
27,Justin Thomas,244.5,"96,812.000",11
29,Scott Brown,245.4,"70,679.000",8
30,Billy Hurley III,246.1,"62,010.000",7
31,David Lingmerth,246.5,"79,878.000",9
32,Vijay Singh,246.7,"71,047.000",8
33,Jamie Lovemark,247.0,"97,819.000",11
34,Chez Reavie,247.1,"71,176.000",8
35,Ben Martin,247.4,"89,059.000",10
35,Richy Werenski,247.4,"89,072.000",10
37,Vaughn Taylor,247.6,"71,298.000",8
38,Justin Rose,248.3,"89,390.000",10
39,Robert Streb,248.4,"80,489.000",9
40,Pat Perez,249.1,"98,655.000",11
41,Daniel Berger,249.4,"80,812.000",9
42,Rod Pampling,250.2,"81,056.000",9
42,Brian Stuard,250.2,"54,053.000",6
44,Kevin Kisner,250.6,"99,236.000",11
45,Charles Howell III,250.9,"90,335.000",10
46,Tim Wilkinson,252.7,"90,980.000",10
47,Fabián Gómez,253.3,"72,963.000",8
47,Peter Malnati,253.3,"63,829.000",7
47,Ollie Schniederjans,253.3,"100,326.000",11
50,Henrik Norlander,253.7,"73,073.000",8
51,Luke List,254.5,"91,614.000",10
52,Jordan Spieth,255.6,"92,033.000",10
53,Hudson Swafford,255.8,"92,100.000",10
54,Y.E. Yang,256.9,"73,985.000",8
55,Jared Sawada,257.3,"83,369.000",9
56,Andres Gonzales,257.5,"83,446.000",9
57,J.T. Poston,257.7,"92,783.000",10
58,Russell Knox,258.5,"83,770.000",9
59,Gary Woodland,259.8,"93,538.000",10
60,Michael Thompson,260.1,"74,915.000",8
61,Kyle Stanley,263.6,"104,394.000",11
62,Ryan Brehm,264.0,"95,023.000",10
63,Webb Simpson,264.1,"95,072.000",10
64,Jim Herman,265.1,"85,897.000",9
65,Shawn Stefani,265.2,"105,031.000",11
66,Stewart Cink,266.4,"105,477.000",11
67,Kelly Kraft,267.1,"76,925.000",8
68,Bill Haas,268.7,"87,070.000",9
69,Mackenzie Hughes,269.0,"87,172.000",9
70,Seamus Power,270.6,"97,428.000",10
71,Branden Grace,271.0,"78,045.000",8
72,Tony Finau,271.2,"117,158.000",12
73,Miguel Tabuena,276.5,"79,626.000",8
