rank,player,Avg,Total Distance (feet),# of Attempts,Relative to par
1,Ben Crane,"12' 6""",12.500,1,E
2,Arron Oberholser,"17' 5""",17.417,1,E
3,Steve Flesch,"24' 9""",24.750,1,E
4,Craig Stadler,"44' 0""",87.917,2,-1
5,Bob Estes,"45' 3""",90.417,2,E
6,Daniel Chopra,"46' 9""",46.750,1,E
7,Jonathan Byrd,"48' 10""",48.833,1,E
8,Duffy Waldorf,"51' 4""",51.333,1,E
9,Omar Uresti,"52' 8""",105.250,2,-1
10,Brian Gay,"54' 3""",108.500,2,E
11,Jonathan Kaye,"54' 4""",54.333,1,E
12,Rob Rashell,"55' 0""",109.917,2,-1
13,Retief Goosen,"65' 11""",65.917,1,-1
14,Franklin Langham,"66' 5""",66.417,1,-1
15,David Toms,"66' 7""",66.583,1,-1
16,Ryan Palmer,"67' 2""",67.167,1,-1
17,Rich Beem,"68' 0""",68.000,1,E
18,Chris Riley,"69' 6""",208.583,3,-2
19,Tom Byrum,"74' 6""",148.917,2,E
20,Brent Geiberger,"75' 3""",75.250,1,+1
21,Stewart Cink,"78' 11""",157.833,2,-1
22,Nick Watney,"83' 2""",83.167,1,E
23,Shigeki Maruyama,"83' 6""",83.500,1,E
24,Briny Baird,"84' 0""",84.000,1,+1
25,Steve Jones,"84' 2""",84.167,1,-1
26,Todd Hamilton,"87' 3""",87.250,1,-1
27,Jason Allred,"87' 10""",175.583,2,-1
28,Rory Sabbatini,"88' 9""",266.250,3,+2
29,Tom Pernice Jr.,"89' 4""",89.333,1,E
30,Jim Furyk,"92' 0""",92.000,1,E
31,Craig Parry,"92' 8""",92.667,1,-1
32,Sean Murphy,"94' 0""",187.917,2,-1
33,Charles Howell III,"100' 10""",100.833,1,+1
34,Tom Kite,"102' 3""",204.500,2,-1
35,Jeff Sluman,"103' 7""",103.583,1,-1
36,Dick Mast,"106' 10""",106.833,1,+1
37,Brett Quigley,"144' 7""",144.583,1,E
38,Zach Johnson,"150' 0""",150.000,1,+1
