rank,player,Avg,Total Distance (feet),# of Attempts,Relative to par
1,Jonathan Byrd,"3' 0""",3.000,1,-1
2,Greg Owen,"3' 2""",3.167,1,-1
3,Tim Herron,"3' 8""",3.667,1,-1
4,Tom Lehman,"4' 5""",4.417,1,-1
5,Pat Perez,"4' 10""",4.833,1,+1
6,Sean O'Hair,"8' 3""",8.250,1,+1
7,Chris Riley,"8' 4""",8.333,1,E
8,Luke Donald,"8' 7""",34.167,4,-2
9,Billy Mayfair,"9' 9""",9.750,1,E
10,Tommy Armour III,"9' 11""",19.833,2,+1
11,Daniel Chopra,"10' 6""",10.500,1,E
12,Shigeki Maruyama,"10' 10""",10.833,1,E
12,Heath Slocum,"10' 10""",43.333,4,-2
14,Andrew Magee,"11' 2""",22.250,2,-1
15,Nick Watney,"11' 10""",11.833,1,E
16,Tom Pernice Jr.,"12' 5""",12.417,1,E
17,Tom Kite,"13' 5""",66.917,5,+3
17,Omar Uresti,"13' 5""",13.417,1,E
19,Jason Bohn,"13' 11""",41.750,3,+1
20,Ryuji Imada,"14' 3""",14.250,1,E
21,D.J. Trahan,"14' 8""",29.250,2,+1
22,Bart Bryant,"15' 1""",60.167,4,+1
23,Brian Gay,"15' 7""",46.750,3,E
23,Craig Stadler,"15' 7""",46.833,3,-2
25,D.A. Points,"15' 10""",15.833,1,E
26,Woody Austin,"16' 3""",48.750,3,+1
27,Stewart Cink,"16' 10""",16.833,1,E
27,Jesper Parnevik,"16' 10""",50.500,3,E
29,Rory Sabbatini,"17' 0""",17.000,1,+2
30,Jim Furyk,"17' 11""",17.917,1,+1
31,Jeff Sluman,"18' 1""",36.167,2,E
32,John Riegger,"18' 7""",74.250,4,E
33,Chad Campbell,"18' 8""",37.333,2,+1
34,Charles Howell III,"19' 4""",58.000,3,-1
35,Peter Jacobsen,"19' 5""",38.833,2,E
36,Franklin Langham,"19' 7""",98.000,5,+4
37,Ernie Els,"20' 4""",40.667,2,E
38,D.J. Brigman,"21' 0""",21.000,1,E
39,Arron Oberholser,"22' 2""",44.333,2,-1
40,Rich Beem,"22' 4""",22.333,1,E
40,Shaun Micheel,"22' 4""",89.333,4,-1
42,Ryan Palmer,"22' 7""",22.583,1,+1
43,Charles Warren,"22' 9""",22.750,1,+1
44,John Cook,"23' 3""",93.000,4,+1
45,Paul Azinger,"23' 5""",46.833,2,+1
46,Dick Mast,"23' 11""",71.750,3,+3
47,Duffy Waldorf,"25' 8""",51.250,2,+1
48,Dean Wilson,"26' 6""",26.500,1,+1
49,Sean Murphy,"27' 9""",27.750,1,-1
50,Brent Geiberger,"30' 11""",92.667,3,E
51,Greg Meyer,"32' 9""",32.750,1,E
52,Steve Flesch,"34' 9""",69.500,2,+1
53,Justin Rose,"35' 9""",107.167,3,E
53,Adam Scott,"35' 9""",35.750,1,+1
55,Zach Johnson,"36' 7""",109.667,3,E
56,Jonathan Kaye,"38' 11""",38.917,1,E
57,Rob Rashell,"40' 1""",40.083,1,E
58,Ben Crane,"41' 7""",83.083,2,-1
59,David Toms,"44' 4""",44.333,1,+1
60,Jason Allred,"46' 8""",139.917,3,E
61,Vijay Singh,"49' 1""",49.083,1,+1
62,Larry Mize,"51' 3""",51.250,1,E
63,Todd Hamilton,"55' 0""",55.000,1,+1
