rank,player,Avg,Total Distance (feet),# of Attempts,Relative to par
1,Stewart Cink,"8' 11""",8.917,1,E
2,Franklin Langham,"12' 3""",24.500,2,-2
3,Steve Jones,"12' 7""",25.167,2,E
4,Charles Warren,"12' 9""",25.417,2,E
5,Sean Murphy,"13' 1""",26.167,2,+1
6,Shaun Micheel,"14' 3""",14.250,1,E
7,Ryuji Imada,"14' 6""",14.500,1,E
8,Jonathan Byrd,"14' 7""",29.083,2,E
9,Dean Wilson,"17' 10""",17.833,1,+1
10,Paul Azinger,"18' 1""",18.083,1,-1
11,Craig Stadler,"18' 5""",18.417,1,E
12,Tim Herron,"18' 7""",37.167,2,-1
13,Andrew Magee,"24' 7""",24.583,1,E
13,Greg Meyer,"24' 7""",49.083,2,-1
15,Ryan Palmer,"26' 5""",26.417,1,-1
16,Steve Flesch,"27' 3""",27.250,1,E
16,Heath Slocum,"27' 3""",54.500,2,E
18,Tommy Armour III,"27' 6""",27.500,1,E
19,Tom Lehman,"30' 4""",30.333,1,E
20,D.A. Points,"30' 8""",30.667,1,E
21,Todd Hamilton,"30' 11""",123.500,4,+1
22,John Riegger,"31' 0""",31.000,1,+1
23,Brett Quigley,"32' 1""",32.083,1,E
24,Craig Parry,"33' 9""",101.333,3,-2
25,Retief Goosen,"35' 0""",69.917,2,E
26,Joe Durant,"35' 6""",35.500,1,E
27,Dick Mast,"36' 8""",109.917,3,+2
28,Bob Estes,"37' 2""",37.167,1,+1
29,Nick Watney,"37' 4""",74.583,2,+1
30,Zach Johnson,"39' 5""",39.417,1,+3
31,Tom Pernice Jr.,"39' 6""",39.500,1,E
32,D.J. Trahan,"41' 10""",41.833,1,E
33,Jonathan Kaye,"44' 7""",44.583,1,E
34,Sean O'Hair,"44' 8""",134.083,3,+1
35,Tom Kite,"48' 1""",144.167,3,+1
36,Hank Kuehne,"49' 6""",49.500,1,E
37,Arron Oberholser,"57' 10""",57.833,1,+1
38,Jesper Parnevik,"67' 8""",67.667,1,E
39,Adam Scott,"75' 0""",75.000,1,+1
40,Peter Jacobsen,"86' 10""",86.833,1,+1
