rank,player,Avg,Total Distance (feet),# of Attempts,Relative to par
1,Tom Kite,"4' 9""",4.750,1,E
2,Ryuji Imada,"5' 11""",5.917,1,E
3,Jason Bohn,"6' 6""",6.500,1,+1
4,Rich Beem,"6' 10""",6.833,1,E
5,Duffy Waldorf,"9' 4""",9.333,1,E
6,Dick Mast,"9' 10""",9.833,1,-1
7,John Riegger,"11' 3""",11.250,1,+1
8,Justin Rose,"12' 0""",12.000,1,E
9,Jim Furyk,"12' 4""",12.333,1,E
10,Zach Johnson,"12' 7""",12.583,1,E
11,Stewart Cink,"13' 0""",13.000,1,E
12,Briny Baird,"13' 9""",13.750,1,E
13,Luke Donald,"14' 0""",14.000,1,E
13,Brent Geiberger,"14' 0""",14.000,1,E
15,D.A. Points,"15' 4""",15.333,1,E
16,Vijay Singh,"15' 7""",31.083,2,-1
16,Heath Slocum,"15' 7""",15.583,1,-1
18,Tom Pernice Jr.,"17' 6""",35.000,2,+1
19,Charles Howell III,"18' 4""",18.333,1,E
20,Tom Byrum,"18' 8""",18.667,1,+1
21,Tim Herron,"19' 0""",38.000,2,+2
22,Retief Goosen,"20' 0""",39.917,2,E
23,Nick Watney,"20' 7""",20.583,1,E
24,Craig Stadler,"21' 1""",21.083,1,E
25,Dean Wilson,"21' 8""",43.250,2,+2
26,Steve Flesch,"22' 0""",22.000,1,E
27,Larry Mize,"22' 11""",45.750,2,E
28,Jonathan Byrd,"23' 5""",23.417,1,+1
29,Woody Austin,"23' 6""",46.917,2,E
30,Loren Roberts,"24' 8""",74.000,3,E
31,Robert Gamez,"27' 0""",53.917,2,-1
32,John Cook,"28' 6""",56.917,2,E
33,Rory Sabbatini,"29' 2""",116.750,4,E
34,Paul Azinger,"30' 5""",60.833,2,+1
35,Rob Rashell,"31' 1""",62.167,2,E
36,Ernie Els,"31' 8""",63.250,2,+1
37,Chad Campbell,"33' 9""",33.750,1,+1
38,Charles Warren,"34' 10""",34.833,1,+2
39,Paul Gow,"38' 9""",116.250,3,+1
40,Sean Murphy,"39' 3""",39.250,1,E
41,Jonathan Kaye,"40' 3""",80.417,2,+1
42,Adam Scott,"40' 5""",80.750,2,+1
43,Greg Meyer,"43' 5""",43.417,1,E
44,Sean O'Hair,"56' 11""",56.917,1,E
45,Omar Uresti,"57' 5""",114.833,2,E
46,Ben Crane,"61' 6""",61.500,1,+1
47,D.J. Brigman,"115' 1""",115.083,1,+1
