rank,player,Avg (Yards),Total Distance (inches),Number of Approach Shots
1,John Senden,139.7,"40,231,000",8
2,Tim Clark,139.9,"50,366,000",10
3,Jimmy Walker,142.4,"10,250,000",2
4,Jason Day,144.1,"20,747,000",4
5,Ryan Moore,151.1,"32,648,000",6
6,Camilo Villegas,154.3,"44,424,000",8
7,Ángel Cabrera,155.5,"55,963,000",10
8,Billy Horschel,155.9,"33,683,000",6
9,S.Y. Noh,156.0,"44,930,000",8
10,Ben Martin,160.6,"40,481,000",7
11,Bubba Watson,160.8,"40,530,000",7
12,Steven Bowditch,161.2,"46,425,000",8
13,Ben Crane,163.7,"64,812,000",11
14,Hunter Mahan,173.5,"24,987,000",4
15,Kevin Streelman,175.3,"50,491,000",8
16,Zach Johnson,176.7,"38,175,000",6
17,Matt Jones,176.9,"50,944,000",8
18,Brendon Todd,177.4,"25,547,000",4
19,Robert Streb,178.6,"19,284,000",3
20,Hideki Matsuyama,181.0,"19,546,000",3
21,Sangmoon Bae,181.7,"32,707,000",5
21,Matt Every,181.7,"58,870,000",9
21,Chris Kirk,181.7,"52,322,000",8
24,J.B. Holmes,186.8,"80,682,000",12
25,Scott Stallings,187.1,"74,076,000",11
26,Nick Taylor,189.3,"68,132,000",10
27,Chesson Hadley,190.0,"61,566,000",9
28,Brian Harman,191.8,"48,342,000",7
29,Geoff Ogilvy,192.7,"55,485,000",8
30,Patrick Reed,203.8,"22,012,000",3
31,Matt Kuchar,208.2,"37,471,000",5
32,Charley Hoffman,220.6,"39,708,000",5
33,Russell Henley,227.7,"40,991,000",5
