rank,player,Avg (Yards),Total Distance (inches),Number of Approach Shots
1,Ben Crane,149.2,"236,257,000",44
2,Russell Henley,155.9,"235,775,000",42
3,S.Y. Noh,157.0,"231,664,000",41
4,Brendon Todd,157.1,"265,735,000",47
5,Robert Streb,157.4,"272,018,000",48
6,Geoff Ogilvy,157.7,"232,823,000",41
6,Nick Taylor,157.7,"261,201,000",46
8,John Senden,158.6,"251,146,000",44
9,Jason Day,160.0,"247,732,000",43
10,Ryan Moore,161.3,"278,690,000",48
11,Matt Kuchar,161.8,"279,661,000",48
12,Chesson Hadley,162.0,"256,552,000",44
13,Sangmoon Bae,162.4,"257,300,000",44
14,Jimmy Walker,163.2,"276,138,000",47
15,Camilo Villegas,163.9,"295,088,000",50
16,Zach Johnson,164.1,"248,114,000",42
17,Tim Clark,164.9,"255,190,000",43
18,Hideki Matsuyama,165.7,"274,347,000",46
19,Patrick Reed,166.4,"275,506,000",46
20,Hunter Mahan,166.5,"311,781,000",52
21,Kevin Streelman,168.4,"278,830,000",46
22,Chris Kirk,168.8,"236,987,000",39
23,Brian Harman,169.3,"268,135,000",44
24,Charley Hoffman,169.9,"281,280,000",46
25,Matt Jones,171.4,"259,146,000",42
26,Steven Bowditch,172.3,"279,183,000",45
27,Ben Martin,174.2,"275,971,000",44
28,Bubba Watson,175.9,"272,249,000",43
29,Scott Stallings,180.2,"239,978,000",37
30,Ángel Cabrera,180.7,"292,750,000",45
31,Matt Every,185.2,"286,697,000",43
32,J.B. Holmes,186.9,"295,978,000",44
33,Billy Horschel,187.3,"337,122,000",50
