rank,player,Avg (Yards),Total Distance (inches),Number of Approach Shots
1,Ben Crane,137.1,"83,929,000",17
2,Tim Clark,143.4,"98,093,000",19
3,Brendon Todd,160.8,"121,568,000",21
4,Hideki Matsuyama,166.5,"137,869,000",23
5,Ryan Moore,167.5,"102,530,000",17
6,Camilo Villegas,170.6,"85,967,000",14
7,Matt Jones,174.1,"137,851,000",22
8,Kevin Streelman,176.1,"114,120,000",18
9,Russell Henley,176.2,"158,624,000",25
10,Brian Harman,183.4,"132,033,000",20
11,Chris Kirk,184.3,"165,853,000",25
12,Sangmoon Bae,186.0,"154,001,000",23
13,Steven Bowditch,191.5,"124,084,000",18
14,Geoff Ogilvy,192.1,"138,337,000",20
15,S.Y. Noh,192.2,"159,139,000",23
16,Bubba Watson,192.7,"152,649,000",22
17,Jimmy Walker,196.8,"162,912,000",23
18,Ben Martin,199.3,"150,670,000",21
19,Charley Hoffman,199.4,"143,597,000",20
20,Nick Taylor,199.6,"114,989,000",16
21,Scott Stallings,199.8,"172,593,000",24
22,Hunter Mahan,199.9,"115,131,000",16
23,Matt Every,201.0,"144,696,000",20
24,Chesson Hadley,205.6,"140,613,000",19
24,Patrick Reed,205.6,"170,239,000",23
26,Matt Kuchar,206.1,"133,530,000",18
27,Zach Johnson,206.7,"178,588,000",24
28,J.B. Holmes,210.9,"113,889,000",15
29,Robert Streb,211.9,"152,567,000",20
30,Ángel Cabrera,213.7,"130,792,000",17
31,Billy Horschel,216.6,"124,773,000",16
32,John Senden,219.2,"149,900,000",19
33,Jason Day,220.1,"198,102,000",25
