rank,player,%,Successes,Attempts,RTP-Successes,RTP-Not going for the grn
1,Bill Haas,57.14,8,14,-7,-4.00
2,James Hahn,50.00,5,10,-3,+2.00
2,Jordan Spieth,50.00,9,18,-9,-5.00
4,Zach Johnson,44.44,4,9,-5,+1.00
5,Dustin Johnson,42.86,9,21,-7,-3.00
6,Smylie Kaufman,40.00,8,20,-7,-3.00
7,Fabián Gómez,38.89,7,18,-5,-3.00
7,Brandt Snedeker,38.89,7,18,-6,-2.00
9,Rickie Fowler,38.10,8,21,-8,-1.00
9,Justin Thomas,38.10,8,21,-7,+2.00
11,David Lingmerth,37.50,6,16,-6,+2.00
12,J.B. Holmes,35.00,7,20,-4,E
13,Kevin Kisner,33.33,5,15,-5,-2.00
13,Danny Lee,33.33,6,18,-6,-2.00
15,Russell Knox,30.77,4,13,-4,+1.00
16,Jason Day,30.00,6,20,-7,E
17,Bubba Watson,29.17,7,24,-7,E
18,Peter Malnati,28.57,4,14,-3,-7.00
19,Emiliano Grillo,27.78,5,18,-4,-1.00
20,Padraig Harrington,26.32,5,19,-5,-3.00
20,Patrick Reed,26.32,5,19,-6,E
22,Scott Piercy,25.00,5,20,-5,-2.00
23,Troy Merritt,23.53,4,17,-4,-2.00
24,Alex Cejka,23.08,3,13,-2,-4.00
25,Steven Bowditch,21.43,3,14,-3,+1.00
26,Brooks Koepka,21.05,4,19,-5,+2.00
27,Davis Love III,18.75,3,16,-3,+1.00
27,Graeme McDowell,18.75,3,16,-3,-2.00
29,Jimmy Walker,15.79,3,19,-2,+1.00
30,Matt Every,12.50,2,16,-2,-3.00
31,Chris Kirk,11.76,2,17,-1,-2.00
32,J.J. Henry,.00,0,12,E,+1.00
