rank,player,%,Attempts,Non-Attempts,RTP-Going for the green,RTP-Not going for the grn
1,Bubba Watson,92.31,24,2,-13,E
2,Rickie Fowler,80.77,21,5,-18,-1
2,Justin Thomas,80.77,21,5,-13,+2
4,Jason Day,76.92,20,6,-14,E
4,Dustin Johnson,76.92,20,6,-14,-3
4,Smylie Kaufman,76.92,20,6,-14,-3
4,Scott Piercy,76.92,20,6,-9,-2
8,J.B. Holmes,73.08,19,7,-9,E
8,Brooks Koepka,73.08,19,7,-15,+2
8,Patrick Reed,73.08,19,7,-12,E
8,Jimmy Walker,73.08,19,7,-13,+1
12,Fabián Gómez,69.23,18,8,-11,-3
12,Emiliano Grillo,69.23,18,8,-10,-1
12,Padraig Harrington,69.23,18,8,-13,-3
12,Danny Lee,69.23,18,8,-15,-2
12,Brandt Snedeker,69.23,18,8,-11,-2
12,Jordan Spieth,69.23,18,8,-18,-5
18,Chris Kirk,65.38,17,9,-10,-2
18,Troy Merritt,65.38,17,9,-9,-2
20,Matt Every,61.54,16,10,-6,-3
20,David Lingmerth,61.54,16,10,-11,+2
20,Davis Love III,61.54,16,10,-9,+1
20,Graeme McDowell,61.54,16,10,-8,-2
24,Kevin Kisner,57.69,15,11,-8,-2
25,Steven Bowditch,53.85,14,12,-10,+1
25,Bill Haas,53.85,14,12,-8,-4
25,Peter Malnati,53.85,14,12,-9,-7
28,Alex Cejka,50.00,13,13,-7,-4
28,Russell Knox,50.00,13,13,-9,+1
30,J.J. Henry,46.15,12,14,-2,+1
31,James Hahn,38.46,10,16,-6,+2
32,Zach Johnson,34.62,9,17,-7,+1
