rank,player,Avg,Total Dist after GFG Shot,Total GFG Shots
1,Jordan Spieth,14.6,"9,456.000",18
2,Zach Johnson,18.4,"5,971.000",9
3,Dustin Johnson,19.5,"14,768.000",21
4,Kevin Kisner,20.1,"10,828.000",15
4,Danny Lee,20.1,"13,043.000",18
4,Bubba Watson,20.1,"17,338.000",24
7,James Hahn,20.2,"7,281.000",10
8,Bill Haas,21.2,"10,697.000",14
9,Rickie Fowler,21.3,"16,080.000",21
10,Fabián Gómez,21.5,"13,914.000",18
11,Justin Thomas,21.7,"16,440.000",21
12,Davis Love III,21.8,"12,552.000",16
13,Peter Malnati,22.7,"11,426.000",14
14,Emiliano Grillo,23.6,"15,298.000",18
14,Brandt Snedeker,23.6,"15,280.000",18
16,J.B. Holmes,23.8,"17,146.000",20
16,Patrick Reed,23.8,"16,301.000",19
18,Smylie Kaufman,24.0,"17,296.000",20
19,Steven Bowditch,24.7,"12,465.000",14
20,David Lingmerth,25.1,"14,479.000",16
21,Troy Merritt,25.2,"15,395.000",17
22,Jason Day,25.8,"18,590.000",20
23,Scott Piercy,26.2,"18,873.000",20
24,Russell Knox,26.4,"12,343.000",13
25,Padraig Harrington,26.5,"18,123.000",19
26,Alex Cejka,26.8,"12,519.000",13
27,Brooks Koepka,27.4,"18,771.000",19
28,Jimmy Walker,27.6,"18,902.000",19
29,Chris Kirk,29.3,"17,935.000",17
30,Graeme McDowell,31.2,"17,965.000",16
31,Matt Every,34.1,"19,651.000",16
32,J.J. Henry,37.6,"16,234.000",12
