rank,player,%,# of Birdie or Better,Attempts,RTP-Successes,RTP-Not going for the grn
1,Jordan Spieth,88.89,16,18,-18,-5.00
2,Rickie Fowler,80.95,17,21,-18,-1.00
3,Jason Day,75.00,15,20,-16,E
4,Brooks Koepka,73.68,14,19,-15,+2.00
5,Danny Lee,72.22,13,18,-15,-2.00
6,Steven Bowditch,71.43,10,14,-10,+1.00
7,Smylie Kaufman,70.00,14,20,-14,-3.00
8,Russell Knox,69.23,9,13,-9,+1.00
9,Davis Love III,68.75,11,16,-11,+1.00
10,Padraig Harrington,68.42,13,19,-14,-3.00
10,Jimmy Walker,68.42,13,19,-13,+1.00
12,Dustin Johnson,66.67,14,21,-14,-3.00
12,Zach Johnson,66.67,6,9,-7,+1.00
12,Brandt Snedeker,66.67,12,18,-12,-2.00
15,Chris Kirk,64.71,11,17,-11,-2.00
16,Peter Malnati,64.29,9,14,-9,-7.00
17,David Lingmerth,62.50,10,16,-11,+2.00
18,Justin Thomas,61.90,13,21,-14,+2.00
19,Fabián Gómez,61.11,11,18,-11,-3.00
19,Emiliano Grillo,61.11,11,18,-11,-1.00
21,James Hahn,60.00,6,10,-6,+2.00
22,Bubba Watson,58.33,14,24,-14,E
23,Patrick Reed,57.89,11,19,-12,E
24,Bill Haas,57.14,8,14,-8,-4.00
25,Scott Piercy,55.00,11,20,-11,-2.00
26,Alex Cejka,53.85,7,13,-7,-4.00
27,Troy Merritt,52.94,9,17,-10,-2.00
28,Graeme McDowell,50.00,8,16,-8,-2.00
29,Kevin Kisner,46.67,7,15,-8,-2.00
30,J.B. Holmes,45.00,9,20,-9,E
31,Matt Every,43.75,7,16,-7,-3.00
32,J.J. Henry,25.00,3,12,-3,+1.00
