rank,player,%,Attempts,Non-Attempts
1,Rickie Fowler,93.75,15,1
1,Scott Piercy,93.75,15,1
1,Bubba Watson,93.75,15,1
4,Padraig Harrington,87.50,14,2
4,Dustin Johnson,87.50,14,2
4,Brooks Koepka,87.50,14,2
4,Patrick Reed,87.50,14,2
4,Justin Thomas,87.50,14,2
9,Fabián Gómez,81.25,13,3
9,Smylie Kaufman,81.25,13,3
9,Chris Kirk,81.25,13,3
9,Danny Lee,81.25,13,3
9,Brandt Snedeker,81.25,13,3
9,Jordan Spieth,81.25,13,3
15,Jason Day,75.00,12,4
15,Matt Every,75.00,12,4
15,Emiliano Grillo,75.00,12,4
15,Bill Haas,75.00,12,4
15,Russell Knox,75.00,12,4
15,Davis Love III,75.00,12,4
15,Jimmy Walker,75.00,12,4
22,Steven Bowditch,68.75,11,5
22,J.B. Holmes,68.75,11,5
22,Kevin Kisner,68.75,11,5
22,David Lingmerth,68.75,11,5
22,Peter Malnati,68.75,11,5
22,Graeme McDowell,68.75,11,5
22,Troy Merritt,68.75,11,5
29,Alex Cejka,62.50,10,6
29,J.J. Henry,62.50,10,6
31,James Hahn,56.25,9,7
31,Zach Johnson,56.25,9,7
