rank,player,%,Successes,Attempts
1,Alex Cejka,100.00,4,4
1,Fabián Gómez,100.00,2,2
1,Smylie Kaufman,100.00,2,2
1,Chris Kirk,100.00,2,2
1,Russell Knox,100.00,2,2
1,Danny Lee,100.00,4,4
1,Scott Piercy,100.00,4,4
1,Patrick Reed,100.00,4,4
9,Steven Bowditch,87.50,7,8
10,Matt Every,85.71,6,7
11,David Lingmerth,83.33,5,6
11,Jimmy Walker,83.33,5,6
13,Jason Day,75.00,3,4
13,Emiliano Grillo,75.00,3,4
13,Bill Haas,75.00,3,4
13,Peter Malnati,75.00,3,4
13,Jordan Spieth,75.00,3,4
18,Rickie Fowler,66.67,2,3
18,Padraig Harrington,66.67,2,3
18,Zach Johnson,66.67,4,6
18,Kevin Kisner,66.67,4,6
18,Brandt Snedeker,66.67,2,3
23,J.J. Henry,60.00,3,5
23,Brooks Koepka,60.00,3,5
23,Graeme McDowell,60.00,3,5
26,Dustin Johnson,57.14,4,7
26,Justin Thomas,57.14,4,7
28,Troy Merritt,50.00,2,4
28,Bubba Watson,50.00,1,2
30,James Hahn,40.00,2,5
30,Davis Love III,40.00,2,5
