rank,player,%,Successes,Attempts
1,Alex Cejka,100.00,1,1
1,Matt Every,100.00,2,2
1,Smylie Kaufman,100.00,2,2
1,Russell Knox,100.00,1,1
1,David Lingmerth,100.00,1,1
1,Graeme McDowell,100.00,2,2
1,Bubba Watson,100.00,2,2
8,Bill Haas,80.00,4,5
8,Jordan Spieth,80.00,4,5
10,Fabián Gómez,75.00,3,4
10,Zach Johnson,75.00,3,4
10,Patrick Reed,75.00,3,4
13,Peter Malnati,66.67,4,6
13,Troy Merritt,66.67,2,3
15,J.J. Henry,60.00,3,5
16,James Hahn,55.56,5,9
17,Jason Day,50.00,2,4
17,Rickie Fowler,50.00,1,2
17,Dustin Johnson,50.00,3,6
17,Kevin Kisner,50.00,1,2
17,Brooks Koepka,50.00,1,2
17,Danny Lee,50.00,2,4
17,Davis Love III,50.00,1,2
17,Scott Piercy,50.00,3,6
17,Brandt Snedeker,50.00,1,2
17,Jimmy Walker,50.00,1,2
27,J.B. Holmes,40.00,2,5
28,Padraig Harrington,33.33,1,3
28,Chris Kirk,33.33,1,3
30,Emiliano Grillo,25.00,1,4
31,Steven Bowditch,.00,0,3
31,Justin Thomas,.00,0,2
