rank,player,%,Successes,Attempts
1,Matt Every,100.00,3,3
1,Fabián Gómez,100.00,2,2
1,Padraig Harrington,100.00,2,2
1,Smylie Kaufman,100.00,1,1
1,Chris Kirk,100.00,1,1
1,Russell Knox,100.00,1,1
1,David Lingmerth,100.00,2,2
1,Graeme McDowell,100.00,1,1
1,Brandt Snedeker,100.00,1,1
10,Zach Johnson,66.67,2,3
11,Davis Love III,50.00,1,2
11,Jimmy Walker,50.00,1,2
13,Emiliano Grillo,33.33,1,3
13,Dustin Johnson,33.33,1,3
13,Scott Piercy,33.33,1,3
13,Justin Thomas,33.33,1,3
13,Bubba Watson,33.33,1,3
18,Jason Day,.00,0,2
18,Bill Haas,.00,0,2
18,James Hahn,.00,0,1
18,J.J. Henry,.00,0,1
18,Kevin Kisner,.00,0,1
18,Brooks Koepka,.00,0,2
18,Danny Lee,.00,0,1
18,Peter Malnati,.00,0,1
18,Troy Merritt,.00,0,1
