rank,player,%,# of Saves,# of Bunkers
1,Rickie Fowler,100.00,2,2
1,Padraig Harrington,100.00,1,1
1,Smylie Kaufman,100.00,1,1
1,Chris Kirk,100.00,1,1
1,Russell Knox,100.00,1,1
1,Danny Lee,100.00,1,1
1,David Lingmerth,100.00,2,2
1,Scott Piercy,100.00,2,2
1,Brandt Snedeker,100.00,1,1
10,Matt Every,75.00,3,4
11,Zach Johnson,66.67,2,3
11,Davis Love III,66.67,2,3
13,Dustin Johnson,50.00,2,4
13,Justin Thomas,50.00,2,4
13,Jimmy Walker,50.00,1,2
16,Bubba Watson,40.00,2,5
17,Emiliano Grillo,33.33,1,3
17,Brooks Koepka,33.33,1,3
19,Steven Bowditch,.00,0,1
19,Jason Day,.00,0,1
19,Bill Haas,.00,0,2
19,James Hahn,.00,0,1
19,J.J. Henry,.00,0,2
19,Kevin Kisner,.00,0,1
19,Graeme McDowell,.00,0,1
