rank,player,%,Successes,Attempts
1,Jason Day,100.00,4,4
1,Matt Every,100.00,1,1
1,Bill Haas,100.00,2,2
1,Kevin Kisner,100.00,2,2
1,Brooks Koepka,100.00,1,1
1,Jordan Spieth,100.00,2,2
7,Dustin Johnson,80.00,4,5
8,Fabián Gómez,75.00,3,4
8,Danny Lee,75.00,3,4
8,David Lingmerth,75.00,3,4
11,Rickie Fowler,66.67,2,3
11,Patrick Reed,66.67,2,3
11,Bubba Watson,66.67,2,3
14,Smylie Kaufman,60.00,3,5
14,Graeme McDowell,60.00,3,5
16,Peter Malnati,57.14,4,7
17,Alex Cejka,50.00,3,6
17,Emiliano Grillo,50.00,2,4
17,J.B. Holmes,50.00,3,6
17,Zach Johnson,50.00,1,2
17,Scott Piercy,50.00,2,4
22,Davis Love III,42.86,3,7
23,Padraig Harrington,40.00,2,5
23,Troy Merritt,40.00,2,5
23,Jimmy Walker,40.00,2,5
26,James Hahn,33.33,3,9
26,J.J. Henry,33.33,2,6
26,Chris Kirk,33.33,1,3
26,Justin Thomas,33.33,1,3
30,Steven Bowditch,16.67,1,6
31,Russell Knox,.00,0,1
31,Brandt Snedeker,.00,0,1
