rank,player,%,Successes,Attempts
1,Steven Bowditch,100.00,4,4
1,Alex Cejka,100.00,1,1
1,Jason Day,100.00,3,3
1,Rickie Fowler,100.00,4,4
1,Fabián Gómez,100.00,2,2
1,Emiliano Grillo,100.00,1,1
1,Bill Haas,100.00,2,2
1,James Hahn,100.00,4,4
1,J.B. Holmes,100.00,4,4
1,Dustin Johnson,100.00,1,1
1,Chris Kirk,100.00,2,2
1,Kevin Kisner,100.00,3,3
1,Russell Knox,100.00,1,1
1,Brooks Koepka,100.00,1,1
1,Peter Malnati,100.00,2,2
1,Graeme McDowell,100.00,2,2
1,Troy Merritt,100.00,1,1
1,Patrick Reed,100.00,2,2
1,Brandt Snedeker,100.00,1,1
1,Jordan Spieth,100.00,2,2
1,Bubba Watson,100.00,2,2
22,David Lingmerth,85.71,6,7
23,Davis Love III,80.00,4,5
24,Padraig Harrington,66.67,2,3
24,Danny Lee,66.67,2,3
24,Scott Piercy,66.67,2,3
24,Justin Thomas,66.67,4,6
28,J.J. Henry,50.00,1,2
28,Zach Johnson,50.00,1,2
28,Jimmy Walker,50.00,1,2
31,Smylie Kaufman,.00,0,1
