rank,player,%,Greens Hit,# Holes,Relative/Par
1,Charley Hoffman,88.89,64,72,-0.31
2,Charles Howell III,84.72,61,72,-0.26
3,Jason Kokrak,83.33,60,72,-0.27
3,Marc Leishman,83.33,60,72,-0.35
3,Hideki Matsuyama,83.33,60,72,-0.32
3,Collin Morikawa,83.33,60,72,-0.42
3,Brendan Steele,83.33,60,72,-0.35
8,Emiliano Grillo,81.94,59,72,-0.25
8,Jim Herman,81.94,59,72,-0.32
10,Russell Henley,80.56,58,72,-0.34
10,Matt Jones,80.56,58,72,-0.38
10,Kevin Kisner,80.56,58,72,-0.34
10,Joaquin Niemann,80.56,58,72,-0.34
10,Webb Simpson,80.56,58,72,-0.41
15,Stewart Cink,79.17,57,72,-0.35
15,Billy Horschel,79.17,57,72,-0.33
15,Si Woo Kim,79.17,57,72,-0.28
15,Adam Scott,79.17,57,72,-0.32
15,Hudson Swafford,79.17,57,72,-0.28
20,James Hahn,77.78,56,72,-0.29
20,Nick Hardy,77.78,56,72,-0.32
20,Zach Johnson,77.78,56,72,-0.29
20,Chris Kirk,77.78,56,72,-0.46
20,Patton Kizzire,77.78,56,72,-0.41
20,Troy Merritt,77.78,56,72,-0.20
20,Sebastián Muñoz,77.78,56,72,-0.21
20,Sepp Straka,77.78,56,72,-0.36
20,Brian Stuard,77.78,56,72,-0.29
29,Chris Baker,76.39,55,72,-0.22
29,Harry Higgs,76.39,55,72,-0.42
29,Nelson Ledesma,76.39,55,72,-0.29
29,Keith Mitchell,76.39,55,72,-0.42
29,Kevin Na,76.39,55,72,-0.42
34,Ryan Armour,75.00,54,72,-0.31
34,Daniel Berger,75.00,54,72,-0.43
34,K.J. Choi,75.00,54,72,-0.26
34,Harris English,75.00,54,72,-0.30
34,Jim Furyk,75.00,54,72,-0.26
34,Brian Gay,75.00,54,72,-0.20
34,Kramer Hickok,75.00,54,72,-0.37
34,Satoshi Kodaira,75.00,54,72,-0.30
34,K.H. Lee,75.00,54,72,-0.35
34,Robby Shelton,75.00,54,72,-0.33
34,Cameron Smith,75.00,54,72,-0.22
34,Michael Thompson,75.00,54,72,-0.31
46,Cam Davis,73.61,53,72,-0.38
46,Sergio Garcia,73.61,53,72,-0.32
46,Mackenzie Hughes,73.61,53,72,-0.32
46,Sungjae Im,73.61,53,72,-0.23
46,Chez Reavie,73.61,53,72,-0.26
51,Aaron Baddeley,72.22,52,72,-0.37
51,Brice Garnett,72.22,52,72,-0.35
51,Lanto Griffin,72.22,52,72,-0.29
51,Mark Hubbard,72.22,52,72,-0.40
51,Carlos Ortiz,72.22,52,72,-0.42
51,Pat Perez,72.22,52,72,-0.31
51,Vaughn Taylor,72.22,52,72,-0.35
58,Scott Brown,70.83,51,72,-0.27
58,Austin Cook,70.83,51,72,-0.29
58,Brian Harman,70.83,51,72,-0.29
58,Anirban Lahiri,70.83,51,72,-0.37
58,Jamie Lovemark,70.83,51,72,-0.24
58,Mike Weir,70.83,51,72,-0.31
64,Nick Taylor,69.44,50,72,-0.42
64,Brendon Todd,69.44,50,72,-0.32
66,Wesley Bryan,66.67,48,72,-0.35
66,Ryosuke Kinoshita,66.67,48,72,-0.27
66,Robert Streb,66.67,48,72,-0.31
66,Martin Trainer,66.67,48,72,-0.31
70,Ryan Palmer,65.28,47,72,-0.34
71,Jerry Kelly,63.89,46,72,-0.20
72,Michael Kim,62.50,45,72,-0.38
72,Peter Malnati,62.50,45,72,-0.49
