rank,player,Value,Total Drv Rank,GIR Rank
1,Hideki Matsuyama,4,1,3
2,Brendan Steele,11,8,3
3,Jim Herman,12,4,8
4,Adam Scott,17,2,15
5,Collin Morikawa,22,19,3
5,Webb Simpson,22,12,10
7,Charley Hoffman,24,23,1
7,Joaquin Niemann,24,14,10
9,Nick Hardy,29,9,20
10,Emiliano Grillo,34,26,8
10,James Hahn,34,14,20
10,Russell Henley,34,24,10
10,Keith Mitchell,34,5,29
14,Kevin Kisner,36,26,10
15,Chris Baker,38,9,29
16,Patton Kizzire,40,20,20
17,Charles Howell III,41,39,2
18,Daniel Berger,47,13,34
19,Kramer Hickok,48,14,34
19,Sungjae Im,48,2,46
19,Hudson Swafford,48,33,15
22,Brian Stuard,49,29,20
23,Satoshi Kodaira,52,18,34
24,Sepp Straka,53,33,20
25,Ryan Armour,56,22,34
25,Marc Leishman,56,53,3
27,Carlos Ortiz,57,6,51
28,Chris Kirk,58,38,20
29,Stewart Cink,59,44,15
30,Matt Jones,61,51,10
31,Brice Garnett,62,11,51
32,Cam Davis,63,17,46
32,Jason Kokrak,63,60,3
34,Harris English,64,30,34
35,Scott Brown,65,7,58
36,Troy Merritt,66,46,20
37,K.H. Lee,70,36,34
38,Jim Furyk,71,37,34
39,Vaughn Taylor,72,21,51
40,Cameron Smith,74,40,34
41,Zach Johnson,75,55,20
41,Sebastián Muñoz,75,55,20
43,Billy Horschel,77,62,15
44,Sergio Garcia,78,32,46
45,Brian Gay,79,45,34
45,Harry Higgs,79,50,29
47,Robby Shelton,80,46,34
48,Si Woo Kim,81,66,15
49,Pat Perez,84,33,51
50,Austin Cook,86,28,58
51,Nick Taylor,88,24,64
52,K.J. Choi,93,59,34
52,Lanto Griffin,93,42,51
54,Martin Trainer,96,30,66
55,Jamie Lovemark,98,40,58
55,Kevin Na,98,69,29
57,Brian Harman,100,42,58
57,Mark Hubbard,100,49,51
57,Michael Thompson,100,66,34
60,Nelson Ledesma,101,72,29
61,Mackenzie Hughes,108,62,46
62,Mike Weir,110,52,58
63,Chez Reavie,111,65,46
64,Anirban Lahiri,113,55,58
65,Ryosuke Kinoshita,114,48,66
66,Brendon Todd,119,55,64
67,Aaron Baddeley,121,70,51
68,Jerry Kelly,125,54,71
69,Robert Streb,127,61,66
70,Peter Malnati,136,64,72
71,Wesley Bryan,139,73,66
72,Michael Kim,140,68,72
73,Ryan Palmer,141,71,70
