rank,player,Total,Total (for all distances),Pct of all 1-putts
1,Stuart Appleby,15,36,41.7
2,Retief Goosen,14,28,50.0
2,Vijay Singh,14,31,45.2
4,Tommy Armour III,11,22,50.0
4,Peter Jacobsen,11,23,47.8
6,Ben Curtis,10,21,47.6
6,Davis Love III,10,28,35.7
6,Shigeki Maruyama,10,21,47.6
9,Adam Scott,9,24,37.5
10,Jim Furyk,8,19,42.1
10,John Huston,8,29,27.6
10,Jonathan Kaye,8,23,34.8
10,Justin Leonard,8,19,42.1
10,Frank Lickliter II,8,24,33.3
15,Darren Clarke,7,25,28.0
15,Fred Couples,7,19,36.8
15,Ben Crane,7,24,29.2
15,Scott Hoch,7,22,31.8
15,J.L. Lewis,7,21,33.3
15,Craig Stadler,7,23,30.4
15,Kirk Triplett,7,34,20.6
22,Kenny Perry,6,18,33.3
22,Mike Weir,6,28,21.4
22,Tiger Woods,6,22,27.3
25,Rory Sabbatini,5,20,25.0
26,Chad Campbell,4,16,25.0
26,Ernie Els,4,22,18.2
26,Steve Flesch,4,22,18.2
26,Shaun Micheel,4,21,19.0
30,Bob Tway,1,18,5.6
