rank,player,Avg,Total 1 Putts,Total Rounds
1,Stuart Appleby,9.00,36,4
2,Kirk Triplett,8.50,34,4
3,Vijay Singh,7.75,31,4
4,John Huston,7.25,29,4
5,Retief Goosen,7.00,28,4
5,Davis Love III,7.00,28,4
5,Mike Weir,7.00,28,4
8,Darren Clarke,6.25,25,4
9,Ben Crane,6.00,24,4
9,Frank Lickliter II,6.00,24,4
9,Adam Scott,6.00,24,4
12,Peter Jacobsen,5.75,23,4
12,Jonathan Kaye,5.75,23,4
12,Craig Stadler,5.75,23,4
15,Tommy Armour III,5.50,22,4
15,Ernie Els,5.50,22,4
15,Steve Flesch,5.50,22,4
15,Scott Hoch,5.50,22,4
15,Tiger Woods,5.50,22,4
20,Ben Curtis,5.25,21,4
20,J.L. Lewis,5.25,21,4
20,Shigeki Maruyama,5.25,21,4
20,Shaun Micheel,5.25,21,4
24,Rory Sabbatini,5.00,20,4
25,Fred Couples,4.75,19,4
25,Jim Furyk,4.75,19,4
25,Justin Leonard,4.75,19,4
28,Kenny Perry,4.50,18,4
28,Bob Tway,4.50,18,4
30,Chad Campbell,4.00,16,4
