rank,player,%,# of 1 putts,# of holes
1,Vijay Singh,66.67,12,18
2,Mike Weir,61.11,11,18
3,Stuart Appleby,55.56,10,18
4,Darren Clarke,50.00,9,18
4,Retief Goosen,50.00,9,18
6,Davis Love III,44.44,8,18
6,Shigeki Maruyama,44.44,8,18
8,Ben Crane,38.89,7,18
8,Peter Jacobsen,38.89,7,18
8,Frank Lickliter II,38.89,7,18
11,Scott Hoch,33.33,6,18
11,Jonathan Kaye,33.33,6,18
11,Kenny Perry,33.33,6,18
11,Kirk Triplett,33.33,6,18
11,Bob Tway,33.33,6,18
16,Tommy Armour III,27.78,5,18
16,Ernie Els,27.78,5,18
16,John Huston,27.78,5,18
16,Justin Leonard,27.78,5,18
16,Shaun Micheel,27.78,5,18
16,Rory Sabbatini,27.78,5,18
16,Adam Scott,27.78,5,18
23,Chad Campbell,22.22,4,18
23,Ben Curtis,22.22,4,18
23,Jim Furyk,22.22,4,18
23,Tiger Woods,22.22,4,18
27,Fred Couples,16.67,3,18
27,Steve Flesch,16.67,3,18
27,J.L. Lewis,16.67,3,18
27,Craig Stadler,16.67,3,18
