rank,player,Total,Total (for all distances),Pct of all 1-putts
1,Kirk Triplett,15,34,44.1
2,John Huston,14,29,48.3
2,Davis Love III,14,28,50.0
2,Mike Weir,14,28,50.0
5,Ernie Els,12,22,54.5
5,Steve Flesch,12,22,54.5
5,J.L. Lewis,12,21,57.1
8,Stuart Appleby,11,36,30.6
8,Vijay Singh,11,31,35.5
8,Bob Tway,11,18,61.1
11,Darren Clarke,10,25,40.0
12,Chad Campbell,9,16,56.3
12,Fred Couples,9,19,47.4
12,Retief Goosen,9,28,32.1
12,Shaun Micheel,9,21,42.9
12,Adam Scott,9,24,37.5
17,Ben Crane,8,24,33.3
17,Scott Hoch,8,22,36.4
17,Justin Leonard,8,19,42.1
17,Rory Sabbatini,8,20,40.0
17,Tiger Woods,8,22,36.4
22,Peter Jacobsen,7,23,30.4
22,Frank Lickliter II,7,24,29.2
22,Craig Stadler,7,23,30.4
25,Ben Curtis,6,21,28.6
25,Kenny Perry,6,18,33.3
27,Tommy Armour III,5,22,22.7
27,Jim Furyk,5,19,26.3
27,Jonathan Kaye,5,23,21.7
27,Shigeki Maruyama,5,21,23.8
