rank,player,%,# of 1 putts,# of holes
1,Stuart Appleby,55.56,10,18
2,Davis Love III,50.00,9,18
3,Tommy Armour III,44.44,8,18
3,Kirk Triplett,44.44,8,18
5,Fred Couples,38.89,7,18
5,Scott Hoch,38.89,7,18
5,John Huston,38.89,7,18
5,Peter Jacobsen,38.89,7,18
5,Shaun Micheel,38.89,7,18
5,Vijay Singh,38.89,7,18
5,Tiger Woods,38.89,7,18
12,Frank Lickliter II,33.33,6,18
12,Shigeki Maruyama,33.33,6,18
12,Kenny Perry,33.33,6,18
12,Adam Scott,33.33,6,18
12,Craig Stadler,33.33,6,18
12,Mike Weir,33.33,6,18
18,Darren Clarke,27.78,5,18
18,Ben Crane,27.78,5,18
18,Ben Curtis,27.78,5,18
18,Ernie Els,27.78,5,18
18,Steve Flesch,27.78,5,18
18,Jonathan Kaye,27.78,5,18
18,J.L. Lewis,27.78,5,18
25,Jim Furyk,22.22,4,18
25,Retief Goosen,22.22,4,18
25,Rory Sabbatini,22.22,4,18
25,Bob Tway,22.22,4,18
29,Chad Campbell,16.67,3,18
29,Justin Leonard,16.67,3,18
