rank,player,%,# of 1 putts,# of holes
1,John Huston,66.67,12,18
2,Stuart Appleby,55.56,10,18
2,Retief Goosen,55.56,10,18
4,Jim Furyk,50.00,9,18
4,J.L. Lewis,50.00,9,18
6,Jonathan Kaye,44.44,8,18
6,Adam Scott,44.44,8,18
6,Craig Stadler,44.44,8,18
6,Kirk Triplett,44.44,8,18
6,Tiger Woods,44.44,8,18
11,Ben Crane,38.89,7,18
12,Chad Campbell,33.33,6,18
12,Fred Couples,33.33,6,18
12,Ben Curtis,33.33,6,18
12,Steve Flesch,33.33,6,18
12,Scott Hoch,33.33,6,18
12,Frank Lickliter II,33.33,6,18
12,Davis Love III,33.33,6,18
12,Shaun Micheel,33.33,6,18
12,Vijay Singh,33.33,6,18
21,Justin Leonard,27.78,5,18
22,Tommy Armour III,22.22,4,18
22,Ernie Els,22.22,4,18
22,Shigeki Maruyama,22.22,4,18
22,Kenny Perry,22.22,4,18
22,Mike Weir,22.22,4,18
27,Darren Clarke,16.67,3,18
27,Peter Jacobsen,16.67,3,18
27,Rory Sabbatini,16.67,3,18
27,Bob Tway,16.67,3,18
