rank,player,Total,Total (for all distances),Pct of all 1-putts
1,Jonathan Kaye,3,23,13.0
1,Frank Lickliter II,3,24,12.5
3,Fred Couples,2,19,10.5
3,Ernie Els,2,22,9.1
3,Peter Jacobsen,2,23,8.7
3,Shaun Micheel,2,21,9.5
3,Kenny Perry,2,18,11.1
3,Mike Weir,2,28,7.1
9,Stuart Appleby,1,36,2.8
9,Chad Campbell,1,16,6.3
9,Darren Clarke,1,25,4.0
9,Ben Crane,1,24,4.2
9,Steve Flesch,1,22,4.5
9,Scott Hoch,1,22,4.5
9,John Huston,1,29,3.4
9,Shigeki Maruyama,1,21,4.8
9,Rory Sabbatini,1,20,5.0
9,Craig Stadler,1,23,4.3
9,Tiger Woods,1,22,4.5
