rank,player,Total,Total (for all distances),Pct of all 1-putts
1,Scott Hoch,4,22,18.2
1,Mike Weir,4,28,14.3
3,Frank Lickliter II,3,24,12.5
3,Kenny Perry,3,18,16.7
5,Stuart Appleby,2,36,5.6
5,Ben Crane,2,24,8.3
5,Jonathan Kaye,2,23,8.7
5,Adam Scott,2,24,8.3
5,Kirk Triplett,2,34,5.9
10,Darren Clarke,1,25,4.0
10,Ernie Els,1,22,4.5
10,Steve Flesch,1,22,4.5
10,Justin Leonard,1,19,5.3
10,Davis Love III,1,28,3.6
10,Shigeki Maruyama,1,21,4.8
10,Shaun Micheel,1,21,4.8
10,Rory Sabbatini,1,20,5.0
10,Craig Stadler,1,23,4.3
10,Tiger Woods,1,22,4.5
