rank,player,Distance,Year/Tourn#,Round,Hole
1,Jonathan Kaye,"62' 0""",Mercedes Champ,3,17 - Par 4
2,Darren Clarke,"61' 6""",Mercedes Champ,1,10 - Par 4
3,Stuart Appleby,"55' 2""",Mercedes Champ,3,7 - Par 4 -
4,Shaun Micheel,"53' 6""",Mercedes Champ,2,17 - Par 4
5,Shigeki Maruyama,"49' 5""",Mercedes Champ,4,2 - Par 3 -
6,Peter Jacobsen,"46' 10""",Mercedes Champ,2,17 - Par 4
7,Craig Stadler,"42' 8""",Mercedes Champ,4,8 - Par 3 -
8,Ben Crane,"41' 0""",Mercedes Champ,1,3 - Par 4 -
9,Frank Lickliter II,"36' 8""",Mercedes Champ,2,11 - Par 3
10,Kenny Perry,"33' 7""",Mercedes Champ,1,11 - Par 3
11,Scott Hoch,"32' 6""",Mercedes Champ,2,12 - Par 4
12,Tiger Woods,"32' 3""",Mercedes Champ,3,7 - Par 4 -
13,Fred Couples,"31' 4""",Mercedes Champ,3,5 - Par 5 -
14,Steve Flesch,"28' 9""",Mercedes Champ,3,13 - Par 4
15,Mike Weir,"28' 2""",Mercedes Champ,3,16 - Par 4
16,Chad Campbell,"27' 0""",Mercedes Champ,1,11 - Par 3
17,John Huston,"26' 11""",Mercedes Champ,2,1 - Par 4 -
18,Ernie Els,"26' 8""",Mercedes Champ,1,16 - Par 4
19,Rory Sabbatini,"25' 8""",Mercedes Champ,2,2 - Par 3 -
20,Adam Scott,"24' 8""",Mercedes Champ,3,1 - Par 4 -
21,Jim Furyk,"24' 6""",Mercedes Champ,3,1 - Par 4 -
22,Vijay Singh,"23' 1""",Mercedes Champ,2,17 - Par 4
23,Kirk Triplett,"22' 5""",Mercedes Champ,4,11 - Par 3
24,Davis Love III,"21' 11""",Mercedes Champ,4,11 - Par 3
25,Retief Goosen,"21' 3""",Mercedes Champ,1,18 - Par 5
26,Justin Leonard,"19' 3""",Mercedes Champ,1,13 - Par 4
27,Bob Tway,"14' 7""",Mercedes Champ,3,11 - Par 3
28,Tommy Armour III,"12' 7""",Mercedes Champ,3,8 - Par 3 -
29,Ben Curtis,"12' 4""",Mercedes Champ,3,9 - Par 5 -
30,J.L. Lewis,"11' 9""",Mercedes Champ,4,2 - Par 3 -
