rank,player,%,# of 1 putts,# of holes
1,Kirk Triplett,66.67,12,18
2,Darren Clarke,44.44,8,18
2,Ernie Els,44.44,8,18
2,Steve Flesch,44.44,8,18
2,Rory Sabbatini,44.44,8,18
6,Mike Weir,38.89,7,18
7,Stuart Appleby,33.33,6,18
7,Ben Curtis,33.33,6,18
7,Peter Jacobsen,33.33,6,18
7,Justin Leonard,33.33,6,18
7,Vijay Singh,33.33,6,18
7,Craig Stadler,33.33,6,18
13,Tommy Armour III,27.78,5,18
13,Ben Crane,27.78,5,18
13,Retief Goosen,27.78,5,18
13,John Huston,27.78,5,18
13,Frank Lickliter II,27.78,5,18
13,Davis Love III,27.78,5,18
13,Adam Scott,27.78,5,18
13,Bob Tway,27.78,5,18
21,Jonathan Kaye,22.22,4,18
21,J.L. Lewis,22.22,4,18
23,Chad Campbell,16.67,3,18
23,Fred Couples,16.67,3,18
23,Scott Hoch,16.67,3,18
23,Shigeki Maruyama,16.67,3,18
23,Shaun Micheel,16.67,3,18
23,Tiger Woods,16.67,3,18
29,Jim Furyk,11.11,2,18
29,Kenny Perry,11.11,2,18
