rank,player,Avg,Total Dist after GFG Shot,Total GFG Shots
1,Stephan Jaeger,11.7,"3,358.000",8
2,Jonathan Randolph,13.2,"2,383.000",5
3,Zach Johnson,13.5,"1,951.000",4
4,Daisuke Kataoka,13.7,"2,469.000",5
5,J.J. Spaun,14.1,"5,071.000",10
6,Blayne Barber,14.5,"2,618.000",5
7,Chez Reavie,14.7,"2,122.000",4
8,Stewart Cink,15.1,"4,360.000",8
9,Roberto Díaz,15.5,"2,797.000",5
10,Ryan Palmer,16.5,"4,164.000",7
11,Hudson Swafford,16.9,"5,489.000",9
12,Lanto Griffin,17.4,"3,135.000",5
13,Brian Gay,17.6,"5,714.000",9
13,Patton Kizzire,17.6,"4,435.000",7
15,Ollie Schniederjans,18.1,"5,880.000",9
16,Kevin Tway,18.3,"7,250.000",11
17,Webb Simpson,18.4,"6,631.000",10
18,Justin Thomas,18.9,"7,468.000",11
19,Keegan Bradley,19.2,"5,539.000",8
20,Ryan Blaum,19.3,"5,567.000",8
20,Rory Sabbatini,19.3,"6,258.000",9
22,Ryan Armour,19.4,"5,595.000",8
22,Tyrone Van Aswegen,19.4,"2,798.000",4
24,Colt Knost,19.8,"4,282.000",6
25,Jerry Kelly,20.0,"5,774.000",8
25,Andrew Putnam,20.0,"5,041.000",7
27,Cameron Smith,20.3,"6,580.000",9
28,Joel Dahmen,20.5,"4,418.000",6
28,James Hahn,20.5,"6,628.000",9
30,Jason Dufner,20.6,"7,431.000",10
30,Sam Ryder,20.6,"6,669.000",9
32,Nate Lashley,20.7,"7,466.000",10
33,Austin Cook,20.8,"5,252.000",7
34,Emiliano Grillo,21.2,"6,111.000",8
34,Jordan Spieth,21.2,"7,637.000",10
34,Gary Woodland,21.2,"8,407.000",11
37,Russell Knox,21.4,"6,934.000",9
38,Charles Howell III,21.5,"6,201.000",8
38,Conrad Shindler,21.5,"6,184.000",8
40,John Peterson,21.7,"5,463.000",7
41,D.A. Points,21.8,"5,496.000",7
42,Corey Conners,22.3,"7,226.000",9
43,Dominic Bozzelli,22.5,"5,658.000",7
43,John Oda,22.5,"8,094.000",10
45,Daniel Berger,22.7,"7,362.000",9
45,Tom Hoge,22.7,"6,539.000",8
47,Marc Leishman,23.1,"5,830.000",7
47,Kyle Stanley,23.1,"8,307.000",10
49,Tony Finau,23.2,"6,684.000",8
50,Brian Harman,23.3,"8,399.000",10
50,Scott Piercy,23.3,"6,703.000",8
52,Kevin Kisner,23.5,"8,447.000",10
53,Jonathan Byrd,23.7,"6,820.000",8
54,Shugo Imahira,23.9,"4,297.000",5
55,Si Woo Kim,24.1,"8,676.000",10
55,Xinjun Zhang,24.1,"5,201.000",6
57,Sam Saunders,24.2,"8,724.000",10
58,Xander Schauffele,24.9,"9,848.000",11
59,Jason Kokrak,25.0,"7,204.000",8
59,Nicholas Lindheim,25.0,"4,498.000",5
61,Ben Martin,25.1,"9,047.000",10
62,Harris English,25.2,"8,155.000",9
63,Matt Jones,25.8,"8,358.000",9
64,Chris Kirk,26.0,"8,418.000",9
65,Matt Every,26.5,"9,544.000",10
66,Brandon Harkins,26.7,"7,676.000",8
67,Scott Brown,26.8,"6,765.000",7
67,Wesley Bryan,26.8,"3,866.000",4
69,Talor Gooch,27.4,"6,906.000",7
70,Keith Mitchell,27.5,"11,872.000",12
70,Brian Stuard,27.5,"6,921.000",7
72,Adam Schenk,27.6,"8,955.000",9
73,Seamus Power,28.0,"6,039.000",6
74,Steve Allan,29.5,"8,482.000",8
75,William McGirt,31.1,"12,304.000",11
76,Vaughn Taylor,33.0,"11,866.000",10
