rank,player,%,Successes,Attempts,RTP-Successes,RTP-Not going for the grn
1,Stewart Cink,87.50,7,8,-7,E
1,Stephan Jaeger,87.50,7,8,-7,-2.00
3,Zach Johnson,75.00,3,4,-4,E
3,Chez Reavie,75.00,3,4,-3,-2.00
5,Colt Knost,66.67,4,6,-4,-1.00
6,Blayne Barber,60.00,3,5,-4,E
6,Jonathan Randolph,60.00,3,5,-4,-1.00
6,J.J. Spaun,60.00,6,10,-6,E
9,Ryan Palmer,57.14,4,7,-5,-2.00
9,John Peterson,57.14,4,7,-4,-2.00
9,D.A. Points,57.14,4,7,-5,-1.00
12,Hudson Swafford,55.56,5,9,-7,-2.00
13,Ryan Blaum,50.00,4,8,-4,E
13,Keegan Bradley,50.00,4,8,-4,E
13,Jerry Kelly,50.00,4,8,-4,E
13,Jordan Spieth,50.00,5,10,-5,-1.00
17,Brian Gay,44.44,4,9,-3,-1.00
18,Austin Cook,42.86,3,7,-3,-1.00
19,Roberto Díaz,40.00,2,5,-1,-2.00
19,Jason Dufner,40.00,4,10,-4,-1.00
19,Lanto Griffin,40.00,2,5,-2,+2.00
19,Shugo Imahira,40.00,2,5,-2,-2.00
19,Daisuke Kataoka,40.00,2,5,-2,-3.00
19,Nate Lashley,40.00,4,10,-4,E
19,Ben Martin,40.00,4,10,-4,+1.00
19,Webb Simpson,40.00,4,10,-3,-1.00
27,Ryan Armour,37.50,3,8,-4,-1.00
27,Emiliano Grillo,37.50,3,8,-3,E
27,Tom Hoge,37.50,3,8,-3,-1.00
27,Charles Howell III,37.50,3,8,-3,-2.00
27,Conrad Shindler,37.50,3,8,-4,-1.00
32,Kevin Tway,36.36,4,11,-4,E
33,Joel Dahmen,33.33,2,6,-2,+4.00
33,Matt Jones,33.33,3,9,-3,E
33,Chris Kirk,33.33,3,9,-3,+1.00
33,Russell Knox,33.33,3,9,-3,E
33,Sam Ryder,33.33,3,9,-3,-1.00
33,Rory Sabbatini,33.33,3,9,-5,E
33,Ollie Schniederjans,33.33,3,9,-3,E
40,Brian Harman,30.00,3,10,-5,E
40,Sam Saunders,30.00,3,10,-4,E
40,Kyle Stanley,30.00,3,10,-5,E
43,Talor Gooch,28.57,2,7,-2,E
43,Marc Leishman,28.57,2,7,-3,-1.00
45,Xander Schauffele,27.27,3,11,-3,E
45,Justin Thomas,27.27,3,11,-4,-1.00
47,Steve Allan,25.00,2,8,-2,E
47,Jonathan Byrd,25.00,2,8,-2,-2.00
47,Brandon Harkins,25.00,2,8,-4,-1.00
47,Jason Kokrak,25.00,2,8,-2,E
47,Tyrone Van Aswegen,25.00,1,4,-1,-1.00
52,Harris English,22.22,2,9,-2,-2.00
52,James Hahn,22.22,2,9,-2,E
52,Adam Schenk,22.22,2,9,-2,+1.00
52,Cameron Smith,22.22,2,9,-2,-1.00
56,Matt Every,20.00,2,10,-2,-1.00
56,Si Woo Kim,20.00,2,10,-2,E
56,Kevin Kisner,20.00,2,10,-2,E
56,Nicholas Lindheim,20.00,1,5,-1,E
56,Vaughn Taylor,20.00,2,10,-3,E
61,Gary Woodland,18.18,2,11,-2,-1.00
62,Keith Mitchell,16.67,2,12,-2,-1.00
62,Seamus Power,16.67,1,6,-1,-2.00
62,Xinjun Zhang,16.67,1,6,-2,-3.00
65,Dominic Bozzelli,14.29,1,7,-1,-1.00
65,Scott Brown,14.29,1,7,-1,E
65,Patton Kizzire,14.29,1,7,-1,-4.00
65,Andrew Putnam,14.29,1,7,-2,-1.00
65,Brian Stuard,14.29,1,7,-1,-2.00
70,Tony Finau,12.50,1,8,-1,-1.00
70,Scott Piercy,12.50,1,8,-1,-2.00
72,Daniel Berger,11.11,1,9,-2,-1.00
72,Corey Conners,11.11,1,9,-1,-4.00
74,John Oda,10.00,1,10,-2,-1.00
75,William McGirt,9.09,1,11,-1,E
76,Wesley Bryan,.00,0,4,E,-3.00
