rank,player,%,# of Birdie or Better,Attempts,RTP-Successes,RTP-Not going for the grn
1,Daisuke Kataoka,100.00,5,5,-5,-3.00
1,Chez Reavie,100.00,4,4,-4,-2.00
1,Tyrone Van Aswegen,100.00,4,4,-4,-1.00
4,Gary Woodland,90.91,10,11,-11,-1.00
5,Sam Saunders,90.00,9,10,-10,E
6,Rory Sabbatini,88.89,8,9,-10,E
6,Adam Schenk,88.89,8,9,-8,+1.00
6,Ollie Schniederjans,88.89,8,9,-9,E
9,Ryan Blaum,87.50,7,8,-8,E
9,Jonathan Byrd,87.50,7,8,-7,-2.00
9,Emiliano Grillo,87.50,7,8,-7,E
9,Tom Hoge,87.50,7,8,-7,-1.00
9,Charles Howell III,87.50,7,8,-7,-2.00
9,Stephan Jaeger,87.50,7,8,-7,-2.00
15,Scott Brown,85.71,6,7,-7,E
15,Austin Cook,85.71,6,7,-6,-1.00
15,D.A. Points,85.71,6,7,-7,-1.00
18,Colt Knost,83.33,5,6,-5,-1.00
18,Seamus Power,83.33,5,6,-6,-2.00
20,Blayne Barber,80.00,4,5,-5,E
20,Jason Dufner,80.00,8,10,-8,-1.00
20,Lanto Griffin,80.00,4,5,-4,+2.00
20,Brian Harman,80.00,8,10,-10,E
20,Si Woo Kim,80.00,8,10,-8,E
20,Nate Lashley,80.00,8,10,-8,E
20,Nicholas Lindheim,80.00,4,5,-4,E
20,Jonathan Randolph,80.00,4,5,-5,-1.00
20,Webb Simpson,80.00,8,10,-9,-1.00
20,J.J. Spaun,80.00,8,10,-8,E
20,Kyle Stanley,80.00,8,10,-10,E
31,Corey Conners,77.78,7,9,-7,-4.00
31,James Hahn,77.78,7,9,-7,E
31,Matt Jones,77.78,7,9,-7,E
31,Chris Kirk,77.78,7,9,-8,+1.00
35,Ryan Armour,75.00,6,8,-7,-1.00
35,Keegan Bradley,75.00,6,8,-6,E
35,Wesley Bryan,75.00,3,4,-3,-3.00
35,Stewart Cink,75.00,6,8,-7,E
35,Zach Johnson,75.00,3,4,-4,E
35,Jerry Kelly,75.00,6,8,-6,E
35,Scott Piercy,75.00,6,8,-6,-2.00
42,Kevin Tway,72.73,8,11,-8,E
43,Dominic Bozzelli,71.43,5,7,-5,-1.00
43,Talor Gooch,71.43,5,7,-5,E
43,Ryan Palmer,71.43,5,7,-6,-2.00
43,Brian Stuard,71.43,5,7,-5,-2.00
47,Ben Martin,70.00,7,10,-8,+1.00
47,Jordan Spieth,70.00,7,10,-7,-1.00
49,Daniel Berger,66.67,6,9,-8,-1.00
49,Joel Dahmen,66.67,4,6,-4,+4.00
49,Brian Gay,66.67,6,9,-7,-1.00
49,Keith Mitchell,66.67,8,12,-8,-1.00
49,Hudson Swafford,66.67,6,9,-8,-2.00
49,Xinjun Zhang,66.67,4,6,-5,-3.00
55,Justin Thomas,63.64,7,11,-8,-1.00
56,Steve Allan,62.50,5,8,-6,E
56,Tony Finau,62.50,5,8,-5,-1.00
56,Brandon Harkins,62.50,5,8,-7,-1.00
56,Jason Kokrak,62.50,5,8,-5,E
56,Conrad Shindler,62.50,5,8,-6,-1.00
61,Matt Every,60.00,6,10,-6,-1.00
61,Shugo Imahira,60.00,3,5,-3,-2.00
61,Kevin Kisner,60.00,6,10,-6,E
61,John Oda,60.00,6,10,-7,-1.00
65,Patton Kizzire,57.14,4,7,-4,-4.00
65,Marc Leishman,57.14,4,7,-5,-1.00
65,John Peterson,57.14,4,7,-4,-2.00
65,Andrew Putnam,57.14,4,7,-5,-1.00
69,Russell Knox,55.56,5,9,-7,E
69,Sam Ryder,55.56,5,9,-6,-1.00
69,Cameron Smith,55.56,5,9,-5,-1.00
72,Xander Schauffele,54.55,6,11,-6,E
73,Roberto Díaz,40.00,2,5,-3,-2.00
74,William McGirt,36.36,4,11,-4,E
75,Harris English,33.33,3,9,-3,-2.00
76,Vaughn Taylor,20.00,2,10,-3,E
