rank,player,%,Attempts,RTP-Going for the green,RTP-Not going for the grn
1,William McGirt,100.00,11,-4,E
1,Xander Schauffele,100.00,11,-6,E
1,Kevin Tway,100.00,11,-8,E
4,Jason Dufner,90.91,10,-8,-1
4,Brian Harman,90.91,10,-10,E
4,Si Woo Kim,90.91,10,-8,E
4,Kevin Kisner,90.91,10,-5,E
4,Nate Lashley,90.91,10,-8,E
4,Ben Martin,90.91,10,-8,+1
4,Keith Mitchell,90.91,10,-7,-1
4,John Oda,90.91,10,-7,-1
4,Sam Saunders,90.91,10,-10,E
4,Webb Simpson,90.91,10,-9,-1
4,J.J. Spaun,90.91,10,-8,E
4,Jordan Spieth,90.91,10,-7,-1
4,Kyle Stanley,90.91,10,-10,E
4,Vaughn Taylor,90.91,10,-3,E
4,Justin Thomas,90.91,10,-8,-1
4,Gary Woodland,90.91,10,-11,-1
20,Matt Every,81.82,9,-6,-1
20,Brian Gay,81.82,9,-7,-1
20,James Hahn,81.82,9,-7,E
20,Matt Jones,81.82,9,-7,E
20,Chris Kirk,81.82,9,-8,+1
20,Russell Knox,81.82,9,-7,E
20,Sam Ryder,81.82,9,-6,-1
20,Rory Sabbatini,81.82,9,-10,E
20,Adam Schenk,81.82,9,-8,+1
20,Ollie Schniederjans,81.82,9,-9,E
20,Cameron Smith,81.82,9,-5,-1
20,Hudson Swafford,81.82,9,-8,-2
32,Steve Allan,72.73,8,-6,E
32,Ryan Armour,72.73,8,-7,-1
32,Daniel Berger,72.73,8,-8,-1
32,Ryan Blaum,72.73,8,-8,E
32,Keegan Bradley,72.73,8,-6,E
32,Jonathan Byrd,72.73,8,-7,-2
32,Stewart Cink,72.73,8,-7,E
32,Corey Conners,72.73,8,-7,-4
32,Harris English,72.73,8,-3,-2
32,Tony Finau,72.73,8,-5,-1
32,Emiliano Grillo,72.73,8,-7,E
32,Tom Hoge,72.73,8,-7,-1
32,Charles Howell III,72.73,8,-7,-2
32,Stephan Jaeger,72.73,8,-7,-2
32,Jerry Kelly,72.73,8,-6,E
32,Jason Kokrak,72.73,8,-5,E
32,Scott Piercy,72.73,8,-5,-2
32,Conrad Shindler,72.73,8,-6,-1
50,Dominic Bozzelli,63.64,7,-5,-1
50,Scott Brown,63.64,7,-7,E
50,Austin Cook,63.64,7,-6,-1
50,Talor Gooch,63.64,7,-5,E
50,Brandon Harkins,63.64,7,-7,-1
50,Patton Kizzire,63.64,7,-4,-4
50,Marc Leishman,63.64,7,-5,-1
50,Ryan Palmer,63.64,7,-6,-2
50,John Peterson,63.64,7,-4,-2
50,D.A. Points,63.64,7,-7,-1
50,Andrew Putnam,63.64,7,-5,-1
50,Brian Stuard,63.64,7,-5,-2
62,Joel Dahmen,54.55,6,-4,+4
62,Colt Knost,54.55,6,-5,-1
62,Xinjun Zhang,54.55,6,-5,-3
65,Blayne Barber,45.45,5,-4,E
65,Roberto Díaz,45.45,5,-3,-2
65,Lanto Griffin,45.45,5,-3,+2
65,Shugo Imahira,45.45,5,-3,-2
65,Daisuke Kataoka,45.45,5,-5,-3
65,Nicholas Lindheim,45.45,5,-4,E
65,Seamus Power,45.45,5,-6,-2
65,Jonathan Randolph,45.45,5,-5,-1
73,Wesley Bryan,36.36,4,-3,-3
73,Zach Johnson,36.36,4,-4,E
73,Chez Reavie,36.36,4,-4,-2
73,Tyrone Van Aswegen,36.36,4,-4,-1
