rank,player,Avg,Distance (in inches),Attempts
1,Jonathan Randolph,210.5,"37,883.000",5
2,Ryan Palmer,210.8,"53,133.000",7
3,Stewart Cink,216.1,"62,232.000",8
4,Chez Reavie,216.4,"31,161.000",4
5,Zach Johnson,216.5,"31,177.000",4
6,Blayne Barber,217.3,"39,109.000",5
7,Stephan Jaeger,217.6,"62,659.000",8
8,Daisuke Kataoka,221.9,"39,944.000",5
9,Cameron Smith,222.6,"72,127.000",9
10,Ollie Schniederjans,226.5,"73,386.000",9
11,Tyrone Van Aswegen,227.3,"32,729.000",4
12,Rory Sabbatini,231.4,"74,969.000",9
13,Colt Knost,231.6,"50,030.000",6
14,Dominic Bozzelli,234.2,"59,017.000",7
14,Patton Kizzire,234.2,"59,022.000",7
14,Kevin Tway,234.2,"92,726.000",11
17,Jordan Spieth,235.7,"84,846.000",10
18,J.J. Spaun,236.0,"84,967.000",10
19,Ryan Blaum,236.1,"68,004.000",8
19,Jerry Kelly,236.1,"68,006.000",8
21,Si Woo Kim,239.2,"86,098.000",10
22,Matt Jones,240.9,"78,058.000",9
23,Ryan Armour,241.1,"69,435.000",8
24,Russell Knox,241.5,"78,247.000",9
25,Wesley Bryan,242.1,"34,863.000",4
26,Joel Dahmen,242.2,"52,305.000",6
27,Hudson Swafford,242.6,"78,587.000",9
28,Roberto Díaz,243.1,"43,760.000",5
29,Sam Saunders,243.4,"87,633.000",10
30,Harris English,243.8,"78,988.000",9
31,Charles Howell III,244.3,"70,348.000",8
32,James Hahn,244.8,"79,299.000",9
32,Scott Piercy,244.8,"70,510.000",8
34,Lanto Griffin,246.2,"44,322.000",5
35,Adam Schenk,246.6,"79,907.000",9
36,Keegan Bradley,247.5,"71,291.000",8
36,Chris Kirk,247.5,"80,180.000",9
38,Jason Kokrak,247.6,"71,319.000",8
39,D.A. Points,249.0,"62,751.000",7
40,Talor Gooch,249.2,"62,788.000",7
41,Webb Simpson,249.3,"89,734.000",10
42,Vaughn Taylor,249.8,"89,932.000",10
43,Tony Finau,249.9,"71,958.000",8
44,John Peterson,250.5,"63,130.000",7
45,John Oda,250.6,"90,222.000",10
45,Justin Thomas,250.6,"99,235.000",11
47,Daniel Berger,250.7,"81,211.000",9
47,Andrew Putnam,250.7,"63,183.000",7
49,Seamus Power,251.2,"54,251.000",6
50,Nate Lashley,251.4,"90,518.000",10
51,Xander Schauffele,253.2,"100,273.000",11
52,Xinjun Zhang,253.6,"54,767.000",6
53,Brian Gay,253.7,"82,183.000",9
54,Brian Harman,255.5,"91,964.000",10
55,Tom Hoge,256.0,"73,717.000",8
56,Ben Martin,256.3,"92,269.000",10
57,Brandon Harkins,256.4,"73,856.000",8
58,Conrad Shindler,256.7,"73,919.000",8
59,Sam Ryder,257.5,"83,417.000",9
60,Jonathan Byrd,257.6,"74,189.000",8
61,William McGirt,257.8,"102,090.000",11
62,Steve Allan,258.3,"74,383.000",8
63,Marc Leishman,258.5,"65,147.000",7
64,Kevin Kisner,259.5,"93,430.000",10
65,Keith Mitchell,261.6,"113,029.000",12
66,Jason Dufner,262.2,"94,391.000",10
67,Matt Every,263.2,"94,736.000",10
68,Scott Brown,263.9,"66,503.000",7
69,Emiliano Grillo,264.3,"76,119.000",8
69,Shugo Imahira,264.3,"47,578.000",5
71,Austin Cook,264.6,"66,685.000",7
72,Kyle Stanley,265.1,"95,427.000",10
73,Corey Conners,265.5,"86,034.000",9
74,Brian Stuard,266.1,"67,048.000",7
75,Gary Woodland,268.6,"106,355.000",11
76,Nicholas Lindheim,272.1,"48,971.000",5
