rank,player,Avg RTP,Total Holes,Total RTP
1,Tony Finau,E,3,E
1,Tom Hoge,E,3,E
1,Si Woo Kim,E,1,E
1,Hideki Matsuyama,E,1,E
1,Denny McCarthy,E,1,E
1,Collin Morikawa,E,1,E
7,Cameron Young,+.250,4,+1.00
8,Eric Cole,+.333,3,+1.00
8,Jason Day,+.333,3,+1.00
8,Chris Kirk,+.333,3,+1.00
8,Nick Taylor,+.333,3,+1.00
12,Stephan Jaeger,+.429,7,+3.00
12,Xander Schauffele,+.429,7,+3.00
14,Byeong Hun An,+.500,2,+1.00
14,Akshay Bhatia,+.500,2,+1.00
14,Sam Burns,+.500,2,+1.00
14,Brice Garnett,+.500,2,+1.00
14,Matt McCarty,+.500,2,+1.00
14,Will Zalatoris,+.500,2,+1.00
20,Viktor Hovland,+.600,5,+3.00
21,Peter Malnati,+.625,8,+5.00
22,Ludvig Åberg,+.667,3,+2.00
22,Max Homa,+.667,3,+2.00
22,Billy Horschel,+.667,3,+2.00
22,Aaron Rai,+.667,3,+2.00
26,Keegan Bradley,+.750,4,+3.00
26,Patrick Cantlay,+.750,4,+3.00
26,Matthieu Pavon,+.750,4,+3.00
26,Jhonattan Vegas,+.750,4,+3.00
30,Adam Hadwin,+.800,5,+4.00
31,Christiaan Bezuidenhout,+1.000,1,+1.00
31,Wyndham Clark,+1.000,3,+3.00
31,Corey Conners,+1.000,4,+4.00
31,Thomas Detry,+1.000,3,+3.00
31,Nico Echavarria,+1.000,4,+4.00
31,Austin Eckroat,+1.000,1,+1.00
31,Matt Fitzpatrick,+1.000,2,+2.00
31,Chris Gotterup,+1.000,5,+5.00
31,Max Greyserman,+1.000,1,+1.00
31,Brian Harman,+1.000,8,+8.00
31,Russell Henley,+1.000,1,+1.00
31,Sungjae Im,+1.000,2,+2.00
31,Patton Kizzire,+1.000,2,+2.00
31,Robert MacIntyre,+1.000,2,+2.00
31,J.T. Poston,+1.000,3,+3.00
31,Adam Scott,+1.000,2,+2.00
31,Sepp Straka,+1.000,3,+3.00
31,Justin Thomas,+1.000,6,+6.00
49,Taylor Pendrith,+1.250,4,+5.00
50,Cam Davis,+1.333,3,+4.00
51,Rafael Campos,+1.400,5,+7.00
52,Nick Dunlap,+1.667,3,+5.00
53,Jake Knapp,+1.800,5,+9.00
54,Sahith Theegala,+2.000,2,+4.00
54,Kevin Yu,+2.000,1,+2.00
