rank,player,Avg RTP,Total Holes,Total RTP
1,Rafael Campos,E,3,E
1,Corey Conners,E,1,E
1,Jason Day,E,1,E
1,Nick Dunlap,E,2,E
1,Nico Echavarria,E,5,E
1,Tony Finau,E,5,E
1,Matt Fitzpatrick,E,2,E
1,Adam Hadwin,E,4,E
1,Harry Hall,E,3,E
1,Brian Harman,E,1,E
1,Robert MacIntyre,E,3,E
1,Denny McCarthy,E,3,E
1,Kevin Yu,E,6,E
14,Akshay Bhatia,+.125,8,+1.00
14,Thomas Detry,+.125,8,+1.00
14,Brice Garnett,+.125,8,+1.00
17,Ludvig Åberg,+.143,7,+1.00
17,Eric Cole,+.143,7,+1.00
19,Christiaan Bezuidenhout,+.167,6,+1.00
20,Cameron Young,+.182,11,+2.00
21,Cam Davis,+.200,5,+1.00
21,Hideki Matsuyama,+.200,5,+1.00
21,Matthieu Pavon,+.200,10,+2.00
21,Taylor Pendrith,+.200,5,+1.00
25,Sungjae Im,+.250,8,+2.00
26,Peter Malnati,+.273,11,+3.00
27,Matt McCarty,+.300,10,+3.00
28,Russell Henley,+.333,6,+2.00
28,Maverick McNealy,+.333,3,+1.00
28,Will Zalatoris,+.333,3,+1.00
31,Stephan Jaeger,+.375,8,+3.00
32,Byeong Hun An,+.400,5,+2.00
32,Justin Thomas,+.400,5,+2.00
32,Davis Thompson,+.400,5,+2.00
35,Si Woo Kim,+.417,12,+5.00
36,J.T. Poston,+.429,7,+3.00
37,Keegan Bradley,+.500,4,+2.00
37,Patton Kizzire,+.500,8,+4.00
37,Collin Morikawa,+.500,2,+1.00
37,Sepp Straka,+.500,4,+2.00
37,Jhonattan Vegas,+.500,4,+2.00
42,Austin Eckroat,+.571,7,+4.00
43,Wyndham Clark,+.600,5,+3.00
43,Max Greyserman,+.600,5,+3.00
43,Aaron Rai,+.600,5,+3.00
43,Adam Scott,+.600,5,+3.00
43,Sahith Theegala,+.600,5,+3.00
48,Sam Burns,+.667,3,+2.00
48,Billy Horschel,+.667,3,+2.00
48,Chris Kirk,+.667,6,+4.00
48,Jake Knapp,+.667,6,+4.00
48,Nick Taylor,+.667,6,+4.00
53,Patrick Cantlay,+.750,4,+3.00
54,Viktor Hovland,+.800,5,+4.00
55,Max Homa,+1.000,2,+2.00
55,Xander Schauffele,+1.000,2,+2.00
