rank,player,Avg RTP,Total Holes,Total RTP
1,Denny McCarthy,-.250,4,-1.00
2,Tom Hoge,E,4,E
2,Maverick McNealy,E,3,E
2,Sahith Theegala,E,4,E
5,Christiaan Bezuidenhout,+.125,8,+1.00
6,Byeong Hun An,+.250,4,+1.00
6,Tony Finau,+.250,4,+1.00
6,Brice Garnett,+.250,4,+1.00
6,Si Woo Kim,+.250,8,+2.00
6,Matt McCarty,+.250,8,+2.00
6,Cameron Young,+.250,8,+2.00
6,Kevin Yu,+.250,4,+1.00
13,Nico Echavarria,+.286,7,+2.00
14,Ludvig Åberg,+.333,3,+1.00
14,Jason Day,+.333,3,+1.00
14,Harry Hall,+.333,3,+1.00
14,Billy Horschel,+.333,3,+1.00
14,Sungjae Im,+.333,6,+2.00
14,Collin Morikawa,+.333,3,+1.00
14,Will Zalatoris,+.333,3,+1.00
21,Matt Fitzpatrick,+.400,5,+2.00
21,Adam Hadwin,+.400,5,+2.00
21,Stephan Jaeger,+.400,5,+2.00
24,Thomas Detry,+.444,9,+4.00
25,Akshay Bhatia,+.500,2,+1.00
25,Sam Burns,+.500,4,+2.00
25,Wyndham Clark,+.500,6,+3.00
25,Hideki Matsuyama,+.500,2,+1.00
25,Adam Scott,+.500,4,+2.00
25,Sepp Straka,+.500,4,+2.00
25,Nick Taylor,+.500,4,+2.00
32,Patrick Cantlay,+.571,7,+4.00
32,J.T. Poston,+.571,7,+4.00
32,Justin Thomas,+.571,7,+4.00
35,Eric Cole,+.600,5,+3.00
35,Max Greyserman,+.600,5,+3.00
35,Robert MacIntyre,+.600,5,+3.00
38,Viktor Hovland,+.625,8,+5.00
38,Peter Malnati,+.625,8,+5.00
40,Corey Conners,+.667,3,+2.00
40,Cam Davis,+.667,6,+4.00
40,Nick Dunlap,+.667,3,+2.00
40,Chris Gotterup,+.667,3,+2.00
40,Russell Henley,+.667,6,+4.00
40,Matthieu Pavon,+.667,6,+4.00
40,Aaron Rai,+.667,3,+2.00
47,Patton Kizzire,+.714,7,+5.00
48,Rafael Campos,+.750,4,+3.00
48,Max Homa,+.750,4,+3.00
48,Chris Kirk,+.750,8,+6.00
48,Jake Knapp,+.750,8,+6.00
52,Xander Schauffele,+.800,5,+4.00
52,Jhonattan Vegas,+.800,5,+4.00
54,Keegan Bradley,+1.000,2,+2.00
54,Austin Eckroat,+1.000,5,+5.00
54,Taylor Pendrith,+1.000,1,+1.00
57,Brian Harman,+1.200,5,+6.00
