rank,player,Avg RTP,Total Holes,Total RTP
1,Tom Hoge,-.500,2,-1.00
2,Ludvig Åberg,E,1,E
2,Akshay Bhatia,E,3,E
2,Keegan Bradley,E,1,E
2,Wyndham Clark,E,1,E
2,Thomas Detry,E,2,E
2,Nick Dunlap,E,2,E
2,Max Homa,E,2,E
2,Viktor Hovland,E,1,E
2,Sungjae Im,E,1,E
2,Hideki Matsuyama,E,1,E
2,Aaron Rai,E,2,E
2,Xander Schauffele,E,1,E
2,Nick Taylor,E,2,E
2,Jhonattan Vegas,E,1,E
2,Will Zalatoris,E,2,E
17,Christiaan Bezuidenhout,+.200,5,+1.00
17,Adam Hadwin,+.200,5,+1.00
19,Byeong Hun An,+.250,4,+1.00
19,Max Greyserman,+.250,4,+1.00
19,Patton Kizzire,+.250,4,+1.00
19,Sahith Theegala,+.250,4,+1.00
23,Sam Burns,+.333,3,+1.00
23,Rafael Campos,+.333,3,+1.00
23,Patrick Cantlay,+.333,3,+1.00
23,Maverick McNealy,+.333,3,+1.00
23,Davis Thompson,+.333,3,+1.00
28,Corey Conners,+.500,2,+1.00
28,Nico Echavarria,+.500,2,+1.00
28,Tony Finau,+.500,2,+1.00
28,Brian Harman,+.500,4,+2.00
28,Robert MacIntyre,+.500,2,+1.00
28,Adam Scott,+.500,4,+2.00
28,Sepp Straka,+.500,2,+1.00
28,Justin Thomas,+.500,2,+1.00
36,Cam Davis,+.600,5,+3.00
36,Matt Fitzpatrick,+.600,5,+3.00
36,Harry Hall,+.600,5,+3.00
39,Eric Cole,+.667,3,+2.00
39,Austin Eckroat,+.667,3,+2.00
39,Chris Gotterup,+.667,3,+2.00
39,Stephan Jaeger,+.667,3,+2.00
39,Chris Kirk,+.667,3,+2.00
39,Jake Knapp,+.667,3,+2.00
39,Peter Malnati,+.667,3,+2.00
39,Matthieu Pavon,+.667,3,+2.00
39,J.T. Poston,+.667,3,+2.00
39,Kevin Yu,+.667,3,+2.00
49,Russell Henley,+.750,4,+3.00
49,Matt McCarty,+.750,4,+3.00
51,Jason Day,+1.000,1,+1.00
51,Brice Garnett,+1.000,1,+1.00
51,Billy Horschel,+1.000,3,+3.00
51,Denny McCarthy,+1.000,3,+3.00
51,Cameron Young,+1.000,2,+2.00
56,Si Woo Kim,+1.500,2,+3.00
