rank,player,%,Attempts
1,Keegan Bradley,100.00,8
1,K.J. Choi,100.00,8
1,Harris English,100.00,8
1,Brian Harman,100.00,8
1,John Huh,100.00,8
1,Billy Mayfair,100.00,8
1,D.A. Points,100.00,8
1,Kyle Stanley,100.00,8
9,Stephen Ames,87.50,7
9,Kris Blanks,87.50,7
9,Will Claxton,87.50,7
9,Graham DeLaet,87.50,7
9,Harrison Frazar,87.50,7
9,Tadd Fujikawa,87.50,7
9,Bobby Gates,87.50,7
9,Charles Howell III,87.50,7
9,Jerry Kelly,87.50,7
9,J.J. Killeen,87.50,7
9,Chris Kirk,87.50,7
9,William McGirt,87.50,7
9,S.Y. Noh,87.50,7
9,Sean O'Hair,87.50,7
9,Koumei Oda,87.50,7
9,Greg Owen,87.50,7
9,Pat Perez,87.50,7
9,Scott Piercy,87.50,7
9,"Ted Potter, Jr.",87.50,7
9,Webb Simpson,87.50,7
9,Vijay Singh,87.50,7
9,Steve Stricker,87.50,7
9,Josh Teater,87.50,7
9,Jhonattan Vegas,87.50,7
9,Johnson Wagner,87.50,7
34,Bud Cauley,75.00,6
34,Kevin Chappell,75.00,6
34,Erik Compton,75.00,6
34,Ken Duke,75.00,6
34,David Hearn,75.00,6
34,Tim Herron,75.00,6
34,Doug LaBelle II,75.00,6
34,Jarrod Lyle,75.00,6
34,Jeff Maggert,75.00,6
34,George McNeill,75.00,6
34,Joe Ogilvie,75.00,6
34,Jeff Overton,75.00,6
34,Corey Pavin,75.00,6
34,Carl Pettersson,75.00,6
34,Rory Sabbatini,75.00,6
34,John Senden,75.00,6
34,Chris Stroud,75.00,6
34,Daniel Summerhays,75.00,6
52,Sangmoon Bae,62.50,5
52,Jonas Blixt,62.50,5
52,Stewart Cink,62.50,5
52,Gavin Coles,62.50,5
52,Brendon de Jonge,62.50,5
52,Chris DiMarco,62.50,5
52,Matt Every,62.50,5
52,Brian Gay,62.50,5
52,Zach Johnson,62.50,5
52,Colt Knost,62.50,5
52,Justin Leonard,62.50,5
52,Spencer Levin,62.50,5
52,Tom Pernice Jr.,62.50,5
52,John Rollins,62.50,5
52,Michael Thompson,62.50,5
52,Brendon Todd,62.50,5
52,Duffy Waldorf,62.50,5
69,Roberto Castro,50.00,4
70,Tommy Biershenk,37.50,3
