rank,player,%,# of Birdie or Better,Attempts,RTP-Successes,RTP-Not going for the grn
1,Jonas Blixt,100.00,6,6,-7,+1.00
1,Chris Stroud,100.00,7,7,-7,-1.00
1,Michael Thompson,100.00,5,5,-6,-1.00
1,Brendon Todd,100.00,7,7,-7,+1.00
5,Pat Perez,90.00,9,10,-9,-1.00
6,Kris Blanks,87.50,7,8,-8,-1.00
6,Kevin Chappell,87.50,7,8,-7,E
6,Matt Every,87.50,7,8,-7,-1.00
6,Steve Stricker,87.50,7,8,-7,-2.00
10,Chris DiMarco,85.71,6,7,-7,-2.00
10,David Hearn,85.71,6,7,-7,E
12,Sangmoon Bae,83.33,5,6,-5,E
12,Brian Gay,83.33,5,6,-5,-2.00
12,Tom Pernice Jr.,83.33,5,6,-5,-1.00
12,Duffy Waldorf,83.33,5,6,-6,-1.00
16,John Huh,81.82,9,11,-10,E
17,Graham DeLaet,80.00,8,10,-9,-2.00
17,J.J. Killeen,80.00,8,10,-9,+1.00
17,Colt Knost,80.00,4,5,-4,-1.00
20,Johnson Wagner,77.78,7,9,-9,-1.00
21,Stephen Ames,75.00,6,8,-6,-1.00
21,Stewart Cink,75.00,6,8,-6,-2.00
21,Tim Herron,75.00,6,8,-6,E
21,Charles Howell III,75.00,6,8,-7,E
21,Jeff Overton,75.00,6,8,-6,-1.00
26,Kyle Stanley,72.73,8,11,-8,E
27,Doug LaBelle II,71.43,5,7,-5,E
27,Justin Leonard,71.43,5,7,-5,E
27,Corey Pavin,71.43,5,7,-5,-3.00
30,Tadd Fujikawa,70.00,7,10,-8,E
30,Bobby Gates,70.00,7,10,-9,E
30,Brian Harman,70.00,7,10,-8,-1.00
30,Sean O'Hair,70.00,7,10,-7,E
30,Carl Pettersson,70.00,7,10,-7,-1.00
30,Scott Piercy,70.00,7,10,-8,E
30,John Senden,70.00,7,10,-7,E
37,Tommy Biershenk,66.67,4,6,-5,E
37,Roberto Castro,66.67,4,6,-4,-1.00
37,Bud Cauley,66.67,6,9,-6,E
37,Brendon de Jonge,66.67,6,9,-6,E
37,Jarrod Lyle,66.67,6,9,-6,E
37,George McNeill,66.67,6,9,-6,+1.00
43,Harris English,63.64,7,11,-7,-1.00
43,Harrison Frazar,63.64,7,11,-8,-1.00
45,Zach Johnson,62.50,5,8,-6,-3.00
45,Daniel Summerhays,62.50,5,8,-5,-1.00
47,K.J. Choi,60.00,6,10,-6,E
47,D.A. Points,60.00,6,10,-6,-1.00
47,Jhonattan Vegas,60.00,6,10,-6,E
50,Jerry Kelly,55.56,5,9,-5,-2.00
50,Jeff Maggert,55.56,5,9,-7,-2.00
50,John Rollins,55.56,5,9,-5,E
50,Rory Sabbatini,55.56,5,9,-5,-1.00
54,Billy Mayfair,54.55,6,11,-6,+1.00
55,Will Claxton,50.00,5,10,-5,E
55,Gavin Coles,50.00,3,6,-3,-4.00
55,Ken Duke,50.00,4,8,-6,-1.00
55,Spencer Levin,50.00,4,8,-4,E
55,Joe Ogilvie,50.00,4,8,-4,-2.00
55,Josh Teater,50.00,5,10,-5,-1.00
61,Chris Kirk,45.45,5,11,-5,+1.00
61,Koumei Oda,45.45,5,11,-7,E
63,Erik Compton,44.44,4,9,-5,+1.00
63,Greg Owen,44.44,4,9,-4,-1.00
63,"Ted Potter, Jr.",44.44,4,9,-5,-1.00
66,Keegan Bradley,41.67,5,12,-6,E
67,Webb Simpson,40.00,4,10,-4,E
68,William McGirt,37.50,3,8,-3,-2.00
69,S.Y. Noh,30.00,3,10,-3,-1.00
70,Vijay Singh,27.27,3,11,-4,-1.00
