rank,player,%,Successes,Attempts,RTP-Successes,RTP-Not going for the grn
1,D.A. Points,70.00,7,10,-5,-1.00
2,Tom Pernice Jr.,66.67,4,6,-4,-1.00
3,Michael Thompson,60.00,3,5,-4,-1.00
4,Sangmoon Bae,50.00,3,6,-3,E
4,Tommy Biershenk,50.00,3,6,-3,E
4,Roberto Castro,50.00,3,6,-3,-1.00
4,Brian Harman,50.00,5,10,-6,-1.00
4,Pat Perez,50.00,5,10,-5,-1.00
4,Scott Piercy,50.00,5,10,-5,E
4,Daniel Summerhays,50.00,4,8,-4,-1.00
11,Billy Mayfair,45.45,5,11,-5,+1.00
11,Kyle Stanley,45.45,5,11,-5,E
13,Jarrod Lyle,44.44,4,9,-3,E
14,David Hearn,42.86,3,7,-4,E
15,Tadd Fujikawa,40.00,4,10,-4,E
15,Colt Knost,40.00,2,5,-2,-1.00
17,Stephen Ames,37.50,3,8,-3,-1.00
17,Kevin Chappell,37.50,3,8,-3,E
17,Ken Duke,37.50,3,8,-5,-1.00
17,Matt Every,37.50,3,8,-3,-1.00
17,Charles Howell III,37.50,3,8,-3,E
17,Spencer Levin,37.50,3,8,-3,E
17,William McGirt,37.50,3,8,-3,-2.00
17,Jeff Overton,37.50,3,8,-3,-1.00
25,Harrison Frazar,36.36,4,11,-5,-1.00
26,Jonas Blixt,33.33,2,6,-3,+1.00
26,Keegan Bradley,33.33,4,12,-5,E
26,Brian Gay,33.33,2,6,-2,-2.00
26,Jerry Kelly,33.33,3,9,-3,-2.00
26,Jeff Maggert,33.33,3,9,-5,-2.00
26,George McNeill,33.33,3,9,-3,+1.00
26,Greg Owen,33.33,3,9,-3,-1.00
26,Duffy Waldorf,33.33,2,6,-3,-1.00
34,K.J. Choi,30.00,3,10,-3,E
34,Bobby Gates,30.00,3,10,-4,E
34,J.J. Killeen,30.00,3,10,-4,+1.00
34,Carl Pettersson,30.00,3,10,-3,-1.00
34,John Senden,30.00,3,10,-3,E
34,Jhonattan Vegas,30.00,3,10,-3,E
40,Chris DiMarco,28.57,2,7,-3,-2.00
40,Justin Leonard,28.57,2,7,-2,E
40,Corey Pavin,28.57,2,7,-2,-3.00
40,Chris Stroud,28.57,2,7,-2,-1.00
40,Brendon Todd,28.57,2,7,-2,+1.00
45,John Huh,27.27,3,11,-4,E
45,Chris Kirk,27.27,3,11,-3,+1.00
45,Koumei Oda,27.27,3,11,-5,E
45,Vijay Singh,27.27,3,11,-3,-1.00
49,Kris Blanks,25.00,2,8,-3,-1.00
49,Stewart Cink,25.00,2,8,-2,-2.00
49,Tim Herron,25.00,2,8,-1,E
49,Zach Johnson,25.00,2,8,-2,-3.00
49,Joe Ogilvie,25.00,2,8,-2,-2.00
49,Steve Stricker,25.00,2,8,-2,-2.00
55,Bud Cauley,22.22,2,9,-2,E
55,"Ted Potter, Jr.",22.22,2,9,-3,-1.00
55,John Rollins,22.22,2,9,-2,E
55,Johnson Wagner,22.22,2,9,-3,-1.00
59,Will Claxton,20.00,2,10,-2,E
59,Graham DeLaet,20.00,2,10,-2,-2.00
59,S.Y. Noh,20.00,2,10,-2,-1.00
59,Sean O'Hair,20.00,2,10,-2,E
59,Webb Simpson,20.00,2,10,-2,E
64,Harris English,18.18,2,11,-2,-1.00
65,Gavin Coles,16.67,1,6,-1,-4.00
66,Doug LaBelle II,14.29,1,7,-1,E
67,Erik Compton,11.11,1,9,-2,+1.00
67,Brendon de Jonge,11.11,1,9,-1,E
67,Rory Sabbatini,11.11,1,9,-1,-1.00
70,Josh Teater,10.00,1,10,-1,-1.00
