rank,player,%,Attempts,RTP-Going for the green,RTP-Not going for the grn
1,Keegan Bradley,100.00,12,-5,E
2,Harris English,91.67,11,-7,-1
2,Harrison Frazar,91.67,11,-7,-1
2,John Huh,91.67,11,-10,E
2,Chris Kirk,91.67,11,-4,+1
2,Billy Mayfair,91.67,11,-6,+1
2,Koumei Oda,91.67,11,-6,E
2,Vijay Singh,91.67,11,-4,-1
2,Kyle Stanley,91.67,11,-8,E
10,K.J. Choi,83.33,10,-6,E
10,Will Claxton,83.33,10,-5,E
10,Graham DeLaet,83.33,10,-9,-2
10,Tadd Fujikawa,83.33,10,-7,E
10,Bobby Gates,83.33,10,-9,E
10,Brian Harman,83.33,10,-8,-1
10,J.J. Killeen,83.33,10,-9,+1
10,S.Y. Noh,83.33,10,-2,-1
10,Sean O'Hair,83.33,10,-7,E
10,Pat Perez,83.33,10,-9,-1
10,Carl Pettersson,83.33,10,-6,-1
10,Scott Piercy,83.33,10,-8,E
10,D.A. Points,83.33,10,-6,-1
10,John Senden,83.33,10,-7,E
10,Webb Simpson,83.33,10,-4,E
10,Josh Teater,83.33,10,-5,-1
10,Jhonattan Vegas,83.33,10,-6,E
27,Bud Cauley,75.00,9,-6,E
27,Erik Compton,75.00,9,-5,+1
27,Brendon de Jonge,75.00,9,-5,E
27,Jerry Kelly,75.00,9,-4,-2
27,Jarrod Lyle,75.00,9,-6,E
27,Jeff Maggert,75.00,9,-6,-2
27,George McNeill,75.00,9,-6,+1
27,Greg Owen,75.00,9,-4,-1
27,"Ted Potter, Jr.",75.00,9,-5,-1
27,John Rollins,75.00,9,-5,E
27,Rory Sabbatini,75.00,9,-5,-1
27,Johnson Wagner,75.00,9,-9,-1
39,Stephen Ames,66.67,8,-6,-1
39,Kris Blanks,66.67,8,-7,-1
39,Kevin Chappell,66.67,8,-7,E
39,Stewart Cink,66.67,8,-5,-2
39,Ken Duke,66.67,8,-6,-1
39,Matt Every,66.67,8,-7,-1
39,Tim Herron,66.67,8,-6,E
39,Charles Howell III,66.67,8,-7,E
39,Zach Johnson,66.67,8,-6,-3
39,Spencer Levin,66.67,8,-4,E
39,William McGirt,66.67,8,-3,-2
39,Joe Ogilvie,66.67,8,-3,-2
39,Jeff Overton,66.67,8,-6,-1
39,Steve Stricker,66.67,8,-6,-2
39,Daniel Summerhays,66.67,8,-5,-1
54,Chris DiMarco,58.33,7,-7,-2
54,David Hearn,58.33,7,-7,E
54,Doug LaBelle II,58.33,7,-5,E
54,Justin Leonard,58.33,7,-5,E
54,Corey Pavin,58.33,7,-5,-3
54,Chris Stroud,58.33,7,-7,-1
54,Brendon Todd,58.33,7,-7,+1
61,Sangmoon Bae,50.00,6,-5,E
61,Tommy Biershenk,50.00,6,-5,E
61,Jonas Blixt,50.00,6,-7,+1
61,Roberto Castro,50.00,6,-4,-1
61,Gavin Coles,50.00,6,-3,-4
61,Brian Gay,50.00,6,-5,-2
61,Tom Pernice Jr.,50.00,6,-5,-1
61,Duffy Waldorf,50.00,6,-6,-1
69,Colt Knost,41.67,5,-4,-1
69,Michael Thompson,41.67,5,-6,-1
