rank,player,Avg,Total Dist after GFG Shot,Total GFG Shots
1,D.A. Points,13.5,"4,869.000",10
2,Tom Pernice Jr.,14.5,"3,125.000",6
3,Michael Thompson,14.7,"2,646.000",5
4,Jonas Blixt,16.7,"3,606.000",6
5,Matt Every,17.1,"4,913.000",8
5,Brian Harman,17.1,"6,165.000",10
7,Graham DeLaet,17.6,"6,331.000",10
8,David Hearn,18.0,"4,545.000",7
8,Pat Perez,18.0,"6,492.000",10
10,Ken Duke,18.7,"5,399.000",8
11,Stewart Cink,18.9,"5,429.000",8
12,Colt Knost,19.2,"3,457.000",5
12,Billy Mayfair,19.2,"7,604.000",11
14,Harrison Frazar,19.3,"7,627.000",11
15,Kris Blanks,19.8,"5,714.000",8
16,Sangmoon Bae,19.9,"4,290.000",6
16,Brian Gay,19.9,"4,292.000",6
18,Bobby Gates,20.1,"7,230.000",10
19,K.J. Choi,20.4,"7,341.000",10
19,Zach Johnson,20.4,"5,887.000",8
21,Kyle Stanley,20.5,"8,099.000",11
22,Jarrod Lyle,20.7,"6,693.000",9
22,Sean O'Hair,20.7,"7,459.000",10
22,Scott Piercy,20.7,"7,450.000",10
22,John Senden,20.7,"7,446.000",10
22,Johnson Wagner,20.7,"6,695.000",9
27,Tadd Fujikawa,20.8,"7,490.000",10
27,William McGirt,20.8,"5,999.000",8
29,Bud Cauley,20.9,"6,770.000",9
29,Daniel Summerhays,20.9,"6,009.000",8
31,Tommy Biershenk,21.0,"4,526.000",6
32,John Huh,21.4,"8,482.000",11
33,Jeff Overton,21.5,"6,198.000",8
34,Will Claxton,21.9,"7,892.000",10
35,Jeff Maggert,22.1,"7,146.000",9
36,Keegan Bradley,22.2,"9,593.000",12
37,Stephen Ames,22.3,"6,409.000",8
37,Doug LaBelle II,22.3,"5,628.000",7
39,Roberto Castro,22.6,"4,880.000",6
40,Harris English,22.9,"9,079.000",11
41,Kevin Chappell,23.0,"6,621.000",8
41,Carl Pettersson,23.0,"8,271.000",10
43,Webb Simpson,23.1,"8,322.000",10
43,Jhonattan Vegas,23.1,"8,333.000",10
45,Chris Kirk,23.7,"9,391.000",11
45,Greg Owen,23.7,"7,683.000",9
47,Charles Howell III,23.9,"6,881.000",8
47,Chris Stroud,23.9,"6,027.000",7
49,Gavin Coles,24.0,"5,194.000",6
50,George McNeill,24.5,"7,928.000",9
50,John Rollins,24.5,"7,929.000",9
52,Josh Teater,24.8,"8,936.000",10
53,Steve Stricker,24.9,"7,161.000",8
54,Erik Compton,25.0,"8,110.000",9
54,Brendon Todd,25.0,"6,312.000",7
56,Koumei Oda,25.1,"9,948.000",11
57,Corey Pavin,25.3,"6,372.000",7
58,Chris DiMarco,25.7,"6,488.000",7
58,J.J. Killeen,25.7,"9,251.000",10
58,Rory Sabbatini,25.7,"8,328.000",9
61,S.Y. Noh,25.8,"9,297.000",10
62,Tim Herron,25.9,"7,450.000",8
63,Jerry Kelly,26.1,"8,442.000",9
64,Spencer Levin,26.5,"7,644.000",8
65,Justin Leonard,26.9,"6,776.000",7
66,Vijay Singh,27.5,"10,890.000",11
67,Brendon de Jonge,28.2,"9,125.000",9
68,Joe Ogilvie,28.3,"8,149.000",8
69,"Ted Potter, Jr.",28.4,"9,199.000",9
70,Duffy Waldorf,28.9,"6,250.000",6
