rank,player,Avg RTP
1,Ryan Palmer,-1.000
1,Kyle Stanley,-1.000
3,Brian Harman,-.500
3,Kevin Kisner,-.500
3,Sahith Theegala,-.500
6,Lucas Glover,-.333
6,Hudson Swafford,-.333
6,Kevin Tway,-.333
9,Harris English,-.250
9,Justin Lower,-.250
11,Ryan Armour,E
11,Joseph Bramlett,E
11,Hayden Buckley,E
11,Stewart Cink,E
11,Cam Davis,E
11,Brett Drewitt,E
11,Jim Furyk,E
11,Russell Henley,E
11,Kramer Hickok,E
11,Charles Howell III,E
11,Jim Knous,E
11,Russell Knox,E
11,Satoshi Kodaira,E
11,Jason Kokrak,E
11,Matt Kuchar,E
11,Marc Leishman,E
11,Denny McCarthy,E
11,Maverick McNealy,E
11,Keith Mitchell,E
11,Keita Nakajima,E
11,J.T. Poston,E
11,Seamus Power,E
11,Andrew Putnam,E
11,Davis Riley,E
11,Webb Simpson,E
11,Brandt Snedeker,E
11,Sepp Straka,E
11,Adam Svensson,E
11,Michael Thompson,E
11,Jimmy Walker,E
41,Corey Conners,+.200
42,Wesley Bryan,+.250
42,Kevin Chappell,+.250
42,Patton Kizzire,+.250
42,Haotong Li,+.250
46,Talor Gooch,+.333
46,Ben Kohles,+.333
46,Dylan Wu,+.333
49,Henrik Norlander,+.400
50,Paul Barjon,+.500
50,Luke Donald,+.500
50,Billy Horschel,+.500
50,Kevin Na,+.500
50,Greyson Sigg,+.500
50,Vaughn Taylor,+.500
50,Brendon Todd,+.500
57,Chris Kirk,+.667
57,Erik van Rooyen,+.667
57,Vince Whaley,+.667
60,Christiaan Bezuidenhout,+1.000
60,Keegan Bradley,+1.000
60,Sam Ryder,+1.000
