rank,player,Avg RTP
1,Maverick McNealy,-2.000
2,Christiaan Bezuidenhout,-1.500
2,Brendon Todd,-1.500
2,Erik van Rooyen,-1.500
5,Wesley Bryan,-1.000
5,Kevin Chappell,-1.000
5,Stewart Cink,-1.000
5,Kramer Hickok,-1.000
5,Si Woo Kim,-1.000
5,Chris Kirk,-1.000
5,Ben Kohles,-1.000
5,Haotong Li,-1.000
5,Keith Mitchell,-1.000
5,Kevin Na,-1.000
5,Henrik Norlander,-1.000
5,Ryan Palmer,-1.000
5,J.T. Poston,-1.000
5,Seamus Power,-1.000
5,Sam Ryder,-1.000
5,Greyson Sigg,-1.000
5,Adam Svensson,-1.000
5,Hudson Swafford,-1.000
5,Kevin Tway,-1.000
5,Vince Whaley,-1.000
25,Kevin Kisner,-.750
26,Ryan Armour,-.667
26,K.H. Lee,-.667
26,Keita Nakajima,-.667
26,Andrew Putnam,-.667
30,Russell Knox,-.500
30,Matt Kuchar,-.500
30,Brandt Snedeker,-.500
33,Brett Drewitt,-.333
33,Jim Furyk,-.333
33,Brian Harman,-.333
36,Corey Conners,E
36,Luke Donald,E
36,Harris English,E
36,Lucas Glover,E
36,Russell Henley,E
36,Denny McCarthy,E
36,Davis Riley,E
36,Webb Simpson,E
36,Vaughn Taylor,E
