rank,player,Avg RTP
1,Christiaan Bezuidenhout,-1.000
1,Si Woo Kim,-1.000
1,Russell Knox,-1.000
1,Jason Kokrak,-1.000
1,Haotong Li,-1.000
1,Keita Nakajima,-1.000
1,Sam Ryder,-1.000
1,Sepp Straka,-1.000
9,Patton Kizzire,-.500
9,Justin Lower,-.500
9,Andrew Putnam,-.500
12,Ryan Armour,E
12,Keegan Bradley,E
12,Joseph Bramlett,E
12,Wesley Bryan,E
12,Hayden Buckley,E
12,Corey Conners,E
12,Luke Donald,E
12,Russell Henley,E
12,Billy Horschel,E
12,Keith Mitchell,E
12,Kevin Na,E
12,Henrik Norlander,E
12,Greyson Sigg,E
12,Kyle Stanley,E
12,Brendon Todd,E
12,Jimmy Walker,E
28,Sahith Theegala,+.250
29,Jim Knous,+.500
29,Ben Kohles,+.500
31,Harris English,+1.000
31,Jim Furyk,+1.000
31,Ryan Palmer,+1.000
31,Davis Riley,+1.000
