rank,player,Avg RTP
1,Seamus Power,-.500
2,Kyle Stanley,-.429
3,Matt Kuchar,-.300
4,Adam Svensson,-.250
5,Justin Lower,-.231
6,Lucas Glover,-.222
7,Keith Mitchell,-.214
8,Jason Kokrak,-.211
9,Brian Harman,-.190
10,Ryan Palmer,-.167
11,Sahith Theegala,-.136
12,Luke Donald,-.118
13,Talor Gooch,-.111
13,Kramer Hickok,-.111
13,Haotong Li,-.111
13,Andrew Putnam,-.111
13,Michael Thompson,-.111
18,Hudson Swafford,-.100
19,Cam Davis,-.091
19,Keita Nakajima,-.091
21,Kevin Kisner,-.083
21,Hideki Matsuyama,-.083
23,K.H. Lee,-.077
24,Ryan Armour,E
24,Christiaan Bezuidenhout,E
24,Joseph Bramlett,E
24,Corey Conners,E
24,Charles Howell III,E
24,Russell Knox,E
24,Marc Leishman,E
31,Kevin Tway,+.059
32,J.T. Poston,+.071
33,Kevin Chappell,+.077
34,Brett Drewitt,+.083
34,Harris English,+.083
34,Chris Kirk,+.083
37,Billy Horschel,+.091
37,Maverick McNealy,+.091
39,Russell Henley,+.100
39,Patton Kizzire,+.100
41,Hayden Buckley,+.125
41,Satoshi Kodaira,+.125
41,Denny McCarthy,+.125
44,Sam Ryder,+.143
45,Wesley Bryan,+.154
45,Jim Furyk,+.154
45,Kevin Na,+.154
48,Ben Kohles,+.188
48,Henrik Norlander,+.188
50,Jimmy Walker,+.190
51,Si Woo Kim,+.200
51,Greyson Sigg,+.200
51,Sepp Straka,+.200
54,Paul Barjon,+.214
54,Brendon Todd,+.214
56,Dylan Wu,+.222
57,Brandt Snedeker,+.231
58,Stewart Cink,+.235
59,Webb Simpson,+.250
59,Vince Whaley,+.250
61,Keegan Bradley,+.273
61,Jim Knous,+.273
63,Vaughn Taylor,+.308
64,Erik van Rooyen,+.400
65,Davis Riley,+.429
