rank,player,%,Total Birdies,Total Holes
1,Adam Svensson,62.50,5,8
2,Harris English,55.56,5,9
3,Kramer Hickok,53.85,7,13
4,Russell Knox,46.67,7,15
5,Hideki Matsuyama,46.15,6,13
6,Davis Riley,43.75,7,16
7,Sahith Theegala,41.67,5,12
8,Kyle Stanley,41.18,7,17
9,Kevin Kisner,40.00,4,10
10,Erik van Rooyen,38.89,7,18
11,Kevin Na,38.46,5,13
12,Ryan Armour,37.50,6,16
13,Denny McCarthy,35.71,5,14
14,Christiaan Bezuidenhout,35.29,6,17
15,Corey Conners,33.33,5,15
15,Billy Horschel,33.33,6,18
15,Matt Kuchar,33.33,4,12
18,Keegan Bradley,31.25,5,16
18,Stewart Cink,31.25,5,16
18,Russell Henley,31.25,5,16
21,Joseph Bramlett,30.43,7,23
22,Ben Kohles,28.57,4,14
22,Ryan Palmer,28.57,4,14
22,Andrew Putnam,28.57,4,14
22,Sam Ryder,28.57,4,14
22,Hudson Swafford,28.57,4,14
27,Haotong Li,27.27,6,22
28,Lucas Glover,26.67,4,15
28,Vaughn Taylor,26.67,4,15
30,Charles Howell III,26.32,5,19
31,Seamus Power,25.00,3,12
31,Michael Thompson,25.00,3,12
33,Brian Harman,23.08,3,13
33,Keith Mitchell,23.08,3,13
35,K.H. Lee,22.22,4,18
35,Greyson Sigg,22.22,4,18
35,Brendon Todd,22.22,2,9
38,Kevin Chappell,21.43,3,14
38,Satoshi Kodaira,21.43,3,14
40,Luke Donald,20.00,2,10
40,Vince Whaley,20.00,3,15
42,Patton Kizzire,18.75,3,16
43,Cam Davis,18.18,2,11
44,Paul Barjon,17.65,3,17
44,J.T. Poston,17.65,3,17
46,Hayden Buckley,15.38,2,13
46,Talor Gooch,15.38,2,13
46,Justin Lower,15.38,2,13
49,Wesley Bryan,14.29,2,14
49,Jim Furyk,14.29,1,7
51,Sepp Straka,13.64,3,22
52,Jim Knous,13.33,2,15
52,Dylan Wu,13.33,2,15
54,Brett Drewitt,12.50,2,16
54,Maverick McNealy,12.50,2,16
56,Keita Nakajima,10.00,1,10
57,Jason Kokrak,9.09,1,11
57,Henrik Norlander,9.09,1,11
59,Jimmy Walker,7.69,1,13
60,Si Woo Kim,7.14,1,14
60,Chris Kirk,7.14,1,14
60,Kevin Tway,7.14,1,14
63,Marc Leishman,6.25,1,16
63,Webb Simpson,6.25,1,16
65,Brandt Snedeker,.00,0,13
