rank,player,Avg RTP
1,Seamus Power,-.667
1,Adam Svensson,-.667
3,Kyle Stanley,-.333
4,Keith Mitchell,-.267
5,Christiaan Bezuidenhout,-.250
5,Talor Gooch,-.250
5,Billy Horschel,-.250
8,Keita Nakajima,-.222
9,Marc Leishman,-.167
10,Chris Kirk,-.143
10,Justin Lower,-.143
10,Hudson Swafford,-.143
10,Michael Thompson,-.143
14,Jason Kokrak,-.100
15,Hayden Buckley,E
15,Cam Davis,E
15,Luke Donald,E
15,Lucas Glover,E
15,Brian Harman,E
15,Kramer Hickok,E
15,Kevin Kisner,E
15,Jim Knous,E
15,Russell Knox,E
15,Satoshi Kodaira,E
15,Matt Kuchar,E
15,K.H. Lee,E
15,Haotong Li,E
15,Hideki Matsuyama,E
15,Maverick McNealy,E
15,Ryan Palmer,E
15,Andrew Putnam,E
15,Davis Riley,E
33,Sahith Theegala,+.083
34,Joseph Bramlett,+.091
35,Dylan Wu,+.111
36,Brett Drewitt,+.125
36,Patton Kizzire,+.125
38,Sepp Straka,+.143
39,Wesley Bryan,+.167
39,J.T. Poston,+.167
41,Stewart Cink,+.188
42,Corey Conners,+.200
42,Harris English,+.200
42,Denny McCarthy,+.200
42,Greyson Sigg,+.200
42,Brendon Todd,+.200
47,Sam Ryder,+.222
47,Brandt Snedeker,+.222
49,Paul Barjon,+.250
49,Russell Henley,+.250
49,Kevin Na,+.250
49,Vince Whaley,+.250
53,Henrik Norlander,+.286
54,Keegan Bradley,+.300
55,Jim Furyk,+.333
55,Charles Howell III,+.333
57,Kevin Tway,+.364
58,Kevin Chappell,+.375
59,Ben Kohles,+.400
60,Webb Simpson,+.417
61,Jimmy Walker,+.444
62,Ryan Armour,+.500
62,Si Woo Kim,+.500
62,Erik van Rooyen,+.500
65,Vaughn Taylor,+.571
