rank,player,Avg RTP
1,Adam Svensson,-1.000
1,Michael Thompson,-1.000
3,Joseph Bramlett,-.667
4,Paul Barjon,-.500
4,Charles Howell III,-.500
4,Ryan Palmer,-.500
4,Seamus Power,-.500
4,Davis Riley,-.500
9,Chris Kirk,-.333
10,Keith Mitchell,-.250
11,Stewart Cink,-.200
12,Ryan Armour,E
12,Wesley Bryan,E
12,Luke Donald,E
12,Talor Gooch,E
12,Russell Henley,E
12,Si Woo Kim,E
12,Jim Knous,E
12,Jason Kokrak,E
12,Matt Kuchar,E
12,K.H. Lee,E
12,Marc Leishman,E
12,Haotong Li,E
12,Justin Lower,E
12,Maverick McNealy,E
12,J.T. Poston,E
12,Vaughn Taylor,E
12,Sahith Theegala,E
12,Brendon Todd,E
12,Kevin Tway,E
12,Jimmy Walker,E
12,Vince Whaley,E
12,Dylan Wu,E
34,Corey Conners,+.250
34,Cam Davis,+.250
34,Lucas Glover,+.250
37,Keegan Bradley,+.333
37,Kevin Chappell,+.333
39,Sam Ryder,+.500
39,Greyson Sigg,+.500
39,Brandt Snedeker,+.500
39,Sepp Straka,+.500
43,Webb Simpson,+.600
44,Brian Harman,+.667
44,Patton Kizzire,+.667
46,Billy Horschel,+.750
47,Harris English,+1.000
47,Satoshi Kodaira,+1.000
47,Keita Nakajima,+1.000
47,Andrew Putnam,+1.000
51,Christiaan Bezuidenhout,+1.500
