rank,player,Avg RTP
1,Ben Kohles,-.385
1,J.T. Poston,-.385
3,Vince Whaley,-.375
4,Russell Henley,-.368
5,Jimmy Walker,-.364
6,Luke Donald,-.353
6,Henrik Norlander,-.353
8,Ryan Armour,-.333
8,Joseph Bramlett,-.333
8,Kevin Chappell,-.333
8,Haotong Li,-.333
8,Brendon Todd,-.333
13,Hideki Matsuyama,-.316
14,Vaughn Taylor,-.313
15,Satoshi Kodaira,-.308
16,Keith Mitchell,-.300
17,Jim Furyk,-.294
17,Davis Riley,-.294
19,Brett Drewitt,-.286
20,Stewart Cink,-.273
20,Corey Conners,-.273
20,Patton Kizzire,-.273
23,Marc Leishman,-.267
23,Brandt Snedeker,-.267
25,Talor Gooch,-.250
25,Kevin Kisner,-.250
25,Sepp Straka,-.250
25,Dylan Wu,-.250
29,Andrew Putnam,-.235
30,Paul Barjon,-.231
30,Sam Ryder,-.231
32,Cam Davis,-.222
32,Russell Knox,-.222
34,Keita Nakajima,-.217
35,Kevin Na,-.214
36,Michael Thompson,-.200
37,Lucas Glover,-.188
37,Chris Kirk,-.188
39,Hayden Buckley,-.182
40,Matt Kuchar,-.176
41,Jim Knous,-.167
41,Denny McCarthy,-.167
43,Si Woo Kim,-.154
43,Seamus Power,-.154
45,Keegan Bradley,-.143
45,Wesley Bryan,-.143
47,Kyle Stanley,-.133
47,Adam Svensson,-.133
47,Erik van Rooyen,-.133
50,Harris English,-.118
50,Jason Kokrak,-.118
52,Sahith Theegala,-.100
53,Charles Howell III,-.077
53,K.H. Lee,-.077
53,Maverick McNealy,-.077
56,Billy Horschel,-.071
56,Webb Simpson,-.071
58,Christiaan Bezuidenhout,E
58,Brian Harman,E
58,Kramer Hickok,E
58,Ryan Palmer,E
58,Greyson Sigg,E
58,Kevin Tway,E
64,Hudson Swafford,+.056
65,Justin Lower,+.118
