rank,player,Avg RTP
1,Russell Henley,-.875
2,Hayden Buckley,-.778
2,Lucas Glover,-.778
4,Wesley Bryan,-.727
5,Chris Kirk,-.714
6,Keita Nakajima,-.667
6,Henrik Norlander,-.667
8,Christiaan Bezuidenhout,-.600
8,Keegan Bradley,-.600
10,Maverick McNealy,-.571
10,Hudson Swafford,-.571
10,Jimmy Walker,-.571
13,Andrew Putnam,-.556
13,Brandt Snedeker,-.556
15,Kevin Kisner,-.545
16,Jim Knous,-.500
16,Satoshi Kodaira,-.500
16,Hideki Matsuyama,-.500
16,Ryan Palmer,-.500
16,Greyson Sigg,-.500
16,Dylan Wu,-.500
22,Vaughn Taylor,-.462
22,Brendon Todd,-.462
24,K.H. Lee,-.455
25,Kevin Na,-.444
25,Webb Simpson,-.444
25,Erik van Rooyen,-.444
28,Stewart Cink,-.429
28,Cam Davis,-.429
28,Kramer Hickok,-.429
31,Sahith Theegala,-.400
32,Si Woo Kim,-.375
32,J.T. Poston,-.375
32,Kevin Tway,-.375
35,Brett Drewitt,-.333
35,Harris English,-.333
35,Charles Howell III,-.333
35,Ben Kohles,-.333
35,Haotong Li,-.333
35,Michael Thompson,-.333
35,Vince Whaley,-.333
42,Ryan Armour,-.300
43,Corey Conners,-.286
43,Billy Horschel,-.286
45,Denny McCarthy,-.273
46,Justin Lower,-.250
47,Sam Ryder,-.222
48,Keith Mitchell,-.200
48,Sepp Straka,-.200
50,Talor Gooch,-.167
50,Patton Kizzire,-.167
50,Russell Knox,-.167
50,Marc Leishman,-.167
50,Seamus Power,-.167
55,Kyle Stanley,-.143
56,Brian Harman,-.125
56,Matt Kuchar,-.125
58,Adam Svensson,-.111
59,Jim Furyk,-.071
60,Joseph Bramlett,E
60,Jason Kokrak,E
60,Davis Riley,E
63,Kevin Chappell,+.200
64,Luke Donald,+.286
65,Paul Barjon,+.400
