rank,player,Avg RTP
1,Luke Donald,-.800
2,Stewart Cink,-.778
3,Adam Svensson,-.750
4,Kevin Kisner,-.600
5,Cam Davis,-.556
6,Corey Conners,-.455
7,Seamus Power,-.444
8,Russell Henley,-.429
8,Charles Howell III,-.429
10,Greyson Sigg,-.400
10,Brendon Todd,-.400
12,Christiaan Bezuidenhout,-.375
12,Ryan Palmer,-.375
12,Webb Simpson,-.375
15,Kevin Tway,-.364
16,Kramer Hickok,-.333
16,Matt Kuchar,-.333
18,Kevin Chappell,-.300
18,Chris Kirk,-.300
20,Paul Barjon,-.286
20,Keegan Bradley,-.286
20,Talor Gooch,-.286
20,Denny McCarthy,-.286
20,Maverick McNealy,-.286
25,Kevin Na,-.273
26,Joseph Bramlett,-.250
26,Russell Knox,-.250
26,Satoshi Kodaira,-.250
26,Hideki Matsuyama,-.250
26,Davis Riley,-.250
26,Vaughn Taylor,-.250
26,Vince Whaley,-.250
33,Ben Kohles,-.222
33,Keith Mitchell,-.222
35,Billy Horschel,-.200
35,Marc Leishman,-.200
35,Keita Nakajima,-.200
38,Lucas Glover,-.167
38,Patton Kizzire,-.167
38,Jim Knous,-.167
41,Wesley Bryan,-.143
41,Michael Thompson,-.143
41,Jimmy Walker,-.143
41,Dylan Wu,-.143
45,Jim Furyk,-.125
45,Brian Harman,-.125
45,Henrik Norlander,-.125
48,Brett Drewitt,-.111
48,Jason Kokrak,-.111
48,Brandt Snedeker,-.111
51,Erik van Rooyen,-.071
52,Hayden Buckley,E
52,Si Woo Kim,E
52,Haotong Li,E
52,Justin Lower,E
52,J.T. Poston,E
52,Andrew Putnam,E
52,Sam Ryder,E
52,Hudson Swafford,E
52,Sahith Theegala,E
61,Ryan Armour,+.125
61,Kyle Stanley,+.125
63,Sepp Straka,+.167
64,K.H. Lee,+.200
65,Harris English,+1.000
