rank,player,Avg RTP
1,Harris English,-.667
1,Adam Svensson,-.667
3,Kevin Na,-.625
4,Hideki Matsuyama,-.500
4,Davis Riley,-.500
6,Ryan Armour,-.462
7,Kramer Hickok,-.455
8,Kevin Kisner,-.444
8,Sahith Theegala,-.444
10,Joseph Bramlett,-.438
11,Keegan Bradley,-.417
12,Erik van Rooyen,-.400
13,Russell Henley,-.385
13,Russell Knox,-.385
15,Matt Kuchar,-.375
16,Billy Horschel,-.364
17,Christiaan Bezuidenhout,-.357
17,Kyle Stanley,-.357
19,Stewart Cink,-.333
19,Jim Furyk,-.333
19,Ryan Palmer,-.333
22,Lucas Glover,-.300
22,Andrew Putnam,-.300
24,Brendon Todd,-.286
25,Ben Kohles,-.273
25,Denny McCarthy,-.273
25,Seamus Power,-.273
28,Haotong Li,-.267
29,Satoshi Kodaira,-.250
29,Keith Mitchell,-.250
29,Greyson Sigg,-.250
29,Hudson Swafford,-.250
29,Michael Thompson,-.250
29,Vince Whaley,-.250
35,Paul Barjon,-.231
36,Patton Kizzire,-.222
36,Vaughn Taylor,-.222
38,Corey Conners,-.200
38,Brian Harman,-.200
40,Brett Drewitt,-.182
40,Dylan Wu,-.182
42,Luke Donald,-.167
43,Jim Knous,-.154
44,J.T. Poston,-.133
45,Henrik Norlander,-.125
46,Wesley Bryan,-.111
46,Hayden Buckley,-.111
46,Cam Davis,-.111
46,Jimmy Walker,-.111
50,Si Woo Kim,-.100
50,Chris Kirk,-.100
50,K.H. Lee,-.100
53,Charles Howell III,-.091
53,Maverick McNealy,-.091
53,Sam Ryder,-.091
56,Sepp Straka,-.071
57,Talor Gooch,E
57,Jason Kokrak,E
57,Marc Leishman,E
57,Justin Lower,E
57,Keita Nakajima,E
57,Webb Simpson,E
57,Brandt Snedeker,E
57,Kevin Tway,E
65,Kevin Chappell,+.100
