rank,player,Avg RTP
1,Sepp Straka,-.500
2,Michael Thompson,-.438
3,Paul Barjon,-.417
4,Jason Kokrak,-.357
5,Hudson Swafford,-.333
5,Vince Whaley,-.333
7,Russell Knox,-.313
8,Hideki Matsuyama,-.286
8,Ryan Palmer,-.286
10,Marc Leishman,-.273
11,Keegan Bradley,-.267
12,Matt Kuchar,-.250
12,Haotong Li,-.250
14,Maverick McNealy,-.235
15,Russell Henley,-.231
15,Billy Horschel,-.231
15,Brandt Snedeker,-.231
18,Jim Furyk,-.214
18,Charles Howell III,-.214
18,Davis Riley,-.214
21,Seamus Power,-.211
22,Kyle Stanley,-.200
23,Corey Conners,-.182
23,K.H. Lee,-.182
23,Erik van Rooyen,-.182
26,Talor Gooch,-.167
27,Christiaan Bezuidenhout,-.154
28,Lucas Glover,-.143
29,Si Woo Kim,-.133
29,Patton Kizzire,-.133
31,Ryan Armour,-.125
32,Kramer Hickok,-.111
32,Jim Knous,-.111
34,Joseph Bramlett,-.091
34,Kevin Chappell,-.091
34,Brian Harman,-.091
34,Justin Lower,-.091
34,J.T. Poston,-.091
39,Keita Nakajima,-.083
40,Chris Kirk,-.077
40,Dylan Wu,-.077
42,Ben Kohles,-.071
43,Hayden Buckley,-.067
43,Satoshi Kodaira,-.067
45,Kevin Kisner,-.063
46,Sam Ryder,-.059
47,Wesley Bryan,E
47,Stewart Cink,E
47,Luke Donald,E
47,Harris English,E
47,Keith Mitchell,E
47,Kevin Na,E
47,Andrew Putnam,E
47,Webb Simpson,E
47,Adam Svensson,E
47,Sahith Theegala,E
57,Greyson Sigg,+.067
58,Denny McCarthy,+.071
59,Vaughn Taylor,+.077
60,Kevin Tway,+.083
61,Cam Davis,+.133
62,Brendon Todd,+.150
63,Jimmy Walker,+.154
64,Brett Drewitt,+.214
65,Henrik Norlander,+.286
