rank,player,Avg RTP
1,Talor Gooch,-1.000
2,Joseph Bramlett,-.667
3,Dylan Wu,-.500
4,Keith Mitchell,-.200
5,Paul Barjon,E
5,Wesley Bryan,E
5,Kevin Chappell,E
5,Stewart Cink,E
5,Cam Davis,E
5,Luke Donald,E
5,Harris English,E
5,Jim Furyk,E
5,Si Woo Kim,E
5,Patton Kizzire,E
5,Jim Knous,E
5,Jason Kokrak,E
5,Matt Kuchar,E
5,K.H. Lee,E
5,Marc Leishman,E
5,Justin Lower,E
5,Ryan Palmer,E
5,J.T. Poston,E
5,Seamus Power,E
5,Vince Whaley,E
25,Sahith Theegala,+.200
26,Sepp Straka,+.250
27,Lucas Glover,+.333
28,Keegan Bradley,+.500
28,Brian Harman,+.500
28,Kevin Tway,+.500
31,Billy Horschel,+.667
32,Webb Simpson,+.750
33,Ryan Armour,+1.000
33,Christiaan Bezuidenhout,+1.000
33,Corey Conners,+1.000
33,Satoshi Kodaira,+1.000
33,Andrew Putnam,+1.000
33,Sam Ryder,+1.000
