rank,player,Avg RTP
1,Christiaan Bezuidenhout,-1.000
1,Lucas Glover,-1.000
1,Talor Gooch,-1.000
1,Si Woo Kim,-1.000
1,Seamus Power,-1.000
1,Sepp Straka,-1.000
7,Jason Kokrak,-.800
8,Matt Kuchar,-.667
8,Justin Lower,-.667
8,Kyle Stanley,-.667
11,Keegan Bradley,-.500
11,Kevin Chappell,-.500
11,Corey Conners,-.500
11,Cam Davis,-.500
11,Patton Kizzire,-.500
11,Hideki Matsuyama,-.500
11,Keita Nakajima,-.500
11,Vince Whaley,-.500
19,Luke Donald,-.400
19,Haotong Li,-.400
21,Ryan Armour,-.333
21,Andrew Putnam,-.333
21,Michael Thompson,-.333
24,Keith Mitchell,-.250
24,Kevin Na,-.250
26,Joseph Bramlett,-.143
27,Hayden Buckley,E
27,Stewart Cink,E
27,Harris English,E
27,Brian Harman,E
27,Billy Horschel,E
27,Charles Howell III,E
27,Chris Kirk,E
27,Russell Knox,E
27,Satoshi Kodaira,E
27,K.H. Lee,E
27,Marc Leishman,E
27,Denny McCarthy,E
27,Henrik Norlander,E
27,Ryan Palmer,E
27,Greyson Sigg,E
27,Adam Svensson,E
27,Sahith Theegala,E
27,Dylan Wu,E
45,Sam Ryder,+.250
46,Kramer Hickok,+.333
46,Jim Knous,+.333
46,Kevin Tway,+.333
49,Jimmy Walker,+.375
50,Wesley Bryan,+.500
50,Russell Henley,+.500
50,Kevin Kisner,+.500
50,Ben Kohles,+.500
50,Brendon Todd,+.500
55,Jim Furyk,+.667
56,Webb Simpson,+1.000
57,Paul Barjon,+1.500
57,Davis Riley,+1.500
