rank,player,Avg RTP
1,Adam Svensson,-1.000
1,Brendon Todd,-1.000
3,Stewart Cink,-.800
4,Corey Conners,-.714
5,Kevin Kisner,-.667
5,Sam Ryder,-.667
5,Kevin Tway,-.667
8,Keegan Bradley,-.500
8,Kevin Chappell,-.500
8,Cam Davis,-.500
8,Billy Horschel,-.500
8,Charles Howell III,-.500
8,Patton Kizzire,-.500
8,Jim Knous,-.500
8,Maverick McNealy,-.500
8,Ryan Palmer,-.500
8,Seamus Power,-.500
8,Andrew Putnam,-.500
8,Greyson Sigg,-.500
20,Matt Kuchar,-.429
21,Jim Furyk,-.400
21,Talor Gooch,-.400
21,Russell Henley,-.400
24,Lucas Glover,-.333
24,Brian Harman,-.333
24,Satoshi Kodaira,-.333
24,Marc Leishman,-.333
24,Kevin Na,-.333
24,Webb Simpson,-.333
24,Michael Thompson,-.333
24,Jimmy Walker,-.333
24,Dylan Wu,-.333
33,Russell Knox,-.286
33,Keith Mitchell,-.286
33,Keita Nakajima,-.286
36,Christiaan Bezuidenhout,-.250
36,Jason Kokrak,-.250
36,Davis Riley,-.250
39,Si Woo Kim,-.200
39,Ben Kohles,-.200
39,Denny McCarthy,-.200
42,Brett Drewitt,-.167
43,Ryan Armour,E
43,Paul Barjon,E
43,Joseph Bramlett,E
43,Wesley Bryan,E
43,Hayden Buckley,E
43,Luke Donald,E
43,Kramer Hickok,E
43,Chris Kirk,E
43,Haotong Li,E
43,Hideki Matsuyama,E
43,Henrik Norlander,E
43,J.T. Poston,E
43,Brandt Snedeker,E
43,Sepp Straka,E
43,Sahith Theegala,E
43,Erik van Rooyen,E
43,Vince Whaley,E
60,Hudson Swafford,+.125
61,K.H. Lee,+.250
61,Kyle Stanley,+.250
63,Justin Lower,+.286
