rank,player,Avg RTP
1,Cam Davis,-1.000
2,Christiaan Bezuidenhout,-.333
2,Seamus Power,-.333
4,Brian Harman,-.250
4,Sam Ryder,-.250
6,Luke Donald,-.200
6,Keith Mitchell,-.200
6,Adam Svensson,-.200
9,Sahith Theegala,-.167
10,Kevin Kisner,-.143
10,Marc Leishman,-.143
12,Joseph Bramlett,E
12,Wesley Bryan,E
12,Kevin Chappell,E
12,Corey Conners,E
12,Harris English,E
12,Jim Furyk,E
12,Lucas Glover,E
12,Talor Gooch,E
12,Russell Henley,E
12,Kramer Hickok,E
12,Billy Horschel,E
12,Si Woo Kim,E
12,Chris Kirk,E
12,Patton Kizzire,E
12,Satoshi Kodaira,E
12,Ben Kohles,E
12,Jason Kokrak,E
12,Matt Kuchar,E
12,Haotong Li,E
12,Justin Lower,E
12,Hideki Matsuyama,E
12,Maverick McNealy,E
12,Kevin Na,E
12,Keita Nakajima,E
12,Andrew Putnam,E
12,Greyson Sigg,E
12,Kyle Stanley,E
12,Brendon Todd,E
12,Dylan Wu,E
41,Michael Thompson,+.111
42,Kevin Tway,+.167
43,Paul Barjon,+.200
43,Ryan Palmer,+.200
43,Jimmy Walker,+.200
46,Keegan Bradley,+.250
46,Brett Drewitt,+.250
46,K.H. Lee,+.250
46,Henrik Norlander,+.250
46,Vaughn Taylor,+.250
51,J.T. Poston,+.286
52,Vince Whaley,+.333
53,Jim Knous,+.400
54,Brandt Snedeker,+.500
54,Sepp Straka,+.500
56,Ryan Armour,+.667
56,Charles Howell III,+.667
56,Denny McCarthy,+.667
56,Hudson Swafford,+.667
60,Webb Simpson,+1.000
61,Stewart Cink,+1.500
