rank,player,Avg RTP
1,Kyle Stanley,-.500
2,Matt Kuchar,-.429
3,Joseph Bramlett,-.333
3,Charles Howell III,-.333
5,Jason Kokrak,-.300
6,Justin Lower,-.286
7,Luke Donald,-.250
7,Kevin Tway,-.250
9,Brian Harman,-.231
10,Kevin Chappell,-.222
10,Ryan Palmer,-.222
12,Corey Conners,-.200
12,Cam Davis,-.200
12,Kramer Hickok,-.200
12,Sahith Theegala,-.200
16,Haotong Li,-.182
17,Ryan Armour,-.143
18,Lucas Glover,-.125
18,Hideki Matsuyama,-.125
20,Kevin Kisner,-.100
20,K.H. Lee,-.100
22,Talor Gooch,-.091
22,Michael Thompson,-.091
24,Brett Drewitt,E
24,Harris English,E
24,Jim Furyk,E
24,Russell Henley,E
24,Si Woo Kim,E
24,Patton Kizzire,E
24,Russell Knox,E
24,Denny McCarthy,E
24,Keith Mitchell,E
24,Kevin Na,E
24,J.T. Poston,E
24,Seamus Power,E
24,Andrew Putnam,E
24,Adam Svensson,E
24,Hudson Swafford,E
24,Vaughn Taylor,E
24,Jimmy Walker,E
24,Vince Whaley,E
24,Dylan Wu,E
43,Marc Leishman,+.083
44,Ben Kohles,+.091
45,Maverick McNealy,+.111
45,Henrik Norlander,+.111
47,Wesley Bryan,+.125
48,Paul Barjon,+.143
49,Hayden Buckley,+.167
49,Sam Ryder,+.167
51,Greyson Sigg,+.200
52,Brendon Todd,+.222
53,Stewart Cink,+.250
53,Brandt Snedeker,+.250
53,Sepp Straka,+.250
56,Keegan Bradley,+.333
56,Erik van Rooyen,+.333
58,Billy Horschel,+.400
58,Chris Kirk,+.400
58,Satoshi Kodaira,+.400
61,Jim Knous,+.500
61,Keita Nakajima,+.500
63,Christiaan Bezuidenhout,+.667
64,Davis Riley,+1.000
