rank,player,Avg RTP
1,Harris English,-1.000
1,Kramer Hickok,-1.000
1,Denny McCarthy,-1.000
4,Kevin Chappell,-.500
4,J.T. Poston,-.500
4,Hudson Swafford,-.500
7,Adam Svensson,-.400
8,Brian Harman,-.333
8,Matt Kuchar,-.333
8,K.H. Lee,-.333
8,Michael Thompson,-.333
12,Billy Horschel,-.250
12,Charles Howell III,-.250
14,Talor Gooch,-.200
15,Haotong Li,-.167
16,Ryan Armour,E
16,Paul Barjon,E
16,Christiaan Bezuidenhout,E
16,Wesley Bryan,E
16,Corey Conners,E
16,Luke Donald,E
16,Brett Drewitt,E
16,Jim Furyk,E
16,Lucas Glover,E
16,Russell Henley,E
16,Chris Kirk,E
16,Kevin Kisner,E
16,Patton Kizzire,E
16,Jim Knous,E
16,Russell Knox,E
16,Ben Kohles,E
16,Jason Kokrak,E
16,Justin Lower,E
16,Hideki Matsuyama,E
16,Keith Mitchell,E
16,Keita Nakajima,E
16,Henrik Norlander,E
16,Ryan Palmer,E
16,Seamus Power,E
16,Andrew Putnam,E
16,Sam Ryder,E
16,Greyson Sigg,E
16,Webb Simpson,E
16,Brandt Snedeker,E
16,Kyle Stanley,E
16,Sahith Theegala,E
16,Brendon Todd,E
16,Kevin Tway,E
16,Erik van Rooyen,E
16,Jimmy Walker,E
16,Dylan Wu,E
52,Joseph Bramlett,+.167
53,Hayden Buckley,+.250
53,Marc Leishman,+.250
53,Maverick McNealy,+.250
56,Stewart Cink,+.286
56,Sepp Straka,+.286
58,Kevin Na,+.333
58,Vaughn Taylor,+.333
60,Satoshi Kodaira,+.500
60,Davis Riley,+.500
62,Keegan Bradley,+.667
63,Si Woo Kim,+.750
64,Cam Davis,+1.000
64,Vince Whaley,+1.000
