rank,player,Avg RTP
1,Keegan Bradley,-1.000
1,Corey Conners,-1.000
1,Lucas Glover,-1.000
1,Talor Gooch,-1.000
1,Keith Mitchell,-1.000
1,Ryan Palmer,-1.000
1,Seamus Power,-1.000
1,Kyle Stanley,-1.000
9,Jason Kokrak,-.750
10,Ryan Armour,-.500
10,Kevin Chappell,-.500
10,Cam Davis,-.500
10,Luke Donald,-.500
10,Hideki Matsuyama,-.500
10,Vince Whaley,-.500
16,Harris English,-.333
16,Keita Nakajima,-.333
18,Haotong Li,-.250
19,Joseph Bramlett,-.167
20,Hayden Buckley,E
20,Stewart Cink,E
20,Brian Harman,E
20,Chris Kirk,E
20,Jim Knous,E
20,Satoshi Kodaira,E
20,Matt Kuchar,E
20,K.H. Lee,E
20,Marc Leishman,E
20,Denny McCarthy,E
20,Kevin Na,E
20,Henrik Norlander,E
20,Andrew Putnam,E
20,Greyson Sigg,E
20,Adam Svensson,E
20,Sahith Theegala,E
20,Michael Thompson,E
20,Jimmy Walker,E
20,Dylan Wu,E
39,Kevin Tway,+.333
40,Kramer Hickok,+.500
40,Kevin Kisner,+.500
40,Russell Knox,+.500
43,Sam Ryder,+.667
44,Wesley Bryan,+1.000
44,Jim Furyk,+1.000
44,Russell Henley,+1.000
44,Charles Howell III,+1.000
44,Ben Kohles,+1.000
44,Webb Simpson,+1.000
44,Brendon Todd,+1.000
51,Paul Barjon,+1.500
52,Davis Riley,+2.000
