rank,player,Avg RTP
1,Lucas Glover,-.875
2,Russell Henley,-.833
3,Keita Nakajima,-.667
4,Hayden Buckley,-.600
5,Jimmy Walker,-.571
6,Keegan Bradley,-.500
6,Wesley Bryan,-.500
6,Harris English,-.500
6,Chris Kirk,-.500
6,Satoshi Kodaira,-.500
6,Andrew Putnam,-.500
6,Brandt Snedeker,-.500
6,Kevin Tway,-.500
14,Cam Davis,-.429
14,Kevin Kisner,-.429
14,Denny McCarthy,-.429
14,Webb Simpson,-.429
18,Ryan Palmer,-.400
18,Hudson Swafford,-.400
18,Vaughn Taylor,-.400
18,Sahith Theegala,-.400
22,Christiaan Bezuidenhout,-.375
22,K.H. Lee,-.375
24,Stewart Cink,-.333
24,Corey Conners,-.333
24,Jim Knous,-.333
24,Maverick McNealy,-.333
24,Henrik Norlander,-.333
29,J.T. Poston,-.286
29,Michael Thompson,-.286
31,Brett Drewitt,-.250
31,Haotong Li,-.250
31,Greyson Sigg,-.250
31,Dylan Wu,-.250
35,Brendon Todd,-.222
36,Ryan Armour,-.200
36,Kramer Hickok,-.200
36,Charles Howell III,-.200
36,Ben Kohles,-.200
36,Hideki Matsuyama,-.200
36,Sepp Straka,-.200
36,Vince Whaley,-.200
43,Talor Gooch,-.167
43,Patton Kizzire,-.167
43,Marc Leishman,-.167
43,Kevin Na,-.167
47,Joseph Bramlett,E
47,Brian Harman,E
47,Billy Horschel,E
47,Si Woo Kim,E
47,Russell Knox,E
47,Jason Kokrak,E
47,Matt Kuchar,E
47,Justin Lower,E
47,Keith Mitchell,E
47,Seamus Power,E
47,Davis Riley,E
47,Sam Ryder,E
47,Kyle Stanley,E
60,Jim Furyk,+.111
61,Adam Svensson,+.143
62,Erik van Rooyen,+.167
63,Luke Donald,+.333
64,Paul Barjon,+.500
64,Kevin Chappell,+.500
