rank,player,Avg RTP
1,Joseph Bramlett,-1.000
1,Wesley Bryan,-1.000
1,Luke Donald,-1.000
1,Brett Drewitt,-1.000
1,Kramer Hickok,-1.000
1,Brendon Todd,-1.000
7,Stewart Cink,-.750
7,Kevin Tway,-.750
9,Christiaan Bezuidenhout,-.667
9,Cam Davis,-.667
9,Webb Simpson,-.667
12,Brian Harman,-.500
12,Russell Henley,-.500
12,Billy Horschel,-.500
12,Kevin Kisner,-.500
12,Justin Lower,-.500
12,Hideki Matsuyama,-.500
12,Maverick McNealy,-.500
19,Chris Kirk,-.400
19,Seamus Power,-.400
21,Kevin Chappell,-.333
21,Davis Riley,-.333
21,Brandt Snedeker,-.333
21,Adam Svensson,-.333
25,Kevin Na,-.286
26,Satoshi Kodaira,-.250
26,Ben Kohles,-.250
26,Ryan Palmer,-.250
26,Greyson Sigg,-.250
30,Erik van Rooyen,-.200
31,Paul Barjon,E
31,Keegan Bradley,E
31,Hayden Buckley,E
31,Corey Conners,E
31,Harris English,E
31,Lucas Glover,E
31,Talor Gooch,E
31,Charles Howell III,E
31,Patton Kizzire,E
31,Jim Knous,E
31,Russell Knox,E
31,Jason Kokrak,E
31,K.H. Lee,E
31,Marc Leishman,E
31,Haotong Li,E
31,Denny McCarthy,E
31,Keith Mitchell,E
31,Keita Nakajima,E
31,Sam Ryder,E
31,Kyle Stanley,E
31,Sepp Straka,E
31,Hudson Swafford,E
31,Vaughn Taylor,E
31,Sahith Theegala,E
31,Michael Thompson,E
31,Jimmy Walker,E
31,Vince Whaley,E
58,Ryan Armour,+.250
59,Jim Furyk,+.333
59,Dylan Wu,+.333
61,Si Woo Kim,+.500
62,J.T. Poston,+1.000
62,Andrew Putnam,+1.000
