rank,player,Avg RTP
1,Joseph Bramlett,-1.000
1,Cam Davis,-1.000
3,Ryan Palmer,-.500
3,Dylan Wu,-.500
5,Kevin Chappell,-.333
5,Keith Mitchell,-.333
7,Wesley Bryan,E
7,Luke Donald,E
7,Lucas Glover,E
7,Billy Horschel,E
7,Si Woo Kim,E
7,Jason Kokrak,E
7,Matt Kuchar,E
7,Marc Leishman,E
7,Justin Lower,E
7,J.T. Poston,E
7,Seamus Power,E
7,Sepp Straka,E
7,Vince Whaley,E
20,Sahith Theegala,+.333
21,Stewart Cink,+.500
21,Brian Harman,+.500
23,Webb Simpson,+.667
24,Keegan Bradley,+1.000
24,Jim Knous,+1.000
24,Andrew Putnam,+1.000
24,Sam Ryder,+1.000
28,Christiaan Bezuidenhout,+1.500
