rank,player,Avg RTP
1,Ryan Armour,-1.000
1,Seamus Power,-1.000
1,Adam Svensson,-1.000
1,Michael Thompson,-1.000
5,Paul Barjon,-.667
5,Ryan Palmer,-.667
7,Stewart Cink,-.500
7,Charles Howell III,-.500
7,Davis Riley,-.500
7,Sahith Theegala,-.500
11,Chris Kirk,-.333
11,Keith Mitchell,-.333
13,Keegan Bradley,E
13,Corey Conners,E
13,Luke Donald,E
13,Lucas Glover,E
13,Talor Gooch,E
13,Russell Henley,E
13,Si Woo Kim,E
13,Jason Kokrak,E
13,K.H. Lee,E
13,Marc Leishman,E
13,Haotong Li,E
13,Maverick McNealy,E
13,Sam Ryder,E
13,Webb Simpson,E
13,Vaughn Taylor,E
13,Brendon Todd,E
13,Kevin Tway,E
13,Jimmy Walker,E
31,Greyson Sigg,+.500
31,Brandt Snedeker,+.500
33,Kevin Chappell,+1.000
33,Cam Davis,+1.000
33,Brian Harman,+1.000
33,Billy Horschel,+1.000
33,Keita Nakajima,+1.000
33,Sepp Straka,+1.000
33,Dylan Wu,+1.000
40,Harris English,+1.500
41,Patton Kizzire,+2.000
