rank,player,Avg RTP
1,Stewart Cink,-1.000
1,Jim Knous,-1.000
3,Joseph Bramlett,-.500
4,Paul Barjon,E
4,Keegan Bradley,E
4,Harris English,E
4,Si Woo Kim,E
4,Patton Kizzire,E
4,K.H. Lee,E
4,Marc Leishman,E
4,Keith Mitchell,E
4,Ryan Palmer,E
4,Seamus Power,E
4,Sahith Theegala,E
4,Kevin Tway,E
4,Vince Whaley,E
17,Cam Davis,+.500
18,Ryan Armour,+1.000
18,Kevin Chappell,+1.000
18,Corey Conners,+1.000
18,Lucas Glover,+1.000
18,Billy Horschel,+1.000
18,Satoshi Kodaira,+1.000
18,Webb Simpson,+1.000
18,Sepp Straka,+1.000
