rank,player,Avg,Total Distance (feet),# of Attempts,Relative to par
1,Stuart Appleby,"15' 6""",77.500,5,E
2,Brad Faxon,"17' 5""",87.250,5,-1
3,Peter Lonard,"19' 9""",158.167,8,+1
4,Michael Campbell,"21' 5""",149.667,7,E
5,Fred Funk,"21' 6""",107.417,5,-1
5,Carl Pettersson,"21' 6""",85.833,4,E
7,Geoff Ogilvy,"21' 10""",43.583,2,E
8,K.J. Choi,"22' 9""",113.583,5,-1
8,"Wes Short, Jr.","22' 9""",136.583,6,E
10,Robert Gamez,"23' 5""",70.250,3,+1
11,Sean O'Hair,"23' 10""",190.417,8,+2
12,Justin Leonard,"26' 5""",211.417,8,E
13,Ben Crane,"30' 9""",123.000,4,E
14,Vijay Singh,"32' 0""",159.833,5,E
15,Kenny Perry,"32' 6""",195.167,6,E
16,Jim Furyk,"34' 0""",204.083,6,E
17,Jason Bohn,"36' 6""",255.333,7,+4
18,Jason Gore,"38' 9""",193.667,5,+1
19,Tim Petrovic,"39' 6""",158.000,4,-1
20,Vaughn Taylor,"39' 10""",239.000,6,+1
21,Bart Bryant,"40' 1""",280.750,7,-1
22,Olin Browne,"41' 4""",247.833,6,E
23,Heath Slocum,"42' 4""",169.250,4,+1
24,Mark Calcavecchia,"44' 3""",177.000,4,E
25,David Toms,"47' 7""",237.833,5,+2
26,Ted Purdy,"48' 5""",242.083,5,+1
27,Lucas Glover,"49' 11""",249.583,5,+4
28,Sergio Garcia,"51' 5""",205.500,4,E
