rank,player,Avg,Total Distance (feet),# of Attempts,Relative to par
1,Justin Leonard,"25' 0""",25.000,1,E
2,Ben Crane,"36' 6""",36.500,1,E
3,Vijay Singh,"48' 4""",144.917,3,-2
4,David Toms,"57' 10""",173.417,3,-2
5,Carl Pettersson,"62' 7""",187.667,3,-2
6,Ted Purdy,"71' 2""",213.583,3,-1
7,Fred Funk,"72' 2""",72.167,1,+1
8,Peter Lonard,"73' 1""",219.167,3,E
9,Sean O'Hair,"73' 10""",147.583,2,-1
10,Mark Calcavecchia,"76' 0""",455.833,6,-3
11,Jason Bohn,"79' 6""",79.500,1,-1
12,Vaughn Taylor,"80' 7""",241.667,3,-1
13,Lucas Glover,"82' 3""",328.833,4,-3
14,Stuart Appleby,"82' 9""",165.417,2,-1
15,Jason Gore,"83' 1""",166.083,2,E
16,Geoff Ogilvy,"85' 8""",342.583,4,-3
17,Olin Browne,"94' 4""",94.333,1,-1
18,Heath Slocum,"96' 10""",387.333,4,+1
19,Robert Gamez,"99' 4""",298.083,3,-1
20,"Wes Short, Jr.","102' 5""",102.417,1,-1
21,Jim Furyk,"105' 11""",317.750,3,-1
22,Sergio Garcia,"106' 3""",212.500,2,E
23,Kenny Perry,"108' 11""",217.833,2,E
24,Michael Campbell,"110' 5""",331.333,3,E
25,Brad Faxon,"114' 9""",344.167,3,+1
26,Bart Bryant,"128' 10""",128.833,1,-1
27,Tim Petrovic,"143' 9""",431.167,3,E
