rank,player,Avg,Total Distance (feet),# of Attempts,Relative to par
1,Justin Leonard,"24' 7""",73.833,3,E
2,Robert Gamez,"26' 3""",104.917,4,-1
3,Bart Bryant,"27' 6""",165.083,6,-1
4,Lucas Glover,"31' 9""",95.333,3,-1
5,Jason Bohn,"32' 8""",130.583,4,E
6,David Toms,"33' 7""",100.667,3,E
7,Sergio Garcia,"33' 8""",269.083,8,E
8,Vijay Singh,"34' 10""",208.750,6,E
9,Vaughn Taylor,"35' 8""",142.667,4,-2
10,Fred Funk,"35' 11""",107.750,3,+2
11,Tim Petrovic,"38' 6""",192.333,5,-1
12,Kenny Perry,"38' 11""",155.500,4,+1
13,Jim Furyk,"39' 8""",158.500,4,-1
14,Brad Faxon,"41' 6""",165.917,4,E
15,Peter Lonard,"41' 7""",166.417,4,-1
16,Michael Campbell,"42' 3""",211.083,5,-1
17,Ben Crane,"44' 0""",132.083,3,E
18,Geoff Ogilvy,"46' 6""",186.000,4,+2
19,K.J. Choi,"47' 1""",235.417,5,+1
19,"Wes Short, Jr.","47' 1""",141.333,3,E
21,Sean O'Hair,"48' 0""",240.000,5,+1
22,Jason Gore,"49' 1""",196.167,4,+1
23,Mark Calcavecchia,"49' 4""",246.667,5,+2
24,Carl Pettersson,"50' 2""",300.750,6,+2
25,Olin Browne,"51' 7""",206.417,4,+2
26,Ted Purdy,"51' 8""",258.500,5,+2
27,Stuart Appleby,"57' 11""",347.333,6,E
28,Heath Slocum,"61' 2""",305.750,5,+5
