rank,player,Avg,Total Distance (feet),# of Attempts,GIR Rank
1,Bart Bryant,"37' 6""","2,663.500",71,Over
2,Justin Leonard,"37' 8""","2,709.500",72,Over
3,Jim Furyk,"40' 6""","2,836.417",70,Under
3,Vijay Singh,"40' 6""","2,875.333",71,Under
5,Fred Funk,"41' 1""","2,874.000",70,Over
6,K.J. Choi,"42' 0""","2,981.333",71,Over
7,Stuart Appleby,"42' 3""","3,043.333",72,Under
8,Peter Lonard,"46' 0""","3,312.833",72,Over
9,Olin Browne,"46' 8""","3,360.250",72,Over
10,Kenny Perry,"47' 3""","3,402.250",72,Over
10,Vaughn Taylor,"47' 3""","3,356.083",71,Under
12,Mark Calcavecchia,"48' 0""","3,406.000",71,Over
13,"Wes Short, Jr.","48' 1""","3,413.000",71,Over
14,Ben Crane,"48' 8""","3,257.917",67,Over
15,Carl Pettersson,"49' 1""","3,534.750",72,Over
16,Sergio Garcia,"49' 2""","3,491.833",71,Even
17,Jason Bohn,"49' 7""","3,569.583",72,Over
18,Robert Gamez,"49' 9""","3,531.250",71,Over
19,David Toms,"50' 6""","3,588.417",71,Over
20,Ted Purdy,"50' 7""","3,641.083",72,Over
21,Lucas Glover,"50' 9""","3,601.167",71,Under
21,Geoff Ogilvy,"50' 9""","3,551.417",70,Over
23,Brad Faxon,"51' 3""","3,637.167",71,Over
24,Heath Slocum,"52' 5""","3,722.250",71,Over
25,Michael Campbell,"53' 2""","3,773.750",71,Under
26,Sean O'Hair,"54' 4""","3,803.583",70,Over
27,Jason Gore,"54' 8""","3,772.667",69,Over
28,Tim Petrovic,"57' 11""","4,167.000",72,Over
