rank,player,Avg,Total Distance (feet),# of Attempts,Relative to par
1,Carl Pettersson,"46' 1""",230.500,5,E
2,Lucas Glover,"47' 0""",93.917,2,E
3,Kenny Perry,"52' 0""",260.000,5,+1
3,Ted Purdy,"52' 0""",363.833,7,-3
5,Sergio Garcia,"52' 8""",158.000,3,+1
6,K.J. Choi,"52' 10""",264.333,5,-3
7,Vaughn Taylor,"53' 2""",212.500,4,-2
8,Mark Calcavecchia,"54' 7""",272.750,5,-2
9,David Toms,"58' 11""",353.250,6,E
10,Brad Faxon,"60' 3""",301.417,5,E
11,Geoff Ogilvy,"60' 6""",181.417,3,-1
12,Peter Lonard,"63' 6""",254.083,4,-2
13,Fred Funk,"68' 8""",343.167,5,+1
14,Jim Furyk,"69' 8""",278.500,4,-1
15,Stuart Appleby,"72' 3""",288.917,4,E
16,Vijay Singh,"72' 6""",579.667,8,-3
17,Tim Petrovic,"74' 4""",445.833,6,-1
18,"Wes Short, Jr.","75' 9""",378.667,5,+1
19,Bart Bryant,"76' 3""",304.917,4,E
20,Sean O'Hair,"77' 3""",463.333,6,-1
21,Heath Slocum,"79' 8""",79.667,1,E
22,Olin Browne,"81' 0""",485.917,6,-1
23,Michael Campbell,"81' 5""",325.583,4,-2
24,Jason Bohn,"81' 8""",490.083,6,+1
25,Jason Gore,"83' 10""",419.167,5,+1
26,Ben Crane,"88' 8""",354.667,4,+2
27,Justin Leonard,"92' 1""",276.333,3,E
28,Robert Gamez,"92' 8""",463.417,5,+2
