rank,player,Avg,Total Distance (feet),# of Attempts,Relative to par
1,Lucas Glover,"7' 4""",7.333,1,E
2,Vijay Singh,"7' 8""",23.083,3,-2
3,Geoff Ogilvy,"10' 1""",10.083,1,E
4,Peter Lonard,"10' 6""",52.583,5,-2
5,Mark Calcavecchia,"10' 10""",10.833,1,E
6,Jim Furyk,"11' 3""",56.417,5,-2
7,Carl Pettersson,"13' 3""",79.667,6,E
8,Vaughn Taylor,"13' 6""",40.583,3,-1
9,Jason Bohn,"16' 5""",131.333,8,-2
10,Fred Funk,"16' 9""",150.583,9,E
11,K.J. Choi,"17' 4""",208.083,12,+1
12,Ben Crane,"17' 11""",107.250,6,E
13,Heath Slocum,"18' 7""",92.833,5,+1
14,Tim Petrovic,"19' 0""",94.833,5,E
15,Stuart Appleby,"19' 3""",115.583,6,E
15,Jason Gore,"19' 3""",96.083,5,-1
17,Sean O'Hair,"21' 4""",64.000,3,+2
18,Brad Faxon,"21' 10""",218.583,10,+2
19,"Wes Short, Jr.","22' 0""",110.083,5,E
20,David Toms,"22' 1""",88.333,4,-1
21,Robert Gamez,"23' 1""",161.833,7,-2
22,Bart Bryant,"25' 9""",128.667,5,-1
23,Justin Leonard,"26' 2""",182.917,7,+2
24,Michael Campbell,"26' 9""",80.167,3,+1
25,Sergio Garcia,"28' 11""",144.750,5,-1
26,Olin Browne,"45' 11""",183.667,4,+2
27,Ted Purdy,"46' 0""",91.917,2,+2
28,Kenny Perry,"67' 4""",202.000,3,+1
