rank,player,Avg,Total Distance (feet),# of Attempts,Relative to par
1,Heath Slocum,"11' 3""",45.000,4,E
2,Michael Campbell,"11' 4""",22.583,2,E
3,Jim Furyk,"12' 11""",77.500,6,-2
4,Jason Bohn,"15' 0""",60.083,4,+1
5,Vijay Singh,"15' 3""",15.250,1,E
6,Vaughn Taylor,"16' 8""",183.000,11,-3
7,Justin Leonard,"17' 3""",190.083,11,-3
8,Carl Pettersson,"19' 3""",57.833,3,E
9,Lucas Glover,"20' 4""",121.833,6,-2
10,Geoff Ogilvy,"20' 5""",163.417,8,-1
11,Jason Gore,"21' 9""",130.583,6,+3
12,Mark Calcavecchia,"23' 8""",141.750,6,+1
13,Bart Bryant,"24' 1""",240.417,10,-1
14,Brad Faxon,"24' 4""",48.583,2,-1
15,Robert Gamez,"24' 8""",148.083,6,E
16,Sergio Garcia,"25' 0""",100.083,4,-1
17,Ben Crane,"26' 3""",131.083,5,E
17,Kenny Perry,"26' 3""",183.667,7,+1
19,David Toms,"29' 5""",88.167,3,E
20,K.J. Choi,"30' 11""",185.250,6,E
21,Ted Purdy,"31' 5""",313.917,10,+1
22,Olin Browne,"34' 1""",272.583,8,-2
23,Peter Lonard,"35' 2""",175.917,5,E
24,Sean O'Hair,"35' 10""",179.000,5,E
25,Stuart Appleby,"36' 0""",144.083,4,E
26,"Wes Short, Jr.","38' 6""",269.333,7,+1
27,Tim Petrovic,"39' 6""",355.583,9,+3
28,Fred Funk,"40' 7""",284.333,7,+1
