rank,player,%,Successes,Attempts
1,Fabián Gómez,100.00,2,2
1,Cody Gribble,100.00,2,2
1,James Hahn,100.00,1,1
1,Ryan Moore,100.00,2,2
1,Pat Perez,100.00,1,1
1,Brendan Steele,100.00,1,1
1,Justin Thomas,100.00,1,1
1,Jhonattan Vegas,100.00,1,1
9,Jason Dufner,66.67,4,6
10,Dustin Johnson,50.00,1,2
10,Si Woo Kim,50.00,2,4
10,Brandt Snedeker,50.00,1,2
10,Vaughn Taylor,50.00,1,2
10,Jimmy Walker,50.00,1,2
15,Greg Chalmers,33.33,1,3
16,Aaron Baddeley,.00,0,1
16,Jason Day,.00,0,1
16,Branden Grace,.00,0,3
16,Mackenzie Hughes,.00,0,1
16,Billy Hurley III,.00,0,2
16,Russell Knox,.00,0,1
16,Rod Pampling,.00,0,1
16,Jordan Spieth,.00,0,1
16,Brian Stuard,.00,0,1
16,Bubba Watson,.00,0,2
