rank,player,%,Successes,Attempts
1,Si Woo Kim,100.00,7,7
1,Ryan Moore,100.00,7,7
1,Brandt Snedeker,100.00,5,5
1,Brendan Steele,100.00,7,7
1,Justin Thomas,100.00,1,1
6,Dustin Johnson,85.71,6,7
7,Hideki Matsuyama,83.33,5,6
8,Russell Knox,80.00,4,5
8,Rod Pampling,80.00,4,5
8,Vaughn Taylor,80.00,4,5
11,Cody Gribble,77.78,7,9
12,Branden Grace,75.00,3,4
12,William McGirt,75.00,3,4
12,Patrick Reed,75.00,3,4
12,Jordan Spieth,75.00,3,4
16,Tony Finau,71.43,5,7
17,Daniel Berger,66.67,4,6
17,Jason Dufner,66.67,6,9
17,Fabián Gómez,66.67,6,9
20,Jason Day,60.00,3,5
20,Jim Herman,60.00,3,5
20,Brian Stuard,60.00,3,5
23,Greg Chalmers,57.14,4,7
23,Mackenzie Hughes,57.14,4,7
23,Billy Hurley III,57.14,4,7
26,James Hahn,50.00,5,10
26,Pat Perez,50.00,2,4
26,Jimmy Walker,50.00,2,4
29,Bubba Watson,42.86,3,7
30,Aaron Baddeley,40.00,2,5
30,Charley Hoffman,40.00,2,5
32,Jhonattan Vegas,33.33,2,6
