rank,player,%,Successes,Attempts
1,Aaron Baddeley,100.00,3,3
1,Daniel Berger,100.00,1,1
1,Greg Chalmers,100.00,3,3
1,Tony Finau,100.00,2,2
1,Fabián Gómez,100.00,1,1
1,Branden Grace,100.00,1,1
1,James Hahn,100.00,1,1
1,Jim Herman,100.00,3,3
1,Charley Hoffman,100.00,6,6
1,Mackenzie Hughes,100.00,1,1
1,Billy Hurley III,100.00,3,3
1,William McGirt,100.00,2,2
1,Ryan Moore,100.00,1,1
1,Rod Pampling,100.00,1,1
1,Jordan Spieth,100.00,2,2
1,Brian Stuard,100.00,1,1
1,Vaughn Taylor,100.00,4,4
1,Justin Thomas,100.00,2,2
1,Bubba Watson,100.00,3,3
20,Cody Gribble,80.00,4,5
21,Dustin Johnson,75.00,3,4
21,Si Woo Kim,75.00,3,4
21,Brandt Snedeker,75.00,3,4
21,Brendan Steele,75.00,3,4
25,Hideki Matsuyama,50.00,1,2
26,Jimmy Walker,33.33,1,3
27,Jason Day,.00,0,1
