rank,player,%,Successes,Attempts
1,Aaron Baddeley,100.00,1,1
1,Jason Dufner,100.00,4,4
1,James Hahn,100.00,2,2
1,Billy Hurley III,100.00,4,4
1,Russell Knox,100.00,3,3
1,Ryan Moore,100.00,1,1
1,Rod Pampling,100.00,2,2
1,Pat Perez,100.00,3,3
1,Brendan Steele,100.00,1,1
10,Jason Day,83.33,5,6
11,Daniel Berger,75.00,3,4
11,Brian Stuard,75.00,3,4
13,Fabián Gómez,66.67,2,3
13,Charley Hoffman,66.67,2,3
15,Tony Finau,50.00,2,4
15,William McGirt,50.00,1,2
15,Brandt Snedeker,50.00,1,2
15,Jimmy Walker,50.00,1,2
15,Bubba Watson,50.00,1,2
20,Greg Chalmers,44.44,4,9
21,Cody Gribble,33.33,1,3
21,Patrick Reed,33.33,1,3
21,Justin Thomas,33.33,1,3
24,Jhonattan Vegas,25.00,1,4
25,Branden Grace,20.00,1,5
26,Jim Herman,.00,0,1
26,Mackenzie Hughes,.00,0,5
26,Si Woo Kim,.00,0,1
26,Jordan Spieth,.00,0,2
26,Vaughn Taylor,.00,0,3
