rank,player,%,Successes,Attempts
1,Jason Dufner,100.00,1,1
1,Tony Finau,100.00,3,3
1,James Hahn,100.00,3,3
1,Brian Stuard,100.00,1,1
1,Justin Thomas,100.00,3,3
6,Brandt Snedeker,85.71,6,7
7,Billy Hurley III,83.33,5,6
7,Brendan Steele,83.33,5,6
9,Daniel Berger,80.00,4,5
10,Greg Chalmers,75.00,6,8
10,Hideki Matsuyama,75.00,3,4
12,Fabián Gómez,71.43,5,7
13,Dustin Johnson,66.67,2,3
14,Russell Knox,60.00,3,5
14,Ryan Moore,60.00,3,5
14,Bubba Watson,60.00,3,5
17,Mackenzie Hughes,55.56,5,9
18,Jason Day,50.00,3,6
18,Jim Herman,50.00,2,4
18,Charley Hoffman,50.00,6,12
18,William McGirt,50.00,1,2
18,Rod Pampling,50.00,1,2
18,Vaughn Taylor,50.00,3,6
24,Pat Perez,40.00,2,5
25,Aaron Baddeley,33.33,2,6
25,Cody Gribble,33.33,1,3
25,Patrick Reed,33.33,2,6
25,Jhonattan Vegas,33.33,1,3
25,Jimmy Walker,33.33,1,3
30,Branden Grace,28.57,2,7
31,Si Woo Kim,25.00,3,12
31,Jordan Spieth,25.00,1,4
