rank,player,%,# of Saves,# of Bunkers
1,Fabián Gómez,100.00,2,2
1,James Hahn,100.00,1,1
1,Charley Hoffman,100.00,1,1
1,Ryan Moore,100.00,2,2
1,Brandt Snedeker,100.00,1,1
1,Vaughn Taylor,100.00,1,1
1,Justin Thomas,100.00,1,1
8,Cody Gribble,75.00,3,4
9,Si Woo Kim,66.67,2,3
9,Patrick Reed,66.67,2,3
9,Jhonattan Vegas,66.67,2,3
12,Aaron Baddeley,50.00,1,2
12,Jason Dufner,50.00,2,4
12,Brendan Steele,50.00,1,2
12,Jimmy Walker,50.00,1,2
16,Dustin Johnson,33.33,1,3
17,Greg Chalmers,.00,0,1
17,Jason Day,.00,0,1
17,Tony Finau,.00,0,1
17,Branden Grace,.00,0,1
17,Mackenzie Hughes,.00,0,1
17,Billy Hurley III,.00,0,2
17,Russell Knox,.00,0,1
17,Jordan Spieth,.00,0,1
17,Brian Stuard,.00,0,1
17,Bubba Watson,.00,0,3
