rank,player,Stroke Differential,Player's Score,Field Average Score
1,Patrick Reed,+2.73,69.50,72.23
1,Xander Schauffele,+2.73,69.50,72.23
1,Justin Thomas,+2.73,69.50,72.23
4,Patrick Cantlay,+1.98,70.25,72.23
5,Rickie Fowler,+1.73,70.50,72.23
5,Joaquin Niemann,+1.73,70.50,72.23
7,Dustin Johnson,+1.48,70.75,72.23
7,Collin Morikawa,+1.48,70.75,72.23
7,Gary Woodland,+1.48,70.75,72.23
10,Jon Rahm,+1.23,71.00,72.23
11,J.T. Poston,+.98,71.25,72.23
11,Matthew Wolff,+.98,71.25,72.23
13,Lanto Griffin,+.73,71.50,72.23
14,Cameron Champ,+.23,72.00,72.23
14,Kevin Kisner,+.23,72.00,72.23
14,Matt Kuchar,+.23,72.00,72.23
17,Sebastián Muñoz,-.02,72.25,72.23
17,Ryan Palmer,-.02,72.25,72.23
19,Paul Casey,-.27,72.50,72.23
19,Corey Conners,-.27,72.50,72.23
19,Tyler Duncan,-.27,72.50,72.23
19,Nate Lashley,-.27,72.50,72.23
23,Adam Long,-.52,72.75,72.23
23,Graeme McDowell,-.52,72.75,72.23
25,Max Homa,-.77,73.00,72.23
25,Sung Kang,-.77,73.00,72.23
27,Jim Herman,-1.02,73.25,72.23
27,Chez Reavie,-1.02,73.25,72.23
29,Brendon Todd,-1.27,73.50,72.23
30,J.B. Holmes,-1.77,74.00,72.23
31,Dylan Frittelli,-2.02,74.25,72.23
32,Keith Mitchell,-3.27,75.50,72.23
32,Kevin Na,-3.27,75.50,72.23
34,Martin Trainer,-5.27,77.50,72.23
