rank,player,Avg,Total Strokes,Total Rounds
1,Xander Schauffele,68.50,137,2
2,Joaquin Niemann,69.00,138,2
2,Patrick Reed,69.00,138,2
4,Rickie Fowler,69.50,139,2
5,Patrick Cantlay,70.00,140,2
5,Justin Thomas,70.00,140,2
7,J.T. Poston,70.50,141,2
7,Matthew Wolff,70.50,141,2
9,Lanto Griffin,71.00,142,2
9,Matt Kuchar,71.00,142,2
9,Nate Lashley,71.00,142,2
9,Collin Morikawa,71.00,142,2
9,Jon Rahm,71.00,142,2
9,Gary Woodland,71.00,142,2
15,Corey Conners,71.50,143,2
15,Dustin Johnson,71.50,143,2
15,Graeme McDowell,71.50,143,2
15,Ryan Palmer,71.50,143,2
19,Kevin Kisner,72.00,144,2
20,Sung Kang,72.50,145,2
20,Adam Long,72.50,145,2
20,Chez Reavie,72.50,145,2
20,Brendon Todd,72.50,145,2
24,Paul Casey,73.00,146,2
24,Jim Herman,73.00,146,2
26,Cameron Champ,73.50,147,2
26,Tyler Duncan,73.50,147,2
26,Max Homa,73.50,147,2
26,Sebastián Muñoz,73.50,147,2
30,Keith Mitchell,74.00,148,2
31,Dylan Frittelli,74.50,149,2
31,J.B. Holmes,74.50,149,2
33,Kevin Na,75.00,150,2
34,Martin Trainer,75.50,151,2
