rank,player,Value,Tourn/Course,Round
1,Joaquin Niemann,66,Sentry/Plantati,1
1,Patrick Reed,66,Sentry/Plantati,4
3,Justin Thomas,67,Sentry/Plantati,1
4,Patrick Cantlay,68,Sentry/Plantati,4
4,Tyler Duncan,68,Sentry/Plantati,3
4,Rickie Fowler,68,Sentry/Plantati,1
4,Kevin Kisner,68,Sentry/Plantati,3
4,Matt Kuchar,68,Sentry/Plantati,1
4,Xander Schauffele,68,Sentry/Plantati,2
10,Paul Casey,69,Sentry/Plantati,3
10,Cameron Champ,69,Sentry/Plantati,3
10,Jim Herman,69,Sentry/Plantati,3
10,Dustin Johnson,69,Sentry/Plantati,4
10,Graeme McDowell,69,Sentry/Plantati,2
10,Jon Rahm,69,Sentry/Plantati,1
10,Matthew Wolff,69,Sentry/Plantati,1
10,Gary Woodland,69,Sentry/Plantati,3
18,Corey Conners,70,Sentry/Plantati,2
18,Collin Morikawa,70,Sentry/Plantati,3
18,Sebastián Muñoz,70,Sentry/Plantati,4
18,J.T. Poston,70,Sentry/Plantati,1
22,Lanto Griffin,71,Sentry/Plantati,2
22,J.B. Holmes,71,Sentry/Plantati,4
22,Max Homa,71,Sentry/Plantati,3
22,Nate Lashley,71,Sentry/Plantati,3
22,Adam Long,71,Sentry/Plantati,4
22,Ryan Palmer,71,Sentry/Plantati,4
22,Chez Reavie,71,Sentry/Plantati,2
22,Brendon Todd,71,Sentry/Plantati,1
30,Dylan Frittelli,72,Sentry/Plantati,1
30,Sung Kang,72,Sentry/Plantati,1
30,Keith Mitchell,72,Sentry/Plantati,2
33,Kevin Na,74,Sentry/Plantati,2
33,Martin Trainer,74,Sentry/Plantati,1
