rank,player,Stroke Differential,Player's Score,Field Average Score
1,Dustin Johnson,+4.44,67.67,72.11
2,Steve Stricker,+3.11,69.00,72.11
3,Brandt Snedeker,+2.44,69.67,72.11
4,Keegan Bradley,+2.11,70.00,72.11
4,Bubba Watson,+2.11,70.00,72.11
6,Rickie Fowler,+1.78,70.33,72.11
6,Tommy Gainey,+1.78,70.33,72.11
8,Carl Pettersson,+1.44,70.67,72.11
9,Matt Kuchar,+.78,71.33,72.11
9,Ian Poulter,+.78,71.33,72.11
11,Webb Simpson,+.44,71.67,72.11
11,Mark Wilson,+.44,71.67,72.11
13,J.J. Henry,+.11,72.00,72.11
13,Scott Piercy,+.11,72.00,72.11
13,Scott Stallings,+.11,72.00,72.11
13,Johnson Wagner,+.11,72.00,72.11
13,Nick Watney,+.11,72.00,72.11
18,Jonas Blixt,-.56,72.67,72.11
18,Ben Curtis,-.56,72.67,72.11
18,Jason Dufner,-.56,72.67,72.11
18,John Huh,-.56,72.67,72.11
18,Zach Johnson,-.56,72.67,72.11
23,Charlie Beljan,-1.56,73.67,72.11
23,Bill Haas,-1.56,73.67,72.11
23,Marc Leishman,-1.56,73.67,72.11
26,Hunter Mahan,-2.22,74.33,72.11
26,"Ted Potter, Jr.",-2.22,74.33,72.11
28,George McNeill,-2.89,75.00,72.11
28,Ryan Moore,-2.89,75.00,72.11
30,Kyle Stanley,-4.56,76.67,72.11
