rank,player,Avg,Total Strokes,Total Rounds
1,Dustin Johnson,67.67,203,3
2,Steve Stricker,69.00,207,3
3,Brandt Snedeker,69.67,209,3
4,Keegan Bradley,70.00,210,3
4,Bubba Watson,70.00,210,3
6,Rickie Fowler,70.33,211,3
6,Tommy Gainey,70.33,211,3
8,Carl Pettersson,70.67,212,3
9,Matt Kuchar,71.33,214,3
9,Ian Poulter,71.33,214,3
11,Webb Simpson,71.67,215,3
11,Mark Wilson,71.67,215,3
13,J.J. Henry,72.00,216,3
13,Scott Piercy,72.00,216,3
13,Scott Stallings,72.00,216,3
13,Johnson Wagner,72.00,216,3
13,Nick Watney,72.00,216,3
18,Jonas Blixt,72.67,218,3
18,Ben Curtis,72.67,218,3
18,Jason Dufner,72.67,218,3
18,John Huh,72.67,218,3
18,Zach Johnson,72.67,218,3
23,Charlie Beljan,73.67,221,3
23,Bill Haas,73.67,221,3
23,Marc Leishman,73.67,221,3
26,Hunter Mahan,74.33,223,3
26,"Ted Potter, Jr.",74.33,223,3
28,George McNeill,75.00,225,3
28,Ryan Moore,75.00,225,3
30,Kyle Stanley,76.67,230,3
