rank,player,Avg,Total Strokes,Total Rounds
1,Dustin Johnson,67.50,135,2
2,Steve Stricker,69.00,138,2
3,Bubba Watson,69.50,139,2
4,Keegan Bradley,70.00,140,2
4,Brandt Snedeker,70.00,140,2
6,Tommy Gainey,70.50,141,2
7,Carl Pettersson,71.00,142,2
7,Nick Watney,71.00,142,2
9,Scott Piercy,71.50,143,2
10,Rickie Fowler,72.00,144,2
10,John Huh,72.00,144,2
10,Webb Simpson,72.00,144,2
10,Johnson Wagner,72.00,144,2
14,J.J. Henry,72.50,145,2
14,Matt Kuchar,72.50,145,2
14,Ian Poulter,72.50,145,2
14,Mark Wilson,72.50,145,2
18,Charlie Beljan,73.00,146,2
18,Jonas Blixt,73.00,146,2
18,Ben Curtis,73.00,146,2
18,Bill Haas,73.00,146,2
18,Zach Johnson,73.00,146,2
18,Scott Stallings,73.00,146,2
24,Jason Dufner,74.50,149,2
24,Hunter Mahan,74.50,149,2
24,Ryan Moore,74.50,149,2
27,Marc Leishman,75.00,150,2
27,"Ted Potter, Jr.",75.00,150,2
29,George McNeill,76.00,152,2
30,Kyle Stanley,79.00,158,2
