rank,player,%,Total 3 Putts,Total Holes (overall)
1,Rory McIlroy,.00,0,72
2,Paul Casey,1.39,1,72
2,Brice Garnett,1.39,1,72
2,Dustin Johnson,1.39,1,72
2,Troy Merritt,1.39,1,72
2,"Ted Potter, Jr.",1.39,1,72
2,Andrew Putnam,1.39,1,72
2,Jon Rahm,1.39,1,72
2,Xander Schauffele,1.39,1,72
2,Webb Simpson,1.39,1,72
2,Brandt Snedeker,1.39,1,72
12,Billy Horschel,2.78,2,72
12,Satoshi Kodaira,2.78,2,72
12,Brooks Koepka,2.78,2,72
12,Marc Leishman,2.78,2,72
12,Francesco Molinari,2.78,2,72
12,Justin Thomas,2.78,2,72
12,Gary Woodland,2.78,2,72
19,Keegan Bradley,4.17,3,72
19,Jason Day,4.17,3,72
19,Bryson DeChambeau,4.17,3,72
19,Charles Howell III,4.17,3,72
19,Matt Kuchar,4.17,3,72
19,Andrew Landry,4.17,3,72
19,Kevin Tway,4.17,3,72
26,Michael Kim,5.56,4,72
26,Patton Kizzire,5.56,4,72
26,Scott Piercy,5.56,4,72
26,Ian Poulter,5.56,4,72
26,Aaron Wise,5.56,4,72
31,Cameron Champ,6.94,5,72
31,Patrick Reed,6.94,5,72
33,Bubba Watson,16.67,12,72
