rank,player,Avg,Total Putts,Total Rounds,Low Total Putts
1,Dustin Johnson,27.75,111,4,25
1,Michael Kim,27.75,111,4,25
3,Andrew Putnam,28.25,113,4,26
4,Troy Merritt,28.75,115,4,26
4,Xander Schauffele,28.75,115,4,25
6,Jason Day,29.00,116,4,27
6,Bryson DeChambeau,29.00,116,4,25
8,Brandt Snedeker,29.25,117,4,28
8,Kevin Tway,29.25,117,4,26
10,Patton Kizzire,29.50,118,4,28
11,Paul Casey,29.75,119,4,26
11,Matt Kuchar,29.75,119,4,29
11,Scott Piercy,29.75,119,4,29
11,Webb Simpson,29.75,119,4,27
15,Brice Garnett,30.00,120,4,28
15,Charles Howell III,30.00,120,4,26
15,Brooks Koepka,30.00,120,4,28
15,Andrew Landry,30.00,120,4,27
15,Marc Leishman,30.00,120,4,27
15,Francesco Molinari,30.00,120,4,28
15,Justin Thomas,30.00,120,4,26
15,Gary Woodland,30.00,120,4,29
23,"Ted Potter, Jr.",30.25,121,4,28
24,Cameron Champ,30.50,122,4,28
25,Jon Rahm,30.75,123,4,29
26,Billy Horschel,31.00,124,4,29
27,Satoshi Kodaira,31.25,125,4,29
27,Patrick Reed,31.25,125,4,27
27,Aaron Wise,31.25,125,4,31
30,Keegan Bradley,31.50,126,4,29
30,Rory McIlroy,31.50,126,4,29
32,Ian Poulter,31.75,127,4,29
33,Bubba Watson,33.00,132,4,31
