rank,player,%,Greens Hit,Total Holes,Relative to par
1,Brent Geiberger,100.00,14,14,-0.36
1,Charles Howell III,100.00,12,12,-0.08
3,Russ Cochran,92.31,12,13,-0.33
4,Olin Browne,91.67,11,12,-0.55
4,Luke Donald,91.67,11,12,-0.36
6,Danny Briggs,90.91,10,11,E
7,Bart Bryant,88.89,8,9,-0.13
7,Tom Lehman,88.89,16,18,-0.06
7,Corey Pavin,88.89,8,9,-0.13
10,Omar Uresti,87.50,7,8,-0.29
11,Briny Baird,84.62,11,13,-0.45
12,Michael Allen,83.33,15,18,-0.20
12,Shaun Micheel,83.33,10,12,-0.20
14,Robert Gamez,82.35,14,17,-0.57
15,Hideto Tanihara,81.82,9,11,-0.33
16,Jonathan Byrd,81.25,13,16,-0.15
17,Aaron Baddeley,80.00,12,15,-0.33
17,Craig Bowden,80.00,8,10,-0.25
17,Todd Fischer,80.00,8,10,-0.50
17,Carlos Franco,80.00,8,10,-0.13
21,Arjun Atwal,78.95,15,19,-0.13
22,Brian Gay,78.57,11,14,-0.27
22,Kenichi Kuboya,78.57,11,14,-0.09
22,Rod Pampling,78.57,11,14,-0.18
25,Loren Roberts,77.78,7,9,-0.14
25,Tjaart van der Walt,77.78,7,9,E
27,Pat Bates,76.92,10,13,-0.30
27,Joe Durant,76.92,10,13,-0.60
27,Fred Funk,76.92,10,13,-0.40
27,Brad Lardon,76.92,10,13,-0.30
27,Chris Riley,76.92,10,13,-0.10
32,Kevin Na,76.47,13,17,E
32,Brenden Pappas,76.47,13,17,-0.38
34,Stephen Ames,75.00,9,12,-0.22
34,D.J. Brigman,75.00,9,12,-0.44
34,Jason Dufner,75.00,12,16,-0.33
34,Jerry Kelly,75.00,12,16,-0.08
34,Andre Stolz,75.00,6,8,-0.33
39,Lucas Glover,73.33,11,15,-0.36
39,Tim Herron,73.33,11,15,-0.27
39,Joe Ogilvie,73.33,11,15,-0.18
39,Pat Perez,73.33,11,15,-0.27
43,Peter Jacobsen,72.73,8,11,-0.25
44,Ben Crane,71.43,10,14,-0.10
44,Frank Lickliter II,71.43,10,14,-0.40
44,Davis Love III,71.43,15,21,-0.27
44,Jesper Parnevik,71.43,10,14,-0.40
44,Heath Slocum,71.43,10,14,-0.30
49,John Huston,70.00,7,10,-0.29
49,John Senden,70.00,7,10,-0.14
51,Cameron Beckman,66.67,10,15,-0.40
51,Richard Johnson,66.67,8,12,-0.13
51,Jonathan Kaye,66.67,8,12,-0.25
51,Hidemichi Tanaka,66.67,10,15,-0.20
55,Woody Austin,65.00,13,20,E
56,Tommy Armour III,64.71,11,17,-0.27
56,Mark Hensby,64.71,11,17,-0.27
56,Vijay Singh,64.71,11,17,-0.27
59,Paul Azinger,63.64,7,11,-0.14
59,Ken Duke,63.64,7,11,-0.14
61,Steve Allan,62.50,5,8,-0.20
61,Jason Bohn,62.50,10,16,-0.50
61,Harrison Frazar,62.50,10,16,-0.40
64,Ernie Els,61.54,8,13,-0.38
65,Bobby Kalinowski,61.11,11,18,-0.27
66,Craig Barlow,60.00,9,15,-0.22
66,Jeff Brehaut,60.00,12,20,E
66,John Riegger,60.00,6,10,-0.33
69,David Ishii,58.33,7,12,-0.14
70,Bob Burns,57.14,4,7,-0.25
70,Tom Carter,57.14,4,7,E
72,Ted Purdy,55.56,5,9,E
73,Retief Goosen,55.00,11,20,-0.18
74,Shigeki Maruyama,54.55,6,11,-0.33
75,John Maginnes,53.85,7,13,E
76,Duffy Waldorf,50.00,6,12,-0.50
77,Bo Van Pelt,47.06,8,17,+0.13
78,Ryan Palmer,41.67,5,12,E
79,Scott Simpson,25.00,2,8,E
