rank,player,%,Greens Hit,Total Holes,Relative to par
1,Joe Durant,82.76,48,58,-0.19
2,Stephen Ames,75.81,47,62,-0.26
3,Luke Donald,74.19,46,62,-0.22
3,John Senden,74.19,46,62,-0.07
5,Michael Allen,73.33,44,60,-0.20
6,Bart Bryant,71.67,43,60,-0.26
7,Danny Briggs,70.49,43,61,-0.09
8,Jerry Kelly,70.00,42,60,-0.17
9,Brad Lardon,69.84,44,63,-0.16
10,Ernie Els,69.49,41,59,-0.24
11,Pat Bates,69.35,43,62,-0.19
11,Craig Bowden,69.35,43,62,-0.16
13,Kenichi Kuboya,68.97,40,58,-0.08
14,Aaron Baddeley,68.33,41,60,-0.22
14,Charles Howell III,68.33,41,60,-0.15
14,John Huston,68.33,41,60,-0.22
17,John Riegger,68.25,43,63,-0.26
18,Jason Dufner,67.80,40,59,-0.20
18,Brent Geiberger,67.80,40,59,-0.23
20,Ted Purdy,67.74,42,62,-0.14
21,Fred Funk,67.21,41,61,-0.22
21,Tim Herron,67.21,41,61,-0.29
23,Russ Cochran,66.67,40,60,-0.25
23,Heath Slocum,66.67,40,60,-0.15
25,Shigeki Maruyama,66.13,41,62,-0.17
26,John Maginnes,66.10,39,59,-0.15
26,Andre Stolz,66.10,39,59,-0.23
28,Briny Baird,65.57,40,61,-0.35
28,Carlos Franco,65.57,40,61,-0.18
28,Frank Lickliter II,65.57,40,61,-0.35
31,Vijay Singh,65.45,36,55,-0.33
32,Tommy Armour III,65.00,39,60,-0.13
32,Craig Barlow,65.00,39,60,-0.21
32,Kevin Na,65.00,39,60,-0.10
32,Rod Pampling,65.00,39,60,-0.18
32,Corey Pavin,65.00,39,60,-0.15
37,D.J. Brigman,64.52,40,62,-0.33
37,Olin Browne,64.52,40,62,-0.28
37,Tom Lehman,64.52,40,62,-0.18
40,Robert Gamez,64.41,38,59,-0.34
40,Pat Perez,64.41,38,59,-0.21
40,Duffy Waldorf,64.41,38,59,-0.21
43,Peter Jacobsen,64.06,41,64,-0.15
44,Ben Crane,63.93,39,61,-0.18
44,Davis Love III,63.93,39,61,-0.23
46,Harrison Frazar,63.33,38,60,-0.32
46,Brenden Pappas,63.33,38,60,-0.32
48,Omar Uresti,62.90,39,62,-0.26
49,Jeff Brehaut,62.71,37,59,-0.03
49,Shaun Micheel,62.71,37,59,-0.08
51,Mark Hensby,62.07,36,58,-0.22
52,Brian Gay,61.67,37,60,-0.19
53,Tjaart van der Walt,61.54,40,65,-0.15
54,Lucas Glover,61.40,35,57,-0.29
55,Arjun Atwal,61.29,38,62,-0.18
55,Bo Van Pelt,61.29,38,62,-0.29
57,Retief Goosen,61.02,36,59,-0.19
57,Jonathan Kaye,61.02,36,59,-0.17
59,David Ishii,59.68,37,62,-0.19
60,Steve Allan,59.32,35,59,-0.23
60,Woody Austin,59.32,35,59,-0.06
62,Jonathan Byrd,58.33,35,60,-0.17
62,Jesper Parnevik,58.33,35,60,-0.29
64,Chris Riley,58.06,36,62,-0.28
65,Joe Ogilvie,57.38,35,61,-0.11
66,Bobby Kalinowski,57.14,36,63,-0.19
67,Jason Bohn,56.90,33,58,-0.36
68,Hideto Tanihara,56.67,34,60,-0.24
69,Hidemichi Tanaka,54.84,34,62,-0.18
70,Bob Burns,54.24,32,59,-0.09
70,Todd Fischer,54.24,32,59,-0.28
72,Ken Duke,54.10,33,61,-0.21
72,Richard Johnson,54.10,33,61,-0.18
74,Cameron Beckman,53.45,31,58,-0.39
75,Ryan Palmer,53.33,32,60,-0.06
76,Scott Simpson,51.67,31,60,-0.26
77,Paul Azinger,50.00,30,60,-0.30
77,Loren Roberts,50.00,30,60,-0.17
79,Tom Carter,47.46,28,59,-0.18
