rank,player,%,Greens Hit,Total Holes,Relative to par
1,Paul Azinger,100.00,12,12,-0.67
1,Aaron Baddeley,100.00,11,11,-0.55
1,Briny Baird,100.00,11,11,-0.73
1,Tom Carter,100.00,11,11,-0.64
1,Jason Dufner,100.00,12,12,-0.42
1,Todd Fischer,100.00,11,11,-0.55
1,Fred Funk,100.00,11,11,-0.64
1,Robert Gamez,100.00,11,11,-0.82
1,Mark Hensby,100.00,12,12,-0.58
1,Peter Jacobsen,100.00,8,8,-0.38
1,Richard Johnson,100.00,11,11,-0.64
1,Brad Lardon,100.00,8,8,-0.25
1,Tom Lehman,100.00,10,10,-0.70
1,Frank Lickliter II,100.00,11,11,-0.55
1,Davis Love III,100.00,11,11,-0.73
1,John Maginnes,100.00,13,13,-0.62
1,Shaun Micheel,100.00,12,12,-0.92
1,Ryan Palmer,100.00,12,12,-0.67
1,John Riegger,100.00,9,9,-0.78
1,Chris Riley,100.00,10,10,-0.70
1,Loren Roberts,100.00,10,10,-0.70
1,Andre Stolz,100.00,12,12,-0.58
1,Tjaart van der Walt,100.00,7,7,-0.86
24,Vijay Singh,93.33,14,15,-0.64
25,Woody Austin,92.31,12,13,-0.50
25,Ernie Els,92.31,12,13,-0.75
25,Retief Goosen,92.31,12,13,-0.58
25,Kenichi Kuboya,92.31,12,13,-0.58
29,Steve Allan,91.67,11,12,-0.73
29,Craig Barlow,91.67,11,12,-0.82
29,Jeff Brehaut,91.67,11,12,-0.45
29,Bob Burns,91.67,11,12,-0.82
29,Jonathan Byrd,91.67,11,12,-0.55
29,Russ Cochran,91.67,11,12,-0.27
29,Lucas Glover,91.67,11,12,-0.73
29,Charles Howell III,91.67,11,12,-0.55
29,Jonathan Kaye,91.67,11,12,-0.91
29,Jerry Kelly,91.67,11,12,-0.82
29,Kevin Na,91.67,11,12,-0.91
29,Jesper Parnevik,91.67,11,12,-0.55
29,Pat Perez,91.67,11,12,-0.73
29,Hideto Tanihara,91.67,11,12,-0.55
43,Danny Briggs,90.91,10,11,-0.60
43,Ben Crane,90.91,10,11,-0.70
43,Carlos Franco,90.91,10,11,-0.80
43,Brent Geiberger,90.91,10,11,-0.90
43,Tim Herron,90.91,10,11,-0.50
43,John Huston,90.91,10,11,-0.60
43,Joe Ogilvie,90.91,10,11,-0.60
43,Brenden Pappas,90.91,10,11,-0.40
51,Arjun Atwal,90.00,9,10,-0.67
51,Pat Bates,90.00,9,10,-0.56
51,Craig Bowden,90.00,9,10,-0.78
51,Olin Browne,90.00,9,10,-0.67
51,Luke Donald,90.00,9,10,-0.67
51,David Ishii,90.00,9,10,-0.33
51,Shigeki Maruyama,90.00,9,10,-0.56
51,Rod Pampling,90.00,9,10,-0.11
51,Ted Purdy,90.00,9,10,-0.44
51,John Senden,90.00,9,10,-0.67
51,Omar Uresti,90.00,9,10,-0.67
51,Bo Van Pelt,90.00,9,10,-0.56
63,D.J. Brigman,88.89,8,9,-0.50
63,Bobby Kalinowski,88.89,8,9,-0.50
65,Jason Bohn,84.62,11,13,-0.09
65,Joe Durant,84.62,11,13,-0.45
65,Duffy Waldorf,84.62,11,13,-0.64
68,Tommy Armour III,83.33,10,12,-0.80
69,Michael Allen,81.82,9,11,-0.44
69,Ken Duke,81.82,9,11,-0.67
69,Harrison Frazar,81.82,9,11,-1.00
72,Stephen Ames,80.00,8,10,-0.75
73,Cameron Beckman,75.00,9,12,-0.56
74,Bart Bryant,72.73,8,11,-0.50
74,Scott Simpson,72.73,8,11,-0.88
76,Hidemichi Tanaka,70.00,7,10,-0.71
77,Brian Gay,66.67,8,12,-0.63
77,Corey Pavin,66.67,8,12,-0.88
79,Heath Slocum,63.64,7,11,-0.43
