rank,player,%,Greens Hit,# Holes,Relative/Par
1,Stephen Ames,100.0,1,1,E
1,Arjun Atwal,100.0,2,2,-2.00
1,Woody Austin,100.0,2,2,-1.00
1,Craig Barlow,100.0,2,2,-1.00
1,Pat Bates,100.0,1,1,E
1,Jeff Brehaut,100.0,2,2,-1.00
1,Ben Crane,100.0,1,1,-1.00
1,Ken Duke,100.0,3,3,-3.00
1,Todd Fischer,100.0,1,1,E
1,Fred Funk,100.0,2,2,E
1,Brian Gay,100.0,2,2,-1.00
1,Brent Geiberger,100.0,2,2,-1.00
1,Mark Hensby,100.0,2,2,E
1,Charles Howell III,100.0,2,2,E
1,Peter Jacobsen,100.0,2,2,E
1,Kenichi Kuboya,100.0,1,1,E
1,Brad Lardon,100.0,4,4,+1.00
1,Davis Love III,100.0,4,4,-3.00
1,John Maginnes,100.0,1,1,E
1,Shaun Micheel,100.0,2,2,-1.00
1,Kevin Na,100.0,1,1,+1.00
1,Scott Simpson,100.0,1,1,E
1,Heath Slocum,100.0,1,1,E
1,Tjaart van der Walt,100.0,2,2,E
25,Danny Briggs,75.0,3,4,-1.00
25,Russ Cochran,75.0,3,4,E
25,Shigeki Maruyama,75.0,3,4,-1.00
28,Carlos Franco,70.0,7,10,-2.00
29,Paul Azinger,66.7,2,3,-1.00
29,Jonathan Kaye,66.7,2,3,-1.00
29,Frank Lickliter II,66.7,2,3,E
29,John Senden,66.7,2,3,-1.00
29,Omar Uresti,66.7,2,3,-2.00
34,Steve Allan,60.0,3,5,-1.00
34,Retief Goosen,60.0,3,5,-1.00
34,Brenden Pappas,60.0,3,5,-1.00
34,Duffy Waldorf,60.0,3,5,-2.00
38,Tommy Armour III,50.0,2,4,-2.00
38,Aaron Baddeley,50.0,3,6,E
38,Bart Bryant,50.0,1,2,E
38,Bob Burns,50.0,1,2,E
38,John Huston,50.0,1,2,E
38,David Ishii,50.0,1,2,E
38,Richard Johnson,50.0,1,2,E
38,Pat Perez,50.0,1,2,E
38,Loren Roberts,50.0,1,2,-1.00
38,Vijay Singh,50.0,2,4,E
38,Andre Stolz,50.0,1,2,-1.00
38,Bo Van Pelt,50.0,1,2,E
50,Michael Allen,42.9,3,7,-2.00
51,Tom Lehman,40.0,2,5,E
52,Briny Baird,33.3,1,3,-1.00
52,Tom Carter,33.3,1,3,E
52,Lucas Glover,33.3,1,3,E
52,Bobby Kalinowski,33.3,1,3,E
52,Ted Purdy,33.3,1,3,E
52,Chris Riley,33.3,1,3,-1.00
58,Ernie Els,25.0,1,4,-1.00
58,Robert Gamez,25.0,1,4,-1.00
58,Joe Ogilvie,25.0,1,4,E
61,Cameron Beckman,.0,0,2,E
61,D.J. Brigman,.0,0,1,E
61,Jonathan Byrd,.0,0,1,E
61,Jason Dufner,.0,0,2,E
61,Joe Durant,.0,0,1,E
61,Harrison Frazar,.0,0,1,E
61,Tim Herron,.0,0,3,E
61,Ryan Palmer,.0,0,2,E
61,Rod Pampling,.0,0,1,E
61,Jesper Parnevik,.0,0,1,E
61,Corey Pavin,.0,0,1,E
61,John Riegger,.0,0,2,E
61,Hidemichi Tanaka,.0,0,2,E
61,Hideto Tanihara,.0,0,2,E
