rank,player,%,Greens Hit,# of Holes
1,Luke Donald,93.55,29,31
2,Shaun Micheel,91.67,22,24
3,Frank Lickliter II,90.32,28,31
4,Aaron Baddeley,89.29,25,28
5,Joe Durant,88.10,37,42
6,Stephen Ames,87.50,28,32
6,Lucas Glover,87.50,28,32
8,Chris Riley,86.36,19,22
9,Danny Briggs,86.21,25,29
9,Brent Geiberger,86.21,25,29
11,Briny Baird,86.11,31,36
12,Tom Carter,85.00,17,20
13,Jesper Parnevik,84.85,28,33
14,Retief Goosen,84.62,22,26
15,Kenichi Kuboya,84.38,27,32
16,Craig Barlow,84.21,32,38
17,Ernie Els,84.00,21,25
18,Robert Gamez,83.87,26,31
18,Tim Herron,83.87,26,31
20,Jonathan Kaye,83.33,25,30
20,Ted Purdy,83.33,25,30
22,Tom Lehman,82.35,28,34
23,Arjun Atwal,82.14,23,28
23,John Riegger,82.14,23,28
25,Michael Allen,81.82,18,22
25,John Senden,81.82,27,33
27,Richard Johnson,81.25,26,32
28,Todd Fischer,80.00,24,30
28,Charles Howell III,80.00,24,30
28,Rod Pampling,80.00,24,30
28,Pat Perez,80.00,24,30
28,Vijay Singh,80.00,20,25
28,Tjaart van der Walt,80.00,20,25
34,Kevin Na,79.41,27,34
35,Jason Dufner,79.31,23,29
35,Duffy Waldorf,79.31,23,29
37,Steve Allan,78.26,18,23
38,Bart Bryant,78.13,25,32
38,Joe Ogilvie,78.13,25,32
38,Andre Stolz,78.13,25,32
41,Brian Gay,77.78,21,27
42,John Maginnes,77.50,31,40
43,John Huston,77.42,24,31
43,Brad Lardon,77.42,24,31
45,Olin Browne,77.27,34,44
46,Ryan Palmer,77.14,27,35
47,Fred Funk,76.92,30,39
48,Bo Van Pelt,76.67,23,30
49,Brenden Pappas,76.00,19,25
50,Ben Crane,75.86,22,29
51,Jason Bohn,75.00,24,32
51,Jerry Kelly,75.00,27,36
53,Tommy Armour III,74.29,26,35
53,Pat Bates,74.29,26,35
53,D.J. Brigman,74.29,26,35
53,Russ Cochran,74.29,26,35
57,Bob Burns,74.07,20,27
57,Hideto Tanihara,74.07,20,27
59,Woody Austin,73.33,22,30
59,Hidemichi Tanaka,73.33,22,30
61,Davis Love III,73.08,19,26
62,Loren Roberts,72.73,24,33
63,Jeff Brehaut,72.22,26,36
63,David Ishii,72.22,26,36
65,Shigeki Maruyama,71.88,23,32
66,Omar Uresti,71.43,20,28
67,Heath Slocum,71.05,27,38
68,Bobby Kalinowski,70.83,17,24
69,Craig Bowden,70.45,31,44
70,Carlos Franco,70.00,21,30
71,Peter Jacobsen,69.44,25,36
72,Ken Duke,68.18,15,22
73,Corey Pavin,67.65,23,34
74,Harrison Frazar,67.57,25,37
75,Mark Hensby,66.67,22,33
76,Scott Simpson,65.63,21,32
77,Paul Azinger,65.38,17,26
77,Jonathan Byrd,65.38,17,26
79,Cameron Beckman,64.52,20,31
