rank,player,%,Greens Hit,Total Holes,Relative to par
1,Steve Allan,100.00,11,11,-0.73
1,Paul Azinger,100.00,12,12,-0.67
1,Aaron Baddeley,100.00,9,9,-0.44
1,Briny Baird,100.00,8,8,-0.88
1,Craig Barlow,100.00,9,9,-1.00
1,Craig Bowden,100.00,9,9,-0.78
1,Bob Burns,100.00,9,9,-1.00
1,Tom Carter,100.00,9,9,-0.67
1,Russ Cochran,100.00,7,7,-0.43
1,Luke Donald,100.00,9,9,-0.67
1,Jason Dufner,100.00,8,8,-0.38
1,Todd Fischer,100.00,8,8,-0.75
1,Fred Funk,100.00,8,8,-0.88
1,Robert Gamez,100.00,9,9,-0.78
1,Brent Geiberger,100.00,9,9,-1.00
1,Mark Hensby,100.00,12,12,-0.58
1,Tim Herron,100.00,8,8,-0.63
1,David Ishii,100.00,8,8,-0.38
1,Peter Jacobsen,100.00,7,7,-0.43
1,Richard Johnson,100.00,7,7,-0.57
1,Bobby Kalinowski,100.00,6,6,-0.50
1,Kenichi Kuboya,100.00,9,9,-0.67
1,Brad Lardon,100.00,7,7,-0.43
1,Tom Lehman,100.00,9,9,-0.78
1,Frank Lickliter II,100.00,8,8,-0.63
1,Davis Love III,100.00,9,9,-0.89
1,John Maginnes,100.00,8,8,-0.88
1,Shigeki Maruyama,100.00,8,8,-0.63
1,Shaun Micheel,100.00,11,11,-0.91
1,Joe Ogilvie,100.00,9,9,-0.67
1,Ryan Palmer,100.00,10,10,-0.70
1,John Riegger,100.00,7,7,-0.86
1,Chris Riley,100.00,8,8,-0.63
1,Loren Roberts,100.00,9,9,-0.78
1,Andre Stolz,100.00,8,8,-0.75
1,Tjaart van der Walt,100.00,6,6,-1.00
37,Vijay Singh,92.31,12,13,-0.67
38,Jason Bohn,91.67,11,12,-0.09
38,Jeff Brehaut,91.67,11,12,-0.45
38,Jesper Parnevik,91.67,11,12,-0.55
38,Pat Perez,91.67,11,12,-0.73
42,Carlos Franco,90.91,10,11,-0.80
42,Jerry Kelly,90.91,10,11,-0.90
42,Brenden Pappas,90.91,10,11,-0.40
45,Woody Austin,90.00,9,10,-0.67
45,Ben Crane,90.00,9,10,-0.67
45,Ernie Els,90.00,9,10,-0.78
45,Retief Goosen,90.00,9,10,-0.67
45,Charles Howell III,90.00,9,10,-0.67
45,John Huston,90.00,9,10,-0.56
45,Hideto Tanihara,90.00,9,10,-0.56
52,Arjun Atwal,88.89,8,9,-0.75
52,Danny Briggs,88.89,8,9,-0.75
52,D.J. Brigman,88.89,8,9,-0.50
52,Olin Browne,88.89,8,9,-0.75
52,Jonathan Byrd,88.89,8,9,-0.75
52,Jonathan Kaye,88.89,8,9,-1.00
52,Kevin Na,88.89,8,9,-1.00
52,John Senden,88.89,8,9,-0.75
60,Lucas Glover,87.50,7,8,-1.00
60,Ted Purdy,87.50,7,8,-0.57
60,Bo Van Pelt,87.50,7,8,-0.71
60,Duffy Waldorf,87.50,7,8,-0.86
64,Michael Allen,85.71,6,7,-0.50
64,Rod Pampling,85.71,6,7,-0.33
64,Hidemichi Tanaka,85.71,6,7,-0.83
64,Omar Uresti,85.71,6,7,-0.83
68,Pat Bates,83.33,5,6,-0.60
69,Harrison Frazar,81.82,9,11,-1.00
70,Ken Duke,80.00,8,10,-0.75
70,Joe Durant,80.00,8,10,-0.63
70,Scott Simpson,80.00,8,10,-0.88
73,Stephen Ames,77.78,7,9,-0.86
73,Tommy Armour III,77.78,7,9,-1.00
75,Brian Gay,75.00,6,8,-0.67
75,Heath Slocum,75.00,6,8,-0.50
77,Cameron Beckman,70.00,7,10,-0.71
78,Bart Bryant,66.67,6,9,-0.67
78,Corey Pavin,66.67,6,9,-0.83
