rank,player,%,Greens Hit,Total Holes,Relative to par
1,Steve Allan,100.00,4,4,-0.50
1,Michael Allen,100.00,3,3,-0.33
1,Arjun Atwal,100.00,5,5,-0.60
1,Aaron Baddeley,100.00,2,2,E
1,Briny Baird,100.00,1,1,E
1,Craig Barlow,100.00,6,6,-0.17
1,Pat Bates,100.00,2,2,E
1,Cameron Beckman,100.00,6,6,-0.33
1,Jason Bohn,100.00,1,1,E
1,Danny Briggs,100.00,1,1,E
1,D.J. Brigman,100.00,3,3,-0.33
1,Olin Browne,100.00,1,1,-1.00
1,Bart Bryant,100.00,5,5,-0.20
1,Jonathan Byrd,100.00,1,1,E
1,Luke Donald,100.00,2,2,-0.50
1,Ken Duke,100.00,1,1,-1.00
1,Joe Durant,100.00,1,1,E
1,Todd Fischer,100.00,2,2,-0.50
1,Fred Funk,100.00,2,2,E
1,Robert Gamez,100.00,2,2,E
1,Brent Geiberger,100.00,1,1,E
1,Retief Goosen,100.00,3,3,-0.67
1,Mark Hensby,100.00,1,1,E
1,David Ishii,100.00,2,2,-0.50
1,Jerry Kelly,100.00,1,1,-1.00
1,Kenichi Kuboya,100.00,3,3,E
1,Tom Lehman,100.00,1,1,E
1,Frank Lickliter II,100.00,3,3,-0.33
1,John Maginnes,100.00,2,2,-0.50
1,Shigeki Maruyama,100.00,2,2,E
1,Ryan Palmer,100.00,2,2,+0.50
1,Corey Pavin,100.00,1,1,E
1,Ted Purdy,100.00,2,2,-0.50
1,Chris Riley,100.00,2,2,-0.50
1,John Senden,100.00,3,3,E
1,Hidemichi Tanaka,100.00,2,2,E
1,Hideto Tanihara,100.00,1,1,E
1,Tjaart van der Walt,100.00,4,4,-0.50
1,Duffy Waldorf,100.00,3,3,-0.67
40,Vijay Singh,90.00,9,10,-0.67
41,Carlos Franco,88.89,8,9,-0.25
41,Rod Pampling,88.89,8,9,-0.25
43,Tom Carter,85.71,6,7,-0.33
44,Ernie Els,83.33,5,6,-0.60
45,Jason Dufner,80.00,4,5,-0.25
45,Brad Lardon,80.00,4,5,-0.25
47,Stephen Ames,75.00,3,4,-0.67
47,Tommy Armour III,75.00,3,4,E
47,Paul Azinger,75.00,3,4,-0.67
47,Lucas Glover,75.00,3,4,E
47,Brenden Pappas,75.00,3,4,-0.33
47,John Riegger,75.00,6,8,-0.17
53,Tim Herron,71.43,5,7,-0.40
54,Craig Bowden,66.67,2,3,-0.50
54,Bob Burns,66.67,2,3,E
54,Harrison Frazar,66.67,2,3,-0.50
54,John Huston,66.67,2,3,E
54,Peter Jacobsen,66.67,2,3,E
54,Davis Love III,66.67,4,6,-0.50
54,Jesper Parnevik,66.67,4,6,-0.25
54,Scott Simpson,66.67,2,3,E
54,Omar Uresti,66.67,2,3,-0.50
54,Bo Van Pelt,66.67,2,3,E
64,Pat Perez,60.00,3,5,-0.33
65,Woody Austin,50.00,1,2,-1.00
65,Richard Johnson,50.00,1,2,-1.00
65,Jonathan Kaye,50.00,1,2,E
65,Loren Roberts,50.00,2,4,-1.00
65,Heath Slocum,50.00,2,4,E
70,Bobby Kalinowski,40.00,2,5,E
70,Joe Ogilvie,40.00,2,5,-0.50
72,Ben Crane,33.33,1,3,E
72,Shaun Micheel,33.33,1,3,E
74,Jeff Brehaut,.00,0,1,E
