rank,player,%,Total Hit,Total Attempts,RTP Score
1,Joe Durant,87.32,62,71,-14.00
2,Ernie Els,86.11,62,72,-20.00
3,John Huston,85.92,61,71,-14.00
4,Jason Dufner,84.51,60,71,-11.00
5,John Senden,83.33,60,72,-8.00
6,Michael Allen,83.10,59,71,-14.00
6,Kenichi Kuboya,83.10,59,71,-8.00
8,Stephen Ames,81.94,59,72,-19.00
8,Craig Bowden,81.94,59,72,-14.00
8,Fred Funk,81.94,59,72,-14.00
11,Tommy Armour III,80.56,58,72,-12.00
11,Briny Baird,80.56,58,72,-21.00
13,Pat Bates,79.17,57,72,-13.00
13,Danny Briggs,79.17,57,72,-10.00
13,Luke Donald,79.17,57,72,-16.00
13,Jerry Kelly,79.17,57,72,-17.00
13,Tom Lehman,79.17,57,72,-12.00
18,Aaron Baddeley,78.87,56,71,-17.00
18,Heath Slocum,78.87,56,71,-8.00
18,Andre Stolz,78.87,56,71,-16.00
21,Ben Crane,77.78,56,72,-13.00
21,Ken Duke,77.78,56,72,-11.00
21,Shigeki Maruyama,77.78,56,72,-11.00
21,Kevin Na,77.78,56,72,-14.00
21,Corey Pavin,77.78,56,72,-15.00
21,John Riegger,77.78,56,72,-18.00
27,Shaun Micheel,77.46,55,71,-16.00
27,Pat Perez,77.46,55,71,-15.00
29,Vijay Singh,77.14,54,70,-23.00
30,Craig Barlow,76.39,55,72,-19.00
30,Charles Howell III,76.39,55,72,-12.00
30,Peter Jacobsen,76.39,55,72,-8.00
30,Frank Lickliter II,76.39,55,72,-21.00
30,Davis Love III,76.39,55,72,-19.00
30,Joe Ogilvie,76.39,55,72,-11.00
30,Ted Purdy,76.39,55,72,-11.00
37,Bart Bryant,76.06,54,71,-14.00
37,Brian Gay,76.06,54,71,-14.00
37,Brad Lardon,76.06,54,71,-10.00
40,Russ Cochran,75.00,54,72,-14.00
40,Tim Herron,75.00,54,72,-17.00
40,Omar Uresti,75.00,54,72,-18.00
40,Duffy Waldorf,75.00,54,72,-15.00
44,Jeff Brehaut,74.65,53,71,-6.00
44,Harrison Frazar,74.65,53,71,-23.00
44,Brenden Pappas,74.65,53,71,-17.00
47,Bob Burns,74.29,52,70,-11.00
47,Brent Geiberger,74.29,52,70,-18.00
49,Woody Austin,73.61,53,72,-6.00
49,Olin Browne,73.61,53,72,-17.00
49,Carlos Franco,73.61,53,72,-14.00
49,David Ishii,73.61,53,72,-11.00
49,John Maginnes,73.61,53,72,-14.00
54,Jason Bohn,73.24,52,71,-13.00
54,D.J. Brigman,73.24,52,71,-17.00
54,Jonathan Kaye,73.24,52,71,-16.00
57,Mark Hensby,72.86,51,70,-16.00
57,Rod Pampling,72.86,51,70,-9.00
59,Jonathan Byrd,72.22,52,72,-13.00
59,Retief Goosen,72.22,52,72,-14.00
59,Bobby Kalinowski,72.22,52,72,-10.00
59,Jesper Parnevik,72.22,52,72,-16.00
59,Chris Riley,72.22,52,72,-17.00
59,Bo Van Pelt,72.22,52,72,-15.00
65,Robert Gamez,71.83,51,71,-22.00
66,Lucas Glover,71.01,49,69,-18.00
67,Paul Azinger,70.83,51,72,-17.00
67,Richard Johnson,70.83,51,72,-12.00
69,Cameron Beckman,70.00,49,70,-19.00
70,Arjun Atwal,69.44,50,72,-13.00
70,Tjaart van der Walt,69.44,50,72,-12.00
72,Steve Allan,67.61,48,71,-15.00
73,Ryan Palmer,66.67,48,72,-10.00
73,Hidemichi Tanaka,66.67,48,72,-13.00
73,Hideto Tanihara,66.67,48,72,-14.00
76,Tom Carter,65.22,45,69,-11.00
77,Todd Fischer,64.79,46,71,-14.00
77,Scott Simpson,64.79,46,71,-13.00
79,Loren Roberts,62.86,44,70,-12.00
