rank,player,%,Greens Hit,Total Holes,Relative to par
1,Aaron Baddeley,100.00,13,13,-0.46
1,Briny Baird,100.00,12,12,-0.67
1,Todd Fischer,100.00,13,13,-0.54
1,Fred Funk,100.00,13,13,-0.54
1,Robert Gamez,100.00,13,13,-0.69
1,Mark Hensby,100.00,13,13,-0.54
1,Tom Lehman,100.00,11,11,-0.64
1,Frank Lickliter II,100.00,14,14,-0.50
1,John Maginnes,100.00,15,15,-0.60
1,Ryan Palmer,100.00,14,14,-0.50
1,Chris Riley,100.00,12,12,-0.67
1,Andre Stolz,100.00,12,12,-0.58
1,Tjaart van der Walt,100.00,11,11,-0.73
14,Craig Barlow,94.44,17,18,-0.59
14,Tom Carter,94.44,17,18,-0.53
16,Jason Dufner,94.12,16,17,-0.38
17,Steve Allan,93.75,15,16,-0.67
17,Paul Azinger,93.75,15,16,-0.67
17,Retief Goosen,93.75,15,16,-0.60
17,Kenichi Kuboya,93.75,15,16,-0.47
21,Arjun Atwal,93.33,14,15,-0.64
22,Jonathan Byrd,92.31,12,13,-0.50
22,Richard Johnson,92.31,12,13,-0.67
22,Jerry Kelly,92.31,12,13,-0.83
22,Brad Lardon,92.31,12,13,-0.25
22,John Senden,92.31,12,13,-0.50
22,Hideto Tanihara,92.31,12,13,-0.50
28,Vijay Singh,92.00,23,25,-0.65
29,Pat Bates,91.67,11,12,-0.45
29,Danny Briggs,91.67,11,12,-0.55
29,D.J. Brigman,91.67,11,12,-0.45
29,Russ Cochran,91.67,11,12,-0.27
29,Luke Donald,91.67,11,12,-0.64
29,Brent Geiberger,91.67,11,12,-0.82
29,Charles Howell III,91.67,11,12,-0.55
29,David Ishii,91.67,11,12,-0.36
29,Shigeki Maruyama,91.67,11,12,-0.45
29,Kevin Na,91.67,11,12,-0.91
29,Ted Purdy,91.67,11,12,-0.45
40,Olin Browne,90.91,10,11,-0.70
40,Peter Jacobsen,90.91,10,11,-0.30
42,Carlos Franco,90.00,18,20,-0.56
43,Ernie Els,89.47,17,19,-0.71
43,Rod Pampling,89.47,17,19,-0.18
45,Davis Love III,88.24,15,17,-0.67
45,John Riegger,88.24,15,17,-0.53
47,Lucas Glover,87.50,14,16,-0.57
47,Duffy Waldorf,87.50,14,16,-0.64
49,Woody Austin,86.67,13,15,-0.54
49,Bob Burns,86.67,13,15,-0.69
49,Shaun Micheel,86.67,13,15,-0.85
49,Brenden Pappas,86.67,13,15,-0.38
53,Michael Allen,85.71,12,14,-0.42
53,Jason Bohn,85.71,12,14,-0.08
53,Joe Durant,85.71,12,14,-0.42
53,John Huston,85.71,12,14,-0.50
53,Jonathan Kaye,85.71,12,14,-0.83
53,Loren Roberts,85.71,12,14,-0.75
59,Craig Bowden,84.62,11,13,-0.73
59,Jeff Brehaut,84.62,11,13,-0.45
59,Omar Uresti,84.62,11,13,-0.64
59,Bo Van Pelt,84.62,11,13,-0.45
63,Cameron Beckman,83.33,15,18,-0.47
63,Ken Duke,83.33,10,12,-0.70
63,Tim Herron,83.33,15,18,-0.47
63,Jesper Parnevik,83.33,15,18,-0.47
67,Pat Perez,82.35,14,17,-0.64
68,Tommy Armour III,81.25,13,16,-0.62
68,Bart Bryant,81.25,13,16,-0.38
70,Stephen Ames,78.57,11,14,-0.73
70,Ben Crane,78.57,11,14,-0.64
70,Harrison Frazar,78.57,11,14,-0.91
73,Joe Ogilvie,75.00,12,16,-0.58
73,Hidemichi Tanaka,75.00,9,12,-0.56
75,Bobby Kalinowski,71.43,10,14,-0.40
75,Scott Simpson,71.43,10,14,-0.70
77,Corey Pavin,69.23,9,13,-0.78
78,Brian Gay,66.67,8,12,-0.63
79,Heath Slocum,60.00,9,15,-0.33
