rank,player,%,Greens Hit,Total Holes,Relative to par
1,Ernie Els,88.24,15,17,-0.20
2,Joe Durant,85.00,17,20,E
3,Jerry Kelly,84.62,11,13,-0.09
3,Bo Van Pelt,84.62,11,13,-0.45
5,Stephen Ames,81.25,13,16,-0.08
6,Duffy Waldorf,78.57,11,14,-0.09
7,Michael Allen,76.92,10,13,-0.40
7,Lucas Glover,76.92,10,13,-0.30
7,Mark Hensby,76.92,10,13,E
10,John Huston,76.47,13,17,-0.31
11,Jonathan Byrd,75.00,12,16,-0.17
11,Fred Funk,75.00,12,16,-0.17
11,John Riegger,75.00,15,20,-0.33
14,Heath Slocum,73.33,11,15,-0.27
15,Bobby Kalinowski,71.43,10,14,-0.30
15,Kevin Na,71.43,10,14,-0.20
17,Luke Donald,70.00,14,20,-0.07
18,Kenichi Kuboya,69.23,9,13,-0.22
19,Robert Gamez,68.75,11,16,-0.27
20,Corey Pavin,68.42,13,19,-0.15
21,Briny Baird,66.67,10,15,-0.10
21,Craig Bowden,66.67,12,18,E
21,Tim Herron,66.67,10,15,-0.20
21,John Maginnes,66.67,8,12,-0.50
21,Joe Ogilvie,66.67,10,15,-0.10
21,Ted Purdy,66.67,10,15,-0.10
27,Craig Barlow,64.71,11,17,-0.27
28,Brad Lardon,64.29,9,14,-0.22
29,Vijay Singh,63.64,7,11,-0.29
30,Pat Bates,63.16,12,19,-0.08
30,Russ Cochran,63.16,12,19,-0.17
32,Jeff Brehaut,62.50,10,16,E
32,Frank Lickliter II,62.50,10,16,-0.20
32,Shigeki Maruyama,62.50,10,16,-0.20
32,Ryan Palmer,62.50,10,16,-0.10
36,Brian Gay,61.90,13,21,E
36,John Senden,61.90,13,21,-0.08
38,Woody Austin,61.54,8,13,E
38,Jason Dufner,61.54,8,13,E
40,Jonathan Kaye,61.11,11,18,-0.18
40,Rod Pampling,61.11,11,18,E
42,Danny Briggs,60.00,9,15,-0.44
42,Ken Duke,60.00,9,15,-0.22
42,Pat Perez,60.00,9,15,-0.11
45,Retief Goosen,58.82,10,17,-0.10
46,Omar Uresti,57.89,11,19,-0.18
47,Scott Simpson,56.25,9,16,-0.33
48,Bob Burns,55.56,10,18,-0.10
48,Peter Jacobsen,55.56,10,18,-0.20
48,Shaun Micheel,55.56,10,18,-0.10
51,Brenden Pappas,54.55,6,11,-0.50
52,Steve Allan,53.85,7,13,-0.14
52,Charles Howell III,53.85,7,13,-0.14
54,Tommy Armour III,53.33,8,15,-0.50
54,Jason Bohn,53.33,8,15,-0.25
56,Brent Geiberger,52.94,9,17,-0.11
56,Davis Love III,52.94,9,17,-0.44
56,Loren Roberts,52.94,9,17,-0.11
59,Carlos Franco,52.63,10,19,-0.30
60,D.J. Brigman,52.38,11,21,-0.18
61,Olin Browne,50.00,9,18,-0.11
61,Ben Crane,50.00,8,16,E
61,Harrison Frazar,50.00,7,14,-0.29
61,David Ishii,50.00,10,20,-0.50
61,Jesper Parnevik,50.00,8,16,-0.25
61,Andre Stolz,50.00,12,24,-0.08
61,Tjaart van der Walt,50.00,8,16,-0.38
68,Richard Johnson,46.67,7,15,-0.14
69,Bart Bryant,43.75,7,16,E
69,Tom Carter,43.75,7,16,-0.29
69,Chris Riley,43.75,7,16,-0.29
72,Todd Fischer,41.18,7,17,-0.29
72,Hideto Tanihara,41.18,7,17,-0.14
74,Paul Azinger,40.91,9,22,-0.22
75,Aaron Baddeley,40.00,6,15,-0.33
76,Tom Lehman,38.46,5,13,-0.20
76,Hidemichi Tanaka,38.46,5,13,E
78,Arjun Atwal,36.36,4,11,E
79,Cameron Beckman,23.08,3,13,-0.33
