rank,player,%,Greens Hit,Total Holes,Relative to par
1,Pat Bates,88.24,15,17,-0.20
1,Joe Durant,88.24,15,17,-0.13
3,John Senden,86.96,20,23,-0.10
4,Jeff Brehaut,85.71,12,14,-0.08
5,Davis Love III,81.82,9,11,+0.11
6,Bart Bryant,80.95,17,21,-0.47
7,Heath Slocum,78.95,15,19,+0.07
8,John Maginnes,77.78,14,18,-0.07
9,Richard Johnson,77.27,17,22,-0.18
9,Brad Lardon,77.27,17,22,-0.18
11,Brent Geiberger,76.47,13,17,-0.23
11,Kenichi Kuboya,76.47,13,17,+0.08
13,Andre Stolz,76.19,16,21,-0.31
14,Stephen Ames,75.00,15,20,-0.33
14,Tommy Armour III,75.00,12,16,+0.08
14,D.J. Brigman,75.00,12,16,-0.50
14,Ben Crane,75.00,15,20,-0.27
14,Jonathan Kaye,75.00,15,20,-0.20
14,Jerry Kelly,75.00,15,20,-0.20
20,Craig Bowden,73.68,14,19,-0.36
20,Duffy Waldorf,73.68,14,19,-0.07
22,Retief Goosen,73.33,11,15,-0.18
23,Ted Purdy,73.08,19,26,-0.11
24,Tjaart van der Walt,72.73,16,22,E
25,David Ishii,72.22,13,18,-0.08
25,Pat Perez,72.22,13,18,-0.23
25,Omar Uresti,72.22,13,18,-0.31
25,Bo Van Pelt,72.22,13,18,-0.31
29,Harrison Frazar,71.43,15,21,-0.27
30,Michael Allen,70.59,12,17,E
30,Aaron Baddeley,70.59,12,17,-0.17
32,Shigeki Maruyama,70.00,14,20,-0.21
33,Frank Lickliter II,68.75,11,16,-0.45
34,Scott Simpson,68.42,13,19,-0.38
35,Olin Browne,68.18,15,22,-0.20
35,Peter Jacobsen,68.18,15,22,-0.13
37,Woody Austin,66.67,10,15,E
37,Danny Briggs,66.67,16,24,E
37,Jason Dufner,66.67,10,15,-0.20
37,Carlos Franco,66.67,10,15,-0.10
37,Charles Howell III,66.67,16,24,-0.19
37,Kevin Na,66.67,10,15,-0.10
37,John Riegger,66.67,12,18,-0.25
37,Chris Riley,66.67,12,18,-0.33
45,Steve Allan,65.22,15,23,-0.27
46,Corey Pavin,65.00,13,20,-0.23
47,Luke Donald,64.71,11,17,-0.45
47,Brian Gay,64.71,11,17,-0.36
49,Cameron Beckman,64.29,9,14,-0.56
50,Todd Fischer,63.16,12,19,-0.17
50,Tom Lehman,63.16,12,19,-0.33
50,Shaun Micheel,63.16,12,19,-0.08
50,Brenden Pappas,63.16,12,19,-0.17
50,Hidemichi Tanaka,63.16,12,19,-0.25
55,Tom Carter,62.50,10,16,-0.10
55,Ernie Els,62.50,10,16,-0.10
57,Lucas Glover,61.54,8,13,-0.38
58,Tim Herron,61.11,11,18,-0.36
59,John Huston,60.87,14,23,-0.36
60,Craig Barlow,60.00,9,15,-0.33
60,Bob Burns,60.00,12,20,-0.17
60,Jesper Parnevik,60.00,9,15,-0.33
60,Vijay Singh,60.00,6,10,E
60,Hideto Tanihara,60.00,15,25,-0.27
65,Briny Baird,59.09,13,22,-0.54
66,Fred Funk,58.82,10,17,-0.30
67,Ryan Palmer,58.33,14,24,-0.14
68,Robert Gamez,57.14,8,14,-0.13
68,Rod Pampling,57.14,8,14,-0.38
70,Arjun Atwal,56.25,9,16,-0.22
70,Bobby Kalinowski,56.25,9,16,-0.11
72,Joe Ogilvie,55.56,10,18,-0.10
73,Russ Cochran,55.00,11,20,-0.36
74,Ken Duke,50.00,12,24,-0.17
75,Jason Bohn,47.62,10,21,-0.30
76,Loren Roberts,47.06,8,17,-0.13
77,Mark Hensby,43.75,7,16,-0.43
78,Paul Azinger,38.46,5,13,-0.40
79,Jonathan Byrd,38.10,8,21,-0.25
