rank,player,%,Greens Hit,Total Holes,Relative to par
1,Stephen Ames,100.00,1,1,E
1,Tommy Armour III,100.00,3,3,-0.33
1,Arjun Atwal,100.00,1,1,E
1,Woody Austin,100.00,3,3,E
1,Aaron Baddeley,100.00,2,2,-1.00
1,Briny Baird,100.00,3,3,-0.33
1,Pat Bates,100.00,4,4,-0.50
1,Cameron Beckman,100.00,2,2,E
1,Danny Briggs,100.00,2,2,E
1,Olin Browne,100.00,1,1,E
1,Bart Bryant,100.00,2,2,E
1,Jonathan Byrd,100.00,3,3,E
1,Tom Carter,100.00,2,2,-0.50
1,Ben Crane,100.00,1,1,-1.00
1,Jason Dufner,100.00,4,4,-0.50
1,Ken Duke,100.00,1,1,E
1,Joe Durant,100.00,3,3,E
1,Ernie Els,100.00,3,3,-0.67
1,Todd Fischer,100.00,3,3,E
1,Fred Funk,100.00,3,3,E
1,Robert Gamez,100.00,2,2,-1.00
1,Lucas Glover,100.00,4,4,-0.25
1,Retief Goosen,100.00,3,3,-0.33
1,Charles Howell III,100.00,2,2,E
1,John Huston,100.00,1,1,-1.00
1,Peter Jacobsen,100.00,1,1,E
1,Richard Johnson,100.00,4,4,-0.75
1,Jonathan Kaye,100.00,3,3,-0.67
1,Jerry Kelly,100.00,1,1,E
1,Brad Lardon,100.00,1,1,+1.00
1,Tom Lehman,100.00,1,1,E
1,Frank Lickliter II,100.00,3,3,-0.33
1,Davis Love III,100.00,2,2,E
1,John Maginnes,100.00,5,5,-0.20
1,Shaun Micheel,100.00,1,1,-1.00
1,Kevin Na,100.00,3,3,-0.67
1,Ryan Palmer,100.00,2,2,-0.50
1,Rod Pampling,100.00,3,3,+0.33
1,Ted Purdy,100.00,2,2,E
1,John Riegger,100.00,2,2,-0.50
1,Chris Riley,100.00,2,2,-1.00
1,Loren Roberts,100.00,1,1,E
1,John Senden,100.00,1,1,E
1,Vijay Singh,100.00,2,2,-0.50
1,Andre Stolz,100.00,4,4,-0.25
1,Hideto Tanihara,100.00,2,2,-0.50
1,Omar Uresti,100.00,3,3,-0.33
1,Tjaart van der Walt,100.00,1,1,E
1,Bo Van Pelt,100.00,2,2,E
50,Russ Cochran,80.00,4,5,E
50,Duffy Waldorf,80.00,4,5,-0.25
52,Michael Allen,75.00,3,4,-0.33
52,Kenichi Kuboya,75.00,3,4,-0.33
54,Craig Barlow,66.67,2,3,E
54,Bob Burns,66.67,2,3,E
54,Tim Herron,66.67,2,3,E
54,Bobby Kalinowski,66.67,2,3,-0.50
54,Corey Pavin,66.67,2,3,-1.00
59,Brian Gay,50.00,2,4,-0.50
59,Brent Geiberger,50.00,1,2,E
59,David Ishii,50.00,1,2,E
59,Shigeki Maruyama,50.00,1,2,E
59,Joe Ogilvie,50.00,1,2,E
64,Heath Slocum,33.33,1,3,E
64,Hidemichi Tanaka,33.33,1,3,E
66,Steve Allan,.00,0,1,E
66,Jason Bohn,.00,0,1,E
66,Craig Bowden,.00,0,1,E
66,Luke Donald,.00,0,1,E
66,Scott Simpson,.00,0,1,E
