rank,player,%,Greens Hit,# of holes
1,Davis Love III,76.67,23,30
2,Craig Bowden,75.00,9,12
3,Brad Lardon,72.00,18,25
4,Jonathan Byrd,70.00,21,30
5,John Senden,69.57,16,23
6,Charles Howell III,69.23,18,26
7,Michael Allen,67.65,23,34
8,Danny Briggs,62.96,17,27
9,Pat Bates,61.90,13,21
10,Carlos Franco,61.54,16,26
11,Ernie Els,61.29,19,31
11,Brenden Pappas,61.29,19,31
11,Vijay Singh,61.29,19,31
14,Omar Uresti,60.71,17,28
15,Jerry Kelly,60.00,12,20
16,Jason Dufner,59.26,16,27
16,Brent Geiberger,59.26,16,27
16,Duffy Waldorf,59.26,16,27
19,Bart Bryant,58.33,14,24
19,Kenichi Kuboya,58.33,14,24
21,Aaron Baddeley,57.14,16,28
21,Joe Durant,57.14,8,14
21,John Riegger,57.14,16,28
24,Luke Donald,56.00,14,25
25,Ben Crane,55.56,15,27
26,David Ishii,55.00,11,20
26,Peter Jacobsen,55.00,11,20
28,Corey Pavin,54.55,12,22
29,Stephen Ames,54.17,13,24
29,Shigeki Maruyama,54.17,13,24
29,Andre Stolz,54.17,13,24
32,Woody Austin,53.85,14,26
32,Rod Pampling,53.85,14,26
32,Ted Purdy,53.85,14,26
35,Retief Goosen,53.33,16,30
36,Fred Funk,52.94,9,17
37,Harrison Frazar,52.63,10,19
38,D.J. Brigman,52.38,11,21
38,Russ Cochran,52.38,11,21
40,Cameron Beckman,52.00,13,25
41,Hideto Tanihara,51.72,15,29
42,Tjaart van der Walt,51.61,16,31
43,Arjun Atwal,50.00,14,28
43,Tom Carter,50.00,18,36
43,Bobby Kalinowski,50.00,16,32
43,John Maginnes,50.00,8,16
43,Shaun Micheel,50.00,16,32
43,Pat Perez,50.00,13,26
43,Hidemichi Tanaka,50.00,13,26
50,Steve Allan,48.48,16,33
51,Brian Gay,48.28,14,29
52,Robert Gamez,48.00,12,25
52,Tim Herron,48.00,12,25
52,John Huston,48.00,12,25
55,Mark Hensby,47.83,11,23
56,Ken Duke,47.06,16,34
56,Chris Riley,47.06,16,34
58,Richard Johnson,45.83,11,24
59,Tom Lehman,45.45,10,22
59,Kevin Na,45.45,10,22
61,Jeff Brehaut,45.00,9,20
62,Craig Barlow,44.44,8,18
63,Paul Azinger,43.33,13,30
64,Tommy Armour III,42.86,9,21
65,Jonathan Kaye,42.31,11,26
66,Jason Bohn,41.67,10,24
66,Olin Browne,41.67,5,12
66,Joe Ogilvie,41.67,10,24
69,Frank Lickliter II,40.00,10,25
70,Heath Slocum,38.89,7,18
71,Todd Fischer,38.46,10,26
71,Bo Van Pelt,38.46,10,26
73,Ryan Palmer,38.10,8,21
74,Bob Burns,37.93,11,29
75,Briny Baird,35.00,7,20
76,Loren Roberts,34.78,8,23
77,Jesper Parnevik,30.43,7,23
78,Lucas Glover,29.17,7,24
78,Scott Simpson,29.17,7,24
