rank,player,Avg RTP
1,Arjun Atwal,-1.000
1,Matt Bettencourt,-1.000
1,Brandt Jobe,-1.000
1,Nate Smith,-1.000
1,Roland Thatcher,-1.000
6,Jarrod Lyle,-.667
7,Jason Bohn,-.500
7,John Merrick,-.500
7,Kevin Na,-.500
10,Freddie Jacobson,-.333
10,Anthony Kim,-.333
12,WC Liang,-.200
13,Tim Clark,-.167
14,Stuart Appleby,E
14,Cameron Beckman,E
14,D.J. Brigman,E
14,Jonathan Byrd,E
14,Ernie Els,E
14,Brian Gay,E
14,Jerry Kelly,E
14,Chris Kirk,E
14,Spencer Levin,E
14,Davis Love III,E
14,Jeff Overton,E
14,Ryan Palmer,E
14,Alex Prugh,E
14,Chris Riley,E
14,Webb Simpson,E
14,Mark Wilson,E
30,Tag Ridings,+.500
30,Michael Sim,+.500
30,Steve Stricker,+.500
33,Matt McQuillan,+.667
33,Daniel Summerhays,+.667
35,Michael Connell,+1.000
35,Jason Dufner,+1.000
35,Matt Kuchar,+1.000
35,Shigeki Maruyama,+1.000
35,Jesper Parnevik,+1.000
35,Charlie Wi,+1.000
41,Kevin Chappell,+2.000
