rank,player,Avg RTP
1,Matt Kuchar,-1.000
1,Spencer Levin,-1.000
1,Justin Rose,-1.000
4,Jason Dufner,-.500
4,WC Liang,-.500
4,Charlie Wi,-.500
4,Mark Wilson,-.500
8,Rory Sabbatini,-.333
9,Arjun Atwal,E
9,Cameron Beckman,E
9,Jason Bohn,E
9,D.J. Brigman,E
9,Jonathan Byrd,E
9,Tim Clark,E
9,Michael Connell,E
9,Brendon de Jonge,E
9,Chris DiMarco,E
9,Brandt Jobe,E
9,Jerry Kelly,E
9,Colt Knost,E
9,Davis Love III,E
9,Matt McQuillan,E
9,John Merrick,E
9,Ryan Palmer,E
9,Tag Ridings,E
9,Chris Riley,E
9,John Senden,E
9,Michael Sim,E
9,Webb Simpson,E
9,Jimmy Walker,E
31,Chad Campbell,+.250
32,Stuart Appleby,+.500
32,Freddie Jacobson,+.500
32,Steve Stricker,+.500
35,Chris Kirk,+1.000
35,Steve Marino,+1.000
35,Kevin Na,+1.000
35,Nate Smith,+1.000
