rank,player,Avg RTP
1,Jonathan Byrd,-1.000
1,Tim Clark,-1.000
1,Brandt Jobe,-1.000
1,Anthony Kim,-1.000
1,Chris Kirk,-1.000
1,Colt Knost,-1.000
1,Davis Love III,-1.000
1,Steve Marino,-1.000
1,Shigeki Maruyama,-1.000
1,Rory Sabbatini,-1.000
1,Nate Smith,-1.000
12,Brendon de Jonge,-.667
13,Cameron Beckman,-.500
13,Matt Bettencourt,-.500
13,Ernie Els,-.500
13,Jimmy Walker,-.500
17,Kevin Na,-.200
18,Arjun Atwal,E
18,Aaron Baddeley,E
18,Chad Campbell,E
18,Jason Day,E
18,Matt Kuchar,E
18,Jarrod Lyle,E
18,Jeff Overton,E
18,Ryan Palmer,E
18,Alex Prugh,E
18,Michael Sim,E
18,Webb Simpson,E
18,Steve Stricker,E
18,Roland Thatcher,E
18,Charlie Wi,E
32,Jesper Parnevik,+.250
33,Michael Connell,+.333
34,Brian Gay,+.500
35,Jason Bohn,+1.000
35,Kevin Chappell,+1.000
35,Chris DiMarco,+1.000
35,Jason Dufner,+1.000
35,Freddie Jacobson,+1.000
35,Marc Leishman,+1.000
35,Spencer Levin,+1.000
35,WC Liang,+1.000
35,Chris Riley,+1.000
35,Daniel Summerhays,+1.000
