rank,player,Avg RTP
1,Aaron Baddeley,-1.000
1,Cameron Beckman,-1.000
1,Kevin Chappell,-1.000
1,Jason Dufner,-1.000
1,Ernie Els,-1.000
1,Freddie Jacobson,-1.000
1,Jerry Kelly,-1.000
1,Chris Kirk,-1.000
1,Colt Knost,-1.000
1,Shigeki Maruyama,-1.000
1,John Merrick,-1.000
1,Daniel Summerhays,-1.000
1,Roland Thatcher,-1.000
1,Mark Wilson,-1.000
15,Tim Clark,-.667
15,Ryan Palmer,-.667
17,Stuart Appleby,-.500
17,Matt Bettencourt,-.500
17,Chad Campbell,-.500
17,Michael Connell,-.500
17,Matt Kuchar,-.500
17,Spencer Levin,-.500
17,Kevin Na,-.500
17,Chris Riley,-.500
17,Rory Sabbatini,-.500
26,Chris DiMarco,-.333
26,Brandt Jobe,-.333
26,Justin Rose,-.333
26,Steve Stricker,-.333
26,Boo Weekley,-.333
31,Anthony Kim,-.250
32,Steven Bowditch,E
32,Jonathan Byrd,E
32,Jason Day,E
32,Marc Leishman,E
32,WC Liang,E
32,Davis Love III,E
32,Jarrod Lyle,E
32,Matt McQuillan,E
32,Alex Prugh,E
32,Tag Ridings,E
32,John Senden,E
32,Nate Smith,E
32,Jimmy Walker,E
45,Webb Simpson,+.167
46,Jason Bohn,+.333
46,Jesper Parnevik,+.333
48,Steve Marino,+.500
48,Billy Mayfair,+.500
48,Michael Sim,+.500
51,Brendon de Jonge,+1.000
51,Jeff Overton,+1.000
