rank,player,Avg RTP
1,Chris Kirk,-1.000
1,Davis Love III,-1.000
3,Matt Bettencourt,-.714
4,Brendon de Jonge,-.667
4,Tag Ridings,-.667
6,Justin Rose,-.500
7,Ernie Els,-.400
7,Steve Marino,-.400
7,Rory Sabbatini,-.400
10,Aaron Baddeley,-.333
10,Cameron Beckman,-.333
10,Jarrod Lyle,-.333
10,Shigeki Maruyama,-.333
10,Steve Stricker,-.333
15,Tim Clark,-.250
15,Anthony Kim,-.250
15,Billy Mayfair,-.250
15,Ryan Palmer,-.250
15,John Senden,-.250
20,Kevin Na,-.125
21,Stuart Appleby,E
21,Steven Bowditch,E
21,Jonathan Byrd,E
21,Chad Campbell,E
21,Jason Day,E
21,Chris DiMarco,E
21,Freddie Jacobson,E
21,Brandt Jobe,E
21,Colt Knost,E
21,Matt Kuchar,E
21,Marc Leishman,E
21,Matt McQuillan,E
21,Jeff Overton,E
21,Webb Simpson,E
21,Nate Smith,E
21,Roland Thatcher,E
21,Jimmy Walker,E
21,Boo Weekley,E
21,Charlie Wi,E
21,Mark Wilson,E
41,Jesper Parnevik,+.125
42,Michael Connell,+.167
43,Kevin Chappell,+.200
43,WC Liang,+.200
45,Arjun Atwal,+.250
45,Alex Prugh,+.250
47,D.J. Brigman,+.333
47,Jerry Kelly,+.333
49,Michael Sim,+.400
50,Jason Bohn,+.500
50,Jason Dufner,+.500
50,Brian Gay,+.500
50,John Merrick,+.500
50,Chris Riley,+.500
55,Daniel Summerhays,+.667
56,Spencer Levin,+.833
