rank,player,Avg RTP
1,Steven Bowditch,-1.000
1,Chad Campbell,-1.000
1,Jason Day,-1.000
1,Boo Weekley,-1.000
5,Jason Bohn,-.500
5,D.J. Brigman,-.500
5,Alex Prugh,-.500
5,Nate Smith,-.500
5,Roland Thatcher,-.500
10,Steve Marino,-.400
11,Aaron Baddeley,-.333
11,Spencer Levin,-.333
11,Chris Riley,-.333
11,Mark Wilson,-.333
15,Kevin Chappell,-.250
15,Jason Dufner,-.250
15,Ernie Els,-.250
18,Tag Ridings,-.200
19,Arjun Atwal,E
19,Matt Bettencourt,E
19,Jonathan Byrd,E
19,Michael Connell,E
19,Brendon de Jonge,E
19,Chris DiMarco,E
19,Brandt Jobe,E
19,Anthony Kim,E
19,Chris Kirk,E
19,Marc Leishman,E
19,WC Liang,E
19,Jeff Overton,E
19,Justin Rose,E
19,John Senden,E
19,Daniel Summerhays,E
19,Jimmy Walker,E
35,Steve Stricker,+.500
36,Cameron Beckman,+.800
37,Tim Clark,+1.000
37,Brian Gay,+1.000
37,Matt Kuchar,+1.000
37,Billy Mayfair,+1.000
37,Matt McQuillan,+1.000
37,Ryan Palmer,+1.000
