rank,player,Avg RTP
1,Matt Bettencourt,-1.000
1,D.J. Brigman,-1.000
1,Chad Campbell,-1.000
1,Freddie Jacobson,-1.000
1,Matt McQuillan,-1.000
6,Charlie Wi,-.500
7,Jason Bohn,E
7,Steven Bowditch,E
7,Chris DiMarco,E
7,Brian Gay,E
7,Brandt Jobe,E
7,Jerry Kelly,E
7,Chris Kirk,E
7,Colt Knost,E
7,Marc Leishman,E
7,Davis Love III,E
7,Jarrod Lyle,E
7,Steve Marino,E
7,Shigeki Maruyama,E
7,John Merrick,E
7,Jeff Overton,E
7,Jesper Parnevik,E
7,Tag Ridings,E
7,Michael Sim,E
7,Webb Simpson,E
7,Daniel Summerhays,E
7,Jimmy Walker,E
28,Aaron Baddeley,+.500
28,Anthony Kim,+.500
28,Alex Prugh,+.500
31,Cameron Beckman,+1.000
31,Ernie Els,+1.000
31,Steve Stricker,+1.000
