rank,player,Avg RTP
1,Cameron Beckman,-1.000
1,Mark Wilson,-1.000
3,Marc Leishman,-.500
4,Boo Weekley,-.333
5,Kevin Na,-.250
5,Roland Thatcher,-.250
7,Matt McQuillan,-.222
8,Steven Bowditch,E
8,Chad Campbell,E
8,Tim Clark,E
8,Michael Connell,E
8,Chris DiMarco,E
8,Jerry Kelly,E
8,Anthony Kim,E
8,Matt Kuchar,E
8,Spencer Levin,E
8,WC Liang,E
8,Davis Love III,E
8,Steve Marino,E
8,Ryan Palmer,E
8,Justin Rose,E
8,Rory Sabbatini,E
8,John Senden,E
8,Michael Sim,E
8,Steve Stricker,E
26,Shigeki Maruyama,+.125
26,John Merrick,+.125
28,Alex Prugh,+.167
28,Jimmy Walker,+.167
30,Freddie Jacobson,+.200
31,Matt Bettencourt,+.250
31,Brendon de Jonge,+.250
31,Chris Kirk,+.250
31,Webb Simpson,+.250
35,Jason Dufner,+.333
35,Colt Knost,+.333
35,Daniel Summerhays,+.333
38,Jesper Parnevik,+.400
39,Arjun Atwal,+.500
39,D.J. Brigman,+.500
39,Kevin Chappell,+.500
39,Jason Day,+.500
39,Ernie Els,+.500
39,Brandt Jobe,+.500
39,Jarrod Lyle,+.500
39,Chris Riley,+.500
39,Charlie Wi,+.500
48,Stuart Appleby,+.600
49,Nate Smith,+.714
50,Jason Bohn,+1.000
50,Billy Mayfair,+1.000
