rank,player,Avg RTP
1,Aaron Baddeley,-1.000
2,Cameron Beckman,-.333
2,Davis Love III,-.333
2,Jarrod Lyle,-.333
2,Matt McQuillan,-.333
2,Jesper Parnevik,-.333
2,Rory Sabbatini,-.333
2,Jimmy Walker,-.333
2,Charlie Wi,-.333
10,Kevin Chappell,-.250
10,Anthony Kim,-.250
10,Shigeki Maruyama,-.250
10,John Senden,-.250
14,D.J. Brigman,-.200
15,Matt Bettencourt,-.167
16,Stuart Appleby,E
16,Arjun Atwal,E
16,Steven Bowditch,E
16,Chad Campbell,E
16,Tim Clark,E
16,Chris DiMarco,E
16,Brian Gay,E
16,Freddie Jacobson,E
16,Chris Kirk,E
16,Colt Knost,E
16,Matt Kuchar,E
16,Marc Leishman,E
16,Spencer Levin,E
16,Billy Mayfair,E
16,John Merrick,E
16,Kevin Na,E
16,Alex Prugh,E
16,Tag Ridings,E
16,Chris Riley,E
16,Webb Simpson,E
16,Nate Smith,E
16,Daniel Summerhays,E
16,Boo Weekley,E
16,Mark Wilson,E
40,Jonathan Byrd,+.200
40,Jeff Overton,+.200
42,Justin Rose,+.250
43,Brandt Jobe,+.333
43,Ryan Palmer,+.333
45,WC Liang,+.400
46,Jason Dufner,+.500
46,Ernie Els,+.500
46,Steve Marino,+.500
49,Jason Day,+1.000
49,Michael Sim,+1.000
51,Roland Thatcher,+2.000
