rank,player,Avg RTP
1,Steve Marino,-.267
1,Tag Ridings,-.267
1,Webb Simpson,-.267
4,Michael Connell,-.231
5,WC Liang,-.214
5,Chris Riley,-.214
5,Justin Rose,-.214
8,Roland Thatcher,-.200
9,Jonathan Byrd,-.188
9,Jimmy Walker,-.188
11,Chad Campbell,-.176
12,Matt Bettencourt,-.167
12,D.J. Brigman,-.167
12,John Merrick,-.167
15,Ernie Els,-.154
15,John Senden,-.154
17,Billy Mayfair,-.143
18,Kevin Na,-.133
19,Tim Clark,-.125
20,Brian Gay,-.118
20,Steve Stricker,-.118
20,Mark Wilson,-.118
23,Spencer Levin,-.100
24,Aaron Baddeley,-.091
25,Kevin Chappell,-.083
25,Marc Leishman,-.083
25,Rory Sabbatini,-.083
28,Davis Love III,-.077
28,Jeff Overton,-.077
28,Jesper Parnevik,-.077
31,Stuart Appleby,-.071
31,Matt Kuchar,-.071
33,Brendon de Jonge,-.067
34,Chris DiMarco,-.053
35,Jason Day,E
35,Freddie Jacobson,E
35,Brandt Jobe,E
35,Anthony Kim,E
35,Alex Prugh,E
35,Michael Sim,E
35,Daniel Summerhays,E
35,Charlie Wi,E
43,Jason Bohn,+.059
44,Jarrod Lyle,+.063
45,Jerry Kelly,+.067
46,Nate Smith,+.071
47,Colt Knost,+.077
48,Ryan Palmer,+.100
49,Cameron Beckman,+.125
50,Arjun Atwal,+.154
50,Chris Kirk,+.154
52,Steven Bowditch,+.200
53,Matt McQuillan,+.273
54,Shigeki Maruyama,+.300
55,Jason Dufner,+.308
56,Boo Weekley,+.333
