rank,player,Avg RTP
1,Justin Rose,-.750
2,Cameron Beckman,-.714
3,Boo Weekley,-.700
4,Jason Day,-.667
5,Jimmy Walker,-.571
6,Stuart Appleby,-.556
6,Roland Thatcher,-.556
6,Mark Wilson,-.556
9,Freddie Jacobson,-.500
9,Spencer Levin,-.500
9,John Senden,-.500
9,Daniel Summerhays,-.500
13,Matt Kuchar,-.455
14,Jason Bohn,-.444
14,Chad Campbell,-.444
16,Ernie Els,-.429
16,Marc Leishman,-.429
16,Jarrod Lyle,-.429
19,Chris DiMarco,-.417
20,Brian Gay,-.412
21,WC Liang,-.400
21,Shigeki Maruyama,-.400
21,Tag Ridings,-.400
24,Aaron Baddeley,-.375
24,Chris Kirk,-.375
24,Nate Smith,-.375
27,Jonathan Byrd,-.364
28,D.J. Brigman,-.333
29,Arjun Atwal,-.300
29,Brendon de Jonge,-.300
29,Alex Prugh,-.300
29,Rory Sabbatini,-.300
33,Anthony Kim,-.286
34,John Merrick,-.273
34,Jeff Overton,-.273
36,Jason Dufner,-.250
36,Jerry Kelly,-.250
36,Chris Riley,-.250
36,Steve Stricker,-.250
40,Billy Mayfair,-.231
41,Michael Connell,-.222
41,Ryan Palmer,-.222
43,Davis Love III,-.200
43,Matt McQuillan,-.200
43,Michael Sim,-.200
46,Matt Bettencourt,-.167
47,Brandt Jobe,-.143
47,Kevin Na,-.143
49,Kevin Chappell,-.125
49,Steve Marino,-.125
49,Jesper Parnevik,-.125
52,Charlie Wi,-.100
53,Steven Bowditch,E
53,Tim Clark,E
53,Colt Knost,E
53,Webb Simpson,E
