rank,player,Avg RTP
1,Anthony Kim,-.500
1,Charlie Wi,-.500
3,Spencer Levin,-.250
4,Chad Campbell,-.200
4,Davis Love III,-.200
6,Tim Clark,-.167
7,Shigeki Maruyama,-.125
8,Stuart Appleby,E
8,Steven Bowditch,E
8,Jonathan Byrd,E
8,Kevin Chappell,E
8,Brendon de Jonge,E
8,Chris DiMarco,E
8,Ernie Els,E
8,Brandt Jobe,E
8,Jerry Kelly,E
8,Colt Knost,E
8,Matt Kuchar,E
8,WC Liang,E
8,Billy Mayfair,E
8,Kevin Na,E
8,Alex Prugh,E
8,Chris Riley,E
8,Rory Sabbatini,E
8,Nate Smith,E
8,Steve Stricker,E
8,Jimmy Walker,E
8,Boo Weekley,E
29,Arjun Atwal,+.091
30,Marc Leishman,+.111
31,Matt Bettencourt,+.143
31,Steve Marino,+.143
31,John Merrick,+.143
31,Webb Simpson,+.143
31,Daniel Summerhays,+.143
36,Jarrod Lyle,+.182
37,Freddie Jacobson,+.200
37,Tag Ridings,+.200
39,Aaron Baddeley,+.222
40,Jason Bohn,+.250
40,D.J. Brigman,+.250
42,Michael Sim,+.286
43,Cameron Beckman,+.333
43,Matt McQuillan,+.333
43,Justin Rose,+.333
43,Roland Thatcher,+.333
43,Mark Wilson,+.333
48,Chris Kirk,+.400
49,Jason Day,+.444
50,Michael Connell,+.500
50,Brian Gay,+.500
50,Jeff Overton,+.500
50,Jesper Parnevik,+.500
50,John Senden,+.500
55,Ryan Palmer,+.625
56,Jason Dufner,+1.000
