rank,player,Avg RTP
1,Davis Love III,-.375
2,Matt Bettencourt,-.200
3,Rory Sabbatini,-.167
4,Tim Clark,-.154
5,Chad Campbell,-.125
6,Kevin Na,-.111
7,Shigeki Maruyama,-.107
8,Anthony Kim,-.100
9,Brendon de Jonge,-.083
9,Boo Weekley,-.083
11,Charlie Wi,-.071
12,Matt McQuillan,-.043
13,Cameron Beckman,E
13,Steven Bowditch,E
13,Chris DiMarco,E
13,Matt Kuchar,E
13,Marc Leishman,E
13,Steve Marino,E
13,Tag Ridings,E
13,John Senden,E
13,Steve Stricker,E
13,Jimmy Walker,E
13,Mark Wilson,E
24,Freddie Jacobson,+.045
25,Aaron Baddeley,+.050
25,Jarrod Lyle,+.050
27,Chris Kirk,+.056
28,Jonathan Byrd,+.071
28,Billy Mayfair,+.071
30,Colt Knost,+.077
31,Jerry Kelly,+.083
32,Webb Simpson,+.105
33,Kevin Chappell,+.118
34,Alex Prugh,+.150
34,Justin Rose,+.150
36,Brandt Jobe,+.154
37,D.J. Brigman,+.158
37,John Merrick,+.158
37,Jesper Parnevik,+.158
40,Ernie Els,+.167
40,WC Liang,+.167
42,Jeff Overton,+.182
43,Arjun Atwal,+.190
44,Stuart Appleby,+.200
44,Chris Riley,+.200
46,Roland Thatcher,+.231
47,Spencer Levin,+.235
48,Michael Connell,+.250
48,Nate Smith,+.250
48,Daniel Summerhays,+.250
51,Ryan Palmer,+.278
52,Michael Sim,+.294
53,Brian Gay,+.333
54,Jason Bohn,+.444
55,Jason Day,+.500
56,Jason Dufner,+.524
