rank,player,Avg RTP
1,Stuart Appleby,-1.000
1,Arjun Atwal,-1.000
1,Cameron Beckman,-1.000
1,D.J. Brigman,-1.000
1,Chad Campbell,-1.000
1,Michael Connell,-1.000
1,Jason Dufner,-1.000
1,Freddie Jacobson,-1.000
1,Brandt Jobe,-1.000
1,Matt Kuchar,-1.000
1,Marc Leishman,-1.000
1,Spencer Levin,-1.000
1,WC Liang,-1.000
1,Kevin Na,-1.000
1,Jeff Overton,-1.000
1,Ryan Palmer,-1.000
1,Justin Rose,-1.000
1,Michael Sim,-1.000
1,Webb Simpson,-1.000
1,Nate Smith,-1.000
1,Roland Thatcher,-1.000
1,Boo Weekley,-1.000
1,Charlie Wi,-1.000
1,Mark Wilson,-1.000
25,Brian Gay,-.800
26,John Merrick,-.667
27,Jason Bohn,-.500
27,Steven Bowditch,-.500
27,Chris DiMarco,-.500
27,Steve Stricker,-.500
31,Daniel Summerhays,-.333
32,Jerry Kelly,-.250
33,Jonathan Byrd,E
33,Kevin Chappell,E
33,Jason Day,E
33,Brendon de Jonge,E
33,Anthony Kim,E
33,Colt Knost,E
33,Jarrod Lyle,E
33,Matt McQuillan,E
33,Chris Riley,E
33,Rory Sabbatini,E
