rank,player,Avg RTP
1,Spencer Levin,-.500
2,Rory Sabbatini,-.429
3,Tim Clark,-.375
4,Matt Bettencourt,-.333
4,Davis Love III,-.333
6,Charlie Wi,-.300
7,Anthony Kim,-.273
7,Jimmy Walker,-.273
9,Boo Weekley,-.200
10,Tag Ridings,-.167
11,Chad Campbell,-.100
12,Kevin Chappell,-.091
13,Steven Bowditch,E
13,Brendon de Jonge,E
13,Chris DiMarco,E
13,Colt Knost,E
13,Matt Kuchar,E
13,WC Liang,E
13,Billy Mayfair,E
13,Matt McQuillan,E
13,Kevin Na,E
13,Ryan Palmer,E
13,Chris Riley,E
13,Justin Rose,E
13,Mark Wilson,E
26,Shigeki Maruyama,+.067
27,Jarrod Lyle,+.077
28,John Senden,+.083
29,Jason Dufner,+.091
29,Ernie Els,+.091
29,Webb Simpson,+.091
32,Freddie Jacobson,+.100
33,Michael Connell,+.111
33,Alex Prugh,+.111
35,Marc Leishman,+.143
35,Roland Thatcher,+.143
37,John Merrick,+.154
38,Cameron Beckman,+.167
38,Jonathan Byrd,+.167
38,Brandt Jobe,+.167
38,Chris Kirk,+.167
42,Aaron Baddeley,+.200
42,Jerry Kelly,+.200
44,Nate Smith,+.214
45,D.J. Brigman,+.231
46,Arjun Atwal,+.250
46,Jeff Overton,+.250
48,Steve Marino,+.273
49,Jesper Parnevik,+.300
50,Daniel Summerhays,+.375
51,Brian Gay,+.400
51,Steve Stricker,+.400
53,Stuart Appleby,+.444
54,Jason Day,+.500
55,Michael Sim,+.571
56,Jason Bohn,+.667
