rank,player,Avg RTP
1,Colt Knost,-1.000
1,Steve Marino,-1.000
1,Daniel Summerhays,-1.000
1,Jimmy Walker,-1.000
1,Boo Weekley,-1.000
6,Roland Thatcher,-.333
7,Matt Bettencourt,E
7,Jason Bohn,E
7,Steven Bowditch,E
7,D.J. Brigman,E
7,Chad Campbell,E
7,Kevin Chappell,E
7,Jason Day,E
7,Brendon de Jonge,E
7,Jason Dufner,E
7,Brandt Jobe,E
7,Anthony Kim,E
7,Spencer Levin,E
7,Davis Love III,E
7,Jarrod Lyle,E
7,Billy Mayfair,E
7,Ryan Palmer,E
7,Jesper Parnevik,E
7,Alex Prugh,E
7,Chris Riley,E
7,Justin Rose,E
7,John Senden,E
7,Michael Sim,E
29,Aaron Baddeley,+.250
30,Kevin Na,+.500
30,Jeff Overton,+.500
30,Charlie Wi,+.500
33,Jonathan Byrd,+1.000
33,Chris DiMarco,+1.000
33,Marc Leishman,+1.000
33,WC Liang,+1.000
33,Shigeki Maruyama,+1.000
