rank,player,Avg RTP
1,Cameron Beckman,-.667
2,Daniel Summerhays,-.600
2,Jimmy Walker,-.600
2,Mark Wilson,-.600
5,Stuart Appleby,-.500
5,Shigeki Maruyama,-.500
5,Justin Rose,-.500
5,Boo Weekley,-.500
9,Jason Bohn,-.429
9,Chad Campbell,-.429
11,Freddie Jacobson,-.400
11,Jarrod Lyle,-.400
13,Matt Kuchar,-.375
14,Aaron Baddeley,-.333
14,Chris DiMarco,-.333
14,Anthony Kim,-.333
14,Alex Prugh,-.333
14,John Senden,-.333
19,Jonathan Byrd,-.286
19,Brendon de Jonge,-.286
19,Chris Kirk,-.286
22,Jerry Kelly,-.250
22,WC Liang,-.250
22,Tag Ridings,-.250
25,Arjun Atwal,-.222
26,Jason Day,-.200
26,Marc Leishman,-.200
26,Nate Smith,-.200
26,Roland Thatcher,-.200
30,Matt Bettencourt,-.167
30,Matt McQuillan,-.167
30,Rory Sabbatini,-.167
33,D.J. Brigman,-.143
33,Kevin Chappell,-.143
33,Jason Dufner,-.143
33,John Merrick,-.143
33,Jesper Parnevik,-.143
33,Chris Riley,-.143
33,Charlie Wi,-.143
40,Brian Gay,-.125
40,Steve Marino,-.125
42,Billy Mayfair,-.111
43,Michael Connell,E
43,Ernie Els,E
43,Colt Knost,E
43,Spencer Levin,E
43,Davis Love III,E
43,Jeff Overton,E
43,Ryan Palmer,E
50,Tim Clark,+.125
50,Steve Stricker,+.125
52,Michael Sim,+.167
53,Brandt Jobe,+.200
53,Kevin Na,+.200
53,Webb Simpson,+.200
56,Steven Bowditch,+.750
