rank,player,Avg RTP
1,Chris Kirk,-1.000
1,Marc Leishman,-1.000
1,Jarrod Lyle,-1.000
4,Matt Bettencourt,-.800
5,Aaron Baddeley,-.750
6,Tag Ridings,-.500
6,Justin Rose,-.500
6,Steve Stricker,-.500
9,Chris DiMarco,-.333
9,Ernie Els,-.333
9,Ryan Palmer,-.333
12,Steve Marino,-.250
12,John Senden,-.250
14,Stuart Appleby,E
14,Cameron Beckman,E
14,Jason Bohn,E
14,Steven Bowditch,E
14,Chad Campbell,E
14,Tim Clark,E
14,Freddie Jacobson,E
14,Matt Kuchar,E
14,WC Liang,E
14,Davis Love III,E
14,Shigeki Maruyama,E
14,Billy Mayfair,E
14,Matt McQuillan,E
14,Kevin Na,E
14,Alex Prugh,E
14,Chris Riley,E
14,Rory Sabbatini,E
14,Roland Thatcher,E
14,Boo Weekley,E
33,Nate Smith,+.200
34,Arjun Atwal,+.333
34,D.J. Brigman,+.333
34,Kevin Chappell,+.333
34,Jason Dufner,+.333
34,Jerry Kelly,+.333
34,Jesper Parnevik,+.333
34,Jimmy Walker,+.333
41,Jonathan Byrd,+.500
41,Michael Connell,+.500
41,Brandt Jobe,+.500
41,Anthony Kim,+.500
41,Colt Knost,+.500
41,John Merrick,+.500
41,Michael Sim,+.500
41,Daniel Summerhays,+.500
41,Mark Wilson,+.500
50,Spencer Levin,+.800
51,Charlie Wi,+1.000
