rank,player,Avg RTP
1,Steven Bowditch,-2.000
2,Jason Day,-1.667
3,Steve Stricker,-1.500
4,D.J. Brigman,-1.000
4,Jonathan Byrd,-1.000
4,Michael Connell,-1.000
4,Brendon de Jonge,-1.000
4,Ernie Els,-1.000
4,Brandt Jobe,-1.000
4,Chris Kirk,-1.000
4,Marc Leishman,-1.000
4,Spencer Levin,-1.000
4,Jarrod Lyle,-1.000
4,Kevin Na,-1.000
4,Jeff Overton,-1.000
4,Tag Ridings,-1.000
4,Chris Riley,-1.000
4,Justin Rose,-1.000
4,John Senden,-1.000
4,Roland Thatcher,-1.000
4,Jimmy Walker,-1.000
4,Boo Weekley,-1.000
23,Rory Sabbatini,-.667
24,Stuart Appleby,-.500
24,Aaron Baddeley,-.500
24,Chris DiMarco,-.500
24,Brian Gay,-.500
24,Billy Mayfair,-.500
24,Michael Sim,-.500
24,Nate Smith,-.500
31,Tim Clark,-.333
31,Matt McQuillan,-.333
33,Jerry Kelly,-.250
34,Chad Campbell,E
34,Colt Knost,E
34,Jesper Parnevik,E
34,Alex Prugh,E
34,Mark Wilson,E
39,Charlie Wi,+.500
40,Shigeki Maruyama,+1.000
