rank,player,Avg RTP
1,Matt Kuchar,-1.000
1,Boo Weekley,-1.000
3,Matt Bettencourt,-.500
3,Spencer Levin,-.500
3,Matt McQuillan,-.500
3,Justin Rose,-.500
3,Mark Wilson,-.500
8,Jason Dufner,-.333
8,Colt Knost,-.333
8,Rory Sabbatini,-.333
8,Daniel Summerhays,-.333
8,Roland Thatcher,-.333
8,Jimmy Walker,-.333
14,D.J. Brigman,-.250
15,Charlie Wi,-.167
16,Arjun Atwal,E
16,Jason Bohn,E
16,Steven Bowditch,E
16,Chad Campbell,E
16,Kevin Chappell,E
16,Tim Clark,E
16,Michael Connell,E
16,Jason Day,E
16,Brendon de Jonge,E
16,Brian Gay,E
16,Freddie Jacobson,E
16,Brandt Jobe,E
16,Jerry Kelly,E
16,WC Liang,E
16,Davis Love III,E
16,Jarrod Lyle,E
16,Steve Marino,E
16,Billy Mayfair,E
16,John Merrick,E
16,Ryan Palmer,E
16,Jesper Parnevik,E
16,Tag Ridings,E
16,Chris Riley,E
16,John Senden,E
16,Michael Sim,E
16,Webb Simpson,E
42,Chris DiMarco,+.200
43,Jeff Overton,+.250
43,Alex Prugh,+.250
45,Anthony Kim,+.333
45,Chris Kirk,+.333
45,Shigeki Maruyama,+.333
48,Aaron Baddeley,+.375
49,Cameron Beckman,+.400
50,Stuart Appleby,+.500
50,Marc Leishman,+.500
52,Jonathan Byrd,+.667
52,Kevin Na,+.667
52,Steve Stricker,+.667
55,Ernie Els,+1.000
55,Nate Smith,+1.000
