rank,player,Avg RTP
1,Colt Knost,-1.000
2,Roland Thatcher,-.800
3,Arjun Atwal,-.667
3,Chad Campbell,-.667
3,Jerry Kelly,-.667
3,John Merrick,-.667
7,Jason Day,-.500
7,Freddie Jacobson,-.500
7,Jarrod Lyle,-.500
7,Kevin Na,-.500
7,Rory Sabbatini,-.500
7,Nate Smith,-.500
7,Boo Weekley,-.500
14,Aaron Baddeley,-.429
15,Mark Wilson,-.400
16,Steven Bowditch,-.333
16,Brandt Jobe,-.333
18,Matt Bettencourt,-.286
18,Jason Dufner,-.286
18,Spencer Levin,-.286
21,Stuart Appleby,-.250
21,D.J. Brigman,-.250
21,Chris DiMarco,-.250
21,Ernie Els,-.250
21,Anthony Kim,-.250
21,Chris Kirk,-.250
21,Alex Prugh,-.250
21,Justin Rose,-.250
29,Tim Clark,-.200
29,Ryan Palmer,-.200
29,Chris Riley,-.200
32,Jason Bohn,-.143
32,WC Liang,-.143
32,Steve Marino,-.143
35,Jonathan Byrd,E
35,Kevin Chappell,E
35,Michael Connell,E
35,Marc Leishman,E
35,Davis Love III,E
35,Shigeki Maruyama,E
35,Tag Ridings,E
35,John Senden,E
35,Jimmy Walker,E
44,Webb Simpson,+.125
45,Steve Stricker,+.143
46,Brian Gay,+.200
46,Daniel Summerhays,+.200
48,Matt Kuchar,+.250
49,Jeff Overton,+.400
50,Cameron Beckman,+.429
51,Brendon de Jonge,+.500
51,Matt McQuillan,+.500
51,Michael Sim,+.500
54,Jesper Parnevik,+.600
55,Billy Mayfair,+.667
56,Charlie Wi,+1.000
