rank,player,Avg RTP
1,Colt Knost,-.500
2,Steve Marino,-.300
3,Davis Love III,-.250
4,Shigeki Maruyama,-.214
5,Cameron Beckman,-.200
5,Steve Stricker,-.200
5,Mark Wilson,-.200
8,Matt McQuillan,-.143
9,Matt Kuchar,-.125
10,John Senden,-.111
10,Boo Weekley,-.111
12,Brendon de Jonge,-.100
13,Matt Bettencourt,-.071
14,Stuart Appleby,E
14,Steven Bowditch,E
14,D.J. Brigman,E
14,Chad Campbell,E
14,Brian Gay,E
14,Jerry Kelly,E
14,Chris Kirk,E
14,Marc Leishman,E
14,Jarrod Lyle,E
14,Kevin Na,E
14,Daniel Summerhays,E
25,Aaron Baddeley,+.067
26,Freddie Jacobson,+.071
27,Michael Sim,+.083
28,Arjun Atwal,+.091
28,Jesper Parnevik,+.091
30,Chris DiMarco,+.100
31,Brandt Jobe,+.111
31,Webb Simpson,+.111
31,Roland Thatcher,+.111
34,John Merrick,+.143
35,Alex Prugh,+.154
36,Jonathan Byrd,+.167
36,Tim Clark,+.167
36,Billy Mayfair,+.167
39,Anthony Kim,+.182
40,Chris Riley,+.200
40,Jimmy Walker,+.200
42,Jeff Overton,+.222
42,Justin Rose,+.222
44,Jason Bohn,+.250
44,Charlie Wi,+.250
46,WC Liang,+.267
47,Ernie Els,+.286
47,Rory Sabbatini,+.286
49,Michael Connell,+.333
50,Kevin Chappell,+.375
51,Nate Smith,+.429
52,Jason Day,+.444
53,Spencer Levin,+.462
54,Ryan Palmer,+.500
54,Tag Ridings,+.500
56,Jason Dufner,+.714
