rank,player,Avg RTP
1,Steven Bowditch,-.364
2,Tim Clark,-.333
2,Colt Knost,-.333
2,Steve Marino,-.333
5,Matt Kuchar,-.308
6,Jason Dufner,-.300
7,Jason Day,-.286
8,Michael Connell,-.273
9,Cameron Beckman,-.267
9,Chris Kirk,-.267
9,Marc Leishman,-.267
9,Michael Sim,-.267
13,Mark Wilson,-.263
14,Jerry Kelly,-.250
15,Shigeki Maruyama,-.231
16,Brendon de Jonge,-.222
17,Charlie Wi,-.211
18,Anthony Kim,-.200
18,Jesper Parnevik,-.200
18,Chris Riley,-.200
18,Nate Smith,-.200
22,Arjun Atwal,-.167
23,Kevin Chappell,-.158
24,D.J. Brigman,-.154
25,Stuart Appleby,-.133
25,Jimmy Walker,-.133
27,Jeff Overton,-.125
28,Davis Love III,-.111
28,Boo Weekley,-.111
30,Jarrod Lyle,-.105
31,Ernie Els,-.100
31,Tag Ridings,-.100
33,Aaron Baddeley,-.083
33,Freddie Jacobson,-.083
35,John Senden,-.077
36,Matt Bettencourt,-.071
36,Chris DiMarco,-.071
36,Brandt Jobe,-.071
39,Webb Simpson,-.067
40,Roland Thatcher,-.063
41,Jonathan Byrd,-.059
41,Chad Campbell,-.059
43,Ryan Palmer,-.056
44,Brian Gay,-.050
45,Jason Bohn,E
45,Billy Mayfair,E
45,Matt McQuillan,E
45,John Merrick,E
45,Alex Prugh,E
45,Justin Rose,E
45,Rory Sabbatini,E
45,Steve Stricker,E
45,Daniel Summerhays,E
54,Spencer Levin,+.059
55,WC Liang,+.071
56,Kevin Na,+.167
