rank,player,Avg RTP
1,Matt Kuchar,-1.000
1,Daniel Summerhays,-1.000
3,Spencer Levin,-.500
3,Justin Rose,-.500
3,Jimmy Walker,-.500
3,Boo Weekley,-.500
3,Mark Wilson,-.500
8,Colt Knost,-.400
9,Rory Sabbatini,-.333
9,Roland Thatcher,-.333
11,Cameron Beckman,-.250
11,Ryan Palmer,-.250
13,Arjun Atwal,E
13,Matt Bettencourt,E
13,Jason Bohn,E
13,Steven Bowditch,E
13,D.J. Brigman,E
13,Kevin Chappell,E
13,Tim Clark,E
13,Michael Connell,E
13,Jason Day,E
13,Brendon de Jonge,E
13,Jason Dufner,E
13,Brandt Jobe,E
13,Jerry Kelly,E
13,WC Liang,E
13,Davis Love III,E
13,Jarrod Lyle,E
13,Steve Marino,E
13,Billy Mayfair,E
13,Matt McQuillan,E
13,John Merrick,E
13,Alex Prugh,E
13,Chris Riley,E
13,John Senden,E
13,Michael Sim,E
13,Webb Simpson,E
13,Charlie Wi,E
39,Chad Campbell,+.200
40,Chris DiMarco,+.250
41,Aaron Baddeley,+.400
42,Stuart Appleby,+.500
42,Jonathan Byrd,+.500
42,Freddie Jacobson,+.500
42,Anthony Kim,+.500
42,Marc Leishman,+.500
42,Jeff Overton,+.500
42,Jesper Parnevik,+.500
42,Steve Stricker,+.500
50,Kevin Na,+.667
50,Tag Ridings,+.667
52,Chris Kirk,+1.000
52,Shigeki Maruyama,+1.000
52,Nate Smith,+1.000
