rank,player,%,# Birdies/Eagles,# Holes
1,Sungjae Im,47.22%,34,72
2,Sahith Theegala,43.06%,31,72
3,Chris Kirk,41.67%,30,72
3,Jordan Spieth,41.67%,30,72
5,Byeong Hun An,40.28%,29,72
6,Jason Day,38.89%,28,72
6,Adam Hadwin,38.89%,28,72
6,Brian Harman,38.89%,28,72
6,Scottie Scheffler,38.89%,28,72
10,Akshay Bhatia,37.50%,27,72
10,Max Homa,37.50%,27,72
10,J.T. Poston,37.50%,27,72
10,Sepp Straka,37.50%,27,72
14,Patrick Cantlay,36.11%,26,72
14,Eric Cole,36.11%,26,72
14,Nico Echavarria,36.11%,26,72
14,Matt Fitzpatrick,36.11%,26,72
14,Tyrrell Hatton,36.11%,26,72
14,Patrick Rodgers,36.11%,26,72
20,Harris English,34.72%,25,72
20,Tony Finau,34.72%,25,72
20,Rickie Fowler,34.72%,25,72
20,Mackenzie Hughes,34.72%,25,72
20,Taylor Moore,34.72%,25,72
20,Collin Morikawa,34.72%,25,72
20,Justin Rose,34.72%,25,72
20,Brendon Todd,34.72%,25,72
20,Cameron Young,34.72%,25,72
29,Ludvig Åberg,33.33%,24,72
29,Tom Hoge,33.33%,24,72
29,Viktor Hovland,33.33%,24,72
29,Luke List,33.33%,24,72
29,Davis Riley,33.33%,24,72
29,Xander Schauffele,33.33%,24,72
29,Adam Svensson,33.33%,24,72
29,Erik van Rooyen,33.33%,24,72
37,Cam Davis,31.94%,23,72
37,Lucas Glover,31.94%,23,72
37,Kurt Kitayama,31.94%,23,72
37,Andrew Putnam,31.94%,23,72
41,Keegan Bradley,30.56%,22,72
41,Wyndham Clark,30.56%,22,72
41,Corey Conners,30.56%,22,72
41,Emiliano Grillo,30.56%,22,72
41,Si Woo Kim,30.56%,22,72
41,Denny McCarthy,30.56%,22,72
41,Adam Schenk,30.56%,22,72
48,Sam Burns,29.17%,21,72
48,Tommy Fleetwood,29.17%,21,72
48,Matt Wallace,29.17%,21,72
51,Nick Hardy,27.78%,20,72
51,Russell Henley,27.78%,20,72
51,Seamus Power,27.78%,20,72
54,Nick Taylor,26.39%,19,72
55,Camilo Villegas,25.00%,18,72
56,Lee Hodges,23.61%,17,72
56,Tom Kim,23.61%,17,72
56,Hideki Matsuyama,23.61%,17,72
59,Vincent Norrman,20.83%,15,72
