rank,player,Total
1,Harris English,4
2,Tony Finau,3
2,Brian Harman,3
2,Tom Kim,3
5,Byeong Hun An,2
5,Sam Burns,2
5,Nico Echavarria,2
5,Matt Fitzpatrick,2
5,Tyrrell Hatton,2
5,Viktor Hovland,2
5,Luke List,2
5,Taylor Moore,2
5,Seamus Power,2
5,Brendon Todd,2
15,Keegan Bradley,1
15,Patrick Cantlay,1
15,Wyndham Clark,1
15,Corey Conners,1
15,Jason Day,1
15,Tom Hoge,1
15,Si Woo Kim,1
15,Kurt Kitayama,1
15,Hideki Matsuyama,1
15,Collin Morikawa,1
15,J.T. Poston,1
15,Patrick Rodgers,1
15,Xander Schauffele,1
15,Scottie Scheffler,1
15,Adam Schenk,1
15,Sepp Straka,1
15,Adam Svensson,1
15,Nick Taylor,1
15,Erik van Rooyen,1
15,Matt Wallace,1
15,Cameron Young,1
36,Ludvig Åberg,0
36,Akshay Bhatia,0
36,Eric Cole,0
36,Cam Davis,0
36,Tommy Fleetwood,0
36,Rickie Fowler,0
36,Lucas Glover,0
36,Emiliano Grillo,0
36,Adam Hadwin,0
36,Nick Hardy,0
36,Russell Henley,0
36,Lee Hodges,0
36,Max Homa,0
36,Mackenzie Hughes,0
36,Sungjae Im,0
36,Chris Kirk,0
36,Denny McCarthy,0
36,Vincent Norrman,0
36,Andrew Putnam,0
36,Davis Riley,0
36,Justin Rose,0
36,Jordan Spieth,0
36,Sahith Theegala,0
36,Camilo Villegas,0
