rank,player,Frequency,# of Holes,# of Eagles
1,Harris English,18.0,72,4
2,Tony Finau,24.0,72,3
2,Brian Harman,24.0,72,3
2,Tom Kim,24.0,72,3
5,Byeong Hun An,36.0,72,2
5,Sam Burns,36.0,72,2
5,Nico Echavarria,36.0,72,2
5,Matt Fitzpatrick,36.0,72,2
5,Tyrrell Hatton,36.0,72,2
5,Viktor Hovland,36.0,72,2
5,Luke List,36.0,72,2
5,Taylor Moore,36.0,72,2
5,Seamus Power,36.0,72,2
5,Brendon Todd,36.0,72,2
15,Keegan Bradley,72.0,72,1
15,Patrick Cantlay,72.0,72,1
15,Wyndham Clark,72.0,72,1
15,Corey Conners,72.0,72,1
15,Jason Day,72.0,72,1
15,Tom Hoge,72.0,72,1
15,Si Woo Kim,72.0,72,1
15,Kurt Kitayama,72.0,72,1
15,Hideki Matsuyama,72.0,72,1
15,Collin Morikawa,72.0,72,1
15,J.T. Poston,72.0,72,1
15,Patrick Rodgers,72.0,72,1
15,Xander Schauffele,72.0,72,1
15,Scottie Scheffler,72.0,72,1
15,Adam Schenk,72.0,72,1
15,Sepp Straka,72.0,72,1
15,Adam Svensson,72.0,72,1
15,Nick Taylor,72.0,72,1
15,Erik van Rooyen,72.0,72,1
15,Matt Wallace,72.0,72,1
15,Cameron Young,72.0,72,1
