rank,player,%,Successes,Attempts
1,Stuart Appleby,100.00,5,5
1,Vijay Singh,100.00,2,2
3,Sergio Garcia,80.00,4,5
4,Jason Gore,62.50,5,8
5,Ben Crane,60.00,9,15
5,Brad Faxon,60.00,6,10
5,Peter Lonard,60.00,6,10
5,Vaughn Taylor,60.00,3,5
9,Justin Leonard,57.14,4,7
10,Lucas Glover,55.56,5,9
10,Sean O'Hair,55.56,5,9
12,"Wes Short, Jr.",54.55,6,11
13,Jason Bohn,50.00,2,4
13,Michael Campbell,50.00,3,6
13,K.J. Choi,50.00,3,6
13,Fred Funk,50.00,2,4
17,Geoff Ogilvy,42.86,3,7
18,Carl Pettersson,40.00,4,10
19,Tim Petrovic,38.46,5,13
20,Jim Furyk,37.50,3,8
21,Mark Calcavecchia,33.33,2,6
22,Robert Gamez,28.57,2,7
22,Kenny Perry,28.57,2,7
22,David Toms,28.57,2,7
25,Olin Browne,25.00,2,8
26,Bart Bryant,.00,0,4
26,Ted Purdy,.00,0,8
26,Heath Slocum,.00,0,5
