rank,player,%,Successes,Attempts
1,Mark Calcavecchia,100.00,2,2
1,Ben Crane,100.00,3,3
1,Kenny Perry,100.00,1,1
4,"Wes Short, Jr.",80.00,4,5
5,Tim Petrovic,75.00,3,4
6,Brad Faxon,71.43,5,7
7,Michael Campbell,66.67,2,3
7,Lucas Glover,66.67,2,3
7,Peter Lonard,66.67,4,6
7,Vaughn Taylor,66.67,2,3
11,Stuart Appleby,50.00,1,2
11,Jason Bohn,50.00,1,2
11,Jim Furyk,50.00,1,2
11,Robert Gamez,50.00,2,4
11,Sergio Garcia,50.00,1,2
11,Geoff Ogilvy,50.00,1,2
11,Vijay Singh,50.00,1,2
11,Heath Slocum,50.00,1,2
19,K.J. Choi,40.00,2,5
20,Justin Leonard,33.33,1,3
20,Ted Purdy,33.33,2,6
22,Jason Gore,25.00,1,4
23,Olin Browne,.00,0,1
23,Bart Bryant,.00,0,3
23,Fred Funk,.00,0,3
23,Sean O'Hair,.00,0,4
23,Carl Pettersson,.00,0,3
23,David Toms,.00,0,1
