rank,player,%,# of Saves,# of Bunkers
1,Mark Calcavecchia,100.00,2,2
1,Jim Furyk,100.00,1,1
1,Robert Gamez,100.00,2,2
1,Justin Leonard,100.00,1,1
1,Geoff Ogilvy,100.00,1,1
1,Kenny Perry,100.00,1,1
1,Tim Petrovic,100.00,2,2
1,"Wes Short, Jr.",100.00,3,3
1,Heath Slocum,100.00,1,1
10,Brad Faxon,66.67,2,3
11,Jason Bohn,50.00,1,2
11,Michael Campbell,50.00,1,2
11,Sergio Garcia,50.00,1,2
11,Lucas Glover,50.00,1,2
11,Peter Lonard,50.00,1,2
11,Ted Purdy,50.00,2,4
17,K.J. Choi,40.00,2,5
18,Sean O'Hair,33.33,1,3
18,Vijay Singh,33.33,1,3
20,Jason Gore,25.00,1,4
21,Stuart Appleby,.00,0,1
21,Olin Browne,.00,0,1
21,Bart Bryant,.00,0,2
21,Fred Funk,.00,0,3
21,Carl Pettersson,.00,0,1
21,Vaughn Taylor,.00,0,1
