rank,player,%,Successes,Attempts
1,Peter Lonard,88.89,8,9
2,Mark Calcavecchia,81.82,9,11
3,Ben Crane,80.00,4,5
4,Robert Gamez,77.78,7,9
4,Justin Leonard,77.78,7,9
6,Geoff Ogilvy,75.00,3,4
6,Vaughn Taylor,75.00,3,4
8,Stuart Appleby,71.43,5,7
8,Lucas Glover,71.43,5,7
10,Michael Campbell,66.67,6,9
10,Tim Petrovic,66.67,4,6
12,Brad Faxon,60.00,6,10
12,Jim Furyk,60.00,3,5
12,Sergio Garcia,60.00,3,5
12,Heath Slocum,60.00,3,5
16,K.J. Choi,58.33,7,12
17,David Toms,57.14,4,7
18,"Wes Short, Jr.",55.56,5,9
19,Jason Bohn,54.55,6,11
20,Fred Funk,53.85,7,13
21,Sean O'Hair,50.00,6,12
22,Kenny Perry,44.44,4,9
22,Ted Purdy,44.44,4,9
24,Jason Gore,37.50,3,8
24,Carl Pettersson,37.50,3,8
26,Olin Browne,33.33,3,9
26,Bart Bryant,33.33,1,3
28,Vijay Singh,20.00,1,5
