rank,player,%,Successes,Attempts
1,Stuart Appleby,80.00,4,5
2,Sergio Garcia,62.50,5,8
2,Justin Leonard,62.50,5,8
4,Peter Lonard,58.33,7,12
5,Robert Gamez,57.14,4,7
5,Vijay Singh,57.14,4,7
7,Michael Campbell,55.56,5,9
7,Fred Funk,55.56,5,9
7,"Wes Short, Jr.",55.56,5,9
10,Vaughn Taylor,50.00,3,6
11,Olin Browne,46.15,6,13
12,K.J. Choi,44.44,4,9
12,Ben Crane,44.44,4,9
12,Brad Faxon,44.44,8,18
12,Jason Gore,44.44,4,9
16,Jim Furyk,42.86,3,7
16,Tim Petrovic,42.86,6,14
18,Geoff Ogilvy,40.00,4,10
19,David Toms,37.50,3,8
20,Carl Pettersson,33.33,2,6
20,Ted Purdy,33.33,3,9
22,Jason Bohn,28.57,2,7
22,Bart Bryant,28.57,2,7
22,Heath Slocum,28.57,2,7
25,Kenny Perry,27.27,3,11
26,Sean O'Hair,22.22,2,9
27,Mark Calcavecchia,20.00,1,5
27,Lucas Glover,20.00,1,5
