rank,player,Avg RTP
1,Andrew Buckle,-.500
2,Rich Beem,-.333
2,Steve Stricker,-.333
2,Kaname Yokoo,-.333
5,Jason Dufner,-.286
5,Rod Pampling,-.286
5,Pat Perez,-.286
8,Brian Gay,-.273
9,Luke Donald,-.214
10,Trevor Immelman,-.200
11,Jeff Sluman,-.182
12,Robert Garrigus,-.167
12,Troy Matteson,-.167
14,Daisuke Maruyama,-.154
15,Nathan Green,-.143
15,David Toms,-.143
17,Craig Kanada,-.133
18,Eric Axley,-.125
18,Cameron Beckman,-.125
18,Vijay Singh,-.125
18,Azuma Yano,-.125
22,Tadd Fujikawa,-.111
22,J.P. Hayes,-.111
22,Ryuji Imada,-.111
22,Bo Van Pelt,-.111
26,Chad Campbell,-.091
26,George McNeill,-.091
28,Daniel Chopra,-.083
28,Jim Furyk,-.083
28,Craig Lile,-.083
28,Jeff Quinney,-.083
32,Ken Duke,-.077
32,Steve Lowery,-.077
34,John Senden,-.071
35,Robert Allenby,E
35,Paul Azinger,E
35,Shane Bertsch,E
35,K.J. Choi,E
35,John Daly,E
35,Glen Day,E
35,Harrison Frazar,E
35,Charles Howell III,E
35,Cliff Kresge,E
35,Geoff Ogilvy,E
35,Kenny Perry,E
35,Brett Quigley,E
35,Heath Slocum,E
35,Johnson Wagner,E
49,Bart Bryant,+.071
50,Paul Goydos,+.083
51,Jeff Maggert,+.091
52,Will MacKenzie,+.100
53,Briny Baird,+.111
53,Jesper Parnevik,+.111
55,Ted Purdy,+.125
56,Jerry Kelly,+.133
56,Doug LaBelle II,+.133
58,Gavin Coles,+.154
59,David Branshaw,+.167
59,Michael Putnam,+.167
59,Rory Sabbatini,+.167
62,Davis Love III,+.200
63,Tim Petrovic,+.222
64,Jarrod Lyle,+.250
64,Bubba Watson,+.250
64,Boo Weekley,+.250
67,Tom Lehman,+.273
68,Joe Daley,+.308
69,J.J. Henry,+.333
69,Steve Marino,+.333
71,Yusaku Miyazato,+.429
71,John Rollins,+.429
