rank,player,Avg RTP
1,Robert Allenby,-1.500
2,Chad Campbell,-1.000
2,Ken Duke,-1.000
2,Steve Marino,-1.000
2,Yusaku Miyazato,-1.000
2,Vijay Singh,-1.000
7,Robert Garrigus,-.667
7,Cliff Kresge,-.667
7,Jarrod Lyle,-.667
7,Geoff Ogilvy,-.667
11,Rich Beem,-.500
11,Shane Bertsch,-.500
11,David Branshaw,-.500
11,John Daly,-.500
11,Charles Howell III,-.500
11,Will MacKenzie,-.500
11,Pat Perez,-.500
11,Michael Putnam,-.500
11,Johnson Wagner,-.500
20,Andrew Buckle,-.333
20,J.J. Henry,-.333
20,Jerry Kelly,-.333
20,Rod Pampling,-.333
20,Boo Weekley,-.333
25,Eric Axley,E
25,Briny Baird,E
25,Bart Bryant,E
25,K.J. Choi,E
25,Daniel Chopra,E
25,Gavin Coles,E
25,Joe Daley,E
25,Glen Day,E
25,Tadd Fujikawa,E
25,Jim Furyk,E
25,Ryuji Imada,E
25,Doug LaBelle II,E
25,Craig Lile,E
25,Daisuke Maruyama,E
25,Troy Matteson,E
25,Ted Purdy,E
25,Rory Sabbatini,E
25,John Senden,E
25,Steve Stricker,E
25,David Toms,E
25,Bo Van Pelt,E
25,Bubba Watson,E
25,Azuma Yano,E
48,Tim Petrovic,+.200
49,Jason Dufner,+.250
49,J.P. Hayes,+.250
51,Tom Lehman,+.333
51,Jesper Parnevik,+.333
53,Paul Azinger,+.400
53,Jeff Quinney,+.400
55,Paul Goydos,+.500
55,Davis Love III,+.500
55,Steve Lowery,+.500
55,Kenny Perry,+.500
55,Kaname Yokoo,+.500
60,Harrison Frazar,+.667
60,George McNeill,+.667
60,Jeff Sluman,+.667
63,Cameron Beckman,+1.000
63,Luke Donald,+1.000
63,Nathan Green,+1.000
63,Craig Kanada,+1.000
63,Brett Quigley,+1.000
68,Brian Gay,+2.000
