rank,player,Avg RTP
1,Bubba Watson,-.400
2,Gavin Coles,-.250
3,John Daly,-.222
4,Glen Day,-.200
4,Paul Goydos,-.200
4,Steve Stricker,-.200
4,Johnson Wagner,-.200
8,George McNeill,-.143
9,Robert Allenby,-.125
9,Ted Purdy,-.125
11,Daisuke Maruyama,-.111
11,Geoff Ogilvy,-.111
13,Steve Marino,-.100
14,Rory Sabbatini,-.091
15,Briny Baird,E
15,Bart Bryant,E
15,Tadd Fujikawa,E
15,Jim Furyk,E
15,Robert Garrigus,E
15,Nathan Green,E
15,J.J. Henry,E
15,Charles Howell III,E
15,Cliff Kresge,E
15,Jeff Maggert,E
15,Rod Pampling,E
15,Jesper Parnevik,E
15,Michael Putnam,E
15,Jeff Quinney,E
15,John Rollins,E
15,John Senden,E
15,Heath Slocum,E
15,Jeff Sluman,E
15,Bo Van Pelt,E
15,Azuma Yano,E
15,Kaname Yokoo,E
36,Davis Love III,+.091
37,Doug LaBelle II,+.100
38,Eric Axley,+.143
38,Daniel Chopra,+.143
38,Jason Dufner,+.143
38,Ken Duke,+.143
38,Harrison Frazar,+.143
38,Brian Gay,+.143
44,Andrew Buckle,+.167
44,Tom Lehman,+.167
44,Jarrod Lyle,+.167
47,Luke Donald,+.200
47,Ryuji Imada,+.200
47,Craig Lile,+.200
50,Paul Azinger,+.222
51,Cameron Beckman,+.250
51,J.P. Hayes,+.250
51,Will MacKenzie,+.250
54,K.J. Choi,+.286
54,Troy Matteson,+.286
54,Pat Perez,+.286
57,Shane Bertsch,+.333
57,Joe Daley,+.333
57,Steve Lowery,+.333
57,Yusaku Miyazato,+.333
57,Tim Petrovic,+.333
57,Vijay Singh,+.333
57,David Toms,+.333
57,Boo Weekley,+.333
65,Chad Campbell,+.400
65,Trevor Immelman,+.400
67,Rich Beem,+.429
68,Jerry Kelly,+.500
68,Kenny Perry,+.500
68,Brett Quigley,+.500
71,Craig Kanada,+.600
72,David Branshaw,+.750
