rank,player,Avg RTP
1,Jeff Sluman,-2.000
2,Steve Marino,-1.500
3,David Branshaw,-1.000
3,Chad Campbell,-1.000
3,K.J. Choi,-1.000
3,John Daly,-1.000
3,Luke Donald,-1.000
3,Tom Lehman,-1.000
3,Craig Lile,-1.000
3,Daisuke Maruyama,-1.000
3,Yusaku Miyazato,-1.000
3,Michael Putnam,-1.000
3,Rory Sabbatini,-1.000
3,Steve Stricker,-1.000
3,Bubba Watson,-1.000
3,Boo Weekley,-1.000
17,Craig Kanada,-.750
18,Ken Duke,-.667
18,Doug LaBelle II,-.667
18,Steve Lowery,-.667
21,Bart Bryant,-.500
21,Jason Dufner,-.500
21,Nathan Green,-.500
21,Ryuji Imada,-.500
21,Jerry Kelly,-.500
21,Jeff Maggert,-.500
21,Troy Matteson,-.500
21,Rod Pampling,-.500
21,Ted Purdy,-.500
21,Heath Slocum,-.500
21,Bo Van Pelt,-.500
32,Brett Quigley,-.400
33,Robert Garrigus,-.333
33,Charles Howell III,-.333
33,Trevor Immelman,-.333
33,Tim Petrovic,-.333
33,John Rollins,-.333
38,Eric Axley,E
38,Cameron Beckman,E
38,Rich Beem,E
38,Daniel Chopra,E
38,Gavin Coles,E
38,Joe Daley,E
38,Tadd Fujikawa,E
38,Paul Goydos,E
38,J.J. Henry,E
38,Cliff Kresge,E
38,Jarrod Lyle,E
38,Jesper Parnevik,E
38,Pat Perez,E
38,Jeff Quinney,E
38,David Toms,E
38,Johnson Wagner,E
38,Kaname Yokoo,E
55,Briny Baird,+.200
56,J.P. Hayes,+.500
57,Shane Bertsch,+1.000
57,Davis Love III,+1.000
57,George McNeill,+1.000
57,Azuma Yano,+1.000
