rank,player,Avg RTP
1,Joe Daley,-.667
1,Jarrod Lyle,-.667
3,Jim Furyk,-.625
3,John Rollins,-.625
5,Glen Day,-.600
5,Craig Lile,-.600
7,Jerry Kelly,-.556
8,J.P. Hayes,-.500
8,Craig Kanada,-.500
8,Pat Perez,-.500
8,Tim Petrovic,-.500
12,Charles Howell III,-.429
13,Robert Allenby,-.400
13,Geoff Ogilvy,-.400
13,John Senden,-.400
16,Paul Azinger,-.333
16,Brian Gay,-.333
16,Cliff Kresge,-.333
16,Doug LaBelle II,-.333
16,George McNeill,-.333
16,Jeff Sluman,-.333
16,Steve Stricker,-.333
23,Brett Quigley,-.308
23,Boo Weekley,-.308
25,Davis Love III,-.300
26,Luke Donald,-.286
26,Robert Garrigus,-.286
26,Ted Purdy,-.286
29,Steve Lowery,-.273
30,Eric Axley,-.250
30,Cameron Beckman,-.250
30,K.J. Choi,-.250
30,Rory Sabbatini,-.250
30,Vijay Singh,-.250
35,Shane Bertsch,-.222
35,John Daly,-.222
35,Paul Goydos,-.222
38,Bart Bryant,-.200
39,Briny Baird,-.182
40,Daniel Chopra,-.167
40,Gavin Coles,-.167
40,Steve Marino,-.167
40,Jesper Parnevik,-.167
44,Bubba Watson,-.154
45,Chad Campbell,-.143
45,Yusaku Miyazato,-.143
45,Bo Van Pelt,-.143
45,Azuma Yano,-.143
49,Jason Dufner,-.125
49,Johnson Wagner,-.125
51,Andrew Buckle,-.111
52,J.J. Henry,-.100
53,Harrison Frazar,E
53,Tadd Fujikawa,E
53,Ryuji Imada,E
53,Trevor Immelman,E
53,Tom Lehman,E
53,Will MacKenzie,E
53,Jeff Maggert,E
53,Daisuke Maruyama,E
53,Troy Matteson,E
53,Kenny Perry,E
53,Heath Slocum,E
53,David Toms,E
53,Kaname Yokoo,E
66,Rod Pampling,+.143
67,Michael Putnam,+.167
68,Rich Beem,+.250
69,David Branshaw,+.286
70,Jeff Quinney,+.300
71,Ken Duke,+.333
72,Nathan Green,+.400
