rank,player,Avg RTP
1,Paul Goydos,-.600
1,David Toms,-.600
3,Jarrod Lyle,-.571
4,Rich Beem,-.500
4,K.J. Choi,-.500
6,Paul Azinger,-.375
6,Cliff Kresge,-.375
6,Doug LaBelle II,-.375
6,Boo Weekley,-.375
10,Craig Kanada,-.333
10,Steve Lowery,-.333
10,George McNeill,-.333
10,Pat Perez,-.333
14,Will MacKenzie,-.286
14,Kenny Perry,-.286
14,Steve Stricker,-.286
17,John Daly,-.250
18,Shane Bertsch,-.222
19,Briny Baird,-.200
19,Daniel Chopra,-.200
19,Nathan Green,-.200
19,Charles Howell III,-.200
19,Craig Lile,-.200
24,Eric Axley,-.167
24,Chad Campbell,-.167
24,Robert Garrigus,-.167
24,Jeff Maggert,-.167
28,Andrew Buckle,-.143
28,Luke Donald,-.143
28,Yusaku Miyazato,-.143
28,Jesper Parnevik,-.143
32,Harrison Frazar,-.125
32,Jerry Kelly,-.125
34,Joe Daley,-.111
35,Robert Allenby,E
35,David Branshaw,E
35,Bart Bryant,E
35,Jason Dufner,E
35,Brian Gay,E
35,Ryuji Imada,E
35,Davis Love III,E
35,Daisuke Maruyama,E
35,Troy Matteson,E
35,Rod Pampling,E
35,Ted Purdy,E
35,Brett Quigley,E
35,John Rollins,E
35,John Senden,E
35,Jeff Sluman,E
35,Bo Van Pelt,E
35,Kaname Yokoo,E
52,Ken Duke,+.125
52,Michael Putnam,+.125
52,Rory Sabbatini,+.125
55,Trevor Immelman,+.143
55,Jeff Quinney,+.143
55,Johnson Wagner,+.143
58,Tadd Fujikawa,+.167
58,Tim Petrovic,+.167
58,Vijay Singh,+.167
58,Heath Slocum,+.167
58,Bubba Watson,+.167
63,Azuma Yano,+.200
64,Glen Day,+.250
64,Jim Furyk,+.250
64,J.P. Hayes,+.250
67,Gavin Coles,+.286
68,Tom Lehman,+.333
69,Geoff Ogilvy,+.400
70,J.J. Henry,+.500
70,Steve Marino,+.500
72,Cameron Beckman,+.750
