rank,player,Avg RTP
1,Briny Baird,-1.000
1,Brett Quigley,-1.000
1,Jeff Sluman,-1.000
4,Paul Azinger,-.500
4,David Branshaw,-.500
4,Charles Howell III,-.500
4,Trevor Immelman,-.500
4,Heath Slocum,-.500
4,Steve Stricker,-.500
10,Craig Lile,-.333
11,Troy Matteson,-.250
11,Kenny Perry,-.250
13,Robert Allenby,E
13,Eric Axley,E
13,Shane Bertsch,E
13,Bart Bryant,E
13,Andrew Buckle,E
13,K.J. Choi,E
13,Gavin Coles,E
13,John Daly,E
13,Glen Day,E
13,Luke Donald,E
13,Jason Dufner,E
13,Harrison Frazar,E
13,Tadd Fujikawa,E
13,Jim Furyk,E
13,Robert Garrigus,E
13,Brian Gay,E
13,Nathan Green,E
13,Ryuji Imada,E
13,Cliff Kresge,E
13,Doug LaBelle II,E
13,Tom Lehman,E
13,Davis Love III,E
13,Steve Lowery,E
13,Jeff Maggert,E
13,Daisuke Maruyama,E
13,George McNeill,E
13,Geoff Ogilvy,E
13,Jesper Parnevik,E
13,Pat Perez,E
13,Tim Petrovic,E
13,Ted Purdy,E
13,Jeff Quinney,E
13,John Rollins,E
13,Vijay Singh,E
13,Bubba Watson,E
13,Azuma Yano,E
49,Steve Marino,+.250
49,Boo Weekley,+.250
51,Ken Duke,+.333
51,J.P. Hayes,+.333
51,J.J. Henry,+.333
51,Yusaku Miyazato,+.333
51,Rod Pampling,+.333
56,Cameron Beckman,+.500
56,Michael Putnam,+.500
56,John Senden,+.500
59,Rich Beem,+.667
60,Jarrod Lyle,+1.000
60,Will MacKenzie,+1.000
60,David Toms,+1.000
60,Bo Van Pelt,+1.000
