rank,player,Avg RTP
1,Jim Furyk,-1.333
2,Robert Allenby,-1.000
2,Bart Bryant,-1.000
2,Chad Campbell,-1.000
2,Joe Daley,-1.000
2,Luke Donald,-1.000
2,Jason Dufner,-1.000
2,Nathan Green,-1.000
2,Ryuji Imada,-1.000
2,Davis Love III,-1.000
2,Steve Lowery,-1.000
2,Will MacKenzie,-1.000
2,Troy Matteson,-1.000
2,Rod Pampling,-1.000
2,Jesper Parnevik,-1.000
2,Jeff Quinney,-1.000
2,John Rollins,-1.000
2,Vijay Singh,-1.000
2,Steve Stricker,-1.000
2,David Toms,-1.000
2,Boo Weekley,-1.000
2,Azuma Yano,-1.000
23,Jerry Kelly,-.500
23,Tom Lehman,-.500
23,Craig Lile,-.500
23,Heath Slocum,-.500
23,Jeff Sluman,-.500
23,Bo Van Pelt,-.500
29,Brian Gay,-.333
30,Briny Baird,E
30,David Branshaw,E
30,Gavin Coles,E
30,Glen Day,E
30,Paul Goydos,E
30,Trevor Immelman,E
30,Craig Kanada,E
30,Doug LaBelle II,E
30,Yusaku Miyazato,E
30,Kenny Perry,E
30,Michael Putnam,E
30,Johnson Wagner,E
42,Jeff Maggert,+.333
43,Andrew Buckle,+.667
