rank,player,Avg RTP
1,David Toms,-.667
2,Jarrod Lyle,-.571
3,Rich Beem,-.556
3,Paul Goydos,-.556
5,K.J. Choi,-.500
6,Will MacKenzie,-.444
6,Boo Weekley,-.444
8,Steve Lowery,-.429
9,Paul Azinger,-.375
9,Cliff Kresge,-.375
9,Craig Lile,-.375
9,Troy Matteson,-.375
9,George McNeill,-.375
9,Steve Stricker,-.375
15,Luke Donald,-.333
15,Nathan Green,-.333
15,Doug LaBelle II,-.333
18,Chad Campbell,-.286
18,Craig Kanada,-.286
18,Pat Perez,-.286
21,John Daly,-.250
21,Davis Love III,-.250
21,Jesper Parnevik,-.250
21,Kenny Perry,-.250
21,John Rollins,-.250
21,Kaname Yokoo,-.250
27,Joe Daley,-.231
28,Shane Bertsch,-.222
28,Rod Pampling,-.222
30,Daniel Chopra,-.200
30,Charles Howell III,-.200
30,Jerry Kelly,-.200
33,Jim Furyk,-.182
34,Eric Axley,-.167
34,Briny Baird,-.167
34,Robert Garrigus,-.167
34,Brian Gay,-.167
38,Robert Allenby,-.143
38,Jason Dufner,-.143
38,Ryuji Imada,-.143
38,Bo Van Pelt,-.143
42,Harrison Frazar,-.125
43,Bart Bryant,-.111
43,Daisuke Maruyama,-.111
43,Yusaku Miyazato,-.111
46,Jeff Sluman,-.100
47,David Branshaw,E
47,Jeff Maggert,E
47,Ted Purdy,E
47,Brett Quigley,E
47,Jeff Quinney,E
47,John Senden,E
47,Vijay Singh,E
47,Heath Slocum,E
47,Azuma Yano,E
56,Andrew Buckle,+.100
57,Trevor Immelman,+.111
57,Michael Putnam,+.111
59,Ken Duke,+.125
59,Tom Lehman,+.125
59,Rory Sabbatini,+.125
59,Johnson Wagner,+.125
63,Glen Day,+.143
64,Tadd Fujikawa,+.167
64,Tim Petrovic,+.167
64,Bubba Watson,+.167
67,Gavin Coles,+.250
67,J.P. Hayes,+.250
69,Geoff Ogilvy,+.400
70,J.J. Henry,+.500
70,Steve Marino,+.500
72,Cameron Beckman,+.600
