rank,player,Avg RTP
1,K.J. Choi,-1.000
1,John Daly,-1.000
1,Paul Goydos,-1.000
1,J.P. Hayes,-1.000
1,Jerry Kelly,-1.000
1,Cliff Kresge,-1.000
1,Steve Marino,-1.000
1,Troy Matteson,-1.000
1,George McNeill,-1.000
1,Ted Purdy,-1.000
1,Brett Quigley,-1.000
1,Boo Weekley,-1.000
1,Azuma Yano,-1.000
14,Paul Azinger,-.500
14,Craig Lile,-.500
14,Jarrod Lyle,-.500
17,Briny Baird,E
17,Cameron Beckman,E
17,Shane Bertsch,E
17,David Branshaw,E
17,Andrew Buckle,E
17,Chad Campbell,E
17,Gavin Coles,E
17,Joe Daley,E
17,Harrison Frazar,E
17,Jim Furyk,E
17,Robert Garrigus,E
17,Nathan Green,E
17,Charles Howell III,E
17,Ryuji Imada,E
17,Trevor Immelman,E
17,Craig Kanada,E
17,Steve Lowery,E
17,Will MacKenzie,E
17,Daisuke Maruyama,E
17,Jesper Parnevik,E
17,Pat Perez,E
17,Michael Putnam,E
17,Rory Sabbatini,E
17,Vijay Singh,E
17,Heath Slocum,E
17,David Toms,E
17,Bo Van Pelt,E
44,Tom Lehman,+.500
45,Bubba Watson,+.667
46,Daniel Chopra,+1.000
46,Jeff Maggert,+1.000
46,Rod Pampling,+1.000
