rank,player,Avg RTP
1,Ryuji Imada,-1.000
2,Paul Azinger,-.667
3,Pat Perez,-.500
4,David Branshaw,-.333
4,Paul Goydos,-.333
4,Jesper Parnevik,-.333
7,Azuma Yano,-.286
8,Daniel Chopra,-.250
8,Glen Day,-.250
8,Jeff Maggert,-.250
8,Troy Matteson,-.250
12,Charles Howell III,-.222
13,Rich Beem,-.143
13,Jason Dufner,-.143
15,Will MacKenzie,-.125
16,Robert Allenby,E
16,Briny Baird,E
16,Cameron Beckman,E
16,Shane Bertsch,E
16,Bart Bryant,E
16,Andrew Buckle,E
16,Chad Campbell,E
16,Joe Daley,E
16,Luke Donald,E
16,Harrison Frazar,E
16,Jim Furyk,E
16,Nathan Green,E
16,J.J. Henry,E
16,Trevor Immelman,E
16,Craig Kanada,E
16,Jerry Kelly,E
16,Cliff Kresge,E
16,Davis Love III,E
16,Steve Lowery,E
16,Geoff Ogilvy,E
16,Tim Petrovic,E
16,Michael Putnam,E
16,Brett Quigley,E
16,Jeff Quinney,E
16,John Senden,E
16,Vijay Singh,E
16,David Toms,E
16,Bo Van Pelt,E
16,Johnson Wagner,E
16,Bubba Watson,E
16,Boo Weekley,E
47,George McNeill,+.091
48,J.P. Hayes,+.125
49,Ken Duke,+.143
49,Craig Lile,+.143
49,Steve Marino,+.143
52,Kenny Perry,+.167
53,K.J. Choi,+.200
53,Brian Gay,+.200
53,Yusaku Miyazato,+.200
53,Heath Slocum,+.200
53,Kaname Yokoo,+.200
58,Steve Stricker,+.222
59,Tom Lehman,+.250
59,Rod Pampling,+.250
61,John Daly,+.333
61,Doug LaBelle II,+.333
61,Jarrod Lyle,+.333
61,Rory Sabbatini,+.333
65,Robert Garrigus,+.375
66,Daisuke Maruyama,+.500
66,Jeff Sluman,+.500
68,Tadd Fujikawa,+.667
68,Ted Purdy,+.667
70,Eric Axley,+1.000
70,John Rollins,+1.000
