rank,player,Avg RTP
1,Tadd Fujikawa,-1.000
1,Nathan Green,-1.000
1,Bubba Watson,-1.000
4,Jason Dufner,-.667
5,Ken Duke,-.500
5,Paul Goydos,-.500
5,Jeff Maggert,-.500
5,Yusaku Miyazato,-.500
5,Rod Pampling,-.500
10,Bart Bryant,-.333
10,Harrison Frazar,-.333
10,J.P. Hayes,-.333
10,Heath Slocum,-.333
14,John Senden,-.200
15,Ryuji Imada,-.125
16,Robert Allenby,E
16,Paul Azinger,E
16,Briny Baird,E
16,Cameron Beckman,E
16,Chad Campbell,E
16,K.J. Choi,E
16,Daniel Chopra,E
16,Gavin Coles,E
16,John Daly,E
16,Doug LaBelle II,E
16,Craig Lile,E
16,Davis Love III,E
16,Jarrod Lyle,E
16,Troy Matteson,E
16,Geoff Ogilvy,E
16,Jesper Parnevik,E
16,Kenny Perry,E
16,John Rollins,E
16,Rory Sabbatini,E
16,Vijay Singh,E
16,David Toms,E
16,Bo Van Pelt,E
16,Johnson Wagner,E
39,Tim Petrovic,+.083
40,Steve Stricker,+.143
41,Charles Howell III,+.167
42,Joe Daley,+.200
42,Kaname Yokoo,+.200
44,Robert Garrigus,+.250
44,Craig Kanada,+.250
44,Steve Marino,+.250
44,Ted Purdy,+.250
48,Will MacKenzie,+.286
49,Andrew Buckle,+.333
49,Brian Gay,+.333
49,Jeff Quinney,+.333
52,Azuma Yano,+.400
53,Glen Day,+.500
53,Luke Donald,+.500
53,Steve Lowery,+.500
53,Michael Putnam,+.500
53,Brett Quigley,+.500
53,Jeff Sluman,+.500
53,Boo Weekley,+.500
60,Jim Furyk,+.600
61,Daisuke Maruyama,+.667
61,Pat Perez,+.667
63,Cliff Kresge,+.750
64,Shane Bertsch,+.800
65,Eric Axley,+1.000
65,Rich Beem,+1.000
65,David Branshaw,+1.000
65,Trevor Immelman,+1.000
65,Jerry Kelly,+1.000
65,George McNeill,+1.000
71,Tom Lehman,+1.333
