rank,player,Avg RTP
1,Cameron Beckman,-1.000
1,Joe Daley,-1.000
1,Charles Howell III,-1.000
1,Craig Kanada,-1.000
1,Jarrod Lyle,-1.000
1,Jeff Sluman,-1.000
1,Steve Stricker,-1.000
8,Pat Perez,-.750
8,Bubba Watson,-.750
10,Jason Dufner,-.667
10,Johnson Wagner,-.667
12,Glen Day,-.600
12,Brett Quigley,-.600
14,Robert Allenby,-.500
14,Gavin Coles,-.500
14,Jim Furyk,-.500
14,Robert Garrigus,-.500
14,Paul Goydos,-.500
14,Geoff Ogilvy,-.500
14,Tim Petrovic,-.500
14,Ted Purdy,-.500
22,Eric Axley,-.333
22,Cliff Kresge,-.333
22,John Senden,-.333
25,Davis Love III,-.250
25,Steve Marino,-.250
25,Vijay Singh,-.250
25,Bo Van Pelt,-.250
29,Shane Bertsch,-.200
30,Boo Weekley,-.167
31,Briny Baird,E
31,Bart Bryant,E
31,Andrew Buckle,E
31,Chad Campbell,E
31,K.J. Choi,E
31,Luke Donald,E
31,Ken Duke,E
31,Tadd Fujikawa,E
31,Brian Gay,E
31,Ryuji Imada,E
31,Tom Lehman,E
31,Steve Lowery,E
31,Jeff Maggert,E
31,Yusaku Miyazato,E
31,Rod Pampling,E
31,Jesper Parnevik,E
31,Kenny Perry,E
31,John Rollins,E
31,Rory Sabbatini,E
31,David Toms,E
31,Kaname Yokoo,E
52,Rich Beem,+.500
52,Troy Matteson,+.500
52,Jeff Quinney,+.500
55,John Daly,+1.000
55,Nathan Green,+1.000
