rank,player,Avg RTP
1,Charles Howell III,-.462
2,Jason Dufner,-.364
3,Steve Marino,-.333
4,Craig Kanada,-.300
5,Chad Campbell,-.273
5,Yusaku Miyazato,-.273
7,Rich Beem,-.250
8,K.J. Choi,-.231
8,Steve Stricker,-.231
10,Luke Donald,-.200
10,Trevor Immelman,-.200
10,Doug LaBelle II,-.200
10,Tim Petrovic,-.200
10,Michael Putnam,-.200
15,Robert Allenby,-.182
15,Daniel Chopra,-.182
15,Pat Perez,-.182
18,Shane Bertsch,-.167
18,Bart Bryant,-.167
18,Tadd Fujikawa,-.167
21,John Senden,-.154
21,David Toms,-.154
23,Craig Lile,-.143
24,Ted Purdy,-.133
25,Daisuke Maruyama,-.111
26,George McNeill,-.100
27,Paul Azinger,-.091
27,Jim Furyk,-.091
27,Robert Garrigus,-.091
27,J.P. Hayes,-.091
27,Bo Van Pelt,-.091
32,Harrison Frazar,-.083
32,Paul Goydos,-.083
32,Troy Matteson,-.083
32,Rory Sabbatini,-.083
36,Heath Slocum,-.077
37,Gavin Coles,E
37,Joe Daley,E
37,Brian Gay,E
37,J.J. Henry,E
37,Jerry Kelly,E
37,Steve Lowery,E
37,Jeff Maggert,E
37,Geoff Ogilvy,E
37,Jeff Quinney,E
37,Kaname Yokoo,E
47,Briny Baird,+.077
48,Bubba Watson,+.083
49,Cameron Beckman,+.091
49,Nathan Green,+.091
49,John Rollins,+.091
49,Vijay Singh,+.091
53,Eric Axley,+.100
53,David Branshaw,+.100
53,Rod Pampling,+.100
53,Jesper Parnevik,+.100
57,Tom Lehman,+.111
57,Kenny Perry,+.111
59,Andrew Buckle,+.154
60,Glen Day,+.167
60,Johnson Wagner,+.167
62,John Daly,+.182
62,Ken Duke,+.182
64,Ryuji Imada,+.200
64,Will MacKenzie,+.200
64,Boo Weekley,+.200
67,Cliff Kresge,+.222
68,Davis Love III,+.273
68,Jeff Sluman,+.273
68,Azuma Yano,+.273
71,Brett Quigley,+.364
72,Jarrod Lyle,+.400
