rank,player,Avg RTP
1,Joe Daley,-1.000
2,John Rollins,-.833
3,Jim Furyk,-.800
4,Craig Lile,-.667
5,Bart Bryant,-.500
5,Brian Gay,-.500
5,Craig Kanada,-.500
5,Jerry Kelly,-.500
5,Jarrod Lyle,-.500
5,Jeff Maggert,-.500
5,Pat Perez,-.500
5,Tim Petrovic,-.500
5,John Senden,-.500
5,Vijay Singh,-.500
15,Steve Lowery,-.429
16,Daniel Chopra,-.400
16,Charles Howell III,-.400
16,Rory Sabbatini,-.400
19,Robert Allenby,-.333
19,Shane Bertsch,-.333
19,Chad Campbell,-.333
19,Luke Donald,-.333
19,Doug LaBelle II,-.333
19,Tom Lehman,-.333
19,Davis Love III,-.333
19,Geoff Ogilvy,-.333
27,Briny Baird,-.286
28,Robert Garrigus,-.250
28,J.P. Hayes,-.250
28,Jesper Parnevik,-.250
31,Eric Axley,-.222
32,Jeff Sluman,-.200
32,Steve Stricker,-.200
34,K.J. Choi,-.167
34,John Daly,-.167
34,Yusaku Miyazato,-.167
34,Bubba Watson,-.167
38,Andrew Buckle,-.143
39,J.J. Henry,-.100
40,Paul Azinger,E
40,Cameron Beckman,E
40,Rich Beem,E
40,Gavin Coles,E
40,Harrison Frazar,E
40,Tadd Fujikawa,E
40,Paul Goydos,E
40,Ryuji Imada,E
40,Trevor Immelman,E
40,Cliff Kresge,E
40,Will MacKenzie,E
40,Steve Marino,E
40,Daisuke Maruyama,E
40,George McNeill,E
40,Rod Pampling,E
40,Kenny Perry,E
40,Ted Purdy,E
40,Brett Quigley,E
40,Heath Slocum,E
40,David Toms,E
40,Bo Van Pelt,E
40,Boo Weekley,E
40,Kaname Yokoo,E
63,Jeff Quinney,+.167
64,Jason Dufner,+.200
64,Johnson Wagner,+.200
64,Azuma Yano,+.200
67,Michael Putnam,+.250
68,David Branshaw,+.333
68,Nathan Green,+.333
70,Ken Duke,+.667
