rank,player,%,Total 3 Putts,Total Holes (overall)
1,Retief Goosen,.00,0,72
1,Matt Kuchar,.00,0,72
3,Nathan Green,1.39,1,72
3,Dustin Johnson,1.39,1,72
3,Ryan Moore,1.39,1,72
3,Geoff Ogilvy,1.39,1,72
3,Kenny Perry,1.39,1,72
3,John Rollins,1.39,1,72
9,Stephen Ames,2.78,2,72
9,Ángel Cabrera,2.78,2,72
9,Paul Casey,2.78,2,72
9,Brian Gay,2.78,2,72
9,Zach Johnson,2.78,2,72
9,Bo Van Pelt,2.78,2,72
15,Jerry Kelly,4.17,3,72
15,Troy Matteson,4.17,3,72
15,Heath Slocum,4.17,3,72
15,Steve Stricker,4.17,3,72
15,Nick Watney,4.17,3,72
20,Michael Bradley,5.56,4,72
20,Martin Laird,5.56,4,72
20,Sean O'Hair,5.56,4,72
20,Rory Sabbatini,5.56,4,72
20,Mark Wilson,5.56,4,72
25,Y.E. Yang,6.94,5,72
26,Lucas Glover,8.33,6,72
26,Pat Perez,8.33,6,72
28,Stewart Cink,9.72,7,72
