rank,player,Avg RTP
1,Robert Allenby,-1.000
1,Rich Barcelo,-1.000
1,Ricky Barnes,-1.000
1,Chad Campbell,-1.000
1,Tim Clark,-1.000
1,Jason Dufner,-1.000
1,Brian Gay,-1.000
1,Retief Goosen,-1.000
1,Richard Johnson,-1.000
1,David Lutterus,-1.000
1,John Merrick,-1.000
1,Kevin Na,-1.000
1,Vijay Singh,-1.000
1,Steve Stricker,-1.000
1,Brian Stuard,-1.000
1,David Toms,-1.000
1,Mark Wilson,-1.000
18,Michael Allen,-.500
18,Jim Carter,-.500
18,Paul Goydos,-.500
18,Nathan Green,-.500
18,Nick O'Hern,-.500
18,Dean Wilson,-.500
24,Omar Uresti,-.250
25,Woody Austin,E
25,Shane Bertsch,E
25,Mark Calcavecchia,E
25,Zach Johnson,E
25,Jeff Klauk,E
25,Tom Lehman,E
25,Marc Leishman,E
25,Corey Pavin,E
