rank,player,Avg RTP
1,Blake Adams,-.300
2,Ryan Palmer,-.278
3,Joe Ogilvie,-.240
4,Charles Howell III,-.238
5,Davis Love III,-.176
6,Robert Allenby,-.150
6,Ernie Els,-.150
6,David Toms,-.150
9,Brian Stuard,-.143
10,Steve Stricker,-.133
11,Stephen Ames,-.130
12,Dustin Johnson,-.111
13,Retief Goosen,-.100
13,Paul Goydos,-.100
13,Omar Uresti,-.100
16,Jason Day,-.091
17,Kevin Johnson,-.087
17,Troy Matteson,-.087
19,Briny Baird,-.067
19,Graham DeLaet,-.067
21,Chad Campbell,-.053
21,Kevin Na,-.053
23,Jason Dufner,-.048
23,Ryuji Imada,-.048
25,Carl Pettersson,-.037
26,Troy Merritt,-.036
27,WC Liang,-.034
28,Ángel Cabrera,E
28,Bob Estes,E
28,Martin Flores,E
28,Nathan Green,E
28,Jeff Klauk,E
28,Tom Lehman,E
28,Nick O'Hern,E
28,Pat Perez,E
28,Jeff Quinney,E
28,John Rollins,E
28,Justin Rose,E
28,Vijay Singh,E
28,Bubba Watson,E
28,Boo Weekley,E
42,Marc Leishman,+.034
43,David Lutterus,+.040
44,Tim Clark,+.042
45,Y.E. Yang,+.045
46,Tom Gillis,+.048
46,Spencer Levin,+.048
46,Mark Wilson,+.048
49,Shane Bertsch,+.050
49,Mark Calcavecchia,+.050
51,Brian Gay,+.063
52,Jeff Maggert,+.067
53,Richard Johnson,+.095
53,Rory Sabbatini,+.095
55,K.J. Choi,+.100
56,Corey Pavin,+.105
57,Stewart Cink,+.111
57,John Merrick,+.111
59,Henrik Bjornstad,+.130
60,Woody Austin,+.133
60,Zach Johnson,+.133
62,Chris Tidland,+.143
63,Ricky Barnes,+.148
64,Brian Davis,+.158
65,Michael Allen,+.200
65,Rich Barcelo,+.200
67,Jim Carter,+.211
67,Ryuichi Oda,+.211
67,Dean Wilson,+.211
70,Chad Collins,+.222
71,Roger Tambellini,+.250
