rank,player,Avg RTP
1,Rory Sabbatini,-.455
2,Zach Johnson,-.400
2,Carl Pettersson,-.400
4,Stephen Ames,-.364
5,Shane Bertsch,-.308
6,Ryan Palmer,-.300
7,Marc Leishman,-.273
7,Roger Tambellini,-.273
7,Mark Wilson,-.273
10,Michael Allen,-.222
10,Nathan Green,-.222
10,Omar Uresti,-.222
13,Dean Wilson,-.214
14,Henrik Bjornstad,-.188
14,Chad Collins,-.188
16,Ricky Barnes,-.182
16,K.J. Choi,-.182
16,Retief Goosen,-.182
19,Spencer Levin,-.167
19,Jeff Quinney,-.167
21,Tim Clark,-.154
22,Ángel Cabrera,-.143
22,Martin Flores,-.143
22,Paul Goydos,-.143
22,Charles Howell III,-.143
26,Rich Barcelo,-.125
26,Tom Gillis,-.125
26,Troy Matteson,-.125
26,Y.E. Yang,-.125
30,Jason Day,-.111
30,Troy Merritt,-.111
30,David Toms,-.111
33,Briny Baird,-.100
33,Jason Dufner,-.100
33,John Rollins,-.100
36,Brian Gay,-.083
36,Davis Love III,-.083
36,Jeff Maggert,-.083
39,Robert Allenby,-.071
39,Ernie Els,-.071
41,John Merrick,-.056
42,Woody Austin,E
42,Mark Calcavecchia,E
42,Stewart Cink,E
42,Graham DeLaet,E
42,Ryuji Imada,E
42,Dustin Johnson,E
42,Richard Johnson,E
42,Jeff Klauk,E
42,Tom Lehman,E
42,WC Liang,E
42,David Lutterus,E
42,Corey Pavin,E
42,Justin Rose,E
42,Steve Stricker,E
42,Chris Tidland,E
42,Bubba Watson,E
42,Boo Weekley,E
59,Chad Campbell,+.063
60,Pat Perez,+.067
61,Blake Adams,+.077
62,Kevin Na,+.083
63,Joe Ogilvie,+.100
64,Jim Carter,+.111
64,Ryuichi Oda,+.111
66,Bob Estes,+.133
66,Vijay Singh,+.133
68,Nick O'Hern,+.154
69,Kevin Johnson,+.182
70,Brian Davis,+.231
71,Brian Stuard,+.286
