rank,player,Avg RTP
1,Brian Davis,-1.000
2,Davis Love III,-.800
3,Nathan Green,-.667
3,David Lutterus,-.667
3,Carl Pettersson,-.667
6,Robert Allenby,-.600
7,Stewart Cink,-.500
7,Tom Gillis,-.500
7,Corey Pavin,-.500
10,Charles Howell III,-.429
11,Michael Allen,-.400
11,Tim Clark,-.400
11,Jason Dufner,-.400
11,Dustin Johnson,-.400
11,Mark Wilson,-.400
16,Briny Baird,-.333
16,Chad Collins,-.333
16,Martin Flores,-.333
16,Marc Leishman,-.333
16,Ryuichi Oda,-.333
16,Bubba Watson,-.333
22,John Rollins,-.286
23,Ricky Barnes,-.250
23,Graham DeLaet,-.250
23,Spencer Levin,-.250
23,Rory Sabbatini,-.250
27,Troy Merritt,-.200
27,Steve Stricker,-.200
29,Ryan Palmer,-.143
30,Blake Adams,E
30,Stephen Ames,E
30,Woody Austin,E
30,Rich Barcelo,E
30,Shane Bertsch,E
30,Henrik Bjornstad,E
30,Ángel Cabrera,E
30,Mark Calcavecchia,E
30,Chad Campbell,E
30,K.J. Choi,E
30,Jason Day,E
30,Ernie Els,E
30,Bob Estes,E
30,Brian Gay,E
30,Retief Goosen,E
30,Zach Johnson,E
30,Tom Lehman,E
30,WC Liang,E
30,John Merrick,E
30,Kevin Na,E
30,Nick O'Hern,E
30,Jeff Quinney,E
30,Justin Rose,E
30,Chris Tidland,E
30,David Toms,E
30,Omar Uresti,E
30,Boo Weekley,E
30,Dean Wilson,E
58,Troy Matteson,+.167
59,Roger Tambellini,+.200
60,Joe Ogilvie,+.250
61,Jeff Maggert,+.333
61,Vijay Singh,+.333
63,Kevin Johnson,+1.000
