rank,player,Avg RTP
1,Blake Adams,-1.000
1,Robert Allenby,-1.000
1,Kevin Johnson,-1.000
1,Dean Wilson,-1.000
5,Mark Calcavecchia,-.500
5,Chad Campbell,-.500
5,Chad Collins,-.500
8,Ernie Els,-.333
8,Dustin Johnson,-.333
8,Joe Ogilvie,-.333
11,Brian Stuard,-.250
11,Bubba Watson,-.250
13,Woody Austin,E
13,Briny Baird,E
13,Shane Bertsch,E
13,Ángel Cabrera,E
13,K.J. Choi,E
13,Stewart Cink,E
13,Tim Clark,E
13,Brian Davis,E
13,Jason Day,E
13,Graham DeLaet,E
13,Jason Dufner,E
13,Brian Gay,E
13,Tom Gillis,E
13,Retief Goosen,E
13,Nathan Green,E
13,Charles Howell III,E
13,Richard Johnson,E
13,Zach Johnson,E
13,Tom Lehman,E
13,WC Liang,E
13,Davis Love III,E
13,David Lutterus,E
13,Troy Matteson,E
13,John Merrick,E
13,Troy Merritt,E
13,Nick O'Hern,E
13,Ryan Palmer,E
13,Pat Perez,E
13,Carl Pettersson,E
13,John Rollins,E
13,Justin Rose,E
13,Vijay Singh,E
13,Chris Tidland,E
13,Omar Uresti,E
13,Mark Wilson,E
13,Y.E. Yang,E
49,Ryuichi Oda,+.333
49,Jeff Quinney,+.333
49,Boo Weekley,+.333
52,Marc Leishman,+.400
53,Rich Barcelo,+.500
53,Jim Carter,+.500
53,Spencer Levin,+.500
53,Roger Tambellini,+.500
57,Rory Sabbatini,+.750
58,Michael Allen,+2.000
58,Henrik Bjornstad,+2.000
