rank,player,Avg RTP
1,Michael Allen,-1.000
1,Robert Allenby,-1.000
1,K.J. Choi,-1.000
1,Richard Johnson,-1.000
1,Corey Pavin,-1.000
1,Rory Sabbatini,-1.000
7,Blake Adams,-.500
7,Roger Tambellini,-.500
9,David Lutterus,-.333
10,Stephen Ames,E
10,Woody Austin,E
10,Ricky Barnes,E
10,Shane Bertsch,E
10,Henrik Bjornstad,E
10,Mark Calcavecchia,E
10,Chad Campbell,E
10,Jason Dufner,E
10,Paul Goydos,E
10,Ryuji Imada,E
10,Dustin Johnson,E
10,Tom Lehman,E
10,Marc Leishman,E
10,Spencer Levin,E
10,Davis Love III,E
10,Jeff Maggert,E
10,Kevin Na,E
10,Joe Ogilvie,E
10,Ryan Palmer,E
10,Pat Perez,E
10,Carl Pettersson,E
10,Jeff Quinney,E
10,John Rollins,E
10,Brian Stuard,E
10,Chris Tidland,E
10,Boo Weekley,E
10,Dean Wilson,E
10,Y.E. Yang,E
38,Stewart Cink,+.333
39,Briny Baird,+.500
39,Ángel Cabrera,+.500
39,Ernie Els,+.500
39,Martin Flores,+.500
39,Brian Gay,+.500
39,Tom Gillis,+.500
39,Troy Matteson,+.500
39,Ryuichi Oda,+.500
39,Bubba Watson,+.500
48,Rich Barcelo,+.667
49,Jeff Klauk,+.750
50,Jim Carter,+1.000
50,Graham DeLaet,+1.000
50,Bob Estes,+1.000
50,Kevin Johnson,+1.000
50,WC Liang,+1.000
50,Nick O'Hern,+1.000
