rank,player,Avg RTP
1,Tim Clark,-1.000
1,Ernie Els,-1.000
1,Martin Flores,-1.000
1,Brian Gay,-1.000
1,Tom Gillis,-1.000
1,Ryuji Imada,-1.000
1,Kevin Johnson,-1.000
1,Tom Lehman,-1.000
1,David Lutterus,-1.000
1,Justin Rose,-1.000
1,Steve Stricker,-1.000
1,Dean Wilson,-1.000
1,Mark Wilson,-1.000
14,Zach Johnson,-.667
14,John Merrick,-.667
14,Kevin Na,-.667
17,Robert Allenby,-.500
17,Chad Campbell,-.500
17,Jeff Klauk,-.500
17,John Rollins,-.500
17,Bubba Watson,-.500
22,Bob Estes,-.400
23,Shane Bertsch,-.333
23,Nick O'Hern,-.333
23,Ryan Palmer,-.333
23,Omar Uresti,-.333
23,Y.E. Yang,-.333
28,Rich Barcelo,-.250
28,Jim Carter,-.250
30,Michael Allen,E
30,Stephen Ames,E
30,Woody Austin,E
30,Ricky Barnes,E
30,K.J. Choi,E
30,Chad Collins,E
30,Graham DeLaet,E
30,Jason Dufner,E
30,Retief Goosen,E
30,Paul Goydos,E
30,Dustin Johnson,E
30,Spencer Levin,E
30,Jeff Maggert,E
30,Troy Merritt,E
30,Ryuichi Oda,E
30,Joe Ogilvie,E
30,Rory Sabbatini,E
30,Vijay Singh,E
30,Brian Stuard,E
30,Chris Tidland,E
30,David Toms,E
30,Boo Weekley,E
52,Blake Adams,+.333
52,Brian Davis,+.333
54,Briny Baird,+.500
54,Nathan Green,+.500
54,Pat Perez,+.500
57,Troy Matteson,+2.000
