rank,player,Avg RTP
1,Chad Collins,-.500
1,Jason Dufner,-.500
1,Brian Stuard,-.500
4,Briny Baird,-.429
4,Ernie Els,-.429
6,Nathan Green,-.400
6,Joe Ogilvie,-.400
6,Jeff Quinney,-.400
6,John Rollins,-.400
10,Nick O'Hern,-.375
11,Woody Austin,-.333
11,Tom Lehman,-.333
11,Kevin Na,-.333
11,Justin Rose,-.333
11,Steve Stricker,-.333
16,Pat Perez,-.286
16,Chris Tidland,-.286
18,Michael Allen,-.250
18,Shane Bertsch,-.250
18,Troy Merritt,-.250
18,Vijay Singh,-.250
22,Tim Clark,-.222
22,Retief Goosen,-.222
22,Zach Johnson,-.222
22,John Merrick,-.222
26,Paul Goydos,-.214
27,Stewart Cink,-.200
27,Richard Johnson,-.200
27,Spencer Levin,-.200
30,Omar Uresti,-.182
31,Chad Campbell,-.167
31,Ryuji Imada,-.167
31,Davis Love III,-.167
31,Troy Matteson,-.167
31,David Toms,-.167
36,Rich Barcelo,-.143
36,Tom Gillis,-.143
38,Boo Weekley,-.125
39,Mark Calcavecchia,-.111
39,Jeff Maggert,-.111
41,Jim Carter,-.100
42,Dean Wilson,-.091
43,Blake Adams,E
43,Robert Allenby,E
43,Stephen Ames,E
43,Ricky Barnes,E
43,Ángel Cabrera,E
43,K.J. Choi,E
43,Jason Day,E
43,Bob Estes,E
43,Brian Gay,E
43,Charles Howell III,E
43,Dustin Johnson,E
43,Kevin Johnson,E
43,Marc Leishman,E
43,WC Liang,E
43,David Lutterus,E
43,Corey Pavin,E
43,Carl Pettersson,E
43,Rory Sabbatini,E
43,Bubba Watson,E
43,Mark Wilson,E
43,Y.E. Yang,E
64,Roger Tambellini,+.143
65,Henrik Bjornstad,+.200
65,Brian Davis,+.200
65,Graham DeLaet,+.200
65,Jeff Klauk,+.200
69,Martin Flores,+.250
69,Ryuichi Oda,+.250
71,Ryan Palmer,+.400
