rank,player,Avg RTP
1,Ángel Cabrera,-1.000
1,K.J. Choi,-1.000
1,Kevin Na,-1.000
1,Corey Pavin,-1.000
1,John Rollins,-1.000
1,Boo Weekley,-1.000
7,Chad Campbell,-.667
7,Graham DeLaet,-.667
7,Omar Uresti,-.667
10,Vijay Singh,-.600
11,Steve Stricker,-.500
11,Bubba Watson,-.500
11,Y.E. Yang,-.500
14,Martin Flores,-.400
14,Joe Ogilvie,-.400
16,Briny Baird,-.333
16,Jason Day,-.333
16,Ryuji Imada,-.333
16,Marc Leishman,-.333
16,Davis Love III,-.333
16,Troy Matteson,-.333
16,Jeff Quinney,-.333
23,Jim Carter,-.250
23,Brian Stuard,-.250
23,David Toms,-.250
26,Kevin Johnson,-.200
27,Robert Allenby,E
27,Stephen Ames,E
27,Rich Barcelo,E
27,Shane Bertsch,E
27,Henrik Bjornstad,E
27,Jason Dufner,E
27,Ernie Els,E
27,Bob Estes,E
27,Retief Goosen,E
27,Paul Goydos,E
27,Nathan Green,E
27,Charles Howell III,E
27,Dustin Johnson,E
27,Richard Johnson,E
27,Zach Johnson,E
27,Jeff Klauk,E
27,Spencer Levin,E
27,WC Liang,E
27,David Lutterus,E
27,John Merrick,E
27,Nick O'Hern,E
27,Pat Perez,E
27,Justin Rose,E
27,Rory Sabbatini,E
27,Roger Tambellini,E
27,Chris Tidland,E
53,Ricky Barnes,+.167
54,Tom Gillis,+.200
54,Troy Merritt,+.200
56,Blake Adams,+.250
56,Mark Calcavecchia,+.250
56,Tim Clark,+.250
59,Chad Collins,+.333
59,Ryuichi Oda,+.333
59,Carl Pettersson,+.333
62,Woody Austin,+.429
63,Brian Davis,+.500
64,Stewart Cink,+.667
64,Tom Lehman,+.667
66,Michael Allen,+1.000
66,Dean Wilson,+1.000
66,Mark Wilson,+1.000
