rank,player,Avg RTP
1,Nathan Green,-1.000
1,Richard Johnson,-1.000
3,Blake Adams,-.667
4,Robert Allenby,-.500
4,Carl Pettersson,-.500
6,K.J. Choi,-.400
7,Michael Allen,-.333
7,Woody Austin,-.333
7,Jason Day,-.333
7,David Lutterus,-.333
11,Jeff Maggert,-.250
11,Rory Sabbatini,-.250
13,Stephen Ames,E
13,Briny Baird,E
13,Ricky Barnes,E
13,Henrik Bjornstad,E
13,Ángel Cabrera,E
13,Mark Calcavecchia,E
13,Brian Davis,E
13,Retief Goosen,E
13,Paul Goydos,E
13,Ryuji Imada,E
13,Dustin Johnson,E
13,Tom Lehman,E
13,Marc Leishman,E
13,Davis Love III,E
13,Troy Matteson,E
13,John Merrick,E
13,Corey Pavin,E
13,Pat Perez,E
13,Jeff Quinney,E
13,Justin Rose,E
13,Brian Stuard,E
13,Chris Tidland,E
13,Dean Wilson,E
13,Y.E. Yang,E
37,Kevin Na,+.200
38,Stewart Cink,+.250
38,Joe Ogilvie,+.250
38,Roger Tambellini,+.250
41,Graham DeLaet,+.333
41,Martin Flores,+.333
41,Brian Gay,+.333
41,Tom Gillis,+.333
41,Spencer Levin,+.333
41,Ryuichi Oda,+.333
41,Steve Stricker,+.333
41,Bubba Watson,+.333
41,Boo Weekley,+.333
50,Rich Barcelo,+.500
50,Shane Bertsch,+.500
50,Chad Campbell,+.500
50,Ernie Els,+.500
50,Ryan Palmer,+.500
50,John Rollins,+.500
56,Jason Dufner,+.667
57,Bob Estes,+.750
57,Jeff Klauk,+.750
59,Jim Carter,+1.000
59,Kevin Johnson,+1.000
59,Zach Johnson,+1.000
59,WC Liang,+1.000
59,Nick O'Hern,+1.000
59,Vijay Singh,+1.000
59,David Toms,+1.000
