rank,player,Avg RTP
1,Jason Dufner,-.429
1,Ernie Els,-.429
1,Tom Lehman,-.429
4,Woody Austin,-.400
4,Joe Ogilvie,-.400
4,Brian Stuard,-.400
7,Nathan Green,-.375
8,Chad Collins,-.333
8,Nick O'Hern,-.333
8,Justin Rose,-.333
11,Shane Bertsch,-.286
11,Pat Perez,-.286
11,Chris Tidland,-.286
14,Troy Merritt,-.250
14,Kevin Na,-.250
14,Jeff Quinney,-.250
14,John Rollins,-.250
18,Stewart Cink,-.200
18,Spencer Levin,-.200
18,Steve Stricker,-.200
21,Ryuji Imada,-.167
21,Kevin Johnson,-.167
21,Troy Matteson,-.167
24,Tim Clark,-.143
24,Tom Gillis,-.143
24,Zach Johnson,-.143
24,Vijay Singh,-.143
24,Omar Uresti,-.143
29,Mark Calcavecchia,-.125
29,Jeff Maggert,-.125
29,John Merrick,-.125
29,Boo Weekley,-.125
33,Paul Goydos,-.100
34,Blake Adams,E
34,Michael Allen,E
34,Briny Baird,E
34,Rich Barcelo,E
34,Ángel Cabrera,E
34,Chad Campbell,E
34,K.J. Choi,E
34,Jason Day,E
34,Bob Estes,E
34,Retief Goosen,E
34,Charles Howell III,E
34,Dustin Johnson,E
34,Marc Leishman,E
34,WC Liang,E
34,Davis Love III,E
34,Carl Pettersson,E
34,Rory Sabbatini,E
34,Bubba Watson,E
34,Dean Wilson,E
34,Y.E. Yang,E
54,Corey Pavin,+.100
55,Stephen Ames,+.125
56,Robert Allenby,+.143
56,Jim Carter,+.143
56,Roger Tambellini,+.143
59,Brian Gay,+.167
59,Richard Johnson,+.167
59,David Lutterus,+.167
59,Mark Wilson,+.167
63,Henrik Bjornstad,+.200
63,Brian Davis,+.200
63,Graham DeLaet,+.200
66,Ricky Barnes,+.250
66,Martin Flores,+.250
66,Jeff Klauk,+.250
66,Ryuichi Oda,+.250
66,David Toms,+.250
71,Ryan Palmer,+.400
