rank,player,Avg RTP
1,Briny Baird,-1.000
1,Nathan Green,-1.000
1,Jeff Maggert,-1.000
1,Carl Pettersson,-1.000
5,Woody Austin,-.500
6,K.J. Choi,-.250
7,Michael Allen,E
7,Robert Allenby,E
7,Rich Barcelo,E
7,Ricky Barnes,E
7,Henrik Bjornstad,E
7,Mark Calcavecchia,E
7,Brian Davis,E
7,Jason Day,E
7,Graham DeLaet,E
7,Martin Flores,E
7,Tom Gillis,E
7,Retief Goosen,E
7,Davis Love III,E
7,Ryuichi Oda,E
7,Joe Ogilvie,E
7,Pat Perez,E
7,Justin Rose,E
7,Rory Sabbatini,E
7,Chris Tidland,E
7,Bubba Watson,E
7,Boo Weekley,E
7,Dean Wilson,E
29,Kevin Na,+.333
29,Steve Stricker,+.333
31,Shane Bertsch,+1.000
31,Jason Dufner,+1.000
31,Zach Johnson,+1.000
31,Spencer Levin,+1.000
31,John Merrick,+1.000
31,Vijay Singh,+1.000
31,Roger Tambellini,+1.000
31,David Toms,+1.000
