rank,player,Avg RTP
1,K.J. Choi,-1.000
1,Boo Weekley,-1.000
1,Y.E. Yang,-1.000
4,Vijay Singh,-.833
5,Joe Ogilvie,-.750
6,Omar Uresti,-.600
7,Steve Stricker,-.571
8,Ángel Cabrera,-.500
8,Jason Day,-.500
8,Dustin Johnson,-.500
8,Marc Leishman,-.500
8,WC Liang,-.500
8,Kevin Na,-.500
8,Ryan Palmer,-.500
8,Pat Perez,-.500
8,John Rollins,-.500
17,Martin Flores,-.429
17,Nick O'Hern,-.429
19,Shane Bertsch,-.400
19,Davis Love III,-.400
21,Ernie Els,-.333
21,Brian Stuard,-.333
23,Nathan Green,-.286
23,Ryuji Imada,-.286
23,Kevin Johnson,-.286
26,Stephen Ames,-.250
26,Troy Matteson,-.250
26,Roger Tambellini,-.250
26,David Toms,-.250
30,Briny Baird,-.200
30,Ricky Barnes,-.200
30,Graham DeLaet,-.200
30,Richard Johnson,-.200
30,Zach Johnson,-.200
30,Jeff Quinney,-.200
36,Henrik Bjornstad,-.167
36,Chad Campbell,-.167
36,Retief Goosen,-.167
36,Justin Rose,-.167
40,Tom Gillis,-.143
40,Jeff Klauk,-.143
40,Carl Pettersson,-.143
43,Charles Howell III,-.125
44,Tim Clark,-.111
44,Bob Estes,-.111
46,Robert Allenby,E
46,Rich Barcelo,E
46,Mark Calcavecchia,E
46,Jim Carter,E
46,Jason Dufner,E
46,Brian Gay,E
46,Paul Goydos,E
46,Tom Lehman,E
46,Spencer Levin,E
46,David Lutterus,E
46,Jeff Maggert,E
46,Troy Merritt,E
46,Corey Pavin,E
46,Rory Sabbatini,E
46,Chris Tidland,E
46,Mark Wilson,E
62,Woody Austin,+.083
63,John Merrick,+.167
64,Blake Adams,+.200
65,Brian Davis,+.250
65,Ryuichi Oda,+.250
65,Bubba Watson,+.250
68,Michael Allen,+.333
68,Chad Collins,+.333
70,Stewart Cink,+.400
71,Dean Wilson,+.600
