rank,player,Avg RTP
1,David Lutterus,-.800
2,Justin Rose,-.750
3,Tom Lehman,-.667
3,Davis Love III,-.667
3,Dean Wilson,-.667
6,Robert Allenby,-.625
7,Marc Leishman,-.571
7,Carl Pettersson,-.571
9,Ryuji Imada,-.500
9,Zach Johnson,-.500
9,Mark Wilson,-.500
12,Brian Gay,-.429
12,Tom Gillis,-.429
14,Henrik Bjornstad,-.400
14,Martin Flores,-.400
14,John Merrick,-.400
17,Tim Clark,-.375
17,Dustin Johnson,-.375
17,Steve Stricker,-.375
20,Stewart Cink,-.333
20,John Rollins,-.333
22,Bubba Watson,-.286
23,Michael Allen,-.250
23,Bob Estes,-.250
23,Charles Howell III,-.250
23,Kevin Na,-.250
23,Y.E. Yang,-.250
28,Jason Dufner,-.222
29,Jim Carter,-.200
29,Brian Davis,-.200
29,Ernie Els,-.200
29,Jeff Klauk,-.200
29,Rory Sabbatini,-.200
34,Ryan Palmer,-.182
35,Briny Baird,-.167
35,Ricky Barnes,-.167
35,Chad Collins,-.167
38,Chad Campbell,-.143
38,Graham DeLaet,-.143
38,Nathan Green,-.143
38,Spencer Levin,-.143
38,Nick O'Hern,-.143
38,Chris Tidland,-.143
44,Shane Bertsch,-.125
44,Troy Merritt,-.125
46,Rich Barcelo,-.111
46,WC Liang,-.111
46,Ryuichi Oda,-.111
49,Omar Uresti,-.091
50,Stephen Ames,E
50,Woody Austin,E
50,Mark Calcavecchia,E
50,K.J. Choi,E
50,Jason Day,E
50,Retief Goosen,E
50,Paul Goydos,E
50,Corey Pavin,E
50,Jeff Quinney,E
50,Roger Tambellini,E
50,David Toms,E
50,Boo Weekley,E
62,Blake Adams,+.111
63,Jeff Maggert,+.143
64,Ángel Cabrera,+.167
64,Joe Ogilvie,+.167
64,Vijay Singh,+.167
67,Brian Stuard,+.200
68,Kevin Johnson,+.250
69,Pat Perez,+.333
70,Troy Matteson,+.375
