rank,player,Avg RTP
1,Kevin Na,-.500
1,Bubba Watson,-.500
3,Retief Goosen,-.455
4,Brian Gay,-.444
5,Chad Campbell,-.429
5,Carl Pettersson,-.429
7,Corey Pavin,-.400
7,Jeff Quinney,-.400
7,Steve Stricker,-.400
10,Robert Allenby,-.375
10,Graham DeLaet,-.375
10,Troy Merritt,-.375
13,Mark Calcavecchia,-.333
13,Kevin Johnson,-.333
13,Ryan Palmer,-.333
13,Mark Wilson,-.333
17,Jason Day,-.286
17,Nathan Green,-.286
17,Richard Johnson,-.286
17,Jeff Klauk,-.286
21,Charles Howell III,-.273
22,Zach Johnson,-.267
23,Vijay Singh,-.250
24,Ángel Cabrera,-.222
24,Omar Uresti,-.222
26,Briny Baird,-.214
27,Blake Adams,-.200
27,Stephen Ames,-.200
27,Ryuji Imada,-.200
27,Spencer Levin,-.200
27,WC Liang,-.200
27,Joe Ogilvie,-.200
27,Dean Wilson,-.200
34,John Merrick,-.167
35,Brian Davis,-.154
35,David Toms,-.154
37,Michael Allen,-.143
37,Ernie Els,-.143
37,Martin Flores,-.143
37,Dustin Johnson,-.143
41,Y.E. Yang,-.133
42,Troy Matteson,-.125
42,Nick O'Hern,-.125
42,John Rollins,-.125
45,Paul Goydos,-.118
46,Stewart Cink,-.111
46,Rory Sabbatini,-.111
48,K.J. Choi,-.100
48,Jason Dufner,-.100
48,Brian Stuard,-.100
51,Jim Carter,-.091
51,Tom Lehman,-.091
51,Davis Love III,-.091
54,Tom Gillis,-.063
55,Rich Barcelo,E
55,Ricky Barnes,E
55,Shane Bertsch,E
55,Henrik Bjornstad,E
55,Chad Collins,E
55,Bob Estes,E
55,David Lutterus,E
55,Jeff Maggert,E
55,Ryuichi Oda,E
55,Pat Perez,E
55,Justin Rose,E
55,Roger Tambellini,E
55,Chris Tidland,E
55,Boo Weekley,E
69,Tim Clark,+.125
70,Woody Austin,+.143
71,Marc Leishman,+.333
