rank,player,Avg RTP
1,David Toms,-1.000
2,Justin Rose,-.667
3,Stephen Ames,-.500
3,Briny Baird,-.500
3,Ángel Cabrera,-.500
6,Troy Merritt,-.429
7,Omar Uresti,-.400
8,Blake Adams,-.375
9,Robert Allenby,-.333
9,Jason Dufner,-.333
9,Zach Johnson,-.333
9,Steve Stricker,-.333
9,Chris Tidland,-.333
14,John Merrick,-.250
14,Rory Sabbatini,-.250
16,Spencer Levin,-.200
17,Michael Allen,-.167
17,Ryan Palmer,-.167
19,Retief Goosen,-.143
20,Jeff Klauk,-.111
20,Troy Matteson,-.111
22,WC Liang,-.100
23,Ricky Barnes,E
23,Shane Bertsch,E
23,Henrik Bjornstad,E
23,Mark Calcavecchia,E
23,Chad Campbell,E
23,Stewart Cink,E
23,Tim Clark,E
23,Brian Davis,E
23,Jason Day,E
23,Ernie Els,E
23,Bob Estes,E
23,Charles Howell III,E
23,Ryuji Imada,E
23,Kevin Johnson,E
23,Richard Johnson,E
23,Tom Lehman,E
23,Davis Love III,E
23,David Lutterus,E
23,Kevin Na,E
23,Ryuichi Oda,E
23,Corey Pavin,E
23,Pat Perez,E
23,Jeff Quinney,E
23,Brian Stuard,E
23,Roger Tambellini,E
23,Boo Weekley,E
23,Dean Wilson,E
23,Mark Wilson,E
51,Graham DeLaet,+.083
52,Martin Flores,+.100
53,Carl Pettersson,+.143
54,Tom Gillis,+.167
54,Marc Leishman,+.167
56,Woody Austin,+.200
56,Nathan Green,+.200
56,John Rollins,+.200
59,Jeff Maggert,+.250
60,Rich Barcelo,+.286
60,Dustin Johnson,+.286
62,Chad Collins,+.333
62,Joe Ogilvie,+.333
62,Vijay Singh,+.333
65,Y.E. Yang,+.400
66,Jim Carter,+.500
66,K.J. Choi,+.500
66,Brian Gay,+.500
66,Nick O'Hern,+.500
66,Bubba Watson,+.500
