rank,player,Avg RTP
1,Michael Allen,-1.000
1,Ricky Barnes,-1.000
1,Shane Bertsch,-1.000
1,Ángel Cabrera,-1.000
1,Tom Gillis,-1.000
1,Ryuji Imada,-1.000
1,Kevin Johnson,-1.000
1,Jeff Klauk,-1.000
1,Tom Lehman,-1.000
1,Marc Leishman,-1.000
1,WC Liang,-1.000
1,Davis Love III,-1.000
1,Troy Merritt,-1.000
1,Nick O'Hern,-1.000
1,Corey Pavin,-1.000
1,Pat Perez,-1.000
1,Jeff Quinney,-1.000
18,Woody Austin,-.500
18,Carl Pettersson,-.500
20,Kevin Na,-.333
21,Stephen Ames,E
21,Briny Baird,E
21,Tim Clark,E
21,Paul Goydos,E
21,Nathan Green,E
21,Zach Johnson,E
21,John Merrick,E
21,Mark Wilson,E
29,Rich Barcelo,+1.000
29,Jim Carter,+1.000
29,Brian Gay,+1.000
