rank,player,Avg RTP
1,Ryan Palmer,-.375
2,Chad Campbell,-.357
3,Spencer Levin,-.333
4,Roger Tambellini,-.308
5,K.J. Choi,-.300
5,Nick O'Hern,-.300
7,Ángel Cabrera,-.273
7,Mark Calcavecchia,-.273
7,Ryuichi Oda,-.273
10,WC Liang,-.250
11,Tom Lehman,-.222
12,Woody Austin,-.182
12,Chad Collins,-.182
12,Chris Tidland,-.182
12,Boo Weekley,-.182
16,Brian Davis,-.167
17,Rich Barcelo,-.154
17,Pat Perez,-.154
17,Brian Stuard,-.154
20,Kevin Johnson,-.133
21,Tom Gillis,-.111
21,John Merrick,-.111
23,Graham DeLaet,-.100
24,Robert Allenby,-.091
24,Stewart Cink,-.091
24,John Rollins,-.091
27,Troy Matteson,-.083
27,Vijay Singh,-.083
27,Steve Stricker,-.083
30,Shane Bertsch,-.077
31,Corey Pavin,-.071
32,Jim Carter,-.067
33,Richard Johnson,-.063
34,Dustin Johnson,-.059
35,Michael Allen,E
35,Ricky Barnes,E
35,Tim Clark,E
35,Jason Dufner,E
35,Ernie Els,E
35,Martin Flores,E
35,Retief Goosen,E
35,Charles Howell III,E
35,Troy Merritt,E
35,Jeff Quinney,E
35,Justin Rose,E
46,Briny Baird,+.067
47,Dean Wilson,+.077
48,Nathan Green,+.091
48,Rory Sabbatini,+.091
48,Y.E. Yang,+.091
51,Stephen Ames,+.100
51,Jeff Klauk,+.100
51,Davis Love III,+.100
51,Jeff Maggert,+.100
51,Carl Pettersson,+.100
51,Omar Uresti,+.100
51,Bubba Watson,+.100
58,Brian Gay,+.118
59,Bob Estes,+.143
60,Blake Adams,+.154
60,David Toms,+.154
62,Ryuji Imada,+.167
62,Mark Wilson,+.167
64,Marc Leishman,+.200
65,Henrik Bjornstad,+.250
65,Jason Day,+.250
65,Paul Goydos,+.250
68,Joe Ogilvie,+.300
69,Zach Johnson,+.333
70,David Lutterus,+.364
71,Kevin Na,+.417
