rank,player,Avg RTP
1,Blake Adams,-1.000
1,Robert Allenby,-1.000
1,Ryan Palmer,-1.000
4,Ernie Els,-.500
5,Graham DeLaet,-.333
5,Jason Dufner,-.333
7,Corey Pavin,-.200
8,Rory Sabbatini,-.167
9,Briny Baird,E
9,Bob Estes,E
9,Martin Flores,E
9,Brian Gay,E
9,Retief Goosen,E
9,Paul Goydos,E
9,Nathan Green,E
9,Charles Howell III,E
9,Dustin Johnson,E
9,Tom Lehman,E
9,Marc Leishman,E
9,Davis Love III,E
9,Troy Matteson,E
9,John Merrick,E
9,Troy Merritt,E
9,Joe Ogilvie,E
9,Carl Pettersson,E
9,Justin Rose,E
9,Brian Stuard,E
9,David Toms,E
9,Bubba Watson,E
9,Boo Weekley,E
9,Mark Wilson,E
32,Kevin Johnson,+.167
32,David Lutterus,+.167
34,Stephen Ames,+.200
34,Stewart Cink,+.200
34,Omar Uresti,+.200
37,Jeff Quinney,+.222
38,Jason Day,+.250
38,Spencer Levin,+.250
38,Dean Wilson,+.250
41,Jim Carter,+.286
42,Brian Davis,+.333
42,Tom Gillis,+.333
42,WC Liang,+.333
42,Nick O'Hern,+.333
42,Pat Perez,+.333
42,John Rollins,+.333
42,Vijay Singh,+.333
49,Ryuji Imada,+.400
50,Michael Allen,+.500
50,Rich Barcelo,+.500
50,Ricky Barnes,+.500
50,Henrik Bjornstad,+.500
50,K.J. Choi,+.500
50,Tim Clark,+.500
50,Chad Collins,+.500
50,Richard Johnson,+.500
50,Jeff Klauk,+.500
50,Ryuichi Oda,+.500
50,Chris Tidland,+.500
61,Ángel Cabrera,+.667
61,Jeff Maggert,+.667
61,Kevin Na,+.667
61,Steve Stricker,+.667
61,Y.E. Yang,+.667
66,Roger Tambellini,+.800
67,Woody Austin,+1.000
67,Shane Bertsch,+1.000
67,Mark Calcavecchia,+1.000
67,Chad Campbell,+1.000
67,Zach Johnson,+1.000
