rank,player,Avg RTP
1,Robert Allenby,-1.000
1,Briny Baird,-1.000
1,Roger Tambellini,-1.000
4,Marc Leishman,-.750
5,Henrik Bjornstad,-.667
6,Dustin Johnson,-.500
6,Zach Johnson,-.500
6,WC Liang,-.500
6,Carl Pettersson,-.500
6,Chris Tidland,-.500
11,Brian Gay,-.400
12,Blake Adams,E
12,Michael Allen,E
12,Woody Austin,E
12,Ricky Barnes,E
12,Shane Bertsch,E
12,Jim Carter,E
12,K.J. Choi,E
12,Stewart Cink,E
12,Tim Clark,E
12,Chad Collins,E
12,Jason Day,E
12,Graham DeLaet,E
12,Jason Dufner,E
12,Bob Estes,E
12,Martin Flores,E
12,Tom Gillis,E
12,Paul Goydos,E
12,Nathan Green,E
12,Ryuji Imada,E
12,Kevin Johnson,E
12,Jeff Klauk,E
12,Spencer Levin,E
12,Davis Love III,E
12,Jeff Maggert,E
12,Troy Matteson,E
12,Troy Merritt,E
12,Nick O'Hern,E
12,Ryan Palmer,E
12,Pat Perez,E
12,Vijay Singh,E
12,Steve Stricker,E
12,David Toms,E
12,Bubba Watson,E
12,Mark Wilson,E
12,Y.E. Yang,E
47,Brian Stuard,+.250
48,Ángel Cabrera,+.500
48,Corey Pavin,+.500
50,Chad Campbell,+1.000
50,Charles Howell III,+1.000
50,Ryuichi Oda,+1.000
