rank,player,Avg RTP
1,WC Liang,-2.000
1,Vijay Singh,-2.000
1,Y.E. Yang,-2.000
4,Joe Ogilvie,-1.333
5,Rich Barcelo,-1.000
5,K.J. Choi,-1.000
5,Jason Day,-1.000
5,Ernie Els,-1.000
5,Brian Gay,-1.000
5,Retief Goosen,-1.000
5,Nathan Green,-1.000
5,Dustin Johnson,-1.000
5,Zach Johnson,-1.000
5,Pat Perez,-1.000
5,Roger Tambellini,-1.000
16,Ricky Barnes,-.667
17,Steve Stricker,-.600
18,Stephen Ames,-.500
18,Mark Calcavecchia,-.500
18,Tim Clark,-.500
18,Bob Estes,-.500
18,Martin Flores,-.500
18,Richard Johnson,-.500
18,Tom Lehman,-.500
18,Marc Leishman,-.500
18,Kevin Na,-.500
18,Ryan Palmer,-.500
18,Carl Pettersson,-.500
18,Brian Stuard,-.500
18,Omar Uresti,-.500
31,Woody Austin,-.333
31,Shane Bertsch,-.333
31,Henrik Bjornstad,-.333
31,Nick O'Hern,-.333
31,Justin Rose,-.333
31,Mark Wilson,-.333
37,Charles Howell III,-.250
37,David Toms,-.250
39,Blake Adams,E
39,Robert Allenby,E
39,Ángel Cabrera,E
39,Jim Carter,E
39,Stewart Cink,E
39,Brian Davis,E
39,Graham DeLaet,E
39,Jason Dufner,E
39,Paul Goydos,E
39,Ryuji Imada,E
39,Kevin Johnson,E
39,Jeff Klauk,E
39,Spencer Levin,E
39,Jeff Maggert,E
39,Troy Matteson,E
39,Troy Merritt,E
39,Ryuichi Oda,E
39,Jeff Quinney,E
39,John Rollins,E
39,Chris Tidland,E
59,Chad Campbell,+.333
59,Dean Wilson,+.333
61,John Merrick,+1.000
61,Corey Pavin,+1.000
61,Bubba Watson,+1.000
