rank,player,Avg RTP
1,Charles Howell III,-.563
2,Retief Goosen,-.333
2,Ryan Palmer,-.333
4,Joe Ogilvie,-.313
5,Blake Adams,-.308
6,Ernie Els,-.286
7,Corey Pavin,-.250
8,Y.E. Yang,-.231
9,Brian Gay,-.222
9,Davis Love III,-.222
11,Dustin Johnson,-.214
12,Steve Stricker,-.200
13,Jason Dufner,-.182
14,Michael Allen,-.167
14,Chad Campbell,-.167
14,Ryuji Imada,-.167
14,Tom Lehman,-.167
18,Nathan Green,-.154
19,Rory Sabbatini,-.133
20,Graham DeLaet,-.118
20,David Toms,-.118
22,Briny Baird,-.111
22,Shane Bertsch,-.111
22,Paul Goydos,-.111
22,Omar Uresti,-.111
26,WC Liang,-.105
27,Robert Allenby,-.091
27,Kevin Johnson,-.091
27,Richard Johnson,-.091
30,Nick O'Hern,-.083
31,Ángel Cabrera,-.077
31,Brian Stuard,-.077
31,Chris Tidland,-.077
31,Boo Weekley,-.077
35,Jason Day,-.071
35,Kevin Na,-.071
37,Stephen Ames,-.063
38,Marc Leishman,-.059
38,Troy Matteson,-.059
40,Henrik Bjornstad,E
40,K.J. Choi,E
40,Tim Clark,E
40,Bob Estes,E
40,Tom Gillis,E
40,Jeff Klauk,E
40,David Lutterus,E
40,Jeff Maggert,E
40,John Merrick,E
40,Carl Pettersson,E
40,John Rollins,E
40,Roger Tambellini,E
40,Mark Wilson,E
53,Ricky Barnes,+.056
54,Troy Merritt,+.067
54,Vijay Singh,+.067
56,Stewart Cink,+.071
57,Justin Rose,+.100
58,Woody Austin,+.118
58,Jeff Quinney,+.118
60,Spencer Levin,+.125
61,Bubba Watson,+.167
62,Jim Carter,+.200
62,Pat Perez,+.200
64,Rich Barcelo,+.214
65,Brian Davis,+.222
66,Martin Flores,+.235
67,Dean Wilson,+.286
68,Chad Collins,+.300
69,Ryuichi Oda,+.308
70,Mark Calcavecchia,+.364
71,Zach Johnson,+.400
