rank,player,% Made,Attempts,Putts made
1,Jason Bohn,100.00,2,2
1,Mark Calcavecchia,100.00,3,3
1,K.J. Choi,100.00,3,3
1,Justin Leonard,100.00,3,3
1,Peter Lonard,100.00,3,3
1,Vaughn Taylor,100.00,1,1
7,Ben Crane,87.50,8,7
8,Tim Petrovic,83.33,6,5
9,Kenny Perry,80.00,5,4
9,David Toms,80.00,5,4
11,Fred Funk,75.00,4,3
12,Olin Browne,66.67,3,2
12,"Wes Short, Jr.",66.67,3,2
14,Jason Gore,62.50,8,5
15,Vijay Singh,60.00,5,3
16,Stuart Appleby,57.14,7,4
17,Bart Bryant,50.00,2,1
17,Michael Campbell,50.00,2,1
17,Brad Faxon,50.00,4,2
17,Robert Gamez,50.00,6,3
17,Sean O'Hair,50.00,2,1
17,Carl Pettersson,50.00,4,2
17,Heath Slocum,50.00,4,2
24,Sergio Garcia,33.33,3,1
24,Geoff Ogilvy,33.33,3,1
26,Ted Purdy,28.57,7,2
27,Jim Furyk,.00,2,0
27,Lucas Glover,.00,2,0
