rank,player,% Made,Attempts,Putts made
1,Jim Furyk,100.00,2,2
1,Carl Pettersson,100.00,2,2
3,Olin Browne,66.67,3,2
4,Michael Campbell,50.00,4,2
4,Lucas Glover,50.00,2,1
6,Bart Bryant,40.00,5,2
6,Robert Gamez,40.00,5,2
8,Ben Crane,33.33,3,1
8,Geoff Ogilvy,33.33,6,2
8,Kenny Perry,33.33,6,2
11,Sergio Garcia,25.00,4,1
12,Jason Gore,20.00,5,1
13,Peter Lonard,16.67,6,1
13,David Toms,16.67,6,1
15,Stuart Appleby,.00,3,0
15,Jason Bohn,.00,3,0
15,Mark Calcavecchia,.00,3,0
15,K.J. Choi,.00,3,0
15,Brad Faxon,.00,2,0
15,Fred Funk,.00,5,0
15,Justin Leonard,.00,5,0
15,Sean O'Hair,.00,3,0
15,Tim Petrovic,.00,3,0
15,Ted Purdy,.00,5,0
15,"Wes Short, Jr.",.00,2,0
15,Vijay Singh,.00,3,0
15,Heath Slocum,.00,4,0
15,Vaughn Taylor,.00,1,0
