rank,player,% Made,Attempts,Putts made
1,Jim Furyk,13.33,15,2
2,Heath Slocum,10.00,20,2
3,Brad Faxon,9.52,21,2
4,Mark Calcavecchia,9.09,22,2
5,Sergio Garcia,8.00,25,2
6,Carl Pettersson,7.41,27,2
7,Stuart Appleby,6.67,15,1
7,Tim Petrovic,6.67,15,1
9,Michael Campbell,6.25,16,1
10,Olin Browne,5.88,17,1
10,Ben Crane,5.88,17,1
10,Justin Leonard,5.88,17,1
13,Ted Purdy,5.56,18,1
14,Kenny Perry,4.76,21,1
15,K.J. Choi,4.55,22,1
15,"Wes Short, Jr.",4.55,22,1
17,Sean O'Hair,4.35,23,1
18,David Toms,4.17,24,1
19,Vaughn Taylor,4.00,25,1
20,Bart Bryant,3.85,26,1
21,Jason Bohn,.00,21,-
21,Fred Funk,.00,21,-
21,Robert Gamez,.00,21,-
21,Lucas Glover,.00,20,-
21,Jason Gore,.00,19,-
21,Peter Lonard,.00,18,-
21,Geoff Ogilvy,.00,21,-
21,Vijay Singh,.00,22,-
