rank,player,% Made,Attempts,Putts made
1,Bart Bryant,100.00,5,5
1,Michael Campbell,100.00,4,4
1,Robert Gamez,100.00,9,9
1,Geoff Ogilvy,100.00,3,3
1,"Wes Short, Jr.",100.00,4,4
1,Vijay Singh,100.00,4,4
7,Sean O'Hair,80.00,5,4
8,Sergio Garcia,75.00,4,3
8,Jason Gore,75.00,4,3
8,Justin Leonard,75.00,4,3
11,Lucas Glover,71.43,7,5
12,Jason Bohn,66.67,3,2
12,Peter Lonard,66.67,3,2
12,Tim Petrovic,66.67,3,2
15,K.J. Choi,62.50,8,5
15,Ted Purdy,62.50,8,5
17,Stuart Appleby,60.00,5,3
18,Vaughn Taylor,57.14,7,4
19,Olin Browne,50.00,2,1
19,Ben Crane,50.00,4,2
19,Kenny Perry,50.00,4,2
19,Carl Pettersson,50.00,10,5
19,David Toms,50.00,4,2
24,Mark Calcavecchia,42.86,7,3
24,Brad Faxon,42.86,7,3
26,Heath Slocum,40.00,5,2
27,Jim Furyk,33.33,3,1
28,Fred Funk,25.00,8,2
