rank,player,%,Attempts,Putts made
1,Geoff Ogilvy,100.00,61,61
1,Carl Pettersson,100.00,53,53
3,Fred Funk,98.39,62,61
4,Jason Bohn,98.33,60,59
5,Bart Bryant,98.25,57,56
6,Brad Faxon,98.21,56,55
7,Tim Petrovic,98.08,52,51
7,David Toms,98.08,52,51
9,Jim Furyk,96.88,64,62
10,Justin Leonard,96.72,61,59
11,Mark Calcavecchia,96.61,59,57
12,K.J. Choi,96.55,58,56
13,Peter Lonard,96.49,57,55
14,Lucas Glover,96.43,56,54
15,Olin Browne,95.16,62,59
15,Ted Purdy,95.16,62,59
17,Jason Gore,94.83,58,55
17,"Wes Short, Jr.",94.83,58,55
19,Stuart Appleby,94.55,55,52
20,Robert Gamez,94.44,54,51
21,Vijay Singh,93.55,62,58
22,Sergio Garcia,93.44,61,57
23,Vaughn Taylor,93.22,59,55
24,Sean O'Hair,92.31,65,60
25,Michael Campbell,91.38,58,53
26,Ben Crane,90.91,55,50
27,Kenny Perry,88.06,67,59
27,Heath Slocum,88.06,67,59
