rank,player,% Made,Attempts,Putts made
1,Stuart Appleby,100.00,43,43
1,Bart Bryant,100.00,46,46
1,Brad Faxon,100.00,41,41
1,Fred Funk,100.00,44,44
1,Jim Furyk,100.00,51,51
1,Sergio Garcia,100.00,46,46
1,Lucas Glover,100.00,41,41
1,Peter Lonard,100.00,40,40
1,Geoff Ogilvy,100.00,45,45
1,Tim Petrovic,100.00,42,42
1,Carl Pettersson,100.00,42,42
1,"Wes Short, Jr.",100.00,45,45
1,Vaughn Taylor,100.00,41,41
1,David Toms,100.00,38,38
15,Heath Slocum,98.11,53,52
16,Sean O'Hair,97.96,49,48
16,Ted Purdy,97.96,49,48
18,Jason Bohn,97.92,48,47
18,K.J. Choi,97.92,48,47
18,Justin Leonard,97.92,48,47
21,Kenny Perry,97.87,47,46
22,Mark Calcavecchia,97.62,42,41
22,Jason Gore,97.62,42,41
22,Vijay Singh,97.62,42,41
25,Michael Campbell,97.44,39,38
25,Ben Crane,97.44,39,38
27,Robert Gamez,97.06,34,33
28,Olin Browne,95.74,47,45
