rank,player,% Made,Attempts,Putts Made
1,Stuart Appleby,24.39,41,10
2,Tim Petrovic,20.00,40,8
3,Brad Faxon,19.51,41,8
4,Heath Slocum,17.02,47,8
5,Ben Crane,15.38,39,6
6,Jason Bohn,15.09,53,8
7,Carl Pettersson,15.00,60,9
8,David Toms,14.89,47,7
9,Vaughn Taylor,14.81,54,8
10,Sergio Garcia,14.58,48,7
11,Robert Gamez,14.29,42,6
11,Justin Leonard,14.29,42,6
13,Mark Calcavecchia,13.95,43,6
14,"Wes Short, Jr.",13.73,51,7
15,Lucas Glover,13.64,44,6
16,Peter Lonard,13.33,45,6
17,Olin Browne,11.63,43,5
18,Michael Campbell,11.36,44,5
19,Jason Gore,10.42,48,5
20,Kenny Perry,9.30,43,4
21,K.J. Choi,9.09,44,4
22,Jim Furyk,8.89,45,4
23,Ted Purdy,8.70,46,4
24,Sean O'Hair,8.51,47,4
25,Geoff Ogilvy,7.84,51,4
26,Bart Bryant,7.69,52,4
27,Fred Funk,4.55,44,2
28,Vijay Singh,2.44,41,1
