rank,player,%,Attempts,Putts made
1,Michael Campbell,77.78,18,14
2,Vijay Singh,65.00,20,13
3,Ben Crane,64.00,25,16
4,K.J. Choi,63.16,19,12
5,Robert Gamez,57.69,26,15
6,Vaughn Taylor,57.14,14,8
7,"Wes Short, Jr.",56.25,16,9
8,Bart Bryant,54.55,22,12
9,Sergio Garcia,53.33,15,8
10,Peter Lonard,52.63,19,10
11,Lucas Glover,50.00,22,11
11,David Toms,50.00,28,14
13,Kenny Perry,47.37,19,9
13,Carl Pettersson,47.37,19,9
15,Sean O'Hair,47.06,17,8
16,Geoff Ogilvy,46.67,15,7
17,Tim Petrovic,46.15,26,12
18,Olin Browne,43.75,16,7
19,Stuart Appleby,42.86,21,9
19,Mark Calcavecchia,42.86,21,9
19,Jason Gore,42.86,28,12
22,Jim Furyk,40.00,15,6
23,Justin Leonard,38.89,18,7
24,Jason Bohn,38.46,13,5
25,Brad Faxon,38.10,21,8
26,Fred Funk,36.00,25,9
26,Ted Purdy,36.00,25,9
28,Heath Slocum,20.00,20,4
