rank,player,Putts Made
1,Heath Slocum,4.0
2,Stuart Appleby,3.0
2,Mark Calcavecchia,3.0
2,Carl Pettersson,3.0
5,K.J. Choi,2.0
5,Ben Crane,2.0
5,Brad Faxon,2.0
5,Jim Furyk,2.0
5,Sergio Garcia,2.0
5,Sean O'Hair,2.0
5,Kenny Perry,2.0
5,Tim Petrovic,2.0
5,David Toms,2.0
14,Olin Browne,1.0
14,Bart Bryant,1.0
14,Michael Campbell,1.0
14,Robert Gamez,1.0
14,Justin Leonard,1.0
14,Peter Lonard,1.0
14,Ted Purdy,1.0
14,"Wes Short, Jr.",1.0
14,Vaughn Taylor,1.0
23,Jason Bohn,.0
23,Fred Funk,.0
23,Lucas Glover,.0
23,Jason Gore,.0
23,Geoff Ogilvy,.0
23,Vijay Singh,.0
