rank,player,% Made,Attempts,Putts made
1,Michael Campbell,56.25,32,18
2,Ben Crane,55.88,34,19
3,Robert Gamez,54.29,35,19
3,David Toms,54.29,35,19
5,Lucas Glover,48.57,35,17
6,K.J. Choi,46.43,28,13
6,Vijay Singh,46.43,28,13
8,Tim Petrovic,43.59,39,17
9,Vaughn Taylor,42.86,28,12
10,Peter Lonard,42.42,33,14
11,Stuart Appleby,41.94,31,13
11,"Wes Short, Jr.",41.94,31,13
13,Sergio Garcia,41.67,24,10
14,Bart Bryant,38.89,36,14
15,Carl Pettersson,38.46,39,15
16,Brad Faxon,38.24,34,13
17,Mark Calcavecchia,37.93,29,11
18,Olin Browne,37.50,24,9
19,Kenny Perry,37.04,27,10
20,Justin Leonard,35.48,31,11
21,Jason Bohn,34.38,32,11
22,Jason Gore,32.61,46,15
23,Ted Purdy,32.35,34,11
24,Jim Furyk,31.82,22,7
25,Geoff Ogilvy,30.30,33,10
26,Sean O'Hair,30.00,30,9
27,Fred Funk,28.95,38,11
28,Heath Slocum,20.59,34,7
