rank,player,% Made,Attempts,Putts made
1,Peter Lonard,33.33,3,1
2,Robert Gamez,25.00,4,1
3,Stuart Appleby,20.00,10,2
3,Tim Petrovic,20.00,5,1
3,Heath Slocum,20.00,10,2
3,David Toms,20.00,5,1
7,K.J. Choi,16.67,6,1
7,Kenny Perry,16.67,6,1
9,Ben Crane,14.29,7,1
9,Sean O'Hair,14.29,7,1
11,Mark Calcavecchia,12.50,8,1
12,Carl Pettersson,11.11,9,1
13,Jason Bohn,.00,6,-
13,Olin Browne,.00,5,-
13,Bart Bryant,.00,5,-
13,Michael Campbell,.00,8,-
13,Brad Faxon,.00,4,-
13,Fred Funk,.00,4,-
13,Jim Furyk,.00,8,-
13,Sergio Garcia,.00,5,-
13,Lucas Glover,.00,4,-
13,Jason Gore,.00,2,-
13,Justin Leonard,.00,5,-
13,Geoff Ogilvy,.00,7,-
13,Ted Purdy,.00,10,-
13,"Wes Short, Jr.",.00,6,-
13,Vijay Singh,.00,3,-
13,Vaughn Taylor,.00,4,-
