rank,player,% Made,Attempts,Putts made
1,Peter Lonard,85.71,14,12
2,"Wes Short, Jr.",84.62,13,11
3,Geoff Ogilvy,82.35,17,14
4,K.J. Choi,81.25,16,13
5,Michael Campbell,80.00,20,16
6,Vijay Singh,79.17,24,19
7,Ben Crane,76.19,21,16
8,Bart Bryant,75.00,16,12
9,Robert Gamez,73.08,26,19
10,Jason Bohn,69.23,13,9
11,Sean O'Hair,68.75,16,11
12,Tim Petrovic,65.00,20,13
13,Justin Leonard,64.71,17,11
14,Jason Gore,64.00,25,16
15,Lucas Glover,63.64,22,14
16,Mark Calcavecchia,63.16,19,12
17,Carl Pettersson,61.90,21,13
18,Ted Purdy,61.54,26,16
19,Vaughn Taylor,60.00,20,12
20,Olin Browne,58.82,17,10
21,Stuart Appleby,57.14,21,12
21,Brad Faxon,57.14,21,12
21,Sergio Garcia,57.14,14,8
24,David Toms,56.25,16,9
25,Fred Funk,54.17,24,13
26,Kenny Perry,52.94,17,9
27,Jim Furyk,43.75,16,7
28,Heath Slocum,34.78,23,8
