rank,player,% Made,Attempts,Putts made
1,Jason Bohn,100.00,5,5
1,Olin Browne,100.00,6,6
1,Bart Bryant,100.00,3,3
1,K.J. Choi,100.00,2,2
1,Geoff Ogilvy,100.00,9,9
1,Carl Pettersson,100.00,6,6
7,Ted Purdy,87.50,8,7
8,Brad Faxon,85.71,7,6
8,Robert Gamez,85.71,7,6
8,Jason Gore,85.71,7,6
11,Mark Calcavecchia,83.33,6,5
11,Justin Leonard,83.33,6,5
13,Ben Crane,80.00,5,4
13,Fred Funk,80.00,5,4
13,Peter Lonard,80.00,5,4
16,Lucas Glover,77.78,9,7
16,Vijay Singh,77.78,9,7
18,Michael Campbell,75.00,12,9
18,Tim Petrovic,75.00,4,3
20,Vaughn Taylor,70.00,10,7
21,Jim Furyk,66.67,6,4
21,Sean O'Hair,66.67,6,4
21,"Wes Short, Jr.",66.67,3,2
24,Stuart Appleby,60.00,5,3
25,Sergio Garcia,50.00,4,2
26,Heath Slocum,40.00,10,4
27,Kenny Perry,33.33,6,2
28,David Toms,.00,1,0
