rank,player,% Made,Attempts,Putts made
1,Sergio Garcia,100.00,1,1
1,Vaughn Taylor,100.00,3,3
3,Michael Campbell,83.33,6,5
4,David Toms,57.14,7,4
5,Jason Bohn,50.00,2,1
5,Olin Browne,50.00,2,1
5,K.J. Choi,50.00,2,1
5,Ben Crane,50.00,6,3
5,Justin Leonard,50.00,2,1
5,Vijay Singh,50.00,2,1
11,Lucas Glover,42.86,7,3
12,Mark Calcavecchia,40.00,5,2
12,Brad Faxon,40.00,5,2
14,Jim Furyk,33.33,3,1
15,Tim Petrovic,28.57,7,2
16,Bart Bryant,25.00,4,1
16,Peter Lonard,25.00,4,1
16,Sean O'Hair,25.00,4,1
19,Jason Gore,20.00,5,1
20,Stuart Appleby,.00,2,0
20,Fred Funk,.00,1,0
20,Robert Gamez,.00,2,0
20,Geoff Ogilvy,.00,1,0
20,Kenny Perry,.00,2,0
20,Carl Pettersson,.00,2,0
20,Ted Purdy,.00,2,0
20,"Wes Short, Jr.",.00,4,0
20,Heath Slocum,.00,3,0
