rank,player,% Made,Attempts,Putts made
1,David Toms,71.43,7,5
2,Lucas Glover,46.15,13,6
3,Robert Gamez,44.44,9,4
4,Stuart Appleby,40.00,10,4
5,Brad Faxon,38.46,13,5
5,Tim Petrovic,38.46,13,5
7,Ben Crane,33.33,9,3
8,Jason Bohn,31.58,19,6
9,Justin Leonard,30.77,13,4
10,Carl Pettersson,30.00,20,6
11,Michael Campbell,28.57,14,4
11,Peter Lonard,28.57,14,4
11,Vaughn Taylor,28.57,14,4
14,"Wes Short, Jr.",26.67,15,4
15,Olin Browne,25.00,8,2
15,Mark Calcavecchia,25.00,8,2
17,Sergio Garcia,22.22,9,2
17,Ted Purdy,22.22,9,2
19,Heath Slocum,21.43,14,3
20,Jason Gore,16.67,18,3
20,Geoff Ogilvy,16.67,18,3
22,Fred Funk,15.38,13,2
23,Bart Bryant,14.29,14,2
23,Jim Furyk,14.29,7,1
25,Kenny Perry,12.50,8,1
26,K.J. Choi,11.11,9,1
27,Sean O'Hair,7.69,13,1
28,Vijay Singh,.00,8,-
