rank,player,% Made,Attempts,Putts made
1,Jason Bohn,100.00,12,12
1,Geoff Ogilvy,100.00,16,16
1,Carl Pettersson,100.00,11,11
4,Fred Funk,94.44,18,17
5,Mark Calcavecchia,94.12,17,16
6,Olin Browne,93.33,15,14
6,Brad Faxon,93.33,15,14
8,David Toms,92.86,14,13
9,Justin Leonard,92.31,13,12
10,Bart Bryant,90.91,11,10
11,K.J. Choi,90.00,10,9
11,Robert Gamez,90.00,20,18
11,Tim Petrovic,90.00,10,9
14,Peter Lonard,88.24,17,15
15,Jason Gore,87.50,16,14
16,Lucas Glover,86.67,15,13
17,Vijay Singh,85.00,20,17
18,Jim Furyk,84.62,13,11
18,Ted Purdy,84.62,13,11
20,Michael Campbell,78.95,19,15
21,Vaughn Taylor,77.78,18,14
22,"Wes Short, Jr.",76.92,13,10
23,Stuart Appleby,75.00,12,9
23,Ben Crane,75.00,16,12
23,Sean O'Hair,75.00,16,12
26,Sergio Garcia,73.33,15,11
27,Kenny Perry,65.00,20,13
28,Heath Slocum,50.00,14,7
