rank,player,% Made,Attempts,Putts made
1,Geoff Ogilvy,89.47,76,68
2,K.J. Choi,88.31,77,68
3,Michael Campbell,88.16,76,67
4,Jason Bohn,87.67,73,64
5,Vijay Singh,86.59,82,71
6,"Wes Short, Jr.",86.49,74,64
7,Vaughn Taylor,86.30,73,63
8,Carl Pettersson,86.11,72,62
9,Bart Bryant,86.08,79,68
9,Jim Furyk,86.08,79,68
11,Sergio Garcia,85.53,76,65
11,Peter Lonard,85.53,76,65
13,Olin Browne,84.62,78,66
14,Justin Leonard,83.54,79,66
15,Lucas Glover,83.33,78,65
16,Sean O'Hair,82.93,82,68
17,Mark Calcavecchia,82.50,80,66
17,Ben Crane,82.50,80,66
17,Robert Gamez,82.50,80,66
20,Brad Faxon,81.82,77,63
21,David Toms,81.25,80,65
22,Tim Petrovic,80.77,78,63
23,Fred Funk,80.46,87,70
24,Stuart Appleby,80.26,76,61
25,Kenny Perry,79.07,86,68
26,Ted Purdy,78.16,87,68
27,Jason Gore,77.91,86,67
28,Heath Slocum,72.41,87,63
