rank,player,% Made,Attempts,Putts made
1,Stuart Appleby,50.00,6,3
2,Brad Faxon,33.33,3,1
2,Sergio Garcia,33.33,9,3
2,Heath Slocum,33.33,3,1
5,Jason Bohn,28.57,7,2
6,Vaughn Taylor,27.27,11,3
7,Sean O'Hair,25.00,4,1
7,"Wes Short, Jr.",25.00,8,2
9,Jason Gore,22.22,9,2
10,Mark Calcavecchia,20.00,5,1
10,Geoff Ogilvy,20.00,5,1
12,Ben Crane,16.67,6,1
13,Olin Browne,15.38,13,2
14,Bart Bryant,14.29,7,1
14,K.J. Choi,14.29,7,1
14,Justin Leonard,14.29,7,1
14,Tim Petrovic,14.29,7,1
18,Robert Gamez,12.50,8,1
18,Kenny Perry,12.50,8,1
18,Vijay Singh,12.50,8,1
21,Ted Purdy,11.11,9,1
22,Peter Lonard,10.00,10,1
23,Jim Furyk,6.67,15,1
24,Michael Campbell,.00,6,-
24,Fred Funk,.00,6,-
24,Lucas Glover,.00,7,-
24,Carl Pettersson,.00,4,-
24,David Toms,.00,11,-
