rank,player,Putts Made
1,Stuart Appleby,10.0
2,Carl Pettersson,9.0
3,Jason Bohn,8.0
3,Brad Faxon,8.0
3,Tim Petrovic,8.0
3,Heath Slocum,8.0
3,Vaughn Taylor,8.0
8,Sergio Garcia,7.0
8,"Wes Short, Jr.",7.0
8,David Toms,7.0
11,Mark Calcavecchia,6.0
11,Ben Crane,6.0
11,Robert Gamez,6.0
11,Lucas Glover,6.0
11,Justin Leonard,6.0
11,Peter Lonard,6.0
17,Olin Browne,5.0
17,Michael Campbell,5.0
17,Jason Gore,5.0
20,Bart Bryant,4.0
20,K.J. Choi,4.0
20,Jim Furyk,4.0
20,Sean O'Hair,4.0
20,Geoff Ogilvy,4.0
20,Kenny Perry,4.0
20,Ted Purdy,4.0
27,Fred Funk,2.0
28,Vijay Singh,1.0
