rank,player,% Made,Attempts,Putts made
1,Michael Campbell,100.00,2,2
1,K.J. Choi,100.00,3,3
1,Peter Lonard,100.00,3,3
1,"Wes Short, Jr.",100.00,3,3
5,Vijay Singh,83.33,6,5
6,Ben Crane,75.00,4,3
7,Sergio Garcia,66.67,3,2
7,Sean O'Hair,66.67,3,2
7,Ted Purdy,66.67,3,2
10,Fred Funk,57.14,7,4
11,Stuart Appleby,50.00,4,2
11,Bart Bryant,50.00,6,3
11,Lucas Glover,50.00,4,2
11,Geoff Ogilvy,50.00,2,1
11,Kenny Perry,50.00,2,1
11,David Toms,50.00,6,3
17,Tim Petrovic,42.86,7,3
18,Jim Furyk,40.00,5,2
19,Mark Calcavecchia,33.33,3,1
19,Brad Faxon,33.33,3,1
19,Jason Gore,33.33,6,2
22,Robert Gamez,25.00,4,1
23,Olin Browne,16.67,6,1
24,Jason Bohn,.00,3,0
24,Justin Leonard,.00,4,0
24,Carl Pettersson,.00,1,0
24,Heath Slocum,.00,4,0
24,Vaughn Taylor,.00,2,0
