rank,player,%,Greens Hit,# Holes,Relative/Par
1,Corey Conners,84.72%,61,72,-0.23
2,Si Woo Kim,83.33%,60,72,-0.35
2,J.J. Spaun,83.33%,60,72,-0.27
4,Hayden Buckley,81.94%,59,72,-0.37
4,Nate Lashley,81.94%,59,72,-0.25
6,Chris Kirk,80.56%,58,72,-0.34
7,Cam Davis,79.17%,57,72,-0.26
7,Ben Griffin,79.17%,57,72,-0.30
7,Russell Henley,79.17%,57,72,-0.28
7,Stephan Jaeger,79.17%,57,72,-0.25
7,Aaron Rai,79.17%,57,72,-0.16
7,Doc Redman,79.17%,57,72,-0.26
7,Justin Suh,79.17%,57,72,-0.28
7,Adam Svensson,79.17%,57,72,-0.23
15,Joseph Bramlett,77.78%,56,72,-0.20
15,Andrew Novak,77.78%,56,72,-0.25
15,J.T. Poston,77.78%,56,72,-0.32
15,Ben Taylor,77.78%,56,72,-0.29
19,Ryan Brehm,76.39%,55,72,-0.35
19,Nick Hardy,76.39%,55,72,-0.31
19,Matt Kuchar,76.39%,55,72,-0.33
19,K.H. Lee,76.39%,55,72,-0.29
19,Ben Martin,76.39%,55,72,-0.27
19,Augusto Núñez,76.39%,55,72,-0.36
19,Ryan Palmer,76.39%,55,72,-0.27
19,Carl Yuan,76.39%,55,72,-0.42
27,Aaron Baddeley,75.00%,54,72,-0.28
27,Harris English,75.00%,54,72,-0.19
27,Brice Garnett,75.00%,54,72,-0.37
27,Russell Knox,75.00%,54,72,-0.22
27,Denny McCarthy,75.00%,54,72,-0.28
27,Troy Merritt,75.00%,54,72,-0.26
27,Kevin Tway,75.00%,54,72,-0.22
34,Byeong Hun An,73.61%,53,72,-0.36
34,Stewart Cink,73.61%,53,72,-0.34
34,Nico Echavarria,73.61%,53,72,-0.36
34,Brian Harman,73.61%,53,72,-0.28
34,S.H. Kim,73.61%,53,72,-0.36
34,David Lipsky,73.61%,53,72,-0.38
34,Brendan Steele,73.61%,53,72,-0.28
34,Nick Taylor,73.61%,53,72,-0.36
42,Eric Cole,72.22%,52,72,-0.23
42,MJ Daffue,72.22%,52,72,-0.15
42,Kurt Kitayama,72.22%,52,72,-0.15
42,Danny Lee,72.22%,52,72,-0.33
42,Hideki Matsuyama,72.22%,52,72,-0.23
42,Keita Nakajima,72.22%,52,72,-0.25
42,Chad Ramey,72.22%,52,72,-0.25
42,Kevin Yu,72.22%,52,72,-0.42
50,Will Gordon,70.83%,51,72,-0.31
50,Kelly Kraft,70.83%,51,72,-0.25
50,Adam Long,70.83%,51,72,-0.24
50,Maverick McNealy,70.83%,51,72,-0.37
50,Austin Smotherman,70.83%,51,72,-0.29
50,Davis Thompson,70.83%,51,72,-0.22
56,Austin Eckroat,69.44%,50,72,-0.32
56,Patton Kizzire,69.44%,50,72,-0.24
56,Andrew Putnam,69.44%,50,72,-0.40
56,Adam Schenk,69.44%,50,72,-0.18
56,Taiga Semikawa,69.44%,50,72,-0.26
56,Joseph Winslow,69.44%,50,72,-0.36
62,Tyson Alexander,68.06%,49,72,-0.35
62,Kazuki Higa,68.06%,49,72,-0.24
62,Tom Hoge,68.06%,49,72,-0.33
62,Chez Reavie,68.06%,49,72,-0.29
62,Adam Scott,68.06%,49,72,-0.33
62,Greyson Sigg,68.06%,49,72,-0.29
62,Brendon Todd,68.06%,49,72,-0.39
69,Harry Hall,66.67%,48,72,-0.42
69,Cole Hammer,66.67%,48,72,-0.29
69,Taylor Montgomery,66.67%,48,72,-0.38
72,Michael Thompson,65.28%,47,72,-0.34
73,Anders Albertson,63.89%,46,72,-0.33
74,Zac Blair,61.11%,44,72,-0.39
74,Zach Johnson,61.11%,44,72,-0.20
76,Brian Stuard,59.72%,43,72,-0.26
