rank,player,Value,Total Drv Rank,GIR Rank
1,Hayden Buckley,5,1,4
2,Cam Davis,11,4,7
2,Si Woo Kim,11,9,2
4,Russell Henley,12,5,7
5,Justin Suh,18,11,7
6,Corey Conners,19,18,1
7,J.T. Poston,22,7,15
8,Aaron Rai,30,23,7
8,Doc Redman,30,23,7
10,Carl Yuan,35,16,19
11,K.H. Lee,37,18,19
11,Brendan Steele,37,3,34
13,Denny McCarthy,39,12,27
14,Brice Garnett,40,13,27
14,Matt Kuchar,40,21,19
16,Nate Lashley,41,37,4
17,Keita Nakajima,44,2,42
18,Adam Svensson,45,38,7
19,Nick Hardy,46,27,19
19,Andrew Novak,46,31,15
21,Brian Harman,47,13,34
22,Ryan Brehm,48,29,19
22,Augusto Núñez,48,29,19
22,J.J. Spaun,48,46,2
25,Stephan Jaeger,49,42,7
26,Will Gordon,55,5,50
27,Byeong Hun An,57,23,34
28,Ryan Palmer,58,39,19
29,Chris Kirk,61,55,6
29,David Lipsky,61,27,34
31,Austin Eckroat,64,8,56
31,Ben Taylor,64,49,15
33,Taiga Semikawa,66,10,56
34,Ben Griffin,68,61,7
35,Troy Merritt,71,44,27
36,Nico Echavarria,75,41,34
36,Kazuki Higa,75,13,62
38,Patton Kizzire,76,20,56
39,Kevin Yu,78,36,42
40,Chez Reavie,79,17,62
41,Aaron Baddeley,80,53,27
42,Davis Thompson,81,31,50
43,Stewart Cink,82,48,34
44,Adam Long,83,33,50
44,Austin Smotherman,83,33,50
46,Nick Taylor,84,50,34
46,Kevin Tway,84,57,27
48,Harris English,85,58,27
49,S.H. Kim,88,54,34
50,Joseph Bramlett,91,76,15
50,Harry Hall,91,22,69
52,Hideki Matsuyama,92,50,42
53,Russell Knox,93,66,27
54,Ben Martin,94,75,19
55,Kelly Kraft,97,47,50
56,Michael Thompson,98,26,72
57,Tom Hoge,101,39,62
58,Cole Hammer,102,33,69
58,Danny Lee,102,60,42
60,Greyson Sigg,104,42,62
61,MJ Daffue,105,63,42
62,Brendon Todd,106,44,62
63,Chad Ramey,107,65,42
64,Eric Cole,114,72,42
64,Adam Scott,114,52,62
66,Kurt Kitayama,116,74,42
67,Tyson Alexander,118,56,62
68,Joseph Winslow,120,64,56
69,Maverick McNealy,121,71,50
70,Andrew Putnam,125,69,56
71,Adam Schenk,126,70,56
72,Taylor Montgomery,127,58,69
73,Zac Blair,135,61,74
74,Zach Johnson,140,66,74
75,Anders Albertson,141,68,73
76,Brian Stuard,149,73,76
