rank,player,Stroke Differential,Player's Score,Field Average Score
1,Jon Rahm,+2.68,66.25,68.93
2,Collin Morikawa,+2.18,66.75,68.93
3,Tom Hoge,+1.68,67.25,68.93
3,Max Homa,+1.68,67.25,68.93
5,Tom Kim,+1.43,67.50,68.93
5,J.J. Spaun,+1.43,67.50,68.93
7,Tony Finau,+1.18,67.75,68.93
7,Matt Fitzpatrick,+1.18,67.75,68.93
7,K.H. Lee,+1.18,67.75,68.93
7,Scottie Scheffler,+1.18,67.75,68.93
11,Luke List,+0.93,68.00,68.93
11,Will Zalatoris,+0.93,68.00,68.93
13,Sungjae Im,+0.68,68.25,68.93
13,Jordan Spieth,+0.68,68.25,68.93
13,Cameron Young,+0.68,68.25,68.93
16,Patrick Cantlay,+0.43,68.50,68.93
16,Brian Harman,+0.43,68.50,68.93
18,Corey Conners,+0.18,68.75,68.93
18,Viktor Hovland,+0.18,68.75,68.93
18,Aaron Wise,+0.18,68.75,68.93
21,Mackenzie Hughes,-0.07,69.00,68.93
21,Hideki Matsuyama,-0.07,69.00,68.93
21,J.T. Poston,-0.07,69.00,68.93
21,Sepp Straka,-0.07,69.00,68.93
25,Seamus Power,-0.32,69.25,68.93
25,Scott Stallings,-0.32,69.25,68.93
25,Justin Thomas,-0.32,69.25,68.93
28,Trey Mullinax,-0.57,69.50,68.93
29,Adam Scott,-0.82,69.75,68.93
30,Russell Henley,-1.07,70.00,68.93
30,Billy Horschel,-1.07,70.00,68.93
32,Sam Burns,-1.32,70.25,68.93
33,Sahith Theegala,-1.57,70.50,68.93
34,Keegan Bradley,-1.82,70.75,68.93
35,Ryan Brehm,-2.32,71.25,68.93
35,Chez Reavie,-2.32,71.25,68.93
37,Adam Svensson,-2.82,71.75,68.93
38,Chad Ramey,-3.57,72.50,68.93
