rank,player,Avg,Total Strokes,Total Rounds
1,Collin Morikawa,65.00,130,2
2,Scottie Scheffler,66.00,132,2
2,J.J. Spaun,66.00,132,2
4,Jordan Spieth,66.50,133,2
5,Tom Kim,67.00,134,2
6,Matt Fitzpatrick,67.50,135,2
6,Jon Rahm,67.50,135,2
8,Corey Conners,68.00,136,2
8,Tony Finau,68.00,136,2
8,Luke List,68.00,136,2
8,Aaron Wise,68.00,136,2
12,Brian Harman,68.50,137,2
12,Tom Hoge,68.50,137,2
12,K.H. Lee,68.50,137,2
12,Hideki Matsuyama,68.50,137,2
12,J.T. Poston,68.50,137,2
12,Seamus Power,68.50,137,2
18,Sungjae Im,69.00,138,2
18,Adam Scott,69.00,138,2
18,Sahith Theegala,69.00,138,2
18,Will Zalatoris,69.00,138,2
22,Ryan Brehm,69.50,139,2
22,Russell Henley,69.50,139,2
22,Viktor Hovland,69.50,139,2
22,Trey Mullinax,69.50,139,2
22,Scott Stallings,69.50,139,2
27,Keegan Bradley,70.00,140,2
27,Patrick Cantlay,70.00,140,2
27,Max Homa,70.00,140,2
27,Mackenzie Hughes,70.00,140,2
27,Justin Thomas,70.00,140,2
27,Cameron Young,70.00,140,2
33,Sepp Straka,70.50,141,2
33,Adam Svensson,70.50,141,2
35,Chez Reavie,72.00,144,2
36,Sam Burns,72.50,145,2
37,Billy Horschel,73.50,147,2
37,Chad Ramey,73.50,147,2
