rank,player,%,Total 3 Putts,Total Holes
1,Akshay Bhatia,5.56%,1,18
1,Jason Day,5.56%,1,18
1,Tony Finau,5.56%,1,18
1,Matt Fitzpatrick,5.56%,1,18
1,Tyrrell Hatton,5.56%,1,18
1,Max Homa,5.56%,1,18
1,Viktor Hovland,5.56%,1,18
1,Andrew Putnam,5.56%,1,18
1,Justin Rose,5.56%,1,18
1,Sepp Straka,5.56%,1,18
11,Lucas Glover,11.11%,2,18
11,Adam Hadwin,11.11%,2,18
11,Tom Kim,11.11%,2,18
11,Scottie Scheffler,11.11%,2,18
11,Sahith Theegala,11.11%,2,18
16,Nick Hardy,16.67%,3,18
16,Brendon Todd,16.67%,3,18
