rank,player,Total 3 putts > 25',Total 3 Putts
1,Nick Hardy,5,5
2,Luke List,4,4
2,Scottie Scheffler,4,4
4,Keegan Bradley,3,3
4,Max Homa,3,3
4,Tom Kim,3,3
4,Hideki Matsuyama,3,3
4,Patrick Rodgers,3,3
4,Justin Rose,3,3
4,Adam Schenk,3,3
4,Brendon Todd,3,3
12,Corey Conners,2,2
12,Harris English,2,2
12,Rickie Fowler,2,2
12,Lucas Glover,2,3
12,Adam Hadwin,2,2
12,Tyrrell Hatton,2,2
12,Lee Hodges,2,2
12,Kurt Kitayama,2,2
12,Denny McCarthy,2,2
12,Erik van Rooyen,2,2
22,Ludvig Åberg,1,1
22,Byeong Hun An,1,1
22,Akshay Bhatia,1,1
22,Sam Burns,1,1
22,Patrick Cantlay,1,1
22,Eric Cole,1,2
22,Jason Day,1,1
22,Matt Fitzpatrick,1,1
22,Tommy Fleetwood,1,1
22,Tom Hoge,1,1
22,Viktor Hovland,1,1
22,Sungjae Im,1,1
22,Taylor Moore,1,1
22,Vincent Norrman,1,1
22,J.T. Poston,1,1
22,Seamus Power,1,1
22,Davis Riley,1,2
22,Sepp Straka,1,1
22,Nick Taylor,1,1
22,Sahith Theegala,1,2
