rank,player,%,Total 3 Putts,Attempts,2 Putt or Better %
1,Wyndham Clark,.00%,0,20,100.00
1,Cam Davis,.00%,0,26,100.00
1,Nico Echavarria,.00%,0,16,100.00
1,Tony Finau,.00%,0,20,100.00
1,Emiliano Grillo,.00%,0,20,100.00
1,Brian Harman,.00%,0,14,100.00
1,Russell Henley,.00%,0,18,100.00
1,Mackenzie Hughes,.00%,0,22,100.00
1,Si Woo Kim,.00%,0,17,100.00
1,Chris Kirk,.00%,0,15,100.00
1,Collin Morikawa,.00%,0,13,100.00
1,Andrew Putnam,.00%,0,20,100.00
1,Xander Schauffele,.00%,0,22,100.00
1,Jordan Spieth,.00%,0,21,100.00
1,Adam Svensson,.00%,0,18,100.00
1,Camilo Villegas,.00%,0,18,100.00
1,Matt Wallace,.00%,0,14,100.00
1,Cameron Young,.00%,0,18,100.00
19,Patrick Cantlay,3.57%,1,28,96.43
20,Byeong Hun An,4.35%,1,23,95.65
20,Tommy Fleetwood,4.35%,1,23,95.65
20,J.T. Poston,4.35%,1,23,95.65
20,Davis Riley,4.35%,1,23,95.65
20,Nick Taylor,4.35%,1,23,95.65
25,Viktor Hovland,4.76%,1,21,95.24
25,Seamus Power,4.76%,1,21,95.24
25,Sepp Straka,4.76%,1,21,95.24
28,Akshay Bhatia,5.00%,1,20,95.00
28,Taylor Moore,5.00%,1,20,95.00
28,Vincent Norrman,5.00%,1,20,95.00
31,Jason Day,5.26%,1,19,94.74
31,Matt Fitzpatrick,5.26%,1,19,94.74
31,Tom Hoge,5.26%,1,19,94.74
31,Sahith Theegala,5.26%,1,19,94.74
35,Sam Burns,5.88%,1,17,94.12
35,Eric Cole,5.88%,1,17,94.12
35,Sungjae Im,5.88%,1,17,94.12
38,Ludvig Åberg,6.67%,1,15,93.33
39,Kurt Kitayama,8.00%,2,25,92.00
40,Harris English,9.52%,2,21,90.48
40,Adam Hadwin,9.52%,2,21,90.48
42,Corey Conners,10.00%,2,20,90.00
43,Denny McCarthy,10.53%,2,19,89.47
44,Tyrrell Hatton,11.11%,2,18,88.89
44,Erik van Rooyen,11.11%,2,18,88.89
46,Lee Hodges,11.76%,2,17,88.24
47,Justin Rose,13.04%,3,23,86.96
48,Lucas Glover,13.33%,2,15,86.67
49,Patrick Rodgers,13.64%,3,22,86.36
49,Adam Schenk,13.64%,3,22,86.36
51,Rickie Fowler,14.29%,2,14,85.71
52,Keegan Bradley,15.79%,3,19,84.21
53,Tom Kim,17.65%,3,17,82.35
53,Brendon Todd,17.65%,3,17,82.35
55,Nick Hardy,17.86%,5,28,82.14
56,Hideki Matsuyama,18.75%,3,16,81.25
57,Luke List,20.00%,4,20,80.00
58,Max Homa,21.43%,3,14,78.57
59,Scottie Scheffler,23.53%,4,17,76.47
