rank,player,%,Total 3 Putts,Attempts,2 Putt or Better %
1,Ludvig Åberg,.00%,0,8,100.00
1,Byeong Hun An,.00%,0,4,100.00
1,Akshay Bhatia,.00%,0,9,100.00
1,Keegan Bradley,.00%,0,8,100.00
1,Sam Burns,.00%,0,9,100.00
1,Patrick Cantlay,.00%,0,9,100.00
1,Wyndham Clark,.00%,0,13,100.00
1,Eric Cole,.00%,0,8,100.00
1,Corey Conners,.00%,0,5,100.00
1,Cam Davis,.00%,0,1,100.00
1,Jason Day,.00%,0,6,100.00
1,Nico Echavarria,.00%,0,10,100.00
1,Harris English,.00%,0,6,100.00
1,Tony Finau,.00%,0,3,100.00
1,Matt Fitzpatrick,.00%,0,5,100.00
1,Tommy Fleetwood,.00%,0,5,100.00
1,Rickie Fowler,.00%,0,10,100.00
1,Lucas Glover,.00%,0,6,100.00
1,Emiliano Grillo,.00%,0,11,100.00
1,Adam Hadwin,.00%,0,10,100.00
1,Nick Hardy,.00%,0,9,100.00
1,Brian Harman,.00%,0,10,100.00
1,Tyrrell Hatton,.00%,0,8,100.00
1,Lee Hodges,.00%,0,11,100.00
1,Tom Hoge,.00%,0,8,100.00
1,Max Homa,.00%,0,6,100.00
1,Viktor Hovland,.00%,0,12,100.00
1,Mackenzie Hughes,.00%,0,7,100.00
1,Sungjae Im,.00%,0,10,100.00
1,Si Woo Kim,.00%,0,8,100.00
1,Tom Kim,.00%,0,14,100.00
1,Chris Kirk,.00%,0,7,100.00
1,Kurt Kitayama,.00%,0,4,100.00
1,Luke List,.00%,0,9,100.00
1,Hideki Matsuyama,.00%,0,10,100.00
1,Denny McCarthy,.00%,0,6,100.00
1,Taylor Moore,.00%,0,12,100.00
1,Collin Morikawa,.00%,0,11,100.00
1,Vincent Norrman,.00%,0,9,100.00
1,J.T. Poston,.00%,0,8,100.00
1,Seamus Power,.00%,0,10,100.00
1,Andrew Putnam,.00%,0,9,100.00
1,Davis Riley,.00%,0,7,100.00
1,Patrick Rodgers,.00%,0,10,100.00
1,Justin Rose,.00%,0,10,100.00
1,Xander Schauffele,.00%,0,10,100.00
1,Scottie Scheffler,.00%,0,7,100.00
1,Adam Schenk,.00%,0,7,100.00
1,Jordan Spieth,.00%,0,8,100.00
1,Sepp Straka,.00%,0,9,100.00
1,Adam Svensson,.00%,0,15,100.00
1,Nick Taylor,.00%,0,5,100.00
1,Brendon Todd,.00%,0,9,100.00
1,Erik van Rooyen,.00%,0,13,100.00
1,Camilo Villegas,.00%,0,5,100.00
1,Matt Wallace,.00%,0,8,100.00
1,Cameron Young,.00%,0,8,100.00
58,Russell Henley,11.11%,1,9,88.89
59,Sahith Theegala,14.29%,1,7,85.71
