rank,player,%,Total 3 Putts,Attempts,2 Putt or Better %
1,Ludvig Åberg,0.00%,0,3,100.00
1,Byeong Hun An,0.00%,0,4,100.00
1,Akshay Bhatia,0.00%,0,4,100.00
1,Keegan Bradley,0.00%,0,6,100.00
1,Sam Burns,0.00%,0,9,100.00
1,Patrick Cantlay,0.00%,0,5,100.00
1,Wyndham Clark,0.00%,0,7,100.00
1,Corey Conners,0.00%,0,8,100.00
1,Cam Davis,0.00%,0,6,100.00
1,Jason Day,0.00%,0,5,100.00
1,Nico Echavarria,0.00%,0,3,100.00
1,Harris English,0.00%,0,4,100.00
1,Matt Fitzpatrick,0.00%,0,9,100.00
1,Tommy Fleetwood,0.00%,0,6,100.00
1,Rickie Fowler,0.00%,0,9,100.00
1,Lucas Glover,0.00%,0,4,100.00
1,Emiliano Grillo,0.00%,0,9,100.00
1,Adam Hadwin,0.00%,0,4,100.00
1,Nick Hardy,0.00%,0,3,100.00
1,Brian Harman,0.00%,0,6,100.00
1,Tyrrell Hatton,0.00%,0,6,100.00
1,Russell Henley,0.00%,0,7,100.00
1,Lee Hodges,0.00%,0,6,100.00
1,Tom Hoge,0.00%,0,12,100.00
1,Max Homa,0.00%,0,9,100.00
1,Viktor Hovland,0.00%,0,4,100.00
1,Mackenzie Hughes,0.00%,0,9,100.00
1,Sungjae Im,0.00%,0,5,100.00
1,Si Woo Kim,0.00%,0,8,100.00
1,Tom Kim,0.00%,0,9,100.00
1,Chris Kirk,0.00%,0,2,100.00
1,Kurt Kitayama,0.00%,0,8,100.00
1,Luke List,0.00%,0,4,100.00
1,Hideki Matsuyama,0.00%,0,5,100.00
1,Denny McCarthy,0.00%,0,5,100.00
1,Taylor Moore,0.00%,0,9,100.00
1,Collin Morikawa,0.00%,0,5,100.00
1,Vincent Norrman,0.00%,0,9,100.00
1,J.T. Poston,0.00%,0,5,100.00
1,Seamus Power,0.00%,0,6,100.00
1,Andrew Putnam,0.00%,0,5,100.00
1,Davis Riley,0.00%,0,5,100.00
1,Patrick Rodgers,0.00%,0,5,100.00
1,Justin Rose,0.00%,0,4,100.00
1,Xander Schauffele,0.00%,0,6,100.00
1,Scottie Scheffler,0.00%,0,9,100.00
1,Adam Schenk,0.00%,0,4,100.00
1,Jordan Spieth,0.00%,0,4,100.00
1,Sepp Straka,0.00%,0,7,100.00
1,Nick Taylor,0.00%,0,5,100.00
1,Sahith Theegala,0.00%,0,2,100.00
1,Brendon Todd,0.00%,0,6,100.00
1,Erik van Rooyen,0.00%,0,8,100.00
1,Camilo Villegas,0.00%,0,5,100.00
1,Matt Wallace,0.00%,0,13,100.00
1,Cameron Young,0.00%,0,2,100.00
57,Eric Cole,11.11%,1,9,88.89
58,Adam Svensson,20.00%,1,5,80.00
59,Tony Finau,28.57%,2,7,71.43
