rank,player,%,Total 3 Putts,Total Holes
1,Ludvig Åberg,5.56%,1,18
1,Byeong Hun An,5.56%,1,18
1,Keegan Bradley,5.56%,1,18
1,Eric Cole,5.56%,1,18
1,Corey Conners,5.56%,1,18
1,Harris English,5.56%,1,18
1,Tony Finau,5.56%,1,18
1,Tommy Fleetwood,5.56%,1,18
1,Rickie Fowler,5.56%,1,18
1,Lucas Glover,5.56%,1,18
1,Russell Henley,5.56%,1,18
1,Tom Hoge,5.56%,1,18
1,Max Homa,5.56%,1,18
1,Kurt Kitayama,5.56%,1,18
1,Luke List,5.56%,1,18
1,Taylor Moore,5.56%,1,18
1,Seamus Power,5.56%,1,18
1,Davis Riley,5.56%,1,18
1,Justin Rose,5.56%,1,18
1,Scottie Scheffler,5.56%,1,18
1,Adam Svensson,5.56%,1,18
22,Lee Hodges,11.11%,2,18
22,Patrick Rodgers,11.11%,2,18
22,Adam Schenk,11.11%,2,18
22,Erik van Rooyen,11.11%,2,18
