rank,player,Distance in Inches
1,Ben Crane,68
2,Tim Clark,60
3,Russell Henley,59
4,Jason Day,56
4,Chris Kirk,56
6,Sangmoon Bae,55
6,Ángel Cabrera,55
6,Nick Taylor,55
9,Billy Horschel,53
9,S.Y. Noh,53
11,Patrick Reed,52
12,Zach Johnson,50
13,Steven Bowditch,49
13,Matt Jones,49
13,Ryan Moore,49
13,Geoff Ogilvy,49
17,Jimmy Walker,48
18,Brian Harman,47
18,Matt Kuchar,47
18,Ben Martin,47
18,Scott Stallings,47
18,Robert Streb,47
23,John Senden,46
23,Kevin Streelman,46
23,Bubba Watson,46
26,Matt Every,45
26,Chesson Hadley,45
28,Hunter Mahan,43
28,Hideki Matsuyama,43
28,Brendon Todd,43
28,Camilo Villegas,43
32,J.B. Holmes,42
33,Charley Hoffman,40
