rank,player,Value,Attempts,Total Distance (Feet)
1,Bubba Watson,"1' 7""",43,68.917
2,Matt Jones,"1' 8""",46,77.917
2,Ben Martin,"1' 8""",46,77.750
2,Hideki Matsuyama,"1' 8""",42,70.833
5,Matt Kuchar,"1' 11""",42,81.417
5,Patrick Reed,"1' 11""",42,79.167
7,Steven Bowditch,"2' 0""",46,90.583
7,Jason Day,"2' 0""",45,89.083
7,Brian Harman,"2' 0""",43,87.083
7,Charley Hoffman,"2' 0""",50,101.417
11,Chesson Hadley,"2' 1""",51,107.250
11,Russell Henley,"2' 1""",49,101.083
11,J.B. Holmes,"2' 1""",50,105.083
14,Matt Every,"2' 2""",39,83.333
14,S.Y. Noh,"2' 2""",46,98.917
14,Kevin Streelman,"2' 2""",49,105.083
17,Tim Clark,"2' 3""",44,97.667
17,Brendon Todd,"2' 3""",43,98.250
19,Sangmoon Bae,"2' 4""",47,107.833
19,Geoff Ogilvy,"2' 4""",48,111.000
19,John Senden,"2' 4""",46,107.583
19,Robert Streb,"2' 4""",48,113.167
19,Nick Taylor,"2' 4""",45,106.333
19,Jimmy Walker,"2' 4""",46,106.500
25,Zach Johnson,"2' 5""",39,93.333
25,Ryan Moore,"2' 5""",45,109.000
25,Camilo Villegas,"2' 5""",48,116.000
28,Ben Crane,"2' 6""",42,104.917
28,Scott Stallings,"2' 6""",51,128.583
30,Billy Horschel,"2' 7""",51,131.750
30,Chris Kirk,"2' 7""",42,109.417
30,Hunter Mahan,"2' 7""",54,141.667
33,Ángel Cabrera,"2' 10""",51,142.750
