rank,player,Avg,Distance (feet),Total Putts
1,Scott Stallings,"71' 6""",1.715,2
2,Brian Harman,"65' 8""",2.364,3
3,Robert Streb,"64' 1""",.769,1
4,Zach Johnson,"59' 3""",.711,1
5,Brendon Todd,"59' 1""",1.418,2
6,Matt Every,"58' 2""",1.396,2
6,Charley Hoffman,"58' 2""",2.095,3
8,Ryan Moore,"54' 5""",1.305,2
9,Geoff Ogilvy,"51' 2""",1.842,3
10,Matt Jones,"49' 11""",1.198,2
11,Hunter Mahan,"49' 5""",1.186,2
12,Ángel Cabrera,"48' 6""",.582,1
13,Chris Kirk,"47' 6""",1.139,2
14,Russell Henley,"46' 10""",.562,1
15,Bubba Watson,"46' 4""",.556,1
16,John Senden,"45' 5""",1.635,3
17,Jimmy Walker,"43' 7""",.523,1
18,Billy Horschel,"43' 1""",2.584,5
19,J.B. Holmes,"39' 5""",1.418,3
20,S.Y. Noh,"39' 1""",.937,2
21,Chesson Hadley,"38' 6""",.924,2
22,Sangmoon Bae,"37' 5""",1.347,3
23,Hideki Matsuyama,"37' 2""",.446,1
24,Matt Kuchar,"36' 1""",.433,1
25,Nick Taylor,"32' 8""",1.569,4
26,Steven Bowditch,"31' 6""",1.512,4
27,Camilo Villegas,"30' 7""",1.100,3
28,Tim Clark,"28' 10""",.692,2
29,Patrick Reed,"25' 3""",.303,1
30,Ben Crane,"21' 4""",.769,3
31,Ben Martin,"20' 2""",.483,2
32,Kevin Streelman,"13' 9""",.329,2
