rank,player,Avg,Distance (Feet),Total Putts
1,Russell Henley,"11' 4""",249.417,22
2,Ben Crane,"10' 4""",310.583,30
3,Billy Horschel,"10' 3""",214.833,21
4,Tim Clark,"9' 7""",268.250,28
5,Sangmoon Bae,"9' 4""",233.250,25
6,Jason Day,"9' 3""",249.250,27
6,Nick Taylor,"9' 3""",230.667,25
8,Ángel Cabrera,"9' 0""",188.417,21
8,S.Y. Noh,"9' 0""",224.917,25
10,Ben Martin,"8' 8""",208.500,24
11,Steven Bowditch,"8' 7""",215.500,25
11,Chesson Hadley,"8' 7""",171.167,20
11,Matt Jones,"8' 7""",223.500,26
14,Geoff Ogilvy,"8' 6""",203.083,24
15,Scott Stallings,"8' 4""",167.417,20
16,Patrick Reed,"8' 1""",233.333,29
17,Chris Kirk,"7' 10""",226.750,29
18,Kevin Streelman,"7' 9""",178.583,23
19,Jimmy Walker,"7' 5""",192.833,26
20,J.B. Holmes,"7' 4""",160.667,22
20,Ryan Moore,"7' 4""",197.083,27
22,Matt Kuchar,"7' 3""",202.000,28
22,Bubba Watson,"7' 3""",210.417,29
24,Brian Harman,"7' 1""",205.417,29
24,Hunter Mahan,"7' 1""",120.417,17
26,Robert Streb,"7' 0""",168.000,24
27,Zach Johnson,"6' 10""",224.417,33
28,Charley Hoffman,"6' 9""",148.417,22
28,John Senden,"6' 9""",169.417,25
30,Hideki Matsuyama,"6' 6""",193.917,30
31,Brendon Todd,"6' 2""",178.167,29
32,Matt Every,"6' 1""",200.750,33
32,Camilo Villegas,"6' 1""",146.917,24
