rank,player,Avg,Distance (Feet),Total Putts
1,Scott Stallings,"71' 6""",142.917,2
2,Brian Harman,"65' 8""",197.000,3
3,Robert Streb,"64' 1""",64.083,1
4,Zach Johnson,"60' 4""",120.667,2
5,Brendon Todd,"59' 1""",118.167,2
6,Matt Every,"58' 2""",116.333,2
6,Charley Hoffman,"58' 2""",174.583,3
8,Ryan Moore,"54' 5""",108.750,2
9,Geoff Ogilvy,"51' 2""",153.500,3
10,Matt Jones,"49' 11""",99.833,2
11,Hunter Mahan,"49' 5""",98.833,2
12,Ángel Cabrera,"48' 6""",48.500,1
13,Chris Kirk,"47' 6""",94.917,2
14,Russell Henley,"46' 10""",46.833,1
15,Bubba Watson,"46' 4""",46.333,1
16,John Senden,"45' 5""",136.250,3
17,Jimmy Walker,"43' 7""",43.583,1
18,Billy Horschel,"43' 1""",215.333,5
19,J.B. Holmes,"39' 5""",118.167,3
20,S.Y. Noh,"39' 1""",78.083,2
21,Chesson Hadley,"38' 6""",77.000,2
22,Sangmoon Bae,"37' 5""",112.250,3
23,Hideki Matsuyama,"37' 2""",37.167,1
24,Matt Kuchar,"36' 1""",36.083,1
25,Nick Taylor,"32' 8""",130.750,4
26,Jason Day,"32' 2""",32.167,1
27,Steven Bowditch,"31' 6""",126.000,4
28,Camilo Villegas,"30' 7""",91.667,3
29,Tim Clark,"28' 10""",57.667,2
30,Ben Martin,"27' 8""",83.083,3
31,Patrick Reed,"25' 3""",25.250,1
32,Ben Crane,"21' 4""",64.083,3
33,Kevin Streelman,"13' 9""",27.417,2
