rank,player,Avg,Distance (Feet),Total Putts
1,Ben Crane,"15' 6""",248.250,16
2,Billy Horschel,"14' 7""",174.500,12
3,Nick Taylor,"13' 11""",166.667,12
4,Russell Henley,"12' 5""",211.167,17
5,Steven Bowditch,"12' 1""",169.250,14
6,Ángel Cabrera,"11' 4""",124.750,11
7,Matt Jones,"11' 3""",203.167,18
8,S.Y. Noh,"11' 1""",199.333,18
9,Tim Clark,"10' 11""",207.500,19
10,Patrick Reed,"10' 8""",181.167,17
11,Geoff Ogilvy,"10' 6""",178.833,17
12,Jason Day,"10' 4""",238.167,23
13,Chesson Hadley,"10' 3""",153.417,15
14,Ben Martin,"10' 1""",171.167,17
15,Sangmoon Bae,"10' 0""",200.500,20
16,Matt Kuchar,"9' 8""",154.417,16
16,Kevin Streelman,"9' 8""",134.833,14
18,Brian Harman,"9' 6""",152.000,16
19,Ryan Moore,"9' 4""",149.000,16
20,Scott Stallings,"9' 3""",147.917,16
20,Robert Streb,"9' 3""",139.083,15
22,Chris Kirk,"8' 7""",163.667,19
23,Bubba Watson,"8' 6""",118.917,14
24,Charley Hoffman,"8' 4""",124.500,15
24,Zach Johnson,"8' 4""",190.833,23
26,John Senden,"8' 1""",137.333,17
26,Jimmy Walker,"8' 1""",145.417,18
28,J.B. Holmes,"8' 0""",103.500,13
29,Camilo Villegas,"7' 10""",93.917,12
30,Hunter Mahan,"7' 8""",76.750,10
31,Hideki Matsuyama,"7' 4""",154.083,21
32,Matt Every,"7' 0""",133.167,19
33,Brendon Todd,"6' 9""",134.917,20
