rank,player,Avg,Total Putts,Total Rounds,Low Total Putts
1,Justin Leonard,28.75,115,4,28
2,Stephen Ames,29.00,116,4,26
3,Daniel Chopra,29.25,117,4,28
4,Jonathan Byrd,29.50,118,4,27
5,Charles Howell III,30.00,120,4,28
5,Brandt Snedeker,30.00,120,4,29
7,Aaron Baddeley,30.25,121,4,27
7,Steve Stricker,30.25,121,4,27
7,Mike Weir,30.25,121,4,28
10,Steve Flesch,30.50,122,4,29
11,Jim Furyk,30.75,123,4,28
12,George McNeill,31.00,124,4,28
12,Scott Verplank,31.00,124,4,30
14,Ángel Cabrera,31.25,125,4,30
14,Chad Campbell,31.25,125,4,30
14,Zach Johnson,31.25,125,4,27
14,Hunter Mahan,31.25,125,4,30
18,Woody Austin,31.50,126,4,30
18,K.J. Choi,31.50,126,4,28
18,Paul Goydos,31.50,126,4,27
18,Rory Sabbatini,31.50,126,4,28
22,Mark Calcavecchia,31.75,127,4,29
22,Boo Weekley,31.75,127,4,27
24,Henrik Stenson,32.00,128,4,30
25,Nick Watney,32.25,129,4,30
26,Brian Bateman,32.50,130,4,29
26,Joe Ogilvie,32.50,130,4,31
28,Fred Funk,32.75,131,4,32
29,Vijay Singh,33.00,132,4,33
30,Mark Wilson,33.25,133,4,31
31,Charley Hoffman,33.50,134,4,32
