rank,player,%,Total 3 Putts,Total Holes (overall)
1,Jonathan Byrd,.00,0,72
1,Charles Howell III,.00,0,72
3,Zach Johnson,1.39,1,72
3,Justin Leonard,1.39,1,72
3,Steve Stricker,1.39,1,72
3,Mike Weir,1.39,1,72
7,Stephen Ames,2.78,2,72
7,Aaron Baddeley,2.78,2,72
7,Daniel Chopra,2.78,2,72
7,Steve Flesch,2.78,2,72
7,Jim Furyk,2.78,2,72
7,Rory Sabbatini,2.78,2,72
7,Scott Verplank,2.78,2,72
7,Nick Watney,2.78,2,72
15,Brian Bateman,4.17,3,72
15,Chad Campbell,4.17,3,72
15,Paul Goydos,4.17,3,72
15,Boo Weekley,4.17,3,72
19,K.J. Choi,5.56,4,72
19,Charley Hoffman,5.56,4,72
19,Hunter Mahan,5.56,4,72
19,Joe Ogilvie,5.56,4,72
19,Vijay Singh,5.56,4,72
19,Mark Wilson,5.56,4,72
25,Woody Austin,6.94,5,72
25,Ángel Cabrera,6.94,5,72
25,George McNeill,6.94,5,72
28,Mark Calcavecchia,8.33,6,72
28,Fred Funk,8.33,6,72
28,Brandt Snedeker,8.33,6,72
28,Henrik Stenson,8.33,6,72
