rank,player,Avg,Total SG:APP,Measured Rounds
1,Zach Johnson,1.862,7.448,4
2,Brian Gay,1.392,5.566,4
3,Ryan Moore,1.390,5.560,4
4,Jason Dufner,1.165,4.659,4
5,Chris Kirk,1.104,4.414,4
6,Dustin Johnson,.768,3.073,4
7,Woody Austin,.660,2.640,4
8,Kevin Streelman,.642,2.568,4
9,Matt Kuchar,.609,2.437,4
10,Harris English,.548,2.191,4
11,Russell Henley,.425,1.699,4
12,Ken Duke,.413,1.652,4
13,Boo Weekley,.355,1.418,4
14,Jordan Spieth,.280,1.120,4
15,Billy Horschel,.040,.160,4
16,Bill Haas,-.022,-.086,4
17,Jimmy Walker,-.141,-.563,4
18,Webb Simpson,-.161,-.644,4
19,Michael Thompson,-.173,-.693,4
20,Gary Woodland,-.181,-.725,4
21,Brandt Snedeker,-.349,-1.397,4
22,Martin Laird,-.382,-1.526,4
23,D.A. Points,-.567,-2.268,4
24,John Merrick,-.833,-3.332,4
25,Sangmoon Bae,-1.003,-4.011,4
26,Adam Scott,-1.028,-4.113,4
27,Scott Brown,-1.444,-5.775,4
28,Patrick Reed,-1.558,-6.233,4
29,Jonas Blixt,-1.683,-6.732,4
30,Derek Ernst,-2.128,-8.513,4
