rank,player,Avg,Total SG:Putting,Measured Rounds
1,Adam Scott,1.177,4.709,4
2,Jonas Blixt,1.152,4.606,4
3,Webb Simpson,1.081,4.324,4
4,Jordan Spieth,1.019,4.076,4
5,Ken Duke,.979,3.916,4
6,Sangmoon Bae,.913,3.651,4
7,Kevin Streelman,.898,3.592,4
8,Woody Austin,.852,3.406,4
9,Jimmy Walker,.834,3.334,4
10,Patrick Reed,.686,2.744,4
11,Brandt Snedeker,.670,2.680,4
12,Brian Gay,.598,2.391,4
13,Billy Horschel,.547,2.186,4
14,Matt Kuchar,.321,1.283,4
15,Dustin Johnson,.232,.929,4
16,Ryan Moore,.141,.565,4
17,Zach Johnson,.020,.079,4
18,Scott Brown,-.134,-.534,4
19,Martin Laird,-.285,-1.140,4
20,Gary Woodland,-.322,-1.289,4
21,Michael Thompson,-.464,-1.857,4
22,Jason Dufner,-.533,-2.130,4
22,Russell Henley,-.533,-2.133,4
24,Harris English,-.740,-2.960,4
25,Chris Kirk,-.806,-3.224,4
26,John Merrick,-1.138,-4.552,4
27,Derek Ernst,-1.495,-5.978,4
27,Bill Haas,-1.495,-5.981,4
29,D.A. Points,-1.784,-7.134,4
30,Boo Weekley,-2.391,-9.563,4
