rank,player,Avg,Total SG:ARG,Measured Rounds
1,Zach Johnson,.788,3.150,4
2,Jason Dufner,.759,3.035,4
3,Scott Brown,.564,2.256,4
4,Jonas Blixt,.541,2.162,4
5,D.A. Points,.507,2.029,4
6,Brandt Snedeker,.490,1.960,4
7,Michael Thompson,.424,1.697,4
8,Bill Haas,.404,1.614,4
9,Patrick Reed,.334,1.336,4
10,Webb Simpson,.320,1.278,4
11,Kevin Streelman,.226,.902,4
12,Chris Kirk,.189,.757,4
13,Harris English,.125,.500,4
13,Billy Horschel,.125,.499,4
15,Jordan Spieth,.108,.433,4
16,Gary Woodland,.102,.408,4
17,Adam Scott,.064,.255,4
18,Boo Weekley,-.087,-.349,4
19,Jimmy Walker,-.105,-.419,4
20,Matt Kuchar,-.198,-.791,4
21,Ryan Moore,-.201,-.804,4
22,Martin Laird,-.273,-1.093,4
23,Ken Duke,-.294,-1.174,4
24,Woody Austin,-.300,-1.198,4
25,John Merrick,-.316,-1.265,4
26,Dustin Johnson,-.398,-1.593,4
27,Derek Ernst,-.402,-1.609,4
28,Sangmoon Bae,-.813,-3.253,4
29,Brian Gay,-1.032,-4.127,4
30,Russell Henley,-1.651,-6.602,4
