rank,player,Avg,Total 2 Putts,Total Rounds
1,Rory McIlroy,13.50,54,4
2,Keegan Bradley,12.50,50,4
3,Billy Horschel,12.25,49,4
3,Jon Rahm,12.25,49,4
5,Satoshi Kodaira,12.00,48,4
6,"Ted Potter, Jr.",11.75,47,4
6,Ian Poulter,11.75,47,4
8,Brice Garnett,11.50,46,4
8,Webb Simpson,11.50,46,4
8,Aaron Wise,11.50,46,4
11,Paul Casey,11.25,45,4
11,Brooks Koepka,11.25,45,4
11,Justin Thomas,11.25,45,4
11,Gary Woodland,11.25,45,4
15,Marc Leishman,11.00,44,4
15,Francesco Molinari,11.00,44,4
15,Brandt Snedeker,11.00,44,4
18,Matt Kuchar,10.75,43,4
18,Andrew Landry,10.75,43,4
18,Patrick Reed,10.75,43,4
18,Xander Schauffele,10.75,43,4
22,Troy Merritt,10.50,42,4
23,Cameron Champ,10.25,41,4
23,Charles Howell III,10.25,41,4
25,Jason Day,10.00,40,4
25,Scott Piercy,10.00,40,4
27,Patton Kizzire,9.75,39,4
27,Andrew Putnam,9.75,39,4
27,Kevin Tway,9.75,39,4
30,Bryson DeChambeau,9.50,38,4
30,Dustin Johnson,9.50,38,4
30,Bubba Watson,9.50,38,4
33,Michael Kim,8.00,32,4
