rank,player,Avg,Total Putts,Total Rounds
1,Bryson DeChambeau,25.00,25,1
2,Dustin Johnson,26.00,26,1
2,Andrew Putnam,26.00,26,1
2,Kevin Tway,26.00,26,1
5,Jason Day,27.00,27,1
5,Andrew Landry,27.00,27,1
5,Marc Leishman,27.00,27,1
5,Patrick Reed,27.00,27,1
9,Cameron Champ,28.00,28,1
9,Francesco Molinari,28.00,28,1
11,Keegan Bradley,29.00,29,1
11,Michael Kim,29.00,29,1
11,Scott Piercy,29.00,29,1
11,Ian Poulter,29.00,29,1
11,Gary Woodland,29.00,29,1
16,Brice Garnett,30.00,30,1
16,Patton Kizzire,30.00,30,1
16,Brandt Snedeker,30.00,30,1
16,Justin Thomas,30.00,30,1
20,Billy Horschel,31.00,31,1
20,Matt Kuchar,31.00,31,1
20,Troy Merritt,31.00,31,1
20,Jon Rahm,31.00,31,1
20,Aaron Wise,31.00,31,1
25,Satoshi Kodaira,32.00,32,1
25,Brooks Koepka,32.00,32,1
25,"Ted Potter, Jr.",32.00,32,1
25,Xander Schauffele,32.00,32,1
25,Webb Simpson,32.00,32,1
30,Paul Casey,33.00,33,1
30,Charles Howell III,33.00,33,1
30,Bubba Watson,33.00,33,1
33,Rory McIlroy,34.00,34,1
