rank,player,Avg,Total Putts,Total Rounds
1,Michael Kim,25.00,25,1
2,Bryson DeChambeau,27.00,27,1
3,Jason Day,28.00,28,1
3,Xander Schauffele,28.00,28,1
5,Keegan Bradley,29.00,29,1
5,Paul Casey,29.00,29,1
5,Cameron Champ,29.00,29,1
5,Billy Horschel,29.00,29,1
5,Matt Kuchar,29.00,29,1
5,Rory McIlroy,29.00,29,1
5,Francesco Molinari,29.00,29,1
5,Kevin Tway,29.00,29,1
5,Gary Woodland,29.00,29,1
14,Dustin Johnson,30.00,30,1
14,Patton Kizzire,30.00,30,1
14,Webb Simpson,30.00,30,1
14,Brandt Snedeker,30.00,30,1
18,Brice Garnett,31.00,31,1
18,Charles Howell III,31.00,31,1
18,Brooks Koepka,31.00,31,1
18,Andrew Landry,31.00,31,1
18,Marc Leishman,31.00,31,1
18,Scott Piercy,31.00,31,1
18,"Ted Potter, Jr.",31.00,31,1
25,Satoshi Kodaira,32.00,32,1
25,Troy Merritt,32.00,32,1
25,Andrew Putnam,32.00,32,1
25,Aaron Wise,32.00,32,1
29,Ian Poulter,33.00,33,1
29,Jon Rahm,33.00,33,1
29,Patrick Reed,33.00,33,1
29,Justin Thomas,33.00,33,1
33,Bubba Watson,36.00,36,1
