rank,player,Avg,Total Putts,Total Rounds
1,Xander Schauffele,25.00,25,1
2,Charles Howell III,26.00,26,1
2,Troy Merritt,26.00,26,1
2,Justin Thomas,26.00,26,1
5,Andrew Putnam,27.00,27,1
5,Webb Simpson,27.00,27,1
7,Brice Garnett,28.00,28,1
7,Patton Kizzire,28.00,28,1
7,"Ted Potter, Jr.",28.00,28,1
7,Brandt Snedeker,28.00,28,1
11,Jason Day,29.00,29,1
11,Michael Kim,29.00,29,1
11,Satoshi Kodaira,29.00,29,1
11,Brooks Koepka,29.00,29,1
11,Matt Kuchar,29.00,29,1
11,Scott Piercy,29.00,29,1
11,Jon Rahm,29.00,29,1
18,Dustin Johnson,30.00,30,1
18,Francesco Molinari,30.00,30,1
20,Paul Casey,31.00,31,1
20,Andrew Landry,31.00,31,1
20,Ian Poulter,31.00,31,1
20,Kevin Tway,31.00,31,1
20,Bubba Watson,31.00,31,1
20,Aaron Wise,31.00,31,1
26,Cameron Champ,32.00,32,1
26,Bryson DeChambeau,32.00,32,1
26,Billy Horschel,32.00,32,1
26,Gary Woodland,32.00,32,1
30,Marc Leishman,33.00,33,1
30,Rory McIlroy,33.00,33,1
30,Patrick Reed,33.00,33,1
33,Keegan Bradley,36.00,36,1
