rank,player,Avg,Total 3 Putts,Total Rounds
1,Bubba Watson,3.00,12,4
2,Cameron Champ,1.25,5,4
2,Patrick Reed,1.25,5,4
4,Michael Kim,1.00,4,4
4,Patton Kizzire,1.00,4,4
4,Scott Piercy,1.00,4,4
4,Ian Poulter,1.00,4,4
4,Aaron Wise,1.00,4,4
9,Keegan Bradley,.75,3,4
9,Jason Day,.75,3,4
9,Bryson DeChambeau,.75,3,4
9,Matt Kuchar,.75,3,4
9,Andrew Landry,.75,3,4
9,Kevin Tway,.75,3,4
15,Billy Horschel,.50,2,4
15,Charles Howell III,.50,2,4
15,Brooks Koepka,.50,2,4
15,Marc Leishman,.50,2,4
15,Francesco Molinari,.50,2,4
15,Justin Thomas,.50,2,4
15,Gary Woodland,.50,2,4
22,Paul Casey,.25,1,4
22,Brice Garnett,.25,1,4
22,Dustin Johnson,.25,1,4
22,Satoshi Kodaira,.25,1,4
22,Troy Merritt,.25,1,4
22,"Ted Potter, Jr.",.25,1,4
22,Andrew Putnam,.25,1,4
22,Jon Rahm,.25,1,4
22,Xander Schauffele,.25,1,4
22,Webb Simpson,.25,1,4
22,Brandt Snedeker,.25,1,4
