rank,player,Avg,Total Putts,Total Rounds
1,Dustin Johnson,25.00,25,1
2,Paul Casey,26.00,26,1
2,Troy Merritt,26.00,26,1
4,Michael Kim,28.00,28,1
4,Brooks Koepka,28.00,28,1
4,Andrew Putnam,28.00,28,1
7,Marc Leishman,29.00,29,1
7,Brandt Snedeker,29.00,29,1
9,Charles Howell III,30.00,30,1
9,Patton Kizzire,30.00,30,1
9,Matt Kuchar,30.00,30,1
9,Rory McIlroy,30.00,30,1
9,Scott Piercy,30.00,30,1
9,"Ted Potter, Jr.",30.00,30,1
9,Jon Rahm,30.00,30,1
9,Xander Schauffele,30.00,30,1
9,Webb Simpson,30.00,30,1
9,Gary Woodland,30.00,30,1
19,Brice Garnett,31.00,31,1
19,Andrew Landry,31.00,31,1
19,Justin Thomas,31.00,31,1
19,Kevin Tway,31.00,31,1
19,Aaron Wise,31.00,31,1
24,Keegan Bradley,32.00,32,1
24,Jason Day,32.00,32,1
24,Bryson DeChambeau,32.00,32,1
24,Billy Horschel,32.00,32,1
24,Satoshi Kodaira,32.00,32,1
24,Patrick Reed,32.00,32,1
24,Bubba Watson,32.00,32,1
31,Cameron Champ,33.00,33,1
31,Francesco Molinari,33.00,33,1
33,Ian Poulter,34.00,34,1
