rank,player,Avg,Total Strokes,Total Rounds
1,Joaquin Niemann,66.00,66,1
2,Tyler Duncan,69.00,69,1
2,Matthew Wolff,69.00,69,1
4,Lanto Griffin,71.00,71,1
4,Nate Lashley,71.00,71,1
4,Collin Morikawa,71.00,71,1
4,Brendon Todd,71.00,71,1
8,Dylan Frittelli,72.00,72,1
8,Sebastián Muñoz,72.00,72,1
10,Cameron Champ,73.00,73,1
10,Jim Herman,73.00,73,1
12,Adam Long,74.00,74,1
12,Graeme McDowell,74.00,74,1
12,Martin Trainer,74.00,74,1
15,Max Homa,75.00,75,1
16,Keith Mitchell,76.00,76,1
16,Kevin Na,76.00,76,1
18,J.B. Holmes,78.00,78,1
