rank,player,Avg,Total Strokes,Total Rounds
1,Tyler Duncan,68.00,68,1
1,Kevin Kisner,68.00,68,1
3,Paul Casey,69.00,69,1
3,Cameron Champ,69.00,69,1
3,Jim Herman,69.00,69,1
6,Max Homa,71.00,71,1
6,Dustin Johnson,71.00,71,1
8,Sebastián Muñoz,72.00,72,1
9,Dylan Frittelli,73.00,73,1
9,Sung Kang,73.00,73,1
9,Keith Mitchell,73.00,73,1
9,Chez Reavie,73.00,73,1
13,Brendon Todd,74.00,74,1
14,Adam Long,75.00,75,1
14,Ryan Palmer,75.00,75,1
16,J.B. Holmes,76.00,76,1
17,Kevin Na,77.00,77,1
17,Martin Trainer,77.00,77,1
