rank,player,Avg,Total Strokes,Total Early Rounds
1,Joaquin Niemann,66.00,66,1
1,Patrick Reed,66.00,66,1
3,Matthew Wolff,69.00,69,1
3,Gary Woodland,69.00,69,1
5,Kevin Kisner,70.00,140,2
6,Tyler Duncan,70.67,212,3
7,Lanto Griffin,71.00,71,1
7,Dustin Johnson,71.00,142,2
7,Nate Lashley,71.00,71,1
7,Collin Morikawa,71.00,71,1
11,Sebastián Muñoz,71.33,214,3
12,Corey Conners,71.50,143,2
13,Graeme McDowell,71.67,215,3
14,Paul Casey,72.00,216,3
14,Cameron Champ,72.00,288,4
16,Adam Long,72.75,291,4
17,Max Homa,73.00,292,4
17,Ryan Palmer,73.00,146,2
17,Chez Reavie,73.00,219,3
20,Jim Herman,73.25,293,4
21,Sung Kang,73.33,220,3
21,Brendon Todd,73.33,220,3
23,J.B. Holmes,74.00,296,4
24,Dylan Frittelli,74.25,297,4
25,Keith Mitchell,75.50,302,4
25,Kevin Na,75.50,302,4
27,Martin Trainer,77.50,310,4
