rank,player,Low Rnd
1,Joaquin Niemann,66
1,Patrick Reed,66
3,Tyler Duncan,68
3,Kevin Kisner,68
5,Paul Casey,69
5,Cameron Champ,69
5,Jim Herman,69
5,Graeme McDowell,69
5,Matthew Wolff,69
5,Gary Woodland,69
11,Corey Conners,70
11,Sebastián Muñoz,70
13,Lanto Griffin,71
13,J.B. Holmes,71
13,Max Homa,71
13,Dustin Johnson,71
13,Nate Lashley,71
13,Adam Long,71
13,Collin Morikawa,71
13,Ryan Palmer,71
13,Chez Reavie,71
13,Brendon Todd,71
23,Dylan Frittelli,72
23,Keith Mitchell,72
25,Sung Kang,73
26,Kevin Na,74
26,Martin Trainer,74
