rank,player,Avg,Total Strokes,Total Rounds
1,Patrick Reed,66.00,66,1
2,Graeme McDowell,69.00,69,1
2,Gary Woodland,69.00,69,1
4,Corey Conners,70.00,70,1
5,J.B. Holmes,71.00,71,1
5,Dustin Johnson,71.00,71,1
5,Adam Long,71.00,71,1
5,Chez Reavie,71.00,71,1
9,Paul Casey,72.00,72,1
9,Max Homa,72.00,72,1
9,Kevin Kisner,72.00,72,1
9,Keith Mitchell,72.00,72,1
13,Jim Herman,73.00,73,1
13,Sung Kang,73.00,73,1
15,Cameron Champ,74.00,74,1
15,Kevin Na,74.00,74,1
17,Dylan Frittelli,77.00,77,1
17,Martin Trainer,77.00,77,1
