rank,player,Avg,Total Club Head Speed,Total Attempts
1,Robert Garrigus,123.43,493.72,4
2,Bubba Watson,122.44,489.77,4
3,Dustin Johnson,121.87,487.47,4
4,Bill Haas,117.38,469.53,4
5,Charley Hoffman,117.07,351.21,3
6,Derek Lamely,115.25,461.00,4
7,Justin Rose,115.11,460.46,4
8,Adam Scott,114.95,459.81,4
9,Graeme McDowell,114.46,457.84,4
10,Jonathan Byrd,114.34,457.35,4
11,Matt Bettencourt,113.75,454.99,4
12,Stuart Appleby,113.70,454.80,4
13,Jason Day,113.47,453.90,4
14,Ernie Els,113.30,453.21,4
15,Ryan Palmer,112.74,450.96,4
16,Anthony Kim,112.11,448.46,4
17,Hunter Mahan,110.73,442.94,4
18,Matt Kuchar,110.33,441.33,4
19,Bill Lunde,110.14,440.56,4
20,Jason Bohn,109.73,548.64,5
21,Ian Poulter,109.33,437.34,4
22,Arjun Atwal,109.20,546.02,5
23,Cameron Beckman,108.78,435.13,4
24,Ben Crane,108.66,434.63,4
25,Steve Stricker,108.53,325.60,3
26,Carl Pettersson,108.12,432.50,4
27,Francesco Molinari,108.00,324.00,3
28,Jim Furyk,107.70,323.10,3
29,Tim Clark,106.17,424.67,4
30,Zach Johnson,104.74,418.97,4
31,Rocco Mediate,104.57,418.28,4
32,Heath Slocum,104.54,418.17,4
