rank,player,Combined Rank,Carry Efficiency Rank,Total Dist. Effic. Rank
1,Jason Day,4,1,3
2,Jim Furyk,8,4,4
3,Ryan Palmer,11,6,5
4,Tim Clark,13,12,1
4,Bill Lunde,13,7,6
6,Zach Johnson,15,8,7
7,Steve Stricker,18,16,2
8,Derek Lamely,20,3,17
8,Rocco Mediate,20,5,15
10,Bill Haas,21,9,12
11,Jason Bohn,23,2,21
12,Hunter Mahan,27,13,14
13,Ian Poulter,28,18,10
14,Charley Hoffman,29,10,19
15,Dustin Johnson,30,14,16
16,Carl Pettersson,32,20,12
17,Bubba Watson,38,29,9
18,Stuart Appleby,39,32,7
18,Justin Rose,39,28,11
18,Heath Slocum,39,15,24
21,Jonathan Byrd,40,11,29
22,Francesco Molinari,45,19,26
23,Matt Bettencourt,47,27,20
23,Anthony Kim,47,25,22
23,Adam Scott,47,24,23
26,Robert Garrigus,48,31,17
27,Matt Kuchar,49,17,32
28,Arjun Atwal,50,22,28
28,Ben Crane,50,23,27
30,Cameron Beckman,51,21,30
30,Ernie Els,51,26,25
32,Graeme McDowell,61,30,31
