rank,player,Avg,Total Spin Speed,Total Attempts
1,Bill Haas,"3,209.3","12,837",4
2,Graeme McDowell,"3,084.7","9,254",3
3,Justin Rose,"2,906.5","11,626",4
4,Adam Scott,"2,817.5","11,270",4
5,Stuart Appleby,"2,773.7","8,321",3
6,Steve Stricker,"2,698.3","8,095",3
7,Derek Lamely,"2,657.0","10,628",4
8,Rocco Mediate,"2,638.5","10,554",4
9,Charley Hoffman,"2,629.0","7,887",3
10,Ernie Els,"2,624.0","5,248",2
11,Ben Crane,"2,621.3","10,485",4
12,Ian Poulter,"2,584.5","10,338",4
13,Jason Bohn,"2,551.8","12,759",5
14,Matt Kuchar,"2,544.3","7,633",3
15,Francesco Molinari,"2,534.0","7,602",3
16,Bubba Watson,"2,531.3","7,594",3
17,Anthony Kim,"2,520.5","10,082",4
18,Jonathan Byrd,"2,466.0","7,398",3
19,Arjun Atwal,"2,454.0","4,908",2
20,Cameron Beckman,"2,423.5","4,847",2
21,Zach Johnson,"2,330.0","6,990",3
22,Robert Garrigus,"2,322.5","9,290",4
23,Dustin Johnson,"2,279.0","9,116",4
24,Hunter Mahan,"2,257.5","9,030",4
25,Jason Day,"2,222.5","8,890",4
26,Heath Slocum,"2,189.0","8,756",4
27,Matt Bettencourt,"2,134.5","8,538",4
28,Bill Lunde,"2,086.8","8,347",4
29,Tim Clark,"2,055.8","8,223",4
30,Ryan Palmer,"2,047.0","6,141",3
31,Jim Furyk,"1,947.7","5,843",3
32,Carl Pettersson,"1,841.5","3,683",2
