rank,player,Avg,Total Dist. to Impact,Total Attempts
1,Dustin Johnson,297.5,"1,189.8",4
2,Jason Day,294.7,884.0,3
3,Robert Garrigus,290.4,"1,161.5",4
4,Bill Haas,289.6,868.7,3
5,Bubba Watson,289.5,"1,158.2",4
6,Charley Hoffman,287.4,862.2,3
7,Derek Lamely,287.2,"1,148.7",4
8,Jonathan Byrd,279.5,838.4,3
9,Ryan Palmer,278.2,"1,112.6",4
10,Adam Scott,275.2,"1,100.6",4
11,Jason Bohn,273.6,"1,367.9",5
12,Justin Rose,272.7,"1,090.7",4
13,Bill Lunde,271.5,"1,086.1",4
14,Hunter Mahan,270.8,"1,083.1",4
15,Graeme McDowell,270.0,"1,080.1",4
16,Ernie Els,269.6,"1,078.3",4
17,Matt Bettencourt,269.5,"1,078.2",4
18,Matt Kuchar,269.1,807.3,3
19,Jim Furyk,267.9,803.8,3
20,Anthony Kim,267.2,"1,068.8",4
21,Ian Poulter,265.3,"1,061.4",4
22,Steve Stricker,264.2,792.5,3
23,Arjun Atwal,262.3,"1,311.5",5
24,Cameron Beckman,261.9,785.6,3
25,Francesco Molinari,261.2,783.7,3
26,Ben Crane,260.7,"1,043.0",4
27,Carl Pettersson,260.5,"1,042.0",4
28,Tim Clark,259.7,"1,038.7",4
29,Rocco Mediate,259.6,"1,038.3",4
30,Stuart Appleby,258.7,776.1,3
31,Zach Johnson,258.1,"1,032.5",4
32,Heath Slocum,254.7,"1,018.7",4
