rank,player,Avg,Total Actual Hang Time,Total Attempts
1,Bill Haas,7.2,28.7,4
2,Derek Lamely,7.1,28.3,4
3,Jason Day,7.0,27.9,4
3,Charley Hoffman,7.0,21.0,3
5,Ben Crane,6.9,27.7,4
5,Ian Poulter,6.9,27.8,4
7,Dustin Johnson,6.8,27.1,4
7,Hunter Mahan,6.8,27.3,4
7,Graeme McDowell,6.8,27.3,4
7,Adam Scott,6.8,27.1,4
11,Anthony Kim,6.7,27.0,4
11,Francesco Molinari,6.7,20.2,3
11,Ryan Palmer,6.7,26.9,4
11,Steve Stricker,6.7,20.1,3
15,Zach Johnson,6.6,26.5,4
15,Rocco Mediate,6.6,26.4,4
17,Jason Bohn,6.5,32.6,5
17,Jonathan Byrd,6.5,25.8,4
17,Robert Garrigus,6.5,25.8,4
17,Bill Lunde,6.5,26.0,4
21,Arjun Atwal,6.3,31.6,5
21,Matt Kuchar,6.3,18.9,3
21,Justin Rose,6.3,25.4,4
21,Heath Slocum,6.3,25.0,4
25,Stuart Appleby,6.2,24.9,4
25,Ernie Els,6.2,24.8,4
27,Tim Clark,6.1,24.3,4
27,Carl Pettersson,6.1,24.6,4
29,Cameron Beckman,6.0,18.1,3
29,Bubba Watson,6.0,24.0,4
31,Matt Bettencourt,5.8,23.3,4
31,Jim Furyk,5.8,17.5,3
