rank,player,Avg,Total Vert. Launch Angle,Total Attempts
1,Ben Crane,12.90,51.62,4
2,Ryan Palmer,12.58,50.31,4
3,Arjun Atwal,12.48,62.40,5
4,Zach Johnson,12.35,49.41,4
5,Heath Slocum,11.54,46.17,4
6,Carl Pettersson,11.52,46.09,4
7,Jason Day,11.21,44.84,4
8,Robert Garrigus,11.11,44.45,4
9,Derek Lamely,11.04,44.18,4
10,Ian Poulter,11.00,44.01,4
11,Tim Clark,10.95,43.80,4
12,Rocco Mediate,10.80,43.22,4
13,Jason Bohn,10.74,53.70,5
14,Cameron Beckman,10.70,42.79,4
15,Jim Furyk,10.69,32.08,3
16,Ernie Els,10.52,42.08,4
17,Francesco Molinari,10.21,30.64,3
18,Matt Bettencourt,10.20,40.82,4
19,Dustin Johnson,10.19,40.76,4
20,Bill Lunde,10.13,30.39,3
21,Justin Rose,9.84,39.36,4
22,Hunter Mahan,9.80,39.22,4
23,Steve Stricker,9.78,29.33,3
24,Anthony Kim,9.44,37.76,4
25,Matt Kuchar,9.39,37.56,4
26,Adam Scott,9.28,27.85,3
27,Charley Hoffman,9.07,27.21,3
28,Jonathan Byrd,9.01,36.06,4
29,Graeme McDowell,8.82,35.27,4
30,Stuart Appleby,8.53,34.11,4
31,Bill Haas,8.19,32.76,4
32,Bubba Watson,4.58,13.74,3
