rank,player,Avg,Total Apex Range,Total Attempts
1,Dustin Johnson,193.5,774.1,4
2,Bill Haas,192.4,769.8,4
3,Charley Hoffman,191.8,575.4,3
4,Bubba Watson,190.9,763.5,4
5,Derek Lamely,187.5,750.1,4
6,Adam Scott,186.2,745.0,4
7,Robert Garrigus,185.0,740.0,4
8,Jason Day,184.2,736.8,4
9,Anthony Kim,180.5,722.2,4
10,Graeme McDowell,179.6,718.2,4
11,Jonathan Byrd,178.4,713.8,4
12,Ian Poulter,177.6,710.5,4
13,Hunter Mahan,176.7,706.6,4
14,Justin Rose,175.7,702.8,4
15,Francesco Molinari,175.0,525.1,3
16,Bill Lunde,174.3,697.2,4
16,Ryan Palmer,174.3,697.4,4
18,Matt Kuchar,173.6,520.8,3
19,Jason Bohn,173.5,867.5,5
20,Stuart Appleby,173.4,693.7,4
21,Ben Crane,171.7,686.8,4
22,Ernie Els,171.3,685.2,4
23,Steve Stricker,169.9,509.7,3
24,Matt Bettencourt,167.7,670.9,4
25,Cameron Beckman,165.4,496.1,3
26,Arjun Atwal,163.8,819.2,5
27,Zach Johnson,161.7,646.9,4
28,Rocco Mediate,161.5,646.1,4
29,Jim Furyk,161.4,484.3,3
29,Carl Pettersson,161.4,645.5,4
31,Tim Clark,159.2,636.7,4
32,Heath Slocum,156.4,625.5,4
