rank,player,%,Successes,Attempts,RTP-Successes,RTP-Not going for the grn
1,Kevin Na,60.00,6,10,-6,-3.00
2,Gary Woodland,50.00,9,18,-10,+3.00
3,Bryce Molder,44.44,4,9,-5,-8.00
4,Steve Stricker,43.75,7,16,-6,-4.00
5,Rory Sabbatini,42.86,6,14,-7,-4.00
6,Bill Haas,42.11,8,19,-5,E
7,Nick Watney,40.00,6,15,-5,-1.00
8,Bubba Watson,39.13,9,23,-9,+4.00
9,Jhonattan Vegas,38.10,8,21,-6,E
10,K.J. Choi,37.50,6,16,-6,-4.00
11,Scott Stallings,36.00,9,25,-9,-1.00
12,Michael Bradley,33.33,5,15,-3,E
12,Ben Crane,33.33,6,18,-6,-2.00
12,Johnson Wagner,33.33,4,12,-4,-4.00
12,Mark Wilson,33.33,3,9,-3,-3.00
16,Aaron Baddeley,31.25,5,16,-6,E
16,Harrison Frazar,31.25,5,16,-4,-1.00
18,Keegan Bradley,30.43,7,23,-7,-2.00
19,Jonathan Byrd,29.41,5,17,-5,-6.00
19,D.A. Points,29.41,5,17,-5,-1.00
21,Webb Simpson,27.78,5,18,-7,-2.00
22,Scott Piercy,25.00,5,20,-4,-1.00
23,David Toms,20.00,1,5,-1,-4.00
24,Chris Kirk,18.75,3,16,-3,-1.00
25,Martin Laird,17.39,4,23,-4,-4.00
26,Sean O'Hair,15.79,3,19,-3,-6.00
27,Brendan Steele,13.33,2,15,E,-3.00
