rank,player,%,Attempts
1,Scott Piercy,100.00,16
2,Keegan Bradley,93.75,15
2,Jonathan Byrd,93.75,15
2,Harrison Frazar,93.75,15
2,Bill Haas,93.75,15
2,Martin Laird,93.75,15
2,D.A. Points,93.75,15
2,Scott Stallings,93.75,15
2,Steve Stricker,93.75,15
2,Jhonattan Vegas,93.75,15
2,Gary Woodland,93.75,15
12,K.J. Choi,87.50,14
12,Sean O'Hair,87.50,14
12,Webb Simpson,87.50,14
15,Aaron Baddeley,81.25,13
15,Michael Bradley,81.25,13
15,Ben Crane,81.25,13
15,Bubba Watson,81.25,13
19,Rory Sabbatini,75.00,12
19,Johnson Wagner,75.00,12
19,Nick Watney,75.00,12
22,Chris Kirk,68.75,11
22,Brendan Steele,68.75,11
24,Kevin Na,62.50,10
25,Mark Wilson,56.25,9
26,Bryce Molder,50.00,8
27,David Toms,31.25,5
