rank,player,Avg,Total Dist after GFG Shot,Total GFG Shots
1,Bubba Watson,19.2,"15,927.000",23
2,Gary Woodland,19.6,"12,712.000",18
3,Kevin Na,20.3,"7,315.000",10
4,Scott Stallings,21.5,"19,378.000",25
5,Aaron Baddeley,22.4,"12,889.000",16
6,Harrison Frazar,23.1,"13,284.000",16
7,Rory Sabbatini,23.7,"11,964.000",14
8,Steve Stricker,23.8,"13,691.000",16
8,Jhonattan Vegas,23.8,"18,008.000",21
10,Nick Watney,24.3,"13,134.000",15
11,Martin Laird,25.2,"20,862.000",23
11,Bryce Molder,25.2,"8,160.000",9
13,K.J. Choi,25.4,"14,645.000",16
14,Chris Kirk,25.7,"14,813.000",16
15,Michael Bradley,25.8,"13,907.000",15
16,Keegan Bradley,26.1,"21,576.000",23
17,Bill Haas,27.4,"18,734.000",19
18,Ben Crane,27.5,"17,842.000",18
19,D.A. Points,27.6,"16,914.000",17
20,Webb Simpson,28.2,"18,295.000",18
21,Jonathan Byrd,28.8,"17,602.000",17
22,Scott Piercy,29.9,"21,505.000",20
23,Sean O'Hair,30.6,"20,917.000",19
24,Johnson Wagner,31.1,"13,429.000",12
25,Brendan Steele,37.3,"20,127.000",15
26,David Toms,44.1,"7,933.000",5
27,Mark Wilson,55.8,"18,090.000",9
