rank,player,%,# of Birdie or Better,Attempts,RTP-Successes,RTP-Not going for the grn
1,Rory Sabbatini,85.71,12,14,-13,-4.00
2,Bryce Molder,77.78,7,9,-8,-8.00
2,Gary Woodland,77.78,14,18,-15,+3.00
4,K.J. Choi,75.00,12,16,-12,-4.00
5,Bubba Watson,73.91,17,23,-17,+4.00
6,Kevin Na,70.00,7,10,-8,-3.00
7,Aaron Baddeley,68.75,11,16,-12,E
7,Steve Stricker,68.75,11,16,-12,-4.00
9,Nick Watney,60.00,9,15,-9,-1.00
10,Johnson Wagner,58.33,7,12,-8,-4.00
11,Martin Laird,56.52,13,23,-13,-4.00
12,Harrison Frazar,56.25,9,16,-10,-1.00
12,Chris Kirk,56.25,9,16,-10,-1.00
14,Ben Crane,55.56,10,18,-11,-2.00
14,Mark Wilson,55.56,5,9,-5,-3.00
16,D.A. Points,52.94,9,17,-10,-1.00
17,Keegan Bradley,52.17,12,23,-12,-2.00
18,Scott Stallings,52.00,13,25,-13,-1.00
19,Jhonattan Vegas,47.62,10,21,-10,E
20,Sean O'Hair,47.37,9,19,-9,-6.00
21,Scott Piercy,45.00,9,20,-9,-1.00
22,Bill Haas,42.11,8,19,-8,E
23,Jonathan Byrd,41.18,7,17,-8,-6.00
24,David Toms,40.00,2,5,-2,-4.00
25,Webb Simpson,38.89,7,18,-9,-2.00
26,Michael Bradley,33.33,5,15,-6,E
26,Brendan Steele,33.33,5,15,-6,-3.00
