rank,player,Avg RTP,Total Holes,Total RTP
1,Joaquin Niemann,E,4,E
2,Lanto Griffin,+.143,7,+1.00
3,Matthew Wolff,+.167,6,+1.00
4,Rickie Fowler,+.250,4,+1.00
5,Jon Rahm,+.286,7,+2.00
6,Patrick Reed,+.333,12,+4.00
7,Cameron Champ,+.429,7,+3.00
8,Corey Conners,+.500,6,+3.00
8,Sung Kang,+.500,10,+5.00
8,Matt Kuchar,+.500,8,+4.00
8,Nate Lashley,+.500,4,+2.00
8,Gary Woodland,+.500,6,+3.00
13,J.T. Poston,+.545,11,+6.00
14,Martin Trainer,+.583,12,+7.00
15,Jim Herman,+.600,5,+3.00
15,Dustin Johnson,+.600,5,+3.00
17,Sebastián Muñoz,+.667,9,+6.00
17,Justin Thomas,+.667,3,+2.00
19,Adam Long,+.700,10,+7.00
19,Chez Reavie,+.700,10,+7.00
21,J.B. Holmes,+.714,7,+5.00
21,Max Homa,+.714,7,+5.00
23,Patrick Cantlay,+.750,4,+3.00
23,Tyler Duncan,+.750,4,+3.00
23,Kevin Kisner,+.750,4,+3.00
23,Collin Morikawa,+.750,8,+6.00
27,Ryan Palmer,+.778,9,+7.00
28,Keith Mitchell,+.818,11,+9.00
29,Dylan Frittelli,+.833,6,+5.00
29,Brendon Todd,+.833,6,+5.00
31,Paul Casey,+1.000,5,+5.00
31,Graeme McDowell,+1.000,5,+5.00
31,Kevin Na,+1.000,5,+5.00
