rank,player,Avg RTP,Total Holes,Total RTP
1,Patrick Cantlay,E,2,E
1,Corey Conners,E,1,E
1,Collin Morikawa,E,3,E
1,Joaquin Niemann,E,2,E
1,Xander Schauffele,E,3,E
1,Gary Woodland,E,4,E
7,Brendon Todd,+.111,9,+1.00
8,Patrick Reed,+.143,7,+1.00
9,Cameron Champ,+.200,5,+1.00
10,Rickie Fowler,+.250,8,+2.00
10,Lanto Griffin,+.250,4,+1.00
10,Sebastián Muñoz,+.250,4,+1.00
10,Ryan Palmer,+.250,4,+1.00
14,Matt Kuchar,+.286,7,+2.00
15,Matthew Wolff,+.333,6,+2.00
16,J.B. Holmes,+.375,8,+3.00
16,Chez Reavie,+.375,8,+3.00
18,Max Homa,+.400,5,+2.00
19,Kevin Kisner,+.500,8,+4.00
19,J.T. Poston,+.500,6,+3.00
19,Jon Rahm,+.500,4,+2.00
22,Tyler Duncan,+.667,6,+4.00
22,Nate Lashley,+.667,3,+2.00
22,Adam Long,+.667,6,+4.00
22,Justin Thomas,+.667,3,+2.00
26,Jim Herman,+.714,7,+5.00
27,Paul Casey,+.750,4,+3.00
27,Dylan Frittelli,+.750,4,+3.00
27,Sung Kang,+.750,4,+3.00
30,Keith Mitchell,+.778,9,+7.00
31,Graeme McDowell,+.857,7,+6.00
31,Kevin Na,+.857,7,+6.00
33,Dustin Johnson,+1.000,4,+4.00
33,Martin Trainer,+1.000,9,+9.00
