rank,player,Avg RTP,Total Holes,Total RTP
1,Xander Schauffele,E,2,E
2,Paul Casey,+.250,4,+1.00
3,Lanto Griffin,+.333,3,+1.00
3,Matt Kuchar,+.333,3,+1.00
5,Dylan Frittelli,+.429,7,+3.00
6,Dustin Johnson,+.500,6,+3.00
6,Collin Morikawa,+.500,2,+1.00
8,Tyler Duncan,+.571,7,+4.00
9,J.B. Holmes,+.600,5,+3.00
9,Max Homa,+.600,5,+3.00
11,Nate Lashley,+.667,3,+2.00
12,Jon Rahm,+.750,4,+3.00
12,Patrick Reed,+.750,4,+3.00
12,Brendon Todd,+.750,4,+3.00
15,Ryan Palmer,+.800,5,+4.00
15,Justin Thomas,+.800,5,+4.00
17,J.T. Poston,+.833,6,+5.00
18,Patrick Cantlay,+1.000,5,+5.00
18,Corey Conners,+1.000,6,+6.00
18,Rickie Fowler,+1.000,1,+1.00
18,Jim Herman,+1.000,5,+5.00
18,Sung Kang,+1.000,1,+1.00
18,Kevin Kisner,+1.000,5,+5.00
18,Adam Long,+1.000,5,+5.00
18,Graeme McDowell,+1.000,3,+3.00
18,Keith Mitchell,+1.000,8,+8.00
18,Sebastián Muñoz,+1.000,5,+5.00
18,Joaquin Niemann,+1.000,4,+4.00
18,Matthew Wolff,+1.000,4,+4.00
18,Gary Woodland,+1.000,3,+3.00
31,Martin Trainer,+1.091,11,+12.00
32,Chez Reavie,+1.250,4,+5.00
33,Cameron Champ,+1.286,7,+9.00
34,Kevin Na,+1.667,6,+10.00
