rank,player,Avg RTP,Total Holes,Total RTP
1,Corey Conners,E,3,E
1,Tyler Duncan,E,5,E
3,Matthew Wolff,+.083,12,+1.00
4,Adam Long,+.111,9,+1.00
4,J.T. Poston,+.111,9,+1.00
6,Patrick Reed,+.125,16,+2.00
7,Brendon Todd,+.143,7,+1.00
7,Martin Trainer,+.143,7,+1.00
9,Kevin Kisner,+.167,6,+1.00
9,Jon Rahm,+.167,6,+1.00
11,Rickie Fowler,+.200,10,+2.00
11,Nate Lashley,+.200,10,+2.00
11,Graeme McDowell,+.200,5,+1.00
11,Kevin Na,+.200,10,+2.00
11,Xander Schauffele,+.200,5,+1.00
16,Cameron Champ,+.250,8,+2.00
16,Lanto Griffin,+.250,8,+2.00
16,Matt Kuchar,+.250,8,+2.00
16,Chez Reavie,+.250,12,+3.00
20,Joaquin Niemann,+.286,7,+2.00
21,Dylan Frittelli,+.333,9,+3.00
22,Gary Woodland,+.364,11,+4.00
23,Ryan Palmer,+.375,8,+3.00
24,Jim Herman,+.400,5,+2.00
25,Dustin Johnson,+.429,7,+3.00
25,Justin Thomas,+.429,7,+3.00
27,J.B. Holmes,+.455,11,+5.00
28,Patrick Cantlay,+.500,6,+3.00
28,Paul Casey,+.500,10,+5.00
30,Collin Morikawa,+.545,11,+6.00
31,Keith Mitchell,+.556,9,+5.00
32,Max Homa,+.600,5,+3.00
33,Sung Kang,+.615,13,+8.00
34,Sebastián Muñoz,+.625,8,+5.00
