rank,player,%,Total Birdies,Total Holes,GIR Rank
1,Dustin Johnson,36.11,26,72,8
2,Pat Perez,31.94,23,72,8
2,Jon Rahm,31.94,23,72,17
4,Jhonattan Vegas,30.56,22,72,19
5,Bryson DeChambeau,29.17,21,72,19
5,Brian Harman,29.17,21,72,1
5,Hideki Matsuyama,29.17,21,72,8
5,Chris Stroud,29.17,21,72,30
9,Wesley Bryan,27.78,20,72,30
9,Russell Henley,27.78,20,72,19
11,Daniel Berger,26.39,19,72,3
11,Austin Cook,26.39,19,72,3
11,Rickie Fowler,26.39,19,72,3
11,Billy Horschel,26.39,19,72,3
11,Kevin Kisner,26.39,19,72,26
11,Patton Kizzire,26.39,19,72,19
11,Marc Leishman,26.39,19,72,8
11,Jordan Spieth,26.39,19,72,1
11,Justin Thomas,26.39,19,72,13
20,Patrick Cantlay,25.00,18,72,23
20,Jason Dufner,25.00,18,72,13
20,Si Woo Kim,25.00,18,72,17
20,Cameron Smith,25.00,18,72,8
24,Ryan Armour,23.61,17,72,13
24,Jonas Blixt,23.61,17,72,32
24,Kevin Chappell,23.61,17,72,23
27,Grayson Murray,22.22,16,72,25
27,Xander Schauffele,22.22,16,72,34
27,Brendan Steele,22.22,16,72,26
30,Hudson Swafford,19.44,14,72,3
31,Kyle Stanley,16.67,12,72,13
32,Adam Hadwin,15.28,11,72,29
33,D.A. Points,13.89,10,72,26
34,Brooks Koepka,12.50,9,72,32
