rank,player,% Makes Bogey,Bogeys,Holes Played
1,Matt Jones,1.39,1,72
1,Jon Rahm,1.39,1,72
3,Sam Burns,2.78,2,72
3,Patrick Cantlay,2.78,2,72
5,Daniel Berger,4.17,3,72
5,Talor Gooch,4.17,3,72
5,Sungjae Im,4.17,3,72
5,Hideki Matsuyama,4.17,3,72
5,Kevin Na,4.17,3,72
5,Seamus Power,4.17,3,72
5,Cameron Smith,4.17,3,72
5,Jordan Spieth,4.17,3,72
13,Stewart Cink,5.56,4,72
13,Max Homa,5.56,4,72
13,Billy Horschel,5.56,4,72
13,Si Woo Kim,5.56,4,72
13,Kevin Kisner,5.56,4,72
13,Marc Leishman,5.56,4,72
19,Cam Davis,6.94,5,72
19,Harris English,6.94,5,72
19,Erik van Rooyen,6.94,5,72
22,Tony Finau,8.33,6,72
22,K.H. Lee,8.33,6,72
22,Collin Morikawa,8.33,6,72
22,Patrick Reed,8.33,6,72
26,Joel Dahmen,9.72,7,72
26,Garrick Higgo,9.72,7,72
26,Brooks Koepka,9.72,7,72
26,Phil Mickelson,9.72,7,72
26,Xander Schauffele,9.72,7,72
26,Justin Thomas,9.72,7,72
32,Branden Grace,11.11,8,72
32,Viktor Hovland,11.11,8,72
34,Abraham Ancer,12.50,9,72
34,Bryson DeChambeau,12.50,9,72
34,Lucas Glover,12.50,9,72
34,Lucas Herbert,12.50,9,72
38,Jason Kokrak,13.89,10,72
