rank,player,Birdie to Bogey Ratio,Total Birdies and Better,Total Bogeys and Worse
1,Jon Rahm,33.00,33,1
2,Matt Jones,30.00,30,1
3,Patrick Cantlay,13.50,27,2
4,Cameron Smith,11.33,34,3
5,Sam Burns,11.00,22,2
6,Daniel Berger,9.00,27,3
7,Sungjae Im,8.33,25,3
8,Hideki Matsuyama,7.67,23,3
8,Kevin Na,7.67,23,3
10,Seamus Power,7.33,22,3
10,Jordan Spieth,7.33,22,3
12,Talor Gooch,7.00,21,3
12,Kevin Kisner,7.00,28,4
14,Marc Leishman,6.75,27,4
15,Max Homa,6.00,24,4
16,Si Woo Kim,5.50,22,4
17,Stewart Cink,5.25,21,4
18,Cam Davis,5.20,26,5
19,Billy Horschel,5.00,20,4
20,Collin Morikawa,4.83,29,6
21,Patrick Reed,4.50,27,6
22,Justin Thomas,4.43,31,7
23,Erik van Rooyen,4.40,22,5
24,Tony Finau,4.33,26,6
25,Harris English,4.00,20,5
26,Xander Schauffele,3.86,27,7
27,Joel Dahmen,3.43,24,7
27,Garrick Higgo,3.43,24,7
27,Brooks Koepka,3.43,24,7
30,K.H. Lee,3.33,20,6
31,Phil Mickelson,3.14,22,7
32,Viktor Hovland,2.88,23,8
33,Branden Grace,2.75,22,8
34,Bryson DeChambeau,2.67,24,9
35,Lucas Herbert,2.44,22,9
36,Abraham Ancer,2.22,20,9
36,Lucas Glover,2.22,20,9
38,Jason Kokrak,1.70,17,10
