rank,player,% under then over par,Total under then over Par,Under Par
1,Stewart Cink,.00,0,19
1,Talor Gooch,.00,0,19
1,Sungjae Im,.00,0,22
1,Matt Jones,.00,0,27
1,Si Woo Kim,.00,0,20
1,Seamus Power,.00,0,19
1,Jon Rahm,.00,0,29
1,Xander Schauffele,.00,0,23
1,Cameron Smith,.00,0,32
10,Patrick Cantlay,3.85,1,26
10,Collin Morikawa,3.85,1,26
12,Patrick Reed,4.17,1,24
13,Cam Davis,4.35,1,23
14,Hideki Matsuyama,4.55,1,22
15,Viktor Hovland,4.76,1,21
15,Kevin Na,4.76,1,21
15,Erik van Rooyen,4.76,1,21
18,Sam Burns,5.00,1,20
18,Jordan Spieth,5.00,1,20
20,Lucas Herbert,5.26,1,19
21,Harris English,5.88,1,17
22,Jason Kokrak,6.25,1,16
23,Kevin Kisner,7.69,2,26
24,Daniel Berger,8.00,2,25
25,Tony Finau,8.33,2,24
26,Garrick Higgo,8.70,2,23
26,Marc Leishman,8.70,2,23
28,Max Homa,9.52,2,21
29,Branden Grace,10.00,2,20
30,K.H. Lee,10.53,2,19
30,Phil Mickelson,10.53,2,19
32,Abraham Ancer,11.11,2,18
32,Billy Horschel,11.11,2,18
32,Justin Thomas,11.11,3,27
35,Lucas Glover,11.76,2,17
36,Joel Dahmen,13.64,3,22
37,Bryson DeChambeau,14.29,3,21
37,Brooks Koepka,14.29,3,21
