rank,player,Avg,Total 2 Putts,Total Rounds
1,J.B. Holmes,13.50,54,4
2,D.J. Trahan,13.00,52,4
3,Cameron Beckman,12.50,50,4
4,Davis Love III,12.25,49,4
4,Johnson Wagner,12.25,49,4
6,Chez Reavie,12.00,48,4
6,Boo Weekley,12.00,48,4
8,Brian Gay,11.75,47,4
8,Parker McLachlin,11.75,47,4
8,Kenny Perry,11.75,47,4
8,Carl Pettersson,11.75,47,4
12,Stewart Cink,11.50,46,4
12,Will MacKenzie,11.50,46,4
12,Adam Scott,11.50,46,4
15,K.J. Choi,11.25,45,4
15,Dustin Johnson,11.25,45,4
15,Greg Kraft,11.25,45,4
15,Justin Leonard,11.25,45,4
15,Andres Romero,11.25,45,4
20,Trevor Immelman,11.00,44,4
20,Ryan Palmer,11.00,44,4
22,Richard Johnson,10.75,43,4
22,Anthony Kim,10.75,43,4
22,Sean O'Hair,10.75,43,4
22,Vijay Singh,10.75,43,4
26,Zach Johnson,10.50,42,4
26,Steve Lowery,10.50,42,4
28,Camilo Villegas,10.25,41,4
29,Ernie Els,10.00,40,4
29,Geoff Ogilvy,10.00,40,4
29,Marc Turnesa,10.00,40,4
32,Ryuji Imada,9.75,39,4
33,Daniel Chopra,9.50,38,4
