rank,player,Avg,Total Putts,Total Rounds
1,Daniel Chopra,27.00,27,1
1,Camilo Villegas,27.00,27,1
3,Adam Scott,28.00,28,1
4,Ernie Els,29.00,29,1
4,Brian Gay,29.00,29,1
4,Ryuji Imada,29.00,29,1
4,Chez Reavie,29.00,29,1
8,Stewart Cink,30.00,30,1
8,Anthony Kim,30.00,30,1
8,Sean O'Hair,30.00,30,1
8,D.J. Trahan,30.00,30,1
12,K.J. Choi,31.00,31,1
12,Greg Kraft,31.00,31,1
12,Will MacKenzie,31.00,31,1
12,Ryan Palmer,31.00,31,1
12,Kenny Perry,31.00,31,1
17,Dustin Johnson,32.00,32,1
17,Richard Johnson,32.00,32,1
17,Justin Leonard,32.00,32,1
17,Davis Love III,32.00,32,1
17,Parker McLachlin,32.00,32,1
17,Geoff Ogilvy,32.00,32,1
17,Marc Turnesa,32.00,32,1
24,Cameron Beckman,33.00,33,1
24,J.B. Holmes,33.00,33,1
24,Carl Pettersson,33.00,33,1
24,Johnson Wagner,33.00,33,1
28,Zach Johnson,34.00,34,1
28,Steve Lowery,34.00,34,1
28,Andres Romero,34.00,34,1
31,Trevor Immelman,35.00,35,1
31,Vijay Singh,35.00,35,1
31,Boo Weekley,35.00,35,1
