rank,player,Avg,Total Putts,Total Rounds
1,Ernie Els,25.00,25,1
2,Will MacKenzie,26.00,26,1
3,Adam Scott,27.00,27,1
4,Daniel Chopra,28.00,28,1
4,J.B. Holmes,28.00,28,1
4,Zach Johnson,28.00,28,1
4,Parker McLachlin,28.00,28,1
4,Sean O'Hair,28.00,28,1
4,Geoff Ogilvy,28.00,28,1
4,Vijay Singh,28.00,28,1
11,Cameron Beckman,29.00,29,1
11,Ryuji Imada,29.00,29,1
11,Anthony Kim,29.00,29,1
11,Ryan Palmer,29.00,29,1
11,Carl Pettersson,29.00,29,1
11,Chez Reavie,29.00,29,1
17,Stewart Cink,30.00,30,1
17,Richard Johnson,30.00,30,1
17,Justin Leonard,30.00,30,1
17,Davis Love III,30.00,30,1
17,Kenny Perry,30.00,30,1
17,Johnson Wagner,30.00,30,1
23,K.J. Choi,31.00,31,1
23,Trevor Immelman,31.00,31,1
23,Dustin Johnson,31.00,31,1
23,Steve Lowery,31.00,31,1
23,Marc Turnesa,31.00,31,1
28,Brian Gay,32.00,32,1
28,Andres Romero,32.00,32,1
28,D.J. Trahan,32.00,32,1
31,Camilo Villegas,33.00,33,1
32,Greg Kraft,34.00,34,1
32,Boo Weekley,34.00,34,1
