rank,player,Avg,Total 3 Putts,Total Rounds
1,Trevor Immelman,1.75,7,4
1,Vijay Singh,1.75,7,4
3,Sean O'Hair,1.25,5,4
3,Andres Romero,1.25,5,4
3,Marc Turnesa,1.25,5,4
3,Camilo Villegas,1.25,5,4
3,Boo Weekley,1.25,5,4
8,Stewart Cink,1.00,4,4
8,Steve Lowery,1.00,4,4
10,Daniel Chopra,.75,3,4
10,Dustin Johnson,.75,3,4
10,Richard Johnson,.75,3,4
10,Anthony Kim,.75,3,4
10,Justin Leonard,.75,3,4
10,Chez Reavie,.75,3,4
16,K.J. Choi,.50,2,4
16,Ernie Els,.50,2,4
16,Ryuji Imada,.50,2,4
16,Zach Johnson,.50,2,4
16,Greg Kraft,.50,2,4
16,Will MacKenzie,.50,2,4
16,Geoff Ogilvy,.50,2,4
16,Ryan Palmer,.50,2,4
16,Kenny Perry,.50,2,4
16,Carl Pettersson,.50,2,4
16,Adam Scott,.50,2,4
16,D.J. Trahan,.50,2,4
28,Cameron Beckman,.25,1,4
28,Brian Gay,.25,1,4
28,J.B. Holmes,.25,1,4
28,Davis Love III,.25,1,4
28,Parker McLachlin,.25,1,4
28,Johnson Wagner,.25,1,4
