rank,player,Avg,Total Putts,Total Rounds
1,Ryuji Imada,27.00,27,1
2,Ernie Els,28.00,28,1
2,Zach Johnson,28.00,28,1
2,Greg Kraft,28.00,28,1
2,Davis Love III,28.00,28,1
6,Richard Johnson,29.00,29,1
6,Geoff Ogilvy,29.00,29,1
6,Johnson Wagner,29.00,29,1
9,Brian Gay,30.00,30,1
9,Dustin Johnson,30.00,30,1
9,Steve Lowery,30.00,30,1
9,Kenny Perry,30.00,30,1
9,Andres Romero,30.00,30,1
14,Parker McLachlin,31.00,31,1
14,Boo Weekley,31.00,31,1
16,K.J. Choi,32.00,32,1
16,Daniel Chopra,32.00,32,1
16,Will MacKenzie,32.00,32,1
16,Ryan Palmer,32.00,32,1
16,Carl Pettersson,32.00,32,1
16,Marc Turnesa,32.00,32,1
22,Cameron Beckman,33.00,33,1
22,Stewart Cink,33.00,33,1
22,Trevor Immelman,33.00,33,1
22,Anthony Kim,33.00,33,1
22,Justin Leonard,33.00,33,1
27,Sean O'Hair,34.00,34,1
27,Adam Scott,34.00,34,1
27,Vijay Singh,34.00,34,1
27,D.J. Trahan,34.00,34,1
31,J.B. Holmes,35.00,35,1
32,Chez Reavie,36.00,36,1
33,Camilo Villegas,37.00,37,1
