rank,player,Avg,Total Putts,Total Rounds
1,Camilo Villegas,26.00,26,1
2,K.J. Choi,27.00,27,1
2,Greg Kraft,27.00,27,1
2,Steve Lowery,27.00,27,1
2,Geoff Ogilvy,27.00,27,1
2,Marc Turnesa,27.00,27,1
7,Daniel Chopra,28.00,28,1
7,Zach Johnson,28.00,28,1
7,Justin Leonard,28.00,28,1
7,Ryan Palmer,28.00,28,1
11,Cameron Beckman,29.00,29,1
11,Dustin Johnson,29.00,29,1
11,Richard Johnson,29.00,29,1
11,Anthony Kim,29.00,29,1
11,Carl Pettersson,29.00,29,1
16,Brian Gay,30.00,30,1
16,Ryuji Imada,30.00,30,1
16,Parker McLachlin,30.00,30,1
16,Chez Reavie,30.00,30,1
20,Trevor Immelman,31.00,31,1
20,Andres Romero,31.00,31,1
20,Johnson Wagner,31.00,31,1
23,Stewart Cink,32.00,32,1
23,J.B. Holmes,32.00,32,1
23,Davis Love III,32.00,32,1
23,Kenny Perry,32.00,32,1
23,Vijay Singh,32.00,32,1
23,D.J. Trahan,32.00,32,1
29,Will MacKenzie,33.00,33,1
29,Sean O'Hair,33.00,33,1
29,Adam Scott,33.00,33,1
29,Boo Weekley,33.00,33,1
33,Ernie Els,34.00,34,1
