rank,player,Avg,Total Distance (feet),# of Attempts,Relative to par
1,David Toms,"5' 3""",10.417,2,-2
2,Geoff Ogilvy,"9' 4""",9.333,1,+1
3,Jason Bohn,"9' 9""",19.417,2,E
4,Ted Purdy,"9' 10""",9.833,1,E
5,Stuart Appleby,"11' 4""",22.583,2,-2
6,K.J. Choi,"14' 9""",14.750,1,E
7,Heath Slocum,"16' 1""",32.167,2,+1
8,Justin Leonard,"19' 5""",19.417,1,+1
9,Mark Calcavecchia,"19' 6""",38.917,2,-1
10,Vijay Singh,"21' 0""",21.000,1,+1
11,Tim Petrovic,"23' 9""",23.750,1,E
12,Robert Gamez,"24' 5""",24.417,1,E
13,Olin Browne,"26' 0""",26.000,1,E
14,Carl Pettersson,"28' 3""",56.500,2,+2
15,Sean O'Hair,"29' 6""",118.000,4,+2
16,Bart Bryant,"32' 10""",65.667,2,+1
17,Sergio Garcia,"34' 6""",34.500,1,E
18,Brad Faxon,"35' 11""",71.833,2,E
19,Lucas Glover,"42' 8""",42.667,1,E
20,Michael Campbell,"59' 9""",59.750,1,E
21,Jason Gore,"73' 10""",147.583,2,+6
