rank,player,Avg,Total Distance (feet),# of Attempts,Relative to par
1,Jason Bohn,"1' 6""",1.500,1,-1
2,Kenny Perry,"4' 6""",4.500,1,-1
3,Justin Leonard,"8' 3""",8.250,1,E
4,Sergio Garcia,"14' 5""",14.417,1,E
5,"Wes Short, Jr.","15' 8""",31.250,2,+1
6,Peter Lonard,"20' 6""",40.917,2,E
7,Vijay Singh,"27' 10""",83.500,3,-1
8,Jason Gore,"28' 2""",56.250,2,E
9,Robert Gamez,"33' 6""",66.917,2,E
10,Geoff Ogilvy,"34' 4""",102.917,3,E
11,Vaughn Taylor,"35' 8""",106.917,3,E
12,Lucas Glover,"38' 10""",155.333,4,E
13,Heath Slocum,"39' 3""",78.500,2,+1
14,Ted Purdy,"39' 9""",79.417,2,+1
15,Ben Crane,"41' 0""",122.917,3,-1
16,Brad Faxon,"42' 2""",42.167,1,E
17,David Toms,"53' 7""",53.583,1,+1
18,Bart Bryant,"54' 3""",108.417,2,+1
19,Carl Pettersson,"57' 7""",115.167,2,+1
20,Michael Campbell,"65' 0""",65.000,1,+1
21,Olin Browne,"77' 5""",77.417,1,+1
22,Jim Furyk,"88' 5""",88.417,1,E
23,K.J. Choi,"118' 6""",118.500,1,E
