rank,player,Avg,Total Distance (feet),# of Attempts,Relative to par
1,Olin Browne,"12' 1""",24.083,2,E
2,Michael Campbell,"16' 9""",33.417,2,+1
3,Justin Leonard,"17' 0""",34.000,2,E
4,Geoff Ogilvy,"20' 3""",20.250,1,+2
5,Vijay Singh,"20' 4""",40.583,2,E
6,Ted Purdy,"21' 6""",64.417,3,-1
7,Kenny Perry,"22' 3""",44.417,2,E
8,"Wes Short, Jr.","24' 4""",73.083,3,+1
9,Jim Furyk,"26' 2""",26.167,1,E
10,Lucas Glover,"28' 1""",84.250,3,E
11,Sergio Garcia,"30' 11""",123.667,4,-1
12,Brad Faxon,"33' 6""",33.500,1,E
13,Stuart Appleby,"34' 4""",68.667,2,-1
14,Jason Gore,"38' 10""",77.667,2,E
15,David Toms,"41' 4""",165.333,4,+2
16,Robert Gamez,"41' 6""",124.500,3,+1
17,Fred Funk,"41' 10""",83.583,2,E
18,K.J. Choi,"43' 1""",86.167,2,E
18,Ben Crane,"43' 1""",301.333,7,+1
20,Carl Pettersson,"43' 4""",173.333,4,+1
21,Bart Bryant,"43' 9""",131.167,3,+1
22,Mark Calcavecchia,"45' 9""",137.167,3,+1
22,Peter Lonard,"45' 9""",45.750,1,E
24,Jason Bohn,"48' 10""",48.833,1,+1
25,Vaughn Taylor,"53' 0""",105.917,2,+1
26,Heath Slocum,"57' 0""",284.833,5,E
27,Sean O'Hair,"69' 2""",138.333,2,+3
