rank,player,Avg,Total Distance (feet),# of Attempts,Relative to par
1,Justin Leonard,"15' 5""",61.667,4,+1
2,Kenny Perry,"16' 4""",48.917,3,-1
3,Jason Bohn,"17' 5""",69.750,4,E
4,"Wes Short, Jr.","20' 10""",104.333,5,+2
5,Stuart Appleby,"22' 10""",91.250,4,-3
6,Tim Petrovic,"23' 9""",23.750,1,E
7,Vijay Singh,"24' 2""",145.083,6,E
8,Ted Purdy,"25' 7""",153.667,6,E
9,Geoff Ogilvy,"26' 6""",132.500,5,+3
10,Sergio Garcia,"28' 9""",172.583,6,-1
11,Peter Lonard,"28' 11""",86.667,3,E
12,Olin Browne,"31' 11""",127.500,4,+1
13,David Toms,"32' 9""",229.333,7,+1
14,Mark Calcavecchia,"35' 3""",176.083,5,E
14,Lucas Glover,"35' 3""",282.250,8,E
16,Robert Gamez,"36' 0""",215.833,6,+1
17,Brad Faxon,"36' 11""",147.500,4,E
18,Michael Campbell,"39' 7""",158.167,4,+2
19,Fred Funk,"41' 10""",83.583,2,E
20,Ben Crane,"42' 5""",424.250,10,E
21,Vaughn Taylor,"42' 7""",212.833,5,+1
22,Sean O'Hair,"42' 9""",256.333,6,+5
23,Carl Pettersson,"43' 2""",345.000,8,+4
24,Bart Bryant,"43' 7""",305.250,7,+3
25,Heath Slocum,"43' 11""",395.500,9,+2
26,Jason Gore,"46' 11""",281.500,6,+6
27,K.J. Choi,"54' 10""",219.417,4,E
28,Jim Furyk,"57' 4""",114.583,2,E
