rank,player,Avg,Total Distance (feet),# of Attempts,Relative to par
1,Jim Furyk,"13' 3""",13.250,1,E
2,Vijay Singh,"25' 2""",100.583,4,E
3,Fred Funk,"28' 1""",84.333,3,+1
4,Mark Calcavecchia,"28' 11""",86.833,3,-2
5,Stuart Appleby,"36' 7""",109.750,3,-1
6,Ben Crane,"36' 9""",110.167,3,+1
7,Ted Purdy,"37' 3""",148.833,4,+3
8,Carl Pettersson,"37' 9""",75.500,2,E
9,Vaughn Taylor,"40' 8""",81.250,2,E
10,David Toms,"43' 0""",86.000,2,+2
11,Sergio Garcia,"44' 4""",177.333,4,+1
12,K.J. Choi,"44' 10""",44.833,1,E
13,Bart Bryant,"45' 1""",90.083,2,E
14,Jason Bohn,"48' 0""",95.917,2,+1
15,"Wes Short, Jr.","49' 2""",245.833,5,+1
16,Michael Campbell,"52' 9""",158.167,3,E
17,Heath Slocum,"60' 2""",120.250,2,+2
18,Sean O'Hair,"64' 10""",64.833,1,E
19,Peter Lonard,"66' 0""",197.917,3,E
20,Olin Browne,"66' 1""",66.083,1,+1
21,Tim Petrovic,"66' 3""",66.250,1,+1
22,Justin Leonard,"67' 1""",268.250,4,+2
23,Brad Faxon,"68' 3""",136.417,2,+2
23,Kenny Perry,"68' 3""",68.250,1,+1
25,Lucas Glover,"69' 10""",69.833,1,E
26,Geoff Ogilvy,"74' 2""",74.167,1,+1
27,Robert Gamez,"74' 5""",148.750,2,E
28,Jason Gore,"87' 10""",175.667,2,E
