rank,player,Avg,Total Distance (feet),# of Attempts,Relative to par
1,"Wes Short, Jr.","1' 9""",1.750,1,-1
2,Justin Leonard,"3' 5""",3.417,1,-1
3,Carl Pettersson,"23' 2""",23.167,1,-2
4,Geoff Ogilvy,"23' 7""",23.583,1,E
5,Kenny Perry,"31' 0""",31.000,1,E
6,Stuart Appleby,"45' 2""",45.167,1,+1
7,David Toms,"46' 3""",46.250,1,E
8,Jason Gore,"48' 5""",48.417,1,+2
9,Jason Bohn,"58' 9""",58.750,1,E
10,Lucas Glover,"68' 8""",68.667,1,E
11,Ben Crane,"81' 2""",81.167,1,E
12,Brad Faxon,"101' 9""",101.750,1,+1
13,Sean O'Hair,"104' 2""",104.167,1,-1
14,Tim Petrovic,"118' 6""",118.500,1,+1
