rank,player,Avg,Total Distance (feet),# of Attempts,Relative to par
1,"Wes Short, Jr.","1' 9""",1.750,1,-1
2,Justin Leonard,"3' 5""",3.417,1,-1
3,Carl Pettersson,"23' 2""",23.167,1,-2
4,Geoff Ogilvy,"48' 8""",97.250,2,E
5,Kenny Perry,"57' 6""",114.917,2,-1
6,Jason Bohn,"58' 9""",58.750,1,E
7,K.J. Choi,"68' 11""",137.833,2,-1
8,Heath Slocum,"72' 10""",72.833,1,-1
9,Lucas Glover,"74' 8""",223.917,3,-1
10,Robert Gamez,"79' 0""",79.000,1,E
11,Ben Crane,"81' 2""",81.167,1,E
12,Jason Gore,"87' 0""",173.917,2,+2
13,David Toms,"87' 3""",174.417,2,-1
14,Stuart Appleby,"93' 11""",187.750,2,E
15,Brad Faxon,"96' 4""",289.000,3,+1
16,Michael Campbell,"121' 4""",121.333,1,E
17,Vaughn Taylor,"122' 6""",122.500,1,-1
18,Sean O'Hair,"130' 9""",261.500,2,E
19,Sergio Garcia,"144' 5""",144.417,1,E
20,Tim Petrovic,"145' 10""",291.583,2,+1
