rank,player,Avg,Total Strokes,Total Rounds
1,Ryan Moore,32.00,32,1
1,Patrick Reed,32.00,32,1
3,Daniel Berger,34.00,34,1
3,Jason Dufner,34.00,34,1
3,Tony Finau,34.00,34,1
3,Fabián Gómez,34.00,34,1
3,Jim Herman,34.00,34,1
3,Si Woo Kim,34.00,34,1
3,Jordan Spieth,34.00,34,1
3,Justin Thomas,34.00,34,1
11,Charley Hoffman,35.00,35,1
11,Dustin Johnson,35.00,35,1
11,Russell Knox,35.00,35,1
11,William McGirt,35.00,35,1
11,Rod Pampling,35.00,35,1
11,Brandt Snedeker,35.00,35,1
11,Brendan Steele,35.00,35,1
11,Bubba Watson,35.00,35,1
19,Aaron Baddeley,36.00,36,1
19,Jason Day,36.00,36,1
19,Mackenzie Hughes,36.00,36,1
19,Brian Stuard,36.00,36,1
19,Vaughn Taylor,36.00,36,1
19,Jimmy Walker,36.00,36,1
25,Greg Chalmers,37.00,37,1
25,James Hahn,37.00,37,1
25,Hideki Matsuyama,37.00,37,1
25,Jhonattan Vegas,37.00,37,1
29,Branden Grace,38.00,38,1
29,Cody Gribble,38.00,38,1
29,Billy Hurley III,38.00,38,1
29,Pat Perez,38.00,38,1
