rank,player,Avg,Total Strokes,Total Rounds
1,Justin Thomas,33.00,33,1
2,Jason Dufner,34.00,34,1
2,Tony Finau,34.00,34,1
2,Rod Pampling,34.00,34,1
2,Brian Stuard,34.00,34,1
2,Jimmy Walker,34.00,34,1
7,Jim Herman,35.00,35,1
7,Dustin Johnson,35.00,35,1
7,Hideki Matsuyama,35.00,35,1
7,William McGirt,35.00,35,1
7,Pat Perez,35.00,35,1
7,Patrick Reed,35.00,35,1
7,Jhonattan Vegas,35.00,35,1
14,Aaron Baddeley,36.00,36,1
14,Greg Chalmers,36.00,36,1
14,Jason Day,36.00,36,1
14,Fabián Gómez,36.00,36,1
14,Cody Gribble,36.00,36,1
14,James Hahn,36.00,36,1
14,Ryan Moore,36.00,36,1
14,Brandt Snedeker,36.00,36,1
22,Daniel Berger,37.00,37,1
22,Charley Hoffman,37.00,37,1
22,Mackenzie Hughes,37.00,37,1
22,Russell Knox,37.00,37,1
22,Vaughn Taylor,37.00,37,1
22,Bubba Watson,37.00,37,1
28,Branden Grace,38.00,38,1
28,Billy Hurley III,38.00,38,1
28,Jordan Spieth,38.00,38,1
28,Brendan Steele,38.00,38,1
32,Si Woo Kim,39.00,39,1
