rank,player,Avg,Total Strokes,Total Rounds
1,Jordan Spieth,32.00,32,1
2,Tony Finau,34.00,34,1
2,Cody Gribble,34.00,34,1
2,James Hahn,34.00,34,1
2,Dustin Johnson,34.00,34,1
2,Hideki Matsuyama,34.00,34,1
2,Brendan Steele,34.00,34,1
8,Aaron Baddeley,35.00,35,1
8,Daniel Berger,35.00,35,1
8,Mackenzie Hughes,35.00,35,1
8,Billy Hurley III,35.00,35,1
8,Rod Pampling,35.00,35,1
8,Pat Perez,35.00,35,1
8,Vaughn Taylor,35.00,35,1
8,Jimmy Walker,35.00,35,1
8,Bubba Watson,35.00,35,1
17,Jason Day,36.00,36,1
17,Jim Herman,36.00,36,1
17,Charley Hoffman,36.00,36,1
17,Ryan Moore,36.00,36,1
17,Patrick Reed,36.00,36,1
17,Brandt Snedeker,36.00,36,1
17,Justin Thomas,36.00,36,1
24,Greg Chalmers,37.00,37,1
24,Fabián Gómez,37.00,37,1
24,Branden Grace,37.00,37,1
24,Russell Knox,37.00,37,1
24,Brian Stuard,37.00,37,1
24,Jhonattan Vegas,37.00,37,1
30,Si Woo Kim,39.00,39,1
31,Jason Dufner,40.00,40,1
32,William McGirt,41.00,41,1
