rank,player,Avg,Total Strokes,Total Holes
1,Justin Thomas,34.00,136,4
2,Tony Finau,34.25,137,4
3,Hideki Matsuyama,34.50,138,4
3,Jordan Spieth,34.50,138,4
5,Dustin Johnson,35.00,140,4
5,Ryan Moore,35.00,140,4
5,Rod Pampling,35.00,140,4
8,Daniel Berger,35.25,141,4
8,Fabián Gómez,35.25,141,4
8,James Hahn,35.25,141,4
8,Jimmy Walker,35.25,141,4
12,Cody Gribble,35.50,142,4
12,Jim Herman,35.50,142,4
12,Russell Knox,35.50,142,4
12,Patrick Reed,35.50,142,4
12,Brendan Steele,35.50,142,4
17,Aaron Baddeley,35.75,143,4
17,Pat Perez,35.75,143,4
17,Brandt Snedeker,35.75,143,4
17,Bubba Watson,35.75,143,4
21,William McGirt,36.00,144,4
21,Brian Stuard,36.00,144,4
23,Mackenzie Hughes,36.25,145,4
24,Greg Chalmers,36.50,146,4
24,Jason Day,36.50,146,4
24,Jason Dufner,36.50,146,4
24,Charley Hoffman,36.50,146,4
24,Si Woo Kim,36.50,146,4
24,Vaughn Taylor,36.50,146,4
24,Jhonattan Vegas,36.50,146,4
31,Billy Hurley III,37.00,148,4
32,Branden Grace,37.25,149,4
