rank,player,Avg,Total Strokes,Total Rounds
1,Hideki Matsuyama,32.00,32,1
2,Russell Knox,33.00,33,1
2,William McGirt,33.00,33,1
2,Justin Thomas,33.00,33,1
5,Fabián Gómez,34.00,34,1
5,Cody Gribble,34.00,34,1
5,James Hahn,34.00,34,1
5,Si Woo Kim,34.00,34,1
5,Jordan Spieth,34.00,34,1
10,Daniel Berger,35.00,35,1
10,Tony Finau,35.00,35,1
10,Pat Perez,35.00,35,1
10,Brendan Steele,35.00,35,1
14,Aaron Baddeley,36.00,36,1
14,Greg Chalmers,36.00,36,1
14,Branden Grace,36.00,36,1
14,Dustin Johnson,36.00,36,1
14,Ryan Moore,36.00,36,1
14,Rod Pampling,36.00,36,1
14,Brandt Snedeker,36.00,36,1
14,Jimmy Walker,36.00,36,1
14,Bubba Watson,36.00,36,1
23,Jim Herman,37.00,37,1
23,Mackenzie Hughes,37.00,37,1
23,Billy Hurley III,37.00,37,1
23,Brian Stuard,37.00,37,1
23,Jhonattan Vegas,37.00,37,1
28,Jason Day,38.00,38,1
28,Jason Dufner,38.00,38,1
28,Charley Hoffman,38.00,38,1
28,Vaughn Taylor,38.00,38,1
32,Patrick Reed,39.00,39,1
