rank,player,%,# Birdies,Greens Hit
1,Chris Kirk,43.64,24,55
2,Bubba Watson,41.51,22,53
3,Zach Johnson,41.38,24,58
4,Scott Stallings,39.66,23,58
5,Russell Henley,39.34,24,61
6,Jason Day,39.06,25,64
7,Patrick Reed,38.60,22,57
8,Matt Every,38.46,20,52
9,S.Y. Noh,37.93,22,58
10,Matt Jones,37.29,22,59
11,Hideki Matsuyama,37.10,23,62
11,Jimmy Walker,37.10,23,62
13,Brian Harman,37.04,20,54
14,Brendon Todd,35.59,21,59
15,Sangmoon Bae,35.38,23,65
16,Geoff Ogilvy,33.90,20,59
17,Charley Hoffman,33.33,20,60
17,Robert Streb,33.33,20,60
19,Tim Clark,32.76,19,58
20,Ben Crane,32.69,17,52
21,Ben Martin,32.20,19,59
22,Steven Bowditch,32.14,18,56
23,Ángel Cabrera,32.08,17,53
24,John Senden,31.58,18,57
24,Kevin Streelman,31.58,18,57
26,Matt Kuchar,30.91,17,55
27,Chesson Hadley,30.51,18,59
28,Ryan Moore,30.36,17,56
29,Nick Taylor,27.45,14,51
30,J.B. Holmes,27.27,15,55
31,Billy Horschel,25.81,16,62
32,Camilo Villegas,25.45,14,55
33,Hunter Mahan,24.59,15,61
