rank,player,Value,Attempts(<= 5'),Tot Made (>=20'),Tot Made (<= 5')
1,Ben Crane,105.45,55,6,52
2,Russell Henley,103.64,55,4,53
3,Matt Jones,103.51,57,3,56
4,Hideki Matsuyama,103.39,59,2,59
5,Chesson Hadley,103.33,60,3,59
6,S.Y. Noh,101.89,53,2,52
7,Zach Johnson,101.85,54,1,54
7,Matt Kuchar,101.85,54,2,53
9,Jason Day,101.79,56,3,54
10,Brian Harman,101.75,57,3,55
11,Geoff Ogilvy,101.72,58,2,57
12,Ángel Cabrera,100.00,58,2,56
12,Billy Horschel,100.00,61,2,59
12,Chris Kirk,100.00,50,1,49
12,Ben Martin,100.00,57,2,55
12,Ryan Moore,100.00,57,1,56
12,Robert Streb,100.00,57,1,56
12,Nick Taylor,100.00,56,2,54
12,Brendon Todd,100.00,55,0,55
12,Jimmy Walker,100.00,54,2,52
12,Bubba Watson,100.00,54,0,54
22,Steven Bowditch,98.28,58,2,55
23,Tim Clark,98.25,57,2,54
24,Matt Every,98.21,56,0,55
25,Sangmoon Bae,97.96,49,0,48
26,J.B. Holmes,96.77,62,1,59
27,Scott Stallings,96.72,61,1,58
27,Kevin Streelman,96.72,61,2,57
29,Patrick Reed,96.67,60,1,57
30,John Senden,96.43,56,0,54
31,Charley Hoffman,95.16,62,1,58
32,Hunter Mahan,94.83,58,0,55
33,Camilo Villegas,90.16,61,0,55
