rank,player,Avg,GIR Putts,Greens Hit,Birdie Conversion
1,Zach Johnson,1.621,94,58,33.72
2,Jason Day,1.641,105,64,39.06
3,Matt Every,1.673,87,52,34.85
4,Hideki Matsuyama,1.677,104,62,33.07
5,Patrick Reed,1.690,98,58,28.17
6,Chris Kirk,1.691,93,55,36.91
7,Brendon Todd,1.695,100,59,32.89
8,Tim Clark,1.707,99,58,29.96
9,Ben Martin,1.717,103,60,31.85
10,S.Y. Noh,1.724,100,58,35.96
11,Jimmy Walker,1.726,107,62,35.61
12,Matt Kuchar,1.727,95,55,28.93
13,Matt Jones,1.729,102,59,32.72
14,Sangmoon Bae,1.738,113,65,33.00
14,Russell Henley,1.738,106,61,36.48
16,Ben Crane,1.750,91,52,29.69
16,Ryan Moore,1.750,98,56,35.16
18,John Senden,1.754,100,57,32.54
19,Bubba Watson,1.755,93,53,43.82
20,Brian Harman,1.759,95,54,31.06
20,Scott Stallings,1.759,102,58,32.54
22,Geoff Ogilvy,1.763,104,59,33.90
23,Robert Streb,1.767,106,60,33.75
24,Chesson Hadley,1.780,105,59,33.33
25,Kevin Streelman,1.789,102,57,33.92
26,Charley Hoffman,1.800,108,60,28.90
27,Ángel Cabrera,1.811,96,53,34.67
28,J.B. Holmes,1.818,100,55,30.94
29,Steven Bowditch,1.821,102,56,32.54
30,Camilo Villegas,1.836,101,55,26.95
31,Nick Taylor,1.843,94,51,31.92
32,Hunter Mahan,1.869,114,61,30.99
33,Billy Horschel,1.887,117,62,25.48
