rank,player,Avg,# of Putts,# of Holes
1,Matt Every,1.569,113,72
1,Zach Johnson,1.569,113,72
1,Matt Kuchar,1.569,113,72
4,Patrick Reed,1.583,114,72
5,Chris Kirk,1.597,115,72
5,Hideki Matsuyama,1.597,115,72
7,Bubba Watson,1.611,116,72
8,Ben Crane,1.625,117,72
8,Brendon Todd,1.625,117,72
10,Tim Clark,1.639,118,72
10,Jason Day,1.639,118,72
10,Brian Harman,1.639,118,72
13,Ben Martin,1.653,119,72
13,Ryan Moore,1.653,119,72
13,S.Y. Noh,1.653,119,72
13,Nick Taylor,1.653,119,72
13,Jimmy Walker,1.653,119,72
18,Matt Jones,1.667,120,72
18,John Senden,1.667,120,72
20,Steven Bowditch,1.681,121,72
20,Russell Henley,1.681,121,72
20,Robert Streb,1.681,121,72
23,Sangmoon Bae,1.694,122,72
24,Geoff Ogilvy,1.708,123,72
24,Kevin Streelman,1.708,123,72
24,Camilo Villegas,1.708,123,72
27,Ángel Cabrera,1.722,124,72
27,Chesson Hadley,1.722,124,72
27,Scott Stallings,1.722,124,72
30,Charley Hoffman,1.736,125,72
30,J.B. Holmes,1.736,125,72
32,Hunter Mahan,1.764,127,72
33,Billy Horschel,1.778,128,72
