rank,player,Total
1,Robert Streb,16.3
2,Zach Johnson,18.8
3,S.Y. Noh,21.0
4,Ángel Cabrera,22.2
5,Sangmoon Bae,23.0
6,Bubba Watson,23.3
7,Russell Henley,23.4
8,Jimmy Walker,29.2
9,Hunter Mahan,30.0
10,Tim Clark,31.8
11,Hideki Matsuyama,32.4
12,Brendon Todd,32.5
13,Matt Every,32.6
14,Chris Kirk,33.3
15,Geoff Ogilvy,34.0
15,Patrick Reed,34.0
17,Ben Crane,34.4
18,Matt Kuchar,34.8
19,Ben Martin,36.2
20,Matt Jones,36.3
21,Jason Day,36.7
22,Scott Stallings,37.6
23,Ryan Moore,37.8
24,Chesson Hadley,38.1
24,Kevin Streelman,38.1
26,Nick Taylor,40.7
27,John Senden,42.7
28,Steven Bowditch,43.0
29,Charley Hoffman,45.8
30,Brian Harman,46.1
31,Camilo Villegas,47.1
32,J.B. Holmes,53.6
33,Billy Horschel,55.0
