rank,player,Avg,Total Strokes,Total Rounds
1,Jason Kokrak,30.00,30,1
2,Webb Simpson,31.00,31,1
3,Daniel Berger,32.00,32,1
3,Cameron Champ,32.00,32,1
3,Billy Horschel,32.00,32,1
3,Collin Morikawa,32.00,32,1
3,Joaquin Niemann,32.00,32,1
3,Xander Schauffele,32.00,32,1
3,Justin Thomas,32.00,32,1
10,Bryson DeChambeau,33.00,33,1
10,Harris English,33.00,33,1
10,Tony Finau,33.00,33,1
10,Lanto Griffin,33.00,33,1
10,Dustin Johnson,33.00,33,1
10,Marc Leishman,33.00,33,1
10,Sebastián Muñoz,33.00,33,1
10,Kevin Na,33.00,33,1
10,Jon Rahm,33.00,33,1
10,Scottie Scheffler,33.00,33,1
20,Patrick Cantlay,34.00,34,1
20,Brian Gay,34.00,34,1
20,Mackenzie Hughes,34.00,34,1
20,Sungjae Im,34.00,34,1
20,Martin Laird,34.00,34,1
20,Ryan Palmer,34.00,34,1
20,Adam Scott,34.00,34,1
20,Hudson Swafford,34.00,34,1
20,Nick Taylor,34.00,34,1
20,Michael Thompson,34.00,34,1
20,Brendon Todd,34.00,34,1
31,Abraham Ancer,35.00,35,1
31,Stewart Cink,35.00,35,1
31,Viktor Hovland,35.00,35,1
31,Kevin Kisner,35.00,35,1
31,Andrew Landry,35.00,35,1
36,Hideki Matsuyama,36.00,36,1
36,Carlos Ortiz,36.00,36,1
36,Patrick Reed,36.00,36,1
36,Cameron Smith,36.00,36,1
36,Robert Streb,36.00,36,1
36,Richy Werenski,36.00,36,1
42,Sergio Garcia,37.00,37,1
