rank,player,Avg,Total Strokes,Total Rounds
1,Stewart Cink,32.00,32,1
1,Jon Rahm,32.00,32,1
1,Cameron Smith,32.00,32,1
1,Michael Thompson,32.00,32,1
5,Abraham Ancer,33.00,33,1
5,Cameron Champ,33.00,33,1
5,Bryson DeChambeau,33.00,33,1
5,Harris English,33.00,33,1
5,Billy Horschel,33.00,33,1
5,Viktor Hovland,33.00,33,1
5,Dustin Johnson,33.00,33,1
5,Collin Morikawa,33.00,33,1
5,Sebastián Muñoz,33.00,33,1
5,Ryan Palmer,33.00,33,1
5,Xander Schauffele,33.00,33,1
16,Lanto Griffin,34.00,34,1
16,Sungjae Im,34.00,34,1
16,Kevin Kisner,34.00,34,1
16,Jason Kokrak,34.00,34,1
16,Martin Laird,34.00,34,1
16,Joaquin Niemann,34.00,34,1
16,Scottie Scheffler,34.00,34,1
16,Adam Scott,34.00,34,1
16,Justin Thomas,34.00,34,1
16,Brendon Todd,34.00,34,1
16,Richy Werenski,34.00,34,1
27,Daniel Berger,35.00,35,1
27,Patrick Cantlay,35.00,35,1
27,Sergio Garcia,35.00,35,1
27,Brian Gay,35.00,35,1
27,Mackenzie Hughes,35.00,35,1
27,Marc Leishman,35.00,35,1
27,Kevin Na,35.00,35,1
27,Webb Simpson,35.00,35,1
27,Robert Streb,35.00,35,1
36,Tony Finau,36.00,36,1
36,Hideki Matsuyama,36.00,36,1
36,Carlos Ortiz,36.00,36,1
36,Patrick Reed,36.00,36,1
36,Nick Taylor,36.00,36,1
41,Hudson Swafford,37.00,37,1
42,Andrew Landry,38.00,38,1
