rank,player,Low Rnd
1,Jason Kokrak,30
1,Joaquin Niemann,30
3,Dustin Johnson,31
3,Webb Simpson,31
3,Justin Thomas,31
6,Daniel Berger,32
6,Cameron Champ,32
6,Stewart Cink,32
6,Harris English,32
6,Billy Horschel,32
6,Collin Morikawa,32
6,Jon Rahm,32
6,Xander Schauffele,32
6,Cameron Smith,32
6,Robert Streb,32
6,Michael Thompson,32
17,Abraham Ancer,33
17,Bryson DeChambeau,33
17,Tony Finau,33
17,Lanto Griffin,33
17,Viktor Hovland,33
17,Kevin Kisner,33
17,Martin Laird,33
17,Marc Leishman,33
17,Sebastián Muñoz,33
17,Kevin Na,33
17,Ryan Palmer,33
17,Patrick Reed,33
17,Scottie Scheffler,33
17,Hudson Swafford,33
17,Brendon Todd,33
32,Patrick Cantlay,34
32,Sergio Garcia,34
32,Brian Gay,34
32,Mackenzie Hughes,34
32,Sungjae Im,34
32,Andrew Landry,34
32,Carlos Ortiz,34
32,Adam Scott,34
32,Nick Taylor,34
32,Richy Werenski,34
42,Hideki Matsuyama,35
