rank,player,Avg,Total Strokes,Total Holes
1,Justin Thomas,32.25,129,4
2,Joaquin Niemann,32.50,130,4
3,Dustin Johnson,32.75,131,4
4,Jon Rahm,33.00,132,4
5,Xander Schauffele,33.25,133,4
6,Harris English,33.50,134,4
7,Bryson DeChambeau,33.75,135,4
7,Billy Horschel,33.75,135,4
9,Abraham Ancer,34.00,136,4
9,Daniel Berger,34.00,136,4
9,Cameron Champ,34.00,136,4
9,Martin Laird,34.00,136,4
9,Sebastián Muñoz,34.00,136,4
9,Scottie Scheffler,34.00,136,4
9,Webb Simpson,34.00,136,4
9,Brendon Todd,34.00,136,4
17,Kevin Kisner,34.25,137,4
17,Collin Morikawa,34.25,137,4
17,Ryan Palmer,34.25,137,4
20,Patrick Cantlay,34.50,138,4
20,Stewart Cink,34.50,138,4
20,Lanto Griffin,34.50,138,4
20,Jason Kokrak,34.50,138,4
20,Marc Leishman,34.50,138,4
25,Sungjae Im,34.75,139,4
25,Cameron Smith,34.75,139,4
25,Michael Thompson,34.75,139,4
28,Tony Finau,35.00,140,4
28,Brian Gay,35.00,140,4
28,Mackenzie Hughes,35.00,140,4
28,Adam Scott,35.00,140,4
28,Robert Streb,35.00,140,4
28,Hudson Swafford,35.00,140,4
28,Nick Taylor,35.00,140,4
35,Sergio Garcia,35.25,141,4
35,Patrick Reed,35.25,141,4
35,Richy Werenski,35.25,141,4
38,Viktor Hovland,35.50,142,4
38,Andrew Landry,35.50,142,4
38,Carlos Ortiz,35.50,142,4
41,Hideki Matsuyama,36.00,144,4
41,Kevin Na,36.00,144,4
