rank,player,Avg,Total Strokes,Total Rounds
1,Joaquin Niemann,30.00,30,1
2,Dustin Johnson,31.00,31,1
3,Jon Rahm,32.00,32,1
3,Justin Thomas,32.00,32,1
5,Abraham Ancer,33.00,33,1
5,Lanto Griffin,33.00,33,1
5,Kevin Kisner,33.00,33,1
5,Martin Laird,33.00,33,1
5,Sebastián Muñoz,33.00,33,1
5,Scottie Scheffler,33.00,33,1
5,Hudson Swafford,33.00,33,1
12,Xander Schauffele,34.00,34,1
13,Patrick Cantlay,35.00,35,1
13,Bryson DeChambeau,35.00,35,1
13,Sergio Garcia,35.00,35,1
13,Billy Horschel,35.00,35,1
13,Andrew Landry,35.00,35,1
13,Hideki Matsuyama,35.00,35,1
13,Webb Simpson,35.00,35,1
13,Michael Thompson,35.00,35,1
13,Brendon Todd,35.00,35,1
22,Daniel Berger,36.00,36,1
22,Harris English,36.00,36,1
22,Tony Finau,36.00,36,1
22,Brian Gay,36.00,36,1
22,Mackenzie Hughes,36.00,36,1
22,Sungjae Im,36.00,36,1
22,Marc Leishman,36.00,36,1
22,Carlos Ortiz,36.00,36,1
22,Ryan Palmer,36.00,36,1
22,Patrick Reed,36.00,36,1
22,Cameron Smith,36.00,36,1
22,Nick Taylor,36.00,36,1
22,Richy Werenski,36.00,36,1
35,Stewart Cink,37.00,37,1
35,Jason Kokrak,37.00,37,1
35,Collin Morikawa,37.00,37,1
35,Robert Streb,37.00,37,1
39,Cameron Champ,38.00,38,1
39,Viktor Hovland,38.00,38,1
39,Adam Scott,38.00,38,1
42,Kevin Na,41.00,41,1
