rank,player,Avg,Total Strokes,Total Rounds
1,Justin Thomas,31.00,31,1
2,Harris English,32.00,32,1
2,Robert Streb,32.00,32,1
4,Daniel Berger,33.00,33,1
4,Cameron Champ,33.00,33,1
4,Patrick Reed,33.00,33,1
4,Brendon Todd,33.00,33,1
8,Patrick Cantlay,34.00,34,1
8,Stewart Cink,34.00,34,1
8,Bryson DeChambeau,34.00,34,1
8,Sergio Garcia,34.00,34,1
8,Dustin Johnson,34.00,34,1
8,Andrew Landry,34.00,34,1
8,Marc Leishman,34.00,34,1
8,Joaquin Niemann,34.00,34,1
8,Carlos Ortiz,34.00,34,1
8,Ryan Palmer,34.00,34,1
8,Xander Schauffele,34.00,34,1
8,Adam Scott,34.00,34,1
8,Nick Taylor,34.00,34,1
21,Abraham Ancer,35.00,35,1
21,Tony Finau,35.00,35,1
21,Brian Gay,35.00,35,1
21,Billy Horschel,35.00,35,1
21,Mackenzie Hughes,35.00,35,1
21,Sungjae Im,35.00,35,1
21,Kevin Kisner,35.00,35,1
21,Martin Laird,35.00,35,1
21,Collin Morikawa,35.00,35,1
21,Kevin Na,35.00,35,1
21,Jon Rahm,35.00,35,1
21,Webb Simpson,35.00,35,1
21,Cameron Smith,35.00,35,1
21,Richy Werenski,35.00,35,1
35,Viktor Hovland,36.00,36,1
35,Scottie Scheffler,36.00,36,1
35,Hudson Swafford,36.00,36,1
38,Jason Kokrak,37.00,37,1
38,Hideki Matsuyama,37.00,37,1
38,Sebastián Muñoz,37.00,37,1
41,Lanto Griffin,38.00,38,1
41,Michael Thompson,38.00,38,1
