rank,player,Avg,Total Actual Hang Time,Total Attempts
1,Trey Mullinax,6.8,374.5,55
2,Sam Burns,6.7,306.9,46
3,Keegan Bradley,6.6,372.2,56
3,Patrick Cantlay,6.6,344.0,52
3,Mackenzie Hughes,6.6,377.9,57
3,Chad Ramey,6.6,363.9,55
7,Corey Conners,6.5,362.7,56
7,Viktor Hovland,6.5,343.1,53
7,Sungjae Im,6.5,384.0,59
10,Russell Henley,6.4,300.9,47
10,Tom Hoge,6.4,292.1,46
10,Tom Kim,6.4,380.2,59
10,Luke List,6.4,307.2,48
10,Hideki Matsuyama,6.4,276.0,43
10,J.T. Poston,6.4,333.3,52
10,Chez Reavie,6.4,313.2,49
10,Scott Stallings,6.4,299.4,47
10,Sahith Theegala,6.4,319.1,50
10,Aaron Wise,6.4,345.4,54
10,Cameron Young,6.4,302.1,47
21,Brian Harman,6.3,346.0,55
21,Billy Horschel,6.3,341.0,54
21,Adam Scott,6.3,308.8,49
21,Jordan Spieth,6.3,327.1,52
25,Matt Fitzpatrick,6.2,367.1,59
25,K.H. Lee,6.2,293.7,47
25,Jon Rahm,6.2,340.5,55
25,J.J. Spaun,6.2,336.1,54
25,Sepp Straka,6.2,326.0,53
25,Justin Thomas,6.2,346.6,56
25,Will Zalatoris,6.2,334.2,54
32,Tony Finau,6.1,288.5,47
32,Max Homa,6.1,341.0,56
32,Collin Morikawa,6.1,324.6,53
32,Seamus Power,6.1,291.8,48
32,Adam Svensson,6.1,261.3,43
37,Ryan Brehm,5.9,219.7,37
38,Scottie Scheffler,5.6,319.2,57
