rank,player,Combined Rank,Carry Efficiency Rank,Total Dist. Effic. Rank
1,Keegan Bradley,3,1,2
1,Chez Reavie,3,2,1
3,J.J. Spaun,17,11,6
4,Sungjae Im,19,8,11
4,Sahith Theegala,19,10,9
6,Will Zalatoris,21,13,8
7,Tom Kim,23,9,14
7,Sepp Straka,23,18,5
9,Brian Harman,24,11,13
9,Trey Mullinax,24,7,17
11,Mackenzie Hughes,26,4,22
11,Scott Stallings,26,3,23
13,Justin Thomas,27,25,2
14,Sam Burns,29,19,10
14,Patrick Cantlay,29,17,12
14,Russell Henley,29,5,24
14,Jon Rahm,29,25,4
14,Cameron Young,29,23,6
19,J.T. Poston,33,13,20
20,Viktor Hovland,34,16,18
21,Tom Hoge,36,21,15
22,Adam Scott,40,24,16
23,Chad Ramey,44,6,38
24,Aaron Wise,46,20,26
25,Tony Finau,47,28,19
26,Billy Horschel,50,13,37
26,Collin Morikawa,50,22,28
28,K.H. Lee,52,27,25
29,Seamus Power,55,34,21
30,Jordan Spieth,59,32,27
31,Luke List,60,31,29
32,Hideki Matsuyama,61,30,31
33,Adam Svensson,63,33,30
34,Corey Conners,65,29,36
35,Ryan Brehm,69,35,34
35,Matt Fitzpatrick,69,36,33
35,Max Homa,69,37,32
38,Scottie Scheffler,73,38,35
