rank,player,Avg,Total Vert. Launch Angle,Total Attempts
1,Keegan Bradley,13.46,753.83,56
2,Sahith Theegala,12.90,645.02,50
3,Chez Reavie,12.88,631.27,49
4,Sepp Straka,12.32,653.16,53
5,Chad Ramey,12.28,675.36,55
6,Tom Kim,12.18,718.56,59
7,Billy Horschel,12.12,654.63,54
8,Sam Burns,11.64,535.58,46
9,Brian Harman,11.44,629.47,55
10,J.T. Poston,11.14,579.12,52
11,Trey Mullinax,10.90,599.25,55
12,Mackenzie Hughes,10.81,616.16,57
13,Tom Hoge,10.79,496.47,46
14,Aaron Wise,10.78,582.26,54
14,Cameron Young,10.78,506.71,47
16,Patrick Cantlay,10.74,558.38,52
17,Collin Morikawa,10.63,563.17,53
18,J.J. Spaun,10.56,570.49,54
19,Jon Rahm,10.15,558.15,55
20,Viktor Hovland,10.01,530.68,53
21,Scott Stallings,10.00,470.15,47
22,Russell Henley,9.97,468.41,47
23,Corey Conners,9.90,554.43,56
24,Adam Svensson,9.85,423.58,43
25,K.H. Lee,9.79,460.32,47
26,Sungjae Im,9.78,577.03,59
26,Justin Thomas,9.78,557.71,57
28,Tony Finau,9.73,457.36,47
29,Hideki Matsuyama,9.60,412.75,43
30,Will Zalatoris,9.33,504.08,54
31,Jordan Spieth,9.09,472.86,52
32,Adam Scott,8.82,432.39,49
33,Luke List,8.79,421.85,48
34,Ryan Brehm,8.26,305.50,37
35,Matt Fitzpatrick,8.12,478.95,59
36,Scottie Scheffler,8.07,459.86,57
37,Seamus Power,6.66,319.77,48
38,Max Homa,6.57,367.97,56
