rank,player,Avg,Total Dist. to Impact,Total Attempts
1,Trey Mullinax,297.0,"16,333.9",55
2,Cameron Young,295.8,"13,901.3",47
3,Will Zalatoris,291.4,"15,735.4",54
4,Luke List,289.6,"13,898.8",48
5,Mackenzie Hughes,287.8,"16,115.1",56
6,Viktor Hovland,287.7,"15,247.1",53
7,Ryan Brehm,287.5,"10,348.8",36
8,Jon Rahm,286.8,"15,485.7",54
9,Scott Stallings,285.5,"12,562.3",44
10,Adam Scott,285.1,"13,968.9",49
11,Patrick Cantlay,284.3,"14,783.6",52
12,Sungjae Im,282.5,"16,384.9",58
13,Matt Fitzpatrick,282.0,"16,356.9",58
13,J.J. Spaun,282.0,"14,943.5",53
15,Keegan Bradley,281.8,"15,779.7",56
16,Sahith Theegala,281.4,"14,068.6",50
17,Seamus Power,280.3,"13,172.6",47
18,Justin Thomas,280.0,"15,962.0",57
19,Sam Burns,279.9,"12,877.3",46
20,Tony Finau,278.1,"12,790.4",46
21,K.H. Lee,277.3,"12,755.4",46
22,J.T. Poston,277.1,"14,408.4",52
23,Corey Conners,277.0,"15,513.4",56
24,Jordan Spieth,276.6,"14,105.1",51
25,Collin Morikawa,276.3,"14,641.6",53
25,Aaron Wise,276.3,"14,917.7",54
27,Tom Hoge,274.9,"12,647.4",46
27,Billy Horschel,274.9,"14,295.5",52
29,Tom Kim,274.5,"16,197.3",59
30,Max Homa,274.3,"15,360.0",56
31,Hideki Matsuyama,274.1,"11,786.1",43
32,Russell Henley,272.6,"12,811.6",47
33,Chad Ramey,271.5,"14,932.7",55
34,Brian Harman,271.4,"14,929.4",55
35,Scottie Scheffler,270.4,"15,143.1",56
36,Sepp Straka,270.3,"14,057.4",52
37,Adam Svensson,267.6,"11,508.4",43
38,Chez Reavie,267.5,"13,108.0",49
