rank,player,Avg,Total Club Head Speed,Total Attempts
1,Cameron Young,122.72,"1,840.81",15
2,Ryan Brehm,122.32,"1,467.88",12
3,Luke List,121.67,"1,946.69",16
4,Scottie Scheffler,120.48,"1,807.20",15
5,Trey Mullinax,120.43,"1,565.56",13
6,Matt Fitzpatrick,120.12,"1,801.80",15
7,Max Homa,119.79,"1,916.65",16
8,Jon Rahm,119.35,"2,028.87",17
9,Seamus Power,118.89,"1,664.52",14
10,Will Zalatoris,118.88,"1,783.23",15
11,Adam Scott,118.43,"1,539.55",13
12,Viktor Hovland,117.42,"1,761.28",15
13,Jordan Spieth,116.77,"1,751.54",15
14,Justin Thomas,116.55,"1,748.32",15
15,Patrick Cantlay,116.23,"1,627.25",14
16,Mackenzie Hughes,116.18,"1,626.52",14
17,Tony Finau,116.12,"1,625.72",14
18,Corey Conners,115.75,"1,736.23",15
19,K.H. Lee,115.72,"1,620.09",14
20,Sam Burns,115.17,"1,842.71",16
20,Scott Stallings,115.17,"1,382.05",12
22,J.J. Spaun,114.86,"1,263.48",11
23,Sungjae Im,114.63,"1,834.14",16
24,Hideki Matsuyama,114.57,"1,489.45",13
25,Sahith Theegala,114.37,"1,486.81",13
26,Collin Morikawa,114.22,"1,484.91",13
27,Aaron Wise,113.68,"1,477.89",13
28,Adam Svensson,113.46,"1,588.37",14
29,Tom Hoge,113.42,"1,474.43",13
30,J.T. Poston,113.06,"1,695.97",15
31,Keegan Bradley,112.71,"1,690.69",15
32,Billy Horschel,112.18,"1,794.85",16
33,Tom Kim,111.49,"1,672.37",15
34,Sepp Straka,110.70,"1,660.53",15
35,Brian Harman,110.58,"1,658.72",15
36,Russell Henley,110.37,"1,434.86",13
37,Chad Ramey,110.07,"1,651.11",15
38,Chez Reavie,107.88,"1,294.50",12
