rank,player,Value,Total Drv Rank,GIR Rank
1,Jon Rahm,3,2,1
2,Collin Morikawa,7,5,2
3,Stewart Cink,8,6,2
3,Cameron Smith,8,3,5
5,Justin Thomas,12,4,8
6,Daniel Berger,15,10,5
7,Sam Burns,18,1,17
8,Seamus Power,19,11,8
9,Erik van Rooyen,23,6,17
10,Patrick Cantlay,24,16,8
11,Sungjae Im,27,19,8
12,Marc Leishman,28,26,2
13,Talor Gooch,30,6,24
14,Jordan Spieth,31,14,17
15,Branden Grace,32,24,8
16,Garrick Higgo,33,16,17
17,Kevin Na,36,19,17
18,Cam Davis,38,14,24
18,Max Homa,38,6,32
18,Phil Mickelson,38,30,8
21,Viktor Hovland,39,12,27
21,K.H. Lee,39,22,17
21,Hideki Matsuyama,39,34,5
24,Joel Dahmen,43,16,27
24,Si Woo Kim,43,35,8
26,Matt Jones,44,36,8
27,Tony Finau,45,37,8
28,Billy Horschel,48,12,36
29,Brooks Koepka,53,26,27
30,Lucas Glover,55,28,27
30,Patrick Reed,55,38,17
32,Lucas Herbert,57,19,38
32,Xander Schauffele,57,33,24
34,Bryson DeChambeau,58,23,35
34,Kevin Kisner,58,31,27
36,Abraham Ancer,61,24,37
37,Harris English,63,31,32
37,Jason Kokrak,63,29,34
