rank,player,%,Greens Hit,# Holes,Relative/Par
1,Jon Rahm,90.28,65,72,-0.51
2,Stewart Cink,87.50,63,72,-0.32
2,Marc Leishman,87.50,63,72,-0.43
2,Collin Morikawa,87.50,63,72,-0.48
5,Daniel Berger,86.11,62,72,-0.42
5,Hideki Matsuyama,86.11,62,72,-0.39
5,Cameron Smith,86.11,62,72,-0.58
8,Patrick Cantlay,84.72,61,72,-0.46
8,Tony Finau,84.72,61,72,-0.39
8,Branden Grace,84.72,61,72,-0.33
8,Sungjae Im,84.72,61,72,-0.41
8,Matt Jones,84.72,61,72,-0.56
8,Si Woo Kim,84.72,61,72,-0.36
8,Phil Mickelson,84.72,61,72,-0.34
8,Seamus Power,84.72,61,72,-0.39
8,Justin Thomas,84.72,61,72,-0.52
17,Sam Burns,83.33,60,72,-0.37
17,Garrick Higgo,83.33,60,72,-0.40
17,K.H. Lee,83.33,60,72,-0.32
17,Kevin Na,83.33,60,72,-0.38
17,Patrick Reed,83.33,60,72,-0.43
17,Jordan Spieth,83.33,60,72,-0.37
17,Erik van Rooyen,83.33,60,72,-0.37
24,Cam Davis,81.94,59,72,-0.44
24,Talor Gooch,81.94,59,72,-0.39
24,Xander Schauffele,81.94,59,72,-0.47
27,Joel Dahmen,80.56,58,72,-0.36
27,Lucas Glover,80.56,58,72,-0.26
27,Viktor Hovland,80.56,58,72,-0.38
27,Kevin Kisner,80.56,58,72,-0.47
27,Brooks Koepka,80.56,58,72,-0.40
32,Harris English,79.17,57,72,-0.30
32,Max Homa,79.17,57,72,-0.44
34,Jason Kokrak,76.39,55,72,-0.31
35,Bryson DeChambeau,75.00,54,72,-0.43
36,Billy Horschel,73.61,53,72,-0.38
37,Abraham Ancer,72.22,52,72,-0.33
38,Lucas Herbert,70.83,51,72,-0.41
