rank,player,Avg,Total Strokes,Total Early Rounds
1,Mike Weir,63.00,63,1
2,Stuart Appleby,64.00,64,1
3,Adam Scott,66.50,133,2
4,David Toms,68.67,206,3
5,Woody Austin,69.00,207,3
5,Vaughn Taylor,69.00,69,1
7,Bart Bryant,69.67,209,3
8,Jonathan Byrd,70.00,280,4
8,Sergio Garcia,70.00,70,1
8,Mark Hensby,70.00,210,3
11,Retief Goosen,70.33,211,3
11,Rod Pampling,70.33,211,3
13,Stephen Ames,70.75,283,4
14,John Daly,71.00,142,2
15,Andre Stolz,71.25,285,4
16,Zach Johnson,71.33,214,3
17,Ryan Palmer,71.67,215,3
18,Steve Flesch,72.00,216,3
18,Brent Geiberger,72.00,216,3
18,Todd Hamilton,72.00,144,2
18,Joey Sindelar,72.00,144,2
22,Carlos Franco,72.33,217,3
23,Fred Funk,72.50,290,4
24,Chad Campbell,75.00,75,1
24,Heath Slocum,75.00,75,1
