rank,player,Low Rnd
1,Mike Weir,63
2,Stuart Appleby,64
3,Adam Scott,65
4,Stephen Ames,67
4,Jonathan Byrd,67
4,Fred Funk,67
4,Retief Goosen,67
4,David Toms,67
9,Woody Austin,68
9,Ryan Palmer,68
9,Joey Sindelar,68
12,Bart Bryant,69
12,John Daly,69
12,Steve Flesch,69
12,Mark Hensby,69
12,Rod Pampling,69
12,Vaughn Taylor,69
18,Sergio Garcia,70
18,Zach Johnson,70
18,Andre Stolz,70
21,Carlos Franco,71
21,Brent Geiberger,71
23,Todd Hamilton,72
24,Chad Campbell,75
24,Heath Slocum,75
