rank,player,Avg,Total Strokes,Tot. Early Rds.(1st tee)
1,Mike Weir,63.00,63,1
2,Stuart Appleby,64.00,64,1
3,Adam Scott,66.50,133,2
4,David Toms,68.67,206,3
5,Woody Austin,69.00,207,3
5,Vaughn Taylor,69.00,69,1
7,Rod Pampling,69.50,139,2
8,Bart Bryant,69.67,209,3
9,Sergio Garcia,70.00,70,1
10,Retief Goosen,70.33,211,3
11,Steve Flesch,70.50,141,2
11,Mark Hensby,70.50,141,2
11,Zach Johnson,70.50,141,2
14,Stephen Ames,70.67,212,3
15,Jonathan Byrd,71.00,213,3
15,John Daly,71.00,142,2
17,Fred Funk,71.67,215,3
17,Ryan Palmer,71.67,215,3
17,Andre Stolz,71.67,215,3
20,Brent Geiberger,72.00,216,3
20,Todd Hamilton,72.00,144,2
20,Joey Sindelar,72.00,144,2
23,Carlos Franco,72.33,217,3
24,Chad Campbell,75.00,75,1
