rank,player,Avg,Total Strokes,Total Rounds
1,Adam Scott,65.00,65,1
2,Jonathan Byrd,67.00,67,1
3,David Toms,68.00,68,1
4,Mark Hensby,69.00,69,1
5,Woody Austin,70.00,70,1
5,Sergio Garcia,70.00,70,1
5,Andre Stolz,70.00,70,1
8,Stephen Ames,71.00,71,1
8,Bart Bryant,71.00,71,1
10,Rod Pampling,72.00,72,1
11,John Daly,73.00,73,1
11,Retief Goosen,73.00,73,1
11,Zach Johnson,73.00,73,1
14,Chad Campbell,75.00,75,1
14,Steve Flesch,75.00,75,1
14,Fred Funk,75.00,75,1
14,Heath Slocum,75.00,75,1
18,Joey Sindelar,76.00,76,1
