rank,player,Total,Total (for all distances),Pct of all 1-putts
1,Justin Rose,15,31,48.4
2,Cam Davis,14,26,53.8
3,Byeong Hun An,13,29,44.8
3,Akshay Bhatia,13,31,41.9
3,Mackenzie Hughes,13,27,48.1
6,Jason Day,12,31,38.7
7,Russell Henley,11,24,45.8
7,Max Homa,11,25,44.0
7,Sungjae Im,11,31,35.5
7,Scottie Scheffler,11,27,40.7
7,Sahith Theegala,11,34,32.4
12,Harris English,10,31,32.3
12,Adam Hadwin,10,33,30.3
12,Si Woo Kim,10,28,35.7
12,Chris Kirk,10,35,28.6
12,Davis Riley,10,24,41.7
12,Sepp Straka,10,26,38.5
12,Nick Taylor,10,22,45.5
12,Erik van Rooyen,10,33,30.3
20,Sam Burns,9,29,31.0
20,Eric Cole,9,36,25.0
20,Matt Fitzpatrick,9,33,27.3
20,Rickie Fowler,9,25,36.0
20,Lucas Glover,9,27,33.3
20,Tyrrell Hatton,9,31,29.0
20,Lee Hodges,9,20,45.0
20,Seamus Power,9,25,36.0
20,Brendon Todd,9,30,30.0
20,Camilo Villegas,9,29,31.0
30,Nick Hardy,8,17,47.1
30,J.T. Poston,8,27,29.6
30,Jordan Spieth,8,34,23.5
30,Matt Wallace,8,26,30.8
34,Keegan Bradley,7,21,33.3
34,Tony Finau,7,28,25.0
34,Tommy Fleetwood,7,23,30.4
34,Viktor Hovland,7,29,24.1
34,Luke List,7,35,20.0
34,Taylor Moore,7,23,30.4
34,Andrew Putnam,7,24,29.2
34,Adam Svensson,7,24,29.2
42,Ludvig Åberg,6,25,24.0
42,Corey Conners,6,21,28.6
42,Tom Hoge,6,23,26.1
42,Kurt Kitayama,6,24,25.0
42,Vincent Norrman,6,20,30.0
42,Patrick Rodgers,6,24,25.0
42,Xander Schauffele,6,22,27.3
42,Adam Schenk,6,25,24.0
50,Patrick Cantlay,5,21,23.8
50,Wyndham Clark,5,20,25.0
50,Hideki Matsuyama,5,22,22.7
50,Denny McCarthy,5,26,19.2
50,Collin Morikawa,5,28,17.9
55,Brian Harman,4,34,11.8
55,Cameron Young,4,24,16.7
57,Nico Echavarria,3,35,8.6
57,Emiliano Grillo,3,25,12.0
57,Tom Kim,3,21,14.3
