rank,player,Distance,Year/Tourn#,Round,Hole
1,Davis Riley,"55' 3""",Sentry,4,9
2,Viktor Hovland,"52' 7""",Sentry,2,18
3,Camilo Villegas,"47' 9""",Sentry,2,10
4,Keegan Bradley,"47' 7""",Sentry,1,7
5,Seamus Power,"47' 0""",Sentry,4,5
6,Luke List,"45' 1""",Sentry,1,6
7,J.T. Poston,"44' 11""",Sentry,4,15
8,Adam Hadwin,"43' 2""",Sentry,2,18
9,Tommy Fleetwood,"42' 7""",Sentry,4,11
10,Taylor Moore,"41' 8""",Sentry,1,12
11,Adam Schenk,"41' 0""",Sentry,2,7
12,Harris English,"36' 11""",Sentry,3,11
13,Corey Conners,"36' 7""",Sentry,2,18
14,Vincent Norrman,"36' 2""",Sentry,4,11
15,Patrick Rodgers,"36' 1""",Sentry,2,13
16,Jordan Spieth,"35' 11""",Sentry,1,18
17,Sahith Theegala,"35' 0""",Sentry,4,3
18,Tony Finau,"34' 5""",Sentry,2,17
19,Tom Kim,"33' 3""",Sentry,1,5
20,Brendon Todd,"33' 1""",Sentry,1,17
21,Ludvig Åberg,"32' 5""",Sentry,2,17
22,Kurt Kitayama,"32' 0""",Sentry,3,3
23,Sungjae Im,"31' 11""",Sentry,4,1
24,Si Woo Kim,"31' 9""",Sentry,3,15
25,Denny McCarthy,"30' 8""",Sentry,1,4
26,Cameron Young,"30' 5""",Sentry,2,1
27,Andrew Putnam,"30' 2""",Sentry,4,2
28,Brian Harman,"29' 9""",Sentry,4,7
29,Russell Henley,"29' 4""",Sentry,2,2
30,Wyndham Clark,"28' 8""",Sentry,4,5
30,Sepp Straka,"28' 8""",Sentry,1,3
32,Nico Echavarria,"28' 1""",Sentry,2,18
33,Matt Fitzpatrick,"27' 11""",Sentry,1,5
33,Justin Rose,"27' 11""",Sentry,1,12
33,Nick Taylor,"27' 11""",Sentry,4,14
33,Erik van Rooyen,"27' 11""",Sentry,1,10
37,Adam Svensson,"27' 2""",Sentry,2,13
38,Eric Cole,"26' 5""",Sentry,4,17
39,Emiliano Grillo,"26' 1""",Sentry,1,7
40,Tom Hoge,"25' 9""",Sentry,3,11
41,Akshay Bhatia,"25' 1""",Sentry,2,2
42,Cam Davis,"24' 11""",Sentry,2,17
42,Rickie Fowler,"24' 11""",Sentry,1,1
44,Tyrrell Hatton,"24' 6""",Sentry,4,7
45,Scottie Scheffler,"24' 2""",Sentry,2,5
46,Max Homa,"23' 6""",Sentry,2,6
47,Matt Wallace,"23' 2""",Sentry,2,14
48,Xander Schauffele,"21' 8""",Sentry,1,10
49,Sam Burns,"21' 3""",Sentry,4,11
50,Lee Hodges,"20' 9""",Sentry,2,3
51,Collin Morikawa,"20' 8""",Sentry,4,11
52,Chris Kirk,"20' 4""",Sentry,4,7
53,Nick Hardy,"19' 10""",Sentry,4,11
54,Lucas Glover,"19' 7""",Sentry,3,4
54,Mackenzie Hughes,"19' 7""",Sentry,2,12
56,Jason Day,"19' 5""",Sentry,3,7
57,Patrick Cantlay,"19' 3""",Sentry,2,12
58,Byeong Hun An,"17' 9""",Sentry,3,13
59,Hideki Matsuyama,"16' 4""",Sentry,2,7
