rank,player,Total,Total (for all distances),Pct of all 1-putts
1,Nico Echavarria,6,35,17.1
2,Sam Burns,5,29,17.2
2,Seamus Power,5,25,20.0
4,Adam Hadwin,4,33,12.1
4,Brian Harman,4,34,11.8
4,Luke List,4,35,11.4
4,Erik van Rooyen,4,33,12.1
8,Akshay Bhatia,3,31,9.7
8,Eric Cole,3,36,8.3
8,Jason Day,3,31,9.7
8,Rickie Fowler,3,25,12.0
8,Collin Morikawa,3,28,10.7
8,Davis Riley,3,24,12.5
8,Adam Svensson,3,24,12.5
8,Sahith Theegala,3,34,8.8
16,Byeong Hun An,2,29,6.9
16,Wyndham Clark,2,20,10.0
16,Harris English,2,31,6.5
16,Nick Hardy,2,17,11.8
16,Tyrrell Hatton,2,31,6.5
16,Tom Hoge,2,23,8.7
16,Viktor Hovland,2,29,6.9
16,Mackenzie Hughes,2,27,7.4
16,Sungjae Im,2,31,6.5
16,Tom Kim,2,21,9.5
16,Chris Kirk,2,35,5.7
16,Kurt Kitayama,2,24,8.3
16,Taylor Moore,2,23,8.7
16,J.T. Poston,2,27,7.4
16,Justin Rose,2,31,6.5
16,Xander Schauffele,2,22,9.1
16,Scottie Scheffler,2,27,7.4
16,Jordan Spieth,2,34,5.9
34,Ludvig Åberg,1,25,4.0
34,Keegan Bradley,1,21,4.8
34,Patrick Cantlay,1,21,4.8
34,Corey Conners,1,21,4.8
34,Tony Finau,1,28,3.6
34,Matt Fitzpatrick,1,33,3.0
34,Tommy Fleetwood,1,23,4.3
34,Lucas Glover,1,27,3.7
34,Emiliano Grillo,1,25,4.0
34,Russell Henley,1,24,4.2
34,Lee Hodges,1,20,5.0
34,Max Homa,1,25,4.0
34,Si Woo Kim,1,28,3.6
34,Hideki Matsuyama,1,22,4.5
34,Denny McCarthy,1,26,3.8
34,Andrew Putnam,1,24,4.2
34,Adam Schenk,1,25,4.0
34,Nick Taylor,1,22,4.5
34,Brendon Todd,1,30,3.3
34,Camilo Villegas,1,29,3.4
34,Cameron Young,1,24,4.2
