rank,player,%,# of 1 putts,# of holes
1,Harris English,66.67%,12,18
2,Luke List,61.11%,11,18
3,Eric Cole,55.56%,10,18
3,Chris Kirk,55.56%,10,18
3,Matt Wallace,55.56%,10,18
6,Russell Henley,50.00%,9,18
7,Akshay Bhatia,44.44%,8,18
7,Sam Burns,44.44%,8,18
7,Max Homa,44.44%,8,18
7,J.T. Poston,44.44%,8,18
7,Xander Schauffele,44.44%,8,18
7,Jordan Spieth,44.44%,8,18
7,Adam Svensson,44.44%,8,18
7,Sahith Theegala,44.44%,8,18
7,Erik van Rooyen,44.44%,8,18
16,Corey Conners,38.89%,7,18
16,Cam Davis,38.89%,7,18
16,Jason Day,38.89%,7,18
16,Matt Fitzpatrick,38.89%,7,18
16,Rickie Fowler,38.89%,7,18
16,Lucas Glover,38.89%,7,18
16,Adam Hadwin,38.89%,7,18
16,Viktor Hovland,38.89%,7,18
16,Collin Morikawa,38.89%,7,18
16,Andrew Putnam,38.89%,7,18
26,Patrick Cantlay,33.33%,6,18
26,Nico Echavarria,33.33%,6,18
26,Tommy Fleetwood,33.33%,6,18
26,Emiliano Grillo,33.33%,6,18
26,Brian Harman,33.33%,6,18
26,Tyrrell Hatton,33.33%,6,18
26,Tom Hoge,33.33%,6,18
26,Si Woo Kim,33.33%,6,18
26,Tom Kim,33.33%,6,18
26,Seamus Power,33.33%,6,18
36,Tony Finau,27.78%,5,18
36,Lee Hodges,27.78%,5,18
36,Vincent Norrman,27.78%,5,18
36,Patrick Rodgers,27.78%,5,18
36,Sepp Straka,27.78%,5,18
36,Brendon Todd,27.78%,5,18
42,Sungjae Im,22.22%,4,18
42,Taylor Moore,22.22%,4,18
42,Justin Rose,22.22%,4,18
42,Scottie Scheffler,22.22%,4,18
42,Cameron Young,22.22%,4,18
47,Ludvig Åberg,16.67%,3,18
47,Byeong Hun An,16.67%,3,18
47,Keegan Bradley,16.67%,3,18
47,Mackenzie Hughes,16.67%,3,18
47,Kurt Kitayama,16.67%,3,18
47,Hideki Matsuyama,16.67%,3,18
47,Denny McCarthy,16.67%,3,18
47,Davis Riley,16.67%,3,18
47,Adam Schenk,16.67%,3,18
47,Camilo Villegas,16.67%,3,18
57,Wyndham Clark,11.11%,2,18
57,Nick Hardy,11.11%,2,18
57,Nick Taylor,11.11%,2,18
