rank,player,Total,Total (for all distances),Pct of all 1-putts
1,Nico Echavarria,19,35,54.3
2,Eric Cole,18,36,50.0
2,Chris Kirk,18,35,51.4
2,Luke List,18,35,51.4
2,Collin Morikawa,18,28,64.3
6,Matt Fitzpatrick,17,33,51.5
6,Brian Harman,17,34,50.0
8,Lucas Glover,16,27,59.3
9,Tyrrell Hatton,15,31,48.4
9,Jordan Spieth,15,34,44.1
9,Cameron Young,15,24,62.5
12,Jason Day,14,31,45.2
12,Viktor Hovland,14,29,48.3
12,Hideki Matsuyama,14,22,63.6
12,Patrick Rodgers,14,24,58.3
12,Adam Schenk,14,25,56.0
17,Tony Finau,13,28,46.4
17,Emiliano Grillo,13,25,52.0
17,Adam Hadwin,13,33,39.4
17,Brendon Todd,13,30,43.3
17,Erik van Rooyen,13,33,39.4
22,Si Woo Kim,12,28,42.9
22,Kurt Kitayama,12,24,50.0
22,Denny McCarthy,12,26,46.2
22,Sepp Straka,12,26,46.2
22,Sahith Theegala,12,34,35.3
27,Ludvig Åberg,11,25,44.0
27,Byeong Hun An,11,29,37.9
27,Sam Burns,11,29,37.9
27,Sungjae Im,11,31,35.5
27,Tom Kim,11,21,52.4
27,Vincent Norrman,11,20,55.0
27,J.T. Poston,11,27,40.7
34,Patrick Cantlay,10,21,47.6
34,Tommy Fleetwood,10,23,43.5
34,Rickie Fowler,10,25,40.0
34,Xander Schauffele,10,22,45.5
38,Akshay Bhatia,9,31,29.0
38,Tom Hoge,9,23,39.1
38,Max Homa,9,25,36.0
38,Mackenzie Hughes,9,27,33.3
38,Andrew Putnam,9,24,37.5
38,Camilo Villegas,9,29,31.0
38,Matt Wallace,9,26,34.6
45,Wyndham Clark,8,20,40.0
45,Corey Conners,8,21,38.1
45,Harris English,8,31,25.8
45,Taylor Moore,8,23,34.8
45,Justin Rose,8,31,25.8
50,Keegan Bradley,7,21,33.3
50,Cam Davis,7,26,26.9
50,Russell Henley,7,24,29.2
50,Lee Hodges,7,20,35.0
50,Seamus Power,7,25,28.0
50,Scottie Scheffler,7,27,25.9
56,Davis Riley,6,24,25.0
56,Adam Svensson,6,24,25.0
56,Nick Taylor,6,22,27.3
59,Nick Hardy,1,17,5.9
