rank,player,Total,Total (for all distances),Pct of all 1-putts
1,Eric Cole,4,36,11.1
2,Sungjae Im,3,31,9.7
2,Scottie Scheffler,3,27,11.1
2,Erik van Rooyen,3,33,9.1
2,Matt Wallace,3,26,11.5
6,Cam Davis,2,26,7.7
6,Emiliano Grillo,2,25,8.0
6,Brian Harman,2,34,5.9
6,Tom Hoge,2,23,8.7
6,Viktor Hovland,2,29,6.9
6,Si Woo Kim,2,28,7.1
6,Denny McCarthy,2,26,7.7
6,Adam Schenk,2,25,8.0
6,Nick Taylor,2,22,9.1
15,Sam Burns,1,29,3.4
15,Wyndham Clark,1,20,5.0
15,Nico Echavarria,1,35,2.9
15,Harris English,1,31,3.2
15,Matt Fitzpatrick,1,33,3.0
15,Tommy Fleetwood,1,23,4.3
15,Rickie Fowler,1,25,4.0
15,Tyrrell Hatton,1,31,3.2
15,Lee Hodges,1,20,5.0
15,Max Homa,1,25,4.0
15,Tom Kim,1,21,4.8
15,Chris Kirk,1,35,2.9
15,Luke List,1,35,2.9
15,Collin Morikawa,1,28,3.6
15,Davis Riley,1,24,4.2
15,Xander Schauffele,1,22,4.5
15,Sepp Straka,1,26,3.8
15,Adam Svensson,1,24,4.2
15,Sahith Theegala,1,34,2.9
15,Camilo Villegas,1,29,3.4
