rank,player,Total,Total (for all distances),Pct of all 1-putts
1,Harris English,7,31,22.6
1,Camilo Villegas,7,29,24.1
3,Ludvig Åberg,6,25,24.0
3,Nick Hardy,6,17,35.3
3,Adam Svensson,6,24,25.0
3,Brendon Todd,6,30,20.0
3,Matt Wallace,6,26,23.1
8,Akshay Bhatia,5,31,16.1
8,Keegan Bradley,5,21,23.8
8,Patrick Cantlay,5,21,23.8
8,Nico Echavarria,5,35,14.3
8,Tony Finau,5,28,17.9
8,Emiliano Grillo,5,25,20.0
8,Brian Harman,5,34,14.7
8,Denny McCarthy,5,26,19.2
8,Taylor Moore,5,23,21.7
8,J.T. Poston,5,27,18.5
8,Justin Rose,5,31,16.1
8,Sahith Theegala,5,34,14.7
20,Corey Conners,4,21,19.0
20,Matt Fitzpatrick,4,33,12.1
20,Adam Hadwin,4,33,12.1
20,Tyrrell Hatton,4,31,12.9
20,Russell Henley,4,24,16.7
20,Chris Kirk,4,35,11.4
20,Luke List,4,35,11.4
20,Andrew Putnam,4,24,16.7
20,Scottie Scheffler,4,27,14.8
29,Byeong Hun An,3,29,10.3
29,Sam Burns,3,29,10.3
29,Cam Davis,3,26,11.5
29,Tom Hoge,3,23,13.0
29,Max Homa,3,25,12.0
29,Mackenzie Hughes,3,27,11.1
29,Sungjae Im,3,31,9.7
29,Tom Kim,3,21,14.3
29,Xander Schauffele,3,22,13.6
29,Jordan Spieth,3,34,8.8
39,Wyndham Clark,2,20,10.0
39,Jason Day,2,31,6.5
39,Tommy Fleetwood,2,23,8.7
39,Rickie Fowler,2,25,8.0
39,Lee Hodges,2,20,10.0
39,Viktor Hovland,2,29,6.9
39,Si Woo Kim,2,28,7.1
39,Kurt Kitayama,2,24,8.3
39,Hideki Matsuyama,2,22,9.1
39,Vincent Norrman,2,20,10.0
39,Seamus Power,2,25,8.0
39,Davis Riley,2,24,8.3
39,Patrick Rodgers,2,24,8.3
39,Sepp Straka,2,26,7.7
39,Nick Taylor,2,22,9.1
39,Erik van Rooyen,2,33,6.1
39,Cameron Young,2,24,8.3
56,Eric Cole,1,36,2.8
56,Lucas Glover,1,27,3.7
56,Collin Morikawa,1,28,3.6
56,Adam Schenk,1,25,4.0
