rank,player,%,# of 1 putts,# of holes
1,Brendon Todd,66.67%,12,18
2,Nico Echavarria,61.11%,11,18
2,Adam Hadwin,61.11%,11,18
2,Tyrrell Hatton,61.11%,11,18
2,Kurt Kitayama,61.11%,11,18
6,Eric Cole,55.56%,10,18
6,Matt Fitzpatrick,55.56%,10,18
6,Brian Harman,55.56%,10,18
6,Scottie Scheffler,55.56%,10,18
10,Akshay Bhatia,50.00%,9,18
10,Lucas Glover,50.00%,9,18
10,Emiliano Grillo,50.00%,9,18
10,Chris Kirk,50.00%,9,18
10,Erik van Rooyen,50.00%,9,18
10,Cameron Young,50.00%,9,18
16,Sam Burns,44.44%,8,18
16,Cam Davis,44.44%,8,18
16,Tony Finau,44.44%,8,18
16,Hideki Matsuyama,44.44%,8,18
16,Patrick Rodgers,44.44%,8,18
21,Ludvig Åberg,38.89%,7,18
21,Jason Day,38.89%,7,18
21,Tommy Fleetwood,38.89%,7,18
21,Rickie Fowler,38.89%,7,18
21,Nick Hardy,38.89%,7,18
21,Lee Hodges,38.89%,7,18
21,Sungjae Im,38.89%,7,18
21,Luke List,38.89%,7,18
21,Denny McCarthy,38.89%,7,18
21,Taylor Moore,38.89%,7,18
21,Adam Schenk,38.89%,7,18
21,Jordan Spieth,38.89%,7,18
21,Sepp Straka,38.89%,7,18
21,Nick Taylor,38.89%,7,18
35,Byeong Hun An,33.33%,6,18
35,Harris English,33.33%,6,18
35,Max Homa,33.33%,6,18
35,Collin Morikawa,33.33%,6,18
35,Davis Riley,33.33%,6,18
35,Justin Rose,33.33%,6,18
35,Camilo Villegas,33.33%,6,18
42,Patrick Cantlay,27.78%,5,18
42,Corey Conners,27.78%,5,18
42,Viktor Hovland,27.78%,5,18
42,Mackenzie Hughes,27.78%,5,18
42,Si Woo Kim,27.78%,5,18
42,Adam Svensson,27.78%,5,18
42,Sahith Theegala,27.78%,5,18
49,Keegan Bradley,22.22%,4,18
49,Wyndham Clark,22.22%,4,18
49,Russell Henley,22.22%,4,18
49,Tom Hoge,22.22%,4,18
49,Vincent Norrman,22.22%,4,18
49,J.T. Poston,22.22%,4,18
49,Seamus Power,22.22%,4,18
56,Andrew Putnam,16.67%,3,18
56,Xander Schauffele,16.67%,3,18
56,Matt Wallace,16.67%,3,18
59,Tom Kim,11.11%,2,18
