rank,player,%,# of 1 putts,# of holes
1,Camilo Villegas,72.22%,13,18
2,Viktor Hovland,55.56%,10,18
2,Sahith Theegala,55.56%,10,18
4,Nico Echavarria,50.00%,9,18
4,Brian Harman,50.00%,9,18
4,Tom Hoge,50.00%,9,18
4,Jordan Spieth,50.00%,9,18
8,Byeong Hun An,44.44%,8,18
8,Harris English,44.44%,8,18
8,Matt Fitzpatrick,44.44%,8,18
8,Emiliano Grillo,44.44%,8,18
8,Russell Henley,44.44%,8,18
8,Mackenzie Hughes,44.44%,8,18
8,Sungjae Im,44.44%,8,18
8,Luke List,44.44%,8,18
8,J.T. Poston,44.44%,8,18
8,Justin Rose,44.44%,8,18
8,Adam Schenk,44.44%,8,18
19,Akshay Bhatia,38.89%,7,18
19,Keegan Bradley,38.89%,7,18
19,Sam Burns,38.89%,7,18
19,Patrick Cantlay,38.89%,7,18
19,Jason Day,38.89%,7,18
19,Si Woo Kim,38.89%,7,18
19,Tom Kim,38.89%,7,18
19,Chris Kirk,38.89%,7,18
19,Denny McCarthy,38.89%,7,18
19,Collin Morikawa,38.89%,7,18
19,Davis Riley,38.89%,7,18
19,Sepp Straka,38.89%,7,18
19,Erik van Rooyen,38.89%,7,18
32,Eric Cole,33.33%,6,18
32,Corey Conners,33.33%,6,18
32,Tony Finau,33.33%,6,18
32,Tommy Fleetwood,33.33%,6,18
32,Rickie Fowler,33.33%,6,18
32,Tyrrell Hatton,33.33%,6,18
32,Max Homa,33.33%,6,18
32,Patrick Rodgers,33.33%,6,18
32,Xander Schauffele,33.33%,6,18
32,Scottie Scheffler,33.33%,6,18
32,Matt Wallace,33.33%,6,18
43,Kurt Kitayama,27.78%,5,18
43,Hideki Matsuyama,27.78%,5,18
43,Taylor Moore,27.78%,5,18
43,Seamus Power,27.78%,5,18
43,Nick Taylor,27.78%,5,18
43,Cameron Young,27.78%,5,18
49,Ludvig Åberg,22.22%,4,18
49,Wyndham Clark,22.22%,4,18
49,Cam Davis,22.22%,4,18
49,Lee Hodges,22.22%,4,18
49,Vincent Norrman,22.22%,4,18
49,Andrew Putnam,22.22%,4,18
49,Adam Svensson,22.22%,4,18
56,Lucas Glover,16.67%,3,18
56,Adam Hadwin,16.67%,3,18
56,Brendon Todd,16.67%,3,18
59,Nick Hardy,11.11%,2,18
