rank,player,Avg,Total 1 Putts,Total Rounds
1,Eric Cole,9.00,36,4
2,Nico Echavarria,8.75,35,4
2,Chris Kirk,8.75,35,4
2,Luke List,8.75,35,4
5,Brian Harman,8.50,34,4
5,Jordan Spieth,8.50,34,4
5,Sahith Theegala,8.50,34,4
8,Matt Fitzpatrick,8.25,33,4
8,Adam Hadwin,8.25,33,4
8,Erik van Rooyen,8.25,33,4
11,Akshay Bhatia,7.75,31,4
11,Jason Day,7.75,31,4
11,Harris English,7.75,31,4
11,Tyrrell Hatton,7.75,31,4
11,Sungjae Im,7.75,31,4
11,Justin Rose,7.75,31,4
17,Brendon Todd,7.50,30,4
18,Byeong Hun An,7.25,29,4
18,Sam Burns,7.25,29,4
18,Viktor Hovland,7.25,29,4
18,Camilo Villegas,7.25,29,4
22,Tony Finau,7.00,28,4
22,Si Woo Kim,7.00,28,4
22,Collin Morikawa,7.00,28,4
25,Lucas Glover,6.75,27,4
25,Mackenzie Hughes,6.75,27,4
25,J.T. Poston,6.75,27,4
25,Scottie Scheffler,6.75,27,4
29,Cam Davis,6.50,26,4
29,Denny McCarthy,6.50,26,4
29,Sepp Straka,6.50,26,4
29,Matt Wallace,6.50,26,4
33,Ludvig Åberg,6.25,25,4
33,Rickie Fowler,6.25,25,4
33,Emiliano Grillo,6.25,25,4
33,Max Homa,6.25,25,4
33,Seamus Power,6.25,25,4
33,Adam Schenk,6.25,25,4
39,Russell Henley,6.00,24,4
39,Kurt Kitayama,6.00,24,4
39,Andrew Putnam,6.00,24,4
39,Davis Riley,6.00,24,4
39,Patrick Rodgers,6.00,24,4
39,Adam Svensson,6.00,24,4
39,Cameron Young,6.00,24,4
46,Tommy Fleetwood,5.75,23,4
46,Tom Hoge,5.75,23,4
46,Taylor Moore,5.75,23,4
49,Hideki Matsuyama,5.50,22,4
49,Xander Schauffele,5.50,22,4
49,Nick Taylor,5.50,22,4
52,Keegan Bradley,5.25,21,4
52,Patrick Cantlay,5.25,21,4
52,Corey Conners,5.25,21,4
52,Tom Kim,5.25,21,4
56,Wyndham Clark,5.00,20,4
56,Lee Hodges,5.00,20,4
56,Vincent Norrman,5.00,20,4
59,Nick Hardy,4.25,17,4
