rank,player,Total,Total (for all distances),Pct of all 1-putts
1,Jordan Spieth,6,34,17.6
2,Harris English,3,31,9.7
2,Andrew Putnam,3,24,12.5
4,Wyndham Clark,2,20,10.0
4,Corey Conners,2,21,9.5
4,Tony Finau,2,28,7.1
4,Tommy Fleetwood,2,23,8.7
4,Adam Hadwin,2,33,6.1
4,Brian Harman,2,34,5.9
4,Viktor Hovland,2,29,6.9
4,Kurt Kitayama,2,24,8.3
4,Seamus Power,2,25,8.0
4,Davis Riley,2,24,8.3
4,Patrick Rodgers,2,24,8.3
4,Sahith Theegala,2,34,5.9
4,Camilo Villegas,2,29,6.9
4,Cameron Young,2,24,8.3
18,Ludvig Åberg,1,25,4.0
18,Akshay Bhatia,1,31,3.2
18,Keegan Bradley,1,21,4.8
18,Eric Cole,1,36,2.8
18,Nico Echavarria,1,35,2.9
18,Matt Fitzpatrick,1,33,3.0
18,Emiliano Grillo,1,25,4.0
18,Russell Henley,1,24,4.2
18,Tom Hoge,1,23,4.3
18,Sungjae Im,1,31,3.2
18,Si Woo Kim,1,28,3.6
18,Tom Kim,1,21,4.8
18,Luke List,1,35,2.9
18,Denny McCarthy,1,26,3.8
18,Taylor Moore,1,23,4.3
18,Vincent Norrman,1,20,5.0
18,J.T. Poston,1,27,3.7
18,Justin Rose,1,31,3.2
18,Adam Schenk,1,25,4.0
18,Sepp Straka,1,26,3.8
18,Adam Svensson,1,24,4.2
18,Nick Taylor,1,22,4.5
18,Brendon Todd,1,30,3.3
18,Erik van Rooyen,1,33,3.0
