rank,player,%,# of 1 putts,# of holes
1,Eric Cole,50.00%,36,72
2,Nico Echavarria,48.61%,35,72
2,Chris Kirk,48.61%,35,72
2,Luke List,48.61%,35,72
5,Brian Harman,47.22%,34,72
5,Jordan Spieth,47.22%,34,72
5,Sahith Theegala,47.22%,34,72
8,Matt Fitzpatrick,45.83%,33,72
8,Adam Hadwin,45.83%,33,72
8,Erik van Rooyen,45.83%,33,72
11,Akshay Bhatia,43.06%,31,72
11,Jason Day,43.06%,31,72
11,Harris English,43.06%,31,72
11,Tyrrell Hatton,43.06%,31,72
11,Sungjae Im,43.06%,31,72
11,Justin Rose,43.06%,31,72
17,Brendon Todd,41.67%,30,72
18,Byeong Hun An,40.28%,29,72
18,Sam Burns,40.28%,29,72
18,Viktor Hovland,40.28%,29,72
18,Camilo Villegas,40.28%,29,72
22,Tony Finau,38.89%,28,72
22,Si Woo Kim,38.89%,28,72
22,Collin Morikawa,38.89%,28,72
25,Lucas Glover,37.50%,27,72
25,Mackenzie Hughes,37.50%,27,72
25,J.T. Poston,37.50%,27,72
25,Scottie Scheffler,37.50%,27,72
29,Cam Davis,36.11%,26,72
29,Denny McCarthy,36.11%,26,72
29,Sepp Straka,36.11%,26,72
29,Matt Wallace,36.11%,26,72
33,Ludvig Åberg,34.72%,25,72
33,Rickie Fowler,34.72%,25,72
33,Emiliano Grillo,34.72%,25,72
33,Max Homa,34.72%,25,72
33,Seamus Power,34.72%,25,72
33,Adam Schenk,34.72%,25,72
39,Russell Henley,33.33%,24,72
39,Kurt Kitayama,33.33%,24,72
39,Andrew Putnam,33.33%,24,72
39,Davis Riley,33.33%,24,72
39,Patrick Rodgers,33.33%,24,72
39,Adam Svensson,33.33%,24,72
39,Cameron Young,33.33%,24,72
46,Tommy Fleetwood,31.94%,23,72
46,Tom Hoge,31.94%,23,72
46,Taylor Moore,31.94%,23,72
49,Hideki Matsuyama,30.56%,22,72
49,Xander Schauffele,30.56%,22,72
49,Nick Taylor,30.56%,22,72
52,Keegan Bradley,29.17%,21,72
52,Patrick Cantlay,29.17%,21,72
52,Corey Conners,29.17%,21,72
52,Tom Kim,29.17%,21,72
56,Wyndham Clark,27.78%,20,72
56,Lee Hodges,27.78%,20,72
56,Vincent Norrman,27.78%,20,72
59,Nick Hardy,23.61%,17,72
