rank,player,Avg,Total SG:Putting,Measured Rounds
1,Kevin Kisner,1.576,6.303,4
2,Chris Stroud,1.493,5.972,4
3,Pat Perez,1.283,5.131,4
4,Wesley Bryan,1.279,5.116,4
5,Jason Dufner,1.219,4.876,4
6,Dustin Johnson,.724,2.894,4
7,Jonas Blixt,.641,2.563,4
8,Patton Kizzire,.584,2.336,4
9,Rickie Fowler,.542,2.168,4
10,Xander Schauffele,.497,1.988,4
11,Brian Harman,.488,1.950,4
12,Jhonattan Vegas,.484,1.934,4
13,Patrick Cantlay,.440,1.760,4
14,Marc Leishman,.424,1.695,4
15,Daniel Berger,.263,1.051,4
16,Jon Rahm,.182,.726,4
17,Adam Hadwin,-.001,-.006,4
18,Austin Cook,-.076,-.304,4
19,Russell Henley,-.079,-.315,4
20,Billy Horschel,-.177,-.707,4
21,Ryan Armour,-.237,-.950,4
22,Cameron Smith,-.257,-1.028,4
23,Grayson Murray,-.349,-1.396,4
24,Hideki Matsuyama,-.445,-1.779,4
25,Si Woo Kim,-.595,-2.382,4
26,Kevin Chappell,-.626,-2.504,4
27,Bryson DeChambeau,-.628,-2.513,4
28,Justin Thomas,-.896,-3.584,4
29,D.A. Points,-.901,-3.605,4
30,Jordan Spieth,-.942,-3.767,4
31,Brendan Steele,-.978,-3.912,4
32,Kyle Stanley,-1.116,-4.464,4
33,Hudson Swafford,-1.335,-5.339,4
34,Brooks Koepka,-2.478,-9.911,4
