rank,player,Avg,Total SG:ARG,Measured Rounds
1,Jordan Spieth,1.144,4.576,4
2,Rickie Fowler,.904,3.614,4
3,Billy Horschel,.644,2.574,4
4,Dustin Johnson,.576,2.304,4
5,Cameron Smith,.563,2.252,4
6,Jon Rahm,.360,1.440,4
7,Hudson Swafford,.307,1.226,4
8,Wesley Bryan,.297,1.189,4
9,Hideki Matsuyama,.268,1.070,4
10,Ryan Armour,.248,.992,4
11,Patton Kizzire,.247,.986,4
12,Brian Harman,.243,.973,4
13,Si Woo Kim,.229,.916,4
14,Kyle Stanley,.181,.723,4
15,Chris Stroud,.143,.573,4
16,D.A. Points,.038,.152,4
17,Jhonattan Vegas,-.004,-.016,4
18,Justin Thomas,-.048,-.193,4
19,Brendan Steele,-.111,-.446,4
20,Grayson Murray,-.114,-.456,4
21,Daniel Berger,-.204,-.818,4
22,Bryson DeChambeau,-.227,-.909,4
23,Brooks Koepka,-.257,-1.029,4
24,Xander Schauffele,-.264,-1.055,4
25,Jonas Blixt,-.297,-1.190,4
26,Patrick Cantlay,-.303,-1.213,4
27,Austin Cook,-.310,-1.242,4
28,Pat Perez,-.373,-1.493,4
29,Jason Dufner,-.424,-1.696,4
30,Kevin Kisner,-.498,-1.994,4
31,Russell Henley,-.549,-2.195,4
32,Marc Leishman,-.579,-2.316,4
33,Adam Hadwin,-.873,-3.493,4
34,Kevin Chappell,-.953,-3.811,4
