rank,player,Avg,Total SG:APP,Measured Rounds
1,Hideki Matsuyama,1.722,6.888,4
2,Marc Leishman,1.333,5.333,4
3,Brian Harman,1.291,5.164,4
4,Si Woo Kim,1.118,4.472,4
5,Jordan Spieth,1.002,4.007,4
6,Pat Perez,.732,2.928,4
7,Dustin Johnson,.696,2.782,4
8,Billy Horschel,.623,2.493,4
9,Russell Henley,.622,2.489,4
10,Jon Rahm,.551,2.203,4
11,Jhonattan Vegas,.489,1.955,4
12,Ryan Armour,.274,1.094,4
13,Chris Stroud,.273,1.092,4
14,Jason Dufner,.101,.403,4
15,Hudson Swafford,.004,.016,4
16,Wesley Bryan,-.030,-.120,4
17,Austin Cook,-.044,-.178,4
18,Kevin Kisner,-.048,-.193,4
19,Daniel Berger,-.081,-.325,4
20,Kevin Chappell,-.089,-.357,4
21,Justin Thomas,-.217,-.870,4
22,Rickie Fowler,-.252,-1.009,4
23,Jonas Blixt,-.270,-1.079,4
24,Cameron Smith,-.297,-1.189,4
25,Patton Kizzire,-.413,-1.654,4
26,Patrick Cantlay,-.419,-1.677,4
27,Grayson Murray,-.455,-1.819,4
28,Bryson DeChambeau,-.727,-2.909,4
29,Adam Hadwin,-.983,-3.931,4
30,Brendan Steele,-1.056,-4.226,4
31,D.A. Points,-1.261,-5.045,4
32,Brooks Koepka,-1.340,-5.361,4
33,Kyle Stanley,-1.387,-5.547,4
34,Xander Schauffele,-1.461,-5.845,4
