rank,player,%,Total Drives for 260-280,Total Drives - Overall,Relative to Par
1,Michael Campbell,25.00,15,60,E
2,"Wes Short, Jr.",20.00,12,60,-0.167
2,Heath Slocum,20.00,12,60,+0.083
4,Vaughn Taylor,18.33,11,60,-0.091
5,Bart Bryant,16.67,10,60,-0.100
5,Mark Calcavecchia,16.67,10,60,+0.100
5,K.J. Choi,16.67,10,60,+0.300
5,Carl Pettersson,16.67,10,60,E
9,Ben Crane,15.00,9,60,+0.111
9,Lucas Glover,15.00,9,60,E
9,Geoff Ogilvy,15.00,9,60,+0.111
12,Brad Faxon,13.33,8,60,E
12,Peter Lonard,13.33,8,60,-0.250
12,Sean O'Hair,13.33,8,60,+0.500
12,Tim Petrovic,13.33,8,60,-0.375
16,Jason Bohn,11.67,7,60,-0.143
16,Jim Furyk,11.67,7,60,-0.429
16,Robert Gamez,11.67,7,60,E
16,Jason Gore,11.67,7,60,+0.143
16,David Toms,11.67,7,60,+0.143
21,Stuart Appleby,10.00,6,60,-0.833
21,Sergio Garcia,10.00,6,60,-0.500
21,Justin Leonard,10.00,6,60,+0.167
21,Ted Purdy,10.00,6,60,-0.167
25,Fred Funk,8.33,5,60,+0.200
25,Kenny Perry,8.33,5,60,+0.200
27,Vijay Singh,6.67,4,60,E
28,Olin Browne,5.00,3,60,E
