rank,player,%,Total Drives for 300+,Total Drvs - overall,Relative to par
1,Stuart Appleby,37.50,3,8,-0.67
2,Jason Gore,25.00,2,8,-0.50
3,Sean O'Hair,12.50,1,8,-1.00
4,Jason Bohn,.00,0,8,E
4,Olin Browne,.00,0,8,E
4,Bart Bryant,.00,0,8,E
4,Mark Calcavecchia,.00,0,8,E
4,Michael Campbell,.00,0,8,E
4,K.J. Choi,.00,0,8,E
4,Ben Crane,.00,0,8,E
4,Brad Faxon,.00,0,8,E
4,Fred Funk,.00,0,8,E
4,Jim Furyk,.00,0,8,E
4,Robert Gamez,.00,0,8,E
4,Sergio Garcia,.00,0,8,E
4,Lucas Glover,.00,0,8,E
4,Justin Leonard,.00,0,8,E
4,Peter Lonard,.00,0,8,E
4,Geoff Ogilvy,.00,0,8,E
4,Kenny Perry,.00,0,8,E
4,Tim Petrovic,.00,0,8,E
4,Carl Pettersson,.00,0,8,E
4,Ted Purdy,.00,0,8,E
4,"Wes Short, Jr.",.00,0,8,E
4,Vijay Singh,.00,0,8,E
4,Heath Slocum,.00,0,8,E
4,Vaughn Taylor,.00,0,8,E
4,David Toms,.00,0,8,E
