rank,player,%,Total Drives for <= 240,Total Drives - Overall,Relative to Par
1,Brad Faxon,41.67,25,60,+0.400
1,Fred Funk,41.67,25,60,+0.240
3,Olin Browne,40.00,24,60,+0.083
4,Justin Leonard,38.33,23,60,+0.130
5,Peter Lonard,33.33,20,60,+0.050
6,Jason Bohn,30.00,18,60,+0.333
6,K.J. Choi,30.00,18,60,+0.111
6,Kenny Perry,30.00,18,60,+0.167
6,Tim Petrovic,30.00,18,60,+0.167
10,Bart Bryant,28.33,17,60,+0.059
10,Jim Furyk,28.33,17,60,-0.059
10,David Toms,28.33,17,60,+0.176
13,Robert Gamez,26.67,16,60,+0.250
13,Heath Slocum,26.67,16,60,+0.313
15,Ben Crane,25.00,15,60,E
15,Sergio Garcia,25.00,15,60,+0.200
15,Sean O'Hair,25.00,15,60,+0.533
18,Stuart Appleby,23.33,14,60,-0.214
18,Mark Calcavecchia,23.33,14,60,+0.143
18,Ted Purdy,23.33,14,60,+0.643
18,"Wes Short, Jr.",23.33,14,60,+0.286
18,Vaughn Taylor,23.33,14,60,E
23,Carl Pettersson,21.67,13,60,+0.615
23,Vijay Singh,21.67,13,60,+0.385
25,Lucas Glover,16.67,10,60,+0.100
26,Jason Gore,13.33,8,60,+0.375
27,Michael Campbell,11.67,7,60,E
27,Geoff Ogilvy,11.67,7,60,+0.143
