rank,player,%,Total Drives for 280-300,Total Drives - Overall,Relative to Par
1,Lucas Glover,18.33,11,60,-0.636
2,Sergio Garcia,16.67,10,60,-0.200
3,Jason Gore,15.00,9,60,+0.111
4,Vijay Singh,13.33,8,60,-0.750
5,Michael Campbell,11.67,7,60,E
5,Peter Lonard,11.67,7,60,-0.143
5,Tim Petrovic,11.67,7,60,+0.143
5,Vaughn Taylor,11.67,7,60,-0.143
9,Robert Gamez,10.00,6,60,+0.500
9,Sean O'Hair,10.00,6,60,-0.500
9,Geoff Ogilvy,10.00,6,60,-0.333
9,Kenny Perry,10.00,6,60,E
13,Stuart Appleby,8.33,5,60,E
13,Mark Calcavecchia,8.33,5,60,E
13,Ben Crane,8.33,5,60,+0.600
13,Jim Furyk,8.33,5,60,-0.200
17,Bart Bryant,6.67,4,60,-0.250
17,Brad Faxon,6.67,4,60,+0.500
17,Justin Leonard,6.67,4,60,-0.250
17,Carl Pettersson,6.67,4,60,+0.250
17,"Wes Short, Jr.",6.67,4,60,+0.250
17,Heath Slocum,6.67,4,60,E
23,Jason Bohn,5.00,3,60,E
23,K.J. Choi,5.00,3,60,E
23,Fred Funk,5.00,3,60,+0.667
23,Ted Purdy,5.00,3,60,+0.333
27,Olin Browne,3.33,2,60,+1.000
27,David Toms,3.33,2,60,-0.500
