rank,player,All Drives,Total Distance,# of Drives
1,Jason Gore,297.6,"17,854",60
2,Lucas Glover,297.1,"17,829",60
3,Vijay Singh,296.1,"17,765",60
4,Michael Campbell,293.8,"17,630",60
5,Geoff Ogilvy,292.9,"17,576",60
6,Stuart Appleby,291.4,"17,483",60
7,Sergio Garcia,289.3,"17,358",60
8,"Wes Short, Jr.",285.4,"17,122",60
9,Mark Calcavecchia,284.7,"17,079",60
10,David Toms,283.4,"17,003",60
11,Jason Bohn,282.7,"16,962",60
12,Sean O'Hair,282.6,"16,956",60
13,Carl Pettersson,282.2,"16,932",60
14,K.J. Choi,281.7,"16,904",60
15,Heath Slocum,280.8,"16,849",60
16,Ted Purdy,280.2,"16,811",60
17,Tim Petrovic,279.7,"16,783",60
18,Vaughn Taylor,278.9,"16,736",60
19,Kenny Perry,278.3,"16,696",60
20,Ben Crane,277.9,"16,675",60
21,Peter Lonard,275.5,"16,533",60
22,Bart Bryant,275.4,"16,525",60
23,Jim Furyk,271.9,"16,314",60
24,Robert Gamez,271.6,"16,295",60
25,Justin Leonard,271.5,"16,291",60
26,Olin Browne,267.1,"16,027",60
27,Fred Funk,263.4,"15,804",60
28,Brad Faxon,260.7,"15,640",60
