rank,player,Avg,Total Distance,Total Drives
1,Jason Gore,279.4,"2,235",8
2,Stuart Appleby,274.0,"2,192",8
3,Sergio Garcia,267.4,"2,139",8
4,Sean O'Hair,267.3,"2,138",8
5,Michael Campbell,266.0,"2,128",8
6,Geoff Ogilvy,265.9,"2,127",8
7,Lucas Glover,263.0,"2,104",8
8,Vijay Singh,262.3,"2,098",8
9,David Toms,258.1,"2,065",8
10,Kenny Perry,257.6,"2,061",8
11,Ted Purdy,257.0,"2,056",8
12,"Wes Short, Jr.",256.5,"2,052",8
13,Tim Petrovic,255.1,"2,041",8
14,Heath Slocum,253.0,"2,024",8
15,Peter Lonard,251.9,"2,015",8
16,Carl Pettersson,251.8,"2,014",8
17,Ben Crane,251.1,"2,009",8
18,Jim Furyk,250.5,"2,004",8
19,Mark Calcavecchia,250.4,"2,003",8
20,K.J. Choi,250.1,"2,001",8
21,Bart Bryant,249.5,"1,996",8
22,Jason Bohn,249.1,"1,993",8
23,Vaughn Taylor,248.9,"1,991",8
24,Justin Leonard,247.8,"1,982",8
25,Robert Gamez,246.4,"1,971",8
26,Fred Funk,242.1,"1,937",8
27,Brad Faxon,240.4,"1,923",8
28,Olin Browne,237.8,"1,902",8
