rank,player,%,Total Drives for 260-280,Total Drvs - overall,Relative to par
1,Bart Bryant,37.50,3,8,-0.33
1,K.J. Choi,37.50,3,8,-0.33
1,Ben Crane,37.50,3,8,+0.33
1,Jim Furyk,37.50,3,8,-0.67
1,Robert Gamez,37.50,3,8,E
1,Justin Leonard,37.50,3,8,E
1,Carl Pettersson,37.50,3,8,E
1,"Wes Short, Jr.",37.50,3,8,-0.33
1,Heath Slocum,37.50,3,8,E
1,Vaughn Taylor,37.50,3,8,-0.33
1,David Toms,37.50,3,8,E
12,Mark Calcavecchia,25.00,2,8,E
12,Fred Funk,25.00,2,8,+0.50
12,Geoff Ogilvy,25.00,2,8,E
15,Stuart Appleby,12.50,1,8,-1.00
15,Jason Bohn,12.50,1,8,-1.00
15,Brad Faxon,12.50,1,8,E
15,Sergio Garcia,12.50,1,8,E
15,Jason Gore,12.50,1,8,E
15,Peter Lonard,12.50,1,8,E
15,Sean O'Hair,12.50,1,8,+1.00
15,Kenny Perry,12.50,1,8,+1.00
15,Tim Petrovic,12.50,1,8,E
15,Ted Purdy,12.50,1,8,E
25,Olin Browne,.00,0,8,E
25,Michael Campbell,.00,0,8,E
25,Lucas Glover,.00,0,8,E
25,Vijay Singh,.00,0,8,E
