rank,player,%,Total Drives for 300-320,Total Drives - Overall,Relative to Par
1,Fred Funk,13.33,8,60,+0.250
1,Justin Leonard,13.33,8,60,-0.125
1,Ted Purdy,13.33,8,60,-0.125
4,Olin Browne,11.67,7,60,+0.286
4,Brad Faxon,11.67,7,60,E
6,Peter Lonard,10.00,6,60,+0.167
7,Robert Gamez,6.67,4,60,E
7,Kenny Perry,6.67,4,60,E
7,Heath Slocum,6.67,4,60,E
7,David Toms,6.67,4,60,+0.500
11,Stuart Appleby,5.00,3,60,-0.667
11,Bart Bryant,5.00,3,60,+0.667
11,K.J. Choi,5.00,3,60,E
11,Lucas Glover,5.00,3,60,+0.333
11,Jason Gore,5.00,3,60,E
11,Sean O'Hair,5.00,3,60,E
11,Carl Pettersson,5.00,3,60,+0.667
11,Vijay Singh,5.00,3,60,-0.333
19,Jason Bohn,3.33,2,60,+0.500
19,Ben Crane,3.33,2,60,+0.500
19,Jim Furyk,3.33,2,60,+1.000
19,"Wes Short, Jr.",3.33,2,60,E
19,Vaughn Taylor,3.33,2,60,E
24,Mark Calcavecchia,1.67,1,60,E
24,Michael Campbell,1.67,1,60,E
24,Sergio Garcia,1.67,1,60,+2.000
24,Geoff Ogilvy,1.67,1,60,E
24,Tim Petrovic,1.67,1,60,+1.000
