rank,player,%,Total Drives for 300+,Total Drives - Overall,Relative to Par
1,Jason Gore,41.67,25,60,+0.120
1,Vijay Singh,41.67,25,60,-0.320
3,Stuart Appleby,38.33,23,60,-0.130
3,Lucas Glover,38.33,23,60,+0.043
3,Ted Purdy,38.33,23,60,E
6,Jason Bohn,36.67,22,60,-0.136
6,David Toms,36.67,22,60,-0.045
8,Michael Campbell,35.00,21,60,-0.095
8,K.J. Choi,35.00,21,60,E
8,Sergio Garcia,35.00,21,60,+0.143
8,Sean O'Hair,35.00,21,60,+0.095
8,Geoff Ogilvy,35.00,21,60,-0.095
8,Kenny Perry,35.00,21,60,+0.143
8,"Wes Short, Jr.",35.00,21,60,-0.048
15,Mark Calcavecchia,33.33,20,60,-0.200
15,Justin Leonard,33.33,20,60,-0.100
15,Heath Slocum,33.33,20,60,+0.250
18,Olin Browne,31.67,19,60,+0.263
18,Bart Bryant,31.67,19,60,-0.053
18,Ben Crane,31.67,19,60,+0.368
18,Tim Petrovic,31.67,19,60,+0.158
18,Carl Pettersson,31.67,19,60,+0.105
23,Vaughn Taylor,30.00,18,60,-0.167
24,Fred Funk,28.33,17,60,+0.059
24,Jim Furyk,28.33,17,60,+0.059
24,Peter Lonard,28.33,17,60,+0.118
27,Robert Gamez,26.67,16,60,-0.125
28,Brad Faxon,25.00,15,60,E
