rank,player,%,Total Drives for 240-260,Total Drives - Overall,Relative to Par
1,Geoff Ogilvy,28.33,17,60,+0.118
2,Robert Gamez,25.00,15,60,-0.067
3,Jim Furyk,23.33,14,60,-0.071
3,Carl Pettersson,23.33,14,60,-0.357
3,Ted Purdy,23.33,14,60,+0.071
6,Stuart Appleby,20.00,12,60,-0.083
6,Olin Browne,20.00,12,60,-0.167
6,Ben Crane,20.00,12,60,+0.333
6,David Toms,20.00,12,60,-0.083
10,Mark Calcavecchia,18.33,11,60,E
10,Jason Gore,18.33,11,60,+1.182
12,Jason Bohn,16.67,10,60,E
12,Bart Bryant,16.67,10,60,+0.100
12,Michael Campbell,16.67,10,60,E
12,Fred Funk,16.67,10,60,+0.200
12,Sean O'Hair,16.67,10,60,+0.800
12,Kenny Perry,16.67,10,60,+0.100
12,Vijay Singh,16.67,10,60,E
12,Vaughn Taylor,16.67,10,60,E
20,"Wes Short, Jr.",15.00,9,60,E
21,K.J. Choi,13.33,8,60,+0.250
21,Brad Faxon,13.33,8,60,+0.375
21,Sergio Garcia,13.33,8,60,E
21,Peter Lonard,13.33,8,60,+0.250
21,Tim Petrovic,13.33,8,60,+0.125
21,Heath Slocum,13.33,8,60,+0.375
27,Lucas Glover,11.67,7,60,+0.143
27,Justin Leonard,11.67,7,60,-0.286
