rank,player,%,Total Drives for <= 240,Total Drvs - overall,Relative to par
1,Olin Browne,62.50,5,8,+0.20
2,Jason Bohn,50.00,4,8,+0.50
2,Bart Bryant,50.00,4,8,+0.25
2,Mark Calcavecchia,50.00,4,8,+0.25
2,K.J. Choi,50.00,4,8,+1.00
2,Fred Funk,50.00,4,8,+0.50
2,Robert Gamez,50.00,4,8,+0.75
2,Justin Leonard,50.00,4,8,+0.25
2,Carl Pettersson,50.00,4,8,+1.00
2,Heath Slocum,50.00,4,8,+0.25
11,Ben Crane,37.50,3,8,+0.67
11,Brad Faxon,37.50,3,8,+0.33
11,Lucas Glover,37.50,3,8,+0.67
11,Peter Lonard,37.50,3,8,+0.67
11,Tim Petrovic,37.50,3,8,+1.00
11,Ted Purdy,37.50,3,8,+1.00
11,"Wes Short, Jr.",37.50,3,8,+0.33
11,Vijay Singh,37.50,3,8,+1.00
11,Vaughn Taylor,37.50,3,8,E
11,David Toms,37.50,3,8,+0.33
21,Jim Furyk,25.00,2,8,E
21,Sean O'Hair,25.00,2,8,+1.00
21,Kenny Perry,25.00,2,8,E
24,Michael Campbell,12.50,1,8,E
24,Sergio Garcia,12.50,1,8,+1.00
24,Geoff Ogilvy,12.50,1,8,E
27,Stuart Appleby,.00,0,8,E
27,Jason Gore,.00,0,8,E
