rank,player,%,Total Drives for 320+,Total Drives - Overall,Relative to Par
1,Jason Gore,36.67,22,60,+0.136
1,Vijay Singh,36.67,22,60,-0.318
3,Stuart Appleby,33.33,20,60,-0.050
3,Jason Bohn,33.33,20,60,-0.200
3,Michael Campbell,33.33,20,60,-0.100
3,Sergio Garcia,33.33,20,60,+0.050
3,Lucas Glover,33.33,20,60,E
3,Geoff Ogilvy,33.33,20,60,-0.100
9,Mark Calcavecchia,31.67,19,60,-0.211
9,"Wes Short, Jr.",31.67,19,60,-0.053
11,K.J. Choi,30.00,18,60,E
11,Sean O'Hair,30.00,18,60,+0.111
11,Tim Petrovic,30.00,18,60,+0.111
11,David Toms,30.00,18,60,-0.167
15,Ben Crane,28.33,17,60,+0.353
15,Kenny Perry,28.33,17,60,+0.176
17,Bart Bryant,26.67,16,60,-0.188
17,Carl Pettersson,26.67,16,60,E
17,Heath Slocum,26.67,16,60,+0.313
17,Vaughn Taylor,26.67,16,60,-0.188
21,Jim Furyk,25.00,15,60,-0.067
21,Ted Purdy,25.00,15,60,+0.067
23,Olin Browne,20.00,12,60,+0.250
23,Robert Gamez,20.00,12,60,-0.167
23,Justin Leonard,20.00,12,60,-0.083
26,Peter Lonard,18.33,11,60,+0.091
27,Fred Funk,15.00,9,60,-0.111
28,Brad Faxon,13.33,8,60,E
