rank,player,Avg RTP
1,Jim Herman,-1.000
1,Mark Hubbard,-1.000
1,Marc Leishman,-1.000
1,Peter Malnati,-1.000
1,Pat Perez,-1.000
1,Nick Taylor,-1.000
1,Michael Thompson,-1.000
8,Sergio Garcia,-.500
8,Sebastián Muñoz,-.500
8,Sepp Straka,-.500
8,Brendon Todd,-.500
12,Patton Kizzire,-.400
12,Robby Shelton,-.400
14,Stewart Cink,-.333
14,Zach Johnson,-.333
14,Si Woo Kim,-.333
14,Nelson Ledesma,-.333
18,Russell Henley,-.250
18,Hideki Matsuyama,-.250
18,Robert Streb,-.250
21,Joaquin Niemann,-.167
22,Aaron Baddeley,E
22,Chris Baker,E
22,Scott Brown,E
22,Wesley Bryan,E
22,K.J. Choi,E
22,Austin Cook,E
22,Cam Davis,E
22,Harris English,E
22,Brian Gay,E
22,Lanto Griffin,E
22,Emiliano Grillo,E
22,Kramer Hickok,E
22,Charley Hoffman,E
22,Billy Horschel,E
22,Charles Howell III,E
22,Mackenzie Hughes,E
22,Matt Jones,E
22,Michael Kim,E
22,Chris Kirk,E
22,Jamie Lovemark,E
22,Troy Merritt,E
22,Kevin Na,E
22,Carlos Ortiz,E
22,Adam Scott,E
22,Cameron Smith,E
22,Brian Stuard,E
22,Hudson Swafford,E
22,Mike Weir,E
50,K.H. Lee,+.200
50,Martin Trainer,+.200
52,Anirban Lahiri,+.250
53,Keith Mitchell,+.333
53,Ryan Palmer,+.333
53,Chez Reavie,+.333
56,Nick Hardy,+.500
56,Brian Harman,+.500
56,Sungjae Im,+.500
56,Jerry Kelly,+.500
56,Kevin Kisner,+.500
56,Jason Kokrak,+.500
62,Vaughn Taylor,+.667
63,Harry Higgs,+.750
64,Satoshi Kodaira,+1.000
65,Collin Morikawa,+1.500
66,Ryan Armour,+2.000
