rank,player,Avg RTP
1,Jason Kokrak,-.556
2,Webb Simpson,-.455
3,Joaquin Niemann,-.375
4,Carlos Ortiz,-.364
5,Brian Gay,-.333
6,Harris English,-.286
6,Billy Horschel,-.286
6,Brian Stuard,-.286
9,Cam Davis,-.273
9,Jim Herman,-.273
9,Ryosuke Kinoshita,-.273
9,Hudson Swafford,-.273
13,Daniel Berger,-.231
14,Kramer Hickok,-.222
15,Charles Howell III,-.200
15,Jamie Lovemark,-.200
15,Troy Merritt,-.200
15,Pat Perez,-.200
15,Brendan Steele,-.200
15,Sepp Straka,-.200
21,Emiliano Grillo,-.182
21,Nick Hardy,-.182
21,Patton Kizzire,-.182
21,Collin Morikawa,-.182
25,K.H. Lee,-.167
25,Hideki Matsuyama,-.167
27,Nick Taylor,-.143
28,Cameron Smith,-.133
29,Charley Hoffman,-.125
29,Matt Jones,-.125
31,Chris Kirk,-.111
31,Adam Scott,-.111
31,Robby Shelton,-.111
31,Michael Thompson,-.111
35,Brian Harman,-.100
35,Kevin Na,-.100
37,Kevin Kisner,-.091
37,Peter Malnati,-.091
37,Keith Mitchell,-.091
37,Ryan Palmer,-.091
41,James Hahn,-.071
41,Sungjae Im,-.071
43,Ryan Armour,E
43,Wesley Bryan,E
43,Sergio Garcia,E
43,Brice Garnett,E
43,Lanto Griffin,E
43,Russell Henley,E
43,Mark Hubbard,E
43,Jerry Kelly,E
43,Satoshi Kodaira,E
43,Anirban Lahiri,E
43,Chez Reavie,E
43,Robert Streb,E
43,Vaughn Taylor,E
43,Martin Trainer,E
57,Jim Furyk,+.067
58,Chris Baker,+.083
59,Marc Leishman,+.091
60,K.J. Choi,+.100
60,Austin Cook,+.100
60,Mackenzie Hughes,+.100
63,Aaron Baddeley,+.111
63,Stewart Cink,+.111
63,Sebastián Muñoz,+.111
66,Mike Weir,+.182
67,Nelson Ledesma,+.200
68,Harry Higgs,+.222
68,Zach Johnson,+.222
70,Michael Kim,+.250
70,Si Woo Kim,+.250
72,Brendon Todd,+.273
73,Scott Brown,+.300
