rank,player,Avg RTP
1,Joaquin Niemann,-2.000
1,Martin Trainer,-2.000
3,Nick Taylor,-1.500
4,Aaron Baddeley,-1.000
4,Chris Baker,-1.000
4,Daniel Berger,-1.000
4,Russell Henley,-1.000
4,Michael Kim,-1.000
4,Si Woo Kim,-1.000
4,Ryosuke Kinoshita,-1.000
4,Jason Kokrak,-1.000
4,K.H. Lee,-1.000
4,Keith Mitchell,-1.000
14,Hideki Matsuyama,-.750
15,Ryan Armour,-.667
15,Jim Furyk,-.667
17,Jim Herman,-.500
17,Mark Hubbard,-.500
17,Sebastián Muñoz,-.500
20,James Hahn,E
20,Harry Higgs,E
20,Zach Johnson,E
20,Satoshi Kodaira,E
20,Webb Simpson,E
20,Hudson Swafford,E
20,Vaughn Taylor,E
20,Brendon Todd,E
20,Mike Weir,E
29,Brian Stuard,+1.000
