rank,player,Avg RTP
1,Brendan Steele,-.600
2,Kevin Kisner,-.563
3,Martin Trainer,-.417
4,Hudson Swafford,-.400
5,Harry Higgs,-.385
5,Carlos Ortiz,-.385
7,Mark Hubbard,-.333
7,Matt Jones,-.333
7,Marc Leishman,-.333
7,Robert Streb,-.333
11,Daniel Berger,-.308
11,Kevin Na,-.308
13,Si Woo Kim,-.286
14,Jim Herman,-.273
14,K.H. Lee,-.273
14,Keith Mitchell,-.273
17,Collin Morikawa,-.267
17,Sepp Straka,-.267
17,Michael Thompson,-.267
17,Mike Weir,-.267
21,Nick Hardy,-.250
21,Zach Johnson,-.250
21,Chris Kirk,-.250
21,Patton Kizzire,-.250
21,Nelson Ledesma,-.250
21,Peter Malnati,-.250
21,Hideki Matsuyama,-.250
28,Aaron Baddeley,-.235
28,Scott Brown,-.235
30,Billy Horschel,-.231
30,Cameron Smith,-.231
32,James Hahn,-.214
33,Charley Hoffman,-.200
33,Webb Simpson,-.200
33,Brian Stuard,-.200
36,Stewart Cink,-.188
37,K.J. Choi,-.182
38,Austin Cook,-.176
38,Emiliano Grillo,-.176
40,Ryosuke Kinoshita,-.167
41,Pat Perez,-.160
42,Cam Davis,-.154
43,Chris Baker,-.150
43,Brice Garnett,-.150
43,Troy Merritt,-.150
46,Charles Howell III,-.143
46,Nick Taylor,-.143
48,Joaquin Niemann,-.133
49,Brendon Todd,-.125
50,Adam Scott,-.118
51,Russell Henley,-.077
51,Jerry Kelly,-.077
51,Vaughn Taylor,-.077
54,Anirban Lahiri,-.071
55,Michael Kim,-.067
56,Ryan Armour,-.059
56,Chez Reavie,-.059
58,Harris English,-.056
59,Jim Furyk,E
59,Brian Gay,E
59,Lanto Griffin,E
59,Sungjae Im,E
59,Satoshi Kodaira,E
59,Jamie Lovemark,E
59,Sebastián Muñoz,E
59,Ryan Palmer,E
59,Robby Shelton,E
68,Kramer Hickok,+.056
69,Jason Kokrak,+.063
70,Brian Harman,+.091
71,Mackenzie Hughes,+.100
72,Wesley Bryan,+.167
73,Sergio Garcia,+.300
