rank,player,Avg RTP
1,K.J. Choi,-1.000
1,Mark Hubbard,-1.000
1,Marc Leishman,-1.000
1,Sebastián Muñoz,-1.000
1,Sepp Straka,-1.000
1,Michael Thompson,-1.000
7,Lanto Griffin,-.500
7,Charley Hoffman,-.500
7,Robby Shelton,-.500
7,Robert Streb,-.500
7,Brendon Todd,-.500
12,Stewart Cink,-.333
12,Patton Kizzire,-.333
14,Joaquin Niemann,-.200
15,Chris Baker,E
15,Daniel Berger,E
15,Scott Brown,E
15,Austin Cook,E
15,Cam Davis,E
15,Sergio Garcia,E
15,Brian Gay,E
15,Emiliano Grillo,E
15,James Hahn,E
15,Kramer Hickok,E
15,Billy Horschel,E
15,Zach Johnson,E
15,Matt Jones,E
15,Michael Kim,E
15,Si Woo Kim,E
15,Chris Kirk,E
15,Jason Kokrak,E
15,Nelson Ledesma,E
15,K.H. Lee,E
15,Jamie Lovemark,E
15,Hideki Matsuyama,E
15,Keith Mitchell,E
15,Adam Scott,E
15,Cameron Smith,E
15,Brian Stuard,E
15,Mike Weir,E
41,Chez Reavie,+.333
41,Martin Trainer,+.333
43,Wesley Bryan,+.500
43,Nick Hardy,+.500
43,Sungjae Im,+.500
46,Brian Harman,+.667
47,Harry Higgs,+1.000
47,Mackenzie Hughes,+1.000
47,Jerry Kelly,+1.000
47,Kevin Kisner,+1.000
47,Satoshi Kodaira,+1.000
47,Vaughn Taylor,+1.000
53,Ryan Armour,+2.000
53,Collin Morikawa,+2.000
