rank,player,Avg RTP
1,Brice Garnett,-.600
1,Mackenzie Hughes,-.600
3,Wesley Bryan,-.500
3,Sungjae Im,-.500
3,Michael Kim,-.500
3,Satoshi Kodaira,-.500
3,Keith Mitchell,-.500
3,Kevin Na,-.500
3,Ryan Palmer,-.500
3,Mike Weir,-.500
11,Brian Harman,-.429
11,Zach Johnson,-.429
13,Lanto Griffin,-.400
13,Nelson Ledesma,-.400
15,Vaughn Taylor,-.375
16,Chris Baker,-.333
16,Scott Brown,-.333
16,Billy Horschel,-.333
16,Chris Kirk,-.333
16,Cameron Smith,-.333
21,Jim Furyk,-.286
22,K.J. Choi,-.250
22,Matt Jones,-.250
22,Patton Kizzire,-.250
22,Jamie Lovemark,-.250
22,Chez Reavie,-.250
22,Martin Trainer,-.250
28,Russell Henley,-.222
28,Jerry Kelly,-.222
30,Marc Leishman,-.200
30,Peter Malnati,-.200
30,Collin Morikawa,-.200
30,Brendan Steele,-.200
34,Michael Thompson,-.143
35,Brian Stuard,-.125
36,Ryan Armour,E
36,Aaron Baddeley,E
36,Daniel Berger,E
36,Stewart Cink,E
36,Cam Davis,E
36,Harris English,E
36,Sergio Garcia,E
36,Emiliano Grillo,E
36,James Hahn,E
36,Nick Hardy,E
36,Jim Herman,E
36,Harry Higgs,E
36,Charley Hoffman,E
36,Si Woo Kim,E
36,Kevin Kisner,E
36,Jason Kokrak,E
36,Hideki Matsuyama,E
36,Troy Merritt,E
36,Joaquin Niemann,E
36,Carlos Ortiz,E
36,Pat Perez,E
36,Adam Scott,E
36,Robby Shelton,E
36,Webb Simpson,E
36,Brendon Todd,E
61,Brian Gay,+.167
61,Mark Hubbard,+.167
63,Sebastián Muñoz,+.200
64,Kramer Hickok,+.250
64,Charles Howell III,+.250
64,Sepp Straka,+.250
64,Hudson Swafford,+.250
64,Nick Taylor,+.250
69,Austin Cook,+.333
69,K.H. Lee,+.333
69,Robert Streb,+.333
72,Ryosuke Kinoshita,+.500
73,Anirban Lahiri,+1.000
