rank,player,Avg RTP
1,Chris Kirk,-2.000
1,K.H. Lee,-2.000
3,Brendon Todd,-1.500
4,Vaughn Taylor,-1.250
5,Chris Baker,-1.000
5,Daniel Berger,-1.000
5,Stewart Cink,-1.000
5,Austin Cook,-1.000
5,Jim Furyk,-1.000
5,Nick Hardy,-1.000
5,Mark Hubbard,-1.000
5,Matt Jones,-1.000
5,Jerry Kelly,-1.000
5,Kevin Kisner,-1.000
5,Satoshi Kodaira,-1.000
5,Marc Leishman,-1.000
5,Jamie Lovemark,-1.000
5,Kevin Na,-1.000
5,Joaquin Niemann,-1.000
5,Ryan Palmer,-1.000
5,Pat Perez,-1.000
5,Chez Reavie,-1.000
5,Adam Scott,-1.000
5,Sepp Straka,-1.000
5,Robert Streb,-1.000
5,Brian Stuard,-1.000
5,Michael Thompson,-1.000
5,Mike Weir,-1.000
29,Kramer Hickok,-.667
30,Brian Gay,-.500
30,Mackenzie Hughes,-.500
30,Carlos Ortiz,-.500
33,K.J. Choi,-.333
33,Harris English,-.333
35,Ryan Armour,E
35,Scott Brown,E
35,Cam Davis,E
35,Zach Johnson,E
35,Ryosuke Kinoshita,E
35,Peter Malnati,E
35,Keith Mitchell,E
35,Nick Taylor,E
