rank,player,Avg RTP
1,Aaron Baddeley,-1.000
1,Stewart Cink,-1.000
1,Sergio Garcia,-1.000
1,Brice Garnett,-1.000
1,Brian Gay,-1.000
1,Michael Kim,-1.000
1,Anirban Lahiri,-1.000
1,Kevin Na,-1.000
1,Cameron Smith,-1.000
1,Brian Stuard,-1.000
1,Nick Taylor,-1.000
1,Mike Weir,-1.000
13,Daniel Berger,-.667
13,Wesley Bryan,-.667
13,Mackenzie Hughes,-.667
16,Peter Malnati,-.500
16,Joaquin Niemann,-.500
18,Kevin Kisner,-.333
18,Jason Kokrak,-.333
20,Harry Higgs,-.250
21,Chris Baker,E
21,Scott Brown,E
21,K.J. Choi,E
21,Harris English,E
21,Jim Furyk,E
21,Lanto Griffin,E
21,Emiliano Grillo,E
21,James Hahn,E
21,Nick Hardy,E
21,Jim Herman,E
21,Charley Hoffman,E
21,Charles Howell III,E
21,Mark Hubbard,E
21,Matt Jones,E
21,Jerry Kelly,E
21,Si Woo Kim,E
21,Ryosuke Kinoshita,E
21,Jamie Lovemark,E
21,Hideki Matsuyama,E
21,Troy Merritt,E
21,Keith Mitchell,E
21,Carlos Ortiz,E
21,Adam Scott,E
21,Sepp Straka,E
21,Martin Trainer,E
46,Pat Perez,+1.000
46,Vaughn Taylor,+1.000
