rank,player,Avg RTP
1,Kevin Na,-.714
2,Mike Weir,-.625
3,Vaughn Taylor,-.615
4,Chris Baker,-.600
4,Michael Kim,-.600
4,Ryan Palmer,-.600
4,Martin Trainer,-.600
8,Nick Hardy,-.571
8,Mackenzie Hughes,-.571
8,Chris Kirk,-.571
11,Daniel Berger,-.500
11,Wesley Bryan,-.500
11,Brice Garnett,-.500
11,Brian Harman,-.500
11,Sungjae Im,-.500
11,Satoshi Kodaira,-.500
11,Keith Mitchell,-.500
11,Joaquin Niemann,-.500
19,Jim Furyk,-.455
20,Hideki Matsuyama,-.429
21,Scott Brown,-.400
21,Lanto Griffin,-.400
21,Matt Jones,-.400
21,Nelson Ledesma,-.400
21,K.H. Lee,-.400
21,Jamie Lovemark,-.400
21,Chez Reavie,-.400
21,Adam Scott,-.400
29,Billy Horschel,-.333
29,Marc Leishman,-.333
29,Cameron Smith,-.333
29,Brendon Todd,-.333
33,Russell Henley,-.300
33,Zach Johnson,-.300
33,Jerry Kelly,-.300
36,Stewart Cink,-.286
37,K.J. Choi,-.273
38,Ryan Armour,-.250
38,Aaron Baddeley,-.250
38,Jim Herman,-.250
38,Kramer Hickok,-.250
38,Patton Kizzire,-.250
38,Jason Kokrak,-.250
38,Nick Taylor,-.250
38,Michael Thompson,-.250
46,Austin Cook,-.200
46,Mark Hubbard,-.200
46,Si Woo Kim,-.200
46,Collin Morikawa,-.200
46,Pat Perez,-.200
46,Brendan Steele,-.200
52,Harris English,-.167
52,Kevin Kisner,-.167
52,Peter Malnati,-.167
52,Sepp Straka,-.167
56,Carlos Ortiz,-.143
57,Brian Stuard,-.091
58,Cam Davis,E
58,Sergio Garcia,E
58,Brian Gay,E
58,Emiliano Grillo,E
58,James Hahn,E
58,Harry Higgs,E
58,Charley Hoffman,E
58,Troy Merritt,E
58,Sebastián Muñoz,E
58,Robby Shelton,E
58,Webb Simpson,E
69,Robert Streb,+.143
70,Ryosuke Kinoshita,+.167
71,Hudson Swafford,+.200
72,Charles Howell III,+.250
73,Anirban Lahiri,+1.000
