rank,player,Avg RTP
1,Russell Henley,-1.000
2,Marc Leishman,-.667
3,Scott Brown,-.500
3,Jim Herman,-.500
3,Zach Johnson,-.500
3,Keith Mitchell,-.500
7,Emiliano Grillo,-.333
7,Harry Higgs,-.333
7,Mackenzie Hughes,-.333
7,Matt Jones,-.333
7,Kevin Kisner,-.333
12,Kevin Na,-.286
13,Daniel Berger,-.250
13,Kramer Hickok,-.250
13,Adam Scott,-.250
13,Brian Stuard,-.250
13,Brendon Todd,-.250
18,Billy Horschel,-.200
18,Nelson Ledesma,-.200
18,Sebastián Muñoz,-.200
21,Jim Furyk,-.167
21,Charley Hoffman,-.167
23,Ryan Armour,E
23,Aaron Baddeley,E
23,Chris Baker,E
23,Wesley Bryan,E
23,K.J. Choi,E
23,Stewart Cink,E
23,Sergio Garcia,E
23,Lanto Griffin,E
23,Nick Hardy,E
23,Charles Howell III,E
23,Sungjae Im,E
23,Jerry Kelly,E
23,Si Woo Kim,E
23,Ryosuke Kinoshita,E
23,Chris Kirk,E
23,Patton Kizzire,E
23,Jason Kokrak,E
23,Jamie Lovemark,E
23,Peter Malnati,E
23,Hideki Matsuyama,E
23,Troy Merritt,E
23,Collin Morikawa,E
23,Joaquin Niemann,E
23,Ryan Palmer,E
23,Pat Perez,E
23,Robby Shelton,E
23,Webb Simpson,E
23,Brendan Steele,E
23,Sepp Straka,E
23,Nick Taylor,E
23,Vaughn Taylor,E
23,Michael Thompson,E
23,Martin Trainer,E
23,Mike Weir,E
57,Brian Gay,+.167
58,Michael Kim,+.200
58,Anirban Lahiri,+.200
58,Robert Streb,+.200
61,Carlos Ortiz,+.250
61,Hudson Swafford,+.250
63,Austin Cook,+.286
63,Cameron Smith,+.286
65,Chez Reavie,+.333
66,Harris English,+.500
66,Brice Garnett,+.500
66,James Hahn,+.500
69,Cam Davis,+.750
