rank,player,%,Total Birdies,Total Holes
1,Harris English,50.00,7,14
1,Mackenzie Hughes,50.00,9,18
3,Collin Morikawa,44.44,8,18
4,Kramer Hickok,43.75,7,16
5,Aaron Baddeley,40.00,6,15
5,Marc Leishman,40.00,6,15
5,Vaughn Taylor,40.00,6,15
8,Chris Kirk,38.89,7,18
9,Mark Hubbard,38.46,5,13
10,Zach Johnson,36.36,4,11
11,Brendon Todd,35.71,5,14
12,Ryan Armour,35.29,6,17
13,Stewart Cink,33.33,5,15
13,K.H. Lee,33.33,5,15
13,Nick Taylor,33.33,5,15
16,Sepp Straka,31.58,6,19
17,Daniel Berger,31.25,5,16
17,Jim Furyk,31.25,5,16
17,Russell Henley,31.25,5,16
17,Satoshi Kodaira,31.25,5,16
17,Michael Thompson,31.25,5,16
22,Emiliano Grillo,30.77,4,13
23,Charley Hoffman,30.43,7,23
24,Patton Kizzire,29.41,5,17
24,Keith Mitchell,29.41,5,17
26,Michael Kim,28.57,4,14
26,Nelson Ledesma,28.57,4,14
26,Robby Shelton,28.57,4,14
29,Matt Jones,27.78,5,18
30,Scott Brown,27.27,3,11
30,Wesley Bryan,27.27,3,11
30,Lanto Griffin,27.27,3,11
30,Harry Higgs,27.27,3,11
34,Sergio Garcia,26.67,4,15
34,Kevin Na,26.67,4,15
36,Billy Horschel,26.32,5,19
37,Chris Baker,25.00,4,16
37,Cam Davis,25.00,3,12
37,Anirban Lahiri,25.00,4,16
37,Peter Malnati,25.00,3,12
37,Carlos Ortiz,25.00,5,20
42,Adam Scott,23.81,5,21
43,Charles Howell III,23.53,4,17
43,Webb Simpson,23.53,4,17
45,Jerry Kelly,23.08,3,13
45,Pat Perez,23.08,3,13
47,Ryan Palmer,22.73,5,22
48,Brian Gay,22.22,4,18
49,Jim Herman,21.43,3,14
49,Ryosuke Kinoshita,21.43,3,14
49,Brendan Steele,21.43,3,14
52,Kevin Kisner,20.00,4,20
52,Sebastián Muñoz,20.00,3,15
54,Austin Cook,19.05,4,21
55,Brice Garnett,18.75,3,16
55,James Hahn,18.75,3,16
55,Martin Trainer,18.75,3,16
55,Mike Weir,18.75,3,16
59,Brian Harman,17.65,3,17
59,Jason Kokrak,17.65,3,17
61,Sungjae Im,16.67,4,24
61,Jamie Lovemark,16.67,3,18
61,Troy Merritt,16.67,2,12
64,Chez Reavie,15.79,3,19
65,Hideki Matsuyama,14.29,2,14
65,Joaquin Niemann,14.29,2,14
67,Cameron Smith,13.33,2,15
68,Hudson Swafford,11.76,2,17
69,Nick Hardy,7.69,1,13
70,Si Woo Kim,7.14,1,14
71,Robert Streb,6.67,1,15
72,K.J. Choi,6.25,1,16
73,Brian Stuard,5.88,1,17
