rank,player,Avg RTP
1,James Hahn,-1.000
1,Keith Mitchell,-1.000
1,Robby Shelton,-1.000
4,Webb Simpson,-.800
5,Robert Streb,-.750
6,Adam Scott,-.714
7,Michael Kim,-.667
7,Nick Taylor,-.667
9,Billy Horschel,-.600
9,Charles Howell III,-.600
9,Carlos Ortiz,-.600
12,Harry Higgs,-.571
12,Peter Malnati,-.571
14,Ryan Armour,-.500
14,Troy Merritt,-.500
14,Sebastián Muñoz,-.500
14,Ryan Palmer,-.500
14,Sepp Straka,-.500
14,Vaughn Taylor,-.500
14,Mike Weir,-.500
21,Kramer Hickok,-.429
21,Charley Hoffman,-.429
21,Joaquin Niemann,-.429
24,Aaron Baddeley,-.400
25,Emiliano Grillo,-.375
26,Austin Cook,-.333
26,Brice Garnett,-.333
26,Nick Hardy,-.333
26,Sungjae Im,-.333
26,Patton Kizzire,-.333
26,Anirban Lahiri,-.333
26,Hideki Matsuyama,-.333
26,Brian Stuard,-.333
34,Cam Davis,-.286
34,Satoshi Kodaira,-.286
34,Kevin Na,-.286
34,Chez Reavie,-.286
38,Jim Herman,-.250
38,Collin Morikawa,-.250
40,Daniel Berger,-.200
40,K.J. Choi,-.200
40,Jason Kokrak,-.200
43,Brian Gay,-.167
43,Si Woo Kim,-.167
43,Kevin Kisner,-.167
46,Brian Harman,-.143
47,Scott Brown,-.125
48,Chris Baker,E
48,Stewart Cink,E
48,Sergio Garcia,E
48,Russell Henley,E
48,Mark Hubbard,E
48,Mackenzie Hughes,E
48,Matt Jones,E
48,Jerry Kelly,E
48,Ryosuke Kinoshita,E
48,Chris Kirk,E
48,Nelson Ledesma,E
48,K.H. Lee,E
48,Marc Leishman,E
48,Jamie Lovemark,E
48,Pat Perez,E
48,Cameron Smith,E
48,Brendan Steele,E
48,Hudson Swafford,E
48,Michael Thompson,E
48,Brendon Todd,E
48,Martin Trainer,E
69,Wesley Bryan,+.167
69,Zach Johnson,+.167
71,Harris English,+.250
72,Jim Furyk,+.500
72,Lanto Griffin,+.500
