rank,player,Avg RTP
1,Si Woo Kim,-1.200
2,Ryan Armour,-1.000
2,Cam Davis,-1.000
2,Harry Higgs,-1.000
2,Jason Kokrak,-1.000
2,Nelson Ledesma,-1.000
2,Keith Mitchell,-1.000
2,Cameron Smith,-1.000
2,Brian Stuard,-1.000
2,Martin Trainer,-1.000
11,Kevin Na,-.800
12,Russell Henley,-.750
13,Scott Brown,-.667
13,Patton Kizzire,-.667
13,Hudson Swafford,-.667
16,Ryan Palmer,-.600
17,Daniel Berger,-.500
17,Wesley Bryan,-.500
17,Lanto Griffin,-.500
17,Nick Hardy,-.500
17,Charles Howell III,-.500
17,Mark Hubbard,-.500
17,Matt Jones,-.500
17,Chris Kirk,-.500
17,Marc Leishman,-.500
17,Collin Morikawa,-.500
27,Charley Hoffman,-.400
27,K.H. Lee,-.400
29,K.J. Choi,-.333
29,Austin Cook,-.333
29,Sergio Garcia,-.333
29,Mackenzie Hughes,-.333
29,Sungjae Im,-.333
34,Aaron Baddeley,-.286
35,Brice Garnett,-.250
35,Chez Reavie,-.250
37,Harris English,-.200
37,Jerry Kelly,-.200
39,Anirban Lahiri,-.167
40,Peter Malnati,-.143
41,Stewart Cink,E
41,Jim Furyk,E
41,Brian Gay,E
41,Emiliano Grillo,E
41,James Hahn,E
41,Kramer Hickok,E
41,Billy Horschel,E
41,Michael Kim,E
41,Ryosuke Kinoshita,E
41,Satoshi Kodaira,E
41,Troy Merritt,E
41,Sebastián Muñoz,E
41,Carlos Ortiz,E
41,Pat Perez,E
41,Webb Simpson,E
41,Brendan Steele,E
41,Sepp Straka,E
41,Robert Streb,E
41,Nick Taylor,E
41,Vaughn Taylor,E
41,Michael Thompson,E
41,Brendon Todd,E
63,Robby Shelton,+.200
64,Brian Harman,+.250
65,Zach Johnson,+.333
66,Mike Weir,+.400
67,Chris Baker,+.500
67,Jim Herman,+.500
67,Kevin Kisner,+.500
67,Jamie Lovemark,+.500
67,Hideki Matsuyama,+.500
67,Adam Scott,+.500
