rank,player,Avg RTP
1,Charley Hoffman,-.500
1,Kevin Kisner,-.500
3,Marc Leishman,-.400
4,Sebastián Muñoz,-.333
4,Kevin Na,-.333
4,Brendon Todd,-.333
7,Wesley Bryan,-.250
7,Emiliano Grillo,-.250
7,Charles Howell III,-.250
10,Russell Henley,-.231
11,Stewart Cink,-.200
12,Anirban Lahiri,-.182
13,Cam Davis,-.167
13,Webb Simpson,-.167
15,James Hahn,-.143
15,Patton Kizzire,-.143
17,Sepp Straka,-.125
17,Hudson Swafford,-.125
19,Matt Jones,-.111
19,Chris Kirk,-.111
19,Martin Trainer,-.111
22,Sergio Garcia,-.100
22,Adam Scott,-.100
24,Joaquin Niemann,-.067
25,Scott Brown,E
25,Harris English,E
25,Brice Garnett,E
25,Lanto Griffin,E
25,Nick Hardy,E
25,Mackenzie Hughes,E
25,Zach Johnson,E
25,Si Woo Kim,E
25,Ryosuke Kinoshita,E
25,Satoshi Kodaira,E
25,Nelson Ledesma,E
25,Peter Malnati,E
25,Hideki Matsuyama,E
25,Keith Mitchell,E
25,Carlos Ortiz,E
25,Ryan Palmer,E
25,Pat Perez,E
25,Chez Reavie,E
25,Cameron Smith,E
25,Michael Thompson,E
25,Mike Weir,E
46,Austin Cook,+.091
46,K.H. Lee,+.091
48,Nick Taylor,+.100
49,Robby Shelton,+.111
50,Daniel Berger,+.125
50,Brian Gay,+.125
50,Jamie Lovemark,+.125
53,Billy Horschel,+.143
54,Jason Kokrak,+.167
54,Brendan Steele,+.167
54,Robert Streb,+.167
57,Brian Harman,+.200
57,Kramer Hickok,+.200
57,Troy Merritt,+.200
57,Brian Stuard,+.200
61,Michael Kim,+.222
62,Chris Baker,+.250
63,Jerry Kelly,+.273
64,Vaughn Taylor,+.286
65,Aaron Baddeley,+.333
65,Mark Hubbard,+.333
65,Sungjae Im,+.333
68,Ryan Armour,+.400
68,Collin Morikawa,+.400
70,K.J. Choi,+.444
71,Jim Herman,+.500
71,Harry Higgs,+.500
73,Jim Furyk,+1.000
