rank,player,Avg RTP
1,Satoshi Kodaira,-1.000
2,Jamie Lovemark,-.667
3,Wesley Bryan,-.500
3,Stewart Cink,-.500
3,Jim Furyk,-.500
3,Harry Higgs,-.500
3,K.H. Lee,-.500
3,Peter Malnati,-.500
3,Brendan Steele,-.500
10,James Hahn,-.400
10,Joaquin Niemann,-.400
12,Emiliano Grillo,-.333
12,Chris Kirk,-.333
12,Anirban Lahiri,-.333
12,Robby Shelton,-.333
16,Lanto Griffin,-.250
16,Brendon Todd,-.250
18,Ryan Armour,-.200
18,Harris English,-.200
18,Marc Leishman,-.200
21,Scott Brown,-.167
21,Nick Hardy,-.167
21,Sebastián Muñoz,-.167
24,Mike Weir,-.143
25,Martin Trainer,-.111
26,Chris Baker,E
26,Austin Cook,E
26,Brian Harman,E
26,Russell Henley,E
26,Charley Hoffman,E
26,Charles Howell III,E
26,Mark Hubbard,E
26,Mackenzie Hughes,E
26,Sungjae Im,E
26,Zach Johnson,E
26,Matt Jones,E
26,Si Woo Kim,E
26,Ryosuke Kinoshita,E
26,Collin Morikawa,E
26,Carlos Ortiz,E
26,Pat Perez,E
26,Chez Reavie,E
26,Adam Scott,E
26,Webb Simpson,E
26,Brian Stuard,E
26,Hudson Swafford,E
26,Michael Thompson,E
48,Keith Mitchell,+.167
48,Cameron Smith,+.167
48,Sepp Straka,+.167
48,Nick Taylor,+.167
52,Sergio Garcia,+.200
52,Billy Horschel,+.200
54,Daniel Berger,+.250
54,K.J. Choi,+.250
54,Jason Kokrak,+.250
57,Kramer Hickok,+.333
57,Ryan Palmer,+.333
57,Robert Streb,+.333
60,Cam Davis,+.400
60,Jerry Kelly,+.400
62,Brian Gay,+.500
62,Patton Kizzire,+.500
62,Hideki Matsuyama,+.500
62,Troy Merritt,+.500
62,Vaughn Taylor,+.500
67,Jim Herman,+.667
67,Michael Kim,+.667
67,Kevin Na,+.667
70,Aaron Baddeley,+1.000
