rank,player,Avg RTP
1,Mark Hubbard,-2.000
2,Wesley Bryan,-1.000
2,Stewart Cink,-1.000
2,Harris English,-1.000
2,Lanto Griffin,-1.000
2,Brian Harman,-1.000
2,Russell Henley,-1.000
2,Charles Howell III,-1.000
2,Si Woo Kim,-1.000
2,Satoshi Kodaira,-1.000
2,Jason Kokrak,-1.000
2,Nelson Ledesma,-1.000
2,Collin Morikawa,-1.000
2,Kevin Na,-1.000
2,Hudson Swafford,-1.000
16,Brice Garnett,-.500
16,Chris Kirk,-.500
16,Pat Perez,-.500
16,Brendan Steele,-.500
20,Aaron Baddeley,-.167
21,Chris Baker,E
21,Daniel Berger,E
21,Scott Brown,E
21,K.J. Choi,E
21,Austin Cook,E
21,Sergio Garcia,E
21,Emiliano Grillo,E
21,Jim Herman,E
21,Kramer Hickok,E
21,Charley Hoffman,E
21,Billy Horschel,E
21,Mackenzie Hughes,E
21,Sungjae Im,E
21,Jerry Kelly,E
21,Anirban Lahiri,E
21,K.H. Lee,E
21,Jamie Lovemark,E
21,Peter Malnati,E
21,Troy Merritt,E
21,Carlos Ortiz,E
21,Ryan Palmer,E
21,Chez Reavie,E
21,Robby Shelton,E
21,Sepp Straka,E
21,Robert Streb,E
21,Vaughn Taylor,E
21,Michael Thompson,E
48,Mike Weir,+.333
49,Zach Johnson,+.500
49,Michael Kim,+.500
51,Sebastián Muñoz,+1.000
51,Nick Taylor,+1.000
