rank,player,Avg RTP
1,K.J. Choi,-1.000
1,Mark Hubbard,-1.000
1,Marc Leishman,-1.000
1,Sebastián Muñoz,-1.000
1,Sepp Straka,-1.000
1,Michael Thompson,-1.000
7,Stewart Cink,-.500
7,Lanto Griffin,-.500
7,Charley Hoffman,-.500
7,Robby Shelton,-.500
7,Robert Streb,-.500
12,Patton Kizzire,-.333
13,Joaquin Niemann,-.200
14,Scott Brown,E
14,Cam Davis,E
14,Brian Gay,E
14,Emiliano Grillo,E
14,Billy Horschel,E
14,Zach Johnson,E
14,Michael Kim,E
14,Chris Kirk,E
14,Satoshi Kodaira,E
14,K.H. Lee,E
14,Jamie Lovemark,E
14,Hideki Matsuyama,E
14,Chez Reavie,E
14,Adam Scott,E
14,Cameron Smith,E
14,Brian Stuard,E
14,Vaughn Taylor,E
14,Mike Weir,E
32,Martin Trainer,+.333
33,Wesley Bryan,+.500
33,Brian Harman,+.500
35,Harry Higgs,+1.000
35,Mackenzie Hughes,+1.000
35,Sungjae Im,+1.000
35,Jerry Kelly,+1.000
39,Ryan Armour,+2.000
39,Collin Morikawa,+2.000
