rank,player,Avg RTP
1,Jim Herman,-1.000
1,Peter Malnati,-1.000
1,Pat Perez,-1.000
1,Nick Taylor,-1.000
5,Sergio Garcia,-.667
6,Mackenzie Hughes,-.500
6,Zach Johnson,-.500
6,Si Woo Kim,-.500
6,Patton Kizzire,-.500
6,Hideki Matsuyama,-.500
11,Nelson Ledesma,-.400
12,Wesley Bryan,-.333
12,Stewart Cink,-.333
14,Russell Henley,-.250
15,Aaron Baddeley,E
15,Scott Brown,E
15,Austin Cook,E
15,Cam Davis,E
15,Harris English,E
15,Harry Higgs,E
15,Billy Horschel,E
15,Charles Howell III,E
15,Jerry Kelly,E
15,Michael Kim,E
15,Chris Kirk,E
15,Kevin Kisner,E
15,Jamie Lovemark,E
15,Troy Merritt,E
15,Sebastián Muñoz,E
15,Kevin Na,E
15,Joaquin Niemann,E
15,Carlos Ortiz,E
15,Robby Shelton,E
15,Cameron Smith,E
15,Sepp Straka,E
15,Robert Streb,E
15,Hudson Swafford,E
15,Vaughn Taylor,E
15,Martin Trainer,E
40,Anirban Lahiri,+.250
40,K.H. Lee,+.250
42,Lanto Griffin,+.333
42,Charley Hoffman,+.333
42,Ryan Palmer,+.333
45,Jason Kokrak,+.500
45,Keith Mitchell,+.500
47,K.J. Choi,+1.000
47,Collin Morikawa,+1.000
