rank,player,Avg RTP
1,Si Woo Kim,-1.250
2,Aaron Baddeley,-1.000
2,Daniel Berger,-1.000
2,Scott Brown,-1.000
2,Cam Davis,-1.000
2,Harry Higgs,-1.000
2,Sungjae Im,-1.000
2,Jason Kokrak,-1.000
2,Keith Mitchell,-1.000
2,Cameron Smith,-1.000
11,Ryan Palmer,-.750
12,Patton Kizzire,-.667
12,Kevin Na,-.667
14,K.J. Choi,-.500
14,Nick Hardy,-.500
14,Russell Henley,-.500
14,Charley Hoffman,-.500
14,Jerry Kelly,-.500
14,Marc Leishman,-.500
14,Nick Taylor,-.500
21,Wesley Bryan,-.333
21,Charles Howell III,-.333
21,Mackenzie Hughes,-.333
21,Michael Kim,-.333
25,Sebastián Muñoz,-.250
26,Peter Malnati,-.200
27,Austin Cook,E
27,Harris English,E
27,Jim Furyk,E
27,Sergio Garcia,E
27,Brice Garnett,E
27,Brian Gay,E
27,Lanto Griffin,E
27,Emiliano Grillo,E
27,James Hahn,E
27,Kramer Hickok,E
27,Billy Horschel,E
27,Zach Johnson,E
27,Matt Jones,E
27,Ryosuke Kinoshita,E
27,Chris Kirk,E
27,Anirban Lahiri,E
27,K.H. Lee,E
27,Troy Merritt,E
27,Pat Perez,E
27,Chez Reavie,E
27,Webb Simpson,E
27,Sepp Straka,E
27,Robert Streb,E
27,Hudson Swafford,E
27,Michael Thompson,E
27,Brendon Todd,E
53,Robby Shelton,+.250
54,Mark Hubbard,+.333
55,Kevin Kisner,+.500
55,Satoshi Kodaira,+.500
55,Hideki Matsuyama,+.500
55,Adam Scott,+.500
55,Brendan Steele,+.500
55,Mike Weir,+.500
61,Jamie Lovemark,+.600
62,Brian Harman,+.667
63,Chris Baker,+1.000
63,Stewart Cink,+1.000
63,Jim Herman,+1.000
