rank,player,Avg RTP
1,Mackenzie Hughes,-.636
2,Harris English,-.583
3,Aaron Baddeley,-.545
3,Kramer Hickok,-.545
5,Daniel Berger,-.500
5,Cam Davis,-.500
5,Lanto Griffin,-.500
5,Collin Morikawa,-.500
5,Vaughn Taylor,-.500
10,Nick Taylor,-.455
11,Mark Hubbard,-.417
11,Satoshi Kodaira,-.417
13,Billy Horschel,-.400
14,Chris Kirk,-.385
15,Zach Johnson,-.375
15,Michael Kim,-.375
17,Marc Leishman,-.364
17,Robby Shelton,-.364
19,Wesley Bryan,-.333
19,Stewart Cink,-.333
19,Patton Kizzire,-.333
19,Anirban Lahiri,-.333
19,Troy Merritt,-.333
19,Brendon Todd,-.333
25,Ryan Armour,-.313
25,Charley Hoffman,-.313
27,Russell Henley,-.308
28,Chris Baker,-.300
28,Sergio Garcia,-.300
28,Jerry Kelly,-.300
28,Ryosuke Kinoshita,-.300
28,Hideki Matsuyama,-.300
28,Michael Thompson,-.300
34,Austin Cook,-.286
34,Harry Higgs,-.286
34,Kevin Na,-.286
34,Carlos Ortiz,-.286
34,Cameron Smith,-.286
39,Brian Gay,-.273
39,Brendan Steele,-.273
41,Sepp Straka,-.267
42,James Hahn,-.250
42,Charles Howell III,-.250
42,Nelson Ledesma,-.250
42,Joaquin Niemann,-.250
42,Ryan Palmer,-.250
47,Brian Harman,-.231
48,Peter Malnati,-.222
49,K.H. Lee,-.214
50,Jim Furyk,-.200
50,Pat Perez,-.200
50,Webb Simpson,-.200
53,Jim Herman,-.167
53,Sungjae Im,-.167
53,Hudson Swafford,-.167
56,Brice Garnett,-.143
57,Matt Jones,-.125
58,Scott Brown,-.111
58,Jason Kokrak,-.111
58,Sebastián Muñoz,-.111
61,Nick Hardy,-.100
61,Si Woo Kim,-.100
63,Kevin Kisner,-.091
64,Martin Trainer,-.083
65,Jamie Lovemark,-.077
65,Keith Mitchell,-.077
65,Mike Weir,-.077
68,K.J. Choi,E
68,Emiliano Grillo,E
68,Adam Scott,E
68,Robert Streb,E
68,Brian Stuard,E
73,Chez Reavie,+.091
