rank,player,Avg RTP
1,Aaron Baddeley,-1.000
1,Jim Furyk,-1.000
1,Jim Herman,-1.000
1,Charles Howell III,-1.000
1,Mark Hubbard,-1.000
1,Matt Jones,-1.000
1,Si Woo Kim,-1.000
1,Chris Kirk,-1.000
1,Patton Kizzire,-1.000
1,Jamie Lovemark,-1.000
1,Peter Malnati,-1.000
1,Hideki Matsuyama,-1.000
1,Ryan Palmer,-1.000
1,Chez Reavie,-1.000
1,Michael Thompson,-1.000
16,Brian Harman,-.750
16,Harry Higgs,-.750
16,Keith Mitchell,-.750
19,Austin Cook,-.667
19,Cam Davis,-.667
19,Brendan Steele,-.667
19,Brendon Todd,-.667
23,Ryan Armour,-.500
23,Wesley Bryan,-.500
23,Sergio Garcia,-.500
23,James Hahn,-.500
23,Billy Horschel,-.500
23,Ryosuke Kinoshita,-.500
23,Sepp Straka,-.500
23,Robert Streb,-.500
23,Brian Stuard,-.500
23,Vaughn Taylor,-.500
33,Sebastián Muñoz,-.400
33,Robby Shelton,-.400
35,Scott Brown,-.333
35,Brian Gay,-.333
35,Lanto Griffin,-.333
35,Satoshi Kodaira,-.333
35,Marc Leishman,-.333
35,Collin Morikawa,-.333
35,Webb Simpson,-.333
42,Stewart Cink,-.250
42,Michael Kim,-.250
42,Pat Perez,-.250
42,Hudson Swafford,-.250
42,Nick Taylor,-.250
47,Daniel Berger,E
47,Harris English,E
47,Brice Garnett,E
47,Emiliano Grillo,E
47,Nick Hardy,E
47,Russell Henley,E
47,Charley Hoffman,E
47,Mackenzie Hughes,E
47,Sungjae Im,E
47,Jerry Kelly,E
47,Jason Kokrak,E
47,Anirban Lahiri,E
47,K.H. Lee,E
47,Troy Merritt,E
47,Kevin Na,E
47,Carlos Ortiz,E
47,Adam Scott,E
47,Cameron Smith,E
47,Martin Trainer,E
47,Mike Weir,E
67,Kevin Kisner,+.333
68,Joaquin Niemann,+.500
