rank,player,Avg RTP
1,Si Woo Kim,-.400
2,Wesley Bryan,-.350
3,Russell Henley,-.333
4,Emiliano Grillo,-.308
5,Patton Kizzire,-.294
5,Kevin Na,-.294
7,Harry Higgs,-.286
7,Marc Leishman,-.286
9,Scott Brown,-.267
10,Matt Jones,-.263
11,Mackenzie Hughes,-.238
12,Sergio Garcia,-.235
13,Joaquin Niemann,-.231
14,Nick Hardy,-.214
15,Ryan Armour,-.200
15,Kevin Kisner,-.200
17,Jim Furyk,-.167
17,Brice Garnett,-.167
17,Mark Hubbard,-.167
17,Webb Simpson,-.167
21,Lanto Griffin,-.158
22,Stewart Cink,-.154
22,Charles Howell III,-.154
22,Anirban Lahiri,-.154
25,Chris Kirk,-.143
26,K.H. Lee,-.133
26,Brendon Todd,-.133
28,Nelson Ledesma,-.125
28,Hudson Swafford,-.125
30,Charley Hoffman,-.111
31,Brian Stuard,-.100
32,Sebastián Muñoz,-.095
33,Pat Perez,-.083
34,Daniel Berger,-.077
34,Adam Scott,-.077
36,Harris English,-.071
36,Collin Morikawa,-.071
38,Ryosuke Kinoshita,-.067
39,Martin Trainer,-.063
40,James Hahn,E
40,Kramer Hickok,E
40,Billy Horschel,E
40,Sungjae Im,E
40,Zach Johnson,E
40,Satoshi Kodaira,E
40,Peter Malnati,E
40,Keith Mitchell,E
40,Robby Shelton,E
40,Sepp Straka,E
40,Nick Taylor,E
40,Michael Thompson,E
52,Ryan Palmer,+.045
53,Austin Cook,+.059
53,Troy Merritt,+.059
55,Jason Kokrak,+.063
56,Mike Weir,+.071
57,Carlos Ortiz,+.077
57,Brendan Steele,+.077
59,Chris Baker,+.083
59,Chez Reavie,+.083
61,Jamie Lovemark,+.105
62,Hideki Matsuyama,+.111
63,Cameron Smith,+.118
64,Aaron Baddeley,+.125
64,K.J. Choi,+.125
66,Cam Davis,+.133
67,Michael Kim,+.136
68,Brian Harman,+.143
69,Robert Streb,+.176
70,Jerry Kelly,+.222
70,Vaughn Taylor,+.222
72,Jim Herman,+.250
73,Brian Gay,+.308
