rank,player,Avg RTP
1,Kevin Kisner,-1.000
1,Anirban Lahiri,-1.000
1,Kevin Na,-1.000
1,Sepp Straka,-1.000
5,Sergio Garcia,-.667
6,Emiliano Grillo,-.500
6,Joaquin Niemann,-.500
6,Webb Simpson,-.500
9,Wesley Bryan,-.400
9,Matt Jones,-.400
11,Cam Davis,-.333
11,Brice Garnett,-.333
11,Nick Hardy,-.333
11,Patton Kizzire,-.333
11,Hudson Swafford,-.333
16,Lanto Griffin,-.250
17,Ryosuke Kinoshita,-.167
17,Collin Morikawa,-.167
19,Ryan Armour,E
19,Daniel Berger,E
19,Scott Brown,E
19,Stewart Cink,E
19,Austin Cook,E
19,Jim Furyk,E
19,Brian Harman,E
19,Russell Henley,E
19,Jim Herman,E
19,Kramer Hickok,E
19,Charley Hoffman,E
19,Billy Horschel,E
19,Charles Howell III,E
19,Mackenzie Hughes,E
19,Zach Johnson,E
19,Michael Kim,E
19,K.H. Lee,E
19,Marc Leishman,E
19,Troy Merritt,E
19,Sebastián Muñoz,E
19,Carlos Ortiz,E
19,Pat Perez,E
19,Adam Scott,E
19,Robby Shelton,E
19,Robert Streb,E
19,Nick Taylor,E
19,Vaughn Taylor,E
19,Michael Thompson,E
19,Brendon Todd,E
48,K.J. Choi,+.167
49,Harry Higgs,+.200
50,James Hahn,+.250
50,Satoshi Kodaira,+.250
50,Jamie Lovemark,+.250
53,Jason Kokrak,+.333
54,Nelson Ledesma,+.400
55,Mark Hubbard,+.500
55,Chris Kirk,+.500
55,Peter Malnati,+.500
55,Brendan Steele,+.500
55,Martin Trainer,+.500
60,Aaron Baddeley,+.667
60,Ryan Palmer,+.667
62,Sungjae Im,+1.000
62,Jerry Kelly,+1.000
62,Si Woo Kim,+1.000
62,Brian Stuard,+1.000
