rank,player,Avg RTP
1,James Hahn,-.714
2,Keith Mitchell,-.700
3,Charles Howell III,-.667
3,Robert Streb,-.667
5,Aaron Baddeley,-.625
5,Robby Shelton,-.625
5,Webb Simpson,-.625
8,Patton Kizzire,-.600
8,Ryan Palmer,-.600
10,Peter Malnati,-.583
11,Billy Horschel,-.571
12,Adam Scott,-.556
13,Nick Taylor,-.545
14,Harry Higgs,-.533
15,Ryan Armour,-.500
15,Austin Cook,-.500
15,Michael Kim,-.500
15,Brian Stuard,-.500
15,Mike Weir,-.500
20,Brian Harman,-.467
21,Cam Davis,-.462
22,Chez Reavie,-.444
23,Kramer Hickok,-.429
23,Sebastián Muñoz,-.429
23,Carlos Ortiz,-.429
26,Sergio Garcia,-.417
27,Anirban Lahiri,-.400
27,Hideki Matsuyama,-.400
27,Brendan Steele,-.400
27,Sepp Straka,-.400
31,Troy Merritt,-.375
32,Brice Garnett,-.333
32,Charley Hoffman,-.333
32,Chris Kirk,-.333
32,Vaughn Taylor,-.333
36,Daniel Berger,-.300
36,Brian Gay,-.300
36,Satoshi Kodaira,-.300
36,Kevin Na,-.300
40,Jim Herman,-.286
40,Collin Morikawa,-.286
40,Brendon Todd,-.286
43,Joaquin Niemann,-.273
44,Stewart Cink,-.250
44,Emiliano Grillo,-.250
46,Nick Hardy,-.222
46,Mackenzie Hughes,-.222
46,Sungjae Im,-.222
46,Matt Jones,-.222
46,Si Woo Kim,-.222
46,Jason Kokrak,-.222
52,Jim Furyk,-.200
52,Mark Hubbard,-.200
54,Wesley Bryan,-.182
55,Scott Brown,-.167
56,K.J. Choi,-.143
56,Marc Leishman,-.143
56,Cameron Smith,-.143
56,Michael Thompson,-.143
60,Ryosuke Kinoshita,-.125
60,Jamie Lovemark,-.125
60,Hudson Swafford,-.125
63,Kevin Kisner,-.083
64,Chris Baker,E
64,Lanto Griffin,E
64,Russell Henley,E
64,Jerry Kelly,E
64,Nelson Ledesma,E
64,K.H. Lee,E
64,Pat Perez,E
64,Martin Trainer,E
72,Harris English,+.167
72,Zach Johnson,+.167
