rank,player,Value,Total Drv Rank,GIR Rank
1,Robert Allenby,4,3,1
2,Charles Howell III,11,4,7
3,Stewart Cink,12,9,3
4,Steve Stricker,17,5,12
5,Ernie Els,19,7,12
5,John Merrick,19,18,1
7,Boo Weekley,22,10,12
8,Davis Love III,24,2,22
9,Chad Collins,25,22,3
10,Y.E. Yang,30,8,22
11,Troy Matteson,32,25,7
12,Chad Campbell,38,11,27
13,Bubba Watson,39,12,27
14,Jason Dufner,40,31,9
14,Justin Rose,40,1,39
16,Retief Goosen,41,19,22
17,Tom Lehman,43,31,12
18,Ryan Palmer,46,43,3
18,Chris Tidland,46,34,12
20,Vijay Singh,47,15,32
21,Stephen Ames,48,29,19
21,Zach Johnson,48,16,32
21,Dean Wilson,48,16,32
24,Omar Uresti,50,38,12
25,K.J. Choi,51,12,39
25,Jeff Maggert,51,6,45
27,Briny Baird,52,20,32
28,Graham DeLaet,53,34,19
29,John Rollins,54,27,27
30,Tim Clark,55,46,9
31,Pat Perez,58,26,32
32,Blake Adams,59,37,22
33,Rory Sabbatini,62,53,9
34,Brian Stuard,65,20,45
35,Jason Day,69,50,19
35,Paul Goydos,69,24,45
37,Michael Allen,70,12,58
37,Spencer Levin,70,67,3
37,Kevin Na,70,48,22
37,Carl Pettersson,70,58,12
41,Mark Wilson,72,40,32
42,Ryuji Imada,73,34,39
43,Ángel Cabrera,74,22,52
43,Dustin Johnson,74,29,45
45,Tom Gillis,76,31,45
46,Mark Calcavecchia,77,38,39
47,Nick O'Hern,82,55,27
48,David Toms,90,58,32
49,Nathan Green,92,53,39
49,Richard Johnson,92,40,52
49,Marc Leishman,92,65,27
52,Jim Carter,94,42,52
52,Troy Merritt,94,49,45
54,Henrik Bjornstad,95,56,39
55,Brian Davis,97,27,70
56,WC Liang,104,43,61
57,Roger Tambellini,107,62,45
58,David Lutterus,112,51,61
59,Bob Estes,113,45,68
60,Kevin Johnson,114,56,58
61,Corey Pavin,116,46,70
62,Joe Ogilvie,117,65,52
63,Rich Barcelo,119,63,56
63,Shane Bertsch,119,61,58
65,Ryuichi Oda,120,52,68
66,Brian Gay,123,58,65
67,Jeff Klauk,126,70,56
68,Martin Flores,128,63,65
69,Woody Austin,129,68,61
70,Jeff Quinney,132,71,61
71,Ricky Barnes,134,69,65
