rank,player,%,Greens Hit,# Holes,Relative/Par
1,Robert Allenby,79.17,57,72,-0.32
1,John Merrick,79.17,57,72,-0.23
3,Stewart Cink,76.39,55,72,-0.18
3,Chad Collins,76.39,55,72,-0.25
3,Spencer Levin,76.39,55,72,-0.16
3,Ryan Palmer,76.39,55,72,-0.35
7,Charles Howell III,75.00,54,72,-0.35
7,Troy Matteson,75.00,54,72,-0.24
9,Tim Clark,73.61,53,72,-0.23
9,Jason Dufner,73.61,53,72,-0.21
9,Rory Sabbatini,73.61,53,72,-0.32
12,Ernie Els,72.22,52,72,-0.25
12,Tom Lehman,72.22,52,72,-0.25
12,Carl Pettersson,72.22,52,72,-0.35
12,Steve Stricker,72.22,52,72,-0.33
12,Chris Tidland,72.22,52,72,-0.15
12,Omar Uresti,72.22,52,72,-0.29
12,Boo Weekley,72.22,52,72,-0.10
19,Stephen Ames,70.83,51,72,-0.31
19,Jason Day,70.83,51,72,-0.10
19,Graham DeLaet,70.83,51,72,-0.27
22,Blake Adams,69.44,50,72,-0.30
22,Retief Goosen,69.44,50,72,-0.36
22,Davis Love III,69.44,50,72,-0.28
22,Kevin Na,69.44,50,72,-0.28
22,Y.E. Yang,69.44,50,72,-0.32
27,Chad Campbell,68.06,49,72,-0.31
27,Marc Leishman,68.06,49,72,-0.37
27,Nick O'Hern,68.06,49,72,-0.24
27,John Rollins,68.06,49,72,-0.27
27,Bubba Watson,68.06,49,72,-0.31
32,Briny Baird,66.67,48,72,-0.35
32,Zach Johnson,66.67,48,72,-0.46
32,Pat Perez,66.67,48,72,-0.27
32,Vijay Singh,66.67,48,72,-0.27
32,David Toms,66.67,48,72,-0.21
32,Dean Wilson,66.67,48,72,-0.21
32,Mark Wilson,66.67,48,72,-0.25
39,Henrik Bjornstad,65.28,47,72,-0.21
39,Mark Calcavecchia,65.28,47,72,-0.26
39,K.J. Choi,65.28,47,72,-0.26
39,Nathan Green,65.28,47,72,-0.36
39,Ryuji Imada,65.28,47,72,-0.23
39,Justin Rose,65.28,47,72,-0.38
45,Tom Gillis,63.89,46,72,-0.28
45,Paul Goydos,63.89,46,72,-0.28
45,Dustin Johnson,63.89,46,72,-0.39
45,Jeff Maggert,63.89,46,72,-0.24
45,Troy Merritt,63.89,46,72,-0.33
45,Brian Stuard,63.89,46,72,-0.26
45,Roger Tambellini,63.89,46,72,-0.24
52,Ángel Cabrera,62.50,45,72,-0.38
52,Jim Carter,62.50,45,72,-0.18
52,Richard Johnson,62.50,45,72,-0.24
52,Joe Ogilvie,62.50,45,72,-0.33
56,Rich Barcelo,61.11,44,72,-0.18
56,Jeff Klauk,61.11,44,72,-0.20
58,Michael Allen,59.72,43,72,-0.28
58,Shane Bertsch,59.72,43,72,-0.30
58,Kevin Johnson,59.72,43,72,-0.33
61,Woody Austin,58.33,42,72,-0.19
61,WC Liang,58.33,42,72,-0.29
61,David Lutterus,58.33,42,72,-0.24
61,Jeff Quinney,58.33,42,72,-0.24
65,Ricky Barnes,56.94,41,72,-0.27
65,Martin Flores,56.94,41,72,-0.29
65,Brian Gay,56.94,41,72,-0.34
68,Bob Estes,54.17,39,72,-0.26
68,Ryuichi Oda,54.17,39,72,-0.15
70,Brian Davis,50.00,36,72,-0.31
70,Corey Pavin,50.00,36,72,-0.33
