rank,player,Avg,Total Distance (feet),# of Attempts,Relative to par
1,Chez Reavie,"2' 2""",2.167,1,-1
2,Brendon Todd,"3' 0""",6.000,2,-2
3,Zac Blair,"6' 8""",13.250,2,-2
4,Morgan Hoffmann,"6' 10""",13.667,2,-1
5,James Hahn,"7' 0""",13.917,2,-1
6,Jimmy Walker,"7' 2""",14.333,2,-2
7,K.J. Choi,"7' 8""",23.000,3,-1
8,Steven Bowditch,"8' 5""",33.750,4,-2
9,Matt Jones,"9' 8""",9.667,1,E
9,Chris Kirk,"9' 8""",38.750,4,-1
9,Justin Thomas,"9' 8""",19.333,2,-1
12,Russell Henley,"9' 9""",38.833,4,-2
12,Ben Martin,"9' 9""",48.667,5,-1
14,Troy Merritt,"9' 11""",9.917,1,-1
15,Michael Putnam,"10' 4""",20.583,2,-1
16,Jerry Kelly,"11' 0""",21.917,2,-2
17,Gary Woodland,"11' 5""",22.833,2,-1
18,Rory Sabbatini,"11' 6""",34.583,3,-1
19,Charles Howell III,"11' 9""",35.167,3,-1
19,John Peterson,"11' 9""",58.583,5,-3
21,Scott Piercy,"12' 5""",49.583,4,-1
22,Jason Day,"12' 10""",51.333,4,-2
23,Nicholas Thompson,"12' 11""",38.667,3,E
24,David Hearn,"13' 0""",13.000,1,-1
25,Scott Langley,"13' 6""",54.083,4,-2
26,Luke Donald,"13' 8""",27.333,2,E
27,Roger Sloan,"14' 3""",71.167,5,-3
28,Jeff Overton,"14' 5""",158.250,11,-3
29,Sangmoon Bae,"14' 6""",57.833,4,-1
30,WC Liang,"15' 2""",60.583,4,-1
31,Ryan Palmer,"15' 3""",91.417,6,-3
32,Marc Leishman,"15' 7""",46.750,3,-2
33,Kevin Streelman,"15' 8""",62.583,4,-1
34,Camilo Villegas,"16' 1""",32.083,2,E
35,Tom Johnson,"16' 2""",129.083,8,-3
36,Jason Kokrak,"16' 7""",49.750,3,E
37,Kevin Na,"16' 8""",33.333,2,E
38,Nick Taylor,"17' 2""",51.500,3,E
39,Daniel Berger,"17' 6""",52.500,3,E
40,Tim Clark,"17' 8""",35.333,2,E
41,Jhonattan Vegas,"18' 2""",72.583,4,E
41,Boo Weekley,"18' 2""",54.417,3,+1
43,Colt Knost,"18' 9""",56.250,3,-1
44,Paul Casey,"18' 11""",75.500,4,+1
45,Andrew Svoboda,"19' 2""",38.250,2,-1
46,Shawn Stefani,"19' 5""",77.583,4,E
47,Robert Streb,"20' 0""",60.083,3,+2
48,Brian Harman,"20' 1""",100.500,5,-1
49,Mark Hubbard,"20' 3""",60.833,3,E
50,Spencer Levin,"20' 11""",146.250,7,-1
51,Zach Johnson,"21' 8""",21.667,1,-1
52,Stuart Appleby,"23' 11""",71.750,3,-1
53,Stewart Cink,"24' 0""",47.917,2,E
53,Max Homa,"24' 0""",48.000,2,-2
55,Kenny Perry,"24' 3""",48.417,2,-1
56,Hyung-Sung Kim,"24' 6""",98.083,4,-1
57,Scott Pinckney,"24' 9""",24.750,1,+1
58,Derek Fathauer,"27' 7""",138.083,5,E
59,Daniel Summerhays,"28' 0""",28.000,1,E
60,J.J. Henry,"30' 0""",30.000,1,+1
61,Webb Simpson,"31' 7""",94.667,3,-1
62,Russell Knox,"31' 10""",31.833,1,+1
63,Matt Kuchar,"32' 5""",64.833,2,+1
64,Chad Collins,"32' 9""",32.750,1,E
65,Blayne Barber,"33' 4""",66.583,2,E
