rank,player,Avg,Total Distance (feet),# of Attempts,Relative to par
1,Boo Weekley,"7""",1.167,2,-3
2,Zac Blair,"2' 10""",2.833,1,-1
3,Harris English,"4' 1""",4.083,1,+1
4,Shawn Stefani,"4' 7""",4.583,1,-1
5,Rory Sabbatini,"5' 0""",15.000,3,-1
6,Jerry Kelly,"5' 1""",5.083,1,-1
7,Brendon Todd,"5' 2""",5.167,1,E
8,Daniel Berger,"5' 6""",10.917,2,E
9,Francesco Molinari,"5' 11""",11.750,2,E
10,Scott Langley,"6' 0""",23.833,4,-2
10,Gary Woodland,"6' 0""",6.000,1,-1
12,Russell Knox,"6' 1""",12.083,2,-1
13,K.J. Choi,"7' 3""",7.250,1,E
14,Chris Kirk,"7' 4""",22.083,3,-1
15,Scott Piercy,"7' 6""",14.917,2,-1
16,J.J. Henry,"7' 7""",22.750,3,+1
17,Webb Simpson,"7' 8""",7.667,1,+1
18,Ryan Palmer,"7' 9""",7.750,1,E
19,Pat Perez,"8' 6""",25.417,3,-2
20,Charles Howell III,"8' 8""",17.333,2,E
21,Luke Donald,"9' 11""",9.917,1,E
22,James Hahn,"10' 1""",20.083,2,E
23,Brian Davis,"10' 8""",31.917,3,+1
24,Brian Harman,"10' 10""",21.667,2,-1
25,Andrew Svoboda,"11' 0""",11.000,1,+1
26,David Hearn,"11' 6""",23.000,2,-1
27,Sangmoon Bae,"12' 9""",25.500,2,E
28,Jimmy Walker,"13' 1""",26.083,2,-2
29,Ben Martin,"13' 2""",26.250,2,E
30,Jason Day,"13' 3""",39.833,3,E
31,Derek Fathauer,"14' 4""",28.667,2,-1
32,Tom Johnson,"14' 5""",14.417,1,E
33,Stuart Appleby,"16' 6""",33.000,2,E
34,Kevin Na,"16' 8""",50.083,3,-1
35,Tim Clark,"17' 2""",34.250,2,+1
36,Justin Leonard,"17' 3""",69.000,4,-2
36,Camilo Villegas,"17' 3""",17.250,1,E
38,Daniel Summerhays,"18' 5""",18.417,1,E
39,Stewart Cink,"18' 8""",18.667,1,-1
40,Zach Johnson,"19' 5""",38.750,2,-1
41,Nicholas Thompson,"20' 7""",41.083,2,E
42,WC Liang,"20' 11""",41.833,2,+1
43,Paul Casey,"21' 5""",21.417,1,-1
44,Kevin Streelman,"21' 6""",21.500,1,E
45,Chez Reavie,"22' 7""",22.583,1,-1
46,Justin Thomas,"22' 9""",45.500,2,E
47,Spencer Levin,"24' 9""",49.417,2,-1
48,Hyung-Sung Kim,"26' 5""",26.417,1,-1
