rank,player,Avg,Total Distance (feet),# of Attempts,GIR Rank
1,Nicholas Thompson,"25' 5""","1,830.667",72,Under
2,Colt Knost,"26' 10""","1,934.917",72,Under
3,Brendon Todd,"27' 4""","1,965.583",72,Under
4,K.J. Choi,"28' 9""","2,071.083",72,Under
5,Daniel Berger,"29' 3""","2,105.917",72,Under
6,John Peterson,"29' 7""","2,131.667",72,Under
7,Chris Kirk,"29' 8""","2,133.917",72,Under
8,Boo Weekley,"30' 2""","2,172.000",72,Under
9,Scott Langley,"30' 7""","2,201.000",72,Under
9,Daniel Summerhays,"30' 7""","2,204.917",72,Under
11,Hyung-Sung Kim,"30' 9""","2,213.167",72,Under
12,Jimmy Walker,"30' 10""","2,219.250",72,Under
13,Ben Martin,"31' 0""","2,231.333",72,Under
13,Scott Piercy,"31' 0""","2,231.500",72,Under
15,Zac Blair,"31' 3""","2,252.250",72,Under
15,Tim Clark,"31' 3""","2,247.750",72,Under
17,James Hahn,"31' 6""","2,270.667",72,Under
18,Justin Leonard,"31' 7""","2,271.667",72,Under
19,Blayne Barber,"31' 8""","2,249.000",71,Under
20,Scott Pinckney,"32' 0""","2,304.917",72,Under
21,Sangmoon Bae,"32' 4""","2,329.000",72,Under
21,Webb Simpson,"32' 4""","2,329.250",72,Under
23,Russell Henley,"32' 5""","2,331.417",72,Under
23,Kevin Streelman,"32' 5""","2,335.833",72,Under
25,Shawn Stefani,"32' 6""","2,342.583",72,Under
26,Paul Casey,"32' 11""","2,368.083",72,Under
26,David Hearn,"32' 11""","2,367.583",72,Under
28,Russell Knox,"33' 2""","2,385.833",72,Under
29,Francesco Molinari,"33' 7""","2,416.500",72,Under
30,J.J. Henry,"33' 10""","2,402.000",71,Under
30,Pat Perez,"33' 10""","2,437.333",72,Under
32,Robert Streb,"33' 11""","2,443.083",72,Under
32,Nick Taylor,"33' 11""","2,441.667",72,Even
34,Chad Collins,"34' 1""","2,453.833",72,Under
35,Luke Donald,"34' 3""","2,466.250",72,Under
35,Matt Kuchar,"34' 3""","2,464.833",72,Under
37,Spencer Levin,"34' 4""","2,470.250",72,Under
38,Jerry Kelly,"34' 5""","2,475.500",72,Under
39,Steven Bowditch,"34' 7""","2,487.333",72,Under
39,Ryan Palmer,"34' 7""","2,487.500",72,Under
41,Kevin Na,"34' 10""","2,505.333",72,Under
42,Jason Day,"34' 11""","2,515.833",72,Under
43,Jeff Overton,"35' 2""","2,533.750",72,Under
44,Brian Davis,"35' 3""","2,504.000",71,Under
44,Charles Howell III,"35' 3""","2,536.667",72,Under
46,Zach Johnson,"35' 4""","2,541.500",72,Under
46,Gary Woodland,"35' 4""","2,541.917",72,Under
48,WC Liang,"35' 6""","2,557.333",72,Under
49,Kenny Perry,"35' 7""","2,560.667",72,Under
50,Chez Reavie,"35' 10""","2,582.917",72,Under
51,Justin Thomas,"35' 11""","2,583.667",72,Under
52,Tom Johnson,"36' 1""","2,599.000",72,Under
53,Harris English,"36' 3""","2,611.417",72,Under
54,Andrew Svoboda,"36' 4""","2,616.167",72,Under
55,Camilo Villegas,"36' 6""","2,628.333",72,Under
56,Brian Harman,"36' 10""","2,649.583",72,Under
56,Rory Sabbatini,"36' 10""","2,654.417",72,Under
58,Stuart Appleby,"37' 1""","2,672.833",72,Under
59,Mark Hubbard,"37' 4""","2,685.917",72,Under
59,Roger Sloan,"37' 4""","2,686.417",72,Under
61,Derek Fathauer,"37' 5""","2,653.750",71,Under
62,Michael Putnam,"37' 6""","2,702.417",72,Under
63,Stewart Cink,"37' 7""","2,707.583",72,Under
64,Jhonattan Vegas,"38' 0""","2,737.250",72,Under
65,Marc Leishman,"38' 11""","2,799.250",72,Under
66,Max Homa,"39' 4""","2,834.667",72,Under
67,Morgan Hoffmann,"39' 7""","2,847.000",72,Under
67,Matt Jones,"39' 7""","2,848.250",72,Over
69,Jason Kokrak,"39' 10""","2,870.333",72,Under
69,Troy Merritt,"39' 10""","2,868.750",72,Under
