rank,player,Avg,Total Distance (feet),# of Attempts,Relative to par
1,Mark Hubbard,"2' 8""",2.667,1,-1
2,Tim Clark,"4' 2""",20.833,5,-3
2,Daniel Summerhays,"4' 2""",4.167,1,-1
4,Francesco Molinari,"5' 1""",15.333,3,-2
5,Brendon Todd,"5' 11""",5.917,1,+1
6,WC Liang,"6' 0""",6.000,1,-1
7,Ryan Palmer,"6' 2""",18.583,3,+1
8,Russell Knox,"6' 6""",13.000,2,+1
9,Derek Fathauer,"6' 11""",20.833,3,-2
10,Daniel Berger,"7' 4""",21.917,3,-1
11,Stewart Cink,"7' 5""",14.833,2,-1
12,Scott Pinckney,"7' 11""",15.833,2,+1
12,Robert Streb,"7' 11""",15.833,2,-2
14,Steven Bowditch,"8' 4""",8.333,1,E
15,Russell Henley,"8' 7""",8.583,1,E
16,K.J. Choi,"9' 3""",36.917,4,-2
16,Morgan Hoffmann,"9' 3""",18.500,2,-1
18,Roger Sloan,"9' 5""",18.833,2,-1
19,Jason Kokrak,"9' 7""",9.583,1,E
20,Zac Blair,"9' 8""",19.333,2,-1
21,Charles Howell III,"9' 11""",19.833,2,E
22,Stuart Appleby,"10' 4""",10.333,1,E
23,Tom Johnson,"10' 6""",10.500,1,E
24,Webb Simpson,"10' 10""",21.583,2,+1
25,Jimmy Walker,"11' 5""",11.417,1,-1
26,Troy Merritt,"11' 8""",46.667,4,-2
27,Blayne Barber,"12' 4""",24.583,2,-1
28,Kenny Perry,"12' 8""",25.250,2,E
29,Pat Perez,"15' 2""",15.167,1,-1
30,Michael Putnam,"15' 4""",15.333,1,E
31,Justin Leonard,"15' 9""",31.417,2,E
32,Boo Weekley,"16' 2""",48.500,3,E
33,Kevin Streelman,"16' 11""",67.750,4,E
34,Chris Kirk,"17' 0""",51.000,3,-1
35,Zach Johnson,"17' 2""",34.250,2,E
36,J.J. Henry,"17' 9""",17.750,1,E
37,Chad Collins,"18' 11""",75.583,4,-1
38,Luke Donald,"19' 2""",19.167,1,E
39,Colt Knost,"19' 4""",57.917,3,E
40,Justin Thomas,"19' 11""",19.917,1,E
41,Nick Taylor,"20' 11""",62.833,3,-1
42,Matt Kuchar,"21' 1""",21.083,1,E
43,John Peterson,"21' 5""",42.750,2,E
44,David Hearn,"21' 9""",21.750,1,E
45,James Hahn,"22' 2""",88.750,4,-2
46,Andrew Svoboda,"22' 7""",45.083,2,+1
47,Brian Harman,"24' 10""",49.583,2,+1
48,Hyung-Sung Kim,"25' 5""",25.417,1,+1
49,Brian Davis,"33' 4""",33.333,1,E
50,Scott Langley,"39' 7""",79.167,2,+1
51,Marc Leishman,"50' 4""",50.333,1,+1
