rank,player,Avg,Total Distance (feet),# of Attempts,Relative to par
1,Zach Johnson,"16' 11""",16.917,1,-1
2,Daniel Summerhays,"25' 0""",75.083,3,-3
3,Harris English,"29' 11""",29.917,1,-1
4,Charles Howell III,"37' 7""",37.583,1,E
5,Scott Langley,"45' 3""",45.250,1,-1
6,K.J. Choi,"45' 4""",90.667,2,-2
7,Gary Woodland,"45' 6""",90.917,2,-2
8,Brendon Todd,"48' 9""",194.917,4,-2
9,Colt Knost,"52' 2""",52.167,1,-1
9,Jeff Overton,"52' 2""",52.167,1,-1
11,Zac Blair,"52' 5""",157.333,3,-2
12,Blayne Barber,"55' 6""",55.500,1,-1
13,Mark Hubbard,"61' 11""",185.667,3,-2
14,Brian Davis,"62' 6""",125.000,2,-1
15,Troy Merritt,"64' 0""",128.000,2,-1
16,Russell Knox,"64' 10""",64.833,1,-1
17,Ben Martin,"67' 8""",135.333,2,-2
18,Michael Putnam,"68' 3""",68.250,1,-1
19,Kevin Streelman,"69' 2""",69.167,1,-1
20,Kevin Na,"69' 7""",69.583,1,-1
21,Luke Donald,"79' 2""",158.250,2,-1
22,Spencer Levin,"81' 6""",81.500,1,E
23,Tim Clark,"82' 3""",246.750,3,E
24,Sangmoon Bae,"83' 0""",83.000,1,-1
24,Roger Sloan,"83' 0""",83.000,1,E
26,Justin Thomas,"86' 5""",172.750,2,-1
27,Brian Harman,"87' 1""",87.083,1,E
28,Russell Henley,"89' 10""",179.667,2,-1
29,Justin Leonard,"94' 9""",94.750,1,E
30,Nick Taylor,"95' 7""",95.583,1,+1
31,Scott Piercy,"106' 1""",106.083,1,E
32,Francesco Molinari,"110' 2""",110.167,1,E
33,Max Homa,"114' 0""",114.000,1,E
34,Chris Kirk,"140' 11""",140.917,1,E
