rank,player,Avg,Total Distance (feet),# of Attempts,Relative to par
1,John Peterson,"9' 4""",9.333,1,-2
2,Scott Pinckney,"11' 10""",11.833,1,-1
3,Tom Johnson,"15' 3""",15.250,1,-1
4,Jimmy Walker,"17' 9""",17.750,1,-1
5,Hyung-Sung Kim,"20' 3""",20.250,1,-1
6,Jerry Kelly,"35' 11""",35.917,1,-2
7,Luke Donald,"39' 11""",39.917,1,-1
8,Scott Langley,"46' 4""",46.333,1,-1
9,Ben Martin,"50' 10""",101.583,2,-2
10,Ryan Palmer,"51' 11""",51.917,1,-1
11,Daniel Summerhays,"55' 11""",55.917,1,-1
12,Rory Sabbatini,"62' 1""",62.083,1,E
13,Chris Kirk,"62' 4""",62.333,1,E
14,Mark Hubbard,"64' 0""",64.000,1,E
15,Harris English,"64' 8""",129.250,2,-2
16,Russell Knox,"65' 10""",131.583,2,-1
17,Chad Collins,"67' 9""",67.750,1,E
18,Justin Leonard,"68' 0""",204.083,3,-1
19,Brian Davis,"73' 3""",73.250,1,E
20,Chez Reavie,"74' 0""",148.000,2,-2
21,Michael Putnam,"74' 11""",74.917,1,E
22,Roger Sloan,"78' 10""",78.833,1,-1
23,Marc Leishman,"79' 0""",79.000,1,-1
24,Troy Merritt,"84' 1""",168.083,2,-1
25,Brendon Todd,"85' 4""",85.333,1,-1
26,Pat Perez,"86' 0""",86.000,1,-1
27,Stuart Appleby,"92' 4""",92.333,1,-1
28,Robert Streb,"93' 3""",93.250,1,E
29,David Hearn,"101' 4""",101.333,1,-1
30,Paul Casey,"108' 9""",108.750,1,E
31,Matt Jones,"109' 2""",109.167,1,-1
32,Francesco Molinari,"110' 11""",110.917,1,E
33,Colt Knost,"118' 10""",118.833,1,E
34,Blayne Barber,"122' 9""",122.750,1,+1
35,Jason Day,"145' 9""",145.750,1,E
