rank,player,Birdie to Bogey Ratio,Total Birdies and Better,Total Bogeys and Worse
1,Bryson DeChambeau,10.50,21,2
2,Harris English,9.00,27,3
3,Justin Thomas,7.00,28,4
4,Daniel Berger,5.75,23,4
5,Marc Leishman,5.67,17,3
6,Brendon Todd,5.25,21,4
7,Joaquin Niemann,5.17,31,6
8,Sungjae Im,5.00,25,5
8,Martin Laird,5.00,20,4
8,Collin Morikawa,5.00,25,5
8,Jon Rahm,5.00,25,5
8,Adam Scott,5.00,20,4
13,Dustin Johnson,4.80,24,5
14,Ryan Palmer,4.67,28,6
15,Xander Schauffele,4.00,24,6
16,Abraham Ancer,3.83,23,6
17,Sebastián Muñoz,3.67,22,6
18,Nick Taylor,3.60,18,5
19,Lanto Griffin,3.57,25,7
20,Patrick Cantlay,3.43,24,7
21,Billy Horschel,3.33,20,6
21,Patrick Reed,3.33,20,6
23,Scottie Scheffler,3.29,23,7
23,Webb Simpson,3.29,23,7
25,Cameron Smith,3.14,22,7
26,Sergio Garcia,3.13,25,8
27,Richy Werenski,3.00,21,7
28,Cameron Champ,2.86,20,7
28,Brian Gay,2.86,20,7
28,Kevin Kisner,2.86,20,7
31,Viktor Hovland,2.83,17,6
32,Stewart Cink,2.71,19,7
33,Michael Thompson,2.56,23,9
34,Tony Finau,2.50,20,8
35,Carlos Ortiz,2.14,15,7
36,Jason Kokrak,2.00,20,10
36,Robert Streb,2.00,16,8
38,Hudson Swafford,1.80,18,10
39,Andrew Landry,1.75,14,8
40,Kevin Na,1.55,17,11
41,Mackenzie Hughes,1.50,12,8
42,Hideki Matsuyama,1.27,14,11
