rank,player,Average Bogeys per round,Total Bogeys,Rounds Played
1,Bryson DeChambeau,.50,2,4
2,Harris English,.75,3,4
2,Marc Leishman,.75,3,4
2,Adam Scott,.75,3,4
2,Justin Thomas,.75,3,4
6,Daniel Berger,1.00,4,4
6,Dustin Johnson,1.00,4,4
6,Martin Laird,1.00,4,4
6,Ryan Palmer,1.00,4,4
6,Brendon Todd,1.00,4,4
11,Abraham Ancer,1.25,5,4
11,Billy Horschel,1.25,5,4
11,Sungjae Im,1.25,5,4
11,Collin Morikawa,1.25,5,4
11,Jon Rahm,1.25,5,4
11,Patrick Reed,1.25,5,4
11,Robert Streb,1.25,5,4
11,Nick Taylor,1.25,5,4
19,Cameron Champ,1.50,6,4
19,Stewart Cink,1.50,6,4
19,Tony Finau,1.50,6,4
19,Brian Gay,1.50,6,4
19,Lanto Griffin,1.50,6,4
19,Viktor Hovland,1.50,6,4
19,Sebastián Muñoz,1.50,6,4
19,Joaquin Niemann,1.50,6,4
19,Carlos Ortiz,1.50,6,4
19,Xander Schauffele,1.50,6,4
19,Webb Simpson,1.50,6,4
19,Cameron Smith,1.50,6,4
31,Patrick Cantlay,1.75,7,4
31,Sergio Garcia,1.75,7,4
31,Mackenzie Hughes,1.75,7,4
31,Kevin Kisner,1.75,7,4
31,Andrew Landry,1.75,7,4
31,Scottie Scheffler,1.75,7,4
31,Richy Werenski,1.75,7,4
38,Jason Kokrak,2.00,8,4
38,Michael Thompson,2.00,8,4
40,Kevin Na,2.50,10,4
40,Hudson Swafford,2.50,10,4
42,Hideki Matsuyama,2.75,11,4
