rank,player,% Makes Bogey,Bogeys,Holes Played
1,Bryson DeChambeau,2.78,2,72
2,Harris English,4.17,3,72
2,Marc Leishman,4.17,3,72
4,Daniel Berger,5.56,4,72
4,Martin Laird,5.56,4,72
4,Adam Scott,5.56,4,72
4,Justin Thomas,5.56,4,72
4,Brendon Todd,5.56,4,72
9,Sungjae Im,6.94,5,72
9,Dustin Johnson,6.94,5,72
9,Collin Morikawa,6.94,5,72
9,Jon Rahm,6.94,5,72
9,Nick Taylor,6.94,5,72
14,Abraham Ancer,8.33,6,72
14,Billy Horschel,8.33,6,72
14,Viktor Hovland,8.33,6,72
14,Sebastián Muñoz,8.33,6,72
14,Joaquin Niemann,8.33,6,72
14,Ryan Palmer,8.33,6,72
14,Patrick Reed,8.33,6,72
14,Xander Schauffele,8.33,6,72
22,Patrick Cantlay,9.72,7,72
22,Cameron Champ,9.72,7,72
22,Stewart Cink,9.72,7,72
22,Brian Gay,9.72,7,72
22,Lanto Griffin,9.72,7,72
22,Kevin Kisner,9.72,7,72
22,Carlos Ortiz,9.72,7,72
22,Scottie Scheffler,9.72,7,72
22,Webb Simpson,9.72,7,72
22,Cameron Smith,9.72,7,72
22,Richy Werenski,9.72,7,72
33,Tony Finau,11.11,8,72
33,Sergio Garcia,11.11,8,72
33,Mackenzie Hughes,11.11,8,72
33,Andrew Landry,11.11,8,72
33,Robert Streb,11.11,8,72
38,Michael Thompson,12.50,9,72
39,Jason Kokrak,13.89,10,72
39,Hudson Swafford,13.89,10,72
41,Hideki Matsuyama,15.28,11,72
41,Kevin Na,15.28,11,72
