rank,player,% under then over par,Total under then over Par,Under Par
1,Daniel Berger,.00,0,21
1,Dustin Johnson,.00,0,23
1,Hideki Matsuyama,.00,0,12
1,Collin Morikawa,.00,0,23
1,Patrick Reed,.00,0,18
1,Scottie Scheffler,.00,0,21
1,Nick Taylor,.00,0,16
8,Ryan Palmer,4.00,1,25
8,Justin Thomas,4.00,1,25
10,Harris English,4.17,1,24
11,Xander Schauffele,4.76,1,21
12,Billy Horschel,5.26,1,19
12,Sebastián Muñoz,5.26,1,19
14,Stewart Cink,5.56,1,18
14,Bryson DeChambeau,5.56,1,18
14,Martin Laird,5.56,1,18
14,Adam Scott,5.56,1,18
18,Viktor Hovland,6.25,1,16
18,Marc Leishman,6.25,1,16
20,Robert Streb,6.67,1,15
21,Sungjae Im,8.70,2,23
22,Sergio Garcia,9.09,2,22
23,Abraham Ancer,9.52,2,21
23,Patrick Cantlay,9.52,2,21
23,Lanto Griffin,9.52,2,21
23,Jon Rahm,9.52,2,21
23,Webb Simpson,9.52,2,21
28,Tony Finau,10.53,2,19
28,Brendon Todd,10.53,2,19
28,Richy Werenski,10.53,2,19
31,Joaquin Niemann,10.71,3,28
32,Cameron Champ,11.76,2,17
32,Hudson Swafford,11.76,2,17
34,Cameron Smith,15.00,3,20
35,Andrew Landry,15.38,2,13
36,Kevin Kisner,15.79,3,19
37,Brian Gay,16.67,3,18
37,Jason Kokrak,16.67,3,18
39,Mackenzie Hughes,18.18,2,11
40,Kevin Na,20.00,3,15
41,Carlos Ortiz,23.08,3,13
42,Michael Thompson,23.81,5,21
