rank,player,% under then over par,Total under then over Par,Under Par
1,Corey Conners,.00%,0,19
1,Tony Finau,.00%,0,21
1,Collin Morikawa,.00%,0,24
1,Adam Scott,.00%,0,17
5,Jon Rahm,3.70%,1,27
6,Tom Hoge,4.17%,1,24
7,Sungjae Im,4.55%,1,22
8,Matt Fitzpatrick,4.76%,1,21
8,Hideki Matsuyama,4.76%,1,21
8,Scott Stallings,4.76%,1,21
8,Will Zalatoris,4.76%,1,21
12,Seamus Power,5.00%,1,20
13,Jordan Spieth,5.26%,1,19
14,Billy Horschel,5.56%,1,18
15,Russell Henley,5.88%,1,17
16,Keegan Bradley,6.25%,1,16
16,Ryan Brehm,6.25%,1,16
18,Cameron Young,7.41%,2,27
19,Viktor Hovland,8.00%,2,25
20,J.J. Spaun,8.33%,2,24
20,Justin Thomas,8.33%,2,24
22,Max Homa,8.70%,2,23
22,K.H. Lee,8.70%,2,23
22,Luke List,8.70%,2,23
25,Aaron Wise,9.09%,2,22
26,Brian Harman,9.52%,2,21
26,J.T. Poston,9.52%,2,21
28,Sepp Straka,10.00%,2,20
29,Mackenzie Hughes,10.53%,2,19
30,Sahith Theegala,13.33%,2,15
31,Scottie Scheffler,13.64%,3,22
32,Tom Kim,14.29%,3,21
32,Chez Reavie,14.29%,2,14
34,Adam Svensson,15.38%,2,13
35,Trey Mullinax,17.65%,3,17
36,Chad Ramey,18.75%,3,16
37,Patrick Cantlay,19.05%,4,21
38,Sam Burns,20.00%,4,20
