rank,player,% Makes Bogey,Bogeys,Holes Played
1,Tony Finau,4.17%,3,72
1,Collin Morikawa,4.17%,3,72
3,Corey Conners,5.56%,4,72
3,Matt Fitzpatrick,5.56%,4,72
3,J.J. Spaun,5.56%,4,72
3,Will Zalatoris,5.56%,4,72
7,Brian Harman,6.94%,5,72
7,Max Homa,6.94%,5,72
7,K.H. Lee,6.94%,5,72
7,Jon Rahm,6.94%,5,72
7,Scottie Scheffler,6.94%,5,72
12,Tom Hoge,8.33%,6,72
12,Mackenzie Hughes,8.33%,6,72
12,Sungjae Im,8.33%,6,72
12,Tom Kim,8.33%,6,72
12,Trey Mullinax,8.33%,6,72
12,J.T. Poston,8.33%,6,72
12,Seamus Power,8.33%,6,72
12,Jordan Spieth,8.33%,6,72
12,Sepp Straka,8.33%,6,72
21,Keegan Bradley,9.72%,7,72
21,Patrick Cantlay,9.72%,7,72
21,Russell Henley,9.72%,7,72
21,Luke List,9.72%,7,72
21,Hideki Matsuyama,9.72%,7,72
26,Sam Burns,11.11%,8,72
26,Billy Horschel,11.11%,8,72
26,Adam Scott,11.11%,8,72
26,Sahith Theegala,11.11%,8,72
30,Ryan Brehm,12.50%,9,72
30,Scott Stallings,12.50%,9,72
30,Justin Thomas,12.50%,9,72
30,Aaron Wise,12.50%,9,72
34,Viktor Hovland,13.89%,10,72
34,Chez Reavie,13.89%,10,72
34,Cameron Young,13.89%,10,72
37,Adam Svensson,15.28%,11,72
38,Chad Ramey,19.44%,14,72
