rank,player,Average Bogeys per round,Total Bogeys,Rounds Played
1,Corey Conners,0.75,3,4
1,Tony Finau,0.75,3,4
1,Collin Morikawa,0.75,3,4
4,Matt Fitzpatrick,1.00,4,4
4,Max Homa,1.00,4,4
4,Mackenzie Hughes,1.00,4,4
4,J.J. Spaun,1.00,4,4
4,Will Zalatoris,1.00,4,4
9,Brian Harman,1.25,5,4
9,Sungjae Im,1.25,5,4
9,K.H. Lee,1.25,5,4
9,J.T. Poston,1.25,5,4
9,Jon Rahm,1.25,5,4
9,Scottie Scheffler,1.25,5,4
9,Sepp Straka,1.25,5,4
16,Sam Burns,1.50,6,4
16,Patrick Cantlay,1.50,6,4
16,Tom Hoge,1.50,6,4
16,Tom Kim,1.50,6,4
16,Luke List,1.50,6,4
16,Hideki Matsuyama,1.50,6,4
16,Trey Mullinax,1.50,6,4
16,Seamus Power,1.50,6,4
16,Jordan Spieth,1.50,6,4
16,Sahith Theegala,1.50,6,4
16,Justin Thomas,1.50,6,4
27,Keegan Bradley,1.75,7,4
27,Russell Henley,1.75,7,4
27,Billy Horschel,1.75,7,4
30,Ryan Brehm,2.00,8,4
30,Adam Scott,2.00,8,4
30,Scott Stallings,2.00,8,4
33,Viktor Hovland,2.25,9,4
33,Aaron Wise,2.25,9,4
33,Cameron Young,2.25,9,4
36,Chez Reavie,2.50,10,4
37,Adam Svensson,2.75,11,4
38,Chad Ramey,3.00,12,4
