rank,player,Birdie to Bogey Ratio,Total Birdies and Better,Total Bogeys and Worse
1,Collin Morikawa,9.00,27,3
2,Tony Finau,8.00,24,3
3,J.J. Spaun,6.50,26,4
4,Jon Rahm,6.00,30,5
4,Will Zalatoris,6.00,24,4
6,Matt Fitzpatrick,5.75,23,4
7,Corey Conners,5.50,22,4
8,Max Homa,5.40,27,5
9,K.H. Lee,5.00,25,5
9,Scottie Scheffler,5.00,25,5
11,Brian Harman,4.60,23,5
12,Tom Hoge,4.50,27,6
13,Sungjae Im,4.17,25,6
13,Tom Kim,4.17,25,6
15,J.T. Poston,3.83,23,6
15,Jordan Spieth,3.83,23,6
15,Sepp Straka,3.83,23,6
18,Luke List,3.71,26,7
19,Mackenzie Hughes,3.67,22,6
20,Patrick Cantlay,3.57,25,7
21,Hideki Matsuyama,3.43,24,7
22,Trey Mullinax,3.33,20,6
22,Seamus Power,3.33,20,6
24,Cameron Young,3.00,30,10
25,Justin Thomas,2.89,26,9
25,Aaron Wise,2.89,26,9
27,Viktor Hovland,2.80,28,10
28,Russell Henley,2.71,19,7
29,Scott Stallings,2.67,24,9
30,Sam Burns,2.63,21,8
31,Billy Horschel,2.50,20,8
31,Adam Scott,2.50,20,8
33,Keegan Bradley,2.29,16,7
34,Sahith Theegala,2.25,18,8
35,Ryan Brehm,2.00,18,9
36,Chez Reavie,1.70,17,10
37,Adam Svensson,1.45,16,11
38,Chad Ramey,1.36,19,14
