rank,player,%,Attempts,Putts made
1,Jonas Blixt,66.67,3,2
2,Webb Simpson,60.00,10,6
3,Bill Haas,50.00,4,2
3,Billy Horschel,50.00,6,3
3,Dustin Johnson,50.00,6,3
3,Ryan Moore,50.00,12,6
3,Jordan Spieth,50.00,4,2
8,Brian Gay,44.44,9,4
9,Matt Kuchar,42.86,7,3
10,Sangmoon Bae,40.00,15,6
10,Jimmy Walker,40.00,5,2
12,Ken Duke,38.46,13,5
12,Patrick Reed,38.46,13,5
14,Scott Brown,33.33,3,1
14,Gary Woodland,33.33,6,2
16,Adam Scott,28.57,7,2
16,Brandt Snedeker,28.57,7,2
18,Martin Laird,27.27,11,3
19,D.A. Points,25.00,4,1
20,Russell Henley,22.22,9,2
21,Harris English,20.00,10,2
21,John Merrick,20.00,5,1
21,Michael Thompson,20.00,5,1
24,Woody Austin,14.29,7,1
24,Chris Kirk,14.29,7,1
26,Kevin Streelman,12.50,8,1
27,Boo Weekley,9.09,11,1
28,Jason Dufner,7.14,14,1
29,Derek Ernst,.00,7,-
29,Zach Johnson,.00,4,-
