rank,player,% Made,Attempts,Putts Made
1,Russell Henley,5.00,2,1
1,Webb Simpson,5.00,2,1
3,Ken Duke,3.33,3,1
3,Kevin Streelman,3.33,3,1
5,Zach Johnson,2.50,8,2
6,Dustin Johnson,2.00,5,1
7,Sangmoon Bae,1.67,6,1
7,Scott Brown,1.67,6,1
9,Adam Scott,1.11,9,1
10,Woody Austin,.00,4,-
10,Jonas Blixt,.00,4,-
10,Jason Dufner,.00,7,-
10,Harris English,.00,5,-
10,Derek Ernst,.00,6,-
10,Brian Gay,.00,4,-
10,Bill Haas,.00,3,-
10,Billy Horschel,.00,2,-
10,Chris Kirk,.00,4,-
10,Matt Kuchar,.00,6,-
10,Martin Laird,.00,5,-
10,John Merrick,.00,3,-
10,D.A. Points,.00,8,-
10,Patrick Reed,.00,3,-
10,Brandt Snedeker,.00,7,-
10,Jordan Spieth,.00,5,-
10,Michael Thompson,.00,5,-
10,Jimmy Walker,.00,5,-
10,Boo Weekley,.00,5,-
10,Gary Woodland,.00,3,-
