rank,player,%,Attempts,Putts made
1,Zach Johnson,10.53,19,2
1,Adam Scott,10.53,19,2
3,Brandt Snedeker,9.52,21,2
4,Dustin Johnson,8.33,24,2
5,Kevin Streelman,7.14,14,1
6,Sangmoon Bae,6.67,15,1
6,Jason Dufner,6.67,15,1
6,Russell Henley,6.67,15,1
9,Ken Duke,5.56,18,1
10,Bill Haas,5.26,19,1
10,Matt Kuchar,5.26,19,1
10,John Merrick,5.26,19,1
13,Patrick Reed,5.00,20,1
14,Scott Brown,4.35,23,1
14,Webb Simpson,4.35,23,1
16,Jonas Blixt,4.17,24,1
17,Chris Kirk,4.00,25,1
18,Woody Austin,.00,17,-
18,Harris English,.00,17,-
18,Derek Ernst,.00,21,-
18,Brian Gay,.00,18,-
18,Billy Horschel,.00,15,-
18,Martin Laird,.00,16,-
18,Ryan Moore,.00,13,-
18,D.A. Points,.00,18,-
18,Jordan Spieth,.00,18,-
18,Michael Thompson,.00,22,-
18,Jimmy Walker,.00,17,-
18,Boo Weekley,.00,20,-
18,Gary Woodland,.00,22,-
