rank,player,% Made,Attempts,Putts Made
1,Adam Scott,3.33,3,1
2,Bill Haas,2.50,4,1
3,Brandt Snedeker,2.00,5,1
4,Chris Kirk,1.67,6,1
5,Woody Austin,.00,1,-
5,Sangmoon Bae,.00,2,-
5,Jonas Blixt,.00,6,-
5,Scott Brown,.00,5,-
5,Jason Dufner,.00,2,-
5,Ken Duke,.00,3,-
5,Harris English,.00,2,-
5,Derek Ernst,.00,2,-
5,Brian Gay,.00,4,-
5,Russell Henley,.00,1,-
5,Billy Horschel,.00,4,-
5,Dustin Johnson,.00,6,-
5,Zach Johnson,.00,1,-
5,Matt Kuchar,.00,4,-
5,Martin Laird,.00,2,-
5,John Merrick,.00,3,-
5,Ryan Moore,.00,5,-
5,D.A. Points,.00,3,-
5,Patrick Reed,.00,5,-
5,Webb Simpson,.00,5,-
5,Jordan Spieth,.00,1,-
5,Kevin Streelman,.00,6,-
5,Michael Thompson,.00,3,-
5,Jimmy Walker,.00,1,-
5,Boo Weekley,.00,3,-
5,Gary Woodland,.00,5,-
