rank,player,%,Attempts,Putts made
1,Kevin Streelman,50.00,8,4
2,Ryan Moore,44.44,9,4
3,Scott Brown,40.00,5,2
4,Dustin Johnson,33.33,6,2
4,Zach Johnson,33.33,6,2
4,Webb Simpson,33.33,3,1
7,Adam Scott,25.00,4,1
8,Woody Austin,20.00,5,1
8,Sangmoon Bae,20.00,5,1
8,Harris English,20.00,5,1
8,Derek Ernst,20.00,5,1
8,Jimmy Walker,20.00,5,1
13,Billy Horschel,12.50,8,1
14,Jonas Blixt,.00,3,-
14,Jason Dufner,.00,5,-
14,Ken Duke,.00,3,-
14,Brian Gay,.00,8,-
14,Bill Haas,.00,9,-
14,Russell Henley,.00,5,-
14,Chris Kirk,.00,8,-
14,Matt Kuchar,.00,3,-
14,Martin Laird,.00,10,-
14,John Merrick,.00,5,-
14,D.A. Points,.00,9,-
14,Patrick Reed,.00,3,-
14,Brandt Snedeker,.00,6,-
14,Jordan Spieth,.00,6,-
14,Michael Thompson,.00,15,-
14,Boo Weekley,.00,5,-
14,Gary Woodland,.00,10,-
