rank,player,% Made,Attempts,Putts Made
1,Jason Dufner,1.67,6,1
2,Matt Kuchar,1.11,9,1
2,Brandt Snedeker,1.11,9,1
4,Patrick Reed,.83,12,1
5,Dustin Johnson,.77,13,1
5,John Merrick,.77,13,1
7,Jonas Blixt,.71,14,1
8,Woody Austin,.00,12,-
8,Sangmoon Bae,.00,7,-
8,Scott Brown,.00,12,-
8,Ken Duke,.00,12,-
8,Harris English,.00,10,-
8,Derek Ernst,.00,13,-
8,Brian Gay,.00,10,-
8,Bill Haas,.00,12,-
8,Russell Henley,.00,12,-
8,Billy Horschel,.00,9,-
8,Zach Johnson,.00,10,-
8,Chris Kirk,.00,15,-
8,Martin Laird,.00,9,-
8,Ryan Moore,.00,8,-
8,D.A. Points,.00,7,-
8,Adam Scott,.00,7,-
8,Webb Simpson,.00,16,-
8,Jordan Spieth,.00,12,-
8,Kevin Streelman,.00,5,-
8,Michael Thompson,.00,14,-
8,Jimmy Walker,.00,11,-
8,Boo Weekley,.00,12,-
8,Gary Woodland,.00,14,-
