rank,player,%,Attempts,Non-Attempts,RTP-Going for the green,RTP-Not going for the grn
1,Patrick Cantlay,88.00%,22,3,-19,-2
1,Wyndham Clark,88.00%,22,3,-14,-1
1,Adam Hadwin,88.00%,22,3,-14,E
1,Patrick Rodgers,88.00%,22,3,-19,E
1,Xander Schauffele,88.00%,22,3,-17,-2
1,Adam Schenk,88.00%,22,3,-16,E
7,Corey Conners,84.00%,21,4,-14,-1
7,Harris English,84.00%,21,4,-19,E
7,Viktor Hovland,84.00%,21,4,-15,-2
7,Sungjae Im,84.00%,21,4,-17,+1
7,Collin Morikawa,84.00%,21,4,-14,-1
7,Erik van Rooyen,84.00%,21,4,-13,E
7,Matt Wallace,84.00%,21,4,-15,E
7,Cameron Young,84.00%,21,4,-14,+1
15,Akshay Bhatia,80.00%,20,5,-15,+1
15,Keegan Bradley,80.00%,20,5,-11,+1
15,Cam Davis,80.00%,20,5,-10,+2
15,Matt Fitzpatrick,80.00%,20,5,-17,-4
15,Tommy Fleetwood,80.00%,20,5,-10,E
15,Max Homa,80.00%,20,5,-15,-1
15,Chris Kirk,80.00%,20,5,-16,-2
15,Scottie Scheffler,80.00%,20,5,-16,-2
15,Sepp Straka,80.00%,20,5,-13,-1
15,Nick Taylor,80.00%,20,5,-13,E
15,Sahith Theegala,80.00%,20,5,-13,-2
26,Nico Echavarria,76.00%,19,6,-14,-4
26,Tony Finau,76.00%,19,6,-15,+2
26,Brian Harman,76.00%,19,6,-19,-2
26,Tyrrell Hatton,76.00%,19,6,-13,E
26,Mackenzie Hughes,76.00%,19,6,-14,E
26,Kurt Kitayama,76.00%,19,6,-12,E
26,Luke List,76.00%,19,6,-14,+1
26,Taylor Moore,76.00%,19,6,-17,-1
26,Jordan Spieth,76.00%,19,6,-17,-2
35,Jason Day,72.00%,18,7,-16,+1
35,Lucas Glover,72.00%,18,7,-12,+1
35,Lee Hodges,72.00%,18,7,-9,-1
35,Si Woo Kim,72.00%,18,7,-13,E
35,Tom Kim,72.00%,18,7,-15,E
35,Andrew Putnam,72.00%,18,7,-10,+2
35,Justin Rose,72.00%,18,7,-10,E
42,Ludvig Åberg,68.00%,17,8,-10,-1
42,Byeong Hun An,68.00%,17,8,-15,-4
42,Sam Burns,68.00%,17,8,-11,E
42,Eric Cole,68.00%,17,8,-11,+1
42,Emiliano Grillo,68.00%,17,8,-10,-1
42,Nick Hardy,68.00%,17,8,-8,E
42,Hideki Matsuyama,68.00%,17,8,-11,+4
42,Denny McCarthy,68.00%,17,8,-9,-3
42,Seamus Power,68.00%,17,8,-12,-3
42,Davis Riley,68.00%,17,8,-11,+6
52,Rickie Fowler,64.00%,16,9,-12,-1
52,Tom Hoge,64.00%,16,9,-9,E
52,Vincent Norrman,64.00%,16,9,-11,+3
52,J.T. Poston,64.00%,16,9,-13,-6
52,Adam Svensson,64.00%,16,9,-11,-2
57,Russell Henley,60.00%,15,10,-11,-4
57,Brendon Todd,60.00%,15,10,-10,-1
59,Camilo Villegas,56.00%,14,11,-5,-1
