rank,player,%,Attempts,Non-Attempts
1,Keegan Bradley,100.00%,16,0
1,Patrick Cantlay,100.00%,16,0
1,Harris English,100.00%,16,0
1,Tommy Fleetwood,100.00%,16,0
1,Collin Morikawa,100.00%,16,0
1,Xander Schauffele,100.00%,16,0
1,Sepp Straka,100.00%,16,0
1,Erik van Rooyen,100.00%,16,0
1,Cameron Young,100.00%,16,0
10,Akshay Bhatia,93.75%,15,1
10,Wyndham Clark,93.75%,15,1
10,Jason Day,93.75%,15,1
10,Brian Harman,93.75%,15,1
10,Max Homa,93.75%,15,1
10,Viktor Hovland,93.75%,15,1
10,Mackenzie Hughes,93.75%,15,1
10,Sungjae Im,93.75%,15,1
10,Si Woo Kim,93.75%,15,1
10,Kurt Kitayama,93.75%,15,1
10,Taylor Moore,93.75%,15,1
10,Patrick Rodgers,93.75%,15,1
10,Jordan Spieth,93.75%,15,1
10,Nick Taylor,93.75%,15,1
10,Matt Wallace,93.75%,15,1
25,Eric Cole,87.50%,14,2
25,Corey Conners,87.50%,14,2
25,Cam Davis,87.50%,14,2
25,Nico Echavarria,87.50%,14,2
25,Tony Finau,87.50%,14,2
25,Matt Fitzpatrick,87.50%,14,2
25,Lucas Glover,87.50%,14,2
25,Emiliano Grillo,87.50%,14,2
25,Adam Hadwin,87.50%,14,2
25,Tyrrell Hatton,87.50%,14,2
25,Tom Hoge,87.50%,14,2
25,Tom Kim,87.50%,14,2
25,Chris Kirk,87.50%,14,2
25,Luke List,87.50%,14,2
25,Andrew Putnam,87.50%,14,2
25,Davis Riley,87.50%,14,2
25,Justin Rose,87.50%,14,2
25,Adam Schenk,87.50%,14,2
25,Adam Svensson,87.50%,14,2
25,Sahith Theegala,87.50%,14,2
45,Ludvig Åberg,81.25%,13,3
45,Rickie Fowler,81.25%,13,3
45,Nick Hardy,81.25%,13,3
45,Russell Henley,81.25%,13,3
45,Lee Hodges,81.25%,13,3
45,Denny McCarthy,81.25%,13,3
45,Vincent Norrman,81.25%,13,3
45,J.T. Poston,81.25%,13,3
45,Seamus Power,81.25%,13,3
45,Brendon Todd,81.25%,13,3
55,Byeong Hun An,75.00%,12,4
55,Sam Burns,75.00%,12,4
55,Hideki Matsuyama,75.00%,12,4
55,Scottie Scheffler,75.00%,12,4
55,Camilo Villegas,75.00%,12,4
