rank,player,Avg,Distance (in inches),Attempts
1,Tom Hoge,230.8,"132,937",16
2,J.T. Poston,236.7,"136,365",16
2,Adam Svensson,236.7,"136,351",16
4,Vincent Norrman,237.6,"136,879",16
5,Ludvig Åberg,237.8,"145,507",17
6,Jordan Spieth,238.2,"162,928",19
7,Emiliano Grillo,240.0,"146,903",17
8,Kurt Kitayama,240.4,"164,440",19
9,Jason Day,240.9,"156,118",18
10,Eric Cole,241.5,"147,797",17
11,Nick Hardy,241.7,"147,898",17
12,Seamus Power,243.1,"148,749",17
13,Tommy Fleetwood,243.2,"175,089",20
14,Harris English,244.7,"185,028",21
15,Byeong Hun An,245.4,"150,181",17
16,Si Woo Kim,246.0,"159,381",18
17,Denny McCarthy,246.1,"150,602",17
18,Tony Finau,246.2,"168,405",19
19,Sam Burns,246.5,"150,834",17
20,Rickie Fowler,246.7,"142,112",16
20,Erik van Rooyen,246.7,"186,474",21
22,Davis Riley,247.1,"151,242",17
23,Cameron Young,247.3,"186,942",21
24,Keegan Bradley,247.4,"178,133",20
25,Sepp Straka,247.5,"178,195",20
26,Mackenzie Hughes,247.7,"169,422",19
27,Brian Harman,248.6,"170,074",19
27,Brendon Todd,248.6,"134,252",15
29,Andrew Putnam,248.8,"161,220",18
30,Akshay Bhatia,250.4,"180,270",20
31,Tom Kim,250.6,"162,418",18
32,Justin Rose,250.9,"162,599",18
33,Collin Morikawa,251.1,"189,828",21
34,Nico Echavarria,251.3,"171,918",19
35,Hideki Matsuyama,252.9,"154,759",17
35,Xander Schauffele,252.9,"200,334",22
37,Sahith Theegala,253.3,"182,401",20
37,Matt Wallace,253.3,"191,495",21
39,Viktor Hovland,254.5,"192,370",21
40,Lee Hodges,254.8,"165,117",18
41,Patrick Cantlay,255.0,"201,971",22
42,Wyndham Clark,255.6,"202,410",22
43,Camilo Villegas,256.0,"129,047",14
44,Matt Fitzpatrick,258.2,"185,924",20
45,Lucas Glover,258.7,"176,955",19
46,Sungjae Im,261.0,"197,305",21
47,Cam Davis,261.1,"187,970",20
48,Tyrrell Hatton,261.7,"178,978",19
49,Max Homa,262.1,"198,145",21
50,Patrick Rodgers,262.6,"207,984",22
51,Luke List,264.5,"180,886",19
52,Corey Conners,265.5,"200,735",21
53,Taylor Moore,266.8,"201,666",21
54,Nick Taylor,267.2,"192,358",20
55,Chris Kirk,267.5,"192,565",20
56,Russell Henley,269.3,"145,407",15
57,Adam Schenk,270.4,"214,134",22
58,Adam Hadwin,280.0,"221,773",22
59,Scottie Scheffler,284.3,"214,895",21
