rank,player,%,Successes,Attempts,RTP-Successes,RTP-Not going for the grn
1,Kurt Kitayama,57.89%,11,19,-10,E
2,Patrick Cantlay,54.55%,12,22,-13,-2.00
3,Byeong Hun An,52.94%,9,17,-10,-4.00
3,Nick Hardy,52.94%,9,17,-7,E
5,Tom Kim,50.00%,9,18,-12,E
6,Max Homa,47.62%,10,21,-10,-1.00
7,Brian Harman,47.37%,9,19,-12,-2.00
7,Luke List,47.37%,9,19,-8,+1.00
9,Davis Riley,47.06%,8,17,-7,+6.00
10,Brendon Todd,46.67%,7,15,-7,-1.00
11,Xander Schauffele,45.45%,10,22,-11,-2.00
12,Jason Day,44.44%,8,18,-9,+1.00
13,Rickie Fowler,43.75%,7,16,-7,-1.00
13,Tom Hoge,43.75%,7,16,-8,E
13,J.T. Poston,43.75%,7,16,-8,-6.00
13,Adam Svensson,43.75%,7,16,-8,-2.00
17,Viktor Hovland,42.86%,9,21,-10,-2.00
18,Mackenzie Hughes,42.11%,8,19,-8,E
19,Sam Burns,41.18%,7,17,-9,E
19,Emiliano Grillo,41.18%,7,17,-7,-1.00
21,Patrick Rodgers,40.91%,9,22,-9,E
22,Keegan Bradley,40.00%,8,20,-8,+1.00
23,Si Woo Kim,38.89%,7,18,-8,E
23,Justin Rose,38.89%,7,18,-6,E
25,Corey Conners,38.10%,8,21,-8,-1.00
25,Sungjae Im,38.10%,8,21,-7,+1.00
25,Collin Morikawa,38.10%,8,21,-9,-1.00
25,Scottie Scheffler,38.10%,8,21,-7,-2.00
25,Erik van Rooyen,38.10%,8,21,-7,E
25,Cameron Young,38.10%,8,21,-9,+1.00
31,Wyndham Clark,36.36%,8,22,-9,-1.00
32,Ludvig Åberg,35.29%,6,17,-6,-1.00
33,Cam Davis,35.00%,7,20,-7,+2.00
33,Tommy Fleetwood,35.00%,7,20,-6,E
33,Sepp Straka,35.00%,7,20,-8,-1.00
36,Harris English,33.33%,7,21,-11,E
36,Lee Hodges,33.33%,6,18,-4,-1.00
36,Taylor Moore,33.33%,7,21,-8,-1.00
39,Adam Schenk,31.82%,7,22,-6,E
40,Tony Finau,31.58%,6,19,-8,+2.00
40,Tyrrell Hatton,31.58%,6,19,-6,E
40,Jordan Spieth,31.58%,6,19,-6,-2.00
43,Vincent Norrman,31.25%,5,16,-5,+3.00
44,Akshay Bhatia,30.00%,6,20,-5,+1.00
44,Matt Fitzpatrick,30.00%,6,20,-8,-4.00
46,Eric Cole,29.41%,5,17,-5,+1.00
46,Hideki Matsuyama,29.41%,5,17,-4,+4.00
46,Denny McCarthy,29.41%,5,17,-4,-3.00
46,Seamus Power,29.41%,5,17,-7,-3.00
50,Lucas Glover,26.32%,5,19,-4,+1.00
51,Chris Kirk,25.00%,5,20,-5,-2.00
51,Sahith Theegala,25.00%,5,20,-4,-2.00
53,Camilo Villegas,21.43%,3,14,-3,-1.00
54,Nico Echavarria,21.05%,4,19,-6,-4.00
55,Russell Henley,20.00%,3,15,-3,-4.00
56,Adam Hadwin,18.18%,4,22,-4,E
57,Andrew Putnam,16.67%,3,18,-3,+2.00
58,Nick Taylor,15.00%,3,20,-3,E
59,Matt Wallace,14.29%,3,21,-4,E
