rank,player,%,# of Birdie or Better,Attempts,RTP-Successes,RTP-Not going for the grn
1,Jordan Spieth,89.47%,17,19,-17,-2.00
2,Brian Harman,84.21%,16,19,-19,-2.00
3,Jason Day,83.33%,15,18,-16,+1.00
4,Patrick Cantlay,81.82%,18,22,-19,-2.00
4,Patrick Rodgers,81.82%,18,22,-19,E
6,J.T. Poston,81.25%,13,16,-14,-6.00
7,Sungjae Im,80.95%,17,21,-17,+1.00
8,Chris Kirk,80.00%,16,20,-16,-2.00
9,Byeong Hun An,76.47%,13,17,-15,-4.00
10,Viktor Hovland,76.19%,16,21,-18,-2.00
11,Akshay Bhatia,75.00%,15,20,-15,+1.00
11,Matt Fitzpatrick,75.00%,15,20,-17,-4.00
11,Rickie Fowler,75.00%,12,16,-12,-1.00
11,Adam Svensson,75.00%,12,16,-13,-2.00
15,Tony Finau,73.68%,14,19,-17,+2.00
15,Mackenzie Hughes,73.68%,14,19,-14,E
17,Russell Henley,73.33%,11,15,-11,-4.00
18,Adam Hadwin,72.73%,16,22,-16,E
18,Xander Schauffele,72.73%,16,22,-17,-2.00
20,Harris English,71.43%,15,21,-19,E
20,Max Homa,71.43%,15,21,-15,-1.00
20,Taylor Moore,71.43%,15,21,-17,-1.00
20,Scottie Scheffler,71.43%,15,21,-16,-2.00
20,Cameron Young,71.43%,15,21,-16,+1.00
25,Cam Davis,70.00%,14,20,-14,+2.00
26,Tom Hoge,68.75%,11,16,-12,E
26,Vincent Norrman,68.75%,11,16,-11,+3.00
28,Adam Schenk,68.18%,15,22,-16,E
29,Corey Conners,66.67%,14,21,-15,-1.00
29,Si Woo Kim,66.67%,12,18,-13,E
29,Tom Kim,66.67%,12,18,-15,E
29,Matt Wallace,66.67%,14,21,-15,E
33,Sepp Straka,65.00%,13,20,-14,-1.00
33,Sahith Theegala,65.00%,13,20,-13,-2.00
35,Eric Cole,64.71%,11,17,-11,+1.00
35,Emiliano Grillo,64.71%,11,17,-11,-1.00
35,Seamus Power,64.71%,11,17,-13,-3.00
35,Davis Riley,64.71%,11,17,-11,+6.00
39,Wyndham Clark,63.64%,14,22,-15,-1.00
40,Nico Echavarria,63.16%,12,19,-14,-4.00
40,Lucas Glover,63.16%,12,19,-12,+1.00
40,Tyrrell Hatton,63.16%,12,19,-14,E
40,Kurt Kitayama,63.16%,12,19,-13,E
40,Luke List,63.16%,12,19,-14,+1.00
45,Collin Morikawa,61.90%,13,21,-14,-1.00
45,Erik van Rooyen,61.90%,13,21,-14,E
47,Justin Rose,61.11%,11,18,-11,E
48,Nick Taylor,60.00%,12,20,-13,E
49,Ludvig Åberg,58.82%,10,17,-10,-1.00
49,Hideki Matsuyama,58.82%,10,17,-11,+4.00
51,Lee Hodges,55.56%,10,18,-10,-1.00
51,Andrew Putnam,55.56%,10,18,-10,+2.00
53,Keegan Bradley,55.00%,11,20,-12,+1.00
53,Tommy Fleetwood,55.00%,11,20,-11,E
55,Brendon Todd,53.33%,8,15,-10,-1.00
56,Sam Burns,52.94%,9,17,-11,E
56,Nick Hardy,52.94%,9,17,-9,E
56,Denny McCarthy,52.94%,9,17,-9,-3.00
59,Camilo Villegas,42.86%,6,14,-6,-1.00
