rank,player,Avg,Total Strokes,Total Early Rounds
1,Jonathan Byrd,66.00,66,1
1,Jason Day,66.00,66,1
1,Dustin Johnson,66.00,66,1
1,Carl Pettersson,66.00,66,1
5,Charley Hoffman,67.00,67,1
5,Adam Scott,67.00,67,1
7,Ernie Els,67.50,135,2
8,Bill Haas,68.00,68,1
8,Graeme McDowell,68.00,68,1
8,Justin Rose,68.00,204,3
11,Robert Garrigus,69.00,69,1
11,Ryan Palmer,69.00,138,2
13,Ben Crane,69.50,139,2
14,Arjun Atwal,69.67,209,3
15,Bill Lunde,70.00,70,1
15,Francesco Molinari,70.00,70,1
15,Ian Poulter,70.00,70,1
18,Tim Clark,70.25,281,4
19,Anthony Kim,70.33,211,3
20,Matt Bettencourt,70.50,282,4
21,Heath Slocum,70.67,212,3
22,Cameron Beckman,71.00,284,4
22,Zach Johnson,71.00,213,3
24,Stuart Appleby,71.33,214,3
25,Jason Bohn,71.50,286,4
26,Hunter Mahan,71.67,215,3
26,Bubba Watson,71.67,215,3
28,Rocco Mediate,73.75,295,4
29,Derek Lamely,74.00,296,4
