rank,player,Avg,Total Strokes,Total Rounds
1,Jonathan Byrd,66.00,66,1
1,Carl Pettersson,66.00,66,1
3,Ben Crane,67.00,67,1
4,Bill Haas,68.00,68,1
5,Stuart Appleby,69.00,69,1
5,Robert Garrigus,69.00,69,1
5,Anthony Kim,69.00,69,1
8,Bill Lunde,70.00,70,1
8,Ryan Palmer,70.00,70,1
8,Ian Poulter,70.00,70,1
8,Heath Slocum,70.00,70,1
12,Arjun Atwal,72.00,72,1
12,Cameron Beckman,72.00,72,1
12,Jason Bohn,72.00,72,1
12,Tim Clark,72.00,72,1
12,Derek Lamely,72.00,72,1
17,Matt Bettencourt,73.00,73,1
18,Rocco Mediate,79.00,79,1
