rank,player,Low Rnd
1,Ernie Els,64
2,Jonathan Byrd,66
2,Jason Day,66
2,Dustin Johnson,66
2,Carl Pettersson,66
6,Ben Crane,67
6,Charley Hoffman,67
6,Hunter Mahan,67
6,Justin Rose,67
6,Adam Scott,67
11,Arjun Atwal,68
11,Tim Clark,68
11,Bill Haas,68
11,Anthony Kim,68
11,Graeme McDowell,68
11,Ryan Palmer,68
17,Stuart Appleby,69
17,Matt Bettencourt,69
17,Robert Garrigus,69
17,Zach Johnson,69
21,Cameron Beckman,70
21,Jason Bohn,70
21,Derek Lamely,70
21,Bill Lunde,70
21,Rocco Mediate,70
21,Francesco Molinari,70
21,Ian Poulter,70
21,Heath Slocum,70
21,Bubba Watson,70
