rank,player,Total,Distance Rank,Accuracy Rank
1,Michael Thompson,8,7,1
2,Boo Weekley,14,12,2
3,Russell Henley,16,13,3
4,Matt Kuchar,17,14,3
5,Derek Ernst,19,16,3
6,Bill Haas,21,9,12
7,Billy Horschel,22,19,3
8,Jason Dufner,23,20,3
8,Harris English,23,2,21
10,Gary Woodland,24,5,19
11,Zach Johnson,26,23,3
12,Adam Scott,27,3,24
12,Kevin Streelman,27,24,3
14,John Merrick,28,17,11
15,Scott Brown,29,26,3
15,Martin Laird,29,4,25
17,Sangmoon Bae,30,11,19
18,Dustin Johnson,31,1,30
19,Jordan Spieth,33,8,25
20,Patrick Reed,35,10,25
20,Jimmy Walker,35,6,29
22,D.A. Points,36,21,15
23,Brandt Snedeker,37,25,12
24,Webb Simpson,39,18,21
25,Ryan Moore,41,26,15
26,Ken Duke,42,30,12
27,Woody Austin,43,28,15
27,Jonas Blixt,43,15,28
27,Chris Kirk,43,22,21
30,Brian Gay,44,29,15
