rank,player,Avg,Total SG:OTT,Measured Rounds
1,Adam Scott,.870,3.481,4
2,Martin Laird,.773,3.093,4
3,Gary Woodland,.735,2.939,4
4,Boo Weekley,.707,2.827,4
5,Jordan Spieth,.676,2.702,4
6,Harris English,.650,2.601,4
7,Patrick Reed,.621,2.485,4
8,Webb Simpson,.594,2.374,4
9,Dustin Johnson,.481,1.923,4
10,Billy Horschel,.372,1.486,4
11,Matt Kuchar,.351,1.403,4
12,Michael Thompson,.297,1.186,4
13,Sangmoon Bae,.237,.946,4
14,Russell Henley,.092,.369,4
15,Kevin Streelman,.067,.269,4
16,Bill Haas,-.053,-.213,4
17,Jason Dufner,-.058,-.231,4
18,John Merrick,-.129,-.516,4
19,Scott Brown,-.153,-.613,4
20,Brandt Snedeker,-.228,-.910,4
21,Zach Johnson,-.336,-1.345,4
22,Chris Kirk,-.404,-1.614,4
23,Ryan Moore,-.497,-1.988,4
24,D.A. Points,-.573,-2.293,4
25,Brian Gay,-.624,-2.497,4
26,Derek Ernst,-.641,-2.565,4
27,Jonas Blixt,-.676,-2.703,4
28,Woody Austin,-.879,-3.515,4
29,Ken Duke,-1.015,-4.061,4
30,Jimmy Walker,-1.255,-5.018,4
