rank,player,Avg,Total Distance,Total Drives
1,Tiger Woods,298.5,"2,388",8
2,John Daly,293.8,"2,350",8
3,Sergio Garcia,293.0,"2,344",8
4,Vijay Singh,291.0,"2,328",8
5,Stuart Appleby,287.1,"2,297",8
6,Ernie Els,286.8,"2,294",8
7,Stephen Ames,286.4,"2,291",8
8,Retief Goosen,286.1,"2,289",8
9,Ryan Palmer,283.4,"2,267",8
10,Rod Pampling,278.9,"2,231",8
11,Brent Geiberger,278.6,"2,229",8
12,Jonathan Byrd,278.4,"2,227",8
13,Andre Stolz,277.8,"2,222",8
14,Todd Hamilton,277.5,"2,220",8
15,Vaughn Taylor,277.4,"2,219",8
16,David Toms,275.6,"2,205",8
17,Carlos Franco,274.5,"2,196",8
18,Adam Scott,274.3,"2,194",8
19,Stewart Cink,273.3,"2,186",8
20,Jonathan Kaye,270.9,"2,167",8
21,Heath Slocum,270.6,"2,165",8
22,Mark Hensby,270.1,"2,161",8
23,Zach Johnson,269.0,"2,152",8
24,Steve Flesch,268.8,"2,150",8
25,Mike Weir,266.6,"2,133",8
26,Bart Bryant,265.9,"2,127",8
27,Woody Austin,263.9,"2,111",8
28,Joey Sindelar,263.8,"2,110",8
29,Chad Campbell,263.4,"2,107",8
30,Fred Funk,263.3,"2,106",8
31,Craig Parry,260.9,"2,087",8
