rank,player,%,Total Drives for 280-300,Total Drives - Overall,Relative to Par
1,Woody Austin,25.00,15,60,-0.467
2,Andre Stolz,23.33,14,60,E
3,Jonathan Byrd,21.67,13,60,-0.615
3,Ryan Palmer,21.67,13,60,-0.154
5,Stephen Ames,20.00,12,60,-0.167
5,Adam Scott,20.00,12,60,-0.417
5,David Toms,20.00,12,60,-0.333
5,Tiger Woods,20.00,12,60,-0.417
9,Sergio Garcia,18.33,11,60,-0.545
9,Retief Goosen,18.33,11,60,-0.455
9,Craig Parry,18.33,11,60,-0.273
9,Vijay Singh,18.33,11,60,-0.091
9,Heath Slocum,18.33,11,60,-0.273
14,Stewart Cink,16.67,10,60,-0.300
14,Fred Funk,16.67,10,60,-0.200
14,Mark Hensby,16.67,10,60,-0.500
17,John Daly,15.00,9,60,-0.667
17,Steve Flesch,15.00,9,60,-0.444
17,Todd Hamilton,15.00,9,60,-0.111
17,Joey Sindelar,15.00,9,60,-0.222
21,Stuart Appleby,13.33,8,60,-0.375
21,Ernie Els,13.33,8,60,-0.375
21,Brent Geiberger,13.33,8,60,-0.250
21,Zach Johnson,13.33,8,60,-0.250
21,Vaughn Taylor,13.33,8,60,-0.500
26,Chad Campbell,11.67,7,60,+0.143
26,Jonathan Kaye,11.67,7,60,-0.429
26,Mike Weir,11.67,7,60,-0.429
29,Bart Bryant,10.00,6,60,-0.667
29,Carlos Franco,10.00,6,60,-0.167
31,Rod Pampling,8.33,5,60,E
