rank,player,%,Total Drives for 300-320,Total Drives - Overall,Relative to Par
1,John Daly,18.33,11,60,-0.182
1,Tiger Woods,18.33,11,60,-0.273
3,Rod Pampling,16.67,10,60,-0.500
4,Stuart Appleby,13.33,8,60,-0.500
4,Sergio Garcia,13.33,8,60,-0.375
6,Todd Hamilton,11.67,7,60,+0.286
6,Jonathan Kaye,11.67,7,60,-0.143
6,Ryan Palmer,11.67,7,60,-0.143
6,Joey Sindelar,11.67,7,60,E
6,Vijay Singh,11.67,7,60,-0.714
6,Vaughn Taylor,11.67,7,60,-0.429
6,Mike Weir,11.67,7,60,-0.143
13,Jonathan Byrd,10.00,6,60,-0.500
13,Stewart Cink,10.00,6,60,-0.167
13,Carlos Franco,10.00,6,60,-0.667
13,Andre Stolz,10.00,6,60,E
17,Stephen Ames,8.33,5,60,-0.200
17,Woody Austin,8.33,5,60,E
17,Bart Bryant,8.33,5,60,+0.600
17,Ernie Els,8.33,5,60,-0.200
17,Fred Funk,8.33,5,60,+0.400
17,Brent Geiberger,8.33,5,60,E
17,Heath Slocum,8.33,5,60,-0.200
17,David Toms,8.33,5,60,-0.200
25,Chad Campbell,6.67,4,60,-0.250
26,Steve Flesch,5.00,3,60,E
26,Retief Goosen,5.00,3,60,-0.333
26,Zach Johnson,5.00,3,60,+0.333
29,Mark Hensby,3.33,2,60,E
29,Craig Parry,3.33,2,60,E
31,Adam Scott,1.67,1,60,E
