rank,player,%,Total Drives for 280-300,Total Drvs - overall,Relative to par
1,Sergio Garcia,50.00,4,8,-0.75
1,Retief Goosen,50.00,4,8,-0.75
1,Mark Hensby,50.00,4,8,-0.75
4,Bart Bryant,37.50,3,8,-1.00
4,Chad Campbell,37.50,3,8,+0.33
4,John Daly,37.50,3,8,-0.33
4,Steve Flesch,37.50,3,8,-1.00
4,Carlos Franco,37.50,3,8,-0.67
4,Joey Sindelar,37.50,3,8,-0.67
4,Heath Slocum,37.50,3,8,-0.33
4,David Toms,37.50,3,8,-0.67
12,Stuart Appleby,25.00,2,8,-0.50
12,Woody Austin,25.00,2,8,-0.50
12,Jonathan Byrd,25.00,2,8,-0.50
12,Ernie Els,25.00,2,8,E
12,Fred Funk,25.00,2,8,-1.00
12,Todd Hamilton,25.00,2,8,+0.50
12,Zach Johnson,25.00,2,8,-1.00
12,Ryan Palmer,25.00,2,8,E
12,Rod Pampling,25.00,2,8,E
12,Adam Scott,25.00,2,8,E
12,Mike Weir,25.00,2,8,-0.50
12,Tiger Woods,25.00,2,8,-0.50
24,Stephen Ames,12.50,1,8,E
24,Stewart Cink,12.50,1,8,+1.00
24,Brent Geiberger,12.50,1,8,-1.00
24,Jonathan Kaye,12.50,1,8,-1.00
24,Craig Parry,12.50,1,8,E
24,Andre Stolz,12.50,1,8,+2.00
30,Vijay Singh,.00,0,8,E
30,Vaughn Taylor,.00,0,8,E
