rank,player,%,Total Drives for 260-280,Total Drives - Overall,Relative to Par
1,Rod Pampling,28.33,17,60,-0.235
2,Zach Johnson,26.67,16,60,-0.250
2,David Toms,26.67,16,60,-0.438
4,Stewart Cink,21.67,13,60,-0.538
4,Heath Slocum,21.67,13,60,E
6,Bart Bryant,20.00,12,60,-0.417
6,Vaughn Taylor,20.00,12,60,-0.333
8,Steve Flesch,18.33,11,60,+0.182
8,Brent Geiberger,18.33,11,60,-0.182
8,Retief Goosen,18.33,11,60,-0.273
8,Todd Hamilton,18.33,11,60,-0.455
8,Mark Hensby,18.33,11,60,-0.364
8,Andre Stolz,18.33,11,60,-0.545
14,Stephen Ames,16.67,10,60,E
14,Chad Campbell,16.67,10,60,-0.100
14,Carlos Franco,16.67,10,60,+0.300
14,Fred Funk,16.67,10,60,E
14,Mike Weir,16.67,10,60,-0.300
19,Stuart Appleby,15.00,9,60,-0.778
19,John Daly,15.00,9,60,-0.111
19,Sergio Garcia,15.00,9,60,-0.111
19,Ryan Palmer,15.00,9,60,-0.444
19,Craig Parry,15.00,9,60,-0.111
19,Vijay Singh,15.00,9,60,-0.111
25,Ernie Els,13.33,8,60,-0.500
25,Tiger Woods,13.33,8,60,-0.375
27,Woody Austin,11.67,7,60,-0.143
27,Adam Scott,11.67,7,60,-0.571
27,Joey Sindelar,11.67,7,60,-0.143
30,Jonathan Byrd,10.00,6,60,-0.667
30,Jonathan Kaye,10.00,6,60,+0.167
