rank,player,%,Total Drives for 240-260,Total Drvs - overall,Relative to par
1,Steve Flesch,50.00,4,8,+0.25
2,Woody Austin,37.50,3,8,-0.33
2,Jonathan Byrd,37.50,3,8,+0.33
2,Stewart Cink,37.50,3,8,E
2,Jonathan Kaye,37.50,3,8,-0.33
2,Craig Parry,37.50,3,8,E
2,Heath Slocum,37.50,3,8,E
8,Stephen Ames,25.00,2,8,+1.00
8,Bart Bryant,25.00,2,8,-1.00
8,Fred Funk,25.00,2,8,-0.50
8,Mark Hensby,25.00,2,8,E
8,Ryan Palmer,25.00,2,8,E
8,Rod Pampling,25.00,2,8,+0.50
14,Chad Campbell,12.50,1,8,+1.00
14,John Daly,12.50,1,8,E
14,Ernie Els,12.50,1,8,-1.00
14,Carlos Franco,12.50,1,8,+1.00
14,Sergio Garcia,12.50,1,8,E
14,Brent Geiberger,12.50,1,8,E
14,Todd Hamilton,12.50,1,8,E
14,Zach Johnson,12.50,1,8,-1.00
14,Adam Scott,12.50,1,8,E
14,Andre Stolz,12.50,1,8,E
14,David Toms,12.50,1,8,E
14,Mike Weir,12.50,1,8,E
26,Stuart Appleby,.00,0,8,E
26,Retief Goosen,.00,0,8,E
26,Joey Sindelar,.00,0,8,E
26,Vijay Singh,.00,0,8,E
26,Vaughn Taylor,.00,0,8,E
26,Tiger Woods,.00,0,8,E
