rank,player,%,Total Drives for 320+,Total Drives - Overall,Relative to Par
1,Ernie Els,35.00,21,60,-0.095
1,Retief Goosen,35.00,21,60,-0.143
1,Tiger Woods,35.00,21,60,-0.286
4,Sergio Garcia,33.33,20,60,-0.200
4,Adam Scott,33.33,20,60,-0.350
4,Vijay Singh,33.33,20,60,-0.350
7,Stuart Appleby,31.67,19,60,-0.316
7,Jonathan Byrd,31.67,19,60,-0.105
9,John Daly,30.00,18,60,-0.111
9,Brent Geiberger,30.00,18,60,E
9,Mark Hensby,30.00,18,60,+0.111
9,Zach Johnson,30.00,18,60,E
9,Ryan Palmer,30.00,18,60,E
9,Vaughn Taylor,30.00,18,60,-0.167
15,Carlos Franco,28.33,17,60,E
15,Jonathan Kaye,28.33,17,60,-0.294
15,Andre Stolz,28.33,17,60,-0.118
18,Stephen Ames,26.67,16,60,-0.250
18,Bart Bryant,26.67,16,60,-0.125
18,Craig Parry,26.67,16,60,-0.125
18,Mike Weir,26.67,16,60,-0.250
22,Woody Austin,25.00,15,60,-0.267
22,Chad Campbell,25.00,15,60,-0.200
22,Rod Pampling,25.00,15,60,-0.267
25,Stewart Cink,23.33,14,60,-0.143
25,Steve Flesch,23.33,14,60,-0.214
25,Todd Hamilton,23.33,14,60,-0.071
25,David Toms,23.33,14,60,-0.071
29,Joey Sindelar,20.00,12,60,E
30,Heath Slocum,18.33,11,60,E
31,Fred Funk,15.00,9,60,E
