rank,player,Distance,Tournament,Round,Hole,Course
1,Tiger Woods,408,Mercedes Champ,2,12,656
2,Ernie Els,401,Mercedes Champ,3,12,656
3,Vijay Singh,397,Mercedes Champ,2,12,656
4,Stuart Appleby,396,Mercedes Champ,3,12,656
6,Ryan Palmer,395,Mercedes Champ,2,12,656
8,Carlos Franco,394,Mercedes Champ,3,18,656
8,Retief Goosen,394,Mercedes Champ,3,12,656
8,Mark Hensby,394,Mercedes Champ,3,12,656
11,David Toms,393,Mercedes Champ,3,12,656
12,Stewart Cink,392,Mercedes Champ,2,12,656
12,Rod Pampling,392,Mercedes Champ,2,12,656
14,Sergio Garcia,391,Mercedes Champ,3,12,656
18,Joey Sindelar,386,Mercedes Champ,2,12,656
20,Jonathan Byrd,384,Mercedes Champ,3,18,656
23,John Daly,382,Mercedes Champ,3,18,656
29,Todd Hamilton,379,Mercedes Champ,2,12,656
29,Andre Stolz,379,Mercedes Champ,1,12,656
29,Vaughn Taylor,379,Mercedes Champ,3,18,656
37,Brent Geiberger,378,Mercedes Champ,3,12,656
41,Stephen Ames,377,Mercedes Champ,2,18,656
41,Chad Campbell,377,Mercedes Champ,4,18,656
41,Jonathan Kaye,377,Mercedes Champ,2,12,656
41,Mike Weir,377,Mercedes Champ,2,12,656
50,Adam Scott,376,Mercedes Champ,3,18,656
56,Woody Austin,374,Mercedes Champ,2,12,656
56,Zach Johnson,374,Mercedes Champ,3,12,656
83,Steve Flesch,369,Mercedes Champ,4,18,656
87,Craig Parry,368,Mercedes Champ,3,12,656
94,Bart Bryant,367,Mercedes Champ,3,12,656
138,Heath Slocum,361,Mercedes Champ,2,18,656
160,Fred Funk,359,Mercedes Champ,3,12,656
