rank,player,%,Total Drives for 240-260,Total Drives - Overall,Relative to Par
1,Steve Flesch,30.00,18,60,E
2,Fred Funk,28.33,17,60,-0.118
3,Mark Hensby,25.00,15,60,-0.267
3,Jonathan Kaye,25.00,15,60,-0.400
5,Heath Slocum,23.33,14,60,-0.286
6,Stephen Ames,18.33,11,60,+0.091
6,John Daly,18.33,11,60,-0.273
6,Todd Hamilton,18.33,11,60,-0.091
6,David Toms,18.33,11,60,-0.182
10,Jonathan Byrd,16.67,10,60,+0.200
10,Zach Johnson,16.67,10,60,-0.100
10,Ryan Palmer,16.67,10,60,-0.200
13,Woody Austin,15.00,9,60,-0.111
13,Bart Bryant,15.00,9,60,-0.111
13,Carlos Franco,15.00,9,60,+0.111
13,Brent Geiberger,15.00,9,60,+0.111
13,Joey Sindelar,15.00,9,60,E
18,Retief Goosen,13.33,8,60,-0.250
18,Craig Parry,13.33,8,60,-0.250
18,Adam Scott,13.33,8,60,+0.125
18,Andre Stolz,13.33,8,60,-0.250
22,Ernie Els,11.67,7,60,-0.571
22,Rod Pampling,11.67,7,60,+0.143
22,Vaughn Taylor,11.67,7,60,-0.286
22,Tiger Woods,11.67,7,60,E
26,Stuart Appleby,10.00,6,60,-0.167
26,Chad Campbell,10.00,6,60,-0.333
26,Stewart Cink,10.00,6,60,+0.167
26,Sergio Garcia,10.00,6,60,E
30,Mike Weir,8.33,5,60,+0.200
31,Vijay Singh,5.00,3,60,-0.667
