rank,player,%,Total Drives for 300-320,Total Drvs - overall,Relative to par
1,Tiger Woods,50.00,4,8,+4.00
2,Sergio Garcia,37.50,3,8,+3.67
2,Vijay Singh,37.50,3,8,+2.67
4,Stephen Ames,25.00,2,8,+3.00
4,Stewart Cink,25.00,2,8,+4.00
4,John Daly,25.00,2,8,+3.00
4,Jonathan Kaye,25.00,2,8,+4.50
4,Ryan Palmer,25.00,2,8,+2.50
4,Rod Pampling,25.00,2,8,+3.50
4,Vaughn Taylor,25.00,2,8,+1.50
11,Chad Campbell,12.50,1,8,+2.00
11,Ernie Els,12.50,1,8,+3.00
11,Brent Geiberger,12.50,1,8,+3.00
11,Retief Goosen,12.50,1,8,+2.00
11,Todd Hamilton,12.50,1,8,+3.00
11,Zach Johnson,12.50,1,8,+4.00
11,Craig Parry,12.50,1,8,+3.00
11,Andre Stolz,12.50,1,8,+3.00
11,Mike Weir,12.50,1,8,+4.00
20,Stuart Appleby,.00,0,8,E
20,Woody Austin,.00,0,8,E
20,Bart Bryant,.00,0,8,E
20,Jonathan Byrd,.00,0,8,E
20,Steve Flesch,.00,0,8,E
20,Carlos Franco,.00,0,8,E
20,Fred Funk,.00,0,8,E
20,Mark Hensby,.00,0,8,E
20,Adam Scott,.00,0,8,E
20,Joey Sindelar,.00,0,8,E
20,Heath Slocum,.00,0,8,E
20,David Toms,.00,0,8,E
