rank,player,All Drives,Total Distance,# of Drives
1,Tiger Woods,310.0,"18,602",60
2,Sergio Garcia,300.8,"18,050",60
3,John Daly,300.0,"18,000",60
4,Ryan Palmer,298.6,"17,919",60
5,Retief Goosen,298.3,"17,896",60
6,Jonathan Byrd,296.8,"17,809",60
6,Ernie Els,296.8,"17,810",60
8,Vijay Singh,296.0,"17,762",60
9,Andre Stolz,295.3,"17,717",60
10,Stuart Appleby,294.1,"17,644",60
11,Rod Pampling,292.4,"17,544",60
12,Vaughn Taylor,292.3,"17,539",60
13,Zach Johnson,291.9,"17,516",60
14,Stephen Ames,291.1,"17,463",60
15,Adam Scott,291.0,"17,463",60
16,Mark Hensby,290.5,"17,429",60
17,David Toms,289.6,"17,377",60
18,Brent Geiberger,288.4,"17,305",60
19,Woody Austin,287.9,"17,274",60
20,Carlos Franco,287.2,"17,234",60
21,Stewart Cink,287.0,"17,221",60
22,Jonathan Kaye,285.9,"17,151",60
22,Mike Weir,285.9,"17,154",60
24,Todd Hamilton,285.0,"17,102",60
25,Bart Bryant,282.2,"16,932",60
26,Steve Flesch,281.9,"16,914",60
27,Heath Slocum,280.9,"16,854",60
28,Craig Parry,280.2,"16,810",60
29,Chad Campbell,279.4,"16,765",60
30,Joey Sindelar,277.6,"16,655",60
31,Fred Funk,274.0,"16,440",60
