rank,player,%,Total Drives for 300+,Total Drives - Overall,Relative to Par
1,Tiger Woods,53.33,32,60,-0.281
2,John Daly,48.33,29,60,-0.138
3,Sergio Garcia,46.67,28,60,-0.250
4,Stuart Appleby,45.00,27,60,-0.370
4,Vijay Singh,45.00,27,60,-0.444
6,Ernie Els,43.33,26,60,-0.115
7,Jonathan Byrd,41.67,25,60,-0.200
7,Ryan Palmer,41.67,25,60,-0.040
7,Rod Pampling,41.67,25,60,-0.360
7,Vaughn Taylor,41.67,25,60,-0.240
11,Retief Goosen,40.00,24,60,-0.167
11,Jonathan Kaye,40.00,24,60,-0.250
13,Carlos Franco,38.33,23,60,-0.174
13,Brent Geiberger,38.33,23,60,E
13,Andre Stolz,38.33,23,60,-0.087
13,Mike Weir,38.33,23,60,-0.217
17,Stephen Ames,35.00,21,60,-0.238
17,Bart Bryant,35.00,21,60,+0.048
17,Todd Hamilton,35.00,21,60,+0.048
17,Zach Johnson,35.00,21,60,+0.048
17,Adam Scott,35.00,21,60,-0.333
22,Woody Austin,33.33,20,60,-0.200
22,Stewart Cink,33.33,20,60,-0.150
22,Mark Hensby,33.33,20,60,+0.100
25,Chad Campbell,31.67,19,60,-0.211
25,Joey Sindelar,31.67,19,60,E
25,David Toms,31.67,19,60,-0.105
28,Craig Parry,30.00,18,60,-0.111
29,Steve Flesch,28.33,17,60,-0.176
30,Heath Slocum,26.67,16,60,-0.063
31,Fred Funk,23.33,14,60,+0.143
