rank,player,%,Total Drives for 300+,Total Drvs - overall,Relative to par
1,Tiger Woods,62.50,5,8,-0.20
2,Vijay Singh,50.00,4,8,-1.00
3,Stephen Ames,37.50,3,8,E
3,John Daly,37.50,3,8,-1.00
3,Ernie Els,37.50,3,8,E
3,Sergio Garcia,37.50,3,8,-0.67
3,Ryan Palmer,37.50,3,8,E
3,Vaughn Taylor,37.50,3,8,-1.00
9,Stuart Appleby,25.00,2,8,-0.50
9,Jonathan Byrd,25.00,2,8,-0.50
9,Stewart Cink,25.00,2,8,-0.50
9,Brent Geiberger,25.00,2,8,-1.00
9,Retief Goosen,25.00,2,8,-1.00
9,Jonathan Kaye,25.00,2,8,E
9,Rod Pampling,25.00,2,8,-1.00
9,Adam Scott,25.00,2,8,-0.50
9,Andre Stolz,25.00,2,8,-0.50
18,Chad Campbell,12.50,1,8,-1.00
18,Todd Hamilton,12.50,1,8,E
18,Zach Johnson,12.50,1,8,+1.00
18,Craig Parry,12.50,1,8,E
18,Mike Weir,12.50,1,8,E
23,Woody Austin,.00,0,8,E
23,Bart Bryant,.00,0,8,E
23,Steve Flesch,.00,0,8,E
23,Carlos Franco,.00,0,8,E
23,Fred Funk,.00,0,8,E
23,Mark Hensby,.00,0,8,E
23,Joey Sindelar,.00,0,8,E
23,Heath Slocum,.00,0,8,E
23,David Toms,.00,0,8,E
