rank,player,%,Total Drives for 260-280,Total Drvs - overall,Relative to par
1,Stuart Appleby,50.00,4,8,-0.75
1,Todd Hamilton,50.00,4,8,-0.75
1,Vijay Singh,50.00,4,8,E
1,Vaughn Taylor,50.00,4,8,-0.50
1,David Toms,50.00,4,8,-0.25
6,Carlos Franco,37.50,3,8,E
6,Brent Geiberger,37.50,3,8,-0.33
6,Zach Johnson,37.50,3,8,-1.00
6,Andre Stolz,37.50,3,8,-0.67
10,Stephen Ames,25.00,2,8,E
10,Woody Austin,25.00,2,8,E
10,Stewart Cink,25.00,2,8,-0.50
10,Fred Funk,25.00,2,8,E
10,Rod Pampling,25.00,2,8,E
10,Craig Parry,25.00,2,8,-0.50
10,Joey Sindelar,25.00,2,8,E
10,Heath Slocum,25.00,2,8,E
10,Mike Weir,25.00,2,8,-0.50
19,Bart Bryant,12.50,1,8,-1.00
19,John Daly,12.50,1,8,E
19,Ernie Els,12.50,1,8,-1.00
19,Steve Flesch,12.50,1,8,E
19,Retief Goosen,12.50,1,8,E
19,Mark Hensby,12.50,1,8,E
19,Jonathan Kaye,12.50,1,8,E
19,Tiger Woods,12.50,1,8,E
27,Jonathan Byrd,.00,0,8,E
27,Chad Campbell,.00,0,8,E
27,Sergio Garcia,.00,0,8,E
27,Ryan Palmer,.00,0,8,E
27,Adam Scott,.00,0,8,E
