rank,player,%,Total Drives for <= 240,Total Drvs - overall,Relative to par
1,Chad Campbell,37.50,3,8,E
1,Adam Scott,37.50,3,8,E
1,Joey Sindelar,37.50,3,8,-0.33
4,Bart Bryant,25.00,2,8,-0.50
4,Fred Funk,25.00,2,8,-0.50
4,Mike Weir,25.00,2,8,+0.50
7,Woody Austin,12.50,1,8,-1.00
7,Jonathan Byrd,12.50,1,8,E
7,Ernie Els,12.50,1,8,-1.00
7,Carlos Franco,12.50,1,8,E
7,Brent Geiberger,12.50,1,8,E
7,Retief Goosen,12.50,1,8,E
7,Mark Hensby,12.50,1,8,E
7,Zach Johnson,12.50,1,8,+2.00
7,Jonathan Kaye,12.50,1,8,-1.00
7,Ryan Palmer,12.50,1,8,E
7,Craig Parry,12.50,1,8,-1.00
7,Andre Stolz,12.50,1,8,E
7,Vaughn Taylor,12.50,1,8,E
20,Stephen Ames,.00,0,8,E
20,Stuart Appleby,.00,0,8,E
20,Stewart Cink,.00,0,8,E
20,John Daly,.00,0,8,E
20,Steve Flesch,.00,0,8,E
20,Sergio Garcia,.00,0,8,E
20,Todd Hamilton,.00,0,8,E
20,Rod Pampling,.00,0,8,E
20,Vijay Singh,.00,0,8,E
20,Heath Slocum,.00,0,8,E
20,David Toms,.00,0,8,E
20,Tiger Woods,.00,0,8,E
