rank,player,%,Greens Hit,Total Holes,Relative to par
1,Keegan Bradley,100.00%,4,4,-0.25
1,Cam Davis,100.00%,7,7,E
1,Lucas Glover,100.00%,7,7,-0.43
1,Adam Hadwin,100.00%,6,6,-0.50
1,Nick Hardy,100.00%,9,9,-0.11
1,Max Homa,100.00%,7,7,-0.29
1,Mackenzie Hughes,100.00%,6,6,-0.50
1,Chris Kirk,100.00%,4,4,-0.25
1,Hideki Matsuyama,100.00%,13,13,-0.31
1,Denny McCarthy,100.00%,6,6,-0.33
1,Taylor Moore,100.00%,13,13,-0.15
1,Andrew Putnam,100.00%,4,4,-0.50
1,Justin Rose,100.00%,2,2,-0.50
1,Scottie Scheffler,100.00%,9,9,-0.11
1,Adam Schenk,100.00%,10,10,-0.20
1,Jordan Spieth,100.00%,9,9,-0.22
1,Sepp Straka,100.00%,6,6,-0.50
1,Nick Taylor,100.00%,4,4,E
1,Camilo Villegas,100.00%,7,7,-0.29
1,Matt Wallace,100.00%,4,4,-0.25
21,Seamus Power,90.91%,10,11,-0.10
22,Rickie Fowler,90.00%,9,10,-0.44
23,Wyndham Clark,88.89%,8,9,-0.13
23,Harris English,88.89%,8,9,-0.25
25,Eric Cole,87.50%,7,8,-0.43
25,Xander Schauffele,87.50%,7,8,-0.14
27,Corey Conners,85.71%,6,7,-0.33
28,Sungjae Im,83.33%,5,6,-0.60
28,Davis Riley,83.33%,10,12,-0.30
28,Patrick Rodgers,83.33%,5,6,-0.20
28,Brendon Todd,83.33%,5,6,-0.20
32,Nico Echavarria,80.00%,4,5,-0.50
32,Emiliano Grillo,80.00%,4,5,-0.50
32,Brian Harman,80.00%,4,5,-0.50
32,Collin Morikawa,80.00%,8,10,-0.38
36,Akshay Bhatia,77.78%,7,9,-0.14
36,Jason Day,77.78%,7,9,-0.43
36,Tony Finau,77.78%,7,9,-0.43
36,Matt Fitzpatrick,77.78%,7,9,-0.14
36,Tom Hoge,77.78%,7,9,-0.71
36,Erik van Rooyen,77.78%,7,9,-0.14
42,Byeong Hun An,75.00%,6,8,-0.50
42,Lee Hodges,75.00%,6,8,-0.33
42,Viktor Hovland,75.00%,6,8,-0.33
42,Si Woo Kim,75.00%,6,8,-0.33
42,Adam Svensson,75.00%,9,12,-0.56
47,Tommy Fleetwood,71.43%,5,7,-0.40
47,Tyrrell Hatton,71.43%,5,7,-0.20
47,Tom Kim,71.43%,5,7,-0.20
47,Kurt Kitayama,71.43%,5,7,E
47,Luke List,71.43%,5,7,-0.20
52,Patrick Cantlay,70.00%,7,10,-0.29
53,Sam Burns,66.67%,6,9,E
53,Vincent Norrman,66.67%,8,12,E
53,J.T. Poston,66.67%,4,6,-0.50
53,Sahith Theegala,66.67%,4,6,-1.00
53,Cameron Young,66.67%,4,6,-0.50
58,Ludvig Åberg,60.00%,3,5,-0.33
59,Russell Henley,57.14%,4,7,E
