rank,player,%,Greens Hit,# Holes,Relative/Par
1,Wyndham Clark,100.0%,3,3,E
1,Corey Conners,100.0%,3,3,-2.00
1,Cam Davis,100.0%,1,1,E
1,Jason Day,100.0%,3,3,-1.00
1,Tony Finau,100.0%,1,1,E
1,Lucas Glover,100.0%,1,1,E
1,Nick Hardy,100.0%,2,2,E
1,Russell Henley,100.0%,2,2,E
1,Max Homa,100.0%,1,1,E
1,J.T. Poston,100.0%,2,2,-2.00
1,Seamus Power,100.0%,2,2,E
1,Andrew Putnam,100.0%,1,1,-1.00
1,Justin Rose,100.0%,1,1,E
1,Adam Schenk,100.0%,1,1,E
1,Nick Taylor,100.0%,3,3,-1.00
1,Matt Wallace,100.0%,1,1,E
17,Adam Hadwin,75.0%,3,4,-2.00
17,Patrick Rodgers,75.0%,3,4,-2.00
19,Mackenzie Hughes,71.4%,5,7,-1.00
20,Lee Hodges,66.7%,2,3,E
20,Viktor Hovland,66.7%,2,3,-1.00
20,Taylor Moore,66.7%,2,3,-1.00
20,Collin Morikawa,66.7%,2,3,E
20,Xander Schauffele,66.7%,2,3,-1.00
20,Sahith Theegala,66.7%,2,3,-2.00
20,Brendon Todd,66.7%,2,3,E
20,Erik van Rooyen,66.7%,2,3,-2.00
28,Byeong Hun An,50.0%,2,4,E
28,Patrick Cantlay,50.0%,1,2,E
28,Eric Cole,50.0%,2,4,-2.00
28,Harris English,50.0%,1,2,E
28,Matt Fitzpatrick,50.0%,1,2,E
28,Sungjae Im,50.0%,2,4,-1.00
28,Tom Kim,50.0%,1,2,E
28,Chris Kirk,50.0%,1,2,-1.00
28,Jordan Spieth,50.0%,1,2,E
37,Ludvig Åberg,33.3%,1,3,-1.00
37,Keegan Bradley,33.3%,2,6,E
37,Rickie Fowler,33.3%,1,3,-1.00
37,Kurt Kitayama,33.3%,1,3,E
37,Luke List,33.3%,1,3,-1.00
37,Davis Riley,33.3%,1,3,E
43,Si Woo Kim,25.0%,1,4,E
43,Camilo Villegas,25.0%,1,4,E
43,Cameron Young,25.0%,1,4,-1.00
46,Sam Burns,20.0%,1,5,E
46,Denny McCarthy,20.0%,1,5,E
48,Akshay Bhatia,.0%,0,1,E
48,Nico Echavarria,.0%,0,1,E
48,Tommy Fleetwood,.0%,0,2,E
48,Tyrrell Hatton,.0%,0,2,E
48,Tom Hoge,.0%,0,1,E
48,Hideki Matsuyama,.0%,0,1,E
48,Vincent Norrman,.0%,0,1,E
48,Adam Svensson,.0%,0,1,E
