rank,player,%,Greens Hit,Total Holes,Relative to par
1,Sam Burns,100.00%,7,7,-0.43
1,Cam Davis,100.00%,6,6,-0.17
1,Scottie Scheffler,100.00%,6,6,+0.17
4,Nick Hardy,88.89%,8,9,-0.13
4,Sepp Straka,88.89%,8,9,-0.13
6,Corey Conners,87.50%,7,8,-0.29
6,Lucas Glover,87.50%,7,8,E
8,Mackenzie Hughes,85.71%,6,7,-0.33
8,Sungjae Im,85.71%,6,7,-0.50
8,Seamus Power,85.71%,6,7,-0.17
11,Matt Fitzpatrick,83.33%,5,6,-0.20
11,Cameron Young,83.33%,5,6,-0.20
13,Eric Cole,80.00%,8,10,-0.38
13,Tom Hoge,80.00%,8,10,+0.13
13,J.T. Poston,80.00%,4,5,+0.25
16,Harris English,77.78%,7,9,E
16,Adam Hadwin,77.78%,7,9,-0.14
16,Tom Kim,77.78%,7,9,-0.14
16,Kurt Kitayama,77.78%,7,9,-0.29
16,Andrew Putnam,77.78%,7,9,-0.14
16,Adam Svensson,77.78%,7,9,E
16,Nick Taylor,77.78%,7,9,+0.14
23,Tyrrell Hatton,75.00%,6,8,-0.33
23,Si Woo Kim,75.00%,6,8,E
23,Collin Morikawa,75.00%,6,8,-0.17
26,Keegan Bradley,71.43%,5,7,E
26,Viktor Hovland,71.43%,5,7,E
26,Patrick Rodgers,71.43%,5,7,-0.40
29,Lee Hodges,70.00%,7,10,-0.14
30,Patrick Cantlay,66.67%,4,6,E
30,Tony Finau,66.67%,6,9,E
30,Tommy Fleetwood,66.67%,6,9,-0.33
30,Rickie Fowler,66.67%,4,6,-0.50
30,Taylor Moore,66.67%,6,9,E
30,Xander Schauffele,66.67%,4,6,E
30,Adam Schenk,66.67%,4,6,-0.25
30,Brendon Todd,66.67%,6,9,-0.50
38,Chris Kirk,62.50%,5,8,-0.20
39,Byeong Hun An,60.00%,3,5,-0.33
39,Wyndham Clark,60.00%,3,5,-0.33
41,Max Homa,57.14%,4,7,-0.25
41,Luke List,57.14%,4,7,E
41,Denny McCarthy,57.14%,4,7,-0.50
41,Jordan Spieth,57.14%,4,7,-0.25
41,Erik van Rooyen,57.14%,4,7,-0.75
41,Matt Wallace,57.14%,4,7,-0.50
47,Jason Day,55.56%,5,9,E
47,Emiliano Grillo,55.56%,5,9,-0.20
47,Davis Riley,55.56%,5,9,E
47,Justin Rose,55.56%,5,9,-0.40
51,Hideki Matsuyama,54.55%,6,11,+0.33
52,Brian Harman,50.00%,3,6,-0.33
53,Sahith Theegala,42.86%,3,7,-0.33
54,Nico Echavarria,37.50%,3,8,-0.33
54,Russell Henley,37.50%,3,8,E
56,Vincent Norrman,33.33%,3,9,+0.33
56,Camilo Villegas,33.33%,4,12,E
58,Akshay Bhatia,28.57%,2,7,E
59,Ludvig Åberg,14.29%,1,7,E
