rank,player,%,Greens Hit,# of Holes
1,Patrick Cantlay,100.00%,33,33
2,Lee Hodges,97.22%,35,36
3,Xander Schauffele,96.97%,32,33
3,Cameron Young,96.97%,32,33
5,Scottie Scheffler,96.88%,31,32
6,Matt Wallace,96.67%,29,30
7,Keegan Bradley,96.55%,28,29
8,Max Homa,94.59%,35,37
8,Denny McCarthy,94.59%,35,37
8,Adam Schenk,94.59%,35,37
11,Sungjae Im,94.29%,33,35
12,Andrew Putnam,93.18%,41,44
13,Wyndham Clark,92.86%,26,28
14,Corey Conners,92.31%,36,39
15,Tom Kim,91.89%,34,37
15,Sepp Straka,91.89%,34,37
17,Jason Day,91.67%,33,36
18,Tony Finau,91.43%,32,35
19,Patrick Rodgers,91.30%,21,23
20,Davis Riley,90.91%,30,33
21,Lucas Glover,90.48%,38,42
21,Nick Hardy,90.48%,38,42
23,Viktor Hovland,90.32%,28,31
23,Luke List,90.32%,28,31
25,Jordan Spieth,90.00%,27,30
25,Adam Svensson,90.00%,36,40
27,Si Woo Kim,89.19%,33,37
27,J.T. Poston,89.19%,33,37
29,Chris Kirk,88.57%,31,35
30,Akshay Bhatia,88.24%,30,34
30,Tom Hoge,88.24%,30,34
30,Sahith Theegala,88.24%,30,34
33,Collin Morikawa,88.10%,37,42
34,Rickie Fowler,87.88%,29,33
35,Cam Davis,87.50%,28,32
36,Seamus Power,87.18%,34,39
37,Brian Harman,86.84%,33,38
38,Nick Taylor,86.11%,31,36
39,Ludvig Åberg,85.71%,30,35
40,Brendon Todd,85.00%,34,40
41,Russell Henley,84.62%,33,39
42,Taylor Moore,84.21%,32,38
43,Camilo Villegas,83.87%,26,31
44,Eric Cole,83.78%,31,37
44,Nico Echavarria,83.78%,31,37
46,Tommy Fleetwood,83.33%,30,36
46,Adam Hadwin,83.33%,30,36
48,Mackenzie Hughes,82.14%,23,28
49,Byeong Hun An,81.82%,27,33
49,Tyrrell Hatton,81.82%,27,33
49,Vincent Norrman,81.82%,27,33
52,Emiliano Grillo,80.95%,34,42
53,Kurt Kitayama,80.56%,29,36
54,Sam Burns,80.00%,24,30
55,Erik van Rooyen,79.41%,27,34
56,Matt Fitzpatrick,78.79%,26,33
57,Justin Rose,78.38%,29,37
58,Harris English,78.05%,32,41
59,Hideki Matsuyama,76.47%,26,34
