rank,player,%,Greens Hit,Total Holes,Relative to par
1,Patrick Cantlay,100.00%,6,6,-0.50
1,Wyndham Clark,100.00%,3,3,E
1,Corey Conners,100.00%,6,6,-0.33
1,Harris English,100.00%,6,6,-0.50
1,Rickie Fowler,100.00%,5,5,-0.40
1,Lucas Glover,100.00%,3,3,-0.67
1,Emiliano Grillo,100.00%,9,9,-0.11
1,Nick Hardy,100.00%,7,7,-0.29
1,Brian Harman,100.00%,4,4,-0.25
1,Tom Hoge,100.00%,4,4,E
1,Sungjae Im,100.00%,4,4,-0.50
1,Denny McCarthy,100.00%,8,8,-0.38
1,Collin Morikawa,100.00%,3,3,-1.00
1,Seamus Power,100.00%,2,2,-0.50
1,Andrew Putnam,100.00%,8,8,-0.50
1,Justin Rose,100.00%,7,7,-0.57
1,Xander Schauffele,100.00%,3,3,-0.67
1,Jordan Spieth,100.00%,5,5,-0.60
1,Adam Svensson,100.00%,5,5,-0.20
1,Nick Taylor,100.00%,5,5,-0.20
1,Sahith Theegala,100.00%,8,8,-0.38
1,Camilo Villegas,100.00%,4,4,-0.50
1,Cameron Young,100.00%,5,5,-0.20
24,Russell Henley,91.67%,11,12,-0.45
25,Viktor Hovland,90.00%,9,10,-0.22
25,Chris Kirk,90.00%,9,10,-0.56
27,Si Woo Kim,87.50%,7,8,-0.14
27,Patrick Rodgers,87.50%,7,8,-0.29
29,Jason Day,85.71%,6,7,-0.83
29,Tony Finau,85.71%,6,7,-0.67
29,Lee Hodges,85.71%,6,7,E
29,Max Homa,85.71%,6,7,+0.17
29,Sepp Straka,85.71%,6,7,-0.17
29,Brendon Todd,85.71%,6,7,-0.33
29,Matt Wallace,85.71%,6,7,-0.17
36,Ludvig Åberg,83.33%,5,6,-0.60
36,Tyrrell Hatton,83.33%,5,6,-0.80
36,Kurt Kitayama,83.33%,5,6,-0.40
36,J.T. Poston,83.33%,5,6,-0.20
40,Adam Hadwin,80.00%,4,5,-0.25
40,Tom Kim,80.00%,4,5,E
40,Vincent Norrman,80.00%,4,5,-0.25
40,Davis Riley,80.00%,4,5,-0.25
44,Akshay Bhatia,77.78%,7,9,-0.43
44,Luke List,77.78%,7,9,-0.57
46,Byeong Hun An,75.00%,6,8,-0.50
46,Tommy Fleetwood,75.00%,3,4,E
46,Adam Schenk,75.00%,3,4,E
49,Keegan Bradley,72.73%,8,11,-0.38
50,Eric Cole,71.43%,5,7,-0.40
50,Taylor Moore,71.43%,5,7,-0.60
50,Erik van Rooyen,71.43%,5,7,-0.40
53,Sam Burns,66.67%,4,6,-0.25
53,Nico Echavarria,66.67%,6,9,-0.33
53,Scottie Scheffler,66.67%,4,6,-0.50
56,Mackenzie Hughes,60.00%,3,5,-0.33
57,Hideki Matsuyama,57.14%,4,7,-0.25
58,Matt Fitzpatrick,55.56%,5,9,-0.40
59,Cam Davis,42.86%,3,7,-0.33
