rank,player,%,Greens Hit,Total Holes,Relative to par
1,Scottie Scheffler,91.89%,34,37,-0.15
2,Nick Hardy,89.74%,35,39,-0.06
3,Andrew Putnam,88.10%,37,42,-0.24
4,Adam Hadwin,85.37%,35,41,-0.20
5,Sepp Straka,85.00%,34,40,-0.32
6,Wyndham Clark,84.62%,33,39,-0.09
6,Adam Schenk,84.62%,33,39,-0.15
8,Cam Davis,84.21%,32,38,-0.19
9,Seamus Power,84.09%,37,44,-0.11
10,Keegan Bradley,83.78%,31,37,-0.19
11,Tom Hoge,83.72%,36,43,-0.28
12,Lucas Glover,83.33%,35,42,-0.17
13,Patrick Rodgers,82.86%,29,35,-0.10
14,Corey Conners,81.58%,31,38,-0.10
14,Jordan Spieth,81.58%,31,38,-0.26
14,Nick Taylor,81.58%,31,38,-0.06
17,Max Homa,81.08%,30,37,-0.27
18,Mackenzie Hughes,80.95%,34,42,-0.26
19,J.T. Poston,80.00%,32,40,-0.16
19,Xander Schauffele,80.00%,32,40,-0.16
21,Adam Svensson,79.55%,35,44,-0.20
22,Tyrrell Hatton,79.49%,31,39,-0.26
23,Eric Cole,79.07%,34,43,-0.29
24,Kurt Kitayama,78.57%,33,42,-0.21
25,Sahith Theegala,78.38%,29,37,-0.41
26,Cameron Young,77.78%,28,36,-0.18
27,Sam Burns,77.50%,31,40,-0.23
28,Patrick Cantlay,76.92%,30,39,-0.10
28,Matt Wallace,76.92%,30,39,-0.13
30,Taylor Moore,76.32%,29,38,-0.14
31,Tom Kim,76.19%,32,42,-0.03
32,Matt Fitzpatrick,75.68%,28,37,-0.18
33,Collin Morikawa,75.00%,30,40,-0.20
34,Byeong Hun An,74.42%,32,43,-0.28
35,Lee Hodges,74.36%,29,39,-0.21
36,Viktor Hovland,74.29%,26,35,-0.19
37,Hideki Matsuyama,73.81%,31,42,-0.10
38,Tony Finau,73.68%,28,38,-0.14
39,Rickie Fowler,73.17%,30,41,-0.33
39,Brendon Todd,73.17%,30,41,-0.30
41,Harris English,72.50%,29,40,-0.17
42,Sungjae Im,71.79%,28,39,-0.46
42,Si Woo Kim,71.79%,28,39,-0.29
42,Denny McCarthy,71.79%,28,39,-0.21
42,Erik van Rooyen,71.79%,28,39,-0.21
46,Jason Day,71.43%,30,42,-0.20
47,Nico Echavarria,71.05%,27,38,-0.37
47,Brian Harman,71.05%,27,38,-0.37
47,Luke List,71.05%,27,38,-0.22
50,Chris Kirk,69.44%,25,36,-0.24
51,Emiliano Grillo,68.42%,26,38,-0.35
52,Davis Riley,68.29%,28,41,-0.36
53,Akshay Bhatia,67.57%,25,37,-0.28
53,Justin Rose,67.57%,25,37,-0.28
55,Tommy Fleetwood,66.67%,26,39,-0.31
56,Vincent Norrman,65.85%,27,41,-0.04
57,Ludvig Åberg,65.79%,25,38,-0.20
58,Camilo Villegas,65.12%,28,43,-0.25
59,Russell Henley,63.16%,24,38,-0.04
