rank,player,%,Greens Hit,Total Holes,Relative to par
1,Ludvig Åberg,100.00%,9,9,-0.33
1,Patrick Cantlay,100.00%,6,6,+0.17
1,Adam Hadwin,100.00%,8,8,-0.25
1,Nick Hardy,100.00%,5,5,-0.20
1,Tom Hoge,100.00%,4,4,-0.25
1,Hideki Matsuyama,100.00%,3,3,E
1,Taylor Moore,100.00%,1,1,E
1,Andrew Putnam,100.00%,7,7,-0.14
1,Scottie Scheffler,100.00%,7,7,-0.29
1,Adam Svensson,100.00%,4,4,-0.25
1,Sahith Theegala,100.00%,9,9,-0.22
1,Erik van Rooyen,100.00%,5,5,E
1,Matt Wallace,100.00%,10,10,E
14,Kurt Kitayama,90.91%,10,11,-0.20
15,Adam Schenk,90.00%,9,10,-0.11
16,Wyndham Clark,88.89%,8,9,E
16,Patrick Rodgers,88.89%,8,9,-0.13
16,Xander Schauffele,88.89%,8,9,-0.38
19,Brian Harman,87.50%,7,8,-0.29
19,Cameron Young,87.50%,7,8,-0.14
21,Jason Day,85.71%,6,7,-0.33
21,Tony Finau,85.71%,6,7,-0.17
21,Rickie Fowler,85.71%,6,7,-0.33
21,Lucas Glover,85.71%,6,7,-0.17
25,Emiliano Grillo,83.33%,5,6,-0.20
25,Russell Henley,83.33%,5,6,-0.20
25,Sepp Straka,83.33%,5,6,-0.20
28,Corey Conners,80.00%,4,5,E
28,Lee Hodges,80.00%,4,5,-0.50
28,Max Homa,80.00%,4,5,E
28,Viktor Hovland,80.00%,4,5,-0.25
28,Tom Kim,80.00%,8,10,E
28,Collin Morikawa,80.00%,4,5,-0.25
28,Davis Riley,80.00%,4,5,-0.50
35,Seamus Power,77.78%,7,9,-0.14
35,Camilo Villegas,77.78%,7,9,-0.29
37,Akshay Bhatia,75.00%,6,8,-0.50
37,Sam Burns,75.00%,6,8,-0.17
37,J.T. Poston,75.00%,6,8,-0.17
37,Jordan Spieth,75.00%,6,8,-0.33
41,Keegan Bradley,71.43%,5,7,E
41,Cam Davis,71.43%,5,7,-0.40
41,Matt Fitzpatrick,71.43%,5,7,-0.60
41,Chris Kirk,71.43%,5,7,-0.20
41,Brendon Todd,71.43%,5,7,-0.20
46,Byeong Hun An,66.67%,8,12,-0.25
46,Tommy Fleetwood,66.67%,4,6,-0.25
46,Tyrrell Hatton,66.67%,4,6,-0.25
46,Mackenzie Hughes,66.67%,6,9,-0.17
46,Sungjae Im,66.67%,6,9,-0.67
51,Eric Cole,63.64%,7,11,-0.29
52,Justin Rose,62.50%,5,8,-0.40
52,Nick Taylor,62.50%,5,8,-0.20
54,Denny McCarthy,60.00%,3,5,E
54,Vincent Norrman,60.00%,3,5,-0.33
56,Luke List,57.14%,4,7,E
57,Nico Echavarria,55.56%,5,9,-0.60
58,Si Woo Kim,50.00%,2,4,-1.00
59,Harris English,37.50%,3,8,E
