rank,player,%,Total Hit,Total Attempts,RTP Score
1,Patrick Cantlay,102.78%,74,72,-37.00
1,Nick Hardy,102.78%,74,72,-24.00
3,Xander Schauffele,101.39%,73,72,-34.00
3,Scottie Scheffler,101.39%,73,72,-32.00
5,Max Homa,100.00%,72,72,-34.00
5,Patrick Rodgers,100.00%,72,72,-32.00
7,Wyndham Clark,97.22%,70,72,-30.00
7,Corey Conners,97.22%,70,72,-28.00
7,Adam Schenk,97.22%,70,72,-26.00
10,Kurt Kitayama,95.83%,69,72,-30.00
10,Collin Morikawa,95.83%,69,72,-33.00
10,J.T. Poston,95.83%,69,72,-33.00
10,Sepp Straka,95.83%,69,72,-33.00
14,Lucas Glover,94.44%,68,72,-25.00
14,Sungjae Im,94.44%,68,72,-41.00
14,Sahith Theegala,94.44%,68,72,-34.00
17,Byeong Hun An,93.06%,67,72,-37.00
17,Keegan Bradley,93.06%,67,72,-27.00
17,Tom Hoge,93.06%,67,72,-30.00
17,Tom Kim,93.06%,67,72,-23.00
17,Andrew Putnam,93.06%,67,72,-25.00
17,Cameron Young,93.06%,67,72,-33.00
23,Jason Day,91.67%,66,72,-35.00
23,Adam Hadwin,91.67%,66,72,-30.00
23,Viktor Hovland,91.67%,66,72,-32.00
23,Mackenzie Hughes,91.67%,66,72,-33.00
23,Taylor Moore,91.67%,66,72,-32.00
23,Jordan Spieth,91.67%,66,72,-36.00
23,Adam Svensson,91.67%,66,72,-30.00
30,Chris Kirk,90.28%,65,72,-35.00
31,Akshay Bhatia,88.89%,64,72,-32.00
31,Cam Davis,88.89%,64,72,-30.00
31,Rickie Fowler,88.89%,64,72,-30.00
31,Emiliano Grillo,88.89%,64,72,-29.00
31,Brian Harman,88.89%,64,72,-37.00
31,Tyrrell Hatton,88.89%,64,72,-32.00
31,Lee Hodges,88.89%,64,72,-21.00
31,Si Woo Kim,88.89%,64,72,-29.00
31,Denny McCarthy,88.89%,64,72,-25.00
31,Davis Riley,88.89%,64,72,-31.00
31,Justin Rose,88.89%,64,72,-29.00
42,Ludvig Åberg,87.50%,63,72,-29.00
42,Nick Taylor,87.50%,63,72,-22.00
42,Brendon Todd,87.50%,63,72,-29.00
45,Eric Cole,86.11%,62,72,-29.00
45,Harris English,86.11%,62,72,-30.00
45,Tony Finau,86.11%,62,72,-30.00
45,Matt Fitzpatrick,86.11%,62,72,-32.00
45,Tommy Fleetwood,86.11%,62,72,-27.00
45,Seamus Power,86.11%,62,72,-24.00
45,Erik van Rooyen,86.11%,62,72,-30.00
45,Matt Wallace,86.11%,62,72,-24.00
53,Luke List,84.72%,61,72,-29.00
53,Hideki Matsuyama,84.72%,61,72,-20.00
55,Sam Burns,83.33%,60,72,-27.00
55,Russell Henley,83.33%,60,72,-22.00
55,Vincent Norrman,83.33%,60,72,-19.00
58,Nico Echavarria,80.56%,58,72,-30.00
59,Camilo Villegas,77.78%,56,72,-21.00
