rank,player,%,Greens Hit,Total Holes,Relative to par
1,Sam Burns,100.00%,5,5,-0.20
1,Jason Day,100.00%,4,4,E
1,Nico Echavarria,100.00%,5,5,-0.20
1,Harris English,100.00%,4,4,E
1,Collin Morikawa,100.00%,6,6,E
1,Vincent Norrman,100.00%,5,5,E
1,Seamus Power,100.00%,6,6,E
1,Patrick Rodgers,100.00%,6,6,+0.17
1,Camilo Villegas,100.00%,3,3,-0.33
10,Max Homa,87.50%,7,8,-0.43
11,Byeong Hun An,85.71%,6,7,E
11,Nick Hardy,85.71%,6,7,+0.17
11,Tom Hoge,85.71%,6,7,-0.33
11,Si Woo Kim,85.71%,6,7,-0.33
11,J.T. Poston,85.71%,6,7,-0.17
11,Xander Schauffele,85.71%,6,7,-0.17
11,Nick Taylor,85.71%,6,7,E
18,Keegan Bradley,83.33%,5,6,-0.40
18,Eric Cole,83.33%,5,6,-0.20
18,Tom Kim,83.33%,5,6,+0.20
18,Andrew Putnam,83.33%,5,6,-0.40
22,Corey Conners,80.00%,4,5,E
22,Adam Hadwin,80.00%,4,5,-0.25
22,Kurt Kitayama,80.00%,4,5,-0.25
22,Sepp Straka,80.00%,4,5,-0.50
26,Akshay Bhatia,75.00%,3,4,-0.33
26,Wyndham Clark,75.00%,6,8,-0.17
26,Brian Harman,75.00%,6,8,E
26,Denny McCarthy,75.00%,6,8,-0.17
26,Jordan Spieth,75.00%,3,4,-0.33
26,Sahith Theegala,75.00%,6,8,-0.17
26,Erik van Rooyen,75.00%,3,4,-0.33
33,Ludvig Åberg,66.67%,4,6,+0.25
33,Patrick Cantlay,66.67%,4,6,E
33,Cam Davis,66.67%,4,6,-0.25
33,Matt Fitzpatrick,66.67%,4,6,E
33,Lee Hodges,66.67%,4,6,E
33,Justin Rose,66.67%,4,6,-0.25
33,Matt Wallace,66.67%,4,6,E
33,Cameron Young,66.67%,4,6,-0.25
41,Sungjae Im,62.50%,5,8,E
41,Adam Svensson,62.50%,5,8,E
41,Brendon Todd,62.50%,5,8,-0.20
44,Emiliano Grillo,60.00%,3,5,-1.00
44,Tyrrell Hatton,60.00%,3,5,-0.67
44,Viktor Hovland,60.00%,3,5,-0.33
44,Chris Kirk,60.00%,3,5,-0.33
44,Luke List,60.00%,3,5,-0.67
44,Scottie Scheffler,60.00%,3,5,-0.33
44,Adam Schenk,60.00%,3,5,-0.33
51,Mackenzie Hughes,57.14%,4,7,-0.25
52,Lucas Glover,55.56%,5,9,E
53,Russell Henley,50.00%,3,6,-0.33
53,Taylor Moore,50.00%,2,4,-0.50
55,Tommy Fleetwood,33.33%,2,6,E
56,Rickie Fowler,30.00%,3,10,-0.67
57,Hideki Matsuyama,25.00%,1,4,E
58,Tony Finau,.00%,0,3,E
58,Davis Riley,.00%,0,3,E
