rank,player,%,Greens Hit,Total Holes,Relative to par
1,Wyndham Clark,100.00%,8,8,E
1,Rickie Fowler,100.00%,8,8,E
1,Tyrrell Hatton,100.00%,13,13,-0.15
1,Sahith Theegala,100.00%,7,7,-0.57
5,Keegan Bradley,92.31%,12,13,-0.25
5,Mackenzie Hughes,92.31%,12,13,-0.17
7,Luke List,91.67%,11,12,-0.27
8,Nico Echavarria,90.91%,10,11,-0.30
8,Lucas Glover,90.91%,10,11,-0.20
8,Adam Svensson,90.91%,10,11,-0.10
11,Tony Finau,90.00%,9,10,E
11,Scottie Scheffler,90.00%,9,10,-0.22
11,Jordan Spieth,90.00%,9,10,-0.22
11,Nick Taylor,90.00%,9,10,-0.22
15,Eric Cole,87.50%,7,8,-0.14
15,Andrew Putnam,87.50%,14,16,-0.21
15,Adam Schenk,87.50%,7,8,E
18,J.T. Poston,85.71%,12,14,-0.17
19,Tom Hoge,84.62%,11,13,-0.27
20,Cam Davis,83.33%,10,12,-0.20
21,Byeong Hun An,81.82%,9,11,-0.33
21,Patrick Cantlay,81.82%,9,11,-0.22
21,Tommy Fleetwood,81.82%,9,11,-0.33
21,Russell Henley,81.82%,9,11,+0.11
21,Brendon Todd,81.82%,9,11,-0.33
26,Lee Hodges,80.00%,8,10,-0.13
26,Max Homa,80.00%,8,10,-0.25
26,Viktor Hovland,80.00%,8,10,-0.13
26,Vincent Norrman,80.00%,8,10,-0.13
26,Cameron Young,80.00%,8,10,E
31,Sepp Straka,78.57%,11,14,-0.36
32,Akshay Bhatia,77.78%,7,9,-0.29
32,Matt Fitzpatrick,77.78%,7,9,E
32,Nick Hardy,77.78%,7,9,E
35,Corey Conners,76.92%,10,13,+0.10
35,Adam Hadwin,76.92%,10,13,E
37,Davis Riley,75.00%,9,12,-0.56
37,Justin Rose,75.00%,9,12,-0.11
39,Ludvig Åberg,72.73%,8,11,-0.25
39,Hideki Matsuyama,72.73%,8,11,-0.13
39,Seamus Power,72.73%,8,11,-0.13
42,Patrick Rodgers,71.43%,5,7,E
43,Harris English,70.00%,7,10,-0.43
43,Tom Kim,70.00%,7,10,E
43,Kurt Kitayama,70.00%,7,10,-0.29
43,Xander Schauffele,70.00%,7,10,E
47,Emiliano Grillo,69.23%,9,13,-0.22
47,Denny McCarthy,69.23%,9,13,-0.11
49,Sungjae Im,66.67%,6,9,-0.50
49,Si Woo Kim,66.67%,8,12,-0.25
49,Chris Kirk,66.67%,8,12,-0.25
49,Matt Wallace,66.67%,8,12,-0.13
53,Erik van Rooyen,64.29%,9,14,-0.11
54,Sam Burns,63.64%,7,11,-0.29
54,Brian Harman,63.64%,7,11,-0.71
54,Taylor Moore,63.64%,7,11,-0.14
57,Jason Day,61.54%,8,13,-0.13
58,Camilo Villegas,58.33%,7,12,-0.29
59,Collin Morikawa,54.55%,6,11,-0.17
