rank,player,%,Greens Hit,# of holes
1,Adam Hadwin,95.83%,23,24
2,J.T. Poston,91.30%,21,23
3,Taylor Moore,90.91%,20,22
4,Scottie Scheffler,89.29%,25,28
5,Patrick Rodgers,89.19%,33,37
6,Emiliano Grillo,88.89%,16,18
7,Sahith Theegala,88.46%,23,26
8,Andrew Putnam,87.50%,14,16
9,Adam Schenk,86.96%,20,23
10,Wyndham Clark,84.38%,27,32
11,Harris English,84.21%,16,19
12,Nick Hardy,83.33%,15,18
13,Byeong Hun An,81.48%,22,27
13,Patrick Cantlay,81.48%,22,27
13,Matt Fitzpatrick,81.48%,22,27
16,Mackenzie Hughes,81.25%,26,32
17,Corey Conners,80.95%,17,21
18,Tom Hoge,80.77%,21,26
18,Hideki Matsuyama,80.77%,21,26
20,Jordan Spieth,80.00%,24,30
21,Kurt Kitayama,79.17%,19,24
21,Nick Taylor,79.17%,19,24
23,Max Homa,78.26%,18,23
23,Justin Rose,78.26%,18,23
23,Sepp Straka,78.26%,18,23
26,Lucas Glover,77.78%,14,18
26,Tyrrell Hatton,77.78%,21,27
26,Collin Morikawa,77.78%,14,18
26,Xander Schauffele,77.78%,21,27
30,Russell Henley,76.19%,16,21
31,Ludvig Åberg,76.00%,19,25
31,Sungjae Im,76.00%,19,25
31,Chris Kirk,76.00%,19,25
34,Viktor Hovland,75.86%,22,29
35,Jason Day,75.00%,18,24
36,Tom Kim,73.91%,17,23
36,Denny McCarthy,73.91%,17,23
38,Matt Wallace,73.33%,22,30
39,Akshay Bhatia,73.08%,19,26
39,Erik van Rooyen,73.08%,19,26
41,Brian Harman,72.73%,16,22
42,Tony Finau,72.00%,18,25
43,Seamus Power,71.43%,15,21
44,Keegan Bradley,70.97%,22,31
45,Brendon Todd,70.00%,14,20
46,Cam Davis,67.86%,19,28
47,Rickie Fowler,66.67%,18,27
47,Vincent Norrman,66.67%,18,27
47,Davis Riley,66.67%,18,27
50,Eric Cole,65.22%,15,23
50,Nico Echavarria,65.22%,15,23
52,Adam Svensson,65.00%,13,20
53,Sam Burns,63.33%,19,30
54,Cameron Young,62.96%,17,27
55,Tommy Fleetwood,62.50%,15,24
56,Luke List,62.07%,18,29
56,Camilo Villegas,62.07%,18,29
58,Si Woo Kim,60.87%,14,23
59,Lee Hodges,54.17%,13,24
