rank,player,%,Greens Hit,Total Holes,Relative to par
1,Akshay Bhatia,100.00%,25,25,-0.64
1,Patrick Cantlay,100.00%,27,27,-0.74
1,Jason Day,100.00%,23,23,-0.74
1,Tom Kim,100.00%,25,25,-0.64
1,Chris Kirk,100.00%,26,26,-0.73
1,Collin Morikawa,100.00%,29,29,-0.59
1,J.T. Poston,100.00%,25,25,-0.80
1,Xander Schauffele,100.00%,29,29,-0.62
9,Sungjae Im,96.55%,28,29,-0.68
9,Patrick Rodgers,96.55%,28,29,-0.71
9,Scottie Scheffler,96.55%,28,29,-0.71
12,Adam Schenk,96.43%,27,28,-0.63
13,Ludvig Åberg,96.30%,26,27,-0.54
13,Sahith Theegala,96.30%,26,27,-0.58
15,Matt Fitzpatrick,96.15%,25,26,-0.84
15,Lucas Glover,96.15%,25,26,-0.52
15,Taylor Moore,96.15%,25,26,-0.72
15,Justin Rose,96.15%,25,26,-0.48
19,Harris English,96.00%,24,25,-0.79
19,Tony Finau,96.00%,24,25,-0.75
19,Vincent Norrman,96.00%,24,25,-0.50
19,Matt Wallace,96.00%,24,25,-0.71
23,Adam Hadwin,95.83%,23,24,-0.78
23,Davis Riley,95.83%,23,24,-0.52
25,Russell Henley,95.45%,21,22,-0.57
26,Byeong Hun An,95.24%,20,21,-0.85
27,Wyndham Clark,93.10%,27,29,-0.74
28,Corey Conners,92.86%,26,28,-0.65
28,Brian Harman,92.86%,26,28,-0.77
28,Max Homa,92.86%,26,28,-0.65
31,Tommy Fleetwood,92.59%,25,27,-0.48
32,Si Woo Kim,92.00%,23,25,-0.61
32,Denny McCarthy,92.00%,23,25,-0.52
32,Sepp Straka,92.00%,23,25,-0.65
35,Nico Echavarria,91.67%,22,24,-0.73
35,Rickie Fowler,91.67%,22,24,-0.50
35,Emiliano Grillo,91.67%,22,24,-0.55
38,Camilo Villegas,91.30%,21,23,-0.43
39,Brendon Todd,90.91%,20,22,-0.65
40,Viktor Hovland,88.89%,24,27,-0.79
41,Nick Hardy,88.46%,23,26,-0.57
41,Tyrrell Hatton,88.46%,23,26,-0.70
41,Lee Hodges,88.46%,23,26,-0.48
44,Cam Davis,88.00%,22,25,-0.73
44,Erik van Rooyen,88.00%,22,25,-0.77
46,Keegan Bradley,87.50%,21,24,-0.57
46,Tom Hoge,87.50%,21,24,-0.67
46,Mackenzie Hughes,87.50%,21,24,-0.71
46,Kurt Kitayama,87.50%,21,24,-0.62
50,Hideki Matsuyama,86.96%,20,23,-0.60
50,Adam Svensson,86.96%,20,23,-0.80
52,Andrew Putnam,86.36%,19,22,-0.47
53,Eric Cole,85.71%,18,21,-0.67
53,Jordan Spieth,85.71%,24,28,-0.79
53,Nick Taylor,85.71%,24,28,-0.67
56,Luke List,83.33%,20,24,-0.75
56,Cameron Young,83.33%,25,30,-0.72
58,Sam Burns,80.00%,20,25,-0.70
58,Seamus Power,80.00%,20,25,-0.80
