rank,player,%,Greens Hit,Total Holes,Relative to par
1,Patrick Cantlay,100.00%,33,33,-0.70
1,Collin Morikawa,100.00%,32,32,-0.63
1,Xander Schauffele,100.00%,32,32,-0.63
4,Chris Kirk,97.22%,35,36,-0.69
5,Sahith Theegala,97.14%,34,35,-0.53
6,Sungjae Im,96.97%,32,33,-0.66
6,Justin Rose,96.97%,32,33,-0.50
8,Harris English,96.77%,30,31,-0.73
8,J.T. Poston,96.77%,30,31,-0.70
10,Jason Day,96.67%,29,30,-0.76
10,Tom Kim,96.67%,29,30,-0.55
12,Lucas Glover,96.55%,28,29,-0.54
13,Patrick Rodgers,94.59%,35,37,-0.63
14,Akshay Bhatia,94.12%,32,34,-0.59
14,Corey Conners,94.12%,32,34,-0.59
14,Russell Henley,94.12%,32,34,-0.53
17,Ludvig Åberg,93.94%,31,33,-0.55
17,Emiliano Grillo,93.94%,31,33,-0.42
17,Denny McCarthy,93.94%,31,33,-0.48
20,Wyndham Clark,93.75%,30,32,-0.67
20,Tony Finau,93.75%,30,32,-0.73
20,Brian Harman,93.75%,30,32,-0.70
20,Adam Schenk,93.75%,30,32,-0.57
20,Matt Wallace,93.75%,30,32,-0.60
25,Vincent Norrman,93.33%,28,30,-0.46
26,Rickie Fowler,93.10%,27,29,-0.48
26,Adam Hadwin,93.10%,27,29,-0.70
26,Davis Riley,93.10%,27,29,-0.48
29,Camilo Villegas,92.59%,25,27,-0.44
30,Max Homa,91.43%,32,35,-0.50
30,Scottie Scheffler,91.43%,32,35,-0.69
32,Nick Hardy,90.91%,30,33,-0.50
32,Si Woo Kim,90.91%,30,33,-0.50
32,Taylor Moore,90.91%,30,33,-0.70
35,Sepp Straka,90.63%,29,32,-0.55
36,Tommy Fleetwood,90.32%,28,31,-0.43
37,Andrew Putnam,90.00%,27,30,-0.48
38,Byeong Hun An,89.66%,26,29,-0.77
38,Brendon Todd,89.66%,26,29,-0.58
40,Tom Hoge,89.29%,25,28,-0.56
40,Adam Svensson,89.29%,25,28,-0.68
42,Viktor Hovland,89.19%,33,37,-0.64
43,Lee Hodges,87.88%,29,33,-0.38
43,Jordan Spieth,87.88%,29,33,-0.76
43,Nick Taylor,87.88%,29,33,-0.59
46,Tyrrell Hatton,87.50%,28,32,-0.71
47,Kurt Kitayama,86.67%,26,30,-0.58
48,Matt Fitzpatrick,85.71%,30,35,-0.77
48,Cameron Young,85.71%,30,35,-0.63
50,Nico Echavarria,84.85%,28,33,-0.64
51,Erik van Rooyen,84.38%,27,32,-0.70
52,Keegan Bradley,82.86%,29,35,-0.52
53,Mackenzie Hughes,82.76%,24,29,-0.67
54,Eric Cole,82.14%,23,28,-0.61
55,Luke List,81.82%,27,33,-0.70
56,Seamus Power,81.48%,22,27,-0.77
57,Hideki Matsuyama,80.00%,24,30,-0.54
58,Cam Davis,78.13%,25,32,-0.68
59,Sam Burns,77.42%,24,31,-0.63
