rank,player,%,Greens Hit,Total Holes,Relative to par
1,Chris Kirk,97.50%,39,40,-0.64
1,Xander Schauffele,97.50%,39,40,-0.54
3,Lucas Glover,97.22%,35,36,-0.51
4,Justin Rose,97.14%,34,35,-0.50
5,Collin Morikawa,95.24%,40,42,-0.58
5,Adam Schenk,95.24%,40,42,-0.48
7,Harris English,95.00%,38,40,-0.63
8,Sungjae Im,94.87%,37,39,-0.65
8,Denny McCarthy,94.87%,37,39,-0.46
10,Matt Wallace,94.44%,34,36,-0.56
11,Adam Hadwin,94.29%,33,35,-0.67
12,Camilo Villegas,94.12%,32,34,-0.41
13,Taylor Moore,93.48%,43,46,-0.53
14,Scottie Scheffler,93.18%,41,44,-0.56
15,Patrick Cantlay,93.02%,40,43,-0.63
15,Patrick Rodgers,93.02%,40,43,-0.58
17,Nick Hardy,92.86%,39,42,-0.41
17,Max Homa,92.86%,39,42,-0.46
19,Wyndham Clark,92.68%,38,41,-0.55
19,Corey Conners,92.68%,38,41,-0.55
19,Sahith Theegala,92.68%,38,41,-0.58
22,Jason Day,92.31%,36,39,-0.69
22,Rickie Fowler,92.31%,36,39,-0.47
24,Emiliano Grillo,92.11%,35,38,-0.43
24,Sepp Straka,92.11%,35,38,-0.54
26,Brian Harman,91.89%,34,37,-0.68
26,Tom Kim,91.89%,34,37,-0.50
26,J.T. Poston,91.89%,34,37,-0.68
29,Andrew Putnam,91.18%,31,34,-0.48
30,Akshay Bhatia,90.70%,39,43,-0.51
31,Jordan Spieth,90.48%,38,42,-0.63
32,Tony Finau,90.24%,37,41,-0.68
32,Davis Riley,90.24%,37,41,-0.43
34,Ludvig Åberg,89.47%,34,38,-0.53
35,Nick Taylor,89.19%,33,37,-0.52
36,Brendon Todd,88.57%,31,35,-0.52
37,Russell Henley,87.80%,36,41,-0.47
37,Si Woo Kim,87.80%,36,41,-0.47
39,Tommy Fleetwood,86.84%,33,38,-0.42
40,Viktor Hovland,86.67%,39,45,-0.59
41,Byeong Hun An,86.49%,32,37,-0.72
41,Tom Hoge,86.49%,32,37,-0.59
43,Hideki Matsuyama,86.05%,37,43,-0.46
44,Mackenzie Hughes,85.71%,30,35,-0.63
44,Vincent Norrman,85.71%,36,42,-0.36
46,Lee Hodges,85.37%,35,41,-0.37
47,Adam Svensson,85.00%,34,40,-0.65
48,Keegan Bradley,84.62%,33,39,-0.48
48,Tyrrell Hatton,84.62%,33,39,-0.64
50,Nico Echavarria,84.21%,32,38,-0.63
50,Seamus Power,84.21%,32,38,-0.56
52,Matt Fitzpatrick,84.09%,37,44,-0.65
53,Kurt Kitayama,83.78%,31,37,-0.48
54,Eric Cole,83.33%,30,36,-0.57
55,Erik van Rooyen,82.93%,34,41,-0.59
55,Cameron Young,82.93%,34,41,-0.62
57,Cam Davis,82.05%,32,39,-0.53
58,Luke List,80.00%,32,40,-0.63
59,Sam Burns,75.00%,30,40,-0.50
