rank,player,Avg,# of Birdies,Total Rounds
1,Geoff Ogilvy,6.75,27,4
2,Dustin Johnson,6.00,24,4
3,Anthony Kim,5.75,23,4
3,Steve Lowery,5.75,23,4
5,Daniel Chopra,5.50,22,4
5,J.B. Holmes,5.50,22,4
5,Vijay Singh,5.50,22,4
5,Camilo Villegas,5.50,22,4
9,Ryuji Imada,5.25,21,4
9,Justin Leonard,5.25,21,4
9,Sean O'Hair,5.25,21,4
12,Will MacKenzie,5.00,20,4
12,Boo Weekley,5.00,20,4
14,K.J. Choi,4.75,19,4
14,Ernie Els,4.75,19,4
14,D.J. Trahan,4.75,19,4
17,Zach Johnson,4.50,18,4
17,Davis Love III,4.50,18,4
17,Kenny Perry,4.50,18,4
20,Richard Johnson,4.25,17,4
20,Parker McLachlin,4.25,17,4
20,Chez Reavie,4.25,17,4
20,Johnson Wagner,4.25,17,4
24,Cameron Beckman,4.00,16,4
25,Ryan Palmer,3.75,15,4
25,Carl Pettersson,3.75,15,4
25,Adam Scott,3.75,15,4
25,Marc Turnesa,3.75,15,4
29,Brian Gay,3.50,14,4
29,Trevor Immelman,3.50,14,4
29,Greg Kraft,3.50,14,4
29,Andres Romero,3.50,14,4
33,Stewart Cink,3.25,13,4
