rank,player,Avg,Total Strokes,Total Rounds
1,Russell Henley,65.00,65,1
2,Sangmoon Bae,66.00,66,1
3,Ben Martin,67.00,67,1
3,Patrick Reed,67.00,67,1
3,Scott Stallings,67.00,67,1
3,Robert Streb,67.00,67,1
3,Jimmy Walker,67.00,67,1
8,Zach Johnson,68.00,68,1
8,Chris Kirk,68.00,68,1
8,Matt Kuchar,68.00,68,1
8,John Senden,68.00,68,1
12,Steven Bowditch,69.00,69,1
12,J.B. Holmes,69.00,69,1
12,Matt Jones,69.00,69,1
12,Kevin Streelman,69.00,69,1
12,Nick Taylor,69.00,69,1
12,Brendon Todd,69.00,69,1
18,Tim Clark,70.00,70,1
18,Jason Day,70.00,70,1
18,Chesson Hadley,70.00,70,1
18,Brian Harman,70.00,70,1
18,Charley Hoffman,70.00,70,1
18,Hideki Matsuyama,70.00,70,1
18,Bubba Watson,70.00,70,1
25,Ángel Cabrera,71.00,71,1
25,Hunter Mahan,71.00,71,1
25,Ryan Moore,71.00,71,1
25,S.Y. Noh,71.00,71,1
25,Camilo Villegas,71.00,71,1
30,Billy Horschel,72.00,72,1
30,Geoff Ogilvy,72.00,72,1
32,Matt Every,73.00,73,1
33,Ben Crane,74.00,74,1
