rank,player,Avg,Total Strokes,Total Rounds
1,Hideki Matsuyama,66.00,66,1
2,Tim Clark,67.00,67,1
2,Kevin Streelman,67.00,67,1
2,Jimmy Walker,67.00,67,1
5,Chesson Hadley,68.00,68,1
5,Matt Jones,68.00,68,1
5,Patrick Reed,68.00,68,1
5,Bubba Watson,68.00,68,1
9,Sangmoon Bae,69.00,69,1
9,Hunter Mahan,69.00,69,1
9,Ryan Moore,69.00,69,1
9,S.Y. Noh,69.00,69,1
9,Brendon Todd,69.00,69,1
14,Matt Every,70.00,70,1
14,Russell Henley,70.00,70,1
14,Billy Horschel,70.00,70,1
14,Ben Martin,70.00,70,1
14,Scott Stallings,70.00,70,1
19,Steven Bowditch,71.00,71,1
19,Jason Day,71.00,71,1
19,Robert Streb,71.00,71,1
19,Camilo Villegas,71.00,71,1
23,Ángel Cabrera,72.00,72,1
23,Nick Taylor,72.00,72,1
25,Ben Crane,73.00,73,1
25,Charley Hoffman,73.00,73,1
25,J.B. Holmes,73.00,73,1
25,Zach Johnson,73.00,73,1
25,Chris Kirk,73.00,73,1
25,John Senden,73.00,73,1
31,Matt Kuchar,74.00,74,1
31,Geoff Ogilvy,74.00,74,1
33,Brian Harman,75.00,75,1
