rank,player,Avg,Total Strokes,Total Rounds
1,Jason Day,62.00,62,1
1,Chris Kirk,62.00,62,1
3,Brian Harman,65.00,65,1
4,Russell Henley,67.00,67,1
4,Zach Johnson,67.00,67,1
4,Patrick Reed,67.00,67,1
7,Matt Kuchar,68.00,68,1
7,S.Y. Noh,68.00,68,1
9,Steven Bowditch,69.00,69,1
9,Matt Jones,69.00,69,1
9,Hunter Mahan,69.00,69,1
9,Ben Martin,69.00,69,1
9,Geoff Ogilvy,69.00,69,1
9,Robert Streb,69.00,69,1
9,Jimmy Walker,69.00,69,1
16,Sangmoon Bae,70.00,70,1
16,Ángel Cabrera,70.00,70,1
16,Matt Every,70.00,70,1
16,Chesson Hadley,70.00,70,1
16,Charley Hoffman,70.00,70,1
16,Billy Horschel,70.00,70,1
16,Hideki Matsuyama,70.00,70,1
16,Bubba Watson,70.00,70,1
24,Tim Clark,71.00,71,1
24,Ryan Moore,71.00,71,1
24,John Senden,71.00,71,1
24,Brendon Todd,71.00,71,1
28,Ben Crane,72.00,72,1
28,Scott Stallings,72.00,72,1
28,Nick Taylor,72.00,72,1
31,Kevin Streelman,73.00,73,1
32,Camilo Villegas,75.00,75,1
33,J.B. Holmes,76.00,76,1
