rank,player,%,Attempts,RTP-Going for the green,RTP-Not going for the grn
1,Kevin Kisner,100.00,12,-12,E
1,Jimmy Walker,100.00,12,-10,E
1,Gary Woodland,100.00,12,-10,E
4,Harris English,91.67,11,-9,+1
4,Tony Finau,91.67,11,-7,E
4,Jamie Lovemark,91.67,11,-11,-1
4,Vijay Singh,91.67,11,-6,-1
8,Daniel Berger,83.33,10,-7,E
8,Jason Dufner,83.33,10,-7,-2
8,Charles Howell III,83.33,10,-9,-1
8,Jeff Overton,83.33,10,-3,E
8,Daniel Summerhays,83.33,10,-11,-1
13,Chad Campbell,75.00,9,-6,-1
13,Adam Hadwin,75.00,9,-7,E
13,James Hahn,75.00,9,-5,-2
13,J.J. Henry,75.00,9,-6,-1
13,Morgan Hoffmann,75.00,9,-12,+2
13,Marc Leishman,75.00,9,-7,-1
13,Ben Martin,75.00,9,-10,E
13,S.Y. Noh,75.00,9,-6,-1
13,Sean O'Hair,75.00,9,-10,E
13,Ryan Palmer,75.00,9,-8,-2
13,Adam Scott,75.00,9,-8,-1
13,Webb Simpson,75.00,9,-5,E
13,Brandt Snedeker,75.00,9,-7,-3
26,Thomas Aiken,66.67,8,-7,+1
26,Zac Blair,66.67,8,-5,-1
26,Stewart Cink,66.67,8,-7,-1
26,Brendon de Jonge,66.67,8,-7,E
26,Graham DeLaet,66.67,8,-7,-2
26,Brian Harman,66.67,8,-6,-1
26,Mark Hubbard,66.67,8,-8,-1
26,John Huh,66.67,8,-5,+1
26,Zach Johnson,66.67,8,-6,E
26,Daisuke Kataoka,66.67,8,-8,-1
26,Si Woo Kim,66.67,8,-9,-1
26,Matt Kuchar,66.67,8,-9,-3
26,David Lingmerth,66.67,8,-9,-2
26,Francesco Molinari,66.67,8,-7,+1
26,Scott Piercy,66.67,8,-3,-1
26,Chez Reavie,66.67,8,-3,+2
26,Kyle Stanley,66.67,8,-2,-2
26,Michael Thompson,66.67,8,-6,E
26,Harold Varner III,66.67,8,-8,+1
26,Tim Wilkinson,66.67,8,-6,-1
46,Ricky Barnes,58.33,7,-5,-1
46,Shane Bertsch,58.33,7,-6,E
46,Robert Garrigus,58.33,7,-5,E
46,Jason Gore,58.33,7,-4,-2
46,Emiliano Grillo,58.33,7,-6,-2
46,Padraig Harrington,58.33,7,-4,-2
46,William McGirt,58.33,7,-5,-1
46,Greg Owen,58.33,7,-8,-2
46,John Senden,58.33,7,-3,-2
46,Hudson Swafford,58.33,7,-6,-2
46,Tyrone Van Aswegen,58.33,7,-6,-1
46,Steve Wheatcroft,58.33,7,-3,-1
58,Lucas Glover,50.00,6,-7,+1
58,Fabián Gómez,50.00,6,-4,-2
58,Jerry Kelly,50.00,6,-6,-3
58,Danny Lee,50.00,6,-7,-4
58,Yusaku Miyazato,50.00,6,-4,-2
58,Kyle Reifers,50.00,6,-4,-2
58,Shawn Stefani,50.00,6,-4,-2
58,Hideto Tanihara,50.00,6,-4,-1
58,Nick Taylor,50.00,6,-6,-1
67,K.J. Choi,41.67,5,-5,-3
67,Luke Donald,41.67,5,-5,-1
67,Fred Funk,41.67,5,-5,-3
67,Spencer Levin,41.67,5,-4,E
67,Nick Mason,41.67,5,-3,-3
67,Steve Stricker,41.67,5,-3,-2
73,Tim Clark,33.33,4,-2,-3
74,Kevin Na,16.67,2,-1,-2
