rank,player,%,Attempts
1,Thomas Aiken,100.00,8
1,Zac Blair,100.00,8
1,Tony Finau,100.00,8
1,Morgan Hoffmann,100.00,8
1,Kevin Kisner,100.00,8
1,Jamie Lovemark,100.00,8
1,Ben Martin,100.00,8
1,Brandt Snedeker,100.00,8
1,Daniel Summerhays,100.00,8
1,Jimmy Walker,100.00,8
1,Gary Woodland,100.00,8
12,Daniel Berger,87.50,7
12,Chad Campbell,87.50,7
12,Brendon de Jonge,87.50,7
12,Graham DeLaet,87.50,7
12,Jason Dufner,87.50,7
12,Harris English,87.50,7
12,Adam Hadwin,87.50,7
12,James Hahn,87.50,7
12,Brian Harman,87.50,7
12,Mark Hubbard,87.50,7
12,Zach Johnson,87.50,7
12,Matt Kuchar,87.50,7
12,Francesco Molinari,87.50,7
12,S.Y. Noh,87.50,7
12,Sean O'Hair,87.50,7
12,Adam Scott,87.50,7
12,Vijay Singh,87.50,7
12,Michael Thompson,87.50,7
12,Harold Varner III,87.50,7
12,Tim Wilkinson,87.50,7
32,Ricky Barnes,75.00,6
32,Shane Bertsch,75.00,6
32,Stewart Cink,75.00,6
32,Emiliano Grillo,75.00,6
32,Padraig Harrington,75.00,6
32,J.J. Henry,75.00,6
32,Charles Howell III,75.00,6
32,Daisuke Kataoka,75.00,6
32,Jerry Kelly,75.00,6
32,Si Woo Kim,75.00,6
32,Danny Lee,75.00,6
32,Marc Leishman,75.00,6
32,David Lingmerth,75.00,6
32,William McGirt,75.00,6
32,Jeff Overton,75.00,6
32,Greg Owen,75.00,6
32,Ryan Palmer,75.00,6
32,Scott Piercy,75.00,6
32,Chez Reavie,75.00,6
32,Hudson Swafford,75.00,6
32,Hideto Tanihara,75.00,6
32,Tyrone Van Aswegen,75.00,6
32,Steve Wheatcroft,75.00,6
55,K.J. Choi,62.50,5
55,Luke Donald,62.50,5
55,Fred Funk,62.50,5
55,Robert Garrigus,62.50,5
55,Lucas Glover,62.50,5
55,John Huh,62.50,5
55,Spencer Levin,62.50,5
55,Nick Mason,62.50,5
55,Kyle Reifers,62.50,5
55,John Senden,62.50,5
55,Webb Simpson,62.50,5
55,Kyle Stanley,62.50,5
55,Steve Stricker,62.50,5
55,Nick Taylor,62.50,5
69,Tim Clark,50.00,4
69,Fabián Gómez,50.00,4
69,Jason Gore,50.00,4
69,Yusaku Miyazato,50.00,4
69,Shawn Stefani,50.00,4
74,Kevin Na,25.00,2
