rank,player,%,# of Birdie or Better,Attempts,RTP-Successes,RTP-Not going for the grn
1,K.J. Choi,100.00,5,5,-5,-3.00
1,Lucas Glover,100.00,6,6,-7,+1.00
1,Matt Kuchar,100.00,8,8,-9,-3.00
1,Danny Lee,100.00,6,6,-7,-4.00
1,David Lingmerth,100.00,8,8,-9,-2.00
6,Kevin Kisner,91.67,11,12,-12,E
7,Charles Howell III,90.00,9,10,-9,-1.00
7,Daniel Summerhays,90.00,9,10,-11,-1.00
9,Morgan Hoffmann,88.89,8,9,-12,+2.00
9,Ben Martin,88.89,8,9,-10,E
9,Sean O'Hair,88.89,8,9,-10,E
9,Adam Scott,88.89,8,9,-8,-1.00
13,Thomas Aiken,87.50,7,8,-7,+1.00
13,Brendon de Jonge,87.50,7,8,-7,E
13,Graham DeLaet,87.50,7,8,-7,-2.00
13,Mark Hubbard,87.50,7,8,-8,-1.00
13,Si Woo Kim,87.50,7,8,-9,-1.00
13,Francesco Molinari,87.50,7,8,-7,+1.00
13,Harold Varner III,87.50,7,8,-8,+1.00
20,Emiliano Grillo,85.71,6,7,-6,-2.00
20,Greg Owen,85.71,6,7,-8,-2.00
20,Tyrone Van Aswegen,85.71,6,7,-6,-1.00
23,Jerry Kelly,83.33,5,6,-6,-3.00
23,Nick Taylor,83.33,5,6,-6,-1.00
25,Jamie Lovemark,81.82,9,11,-11,-1.00
26,Luke Donald,80.00,4,5,-5,-1.00
26,Fred Funk,80.00,4,5,-5,-3.00
26,Spencer Levin,80.00,4,5,-4,E
26,Steve Stricker,80.00,4,5,-4,-2.00
30,Adam Hadwin,77.78,7,9,-7,E
31,Stewart Cink,75.00,6,8,-7,-1.00
31,Zach Johnson,75.00,6,8,-6,E
31,Daisuke Kataoka,75.00,6,8,-8,-1.00
31,Michael Thompson,75.00,6,8,-7,E
31,Jimmy Walker,75.00,9,12,-10,E
31,Gary Woodland,75.00,9,12,-10,E
37,Harris English,72.73,8,11,-9,+1.00
37,Tony Finau,72.73,8,11,-8,E
39,Ricky Barnes,71.43,5,7,-5,-1.00
39,Shane Bertsch,71.43,5,7,-6,E
39,William McGirt,71.43,5,7,-5,-1.00
39,Hudson Swafford,71.43,5,7,-6,-2.00
43,Daniel Berger,70.00,7,10,-7,E
43,Jason Dufner,70.00,7,10,-7,-2.00
45,Chad Campbell,66.67,6,9,-6,-1.00
45,J.J. Henry,66.67,6,9,-6,-1.00
45,Marc Leishman,66.67,6,9,-7,-1.00
45,Ryan Palmer,66.67,6,9,-8,-2.00
45,Kyle Reifers,66.67,4,6,-4,-2.00
45,Webb Simpson,66.67,6,9,-6,E
45,Brandt Snedeker,66.67,6,9,-7,-3.00
45,Shawn Stefani,66.67,4,6,-4,-2.00
45,Hideto Tanihara,66.67,4,6,-4,-1.00
54,Zac Blair,62.50,5,8,-5,-1.00
54,Brian Harman,62.50,5,8,-6,-1.00
54,John Huh,62.50,5,8,-5,+1.00
54,Tim Wilkinson,62.50,5,8,-6,-1.00
58,Nick Mason,60.00,3,5,-3,-3.00
59,Robert Garrigus,57.14,4,7,-5,E
59,Jason Gore,57.14,4,7,-4,-2.00
59,Padraig Harrington,57.14,4,7,-4,-2.00
59,Steve Wheatcroft,57.14,4,7,-4,-1.00
63,James Hahn,55.56,5,9,-5,-2.00
63,S.Y. Noh,55.56,5,9,-6,-1.00
65,Vijay Singh,54.55,6,11,-7,-1.00
66,Tim Clark,50.00,2,4,-2,-3.00
66,Fabián Gómez,50.00,3,6,-4,-2.00
66,Kevin Na,50.00,1,2,-1,-2.00
66,Jeff Overton,50.00,5,10,-5,E
70,John Senden,42.86,3,7,-3,-2.00
71,Scott Piercy,37.50,3,8,-3,-1.00
71,Chez Reavie,37.50,3,8,-3,+2.00
73,Yusaku Miyazato,33.33,2,6,-4,-2.00
74,Kyle Stanley,25.00,2,8,-2,-2.00
