rank,player,%,Successes,Attempts,RTP-Successes,RTP-Not going for the grn
1,Lucas Glover,66.67,4,6,-5,+1.00
1,Fabián Gómez,66.67,4,6,-4,-2.00
1,Nick Taylor,66.67,4,6,-5,-1.00
4,Zac Blair,62.50,5,8,-4,-1.00
4,Mark Hubbard,62.50,5,8,-6,-1.00
4,Michael Thompson,62.50,5,8,-6,E
7,Fred Funk,60.00,3,5,-3,-3.00
7,Spencer Levin,60.00,3,5,-3,E
7,Nick Mason,60.00,3,5,-3,-3.00
10,Ricky Barnes,57.14,4,7,-3,-1.00
10,Greg Owen,57.14,4,7,-6,-2.00
10,Tyrone Van Aswegen,57.14,4,7,-3,-1.00
13,Morgan Hoffmann,55.56,5,9,-9,+2.00
14,Thomas Aiken,50.00,4,8,-4,+1.00
14,Daniel Berger,50.00,5,10,-5,E
14,Stewart Cink,50.00,4,8,-5,-1.00
14,Tim Clark,50.00,2,4,-2,-3.00
14,Graham DeLaet,50.00,4,8,-4,-2.00
14,Jason Dufner,50.00,5,10,-5,-2.00
14,Si Woo Kim,50.00,4,8,-5,-1.00
14,Matt Kuchar,50.00,4,8,-5,-3.00
14,Danny Lee,50.00,3,6,-4,-4.00
14,Kevin Na,50.00,1,2,-1,-2.00
14,Harold Varner III,50.00,4,8,-5,+1.00
14,Tim Wilkinson,50.00,4,8,-5,-1.00
26,Jamie Lovemark,45.45,5,11,-7,-1.00
27,James Hahn,44.44,4,9,-4,-2.00
27,Ryan Palmer,44.44,4,9,-6,-2.00
29,Emiliano Grillo,42.86,3,7,-3,-2.00
29,William McGirt,42.86,3,7,-3,-1.00
29,Hudson Swafford,42.86,3,7,-3,-2.00
32,Luke Donald,40.00,2,5,-3,-1.00
32,Charles Howell III,40.00,4,10,-4,-1.00
32,Jeff Overton,40.00,4,10,-3,E
32,Steve Stricker,40.00,2,5,-2,-2.00
32,Daniel Summerhays,40.00,4,10,-6,-1.00
37,Brian Harman,37.50,3,8,-3,-1.00
37,David Lingmerth,37.50,3,8,-4,-2.00
39,Tony Finau,36.36,4,11,-4,E
40,J.J. Henry,33.33,3,9,-3,-1.00
40,Jerry Kelly,33.33,2,6,-3,-3.00
40,Kevin Kisner,33.33,4,12,-5,E
40,Ben Martin,33.33,3,9,-5,E
40,Yusaku Miyazato,33.33,2,6,-4,-2.00
40,Sean O'Hair,33.33,3,9,-4,E
40,Adam Scott,33.33,3,9,-3,-1.00
40,Webb Simpson,33.33,3,9,-3,E
40,Shawn Stefani,33.33,2,6,-2,-2.00
40,Jimmy Walker,33.33,4,12,-5,E
40,Gary Woodland,33.33,4,12,-4,E
51,Shane Bertsch,28.57,2,7,-3,E
51,Padraig Harrington,28.57,2,7,-2,-2.00
51,John Senden,28.57,2,7,-2,-2.00
54,Harris English,27.27,3,11,-3,+1.00
55,Brendon de Jonge,25.00,2,8,-2,E
55,John Huh,25.00,2,8,-2,+1.00
55,Daisuke Kataoka,25.00,2,8,-3,-1.00
55,Chez Reavie,25.00,2,8,-1,+2.00
59,Marc Leishman,22.22,2,9,-3,-1.00
59,Brandt Snedeker,22.22,2,9,-1,-3.00
61,K.J. Choi,20.00,1,5,-1,-3.00
62,Vijay Singh,18.18,2,11,-3,-1.00
63,Kyle Reifers,16.67,1,6,-1,-2.00
63,Hideto Tanihara,16.67,1,6,-1,-1.00
65,Robert Garrigus,14.29,1,7,-1,E
65,Jason Gore,14.29,1,7,-1,-2.00
65,Steve Wheatcroft,14.29,1,7,-1,-1.00
68,Zach Johnson,12.50,1,8,-1,E
68,Scott Piercy,12.50,1,8,-1,-1.00
68,Kyle Stanley,12.50,1,8,-1,-2.00
71,Chad Campbell,11.11,1,9,-1,-1.00
71,Adam Hadwin,11.11,1,9,-1,E
73,Francesco Molinari,.00,0,8,E,+1.00
73,S.Y. Noh,.00,0,9,E,-1.00
