rank,player,Avg,Total Dist after GFG Shot,Total GFG Shots
1,Ben Martin,13.1,"4,250.000",9
2,Spencer Levin,13.3,"2,389.000",5
3,Fred Funk,13.5,"2,421.000",5
4,Nick Taylor,13.8,"2,981.000",6
5,Hudson Swafford,13.9,"3,499.000",7
6,William McGirt,14.0,"3,531.000",7
7,Danny Lee,14.3,"3,079.000",6
8,Greg Owen,14.5,"3,643.000",7
9,Adam Scott,14.7,"4,771.000",9
10,Ricky Barnes,14.8,"3,720.000",7
11,Morgan Hoffmann,15.3,"4,951.000",9
12,Michael Thompson,16.7,"4,814.000",8
13,Kevin Na,16.8,"1,209.000",2
14,David Lingmerth,17.2,"4,943.000",8
15,Matt Kuchar,17.3,"4,971.000",8
15,Nick Mason,17.3,"3,114.000",5
17,Fabián Gómez,17.4,"3,763.000",6
17,Steve Stricker,17.4,"3,123.000",5
17,Daniel Summerhays,17.4,"6,253.000",10
20,Mark Hubbard,17.8,"5,121.000",8
21,Thomas Aiken,17.9,"5,164.000",8
22,Brian Harman,18.0,"5,171.000",8
23,Tyrone Van Aswegen,18.1,"4,563.000",7
24,Graham DeLaet,18.3,"5,260.000",8
24,Si Woo Kim,18.3,"5,280.000",8
26,Tony Finau,18.4,"7,298.000",11
26,Sean O'Hair,18.4,"5,972.000",9
28,Luke Donald,18.5,"3,324.000",5
29,Shane Bertsch,18.9,"4,755.000",7
29,K.J. Choi,18.9,"3,398.000",5
31,Daniel Berger,19.0,"6,823.000",10
32,Lucas Glover,19.4,"4,182.000",6
33,Jason Dufner,19.6,"7,059.000",10
33,Jamie Lovemark,19.6,"7,770.000",11
35,Zac Blair,19.8,"5,704.000",8
35,Jimmy Walker,19.8,"8,535.000",12
37,John Senden,19.9,"5,019.000",7
38,Tim Wilkinson,20.0,"5,759.000",8
39,Jerry Kelly,20.5,"4,427.000",6
40,Stewart Cink,20.6,"5,938.000",8
41,Gary Woodland,20.9,"9,048.000",12
42,Charles Howell III,21.0,"7,568.000",10
43,Daisuke Kataoka,21.1,"6,077.000",8
43,Hideto Tanihara,21.1,"4,548.000",6
45,Kevin Kisner,21.7,"9,391.000",12
46,Brendon de Jonge,22.0,"6,349.000",8
47,James Hahn,22.2,"7,198.000",9
48,J.J. Henry,22.4,"7,248.000",9
49,Padraig Harrington,22.6,"5,685.000",7
50,Kyle Reifers,22.7,"4,905.000",6
51,Zach Johnson,22.8,"6,553.000",8
52,Chez Reavie,22.9,"6,597.000",8
53,Yusaku Miyazato,23.1,"4,989.000",6
54,Emiliano Grillo,23.2,"5,842.000",7
55,Webb Simpson,23.3,"7,544.000",9
56,Shawn Stefani,23.4,"5,045.000",6
57,Harris English,23.5,"9,288.000",11
58,Scott Piercy,23.8,"6,861.000",8
59,Harold Varner III,24.0,"6,910.000",8
60,Tim Clark,24.2,"3,484.000",4
61,Ryan Palmer,24.8,"8,041.000",9
62,Marc Leishman,24.9,"8,060.000",9
63,S.Y. Noh,25.3,"8,183.000",9
64,Chad Campbell,25.9,"8,377.000",9
64,Adam Hadwin,25.9,"8,378.000",9
66,Jeff Overton,26.1,"9,390.000",10
67,Robert Garrigus,27.0,"6,792.000",7
67,Kyle Stanley,27.0,"7,766.000",8
69,John Huh,27.2,"7,826.000",8
70,Steve Wheatcroft,27.4,"6,903.000",7
71,Brandt Snedeker,27.5,"8,920.000",9
72,Jason Gore,27.9,"7,036.000",7
73,Vijay Singh,29.5,"11,663.000",11
74,Francesco Molinari,31.0,"8,928.000",8
