rank,player,Value,Attempts,Total Distance (Feet)
1,Keegan Bradley,"1' 7""",48,74.417
2,Jason Day,"1' 9""",52,91.083
2,Tony Finau,"1' 9""",45,78.583
2,Billy Horschel,"1' 9""",50,86.583
2,Jhonattan Vegas,"1' 9""",45,80.333
6,Patton Kizzire,"1' 10""",44,79.917
6,Taylor Pendrith,"1' 10""",45,81.417
8,Patrick Cantlay,"1' 11""",42,79.500
8,Corey Conners,"1' 11""",45,87.167
8,Austin Eckroat,"1' 11""",42,81.333
8,Sungjae Im,"1' 11""",37,69.833
8,Maverick McNealy,"1' 11""",46,89.167
8,Aaron Rai,"1' 11""",44,82.667
8,Adam Scott,"1' 11""",43,81.417
15,Brice Garnett,"2' 0""",47,94.333
15,Tom Hoge,"2' 0""",45,89.667
15,Max Homa,"2' 0""",47,94.750
15,Si Woo Kim,"2' 0""",36,70.500
15,Jake Knapp,"2' 0""",48,95.417
15,Hideki Matsuyama,"2' 0""",35,70.417
15,Denny McCarthy,"2' 0""",48,96.167
15,Justin Thomas,"2' 0""",43,85.917
15,Will Zalatoris,"2' 0""",47,94.750
24,Wyndham Clark,"2' 1""",44,92.417
24,Nico Echavarria,"2' 1""",43,91.000
24,Kevin Yu,"2' 1""",42,87.167
27,Byeong Hun An,"2' 2""",46,100.833
27,Christiaan Bezuidenhout,"2' 2""",44,95.417
27,Sam Burns,"2' 2""",41,87.417
27,Max Greyserman,"2' 2""",44,96.667
27,Russell Henley,"2' 2""",46,97.917
27,Collin Morikawa,"2' 2""",38,82.667
27,Xander Schauffele,"2' 2""",50,109.417
27,Sepp Straka,"2' 2""",45,97.917
27,Nick Taylor,"2' 2""",47,100.000
36,Harry Hall,"2' 3""",42,93.583
36,Viktor Hovland,"2' 3""",45,102.500
36,Sahith Theegala,"2' 3""",47,107.167
36,Cameron Young,"2' 3""",33,73.417
40,Ludvig Åberg,"2' 4""",41,95.583
40,Akshay Bhatia,"2' 4""",42,97.833
40,Eric Cole,"2' 4""",45,105.333
40,Brian Harman,"2' 4""",50,116.583
40,Robert MacIntyre,"2' 4""",53,122.833
45,Rafael Campos,"2' 5""",48,117.583
45,Thomas Detry,"2' 5""",39,94.250
45,Chris Kirk,"2' 5""",43,104.083
48,Peter Malnati,"2' 6""",43,107.500
49,Cam Davis,"2' 7""",40,103.750
49,Adam Hadwin,"2' 7""",40,101.667
49,Stephan Jaeger,"2' 7""",43,112.167
49,Matthieu Pavon,"2' 7""",42,107.000
49,Davis Thompson,"2' 7""",48,122.417
54,Chris Gotterup,"2' 8""",49,129.250
55,J.T. Poston,"2' 10""",45,128.083
56,Matt McCarty,"3' 3""",46,148.500
57,Nick Dunlap,"3' 4""",54,178.833
58,Matt Fitzpatrick,"3' 10""",43,163.167
