rank,player,Distance in Inches
1,Corey Conners,72
2,Hideki Matsuyama,68
3,Cameron Young,64
4,Cam Davis,61
4,Adam Hadwin,61
4,Sungjae Im,61
7,Tony Finau,60
7,Aaron Rai,60
9,Austin Eckroat,59
10,Peter Malnati,58
11,Harry Hall,57
12,Keegan Bradley,56
12,Matt Fitzpatrick,56
12,Collin Morikawa,56
15,Akshay Bhatia,55
15,Sam Burns,55
15,Nico Echavarria,55
15,Chris Gotterup,55
19,Patrick Cantlay,53
19,Tom Hoge,53
19,Max Homa,53
19,Si Woo Kim,53
19,J.T. Poston,53
19,Davis Thompson,53
19,Will Zalatoris,53
26,Ludvig Åberg,52
26,Christiaan Bezuidenhout,52
26,Rafael Campos,52
26,Wyndham Clark,52
30,Chris Kirk,51
30,Jake Knapp,51
30,Justin Thomas,51
33,Thomas Detry,50
34,Russell Henley,49
35,Max Greyserman,48
35,Adam Scott,48
35,Sepp Straka,48
35,Sahith Theegala,48
39,Nick Dunlap,47
39,Jhonattan Vegas,47
41,Brice Garnett,46
41,Maverick McNealy,46
41,Matthieu Pavon,46
44,Robert MacIntyre,45
44,Denny McCarthy,45
44,Matt McCarty,45
47,Stephan Jaeger,44
48,Eric Cole,43
48,Brian Harman,43
48,Viktor Hovland,43
48,Taylor Pendrith,43
48,Xander Schauffele,43
53,Byeong Hun An,41
53,Kevin Yu,41
55,Jason Day,40
55,Nick Taylor,40
57,Patton Kizzire,37
58,Billy Horschel,36
