rank,player,Avg,Distance (feet),Total Putts
1,Cameron Young,"94' 6""",94.500,1
2,Ludvig Åberg,"87' 8""",87.667,1
3,Jake Knapp,"87' 4""",87.333,1
4,Harry Hall,"79' 7""",159.083,2
5,Adam Scott,"71' 3""",142.500,2
6,Robert MacIntyre,"63' 6""",127.000,2
7,Russell Henley,"62' 9""",125.500,2
8,Thomas Detry,"61' 4""",61.333,1
9,Xander Schauffele,"61' 1""",122.167,2
10,Chris Gotterup,"60' 3""",241.000,4
11,Christiaan Bezuidenhout,"59' 10""",119.583,2
12,Tony Finau,"59' 9""",119.500,2
13,J.T. Poston,"59' 6""",119.000,2
14,Max Homa,"59' 4""",118.583,2
15,Matt Fitzpatrick,"58' 11""",176.833,3
16,Will Zalatoris,"58' 7""",58.583,1
17,Adam Hadwin,"56' 11""",170.750,3
18,Jhonattan Vegas,"55' 8""",55.667,1
19,Matt McCarty,"55' 6""",111.000,2
20,Corey Conners,"55' 0""",55.000,1
21,Chris Kirk,"53' 2""",53.167,1
22,Akshay Bhatia,"52' 4""",104.667,2
23,Jason Day,"47' 7""",47.583,1
24,Sepp Straka,"45' 9""",45.750,1
25,Billy Horschel,"45' 4""",45.333,1
26,Nick Dunlap,"44' 9""",178.917,4
27,Cam Davis,"44' 5""",88.750,2
28,Collin Morikawa,"42' 9""",85.500,2
29,Davis Thompson,"42' 3""",211.167,5
30,Nick Taylor,"42' 0""",126.083,3
31,Stephan Jaeger,"41' 11""",41.917,1
32,Sahith Theegala,"40' 2""",40.167,1
33,Brian Harman,"40' 0""",239.917,6
34,Aaron Rai,"38' 11""",77.833,2
35,Sam Burns,"38' 6""",76.917,2
36,Austin Eckroat,"37' 8""",75.333,2
37,Eric Cole,"37' 6""",37.500,1
38,Si Woo Kim,"36' 9""",36.750,1
39,Kevin Yu,"34' 10""",104.417,3
40,Maverick McNealy,"33' 4""",33.333,1
41,Rafael Campos,"33' 1""",33.083,1
42,Hideki Matsuyama,"32' 1""",64.167,2
43,Brice Garnett,"30' 1""",90.167,3
44,Tom Hoge,"29' 3""",29.250,1
45,Denny McCarthy,"25' 9""",51.500,2
46,Patrick Cantlay,"20' 10""",41.583,2
47,Nico Echavarria,"8' 2""",8.167,1
