rank,player,Avg,Distance (Feet),Total Putts
1,Cameron Young,"94' 6""",94.500,1
2,Ludvig Åberg,"87' 8""",87.667,1
3,Harry Hall,"79' 7""",159.083,2
4,Adam Scott,"71' 3""",142.500,2
5,Robert MacIntyre,"63' 6""",127.000,2
6,Russell Henley,"62' 9""",125.500,2
7,Thomas Detry,"61' 4""",61.333,1
8,Xander Schauffele,"61' 1""",122.167,2
9,Chris Gotterup,"60' 3""",241.000,4
10,Christiaan Bezuidenhout,"59' 10""",119.583,2
11,Tony Finau,"59' 9""",119.500,2
12,J.T. Poston,"59' 6""",119.000,2
13,Max Homa,"59' 4""",118.583,2
14,Matt Fitzpatrick,"58' 11""",176.833,3
15,Will Zalatoris,"58' 7""",58.583,1
16,Adam Hadwin,"56' 11""",170.750,3
17,Jhonattan Vegas,"55' 8""",55.667,1
18,Corey Conners,"55' 0""",55.000,1
19,Chris Kirk,"53' 2""",53.167,1
20,Akshay Bhatia,"52' 4""",104.667,2
21,Jake Knapp,"48' 4""",96.667,2
22,Jason Day,"47' 7""",47.583,1
23,Sepp Straka,"45' 9""",45.750,1
24,Billy Horschel,"45' 4""",45.333,1
25,Nick Dunlap,"44' 9""",178.917,4
26,Cam Davis,"44' 5""",88.750,2
27,Collin Morikawa,"42' 9""",85.500,2
28,Davis Thompson,"42' 3""",211.167,5
29,Nick Taylor,"42' 0""",126.083,3
30,Stephan Jaeger,"41' 11""",41.917,1
31,Justin Thomas,"41' 9""",41.750,1
32,Sahith Theegala,"40' 2""",40.167,1
33,Brian Harman,"40' 0""",239.917,6
34,Matt McCarty,"39' 11""",119.750,3
35,Aaron Rai,"38' 11""",77.833,2
35,Kevin Yu,"38' 11""",155.750,4
37,Sam Burns,"38' 6""",76.917,2
38,Austin Eckroat,"37' 8""",75.333,2
39,Eric Cole,"37' 6""",37.500,1
40,Si Woo Kim,"36' 9""",36.750,1
41,Maverick McNealy,"33' 4""",33.333,1
42,Rafael Campos,"33' 1""",33.083,1
43,Hideki Matsuyama,"32' 1""",64.167,2
44,Brice Garnett,"30' 1""",90.167,3
45,Tom Hoge,"29' 3""",29.250,1
46,Denny McCarthy,"25' 9""",51.500,2
47,Patrick Cantlay,"20' 10""",41.583,2
48,Nico Echavarria,"17' 3""",34.417,2
49,Max Greyserman,"10' 11""",10.917,1
