rank,player,Avg,Distance (Feet),Total Putts
1,Corey Conners,"12' 10""",346.000,27
2,Keegan Bradley,"11' 2""",255.917,23
3,Tony Finau,"10' 10""",292.667,27
4,Chris Gotterup,"10' 2""",234.500,23
5,Aaron Rai,"10' 1""",282.750,28
6,Jake Knapp,"9' 8""",223.167,23
7,Davis Thompson,"9' 7""",219.750,23
8,Austin Eckroat,"9' 5""",281.333,30
8,Harry Hall,"9' 5""",264.750,28
10,Hideki Matsuyama,"9' 4""",327.333,35
10,Will Zalatoris,"9' 4""",232.417,25
12,Max Homa,"9' 3""",231.083,25
13,Nick Dunlap,"8' 11""",160.250,18
13,Tom Hoge,"8' 11""",231.833,26
13,Robert MacIntyre,"8' 11""",159.917,18
16,Adam Hadwin,"8' 8""",277.750,32
17,Cam Davis,"8' 7""",265.667,31
17,Peter Malnati,"8' 7""",232.000,27
19,Rafael Campos,"8' 6""",194.583,23
20,Nico Echavarria,"8' 5""",244.583,29
20,Sungjae Im,"8' 5""",295.917,35
22,Patrick Cantlay,"8' 3""",231.250,28
22,Matt Fitzpatrick,"8' 3""",239.333,29
22,Cameron Young,"8' 3""",313.417,38
25,Akshay Bhatia,"8' 2""",244.083,30
26,Christiaan Bezuidenhout,"8' 1""",225.833,28
27,Sam Burns,"8' 0""",249.000,31
28,Denny McCarthy,"7' 11""",181.167,23
29,Wyndham Clark,"7' 10""",219.917,28
29,Justin Thomas,"7' 10""",226.833,29
31,Brian Harman,"7' 9""",169.833,22
31,Chris Kirk,"7' 9""",224.583,29
31,Sahith Theegala,"7' 9""",178.833,23
34,Russell Henley,"7' 8""",199.833,26
34,Collin Morikawa,"7' 8""",259.750,34
34,J.T. Poston,"7' 8""",207.917,27
37,Brice Garnett,"7' 7""",189.000,25
37,Jhonattan Vegas,"7' 7""",205.833,27
39,Jason Day,"7' 6""",150.667,20
39,Adam Scott,"7' 6""",218.583,29
41,Maverick McNealy,"7' 4""",191.250,26
42,Ludvig Åberg,"7' 3""",217.917,30
42,Xander Schauffele,"7' 3""",158.917,22
42,Sepp Straka,"7' 3""",196.250,27
45,Matt McCarty,"7' 2""",178.750,25
46,Max Greyserman,"6' 11""",193.667,28
46,Si Woo Kim,"6' 11""",247.667,36
48,Thomas Detry,"6' 10""",225.667,33
49,Taylor Pendrith,"6' 9""",169.167,25
50,Nick Taylor,"6' 0""",150.167,25
51,Kevin Yu,"5' 11""",178.250,30
52,Billy Horschel,"5' 10""",128.333,22
53,Eric Cole,"5' 9""",155.083,27
54,Viktor Hovland,"5' 8""",153.833,27
54,Matthieu Pavon,"5' 8""",170.250,30
56,Byeong Hun An,"5' 7""",146.167,26
57,Stephan Jaeger,"5' 4""",154.333,29
58,Patton Kizzire,"5' 2""",134.167,26
