rank,player,Avg,Total SG:APP,Measured Rounds
1,Patrick Cantlay,1.641,6.563,4
2,Justin Thomas,1.432,5.729,4
3,Graeme McDowell,1.053,4.213,4
4,Xander Schauffele,.973,3.894,4
5,Lanto Griffin,.877,3.510,4
6,Collin Morikawa,.752,3.009,4
7,Paul Casey,.686,2.743,4
8,Corey Conners,.606,2.423,4
9,Nate Lashley,.449,1.797,4
10,Dustin Johnson,.426,1.706,4
11,Gary Woodland,.384,1.535,4
12,Matt Kuchar,.304,1.216,4
13,Jon Rahm,.279,1.118,4
14,Joaquin Niemann,.253,1.011,4
15,Jim Herman,.246,.984,4
16,Rickie Fowler,.216,.866,4
17,Kevin Kisner,.117,.467,4
18,Chez Reavie,.004,.018,4
19,Tyler Duncan,-.012,-.046,4
20,Adam Long,-.023,-.091,4
21,Max Homa,-.238,-.952,4
22,J.T. Poston,-.314,-1.255,4
23,Cameron Champ,-.341,-1.364,4
24,Patrick Reed,-.363,-1.452,4
25,Matthew Wolff,-.386,-1.545,4
26,Kevin Na,-.392,-1.569,4
27,Sung Kang,-.419,-1.674,4
28,Brendon Todd,-.580,-2.318,4
29,Dylan Frittelli,-.697,-2.787,4
30,Ryan Palmer,-.792,-3.167,4
31,Keith Mitchell,-1.123,-4.493,4
32,Sebastián Muñoz,-1.348,-5.390,4
33,J.B. Holmes,-1.710,-6.840,4
34,Martin Trainer,-1.962,-7.849,4
