rank,player,Avg,Total SG:ARG,Measured Rounds
1,Xander Schauffele,.776,3.105,4
2,Patrick Reed,.700,2.798,4
3,Rickie Fowler,.676,2.703,4
4,Jon Rahm,.647,2.587,4
5,Brendon Todd,.606,2.423,4
6,Adam Long,.569,2.277,4
7,Kevin Na,.489,1.957,4
8,Justin Thomas,.447,1.787,4
9,Kevin Kisner,.398,1.591,4
10,J.T. Poston,.387,1.546,4
11,Lanto Griffin,.334,1.336,4
12,Patrick Cantlay,.303,1.211,4
13,Joaquin Niemann,.249,.997,4
14,Tyler Duncan,.122,.489,4
15,J.B. Holmes,.081,.325,4
16,Graeme McDowell,.080,.321,4
17,Sebastián Muñoz,.046,.185,4
18,Cameron Champ,.045,.179,4
19,Gary Woodland,-.027,-.108,4
20,Matthew Wolff,-.041,-.164,4
21,Collin Morikawa,-.063,-.251,4
22,Ryan Palmer,-.124,-.496,4
23,Chez Reavie,-.140,-.561,4
24,Matt Kuchar,-.196,-.786,4
25,Corey Conners,-.205,-.821,4
26,Nate Lashley,-.240,-.959,4
27,Paul Casey,-.248,-.991,4
28,Max Homa,-.342,-1.369,4
29,Dylan Frittelli,-.376,-1.505,4
30,Sung Kang,-.562,-2.249,4
31,Dustin Johnson,-.726,-2.905,4
32,Martin Trainer,-.982,-3.930,4
33,Jim Herman,-1.113,-4.452,4
34,Keith Mitchell,-1.568,-6.273,4
