rank,player,Avg,Total SG:Putting,Measured Rounds
1,Patrick Reed,2.327,9.306,4
2,Dustin Johnson,1.622,6.488,4
3,J.T. Poston,1.251,5.005,4
4,Patrick Cantlay,1.188,4.752,4
5,Sebastián Muñoz,1.110,4.439,4
6,Matt Kuchar,.909,3.635,4
7,Joaquin Niemann,.872,3.488,4
8,Gary Woodland,.597,2.386,4
9,Matthew Wolff,.400,1.598,4
10,Rickie Fowler,.387,1.548,4
11,Ryan Palmer,.379,1.514,4
12,Chez Reavie,.223,.892,4
13,Justin Thomas,.217,.868,4
14,J.B. Holmes,-.005,-.019,4
15,Adam Long,-.081,-.326,4
16,Collin Morikawa,-.097,-.387,4
17,Xander Schauffele,-.179,-.715,4
18,Jon Rahm,-.267,-1.069,4
19,Nate Lashley,-.280,-1.119,4
20,Cameron Champ,-.310,-1.240,4
21,Tyler Duncan,-.332,-1.328,4
22,Kevin Kisner,-.362,-1.448,4
23,Dylan Frittelli,-.370,-1.480,4
24,Jim Herman,-.395,-1.582,4
25,Graeme McDowell,-.438,-1.752,4
26,Lanto Griffin,-.479,-1.916,4
27,Corey Conners,-.620,-2.482,4
28,Brendon Todd,-.645,-2.580,4
29,Max Homa,-.650,-2.602,4
30,Keith Mitchell,-.652,-2.608,4
31,Sung Kang,-.725,-2.900,4
32,Paul Casey,-1.169,-4.677,4
33,Kevin Na,-1.445,-5.782,4
34,Martin Trainer,-1.978,-7.913,4
