rank,player,%,# of Saves,# of Bunkers
1,Brian Harman,100.00%,1,1
1,Tom Hoge,100.00%,1,1
1,Billy Horschel,100.00%,2,2
1,Tom Kim,100.00%,1,1
1,Collin Morikawa,100.00%,1,1
1,J.T. Poston,100.00%,1,1
7,Matt Fitzpatrick,50.00%,1,2
8,Keegan Bradley,.00%,0,2
8,Sam Burns,.00%,0,2
8,Patrick Cantlay,.00%,0,1
8,Corey Conners,.00%,0,1
8,Tony Finau,.00%,0,1
8,Mackenzie Hughes,.00%,0,2
8,Seamus Power,.00%,0,1
8,Jon Rahm,.00%,0,1
8,Chad Ramey,.00%,0,1
8,Scottie Scheffler,.00%,0,1
8,Adam Scott,.00%,0,2
8,J.J. Spaun,.00%,0,1
8,Jordan Spieth,.00%,0,1
8,Scott Stallings,.00%,0,1
8,Sahith Theegala,.00%,0,1
8,Justin Thomas,.00%,0,1
