rank,player,%,Successes,Attempts
1,Corey Conners,100.00%,1,1
1,Tony Finau,100.00%,1,1
1,Tom Hoge,100.00%,1,1
1,Sungjae Im,100.00%,1,1
1,Tom Kim,100.00%,1,1
1,Luke List,100.00%,1,1
1,Hideki Matsuyama,100.00%,1,1
1,Collin Morikawa,100.00%,2,2
1,J.T. Poston,100.00%,4,4
1,J.J. Spaun,100.00%,2,2
1,Cameron Young,100.00%,1,1
12,Jordan Spieth,80.00%,4,5
13,Matt Fitzpatrick,66.67%,2,3
13,Brian Harman,66.67%,2,3
15,Billy Horschel,50.00%,1,2
15,Mackenzie Hughes,50.00%,1,2
15,Jon Rahm,50.00%,1,2
15,Chad Ramey,50.00%,1,2
15,Justin Thomas,50.00%,1,2
20,Chez Reavie,33.33%,1,3
21,Patrick Cantlay,.00%,0,3
21,Viktor Hovland,.00%,0,1
21,Adam Scott,.00%,0,2
21,Sepp Straka,.00%,0,1
21,Sahith Theegala,.00%,0,1
21,Aaron Wise,.00%,0,2
21,Will Zalatoris,.00%,0,2
