rank,player,%,Successes,Attempts
1,Keegan Bradley,100.00%,1,1
1,Matt Fitzpatrick,100.00%,2,2
1,Scottie Scheffler,100.00%,1,1
1,J.J. Spaun,100.00%,2,2
5,Jordan Spieth,87.50%,7,8
6,Brian Harman,75.00%,3,4
7,Trey Mullinax,71.43%,5,7
8,Ryan Brehm,66.67%,2,3
8,Tom Hoge,66.67%,2,3
8,Hideki Matsuyama,66.67%,2,3
11,J.T. Poston,60.00%,3,5
11,Adam Svensson,60.00%,3,5
11,Justin Thomas,60.00%,3,5
14,Patrick Cantlay,50.00%,2,4
14,Russell Henley,50.00%,1,2
14,Max Homa,50.00%,2,4
14,Viktor Hovland,50.00%,1,2
14,Mackenzie Hughes,50.00%,1,2
14,Adam Scott,50.00%,2,4
14,Sepp Straka,50.00%,1,2
21,Sam Burns,40.00%,2,5
21,Tom Kim,40.00%,2,5
23,Billy Horschel,33.33%,1,3
23,Collin Morikawa,33.33%,1,3
23,Chez Reavie,33.33%,1,3
23,Cameron Young,33.33%,1,3
23,Will Zalatoris,33.33%,1,3
28,Chad Ramey,25.00%,1,4
29,Corey Conners,.00%,0,1
29,Sungjae Im,.00%,0,1
29,K.H. Lee,.00%,0,2
29,Luke List,.00%,0,2
29,Seamus Power,.00%,0,3
29,Jon Rahm,.00%,0,3
29,Scott Stallings,.00%,0,2
29,Aaron Wise,.00%,0,1
