rank,player,%,Successes,Attempts
1,Sam Burns,100.00%,1,1
1,Collin Morikawa,100.00%,4,4
1,Jon Rahm,100.00%,6,6
1,J.J. Spaun,100.00%,2,2
1,Sepp Straka,100.00%,3,3
1,Justin Thomas,100.00%,1,1
7,Seamus Power,90.00%,9,10
8,Matt Fitzpatrick,87.50%,7,8
9,Corey Conners,83.33%,5,6
9,Mackenzie Hughes,83.33%,5,6
9,J.T. Poston,83.33%,5,6
9,Will Zalatoris,83.33%,5,6
13,Tony Finau,80.00%,8,10
13,Trey Mullinax,80.00%,4,5
15,Brian Harman,77.78%,7,9
15,Sungjae Im,77.78%,7,9
17,Keegan Bradley,66.67%,2,3
17,Max Homa,66.67%,2,3
17,Tom Kim,66.67%,4,6
17,Hideki Matsuyama,66.67%,4,6
17,Scottie Scheffler,66.67%,4,6
17,Scott Stallings,66.67%,4,6
23,Russell Henley,60.00%,3,5
23,Chad Ramey,60.00%,3,5
23,Adam Scott,60.00%,3,5
26,Luke List,57.14%,4,7
27,Aaron Wise,55.56%,5,9
28,Patrick Cantlay,50.00%,2,4
28,Sahith Theegala,50.00%,3,6
30,Viktor Hovland,44.44%,4,9
31,Chez Reavie,40.00%,2,5
31,Jordan Spieth,40.00%,2,5
31,Adam Svensson,40.00%,2,5
34,Tom Hoge,33.33%,1,3
34,Cameron Young,33.33%,1,3
36,Ryan Brehm,.00%,0,2
36,K.H. Lee,.00%,0,1
