rank,player,%,Successes,Attempts
1,Corey Conners,100.00%,4,4
1,Tony Finau,100.00%,2,2
1,K.H. Lee,100.00%,1,1
1,J.J. Spaun,100.00%,3,3
5,Jon Rahm,85.71%,6,7
6,Patrick Cantlay,80.00%,4,5
6,Jordan Spieth,80.00%,4,5
8,Sungjae Im,75.00%,6,8
8,J.T. Poston,75.00%,3,4
10,Scottie Scheffler,71.43%,5,7
11,Matt Fitzpatrick,66.67%,2,3
11,Tom Kim,66.67%,4,6
11,Seamus Power,66.67%,6,9
11,Chez Reavie,66.67%,2,3
11,Adam Svensson,66.67%,4,6
11,Justin Thomas,66.67%,4,6
11,Aaron Wise,66.67%,2,3
18,Brian Harman,62.50%,5,8
19,Collin Morikawa,60.00%,3,5
19,Sepp Straka,60.00%,3,5
19,Sahith Theegala,60.00%,3,5
22,Viktor Hovland,57.14%,4,7
22,Mackenzie Hughes,57.14%,4,7
22,Chad Ramey,57.14%,4,7
22,Adam Scott,57.14%,4,7
26,Keegan Bradley,55.56%,5,9
27,Ryan Brehm,50.00%,3,6
27,Sam Burns,50.00%,5,10
27,Trey Mullinax,50.00%,4,8
27,Cameron Young,50.00%,2,4
31,Hideki Matsuyama,42.86%,3,7
32,Russell Henley,40.00%,2,5
32,Max Homa,40.00%,2,5
34,Scott Stallings,37.50%,3,8
35,Tom Hoge,33.33%,2,6
36,Billy Horschel,28.57%,2,7
37,Luke List,20.00%,1,5
38,Will Zalatoris,.00%,0,1
