rank,player,%,# of Saves,# of Bunkers
1,Corey Conners,100.00%,1,1
1,Russell Henley,100.00%,1,1
1,Max Homa,100.00%,1,1
1,Mackenzie Hughes,100.00%,1,1
1,Sungjae Im,100.00%,2,2
1,Tom Kim,100.00%,1,1
1,Hideki Matsuyama,100.00%,1,1
1,Collin Morikawa,100.00%,3,3
1,J.T. Poston,100.00%,2,2
1,Jon Rahm,100.00%,1,1
1,J.J. Spaun,100.00%,3,3
1,Jordan Spieth,100.00%,3,3
1,Will Zalatoris,100.00%,1,1
14,Tony Finau,66.67%,2,3
14,Luke List,66.67%,2,3
16,Matt Fitzpatrick,50.00%,1,2
16,Brian Harman,50.00%,1,2
16,Viktor Hovland,50.00%,1,2
19,Patrick Cantlay,33.33%,1,3
19,Chad Ramey,33.33%,1,3
19,Chez Reavie,33.33%,1,3
22,Keegan Bradley,.00%,0,2
22,Adam Scott,.00%,0,1
22,Scott Stallings,.00%,0,1
22,Sahith Theegala,.00%,0,2
22,Aaron Wise,.00%,0,1
22,Cameron Young,.00%,0,1
