rank,player,%,Successes,Attempts
1,Keegan Bradley,100.00%,3,3
1,Patrick Cantlay,100.00%,3,3
1,Corey Conners,100.00%,4,4
1,Tony Finau,100.00%,1,1
1,Matt Fitzpatrick,100.00%,1,1
1,Tom Hoge,100.00%,4,4
1,Max Homa,100.00%,1,1
1,Billy Horschel,100.00%,2,2
1,Viktor Hovland,100.00%,2,2
1,Mackenzie Hughes,100.00%,2,2
1,Tom Kim,100.00%,2,2
1,Luke List,100.00%,1,1
1,Collin Morikawa,100.00%,2,2
1,Trey Mullinax,100.00%,4,4
1,J.T. Poston,100.00%,1,1
1,Seamus Power,100.00%,1,1
1,Jon Rahm,100.00%,1,1
1,Chad Ramey,100.00%,4,4
1,Scottie Scheffler,100.00%,3,3
1,Adam Scott,100.00%,4,4
1,J.J. Spaun,100.00%,2,2
1,Jordan Spieth,100.00%,1,1
1,Scott Stallings,100.00%,2,2
1,Sepp Straka,100.00%,1,1
1,Sahith Theegala,100.00%,4,4
1,Justin Thomas,100.00%,2,2
1,Aaron Wise,100.00%,1,1
28,Ryan Brehm,75.00%,3,4
28,Brian Harman,75.00%,3,4
30,Hideki Matsuyama,66.67%,2,3
30,Chez Reavie,66.67%,2,3
30,Adam Svensson,66.67%,2,3
30,Cameron Young,66.67%,2,3
34,Russell Henley,50.00%,1,2
35,Will Zalatoris,.00%,0,1
