rank,player,%,Total 3 Putts,Attempts,2 Putt or Better %
1,Stuart Appleby,.00,0,9,100.0
1,Arjun Atwal,.00,0,8,100.0
1,Matt Bettencourt,.00,0,8,100.0
1,Jonathan Byrd,.00,0,1,100.0
1,Tim Clark,.00,0,8,100.0
1,Ben Crane,.00,0,6,100.0
1,Jason Day,.00,0,4,100.0
1,Jim Furyk,.00,0,7,100.0
1,Bill Haas,.00,0,8,100.0
1,Charley Hoffman,.00,0,3,100.0
1,Dustin Johnson,.00,0,3,100.0
1,Zach Johnson,.00,0,8,100.0
1,Anthony Kim,.00,0,8,100.0
1,Matt Kuchar,.00,0,6,100.0
1,Derek Lamely,.00,0,3,100.0
1,Bill Lunde,.00,0,8,100.0
1,Graeme McDowell,.00,0,9,100.0
1,Rocco Mediate,.00,0,2,100.0
1,Francesco Molinari,.00,0,4,100.0
1,Ryan Palmer,.00,0,11,100.0
1,Carl Pettersson,.00,0,10,100.0
1,Ian Poulter,.00,0,4,100.0
1,Justin Rose,.00,0,9,100.0
1,Adam Scott,.00,0,7,100.0
1,Heath Slocum,.00,0,7,100.0
1,Steve Stricker,.00,0,6,100.0
1,Bubba Watson,.00,0,2,100.0
28,Robert Garrigus,12.50,1,8,87.5
29,Cameron Beckman,14.29,1,7,85.7
30,Jason Bohn,16.67,1,6,83.3
30,Ernie Els,16.67,1,6,83.3
32,Hunter Mahan,50.00,1,2,50.0
