rank,player,%,Total 3 Putts,Attempts,2 Putt or Better %
1,Stuart Appleby,.00,0,16,100.0
1,Arjun Atwal,.00,0,10,100.0
1,Cameron Beckman,.00,0,9,100.0
1,Matt Bettencourt,.00,0,14,100.0
1,Jason Bohn,.00,0,14,100.0
1,Jonathan Byrd,.00,0,10,100.0
1,Tim Clark,.00,0,11,100.0
1,Jason Day,.00,0,13,100.0
1,Robert Garrigus,.00,0,15,100.0
1,Bill Haas,.00,0,9,100.0
1,Charley Hoffman,.00,0,15,100.0
1,Dustin Johnson,.00,0,11,100.0
1,Zach Johnson,.00,0,15,100.0
1,Anthony Kim,.00,0,12,100.0
1,Matt Kuchar,.00,0,10,100.0
1,Derek Lamely,.00,0,14,100.0
1,Bill Lunde,.00,0,10,100.0
1,Hunter Mahan,.00,0,11,100.0
1,Graeme McDowell,.00,0,12,100.0
1,Rocco Mediate,.00,0,10,100.0
1,Francesco Molinari,.00,0,13,100.0
1,Ryan Palmer,.00,0,8,100.0
1,Carl Pettersson,.00,0,8,100.0
1,Ian Poulter,.00,0,18,100.0
1,Justin Rose,.00,0,10,100.0
1,Adam Scott,.00,0,11,100.0
1,Heath Slocum,.00,0,18,100.0
1,Steve Stricker,.00,0,10,100.0
1,Bubba Watson,.00,0,8,100.0
30,Ernie Els,5.88,1,17,94.1
31,Ben Crane,16.67,2,12,83.3
32,Jim Furyk,18.18,2,11,81.8
