rank,player,%,Total 3 Putts,Total Holes
1,Cameron Beckman,5.56,1,18
1,Jason Bohn,5.56,1,18
1,Jonathan Byrd,5.56,1,18
1,Tim Clark,5.56,1,18
1,Jim Furyk,5.56,1,18
1,Robert Garrigus,5.56,1,18
1,Derek Lamely,5.56,1,18
1,Bill Lunde,5.56,1,18
1,Hunter Mahan,5.56,1,18
1,Graeme McDowell,5.56,1,18
1,Ryan Palmer,5.56,1,18
1,Ian Poulter,5.56,1,18
1,Justin Rose,5.56,1,18
1,Adam Scott,5.56,1,18
1,Steve Stricker,5.56,1,18
16,Jason Day,11.11,2,18
16,Ernie Els,11.11,2,18
16,Dustin Johnson,11.11,2,18
19,Rocco Mediate,16.67,3,18
