rank,player,%,Total 3 Putts,Attempts,2 Putt or Better %
1,Stuart Appleby,.00,0,8,100.0
1,Arjun Atwal,.00,0,13,100.0
1,Cameron Beckman,.00,0,10,100.0
1,Matt Bettencourt,.00,0,5,100.0
1,Jason Bohn,.00,0,8,100.0
1,Jonathan Byrd,.00,0,5,100.0
1,Jason Day,.00,0,6,100.0
1,Ernie Els,.00,0,11,100.0
1,Jim Furyk,.00,0,10,100.0
1,Robert Garrigus,.00,0,8,100.0
1,Bill Haas,.00,0,7,100.0
1,Charley Hoffman,.00,0,5,100.0
1,Dustin Johnson,.00,0,6,100.0
1,Zach Johnson,.00,0,10,100.0
1,Matt Kuchar,.00,0,8,100.0
1,Derek Lamely,.00,0,10,100.0
1,Bill Lunde,.00,0,6,100.0
1,Hunter Mahan,.00,0,6,100.0
1,Graeme McDowell,.00,0,4,100.0
1,Francesco Molinari,.00,0,13,100.0
1,Ryan Palmer,.00,0,5,100.0
1,Ian Poulter,.00,0,8,100.0
1,Justin Rose,.00,0,10,100.0
1,Adam Scott,.00,0,4,100.0
1,Heath Slocum,.00,0,5,100.0
1,Steve Stricker,.00,0,7,100.0
27,Anthony Kim,8.33,1,12,91.6
28,Bubba Watson,10.00,1,10,90.0
29,Carl Pettersson,11.11,1,9,88.8
30,Tim Clark,14.29,2,14,85.7
31,Ben Crane,16.67,1,6,83.3
31,Rocco Mediate,16.67,1,6,83.3
