rank,player,Total 3 putts > 25',Total 3 Putts
1,Jason Bohn,5,6
1,Adam Scott,5,5
3,Derek Lamely,4,4
3,Rocco Mediate,4,5
3,Francesco Molinari,4,4
6,Ernie Els,3,5
6,Anthony Kim,3,6
6,Hunter Mahan,3,5
9,Cameron Beckman,2,3
9,Matt Bettencourt,2,2
9,Ben Crane,2,6
9,Jason Day,2,3
9,Charley Hoffman,2,2
9,Dustin Johnson,2,2
9,Graeme McDowell,2,2
9,Carl Pettersson,2,3
9,Steve Stricker,2,2
9,Bubba Watson,2,3
19,Jonathan Byrd,1,1
19,Jim Furyk,1,3
19,Robert Garrigus,1,2
19,Bill Haas,1,1
19,Bill Lunde,1,1
19,Ryan Palmer,1,1
19,Ian Poulter,1,1
19,Justin Rose,1,2
19,Heath Slocum,1,1
