rank,player,%,Total 3 Putts,Attempts,2 Putt or Better %
1,Stuart Appleby,.00,0,15,100.0
1,Arjun Atwal,.00,0,13,100.0
1,Tim Clark,.00,0,19,100.0
1,Zach Johnson,.00,0,16,100.0
1,Matt Kuchar,.00,0,16,100.0
6,Jonathan Byrd,3.57,1,28,96.4
7,Bill Haas,4.00,1,25,96.0
7,Bill Lunde,4.00,1,25,96.0
9,Ryan Palmer,4.55,1,22,95.4
10,Jim Furyk,5.00,1,20,95.0
10,Heath Slocum,5.00,1,20,95.0
12,Ian Poulter,5.26,1,19,94.7
13,Robert Garrigus,5.56,1,18,94.4
14,Justin Rose,7.14,1,14,92.8
15,Ben Crane,8.33,2,24,91.6
15,Charley Hoffman,8.33,2,24,91.6
17,Bubba Watson,9.52,2,21,90.4
18,Dustin Johnson,10.00,2,20,90.0
19,Matt Bettencourt,10.53,2,19,89.4
19,Steve Stricker,10.53,2,19,89.4
21,Graeme McDowell,11.76,2,17,88.2
22,Ernie Els,13.04,3,23,86.9
23,Jason Day,13.33,2,15,86.6
24,Hunter Mahan,13.64,3,22,86.3
25,Carl Pettersson,14.29,2,14,85.7
26,Cameron Beckman,15.38,2,13,84.6
27,Derek Lamely,17.39,4,23,82.6
28,Rocco Mediate,21.05,4,19,78.9
29,Anthony Kim,21.43,3,14,78.5
30,Adam Scott,23.81,5,21,76.1
31,Francesco Molinari,25.00,4,16,75.0
32,Jason Bohn,27.78,5,18,72.2
