rank,player,%,Total 3 Putts,Total Holes
1,Cameron Beckman,5.56,1,18
1,Matt Bettencourt,5.56,1,18
1,Tim Clark,5.56,1,18
1,Jason Day,5.56,1,18
1,Robert Garrigus,5.56,1,18
1,Bill Haas,5.56,1,18
1,Derek Lamely,5.56,1,18
1,Hunter Mahan,5.56,1,18
1,Graeme McDowell,5.56,1,18
1,Rocco Mediate,5.56,1,18
1,Francesco Molinari,5.56,1,18
1,Bubba Watson,5.56,1,18
13,Jason Bohn,11.11,2,18
13,Ben Crane,11.11,2,18
13,Ernie Els,11.11,2,18
13,Jim Furyk,11.11,2,18
13,Charley Hoffman,11.11,2,18
18,Anthony Kim,16.67,3,18
