rank,player,Avg,Total SG:APP,Measured Rounds
1,Webb Simpson,1.846,7.382,4
2,Steve Stricker,1.177,4.706,4
3,Jonathan Byrd,.895,3.580,4
4,K.J. Choi,.766,3.065,4
5,Bryce Molder,.533,2.131,4
6,D.A. Points,.490,1.961,4
7,Scott Piercy,.477,1.906,4
8,Martin Laird,.397,1.589,4
9,Gary Woodland,.333,1.331,4
10,Nick Watney,.276,1.103,4
11,Kevin Na,.206,.823,4
12,Keegan Bradley,.098,.392,4
13,Rory Sabbatini,.067,.268,4
14,Mark Wilson,-.014,-.055,4
15,Scott Stallings,-.053,-.210,4
16,Harrison Frazar,-.107,-.427,4
17,Ben Crane,-.171,-.685,4
18,Bubba Watson,-.289,-1.155,4
19,Bill Haas,-.320,-1.281,4
20,Chris Kirk,-.418,-1.671,4
21,Michael Bradley,-.524,-2.095,4
22,Sean O'Hair,-.707,-2.826,4
23,David Toms,-.852,-3.408,4
24,Johnson Wagner,-.857,-3.427,4
25,Jhonattan Vegas,-.912,-3.646,4
26,Aaron Baddeley,-1.043,-4.170,4
27,Brendan Steele,-1.294,-5.177,4
