rank,player,Avg,Total SG:ARG,Measured Rounds
1,Sean O'Hair,.713,2.851,4
2,Steve Stricker,.652,2.609,4
3,Ben Crane,.436,1.742,4
4,Martin Laird,.430,1.721,4
5,Rory Sabbatini,.350,1.400,4
6,Chris Kirk,.315,1.260,4
7,Gary Woodland,.281,1.124,4
8,Kevin Na,.238,.952,4
9,K.J. Choi,.211,.844,4
10,D.A. Points,.187,.749,4
11,Harrison Frazar,.130,.519,4
12,Johnson Wagner,.090,.361,4
13,Mark Wilson,.033,.133,4
14,Keegan Bradley,.010,.038,4
15,Bubba Watson,-.016,-.065,4
16,Bryce Molder,-.058,-.231,4
16,Webb Simpson,-.058,-.233,4
18,Michael Bradley,-.088,-.353,4
19,Scott Piercy,-.121,-.482,4
20,Brendan Steele,-.161,-.645,4
21,Nick Watney,-.246,-.984,4
22,Bill Haas,-.292,-1.167,4
23,David Toms,-.405,-1.618,4
24,Jhonattan Vegas,-.464,-1.855,4
25,Aaron Baddeley,-.626,-2.505,4
26,Jonathan Byrd,-.744,-2.977,4
27,Scott Stallings,-.797,-3.189,4
