rank,player,Avg,Total Putts,Total Rounds
1,Sam Burns,25.00,25,1
1,Hideki Matsuyama,25.00,25,1
1,Sahith Theegala,25.00,25,1
1,Justin Thomas,25.00,25,1
5,Ludvig Åberg,26.00,26,1
5,Cameron Young,26.00,26,1
7,Byeong Hun An,27.00,27,1
7,Akshay Bhatia,27.00,27,1
7,Cam Davis,27.00,27,1
7,Matthieu Pavon,27.00,27,1
7,Kevin Yu,27.00,27,1
12,Corey Conners,28.00,28,1
12,Thomas Detry,28.00,28,1
12,Brice Garnett,28.00,28,1
12,Adam Hadwin,28.00,28,1
12,Sungjae Im,28.00,28,1
12,Stephan Jaeger,28.00,28,1
12,Si Woo Kim,28.00,28,1
12,Jake Knapp,28.00,28,1
12,Peter Malnati,28.00,28,1
12,Taylor Pendrith,28.00,28,1
12,Jhonattan Vegas,28.00,28,1
23,Rafael Campos,29.00,29,1
23,Wyndham Clark,29.00,29,1
23,Nico Echavarria,29.00,29,1
23,Chris Gotterup,29.00,29,1
23,Max Greyserman,29.00,29,1
23,Max Homa,29.00,29,1
23,Collin Morikawa,29.00,29,1
23,Aaron Rai,29.00,29,1
23,Nick Taylor,29.00,29,1
32,Keegan Bradley,30.00,30,1
32,Patrick Cantlay,30.00,30,1
32,Eric Cole,30.00,30,1
32,Matt Fitzpatrick,30.00,30,1
32,Harry Hall,30.00,30,1
32,Tom Hoge,30.00,30,1
32,Billy Horschel,30.00,30,1
32,Chris Kirk,30.00,30,1
32,Robert MacIntyre,30.00,30,1
32,Denny McCarthy,30.00,30,1
32,Matt McCarty,30.00,30,1
32,Adam Scott,30.00,30,1
32,Davis Thompson,30.00,30,1
45,Jason Day,31.00,31,1
45,Russell Henley,31.00,31,1
45,Viktor Hovland,31.00,31,1
45,Patton Kizzire,31.00,31,1
45,Maverick McNealy,31.00,31,1
45,J.T. Poston,31.00,31,1
51,Christiaan Bezuidenhout,32.00,32,1
51,Austin Eckroat,32.00,32,1
51,Tony Finau,32.00,32,1
51,Xander Schauffele,32.00,32,1
55,Brian Harman,33.00,33,1
56,Nick Dunlap,34.00,34,1
56,Sepp Straka,34.00,34,1
56,Will Zalatoris,34.00,34,1
