rank,player,Avg,Total 3 Putts,Total Rounds
1,Brian Harman,1.50,6,4
2,Davis Thompson,1.25,5,4
3,Nick Dunlap,1.00,4,4
3,Chris Gotterup,1.00,4,4
3,Kevin Yu,1.00,4,4
6,Matt Fitzpatrick,.75,3,4
6,Brice Garnett,.75,3,4
6,Adam Hadwin,.75,3,4
6,Matt McCarty,.75,3,4
6,Nick Taylor,.75,3,4
11,Christiaan Bezuidenhout,.50,2,4
11,Akshay Bhatia,.50,2,4
11,Sam Burns,.50,2,4
11,Patrick Cantlay,.50,2,4
11,Cam Davis,.50,2,4
11,Nico Echavarria,.50,2,4
11,Austin Eckroat,.50,2,4
11,Tony Finau,.50,2,4
11,Harry Hall,.50,2,4
11,Russell Henley,.50,2,4
11,Max Homa,.50,2,4
11,Jake Knapp,.50,2,4
11,Robert MacIntyre,.50,2,4
11,Hideki Matsuyama,.50,2,4
11,Denny McCarthy,.50,2,4
11,Collin Morikawa,.50,2,4
11,J.T. Poston,.50,2,4
11,Aaron Rai,.50,2,4
11,Xander Schauffele,.50,2,4
11,Adam Scott,.50,2,4
31,Ludvig Åberg,.25,1,4
31,Rafael Campos,.25,1,4
31,Eric Cole,.25,1,4
31,Corey Conners,.25,1,4
31,Jason Day,.25,1,4
31,Thomas Detry,.25,1,4
31,Max Greyserman,.25,1,4
31,Tom Hoge,.25,1,4
31,Billy Horschel,.25,1,4
31,Stephan Jaeger,.25,1,4
31,Si Woo Kim,.25,1,4
31,Chris Kirk,.25,1,4
31,Maverick McNealy,.25,1,4
31,Sepp Straka,.25,1,4
31,Sahith Theegala,.25,1,4
31,Justin Thomas,.25,1,4
31,Jhonattan Vegas,.25,1,4
31,Cameron Young,.25,1,4
31,Will Zalatoris,.25,1,4
