rank,player,Avg,Total Putts,Total Rounds
1,Peter Malnati,25.00,25,1
2,Keegan Bradley,26.00,26,1
2,Matt McCarty,26.00,26,1
2,Taylor Pendrith,26.00,26,1
5,Sam Burns,27.00,27,1
5,Wyndham Clark,27.00,27,1
5,Harry Hall,27.00,27,1
5,Si Woo Kim,27.00,27,1
5,Hideki Matsuyama,27.00,27,1
5,J.T. Poston,27.00,27,1
11,Patrick Cantlay,28.00,28,1
11,Eric Cole,28.00,28,1
11,Cam Davis,28.00,28,1
11,Thomas Detry,28.00,28,1
11,Austin Eckroat,28.00,28,1
11,Matt Fitzpatrick,28.00,28,1
11,Max Greyserman,28.00,28,1
11,Adam Hadwin,28.00,28,1
11,Sungjae Im,28.00,28,1
11,Stephan Jaeger,28.00,28,1
11,Collin Morikawa,28.00,28,1
11,Davis Thompson,28.00,28,1
11,Kevin Yu,28.00,28,1
24,Byeong Hun An,29.00,29,1
24,Akshay Bhatia,29.00,29,1
24,Nico Echavarria,29.00,29,1
24,Tom Hoge,29.00,29,1
24,Chris Kirk,29.00,29,1
24,Robert MacIntyre,29.00,29,1
24,Denny McCarthy,29.00,29,1
24,Adam Scott,29.00,29,1
24,Sepp Straka,29.00,29,1
24,Sahith Theegala,29.00,29,1
34,Corey Conners,30.00,30,1
34,Tony Finau,30.00,30,1
34,Chris Gotterup,30.00,30,1
34,Russell Henley,30.00,30,1
34,Viktor Hovland,30.00,30,1
34,Patton Kizzire,30.00,30,1
34,Maverick McNealy,30.00,30,1
34,Matthieu Pavon,30.00,30,1
34,Cameron Young,30.00,30,1
43,Ludvig Åberg,31.00,31,1
43,Christiaan Bezuidenhout,31.00,31,1
43,Rafael Campos,31.00,31,1
43,Jason Day,31.00,31,1
43,Max Homa,31.00,31,1
43,Billy Horschel,31.00,31,1
43,Jhonattan Vegas,31.00,31,1
43,Will Zalatoris,31.00,31,1
51,Aaron Rai,32.00,32,1
51,Xander Schauffele,32.00,32,1
51,Nick Taylor,32.00,32,1
54,Brice Garnett,33.00,33,1
54,Brian Harman,33.00,33,1
54,Justin Thomas,33.00,33,1
57,Nick Dunlap,34.00,34,1
57,Jake Knapp,34.00,34,1
