rank,player,Avg,Total Putts,Total Rounds
1,Sungjae Im,24.00,24,1
2,Si Woo Kim,25.00,25,1
3,Christiaan Bezuidenhout,26.00,26,1
3,Nico Echavarria,26.00,26,1
3,Cameron Young,26.00,26,1
6,Ludvig Åberg,27.00,27,1
6,Patrick Cantlay,27.00,27,1
6,Nick Dunlap,27.00,27,1
6,Chris Kirk,27.00,27,1
6,Patton Kizzire,27.00,27,1
6,Hideki Matsuyama,27.00,27,1
6,Collin Morikawa,27.00,27,1
6,Matthieu Pavon,27.00,27,1
6,Aaron Rai,27.00,27,1
6,Adam Scott,27.00,27,1
16,Thomas Detry,28.00,28,1
16,Xander Schauffele,28.00,28,1
16,Sepp Straka,28.00,28,1
16,Kevin Yu,28.00,28,1
16,Will Zalatoris,28.00,28,1
21,Sam Burns,29.00,29,1
21,Wyndham Clark,29.00,29,1
21,Eric Cole,29.00,29,1
21,Cam Davis,29.00,29,1
21,Matt Fitzpatrick,29.00,29,1
21,Max Greyserman,29.00,29,1
21,Harry Hall,29.00,29,1
21,Russell Henley,29.00,29,1
21,Max Homa,29.00,29,1
21,Viktor Hovland,29.00,29,1
21,Stephan Jaeger,29.00,29,1
21,Taylor Pendrith,29.00,29,1
21,Justin Thomas,29.00,29,1
34,Corey Conners,30.00,30,1
34,Austin Eckroat,30.00,30,1
34,Adam Hadwin,30.00,30,1
34,Peter Malnati,30.00,30,1
34,Nick Taylor,30.00,30,1
34,Jhonattan Vegas,30.00,30,1
40,Byeong Hun An,31.00,31,1
40,Akshay Bhatia,31.00,31,1
40,Keegan Bradley,31.00,31,1
40,Tony Finau,31.00,31,1
40,Brice Garnett,31.00,31,1
40,Tom Hoge,31.00,31,1
40,Maverick McNealy,31.00,31,1
40,Sahith Theegala,31.00,31,1
40,Davis Thompson,31.00,31,1
49,Rafael Campos,32.00,32,1
49,Brian Harman,32.00,32,1
49,Billy Horschel,32.00,32,1
49,Jake Knapp,32.00,32,1
49,Denny McCarthy,32.00,32,1
49,J.T. Poston,32.00,32,1
55,Jason Day,33.00,33,1
55,Chris Gotterup,33.00,33,1
57,Robert MacIntyre,34.00,34,1
57,Matt McCarty,34.00,34,1
