rank,player,Avg,Total Putts,Total Rounds
1,Cameron Young,23.00,23,1
2,Austin Eckroat,26.00,26,1
2,Tony Finau,26.00,26,1
2,Patton Kizzire,26.00,26,1
5,Tom Hoge,27.00,27,1
5,Viktor Hovland,27.00,27,1
5,Jake Knapp,27.00,27,1
5,Maverick McNealy,27.00,27,1
5,Sepp Straka,27.00,27,1
5,Will Zalatoris,27.00,27,1
11,Rafael Campos,28.00,28,1
11,Thomas Detry,28.00,28,1
11,Harry Hall,28.00,28,1
11,Hideki Matsuyama,28.00,28,1
11,Collin Morikawa,28.00,28,1
16,Ludvig Åberg,29.00,29,1
16,Christiaan Bezuidenhout,29.00,29,1
16,Akshay Bhatia,29.00,29,1
16,Patrick Cantlay,29.00,29,1
16,Cam Davis,29.00,29,1
16,Adam Hadwin,29.00,29,1
16,Sungjae Im,29.00,29,1
16,Si Woo Kim,29.00,29,1
16,J.T. Poston,29.00,29,1
16,Justin Thomas,29.00,29,1
16,Jhonattan Vegas,29.00,29,1
27,Corey Conners,30.00,30,1
27,Jason Day,30.00,30,1
27,Brice Garnett,30.00,30,1
27,Brian Harman,30.00,30,1
27,Russell Henley,30.00,30,1
27,Billy Horschel,30.00,30,1
27,Chris Kirk,30.00,30,1
27,Peter Malnati,30.00,30,1
27,Denny McCarthy,30.00,30,1
27,Matt McCarty,30.00,30,1
27,Matthieu Pavon,30.00,30,1
27,Aaron Rai,30.00,30,1
39,Byeong Hun An,31.00,31,1
39,Wyndham Clark,31.00,31,1
39,Eric Cole,31.00,31,1
39,Matt Fitzpatrick,31.00,31,1
39,Max Greyserman,31.00,31,1
39,Stephan Jaeger,31.00,31,1
39,Adam Scott,31.00,31,1
39,Nick Taylor,31.00,31,1
47,Keegan Bradley,32.00,32,1
47,Max Homa,32.00,32,1
47,Taylor Pendrith,32.00,32,1
47,Xander Schauffele,32.00,32,1
51,Nico Echavarria,33.00,33,1
51,Chris Gotterup,33.00,33,1
51,Robert MacIntyre,33.00,33,1
51,Sahith Theegala,33.00,33,1
55,Sam Burns,34.00,34,1
56,Nick Dunlap,35.00,35,1
56,Davis Thompson,35.00,35,1
56,Kevin Yu,35.00,35,1
