rank,player,Avg,Total 2 Putts,Total Rounds
1,Jason Day,12.75,51,4
1,Robert MacIntyre,12.75,51,4
3,Nick Dunlap,12.50,50,4
4,Billy Horschel,12.25,49,4
5,Keegan Bradley,12.00,48,4
5,Xander Schauffele,12.00,48,4
7,Rafael Campos,11.75,47,4
8,Byeong Hun An,11.50,46,4
8,Jake Knapp,11.50,46,4
8,Denny McCarthy,11.50,46,4
8,Sahith Theegala,11.50,46,4
8,Will Zalatoris,11.50,46,4
13,Chris Gotterup,11.25,45,4
13,Max Homa,11.25,45,4
13,Viktor Hovland,11.25,45,4
13,Maverick McNealy,11.25,45,4
13,Taylor Pendrith,11.25,45,4
18,Wyndham Clark,11.00,44,4
18,Eric Cole,11.00,44,4
18,Corey Conners,11.00,44,4
18,Brice Garnett,11.00,44,4
18,Brian Harman,11.00,44,4
18,Russell Henley,11.00,44,4
18,Tom Hoge,11.00,44,4
18,Patton Kizzire,11.00,44,4
18,Sepp Straka,11.00,44,4
18,Nick Taylor,11.00,44,4
18,Jhonattan Vegas,11.00,44,4
29,Tony Finau,10.75,43,4
29,Max Greyserman,10.75,43,4
29,Peter Malnati,10.75,43,4
29,Matt McCarty,10.75,43,4
29,J.T. Poston,10.75,43,4
29,Davis Thompson,10.75,43,4
35,Christiaan Bezuidenhout,10.50,42,4
35,Stephan Jaeger,10.50,42,4
35,Chris Kirk,10.50,42,4
35,Matthieu Pavon,10.50,42,4
35,Aaron Rai,10.50,42,4
35,Justin Thomas,10.50,42,4
41,Nico Echavarria,10.25,41,4
41,Adam Scott,10.25,41,4
43,Ludvig Åberg,10.00,40,4
43,Akshay Bhatia,10.00,40,4
43,Patrick Cantlay,10.00,40,4
43,Austin Eckroat,10.00,40,4
43,Matt Fitzpatrick,10.00,40,4
43,Harry Hall,10.00,40,4
49,Sam Burns,9.75,39,4
50,Cam Davis,9.50,38,4
50,Thomas Detry,9.50,38,4
50,Kevin Yu,9.50,38,4
53,Adam Hadwin,9.25,37,4
53,Sungjae Im,9.25,37,4
55,Collin Morikawa,9.00,36,4
56,Si Woo Kim,8.75,35,4
57,Hideki Matsuyama,8.25,33,4
58,Cameron Young,8.00,32,4
