rank,player,Avg,Total Strokes,Total Rounds
1,Sean O'Hair,65.00,65,1
2,Ryan Palmer,66.00,66,1
3,Ernie Els,67.00,67,1
3,J.B. Holmes,67.00,67,1
3,Dustin Johnson,67.00,67,1
3,Zach Johnson,67.00,67,1
3,Anthony Kim,67.00,67,1
3,Davis Love III,67.00,67,1
3,Chez Reavie,67.00,67,1
10,Geoff Ogilvy,68.00,68,1
10,Carl Pettersson,68.00,68,1
12,Trevor Immelman,69.00,69,1
12,Richard Johnson,69.00,69,1
12,Will MacKenzie,69.00,69,1
12,Johnson Wagner,69.00,69,1
16,Cameron Beckman,70.00,70,1
16,Ryuji Imada,70.00,70,1
16,Justin Leonard,70.00,70,1
16,Kenny Perry,70.00,70,1
16,Adam Scott,70.00,70,1
16,Vijay Singh,70.00,70,1
22,Brian Gay,71.00,71,1
22,Parker McLachlin,71.00,71,1
22,D.J. Trahan,71.00,71,1
25,Daniel Chopra,72.00,72,1
25,Steve Lowery,72.00,72,1
25,Andres Romero,72.00,72,1
25,Boo Weekley,72.00,72,1
29,K.J. Choi,73.00,73,1
29,Camilo Villegas,73.00,73,1
31,Stewart Cink,74.00,74,1
31,Marc Turnesa,74.00,74,1
33,Greg Kraft,75.00,75,1
