rank,player,Avg,Total Strokes,Total Rounds
1,Zach Johnson,64.00,64,1
2,Justin Leonard,65.00,65,1
2,Geoff Ogilvy,65.00,65,1
4,Cameron Beckman,66.00,66,1
4,K.J. Choi,66.00,66,1
4,Camilo Villegas,66.00,66,1
7,Daniel Chopra,67.00,67,1
8,Dustin Johnson,68.00,68,1
8,Anthony Kim,68.00,68,1
8,Greg Kraft,68.00,68,1
8,Davis Love III,68.00,68,1
8,Kenny Perry,68.00,68,1
8,Chez Reavie,68.00,68,1
14,Trevor Immelman,69.00,69,1
14,Will MacKenzie,69.00,69,1
14,Parker McLachlin,69.00,69,1
14,Boo Weekley,69.00,69,1
18,Brian Gay,70.00,70,1
18,Steve Lowery,70.00,70,1
18,Carl Pettersson,70.00,70,1
18,D.J. Trahan,70.00,70,1
18,Marc Turnesa,70.00,70,1
18,Johnson Wagner,70.00,70,1
24,Stewart Cink,71.00,71,1
24,Richard Johnson,71.00,71,1
24,Sean O'Hair,71.00,71,1
24,Andres Romero,71.00,71,1
24,Vijay Singh,71.00,71,1
29,J.B. Holmes,72.00,72,1
29,Ryan Palmer,72.00,72,1
31,Ernie Els,73.00,73,1
31,Adam Scott,73.00,73,1
33,Ryuji Imada,74.00,74,1
