rank,player,%
1,Cameron Beckman,100.00
1,Ernie Els,100.00
1,J.B. Holmes,100.00
1,Ryuji Imada,100.00
1,Trevor Immelman,100.00
1,Dustin Johnson,100.00
1,Richard Johnson,100.00
1,Zach Johnson,100.00
1,Anthony Kim,100.00
1,Justin Leonard,100.00
1,Davis Love III,100.00
1,Will MacKenzie,100.00
1,Parker McLachlin,100.00
1,Sean O'Hair,100.00
1,Geoff Ogilvy,100.00
1,Ryan Palmer,100.00
1,Carl Pettersson,100.00
1,Chez Reavie,100.00
1,Andres Romero,100.00
1,Adam Scott,100.00
1,Vijay Singh,100.00
22,K.J. Choi,.00
22,Daniel Chopra,.00
22,Stewart Cink,.00
22,Brian Gay,.00
22,Greg Kraft,.00
22,Steve Lowery,.00
22,Kenny Perry,.00
22,D.J. Trahan,.00
22,Marc Turnesa,.00
22,Camilo Villegas,.00
22,Johnson Wagner,.00
22,Boo Weekley,.00
