rank,player,Avg,Total Strokes,Total Rounds
1,D.J. Trahan,66.00,66,1
2,Stewart Cink,67.00,67,1
2,Justin Leonard,67.00,67,1
2,Adam Scott,67.00,67,1
2,Camilo Villegas,67.00,67,1
6,Anthony Kim,68.00,68,1
6,Geoff Ogilvy,68.00,68,1
8,Daniel Chopra,69.00,69,1
8,Ernie Els,69.00,69,1
8,Parker McLachlin,69.00,69,1
11,Brian Gay,70.00,70,1
11,Ryuji Imada,70.00,70,1
11,Davis Love III,70.00,70,1
11,Will MacKenzie,70.00,70,1
11,Sean O'Hair,70.00,70,1
11,Chez Reavie,70.00,70,1
11,Boo Weekley,70.00,70,1
18,K.J. Choi,71.00,71,1
18,Kenny Perry,71.00,71,1
18,Johnson Wagner,71.00,71,1
21,Dustin Johnson,72.00,72,1
21,Richard Johnson,72.00,72,1
21,Carl Pettersson,72.00,72,1
24,Cameron Beckman,73.00,73,1
24,Greg Kraft,73.00,73,1
24,Vijay Singh,73.00,73,1
24,Marc Turnesa,73.00,73,1
28,Trevor Immelman,74.00,74,1
28,Andres Romero,74.00,74,1
30,J.B. Holmes,75.00,75,1
30,Zach Johnson,75.00,75,1
30,Steve Lowery,75.00,75,1
30,Ryan Palmer,75.00,75,1
