rank,player,Avg,Total Strokes,Total Rounds
1,Geoff Ogilvy,67.00,67,1
2,Ernie Els,68.00,68,1
2,Kenny Perry,68.00,68,1
2,Johnson Wagner,68.00,68,1
5,Ryuji Imada,69.00,69,1
5,Davis Love III,69.00,69,1
5,Steve Lowery,69.00,69,1
5,Sean O'Hair,69.00,69,1
9,D.J. Trahan,70.00,70,1
9,Boo Weekley,70.00,70,1
11,K.J. Choi,71.00,71,1
11,Zach Johnson,71.00,71,1
11,Anthony Kim,71.00,71,1
14,Brian Gay,72.00,72,1
14,Trevor Immelman,72.00,72,1
14,Dustin Johnson,72.00,72,1
14,Richard Johnson,72.00,72,1
14,Greg Kraft,72.00,72,1
14,Will MacKenzie,72.00,72,1
14,Carl Pettersson,72.00,72,1
21,Adam Scott,73.00,73,1
21,Vijay Singh,73.00,73,1
23,Stewart Cink,74.00,74,1
23,J.B. Holmes,74.00,74,1
23,Justin Leonard,74.00,74,1
23,Camilo Villegas,74.00,74,1
27,Chez Reavie,75.00,75,1
28,Cameron Beckman,76.00,76,1
29,Parker McLachlin,77.00,77,1
30,Ryan Palmer,78.00,78,1
30,Andres Romero,78.00,78,1
32,Daniel Chopra,79.00,79,1
32,Marc Turnesa,79.00,79,1
