rank,player,%,Par 5 Birdies or Better,Par 5 Holes
1,Sergio Garcia,93.75,15,16
2,Justin Thomas,87.50,14,16
3,Patrick Cantlay,81.25,13,16
3,Harris English,81.25,13,16
3,Jon Rahm,81.25,13,16
3,Xander Schauffele,81.25,13,16
7,Ryan Palmer,75.00,12,16
8,Abraham Ancer,68.75,11,16
8,Daniel Berger,68.75,11,16
8,Cameron Champ,68.75,11,16
8,Bryson DeChambeau,68.75,11,16
8,Collin Morikawa,68.75,11,16
8,Joaquin Niemann,68.75,11,16
8,Webb Simpson,68.75,11,16
8,Brendon Todd,68.75,11,16
16,Lanto Griffin,62.50,10,16
16,Sungjae Im,62.50,10,16
16,Kevin Kisner,62.50,10,16
16,Hideki Matsuyama,62.50,10,16
16,Sebastián Muñoz,62.50,10,16
16,Scottie Scheffler,62.50,10,16
16,Hudson Swafford,62.50,10,16
23,Brian Gay,56.25,9,16
23,Dustin Johnson,56.25,9,16
23,Martin Laird,56.25,9,16
23,Marc Leishman,56.25,9,16
23,Patrick Reed,56.25,9,16
23,Adam Scott,56.25,9,16
23,Cameron Smith,56.25,9,16
23,Nick Taylor,56.25,9,16
23,Michael Thompson,56.25,9,16
23,Richy Werenski,56.25,9,16
33,Viktor Hovland,50.00,8,16
33,Kevin Na,50.00,8,16
35,Billy Horschel,43.75,7,16
35,Mackenzie Hughes,43.75,7,16
35,Jason Kokrak,43.75,7,16
35,Robert Streb,43.75,7,16
39,Stewart Cink,37.50,6,16
39,Andrew Landry,37.50,6,16
39,Carlos Ortiz,37.50,6,16
42,Tony Finau,25.00,4,16
