rank,player,Status,Par 4 Avg,Total Par
1,Tony Finau,-12,3.73,1.76
2,Sungjae Im,-11,3.75,1.76
2,Ryan Palmer,-11,3.75,1.76
4,Joaquin Niemann,-10,3.77,1.76
4,Scottie Scheffler,-10,3.77,1.76
6,Billy Horschel,-9,3.80,1.76
6,Dustin Johnson,-9,3.80,1.76
6,Collin Morikawa,-9,3.80,1.76
9,Sebastián Muñoz,-8,3.82,1.76
9,Patrick Reed,-8,3.82,1.76
9,Brendon Todd,-8,3.82,1.76
12,Bryson DeChambeau,-7,3.84,1.76
12,Harris English,-7,3.84,1.76
12,Martin Laird,-7,3.84,1.76
12,Jon Rahm,-7,3.84,1.76
12,Cameron Smith,-7,3.84,1.76
17,Daniel Berger,-6,3.86,1.76
17,Carlos Ortiz,-6,3.86,1.76
19,Abraham Ancer,-5,3.89,1.76
19,Patrick Cantlay,-5,3.89,1.76
19,Viktor Hovland,-5,3.89,1.76
19,Kevin Na,-5,3.89,1.76
19,Xander Schauffele,-5,3.89,1.76
19,Adam Scott,-5,3.89,1.76
19,Justin Thomas,-5,3.89,1.76
19,Richy Werenski,-5,3.89,1.76
27,Andrew Landry,-4,3.91,1.76
27,Nick Taylor,-4,3.91,1.76
27,Michael Thompson,-4,3.91,1.76
30,Stewart Cink,-3,3.93,1.76
30,Lanto Griffin,-3,3.93,1.76
30,Marc Leishman,-3,3.93,1.76
30,Webb Simpson,-3,3.93,1.76
34,Cameron Champ,-2,3.95,1.76
34,Sergio Garcia,-2,3.95,1.76
34,Kevin Kisner,-2,3.95,1.76
37,Brian Gay,-1,3.98,1.76
37,Jason Kokrak,-1,3.98,1.76
39,Robert Streb,E,4.00,1.76
39,Hudson Swafford,E,4.00,1.76
41,Mackenzie Hughes,+1,4.02,1.76
42,Hideki Matsuyama,+2,4.05,1.76
