rank,player,%,Par 4 Birdies or Better,Par 4 Holes
1,Ryan Palmer,36.36,16,44
2,Tony Finau,34.09,15,44
3,Joaquin Niemann,31.82,14,44
4,Sungjae Im,29.55,13,44
4,Dustin Johnson,29.55,13,44
6,Collin Morikawa,27.27,12,44
6,Scottie Scheffler,27.27,12,44
8,Billy Horschel,25.00,11,44
8,Sebastián Muñoz,25.00,11,44
8,Patrick Reed,25.00,11,44
8,Cameron Smith,25.00,11,44
8,Richy Werenski,25.00,11,44
13,Daniel Berger,22.73,10,44
13,Patrick Cantlay,22.73,10,44
13,Harris English,22.73,10,44
13,Lanto Griffin,22.73,10,44
13,Jason Kokrak,22.73,10,44
13,Martin Laird,22.73,10,44
13,Jon Rahm,22.73,10,44
13,Adam Scott,22.73,10,44
13,Webb Simpson,22.73,10,44
13,Justin Thomas,22.73,10,44
13,Michael Thompson,22.73,10,44
13,Brendon Todd,22.73,10,44
25,Abraham Ancer,20.45,9,44
25,Cameron Champ,20.45,9,44
25,Stewart Cink,20.45,9,44
25,Brian Gay,20.45,9,44
25,Kevin Na,20.45,9,44
25,Carlos Ortiz,20.45,9,44
25,Xander Schauffele,20.45,9,44
32,Bryson DeChambeau,18.18,8,44
32,Sergio Garcia,18.18,8,44
32,Viktor Hovland,18.18,8,44
32,Kevin Kisner,18.18,8,44
32,Robert Streb,18.18,8,44
37,Andrew Landry,15.91,7,44
37,Hudson Swafford,15.91,7,44
37,Nick Taylor,15.91,7,44
40,Marc Leishman,13.64,6,44
41,Mackenzie Hughes,9.09,4,44
41,Hideki Matsuyama,9.09,4,44
