rank,player,Avg,Total Strokes,Total Holes
1,Tony Finau,3.73,164,44
2,Sungjae Im,3.75,165,44
2,Ryan Palmer,3.75,165,44
4,Joaquin Niemann,3.77,166,44
4,Scottie Scheffler,3.77,166,44
6,Billy Horschel,3.80,167,44
6,Dustin Johnson,3.80,167,44
6,Collin Morikawa,3.80,167,44
9,Sebastián Muñoz,3.82,168,44
9,Patrick Reed,3.82,168,44
9,Brendon Todd,3.82,168,44
12,Bryson DeChambeau,3.84,169,44
12,Harris English,3.84,169,44
12,Martin Laird,3.84,169,44
12,Jon Rahm,3.84,169,44
12,Cameron Smith,3.84,169,44
17,Daniel Berger,3.86,170,44
17,Carlos Ortiz,3.86,170,44
19,Abraham Ancer,3.89,171,44
19,Patrick Cantlay,3.89,171,44
19,Viktor Hovland,3.89,171,44
19,Kevin Na,3.89,171,44
19,Xander Schauffele,3.89,171,44
19,Adam Scott,3.89,171,44
19,Justin Thomas,3.89,171,44
19,Richy Werenski,3.89,171,44
27,Andrew Landry,3.91,172,44
27,Nick Taylor,3.91,172,44
27,Michael Thompson,3.91,172,44
30,Stewart Cink,3.93,173,44
30,Lanto Griffin,3.93,173,44
30,Marc Leishman,3.93,173,44
30,Webb Simpson,3.93,173,44
34,Cameron Champ,3.95,174,44
34,Sergio Garcia,3.95,174,44
34,Kevin Kisner,3.95,174,44
37,Brian Gay,3.98,175,44
37,Jason Kokrak,3.98,175,44
39,Robert Streb,4.00,176,44
39,Hudson Swafford,4.00,176,44
41,Mackenzie Hughes,4.02,177,44
42,Hideki Matsuyama,4.05,178,44
