rank,player,Status,Par 5 Avg,Total Par
1,Sergio Garcia,-17,3.94,.80
2,Ryan Palmer,-15,4.06,.80
2,Xander Schauffele,-15,4.06,.80
2,Justin Thomas,-15,4.06,.80
5,Harris English,-14,4.13,.80
6,Patrick Cantlay,-13,4.19,.80
6,Jon Rahm,-13,4.19,.80
8,Webb Simpson,-12,4.25,.80
9,Daniel Berger,-11,4.31,.80
9,Cameron Champ,-11,4.31,.80
9,Bryson DeChambeau,-11,4.31,.80
9,Sungjae Im,-11,4.31,.80
9,Kevin Kisner,-11,4.31,.80
9,Collin Morikawa,-11,4.31,.80
9,Brendon Todd,-11,4.31,.80
16,Abraham Ancer,-10,4.38,.80
16,Brian Gay,-10,4.38,.80
16,Hideki Matsuyama,-10,4.38,.80
16,Joaquin Niemann,-10,4.38,.80
16,Hudson Swafford,-10,4.38,.80
21,Lanto Griffin,-9,4.44,.80
21,Martin Laird,-9,4.44,.80
21,Marc Leishman,-9,4.44,.80
21,Sebastián Muñoz,-9,4.44,.80
21,Scottie Scheffler,-9,4.44,.80
21,Adam Scott,-9,4.44,.80
21,Richy Werenski,-9,4.44,.80
28,Mackenzie Hughes,-8,4.50,.80
28,Dustin Johnson,-8,4.50,.80
28,Patrick Reed,-8,4.50,.80
28,Nick Taylor,-8,4.50,.80
28,Michael Thompson,-8,4.50,.80
33,Stewart Cink,-6,4.63,.80
33,Viktor Hovland,-6,4.63,.80
33,Cameron Smith,-6,4.63,.80
33,Robert Streb,-6,4.63,.80
37,Jason Kokrak,-5,4.69,.80
38,Billy Horschel,-4,4.75,.80
39,Kevin Na,-3,4.81,.80
39,Carlos Ortiz,-3,4.81,.80
41,Andrew Landry,-2,4.88,.80
42,Tony Finau,E,5.00,.80
