rank,player,%,Par 3 Birdies or Better,Par 3 Holes
1,Joaquin Niemann,50.00,6,12
2,Lanto Griffin,41.67,5,12
3,Stewart Cink,33.33,4,12
3,Harris English,33.33,4,12
3,Justin Thomas,33.33,4,12
3,Michael Thompson,33.33,4,12
7,Abraham Ancer,25.00,3,12
7,Jason Kokrak,25.00,3,12
9,Daniel Berger,16.67,2,12
9,Bryson DeChambeau,16.67,2,12
9,Sergio Garcia,16.67,2,12
9,Brian Gay,16.67,2,12
9,Billy Horschel,16.67,2,12
9,Sungjae Im,16.67,2,12
9,Dustin Johnson,16.67,2,12
9,Kevin Kisner,16.67,2,12
9,Marc Leishman,16.67,2,12
9,Collin Morikawa,16.67,2,12
9,Jon Rahm,16.67,2,12
9,Xander Schauffele,16.67,2,12
9,Webb Simpson,16.67,2,12
9,Cameron Smith,16.67,2,12
9,Nick Taylor,16.67,2,12
24,Patrick Cantlay,8.33,1,12
24,Tony Finau,8.33,1,12
24,Viktor Hovland,8.33,1,12
24,Mackenzie Hughes,8.33,1,12
24,Martin Laird,8.33,1,12
24,Andrew Landry,8.33,1,12
24,Sebastián Muñoz,8.33,1,12
24,Scottie Scheffler,8.33,1,12
24,Adam Scott,8.33,1,12
24,Robert Streb,8.33,1,12
24,Hudson Swafford,8.33,1,12
24,Richy Werenski,8.33,1,12
36,Cameron Champ,.00,0,12
36,Hideki Matsuyama,.00,0,12
36,Kevin Na,.00,0,12
36,Carlos Ortiz,.00,0,12
36,Ryan Palmer,.00,0,12
36,Patrick Reed,.00,0,12
36,Brendon Todd,.00,0,12
