rank,player,Avg,Total Strokes,Total Holes
1,Lanto Griffin,2.58,31,12
1,Joaquin Niemann,2.58,31,12
3,Harris English,2.67,32,12
3,Justin Thomas,2.67,32,12
5,Jason Kokrak,2.75,33,12
5,Michael Thompson,2.75,33,12
7,Daniel Berger,2.83,34,12
7,Stewart Cink,2.83,34,12
7,Bryson DeChambeau,2.83,34,12
7,Brian Gay,2.83,34,12
7,Marc Leishman,2.83,34,12
12,Abraham Ancer,2.92,35,12
12,Billy Horschel,2.92,35,12
12,Dustin Johnson,2.92,35,12
12,Kevin Kisner,2.92,35,12
12,Xander Schauffele,2.92,35,12
12,Adam Scott,2.92,35,12
12,Webb Simpson,2.92,35,12
12,Cameron Smith,2.92,35,12
12,Nick Taylor,2.92,35,12
21,Viktor Hovland,3.00,36,12
21,Martin Laird,3.00,36,12
21,Collin Morikawa,3.00,36,12
21,Jon Rahm,3.00,36,12
21,Richy Werenski,3.00,36,12
26,Patrick Cantlay,3.08,37,12
26,Tony Finau,3.08,37,12
26,Sergio Garcia,3.08,37,12
26,Sungjae Im,3.08,37,12
26,Andrew Landry,3.08,37,12
26,Sebastián Muñoz,3.08,37,12
26,Patrick Reed,3.08,37,12
26,Robert Streb,3.08,37,12
26,Hudson Swafford,3.08,37,12
35,Cameron Champ,3.17,38,12
35,Carlos Ortiz,3.17,38,12
35,Scottie Scheffler,3.17,38,12
35,Brendon Todd,3.17,38,12
39,Mackenzie Hughes,3.25,39,12
39,Kevin Na,3.25,39,12
39,Ryan Palmer,3.25,39,12
42,Hideki Matsuyama,3.33,40,12
