rank,player,Status,Par 3 Avg,Total Par
1,Lanto Griffin,-5,2.58,.36
1,Joaquin Niemann,-5,2.58,.36
3,Harris English,-4,2.67,.36
3,Justin Thomas,-4,2.67,.36
5,Jason Kokrak,-3,2.75,.36
5,Michael Thompson,-3,2.75,.36
7,Daniel Berger,-2,2.83,.36
7,Stewart Cink,-2,2.83,.36
7,Bryson DeChambeau,-2,2.83,.36
7,Brian Gay,-2,2.83,.36
7,Marc Leishman,-2,2.83,.36
12,Abraham Ancer,-1,2.92,.36
12,Billy Horschel,-1,2.92,.36
12,Dustin Johnson,-1,2.92,.36
12,Kevin Kisner,-1,2.92,.36
12,Xander Schauffele,-1,2.92,.36
12,Adam Scott,-1,2.92,.36
12,Webb Simpson,-1,2.92,.36
12,Cameron Smith,-1,2.92,.36
12,Nick Taylor,-1,2.92,.36
21,Viktor Hovland,E,3.00,.36
21,Martin Laird,E,3.00,.36
21,Collin Morikawa,E,3.00,.36
21,Jon Rahm,E,3.00,.36
21,Richy Werenski,E,3.00,.36
26,Patrick Cantlay,+1,3.08,.36
26,Tony Finau,+1,3.08,.36
26,Sergio Garcia,+1,3.08,.36
26,Sungjae Im,+1,3.08,.36
26,Andrew Landry,+1,3.08,.36
26,Sebastián Muñoz,+1,3.08,.36
26,Patrick Reed,+1,3.08,.36
26,Robert Streb,+1,3.08,.36
26,Hudson Swafford,+1,3.08,.36
35,Cameron Champ,+2,3.17,.36
35,Carlos Ortiz,+2,3.17,.36
35,Scottie Scheffler,+2,3.17,.36
35,Brendon Todd,+2,3.17,.36
39,Mackenzie Hughes,+3,3.25,.36
39,Kevin Na,+3,3.25,.36
39,Ryan Palmer,+3,3.25,.36
42,Hideki Matsuyama,+4,3.33,.36
