rank,player,Avg,Total Strokes,Total Holes
1,Sergio Garcia,3.94,63,16
2,Ryan Palmer,4.06,65,16
2,Xander Schauffele,4.06,65,16
2,Justin Thomas,4.06,65,16
5,Harris English,4.13,66,16
6,Patrick Cantlay,4.19,67,16
6,Jon Rahm,4.19,67,16
8,Webb Simpson,4.25,68,16
9,Daniel Berger,4.31,69,16
9,Cameron Champ,4.31,69,16
9,Bryson DeChambeau,4.31,69,16
9,Sungjae Im,4.31,69,16
9,Kevin Kisner,4.31,69,16
9,Collin Morikawa,4.31,69,16
9,Brendon Todd,4.31,69,16
16,Abraham Ancer,4.38,70,16
16,Brian Gay,4.38,70,16
16,Hideki Matsuyama,4.38,70,16
16,Joaquin Niemann,4.38,70,16
16,Hudson Swafford,4.38,70,16
21,Lanto Griffin,4.44,71,16
21,Martin Laird,4.44,71,16
21,Marc Leishman,4.44,71,16
21,Sebastián Muñoz,4.44,71,16
21,Scottie Scheffler,4.44,71,16
21,Adam Scott,4.44,71,16
21,Richy Werenski,4.44,71,16
28,Mackenzie Hughes,4.50,72,16
28,Dustin Johnson,4.50,72,16
28,Patrick Reed,4.50,72,16
28,Nick Taylor,4.50,72,16
28,Michael Thompson,4.50,72,16
33,Stewart Cink,4.63,74,16
33,Viktor Hovland,4.63,74,16
33,Cameron Smith,4.63,74,16
33,Robert Streb,4.63,74,16
37,Jason Kokrak,4.69,75,16
38,Billy Horschel,4.75,76,16
39,Kevin Na,4.81,77,16
39,Carlos Ortiz,4.81,77,16
41,Andrew Landry,4.88,78,16
42,Tony Finau,5.00,80,16
