rank,player,Avg,Total Distance (feet),# of Attempts,Relative to par
1,Aaron Wise,"31' 2""",62.333,2,-2
2,Patrick Cantlay,"31' 4""",31.333,1,-1
3,Tom Hoge,"41' 11""",41.917,1,-1
4,Adam Svensson,"43' 5""",43.417,1,-1
5,Brian Harman,"47' 9""",95.500,2,-1
6,Sungjae Im,"52' 8""",105.333,2,-1
7,Tom Kim,"54' 10""",109.667,2,-2
8,Sahith Theegala,"62' 4""",124.667,2,-1
9,Viktor Hovland,"76' 4""",229.000,3,-3
10,Collin Morikawa,"83' 8""",167.333,2,-1
11,Adam Scott,"88' 2""",88.167,1,-1
12,Scott Stallings,"89' 11""",89.917,1,E
13,Chad Ramey,"93' 7""",187.167,2,-2
14,Hideki Matsuyama,"95' 8""",287.000,3,-3
15,Mackenzie Hughes,"119' 2""",238.333,2,-1
16,Luke List,"119' 7""",239.167,2,-1
17,Matt Fitzpatrick,"126' 0""",126.000,1,E
18,Jordan Spieth,"126' 7""",126.583,1,E
19,Jon Rahm,"127' 2""",127.167,1,E
20,Justin Thomas,"133' 1""",266.167,2,-1
21,Scottie Scheffler,"134' 10""",134.833,1,-1
22,Russell Henley,"157' 0""",157.000,1,+1
23,Seamus Power,"162' 1""",162.083,1,E
24,Sam Burns,"167' 1""",167.083,1,E
25,Sepp Straka,"172' 0""",172.000,1,-1
26,Billy Horschel,"181' 11""",181.917,1,E
27,J.T. Poston,"184' 6""",184.500,1,E
28,Cameron Young,"185' 7""",185.583,1,E
