rank,player,Avg,Total Distance (feet),# of Attempts,Relative to par
1,Justin Thomas,"5' 7""",5.583,1,E
2,Sungjae Im,"6' 11""",13.750,2,E
3,Billy Horschel,"7' 4""",21.917,3,-1
4,Adam Scott,"7' 7""",30.333,4,E
5,Viktor Hovland,"7' 11""",23.833,3,-1
6,Hideki Matsuyama,"9' 1""",54.667,6,-4
7,Sepp Straka,"9' 7""",57.417,6,-1
8,J.J. Spaun,"9' 11""",39.667,4,-3
9,J.T. Poston,"10' 0""",59.917,6,-3
10,Jordan Spieth,"10' 1""",20.167,2,+1
11,K.H. Lee,"10' 4""",31.000,3,-2
12,Tom Hoge,"10' 10""",64.750,6,-2
13,Aaron Wise,"10' 11""",32.833,3,-2
14,Max Homa,"11' 1""",77.583,7,-4
15,Patrick Cantlay,"11' 5""",34.167,3,-2
16,Cameron Young,"11' 7""",81.250,7,-4
17,Jon Rahm,"11' 8""",46.667,4,-3
18,Sam Burns,"13' 0""",78.000,6,-1
19,Scott Stallings,"13' 1""",39.250,3,-1
20,Russell Henley,"13' 4""",66.667,5,-2
21,Ryan Brehm,"13' 7""",67.750,5,-2
22,Seamus Power,"13' 10""",69.167,5,-3
23,Corey Conners,"14' 1""",42.167,3,-1
24,Matt Fitzpatrick,"14' 2""",42.500,3,-1
25,Will Zalatoris,"15' 11""",111.583,7,-3
26,Chad Ramey,"16' 3""",113.750,7,E
27,Tony Finau,"17' 6""",34.917,2,-1
28,Sahith Theegala,"18' 8""",93.417,5,+2
29,Chez Reavie,"18' 9""",149.917,8,-1
30,Adam Svensson,"19' 8""",58.917,3,E
31,Brian Harman,"21' 5""",64.167,3,-1
32,Mackenzie Hughes,"22' 6""",90.083,4,-2
33,Trey Mullinax,"23' 5""",70.333,3,E
34,Luke List,"23' 9""",142.667,6,+1
35,Scottie Scheffler,"26' 2""",78.500,3,E
36,Tom Kim,"26' 5""",131.917,5,E
37,Keegan Bradley,"37' 0""",259.250,7,E
38,Collin Morikawa,"61' 3""",183.750,3,+1
