rank,player,Avg,Total Distance (feet),# of Attempts,Relative to par
1,J.T. Poston,"4' 3""",4.250,1,E
2,Russell Henley,"6' 11""",27.500,4,-3
3,Sahith Theegala,"11' 10""",23.667,2,-1
4,Adam Svensson,"12' 3""",73.667,6,E
5,Keegan Bradley,"13' 7""",122.333,9,-3
6,Viktor Hovland,"15' 9""",47.167,3,-1
7,Cameron Young,"16' 7""",99.583,6,-1
8,Hideki Matsuyama,"17' 10""",35.583,2,-2
9,Luke List,"17' 11""",71.667,4,E
10,Sam Burns,"18' 2""",72.583,4,-2
11,Seamus Power,"18' 5""",92.250,5,-2
12,Tom Hoge,"18' 9""",18.750,1,-1
13,Collin Morikawa,"19' 0""",94.833,5,-1
13,Adam Scott,"19' 0""",113.750,6,E
15,Scottie Scheffler,"19' 4""",38.667,2,-1
16,Tony Finau,"19' 5""",175.000,9,-2
17,Sepp Straka,"19' 7""",78.167,4,E
18,Justin Thomas,"19' 9""",98.583,5,-2
19,Corey Conners,"21' 6""",128.917,6,-2
20,Billy Horschel,"21' 8""",64.917,3,-1
21,Patrick Cantlay,"21' 11""",131.583,6,-2
22,Will Zalatoris,"22' 7""",90.167,4,E
23,Ryan Brehm,"24' 2""",48.333,2,E
24,Scott Stallings,"24' 3""",145.667,6,E
25,Matt Fitzpatrick,"24' 6""",97.917,4,-1
26,J.J. Spaun,"24' 8""",98.500,4,+2
27,Trey Mullinax,"25' 11""",155.333,6,-1
28,Mackenzie Hughes,"26' 2""",209.167,8,+1
29,Chez Reavie,"27' 5""",137.250,5,E
30,Sungjae Im,"28' 4""",85.083,3,+1
31,Aaron Wise,"30' 10""",123.333,4,+2
32,Jon Rahm,"31' 1""",93.250,3,-1
33,Chad Ramey,"33' 9""",33.750,1,+1
34,K.H. Lee,"33' 10""",67.667,2,+1
35,Jordan Spieth,"33' 11""",101.833,3,+1
36,Tom Kim,"34' 10""",139.333,4,E
37,Max Homa,"39' 1""",156.417,4,E
38,Brian Harman,"51' 3""",51.250,1,E
