rank,player,Avg,Total Distance (feet),# of Attempts,Relative to par
1,Jon Rahm,"3' 0""",3.000,1,-1
2,Chad Ramey,"3' 4""",6.583,2,-2
3,Patrick Cantlay,"4' 2""",4.167,1,-1
4,Luke List,"4' 3""",4.250,1,-1
5,Adam Scott,"4' 6""",4.500,1,-1
6,Russell Henley,"5' 5""",16.250,3,-1
7,Tom Kim,"5' 6""",5.500,1,-1
8,Cameron Young,"6' 5""",12.833,2,-1
9,Collin Morikawa,"7' 7""",22.667,3,-1
10,Scottie Scheffler,"7' 8""",38.250,5,-2
11,Justin Thomas,"8' 4""",33.167,4,-2
12,Tom Hoge,"8' 7""",8.583,1,-1
12,Scott Stallings,"8' 7""",8.583,1,E
14,J.J. Spaun,"8' 11""",26.667,3,-2
15,Corey Conners,"9' 2""",9.167,1,E
16,J.T. Poston,"9' 7""",28.833,3,-1
17,Billy Horschel,"10' 0""",20.000,2,+1
18,Hideki Matsuyama,"11' 0""",11.000,1,E
19,Sepp Straka,"11' 4""",33.917,3,-1
20,Sahith Theegala,"11' 6""",23.000,2,-1
21,Matt Fitzpatrick,"11' 8""",34.917,3,-2
22,Brian Harman,"13' 0""",26.000,2,-1
23,Sam Burns,"14' 4""",28.583,2,-1
24,K.H. Lee,"14' 6""",29.000,2,-1
25,Keegan Bradley,"14' 8""",44.083,3,E
26,Tony Finau,"15' 8""",31.250,2,E
27,Adam Svensson,"15' 9""",62.917,4,-2
28,Will Zalatoris,"18' 0""",71.917,4,-1
29,Max Homa,"18' 10""",94.250,5,+2
30,Sungjae Im,"20' 5""",61.333,3,E
31,Chez Reavie,"21' 2""",21.167,1,E
32,Seamus Power,"22' 4""",67.000,3,-1
33,Aaron Wise,"25' 9""",51.500,2,E
34,Jordan Spieth,"26' 6""",26.500,1,E
35,Ryan Brehm,"28' 11""",202.500,7,E
36,Trey Mullinax,"30' 1""",90.250,3,+1
37,Mackenzie Hughes,"31' 9""",63.417,2,-1
