rank,player,Avg,Total Distance (feet),# of Attempts,Relative to par
1,Tom Hoge,"7' 7""",30.167,4,-1
2,Seamus Power,"9' 8""",48.417,5,-2
3,Brian Harman,"9' 9""",68.000,7,-3
4,J.J. Spaun,"11' 5""",34.333,3,-2
5,Justin Thomas,"12' 1""",60.583,5,-2
6,Tom Kim,"13' 0""",65.167,5,-3
7,K.H. Lee,"13' 1""",91.667,7,-4
8,Cameron Young,"13' 2""",65.667,5,-2
9,Matt Fitzpatrick,"13' 3""",66.083,5,-2
10,Corey Conners,"13' 8""",54.750,4,-2
10,Adam Scott,"13' 8""",68.333,5,E
12,Billy Horschel,"14' 3""",56.833,4,E
13,Ryan Brehm,"14' 8""",88.000,6,-1
14,Chez Reavie,"16' 3""",16.250,1,E
15,Sam Burns,"16' 11""",50.833,3,-1
16,Scottie Scheffler,"17' 2""",85.750,5,-1
17,Sepp Straka,"17' 4""",103.833,6,-2
18,Chad Ramey,"17' 5""",104.667,6,-1
19,Scott Stallings,"17' 6""",69.833,4,-1
20,Patrick Cantlay,"17' 8""",53.000,3,-1
21,J.T. Poston,"18' 3""",145.917,8,-2
21,Adam Svensson,"18' 3""",54.667,3,+1
23,Max Homa,"18' 6""",129.250,7,-2
24,Collin Morikawa,"19' 11""",139.250,7,-4
25,Viktor Hovland,"20' 3""",141.500,7,-3
26,Trey Mullinax,"20' 11""",167.500,8,-2
27,Hideki Matsuyama,"21' 0""",168.250,8,-1
28,Luke List,"21' 2""",126.833,6,-3
29,Sahith Theegala,"24' 5""",122.250,5,-1
30,Tony Finau,"24' 11""",199.417,8,+1
31,Russell Henley,"25' 10""",155.000,6,-2
32,Sungjae Im,"26' 1""",182.417,7,-1
32,Aaron Wise,"26' 1""",156.583,6,-1
34,Jordan Spieth,"26' 7""",106.417,4,E
35,Will Zalatoris,"27' 5""",137.000,5,E
36,Jon Rahm,"29' 4""",234.417,8,-3
37,Keegan Bradley,"29' 5""",88.250,3,-1
38,Mackenzie Hughes,"44' 3""",88.500,2,E
