rank,player,% under then over par,Total under then over Par,Under Par
1,Chris Kirk,.00%,0,28
1,Kurt Kitayama,.00%,0,20
1,Collin Morikawa,.00%,0,22
1,Xander Schauffele,.00%,0,20
1,Scottie Scheffler,.00%,0,26
1,Adam Schenk,.00%,0,20
1,Erik van Rooyen,.00%,0,21
1,Cameron Young,.00%,0,22
9,Sahith Theegala,3.57%,1,28
10,Jordan Spieth,3.85%,1,26
11,Akshay Bhatia,4.00%,1,25
12,Max Homa,4.17%,1,24
13,Tyrrell Hatton,4.35%,1,23
13,J.T. Poston,4.35%,1,23
15,Ludvig Åberg,4.55%,1,22
15,Mackenzie Hughes,4.55%,1,22
15,Justin Rose,4.55%,1,22
18,Adam Svensson,4.76%,1,21
19,Sam Burns,5.00%,1,20
19,Viktor Hovland,5.00%,1,20
19,Si Woo Kim,5.00%,1,20
22,Nick Taylor,5.88%,1,17
23,Lee Hodges,6.67%,1,15
24,Byeong Hun An,7.69%,2,26
24,Tom Kim,7.69%,1,13
26,Adam Hadwin,8.33%,2,24
27,Luke List,8.70%,2,23
28,Patrick Cantlay,9.09%,2,22
28,Nico Echavarria,9.09%,2,22
28,Harris English,9.09%,2,22
28,Tom Hoge,9.09%,2,22
32,Lucas Glover,9.52%,2,21
32,Denny McCarthy,9.52%,2,21
32,Andrew Putnam,9.52%,2,21
35,Keegan Bradley,10.00%,2,20
35,Wyndham Clark,10.00%,2,20
35,Corey Conners,10.00%,2,20
38,Cam Davis,10.53%,2,19
38,Russell Henley,10.53%,2,19
40,Matt Wallace,11.11%,2,18
41,Nick Hardy,11.76%,2,17
41,Camilo Villegas,11.76%,2,17
43,Eric Cole,12.00%,3,25
44,Brian Harman,12.50%,3,24
45,Tony Finau,13.04%,3,23
45,Rickie Fowler,13.04%,3,23
45,Brendon Todd,13.04%,3,23
48,Matt Fitzpatrick,13.64%,3,22
48,Taylor Moore,13.64%,3,22
48,Patrick Rodgers,13.64%,3,22
51,Davis Riley,14.29%,3,21
52,Jason Day,15.38%,4,26
53,Emiliano Grillo,16.67%,3,18
53,Sungjae Im,16.67%,5,30
53,Vincent Norrman,16.67%,2,12
56,Sepp Straka,17.39%,4,23
57,Hideki Matsuyama,18.75%,3,16
58,Tommy Fleetwood,21.05%,4,19
59,Seamus Power,22.22%,4,18
