rank,player,Birdie to Bogey Ratio,Total Birdies and Better,Total Bogeys and Worse
1,Chris Kirk,30.00,30,1
2,Collin Morikawa,25.00,25,1
3,Xander Schauffele,24.00,24,1
4,Jordan Spieth,15.00,30,2
5,Sahith Theegala,10.33,31,3
6,J.T. Poston,9.00,27,3
7,Viktor Hovland,8.00,24,3
8,Lucas Glover,7.67,23,3
9,Si Woo Kim,7.33,22,3
10,Jason Day,7.00,28,4
10,Scottie Scheffler,7.00,28,4
12,Akshay Bhatia,6.75,27,4
13,Patrick Cantlay,6.50,26,4
13,Eric Cole,6.50,26,4
13,Tyrrell Hatton,6.50,26,4
16,Erik van Rooyen,6.00,24,4
17,Byeong Hun An,5.80,29,5
18,Brian Harman,5.60,28,5
19,Wyndham Clark,5.50,22,4
19,Adam Schenk,5.50,22,4
21,Max Homa,5.40,27,5
21,Sepp Straka,5.40,27,5
23,Matt Fitzpatrick,5.20,26,5
23,Patrick Rodgers,5.20,26,5
25,Mackenzie Hughes,5.00,25,5
26,Luke List,4.80,24,5
27,Adam Hadwin,4.67,28,6
28,Kurt Kitayama,4.60,23,5
29,Corey Conners,4.40,22,5
30,Nico Echavarria,4.33,26,6
31,Sungjae Im,4.25,34,8
32,Sam Burns,4.20,21,5
32,Matt Wallace,4.20,21,5
34,Justin Rose,4.17,25,6
34,Cameron Young,4.17,25,6
36,Cam Davis,3.83,23,6
36,Andrew Putnam,3.83,23,6
38,Emiliano Grillo,3.67,22,6
38,Denny McCarthy,3.67,22,6
40,Harris English,3.57,25,7
40,Taylor Moore,3.57,25,7
40,Brendon Todd,3.57,25,7
43,Tom Hoge,3.43,24,7
43,Adam Svensson,3.43,24,7
45,Nick Hardy,3.33,20,6
46,Camilo Villegas,3.00,18,6
47,Tom Kim,2.83,17,6
48,Nick Taylor,2.71,19,7
49,Ludvig Åberg,2.67,24,9
49,Davis Riley,2.67,24,9
51,Tommy Fleetwood,2.63,21,8
52,Tony Finau,2.50,25,10
52,Russell Henley,2.50,20,8
52,Seamus Power,2.50,20,8
55,Keegan Bradley,2.44,22,9
56,Lee Hodges,2.13,17,8
57,Rickie Fowler,2.08,25,12
58,Hideki Matsuyama,1.89,17,9
59,Vincent Norrman,1.67,15,9
