rank,player,% Makes Bogey,Bogeys,Holes Played
1,Chris Kirk,1.39%,1,72
1,Collin Morikawa,1.39%,1,72
1,Xander Schauffele,1.39%,1,72
4,Jordan Spieth,2.78%,2,72
5,Lucas Glover,4.17%,3,72
5,Viktor Hovland,4.17%,3,72
5,Si Woo Kim,4.17%,3,72
5,J.T. Poston,4.17%,3,72
5,Sahith Theegala,4.17%,3,72
10,Akshay Bhatia,5.56%,4,72
10,Patrick Cantlay,5.56%,4,72
10,Wyndham Clark,5.56%,4,72
10,Eric Cole,5.56%,4,72
10,Jason Day,5.56%,4,72
10,Tyrrell Hatton,5.56%,4,72
10,Scottie Scheffler,5.56%,4,72
10,Adam Schenk,5.56%,4,72
10,Erik van Rooyen,5.56%,4,72
19,Byeong Hun An,6.94%,5,72
19,Sam Burns,6.94%,5,72
19,Corey Conners,6.94%,5,72
19,Matt Fitzpatrick,6.94%,5,72
19,Brian Harman,6.94%,5,72
19,Max Homa,6.94%,5,72
19,Mackenzie Hughes,6.94%,5,72
19,Kurt Kitayama,6.94%,5,72
19,Luke List,6.94%,5,72
19,Patrick Rodgers,6.94%,5,72
19,Sepp Straka,6.94%,5,72
19,Matt Wallace,6.94%,5,72
31,Cam Davis,8.33%,6,72
31,Nico Echavarria,8.33%,6,72
31,Emiliano Grillo,8.33%,6,72
31,Adam Hadwin,8.33%,6,72
31,Nick Hardy,8.33%,6,72
31,Tom Kim,8.33%,6,72
31,Denny McCarthy,8.33%,6,72
31,Andrew Putnam,8.33%,6,72
31,Justin Rose,8.33%,6,72
31,Camilo Villegas,8.33%,6,72
31,Cameron Young,8.33%,6,72
42,Harris English,9.72%,7,72
42,Tom Hoge,9.72%,7,72
42,Taylor Moore,9.72%,7,72
42,Adam Svensson,9.72%,7,72
42,Nick Taylor,9.72%,7,72
42,Brendon Todd,9.72%,7,72
48,Tommy Fleetwood,11.11%,8,72
48,Russell Henley,11.11%,8,72
48,Lee Hodges,11.11%,8,72
48,Sungjae Im,11.11%,8,72
48,Seamus Power,11.11%,8,72
53,Ludvig Åberg,12.50%,9,72
53,Keegan Bradley,12.50%,9,72
53,Hideki Matsuyama,12.50%,9,72
53,Vincent Norrman,12.50%,9,72
53,Davis Riley,12.50%,9,72
58,Tony Finau,13.89%,10,72
59,Rickie Fowler,16.67%,12,72
