rank,player,Average Bogeys per round,Total Bogeys,Rounds Played
1,Chris Kirk,0.25,1,4
1,Collin Morikawa,0.25,1,4
1,Xander Schauffele,0.25,1,4
1,Jordan Spieth,0.25,1,4
5,Cam Davis,0.50,2,4
5,Lucas Glover,0.50,2,4
5,Viktor Hovland,0.50,2,4
8,Akshay Bhatia,0.75,3,4
8,Jason Day,0.75,3,4
8,Tyrrell Hatton,0.75,3,4
8,Si Woo Kim,0.75,3,4
8,J.T. Poston,0.75,3,4
8,Sahith Theegala,0.75,3,4
14,Patrick Cantlay,1.00,4,4
14,Wyndham Clark,1.00,4,4
14,Eric Cole,1.00,4,4
14,Nico Echavarria,1.00,4,4
14,Matt Fitzpatrick,1.00,4,4
14,Brian Harman,1.00,4,4
14,Justin Rose,1.00,4,4
14,Scottie Scheffler,1.00,4,4
14,Adam Schenk,1.00,4,4
14,Erik van Rooyen,1.00,4,4
14,Matt Wallace,1.00,4,4
14,Cameron Young,1.00,4,4
26,Byeong Hun An,1.25,5,4
26,Sam Burns,1.25,5,4
26,Corey Conners,1.25,5,4
26,Emiliano Grillo,1.25,5,4
26,Nick Hardy,1.25,5,4
26,Max Homa,1.25,5,4
26,Mackenzie Hughes,1.25,5,4
26,Kurt Kitayama,1.25,5,4
26,Luke List,1.25,5,4
26,Denny McCarthy,1.25,5,4
26,Andrew Putnam,1.25,5,4
26,Patrick Rodgers,1.25,5,4
26,Sepp Straka,1.25,5,4
26,Nick Taylor,1.25,5,4
26,Brendon Todd,1.25,5,4
41,Adam Hadwin,1.50,6,4
41,Tom Hoge,1.50,6,4
41,Tom Kim,1.50,6,4
41,Davis Riley,1.50,6,4
41,Camilo Villegas,1.50,6,4
46,Ludvig Åberg,1.75,7,4
46,Harris English,1.75,7,4
46,Russell Henley,1.75,7,4
46,Sungjae Im,1.75,7,4
46,Taylor Moore,1.75,7,4
46,Seamus Power,1.75,7,4
46,Adam Svensson,1.75,7,4
53,Tommy Fleetwood,2.00,8,4
53,Lee Hodges,2.00,8,4
53,Hideki Matsuyama,2.00,8,4
56,Keegan Bradley,2.25,9,4
56,Tony Finau,2.25,9,4
56,Vincent Norrman,2.25,9,4
59,Rickie Fowler,2.50,10,4
