rank,player,Frequency,# of Holes,# of Eagles
1,Patrick Cantlay,24.0,72,3
2,Ludvig Åberg,36.0,72,2
2,Christiaan Bezuidenhout,36.0,72,2
2,Keegan Bradley,36.0,72,2
2,Corey Conners,36.0,72,2
2,Cam Davis,36.0,72,2
2,Tony Finau,36.0,72,2
2,Viktor Hovland,36.0,72,2
2,Patton Kizzire,36.0,72,2
2,Jake Knapp,36.0,72,2
2,Hideki Matsuyama,36.0,72,2
2,Taylor Pendrith,36.0,72,2
2,Nick Taylor,36.0,72,2
2,Sahith Theegala,36.0,72,2
2,Justin Thomas,36.0,72,2
2,Davis Thompson,36.0,72,2
17,Akshay Bhatia,72.0,72,1
17,Wyndham Clark,72.0,72,1
17,Thomas Detry,72.0,72,1
17,Nico Echavarria,72.0,72,1
17,Austin Eckroat,72.0,72,1
17,Adam Hadwin,72.0,72,1
17,Harry Hall,72.0,72,1
17,Brian Harman,72.0,72,1
17,Sungjae Im,72.0,72,1
17,Si Woo Kim,72.0,72,1
17,Chris Kirk,72.0,72,1
17,Peter Malnati,72.0,72,1
17,Collin Morikawa,72.0,72,1
17,Matthieu Pavon,72.0,72,1
17,Aaron Rai,72.0,72,1
17,Xander Schauffele,72.0,72,1
17,Jhonattan Vegas,72.0,72,1
17,Cameron Young,72.0,72,1
17,Kevin Yu,72.0,72,1
