rank,player,%
1,Tom Hoge,100.00%
1,Hideki Matsuyama,100.00%
3,Justin Thomas,83.33%
4,Max Homa,75.00%
4,Maverick McNealy,75.00%
6,Adam Hadwin,71.43%
7,Cameron Young,66.67%
8,Cam Davis,62.50%
8,Nick Taylor,62.50%
10,Ludvig Åberg,60.00%
10,Denny McCarthy,60.00%
10,Xander Schauffele,60.00%
13,Russell Henley,57.14%
14,Byeong Hun An,50.00%
14,Si Woo Kim,50.00%
14,Collin Morikawa,50.00%
17,Matt Fitzpatrick,44.44%
18,Patton Kizzire,42.86%
19,Brian Harman,41.67%
20,Keegan Bradley,40.00%
20,Sam Burns,40.00%
20,Robert MacIntyre,40.00%
23,Austin Eckroat,37.50%
23,Chris Gotterup,37.50%
23,Stephan Jaeger,37.50%
23,Davis Thompson,37.50%
27,Rafael Campos,33.33%
27,Wyndham Clark,33.33%
27,Jason Day,33.33%
27,Nick Dunlap,33.33%
27,Harry Hall,33.33%
27,Matt McCarty,33.33%
27,Jhonattan Vegas,33.33%
34,Patrick Cantlay,30.00%
34,J.T. Poston,30.00%
36,Billy Horschel,28.57%
36,Viktor Hovland,28.57%
36,Aaron Rai,28.57%
36,Sepp Straka,28.57%
36,Kevin Yu,28.57%
41,Jake Knapp,27.27%
42,Akshay Bhatia,25.00%
42,Corey Conners,25.00%
42,Thomas Detry,25.00%
42,Max Greyserman,25.00%
42,Sungjae Im,25.00%
42,Chris Kirk,25.00%
48,Peter Malnati,20.00%
48,Taylor Pendrith,20.00%
50,Brice Garnett,16.67%
50,Matthieu Pavon,16.67%
52,Sahith Theegala,12.50%
53,Christiaan Bezuidenhout,.00%
53,Eric Cole,.00%
53,Nico Echavarria,.00%
53,Tony Finau,.00%
53,Adam Scott,.00%
53,Will Zalatoris,.00%
