rank,player,Total
1,Patrick Cantlay,3
2,Ludvig Åberg,2
2,Christiaan Bezuidenhout,2
2,Keegan Bradley,2
2,Corey Conners,2
2,Cam Davis,2
2,Tony Finau,2
2,Viktor Hovland,2
2,Patton Kizzire,2
2,Jake Knapp,2
2,Hideki Matsuyama,2
2,Taylor Pendrith,2
2,Nick Taylor,2
2,Sahith Theegala,2
2,Justin Thomas,2
2,Davis Thompson,2
17,Akshay Bhatia,1
17,Wyndham Clark,1
17,Thomas Detry,1
17,Nico Echavarria,1
17,Austin Eckroat,1
17,Adam Hadwin,1
17,Harry Hall,1
17,Brian Harman,1
17,Sungjae Im,1
17,Si Woo Kim,1
17,Chris Kirk,1
17,Peter Malnati,1
17,Collin Morikawa,1
17,Matthieu Pavon,1
17,Aaron Rai,1
17,Xander Schauffele,1
17,Jhonattan Vegas,1
17,Cameron Young,1
17,Kevin Yu,1
36,Byeong Hun An,0
36,Sam Burns,0
36,Rafael Campos,0
36,Eric Cole,0
36,Jason Day,0
36,Nick Dunlap,0
36,Matt Fitzpatrick,0
36,Brice Garnett,0
36,Chris Gotterup,0
36,Max Greyserman,0
36,Russell Henley,0
36,Tom Hoge,0
36,Max Homa,0
36,Billy Horschel,0
36,Stephan Jaeger,0
36,Robert MacIntyre,0
36,Denny McCarthy,0
36,Matt McCarty,0
36,Maverick McNealy,0
36,J.T. Poston,0
36,Adam Scott,0
36,Sepp Straka,0
36,Will Zalatoris,0
