rank,player,Avg,Total 1 Putts,Total Rounds
1,Brian Gay,7.50,30,4
1,Nathan Green,7.50,30,4
1,Geoff Ogilvy,7.50,30,4
4,Stewart Cink,7.25,29,4
4,Sean O'Hair,7.25,29,4
6,Retief Goosen,6.75,27,4
6,Martin Laird,6.75,27,4
6,Rory Sabbatini,6.75,27,4
9,Matt Kuchar,6.50,26,4
9,Mark Wilson,6.50,26,4
11,Paul Casey,6.25,25,4
11,Dustin Johnson,6.25,25,4
11,Jerry Kelly,6.25,25,4
11,Pat Perez,6.25,25,4
11,Steve Stricker,6.25,25,4
11,Nick Watney,6.25,25,4
17,Ángel Cabrera,6.00,24,4
17,Kenny Perry,6.00,24,4
17,Heath Slocum,6.00,24,4
20,Michael Bradley,5.75,23,4
20,Lucas Glover,5.75,23,4
20,Bo Van Pelt,5.75,23,4
23,Y.E. Yang,5.50,22,4
24,Zach Johnson,5.25,21,4
24,Ryan Moore,5.25,21,4
26,John Rollins,4.50,18,4
27,Stephen Ames,3.75,15,4
27,Troy Matteson,3.75,15,4
