rank,player,%,# of 1 putts,# of holes
1,Ángel Cabrera,55.56,10,18
2,Brian Gay,50.00,9,18
2,Nathan Green,50.00,9,18
2,Sean O'Hair,50.00,9,18
2,Geoff Ogilvy,50.00,9,18
2,Rory Sabbatini,50.00,9,18
2,Heath Slocum,50.00,9,18
8,Lucas Glover,44.44,8,18
9,Martin Laird,38.89,7,18
9,John Rollins,38.89,7,18
9,Nick Watney,38.89,7,18
12,Paul Casey,33.33,6,18
12,Zach Johnson,33.33,6,18
12,Pat Perez,33.33,6,18
12,Kenny Perry,33.33,6,18
12,Steve Stricker,33.33,6,18
12,Bo Van Pelt,33.33,6,18
12,Y.E. Yang,33.33,6,18
19,Stephen Ames,27.78,5,18
19,Michael Bradley,27.78,5,18
19,Dustin Johnson,27.78,5,18
19,Matt Kuchar,27.78,5,18
19,Ryan Moore,27.78,5,18
19,Mark Wilson,27.78,5,18
25,Stewart Cink,22.22,4,18
25,Retief Goosen,22.22,4,18
25,Jerry Kelly,22.22,4,18
28,Troy Matteson,16.67,3,18
