rank,player,%,# of 1 putts,# of holes
1,Nathan Green,61.11,11,18
2,Lucas Glover,50.00,9,18
3,Martin Laird,44.44,8,18
3,Geoff Ogilvy,44.44,8,18
5,Stewart Cink,38.89,7,18
5,Brian Gay,38.89,7,18
5,Retief Goosen,38.89,7,18
5,Matt Kuchar,38.89,7,18
5,Pat Perez,38.89,7,18
5,Kenny Perry,38.89,7,18
5,Bo Van Pelt,38.89,7,18
5,Mark Wilson,38.89,7,18
13,Ángel Cabrera,33.33,6,18
13,Paul Casey,33.33,6,18
13,Dustin Johnson,33.33,6,18
13,Jerry Kelly,33.33,6,18
13,Nick Watney,33.33,6,18
18,Ryan Moore,27.78,5,18
18,John Rollins,27.78,5,18
18,Y.E. Yang,27.78,5,18
21,Stephen Ames,22.22,4,18
21,Michael Bradley,22.22,4,18
21,Sean O'Hair,22.22,4,18
21,Rory Sabbatini,22.22,4,18
21,Heath Slocum,22.22,4,18
26,Zach Johnson,16.67,3,18
26,Steve Stricker,16.67,3,18
28,Troy Matteson,11.11,2,18
