rank,player,Total,Total (for all distances),Pct of all 1-putts
1,Sean O'Hair,15,29,51.7
2,Paul Casey,14,25,56.0
2,Brian Gay,14,30,46.7
2,Geoff Ogilvy,14,30,46.7
2,Nick Watney,14,25,56.0
6,Ángel Cabrera,13,24,54.2
6,Nathan Green,13,30,43.3
6,Dustin Johnson,13,25,52.0
6,Jerry Kelly,13,25,52.0
6,Matt Kuchar,13,26,50.0
6,Martin Laird,13,27,48.1
12,Rory Sabbatini,12,27,44.4
12,Steve Stricker,12,25,48.0
14,Stewart Cink,11,29,37.9
14,Zach Johnson,11,21,52.4
14,Bo Van Pelt,11,23,47.8
17,Kenny Perry,10,24,41.7
17,Y.E. Yang,10,22,45.5
19,Ryan Moore,9,21,42.9
19,Pat Perez,9,25,36.0
19,John Rollins,9,18,50.0
19,Mark Wilson,9,26,34.6
23,Stephen Ames,8,15,53.3
23,Lucas Glover,8,23,34.8
25,Michael Bradley,7,23,30.4
25,Troy Matteson,7,15,46.7
25,Heath Slocum,7,24,29.2
28,Retief Goosen,6,27,22.2
