rank,player,Total,Total (for all distances),Pct of all 1-putts
1,Dustin Johnson,3,25,12.0
2,Stewart Cink,2,29,6.9
2,Lucas Glover,2,23,8.7
2,Jerry Kelly,2,25,8.0
2,Martin Laird,2,27,7.4
2,Geoff Ogilvy,2,30,6.7
2,Heath Slocum,2,24,8.3
2,Bo Van Pelt,2,23,8.7
9,Stephen Ames,1,15,6.7
9,Michael Bradley,1,23,4.3
9,Paul Casey,1,25,4.0
9,Retief Goosen,1,27,3.7
9,Zach Johnson,1,21,4.8
9,Troy Matteson,1,15,6.7
9,Ryan Moore,1,21,4.8
9,Pat Perez,1,25,4.0
9,Rory Sabbatini,1,27,3.7
9,Steve Stricker,1,25,4.0
9,Nick Watney,1,25,4.0
9,Y.E. Yang,1,22,4.5
