rank,player,%,# of 1 putts,# of holes
1,Michael Bradley,55.56,10,18
2,Stewart Cink,50.00,9,18
2,Mark Wilson,50.00,9,18
4,Retief Goosen,44.44,8,18
4,Geoff Ogilvy,44.44,8,18
4,Y.E. Yang,44.44,8,18
7,Zach Johnson,38.89,7,18
7,Jerry Kelly,38.89,7,18
7,Ryan Moore,38.89,7,18
7,Sean O'Hair,38.89,7,18
7,Kenny Perry,38.89,7,18
7,Heath Slocum,38.89,7,18
7,Nick Watney,38.89,7,18
14,Paul Casey,33.33,6,18
14,Brian Gay,33.33,6,18
14,Dustin Johnson,33.33,6,18
14,Pat Perez,33.33,6,18
14,Steve Stricker,33.33,6,18
14,Bo Van Pelt,33.33,6,18
20,Ángel Cabrera,27.78,5,18
20,Matt Kuchar,27.78,5,18
20,Martin Laird,27.78,5,18
20,Troy Matteson,27.78,5,18
20,Rory Sabbatini,27.78,5,18
25,Nathan Green,22.22,4,18
25,John Rollins,22.22,4,18
27,Stephen Ames,16.67,3,18
27,Lucas Glover,16.67,3,18
