rank,player,%,# of 1 putts,# of holes
1,Steve Stricker,55.56,10,18
2,Stewart Cink,50.00,9,18
2,Matt Kuchar,50.00,9,18
2,Sean O'Hair,50.00,9,18
2,Rory Sabbatini,50.00,9,18
6,Brian Gay,44.44,8,18
6,Retief Goosen,44.44,8,18
6,Dustin Johnson,44.44,8,18
6,Jerry Kelly,44.44,8,18
10,Paul Casey,38.89,7,18
10,Martin Laird,38.89,7,18
12,Nathan Green,33.33,6,18
12,Pat Perez,33.33,6,18
14,Zach Johnson,27.78,5,18
14,Troy Matteson,27.78,5,18
14,Geoff Ogilvy,27.78,5,18
14,Nick Watney,27.78,5,18
14,Mark Wilson,27.78,5,18
19,Michael Bradley,22.22,4,18
19,Ryan Moore,22.22,4,18
19,Kenny Perry,22.22,4,18
19,Heath Slocum,22.22,4,18
19,Bo Van Pelt,22.22,4,18
24,Stephen Ames,16.67,3,18
24,Ángel Cabrera,16.67,3,18
24,Lucas Glover,16.67,3,18
24,Y.E. Yang,16.67,3,18
28,John Rollins,11.11,2,18
