rank,player,Total,Total (for all distances),Pct of all 1-putts
1,Retief Goosen,14,27,51.9
1,Mark Wilson,14,26,53.8
3,Brian Gay,12,30,40.0
4,Nathan Green,10,30,33.3
4,Pat Perez,10,25,40.0
6,Matt Kuchar,9,26,34.6
6,Martin Laird,9,27,33.3
6,Heath Slocum,9,24,37.5
9,Michael Bradley,8,23,34.8
9,Stewart Cink,8,29,27.6
9,Lucas Glover,8,23,34.8
9,Geoff Ogilvy,8,30,26.7
9,Kenny Perry,8,24,33.3
9,Rory Sabbatini,8,27,29.6
9,Nick Watney,8,25,32.0
9,Y.E. Yang,8,22,36.4
17,Ángel Cabrera,7,24,29.2
17,Ryan Moore,7,21,33.3
17,John Rollins,7,18,38.9
20,Dustin Johnson,6,25,24.0
20,Zach Johnson,6,21,28.6
20,Sean O'Hair,6,29,20.7
20,Steve Stricker,6,25,24.0
24,Paul Casey,5,25,20.0
24,Bo Van Pelt,5,23,21.7
26,Stephen Ames,3,15,20.0
27,Jerry Kelly,2,25,8.0
27,Troy Matteson,2,15,13.3
