rank,player,Distance,Year/Tourn#,Round,Hole
1,John Rollins,"55' 0""",SBS Championshi,2,15 - Par 5
2,Dustin Johnson,"53' 8""",SBS Championshi,4,4 - Par 4 -
3,Kenny Perry,"41' 11""",SBS Championshi,4,4 - Par 4 -
4,Ryan Moore,"40' 1""",SBS Championshi,3,5 - Par 5 -
5,Paul Casey,"39' 0""",SBS Championshi,2,11 - Par 3
6,Geoff Ogilvy,"38' 0""",SBS Championshi,2,10 - Par 4
7,Sean O'Hair,"37' 4""",SBS Championshi,3,7 - Par 4 -
8,Lucas Glover,"36' 2""",SBS Championshi,1,11 - Par 3
11,Zach Johnson,"33' 0""",SBS Championshi,4,6 - Par 4 -
13,Jerry Kelly,"32' 4""",SBS Championshi,4,15 - Par 5
14,Steve Stricker,"31' 8""",SBS Championshi,1,11 - Par 3
15,Nathan Green,"31' 8""",SBS Championshi,1,11 - Par 3
18,Retief Goosen,"28' 10""",SBS Championshi,2,8 - Par 3 -
20,Bo Van Pelt,"28' 3""",SBS Championshi,2,13 - Par 4
21,Pat Perez,"27' 5""",SBS Championshi,3,5 - Par 5 -
23,Ángel Cabrera,"26' 4""",SBS Championshi,4,1 - Par 4 -
29,Brian Gay,"24' 3""",SBS Championshi,3,1 - Par 4 -
32,Y.E. Yang,"23' 3""",SBS Championshi,3,7 - Par 4 -
33,Rory Sabbatini,"22' 11""",SBS Championshi,3,17 - Par 4
36,Stephen Ames,"22' 7""",SBS Championshi,4,10 - Par 4
37,Heath Slocum,"22' 4""",SBS Championshi,3,17 - Par 4
39,Michael Bradley,"21' 4""",SBS Championshi,2,11 - Par 3
40,Troy Matteson,"21' 4""",SBS Championshi,1,13 - Par 4
43,Stewart Cink,"21' 0""",SBS Championshi,2,15 - Par 5
52,Nick Watney,"17' 11""",SBS Championshi,4,18 - Par 5
62,Martin Laird,"16' 9""",SBS Championshi,4,3 - Par 4 -
76,Matt Kuchar,"14' 11""",SBS Championshi,1,6 - Par 4 -
120,Mark Wilson,"12' 5""",SBS Championshi,3,18 - Par 5
