rank,player,Total,Distance Rank,Accuracy Rank
1,Aaron Baddeley,20,7,13
1,Patrick Reed,20,15,5
1,Justin Thomas,20,3,17
4,Pat Perez,22,17,5
5,Rod Pampling,24,21,3
5,Bubba Watson,24,5,19
7,Ryan Moore,25,22,3
8,Tony Finau,27,2,25
9,James Hahn,28,14,14
9,Jim Herman,28,18,10
9,Charley Hoffman,28,9,19
9,Jordan Spieth,28,11,17
9,Vaughn Taylor,28,27,1
14,Dustin Johnson,29,1,28
15,Daniel Berger,30,16,14
16,William McGirt,31,29,2
17,Mackenzie Hughes,32,13,19
18,Jason Dufner,33,23,10
18,Hideki Matsuyama,33,10,23
20,Fabián Gómez,34,20,14
21,Jason Day,35,4,31
22,Billy Hurley III,36,31,5
22,Brendan Steele,36,6,30
22,Jhonattan Vegas,36,8,28
25,Greg Chalmers,38,30,8
25,Branden Grace,38,12,26
25,Russell Knox,38,28,10
25,Jimmy Walker,38,19,19
29,Brian Stuard,40,32,8
30,Brandt Snedeker,47,24,23
31,Cody Gribble,52,26,26
32,Si Woo Kim,57,25,32
