rank,player,Avg,Total SG:OTT,Measured Rounds
1,Dustin Johnson,1.562,6.247,4
2,Bubba Watson,1.535,6.139,4
3,Justin Thomas,1.225,4.902,4
4,Tony Finau,.926,3.706,4
5,Hideki Matsuyama,.679,2.717,4
6,Patrick Reed,.643,2.571,4
7,Jason Day,.468,1.871,4
8,Charley Hoffman,.425,1.702,4
9,Branden Grace,.416,1.664,4
10,Jim Herman,.376,1.506,4
11,William McGirt,.320,1.281,4
12,Daniel Berger,.317,1.270,4
13,Rod Pampling,.309,1.237,4
14,Mackenzie Hughes,.249,.998,4
15,Aaron Baddeley,.124,.495,4
16,Brandt Snedeker,.120,.480,4
17,Jason Dufner,.016,.065,4
18,Jordan Spieth,-.005,-.018,4
19,Brendan Steele,-.115,-.461,4
20,Jimmy Walker,-.132,-.527,4
21,Vaughn Taylor,-.298,-1.191,4
22,Fabián Gómez,-.348,-1.393,4
23,Pat Perez,-.363,-1.452,4
24,Jhonattan Vegas,-.386,-1.543,4
25,James Hahn,-.406,-1.624,4
26,Cody Gribble,-.415,-1.658,4
27,Ryan Moore,-.507,-2.029,4
28,Russell Knox,-.672,-2.686,4
29,Brian Stuard,-.788,-3.152,4
30,Greg Chalmers,-1.366,-5.463,4
31,Billy Hurley III,-1.388,-5.552,4
32,Si Woo Kim,-2.522,-10.089,4
