rank,player,Avg,Distance (in inches),Attempts
1,Stephan Jaeger,234.9,"118,381",14
2,Tom Hoge,240.2,"95,126",11
3,Adam Scott,241.0,"112,800",13
4,Harry Hall,241.4,"121,652",14
5,Sepp Straka,243.9,"140,496",16
6,Collin Morikawa,244.2,"131,883",15
7,Russell Henley,245.2,"114,772",13
8,Cameron Young,246.5,"133,093",15
9,Matt Fitzpatrick,246.8,"159,897",18
10,Wyndham Clark,247.1,"160,093",18
11,Viktor Hovland,250.4,"153,233",17
12,Maverick McNealy,251.5,"172,042",19
13,Adam Hadwin,251.7,"126,850",14
14,Davis Thompson,251.9,"163,208",18
15,Jhonattan Vegas,252.0,"172,401",19
16,Austin Eckroat,252.1,"145,196",16
17,Keegan Bradley,252.2,"172,498",19
18,Patton Kizzire,252.5,"118,184",13
19,Tony Finau,252.6,"136,425",15
20,Rafael Campos,253.4,"109,472",12
21,Sungjae Im,253.7,"164,418",18
22,Denny McCarthy,254.7,"128,357",14
23,Cam Davis,255.9,"175,061",19
24,Eric Cole,256.5,"138,513",15
25,Peter Malnati,257.0,"120,278",13
26,Christiaan Bezuidenhout,257.2,"129,653",14
27,Max Greyserman,257.9,"167,119",18
28,Corey Conners,258.5,"176,804",19
28,Thomas Detry,258.5,"158,216",17
28,Nico Echavarria,258.5,"148,900",16
28,Robert MacIntyre,258.5,"176,845",19
32,Ludvig Åberg,258.8,"177,033",19
33,Brice Garnett,259.0,"111,870",12
34,Sam Burns,259.2,"186,633",20
35,Chris Gotterup,259.3,"158,680",17
36,Max Homa,259.4,"168,104",18
37,Akshay Bhatia,259.5,"168,130",18
37,Will Zalatoris,259.5,"140,123",15
39,Nick Taylor,259.6,"158,869",17
40,Matt McCarty,260.4,"131,245",14
41,Hideki Matsuyama,260.7,"159,552",17
42,Billy Horschel,262.7,"160,767",17
43,J.T. Poston,262.9,"170,370",18
44,Nick Dunlap,263.4,"151,709",16
45,Si Woo Kim,263.8,"170,921",18
46,Aaron Rai,264.5,"171,407",18
47,Kevin Yu,264.8,"171,620",18
48,Jake Knapp,268.9,"174,244",18
49,Taylor Pendrith,269.1,"203,435",21
50,Sahith Theegala,269.5,"213,476",22
51,Patrick Cantlay,271.0,"175,626",18
52,Jason Day,271.6,"205,330",21
53,Byeong Hun An,272.0,"186,031",19
53,Chris Kirk,272.0,"195,862",20
53,Xander Schauffele,272.0,"205,638",21
56,Matthieu Pavon,272.1,"186,091",19
57,Brian Harman,272.7,"176,724",18
58,Justin Thomas,276.1,"208,763",21
