rank,player,%,Attempts,Non-Attempts,RTP-Going for the green,RTP-Not going for the grn
1,Taylor Pendrith,91.30%,21,2,-15,-1
1,Sahith Theegala,91.30%,21,2,-10,E
3,Sam Burns,86.96%,20,3,-12,E
3,Jason Day,86.96%,20,3,-10,E
3,Xander Schauffele,86.96%,20,3,-16,E
6,Ludvig Åberg,82.61%,19,4,-16,-1
6,Keegan Bradley,82.61%,19,4,-15,-4
6,Corey Conners,82.61%,19,4,-13,E
6,Cam Davis,82.61%,19,4,-12,-1
6,Chris Kirk,82.61%,19,4,-13,+1
6,Robert MacIntyre,82.61%,19,4,-15,-2
6,Maverick McNealy,82.61%,19,4,-12,-2
6,Matthieu Pavon,82.61%,19,4,-10,E
6,Justin Thomas,82.61%,19,4,-14,+1
6,Jhonattan Vegas,82.61%,19,4,-15,+1
16,Byeong Hun An,78.26%,18,5,-12,-2
16,Akshay Bhatia,78.26%,18,5,-9,-1
16,Wyndham Clark,78.26%,18,5,-17,E
16,Matt Fitzpatrick,78.26%,18,5,-14,+1
16,Max Greyserman,78.26%,18,5,-13,-1
16,Brian Harman,78.26%,18,5,-8,+1
16,Max Homa,78.26%,18,5,-9,E
16,Sungjae Im,78.26%,18,5,-16,-1
16,Si Woo Kim,78.26%,18,5,-13,-1
16,Jake Knapp,78.26%,18,5,-13,-2
16,J.T. Poston,78.26%,18,5,-11,E
16,Aaron Rai,78.26%,18,5,-14,-3
16,Davis Thompson,78.26%,18,5,-16,+2
16,Kevin Yu,78.26%,18,5,-8,-2
30,Patrick Cantlay,73.91%,17,6,-19,+2
30,Thomas Detry,73.91%,17,6,-15,+2
30,Chris Gotterup,73.91%,17,6,-8,-1
30,Billy Horschel,73.91%,17,6,-12,E
30,Viktor Hovland,73.91%,17,6,-16,+1
30,Hideki Matsuyama,73.91%,17,6,-12,-1
30,Nick Taylor,73.91%,17,6,-9,-1
37,Nick Dunlap,69.57%,16,7,-7,+2
37,Nico Echavarria,69.57%,16,7,-7,-2
37,Austin Eckroat,69.57%,16,7,-12,-3
37,Sepp Straka,69.57%,16,7,-11,-4
41,Eric Cole,65.22%,15,8,-9,-2
41,Tony Finau,65.22%,15,8,-11,-3
41,Collin Morikawa,65.22%,15,8,-13,-2
41,Cameron Young,65.22%,15,8,-12,-2
41,Will Zalatoris,65.22%,15,8,-7,-3
46,Christiaan Bezuidenhout,60.87%,14,9,-10,E
46,Adam Hadwin,60.87%,14,9,-11,+3
46,Harry Hall,60.87%,14,9,-10,-2
46,Stephan Jaeger,60.87%,14,9,-11,E
46,Denny McCarthy,60.87%,14,9,-7,-1
46,Matt McCarty,60.87%,14,9,-5,-3
52,Russell Henley,56.52%,13,10,-9,-5
52,Patton Kizzire,56.52%,13,10,-9,-7
52,Peter Malnati,56.52%,13,10,-8,+6
52,Adam Scott,56.52%,13,10,-11,-5
56,Rafael Campos,52.17%,12,11,-2,-3
56,Brice Garnett,52.17%,12,11,-5,-1
58,Tom Hoge,47.83%,11,12,-6,-4
