rank,player,Avg,Total Dist after GFG Shot,Total GFG Shots
1,Adam Scott,15.9,"7,464.000",13
2,Patrick Cantlay,16.6,"10,741.000",18
3,Maverick McNealy,16.7,"11,417.000",19
4,Collin Morikawa,17.7,"9,573.000",15
5,Jhonattan Vegas,17.9,"12,217.000",19
6,Adam Hadwin,18.3,"9,207.000",14
7,Robert MacIntyre,19.0,"12,990.000",19
8,Austin Eckroat,19.1,"11,028.000",16
9,Viktor Hovland,19.2,"11,748.000",17
10,Cam Davis,19.3,"13,231.000",19
10,Tom Hoge,19.3,"7,659.000",11
12,Wyndham Clark,19.6,"12,719.000",18
13,Keegan Bradley,19.9,"13,603.000",19
14,Sepp Straka,20.0,"11,542.000",16
15,Thomas Detry,20.2,"12,332.000",17
16,Hideki Matsuyama,20.4,"12,497.000",17
17,Sungjae Im,20.6,"13,359.000",18
18,Xander Schauffele,20.8,"15,722.000",21
19,Russell Henley,21.3,"9,974.000",13
20,Akshay Bhatia,21.4,"13,863.000",18
21,Davis Thompson,21.8,"14,138.000",18
22,Ludvig Åberg,22.1,"15,140.000",19
22,Harry Hall,22.1,"11,136.000",14
22,Denny McCarthy,22.1,"11,157.000",14
25,Tony Finau,22.4,"12,098.000",15
26,Eric Cole,23.1,"12,472.000",15
26,Jake Knapp,23.1,"14,960.000",18
28,Sam Burns,23.2,"16,731.000",20
29,Matt Fitzpatrick,23.6,"15,323.000",18
29,Chris Gotterup,23.6,"14,442.000",17
31,Justin Thomas,23.7,"17,930.000",21
32,Max Greyserman,24.2,"15,710.000",18
33,Cameron Young,24.4,"13,187.000",15
34,Jason Day,24.5,"18,536.000",21
35,Corey Conners,24.7,"16,923.000",19
35,Si Woo Kim,24.7,"16,019.000",18
37,Billy Horschel,24.8,"15,184.000",17
38,Byeong Hun An,25.0,"17,128.000",19
38,Stephan Jaeger,25.0,"12,619.000",14
40,Brian Harman,25.2,"16,352.000",18
40,Kevin Yu,25.2,"16,345.000",18
42,Patton Kizzire,25.4,"11,889.000",13
43,Max Homa,25.7,"16,638.000",18
44,Nick Dunlap,25.8,"14,880.000",16
45,J.T. Poston,25.9,"16,762.000",18
46,Aaron Rai,26.1,"16,931.000",18
47,Nick Taylor,26.4,"16,179.000",17
47,Will Zalatoris,26.4,"14,269.000",15
49,Peter Malnati,26.5,"12,412.000",13
50,Nico Echavarria,27.4,"15,795.000",16
51,Christiaan Bezuidenhout,27.9,"14,074.000",14
52,Matt McCarty,28.0,"14,104.000",14
53,Brice Garnett,28.9,"12,470.000",12
54,Chris Kirk,29.8,"21,477.000",20
55,Matthieu Pavon,30.9,"21,162.000",19
56,Taylor Pendrith,35.0,"25,229.000",20
57,Sahith Theegala,37.1,"29,395.000",22
58,Rafael Campos,50.3,"21,709.000",12
