rank,player,%,Attempts,Non-Attempts
1,Sahith Theegala,100.00%,16,0
2,Keegan Bradley,93.75%,15,1
2,Sam Burns,93.75%,15,1
2,Corey Conners,93.75%,15,1
2,Jason Day,93.75%,15,1
2,Matt Fitzpatrick,93.75%,15,1
2,Robert MacIntyre,93.75%,15,1
2,Maverick McNealy,93.75%,15,1
2,Taylor Pendrith,93.75%,15,1
2,Xander Schauffele,93.75%,15,1
2,Jhonattan Vegas,93.75%,15,1
12,Ludvig Åberg,87.50%,14,2
12,Akshay Bhatia,87.50%,14,2
12,Wyndham Clark,87.50%,14,2
12,Cam Davis,87.50%,14,2
12,Nick Dunlap,87.50%,14,2
12,Chris Gotterup,87.50%,14,2
12,Max Homa,87.50%,14,2
12,Sungjae Im,87.50%,14,2
12,Chris Kirk,87.50%,14,2
12,Jake Knapp,87.50%,14,2
12,Matthieu Pavon,87.50%,14,2
12,J.T. Poston,87.50%,14,2
12,Aaron Rai,87.50%,14,2
12,Justin Thomas,87.50%,14,2
12,Davis Thompson,87.50%,14,2
12,Will Zalatoris,87.50%,14,2
28,Byeong Hun An,81.25%,13,3
28,Austin Eckroat,81.25%,13,3
28,Tony Finau,81.25%,13,3
28,Max Greyserman,81.25%,13,3
28,Harry Hall,81.25%,13,3
28,Brian Harman,81.25%,13,3
28,Viktor Hovland,81.25%,13,3
28,Stephan Jaeger,81.25%,13,3
28,Si Woo Kim,81.25%,13,3
28,Hideki Matsuyama,81.25%,13,3
28,Nick Taylor,81.25%,13,3
28,Kevin Yu,81.25%,13,3
40,Christiaan Bezuidenhout,75.00%,12,4
40,Patrick Cantlay,75.00%,12,4
40,Thomas Detry,75.00%,12,4
40,Nico Echavarria,75.00%,12,4
40,Billy Horschel,75.00%,12,4
40,Adam Scott,75.00%,12,4
40,Sepp Straka,75.00%,12,4
40,Cameron Young,75.00%,12,4
48,Eric Cole,68.75%,11,5
48,Adam Hadwin,68.75%,11,5
48,Russell Henley,68.75%,11,5
48,Patton Kizzire,68.75%,11,5
48,Collin Morikawa,68.75%,11,5
53,Rafael Campos,62.50%,10,6
53,Tom Hoge,62.50%,10,6
53,Peter Malnati,62.50%,10,6
53,Denny McCarthy,62.50%,10,6
53,Matt McCarty,62.50%,10,6
58,Brice Garnett,50.00%,8,8
