rank,player,%,Successes,Attempts,RTP-Successes,RTP-Not going for the grn
1,Robert MacIntyre,68.42%,13,19,-12,-2.00
2,Russell Henley,53.85%,7,13,-6,-5.00
2,Adam Scott,53.85%,7,13,-6,-5.00
4,Tony Finau,53.33%,8,15,-9,-3.00
5,Jhonattan Vegas,52.63%,10,19,-11,+1.00
6,Adam Hadwin,50.00%,7,14,-7,+3.00
7,Xander Schauffele,47.62%,10,21,-11,E
8,Maverick McNealy,47.37%,9,19,-9,-2.00
9,Thomas Detry,47.06%,8,17,-9,+2.00
10,Sungjae Im,44.44%,8,18,-9,-1.00
10,Jake Knapp,44.44%,8,18,-9,-2.00
10,Davis Thompson,44.44%,8,18,-7,+2.00
13,Austin Eckroat,43.75%,7,16,-7,-3.00
14,Stephan Jaeger,42.86%,6,14,-6,E
15,Keegan Bradley,42.11%,8,19,-10,-4.00
15,Cam Davis,42.11%,8,19,-8,-1.00
17,Viktor Hovland,41.18%,7,17,-9,+1.00
17,Hideki Matsuyama,41.18%,7,17,-7,-1.00
19,Collin Morikawa,40.00%,6,15,-6,-2.00
20,Patrick Cantlay,38.89%,7,18,-9,+2.00
20,Wyndham Clark,38.89%,7,18,-8,E
20,Matt Fitzpatrick,38.89%,7,18,-7,+1.00
23,Justin Thomas,38.10%,8,21,-10,+1.00
24,Sepp Straka,37.50%,6,16,-6,-4.00
25,Corey Conners,36.84%,7,19,-8,E
25,Matthieu Pavon,36.84%,7,19,-8,E
27,Tom Hoge,36.36%,4,11,-4,-4.00
28,Akshay Bhatia,33.33%,6,18,-6,-1.00
28,Brian Harman,33.33%,6,18,-6,+1.00
28,Max Homa,33.33%,6,18,-5,E
28,Will Zalatoris,33.33%,5,15,-4,-3.00
32,Ludvig Åberg,31.58%,6,19,-8,-1.00
33,Nico Echavarria,31.25%,5,16,-6,-2.00
34,Peter Malnati,30.77%,4,13,-5,+6.00
35,Nick Taylor,29.41%,5,17,-7,-1.00
36,Max Greyserman,27.78%,5,18,-5,-1.00
36,Si Woo Kim,27.78%,5,18,-6,-1.00
36,J.T. Poston,27.78%,5,18,-5,E
36,Aaron Rai,27.78%,5,18,-6,-3.00
40,Cameron Young,26.67%,4,15,-4,-2.00
41,Byeong Hun An,26.32%,5,19,-5,-2.00
42,Rafael Campos,25.00%,3,12,-3,-3.00
42,Nick Dunlap,25.00%,4,16,-3,+2.00
42,Chris Kirk,25.00%,5,20,-6,+1.00
45,Taylor Pendrith,23.81%,5,21,-8,-1.00
46,Chris Gotterup,23.53%,4,17,-2,-1.00
47,Patton Kizzire,23.08%,3,13,-3,-7.00
48,Sahith Theegala,22.73%,5,22,-6,E
49,Kevin Yu,22.22%,4,18,-4,-2.00
50,Harry Hall,21.43%,3,14,-4,-2.00
50,Denny McCarthy,21.43%,3,14,-3,-1.00
50,Matt McCarty,21.43%,3,14,-2,-3.00
53,Sam Burns,20.00%,4,20,-3,E
54,Billy Horschel,17.65%,3,17,-3,E
55,Brice Garnett,16.67%,2,12,-2,-1.00
56,Christiaan Bezuidenhout,14.29%,2,14,-4,E
56,Jason Day,14.29%,3,21,-2,E
58,Eric Cole,13.33%,2,15,-2,-2.00
