rank,player,%,# of Birdie or Better,Attempts,RTP-Successes,RTP-Not going for the grn
1,Patrick Cantlay,88.89%,16,18,-19,+2.00
1,Wyndham Clark,88.89%,16,18,-17,E
3,Stephan Jaeger,85.71%,12,14,-12,E
4,Adam Scott,84.62%,11,13,-11,-5.00
5,Matt Fitzpatrick,83.33%,15,18,-15,+1.00
5,Sungjae Im,83.33%,15,18,-16,-1.00
5,Davis Thompson,83.33%,15,18,-16,+2.00
8,Thomas Detry,82.35%,14,17,-15,+2.00
8,Viktor Hovland,82.35%,14,17,-16,+1.00
10,Collin Morikawa,80.00%,12,15,-13,-2.00
10,Cameron Young,80.00%,12,15,-13,-2.00
12,Robert MacIntyre,78.95%,15,19,-15,-2.00
13,Max Greyserman,77.78%,14,18,-14,-1.00
13,Si Woo Kim,77.78%,14,18,-15,-1.00
15,Russell Henley,76.92%,10,13,-10,-5.00
16,Xander Schauffele,76.19%,16,21,-17,E
17,Austin Eckroat,75.00%,12,16,-13,-3.00
18,Ludvig Åberg,73.68%,14,19,-16,-1.00
18,Jhonattan Vegas,73.68%,14,19,-15,+1.00
20,J.T. Poston,72.22%,13,18,-13,E
20,Aaron Rai,72.22%,13,18,-14,-3.00
22,Adam Hadwin,71.43%,10,14,-11,+3.00
23,Billy Horschel,70.59%,12,17,-12,E
24,Peter Malnati,69.23%,9,13,-10,+6.00
25,Sepp Straka,68.75%,11,16,-11,-4.00
26,Keegan Bradley,68.42%,13,19,-15,-4.00
26,Maverick McNealy,68.42%,13,19,-13,-2.00
28,Justin Thomas,66.67%,14,21,-16,+1.00
29,Sam Burns,65.00%,13,20,-13,E
30,Hideki Matsuyama,64.71%,11,17,-12,-1.00
31,Harry Hall,64.29%,9,14,-10,-2.00
32,Byeong Hun An,63.16%,12,19,-12,-2.00
32,Corey Conners,63.16%,12,19,-14,E
32,Cam Davis,63.16%,12,19,-14,-1.00
35,Taylor Pendrith,61.90%,13,21,-16,-1.00
36,Patton Kizzire,61.54%,8,13,-9,-7.00
37,Max Homa,61.11%,11,18,-11,E
37,Jake Knapp,61.11%,11,18,-13,-2.00
39,Eric Cole,60.00%,9,15,-9,-2.00
39,Tony Finau,60.00%,9,15,-11,-3.00
39,Chris Kirk,60.00%,12,20,-13,+1.00
42,Christiaan Bezuidenhout,57.14%,8,14,-10,E
42,Denny McCarthy,57.14%,8,14,-8,-1.00
42,Matt McCarty,57.14%,8,14,-8,-3.00
45,Akshay Bhatia,55.56%,10,18,-11,-1.00
46,Tom Hoge,54.55%,6,11,-6,-4.00
46,Sahith Theegala,54.55%,12,22,-14,E
48,Will Zalatoris,53.33%,8,15,-8,-3.00
49,Chris Gotterup,52.94%,9,17,-9,-1.00
49,Nick Taylor,52.94%,9,17,-11,-1.00
51,Matthieu Pavon,52.63%,10,19,-11,E
52,Jason Day,52.38%,11,21,-11,E
53,Nico Echavarria,50.00%,8,16,-9,-2.00
53,Brice Garnett,50.00%,6,12,-6,-1.00
53,Brian Harman,50.00%,9,18,-10,+1.00
53,Kevin Yu,50.00%,9,18,-10,-2.00
57,Nick Dunlap,43.75%,7,16,-7,+2.00
58,Rafael Campos,41.67%,5,12,-5,-3.00
