rank,player,%,Greens Hit,Total Holes,Relative to par
1,Woody Austin,100.00,10,10,-0.50
1,Henrik Bjornstad,100.00,13,13,-0.46
1,Tom Byrum,100.00,9,9,-0.33
1,Robert Gamez,100.00,10,10,-0.20
1,Brent Geiberger,100.00,11,11,-0.18
1,Paul Goydos,100.00,9,9,-0.56
1,Dudley Hart,100.00,9,9,-0.44
1,J.B. Holmes,100.00,18,18,-0.39
1,Troy Matteson,100.00,12,12,-0.50
1,Billy Mayfair,100.00,12,12,-0.67
1,Jesper Parnevik,100.00,11,11,-0.73
1,Carl Pettersson,100.00,10,10,-0.50
1,John Riegger,100.00,12,12,-0.83
1,Chris Riley,100.00,11,11,-0.55
1,Loren Roberts,100.00,11,11,-0.45
1,Jerry Smith,100.00,10,10,-0.60
1,Vaughn Taylor,100.00,11,11,-0.55
1,David Toms,100.00,11,11,-0.73
19,Roger Tambellini,93.33,14,15,-0.43
20,Jonathan Kaye,92.86,13,14,-0.38
20,Adam Scott,92.86,13,14,-0.15
22,Vijay Singh,92.31,12,13,-0.75
23,Craig Barlow,91.67,11,12,-0.73
23,David Duval,91.67,11,12,-0.45
23,Jim Furyk,91.67,11,12,-0.64
23,Arron Oberholser,91.67,11,12,-0.55
27,Michael Allen,90.91,10,11,-0.40
27,Arjun Atwal,90.91,10,11,-0.50
27,Mark Calcavecchia,90.91,10,11,-0.40
27,Alex Cejka,90.91,10,11,-0.60
27,Daniel Chopra,90.91,10,11,-0.60
27,Joe Durant,90.91,10,11,-0.60
27,Todd Fischer,90.91,10,11,-0.30
27,Carlos Franco,90.91,10,11,-0.70
27,Jeff Gove,90.91,10,11,-0.60
27,Nathan Green,90.91,10,11,-0.60
27,Jeff Maggert,90.91,10,11,-0.50
27,Hunter Mahan,90.91,10,11,-0.50
27,Rory Sabbatini,90.91,10,11,-0.60
27,Bo Van Pelt,90.91,10,11,-0.70
27,Bubba Watson,90.91,20,22,-0.60
27,Ron Whittaker,90.91,10,11,-0.70
27,Kaname Yokoo,90.91,10,11,-0.20
44,Olin Browne,90.00,9,10,-0.78
44,Brad Faxon,90.00,9,10,-0.67
44,Fred Funk,90.00,9,10,-0.56
44,Richard Johnson,90.00,9,10,-0.56
48,Jeff Sluman,88.89,8,9,E
49,Bubba Dickerson,86.67,13,15,-0.46
50,Jeff Overton,85.71,12,14,-0.67
50,Charles Warren,85.71,12,14,-0.67
52,Shane Bertsch,84.62,11,13,-0.45
53,Rich Beem,83.33,10,12,-0.70
53,Chad Campbell,83.33,10,12,-0.60
53,Stewart Cink,83.33,10,12,-0.70
53,Ryuji Imada,83.33,10,12,-0.60
53,Peter Lonard,83.33,10,12,-0.50
53,Will MacKenzie,83.33,10,12,-0.70
53,Patrick Sheehan,83.33,10,12,-0.80
60,Stuart Appleby,81.82,9,11,-0.67
60,Mathew Goggin,81.82,9,11,-0.56
60,Jay Haas,81.82,9,11,-0.78
60,Steve Jones,81.82,9,11,-0.78
60,Joe Ogilvie,81.82,9,11,-0.56
60,Hidemichi Tanaka,81.82,9,11,-0.11
60,Camilo Villegas,81.82,9,11,-0.67
67,Bill Haas,80.00,8,10,-0.75
68,Thomas Levet,77.78,7,9,-0.43
69,Tom Lehman,76.92,10,13,-0.40
70,K.J. Choi,75.00,9,12,-0.56
70,Charles Howell III,75.00,6,8,-0.33
70,Jerry Kelly,75.00,9,12,-0.56
70,Shigeki Maruyama,75.00,6,8,-0.50
74,Tommy Armour III,72.73,8,11,-0.75
74,Paul Azinger,72.73,8,11,-0.50
74,Aaron Baddeley,72.73,8,11,-0.50
77,David Branshaw,66.67,8,12,-0.50
77,James Driscoll,66.67,8,12,-0.50
79,Jason Bohn,63.64,7,11,-0.57
80,Vance Veazey,60.00,6,10,-0.50
81,Jon Mills,58.33,7,12,-0.57
82,Parker McLachlin,54.55,6,11,-0.33
