rank,player,%,Greens Hit,Total Holes,Relative to par
1,Bill Haas,85.71,12,14,+0.08
2,Fred Funk,83.33,15,18,+0.07
3,Jay Haas,82.35,14,17,-0.14
4,Jesper Parnevik,81.82,9,11,-0.11
5,Loren Roberts,78.95,15,19,-0.20
6,Tom Byrum,75.00,9,12,-0.33
7,Jeff Maggert,72.22,13,18,E
8,Rich Beem,70.00,7,10,E
9,Arron Oberholser,68.75,11,16,+0.09
9,Hidemichi Tanaka,68.75,11,16,+0.09
11,Tommy Armour III,66.67,10,15,-0.30
11,James Driscoll,66.67,8,12,-0.38
11,Nathan Green,66.67,14,21,E
11,Steve Jones,66.67,10,15,-0.30
11,Thomas Levet,66.67,10,15,-0.10
11,Peter Lonard,66.67,10,15,-0.20
11,David Toms,66.67,8,12,-0.25
11,Bo Van Pelt,66.67,10,15,-0.10
19,Alex Cejka,64.71,11,17,-0.09
19,Vance Veazey,64.71,11,17,E
21,Jeff Gove,64.29,9,14,E
22,Jerry Smith,63.16,12,19,-0.17
23,K.J. Choi,62.50,10,16,-0.20
24,Jonathan Kaye,61.54,8,13,+0.13
24,Carl Pettersson,61.54,8,13,-0.25
26,Jerry Kelly,60.00,12,20,-0.08
26,Joe Ogilvie,60.00,9,15,E
26,Rory Sabbatini,60.00,9,15,-0.33
26,Adam Scott,60.00,9,15,-0.33
30,Craig Barlow,58.33,7,12,E
31,Arjun Atwal,57.89,11,19,-0.09
31,Aaron Baddeley,57.89,11,19,-0.09
33,Chad Campbell,57.14,8,14,-0.13
33,Todd Fischer,57.14,8,14,-0.13
33,Jim Furyk,57.14,8,14,-0.13
33,Chris Riley,57.14,8,14,-0.13
33,Vijay Singh,57.14,8,14,-0.13
33,Bubba Watson,57.14,8,14,E
39,Stuart Appleby,56.25,9,16,-0.11
39,Carlos Franco,56.25,9,16,-0.11
39,J.B. Holmes,56.25,9,16,E
42,Troy Matteson,55.56,10,18,-0.30
43,Brad Faxon,55.00,11,20,E
44,David Branshaw,53.85,7,13,-0.29
44,Charles Warren,53.85,7,13,-0.14
46,Jason Bohn,53.33,8,15,E
46,Brent Geiberger,53.33,8,15,-0.50
48,Bubba Dickerson,52.94,9,17,-0.11
48,Robert Gamez,52.94,9,17,-0.22
48,Paul Goydos,52.94,9,17,-0.11
48,John Riegger,52.94,9,17,-0.11
52,Shane Bertsch,50.00,8,16,-0.13
52,Henrik Bjornstad,50.00,7,14,-0.14
52,Dudley Hart,50.00,7,14,-0.14
52,Richard Johnson,50.00,6,12,-0.17
52,Hunter Mahan,50.00,6,12,-0.17
52,Billy Mayfair,50.00,9,18,-0.11
52,Roger Tambellini,50.00,8,16,E
52,Vaughn Taylor,50.00,8,16,-0.25
60,Charles Howell III,47.06,8,17,-0.13
61,Joe Durant,46.67,7,15,E
62,Woody Austin,46.15,6,13,-0.33
62,Stewart Cink,46.15,6,13,-0.33
62,Shigeki Maruyama,46.15,6,13,E
62,Parker McLachlin,46.15,6,13,-0.33
66,Michael Allen,44.44,8,18,-0.13
66,Camilo Villegas,44.44,8,18,-0.13
68,Paul Azinger,43.75,7,16,-0.29
69,Will MacKenzie,42.86,6,14,E
69,Patrick Sheehan,42.86,6,14,E
71,Jeff Sluman,41.67,5,12,-0.20
72,Kaname Yokoo,41.18,7,17,-0.14
73,David Duval,40.00,6,15,-0.33
73,Tom Lehman,40.00,6,15,-0.33
73,Ron Whittaker,40.00,6,15,-0.17
76,Mark Calcavecchia,38.89,7,18,E
76,Jeff Overton,38.89,7,18,-0.14
78,Ryuji Imada,35.71,5,14,+0.20
79,Olin Browne,35.00,7,20,-0.29
80,Mathew Goggin,33.33,4,12,-0.25
81,Daniel Chopra,31.25,5,16,-0.40
82,Jon Mills,30.77,4,13,-0.25
