rank,player,%,Greens Hit,Total Holes,Relative to par
1,Joe Durant,83.33,5,6,E
1,Rory Sabbatini,83.33,5,6,-0.20
3,Camilo Villegas,75.00,3,4,-0.67
4,Rich Beem,71.43,5,7,E
5,Stuart Appleby,66.67,2,3,-0.50
5,K.J. Choi,66.67,4,6,E
5,Richard Johnson,66.67,4,6,-0.25
5,Billy Mayfair,66.67,4,6,E
9,Todd Fischer,62.50,5,8,-0.20
9,Jerry Kelly,62.50,5,8,E
9,Arron Oberholser,62.50,5,8,E
12,Bubba Dickerson,60.00,3,5,+0.33
12,Jeff Overton,60.00,3,5,+0.33
12,Charles Warren,60.00,3,5,-0.33
15,Shane Bertsch,57.14,4,7,E
15,Mark Calcavecchia,57.14,4,7,E
15,David Toms,57.14,4,7,-0.25
18,Loren Roberts,55.56,5,9,-0.20
19,Woody Austin,54.55,6,11,+0.17
20,Tommy Armour III,50.00,3,6,-0.33
20,Craig Barlow,50.00,3,6,E
20,Mathew Goggin,50.00,3,6,-0.33
20,Jeff Gove,50.00,3,6,-0.33
20,Paul Goydos,50.00,3,6,-0.33
20,Hunter Mahan,50.00,3,6,-0.33
20,John Riegger,50.00,4,8,+0.25
20,Roger Tambellini,50.00,2,4,E
20,Hidemichi Tanaka,50.00,4,8,+0.25
29,Joe Ogilvie,44.44,4,9,E
30,Henrik Bjornstad,42.86,3,7,E
30,Ryuji Imada,42.86,3,7,+0.33
30,Tom Lehman,42.86,3,7,-0.33
30,Jeff Maggert,42.86,3,7,E
30,Jon Mills,42.86,3,7,E
35,Bill Haas,40.00,4,10,+0.50
35,Thomas Levet,40.00,4,10,E
35,Vance Veazey,40.00,2,5,E
38,Michael Allen,37.50,3,8,-0.33
38,Aaron Baddeley,37.50,3,8,E
38,Olin Browne,37.50,3,8,E
38,Tom Byrum,37.50,3,8,+0.33
38,David Duval,37.50,3,8,-0.33
38,Jim Furyk,37.50,3,8,E
38,Jay Haas,37.50,3,8,-0.33
38,Carl Pettersson,37.50,3,8,-0.33
46,David Branshaw,33.33,2,6,E
46,Brad Faxon,33.33,4,12,E
46,Fred Funk,33.33,2,6,E
46,J.B. Holmes,33.33,1,3,E
46,Jonathan Kaye,33.33,2,6,E
46,Patrick Sheehan,33.33,2,6,+0.50
46,Vijay Singh,33.33,2,6,E
46,Bubba Watson,33.33,2,6,E
54,Jeff Sluman,30.00,3,10,-0.33
55,Paul Azinger,28.57,2,7,+1.00
55,Chad Campbell,28.57,2,7,E
55,Robert Gamez,28.57,2,7,E
55,Brent Geiberger,28.57,2,7,-0.50
55,Nathan Green,28.57,2,7,-0.50
55,Parker McLachlin,28.57,2,7,E
55,Chris Riley,28.57,2,7,-0.50
55,Jerry Smith,28.57,2,7,E
55,Vaughn Taylor,28.57,2,7,E
55,Bo Van Pelt,28.57,2,7,E
55,Kaname Yokoo,28.57,2,7,E
66,Alex Cejka,25.00,2,8,+1.00
66,Daniel Chopra,25.00,2,8,E
66,Charles Howell III,25.00,2,8,E
66,Steve Jones,25.00,2,8,E
70,Jason Bohn,22.22,2,9,E
71,Will MacKenzie,20.00,1,5,E
71,Jesper Parnevik,20.00,1,5,E
73,Carlos Franco,16.67,1,6,+1.00
74,Dudley Hart,14.29,1,7,E
74,Ron Whittaker,14.29,1,7,E
76,Stewart Cink,12.50,1,8,E
76,James Driscoll,12.50,1,8,E
78,Arjun Atwal,.00,0,6,E
78,Peter Lonard,.00,0,9,E
78,Shigeki Maruyama,.00,0,6,E
78,Troy Matteson,.00,0,4,E
78,Adam Scott,.00,0,2,E
