rank,player,%,Greens Hit,Total Holes,Relative to par
1,Stuart Appleby,100.00,7,7,-0.57
1,Woody Austin,100.00,9,9,-0.56
1,Paul Azinger,100.00,7,7,-0.57
1,Henrik Bjornstad,100.00,9,9,-0.44
1,David Branshaw,100.00,6,6,-0.67
1,Olin Browne,100.00,8,8,-0.75
1,Tom Byrum,100.00,7,7,-0.43
1,Mark Calcavecchia,100.00,7,7,-0.57
1,Chad Campbell,100.00,8,8,-0.63
1,Alex Cejka,100.00,7,7,-0.57
1,Stewart Cink,100.00,7,7,-0.86
1,Bubba Dickerson,100.00,11,11,-0.45
1,Joe Durant,100.00,10,10,-0.60
1,David Duval,100.00,7,7,-0.57
1,Brad Faxon,100.00,7,7,-0.57
1,Todd Fischer,100.00,6,6,-0.50
1,Carlos Franco,100.00,8,8,-0.88
1,Fred Funk,100.00,7,7,-0.43
1,Robert Gamez,100.00,6,6,-0.33
1,Brent Geiberger,100.00,8,8,-0.25
1,Jeff Gove,100.00,7,7,-0.86
1,Paul Goydos,100.00,8,8,-0.50
1,Nathan Green,100.00,7,7,-0.86
1,Bill Haas,100.00,7,7,-0.86
1,Jay Haas,100.00,8,8,-0.75
1,Dudley Hart,100.00,8,8,-0.50
1,J.B. Holmes,100.00,15,15,-0.47
1,Richard Johnson,100.00,7,7,-0.57
1,Steve Jones,100.00,7,7,-0.86
1,Jonathan Kaye,100.00,10,10,-0.60
1,Tom Lehman,100.00,8,8,-0.50
1,Jeff Maggert,100.00,9,9,-0.56
1,Hunter Mahan,100.00,8,8,-0.50
1,Shigeki Maruyama,100.00,6,6,-0.50
1,Troy Matteson,100.00,10,10,-0.50
1,Billy Mayfair,100.00,8,8,-0.75
1,Arron Oberholser,100.00,9,9,-0.56
1,Jesper Parnevik,100.00,9,9,-0.89
1,Carl Pettersson,100.00,8,8,-0.63
1,John Riegger,100.00,10,10,-1.00
1,Chris Riley,100.00,9,9,-0.67
1,Loren Roberts,100.00,7,7,-0.57
1,Rory Sabbatini,100.00,7,7,-0.71
1,Jeff Sluman,100.00,5,5,-0.20
1,Jerry Smith,100.00,7,7,-0.57
1,Roger Tambellini,100.00,11,11,-0.45
1,Vaughn Taylor,100.00,9,9,-0.67
1,David Toms,100.00,6,6,-1.00
1,Bubba Watson,100.00,16,16,-0.69
1,Ron Whittaker,100.00,7,7,-0.86
51,Patrick Sheehan,90.91,10,11,-0.80
51,Charles Warren,90.91,10,11,-0.70
53,Craig Barlow,90.00,9,10,-0.89
53,Rich Beem,90.00,9,10,-0.78
53,Shane Bertsch,90.00,9,10,-0.56
53,Ryuji Imada,90.00,9,10,-0.56
53,Peter Lonard,90.00,9,10,-0.56
53,Vijay Singh,90.00,9,10,-0.89
53,Bo Van Pelt,90.00,9,10,-0.78
60,K.J. Choi,88.89,8,9,-0.63
60,Daniel Chopra,88.89,8,9,-0.63
60,Mathew Goggin,88.89,8,9,-0.63
60,Will MacKenzie,88.89,8,9,-0.75
60,Adam Scott,88.89,8,9,-0.13
60,Hidemichi Tanaka,88.89,8,9,-0.13
60,Camilo Villegas,88.89,8,9,-0.75
60,Kaname Yokoo,88.89,8,9,-0.25
68,Michael Allen,87.50,7,8,-0.57
68,Arjun Atwal,87.50,7,8,-0.57
68,Jason Bohn,87.50,7,8,-0.57
68,Jim Furyk,87.50,7,8,-0.71
68,Thomas Levet,87.50,7,8,-0.43
73,Charles Howell III,85.71,6,7,-0.33
73,Jerry Kelly,85.71,6,7,-0.67
73,Joe Ogilvie,85.71,6,7,-0.83
76,Jeff Overton,83.33,10,12,-0.70
77,Tommy Armour III,77.78,7,9,-0.86
78,Vance Veazey,75.00,3,4,-1.00
79,Aaron Baddeley,66.67,6,9,-0.67
79,James Driscoll,66.67,6,9,-0.83
81,Jon Mills,63.64,7,11,-0.57
82,Parker McLachlin,60.00,6,10,-0.33
