rank,player,%,Greens Hit,# of Holes
1,David Duval,95.45,21,22
2,Bubba Watson,92.00,23,25
3,Chad Campbell,91.67,22,24
4,Ryuji Imada,90.48,19,21
5,David Branshaw,90.32,28,31
6,Troy Matteson,89.47,17,19
7,Arron Oberholser,88.46,23,26
8,Charles Warren,88.00,22,25
9,Bubba Dickerson,87.50,14,16
9,Nathan Green,87.50,21,24
11,Stewart Cink,86.96,20,23
11,Peter Lonard,86.96,20,23
11,Jon Mills,86.96,20,23
14,Jeff Maggert,86.21,25,29
14,Jeff Overton,86.21,25,29
16,John Riegger,85.71,18,21
16,Roger Tambellini,85.71,18,21
18,Mark Calcavecchia,85.19,23,27
19,Richard Johnson,84.62,22,26
20,Jonathan Kaye,84.00,21,25
20,Vijay Singh,84.00,21,25
22,Joe Durant,83.78,31,37
23,Hunter Mahan,82.61,19,23
23,Camilo Villegas,82.61,19,23
25,Paul Azinger,82.35,14,17
26,Jerry Smith,82.14,23,28
27,Robert Gamez,81.82,27,33
28,Craig Barlow,81.48,22,27
28,Carl Pettersson,81.48,22,27
30,Vance Veazey,80.95,17,21
31,Steve Jones,80.77,21,26
32,Olin Browne,80.65,25,31
33,James Driscoll,80.00,16,20
33,Shigeki Maruyama,80.00,20,25
35,Ron Whittaker,79.41,27,34
36,K.J. Choi,79.31,23,29
37,Loren Roberts,79.17,19,24
37,Hidemichi Tanaka,79.17,19,24
39,Paul Goydos,78.79,26,33
40,Woody Austin,78.26,18,23
40,Henrik Bjornstad,78.26,18,23
40,Brent Geiberger,78.26,18,23
40,Will MacKenzie,78.26,18,23
44,Stuart Appleby,77.78,14,18
44,Tommy Armour III,77.78,21,27
44,Jeff Gove,77.78,21,27
44,Dudley Hart,77.78,14,18
44,Vaughn Taylor,77.78,21,27
49,David Toms,77.42,24,31
50,Daniel Chopra,77.27,17,22
51,Jerry Kelly,76.92,20,26
52,Billy Mayfair,76.67,23,30
53,Fred Funk,76.47,26,34
54,Charles Howell III,76.19,16,21
54,Bo Van Pelt,76.19,16,21
56,Adam Scott,75.86,22,29
57,J.B. Holmes,75.76,25,33
58,Michael Allen,75.00,12,16
58,Tom Lehman,75.00,18,24
58,Rory Sabbatini,75.00,21,28
61,Brad Faxon,73.33,11,15
62,Alex Cejka,73.08,19,26
62,Bill Haas,73.08,19,26
64,Rich Beem,72.41,21,29
65,Jason Bohn,72.22,13,18
66,Tom Byrum,72.00,18,25
67,Carlos Franco,71.43,15,21
68,Jim Furyk,71.05,27,38
69,Thomas Levet,70.97,22,31
70,Mathew Goggin,70.37,19,27
71,Arjun Atwal,69.23,18,26
71,Jesper Parnevik,69.23,18,26
73,Todd Fischer,68.18,15,22
74,Shane Bertsch,68.00,17,25
75,Parker McLachlin,66.67,14,21
75,Kaname Yokoo,66.67,16,24
77,Aaron Baddeley,64.00,16,25
77,Joe Ogilvie,64.00,16,25
79,Chris Riley,63.89,23,36
80,Patrick Sheehan,63.64,14,22
81,Jeff Sluman,60.87,14,23
82,Jay Haas,57.69,15,26
