rank,player,%,Greens Hit,Total Holes,Relative to par
1,Billy Mayfair,100.00,15,15,-0.53
1,Carl Pettersson,100.00,20,20,-0.40
1,John Riegger,100.00,15,15,-0.80
1,Loren Roberts,100.00,13,13,-0.46
1,David Toms,100.00,17,17,-0.71
6,J.B. Holmes,96.67,29,30,-0.31
7,Jonathan Kaye,95.00,19,20,-0.26
8,Alex Cejka,94.44,17,18,-0.41
9,Mark Calcavecchia,94.12,16,17,-0.44
9,Robert Gamez,94.12,16,17,-0.13
9,Vaughn Taylor,94.12,16,17,-0.44
12,Woody Austin,93.75,15,16,-0.53
12,Henrik Bjornstad,93.75,15,16,-0.40
12,Jeff Maggert,93.75,15,16,-0.47
12,Chris Riley,93.75,15,16,-0.67
16,Jim Furyk,93.33,14,15,-0.57
16,Arron Oberholser,93.33,14,15,-0.36
16,Jesper Parnevik,93.33,14,15,-0.64
16,Ron Whittaker,93.33,14,15,-0.64
20,Arjun Atwal,92.86,13,14,-0.38
21,Brad Faxon,91.67,11,12,-0.55
22,David Duval,90.91,20,22,-0.35
22,Troy Matteson,90.91,20,22,-0.35
22,Roger Tambellini,90.91,20,22,-0.30
25,Richard Johnson,90.00,18,20,-0.39
25,Vijay Singh,90.00,18,20,-0.56
27,Chad Campbell,89.47,17,19,-0.53
27,Kaname Yokoo,89.47,17,19,-0.35
29,Shane Bertsch,88.24,15,17,-0.47
29,Todd Fischer,88.24,15,17,-0.33
29,Ryuji Imada,88.24,15,17,-0.33
32,Fred Funk,87.50,14,16,-0.43
32,Jeff Overton,87.50,21,24,-0.43
34,Jeff Gove,86.96,20,23,-0.35
35,Daniel Chopra,86.67,13,15,-0.54
35,Dudley Hart,86.67,13,15,-0.38
35,Jeff Sluman,86.67,13,15,E
35,Bubba Watson,86.67,26,30,-0.46
39,Brent Geiberger,86.36,19,22,-0.32
40,Michael Allen,85.71,12,14,-0.42
40,Paul Goydos,85.71,12,14,-0.50
40,Charles Howell III,85.71,12,14,-0.25
40,Will MacKenzie,85.71,18,21,-0.50
40,Jerry Smith,85.71,12,14,-0.67
45,Rory Sabbatini,85.00,17,20,-0.47
46,Stewart Cink,84.62,11,13,-0.64
47,Craig Barlow,84.21,16,19,-0.50
47,Joe Durant,84.21,16,19,-0.38
47,Bill Haas,84.21,16,19,-0.44
47,Bo Van Pelt,84.21,16,19,-0.50
51,K.J. Choi,83.33,15,18,-0.47
51,Joe Ogilvie,83.33,15,18,-0.40
53,James Driscoll,82.61,19,23,-0.26
53,Adam Scott,82.61,19,23,-0.16
55,Mathew Goggin,82.35,14,17,-0.43
56,Charles Warren,80.95,17,21,-0.47
57,Olin Browne,80.00,12,15,-0.67
57,Carlos Franco,80.00,16,20,-0.44
57,Nathan Green,80.00,12,15,-0.50
57,Peter Lonard,80.00,16,20,-0.50
57,Hidemichi Tanaka,80.00,12,15,E
62,Bubba Dickerson,79.17,19,24,-0.32
63,Jerry Kelly,78.57,11,14,-0.45
64,Rich Beem,78.26,18,23,-0.44
65,Jason Bohn,77.78,14,18,-0.50
66,Tom Byrum,76.47,13,17,-0.38
67,Stuart Appleby,76.19,16,21,-0.50
67,Patrick Sheehan,76.19,16,21,-0.63
69,Steve Jones,73.33,11,15,-0.73
69,Shigeki Maruyama,73.33,11,15,-0.27
71,Aaron Baddeley,72.73,8,11,-0.50
71,Camilo Villegas,72.73,16,22,-0.38
73,David Branshaw,72.22,13,18,-0.38
74,Jon Mills,71.43,15,21,-0.27
75,Tom Lehman,70.59,12,17,-0.42
75,Thomas Levet,70.59,12,17,-0.33
75,Vance Veazey,70.59,12,17,-0.42
78,Jay Haas,69.23,9,13,-0.78
79,Paul Azinger,68.42,13,19,-0.38
80,Hunter Mahan,68.18,15,22,-0.53
81,Tommy Armour III,64.71,11,17,-0.64
82,Parker McLachlin,62.50,10,16,-0.20
