rank,player,%,Greens Hit,Total Holes,Relative to par
1,David Toms,100.00,13,13,-0.31
2,Brent Geiberger,92.86,13,14,E
3,Fred Funk,84.21,16,19,-0.19
4,Aaron Baddeley,83.33,10,12,-0.40
5,Robert Gamez,82.35,14,17,-0.07
6,Bubba Watson,81.82,9,11,-0.22
7,Henrik Bjornstad,80.00,16,20,-0.06
7,Paul Goydos,80.00,16,20,-0.06
9,Ron Whittaker,79.17,19,24,-0.16
10,Billy Mayfair,78.95,15,19,-0.20
11,Steve Jones,77.78,14,18,E
12,Mark Calcavecchia,76.92,10,13,-0.30
12,Hunter Mahan,76.92,10,13,-0.30
14,Charles Howell III,75.00,15,20,-0.33
15,Daniel Chopra,73.33,11,15,-0.09
15,Jon Mills,73.33,11,15,-0.18
17,Tom Byrum,72.73,16,22,-0.06
18,Hidemichi Tanaka,72.22,13,18,-0.15
19,Jonathan Kaye,71.43,10,14,-0.10
20,Dudley Hart,70.59,12,17,E
21,Jeff Maggert,70.00,14,20,-0.07
22,Vijay Singh,69.23,9,13,-0.22
23,Ryuji Imada,68.42,13,19,E
23,Shigeki Maruyama,68.42,13,19,-0.23
23,Loren Roberts,68.42,13,19,-0.15
23,Jeff Sluman,68.42,13,19,-0.08
27,Tommy Armour III,66.67,10,15,-0.30
27,Chad Campbell,66.67,8,12,-0.38
27,Arron Oberholser,66.67,8,12,-0.25
27,Rory Sabbatini,66.67,12,18,-0.33
27,Adam Scott,66.67,8,12,-0.25
32,Rich Beem,64.71,11,17,-0.27
32,Carlos Franco,64.71,11,17,-0.18
32,Parker McLachlin,64.71,11,17,E
32,Carl Pettersson,64.71,11,17,-0.09
32,Vaughn Taylor,64.71,11,17,-0.55
37,Joe Durant,64.29,9,14,E
37,Nathan Green,64.29,9,14,-0.44
37,Will MacKenzie,64.29,9,14,-0.11
40,Craig Barlow,63.64,7,11,E
40,Jason Bohn,63.64,7,11,+0.14
40,David Duval,63.64,7,11,-0.29
43,Jim Furyk,63.16,12,19,-0.17
44,David Branshaw,62.50,10,16,-0.20
44,Jerry Kelly,62.50,10,16,-0.20
44,Jerry Smith,62.50,10,16,-0.10
47,K.J. Choi,61.90,13,21,-0.08
48,J.B. Holmes,61.54,8,13,-0.25
49,Richard Johnson,61.11,11,18,-0.18
50,Todd Fischer,60.00,9,15,-0.22
50,Tom Lehman,60.00,9,15,E
52,Jeff Overton,58.33,7,12,E
53,Michael Allen,57.14,8,14,-0.38
53,Jesper Parnevik,57.14,12,21,-0.08
55,Bill Haas,54.55,6,11,+0.17
55,Peter Lonard,54.55,6,11,-0.17
57,Arjun Atwal,53.85,7,13,-0.14
57,Thomas Levet,53.85,7,13,-0.14
57,Charles Warren,53.85,7,13,-0.43
60,Troy Matteson,53.33,8,15,E
60,Kaname Yokoo,53.33,8,15,-0.25
62,Chris Riley,52.63,10,19,-0.10
63,Stewart Cink,52.17,12,23,-0.08
63,Mathew Goggin,52.17,12,23,-0.25
63,Vance Veazey,52.17,12,23,E
66,Stuart Appleby,50.00,7,14,-0.43
66,Paul Azinger,50.00,9,18,-0.11
66,Jeff Gove,50.00,8,16,+0.13
66,Jay Haas,50.00,11,22,-0.18
66,Joe Ogilvie,50.00,7,14,-0.29
66,Patrick Sheehan,50.00,8,16,-0.25
66,Bo Van Pelt,50.00,8,16,+0.13
66,Camilo Villegas,50.00,7,14,E
74,Olin Browne,47.06,8,17,-0.25
74,Brad Faxon,47.06,8,17,-0.13
74,John Riegger,47.06,8,17,-0.13
77,Alex Cejka,46.67,7,15,E
77,James Driscoll,46.67,7,15,-0.14
79,Woody Austin,41.18,7,17,-0.29
80,Bubba Dickerson,40.00,6,15,-0.33
81,Roger Tambellini,38.46,5,13,-0.20
82,Shane Bertsch,35.29,6,17,E
