rank,player,%,Greens Hit,Total Holes,Relative to par
1,Fred Funk,74.19,46,62,-0.11
2,Rory Sabbatini,72.13,44,61,-0.27
3,Carl Pettersson,71.67,43,60,-0.30
4,David Toms,70.49,43,61,-0.33
5,K.J. Choi,70.00,42,60,-0.19
5,Jerry Kelly,70.00,42,60,-0.14
7,Bubba Watson,69.39,34,49,-0.24
8,Rich Beem,68.97,40,58,-0.15
9,Adam Scott,68.42,39,57,-0.18
10,Chad Campbell,68.33,41,60,-0.29
10,Arron Oberholser,68.33,41,60,-0.10
10,Loren Roberts,68.33,41,60,-0.17
10,Hidemichi Tanaka,68.33,41,60,+0.02
14,Billy Mayfair,67.80,40,59,-0.15
14,Vijay Singh,67.80,40,59,-0.13
16,Robert Gamez,66.13,41,62,-0.15
16,Paul Goydos,66.13,41,62,-0.15
18,Mark Calcavecchia,65.57,40,61,-0.20
18,Jeff Gove,65.57,40,61,-0.05
18,Richard Johnson,65.57,40,61,-0.18
18,Jeff Maggert,65.57,40,61,-0.08
18,Jerry Smith,65.57,40,61,-0.20
23,Jonathan Kaye,65.52,38,58,-0.13
24,Tom Byrum,65.08,41,63,-0.17
24,Thomas Levet,65.08,41,63,-0.05
26,Joe Durant,65.00,39,60,-0.08
26,Brent Geiberger,65.00,39,60,-0.28
26,Jon Mills,65.00,39,60,-0.13
29,J.B. Holmes,64.81,35,54,-0.14
30,Todd Fischer,64.41,38,59,-0.18
31,Steve Jones,63.93,39,61,-0.13
32,Roger Tambellini,63.64,35,55,-0.09
33,David Branshaw,63.33,38,60,-0.24
33,Nathan Green,63.33,38,60,-0.26
35,Jim Furyk,62.71,37,59,-0.19
35,Ryuji Imada,62.71,37,59,-0.03
37,Tommy Armour III,62.30,38,61,-0.34
37,Vance Veazey,62.30,38,61,-0.16
39,Henrik Bjornstad,62.07,36,58,-0.08
40,Charles Warren,61.40,35,57,-0.26
41,Bill Haas,61.29,38,62,+0.08
42,Jason Bohn,60.66,37,61,-0.14
43,Hunter Mahan,60.34,35,58,-0.26
44,Charles Howell III,60.32,38,63,-0.18
45,Parker McLachlin,60.00,36,60,-0.08
45,Jesper Parnevik,60.00,36,60,-0.11
45,Ron Whittaker,60.00,36,60,-0.22
48,Aaron Baddeley,59.65,34,57,-0.21
49,Craig Barlow,59.32,35,59,-0.11
49,Will MacKenzie,59.32,35,59,-0.14
51,Dudley Hart,58.73,37,63,-0.24
52,Jay Haas,58.33,35,60,-0.17
52,Joe Ogilvie,58.33,35,60,-0.11
52,Vaughn Taylor,58.33,35,60,-0.31
52,Bo Van Pelt,58.33,35,60,-0.09
52,Camilo Villegas,58.33,35,60,-0.23
57,Shigeki Maruyama,58.06,36,62,-0.17
58,Arjun Atwal,57.63,34,59,-0.15
58,Daniel Chopra,57.63,34,59,-0.24
60,Carlos Franco,57.38,35,61,-0.09
61,Shane Bertsch,56.90,33,58,-0.18
61,Jeff Overton,56.90,33,58,-0.15
63,Paul Azinger,56.67,34,60,-0.12
63,Alex Cejka,56.67,34,60,-0.06
63,John Riegger,56.67,34,60,-0.12
66,James Driscoll,55.93,33,59,-0.12
66,David Duval,55.93,33,59,-0.24
66,Tom Lehman,55.93,33,59,-0.21
69,Mathew Goggin,55.00,33,60,-0.18
69,Troy Matteson,55.00,33,60,-0.15
69,Kaname Yokoo,55.00,33,60,-0.18
72,Bubba Dickerson,54.55,30,55,-0.10
73,Stuart Appleby,54.24,32,59,-0.22
74,Peter Lonard,53.33,32,60,-0.28
75,Woody Austin,53.23,33,62,-0.18
76,Patrick Sheehan,51.72,30,58,-0.13
77,Stewart Cink,51.67,31,60,-0.23
77,Chris Riley,51.67,31,60,-0.29
79,Michael Allen,50.85,30,59,-0.17
80,Jeff Sluman,50.00,31,62,-0.13
81,Brad Faxon,48.39,30,62,-0.10
82,Olin Browne,48.33,29,60,-0.17
