rank,player,%,Greens Hit,# Holes,Relative/Par
1,Aaron Baddeley,100.0,2,2,-2.00
1,Chad Campbell,100.0,1,1,E
1,Alex Cejka,100.0,2,2,E
1,K.J. Choi,100.0,1,1,-1.00
1,Daniel Chopra,100.0,4,4,-1.00
1,James Driscoll,100.0,2,2,+1.00
1,Joe Durant,100.0,1,1,E
1,Brad Faxon,100.0,2,2,E
1,Todd Fischer,100.0,1,1,E
1,Thomas Levet,100.0,4,4,E
1,Jeff Maggert,100.0,2,2,-1.00
1,Billy Mayfair,100.0,1,1,-1.00
1,Jon Mills,100.0,6,6,-1.00
1,Joe Ogilvie,100.0,4,4,E
1,Carl Pettersson,100.0,2,2,-1.00
1,Jerry Smith,100.0,3,3,E
1,Roger Tambellini,100.0,2,2,E
1,Vaughn Taylor,100.0,5,5,-1.00
1,Bo Van Pelt,100.0,2,2,E
1,Bubba Watson,100.0,2,2,-2.00
1,Kaname Yokoo,100.0,2,2,E
22,Jerry Kelly,85.7,6,7,-1.00
23,Adam Scott,83.3,5,6,E
24,Rich Beem,80.0,4,5,E
24,Jason Bohn,80.0,4,5,-2.00
26,Shane Bertsch,75.0,3,4,-2.00
26,Henrik Bjornstad,75.0,3,4,E
26,Brent Geiberger,75.0,3,4,E
26,Paul Goydos,75.0,3,4,-1.00
26,Bill Haas,75.0,3,4,+1.00
26,Hidemichi Tanaka,75.0,3,4,E
26,Camilo Villegas,75.0,3,4,-1.00
33,Jeff Gove,66.7,2,3,E
33,J.B. Holmes,66.7,2,3,-2.00
33,Ryuji Imada,66.7,2,3,+1.00
33,Arron Oberholser,66.7,2,3,E
33,Patrick Sheehan,66.7,2,3,E
38,David Branshaw,60.0,3,5,+1.00
38,Bubba Dickerson,60.0,3,5,E
38,Robert Gamez,60.0,3,5,E
38,Dudley Hart,60.0,3,5,E
38,Tom Lehman,60.0,3,5,-1.00
38,Vijay Singh,60.0,3,5,E
38,Jeff Sluman,60.0,3,5,E
38,Vance Veazey,60.0,6,10,-1.00
46,Jonathan Kaye,57.1,4,7,E
46,David Toms,57.1,4,7,E
48,Stewart Cink,50.0,2,4,E
48,Fred Funk,50.0,1,2,E
48,Mathew Goggin,50.0,3,6,-1.00
48,Charles Howell III,50.0,2,4,E
48,Hunter Mahan,50.0,2,4,E
48,Shigeki Maruyama,50.0,4,8,E
48,Parker McLachlin,50.0,5,10,E
48,John Riegger,50.0,1,2,-1.00
48,Rory Sabbatini,50.0,1,2,E
48,Charles Warren,50.0,1,2,E
48,Ron Whittaker,50.0,2,4,E
59,Stuart Appleby,42.9,3,7,-1.00
60,Tommy Armour III,40.0,2,5,E
60,Steve Jones,40.0,2,5,E
60,Troy Matteson,40.0,2,5,-1.00
63,Carlos Franco,37.5,3,8,E
64,Michael Allen,33.3,2,6,E
64,Craig Barlow,33.3,1,3,E
64,Mark Calcavecchia,33.3,1,3,E
64,Richard Johnson,33.3,1,3,E
64,Peter Lonard,33.3,1,3,E
64,Will MacKenzie,33.3,1,3,+1.00
70,Paul Azinger,25.0,1,4,E
70,Jeff Overton,25.0,1,4,E
70,Jesper Parnevik,25.0,1,4,E
73,Tom Byrum,20.0,1,5,E
73,David Duval,20.0,1,5,E
75,Nathan Green,16.7,1,6,-1.00
76,Arjun Atwal,.0,0,2,E
76,Woody Austin,.0,0,1,E
76,Olin Browne,.0,0,2,E
76,Jim Furyk,.0,0,1,E
76,Jay Haas,.0,0,2,E
