rank,player,%,Greens Hit,Total Holes,Relative to par
1,Paul Azinger,100.00,11,11,-0.18
2,Jerry Smith,93.33,14,15,-0.21
2,Roger Tambellini,93.33,14,15,-0.14
4,Jerry Kelly,92.86,13,14,-0.23
5,Carl Pettersson,91.67,11,12,-0.55
6,Bubba Watson,90.00,9,10,-0.67
7,Thomas Levet,88.24,15,17,+0.07
8,Rory Sabbatini,84.62,11,13,-0.18
9,Adam Scott,84.21,16,19,-0.06
10,K.J. Choi,81.82,9,11,-0.33
11,Daniel Chopra,81.25,13,16,-0.31
11,Jon Mills,81.25,13,16,-0.15
13,Olin Browne,80.00,8,10,E
13,Chad Campbell,80.00,16,20,-0.31
15,Vijay Singh,78.95,15,19,-0.07
16,Shane Bertsch,78.57,11,14,-0.27
16,Nathan Green,78.57,11,14,-0.45
16,Ryuji Imada,78.57,11,14,-0.36
19,Vance Veazey,77.78,7,9,-0.57
20,Jeff Gove,76.92,10,13,-0.10
20,Camilo Villegas,76.92,10,13,-0.50
22,Mark Calcavecchia,76.47,13,17,-0.15
23,David Branshaw,73.68,14,19,-0.29
24,Stewart Cink,73.33,11,15,-0.36
24,Jim Furyk,73.33,11,15,-0.27
26,Arjun Atwal,72.22,13,18,-0.23
26,Tom Lehman,72.22,13,18,-0.23
26,Parker McLachlin,72.22,13,18,-0.08
29,Robert Gamez,71.43,10,14,-0.30
29,Paul Goydos,71.43,10,14,-0.20
29,Hidemichi Tanaka,71.43,10,14,E
32,Joe Durant,70.59,12,17,-0.25
32,Shigeki Maruyama,70.59,12,17,-0.25
34,Rich Beem,69.23,9,13,-0.22
34,Tom Byrum,69.23,9,13,-0.22
34,Mathew Goggin,69.23,9,13,E
34,Billy Mayfair,69.23,9,13,-0.22
34,Kaname Yokoo,69.23,9,13,+0.11
39,Todd Fischer,68.75,11,16,-0.09
39,Steve Jones,68.75,11,16,-0.09
39,Hunter Mahan,68.75,11,16,-0.09
42,Jason Bohn,68.42,13,19,-0.23
42,Dudley Hart,68.42,13,19,-0.54
42,Charles Warren,68.42,13,19,-0.31
45,Bubba Dickerson,66.67,6,9,-0.17
45,Richard Johnson,66.67,10,15,-0.10
45,Arron Oberholser,66.67,14,21,-0.29
45,John Riegger,66.67,10,15,-0.10
49,Will MacKenzie,64.71,11,17,-0.18
50,Vaughn Taylor,64.29,9,14,-0.22
50,Bo Van Pelt,64.29,9,14,-0.22
52,Jay Haas,63.64,7,11,-0.14
53,Tommy Armour III,63.16,12,19,-0.42
53,Jonathan Kaye,63.16,12,19,-0.42
55,Carlos Franco,61.54,8,13,-0.13
55,Fred Funk,61.54,8,13,-0.25
55,Brent Geiberger,61.54,8,13,-0.25
55,Patrick Sheehan,61.54,8,13,-0.13
59,Woody Austin,60.00,9,15,E
59,J.B. Holmes,60.00,6,10,-0.17
59,Joe Ogilvie,60.00,9,15,-0.11
59,Ron Whittaker,60.00,6,10,-0.33
63,Peter Lonard,58.82,10,17,-0.30
64,Charles Howell III,58.33,7,12,E
65,Jesper Parnevik,57.89,11,19,-0.09
66,Henrik Bjornstad,57.14,8,14,-0.13
67,Craig Barlow,56.52,13,23,-0.31
68,Michael Allen,56.25,9,16,+0.11
69,Aaron Baddeley,55.56,10,18,-0.20
70,Loren Roberts,54.55,6,11,E
71,Alex Cejka,53.85,7,13,-0.29
71,Troy Matteson,53.85,7,13,-0.14
71,Jeff Overton,53.85,7,13,-0.57
74,David Duval,53.33,8,15,-0.13
75,David Toms,52.17,12,23,-0.25
76,Chris Riley,46.67,7,15,-0.29
77,James Driscoll,46.15,6,13,+0.17
78,Brad Faxon,45.45,5,11,-0.40
78,Jeff Maggert,45.45,5,11,E
80,Bill Haas,44.44,8,18,E
81,Stuart Appleby,43.75,7,16,E
82,Jeff Sluman,33.33,5,15,-0.20
