rank,player,%,Total Hit,Total Attempts,RTP Score
1,Adam Scott,84.72,61,72,-9.00
1,David Toms,84.72,61,72,-23.00
3,Rory Sabbatini,80.56,58,72,-18.00
3,Bubba Watson,80.56,58,72,-19.00
5,Brent Geiberger,79.17,57,72,-13.00
5,Arron Oberholser,79.17,57,72,-11.00
7,Tom Byrum,77.78,56,72,-10.00
7,Fred Funk,77.78,56,72,-10.00
7,Robert Gamez,77.78,56,72,-8.00
7,J.B. Holmes,77.78,56,72,-13.00
7,Jonathan Kaye,77.78,56,72,-11.00
7,Billy Mayfair,77.78,56,72,-14.00
7,Carl Pettersson,77.78,56,72,-19.00
7,Loren Roberts,77.78,56,72,-12.00
7,Vijay Singh,77.78,56,72,-16.00
7,Roger Tambellini,77.78,56,72,-9.00
7,Hidemichi Tanaka,77.78,56,72,-2.00
18,Chad Campbell,76.39,55,72,-18.00
18,K.J. Choi,76.39,55,72,-13.00
18,Jim Furyk,76.39,55,72,-15.00
18,Jerry Kelly,76.39,55,72,-11.00
22,Joe Durant,75.00,54,72,-8.00
22,Nathan Green,75.00,54,72,-15.00
22,Thomas Levet,75.00,54,72,-5.00
22,Jeff Maggert,75.00,54,72,-8.00
26,Rich Beem,73.61,53,72,-14.00
26,Henrik Bjornstad,73.61,53,72,-9.00
26,Paul Goydos,73.61,53,72,-11.00
26,Will MacKenzie,73.61,53,72,-15.00
26,Jeff Overton,73.61,53,72,-14.00
31,Craig Barlow,72.22,52,72,-13.00
31,David Branshaw,72.22,52,72,-12.00
31,Mark Calcavecchia,72.22,52,72,-12.00
31,Jeff Gove,72.22,52,72,-9.00
31,Ryuji Imada,72.22,52,72,-8.00
31,Richard Johnson,72.22,52,72,-12.00
31,Hunter Mahan,72.22,52,72,-14.00
38,Shane Bertsch,70.83,51,72,-14.00
38,Carlos Franco,70.83,51,72,-12.00
38,Troy Matteson,70.83,51,72,-9.00
38,John Riegger,70.83,51,72,-13.00
38,Jerry Smith,70.83,51,72,-14.00
43,Tommy Armour III,69.44,50,72,-18.00
43,Bill Haas,69.44,50,72,-3.00
43,Jay Haas,69.44,50,72,-13.00
43,Charles Howell III,69.44,50,72,-9.00
43,Steve Jones,69.44,50,72,-14.00
43,Tom Lehman,69.44,50,72,-11.00
43,Parker McLachlin,69.44,50,72,-6.00
43,Vaughn Taylor,69.44,50,72,-18.00
43,Bo Van Pelt,69.44,50,72,-12.00
43,Camilo Villegas,69.44,50,72,-14.00
43,Kaname Yokoo,69.44,50,72,-6.00
54,Woody Austin,68.06,49,72,-11.00
54,Alex Cejka,68.06,49,72,-8.00
54,David Duval,68.06,49,72,-16.00
54,Jesper Parnevik,68.06,49,72,-13.00
54,Charles Warren,68.06,49,72,-18.00
59,Michael Allen,66.67,48,72,-10.00
59,Arjun Atwal,66.67,48,72,-10.00
59,Bubba Dickerson,66.67,48,72,-10.00
59,Todd Fischer,66.67,48,72,-10.00
59,Mathew Goggin,66.67,48,72,-9.00
59,Dudley Hart,66.67,48,72,-14.00
59,Peter Lonard,66.67,48,72,-15.00
59,Jon Mills,66.67,48,72,-9.00
59,Vance Veazey,66.67,48,72,-9.00
68,Jason Bohn,65.28,47,72,-10.00
68,Daniel Chopra,65.28,47,72,-16.00
68,Brad Faxon,65.28,47,72,-8.00
68,Shigeki Maruyama,65.28,47,72,-10.00
68,Joe Ogilvie,65.28,47,72,-7.00
68,Chris Riley,65.28,47,72,-16.00
74,Paul Azinger,63.89,46,72,-9.00
74,Aaron Baddeley,63.89,46,72,-12.00
74,Stewart Cink,63.89,46,72,-16.00
74,Ron Whittaker,63.89,46,72,-15.00
78,Olin Browne,62.50,45,72,-13.00
79,Stuart Appleby,61.11,44,72,-14.00
79,James Driscoll,61.11,44,72,-8.00
79,Patrick Sheehan,61.11,44,72,-13.00
79,Jeff Sluman,61.11,44,72,-4.00
