rank,player,%,Greens Hit,# of holes
1,Rory Sabbatini,75.00,21,28
2,J.B. Holmes,73.91,17,23
3,Fred Funk,72.73,16,22
4,Bubba Watson,70.97,22,31
5,Adam Scott,70.37,19,27
6,Jerry Kelly,70.00,21,30
7,Billy Mayfair,69.23,18,26
8,David Toms,68.00,17,25
9,Henrik Bjornstad,66.67,22,33
10,Loren Roberts,65.63,21,32
11,Carl Pettersson,65.52,19,29
12,Todd Fischer,64.71,22,34
13,Arron Oberholser,63.33,19,30
14,K.J. Choi,62.96,17,27
15,Ryuji Imada,62.86,22,35
16,Chad Campbell,62.50,20,32
16,Kaname Yokoo,62.50,20,32
18,Daniel Chopra,61.76,21,34
19,Shane Bertsch,61.29,19,31
19,Tom Byrum,61.29,19,31
19,Joe Ogilvie,61.29,19,31
19,Vijay Singh,61.29,19,31
23,Robert Gamez,60.87,14,23
24,Brent Geiberger,60.61,20,33
25,Dudley Hart,60.53,23,38
26,Carlos Franco,60.00,21,35
26,John Riegger,60.00,21,35
26,Roger Tambellini,60.00,21,35
29,Rich Beem,59.26,16,27
30,Patrick Sheehan,58.82,20,34
31,Mark Calcavecchia,58.62,17,29
31,Jeff Gove,58.62,17,29
33,Jonathan Kaye,58.06,18,31
34,Jason Bohn,57.89,22,38
35,Jon Mills,57.58,19,33
36,Jerry Smith,57.14,16,28
37,Bill Haas,56.67,17,30
38,Paul Goydos,56.52,13,23
39,Nathan Green,56.25,18,32
39,Hidemichi Tanaka,56.25,18,32
41,Jim Furyk,55.56,10,18
42,Vaughn Taylor,55.17,16,29
43,Aaron Baddeley,54.84,17,31
44,Troy Matteson,54.05,20,37
45,Alex Cejka,53.33,16,30
45,Jesper Parnevik,53.33,16,30
47,Tom Lehman,53.13,17,32
48,Mathew Goggin,51.72,15,29
49,Charles Warren,51.61,16,31
50,Parker McLachlin,51.43,18,35
50,Bo Van Pelt,51.43,18,35
52,Arjun Atwal,50.00,15,30
52,James Driscoll,50.00,18,36
52,Jay Haas,50.00,15,30
52,Richard Johnson,50.00,15,30
52,Chris Riley,50.00,10,20
52,Ron Whittaker,50.00,11,22
58,Charles Howell III,48.57,17,35
59,Will MacKenzie,48.48,16,33
59,Hunter Mahan,48.48,16,33
59,Jeff Sluman,48.48,16,33
62,Craig Barlow,48.28,14,29
63,Thomas Levet,48.00,12,25
64,Joe Durant,47.37,9,19
65,David Duval,47.06,16,34
66,Paul Azinger,46.15,18,39
67,Woody Austin,45.45,15,33
67,Camilo Villegas,45.45,15,33
69,Shigeki Maruyama,45.16,14,31
70,Michael Allen,45.00,18,40
70,Bubba Dickerson,45.00,18,40
72,Jeff Maggert,44.44,12,27
73,Brad Faxon,43.90,18,41
74,Steve Jones,43.33,13,30
75,Vance Veazey,42.86,15,35
76,Stewart Cink,42.42,14,33
77,Stuart Appleby,42.11,16,38
78,Tommy Armour III,41.38,12,29
79,Jeff Overton,40.74,11,27
80,Peter Lonard,36.36,12,33
81,Olin Browne,32.00,8,25
82,David Branshaw,28.00,7,25
