rank,player,%,Greens Hit,Total Holes,Relative to par
1,Michael Allen,100.00,3,3,E
1,Arjun Atwal,100.00,3,3,-0.33
1,Woody Austin,100.00,1,1,E
1,Aaron Baddeley,100.00,2,2,E
1,Craig Barlow,100.00,2,2,E
1,Henrik Bjornstad,100.00,4,4,-0.50
1,Tom Byrum,100.00,2,2,E
1,Daniel Chopra,100.00,2,2,-0.50
1,Jim Furyk,100.00,4,4,-0.50
1,Robert Gamez,100.00,4,4,E
1,Brent Geiberger,100.00,3,3,E
1,Paul Goydos,100.00,1,1,-1.00
1,Dudley Hart,100.00,1,1,E
1,J.B. Holmes,100.00,3,3,E
1,Troy Matteson,100.00,2,2,-0.50
1,Billy Mayfair,100.00,4,4,-0.50
1,Jeff Overton,100.00,2,2,-0.50
1,Jesper Parnevik,100.00,2,2,E
1,Carl Pettersson,100.00,2,2,E
1,John Riegger,100.00,2,2,E
1,Chris Riley,100.00,2,2,E
1,Loren Roberts,100.00,4,4,-0.25
1,Adam Scott,100.00,5,5,-0.20
1,Vijay Singh,100.00,3,3,-0.33
1,Jerry Smith,100.00,3,3,-0.67
1,Vaughn Taylor,100.00,2,2,E
1,David Toms,100.00,5,5,-0.40
1,Bo Van Pelt,100.00,1,1,E
1,Kaname Yokoo,100.00,2,2,E
30,David Duval,80.00,4,5,-0.25
30,Todd Fischer,80.00,4,5,E
32,Mark Calcavecchia,75.00,3,4,E
32,Alex Cejka,75.00,3,4,-0.67
32,Jeff Gove,75.00,3,4,E
32,Nathan Green,75.00,3,4,E
32,Jonathan Kaye,75.00,3,4,+0.33
32,Joe Ogilvie,75.00,3,4,E
32,Rory Sabbatini,75.00,3,4,-0.33
32,Jeff Sluman,75.00,3,4,+0.33
32,Roger Tambellini,75.00,3,4,-0.33
32,Ron Whittaker,75.00,3,4,-0.33
42,Shane Bertsch,66.67,2,3,E
42,James Driscoll,66.67,2,3,+0.50
42,Brad Faxon,66.67,2,3,-1.00
42,Carlos Franco,66.67,2,3,E
42,Fred Funk,66.67,2,3,-1.00
42,Richard Johnson,66.67,2,3,-0.50
42,Will MacKenzie,66.67,2,3,-0.50
42,Hunter Mahan,66.67,2,3,-0.50
42,Arron Oberholser,66.67,2,3,-0.50
42,Charles Warren,66.67,2,3,-0.50
42,Bubba Watson,66.67,4,6,-0.25
53,Stewart Cink,60.00,3,5,-0.33
53,Jerry Kelly,60.00,3,5,-0.33
55,Stuart Appleby,50.00,2,4,-1.00
55,Tommy Armour III,50.00,1,2,E
55,Rich Beem,50.00,1,2,E
55,Olin Browne,50.00,1,2,-1.00
55,Chad Campbell,50.00,2,4,-0.50
55,Bubba Dickerson,50.00,2,4,-0.50
55,Mathew Goggin,50.00,1,2,E
55,Ryuji Imada,50.00,1,2,-1.00
55,Steve Jones,50.00,2,4,-0.50
55,Peter Lonard,50.00,1,2,E
55,Jeff Maggert,50.00,1,2,E
55,Hidemichi Tanaka,50.00,1,2,E
55,Vance Veazey,50.00,3,6,E
55,Camilo Villegas,50.00,1,2,E
69,Tom Lehman,40.00,2,5,E
70,David Branshaw,33.33,2,6,E
70,K.J. Choi,33.33,1,3,E
70,Bill Haas,33.33,1,3,E
70,Jay Haas,33.33,1,3,-1.00
74,Paul Azinger,25.00,1,4,E
75,Jason Bohn,.00,0,3,E
75,Joe Durant,.00,0,1,E
75,Charles Howell III,.00,0,1,E
75,Thomas Levet,.00,0,1,E
75,Shigeki Maruyama,.00,0,2,E
75,Parker McLachlin,.00,0,1,E
75,Jon Mills,.00,0,1,E
75,Patrick Sheehan,.00,0,1,E
