rank,player,Total
1,Lucas Glover,3
2,Paul Casey,2
2,Sean O'Hair,2
4,Stewart Cink,1
4,Matt Kuchar,1
4,Ryan Moore,1
4,Pat Perez,1
4,John Rollins,1
9,Stephen Ames,0
9,Michael Bradley,0
9,Ángel Cabrera,0
9,Brian Gay,0
9,Retief Goosen,0
9,Nathan Green,0
9,Dustin Johnson,0
9,Zach Johnson,0
9,Jerry Kelly,0
9,Martin Laird,0
9,Troy Matteson,0
9,Geoff Ogilvy,0
9,Kenny Perry,0
9,Rory Sabbatini,0
9,Heath Slocum,0
9,Steve Stricker,0
9,Bo Van Pelt,0
9,Nick Watney,0
9,Mark Wilson,0
9,Y.E. Yang,0
