rank,player,%,# Birdies/Eagles,# Holes
1,Rory Sabbatini,37.50,27,72
2,Geoff Ogilvy,36.11,26,72
3,Stewart Cink,34.72,25,72
3,Dustin Johnson,34.72,25,72
3,Kenny Perry,34.72,25,72
6,Lucas Glover,33.33,24,72
6,Retief Goosen,33.33,24,72
6,Sean O'Hair,33.33,24,72
9,Paul Casey,31.94,23,72
9,Martin Laird,31.94,23,72
11,Ángel Cabrera,29.17,21,72
11,Matt Kuchar,29.17,21,72
11,Pat Perez,29.17,21,72
11,Nick Watney,29.17,21,72
11,Y.E. Yang,29.17,21,72
16,John Rollins,27.78,20,72
16,Steve Stricker,27.78,20,72
18,Stephen Ames,26.39,19,72
18,Nathan Green,26.39,19,72
18,Zach Johnson,26.39,19,72
18,Jerry Kelly,26.39,19,72
18,Bo Van Pelt,26.39,19,72
23,Ryan Moore,25.00,18,72
24,Michael Bradley,23.61,17,72
24,Brian Gay,23.61,17,72
26,Mark Wilson,22.22,16,72
27,Heath Slocum,20.83,15,72
28,Troy Matteson,19.44,14,72
