rank,player,Avg,Total Strokes,Total Rounds
1,Stuart Appleby,71.50,143,2
2,Michael Campbell,72.00,144,2
2,Jim Furyk,72.00,144,2
2,Vijay Singh,72.00,144,2
2,David Toms,72.00,144,2
6,Olin Browne,72.50,145,2
6,Sergio Garcia,72.50,145,2
8,Jason Bohn,73.00,146,2
8,Bart Bryant,73.00,146,2
8,"Wes Short, Jr.",73.00,146,2
11,Mark Calcavecchia,73.50,147,2
11,Lucas Glover,73.50,147,2
11,Geoff Ogilvy,73.50,147,2
11,Vaughn Taylor,73.50,147,2
15,Peter Lonard,74.00,148,2
15,Ted Purdy,74.00,148,2
17,K.J. Choi,74.50,149,2
18,Justin Leonard,75.00,150,2
19,Kenny Perry,75.50,151,2
19,Tim Petrovic,75.50,151,2
21,Robert Gamez,76.50,153,2
22,Heath Slocum,77.50,155,2
23,Sean O'Hair,78.00,156,2
23,Carl Pettersson,78.00,156,2
25,Ben Crane,78.50,157,2
26,Fred Funk,79.00,158,2
27,Brad Faxon,80.00,160,2
27,Jason Gore,80.00,160,2
