rank,player,Stroke Differential,Player's Score,Field Average Score
1,Stuart Appleby,+3.89,71.00,74.89
1,Vijay Singh,+3.89,71.00,74.89
3,Jim Furyk,+2.89,72.00,74.89
4,Michael Campbell,+2.39,72.50,74.89
4,Vaughn Taylor,+2.39,72.50,74.89
6,Lucas Glover,+2.14,72.75,74.89
7,Sergio Garcia,+1.64,73.25,74.89
8,Justin Leonard,+1.39,73.50,74.89
9,Bart Bryant,+1.14,73.75,74.89
10,Peter Lonard,+.89,74.00,74.89
11,Tim Petrovic,+.64,74.25,74.89
11,"Wes Short, Jr.",+.64,74.25,74.89
13,Geoff Ogilvy,+.39,74.50,74.89
13,David Toms,+.39,74.50,74.89
15,Jason Bohn,+.14,74.75,74.89
15,Mark Calcavecchia,+.14,74.75,74.89
17,Olin Browne,-.36,75.25,74.89
17,Robert Gamez,-.36,75.25,74.89
19,K.J. Choi,-.61,75.50,74.89
19,Kenny Perry,-.61,75.50,74.89
21,Carl Pettersson,-1.36,76.25,74.89
22,Ted Purdy,-1.61,76.50,74.89
23,Brad Faxon,-2.36,77.25,74.89
23,Heath Slocum,-2.36,77.25,74.89
25,Ben Crane,-2.61,77.50,74.89
26,Fred Funk,-3.11,78.00,74.89
27,Sean O'Hair,-4.61,79.50,74.89
28,Jason Gore,-5.11,80.00,74.89
