rank,player,Avg,Total Strokes,Total Rounds
1,Stuart Appleby,71.00,284,4
1,Vijay Singh,71.00,284,4
3,Jim Furyk,72.00,288,4
4,Michael Campbell,72.50,290,4
4,Vaughn Taylor,72.50,290,4
6,Lucas Glover,72.75,291,4
7,Sergio Garcia,73.25,293,4
8,Justin Leonard,73.50,294,4
9,Bart Bryant,73.75,295,4
10,Peter Lonard,74.00,296,4
11,Tim Petrovic,74.25,297,4
11,"Wes Short, Jr.",74.25,297,4
13,Geoff Ogilvy,74.50,298,4
13,David Toms,74.50,298,4
15,Jason Bohn,74.75,299,4
15,Mark Calcavecchia,74.75,299,4
17,Olin Browne,75.25,301,4
17,Robert Gamez,75.25,301,4
19,K.J. Choi,75.50,302,4
19,Kenny Perry,75.50,302,4
21,Carl Pettersson,76.25,305,4
22,Ted Purdy,76.50,306,4
23,Brad Faxon,77.25,309,4
23,Heath Slocum,77.25,309,4
25,Ben Crane,77.50,310,4
26,Fred Funk,78.00,312,4
27,Sean O'Hair,79.50,318,4
28,Jason Gore,80.00,320,4
