rank,player,Value,Tourn/Course,Round
1,Vijay Singh,66,Mercedes Champ/,4
2,Olin Browne,69,Mercedes Champ/,1
3,Stuart Appleby,70,Mercedes Champ/,3
3,Jason Bohn,70,Mercedes Champ/,2
3,Lucas Glover,70,Mercedes Champ/,3
6,Michael Campbell,71,Mercedes Champ/,3
6,Sergio Garcia,71,Mercedes Champ/,1
6,Carl Pettersson,71,Mercedes Champ/,1
6,Vaughn Taylor,71,Mercedes Champ/,4
6,David Toms,71,Mercedes Champ/,1
11,Bart Bryant,72,Mercedes Champ/,2
11,Jim Furyk,72,Mercedes Champ/,4
11,Justin Leonard,72,Mercedes Champ/,4
11,Geoff Ogilvy,72,Mercedes Champ/,2
11,Tim Petrovic,72,Mercedes Champ/,4
16,Mark Calcavecchia,73,Mercedes Champ/,3
16,Robert Gamez,73,Mercedes Champ/,3
16,Peter Lonard,73,Mercedes Champ/,3
16,Ted Purdy,73,Mercedes Champ/,1
16,"Wes Short, Jr.",73,Mercedes Champ/,2
21,K.J. Choi,74,Mercedes Champ/,2
21,Brad Faxon,74,Mercedes Champ/,4
21,Kenny Perry,74,Mercedes Champ/,4
21,Heath Slocum,74,Mercedes Champ/,1
25,Ben Crane,75,Mercedes Champ/,4
26,Fred Funk,76,Mercedes Champ/,4
27,Sean O'Hair,77,Mercedes Champ/,1
28,Jason Gore,79,Mercedes Champ/,4
