rank,player,% Made,Attempts,Putts made
1,Stephen Ames,100.00,1,1
1,Ángel Cabrera,100.00,3,3
1,Retief Goosen,100.00,1,1
1,Geoff Ogilvy,100.00,2,2
1,Pat Perez,100.00,2,2
1,Y.E. Yang,100.00,1,1
7,Matt Kuchar,66.67,3,2
7,Martin Laird,66.67,6,4
7,Kenny Perry,66.67,3,2
7,Rory Sabbatini,66.67,3,2
11,Michael Bradley,50.00,2,1
11,Paul Casey,50.00,2,1
11,Stewart Cink,50.00,2,1
11,Lucas Glover,50.00,4,2
11,Nathan Green,50.00,2,1
11,Dustin Johnson,50.00,4,2
11,Jerry Kelly,50.00,2,1
11,John Rollins,50.00,6,3
11,Heath Slocum,50.00,2,1
20,Nick Watney,40.00,5,2
21,Zach Johnson,25.00,4,1
22,Brian Gay,.00,2,0
22,Troy Matteson,.00,4,0
22,Ryan Moore,.00,3,0
22,Sean O'Hair,.00,1,0
22,Steve Stricker,.00,2,0
22,Bo Van Pelt,.00,1,0
22,Mark Wilson,.00,1,0
