rank,player,% Made,Attempts,Putts made
1,Retief Goosen,61.76,34,21
2,Sean O'Hair,58.62,29,17
3,Stewart Cink,58.33,24,14
4,Matt Kuchar,57.14,28,16
5,Nathan Green,52.94,34,18
6,Geoff Ogilvy,51.85,27,14
7,Pat Perez,51.72,29,15
8,Martin Laird,50.00,30,15
8,Heath Slocum,50.00,34,17
10,Brian Gay,48.57,35,17
11,Lucas Glover,48.00,25,12
12,Michael Bradley,47.22,36,17
13,Nick Watney,46.67,30,14
13,Y.E. Yang,46.67,30,14
15,Mark Wilson,45.95,37,17
16,Kenny Perry,44.83,29,13
17,Bo Van Pelt,44.44,27,12
18,Paul Casey,43.48,23,10
19,Rory Sabbatini,42.42,33,14
20,Ryan Moore,42.31,26,11
21,Ángel Cabrera,40.91,22,9
22,Zach Johnson,38.46,26,10
23,Steve Stricker,37.93,29,11
24,Jerry Kelly,37.50,32,12
25,John Rollins,34.48,29,10
26,Dustin Johnson,33.33,24,8
27,Troy Matteson,30.77,26,8
28,Stephen Ames,28.13,32,9
