rank,player,% Made,Attempts,Putts made
1,Dustin Johnson,40.00,5,2
2,Stewart Cink,28.57,7,2
3,Rory Sabbatini,25.00,8,2
4,Paul Casey,20.00,5,1
5,Ángel Cabrera,16.67,6,1
5,Brian Gay,16.67,6,1
5,Retief Goosen,16.67,6,1
5,Bo Van Pelt,16.67,6,1
9,Troy Matteson,14.29,7,1
9,Heath Slocum,14.29,7,1
11,Michael Bradley,12.50,8,1
11,Kenny Perry,12.50,8,1
13,Y.E. Yang,11.11,9,1
14,Stephen Ames,10.00,10,1
15,Lucas Glover,.00,6,-
15,Nathan Green,.00,4,-
15,Zach Johnson,.00,7,-
15,Jerry Kelly,.00,2,-
15,Matt Kuchar,.00,7,-
15,Martin Laird,.00,9,-
15,Ryan Moore,.00,3,-
15,Sean O'Hair,.00,6,-
15,Geoff Ogilvy,.00,8,-
15,Pat Perez,.00,6,-
15,John Rollins,.00,6,-
15,Steve Stricker,.00,2,-
15,Nick Watney,.00,6,-
15,Mark Wilson,.00,6,-
