rank,player,%,Attempts,Putts made
1,Retief Goosen,89.47,19,17
2,Pat Perez,80.00,15,12
3,Matt Kuchar,75.00,16,12
4,Geoff Ogilvy,73.33,15,11
5,Nathan Green,65.00,20,13
6,Brian Gay,63.64,22,14
7,Nick Watney,63.16,19,12
8,Martin Laird,60.00,20,12
8,Sean O'Hair,60.00,20,12
8,Heath Slocum,60.00,20,12
11,Kenny Perry,58.82,17,10
12,Mark Wilson,58.33,24,14
13,Ryan Moore,56.25,16,9
14,Y.E. Yang,55.00,20,11
15,Ángel Cabrera,53.85,13,7
15,Paul Casey,53.85,13,7
17,Dustin Johnson,53.33,15,8
18,Lucas Glover,52.94,17,9
18,John Rollins,52.94,17,9
18,Bo Van Pelt,52.94,17,9
21,Michael Bradley,47.62,21,10
21,Rory Sabbatini,47.62,21,10
23,Stewart Cink,47.06,17,8
23,Zach Johnson,47.06,17,8
25,Steve Stricker,43.75,16,7
26,Stephen Ames,36.84,19,7
27,Jerry Kelly,31.25,16,5
28,Troy Matteson,26.67,15,4
