rank,player,% Made,Attempts,Putts Made
1,Dustin Johnson,12.50,24,3
2,Sean O'Hair,11.11,27,3
3,Kenny Perry,10.71,28,3
4,Geoff Ogilvy,10.00,30,3
5,Retief Goosen,9.09,22,2
6,Jerry Kelly,8.70,23,2
7,Nathan Green,8.33,24,2
7,Rory Sabbatini,8.33,24,2
7,Steve Stricker,8.33,24,2
10,Ángel Cabrera,7.14,28,2
10,Lucas Glover,7.14,28,2
10,Ryan Moore,7.14,28,2
13,Paul Casey,6.67,30,2
13,Stewart Cink,6.67,30,2
13,Bo Van Pelt,6.67,30,2
16,Pat Perez,6.06,33,2
17,Brian Gay,5.26,19,1
18,Heath Slocum,4.00,25,1
19,Michael Bradley,3.70,27,1
20,Y.E. Yang,3.57,28,1
21,Stephen Ames,3.45,29,1
21,Zach Johnson,3.45,29,1
23,John Rollins,3.33,30,1
24,Troy Matteson,3.23,31,1
25,Matt Kuchar,.00,28,-
25,Martin Laird,.00,25,-
25,Nick Watney,.00,26,-
25,Mark Wilson,.00,22,-
