rank,player,Putts Made
1,Jerry Kelly,11.0
2,Stewart Cink,10.0
3,Michael Bradley,9.0
4,Sean O'Hair,8.0
4,Geoff Ogilvy,8.0
4,Heath Slocum,8.0
7,Lucas Glover,7.0
7,Retief Goosen,7.0
7,Nathan Green,7.0
7,Rory Sabbatini,7.0
7,Steve Stricker,7.0
7,Bo Van Pelt,7.0
13,Paul Casey,6.0
13,Dustin Johnson,6.0
13,Troy Matteson,6.0
13,Pat Perez,6.0
13,Kenny Perry,6.0
18,Martin Laird,5.0
18,Ryan Moore,5.0
18,Y.E. Yang,5.0
21,Stephen Ames,4.0
21,Ángel Cabrera,4.0
21,Brian Gay,4.0
21,Zach Johnson,4.0
21,Matt Kuchar,4.0
26,Nick Watney,3.0
26,Mark Wilson,3.0
28,John Rollins,2.0
