rank,player,%,Attempts,Putts made
1,Stephen Ames,100.00,61,61
1,Geoff Ogilvy,100.00,53,53
1,Kenny Perry,100.00,56,56
4,John Rollins,98.36,61,60
5,Ryan Moore,98.31,59,58
6,Steve Stricker,98.28,58,57
7,Matt Kuchar,98.25,57,56
8,Retief Goosen,97.96,49,48
9,Troy Matteson,96.83,63,61
10,Ángel Cabrera,96.77,62,60
10,Zach Johnson,96.77,62,60
12,Paul Casey,96.67,60,58
12,Dustin Johnson,96.67,60,58
14,Nick Watney,96.61,59,57
15,Martin Laird,96.49,57,55
15,Mark Wilson,96.49,57,55
17,Brian Gay,96.43,56,54
18,Michael Bradley,96.36,55,53
19,Nathan Green,96.30,54,52
20,Jerry Kelly,94.83,58,55
20,Y.E. Yang,94.83,58,55
22,Pat Perez,94.74,57,54
23,Sean O'Hair,94.55,55,52
23,Heath Slocum,94.55,55,52
25,Bo Van Pelt,93.22,59,55
26,Rory Sabbatini,93.10,58,54
27,Stewart Cink,91.38,58,53
28,Lucas Glover,90.32,62,56
