rank,player,% Made,Attempts,Putts made
1,Stephen Ames,100.00,3,3
1,Jerry Kelly,100.00,4,4
1,Martin Laird,100.00,1,1
1,Ryan Moore,100.00,3,3
1,Geoff Ogilvy,100.00,6,6
1,Kenny Perry,100.00,6,6
1,Steve Stricker,100.00,4,4
8,Sean O'Hair,92.31,13,12
9,Paul Casey,90.00,10,9
10,Ángel Cabrera,88.89,9,8
10,Brian Gay,88.89,9,8
12,Stewart Cink,87.50,8,7
12,Matt Kuchar,87.50,8,7
14,Nathan Green,83.33,6,5
14,John Rollins,83.33,6,5
16,Rory Sabbatini,80.00,5,4
16,Nick Watney,80.00,5,4
16,Mark Wilson,80.00,5,4
19,Troy Matteson,77.78,9,7
20,Retief Goosen,75.00,4,3
20,Dustin Johnson,75.00,4,3
20,Pat Perez,75.00,8,6
20,Heath Slocum,75.00,8,6
24,Lucas Glover,70.00,10,7
25,Zach Johnson,66.67,6,4
25,Bo Van Pelt,66.67,6,4
25,Y.E. Yang,66.67,3,2
28,Michael Bradley,33.33,3,1
