rank,player,% Made,Attempts,Putts made
1,Sean O'Hair,14.29,21,3
2,Geoff Ogilvy,13.64,22,3
3,Nathan Green,10.00,20,2
3,Kenny Perry,10.00,20,2
5,Jerry Kelly,9.52,21,2
6,Lucas Glover,9.09,22,2
6,Steve Stricker,9.09,22,2
8,Ryan Moore,8.00,25,2
9,Pat Perez,7.41,27,2
10,Retief Goosen,6.25,16,1
11,Dustin Johnson,5.26,19,1
12,Ángel Cabrera,4.55,22,1
12,Zach Johnson,4.55,22,1
14,John Rollins,4.17,24,1
14,Bo Van Pelt,4.17,24,1
16,Paul Casey,4.00,25,1
17,Stephen Ames,.00,19,-
17,Michael Bradley,.00,19,-
17,Stewart Cink,.00,23,-
17,Brian Gay,.00,13,-
17,Matt Kuchar,.00,21,-
17,Martin Laird,.00,16,-
17,Troy Matteson,.00,24,-
17,Rory Sabbatini,.00,16,-
17,Heath Slocum,.00,18,-
17,Nick Watney,.00,20,-
17,Mark Wilson,.00,16,-
17,Y.E. Yang,.00,19,-
