rank,player,Putts Made
1,Dustin Johnson,3.0
1,Sean O'Hair,3.0
1,Geoff Ogilvy,3.0
1,Kenny Perry,3.0
5,Ángel Cabrera,2.0
5,Paul Casey,2.0
5,Stewart Cink,2.0
5,Lucas Glover,2.0
5,Retief Goosen,2.0
5,Nathan Green,2.0
5,Jerry Kelly,2.0
5,Ryan Moore,2.0
5,Pat Perez,2.0
5,Rory Sabbatini,2.0
5,Steve Stricker,2.0
5,Bo Van Pelt,2.0
17,Stephen Ames,1.0
17,Michael Bradley,1.0
17,Brian Gay,1.0
17,Zach Johnson,1.0
17,Troy Matteson,1.0
17,John Rollins,1.0
17,Heath Slocum,1.0
17,Y.E. Yang,1.0
25,Matt Kuchar,.0
25,Martin Laird,.0
25,Nick Watney,.0
25,Mark Wilson,.0
