rank,player,% Made,Attempts,Putts made
1,Paul Casey,100.00,1,1
1,Retief Goosen,100.00,1,1
1,Martin Laird,100.00,1,1
1,Pat Perez,100.00,1,1
5,Nick Watney,66.67,3,2
5,Mark Wilson,66.67,3,2
7,Michael Bradley,57.14,7,4
8,Stewart Cink,50.00,2,1
8,Brian Gay,50.00,2,1
8,Nathan Green,50.00,2,1
8,Dustin Johnson,50.00,6,3
8,Matt Kuchar,50.00,2,1
8,Geoff Ogilvy,50.00,2,1
8,Y.E. Yang,50.00,2,1
15,Zach Johnson,42.86,7,3
16,Kenny Perry,40.00,5,2
17,Heath Slocum,33.33,3,1
18,Jerry Kelly,20.00,5,1
19,Stephen Ames,14.29,7,1
20,Ángel Cabrera,.00,1,0
20,Lucas Glover,.00,2,0
20,Troy Matteson,.00,2,0
20,Ryan Moore,.00,1,0
20,Sean O'Hair,.00,2,0
20,John Rollins,.00,1,0
20,Rory Sabbatini,.00,2,0
20,Steve Stricker,.00,2,0
20,Bo Van Pelt,.00,3,0
