rank,player,% Made,Attempts,Putts made
1,Brian Gay,100.00,7,7
1,Retief Goosen,100.00,7,7
1,Nathan Green,100.00,3,3
1,Pat Perez,100.00,4,4
1,Kenny Perry,100.00,3,3
1,Heath Slocum,100.00,4,4
7,Matt Kuchar,88.89,9,8
8,Sean O'Hair,87.50,8,7
9,Geoff Ogilvy,83.33,6,5
9,Rory Sabbatini,83.33,6,5
11,John Rollins,80.00,5,4
12,Ryan Moore,75.00,4,3
12,Bo Van Pelt,75.00,4,3
12,Nick Watney,75.00,4,3
15,Y.E. Yang,71.43,7,5
16,Stewart Cink,66.67,6,4
17,Stephen Ames,50.00,4,2
17,Michael Bradley,50.00,6,3
17,Ángel Cabrera,50.00,4,2
17,Lucas Glover,50.00,4,2
17,Dustin Johnson,50.00,4,2
17,Martin Laird,50.00,8,4
17,Troy Matteson,50.00,4,2
17,Steve Stricker,50.00,4,2
25,Paul Casey,40.00,5,2
26,Jerry Kelly,33.33,3,1
26,Mark Wilson,33.33,6,2
28,Zach Johnson,.00,1,0
