rank,player,% Made,Attempts,Putts made
1,Stephen Ames,100.00,2,2
1,Retief Goosen,100.00,2,2
1,John Rollins,100.00,2,2
1,Steve Stricker,100.00,2,2
5,Heath Slocum,80.00,5,4
5,Bo Van Pelt,80.00,5,4
5,Mark Wilson,80.00,5,4
8,Nathan Green,75.00,8,6
8,Ryan Moore,75.00,4,3
10,Paul Casey,66.67,3,2
10,Brian Gay,66.67,6,4
10,Zach Johnson,66.67,3,2
13,Lucas Glover,60.00,5,3
13,Pat Perez,60.00,5,3
13,Kenny Perry,60.00,5,3
13,Y.E. Yang,60.00,5,3
17,Ángel Cabrera,50.00,2,1
17,Matt Kuchar,50.00,2,1
17,Martin Laird,50.00,2,1
17,Troy Matteson,50.00,2,1
17,Geoff Ogilvy,50.00,2,1
17,Nick Watney,50.00,4,2
23,Michael Bradley,40.00,5,2
24,Stewart Cink,33.33,6,2
24,Jerry Kelly,33.33,3,1
26,Rory Sabbatini,20.00,5,1
27,Sean O'Hair,.00,2,0
