rank,player,% Made,Attempts,Putts made
1,Lucas Glover,100.00,2,2
1,Dustin Johnson,100.00,1,1
1,Zach Johnson,100.00,2,2
1,Nick Watney,100.00,3,3
5,Retief Goosen,75.00,8,6
5,Ryan Moore,75.00,4,3
7,Sean O'Hair,71.43,7,5
8,Martin Laird,66.67,3,2
8,Geoff Ogilvy,66.67,3,2
8,Pat Perez,66.67,3,2
8,Mark Wilson,66.67,9,6
12,Paul Casey,50.00,2,1
12,Steve Stricker,50.00,6,3
12,Bo Van Pelt,50.00,4,2
15,Brian Gay,40.00,5,2
15,Nathan Green,40.00,5,2
15,Rory Sabbatini,40.00,5,2
18,Ángel Cabrera,33.33,3,1
18,Jerry Kelly,33.33,3,1
18,Troy Matteson,33.33,3,1
18,Heath Slocum,33.33,6,2
22,Stephen Ames,20.00,5,1
22,Y.E. Yang,20.00,5,1
24,Michael Bradley,.00,1,0
24,Stewart Cink,.00,1,0
24,Kenny Perry,.00,1,0
24,John Rollins,.00,3,0
