rank,player,% Made,Attempts,Putts made
1,Stewart Cink,85.71,7,6
2,Sean O'Hair,55.56,9,5
3,Michael Bradley,46.67,15,7
4,Jerry Kelly,43.75,16,7
5,Lucas Glover,37.50,8,3
6,Troy Matteson,36.36,11,4
7,Nathan Green,35.71,14,5
7,Heath Slocum,35.71,14,5
9,Matt Kuchar,33.33,12,4
9,Rory Sabbatini,33.33,12,4
11,Steve Stricker,30.77,13,4
12,Paul Casey,30.00,10,3
12,Martin Laird,30.00,10,3
12,Bo Van Pelt,30.00,10,3
12,Y.E. Yang,30.00,10,3
16,Retief Goosen,26.67,15,4
17,Geoff Ogilvy,25.00,12,3
17,Kenny Perry,25.00,12,3
19,Brian Gay,23.08,13,3
19,Mark Wilson,23.08,13,3
21,Ángel Cabrera,22.22,9,2
21,Zach Johnson,22.22,9,2
23,Pat Perez,21.43,14,3
24,Ryan Moore,20.00,10,2
25,Nick Watney,18.18,11,2
26,Stephen Ames,15.38,13,2
27,John Rollins,8.33,12,1
28,Dustin Johnson,.00,9,-
