rank,player,% Made,Attempts,Putts made
1,Stephen Ames,100.00,53,53
1,Michael Bradley,100.00,40,40
1,Ángel Cabrera,100.00,45,45
1,Paul Casey,100.00,41,41
1,Lucas Glover,100.00,45,45
1,Retief Goosen,100.00,40,40
1,Nathan Green,100.00,36,36
1,Dustin Johnson,100.00,46,46
1,Zach Johnson,100.00,50,50
1,Matt Kuchar,100.00,40,40
1,Martin Laird,100.00,44,44
1,Troy Matteson,100.00,44,44
1,Ryan Moore,100.00,48,48
1,Sean O'Hair,100.00,36,36
1,Geoff Ogilvy,100.00,35,35
1,Pat Perez,100.00,38,38
1,Kenny Perry,100.00,43,43
1,John Rollins,100.00,48,48
1,Rory Sabbatini,100.00,43,43
1,Nick Watney,100.00,45,45
1,Y.E. Yang,100.00,45,45
22,Steve Stricker,97.83,46,45
23,Jerry Kelly,97.78,45,44
24,Mark Wilson,97.73,44,43
25,Stewart Cink,97.44,39,38
25,Heath Slocum,97.44,39,38
27,Brian Gay,97.22,36,35
28,Bo Van Pelt,95.65,46,44
