rank,player,% Made,Attempts,Putts made
1,Retief Goosen,85.71,21,18
2,Matt Kuchar,84.21,19,16
3,Geoff Ogilvy,82.35,17,14
4,Ryan Moore,80.00,15,12
4,Sean O'Hair,80.00,30,24
4,Kenny Perry,80.00,15,12
7,Brian Gay,77.78,27,21
8,Pat Perez,75.00,20,15
8,Nick Watney,75.00,16,12
10,Nathan Green,72.73,22,16
11,Paul Casey,70.00,20,14
12,Heath Slocum,69.57,23,16
13,John Rollins,68.75,16,11
13,Steve Stricker,68.75,16,11
15,Bo Van Pelt,68.42,19,13
16,Ángel Cabrera,66.67,18,12
16,Lucas Glover,66.67,21,14
16,Dustin Johnson,66.67,9,6
16,Zach Johnson,66.67,12,8
20,Mark Wilson,64.00,25,16
21,Stewart Cink,61.90,21,13
22,Troy Matteson,61.11,18,11
23,Stephen Ames,57.14,14,8
23,Martin Laird,57.14,14,8
23,Rory Sabbatini,57.14,21,12
26,Y.E. Yang,55.00,20,11
27,Jerry Kelly,53.85,13,7
28,Michael Bradley,40.00,15,6
