rank,player,% Made,Attempts,Putts made
1,Geoff Ogilvy,40.00,5,2
2,Bo Van Pelt,33.33,6,2
3,Jerry Kelly,28.57,7,2
4,Dustin Johnson,25.00,12,3
4,Rory Sabbatini,25.00,4,1
6,Stewart Cink,22.22,9,2
6,Martin Laird,22.22,9,2
6,Heath Slocum,22.22,9,2
9,Paul Casey,16.67,6,1
9,Lucas Glover,16.67,12,2
9,Pat Perez,16.67,6,1
12,Michael Bradley,14.29,7,1
12,Nick Watney,14.29,7,1
14,Zach Johnson,12.50,8,1
15,Stephen Ames,11.11,9,1
15,Steve Stricker,11.11,9,1
15,Y.E. Yang,11.11,9,1
18,Troy Matteson,10.00,10,1
19,Ryan Moore,9.09,11,1
20,Retief Goosen,8.33,12,1
21,Ángel Cabrera,.00,8,-
21,Brian Gay,.00,6,-
21,Nathan Green,.00,4,-
21,Matt Kuchar,.00,5,-
21,Sean O'Hair,.00,8,-
21,Kenny Perry,.00,8,-
21,John Rollins,.00,5,-
21,Mark Wilson,.00,6,-
