rank,player,% Made,Attempts,Putts made
1,Stephen Ames,100.00,5,5
1,Michael Bradley,100.00,12,12
1,Brian Gay,100.00,11,11
1,Retief Goosen,100.00,5,5
1,Zach Johnson,100.00,6,6
1,Matt Kuchar,100.00,9,9
1,Troy Matteson,100.00,10,10
1,Geoff Ogilvy,100.00,12,12
1,Kenny Perry,100.00,7,7
1,John Rollins,100.00,7,7
1,Heath Slocum,100.00,8,8
1,Steve Stricker,100.00,8,8
1,Bo Van Pelt,100.00,7,7
1,Mark Wilson,100.00,8,8
15,Nathan Green,91.67,12,11
16,Pat Perez,90.91,11,10
17,Dustin Johnson,90.00,10,9
18,Paul Casey,88.89,9,8
18,Nick Watney,88.89,9,8
20,Ángel Cabrera,87.50,8,7
20,Ryan Moore,87.50,8,7
22,Martin Laird,83.33,12,10
23,Y.E. Yang,80.00,10,8
24,Jerry Kelly,77.78,9,7
25,Stewart Cink,72.73,11,8
26,Rory Sabbatini,70.00,10,7
27,Sean O'Hair,66.67,6,4
28,Lucas Glover,57.14,7,4
