rank,player,% Made,Attempts,Putts Made
1,Jerry Kelly,23.91,46,11
2,Stewart Cink,21.74,46,10
3,Michael Bradley,18.37,49,9
4,Sean O'Hair,18.18,44,8
5,Rory Sabbatini,17.50,40,7
6,Geoff Ogilvy,17.02,47,8
7,Nathan Green,16.67,42,7
7,Heath Slocum,16.67,48,8
9,Steve Stricker,15.22,46,7
9,Bo Van Pelt,15.22,46,7
11,Lucas Glover,14.58,48,7
12,Retief Goosen,14.29,49,7
13,Dustin Johnson,13.33,45,6
14,Paul Casey,13.04,46,6
15,Kenny Perry,12.50,48,6
16,Troy Matteson,11.54,52,6
17,Martin Laird,11.36,44,5
18,Pat Perez,11.32,53,6
19,Y.E. Yang,10.64,47,5
20,Brian Gay,10.53,38,4
21,Ryan Moore,10.20,49,5
22,Ángel Cabrera,8.89,45,4
22,Matt Kuchar,8.89,45,4
24,Zach Johnson,8.70,46,4
25,Stephen Ames,7.84,51,4
26,Mark Wilson,7.32,41,3
27,Nick Watney,6.82,44,3
28,John Rollins,4.26,47,2
