rank,player,% Made,Attempts,Putts made
1,Stephen Ames,100.00,8,8
1,Geoff Ogilvy,100.00,18,18
1,Kenny Perry,100.00,13,13
1,Steve Stricker,100.00,12,12
5,Brian Gay,95.00,20,19
6,Matt Kuchar,94.12,17,16
7,John Rollins,92.31,13,12
7,Mark Wilson,92.31,13,12
9,Ryan Moore,90.91,11,10
10,Paul Casey,89.47,19,17
10,Troy Matteson,89.47,19,17
12,Retief Goosen,88.89,9,8
12,Nathan Green,88.89,18,16
14,Ángel Cabrera,88.24,17,15
15,Heath Slocum,87.50,16,14
16,Michael Bradley,86.67,15,13
17,Dustin Johnson,85.71,14,12
17,Nick Watney,85.71,14,12
19,Jerry Kelly,84.62,13,11
19,Martin Laird,84.62,13,11
19,Bo Van Pelt,84.62,13,11
22,Sean O'Hair,84.21,19,16
22,Pat Perez,84.21,19,16
24,Zach Johnson,83.33,12,10
25,Stewart Cink,78.95,19,15
26,Y.E. Yang,76.92,13,10
27,Rory Sabbatini,73.33,15,11
28,Lucas Glover,64.71,17,11
