rank,player,Avg RTP
1,Chris Kirk,-1.000
1,Kurt Kitayama,-1.000
1,Matt Kuchar,-1.000
4,Corey Conners,-.750
5,Nate Lashley,-.667
6,Ryan Brehm,-.500
6,Nico Echavarria,-.500
6,Zach Johnson,-.500
6,Andrew Novak,-.500
6,J.J. Spaun,-.500
6,Ben Taylor,-.500
12,Byeong Hun An,-.400
12,Stewart Cink,-.400
12,Adam Schenk,-.400
12,Carl Yuan,-.400
16,S.H. Kim,-.375
17,Joseph Bramlett,-.333
17,Hayden Buckley,-.333
17,Brian Harman,-.333
17,Stephan Jaeger,-.333
17,K.H. Lee,-.333
17,Keita Nakajima,-.333
17,Adam Scott,-.333
17,Brendan Steele,-.333
17,Adam Svensson,-.333
17,Kevin Yu,-.333
27,Zac Blair,-.286
27,Maverick McNealy,-.286
27,Davis Thompson,-.286
30,Ben Griffin,-.250
30,Taylor Montgomery,-.250
32,Eric Cole,-.200
32,Andrew Putnam,-.200
34,Troy Merritt,-.167
34,Chez Reavie,-.167
36,Harry Hall,-.125
37,Tyson Alexander,E
37,Aaron Baddeley,E
37,MJ Daffue,E
37,Cam Davis,E
37,Austin Eckroat,E
37,Harris English,E
37,Will Gordon,E
37,Russell Henley,E
37,Kazuki Higa,E
37,Tom Hoge,E
37,Patton Kizzire,E
37,David Lipsky,E
37,Adam Long,E
37,Hideki Matsuyama,E
37,Denny McCarthy,E
37,Aaron Rai,E
37,Chad Ramey,E
37,Taiga Semikawa,E
37,Austin Smotherman,E
37,Brian Stuard,E
37,Justin Suh,E
37,Brendon Todd,E
37,Kevin Tway,E
37,Joseph Winslow,E
61,Kelly Kraft,+.143
62,Ryan Palmer,+.167
62,Greyson Sigg,+.167
62,Michael Thompson,+.167
65,Cole Hammer,+.200
65,Ben Martin,+.200
67,Danny Lee,+.250
67,Augusto Núñez,+.250
67,Nick Taylor,+.250
70,Brice Garnett,+.333
70,Doc Redman,+.333
72,Anders Albertson,+.500
72,Nick Hardy,+.500
72,Si Woo Kim,+.500
72,Russell Knox,+.500
76,J.T. Poston,+1.000
