rank,player,Avg RTP
1,Joseph Bramlett,-1.000
1,S.H. Kim,-1.000
1,Matt Kuchar,-1.000
1,David Lipsky,-1.000
1,Justin Suh,-1.000
1,Kevin Tway,-1.000
7,Ben Griffin,-.667
7,Tom Hoge,-.667
9,Aaron Baddeley,-.500
9,Zach Johnson,-.500
9,Chris Kirk,-.500
9,Hideki Matsuyama,-.500
9,Aaron Rai,-.500
9,J.J. Spaun,-.500
15,Andrew Novak,-.400
16,Corey Conners,-.333
17,Stewart Cink,-.200
17,Will Gordon,-.200
17,Taylor Montgomery,-.200
20,Ryan Brehm,-.167
20,Si Woo Kim,-.167
20,Davis Thompson,-.167
23,Anders Albertson,E
23,Byeong Hun An,E
23,Zac Blair,E
23,Hayden Buckley,E
23,Eric Cole,E
23,MJ Daffue,E
23,Cam Davis,E
23,Brice Garnett,E
23,Harry Hall,E
23,Cole Hammer,E
23,Nick Hardy,E
23,Brian Harman,E
23,Russell Henley,E
23,Nate Lashley,E
23,Denny McCarthy,E
23,Maverick McNealy,E
23,Troy Merritt,E
23,Augusto Núñez,E
23,Ryan Palmer,E
23,Andrew Putnam,E
23,Doc Redman,E
23,Taiga Semikawa,E
23,Austin Smotherman,E
23,Brian Stuard,E
23,Adam Svensson,E
23,Joseph Winslow,E
23,Kevin Yu,E
23,Carl Yuan,E
51,Stephan Jaeger,+.167
52,Nico Echavarria,+.200
52,Austin Eckroat,+.200
52,Kurt Kitayama,+.200
52,Danny Lee,+.200
56,Patton Kizzire,+.250
56,Adam Scott,+.250
58,Tyson Alexander,+.333
58,Adam Schenk,+.333
58,Greyson Sigg,+.333
61,Russell Knox,+.400
62,Kazuki Higa,+.500
62,Chez Reavie,+.500
64,K.H. Lee,+.667
64,Keita Nakajima,+.667
66,Harris English,+1.000
66,Kelly Kraft,+1.000
66,J.T. Poston,+1.000
66,Brendan Steele,+1.000
70,Brendon Todd,+1.333
