rank,player,Avg RTP
1,Anders Albertson,-1.000
1,Aaron Baddeley,-1.000
1,Chris Kirk,-1.000
1,Matt Kuchar,-1.000
1,Danny Lee,-1.000
1,David Lipsky,-1.000
1,Kevin Yu,-1.000
8,Stewart Cink,-.500
8,Harry Hall,-.500
8,Taylor Montgomery,-.500
8,Andrew Novak,-.500
12,Ryan Brehm,-.333
12,Davis Thompson,-.333
14,Tyson Alexander,E
14,Cam Davis,E
14,Ben Griffin,E
14,Nick Hardy,E
14,Brian Harman,E
14,Tom Hoge,E
14,Si Woo Kim,E
14,Kurt Kitayama,E
14,Denny McCarthy,E
14,Augusto Núñez,E
14,Adam Scott,E
14,Austin Smotherman,E
14,J.J. Spaun,E
14,Joseph Winslow,E
14,Carl Yuan,E
29,Stephan Jaeger,+.200
30,Nico Echavarria,+.500
30,Austin Eckroat,+.500
30,Kazuki Higa,+.500
30,Doc Redman,+.500
34,Byeong Hun An,+1.000
34,Kelly Kraft,+1.000
34,J.T. Poston,+1.000
34,Brendan Steele,+1.000
38,Brendon Todd,+2.000
