rank,player,Avg RTP
1,Joseph Bramlett,-1.000
1,Chris Kirk,-1.000
3,Nate Lashley,-.800
4,Stewart Cink,-.750
4,Corey Conners,-.750
6,Ben Taylor,-.667
7,Ryan Brehm,-.500
7,Brian Harman,-.500
7,Zach Johnson,-.500
7,Maverick McNealy,-.500
7,Keita Nakajima,-.500
7,J.J. Spaun,-.500
7,Michael Thompson,-.500
14,Stephan Jaeger,-.400
14,S.H. Kim,-.400
14,Adam Svensson,-.400
17,Ben Griffin,-.333
17,Patton Kizzire,-.333
17,Adam Schenk,-.333
17,Kevin Yu,-.333
21,Davis Thompson,-.250
22,Adam Scott,-.200
23,Tyson Alexander,E
23,Byeong Hun An,E
23,Aaron Baddeley,E
23,Zac Blair,E
23,Hayden Buckley,E
23,MJ Daffue,E
23,Cam Davis,E
23,Austin Eckroat,E
23,Harris English,E
23,Brice Garnett,E
23,Will Gordon,E
23,Harry Hall,E
23,Cole Hammer,E
23,Russell Henley,E
23,Kazuki Higa,E
23,Tom Hoge,E
23,K.H. Lee,E
23,David Lipsky,E
23,Hideki Matsuyama,E
23,Troy Merritt,E
23,Taylor Montgomery,E
23,Andrew Novak,E
23,Aaron Rai,E
23,Chad Ramey,E
23,Chez Reavie,E
23,Doc Redman,E
23,Taiga Semikawa,E
23,Greyson Sigg,E
23,Austin Smotherman,E
23,Brendan Steele,E
23,Brian Stuard,E
23,Kevin Tway,E
23,Joseph Winslow,E
56,Augusto Núñez,+.250
56,Ryan Palmer,+.250
58,Eric Cole,+.333
58,Russell Knox,+.333
58,Ben Martin,+.333
58,Andrew Putnam,+.333
62,Nick Hardy,+.500
62,Kelly Kraft,+.500
62,Danny Lee,+.500
62,Denny McCarthy,+.500
62,Nick Taylor,+.500
67,J.T. Poston,+1.000
67,Brendon Todd,+1.000
67,Carl Yuan,+1.000
70,Anders Albertson,+2.000
70,Si Woo Kim,+2.000
