rank,player,Avg RTP
1,Zac Blair,-1.000
1,Joseph Bramlett,-1.000
1,Hayden Buckley,-1.000
1,Harris English,-1.000
1,Harry Hall,-1.000
1,Cole Hammer,-1.000
1,Nick Hardy,-1.000
1,Kazuki Higa,-1.000
1,Tom Hoge,-1.000
1,Stephan Jaeger,-1.000
1,Zach Johnson,-1.000
1,Danny Lee,-1.000
1,David Lipsky,-1.000
1,Hideki Matsuyama,-1.000
1,Taylor Montgomery,-1.000
1,Keita Nakajima,-1.000
1,Andrew Novak,-1.000
1,Adam Scott,-1.000
1,Taiga Semikawa,-1.000
1,Justin Suh,-1.000
1,Nick Taylor,-1.000
1,Kevin Yu,-1.000
23,Aaron Baddeley,-.667
23,Kelly Kraft,-.667
23,Matt Kuchar,-.667
23,Augusto Núñez,-.667
23,Andrew Putnam,-.667
28,Adam Long,-.500
28,Troy Merritt,-.500
28,Brian Stuard,-.500
31,Russell Knox,-.333
32,MJ Daffue,E
32,Austin Eckroat,E
32,Will Gordon,E
32,Ben Griffin,E
32,Russell Henley,E
32,Chris Kirk,E
32,Aaron Rai,E
32,Greyson Sigg,E
40,Carl Yuan,+1.000
