rank,player,Avg RTP
1,Brice Garnett,-1.000
1,Hideki Matsuyama,-1.000
3,Ben Martin,-.714
4,MJ Daffue,-.667
5,Nick Taylor,-.600
6,Ryan Palmer,-.571
7,Hayden Buckley,-.500
7,Cole Hammer,-.500
7,Russell Henley,-.500
7,Stephan Jaeger,-.500
7,Nate Lashley,-.500
7,Taylor Montgomery,-.500
7,Keita Nakajima,-.500
7,Andrew Novak,-.500
7,Adam Scott,-.500
7,J.J. Spaun,-.500
7,Brian Stuard,-.500
7,Brendon Todd,-.500
7,Joseph Winslow,-.500
20,Harry Hall,-.429
20,Chris Kirk,-.429
20,Maverick McNealy,-.429
20,Doc Redman,-.429
20,Kevin Yu,-.429
25,Tom Hoge,-.400
25,Zach Johnson,-.400
25,Danny Lee,-.400
28,Aaron Rai,-.333
28,Taiga Semikawa,-.333
28,Michael Thompson,-.333
31,Denny McCarthy,-.286
32,Kelly Kraft,-.250
32,David Lipsky,-.250
34,Chez Reavie,-.200
34,Davis Thompson,-.200
36,Justin Suh,-.182
37,Stewart Cink,-.167
37,Corey Conners,-.167
37,Cam Davis,-.167
37,Ben Griffin,-.167
37,Austin Smotherman,-.167
37,Ben Taylor,-.167
43,Brian Harman,-.125
43,S.H. Kim,-.125
45,Anders Albertson,E
45,Tyson Alexander,E
45,Aaron Baddeley,E
45,Zac Blair,E
45,Joseph Bramlett,E
45,Ryan Brehm,E
45,Eric Cole,E
45,Nico Echavarria,E
45,Austin Eckroat,E
45,Will Gordon,E
45,Nick Hardy,E
45,Si Woo Kim,E
45,Patton Kizzire,E
45,Russell Knox,E
45,Matt Kuchar,E
45,K.H. Lee,E
45,Adam Long,E
45,Troy Merritt,E
45,Augusto Núñez,E
45,Andrew Putnam,E
45,Greyson Sigg,E
45,Brendan Steele,E
45,Adam Svensson,E
45,Kevin Tway,E
45,Carl Yuan,E
70,Byeong Hun An,+.125
71,Kurt Kitayama,+.167
72,Chad Ramey,+.200
73,Kazuki Higa,+.250
74,J.T. Poston,+.286
75,Harris English,+.333
75,Adam Schenk,+.333
