rank,player,Avg RTP
1,Hayden Buckley,-.308
2,Nate Lashley,-.278
3,Byeong Hun An,-.250
4,S.H. Kim,-.240
5,Chris Kirk,-.222
6,J.T. Poston,-.214
7,Ben Griffin,-.174
8,Matt Kuchar,-.167
8,J.J. Spaun,-.167
8,Ben Taylor,-.167
11,Justin Suh,-.154
12,MJ Daffue,-.150
13,Aaron Baddeley,-.133
13,Andrew Novak,-.133
15,Corey Conners,-.118
15,Stephan Jaeger,-.118
17,Cam Davis,-.100
18,Maverick McNealy,-.095
19,Andrew Putnam,-.063
19,Chez Reavie,-.063
21,Carl Yuan,-.050
22,Davis Thompson,-.048
23,Zac Blair,E
23,Stewart Cink,E
23,Nico Echavarria,E
23,Austin Eckroat,E
23,Harry Hall,E
23,Brian Harman,E
23,Si Woo Kim,E
23,David Lipsky,E
23,Denny McCarthy,E
23,Taylor Montgomery,E
23,Aaron Rai,E
23,Chad Ramey,E
23,Doc Redman,E
23,Adam Scott,E
23,Brendan Steele,E
23,Adam Svensson,E
23,Brendon Todd,E
40,Eric Cole,+.043
41,Kurt Kitayama,+.050
42,Joseph Bramlett,+.059
43,Tom Hoge,+.063
43,Nick Taylor,+.063
45,Michael Thompson,+.067
46,Will Gordon,+.071
46,Adam Schenk,+.071
48,Cole Hammer,+.077
49,Adam Long,+.083
50,Troy Merritt,+.091
51,Russell Henley,+.100
52,Ryan Brehm,+.105
53,Augusto Núñez,+.111
53,Greyson Sigg,+.111
53,Brian Stuard,+.111
56,Russell Knox,+.125
56,Hideki Matsuyama,+.125
56,Ryan Palmer,+.125
59,K.H. Lee,+.133
59,Kevin Tway,+.133
61,Kevin Yu,+.143
62,Taiga Semikawa,+.176
62,Austin Smotherman,+.176
64,Joseph Winslow,+.182
65,Anders Albertson,+.188
65,Zach Johnson,+.188
65,Danny Lee,+.188
68,Harris English,+.200
69,Ben Martin,+.211
70,Nick Hardy,+.214
71,Kelly Kraft,+.231
72,Tyson Alexander,+.235
73,Kazuki Higa,+.250
73,Patton Kizzire,+.250
75,Brice Garnett,+.286
76,Keita Nakajima,+.313
