rank,player,Avg RTP
1,Chris Kirk,-.500
1,Doc Redman,-.500
3,J.T. Poston,-.400
4,Aaron Baddeley,-.333
4,Hayden Buckley,-.333
4,Si Woo Kim,-.333
4,Davis Thompson,-.333
8,Byeong Hun An,-.250
8,Russell Knox,-.250
10,Austin Smotherman,-.167
10,Brendon Todd,-.167
10,Joseph Winslow,-.167
13,Zac Blair,-.125
14,Matt Kuchar,-.100
15,Anders Albertson,E
15,Joseph Bramlett,E
15,Corey Conners,E
15,MJ Daffue,E
15,Austin Eckroat,E
15,Will Gordon,E
15,Cole Hammer,E
15,Nick Hardy,E
15,Russell Henley,E
15,Kelly Kraft,E
15,Nate Lashley,E
15,Adam Long,E
15,Denny McCarthy,E
15,Andrew Putnam,E
15,Chad Ramey,E
15,Greyson Sigg,E
15,J.J. Spaun,E
15,Brendan Steele,E
15,Justin Suh,E
15,Ben Taylor,E
15,Nick Taylor,E
15,Michael Thompson,E
15,Carl Yuan,E
38,Tyson Alexander,+.143
39,Ryan Brehm,+.167
39,Harris English,+.167
39,Harry Hall,+.167
39,David Lipsky,+.167
39,Ben Martin,+.167
44,Adam Scott,+.200
44,Brian Stuard,+.200
46,Eric Cole,+.250
46,Ben Griffin,+.250
46,Stephan Jaeger,+.250
46,S.H. Kim,+.250
46,Ryan Palmer,+.250
46,Aaron Rai,+.250
46,Adam Svensson,+.250
46,Kevin Tway,+.250
54,Hideki Matsuyama,+.286
54,Troy Merritt,+.286
56,Tom Hoge,+.333
56,Danny Lee,+.333
56,K.H. Lee,+.333
56,Maverick McNealy,+.333
56,Keita Nakajima,+.333
56,Andrew Novak,+.333
56,Adam Schenk,+.333
56,Taiga Semikawa,+.333
64,Zach Johnson,+.400
64,Patton Kizzire,+.400
64,Taylor Montgomery,+.400
67,Stewart Cink,+.500
67,Cam Davis,+.500
67,Brice Garnett,+.500
67,Brian Harman,+.500
67,Chez Reavie,+.500
72,Kazuki Higa,+.667
72,Kurt Kitayama,+.667
74,Augusto Núñez,+1.000
74,Kevin Yu,+1.000
