rank,player,Avg RTP
1,Russell Knox,-1.000
1,Taylor Montgomery,-1.000
1,Andrew Putnam,-1.000
1,Doc Redman,-1.000
1,Kevin Yu,-1.000
1,Carl Yuan,-1.000
7,Nick Hardy,-.667
7,Russell Henley,-.667
7,Kelly Kraft,-.667
7,David Lipsky,-.667
7,Greyson Sigg,-.667
7,Austin Smotherman,-.667
7,Joseph Winslow,-.667
14,Anders Albertson,-.600
14,Tom Hoge,-.600
16,Stewart Cink,-.500
16,Cam Davis,-.500
16,Nico Echavarria,-.500
16,Kazuki Higa,-.500
16,Stephan Jaeger,-.500
16,Danny Lee,-.500
16,Adam Long,-.500
16,Adam Scott,-.500
16,Brian Stuard,-.500
16,Ben Taylor,-.500
16,Michael Thompson,-.500
27,J.T. Poston,-.429
28,Ryan Brehm,-.333
28,Eric Cole,-.333
28,Harris English,-.333
28,Ryan Palmer,-.333
28,Adam Svensson,-.333
33,Will Gordon,-.250
33,Ben Griffin,-.250
33,Denny McCarthy,-.250
33,Nick Taylor,-.250
37,MJ Daffue,-.200
37,Brice Garnett,-.200
37,Zach Johnson,-.200
37,Chris Kirk,-.200
37,Hideki Matsuyama,-.200
42,Taiga Semikawa,-.167
43,Harry Hall,-.143
44,Brendan Steele,-.125
45,Tyson Alexander,E
45,Aaron Baddeley,E
45,Zac Blair,E
45,Corey Conners,E
45,Austin Eckroat,E
45,Cole Hammer,E
45,S.H. Kim,E
45,Kurt Kitayama,E
45,Patton Kizzire,E
45,Matt Kuchar,E
45,Nate Lashley,E
45,K.H. Lee,E
45,Ben Martin,E
45,Keita Nakajima,E
45,Andrew Novak,E
45,Augusto Núñez,E
45,Chad Ramey,E
45,Chez Reavie,E
45,Adam Schenk,E
45,J.J. Spaun,E
45,Justin Suh,E
45,Davis Thompson,E
45,Brendon Todd,E
45,Kevin Tway,E
69,Brian Harman,+.250
70,Aaron Rai,+.500
71,Byeong Hun An,+2.000
