rank,player,Avg RTP
1,Hayden Buckley,-1.000
1,Danny Lee,-1.000
1,Andrew Putnam,-1.000
4,Tyson Alexander,-.500
4,Cole Hammer,-.500
6,Russell Knox,-.400
7,Brian Harman,-.250
7,Kazuki Higa,-.250
7,Stephan Jaeger,-.250
7,Chez Reavie,-.250
7,Justin Suh,-.250
12,Nate Lashley,-.200
12,Adam Scott,-.200
14,Andrew Novak,-.167
15,MJ Daffue,-.143
16,Anders Albertson,E
16,Byeong Hun An,E
16,Aaron Baddeley,E
16,Ryan Brehm,E
16,Harris English,E
16,Brice Garnett,E
16,Harry Hall,E
16,Nick Hardy,E
16,Tom Hoge,E
16,Chris Kirk,E
16,Kurt Kitayama,E
16,Kelly Kraft,E
16,Matt Kuchar,E
16,K.H. Lee,E
16,Ben Martin,E
16,Hideki Matsuyama,E
16,Denny McCarthy,E
16,Maverick McNealy,E
16,Augusto Núñez,E
16,Ryan Palmer,E
16,J.T. Poston,E
16,Chad Ramey,E
16,Doc Redman,E
16,Taiga Semikawa,E
16,Greyson Sigg,E
16,J.J. Spaun,E
16,Adam Svensson,E
16,Nick Taylor,E
16,Michael Thompson,E
16,Brendon Todd,E
16,Kevin Yu,E
16,Carl Yuan,E
48,Eric Cole,+.167
48,S.H. Kim,+.167
48,Ben Taylor,+.167
48,Davis Thompson,+.167
52,Ben Griffin,+.200
53,Nico Echavarria,+.250
53,Will Gordon,+.250
53,Adam Long,+.250
53,Keita Nakajima,+.250
57,Joseph Bramlett,+.333
57,Stewart Cink,+.333
57,Austin Eckroat,+.333
57,Troy Merritt,+.333
61,Corey Conners,+.500
61,Zach Johnson,+.500
61,Adam Schenk,+.500
64,Austin Smotherman,+.600
65,Brendan Steele,+.667
65,Kevin Tway,+.667
67,Russell Henley,+1.000
67,Si Woo Kim,+1.000
67,Patton Kizzire,+1.000
67,Brian Stuard,+1.000
67,Joseph Winslow,+1.000
