rank,player,Avg RTP
1,Byeong Hun An,-1.000
1,Zac Blair,-1.000
1,Stewart Cink,-1.000
1,MJ Daffue,-1.000
1,Nico Echavarria,-1.000
1,Tom Hoge,-1.000
1,Maverick McNealy,-1.000
1,Adam Scott,-1.000
1,Davis Thompson,-1.000
1,Kevin Tway,-1.000
1,Kevin Yu,-1.000
1,Carl Yuan,-1.000
13,David Lipsky,-.667
14,Tyson Alexander,-.500
14,Will Gordon,-.500
14,Kelly Kraft,-.500
14,Nate Lashley,-.500
14,Troy Merritt,-.500
14,Taylor Montgomery,-.500
14,Augusto Núñez,-.500
14,Doc Redman,-.500
14,J.J. Spaun,-.500
14,Joseph Winslow,-.500
24,Corey Conners,-.400
25,Joseph Bramlett,-.333
25,Hayden Buckley,-.333
25,Austin Eckroat,-.333
25,S.H. Kim,-.333
25,Danny Lee,-.333
30,Aaron Baddeley,E
30,Eric Cole,E
30,Cam Davis,E
30,Cole Hammer,E
30,Nick Hardy,E
30,Brian Harman,E
30,Kazuki Higa,E
30,Stephan Jaeger,E
30,Kurt Kitayama,E
30,Patton Kizzire,E
30,Russell Knox,E
30,Matt Kuchar,E
30,Ben Martin,E
30,Andrew Novak,E
30,Andrew Putnam,E
30,Chad Ramey,E
30,Chez Reavie,E
30,Brendan Steele,E
30,Brian Stuard,E
30,Nick Taylor,E
50,Austin Smotherman,+.333
51,Taiga Semikawa,+.667
52,Ryan Brehm,+1.000
52,J.T. Poston,+1.000
52,Brendon Todd,+1.000
