rank,player,Avg RTP
1,Aaron Baddeley,-.667
1,Ryan Brehm,-.667
3,Hayden Buckley,-.556
4,Anders Albertson,-.500
4,Brian Harman,-.500
4,Maverick McNealy,-.500
4,Andrew Novak,-.500
4,Greyson Sigg,-.500
9,Chris Kirk,-.455
10,Aaron Rai,-.444
11,Carl Yuan,-.429
12,Taiga Semikawa,-.400
13,Tyson Alexander,-.375
13,Zac Blair,-.375
13,Russell Knox,-.375
13,Augusto Núñez,-.375
13,Brian Stuard,-.375
18,Brice Garnett,-.364
19,Byeong Hun An,-.333
19,David Lipsky,-.333
19,Taylor Montgomery,-.333
19,Chad Ramey,-.333
19,Adam Scott,-.333
19,Joseph Winslow,-.333
25,Ben Griffin,-.286
25,Kelly Kraft,-.286
27,Cole Hammer,-.273
27,Si Woo Kim,-.273
27,Nate Lashley,-.273
30,Stephan Jaeger,-.250
30,Keita Nakajima,-.250
30,J.T. Poston,-.250
30,Andrew Putnam,-.250
30,Michael Thompson,-.250
30,Brendon Todd,-.250
30,Kevin Tway,-.250
37,Patton Kizzire,-.222
38,Chez Reavie,-.214
39,Stewart Cink,-.200
39,Hideki Matsuyama,-.200
41,Russell Henley,-.182
41,Kurt Kitayama,-.182
43,Joseph Bramlett,-.167
43,Zach Johnson,-.167
43,Nick Taylor,-.167
46,Will Gordon,-.143
46,Nick Hardy,-.143
48,Austin Eckroat,-.125
49,Justin Suh,-.111
50,Nico Echavarria,-.091
50,Ben Martin,-.091
50,Adam Svensson,-.091
53,Matt Kuchar,-.083
54,Brendan Steele,-.077
55,Eric Cole,E
55,Corey Conners,E
55,Harris English,E
55,Harry Hall,E
55,Kazuki Higa,E
55,S.H. Kim,E
55,Danny Lee,E
55,K.H. Lee,E
55,Adam Long,E
55,Denny McCarthy,E
55,Adam Schenk,E
55,Austin Smotherman,E
55,J.J. Spaun,E
55,Ben Taylor,E
55,Kevin Yu,E
70,Tom Hoge,+.091
70,Doc Redman,+.091
72,Ryan Palmer,+.111
73,MJ Daffue,+.125
73,Troy Merritt,+.125
75,Davis Thompson,+.143
76,Cam Davis,+.333
