rank,player,Avg RTP
1,Joseph Winslow,-.750
2,Si Woo Kim,-.667
2,Keita Nakajima,-.667
4,Adam Long,-.636
5,Brian Harman,-.600
6,Michael Thompson,-.571
7,Matt Kuchar,-.556
8,Nick Hardy,-.500
8,Adam Schenk,-.500
8,Brendon Todd,-.500
11,Andrew Novak,-.444
12,Corey Conners,-.429
12,Russell Henley,-.429
14,Ben Griffin,-.400
14,S.H. Kim,-.400
14,Chad Ramey,-.400
14,Doc Redman,-.400
14,Brendan Steele,-.400
19,Aaron Baddeley,-.375
19,Joseph Bramlett,-.375
19,Nico Echavarria,-.375
19,Austin Eckroat,-.375
19,Kurt Kitayama,-.375
24,Hayden Buckley,-.333
24,Stewart Cink,-.333
24,MJ Daffue,-.333
24,Kazuki Higa,-.333
24,Taylor Montgomery,-.333
24,Ben Taylor,-.333
30,Zac Blair,-.286
30,Hideki Matsuyama,-.286
30,Kevin Yu,-.286
33,Tyson Alexander,-.250
33,Adam Scott,-.250
33,Adam Svensson,-.250
33,Nick Taylor,-.250
37,Cole Hammer,-.222
37,Tom Hoge,-.222
39,Harris English,-.200
39,Harry Hall,-.200
39,Patton Kizzire,-.200
39,Ben Martin,-.200
39,Taiga Semikawa,-.200
39,Austin Smotherman,-.200
39,J.J. Spaun,-.200
39,Davis Thompson,-.200
47,Cam Davis,-.167
47,Stephan Jaeger,-.167
47,Danny Lee,-.167
47,David Lipsky,-.167
47,Troy Merritt,-.167
52,Russell Knox,-.143
52,Kelly Kraft,-.143
52,Augusto Núñez,-.143
55,Andrew Putnam,-.125
56,Aaron Rai,-.100
57,Byeong Hun An,E
57,Ryan Brehm,E
57,Will Gordon,E
57,Zach Johnson,E
57,Nate Lashley,E
57,K.H. Lee,E
57,Denny McCarthy,E
57,Ryan Palmer,E
57,J.T. Poston,E
57,Chez Reavie,E
57,Greyson Sigg,E
57,Justin Suh,E
69,Brian Stuard,+.111
70,Anders Albertson,+.167
70,Brice Garnett,+.167
72,Chris Kirk,+.200
73,Maverick McNealy,+.250
74,Kevin Tway,+.333
74,Carl Yuan,+.333
76,Eric Cole,+.667
