rank,player,Avg RTP
1,Ryan Brehm,-.417
2,Byeong Hun An,-.364
3,Cam Davis,-.333
4,K.H. Lee,-.308
5,Andrew Putnam,-.300
6,Hayden Buckley,-.273
6,Nate Lashley,-.273
8,Brice Garnett,-.250
8,Augusto Núñez,-.250
8,Brendan Steele,-.250
11,Austin Eckroat,-.231
11,Greyson Sigg,-.231
11,Ben Taylor,-.231
14,Matt Kuchar,-.222
14,Ben Martin,-.222
16,J.J. Spaun,-.200
16,Adam Svensson,-.200
16,Brendon Todd,-.200
16,Carl Yuan,-.200
20,Stewart Cink,-.182
20,Nico Echavarria,-.182
20,Troy Merritt,-.182
23,Tyson Alexander,-.167
23,Eric Cole,-.167
23,Will Gordon,-.167
23,Si Woo Kim,-.167
27,Harry Hall,-.154
27,Nick Hardy,-.154
27,Hideki Matsuyama,-.154
30,Taiga Semikawa,-.133
31,Corey Conners,-.111
31,Cole Hammer,-.111
33,Brian Harman,-.100
33,Ryan Palmer,-.100
33,Kevin Tway,-.100
36,Kurt Kitayama,-.091
36,Maverick McNealy,-.091
36,Austin Smotherman,-.091
39,Anders Albertson,-.083
39,Adam Schenk,-.083
39,Adam Scott,-.083
39,Nick Taylor,-.083
43,Zac Blair,-.077
43,Danny Lee,-.077
43,Denny McCarthy,-.077
43,Chez Reavie,-.077
47,Joseph Bramlett,E
47,Harris English,E
47,Ben Griffin,E
47,Kazuki Higa,E
47,Chris Kirk,E
47,David Lipsky,E
47,Taylor Montgomery,E
47,J.T. Poston,E
47,Chad Ramey,E
47,Justin Suh,E
47,Davis Thompson,E
47,Michael Thompson,E
47,Joseph Winslow,E
60,Andrew Novak,+.077
60,Doc Redman,+.077
62,Zach Johnson,+.083
62,Brian Stuard,+.083
64,Stephan Jaeger,+.091
64,S.H. Kim,+.091
64,Kelly Kraft,+.091
67,Russell Knox,+.111
67,Keita Nakajima,+.111
69,Aaron Rai,+.118
70,Patton Kizzire,+.133
71,Aaron Baddeley,+.154
71,Kevin Yu,+.154
73,MJ Daffue,+.222
73,Tom Hoge,+.222
75,Russell Henley,+.250
76,Adam Long,+.357
