rank,player,Avg RTP
1,Aaron Baddeley,-1.000
1,Joseph Bramlett,-1.000
1,Chris Kirk,-1.000
1,Danny Lee,-1.000
1,David Lipsky,-1.000
1,Nick Taylor,-1.000
1,Kevin Tway,-1.000
8,Will Gordon,-.500
8,Harry Hall,-.500
8,Tom Hoge,-.500
8,Taylor Montgomery,-.500
8,Andrew Novak,-.500
13,Stewart Cink,-.333
13,Ben Griffin,-.333
13,Davis Thompson,-.333
13,Joseph Winslow,-.333
13,Kevin Yu,-.333
18,Anders Albertson,E
18,Tyson Alexander,E
18,Ryan Brehm,E
18,Cam Davis,E
18,Nick Hardy,E
18,Brian Harman,E
18,Zach Johnson,E
18,Si Woo Kim,E
18,Matt Kuchar,E
18,K.H. Lee,E
18,Denny McCarthy,E
18,Maverick McNealy,E
18,Augusto Núñez,E
18,Ryan Palmer,E
18,Andrew Putnam,E
18,Doc Redman,E
18,Adam Scott,E
18,Taiga Semikawa,E
18,Austin Smotherman,E
18,Carl Yuan,E
38,Stephan Jaeger,+.200
39,Nico Echavarria,+.333
40,MJ Daffue,+.500
40,Austin Eckroat,+.500
40,Kazuki Higa,+.500
40,Kurt Kitayama,+.500
40,J.J. Spaun,+.500
45,Byeong Hun An,+1.000
45,Patton Kizzire,+1.000
45,Kelly Kraft,+1.000
45,J.T. Poston,+1.000
45,Chez Reavie,+1.000
45,Brendan Steele,+1.000
51,Brendon Todd,+2.000
