rank,player,Avg RTP
1,Hayden Buckley,-.500
2,Harry Hall,-.375
2,Taylor Montgomery,-.375
4,Ben Griffin,-.300
5,Chris Kirk,-.250
5,David Lipsky,-.250
5,Andrew Putnam,-.250
5,Justin Suh,-.250
9,Byeong Hun An,-.200
9,Aaron Baddeley,-.200
9,S.H. Kim,-.200
9,J.T. Poston,-.200
13,Tyson Alexander,-.167
13,Tom Hoge,-.167
13,Kevin Tway,-.167
16,Joseph Bramlett,-.143
16,Brian Stuard,-.143
18,Cam Davis,-.125
19,Andrew Novak,-.111
20,Maverick McNealy,-.100
21,Stephan Jaeger,-.083
22,Stewart Cink,E
22,Eric Cole,E
22,Corey Conners,E
22,MJ Daffue,E
22,Will Gordon,E
22,Matt Kuchar,E
22,Nate Lashley,E
22,Ryan Palmer,E
22,Aaron Rai,E
22,Adam Scott,E
22,Taiga Semikawa,E
22,Greyson Sigg,E
22,J.J. Spaun,E
22,Ben Taylor,E
22,Carl Yuan,E
37,Denny McCarthy,+.091
38,Nico Echavarria,+.100
38,Russell Knox,+.100
38,Nick Taylor,+.100
38,Davis Thompson,+.100
42,Nick Hardy,+.111
43,K.H. Lee,+.125
44,Austin Smotherman,+.143
44,Adam Svensson,+.143
46,Si Woo Kim,+.167
47,Adam Schenk,+.182
48,Russell Henley,+.200
48,Hideki Matsuyama,+.200
48,Augusto Núñez,+.200
48,Michael Thompson,+.200
52,Ryan Brehm,+.250
52,Cole Hammer,+.250
52,Adam Long,+.250
52,Troy Merritt,+.250
52,Chad Ramey,+.250
52,Kevin Yu,+.250
58,Joseph Winslow,+.267
59,Harris English,+.273
59,Ben Martin,+.273
61,Zach Johnson,+.286
61,Kurt Kitayama,+.286
63,Austin Eckroat,+.300
63,Kelly Kraft,+.300
65,Brian Harman,+.333
66,Danny Lee,+.375
66,Brendan Steele,+.375
66,Brendon Todd,+.375
69,Keita Nakajima,+.429
70,Anders Albertson,+.500
70,Zac Blair,+.500
70,Chez Reavie,+.500
70,Doc Redman,+.500
74,Brice Garnett,+.571
75,Patton Kizzire,+.625
76,Kazuki Higa,+.800
