rank,player,Avg RTP
1,Carl Yuan,-.800
2,Taylor Montgomery,-.625
3,Adam Scott,-.600
3,Kevin Yu,-.600
5,Russell Henley,-.545
5,Tom Hoge,-.545
5,Joseph Winslow,-.545
8,MJ Daffue,-.500
8,Brice Garnett,-.500
8,Russell Knox,-.500
8,David Lipsky,-.500
8,Maverick McNealy,-.500
8,Doc Redman,-.500
14,Ryan Palmer,-.462
15,Ben Martin,-.455
16,Hayden Buckley,-.444
16,Brian Stuard,-.444
18,Stephan Jaeger,-.429
19,Danny Lee,-.400
19,Nick Taylor,-.400
19,Michael Thompson,-.400
22,Kelly Kraft,-.385
23,Nico Echavarria,-.364
24,J.J. Spaun,-.357
25,Stewart Cink,-.333
25,Cole Hammer,-.333
25,Chris Kirk,-.333
25,Hideki Matsuyama,-.333
29,Zach Johnson,-.300
29,Ben Taylor,-.300
31,Harry Hall,-.286
31,Nate Lashley,-.286
33,Denny McCarthy,-.273
34,Corey Conners,-.250
34,Nick Hardy,-.250
34,Adam Long,-.250
34,Andrew Putnam,-.250
38,Anders Albertson,-.231
38,Cam Davis,-.231
40,Will Gordon,-.222
40,Keita Nakajima,-.222
40,Davis Thompson,-.222
43,Zac Blair,-.200
43,Joseph Bramlett,-.200
43,Ben Griffin,-.200
43,Greyson Sigg,-.200
43,Adam Svensson,-.200
43,Brendon Todd,-.200
49,Tyson Alexander,-.167
49,Austin Smotherman,-.167
49,Justin Suh,-.167
52,S.H. Kim,-.154
53,Eric Cole,-.143
53,Troy Merritt,-.143
55,Austin Eckroat,-.125
55,Andrew Novak,-.125
55,Aaron Rai,-.125
55,Chez Reavie,-.125
59,Kazuki Higa,-.111
60,Augusto Núñez,-.083
60,Kevin Tway,-.083
62,Brendan Steele,-.063
63,Aaron Baddeley,E
63,Ryan Brehm,E
63,Harris English,E
63,Brian Harman,E
63,Si Woo Kim,E
63,Patton Kizzire,E
63,Matt Kuchar,E
63,K.H. Lee,E
63,J.T. Poston,E
63,Taiga Semikawa,E
73,Chad Ramey,+.100
74,Kurt Kitayama,+.111
75,Adam Schenk,+.250
76,Byeong Hun An,+.364
