rank,player,Avg RTP
1,Ben Griffin,-1.000
1,Tom Hoge,-1.000
1,Zach Johnson,-1.000
1,S.H. Kim,-1.000
1,Justin Suh,-1.000
1,Kevin Tway,-1.000
7,J.J. Spaun,-.667
8,Hideki Matsuyama,-.500
8,Aaron Rai,-.500
10,Byeong Hun An,-.333
10,Corey Conners,-.333
10,MJ Daffue,-.333
10,Si Woo Kim,-.333
10,Andrew Novak,-.333
15,Anders Albertson,E
15,Aaron Baddeley,E
15,Zac Blair,E
15,Ryan Brehm,E
15,Hayden Buckley,E
15,Stewart Cink,E
15,Eric Cole,E
15,Cam Davis,E
15,Nico Echavarria,E
15,Austin Eckroat,E
15,Brice Garnett,E
15,Will Gordon,E
15,Cole Hammer,E
15,Nick Hardy,E
15,Brian Harman,E
15,Russell Henley,E
15,Stephan Jaeger,E
15,Chris Kirk,E
15,Kurt Kitayama,E
15,Nate Lashley,E
15,Denny McCarthy,E
15,Maverick McNealy,E
15,Troy Merritt,E
15,Taylor Montgomery,E
15,Ryan Palmer,E
15,Andrew Putnam,E
15,Chez Reavie,E
15,Taiga Semikawa,E
15,Austin Smotherman,E
15,Brian Stuard,E
15,Adam Svensson,E
15,Davis Thompson,E
15,Brendon Todd,E
15,Carl Yuan,E
49,Patton Kizzire,+.143
50,Kevin Yu,+.250
51,Adam Schenk,+.333
51,Adam Scott,+.333
51,Greyson Sigg,+.333
54,Russell Knox,+.400
55,Tyson Alexander,+.500
55,Harry Hall,+.500
55,Danny Lee,+.500
55,Joseph Winslow,+.500
59,Keita Nakajima,+.667
60,Harris English,+1.000
60,Kelly Kraft,+1.000
60,K.H. Lee,+1.000
