rank,player,Avg RTP
1,J.T. Poston,-.500
2,K.H. Lee,-.385
3,Nick Taylor,-.364
4,Kevin Yu,-.357
5,Brice Garnett,-.333
6,Harris English,-.300
6,Harry Hall,-.300
6,Tom Hoge,-.300
6,Ben Martin,-.300
6,Adam Svensson,-.300
11,Tyson Alexander,-.294
11,Si Woo Kim,-.294
13,Denny McCarthy,-.286
14,Chez Reavie,-.273
15,Will Gordon,-.250
15,Kazuki Higa,-.250
15,Carl Yuan,-.250
18,Keita Nakajima,-.235
19,Austin Eckroat,-.231
19,Nick Hardy,-.231
19,Ryan Palmer,-.231
19,Chad Ramey,-.231
23,Eric Cole,-.222
24,Byeong Hun An,-.214
24,Corey Conners,-.214
24,Brendon Todd,-.214
27,Ben Griffin,-.200
27,Austin Smotherman,-.200
29,Cam Davis,-.188
30,Stewart Cink,-.182
30,Kevin Tway,-.182
32,Adam Long,-.176
32,Doc Redman,-.176
32,Ben Taylor,-.176
35,Brian Stuard,-.167
35,Justin Suh,-.167
37,Patton Kizzire,-.154
37,Danny Lee,-.154
37,Augusto Núñez,-.154
40,S.H. Kim,-.143
40,Aaron Rai,-.143
40,Adam Schenk,-.143
40,Brendan Steele,-.143
40,Davis Thompson,-.143
45,Troy Merritt,-.133
46,Andrew Putnam,-.125
47,Russell Henley,-.111
48,Aaron Baddeley,-.091
48,Brian Harman,-.091
48,Chris Kirk,-.091
51,Stephan Jaeger,-.083
51,J.J. Spaun,-.083
53,Matt Kuchar,-.077
53,Taylor Montgomery,-.077
55,Anders Albertson,-.071
55,Russell Knox,-.071
55,Maverick McNealy,-.071
55,Andrew Novak,-.071
59,Joseph Bramlett,-.067
59,Michael Thompson,-.067
61,David Lipsky,-.063
62,Kelly Kraft,-.056
63,Zac Blair,E
63,Ryan Brehm,E
63,MJ Daffue,E
63,Nico Echavarria,E
63,Zach Johnson,E
63,Kurt Kitayama,E
63,Nate Lashley,E
63,Hideki Matsuyama,E
63,Greyson Sigg,E
72,Hayden Buckley,+.050
73,Cole Hammer,+.071
74,Adam Scott,+.077
75,Joseph Winslow,+.100
76,Taiga Semikawa,+.125
