rank,player,Avg RTP
1,Harry Hall,-1.000
1,Matt Kuchar,-1.000
3,Cam Davis,-.750
4,S.H. Kim,-.600
5,K.H. Lee,-.500
5,David Lipsky,-.500
5,Brendan Steele,-.500
5,Ben Taylor,-.500
9,Aaron Baddeley,-.333
9,Hayden Buckley,-.333
9,MJ Daffue,-.333
9,Taylor Montgomery,-.333
9,Augusto Núñez,-.333
9,Kevin Yu,-.333
15,Ben Griffin,-.286
15,J.T. Poston,-.286
17,Austin Eckroat,-.250
18,Stewart Cink,-.200
19,Maverick McNealy,-.167
20,Adam Schenk,-.111
21,Byeong Hun An,E
21,Eric Cole,E
21,Nico Echavarria,E
21,Will Gordon,E
21,Russell Henley,E
21,Tom Hoge,E
21,Stephan Jaeger,E
21,Zach Johnson,E
21,Chris Kirk,E
21,Patton Kizzire,E
21,Nate Lashley,E
21,Danny Lee,E
21,Adam Long,E
21,Denny McCarthy,E
21,Troy Merritt,E
21,Andrew Novak,E
21,Ryan Palmer,E
21,Aaron Rai,E
21,Chad Ramey,E
21,Chez Reavie,E
21,Brian Stuard,E
21,Justin Suh,E
21,Nick Taylor,E
21,Michael Thompson,E
21,Kevin Tway,E
21,Joseph Winslow,E
47,Kurt Kitayama,+.111
48,Joseph Bramlett,+.200
49,Brice Garnett,+.250
49,Russell Knox,+.250
49,Hideki Matsuyama,+.250
52,Ben Martin,+.286
53,Anders Albertson,+.333
53,Ryan Brehm,+.333
53,Cole Hammer,+.333
53,Kelly Kraft,+.333
53,Andrew Putnam,+.333
53,Taiga Semikawa,+.333
53,J.J. Spaun,+.333
53,Adam Svensson,+.333
53,Carl Yuan,+.333
62,Corey Conners,+.500
62,Doc Redman,+.500
62,Adam Scott,+.500
62,Davis Thompson,+.500
66,Keita Nakajima,+.667
67,Tyson Alexander,+.750
67,Zac Blair,+.750
69,Harris English,+1.000
69,Nick Hardy,+1.000
69,Kazuki Higa,+1.000
69,Austin Smotherman,+1.000
69,Brendon Todd,+1.000
