rank,player,Avg RTP
1,Joseph Bramlett,-1.000
1,Tom Hoge,-1.000
1,Doc Redman,-1.000
1,Kevin Tway,-1.000
5,Will Gordon,-.500
5,Ben Griffin,-.500
5,Joseph Winslow,-.500
8,Stewart Cink,E
8,Nico Echavarria,E
8,Nick Hardy,E
8,Zach Johnson,E
8,K.H. Lee,E
8,Denny McCarthy,E
8,Maverick McNealy,E
8,Augusto Núñez,E
8,Ryan Palmer,E
8,Andrew Putnam,E
8,Taiga Semikawa,E
8,Kevin Yu,E
20,MJ Daffue,+.500
21,Anders Albertson,+1.000
21,Kurt Kitayama,+1.000
21,Patton Kizzire,+1.000
21,Chez Reavie,+1.000
