rank,player,Avg RTP
1,Joseph Winslow,-.750
2,Si Woo Kim,-.667
3,Brian Harman,-.600
3,Keita Nakajima,-.600
5,Adam Long,-.571
5,Michael Thompson,-.571
7,Austin Eckroat,-.500
7,Ben Griffin,-.500
7,Adam Schenk,-.500
10,Corey Conners,-.429
11,MJ Daffue,-.400
11,S.H. Kim,-.400
11,Matt Kuchar,-.400
11,Chad Ramey,-.400
11,Brendan Steele,-.400
16,Kurt Kitayama,-.375
16,Andrew Novak,-.375
18,Stewart Cink,-.333
18,Nick Hardy,-.333
18,Ben Taylor,-.333
21,Nico Echavarria,-.286
21,Kazuki Higa,-.286
21,Brendon Todd,-.286
24,Tyson Alexander,-.250
24,Russell Henley,-.250
24,Ben Martin,-.250
24,Doc Redman,-.250
24,Davis Thompson,-.250
29,Hayden Buckley,-.200
29,Patton Kizzire,-.200
29,Austin Smotherman,-.200
29,J.J. Spaun,-.200
33,Zac Blair,-.167
33,Cam Davis,-.167
35,Aaron Rai,-.143
35,Adam Svensson,-.143
37,Byeong Hun An,E
37,Aaron Baddeley,E
37,Ryan Brehm,E
37,Will Gordon,E
37,Harry Hall,E
37,Cole Hammer,E
37,Tom Hoge,E
37,Stephan Jaeger,E
37,Russell Knox,E
37,Nate Lashley,E
37,David Lipsky,E
37,Denny McCarthy,E
37,Troy Merritt,E
37,Taylor Montgomery,E
37,Ryan Palmer,E
37,J.T. Poston,E
37,Chez Reavie,E
37,Adam Scott,E
37,Taiga Semikawa,E
37,Greyson Sigg,E
57,Zach Johnson,+.143
58,Brice Garnett,+.167
59,Anders Albertson,+.200
59,Andrew Putnam,+.200
59,Justin Suh,+.200
59,Nick Taylor,+.200
63,Joseph Bramlett,+.250
63,Chris Kirk,+.250
63,Kelly Kraft,+.250
63,Danny Lee,+.250
63,K.H. Lee,+.250
63,Maverick McNealy,+.250
63,Augusto Núñez,+.250
63,Kevin Yu,+.250
63,Carl Yuan,+.250
72,Brian Stuard,+.286
73,Harris English,+.333
73,Hideki Matsuyama,+.333
73,Kevin Tway,+.333
76,Eric Cole,+.667
