rank,player,%,Successes,Attempts
1,Patrick Cantlay,100.00%,1,1
1,Nick Hardy,100.00%,1,1
1,Max Homa,100.00%,1,1
1,Chris Kirk,100.00%,2,2
5,Byeong Hun An,66.67%,2,3
5,Jason Day,66.67%,2,3
5,Viktor Hovland,66.67%,2,3
5,Mackenzie Hughes,66.67%,2,3
9,Emiliano Grillo,60.00%,3,5
10,Tony Finau,50.00%,1,2
10,Russell Henley,50.00%,1,2
10,Justin Rose,50.00%,2,4
10,Erik van Rooyen,50.00%,1,2
10,Camilo Villegas,50.00%,4,8
15,Nico Echavarria,33.33%,1,3
15,Brian Harman,33.33%,1,3
15,Lee Hodges,33.33%,1,3
15,Luke List,33.33%,1,3
15,Vincent Norrman,33.33%,3,9
15,J.T. Poston,33.33%,1,3
15,Adam Svensson,33.33%,1,3
22,Tommy Fleetwood,28.57%,2,7
23,Wyndham Clark,25.00%,1,4
23,Matt Fitzpatrick,25.00%,1,4
23,Matt Wallace,25.00%,1,4
26,Cam Davis,20.00%,1,5
26,Denny McCarthy,20.00%,1,5
26,Brendon Todd,20.00%,1,5
29,Ludvig Åberg,.00%,0,6
29,Akshay Bhatia,.00%,0,1
29,Keegan Bradley,.00%,0,3
29,Sam Burns,.00%,0,3
29,Eric Cole,.00%,0,1
29,Corey Conners,.00%,0,1
29,Harris English,.00%,0,2
29,Rickie Fowler,.00%,0,4
29,Lucas Glover,.00%,0,1
29,Adam Hadwin,.00%,0,3
29,Tyrrell Hatton,.00%,0,2
29,Tom Hoge,.00%,0,2
29,Sungjae Im,.00%,0,2
29,Tom Kim,.00%,0,1
29,Kurt Kitayama,.00%,0,1
29,Hideki Matsuyama,.00%,0,2
29,Taylor Moore,.00%,0,1
29,Seamus Power,.00%,0,5
29,Andrew Putnam,.00%,0,1
29,Davis Riley,.00%,0,5
29,Adam Schenk,.00%,0,1
29,Jordan Spieth,.00%,0,2
29,Sepp Straka,.00%,0,1
29,Nick Taylor,.00%,0,2
29,Sahith Theegala,.00%,0,1
29,Cameron Young,.00%,0,3
