rank,player,%,Successes,Attempts
1,Mackenzie Hughes,100.00%,4,4
1,Tom Kim,100.00%,4,4
1,Denny McCarthy,100.00%,2,2
1,Collin Morikawa,100.00%,1,1
1,Xander Schauffele,100.00%,3,3
1,Scottie Scheffler,100.00%,1,1
1,Jordan Spieth,100.00%,3,3
1,Sahith Theegala,100.00%,3,3
9,Justin Rose,87.50%,7,8
10,Jason Day,83.33%,5,6
10,Si Woo Kim,83.33%,5,6
10,Chris Kirk,83.33%,5,6
13,Matt Wallace,80.00%,4,5
13,Cameron Young,80.00%,4,5
15,Eric Cole,75.00%,3,4
15,Nico Echavarria,75.00%,3,4
15,Lucas Glover,75.00%,3,4
15,Max Homa,75.00%,3,4
15,J.T. Poston,75.00%,3,4
20,Camilo Villegas,71.43%,5,7
21,Akshay Bhatia,66.67%,2,3
21,Harris English,66.67%,4,6
21,Russell Henley,66.67%,4,6
21,Kurt Kitayama,66.67%,4,6
21,Taylor Moore,66.67%,2,3
26,Sam Burns,60.00%,3,5
26,Vincent Norrman,60.00%,6,10
26,Davis Riley,60.00%,6,10
26,Adam Schenk,60.00%,3,5
26,Brendon Todd,60.00%,3,5
31,Hideki Matsuyama,57.14%,4,7
32,Emiliano Grillo,55.56%,5,9
33,Byeong Hun An,50.00%,3,6
33,Cam Davis,50.00%,2,4
33,Tony Finau,50.00%,3,6
33,Matt Fitzpatrick,50.00%,2,4
33,Tommy Fleetwood,50.00%,2,4
33,Nick Hardy,50.00%,2,4
33,Tyrrell Hatton,50.00%,2,4
33,Luke List,50.00%,2,4
33,Seamus Power,50.00%,2,4
33,Erik van Rooyen,50.00%,2,4
43,Keegan Bradley,42.86%,3,7
44,Ludvig Åberg,40.00%,2,5
44,Patrick Cantlay,40.00%,2,5
44,Brian Harman,40.00%,2,5
44,Lee Hodges,40.00%,2,5
44,Tom Hoge,40.00%,2,5
44,Viktor Hovland,40.00%,2,5
44,Adam Svensson,40.00%,2,5
51,Sungjae Im,33.33%,2,6
51,Patrick Rodgers,33.33%,1,3
51,Sepp Straka,33.33%,1,3
54,Nick Taylor,28.57%,2,7
55,Adam Hadwin,20.00%,1,5
56,Wyndham Clark,.00%,0,1
56,Corey Conners,.00%,0,1
56,Rickie Fowler,.00%,0,2
56,Andrew Putnam,.00%,0,3
