rank,player,%,Par or Better,Missed GIR
1,Chris Kirk,91.67%,11,12
2,Collin Morikawa,90.00%,9,10
3,Lucas Glover,88.89%,8,9
4,Xander Schauffele,87.50%,7,8
5,Eric Cole,86.67%,13,15
6,Jordan Spieth,83.33%,10,12
7,Max Homa,80.00%,8,10
7,J.T. Poston,80.00%,8,10
9,Si Woo Kim,78.57%,11,14
10,Luke List,77.78%,14,18
10,Sahith Theegala,77.78%,7,9
12,Jason Day,76.92%,10,13
12,Viktor Hovland,76.92%,10,13
12,Kurt Kitayama,76.92%,10,13
15,Sam Burns,76.47%,13,17
15,Erik van Rooyen,76.47%,13,17
17,Akshay Bhatia,73.33%,11,15
17,Justin Rose,73.33%,11,15
19,Tom Kim,72.73%,8,11
20,Tyrrell Hatton,69.23%,9,13
21,Camilo Villegas,68.42%,13,19
22,Patrick Cantlay,66.67%,6,9
22,Brian Harman,66.67%,10,15
22,Scottie Scheffler,66.67%,4,6
22,Adam Schenk,66.67%,6,9
26,Nico Echavarria,64.71%,11,17
27,Byeong Hun An,64.29%,9,14
27,Matt Fitzpatrick,64.29%,9,14
27,Mackenzie Hughes,64.29%,9,14
30,Patrick Rodgers,62.50%,5,8
30,Brendon Todd,62.50%,10,16
32,Harris English,61.54%,8,13
32,Denny McCarthy,61.54%,8,13
34,Cam Davis,60.00%,9,15
34,Emiliano Grillo,60.00%,9,15
34,Adam Hadwin,60.00%,6,10
37,Hideki Matsuyama,58.82%,10,17
38,Matt Wallace,58.33%,7,12
39,Nick Hardy,57.14%,4,7
39,Cameron Young,57.14%,8,14
41,Russell Henley,56.25%,9,16
42,Wyndham Clark,55.56%,5,9
42,Corey Conners,55.56%,5,9
42,Tommy Fleetwood,55.56%,10,18
42,Sepp Straka,55.56%,5,9
46,Taylor Moore,53.85%,7,13
47,Vincent Norrman,52.94%,9,17
48,Ludvig Åberg,50.00%,8,16
48,Adam Svensson,50.00%,6,12
48,Nick Taylor,50.00%,6,12
51,Davis Riley,47.06%,8,17
52,Seamus Power,46.15%,6,13
53,Tom Hoge,45.45%,5,11
54,Tony Finau,42.86%,6,14
54,Lee Hodges,42.86%,6,14
56,Keegan Bradley,41.67%,5,12
57,Andrew Putnam,37.50%,3,8
58,Rickie Fowler,33.33%,5,15
58,Sungjae Im,33.33%,4,12
