rank,player,%,# Saves,# Bunkers,Total O/U Par
1,Patrick Cantlay,100.00%,4,4,-2.00
1,Jason Day,100.00%,1,1,E
1,Matt Fitzpatrick,100.00%,3,3,-1.00
1,Lucas Glover,100.00%,1,1,-1.00
1,Emiliano Grillo,100.00%,1,1,-1.00
1,Russell Henley,100.00%,1,1,E
1,Tom Hoge,100.00%,1,1,-1.00
1,Luke List,100.00%,3,3,E
1,Adam Schenk,100.00%,1,1,-1.00
1,Sahith Theegala,100.00%,2,2,-2.00
1,Brendon Todd,100.00%,2,2,-1.00
12,Wyndham Clark,85.71%,6,7,-4.00
13,Hideki Matsuyama,75.00%,3,4,-3.00
13,Jordan Spieth,75.00%,3,4,-2.00
15,Tom Kim,66.67%,2,3,+1.00
15,Collin Morikawa,66.67%,2,3,-1.00
15,Andrew Putnam,66.67%,2,3,-2.00
15,Davis Riley,66.67%,2,3,-1.00
15,Justin Rose,66.67%,2,3,-1.00
15,Camilo Villegas,66.67%,2,3,+1.00
21,Tommy Fleetwood,60.00%,3,5,E
21,Sungjae Im,60.00%,3,5,+1.00
21,Si Woo Kim,60.00%,3,5,-1.00
24,Max Homa,57.14%,4,7,-2.00
25,Akshay Bhatia,50.00%,2,4,-1.00
25,Sam Burns,50.00%,2,4,E
25,Eric Cole,50.00%,1,2,E
25,Corey Conners,50.00%,1,2,-1.00
25,Nico Echavarria,50.00%,4,8,+1.00
25,Harris English,50.00%,1,2,E
25,Rickie Fowler,50.00%,1,2,+1.00
25,Brian Harman,50.00%,1,2,+1.00
25,Tyrrell Hatton,50.00%,1,2,E
25,Viktor Hovland,50.00%,2,4,+3.00
25,J.T. Poston,50.00%,1,2,E
25,Patrick Rodgers,50.00%,2,4,-1.00
25,Adam Svensson,50.00%,1,2,+1.00
25,Nick Taylor,50.00%,1,2,-1.00
39,Xander Schauffele,40.00%,2,5,+1.00
39,Matt Wallace,40.00%,2,5,+1.00
41,Ludvig Åberg,33.33%,2,6,+2.00
41,Adam Hadwin,33.33%,1,3,-1.00
41,Mackenzie Hughes,33.33%,1,3,E
41,Denny McCarthy,33.33%,1,3,+1.00
45,Seamus Power,28.57%,2,7,+7.00
46,Scottie Scheffler,25.00%,1,4,E
47,Keegan Bradley,0.00%,0,3,+1.00
47,Cam Davis,0.00%,0,2,+4.00
47,Tony Finau,0.00%,0,1,+1.00
47,Lee Hodges,0.00%,0,2,+2.00
47,Kurt Kitayama,0.00%,0,3,+1.00
47,Taylor Moore,0.00%,0,4,+4.00
47,Vincent Norrman,0.00%,0,2,+1.00
47,Erik van Rooyen,0.00%,0,1,+1.00
47,Cameron Young,0.00%,0,3,+2.00
