rank,player,Avg,Total Putts,Total Rounds
1,Ludvig Åberg,23.00,23,1
2,Byeong Hun An,24.00,24,1
2,Adam Hadwin,24.00,24,1
2,Justin Rose,24.00,24,1
5,Mackenzie Hughes,25.00,25,1
5,Sungjae Im,25.00,25,1
5,Sahith Theegala,25.00,25,1
8,Wyndham Clark,26.00,26,1
8,Jason Day,26.00,26,1
8,Si Woo Kim,26.00,26,1
8,Seamus Power,26.00,26,1
8,Andrew Putnam,26.00,26,1
8,Davis Riley,26.00,26,1
8,Jordan Spieth,26.00,26,1
8,Brendon Todd,26.00,26,1
16,Eric Cole,27.00,27,1
16,Nico Echavarria,27.00,27,1
16,Tony Finau,27.00,27,1
16,Brian Harman,27.00,27,1
16,Chris Kirk,27.00,27,1
16,Luke List,27.00,27,1
16,Taylor Moore,27.00,27,1
16,Erik van Rooyen,27.00,27,1
24,Matt Fitzpatrick,28.00,28,1
24,Lucas Glover,28.00,28,1
24,Collin Morikawa,28.00,28,1
24,Nick Taylor,28.00,28,1
24,Cameron Young,28.00,28,1
29,Akshay Bhatia,29.00,29,1
29,Cam Davis,29.00,29,1
29,Tyrrell Hatton,29.00,29,1
29,Viktor Hovland,29.00,29,1
29,Denny McCarthy,29.00,29,1
29,Vincent Norrman,29.00,29,1
29,Sepp Straka,29.00,29,1
29,Adam Svensson,29.00,29,1
29,Camilo Villegas,29.00,29,1
29,Matt Wallace,29.00,29,1
39,Keegan Bradley,30.00,30,1
39,Sam Burns,30.00,30,1
39,Tom Kim,30.00,30,1
39,J.T. Poston,30.00,30,1
39,Scottie Scheffler,30.00,30,1
39,Adam Schenk,30.00,30,1
45,Rickie Fowler,31.00,31,1
45,Nick Hardy,31.00,31,1
45,Russell Henley,31.00,31,1
45,Max Homa,31.00,31,1
45,Patrick Rodgers,31.00,31,1
45,Xander Schauffele,31.00,31,1
51,Harris English,32.00,32,1
51,Tommy Fleetwood,32.00,32,1
51,Lee Hodges,32.00,32,1
51,Tom Hoge,32.00,32,1
51,Kurt Kitayama,32.00,32,1
51,Hideki Matsuyama,32.00,32,1
57,Patrick Cantlay,33.00,33,1
58,Corey Conners,34.00,34,1
58,Emiliano Grillo,34.00,34,1
