rank,player,Avg,Total 3 Putts,Total Rounds
1,Nick Hardy,1.25,5,4
2,Luke List,1.00,4,4
2,Scottie Scheffler,1.00,4,4
4,Keegan Bradley,.75,3,4
4,Lucas Glover,.75,3,4
4,Max Homa,.75,3,4
4,Tom Kim,.75,3,4
4,Hideki Matsuyama,.75,3,4
4,Patrick Rodgers,.75,3,4
4,Justin Rose,.75,3,4
4,Adam Schenk,.75,3,4
4,Brendon Todd,.75,3,4
13,Eric Cole,.50,2,4
13,Corey Conners,.50,2,4
13,Harris English,.50,2,4
13,Tony Finau,.50,2,4
13,Rickie Fowler,.50,2,4
13,Adam Hadwin,.50,2,4
13,Tyrrell Hatton,.50,2,4
13,Lee Hodges,.50,2,4
13,Denny McCarthy,.50,2,4
13,Davis Riley,.50,2,4
13,Sahith Theegala,.50,2,4
13,Erik van Rooyen,.50,2,4
25,Ludvig Åberg,.25,1,4
25,Byeong Hun An,.25,1,4
25,Akshay Bhatia,.25,1,4
25,Sam Burns,.25,1,4
25,Patrick Cantlay,.25,1,4
25,Jason Day,.25,1,4
25,Matt Fitzpatrick,.25,1,4
25,Tommy Fleetwood,.25,1,4
25,Russell Henley,.25,1,4
25,Tom Hoge,.25,1,4
25,Viktor Hovland,.25,1,4
25,Sungjae Im,.25,1,4
25,Kurt Kitayama,.25,1,4
25,Taylor Moore,.25,1,4
25,Vincent Norrman,.25,1,4
25,J.T. Poston,.25,1,4
25,Seamus Power,.25,1,4
25,Andrew Putnam,.25,1,4
25,Sepp Straka,.25,1,4
25,Adam Svensson,.25,1,4
25,Nick Taylor,.25,1,4
