rank,player,Avg,Total 2 Putts,Total Rounds
1,Wyndham Clark,13.00,52,4
2,Vincent Norrman,12.75,51,4
3,Patrick Cantlay,12.50,50,4
3,Nick Hardy,12.50,50,4
3,Lee Hodges,12.50,50,4
3,Xander Schauffele,12.50,50,4
7,Corey Conners,12.25,49,4
8,Keegan Bradley,12.00,48,4
8,Tom Hoge,12.00,48,4
8,Tom Kim,12.00,48,4
8,Nick Taylor,12.00,48,4
12,Emiliano Grillo,11.75,47,4
12,Andrew Putnam,11.75,47,4
14,Cam Davis,11.50,46,4
14,Tommy Fleetwood,11.50,46,4
14,Russell Henley,11.50,46,4
14,Kurt Kitayama,11.50,46,4
14,Hideki Matsuyama,11.50,46,4
14,Taylor Moore,11.50,46,4
14,Seamus Power,11.50,46,4
14,Adam Svensson,11.50,46,4
14,Matt Wallace,11.50,46,4
14,Cameron Young,11.50,46,4
24,Ludvig Åberg,11.25,45,4
24,Rickie Fowler,11.25,45,4
24,Mackenzie Hughes,11.25,45,4
24,Davis Riley,11.25,45,4
24,Patrick Rodgers,11.25,45,4
24,Sepp Straka,11.25,45,4
30,Max Homa,11.00,44,4
30,Si Woo Kim,11.00,44,4
30,Denny McCarthy,11.00,44,4
30,Collin Morikawa,11.00,44,4
30,Adam Schenk,11.00,44,4
35,J.T. Poston,10.75,43,4
35,Camilo Villegas,10.75,43,4
37,Sam Burns,10.50,42,4
37,Lucas Glover,10.50,42,4
37,Viktor Hovland,10.50,42,4
40,Tony Finau,10.25,41,4
40,Scottie Scheffler,10.25,41,4
42,Byeong Hun An,10.00,40,4
42,Jason Day,10.00,40,4
42,Sungjae Im,10.00,40,4
45,Akshay Bhatia,9.75,39,4
45,Harris English,9.75,39,4
47,Matt Fitzpatrick,9.50,38,4
47,Brian Harman,9.50,38,4
47,Tyrrell Hatton,9.50,38,4
47,Justin Rose,9.50,38,4
47,Jordan Spieth,9.50,38,4
52,Nico Echavarria,9.25,37,4
52,Adam Hadwin,9.25,37,4
52,Brendon Todd,9.25,37,4
52,Erik van Rooyen,9.25,37,4
56,Chris Kirk,9.00,36,4
56,Sahith Theegala,9.00,36,4
58,Eric Cole,8.50,34,4
59,Luke List,8.25,33,4
