rank,player,Avg,Total Putts,Total Rounds
1,Tyrrell Hatton,23.00,23,1
2,Brendon Todd,24.00,24,1
3,Nico Echavarria,25.00,25,1
3,Adam Hadwin,25.00,25,1
3,Kurt Kitayama,25.00,25,1
6,Eric Cole,26.00,26,1
6,Matt Fitzpatrick,26.00,26,1
6,Brian Harman,26.00,26,1
6,Scottie Scheffler,26.00,26,1
10,Akshay Bhatia,27.00,27,1
10,Tommy Fleetwood,27.00,27,1
10,Lucas Glover,27.00,27,1
10,Emiliano Grillo,27.00,27,1
10,Chris Kirk,27.00,27,1
10,Erik van Rooyen,27.00,27,1
10,Cameron Young,27.00,27,1
17,Byeong Hun An,28.00,28,1
17,Cam Davis,28.00,28,1
17,Tony Finau,28.00,28,1
20,Ludvig Åberg,29.00,29,1
20,Sam Burns,29.00,29,1
20,Jason Day,29.00,29,1
20,Lee Hodges,29.00,29,1
20,Sungjae Im,29.00,29,1
20,Hideki Matsuyama,29.00,29,1
20,Denny McCarthy,29.00,29,1
20,Taylor Moore,29.00,29,1
20,Patrick Rodgers,29.00,29,1
20,Adam Schenk,29.00,29,1
20,Jordan Spieth,29.00,29,1
20,Sepp Straka,29.00,29,1
32,Harris English,30.00,30,1
32,Rickie Fowler,30.00,30,1
32,Nick Hardy,30.00,30,1
32,Collin Morikawa,30.00,30,1
32,J.T. Poston,30.00,30,1
32,Justin Rose,30.00,30,1
32,Nick Taylor,30.00,30,1
32,Camilo Villegas,30.00,30,1
40,Corey Conners,31.00,31,1
40,Max Homa,31.00,31,1
40,Viktor Hovland,31.00,31,1
40,Mackenzie Hughes,31.00,31,1
40,Si Woo Kim,31.00,31,1
40,Davis Riley,31.00,31,1
40,Adam Svensson,31.00,31,1
40,Sahith Theegala,31.00,31,1
48,Patrick Cantlay,32.00,32,1
48,Wyndham Clark,32.00,32,1
48,Russell Henley,32.00,32,1
48,Tom Hoge,32.00,32,1
48,Luke List,32.00,32,1
48,Seamus Power,32.00,32,1
54,Keegan Bradley,33.00,33,1
54,Vincent Norrman,33.00,33,1
54,Andrew Putnam,33.00,33,1
54,Xander Schauffele,33.00,33,1
54,Matt Wallace,33.00,33,1
59,Tom Kim,35.00,35,1
