rank,player,Avg,Total Putts,Total Rounds
1,Camilo Villegas,23.00,23,1
2,Viktor Hovland,26.00,26,1
2,Sahith Theegala,26.00,26,1
4,Nico Echavarria,27.00,27,1
4,Brian Harman,27.00,27,1
4,Jordan Spieth,27.00,27,1
7,Matt Fitzpatrick,28.00,28,1
7,Emiliano Grillo,28.00,28,1
7,Tom Hoge,28.00,28,1
7,Mackenzie Hughes,28.00,28,1
7,Sungjae Im,28.00,28,1
7,J.T. Poston,28.00,28,1
13,Byeong Hun An,29.00,29,1
13,Akshay Bhatia,29.00,29,1
13,Sam Burns,29.00,29,1
13,Patrick Cantlay,29.00,29,1
13,Jason Day,29.00,29,1
13,Harris English,29.00,29,1
13,Tony Finau,29.00,29,1
13,Russell Henley,29.00,29,1
13,Si Woo Kim,29.00,29,1
13,Tom Kim,29.00,29,1
13,Chris Kirk,29.00,29,1
13,Luke List,29.00,29,1
13,Denny McCarthy,29.00,29,1
13,Collin Morikawa,29.00,29,1
13,Justin Rose,29.00,29,1
13,Sepp Straka,29.00,29,1
13,Nick Taylor,29.00,29,1
13,Brendon Todd,29.00,29,1
31,Keegan Bradley,30.00,30,1
31,Tyrrell Hatton,30.00,30,1
31,Davis Riley,30.00,30,1
31,Xander Schauffele,30.00,30,1
31,Adam Schenk,30.00,30,1
31,Matt Wallace,30.00,30,1
37,Eric Cole,31.00,31,1
37,Corey Conners,31.00,31,1
37,Tommy Fleetwood,31.00,31,1
37,Rickie Fowler,31.00,31,1
37,Max Homa,31.00,31,1
37,Hideki Matsuyama,31.00,31,1
37,Scottie Scheffler,31.00,31,1
37,Erik van Rooyen,31.00,31,1
37,Cameron Young,31.00,31,1
46,Wyndham Clark,32.00,32,1
46,Cam Davis,32.00,32,1
46,Taylor Moore,32.00,32,1
46,Vincent Norrman,32.00,32,1
46,Seamus Power,32.00,32,1
46,Andrew Putnam,32.00,32,1
46,Patrick Rodgers,32.00,32,1
53,Ludvig Åberg,33.00,33,1
53,Adam Hadwin,33.00,33,1
53,Kurt Kitayama,33.00,33,1
53,Adam Svensson,33.00,33,1
57,Lucas Glover,34.00,34,1
57,Nick Hardy,34.00,34,1
57,Lee Hodges,34.00,34,1
