rank,player,Avg,Total Distance (feet),# of Attempts,Relative to par
1,Adam Scott,"52' 10""",105.583,2,-1
2,Todd Hamilton,"63' 0""",63.000,1,-1
3,Sergio Garcia,"73' 0""",218.917,3,-2
4,Craig Parry,"73' 8""",73.667,1,-1
5,Steve Flesch,"98' 9""",394.833,4,-2
5,Mike Weir,"98' 9""",197.500,2,-2
7,Ernie Els,"99' 10""",299.500,3,-1
8,Tiger Woods,"100' 7""",301.750,3,-1
9,Woody Austin,"101' 3""",202.500,2,-2
10,Chad Campbell,"103' 7""",207.167,2,-1
11,Fred Funk,"107' 11""",215.833,2,E
12,Joey Sindelar,"117' 7""",235.083,2,-1
13,David Toms,"122' 9""",122.750,1,-1
14,Rod Pampling,"124' 10""",374.500,3,-1
15,Retief Goosen,"125' 2""",250.250,2,-1
16,Heath Slocum,"125' 5""",125.417,1,E
17,Vaughn Taylor,"127' 4""",381.917,3,-2
18,Andre Stolz,"127' 8""",127.667,1,-1
19,Stuart Appleby,"127' 9""",127.750,1,E
20,Zach Johnson,"130' 1""",390.167,3,-1
21,Jonathan Byrd,"134' 1""",268.167,2,-1
22,Mark Hensby,"145' 1""",290.083,2,E
23,Vijay Singh,"148' 9""",297.500,2,E
24,Carlos Franco,"150' 3""",300.500,2,E
25,Bart Bryant,"153' 4""",459.917,3,+1
26,Stephen Ames,"157' 7""",315.167,2,E
27,Jonathan Kaye,"169' 7""",508.833,3,E
28,Brent Geiberger,"178' 4""",178.333,1,E
29,Ryan Palmer,"191' 3""",191.250,1,E
30,Stewart Cink,"197' 0""",197.000,1,E
