rank,player,Avg,Total Distance (feet),# of Attempts,Relative to par
1,Vaughn Taylor,"10' 6""",62.833,6,-4
2,Vijay Singh,"11' 9""",82.250,7,-1
3,Tiger Woods,"12' 2""",60.833,5,E
4,Stewart Cink,"13' 2""",79.167,6,-3
5,Stephen Ames,"15' 7""",62.417,4,-1
5,Bart Bryant,"15' 7""",124.417,8,-3
7,Mark Hensby,"16' 6""",131.750,8,-3
8,Craig Parry,"17' 8""",123.750,7,-1
9,Todd Hamilton,"18' 1""",253.333,14,-4
10,David Toms,"18' 3""",164.167,9,-4
11,Mike Weir,"18' 4""",201.417,11,E
12,Jonathan Kaye,"19' 8""",117.833,6,-3
13,Ernie Els,"20' 5""",183.417,9,-4
13,Heath Slocum,"20' 5""",163.417,8,E
15,Zach Johnson,"20' 9""",103.917,5,-2
16,Rod Pampling,"21' 0""",189.333,9,-2
17,Fred Funk,"21' 1""",189.667,9,-1
18,Ryan Palmer,"21' 6""",129.167,6,E
19,Woody Austin,"22' 1""",176.917,8,-2
20,Stuart Appleby,"22' 5""",157.083,7,-4
21,Chad Campbell,"24' 11""",224.417,9,E
22,Retief Goosen,"27' 0""",189.250,7,E
23,Adam Scott,"27' 2""",190.000,7,E
24,Andre Stolz,"27' 6""",137.500,5,E
25,Jonathan Byrd,"29' 1""",116.167,4,-1
26,Brent Geiberger,"31' 6""",409.667,13,-1
27,John Daly,"31' 9""",127.000,4,E
28,Steve Flesch,"31' 11""",382.917,12,+1
29,Joey Sindelar,"35' 5""",353.917,10,-2
30,Carlos Franco,"42' 0""",210.167,5,+2
31,Sergio Garcia,"48' 1""",96.083,2,+1
