rank,player,Avg,Total Distance (feet),# of Attempts,Relative to par
1,John Daly,"8' 10""",35.417,4,-2
2,Ernie Els,"11' 7""",46.417,4,-1
3,Joey Sindelar,"11' 9""",93.667,8,-2
4,Mark Hensby,"12' 5""",74.667,6,-3
5,Chad Campbell,"13' 0""",103.667,8,-1
5,David Toms,"13' 0""",103.917,8,E
7,Woody Austin,"13' 2""",92.000,7,-2
8,Heath Slocum,"13' 9""",179.083,13,-4
9,Stuart Appleby,"14' 2""",98.917,7,-2
10,Stewart Cink,"14' 9""",58.833,4,-1
10,Sergio Garcia,"14' 9""",103.167,7,-3
12,Rod Pampling,"14' 10""",59.333,4,E
13,Zach Johnson,"14' 11""",134.417,9,+1
14,Retief Goosen,"16' 2""",177.417,11,-3
15,Andre Stolz,"16' 10""",168.333,10,-1
16,Fred Funk,"16' 11""",135.167,8,+1
16,Mike Weir,"16' 11""",135.333,8,-2
18,Jonathan Kaye,"17' 3""",120.500,7,-1
19,Craig Parry,"17' 5""",122.000,7,E
20,Todd Hamilton,"17' 11""",107.583,6,-2
21,Brent Geiberger,"18' 7""",204.667,11,-2
22,Ryan Palmer,"18' 11""",169.917,9,-2
23,Bart Bryant,"19' 0""",208.667,11,-4
24,Tiger Woods,"19' 10""",158.833,8,-2
25,Vaughn Taylor,"19' 11""",259.083,13,-1
26,Carlos Franco,"20' 9""",82.833,4,-1
27,Vijay Singh,"21' 1""",105.417,5,-1
28,Steve Flesch,"21' 8""",129.750,6,+2
29,Jonathan Byrd,"22' 5""",179.000,8,-2
30,Stephen Ames,"23' 1""",208.000,9,-2
31,Adam Scott,"23' 9""",71.333,3,-2
