rank,player,Avg,Total Distance (feet),# of Attempts,Relative to par
1,Brent Geiberger,"27' 7""",27.583,1,E
2,Tiger Woods,"40' 3""",80.500,2,-1
3,Craig Parry,"57' 1""",171.250,3,-1
4,Ernie Els,"60' 0""",119.917,2,-1
5,Vaughn Taylor,"60' 7""",181.750,3,-2
6,Stephen Ames,"61' 7""",184.833,3,-2
7,John Daly,"61' 10""",185.583,3,-1
8,Stewart Cink,"62' 10""",188.417,3,-1
9,Retief Goosen,"65' 0""",195.083,3,-3
10,Sergio Garcia,"69' 11""",69.917,1,E
11,Jonathan Kaye,"72' 8""",218.083,3,-4
12,Mark Hensby,"73' 6""",147.000,2,-1
13,Bart Bryant,"73' 10""",147.667,2,-1
14,Steve Flesch,"74' 9""",224.333,3,-1
15,Mike Weir,"83' 6""",167.000,2,E
16,Jonathan Byrd,"90' 0""",269.917,3,-1
17,Carlos Franco,"90' 3""",361.083,4,-2
18,Ryan Palmer,"93' 0""",278.917,3,-2
19,Zach Johnson,"93' 2""",279.500,3,-2
20,Rod Pampling,"93' 7""",280.750,3,-1
21,Stuart Appleby,"95' 10""",191.667,2,E
22,Woody Austin,"98' 1""",392.417,4,-3
23,Vijay Singh,"102' 9""",308.250,3,-1
24,Chad Campbell,"104' 0""",624.167,6,-2
25,Adam Scott,"105' 3""",210.500,2,E
26,David Toms,"110' 9""",443.083,4,-2
27,Todd Hamilton,"110' 10""",443.333,4,E
28,Fred Funk,"117' 3""",351.833,3,E
29,Heath Slocum,"123' 6""",494.083,4,E
30,Joey Sindelar,"127' 4""",127.333,1,-1
