rank,player,Avg,Total Distance (feet),# of Attempts,Relative to par
1,Heath Slocum,"3' 11""",3.917,1,-1
2,Andre Stolz,"5' 9""",5.750,1,-1
3,Jonathan Kaye,"6' 2""",31.000,5,-5
4,Rod Pampling,"6' 9""",20.250,3,-1
5,Woody Austin,"6' 11""",20.750,3,-2
6,Sergio Garcia,"7' 10""",39.000,5,-2
7,Adam Scott,"9' 10""",49.000,5,-2
8,Brent Geiberger,"9' 11""",59.417,6,-3
9,Tiger Woods,"10' 3""",40.917,4,-3
10,Stuart Appleby,"10' 5""",72.667,7,-3
11,Jonathan Byrd,"10' 8""",53.250,5,-2
12,Vaughn Taylor,"11' 7""",34.833,3,-1
13,Mike Weir,"11' 10""",47.333,4,-1
14,Stephen Ames,"12' 10""",76.750,6,-1
15,John Daly,"13' 7""",67.917,5,-2
16,Vijay Singh,"13' 9""",96.083,7,-3
17,Bart Bryant,"13' 10""",41.500,3,-2
18,Steve Flesch,"14' 3""",56.917,4,E
19,Chad Campbell,"14' 7""",14.583,1,E
19,David Toms,"14' 7""",58.333,4,-1
21,Zach Johnson,"15' 2""",30.250,2,E
22,Fred Funk,"16' 4""",97.833,6,-2
23,Ernie Els,"16' 6""",65.917,4,-2
24,Todd Hamilton,"16' 9""",33.500,2,-1
25,Craig Parry,"18' 0""",90.083,5,E
26,Mark Hensby,"19' 0""",76.000,4,-2
27,Carlos Franco,"19' 3""",57.750,3,E
28,Retief Goosen,"20' 3""",60.667,3,+1
29,Joey Sindelar,"23' 7""",94.167,4,E
30,Stewart Cink,"37' 11""",113.667,3,+1
