rank,player,Avg,Total Distance (feet),# of Attempts,Relative to par
1,John Daly,"19' 7""",98.000,5,-1
2,Tiger Woods,"24' 10""",173.667,7,-2
3,Carlos Franco,"30' 1""",240.750,8,-2
4,Mike Weir,"31' 11""",255.000,8,-2
5,Vijay Singh,"33' 3""",232.833,7,-2
6,Sergio Garcia,"34' 2""",239.250,7,-1
7,Woody Austin,"35' 1""",245.750,7,E
8,Heath Slocum,"35' 9""",285.667,8,E
9,Jonathan Kaye,"36' 4""",254.417,7,-2
10,Ernie Els,"36' 10""",257.750,7,-3
11,Fred Funk,"37' 4""",336.167,9,+2
12,Jonathan Byrd,"37' 10""",416.583,11,-3
13,Joey Sindelar,"39' 4""",393.000,10,+3
14,Rod Pampling,"39' 7""",356.250,9,E
15,Stewart Cink,"41' 1""",328.917,8,-5
16,Mark Hensby,"42' 6""",297.500,7,-1
17,David Toms,"43' 0""",387.000,9,-1
18,Stuart Appleby,"43' 3""",345.917,8,-1
19,Retief Goosen,"44' 1""",264.667,6,E
20,Steve Flesch,"45' 9""",320.333,7,E
21,Ryan Palmer,"45' 10""",366.750,8,-1
22,Brent Geiberger,"45' 11""",367.500,8,+1
23,Chad Campbell,"46' 5""",417.500,9,-1
24,Stephen Ames,"49' 10""",648.167,13,-2
25,Craig Parry,"50' 3""",452.083,9,-2
26,Vaughn Taylor,"51' 2""",255.667,5,+1
27,Adam Scott,"53' 11""",431.000,8,E
28,Andre Stolz,"54' 0""",431.750,8,+3
29,Zach Johnson,"56' 0""",336.083,6,-3
30,Todd Hamilton,"57' 7""",518.167,9,+4
31,Bart Bryant,"67' 8""",609.000,9,+1
