rank,player,Avg,Total Distance (feet),# of Attempts,Relative to par
1,Vijay Singh,"18' 9""",112.500,6,-2
1,Heath Slocum,"18' 9""",93.833,5,E
3,Tiger Woods,"20' 6""",143.500,7,-2
4,Craig Parry,"21' 3""",191.083,9,-2
5,Steve Flesch,"24' 4""",146.167,6,E
6,Stephen Ames,"24' 6""",97.833,4,-1
7,Adam Scott,"26' 8""",213.083,8,-3
8,John Daly,"26' 9""",240.417,9,-4
9,Jonathan Kaye,"26' 10""",214.583,8,E
10,David Toms,"27' 4""",191.167,7,E
11,Stewart Cink,"27' 6""",192.333,7,-2
12,Bart Bryant,"27' 10""",194.833,7,E
13,Retief Goosen,"28' 0""",251.750,9,-3
14,Chad Campbell,"28' 1""",168.333,6,-1
15,Ernie Els,"28' 5""",255.417,9,-1
16,Stuart Appleby,"28' 7""",314.417,11,-3
17,Fred Funk,"30' 4""",242.917,8,+1
18,Rod Pampling,"32' 0""",288.083,9,-2
19,Carlos Franco,"32' 8""",163.417,5,E
19,Todd Hamilton,"32' 8""",359.333,11,-1
21,Zach Johnson,"34' 1""",306.667,9,-1
22,Woody Austin,"36' 1""",252.833,7,+1
23,Mike Weir,"36' 3""",326.167,9,-2
24,Joey Sindelar,"36' 4""",290.917,8,-2
25,Sergio Garcia,"38' 7""",308.583,8,-3
26,Ryan Palmer,"38' 8""",386.583,10,-1
27,Jonathan Byrd,"39' 6""",237.000,6,-3
28,Mark Hensby,"39' 7""",198.083,5,E
29,Vaughn Taylor,"41' 9""",417.333,10,-1
30,Andre Stolz,"49' 1""",343.333,7,-1
31,Brent Geiberger,"56' 0""",336.000,6,+1
