rank,player,Avg,Total Distance (feet),# of Attempts,Relative to par
1,Ryan Palmer,"31' 1""",186.417,6,-3
2,Adam Scott,"36' 1""",180.500,5,-3
3,Retief Goosen,"38' 6""",230.750,6,-4
4,David Toms,"40' 3""",241.250,6,-4
5,Rod Pampling,"41' 5""",207.250,5,-3
6,Vijay Singh,"43' 2""",259.167,6,-3
7,Vaughn Taylor,"44' 4""",265.750,6,-3
8,Fred Funk,"49' 0""",343.000,7,-3
9,Chad Campbell,"49' 8""",99.250,2,E
10,Woody Austin,"50' 3""",150.833,3,E
11,Tiger Woods,"50' 7""",303.583,6,-4
12,Joey Sindelar,"51' 4""",359.083,7,-3
13,Heath Slocum,"52' 3""",313.250,6,-2
14,Brent Geiberger,"52' 9""",158.333,3,-2
15,Sergio Garcia,"55' 0""",385.000,7,-2
16,Stuart Appleby,"56' 2""",280.667,5,-3
17,Stewart Cink,"56' 9""",340.667,6,-3
18,Bart Bryant,"57' 4""",401.167,7,-4
19,Steve Flesch,"57' 7""",230.250,4,-2
20,Craig Parry,"57' 10""",289.167,5,E
21,Andre Stolz,"59' 1""",472.667,8,-3
22,Jonathan Kaye,"59' 6""",357.000,6,-1
23,Carlos Franco,"59' 10""",359.000,6,-1
24,Mark Hensby,"62' 5""",499.250,8,-5
25,Stephen Ames,"65' 2""",195.500,3,E
26,John Daly,"66' 3""",397.583,6,-2
26,Zach Johnson,"66' 3""",397.583,6,-1
28,Jonathan Byrd,"67' 4""",202.083,3,-2
29,Mike Weir,"70' 0""",280.000,4,-1
30,Ernie Els,"78' 11""",315.667,4,-1
31,Todd Hamilton,"83' 1""",415.333,5,E
