rank,player,Avg,Total Distance (feet),# of Attempts,Relative to par
1,Rod Pampling,"8' 11""",8.917,1,E
2,Ernie Els,"15' 5""",15.417,1,-1
3,Sergio Garcia,"16' 4""",81.833,5,E
4,Tiger Woods,"19' 7""",78.250,4,E
5,Andre Stolz,"20' 7""",103.083,5,-1
6,Woody Austin,"21' 1""",84.250,4,-2
7,Craig Parry,"22' 0""",132.083,6,-2
8,Chad Campbell,"23' 8""",118.500,5,-1
8,Adam Scott,"23' 8""",212.667,9,-1
10,Stephen Ames,"24' 1""",120.500,5,+2
11,Zach Johnson,"24' 7""",123.083,5,-1
12,Jonathan Byrd,"24' 11""",74.667,3,+1
13,Fred Funk,"25' 5""",177.917,7,-1
14,Vaughn Taylor,"25' 8""",128.167,5,E
15,Steve Flesch,"25' 10""",154.750,6,E
16,Heath Slocum,"27' 5""",164.500,6,+1
17,Stuart Appleby,"27' 6""",137.500,5,E
18,Carlos Franco,"28' 9""",229.917,8,+1
19,Ryan Palmer,"29' 5""",58.833,2,E
20,Todd Hamilton,"29' 8""",178.000,6,-1
21,David Toms,"30' 3""",90.833,3,-1
22,Vijay Singh,"30' 7""",152.917,5,+1
23,Stewart Cink,"31' 3""",187.667,6,E
24,John Daly,"31' 9""",158.917,5,E
25,Jonathan Kaye,"35' 4""",211.833,6,-2
26,Mike Weir,"35' 5""",212.250,6,+2
27,Joey Sindelar,"35' 8""",142.583,4,-1
28,Retief Goosen,"36' 0""",71.917,2,E
29,Mark Hensby,"39' 3""",235.250,6,+1
30,Brent Geiberger,"42' 3""",126.667,3,E
31,Bart Bryant,"48' 4""",241.583,5,+1
