rank,player,Avg,Total Distance (feet),# of Attempts,Relative to par
1,Todd Hamilton,"19' 4""",116.083,6,E
2,Stewart Cink,"21' 1""",210.500,10,-3
3,Heath Slocum,"21' 3""",106.417,5,+2
4,Steve Flesch,"21' 6""",193.667,9,-2
5,Adam Scott,"22' 6""",202.333,9,-2
6,Carlos Franco,"24' 10""",223.333,9,E
7,Vaughn Taylor,"26' 5""",211.417,8,-3
8,Joey Sindelar,"26' 9""",241.083,9,E
9,Fred Funk,"27' 4""",136.750,5,E
9,Craig Parry,"27' 4""",273.667,10,-3
11,Tiger Woods,"27' 10""",167.083,6,-2
12,Mark Hensby,"28' 8""",286.500,10,+2
13,Ryan Palmer,"28' 11""",202.500,7,+2
14,Stuart Appleby,"29' 1""",174.417,6,E
14,Bart Bryant,"29' 1""",291.083,10,-1
16,Mike Weir,"29' 3""",204.917,7,-1
17,Ernie Els,"29' 5""",323.417,11,-2
18,Zach Johnson,"29' 9""",297.583,10,+1
19,Jonathan Kaye,"29' 11""",239.250,8,-1
20,Stephen Ames,"30' 11""",216.583,7,+2
21,Brent Geiberger,"31' 6""",189.000,6,-2
22,Chad Campbell,"31' 10""",349.917,11,-4
23,Woody Austin,"32' 8""",425.000,13,+2
24,Vijay Singh,"33' 6""",335.250,10,-3
25,Andre Stolz,"36' 1""",288.833,8,E
26,Rod Pampling,"37' 4""",298.417,8,+1
27,David Toms,"37' 5""",262.083,7,+1
28,Jonathan Byrd,"38' 1""",304.750,8,+3
29,Sergio Garcia,"38' 9""",309.667,8,E
30,Retief Goosen,"41' 1""",328.667,8,+3
31,John Daly,"44' 11""",269.583,6,+3
