rank,player,%,Total Drives for 320+,Total Drvs - overall,Relative to par
1,Dustin Johnson,25.00,2,8,-1.00
1,Derek Lamely,25.00,2,8,+0.50
3,Justin Rose,12.50,1,8,E
4,Stuart Appleby,.00,0,8,E
4,Arjun Atwal,.00,0,8,E
4,Cameron Beckman,.00,0,8,E
4,Matt Bettencourt,.00,0,8,E
4,Jason Bohn,.00,0,8,E
4,Jonathan Byrd,.00,0,8,E
4,Tim Clark,.00,0,8,E
4,Ben Crane,.00,0,8,E
4,Jason Day,.00,0,8,E
4,Ernie Els,.00,0,8,E
4,Jim Furyk,.00,0,8,E
4,Robert Garrigus,.00,0,8,E
4,Bill Haas,.00,0,8,E
4,Charley Hoffman,.00,0,8,E
4,Zach Johnson,.00,0,8,E
4,Anthony Kim,.00,0,8,E
4,Matt Kuchar,.00,0,8,E
4,Bill Lunde,.00,0,8,E
4,Hunter Mahan,.00,0,8,E
4,Graeme McDowell,.00,0,8,E
4,Rocco Mediate,.00,0,8,E
4,Francesco Molinari,.00,0,8,E
4,Ryan Palmer,.00,0,8,E
4,Carl Pettersson,.00,0,8,E
4,Ian Poulter,.00,0,8,E
4,Adam Scott,.00,0,8,E
4,Heath Slocum,.00,0,8,E
4,Steve Stricker,.00,0,8,E
4,Bubba Watson,.00,0,8,E
