rank,player,%,Total Drives for 300-320,Total Drives - Overall,Relative to Par
1,Bubba Watson,28.33,17,60,-0.176
2,Robert Garrigus,21.67,13,60,-0.538
2,Graeme McDowell,21.67,13,60,-0.308
4,Jason Day,16.67,10,60,-0.400
5,Charley Hoffman,15.00,9,60,+0.111
5,Dustin Johnson,15.00,9,60,-0.222
5,Matt Kuchar,15.00,9,60,-0.333
8,Cameron Beckman,13.33,8,60,-0.250
8,Ernie Els,13.33,8,60,E
8,Zach Johnson,13.33,8,60,-0.500
8,Bill Lunde,13.33,8,60,E
8,Ian Poulter,13.33,8,60,+0.125
8,Steve Stricker,13.33,8,60,-0.125
14,Arjun Atwal,11.67,7,60,E
14,Matt Bettencourt,11.67,7,60,+0.286
14,Ben Crane,11.67,7,60,E
14,Jim Furyk,11.67,7,60,E
14,Ryan Palmer,11.67,7,60,-0.429
19,Francesco Molinari,10.00,6,60,E
19,Justin Rose,10.00,6,60,E
19,Heath Slocum,10.00,6,60,+0.167
22,Derek Lamely,8.47,5,59,+0.200
23,Tim Clark,8.33,5,60,+0.200
23,Hunter Mahan,8.33,5,60,+0.400
23,Carl Pettersson,8.33,5,60,E
26,Stuart Appleby,6.67,4,60,-0.500
26,Jason Bohn,6.67,4,60,-0.250
26,Bill Haas,6.67,4,60,+0.500
26,Anthony Kim,6.67,4,60,E
26,Adam Scott,6.67,4,60,E
31,Rocco Mediate,3.33,2,60,E
32,Jonathan Byrd,1.67,1,60,E
