rank,player,%,Total Drives for <= 240,Total Drives - Overall,Relative to Par
1,Jim Furyk,21.67,13,60,-0.231
2,Steve Stricker,20.00,12,60,-0.583
3,Francesco Molinari,16.67,10,60,-0.300
4,Ben Crane,15.00,9,60,-0.222
4,Bill Haas,15.00,9,60,E
6,Derek Lamely,13.56,8,59,+0.750
7,Jonathan Byrd,13.33,8,60,-0.500
7,Ian Poulter,13.33,8,60,-0.250
9,Cameron Beckman,11.67,7,60,-0.429
9,Jason Bohn,11.67,7,60,-0.429
9,Zach Johnson,11.67,7,60,E
12,Tim Clark,10.00,6,60,-0.333
12,Ernie Els,10.00,6,60,-0.333
12,Bill Lunde,10.00,6,60,E
15,Arjun Atwal,8.33,5,60,-0.200
15,Jason Day,8.33,5,60,-0.200
15,Charley Hoffman,8.33,5,60,-0.200
15,Carl Pettersson,8.33,5,60,-0.200
15,Adam Scott,8.33,5,60,-0.200
20,Matt Bettencourt,5.00,3,60,E
20,Graeme McDowell,5.00,3,60,-0.333
20,Rocco Mediate,5.00,3,60,E
20,Ryan Palmer,5.00,3,60,E
20,Heath Slocum,5.00,3,60,+0.333
20,Bubba Watson,5.00,3,60,+0.333
26,Stuart Appleby,3.33,2,60,-0.500
26,Anthony Kim,3.33,2,60,-0.500
26,Matt Kuchar,3.33,2,60,-1.000
26,Hunter Mahan,3.33,2,60,E
30,Dustin Johnson,1.67,1,60,E
30,Justin Rose,1.67,1,60,E
32,Robert Garrigus,.00,0,60,E
