rank,player,%,Total Drives for 320+,Total Drives - Overall,Relative to Par
1,Dustin Johnson,38.33,23,60,-0.217
2,Bill Haas,30.00,18,60,-0.222
3,Jonathan Byrd,28.33,17,60,-0.235
4,Robert Garrigus,26.67,16,60,-0.625
4,Bubba Watson,26.67,16,60,-0.438
6,Derek Lamely,25.42,15,59,+0.200
7,Stuart Appleby,25.00,15,60,-0.267
7,Justin Rose,25.00,15,60,-0.200
9,Jason Day,23.33,14,60,-0.214
9,Anthony Kim,23.33,14,60,-0.214
11,Matt Bettencourt,21.67,13,60,-0.077
11,Charley Hoffman,21.67,13,60,-0.231
11,Hunter Mahan,21.67,13,60,-0.231
14,Ryan Palmer,20.00,12,60,E
14,Adam Scott,20.00,12,60,-0.167
16,Arjun Atwal,18.33,11,60,-0.273
16,Carl Pettersson,18.33,11,60,-0.364
18,Jason Bohn,16.67,10,60,-0.100
18,Jim Furyk,16.67,10,60,-0.200
18,Bill Lunde,16.67,10,60,-0.200
21,Ernie Els,15.00,9,60,-0.111
22,Zach Johnson,13.33,8,60,-0.125
22,Matt Kuchar,13.33,8,60,E
22,Ian Poulter,13.33,8,60,-0.500
25,Tim Clark,11.67,7,60,E
25,Graeme McDowell,11.67,7,60,-0.571
25,Heath Slocum,11.67,7,60,-0.286
25,Steve Stricker,11.67,7,60,E
29,Cameron Beckman,10.00,6,60,E
30,Rocco Mediate,8.33,5,60,+0.200
31,Ben Crane,6.67,4,60,E
31,Francesco Molinari,6.67,4,60,-0.500
