rank,player,%,Total Drives for 300-320,Total Drvs - overall,Relative to par
1,Jason Day,50.00,4,8,+3.50
1,Bubba Watson,50.00,4,8,+3.75
3,Robert Garrigus,37.50,3,8,+3.67
3,Dustin Johnson,37.50,3,8,+3.67
5,Justin Rose,25.00,2,8,+4.50
6,Arjun Atwal,12.50,1,8,+3.00
6,Matt Kuchar,12.50,1,8,+4.00
6,Derek Lamely,12.50,1,8,E
6,Graeme McDowell,12.50,1,8,+1.00
6,Ian Poulter,12.50,1,8,+3.00
11,Stuart Appleby,.00,0,8,E
11,Cameron Beckman,.00,0,8,E
11,Matt Bettencourt,.00,0,8,E
11,Jason Bohn,.00,0,8,E
11,Jonathan Byrd,.00,0,8,E
11,Tim Clark,.00,0,8,E
11,Ben Crane,.00,0,8,E
11,Ernie Els,.00,0,8,E
11,Jim Furyk,.00,0,8,E
11,Bill Haas,.00,0,8,E
11,Charley Hoffman,.00,0,8,E
11,Zach Johnson,.00,0,8,E
11,Anthony Kim,.00,0,8,E
11,Bill Lunde,.00,0,8,E
11,Hunter Mahan,.00,0,8,E
11,Rocco Mediate,.00,0,8,E
11,Francesco Molinari,.00,0,8,E
11,Ryan Palmer,.00,0,8,E
11,Carl Pettersson,.00,0,8,E
11,Adam Scott,.00,0,8,E
11,Heath Slocum,.00,0,8,E
11,Steve Stricker,.00,0,8,E
