rank,player,Distance,Tournament,Round,Hole,Course
1,Bubba Watson,397,Hyundai T of C,2,7,656
2,Robert Garrigus,394,Hyundai T of C,2,18,656
3,Derek Lamely,389,Hyundai T of C,1,17,656
4,Jason Day,387,Hyundai T of C,1,17,656
5,Dustin Johnson,383,Hyundai T of C,4,18,656
6,Stuart Appleby,382,Hyundai T of C,2,12,656
7,Hunter Mahan,378,Hyundai T of C,2,7,656
8,Bill Haas,376,Hyundai T of C,4,6,656
9,Graeme McDowell,375,Hyundai T of C,4,6,656
9,Justin Rose,375,Hyundai T of C,2,7,656
9,Adam Scott,375,Hyundai T of C,3,6,656
12,Arjun Atwal,373,Hyundai T of C,4,6,656
13,Anthony Kim,371,Hyundai T of C,4,6,656
14,Charley Hoffman,370,Hyundai T of C,2,6,656
15,Matt Kuchar,368,Hyundai T of C,4,6,656
15,Ryan Palmer,368,Hyundai T of C,1,12,656
17,Jason Bohn,366,Hyundai T of C,1,1,656
18,Matt Bettencourt,362,Hyundai T of C,2,1,656
19,Jim Furyk,361,Hyundai T of C,3,17,656
20,Jonathan Byrd,359,Hyundai T of C,3,17,656
21,Ernie Els,358,Hyundai T of C,2,7,656
21,Carl Pettersson,358,Hyundai T of C,3,17,656
23,Bill Lunde,357,Hyundai T of C,2,1,656
24,Tim Clark,356,Hyundai T of C,2,1,656
24,Zach Johnson,356,Hyundai T of C,2,1,656
26,Ian Poulter,355,Hyundai T of C,2,7,656
27,Cameron Beckman,352,Hyundai T of C,1,1,656
28,Steve Stricker,349,Hyundai T of C,2,1,656
29,Heath Slocum,342,Hyundai T of C,1,7,656
30,Francesco Molinari,335,Hyundai T of C,4,6,656
31,Ben Crane,334,Hyundai T of C,4,18,656
32,Rocco Mediate,333,Hyundai T of C,2,7,656
