rank,player,%,Total Drives for 260-280,Total Drvs - overall,Relative to par
1,Zach Johnson,75.00,6,8,-0.33
2,Jason Bohn,62.50,5,8,-0.40
2,Tim Clark,62.50,5,8,-0.60
2,Jim Furyk,62.50,5,8,-0.20
2,Bill Lunde,62.50,5,8,-0.40
2,Francesco Molinari,62.50,5,8,-0.20
2,Ian Poulter,62.50,5,8,-0.40
2,Adam Scott,62.50,5,8,-0.20
2,Heath Slocum,62.50,5,8,-0.20
2,Steve Stricker,62.50,5,8,-0.20
11,Stuart Appleby,50.00,4,8,+0.25
11,Hunter Mahan,50.00,4,8,-0.50
11,Carl Pettersson,50.00,4,8,-0.25
14,Arjun Atwal,37.50,3,8,E
14,Cameron Beckman,37.50,3,8,E
14,Jonathan Byrd,37.50,3,8,-0.67
14,Ben Crane,37.50,3,8,+0.67
14,Robert Garrigus,37.50,3,8,-0.67
14,Matt Kuchar,37.50,3,8,-1.00
14,Graeme McDowell,37.50,3,8,-0.33
14,Rocco Mediate,37.50,3,8,+0.33
22,Matt Bettencourt,25.00,2,8,-0.50
22,Ernie Els,25.00,2,8,+0.50
22,Bill Haas,25.00,2,8,E
22,Anthony Kim,25.00,2,8,E
22,Derek Lamely,25.00,2,8,-0.50
22,Ryan Palmer,25.00,2,8,E
22,Justin Rose,25.00,2,8,-0.50
29,Jason Day,12.50,1,8,-1.00
29,Bubba Watson,12.50,1,8,+1.00
31,Charley Hoffman,.00,0,8,E
31,Dustin Johnson,.00,0,8,E
