rank,player,All Drives,Total Distance,# of Drives
1,Dustin Johnson,313.4,"18,806",60
2,Bubba Watson,305.8,"18,348",60
3,Robert Garrigus,305.3,"18,320",60
4,Charley Hoffman,292.8,"17,570",60
5,Ryan Palmer,292.5,"17,549",60
6,Justin Rose,292.1,"17,523",60
7,Jason Day,291.3,"17,480",60
8,Anthony Kim,290.6,"17,439",60
9,Hunter Mahan,290.4,"17,421",60
10,Matt Bettencourt,289.8,"17,389",60
11,Derek Lamely,289.3,"17,069",59
11,Graeme McDowell,289.3,"17,355",60
13,Stuart Appleby,289.0,"17,342",60
13,Bill Haas,289.0,"17,337",60
15,Adam Scott,288.2,"17,294",60
16,Matt Kuchar,288.1,"17,288",60
17,Arjun Atwal,286.8,"17,206",60
18,Jonathan Byrd,285.7,"17,144",60
18,Bill Lunde,285.7,"17,145",60
20,Ernie Els,285.0,"17,101",60
21,Carl Pettersson,282.9,"16,975",60
22,Jason Bohn,280.9,"16,851",60
23,Heath Slocum,278.9,"16,736",60
24,Tim Clark,278.3,"16,697",60
25,Ian Poulter,277.3,"16,638",60
26,Cameron Beckman,277.1,"16,627",60
27,Zach Johnson,275.3,"16,519",60
28,Jim Furyk,274.8,"16,490",60
29,Steve Stricker,273.8,"16,430",60
30,Francesco Molinari,272.5,"16,352",60
31,Rocco Mediate,271.0,"16,261",60
32,Ben Crane,270.7,"16,245",60
