rank,player,%,Total Drives for 280-300,Total Drvs - overall,Relative to par
1,Charley Hoffman,100.00,8,8,-0.38
2,Bill Haas,75.00,6,8,-0.83
3,Matt Bettencourt,62.50,5,8,-0.20
3,Ernie Els,62.50,5,8,-0.40
3,Anthony Kim,62.50,5,8,-0.80
3,Ryan Palmer,62.50,5,8,-0.20
7,Arjun Atwal,50.00,4,8,-0.50
7,Hunter Mahan,50.00,4,8,-0.50
7,Graeme McDowell,50.00,4,8,-0.50
7,Carl Pettersson,50.00,4,8,-0.50
11,Stuart Appleby,37.50,3,8,E
11,Jonathan Byrd,37.50,3,8,-0.33
11,Jason Day,37.50,3,8,E
11,Dustin Johnson,37.50,3,8,-0.33
11,Matt Kuchar,37.50,3,8,E
11,Derek Lamely,37.50,3,8,-0.67
11,Bill Lunde,37.50,3,8,+0.33
11,Adam Scott,37.50,3,8,E
19,Cameron Beckman,25.00,2,8,E
19,Jason Bohn,25.00,2,8,-1.00
19,Ben Crane,25.00,2,8,-0.50
19,Jim Furyk,25.00,2,8,E
19,Robert Garrigus,25.00,2,8,-0.50
19,Justin Rose,25.00,2,8,-0.50
19,Bubba Watson,25.00,2,8,-1.00
26,Tim Clark,12.50,1,8,E
26,Francesco Molinari,12.50,1,8,E
26,Ian Poulter,12.50,1,8,-1.00
26,Steve Stricker,12.50,1,8,-1.00
30,Zach Johnson,.00,0,8,E
30,Rocco Mediate,.00,0,8,E
30,Heath Slocum,.00,0,8,E
