rank,player,%,Total Drives for 300+,Total Drvs - overall,Relative to par
1,Dustin Johnson,62.50,5,8,-0.60
2,Jason Day,50.00,4,8,-0.50
2,Bubba Watson,50.00,4,8,-0.25
4,Robert Garrigus,37.50,3,8,-1.00
4,Derek Lamely,37.50,3,8,+0.33
4,Justin Rose,37.50,3,8,+0.33
7,Arjun Atwal,12.50,1,8,-1.00
7,Matt Kuchar,12.50,1,8,-1.00
7,Graeme McDowell,12.50,1,8,-1.00
7,Ian Poulter,12.50,1,8,E
11,Stuart Appleby,.00,0,8,E
11,Cameron Beckman,.00,0,8,E
11,Matt Bettencourt,.00,0,8,E
11,Jason Bohn,.00,0,8,E
11,Jonathan Byrd,.00,0,8,E
11,Tim Clark,.00,0,8,E
11,Ben Crane,.00,0,8,E
11,Ernie Els,.00,0,8,E
11,Jim Furyk,.00,0,8,E
11,Bill Haas,.00,0,8,E
11,Charley Hoffman,.00,0,8,E
11,Zach Johnson,.00,0,8,E
11,Anthony Kim,.00,0,8,E
11,Bill Lunde,.00,0,8,E
11,Hunter Mahan,.00,0,8,E
11,Rocco Mediate,.00,0,8,E
11,Francesco Molinari,.00,0,8,E
11,Ryan Palmer,.00,0,8,E
11,Carl Pettersson,.00,0,8,E
11,Adam Scott,.00,0,8,E
11,Heath Slocum,.00,0,8,E
11,Steve Stricker,.00,0,8,E
