rank,player,Avg,Total Distance,Total Drives
1,Dustin Johnson,307.9,"2,463",8
2,Derek Lamely,296.5,"2,372",8
3,Jason Day,293.4,"2,347",8
4,Bubba Watson,291.0,"2,328",8
5,Charley Hoffman,289.5,"2,316",8
6,Justin Rose,288.3,"2,306",8
7,Graeme McDowell,286.6,"2,293",8
8,Bill Haas,286.1,"2,289",8
9,Robert Garrigus,286.0,"2,288",8
10,Arjun Atwal,284.9,"2,279",8
11,Ryan Palmer,280.5,"2,244",8
12,Hunter Mahan,280.4,"2,243",8
13,Matt Bettencourt,279.8,"2,238",8
14,Matt Kuchar,278.3,"2,226",8
15,Ernie Els,278.1,"2,225",8
16,Carl Pettersson,276.5,"2,212",8
17,Anthony Kim,276.1,"2,209",8
18,Stuart Appleby,275.5,"2,204",8
18,Bill Lunde,275.5,"2,204",8
20,Adam Scott,274.4,"2,195",8
21,Jonathan Byrd,273.4,"2,187",8
22,Ian Poulter,272.6,"2,181",8
23,Jason Bohn,272.3,"2,178",8
24,Tim Clark,269.6,"2,157",8
24,Jim Furyk,269.6,"2,157",8
26,Cameron Beckman,268.3,"2,146",8
27,Steve Stricker,267.8,"2,142",8
28,Zach Johnson,267.3,"2,138",8
29,Francesco Molinari,266.4,"2,131",8
30,Ben Crane,266.3,"2,130",8
31,Heath Slocum,264.8,"2,118",8
32,Rocco Mediate,256.0,"2,048",8
