rank,player,%,Total Drives for 300+,Total Drives - Overall,Relative to Par
1,Bubba Watson,55.00,33,60,-0.303
2,Dustin Johnson,53.33,32,60,-0.219
3,Robert Garrigus,48.33,29,60,-0.586
4,Jason Day,40.00,24,60,-0.292
5,Bill Haas,36.67,22,60,-0.091
5,Charley Hoffman,36.67,22,60,-0.091
7,Justin Rose,35.00,21,60,-0.143
8,Derek Lamely,33.90,20,59,+0.200
9,Matt Bettencourt,33.33,20,60,+0.050
9,Graeme McDowell,33.33,20,60,-0.400
11,Stuart Appleby,31.67,19,60,-0.316
11,Ryan Palmer,31.67,19,60,-0.158
13,Arjun Atwal,30.00,18,60,-0.167
13,Jonathan Byrd,30.00,18,60,-0.222
13,Anthony Kim,30.00,18,60,-0.167
13,Bill Lunde,30.00,18,60,-0.111
13,Hunter Mahan,30.00,18,60,-0.056
18,Ernie Els,28.33,17,60,-0.059
18,Jim Furyk,28.33,17,60,-0.118
18,Matt Kuchar,28.33,17,60,-0.176
21,Zach Johnson,26.67,16,60,-0.313
21,Carl Pettersson,26.67,16,60,-0.250
21,Ian Poulter,26.67,16,60,-0.188
21,Adam Scott,26.67,16,60,-0.125
25,Steve Stricker,25.00,15,60,-0.067
26,Cameron Beckman,23.33,14,60,-0.143
26,Jason Bohn,23.33,14,60,-0.143
28,Heath Slocum,21.67,13,60,-0.077
29,Tim Clark,20.00,12,60,+0.083
30,Ben Crane,18.33,11,60,E
31,Francesco Molinari,16.67,10,60,-0.200
32,Rocco Mediate,11.67,7,60,+0.143
