rank,player,%,Total Drives for 240-260,Total Drives - Overall,Relative to Par
1,Rocco Mediate,40.00,24,60,-0.167
2,Ben Crane,28.33,17,60,-0.059
3,Zach Johnson,26.67,16,60,-0.250
4,Heath Slocum,25.00,15,60,-0.267
5,Cameron Beckman,21.67,13,60,-0.154
6,Jim Furyk,18.33,11,60,-0.545
6,Steve Stricker,18.33,11,60,-0.636
8,Stuart Appleby,16.67,10,60,+0.100
8,Tim Clark,16.67,10,60,-0.300
10,Francesco Molinari,15.00,9,60,-0.222
10,Ian Poulter,15.00,9,60,-0.222
12,Jason Day,13.33,8,60,+0.125
12,Justin Rose,13.33,8,60,-0.125
14,Jason Bohn,11.67,7,60,-0.143
14,Jonathan Byrd,11.67,7,60,-0.286
14,Carl Pettersson,11.67,7,60,E
17,Charley Hoffman,10.00,6,60,-0.333
17,Graeme McDowell,10.00,6,60,-0.333
19,Derek Lamely,8.47,5,59,-0.800
20,Matt Bettencourt,8.33,5,60,+0.200
20,Bill Haas,8.33,5,60,-0.600
20,Matt Kuchar,8.33,5,60,E
20,Hunter Mahan,8.33,5,60,-0.200
24,Arjun Atwal,6.67,4,60,+0.500
24,Anthony Kim,6.67,4,60,+0.750
24,Adam Scott,6.67,4,60,-0.500
27,Ernie Els,5.00,3,60,-0.333
27,Robert Garrigus,5.00,3,60,-0.667
27,Dustin Johnson,5.00,3,60,-0.333
27,Ryan Palmer,5.00,3,60,-0.333
27,Bubba Watson,5.00,3,60,+0.667
32,Bill Lunde,3.33,2,60,+0.500
