rank,player,%,Total Drives for 240-260,Total Drvs - overall,Relative to par
1,Rocco Mediate,62.50,5,8,-0.20
2,Cameron Beckman,37.50,3,8,-0.33
2,Ben Crane,37.50,3,8,-0.33
2,Heath Slocum,37.50,3,8,-0.33
5,Jonathan Byrd,25.00,2,8,-0.50
5,Tim Clark,25.00,2,8,E
5,Zach Johnson,25.00,2,8,E
5,Francesco Molinari,25.00,2,8,E
5,Steve Stricker,25.00,2,8,E
10,Stuart Appleby,12.50,1,8,E
10,Matt Bettencourt,12.50,1,8,+2.00
10,Ernie Els,12.50,1,8,E
10,Jim Furyk,12.50,1,8,-1.00
10,Matt Kuchar,12.50,1,8,+1.00
10,Ryan Palmer,12.50,1,8,E
10,Ian Poulter,12.50,1,8,E
10,Justin Rose,12.50,1,8,-1.00
18,Arjun Atwal,.00,0,8,E
18,Jason Bohn,.00,0,8,E
18,Jason Day,.00,0,8,E
18,Robert Garrigus,.00,0,8,E
18,Bill Haas,.00,0,8,E
18,Charley Hoffman,.00,0,8,E
18,Dustin Johnson,.00,0,8,E
18,Anthony Kim,.00,0,8,E
18,Derek Lamely,.00,0,8,E
18,Bill Lunde,.00,0,8,E
18,Hunter Mahan,.00,0,8,E
18,Graeme McDowell,.00,0,8,E
18,Carl Pettersson,.00,0,8,E
18,Adam Scott,.00,0,8,E
18,Bubba Watson,.00,0,8,E
