rank,player,%,Total Drives for 260-280,Total Drives - Overall,Relative to Par
1,Anthony Kim,36.67,22,60,-0.273
2,Matt Kuchar,35.00,21,60,-0.381
2,Hunter Mahan,35.00,21,60,-0.095
4,Jason Bohn,33.33,20,60,+0.100
4,Bill Lunde,33.33,20,60,-0.350
6,Matt Bettencourt,31.67,19,60,-0.368
7,Arjun Atwal,30.00,18,60,-0.111
7,Ian Poulter,30.00,18,60,-0.444
9,Stuart Appleby,28.33,17,60,+0.059
9,Tim Clark,28.33,17,60,-0.353
9,Ryan Palmer,28.33,17,60,-0.176
9,Adam Scott,28.33,17,60,-0.353
9,Heath Slocum,28.33,17,60,-0.118
14,Jonathan Byrd,26.67,16,60,-0.625
14,Graeme McDowell,26.67,16,60,-0.313
14,Francesco Molinari,26.67,16,60,-0.250
14,Carl Pettersson,26.67,16,60,-0.188
18,Ernie Els,25.00,15,60,-0.067
18,Zach Johnson,25.00,15,60,-0.067
18,Justin Rose,25.00,15,60,-0.133
21,Steve Stricker,23.33,14,60,-0.214
22,Derek Lamely,22.03,13,59,+0.077
23,Cameron Beckman,21.67,13,60,-0.154
23,Rocco Mediate,21.67,13,60,+0.462
25,Jim Furyk,20.00,12,60,-0.167
25,Bill Haas,20.00,12,60,-0.417
27,Robert Garrigus,18.33,11,60,-0.545
28,Ben Crane,16.67,10,60,+0.100
29,Jason Day,13.33,8,60,-0.625
29,Bubba Watson,13.33,8,60,+0.125
31,Charley Hoffman,11.67,7,60,-0.286
32,Dustin Johnson,3.33,2,60,+1.000
