rank,player,Avg RTP
1,Ben Martin,-1.000
1,Cameron Smith,-1.000
1,Jordan Spieth,-1.000
1,Hideto Tanihara,-1.000
5,Justin Thomas,-.667
6,Brian Gay,-.500
6,Scott Piercy,-.500
8,Fabián Gómez,-.250
9,Daniel Berger,E
9,Jon Curran,E
9,Bryson DeChambeau,E
9,Tony Finau,E
9,Branden Grace,E
9,Billy Hurley III,E
9,Satoshi Kodaira,E
9,David Lingmerth,E
9,Bryce Molder,E
9,Trey Mullinax,E
9,Kevin Na,E
9,Henrik Norlander,E
9,Sean O'Hair,E
9,Seamus Power,E
9,Ollie Schniederjans,E
9,Vijay Singh,E
9,Robert Streb,E
9,Brian Stuard,E
9,Daniel Summerhays,E
9,Vaughn Taylor,E
9,Tim Wilkinson,E
9,Y.E. Yang,E
31,Ken Duke,+1.000
31,Andres Gonzales,+1.000
31,James Hahn,+1.000
31,Zach Johnson,+1.000
31,Pat Perez,+1.000
31,Rory Sabbatini,+1.000
37,Miguel Tabuena,+2.000
