rank,player,Avg RTP
1,Michael Thompson,-2.000
2,Zac Blair,-1.000
2,Ryan Brehm,-1.000
2,Andres Gonzales,-1.000
2,Russell Henley,-1.000
2,Mackenzie Hughes,-1.000
2,Michael Kim,-1.000
2,Russell Knox,-1.000
2,Peter Malnati,-1.000
2,Hideki Matsuyama,-1.000
2,William McGirt,-1.000
2,Bryce Molder,-1.000
2,Trey Mullinax,-1.000
2,Henrik Norlander,-1.000
2,Seamus Power,-1.000
2,Robert Streb,-1.000
2,Brian Stuard,-1.000
2,Miguel Tabuena,-1.000
2,Hideto Tanihara,-1.000
2,Tim Wilkinson,-1.000
21,Jason Bohn,-.667
21,Jared Sawada,-.667
23,Kyle Stanley,-.500
23,Vaughn Taylor,-.500
25,Jon Curran,E
25,Brian Gay,E
25,Bill Haas,E
25,James Hahn,E
25,Satoshi Kodaira,E
25,Kelly Kraft,E
25,David Lingmerth,E
25,Chez Reavie,E
25,Rory Sabbatini,E
