rank,player,Avg RTP
1,Jim Herman,-1.000
1,Charles Howell III,-1.000
1,Kelly Kraft,-1.000
1,Marc Leishman,-1.000
1,Ben Martin,-1.000
1,William McGirt,-1.000
1,Cameron Smith,-1.000
1,Jordan Spieth,-1.000
9,John Huh,-.667
9,Justin Thomas,-.667
11,Tony Finau,-.500
11,Brian Gay,-.500
11,Jamie Lovemark,-.500
11,Rod Pampling,-.500
11,Vijay Singh,-.500
16,Scott Piercy,-.400
17,Ryan Brehm,-.333
17,Billy Hurley III,-.333
17,Justin Rose,-.333
20,Fabián Gómez,-.250
20,Seamus Power,-.250
22,Billy Horschel,-.200
23,Daniel Berger,E
23,Jason Bohn,E
23,Stewart Cink,E
23,Jon Curran,E
23,Bryson DeChambeau,E
23,Branden Grace,E
23,Bill Haas,E
23,Russell Henley,E
23,Russell Knox,E
23,Satoshi Kodaira,E
23,David Lingmerth,E
23,Luke List,E
23,Peter Malnati,E
23,Trey Mullinax,E
23,Kevin Na,E
23,Sean O'Hair,E
23,Chez Reavie,E
23,Ollie Schniederjans,E
23,Webb Simpson,E
23,Robert Streb,E
23,Brian Stuard,E
23,Hideto Tanihara,E
23,Vaughn Taylor,E
23,Richy Werenski,E
23,Tim Wilkinson,E
23,Y.E. Yang,E
49,Mackenzie Hughes,+.250
49,Henrik Norlander,+.250
51,Rory Sabbatini,+.333
51,Daniel Summerhays,+.333
53,Gonzalo Fernandez-Castaño,+.500
53,Andres Gonzales,+.500
53,James Hahn,+.500
53,Zach Johnson,+.500
53,Bryce Molder,+.500
53,Pat Perez,+.500
53,Michael Thompson,+.500
60,Ken Duke,+1.000
60,Kevin Kisner,+1.000
60,Hideki Matsuyama,+1.000
60,Shawn Stefani,+1.000
64,Miguel Tabuena,+2.000
