rank,player,Avg RTP
1,Stewart Cink,-1.000
1,Kevin Kisner,-1.000
1,Satoshi Kodaira,-1.000
1,Sean O'Hair,-1.000
5,Brian Harman,-.500
5,David Lingmerth,-.500
5,Jamie Lovemark,-.500
5,Peter Malnati,-.500
5,Y.E. Yang,-.500
10,Justin Rose,-.333
11,Daniel Berger,E
11,Zac Blair,E
11,Ryan Brehm,E
11,Jon Curran,E
11,Ken Duke,E
11,Tony Finau,E
11,James Hahn,E
11,Charles Howell III,E
11,Kelly Kraft,E
11,Marc Leishman,E
11,Kevin Na,E
11,Henrik Norlander,E
11,J.T. Poston,E
11,Seamus Power,E
11,Jared Sawada,E
11,Ollie Schniederjans,E
11,Vijay Singh,E
11,Kyle Stanley,E
11,Robert Streb,E
11,Daniel Summerhays,E
11,Vaughn Taylor,E
11,Justin Thomas,E
11,Richy Werenski,E
34,Ben Martin,+.200
35,Scott Brown,+.500
35,Bryce Molder,+.500
35,Tim Wilkinson,+.500
38,Bryson DeChambeau,+.667
39,Hudson Swafford,+1.000
39,Miguel Tabuena,+1.000
39,Hideto Tanihara,+1.000
