rank,player,Avg RTP
1,Vijay Singh,-1.500
2,Bill Haas,-1.000
2,Charles Howell III,-1.000
2,Zach Johnson,-1.000
2,David Lingmerth,-1.000
2,Hideki Matsuyama,-1.000
2,Henrik Norlander,-1.000
2,Sean O'Hair,-1.000
2,Pat Perez,-1.000
2,Chez Reavie,-1.000
2,Richy Werenski,-1.000
2,Tim Wilkinson,-1.000
2,Gary Woodland,-1.000
2,Y.E. Yang,-1.000
15,Billy Hurley III,-.667
15,Cameron Smith,-.667
15,Hudson Swafford,-.667
18,Jason Bohn,-.500
18,Scott Brown,-.500
18,Ken Duke,-.500
18,Kevin Na,-.500
18,Jordan Spieth,-.500
18,Shawn Stefani,-.500
18,Brian Stuard,-.500
18,Miguel Tabuena,-.500
18,Michael Thompson,-.500
27,Tony Finau,-.333
27,James Hahn,-.333
27,Rod Pampling,-.333
30,Webb Simpson,-.250
31,Daniel Berger,E
31,Zac Blair,E
31,Stewart Cink,E
31,Gonzalo Fernandez-Castaño,E
31,Brian Gay,E
31,Brian Harman,E
31,Billy Horschel,E
31,Michael Kim,E
31,Kevin Kisner,E
31,Kelly Kraft,E
31,Jamie Lovemark,E
31,Peter Malnati,E
31,Trey Mullinax,E
31,Seamus Power,E
31,Robert Streb,E
31,Daniel Summerhays,E
31,Hideto Tanihara,E
48,Ryan Brehm,+.500
49,Mackenzie Hughes,+1.000
49,Ben Martin,+1.000
49,Bryce Molder,+1.000
49,Rory Sabbatini,+1.000
49,Vaughn Taylor,+1.000
