rank,player,Avg RTP
1,Daniel Berger,-1.000
1,Bill Haas,-1.000
1,Russell Henley,-1.000
1,Charles Howell III,-1.000
1,Mackenzie Hughes,-1.000
1,Billy Hurley III,-1.000
1,Zach Johnson,-1.000
1,Chez Reavie,-1.000
1,Ollie Schniederjans,-1.000
1,Robert Streb,-1.000
1,Daniel Summerhays,-1.000
1,Hudson Swafford,-1.000
1,Miguel Tabuena,-1.000
1,Justin Thomas,-1.000
15,Scott Brown,-.667
15,Cameron Smith,-.667
17,Bryson DeChambeau,-.500
17,Branden Grace,-.500
17,Marc Leishman,-.500
17,Vaughn Taylor,-.500
17,Michael Thompson,-.500
22,Brian Harman,-.400
23,Kelly Kraft,-.333
23,Jordan Spieth,-.333
25,Zac Blair,E
25,Jason Bohn,E
25,Brian Gay,E
25,Jim Herman,E
25,Billy Horschel,E
25,Michael Kim,E
25,Russell Knox,E
25,Satoshi Kodaira,E
25,David Lingmerth,E
25,Jamie Lovemark,E
25,Hideki Matsuyama,E
25,William McGirt,E
25,Bryce Molder,E
25,Kevin Na,E
25,Henrik Norlander,E
25,Sean O'Hair,E
25,Scott Piercy,E
25,Justin Rose,E
25,Rory Sabbatini,E
25,Jared Sawada,E
25,Kyle Stanley,E
25,Shawn Stefani,E
25,Richy Werenski,E
48,Ken Duke,+.500
48,Kevin Kisner,+.500
48,Trey Mullinax,+.500
48,Vijay Singh,+.500
52,Gonzalo Fernandez-Castaño,+1.000
52,Andres Gonzales,+1.000
52,Tim Wilkinson,+1.000
