rank,player,Avg RTP
1,Justin Thomas,-2.000
2,Charles Howell III,-1.000
2,William McGirt,-1.000
2,Justin Rose,-1.000
2,Rory Sabbatini,-1.000
2,Jared Sawada,-1.000
2,Miguel Tabuena,-1.000
8,Luke List,-.750
9,Kevin Kisner,-.667
10,Kevin Na,-.600
11,Jim Herman,-.500
11,Billy Horschel,-.500
11,Mackenzie Hughes,-.500
11,Marc Leishman,-.500
11,Jamie Lovemark,-.500
11,J.T. Poston,-.500
11,Chez Reavie,-.500
11,Kyle Stanley,-.500
11,Richy Werenski,-.500
20,Gonzalo Fernandez-Castaño,-.400
21,Zac Blair,-.333
21,James Hahn,-.333
21,John Huh,-.333
24,Bryson DeChambeau,-.250
24,Michael Kim,-.250
24,Satoshi Kodaira,-.250
24,Ben Martin,-.250
28,Seamus Power,-.200
29,Daniel Berger,E
29,Ryan Brehm,E
29,Stewart Cink,E
29,Andres Gonzales,E
29,Branden Grace,E
29,Brian Harman,E
29,Russell Knox,E
29,David Lingmerth,E
29,Hideki Matsuyama,E
29,Trey Mullinax,E
29,Sean O'Hair,E
29,Pat Perez,E
29,Ollie Schniederjans,E
29,Cameron Smith,E
29,Jordan Spieth,E
29,Daniel Summerhays,E
29,Hideto Tanihara,E
29,Tim Wilkinson,E
29,Gary Woodland,E
29,Y.E. Yang,E
49,Vijay Singh,+.167
50,Peter Malnati,+.200
51,Ken Duke,+.250
51,Henrik Norlander,+.250
53,Brian Stuard,+.333
54,Kelly Kraft,+.500
54,Scott Piercy,+.500
54,Michael Thompson,+.500
57,Tony Finau,+.667
58,Jon Curran,+.750
59,Scott Brown,+1.000
59,Fabián Gómez,+1.000
59,Billy Hurley III,+1.000
59,Zach Johnson,+1.000
59,Bryce Molder,+1.000
59,Rod Pampling,+1.000
59,Shawn Stefani,+1.000
66,Bill Haas,+1.500
