rank,player,Avg RTP
1,Michael Thompson,-.500
2,Jason Bohn,-.429
3,Kelly Kraft,-.385
4,Bill Haas,-.375
4,Justin Rose,-.375
6,Kevin Kisner,-.364
6,Vijay Singh,-.364
6,Brian Stuard,-.364
6,Vaughn Taylor,-.364
10,Charles Howell III,-.333
10,Russell Knox,-.333
10,Jamie Lovemark,-.333
10,Seamus Power,-.333
10,Hudson Swafford,-.333
15,Jordan Spieth,-.300
15,Justin Thomas,-.300
15,Richy Werenski,-.300
18,Ollie Schniederjans,-.286
18,Robert Streb,-.286
20,Tony Finau,-.273
20,Brian Harman,-.273
22,Daniel Berger,-.250
22,Jim Herman,-.250
22,Billy Horschel,-.250
22,Chez Reavie,-.250
22,Daniel Summerhays,-.250
27,Luke List,-.222
27,Scott Piercy,-.222
29,Mackenzie Hughes,-.200
29,Satoshi Kodaira,-.200
29,Sean O'Hair,-.200
32,Hideto Tanihara,-.182
33,Cameron Smith,-.167
34,Henrik Norlander,-.154
35,Scott Brown,-.143
35,Zach Johnson,-.143
37,Stewart Cink,-.125
37,Bryson DeChambeau,-.125
37,Tim Wilkinson,-.125
40,Miguel Tabuena,-.111
41,James Hahn,-.100
41,Marc Leishman,-.100
43,Billy Hurley III,-.091
43,Y.E. Yang,-.091
45,Ryan Brehm,-.083
45,Shawn Stefani,-.083
47,Brian Gay,-.071
48,Zac Blair,E
48,Andres Gonzales,E
48,Branden Grace,E
48,Russell Henley,E
48,John Huh,E
48,Michael Kim,E
48,David Lingmerth,E
48,Peter Malnati,E
48,William McGirt,E
48,Bryce Molder,E
48,J.T. Poston,E
48,Rory Sabbatini,E
48,Kyle Stanley,E
61,Jon Curran,+.100
61,Gonzalo Fernandez-Castaño,+.100
61,Rod Pampling,+.100
61,Jared Sawada,+.100
61,Webb Simpson,+.100
66,Ben Martin,+.111
66,Gary Woodland,+.111
68,Ken Duke,+.125
68,Pat Perez,+.125
70,Trey Mullinax,+.143
71,Kevin Na,+.154
72,Hideki Matsuyama,+.333
73,Fabián Gómez,+.375
