rank,player,Avg RTP
1,John Huh,-1.000
1,Michael Kim,-1.000
1,Rory Sabbatini,-1.000
1,Justin Thomas,-1.000
5,Bryson DeChambeau,-.750
6,Webb Simpson,-.667
7,Tony Finau,-.600
8,James Hahn,-.500
8,Hideki Matsuyama,-.500
8,Trey Mullinax,-.500
8,Vaughn Taylor,-.500
8,Gary Woodland,-.500
13,Fabián Gómez,-.333
13,Shawn Stefani,-.333
15,Ryan Brehm,-.250
15,Seamus Power,-.250
15,Y.E. Yang,-.250
18,Zach Johnson,-.200
18,Hideto Tanihara,-.200
18,Tim Wilkinson,-.200
21,Jamie Lovemark,-.167
22,Marc Leishman,-.100
23,Zac Blair,E
23,Jason Bohn,E
23,Scott Brown,E
23,Stewart Cink,E
23,Jon Curran,E
23,Gonzalo Fernandez-Castaño,E
23,Brian Gay,E
23,Branden Grace,E
23,Bill Haas,E
23,Brian Harman,E
23,Jim Herman,E
23,Mackenzie Hughes,E
23,Peter Malnati,E
23,Bryce Molder,E
23,Kevin Na,E
23,Sean O'Hair,E
23,Rod Pampling,E
23,Pat Perez,E
23,J.T. Poston,E
23,Justin Rose,E
23,Jared Sawada,E
23,Ollie Schniederjans,E
23,Kyle Stanley,E
23,Robert Streb,E
23,Hudson Swafford,E
23,Miguel Tabuena,E
23,Richy Werenski,E
50,Satoshi Kodaira,+.167
51,Billy Hurley III,+.200
51,Daniel Summerhays,+.200
53,Russell Henley,+.250
53,Cameron Smith,+.250
53,Brian Stuard,+.250
56,Ken Duke,+.286
56,Scott Piercy,+.286
58,Charles Howell III,+.333
58,David Lingmerth,+.333
60,Andres Gonzales,+.500
60,Russell Knox,+.500
60,Kelly Kraft,+.500
60,Vijay Singh,+.500
60,Michael Thompson,+.500
65,Daniel Berger,+.667
66,Henrik Norlander,+.750
67,Luke List,+1.000
67,Chez Reavie,+1.000
67,Jordan Spieth,+1.000
