rank,player,Avg RTP
1,Luke List,-1.000
1,Hideto Tanihara,-1.000
3,Daniel Berger,-.750
3,Rod Pampling,-.750
3,J.T. Poston,-.750
3,Chez Reavie,-.750
3,Justin Thomas,-.750
8,Russell Henley,-.714
9,Billy Hurley III,-.667
10,James Hahn,-.600
11,Marc Leishman,-.571
12,Bryson DeChambeau,-.500
12,Branden Grace,-.500
12,Bill Haas,-.500
12,Mackenzie Hughes,-.500
12,Ben Martin,-.500
12,Cameron Smith,-.500
12,Kyle Stanley,-.500
12,Shawn Stefani,-.500
12,Brian Stuard,-.500
12,Michael Thompson,-.500
12,Y.E. Yang,-.500
23,Ollie Schniederjans,-.444
23,Jordan Spieth,-.444
25,Ken Duke,-.400
25,Brian Gay,-.400
25,Fabián Gómez,-.400
25,Andres Gonzales,-.400
25,Charles Howell III,-.400
25,Hudson Swafford,-.400
31,Miguel Tabuena,-.375
32,John Huh,-.333
32,Kelly Kraft,-.333
32,Peter Malnati,-.333
32,Webb Simpson,-.333
32,Daniel Summerhays,-.333
32,Gary Woodland,-.333
38,Jamie Lovemark,-.286
38,Robert Streb,-.286
40,Brian Harman,-.250
40,Michael Kim,-.250
40,Kevin Na,-.250
40,Henrik Norlander,-.250
40,Jared Sawada,-.250
45,Jon Curran,-.200
45,Jim Herman,-.200
45,Billy Horschel,-.200
48,Sean O'Hair,-.182
49,Richy Werenski,-.167
50,Rory Sabbatini,-.143
51,Zac Blair,-.125
51,Kevin Kisner,-.125
53,Gonzalo Fernandez-Castaño,-.111
54,Trey Mullinax,-.100
55,Jason Bohn,E
55,Ryan Brehm,E
55,Scott Brown,E
55,Stewart Cink,E
55,Tony Finau,E
55,Zach Johnson,E
55,Russell Knox,E
55,Satoshi Kodaira,E
55,Hideki Matsuyama,E
55,William McGirt,E
55,Bryce Molder,E
55,Pat Perez,E
55,Scott Piercy,E
55,Justin Rose,E
55,Vijay Singh,E
70,Vaughn Taylor,+.400
71,David Lingmerth,+.500
72,Tim Wilkinson,+1.000
