rank,player,Avg RTP
1,Jared Sawada,-2.000
2,Ken Duke,-1.000
2,Russell Henley,-1.000
2,Marc Leishman,-1.000
2,J.T. Poston,-1.000
2,Cameron Smith,-1.000
2,Jordan Spieth,-1.000
2,Robert Streb,-1.000
2,Brian Stuard,-1.000
2,Hideto Tanihara,-1.000
11,Jamie Lovemark,-.667
12,Sean O'Hair,-.500
12,Ollie Schniederjans,-.500
12,Justin Thomas,-.500
15,Jon Curran,-.333
16,Zac Blair,E
16,Jason Bohn,E
16,Ryan Brehm,E
16,Scott Brown,E
16,Tony Finau,E
16,Brian Gay,E
16,Fabián Gómez,E
16,Bill Haas,E
16,Jim Herman,E
16,Billy Horschel,E
16,Kevin Kisner,E
16,Russell Knox,E
16,Peter Malnati,E
16,William McGirt,E
16,Trey Mullinax,E
16,Pat Perez,E
16,Chez Reavie,E
16,Justin Rose,E
16,Webb Simpson,E
16,Vijay Singh,E
16,Miguel Tabuena,E
37,Charles Howell III,+.500
38,Gonzalo Fernandez-Castaño,+1.000
38,Kelly Kraft,+1.000
38,David Lingmerth,+1.000
38,Vaughn Taylor,+1.000
