rank,player,Avg RTP
1,Jon Curran,-1.000
1,Andres Gonzales,-1.000
1,Zach Johnson,-1.000
1,Michael Kim,-1.000
1,Kevin Kisner,-1.000
1,Russell Knox,-1.000
1,Satoshi Kodaira,-1.000
1,Peter Malnati,-1.000
1,Bryce Molder,-1.000
1,Henrik Norlander,-1.000
1,Sean O'Hair,-1.000
1,Justin Rose,-1.000
1,Webb Simpson,-1.000
1,Richy Werenski,-1.000
1,Tim Wilkinson,-1.000
16,Stewart Cink,-.500
16,Ken Duke,-.500
16,John Huh,-.500
16,Hideto Tanihara,-.500
16,Y.E. Yang,-.500
21,Branden Grace,E
21,Bill Haas,E
21,Russell Henley,E
21,Jim Herman,E
21,Billy Horschel,E
21,William McGirt,E
21,Trey Mullinax,E
21,Kevin Na,E
21,J.T. Poston,E
21,Seamus Power,E
21,Chez Reavie,E
21,Daniel Summerhays,E
21,Vaughn Taylor,E
34,Scott Brown,+1.000
34,Michael Thompson,+1.000
