rank,player,Avg RTP
1,Zach Johnson,-.471
2,Branden Grace,-.429
3,Andres Gonzales,-.400
3,Bryce Molder,-.400
5,Gonzalo Fernandez-Castaño,-.385
5,Charles Howell III,-.385
5,Henrik Norlander,-.385
5,Jordan Spieth,-.385
9,David Lingmerth,-.375
10,Jamie Lovemark,-.364
11,Sean O'Hair,-.333
11,Gary Woodland,-.333
13,Shawn Stefani,-.316
14,Brian Harman,-.308
15,Justin Thomas,-.300
16,Marc Leishman,-.286
17,Bryson DeChambeau,-.278
17,Satoshi Kodaira,-.278
17,Rory Sabbatini,-.278
20,Hideki Matsuyama,-.273
20,Cameron Smith,-.273
22,Brian Gay,-.267
22,James Hahn,-.267
24,Kyle Stanley,-.261
25,Zac Blair,-.250
25,Kevin Kisner,-.250
25,Russell Knox,-.250
25,Kelly Kraft,-.250
29,Hudson Swafford,-.238
30,Daniel Berger,-.235
31,Ben Martin,-.222
31,Justin Rose,-.222
33,Richy Werenski,-.214
34,Jim Herman,-.188
35,Webb Simpson,-.176
36,Hideto Tanihara,-.167
37,Scott Piercy,-.158
38,Ollie Schniederjans,-.154
39,Bill Haas,-.150
40,Tony Finau,-.143
41,Robert Streb,-.133
42,Russell Henley,-.118
42,Billy Hurley III,-.118
44,Daniel Summerhays,-.111
45,Ken Duke,-.100
45,Fabián Gómez,-.100
47,Ryan Brehm,-.083
47,Kevin Na,-.083
49,Peter Malnati,-.077
49,Trey Mullinax,-.077
49,Seamus Power,-.077
52,Jared Sawada,-.071
52,Vijay Singh,-.071
52,Y.E. Yang,-.071
55,Michael Thompson,-.067
56,William McGirt,-.059
56,Pat Perez,-.059
58,Scott Brown,-.056
59,Vaughn Taylor,-.053
60,Stewart Cink,E
60,Jon Curran,E
60,Mackenzie Hughes,E
60,John Huh,E
60,Chez Reavie,E
60,Brian Stuard,E
66,Jason Bohn,+.059
67,Luke List,+.063
67,Miguel Tabuena,+.063
69,Tim Wilkinson,+.067
70,Billy Horschel,+.077
71,Michael Kim,+.083
71,Rod Pampling,+.083
73,J.T. Poston,+.188
