rank,player,Avg RTP
1,Justin Thomas,-2.000
2,Charles Howell III,-1.000
2,Justin Rose,-1.000
2,Jared Sawada,-1.000
5,Richy Werenski,-.800
6,Luke List,-.750
6,Sean O'Hair,-.750
8,William McGirt,-.667
8,Pat Perez,-.667
8,Hudson Swafford,-.667
8,Miguel Tabuena,-.667
12,Chez Reavie,-.600
12,Tim Wilkinson,-.600
14,Jason Bohn,-.500
14,Brian Gay,-.500
14,Russell Knox,-.500
14,Marc Leishman,-.500
14,Hideki Matsuyama,-.500
14,Kevin Na,-.500
14,Cameron Smith,-.500
14,Kyle Stanley,-.500
14,Y.E. Yang,-.500
23,Kevin Kisner,-.429
24,Jim Herman,-.400
24,John Huh,-.400
24,Satoshi Kodaira,-.400
24,J.T. Poston,-.400
24,Webb Simpson,-.400
29,Jordan Spieth,-.375
30,Gonzalo Fernandez-Castaño,-.333
30,James Hahn,-.333
30,David Lingmerth,-.333
30,Jamie Lovemark,-.333
30,Gary Woodland,-.333
35,Michael Kim,-.286
36,Zac Blair,-.250
36,Bryson DeChambeau,-.250
36,Billy Horschel,-.250
36,Vijay Singh,-.250
40,Stewart Cink,-.200
40,Andres Gonzales,-.200
40,Branden Grace,-.200
40,Zach Johnson,-.200
44,Henrik Norlander,-.167
44,Hideto Tanihara,-.167
46,Ken Duke,-.125
46,Seamus Power,-.125
48,Daniel Berger,E
48,Brian Harman,E
48,Russell Henley,E
48,Mackenzie Hughes,E
48,Billy Hurley III,E
48,Peter Malnati,E
48,Ben Martin,E
48,Trey Mullinax,E
48,Rod Pampling,E
48,Rory Sabbatini,E
48,Ollie Schniederjans,E
48,Robert Streb,E
48,Brian Stuard,E
48,Daniel Summerhays,E
48,Michael Thompson,E
63,Tony Finau,+.167
64,Ryan Brehm,+.250
64,Scott Brown,+.250
66,Kelly Kraft,+.333
67,Jon Curran,+.400
67,Shawn Stefani,+.400
69,Bill Haas,+.500
69,Bryce Molder,+.500
69,Scott Piercy,+.500
69,Vaughn Taylor,+.500
73,Fabián Gómez,+1.000
