rank,player,Avg RTP
1,Brian Gay,-1.500
2,Daniel Berger,-1.000
2,Jon Curran,-1.000
2,Andres Gonzales,-1.000
2,Brian Harman,-1.000
2,Russell Henley,-1.000
2,Charles Howell III,-1.000
2,Mackenzie Hughes,-1.000
2,Billy Hurley III,-1.000
2,Zach Johnson,-1.000
2,Satoshi Kodaira,-1.000
2,David Lingmerth,-1.000
2,Luke List,-1.000
2,Rod Pampling,-1.000
2,Scott Piercy,-1.000
2,Chez Reavie,-1.000
2,Justin Rose,-1.000
2,Webb Simpson,-1.000
2,Kyle Stanley,-1.000
2,Brian Stuard,-1.000
2,Miguel Tabuena,-1.000
2,Vaughn Taylor,-1.000
2,Richy Werenski,-1.000
2,Tim Wilkinson,-1.000
2,Gary Woodland,-1.000
26,Ben Martin,-.500
27,Ryan Brehm,E
27,Scott Brown,E
27,Jim Herman,E
27,Jamie Lovemark,E
27,Peter Malnati,E
27,Cameron Smith,E
27,Robert Streb,E
