rank,player,Avg RTP
1,Miguel Tabuena,-1.000
2,Daniel Berger,-.500
2,Luke List,-.500
4,Russell Knox,-.333
4,Kevin Na,-.333
4,Seamus Power,-.333
7,Kevin Kisner,-.286
8,John Huh,-.250
8,Jamie Lovemark,-.250
10,Ryan Brehm,-.200
10,Branden Grace,-.200
10,Ollie Schniederjans,-.200
10,Michael Thompson,-.200
14,Zac Blair,-.167
14,Andres Gonzales,-.167
14,Peter Malnati,-.167
14,Justin Rose,-.167
18,Robert Streb,-.143
19,Stewart Cink,-.125
19,Billy Horschel,-.125
21,Ken Duke,E
21,Fabián Gómez,E
21,James Hahn,E
21,Brian Harman,E
21,Billy Hurley III,E
21,Zach Johnson,E
21,David Lingmerth,E
21,Ben Martin,E
21,Hideki Matsuyama,E
21,William McGirt,E
21,Rod Pampling,E
21,J.T. Poston,E
21,Chez Reavie,E
21,Rory Sabbatini,E
21,Webb Simpson,E
21,Vijay Singh,E
21,Jordan Spieth,E
21,Shawn Stefani,E
21,Hudson Swafford,E
21,Hideto Tanihara,E
21,Vaughn Taylor,E
21,Justin Thomas,E
21,Tim Wilkinson,E
21,Gary Woodland,E
21,Y.E. Yang,E
46,Michael Kim,+.125
47,Brian Gay,+.143
47,Cameron Smith,+.143
49,Scott Brown,+.167
50,Jason Bohn,+.250
50,Gonzalo Fernandez-Castaño,+.250
50,Bill Haas,+.250
50,Mackenzie Hughes,+.250
50,Kelly Kraft,+.250
50,Marc Leishman,+.250
50,Daniel Summerhays,+.250
57,Jon Curran,+.333
57,Bryson DeChambeau,+.333
57,Charles Howell III,+.333
57,Satoshi Kodaira,+.333
57,Kyle Stanley,+.333
62,Pat Perez,+.364
63,Richy Werenski,+.375
64,Bryce Molder,+.429
65,Sean O'Hair,+.500
65,Jared Sawada,+.500
65,Brian Stuard,+.500
68,Scott Piercy,+.600
69,Russell Henley,+1.000
69,Henrik Norlander,+1.000
71,Trey Mullinax,+1.333
