rank,player,Avg RTP
1,Rory Sabbatini,-.429
2,Justin Rose,-.400
3,Michael Kim,-.375
3,David Lingmerth,-.375
5,Mackenzie Hughes,-.333
5,John Huh,-.333
5,Jamie Lovemark,-.333
5,Peter Malnati,-.333
5,Hideki Matsuyama,-.333
10,Michael Thompson,-.286
11,Bill Haas,-.250
11,Shawn Stefani,-.250
13,Russell Henley,-.200
13,Henrik Norlander,-.200
13,Vaughn Taylor,-.200
16,Jim Herman,-.167
16,Zach Johnson,-.167
16,Scott Piercy,-.167
16,Ollie Schniederjans,-.167
16,Brian Stuard,-.167
16,Tim Wilkinson,-.167
22,Scott Brown,-.143
22,Billy Hurley III,-.143
22,Sean O'Hair,-.143
25,Jon Curran,-.125
26,Ryan Brehm,E
26,Bryson DeChambeau,E
26,Fabián Gómez,E
26,Kevin Kisner,E
26,Satoshi Kodaira,E
26,Kelly Kraft,E
26,Marc Leishman,E
26,Luke List,E
26,Bryce Molder,E
26,Pat Perez,E
26,J.T. Poston,E
26,Seamus Power,E
26,Jared Sawada,E
26,Vijay Singh,E
26,Daniel Summerhays,E
26,Hudson Swafford,E
26,Hideto Tanihara,E
26,Gary Woodland,E
44,Gonzalo Fernandez-Castaño,+.125
44,Brian Gay,+.125
44,William McGirt,+.125
47,Andres Gonzales,+.143
47,Russell Knox,+.143
47,Ben Martin,+.143
50,Jason Bohn,+.167
50,Stewart Cink,+.167
50,Ken Duke,+.167
50,Tony Finau,+.167
50,James Hahn,+.167
50,Kevin Na,+.167
50,Chez Reavie,+.167
50,Cameron Smith,+.167
58,Branden Grace,+.200
58,Charles Howell III,+.200
58,Trey Mullinax,+.200
58,Jordan Spieth,+.200
58,Justin Thomas,+.200
63,Daniel Berger,+.286
64,Rod Pampling,+.333
64,Y.E. Yang,+.333
66,Brian Harman,+.400
66,Billy Horschel,+.400
66,Kyle Stanley,+.400
69,Webb Simpson,+.429
70,Zac Blair,+.500
71,Richy Werenski,+.571
72,Robert Streb,+.600
72,Miguel Tabuena,+.600
