rank,player,Avg RTP
1,Justin Rose,-.500
1,Michael Thompson,-.500
3,Mackenzie Hughes,-.444
3,Michael Kim,-.444
5,Russell Henley,-.429
5,Hideki Matsuyama,-.429
7,David Lingmerth,-.400
8,Peter Malnati,-.375
8,Rory Sabbatini,-.375
8,Brian Stuard,-.375
8,Vaughn Taylor,-.375
8,Tim Wilkinson,-.375
13,John Huh,-.333
13,Henrik Norlander,-.333
15,Zach Johnson,-.286
15,Jamie Lovemark,-.286
15,Scott Piercy,-.286
18,Jon Curran,-.273
19,Billy Hurley III,-.250
19,Jared Sawada,-.250
19,Shawn Stefani,-.250
22,Bill Haas,-.222
23,Andres Gonzales,-.200
23,Luke List,-.200
25,Brian Gay,-.182
26,Seamus Power,-.167
26,Ollie Schniederjans,-.167
26,Hideto Tanihara,-.167
26,Gary Woodland,-.167
30,Jim Herman,-.143
30,Charles Howell III,-.143
30,Sean O'Hair,-.143
33,Ryan Brehm,-.125
33,Scott Brown,-.125
35,Jason Bohn,-.111
35,Fabián Gómez,-.111
35,Bryce Molder,-.111
38,Satoshi Kodaira,-.100
39,Daniel Berger,E
39,Bryson DeChambeau,E
39,Branden Grace,E
39,Kevin Kisner,E
39,Russell Knox,E
39,Kelly Kraft,E
39,Marc Leishman,E
39,Ben Martin,E
39,William McGirt,E
39,Trey Mullinax,E
39,Rod Pampling,E
39,Pat Perez,E
39,J.T. Poston,E
39,Chez Reavie,E
39,Vijay Singh,E
39,Kyle Stanley,E
39,Daniel Summerhays,E
39,Hudson Swafford,E
39,Miguel Tabuena,E
58,Gonzalo Fernandez-Castaño,+.125
58,Robert Streb,+.125
60,James Hahn,+.143
60,Cameron Smith,+.143
62,Stewart Cink,+.167
62,Ken Duke,+.167
62,Tony Finau,+.167
62,Brian Harman,+.167
62,Kevin Na,+.167
67,Jordan Spieth,+.200
67,Justin Thomas,+.200
69,Webb Simpson,+.250
70,Zac Blair,+.333
70,Y.E. Yang,+.333
72,Richy Werenski,+.375
73,Billy Horschel,+.400
