rank,player,Avg RTP
1,Kelly Kraft,-1.000
1,Luke List,-1.000
1,Chez Reavie,-1.000
1,Shawn Stefani,-1.000
1,Hideto Tanihara,-1.000
6,Justin Thomas,-.800
7,Andres Gonzales,-.750
7,Rod Pampling,-.750
9,Gonzalo Fernandez-Castaño,-.667
9,Brian Gay,-.667
9,J.T. Poston,-.667
9,Kyle Stanley,-.667
13,James Hahn,-.600
13,Russell Henley,-.600
15,Daniel Berger,-.500
15,Bryson DeChambeau,-.500
15,Fabián Gómez,-.500
15,Branden Grace,-.500
15,Bill Haas,-.500
15,Jim Herman,-.500
15,Billy Hurley III,-.500
15,Kevin Kisner,-.500
15,Peter Malnati,-.500
15,Ben Martin,-.500
15,Henrik Norlander,-.500
15,Webb Simpson,-.500
15,Y.E. Yang,-.500
28,Charles Howell III,-.400
28,Jordan Spieth,-.400
28,Miguel Tabuena,-.400
31,Zac Blair,-.333
31,Billy Horschel,-.333
31,Mackenzie Hughes,-.333
31,John Huh,-.333
31,Michael Kim,-.333
31,Marc Leishman,-.333
31,Kevin Na,-.333
31,Vijay Singh,-.333
31,Gary Woodland,-.333
40,Trey Mullinax,-.286
41,Hudson Swafford,-.250
42,Sean O'Hair,-.200
42,Rory Sabbatini,-.200
42,Ollie Schniederjans,-.200
42,Cameron Smith,-.200
42,Richy Werenski,-.200
47,Jason Bohn,E
47,Ryan Brehm,E
47,Stewart Cink,E
47,Jon Curran,E
47,Tony Finau,E
47,Brian Harman,E
47,Russell Knox,E
47,Satoshi Kodaira,E
47,Jamie Lovemark,E
47,Hideki Matsuyama,E
47,William McGirt,E
47,Scott Piercy,E
47,Robert Streb,E
47,Brian Stuard,E
47,Daniel Summerhays,E
62,Scott Brown,+.500
62,Jared Sawada,+.500
64,David Lingmerth,+.667
65,Zach Johnson,+1.000
65,Vaughn Taylor,+1.000
