rank,player,Avg RTP
1,Tony Finau,-1.000
1,Jim Herman,-1.000
1,Kelly Kraft,-1.000
1,Marc Leishman,-1.000
1,William McGirt,-1.000
1,Vijay Singh,-1.000
7,John Huh,-.667
8,Ryan Brehm,-.500
8,Billy Hurley III,-.500
8,Scott Piercy,-.500
8,Seamus Power,-.500
8,Justin Rose,-.500
13,Daniel Berger,E
13,Jason Bohn,E
13,Stewart Cink,E
13,Ken Duke,E
13,Andres Gonzales,E
13,Bill Haas,E
13,Russell Henley,E
13,Billy Horschel,E
13,Zach Johnson,E
13,Jamie Lovemark,E
13,Peter Malnati,E
13,Hideki Matsuyama,E
13,Rod Pampling,E
13,Pat Perez,E
13,Chez Reavie,E
13,Rory Sabbatini,E
13,Ollie Schniederjans,E
13,Webb Simpson,E
13,Robert Streb,E
13,Brian Stuard,E
13,Richy Werenski,E
13,Y.E. Yang,E
35,Mackenzie Hughes,+.333
36,Gonzalo Fernandez-Castaño,+.500
36,Michael Thompson,+.500
38,Kevin Kisner,+1.000
38,Bryce Molder,+1.000
38,Henrik Norlander,+1.000
38,Shawn Stefani,+1.000
38,Daniel Summerhays,+1.000
38,Hideto Tanihara,+1.000
