rank,player,Avg RTP
1,Scott Piercy,-.667
2,Michael Kim,-.545
3,Luke List,-.467
4,Kevin Na,-.444
5,Justin Thomas,-.429
6,Zac Blair,-.417
6,Bryce Molder,-.417
8,Russell Knox,-.400
8,Chez Reavie,-.400
8,Webb Simpson,-.400
8,Robert Streb,-.400
12,Peter Malnati,-.375
12,Henrik Norlander,-.375
14,Cameron Smith,-.364
14,Tim Wilkinson,-.364
16,Satoshi Kodaira,-.333
16,Hideki Matsuyama,-.333
16,Pat Perez,-.333
16,Vijay Singh,-.333
20,Trey Mullinax,-.308
20,Gary Woodland,-.308
22,Jon Curran,-.300
22,Billy Hurley III,-.300
24,Mackenzie Hughes,-.286
24,Zach Johnson,-.286
26,Brian Gay,-.273
26,Jordan Spieth,-.273
26,Vaughn Taylor,-.273
29,Russell Henley,-.267
30,Bill Haas,-.250
30,David Lingmerth,-.250
30,Ben Martin,-.250
30,William McGirt,-.250
30,Michael Thompson,-.250
30,Richy Werenski,-.250
36,Rod Pampling,-.231
37,Kevin Kisner,-.222
38,Scott Brown,-.214
39,Ken Duke,-.200
39,Gonzalo Fernandez-Castaño,-.200
39,John Huh,-.200
39,Jared Sawada,-.200
43,Brian Harman,-.182
43,Justin Rose,-.182
43,Brian Stuard,-.182
43,Hudson Swafford,-.182
43,Y.E. Yang,-.182
48,Tony Finau,-.167
49,Daniel Summerhays,-.143
50,Andres Gonzales,-.125
50,Jamie Lovemark,-.125
52,Bryson DeChambeau,-.111
53,Jason Bohn,-.100
53,Stewart Cink,-.100
53,J.T. Poston,-.100
53,Seamus Power,-.100
57,Billy Horschel,-.083
57,Kelly Kraft,-.083
59,Rory Sabbatini,-.077
60,Shawn Stefani,-.071
61,Jim Herman,-.067
61,Hideto Tanihara,-.067
63,Ryan Brehm,E
63,Branden Grace,E
63,Charles Howell III,E
63,Sean O'Hair,E
63,Ollie Schniederjans,E
63,Miguel Tabuena,E
69,James Hahn,+.077
70,Fabián Gómez,+.091
70,Kyle Stanley,+.091
72,Daniel Berger,+.125
72,Marc Leishman,+.125
