rank,player,%,# Birdies,Greens Hit
1,Martin Laird,45.16,28,62
2,Steve Stricker,44.07,26,59
3,Ben Crane,43.86,25,57
4,Rory Sabbatini,42.11,24,57
5,K.J. Choi,39.66,23,58
6,Jonathan Byrd,38.71,24,62
7,Bubba Watson,35.59,21,59
8,Johnson Wagner,35.09,20,57
9,Aaron Baddeley,33.96,18,53
10,Harrison Frazar,33.90,20,59
11,Chris Kirk,33.33,20,60
11,Kevin Na,33.33,18,54
11,Webb Simpson,33.33,21,63
11,Gary Woodland,33.33,19,57
15,Bryce Molder,32.76,19,58
16,Nick Watney,32.20,19,59
17,Scott Stallings,31.67,19,60
18,Sean O'Hair,29.51,18,61
19,D.A. Points,29.03,18,62
20,Keegan Bradley,26.67,16,60
21,Scott Piercy,26.23,16,61
22,Mark Wilson,25.81,16,62
23,David Toms,25.45,14,55
24,Jhonattan Vegas,24.00,12,50
25,Brendan Steele,22.64,12,53
26,Bill Haas,22.22,14,63
27,Michael Bradley,15.00,9,60
