rank,player,Value,Attempts(<= 5'),Tot Made (>=20'),Tot Made (<= 5')
1,Rory Sabbatini,109.43,53,5,53
2,Jonathan Byrd,107.55,53,5,52
3,Scott Piercy,107.14,56,4,56
4,Johnson Wagner,106.00,50,4,49
5,Harrison Frazar,105.45,55,3,55
6,Mark Wilson,105.36,56,3,56
7,Sean O'Hair,105.26,57,3,57
8,Chris Kirk,103.77,53,2,53
9,Webb Simpson,103.70,54,4,52
10,Bill Haas,103.28,61,2,61
11,Nick Watney,101.96,51,1,51
12,Martin Laird,101.92,52,2,51
13,Steve Stricker,101.75,57,3,55
14,K.J. Choi,101.69,59,1,59
15,D.A. Points,101.67,60,2,59
16,Aaron Baddeley,100.00,50,1,49
16,Ben Crane,100.00,58,3,55
16,Bryce Molder,100.00,55,3,52
16,Kevin Na,100.00,53,0,53
16,Bubba Watson,100.00,64,1,63
21,Keegan Bradley,98.33,60,1,58
21,Michael Bradley,98.33,60,2,57
23,Gary Woodland,96.88,64,1,61
24,Jhonattan Vegas,96.77,62,1,59
25,Scott Stallings,96.72,61,1,58
26,Brendan Steele,95.00,60,0,57
27,David Toms,93.65,63,1,58
