rank,player,Avg,GIR Putts,Greens Hit,Birdie Conversion
1,Martin Laird,1.661,103,62,45.16
2,Steve Stricker,1.678,99,59,44.07
3,Jonathan Byrd,1.710,106,62,38.71
4,Ben Crane,1.719,98,57,43.86
4,Rory Sabbatini,1.719,98,57,42.11
6,Harrison Frazar,1.729,102,59,33.90
7,Webb Simpson,1.730,109,63,33.33
8,Johnson Wagner,1.737,99,57,35.09
9,Bryce Molder,1.746,103,59,32.76
10,K.J. Choi,1.759,102,58,39.66
11,Kevin Na,1.764,97,55,33.33
12,Chris Kirk,1.783,107,60,33.33
13,Aaron Baddeley,1.792,95,53,33.96
14,Nick Watney,1.797,106,59,32.20
14,Bubba Watson,1.797,106,59,35.59
16,Sean O'Hair,1.803,110,61,29.51
17,D.A. Points,1.806,112,62,29.03
18,Scott Piercy,1.823,113,62,26.23
19,Mark Wilson,1.839,114,62,25.81
20,Brendan Steele,1.852,100,54,22.64
21,Gary Woodland,1.860,106,57,33.33
22,Keegan Bradley,1.871,116,62,26.67
23,David Toms,1.909,105,55,25.45
24,Michael Bradley,1.917,115,60,15.00
24,Scott Stallings,1.917,115,60,31.67
26,Bill Haas,1.937,122,63,22.22
27,Jhonattan Vegas,1.980,99,50,24.00
