rank,player,Total
1,Nick Watney,10.7
2,Johnson Wagner,12.5
3,Kevin Na,17.8
4,Mark Wilson,18.5
5,Jonathan Byrd,20.4
5,Harrison Frazar,20.4
7,Rory Sabbatini,21.8
8,Steve Stricker,24.5
9,Martin Laird,25.0
10,Webb Simpson,25.2
11,K.J. Choi,26.9
12,Bryce Molder,27.3
13,Scott Piercy,27.7
14,Bubba Watson,28.1
14,Gary Woodland,28.1
16,Chris Kirk,29.1
17,Sean O'Hair,29.4
18,Aaron Baddeley,31.4
19,Michael Bradley,31.5
20,D.A. Points,33.0
21,Ben Crane,34.6
22,Scott Stallings,34.9
23,Bill Haas,35.7
24,Brendan Steele,37.1
25,Keegan Bradley,39.4
26,David Toms,39.6
27,Jhonattan Vegas,47.8
