rank,player,%,Total Birdies,Total Holes
1,Sangmoon Bae,100.00,1,1
2,Michael Thompson,66.67,2,3
3,Ryan Moore,60.00,3,5
3,Webb Simpson,60.00,3,5
5,Ken Duke,50.00,2,4
5,Derek Ernst,50.00,2,4
5,Brian Gay,50.00,2,4
5,Kevin Streelman,50.00,1,2
5,Gary Woodland,50.00,2,4
10,Chris Kirk,40.00,2,5
11,Harris English,33.33,1,3
12,Jimmy Walker,25.00,1,4
13,Dustin Johnson,21.43,3,14
14,Patrick Reed,20.00,1,5
14,Adam Scott,20.00,1,5
16,Jonas Blixt,14.29,1,7
16,Jordan Spieth,14.29,1,7
18,Woody Austin,.00,0,1
18,Scott Brown,.00,0,2
18,Jason Dufner,.00,0,2
18,Russell Henley,.00,0,1
18,Billy Horschel,.00,0,2
18,Zach Johnson,.00,0,3
18,Martin Laird,.00,0,4
18,John Merrick,.00,0,2
18,Brandt Snedeker,.00,0,2
18,Boo Weekley,.00,0,2
