rank,player,%,Total Birdies,Total Holes
1,Jimmy Walker,54.55,12,22
2,Jordan Spieth,52.17,12,23
3,Scott Brown,47.83,11,23
4,Chris Kirk,45.45,10,22
5,Brandt Snedeker,41.67,10,24
5,Michael Thompson,41.67,10,24
7,Dustin Johnson,40.91,9,22
7,Adam Scott,40.91,9,22
9,Billy Horschel,40.00,10,25
9,Patrick Reed,40.00,8,20
9,Gary Woodland,40.00,10,25
12,Woody Austin,38.10,8,21
13,Matt Kuchar,37.04,10,27
14,Ryan Moore,36.36,8,22
15,Jonas Blixt,36.00,9,25
16,Bill Haas,35.00,7,20
17,Ken Duke,34.78,8,23
18,Zach Johnson,33.33,8,24
18,D.A. Points,33.33,7,21
20,Webb Simpson,31.82,7,22
21,Jason Dufner,30.77,8,26
22,Russell Henley,30.00,6,20
23,John Merrick,29.63,8,27
24,Martin Laird,29.17,7,24
25,Harris English,28.57,6,21
26,Sangmoon Bae,26.92,7,26
27,Kevin Streelman,26.09,6,23
28,Derek Ernst,21.05,4,19
29,Brian Gay,20.83,5,24
30,Boo Weekley,16.00,4,25
