rank,player,%,Total Birdies,Total Holes
1,Brian Gay,66.67,4,6
2,Zach Johnson,62.50,5,8
3,Dustin Johnson,50.00,4,8
3,Ryan Moore,50.00,6,12
3,Webb Simpson,50.00,4,8
6,Jason Dufner,42.86,3,7
6,Gary Woodland,42.86,3,7
8,Jonas Blixt,37.50,3,8
8,Billy Horschel,37.50,3,8
8,Chris Kirk,37.50,3,8
8,D.A. Points,37.50,3,8
8,Michael Thompson,37.50,3,8
13,Woody Austin,33.33,3,9
14,Boo Weekley,28.57,2,7
15,Harris English,25.00,2,8
15,Kevin Streelman,25.00,2,8
17,Patrick Reed,22.22,2,9
17,Adam Scott,22.22,2,9
19,Ken Duke,20.00,1,5
20,Russell Henley,18.18,2,11
21,Matt Kuchar,16.67,1,6
21,John Merrick,16.67,1,6
21,Jordan Spieth,16.67,1,6
24,Martin Laird,14.29,1,7
25,Bill Haas,12.50,1,8
25,Brandt Snedeker,12.50,1,8
27,Scott Brown,11.11,1,9
28,Derek Ernst,9.09,1,11
29,Sangmoon Bae,.00,0,8
29,Jimmy Walker,.00,0,10
