rank,player,Avg RTP
1,Ryan Moore,-1.000
2,Jonas Blixt,-.667
3,Brian Gay,-.600
3,Brandt Snedeker,-.600
5,Matt Kuchar,-.500
5,Martin Laird,-.500
5,Jordan Spieth,-.500
5,Michael Thompson,-.500
9,Woody Austin,-.429
9,Billy Horschel,-.429
11,Harris English,-.400
11,Adam Scott,-.400
13,Bill Haas,-.333
14,Gary Woodland,-.286
15,Jason Dufner,-.250
15,Zach Johnson,-.250
15,Jimmy Walker,-.250
15,Boo Weekley,-.250
19,Chris Kirk,-.200
19,Kevin Streelman,-.200
21,John Merrick,-.091
22,Ken Duke,E
22,Derek Ernst,E
22,Dustin Johnson,E
22,Webb Simpson,E
26,Russell Henley,+.167
27,Sangmoon Bae,+.200
28,D.A. Points,+.286
29,Scott Brown,+.333
29,Patrick Reed,+.333
