rank,player,Avg RTP
1,Martin Laird,-.667
2,Brian Gay,-.600
3,Sangmoon Bae,-.500
4,Dustin Johnson,-.429
5,Jordan Spieth,-.333
6,Scott Brown,-.250
6,Patrick Reed,-.250
6,Kevin Streelman,-.250
9,Harris English,-.167
10,Adam Scott,-.125
11,Ken Duke,E
11,Chris Kirk,E
11,D.A. Points,E
11,Brandt Snedeker,E
11,Gary Woodland,E
16,Michael Thompson,+.125
17,Jonas Blixt,+.167
17,Matt Kuchar,+.167
17,Ryan Moore,+.167
20,Woody Austin,+.200
20,Billy Horschel,+.200
22,Webb Simpson,+.250
23,Bill Haas,+.286
24,Jason Dufner,+.333
24,Zach Johnson,+.333
26,John Merrick,+.375
26,Jimmy Walker,+.375
28,Derek Ernst,+.429
29,Russell Henley,+.500
30,Boo Weekley,+.667
