rank,player,Avg RTP
1,Jimmy Walker,-1.500
2,John Merrick,-1.000
2,Webb Simpson,-1.000
2,Jordan Spieth,-1.000
2,Gary Woodland,-1.000
6,Michael Thompson,-.667
7,Ken Duke,-.571
8,Bill Haas,-.500
8,Patrick Reed,-.500
8,Boo Weekley,-.500
11,Jonas Blixt,-.250
11,Ryan Moore,-.250
13,Scott Brown,-.200
13,Brian Gay,-.200
13,Zach Johnson,-.200
16,Woody Austin,-.143
17,Sangmoon Bae,E
17,Russell Henley,E
17,Billy Horschel,E
17,Dustin Johnson,E
17,Chris Kirk,E
17,Matt Kuchar,E
17,Martin Laird,E
17,D.A. Points,E
17,Brandt Snedeker,E
26,Kevin Streelman,+.143
27,Jason Dufner,+.333
28,Derek Ernst,+1.000
