rank,player,Avg RTP
1,Zach Johnson,-.714
2,Brian Gay,-.600
3,Dustin Johnson,-.500
3,Patrick Reed,-.500
5,Jason Dufner,-.429
5,Webb Simpson,-.429
5,Kevin Streelman,-.429
5,Boo Weekley,-.429
5,Gary Woodland,-.429
10,Ryan Moore,-.364
11,Woody Austin,-.333
11,Jonas Blixt,-.333
13,Billy Horschel,-.286
13,Chris Kirk,-.286
13,D.A. Points,-.286
16,Jordan Spieth,-.167
17,Harris English,-.125
17,Michael Thompson,-.125
19,Adam Scott,-.111
20,Ken Duke,E
20,Russell Henley,E
20,Matt Kuchar,E
20,Martin Laird,E
20,John Merrick,E
20,Brandt Snedeker,E
26,Scott Brown,+.125
26,Bill Haas,+.125
28,Jimmy Walker,+.143
29,Derek Ernst,+.273
30,Sangmoon Bae,+.429
