rank,player,Avg RTP
1,Billy Horschel,-.444
2,John Merrick,-.400
2,Kevin Streelman,-.400
4,Matt Kuchar,-.389
5,Zach Johnson,-.375
6,Woody Austin,-.364
7,Boo Weekley,-.300
8,Brandt Snedeker,-.250
9,Ken Duke,-.222
9,Martin Laird,-.222
11,Adam Scott,-.200
12,Jason Dufner,-.167
12,Jimmy Walker,-.167
14,Chris Kirk,-.143
14,Webb Simpson,-.143
16,Derek Ernst,-.100
17,D.A. Points,-.067
18,Jonas Blixt,E
18,Scott Brown,E
18,Harris English,E
18,Brian Gay,E
18,Dustin Johnson,E
18,Ryan Moore,E
18,Patrick Reed,E
18,Jordan Spieth,E
18,Michael Thompson,E
18,Gary Woodland,E
28,Russell Henley,+.125
29,Sangmoon Bae,+.222
30,Bill Haas,+.250
