rank,player,Avg RTP
1,Russell Henley,-.600
2,Sangmoon Bae,-.500
2,Ryan Moore,-.500
4,Brandt Snedeker,-.333
5,Jason Dufner,-.250
5,Adam Scott,-.250
5,Jordan Spieth,-.250
8,Zach Johnson,-.200
8,Webb Simpson,-.200
8,Kevin Streelman,-.200
11,Woody Austin,E
11,Jonas Blixt,E
11,Bill Haas,E
11,Billy Horschel,E
11,Dustin Johnson,E
11,Matt Kuchar,E
11,Martin Laird,E
11,John Merrick,E
11,D.A. Points,E
11,Patrick Reed,E
11,Michael Thompson,E
11,Jimmy Walker,E
11,Boo Weekley,E
24,Ken Duke,+.143
25,Scott Brown,+.200
25,Derek Ernst,+.200
25,Brian Gay,+.200
25,Gary Woodland,+.200
29,Harris English,+.250
30,Chris Kirk,+.286
