rank,player,Avg RTP
1,Jordan Spieth,-.533
2,Brandt Snedeker,-.450
3,Bill Haas,-.389
4,Jonas Blixt,-.368
5,Patrick Reed,-.353
5,Jimmy Walker,-.353
7,Zach Johnson,-.350
7,Ryan Moore,-.350
9,Jason Dufner,-.348
10,Michael Thompson,-.333
11,Adam Scott,-.286
12,Billy Horschel,-.263
12,Gary Woodland,-.263
14,Harris English,-.211
14,Brian Gay,-.211
16,Dustin Johnson,-.200
17,John Merrick,-.182
18,Scott Brown,-.167
19,Chris Kirk,-.158
20,Woody Austin,-.143
21,Matt Kuchar,-.136
22,Ken Duke,-.130
23,Webb Simpson,-.118
24,Boo Weekley,-.053
25,Kevin Streelman,-.050
26,Sangmoon Bae,E
26,Derek Ernst,E
26,Martin Laird,E
29,D.A. Points,+.100
30,Russell Henley,+.105
