rank,player,Avg RTP
1,Ken Duke,-.375
1,Russell Henley,-.375
1,Adam Scott,-.375
4,Scott Brown,-.333
4,Chris Kirk,-.333
6,Harris English,-.222
6,Matt Kuchar,-.222
8,Jordan Spieth,-.200
9,Sangmoon Bae,-.167
10,Woody Austin,-.143
10,Dustin Johnson,-.143
12,Jason Dufner,E
12,Zach Johnson,E
12,Webb Simpson,E
12,Michael Thompson,E
12,Jimmy Walker,E
12,Boo Weekley,E
12,Gary Woodland,E
19,Martin Laird,+.125
20,Jonas Blixt,+.143
21,John Merrick,+.200
22,Brian Gay,+.222
23,D.A. Points,+.250
24,Billy Horschel,+.286
25,Brandt Snedeker,+.300
26,Bill Haas,+.375
27,Derek Ernst,+.400
27,Kevin Streelman,+.400
29,Patrick Reed,+.455
30,Ryan Moore,+.600
