rank,player,Avg RTP
1,Sangmoon Bae,-1.000
1,Brian Gay,-1.000
1,Russell Henley,-1.000
1,Adam Scott,-1.000
1,Kevin Streelman,-1.000
6,Ken Duke,-.667
6,Gary Woodland,-.667
8,Woody Austin,-.500
8,Michael Thompson,-.500
8,Boo Weekley,-.500
11,Jonas Blixt,-.333
11,Webb Simpson,-.333
13,Jason Dufner,E
13,Bill Haas,E
13,Billy Horschel,E
13,Dustin Johnson,E
13,Zach Johnson,E
13,Matt Kuchar,E
13,Martin Laird,E
13,Ryan Moore,E
13,Brandt Snedeker,E
13,Jordan Spieth,E
23,Derek Ernst,+.333
24,Jimmy Walker,+.400
25,Harris English,+.500
25,John Merrick,+.500
27,Patrick Reed,+.667
28,Scott Brown,+1.000
