rank,player,Avg RTP
1,Kevin Streelman,-.462
2,Zach Johnson,-.409
3,Billy Horschel,-.389
4,Webb Simpson,-.353
5,Matt Kuchar,-.320
6,Martin Laird,-.316
7,Jason Dufner,-.300
8,Harris English,-.263
9,Woody Austin,-.250
9,Jimmy Walker,-.250
11,Ken Duke,-.235
12,Patrick Reed,-.227
13,Brian Gay,-.200
14,Boo Weekley,-.190
15,Chris Kirk,-.167
16,Dustin Johnson,-.143
17,Gary Woodland,-.133
18,Bill Haas,-.130
19,Brandt Snedeker,-.125
20,Jordan Spieth,-.118
21,Ryan Moore,-.100
22,Russell Henley,-.095
23,Scott Brown,-.087
24,Adam Scott,-.059
25,Sangmoon Bae,-.053
25,Derek Ernst,-.053
27,D.A. Points,-.050
28,John Merrick,E
28,Michael Thompson,E
30,Jonas Blixt,+.063
