rank,player,%,Total Birdies,Total Holes
1,Brian Gay,57.14,4,7
2,Harris English,44.44,4,9
3,Martin Laird,37.50,3,8
4,Dustin Johnson,36.36,4,11
5,Jordan Spieth,30.00,3,10
6,Sangmoon Bae,25.00,1,4
7,Michael Thompson,22.22,2,9
8,Scott Brown,20.00,1,5
8,Brandt Snedeker,20.00,1,5
8,Kevin Streelman,20.00,1,5
8,Jimmy Walker,20.00,2,10
8,Gary Woodland,20.00,2,10
13,Adam Scott,18.18,2,11
14,Matt Kuchar,16.67,1,6
15,D.A. Points,14.29,1,7
15,Patrick Reed,14.29,1,7
15,Boo Weekley,14.29,1,7
18,Derek Ernst,11.11,1,9
18,John Merrick,11.11,1,9
20,Jonas Blixt,10.00,1,10
21,Woody Austin,.00,0,7
21,Jason Dufner,.00,0,6
21,Ken Duke,.00,0,7
21,Bill Haas,.00,0,10
21,Russell Henley,.00,0,5
21,Billy Horschel,.00,0,6
21,Zach Johnson,.00,0,8
21,Chris Kirk,.00,0,9
21,Ryan Moore,.00,0,7
21,Webb Simpson,.00,0,6
