rank,player,Avg RTP
1,Matt Kuchar,-.333
2,Harris English,-.300
3,Scott Brown,-.286
3,Webb Simpson,-.286
5,Chris Kirk,-.273
6,Russell Henley,-.250
6,Jimmy Walker,-.250
8,Ken Duke,-.222
9,Sangmoon Bae,-.167
9,Gary Woodland,-.167
11,Jordan Spieth,-.143
12,Adam Scott,-.091
13,Woody Austin,E
13,Jason Dufner,E
13,Derek Ernst,E
13,Dustin Johnson,E
13,John Merrick,E
13,Ryan Moore,E
13,Patrick Reed,E
13,Michael Thompson,E
21,Brian Gay,+.083
22,Martin Laird,+.100
23,Billy Horschel,+.250
23,D.A. Points,+.250
25,Zach Johnson,+.286
26,Brandt Snedeker,+.300
27,Boo Weekley,+.333
28,Jonas Blixt,+.364
29,Bill Haas,+.429
30,Kevin Streelman,+.500
