rank,player,Avg RTP
1,Matt Kuchar,-1.000
2,Dustin Johnson,-.667
3,Chris Kirk,-.500
3,Jimmy Walker,-.500
5,Jason Dufner,-.333
5,Ken Duke,-.333
5,Harris English,-.333
8,Russell Henley,-.250
9,Woody Austin,E
9,Sangmoon Bae,E
9,Scott Brown,E
9,Derek Ernst,E
9,Brian Gay,E
9,Patrick Reed,E
9,Webb Simpson,E
9,Brandt Snedeker,E
9,Jordan Spieth,E
9,Kevin Streelman,E
9,Gary Woodland,E
20,Martin Laird,+.200
21,Adam Scott,+.250
21,Michael Thompson,+.250
23,Zach Johnson,+.333
23,D.A. Points,+.333
25,John Merrick,+.500
25,Ryan Moore,+.500
27,Boo Weekley,+.667
28,Jonas Blixt,+1.000
28,Bill Haas,+1.000
28,Billy Horschel,+1.000
