rank,player,Avg RTP
1,Sangmoon Bae,-1.000
1,Scott Brown,-1.000
1,Chris Kirk,-1.000
1,Patrick Reed,-1.000
1,Webb Simpson,-1.000
1,Gary Woodland,-1.000
7,Matt Kuchar,-.500
7,Jordan Spieth,-.500
9,Dustin Johnson,-.333
9,Adam Scott,-.333
11,Jason Dufner,E
11,Harris English,E
11,Bill Haas,E
11,Zach Johnson,E
11,Martin Laird,E
11,John Merrick,E
11,Jimmy Walker,E
11,Boo Weekley,E
19,Brian Gay,+.250
20,Jonas Blixt,+.500
20,Derek Ernst,+.500
22,Billy Horschel,+1.000
22,Brandt Snedeker,+1.000
22,Kevin Streelman,+1.000
