rank,player,Avg RTP
1,Jason Dufner,-.545
2,Zach Johnson,-.500
2,Patrick Reed,-.500
2,Jordan Spieth,-.500
5,Bill Haas,-.333
6,Scott Brown,-.300
7,Adam Scott,-.286
8,Brandt Snedeker,-.250
9,Jonas Blixt,-.222
9,John Merrick,-.222
11,Kevin Streelman,-.125
11,Gary Woodland,-.125
13,Billy Horschel,-.111
14,Sangmoon Bae,-.100
14,Derek Ernst,-.100
14,Dustin Johnson,-.100
14,Michael Thompson,-.100
14,Jimmy Walker,-.100
19,Harris English,-.091
20,Brian Gay,E
20,Chris Kirk,E
20,Matt Kuchar,E
20,D.A. Points,E
20,Webb Simpson,E
25,Ken Duke,+.111
26,Ryan Moore,+.125
27,Woody Austin,+.143
28,Martin Laird,+.182
29,Russell Henley,+.222
29,Boo Weekley,+.222
