rank,player,%,Total Birdies,Total Holes
1,Sangmoon Bae,50.00,3,6
1,Russell Henley,50.00,4,8
3,Ryan Moore,40.00,2,5
3,Adam Scott,40.00,2,5
5,Kevin Streelman,28.57,2,7
6,Webb Simpson,27.27,3,11
7,Brandt Snedeker,25.00,2,8
8,Jonas Blixt,22.22,2,9
9,Michael Thompson,20.00,1,5
10,Zach Johnson,16.67,1,6
10,Jimmy Walker,16.67,1,6
12,Jason Dufner,14.29,1,7
12,Bill Haas,14.29,1,7
12,Dustin Johnson,14.29,1,7
12,John Merrick,14.29,1,7
16,Scott Brown,12.50,1,8
16,Jordan Spieth,12.50,1,8
16,Gary Woodland,12.50,1,8
19,Chris Kirk,10.00,1,10
20,Billy Horschel,8.33,1,12
21,Brian Gay,7.14,1,14
22,Woody Austin,.00,0,7
22,Ken Duke,.00,0,11
22,Harris English,.00,0,8
22,Derek Ernst,.00,0,6
22,Matt Kuchar,.00,0,4
22,Martin Laird,.00,0,5
22,D.A. Points,.00,0,9
22,Patrick Reed,.00,0,2
22,Boo Weekley,.00,0,4
