rank,player,%,Total Birdies,Total Holes
1,Gary Woodland,40.00,2,5
2,Ken Duke,37.50,3,8
2,Russell Henley,37.50,3,8
2,Adam Scott,37.50,3,8
5,Sangmoon Bae,33.33,2,6
5,Scott Brown,33.33,2,6
5,Chris Kirk,33.33,2,6
5,Boo Weekley,33.33,2,6
9,Jonas Blixt,28.57,2,7
9,Billy Horschel,28.57,2,7
11,Harris English,22.22,2,9
11,Matt Kuchar,22.22,2,9
11,Jimmy Walker,22.22,2,9
14,John Merrick,20.00,1,5
14,Jordan Spieth,20.00,2,10
16,Jason Dufner,16.67,1,6
17,Woody Austin,14.29,1,7
17,Dustin Johnson,14.29,1,7
17,Michael Thompson,14.29,1,7
20,Brandt Snedeker,10.00,1,10
21,Derek Ernst,.00,0,5
21,Brian Gay,.00,0,9
21,Bill Haas,.00,0,8
21,Zach Johnson,.00,0,5
21,Martin Laird,.00,0,8
21,Ryan Moore,.00,0,5
21,D.A. Points,.00,0,8
21,Patrick Reed,.00,0,11
21,Webb Simpson,.00,0,5
21,Kevin Streelman,.00,0,5
