rank,player,Avg RTP
1,Chris Kirk,-.500
1,Kevin Streelman,-.500
3,Russell Henley,-.400
4,Ken Duke,-.375
5,Woody Austin,-.333
5,Brian Gay,-.333
5,Matt Kuchar,-.333
8,Dustin Johnson,-.286
9,Jason Dufner,-.250
9,Webb Simpson,-.250
9,Gary Woodland,-.250
12,Sangmoon Bae,-.200
13,Adam Scott,-.167
14,Jonas Blixt,E
14,Harris English,E
14,Brandt Snedeker,E
14,Jordan Spieth,E
14,Michael Thompson,E
19,Martin Laird,+.143
19,Jimmy Walker,+.143
21,Boo Weekley,+.200
22,Derek Ernst,+.250
22,Zach Johnson,+.250
24,Scott Brown,+.333
24,Ryan Moore,+.333
24,D.A. Points,+.333
27,Patrick Reed,+.444
28,Bill Haas,+.500
29,Billy Horschel,+.667
29,John Merrick,+.667
