rank,player,Avg RTP
1,Ryan Moore,-1.000
1,Michael Thompson,-1.000
3,Brian Gay,-.667
4,Harris English,-.600
5,Woody Austin,-.500
5,Bill Haas,-.500
5,Chris Kirk,-.500
8,Webb Simpson,-.429
9,Ken Duke,-.333
9,Martin Laird,-.333
11,Patrick Reed,-.286
12,Sangmoon Bae,-.250
12,Jason Dufner,-.250
12,Gary Woodland,-.250
15,Dustin Johnson,-.200
16,Derek Ernst,E
16,Billy Horschel,E
16,Zach Johnson,E
16,Matt Kuchar,E
16,John Merrick,E
16,D.A. Points,E
16,Jordan Spieth,E
16,Jimmy Walker,E
16,Boo Weekley,E
25,Jonas Blixt,+.250
25,Adam Scott,+.250
27,Brandt Snedeker,+.333
