rank,player,%,Total Birdies,Total Holes
1,Kevin Streelman,46.43,13,28
2,Billy Horschel,42.86,9,21
3,Ken Duke,38.46,10,26
4,Matt Kuchar,37.93,11,29
5,Webb Simpson,36.00,9,25
6,Woody Austin,35.71,10,28
7,Zach Johnson,34.62,9,26
8,Jason Dufner,32.00,8,25
9,Harris English,26.92,7,26
9,Ryan Moore,26.92,7,26
11,Chris Kirk,26.09,6,23
11,Jimmy Walker,26.09,6,23
13,Sangmoon Bae,25.93,7,27
14,Russell Henley,25.00,7,28
15,Brian Gay,23.81,5,21
16,Scott Brown,22.22,6,27
16,Bill Haas,22.22,6,27
16,D.A. Points,22.22,6,27
19,Martin Laird,21.43,6,28
20,Patrick Reed,21.21,7,33
21,Dustin Johnson,20.83,5,24
21,Adam Scott,20.83,5,24
23,Jonas Blixt,20.00,4,20
24,Gary Woodland,19.05,4,21
25,John Merrick,17.39,4,23
26,Boo Weekley,17.24,5,29
27,Michael Thompson,15.38,4,26
28,Derek Ernst,14.81,4,27
28,Brandt Snedeker,14.81,4,27
30,Jordan Spieth,12.00,3,25
