rank,player,%,Total Birdies,Total Holes
1,Zach Johnson,35.00,21,60
2,Dustin Johnson,34.78,16,46
3,Webb Simpson,33.93,19,56
4,Kevin Streelman,33.87,21,62
5,Ryan Moore,33.33,20,60
5,Patrick Reed,33.33,17,51
7,Woody Austin,32.26,20,62
8,Matt Kuchar,31.67,19,60
9,Billy Horschel,31.58,18,57
10,Brian Gay,30.91,17,55
11,Jason Dufner,30.00,18,60
12,Jordan Spieth,28.57,14,49
13,Harris English,28.07,16,57
14,Martin Laird,27.78,15,54
15,Jimmy Walker,27.45,14,51
16,Michael Thompson,27.42,17,62
17,Brandt Snedeker,26.79,15,56
18,Russell Henley,26.67,16,60
19,Jonas Blixt,25.49,13,51
20,Scott Brown,25.42,15,59
20,D.A. Points,25.42,15,59
22,Chris Kirk,25.00,14,56
22,Gary Woodland,25.00,14,56
24,Bill Haas,24.59,15,61
25,Adam Scott,24.53,13,53
26,Ken Duke,24.14,14,58
27,John Merrick,21.67,13,60
28,Sangmoon Bae,20.69,12,58
29,Boo Weekley,15.25,9,59
30,Derek Ernst,13.33,8,60
