rank,player,Avg RTP
1,Jason Dufner,-.750
1,Zach Johnson,-.750
3,Webb Simpson,-.667
3,Jordan Spieth,-.667
5,Jimmy Walker,-.600
6,Kevin Streelman,-.545
7,Billy Horschel,-.500
8,Martin Laird,-.429
9,Sangmoon Bae,-.333
9,Dustin Johnson,-.333
9,Patrick Reed,-.333
12,Scott Brown,-.286
13,Bill Haas,-.273
14,Brian Gay,-.250
15,Russell Henley,-.231
16,Harris English,-.222
17,Ken Duke,-.200
17,Matt Kuchar,-.200
17,Brandt Snedeker,-.200
17,Gary Woodland,-.200
21,Ryan Moore,-.125
21,Adam Scott,-.125
23,Boo Weekley,-.111
24,Woody Austin,-.091
25,Jonas Blixt,E
25,Derek Ernst,E
25,Chris Kirk,E
25,D.A. Points,E
29,Michael Thompson,+.286
30,John Merrick,+.667
