rank,player,Avg RTP
1,Sangmoon Bae,-1.000
2,Gary Woodland,-.750
3,Michael Thompson,-.667
4,Ryan Moore,-.600
4,Webb Simpson,-.600
6,Brian Gay,-.500
7,Ken Duke,-.250
7,Derek Ernst,-.250
9,Chris Kirk,-.200
9,Patrick Reed,-.200
11,Woody Austin,E
11,Jason Dufner,E
11,Harris English,E
11,Russell Henley,E
11,Billy Horschel,E
11,Martin Laird,E
11,John Merrick,E
11,Adam Scott,E
11,Brandt Snedeker,E
11,Jordan Spieth,E
11,Kevin Streelman,E
11,Jimmy Walker,E
23,Dustin Johnson,+.071
24,Jonas Blixt,+.286
25,Scott Brown,+.500
25,Boo Weekley,+.500
27,Zach Johnson,+.667
