rank,player,Avg RTP
1,Zach Johnson,-.333
2,Patrick Reed,-.314
3,Kevin Streelman,-.290
4,Jordan Spieth,-.286
5,Jason Dufner,-.267
6,Dustin Johnson,-.239
7,Webb Simpson,-.232
7,Brandt Snedeker,-.232
9,Billy Horschel,-.228
10,Ryan Moore,-.217
11,Brian Gay,-.200
12,Martin Laird,-.185
13,Woody Austin,-.177
14,Harris English,-.175
15,Adam Scott,-.170
16,Matt Kuchar,-.167
17,Gary Woodland,-.161
18,Jonas Blixt,-.137
19,Bill Haas,-.131
20,Michael Thompson,-.129
21,Jimmy Walker,-.118
22,Chris Kirk,-.107
23,Ken Duke,-.103
24,Sangmoon Bae,-.069
25,Scott Brown,-.068
25,Boo Weekley,-.068
27,D.A. Points,-.051
28,Russell Henley,-.017
28,John Merrick,-.017
30,Derek Ernst,+.083
