rank,player,Avg RTP
1,Jimmy Walker,-2.000
2,Boo Weekley,-1.000
3,Harris English,-.667
4,Derek Ernst,-.500
4,Brian Gay,-.500
6,Jordan Spieth,-.250
7,Woody Austin,E
7,Scott Brown,E
7,Ken Duke,E
7,Russell Henley,E
7,Billy Horschel,E
7,Martin Laird,E
7,John Merrick,E
7,Adam Scott,E
7,Webb Simpson,E
7,Kevin Streelman,E
7,Michael Thompson,E
7,Gary Woodland,E
19,Dustin Johnson,+.250
19,Chris Kirk,+.250
21,Patrick Reed,+.333
22,Bill Haas,+.500
22,Zach Johnson,+.500
22,D.A. Points,+.500
25,Jonas Blixt,+1.000
25,Ryan Moore,+1.000
