rank,player,%,Greens Hit,# Holes,Relative/Par
1,Rory McIlroy,87.50,63,72,-0.29
1,Ian Poulter,87.50,63,72,-0.25
1,Gary Woodland,87.50,63,72,-0.38
4,Justin Thomas,84.72,61,72,-0.36
5,Jon Rahm,81.94,59,72,-0.31
5,Xander Schauffele,81.94,59,72,-0.46
7,Cameron Champ,80.56,58,72,-0.31
7,Bubba Watson,80.56,58,72,-0.14
9,Marc Leishman,79.17,57,72,-0.39
10,Patton Kizzire,77.78,56,72,-0.29
10,Webb Simpson,77.78,56,72,-0.32
12,Bryson DeChambeau,76.39,55,72,-0.33
12,Dustin Johnson,76.39,55,72,-0.40
12,Andrew Landry,76.39,55,72,-0.27
12,Kevin Tway,76.39,55,72,-0.29
16,Jason Day,75.00,54,72,-0.41
16,Billy Horschel,75.00,54,72,-0.15
16,Patrick Reed,75.00,54,72,-0.24
19,Paul Casey,73.61,53,72,-0.36
19,Charles Howell III,73.61,53,72,-0.30
21,Brice Garnett,72.22,52,72,-0.25
21,Satoshi Kodaira,72.22,52,72,-0.17
21,Brooks Koepka,72.22,52,72,-0.33
21,Troy Merritt,72.22,52,72,-0.27
21,Scott Piercy,72.22,52,72,-0.27
21,"Ted Potter, Jr.",72.22,52,72,-0.25
21,Aaron Wise,72.22,52,72,-0.27
28,Matt Kuchar,70.83,51,72,-0.24
28,Andrew Putnam,70.83,51,72,-0.35
30,Keegan Bradley,69.44,50,72,-0.22
30,Brandt Snedeker,69.44,50,72,-0.22
32,Francesco Molinari,65.28,47,72,-0.28
33,Michael Kim,51.39,37,72,-0.35
