rank,player,Avg,Total Distance (feet),# of Attempts,Relative to par
1,Aaron Baddeley,"2' 8""",2.667,1,-1
2,J.B. Holmes,"3' 8""",7.250,2,-2
3,J.J. Henry,"4' 6""",8.917,2,-1
4,Vijay Singh,"6' 11""",27.667,4,-2
5,John Senden,"7' 0""",21.083,3,-2
6,Stuart Appleby,"9' 9""",48.917,5,E
7,Tim Herron,"9' 10""",19.667,2,E
8,Troy Matteson,"11' 10""",47.333,4,-1
9,Davis Love III,"12' 3""",36.750,3,-2
10,D.J. Trahan,"12' 7""",25.083,2,E
11,Kirk Triplett,"13' 0""",90.833,7,-5
12,Luke Donald,"13' 1""",65.417,5,-2
13,Rod Pampling,"13' 6""",81.083,6,+1
14,Ben Curtis,"13' 8""",109.583,8,-2
15,Jeff Maggert,"14' 8""",73.167,5,-1
16,Corey Pavin,"14' 11""",74.667,5,-2
17,Dean Wilson,"15' 5""",46.333,3,E
18,David Toms,"15' 7""",140.583,9,-2
19,John Rollins,"15' 10""",47.583,3,-1
20,K.J. Choi,"18' 6""",55.583,3,-2
20,Joe Durant,"18' 6""",92.583,5,E
22,Eric Axley,"19' 0""",76.000,4,-2
23,Rory Sabbatini,"19' 8""",118.083,6,-1
24,Stephen Ames,"20' 5""",122.500,6,-3
25,Adam Scott,"21' 9""",43.500,2,-1
26,Geoff Ogilvy,"23' 5""",46.833,2,+1
27,Chad Campbell,"24' 1""",120.250,5,E
28,Will MacKenzie,"24' 9""",74.167,3,-1
29,Jim Furyk,"26' 2""",130.833,5,+1
30,Trevor Immelman,"29' 6""",147.500,5,-3
31,Brett Wetterich,"29' 7""",59.083,2,E
32,Carl Pettersson,"32' 0""",96.000,3,-1
33,Chris Couch,"35' 8""",71.250,2,+1
