rank,player,Avg,Total Distance (feet),# of Attempts,Relative to par
1,Joe Durant,"9' 5""",28.167,3,E
2,Trevor Immelman,"18' 2""",109.083,6,-2
3,Stephen Ames,"21' 6""",86.000,4,-1
4,Kirk Triplett,"23' 1""",92.167,4,-1
5,K.J. Choi,"24' 2""",193.583,8,-1
6,D.J. Trahan,"24' 7""",98.417,4,E
7,Chad Campbell,"26' 11""",161.583,6,E
8,David Toms,"28' 3""",169.417,6,-3
9,Davis Love III,"29' 0""",202.833,7,+1
10,Brett Wetterich,"29' 6""",265.167,9,E
11,Geoff Ogilvy,"30' 0""",90.000,3,+4
12,John Senden,"31' 5""",157.000,5,E
13,John Rollins,"32' 6""",227.750,7,+1
14,Luke Donald,"32' 11""",197.417,6,+2
15,Adam Scott,"33' 7""",235.333,7,+2
16,Eric Axley,"34' 7""",138.250,4,+1
17,Jim Furyk,"34' 10""",104.500,3,E
18,Tim Herron,"35' 9""",285.750,8,+1
19,Chris Couch,"36' 2""",253.167,7,E
20,Stuart Appleby,"36' 7""",256.250,7,-1
21,Corey Pavin,"36' 11""",147.500,4,E
22,Rod Pampling,"37' 4""",336.167,9,+2
23,Dean Wilson,"37' 7""",150.333,4,+1
24,Vijay Singh,"38' 7""",270.333,7,-1
25,Will MacKenzie,"39' 7""",316.333,8,+4
26,Carl Pettersson,"40' 1""",280.333,7,-1
27,Rory Sabbatini,"40' 5""",363.750,9,+1
28,Aaron Baddeley,"42' 8""",341.083,8,+1
29,Ben Curtis,"43' 5""",173.667,4,+1
30,Jeff Maggert,"44' 2""",265.000,6,+2
31,J.B. Holmes,"44' 4""",177.250,4,+1
32,J.J. Henry,"45' 3""",407.417,9,+2
33,Troy Matteson,"46' 5""",325.083,7,E
