rank,player,Avg,Total Distance (feet),# of Attempts,GIR Rank
1,Stephen Ames,"34' 7""","2,454.417",71,Under
2,Jim Furyk,"35' 1""","2,524.333",72,Even
3,David Toms,"36' 1""","2,598.333",72,Under
4,Kirk Triplett,"37' 1""","2,670.333",72,Under
5,Joe Durant,"38' 0""","2,736.667",72,Under
6,J.B. Holmes,"39' 3""","2,823.083",72,Under
6,Corey Pavin,"39' 3""","2,826.583",72,Over
8,Davis Love III,"39' 5""","2,761.417",70,Under
9,Chris Couch,"39' 10""","2,787.333",70,Under
10,Ben Curtis,"41' 0""","2,829.083",69,Over
10,Luke Donald,"41' 0""","2,950.500",72,Under
12,Trevor Immelman,"41' 9""","3,007.583",72,Under
12,Geoff Ogilvy,"41' 9""","3,003.667",72,Over
14,Will MacKenzie,"41' 10""","3,014.667",72,Under
15,Rod Pampling,"42' 2""","2,994.083",71,Under
16,Vijay Singh,"42' 4""","3,048.917",72,Under
16,Brett Wetterich,"42' 4""","3,007.833",71,Even
18,Dean Wilson,"43' 2""","3,105.167",72,Over
19,Aaron Baddeley,"43' 4""","3,077.583",71,Over
19,John Senden,"43' 4""","3,121.417",72,Over
21,D.J. Trahan,"43' 6""","3,045.083",70,Over
22,J.J. Henry,"44' 6""","3,205.250",72,Under
23,Stuart Appleby,"44' 10""","3,228.083",72,Under
24,Jeff Maggert,"45' 1""","3,199.667",71,Over
25,Troy Matteson,"45' 7""","3,236.917",71,Under
26,Chad Campbell,"46' 6""","3,348.417",72,Over
27,Rory Sabbatini,"46' 9""","3,275.167",70,Under
28,John Rollins,"47' 2""","3,396.000",72,Over
29,Eric Axley,"47' 4""","3,359.167",71,Over
29,K.J. Choi,"47' 4""","3,359.250",71,Under
31,Adam Scott,"50' 1""","3,603.083",72,Under
32,Tim Herron,"51' 9""","3,675.333",71,Even
33,Carl Pettersson,"52' 3""","3,761.167",72,Over
