rank,player,Avg,Total Distance (feet),# of Attempts,Relative to par
1,Jeff Maggert,"14' 11""",74.500,5,-2
2,Rory Sabbatini,"15' 8""",62.583,4,E
3,Davis Love III,"16' 3""",65.083,4,-2
4,J.J. Henry,"16' 7""",99.583,6,-2
4,Adam Scott,"16' 7""",66.333,4,-2
6,Stuart Appleby,"16' 11""",50.667,3,E
6,Will MacKenzie,"16' 11""",33.833,2,-1
8,Trevor Immelman,"17' 2""",51.583,3,E
9,Rod Pampling,"17' 9""",53.167,3,E
10,Kirk Triplett,"17' 11""",161.500,9,-1
11,Stephen Ames,"19' 11""",79.750,4,-1
12,K.J. Choi,"20' 0""",100.083,5,E
13,John Rollins,"20' 3""",60.833,3,E
13,Brett Wetterich,"20' 3""",141.583,7,+2
15,Jim Furyk,"21' 0""",147.167,7,-1
16,J.B. Holmes,"22' 3""",178.083,8,-1
17,Corey Pavin,"23' 2""",185.500,8,+1
18,David Toms,"23' 5""",117.167,5,-2
19,Geoff Ogilvy,"23' 8""",142.083,6,E
20,Chad Campbell,"24' 11""",174.250,7,+2
21,Carl Pettersson,"25' 4""",50.583,2,+1
22,Tim Herron,"25' 8""",102.583,4,+1
23,Chris Couch,"25' 9""",205.750,8,E
24,Troy Matteson,"26' 6""",52.917,2,E
25,Aaron Baddeley,"27' 3""",163.333,6,+3
26,John Senden,"27' 7""",220.917,8,+2
27,Luke Donald,"28' 1""",196.667,7,-2
28,Ben Curtis,"29' 0""",115.833,4,E
29,Eric Axley,"29' 6""",117.833,4,-1
30,D.J. Trahan,"30' 0""",90.000,3,+1
31,Dean Wilson,"34' 6""",310.750,9,+2
32,Vijay Singh,"36' 11""",73.833,2,E
33,Joe Durant,"40' 1""",40.083,1,E
