rank,player,Avg,Total Distance (feet),# of Attempts,Relative to par
1,Aaron Baddeley,"13' 9""",54.917,4,-1
2,Will MacKenzie,"22' 1""",22.083,1,+1
3,Davis Love III,"23' 4""",116.833,5,E
4,David Toms,"24' 2""",169.167,7,E
5,Ben Curtis,"25' 11""",284.750,11,E
6,Vijay Singh,"26' 3""",209.667,8,-1
7,J.B. Holmes,"26' 10""",134.333,5,-1
8,Stephen Ames,"29' 2""",175.167,6,E
9,Troy Matteson,"29' 10""",268.250,9,-1
10,Chad Campbell,"30' 0""",239.667,8,E
11,Luke Donald,"31' 4""",219.583,7,+1
12,Jim Furyk,"32' 2""",547.417,17,+3
13,J.J. Henry,"32' 7""",195.417,6,-1
14,Corey Pavin,"32' 9""",229.083,7,+2
15,Eric Axley,"33' 3""",332.167,10,+3
16,John Rollins,"34' 2""",170.750,5,E
17,K.J. Choi,"34' 11""",209.250,6,+1
18,Rod Pampling,"35' 8""",249.833,7,-1
19,Tim Herron,"35' 11""",430.833,12,E
20,Stuart Appleby,"36' 3""",253.583,7,E
21,Trevor Immelman,"37' 3""",335.000,9,E
22,John Senden,"39' 1""",195.500,5,E
23,D.J. Trahan,"39' 5""",315.500,8,+3
24,Geoff Ogilvy,"40' 10""",326.833,8,+2
25,Kirk Triplett,"41' 7""",374.500,9,+3
26,Brett Wetterich,"41' 10""",250.917,6,E
27,Dean Wilson,"42' 0""",293.750,7,+1
28,Jeff Maggert,"43' 0""",386.667,9,+3
29,Chris Couch,"43' 6""",478.167,11,E
30,Joe Durant,"47' 9""",381.833,8,E
31,Adam Scott,"48' 3""",289.500,6,-1
32,Rory Sabbatini,"48' 5""",241.917,5,+2
33,Carl Pettersson,"58' 3""",291.083,5,+3
