rank,player,Avg,Total Strokes,Total Rounds
1,Olin Browne,69.00,69,1
2,Vijay Singh,70.00,70,1
3,Stuart Appleby,71.00,71,1
3,Sergio Garcia,71.00,71,1
3,Carl Pettersson,71.00,71,1
3,David Toms,71.00,71,1
7,Michael Campbell,72.00,72,1
7,Jim Furyk,72.00,72,1
7,Justin Leonard,72.00,72,1
10,Mark Calcavecchia,73.00,73,1
10,Ted Purdy,73.00,73,1
10,"Wes Short, Jr.",73.00,73,1
13,Bart Bryant,74.00,74,1
13,Lucas Glover,74.00,74,1
13,Peter Lonard,74.00,74,1
13,Kenny Perry,74.00,74,1
13,Tim Petrovic,74.00,74,1
13,Heath Slocum,74.00,74,1
13,Vaughn Taylor,74.00,74,1
20,K.J. Choi,75.00,75,1
20,Geoff Ogilvy,75.00,75,1
22,Jason Bohn,76.00,76,1
22,Fred Funk,76.00,76,1
24,Robert Gamez,77.00,77,1
24,Sean O'Hair,77.00,77,1
26,Ben Crane,79.00,79,1
27,Jason Gore,80.00,80,1
28,Brad Faxon,82.00,82,1
