rank,player,%
1,Stuart Appleby,100.00
1,Jason Bohn,100.00
1,Bart Bryant,100.00
1,Michael Campbell,100.00
1,K.J. Choi,100.00
1,Brad Faxon,100.00
1,Fred Funk,100.00
1,Jim Furyk,100.00
1,Robert Gamez,100.00
1,Jason Gore,100.00
1,Justin Leonard,100.00
1,Kenny Perry,100.00
1,Tim Petrovic,100.00
1,Carl Pettersson,100.00
1,Vijay Singh,100.00
1,Heath Slocum,100.00
1,Vaughn Taylor,100.00
1,David Toms,100.00
19,Olin Browne,.00
19,Mark Calcavecchia,.00
19,Ben Crane,.00
19,Sergio Garcia,.00
19,Lucas Glover,.00
19,Peter Lonard,.00
19,Sean O'Hair,.00
19,Geoff Ogilvy,.00
19,Ted Purdy,.00
19,"Wes Short, Jr.",.00
