rank,player,Avg,Total Strokes,Total Rounds
1,Stuart Appleby,70.00,70,1
1,Lucas Glover,70.00,70,1
3,Michael Campbell,71.00,71,1
4,Jim Furyk,72.00,72,1
4,Justin Leonard,72.00,72,1
4,Vaughn Taylor,72.00,72,1
7,Mark Calcavecchia,73.00,73,1
7,Robert Gamez,73.00,73,1
7,Sergio Garcia,73.00,73,1
7,Peter Lonard,73.00,73,1
11,Geoff Ogilvy,74.00,74,1
11,Tim Petrovic,74.00,74,1
11,Vijay Singh,74.00,74,1
14,Brad Faxon,75.00,75,1
14,Carl Pettersson,75.00,75,1
14,"Wes Short, Jr.",75.00,75,1
17,Olin Browne,76.00,76,1
17,Bart Bryant,76.00,76,1
19,K.J. Choi,77.00,77,1
19,Kenny Perry,77.00,77,1
19,Ted Purdy,77.00,77,1
22,Jason Bohn,78.00,78,1
22,Ben Crane,78.00,78,1
22,Fred Funk,78.00,78,1
22,Heath Slocum,78.00,78,1
26,David Toms,79.00,79,1
27,Sean O'Hair,80.00,80,1
28,Jason Gore,81.00,81,1
