rank,player,Avg,Total Strokes,Total Rounds
1,Vijay Singh,66.00,66,1
2,Stuart Appleby,71.00,71,1
2,Vaughn Taylor,71.00,71,1
4,Jim Furyk,72.00,72,1
4,Justin Leonard,72.00,72,1
4,Tim Petrovic,72.00,72,1
7,Bart Bryant,73.00,73,1
8,Brad Faxon,74.00,74,1
8,Lucas Glover,74.00,74,1
8,Kenny Perry,74.00,74,1
8,Carl Pettersson,74.00,74,1
12,Jason Bohn,75.00,75,1
12,Michael Campbell,75.00,75,1
12,Ben Crane,75.00,75,1
12,Robert Gamez,75.00,75,1
12,Sergio Garcia,75.00,75,1
12,Peter Lonard,75.00,75,1
12,David Toms,75.00,75,1
19,K.J. Choi,76.00,76,1
19,Fred Funk,76.00,76,1
19,"Wes Short, Jr.",76.00,76,1
19,Heath Slocum,76.00,76,1
23,Geoff Ogilvy,77.00,77,1
24,Mark Calcavecchia,79.00,79,1
24,Jason Gore,79.00,79,1
26,Olin Browne,80.00,80,1
27,Ted Purdy,81.00,81,1
28,Sean O'Hair,82.00,82,1
