rank,player,Avg,Total Strokes,Total Rounds
1,Jason Bohn,70.00,70,1
2,Stuart Appleby,72.00,72,1
2,Bart Bryant,72.00,72,1
2,Michael Campbell,72.00,72,1
2,Jim Furyk,72.00,72,1
2,Geoff Ogilvy,72.00,72,1
7,Lucas Glover,73.00,73,1
7,"Wes Short, Jr.",73.00,73,1
7,Vaughn Taylor,73.00,73,1
7,David Toms,73.00,73,1
11,Mark Calcavecchia,74.00,74,1
11,K.J. Choi,74.00,74,1
11,Sergio Garcia,74.00,74,1
11,Peter Lonard,74.00,74,1
11,Vijay Singh,74.00,74,1
16,Ted Purdy,75.00,75,1
17,Olin Browne,76.00,76,1
17,Robert Gamez,76.00,76,1
19,Kenny Perry,77.00,77,1
19,Tim Petrovic,77.00,77,1
21,Ben Crane,78.00,78,1
21,Brad Faxon,78.00,78,1
21,Justin Leonard,78.00,78,1
24,Sean O'Hair,79.00,79,1
25,Jason Gore,80.00,80,1
26,Heath Slocum,81.00,81,1
27,Fred Funk,82.00,82,1
28,Carl Pettersson,85.00,85,1
