rank,player,% under then over par,Total under then over Par,Under Par
1,Ludvig Åberg,.00%,0,25
1,Byeong Hun An,.00%,0,21
1,Christiaan Bezuidenhout,.00%,0,16
1,Akshay Bhatia,.00%,0,18
1,Wyndham Clark,.00%,0,24
1,Jason Day,.00%,0,14
1,Nico Echavarria,.00%,0,19
1,Austin Eckroat,.00%,0,24
1,Tony Finau,.00%,0,19
1,Viktor Hovland,.00%,0,20
1,Hideki Matsuyama,.00%,0,33
1,Taylor Pendrith,.00%,0,25
1,Xander Schauffele,.00%,0,21
1,Sahith Theegala,.00%,0,21
15,Collin Morikawa,3.23%,1,31
16,Sungjae Im,3.33%,1,30
17,Sepp Straka,3.85%,1,26
18,Aaron Rai,4.00%,1,25
19,Maverick McNealy,4.17%,1,24
20,Max Greyserman,4.35%,1,23
20,Adam Hadwin,4.35%,1,23
20,Justin Thomas,4.35%,1,23
23,Russell Henley,4.55%,1,22
23,Tom Hoge,4.55%,1,22
25,Will Zalatoris,5.26%,1,19
26,Nick Taylor,5.88%,1,17
26,Kevin Yu,5.88%,1,17
28,Matt McCarty,6.25%,1,16
29,Brice Garnett,6.67%,1,15
29,Denny McCarthy,6.67%,1,15
31,Eric Cole,7.14%,1,14
32,Harry Hall,7.69%,2,26
32,Adam Scott,7.69%,2,26
34,Thomas Detry,8.00%,2,25
35,Robert MacIntyre,8.70%,2,23
36,Si Woo Kim,9.09%,2,22
37,Keegan Bradley,10.00%,2,20
37,Max Homa,10.00%,2,20
37,Davis Thompson,10.00%,2,20
40,Jake Knapp,11.11%,2,18
40,Jhonattan Vegas,11.11%,3,27
42,Sam Burns,11.54%,3,26
42,Cam Davis,11.54%,3,26
44,Billy Horschel,11.76%,2,17
45,Corey Conners,12.00%,3,25
46,Brian Harman,13.33%,2,15
47,Stephan Jaeger,13.64%,3,22
48,Matt Fitzpatrick,15.38%,4,26
48,Cameron Young,15.38%,4,26
50,Chris Gotterup,15.79%,3,19
51,Peter Malnati,17.65%,3,17
52,Rafael Campos,18.75%,3,16
53,J.T. Poston,19.05%,4,21
54,Patrick Cantlay,19.23%,5,26
55,Chris Kirk,20.00%,4,20
56,Nick Dunlap,21.43%,3,14
57,Patton Kizzire,25.00%,4,16
58,Matthieu Pavon,26.67%,4,15
