rank,player,Birdie to Bogey Ratio,Total Birdies and Better,Total Bogeys and Worse
1,Tom Hoge,24.00,24,1
2,Hideki Matsuyama,17.50,35,2
3,Collin Morikawa,16.50,33,2
4,Tony Finau,10.50,21,2
5,Sungjae Im,8.00,32,4
6,Will Zalatoris,7.33,22,3
7,Thomas Detry,7.00,28,4
8,Maverick McNealy,6.75,27,4
9,Max Homa,6.00,24,4
10,Jason Day,5.67,17,3
11,Sam Burns,5.60,28,5
12,Byeong Hun An,5.50,22,4
13,Ludvig Åberg,5.40,27,5
13,Corey Conners,5.40,27,5
15,Max Greyserman,5.20,26,5
15,Robert MacIntyre,5.20,26,5
17,Akshay Bhatia,5.00,20,4
17,Jhonattan Vegas,5.00,30,6
19,Keegan Bradley,4.80,24,5
20,Harry Hall,4.67,28,6
20,Cameron Young,4.67,28,6
22,Wyndham Clark,4.50,27,6
23,Taylor Pendrith,4.33,26,6
23,Justin Thomas,4.33,26,6
25,Nico Echavarria,4.20,21,5
26,Sepp Straka,4.00,28,7
27,Aaron Rai,3.86,27,7
28,Xander Schauffele,3.83,23,6
29,Denny McCarthy,3.80,19,5
30,Cam Davis,3.75,30,8
31,Adam Scott,3.63,29,8
32,Austin Eckroat,3.50,28,8
33,Russell Henley,3.43,24,7
34,Christiaan Bezuidenhout,3.40,17,5
35,Matt Fitzpatrick,3.22,29,9
36,Adam Hadwin,3.13,25,8
37,Viktor Hovland,3.00,21,7
37,Si Woo Kim,3.00,24,8
39,Patrick Cantlay,2.90,29,10
40,Sahith Theegala,2.88,23,8
40,Davis Thompson,2.88,23,8
42,Kevin Yu,2.86,20,7
43,Brice Garnett,2.83,17,6
44,Chris Kirk,2.75,22,8
45,Patton Kizzire,2.71,19,7
46,Stephan Jaeger,2.67,24,9
47,Chris Gotterup,2.63,21,8
48,Billy Horschel,2.57,18,7
49,Eric Cole,2.50,15,6
49,Nick Dunlap,2.50,15,6
51,Matthieu Pavon,2.43,17,7
52,J.T. Poston,2.40,24,10
53,Matt McCarty,2.29,16,7
54,Nick Taylor,2.25,18,8
55,Rafael Campos,1.90,19,10
56,Jake Knapp,1.82,20,11
57,Peter Malnati,1.80,18,10
58,Brian Harman,1.21,17,14
