rank,player,Average Bogeys per round,Total Bogeys,Rounds Played
1,Tom Hoge,0.25,1,4
2,Byeong Hun An,0.50,2,4
2,Tony Finau,0.50,2,4
2,Hideki Matsuyama,0.50,2,4
2,Collin Morikawa,0.50,2,4
6,Akshay Bhatia,0.75,3,4
6,Jason Day,0.75,3,4
6,Thomas Detry,0.75,3,4
6,Max Homa,0.75,3,4
6,Denny McCarthy,0.75,3,4
6,Will Zalatoris,0.75,3,4
12,Nick Dunlap,1.00,4,4
12,Nico Echavarria,1.00,4,4
12,Max Greyserman,1.00,4,4
12,Sungjae Im,1.00,4,4
12,Maverick McNealy,1.00,4,4
12,Justin Thomas,1.00,4,4
18,Ludvig Åberg,1.25,5,4
18,Christiaan Bezuidenhout,1.25,5,4
18,Keegan Bradley,1.25,5,4
18,Sam Burns,1.25,5,4
18,Wyndham Clark,1.25,5,4
18,Corey Conners,1.25,5,4
18,Robert MacIntyre,1.25,5,4
18,Taylor Pendrith,1.25,5,4
18,Xander Schauffele,1.25,5,4
27,Rafael Campos,1.50,6,4
27,Eric Cole,1.50,6,4
27,Brice Garnett,1.50,6,4
27,Harry Hall,1.50,6,4
27,Billy Horschel,1.50,6,4
27,Viktor Hovland,1.50,6,4
27,Chris Kirk,1.50,6,4
27,Matt McCarty,1.50,6,4
27,Jhonattan Vegas,1.50,6,4
27,Cameron Young,1.50,6,4
27,Kevin Yu,1.50,6,4
38,Cam Davis,1.75,7,4
38,Chris Gotterup,1.75,7,4
38,Russell Henley,1.75,7,4
38,Si Woo Kim,1.75,7,4
38,Patton Kizzire,1.75,7,4
38,Jake Knapp,1.75,7,4
38,Matthieu Pavon,1.75,7,4
38,Aaron Rai,1.75,7,4
38,Sepp Straka,1.75,7,4
38,Nick Taylor,1.75,7,4
38,Sahith Theegala,1.75,7,4
38,Davis Thompson,1.75,7,4
50,Austin Eckroat,2.00,8,4
50,Adam Hadwin,2.00,8,4
50,Adam Scott,2.00,8,4
53,Patrick Cantlay,2.25,9,4
53,Matt Fitzpatrick,2.25,9,4
53,Stephan Jaeger,2.25,9,4
53,Peter Malnati,2.25,9,4
57,J.T. Poston,2.50,10,4
58,Brian Harman,3.25,13,4
