rank,player,Avg,Total Distance (feet),# of Attempts,Relative to par
1,Darren Clarke,"12' 7""",87.917,7,-2
2,Craig Stadler,"12' 9""",63.917,5,-2
3,Rory Sabbatini,"13' 2""",39.417,3,-1
4,Scott Hoch,"14' 4""",85.833,6,-1
5,Tommy Armour III,"14' 7""",29.083,2,+1
6,Kirk Triplett,"14' 9""",133.083,9,-1
7,Jim Furyk,"16' 6""",131.667,8,-3
8,Justin Leonard,"16' 8""",150.250,9,-1
9,Tiger Woods,"17' 10""",89.167,5,E
10,Vijay Singh,"18' 0""",54.000,3,-1
11,Shigeki Maruyama,"18' 1""",144.417,8,E
12,Ben Crane,"18' 2""",145.167,8,-2
13,J.L. Lewis,"18' 10""",112.833,6,E
14,Bob Tway,"20' 3""",182.333,9,+2
15,Mike Weir,"20' 5""",163.000,8,-1
16,Adam Scott,"21' 3""",169.917,8,-3
17,Kenny Perry,"21' 10""",131.000,6,+1
18,Chad Campbell,"22' 3""",155.750,7,+1
19,Jonathan Kaye,"23' 1""",92.167,4,-1
20,Ernie Els,"23' 11""",167.333,7,-2
21,Davis Love III,"24' 6""",196.000,8,E
22,Fred Couples,"24' 9""",123.667,5,E
23,Steve Flesch,"24' 10""",99.250,4,E
24,Shaun Micheel,"26' 1""",130.250,5,+1
25,Retief Goosen,"27' 8""",221.250,8,E
26,Frank Lickliter II,"28' 8""",200.833,7,-1
27,Stuart Appleby,"29' 8""",148.500,5,E
28,Ben Curtis,"31' 7""",189.417,6,E
29,Peter Jacobsen,"32' 4""",258.500,8,E
30,John Huston,"33' 9""",236.083,7,+1
