rank,player,Avg,Total Distance (feet),# of Attempts,Relative to par
1,Jonathan Kaye,"43' 3""",43.250,1,-1
2,Tommy Armour III,"44' 6""",44.500,1,E
3,Darren Clarke,"45' 10""",45.833,1,-1
4,Steve Flesch,"72' 4""",72.333,1,E
5,John Huston,"78' 1""",78.083,1,-1
6,Justin Leonard,"98' 6""",98.500,1,+1
7,Mike Weir,"99' 1""",198.167,2,-2
8,Adam Scott,"104' 6""",104.500,1,E
9,Chad Campbell,"105' 11""",211.833,2,E
10,Frank Lickliter II,"107' 1""",214.083,2,E
11,Davis Love III,"108' 0""",108.000,1,E
12,Rory Sabbatini,"112' 9""",338.167,3,E
13,Retief Goosen,"117' 11""",117.917,1,-1
14,J.L. Lewis,"126' 4""",126.333,1,-1
15,Scott Hoch,"128' 3""",128.250,1,-1
16,Ben Crane,"133' 4""",133.333,1,+1
17,Jim Furyk,"133' 10""",267.583,2,E
18,Bob Tway,"147' 10""",295.583,2,E
