rank,player,Avg,Total Distance (feet),# of Attempts,Relative to par
1,Tommy Armour III,"10' 7""",63.417,6,-2
2,Bob Tway,"11' 0""",33.000,3,E
3,Ben Curtis,"11' 7""",81.000,7,+2
4,Adam Scott,"12' 4""",98.500,8,-1
5,Justin Leonard,"12' 7""",88.000,7,-1
6,Kirk Triplett,"13' 0""",142.667,11,-6
7,Davis Love III,"13' 8""",95.417,7,-2
8,Stuart Appleby,"14' 5""",172.917,12,-4
9,Vijay Singh,"15' 1""",150.417,10,-3
10,Mike Weir,"17' 1""",119.750,7,-1
11,Shigeki Maruyama,"17' 6""",140.083,8,-1
12,Kenny Perry,"17' 10""",107.000,6,+3
13,Frank Lickliter II,"18' 8""",111.750,6,-4
14,Rory Sabbatini,"18' 10""",169.500,9,E
15,Retief Goosen,"19' 2""",76.667,4,-2
15,Shaun Micheel,"19' 2""",192.000,10,-3
17,Jim Furyk,"19' 3""",154.250,8,-1
18,Peter Jacobsen,"19' 10""",118.750,6,E
19,Darren Clarke,"20' 0""",80.000,4,E
20,Chad Campbell,"21' 10""",152.750,7,+1
21,Craig Stadler,"22' 6""",45.000,2,-1
22,John Huston,"22' 10""",114.083,5,E
23,Jonathan Kaye,"23' 8""",237.000,10,-2
24,Fred Couples,"24' 6""",293.750,12,+1
25,Tiger Woods,"25' 2""",125.917,5,-2
26,Ben Crane,"25' 5""",127.083,5,-1
27,Scott Hoch,"26' 1""",208.750,8,-3
28,Steve Flesch,"27' 4""",136.583,5,-2
29,J.L. Lewis,"30' 1""",120.167,4,+4
30,Ernie Els,"32' 10""",164.167,5,+1
