rank,player,Avg,Total Distance (feet),# of Attempts,Relative to par
1,Steve Flesch,"21' 9""",86.833,4,E
2,Tiger Woods,"23' 4""",70.083,3,-1
3,Davis Love III,"25' 10""",180.833,7,E
4,Jim Furyk,"25' 11""",129.500,5,-1
5,John Huston,"26' 9""",53.500,2,E
6,Peter Jacobsen,"28' 0""",111.917,4,-2
7,Adam Scott,"30' 5""",182.417,6,+2
8,Justin Leonard,"30' 9""",61.500,2,E
9,Ben Crane,"32' 11""",197.500,6,-2
10,Chad Campbell,"33' 2""",198.833,6,+1
11,Shigeki Maruyama,"33' 4""",66.667,2,E
12,Darren Clarke,"34' 1""",136.167,4,-1
13,Rory Sabbatini,"34' 8""",138.667,4,+1
14,Vijay Singh,"35' 0""",174.917,5,-1
15,J.L. Lewis,"35' 10""",179.250,5,+2
16,Jonathan Kaye,"38' 3""",76.500,2,-1
17,Shaun Micheel,"40' 8""",162.750,4,E
18,Scott Hoch,"41' 8""",208.500,5,E
19,Stuart Appleby,"42' 4""",127.083,3,E
20,Kirk Triplett,"43' 6""",173.833,4,+1
21,Kenny Perry,"44' 7""",89.083,2,E
22,Mike Weir,"46' 8""",280.000,6,+2
23,Fred Couples,"47' 0""",281.833,6,-1
24,Retief Goosen,"47' 5""",142.333,3,+1
25,Frank Lickliter II,"50' 1""",200.167,4,E
26,Ben Curtis,"53' 8""",161.000,3,+1
27,Tommy Armour III,"57' 10""",347.167,6,E
28,Ernie Els,"58' 6""",409.250,7,+3
29,Craig Stadler,"59' 4""",415.250,7,+2
30,Bob Tway,"69' 11""",349.667,5,+4
