rank,player,Avg,Total Distance (feet),# of Attempts,Relative to par
1,Darren Clarke,"14' 9""",73.750,5,-4
2,Justin Leonard,"15' 11""",79.500,5,+1
3,Vijay Singh,"24' 5""",146.333,6,-1
4,Kenny Perry,"27' 0""",135.083,5,+1
5,Jim Furyk,"27' 2""",136.000,5,-1
6,Bob Tway,"27' 11""",139.417,5,+2
7,Stuart Appleby,"28' 9""",143.833,5,-2
8,Tommy Armour III,"29' 1""",87.250,3,E
8,Scott Hoch,"29' 1""",58.167,2,-1
10,Peter Jacobsen,"29' 5""",117.667,4,E
11,Jonathan Kaye,"29' 7""",59.167,2,-1
12,Davis Love III,"30' 1""",60.083,2,E
13,Shigeki Maruyama,"31' 2""",218.083,7,+2
13,Craig Stadler,"31' 2""",93.417,3,+1
15,Steve Flesch,"33' 0""",66.000,2,E
16,Mike Weir,"33' 11""",101.750,3,+1
17,J.L. Lewis,"35' 0""",70.000,2,E
18,Tiger Woods,"35' 7""",177.833,5,+1
19,Fred Couples,"37' 3""",111.667,3,+1
20,Ernie Els,"37' 6""",75.000,2,E
21,Ben Curtis,"40' 2""",40.167,1,E
22,Retief Goosen,"40' 7""",162.167,4,+1
23,Ben Crane,"42' 0""",294.000,7,+1
24,Chad Campbell,"43' 11""",175.667,4,+1
25,Shaun Micheel,"44' 0""",176.083,4,+1
26,John Huston,"44' 7""",311.833,7,E
27,Rory Sabbatini,"47' 8""",190.667,4,-1
28,Adam Scott,"48' 6""",194.000,4,+1
29,Frank Lickliter II,"50' 7""",50.583,1,E
30,Kirk Triplett,"59' 11""",239.500,4,+1
