rank,player,Avg,Total Distance (feet),# of Attempts,Relative to par
1,Justin Leonard,"12' 3""",12.250,1,E
2,Retief Goosen,"12' 7""",75.500,6,-2
3,Davis Love III,"13' 4""",40.000,3,E
4,Kirk Triplett,"13' 6""",53.833,4,-3
5,Peter Jacobsen,"15' 0""",30.000,2,-1
5,Adam Scott,"15' 0""",44.917,3,-3
7,Bob Tway,"18' 4""",109.917,6,E
8,John Huston,"19' 8""",137.750,7,E
9,Tiger Woods,"20' 5""",81.500,4,+1
10,Jonathan Kaye,"22' 4""",178.833,8,+1
11,Vijay Singh,"22' 6""",67.583,3,-1
12,Scott Hoch,"23' 6""",117.417,5,E
13,Shigeki Maruyama,"25' 9""",102.833,4,E
13,Mike Weir,"25' 9""",77.250,3,+1
15,Ernie Els,"25' 11""",25.917,1,-1
16,Ben Curtis,"26' 0""",78.083,3,+1
16,Kenny Perry,"26' 0""",129.833,5,-1
18,Chad Campbell,"29' 6""",206.250,7,-1
19,Rory Sabbatini,"31' 0""",154.833,5,E
20,Frank Lickliter II,"31' 2""",155.667,5,+1
21,Darren Clarke,"31' 8""",95.083,3,E
22,Steve Flesch,"33' 2""",265.500,8,+2
23,J.L. Lewis,"34' 8""",138.583,4,+1
24,Shaun Micheel,"35' 4""",176.833,5,E
25,Ben Crane,"35' 7""",106.667,3,E
26,Jim Furyk,"37' 9""",150.833,4,-1
27,Stuart Appleby,"39' 8""",198.500,5,-1
28,Tommy Armour III,"41' 7""",249.250,6,+2
29,Craig Stadler,"48' 7""",242.750,5,+1
