rank,player,Avg,Total Distance (feet),# of Attempts,Relative to par
1,Tiger Woods,"43' 10""",219.250,5,-2
2,Scott Hoch,"45' 8""",228.167,5,-2
3,Shigeki Maruyama,"46' 2""",230.667,5,-2
4,Fred Couples,"48' 5""",96.833,2,E
5,Bob Tway,"49' 1""",98.167,2,-1
6,Frank Lickliter II,"55' 1""",110.083,2,-1
7,Adam Scott,"55' 7""",277.750,5,-4
8,Justin Leonard,"56' 3""",281.417,5,E
9,Jim Furyk,"56' 10""",227.417,4,E
10,Kenny Perry,"58' 11""",353.583,6,-1
11,Ernie Els,"59' 0""",295.167,5,-5
12,Steve Flesch,"59' 8""",477.083,8,-3
13,Vijay Singh,"61' 11""",371.417,6,-4
14,Retief Goosen,"62' 9""",564.833,9,-4
15,J.L. Lewis,"67' 4""",403.750,6,-4
16,Rory Sabbatini,"68' 5""",342.250,5,+1
17,Stuart Appleby,"69' 2""",553.083,8,-7
18,Ben Curtis,"69' 7""",556.333,8,+1
19,Chad Campbell,"71' 5""",857.333,12,-4
20,Kirk Triplett,"72' 2""",288.667,4,-2
21,Davis Love III,"75' 1""",450.500,6,-4
22,John Huston,"75' 6""",301.833,4,-2
23,Darren Clarke,"75' 10""",606.917,8,-4
24,Tommy Armour III,"78' 6""",549.333,7,-1
25,Mike Weir,"78' 10""",236.417,3,-2
26,Shaun Micheel,"79' 11""",559.250,7,-3
27,Craig Stadler,"82' 6""",412.500,5,-2
28,Peter Jacobsen,"82' 7""",412.917,5,-2
29,Jonathan Kaye,"82' 11""",331.750,4,+1
30,Ben Crane,"107' 2""",321.417,3,-1
