rank,player,Avg,Total Distance (feet),# of Attempts,Relative to par
1,Tiger Woods,"22' 8""",45.333,2,-3
2,Fred Couples,"27' 5""",109.667,4,-6
3,Adam Scott,"27' 10""",55.667,2,-2
4,Rory Sabbatini,"38' 1""",38.083,1,E
5,Tommy Armour III,"53' 7""",53.583,1,-1
6,Kirk Triplett,"58' 4""",233.167,4,-4
7,Jonathan Kaye,"59' 10""",239.333,4,-1
8,Retief Goosen,"61' 4""",367.917,6,-3
9,Justin Leonard,"67' 10""",203.417,3,-2
10,Darren Clarke,"70' 9""",212.333,3,-2
11,Chad Campbell,"71' 0""",71.000,1,E
12,Mike Weir,"73' 8""",220.917,3,+1
13,J.L. Lewis,"77' 4""",309.417,4,-4
14,Jim Furyk,"78' 1""",156.083,2,-1
15,Shigeki Maruyama,"79' 11""",239.750,3,-2
16,Kenny Perry,"81' 4""",243.917,3,-1
17,Davis Love III,"81' 9""",81.750,1,E
18,Peter Jacobsen,"86' 2""",430.667,5,-3
18,Shaun Micheel,"86' 2""",258.500,3,-1
20,Ben Crane,"87' 6""",175.000,2,-2
21,Stuart Appleby,"87' 8""",87.667,1,-1
22,Craig Stadler,"88' 6""",353.917,4,-1
23,Bob Tway,"89' 10""",359.333,4,E
24,John Huston,"95' 7""",191.167,2,+2
25,Steve Flesch,"97' 10""",391.250,4,-1
26,Vijay Singh,"101' 4""",405.333,4,-3
27,Frank Lickliter II,"102' 7""",307.750,3,-2
28,Ben Curtis,"110' 7""",442.250,4,E
29,Ernie Els,"113' 4""",226.667,2,-1
30,Scott Hoch,"122' 0""",122.000,1,E
