rank,player,Avg,Total Ball Speed,Total Attempts
1,Wyndham Clark,184.02,"9,385.09",51
2,Jhonattan Vegas,182.67,"8,220.19",45
3,Chris Gotterup,181.99,"8,735.62",48
4,Xander Schauffele,181.89,"10,003.86",55
5,Ludvig Åberg,181.86,"9,456.58",52
6,Jake Knapp,180.70,"8,854.45",49
7,Taylor Pendrith,180.65,"10,116.18",56
8,Nick Dunlap,180.44,"9,743.92",54
9,Cameron Young,180.42,"8,840.44",49
10,Tony Finau,179.87,"8,274.21",46
11,Max Greyserman,179.75,"9,347.13",52
12,Justin Thomas,178.98,"10,022.95",56
13,Byeong Hun An,178.73,"9,115.24",51
14,Matt Fitzpatrick,178.55,"9,641.47",54
15,Stephan Jaeger,178.32,"9,629.30",54
16,Adam Scott,177.98,"8,720.97",49
17,Thomas Detry,177.47,"9,228.54",52
18,Cam Davis,177.20,"8,859.96",50
19,Viktor Hovland,176.48,"10,412.14",59
20,Will Zalatoris,176.43,"9,527.40",54
21,Davis Thompson,176.22,"10,397.11",59
22,Kevin Yu,176.18,"9,689.81",55
23,Sahith Theegala,175.98,"10,206.65",58
24,Maverick McNealy,175.66,"10,012.52",57
25,Patrick Cantlay,175.56,"9,655.79",55
26,Hideki Matsuyama,175.49,"9,125.26",52
27,Rafael Campos,175.41,"8,419.57",48
28,Max Homa,175.35,"9,117.99",52
29,Corey Conners,175.29,"9,465.69",54
30,Sam Burns,174.97,"8,223.50",47
31,Matthieu Pavon,174.68,"9,782.07",56
32,Akshay Bhatia,174.40,"8,894.22",51
33,Robert MacIntyre,174.28,"10,282.69",59
34,Peter Malnati,174.14,"9,925.97",57
35,Sungjae Im,173.65,"10,071.58",58
36,Billy Horschel,173.28,"9,010.53",52
37,Eric Cole,173.12,"9,867.63",57
38,Adam Hadwin,173.01,"9,342.76",54
39,Collin Morikawa,172.70,"8,807.58",51
40,Harry Hall,172.65,"8,459.84",49
40,Chris Kirk,172.65,"8,632.72",50
42,Jason Day,172.54,"9,317.38",54
43,Keegan Bradley,172.30,"9,304.11",54
44,Si Woo Kim,171.95,"9,629.21",56
45,J.T. Poston,171.59,"10,295.50",60
46,Aaron Rai,171.46,"8,744.50",51
47,Austin Eckroat,171.04,"9,236.31",54
48,Patton Kizzire,170.86,"9,568.19",56
49,Denny McCarthy,170.58,"9,381.67",55
50,Tom Hoge,169.96,"9,007.95",53
51,Nico Echavarria,169.13,"9,978.61",59
52,Sepp Straka,168.62,"9,779.81",58
53,Christiaan Bezuidenhout,168.45,"8,927.69",53
54,Matt McCarty,168.02,"9,577.42",57
55,Nick Taylor,166.71,"9,669.07",58
56,Brian Harman,166.42,"9,652.48",58
57,Russell Henley,165.97,"8,962.43",54
58,Brice Garnett,163.60,"9,325.01",57
