rank,player,Total,Distance Rank,Accuracy Rank
1,Collin Morikawa,11,9,2
2,Cam Davis,22,5,17
3,Taylor Pendrith,29,7,22
4,Thomas Detry,30,2,28
4,Hideki Matsuyama,30,21,9
6,Robert MacIntyre,32,25,7
6,Kevin Yu,32,17,15
8,Matt Fitzpatrick,40,18,22
8,J.T. Poston,40,38,2
10,Sungjae Im,41,34,7
11,Denny McCarthy,42,24,18
12,Aaron Rai,43,42,1
13,Austin Eckroat,44,35,9
14,Adam Hadwin,45,36,9
14,Will Zalatoris,45,23,22
16,Viktor Hovland,46,12,34
17,Sam Burns,47,7,40
18,Byeong Hun An,49,6,43
18,Wyndham Clark,49,1,48
18,Davis Thompson,49,15,34
21,Akshay Bhatia,50,28,22
22,Harry Hall,51,11,40
23,Maverick McNealy,53,19,34
23,Jhonattan Vegas,53,13,40
25,Eric Cole,54,32,22
25,Russell Henley,54,50,4
25,Nick Taylor,54,48,6
28,Chris Gotterup,56,22,34
29,Stephan Jaeger,57,9,48
30,Keegan Bradley,58,30,28
30,Xander Schauffele,58,3,55
30,Sahith Theegala,58,36,22
33,Sepp Straka,59,55,4
34,Ludvig Åberg,60,4,56
34,Si Woo Kim,60,32,28
34,Matt McCarty,60,51,9
37,Brice Garnett,61,52,9
37,Chris Kirk,61,43,18
39,Corey Conners,62,53,9
40,Max Homa,63,48,15
41,Rafael Campos,64,46,18
42,Max Greyserman,65,13,52
43,Tony Finau,71,28,43
44,Billy Horschel,73,45,28
45,Nick Dunlap,74,16,58
45,Matthieu Pavon,74,31,43
47,Nico Echavarria,75,47,28
47,Adam Scott,75,27,48
49,Brian Harman,76,58,18
49,Cameron Young,76,20,56
51,Tom Hoge,78,44,34
51,Justin Thomas,78,26,52
53,Peter Malnati,82,54,28
54,Patrick Cantlay,84,41,43
55,Jason Day,87,39,48
56,Patton Kizzire,91,57,34
57,Jake Knapp,93,39,54
58,Christiaan Bezuidenhout,99,56,43
