rank,player,Avg,Total Strokes,Total Rounds
1,Jonathan Byrd,67.00,268,4
1,Robert Garrigus,67.00,268,4
3,Graeme McDowell,67.25,269,4
4,Carl Pettersson,68.00,272,4
4,Steve Stricker,68.00,272,4
6,Matt Kuchar,68.50,274,4
6,Ian Poulter,68.50,274,4
8,Bill Haas,69.00,276,4
9,Jason Day,69.50,278,4
9,Jim Furyk,69.50,278,4
9,Dustin Johnson,69.50,278,4
12,Arjun Atwal,69.75,279,4
12,Bill Lunde,69.75,279,4
12,Justin Rose,69.75,279,4
15,Francesco Molinari,70.00,280,4
15,Ryan Palmer,70.00,280,4
17,Tim Clark,70.25,281,4
17,Ernie Els,70.25,281,4
19,Matt Bettencourt,70.50,282,4
19,Anthony Kim,70.50,282,4
21,Ben Crane,70.75,283,4
21,Adam Scott,70.75,283,4
23,Cameron Beckman,71.00,284,4
23,Zach Johnson,71.00,284,4
25,Charley Hoffman,71.25,285,4
25,Hunter Mahan,71.25,285,4
25,Bubba Watson,71.25,285,4
28,Jason Bohn,71.50,286,4
28,Heath Slocum,71.50,286,4
30,Stuart Appleby,72.25,289,4
31,Rocco Mediate,73.75,295,4
32,Derek Lamely,74.00,296,4
