rank,player,Value,Tourn/Course,Round
1,Graeme McDowell,62,Hyundai T of C/,4
2,Robert Garrigus,63,Hyundai T of C/,2
3,Ernie Els,64,Hyundai T of C/,2
4,Steve Stricker,65,Hyundai T of C/,3
5,Jonathan Byrd,66,Hyundai T of C/,1
5,Jason Day,66,Hyundai T of C/,2
5,Dustin Johnson,66,Hyundai T of C/,2
5,Matt Kuchar,66,Hyundai T of C/,3
5,Carl Pettersson,66,Hyundai T of C/,1
5,Ian Poulter,66,Hyundai T of C/,4
11,Ben Crane,67,Hyundai T of C/,1
11,Charley Hoffman,67,Hyundai T of C/,3
11,Hunter Mahan,67,Hyundai T of C/,4
11,Francesco Molinari,67,Hyundai T of C/,2
11,Justin Rose,67,Hyundai T of C/,2
11,Adam Scott,67,Hyundai T of C/,2
17,Arjun Atwal,68,Hyundai T of C/,3
17,Tim Clark,68,Hyundai T of C/,4
17,Jim Furyk,68,Hyundai T of C/,2
17,Bill Haas,68,Hyundai T of C/,1
17,Anthony Kim,68,Hyundai T of C/,4
17,Bill Lunde,68,Hyundai T of C/,2
17,Ryan Palmer,68,Hyundai T of C/,3
24,Stuart Appleby,69,Hyundai T of C/,1
24,Matt Bettencourt,69,Hyundai T of C/,4
24,Zach Johnson,69,Hyundai T of C/,3
27,Cameron Beckman,70,Hyundai T of C/,3
27,Jason Bohn,70,Hyundai T of C/,4
27,Derek Lamely,70,Hyundai T of C/,4
27,Rocco Mediate,70,Hyundai T of C/,2
27,Heath Slocum,70,Hyundai T of C/,4
27,Bubba Watson,70,Hyundai T of C/,2
