rank,player,%,Total Drives for 260-280,Total Drives - Overall,Relative to Par
1,Dustin Johnson,26.67,16,60,+0.063
2,Jon Rahm,23.33,14,60,-0.500
3,Patton Kizzire,21.67,13,60,-0.308
3,Andrew Landry,21.67,13,60,+0.154
3,Francesco Molinari,21.67,13,60,+0.154
6,Marc Leishman,20.00,12,60,-0.250
6,Scott Piercy,20.00,12,60,-0.250
6,Bubba Watson,20.00,12,60,+0.083
9,Troy Merritt,18.33,11,60,-0.455
9,Ian Poulter,18.33,11,60,-0.273
9,Brandt Snedeker,18.33,11,60,-0.091
12,Paul Casey,16.67,10,60,E
12,Cameron Champ,16.67,10,60,-0.200
12,Brooks Koepka,16.67,10,60,-0.300
12,Rory McIlroy,16.67,10,60,-0.300
12,Webb Simpson,16.67,10,60,-0.200
12,Justin Thomas,16.67,10,60,+0.100
18,"Ted Potter, Jr.",15.00,9,60,-0.556
19,Brice Garnett,13.33,8,60,-0.500
19,Michael Kim,13.33,8,60,-0.250
19,Andrew Putnam,13.33,8,60,-0.250
19,Patrick Reed,13.33,8,60,-0.375
19,Kevin Tway,13.33,8,60,-0.250
19,Aaron Wise,13.33,8,60,-0.250
25,Keegan Bradley,11.67,7,60,-0.429
25,Jason Day,11.67,7,60,-0.286
25,Bryson DeChambeau,11.67,7,60,+0.143
25,Billy Horschel,11.67,7,60,-0.286
25,Satoshi Kodaira,11.67,7,60,-0.143
25,Matt Kuchar,11.67,7,60,-0.143
25,Gary Woodland,11.67,7,60,-0.143
32,Xander Schauffele,10.00,6,60,-0.833
33,Charles Howell III,8.33,5,60,+0.200
