rank,player,Avg (%),Total Shot Distance,Total Distance
1,Cameron Champ,56.40,"50,377","8,932"
2,Rory McIlroy,56.16,"50,164","8,932"
3,Jason Day,56.11,"50,120","8,932"
4,Kevin Tway,55.71,"49,760","8,932"
5,Dustin Johnson,55.34,"49,429","8,932"
6,Gary Woodland,54.91,"49,048","8,932"
7,Justin Thomas,54.12,"48,337","8,932"
8,Xander Schauffele,53.99,"48,228","8,932"
9,Brooks Koepka,53.97,"48,205","8,932"
10,Bryson DeChambeau,53.83,"48,078","8,932"
11,Patrick Reed,53.64,"47,915","8,932"
12,Charles Howell III,53.63,"47,906","8,932"
13,Bubba Watson,53.54,"47,825","8,932"
14,Marc Leishman,53.48,"47,767","8,932"
15,Aaron Wise,53.37,"47,672","8,932"
16,Jon Rahm,53.06,"47,394","8,932"
17,Ian Poulter,52.52,"46,911","8,932"
18,Paul Casey,52.28,"46,697","8,932"
19,Troy Merritt,52.24,"46,658","8,932"
20,Keegan Bradley,51.72,"46,194","8,932"
21,"Ted Potter, Jr.",51.57,"46,065","8,932"
22,Francesco Molinari,51.46,"45,965","8,932"
23,Scott Piercy,51.16,"45,692","8,932"
24,Patton Kizzire,50.91,"45,477","8,932"
25,Andrew Landry,50.71,"45,290","8,932"
26,Billy Horschel,50.51,"45,116","8,932"
27,Webb Simpson,50.30,"44,929","8,932"
28,Matt Kuchar,50.28,"44,914","8,932"
29,Brice Garnett,49.99,"44,651","8,932"
30,Brandt Snedeker,49.86,"44,537","8,932"
31,Andrew Putnam,49.59,"44,297","8,932"
32,Michael Kim,49.32,"44,050","8,932"
33,Satoshi Kodaira,48.48,"43,298","8,932"
