rank,player,%,Total Drives for 300-320,Total Drvs - overall,Relative to par
1,Jason Day,37.50,3,8,-0.67
1,Brooks Koepka,37.50,3,8,-0.67
1,Aaron Wise,37.50,3,8,-1.00
4,Cameron Champ,25.00,2,8,-1.00
4,Bryson DeChambeau,25.00,2,8,-0.50
4,Charles Howell III,25.00,2,8,-0.50
4,Dustin Johnson,25.00,2,8,E
4,Rory McIlroy,25.00,2,8,-0.50
4,Jon Rahm,25.00,2,8,-1.00
4,Justin Thomas,25.00,2,8,-1.00
4,Kevin Tway,25.00,2,8,-1.00
12,Matt Kuchar,12.50,1,8,-1.00
12,Andrew Landry,12.50,1,8,E
12,Marc Leishman,12.50,1,8,E
12,Scott Piercy,12.50,1,8,-1.00
12,"Ted Potter, Jr.",12.50,1,8,-1.00
12,Ian Poulter,12.50,1,8,+2.00
12,Andrew Putnam,12.50,1,8,-1.00
12,Xander Schauffele,12.50,1,8,-1.00
12,Brandt Snedeker,12.50,1,8,-1.00
12,Bubba Watson,12.50,1,8,-1.00
12,Gary Woodland,12.50,1,8,-1.00
23,Keegan Bradley,.00,0,8,E
23,Paul Casey,.00,0,8,E
23,Brice Garnett,.00,0,8,E
23,Billy Horschel,.00,0,8,E
23,Michael Kim,.00,0,8,E
23,Patton Kizzire,.00,0,8,E
23,Satoshi Kodaira,.00,0,8,E
23,Troy Merritt,.00,0,8,E
23,Francesco Molinari,.00,0,8,E
23,Patrick Reed,.00,0,8,E
23,Webb Simpson,.00,0,8,E
