rank,player,Avg,Total Distance,Total Drives
1,Jason Day,302.6,"2,421",8
2,Cameron Champ,301.3,"2,410",8
3,Dustin Johnson,296.8,"2,374",8
4,Rory McIlroy,294.1,"2,353",8
5,Gary Woodland,290.8,"2,326",8
6,Brooks Koepka,289.5,"2,316",8
7,Aaron Wise,287.9,"2,303",8
8,Kevin Tway,284.0,"2,272",8
9,Jon Rahm,283.6,"2,269",8
10,Bubba Watson,282.6,"2,261",8
11,Patrick Reed,282.4,"2,259",8
11,Justin Thomas,282.4,"2,259",8
13,Charles Howell III,280.8,"2,246",8
14,Xander Schauffele,280.4,"2,243",8
15,Marc Leishman,279.4,"2,235",8
16,Bryson DeChambeau,277.6,"2,221",8
17,Paul Casey,277.5,"2,220",8
18,Brandt Snedeker,274.5,"2,196",8
19,Francesco Molinari,273.8,"2,190",8
20,Ian Poulter,273.4,"2,187",8
21,Scott Piercy,271.9,"2,175",8
22,"Ted Potter, Jr.",271.3,"2,170",8
23,Troy Merritt,271.1,"2,169",8
24,Andrew Putnam,269.3,"2,154",8
25,Andrew Landry,268.6,"2,149",8
26,Keegan Bradley,267.6,"2,141",8
27,Patton Kizzire,266.3,"2,130",8
28,Matt Kuchar,265.3,"2,122",8
29,Billy Horschel,263.6,"2,109",8
30,Brice Garnett,259.9,"2,079",8
31,Satoshi Kodaira,259.8,"2,078",8
32,Webb Simpson,256.8,"2,054",8
33,Michael Kim,245.6,"1,965",8
