rank,player,Distance,Tournament,Round,Hole,Course
1,Jon Rahm,421,Sentry,2,17,656
2,Cameron Champ,409,Sentry,2,12,656
2,Gary Woodland,409,Sentry,2,17,656
4,Webb Simpson,406,Sentry,2,17,656
4,Aaron Wise,406,Sentry,4,6,656
6,Xander Schauffele,405,Sentry,3,17,656
7,Marc Leishman,404,Sentry,3,17,656
8,Kevin Tway,403,Sentry,3,17,656
9,Brooks Koepka,402,Sentry,2,12,656
10,Dustin Johnson,401,Sentry,2,17,656
10,"Ted Potter, Jr.",401,Sentry,4,17,656
12,Justin Thomas,400,Sentry,3,17,656
13,Paul Casey,396,Sentry,3,12,656
13,Francesco Molinari,396,Sentry,1,17,656
15,Patrick Reed,395,Sentry,1,17,656
16,Ian Poulter,394,Sentry,2,17,656
17,Troy Merritt,391,Sentry,3,6,656
18,Charles Howell III,388,Sentry,2,17,656
19,Jason Day,387,Sentry,3,1,656
20,Bryson DeChambeau,386,Sentry,3,17,656
20,Patton Kizzire,386,Sentry,4,17,656
22,Rory McIlroy,383,Sentry,3,1,656
23,Keegan Bradley,382,Sentry,1,12,656
24,Bubba Watson,375,Sentry,4,6,656
25,Andrew Putnam,371,Sentry,3,12,656
26,Andrew Landry,369,Sentry,2,12,656
26,Scott Piercy,369,Sentry,3,17,656
28,Matt Kuchar,366,Sentry,1,1,656
28,Brandt Snedeker,366,Sentry,2,1,656
30,Billy Horschel,365,Sentry,3,17,656
31,Brice Garnett,363,Sentry,4,6,656
32,Michael Kim,360,Sentry,3,1,656
33,Satoshi Kodaira,356,Sentry,1,1,656
