rank,player,%,Total Drives for 240-260,Total Drvs - overall,Relative to par
1,Billy Horschel,37.50,3,8,E
1,Matt Kuchar,37.50,3,8,-0.33
1,Andrew Landry,37.50,3,8,E
1,Troy Merritt,37.50,3,8,+0.67
1,Francesco Molinari,37.50,3,8,E
1,Jon Rahm,37.50,3,8,+0.33
1,Patrick Reed,37.50,3,8,-0.33
8,Michael Kim,25.00,2,8,+1.00
8,Satoshi Kodaira,25.00,2,8,E
8,Marc Leishman,25.00,2,8,E
8,Rory McIlroy,25.00,2,8,E
8,Scott Piercy,25.00,2,8,+0.50
8,Ian Poulter,25.00,2,8,-0.50
8,Andrew Putnam,25.00,2,8,-0.50
8,Xander Schauffele,25.00,2,8,-0.50
8,Webb Simpson,25.00,2,8,E
8,Brandt Snedeker,25.00,2,8,+0.50
8,Justin Thomas,25.00,2,8,E
19,Keegan Bradley,12.50,1,8,E
19,Paul Casey,12.50,1,8,E
19,Jason Day,12.50,1,8,-1.00
19,Bryson DeChambeau,12.50,1,8,E
19,Brice Garnett,12.50,1,8,E
19,Charles Howell III,12.50,1,8,E
19,Patton Kizzire,12.50,1,8,E
19,Brooks Koepka,12.50,1,8,E
19,Gary Woodland,12.50,1,8,-1.00
28,Cameron Champ,.00,0,8,E
28,Dustin Johnson,.00,0,8,E
28,"Ted Potter, Jr.",.00,0,8,E
28,Kevin Tway,.00,0,8,E
28,Bubba Watson,.00,0,8,E
28,Aaron Wise,.00,0,8,E
