rank,player,%,Total Drives for 280-300,Total Drvs - overall,Relative to par
1,Keegan Bradley,50.00,4,8,-0.50
1,Paul Casey,50.00,4,8,-0.50
1,Marc Leishman,50.00,4,8,-0.75
1,Francesco Molinari,50.00,4,8,-0.75
1,Patrick Reed,50.00,4,8,-0.75
1,Webb Simpson,50.00,4,8,-0.50
7,Billy Horschel,37.50,3,8,E
7,Charles Howell III,37.50,3,8,-0.67
7,Troy Merritt,37.50,3,8,-0.67
7,Ian Poulter,37.50,3,8,-0.67
7,Jon Rahm,37.50,3,8,-0.67
7,Xander Schauffele,37.50,3,8,-0.67
7,Brandt Snedeker,37.50,3,8,+0.33
7,Justin Thomas,37.50,3,8,-1.00
7,Bubba Watson,37.50,3,8,-0.67
16,Bryson DeChambeau,25.00,2,8,-0.50
16,Brice Garnett,25.00,2,8,-1.00
16,Satoshi Kodaira,25.00,2,8,E
16,Matt Kuchar,25.00,2,8,-0.50
16,Scott Piercy,25.00,2,8,-1.00
16,"Ted Potter, Jr.",25.00,2,8,E
16,Andrew Putnam,25.00,2,8,E
16,Aaron Wise,25.00,2,8,-1.00
16,Gary Woodland,25.00,2,8,-1.50
25,Cameron Champ,12.50,1,8,+1.00
25,Jason Day,12.50,1,8,E
25,Dustin Johnson,12.50,1,8,E
25,Michael Kim,12.50,1,8,-1.00
25,Patton Kizzire,12.50,1,8,E
25,Brooks Koepka,12.50,1,8,-1.00
25,Andrew Landry,12.50,1,8,-1.00
25,Kevin Tway,12.50,1,8,-1.00
33,Rory McIlroy,.00,0,8,E
