rank,player,%,Total Drives for 300+,Total Drvs - overall,Relative to par
1,Jason Day,62.50,5,8,-0.80
2,Cameron Champ,50.00,4,8,-0.75
2,Dustin Johnson,50.00,4,8,-0.25
2,Brooks Koepka,50.00,4,8,-0.75
2,Rory McIlroy,50.00,4,8,-0.50
6,Kevin Tway,37.50,3,8,-1.00
6,Aaron Wise,37.50,3,8,-1.00
6,Gary Woodland,37.50,3,8,-0.67
9,Bryson DeChambeau,25.00,2,8,-0.50
9,Charles Howell III,25.00,2,8,-0.50
9,Jon Rahm,25.00,2,8,-1.00
9,Xander Schauffele,25.00,2,8,-1.00
9,Justin Thomas,25.00,2,8,-1.00
9,Bubba Watson,25.00,2,8,-0.50
15,Patton Kizzire,12.50,1,8,-1.00
15,Matt Kuchar,12.50,1,8,-1.00
15,Andrew Landry,12.50,1,8,E
15,Marc Leishman,12.50,1,8,E
15,Scott Piercy,12.50,1,8,-1.00
15,"Ted Potter, Jr.",12.50,1,8,-1.00
15,Ian Poulter,12.50,1,8,+2.00
15,Andrew Putnam,12.50,1,8,-1.00
15,Patrick Reed,12.50,1,8,E
15,Brandt Snedeker,12.50,1,8,-1.00
25,Keegan Bradley,.00,0,8,E
25,Paul Casey,.00,0,8,E
25,Brice Garnett,.00,0,8,E
25,Billy Horschel,.00,0,8,E
25,Michael Kim,.00,0,8,E
25,Satoshi Kodaira,.00,0,8,E
25,Troy Merritt,.00,0,8,E
25,Francesco Molinari,.00,0,8,E
25,Webb Simpson,.00,0,8,E
