rank,player,%,Total Drives for 260-280,Total Drvs - overall,Relative to par
1,Paul Casey,37.50,3,8,E
1,Cameron Champ,37.50,3,8,-0.33
1,Bryson DeChambeau,37.50,3,8,+0.33
1,Dustin Johnson,37.50,3,8,-0.33
1,Patton Kizzire,37.50,3,8,-0.33
1,Andrew Landry,37.50,3,8,-0.67
1,"Ted Potter, Jr.",37.50,3,8,-0.67
1,Kevin Tway,37.50,3,8,-0.33
1,Aaron Wise,37.50,3,8,-0.33
10,Brice Garnett,25.00,2,8,-1.00
10,Satoshi Kodaira,25.00,2,8,-0.50
10,Brooks Koepka,25.00,2,8,E
10,Rory McIlroy,25.00,2,8,E
10,Troy Merritt,25.00,2,8,-0.50
10,Scott Piercy,25.00,2,8,+0.50
10,Ian Poulter,25.00,2,8,E
10,Andrew Putnam,25.00,2,8,-0.50
10,Bubba Watson,25.00,2,8,E
10,Gary Woodland,25.00,2,8,E
20,Keegan Bradley,12.50,1,8,E
20,Jason Day,12.50,1,8,-1.00
20,Billy Horschel,12.50,1,8,-1.00
20,Charles Howell III,12.50,1,8,+1.00
20,Michael Kim,12.50,1,8,-1.00
20,Matt Kuchar,12.50,1,8,-1.00
20,Marc Leishman,12.50,1,8,E
20,Francesco Molinari,12.50,1,8,+1.00
20,Brandt Snedeker,12.50,1,8,E
20,Justin Thomas,12.50,1,8,E
30,Jon Rahm,.00,0,8,E
30,Patrick Reed,.00,0,8,E
30,Xander Schauffele,.00,0,8,E
30,Webb Simpson,.00,0,8,E
