rank,player,%,Total Drives for <= 240,Total Drives - Overall,Relative to Par
1,Michael Kim,26.67,16,60,+0.313
2,Satoshi Kodaira,20.00,12,60,+0.167
3,Brice Garnett,18.33,11,60,+0.091
3,Andrew Putnam,18.33,11,60,+0.091
5,Keegan Bradley,16.67,10,60,+0.300
5,Billy Horschel,16.67,10,60,E
5,"Ted Potter, Jr.",16.67,10,60,+0.200
5,Webb Simpson,16.67,10,60,-0.200
5,Brandt Snedeker,16.67,10,60,-0.300
10,Bryson DeChambeau,15.00,9,60,-0.222
10,Patton Kizzire,15.00,9,60,-0.333
10,Andrew Landry,15.00,9,60,-0.333
10,Scott Piercy,15.00,9,60,-0.111
10,Gary Woodland,15.00,9,60,-0.111
15,Kevin Tway,13.33,8,60,-0.375
16,Paul Casey,11.67,7,60,-0.429
16,Jason Day,11.67,7,60,-0.286
16,Charles Howell III,11.67,7,60,E
16,Matt Kuchar,11.67,7,60,+0.429
16,Ian Poulter,11.67,7,60,+0.143
21,Cameron Champ,8.33,5,60,+0.400
21,Marc Leishman,8.33,5,60,-0.400
21,Troy Merritt,8.33,5,60,-0.200
21,Xander Schauffele,8.33,5,60,+0.200
25,Patrick Reed,6.67,4,60,+0.500
26,Brooks Koepka,5.00,3,60,E
26,Francesco Molinari,5.00,3,60,E
26,Justin Thomas,5.00,3,60,E
26,Aaron Wise,5.00,3,60,E
30,Rory McIlroy,3.33,2,60,-0.500
30,Jon Rahm,3.33,2,60,-0.500
32,Bubba Watson,1.67,1,60,+2.000
33,Dustin Johnson,.00,0,60,E
