rank,player,%,Total Drives for <= 240,Total Drvs - overall,Relative to par
1,Michael Kim,50.00,4,8,+0.50
2,Brice Garnett,37.50,3,8,E
3,Keegan Bradley,25.00,2,8,+0.50
3,Patton Kizzire,25.00,2,8,E
3,Satoshi Kodaira,25.00,2,8,E
3,"Ted Potter, Jr.",25.00,2,8,E
3,Webb Simpson,25.00,2,8,-0.50
8,Billy Horschel,12.50,1,8,-1.00
8,Charles Howell III,12.50,1,8,E
8,Matt Kuchar,12.50,1,8,+2.00
8,Scott Piercy,12.50,1,8,E
8,Andrew Putnam,12.50,1,8,-1.00
8,Xander Schauffele,12.50,1,8,E
8,Brandt Snedeker,12.50,1,8,E
8,Kevin Tway,12.50,1,8,E
8,Bubba Watson,12.50,1,8,+2.00
17,Paul Casey,.00,0,8,E
17,Cameron Champ,.00,0,8,E
17,Jason Day,.00,0,8,E
17,Bryson DeChambeau,.00,0,8,E
17,Dustin Johnson,.00,0,8,E
17,Brooks Koepka,.00,0,8,E
17,Andrew Landry,.00,0,8,E
17,Marc Leishman,.00,0,8,E
17,Rory McIlroy,.00,0,8,E
17,Troy Merritt,.00,0,8,E
17,Francesco Molinari,.00,0,8,E
17,Ian Poulter,.00,0,8,E
17,Jon Rahm,.00,0,8,E
17,Patrick Reed,.00,0,8,E
17,Justin Thomas,.00,0,8,E
17,Aaron Wise,.00,0,8,E
17,Gary Woodland,.00,0,8,E
