rank,player,%,Total Drives for 320+,Total Drvs - overall,Relative to par
1,Cameron Champ,25.00,2,8,-0.50
1,Jason Day,25.00,2,8,-1.00
1,Dustin Johnson,25.00,2,8,-0.50
1,Rory McIlroy,25.00,2,8,-0.50
1,Gary Woodland,25.00,2,8,-0.50
6,Patton Kizzire,12.50,1,8,-1.00
6,Brooks Koepka,12.50,1,8,-1.00
6,Patrick Reed,12.50,1,8,E
6,Xander Schauffele,12.50,1,8,-1.00
6,Kevin Tway,12.50,1,8,-1.00
6,Bubba Watson,12.50,1,8,E
12,Keegan Bradley,.00,0,8,E
12,Paul Casey,.00,0,8,E
12,Bryson DeChambeau,.00,0,8,E
12,Brice Garnett,.00,0,8,E
12,Billy Horschel,.00,0,8,E
12,Charles Howell III,.00,0,8,E
12,Michael Kim,.00,0,8,E
12,Satoshi Kodaira,.00,0,8,E
12,Matt Kuchar,.00,0,8,E
12,Andrew Landry,.00,0,8,E
12,Marc Leishman,.00,0,8,E
12,Troy Merritt,.00,0,8,E
12,Francesco Molinari,.00,0,8,E
12,Scott Piercy,.00,0,8,E
12,"Ted Potter, Jr.",.00,0,8,E
12,Ian Poulter,.00,0,8,E
12,Andrew Putnam,.00,0,8,E
12,Jon Rahm,.00,0,8,E
12,Webb Simpson,.00,0,8,E
12,Brandt Snedeker,.00,0,8,E
12,Justin Thomas,.00,0,8,E
12,Aaron Wise,.00,0,8,E
