rank,player,All Drives,Total Distance,# of Drives
1,Dustin Johnson,311.9,"18,712",60
2,Rory McIlroy,311.5,"18,691",60
3,Cameron Champ,310.7,"18,645",60
4,Brooks Koepka,307.1,"18,426",60
5,Jason Day,303.1,"18,183",60
6,Bubba Watson,302.9,"18,176",60
7,Jon Rahm,302.5,"18,152",60
8,Kevin Tway,301.1,"18,063",60
9,Aaron Wise,299.8,"17,989",60
10,Patrick Reed,298.9,"17,936",60
11,Xander Schauffele,297.7,"17,862",60
12,Justin Thomas,296.7,"17,805",60
13,Gary Woodland,295.8,"17,750",60
14,Paul Casey,295.1,"17,707",60
14,Charles Howell III,295.1,"17,705",60
16,Bryson DeChambeau,295.0,"17,699",60
17,Marc Leishman,293.9,"17,633",60
18,Ian Poulter,290.8,"17,446",60
19,Troy Merritt,290.1,"17,407",60
20,Francesco Molinari,289.1,"17,346",60
21,Billy Horschel,287.7,"17,265",60
21,"Ted Potter, Jr.",287.7,"17,259",60
23,Webb Simpson,286.6,"17,197",60
24,Patton Kizzire,285.6,"17,135",60
25,Andrew Landry,285.5,"17,132",60
26,Scott Piercy,285.1,"17,105",60
27,Matt Kuchar,283.4,"17,005",60
28,Brandt Snedeker,283.1,"16,988",60
29,Brice Garnett,281.8,"16,906",60
30,Keegan Bradley,281.7,"16,900",60
31,Andrew Putnam,277.4,"16,646",60
32,Satoshi Kodaira,273.0,"16,379",60
33,Michael Kim,272.1,"16,325",60
