rank,player,%,Total Drives for 300+,Total Drives - Overall,Relative to Par
1,Cameron Champ,56.67,34,60,-0.294
2,Dustin Johnson,53.33,32,60,-0.344
2,Rory McIlroy,53.33,32,60,-0.250
4,Jason Day,51.67,31,60,-0.194
5,Brooks Koepka,48.33,29,60,-0.172
5,Kevin Tway,48.33,29,60,-0.138
7,Charles Howell III,43.33,26,60,-0.154
7,Bubba Watson,43.33,26,60,-0.038
7,Aaron Wise,43.33,26,60,E
10,Bryson DeChambeau,41.67,25,60,-0.320
10,Gary Woodland,41.67,25,60,-0.280
12,Jon Rahm,40.00,24,60,-0.250
12,Xander Schauffele,40.00,24,60,-0.500
12,Justin Thomas,40.00,24,60,-0.500
15,Billy Horschel,38.33,23,60,E
15,Andrew Landry,38.33,23,60,-0.217
15,Marc Leishman,38.33,23,60,-0.261
15,Ian Poulter,38.33,23,60,-0.130
15,Patrick Reed,38.33,23,60,+0.043
20,Brice Garnett,36.67,22,60,-0.091
21,Paul Casey,35.00,21,60,-0.048
21,Patton Kizzire,35.00,21,60,-0.095
21,Matt Kuchar,35.00,21,60,-0.190
21,Troy Merritt,35.00,21,60,-0.095
21,Francesco Molinari,35.00,21,60,+0.048
21,Scott Piercy,35.00,21,60,-0.238
27,Webb Simpson,33.33,20,60,-0.100
28,"Ted Potter, Jr.",31.67,19,60,E
28,Brandt Snedeker,31.67,19,60,-0.105
30,Michael Kim,30.00,18,60,-0.111
31,Andrew Putnam,28.33,17,60,-0.118
32,Keegan Bradley,26.67,16,60,-0.125
32,Satoshi Kodaira,26.67,16,60,+0.063
