rank,player,%,Total Drives for 240-260,Total Drives - Overall,Relative to Par
1,Andrew Putnam,26.67,16,60,-0.375
2,Satoshi Kodaira,25.00,15,60,+0.133
2,Matt Kuchar,25.00,15,60,-0.200
4,Brice Garnett,21.67,13,60,E
4,Francesco Molinari,21.67,13,60,-0.077
6,Michael Kim,20.00,12,60,+0.083
6,Troy Merritt,20.00,12,60,+0.083
6,Patrick Reed,20.00,12,60,+0.167
9,Andrew Landry,18.33,11,60,+0.182
10,Paul Casey,16.67,10,60,E
10,Patton Kizzire,16.67,10,60,E
10,Scott Piercy,16.67,10,60,+0.100
10,Ian Poulter,16.67,10,60,-0.100
10,Xander Schauffele,16.67,10,60,-0.100
10,Brandt Snedeker,16.67,10,60,+0.100
16,Keegan Bradley,15.00,9,60,+0.444
16,Billy Horschel,15.00,9,60,E
16,Marc Leishman,15.00,9,60,-0.444
16,"Ted Potter, Jr.",15.00,9,60,+0.222
20,Jason Day,13.33,8,60,-0.250
20,Bryson DeChambeau,13.33,8,60,+0.125
20,Charles Howell III,13.33,8,60,-0.125
20,Jon Rahm,13.33,8,60,E
20,Webb Simpson,13.33,8,60,-0.375
20,Justin Thomas,13.33,8,60,-0.250
20,Aaron Wise,13.33,8,60,+0.375
27,Bubba Watson,11.67,7,60,+0.143
28,Brooks Koepka,10.00,6,60,+0.333
28,Rory McIlroy,10.00,6,60,+0.167
28,Gary Woodland,10.00,6,60,-0.667
31,Cameron Champ,6.67,4,60,E
31,Kevin Tway,6.67,4,60,+0.500
33,Dustin Johnson,5.00,3,60,E
