rank,player,%,Total Drives for 300-320,Total Drives - Overall,Relative to Par
1,Cameron Champ,16.67,10,60,-0.600
1,Satoshi Kodaira,16.67,10,60,-0.100
3,Jason Day,13.33,8,60,E
3,Billy Horschel,13.33,8,60,-0.250
3,Dustin Johnson,13.33,8,60,-0.375
3,Michael Kim,13.33,8,60,E
3,Matt Kuchar,13.33,8,60,-0.625
3,Rory McIlroy,13.33,8,60,-0.375
3,Justin Thomas,13.33,8,60,-0.500
3,Aaron Wise,13.33,8,60,-0.375
11,Brice Garnett,11.67,7,60,-0.143
11,Charles Howell III,11.67,7,60,+0.143
11,Andrew Landry,11.67,7,60,-0.286
11,Francesco Molinari,11.67,7,60,E
11,Ian Poulter,11.67,7,60,-0.143
11,Andrew Putnam,11.67,7,60,-0.143
11,Brandt Snedeker,11.67,7,60,-0.286
11,Kevin Tway,11.67,7,60,-0.286
19,Bryson DeChambeau,10.00,6,60,-0.333
19,Marc Leishman,10.00,6,60,E
19,Xander Schauffele,10.00,6,60,-0.500
19,Bubba Watson,10.00,6,60,-0.500
23,Brooks Koepka,8.33,5,60,-0.400
23,Scott Piercy,8.33,5,60,-0.200
23,Patrick Reed,8.33,5,60,E
23,Gary Woodland,8.33,5,60,E
27,Jon Rahm,6.67,4,60,-0.750
27,Webb Simpson,6.67,4,60,E
29,Patton Kizzire,5.00,3,60,-0.333
29,"Ted Potter, Jr.",5.00,3,60,-0.667
31,Keegan Bradley,3.33,2,60,-0.500
31,Troy Merritt,3.33,2,60,E
33,Paul Casey,1.67,1,60,E
