rank,player,%,Total Drives for 320+,Total Drives - Overall,Relative to Par
1,Cameron Champ,40.00,24,60,-0.167
1,Dustin Johnson,40.00,24,60,-0.333
1,Brooks Koepka,40.00,24,60,-0.125
1,Rory McIlroy,40.00,24,60,-0.208
5,Jason Day,38.33,23,60,-0.261
6,Kevin Tway,36.67,22,60,-0.091
7,Paul Casey,33.33,20,60,-0.050
7,Jon Rahm,33.33,20,60,-0.150
7,Bubba Watson,33.33,20,60,+0.100
7,Gary Woodland,33.33,20,60,-0.350
11,Bryson DeChambeau,31.67,19,60,-0.316
11,Charles Howell III,31.67,19,60,-0.263
11,Troy Merritt,31.67,19,60,-0.105
14,Patton Kizzire,30.00,18,60,-0.056
14,Patrick Reed,30.00,18,60,+0.056
14,Xander Schauffele,30.00,18,60,-0.500
14,Aaron Wise,30.00,18,60,+0.167
18,Marc Leishman,28.33,17,60,-0.353
19,Andrew Landry,26.67,16,60,-0.188
19,Scott Piercy,26.67,16,60,-0.250
19,"Ted Potter, Jr.",26.67,16,60,+0.125
19,Ian Poulter,26.67,16,60,-0.125
19,Webb Simpson,26.67,16,60,-0.125
19,Justin Thomas,26.67,16,60,-0.500
25,Brice Garnett,25.00,15,60,-0.067
25,Billy Horschel,25.00,15,60,+0.133
27,Keegan Bradley,23.33,14,60,-0.071
27,Francesco Molinari,23.33,14,60,+0.071
29,Matt Kuchar,21.67,13,60,+0.077
30,Brandt Snedeker,20.00,12,60,E
31,Michael Kim,16.67,10,60,-0.200
31,Andrew Putnam,16.67,10,60,-0.100
33,Satoshi Kodaira,10.00,6,60,+0.333
