rank,player,Avg,Total Distance (feet),# of Attempts,GIR Rank
1,Adam Scott,"31' 7""","2,273.917",72,Under
2,Casey Wittenberg,"31' 9""","2,288.917",72,Under
3,Ernie Els,"32' 0""","2,301.417",72,Under
3,Boo Weekley,"32' 0""","2,305.583",72,Under
5,Azuma Yano,"32' 5""","2,335.250",72,Under
6,Ted Purdy,"32' 6""","2,339.417",72,Under
7,Nathan Green,"32' 7""","2,345.833",72,Under
8,Bob Estes,"32' 8""","2,352.083",72,Under
8,Webb Simpson,"32' 8""","2,349.083",72,Under
10,Michael Allen,"32' 9""","2,360.917",72,Under
11,Tim Herron,"33' 1""","2,381.333",72,Under
12,Zach Johnson,"33' 4""","2,399.167",72,Under
13,Chez Reavie,"33' 5""","2,406.667",72,Under
14,Stewart Cink,"33' 8""","2,422.417",72,Under
14,D.J. Trahan,"33' 8""","2,425.333",72,Under
16,David Toms,"33' 9""","2,431.250",72,Under
17,Scott Piercy,"33' 10""","2,437.250",72,Under
18,Tommy Gainey,"33' 11""","2,443.000",72,Under
19,Matt Bettencourt,"34' 0""","2,446.417",72,Even
20,Jeff Klauk,"34' 2""","2,461.667",72,Under
20,Spencer Levin,"34' 2""","2,458.000",72,Over
22,Rory Sabbatini,"34' 3""","2,467.833",72,Under
23,Charles Howell III,"34' 5""","2,444.167",71,Under
24,Kevin Streelman,"34' 8""","2,493.000",72,Under
25,Michael Letzig,"34' 10""","2,508.167",72,Under
26,Tim Clark,"34' 11""","2,515.000",72,Under
27,Chris Stroud,"35' 0""","2,517.250",72,Under
28,Shigeki Maruyama,"35' 1""","2,528.250",72,Under
29,Jimmy Walker,"35' 2""","2,533.500",72,Under
30,Sean O'Hair,"35' 3""","2,535.250",72,Under
31,David Mathis,"35' 4""","2,546.500",72,Even
31,Kenny Perry,"35' 4""","2,545.583",72,Even
33,Jarrod Lyle,"35' 6""","2,556.833",72,Over
34,Cliff Kresge,"35' 7""","2,560.750",72,Under
35,Bart Bryant,"35' 10""","2,577.333",72,Under
36,Brian Gay,"36' 0""","2,593.750",72,Under
37,Joe Durant,"36' 1""","2,595.083",72,Even
38,George McNeill,"36' 2""","2,605.250",72,Under
38,Kevin Na,"36' 2""","2,605.833",72,Under
40,Glen Day,"36' 3""","2,608.417",72,Under
40,Steve Marino,"36' 3""","2,610.667",72,Under
42,Ryuji Imada,"36' 4""","2,615.333",72,Under
42,Jerry Kelly,"36' 4""","2,614.167",72,Under
44,Richard Johnson,"36' 5""","2,623.333",72,Even
44,Geoff Ogilvy,"36' 5""","2,623.833",72,Under
46,Arron Oberholser,"36' 6""","2,625.417",72,Under
46,D.A. Points,"36' 6""","2,626.000",72,Over
48,Scott Sterling,"36' 8""","2,640.833",72,Under
49,Tim Wilkinson,"36' 10""","2,653.583",72,Under
50,Marc Leishman,"37' 0""","2,663.000",72,Under
51,Steve Lowery,"37' 2""","2,676.000",72,Under
52,Luke Donald,"37' 3""","2,683.417",72,Under
53,Tadd Fujikawa,"37' 5""","2,695.250",72,Under
54,Bill Haas,"37' 6""","2,700.250",72,Under
55,Greg Owen,"37' 9""","2,720.667",72,Under
55,Andres Romero,"37' 9""","2,720.667",72,Over
57,Jeff Overton,"37' 10""","2,685.750",71,Over
58,Briny Baird,"38' 2""","2,747.583",72,Under
58,John Merrick,"38' 2""","2,750.417",72,Over
58,Steve Stricker,"38' 2""","2,748.167",72,Under
58,Brendon Todd,"38' 2""","2,745.667",72,Under
62,Troy Matteson,"38' 3""","2,752.500",72,Under
63,Alex Cejka,"38' 7""","2,778.000",72,Under
64,Cameron Beckman,"38' 11""","2,800.833",72,Under
65,Junpei Takayama,"39' 1""","2,815.250",72,Over
66,Hideto Tanihara,"39' 2""","2,817.167",72,Under
67,Harrison Frazar,"39' 3""","2,826.750",72,Under
68,Tom Pernice Jr.,"39' 6""","2,845.000",72,Even
69,K.J. Choi,"39' 10""","2,866.250",72,Under
70,Jeff Quinney,"40' 0""","2,881.917",72,Over
71,Brian Davis,"40' 7""","2,923.667",72,Under
72,Tag Ridings,"40' 9""","2,936.833",72,Over
73,Tim Petrovic,"40' 10""","2,940.917",72,Over
74,Wil Collins,"41' 6""","2,987.167",72,Under
75,Matthew Borchert,"41' 9""","3,004.917",72,Over
76,Arjun Atwal,"41' 10""","3,009.417",72,Over
77,Troy Kelly,"42' 1""","3,029.000",72,Over
78,Paul Azinger,"43' 3""","3,116.750",72,Over
