rank,player,Avg,Total Distance (feet),# of Attempts,Relative to par
1,Charles Howell III,"8' 10""",8.833,1,-1
2,Cameron Beckman,"8' 11""",8.917,1,-2
3,Bart Bryant,"11' 0""",11.000,1,-1
4,George McNeill,"36' 5""",36.417,1,-1
5,Tim Wilkinson,"38' 0""",38.000,1,-1
6,Sean O'Hair,"39' 8""",79.250,2,-1
7,Glen Day,"49' 5""",49.417,1,-1
8,Boo Weekley,"55' 8""",111.250,2,-2
9,Zach Johnson,"56' 7""",56.583,1,E
10,Junpei Takayama,"56' 11""",56.917,1,-1
11,Tim Clark,"65' 4""",65.333,1,-1
12,Matt Bettencourt,"75' 3""",75.250,1,-1
13,Joe Durant,"79' 11""",79.917,1,E
14,Nathan Green,"80' 1""",80.083,1,-1
15,David Mathis,"81' 1""",81.083,1,-1
16,Azuma Yano,"81' 7""",163.167,2,-1
17,Tag Ridings,"81' 10""",81.833,1,E
18,Bob Estes,"82' 10""",82.833,1,-1
19,Greg Owen,"83' 10""",167.583,2,-1
19,Chris Stroud,"83' 10""",167.667,2,E
21,Spencer Levin,"84' 11""",84.917,1,E
22,Steve Marino,"86' 11""",173.750,2,E
23,Steve Lowery,"87' 1""",87.083,1,E
24,Tommy Gainey,"87' 7""",87.583,1,E
25,Jeff Klauk,"90' 3""",90.250,1,E
26,Harrison Frazar,"96' 1""",96.083,1,E
27,Arron Oberholser,"97' 3""",97.250,1,-1
28,Adam Scott,"100' 2""",100.167,1,-1
29,Kenny Perry,"107' 6""",107.500,1,E
30,Chez Reavie,"109' 4""",109.333,1,E
31,Tim Petrovic,"111' 9""",111.750,1,E
32,Brian Davis,"113' 8""",227.250,2,-1
33,Andres Romero,"116' 10""",116.833,1,-1
34,Troy Matteson,"117' 2""",117.167,1,-1
