rank,player,Avg,Total Distance (feet),# of Attempts,Relative to par
1,John Merrick,"2' 7""",2.583,1,-1
2,Jarrod Lyle,"3' 3""",3.250,1,E
3,Tim Clark,"7' 4""",7.333,1,-1
4,David Toms,"9' 2""",18.250,2,-1
5,Hideto Tanihara,"9' 4""",9.333,1,-1
6,Wil Collins,"9' 7""",19.167,2,E
7,Steve Lowery,"9' 11""",29.833,3,+1
7,Webb Simpson,"9' 11""",19.833,2,E
9,Glen Day,"11' 6""",23.000,2,E
10,K.J. Choi,"11' 9""",35.167,3,-1
11,Arron Oberholser,"11' 10""",35.500,3,-2
12,Harrison Frazar,"12' 0""",23.917,2,E
13,Sean O'Hair,"12' 2""",24.250,2,-1
14,Andres Romero,"12' 4""",12.333,1,-1
15,Chez Reavie,"12' 11""",51.750,4,-1
16,Brian Gay,"13' 1""",39.250,3,-1
17,Casey Wittenberg,"13' 6""",26.917,2,+1
18,Tadd Fujikawa,"14' 1""",42.333,3,-1
19,Cliff Kresge,"14' 2""",42.417,3,-1
19,Tom Pernice Jr.,"14' 2""",28.333,2,E
19,Tim Wilkinson,"14' 2""",14.167,1,E
22,Jeff Klauk,"14' 3""",14.250,1,-1
23,Jerry Kelly,"14' 11""",14.917,1,E
24,Junpei Takayama,"15' 0""",15.000,1,+1
25,Arjun Atwal,"15' 1""",15.083,1,-1
25,Briny Baird,"15' 1""",30.167,2,+1
25,Troy Kelly,"15' 1""",15.083,1,E
28,Boo Weekley,"15' 11""",15.917,1,E
29,Michael Letzig,"16' 2""",32.250,2,-1
30,Nathan Green,"16' 9""",33.417,2,E
30,Rory Sabbatini,"16' 9""",50.250,3,-1
32,Richard Johnson,"17' 0""",17.000,1,E
33,Brian Davis,"17' 1""",51.333,3,-2
34,Spencer Levin,"17' 2""",51.583,3,-1
35,Adam Scott,"18' 8""",37.250,2,+2
36,Kevin Na,"18' 9""",18.750,1,E
37,Marc Leishman,"19' 3""",38.500,2,E
38,Zach Johnson,"19' 6""",38.917,2,-1
39,Bart Bryant,"20' 0""",60.083,3,-2
40,Matt Bettencourt,"20' 7""",41.167,2,-1
41,Ted Purdy,"22' 5""",44.833,2,E
42,Chris Stroud,"22' 6""",89.917,4,+2
43,Tim Petrovic,"23' 0""",46.000,2,+2
44,Scott Sterling,"24' 5""",24.417,1,E
45,Ryuji Imada,"24' 11""",49.833,2,+2
46,Joe Durant,"25' 4""",25.333,1,E
47,David Mathis,"25' 9""",25.750,1,+2
48,Tim Herron,"25' 10""",25.833,1,+1
49,Kevin Streelman,"27' 4""",54.667,2,E
50,Kenny Perry,"29' 3""",29.250,1,E
50,D.A. Points,"29' 3""",58.500,2,-1
52,Alex Cejka,"30' 10""",92.417,3,-1
53,Brendon Todd,"31' 2""",31.167,1,-1
54,Matthew Borchert,"32' 8""",32.667,1,+1
55,Cameron Beckman,"32' 11""",32.917,1,E
56,Jeff Quinney,"38' 4""",114.917,3,E
57,Luke Donald,"39' 8""",79.250,2,+1
58,Tag Ridings,"41' 11""",41.917,1,E
