rank,player,Avg,Total Distance (feet),# of Attempts,Relative to par
1,Paul Azinger,"2' 3""",2.250,1,-1
2,Azuma Yano,"3' 1""",3.083,1,-1
3,Adam Scott,"3' 7""",7.083,2,-2
4,Zach Johnson,"3' 10""",3.833,1,-1
5,Scott Piercy,"4' 9""",4.750,1,E
6,Brian Davis,"5' 10""",5.833,1,-1
7,Stewart Cink,"7' 3""",14.500,2,-1
7,Greg Owen,"7' 3""",14.500,2,-2
9,Webb Simpson,"8' 3""",8.250,1,+1
10,Steve Marino,"8' 5""",16.833,2,E
11,George McNeill,"8' 8""",8.667,1,E
12,Scott Sterling,"8' 9""",17.500,2,E
13,Jerry Kelly,"8' 10""",17.667,2,-1
14,Alex Cejka,"9' 3""",27.750,3,+1
15,John Merrick,"9' 4""",28.000,3,E
16,Jimmy Walker,"10' 9""",10.750,1,-1
17,Luke Donald,"10' 10""",10.833,1,-1
18,Geoff Ogilvy,"10' 11""",43.500,4,-2
19,Charles Howell III,"11' 0""",33.000,3,-2
19,D.A. Points,"11' 0""",33.000,3,-1
21,Jeff Klauk,"11' 1""",22.167,2,+1
21,Jarrod Lyle,"11' 1""",22.167,2,E
23,David Toms,"11' 4""",22.583,2,-1
24,Troy Matteson,"11' 7""",11.583,1,E
25,Cameron Beckman,"11' 10""",11.833,1,+1
26,Briny Baird,"11' 11""",35.750,3,E
27,Ryuji Imada,"12' 2""",12.167,1,E
28,Marc Leishman,"12' 5""",12.417,1,-1
29,D.J. Trahan,"12' 11""",38.667,3,-1
30,Tadd Fujikawa,"13' 2""",13.167,1,E
30,Shigeki Maruyama,"13' 2""",39.500,3,+1
32,Tim Clark,"13' 4""",26.667,2,E
33,Spencer Levin,"13' 10""",27.667,2,E
34,Michael Letzig,"14' 0""",42.083,3,-1
35,Tim Herron,"14' 1""",42.333,3,-1
36,Michael Allen,"14' 8""",43.917,3,E
36,Tim Wilkinson,"14' 8""",58.750,4,E
38,Boo Weekley,"15' 4""",30.667,2,-1
39,Ernie Els,"15' 8""",31.333,2,+1
40,Brendon Todd,"15' 10""",47.500,3,E
41,Bob Estes,"16' 5""",16.417,1,-1
41,Steve Lowery,"16' 5""",65.500,4,E
43,Troy Kelly,"17' 11""",17.917,1,+1
43,Casey Wittenberg,"17' 11""",35.833,2,E
45,Wil Collins,"18' 0""",18.000,1,+1
46,Harrison Frazar,"18' 4""",18.333,1,+1
46,Kenny Perry,"18' 4""",36.667,2,E
48,Cliff Kresge,"18' 5""",36.750,2,E
49,Joe Durant,"19' 5""",58.333,3,-2
50,Kevin Na,"20' 3""",20.250,1,E
51,Rory Sabbatini,"20' 5""",61.333,3,+1
52,Tim Petrovic,"20' 7""",61.833,3,E
53,Sean O'Hair,"21' 1""",42.083,2,E
54,Bill Haas,"23' 5""",23.417,1,E
55,Bart Bryant,"24' 0""",48.000,2,-1
56,Steve Stricker,"26' 6""",26.500,1,+1
57,Arron Oberholser,"28' 3""",28.250,1,E
58,Kevin Streelman,"31' 1""",62.083,2,E
59,Arjun Atwal,"32' 5""",32.417,1,E
60,Andres Romero,"32' 10""",32.833,1,E
61,Matthew Borchert,"35' 4""",35.333,1,E
62,Junpei Takayama,"38' 2""",38.167,1,+1
63,Jeff Quinney,"39' 6""",39.500,1,+1
64,David Mathis,"44' 6""",44.500,1,E
65,Tommy Gainey,"68' 9""",68.750,1,+2
66,Matt Bettencourt,"76' 11""",76.917,1,E
