rank,player,%,Total 3 Putts,Total Holes (overall)
1,Jordan Spieth,.00,0,72
2,Matt Kuchar,1.39,1,72
2,Martin Laird,1.39,1,72
2,Adam Scott,1.39,1,72
2,Gary Woodland,1.39,1,72
6,Woody Austin,2.78,2,72
6,Patrick Reed,2.78,2,72
6,Webb Simpson,2.78,2,72
6,Brandt Snedeker,2.78,2,72
6,Kevin Streelman,2.78,2,72
6,Jimmy Walker,2.78,2,72
12,Sangmoon Bae,4.17,3,72
12,Jonas Blixt,4.17,3,72
12,Scott Brown,4.17,3,72
12,Jason Dufner,4.17,3,72
12,Ken Duke,4.17,3,72
12,Brian Gay,4.17,3,72
12,Billy Horschel,4.17,3,72
19,Derek Ernst,5.56,4,72
19,Russell Henley,5.56,4,72
19,Dustin Johnson,5.56,4,72
19,Zach Johnson,5.56,4,72
19,Chris Kirk,5.56,4,72
24,Harris English,6.94,5,72
24,John Merrick,6.94,5,72
24,Ryan Moore,6.94,5,72
24,D.A. Points,6.94,5,72
28,Bill Haas,8.33,6,72
29,Michael Thompson,9.72,7,72
29,Boo Weekley,9.72,7,72
