rank,player,Avg,Total Putts,Total Rounds,Low Total Putts
1,Kevin Streelman,28.25,113,4,26
2,Zach Johnson,28.50,114,4,27
3,Sangmoon Bae,29.00,116,4,25
4,Brandt Snedeker,29.25,117,4,25
4,Jimmy Walker,29.25,117,4,27
6,Woody Austin,29.50,118,4,28
6,Jonas Blixt,29.50,118,4,29
6,Matt Kuchar,29.50,118,4,28
6,Adam Scott,29.50,118,4,28
6,Webb Simpson,29.50,118,4,26
6,Jordan Spieth,29.50,118,4,28
12,Jason Dufner,29.75,119,4,27
12,Patrick Reed,29.75,119,4,28
14,Ken Duke,30.25,121,4,26
14,Billy Horschel,30.25,121,4,29
16,Scott Brown,30.50,122,4,28
17,Brian Gay,30.75,123,4,26
18,Ryan Moore,31.00,124,4,29
19,Harris English,31.25,125,4,29
19,Russell Henley,31.25,125,4,30
19,Gary Woodland,31.25,125,4,30
22,Dustin Johnson,31.50,126,4,30
23,Martin Laird,31.75,127,4,30
23,D.A. Points,31.75,127,4,30
25,Bill Haas,32.00,128,4,28
25,Chris Kirk,32.00,128,4,31
25,John Merrick,32.00,128,4,30
25,Michael Thompson,32.00,128,4,30
29,Derek Ernst,32.75,131,4,30
30,Boo Weekley,33.75,135,4,32
