rank,player,Avg,Total SG:ARG,Measured Rounds
1,Hideki Matsuyama,1.168,4.673,4
2,Cody Gribble,.773,3.091,4
3,Si Woo Kim,.679,2.715,4
4,Dustin Johnson,.653,2.613,4
5,Brandt Snedeker,.609,2.436,4
6,Jason Day,.486,1.943,4
7,Pat Perez,.485,1.938,4
8,Brian Stuard,.420,1.681,4
9,Patrick Reed,.372,1.488,4
10,Rod Pampling,.336,1.342,4
11,Tony Finau,.333,1.332,4
12,Russell Knox,.253,1.012,4
12,Justin Thomas,.253,1.013,4
14,Mackenzie Hughes,.120,.481,4
15,Greg Chalmers,.113,.452,4
16,Brendan Steele,.066,.262,4
17,Fabián Gómez,.010,.041,4
18,Jason Dufner,-.046,-.183,4
19,Aaron Baddeley,-.077,-.307,4
20,James Hahn,-.091,-.365,4
21,Daniel Berger,-.193,-.773,4
22,Charley Hoffman,-.217,-.867,4
23,Ryan Moore,-.290,-1.160,4
23,Jhonattan Vegas,-.290,-1.159,4
25,Jordan Spieth,-.397,-1.588,4
26,Billy Hurley III,-.410,-1.642,4
27,Jimmy Walker,-.493,-1.973,4
28,Bubba Watson,-.626,-2.505,4
29,Vaughn Taylor,-.792,-3.167,4
30,Jim Herman,-.954,-3.817,4
31,William McGirt,-1.021,-4.084,4
32,Branden Grace,-1.233,-4.934,4
