rank,player,Avg,Total SG:Putting,Measured Rounds
1,Cody Gribble,1.938,7.752,4
2,Fabián Gómez,1.084,4.335,4
3,Jordan Spieth,1.043,4.170,4
4,Justin Thomas,.808,3.232,4
5,Patrick Reed,.781,3.126,4
6,Jim Herman,.765,3.061,4
7,Russell Knox,.760,3.039,4
8,Pat Perez,.673,2.691,4
9,Jimmy Walker,.661,2.645,4
10,William McGirt,.624,2.496,4
11,Ryan Moore,.589,2.358,4
12,Brendan Steele,.329,1.317,4
13,Hideki Matsuyama,.289,1.157,4
14,Jason Dufner,.190,.762,4
15,Vaughn Taylor,.168,.671,4
16,Greg Chalmers,.107,.427,4
17,Si Woo Kim,.029,.115,4
18,Daniel Berger,-.068,-.270,4
19,Mackenzie Hughes,-.083,-.334,4
20,Jason Day,-.164,-.655,4
21,Billy Hurley III,-.454,-1.816,4
22,Charley Hoffman,-.487,-1.949,4
23,James Hahn,-.551,-2.204,4
24,Rod Pampling,-.564,-2.255,4
25,Brian Stuard,-.639,-2.557,4
26,Dustin Johnson,-.704,-2.818,4
27,Brandt Snedeker,-.722,-2.889,4
28,Tony Finau,-.774,-3.097,4
29,Aaron Baddeley,-1.303,-5.214,4
30,Jhonattan Vegas,-1.327,-5.307,4
31,Branden Grace,-1.358,-5.433,4
32,Bubba Watson,-1.639,-6.556,4
