rank,player,Avg,Total SG:APP,Measured Rounds
1,Ryan Moore,1.583,6.331,4
2,William McGirt,.952,3.807,4
3,Brendan Steele,.846,3.382,4
4,Jimmy Walker,.839,3.355,4
5,Jordan Spieth,.734,2.936,4
6,Justin Thomas,.588,2.353,4
7,Pat Perez,.581,2.323,4
8,Jim Herman,.438,1.750,4
9,James Hahn,.423,1.693,4
10,Charley Hoffman,.404,1.614,4
11,Tony Finau,.390,1.559,4
12,Brian Stuard,.382,1.528,4
13,Brandt Snedeker,.368,1.473,4
14,Daniel Berger,.318,1.273,4
15,Aaron Baddeley,.132,.526,4
16,Vaughn Taylor,.047,.187,4
17,Rod Pampling,.044,.176,4
18,Hideki Matsuyama,-.012,-.047,4
19,Billy Hurley III,-.122,-.490,4
20,Jason Day,-.165,-.659,4
21,Russell Knox,-.216,-.865,4
22,Greg Chalmers,-.229,-.916,4
23,Dustin Johnson,-.385,-1.542,4
24,Bubba Watson,-.394,-1.578,4
25,Jason Dufner,-.536,-2.144,4
26,Jhonattan Vegas,-.623,-2.491,4
27,Patrick Reed,-.671,-2.685,4
28,Branden Grace,-.699,-2.797,4
29,Si Woo Kim,-.810,-3.241,4
30,Fabián Gómez,-.871,-3.483,4
31,Mackenzie Hughes,-1.411,-5.645,4
32,Cody Gribble,-1.921,-7.685,4
