rank,player,Avg,Total Club Head Speed,Total Attempts
1,Brett Wetterich,122.59,245.19,2
2,J.B. Holmes,122.21,488.83,4
3,Chris Couch,120.69,482.75,4
4,Troy Matteson,120.18,480.71,4
5,Davis Love III,119.63,478.52,4
6,John Senden,118.20,354.60,3
7,J.J. Henry,117.78,471.14,4
8,Aaron Baddeley,117.58,235.16,2
9,Adam Scott,117.48,469.92,4
10,Joe Durant,116.88,350.64,3
11,Geoff Ogilvy,116.66,466.63,4
12,Stuart Appleby,116.43,465.73,4
13,Vijay Singh,115.60,346.80,3
14,Trevor Immelman,115.57,462.29,4
15,Rory Sabbatini,115.26,461.06,4
16,Chad Campbell,115.22,345.66,3
17,John Rollins,114.84,459.38,4
18,Rod Pampling,114.42,343.26,3
19,Tim Herron,114.39,343.17,3
20,Stephen Ames,114.33,342.99,3
21,Will MacKenzie,114.10,456.39,4
21,Carl Pettersson,114.10,342.31,3
23,K.J. Choi,113.40,453.61,4
24,D.J. Trahan,112.86,225.73,2
25,Eric Axley,111.61,334.84,3
26,Jim Furyk,111.15,444.62,4
27,Jeff Maggert,110.60,442.41,4
28,Dean Wilson,110.48,331.45,3
29,Luke Donald,109.90,439.60,4
30,David Toms,109.75,329.24,3
31,Ben Curtis,107.82,215.65,2
32,Kirk Triplett,106.58,426.31,4
33,Corey Pavin,104.46,417.86,4
