rank,player,Avg,Total Vert. Launch Angle,Total Attempts
1,Geoff Ogilvy,12.62,50.50,4
2,Jeff Maggert,12.41,49.63,4
3,Kirk Triplett,11.16,44.66,4
4,David Toms,11.07,33.21,3
5,Dean Wilson,10.92,32.75,3
6,Corey Pavin,10.54,42.17,4
7,D.J. Trahan,10.33,20.65,2
8,Luke Donald,10.27,41.07,4
9,Troy Matteson,10.22,40.87,4
10,Ben Curtis,10.04,20.09,2
11,Carl Pettersson,9.97,29.90,3
12,Will MacKenzie,9.81,39.24,4
13,Davis Love III,9.78,39.12,4
14,Eric Axley,9.63,28.88,3
15,Tim Herron,9.55,28.66,3
16,John Rollins,9.35,37.42,4
17,Stuart Appleby,8.97,35.88,4
18,Chad Campbell,8.96,26.87,3
19,Rod Pampling,8.77,26.30,3
20,Joe Durant,8.58,25.74,3
21,Chris Couch,8.48,33.92,4
22,Vijay Singh,8.47,25.41,3
23,Aaron Baddeley,8.46,16.93,2
24,Jim Furyk,8.35,33.39,4
25,J.B. Holmes,8.29,33.18,4
26,Brett Wetterich,8.17,16.35,2
27,John Senden,7.76,23.27,3
28,K.J. Choi,7.67,30.67,4
29,Stephen Ames,7.61,22.82,3
30,Adam Scott,7.42,29.67,4
31,J.J. Henry,6.74,26.98,4
31,Rory Sabbatini,6.74,26.96,4
33,Trevor Immelman,6.56,26.22,4
