rank,player,Avg,Total Dist. to Impact,Total Attempts
1,Geoff Ogilvy,338.6,338.6,1
2,Davis Love III,323.4,970.2,3
3,Chris Couch,320.9,641.9,2
4,Adam Scott,320.1,320.1,1
5,D.J. Trahan,315.8,315.8,1
6,Troy Matteson,310.6,310.6,1
7,Carl Pettersson,310.2,620.3,2
8,J.B. Holmes,308.3,616.7,2
9,Rod Pampling,308.1,616.2,2
10,Joe Durant,307.5,922.6,3
11,Vijay Singh,307.0,614.0,2
12,Brett Wetterich,306.1,306.1,1
13,John Senden,305.1,305.1,1
14,John Rollins,303.8,303.8,1
15,Will MacKenzie,303.2,909.6,3
16,Eric Axley,302.1,302.1,1
17,Luke Donald,300.6,"1,202.3",4
18,Dean Wilson,295.8,295.8,1
19,Trevor Immelman,295.6,"1,182.4",4
20,Stuart Appleby,295.5,591.0,2
21,Stephen Ames,295.3,590.7,2
22,Jeff Maggert,295.1,885.3,3
23,J.J. Henry,293.8,293.8,1
23,Rory Sabbatini,293.8,587.7,2
25,Chad Campbell,293.5,880.6,3
26,Tim Herron,286.9,573.8,2
27,K.J. Choi,286.2,"1,144.9",4
28,David Toms,285.8,857.4,3
29,Kirk Triplett,281.5,844.5,3
30,Jim Furyk,281.2,"1,124.7",4
31,Corey Pavin,260.9,521.7,2
