rank,player,Combined Rank,Carry Efficiency Rank,Total Dist. Effic. Rank
1,Geoff Ogilvy,2,1,1
2,D.J. Trahan,6,2,4
3,Jeff Maggert,10,8,2
4,Eric Axley,14,3,11
4,Davis Love III,14,9,5
6,Luke Donald,15,5,10
7,John Rollins,19,11,8
7,Adam Scott,19,7,12
9,Carl Pettersson,20,6,14
10,Stephen Ames,22,19,3
10,Vijay Singh,22,13,9
12,Dean Wilson,25,4,21
13,Rod Pampling,26,10,16
14,Rory Sabbatini,33,20,13
14,Kirk Triplett,33,16,17
16,Chris Couch,34,14,20
17,David Toms,36,17,19
18,Stuart Appleby,37,22,15
19,J.J. Henry,38,31,7
20,Will MacKenzie,39,11,28
21,Jim Furyk,42,24,18
21,John Senden,42,18,24
23,Trevor Immelman,47,20,27
24,Joe Durant,48,15,33
24,J.B. Holmes,48,26,22
26,Troy Matteson,52,27,25
27,Corey Pavin,53,30,23
28,Chad Campbell,55,23,32
28,K.J. Choi,55,25,30
30,Brett Wetterich,57,28,29
31,Tim Herron,59,29,30
