rank,player,Avg,Total Apex Range,Total Attempts
1,Davis Love III,194.2,777.0,4
2,Chris Couch,194.1,776.5,4
3,J.B. Holmes,192.2,768.8,4
4,John Senden,191.3,574.0,3
5,Brett Wetterich,188.3,376.7,2
6,Troy Matteson,187.7,751.0,4
7,Geoff Ogilvy,186.3,745.3,4
8,John Rollins,183.4,550.2,3
9,Adam Scott,181.6,726.4,4
10,Joe Durant,180.2,540.7,3
11,Rod Pampling,179.3,537.8,3
12,Stuart Appleby,178.0,712.1,4
13,J.J. Henry,177.9,711.7,4
14,Chad Campbell,177.8,533.3,3
14,K.J. Choi,177.8,711.1,4
16,Will MacKenzie,176.4,705.5,4
17,Trevor Immelman,176.0,703.9,4
18,D.J. Trahan,175.8,351.6,2
19,Rory Sabbatini,174.8,699.0,4
20,Carl Pettersson,173.4,520.3,3
21,Stephen Ames,171.9,515.7,3
22,Tim Herron,171.6,514.8,3
23,Jeff Maggert,170.4,681.6,4
24,Eric Axley,170.3,510.8,3
25,Luke Donald,169.3,677.3,4
26,Aaron Baddeley,167.4,334.8,2
27,Vijay Singh,164.5,493.5,3
28,Dean Wilson,163.7,491.2,3
29,Jim Furyk,163.2,652.8,4
29,David Toms,163.2,489.6,3
31,Kirk Triplett,160.3,641.0,4
32,Ben Curtis,154.9,309.7,2
33,Corey Pavin,145.5,582.1,4
