rank,player,Avg,Total Spin Speed,Total Attempts
1,Chris Couch,"3,114.5","12,458",4
2,K.J. Choi,"3,048.0","12,192",4
3,Rod Pampling,"3,037.0","9,111",3
4,John Rollins,"2,992.0","11,968",4
5,Tim Herron,"2,949.5","5,899",2
6,Trevor Immelman,"2,923.5","5,847",2
7,Troy Matteson,"2,858.0","11,432",4
8,Davis Love III,"2,841.3","11,365",4
9,Chad Campbell,"2,833.0","5,666",2
10,John Senden,"2,758.3","8,275",3
11,Stephen Ames,"2,732.3","8,197",3
12,Will MacKenzie,"2,723.5","10,894",4
13,Rory Sabbatini,"2,700.3","10,801",4
14,Jim Furyk,"2,671.3","10,685",4
15,J.B. Holmes,"2,631.0","10,524",4
16,David Toms,"2,626.7","7,880",3
17,J.J. Henry,"2,622.3","10,489",4
18,Luke Donald,"2,601.0","7,803",3
19,Stuart Appleby,"2,549.3","10,197",4
20,Jeff Maggert,"2,476.5","9,906",4
21,Kirk Triplett,"2,431.8","9,727",4
22,Eric Axley,"2,426.0","7,278",3
23,Brett Wetterich,"2,409.0","2,409",1
24,Adam Scott,"2,361.0","7,083",3
25,Corey Pavin,"2,313.3","6,940",3
26,Carl Pettersson,"2,292.3","6,877",3
27,Vijay Singh,"2,286.5","4,573",2
28,Ben Curtis,"2,253.5","4,507",2
29,Geoff Ogilvy,"2,206.0","8,824",4
30,Joe Durant,"2,204.0","4,408",2
31,Dean Wilson,"2,169.7","6,509",3
32,Aaron Baddeley,"2,105.5","4,211",2
33,D.J. Trahan,"1,889.0","3,778",2
