rank,player,Avg,Total Actual Hang Time,Total Attempts
1,Tim Herron,7.2,21.6,3
2,Davis Love III,6.9,27.7,4
3,Geoff Ogilvy,6.8,27.2,4
4,Chris Couch,6.7,26.6,4
5,J.B. Holmes,6.6,26.5,4
5,Troy Matteson,6.6,26.4,4
5,John Senden,6.6,19.9,3
8,Jeff Maggert,6.4,25.7,4
8,Rod Pampling,6.4,19.3,3
10,Stuart Appleby,6.3,25.2,4
10,D.J. Trahan,6.3,12.6,2
12,Eric Axley,6.2,18.7,3
12,K.J. Choi,6.2,24.8,4
12,Luke Donald,6.2,24.8,4
12,Joe Durant,6.2,18.5,3
12,Will MacKenzie,6.2,25.0,4
12,David Toms,6.2,18.7,3
12,Brett Wetterich,6.2,12.4,2
19,Chad Campbell,6.0,17.9,3
19,Carl Pettersson,6.0,18.0,3
19,John Rollins,6.0,24.2,4
19,Kirk Triplett,6.0,24.0,4
23,Trevor Immelman,5.9,23.6,4
23,Adam Scott,5.9,23.7,4
23,Dean Wilson,5.9,17.8,3
26,Stephen Ames,5.8,17.3,3
26,Jim Furyk,5.8,23.4,4
26,J.J. Henry,5.8,23.3,4
29,Rory Sabbatini,5.7,22.9,4
30,Ben Curtis,5.5,11.1,2
30,Corey Pavin,5.5,21.8,4
32,Vijay Singh,5.3,16.0,3
33,Aaron Baddeley,4.9,9.8,2
