rank,player,%,Total 3 Putts,Total Holes (overall)
1,Stuart Appleby,.00,0,72
2,Stewart Cink,1.39,1,72
2,Brent Geiberger,1.39,1,72
2,Jonathan Kaye,1.39,1,72
2,Rod Pampling,1.39,1,72
2,Adam Scott,1.39,1,72
7,John Daly,2.78,2,72
7,Steve Flesch,2.78,2,72
7,Retief Goosen,2.78,2,72
7,Craig Parry,2.78,2,72
7,Andre Stolz,2.78,2,72
12,Stephen Ames,4.17,3,72
12,Bart Bryant,4.17,3,72
12,Jonathan Byrd,4.17,3,72
12,Chad Campbell,4.17,3,72
12,Ernie Els,4.17,3,72
12,Sergio Garcia,4.17,3,72
12,Todd Hamilton,4.17,3,72
12,Mark Hensby,4.17,3,72
12,Zach Johnson,4.17,3,72
12,Vijay Singh,4.17,3,72
12,Heath Slocum,4.17,3,72
12,David Toms,4.17,3,72
12,Mike Weir,4.17,3,72
12,Tiger Woods,4.17,3,72
26,Woody Austin,5.56,4,72
26,Fred Funk,5.56,4,72
26,Ryan Palmer,5.56,4,72
29,Joey Sindelar,6.94,5,72
29,Vaughn Taylor,6.94,5,72
31,Carlos Franco,12.50,9,72
