rank,player,Avg,Total Putts,Total Rounds,Low Total Putts
1,Jonathan Kaye,28.25,113,4,28
2,Stuart Appleby,29.00,116,4,28
2,Woody Austin,29.00,116,4,27
2,Stewart Cink,29.00,116,4,28
5,Adam Scott,29.50,118,4,27
6,Vijay Singh,29.75,119,4,26
7,Jonathan Byrd,30.00,120,4,28
7,Ernie Els,30.00,120,4,28
7,Brent Geiberger,30.00,120,4,28
7,Retief Goosen,30.00,120,4,25
7,Andre Stolz,30.00,120,4,28
7,Mike Weir,30.00,120,4,23
13,Zach Johnson,30.25,121,4,27
13,David Toms,30.25,121,4,25
15,John Daly,30.50,122,4,29
15,Steve Flesch,30.50,122,4,29
15,Rod Pampling,30.50,122,4,30
15,Vaughn Taylor,30.50,122,4,28
15,Tiger Woods,30.50,122,4,29
20,Heath Slocum,30.75,123,4,28
21,Bart Bryant,31.00,124,4,30
21,Todd Hamilton,31.00,124,4,30
21,Mark Hensby,31.00,124,4,30
21,Craig Parry,31.00,124,4,29
21,Joey Sindelar,31.00,124,4,29
26,Stephen Ames,31.25,125,4,28
27,Chad Campbell,31.50,126,4,30
28,Ryan Palmer,31.75,127,4,30
29,Sergio Garcia,32.00,128,4,29
30,Fred Funk,32.50,130,4,28
31,Carlos Franco,32.75,131,4,31
