rank,player,%,Attempts,Putts made
1,Jason Dufner,50.00,4,2
1,Matt Kuchar,50.00,6,3
3,Zach Johnson,42.86,7,3
3,Scott Piercy,42.86,7,3
5,Brandt Snedeker,37.50,8,3
6,Keegan Bradley,33.33,9,3
6,Rickie Fowler,33.33,6,2
8,Kyle Stanley,30.00,10,3
9,Tommy Gainey,25.00,8,2
9,Ian Poulter,25.00,4,1
9,Steve Stricker,25.00,8,2
9,Nick Watney,25.00,4,1
9,Mark Wilson,25.00,4,1
14,Charlie Beljan,20.00,10,2
14,Webb Simpson,20.00,5,1
16,Scott Stallings,18.18,11,2
17,Ben Curtis,16.67,6,1
17,J.J. Henry,16.67,6,1
17,Hunter Mahan,16.67,6,1
20,Dustin Johnson,14.29,7,1
21,Marc Leishman,12.50,8,1
21,Johnson Wagner,12.50,8,1
23,Carl Pettersson,11.11,9,1
24,Ryan Moore,10.00,10,1
25,Jonas Blixt,.00,5,-
25,Bill Haas,.00,8,-
25,John Huh,.00,6,-
25,George McNeill,.00,7,-
25,"Ted Potter, Jr.",.00,4,-
25,Bubba Watson,.00,9,-
