rank,player,%,Attempts,Putts made
1,Brandt Snedeker,13.33,15,2
2,Jonas Blixt,8.33,12,1
3,"Ted Potter, Jr.",7.14,14,1
3,Ian Poulter,7.14,14,1
5,Bubba Watson,6.25,16,1
6,Jason Dufner,5.88,17,1
6,Tommy Gainey,5.88,17,1
6,Zach Johnson,5.88,17,1
6,Johnson Wagner,5.88,17,1
10,Nick Watney,5.56,18,1
11,Mark Wilson,5.26,19,1
12,Charlie Beljan,.00,16,-
12,Keegan Bradley,.00,18,-
12,Ben Curtis,.00,14,-
12,Rickie Fowler,.00,15,-
12,Bill Haas,.00,12,-
12,J.J. Henry,.00,20,-
12,John Huh,.00,23,-
12,Dustin Johnson,.00,13,-
12,Matt Kuchar,.00,16,-
12,Marc Leishman,.00,15,-
12,Hunter Mahan,.00,15,-
12,George McNeill,.00,24,-
12,Ryan Moore,.00,14,-
12,Carl Pettersson,.00,18,-
12,Scott Piercy,.00,17,-
12,Webb Simpson,.00,12,-
12,Scott Stallings,.00,12,-
12,Kyle Stanley,.00,20,-
12,Steve Stricker,.00,11,-
