rank,player,% Made,Attempts,Putts Made
1,Brandt Snedeker,2.86,7,2
2,Jonas Blixt,2.00,5,1
3,"Ted Potter, Jr.",1.11,9,1
4,Nick Watney,1.00,10,1
5,Charlie Beljan,.00,10,-
5,Keegan Bradley,.00,14,-
5,Ben Curtis,.00,8,-
5,Jason Dufner,.00,11,-
5,Rickie Fowler,.00,8,-
5,Tommy Gainey,.00,8,-
5,Bill Haas,.00,7,-
5,J.J. Henry,.00,11,-
5,John Huh,.00,15,-
5,Dustin Johnson,.00,9,-
5,Zach Johnson,.00,10,-
5,Matt Kuchar,.00,10,-
5,Marc Leishman,.00,11,-
5,Hunter Mahan,.00,7,-
5,George McNeill,.00,15,-
5,Ryan Moore,.00,8,-
5,Carl Pettersson,.00,8,-
5,Scott Piercy,.00,10,-
5,Ian Poulter,.00,8,-
5,Webb Simpson,.00,6,-
5,Scott Stallings,.00,8,-
5,Kyle Stanley,.00,13,-
5,Steve Stricker,.00,6,-
5,Johnson Wagner,.00,11,-
5,Bubba Watson,.00,8,-
5,Mark Wilson,.00,12,-
