rank,player,%,Attempts,Putts made
1,Ian Poulter,33.33,6,2
2,Marc Leishman,28.57,7,2
3,J.J. Henry,22.22,9,2
4,Scott Stallings,20.00,5,1
5,Rickie Fowler,16.67,6,1
5,Hunter Mahan,16.67,6,1
5,"Ted Potter, Jr.",16.67,6,1
5,Steve Stricker,16.67,6,1
9,Jonas Blixt,14.29,7,1
9,Keegan Bradley,14.29,7,1
9,Tommy Gainey,14.29,7,1
9,Dustin Johnson,14.29,7,1
9,Johnson Wagner,14.29,7,1
9,Nick Watney,14.29,7,1
9,Bubba Watson,14.29,7,1
16,Webb Simpson,12.50,8,1
16,Mark Wilson,12.50,8,1
18,Charlie Beljan,.00,3,-
18,Ben Curtis,.00,4,-
18,Jason Dufner,.00,4,-
18,Bill Haas,.00,6,-
18,John Huh,.00,5,-
18,Zach Johnson,.00,7,-
18,Matt Kuchar,.00,3,-
18,George McNeill,.00,3,-
18,Ryan Moore,.00,6,-
18,Carl Pettersson,.00,5,-
18,Scott Piercy,.00,4,-
18,Brandt Snedeker,.00,3,-
18,Kyle Stanley,.00,3,-
