rank,player,% Made,Attempts,Putts Made
1,Zach Johnson,3.33,3,1
2,Johnson Wagner,2.50,4,1
3,Tommy Gainey,2.00,5,1
4,Charlie Beljan,.00,4,-
4,Jonas Blixt,.00,2,-
4,Keegan Bradley,.00,2,-
4,Ben Curtis,.00,4,-
4,Jason Dufner,.00,2,-
4,Rickie Fowler,.00,4,-
4,Bill Haas,.00,2,-
4,J.J. Henry,.00,5,-
4,John Huh,.00,5,-
4,Dustin Johnson,.00,3,-
4,Matt Kuchar,.00,3,-
4,Marc Leishman,.00,1,-
4,Hunter Mahan,.00,6,-
4,George McNeill,.00,4,-
4,Ryan Moore,.00,2,-
4,Carl Pettersson,.00,3,-
4,Scott Piercy,.00,3,-
4,Ian Poulter,.00,1,-
4,Webb Simpson,.00,3,-
4,Brandt Snedeker,.00,5,-
4,Scott Stallings,.00,3,-
4,Kyle Stanley,.00,2,-
4,Steve Stricker,.00,4,-
4,Nick Watney,.00,5,-
4,Bubba Watson,.00,4,-
4,Mark Wilson,.00,3,-
