rank,player,%,Attempts
1,Aaron Baddeley,100.00,16
1,Adam Scott,100.00,16
3,Stuart Appleby,93.75,15
3,J.J. Henry,93.75,15
5,Davis Love III,87.50,14
5,Carl Pettersson,87.50,14
5,Brett Wetterich,87.50,14
8,K.J. Choi,81.25,13
8,Trevor Immelman,81.25,13
10,Eric Axley,75.00,12
10,Tim Herron,75.00,12
10,J.B. Holmes,75.00,12
10,Troy Matteson,75.00,12
10,Geoff Ogilvy,75.00,12
10,Rory Sabbatini,75.00,12
10,Vijay Singh,75.00,12
17,Chris Couch,68.75,11
18,Luke Donald,62.50,10
18,Joe Durant,62.50,10
18,Will MacKenzie,62.50,10
18,Rod Pampling,62.50,10
18,John Rollins,62.50,10
18,D.J. Trahan,62.50,10
24,John Senden,56.25,9
25,Stephen Ames,50.00,8
26,Chad Campbell,43.75,7
26,Jeff Maggert,43.75,7
26,David Toms,43.75,7
29,Jim Furyk,37.50,6
29,Dean Wilson,37.50,6
31,Ben Curtis,31.25,5
32,Corey Pavin,18.75,3
32,Kirk Triplett,18.75,3
