rank,player,Avg,Total Dist after GFG Shot,Total GFG Shots
1,J.B. Holmes,21.7,"14,057.000",18
2,Joe Durant,22.7,"8,162.000",10
3,Jim Furyk,23.9,"5,162.000",6
4,Geoff Ogilvy,24.3,"13,980.000",16
5,Aaron Baddeley,25.1,"14,459.000",16
6,Rod Pampling,25.5,"11,017.000",12
7,Brett Wetterich,26.7,"17,312.000",18
8,J.J. Henry,27.2,"16,662.000",17
8,Adam Scott,27.2,"20,588.000",21
10,Davis Love III,27.4,"15,808.000",16
10,John Rollins,27.4,"12,827.000",13
12,Dean Wilson,27.7,"5,986.000",6
13,Trevor Immelman,28.1,"15,195.000",15
14,D.J. Trahan,29.0,"12,525.000",12
15,Will MacKenzie,29.5,"13,795.000",13
16,Carl Pettersson,30.1,"17,343.000",16
17,Vijay Singh,30.7,"15,456.000",14
18,Eric Axley,30.8,"17,721.000",16
19,Stuart Appleby,31.2,"16,829.000",15
20,Luke Donald,32.4,"13,983.000",12
21,K.J. Choi,32.5,"19,912.000",17
22,Stephen Ames,32.6,"9,391.000",8
23,Chris Couch,32.7,"16,468.000",14
24,Kirk Triplett,32.8,"5,898.000",5
25,Jeff Maggert,33.0,"10,685.000",9
26,Chad Campbell,33.1,"10,709.000",9
27,John Senden,33.3,"11,995.000",10
28,Troy Matteson,34.2,"17,236.000",14
29,David Toms,34.4,"9,901.000",8
30,Tim Herron,36.3,"19,583.000",15
31,Rory Sabbatini,37.6,"20,284.000",15
32,Corey Pavin,47.1,"5,085.000",3
33,Ben Curtis,57.0,"10,261.000",5
