rank,player,%,Attempts,Non-Attempts,RTP-Going for the green,RTP-Not going for the grn
1,Adam Scott,83.33,20,4,-17,+1
2,K.J. Choi,70.83,17,7,-8,-4
2,J.J. Henry,70.83,17,7,-6,-1
2,Brett Wetterich,70.83,17,7,-8,-2
5,Aaron Baddeley,66.67,16,8,-9,E
5,Davis Love III,66.67,16,8,-8,-2
5,Carl Pettersson,66.67,16,8,-8,E
8,Stuart Appleby,62.50,15,9,-8,+2
8,Eric Axley,62.50,15,9,-5,+3
8,Tim Herron,62.50,15,9,-6,+1
8,Trevor Immelman,62.50,15,9,-9,-5
8,Geoff Ogilvy,62.50,15,9,-7,+4
8,Rory Sabbatini,62.50,15,9,-7,-2
14,J.B. Holmes,58.33,14,10,-10,-2
14,Vijay Singh,58.33,14,10,-9,E
16,Chris Couch,54.17,13,11,-8,+1
16,Troy Matteson,54.17,13,11,-2,-3
16,John Rollins,54.17,13,11,-7,+2
19,Luke Donald,50.00,12,12,-5,-3
19,Will MacKenzie,50.00,12,12,-7,-2
19,Rod Pampling,50.00,12,12,-7,+4
19,D.J. Trahan,50.00,12,12,-5,+4
23,Joe Durant,41.67,10,14,-5,-1
23,John Senden,41.67,10,14,-5,-3
25,Chad Campbell,37.50,9,15,-3,+4
25,Jeff Maggert,37.50,9,15,-6,-2
27,Stephen Ames,33.33,8,16,-1,-4
27,David Toms,33.33,8,16,-6,-3
29,Jim Furyk,25.00,6,18,-3,-1
29,Dean Wilson,25.00,6,18,-4,+1
31,Ben Curtis,20.83,5,19,-1,+1
31,Kirk Triplett,20.83,5,19,-2,-5
33,Corey Pavin,12.50,3,21,-1,+1
