rank,player,%,Successes,Attempts,RTP-Successes,RTP-Not going for the grn
1,Dean Wilson,66.67,4,6,-4,+1.00
2,Joe Durant,50.00,5,10,-4,-1.00
2,Jim Furyk,50.00,3,6,-3,-1.00
2,Rod Pampling,50.00,6,12,-4,+4.00
5,Geoff Ogilvy,37.50,6,16,-4,+4.00
6,Chris Couch,35.71,5,14,-4,+1.00
7,Adam Scott,33.33,7,21,-6,+1.00
7,Brett Wetterich,33.33,6,18,-6,-2.00
9,Davis Love III,31.25,5,16,-5,-2.00
9,Carl Pettersson,31.25,5,16,-4,E
11,John Rollins,30.77,4,13,-3,+2.00
12,John Senden,30.00,3,10,-2,-3.00
13,J.B. Holmes,27.78,5,18,-3,-2.00
14,Stuart Appleby,26.67,4,15,-4,+2.00
14,Trevor Immelman,26.67,4,15,-4,-5.00
14,Rory Sabbatini,26.67,4,15,-4,-2.00
17,D.J. Trahan,25.00,3,12,-1,+4.00
18,K.J. Choi,23.53,4,17,-3,-4.00
18,J.J. Henry,23.53,4,17,-2,-1.00
20,Will MacKenzie,23.08,3,13,-3,-2.00
21,Chad Campbell,22.22,2,9,-2,+4.00
21,Jeff Maggert,22.22,2,9,-3,-2.00
23,Vijay Singh,21.43,3,14,-4,E
24,Eric Axley,18.75,3,16,-1,+3.00
24,Aaron Baddeley,18.75,3,16,-4,E
26,Tim Herron,13.33,2,15,-2,+1.00
27,Stephen Ames,12.50,1,8,E,-4.00
27,David Toms,12.50,1,8,-1,-3.00
29,Luke Donald,8.33,1,12,E,-3.00
30,Troy Matteson,7.14,1,14,-1,-3.00
31,Ben Curtis,.00,0,5,E,+1.00
31,Corey Pavin,.00,0,3,E,+1.00
31,Kirk Triplett,.00,0,5,E,-5.00
