rank,player,Avg,Total Putts,Total Rounds
1,Sangmoon Bae,25.00,25,1
1,Brandt Snedeker,25.00,25,1
3,Brian Gay,26.00,26,1
4,Kevin Streelman,27.00,27,1
5,Scott Brown,28.00,28,1
5,Bill Haas,28.00,28,1
5,Patrick Reed,28.00,28,1
8,Woody Austin,29.00,29,1
8,Jordan Spieth,29.00,29,1
8,Jimmy Walker,29.00,29,1
11,Jonas Blixt,30.00,30,1
11,Russell Henley,30.00,30,1
11,John Merrick,30.00,30,1
11,Adam Scott,30.00,30,1
11,Webb Simpson,30.00,30,1
11,Gary Woodland,30.00,30,1
17,Jason Dufner,31.00,31,1
17,Billy Horschel,31.00,31,1
17,Zach Johnson,31.00,31,1
20,Ken Duke,32.00,32,1
20,Harris English,32.00,32,1
20,Dustin Johnson,32.00,32,1
20,Chris Kirk,32.00,32,1
24,Matt Kuchar,33.00,33,1
24,Martin Laird,33.00,33,1
24,Ryan Moore,33.00,33,1
24,D.A. Points,33.00,33,1
24,Boo Weekley,33.00,33,1
29,Derek Ernst,34.00,34,1
29,Michael Thompson,34.00,34,1
