rank,player,Avg,Total 3 Putts,Total Rounds
1,Michael Thompson,1.75,7,4
1,Boo Weekley,1.75,7,4
3,Bill Haas,1.50,6,4
4,Harris English,1.25,5,4
4,John Merrick,1.25,5,4
4,Ryan Moore,1.25,5,4
4,D.A. Points,1.25,5,4
8,Derek Ernst,1.00,4,4
8,Russell Henley,1.00,4,4
8,Dustin Johnson,1.00,4,4
8,Zach Johnson,1.00,4,4
8,Chris Kirk,1.00,4,4
13,Sangmoon Bae,.75,3,4
13,Jonas Blixt,.75,3,4
13,Scott Brown,.75,3,4
13,Jason Dufner,.75,3,4
13,Ken Duke,.75,3,4
13,Brian Gay,.75,3,4
13,Billy Horschel,.75,3,4
20,Woody Austin,.50,2,4
20,Patrick Reed,.50,2,4
20,Webb Simpson,.50,2,4
20,Brandt Snedeker,.50,2,4
20,Kevin Streelman,.50,2,4
20,Jimmy Walker,.50,2,4
26,Matt Kuchar,.25,1,4
26,Martin Laird,.25,1,4
26,Adam Scott,.25,1,4
26,Gary Woodland,.25,1,4
