rank,player,Avg,Total Putts,Total Rounds
1,Jason Dufner,27.00,27,1
2,Zach Johnson,28.00,28,1
3,Billy Horschel,29.00,29,1
3,Matt Kuchar,29.00,29,1
3,Jordan Spieth,29.00,29,1
6,Jonas Blixt,30.00,30,1
6,Ken Duke,30.00,30,1
6,Derek Ernst,30.00,30,1
6,Martin Laird,30.00,30,1
6,D.A. Points,30.00,30,1
6,Adam Scott,30.00,30,1
6,Kevin Streelman,30.00,30,1
13,Harris English,31.00,31,1
13,Webb Simpson,31.00,31,1
13,Jimmy Walker,31.00,31,1
16,Woody Austin,32.00,32,1
16,Sangmoon Bae,32.00,32,1
16,Brian Gay,32.00,32,1
16,Chris Kirk,32.00,32,1
16,Ryan Moore,32.00,32,1
16,Patrick Reed,32.00,32,1
16,Michael Thompson,32.00,32,1
16,Boo Weekley,32.00,32,1
24,Bill Haas,33.00,33,1
24,Dustin Johnson,33.00,33,1
24,Gary Woodland,33.00,33,1
27,Scott Brown,34.00,34,1
27,Russell Henley,34.00,34,1
29,John Merrick,35.00,35,1
29,Brandt Snedeker,35.00,35,1
