rank,player,Avg,Total Putts,Total Rounds
1,Ken Duke,26.00,26,1
1,Brandt Snedeker,26.00,26,1
3,Jimmy Walker,27.00,27,1
4,Woody Austin,28.00,28,1
4,Zach Johnson,28.00,28,1
4,Matt Kuchar,28.00,28,1
4,Adam Scott,28.00,28,1
8,Jonas Blixt,29.00,29,1
8,Ryan Moore,29.00,29,1
10,Scott Brown,30.00,30,1
10,Dustin Johnson,30.00,30,1
10,Patrick Reed,30.00,30,1
10,Kevin Streelman,30.00,30,1
10,Gary Woodland,30.00,30,1
15,Jason Dufner,31.00,31,1
15,Russell Henley,31.00,31,1
15,Martin Laird,31.00,31,1
15,Webb Simpson,31.00,31,1
19,Sangmoon Bae,32.00,32,1
19,Billy Horschel,32.00,32,1
19,Jordan Spieth,32.00,32,1
19,Michael Thompson,32.00,32,1
23,Harris English,33.00,33,1
23,Chris Kirk,33.00,33,1
23,John Merrick,33.00,33,1
23,D.A. Points,33.00,33,1
27,Derek Ernst,34.00,34,1
27,Brian Gay,34.00,34,1
27,Bill Haas,34.00,34,1
30,Boo Weekley,37.00,37,1
