rank,player,Avg,Total Putts,Total Rounds
1,Webb Simpson,26.00,26,1
1,Kevin Streelman,26.00,26,1
3,Sangmoon Bae,27.00,27,1
3,Zach Johnson,27.00,27,1
5,Matt Kuchar,28.00,28,1
5,Jordan Spieth,28.00,28,1
7,Woody Austin,29.00,29,1
7,Jonas Blixt,29.00,29,1
7,Harris English,29.00,29,1
7,Billy Horschel,29.00,29,1
7,Patrick Reed,29.00,29,1
12,Scott Brown,30.00,30,1
12,Jason Dufner,30.00,30,1
12,Russell Henley,30.00,30,1
12,John Merrick,30.00,30,1
12,Ryan Moore,30.00,30,1
12,Adam Scott,30.00,30,1
12,Michael Thompson,30.00,30,1
12,Jimmy Walker,30.00,30,1
20,Brian Gay,31.00,31,1
20,Dustin Johnson,31.00,31,1
20,Chris Kirk,31.00,31,1
20,D.A. Points,31.00,31,1
20,Brandt Snedeker,31.00,31,1
25,Gary Woodland,32.00,32,1
26,Ken Duke,33.00,33,1
26,Derek Ernst,33.00,33,1
26,Bill Haas,33.00,33,1
26,Martin Laird,33.00,33,1
26,Boo Weekley,33.00,33,1
