rank,player,Avg,Total 2 Putts,Total Rounds
1,Martin Laird,13.25,53,4
2,Gary Woodland,13.00,52,4
3,Derek Ernst,12.75,51,4
4,Boo Weekley,12.50,50,4
5,Chris Kirk,12.00,48,4
6,Russell Henley,11.50,46,4
6,Dustin Johnson,11.50,46,4
6,John Merrick,11.50,46,4
6,Jordan Spieth,11.50,46,4
10,Brian Gay,11.25,45,4
10,D.A. Points,11.25,45,4
12,Scott Brown,11.00,44,4
12,Bill Haas,11.00,44,4
12,Matt Kuchar,11.00,44,4
12,Adam Scott,11.00,44,4
16,Ken Duke,10.75,43,4
16,Harris English,10.75,43,4
16,Billy Horschel,10.75,43,4
16,Patrick Reed,10.75,43,4
16,Webb Simpson,10.75,43,4
16,Michael Thompson,10.75,43,4
22,Woody Austin,10.50,42,4
22,Jason Dufner,10.50,42,4
22,Ryan Moore,10.50,42,4
22,Brandt Snedeker,10.50,42,4
26,Jonas Blixt,10.25,41,4
26,Jimmy Walker,10.25,41,4
28,Kevin Streelman,9.75,39,4
29,Sangmoon Bae,9.50,38,4
30,Zach Johnson,8.75,35,4
