rank,player,%,Successes,Attempts
1,Tommy Gainey,100.00,1,1
1,John Huh,100.00,1,1
3,Jason Dufner,75.00,3,4
3,Scott Piercy,75.00,3,4
5,Charlie Beljan,50.00,2,4
5,Ben Curtis,50.00,1,2
5,Rickie Fowler,50.00,1,2
5,George McNeill,50.00,2,4
5,"Ted Potter, Jr.",50.00,2,4
5,Ian Poulter,50.00,2,4
5,Brandt Snedeker,50.00,1,2
5,Scott Stallings,50.00,2,4
5,Mark Wilson,50.00,1,2
14,Steve Stricker,33.33,1,3
14,Johnson Wagner,33.33,1,3
16,Jonas Blixt,25.00,1,4
16,Ryan Moore,25.00,1,4
16,Kyle Stanley,25.00,1,4
19,Hunter Mahan,14.29,1,7
20,Keegan Bradley,.00,0,1
20,Bill Haas,.00,0,1
20,Dustin Johnson,.00,0,3
20,Zach Johnson,.00,0,2
20,Matt Kuchar,.00,0,3
20,Marc Leishman,.00,0,2
20,Webb Simpson,.00,0,1
20,Nick Watney,.00,0,2
