rank,player,%,Par or Better,Missed GIR
1,Ian Poulter,80.00,12,15
2,Scott Piercy,76.92,10,13
3,Carl Pettersson,75.00,6,8
4,Webb Simpson,71.43,5,7
5,Rickie Fowler,66.67,8,12
5,Bill Haas,66.67,8,12
5,Mark Wilson,66.67,6,9
8,Ben Curtis,63.64,7,11
9,Tommy Gainey,60.00,3,5
9,Johnson Wagner,60.00,6,10
11,"Ted Potter, Jr.",57.89,11,19
12,Steve Stricker,57.14,4,7
12,Bubba Watson,57.14,4,7
14,Hunter Mahan,55.56,10,18
15,Jonas Blixt,54.55,6,11
15,Scott Stallings,54.55,6,11
15,Kyle Stanley,54.55,6,11
18,Charlie Beljan,50.00,6,12
18,Keegan Bradley,50.00,4,8
18,John Huh,50.00,4,8
18,Dustin Johnson,50.00,3,6
18,George McNeill,50.00,6,12
23,Jason Dufner,46.15,6,13
24,Ryan Moore,43.75,7,16
25,J.J. Henry,42.86,3,7
26,Marc Leishman,41.67,5,12
27,Nick Watney,40.00,4,10
28,Matt Kuchar,33.33,4,12
29,Brandt Snedeker,25.00,2,8
30,Zach Johnson,12.50,1,8
