rank,player,%,Successes,Attempts
1,Keegan Bradley,100.00,2,2
1,John Huh,100.00,2,2
3,Scott Piercy,83.33,5,6
4,Kyle Stanley,80.00,4,5
5,Jonas Blixt,75.00,3,4
5,George McNeill,75.00,3,4
5,Scott Stallings,75.00,3,4
5,Mark Wilson,75.00,3,4
9,"Ted Potter, Jr.",71.43,5,7
9,Ian Poulter,71.43,5,7
11,Rickie Fowler,66.67,4,6
11,Tommy Gainey,66.67,2,3
11,J.J. Henry,66.67,2,3
14,Carl Pettersson,60.00,3,5
15,Charlie Beljan,57.14,4,7
16,Ben Curtis,50.00,3,6
16,Bill Haas,50.00,1,2
16,Ryan Moore,50.00,4,8
16,Steve Stricker,50.00,1,2
16,Johnson Wagner,50.00,1,2
16,Bubba Watson,50.00,3,6
22,Marc Leishman,40.00,2,5
23,Matt Kuchar,37.50,3,8
23,Hunter Mahan,37.50,3,8
25,Jason Dufner,33.33,1,3
25,Webb Simpson,33.33,1,3
27,Nick Watney,20.00,1,5
28,Zach Johnson,16.67,1,6
29,Dustin Johnson,.00,0,1
29,Brandt Snedeker,.00,0,3
