rank,player,%,# Saves,# Bunkers,Total O/U Par
1,Ben Curtis,100.00,1,1,E
1,Marc Leishman,100.00,1,1,E
1,Carl Pettersson,100.00,1,1,E
1,Ian Poulter,100.00,1,1,E
1,Webb Simpson,100.00,1,1,E
1,Steve Stricker,100.00,2,2,E
1,Bubba Watson,100.00,1,1,-1.00
8,Charlie Beljan,66.67,2,3,E
8,Hunter Mahan,66.67,2,3,+1.00
8,Johnson Wagner,66.67,2,3,+2.00
11,Brandt Snedeker,50.00,1,2,+1.00
11,Nick Watney,50.00,1,2,+1.00
13,Jonas Blixt,25.00,1,4,+4.00
13,Bill Haas,25.00,1,4,+2.00
15,Jason Dufner,.00,0,1,+1.00
15,Rickie Fowler,.00,0,1,+2.00
15,J.J. Henry,.00,0,3,+2.00
15,Matt Kuchar,.00,0,1,E
15,George McNeill,.00,0,1,+2.00
15,Scott Piercy,.00,0,1,+1.00
15,Scott Stallings,.00,0,1,+1.00
15,Kyle Stanley,.00,0,1,+1.00
