rank,player,Low Rnd
1,Adam Scott,29
2,Austin Eckroat,30
2,Harry Hall,30
2,Collin Morikawa,30
5,Ludvig Åberg,31
5,Keegan Bradley,31
5,Patrick Cantlay,31
5,Wyndham Clark,31
5,Cam Davis,31
5,Matt Fitzpatrick,31
5,Max Greyserman,31
5,Adam Hadwin,31
5,Tom Hoge,31
5,Sungjae Im,31
5,Hideki Matsuyama,31
5,Maverick McNealy,31
5,Taylor Pendrith,31
5,J.T. Poston,31
5,Sahith Theegala,31
5,Will Zalatoris,31
21,Akshay Bhatia,32
21,Sam Burns,32
21,Corey Conners,32
21,Nico Echavarria,32
21,Tony Finau,32
21,Viktor Hovland,32
21,Si Woo Kim,32
21,Aaron Rai,32
21,Nick Taylor,32
21,Jhonattan Vegas,32
21,Cameron Young,32
21,Kevin Yu,32
33,Christiaan Bezuidenhout,33
33,Thomas Detry,33
33,Brice Garnett,33
33,Russell Henley,33
33,Max Homa,33
33,Chris Kirk,33
33,Patton Kizzire,33
33,Peter Malnati,33
33,Denny McCarthy,33
33,Xander Schauffele,33
33,Sepp Straka,33
33,Justin Thomas,33
33,Davis Thompson,33
46,Byeong Hun An,34
46,Rafael Campos,34
46,Eric Cole,34
46,Jason Day,34
46,Nick Dunlap,34
46,Chris Gotterup,34
46,Billy Horschel,34
46,Stephan Jaeger,34
46,Robert MacIntyre,34
55,Brian Harman,35
55,Jake Knapp,35
55,Matt McCarty,35
55,Matthieu Pavon,35
