rank,player,Avg,Total Strokes,Total Holes
1,Hideki Matsuyama,31.75,127,4
2,Harry Hall,32.50,130,4
3,Cameron Young,32.75,131,4
4,Tom Hoge,33.00,132,4
4,Sungjae Im,33.00,132,4
4,Collin Morikawa,33.00,132,4
4,Taylor Pendrith,33.00,132,4
4,Jhonattan Vegas,33.00,132,4
9,Wyndham Clark,33.25,133,4
9,Will Zalatoris,33.25,133,4
11,Ludvig Åberg,33.50,134,4
11,Austin Eckroat,33.50,134,4
11,Adam Hadwin,33.50,134,4
11,Maverick McNealy,33.50,134,4
11,Adam Scott,33.50,134,4
16,Sam Burns,33.75,135,4
16,Patrick Cantlay,33.75,135,4
16,Matt Fitzpatrick,33.75,135,4
16,Si Woo Kim,33.75,135,4
20,Cam Davis,34.00,136,4
20,Max Greyserman,34.00,136,4
20,Max Homa,34.00,136,4
20,J.T. Poston,34.00,136,4
20,Aaron Rai,34.00,136,4
20,Sepp Straka,34.00,136,4
20,Justin Thomas,34.00,136,4
27,Keegan Bradley,34.25,137,4
27,Corey Conners,34.25,137,4
27,Tony Finau,34.25,137,4
27,Viktor Hovland,34.25,137,4
27,Patton Kizzire,34.25,137,4
27,Nick Taylor,34.25,137,4
33,Jason Day,34.50,138,4
33,Thomas Detry,34.50,138,4
33,Nico Echavarria,34.50,138,4
33,Brice Garnett,34.50,138,4
33,Russell Henley,34.50,138,4
33,Chris Kirk,34.50,138,4
33,Denny McCarthy,34.50,138,4
33,Xander Schauffele,34.50,138,4
41,Christiaan Bezuidenhout,34.75,139,4
41,Robert MacIntyre,34.75,139,4
43,Akshay Bhatia,35.00,140,4
43,Chris Gotterup,35.00,140,4
43,Billy Horschel,35.00,140,4
43,Sahith Theegala,35.00,140,4
43,Kevin Yu,35.00,140,4
48,Peter Malnati,35.25,141,4
49,Byeong Hun An,35.50,142,4
49,Rafael Campos,35.50,142,4
49,Nick Dunlap,35.50,142,4
49,Davis Thompson,35.50,142,4
53,Matt McCarty,35.75,143,4
53,Matthieu Pavon,35.75,143,4
55,Eric Cole,36.00,144,4
56,Brian Harman,36.25,145,4
56,Stephan Jaeger,36.25,145,4
56,Jake Knapp,36.25,145,4
