rank,player,Avg,Total Strokes,Total Rounds
1,Harry Hall,30.00,30,1
2,Adam Hadwin,31.00,31,1
2,Tom Hoge,31.00,31,1
2,Will Zalatoris,31.00,31,1
5,Corey Conners,32.00,32,1
5,Austin Eckroat,32.00,32,1
5,Tony Finau,32.00,32,1
5,Viktor Hovland,32.00,32,1
5,Hideki Matsuyama,32.00,32,1
5,Jhonattan Vegas,32.00,32,1
5,Cameron Young,32.00,32,1
12,Nico Echavarria,33.00,33,1
12,Collin Morikawa,33.00,33,1
14,Ludvig Åberg,34.00,34,1
14,Thomas Detry,34.00,34,1
14,Max Homa,34.00,34,1
14,Sungjae Im,34.00,34,1
14,Maverick McNealy,34.00,34,1
14,Taylor Pendrith,34.00,34,1
14,Aaron Rai,34.00,34,1
14,Sepp Straka,34.00,34,1
22,Christiaan Bezuidenhout,35.00,35,1
22,Jason Day,35.00,35,1
22,Brice Garnett,35.00,35,1
22,Chris Gotterup,35.00,35,1
22,Max Greyserman,35.00,35,1
22,Russell Henley,35.00,35,1
22,Patton Kizzire,35.00,35,1
22,Robert MacIntyre,35.00,35,1
22,Xander Schauffele,35.00,35,1
22,Justin Thomas,35.00,35,1
32,Byeong Hun An,36.00,36,1
32,Keegan Bradley,36.00,36,1
32,Sam Burns,36.00,36,1
32,Wyndham Clark,36.00,36,1
32,Eric Cole,36.00,36,1
32,Billy Horschel,36.00,36,1
32,Stephan Jaeger,36.00,36,1
32,Si Woo Kim,36.00,36,1
32,Chris Kirk,36.00,36,1
32,Denny McCarthy,36.00,36,1
32,Matt McCarty,36.00,36,1
32,Matthieu Pavon,36.00,36,1
32,Adam Scott,36.00,36,1
32,Nick Taylor,36.00,36,1
46,Akshay Bhatia,37.00,37,1
46,Rafael Campos,37.00,37,1
46,Matt Fitzpatrick,37.00,37,1
46,Brian Harman,37.00,37,1
46,Jake Knapp,37.00,37,1
46,Peter Malnati,37.00,37,1
46,J.T. Poston,37.00,37,1
53,Kevin Yu,38.00,38,1
54,Patrick Cantlay,39.00,39,1
54,Cam Davis,39.00,39,1
54,Nick Dunlap,39.00,39,1
54,Davis Thompson,39.00,39,1
58,Sahith Theegala,40.00,40,1
