rank,player,Avg,Total Strokes,Total Rounds
1,Adam Scott,29.00,29,1
2,Collin Morikawa,30.00,30,1
3,Patrick Cantlay,31.00,31,1
3,Wyndham Clark,31.00,31,1
3,Matt Fitzpatrick,31.00,31,1
3,Max Greyserman,31.00,31,1
3,Sungjae Im,31.00,31,1
3,Hideki Matsuyama,31.00,31,1
9,Nico Echavarria,32.00,32,1
9,Tony Finau,32.00,32,1
9,Nick Taylor,32.00,32,1
12,Christiaan Bezuidenhout,33.00,33,1
12,Sam Burns,33.00,33,1
12,Cam Davis,33.00,33,1
12,Thomas Detry,33.00,33,1
12,Brice Garnett,33.00,33,1
12,Adam Hadwin,33.00,33,1
12,Harry Hall,33.00,33,1
12,Russell Henley,33.00,33,1
12,Max Homa,33.00,33,1
12,Viktor Hovland,33.00,33,1
12,Chris Kirk,33.00,33,1
12,Patton Kizzire,33.00,33,1
12,Aaron Rai,33.00,33,1
12,Xander Schauffele,33.00,33,1
12,Sepp Straka,33.00,33,1
12,Justin Thomas,33.00,33,1
12,Cameron Young,33.00,33,1
12,Will Zalatoris,33.00,33,1
30,Ludvig Åberg,34.00,34,1
30,Byeong Hun An,34.00,34,1
30,Akshay Bhatia,34.00,34,1
30,Eric Cole,34.00,34,1
30,Nick Dunlap,34.00,34,1
30,Tom Hoge,34.00,34,1
30,Si Woo Kim,34.00,34,1
30,Peter Malnati,34.00,34,1
30,Denny McCarthy,34.00,34,1
30,J.T. Poston,34.00,34,1
30,Jhonattan Vegas,34.00,34,1
41,Keegan Bradley,35.00,35,1
41,Jason Day,35.00,35,1
41,Brian Harman,35.00,35,1
41,Billy Horschel,35.00,35,1
41,Jake Knapp,35.00,35,1
41,Matt McCarty,35.00,35,1
41,Maverick McNealy,35.00,35,1
41,Taylor Pendrith,35.00,35,1
41,Sahith Theegala,35.00,35,1
41,Kevin Yu,35.00,35,1
51,Rafael Campos,36.00,36,1
51,Corey Conners,36.00,36,1
51,Austin Eckroat,36.00,36,1
51,Chris Gotterup,36.00,36,1
51,Robert MacIntyre,36.00,36,1
51,Matthieu Pavon,36.00,36,1
51,Davis Thompson,36.00,36,1
58,Stephan Jaeger,40.00,40,1
