rank,player,Avg,Total Strokes,Total Rounds
1,Austin Eckroat,30.00,30,1
2,Ludvig Åberg,31.00,31,1
2,Taylor Pendrith,31.00,31,1
2,Sahith Theegala,31.00,31,1
5,Akshay Bhatia,32.00,32,1
5,Sam Burns,32.00,32,1
5,Wyndham Clark,32.00,32,1
5,Hideki Matsuyama,32.00,32,1
5,Aaron Rai,32.00,32,1
5,Jhonattan Vegas,32.00,32,1
5,Kevin Yu,32.00,32,1
12,Cam Davis,33.00,33,1
12,Tom Hoge,33.00,33,1
12,Sungjae Im,33.00,33,1
12,Si Woo Kim,33.00,33,1
12,Nick Taylor,33.00,33,1
12,Justin Thomas,33.00,33,1
12,Cameron Young,33.00,33,1
19,Patrick Cantlay,34.00,34,1
19,Corey Conners,34.00,34,1
19,Jason Day,34.00,34,1
19,Chris Gotterup,34.00,34,1
19,Adam Hadwin,34.00,34,1
19,Max Homa,34.00,34,1
19,Stephan Jaeger,34.00,34,1
19,Robert MacIntyre,34.00,34,1
19,Maverick McNealy,34.00,34,1
19,J.T. Poston,34.00,34,1
19,Xander Schauffele,34.00,34,1
19,Adam Scott,34.00,34,1
19,Sepp Straka,34.00,34,1
19,Davis Thompson,34.00,34,1
33,Byeong Hun An,35.00,35,1
33,Christiaan Bezuidenhout,35.00,35,1
33,Keegan Bradley,35.00,35,1
33,Rafael Campos,35.00,35,1
33,Nick Dunlap,35.00,35,1
33,Nico Echavarria,35.00,35,1
33,Matt Fitzpatrick,35.00,35,1
33,Brice Garnett,35.00,35,1
33,Harry Hall,35.00,35,1
33,Brian Harman,35.00,35,1
33,Billy Horschel,35.00,35,1
33,Chris Kirk,35.00,35,1
33,Patton Kizzire,35.00,35,1
33,Denny McCarthy,35.00,35,1
33,Collin Morikawa,35.00,35,1
33,Matthieu Pavon,35.00,35,1
33,Will Zalatoris,35.00,35,1
50,Tony Finau,36.00,36,1
50,Max Greyserman,36.00,36,1
50,Russell Henley,36.00,36,1
50,Viktor Hovland,36.00,36,1
50,Jake Knapp,36.00,36,1
55,Thomas Detry,37.00,37,1
55,Peter Malnati,37.00,37,1
55,Matt McCarty,37.00,37,1
58,Eric Cole,38.00,38,1
