rank,player,Frequency,# of Holes,# of Eagles
1,Tom Kim,24.0,72,3
2,Matt Fitzpatrick,36.0,72,2
2,Tom Hoge,36.0,72,2
2,Max Homa,36.0,72,2
2,Mackenzie Hughes,36.0,72,2
2,Luke List,36.0,72,2
2,Jon Rahm,36.0,72,2
2,Jordan Spieth,36.0,72,2
2,Sahith Theegala,36.0,72,2
10,Patrick Cantlay,72.0,72,1
10,Billy Horschel,72.0,72,1
10,Sungjae Im,72.0,72,1
10,K.H. Lee,72.0,72,1
10,Collin Morikawa,72.0,72,1
10,J.T. Poston,72.0,72,1
10,Seamus Power,72.0,72,1
10,Scottie Scheffler,72.0,72,1
10,Adam Scott,72.0,72,1
10,Scott Stallings,72.0,72,1
10,Sepp Straka,72.0,72,1
10,Justin Thomas,72.0,72,1
