rank,player,Total
1,Cameron Young,30
2,Viktor Hovland,28
2,Jon Rahm,28
4,Collin Morikawa,26
4,J.J. Spaun,26
4,Aaron Wise,26
7,Tom Hoge,25
7,Max Homa,25
7,Justin Thomas,25
10,Patrick Cantlay,24
10,Tony Finau,24
10,Sungjae Im,24
10,K.H. Lee,24
10,Luke List,24
10,Hideki Matsuyama,24
10,Scottie Scheffler,24
10,Will Zalatoris,24
18,Brian Harman,23
18,Scott Stallings,23
20,Corey Conners,22
20,Tom Kim,22
20,J.T. Poston,22
20,Sepp Straka,22
24,Sam Burns,21
24,Matt Fitzpatrick,21
24,Jordan Spieth,21
27,Mackenzie Hughes,20
27,Trey Mullinax,20
29,Russell Henley,19
29,Billy Horschel,19
29,Seamus Power,19
29,Chad Ramey,19
29,Adam Scott,19
34,Ryan Brehm,18
35,Chez Reavie,17
36,Keegan Bradley,16
36,Adam Svensson,16
36,Sahith Theegala,16
