rank,player,%
1,Matt Fitzpatrick,75.00%
1,J.J. Spaun,75.00%
1,Will Zalatoris,75.00%
4,Luke List,71.43%
5,Cameron Young,70.00%
6,Jordan Spieth,66.67%
6,Scott Stallings,66.67%
8,Scottie Scheffler,60.00%
9,Patrick Cantlay,57.14%
9,Hideki Matsuyama,57.14%
11,Chad Ramey,53.85%
12,Corey Conners,50.00%
12,Russell Henley,50.00%
12,Tom Hoge,50.00%
12,Mackenzie Hughes,50.00%
12,Sungjae Im,50.00%
12,Seamus Power,50.00%
12,Sepp Straka,50.00%
19,Justin Thomas,44.44%
20,Max Homa,40.00%
20,Viktor Hovland,40.00%
20,K.H. Lee,40.00%
20,Jon Rahm,40.00%
24,Billy Horschel,37.50%
24,Sahith Theegala,37.50%
26,Tom Kim,33.33%
26,Trey Mullinax,33.33%
26,J.T. Poston,33.33%
26,Aaron Wise,33.33%
30,Keegan Bradley,28.57%
31,Adam Svensson,27.27%
32,Sam Burns,25.00%
33,Brian Harman,20.00%
34,Adam Scott,12.50%
35,Chez Reavie,10.00%
36,Ryan Brehm,.00%
36,Tony Finau,.00%
36,Collin Morikawa,.00%
