rank,player,Total
1,Tom Kim,3
2,Matt Fitzpatrick,2
2,Tom Hoge,2
2,Max Homa,2
2,Mackenzie Hughes,2
2,Luke List,2
2,Jon Rahm,2
2,Jordan Spieth,2
2,Sahith Theegala,2
10,Patrick Cantlay,1
10,Billy Horschel,1
10,Sungjae Im,1
10,K.H. Lee,1
10,Collin Morikawa,1
10,J.T. Poston,1
10,Seamus Power,1
10,Scottie Scheffler,1
10,Adam Scott,1
10,Scott Stallings,1
10,Sepp Straka,1
10,Justin Thomas,1
22,Keegan Bradley,0
22,Ryan Brehm,0
22,Sam Burns,0
22,Corey Conners,0
22,Tony Finau,0
22,Brian Harman,0
22,Russell Henley,0
22,Viktor Hovland,0
22,Hideki Matsuyama,0
22,Trey Mullinax,0
22,Chad Ramey,0
22,Chez Reavie,0
22,J.J. Spaun,0
22,Adam Svensson,0
22,Aaron Wise,0
22,Cameron Young,0
22,Will Zalatoris,0
