rank,player,%,# Birdies/Eagles,# Holes
1,Jon Rahm,41.67%,30,72
1,Cameron Young,41.67%,30,72
3,Viktor Hovland,38.89%,28,72
4,Tom Hoge,37.50%,27,72
4,Max Homa,37.50%,27,72
4,Collin Morikawa,37.50%,27,72
7,Luke List,36.11%,26,72
7,J.J. Spaun,36.11%,26,72
7,Justin Thomas,36.11%,26,72
7,Aaron Wise,36.11%,26,72
11,Patrick Cantlay,34.72%,25,72
11,Sungjae Im,34.72%,25,72
11,Tom Kim,34.72%,25,72
11,K.H. Lee,34.72%,25,72
11,Scottie Scheffler,34.72%,25,72
16,Tony Finau,33.33%,24,72
16,Hideki Matsuyama,33.33%,24,72
16,Scott Stallings,33.33%,24,72
16,Will Zalatoris,33.33%,24,72
20,Matt Fitzpatrick,31.94%,23,72
20,Brian Harman,31.94%,23,72
20,J.T. Poston,31.94%,23,72
20,Jordan Spieth,31.94%,23,72
20,Sepp Straka,31.94%,23,72
25,Corey Conners,30.56%,22,72
25,Mackenzie Hughes,30.56%,22,72
27,Sam Burns,29.17%,21,72
28,Billy Horschel,27.78%,20,72
28,Trey Mullinax,27.78%,20,72
28,Seamus Power,27.78%,20,72
28,Adam Scott,27.78%,20,72
32,Russell Henley,26.39%,19,72
32,Chad Ramey,26.39%,19,72
34,Ryan Brehm,25.00%,18,72
34,Sahith Theegala,25.00%,18,72
36,Chez Reavie,23.61%,17,72
37,Keegan Bradley,22.22%,16,72
37,Adam Svensson,22.22%,16,72
