rank,player,Avg,Total Strokes,Total Rounds
1,Patrick Reed,65.00,65,1
2,Jordan Spieth,66.00,66,1
3,J.B. Holmes,67.00,67,1
3,Danny Lee,67.00,67,1
3,Brandt Snedeker,67.00,67,1
6,Fabián Gómez,68.00,68,1
7,Steven Bowditch,69.00,69,1
7,Rickie Fowler,69.00,69,1
7,Kevin Kisner,69.00,69,1
7,Brooks Koepka,69.00,69,1
7,Bubba Watson,69.00,69,1
12,Jason Day,70.00,70,1
12,Matt Every,70.00,70,1
12,Padraig Harrington,70.00,70,1
12,Smylie Kaufman,70.00,70,1
12,Chris Kirk,70.00,70,1
12,Justin Thomas,70.00,70,1
12,Jimmy Walker,70.00,70,1
19,Emiliano Grillo,71.00,71,1
19,Bill Haas,71.00,71,1
19,Russell Knox,71.00,71,1
19,David Lingmerth,71.00,71,1
19,Peter Malnati,71.00,71,1
19,Scott Piercy,71.00,71,1
25,Alex Cejka,72.00,72,1
26,Dustin Johnson,73.00,73,1
27,Zach Johnson,75.00,75,1
27,Davis Love III,75.00,75,1
27,Graeme McDowell,75.00,75,1
27,Troy Merritt,75.00,75,1
31,James Hahn,76.00,76,1
32,J.J. Henry,77.00,77,1
