rank,player,Avg,Total Strokes,Total Rounds
1,Jordan Spieth,64.00,64,1
2,Kevin Kisner,65.00,65,1
3,Fabián Gómez,66.00,66,1
3,Peter Malnati,66.00,66,1
5,Steven Bowditch,67.00,67,1
5,Rickie Fowler,67.00,67,1
5,Dustin Johnson,67.00,67,1
8,Matt Every,68.00,68,1
8,Padraig Harrington,68.00,68,1
8,Brooks Koepka,68.00,68,1
8,Danny Lee,68.00,68,1
8,Troy Merritt,68.00,68,1
8,Bubba Watson,68.00,68,1
14,Bill Haas,69.00,69,1
14,Zach Johnson,69.00,69,1
14,Smylie Kaufman,69.00,69,1
14,Scott Piercy,69.00,69,1
14,Patrick Reed,69.00,69,1
19,Graeme McDowell,70.00,70,1
20,Chris Kirk,71.00,71,1
20,David Lingmerth,71.00,71,1
20,Jimmy Walker,71.00,71,1
23,Alex Cejka,72.00,72,1
23,Russell Knox,72.00,72,1
23,Davis Love III,72.00,72,1
23,Brandt Snedeker,72.00,72,1
27,Jason Day,73.00,73,1
27,Emiliano Grillo,73.00,73,1
27,Justin Thomas,73.00,73,1
30,J.J. Henry,74.00,74,1
31,James Hahn,76.00,76,1
31,J.B. Holmes,76.00,76,1
