rank,player,Avg,Total Strokes,Total Rounds
1,Brooks Koepka,63.00,63,1
2,Jimmy Walker,64.00,64,1
3,Brandt Snedeker,65.00,65,1
3,Jordan Spieth,65.00,65,1
5,David Lingmerth,66.00,66,1
6,Patrick Reed,67.00,67,1
7,J.B. Holmes,68.00,68,1
7,Dustin Johnson,68.00,68,1
9,Steven Bowditch,69.00,69,1
9,Alex Cejka,69.00,69,1
9,Jason Day,69.00,69,1
9,Rickie Fowler,69.00,69,1
9,Russell Knox,69.00,69,1
9,Peter Malnati,69.00,69,1
9,Justin Thomas,69.00,69,1
16,Fabián Gómez,70.00,70,1
16,Emiliano Grillo,70.00,70,1
16,Bill Haas,70.00,70,1
16,Padraig Harrington,70.00,70,1
16,Zach Johnson,70.00,70,1
16,Chris Kirk,70.00,70,1
16,Troy Merritt,70.00,70,1
23,Smylie Kaufman,71.00,71,1
23,Kevin Kisner,71.00,71,1
23,Danny Lee,71.00,71,1
23,Davis Love III,71.00,71,1
27,Graeme McDowell,72.00,72,1
27,Scott Piercy,72.00,72,1
29,J.J. Henry,73.00,73,1
29,Bubba Watson,73.00,73,1
31,James Hahn,74.00,74,1
32,Matt Every,78.00,78,1
