rank,player,% Made,Attempts,Putts made
1,Cameron Beckman,100.00,5,5
1,Brian Gay,100.00,9,9
1,Richard Johnson,100.00,8,8
1,Zach Johnson,100.00,6,6
1,Justin Leonard,100.00,9,9
1,Sean O'Hair,100.00,3,3
1,Geoff Ogilvy,100.00,6,6
1,Ryan Palmer,100.00,8,8
1,D.J. Trahan,100.00,10,10
10,Ernie Els,90.91,11,10
11,Adam Scott,90.00,10,9
12,Kenny Perry,87.50,8,7
13,Will MacKenzie,85.71,7,6
13,Vijay Singh,85.71,7,6
15,Anthony Kim,83.33,6,5
16,Davis Love III,77.78,9,7
17,Stewart Cink,75.00,4,3
17,Ryuji Imada,75.00,8,6
17,Greg Kraft,75.00,8,6
17,Chez Reavie,75.00,4,3
17,Andres Romero,75.00,8,6
17,Johnson Wagner,75.00,8,6
23,K.J. Choi,66.67,3,2
23,Daniel Chopra,66.67,3,2
23,J.B. Holmes,66.67,6,4
23,Dustin Johnson,66.67,3,2
27,Parker McLachlin,62.50,8,5
28,Carl Pettersson,57.14,7,4
28,Camilo Villegas,57.14,7,4
30,Trevor Immelman,50.00,6,3
30,Steve Lowery,50.00,2,1
30,Boo Weekley,50.00,2,1
33,Marc Turnesa,40.00,5,2
