rank,player,% Made,Attempts,Putts made
1,Cameron Beckman,100.00,5,5
1,Daniel Chopra,100.00,7,7
1,Ryuji Imada,100.00,10,10
1,Dustin Johnson,100.00,12,12
1,Richard Johnson,100.00,10,10
1,Anthony Kim,100.00,8,8
1,Greg Kraft,100.00,5,5
1,Will MacKenzie,100.00,6,6
1,Parker McLachlin,100.00,12,12
1,Geoff Ogilvy,100.00,12,12
1,Kenny Perry,100.00,5,5
1,Carl Pettersson,100.00,7,7
1,Adam Scott,100.00,7,7
1,D.J. Trahan,100.00,6,6
1,Johnson Wagner,100.00,8,8
16,Brian Gay,91.67,12,11
17,Stewart Cink,90.00,10,9
17,Steve Lowery,90.00,10,9
19,Zach Johnson,88.89,9,8
19,Ryan Palmer,88.89,9,8
21,K.J. Choi,87.50,8,7
21,Ernie Els,87.50,8,7
23,Andres Romero,86.67,15,13
24,J.B. Holmes,85.71,14,12
24,Sean O'Hair,85.71,7,6
24,Marc Turnesa,85.71,7,6
24,Camilo Villegas,85.71,7,6
28,Justin Leonard,83.33,6,5
28,Boo Weekley,83.33,6,5
30,Davis Love III,80.00,5,4
31,Trevor Immelman,77.78,9,7
32,Chez Reavie,71.43,7,5
33,Vijay Singh,66.67,9,6
