rank,player,% Made,Attempts,Putts made
1,J.B. Holmes,100.00,2,2
1,Zach Johnson,100.00,5,5
1,Greg Kraft,100.00,1,1
1,D.J. Trahan,100.00,1,1
5,K.J. Choi,85.71,7,6
6,Daniel Chopra,71.43,7,5
7,Anthony Kim,66.67,3,2
7,Will MacKenzie,66.67,6,4
7,Kenny Perry,66.67,3,2
7,Marc Turnesa,66.67,6,4
11,Cameron Beckman,60.00,5,3
11,Ernie Els,60.00,5,3
11,Ryuji Imada,60.00,5,3
11,Adam Scott,60.00,5,3
15,Brian Gay,50.00,4,2
15,Trevor Immelman,50.00,4,2
15,Dustin Johnson,50.00,2,1
15,Steve Lowery,50.00,4,2
15,Geoff Ogilvy,50.00,2,1
15,Ryan Palmer,50.00,2,1
15,Carl Pettersson,50.00,6,3
15,Chez Reavie,50.00,2,1
15,Vijay Singh,50.00,2,1
24,Andres Romero,40.00,5,2
25,Parker McLachlin,33.33,3,1
25,Johnson Wagner,33.33,3,1
27,Stewart Cink,25.00,4,1
27,Boo Weekley,25.00,4,1
29,Richard Johnson,.00,1,0
29,Justin Leonard,.00,2,0
29,Davis Love III,.00,2,0
29,Sean O'Hair,.00,3,0
29,Camilo Villegas,.00,2,0
