rank,player,% Made,Attempts,Putts made
1,Cameron Beckman,100.00,46,46
1,Brian Gay,100.00,39,39
1,Ryuji Imada,100.00,35,35
1,Trevor Immelman,100.00,44,44
1,Dustin Johnson,100.00,42,42
1,Richard Johnson,100.00,33,33
1,Anthony Kim,100.00,39,39
1,Greg Kraft,100.00,42,42
1,Justin Leonard,100.00,45,45
1,Davis Love III,100.00,44,44
1,Steve Lowery,100.00,42,42
1,Will MacKenzie,100.00,39,39
1,Parker McLachlin,100.00,40,40
1,Sean O'Hair,100.00,48,48
1,Geoff Ogilvy,100.00,38,38
1,Ryan Palmer,100.00,35,35
1,Kenny Perry,100.00,42,42
1,Carl Pettersson,100.00,45,45
1,Chez Reavie,100.00,43,43
1,Andres Romero,100.00,41,41
1,Adam Scott,100.00,47,47
1,Vijay Singh,100.00,44,44
1,D.J. Trahan,100.00,44,44
1,Camilo Villegas,100.00,43,43
1,Johnson Wagner,100.00,43,43
26,Boo Weekley,97.92,48,47
27,K.J. Choi,97.87,47,46
28,J.B. Holmes,97.67,43,42
29,Daniel Chopra,97.62,42,41
29,Ernie Els,97.62,42,41
31,Marc Turnesa,97.50,40,39
32,Zach Johnson,97.44,39,38
33,Stewart Cink,95.92,49,47
