rank,player,Putts Made
1,Davis Love III,4.0
1,Geoff Ogilvy,4.0
3,Brian Gay,3.0
3,Zach Johnson,3.0
3,Greg Kraft,3.0
3,Will MacKenzie,3.0
3,D.J. Trahan,3.0
3,Johnson Wagner,3.0
9,Daniel Chopra,2.0
9,Ryuji Imada,2.0
9,Trevor Immelman,2.0
9,Dustin Johnson,2.0
9,Anthony Kim,2.0
9,Steve Lowery,2.0
9,Parker McLachlin,2.0
9,Ryan Palmer,2.0
9,Marc Turnesa,2.0
9,Camilo Villegas,2.0
9,Boo Weekley,2.0
20,Cameron Beckman,1.0
20,Stewart Cink,1.0
20,Ernie Els,1.0
20,J.B. Holmes,1.0
20,Richard Johnson,1.0
20,Sean O'Hair,1.0
20,Carl Pettersson,1.0
20,Chez Reavie,1.0
20,Andres Romero,1.0
20,Adam Scott,1.0
20,Vijay Singh,1.0
31,K.J. Choi,.0
31,Justin Leonard,.0
31,Kenny Perry,.0
