rank,player,%,Attempts,Putts made
1,Ryan Palmer,87.50,16,14
2,Chez Reavie,76.47,17,13
3,Anthony Kim,72.22,18,13
4,K.J. Choi,70.59,17,12
5,Will MacKenzie,65.00,20,13
6,Cameron Beckman,64.71,17,11
6,Trevor Immelman,64.71,17,11
6,Carl Pettersson,64.71,17,11
9,Marc Turnesa,63.64,22,14
10,Brian Gay,61.54,13,8
11,Parker McLachlin,61.11,18,11
12,Dustin Johnson,60.00,15,9
13,Ryuji Imada,58.33,24,14
14,Zach Johnson,57.89,19,11
14,Steve Lowery,57.89,19,11
16,Richard Johnson,56.52,23,13
17,Andres Romero,55.56,18,10
18,Daniel Chopra,53.57,28,15
19,Kenny Perry,52.38,21,11
19,Boo Weekley,52.38,21,11
21,Vijay Singh,52.00,25,13
22,Ernie Els,50.00,18,9
22,Justin Leonard,50.00,14,7
22,D.J. Trahan,50.00,14,7
22,Johnson Wagner,50.00,16,8
26,J.B. Holmes,47.62,21,10
27,Geoff Ogilvy,44.44,18,8
28,Stewart Cink,43.75,16,7
29,Davis Love III,40.00,15,6
30,Greg Kraft,38.89,18,7
31,Camilo Villegas,36.84,19,7
32,Sean O'Hair,31.82,22,7
33,Adam Scott,28.57,14,4
