rank,player,% Made,Attempts,Putts made
1,Dustin Johnson,100.00,1,1
1,Justin Leonard,100.00,2,2
1,Steve Lowery,100.00,3,3
1,Ryan Palmer,100.00,3,3
1,Andres Romero,100.00,2,2
6,K.J. Choi,66.67,3,2
6,Daniel Chopra,66.67,3,2
6,Anthony Kim,66.67,6,4
6,Kenny Perry,66.67,3,2
6,Carl Pettersson,66.67,3,2
11,Stewart Cink,60.00,5,3
11,Trevor Immelman,60.00,5,3
11,Parker McLachlin,60.00,5,3
14,Sean O'Hair,57.14,7,4
14,Marc Turnesa,57.14,7,4
16,Ryuji Imada,50.00,10,5
16,Will MacKenzie,50.00,4,2
16,Chez Reavie,50.00,2,1
16,Johnson Wagner,50.00,2,1
16,Boo Weekley,50.00,6,3
21,Vijay Singh,40.00,5,2
22,Brian Gay,33.33,3,1
22,Camilo Villegas,33.33,3,1
24,J.B. Holmes,25.00,4,1
24,Zach Johnson,25.00,4,1
24,Geoff Ogilvy,25.00,4,1
27,Ernie Els,20.00,5,1
27,Greg Kraft,20.00,5,1
29,Richard Johnson,16.67,6,1
30,Cameron Beckman,.00,1,0
30,Davis Love III,.00,1,0
30,Adam Scott,.00,3,0
30,D.J. Trahan,.00,2,0
