rank,player,Putts Made
1,Camilo Villegas,12.0
2,Greg Kraft,11.0
2,Marc Turnesa,11.0
4,Davis Love III,10.0
5,Zach Johnson,9.0
5,Steve Lowery,9.0
7,Will MacKenzie,8.0
7,Sean O'Hair,8.0
7,Geoff Ogilvy,8.0
7,Boo Weekley,8.0
11,Ryuji Imada,7.0
11,Trevor Immelman,7.0
11,Richard Johnson,7.0
11,Anthony Kim,7.0
11,Ryan Palmer,7.0
11,Kenny Perry,7.0
11,Johnson Wagner,7.0
18,Daniel Chopra,6.0
18,Dustin Johnson,6.0
18,Justin Leonard,6.0
18,Chez Reavie,6.0
22,Cameron Beckman,5.0
22,K.J. Choi,5.0
22,Stewart Cink,5.0
22,Ernie Els,5.0
22,Brian Gay,5.0
22,Carl Pettersson,5.0
22,Adam Scott,5.0
22,D.J. Trahan,5.0
30,J.B. Holmes,4.0
30,Parker McLachlin,4.0
32,Vijay Singh,3.0
33,Andres Romero,2.0
