rank,player,% Made,Attempts,Putts made
1,Ryan Palmer,90.48,21,19
2,Zach Johnson,82.35,17,14
3,Dustin Johnson,80.00,10,8
3,Anthony Kim,80.00,20,16
5,K.J. Choi,78.57,14,11
5,Chez Reavie,78.57,14,11
7,D.J. Trahan,77.78,18,14
8,Cameron Beckman,76.47,17,13
8,Justin Leonard,76.47,17,13
8,Kenny Perry,76.47,17,13
11,Will MacKenzie,76.00,25,19
12,Brian Gay,75.00,16,12
13,Richard Johnson,73.91,23,17
14,J.B. Holmes,70.59,17,12
15,Andres Romero,70.00,20,14
16,Ernie Els,66.67,21,14
16,Ryuji Imada,66.67,27,18
18,Vijay Singh,65.22,23,15
19,Trevor Immelman,65.00,20,13
19,Adam Scott,65.00,20,13
21,Daniel Chopra,64.71,17,11
22,Carl Pettersson,63.16,19,12
23,Davis Love III,61.11,18,11
23,Parker McLachlin,61.11,18,11
25,Marc Turnesa,60.87,23,14
26,Steve Lowery,60.00,15,9
26,Johnson Wagner,60.00,20,12
28,Geoff Ogilvy,55.56,18,10
29,Stewart Cink,53.33,15,8
30,Sean O'Hair,52.94,17,9
31,Greg Kraft,52.38,21,11
32,Boo Weekley,47.06,17,8
33,Camilo Villegas,44.44,18,8
