rank,player,% Made,Attempts,Putts made
1,Geoff Ogilvy,100.00,1,1
1,Chez Reavie,100.00,1,1
3,Dustin Johnson,75.00,4,3
4,Brian Gay,66.67,3,2
4,Justin Leonard,66.67,3,2
4,Davis Love III,66.67,3,2
7,Kenny Perry,60.00,5,3
8,Cameron Beckman,50.00,2,1
8,K.J. Choi,50.00,4,2
8,Zach Johnson,50.00,2,1
8,Carl Pettersson,50.00,2,1
8,Johnson Wagner,50.00,4,2
13,Richard Johnson,40.00,5,2
13,Vijay Singh,40.00,5,2
15,Stewart Cink,33.33,3,1
15,Ernie Els,33.33,3,1
15,Steve Lowery,33.33,3,1
15,Marc Turnesa,33.33,3,1
19,Daniel Chopra,28.57,7,2
19,Camilo Villegas,28.57,7,2
21,J.B. Holmes,25.00,4,1
21,Greg Kraft,25.00,4,1
23,Ryuji Imada,.00,3,0
23,Anthony Kim,.00,2,0
23,Will MacKenzie,.00,2,0
23,Parker McLachlin,.00,2,0
23,Sean O'Hair,.00,5,0
23,Andres Romero,.00,1,0
23,Adam Scott,.00,2,0
23,D.J. Trahan,.00,2,0
23,Boo Weekley,.00,1,0
