rank,player,% Made,Attempts,Putts made
1,Brian Gay,100.00,3,3
1,Ryuji Imada,100.00,2,2
1,Anthony Kim,100.00,2,2
1,Greg Kraft,100.00,1,1
1,Ryan Palmer,100.00,3,3
1,Marc Turnesa,100.00,1,1
1,Camilo Villegas,100.00,1,1
8,Parker McLachlin,83.33,6,5
9,Ernie Els,80.00,5,4
9,Boo Weekley,80.00,5,4
11,D.J. Trahan,75.00,4,3
12,Cameron Beckman,66.67,3,2
12,Richard Johnson,66.67,3,2
12,Steve Lowery,66.67,3,2
12,Carl Pettersson,66.67,3,2
12,Chez Reavie,66.67,6,4
17,Geoff Ogilvy,60.00,5,3
18,Daniel Chopra,57.14,7,4
19,K.J. Choi,50.00,2,1
19,Stewart Cink,50.00,2,1
19,Vijay Singh,50.00,4,2
22,Andres Romero,40.00,5,2
23,Trevor Immelman,33.33,3,1
23,Zach Johnson,33.33,6,2
23,Justin Leonard,33.33,3,1
23,Sean O'Hair,33.33,3,1
27,Kenny Perry,28.57,7,2
28,J.B. Holmes,16.67,6,1
29,Dustin Johnson,.00,4,0
29,Davis Love III,.00,3,0
29,Adam Scott,.00,2,0
