rank,player,% Made,Attempts,Putts made
1,Marc Turnesa,61.54,13,8
2,Sean O'Hair,60.00,10,6
3,Kenny Perry,54.55,11,6
4,Camilo Villegas,47.06,17,8
5,Ernie Els,44.44,9,4
6,Greg Kraft,38.46,13,5
6,Justin Leonard,38.46,13,5
8,Richard Johnson,33.33,15,5
8,Steve Lowery,33.33,12,4
10,Will MacKenzie,30.00,10,3
10,Carl Pettersson,30.00,10,3
10,Johnson Wagner,30.00,10,3
13,Trevor Immelman,28.57,14,4
13,Zach Johnson,28.57,14,4
13,Geoff Ogilvy,28.57,7,2
16,Ryan Palmer,27.78,18,5
17,Cameron Beckman,27.27,11,3
17,Stewart Cink,27.27,11,3
19,Anthony Kim,26.67,15,4
19,Adam Scott,26.67,15,4
19,Boo Weekley,26.67,15,4
22,J.B. Holmes,25.00,12,3
22,Davis Love III,25.00,12,3
22,Vijay Singh,25.00,8,2
25,Chez Reavie,23.08,13,3
26,Brian Gay,22.22,9,2
26,Ryuji Imada,22.22,9,2
28,Dustin Johnson,18.75,16,3
29,K.J. Choi,15.38,13,2
29,Parker McLachlin,15.38,13,2
31,D.J. Trahan,14.29,14,2
32,Daniel Chopra,12.50,8,1
33,Andres Romero,11.11,9,1
