rank,player,% Made,Attempts,Putts Made
1,Davis Love III,15.38,26,4
2,Geoff Ogilvy,13.33,30,4
3,Zach Johnson,13.04,23,3
4,Daniel Chopra,11.11,18,2
4,Greg Kraft,11.11,27,3
6,Will MacKenzie,10.71,28,3
7,Parker McLachlin,10.53,19,2
8,Brian Gay,10.00,30,3
9,Johnson Wagner,9.68,31,3
10,Ryuji Imada,9.52,21,2
11,Dustin Johnson,9.09,22,2
11,Camilo Villegas,9.09,22,2
13,D.J. Trahan,8.33,36,3
14,Marc Turnesa,7.69,26,2
15,Steve Lowery,7.41,27,2
16,Ryan Palmer,7.14,28,2
17,Anthony Kim,6.90,29,2
18,Trevor Immelman,6.06,33,2
19,Boo Weekley,5.88,34,2
20,Ernie Els,4.00,25,1
20,J.B. Holmes,4.00,25,1
20,Richard Johnson,4.00,25,1
20,Sean O'Hair,4.00,25,1
24,Stewart Cink,3.85,26,1
25,Adam Scott,3.57,28,1
26,Carl Pettersson,3.45,29,1
26,Chez Reavie,3.45,29,1
26,Vijay Singh,3.45,29,1
29,Andres Romero,3.23,31,1
30,Cameron Beckman,2.94,34,1
31,K.J. Choi,.00,22,-
31,Justin Leonard,.00,28,-
31,Kenny Perry,.00,28,-
