rank,player,% Made,Attempts,Putts made
1,Greg Kraft,42.86,7,3
2,Geoff Ogilvy,40.00,5,2
3,Ryuji Imada,37.50,8,3
4,Daniel Chopra,33.33,9,3
5,Steve Lowery,30.00,10,3
6,Boo Weekley,28.57,7,2
7,K.J. Choi,27.27,11,3
7,Davis Love III,27.27,11,3
9,Zach Johnson,25.00,8,2
9,Camilo Villegas,25.00,8,2
11,Chez Reavie,18.18,11,2
12,Cameron Beckman,16.67,6,1
12,Richard Johnson,16.67,6,1
12,Anthony Kim,16.67,6,1
12,Will MacKenzie,16.67,12,2
16,Trevor Immelman,14.29,7,1
16,Johnson Wagner,14.29,7,1
18,Justin Leonard,12.50,8,1
18,Kenny Perry,12.50,8,1
18,Carl Pettersson,12.50,8,1
21,Stewart Cink,11.11,9,1
21,Marc Turnesa,11.11,9,1
23,Sean O'Hair,10.00,10,1
24,Dustin Johnson,8.33,12,1
25,Ernie Els,.00,3,-
25,Brian Gay,.00,9,-
25,J.B. Holmes,.00,7,-
25,Parker McLachlin,.00,11,-
25,Ryan Palmer,.00,6,-
25,Andres Romero,.00,5,-
25,Adam Scott,.00,1,-
25,Vijay Singh,.00,7,-
25,D.J. Trahan,.00,4,-
