rank,player,% Made,Attempts,Putts made
1,Davis Love III,12.50,16,2
2,D.J. Trahan,10.34,29,3
3,Geoff Ogilvy,8.33,24,2
4,Parker McLachlin,7.14,14,1
5,Daniel Chopra,6.25,16,1
6,Dustin Johnson,5.88,17,1
6,Greg Kraft,5.88,17,1
8,J.B. Holmes,5.56,18,1
8,Ryuji Imada,5.56,18,1
8,Camilo Villegas,5.56,18,1
11,Ernie Els,5.26,19,1
11,Marc Turnesa,5.26,19,1
13,Stewart Cink,5.00,20,1
13,Zach Johnson,5.00,20,1
13,Chez Reavie,5.00,20,1
13,Johnson Wagner,5.00,20,1
17,Will MacKenzie,4.76,21,1
18,Ryan Palmer,4.55,22,1
18,Adam Scott,4.55,22,1
20,Anthony Kim,4.35,23,1
20,Steve Lowery,4.35,23,1
22,Carl Pettersson,4.17,24,1
23,Trevor Immelman,3.85,26,1
24,Cameron Beckman,.00,26,-
24,K.J. Choi,.00,14,-
24,Brian Gay,.00,15,-
24,Richard Johnson,.00,18,-
24,Justin Leonard,.00,20,-
24,Sean O'Hair,.00,21,-
24,Kenny Perry,.00,18,-
24,Andres Romero,.00,26,-
24,Vijay Singh,.00,26,-
24,Boo Weekley,.00,23,-
