rank,player,% Made,Attempts,Putts Made
1,Camilo Villegas,25.53,47,12
2,Greg Kraft,23.40,47,11
3,Marc Turnesa,22.92,48,11
4,Davis Love III,20.41,49,10
5,Zach Johnson,20.00,45,9
6,Geoff Ogilvy,19.05,42,8
7,Ryuji Imada,18.42,38,7
8,Steve Lowery,18.37,49,9
9,Sean O'Hair,17.78,45,8
10,Daniel Chopra,17.14,35,6
11,Will MacKenzie,16.00,50,8
12,Richard Johnson,15.22,46,7
13,Kenny Perry,14.89,47,7
14,Johnson Wagner,14.58,48,7
15,Boo Weekley,14.29,56,8
16,Anthony Kim,14.00,50,7
17,Ernie Els,13.51,37,5
18,Ryan Palmer,13.46,52,7
19,Trevor Immelman,12.96,54,7
20,Justin Leonard,12.24,49,6
21,Dustin Johnson,12.00,50,6
22,Adam Scott,11.36,44,5
23,Chez Reavie,11.32,53,6
24,K.J. Choi,10.87,46,5
24,Stewart Cink,10.87,46,5
26,Carl Pettersson,10.64,47,5
27,Brian Gay,10.42,48,5
28,Cameron Beckman,9.80,51,5
29,Parker McLachlin,9.30,43,4
30,D.J. Trahan,9.26,54,5
31,J.B. Holmes,9.09,44,4
32,Vijay Singh,6.82,44,3
33,Andres Romero,4.44,45,2
