rank,player,% Made,Attempts,Putts made
1,Ryan Palmer,95.59,68,65
2,Cameron Beckman,91.78,73,67
2,Brian Gay,91.78,73,67
4,Anthony Kim,91.55,71,65
5,D.J. Trahan,90.54,74,67
6,Dustin Johnson,90.28,72,65
7,Chez Reavie,90.14,71,64
8,K.J. Choi,89.33,75,67
9,Justin Leonard,89.19,74,66
10,Will MacKenzie,88.89,72,64
11,Carl Pettersson,88.16,76,67
12,Parker McLachlin,87.18,78,68
13,Johnson Wagner,86.67,75,65
14,Richard Johnson,86.49,74,64
14,Geoff Ogilvy,86.49,74,64
16,Zach Johnson,86.30,73,63
16,Steve Lowery,86.30,73,63
18,Adam Scott,85.90,78,67
19,Trevor Immelman,85.53,76,65
19,Kenny Perry,85.53,76,65
21,Andres Romero,85.37,82,70
22,Ernie Els,84.81,79,67
23,Ryuji Imada,84.42,77,65
24,Davis Love III,83.56,73,61
25,Stewart Cink,83.54,79,66
26,Boo Weekley,83.12,77,64
27,Marc Turnesa,82.43,74,61
28,Greg Kraft,82.19,73,60
29,Daniel Chopra,81.25,80,65
30,Vijay Singh,81.18,85,69
31,J.B. Holmes,80.95,84,68
32,Sean O'Hair,80.00,80,64
33,Camilo Villegas,78.95,76,60
