rank,player,% Made,Attempts,Putts made
1,Marc Turnesa,62.86,35,22
2,Ryan Palmer,55.88,34,19
3,Will MacKenzie,53.33,30,16
3,Chez Reavie,53.33,30,16
5,Kenny Perry,53.13,32,17
6,Carl Pettersson,51.85,27,14
7,Anthony Kim,51.52,33,17
8,Cameron Beckman,50.00,28,14
9,Ryuji Imada,48.48,33,16
10,Trevor Immelman,48.39,31,15
10,Steve Lowery,48.39,31,15
12,Ernie Els,48.15,27,13
13,Richard Johnson,47.37,38,18
14,K.J. Choi,46.67,30,14
15,Brian Gay,45.45,22,10
15,Zach Johnson,45.45,33,15
15,Vijay Singh,45.45,33,15
18,Daniel Chopra,44.44,36,16
18,Justin Leonard,44.44,27,12
20,Johnson Wagner,42.31,26,11
21,Parker McLachlin,41.94,31,13
22,Camilo Villegas,41.67,36,15
22,Boo Weekley,41.67,36,15
24,Andres Romero,40.74,27,11
25,Sean O'Hair,40.63,32,13
26,Geoff Ogilvy,40.00,25,10
27,J.B. Holmes,39.39,33,13
28,Dustin Johnson,38.71,31,12
28,Greg Kraft,38.71,31,12
30,Stewart Cink,37.04,27,10
31,Davis Love III,33.33,27,9
32,D.J. Trahan,32.14,28,9
33,Adam Scott,27.59,29,8
