rank,player,% Made,Attempts,Putts made
1,Cameron Beckman,100.00,10,10
1,Richard Johnson,100.00,18,18
1,Geoff Ogilvy,100.00,18,18
1,D.J. Trahan,100.00,16,16
5,Brian Gay,95.24,21,20
6,Ryan Palmer,94.12,17,16
6,Adam Scott,94.12,17,16
8,Dustin Johnson,93.33,15,14
8,Zach Johnson,93.33,15,14
8,Justin Leonard,93.33,15,14
11,Anthony Kim,92.86,14,13
12,Will MacKenzie,92.31,13,12
12,Kenny Perry,92.31,13,12
14,Daniel Chopra,90.00,10,9
14,Sean O'Hair,90.00,10,9
16,Ernie Els,89.47,19,17
17,Ryuji Imada,88.89,18,16
18,Johnson Wagner,87.50,16,14
19,Stewart Cink,85.71,14,12
20,Parker McLachlin,85.00,20,17
21,Greg Kraft,84.62,13,11
22,Steve Lowery,83.33,12,10
23,Andres Romero,82.61,23,19
24,K.J. Choi,81.82,11,9
25,J.B. Holmes,80.00,20,16
26,Davis Love III,78.57,14,11
26,Carl Pettersson,78.57,14,11
28,Vijay Singh,75.00,16,12
28,Boo Weekley,75.00,8,6
30,Chez Reavie,72.73,11,8
31,Camilo Villegas,71.43,14,10
32,Trevor Immelman,66.67,15,10
32,Marc Turnesa,66.67,12,8
