rank,player,% Made,Attempts,Putts made
1,Zach Johnson,66.67,3,2
2,Daniel Chopra,50.00,2,1
3,Ryuji Imada,33.33,3,1
3,Geoff Ogilvy,33.33,6,2
3,Vijay Singh,33.33,3,1
6,Will MacKenzie,28.57,7,2
7,Steve Lowery,25.00,4,1
7,Sean O'Hair,25.00,4,1
7,Camilo Villegas,25.00,4,1
10,Brian Gay,20.00,15,3
10,Dustin Johnson,20.00,5,1
10,Greg Kraft,20.00,10,2
10,Davis Love III,20.00,10,2
10,Parker McLachlin,20.00,5,1
10,Andres Romero,20.00,5,1
16,Johnson Wagner,18.18,11,2
16,Boo Weekley,18.18,11,2
18,Anthony Kim,16.67,6,1
18,Ryan Palmer,16.67,6,1
20,Trevor Immelman,14.29,7,1
20,Richard Johnson,14.29,7,1
20,Marc Turnesa,14.29,7,1
23,Cameron Beckman,12.50,8,1
24,K.J. Choi,.00,8,-
24,Stewart Cink,.00,6,-
24,Ernie Els,.00,6,-
24,J.B. Holmes,.00,7,-
24,Justin Leonard,.00,8,-
24,Kenny Perry,.00,10,-
24,Carl Pettersson,.00,5,-
24,Chez Reavie,.00,9,-
24,Adam Scott,.00,6,-
24,D.J. Trahan,.00,7,-
