rank,player,Avg,Total Strokes,Total Rounds
1,Harris English,30.00,30,1
2,Luke List,31.00,31,1
3,Adam Hadwin,32.00,32,1
3,Xander Schauffele,32.00,32,1
5,Patrick Cantlay,33.00,33,1
5,Corey Conners,33.00,33,1
5,Jason Day,33.00,33,1
5,Chris Kirk,33.00,33,1
5,Sahith Theegala,33.00,33,1
5,Matt Wallace,33.00,33,1
11,Sam Burns,34.00,34,1
11,Tony Finau,34.00,34,1
11,Emiliano Grillo,34.00,34,1
11,Max Homa,34.00,34,1
11,Denny McCarthy,34.00,34,1
11,Taylor Moore,34.00,34,1
11,Collin Morikawa,34.00,34,1
11,J.T. Poston,34.00,34,1
11,Adam Schenk,34.00,34,1
11,Jordan Spieth,34.00,34,1
11,Adam Svensson,34.00,34,1
22,Byeong Hun An,35.00,35,1
22,Akshay Bhatia,35.00,35,1
22,Wyndham Clark,35.00,35,1
22,Eric Cole,35.00,35,1
22,Nico Echavarria,35.00,35,1
22,Lucas Glover,35.00,35,1
22,Brian Harman,35.00,35,1
22,Tyrrell Hatton,35.00,35,1
22,Russell Henley,35.00,35,1
22,Tom Hoge,35.00,35,1
22,Mackenzie Hughes,35.00,35,1
22,Si Woo Kim,35.00,35,1
22,Andrew Putnam,35.00,35,1
22,Scottie Scheffler,35.00,35,1
22,Erik van Rooyen,35.00,35,1
37,Ludvig Åberg,36.00,36,1
37,Keegan Bradley,36.00,36,1
37,Matt Fitzpatrick,36.00,36,1
37,Kurt Kitayama,36.00,36,1
37,Seamus Power,36.00,36,1
37,Patrick Rodgers,36.00,36,1
37,Sepp Straka,36.00,36,1
37,Camilo Villegas,36.00,36,1
45,Tommy Fleetwood,37.00,37,1
45,Rickie Fowler,37.00,37,1
45,Nick Hardy,37.00,37,1
45,Sungjae Im,37.00,37,1
45,Brendon Todd,37.00,37,1
50,Cam Davis,38.00,38,1
50,Lee Hodges,38.00,38,1
50,Tom Kim,38.00,38,1
50,Hideki Matsuyama,38.00,38,1
50,Davis Riley,38.00,38,1
50,Nick Taylor,38.00,38,1
56,Vincent Norrman,39.00,39,1
57,Viktor Hovland,40.00,40,1
57,Justin Rose,40.00,40,1
57,Cameron Young,40.00,40,1
