rank,player,Low Rnd
1,Harris English,30
1,Tyrrell Hatton,30
1,Justin Rose,30
4,Byeong Hun An,31
4,Jason Day,31
4,Tony Finau,31
4,Adam Hadwin,31
4,Sungjae Im,31
4,Kurt Kitayama,31
4,Luke List,31
4,Collin Morikawa,31
4,J.T. Poston,31
4,Seamus Power,31
4,Andrew Putnam,31
4,Sahith Theegala,31
4,Erik van Rooyen,31
4,Camilo Villegas,31
4,Matt Wallace,31
19,Akshay Bhatia,32
19,Sam Burns,32
19,Wyndham Clark,32
19,Eric Cole,32
19,Matt Fitzpatrick,32
19,Emiliano Grillo,32
19,Brian Harman,32
19,Tom Hoge,32
19,Max Homa,32
19,Viktor Hovland,32
19,Chris Kirk,32
19,Taylor Moore,32
19,Xander Schauffele,32
19,Scottie Scheffler,32
19,Jordan Spieth,32
19,Sepp Straka,32
19,Cameron Young,32
36,Ludvig Åberg,33
36,Keegan Bradley,33
36,Patrick Cantlay,33
36,Corey Conners,33
36,Cam Davis,33
36,Nico Echavarria,33
36,Lucas Glover,33
36,Nick Hardy,33
36,Mackenzie Hughes,33
36,Si Woo Kim,33
36,Tom Kim,33
36,Vincent Norrman,33
36,Davis Riley,33
36,Nick Taylor,33
50,Tommy Fleetwood,34
50,Russell Henley,34
50,Lee Hodges,34
50,Hideki Matsuyama,34
50,Denny McCarthy,34
50,Patrick Rodgers,34
50,Adam Schenk,34
50,Adam Svensson,34
50,Brendon Todd,34
59,Rickie Fowler,36
