rank,player,Avg,Total Strokes,Total Rounds
1,Jason Day,31.00,31,1
1,Sungjae Im,31.00,31,1
1,Justin Rose,31.00,31,1
1,Sahith Theegala,31.00,31,1
1,Camilo Villegas,31.00,31,1
6,Tony Finau,32.00,32,1
6,Tom Hoge,32.00,32,1
6,Viktor Hovland,32.00,32,1
6,Xander Schauffele,32.00,32,1
6,Scottie Scheffler,32.00,32,1
6,Jordan Spieth,32.00,32,1
12,Akshay Bhatia,33.00,33,1
12,Patrick Cantlay,33.00,33,1
12,Si Woo Kim,33.00,33,1
12,Chris Kirk,33.00,33,1
12,Collin Morikawa,33.00,33,1
12,J.T. Poston,33.00,33,1
12,Davis Riley,33.00,33,1
12,Nick Taylor,33.00,33,1
20,Ludvig Åberg,34.00,34,1
20,Byeong Hun An,34.00,34,1
20,Keegan Bradley,34.00,34,1
20,Sam Burns,34.00,34,1
20,Emiliano Grillo,34.00,34,1
20,Russell Henley,34.00,34,1
20,Max Homa,34.00,34,1
20,Mackenzie Hughes,34.00,34,1
20,Tom Kim,34.00,34,1
20,Denny McCarthy,34.00,34,1
20,Sepp Straka,34.00,34,1
20,Adam Svensson,34.00,34,1
32,Wyndham Clark,35.00,35,1
32,Eric Cole,35.00,35,1
32,Nico Echavarria,35.00,35,1
32,Matt Fitzpatrick,35.00,35,1
32,Tommy Fleetwood,35.00,35,1
32,Brian Harman,35.00,35,1
32,Tyrrell Hatton,35.00,35,1
32,Luke List,35.00,35,1
32,Taylor Moore,35.00,35,1
32,Andrew Putnam,35.00,35,1
32,Patrick Rodgers,35.00,35,1
32,Adam Schenk,35.00,35,1
32,Brendon Todd,35.00,35,1
32,Erik van Rooyen,35.00,35,1
32,Matt Wallace,35.00,35,1
32,Cameron Young,35.00,35,1
48,Corey Conners,36.00,36,1
48,Harris English,36.00,36,1
48,Rickie Fowler,36.00,36,1
48,Lucas Glover,36.00,36,1
48,Nick Hardy,36.00,36,1
48,Hideki Matsuyama,36.00,36,1
48,Vincent Norrman,36.00,36,1
55,Adam Hadwin,37.00,37,1
55,Lee Hodges,37.00,37,1
55,Seamus Power,37.00,37,1
58,Kurt Kitayama,39.00,39,1
59,Cam Davis,40.00,40,1
