rank,player,Avg,Total Strokes,Total Rounds
1,Tyrrell Hatton,30.00,30,1
2,Byeong Hun An,31.00,31,1
2,Tony Finau,31.00,31,1
2,Kurt Kitayama,31.00,31,1
2,Erik van Rooyen,31.00,31,1
6,Akshay Bhatia,32.00,32,1
6,Sam Burns,32.00,32,1
6,Matt Fitzpatrick,32.00,32,1
6,Emiliano Grillo,32.00,32,1
6,Chris Kirk,32.00,32,1
6,Taylor Moore,32.00,32,1
6,Scottie Scheffler,32.00,32,1
13,Patrick Cantlay,33.00,33,1
13,Lucas Glover,33.00,33,1
13,Nick Hardy,33.00,33,1
13,Viktor Hovland,33.00,33,1
13,Sepp Straka,33.00,33,1
13,Matt Wallace,33.00,33,1
19,Ludvig Åberg,34.00,34,1
19,Keegan Bradley,34.00,34,1
19,Wyndham Clark,34.00,34,1
19,Eric Cole,34.00,34,1
19,Nico Echavarria,34.00,34,1
19,Harris English,34.00,34,1
19,Tommy Fleetwood,34.00,34,1
19,Adam Hadwin,34.00,34,1
19,Brian Harman,34.00,34,1
19,Lee Hodges,34.00,34,1
19,Mackenzie Hughes,34.00,34,1
19,Sungjae Im,34.00,34,1
19,Si Woo Kim,34.00,34,1
19,Hideki Matsuyama,34.00,34,1
19,Collin Morikawa,34.00,34,1
19,J.T. Poston,34.00,34,1
19,Patrick Rodgers,34.00,34,1
19,Justin Rose,34.00,34,1
19,Adam Schenk,34.00,34,1
19,Jordan Spieth,34.00,34,1
19,Brendon Todd,34.00,34,1
19,Camilo Villegas,34.00,34,1
41,Jason Day,35.00,35,1
41,Tom Kim,35.00,35,1
41,Luke List,35.00,35,1
41,Vincent Norrman,35.00,35,1
41,Seamus Power,35.00,35,1
41,Andrew Putnam,35.00,35,1
41,Adam Svensson,35.00,35,1
41,Cameron Young,35.00,35,1
49,Corey Conners,36.00,36,1
49,Rickie Fowler,36.00,36,1
49,Russell Henley,36.00,36,1
49,Max Homa,36.00,36,1
49,Denny McCarthy,36.00,36,1
49,Davis Riley,36.00,36,1
49,Xander Schauffele,36.00,36,1
49,Nick Taylor,36.00,36,1
49,Sahith Theegala,36.00,36,1
58,Cam Davis,37.00,37,1
58,Tom Hoge,37.00,37,1
