rank,player,Avg,Total Strokes,Total Rounds
1,Justin Rose,30.00,30,1
2,Adam Hadwin,31.00,31,1
2,Sungjae Im,31.00,31,1
2,Luke List,31.00,31,1
2,Collin Morikawa,31.00,31,1
2,J.T. Poston,31.00,31,1
2,Seamus Power,31.00,31,1
2,Andrew Putnam,31.00,31,1
2,Matt Wallace,31.00,31,1
10,Byeong Hun An,32.00,32,1
10,Wyndham Clark,32.00,32,1
10,Eric Cole,32.00,32,1
10,Brian Harman,32.00,32,1
10,Max Homa,32.00,32,1
10,Kurt Kitayama,32.00,32,1
10,Taylor Moore,32.00,32,1
10,Sepp Straka,32.00,32,1
10,Sahith Theegala,32.00,32,1
10,Cameron Young,32.00,32,1
20,Ludvig Åberg,33.00,33,1
20,Keegan Bradley,33.00,33,1
20,Sam Burns,33.00,33,1
20,Patrick Cantlay,33.00,33,1
20,Cam Davis,33.00,33,1
20,Jason Day,33.00,33,1
20,Nico Echavarria,33.00,33,1
20,Mackenzie Hughes,33.00,33,1
20,Tom Kim,33.00,33,1
20,Vincent Norrman,33.00,33,1
20,Scottie Scheffler,33.00,33,1
20,Jordan Spieth,33.00,33,1
20,Erik van Rooyen,33.00,33,1
33,Akshay Bhatia,34.00,34,1
33,Corey Conners,34.00,34,1
33,Harris English,34.00,34,1
33,Nick Hardy,34.00,34,1
33,Russell Henley,34.00,34,1
33,Si Woo Kim,34.00,34,1
33,Chris Kirk,34.00,34,1
33,Denny McCarthy,34.00,34,1
33,Davis Riley,34.00,34,1
33,Patrick Rodgers,34.00,34,1
43,Lucas Glover,35.00,35,1
43,Tyrrell Hatton,35.00,35,1
43,Lee Hodges,35.00,35,1
43,Tom Hoge,35.00,35,1
43,Viktor Hovland,35.00,35,1
43,Xander Schauffele,35.00,35,1
43,Camilo Villegas,35.00,35,1
50,Tony Finau,36.00,36,1
50,Matt Fitzpatrick,36.00,36,1
50,Hideki Matsuyama,36.00,36,1
50,Adam Schenk,36.00,36,1
50,Adam Svensson,36.00,36,1
50,Nick Taylor,36.00,36,1
56,Tommy Fleetwood,37.00,37,1
56,Rickie Fowler,37.00,37,1
56,Emiliano Grillo,37.00,37,1
59,Brendon Todd,39.00,39,1
