rank,player,Avg,Total Strokes,Total Holes
1,Byeong Hun An,33.00,132,4
1,Patrick Cantlay,33.00,132,4
1,Jason Day,33.00,132,4
1,Chris Kirk,33.00,132,4
1,Luke List,33.00,132,4
1,Collin Morikawa,33.00,132,4
1,J.T. Poston,33.00,132,4
1,Scottie Scheffler,33.00,132,4
1,Sahith Theegala,33.00,132,4
1,Matt Wallace,33.00,132,4
11,Sam Burns,33.25,133,4
11,Tony Finau,33.25,133,4
11,Sungjae Im,33.25,133,4
11,Taylor Moore,33.25,133,4
11,Jordan Spieth,33.25,133,4
16,Akshay Bhatia,33.50,134,4
16,Harris English,33.50,134,4
16,Adam Hadwin,33.50,134,4
16,Erik van Rooyen,33.50,134,4
20,Tyrrell Hatton,33.75,135,4
20,Justin Rose,33.75,135,4
20,Xander Schauffele,33.75,135,4
20,Sepp Straka,33.75,135,4
24,Wyndham Clark,34.00,136,4
24,Eric Cole,34.00,136,4
24,Brian Harman,34.00,136,4
24,Max Homa,34.00,136,4
24,Mackenzie Hughes,34.00,136,4
24,Si Woo Kim,34.00,136,4
24,Andrew Putnam,34.00,136,4
24,Camilo Villegas,34.00,136,4
32,Ludvig Åberg,34.25,137,4
32,Keegan Bradley,34.25,137,4
32,Nico Echavarria,34.25,137,4
32,Emiliano Grillo,34.25,137,4
36,Kurt Kitayama,34.50,138,4
36,Denny McCarthy,34.50,138,4
38,Corey Conners,34.75,139,4
38,Matt Fitzpatrick,34.75,139,4
38,Lucas Glover,34.75,139,4
38,Russell Henley,34.75,139,4
38,Tom Hoge,34.75,139,4
38,Seamus Power,34.75,139,4
38,Patrick Rodgers,34.75,139,4
38,Adam Schenk,34.75,139,4
38,Adam Svensson,34.75,139,4
47,Nick Hardy,35.00,140,4
47,Viktor Hovland,35.00,140,4
47,Tom Kim,35.00,140,4
50,Davis Riley,35.25,141,4
51,Cameron Young,35.50,142,4
52,Tommy Fleetwood,35.75,143,4
52,Vincent Norrman,35.75,143,4
52,Nick Taylor,35.75,143,4
55,Lee Hodges,36.00,144,4
55,Hideki Matsuyama,36.00,144,4
57,Brendon Todd,36.25,145,4
58,Rickie Fowler,36.50,146,4
59,Cam Davis,37.00,148,4
