rank,player,Value,Tourn/Course,Round
1,Matt Jones,61,Sentry/Plantati,4
1,Jon Rahm,61,Sentry/Plantati,3
1,Justin Thomas,61,Sentry/Plantati,3
4,Collin Morikawa,62,Sentry/Plantati,4
5,Sam Burns,64,Sentry/Plantati,2
5,Patrick Reed,64,Sentry/Plantati,2
5,Cameron Smith,64,Sentry/Plantati,3
8,Tony Finau,65,Sentry/Plantati,4
8,Max Homa,65,Sentry/Plantati,3
8,Sungjae Im,65,Sentry/Plantati,3
8,Si Woo Kim,65,Sentry/Plantati,2
8,Kevin Kisner,65,Sentry/Plantati,4
8,Marc Leishman,65,Sentry/Plantati,3
8,Hideki Matsuyama,65,Sentry/Plantati,2
8,Seamus Power,65,Sentry/Plantati,2
16,Daniel Berger,66,Sentry/Plantati,3
16,Patrick Cantlay,66,Sentry/Plantati,3
16,Cam Davis,66,Sentry/Plantati,4
16,Billy Horschel,66,Sentry/Plantati,4
16,Xander Schauffele,66,Sentry/Plantati,4
16,Jordan Spieth,66,Sentry/Plantati,4
22,Stewart Cink,67,Sentry/Plantati,3
22,Bryson DeChambeau,67,Sentry/Plantati,3
22,Harris English,67,Sentry/Plantati,4
22,Talor Gooch,67,Sentry/Plantati,4
22,Branden Grace,67,Sentry/Plantati,4
22,Viktor Hovland,67,Sentry/Plantati,4
22,K.H. Lee,67,Sentry/Plantati,4
22,Kevin Na,67,Sentry/Plantati,1
22,Erik van Rooyen,67,Sentry/Plantati,1
31,Joel Dahmen,68,Sentry/Plantati,1
31,Lucas Herbert,68,Sentry/Plantati,3
31,Garrick Higgo,68,Sentry/Plantati,1
31,Brooks Koepka,68,Sentry/Plantati,2
31,Phil Mickelson,68,Sentry/Plantati,4
36,Abraham Ancer,69,Sentry/Plantati,2
36,Lucas Glover,69,Sentry/Plantati,4
38,Jason Kokrak,70,Sentry/Plantati,2
