rank,player,Avg,Total Strokes,Total Rounds
1,Cameron Smith,64.50,129,2
2,Daniel Berger,66.00,132,2
2,Jon Rahm,66.00,132,2
4,Patrick Cantlay,66.50,133,2
5,Sungjae Im,67.00,134,2
5,Hideki Matsuyama,67.00,134,2
7,Kevin Na,67.50,135,2
8,Sam Burns,68.00,136,2
8,Stewart Cink,68.00,136,2
8,Si Woo Kim,68.00,136,2
8,Brooks Koepka,68.00,136,2
8,Marc Leishman,68.00,136,2
8,Seamus Power,68.00,136,2
8,Xander Schauffele,68.00,136,2
15,Joel Dahmen,68.50,137,2
15,Cam Davis,68.50,137,2
15,Bryson DeChambeau,68.50,137,2
15,Garrick Higgo,68.50,137,2
15,Matt Jones,68.50,137,2
15,Kevin Kisner,68.50,137,2
15,Erik van Rooyen,68.50,137,2
22,Talor Gooch,69.00,138,2
22,Branden Grace,69.00,138,2
22,Viktor Hovland,69.00,138,2
22,Collin Morikawa,69.00,138,2
22,Patrick Reed,69.00,138,2
27,Tony Finau,69.50,139,2
27,Max Homa,69.50,139,2
27,Billy Horschel,69.50,139,2
30,Phil Mickelson,70.00,140,2
30,Jordan Spieth,70.00,140,2
32,Abraham Ancer,70.50,141,2
32,Justin Thomas,70.50,141,2
34,Lucas Herbert,71.00,142,2
34,Jason Kokrak,71.00,142,2
36,Harris English,71.50,143,2
36,Lucas Glover,71.50,143,2
36,K.H. Lee,71.50,143,2
