rank,player,Stroke Differential,Player's Score,Field Average Score
1,Cameron Smith,+3.72,64.50,68.22
2,Jon Rahm,+3.47,64.75,68.22
3,Matt Jones,+3.22,65.00,68.22
4,Patrick Cantlay,+1.72,66.50,68.22
5,Daniel Berger,+1.47,66.75,68.22
5,Collin Morikawa,+1.47,66.75,68.22
5,Justin Thomas,+1.47,66.75,68.22
8,Sungjae Im,+1.22,67.00,68.22
8,Kevin Kisner,+1.22,67.00,68.22
10,Cam Davis,+.97,67.25,68.22
10,Marc Leishman,+.97,67.25,68.22
12,Xander Schauffele,+.72,67.50,68.22
13,Hideki Matsuyama,+.47,67.75,68.22
13,Kevin Na,+.47,67.75,68.22
15,Talor Gooch,+.22,68.00,68.22
15,Max Homa,+.22,68.00,68.22
15,Seamus Power,+.22,68.00,68.22
15,Patrick Reed,+.22,68.00,68.22
19,Sam Burns,-.03,68.25,68.22
19,Tony Finau,-.03,68.25,68.22
21,Stewart Cink,-.28,68.50,68.22
21,Jordan Spieth,-.28,68.50,68.22
23,Billy Horschel,-.53,68.75,68.22
23,Si Woo Kim,-.53,68.75,68.22
25,Bryson DeChambeau,-.78,69.00,68.22
25,Garrick Higgo,-.78,69.00,68.22
25,Erik van Rooyen,-.78,69.00,68.22
28,Joel Dahmen,-1.03,69.25,68.22
28,Brooks Koepka,-1.03,69.25,68.22
30,Harris English,-1.28,69.50,68.22
30,Viktor Hovland,-1.28,69.50,68.22
30,Phil Mickelson,-1.28,69.50,68.22
33,Branden Grace,-1.53,69.75,68.22
33,K.H. Lee,-1.53,69.75,68.22
35,Abraham Ancer,-2.28,70.50,68.22
35,Lucas Glover,-2.28,70.50,68.22
37,Lucas Herbert,-2.78,71.00,68.22
38,Jason Kokrak,-3.03,71.25,68.22
