rank,player,Avg,Total Strokes,Total Rounds
1,Cameron Smith,64.50,258,4
2,Jon Rahm,64.75,259,4
3,Matt Jones,65.00,260,4
4,Patrick Cantlay,66.50,266,4
5,Daniel Berger,66.75,267,4
5,Collin Morikawa,66.75,267,4
5,Justin Thomas,66.75,267,4
8,Sungjae Im,67.00,268,4
8,Kevin Kisner,67.00,268,4
10,Cam Davis,67.25,269,4
10,Marc Leishman,67.25,269,4
12,Xander Schauffele,67.50,270,4
13,Hideki Matsuyama,67.75,271,4
13,Kevin Na,67.75,271,4
15,Talor Gooch,68.00,272,4
15,Max Homa,68.00,272,4
15,Seamus Power,68.00,272,4
15,Patrick Reed,68.00,272,4
19,Sam Burns,68.25,273,4
19,Tony Finau,68.25,273,4
21,Stewart Cink,68.50,274,4
21,Jordan Spieth,68.50,274,4
23,Billy Horschel,68.75,275,4
23,Si Woo Kim,68.75,275,4
25,Bryson DeChambeau,69.00,276,4
25,Garrick Higgo,69.00,276,4
25,Erik van Rooyen,69.00,276,4
28,Joel Dahmen,69.25,277,4
28,Brooks Koepka,69.25,277,4
30,Harris English,69.50,278,4
30,Viktor Hovland,69.50,278,4
30,Phil Mickelson,69.50,278,4
33,Branden Grace,69.75,279,4
33,K.H. Lee,69.75,279,4
35,Abraham Ancer,70.50,282,4
35,Lucas Glover,70.50,282,4
37,Lucas Herbert,71.00,284,4
38,Jason Kokrak,71.25,285,4
