rank,player,%,Par or Better,Missed GIR
1,Corey Conners,83.33%,10,12
2,Matt Fitzpatrick,78.57%,11,14
3,Tony Finau,76.92%,10,13
4,Trey Mullinax,76.47%,13,17
5,J.T. Poston,75.00%,9,12
5,J.J. Spaun,75.00%,6,8
5,Jordan Spieth,75.00%,12,16
8,Brian Harman,72.22%,13,18
9,Seamus Power,70.59%,12,17
10,Collin Morikawa,70.00%,7,10
11,Scottie Scheffler,66.67%,8,12
12,Hideki Matsuyama,64.71%,11,17
13,Jon Rahm,63.64%,7,11
13,Will Zalatoris,63.64%,7,11
15,Tom Kim,61.54%,8,13
16,Mackenzie Hughes,60.00%,9,15
17,Keegan Bradley,58.33%,7,12
17,Sungjae Im,58.33%,7,12
17,Justin Thomas,58.33%,7,12
20,Adam Svensson,57.14%,8,14
21,Adam Scott,56.25%,9,16
22,Luke List,54.55%,6,11
23,Patrick Cantlay,53.85%,7,13
23,Tom Hoge,53.85%,7,13
23,Sahith Theegala,53.85%,7,13
26,Russell Henley,50.00%,5,10
26,Max Homa,50.00%,5,10
26,Sepp Straka,50.00%,5,10
29,Viktor Hovland,46.67%,7,15
29,Scott Stallings,46.67%,7,15
31,Ryan Brehm,46.15%,6,13
31,Aaron Wise,46.15%,6,13
33,Chad Ramey,44.44%,8,18
34,Sam Burns,42.86%,6,14
35,Billy Horschel,41.67%,5,12
35,Chez Reavie,41.67%,5,12
37,K.H. Lee,37.50%,3,8
38,Cameron Young,36.36%,4,11
