rank,player,%,Successes,Attempts
1,Corey Conners,100.00%,1,1
1,Luke List,100.00%,1,1
1,Jordan Spieth,100.00%,2,2
1,Adam Svensson,100.00%,1,1
1,Will Zalatoris,100.00%,1,1
6,Hideki Matsuyama,75.00%,3,4
7,Seamus Power,66.67%,2,3
8,K.H. Lee,60.00%,3,5
9,Tony Finau,50.00%,1,2
10,Sam Burns,42.86%,3,7
11,Ryan Brehm,33.33%,1,3
11,Matt Fitzpatrick,33.33%,1,3
13,Billy Horschel,28.57%,2,7
14,Justin Thomas,25.00%,1,4
15,Keegan Bradley,20.00%,1,5
15,Mackenzie Hughes,20.00%,1,5
15,Scott Stallings,20.00%,1,5
18,Patrick Cantlay,.00%,0,2
18,Brian Harman,.00%,0,1
18,Russell Henley,.00%,0,1
18,Tom Hoge,.00%,0,3
18,Max Homa,.00%,0,1
18,Viktor Hovland,.00%,0,2
18,Sungjae Im,.00%,0,2
18,Collin Morikawa,.00%,0,1
18,Trey Mullinax,.00%,0,1
18,Jon Rahm,.00%,0,1
18,Chad Ramey,.00%,0,5
18,Chez Reavie,.00%,0,1
18,Scottie Scheffler,.00%,0,2
18,Adam Scott,.00%,0,3
18,J.J. Spaun,.00%,0,2
18,Sepp Straka,.00%,0,4
18,Sahith Theegala,.00%,0,3
18,Aaron Wise,.00%,0,2
18,Cameron Young,.00%,0,2
