rank,player,%,Successes,Attempts
1,Trey Mullinax,100.00%,8,8
2,Matt Fitzpatrick,87.50%,7,8
2,Will Zalatoris,87.50%,7,8
4,Brian Harman,83.33%,5,6
5,Luke List,75.00%,3,4
5,Hideki Matsuyama,75.00%,6,8
7,Seamus Power,71.43%,5,7
8,Keegan Bradley,66.67%,2,3
8,Tony Finau,66.67%,6,9
8,Billy Horschel,66.67%,2,3
8,Jordan Spieth,66.67%,4,6
12,Corey Conners,60.00%,3,5
12,Russell Henley,60.00%,3,5
12,Tom Hoge,60.00%,3,5
12,Mackenzie Hughes,60.00%,3,5
12,Scottie Scheffler,60.00%,3,5
17,Adam Svensson,57.14%,4,7
17,Sahith Theegala,57.14%,4,7
19,Patrick Cantlay,50.00%,2,4
19,Max Homa,50.00%,2,4
19,Tom Kim,50.00%,3,6
19,Collin Morikawa,50.00%,1,2
19,J.T. Poston,50.00%,2,4
19,Adam Scott,50.00%,2,4
19,Sepp Straka,50.00%,2,4
26,Viktor Hovland,42.86%,3,7
26,Aaron Wise,42.86%,3,7
28,Ryan Brehm,40.00%,2,5
28,Scott Stallings,40.00%,2,5
30,J.J. Spaun,33.33%,1,3
30,Justin Thomas,33.33%,1,3
32,K.H. Lee,28.57%,2,7
33,Sam Burns,25.00%,1,4
33,Chez Reavie,25.00%,1,4
35,Cameron Young,16.67%,1,6
36,Chad Ramey,14.29%,1,7
37,Sungjae Im,.00%,0,3
37,Jon Rahm,.00%,0,2
