rank,player,%,Attempts,Putts made
1,Frank Lickliter II,12.50,24,3
2,Mike Weir,11.76,17,2
3,Kenny Perry,10.00,20,2
4,Ernie Els,9.52,21,2
4,Jonathan Kaye,9.52,21,2
6,Peter Jacobsen,9.09,22,2
7,Shaun Micheel,8.33,24,2
8,Craig Stadler,6.67,15,1
9,Shigeki Maruyama,6.25,16,1
10,Stuart Appleby,5.88,17,1
11,Darren Clarke,5.26,19,1
11,Fred Couples,5.26,19,1
13,Steve Flesch,5.00,20,1
13,Tiger Woods,5.00,20,1
15,John Huston,4.76,21,1
15,Rory Sabbatini,4.76,21,1
17,Chad Campbell,4.55,22,1
18,Ben Crane,4.35,23,1
19,Scott Hoch,4.17,24,1
20,Tommy Armour III,.00,18,-
20,Ben Curtis,.00,24,-
20,Jim Furyk,.00,26,-
20,Retief Goosen,.00,15,-
20,Justin Leonard,.00,13,-
20,J.L. Lewis,.00,14,-
20,Davis Love III,.00,17,-
20,Adam Scott,.00,12,-
20,Vijay Singh,.00,17,-
20,Kirk Triplett,.00,14,-
20,Bob Tway,.00,11,-
