rank,player,%,Attempts,Putts made
1,Mike Weir,66.67,6,4
2,Kirk Triplett,40.00,5,2
3,Scott Hoch,37.50,8,3
4,Ben Crane,33.33,6,2
5,Frank Lickliter II,28.57,7,2
6,Jonathan Kaye,25.00,8,2
6,Tiger Woods,25.00,4,1
8,Kenny Perry,23.08,13,3
9,Davis Love III,20.00,5,1
9,Shaun Micheel,20.00,5,1
9,Craig Stadler,20.00,5,1
12,Stuart Appleby,16.67,6,1
13,Ernie Els,14.29,7,1
13,Adam Scott,14.29,14,2
15,Justin Leonard,12.50,8,1
15,Shigeki Maruyama,12.50,8,1
17,Rory Sabbatini,11.11,9,1
18,Tommy Armour III,.00,4,-
18,Chad Campbell,.00,6,-
18,Darren Clarke,.00,6,-
18,Fred Couples,.00,9,-
18,Ben Curtis,.00,6,-
18,Steve Flesch,.00,9,-
18,Jim Furyk,.00,3,-
18,Retief Goosen,.00,4,-
18,John Huston,.00,1,-
18,Peter Jacobsen,.00,4,-
18,J.L. Lewis,.00,9,-
18,Vijay Singh,.00,6,-
18,Bob Tway,.00,10,-
