rank,player,%,Attempts,Putts made
1,John Huston,57.14,7,4
2,Rory Sabbatini,55.56,9,5
3,Craig Stadler,54.55,11,6
4,Kirk Triplett,53.33,15,8
5,Stuart Appleby,50.00,10,5
5,Darren Clarke,50.00,8,4
7,Ernie Els,42.86,7,3
8,Tommy Armour III,40.00,15,6
8,Ben Crane,40.00,10,4
8,Ben Curtis,40.00,10,4
11,Jim Furyk,33.33,12,4
11,Tiger Woods,33.33,12,4
13,Jonathan Kaye,30.77,13,4
13,Shaun Micheel,30.77,13,4
15,Vijay Singh,30.00,10,3
16,Steve Flesch,25.00,12,3
16,Shigeki Maruyama,25.00,8,2
16,Adam Scott,25.00,8,2
19,Peter Jacobsen,22.22,9,2
20,Fred Couples,20.00,5,1
20,Bob Tway,20.00,20,4
22,Scott Hoch,18.18,11,2
23,Justin Leonard,16.67,12,2
24,Retief Goosen,15.38,13,2
25,J.L. Lewis,12.50,8,1
25,Mike Weir,12.50,8,1
27,Chad Campbell,11.11,9,1
28,Davis Love III,10.00,10,1
29,Frank Lickliter II,.00,7,-
29,Kenny Perry,.00,9,-
