rank,player,% Made,Attempts,Putts Made
1,Frank Lickliter II,10.00,1,1
2,Kenny Perry,5.00,2,1
3,Ernie Els,4.00,5,2
4,Mike Weir,3.33,6,2
5,Fred Couples,2.50,4,1
5,Steve Flesch,2.50,4,1
5,John Huston,2.50,4,1
5,Jonathan Kaye,2.50,4,1
9,Chad Campbell,2.00,5,1
10,Rory Sabbatini,1.25,8,1
11,Stuart Appleby,.00,4,-
11,Tommy Armour III,.00,4,-
11,Darren Clarke,.00,4,-
11,Ben Crane,.00,5,-
11,Ben Curtis,.00,4,-
11,Jim Furyk,.00,7,-
11,Retief Goosen,.00,1,-
11,Scott Hoch,.00,4,-
11,Peter Jacobsen,.00,7,-
11,Justin Leonard,.00,4,-
11,Davis Love III,.00,3,-
11,Shigeki Maruyama,.00,4,-
11,Shaun Micheel,.00,5,-
11,Adam Scott,.00,2,-
11,Vijay Singh,.00,2,-
11,Craig Stadler,.00,2,-
11,Kirk Triplett,.00,4,-
11,Bob Tway,.00,4,-
11,Tiger Woods,.00,5,-
