rank,player,% Made,Attempts,Putts Made
1,Shigeki Maruyama,1.11,9,1
1,Craig Stadler,1.11,9,1
3,Peter Jacobsen,1.00,10,1
4,Stuart Appleby,.91,11,1
4,Darren Clarke,.91,11,1
6,Ben Crane,.77,13,1
7,Shaun Micheel,.71,14,1
8,Jonathan Kaye,.67,15,1
9,Frank Lickliter II,.53,19,1
10,Tommy Armour III,.00,13,-
10,Chad Campbell,.00,13,-
10,Fred Couples,.00,9,-
10,Ben Curtis,.00,17,-
10,Ernie Els,.00,11,-
10,Steve Flesch,.00,8,-
10,Jim Furyk,.00,15,-
10,Retief Goosen,.00,11,-
10,Scott Hoch,.00,12,-
10,John Huston,.00,14,-
10,Justin Leonard,.00,7,-
10,J.L. Lewis,.00,12,-
10,Davis Love III,.00,12,-
10,Kenny Perry,.00,13,-
10,Rory Sabbatini,.00,11,-
10,Adam Scott,.00,8,-
10,Vijay Singh,.00,14,-
10,Kirk Triplett,.00,6,-
10,Bob Tway,.00,7,-
10,Mike Weir,.00,11,-
10,Tiger Woods,.00,11,-
