rank,player,%,Attempts,Putts made
1,Stuart Appleby,66.67,3,2
2,Vijay Singh,60.00,5,3
3,Jonathan Kaye,33.33,3,1
3,Tiger Woods,33.33,6,2
5,Adam Scott,28.57,7,2
6,John Huston,25.00,8,2
7,Retief Goosen,22.22,9,2
8,Darren Clarke,20.00,5,1
8,Frank Lickliter II,20.00,5,1
8,Shigeki Maruyama,20.00,5,1
11,Ben Crane,16.67,6,1
11,Jim Furyk,16.67,6,1
13,Shaun Micheel,14.29,7,1
14,Craig Stadler,11.11,9,1
15,Tommy Armour III,.00,2,-
15,Chad Campbell,.00,6,-
15,Fred Couples,.00,7,-
15,Ben Curtis,.00,2,-
15,Ernie Els,.00,2,-
15,Steve Flesch,.00,5,-
15,Scott Hoch,.00,4,-
15,Peter Jacobsen,.00,5,-
15,Justin Leonard,.00,5,-
15,J.L. Lewis,.00,7,-
15,Davis Love III,.00,5,-
15,Kenny Perry,.00,4,-
15,Rory Sabbatini,.00,6,-
15,Kirk Triplett,.00,3,-
15,Bob Tway,.00,5,-
15,Mike Weir,.00,4,-
