rank,player,% Made,Attempts,Putts Made
1,Frank Lickliter II,2.50,4,1
1,Tiger Woods,2.50,4,1
3,Peter Jacobsen,2.00,5,1
3,Shaun Micheel,2.00,5,1
3,Kenny Perry,2.00,5,1
6,Scott Hoch,1.25,8,1
7,Stuart Appleby,.00,2,-
7,Tommy Armour III,.00,1,-
7,Chad Campbell,.00,4,-
7,Darren Clarke,.00,4,-
7,Fred Couples,.00,6,-
7,Ben Crane,.00,5,-
7,Ben Curtis,.00,3,-
7,Ernie Els,.00,5,-
7,Steve Flesch,.00,8,-
7,Jim Furyk,.00,4,-
7,Retief Goosen,.00,3,-
7,John Huston,.00,3,-
7,Jonathan Kaye,.00,2,-
7,Justin Leonard,.00,2,-
7,J.L. Lewis,.00,2,-
7,Davis Love III,.00,2,-
7,Shigeki Maruyama,.00,3,-
7,Rory Sabbatini,.00,2,-
7,Adam Scott,.00,2,-
7,Vijay Singh,.00,1,-
7,Craig Stadler,.00,4,-
7,Kirk Triplett,.00,4,-
