rank,player,%,Greens Hit,# Holes,Relative/Par
1,Ludvig Åberg,100.0%,3,3,-2.00
1,Christiaan Bezuidenhout,100.0%,3,3,E
1,Keegan Bradley,100.0%,1,1,E
1,Rafael Campos,100.0%,1,1,-1.00
1,Jason Day,100.0%,1,1,E
1,Austin Eckroat,100.0%,1,1,-1.00
1,Tony Finau,100.0%,1,1,E
1,Brice Garnett,100.0%,1,1,E
1,Chris Gotterup,100.0%,2,2,+1.00
1,Adam Hadwin,100.0%,1,1,+1.00
1,Harry Hall,100.0%,1,1,-1.00
1,Tom Hoge,100.0%,3,3,-1.00
1,Billy Horschel,100.0%,1,1,E
1,Si Woo Kim,100.0%,1,1,E
1,Jake Knapp,100.0%,1,1,E
1,Robert MacIntyre,100.0%,1,1,E
1,Maverick McNealy,100.0%,2,2,-1.00
1,Collin Morikawa,100.0%,2,2,E
1,Taylor Pendrith,100.0%,1,1,-1.00
1,Nick Taylor,100.0%,1,1,E
1,Sahith Theegala,100.0%,2,2,-1.00
1,Justin Thomas,100.0%,1,1,-1.00
1,Jhonattan Vegas,100.0%,1,1,-1.00
24,Sam Burns,50.0%,1,2,E
24,Thomas Detry,50.0%,1,2,-1.00
24,Peter Malnati,50.0%,2,4,E
24,Denny McCarthy,50.0%,1,2,E
24,Xander Schauffele,50.0%,1,2,E
24,Adam Scott,50.0%,1,2,-1.00
30,Eric Cole,33.3%,1,3,E
31,Stephan Jaeger,25.0%,1,4,E
32,Akshay Bhatia,.0%,0,1,E
32,Corey Conners,.0%,0,1,E
32,Nick Dunlap,.0%,0,1,E
32,Matt Fitzpatrick,.0%,0,2,E
32,Brian Harman,.0%,0,1,E
32,Russell Henley,.0%,0,1,E
32,Chris Kirk,.0%,0,1,E
32,Patton Kizzire,.0%,0,2,E
32,Matthieu Pavon,.0%,0,1,E
32,Sepp Straka,.0%,0,1,E
32,Davis Thompson,.0%,0,1,E
32,Will Zalatoris,.0%,0,1,E
