rank,player,%,Greens Hit,Total Holes,Relative to par
1,Max Homa,100.00%,34,34,-0.50
1,Aaron Rai,100.00%,33,33,-0.58
3,Collin Morikawa,97.30%,36,37,-0.64
4,Thomas Detry,97.22%,35,36,-0.63
5,Tom Hoge,96.77%,30,31,-0.40
6,Ludvig Åberg,94.87%,37,39,-0.62
7,Nick Dunlap,94.74%,36,38,-0.25
7,Tony Finau,94.74%,36,38,-0.50
7,Chris Gotterup,94.74%,36,38,-0.47
7,Will Zalatoris,94.74%,36,38,-0.39
11,Harry Hall,94.44%,34,36,-0.53
11,Russell Henley,94.44%,34,36,-0.56
11,Adam Scott,94.44%,34,36,-0.68
14,Corey Conners,93.94%,31,33,-0.68
14,Taylor Pendrith,93.94%,31,33,-0.61
16,Nico Echavarria,93.75%,30,32,-0.47
17,Rafael Campos,93.33%,28,30,-0.50
18,Christiaan Bezuidenhout,93.10%,27,29,-0.56
19,Max Greyserman,92.86%,39,42,-0.62
20,Maverick McNealy,92.68%,38,41,-0.50
21,Sungjae Im,92.31%,36,39,-0.72
22,Kevin Yu,91.89%,34,37,-0.50
23,Eric Cole,91.67%,33,36,-0.42
23,Jhonattan Vegas,91.67%,33,36,-0.67
25,Keegan Bradley,91.43%,32,35,-0.59
25,Patton Kizzire,91.43%,32,35,-0.56
25,Sepp Straka,91.43%,32,35,-0.59
28,Austin Eckroat,90.91%,30,33,-0.63
29,Robert MacIntyre,90.63%,29,32,-0.76
30,Davis Thompson,90.24%,37,41,-0.62
31,Hideki Matsuyama,90.00%,36,40,-0.69
31,Denny McCarthy,90.00%,36,40,-0.33
33,Byeong Hun An,89.74%,35,39,-0.54
34,Brian Harman,89.66%,26,29,-0.50
35,Sam Burns,89.47%,34,38,-0.56
35,Xander Schauffele,89.47%,34,38,-0.59
37,Patrick Cantlay,89.19%,33,37,-0.73
37,Jason Day,89.19%,33,37,-0.42
39,Chris Kirk,88.89%,32,36,-0.56
39,J.T. Poston,88.89%,32,36,-0.56
39,Sahith Theegala,88.89%,32,36,-0.63
42,Justin Thomas,88.57%,31,35,-0.68
43,Wyndham Clark,87.80%,36,41,-0.64
44,Cam Davis,86.84%,33,38,-0.76
44,Matt Fitzpatrick,86.84%,33,38,-0.70
44,Stephan Jaeger,86.84%,33,38,-0.67
47,Billy Horschel,86.49%,32,37,-0.50
47,Viktor Hovland,86.49%,32,37,-0.63
49,Jake Knapp,86.11%,31,36,-0.55
50,Matt McCarty,85.71%,30,35,-0.47
51,Nick Taylor,84.85%,28,33,-0.57
52,Brice Garnett,82.35%,28,34,-0.32
53,Adam Hadwin,81.82%,27,33,-0.67
54,Si Woo Kim,79.41%,27,34,-0.67
55,Matthieu Pavon,78.95%,30,38,-0.50
56,Akshay Bhatia,78.38%,29,37,-0.55
56,Cameron Young,78.38%,29,37,-0.76
58,Peter Malnati,75.00%,24,32,-0.63
