rank,player,%,Greens Hit,Total Holes,Relative to par
1,Keegan Bradley,100.00%,22,22,-0.73
1,Wyndham Clark,100.00%,25,25,-0.84
1,Thomas Detry,100.00%,22,22,-0.68
1,Nico Echavarria,100.00%,20,20,-0.65
1,Tom Hoge,100.00%,14,14,-0.57
1,Max Homa,100.00%,22,22,-0.64
1,Robert MacIntyre,100.00%,22,22,-0.77
1,Collin Morikawa,100.00%,23,23,-0.70
1,Aaron Rai,100.00%,19,19,-0.74
1,Will Zalatoris,100.00%,24,24,-0.54
11,Max Greyserman,96.43%,27,28,-0.78
12,Ludvig Åberg,96.30%,26,27,-0.69
12,Maverick McNealy,96.30%,26,27,-0.58
14,Kevin Yu,96.15%,25,26,-0.56
15,Patrick Cantlay,95.83%,23,24,-0.87
15,Jason Day,95.83%,23,24,-0.48
15,Hideki Matsuyama,95.83%,23,24,-0.78
18,Corey Conners,95.65%,22,23,-0.82
18,Nick Dunlap,95.65%,22,23,-0.27
18,Xander Schauffele,95.65%,22,23,-0.77
21,Sepp Straka,95.45%,21,22,-0.67
21,Davis Thompson,95.45%,21,22,-0.76
23,Harry Hall,95.24%,20,21,-0.55
23,Adam Scott,95.24%,20,21,-0.80
25,Brian Harman,95.00%,19,20,-0.58
25,Patton Kizzire,95.00%,19,20,-0.74
27,Eric Cole,94.74%,18,19,-0.61
27,Tony Finau,94.74%,18,19,-0.67
29,Russell Henley,94.12%,16,17,-0.69
30,Christiaan Bezuidenhout,93.75%,15,16,-0.67
31,Sungjae Im,93.10%,27,29,-0.74
32,Billy Horschel,92.00%,23,25,-0.57
33,Byeong Hun An,91.67%,22,24,-0.64
33,Jhonattan Vegas,91.67%,22,24,-0.73
35,Taylor Pendrith,91.30%,21,23,-0.71
35,J.T. Poston,91.30%,21,23,-0.71
37,Austin Eckroat,90.91%,20,22,-0.80
37,Chris Gotterup,90.91%,20,22,-0.55
37,Denny McCarthy,90.91%,20,22,-0.50
40,Stephan Jaeger,90.48%,19,21,-0.68
41,Justin Thomas,89.66%,26,29,-0.73
42,Jake Knapp,89.29%,25,28,-0.68
43,Matt Fitzpatrick,88.89%,24,27,-0.75
44,Sam Burns,88.46%,23,26,-0.57
45,Rafael Campos,88.24%,15,17,-0.47
46,Chris Kirk,88.00%,22,25,-0.59
47,Viktor Hovland,87.50%,21,24,-0.81
47,Sahith Theegala,87.50%,21,24,-0.71
49,Matt McCarty,86.36%,19,22,-0.53
49,Nick Taylor,86.36%,19,22,-0.68
51,Brice Garnett,85.71%,18,21,-0.44
51,Si Woo Kim,85.71%,18,21,-0.83
53,Cameron Young,84.62%,22,26,-0.91
54,Akshay Bhatia,83.33%,20,24,-0.65
55,Matthieu Pavon,82.61%,19,23,-0.63
56,Adam Hadwin,81.82%,18,22,-0.72
57,Cam Davis,80.00%,20,25,-0.85
57,Peter Malnati,80.00%,16,20,-0.75
