rank,player,%,Greens Hit,Total Holes,Relative to par
1,Thomas Detry,100.00%,30,30,-0.67
1,Tom Hoge,100.00%,24,24,-0.42
1,Max Homa,100.00%,28,28,-0.54
1,Aaron Rai,100.00%,26,26,-0.62
1,Will Zalatoris,100.00%,31,31,-0.45
6,Max Greyserman,96.88%,31,32,-0.71
7,Maverick McNealy,96.77%,30,31,-0.53
8,Keegan Bradley,96.67%,29,30,-0.66
8,Sepp Straka,96.67%,29,30,-0.62
10,Corey Conners,96.55%,28,29,-0.68
10,Collin Morikawa,96.55%,28,29,-0.64
12,Nico Echavarria,96.30%,26,27,-0.54
13,Ludvig Åberg,94.44%,34,36,-0.59
14,Wyndham Clark,93.94%,31,33,-0.71
14,Sungjae Im,93.94%,31,33,-0.71
14,Kevin Yu,93.94%,31,33,-0.58
17,Nick Dunlap,93.75%,30,32,-0.20
18,Chris Gotterup,93.55%,29,31,-0.48
19,Taylor Pendrith,93.33%,28,30,-0.61
19,Adam Scott,93.33%,28,30,-0.71
21,Harry Hall,93.10%,27,29,-0.59
21,Patton Kizzire,93.10%,27,29,-0.67
23,Austin Eckroat,92.86%,26,28,-0.69
23,Russell Henley,92.86%,26,28,-0.65
25,Tony Finau,92.59%,25,27,-0.60
26,Christiaan Bezuidenhout,91.30%,21,23,-0.67
27,Jason Day,90.91%,30,33,-0.47
27,Billy Horschel,90.91%,30,33,-0.53
27,Davis Thompson,90.91%,30,33,-0.63
30,Sam Burns,90.63%,29,32,-0.59
30,Patrick Cantlay,90.63%,29,32,-0.72
30,Matt Fitzpatrick,90.63%,29,32,-0.72
30,Chris Kirk,90.63%,29,32,-0.59
30,J.T. Poston,90.63%,29,32,-0.62
30,Jhonattan Vegas,90.63%,29,32,-0.66
36,Rafael Campos,90.48%,19,21,-0.42
37,Stephan Jaeger,90.32%,28,31,-0.64
37,Jake Knapp,90.32%,28,31,-0.61
37,Robert MacIntyre,90.32%,28,31,-0.75
37,Hideki Matsuyama,90.32%,28,31,-0.71
41,Byeong Hun An,90.00%,27,30,-0.59
41,Denny McCarthy,90.00%,27,30,-0.41
43,Brian Harman,89.29%,25,28,-0.52
44,Eric Cole,88.89%,24,27,-0.54
45,Matt McCarty,88.46%,23,26,-0.48
46,Justin Thomas,87.88%,29,33,-0.69
47,Viktor Hovland,87.50%,28,32,-0.64
48,Xander Schauffele,87.10%,27,31,-0.70
48,Sahith Theegala,87.10%,27,31,-0.67
50,Brice Garnett,85.71%,24,28,-0.38
51,Nick Taylor,84.62%,22,26,-0.68
52,Cam Davis,83.87%,26,31,-0.81
53,Adam Hadwin,82.76%,24,29,-0.71
54,Cameron Young,81.25%,26,32,-0.85
55,Si Woo Kim,80.00%,24,30,-0.71
55,Peter Malnati,80.00%,20,25,-0.65
57,Matthieu Pavon,78.13%,25,32,-0.52
58,Akshay Bhatia,76.67%,23,30,-0.65
