rank,player,%,Greens Hit,Total Holes,Relative to par
1,Wyndham Clark,100.00%,6,6,E
1,Matt Fitzpatrick,100.00%,8,8,E
1,Jake Knapp,100.00%,5,5,-0.20
1,Taylor Pendrith,100.00%,6,6,E
1,Will Zalatoris,100.00%,9,9,-0.11
6,Cam Davis,91.67%,11,12,-0.09
7,Brian Harman,90.00%,9,10,E
8,Jhonattan Vegas,88.89%,8,9,-0.13
9,Harry Hall,87.50%,7,8,E
10,Sam Burns,85.71%,6,7,E
10,Billy Horschel,85.71%,6,7,+0.17
10,Patton Kizzire,85.71%,6,7,-0.17
10,Cameron Young,85.71%,6,7,-0.50
14,Ludvig Åberg,83.33%,5,6,E
15,Corey Conners,81.82%,9,11,-0.22
16,Russell Henley,80.00%,8,10,-0.13
16,Max Homa,80.00%,8,10,-0.13
16,Hideki Matsuyama,80.00%,8,10,-0.13
16,Collin Morikawa,80.00%,8,10,-0.38
16,Aaron Rai,80.00%,8,10,E
16,Xander Schauffele,80.00%,8,10,E
22,Chris Gotterup,77.78%,7,9,E
22,Si Woo Kim,77.78%,7,9,-0.29
22,Denny McCarthy,77.78%,7,9,-0.14
22,Davis Thompson,77.78%,7,9,+0.14
26,Christiaan Bezuidenhout,76.92%,10,13,-0.20
27,Nick Dunlap,75.00%,6,8,E
27,Sungjae Im,75.00%,6,8,-0.50
27,Chris Kirk,75.00%,6,8,E
30,Akshay Bhatia,72.73%,8,11,-0.13
30,Austin Eckroat,72.73%,8,11,-0.13
30,Brice Garnett,72.73%,8,11,-0.13
30,Robert MacIntyre,72.73%,8,11,-0.13
30,J.T. Poston,72.73%,8,11,-0.13
35,Adam Hadwin,70.00%,7,10,-0.57
36,Jason Day,69.23%,9,13,E
37,Byeong Hun An,66.67%,4,6,E
37,Rafael Campos,66.67%,8,12,-0.13
37,Max Greyserman,66.67%,6,9,E
37,Viktor Hovland,66.67%,6,9,-0.17
37,Stephan Jaeger,66.67%,6,9,+0.17
42,Sepp Straka,63.64%,7,11,-0.14
43,Peter Malnati,62.50%,5,8,-0.20
43,Maverick McNealy,62.50%,5,8,-0.40
45,Tom Hoge,61.54%,8,13,-0.13
46,Keegan Bradley,60.00%,6,10,-0.17
46,Nico Echavarria,60.00%,6,10,-0.33
46,Tony Finau,60.00%,6,10,-0.33
46,Adam Scott,60.00%,6,10,-0.17
46,Nick Taylor,60.00%,6,10,-0.17
46,Sahith Theegala,60.00%,6,10,-0.17
52,Justin Thomas,55.56%,5,9,E
53,Patrick Cantlay,54.55%,6,11,-0.33
54,Matt McCarty,50.00%,6,12,E
54,Matthieu Pavon,50.00%,4,8,-0.25
54,Kevin Yu,50.00%,4,8,E
57,Eric Cole,44.44%,4,9,E
58,Thomas Detry,42.86%,3,7,E
