rank,player,%,Total Hit,Total Attempts,RTP Score
1,Robert MacIntyre,105.56%,76,72,-37.00
2,Maverick McNealy,100.00%,72,72,-35.00
3,Collin Morikawa,98.61%,71,72,-37.00
3,Jhonattan Vegas,98.61%,71,72,-39.00
5,Hideki Matsuyama,97.22%,70,72,-41.00
5,Xander Schauffele,97.22%,70,72,-31.00
7,Tom Hoge,95.83%,69,72,-27.00
7,Max Homa,95.83%,69,72,-28.00
7,Davis Thompson,95.83%,69,72,-27.00
10,Corey Conners,94.44%,68,72,-33.00
10,Sepp Straka,94.44%,68,72,-33.00
10,Will Zalatoris,94.44%,68,72,-26.00
13,Keegan Bradley,93.06%,67,72,-32.00
13,Sam Burns,93.06%,67,72,-30.00
13,Jason Day,93.06%,67,72,-19.00
13,Nick Dunlap,93.06%,67,72,-15.00
13,Matt Fitzpatrick,93.06%,67,72,-33.00
13,Chris Gotterup,93.06%,67,72,-21.00
13,Taylor Pendrith,93.06%,67,72,-35.00
20,Austin Eckroat,91.67%,66,72,-33.00
20,Tony Finau,91.67%,66,72,-27.00
20,Max Greyserman,91.67%,66,72,-31.00
20,Harry Hall,91.67%,66,72,-29.00
20,Sungjae Im,91.67%,66,72,-40.00
20,Aaron Rai,91.67%,66,72,-30.00
20,Adam Scott,91.67%,66,72,-34.00
27,Wyndham Clark,90.28%,65,72,-34.00
27,Cam Davis,90.28%,65,72,-37.00
27,Thomas Detry,90.28%,65,72,-35.00
27,Russell Henley,90.28%,65,72,-29.00
31,Ludvig Åberg,88.89%,64,72,-32.00
31,Byeong Hun An,88.89%,64,72,-27.00
31,Patrick Cantlay,88.89%,64,72,-35.00
31,Denny McCarthy,88.89%,64,72,-20.00
35,Billy Horschel,87.50%,63,72,-20.00
35,J.T. Poston,87.50%,63,72,-27.00
35,Sahith Theegala,87.50%,63,72,-28.00
35,Justin Thomas,87.50%,63,72,-34.00
39,Brian Harman,86.11%,62,72,-17.00
40,Akshay Bhatia,84.72%,61,72,-24.00
40,Nico Echavarria,84.72%,61,72,-25.00
40,Brice Garnett,84.72%,61,72,-16.00
40,Adam Hadwin,84.72%,61,72,-29.00
40,Viktor Hovland,84.72%,61,72,-28.00
45,Rafael Campos,83.33%,60,72,-21.00
45,Jake Knapp,83.33%,60,72,-27.00
45,Nick Taylor,83.33%,60,72,-20.00
48,Stephan Jaeger,81.94%,59,72,-29.00
48,Chris Kirk,81.94%,59,72,-26.00
48,Kevin Yu,81.94%,59,72,-21.00
51,Christiaan Bezuidenhout,80.56%,58,72,-17.00
51,Matt McCarty,80.56%,58,72,-17.00
53,Eric Cole,79.17%,57,72,-16.00
53,Patton Kizzire,79.17%,57,72,-24.00
53,Cameron Young,79.17%,57,72,-31.00
56,Si Woo Kim,77.78%,56,72,-28.00
56,Matthieu Pavon,77.78%,56,72,-24.00
58,Peter Malnati,72.22%,52,72,-22.00
