rank,player,%,Greens Hit,# of holes
1,Collin Morikawa,100.00%,11,11
2,Hideki Matsuyama,93.33%,14,15
3,Russell Henley,91.67%,11,12
4,Maverick McNealy,90.48%,19,21
5,Will Zalatoris,84.21%,16,19
6,Nick Dunlap,83.33%,25,30
6,Adam Scott,83.33%,20,24
8,Patrick Cantlay,82.61%,19,23
9,Jhonattan Vegas,81.82%,18,22
10,Max Homa,81.25%,13,16
11,Chris Gotterup,80.95%,17,21
11,Tom Hoge,80.95%,17,21
13,Corey Conners,80.00%,12,15
13,Thomas Detry,80.00%,16,20
13,Nico Echavarria,80.00%,16,20
16,Wyndham Clark,79.17%,19,24
17,Matt Fitzpatrick,78.95%,15,19
17,Taylor Pendrith,78.95%,15,19
19,Robert MacIntyre,78.57%,11,14
20,Sam Burns,77.27%,17,22
20,Harry Hall,77.27%,17,22
22,Viktor Hovland,76.19%,16,21
22,Davis Thompson,76.19%,16,21
24,Jason Day,75.00%,18,24
24,Xander Schauffele,75.00%,21,28
26,Byeong Hun An,73.91%,17,23
26,Tony Finau,73.91%,17,23
28,Max Greyserman,73.08%,19,26
29,Sungjae Im,71.43%,10,14
30,Keegan Bradley,70.00%,14,20
30,Billy Horschel,70.00%,14,20
30,Aaron Rai,70.00%,7,10
33,Christiaan Bezuidenhout,69.57%,16,23
34,Nick Taylor,69.23%,9,13
34,Justin Thomas,69.23%,18,26
36,Sahith Theegala,68.42%,13,19
37,Rafael Campos,66.67%,12,18
37,Austin Eckroat,66.67%,10,15
37,Brice Garnett,66.67%,10,15
37,Adam Hadwin,66.67%,10,15
37,Denny McCarthy,66.67%,12,18
37,Matt McCarty,66.67%,10,15
43,Ludvig Åberg,65.52%,19,29
43,Cameron Young,65.52%,19,29
45,Si Woo Kim,65.00%,13,20
46,J.T. Poston,63.64%,7,11
47,Eric Cole,63.16%,12,19
48,Kevin Yu,62.50%,10,16
49,Sepp Straka,58.33%,7,12
50,Akshay Bhatia,57.89%,11,19
51,Matthieu Pavon,56.52%,13,23
52,Jake Knapp,55.56%,15,27
53,Cam Davis,52.94%,9,17
54,Brian Harman,50.00%,9,18
54,Stephan Jaeger,50.00%,12,24
54,Peter Malnati,50.00%,10,20
57,Chris Kirk,44.44%,8,18
58,Patton Kizzire,42.86%,9,21
