rank,player,%,Greens Hit,# of Holes
1,Jason Day,97.22%,35,36
2,Sepp Straka,95.83%,46,48
3,Tom Hoge,94.87%,37,39
4,Sam Burns,94.74%,36,38
5,Justin Thomas,94.12%,32,34
6,Aaron Rai,94.00%,47,50
7,Ludvig Åberg,93.55%,29,31
8,Nick Dunlap,93.33%,28,30
9,Denny McCarthy,92.86%,39,42
10,Harry Hall,92.11%,35,38
11,Max Greyserman,91.18%,31,34
12,Max Homa,90.91%,40,44
12,Kevin Yu,90.91%,40,44
14,Chris Kirk,90.48%,38,42
15,Taylor Pendrith,90.24%,37,41
15,Sahith Theegala,90.24%,37,41
17,Keegan Bradley,90.00%,36,40
18,Collin Morikawa,89.80%,44,49
19,Chris Gotterup,89.74%,35,39
19,Patton Kizzire,89.74%,35,39
19,Davis Thompson,89.74%,35,39
22,Byeong Hun An,89.19%,33,37
23,Cam Davis,88.37%,38,43
24,Rafael Campos,88.10%,37,42
24,Brian Harman,88.10%,37,42
26,Jake Knapp,87.88%,29,33
27,Matt Fitzpatrick,87.80%,36,41
28,Billy Horschel,87.50%,35,40
28,Xander Schauffele,87.50%,28,32
30,Maverick McNealy,87.18%,34,39
31,Corey Conners,86.67%,39,45
31,Austin Eckroat,86.67%,39,45
33,Christiaan Bezuidenhout,86.49%,32,37
33,Patrick Cantlay,86.49%,32,37
35,Will Zalatoris,85.37%,35,41
36,Robert MacIntyre,84.78%,39,46
37,Brice Garnett,84.44%,38,45
37,Hideki Matsuyama,84.44%,38,45
39,Jhonattan Vegas,84.21%,32,38
40,Tony Finau,83.78%,31,37
41,Wyndham Clark,83.33%,30,36
41,Stephan Jaeger,83.33%,30,36
43,Nick Taylor,82.98%,39,47
44,Eric Cole,82.93%,34,41
45,Sungjae Im,82.61%,38,46
46,Thomas Detry,82.50%,33,40
47,J.T. Poston,81.63%,40,49
48,Russell Henley,81.25%,39,48
49,Adam Scott,80.56%,29,36
50,Akshay Bhatia,80.49%,33,41
51,Nico Echavarria,80.00%,32,40
52,Viktor Hovland,79.49%,31,39
53,Matthieu Pavon,78.38%,29,37
54,Matt McCarty,77.78%,35,45
55,Si Woo Kim,77.50%,31,40
56,Adam Hadwin,75.56%,34,45
57,Peter Malnati,75.00%,30,40
58,Cameron Young,74.19%,23,31
