rank,player,%,Greens Hit,Total Holes,Relative to par
1,Sam Burns,100.00%,13,13,-0.54
1,Jason Day,100.00%,9,9,-0.22
1,Tom Hoge,100.00%,11,11,-0.36
4,Corey Conners,92.31%,12,13,-0.33
4,Hideki Matsuyama,92.31%,12,13,-0.33
4,Maverick McNealy,92.31%,12,13,-0.33
4,Collin Morikawa,92.31%,12,13,-0.25
8,Nico Echavarria,91.67%,11,12,-0.18
8,Adam Scott,91.67%,11,12,-0.09
10,Chris Gotterup,90.00%,9,10,-0.11
10,Robert MacIntyre,90.00%,9,10,-0.11
10,Xander Schauffele,90.00%,9,10,E
13,Akshay Bhatia,88.89%,8,9,E
14,Nick Taylor,87.50%,7,8,+0.29
15,Brice Garnett,84.62%,11,13,-0.18
15,Will Zalatoris,84.62%,11,13,-0.55
17,Max Homa,83.33%,10,12,-0.30
17,Sepp Straka,83.33%,10,12,-0.20
19,Jhonattan Vegas,81.82%,9,11,-0.33
19,Kevin Yu,81.82%,9,11,E
21,Thomas Detry,80.00%,12,15,-0.33
21,Adam Hadwin,80.00%,8,10,E
21,Sahith Theegala,80.00%,8,10,E
24,Nick Dunlap,76.92%,10,13,-0.10
24,Billy Horschel,76.92%,10,13,E
26,Matt McCarty,75.00%,9,12,-0.11
26,J.T. Poston,75.00%,9,12,-0.33
28,Brian Harman,73.33%,11,15,E
28,Chris Kirk,73.33%,11,15,-0.27
30,Justin Thomas,71.43%,5,7,-0.40
31,Patrick Cantlay,70.00%,7,10,E
31,Taylor Pendrith,70.00%,7,10,-0.14
31,Davis Thompson,70.00%,7,10,-0.14
34,Max Greyserman,69.23%,9,13,E
34,Russell Henley,69.23%,9,13,-0.44
36,Byeong Hun An,66.67%,10,15,-0.20
36,Christiaan Bezuidenhout,66.67%,12,18,E
36,Austin Eckroat,66.67%,8,12,-0.38
36,Matt Fitzpatrick,66.67%,8,12,E
36,Viktor Hovland,66.67%,6,9,E
36,Sungjae Im,66.67%,10,15,-0.20
42,Keegan Bradley,64.29%,9,14,-0.11
42,Peter Malnati,64.29%,9,14,-0.11
42,Cameron Young,64.29%,9,14,-0.11
45,Rafael Campos,63.64%,7,11,-0.14
45,Aaron Rai,63.64%,7,11,-0.29
47,Stephan Jaeger,61.54%,8,13,-0.13
48,Tony Finau,60.00%,6,10,-0.17
48,Matthieu Pavon,60.00%,6,10,E
50,Eric Cole,58.33%,7,12,+0.14
51,Ludvig Åberg,55.56%,5,9,-0.40
51,Cam Davis,55.56%,5,9,-0.40
51,Si Woo Kim,55.56%,5,9,+0.20
54,Denny McCarthy,54.55%,6,11,-0.17
55,Patton Kizzire,53.33%,8,15,E
56,Wyndham Clark,50.00%,5,10,-0.40
56,Jake Knapp,50.00%,7,14,E
58,Harry Hall,44.44%,4,9,E
