rank,player,%,Greens Hit,Total Holes,Relative to par
1,Akshay Bhatia,100.00%,7,7,-0.14
1,Keegan Bradley,100.00%,5,5,-0.20
1,Rafael Campos,100.00%,4,4,-0.25
1,Patrick Cantlay,100.00%,5,5,E
1,Wyndham Clark,100.00%,8,8,-0.38
1,Corey Conners,100.00%,5,5,-0.20
1,Jason Day,100.00%,5,5,-0.20
1,Nick Dunlap,100.00%,4,4,E
1,Austin Eckroat,100.00%,6,6,-0.33
1,Harry Hall,100.00%,7,7,-0.29
1,Collin Morikawa,100.00%,5,5,-0.60
1,J.T. Poston,100.00%,6,6,+0.17
1,Xander Schauffele,100.00%,6,6,-0.17
1,Davis Thompson,100.00%,6,6,E
15,Justin Thomas,88.89%,8,9,-0.25
16,Eric Cole,87.50%,7,8,E
16,Billy Horschel,87.50%,7,8,-0.14
16,Denny McCarthy,87.50%,7,8,-0.29
19,Brian Harman,85.71%,6,7,+0.17
19,Tom Hoge,85.71%,6,7,-0.33
19,Sepp Straka,85.71%,6,7,-0.33
22,Adam Hadwin,83.33%,5,6,-0.20
22,Sungjae Im,83.33%,5,6,-0.20
22,Robert MacIntyre,83.33%,5,6,E
22,Matt McCarty,83.33%,5,6,E
26,Byeong Hun An,80.00%,4,5,-0.25
26,Christiaan Bezuidenhout,80.00%,4,5,E
26,Tony Finau,80.00%,4,5,-0.25
26,Chris Gotterup,80.00%,4,5,E
26,Max Homa,80.00%,4,5,-0.25
26,Stephan Jaeger,80.00%,4,5,-0.25
26,Jake Knapp,80.00%,4,5,-0.50
26,Maverick McNealy,80.00%,4,5,-0.25
34,Cam Davis,75.00%,6,8,-0.33
34,Max Greyserman,75.00%,3,4,-0.33
34,Viktor Hovland,75.00%,6,8,-0.17
34,Si Woo Kim,75.00%,6,8,-0.33
34,Nick Taylor,75.00%,6,8,E
34,Jhonattan Vegas,75.00%,6,8,-0.17
40,Brice Garnett,71.43%,5,7,-0.20
40,Taylor Pendrith,71.43%,5,7,-0.20
42,Matt Fitzpatrick,66.67%,4,6,-0.25
42,Hideki Matsuyama,66.67%,4,6,-0.75
42,Matthieu Pavon,66.67%,4,6,-0.25
42,Adam Scott,66.67%,4,6,-0.50
42,Will Zalatoris,66.67%,4,6,-0.25
47,Thomas Detry,60.00%,3,5,-0.33
48,Aaron Rai,57.14%,4,7,-0.50
49,Ludvig Åberg,50.00%,5,10,-0.20
49,Sam Burns,50.00%,3,6,E
49,Nico Echavarria,50.00%,3,6,E
49,Russell Henley,50.00%,3,6,+0.33
49,Sahith Theegala,50.00%,3,6,E
54,Chris Kirk,42.86%,3,7,E
54,Peter Malnati,42.86%,3,7,E
54,Cameron Young,42.86%,3,7,E
57,Patton Kizzire,33.33%,3,9,-0.67
58,Kevin Yu,20.00%,1,5,E
