rank,player,%,Greens Hit,Total Holes,Relative to par
1,Keegan Bradley,100.00%,8,8,-0.38
1,Cam Davis,100.00%,3,3,-0.33
1,Jason Day,100.00%,8,8,E
1,Brice Garnett,100.00%,7,7,-0.14
1,Max Greyserman,100.00%,4,4,-0.25
1,Tom Hoge,100.00%,9,9,-0.33
1,Peter Malnati,100.00%,6,6,E
1,Hideki Matsuyama,100.00%,3,3,-0.67
1,Denny McCarthy,100.00%,4,4,E
1,Sepp Straka,100.00%,7,7,-0.43
1,Sahith Theegala,100.00%,9,9,-0.22
12,Taylor Pendrith,92.31%,12,13,-0.33
13,Aaron Rai,90.91%,10,11,-0.30
14,Austin Eckroat,88.89%,8,9,-0.38
14,Tony Finau,88.89%,8,9,E
14,Justin Thomas,88.89%,8,9,-0.38
17,Ludvig Åberg,87.50%,7,8,-0.14
17,Sam Burns,87.50%,7,8,-0.14
17,Patrick Cantlay,87.50%,7,8,-0.43
17,Nick Dunlap,87.50%,7,8,-0.29
17,Nico Echavarria,87.50%,7,8,-0.43
17,Matt Fitzpatrick,87.50%,7,8,-0.29
17,Chris Gotterup,87.50%,7,8,-0.14
24,Byeong Hun An,85.71%,6,7,E
24,Cameron Young,85.71%,6,7,-0.33
26,Robert MacIntyre,84.62%,11,13,E
27,Rafael Campos,83.33%,10,12,-0.10
27,Harry Hall,83.33%,10,12,-0.50
27,Brian Harman,83.33%,5,6,-0.20
27,Billy Horschel,83.33%,5,6,-0.20
27,Patton Kizzire,83.33%,5,6,E
27,Davis Thompson,83.33%,5,6,+0.20
33,Maverick McNealy,80.00%,4,5,E
33,Xander Schauffele,80.00%,4,5,-0.25
33,Kevin Yu,80.00%,8,10,-0.25
36,Max Homa,77.78%,7,9,-0.14
37,Nick Taylor,76.92%,10,13,-0.20
38,Corey Conners,75.00%,6,8,-0.17
38,Jake Knapp,75.00%,6,8,-0.17
38,Jhonattan Vegas,75.00%,6,8,-0.50
41,Adam Hadwin,72.73%,8,11,-0.13
42,Christiaan Bezuidenhout,71.43%,5,7,E
42,Matt McCarty,71.43%,5,7,E
42,Collin Morikawa,71.43%,5,7,-0.20
45,Wyndham Clark,66.67%,4,6,E
45,Viktor Hovland,66.67%,6,9,-0.17
45,Matthieu Pavon,66.67%,6,9,-0.17
48,Thomas Detry,62.50%,5,8,-0.20
49,Chris Kirk,60.00%,3,5,-0.33
49,Will Zalatoris,60.00%,3,5,E
51,Si Woo Kim,58.33%,7,12,-0.43
52,Eric Cole,57.14%,4,7,-0.25
52,Russell Henley,57.14%,4,7,E
52,Adam Scott,57.14%,4,7,-0.25
55,Akshay Bhatia,50.00%,4,8,-0.50
55,Sungjae Im,50.00%,2,4,-0.50
55,J.T. Poston,50.00%,3,6,-0.33
58,Stephan Jaeger,28.57%,2,7,E
