rank,player,%,Greens Hit,Total Holes,Relative to par
1,Xander Schauffele,89.47%,34,38,-0.09
2,Collin Morikawa,88.37%,38,43,-0.39
3,Jason Day,87.18%,34,39,-0.09
3,Chris Gotterup,87.18%,34,39,-0.15
5,Corey Conners,85.37%,35,41,-0.29
5,Hideki Matsuyama,85.37%,35,41,-0.43
7,Tom Hoge,85.11%,40,47,-0.30
8,Sam Burns,85.00%,34,40,-0.29
9,Nick Dunlap,84.62%,33,39,-0.18
9,Taylor Pendrith,84.62%,33,39,-0.24
11,Max Homa,83.33%,35,42,-0.23
12,Robert MacIntyre,82.93%,34,41,-0.09
13,Jhonattan Vegas,82.50%,33,40,-0.33
14,Cam Davis,82.05%,32,39,-0.31
14,Brian Harman,82.05%,32,39,E
14,Davis Thompson,82.05%,32,39,-0.09
17,Harry Hall,81.40%,35,43,-0.26
18,Maverick McNealy,80.49%,33,41,-0.30
19,Will Zalatoris,80.00%,32,40,-0.25
20,Brice Garnett,79.55%,35,44,-0.14
21,Rafael Campos,79.17%,38,48,-0.26
22,Austin Eckroat,79.07%,34,43,-0.29
23,Billy Horschel,78.95%,30,38,-0.03
24,Akshay Bhatia,78.57%,33,42,-0.15
24,Denny McCarthy,78.57%,33,42,-0.15
24,Sepp Straka,78.57%,33,42,-0.27
27,Aaron Rai,78.26%,36,46,-0.28
28,Tony Finau,77.78%,35,45,-0.20
28,Justin Thomas,77.78%,28,36,-0.29
30,Matt Fitzpatrick,77.50%,31,40,-0.16
30,Sahith Theegala,77.50%,31,40,-0.16
32,Byeong Hun An,76.19%,32,42,-0.19
33,Nick Taylor,76.09%,35,46,-0.06
34,Nico Echavarria,75.61%,31,41,-0.23
34,Adam Hadwin,75.61%,31,41,-0.23
34,Adam Scott,75.61%,31,41,-0.26
37,Christiaan Bezuidenhout,75.51%,37,49,-0.08
38,Max Greyserman,75.00%,30,40,-0.13
39,Patrick Cantlay,74.36%,29,39,-0.28
39,J.T. Poston,74.36%,29,39,-0.14
41,Keegan Bradley,73.81%,31,42,-0.19
42,Wyndham Clark,73.68%,28,38,-0.21
43,Russell Henley,72.73%,32,44,-0.19
44,Sungjae Im,71.79%,28,39,-0.39
45,Viktor Hovland,70.00%,28,40,-0.18
46,Matt McCarty,69.57%,32,46,-0.13
47,Ludvig Åberg,69.44%,25,36,-0.28
48,Eric Cole,68.89%,31,45,-0.03
49,Thomas Detry,68.29%,28,41,-0.29
50,Jake Knapp,67.57%,25,37,-0.16
51,Cameron Young,67.50%,27,40,-0.22
52,Si Woo Kim,66.67%,28,42,-0.25
52,Chris Kirk,66.67%,26,39,-0.19
54,Kevin Yu,65.79%,25,38,-0.04
55,Peter Malnati,64.29%,27,42,-0.15
56,Matthieu Pavon,64.10%,25,39,-0.20
57,Patton Kizzire,62.79%,27,43,-0.11
58,Stephan Jaeger,60.98%,25,41,-0.20
