rank,player,%,Greens Hit,Total Holes,Relative to par
1,Ludvig Åberg,100.00%,3,3,-1.00
1,Christiaan Bezuidenhout,100.00%,6,6,-0.17
1,Rafael Campos,100.00%,9,9,-0.67
1,Eric Cole,100.00%,9,9,-0.11
1,Cam Davis,100.00%,7,7,-0.57
1,Nick Dunlap,100.00%,6,6,-0.50
1,Tony Finau,100.00%,11,11,-0.27
1,Chris Gotterup,100.00%,7,7,-0.43
1,Harry Hall,100.00%,7,7,-0.29
1,Brian Harman,100.00%,1,1,E
1,Russell Henley,100.00%,8,8,-0.25
1,Max Homa,100.00%,6,6,-0.33
1,Robert MacIntyre,100.00%,1,1,-1.00
1,Collin Morikawa,100.00%,8,8,-0.63
1,Taylor Pendrith,100.00%,3,3,-0.67
1,Aaron Rai,100.00%,7,7,-0.43
1,Xander Schauffele,100.00%,7,7,-0.14
1,Adam Scott,100.00%,6,6,-0.50
1,Sahith Theegala,100.00%,5,5,-0.40
1,Justin Thomas,100.00%,2,2,-0.50
1,Jhonattan Vegas,100.00%,4,4,-0.75
22,Denny McCarthy,90.00%,9,10,-0.11
23,Byeong Hun An,88.89%,8,9,-0.38
23,Hideki Matsuyama,88.89%,8,9,-0.63
25,Davis Thompson,87.50%,7,8,-0.57
26,Akshay Bhatia,85.71%,6,7,-0.17
26,Tom Hoge,85.71%,6,7,-0.33
26,Nick Taylor,85.71%,6,7,-0.17
29,Sam Burns,83.33%,5,6,-0.40
29,Thomas Detry,83.33%,5,6,-0.40
29,Sungjae Im,83.33%,5,6,-0.80
29,Patton Kizzire,83.33%,5,6,E
29,Matthieu Pavon,83.33%,5,6,-0.40
34,Patrick Cantlay,80.00%,4,5,-0.75
34,Nico Echavarria,80.00%,4,5,E
34,Austin Eckroat,80.00%,4,5,-0.25
34,Max Greyserman,80.00%,8,10,-0.25
34,Viktor Hovland,80.00%,4,5,-0.50
34,Maverick McNealy,80.00%,8,10,-0.38
40,Matt McCarty,77.78%,7,9,-0.43
41,Corey Conners,75.00%,3,4,-0.67
41,Jason Day,75.00%,3,4,E
41,Adam Hadwin,75.00%,3,4,-0.33
41,Si Woo Kim,75.00%,3,4,-0.33
41,Chris Kirk,75.00%,3,4,-0.33
41,J.T. Poston,75.00%,3,4,E
41,Kevin Yu,75.00%,3,4,+0.33
48,Stephan Jaeger,71.43%,5,7,-0.80
48,Will Zalatoris,71.43%,5,7,E
50,Matt Fitzpatrick,66.67%,4,6,-0.50
50,Brice Garnett,66.67%,4,6,E
52,Wyndham Clark,62.50%,5,8,-0.20
53,Keegan Bradley,60.00%,3,5,E
53,Jake Knapp,60.00%,3,5,E
53,Sepp Straka,60.00%,3,5,-0.33
53,Cameron Young,60.00%,3,5,E
57,Peter Malnati,57.14%,4,7,-0.50
58,Billy Horschel,50.00%,2,4,E
