rank,player,%,Par 3 Birdies or Better,Par 3 Holes
1,Chad Campbell,33.33,4,12
2,Ernie Els,25.00,3,12
2,Retief Goosen,25.00,3,12
2,John Huston,25.00,3,12
2,Kenny Perry,25.00,3,12
2,Bob Tway,25.00,3,12
7,Stuart Appleby,16.67,2,12
7,Tommy Armour III,16.67,2,12
7,Jonathan Kaye,16.67,2,12
7,Frank Lickliter II,16.67,2,12
7,Shigeki Maruyama,16.67,2,12
7,Rory Sabbatini,16.67,2,12
7,Craig Stadler,16.67,2,12
7,Mike Weir,16.67,2,12
7,Tiger Woods,16.67,2,12
16,Darren Clarke,8.33,1,12
16,Ben Crane,8.33,1,12
16,Ben Curtis,8.33,1,12
16,Steve Flesch,8.33,1,12
16,Jim Furyk,8.33,1,12
16,Peter Jacobsen,8.33,1,12
16,Justin Leonard,8.33,1,12
16,Adam Scott,8.33,1,12
16,Kirk Triplett,8.33,1,12
25,Fred Couples,.00,0,12
25,Scott Hoch,.00,0,12
25,J.L. Lewis,.00,0,12
25,Davis Love III,.00,0,12
25,Shaun Micheel,.00,0,12
25,Vijay Singh,.00,0,12
