rank,player,%,Par 4 Birdies or Better,Par 4 Holes
1,Stuart Appleby,34.09,15,44
1,Tiger Woods,34.09,15,44
3,Vijay Singh,31.82,14,44
3,Kirk Triplett,31.82,14,44
5,Darren Clarke,27.27,12,44
5,Adam Scott,27.27,12,44
7,Jonathan Kaye,25.00,11,44
8,Jim Furyk,22.73,10,44
8,John Huston,22.73,10,44
8,Davis Love III,22.73,10,44
8,Shaun Micheel,22.73,10,44
8,Craig Stadler,22.73,10,44
13,Ben Crane,20.45,9,44
13,Ernie Els,20.45,9,44
13,Scott Hoch,20.45,9,44
13,Justin Leonard,20.45,9,44
13,Mike Weir,20.45,9,44
18,Retief Goosen,18.18,8,44
18,Shigeki Maruyama,18.18,8,44
20,Peter Jacobsen,15.91,7,44
20,Kenny Perry,15.91,7,44
22,Fred Couples,13.64,6,44
23,Tommy Armour III,11.36,5,44
23,Chad Campbell,11.36,5,44
23,Ben Curtis,11.36,5,44
23,Steve Flesch,11.36,5,44
23,Frank Lickliter II,11.36,5,44
23,Rory Sabbatini,11.36,5,44
29,J.L. Lewis,6.82,3,44
30,Bob Tway,2.27,1,44
