rank,player,Avg,Total Strokes,Total Holes
1,Vijay Singh,3.70,163,44
2,Stuart Appleby,3.77,166,44
3,Jim Furyk,3.80,167,44
4,Kirk Triplett,3.82,168,44
4,Tiger Woods,3.82,168,44
6,Darren Clarke,3.84,169,44
6,Scott Hoch,3.84,169,44
8,Ben Crane,3.89,171,44
8,Jonathan Kaye,3.89,171,44
8,Justin Leonard,3.89,171,44
11,Retief Goosen,3.91,172,44
11,Davis Love III,3.91,172,44
11,Adam Scott,3.91,172,44
14,Mike Weir,3.95,174,44
15,Peter Jacobsen,3.98,175,44
15,Shaun Micheel,3.98,175,44
15,Kenny Perry,3.98,175,44
18,Chad Campbell,4.00,176,44
18,Shigeki Maruyama,4.00,176,44
20,Tommy Armour III,4.07,179,44
20,Steve Flesch,4.07,179,44
20,Rory Sabbatini,4.07,179,44
23,John Huston,4.09,180,44
23,Craig Stadler,4.09,180,44
25,Fred Couples,4.11,181,44
25,Ernie Els,4.11,181,44
27,J.L. Lewis,4.14,182,44
27,Frank Lickliter II,4.14,182,44
29,Ben Curtis,4.18,184,44
30,Bob Tway,4.20,185,44
