rank,player,Status,Par 3 Avg,Total Par
1,Retief Goosen,-3,2.75,36
2,Chad Campbell,-2,2.83,36
3,Rory Sabbatini,-1,2.92,36
3,Bob Tway,-1,2.92,36
5,Stuart Appleby,E,3.00,36
5,Tommy Armour III,E,3.00,36
5,Darren Clarke,E,3.00,36
5,Ernie Els,E,3.00,36
5,Jim Furyk,E,3.00,36
5,John Huston,E,3.00,36
5,Justin Leonard,E,3.00,36
5,Shigeki Maruyama,E,3.00,36
5,Kenny Perry,E,3.00,36
5,Tiger Woods,E,3.00,36
15,Fred Couples,+1,3.08,36
15,Ben Crane,+1,3.08,36
15,Steve Flesch,+1,3.08,36
15,Jonathan Kaye,+1,3.08,36
15,J.L. Lewis,+1,3.08,36
15,Adam Scott,+1,3.08,36
15,Craig Stadler,+1,3.08,36
22,Ben Curtis,+2,3.17,36
22,Frank Lickliter II,+2,3.17,36
22,Shaun Micheel,+2,3.17,36
22,Mike Weir,+2,3.17,36
26,Peter Jacobsen,+3,3.25,36
26,Davis Love III,+3,3.25,36
26,Kirk Triplett,+3,3.25,36
29,Scott Hoch,+4,3.33,36
29,Vijay Singh,+4,3.33,36
