rank,player,%,Par 5 Birdies or Better,Par 5 Holes
1,Stuart Appleby,75.00,12,16
1,Vijay Singh,75.00,12,16
3,Darren Clarke,62.50,10,16
3,Ernie Els,62.50,10,16
3,Scott Hoch,62.50,10,16
3,J.L. Lewis,62.50,10,16
3,Davis Love III,62.50,10,16
3,Adam Scott,62.50,10,16
3,Kirk Triplett,62.50,10,16
10,Fred Couples,56.25,9,16
10,Steve Flesch,56.25,9,16
10,Retief Goosen,56.25,9,16
10,Shaun Micheel,56.25,9,16
10,Tiger Woods,56.25,9,16
15,Tommy Armour III,50.00,8,16
15,Mike Weir,50.00,8,16
17,Ben Crane,43.75,7,16
17,John Huston,43.75,7,16
17,Peter Jacobsen,43.75,7,16
17,Frank Lickliter II,43.75,7,16
21,Ben Curtis,37.50,6,16
21,Shigeki Maruyama,37.50,6,16
21,Bob Tway,37.50,6,16
24,Jonathan Kaye,31.25,5,16
24,Justin Leonard,31.25,5,16
24,Kenny Perry,31.25,5,16
24,Rory Sabbatini,31.25,5,16
28,Jim Furyk,25.00,4,16
28,Craig Stadler,25.00,4,16
30,Chad Campbell,18.75,3,16
