rank,player,Avg,Total Strokes,Total Holes
1,Stuart Appleby,4.25,68,16
1,Vijay Singh,4.25,68,16
3,J.L. Lewis,4.31,69,16
4,Darren Clarke,4.38,70,16
4,Fred Couples,4.38,70,16
4,Davis Love III,4.38,70,16
4,Adam Scott,4.38,70,16
8,Ernie Els,4.44,71,16
8,Steve Flesch,4.44,71,16
8,Scott Hoch,4.44,71,16
8,Kirk Triplett,4.44,71,16
12,Tommy Armour III,4.50,72,16
12,Retief Goosen,4.50,72,16
12,Shaun Micheel,4.50,72,16
15,Ben Crane,4.56,73,16
15,Peter Jacobsen,4.56,73,16
15,Frank Lickliter II,4.56,73,16
15,Tiger Woods,4.56,73,16
19,Bob Tway,4.63,74,16
20,Ben Curtis,4.69,75,16
20,Shigeki Maruyama,4.69,75,16
22,Jonathan Kaye,4.75,76,16
22,Kenny Perry,4.75,76,16
24,Chad Campbell,4.81,77,16
24,John Huston,4.81,77,16
24,Rory Sabbatini,4.81,77,16
24,Craig Stadler,4.81,77,16
24,Mike Weir,4.81,77,16
29,Justin Leonard,4.88,78,16
30,Jim Furyk,5.00,80,16
