rank,player,Avg,Total Strokes,Total Holes
1,Retief Goosen,2.75,33,12
2,Chad Campbell,2.83,34,12
3,Rory Sabbatini,2.92,35,12
3,Bob Tway,2.92,35,12
5,Stuart Appleby,3.00,36,12
5,Tommy Armour III,3.00,36,12
5,Darren Clarke,3.00,36,12
5,Ernie Els,3.00,36,12
5,Jim Furyk,3.00,36,12
5,John Huston,3.00,36,12
5,Justin Leonard,3.00,36,12
5,Shigeki Maruyama,3.00,36,12
5,Kenny Perry,3.00,36,12
5,Tiger Woods,3.00,36,12
15,Fred Couples,3.08,37,12
15,Ben Crane,3.08,37,12
15,Steve Flesch,3.08,37,12
15,Jonathan Kaye,3.08,37,12
15,J.L. Lewis,3.08,37,12
15,Adam Scott,3.08,37,12
15,Craig Stadler,3.08,37,12
22,Ben Curtis,3.17,38,12
22,Frank Lickliter II,3.17,38,12
22,Shaun Micheel,3.17,38,12
22,Mike Weir,3.17,38,12
26,Peter Jacobsen,3.25,39,12
26,Davis Love III,3.25,39,12
26,Kirk Triplett,3.25,39,12
29,Scott Hoch,3.33,40,12
29,Vijay Singh,3.33,40,12
