rank,player,Status,Par 5 Avg,Total Par
1,Stuart Appleby,-12,4.25,80
1,Vijay Singh,-12,4.25,80
3,J.L. Lewis,-11,4.31,80
4,Darren Clarke,-10,4.38,80
4,Fred Couples,-10,4.38,80
4,Davis Love III,-10,4.38,80
4,Adam Scott,-10,4.38,80
8,Ernie Els,-9,4.44,80
8,Steve Flesch,-9,4.44,80
8,Scott Hoch,-9,4.44,80
8,Kirk Triplett,-9,4.44,80
12,Tommy Armour III,-8,4.50,80
12,Retief Goosen,-8,4.50,80
12,Shaun Micheel,-8,4.50,80
15,Ben Crane,-7,4.56,80
15,Peter Jacobsen,-7,4.56,80
15,Frank Lickliter II,-7,4.56,80
15,Tiger Woods,-7,4.56,80
19,Bob Tway,-6,4.63,80
20,Ben Curtis,-5,4.69,80
20,Shigeki Maruyama,-5,4.69,80
22,Jonathan Kaye,-4,4.75,80
22,Kenny Perry,-4,4.75,80
24,Chad Campbell,-3,4.81,80
24,John Huston,-3,4.81,80
24,Rory Sabbatini,-3,4.81,80
24,Craig Stadler,-3,4.81,80
24,Mike Weir,-3,4.81,80
29,Justin Leonard,-2,4.88,80
30,Jim Furyk,E,5.00,80
