rank,player,Status,Par 4 Avg,Total Par
1,Vijay Singh,-13,3.70,176
2,Stuart Appleby,-10,3.77,176
3,Jim Furyk,-9,3.80,176
4,Kirk Triplett,-8,3.82,176
4,Tiger Woods,-8,3.82,176
6,Darren Clarke,-7,3.84,176
6,Scott Hoch,-7,3.84,176
8,Ben Crane,-5,3.89,176
8,Jonathan Kaye,-5,3.89,176
8,Justin Leonard,-5,3.89,176
11,Retief Goosen,-4,3.91,176
11,Davis Love III,-4,3.91,176
11,Adam Scott,-4,3.91,176
14,Mike Weir,-2,3.95,176
15,Peter Jacobsen,-1,3.98,176
15,Shaun Micheel,-1,3.98,176
15,Kenny Perry,-1,3.98,176
18,Chad Campbell,E,4.00,176
18,Shigeki Maruyama,E,4.00,176
20,Tommy Armour III,+3,4.07,176
20,Steve Flesch,+3,4.07,176
20,Rory Sabbatini,+3,4.07,176
23,John Huston,+4,4.09,176
23,Craig Stadler,+4,4.09,176
25,Fred Couples,+5,4.11,176
25,Ernie Els,+5,4.11,176
27,J.L. Lewis,+6,4.14,176
27,Frank Lickliter II,+6,4.14,176
29,Ben Curtis,+8,4.18,176
30,Bob Tway,+9,4.20,176
