rank,player,%,Total Birdies,Total Holes
1,Gary Woodland,39.34,24,61
2,Justin Thomas,38.10,24,63
3,Jason Day,36.84,21,57
4,Xander Schauffele,33.93,19,56
5,Cameron Champ,33.33,17,51
5,Dustin Johnson,33.33,16,48
7,Paul Casey,32.20,19,59
8,Andrew Putnam,31.48,17,54
9,Ian Poulter,31.03,18,58
10,Marc Leishman,30.65,19,62
11,Bryson DeChambeau,29.63,16,54
11,Jon Rahm,29.63,16,54
13,Bubba Watson,27.78,15,54
14,Andrew Landry,27.59,16,58
15,Charles Howell III,26.67,16,60
15,Brooks Koepka,26.67,12,45
17,Scott Piercy,26.23,16,61
18,Kevin Tway,25.93,14,54
19,Patton Kizzire,25.86,15,58
19,Aaron Wise,25.86,15,58
21,Patrick Reed,25.45,14,55
22,Michael Kim,25.00,13,52
22,Troy Merritt,25.00,15,60
24,Webb Simpson,24.14,14,58
25,Rory McIlroy,24.00,12,50
26,Francesco Molinari,23.33,14,60
27,"Ted Potter, Jr.",21.67,13,60
28,Matt Kuchar,21.31,13,61
29,Brandt Snedeker,20.34,12,59
30,Satoshi Kodaira,19.05,12,63
31,Billy Horschel,18.52,10,54
32,Brice Garnett,18.33,11,60
33,Keegan Bradley,15.87,10,63
