rank,player,%,Total Birdies,Total Holes
1,Marc Leishman,50.00,1,2
2,Charles Howell III,33.33,2,6
2,Brooks Koepka,33.33,4,12
2,Xander Schauffele,33.33,1,3
2,Webb Simpson,33.33,2,6
6,Michael Kim,30.00,3,10
7,Brice Garnett,28.57,2,7
7,Andrew Landry,28.57,2,7
9,Matt Kuchar,25.00,1,4
9,Kevin Tway,25.00,2,8
11,Cameron Champ,22.22,2,9
12,Bryson DeChambeau,20.00,1,5
12,Jon Rahm,20.00,1,5
12,Brandt Snedeker,20.00,1,5
12,Aaron Wise,20.00,1,5
16,Paul Casey,16.67,1,6
16,Scott Piercy,16.67,1,6
18,Patrick Reed,14.29,1,7
19,Jason Day,12.50,1,8
19,Andrew Putnam,12.50,1,8
21,Dustin Johnson,11.11,1,9
22,Keegan Bradley,.00,0,3
22,Billy Horschel,.00,0,5
22,Patton Kizzire,.00,0,6
22,Satoshi Kodaira,.00,0,4
22,Rory McIlroy,.00,0,6
22,Troy Merritt,.00,0,4
22,Francesco Molinari,.00,0,2
22,"Ted Potter, Jr.",.00,0,5
22,Ian Poulter,.00,0,1
22,Justin Thomas,.00,0,3
22,Bubba Watson,.00,0,4
22,Gary Woodland,.00,0,2
