rank,player,Avg RTP
1,Marc Leishman,-1.000
1,Gary Woodland,-1.000
3,Xander Schauffele,-.500
3,Webb Simpson,-.500
5,Brooks Koepka,-.400
6,Patton Kizzire,-.333
6,Aaron Wise,-.333
8,Keegan Bradley,E
8,Paul Casey,E
8,Cameron Champ,E
8,Brice Garnett,E
8,Billy Horschel,E
8,Michael Kim,E
8,Rory McIlroy,E
8,Francesco Molinari,E
8,"Ted Potter, Jr.",E
8,Andrew Putnam,E
8,Jon Rahm,E
8,Patrick Reed,E
8,Justin Thomas,E
8,Kevin Tway,E
8,Bubba Watson,E
23,Charles Howell III,+.500
24,Dustin Johnson,+.667
25,Jason Day,+1.000
26,Andrew Landry,+1.500
