rank,player,Avg RTP
1,Bryson DeChambeau,-.333
2,Matt Kuchar,-.250
2,Gary Woodland,-.250
4,Marc Leishman,-.167
4,Xander Schauffele,-.167
6,Jon Rahm,-.143
7,Cameron Champ,E
7,Brice Garnett,E
7,Charles Howell III,E
7,Dustin Johnson,E
7,Patton Kizzire,E
7,Rory McIlroy,E
7,Ian Poulter,E
7,Patrick Reed,E
7,Justin Thomas,E
16,Billy Horschel,+.111
17,Andrew Putnam,+.143
18,Francesco Molinari,+.167
18,Webb Simpson,+.167
20,"Ted Potter, Jr.",+.200
21,Paul Casey,+.250
21,Brooks Koepka,+.250
21,Aaron Wise,+.250
24,Michael Kim,+.286
25,Kevin Tway,+.333
26,Bubba Watson,+.444
27,Jason Day,+.500
27,Brandt Snedeker,+.500
29,Keegan Bradley,+.667
29,Andrew Landry,+.667
31,Troy Merritt,+1.000
31,Scott Piercy,+1.000
