rank,player,Avg RTP
1,Jason Day,-.529
2,Dustin Johnson,-.357
3,Andrew Putnam,-.294
4,Andrew Landry,-.250
4,Justin Thomas,-.250
6,Aaron Wise,-.235
7,Matt Kuchar,-.211
7,Kevin Tway,-.211
9,Rory McIlroy,-.200
10,Cameron Champ,-.188
11,Francesco Molinari,-.176
11,Jon Rahm,-.176
13,Patton Kizzire,-.167
14,Brandt Snedeker,-.158
15,Brice Garnett,-.150
16,Michael Kim,-.143
17,Gary Woodland,-.125
18,"Ted Potter, Jr.",-.105
19,Ian Poulter,-.100
20,Satoshi Kodaira,-.095
21,Marc Leishman,-.091
22,Scott Piercy,-.083
23,Xander Schauffele,-.077
24,Billy Horschel,-.063
24,Webb Simpson,-.063
26,Paul Casey,-.056
27,Troy Merritt,-.050
28,Keegan Bradley,E
28,Bryson DeChambeau,E
28,Brooks Koepka,E
31,Charles Howell III,+.111
32,Bubba Watson,+.125
33,Patrick Reed,+.200
