rank,player,Avg RTP
1,Paul Casey,-.455
2,Charles Howell III,-.417
2,Rory McIlroy,-.417
4,Gary Woodland,-.375
5,Xander Schauffele,-.333
6,Ian Poulter,-.308
7,Justin Thomas,-.267
8,Troy Merritt,-.250
8,Webb Simpson,-.250
10,Patton Kizzire,-.231
11,Dustin Johnson,-.200
12,Keegan Bradley,-.182
12,Satoshi Kodaira,-.182
14,Jon Rahm,-.111
15,Bubba Watson,-.100
16,Billy Horschel,-.091
17,Bryson DeChambeau,-.083
17,"Ted Potter, Jr.",-.083
17,Brandt Snedeker,-.083
20,Brooks Koepka,E
20,Matt Kuchar,E
20,Scott Piercy,E
20,Patrick Reed,E
20,Kevin Tway,E
20,Aaron Wise,E
26,Francesco Molinari,+.056
27,Jason Day,+.083
28,Marc Leishman,+.091
29,Brice Garnett,+.100
29,Andrew Putnam,+.100
31,Andrew Landry,+.111
32,Michael Kim,+.143
33,Cameron Champ,+.286
