rank,player,%,Total Birdies,Total Holes
1,Xander Schauffele,33.33,3,9
2,Andrew Landry,30.00,3,10
3,Bryson DeChambeau,28.57,4,14
4,Cameron Champ,26.67,4,15
5,Brice Garnett,25.00,2,8
5,Matt Kuchar,25.00,2,8
5,Marc Leishman,25.00,2,8
8,Charles Howell III,22.22,2,9
9,Dustin Johnson,21.43,3,14
9,Kevin Tway,21.43,3,14
11,Brooks Koepka,20.00,4,20
12,Patton Kizzire,18.18,2,11
13,Michael Kim,17.65,3,17
14,Keegan Bradley,16.67,1,6
14,Ian Poulter,16.67,1,6
14,Jon Rahm,16.67,2,12
14,Webb Simpson,16.67,2,12
14,Gary Woodland,16.67,1,6
19,Patrick Reed,15.38,2,13
20,Andrew Putnam,13.33,2,15
21,Scott Piercy,12.50,1,8
22,Brandt Snedeker,11.11,1,9
22,Aaron Wise,11.11,1,9
24,Paul Casey,10.00,1,10
24,Jason Day,10.00,1,10
26,Billy Horschel,7.14,1,14
27,Rory McIlroy,6.67,1,15
28,Satoshi Kodaira,.00,0,4
28,Troy Merritt,.00,0,7
28,Francesco Molinari,.00,0,8
28,"Ted Potter, Jr.",.00,0,10
28,Justin Thomas,.00,0,6
28,Bubba Watson,.00,0,13
