rank,player,Avg RTP
1,Patrick Reed,-1.333
2,Bryson DeChambeau,-1.000
2,Charles Howell III,-1.000
2,Michael Kim,-1.000
2,Brooks Koepka,-1.000
2,Ian Poulter,-1.000
2,Andrew Putnam,-1.000
2,Jon Rahm,-1.000
2,Xander Schauffele,-1.000
2,Justin Thomas,-1.000
11,Brice Garnett,-.667
11,Satoshi Kodaira,-.667
11,Webb Simpson,-.667
11,Aaron Wise,-.667
15,Jason Day,-.500
15,Andrew Landry,-.500
15,Troy Merritt,-.500
15,"Ted Potter, Jr.",-.500
15,Brandt Snedeker,-.500
20,Cameron Champ,-.333
20,Billy Horschel,-.333
22,Keegan Bradley,E
22,Paul Casey,E
22,Dustin Johnson,E
22,Patton Kizzire,E
22,Rory McIlroy,E
22,Kevin Tway,E
22,Gary Woodland,E
