rank,player,Avg RTP
1,Brooks Koepka,-.750
1,Patrick Reed,-.750
1,Kevin Tway,-.750
4,Marc Leishman,-.667
4,Troy Merritt,-.667
4,Francesco Molinari,-.667
4,Scott Piercy,-.667
4,Ian Poulter,-.667
4,Bubba Watson,-.667
10,Matt Kuchar,-.571
10,Xander Schauffele,-.571
12,Paul Casey,-.500
12,Jason Day,-.500
12,Jon Rahm,-.500
15,Justin Thomas,-.400
16,"Ted Potter, Jr.",-.375
16,Andrew Putnam,-.375
18,Andrew Landry,-.333
18,Brandt Snedeker,-.333
20,Keegan Bradley,-.273
21,Cameron Champ,-.250
21,Bryson DeChambeau,-.250
21,Charles Howell III,-.250
24,Gary Woodland,-.143
25,Brice Garnett,E
25,Dustin Johnson,E
25,Michael Kim,E
25,Patton Kizzire,E
25,Rory McIlroy,E
25,Aaron Wise,E
31,Satoshi Kodaira,+.143
32,Webb Simpson,+.250
33,Billy Horschel,+.333
