rank,player,%,Total Birdies,Total Holes
1,Patton Kizzire,44.44,4,9
2,Cameron Champ,41.18,7,17
3,Dustin Johnson,38.46,5,13
4,Bryson DeChambeau,37.50,3,8
4,Satoshi Kodaira,37.50,3,8
4,Marc Leishman,37.50,3,8
4,Andrew Putnam,37.50,3,8
8,Gary Woodland,35.71,5,14
9,Troy Merritt,28.57,2,7
10,Francesco Molinari,27.27,3,11
11,Jason Day,25.00,3,12
11,Andrew Landry,25.00,2,8
13,Michael Kim,23.08,3,13
13,Brooks Koepka,23.08,3,13
15,Brice Garnett,22.22,2,9
15,Charles Howell III,22.22,2,9
17,Patrick Reed,18.18,2,11
18,Matt Kuchar,16.67,1,6
18,Kevin Tway,16.67,2,12
18,Aaron Wise,16.67,1,6
21,Justin Thomas,14.29,1,7
22,Paul Casey,12.50,1,8
22,Bubba Watson,12.50,1,8
24,Billy Horschel,9.09,1,11
24,Webb Simpson,9.09,1,11
26,Keegan Bradley,.00,0,9
26,Rory McIlroy,.00,0,8
26,Scott Piercy,.00,0,9
26,"Ted Potter, Jr.",.00,0,9
26,Ian Poulter,.00,0,7
26,Jon Rahm,.00,0,11
26,Xander Schauffele,.00,0,9
26,Brandt Snedeker,.00,0,10
