rank,player,Avg RTP
1,Matt Kuchar,-1.000
1,Marc Leishman,-1.000
1,Brandt Snedeker,-1.000
4,Brice Garnett,-.500
5,Jason Day,E
5,Bryson DeChambeau,E
5,Billy Horschel,E
5,Charles Howell III,E
5,Dustin Johnson,E
5,Brooks Koepka,E
5,Rory McIlroy,E
5,Andrew Putnam,E
5,Jon Rahm,E
5,Patrick Reed,E
5,Xander Schauffele,E
5,Justin Thomas,E
5,Kevin Tway,E
18,Bubba Watson,+.333
19,Ian Poulter,+.500
20,Michael Kim,+1.000
20,Scott Piercy,+1.000
20,Aaron Wise,+1.000
23,Keegan Bradley,+2.000
23,Cameron Champ,+2.000
