rank,player,%,Total Birdies,Total Holes
1,Gary Woodland,40.00,2,5
2,Webb Simpson,37.50,3,8
2,Bubba Watson,37.50,3,8
4,Paul Casey,30.00,3,10
5,Jason Day,25.00,2,8
6,Bryson DeChambeau,22.22,2,9
7,Matt Kuchar,20.00,2,10
7,Marc Leishman,20.00,1,5
7,Scott Piercy,20.00,1,5
10,Rory McIlroy,16.67,1,6
10,Troy Merritt,16.67,2,12
10,Ian Poulter,16.67,1,6
10,Justin Thomas,16.67,1,6
10,Kevin Tway,16.67,1,6
15,Patton Kizzire,14.29,1,7
15,Patrick Reed,14.29,1,7
17,Andrew Landry,12.50,1,8
17,Andrew Putnam,12.50,1,8
19,Brice Garnett,11.11,1,9
19,Billy Horschel,11.11,1,9
19,Charles Howell III,11.11,1,9
19,"Ted Potter, Jr.",11.11,1,9
23,Xander Schauffele,9.09,1,11
24,Keegan Bradley,.00,0,9
24,Cameron Champ,.00,0,4
24,Dustin Johnson,.00,0,4
24,Michael Kim,.00,0,11
24,Satoshi Kodaira,.00,0,10
24,Brooks Koepka,.00,0,5
24,Francesco Molinari,.00,0,5
24,Jon Rahm,.00,0,5
24,Brandt Snedeker,.00,0,7
24,Aaron Wise,.00,0,6
