rank,player,Avg RTP
1,Bryson DeChambeau,-.556
1,Justin Thomas,-.556
3,Marc Leishman,-.500
3,Xander Schauffele,-.500
5,Keegan Bradley,-.400
5,Andrew Landry,-.400
7,Scott Piercy,-.375
7,Kevin Tway,-.375
9,Dustin Johnson,-.333
10,Michael Kim,-.250
11,Billy Horschel,-.200
11,Gary Woodland,-.200
13,Charles Howell III,-.167
13,Ian Poulter,-.167
15,Jason Day,-.125
15,Rory McIlroy,-.125
17,Patrick Reed,-.111
18,Paul Casey,E
18,Cameron Champ,E
18,Brice Garnett,E
18,Patton Kizzire,E
18,Brooks Koepka,E
18,Matt Kuchar,E
18,"Ted Potter, Jr.",E
18,Jon Rahm,E
18,Webb Simpson,E
18,Brandt Snedeker,E
18,Bubba Watson,E
29,Troy Merritt,+.143
30,Andrew Putnam,+.200
30,Aaron Wise,+.200
32,Francesco Molinari,+.333
33,Satoshi Kodaira,+.500
