rank,player,Avg RTP
1,Jason Day,-1.000
1,Andrew Landry,-1.000
3,Bryson DeChambeau,-.250
4,Cameron Champ,E
4,Dustin Johnson,E
4,Patton Kizzire,E
4,Satoshi Kodaira,E
4,Matt Kuchar,E
4,Marc Leishman,E
4,Rory McIlroy,E
4,"Ted Potter, Jr.",E
4,Andrew Putnam,E
4,Jon Rahm,E
14,Billy Horschel,+.250
15,Brooks Koepka,+.333
15,Troy Merritt,+.333
17,Keegan Bradley,+.500
17,Paul Casey,+.500
17,Michael Kim,+.500
17,Brandt Snedeker,+.500
21,Charles Howell III,+1.000
21,Xander Schauffele,+1.000
21,Justin Thomas,+1.000
21,Kevin Tway,+1.000
21,Bubba Watson,+1.000
21,Aaron Wise,+1.000
