rank,player,%,Total Birdies,Total Holes
1,Justin Thomas,55.56,5,9
2,Bryson DeChambeau,50.00,5,10
2,Andrew Landry,50.00,3,6
2,Xander Schauffele,50.00,2,4
5,Scott Piercy,44.44,4,9
6,Kevin Tway,41.67,5,12
7,Gary Woodland,40.00,4,10
8,Charles Howell III,37.50,3,8
8,Michael Kim,37.50,3,8
10,Keegan Bradley,33.33,2,6
10,"Ted Potter, Jr.",33.33,2,6
10,Ian Poulter,33.33,3,9
13,Marc Leishman,30.00,3,10
14,Paul Casey,28.57,2,7
14,Cameron Champ,28.57,2,7
16,Jason Day,25.00,2,8
16,Dustin Johnson,25.00,2,8
16,Matt Kuchar,25.00,1,4
19,Patrick Reed,22.22,2,9
19,Bubba Watson,22.22,2,9
21,Billy Horschel,20.00,1,5
21,Patton Kizzire,20.00,2,10
21,Brooks Koepka,20.00,1,5
21,Rory McIlroy,20.00,2,10
25,Aaron Wise,18.18,2,11
26,Brice Garnett,14.29,1,7
27,Troy Merritt,12.50,1,8
27,Jon Rahm,12.50,1,8
29,Satoshi Kodaira,.00,0,4
29,Francesco Molinari,.00,0,4
29,Andrew Putnam,.00,0,7
29,Webb Simpson,.00,0,6
29,Brandt Snedeker,.00,0,6
