rank,player,Avg RTP
1,Xander Schauffele,-.667
2,Marc Leishman,-.500
3,Webb Simpson,-.333
4,Brice Garnett,-.286
5,Brooks Koepka,-.250
5,Kevin Tway,-.250
7,Bryson DeChambeau,-.200
7,Brandt Snedeker,-.200
9,Paul Casey,-.167
9,Scott Piercy,-.167
11,Andrew Putnam,-.125
12,Cameron Champ,-.111
13,Billy Horschel,E
13,Charles Howell III,E
13,Dustin Johnson,E
13,Patton Kizzire,E
13,Matt Kuchar,E
13,Andrew Landry,E
13,Rory McIlroy,E
13,Troy Merritt,E
13,Jon Rahm,E
13,Patrick Reed,E
13,Aaron Wise,E
13,Gary Woodland,E
25,Michael Kim,+.100
26,"Ted Potter, Jr.",+.200
27,Jason Day,+.250
27,Satoshi Kodaira,+.250
27,Bubba Watson,+.250
30,Keegan Bradley,+.333
30,Justin Thomas,+.333
32,Francesco Molinari,+.500
33,Ian Poulter,+1.000
