rank,player,Avg RTP
1,Dustin Johnson,-.667
2,Bryson DeChambeau,-.333
2,Brice Garnett,-.333
4,Paul Casey,E
4,Cameron Champ,E
4,Charles Howell III,E
4,Michael Kim,E
4,Satoshi Kodaira,E
4,Brooks Koepka,E
4,Matt Kuchar,E
4,Marc Leishman,E
4,Rory McIlroy,E
4,Troy Merritt,E
4,Francesco Molinari,E
4,Scott Piercy,E
4,"Ted Potter, Jr.",E
4,Andrew Putnam,E
4,Patrick Reed,E
4,Xander Schauffele,E
4,Webb Simpson,E
4,Justin Thomas,E
4,Kevin Tway,E
4,Bubba Watson,E
4,Aaron Wise,E
4,Gary Woodland,E
26,Jason Day,+.250
27,Andrew Landry,+.333
27,Jon Rahm,+.333
27,Brandt Snedeker,+.333
30,Billy Horschel,+.500
30,Patton Kizzire,+.500
32,Ian Poulter,+1.000
