rank,player,Avg RTP
1,Marc Leishman,-.500
2,Patton Kizzire,-.333
2,Xander Schauffele,-.333
2,Brandt Snedeker,-.333
2,Gary Woodland,-.333
6,Jon Rahm,-.250
7,Brooks Koepka,-.222
8,Brice Garnett,-.200
9,Paul Casey,E
9,Bryson DeChambeau,E
9,Billy Horschel,E
9,Matt Kuchar,E
9,Francesco Molinari,E
9,Andrew Putnam,E
9,Webb Simpson,E
9,Justin Thomas,E
9,Kevin Tway,E
9,Aaron Wise,E
19,Rory McIlroy,+.143
20,Cameron Champ,+.250
20,Charles Howell III,+.250
22,Patrick Reed,+.333
22,Bubba Watson,+.333
24,Michael Kim,+.400
24,"Ted Potter, Jr.",+.400
26,Jason Day,+.500
26,Ian Poulter,+.500
28,Dustin Johnson,+.600
29,Keegan Bradley,+1.000
29,Satoshi Kodaira,+1.000
29,Scott Piercy,+1.000
32,Andrew Landry,+1.500
