rank,player,%,Total Birdies,Total Holes
1,Jason Day,40.91,9,22
2,Andrew Landry,32.14,9,28
3,Andrew Putnam,32.00,8,25
4,Jon Rahm,30.43,7,23
4,Aaron Wise,30.43,7,23
6,Cameron Champ,28.57,6,21
6,Dustin Johnson,28.57,6,21
8,Xander Schauffele,27.78,5,18
9,Brandt Snedeker,25.00,6,24
10,Francesco Molinari,24.00,6,25
11,Webb Simpson,23.81,5,21
11,Gary Woodland,23.81,5,21
13,Matt Kuchar,22.22,6,27
13,Marc Leishman,22.22,6,27
13,Scott Piercy,22.22,6,27
16,Ian Poulter,21.74,5,23
17,Justin Thomas,20.83,5,24
18,Michael Kim,19.05,4,21
19,Brice Garnett,18.52,5,27
20,Patton Kizzire,18.18,4,22
21,Troy Merritt,17.39,4,23
22,"Ted Potter, Jr.",16.67,4,24
23,Satoshi Kodaira,15.38,4,26
23,Kevin Tway,15.38,4,26
25,Bryson DeChambeau,13.04,3,23
25,Brooks Koepka,13.04,3,23
25,Rory McIlroy,13.04,3,23
25,Patrick Reed,13.04,3,23
29,Billy Horschel,10.71,3,28
30,Keegan Bradley,9.09,2,22
31,Paul Casey,8.33,2,24
31,Charles Howell III,8.33,2,24
31,Bubba Watson,8.33,2,24
