rank,player,Avg RTP
1,Cameron Champ,-1.000
1,Jon Rahm,-1.000
3,Paul Casey,E
3,Jason Day,E
3,Bryson DeChambeau,E
3,Billy Horschel,E
3,Charles Howell III,E
3,Michael Kim,E
3,Brooks Koepka,E
3,Marc Leishman,E
3,Francesco Molinari,E
3,Andrew Putnam,E
3,Brandt Snedeker,E
3,Justin Thomas,E
3,Kevin Tway,E
3,Aaron Wise,E
3,Gary Woodland,E
18,Matt Kuchar,+.333
18,Rory McIlroy,+.333
20,"Ted Potter, Jr.",+.500
20,Webb Simpson,+.500
20,Bubba Watson,+.500
23,Patrick Reed,+.667
24,Dustin Johnson,+1.000
24,Satoshi Kodaira,+1.000
