rank,player,%,Total Birdies,Total Holes
1,Xander Schauffele,60.00,18,30
2,Paul Casey,54.55,12,22
3,Justin Thomas,50.00,13,26
4,Rory McIlroy,48.00,12,25
5,Brooks Koepka,45.83,11,24
5,Jon Rahm,45.83,11,24
7,Charles Howell III,45.45,10,22
7,Gary Woodland,45.45,10,22
9,Ian Poulter,44.00,11,25
10,Marc Leishman,40.91,9,22
11,Jason Day,40.00,8,20
11,Dustin Johnson,40.00,10,25
13,Bubba Watson,39.13,9,23
14,Patrick Reed,38.10,8,21
15,Scott Piercy,33.33,7,21
16,Cameron Champ,31.82,7,22
16,Bryson DeChambeau,31.82,7,22
16,Troy Merritt,31.82,7,22
19,Michael Kim,31.58,6,19
20,Kevin Tway,31.25,5,16
21,Keegan Bradley,30.77,8,26
21,Webb Simpson,30.77,8,26
21,Aaron Wise,30.77,8,26
24,"Ted Potter, Jr.",29.17,7,24
24,Andrew Putnam,29.17,7,24
26,Brandt Snedeker,28.00,7,25
27,Brice Garnett,26.32,5,19
27,Billy Horschel,26.32,5,19
29,Patton Kizzire,25.00,6,24
30,Satoshi Kodaira,22.73,5,22
31,Matt Kuchar,20.83,5,24
32,Andrew Landry,20.00,4,20
33,Francesco Molinari,19.23,5,26
