rank,player,Avg RTP
1,Matt Kuchar,-1.000
1,Marc Leishman,-1.000
1,Brandt Snedeker,-1.000
1,Gary Woodland,-1.000
5,Webb Simpson,-.500
6,Bryson DeChambeau,-.333
6,Patton Kizzire,-.333
6,Xander Schauffele,-.333
9,Jon Rahm,-.250
9,Patrick Reed,-.250
11,Brice Garnett,-.200
12,Brooks Koepka,-.100
13,Paul Casey,E
13,Billy Horschel,E
13,Satoshi Kodaira,E
13,Rory McIlroy,E
13,Francesco Molinari,E
13,"Ted Potter, Jr.",E
13,Andrew Putnam,E
13,Justin Thomas,E
13,Kevin Tway,E
13,Aaron Wise,E
23,Dustin Johnson,+.200
23,Bubba Watson,+.200
25,Charles Howell III,+.333
26,Cameron Champ,+.500
26,Michael Kim,+.500
26,Ian Poulter,+.500
29,Jason Day,+.667
29,Andrew Landry,+.667
31,Keegan Bradley,+1.000
31,Scott Piercy,+1.000
