rank,player,Avg RTP
1,Michael Kim,-.667
2,Dustin Johnson,-.400
2,Aaron Wise,-.400
4,Jason Day,-.333
4,Brandt Snedeker,-.333
6,Andrew Putnam,-.286
6,Xander Schauffele,-.286
8,Andrew Landry,-.200
8,"Ted Potter, Jr.",-.200
8,Webb Simpson,-.200
11,Brooks Koepka,-.167
12,Justin Thomas,-.143
12,Kevin Tway,-.143
14,Marc Leishman,-.083
15,Paul Casey,E
15,Brice Garnett,E
15,Patton Kizzire,E
15,Satoshi Kodaira,E
15,Matt Kuchar,E
15,Rory McIlroy,E
15,Francesco Molinari,E
15,Scott Piercy,E
15,Jon Rahm,E
15,Gary Woodland,E
25,Keegan Bradley,+.091
26,Billy Horschel,+.143
26,Troy Merritt,+.143
28,Bryson DeChambeau,+.167
28,Charles Howell III,+.167
28,Bubba Watson,+.167
31,Ian Poulter,+.222
32,Cameron Champ,+.250
33,Patrick Reed,+.333
