rank,player,Avg RTP
1,Billy Horschel,-1.000
2,Cameron Champ,-.667
2,Jason Day,-.667
4,Matt Kuchar,-.600
4,Justin Thomas,-.600
6,Brice Garnett,-.500
6,Dustin Johnson,-.500
6,Andrew Landry,-.500
9,Rory McIlroy,-.429
10,Paul Casey,-.400
10,Bryson DeChambeau,-.400
10,Patton Kizzire,-.400
10,Francesco Molinari,-.400
14,Keegan Bradley,-.250
14,Satoshi Kodaira,-.250
14,Marc Leishman,-.250
14,Troy Merritt,-.250
18,Ian Poulter,-.200
18,Jon Rahm,-.200
18,Patrick Reed,-.200
21,Andrew Putnam,-.167
21,Gary Woodland,-.167
23,Michael Kim,-.143
24,Aaron Wise,-.111
25,Scott Piercy,E
25,Xander Schauffele,E
25,Kevin Tway,E
28,"Ted Potter, Jr.",+.111
29,Bubba Watson,+.167
30,Webb Simpson,+.200
31,Charles Howell III,+.333
31,Brooks Koepka,+.333
31,Brandt Snedeker,+.333
