rank,player,Avg RTP
1,Patton Kizzire,-.571
2,Cameron Champ,-.500
2,Andrew Putnam,-.500
2,Gary Woodland,-.500
5,Satoshi Kodaira,-.429
5,Marc Leishman,-.429
7,Bryson DeChambeau,-.400
7,Troy Merritt,-.400
9,Dustin Johnson,-.333
10,Jason Day,-.250
11,Andrew Landry,-.200
12,Brice Garnett,-.167
12,Webb Simpson,-.167
12,Justin Thomas,-.167
15,Charles Howell III,-.143
16,Kevin Tway,-.125
17,Francesco Molinari,-.100
18,Paul Casey,E
18,Brooks Koepka,E
18,Matt Kuchar,E
18,Rory McIlroy,E
18,Jon Rahm,E
18,Patrick Reed,E
18,Xander Schauffele,E
18,Bubba Watson,E
26,Billy Horschel,+.125
26,Scott Piercy,+.125
28,Brandt Snedeker,+.143
29,Ian Poulter,+.200
30,Keegan Bradley,+.250
31,Michael Kim,+.364
32,"Ted Potter, Jr.",+.500
33,Aaron Wise,+.600
