rank,player,%,Total Birdies,Total Holes
1,Dustin Johnson,40.00,2,5
1,Patton Kizzire,40.00,2,5
3,Keegan Bradley,33.33,1,3
3,Cameron Champ,33.33,2,6
3,Bryson DeChambeau,33.33,3,9
3,Andrew Landry,33.33,1,3
3,Xander Schauffele,33.33,2,6
8,Matt Kuchar,25.00,1,4
8,Gary Woodland,25.00,1,4
10,Ian Poulter,20.00,1,5
11,Marc Leishman,16.67,1,6
11,Patrick Reed,16.67,1,6
11,Kevin Tway,16.67,1,6
14,Andrew Putnam,14.29,1,7
14,Jon Rahm,14.29,1,7
16,Billy Horschel,11.11,1,9
16,Rory McIlroy,11.11,1,9
18,Paul Casey,.00,0,4
18,Jason Day,.00,0,2
18,Brice Garnett,.00,0,1
18,Charles Howell III,.00,0,3
18,Michael Kim,.00,0,7
18,Brooks Koepka,.00,0,8
18,Troy Merritt,.00,0,3
18,Francesco Molinari,.00,0,6
18,Scott Piercy,.00,0,2
18,"Ted Potter, Jr.",.00,0,5
18,Webb Simpson,.00,0,6
18,Brandt Snedeker,.00,0,4
18,Justin Thomas,.00,0,3
18,Bubba Watson,.00,0,9
18,Aaron Wise,.00,0,4
