rank,player,Avg RTP
1,Brice Garnett,-.333
1,Xander Schauffele,-.333
3,Cameron Champ,-.273
3,Bryson DeChambeau,-.273
5,Charles Howell III,-.167
6,Dustin Johnson,-.111
7,Paul Casey,E
7,Brooks Koepka,E
7,Matt Kuchar,E
7,Andrew Landry,E
7,Marc Leishman,E
7,Rory McIlroy,E
7,Scott Piercy,E
7,Ian Poulter,E
7,Andrew Putnam,E
7,Jon Rahm,E
7,Webb Simpson,E
7,Kevin Tway,E
7,Gary Woodland,E
20,Michael Kim,+.077
21,Billy Horschel,+.111
21,Patrick Reed,+.111
23,Patton Kizzire,+.125
24,Jason Day,+.143
25,Aaron Wise,+.200
26,"Ted Potter, Jr.",+.222
27,Keegan Bradley,+.250
27,Brandt Snedeker,+.250
27,Justin Thomas,+.250
30,Satoshi Kodaira,+.333
30,Francesco Molinari,+.333
32,Troy Merritt,+.429
33,Bubba Watson,+.500
