rank,player,Avg RTP
1,Jason Day,-.500
1,Ian Poulter,-.500
1,Andrew Putnam,-.500
4,"Ted Potter, Jr.",-.400
5,Jon Rahm,-.333
5,Kevin Tway,-.333
5,Aaron Wise,-.333
8,Gary Woodland,-.250
9,Cameron Champ,-.222
9,Scott Piercy,-.222
11,Dustin Johnson,-.200
11,Matt Kuchar,-.200
11,Andrew Landry,-.200
14,Charles Howell III,-.167
14,Webb Simpson,-.167
16,Brice Garnett,-.143
16,Patton Kizzire,-.143
16,Satoshi Kodaira,-.143
16,Francesco Molinari,-.143
20,Billy Horschel,-.125
20,Justin Thomas,-.125
22,Troy Merritt,-.111
23,Keegan Bradley,E
23,Brooks Koepka,E
23,Marc Leishman,E
23,Rory McIlroy,E
23,Brandt Snedeker,E
23,Bubba Watson,E
29,Paul Casey,+.200
29,Bryson DeChambeau,+.200
29,Xander Schauffele,+.200
32,Michael Kim,+.250
33,Patrick Reed,+.500
