rank,player,Avg,Total Distance (feet),# of Attempts,Relative to par
1,S.H. Kim,"6' 5""",12.750,2,-2
2,Kevin Tway,"6' 11""",6.917,1,-1
3,Stephan Jaeger,"11' 6""",11.500,1,E
4,Chez Reavie,"13' 1""",13.083,1,E
5,J.J. Spaun,"14' 7""",43.833,3,-2
6,MJ Daffue,"15' 1""",45.250,3,-1
7,Austin Smotherman,"15' 3""",30.417,2,E
8,Russell Henley,"15' 8""",15.667,1,E
9,Justin Suh,"16' 7""",16.583,1,-1
10,Taiga Semikawa,"16' 10""",16.833,1,E
11,Si Woo Kim,"18' 1""",54.167,3,-1
12,Nico Echavarria,"19' 4""",38.583,2,E
13,Kurt Kitayama,"19' 10""",59.583,3,E
14,Nick Hardy,"20' 2""",40.250,2,E
15,Troy Merritt,"20' 5""",40.750,2,E
16,Adam Scott,"20' 10""",62.500,3,+1
17,Byeong Hun An,"22' 1""",66.333,3,-1
17,Corey Conners,"22' 1""",132.417,6,-2
19,Aaron Rai,"22' 11""",45.750,2,-1
20,Andrew Novak,"23' 3""",69.667,3,-1
21,Kelly Kraft,"24' 4""",24.333,1,+1
22,Ryan Palmer,"24' 5""",73.333,3,E
23,Joseph Winslow,"24' 7""",49.167,2,+1
24,Tom Hoge,"25' 1""",25.083,1,-1
25,Adam Schenk,"29' 4""",87.917,3,+1
26,Brian Harman,"29' 7""",29.583,1,E
27,Ryan Brehm,"29' 8""",89.000,3,E
28,Eric Cole,"29' 9""",118.833,4,E
29,Ben Griffin,"31' 0""",93.083,3,-3
30,Will Gordon,"31' 8""",95.083,3,E
31,Davis Thompson,"32' 2""",96.500,3,E
32,Brian Stuard,"32' 3""",64.417,2,E
33,Hayden Buckley,"32' 11""",98.750,3,E
34,Russell Knox,"33' 11""",169.667,5,+2
35,Denny McCarthy,"35' 7""",71.167,2,E
36,Zac Blair,"35' 8""",71.333,2,E
37,Carl Yuan,"35' 10""",107.500,3,E
38,Nate Lashley,"36' 1""",144.250,4,E
39,Patton Kizzire,"36' 10""",257.583,7,+1
40,Anders Albertson,"38' 6""",38.500,1,E
41,Austin Eckroat,"38' 10""",116.500,3,E
42,Keita Nakajima,"39' 6""",118.583,3,+2
43,Andrew Putnam,"39' 11""",39.917,1,E
44,Kevin Yu,"40' 1""",160.250,4,+1
45,Taylor Montgomery,"40' 7""",121.667,3,E
46,Hideki Matsuyama,"41' 8""",83.333,2,-1
47,Chris Kirk,"41' 9""",41.750,1,E
48,Aaron Baddeley,"45' 8""",45.667,1,E
49,Adam Svensson,"46' 3""",184.833,4,E
50,Tyson Alexander,"46' 5""",92.750,2,+1
51,Brice Garnett,"48' 5""",48.417,1,E
51,Harry Hall,"48' 5""",96.833,2,+1
53,Stewart Cink,"49' 0""",98.000,2,E
54,Greyson Sigg,"49' 7""",148.833,3,+1
55,Maverick McNealy,"53' 3""",106.417,2,E
56,Brendon Todd,"53' 10""",53.833,1,E
57,Zach Johnson,"57' 3""",57.250,1,-1
58,Cole Hammer,"63' 4""",126.667,2,E
59,Cam Davis,"66' 10""",66.833,1,E
60,Harris English,"70' 0""",70.000,1,+1
61,K.H. Lee,"70' 2""",140.250,2,+2
62,Danny Lee,"73' 9""",294.833,4,+2
