rank,player,Avg,Total Distance (feet),# of Attempts,Relative to par
1,Anders Albertson,"1' 1""",1.083,1,-1
2,Matt Kuchar,"6' 6""",6.500,1,-1
3,Aaron Baddeley,"7' 3""",7.250,1,-1
3,Harry Hall,"7' 3""",14.500,2,-1
3,David Lipsky,"7' 3""",7.250,1,-1
6,Kevin Yu,"7' 4""",7.333,1,-1
7,J.J. Spaun,"12' 5""",12.417,1,E
8,Stewart Cink,"13' 0""",26.000,2,-1
9,Brian Harman,"13' 4""",40.000,3,E
10,Chris Kirk,"13' 5""",13.417,1,-1
11,Joseph Winslow,"15' 0""",15.000,1,E
12,Si Woo Kim,"15' 7""",46.750,3,E
13,Austin Smotherman,"16' 1""",16.083,1,E
14,Tyson Alexander,"16' 5""",16.417,1,E
15,Austin Eckroat,"17' 0""",34.000,2,+1
16,Davis Thompson,"17' 3""",51.833,3,-1
17,Brendon Todd,"18' 7""",37.167,2,+4
18,Augusto Núñez,"19' 7""",58.667,3,E
19,Danny Lee,"20' 6""",20.500,1,-1
20,Kelly Kraft,"20' 8""",20.667,1,+1
21,Andrew Novak,"22' 0""",44.000,2,-1
22,Carl Yuan,"22' 1""",22.083,1,E
23,Taylor Montgomery,"22' 9""",45.500,2,-1
24,Denny McCarthy,"24' 4""",24.333,1,E
25,Nick Hardy,"25' 7""",51.167,2,E
26,Nico Echavarria,"29' 3""",58.417,2,+1
27,Ryan Brehm,"30' 6""",91.417,3,-1
28,Tom Hoge,"34' 9""",34.750,1,E
29,Cam Davis,"35' 11""",71.833,2,E
30,Kazuki Higa,"38' 8""",77.250,2,+1
31,Stephan Jaeger,"45' 7""",228.083,5,+1
32,Adam Scott,"51' 9""",51.750,1,E
33,Byeong Hun An,"51' 10""",51.833,1,+1
34,Brendan Steele,"53' 6""",53.500,1,+1
35,Doc Redman,"55' 5""",110.833,2,+1
36,Kurt Kitayama,"71' 6""",71.500,1,E
37,J.T. Poston,"79' 7""",79.583,1,+1
38,Ben Griffin,"105' 9""",105.750,1,E
