rank,player,Avg,Total Distance (feet),# of Attempts,Relative to par
1,K.H. Lee,"42' 1""",42.083,1,-1
2,Andrew Putnam,"47' 4""",47.333,1,-1
3,Tyson Alexander,"50' 0""",50.000,1,E
4,Carl Yuan,"57' 9""",57.750,1,-1
5,Eric Cole,"60' 2""",60.167,1,-1
6,Byeong Hun An,"62' 11""",62.917,1,-1
7,Brendan Steele,"69' 3""",69.250,1,-1
8,Davis Thompson,"70' 0""",139.917,2,-2
9,Hayden Buckley,"71' 10""",71.833,1,E
10,Justin Suh,"73' 8""",73.667,1,E
11,Troy Merritt,"74' 9""",74.750,1,E
12,Brice Garnett,"93' 4""",93.333,1,+1
13,Stephan Jaeger,"96' 5""",96.417,1,E
14,Brendon Todd,"99' 3""",99.250,1,-1
15,Austin Eckroat,"102' 8""",102.667,1,+1
16,Chad Ramey,"104' 5""",104.417,1,-1
17,Nick Taylor,"109' 4""",218.583,2,E
18,Cole Hammer,"112' 5""",112.417,1,+1
19,Tom Hoge,"121' 3""",121.250,1,E
20,Joseph Winslow,"149' 2""",149.167,1,E
