rank,player,Avg,Total Distance (feet),# of Attempts,Relative to par
1,Andrew Putnam,"5' 5""",5.417,1,E
2,Joseph Bramlett,"6' 8""",6.667,1,-1
3,Aaron Baddeley,"7' 3""",7.250,1,-1
3,Harry Hall,"7' 3""",14.500,2,-1
3,David Lipsky,"7' 3""",7.250,1,-1
6,Maverick McNealy,"7' 4""",7.333,1,E
7,Anders Albertson,"8' 5""",16.750,2,E
8,Kevin Tway,"9' 1""",9.083,1,-1
9,K.H. Lee,"11' 8""",11.667,1,E
10,Joseph Winslow,"11' 10""",35.500,3,-1
11,Brian Harman,"13' 4""",40.000,3,E
12,Chris Kirk,"13' 5""",13.417,1,-1
13,J.J. Spaun,"14' 11""",29.833,2,+1
14,Si Woo Kim,"15' 7""",46.750,3,E
15,MJ Daffue,"16' 0""",32.000,2,+1
16,Austin Smotherman,"16' 1""",16.083,1,E
17,Ryan Palmer,"16' 2""",16.167,1,E
18,Kevin Yu,"16' 3""",48.833,3,-1
19,Tyson Alexander,"16' 5""",16.417,1,E
20,Austin Eckroat,"17' 0""",34.000,2,+1
21,Davis Thompson,"17' 3""",51.833,3,-1
22,Will Gordon,"17' 7""",35.083,2,-1
23,Brendon Todd,"18' 7""",37.167,2,+4
24,Augusto Núñez,"20' 3""",80.833,4,E
25,Danny Lee,"20' 6""",20.500,1,-1
26,Kelly Kraft,"20' 8""",20.667,1,+1
27,Andrew Novak,"22' 0""",44.000,2,-1
28,Carl Yuan,"22' 1""",22.083,1,E
29,Taylor Montgomery,"22' 9""",45.500,2,-1
30,Chez Reavie,"23' 5""",23.417,1,+1
31,Nick Hardy,"25' 3""",75.667,3,E
31,Nick Taylor,"25' 3""",25.250,1,-1
33,Tom Hoge,"25' 5""",50.833,2,-1
34,Nico Echavarria,"26' 5""",79.333,3,+1
35,Denny McCarthy,"26' 10""",53.583,2,E
36,Matt Kuchar,"26' 11""",53.750,2,E
37,Ryan Brehm,"31' 5""",125.583,4,E
38,Stewart Cink,"33' 0""",98.917,3,-1
39,Taiga Semikawa,"33' 4""",133.417,4,E
40,Cam Davis,"35' 11""",71.833,2,E
41,Kazuki Higa,"38' 8""",77.250,2,+1
42,Doc Redman,"45' 0""",134.917,3,E
43,Stephan Jaeger,"45' 7""",228.083,5,+1
44,Ben Griffin,"46' 8""",140.083,3,-1
45,Kurt Kitayama,"47' 4""",94.667,2,+1
46,Adam Scott,"51' 9""",51.750,1,E
47,Byeong Hun An,"51' 10""",51.833,1,+1
48,Brendan Steele,"53' 6""",53.500,1,+1
49,Zach Johnson,"62' 10""",62.833,1,E
50,Patton Kizzire,"68' 9""",68.750,1,+1
51,J.T. Poston,"79' 7""",79.583,1,+1
