rank,player,%,# of Birdie or Better,Attempts,RTP-Successes,RTP-Not going for the grn
1,Cameron Beckman,100.00,5,5,-5,E
1,D.J. Brigman,100.00,5,5,-5,E
1,Tim Clark,100.00,5,5,-5,-1.00
1,Davis Love III,100.00,5,5,-6,E
1,Roland Thatcher,100.00,6,6,-6,-1.00
6,Jason Day,90.00,9,10,-11,E
7,Justin Rose,87.50,7,8,-7,E
7,Boo Weekley,87.50,7,8,-8,-1.00
9,Stuart Appleby,85.71,6,7,-7,E
9,Arjun Atwal,85.71,6,7,-6,-1.00
9,Brian Gay,85.71,6,7,-6,-1.00
9,Shigeki Maruyama,85.71,6,7,-6,-1.00
9,Mark Wilson,85.71,6,7,-6,-1.00
14,Brandt Jobe,83.33,5,6,-5,-1.00
14,Anthony Kim,83.33,5,6,-5,-1.00
14,Chris Kirk,83.33,5,6,-5,-1.00
14,Nate Smith,83.33,5,6,-5,E
18,WC Liang,80.00,4,5,-4,-2.00
18,Jarrod Lyle,80.00,4,5,-4,E
18,Chris Riley,80.00,4,5,-4,E
21,Matt Kuchar,77.78,7,9,-8,E
21,Rory Sabbatini,77.78,7,9,-7,E
21,John Senden,77.78,7,9,-7,E
24,Aaron Baddeley,75.00,6,8,-6,-1.00
24,Matt Bettencourt,75.00,6,8,-6,-1.00
24,Marc Leishman,75.00,6,8,-6,+1.00
24,Steve Marino,75.00,6,8,-7,+1.00
24,Billy Mayfair,75.00,6,8,-6,-1.00
24,Matt McQuillan,75.00,3,4,-3,+1.00
30,Jonathan Byrd,71.43,5,7,-5,E
30,Chad Campbell,71.43,5,7,-6,E
30,Chris DiMarco,71.43,5,7,-5,E
30,Spencer Levin,71.43,5,7,-5,-1.00
30,Jesper Parnevik,71.43,5,7,-5,+2.00
30,Steve Stricker,71.43,5,7,-6,E
36,Jason Bohn,66.67,4,6,-5,E
36,Michael Connell,66.67,4,6,-4,E
36,Jason Dufner,66.67,4,6,-4,-1.00
36,Ernie Els,66.67,4,6,-4,E
36,Colt Knost,66.67,4,6,-4,-2.00
36,Tag Ridings,66.67,6,9,-6,+1.00
36,Michael Sim,66.67,4,6,-4,E
43,Steven Bowditch,62.50,5,8,-6,E
43,John Merrick,62.50,5,8,-6,E
43,Kevin Na,62.50,5,8,-5,E
43,Jeff Overton,62.50,5,8,-6,E
43,Jimmy Walker,62.50,5,8,-6,-1.00
48,Ryan Palmer,60.00,3,5,-3,-2.00
49,Kevin Chappell,57.14,4,7,-6,+1.00
49,Brendon de Jonge,57.14,4,7,-4,E
49,Daniel Summerhays,57.14,4,7,-4,-1.00
49,Charlie Wi,57.14,4,7,-4,E
53,Freddie Jacobson,50.00,3,6,-3,-1.00
54,Alex Prugh,42.86,3,7,-4,-1.00
55,Webb Simpson,40.00,2,5,-2,E
56,Jerry Kelly,37.50,3,8,-3,-1.00
