rank,player,%,Attempts,RTP-Going for the green,RTP-Not going for the grn
1,Jason Day,100.00,9,-11,E
1,Matt Kuchar,100.00,9,-8,E
1,Rory Sabbatini,100.00,9,-7,E
4,Aaron Baddeley,88.89,8,-6,-1
4,Matt Bettencourt,88.89,8,-6,-1
4,Jerry Kelly,88.89,8,-3,-1
4,Steve Marino,88.89,8,-7,+1
4,Billy Mayfair,88.89,8,-5,-1
4,John Merrick,88.89,8,-6,E
4,Kevin Na,88.89,8,-5,E
4,Jeff Overton,88.89,8,-6,E
4,Justin Rose,88.89,8,-7,E
4,John Senden,88.89,8,-7,E
4,Boo Weekley,88.89,8,-8,-1
15,Stuart Appleby,77.78,7,-7,E
15,Arjun Atwal,77.78,7,-6,-1
15,Steven Bowditch,77.78,7,-6,E
15,Jonathan Byrd,77.78,7,-5,E
15,Chad Campbell,77.78,7,-6,E
15,Kevin Chappell,77.78,7,-6,+1
15,Brendon de Jonge,77.78,7,-4,E
15,Chris DiMarco,77.78,7,-5,E
15,Brian Gay,77.78,7,-6,-1
15,Marc Leishman,77.78,7,-6,+1
15,Spencer Levin,77.78,7,-5,-1
15,Shigeki Maruyama,77.78,7,-6,-1
15,Jesper Parnevik,77.78,7,-5,+2
15,Alex Prugh,77.78,7,-4,-1
15,Tag Ridings,77.78,7,-6,+1
15,Steve Stricker,77.78,7,-6,E
15,Daniel Summerhays,77.78,7,-4,-1
15,Jimmy Walker,77.78,7,-6,-1
15,Charlie Wi,77.78,7,-3,E
15,Mark Wilson,77.78,7,-6,-1
35,Jason Bohn,66.67,6,-5,E
35,Michael Connell,66.67,6,-4,E
35,Jason Dufner,66.67,6,-3,-1
35,Ernie Els,66.67,6,-4,E
35,Freddie Jacobson,66.67,6,-3,-1
35,Brandt Jobe,66.67,6,-5,-1
35,Anthony Kim,66.67,6,-5,-1
35,Chris Kirk,66.67,6,-5,-1
35,Colt Knost,66.67,6,-4,-2
35,Michael Sim,66.67,6,-4,E
35,Nate Smith,66.67,6,-5,E
35,Roland Thatcher,66.67,6,-6,-1
47,Cameron Beckman,55.56,5,-5,E
47,D.J. Brigman,55.56,5,-5,E
47,Tim Clark,55.56,5,-5,-1
47,WC Liang,55.56,5,-4,-2
47,Davis Love III,55.56,5,-6,E
47,Jarrod Lyle,55.56,5,-4,E
47,Ryan Palmer,55.56,5,-3,-2
47,Chris Riley,55.56,5,-4,E
55,Matt McQuillan,44.44,4,-3,+1
55,Webb Simpson,44.44,4,-2,E
