rank,player,%,Attempts
1,Aaron Baddeley,100.00,8
1,Jason Day,100.00,8
1,Jerry Kelly,100.00,8
1,Matt Kuchar,100.00,8
1,Steve Marino,100.00,8
1,Billy Mayfair,100.00,8
1,John Merrick,100.00,8
1,Rory Sabbatini,100.00,8
1,John Senden,100.00,8
1,Boo Weekley,100.00,8
11,Stuart Appleby,87.50,7
11,Arjun Atwal,87.50,7
11,Matt Bettencourt,87.50,7
11,Jonathan Byrd,87.50,7
11,Chad Campbell,87.50,7
11,Kevin Chappell,87.50,7
11,Brendon de Jonge,87.50,7
11,Chris DiMarco,87.50,7
11,Brian Gay,87.50,7
11,Spencer Levin,87.50,7
11,Shigeki Maruyama,87.50,7
11,Kevin Na,87.50,7
11,Jeff Overton,87.50,7
11,Jesper Parnevik,87.50,7
11,Alex Prugh,87.50,7
11,Justin Rose,87.50,7
11,Steve Stricker,87.50,7
11,Daniel Summerhays,87.50,7
11,Jimmy Walker,87.50,7
11,Charlie Wi,87.50,7
31,Jason Bohn,75.00,6
31,Steven Bowditch,75.00,6
31,Michael Connell,75.00,6
31,Jason Dufner,75.00,6
31,Ernie Els,75.00,6
31,Brandt Jobe,75.00,6
31,Anthony Kim,75.00,6
31,Chris Kirk,75.00,6
31,Colt Knost,75.00,6
31,Marc Leishman,75.00,6
31,Tag Ridings,75.00,6
31,Michael Sim,75.00,6
31,Nate Smith,75.00,6
31,Roland Thatcher,75.00,6
31,Mark Wilson,75.00,6
46,Cameron Beckman,62.50,5
46,D.J. Brigman,62.50,5
46,Tim Clark,62.50,5
46,Freddie Jacobson,62.50,5
46,WC Liang,62.50,5
46,Davis Love III,62.50,5
46,Jarrod Lyle,62.50,5
46,Ryan Palmer,62.50,5
46,Chris Riley,62.50,5
55,Matt McQuillan,50.00,4
55,Webb Simpson,50.00,4
