rank,player,Avg,Distance (in inches),Attempts
1,Steve Marino,208.6,"60,087.000",8
2,Alex Prugh,210.9,"53,144.000",7
3,Chris Kirk,212.1,"45,803.000",6
4,Kevin Chappell,215.6,"54,334.000",7
5,D.J. Brigman,219.9,"39,580.000",5
6,WC Liang,220.7,"39,719.000",5
7,Brandt Jobe,221.3,"47,801.000",6
8,Daniel Summerhays,221.6,"55,852.000",7
9,Aaron Baddeley,222.9,"64,198.000",8
10,Tim Clark,225.4,"40,566.000",5
11,Jesper Parnevik,226.5,"57,088.000",7
12,Spencer Levin,226.9,"57,185.000",7
13,Jason Bohn,227.8,"49,198.000",6
14,Arjun Atwal,228.2,"57,515.000",7
15,Boo Weekley,228.7,"65,866.000",8
16,Chad Campbell,228.8,"57,665.000",7
17,Colt Knost,229.0,"49,457.000",6
18,Stuart Appleby,229.4,"57,809.000",7
19,Cameron Beckman,229.6,"41,324.000",5
20,Jonathan Byrd,229.7,"57,872.000",7
21,John Merrick,231.0,"66,529.000",8
22,Roland Thatcher,231.3,"49,966.000",6
23,Ernie Els,231.9,"50,100.000",6
24,John Senden,232.3,"75,251.000",9
24,Charlie Wi,232.3,"58,535.000",7
26,Anthony Kim,232.7,"50,268.000",6
27,Jarrod Lyle,232.9,"41,924.000",5
28,Jason Dufner,233.5,"50,438.000",6
29,Billy Mayfair,234.1,"67,431.000",8
30,Steve Stricker,234.4,"59,073.000",7
31,Chris DiMarco,236.3,"59,555.000",7
32,Nate Smith,236.7,"51,124.000",6
33,Matt Bettencourt,237.4,"68,381.000",8
34,Brendon de Jonge,238.2,"60,020.000",7
35,Matt McQuillan,238.6,"34,356.000",4
35,Ryan Palmer,238.6,"42,945.000",5
37,Chris Riley,239.9,"43,185.000",5
38,Matt Kuchar,240.1,"77,778.000",9
39,Jimmy Walker,240.2,"69,173.000",8
40,Justin Rose,240.3,"69,211.000",8
41,Jason Day,242.6,"87,334.000",10
42,Davis Love III,244.0,"43,922.000",5
43,Rory Sabbatini,245.0,"79,383.000",9
44,Jerry Kelly,245.9,"70,819.000",8
44,Jeff Overton,245.9,"70,830.000",8
46,Brian Gay,247.1,"62,279.000",7
46,Shigeki Maruyama,247.1,"62,275.000",7
48,Michael Connell,247.5,"53,469.000",6
48,Marc Leishman,247.5,"71,281.000",8
50,Michael Sim,247.9,"53,545.000",6
51,Freddie Jacobson,249.3,"53,848.000",6
52,Mark Wilson,250.5,"63,129.000",7
53,Kevin Na,255.7,"73,648.000",8
54,Webb Simpson,258.3,"46,497.000",5
55,Tag Ridings,261.2,"84,622.000",9
56,Steven Bowditch,265.4,"76,432.000",8
