rank,player,%,Successes,Attempts,RTP-Successes,RTP-Not going for the grn
1,Davis Love III,80.00,4,5,-5,E
2,Stuart Appleby,71.43,5,7,-6,E
2,Chad Campbell,71.43,5,7,-6,E
2,Charlie Wi,71.43,5,7,-3,E
5,John Senden,66.67,6,9,-6,E
6,Steve Marino,62.50,5,8,-6,+1.00
6,Boo Weekley,62.50,5,8,-6,-1.00
8,D.J. Brigman,60.00,3,5,-3,E
8,Jarrod Lyle,60.00,3,5,-3,E
10,Arjun Atwal,57.14,4,7,-4,-1.00
10,Jonathan Byrd,57.14,4,7,-4,E
10,Spencer Levin,57.14,4,7,-3,-1.00
10,Shigeki Maruyama,57.14,4,7,-4,-1.00
14,Aaron Baddeley,50.00,4,8,-4,-1.00
14,Ernie Els,50.00,3,6,-3,E
14,Brandt Jobe,50.00,3,6,-3,-1.00
14,Marc Leishman,50.00,4,8,-4,+1.00
14,Nate Smith,50.00,3,6,-2,E
14,Roland Thatcher,50.00,3,6,-3,-1.00
14,Jimmy Walker,50.00,4,8,-4,-1.00
21,Kevin Chappell,42.86,3,7,-5,+1.00
21,Chris DiMarco,42.86,3,7,-3,E
21,Steve Stricker,42.86,3,7,-4,E
21,Daniel Summerhays,42.86,3,7,-3,-1.00
25,Cameron Beckman,40.00,2,5,-2,E
25,Ryan Palmer,40.00,2,5,-2,-2.00
25,Webb Simpson,40.00,2,5,-2,E
28,Jerry Kelly,37.50,3,8,-2,-1.00
28,Billy Mayfair,37.50,3,8,-3,-1.00
28,John Merrick,37.50,3,8,-4,E
28,Jeff Overton,37.50,3,8,-4,E
32,Michael Connell,33.33,2,6,-2,E
32,Anthony Kim,33.33,2,6,-2,-1.00
32,Chris Kirk,33.33,2,6,-2,-1.00
32,Colt Knost,33.33,2,6,-1,-2.00
32,Matt Kuchar,33.33,3,9,-4,E
32,Tag Ridings,33.33,3,9,-3,+1.00
32,Rory Sabbatini,33.33,3,9,-3,E
39,Jason Day,30.00,3,10,-5,E
40,Brendon de Jonge,28.57,2,7,-2,E
40,Alex Prugh,28.57,2,7,-3,-1.00
42,Matt Bettencourt,25.00,2,8,-2,-1.00
42,Steven Bowditch,25.00,2,8,-3,E
42,Matt McQuillan,25.00,1,4,-1,+1.00
42,Justin Rose,25.00,2,8,-2,E
46,Tim Clark,20.00,1,5,-1,-1.00
46,WC Liang,20.00,1,5,-1,-2.00
46,Chris Riley,20.00,1,5,-1,E
49,Jason Bohn,16.67,1,6,-2,E
49,Jason Dufner,16.67,1,6,E,-1.00
49,Freddie Jacobson,16.67,1,6,-1,-1.00
52,Jesper Parnevik,14.29,1,7,-1,+2.00
52,Mark Wilson,14.29,1,7,-1,-1.00
54,Kevin Na,12.50,1,8,-1,E
55,Brian Gay,.00,0,7,E,-1.00
55,Michael Sim,.00,0,6,E,E
