rank,player,Avg,Total Dist after GFG Shot,Total GFG Shots
1,Kevin Chappell,11.5,"2,903.000",7
1,Davis Love III,11.5,"2,061.000",5
3,Chad Campbell,11.9,"3,005.000",7
4,Stuart Appleby,12.9,"3,245.000",7
5,Colt Knost,13.0,"2,799.000",6
6,Chris Riley,14.0,"2,527.000",5
7,Chris DiMarco,14.1,"3,564.000",7
8,Jarrod Lyle,14.5,"2,609.000",5
9,Spencer Levin,15.0,"3,773.000",7
9,Nate Smith,15.0,"3,242.000",6
11,Charlie Wi,15.4,"3,891.000",7
12,Boo Weekley,15.5,"4,456.000",8
13,Steve Marino,15.6,"4,489.000",8
14,Cameron Beckman,15.8,"2,837.000",5
15,Anthony Kim,16.2,"3,500.000",6
16,Chris Kirk,16.6,"3,591.000",6
17,D.J. Brigman,16.8,"3,015.000",5
18,Jimmy Walker,17.0,"4,900.000",8
19,Arjun Atwal,17.2,"4,344.000",7
20,Jonathan Byrd,17.5,"4,406.000",7
20,Ernie Els,17.5,"3,771.000",6
22,Marc Leishman,17.6,"5,058.000",8
23,Tim Clark,17.8,"3,203.000",5
23,Brandt Jobe,17.8,"3,836.000",6
25,Aaron Baddeley,18.2,"5,253.000",8
25,Roland Thatcher,18.2,"3,932.000",6
27,Jeff Overton,18.3,"5,264.000",8
28,John Senden,18.4,"5,952.000",9
29,Matt McQuillan,18.7,"2,687.000",4
29,Ryan Palmer,18.7,"3,372.000",5
31,Jerry Kelly,19.3,"5,570.000",8
32,Daniel Summerhays,19.8,"4,989.000",7
33,Jason Day,19.9,"7,156.000",10
34,Steve Stricker,20.2,"5,094.000",7
35,Shigeki Maruyama,20.5,"5,164.000",7
36,Matt Kuchar,21.0,"6,788.000",9
37,Brendon de Jonge,21.2,"5,334.000",7
37,WC Liang,21.2,"3,819.000",5
39,Jason Bohn,21.4,"4,633.000",6
39,Webb Simpson,21.4,"3,858.000",5
41,Tag Ridings,21.8,"7,075.000",9
42,John Merrick,21.9,"6,318.000",8
43,Steven Bowditch,22.1,"6,357.000",8
44,Alex Prugh,22.5,"5,662.000",7
44,Justin Rose,22.5,"6,488.000",8
46,Rory Sabbatini,23.3,"7,533.000",9
47,Brian Gay,23.6,"5,954.000",7
48,Jason Dufner,23.9,"5,158.000",6
49,Mark Wilson,24.3,"6,112.000",7
50,Kevin Na,24.9,"7,173.000",8
51,Billy Mayfair,25.5,"7,331.000",8
51,Michael Sim,25.5,"5,501.000",6
53,Matt Bettencourt,25.6,"7,369.000",8
54,Freddie Jacobson,25.9,"5,585.000",6
55,Jesper Parnevik,27.1,"6,820.000",7
56,Michael Connell,28.8,"6,215.000",6
