rank,player,Avg,Total SG:APP,Measured Rounds
1,Stephen Ames,1.031,4.124,4
2,Steve Stricker,.939,3.754,4
3,Zach Johnson,.936,3.745,4
4,Geoff Ogilvy,.925,3.698,4
5,Stewart Cink,.908,3.630,4
6,Ryan Moore,.813,3.251,4
7,Michael Bradley,.701,2.803,4
8,Lucas Glover,.616,2.463,4
9,Paul Casey,.575,2.300,4
10,Rory Sabbatini,.519,2.074,4
11,Pat Perez,.421,1.684,4
12,Matt Kuchar,.325,1.299,4
13,Dustin Johnson,.317,1.266,4
14,Kenny Perry,.221,.883,4
15,Nick Watney,.211,.844,4
16,Y.E. Yang,-.182,-.729,4
17,Brian Gay,-.361,-1.445,4
18,Martin Laird,-.378,-1.513,4
19,John Rollins,-.418,-1.673,4
20,Ángel Cabrera,-.571,-2.284,4
21,Nathan Green,-.619,-2.475,4
22,Sean O'Hair,-.639,-2.556,4
23,Retief Goosen,-.726,-2.904,4
24,Bo Van Pelt,-.933,-3.731,4
25,Jerry Kelly,-.969,-3.877,4
26,Mark Wilson,-1.031,-4.122,4
27,Heath Slocum,-1.058,-4.230,4
28,Troy Matteson,-1.567,-6.267,4
