rank,player,Avg,Total SG:Putting,Measured Rounds
1,Geoff Ogilvy,1.715,6.861,4
2,Retief Goosen,1.486,5.943,4
3,Nathan Green,.885,3.538,4
4,Kenny Perry,.758,3.030,4
5,Matt Kuchar,.614,2.456,4
6,Sean O'Hair,.585,2.338,4
7,Paul Casey,.503,2.012,4
8,Pat Perez,.344,1.376,4
9,Ryan Moore,.322,1.286,4
10,Brian Gay,.201,.803,4
11,Heath Slocum,.147,.587,4
12,Dustin Johnson,.140,.560,4
13,Stewart Cink,.135,.539,4
14,Steve Stricker,-.012,-.049,4
15,Ángel Cabrera,-.094,-.374,4
16,Bo Van Pelt,-.147,-.586,4
17,Michael Bradley,-.171,-.685,4
18,Jerry Kelly,-.297,-1.186,4
19,Martin Laird,-.311,-1.245,4
20,Zach Johnson,-.345,-1.380,4
21,Nick Watney,-.395,-1.579,4
22,Mark Wilson,-.538,-2.150,4
23,Lucas Glover,-.559,-2.236,4
24,Rory Sabbatini,-.644,-2.574,4
25,John Rollins,-.810,-3.239,4
26,Troy Matteson,-1.046,-4.184,4
27,Y.E. Yang,-1.185,-4.740,4
28,Stephen Ames,-1.282,-5.128,4
