rank,player,Avg,Total Distance (feet),# of Attempts,Relative to par
1,Brian Harman,"6' 2""",6.167,1,E
2,Zach Johnson,"10' 11""",10.917,1,E
3,William McGirt,"12' 2""",24.250,2,+1
4,Jeff Overton,"14' 5""",14.417,1,E
5,Fabián Gómez,"14' 8""",29.250,2,+2
5,Francesco Molinari,"14' 8""",14.667,1,E
7,John Huh,"15' 0""",15.000,1,+1
7,Vijay Singh,"15' 0""",15.000,1,E
9,Morgan Hoffmann,"16' 9""",33.500,2,-1
10,Lucas Glover,"18' 11""",18.917,1,E
11,Tim Wilkinson,"22' 0""",44.000,2,+1
12,Shane Bertsch,"23' 10""",47.583,2,+1
13,Charles Howell III,"24' 0""",72.000,3,E
14,Adam Scott,"25' 0""",75.000,3,+1
15,Thomas Aiken,"28' 6""",56.917,2,E
16,Harris English,"30' 6""",30.500,1,+1
17,Tyrone Van Aswegen,"32' 0""",32.000,1,E
18,Tony Finau,"32' 1""",32.083,1,E
19,Matt Kuchar,"32' 10""",32.833,1,E
20,David Lingmerth,"35' 2""",105.417,3,+1
21,Harold Varner III,"35' 5""",35.417,1,E
22,Ricky Barnes,"40' 6""",40.500,1,+1
23,Michael Thompson,"40' 11""",122.833,3,E
24,Ben Martin,"41' 5""",41.417,1,E
25,K.J. Choi,"43' 10""",43.833,1,-1
26,Daniel Berger,"49' 8""",49.667,1,E
27,Adam Hadwin,"50' 2""",50.167,1,E
28,Sean O'Hair,"50' 9""",101.500,2,E
29,Shawn Stefani,"63' 10""",63.833,1,E
30,Danny Lee,"66' 2""",66.167,1,E
31,Jamie Lovemark,"66' 10""",66.833,1,+1
