rank,player,Avg,Total Distance (feet),# of Attempts,Relative to par
1,Ben Martin,"18' 3""",18.250,1,-1
2,Stewart Cink,"41' 7""",41.583,1,-1
3,Daniel Summerhays,"43' 9""",43.750,1,E
4,Jason Dufner,"44' 10""",44.833,1,E
5,Luke Donald,"53' 4""",53.333,1,E
6,Zach Johnson,"56' 0""",56.000,1,-1
7,Webb Simpson,"56' 10""",56.833,1,E
8,Shawn Stefani,"60' 8""",60.667,1,E
9,James Hahn,"62' 6""",62.500,1,E
10,Spencer Levin,"67' 10""",67.833,1,E
11,Morgan Hoffmann,"82' 4""",82.333,1,E
12,Padraig Harrington,"84' 3""",84.250,1,+1
13,Steve Wheatcroft,"88' 9""",177.500,2,+1
14,John Huh,"91' 6""",182.917,2,-1
14,S.Y. Noh,"91' 6""",91.500,1,-1
16,Graham DeLaet,"96' 9""",96.750,1,E
17,Vijay Singh,"97' 7""",97.583,1,E
18,Chez Reavie,"99' 10""",99.833,1,E
19,Tim Wilkinson,"104' 8""",104.667,1,E
20,Yusaku Miyazato,"108' 11""",217.833,2,+1
21,Robert Garrigus,"115' 0""",115.000,1,E
22,Harold Varner III,"147' 4""",147.333,1,-1
