rank,player,Avg,Total Distance (feet),# of Attempts,Relative to par
1,Ben Martin,"1' 8""",1.667,1,E
2,Brandt Snedeker,"5' 7""",5.583,1,-1
3,Kevin Na,"6' 1""",12.167,2,-1
4,Fabián Gómez,"6' 6""",13.000,2,-1
5,Jason Gore,"7' 3""",7.250,1,-1
5,Adam Hadwin,"7' 3""",7.250,1,E
7,Ricky Barnes,"8' 4""",8.333,1,E
8,Jamie Lovemark,"9' 0""",9.000,1,-1
8,Kyle Reifers,"9' 0""",17.917,2,E
10,Scott Piercy,"10' 3""",10.250,1,E
11,Michael Thompson,"12' 3""",12.250,1,E
12,Emiliano Grillo,"12' 9""",25.500,2,-1
13,Tony Finau,"13' 5""",40.167,3,-1
14,Stewart Cink,"13' 9""",13.750,1,E
15,Ryan Palmer,"13' 11""",27.833,2,+2
15,Chez Reavie,"13' 11""",13.917,1,E
17,Chad Campbell,"16' 3""",16.250,1,E
18,Tim Wilkinson,"16' 6""",32.917,2,E
19,Si Woo Kim,"16' 10""",16.833,1,E
20,Shane Bertsch,"16' 11""",16.917,1,E
20,Brendon de Jonge,"16' 11""",16.917,1,E
22,Hideto Tanihara,"17' 0""",17.000,1,+1
23,Fred Funk,"17' 3""",34.500,2,+2
24,Harold Varner III,"17' 4""",17.333,1,E
25,Danny Lee,"17' 5""",52.333,3,-2
26,Adam Scott,"18' 2""",18.167,1,E
27,Charles Howell III,"18' 4""",18.333,1,E
28,Matt Kuchar,"18' 6""",37.000,2,+1
29,Spencer Levin,"18' 7""",37.083,2,-1
30,Francesco Molinari,"19' 9""",19.750,1,+1
31,Nick Taylor,"20' 11""",20.917,1,E
32,Padraig Harrington,"22' 0""",22.000,1,-1
33,Marc Leishman,"22' 3""",22.250,1,+1
34,S.Y. Noh,"27' 8""",27.667,1,+1
35,Lucas Glover,"29' 3""",29.250,1,+1
36,Morgan Hoffmann,"30' 11""",61.833,2,+1
37,Webb Simpson,"32' 10""",32.833,1,+1
38,Hudson Swafford,"33' 0""",33.000,1,E
39,Nick Mason,"39' 3""",117.667,3,+3
40,Sean O'Hair,"46' 6""",46.500,1,+1
41,K.J. Choi,"64' 2""",64.167,1,+2
