rank,player,Avg,Total Distance (feet),# of Attempts,Relative to par
1,Jason Dufner,"4' 10""",4.833,1,E
2,Chez Reavie,"10' 6""",10.500,1,E
3,Morgan Hoffmann,"14' 8""",14.667,1,E
4,Fred Funk,"22' 6""",22.500,1,-1
5,Webb Simpson,"28' 4""",56.667,2,-2
6,Daniel Berger,"30' 9""",30.750,1,-1
7,Jamie Lovemark,"34' 8""",69.333,2,-2
8,Sean O'Hair,"40' 7""",81.167,2,-2
9,Brian Harman,"43' 2""",43.167,1,E
10,Ben Martin,"45' 2""",45.167,1,-1
11,David Lingmerth,"46' 10""",46.833,1,-1
12,Padraig Harrington,"48' 7""",48.583,1,E
13,Jerry Kelly,"49' 11""",49.917,1,E
14,Thomas Aiken,"51' 9""",103.500,2,-1
15,John Senden,"52' 7""",52.583,1,-1
16,Ricky Barnes,"59' 9""",119.417,2,-1
17,Charles Howell III,"59' 10""",59.833,1,-1
18,Nick Taylor,"62' 8""",62.667,1,+1
19,Luke Donald,"63' 1""",63.083,1,+1
20,Emiliano Grillo,"63' 9""",63.750,1,E
21,J.J. Henry,"64' 7""",64.583,1,E
22,Jeff Overton,"65' 11""",131.833,2,-1
23,Steve Stricker,"67' 10""",203.417,3,+1
24,James Hahn,"71' 11""",143.750,2,+1
25,Mark Hubbard,"72' 0""",144.000,2,E
26,Graham DeLaet,"74' 3""",74.250,1,+1
27,Vijay Singh,"74' 8""",149.250,2,-1
28,Tyrone Van Aswegen,"75' 0""",299.833,4,+2
29,Adam Hadwin,"75' 11""",75.917,1,E
30,Tony Finau,"77' 10""",233.583,3,-2
31,Shane Bertsch,"78' 5""",78.417,1,-1
32,Kevin Na,"81' 4""",162.667,2,+1
33,Hideto Tanihara,"84' 4""",168.583,2,E
34,Yusaku Miyazato,"85' 0""",85.000,1,+1
35,Brandt Snedeker,"85' 10""",171.583,2,E
36,Robert Garrigus,"97' 2""",97.167,1,-1
37,K.J. Choi,"106' 4""",106.333,1,E
38,Zach Johnson,"106' 9""",320.167,3,+1
39,Brendon de Jonge,"107' 5""",107.417,1,-1
40,Tim Clark,"110' 1""",110.083,1,E
41,Adam Scott,"110' 3""",110.250,1,-1
42,Daisuke Kataoka,"110' 6""",110.500,1,E
43,Francesco Molinari,"113' 7""",227.083,2,-2
44,Marc Leishman,"114' 11""",114.917,1,+1
45,Ryan Palmer,"117' 2""",117.167,1,-1
46,Danny Lee,"119' 9""",119.750,1,+1
47,Kyle Stanley,"126' 5""",126.417,1,E
48,Harold Varner III,"156' 6""",156.500,1,-1
