rank,player,Avg,Total Distance (feet),# of Attempts,Relative to par
1,Morgan Hoffmann,"24' 11""",49.750,2,E
2,Nick Mason,"26' 6""",26.500,1,+1
3,Webb Simpson,"27' 3""",27.250,1,+1
4,Matt Kuchar,"27' 5""",54.833,2,-2
5,Tony Finau,"27' 6""",82.417,3,-1
6,Luke Donald,"35' 7""",35.583,1,E
7,Mark Hubbard,"36' 4""",108.917,3,-2
8,Robert Garrigus,"38' 2""",114.500,3,-1
9,Kevin Na,"38' 11""",77.750,2,E
10,Hideto Tanihara,"42' 4""",84.583,2,+1
11,Chad Campbell,"44' 0""",131.917,3,+1
11,Danny Lee,"44' 0""",44.000,1,E
13,Shane Bertsch,"44' 2""",44.167,1,E
14,Jimmy Walker,"44' 8""",44.667,1,-1
15,Graham DeLaet,"46' 11""",93.750,2,+1
16,Jamie Lovemark,"48' 8""",145.917,3,-2
17,Jerry Kelly,"49' 8""",248.333,5,-2
18,Jeff Overton,"50' 0""",150.083,3,+4
19,Tim Wilkinson,"50' 5""",100.833,2,E
20,Brian Harman,"52' 1""",104.167,2,-2
21,Brendon de Jonge,"52' 3""",156.833,3,+1
22,Adam Scott,"52' 4""",157.083,3,-1
23,Steve Stricker,"54' 8""",218.583,4,-1
24,Michael Thompson,"54' 10""",109.667,2,+1
25,Ricky Barnes,"55' 6""",110.917,2,E
26,Jason Dufner,"56' 8""",113.333,2,E
27,Zach Johnson,"58' 7""",234.250,4,-2
28,J.J. Henry,"58' 8""",352.000,6,E
29,Charles Howell III,"59' 2""",295.667,5,-1
30,Spencer Levin,"59' 7""",178.667,3,+2
31,Lucas Glover,"60' 1""",240.250,4,E
32,Daisuke Kataoka,"60' 8""",182.083,3,E
33,Ben Martin,"61' 5""",368.333,6,+4
34,Shawn Stefani,"62' 3""",186.750,3,+1
35,Si Woo Kim,"62' 8""",187.917,3,E
36,Yusaku Miyazato,"62' 11""",125.750,2,E
37,Ryan Palmer,"63' 8""",191.000,3,+2
38,Adam Hadwin,"64' 4""",257.250,4,E
39,Daniel Summerhays,"64' 6""",193.500,3,E
40,Padraig Harrington,"66' 8""",333.500,5,+1
41,Steve Wheatcroft,"68' 6""",137.000,2,-1
42,Fred Funk,"69' 6""",208.500,3,E
43,Vijay Singh,"70' 3""",210.667,3,+1
44,Kevin Kisner,"70' 7""",141.083,2,-1
45,K.J. Choi,"71' 3""",142.500,2,+1
46,Harold Varner III,"71' 8""",215.000,3,-1
47,Fabián Gómez,"73' 9""",73.750,1,E
48,Tyrone Van Aswegen,"76' 6""",382.583,5,+2
49,William McGirt,"78' 2""",156.333,2,E
50,David Lingmerth,"80' 5""",321.667,4,+1
51,John Huh,"81' 10""",163.583,2,-1
52,Daniel Berger,"82' 7""",82.583,1,+1
53,John Senden,"83' 9""",83.750,1,E
54,Francesco Molinari,"85' 1""",255.167,3,-1
55,Kyle Stanley,"85' 3""",255.833,3,+1
56,James Hahn,"85' 6""",171.000,2,E
57,Greg Owen,"86' 6""",173.000,2,+1
58,Gary Woodland,"86' 10""",347.417,4,-1
59,S.Y. Noh,"86' 11""",260.667,3,E
60,Thomas Aiken,"89' 5""",268.167,3,E
61,Scott Piercy,"94' 9""",284.250,3,+1
62,Brandt Snedeker,"97' 3""",389.000,4,-2
63,Kyle Reifers,"107' 3""",107.250,1,+1
64,Harris English,"109' 4""",218.667,2,+1
65,Zac Blair,"117' 0""",117.000,1,+1
