rank,player,Avg,Total Distance (feet),# of Attempts,Relative to par
1,Brian Harman,"6' 2""",6.167,1,E
2,Brandt Snedeker,"10' 2""",20.250,2,-1
3,Scott Piercy,"10' 3""",10.250,1,E
4,Fabián Gómez,"10' 7""",42.250,4,+1
5,Zach Johnson,"10' 11""",10.917,1,E
6,Jason Gore,"11' 5""",22.833,2,E
7,Steve Wheatcroft,"11' 11""",11.917,1,E
8,Mark Hubbard,"12' 2""",12.167,1,+1
9,Emiliano Grillo,"12' 9""",25.500,2,-1
10,Robert Garrigus,"13' 6""",26.917,2,E
11,Kevin Na,"13' 8""",41.000,3,-1
12,Stewart Cink,"13' 9""",13.750,1,E
13,Ryan Palmer,"13' 11""",27.833,2,+2
14,J.J. Henry,"14' 0""",14.000,1,E
15,Padraig Harrington,"16' 2""",48.583,3,E
16,Chad Campbell,"16' 3""",16.250,1,E
17,William McGirt,"16' 4""",48.917,3,+1
18,Vijay Singh,"16' 5""",32.750,2,+1
19,Si Woo Kim,"16' 10""",16.833,1,E
20,Hideto Tanihara,"17' 0""",17.000,1,+1
21,Francesco Molinari,"17' 3""",34.417,2,+1
22,Greg Owen,"17' 7""",35.083,2,E
23,Tony Finau,"18' 1""",72.250,4,-1
24,Spencer Levin,"18' 7""",37.083,2,-1
25,Kyle Reifers,"18' 8""",56.083,3,E
26,Daisuke Kataoka,"19' 1""",19.083,1,E
27,Brendon de Jonge,"19' 8""",39.333,2,E
28,Tim Wilkinson,"19' 9""",98.583,5,+2
29,Fred Funk,"19' 11""",59.667,3,+2
30,Shane Bertsch,"21' 6""",64.500,3,+1
31,Charles Howell III,"22' 7""",90.333,4,E
32,Adam Hadwin,"22' 8""",90.750,4,-1
33,Marc Leishman,"22' 11""",45.750,2,+1
33,S.Y. Noh,"22' 11""",91.667,4,-1
35,Matt Kuchar,"23' 3""",69.833,3,+1
36,Adam Scott,"23' 4""",93.167,4,+1
37,Webb Simpson,"23' 11""",47.833,2,+1
38,Lucas Glover,"24' 1""",48.167,2,+1
39,Nick Taylor,"24' 4""",72.917,3,E
40,Ben Martin,"25' 8""",77.083,3,E
41,Harold Varner III,"26' 5""",52.750,2,E
42,Morgan Hoffmann,"26' 10""",134.000,5,+1
43,Harris English,"27' 4""",81.917,3,+1
44,Michael Thompson,"27' 5""",137.167,5,E
45,Jamie Lovemark,"28' 0""",111.833,4,-1
46,Tim Clark,"28' 3""",28.250,1,E
47,Thomas Aiken,"28' 6""",56.917,2,E
48,Chez Reavie,"29' 3""",58.417,2,+1
49,Danny Lee,"29' 8""",118.500,4,-2
50,Luke Donald,"29' 10""",89.583,3,E
51,Daniel Berger,"29' 11""",59.833,2,E
52,Jeff Overton,"31' 2""",62.333,2,+1
53,Hudson Swafford,"33' 0""",33.000,1,E
54,Ricky Barnes,"33' 1""",132.417,4,+1
55,Steve Stricker,"34' 3""",34.250,1,+1
56,Tyrone Van Aswegen,"35' 5""",70.750,2,E
57,David Lingmerth,"36' 2""",144.583,4,+1
58,Kyle Stanley,"38' 4""",38.333,1,E
59,Sean O'Hair,"39' 2""",195.917,5,+4
60,Nick Mason,"39' 3""",117.667,3,+3
61,Shawn Stefani,"53' 2""",106.333,2,E
62,Gary Woodland,"53' 10""",53.833,1,E
63,K.J. Choi,"54' 0""",108.000,2,+1
64,John Huh,"68' 5""",136.750,2,+1
