rank,player,Avg,Total Distance (feet),# of Attempts,Relative to par
1,Nick Mason,"26' 6""",26.500,1,+1
2,Matt Kuchar,"27' 5""",54.833,2,-2
3,Webb Simpson,"35' 2""",140.750,4,-1
4,Morgan Hoffmann,"36' 8""",146.750,4,E
5,Sean O'Hair,"40' 7""",81.167,2,-2
6,Jason Dufner,"40' 9""",163.000,4,E
7,Stewart Cink,"41' 7""",41.583,1,-1
8,Jamie Lovemark,"43' 1""",215.250,5,-4
9,Chad Campbell,"44' 0""",131.917,3,+1
10,Jimmy Walker,"44' 8""",44.667,1,-1
11,Brian Harman,"49' 1""",147.333,3,-2
12,Mark Hubbard,"50' 7""",252.917,5,-2
13,Luke Donald,"50' 8""",152.000,3,+1
14,Tony Finau,"52' 8""",316.000,6,-3
15,Ben Martin,"54' 0""",431.750,8,+2
16,Michael Thompson,"54' 10""",109.667,2,+1
17,Chez Reavie,"55' 2""",110.333,2,E
18,Jeff Overton,"56' 5""",281.917,5,+3
19,Daniel Berger,"56' 8""",113.333,2,E
20,Ricky Barnes,"57' 7""",230.333,4,-1
21,Fred Funk,"57' 9""",231.000,4,-1
22,Charles Howell III,"59' 3""",355.500,6,-2
22,Jerry Kelly,"59' 3""",414.583,7,-3
24,Daniel Summerhays,"59' 4""",237.250,4,E
25,J.J. Henry,"59' 6""",416.583,7,E
26,Lucas Glover,"60' 1""",240.250,4,E
26,Kevin Na,"60' 1""",240.417,4,+1
28,Steve Stricker,"60' 3""",422.000,7,E
29,Shane Bertsch,"61' 4""",122.583,2,-1
30,Spencer Levin,"61' 8""",246.500,4,+2
31,Shawn Stefani,"61' 10""",247.417,4,+1
32,Si Woo Kim,"62' 8""",187.917,3,E
32,Nick Taylor,"62' 8""",62.667,1,+1
34,Hideto Tanihara,"63' 4""",253.167,4,+1
35,Emiliano Grillo,"63' 9""",63.750,1,E
36,Robert Garrigus,"65' 4""",326.667,5,-2
37,Brendon de Jonge,"66' 1""",264.250,4,E
38,Graham DeLaet,"66' 2""",264.750,4,+2
39,Padraig Harrington,"66' 7""",466.333,7,+2
40,Adam Hadwin,"66' 8""",333.167,5,E
41,Adam Scott,"66' 10""",267.333,4,-2
42,John Senden,"68' 2""",136.333,2,-1
43,Tim Wilkinson,"68' 6""",205.500,3,E
44,James Hahn,"68' 7""",411.583,6,E
45,Kevin Kisner,"70' 7""",141.083,2,-1
46,Daisuke Kataoka,"73' 2""",292.583,4,E
47,David Lingmerth,"73' 8""",368.500,5,E
48,Fabián Gómez,"73' 9""",73.750,1,E
49,Thomas Aiken,"74' 4""",371.667,5,-1
50,Tyrone Van Aswegen,"75' 10""",682.417,9,+4
51,Vijay Singh,"76' 3""",457.500,6,E
52,Zach Johnson,"76' 4""",610.417,8,-2
53,Ryan Palmer,"77' 1""",308.167,4,+1
54,William McGirt,"78' 2""",156.333,2,E
55,Steve Wheatcroft,"78' 8""",314.500,4,E
56,Danny Lee,"81' 11""",163.750,2,+1
57,K.J. Choi,"82' 11""",248.833,3,+1
58,Hudson Swafford,"83' 10""",83.833,1,-1
59,Yusaku Miyazato,"85' 9""",428.583,5,+2
60,Greg Owen,"86' 6""",173.000,2,+1
61,John Huh,"86' 8""",346.500,4,-2
62,Gary Woodland,"86' 10""",347.417,4,-1
63,S.Y. Noh,"88' 1""",352.167,4,-1
64,Brandt Snedeker,"93' 5""",560.583,6,-2
65,Scott Piercy,"94' 9""",284.250,3,+1
66,Kyle Stanley,"95' 7""",382.250,4,+1
67,Francesco Molinari,"96' 5""",482.250,5,-3
68,Harold Varner III,"103' 9""",518.833,5,-3
69,Kyle Reifers,"107' 3""",107.250,1,+1
70,Harris English,"109' 4""",218.667,2,+1
71,Tim Clark,"110' 1""",110.083,1,E
72,Marc Leishman,"114' 11""",114.917,1,+1
73,Zac Blair,"117' 0""",117.000,1,+1
