rank,player,Avg,Total Distance (feet),# of Attempts,Relative to par
1,Fabián Gómez,"6' 6""",13.000,2,-1
2,Brian Harman,"6' 7""",6.583,1,-1
3,Michael Thompson,"7' 2""",14.333,2,E
4,Daniel Berger,"10' 2""",10.167,1,E
5,Scott Piercy,"10' 3""",10.250,1,E
6,Jason Gore,"11' 5""",22.833,2,E
7,Ryan Palmer,"11' 7""",34.833,3,+1
7,Brandt Snedeker,"11' 7""",34.667,3,-2
9,Steve Wheatcroft,"11' 11""",11.917,1,E
10,Mark Hubbard,"12' 2""",12.167,1,+1
11,Emiliano Grillo,"12' 9""",25.500,2,-1
12,Tony Finau,"13' 5""",40.167,3,-1
13,Robert Garrigus,"13' 6""",26.917,2,E
13,Adam Hadwin,"13' 6""",40.583,3,-1
15,Kevin Na,"13' 8""",41.000,3,-1
16,Stewart Cink,"13' 9""",13.750,1,E
17,J.J. Henry,"14' 0""",14.000,1,E
18,Jamie Lovemark,"15' 0""",45.000,3,-2
19,Padraig Harrington,"16' 2""",48.583,3,E
20,Marc Leishman,"16' 8""",66.583,4,E
21,Shane Bertsch,"16' 11""",16.917,1,E
22,Hideto Tanihara,"17' 0""",17.000,1,+1
23,Harold Varner III,"17' 4""",17.333,1,E
24,Tim Wilkinson,"17' 6""",69.917,4,E
25,Greg Owen,"17' 7""",35.083,2,E
26,Vijay Singh,"17' 9""",17.750,1,+1
26,Steve Stricker,"17' 9""",53.167,3,+2
28,Ben Martin,"17' 10""",35.667,2,E
29,Adam Scott,"18' 2""",18.167,1,E
30,Charles Howell III,"18' 4""",18.333,1,E
31,Spencer Levin,"18' 7""",37.083,2,-1
32,Daisuke Kataoka,"19' 1""",19.083,1,E
33,Matt Kuchar,"19' 7""",58.750,3,E
34,Brendon de Jonge,"19' 8""",39.333,2,E
35,Francesco Molinari,"19' 9""",19.750,1,+1
36,Fred Funk,"19' 11""",59.667,3,+2
37,Chad Campbell,"22' 1""",44.083,2,E
38,Kyle Reifers,"22' 9""",91.083,4,+2
39,S.Y. Noh,"22' 11""",91.667,4,-1
39,Nick Taylor,"22' 11""",91.583,4,-1
41,David Lingmerth,"23' 7""",47.167,2,-1
42,Danny Lee,"23' 9""",95.000,4,-2
43,Webb Simpson,"23' 11""",47.833,2,+1
44,William McGirt,"24' 8""",24.667,1,E
45,Si Woo Kim,"25' 0""",49.917,2,E
46,Sean O'Hair,"25' 4""",101.167,4,+3
47,Harris English,"25' 9""",51.417,2,E
48,Luke Donald,"25' 11""",103.583,4,E
49,Tim Clark,"28' 3""",28.250,1,E
50,Lucas Glover,"29' 3""",29.250,1,+1
50,Chez Reavie,"29' 3""",58.417,2,+1
52,Shawn Stefani,"29' 6""",59.000,2,E
53,Yusaku Miyazato,"30' 6""",30.500,1,E
54,Ricky Barnes,"30' 8""",91.917,3,E
55,Kevin Kisner,"32' 7""",32.583,1,+1
56,Hudson Swafford,"33' 0""",33.000,1,E
57,Morgan Hoffmann,"33' 6""",100.500,3,+2
58,Kyle Stanley,"38' 4""",38.333,1,E
59,Tyrone Van Aswegen,"38' 9""",38.750,1,E
60,Nick Mason,"39' 3""",117.667,3,+3
61,Jeff Overton,"47' 11""",47.917,1,+1
62,Gary Woodland,"53' 10""",53.833,1,E
63,John Huh,"62' 11""",125.833,2,E
64,K.J. Choi,"64' 2""",64.167,1,+2
