rank,player,Avg,Total Putts,Total Rounds,Low Total Putts
1,Matt Fitzpatrick,28.50,114,4,26
1,Tom Hoge,28.50,114,4,25
1,Jon Rahm,28.50,114,4,26
1,Jordan Spieth,28.50,114,4,27
5,Max Homa,28.75,115,4,26
5,Hideki Matsuyama,28.75,115,4,27
7,Brian Harman,29.00,116,4,28
7,Viktor Hovland,29.00,116,4,28
7,Luke List,29.00,116,4,25
7,Collin Morikawa,29.00,116,4,27
11,Patrick Cantlay,29.25,117,4,28
11,Tony Finau,29.25,117,4,28
11,Trey Mullinax,29.25,117,4,26
11,Seamus Power,29.25,117,4,27
15,Mackenzie Hughes,29.50,118,4,27
15,Scottie Scheffler,29.50,118,4,27
15,Justin Thomas,29.50,118,4,28
15,Cameron Young,29.50,118,4,28
19,Tom Kim,29.75,119,4,28
19,Scott Stallings,29.75,119,4,28
19,Will Zalatoris,29.75,119,4,28
22,Billy Horschel,30.00,120,4,27
22,J.T. Poston,30.00,120,4,26
22,Aaron Wise,30.00,120,4,29
25,Sam Burns,30.25,121,4,27
25,Sungjae Im,30.25,121,4,26
25,K.H. Lee,30.25,121,4,30
25,Chad Ramey,30.25,121,4,26
25,J.J. Spaun,30.25,121,4,27
25,Sepp Straka,30.25,121,4,29
31,Adam Scott,30.50,122,4,29
32,Corey Conners,30.75,123,4,29
33,Sahith Theegala,31.00,124,4,29
34,Keegan Bradley,31.50,126,4,30
34,Russell Henley,31.50,126,4,30
36,Ryan Brehm,31.75,127,4,29
37,Chez Reavie,32.50,130,4,31
38,Adam Svensson,33.25,133,4,31
