rank,player,%,Total 3 Putts,Total Holes (overall)
1,Sam Burns,.00%,0,72
1,Tony Finau,.00%,0,72
1,Brian Harman,.00%,0,72
1,Tom Hoge,.00%,0,72
1,Max Homa,.00%,0,72
1,Mackenzie Hughes,.00%,0,72
1,K.H. Lee,.00%,0,72
8,Billy Horschel,1.39%,1,72
8,Tom Kim,1.39%,1,72
8,Hideki Matsuyama,1.39%,1,72
8,Collin Morikawa,1.39%,1,72
8,Seamus Power,1.39%,1,72
8,Jon Rahm,1.39%,1,72
8,Scottie Scheffler,1.39%,1,72
8,Adam Scott,1.39%,1,72
8,Scott Stallings,1.39%,1,72
8,Sepp Straka,1.39%,1,72
8,Will Zalatoris,1.39%,1,72
19,Ryan Brehm,2.78%,2,72
19,Patrick Cantlay,2.78%,2,72
19,Matt Fitzpatrick,2.78%,2,72
19,Viktor Hovland,2.78%,2,72
19,Sungjae Im,2.78%,2,72
19,Luke List,2.78%,2,72
19,Trey Mullinax,2.78%,2,72
19,J.J. Spaun,2.78%,2,72
19,Jordan Spieth,2.78%,2,72
19,Aaron Wise,2.78%,2,72
29,Corey Conners,4.17%,3,72
29,J.T. Poston,4.17%,3,72
29,Sahith Theegala,4.17%,3,72
29,Cameron Young,4.17%,3,72
33,Keegan Bradley,5.56%,4,72
33,Russell Henley,5.56%,4,72
33,Chad Ramey,5.56%,4,72
33,Chez Reavie,5.56%,4,72
33,Justin Thomas,5.56%,4,72
38,Adam Svensson,6.94%,5,72
