rank,player,%,Total Missed,Total Fwys,Relative to par
1,Stephen Ames,.00,0,60,E
1,Michael Bradley,.00,0,57,E
1,Stewart Cink,.00,0,60,E
1,Brian Gay,.00,0,60,E
1,Retief Goosen,.00,0,60,E
1,Nathan Green,.00,0,60,E
1,Zach Johnson,.00,0,60,E
1,Jerry Kelly,.00,0,60,E
1,Matt Kuchar,.00,0,60,E
1,Ryan Moore,.00,0,60,E
1,Pat Perez,.00,0,60,E
1,Heath Slocum,.00,0,60,E
1,Steve Stricker,.00,0,60,E
1,Bo Van Pelt,.00,0,59,E
15,Paul Casey,1.67,1,60,+1.00
15,Troy Matteson,1.67,1,60,E
15,Sean O'Hair,1.67,1,60,E
15,Geoff Ogilvy,1.67,1,60,+1.00
15,Kenny Perry,1.67,1,60,-1.00
15,Mark Wilson,1.67,1,60,E
21,Ángel Cabrera,1.69,1,59,-1.00
21,Dustin Johnson,1.69,1,59,-1.00
21,Martin Laird,1.69,1,59,-1.00
24,Rory Sabbatini,3.33,2,60,E
24,Nick Watney,3.33,2,60,E
26,Lucas Glover,3.39,2,59,E
27,Y.E. Yang,5.00,3,60,-0.33
28,John Rollins,6.67,4,60,+0.25
