rank,player,%,Fairways Hit,Possible Fairways,Relative to Par
1,Brian Gay,83.33,50,60,-0.14
2,Stephen Ames,81.67,49,60,-0.20
2,Matt Kuchar,81.67,49,60,-0.31
2,Ryan Moore,81.67,49,60,-0.29
5,Pat Perez,78.33,47,60,-0.23
5,Mark Wilson,78.33,47,60,-0.13
7,Zach Johnson,76.67,46,60,-0.26
7,Steve Stricker,76.67,46,60,-0.28
9,Bo Van Pelt,76.27,45,59,-0.18
10,Kenny Perry,75.00,45,60,-0.29
10,John Rollins,75.00,45,60,-0.31
12,Retief Goosen,73.33,44,60,-0.34
12,Nathan Green,73.33,44,60,-0.09
12,Heath Slocum,73.33,44,60,-0.14
12,Y.E. Yang,73.33,44,60,-0.23
16,Michael Bradley,71.93,41,57,-0.10
17,Geoff Ogilvy,71.67,43,60,-0.44
17,Rory Sabbatini,71.67,43,60,-0.37
19,Lucas Glover,71.19,42,59,-0.26
20,Stewart Cink,70.00,42,60,-0.36
20,Jerry Kelly,70.00,42,60,-0.19
22,Troy Matteson,68.33,41,60,-0.12
23,Sean O'Hair,65.00,39,60,-0.31
24,Martin Laird,64.41,38,59,-0.29
25,Nick Watney,61.67,37,60,-0.22
26,Paul Casey,60.00,36,60,-0.42
27,Ángel Cabrera,59.32,35,59,-0.26
28,Dustin Johnson,57.63,34,59,-0.26
