rank,player,%,Total Fairway Bunkers,Possible Fwys,Relative to par
1,Stephen Ames,.0,0,60,E
1,Michael Bradley,.0,0,57,E
1,Ángel Cabrera,.0,0,59,E
1,Brian Gay,.0,0,60,E
1,Lucas Glover,.0,0,59,E
1,Retief Goosen,.0,0,60,E
1,Nathan Green,.0,0,60,E
1,Dustin Johnson,.0,0,59,E
1,Jerry Kelly,.0,0,60,E
1,Matt Kuchar,.0,0,60,E
1,Troy Matteson,.0,0,60,E
1,Pat Perez,.0,0,60,E
1,Kenny Perry,.0,0,60,E
1,Rory Sabbatini,.0,0,60,E
1,Nick Watney,.0,0,60,E
16,Sean O'Hair,1.7,1,60,E
16,Geoff Ogilvy,1.7,1,60,+1.000
16,John Rollins,1.7,1,60,+1.000
16,Steve Stricker,1.7,1,60,E
16,Y.E. Yang,1.7,1,60,E
21,Stewart Cink,3.3,2,60,+0.500
21,Zach Johnson,3.3,2,60,E
21,Ryan Moore,3.3,2,60,E
21,Heath Slocum,3.3,2,60,+1.000
21,Mark Wilson,3.3,2,60,+0.500
26,Martin Laird,3.4,2,59,+0.500
27,Bo Van Pelt,5.1,3,59,+0.333
28,Paul Casey,6.7,4,60,+0.750
