rank,player,RTP Score
1,Rory Sabbatini,-.700
2,Paul Casey,-.500
2,Brian Gay,-.500
4,Retief Goosen,-.444
4,Y.E. Yang,-.444
6,John Rollins,-.375
7,Stephen Ames,-.333
7,Jerry Kelly,-.333
9,Dustin Johnson,-.313
10,Sean O'Hair,-.300
11,Michael Bradley,-.250
11,Kenny Perry,-.250
11,Steve Stricker,-.250
11,Nick Watney,-.250
15,Ángel Cabrera,-.231
16,Geoff Ogilvy,-.222
17,Zach Johnson,-.200
17,Martin Laird,-.200
19,Stewart Cink,-.167
19,Matt Kuchar,-.167
19,Bo Van Pelt,-.167
22,Lucas Glover,-.111
23,Troy Matteson,-.100
24,Nathan Green,E
24,Ryan Moore,E
26,Pat Perez,+.143
27,Heath Slocum,+.250
28,Mark Wilson,+.333
