rank,player,RTP Score
1,Lucas Glover,-.667
2,Martin Laird,-.625
3,Matt Kuchar,-.600
4,Sean O'Hair,-.556
5,Pat Perez,-.500
5,John Rollins,-.500
7,Stewart Cink,-.400
8,Nick Watney,-.333
9,Stephen Ames,-.250
9,Nathan Green,-.250
9,Troy Matteson,-.250
9,Mark Wilson,-.250
13,Rory Sabbatini,-.200
14,Brian Gay,-.167
14,Heath Slocum,-.167
16,Paul Casey,-.154
17,Ángel Cabrera,-.100
18,Zach Johnson,E
18,Ryan Moore,E
18,Geoff Ogilvy,E
18,Steve Stricker,E
22,Michael Bradley,+.083
22,Jerry Kelly,+.083
24,Dustin Johnson,+.125
25,Retief Goosen,+.286
26,Kenny Perry,+.333
26,Y.E. Yang,+.333
28,Bo Van Pelt,+.400
