rank,player,%,Total Left rough,Possible Fwys,Relative to par
1,Zach Johnson,3.33,2,60,E
1,John Rollins,3.33,2,60,-0.50
3,Y.E. Yang,5.00,3,60,+0.33
4,Mark Wilson,6.67,4,60,-0.25
5,Matt Kuchar,8.33,5,60,-0.60
5,Rory Sabbatini,8.33,5,60,-0.20
7,Bo Van Pelt,8.47,5,59,+0.40
8,Brian Gay,10.00,6,60,-0.17
8,Ryan Moore,10.00,6,60,E
8,Geoff Ogilvy,10.00,6,60,E
8,Pat Perez,10.00,6,60,-0.50
8,Kenny Perry,10.00,6,60,+0.33
8,Heath Slocum,10.00,6,60,-0.17
14,Lucas Glover,10.17,6,59,-0.67
15,Retief Goosen,11.67,7,60,+0.29
16,Stephen Ames,13.33,8,60,-0.25
16,Nathan Green,13.33,8,60,-0.25
16,Troy Matteson,13.33,8,60,-0.25
19,Dustin Johnson,13.56,8,59,+0.13
19,Martin Laird,13.56,8,59,-0.63
21,Sean O'Hair,15.00,9,60,-0.56
21,Steve Stricker,15.00,9,60,E
21,Nick Watney,15.00,9,60,-0.33
24,Stewart Cink,16.67,10,60,-0.40
25,Ángel Cabrera,16.95,10,59,-0.10
26,Jerry Kelly,20.00,12,60,+0.08
27,Michael Bradley,21.05,12,57,+0.08
28,Paul Casey,21.67,13,60,-0.15
