rank,player,Avg,Total Distance (Feet),Total Strokes
1,Nathan Green,"12' 7""",188.750,15
2,Retief Goosen,"14' 8""",190.583,13
3,Geoff Ogilvy,"15' 0""",210.417,14
4,Zach Johnson,"15' 9""",220.000,14
5,Y.E. Yang,"15' 11""",159.500,10
6,Steve Stricker,"16' 1""",209.417,13
7,Stephen Ames,"16' 8""",133.583,8
8,Pat Perez,"20' 5""",204.417,10
9,Heath Slocum,"20' 8""",268.583,13
10,Brian Gay,"21' 3""",212.417,10
11,Ángel Cabrera,"21' 4""",447.333,21
12,Jerry Kelly,"22' 1""",353.833,16
13,Ryan Moore,"22' 4""",200.917,9
14,Mark Wilson,"23' 3""",232.667,10
15,Kenny Perry,"25' 5""",304.583,12
15,Nick Watney,"25' 5""",457.583,18
17,Rory Sabbatini,"26' 1""",313.083,12
18,Paul Casey,"28' 10""",634.167,22
19,Bo Van Pelt,"29' 2""",407.917,14
20,Dustin Johnson,"29' 3""",585.500,20
21,Matt Kuchar,"31' 6""",220.417,7
22,Stewart Cink,"31' 11""",510.333,16
23,Martin Laird,"36' 9""",588.417,16
24,John Rollins,"37' 8""",414.750,11
25,Lucas Glover,"38' 3""",421.167,11
26,Sean O'Hair,"40' 0""",640.167,16
27,Troy Matteson,"41' 8""",624.667,15
28,Michael Bradley,"48' 2""",770.500,16
