rank,player,%,Number of Times,Attempts,Avg RTP Score
1,Ryan Moore,11.1,1,9,E
2,Stephen Ames,22.2,2,9,-5.00
3,Steve Stricker,23.1,3,13,E
4,Michael Bradley,25.0,4,16,-2.50
4,Stewart Cink,25.0,4,16,+2.50
6,Paul Casey,31.8,7,22,+1.43
7,Jerry Kelly,37.5,6,16,-3.33
8,Brian Gay,40.0,4,10,-5.00
8,Martin Laird,40.0,6,15,-3.33
10,Troy Matteson,46.7,7,15,E
11,Sean O'Hair,50.0,8,16,-3.75
11,Pat Perez,50.0,5,10,+4.00
11,Heath Slocum,50.0,7,14,+2.86
11,Bo Van Pelt,50.0,7,14,-2.86
11,Nick Watney,50.0,9,18,-2.22
11,Mark Wilson,50.0,5,10,+6.00
17,Nathan Green,53.3,8,15,E
17,Geoff Ogilvy,53.3,8,15,-1.25
19,Retief Goosen,53.8,7,13,-4.29
19,Kenny Perry,53.8,7,13,-1.43
21,Ángel Cabrera,55.0,11,20,-2.73
22,Lucas Glover,58.3,7,12,+2.86
22,Rory Sabbatini,58.3,7,12,-5.71
24,Dustin Johnson,61.9,13,21,-2.31
25,Zach Johnson,66.7,10,15,-2.00
26,Y.E. Yang,70.0,7,10,-4.29
27,Matt Kuchar,71.4,5,7,-2.00
28,John Rollins,72.7,8,11,-2.50
