rank,player,%,Total Rough,Possible Fwys,Relative to par
1,Ryan Moore,15.00,9,60,E
2,Brian Gay,16.67,10,60,-3.00
2,John Rollins,16.67,10,60,-4.00
2,Mark Wilson,16.67,10,60,+1.00
5,Stephen Ames,18.33,11,60,-2.73
5,Matt Kuchar,18.33,11,60,-3.64
7,Bo Van Pelt,18.64,11,59,+0.91
8,Zach Johnson,20.00,12,60,-1.67
8,Y.E. Yang,20.00,12,60,-2.50
10,Pat Perez,21.67,13,60,-1.54
10,Steve Stricker,21.67,13,60,-0.77
12,Kenny Perry,23.33,14,60,E
12,Heath Slocum,23.33,14,60,+0.71
14,Geoff Ogilvy,25.00,15,60,-1.33
14,Rory Sabbatini,25.00,15,60,-5.33
16,Lucas Glover,25.42,15,59,-3.33
17,Stewart Cink,26.67,16,60,-3.13
17,Retief Goosen,26.67,16,60,-1.25
17,Nathan Green,26.67,16,60,-1.25
20,Michael Bradley,28.07,16,57,E
21,Jerry Kelly,30.00,18,60,-0.56
21,Troy Matteson,30.00,18,60,-1.67
23,Martin Laird,30.51,18,59,-3.89
24,Paul Casey,31.67,19,60,-2.63
24,Sean O'Hair,31.67,19,60,-4.21
26,Nick Watney,35.00,21,60,-2.86
27,Ángel Cabrera,38.98,23,59,-1.74
28,Dustin Johnson,40.68,24,59,-1.67
