rank,player,%,# Hit,Total Attempts
1,Stephen Ames,98.33,59,60
1,Brian Gay,98.33,59,60
1,Matt Kuchar,98.33,59,60
1,Rory Sabbatini,98.33,59,60
5,Troy Matteson,96.67,58,60
5,Ryan Moore,96.67,58,60
5,Sean O'Hair,96.67,58,60
5,Kenny Perry,96.67,58,60
5,John Rollins,96.67,58,60
10,Lucas Glover,95.00,57,60
10,Zach Johnson,95.00,57,60
10,Martin Laird,95.00,57,60
10,Steve Stricker,95.00,57,60
10,Nick Watney,95.00,57,60
10,Y.E. Yang,95.00,57,60
16,Stewart Cink,93.33,56,60
16,Pat Perez,93.33,56,60
18,Ángel Cabrera,91.67,55,60
18,Retief Goosen,91.67,55,60
18,Geoff Ogilvy,91.67,55,60
21,Nathan Green,90.00,54,60
21,Bo Van Pelt,90.00,54,60
21,Mark Wilson,90.00,54,60
24,Jerry Kelly,88.33,53,60
24,Heath Slocum,88.33,53,60
26,Dustin Johnson,86.67,52,60
27,Michael Bradley,85.00,51,60
27,Paul Casey,85.00,51,60
