rank,player,Avg,Total Distance (feet),# of Attempts,Relative to par
1,Viktor Hovland,"9' 3""",9.250,1,-1
2,Sam Burns,"33' 7""",67.083,2,-1
2,Luke List,"33' 7""",33.583,1,-1
4,Matt Fitzpatrick,"35' 11""",35.917,1,-1
5,Adam Svensson,"36' 7""",73.167,2,E
6,Scott Stallings,"36' 11""",110.833,3,-2
7,Cameron Young,"37' 2""",37.167,1,-1
8,J.J. Spaun,"39' 5""",118.333,3,-2
9,Aaron Wise,"44' 3""",88.417,2,+1
10,Jon Rahm,"46' 11""",140.750,3,-3
11,Tom Hoge,"57' 11""",57.917,1,E
12,Sepp Straka,"62' 1""",186.250,3,E
13,Scottie Scheffler,"62' 7""",125.083,2,E
14,Justin Thomas,"66' 2""",66.167,1,-1
15,Sahith Theegala,"68' 8""",137.333,2,E
16,Collin Morikawa,"72' 10""",72.833,1,E
17,Trey Mullinax,"79' 6""",238.417,3,-1
18,Tom Kim,"81' 0""",81.000,1,-1
19,Ryan Brehm,"83' 6""",166.917,2,-1
20,Chad Ramey,"85' 8""",257.083,3,E
21,Adam Scott,"86' 7""",86.583,1,+1
22,Tony Finau,"89' 6""",178.917,2,-1
23,Patrick Cantlay,"90' 11""",181.833,2,+1
24,Jordan Spieth,"94' 4""",188.583,2,-1
25,Mackenzie Hughes,"98' 10""",296.417,3,-3
26,Hideki Matsuyama,"101' 2""",202.333,2,-1
27,Billy Horschel,"103' 1""",206.167,2,-1
28,Max Homa,"106' 1""",212.083,2,-1
29,Will Zalatoris,"122' 5""",367.167,3,-3
30,Seamus Power,"142' 9""",142.750,1,-1
