rank,player,Avg,Total Distance (feet),# of Attempts,Relative to par
1,J.T. Poston,"3' 8""",3.667,1,-1
2,Chez Reavie,"4' 11""",4.917,1,-1
3,Hideki Matsuyama,"6' 10""",6.833,1,E
4,Tom Hoge,"13' 1""",78.250,6,-2
5,K.H. Lee,"14' 3""",85.250,6,-2
5,Adam Scott,"14' 3""",114.167,8,-3
7,Viktor Hovland,"14' 8""",117.250,8,-1
8,Sepp Straka,"15' 2""",60.667,4,-1
9,Luke List,"15' 6""",46.500,3,E
10,Russell Henley,"15' 9""",62.917,4,E
11,Max Homa,"16' 8""",133.167,8,-4
11,Sungjae Im,"16' 8""",116.667,7,-1
13,Matt Fitzpatrick,"18' 8""",111.917,6,-4
14,Chad Ramey,"18' 9""",74.833,4,-1
15,Corey Conners,"21' 11""",131.250,6,+1
16,Mackenzie Hughes,"22' 1""",132.417,6,-1
17,Aaron Wise,"22' 3""",156.000,7,-2
18,Trey Mullinax,"23' 5""",164.167,7,-1
19,Collin Morikawa,"24' 7""",147.500,6,E
20,Sahith Theegala,"26' 1""",130.500,5,E
21,Will Zalatoris,"26' 2""",157.167,6,-1
22,J.J. Spaun,"26' 6""",211.667,8,+2
23,Tony Finau,"29' 4""",58.667,2,E
24,Jon Rahm,"29' 6""",206.250,7,-2
25,Patrick Cantlay,"29' 9""",208.500,7,-2
26,Cameron Young,"30' 1""",210.417,7,+4
27,Justin Thomas,"30' 11""",247.000,8,+1
28,Tom Kim,"32' 3""",225.667,7,-1
29,Jordan Spieth,"34' 3""",239.667,7,-2
30,Keegan Bradley,"36' 0""",144.000,4,+1
31,Billy Horschel,"43' 5""",217.250,5,+2
32,Ryan Brehm,"44' 0""",220.083,5,+2
33,Adam Svensson,"46' 2""",277.083,6,+2
34,Seamus Power,"47' 6""",237.333,5,+1
35,Scottie Scheffler,"48' 9""",97.417,2,E
36,Sam Burns,"53' 3""",372.833,7,+1
37,Brian Harman,"54' 10""",54.833,1,E
38,Scott Stallings,"79' 6""",158.917,2,+1
