rank,player,Avg,Total Distance (feet),# of Attempts,Relative to par
1,Luke List,"33' 7""",33.583,1,-1
2,Sam Burns,"54' 6""",54.500,1,E
3,Justin Thomas,"66' 2""",66.167,1,-1
4,J.J. Spaun,"73' 9""",73.750,1,-1
5,Jordan Spieth,"77' 11""",77.917,1,E
6,Ryan Brehm,"88' 10""",88.833,1,E
7,Max Homa,"106' 1""",212.083,2,-1
8,Mackenzie Hughes,"108' 3""",216.500,2,-1
9,Trey Mullinax,"113' 9""",113.750,1,E
10,Patrick Cantlay,"127' 8""",127.667,1,+1
11,Chad Ramey,"131' 2""",131.167,1,+1
11,Will Zalatoris,"131' 2""",262.250,2,-2
13,Billy Horschel,"182' 6""",182.500,1,-1
