rank,player,Avg,Total Distance (feet),# of Attempts,Relative to par
1,Sam Burns,"12' 7""",12.583,1,-1
2,Billy Horschel,"23' 8""",23.667,1,E
3,J.J. Spaun,"26' 7""",26.583,1,E
4,Matt Fitzpatrick,"35' 11""",35.917,1,-1
5,Sahith Theegala,"45' 5""",45.417,1,-1
6,Jon Rahm,"60' 11""",121.833,2,-1
7,Sepp Straka,"62' 1""",186.250,3,E
8,Trey Mullinax,"70' 6""",70.500,1,E
9,Mackenzie Hughes,"79' 11""",79.917,1,-2
10,Tom Kim,"81' 0""",81.000,1,-1
11,Chad Ramey,"88' 8""",88.667,1,-1
12,Will Zalatoris,"104' 11""",104.917,1,-1
13,Jordan Spieth,"110' 8""",110.667,1,-1
