rank,player,Avg,Total Distance (feet),# of Attempts,Relative to par
1,Aaron Wise,"10' 9""",21.500,2,-1
2,Mackenzie Hughes,"17' 3""",34.500,2,E
3,Keegan Bradley,"20' 7""",41.167,2,-1
4,Tony Finau,"21' 8""",65.083,3,E
4,Trey Mullinax,"21' 8""",65.000,3,E
6,Collin Morikawa,"25' 6""",127.667,5,-3
7,Sungjae Im,"27' 1""",135.417,5,E
8,Scottie Scheffler,"27' 2""",135.667,5,-2
9,Sepp Straka,"27' 6""",55.000,2,-1
10,Seamus Power,"29' 1""",87.333,3,E
11,Corey Conners,"30' 0""",150.000,5,-2
12,Luke List,"30' 1""",210.500,7,E
13,Max Homa,"31' 7""",94.833,3,-2
14,Scott Stallings,"33' 4""",133.417,4,E
15,Tom Hoge,"33' 10""",169.167,5,-2
15,Tom Kim,"33' 10""",135.167,4,+1
17,Russell Henley,"34' 2""",204.833,6,E
18,Viktor Hovland,"35' 6""",141.833,4,+3
19,Sam Burns,"35' 9""",142.917,4,-1
20,Chez Reavie,"37' 11""",75.833,2,E
21,Patrick Cantlay,"39' 4""",196.667,5,E
22,Brian Harman,"40' 1""",160.417,4,+1
23,Will Zalatoris,"40' 2""",120.583,3,-1
24,Justin Thomas,"40' 7""",243.333,6,+3
25,J.J. Spaun,"42' 0""",209.833,5,E
26,Sahith Theegala,"42' 4""",211.500,5,+1
27,Matt Fitzpatrick,"43' 1""",172.167,4,+2
28,Adam Svensson,"43' 5""",173.500,4,+1
29,Ryan Brehm,"44' 1""",220.250,5,-1
30,J.T. Poston,"48' 9""",97.417,2,E
31,Cameron Young,"49' 5""",247.000,5,+2
32,Billy Horschel,"51' 2""",255.750,5,E
33,Chad Ramey,"52' 1""",364.667,7,+1
34,Jon Rahm,"52' 11""",158.667,3,+1
35,K.H. Lee,"53' 10""",269.167,5,E
36,Hideki Matsuyama,"58' 2""",116.333,2,E
37,Jordan Spieth,"64' 3""",192.667,3,-1
38,Adam Scott,"92' 1""",368.167,4,+1
