rank,player,Avg,Total Distance (feet),# of Attempts,Relative to par
1,J.T. Poston,"3' 8""",3.667,1,-1
2,Chez Reavie,"4' 11""",4.917,1,-1
3,Hideki Matsuyama,"6' 10""",6.833,1,E
4,K.H. Lee,"13' 1""",13.083,1,E
5,Will Zalatoris,"13' 5""",53.583,4,-1
6,Adam Scott,"14' 0""",42.083,3,-2
7,Tom Hoge,"14' 5""",72.000,5,-1
8,Max Homa,"14' 9""",88.500,6,-3
9,Viktor Hovland,"15' 1""",30.083,2,+1
10,Sepp Straka,"18' 1""",36.083,2,E
11,Luke List,"20' 9""",20.750,1,E
12,Patrick Cantlay,"20' 11""",83.750,4,-1
13,Trey Mullinax,"21' 4""",85.417,4,E
14,Sungjae Im,"25' 3""",75.750,3,+2
15,Russell Henley,"25' 7""",25.583,1,E
16,Jordan Spieth,"28' 8""",114.667,4,-1
17,Tony Finau,"29' 4""",58.667,2,E
18,Aaron Wise,"29' 6""",147.583,5,-1
19,Justin Thomas,"31' 10""",127.333,4,E
20,Collin Morikawa,"31' 11""",95.750,3,E
21,Mackenzie Hughes,"32' 4""",64.583,2,E
22,Keegan Bradley,"33' 5""",33.417,1,E
23,Jon Rahm,"35' 10""",143.417,4,E
24,Matt Fitzpatrick,"37' 5""",74.833,2,-1
25,Cameron Young,"41' 1""",164.167,4,+3
26,Corey Conners,"41' 5""",41.417,1,+1
27,Tom Kim,"41' 9""",166.833,4,E
28,J.J. Spaun,"43' 0""",129.000,3,+1
29,Seamus Power,"43' 7""",87.167,2,+1
30,Adam Svensson,"46' 1""",138.250,3,+1
31,Ryan Brehm,"48' 6""",194.083,4,+1
32,Scottie Scheffler,"48' 9""",97.417,2,E
33,Sahith Theegala,"49' 11""",49.917,1,E
34,Brian Harman,"54' 10""",54.833,1,E
35,Sam Burns,"73' 3""",293.000,4,+1
36,Billy Horschel,"73' 8""",147.333,2,E
