rank,player,Avg,Total Distance (feet),# of Attempts,Relative to par
1,Aaron Wise,"4' 3""",8.417,2,-1
2,Tom Hoge,"6' 3""",6.250,1,-1
3,Matt Fitzpatrick,"9' 3""",37.083,4,-3
4,Sungjae Im,"9' 7""",47.917,5,-4
5,Chez Reavie,"11' 3""",22.417,2,-1
6,Sepp Straka,"12' 4""",24.583,2,-1
7,Russell Henley,"12' 10""",64.083,5,-1
8,Luke List,"12' 11""",25.750,2,E
9,Adam Scott,"14' 5""",72.083,5,-1
10,Viktor Hovland,"14' 6""",87.167,6,-2
11,Hideki Matsuyama,"15' 1""",30.083,2,-1
12,K.H. Lee,"16' 4""",97.833,6,-2
13,J.J. Spaun,"16' 6""",82.667,5,+1
14,Cameron Young,"16' 7""",66.333,4,E
15,Mackenzie Hughes,"17' 0""",67.833,4,-1
16,Corey Conners,"17' 2""",103.167,6,E
17,Collin Morikawa,"17' 3""",51.750,3,E
18,Chad Ramey,"18' 9""",74.833,4,-1
19,Billy Horschel,"19' 7""",78.250,4,+2
19,Tom Kim,"19' 7""",58.833,3,-1
21,Sahith Theegala,"20' 2""",80.583,4,E
22,Jon Rahm,"20' 11""",62.833,3,-2
23,Max Homa,"22' 4""",44.667,2,-1
24,Brian Harman,"25' 9""",25.750,1,E
25,Ryan Brehm,"26' 0""",26.000,1,+1
26,Trey Mullinax,"26' 3""",78.750,3,-1
27,Sam Burns,"26' 7""",79.833,3,E
28,Justin Thomas,"29' 11""",119.667,4,+1
29,Adam Svensson,"32' 0""",160.167,5,+1
30,Jordan Spieth,"35' 3""",140.917,4,-1
31,Keegan Bradley,"36' 10""",110.583,3,+1
32,Will Zalatoris,"39' 10""",119.417,3,E
33,Patrick Cantlay,"41' 7""",124.750,3,-1
34,Scott Stallings,"47' 7""",190.167,4,E
35,Seamus Power,"50' 1""",150.167,3,E
