rank,player,Avg,Total Distance (feet),# of Attempts,Relative to par
1,Sepp Straka,"19' 8""",19.667,1,E
2,Will Zalatoris,"21' 2""",21.167,1,E
3,Tom Hoge,"23' 1""",46.083,2,-1
4,Ryan Brehm,"25' 10""",51.667,2,-1
5,Corey Conners,"30' 6""",60.917,2,E
6,Billy Horschel,"34' 9""",34.750,1,E
7,Scott Stallings,"35' 4""",70.583,2,-2
8,J.T. Poston,"35' 10""",35.833,1,E
9,Keegan Bradley,"36' 0""",36.000,1,E
10,Tony Finau,"37' 0""",37.000,1,-1
11,Viktor Hovland,"39' 9""",79.417,2,E
12,Mackenzie Hughes,"42' 11""",85.750,2,+2
13,Hideki Matsuyama,"43' 6""",43.500,1,E
14,Matt Fitzpatrick,"46' 8""",93.333,2,E
15,Adam Scott,"47' 5""",142.333,3,E
16,Justin Thomas,"48' 4""",96.667,2,E
17,Jon Rahm,"50' 4""",50.333,1,-1
18,Cameron Young,"56' 10""",113.667,2,+1
19,Sam Burns,"57' 4""",114.583,2,E
20,K.H. Lee,"59' 7""",119.083,2,+1
21,Jordan Spieth,"61' 3""",122.500,2,E
22,J.J. Spaun,"67' 11""",67.917,1,E
23,Scottie Scheffler,"73' 1""",146.083,2,E
24,Tom Kim,"77' 11""",155.833,2,+2
25,Trey Mullinax,"85' 2""",170.250,2,-1
26,Seamus Power,"92' 11""",185.750,2,-1
27,Luke List,"96' 2""",96.167,1,-1
28,Patrick Cantlay,"107' 0""",107.000,1,E
