rank,player,Avg,Total Distance (feet),# of Attempts,Relative to par
1,Luke List,"16' 3""",32.417,2,-1
2,Jordan Spieth,"18' 6""",74.083,4,E
3,Sam Burns,"18' 9""",18.750,1,-1
4,Sahith Theegala,"19' 9""",19.750,1,E
5,Keegan Bradley,"23' 10""",71.583,3,E
6,Sepp Straka,"25' 11""",51.750,2,+1
7,Viktor Hovland,"26' 5""",52.750,2,E
8,Adam Scott,"26' 10""",26.833,1,E
9,Billy Horschel,"27' 0""",134.917,5,E
9,Will Zalatoris,"27' 0""",161.833,6,-2
11,Russell Henley,"27' 1""",81.167,3,+1
12,Tony Finau,"27' 5""",82.250,3,-1
13,Collin Morikawa,"27' 7""",82.833,3,E
14,Ryan Brehm,"29' 4""",117.333,4,E
15,Adam Svensson,"29' 9""",89.250,3,+1
16,Chad Ramey,"30' 5""",91.333,3,+1
17,Hideki Matsuyama,"31' 5""",188.667,6,E
18,K.H. Lee,"31' 11""",191.417,6,+1
19,Matt Fitzpatrick,"32' 2""",96.417,3,E
20,Scott Stallings,"32' 3""",96.667,3,E
21,Sungjae Im,"33' 0""",65.917,2,E
22,Jon Rahm,"34' 10""",209.167,6,+1
23,J.T. Poston,"35' 6""",70.917,2,E
24,Seamus Power,"35' 8""",249.667,7,+1
25,Chez Reavie,"35' 11""",215.417,6,+2
26,Mackenzie Hughes,"36' 5""",72.833,2,E
27,J.J. Spaun,"41' 10""",41.833,1,E
28,Tom Hoge,"42' 10""",85.583,2,E
29,Max Homa,"43' 4""",43.333,1,E
30,Corey Conners,"44' 10""",269.167,6,+2
31,Aaron Wise,"47' 0""",140.917,3,+1
32,Justin Thomas,"47' 4""",141.917,3,+2
33,Cameron Young,"49' 11""",199.583,4,E
34,Patrick Cantlay,"50' 7""",151.750,3,+1
35,Brian Harman,"55' 5""",55.417,1,E
36,Scottie Scheffler,"57' 1""",114.083,2,+1
37,Trey Mullinax,"59' 10""",179.583,3,+2
38,Tom Kim,"62' 7""",62.583,1,+1
