rank,player,Avg,Total Distance (feet),# of Attempts,Relative to par
1,Viktor Hovland,"9' 3""",9.250,1,-1
2,J.J. Spaun,"18' 0""",18.000,1,-1
3,Jon Rahm,"18' 11""",18.917,1,-2
4,Adam Svensson,"36' 7""",73.167,2,E
5,Scott Stallings,"36' 11""",110.833,3,-2
6,Cameron Young,"37' 2""",37.167,1,-1
7,Chad Ramey,"37' 3""",37.250,1,E
8,Tony Finau,"37' 11""",37.917,1,-1
9,Aaron Wise,"44' 3""",88.417,2,+1
10,Patrick Cantlay,"54' 2""",54.167,1,E
10,Trey Mullinax,"54' 2""",54.167,1,-1
12,Tom Hoge,"57' 11""",57.917,1,E
13,Scottie Scheffler,"62' 7""",125.083,2,E
14,Collin Morikawa,"72' 10""",72.833,1,E
15,Ryan Brehm,"78' 1""",78.083,1,-1
16,Hideki Matsuyama,"81' 3""",81.250,1,-1
17,Adam Scott,"86' 7""",86.583,1,+1
18,Seamus Power,"142' 9""",142.750,1,-1
