rank,player,Avg,Total Distance (feet),# of Attempts,Relative to par
1,Matt Fitzpatrick,"9' 9""",29.167,3,-2
2,Sungjae Im,"10' 4""",10.333,1,-1
3,Collin Morikawa,"11' 3""",11.250,1,E
4,Viktor Hovland,"12' 6""",37.500,3,-1
5,Russell Henley,"12' 10""",25.667,2,E
6,Luke List,"12' 11""",25.750,2,E
7,Adam Scott,"13' 10""",41.500,3,-1
8,Cameron Young,"14' 1""",14.083,1,E
9,K.H. Lee,"16' 6""",16.500,1,E
10,Max Homa,"16' 11""",16.917,1,-1
11,Sepp Straka,"17' 0""",17.000,1,E
12,Mackenzie Hughes,"17' 9""",35.417,2,E
13,J.J. Spaun,"19' 9""",39.417,2,E
14,Corey Conners,"19' 11""",59.833,3,+1
15,Billy Horschel,"21' 2""",21.167,1,E
16,Sahith Theegala,"23' 8""",71.083,3,E
17,Sam Burns,"29' 4""",58.583,2,E
18,Justin Thomas,"30' 10""",92.500,3,+1
19,Jon Rahm,"32' 2""",32.167,1,E
20,Keegan Bradley,"35' 8""",71.333,2,+1
21,Tom Kim,"41' 8""",41.667,1,E
21,Jordan Spieth,"41' 8""",125.000,3,-1
23,Trey Mullinax,"44' 9""",44.750,1,E
24,Seamus Power,"50' 1""",150.167,3,E
25,Will Zalatoris,"51' 10""",103.583,2,E
26,Patrick Cantlay,"60' 0""",60.000,1,E
27,Chad Ramey,"60' 4""",60.333,1,E
28,Adam Svensson,"88' 0""",88.000,1,+1
