rank,player,Low Rnd
1,Tyrrell Hatton,62
2,Sungjae Im,63
3,Akshay Bhatia,64
3,Matt Fitzpatrick,64
3,Kurt Kitayama,64
3,Scottie Scheffler,64
3,Brendon Todd,64
8,Eric Cole,65
8,Chris Kirk,65
8,Taylor Moore,65
8,Collin Morikawa,65
8,Xander Schauffele,65
8,Erik van Rooyen,65
8,Camilo Villegas,65
15,Patrick Cantlay,66
15,Lucas Glover,66
15,Adam Hadwin,66
15,Max Homa,66
15,Si Woo Kim,66
15,Luke List,66
15,J.T. Poston,66
15,Patrick Rodgers,66
23,Jason Day,67
23,Nico Echavarria,67
23,Brian Harman,67
23,Tom Hoge,67
23,Viktor Hovland,67
23,Jordan Spieth,67
23,Sepp Straka,67
30,Byeong Hun An,68
30,Sam Burns,68
30,Wyndham Clark,68
30,Cam Davis,68
30,Emiliano Grillo,68
30,Mackenzie Hughes,68
30,Tom Kim,68
30,Adam Svensson,68
30,Cameron Young,68
39,Ludvig Åberg,69
39,Tony Finau,69
39,Russell Henley,69
39,Justin Rose,69
39,Adam Schenk,69
39,Nick Taylor,69
39,Sahith Theegala,69
46,Keegan Bradley,70
46,Corey Conners,70
46,Tommy Fleetwood,70
46,Rickie Fowler,70
46,Denny McCarthy,70
46,Vincent Norrman,70
46,Davis Riley,70
46,Matt Wallace,70
54,Harris English,71
54,Nick Hardy,71
54,Hideki Matsuyama,71
54,Seamus Power,71
54,Andrew Putnam,71
59,Lee Hodges,72
