rank,player,Avg,Total Strokes,Total Rounds
1,Wyndham Clark,63.00,63,1
1,Sungjae Im,63.00,63,1
3,Adam Hadwin,64.00,64,1
3,Mackenzie Hughes,64.00,64,1
5,Eric Cole,65.00,65,1
5,Erik van Rooyen,65.00,65,1
5,Cameron Young,65.00,65,1
8,Max Homa,66.00,66,1
8,Si Woo Kim,66.00,66,1
8,Kurt Kitayama,66.00,66,1
8,Luke List,66.00,66,1
8,Taylor Moore,66.00,66,1
8,Patrick Rodgers,66.00,66,1
14,Corey Conners,67.00,67,1
14,Nico Echavarria,67.00,67,1
14,Lucas Glover,67.00,67,1
14,Tyrrell Hatton,67.00,67,1
14,Viktor Hovland,67.00,67,1
14,Denny McCarthy,67.00,67,1
20,Tom Hoge,68.00,68,1
20,Adam Svensson,68.00,68,1
22,Sam Burns,69.00,69,1
22,Tony Finau,69.00,69,1
22,Adam Schenk,69.00,69,1
22,Matt Wallace,69.00,69,1
26,Tommy Fleetwood,70.00,70,1
26,Nick Taylor,70.00,70,1
26,Brendon Todd,70.00,70,1
26,Camilo Villegas,70.00,70,1
30,Emiliano Grillo,71.00,71,1
