rank,player,Low Rnd
1,Wyndham Clark,63
2,Harris English,64
2,Adam Hadwin,64
2,Mackenzie Hughes,64
5,Cameron Young,65
6,Kurt Kitayama,66
7,Corey Conners,67
7,Lucas Glover,67
7,Denny McCarthy,67
10,Sam Burns,68
10,Nico Echavarria,68
10,Tom Hoge,68
10,Max Homa,68
10,Luke List,68
10,Adam Svensson,68
16,Erik van Rooyen,69
16,Matt Wallace,69
18,Tommy Fleetwood,70
18,Nick Taylor,70
18,Camilo Villegas,70
21,Emiliano Grillo,71
22,Tom Kim,74
23,Rickie Fowler,75
23,Nick Hardy,75
25,Lee Hodges,77
