rank,player,Avg,Total Strokes,Tot. Early Rds.(1st tee)
1,Akshay Bhatia,64.00,64,1
1,Matt Fitzpatrick,64.00,64,1
1,Scottie Scheffler,64.00,64,1
4,Tyrrell Hatton,64.50,129,2
4,Sungjae Im,64.50,129,2
6,Chris Kirk,65.00,65,1
6,Collin Morikawa,65.00,65,1
6,Erik van Rooyen,65.00,130,2
9,Xander Schauffele,65.50,131,2
10,Lucas Glover,66.00,66,1
11,Max Homa,66.50,133,2
11,Luke List,66.50,133,2
13,Patrick Cantlay,67.00,134,2
13,Nico Echavarria,67.00,134,2
13,Brian Harman,67.00,67,1
13,Viktor Hovland,67.00,134,2
13,Taylor Moore,67.00,201,3
13,J.T. Poston,67.00,134,2
13,Jordan Spieth,67.00,67,1
13,Sepp Straka,67.00,67,1
13,Brendon Todd,67.00,134,2
22,Kurt Kitayama,67.50,135,2
23,Byeong Hun An,68.00,68,1
23,Wyndham Clark,68.00,68,1
23,Eric Cole,68.00,204,3
23,Cam Davis,68.00,68,1
23,Jason Day,68.00,136,2
23,Emiliano Grillo,68.00,68,1
23,Adam Hadwin,68.00,136,2
23,Mackenzie Hughes,68.00,68,1
23,Tom Kim,68.00,68,1
23,Adam Svensson,68.00,68,1
33,Patrick Rodgers,68.33,205,3
34,Sam Burns,68.50,137,2
35,Si Woo Kim,68.67,206,3
36,Ludvig Åberg,69.00,69,1
36,Russell Henley,69.00,69,1
36,Tom Hoge,69.00,138,2
36,Justin Rose,69.00,69,1
36,Nick Taylor,69.00,69,1
36,Sahith Theegala,69.00,69,1
42,Adam Schenk,69.33,208,3
43,Camilo Villegas,69.50,139,2
44,Tony Finau,69.67,209,3
45,Keegan Bradley,70.00,70,1
45,Corey Conners,70.00,70,1
45,Tommy Fleetwood,70.00,70,1
45,Rickie Fowler,70.00,70,1
45,Denny McCarthy,70.00,70,1
45,Vincent Norrman,70.00,70,1
45,Davis Riley,70.00,70,1
45,Matt Wallace,70.00,70,1
53,Harris English,71.00,71,1
53,Nick Hardy,71.00,71,1
53,Hideki Matsuyama,71.00,71,1
53,Seamus Power,71.00,71,1
53,Andrew Putnam,71.00,71,1
53,Cameron Young,71.00,142,2
59,Lee Hodges,72.00,72,1
