rank,player,Avg,Total Strokes,Total Rounds
1,Tyrrell Hatton,62.00,62,1
2,Akshay Bhatia,64.00,64,1
2,Matt Fitzpatrick,64.00,64,1
2,Kurt Kitayama,64.00,64,1
2,Scottie Scheffler,64.00,64,1
2,Brendon Todd,64.00,64,1
7,Chris Kirk,65.00,65,1
7,Taylor Moore,65.00,65,1
7,Erik van Rooyen,65.00,65,1
10,Lucas Glover,66.00,66,1
10,Adam Hadwin,66.00,66,1
10,Sungjae Im,66.00,66,1
13,Nico Echavarria,67.00,67,1
13,Viktor Hovland,67.00,67,1
13,Jordan Spieth,67.00,67,1
16,Sam Burns,68.00,68,1
16,Wyndham Clark,68.00,68,1
16,Cam Davis,68.00,68,1
16,Emiliano Grillo,68.00,68,1
16,Adam Svensson,68.00,68,1
21,Jason Day,69.00,69,1
21,Justin Rose,69.00,69,1
21,Nick Taylor,69.00,69,1
21,Sahith Theegala,69.00,69,1
25,Keegan Bradley,70.00,70,1
25,Corey Conners,70.00,70,1
25,Vincent Norrman,70.00,70,1
25,Matt Wallace,70.00,70,1
29,Andrew Putnam,71.00,71,1
