rank,player,Avg,Total Strokes,Total Rounds
1,Harris English,64.00,64,1
2,Xander Schauffele,65.00,65,1
3,J.T. Poston,66.00,66,1
4,Jason Day,67.00,67,1
5,Sam Burns,68.00,68,1
5,Patrick Cantlay,68.00,68,1
5,Nico Echavarria,68.00,68,1
5,Lucas Glover,68.00,68,1
5,Max Homa,68.00,68,1
5,Luke List,68.00,68,1
5,Adam Svensson,68.00,68,1
12,Eric Cole,69.00,69,1
12,Erik van Rooyen,69.00,69,1
12,Matt Wallace,69.00,69,1
15,Adam Hadwin,70.00,70,1
15,Mackenzie Hughes,70.00,70,1
15,Si Woo Kim,70.00,70,1
15,Taylor Moore,70.00,70,1
15,Patrick Rodgers,70.00,70,1
15,Adam Schenk,70.00,70,1
21,Tony Finau,71.00,71,1
21,Tom Hoge,71.00,71,1
21,Kurt Kitayama,71.00,71,1
24,Nick Taylor,73.00,73,1
25,Tom Kim,74.00,74,1
25,Camilo Villegas,74.00,74,1
25,Cameron Young,74.00,74,1
28,Rickie Fowler,75.00,75,1
28,Nick Hardy,75.00,75,1
30,Lee Hodges,77.00,77,1
