rank,player,Avg,Total Strokes,Total Rounds
1,Collin Morikawa,65.00,65,1
1,Camilo Villegas,65.00,65,1
3,Patrick Cantlay,66.00,66,1
3,Xander Schauffele,66.00,66,1
5,Brian Harman,67.00,67,1
5,Tom Hoge,67.00,67,1
5,Max Homa,67.00,67,1
5,Luke List,67.00,67,1
5,Sepp Straka,67.00,67,1
10,Byeong Hun An,68.00,68,1
10,Mackenzie Hughes,68.00,68,1
10,Tom Kim,68.00,68,1
10,J.T. Poston,68.00,68,1
10,Cameron Young,68.00,68,1
15,Ludvig Åberg,69.00,69,1
15,Tony Finau,69.00,69,1
15,Russell Henley,69.00,69,1
15,Patrick Rodgers,69.00,69,1
15,Adam Schenk,69.00,69,1
20,Eric Cole,70.00,70,1
20,Tommy Fleetwood,70.00,70,1
20,Rickie Fowler,70.00,70,1
20,Si Woo Kim,70.00,70,1
20,Denny McCarthy,70.00,70,1
20,Davis Riley,70.00,70,1
26,Harris English,71.00,71,1
26,Nick Hardy,71.00,71,1
26,Hideki Matsuyama,71.00,71,1
26,Seamus Power,71.00,71,1
30,Lee Hodges,72.00,72,1
