rank,player,Avg,Total Strokes,Total 10th Tee Early Rds.
1,Wyndham Clark,63.00,63,1
2,Harris English,64.00,64,1
2,Adam Hadwin,64.00,64,1
4,Cameron Young,65.00,65,1
5,Kurt Kitayama,66.00,66,1
6,Corey Conners,67.00,67,1
6,Mackenzie Hughes,67.00,134,2
6,Denny McCarthy,67.00,67,1
9,Lucas Glover,67.50,135,2
10,Sam Burns,68.00,68,1
10,Nico Echavarria,68.00,68,1
10,Tom Hoge,68.00,68,1
10,Max Homa,68.00,68,1
10,Luke List,68.00,68,1
10,Adam Svensson,68.00,136,2
16,Erik van Rooyen,69.00,69,1
16,Matt Wallace,69.00,138,2
18,Tommy Fleetwood,70.00,70,1
18,Camilo Villegas,70.00,70,1
20,Emiliano Grillo,71.00,71,1
21,Nick Taylor,71.50,143,2
22,Tom Kim,74.00,74,1
23,Rickie Fowler,75.00,75,1
23,Nick Hardy,75.00,75,1
25,Lee Hodges,77.00,77,1
