rank,player,Avg RTP
1,Bryson DeChambeau,-1.000
2,Justin Thomas,-.800
3,Patrick Reed,-.750
4,Patrick Cantlay,-.667
4,Erik van Rooyen,-.667
6,Cameron Smith,-.600
7,Cam Davis,-.500
7,Harris English,-.500
7,Viktor Hovland,-.500
7,Si Woo Kim,-.500
7,Jon Rahm,-.500
12,Matt Jones,-.429
13,Talor Gooch,-.400
14,Daniel Berger,-.333
14,Sam Burns,-.333
14,Sungjae Im,-.333
14,Kevin Kisner,-.333
14,Brooks Koepka,-.333
14,Marc Leishman,-.333
14,Seamus Power,-.333
21,Lucas Glover,-.250
21,Branden Grace,-.250
21,Phil Mickelson,-.250
24,Abraham Ancer,-.200
24,Lucas Herbert,-.200
26,Stewart Cink,E
26,Joel Dahmen,E
26,Max Homa,E
26,Billy Horschel,E
26,Jason Kokrak,E
26,Hideki Matsuyama,E
26,Collin Morikawa,E
26,Kevin Na,E
26,Jordan Spieth,E
35,K.H. Lee,+.500
35,Xander Schauffele,+.500
