rank,player,Avg RTP
1,Patrick Cantlay,-1.000
1,Billy Horschel,-1.000
1,Jordan Spieth,-1.000
4,Cameron Smith,-.667
5,Hideki Matsuyama,-.333
6,Abraham Ancer,E
6,Sam Burns,E
6,Joel Dahmen,E
6,Harris English,E
6,Lucas Glover,E
6,Viktor Hovland,E
6,Sungjae Im,E
6,Matt Jones,E
6,Kevin Kisner,E
6,Brooks Koepka,E
6,Jason Kokrak,E
6,K.H. Lee,E
6,Marc Leishman,E
6,Phil Mickelson,E
6,Seamus Power,E
6,Xander Schauffele,E
22,Erik van Rooyen,+.250
23,Stewart Cink,+.333
23,Si Woo Kim,+.333
25,Branden Grace,+.500
25,Lucas Herbert,+.500
25,Garrick Higgo,+.500
