rank,player,%,Total Birdies,Total Holes
1,Patrick Reed,56.25,9,16
2,Justin Thomas,52.94,9,17
3,Patrick Cantlay,50.00,10,20
4,Talor Gooch,47.83,11,23
5,Joel Dahmen,47.37,9,19
6,Bryson DeChambeau,45.83,11,24
7,Collin Morikawa,45.45,10,22
7,Cameron Smith,45.45,10,22
9,Marc Leishman,42.11,8,19
9,Hideki Matsuyama,42.11,8,19
11,Brooks Koepka,38.89,7,18
12,Xander Schauffele,37.50,6,16
13,Cam Davis,36.84,7,19
14,Max Homa,36.36,8,22
14,Matt Jones,36.36,8,22
16,Tony Finau,35.29,6,17
17,Kevin Kisner,35.00,7,20
18,Sam Burns,33.33,7,21
18,Lucas Glover,33.33,6,18
18,Kevin Na,33.33,7,21
18,Jon Rahm,33.33,7,21
22,Abraham Ancer,31.58,6,19
22,Phil Mickelson,31.58,6,19
24,Garrick Higgo,30.43,7,23
25,Sungjae Im,29.41,5,17
26,Branden Grace,27.27,6,22
27,Daniel Berger,25.00,4,16
27,Viktor Hovland,25.00,4,16
27,K.H. Lee,25.00,5,20
30,Harris English,23.53,4,17
30,Jordan Spieth,23.53,4,17
30,Erik van Rooyen,23.53,4,17
33,Billy Horschel,20.00,4,20
34,Seamus Power,18.75,3,16
35,Lucas Herbert,17.65,3,17
36,Si Woo Kim,15.79,3,19
37,Stewart Cink,15.00,3,20
38,Jason Kokrak,11.76,2,17
