rank,player,Avg RTP
1,Kevin Kisner,-1.000
1,K.H. Lee,-1.000
1,Hideki Matsuyama,-1.000
4,Collin Morikawa,-.667
5,Bryson DeChambeau,-.500
5,Viktor Hovland,-.500
5,Marc Leishman,-.500
8,Tony Finau,-.250
8,Billy Horschel,-.250
8,Matt Jones,-.250
8,Patrick Reed,-.250
8,Xander Schauffele,-.250
13,Garrick Higgo,-.200
14,Daniel Berger,E
14,Sam Burns,E
14,Patrick Cantlay,E
14,Stewart Cink,E
14,Joel Dahmen,E
14,Cam Davis,E
14,Branden Grace,E
14,Lucas Herbert,E
14,Max Homa,E
14,Sungjae Im,E
14,Si Woo Kim,E
14,Brooks Koepka,E
14,Phil Mickelson,E
14,Seamus Power,E
14,Jon Rahm,E
14,Jordan Spieth,E
14,Justin Thomas,E
14,Erik van Rooyen,E
32,Lucas Glover,+.333
33,Harris English,+.500
33,Talor Gooch,+.500
