rank,player,%,Total Birdies,Total Holes
1,Lucas Herbert,50.00,3,6
1,Garrick Higgo,50.00,4,8
1,Kevin Kisner,50.00,4,8
1,Jason Kokrak,50.00,3,6
5,Justin Thomas,42.86,6,14
6,Abraham Ancer,40.00,2,5
6,Kevin Na,40.00,2,5
8,Branden Grace,37.50,3,8
9,Daniel Berger,33.33,4,12
10,Viktor Hovland,30.00,3,10
10,Sungjae Im,30.00,3,10
10,Cameron Smith,30.00,3,10
13,Joel Dahmen,25.00,2,8
13,Cam Davis,25.00,3,12
13,Phil Mickelson,25.00,2,8
16,Stewart Cink,22.22,2,9
16,Billy Horschel,22.22,2,9
16,Marc Leishman,22.22,2,9
16,Erik van Rooyen,22.22,2,9
20,Lucas Glover,20.00,1,5
20,Matt Jones,20.00,2,10
20,Collin Morikawa,20.00,1,5
20,Xander Schauffele,20.00,2,10
24,Sam Burns,18.18,2,11
24,Brooks Koepka,18.18,2,11
24,Jordan Spieth,18.18,2,11
27,Tony Finau,16.67,2,12
27,Hideki Matsuyama,16.67,1,6
27,Seamus Power,16.67,1,6
27,Jon Rahm,16.67,1,6
31,Patrick Cantlay,12.50,1,8
32,K.H. Lee,11.11,1,9
33,Bryson DeChambeau,10.00,1,10
34,Max Homa,9.09,1,11
35,Harris English,.00,0,6
35,Talor Gooch,.00,0,11
35,Si Woo Kim,.00,0,2
35,Patrick Reed,.00,0,7
