rank,player,%,Total Birdies,Total Holes
1,Garrick Higgo,75.00,3,4
2,Justin Thomas,66.67,2,3
3,Max Homa,50.00,1,2
4,Joel Dahmen,40.00,2,5
4,Xander Schauffele,40.00,2,5
4,Cameron Smith,40.00,2,5
7,Billy Horschel,33.33,1,3
8,Matt Jones,28.57,2,7
8,Si Woo Kim,28.57,2,7
8,Jason Kokrak,28.57,2,7
11,Phil Mickelson,25.00,1,4
12,Bryson DeChambeau,23.53,4,17
13,Abraham Ancer,20.00,1,5
13,Stewart Cink,20.00,2,10
13,Marc Leishman,20.00,1,5
16,Patrick Cantlay,18.18,2,11
17,Lucas Herbert,16.67,1,6
17,Brooks Koepka,16.67,1,6
19,Patrick Reed,11.11,1,9
20,Hideki Matsuyama,10.00,1,10
21,Daniel Berger,.00,0,1
21,Sam Burns,.00,0,3
21,Cam Davis,.00,0,4
21,Harris English,.00,0,7
21,Tony Finau,.00,0,5
21,Lucas Glover,.00,0,5
21,Talor Gooch,.00,0,3
21,Branden Grace,.00,0,5
21,Viktor Hovland,.00,0,5
21,Sungjae Im,.00,0,3
21,Kevin Kisner,.00,0,9
21,K.H. Lee,.00,0,4
21,Collin Morikawa,.00,0,1
21,Kevin Na,.00,0,3
21,Seamus Power,.00,0,5
21,Jordan Spieth,.00,0,6
21,Erik van Rooyen,.00,0,5
