rank,player,Avg RTP
1,Xander Schauffele,-2.000
2,Tony Finau,-1.000
2,Max Homa,-1.000
2,Si Woo Kim,-1.000
2,Patrick Reed,-1.000
6,Sungjae Im,-.500
6,Jason Kokrak,-.500
8,Patrick Cantlay,-.333
8,Bryson DeChambeau,-.333
10,Daniel Berger,E
10,Cam Davis,E
10,Harris English,E
10,Branden Grace,E
10,Kevin Kisner,E
10,Brooks Koepka,E
10,K.H. Lee,E
10,Marc Leishman,E
10,Hideki Matsuyama,E
10,Collin Morikawa,E
10,Seamus Power,E
10,Jordan Spieth,E
22,Garrick Higgo,+.250
23,Lucas Herbert,+.333
24,Sam Burns,+.667
25,Stewart Cink,+1.000
25,Cameron Smith,+1.000
