rank,player,%,Total Birdies,Total Holes
1,Billy Horschel,37.50,3,8
2,Matt Jones,35.71,5,14
2,Si Woo Kim,35.71,5,14
4,Joel Dahmen,33.33,2,6
4,Collin Morikawa,33.33,3,9
4,Jon Rahm,33.33,2,6
4,Cameron Smith,33.33,3,9
8,Bryson DeChambeau,32.00,8,25
9,Tony Finau,31.25,5,16
10,K.H. Lee,30.77,4,13
10,Xander Schauffele,30.77,4,13
12,Jason Kokrak,28.57,2,7
12,Phil Mickelson,28.57,2,7
14,Garrick Higgo,26.67,4,15
15,Cam Davis,23.08,3,13
16,Max Homa,22.22,2,9
16,Justin Thomas,22.22,2,9
18,Patrick Cantlay,21.43,3,14
19,Marc Leishman,20.00,2,10
19,Patrick Reed,20.00,3,15
19,Erik van Rooyen,20.00,2,10
22,Abraham Ancer,16.67,1,6
22,Lucas Herbert,16.67,2,12
22,Viktor Hovland,16.67,2,12
25,Brooks Koepka,15.38,2,13
25,Hideki Matsuyama,15.38,2,13
27,Daniel Berger,14.29,1,7
27,Stewart Cink,14.29,2,14
27,Jordan Spieth,14.29,2,14
30,Sam Burns,11.11,1,9
31,Branden Grace,10.00,1,10
31,Seamus Power,10.00,1,10
33,Harris English,9.09,1,11
33,Lucas Glover,9.09,1,11
33,Sungjae Im,9.09,1,11
36,Kevin Kisner,8.33,1,12
37,Talor Gooch,.00,0,7
37,Kevin Na,.00,0,5
