rank,player,Avg RTP
1,Matt Jones,-.667
2,Stewart Cink,-.500
2,Billy Horschel,-.500
2,Phil Mickelson,-.500
2,Jon Rahm,-.500
6,Cam Davis,-.333
6,Si Woo Kim,-.333
8,Harris English,-.250
8,Lucas Glover,-.250
10,Sam Burns,E
10,Patrick Cantlay,E
10,Joel Dahmen,E
10,Bryson DeChambeau,E
10,Tony Finau,E
10,Talor Gooch,E
10,Branden Grace,E
10,Max Homa,E
10,Viktor Hovland,E
10,Brooks Koepka,E
10,K.H. Lee,E
10,Hideki Matsuyama,E
10,Collin Morikawa,E
10,Kevin Na,E
10,Seamus Power,E
10,Cameron Smith,E
10,Justin Thomas,E
10,Erik van Rooyen,E
28,Patrick Reed,+.200
29,Kevin Kisner,+.250
30,Sungjae Im,+.333
30,Jason Kokrak,+.333
30,Xander Schauffele,+.333
33,Abraham Ancer,+.500
33,Marc Leishman,+.500
33,Jordan Spieth,+.500
