rank,player,Avg RTP
1,Justin Thomas,-1.000
2,Garrick Higgo,-.500
2,Max Homa,-.500
4,Joel Dahmen,-.400
4,Xander Schauffele,-.400
4,Cameron Smith,-.400
7,Billy Horschel,-.333
8,Matt Jones,-.286
9,Phil Mickelson,-.250
10,Marc Leishman,-.200
11,Brooks Koepka,-.167
12,Si Woo Kim,-.143
12,Jason Kokrak,-.143
14,Bryson DeChambeau,-.118
15,Hideki Matsuyama,-.100
16,Patrick Cantlay,-.091
17,Sam Burns,E
17,Stewart Cink,E
17,Viktor Hovland,E
17,K.H. Lee,E
17,Collin Morikawa,E
22,Patrick Reed,+.111
23,Jordan Spieth,+.167
24,Abraham Ancer,+.200
24,Tony Finau,+.200
24,Branden Grace,+.200
24,Seamus Power,+.200
28,Cam Davis,+.250
29,Harris English,+.286
30,Talor Gooch,+.333
30,Lucas Herbert,+.333
30,Sungjae Im,+.333
30,Kevin Kisner,+.333
30,Kevin Na,+.333
35,Lucas Glover,+.400
35,Erik van Rooyen,+.400
37,Daniel Berger,+1.000
