rank,player,Avg RTP
1,Daniel Berger,-1.000
1,Stewart Cink,-1.000
1,Cam Davis,-1.000
1,Tony Finau,-1.000
1,Branden Grace,-1.000
1,Lucas Herbert,-1.000
1,Kevin Kisner,-1.000
1,Brooks Koepka,-1.000
1,Jason Kokrak,-1.000
1,Marc Leishman,-1.000
1,Hideki Matsuyama,-1.000
1,Phil Mickelson,-1.000
1,Collin Morikawa,-1.000
1,Kevin Na,-1.000
1,Seamus Power,-1.000
1,Jon Rahm,-1.000
1,Xander Schauffele,-1.000
1,Cameron Smith,-1.000
1,Jordan Spieth,-1.000
1,Justin Thomas,-1.000
21,Harris English,-.667
21,Max Homa,-.667
21,Viktor Hovland,-.667
24,Sam Burns,-.500
24,Joel Dahmen,-.500
24,Lucas Glover,-.500
24,Talor Gooch,-.500
24,Billy Horschel,-.500
24,Sungjae Im,-.500
24,Si Woo Kim,-.500
24,Patrick Reed,-.500
24,Erik van Rooyen,-.500
33,Patrick Cantlay,-.333
34,Abraham Ancer,E
34,Bryson DeChambeau,E
34,Garrick Higgo,E
34,K.H. Lee,E
