rank,player,Avg RTP
1,Kevin Kisner,-.667
2,Sungjae Im,-.571
3,Abraham Ancer,-.500
3,Lucas Herbert,-.500
3,Jason Kokrak,-.500
6,Justin Thomas,-.444
7,Cameron Smith,-.429
8,Daniel Berger,-.400
8,Kevin Na,-.400
10,Brooks Koepka,-.375
11,Branden Grace,-.333
12,Stewart Cink,-.286
12,Cam Davis,-.286
12,Jordan Spieth,-.286
15,Lucas Glover,-.250
15,Garrick Higgo,-.250
15,Viktor Hovland,-.250
15,Marc Leishman,-.250
15,Hideki Matsuyama,-.250
15,Phil Mickelson,-.250
15,Collin Morikawa,-.250
15,Seamus Power,-.250
15,Erik van Rooyen,-.250
24,Matt Jones,-.200
24,K.H. Lee,-.200
26,Sam Burns,-.182
27,Xander Schauffele,-.167
28,Patrick Cantlay,-.143
28,Joel Dahmen,-.143
30,Max Homa,-.125
31,Bryson DeChambeau,E
31,Tony Finau,E
31,Talor Gooch,E
31,Billy Horschel,E
31,Si Woo Kim,E
31,Jon Rahm,E
31,Patrick Reed,E
38,Harris English,+.250
