rank,player,Avg RTP
1,Matt Jones,-.786
2,Jon Rahm,-.650
3,Marc Leishman,-.625
4,Jordan Spieth,-.615
5,Cameron Smith,-.563
6,Seamus Power,-.556
7,Daniel Berger,-.500
7,Collin Morikawa,-.500
9,Kevin Kisner,-.478
10,Patrick Reed,-.476
11,Sungjae Im,-.474
12,Patrick Cantlay,-.471
13,Kevin Na,-.455
14,Lucas Herbert,-.444
15,Talor Gooch,-.438
15,Hideki Matsuyama,-.438
17,Tony Finau,-.429
18,Viktor Hovland,-.421
18,Xander Schauffele,-.421
18,Erik van Rooyen,-.421
21,Max Homa,-.417
22,Sam Burns,-.400
22,Billy Horschel,-.400
24,K.H. Lee,-.375
25,Harris English,-.368
26,Si Woo Kim,-.350
27,Stewart Cink,-.333
28,Cam Davis,-.286
29,Lucas Glover,-.263
30,Brooks Koepka,-.250
30,Justin Thomas,-.250
32,Abraham Ancer,-.190
33,Phil Mickelson,-.182
34,Bryson DeChambeau,-.167
35,Joel Dahmen,-.136
36,Branden Grace,-.133
37,Jason Kokrak,-.111
38,Garrick Higgo,-.063
