rank,player,%,Total Birdies,Total Holes
1,Jon Rahm,46.15,6,13
2,Daniel Berger,41.67,5,12
3,Stewart Cink,40.00,4,10
4,Xander Schauffele,38.46,5,13
5,Branden Grace,33.33,4,12
6,Erik van Rooyen,30.77,4,13
7,Brooks Koepka,30.00,3,10
8,Patrick Cantlay,28.57,4,14
8,Tony Finau,28.57,4,14
8,Kevin Kisner,28.57,4,14
11,Joel Dahmen,27.27,3,11
11,K.H. Lee,27.27,3,11
13,Seamus Power,26.67,4,15
14,Sam Burns,25.00,3,12
14,Cam Davis,25.00,2,8
14,Lucas Herbert,25.00,3,12
14,Billy Horschel,25.00,3,12
14,Collin Morikawa,25.00,3,12
14,Cameron Smith,25.00,2,8
20,Si Woo Kim,23.53,4,17
21,Max Homa,23.08,3,13
22,Kevin Na,21.43,3,14
23,Garrick Higgo,20.00,1,5
23,Matt Jones,20.00,2,10
23,Phil Mickelson,20.00,2,10
23,Jordan Spieth,20.00,3,15
27,Bryson DeChambeau,18.18,2,11
28,Harris English,17.65,3,17
29,Viktor Hovland,16.67,2,12
30,Talor Gooch,15.38,2,13
31,Lucas Glover,14.29,2,14
32,Hideki Matsuyama,13.33,2,15
33,Justin Thomas,10.00,1,10
34,Jason Kokrak,9.09,1,11
34,Marc Leishman,9.09,1,11
36,Sungjae Im,8.33,1,12
37,Patrick Reed,7.14,1,14
38,Abraham Ancer,6.67,1,15
