rank,player,Avg RTP
1,Matt Jones,-1.000
2,Patrick Reed,-.750
3,Hideki Matsuyama,-.714
4,Daniel Berger,-.667
4,Lucas Glover,-.667
4,Xander Schauffele,-.667
7,Stewart Cink,-.500
7,Cam Davis,-.500
7,Tony Finau,-.500
7,Talor Gooch,-.500
7,Lucas Herbert,-.500
7,Garrick Higgo,-.500
7,Kevin Kisner,-.500
7,Brooks Koepka,-.500
7,Erik van Rooyen,-.500
16,Sam Burns,-.429
16,Max Homa,-.429
18,Patrick Cantlay,-.400
18,Branden Grace,-.400
18,Sungjae Im,-.400
18,Si Woo Kim,-.400
18,Justin Thomas,-.400
23,Abraham Ancer,-.333
23,Joel Dahmen,-.333
23,Bryson DeChambeau,-.333
23,Marc Leishman,-.333
27,Cameron Smith,-.286
28,Phil Mickelson,-.250
28,Collin Morikawa,-.250
28,Seamus Power,-.250
31,Kevin Na,-.182
32,Jon Rahm,-.167
33,Jason Kokrak,-.125
34,Harris English,E
34,Billy Horschel,E
34,Viktor Hovland,E
34,K.H. Lee,E
34,Jordan Spieth,E
