rank,player,Avg RTP
1,Kevin Kisner,-1.000
1,K.H. Lee,-1.000
1,Marc Leishman,-1.000
1,Collin Morikawa,-1.000
1,Jordan Spieth,-1.000
6,Viktor Hovland,-.500
6,Patrick Reed,-.500
8,Garrick Higgo,-.333
9,Bryson DeChambeau,-.250
10,Sam Burns,E
10,Tony Finau,E
10,Branden Grace,E
10,Lucas Herbert,E
10,Max Homa,E
10,Billy Horschel,E
10,Matt Jones,E
10,Si Woo Kim,E
10,Seamus Power,E
10,Xander Schauffele,E
10,Justin Thomas,E
10,Erik van Rooyen,E
22,Daniel Berger,+.500
22,Phil Mickelson,+.500
24,Harris English,+1.000
