rank,player,Avg RTP
1,K.H. Lee,-.667
1,Collin Morikawa,-.667
1,Cameron Smith,-.667
1,Jordan Spieth,-.667
5,Bryson DeChambeau,-.500
5,Hideki Matsuyama,-.500
7,Marc Leishman,-.400
8,Patrick Cantlay,-.333
8,Tony Finau,-.333
8,Billy Horschel,-.333
8,Viktor Hovland,-.333
8,Patrick Reed,-.333
8,Xander Schauffele,-.333
14,Kevin Kisner,-.250
15,Abraham Ancer,E
15,Sam Burns,E
15,Joel Dahmen,E
15,Cam Davis,E
15,Talor Gooch,E
15,Garrick Higgo,E
15,Max Homa,E
15,Sungjae Im,E
15,Matt Jones,E
15,Brooks Koepka,E
15,Jason Kokrak,E
15,Phil Mickelson,E
15,Seamus Power,E
15,Jon Rahm,E
15,Justin Thomas,E
30,Stewart Cink,+.167
31,Branden Grace,+.200
31,Si Woo Kim,+.200
31,Erik van Rooyen,+.200
34,Lucas Herbert,+.250
35,Daniel Berger,+.333
35,Harris English,+.333
35,Lucas Glover,+.333
