rank,player,%,Total Birdies,Total Holes
1,Cameron Smith,49.12,28,57
2,Justin Thomas,45.45,25,55
3,Jon Rahm,44.26,27,61
4,Kevin Kisner,44.07,26,59
5,Matt Jones,42.86,21,49
6,Patrick Reed,41.51,22,53
7,Patrick Cantlay,40.74,22,54
8,Collin Morikawa,39.66,23,58
9,Daniel Berger,39.34,24,61
10,Marc Leishman,39.29,22,56
11,Xander Schauffele,38.89,21,54
12,Brooks Koepka,38.00,19,50
13,Cam Davis,37.25,19,51
14,Sungjae Im,36.36,20,55
15,Lucas Herbert,35.85,19,53
16,Max Homa,35.71,20,56
17,Viktor Hovland,35.19,19,54
18,Branden Grace,35.09,20,57
19,Kevin Na,34.38,22,64
20,Bryson DeChambeau,34.09,15,44
21,Tony Finau,34.04,16,47
22,Seamus Power,33.93,19,56
22,Erik van Rooyen,33.93,19,56
24,Joel Dahmen,33.33,20,60
25,Hideki Matsuyama,32.73,18,55
26,Sam Burns,32.20,19,59
27,Stewart Cink,32.08,17,53
28,Talor Gooch,31.75,20,63
29,Lucas Glover,30.91,17,55
30,Jordan Spieth,30.77,16,52
31,Abraham Ancer,30.65,19,62
32,Garrick Higgo,30.61,15,49
33,Harris English,30.36,17,56
34,Phil Mickelson,28.81,17,59
35,K.H. Lee,28.30,15,53
36,Si Woo Kim,26.92,14,52
37,Billy Horschel,23.73,14,59
38,Jason Kokrak,19.64,11,56
