rank,player,Avg RTP
1,Cameron Smith,-.875
2,Bryson DeChambeau,-.800
3,Abraham Ancer,-.500
3,Cam Davis,-.500
3,Matt Jones,-.500
6,Justin Thomas,-.429
7,Stewart Cink,-.375
7,Harris English,-.375
7,Jon Rahm,-.375
7,Erik van Rooyen,-.375
11,Sungjae Im,-.333
11,Collin Morikawa,-.333
13,Marc Leishman,-.300
14,Daniel Berger,-.286
14,Patrick Reed,-.286
16,Patrick Cantlay,-.250
16,Lucas Glover,-.250
16,Lucas Herbert,-.250
16,Max Homa,-.250
16,Viktor Hovland,-.250
21,Garrick Higgo,-.222
21,Hideki Matsuyama,-.222
23,Sam Burns,-.200
23,Kevin Kisner,-.200
25,Billy Horschel,-.167
25,Brooks Koepka,-.167
27,Talor Gooch,-.143
27,Phil Mickelson,-.143
27,Jordan Spieth,-.143
30,Xander Schauffele,-.125
31,Branden Grace,-.111
31,K.H. Lee,-.111
33,Joel Dahmen,E
33,Tony Finau,E
33,Si Woo Kim,E
33,Jason Kokrak,E
33,Kevin Na,E
33,Seamus Power,E
