rank,player,Avg RTP
1,Max Homa,-.500
1,Billy Horschel,-.500
3,Joel Dahmen,-.400
3,Matt Jones,-.400
3,Si Woo Kim,-.400
3,Jon Rahm,-.400
7,Phil Mickelson,-.250
7,Justin Thomas,-.250
9,Xander Schauffele,-.222
9,Cameron Smith,-.222
11,Patrick Cantlay,-.182
12,Tony Finau,-.167
13,Jason Kokrak,-.143
14,Cam Davis,-.100
14,K.H. Lee,-.100
16,Brooks Koepka,-.091
17,Hideki Matsuyama,-.083
18,Bryson DeChambeau,-.059
19,Lucas Glover,E
19,Talor Gooch,E
19,Branden Grace,E
19,Garrick Higgo,E
19,Sungjae Im,E
19,Collin Morikawa,E
19,Seamus Power,E
19,Patrick Reed,E
19,Jordan Spieth,E
19,Erik van Rooyen,E
29,Stewart Cink,+.091
30,Harris English,+.111
30,Lucas Herbert,+.111
32,Sam Burns,+.125
32,Viktor Hovland,+.125
34,Abraham Ancer,+.167
34,Marc Leishman,+.167
36,Kevin Na,+.200
37,Kevin Kisner,+.273
38,Daniel Berger,+.333
