rank,player,Avg RTP
1,Cameron Smith,-.509
2,Matt Jones,-.490
3,Jon Rahm,-.443
4,Kevin Kisner,-.424
5,Patrick Cantlay,-.407
6,Justin Thomas,-.400
7,Daniel Berger,-.393
8,Sungjae Im,-.382
9,Collin Morikawa,-.362
10,Marc Leishman,-.357
11,Cam Davis,-.353
12,Brooks Koepka,-.340
13,Kevin Na,-.328
14,Lucas Herbert,-.321
14,Seamus Power,-.321
14,Patrick Reed,-.321
14,Erik van Rooyen,-.321
18,Talor Gooch,-.317
19,Xander Schauffele,-.315
20,Jordan Spieth,-.308
21,Sam Burns,-.305
22,Max Homa,-.304
23,Stewart Cink,-.302
24,Hideki Matsuyama,-.291
25,Tony Finau,-.277
26,Branden Grace,-.263
27,Joel Dahmen,-.250
27,Bryson DeChambeau,-.250
27,Harris English,-.250
30,Viktor Hovland,-.241
31,Si Woo Kim,-.231
32,Abraham Ancer,-.226
33,Garrick Higgo,-.204
34,Billy Horschel,-.186
34,Phil Mickelson,-.186
36,Lucas Glover,-.182
37,K.H. Lee,-.170
38,Jason Kokrak,-.089
