rank,player,Avg RTP
1,Joel Dahmen,-1.000
2,Lucas Herbert,-.500
2,Garrick Higgo,-.500
4,Matt Jones,-.333
4,Jon Rahm,-.333
6,Abraham Ancer,E
6,Stewart Cink,E
6,Cam Davis,E
6,Bryson DeChambeau,E
6,Tony Finau,E
6,Talor Gooch,E
6,Branden Grace,E
6,Max Homa,E
6,Billy Horschel,E
6,Viktor Hovland,E
6,Sungjae Im,E
6,Brooks Koepka,E
6,K.H. Lee,E
6,Marc Leishman,E
6,Hideki Matsuyama,E
6,Collin Morikawa,E
6,Xander Schauffele,E
6,Cameron Smith,E
6,Jordan Spieth,E
6,Justin Thomas,E
6,Erik van Rooyen,E
27,Patrick Reed,+.333
28,Daniel Berger,+.500
28,Kevin Kisner,+.500
28,Seamus Power,+.500
31,Patrick Cantlay,+1.000
31,Lucas Glover,+1.000
33,Harris English,+2.000
