rank,player,%,Total Birdies,Total Holes
1,Bryson DeChambeau,50.00,4,8
2,Tony Finau,45.45,5,11
3,K.H. Lee,44.44,4,9
4,Matt Jones,42.86,3,7
4,Si Woo Kim,42.86,3,7
6,Billy Horschel,40.00,2,5
6,Erik van Rooyen,40.00,2,5
8,Collin Morikawa,37.50,3,8
9,Patrick Cantlay,33.33,1,3
9,Cam Davis,33.33,3,9
9,Kevin Kisner,33.33,1,3
9,Hideki Matsuyama,33.33,1,3
9,Phil Mickelson,33.33,1,3
9,Jon Rahm,33.33,2,6
9,Patrick Reed,33.33,2,6
16,Viktor Hovland,28.57,2,7
17,Harris English,25.00,1,4
17,Xander Schauffele,25.00,2,8
17,Cameron Smith,25.00,1,4
17,Jordan Spieth,25.00,2,8
21,Branden Grace,20.00,1,5
21,Marc Leishman,20.00,1,5
21,Seamus Power,20.00,1,5
24,Daniel Berger,16.67,1,6
24,Sam Burns,16.67,1,6
24,Lucas Glover,16.67,1,6
24,Lucas Herbert,16.67,1,6
28,Max Homa,14.29,1,7
28,Brooks Koepka,14.29,1,7
30,Sungjae Im,12.50,1,8
31,Garrick Higgo,9.09,1,11
32,Abraham Ancer,.00,0,1
32,Stewart Cink,.00,0,4
32,Joel Dahmen,.00,0,1
32,Talor Gooch,.00,0,4
32,Kevin Na,.00,0,2
32,Justin Thomas,.00,0,6
