rank,player,Avg RTP
1,Bryson DeChambeau,-1.000
1,K.H. Lee,-1.000
1,Hideki Matsuyama,-1.000
1,Phil Mickelson,-1.000
1,Xander Schauffele,-1.000
6,Tony Finau,-.500
6,Viktor Hovland,-.500
6,Collin Morikawa,-.500
9,Marc Leishman,-.333
10,Daniel Berger,E
10,Patrick Cantlay,E
10,Stewart Cink,E
10,Cam Davis,E
10,Harris English,E
10,Talor Gooch,E
10,Branden Grace,E
10,Lucas Herbert,E
10,Garrick Higgo,E
10,Max Homa,E
10,Sungjae Im,E
10,Matt Jones,E
10,Si Woo Kim,E
10,Brooks Koepka,E
10,Seamus Power,E
10,Jon Rahm,E
10,Patrick Reed,E
10,Jordan Spieth,E
28,Lucas Glover,+.500
