rank,player,Avg RTP
1,Jon Rahm,-.455
2,Brooks Koepka,-.429
3,Daniel Berger,-.417
4,Patrick Cantlay,-.400
4,Kevin Kisner,-.400
6,Branden Grace,-.364
7,Stewart Cink,-.333
7,Seamus Power,-.333
9,Xander Schauffele,-.300
10,K.H. Lee,-.286
10,Cameron Smith,-.286
10,Justin Thomas,-.286
13,Joel Dahmen,-.250
14,Jordan Spieth,-.231
15,Cam Davis,-.200
16,Sam Burns,-.182
16,Harris English,-.182
16,Tony Finau,-.182
16,Talor Gooch,-.182
16,Max Homa,-.182
16,Kevin Na,-.182
22,Lucas Herbert,-.167
23,Si Woo Kim,-.143
23,Jason Kokrak,-.143
25,Sungjae Im,-.111
25,Erik van Rooyen,-.111
27,Collin Morikawa,-.091
28,Garrick Higgo,E
28,Billy Horschel,E
28,Viktor Hovland,E
28,Matt Jones,E
28,Hideki Matsuyama,E
28,Phil Mickelson,E
34,Abraham Ancer,+.083
35,Bryson DeChambeau,+.111
35,Marc Leishman,+.111
37,Lucas Glover,+.200
38,Patrick Reed,+.333
