rank,player,Avg RTP
1,Matt Jones,-1.333
2,Talor Gooch,-1.250
2,Sungjae Im,-1.250
4,Daniel Berger,-1.000
4,Sam Burns,-1.000
4,Bryson DeChambeau,-1.000
4,Harris English,-1.000
4,Tony Finau,-1.000
4,Lucas Glover,-1.000
4,Kevin Na,-1.000
4,Patrick Reed,-1.000
4,Cameron Smith,-1.000
4,Jordan Spieth,-1.000
14,Jon Rahm,-.857
15,Kevin Kisner,-.800
16,Hideki Matsuyama,-.750
17,Garrick Higgo,-.667
17,Billy Horschel,-.667
17,Viktor Hovland,-.667
17,Brooks Koepka,-.667
21,Abraham Ancer,-.500
21,Stewart Cink,-.500
21,Lucas Herbert,-.500
21,Si Woo Kim,-.500
21,Marc Leishman,-.500
21,Xander Schauffele,-.500
27,Collin Morikawa,-.333
27,Seamus Power,-.333
27,Erik van Rooyen,-.333
30,Joel Dahmen,-.250
30,Jason Kokrak,-.250
30,Phil Mickelson,-.250
30,Justin Thomas,-.250
34,Patrick Cantlay,E
34,Branden Grace,E
34,K.H. Lee,E
