rank,player,Avg RTP
1,K.H. Lee,-.444
2,Matt Jones,-.429
2,Si Woo Kim,-.429
4,Billy Horschel,-.400
4,Erik van Rooyen,-.400
6,Bryson DeChambeau,-.375
7,Tony Finau,-.364
8,Patrick Cantlay,-.333
8,Kevin Kisner,-.333
8,Hideki Matsuyama,-.333
8,Jon Rahm,-.333
8,Patrick Reed,-.333
13,Max Homa,-.286
14,Collin Morikawa,-.250
15,Cam Davis,-.222
16,Branden Grace,-.200
16,Seamus Power,-.200
18,Lucas Glover,-.167
18,Lucas Herbert,-.167
20,Viktor Hovland,-.143
21,Sungjae Im,-.125
21,Xander Schauffele,-.125
21,Jordan Spieth,-.125
24,Abraham Ancer,E
24,Daniel Berger,E
24,Joel Dahmen,E
24,Harris English,E
24,Talor Gooch,E
24,Brooks Koepka,E
24,Marc Leishman,E
24,Phil Mickelson,E
24,Kevin Na,E
24,Cameron Smith,E
34,Garrick Higgo,+.091
35,Sam Burns,+.167
35,Justin Thomas,+.167
37,Stewart Cink,+.250
