rank,player,%,Total Birdies,Total Holes
1,Cameron Smith,60.00,6,10
2,Si Woo Kim,57.14,4,7
3,Abraham Ancer,50.00,5,10
3,Bryson DeChambeau,50.00,5,10
3,Matt Jones,50.00,5,10
6,Branden Grace,45.45,5,11
7,Stewart Cink,44.44,4,9
7,Justin Thomas,44.44,4,9
7,Erik van Rooyen,44.44,4,9
10,Sungjae Im,42.86,3,7
11,Harris English,40.00,4,10
11,K.H. Lee,40.00,4,10
13,Sam Burns,37.50,3,8
13,Phil Mickelson,37.50,3,8
13,Jon Rahm,37.50,3,8
13,Patrick Reed,37.50,3,8
17,Patrick Cantlay,33.33,2,6
17,Cam Davis,33.33,4,12
17,Max Homa,33.33,3,9
17,Viktor Hovland,33.33,3,9
17,Kevin Kisner,33.33,2,6
17,Collin Morikawa,33.33,3,9
17,Xander Schauffele,33.33,3,9
24,Marc Leishman,30.00,3,10
24,Seamus Power,30.00,3,10
26,Daniel Berger,28.57,2,7
26,Tony Finau,28.57,2,7
28,Garrick Higgo,27.27,3,11
28,Brooks Koepka,27.27,3,11
30,Joel Dahmen,25.00,2,8
30,Jason Kokrak,25.00,3,12
30,Hideki Matsuyama,25.00,3,12
33,Talor Gooch,22.22,2,9
34,Lucas Glover,20.00,2,10
34,Lucas Herbert,20.00,2,10
36,Billy Horschel,16.67,1,6
37,Jordan Spieth,12.50,1,8
38,Kevin Na,.00,0,8
