rank,player,%,Total Birdies,Total Holes
1,Matt Jones,68.42,13,19
2,Jon Rahm,66.67,16,24
3,Jordan Spieth,60.00,12,20
4,Cameron Smith,59.09,13,22
5,Marc Leishman,56.52,13,23
6,Max Homa,56.25,9,16
7,Justin Thomas,55.00,11,20
8,Tony Finau,52.38,11,21
9,Patrick Reed,51.85,14,27
10,Sungjae Im,50.00,13,26
10,Collin Morikawa,50.00,12,24
12,Daniel Berger,48.00,12,25
13,Cam Davis,47.62,10,21
14,Lucas Herbert,45.83,11,24
14,Viktor Hovland,45.83,11,24
14,Kevin Kisner,45.83,11,24
14,Kevin Na,45.83,11,24
14,Xander Schauffele,45.83,11,24
19,Hideki Matsuyama,45.00,9,20
20,Seamus Power,44.00,11,25
21,Si Woo Kim,42.31,11,26
22,Patrick Cantlay,41.67,10,24
22,Billy Horschel,41.67,10,24
24,Harris English,40.91,9,22
24,Brooks Koepka,40.91,9,22
26,Lucas Glover,37.50,9,24
26,Talor Gooch,37.50,6,16
28,Sam Burns,36.84,7,19
29,Erik van Rooyen,36.36,8,22
30,Garrick Higgo,36.00,9,25
31,Stewart Cink,33.33,8,24
31,Jason Kokrak,33.33,8,24
31,K.H. Lee,33.33,7,21
31,Phil Mickelson,33.33,9,27
35,Joel Dahmen,32.00,8,25
36,Bryson DeChambeau,29.41,5,17
37,Abraham Ancer,27.27,6,22
38,Branden Grace,22.22,4,18
