rank,player,Avg RTP
1,Kevin Na,-.833
2,Joel Dahmen,-.727
3,Collin Morikawa,-.538
4,Harris English,-.500
4,Talor Gooch,-.500
4,Branden Grace,-.500
4,Brooks Koepka,-.500
4,Marc Leishman,-.500
4,Patrick Reed,-.500
4,Xander Schauffele,-.500
4,Justin Thomas,-.500
12,Sam Burns,-.429
12,Cameron Smith,-.429
14,Patrick Cantlay,-.400
14,Max Homa,-.400
14,Billy Horschel,-.400
14,Matt Jones,-.400
18,Cam Davis,-.333
18,Garrick Higgo,-.333
18,Sungjae Im,-.333
18,Phil Mickelson,-.333
18,Jordan Spieth,-.333
23,Abraham Ancer,-.286
23,Jon Rahm,-.286
25,Lucas Herbert,-.250
26,Tony Finau,-.200
26,Hideki Matsuyama,-.200
28,Bryson DeChambeau,-.167
28,Lucas Glover,-.167
28,Seamus Power,-.167
31,Daniel Berger,E
31,Stewart Cink,E
31,Viktor Hovland,E
31,Si Woo Kim,E
31,Kevin Kisner,E
31,K.H. Lee,E
31,Erik van Rooyen,E
38,Jason Kokrak,+.400
