rank,player,Avg RTP
1,Patrick Reed,-.667
2,Joel Dahmen,-.600
3,Justin Thomas,-.563
4,Patrick Cantlay,-.500
4,Matt Jones,-.500
6,Talor Gooch,-.474
7,Brooks Koepka,-.462
8,Collin Morikawa,-.444
9,Cameron Smith,-.421
10,Marc Leishman,-.417
11,Sam Burns,-.412
12,Cam Davis,-.400
12,Bryson DeChambeau,-.400
12,Branden Grace,-.400
12,Garrick Higgo,-.400
12,Hideki Matsuyama,-.400
17,Tony Finau,-.385
18,Kevin Na,-.368
19,Xander Schauffele,-.364
20,Sungjae Im,-.357
21,Max Homa,-.333
21,Kevin Kisner,-.333
21,Erik van Rooyen,-.333
24,Jon Rahm,-.316
25,Lucas Glover,-.308
26,Phil Mickelson,-.286
27,Lucas Herbert,-.273
28,Abraham Ancer,-.267
29,Daniel Berger,-.250
29,Si Woo Kim,-.250
31,Seamus Power,-.231
32,Stewart Cink,-.214
32,Harris English,-.214
34,Jordan Spieth,-.167
35,Billy Horschel,-.143
36,Viktor Hovland,-.111
37,K.H. Lee,+.063
38,Jason Kokrak,+.071
