rank,player,Avg RTP
1,Joel Dahmen,-1.000
1,Branden Grace,-1.000
1,Max Homa,-1.000
1,Si Woo Kim,-1.000
1,Jason Kokrak,-1.000
1,K.H. Lee,-1.000
1,Seamus Power,-1.000
1,Xander Schauffele,-1.000
1,Justin Thomas,-1.000
1,Erik van Rooyen,-1.000
11,Sam Burns,-.500
11,Patrick Cantlay,-.500
11,Garrick Higgo,-.500
11,Matt Jones,-.500
11,Cameron Smith,-.500
16,Brooks Koepka,-.333
17,Stewart Cink,E
17,Cam Davis,E
17,Bryson DeChambeau,E
17,Harris English,E
17,Lucas Glover,E
17,Talor Gooch,E
17,Lucas Herbert,E
17,Hideki Matsuyama,E
17,Phil Mickelson,E
17,Patrick Reed,E
17,Jordan Spieth,E
28,Kevin Na,+.500
29,Viktor Hovland,+1.000
29,Kevin Kisner,+1.000
