rank,player,Avg RTP
1,Viktor Hovland,-1.333
2,Patrick Cantlay,-1.000
2,Erik van Rooyen,-1.000
4,Daniel Berger,-.800
5,Lucas Herbert,-.667
5,Max Homa,-.667
5,Marc Leishman,-.667
8,Sungjae Im,-.600
8,K.H. Lee,-.600
8,Hideki Matsuyama,-.600
8,Seamus Power,-.600
12,Sam Burns,-.500
12,Talor Gooch,-.500
12,Patrick Reed,-.500
12,Xander Schauffele,-.500
12,Cameron Smith,-.500
12,Jordan Spieth,-.500
12,Justin Thomas,-.500
19,Abraham Ancer,-.429
20,Cam Davis,-.400
20,Lucas Glover,-.400
20,Kevin Kisner,-.400
23,Harris English,-.333
23,Branden Grace,-.333
23,Billy Horschel,-.333
23,Matt Jones,-.333
23,Collin Morikawa,-.333
28,Stewart Cink,-.250
28,Bryson DeChambeau,-.250
28,Tony Finau,-.250
28,Si Woo Kim,-.250
28,Phil Mickelson,-.250
33,Jon Rahm,-.200
34,Joel Dahmen,E
34,Jason Kokrak,E
34,Kevin Na,E
37,Garrick Higgo,+.333
38,Brooks Koepka,+.500
