rank,player,Avg,Total Dist after GFG Shot,Total GFG Shots
1,Kevin Kisner,15.4,"5,003.000",9
2,Jhonattan Vegas,20.1,"15,160.000",21
3,Patton Kizzire,21.0,"10,603.000",14
4,Dustin Johnson,22.8,"22,116.000",27
5,Marc Leishman,22.9,"14,845.000",18
5,Hideki Matsuyama,22.9,"19,825.000",24
7,Jon Rahm,23.2,"20,890.000",25
8,Patrick Cantlay,23.5,"19,497.000",23
9,Xander Schauffele,23.6,"17,842.000",21
10,Bryson DeChambeau,23.7,"16,194.000",19
11,Brooks Koepka,23.9,"16,365.000",19
12,Billy Horschel,24.4,"15,829.000",18
13,Brendan Steele,24.6,"17,728.000",20
14,Kevin Chappell,24.7,"17,815.000",20
15,Hudson Swafford,25.1,"14,468.000",16
16,Brian Harman,25.7,"16,628.000",18
17,Austin Cook,26.2,"14,144.000",15
18,Pat Perez,26.6,"13,414.000",14
19,Rickie Fowler,28.6,"18,547.000",18
20,Russell Henley,28.8,"17,637.000",17
21,Cameron Smith,28.9,"15,581.000",15
22,Wesley Bryan,29.0,"11,501.000",11
23,Adam Hadwin,29.4,"15,887.000",15
24,Grayson Murray,29.8,"22,506.000",21
25,Chris Stroud,30.0,"16,188.000",15
26,Jason Dufner,30.3,"15,249.000",14
26,Jordan Spieth,30.3,"19,661.000",18
28,Ryan Armour,31.4,"9,040.000",8
29,Justin Thomas,31.6,"25,043.000",22
30,Jonas Blixt,32.0,"18,452.000",16
30,Kyle Stanley,32.0,"21,898.000",19
32,Daniel Berger,33.5,"24,101.000",20
33,Si Woo Kim,34.1,"17,178.000",14
34,D.A. Points,40.1,"14,441.000",10
