rank,player,%,Successes,Attempts,RTP-Successes,RTP-Not going for the grn
1,Kevin Kisner,66.67,6,9,-7,-4.00
2,Patton Kizzire,64.29,9,14,-9,-2.00
3,Cameron Smith,40.00,6,15,-5,-4.00
4,Jhonattan Vegas,38.10,8,21,-10,-1.00
5,Russell Henley,35.29,6,17,-5,-4.00
6,Brendan Steele,35.00,7,20,-6,E
7,Patrick Cantlay,34.78,8,23,-8,-1.00
8,Marc Leishman,33.33,6,18,-4,E
9,Jon Rahm,32.00,8,25,-10,+1.00
10,Hudson Swafford,31.25,5,16,-5,+5.00
11,Dustin Johnson,29.63,8,27,-10,-2.00
12,Jason Dufner,28.57,4,14,-2,-3.00
12,Pat Perez,28.57,4,14,-4,-3.00
14,Billy Horschel,27.78,5,18,-4,E
15,Wesley Bryan,27.27,3,11,-2,E
16,Bryson DeChambeau,26.32,5,19,-5,-1.00
17,Daniel Berger,25.00,5,20,-6,E
17,Hideki Matsuyama,25.00,6,24,-6,E
19,Jordan Spieth,22.22,4,18,-3,-1.00
20,Si Woo Kim,21.43,3,14,-3,-3.00
21,Brooks Koepka,21.05,4,19,-2,+2.00
22,Kevin Chappell,20.00,4,20,-5,-2.00
22,Adam Hadwin,20.00,3,15,-3,+4.00
24,Grayson Murray,19.05,4,21,-4,+4.00
25,Justin Thomas,18.18,4,22,-5,+2.00
26,Rickie Fowler,16.67,3,18,-3,-1.00
26,Brian Harman,16.67,3,18,-4,E
28,Kyle Stanley,15.79,3,19,-2,-1.00
29,Xander Schauffele,14.29,3,21,-2,+1.00
30,Austin Cook,13.33,2,15,-2,+2.00
30,Chris Stroud,13.33,2,15,-2,+3.00
32,Ryan Armour,12.50,1,8,-1,-1.00
32,Jonas Blixt,12.50,2,16,-2,-2.00
34,D.A. Points,.00,0,10,E,+5.00
