rank,player,Avg,Distance (in inches),Attempts
1,D.A. Points,229.3,"82,560.000",10
2,Austin Cook,235.7,"127,255.000",15
3,Ryan Armour,239.5,"68,989.000",8
4,Jason Dufner,241.8,"121,881.000",14
5,Pat Perez,245.4,"123,699.000",14
6,Kevin Kisner,246.9,"79,980.000",9
7,Rickie Fowler,249.3,"161,571.000",18
8,Patton Kizzire,249.9,"125,963.000",14
9,Marc Leishman,251.7,"163,095.000",18
10,Wesley Bryan,255.9,"101,352.000",11
11,Brian Harman,257.1,"166,583.000",18
12,Jordan Spieth,257.4,"166,790.000",18
13,Si Woo Kim,257.6,"129,818.000",14
14,Brooks Koepka,259.5,"177,524.000",19
15,Billy Horschel,260.2,"168,628.000",18
16,Brendan Steele,260.7,"187,727.000",20
17,Jhonattan Vegas,262.5,"198,465.000",21
18,Cameron Smith,262.7,"141,871.000",15
19,Daniel Berger,264.3,"190,296.000",20
20,Chris Stroud,265.1,"143,173.000",15
21,Bryson DeChambeau,265.9,"181,874.000",19
22,Justin Thomas,267.4,"211,755.000",22
23,Russell Henley,271.0,"165,845.000",17
24,Patrick Cantlay,273.4,"226,348.000",23
25,Jon Rahm,274.2,"246,736.000",25
26,Kyle Stanley,275.8,"188,662.000",19
27,Grayson Murray,277.9,"210,070.000",21
28,Jonas Blixt,281.5,"162,148.000",16
28,Hudson Swafford,281.5,"162,163.000",16
30,Dustin Johnson,282.0,"274,057.000",27
31,Adam Hadwin,282.4,"152,503.000",15
32,Xander Schauffele,284.0,"214,735.000",21
33,Kevin Chappell,285.2,"205,366.000",20
34,Hideki Matsuyama,288.4,"249,196.000",24
