rank,player,%,Attempts,Non-Attempts,RTP-Going for the green,RTP-Not going for the grn
1,Dustin Johnson,96.43,27,1,-22,-2
2,Jon Rahm,89.29,25,3,-19,+1
3,Hideki Matsuyama,85.71,24,4,-14,E
4,Patrick Cantlay,82.14,23,5,-15,-1
5,Justin Thomas,78.57,22,6,-11,+2
6,Grayson Murray,75.00,21,7,-8,+4
6,Xander Schauffele,75.00,21,7,-12,+1
6,Jhonattan Vegas,75.00,21,7,-17,-1
9,Daniel Berger,71.43,20,8,-12,E
9,Kevin Chappell,71.43,20,8,-8,-2
9,Brendan Steele,71.43,20,8,-9,E
12,Bryson DeChambeau,67.86,19,9,-11,-1
12,Brooks Koepka,67.86,19,9,-4,+2
12,Kyle Stanley,67.86,19,9,-7,-1
15,Rickie Fowler,64.29,18,10,-11,-1
15,Brian Harman,64.29,18,10,-13,E
15,Billy Horschel,64.29,18,10,-10,E
15,Marc Leishman,64.29,18,10,-8,E
15,Jordan Spieth,64.29,18,10,-8,-1
20,Russell Henley,60.71,17,11,-10,-4
21,Jonas Blixt,57.14,16,12,-8,-2
21,Hudson Swafford,57.14,16,12,-11,+5
23,Austin Cook,53.57,15,13,-11,+2
23,Adam Hadwin,53.57,15,13,-3,+4
23,Cameron Smith,53.57,15,13,-10,-4
23,Chris Stroud,53.57,15,13,-9,+3
27,Jason Dufner,50.00,14,14,-6,-3
27,Si Woo Kim,50.00,14,14,-8,-3
27,Patton Kizzire,50.00,14,14,-10,-2
27,Pat Perez,50.00,14,14,-8,-3
31,Wesley Bryan,39.29,11,17,-7,E
32,D.A. Points,35.71,10,18,-4,+5
33,Kevin Kisner,32.14,9,19,-8,-4
34,Ryan Armour,28.57,8,20,-4,-1
