rank,player,%,Attempts
1,Dustin Johnson,100.00,16
1,Jon Rahm,100.00,16
3,Patrick Cantlay,93.75,15
3,Marc Leishman,93.75,15
3,Hideki Matsuyama,93.75,15
6,Daniel Berger,87.50,14
6,Austin Cook,87.50,14
6,Bryson DeChambeau,87.50,14
6,Rickie Fowler,87.50,14
6,Brian Harman,87.50,14
6,Russell Henley,87.50,14
6,Billy Horschel,87.50,14
6,Pat Perez,87.50,14
6,Jordan Spieth,87.50,14
6,Kyle Stanley,87.50,14
6,Brendan Steele,87.50,14
6,Justin Thomas,87.50,14
6,Jhonattan Vegas,87.50,14
19,Kevin Chappell,81.25,13
19,Jason Dufner,81.25,13
19,Patton Kizzire,81.25,13
19,Brooks Koepka,81.25,13
19,Grayson Murray,81.25,13
19,Cameron Smith,81.25,13
25,Jonas Blixt,75.00,12
25,Si Woo Kim,75.00,12
25,Xander Schauffele,75.00,12
25,Hudson Swafford,75.00,12
29,Wesley Bryan,68.75,11
29,Chris Stroud,68.75,11
31,D.A. Points,62.50,10
32,Adam Hadwin,56.25,9
32,Kevin Kisner,56.25,9
34,Ryan Armour,50.00,8
