rank,player,%,# of Birdie or Better,Attempts,RTP-Successes,RTP-Not going for the grn
1,Austin Cook,80.00,12,15,-12,+2.00
2,Kevin Kisner,77.78,7,9,-8,-4.00
3,Jhonattan Vegas,76.19,16,21,-18,-1.00
4,Dustin Johnson,74.07,20,27,-22,-2.00
5,Daniel Berger,70.00,14,20,-15,E
6,Hudson Swafford,68.75,11,16,-11,+5.00
7,Bryson DeChambeau,68.42,13,19,-13,-1.00
8,Jon Rahm,68.00,17,25,-19,+1.00
9,Brian Harman,66.67,12,18,-13,E
9,Cameron Smith,66.67,10,15,-10,-4.00
11,Patrick Cantlay,65.22,15,23,-15,-1.00
12,Russell Henley,64.71,11,17,-11,-4.00
13,Patton Kizzire,64.29,9,14,-10,-2.00
14,Wesley Bryan,63.64,7,11,-7,E
15,Xander Schauffele,61.90,13,21,-13,+1.00
16,Chris Stroud,60.00,9,15,-9,+3.00
17,Justin Thomas,59.09,13,22,-14,+2.00
18,Si Woo Kim,57.14,8,14,-8,-3.00
18,Pat Perez,57.14,8,14,-8,-3.00
20,Jonas Blixt,56.25,9,16,-9,-2.00
21,Rickie Fowler,55.56,10,18,-11,-1.00
21,Billy Horschel,55.56,10,18,-10,E
23,Hideki Matsuyama,54.17,13,24,-14,E
24,Ryan Armour,50.00,4,8,-4,-1.00
24,D.A. Points,50.00,5,10,-5,+5.00
24,Jordan Spieth,50.00,9,18,-10,-1.00
24,Brendan Steele,50.00,10,20,-10,E
28,Kevin Chappell,45.00,9,20,-10,-2.00
29,Marc Leishman,44.44,8,18,-8,E
30,Jason Dufner,42.86,6,14,-6,-3.00
30,Grayson Murray,42.86,9,21,-10,+4.00
32,Kyle Stanley,42.11,8,19,-8,-1.00
33,Adam Hadwin,40.00,6,15,-6,+4.00
34,Brooks Koepka,31.58,6,19,-6,+2.00
