rank,player,Avg RTP,Total Holes,Total RTP
1,Rickie Fowler,E,1,E
1,Fabián Gómez,E,2,E
1,Dustin Johnson,E,1,E
1,Patrick Reed,E,1,E
1,Jordan Spieth,E,1,E
6,Padraig Harrington,+.333,3,+1.00
7,Davis Love III,+.400,5,+2.00
8,Bill Haas,+.500,4,+2.00
8,Brandt Snedeker,+.500,2,+1.00
10,Bubba Watson,+.600,5,+3.00
11,Emiliano Grillo,+.667,3,+2.00
11,Danny Lee,+.667,3,+2.00
11,David Lingmerth,+.667,3,+2.00
14,Peter Malnati,+.750,4,+3.00
15,J.J. Henry,+.800,5,+4.00
15,J.B. Holmes,+.800,5,+4.00
15,Scott Piercy,+.800,5,+4.00
18,Troy Merritt,+.833,6,+5.00
18,Jimmy Walker,+.833,6,+5.00
20,Steven Bowditch,+1.000,2,+2.00
20,Alex Cejka,+1.000,5,+5.00
20,Matt Every,+1.000,3,+3.00
20,Kevin Kisner,+1.000,1,+1.00
20,Brooks Koepka,+1.000,1,+1.00
25,James Hahn,+1.143,7,+8.00
26,Graeme McDowell,+1.200,5,+6.00
27,Smylie Kaufman,+1.250,4,+5.00
27,Russell Knox,+1.250,4,+5.00
29,Jason Day,+1.333,3,+4.00
29,Zach Johnson,+1.333,3,+4.00
31,Justin Thomas,+1.500,2,+3.00
32,Chris Kirk,+1.667,3,+5.00
