rank,player,Avg RTP,Total Holes,Total RTP
1,Alex Cejka,E,4,E
1,Fabián Gómez,E,2,E
1,Padraig Harrington,E,3,E
1,Smylie Kaufman,E,2,E
1,Chris Kirk,E,2,E
1,Russell Knox,E,2,E
1,Danny Lee,E,4,E
1,David Lingmerth,E,6,E
1,Scott Piercy,E,4,E
1,Patrick Reed,E,4,E
11,Steven Bowditch,+.125,8,+1.00
12,Matt Every,+.143,7,+1.00
13,Jimmy Walker,+.167,6,+1.00
14,Jason Day,+.250,4,+1.00
14,Emiliano Grillo,+.250,4,+1.00
14,Bill Haas,+.250,4,+1.00
14,Peter Malnati,+.250,4,+1.00
14,Jordan Spieth,+.250,4,+1.00
19,Rickie Fowler,+.333,3,+1.00
19,Zach Johnson,+.333,6,+2.00
19,Kevin Kisner,+.333,6,+2.00
19,Brandt Snedeker,+.333,3,+1.00
23,J.J. Henry,+.400,5,+2.00
23,Brooks Koepka,+.400,5,+2.00
23,Graeme McDowell,+.400,5,+2.00
26,Dustin Johnson,+.429,7,+3.00
26,Justin Thomas,+.429,7,+3.00
28,Troy Merritt,+.500,4,+2.00
28,Bubba Watson,+.500,2,+1.00
30,James Hahn,+.600,5,+3.00
30,Davis Love III,+.600,5,+3.00
