rank,player,Avg RTP,Total Holes,Total RTP
1,Fabián Gómez,E,4,E
1,Patrick Reed,E,7,E
3,David Lingmerth,+.091,11,+1.00
4,Steven Bowditch,+.100,10,+1.00
5,Rickie Fowler,+.143,7,+1.00
6,Peter Malnati,+.167,6,+1.00
7,Alex Cejka,+.200,5,+1.00
7,Padraig Harrington,+.200,5,+1.00
9,Bill Haas,+.250,8,+2.00
9,Brooks Koepka,+.250,4,+1.00
9,Jordan Spieth,+.250,8,+2.00
9,Bubba Watson,+.250,4,+1.00
13,Davis Love III,+.333,6,+2.00
14,Kevin Kisner,+.375,8,+3.00
14,Danny Lee,+.375,8,+3.00
16,Chris Kirk,+.400,5,+2.00
16,Scott Piercy,+.400,10,+4.00
16,Brandt Snedeker,+.400,5,+2.00
19,James Hahn,+.417,12,+5.00
20,Dustin Johnson,+.500,6,+3.00
20,Jimmy Walker,+.500,8,+4.00
22,Justin Thomas,+.556,9,+5.00
23,Matt Every,+.571,7,+4.00
23,Zach Johnson,+.571,7,+4.00
23,Troy Merritt,+.571,7,+4.00
26,J.J. Henry,+.667,6,+4.00
26,J.B. Holmes,+.667,6,+4.00
26,Graeme McDowell,+.667,6,+4.00
29,Emiliano Grillo,+.750,4,+3.00
30,Jason Day,+1.000,5,+5.00
30,Smylie Kaufman,+1.000,3,+3.00
30,Russell Knox,+1.000,4,+4.00
