rank,player,Avg RTP,Total Holes,Total RTP
1,Alex Cejka,E,1,E
1,Matt Every,E,2,E
1,Smylie Kaufman,E,2,E
1,Russell Knox,E,1,E
1,David Lingmerth,E,1,E
1,Graeme McDowell,E,2,E
1,Bubba Watson,E,2,E
8,Bill Haas,+.200,5,+1.00
8,Jordan Spieth,+.200,5,+1.00
10,Fabián Gómez,+.250,4,+1.00
10,Zach Johnson,+.250,4,+1.00
10,Patrick Reed,+.250,4,+1.00
13,Peter Malnati,+.333,6,+2.00
13,Troy Merritt,+.333,3,+1.00
15,J.J. Henry,+.400,5,+2.00
16,James Hahn,+.444,9,+4.00
17,Jason Day,+.500,4,+2.00
17,Rickie Fowler,+.500,2,+1.00
17,Dustin Johnson,+.500,6,+3.00
17,Kevin Kisner,+.500,2,+1.00
17,Brooks Koepka,+.500,2,+1.00
17,Danny Lee,+.500,4,+2.00
17,Davis Love III,+.500,2,+1.00
17,Brandt Snedeker,+.500,2,+1.00
17,Jimmy Walker,+.500,2,+1.00
26,Padraig Harrington,+.667,3,+2.00
26,Chris Kirk,+.667,3,+2.00
26,Scott Piercy,+.667,6,+4.00
29,J.B. Holmes,+.800,5,+4.00
30,Steven Bowditch,+1.000,3,+3.00
30,Emiliano Grillo,+1.000,4,+4.00
30,Justin Thomas,+1.000,2,+2.00
