rank,player,Value,Total Drv Rank,GIR Rank
1,Gary Woodland,12,11,1
2,Graham DeLaet,15,8,7
3,Scott Piercy,22,15,7
4,Kevin Kisner,23,1,22
4,Spencer Levin,23,21,2
6,Emiliano Grillo,24,2,22
7,Morgan Hoffmann,29,7,22
7,Greg Owen,29,27,2
9,Jimmy Walker,30,17,13
10,Webb Simpson,33,20,13
11,Nick Mason,36,23,13
12,Charles Howell III,39,17,22
13,Jason Dufner,43,37,6
14,James Hahn,44,31,13
14,Jeff Overton,44,22,22
16,Sean O'Hair,45,4,41
17,Adam Scott,48,15,33
18,Harris English,49,8,41
18,Lucas Glover,49,27,22
18,Kyle Stanley,49,36,13
21,John Senden,50,48,2
21,Brandt Snedeker,50,43,7
23,Mark Hubbard,54,35,19
23,Michael Thompson,54,6,48
25,John Huh,55,14,41
26,Thomas Aiken,58,5,53
26,Fabián Gómez,58,51,7
26,Zach Johnson,58,51,7
29,Daniel Berger,60,2,58
29,Robert Garrigus,60,58,2
31,Hudson Swafford,61,13,48
32,Kevin Na,63,50,13
32,Daniel Summerhays,63,56,7
34,Tim Clark,64,42,22
34,Brendon de Jonge,64,45,19
34,Nick Taylor,64,23,41
37,Adam Hadwin,67,19,48
37,Danny Lee,67,31,36
37,Kyle Reifers,67,45,22
40,Si Woo Kim,68,10,58
41,Brian Harman,69,33,36
42,K.J. Choi,71,23,48
43,Matt Kuchar,73,51,22
43,Ryan Palmer,73,54,19
45,Zac Blair,78,30,48
45,Stewart Cink,78,56,22
47,David Lingmerth,81,40,41
47,Harold Varner III,81,12,69
49,Chez Reavie,84,26,58
49,Steve Wheatcroft,84,43,41
51,Daisuke Kataoka,85,27,58
51,Jerry Kelly,85,49,36
53,Hideto Tanihara,92,39,53
54,Tony Finau,93,60,33
54,S.Y. Noh,93,60,33
56,Marc Leishman,94,41,53
57,Shawn Stefani,95,73,22
58,Jamie Lovemark,96,34,62
59,Chad Campbell,99,63,36
60,Luke Donald,100,64,36
61,Tim Wilkinson,103,37,66
62,Ricky Barnes,107,66,41
62,Fred Funk,107,45,62
64,Shane Bertsch,108,55,53
65,William McGirt,122,69,53
66,Jason Gore,128,62,66
66,Steve Stricker,128,66,62
68,Padraig Harrington,132,59,73
69,J.J. Henry,133,64,69
70,Ben Martin,136,74,62
71,Tyrone Van Aswegen,138,72,66
72,Yusaku Miyazato,139,70,69
72,Vijay Singh,139,66,73
74,Francesco Molinari,140,71,69
