rank,player,Total,Distance Rank,Accuracy Rank
1,David Lingmerth,16,15,1
2,Fabián Gómez,20,19,1
2,Padraig Harrington,20,14,6
4,J.B. Holmes,21,3,18
4,Brooks Koepka,21,6,15
6,Davis Love III,23,13,10
7,Patrick Reed,26,11,15
8,Steven Bowditch,28,18,10
8,Rickie Fowler,28,10,18
8,Graeme McDowell,28,22,6
11,Bill Haas,29,26,3
11,Jordan Spieth,29,17,12
13,Scott Piercy,30,7,23
14,Dustin Johnson,31,1,30
14,Smylie Kaufman,31,8,23
16,Emiliano Grillo,32,28,4
16,Jimmy Walker,32,9,23
18,Jason Day,34,4,30
18,Justin Thomas,34,5,29
18,Bubba Watson,34,2,32
21,J.J. Henry,35,31,4
21,Russell Knox,35,27,8
23,Kevin Kisner,36,21,15
24,Matt Every,38,16,22
24,Danny Lee,38,30,8
26,Brandt Snedeker,39,12,27
27,Zach Johnson,41,29,12
27,Troy Merritt,41,23,18
29,Alex Cejka,43,25,18
30,Chris Kirk,44,32,12
31,James Hahn,47,24,23
31,Peter Malnati,47,20,27
