rank,player,Avg,Total Ball Speed,Total Attempts
1,Bubba Watson,183.22,549.66,3
2,Dustin Johnson,181.12,724.49,4
3,J.B. Holmes,180.10,720.40,4
4,Brooks Koepka,178.92,715.66,4
5,Rickie Fowler,177.38,709.53,4
6,Jason Day,176.11,704.44,4
7,Smylie Kaufman,175.76,703.02,4
8,Steven Bowditch,175.29,701.17,4
9,Justin Thomas,174.19,696.78,4
10,Jimmy Walker,173.21,692.83,4
11,Scott Piercy,172.91,691.63,4
12,Patrick Reed,170.67,682.70,4
13,Fabián Gómez,168.40,673.59,4
14,Jordan Spieth,166.26,665.03,4
15,Brandt Snedeker,166.09,664.36,4
16,J.J. Henry,165.80,497.41,3
17,Emiliano Grillo,165.75,497.25,3
18,Kevin Kisner,165.70,497.09,3
19,James Hahn,165.48,661.93,4
20,Danny Lee,165.40,661.60,4
21,Bill Haas,165.08,660.33,4
22,Troy Merritt,164.82,659.28,4
23,Davis Love III,164.34,493.03,3
24,David Lingmerth,163.99,655.94,4
25,Matt Every,163.77,491.31,3
26,Graeme McDowell,163.70,491.10,3
27,Russell Knox,163.50,653.99,4
28,Padraig Harrington,163.45,326.90,2
28,Chris Kirk,163.45,653.81,4
30,Peter Malnati,163.13,652.54,4
31,Alex Cejka,161.03,644.14,4
32,Zach Johnson,157.76,473.29,3
