rank,player,Avg,Total SG:OTT,Measured Rounds
1,Dustin Johnson,1.984,7.937,4
2,Bubba Watson,1.911,7.644,4
3,J.B. Holmes,.984,3.937,4
4,Rickie Fowler,.795,3.181,4
5,Brooks Koepka,.753,3.011,4
6,Jordan Spieth,.657,2.626,4
7,Fabián Gómez,.604,2.416,4
8,Patrick Reed,.531,2.124,4
9,Bill Haas,.432,1.728,4
10,Jason Day,.312,1.248,4
11,Kevin Kisner,.299,1.196,4
12,David Lingmerth,.271,1.083,4
13,Steven Bowditch,.250,1.000,4
14,Justin Thomas,.243,.973,4
15,Padraig Harrington,.216,.865,4
16,Danny Lee,.206,.824,4
17,Emiliano Grillo,.160,.640,4
18,Brandt Snedeker,-.002,-.009,4
19,Smylie Kaufman,-.094,-.378,4
20,Scott Piercy,-.128,-.511,4
21,Davis Love III,-.169,-.676,4
22,Jimmy Walker,-.280,-1.119,4
23,J.J. Henry,-.408,-1.634,4
24,Troy Merritt,-.634,-2.535,4
25,Matt Every,-.649,-2.595,4
26,Graeme McDowell,-.791,-3.166,4
27,Chris Kirk,-.827,-3.308,4
28,Zach Johnson,-.886,-3.546,4
29,Russell Knox,-.971,-3.883,4
30,Peter Malnati,-1.052,-4.207,4
31,Alex Cejka,-1.277,-5.109,4
32,James Hahn,-2.443,-9.771,4
