rank,player,Avg (Yards),Total Distance (inches),Number of Approach Shots
1,Russell Henley,153.4,"104,925",19
2,Keegan Bradley,157.2,"90,542",16
3,Tom Hoge,162.0,"157,509",27
4,Matt Fitzpatrick,168.9,"139,827",23
5,Seamus Power,169.1,"121,755",20
6,Hideki Matsuyama,171.1,"147,799",24
7,J.T. Poston,174.0,"144,059",23
8,Max Homa,174.3,"169,395",27
9,Chad Ramey,177.8,"121,619",19
10,K.H. Lee,179.0,"161,059",25
11,Sam Burns,179.5,"135,667",21
12,Sepp Straka,179.6,"148,687",23
13,Sungjae Im,181.1,"163,000",25
14,Will Zalatoris,185.5,"160,259",24
15,Ryan Brehm,186.5,"120,857",18
16,Billy Horschel,188.6,"135,800",20
17,Cameron Young,190.3,"205,535",30
18,Patrick Cantlay,190.8,"171,711",25
19,Viktor Hovland,191.0,"192,488",28
20,Tony Finau,191.8,"165,717",24
21,Trey Mullinax,192.9,"138,854",20
22,Chez Reavie,196.0,"119,952",17
23,Corey Conners,196.1,"155,289",22
24,Jon Rahm,198.5,"214,341",30
25,J.J. Spaun,199.8,"186,968",26
26,Adam Svensson,201.5,"116,089",16
27,Justin Thomas,202.6,"189,600",26
28,Adam Scott,202.9,"146,059",20
29,Brian Harman,203.7,"168,670",23
30,Collin Morikawa,204.6,"198,873",27
31,Scott Stallings,204.7,"176,887",24
32,Aaron Wise,205.9,"192,697",26
33,Scottie Scheffler,207.5,"186,718",25
34,Sahith Theegala,208.6,"135,169",18
35,Mackenzie Hughes,211.0,"167,090",22
36,Luke List,212.4,"198,849",26
37,Jordan Spieth,228.9,"189,564",23
38,Tom Kim,229.5,"206,525",25
