rank,player,Avg (Yards),Total Distance (inches),Number of Approach Shots
1,Chez Reavie,142.0,"230,109",45
2,Max Homa,144.4,"208,003",40
3,Adam Svensson,147.1,"238,332",45
4,Chad Ramey,152.6,"214,263",39
5,Collin Morikawa,152.8,"231,047",42
6,Russell Henley,153.0,"253,359",46
7,Jon Rahm,155.9,"207,617",37
8,Will Zalatoris,156.6,"248,092",44
9,K.H. Lee,157.2,"237,656",42
9,Hideki Matsuyama,157.2,"232,078",41
9,Cameron Young,157.2,"181,147",32
12,Trey Mullinax,157.4,"260,601",46
13,Aaron Wise,158.1,"210,587",37
14,Justin Thomas,158.4,"211,002",37
15,Tom Kim,159.5,"235,459",41
16,Tony Finau,159.9,"253,303",44
17,Billy Horschel,161.3,"255,485",44
18,J.T. Poston,163.9,"253,654",43
19,Ryan Brehm,165.5,"268,123",45
20,Scott Stallings,167.4,"235,000",39
21,Sepp Straka,167.8,"259,681",43
22,Scottie Scheffler,168.9,"255,356",42
23,Sam Burns,170.8,"264,392",43
24,Mackenzie Hughes,171.0,"270,904",44
25,Patrick Cantlay,171.5,"246,974",40
26,Tom Hoge,171.9,"241,299",39
27,Adam Scott,172.7,"273,568",44
28,Corey Conners,173.3,"287,024",46
29,Sungjae Im,173.6,"256,246",41
30,Seamus Power,174.2,"288,443",46
30,J.J. Spaun,174.2,"263,376",42
32,Viktor Hovland,174.3,"207,051",33
33,Jordan Spieth,176.7,"273,539",43
34,Sahith Theegala,183.4,"303,629",46
35,Brian Harman,184.7,"292,543",44
36,Keegan Bradley,184.9,"326,127",49
37,Luke List,188.6,"264,851",39
38,Matt Fitzpatrick,193.7,"313,873",45
