rank,player,Avg (Yards),Total Distance (inches),Number of Approach Shots
1,Keegan Bradley,88.4,"19,102",6
2,J.J. Spaun,109.1,"15,716",4
3,Sungjae Im,122.2,"26,389",6
4,Corey Conners,122.4,"17,619",4
5,Ryan Brehm,126.1,"36,319",8
6,Cameron Young,129.5,"46,627",10
7,Matt Fitzpatrick,131.2,"18,889",4
8,Collin Morikawa,133.4,"14,408",3
9,Adam Svensson,139.8,"55,369",11
10,Mackenzie Hughes,143.3,"30,943",6
11,Scott Stallings,143.6,"41,366",8
12,Luke List,146.1,"36,825",7
13,Viktor Hovland,147.6,"47,837",9
14,Seamus Power,148.9,"32,162",6
15,Tom Kim,149.5,"32,282",6
16,Sam Burns,150.0,"37,806",7
17,Trey Mullinax,150.4,"32,484",6
18,Billy Horschel,154.9,"39,038",7
19,Jordan Spieth,162.4,"35,070",6
20,Sahith Theegala,164.1,"47,257",8
21,Hideki Matsuyama,169.0,"36,497",6
21,Will Zalatoris,169.0,"24,333",4
23,K.H. Lee,169.9,"30,590",5
24,Chad Ramey,170.1,"73,466",12
25,Justin Thomas,172.5,"55,874",9
26,Brian Harman,173.2,"31,178",5
27,Tom Hoge,174.7,"37,741",6
28,Adam Scott,174.9,"50,371",8
29,Chez Reavie,175.8,"63,282",10
30,Aaron Wise,178.4,"51,389",8
31,Max Homa,181.0,"26,058",4
32,Sepp Straka,188.4,"40,692",6
33,Scottie Scheffler,189.4,"34,090",5
34,Patrick Cantlay,197.4,"49,754",7
35,J.T. Poston,204.3,"44,139",6
36,Jon Rahm,205.8,"37,045",5
37,Tony Finau,215.6,"23,288",3
38,Russell Henley,231.7,"58,380",7
