rank,player,%,Fairways Hit,Possible Fairways
1,Vaughn Taylor,86.67,52,60
2,William McGirt,85.00,51,60
3,Ryan Moore,83.33,50,60
3,Rod Pampling,83.33,50,60
5,Billy Hurley III,81.67,49,60
5,Pat Perez,81.67,49,60
5,Patrick Reed,81.67,49,60
8,Greg Chalmers,80.00,48,60
8,Brian Stuard,80.00,48,60
10,Jason Dufner,78.33,47,60
10,Jim Herman,78.33,47,60
10,Russell Knox,78.33,47,60
13,Aaron Baddeley,76.67,46,60
14,Daniel Berger,75.00,45,60
14,Fabián Gómez,75.00,45,60
14,James Hahn,75.00,45,60
17,Jordan Spieth,73.33,44,60
17,Justin Thomas,73.33,44,60
19,Charley Hoffman,71.67,43,60
19,Mackenzie Hughes,71.67,43,60
19,Jimmy Walker,71.67,43,60
19,Bubba Watson,71.67,43,60
23,Hideki Matsuyama,70.00,42,60
23,Brandt Snedeker,70.00,42,60
25,Tony Finau,68.33,41,60
26,Branden Grace,66.67,40,60
26,Cody Gribble,66.67,40,60
28,Dustin Johnson,61.67,37,60
28,Jhonattan Vegas,61.67,37,60
30,Brendan Steele,60.00,36,60
31,Jason Day,58.33,35,60
32,Si Woo Kim,55.00,33,60
