rank,player,%,Total Right rough,Possible Fwys,Relative to par
1,Mackenzie Hughes,3.33,2,60,E
2,Greg Chalmers,5.00,3,60,E
2,Jason Dufner,5.00,3,60,-0.33
2,Billy Hurley III,5.00,3,60,E
2,Ryan Moore,5.00,3,60,E
2,Vaughn Taylor,5.00,3,60,-0.33
7,Patrick Reed,6.67,4,60,+0.25
8,Tony Finau,8.33,5,60,-0.40
8,Brian Stuard,8.33,5,60,-0.40
10,Aaron Baddeley,10.00,6,60,E
10,Jim Herman,10.00,6,60,E
10,Brandt Snedeker,10.00,6,60,+0.50
13,Russell Knox,10.17,6,59,-0.17
14,Fabián Gómez,11.67,7,60,E
14,James Hahn,11.67,7,60,+0.29
14,William McGirt,11.67,7,60,+0.14
14,Rod Pampling,11.67,7,60,-0.14
14,Pat Perez,11.67,7,60,E
14,Bubba Watson,11.67,7,60,+0.14
20,Hideki Matsuyama,13.33,8,60,+0.13
21,Cody Gribble,13.56,8,59,-0.25
22,Daniel Berger,15.00,9,60,+0.11
22,Branden Grace,15.00,9,60,+0.44
24,Charley Hoffman,15.25,9,59,+0.11
25,Jordan Spieth,16.67,10,60,-0.10
25,Justin Thomas,16.67,10,60,E
27,Si Woo Kim,16.95,10,59,+0.20
28,Dustin Johnson,18.33,11,60,-0.09
29,Jhonattan Vegas,18.64,11,59,-0.18
30,Jason Day,23.33,14,60,-0.29
30,Jimmy Walker,23.33,14,60,E
32,Brendan Steele,23.73,14,59,-0.07
