rank,player,%,Number of Times,Attempts,Avg RTP Score
1,Jordan Spieth,15.4,2,13,+15.00
2,Jimmy Walker,17.6,3,17,-3.33
3,Russell Knox,25.0,3,12,E
4,William McGirt,28.6,2,7,E
5,Rod Pampling,30.0,3,10,E
6,Si Woo Kim,30.4,7,23,+1.43
7,Brendan Steele,31.6,6,19,-6.67
8,Daniel Berger,33.3,4,12,+2.50
9,Charley Hoffman,35.7,5,14,+4.00
9,Justin Thomas,35.7,5,14,-4.00
11,Pat Perez,36.4,4,11,E
12,Jason Day,38.1,8,21,+2.50
13,Branden Grace,42.1,8,19,-3.75
14,Fabián Gómez,42.9,6,14,+1.67
15,James Hahn,46.7,7,15,-2.86
16,Dustin Johnson,47.4,9,19,-3.33
17,Ryan Moore,50.0,5,10,E
17,Brian Stuard,50.0,5,10,-2.00
17,Bubba Watson,50.0,6,12,+1.67
20,Hideki Matsuyama,53.3,8,15,E
20,Jhonattan Vegas,53.3,8,15,+1.25
22,Jim Herman,54.5,6,11,-1.67
23,Brandt Snedeker,58.8,10,17,E
24,Billy Hurley III,60.0,6,10,+1.67
25,Aaron Baddeley,61.5,8,13,-1.25
26,Cody Gribble,62.5,10,16,-2.00
27,Greg Chalmers,63.6,7,11,+2.86
28,Patrick Reed,66.7,6,9,+1.67
28,Vaughn Taylor,66.7,4,6,-2.50
30,Tony Finau,73.3,11,15,-1.82
31,Jason Dufner,75.0,9,12,+1.11
32,Mackenzie Hughes,80.0,12,15,E
