rank,player,%,# Hit,Total Attempts
1,Rod Pampling,100.00,60,60
2,Jim Herman,98.33,59,60
2,Dustin Johnson,98.33,59,60
2,Brian Stuard,98.33,59,60
2,Justin Thomas,98.33,59,60
6,Tony Finau,96.67,58,60
6,William McGirt,96.67,58,60
6,Vaughn Taylor,96.67,58,60
9,Billy Hurley III,95.00,57,60
9,Ryan Moore,95.00,57,60
9,Pat Perez,95.00,57,60
9,Bubba Watson,95.00,57,60
13,Daniel Berger,93.33,56,60
13,Fabián Gómez,93.33,56,60
13,James Hahn,93.33,56,60
13,Mackenzie Hughes,93.33,56,60
13,Jordan Spieth,93.33,56,60
13,Jhonattan Vegas,93.33,56,60
19,Aaron Baddeley,91.67,55,60
19,Greg Chalmers,91.67,55,60
19,Jason Dufner,91.67,55,60
19,Branden Grace,91.67,55,60
19,Russell Knox,91.67,55,60
19,Patrick Reed,91.67,55,60
19,Brendan Steele,91.67,55,60
26,Cody Gribble,90.00,54,60
26,Hideki Matsuyama,90.00,54,60
26,Brandt Snedeker,90.00,54,60
26,Jimmy Walker,90.00,54,60
30,Charley Hoffman,88.33,53,60
31,Jason Day,86.67,52,60
32,Si Woo Kim,76.67,46,60
