rank,player,RTP Score
1,Tony Finau,-.400
1,Brian Stuard,-.400
3,Jason Dufner,-.333
3,Vaughn Taylor,-.333
5,Jason Day,-.286
6,Cody Gribble,-.250
7,Jhonattan Vegas,-.182
8,Russell Knox,-.167
9,Rod Pampling,-.143
10,Jordan Spieth,-.100
11,Dustin Johnson,-.091
12,Brendan Steele,-.071
13,Aaron Baddeley,E
13,Greg Chalmers,E
13,Fabián Gómez,E
13,Jim Herman,E
13,Mackenzie Hughes,E
13,Billy Hurley III,E
13,Ryan Moore,E
13,Pat Perez,E
13,Justin Thomas,E
13,Jimmy Walker,E
23,Daniel Berger,+.111
23,Charley Hoffman,+.111
25,Hideki Matsuyama,+.125
26,William McGirt,+.143
26,Bubba Watson,+.143
28,Si Woo Kim,+.200
29,Patrick Reed,+.250
30,James Hahn,+.286
31,Branden Grace,+.444
32,Brandt Snedeker,+.500
