rank,player,%,Total Fairway Bunkers,Possible Fwys,Relative to par
1,Aaron Baddeley,.0,0,0,E
1,Daniel Berger,.0,0,0,E
1,Jason Dufner,.0,0,0,E
1,Branden Grace,.0,0,0,E
1,Cody Gribble,.0,0,0,E
1,Jim Herman,.0,0,0,E
1,Billy Hurley III,.0,0,0,E
1,Dustin Johnson,.0,0,0,E
1,Russell Knox,.0,0,0,E
1,William McGirt,.0,0,0,E
1,Rod Pampling,.0,0,0,E
1,Pat Perez,.0,0,0,E
1,Jordan Spieth,.0,0,0,E
1,Brendan Steele,.0,0,0,E
1,Brian Stuard,.0,0,0,E
1,Vaughn Taylor,.0,0,0,E
1,Justin Thomas,.0,0,0,E
1,Jhonattan Vegas,.0,0,0,E
1,Jimmy Walker,.0,0,0,E
1,Bubba Watson,.0,0,0,E
21,James Hahn,1.7,1,4,+1.000
21,Charley Hoffman,1.7,1,4,E
21,Mackenzie Hughes,1.7,1,4,+1.000
21,Hideki Matsuyama,1.7,1,4,E
21,Patrick Reed,1.7,1,4,-1.000
21,Brandt Snedeker,1.7,1,4,E
27,Greg Chalmers,3.3,2,8,E
27,Jason Day,3.3,2,8,E
27,Tony Finau,3.3,2,8,E
30,Si Woo Kim,3.4,2,8,+0.500
31,Fabián Gómez,5.0,3,12,+0.333
31,Ryan Moore,5.0,3,12,+0.333
