rank,player,Avg,Total Distance (Feet),Total Strokes
1,Rod Pampling,"7' 3""",72.417,10
2,William McGirt,"9' 4""",65.250,7
3,Jordan Spieth,"11' 7""",138.917,12
4,Jim Herman,"12' 5""",136.333,11
5,Bubba Watson,"12' 6""",149.667,12
6,Branden Grace,"12' 10""",231.500,18
7,Jimmy Walker,"12' 11""",219.167,17
8,Brian Stuard,"13' 9""",137.667,10
9,Charley Hoffman,"14' 2""",212.583,15
10,Brandt Snedeker,"14' 4""",244.083,17
11,Mackenzie Hughes,"14' 6""",217.833,15
12,Billy Hurley III,"14' 9""",132.500,9
12,Ryan Moore,"14' 9""",147.667,10
14,Fabián Gómez,"14' 10""",207.833,14
15,Pat Perez,"15' 3""",152.750,10
16,Jhonattan Vegas,"16' 3""",227.833,14
17,Brendan Steele,"16' 7""",298.000,18
18,Aaron Baddeley,"17' 2""",223.667,13
19,Tony Finau,"17' 10""",249.250,14
20,Jason Dufner,"18' 2""",218.417,12
21,James Hahn,"18' 6""",277.333,15
22,Daniel Berger,"18' 11""",227.000,12
23,Greg Chalmers,"19' 1""",171.417,9
24,Russell Knox,"19' 2""",249.667,13
25,Hideki Matsuyama,"19' 6""",293.083,15
26,Justin Thomas,"19' 7""",273.583,14
27,Dustin Johnson,"19' 9""",374.833,19
28,Si Woo Kim,"19' 10""",377.250,19
29,Jason Day,"21' 4""",426.083,20
30,Patrick Reed,"24' 3""",194.083,8
31,Vaughn Taylor,"24' 10""",149.167,6
32,Cody Gribble,"37' 7""",601.083,16
