rank,player,%,Fairways Hit,Possible Fairways,Relative to Par
1,Vaughn Taylor,86.67,52,60,-0.10
2,William McGirt,85.00,51,60,-0.22
3,Ryan Moore,83.33,50,60,-0.34
3,Rod Pampling,83.33,50,60,-0.18
5,Billy Hurley III,81.67,49,60,-0.18
5,Pat Perez,81.67,49,60,-0.31
5,Patrick Reed,81.67,49,60,-0.35
8,Greg Chalmers,80.00,48,60,-0.15
8,Brian Stuard,80.00,48,60,-0.15
10,Russell Knox,79.66,47,59,-0.28
11,Jason Dufner,78.33,47,60,-0.19
11,Jim Herman,78.33,47,60,-0.23
13,Aaron Baddeley,76.67,46,60,-0.07
14,Daniel Berger,75.00,45,60,-0.29
14,Fabián Gómez,75.00,45,60,-0.22
14,James Hahn,75.00,45,60,-0.22
17,Jordan Spieth,73.33,44,60,-0.50
17,Justin Thomas,73.33,44,60,-0.34
19,Charley Hoffman,72.88,43,59,-0.23
20,Mackenzie Hughes,71.67,43,60,-0.23
20,Jimmy Walker,71.67,43,60,-0.35
20,Bubba Watson,71.67,43,60,-0.21
23,Hideki Matsuyama,70.00,42,60,-0.38
23,Brandt Snedeker,70.00,42,60,-0.21
25,Tony Finau,68.33,41,60,-0.27
26,Cody Gribble,67.80,40,59,-0.25
27,Branden Grace,66.67,40,60,-0.18
28,Jhonattan Vegas,62.71,37,59,-0.24
29,Dustin Johnson,61.67,37,60,-0.32
30,Brendan Steele,61.02,36,59,-0.31
31,Jason Day,58.33,35,60,-0.31
32,Si Woo Kim,55.93,33,59,-0.30
