rank,player,RTP Score
1,Brendan Steele,-.667
2,Hideki Matsuyama,-.625
3,James Hahn,-.500
3,Justin Thomas,-.500
5,Branden Grace,-.375
5,Cody Gribble,-.375
7,Pat Perez,-.333
7,Jimmy Walker,-.333
9,Dustin Johnson,-.300
10,Jason Dufner,-.250
11,Tony Finau,-.222
12,Vaughn Taylor,-.200
13,Brian Stuard,-.167
14,Jim Herman,-.143
14,Jhonattan Vegas,-.143
16,Aaron Baddeley,-.125
17,Brandt Snedeker,-.100
18,Mackenzie Hughes,-.071
19,Jason Day,E
19,Fabián Gómez,E
19,Si Woo Kim,E
19,Russell Knox,E
19,William McGirt,E
19,Ryan Moore,E
19,Rod Pampling,E
19,Patrick Reed,E
27,Billy Hurley III,+.143
28,Daniel Berger,+.250
28,Greg Chalmers,+.250
30,Bubba Watson,+.286
31,Jordan Spieth,+.333
32,Charley Hoffman,+.500
