rank,player,%,Total Left rough,Possible Fwys,Relative to par
1,William McGirt,3.33,2,60,E
2,Rod Pampling,5.00,3,60,E
2,Pat Perez,5.00,3,60,-0.33
2,Patrick Reed,5.00,3,60,E
2,Jordan Spieth,5.00,3,60,+0.33
2,Jimmy Walker,5.00,3,60,-0.33
7,Russell Knox,5.08,3,59,E
8,Daniel Berger,6.67,4,60,+0.25
8,Greg Chalmers,6.67,4,60,+0.25
8,Fabián Gómez,6.67,4,60,E
8,Ryan Moore,6.67,4,60,E
8,Justin Thomas,6.67,4,60,-0.50
13,Charley Hoffman,6.78,4,59,+0.50
14,Vaughn Taylor,8.33,5,60,-0.20
15,James Hahn,10.00,6,60,-0.50
15,Brian Stuard,10.00,6,60,-0.17
17,Brendan Steele,10.17,6,59,-0.67
18,Jason Day,11.67,7,60,E
18,Jim Herman,11.67,7,60,-0.14
18,Billy Hurley III,11.67,7,60,+0.14
18,Bubba Watson,11.67,7,60,+0.29
22,Si Woo Kim,11.86,7,59,E
22,Jhonattan Vegas,11.86,7,59,-0.14
24,Aaron Baddeley,13.33,8,60,-0.13
24,Jason Dufner,13.33,8,60,-0.25
24,Branden Grace,13.33,8,60,-0.38
24,Hideki Matsuyama,13.33,8,60,-0.63
28,Cody Gribble,13.56,8,59,-0.38
29,Tony Finau,15.00,9,60,-0.22
30,Dustin Johnson,16.67,10,60,-0.30
30,Brandt Snedeker,16.67,10,60,-0.10
32,Mackenzie Hughes,23.33,14,60,-0.07
