rank,player,%,Total Missed,Total Fwys,Relative to par
1,Aaron Baddeley,.00,0,60,E
1,Jim Herman,.00,0,60,E
1,Mackenzie Hughes,.00,0,60,E
1,William McGirt,.00,0,60,E
1,Ryan Moore,.00,0,60,E
1,Rod Pampling,.00,0,60,E
1,Vaughn Taylor,.00,0,60,E
1,Jimmy Walker,.00,0,60,E
9,Fabián Gómez,1.67,1,60,-1.00
9,James Hahn,1.67,1,60,+1.00
9,Billy Hurley III,1.67,1,60,+2.00
9,Hideki Matsuyama,1.67,1,60,+2.00
9,Pat Perez,1.67,1,60,+1.00
9,Brandt Snedeker,1.67,1,60,E
9,Brian Stuard,1.67,1,60,E
16,Daniel Berger,3.33,2,60,E
16,Jason Day,3.33,2,60,+1.00
16,Jason Dufner,3.33,2,60,+1.00
16,Dustin Johnson,3.33,2,60,E
16,Justin Thomas,3.33,2,60,-0.50
21,Charley Hoffman,3.39,2,59,+0.50
22,Greg Chalmers,5.00,3,60,+0.33
22,Tony Finau,5.00,3,60,+0.33
22,Branden Grace,5.00,3,60,+1.67
22,Patrick Reed,5.00,3,60,+0.33
22,Jordan Spieth,5.00,3,60,+1.33
22,Bubba Watson,5.00,3,60,+0.33
28,Cody Gribble,5.08,3,59,+0.33
28,Russell Knox,5.08,3,59,+1.67
28,Brendan Steele,5.08,3,59,+0.33
31,Jhonattan Vegas,6.78,4,59,+1.00
32,Si Woo Kim,11.86,7,59,+1.00
