rank,player,%,Number of Times,Attempts,Avg RTP Score
1,Mackenzie Hughes,20.0,3,15,+3.33
2,Jason Dufner,25.0,3,12,-3.33
3,Tony Finau,26.7,4,15,+2.50
4,Patrick Reed,33.3,3,9,+3.33
4,Vaughn Taylor,33.3,2,6,E
6,Greg Chalmers,36.4,4,11,E
7,Cody Gribble,37.5,6,16,E
8,Aaron Baddeley,38.5,5,13,E
9,Billy Hurley III,40.0,4,10,+5.00
10,Brandt Snedeker,41.2,7,17,+4.29
11,Jim Herman,45.5,5,11,+2.00
12,Hideki Matsuyama,46.7,7,15,+1.43
12,Jhonattan Vegas,46.7,7,15,E
14,Ryan Moore,50.0,5,10,+2.00
14,Brian Stuard,50.0,5,10,-4.00
14,Bubba Watson,50.0,6,12,+1.67
17,Dustin Johnson,52.6,10,19,-2.00
18,James Hahn,53.3,8,15,+3.75
19,Fabián Gómez,57.1,8,14,E
20,Branden Grace,57.9,11,19,+6.36
21,Jason Day,61.9,13,21,-3.08
22,Pat Perez,63.6,7,11,E
23,Charley Hoffman,64.3,9,14,+1.11
23,Justin Thomas,64.3,9,14,E
25,Daniel Berger,66.7,8,12,+1.25
26,Brendan Steele,68.4,13,19,E
27,Si Woo Kim,69.6,16,23,+6.88
28,Rod Pampling,70.0,7,10,-1.43
29,William McGirt,71.4,5,7,+2.00
30,Russell Knox,75.0,9,12,+4.44
31,Jimmy Walker,82.4,14,17,E
32,Jordan Spieth,84.6,11,13,E
