rank,player,Avg,Total Strokes,Total Late Rounds
1,Jon Rahm,66.25,265,4
2,Tom Kim,67.50,270,4
3,Tom Hoge,67.67,203,3
3,K.H. Lee,67.67,203,3
3,Collin Morikawa,67.67,203,3
6,Matt Fitzpatrick,67.75,271,4
6,Scottie Scheffler,67.75,271,4
8,Patrick Cantlay,68.00,68,1
8,Tony Finau,68.00,204,3
8,Max Homa,68.00,136,2
11,Jordan Spieth,68.25,273,4
12,Brian Harman,68.33,205,3
13,J.J. Spaun,68.67,206,3
14,Aaron Wise,68.75,275,4
15,Russell Henley,69.00,69,1
15,Luke List,69.00,207,3
15,J.T. Poston,69.00,276,4
15,Will Zalatoris,69.00,69,1
19,Sungjae Im,69.33,208,3
20,Viktor Hovland,69.50,139,2
20,Seamus Power,69.50,139,2
22,Hideki Matsuyama,69.67,209,3
23,Keegan Bradley,70.00,70,1
23,Corey Conners,70.00,140,2
23,Justin Thomas,70.00,70,1
26,Ryan Brehm,71.00,71,1
26,Sepp Straka,71.00,71,1
26,Sahith Theegala,71.00,71,1
29,Adam Scott,72.00,72,1
29,Scott Stallings,72.00,72,1
31,Mackenzie Hughes,74.00,74,1
32,Billy Horschel,76.00,76,1
