rank,player,Avg,Total Strokes,Total Rounds
1,Collin Morikawa,66.00,66,1
1,Scottie Scheffler,66.00,66,1
1,Jordan Spieth,66.00,66,1
4,J.J. Spaun,68.00,68,1
5,Tony Finau,69.00,69,1
5,Matt Fitzpatrick,69.00,69,1
5,Tom Kim,69.00,69,1
5,K.H. Lee,69.00,69,1
5,J.T. Poston,69.00,69,1
5,Seamus Power,69.00,69,1
11,Hideki Matsuyama,70.00,70,1
11,Aaron Wise,70.00,70,1
13,Ryan Brehm,71.00,71,1
13,Tom Hoge,71.00,71,1
13,Jon Rahm,71.00,71,1
13,Sahith Theegala,71.00,71,1
17,Viktor Hovland,72.00,72,1
17,Sungjae Im,72.00,72,1
17,Scott Stallings,72.00,72,1
20,Mackenzie Hughes,74.00,74,1
