rank,player,Low Rnd
1,Jon Rahm,63
2,Tom Hoge,64
3,Tom Kim,65
3,Collin Morikawa,65
5,Tony Finau,66
5,Matt Fitzpatrick,66
5,Max Homa,66
5,Sungjae Im,66
5,Luke List,66
5,Scottie Scheffler,66
5,Jordan Spieth,66
5,Aaron Wise,66
13,Brian Harman,67
13,Viktor Hovland,67
13,K.H. Lee,67
13,Hideki Matsuyama,67
17,Patrick Cantlay,68
17,Corey Conners,68
17,J.T. Poston,68
17,J.J. Spaun,68
21,Russell Henley,69
21,Seamus Power,69
21,Will Zalatoris,69
24,Keegan Bradley,70
24,Justin Thomas,70
26,Ryan Brehm,71
26,Sepp Straka,71
26,Sahith Theegala,71
29,Adam Scott,72
29,Scott Stallings,72
31,Mackenzie Hughes,74
32,Billy Horschel,76
