rank,player,Avg,Total Strokes,Total Rounds
1,Collin Morikawa,65.00,65,1
2,Matt Fitzpatrick,66.00,66,1
3,Brian Harman,67.00,67,1
3,K.H. Lee,67.00,67,1
3,Hideki Matsuyama,67.00,67,1
3,Jon Rahm,67.00,67,1
7,Tom Hoge,68.00,68,1
7,Tom Kim,68.00,68,1
7,J.T. Poston,68.00,68,1
10,Tony Finau,69.00,69,1
10,Scottie Scheffler,69.00,69,1
10,J.J. Spaun,69.00,69,1
13,Luke List,70.00,70,1
13,Seamus Power,70.00,70,1
13,Aaron Wise,70.00,70,1
16,Jordan Spieth,71.00,71,1
17,Corey Conners,72.00,72,1
17,Adam Scott,72.00,72,1
