rank,player,Total
1,Rory Sabbatini,17.6
2,Davis Love III,18.8
3,Rod Pampling,19.4
4,Luke Donald,20.5
5,Adam Scott,21.0
6,John Senden,24.7
7,Joe Durant,27.3
7,Vijay Singh,27.3
9,Trevor Immelman,27.5
10,Stuart Appleby,28.0
11,J.J. Henry,28.3
12,David Toms,29.8
12,Dean Wilson,29.8
14,Tim Herron,30.0
15,Troy Matteson,30.4
16,K.J. Choi,31.5
17,Kirk Triplett,34.4
18,Stephen Ames,34.6
19,Ben Curtis,36.7
20,Will MacKenzie,37.3
21,Aaron Baddeley,37.6
22,J.B. Holmes,38.8
23,Chris Couch,39.5
24,John Rollins,39.7
25,Corey Pavin,40.1
26,D.J. Trahan,40.9
27,Jeff Maggert,41.3
28,Jim Furyk,43.0
29,Carl Pettersson,44.5
30,Brett Wetterich,46.3
31,Geoff Ogilvy,51.6
32,Eric Axley,53.9
33,Chad Campbell,54.8
