rank,player,Value,Attempts(<= 5'),Tot Made (>=20'),Tot Made (<= 5')
1,Rory Sabbatini,103.70,54,2,54
2,Vijay Singh,103.39,59,3,58
3,Kirk Triplett,101.79,56,2,55
4,Joe Durant,101.75,57,5,53
5,Stephen Ames,100.00,55,2,53
5,Rod Pampling,100.00,55,2,53
7,Carl Pettersson,98.53,68,1,66
8,Tim Herron,98.44,64,0,63
9,Troy Matteson,98.33,60,1,58
10,Geoff Ogilvy,97.01,67,2,63
11,Brett Wetterich,96.88,64,1,61
11,Dean Wilson,96.88,64,1,61
13,J.B. Holmes,96.83,63,1,60
14,Luke Donald,96.67,60,1,57
15,Chris Couch,96.55,58,1,55
15,J.J. Henry,96.55,58,0,56
17,Davis Love III,96.43,56,0,54
18,Jim Furyk,95.65,69,3,63
19,John Rollins,95.31,64,0,61
20,Aaron Baddeley,95.24,63,0,60
20,Will MacKenzie,95.24,63,0,60
22,Stuart Appleby,95.16,62,0,59
22,David Toms,95.16,62,0,59
24,Adam Scott,95.00,60,1,56
24,John Senden,95.00,60,0,57
26,Trevor Immelman,94.74,57,1,53
27,Chad Campbell,94.12,68,0,64
28,Ben Curtis,94.03,67,1,62
29,Jeff Maggert,93.85,65,1,60
30,K.J. Choi,92.31,65,0,60
30,D.J. Trahan,92.31,65,1,59
32,Eric Axley,92.06,63,2,56
33,Corey Pavin,90.00,60,0,54
