rank,player,%,# Birdies,Greens Hit
1,Rory Sabbatini,39.13,18,46
2,Adam Scott,36.21,21,58
3,Vijay Singh,32.73,18,55
4,J.B. Holmes,32.26,20,62
5,Davis Love III,31.15,19,61
6,Trevor Immelman,29.51,18,61
7,Stuart Appleby,29.41,15,51
8,K.J. Choi,29.31,17,58
8,Will MacKenzie,29.31,17,58
10,David Toms,28.81,17,59
11,Aaron Baddeley,28.57,14,49
12,Geoff Ogilvy,27.78,15,54
13,Troy Matteson,26.32,15,57
14,Stephen Ames,25.00,15,60
14,Chris Couch,25.00,14,56
14,Luke Donald,25.00,15,60
14,Joe Durant,25.00,14,56
14,J.J. Henry,25.00,15,60
19,Rod Pampling,23.64,13,55
20,Brett Wetterich,23.08,12,52
21,Eric Axley,22.64,12,53
22,Kirk Triplett,22.58,14,62
23,Carl Pettersson,21.15,11,52
24,Tim Herron,20.00,11,55
24,Jeff Maggert,20.00,10,50
26,Corey Pavin,19.23,10,52
27,John Senden,18.87,10,53
28,John Rollins,18.37,9,49
29,Jim Furyk,17.74,11,62
30,Dean Wilson,17.65,9,51
31,D.J. Trahan,15.69,8,51
32,Chad Campbell,14.29,7,49
33,Ben Curtis,9.76,4,41
