rank,player,Avg,GIR Putts,Greens Hit,Birdie Conversion
1,Rory Sabbatini,1.696,78,46,39.13
2,Vijay Singh,1.764,97,55,32.73
3,David Toms,1.797,106,59,28.81
4,Stuart Appleby,1.804,92,51,29.41
5,J.B. Holmes,1.806,112,62,32.26
6,Will MacKenzie,1.814,107,59,29.31
7,Stephen Ames,1.817,109,60,25.00
8,K.J. Choi,1.828,106,58,29.31
8,Adam Scott,1.828,106,58,36.21
10,Aaron Baddeley,1.837,90,49,28.57
11,Troy Matteson,1.842,105,57,26.32
12,Luke Donald,1.850,111,60,25.00
13,Davis Love III,1.852,113,61,31.15
14,Kirk Triplett,1.855,115,62,22.58
15,Trevor Immelman,1.869,114,61,29.51
16,J.J. Henry,1.883,113,60,25.00
17,Chris Couch,1.895,108,57,25.00
18,Geoff Ogilvy,1.907,103,54,27.78
19,Tim Herron,1.909,105,55,20.00
20,Joe Durant,1.911,107,56,25.00
21,Brett Wetterich,1.923,100,52,23.08
22,John Senden,1.925,102,53,18.87
23,Eric Axley,1.926,104,54,22.64
24,Rod Pampling,1.927,106,55,23.64
25,Corey Pavin,1.942,101,52,19.23
26,Jim Furyk,1.952,121,62,17.74
27,Jeff Maggert,1.960,98,50,20.00
28,John Rollins,1.980,97,49,18.37
28,D.J. Trahan,1.980,101,51,15.69
28,Dean Wilson,1.980,101,51,17.65
31,Ben Curtis,2.000,82,41,9.76
31,Carl Pettersson,2.000,104,52,21.15
33,Chad Campbell,2.041,100,49,14.29
