rank,player,Avg,Total Strokes,Total Rounds
1,J.J. Henry,68.00,68,1
1,Rory Sabbatini,68.00,68,1
3,Adam Scott,69.00,69,1
3,Kirk Triplett,69.00,69,1
5,Troy Matteson,70.00,70,1
5,John Rollins,70.00,70,1
5,Vijay Singh,70.00,70,1
8,K.J. Choi,71.00,71,1
8,Luke Donald,71.00,71,1
8,J.B. Holmes,71.00,71,1
8,Rod Pampling,71.00,71,1
12,Stuart Appleby,72.00,72,1
12,Joe Durant,72.00,72,1
12,Tim Herron,72.00,72,1
12,Trevor Immelman,72.00,72,1
12,David Toms,72.00,72,1
12,Dean Wilson,72.00,72,1
18,Will MacKenzie,73.00,73,1
18,Brett Wetterich,73.00,73,1
20,Stephen Ames,74.00,74,1
20,Eric Axley,74.00,74,1
20,Jeff Maggert,74.00,74,1
20,Geoff Ogilvy,74.00,74,1
20,Corey Pavin,74.00,74,1
25,Davis Love III,75.00,75,1
25,John Senden,75.00,75,1
25,D.J. Trahan,75.00,75,1
28,Jim Furyk,76.00,76,1
29,Chris Couch,77.00,77,1
29,Ben Curtis,77.00,77,1
29,Carl Pettersson,77.00,77,1
32,Aaron Baddeley,78.00,78,1
32,Chad Campbell,78.00,78,1
