rank,player,Avg,Total Strokes,Total Rounds
1,David Toms,67.00,67,1
2,Davis Love III,68.00,68,1
3,Eric Axley,69.00,69,1
3,K.J. Choi,69.00,69,1
3,Rod Pampling,69.00,69,1
3,Adam Scott,69.00,69,1
7,Stephen Ames,70.00,70,1
7,Aaron Baddeley,70.00,70,1
7,Chris Couch,70.00,70,1
7,Carl Pettersson,70.00,70,1
7,Vijay Singh,70.00,70,1
12,Stuart Appleby,71.00,71,1
12,Luke Donald,71.00,71,1
12,Joe Durant,71.00,71,1
12,Jim Furyk,71.00,71,1
12,J.J. Henry,71.00,71,1
12,Rory Sabbatini,71.00,71,1
12,John Senden,71.00,71,1
19,J.B. Holmes,72.00,72,1
19,Trevor Immelman,72.00,72,1
19,Will MacKenzie,72.00,72,1
19,Kirk Triplett,72.00,72,1
19,Dean Wilson,72.00,72,1
24,Geoff Ogilvy,73.00,73,1
24,Brett Wetterich,73.00,73,1
26,Tim Herron,74.00,74,1
26,Troy Matteson,74.00,74,1
26,John Rollins,74.00,74,1
29,Chad Campbell,75.00,75,1
29,D.J. Trahan,75.00,75,1
31,Ben Curtis,76.00,76,1
32,Corey Pavin,77.00,77,1
33,Jeff Maggert,79.00,79,1
