rank,player,Avg,Total Strokes,Total Rounds
1,Stephen Ames,69.00,69,1
1,K.J. Choi,69.00,69,1
1,Will MacKenzie,69.00,69,1
1,Vijay Singh,69.00,69,1
1,Brett Wetterich,69.00,69,1
6,Davis Love III,70.00,70,1
7,Chris Couch,71.00,71,1
7,Jim Furyk,71.00,71,1
7,Trevor Immelman,71.00,71,1
7,Rory Sabbatini,71.00,71,1
11,Luke Donald,72.00,72,1
11,Carl Pettersson,72.00,72,1
13,Stuart Appleby,73.00,73,1
13,Joe Durant,73.00,73,1
13,J.B. Holmes,73.00,73,1
13,Troy Matteson,73.00,73,1
13,Adam Scott,73.00,73,1
13,John Senden,73.00,73,1
19,J.J. Henry,74.00,74,1
19,Geoff Ogilvy,74.00,74,1
19,Rod Pampling,74.00,74,1
22,Tim Herron,75.00,75,1
22,Corey Pavin,75.00,75,1
22,David Toms,75.00,75,1
22,Kirk Triplett,75.00,75,1
26,Jeff Maggert,76.00,76,1
27,Aaron Baddeley,77.00,77,1
27,Chad Campbell,77.00,77,1
27,John Rollins,77.00,77,1
30,Eric Axley,78.00,78,1
31,D.J. Trahan,79.00,79,1
32,Dean Wilson,80.00,80,1
33,Ben Curtis,81.00,81,1
