rank,player,%
1,Eric Axley,100.00
1,Aaron Baddeley,100.00
1,K.J. Choi,100.00
1,Chris Couch,100.00
1,Ben Curtis,100.00
1,Luke Donald,100.00
1,Jim Furyk,100.00
1,J.J. Henry,100.00
1,J.B. Holmes,100.00
1,Trevor Immelman,100.00
1,Davis Love III,100.00
1,Will MacKenzie,100.00
1,Geoff Ogilvy,100.00
1,Rod Pampling,100.00
1,Carl Pettersson,100.00
1,Adam Scott,100.00
1,John Senden,100.00
1,Vijay Singh,100.00
1,David Toms,100.00
1,D.J. Trahan,100.00
1,Dean Wilson,100.00
22,Stephen Ames,.00
22,Stuart Appleby,.00
22,Chad Campbell,.00
22,Joe Durant,.00
22,Tim Herron,.00
22,Jeff Maggert,.00
22,Troy Matteson,.00
22,Corey Pavin,.00
22,John Rollins,.00
22,Rory Sabbatini,.00
22,Kirk Triplett,.00
22,Brett Wetterich,.00
