rank,player,Total
1,Keegan Bradley,2
1,Xander Schauffele,2
1,Webb Simpson,2
4,Jason Day,1
4,Charles Howell III,1
4,Patton Kizzire,1
4,Brooks Koepka,1
4,Marc Leishman,1
4,Scott Piercy,1
4,Patrick Reed,1
4,Bubba Watson,1
4,Gary Woodland,1
13,Paul Casey,0
13,Cameron Champ,0
13,Bryson DeChambeau,0
13,Brice Garnett,0
13,Billy Horschel,0
13,Dustin Johnson,0
13,Michael Kim,0
13,Satoshi Kodaira,0
13,Matt Kuchar,0
13,Andrew Landry,0
13,Rory McIlroy,0
13,Troy Merritt,0
13,Francesco Molinari,0
13,"Ted Potter, Jr.",0
13,Ian Poulter,0
13,Andrew Putnam,0
13,Jon Rahm,0
13,Brandt Snedeker,0
13,Justin Thomas,0
13,Kevin Tway,0
13,Aaron Wise,0
