rank,player,%,# Birdies/Eagles,# Holes
1,Xander Schauffele,36.11,26,72
1,Gary Woodland,36.11,26,72
3,Justin Thomas,34.72,25,72
4,Jason Day,33.33,24,72
5,Dustin Johnson,31.94,23,72
6,Cameron Champ,30.56,22,72
6,Marc Leishman,30.56,22,72
8,Paul Casey,27.78,20,72
8,Bryson DeChambeau,27.78,20,72
8,Ian Poulter,27.78,20,72
11,Andrew Landry,26.39,19,72
11,Andrew Putnam,26.39,19,72
11,Jon Rahm,26.39,19,72
14,Charles Howell III,25.00,18,72
14,Brooks Koepka,25.00,18,72
14,Rory McIlroy,25.00,18,72
14,Scott Piercy,25.00,18,72
14,Aaron Wise,25.00,18,72
19,Patton Kizzire,23.61,17,72
19,Webb Simpson,23.61,17,72
19,Kevin Tway,23.61,17,72
19,Bubba Watson,23.61,17,72
23,Michael Kim,22.22,16,72
23,Troy Merritt,22.22,16,72
23,Patrick Reed,22.22,16,72
26,Matt Kuchar,20.83,15,72
27,Brice Garnett,19.44,14,72
27,Francesco Molinari,19.44,14,72
27,"Ted Potter, Jr.",19.44,14,72
30,Brandt Snedeker,18.06,13,72
31,Keegan Bradley,16.67,12,72
31,Satoshi Kodaira,16.67,12,72
33,Billy Horschel,15.28,11,72
