rank,player,%
1,Rory McIlroy,66.67
2,Ian Poulter,60.00
2,Gary Woodland,60.00
4,Francesco Molinari,54.55
5,Bryson DeChambeau,50.00
5,Charles Howell III,50.00
5,Scott Piercy,50.00
8,Brooks Koepka,46.15
9,Patrick Reed,41.67
10,Dustin Johnson,33.33
10,Jon Rahm,33.33
10,Justin Thomas,33.33
13,Jason Day,27.27
13,"Ted Potter, Jr.",27.27
15,Andrew Putnam,22.22
16,Marc Leishman,20.00
16,Xander Schauffele,20.00
16,Aaron Wise,20.00
19,Michael Kim,17.65
20,Keegan Bradley,16.67
20,Satoshi Kodaira,16.67
20,Troy Merritt,16.67
20,Webb Simpson,16.67
24,Matt Kuchar,14.29
24,Brandt Snedeker,14.29
26,Bubba Watson,13.33
27,Billy Horschel,11.11
28,Paul Casey,10.00
29,Andrew Landry,8.33
30,Cameron Champ,.00
30,Brice Garnett,.00
30,Patton Kizzire,.00
30,Kevin Tway,.00
