rank,player,%,Fairways Hit,Possible Fairways,Relative to Par
1,Andrew Putnam,73.33%,44,60,-0.27
2,Lucas Glover,70.00%,42,60,-0.36
2,Emiliano Grillo,70.00%,42,60,-0.19
2,Collin Morikawa,70.00%,42,60,-0.45
5,Harris English,68.33%,41,60,-0.32
5,Nick Hardy,68.33%,41,60,-0.32
7,Brendon Todd,67.80%,40,59,-0.45
8,Adam Svensson,66.67%,40,60,-0.40
9,Corey Conners,65.00%,39,60,-0.33
9,Russell Henley,65.00%,39,60,-0.23
11,Brian Harman,63.33%,38,60,-0.61
11,Taylor Moore,63.33%,38,60,-0.42
11,Seamus Power,63.33%,38,60,-0.37
14,Nico Echavarria,62.71%,37,59,-0.51
14,Justin Rose,62.71%,37,59,-0.24
16,Eric Cole,61.67%,37,60,-0.49
16,Max Homa,61.67%,37,60,-0.38
16,Si Woo Kim,61.67%,37,60,-0.38
16,Tom Kim,61.67%,37,60,-0.49
16,Denny McCarthy,61.67%,37,60,-0.38
16,J.T. Poston,61.67%,37,60,-0.43
16,Adam Schenk,61.67%,37,60,-0.35
16,Sepp Straka,61.67%,37,60,-0.41
24,Jason Day,60.00%,36,60,-0.47
24,Tommy Fleetwood,60.00%,36,60,-0.25
24,Adam Hadwin,60.00%,36,60,-0.25
24,Lee Hodges,60.00%,36,60,-0.36
24,Kurt Kitayama,60.00%,36,60,-0.36
24,Nick Taylor,60.00%,36,60,-0.31
30,Tony Finau,58.33%,35,60,-0.40
30,Sungjae Im,58.33%,35,60,-0.51
30,Chris Kirk,58.33%,35,60,-0.49
33,Tom Hoge,57.63%,34,59,-0.29
33,Hideki Matsuyama,57.63%,34,59,-0.15
35,Ludvig Åberg,56.67%,34,60,-0.32
35,Akshay Bhatia,56.67%,34,60,-0.47
35,Sahith Theegala,56.67%,34,60,-0.44
35,Erik van Rooyen,56.67%,34,60,-0.35
39,Cameron Young,55.93%,33,59,-0.52
40,Cam Davis,55.17%,32,58,-0.47
41,Byeong Hun An,55.00%,33,60,-0.52
41,Patrick Cantlay,55.00%,33,60,-0.52
41,Matt Fitzpatrick,55.00%,33,60,-0.45
41,Rickie Fowler,55.00%,33,60,-0.33
41,Tyrrell Hatton,55.00%,33,60,-0.48
41,Vincent Norrman,55.00%,33,60,-0.18
41,Xander Schauffele,55.00%,33,60,-0.52
48,Davis Riley,54.24%,32,59,-0.50
49,Scottie Scheffler,53.33%,32,60,-0.53
50,Viktor Hovland,51.67%,31,60,-0.48
50,Luke List,51.67%,31,60,-0.48
50,Camilo Villegas,51.67%,31,60,-0.26
53,Matt Wallace,50.85%,30,59,-0.57
54,Jordan Spieth,50.00%,30,60,-0.50
55,Keegan Bradley,48.33%,29,60,-0.48
55,Sam Burns,48.33%,29,60,-0.38
57,Wyndham Clark,46.67%,28,60,-0.32
57,Mackenzie Hughes,46.67%,28,60,-0.39
59,Patrick Rodgers,38.33%,23,60,-0.39
