rank,player,%,Number of Times,Attempts,Avg RTP Score
1,Denny McCarthy,15.0,3,20,E
2,Nico Echavarria,17.6,3,17,+3.33
3,Corey Conners,18.8,3,16,+6.67
4,Tom Hoge,24.0,6,25,E
5,Justin Rose,26.3,5,19,-2.00
6,Nick Hardy,26.7,4,15,-5.00
7,Jordan Spieth,26.9,7,26,-1.43
8,J.T. Poston,27.3,6,22,-3.33
9,Hideki Matsuyama,28.6,6,21,-1.67
9,Sepp Straka,28.6,6,21,-5.00
11,Russell Henley,30.0,6,20,-1.67
12,Cam Davis,31.8,7,22,-2.86
12,Lee Hodges,31.8,7,22,E
12,Cameron Young,31.8,7,22,-2.86
15,Si Woo Kim,33.3,7,21,-1.43
15,Collin Morikawa,33.3,5,15,-4.00
17,Wyndham Clark,34.6,9,26,-3.33
18,Chris Kirk,35.0,7,20,E
19,Andrew Putnam,35.7,5,14,-2.00
20,Viktor Hovland,36.0,9,25,-5.56
20,Vincent Norrman,36.0,9,25,+2.22
22,Tommy Fleetwood,38.1,8,21,-2.50
22,Tom Kim,38.1,8,21,E
24,Erik van Rooyen,38.5,10,26,-3.00
25,Sahith Theegala,39.1,9,23,-4.44
26,Tony Finau,40.9,9,22,-2.22
27,Sungjae Im,42.9,9,21,-2.22
28,Harris English,43.8,7,16,-8.57
29,Lucas Glover,44.4,8,18,-2.50
29,Max Homa,44.4,8,18,-1.25
29,Taylor Moore,44.4,8,18,-5.00
32,Adam Svensson,45.0,9,20,+3.33
33,Akshay Bhatia,45.5,10,22,+2.00
33,Matt Fitzpatrick,45.5,10,22,-1.00
35,Matt Wallace,46.2,12,26,+0.83
36,Patrick Rodgers,46.7,14,30,-3.57
37,Emiliano Grillo,47.1,8,17,-5.00
37,Adam Schenk,47.1,8,17,-2.50
39,Rickie Fowler,48.0,12,25,+0.83
40,Jason Day,50.0,11,22,+0.91
41,Luke List,52.0,13,25,E
42,Ludvig Åberg,52.2,12,23,-1.67
43,Kurt Kitayama,52.4,11,21,-1.82
44,Brendon Todd,52.6,10,19,+3.00
45,Patrick Cantlay,54.5,12,22,-3.33
45,Xander Schauffele,54.5,12,22,-2.50
47,Seamus Power,55.6,10,18,-1.00
48,Scottie Scheffler,57.1,12,21,-4.17
48,Camilo Villegas,57.1,16,28,-1.25
50,Byeong Hun An,57.7,15,26,-3.33
51,Keegan Bradley,58.6,17,29,+0.59
52,Adam Hadwin,58.8,10,17,-3.00
53,Brian Harman,60.0,12,20,+0.83
54,Tyrrell Hatton,60.9,14,23,-2.14
55,Nick Taylor,61.9,13,21,+0.77
56,Mackenzie Hughes,62.1,18,29,-2.22
57,Davis Riley,62.5,15,24,+1.33
58,Sam Burns,69.2,18,26,E
59,Eric Cole,75.0,15,20,-0.67
