rank,player,RTP Score
1,Harris English,-1.000
2,Cameron Young,-.800
3,Sahith Theegala,-.571
4,Viktor Hovland,-.556
5,Emiliano Grillo,-.500
5,Denny McCarthy,-.500
5,Taylor Moore,-.500
8,Adam Hadwin,-.444
9,J.T. Poston,-.429
9,Sepp Straka,-.429
11,Byeong Hun An,-.417
11,Scottie Scheffler,-.417
13,Nick Hardy,-.400
13,Sungjae Im,-.400
15,Patrick Rodgers,-.385
16,Wyndham Clark,-.375
16,Tony Finau,-.375
18,Patrick Cantlay,-.364
18,Mackenzie Hughes,-.364
20,Collin Morikawa,-.333
21,Cam Davis,-.286
21,Tommy Fleetwood,-.286
23,Rickie Fowler,-.250
23,Lucas Glover,-.250
23,Adam Schenk,-.250
23,Camilo Villegas,-.250
27,Akshay Bhatia,-.222
27,Chris Kirk,-.222
27,Kurt Kitayama,-.222
27,Davis Riley,-.222
27,Erik van Rooyen,-.222
32,Russell Henley,-.200
32,Justin Rose,-.200
32,Xander Schauffele,-.200
35,Keegan Bradley,-.167
35,Matt Fitzpatrick,-.167
35,Si Woo Kim,-.167
35,Hideki Matsuyama,-.167
35,Jordan Spieth,-.167
40,Brian Harman,-.154
41,Tyrrell Hatton,-.143
41,Max Homa,-.143
41,Tom Kim,-.143
41,Vincent Norrman,-.143
45,Sam Burns,-.133
46,Nick Taylor,-.111
47,Ludvig Åberg,-.091
47,Eric Cole,-.091
49,Jason Day,E
49,Nico Echavarria,E
49,Tom Hoge,E
49,Luke List,E
49,Seamus Power,E
49,Andrew Putnam,E
49,Brendon Todd,E
56,Matt Wallace,+.091
57,Lee Hodges,+.143
58,Adam Svensson,+.333
59,Corey Conners,+.667
