rank,player,%,Number of Times,Attempts,Avg RTP Score
1,Eric Cole,25.0,5,20,+2.00
2,Sam Burns,30.8,8,26,-2.50
3,Davis Riley,37.5,9,24,-3.33
4,Mackenzie Hughes,37.9,11,29,-2.73
5,Nick Taylor,38.1,8,21,E
6,Tyrrell Hatton,39.1,9,23,E
7,Brian Harman,40.0,8,20,-1.25
8,Adam Hadwin,41.2,7,17,-2.86
9,Keegan Bradley,41.4,12,29,E
10,Byeong Hun An,42.3,11,26,-2.73
11,Scottie Scheffler,42.9,9,21,-1.11
11,Camilo Villegas,42.9,12,28,-0.83
13,Seamus Power,44.4,8,18,-1.25
14,Patrick Cantlay,45.5,10,22,-1.00
14,Xander Schauffele,45.5,10,22,-1.00
16,Brendon Todd,47.4,9,19,-3.33
17,Kurt Kitayama,47.6,10,21,E
18,Ludvig Åberg,47.8,11,23,-0.91
19,Luke List,48.0,12,25,-0.83
20,Jason Day,50.0,11,22,-6.36
21,Rickie Fowler,52.0,13,25,+1.54
22,Emiliano Grillo,52.9,9,17,-2.22
22,Adam Schenk,52.9,9,17,+1.11
24,Patrick Rodgers,53.3,16,30,-2.50
25,Matt Wallace,53.8,14,26,+1.43
26,Akshay Bhatia,54.5,12,22,-2.50
26,Matt Fitzpatrick,54.5,12,22,-2.50
28,Adam Svensson,55.0,11,20,-4.55
29,Lucas Glover,55.6,10,18,-3.00
29,Max Homa,55.6,10,18,-1.00
29,Taylor Moore,55.6,10,18,-2.00
32,Harris English,56.3,9,16,E
33,Sungjae Im,57.1,12,21,-3.33
34,Tony Finau,59.1,13,22,-1.54
35,Sahith Theegala,60.9,14,23,-1.43
36,Erik van Rooyen,61.5,16,26,-1.25
37,Tommy Fleetwood,61.9,13,21,+1.54
37,Tom Kim,61.9,13,21,E
39,Viktor Hovland,64.0,16,25,-1.88
39,Vincent Norrman,64.0,16,25,-1.25
41,Andrew Putnam,64.3,9,14,-2.22
42,Chris Kirk,65.0,13,20,-3.85
43,Wyndham Clark,65.4,17,26,-1.18
44,Si Woo Kim,66.7,14,21,-0.71
44,Collin Morikawa,66.7,10,15,-1.00
46,Cam Davis,68.2,15,22,+2.00
46,Lee Hodges,68.2,15,22,+1.33
46,Cameron Young,68.2,15,22,-1.33
49,Russell Henley,70.0,14,20,E
50,Hideki Matsuyama,71.4,15,21,-0.67
50,Sepp Straka,71.4,15,21,-0.67
52,J.T. Poston,72.7,16,22,-3.13
53,Jordan Spieth,73.1,19,26,-2.63
54,Nick Hardy,73.3,11,15,+1.82
55,Justin Rose,73.7,14,19,-3.57
56,Tom Hoge,76.0,19,25,-3.16
57,Corey Conners,81.3,13,16,-3.85
58,Nico Echavarria,82.4,14,17,+0.71
59,Denny McCarthy,85.0,17,20,+1.18
