rank,player,%,Total Rough,Possible Fwys,Relative to par
1,Andrew Putnam,21.67%,13,60,-1.54
2,Collin Morikawa,23.33%,14,60,-2.14
3,Brendon Todd,23.73%,14,59,-2.14
4,Harris English,25.00%,15,60,-5.33
4,Nick Hardy,25.00%,15,60,E
6,Corey Conners,26.67%,16,60,-1.88
7,Eric Cole,28.33%,17,60,E
7,Lucas Glover,28.33%,17,60,-2.94
7,Emiliano Grillo,28.33%,17,60,-3.53
7,Si Woo Kim,28.33%,17,60,-1.76
11,Nico Echavarria,28.81%,17,59,-1.18
12,Adam Hadwin,30.00%,18,60,-4.44
12,Russell Henley,30.00%,18,60,-0.56
12,Max Homa,30.00%,18,60,-1.67
12,Denny McCarthy,30.00%,18,60,-2.22
12,Seamus Power,30.00%,18,60,-0.56
12,Nick Taylor,30.00%,18,60,-1.11
18,Davis Riley,30.51%,18,59,-2.78
19,Tommy Fleetwood,31.67%,19,60,-1.05
19,Kurt Kitayama,31.67%,19,60,-2.11
19,Taylor Moore,31.67%,19,60,-3.68
19,Adam Svensson,31.67%,19,60,-1.05
23,Justin Rose,32.20%,19,59,-3.16
24,Jason Day,33.33%,20,60,-3.50
24,Rickie Fowler,33.33%,20,60,-1.50
24,Sungjae Im,33.33%,20,60,-4.00
24,Tom Kim,33.33%,20,60,-1.00
24,Adam Schenk,33.33%,20,60,-2.50
29,Hideki Matsuyama,33.90%,20,59,-2.00
29,Cameron Young,33.90%,20,59,-2.50
31,Ludvig Åberg,35.00%,21,60,-1.43
31,Brian Harman,35.00%,21,60,-1.43
31,Lee Hodges,35.00%,21,60,+0.95
31,J.T. Poston,35.00%,21,60,-2.86
35,Akshay Bhatia,36.67%,22,60,-2.73
35,Patrick Cantlay,36.67%,22,60,-2.27
35,Tony Finau,36.67%,22,60,-2.73
35,Matt Fitzpatrick,36.67%,22,60,-2.27
35,Viktor Hovland,36.67%,22,60,-4.09
35,Mackenzie Hughes,36.67%,22,60,-3.18
35,Chris Kirk,36.67%,22,60,-4.09
35,Vincent Norrman,36.67%,22,60,-1.36
35,Xander Schauffele,36.67%,22,60,-2.27
35,Sepp Straka,36.67%,22,60,-1.82
35,Sahith Theegala,36.67%,22,60,-3.18
35,Erik van Rooyen,36.67%,22,60,-1.82
47,Byeong Hun An,38.33%,23,60,-4.35
47,Keegan Bradley,38.33%,23,60,-1.30
47,Sam Burns,38.33%,23,60,-1.74
47,Tyrrell Hatton,38.33%,23,60,-2.17
47,Luke List,38.33%,23,60,-1.30
47,Camilo Villegas,38.33%,23,60,-2.17
53,Wyndham Clark,40.00%,24,60,-2.08
53,Jordan Spieth,40.00%,24,60,-2.92
55,Tom Hoge,40.68%,24,59,-2.50
56,Cam Davis,41.38%,24,58,E
57,Scottie Scheffler,41.67%,25,60,-3.60
58,Matt Wallace,44.07%,26,59,+0.38
59,Patrick Rodgers,50.00%,30,60,-3.67
