rank,player,%,# Hit,Total Attempts
1,Adam Hadwin,98.33%,59,60
2,Emiliano Grillo,96.67%,58,60
2,Taylor Moore,96.67%,58,60
2,J.T. Poston,96.67%,58,60
2,Andrew Putnam,96.67%,58,60
6,Harris English,95.00%,57,60
6,Nick Hardy,95.00%,57,60
6,Scottie Scheffler,95.00%,57,60
6,Adam Schenk,95.00%,57,60
6,Sahith Theegala,95.00%,57,60
11,Corey Conners,93.33%,56,60
11,Lucas Glover,93.33%,56,60
11,Collin Morikawa,93.33%,56,60
11,Patrick Rodgers,93.33%,56,60
11,Sepp Straka,93.33%,56,60
16,Byeong Hun An,91.67%,55,60
16,Akshay Bhatia,91.67%,55,60
16,Patrick Cantlay,91.67%,55,60
16,Wyndham Clark,91.67%,55,60
16,Matt Fitzpatrick,91.67%,55,60
16,Russell Henley,91.67%,55,60
16,Tom Hoge,91.67%,55,60
16,Max Homa,91.67%,55,60
16,Kurt Kitayama,91.67%,55,60
16,Hideki Matsuyama,91.67%,55,60
16,Seamus Power,91.67%,55,60
16,Justin Rose,91.67%,55,60
16,Xander Schauffele,91.67%,55,60
16,Jordan Spieth,91.67%,55,60
16,Nick Taylor,91.67%,55,60
16,Brendon Todd,91.67%,55,60
32,Ludvig Åberg,90.00%,54,60
32,Jason Day,90.00%,54,60
32,Brian Harman,90.00%,54,60
32,Tyrrell Hatton,90.00%,54,60
32,Viktor Hovland,90.00%,54,60
32,Mackenzie Hughes,90.00%,54,60
32,Sungjae Im,90.00%,54,60
32,Tom Kim,90.00%,54,60
32,Chris Kirk,90.00%,54,60
32,Denny McCarthy,90.00%,54,60
32,Erik van Rooyen,90.00%,54,60
43,Eric Cole,88.33%,53,60
43,Tony Finau,88.33%,53,60
43,Adam Svensson,88.33%,53,60
46,Nico Echavarria,86.67%,52,60
46,Vincent Norrman,86.67%,52,60
46,Matt Wallace,86.67%,52,60
46,Cameron Young,86.67%,52,60
50,Keegan Bradley,85.00%,51,60
50,Cam Davis,85.00%,51,60
50,Tommy Fleetwood,85.00%,51,60
50,Rickie Fowler,85.00%,51,60
50,Lee Hodges,85.00%,51,60
50,Si Woo Kim,85.00%,51,60
50,Davis Riley,85.00%,51,60
57,Sam Burns,83.33%,50,60
57,Luke List,83.33%,50,60
57,Camilo Villegas,83.33%,50,60
