rank,player,%,Total Left rough,Possible Fwys,Relative to par
1,Nico Echavarria,3.39%,2,59,E
2,Corey Conners,5.00%,3,60,+0.67
3,Denny McCarthy,6.67%,4,60,-0.50
3,Andrew Putnam,6.67%,4,60,E
5,Nick Hardy,8.33%,5,60,-0.40
5,Russell Henley,8.33%,5,60,-0.20
7,Justin Rose,8.47%,5,59,-0.20
7,Cameron Young,8.47%,5,59,-0.80
9,Matt Fitzpatrick,10.00%,6,60,-0.17
9,Si Woo Kim,10.00%,6,60,-0.17
9,Collin Morikawa,10.00%,6,60,-0.33
9,Jordan Spieth,10.00%,6,60,-0.17
13,Tom Hoge,10.17%,6,59,E
13,Hideki Matsuyama,10.17%,6,59,-0.17
13,Brendon Todd,10.17%,6,59,E
16,Harris English,11.67%,7,60,-1.00
16,Tommy Fleetwood,11.67%,7,60,-0.29
16,Lee Hodges,11.67%,7,60,+0.14
16,Max Homa,11.67%,7,60,-0.14
16,Tom Kim,11.67%,7,60,-0.14
16,Vincent Norrman,11.67%,7,60,-0.14
16,J.T. Poston,11.67%,7,60,-0.43
16,Sepp Straka,11.67%,7,60,-0.43
16,Sahith Theegala,11.67%,7,60,-0.57
25,Cam Davis,12.07%,7,58,-0.29
26,Wyndham Clark,13.33%,8,60,-0.38
26,Tony Finau,13.33%,8,60,-0.38
26,Rickie Fowler,13.33%,8,60,-0.25
26,Lucas Glover,13.33%,8,60,-0.25
26,Emiliano Grillo,13.33%,8,60,-0.50
26,Taylor Moore,13.33%,8,60,-0.50
26,Adam Schenk,13.33%,8,60,-0.25
33,Akshay Bhatia,15.00%,9,60,-0.22
33,Adam Hadwin,15.00%,9,60,-0.44
33,Viktor Hovland,15.00%,9,60,-0.56
33,Chris Kirk,15.00%,9,60,-0.22
33,Kurt Kitayama,15.00%,9,60,-0.22
33,Adam Svensson,15.00%,9,60,+0.33
33,Nick Taylor,15.00%,9,60,-0.11
33,Erik van Rooyen,15.00%,9,60,-0.22
41,Davis Riley,15.25%,9,59,-0.22
42,Jason Day,16.67%,10,60,E
42,Sungjae Im,16.67%,10,60,-0.40
42,Luke List,16.67%,10,60,E
42,Seamus Power,16.67%,10,60,E
42,Xander Schauffele,16.67%,10,60,-0.20
47,Ludvig Åberg,18.33%,11,60,-0.09
47,Patrick Cantlay,18.33%,11,60,-0.36
47,Eric Cole,18.33%,11,60,-0.09
47,Mackenzie Hughes,18.33%,11,60,-0.36
51,Matt Wallace,18.64%,11,59,+0.09
52,Byeong Hun An,20.00%,12,60,-0.42
52,Keegan Bradley,20.00%,12,60,-0.17
52,Scottie Scheffler,20.00%,12,60,-0.42
52,Camilo Villegas,20.00%,12,60,-0.25
56,Brian Harman,21.67%,13,60,-0.15
56,Patrick Rodgers,21.67%,13,60,-0.38
58,Tyrrell Hatton,23.33%,14,60,-0.14
59,Sam Burns,25.00%,15,60,-0.13
