rank,player,RTP Score
1,Jason Day,-.700
2,Chris Kirk,-.538
3,Adam Svensson,-.500
4,Byeong Hun An,-.455
5,Adam Hadwin,-.444
6,Sungjae Im,-.400
7,Corey Conners,-.385
8,Brendon Todd,-.375
9,Justin Rose,-.357
10,Patrick Rodgers,-.353
11,Lucas Glover,-.333
11,Tyrrell Hatton,-.333
11,Tom Hoge,-.333
11,Davis Riley,-.333
11,Jordan Spieth,-.333
16,Akshay Bhatia,-.308
16,Viktor Hovland,-.308
16,Scottie Scheffler,-.308
19,Mackenzie Hughes,-.273
19,Taylor Moore,-.273
21,Sam Burns,-.250
21,Matt Fitzpatrick,-.250
21,Xander Schauffele,-.250
21,Adam Schenk,-.250
25,Luke List,-.231
26,Emiliano Grillo,-.222
26,Andrew Putnam,-.222
28,Tony Finau,-.214
28,Hideki Matsuyama,-.214
28,J.T. Poston,-.214
31,Ludvig Åberg,-.200
31,Kurt Kitayama,-.200
31,Sahith Theegala,-.200
34,Max Homa,-.182
34,Si Woo Kim,-.182
34,Camilo Villegas,-.182
37,Erik van Rooyen,-.154
38,Denny McCarthy,-.143
39,Nico Echavarria,-.133
39,Vincent Norrman,-.133
41,Wyndham Clark,-.125
41,Harris English,-.125
41,Brian Harman,-.125
41,Collin Morikawa,-.125
41,Seamus Power,-.125
46,Nick Taylor,-.111
47,Keegan Bradley,-.091
47,Patrick Cantlay,-.091
49,Rickie Fowler,-.083
50,Tom Kim,-.077
51,Sepp Straka,-.067
51,Cameron Young,-.067
53,Tommy Fleetwood,E
53,Russell Henley,E
53,Matt Wallace,E
56,Lee Hodges,+.071
57,Cam Davis,+.118
58,Eric Cole,+.167
59,Nick Hardy,+.200
