rank,player,Avg,Total Distance (Feet),Total Strokes
1,Harris English,"10' 0""",150.333,15
2,Lucas Glover,"10' 6""",189.417,18
3,Patrick Cantlay,"10' 9""",235.583,22
4,Taylor Moore,"11' 4""",204.417,18
5,J.T. Poston,"11' 5""",250.750,22
6,Andrew Putnam,"11' 6""",160.500,14
7,Scottie Scheffler,"11' 11""",251.083,21
8,Tom Hoge,"12' 1""",301.500,25
9,Emiliano Grillo,"12' 3""",208.417,17
10,Max Homa,"12' 5""",223.167,18
11,Sam Burns,"12' 6""",325.083,26
12,Erik van Rooyen,"12' 8""",316.167,25
13,Hideki Matsuyama,"13' 3""",264.750,20
14,Kurt Kitayama,"13' 4""",279.167,21
14,Seamus Power,"13' 4""",240.167,18
16,Tommy Fleetwood,"13' 5""",268.750,20
17,Si Woo Kim,"13' 6""",282.917,21
18,Xander Schauffele,"13' 7""",299.000,22
19,Corey Conners,"14' 2""",226.333,16
20,Collin Morikawa,"14' 5""",216.833,15
20,Vincent Norrman,"14' 5""",332.333,23
22,Chris Kirk,"14' 8""",278.333,19
23,Akshay Bhatia,"14' 9""",309.083,21
23,Adam Svensson,"14' 9""",294.500,20
25,Brendon Todd,"14' 10""",267.333,18
26,Justin Rose,"15' 0""",300.583,20
27,Tyrrell Hatton,"15' 1""",331.583,22
28,Camilo Villegas,"15' 3""",411.167,27
29,Brian Harman,"15' 4""",276.500,18
29,Lee Hodges,"15' 4""",336.583,22
31,Nick Hardy,"15' 9""",236.833,15
32,Mackenzie Hughes,"15' 11""",446.250,28
32,Jordan Spieth,"15' 11""",398.583,25
34,Matt Fitzpatrick,"16' 0""",351.833,22
35,Russell Henley,"16' 4""",326.167,20
36,Ludvig Åberg,"16' 7""",365.250,22
36,Tony Finau,"16' 7""",347.583,21
38,Denny McCarthy,"16' 10""",337.417,20
39,Patrick Rodgers,"16' 11""",506.333,30
40,Adam Schenk,"17' 0""",271.500,16
40,Sepp Straka,"17' 0""",357.000,21
40,Nick Taylor,"17' 0""",339.917,20
43,Keegan Bradley,"17' 1""",495.417,29
43,Adam Hadwin,"17' 1""",290.250,17
45,Cam Davis,"17' 2""",393.917,23
46,Sahith Theegala,"17' 9""",408.000,23
47,Nico Echavarria,"17' 10""",303.167,17
48,Rickie Fowler,"17' 11""",411.833,23
49,Tom Kim,"18' 6""",389.333,21
50,Jason Day,"18' 7""",409.333,22
51,Sungjae Im,"18' 8""",391.583,21
52,Cameron Young,"19' 3""",422.667,22
53,Wyndham Clark,"20' 8""",536.750,26
54,Eric Cole,"20' 11""",396.917,19
55,Matt Wallace,"21' 7""",560.750,26
56,Viktor Hovland,"21' 8""",542.333,25
57,Byeong Hun An,"22' 4""",581.583,26
58,Davis Riley,"24' 7""",540.750,22
59,Luke List,"27' 5""",657.583,24
