rank,player,%,Fairways Hit,Possible Fairways
1,Andrew Putnam,73.33%,44,60
2,Lucas Glover,70.00%,42,60
2,Emiliano Grillo,70.00%,42,60
2,Nick Hardy,70.00%,42,60
2,Collin Morikawa,70.00%,42,60
6,Harris English,68.33%,41,60
7,Adam Svensson,66.67%,40,60
7,Brendon Todd,66.67%,40,60
9,Corey Conners,65.00%,39,60
9,Russell Henley,65.00%,39,60
9,Seamus Power,65.00%,39,60
12,Brian Harman,63.33%,38,60
12,Taylor Moore,63.33%,38,60
14,Eric Cole,61.67%,37,60
14,Nico Echavarria,61.67%,37,60
14,Max Homa,61.67%,37,60
14,Si Woo Kim,61.67%,37,60
14,Tom Kim,61.67%,37,60
14,Denny McCarthy,61.67%,37,60
14,J.T. Poston,61.67%,37,60
14,Justin Rose,61.67%,37,60
14,Adam Schenk,61.67%,37,60
14,Sepp Straka,61.67%,37,60
24,Jason Day,60.00%,36,60
24,Tommy Fleetwood,60.00%,36,60
24,Adam Hadwin,60.00%,36,60
24,Lee Hodges,60.00%,36,60
24,Kurt Kitayama,60.00%,36,60
24,Nick Taylor,60.00%,36,60
30,Ludvig Åberg,58.33%,35,60
30,Tony Finau,58.33%,35,60
30,Sungjae Im,58.33%,35,60
30,Chris Kirk,58.33%,35,60
34,Akshay Bhatia,56.67%,34,60
34,Tom Hoge,56.67%,34,60
34,Hideki Matsuyama,56.67%,34,60
34,Sahith Theegala,56.67%,34,60
34,Erik van Rooyen,56.67%,34,60
39,Byeong Hun An,55.00%,33,60
39,Patrick Cantlay,55.00%,33,60
39,Matt Fitzpatrick,55.00%,33,60
39,Rickie Fowler,55.00%,33,60
39,Tyrrell Hatton,55.00%,33,60
39,Vincent Norrman,55.00%,33,60
39,Davis Riley,55.00%,33,60
39,Xander Schauffele,55.00%,33,60
39,Cameron Young,55.00%,33,60
48,Cam Davis,53.33%,32,60
48,Scottie Scheffler,53.33%,32,60
50,Viktor Hovland,51.67%,31,60
50,Luke List,51.67%,31,60
50,Camilo Villegas,51.67%,31,60
53,Sam Burns,50.00%,30,60
53,Jordan Spieth,50.00%,30,60
53,Matt Wallace,50.00%,30,60
56,Keegan Bradley,48.33%,29,60
57,Wyndham Clark,46.67%,28,60
57,Mackenzie Hughes,46.67%,28,60
59,Patrick Rodgers,38.33%,23,60
