rank,player,%,Total Right rough,Possible Fwys,Relative to par
1,Eric Cole,10.00%,6,60,+0.17
2,Sam Burns,13.33%,8,60,-0.25
2,Harris English,13.33%,8,60,-0.13
2,Brian Harman,13.33%,8,60,-0.13
2,Collin Morikawa,13.33%,8,60,-0.13
2,Seamus Power,13.33%,8,60,-0.13
7,Brendon Todd,13.56%,8,59,-0.38
8,Lucas Glover,15.00%,9,60,-0.33
8,Emiliano Grillo,15.00%,9,60,-0.22
8,Adam Hadwin,15.00%,9,60,-0.44
8,Tyrrell Hatton,15.00%,9,60,-0.33
8,Andrew Putnam,15.00%,9,60,-0.22
8,Nick Taylor,15.00%,9,60,-0.11
14,Davis Riley,15.25%,9,59,-0.33
15,Ludvig Åberg,16.67%,10,60,-0.20
15,Jason Day,16.67%,10,60,-0.70
15,Nick Hardy,16.67%,10,60,+0.20
15,Sungjae Im,16.67%,10,60,-0.40
15,Kurt Kitayama,16.67%,10,60,-0.20
15,Adam Svensson,16.67%,10,60,-0.50
21,Byeong Hun An,18.33%,11,60,-0.45
21,Keegan Bradley,18.33%,11,60,-0.09
21,Patrick Cantlay,18.33%,11,60,-0.09
21,Max Homa,18.33%,11,60,-0.18
21,Mackenzie Hughes,18.33%,11,60,-0.27
21,Si Woo Kim,18.33%,11,60,-0.18
21,Taylor Moore,18.33%,11,60,-0.27
21,Camilo Villegas,18.33%,11,60,-0.18
29,Tommy Fleetwood,20.00%,12,60,E
29,Rickie Fowler,20.00%,12,60,-0.08
29,Xander Schauffele,20.00%,12,60,-0.25
29,Adam Schenk,20.00%,12,60,-0.25
33,Akshay Bhatia,21.67%,13,60,-0.31
33,Corey Conners,21.67%,13,60,-0.38
33,Russell Henley,21.67%,13,60,E
33,Viktor Hovland,21.67%,13,60,-0.31
33,Tom Kim,21.67%,13,60,-0.08
33,Chris Kirk,21.67%,13,60,-0.54
33,Luke List,21.67%,13,60,-0.23
33,Scottie Scheffler,21.67%,13,60,-0.31
33,Erik van Rooyen,21.67%,13,60,-0.15
42,Tony Finau,23.33%,14,60,-0.21
42,Lee Hodges,23.33%,14,60,+0.07
42,Denny McCarthy,23.33%,14,60,-0.14
42,J.T. Poston,23.33%,14,60,-0.21
46,Hideki Matsuyama,23.73%,14,59,-0.21
46,Justin Rose,23.73%,14,59,-0.36
48,Vincent Norrman,25.00%,15,60,-0.13
48,Sepp Straka,25.00%,15,60,-0.07
48,Sahith Theegala,25.00%,15,60,-0.20
51,Nico Echavarria,25.42%,15,59,-0.13
51,Matt Wallace,25.42%,15,59,E
51,Cameron Young,25.42%,15,59,-0.07
54,Wyndham Clark,26.67%,16,60,-0.13
54,Matt Fitzpatrick,26.67%,16,60,-0.25
56,Patrick Rodgers,28.33%,17,60,-0.35
57,Cam Davis,29.31%,17,58,+0.12
58,Jordan Spieth,30.00%,18,60,-0.33
59,Tom Hoge,30.51%,18,59,-0.33
