rank,player,%,Total Missed,Total Fwys,Relative to par
1,Byeong Hun An,.00%,0,60,E
1,Lucas Glover,.00%,0,60,E
1,Lee Hodges,.00%,0,60,E
1,Tom Hoge,.00%,0,59,E
1,Denny McCarthy,.00%,0,60,E
1,Taylor Moore,.00%,0,60,E
1,J.T. Poston,.00%,0,60,E
1,Adam Svensson,.00%,0,60,E
9,Jason Day,1.67%,1,60,E
9,Emiliano Grillo,1.67%,1,60,-1.00
9,Brian Harman,1.67%,1,60,+1.00
9,Russell Henley,1.67%,1,60,-1.00
9,Sungjae Im,1.67%,1,60,-1.00
9,Tom Kim,1.67%,1,60,+1.00
9,Chris Kirk,1.67%,1,60,E
9,Collin Morikawa,1.67%,1,60,-1.00
9,Sepp Straka,1.67%,1,60,-1.00
9,Sahith Theegala,1.67%,1,60,-1.00
9,Erik van Rooyen,1.67%,1,60,+1.00
20,Cam Davis,1.72%,1,58,E
21,Ludvig Åberg,3.33%,2,60,E
21,Keegan Bradley,3.33%,2,60,+1.00
21,Eric Cole,3.33%,2,60,+0.50
21,Corey Conners,3.33%,2,60,-0.50
21,Harris English,3.33%,2,60,E
21,Tony Finau,3.33%,2,60,+1.00
21,Adam Hadwin,3.33%,2,60,-0.50
21,Nick Hardy,3.33%,2,60,+0.50
21,Tyrrell Hatton,3.33%,2,60,+1.50
21,Si Woo Kim,3.33%,2,60,-1.00
21,Kurt Kitayama,3.33%,2,60,E
21,Seamus Power,3.33%,2,60,+1.50
21,Andrew Putnam,3.33%,2,60,-0.50
21,Xander Schauffele,3.33%,2,60,E
21,Adam Schenk,3.33%,2,60,E
21,Camilo Villegas,3.33%,2,60,+0.50
37,Justin Rose,3.39%,2,59,-0.50
37,Brendon Todd,3.39%,2,59,+1.00
37,Matt Wallace,3.39%,2,59,+0.50
37,Cameron Young,3.39%,2,59,+1.50
41,Akshay Bhatia,5.00%,3,60,+0.33
41,Sam Burns,5.00%,3,60,-0.33
41,Patrick Cantlay,5.00%,3,60,-0.67
41,Matt Fitzpatrick,5.00%,3,60,-0.67
41,Tommy Fleetwood,5.00%,3,60,E
41,Mackenzie Hughes,5.00%,3,60,-0.33
41,Luke List,5.00%,3,60,E
41,Patrick Rodgers,5.00%,3,60,-0.67
41,Scottie Scheffler,5.00%,3,60,-0.33
41,Nick Taylor,5.00%,3,60,+1.00
51,Rickie Fowler,6.67%,4,60,+1.25
51,Max Homa,6.67%,4,60,-0.50
51,Viktor Hovland,6.67%,4,60,+1.00
51,Vincent Norrman,6.67%,4,60,+0.50
51,Jordan Spieth,6.67%,4,60,-0.75
56,Nico Echavarria,6.78%,4,59,E
56,Hideki Matsuyama,6.78%,4,59,-0.25
58,Wyndham Clark,8.33%,5,60,-0.80
59,Davis Riley,10.17%,6,59,+0.67
