rank,player,%,# of Birdie or Better,Attempts,RTP-Successes,RTP-Not going for the grn
1,Stewart Cink,100.00,6,6,-6,E
1,Jeff Gove,100.00,4,4,-5,-1.00
1,Joe Ogilvie,100.00,3,3,-3,E
1,Jesper Parnevik,100.00,7,7,-8,E
1,John Riegger,100.00,7,7,-9,E
1,Vaughn Taylor,100.00,6,6,-6,-1.00
1,David Toms,100.00,6,6,-6,-1.00
8,Vijay Singh,87.50,7,8,-8,E
8,Charles Warren,87.50,7,8,-7,-1.00
10,Nathan Green,85.71,6,7,-6,E
10,Steve Jones,85.71,6,7,-6,E
10,Jonathan Kaye,85.71,6,7,-6,E
13,Rich Beem,83.33,5,6,-6,E
13,Joe Durant,83.33,5,6,-6,E
13,Carlos Franco,83.33,5,6,-6,E
13,Bill Haas,83.33,5,6,-5,E
13,Ron Whittaker,83.33,5,6,-5,-1.00
18,Woody Austin,80.00,4,5,-4,E
18,Jason Bohn,80.00,4,5,-4,E
18,Bubba Dickerson,80.00,4,5,-4,-1.00
18,Brad Faxon,80.00,4,5,-4,-1.00
18,Dudley Hart,80.00,4,5,-4,E
18,Richard Johnson,80.00,4,5,-4,E
18,Loren Roberts,80.00,4,5,-4,E
25,Stuart Appleby,75.00,3,4,-3,-2.00
25,Olin Browne,75.00,6,8,-6,E
25,Chad Campbell,75.00,3,4,-3,-1.00
25,Todd Fischer,75.00,3,4,-3,E
25,Shigeki Maruyama,75.00,3,4,-3,E
25,Jeff Overton,75.00,6,8,-6,+1.00
25,Patrick Sheehan,75.00,6,8,-7,E
25,Vance Veazey,75.00,3,4,-3,E
33,Bubba Watson,72.73,8,11,-9,E
34,Tommy Armour III,71.43,5,7,-5,E
34,Craig Barlow,71.43,5,7,-6,E
34,Jim Furyk,71.43,5,7,-5,-1.00
34,Peter Lonard,71.43,5,7,-5,E
34,Jeff Maggert,71.43,5,7,-5,E
34,Billy Mayfair,71.43,5,7,-5,-1.00
34,Arron Oberholser,71.43,5,7,-5,E
34,Carl Pettersson,71.43,5,7,-5,E
34,Rory Sabbatini,71.43,5,7,-5,E
34,Bo Van Pelt,71.43,5,7,-7,E
44,Paul Azinger,66.67,4,6,-4,E
44,James Driscoll,66.67,4,6,-4,+2.00
44,Jay Haas,66.67,4,6,-5,E
44,J.B. Holmes,66.67,6,9,-6,E
44,Jerry Kelly,66.67,4,6,-4,E
44,Tom Lehman,66.67,2,3,-2,-1.00
44,Will MacKenzie,66.67,4,6,-6,E
44,Jon Mills,66.67,4,6,-4,+1.00
44,Roger Tambellini,66.67,6,9,-6,E
53,K.J. Choi,62.50,5,8,-5,E
53,Ryuji Imada,62.50,5,8,-5,E
53,Chris Riley,62.50,5,8,-5,E
53,Camilo Villegas,62.50,5,8,-6,E
57,Arjun Atwal,60.00,3,5,-3,+2.00
57,Aaron Baddeley,60.00,3,5,-4,E
57,Mark Calcavecchia,60.00,3,5,-3,-1.00
57,Alex Cejka,60.00,3,5,-3,-1.00
57,David Duval,60.00,3,5,-3,-2.00
57,Kaname Yokoo,60.00,3,5,-3,+1.00
63,Michael Allen,57.14,4,7,-4,E
63,Hunter Mahan,57.14,4,7,-4,E
65,Shane Bertsch,50.00,4,8,-5,E
65,David Branshaw,50.00,3,6,-4,+1.00
65,Daniel Chopra,50.00,4,8,-5,E
65,Mathew Goggin,50.00,4,8,-5,E
65,Paul Goydos,50.00,3,6,-3,-1.00
65,Thomas Levet,50.00,3,6,-3,E
65,Jerry Smith,50.00,2,4,-2,-1.00
72,Fred Funk,42.86,3,7,-3,+1.00
72,Troy Matteson,42.86,3,7,-3,E
74,Henrik Bjornstad,40.00,2,5,-2,E
74,Robert Gamez,40.00,2,5,-2,E
74,Parker McLachlin,40.00,2,5,-2,E
77,Tom Byrum,33.33,2,6,-2,-1.00
77,Brent Geiberger,33.33,2,6,-2,E
79,Charles Howell III,25.00,1,4,-1,+1.00
80,Adam Scott,16.67,1,6,-1,+1.00
80,Hidemichi Tanaka,16.67,1,6,-2,-1.00
82,Jeff Sluman,.00,0,2,E,E
