rank,player,%,Attempts
1,Shane Bertsch,100.00,8
1,Olin Browne,100.00,8
1,K.J. Choi,100.00,8
1,Daniel Chopra,100.00,8
1,Mathew Goggin,100.00,8
1,Ryuji Imada,100.00,8
1,Chris Riley,100.00,8
1,Patrick Sheehan,100.00,8
1,Vijay Singh,100.00,8
1,Roger Tambellini,100.00,8
1,Camilo Villegas,100.00,8
1,Bubba Watson,100.00,8
13,Michael Allen,87.50,7
13,Tommy Armour III,87.50,7
13,Craig Barlow,87.50,7
13,Fred Funk,87.50,7
13,Jim Furyk,87.50,7
13,Nathan Green,87.50,7
13,J.B. Holmes,87.50,7
13,Steve Jones,87.50,7
13,Jonathan Kaye,87.50,7
13,Peter Lonard,87.50,7
13,Jeff Maggert,87.50,7
13,Hunter Mahan,87.50,7
13,Troy Matteson,87.50,7
13,Billy Mayfair,87.50,7
13,Arron Oberholser,87.50,7
13,Jesper Parnevik,87.50,7
13,Carl Pettersson,87.50,7
13,John Riegger,87.50,7
13,Rory Sabbatini,87.50,7
13,Bo Van Pelt,87.50,7
13,Charles Warren,87.50,7
34,Paul Azinger,75.00,6
34,Rich Beem,75.00,6
34,David Branshaw,75.00,6
34,Tom Byrum,75.00,6
34,Stewart Cink,75.00,6
34,James Driscoll,75.00,6
34,Joe Durant,75.00,6
34,Carlos Franco,75.00,6
34,Brent Geiberger,75.00,6
34,Paul Goydos,75.00,6
34,Bill Haas,75.00,6
34,Jay Haas,75.00,6
34,Jerry Kelly,75.00,6
34,Thomas Levet,75.00,6
34,Will MacKenzie,75.00,6
34,Jon Mills,75.00,6
34,Jeff Overton,75.00,6
34,Hidemichi Tanaka,75.00,6
34,Vaughn Taylor,75.00,6
34,David Toms,75.00,6
34,Ron Whittaker,75.00,6
55,Arjun Atwal,62.50,5
55,Woody Austin,62.50,5
55,Henrik Bjornstad,62.50,5
55,Jason Bohn,62.50,5
55,Mark Calcavecchia,62.50,5
55,Alex Cejka,62.50,5
55,Bubba Dickerson,62.50,5
55,David Duval,62.50,5
55,Brad Faxon,62.50,5
55,Robert Gamez,62.50,5
55,Dudley Hart,62.50,5
55,Richard Johnson,62.50,5
55,Parker McLachlin,62.50,5
55,Loren Roberts,62.50,5
55,Adam Scott,62.50,5
55,Kaname Yokoo,62.50,5
71,Stuart Appleby,50.00,4
71,Aaron Baddeley,50.00,4
71,Chad Campbell,50.00,4
71,Todd Fischer,50.00,4
71,Jeff Gove,50.00,4
71,Charles Howell III,50.00,4
71,Shigeki Maruyama,50.00,4
71,Jerry Smith,50.00,4
71,Vance Veazey,50.00,4
80,Tom Lehman,37.50,3
80,Joe Ogilvie,37.50,3
82,Jeff Sluman,25.00,2
