rank,player,Avg,Total Dist after GFG Shot,Total GFG Shots
1,Stewart Cink,9.1,"1,955.000",6
2,Joe Ogilvie,10.9,"1,179.000",3
3,David Toms,11.5,"2,490.000",6
4,Jesper Parnevik,12.0,"3,016.000",7
5,Camilo Villegas,12.7,"3,653.000",8
6,Will MacKenzie,12.9,"2,779.000",6
7,David Duval,13.3,"2,392.000",5
8,Dudley Hart,13.6,"2,447.000",5
9,Arron Oberholser,13.8,"3,480.000",7
10,Vijay Singh,14.3,"4,118.000",8
11,John Riegger,14.9,"3,753.000",7
12,Woody Austin,15.6,"2,810.000",5
13,Jeff Maggert,15.9,"4,012.000",7
13,Bo Van Pelt,15.9,"4,001.000",7
15,Jerry Smith,16.0,"2,297.000",4
16,Chad Campbell,16.1,"2,323.000",4
16,Hunter Mahan,16.1,"4,061.000",7
18,Craig Barlow,16.2,"4,075.000",7
19,Henrik Bjornstad,16.3,"2,935.000",5
20,Olin Browne,16.5,"4,740.000",8
21,Carlos Franco,16.6,"3,575.000",6
22,Joe Durant,16.7,"3,601.000",6
23,Bill Haas,16.8,"3,620.000",6
24,Jerry Kelly,16.9,"3,656.000",6
25,Brad Faxon,17.1,"3,078.000",5
26,Arjun Atwal,17.3,"3,110.000",5
26,Steve Jones,17.3,"4,351.000",7
28,Vaughn Taylor,17.8,"3,853.000",6
29,Ryuji Imada,17.9,"5,166.000",8
30,Charles Howell III,18.0,"2,585.000",4
31,Ron Whittaker,18.3,"3,962.000",6
32,Bubba Dickerson,18.4,"3,319.000",5
33,Jonathan Kaye,18.6,"4,681.000",7
33,Charles Warren,18.6,"5,360.000",8
35,Stuart Appleby,18.8,"2,713.000",4
35,Rory Sabbatini,18.8,"4,745.000",7
37,Daniel Chopra,19.2,"5,525.000",8
38,Jim Furyk,19.6,"4,948.000",7
39,James Driscoll,19.8,"4,269.000",6
40,Mark Calcavecchia,19.9,"3,588.000",5
41,Jeff Sluman,20.0,"1,440.000",2
42,Jeff Overton,20.2,"5,821.000",8
43,K.J. Choi,20.6,"5,920.000",8
44,Mathew Goggin,20.8,"5,988.000",8
45,Nathan Green,21.0,"5,282.000",7
46,Jeff Gove,21.2,"3,047.000",4
47,Rich Beem,21.5,"4,637.000",6
47,Shigeki Maruyama,21.5,"3,101.000",4
49,Tom Byrum,21.6,"4,658.000",6
49,Brent Geiberger,21.6,"4,669.000",6
51,Richard Johnson,21.9,"3,938.000",5
52,Chris Riley,22.4,"6,459.000",8
53,Fred Funk,22.6,"5,691.000",7
53,Thomas Levet,22.6,"4,873.000",6
55,Vance Veazey,22.7,"3,265.000",4
56,David Branshaw,22.9,"4,938.000",6
56,Patrick Sheehan,22.9,"6,605.000",8
58,J.B. Holmes,23.2,"7,520.000",9
58,Tom Lehman,23.2,"2,504.000",3
60,Michael Allen,23.3,"5,883.000",7
61,Jay Haas,23.7,"5,129.000",6
62,Tommy Armour III,23.8,"6,004.000",7
63,Paul Azinger,24.0,"5,188.000",6
64,Shane Bertsch,24.2,"6,968.000",8
65,Kaname Yokoo,24.3,"4,369.000",5
66,Billy Mayfair,24.7,"6,232.000",7
67,Jon Mills,25.0,"5,392.000",6
68,Alex Cejka,25.2,"4,540.000",5
68,Carl Pettersson,25.2,"6,361.000",7
70,Peter Lonard,25.5,"6,430.000",7
71,Paul Goydos,25.6,"5,532.000",6
72,Jason Bohn,26.6,"4,795.000",5
73,Robert Gamez,26.7,"4,800.000",5
74,Roger Tambellini,26.9,"8,719.000",9
74,Hidemichi Tanaka,26.9,"5,808.000",6
76,Bubba Watson,27.0,"10,686.000",11
77,Loren Roberts,27.6,"4,963.000",5
78,Parker McLachlin,28.0,"5,045.000",5
79,Todd Fischer,29.9,"4,307.000",4
80,Troy Matteson,30.3,"7,625.000",7
81,Adam Scott,34.0,"7,341.000",6
82,Aaron Baddeley,62.8,"11,308.000",5
