rank,player,%,Successes,Attempts,RTP-Successes,RTP-Not going for the grn
1,Joe Ogilvie,100.00,3,3,-3,E
2,Stewart Cink,66.67,4,6,-4,E
2,Will MacKenzie,66.67,4,6,-6,E
2,Vaughn Taylor,66.67,4,6,-4,-1.00
2,Ron Whittaker,66.67,4,6,-4,-1.00
6,Camilo Villegas,62.50,5,8,-5,E
6,Charles Warren,62.50,5,8,-5,-1.00
8,Dudley Hart,60.00,3,5,-3,E
9,Craig Barlow,57.14,4,7,-5,E
9,John Riegger,57.14,4,7,-6,E
11,Chad Campbell,50.00,2,4,-2,-1.00
11,Joe Durant,50.00,3,6,-4,E
11,Jeff Gove,50.00,2,4,-3,-1.00
11,Bill Haas,50.00,3,6,-3,E
15,Roger Tambellini,44.44,4,9,-4,E
16,Jonathan Kaye,42.86,3,7,-3,E
16,Jeff Maggert,42.86,3,7,-3,E
16,Hunter Mahan,42.86,3,7,-2,E
16,Arron Oberholser,42.86,3,7,-3,E
16,Jesper Parnevik,42.86,3,7,-4,E
16,Bo Van Pelt,42.86,3,7,-4,E
22,Henrik Bjornstad,40.00,2,5,-2,E
22,Mark Calcavecchia,40.00,2,5,-2,-1.00
22,Alex Cejka,40.00,2,5,-2,-1.00
22,David Duval,40.00,2,5,-2,-2.00
22,Brad Faxon,40.00,2,5,-2,-1.00
22,Richard Johnson,40.00,2,5,-2,E
22,Loren Roberts,40.00,2,5,-2,E
29,Olin Browne,37.50,3,8,-3,E
29,Daniel Chopra,37.50,3,8,-4,E
29,Jeff Overton,37.50,3,8,-3,+1.00
29,Patrick Sheehan,37.50,3,8,-4,E
33,Bubba Watson,36.36,4,11,-5,E
34,Rich Beem,33.33,2,6,-3,E
34,David Branshaw,33.33,2,6,-3,+1.00
34,James Driscoll,33.33,2,6,-2,+2.00
34,Carlos Franco,33.33,2,6,-3,E
34,Jon Mills,33.33,2,6,-2,+1.00
34,Adam Scott,33.33,2,6,-1,+1.00
34,David Toms,33.33,2,6,-2,-1.00
41,Tommy Armour III,28.57,2,7,-2,E
41,Fred Funk,28.57,2,7,-1,+1.00
41,Nathan Green,28.57,2,7,-2,E
41,Carl Pettersson,28.57,2,7,-1,E
41,Rory Sabbatini,28.57,2,7,-2,E
46,Stuart Appleby,25.00,1,4,-1,-2.00
46,Mathew Goggin,25.00,2,8,-3,E
46,Charles Howell III,25.00,1,4,E,+1.00
46,Ryuji Imada,25.00,2,8,-1,E
46,Chris Riley,25.00,2,8,-2,E
46,Vijay Singh,25.00,2,8,-3,E
46,Jerry Smith,25.00,1,4,-1,-1.00
53,J.B. Holmes,22.22,2,9,-2,E
54,Arjun Atwal,20.00,1,5,-1,+2.00
54,Woody Austin,20.00,1,5,E,E
54,Aaron Baddeley,20.00,1,5,-2,E
54,Bubba Dickerson,20.00,1,5,-1,-1.00
54,Kaname Yokoo,20.00,1,5,-1,+1.00
59,Paul Azinger,16.67,1,6,-1,E
59,Tom Byrum,16.67,1,6,E,-1.00
59,Brent Geiberger,16.67,1,6,E,E
59,Paul Goydos,16.67,1,6,-1,-1.00
59,Jay Haas,16.67,1,6,-2,E
59,Jerry Kelly,16.67,1,6,-1,E
59,Hidemichi Tanaka,16.67,1,6,-2,-1.00
66,Michael Allen,14.29,1,7,-1,E
66,Steve Jones,14.29,1,7,-1,E
66,Peter Lonard,14.29,1,7,-1,E
66,Troy Matteson,14.29,1,7,-1,E
70,Shane Bertsch,12.50,1,8,-2,E
70,K.J. Choi,12.50,1,8,-1,E
72,Jason Bohn,.00,0,5,E,E
72,Todd Fischer,.00,0,4,E,E
72,Jim Furyk,.00,0,7,E,-1.00
72,Robert Gamez,.00,0,5,E,E
72,Tom Lehman,.00,0,3,E,-1.00
72,Thomas Levet,.00,0,6,E,E
72,Shigeki Maruyama,.00,0,4,E,E
72,Billy Mayfair,.00,0,7,E,-1.00
72,Parker McLachlin,.00,0,5,E,E
72,Jeff Sluman,.00,0,2,E,E
72,Vance Veazey,.00,0,4,E,E
