rank,player,%,Greens Hit,Total Holes,Relative to par
1,Keegan Bradley,100.00%,6,6,-0.17
1,Corey Conners,100.00%,4,4,E
1,Tony Finau,100.00%,6,6,-0.50
1,Sungjae Im,100.00%,6,6,E
1,Tom Kim,100.00%,7,7,-0.29
6,Adam Svensson,88.89%,8,9,E
7,Max Homa,85.71%,6,7,-0.17
7,J.T. Poston,85.71%,6,7,+0.17
9,Russell Henley,83.33%,5,6,+0.40
9,Hideki Matsuyama,83.33%,5,6,-0.20
9,Collin Morikawa,83.33%,5,6,E
9,Scott Stallings,83.33%,5,6,-0.40
13,Ryan Brehm,80.00%,4,5,-0.25
13,Luke List,80.00%,4,5,-0.50
15,Chez Reavie,77.78%,7,9,+0.14
16,Tom Hoge,75.00%,3,4,E
16,Viktor Hovland,75.00%,3,4,-0.33
16,Trey Mullinax,75.00%,3,4,-0.33
16,Chad Ramey,75.00%,6,8,E
16,Justin Thomas,75.00%,3,4,-0.33
21,Sam Burns,71.43%,5,7,-0.40
21,Patrick Cantlay,71.43%,5,7,+0.20
21,Brian Harman,71.43%,5,7,E
21,Scottie Scheffler,71.43%,5,7,E
21,J.J. Spaun,71.43%,5,7,-0.20
26,Mackenzie Hughes,66.67%,4,6,E
26,Jon Rahm,66.67%,4,6,-0.25
26,Sepp Straka,66.67%,6,9,-0.17
29,Seamus Power,60.00%,3,5,E
29,Aaron Wise,60.00%,6,10,-0.17
31,Billy Horschel,57.14%,4,7,-0.75
32,Matt Fitzpatrick,50.00%,4,8,E
32,K.H. Lee,50.00%,3,6,E
32,Cameron Young,50.00%,2,4,-0.50
35,Jordan Spieth,42.86%,3,7,+0.33
36,Sahith Theegala,40.00%,2,5,E
37,Adam Scott,33.33%,2,6,-0.50
38,Will Zalatoris,20.00%,1,5,-1.00
