rank,player,%,Greens Hit,Total Holes,Relative to par
1,Chez Reavie,93.75%,15,16,E
1,Sahith Theegala,93.75%,15,16,-0.07
3,Collin Morikawa,93.33%,14,15,-0.43
4,Max Homa,90.91%,10,11,-0.30
5,K.H. Lee,88.24%,15,17,-0.27
6,Billy Horschel,85.71%,12,14,-0.25
6,J.J. Spaun,85.71%,12,14,E
8,Ryan Brehm,83.33%,10,12,-0.10
8,Russell Henley,83.33%,15,18,-0.13
8,Justin Thomas,83.33%,10,12,+0.10
11,Keegan Bradley,81.82%,9,11,-0.33
11,Tony Finau,81.82%,9,11,-0.11
11,Sepp Straka,81.82%,9,11,-0.56
14,Adam Svensson,81.25%,13,16,E
15,Scottie Scheffler,80.00%,12,15,-0.42
16,Sungjae Im,78.57%,11,14,-0.18
17,Tom Hoge,78.26%,18,23,-0.28
18,Luke List,75.00%,12,16,-0.17
18,Cameron Young,75.00%,6,8,+0.17
18,Will Zalatoris,75.00%,6,8,-0.17
21,J.T. Poston,73.33%,11,15,-0.18
22,Mackenzie Hughes,72.73%,8,11,E
23,Sam Burns,71.43%,10,14,-0.10
23,Patrick Cantlay,71.43%,10,14,-0.10
23,Corey Conners,71.43%,10,14,-0.30
26,Matt Fitzpatrick,70.00%,7,10,E
26,Adam Scott,70.00%,7,10,E
28,Chad Ramey,68.75%,11,16,-0.18
29,Trey Mullinax,66.67%,6,9,-0.17
29,Seamus Power,66.67%,8,12,-0.13
29,Jon Rahm,66.67%,6,9,E
29,Aaron Wise,66.67%,8,12,-0.50
33,Viktor Hovland,64.29%,9,14,E
34,Hideki Matsuyama,62.50%,10,16,-0.20
35,Tom Kim,61.54%,8,13,-0.13
36,Scott Stallings,60.00%,9,15,-0.22
37,Jordan Spieth,58.33%,7,12,-0.29
38,Brian Harman,56.25%,9,16,-0.22
