rank,player,%,Greens Hit,# Holes,Relative/Par
1,Ryan Brehm,100.0%,1,1,E
1,Tony Finau,100.0%,2,2,-1.00
1,Matt Fitzpatrick,100.0%,2,2,-2.00
1,Billy Horschel,100.0%,2,2,E
1,Viktor Hovland,100.0%,1,1,E
1,Mackenzie Hughes,100.0%,1,1,E
1,K.H. Lee,100.0%,1,1,E
1,Seamus Power,100.0%,1,1,+1.00
1,Jon Rahm,100.0%,1,1,E
1,Chez Reavie,100.0%,2,2,+1.00
1,Scottie Scheffler,100.0%,3,3,E
1,Sepp Straka,100.0%,2,2,E
1,Justin Thomas,100.0%,2,2,E
14,Patrick Cantlay,66.7%,2,3,E
15,Sam Burns,50.0%,2,4,-1.00
15,Sahith Theegala,50.0%,1,2,+1.00
15,Aaron Wise,50.0%,1,2,E
18,Keegan Bradley,.0%,0,1,E
18,Corey Conners,.0%,0,1,E
18,Brian Harman,.0%,0,1,E
18,Tom Hoge,.0%,0,1,E
18,Luke List,.0%,0,1,E
18,Hideki Matsuyama,.0%,0,3,E
18,Chad Ramey,.0%,0,1,E
18,Jordan Spieth,.0%,0,1,E
18,Scott Stallings,.0%,0,2,E
18,Adam Svensson,.0%,0,2,E
