rank,player,%,Total Hit,Total Attempts,RTP Score
1,Corey Conners,98.61%,71,72,-28.00
1,J.J. Spaun,98.61%,71,72,-31.00
3,Max Homa,97.22%,70,72,-35.00
3,Sungjae Im,97.22%,70,72,-33.00
3,K.H. Lee,97.22%,70,72,-32.00
6,Collin Morikawa,95.83%,69,72,-33.00
7,Patrick Cantlay,94.44%,68,72,-31.00
7,Tony Finau,94.44%,68,72,-32.00
7,Chez Reavie,94.44%,68,72,-18.00
7,Sepp Straka,94.44%,68,72,-29.00
11,Tom Kim,93.06%,67,72,-35.00
11,Jon Rahm,93.06%,67,72,-37.00
11,Scottie Scheffler,93.06%,67,72,-32.00
11,Adam Scott,93.06%,67,72,-28.00
11,Adam Svensson,93.06%,67,72,-18.00
11,Aaron Wise,93.06%,67,72,-31.00
11,Cameron Young,93.06%,67,72,-33.00
11,Will Zalatoris,93.06%,67,72,-29.00
19,Russell Henley,91.67%,66,72,-19.00
19,J.T. Poston,91.67%,66,72,-27.00
19,Justin Thomas,91.67%,66,72,-27.00
22,Ryan Brehm,90.28%,65,72,-21.00
22,Tom Hoge,90.28%,65,72,-34.00
22,Viktor Hovland,90.28%,65,72,-33.00
22,Scott Stallings,90.28%,65,72,-30.00
26,Keegan Bradley,88.89%,64,72,-15.00
26,Sam Burns,88.89%,64,72,-27.00
26,Mackenzie Hughes,88.89%,64,72,-30.00
26,Luke List,88.89%,64,72,-28.00
30,Matt Fitzpatrick,87.50%,63,72,-27.00
30,Brian Harman,87.50%,63,72,-31.00
30,Billy Horschel,87.50%,63,72,-23.00
30,Sahith Theegala,87.50%,63,72,-22.00
34,Seamus Power,86.11%,62,72,-24.00
35,Hideki Matsuyama,84.72%,61,72,-28.00
35,Trey Mullinax,84.72%,61,72,-23.00
35,Jordan Spieth,84.72%,61,72,-28.00
38,Chad Ramey,83.33%,60,72,-19.00
