rank,player,%,Greens Hit,# of Holes
1,Justin Thomas,100.00%,30,30
2,K.H. Lee,97.06%,33,34
2,Cameron Young,97.06%,33,34
4,Sam Burns,96.77%,30,31
5,Corey Conners,94.59%,35,37
5,Sahith Theegala,94.59%,35,37
7,Patrick Cantlay,93.94%,31,33
8,Sepp Straka,92.68%,38,41
9,Will Zalatoris,91.89%,34,37
10,Viktor Hovland,91.67%,33,36
10,Luke List,91.67%,33,36
12,Russell Henley,91.11%,41,45
13,Jon Rahm,90.32%,28,31
14,J.T. Poston,90.00%,45,50
15,J.J. Spaun,89.47%,34,38
16,Scottie Scheffler,89.19%,33,37
17,Adam Scott,88.89%,32,36
18,Billy Horschel,88.24%,30,34
19,Keegan Bradley,87.80%,36,41
20,Tony Finau,87.18%,34,39
21,Chez Reavie,86.96%,40,46
22,Max Homa,86.05%,37,43
23,Hideki Matsuyama,85.37%,35,41
24,Mackenzie Hughes,85.29%,29,34
25,Sungjae Im,85.00%,34,40
26,Tom Kim,84.62%,33,39
26,Adam Svensson,84.62%,33,39
28,Jordan Spieth,83.87%,26,31
29,Chad Ramey,83.33%,35,42
30,Matt Fitzpatrick,82.86%,29,35
30,Trey Mullinax,82.86%,29,35
32,Aaron Wise,82.50%,33,40
33,Tom Hoge,82.05%,32,39
34,Seamus Power,81.25%,26,32
35,Ryan Brehm,80.56%,29,36
36,Brian Harman,80.00%,36,45
36,Collin Morikawa,80.00%,32,40
38,Scott Stallings,77.78%,28,36
