rank,player,%,Greens Hit,Total Holes,Relative to par
1,K.H. Lee,100.00%,27,27,-0.67
2,Cameron Young,97.06%,33,34,-0.64
3,Jon Rahm,96.88%,31,32,-0.84
3,J.J. Spaun,96.88%,31,32,-0.68
5,Viktor Hovland,96.55%,28,29,-0.64
5,Sungjae Im,96.55%,28,29,-0.71
5,Tom Kim,96.55%,28,29,-0.79
5,Justin Thomas,96.55%,28,29,-0.50
9,Hideki Matsuyama,95.83%,23,24,-0.70
10,Will Zalatoris,93.75%,30,32,-0.60
11,Sepp Straka,92.59%,25,27,-0.60
12,Russell Henley,92.31%,24,26,-0.42
13,Chad Ramey,92.00%,23,25,-0.52
13,Chez Reavie,92.00%,23,25,-0.43
15,Tony Finau,91.30%,21,23,-0.71
16,Luke List,90.91%,30,33,-0.60
16,Adam Scott,90.91%,30,33,-0.53
18,Corey Conners,90.00%,27,30,-0.48
19,Sam Burns,89.66%,26,29,-0.46
20,Trey Mullinax,89.29%,25,28,-0.60
21,Aaron Wise,88.89%,24,27,-0.79
22,Matt Fitzpatrick,88.24%,30,34,-0.67
23,Billy Horschel,87.50%,21,24,-0.52
24,Brian Harman,87.10%,27,31,-0.63
24,Scottie Scheffler,87.10%,27,31,-0.70
24,Jordan Spieth,87.10%,27,31,-0.70
24,Scott Stallings,87.10%,27,31,-0.59
28,Mackenzie Hughes,86.67%,26,30,-0.85
29,Patrick Cantlay,86.21%,25,29,-0.76
29,Max Homa,86.21%,25,29,-0.68
31,Ryan Brehm,85.71%,24,28,-0.54
31,J.T. Poston,85.71%,24,28,-0.75
31,Seamus Power,85.71%,24,28,-0.54
34,Sahith Theegala,84.85%,28,33,-0.57
35,Tom Hoge,83.33%,20,24,-0.80
36,Collin Morikawa,82.14%,23,28,-0.70
37,Keegan Bradley,76.67%,23,30,-0.22
38,Adam Svensson,73.08%,19,26,-0.68
