rank,player,%,Greens Hit,Total Holes,Relative to par
1,Patrick Cantlay,100.00%,7,7,-0.29
1,Corey Conners,100.00%,5,5,-0.20
1,Max Homa,100.00%,13,13,-0.38
1,K.H. Lee,100.00%,8,8,-0.50
1,Hideki Matsuyama,100.00%,8,8,-0.13
1,J.T. Poston,100.00%,9,9,-0.33
1,Chez Reavie,100.00%,3,3,-0.33
1,Scottie Scheffler,100.00%,7,7,-0.14
1,Scott Stallings,100.00%,4,4,-0.25
1,Sepp Straka,100.00%,8,8,-0.25
1,Sahith Theegala,100.00%,6,6,-0.17
1,Aaron Wise,100.00%,11,11,-0.18
1,Will Zalatoris,100.00%,9,9,-0.11
14,Sungjae Im,90.00%,9,10,E
15,Jordan Spieth,88.89%,8,9,-0.13
16,Brian Harman,87.50%,7,8,-0.43
16,Tom Hoge,87.50%,7,8,-0.57
16,Seamus Power,87.50%,7,8,-0.14
16,Adam Scott,87.50%,7,8,-0.29
16,Cameron Young,87.50%,7,8,-0.29
21,Matt Fitzpatrick,85.71%,6,7,-0.50
21,Russell Henley,85.71%,6,7,-0.33
21,Luke List,85.71%,6,7,-0.67
24,Billy Horschel,83.33%,5,6,E
24,J.J. Spaun,83.33%,5,6,-0.40
26,Viktor Hovland,80.00%,8,10,-0.38
27,Justin Thomas,77.78%,7,9,-0.43
28,Tony Finau,76.92%,10,13,-0.20
28,Trey Mullinax,76.92%,10,13,-0.20
30,Jon Rahm,75.00%,9,12,-0.33
30,Chad Ramey,75.00%,6,8,-0.17
32,Ryan Brehm,70.00%,7,10,-0.29
32,Collin Morikawa,70.00%,7,10,-0.57
34,Sam Burns,66.67%,4,6,-0.25
34,Tom Kim,66.67%,6,9,-0.50
34,Adam Svensson,66.67%,4,6,+0.25
37,Keegan Bradley,60.00%,3,5,-0.33
37,Mackenzie Hughes,60.00%,3,5,E
