rank,player,%,Greens Hit,Total Holes,Relative to par
1,Keegan Bradley,100.00%,7,7,E
1,Patrick Cantlay,100.00%,4,4,-0.25
1,Mackenzie Hughes,100.00%,7,7,-0.14
1,K.H. Lee,100.00%,6,6,E
1,Luke List,100.00%,4,4,+0.25
1,Collin Morikawa,100.00%,5,5,-0.20
1,Sepp Straka,100.00%,9,9,E
1,Adam Svensson,100.00%,6,6,+0.17
1,Aaron Wise,100.00%,5,5,+0.20
10,Billy Horschel,90.00%,9,10,-0.11
11,Sam Burns,88.89%,8,9,-0.25
12,Tom Hoge,87.50%,7,8,-0.29
13,Russell Henley,85.71%,6,7,-0.33
13,J.J. Spaun,85.71%,6,7,-0.33
15,Matt Fitzpatrick,83.33%,5,6,E
15,Jordan Spieth,83.33%,5,6,-0.40
17,J.T. Poston,80.00%,8,10,+0.13
17,Scottie Scheffler,80.00%,4,5,E
19,Brian Harman,75.00%,6,8,-0.17
19,Jon Rahm,75.00%,3,4,-0.33
19,Chez Reavie,75.00%,6,8,-0.50
22,Corey Conners,71.43%,5,7,-0.20
22,Viktor Hovland,71.43%,5,7,-0.20
22,Sahith Theegala,71.43%,5,7,E
22,Cameron Young,71.43%,5,7,-0.40
26,Ryan Brehm,70.00%,7,10,+0.14
27,Max Homa,66.67%,4,6,-0.75
27,Tom Kim,66.67%,6,9,E
27,Scott Stallings,66.67%,4,6,-0.75
27,Justin Thomas,66.67%,4,6,-0.50
31,Trey Mullinax,62.50%,5,8,+0.20
31,Chad Ramey,62.50%,5,8,-0.20
31,Will Zalatoris,62.50%,5,8,-0.20
34,Sungjae Im,57.14%,4,7,-0.50
34,Hideki Matsuyama,57.14%,4,7,E
34,Seamus Power,57.14%,4,7,E
34,Adam Scott,57.14%,4,7,-0.25
38,Tony Finau,50.00%,3,6,E
