rank,player,%,Greens Hit,Total Holes,Relative to par
1,Keegan Bradley,90.24%,37,41,-0.22
2,Collin Morikawa,88.64%,39,44,-0.31
3,Max Homa,88.10%,37,42,-0.32
3,Sepp Straka,88.10%,37,42,-0.22
5,Billy Horschel,84.78%,39,46,-0.23
5,Adam Svensson,84.78%,39,46,+0.05
7,J.J. Spaun,84.62%,33,39,-0.09
8,Russell Henley,84.44%,38,45,-0.18
9,K.H. Lee,84.09%,37,44,-0.22
10,Patrick Cantlay,82.93%,34,41,-0.15
11,Scottie Scheffler,82.50%,33,40,-0.18
12,J.T. Poston,81.82%,36,44,-0.08
13,Luke List,81.58%,31,38,-0.26
13,Sahith Theegala,81.58%,31,38,-0.06
15,Tom Hoge,81.25%,39,48,-0.33
16,Corey Conners,80.49%,33,41,-0.21
17,Justin Thomas,80.00%,32,40,-0.22
18,Ryan Brehm,79.55%,35,44,-0.09
18,Aaron Wise,79.55%,35,44,-0.14
20,Mackenzie Hughes,79.49%,31,39,-0.06
21,Tony Finau,79.17%,38,48,-0.24
22,Chez Reavie,78.72%,37,47,-0.11
23,Sam Burns,78.05%,32,41,-0.28
24,Will Zalatoris,77.50%,31,40,-0.19
25,Sungjae Im,76.19%,32,42,-0.13
26,Cameron Young,75.68%,28,37,-0.21
27,Jon Rahm,75.00%,30,40,-0.17
27,Scott Stallings,75.00%,30,40,-0.27
29,Matt Fitzpatrick,73.68%,28,38,-0.14
30,Viktor Hovland,72.50%,29,40,-0.24
31,Tom Kim,72.09%,31,43,-0.16
31,Seamus Power,72.09%,31,43,-0.16
33,Jordan Spieth,70.73%,29,41,-0.14
34,Chad Ramey,70.45%,31,44,-0.10
35,Adam Scott,68.42%,26,38,-0.15
36,Trey Mullinax,68.18%,30,44,-0.10
37,Hideki Matsuyama,66.67%,32,48,-0.22
38,Brian Harman,65.85%,27,41,-0.22
