rank,player,%,Greens Hit,Total Holes,Relative to par
1,Ryan Brehm,100.00%,5,5,-0.40
1,Tony Finau,100.00%,2,2,-0.50
1,Matt Fitzpatrick,100.00%,6,6,-0.50
1,Russell Henley,100.00%,7,7,-0.29
1,Billy Horschel,100.00%,4,4,-0.25
1,Viktor Hovland,100.00%,6,6,-0.33
1,Sungjae Im,100.00%,3,3,-0.33
1,K.H. Lee,100.00%,4,4,-0.50
1,Hideki Matsuyama,100.00%,6,6,-0.67
1,Trey Mullinax,100.00%,3,3,-0.33
1,J.T. Poston,100.00%,6,6,-0.50
1,Jon Rahm,100.00%,5,5,-0.60
1,Chez Reavie,100.00%,8,8,-0.13
1,Justin Thomas,100.00%,4,4,+0.25
1,Aaron Wise,100.00%,3,3,-0.67
1,Cameron Young,100.00%,8,8,-0.50
17,Will Zalatoris,88.89%,8,9,-0.38
18,Max Homa,87.50%,7,8,-0.71
18,Luke List,87.50%,7,8,E
18,Seamus Power,87.50%,7,8,-0.43
21,Adam Scott,85.71%,6,7,-0.17
21,Sepp Straka,85.71%,6,7,-0.33
23,Corey Conners,83.33%,5,6,E
23,Tom Hoge,83.33%,5,6,-0.40
23,Mackenzie Hughes,83.33%,5,6,-0.60
23,Tom Kim,83.33%,5,6,-0.20
23,J.J. Spaun,83.33%,5,6,-0.60
28,Jordan Spieth,80.00%,4,5,E
29,Sam Burns,77.78%,7,9,-0.43
30,Patrick Cantlay,75.00%,3,4,-0.67
30,Brian Harman,75.00%,3,4,-0.33
30,Chad Ramey,75.00%,6,8,E
30,Scott Stallings,75.00%,3,4,-0.33
34,Keegan Bradley,66.67%,6,9,-0.17
35,Sahith Theegala,57.14%,4,7,E
36,Scottie Scheffler,50.00%,2,4,E
37,Adam Svensson,40.00%,2,5,E
38,Collin Morikawa,25.00%,1,4,E
