rank,player,%,Greens Hit,# of holes
1,Will Zalatoris,95.65%,22,23
2,J.J. Spaun,90.91%,20,22
3,Collin Morikawa,90.00%,18,20
4,Max Homa,88.24%,15,17
5,Jon Rahm,82.76%,24,29
6,Tom Hoge,80.95%,17,21
7,K.H. Lee,80.77%,21,26
8,Matt Fitzpatrick,80.00%,20,25
8,Aaron Wise,80.00%,16,20
10,Ryan Brehm,79.17%,19,24
10,Luke List,79.17%,19,24
10,Scott Stallings,79.17%,19,24
13,Seamus Power,78.57%,22,28
13,Chez Reavie,78.57%,11,14
15,Tony Finau,76.19%,16,21
16,Sungjae Im,75.00%,15,20
17,Patrick Cantlay,74.07%,20,27
18,Corey Conners,73.91%,17,23
18,Scottie Scheffler,73.91%,17,23
20,Billy Horschel,73.08%,19,26
20,Cameron Young,73.08%,19,26
22,Jordan Spieth,72.41%,21,29
23,Tom Kim,71.43%,15,21
23,Adam Svensson,71.43%,15,21
25,Adam Scott,70.83%,17,24
26,Justin Thomas,70.00%,21,30
27,Mackenzie Hughes,69.23%,18,26
28,Sam Burns,68.97%,20,29
29,Sepp Straka,68.42%,13,19
30,Trey Mullinax,68.00%,17,25
31,Russell Henley,66.67%,10,15
32,Sahith Theegala,65.22%,15,23
33,Keegan Bradley,63.16%,12,19
34,Viktor Hovland,62.50%,15,24
35,Brian Harman,60.00%,9,15
35,J.T. Poston,60.00%,6,10
37,Hideki Matsuyama,57.89%,11,19
38,Chad Ramey,50.00%,9,18
