rank,player,%,Greens Hit,Total Holes,Relative to par
1,K.H. Lee,100.00%,35,35,-0.63
2,Hideki Matsuyama,96.88%,31,32,-0.55
3,Cameron Young,95.24%,40,42,-0.58
4,Will Zalatoris,95.12%,39,41,-0.49
5,Sungjae Im,94.87%,37,39,-0.54
6,J.J. Spaun,94.74%,36,38,-0.64
7,Sepp Straka,94.29%,33,35,-0.52
8,Chez Reavie,92.86%,26,28,-0.42
9,Viktor Hovland,92.31%,36,39,-0.58
10,Justin Thomas,92.11%,35,38,-0.49
10,Aaron Wise,92.11%,35,38,-0.60
12,Corey Conners,91.43%,32,35,-0.44
13,Russell Henley,90.91%,30,33,-0.40
13,Jon Rahm,90.91%,40,44,-0.73
15,Max Homa,90.48%,38,42,-0.58
16,Adam Scott,90.24%,37,41,-0.49
17,Luke List,90.00%,36,40,-0.61
18,Tom Kim,89.47%,34,38,-0.74
18,Scottie Scheffler,89.47%,34,38,-0.59
20,J.T. Poston,89.19%,33,37,-0.64
21,Patrick Cantlay,88.89%,32,36,-0.66
22,Scott Stallings,88.57%,31,35,-0.55
23,Chad Ramey,87.88%,29,33,-0.45
24,Matt Fitzpatrick,87.80%,36,41,-0.64
25,Jordan Spieth,87.50%,35,40,-0.57
26,Brian Harman,87.18%,34,39,-0.59
26,Sahith Theegala,87.18%,34,39,-0.50
28,Billy Horschel,86.67%,26,30,-0.42
29,Tony Finau,86.11%,31,36,-0.55
29,Seamus Power,86.11%,31,36,-0.45
31,Sam Burns,85.71%,30,35,-0.43
32,Trey Mullinax,85.37%,35,41,-0.49
33,Tom Hoge,84.38%,27,32,-0.74
34,Mackenzie Hughes,82.86%,29,35,-0.76
35,Ryan Brehm,81.58%,31,38,-0.48
36,Collin Morikawa,78.95%,30,38,-0.67
37,Keegan Bradley,74.29%,26,35,-0.23
38,Adam Svensson,71.88%,23,32,-0.52
