rank,player,%,Greens Hit,Total Holes,Relative to par
1,Keegan Bradley,100.00%,12,12,-0.25
1,Ryan Brehm,100.00%,7,7,E
1,Sam Burns,100.00%,5,5,-0.60
1,Billy Horschel,100.00%,9,9,-0.22
1,Collin Morikawa,100.00%,8,8,-0.13
1,J.J. Spaun,100.00%,5,5,+0.40
1,Sepp Straka,100.00%,5,5,E
1,Will Zalatoris,100.00%,10,10,-0.20
9,Mackenzie Hughes,90.00%,9,10,-0.11
10,Patrick Cantlay,88.89%,8,9,-0.25
10,Jon Rahm,88.89%,8,9,E
10,Scott Stallings,88.89%,8,9,E
10,Adam Svensson,88.89%,8,9,E
10,Justin Thomas,88.89%,8,9,-0.25
15,Matt Fitzpatrick,85.71%,6,7,-0.17
15,Russell Henley,85.71%,6,7,-0.50
15,Adam Scott,85.71%,6,7,E
15,Jordan Spieth,85.71%,6,7,E
19,Tony Finau,83.33%,10,12,-0.30
19,Luke List,83.33%,5,6,-0.20
19,Scottie Scheffler,83.33%,5,6,E
19,Aaron Wise,83.33%,5,6,+0.20
23,Corey Conners,81.82%,9,11,-0.22
23,Seamus Power,81.82%,9,11,-0.33
25,Tom Hoge,80.00%,4,5,-0.50
25,Max Homa,80.00%,4,5,E
25,Viktor Hovland,80.00%,4,5,-0.50
25,Tom Kim,80.00%,4,5,+0.25
25,Cameron Young,80.00%,8,10,-0.25
30,Chad Ramey,75.00%,3,4,+0.33
30,Sahith Theegala,75.00%,3,4,E
32,K.H. Lee,71.43%,5,7,E
33,J.T. Poston,66.67%,2,3,E
34,Trey Mullinax,60.00%,6,10,E
35,Chez Reavie,54.55%,6,11,-0.17
36,Hideki Matsuyama,45.45%,5,11,-0.60
37,Sungjae Im,40.00%,2,5,E
38,Brian Harman,.00%,0,2,E
