rank,player,%,Greens Hit,Total Holes,Relative to par
1,Tom Kim,100.00%,23,23,-0.91
1,K.H. Lee,100.00%,23,23,-0.70
1,Chad Ramey,100.00%,17,17,-0.71
1,J.J. Spaun,100.00%,26,26,-0.69
5,Jon Rahm,96.30%,26,27,-0.88
6,Sungjae Im,96.15%,25,26,-0.76
6,Cameron Young,96.15%,25,26,-0.68
8,Justin Thomas,96.00%,24,25,-0.63
9,Viktor Hovland,95.65%,22,23,-0.73
9,Will Zalatoris,95.65%,22,23,-0.68
11,Sam Burns,95.00%,19,20,-0.47
11,Sepp Straka,95.00%,19,20,-0.68
13,Hideki Matsuyama,94.44%,17,18,-0.71
14,Scottie Scheffler,92.59%,25,27,-0.76
15,Adam Scott,92.31%,24,26,-0.63
15,Sahith Theegala,92.31%,24,26,-0.67
17,Luke List,92.00%,23,25,-0.78
18,Corey Conners,91.67%,22,24,-0.59
18,Collin Morikawa,91.67%,22,24,-0.73
20,Tony Finau,90.48%,19,21,-0.74
21,Russell Henley,89.47%,17,19,-0.47
22,Brian Harman,88.89%,24,27,-0.67
22,Scott Stallings,88.89%,24,27,-0.63
24,Jordan Spieth,88.46%,23,26,-0.83
25,Chez Reavie,88.24%,15,17,-0.60
26,Patrick Cantlay,88.00%,22,25,-0.77
26,Trey Mullinax,88.00%,22,25,-0.64
28,Mackenzie Hughes,87.50%,21,24,-0.90
28,Aaron Wise,87.50%,21,24,-0.81
30,Matt Fitzpatrick,85.71%,24,28,-0.71
30,Max Homa,85.71%,18,21,-0.67
32,Billy Horschel,85.00%,17,20,-0.59
32,Seamus Power,85.00%,17,20,-0.59
34,Tom Hoge,83.33%,15,18,-0.93
35,Ryan Brehm,82.61%,19,23,-0.58
36,J.T. Poston,81.82%,18,22,-0.83
37,Keegan Bradley,80.95%,17,21,-0.24
37,Adam Svensson,80.95%,17,21,-0.76
