rank,player,%,Total 3 Putts,Total Holes
1,Cameron Beckman,5.56,1,18
1,K.J. Choi,5.56,1,18
1,Stewart Cink,5.56,1,18
1,Trevor Immelman,5.56,1,18
1,Richard Johnson,5.56,1,18
1,Zach Johnson,5.56,1,18
1,Anthony Kim,5.56,1,18
1,Greg Kraft,5.56,1,18
1,Davis Love III,5.56,1,18
1,Steve Lowery,5.56,1,18
1,Ryan Palmer,5.56,1,18
1,Kenny Perry,5.56,1,18
1,Carl Pettersson,5.56,1,18
1,Chez Reavie,5.56,1,18
1,D.J. Trahan,5.56,1,18
1,Marc Turnesa,5.56,1,18
1,Boo Weekley,5.56,1,18
18,Dustin Johnson,11.11,2,18
18,Geoff Ogilvy,11.11,2,18
18,Andres Romero,11.11,2,18
21,Vijay Singh,16.67,3,18
