rank,player,%,Total 3 Putts,Attempts,2 Putt or Better %
1,J.B. Holmes,.00,0,18,100.0
1,Parker McLachlin,.00,0,14,100.0
3,Cameron Beckman,3.85,1,26,96.1
4,Adam Scott,4.55,1,22,95.4
5,Johnson Wagner,5.00,1,20,95.0
6,Greg Kraft,5.88,1,17,94.1
7,Davis Love III,6.25,1,16,93.7
8,Brian Gay,6.67,1,15,93.3
9,D.J. Trahan,6.90,2,29,93.1
10,Geoff Ogilvy,8.33,2,24,91.6
10,Carl Pettersson,8.33,2,24,91.6
12,Will MacKenzie,9.52,2,21,90.4
12,Ryan Palmer,9.52,2,21,90.4
14,Stewart Cink,10.00,2,20,90.0
14,Zach Johnson,10.00,2,20,90.0
14,Chez Reavie,10.00,2,20,90.0
17,Ernie Els,11.11,2,18,88.8
17,Ryuji Imada,11.11,2,18,88.8
17,Kenny Perry,11.11,2,18,88.8
20,Andres Romero,12.00,3,25,88.0
21,Daniel Chopra,12.50,2,16,87.5
22,Anthony Kim,13.04,3,23,86.9
22,Boo Weekley,13.04,3,23,86.9
24,K.J. Choi,14.29,2,14,85.7
24,Sean O'Hair,14.29,3,21,85.7
26,Justin Leonard,15.00,3,20,85.0
27,Marc Turnesa,15.79,3,19,84.2
28,Richard Johnson,16.67,3,18,83.3
28,Camilo Villegas,16.67,3,18,83.3
30,Steve Lowery,17.39,4,23,82.6
31,Dustin Johnson,17.65,3,17,82.3
32,Trevor Immelman,23.08,6,26,76.9
33,Vijay Singh,26.92,7,26,73.0
