rank,player,%,Total 3 Putts,Attempts,2 Putt or Better %
1,Cameron Beckman,.00,0,11,100.0
1,K.J. Choi,.00,0,13,100.0
1,Daniel Chopra,.00,0,8,100.0
1,Stewart Cink,.00,0,11,100.0
1,Ernie Els,.00,0,9,100.0
1,Brian Gay,.00,0,7,100.0
1,J.B. Holmes,.00,0,12,100.0
1,Ryuji Imada,.00,0,8,100.0
1,Dustin Johnson,.00,0,14,100.0
1,Richard Johnson,.00,0,15,100.0
1,Zach Johnson,.00,0,14,100.0
1,Anthony Kim,.00,0,13,100.0
1,Greg Kraft,.00,0,13,100.0
1,Justin Leonard,.00,0,13,100.0
1,Davis Love III,.00,0,11,100.0
1,Steve Lowery,.00,0,12,100.0
1,Will MacKenzie,.00,0,10,100.0
1,Sean O'Hair,.00,0,10,100.0
1,Geoff Ogilvy,.00,0,7,100.0
1,Ryan Palmer,.00,0,18,100.0
1,Kenny Perry,.00,0,10,100.0
1,Carl Pettersson,.00,0,10,100.0
1,Vijay Singh,.00,0,8,100.0
1,D.J. Trahan,.00,0,13,100.0
1,Johnson Wagner,.00,0,10,100.0
26,Camilo Villegas,6.67,1,15,93.3
27,Adam Scott,7.14,1,14,92.8
28,Trevor Immelman,7.69,1,13,92.3
28,Parker McLachlin,7.69,1,13,92.3
28,Chez Reavie,7.69,1,13,92.3
31,Marc Turnesa,8.33,1,12,91.6
32,Andres Romero,11.11,1,9,88.8
33,Boo Weekley,13.33,2,15,86.6
