rank,player,%,Total 3 Putts,Total Holes
1,K.J. Choi,5.56,1,18
1,Brian Gay,5.56,1,18
1,J.B. Holmes,5.56,1,18
1,Ryuji Imada,5.56,1,18
1,Richard Johnson,5.56,1,18
1,Anthony Kim,5.56,1,18
1,Will MacKenzie,5.56,1,18
1,Kenny Perry,5.56,1,18
1,Andres Romero,5.56,1,18
1,Adam Scott,5.56,1,18
1,Vijay Singh,5.56,1,18
1,D.J. Trahan,5.56,1,18
1,Johnson Wagner,5.56,1,18
1,Boo Weekley,5.56,1,18
15,Daniel Chopra,11.11,2,18
15,Trevor Immelman,11.11,2,18
15,Steve Lowery,11.11,2,18
15,Chez Reavie,11.11,2,18
15,Marc Turnesa,11.11,2,18
20,Justin Leonard,16.67,3,18
20,Sean O'Hair,16.67,3,18
22,Camilo Villegas,22.22,4,18
