rank,player,Total 3 putts > 25',Total 3 Putts
1,Vijay Singh,7,7
2,Trevor Immelman,6,7
3,Steve Lowery,4,4
4,Dustin Johnson,3,3
4,Richard Johnson,3,3
4,Anthony Kim,3,3
4,Justin Leonard,3,3
4,Sean O'Hair,3,5
4,Andres Romero,3,5
4,Marc Turnesa,3,5
4,Camilo Villegas,3,5
4,Boo Weekley,3,6
13,K.J. Choi,2,2
13,Daniel Chopra,2,3
13,Stewart Cink,2,4
13,Ernie Els,2,2
13,Ryuji Imada,2,2
13,Zach Johnson,2,2
13,Will MacKenzie,2,2
13,Geoff Ogilvy,2,2
13,Ryan Palmer,2,2
13,Kenny Perry,2,2
13,Carl Pettersson,2,2
13,Chez Reavie,2,3
13,D.J. Trahan,2,2
26,Cameron Beckman,1,1
26,Brian Gay,1,1
26,Greg Kraft,1,2
26,Davis Love III,1,1
26,Adam Scott,1,2
26,Johnson Wagner,1,1
