rank,player,%,Total 3 Putts,Attempts,2 Putt or Better %
1,Cameron Beckman,.00,0,6,100.0
1,K.J. Choi,.00,0,11,100.0
1,Stewart Cink,.00,0,9,100.0
1,Ernie Els,.00,0,3,100.0
1,Brian Gay,.00,0,9,100.0
1,J.B. Holmes,.00,0,7,100.0
1,Ryuji Imada,.00,0,8,100.0
1,Trevor Immelman,.00,0,7,100.0
1,Dustin Johnson,.00,0,12,100.0
1,Richard Johnson,.00,0,6,100.0
1,Zach Johnson,.00,0,8,100.0
1,Anthony Kim,.00,0,6,100.0
1,Greg Kraft,.00,0,7,100.0
1,Justin Leonard,.00,0,8,100.0
1,Davis Love III,.00,0,11,100.0
1,Steve Lowery,.00,0,10,100.0
1,Will MacKenzie,.00,0,11,100.0
1,Parker McLachlin,.00,0,11,100.0
1,Geoff Ogilvy,.00,0,5,100.0
1,Ryan Palmer,.00,0,6,100.0
1,Kenny Perry,.00,0,8,100.0
1,Carl Pettersson,.00,0,8,100.0
1,Chez Reavie,.00,0,11,100.0
1,Adam Scott,.00,0,1,100.0
1,Vijay Singh,.00,0,7,100.0
1,D.J. Trahan,.00,0,4,100.0
1,Marc Turnesa,.00,0,9,100.0
1,Camilo Villegas,.00,0,8,100.0
1,Johnson Wagner,.00,0,7,100.0
1,Boo Weekley,.00,0,7,100.0
31,Sean O'Hair,10.00,1,10,90.0
32,Daniel Chopra,12.50,1,8,87.5
33,Andres Romero,20.00,1,5,80.0
