rank,player,%,Total Birdies,Total Holes
1,Hideki Matsuyama,55.00,11,20
2,Si Woo Kim,50.00,12,24
2,Justin Thomas,50.00,10,20
4,Russell Knox,48.00,12,25
5,Cody Gribble,47.62,10,21
6,Pat Perez,42.11,8,19
6,Jimmy Walker,42.11,8,19
8,Patrick Reed,41.67,10,24
8,Brandt Snedeker,41.67,10,24
10,Jordan Spieth,40.91,9,22
10,Jhonattan Vegas,40.91,9,22
12,Jason Day,40.00,8,20
13,Fabián Gómez,37.93,11,29
14,Jim Herman,37.50,9,24
15,James Hahn,36.36,8,22
16,William McGirt,36.00,9,25
17,Tony Finau,34.78,8,23
18,Aaron Baddeley,33.33,7,21
18,Charley Hoffman,33.33,8,24
20,Dustin Johnson,31.82,7,22
21,Mackenzie Hughes,29.63,8,27
22,Bubba Watson,29.17,7,24
23,Branden Grace,28.57,6,21
23,Billy Hurley III,28.57,8,28
23,Ryan Moore,28.57,6,21
26,Greg Chalmers,28.00,7,25
27,Daniel Berger,25.00,6,24
27,Jason Dufner,25.00,7,28
27,Rod Pampling,25.00,6,24
30,Brian Stuard,19.23,5,26
31,Brendan Steele,19.05,4,21
32,Vaughn Taylor,17.24,5,29
