rank,player,%,Total Birdies,Total Holes
1,Brendan Steele,80.00,4,5
2,James Hahn,50.00,3,6
2,William McGirt,50.00,1,2
2,Justin Thomas,50.00,2,4
5,Cody Gribble,44.44,4,9
6,Branden Grace,42.86,3,7
7,Hideki Matsuyama,40.00,2,5
8,Aaron Baddeley,33.33,2,6
8,Dustin Johnson,33.33,3,9
8,Jimmy Walker,33.33,1,3
11,Greg Chalmers,28.57,2,7
12,Tony Finau,25.00,2,8
12,Pat Perez,25.00,1,4
14,Jason Day,20.00,1,5
14,Vaughn Taylor,20.00,1,5
16,Jim Herman,16.67,1,6
16,Brian Stuard,16.67,1,6
16,Jhonattan Vegas,16.67,1,6
16,Bubba Watson,16.67,1,6
20,Jason Dufner,14.29,1,7
20,Si Woo Kim,14.29,1,7
22,Brandt Snedeker,12.50,1,8
23,Mackenzie Hughes,8.33,1,12
24,Daniel Berger,.00,0,4
24,Fabián Gómez,.00,0,4
24,Charley Hoffman,.00,0,5
24,Billy Hurley III,.00,0,7
24,Russell Knox,.00,0,4
24,Ryan Moore,.00,0,4
24,Rod Pampling,.00,0,2
24,Patrick Reed,.00,0,4
