rank,player,Avg RTP
1,Rod Pampling,-.714
2,Jason Day,-.500
2,Jason Dufner,-.500
4,Mackenzie Hughes,-.429
5,Vaughn Taylor,-.400
5,Bubba Watson,-.400
7,Patrick Reed,-.375
7,Jordan Spieth,-.375
9,Ryan Moore,-.364
10,Dustin Johnson,-.333
11,Justin Thomas,-.286
11,Jimmy Walker,-.286
13,Fabián Gómez,-.250
13,Charley Hoffman,-.250
13,Brandt Snedeker,-.250
16,Brian Stuard,-.231
17,Cody Gribble,-.200
17,Russell Knox,-.200
17,Hideki Matsuyama,-.200
20,Daniel Berger,-.143
20,Pat Perez,-.143
22,Branden Grace,-.125
22,Billy Hurley III,-.125
24,James Hahn,-.111
24,Jim Herman,-.111
26,Greg Chalmers,-.091
27,Aaron Baddeley,E
27,Brendan Steele,E
27,Jhonattan Vegas,E
30,William McGirt,+.111
31,Tony Finau,+.167
32,Si Woo Kim,+.250
