rank,player,Avg RTP
1,William McGirt,-.500
1,Brian Stuard,-.500
3,Russell Knox,-.400
4,Aaron Baddeley,-.333
4,Tony Finau,-.333
4,James Hahn,-.333
4,Rod Pampling,-.333
4,Justin Thomas,-.333
9,Jim Herman,-.250
9,Brendan Steele,-.250
11,Greg Chalmers,-.143
12,Daniel Berger,E
12,Jason Dufner,E
12,Fabián Gómez,E
12,Charley Hoffman,E
12,Mackenzie Hughes,E
12,Dustin Johnson,E
12,Hideki Matsuyama,E
12,Ryan Moore,E
12,Pat Perez,E
12,Jordan Spieth,E
12,Vaughn Taylor,E
12,Jimmy Walker,E
12,Bubba Watson,E
25,Jason Day,+.167
26,Cody Gribble,+.250
27,Brandt Snedeker,+.333
28,Branden Grace,+.500
28,Billy Hurley III,+.500
28,Patrick Reed,+.500
31,Jhonattan Vegas,+.750
32,Si Woo Kim,+1.000
