rank,player,Avg RTP
1,William McGirt,-.500
2,Jason Dufner,-.400
3,Tony Finau,-.375
3,Pat Perez,-.375
5,Charley Hoffman,-.333
6,Aaron Baddeley,-.286
6,Brandt Snedeker,-.286
6,Justin Thomas,-.286
9,Cody Gribble,-.250
10,Russell Knox,-.200
10,Bubba Watson,-.200
12,Greg Chalmers,-.167
13,Daniel Berger,-.143
14,Fabián Gómez,-.125
14,Brendan Steele,-.125
16,Ryan Moore,-.111
17,James Hahn,-.100
18,Jason Day,E
18,Branden Grace,E
18,Dustin Johnson,E
18,Hideki Matsuyama,E
18,Jordan Spieth,E
18,Brian Stuard,E
18,Vaughn Taylor,E
18,Jhonattan Vegas,E
18,Jimmy Walker,E
27,Si Woo Kim,+.143
28,Mackenzie Hughes,+.167
29,Jim Herman,+.200
30,Rod Pampling,+.333
31,Billy Hurley III,+.571
31,Patrick Reed,+.571
