rank,player,Avg RTP
1,Brian Stuard,-.500
2,Jason Dufner,-.333
3,Dustin Johnson,-.250
4,Cody Gribble,-.200
5,Jason Day,-.154
6,Rod Pampling,-.143
7,Justin Thomas,-.125
8,Jordan Spieth,-.100
9,Jimmy Walker,-.067
10,Aaron Baddeley,E
10,Greg Chalmers,E
10,Fabián Gómez,E
10,Charley Hoffman,E
10,Mackenzie Hughes,E
10,Ryan Moore,E
10,Pat Perez,E
10,Vaughn Taylor,E
18,Brendan Steele,+.077
19,Hideki Matsuyama,+.111
20,Daniel Berger,+.125
21,Russell Knox,+.167
22,Jim Herman,+.200
22,William McGirt,+.200
22,Bubba Watson,+.200
25,Tony Finau,+.250
25,Patrick Reed,+.250
27,James Hahn,+.286
28,Si Woo Kim,+.400
29,Billy Hurley III,+.500
29,Brandt Snedeker,+.500
31,Jhonattan Vegas,+.625
32,Branden Grace,+.636
