rank,player,%,Total Birdies,Total Holes
1,Jordan Spieth,42.31,11,26
2,Vaughn Taylor,37.50,9,24
3,Patrick Reed,35.00,7,20
4,Jason Dufner,30.43,7,23
4,Rod Pampling,30.43,7,23
6,Ryan Moore,29.63,8,27
7,Brian Stuard,29.17,7,24
8,Jimmy Walker,29.03,9,31
9,Greg Chalmers,27.59,8,29
9,William McGirt,27.59,8,29
9,Justin Thomas,27.59,8,29
12,Tony Finau,26.92,7,26
13,Russell Knox,26.67,8,30
14,Hideki Matsuyama,25.93,7,27
15,Cody Gribble,25.00,5,20
15,Bubba Watson,25.00,6,24
17,Mackenzie Hughes,23.08,6,26
18,Charley Hoffman,22.58,7,31
19,Daniel Berger,21.05,4,19
20,Jason Day,20.00,5,25
20,James Hahn,20.00,5,25
20,Billy Hurley III,20.00,5,25
20,Brendan Steele,20.00,4,20
24,Jim Herman,17.86,5,28
25,Branden Grace,17.24,5,29
26,Pat Perez,16.67,4,24
27,Fabián Gómez,15.79,3,19
28,Dustin Johnson,14.29,3,21
28,Jhonattan Vegas,14.29,3,21
30,Aaron Baddeley,11.54,3,26
31,Si Woo Kim,9.09,2,22
32,Brandt Snedeker,8.33,2,24
