rank,player,%,Total Birdies,Total Holes
1,Jordan Spieth,44.83,26,58
2,Justin Thomas,37.04,20,54
3,Hideki Matsuyama,35.85,19,53
4,Charley Hoffman,35.19,19,54
5,Patrick Reed,34.48,20,58
6,Russell Knox,33.33,20,60
6,William McGirt,33.33,21,63
8,Bubba Watson,32.08,17,53
9,Pat Perez,31.15,19,61
10,Tony Finau,30.77,16,52
10,Cody Gribble,30.77,16,52
12,Daniel Berger,30.36,17,56
13,Jim Herman,29.82,17,57
14,Jimmy Walker,29.63,16,54
15,Jason Day,29.17,14,48
15,Si Woo Kim,29.17,14,48
17,Ryan Moore,28.57,18,63
18,Jhonattan Vegas,27.45,14,51
19,Brendan Steele,27.08,13,48
20,Rod Pampling,26.98,17,63
21,Jason Dufner,26.32,15,57
22,Fabián Gómez,25.45,14,55
22,Brandt Snedeker,25.45,14,55
24,Greg Chalmers,22.81,13,57
24,James Hahn,22.81,13,57
26,Mackenzie Hughes,22.64,12,53
27,Vaughn Taylor,22.58,14,62
28,Billy Hurley III,21.67,13,60
29,Dustin Johnson,21.28,10,47
30,Aaron Baddeley,20.34,12,59
31,Branden Grace,20.00,10,50
32,Brian Stuard,18.64,11,59
