rank,player,Avg RTP
1,Hideki Matsuyama,-.667
1,Jordan Spieth,-.667
3,Fabián Gómez,-.600
4,Pat Perez,-.556
5,Jason Day,-.500
5,James Hahn,-.500
5,Jim Herman,-.500
5,Si Woo Kim,-.500
5,Russell Knox,-.500
10,Jimmy Walker,-.429
11,Justin Thomas,-.400
12,Tony Finau,-.333
12,Dustin Johnson,-.333
12,Brandt Snedeker,-.333
15,Jason Dufner,-.286
15,Rod Pampling,-.286
17,Cody Gribble,-.250
17,William McGirt,-.250
17,Brendan Steele,-.250
20,Patrick Reed,-.200
21,Aaron Baddeley,-.167
21,Daniel Berger,-.167
21,Ryan Moore,-.167
24,Brian Stuard,-.143
25,Billy Hurley III,-.111
26,Greg Chalmers,E
26,Branden Grace,E
26,Mackenzie Hughes,E
26,Vaughn Taylor,E
26,Jhonattan Vegas,E
26,Bubba Watson,E
32,Charley Hoffman,+.222
