rank,player,%,Total Birdies,Total Holes
1,Brian Stuard,50.00,2,4
2,Jason Dufner,33.33,1,3
2,Russell Knox,33.33,2,6
4,Greg Chalmers,25.00,1,4
4,Dustin Johnson,25.00,2,8
6,Jason Day,23.08,3,13
7,Aaron Baddeley,20.00,1,5
7,Cody Gribble,20.00,1,5
7,Jimmy Walker,20.00,3,15
10,Brendan Steele,15.38,2,13
11,Fabián Gómez,14.29,1,7
11,James Hahn,14.29,1,7
11,Rod Pampling,14.29,1,7
11,Pat Perez,14.29,1,7
15,Justin Thomas,12.50,1,8
15,Jhonattan Vegas,12.50,1,8
17,Jordan Spieth,10.00,1,10
18,Daniel Berger,.00,0,8
18,Tony Finau,.00,0,4
18,Branden Grace,.00,0,11
18,Jim Herman,.00,0,5
18,Charley Hoffman,.00,0,8
18,Mackenzie Hughes,.00,0,2
18,Billy Hurley III,.00,0,4
18,Si Woo Kim,.00,0,10
18,Hideki Matsuyama,.00,0,9
18,William McGirt,.00,0,5
18,Ryan Moore,.00,0,3
18,Patrick Reed,.00,0,4
18,Brandt Snedeker,.00,0,6
18,Vaughn Taylor,.00,0,1
18,Bubba Watson,.00,0,5
