rank,player,Avg RTP
1,Cody Gribble,-.500
1,Mackenzie Hughes,-.500
3,Dustin Johnson,-.333
4,Aaron Baddeley,E
4,Daniel Berger,E
4,Greg Chalmers,E
4,Jason Day,E
4,Jason Dufner,E
4,Tony Finau,E
4,Fabián Gómez,E
4,Charley Hoffman,E
4,Billy Hurley III,E
4,Russell Knox,E
4,William McGirt,E
4,Ryan Moore,E
4,Rod Pampling,E
4,Brandt Snedeker,E
4,Jordan Spieth,E
4,Brendan Steele,E
4,Justin Thomas,E
4,Jhonattan Vegas,E
4,Jimmy Walker,E
23,Hideki Matsuyama,+.250
24,Jim Herman,+.333
24,Pat Perez,+.333
24,Patrick Reed,+.333
27,Si Woo Kim,+.500
27,Bubba Watson,+.500
29,Branden Grace,+.750
30,James Hahn,+1.000
