rank,player,Avg RTP
1,Aaron Baddeley,-.500
2,Russell Knox,-.400
2,Brendan Steele,-.400
2,Justin Thomas,-.400
5,James Hahn,-.375
6,Brian Stuard,-.286
7,Rod Pampling,-.250
7,Vaughn Taylor,-.250
9,Greg Chalmers,-.200
9,Jason Dufner,-.200
9,Tony Finau,-.200
12,Jim Herman,-.167
13,Jimmy Walker,-.111
14,Fabián Gómez,E
14,Dustin Johnson,E
14,Hideki Matsuyama,E
14,William McGirt,E
14,Ryan Moore,E
14,Pat Perez,E
14,Jordan Spieth,E
21,Branden Grace,+.091
22,Mackenzie Hughes,+.143
23,Daniel Berger,+.250
23,Cody Gribble,+.250
23,Bubba Watson,+.250
26,Jason Day,+.286
26,Charley Hoffman,+.286
28,Billy Hurley III,+.429
28,Si Woo Kim,+.429
28,Brandt Snedeker,+.429
31,Jhonattan Vegas,+.600
