rank,player,Avg RTP
1,Charley Hoffman,-.500
2,Jim Herman,-.455
3,William McGirt,-.400
4,Daniel Berger,-.375
4,Cody Gribble,-.375
4,Jimmy Walker,-.375
7,Hideki Matsuyama,-.333
7,Justin Thomas,-.333
9,Brandt Snedeker,-.300
10,Russell Knox,-.250
10,Ryan Moore,-.250
12,Si Woo Kim,-.222
12,Jordan Spieth,-.222
12,Bubba Watson,-.222
15,Vaughn Taylor,-.167
16,Aaron Baddeley,-.143
17,Greg Chalmers,-.125
17,Jason Day,-.125
17,Dustin Johnson,-.125
20,Jason Dufner,-.100
20,Patrick Reed,-.100
22,James Hahn,-.091
22,Brian Stuard,-.091
24,Fabián Gómez,-.083
25,Mackenzie Hughes,-.077
26,Billy Hurley III,-.071
27,Tony Finau,E
27,Branden Grace,E
29,Brendan Steele,+.143
30,Rod Pampling,+.200
31,Jhonattan Vegas,+.286
32,Pat Perez,+.400
