rank,player,Avg RTP
1,Justin Thomas,-.667
2,Jordan Spieth,-.500
3,Daniel Berger,-.333
3,Mackenzie Hughes,-.333
3,Russell Knox,-.333
3,Ryan Moore,-.333
3,Rod Pampling,-.333
3,Patrick Reed,-.333
3,Brendan Steele,-.333
10,Greg Chalmers,-.250
10,Jason Dufner,-.250
10,Fabián Gómez,-.250
13,Brian Stuard,-.125
14,Aaron Baddeley,E
14,Jason Day,E
14,Branden Grace,E
14,Jim Herman,E
14,Billy Hurley III,E
14,Dustin Johnson,E
14,Si Woo Kim,E
14,Hideki Matsuyama,E
14,Pat Perez,E
14,Jhonattan Vegas,E
14,Jimmy Walker,E
14,Bubba Watson,E
26,Cody Gribble,+.125
27,Brandt Snedeker,+.143
28,James Hahn,+.200
29,Vaughn Taylor,+.333
30,William McGirt,+.600
31,Charley Hoffman,+1.000
