rank,player,Avg RTP
1,Jason Dufner,-1.000
1,Tony Finau,-1.000
1,Branden Grace,-1.000
1,Cody Gribble,-1.000
1,Dustin Johnson,-1.000
1,Pat Perez,-1.000
1,Jordan Spieth,-1.000
1,Justin Thomas,-1.000
1,Bubba Watson,-1.000
10,Jason Day,-.667
11,Hideki Matsuyama,-.500
12,Greg Chalmers,E
12,Fabián Gómez,E
12,James Hahn,E
12,Jim Herman,E
12,Charley Hoffman,E
12,Mackenzie Hughes,E
12,Russell Knox,E
12,Rod Pampling,E
12,Patrick Reed,E
12,Brandt Snedeker,E
12,Brian Stuard,E
12,Vaughn Taylor,E
12,Jimmy Walker,E
25,Si Woo Kim,+.200
26,Brendan Steele,+.250
27,Aaron Baddeley,+.333
28,Daniel Berger,+.500
28,Jhonattan Vegas,+.500
