rank,player,Avg RTP
1,Brendan Steele,-.750
2,Charley Hoffman,-.667
3,Pat Perez,-.545
4,Jim Herman,-.500
4,William McGirt,-.500
4,Brandt Snedeker,-.500
7,Dustin Johnson,-.444
8,Justin Thomas,-.429
9,Daniel Berger,-.400
9,Patrick Reed,-.400
11,Jason Day,-.333
11,Vaughn Taylor,-.333
13,Rod Pampling,-.250
14,Si Woo Kim,-.222
15,Hideki Matsuyama,-.167
16,Branden Grace,-.143
16,Cody Gribble,-.143
16,Ryan Moore,-.143
19,Tony Finau,-.111
20,Aaron Baddeley,-.100
21,Jhonattan Vegas,-.091
22,Fabián Gómez,E
22,James Hahn,E
22,Jordan Spieth,E
22,Bubba Watson,E
26,Russell Knox,+.200
26,Brian Stuard,+.200
26,Jimmy Walker,+.200
29,Jason Dufner,+.286
30,Billy Hurley III,+.333
31,Greg Chalmers,+.400
32,Mackenzie Hughes,+.600
