rank,player,Avg RTP
1,Hideki Matsuyama,-.500
2,Russell Knox,-.435
3,Si Woo Kim,-.429
4,Jim Herman,-.400
4,Justin Thomas,-.400
6,William McGirt,-.391
7,Jordan Spieth,-.389
8,Jason Day,-.385
9,Cody Gribble,-.353
9,Jimmy Walker,-.353
11,James Hahn,-.350
11,Brandt Snedeker,-.350
13,Aaron Baddeley,-.294
14,Fabián Gómez,-.280
15,Ryan Moore,-.238
16,Patrick Reed,-.235
16,Bubba Watson,-.235
18,Dustin Johnson,-.231
19,Daniel Berger,-.222
19,Pat Perez,-.222
21,Tony Finau,-.188
22,Billy Hurley III,-.185
23,Charley Hoffman,-.167
24,Rod Pampling,-.136
25,Brian Stuard,-.130
26,Jason Dufner,-.125
27,Mackenzie Hughes,-.095
28,Brendan Steele,-.077
28,Jhonattan Vegas,-.077
30,Greg Chalmers,-.045
31,Branden Grace,E
32,Vaughn Taylor,+.083
