rank,player,Avg RTP
1,Vaughn Taylor,-.421
2,Patrick Reed,-.389
3,Jordan Spieth,-.364
4,Cody Gribble,-.333
4,Rod Pampling,-.333
6,Ryan Moore,-.318
7,Jason Day,-.313
8,Jimmy Walker,-.300
9,Jason Dufner,-.294
9,Mackenzie Hughes,-.294
11,Hideki Matsuyama,-.286
12,Bubba Watson,-.263
13,Billy Hurley III,-.235
14,Charley Hoffman,-.217
15,Brian Stuard,-.188
16,Justin Thomas,-.182
17,Branden Grace,-.176
17,Pat Perez,-.176
19,Tony Finau,-.158
20,Fabián Gómez,-.154
20,Dustin Johnson,-.154
20,Brendan Steele,-.154
23,Jim Herman,-.150
24,Jhonattan Vegas,-.143
25,Daniel Berger,-.133
25,Brandt Snedeker,-.133
27,James Hahn,-.125
27,Russell Knox,-.125
29,Greg Chalmers,-.105
30,William McGirt,-.083
31,Aaron Baddeley,E
32,Si Woo Kim,+.071
