rank,player,%,Total Birdies,Total Holes
1,Brendan Steele,69.23,9,13
2,Jim Herman,50.00,4,8
2,Charley Hoffman,50.00,4,8
2,William McGirt,50.00,2,4
2,Brandt Snedeker,50.00,3,6
6,Daniel Berger,45.45,5,11
6,Pat Perez,45.45,5,11
8,Jason Day,44.44,4,9
8,Justin Thomas,44.44,4,9
10,Patrick Reed,40.00,4,10
11,Dustin Johnson,38.46,5,13
12,Rod Pampling,37.50,3,8
12,Jordan Spieth,37.50,3,8
14,Si Woo Kim,33.33,3,9
14,Hideki Matsuyama,33.33,4,12
14,Vaughn Taylor,33.33,1,3
17,Jhonattan Vegas,30.77,4,13
18,Cody Gribble,28.57,2,7
19,Aaron Baddeley,27.27,3,11
19,Tony Finau,27.27,3,11
21,Branden Grace,22.22,2,9
22,Jimmy Walker,20.00,1,5
23,Bubba Watson,16.67,1,6
24,Jason Dufner,14.29,1,7
24,Ryan Moore,14.29,1,7
26,James Hahn,12.50,1,8
27,Greg Chalmers,.00,0,5
27,Fabián Gómez,.00,0,5
27,Mackenzie Hughes,.00,0,6
27,Billy Hurley III,.00,0,3
27,Russell Knox,.00,0,5
27,Brian Stuard,.00,0,5
