rank,player,Avg RTP
1,Justin Thomas,-.315
2,Jordan Spieth,-.310
3,Hideki Matsuyama,-.264
4,Pat Perez,-.262
5,Ryan Moore,-.254
6,Jason Day,-.250
6,Brendan Steele,-.250
8,Jim Herman,-.246
9,Charley Hoffman,-.241
10,Brandt Snedeker,-.236
11,Russell Knox,-.233
12,Daniel Berger,-.232
13,Cody Gribble,-.231
14,Patrick Reed,-.224
15,William McGirt,-.222
15,Jimmy Walker,-.222
17,Bubba Watson,-.208
18,Tony Finau,-.192
19,Dustin Johnson,-.191
20,Fabián Gómez,-.182
21,Rod Pampling,-.159
22,Jason Dufner,-.158
22,James Hahn,-.158
24,Aaron Baddeley,-.136
25,Si Woo Kim,-.125
26,Brian Stuard,-.102
27,Vaughn Taylor,-.081
28,Branden Grace,-.080
29,Jhonattan Vegas,-.078
30,Greg Chalmers,-.070
31,Billy Hurley III,-.067
32,Mackenzie Hughes,-.057
