rank,player,Avg RTP
1,Brendan Steele,-.800
2,James Hahn,-.500
2,William McGirt,-.500
2,Justin Thomas,-.500
5,Branden Grace,-.429
6,Hideki Matsuyama,-.400
7,Dustin Johnson,-.333
7,Jimmy Walker,-.333
9,Tony Finau,-.250
10,Vaughn Taylor,-.200
11,Jim Herman,-.167
11,Brian Stuard,-.167
11,Jhonattan Vegas,-.167
14,Jason Dufner,-.143
15,Cody Gribble,-.111
16,Aaron Baddeley,E
16,Greg Chalmers,E
16,Fabián Gómez,E
16,Mackenzie Hughes,E
16,Ryan Moore,E
16,Rod Pampling,E
16,Pat Perez,E
16,Brandt Snedeker,E
24,Billy Hurley III,+.143
25,Bubba Watson,+.167
26,Jason Day,+.200
27,Daniel Berger,+.250
27,Russell Knox,+.250
27,Patrick Reed,+.250
30,Charley Hoffman,+.400
31,Si Woo Kim,+.429
