rank,player,Avg RTP
1,Dustin Johnson,-.455
2,Cody Gribble,-.300
3,Jason Dufner,-.250
3,Vaughn Taylor,-.250
5,Jason Day,-.167
5,Brian Stuard,-.167
5,Justin Thomas,-.167
8,Jimmy Walker,-.154
9,Jordan Spieth,-.143
9,Brendan Steele,-.143
11,Hideki Matsuyama,-.100
12,Tony Finau,E
12,Fabián Gómez,E
12,Mackenzie Hughes,E
12,Ryan Moore,E
12,Rod Pampling,E
12,Pat Perez,E
18,Branden Grace,+.083
19,Jhonattan Vegas,+.100
20,Aaron Baddeley,+.125
20,Brandt Snedeker,+.125
22,James Hahn,+.143
22,Jim Herman,+.143
22,Billy Hurley III,+.143
25,Patrick Reed,+.167
26,Daniel Berger,+.200
26,William McGirt,+.200
28,Charley Hoffman,+.222
29,Greg Chalmers,+.250
29,Bubba Watson,+.250
31,Si Woo Kim,+.286
32,Russell Knox,+.800
