rank,player,%,Total Birdies,Total Holes
1,Pat Perez,36.36,4,11
2,Cody Gribble,33.33,4,12
2,William McGirt,33.33,3,9
4,Tony Finau,27.27,3,11
5,Bubba Watson,26.67,4,15
6,Jason Dufner,25.00,2,8
6,Charley Hoffman,25.00,2,8
8,Aaron Baddeley,22.22,2,9
9,Jason Day,20.00,2,10
9,Brandt Snedeker,20.00,2,10
9,Justin Thomas,20.00,2,10
12,Dustin Johnson,18.18,2,11
12,Hideki Matsuyama,18.18,2,11
12,Jordan Spieth,18.18,2,11
12,Jhonattan Vegas,18.18,2,11
16,James Hahn,16.67,2,12
16,Russell Knox,16.67,1,6
16,Ryan Moore,16.67,2,12
19,Greg Chalmers,14.29,1,7
19,Brian Stuard,14.29,1,7
21,Mackenzie Hughes,12.50,1,8
22,Daniel Berger,10.00,1,10
22,Branden Grace,10.00,1,10
22,Brendan Steele,10.00,1,10
25,Fabián Gómez,9.09,1,11
26,Jim Herman,.00,0,8
26,Billy Hurley III,.00,0,9
26,Si Woo Kim,.00,0,11
26,Rod Pampling,.00,0,10
26,Patrick Reed,.00,0,10
26,Vaughn Taylor,.00,0,9
26,Jimmy Walker,.00,0,9
