rank,player,%,Total Birdies,Total Holes
1,Justin Thomas,66.67,2,3
2,Jordan Spieth,50.00,2,4
3,Patrick Reed,37.50,3,8
4,Greg Chalmers,33.33,2,6
5,Fabián Gómez,28.57,2,7
5,Rod Pampling,28.57,2,7
5,Brendan Steele,28.57,2,7
8,Daniel Berger,25.00,2,8
8,Jim Herman,25.00,1,4
8,Jimmy Walker,25.00,2,8
11,Jason Dufner,20.00,1,5
11,James Hahn,20.00,1,5
11,Mackenzie Hughes,20.00,1,5
11,Si Woo Kim,20.00,1,5
11,Russell Knox,20.00,1,5
11,Ryan Moore,20.00,1,5
17,Cody Gribble,18.18,2,11
18,Vaughn Taylor,14.29,1,7
19,Jason Day,12.50,1,8
20,Brian Stuard,11.11,1,9
21,Aaron Baddeley,.00,0,4
21,Tony Finau,.00,0,1
21,Branden Grace,.00,0,3
21,Charley Hoffman,.00,0,1
21,Billy Hurley III,.00,0,7
21,Dustin Johnson,.00,0,5
21,Hideki Matsuyama,.00,0,2
21,William McGirt,.00,0,5
21,Pat Perez,.00,0,7
21,Brandt Snedeker,.00,0,8
21,Jhonattan Vegas,.00,0,5
21,Bubba Watson,.00,0,2
