rank,player,Avg RTP
1,Aaron Baddeley,-1.000
2,James Hahn,-.500
2,Brendan Steele,-.500
2,Vaughn Taylor,-.500
5,Branden Grace,-.400
6,Jason Dufner,-.333
7,Brian Stuard,-.250
8,Jimmy Walker,-.200
9,Tony Finau,E
9,Fabián Gómez,E
9,Cody Gribble,E
9,Jim Herman,E
9,Dustin Johnson,E
9,Si Woo Kim,E
9,Russell Knox,E
9,Hideki Matsuyama,E
9,Ryan Moore,E
9,Rod Pampling,E
9,Pat Perez,E
9,Jhonattan Vegas,E
21,Mackenzie Hughes,+.250
21,Billy Hurley III,+.250
23,Brandt Snedeker,+.333
24,Daniel Berger,+.500
24,Jason Day,+.500
24,William McGirt,+.500
24,Bubba Watson,+.500
28,Charley Hoffman,+.667
29,Greg Chalmers,+1.000
