rank,player,Avg RTP
1,Greg Chalmers,-.500
1,Jim Herman,-.500
1,Brendan Steele,-.500
4,Justin Thomas,-.400
5,James Hahn,-.333
6,Aaron Baddeley,E
6,Daniel Berger,E
6,Jason Dufner,E
6,Tony Finau,E
6,Fabián Gómez,E
6,Cody Gribble,E
6,Mackenzie Hughes,E
6,Dustin Johnson,E
6,Russell Knox,E
6,Rod Pampling,E
6,Brandt Snedeker,E
6,Brian Stuard,E
6,Vaughn Taylor,E
6,Jhonattan Vegas,E
6,Jimmy Walker,E
6,Bubba Watson,E
22,Branden Grace,+.250
23,Jason Day,+.333
23,Pat Perez,+.333
25,Billy Hurley III,+.667
