rank,player,Avg RTP
1,Aaron Baddeley,-1.000
1,Charley Hoffman,-1.000
1,Dustin Johnson,-1.000
1,Si Woo Kim,-1.000
1,William McGirt,-1.000
1,Rod Pampling,-1.000
1,Patrick Reed,-1.000
1,Jordan Spieth,-1.000
1,Brian Stuard,-1.000
1,Justin Thomas,-1.000
1,Jhonattan Vegas,-1.000
12,Jason Dufner,-.500
12,Cody Gribble,-.500
12,Hideki Matsuyama,-.500
12,Pat Perez,-.500
16,Tony Finau,-.333
16,James Hahn,-.333
16,Bubba Watson,-.333
19,Daniel Berger,E
19,Greg Chalmers,E
19,Fabián Gómez,E
19,Jim Herman,E
19,Mackenzie Hughes,E
19,Brandt Snedeker,E
19,Brendan Steele,E
19,Jimmy Walker,E
27,Vaughn Taylor,+.333
