rank,player,Avg RTP
1,Jason Dufner,-1.000
1,Tony Finau,-1.000
1,Branden Grace,-1.000
1,Cody Gribble,-1.000
1,Dustin Johnson,-1.000
1,Pat Perez,-1.000
1,Jordan Spieth,-1.000
1,Justin Thomas,-1.000
1,Bubba Watson,-1.000
10,Jason Day,-.667
11,Si Woo Kim,-.500
12,Daniel Berger,E
12,Fabián Gómez,E
12,James Hahn,E
12,Jim Herman,E
12,Charley Hoffman,E
12,Mackenzie Hughes,E
12,Hideki Matsuyama,E
12,Rod Pampling,E
12,Brendan Steele,E
21,Jhonattan Vegas,+.500
22,Aaron Baddeley,+1.000
22,Brandt Snedeker,+1.000
22,Jimmy Walker,+1.000
