rank,player,Avg RTP
1,Cody Gribble,-1.000
2,Daniel Berger,-.667
2,Patrick Reed,-.667
4,Jordan Spieth,-.600
5,Greg Chalmers,-.500
5,James Hahn,-.500
5,Si Woo Kim,-.500
5,Ryan Moore,-.500
5,Brendan Steele,-.500
5,Vaughn Taylor,-.500
11,Tony Finau,-.429
12,Aaron Baddeley,-.333
12,Billy Hurley III,-.333
12,Rod Pampling,-.333
12,Jimmy Walker,-.333
16,Jason Day,-.250
16,Jhonattan Vegas,-.250
18,Dustin Johnson,-.200
19,Bubba Watson,-.125
20,Jason Dufner,E
20,Fabián Gómez,E
20,Branden Grace,E
20,Jim Herman,E
20,Charley Hoffman,E
20,Mackenzie Hughes,E
20,Hideki Matsuyama,E
20,Pat Perez,E
20,Brandt Snedeker,E
20,Brian Stuard,E
30,William McGirt,+.250
30,Justin Thomas,+.250
