rank,player,Avg RTP
1,Tony Finau,-1.000
1,Rod Pampling,-1.000
1,Pat Perez,-1.000
1,Brian Stuard,-1.000
5,Russell Knox,-.667
6,Aaron Baddeley,-.500
6,Greg Chalmers,-.500
6,William McGirt,-.500
9,James Hahn,-.333
10,Daniel Berger,E
10,Jason Day,E
10,Jason Dufner,E
10,Fabián Gómez,E
10,Jim Herman,E
10,Charley Hoffman,E
10,Mackenzie Hughes,E
10,Dustin Johnson,E
10,Hideki Matsuyama,E
10,Jordan Spieth,E
10,Brendan Steele,E
10,Jimmy Walker,E
10,Bubba Watson,E
23,Branden Grace,+1.000
23,Cody Gribble,+1.000
23,Si Woo Kim,+1.000
23,Brandt Snedeker,+1.000
27,Jhonattan Vegas,+1.500
