rank,player,Avg,Total Strokes,Total Holes
1,Geoff Ogilvy,34.00,136,4
1,D.J. Trahan,34.00,136,4
3,Zach Johnson,34.50,138,4
3,Justin Leonard,34.50,138,4
3,Camilo Villegas,34.50,138,4
3,Johnson Wagner,34.50,138,4
7,Ryuji Imada,34.75,139,4
7,Sean O'Hair,34.75,139,4
9,Dustin Johnson,35.00,140,4
9,Anthony Kim,35.00,140,4
11,Brian Gay,35.25,141,4
11,Davis Love III,35.25,141,4
11,Kenny Perry,35.25,141,4
14,K.J. Choi,35.50,142,4
14,Stewart Cink,35.50,142,4
14,Ernie Els,35.50,142,4
14,Will MacKenzie,35.50,142,4
14,Vijay Singh,35.50,142,4
19,Daniel Chopra,35.75,143,4
19,Richard Johnson,35.75,143,4
19,Greg Kraft,35.75,143,4
19,Steve Lowery,35.75,143,4
19,Parker McLachlin,35.75,143,4
19,Chez Reavie,35.75,143,4
19,Andres Romero,35.75,143,4
19,Adam Scott,35.75,143,4
27,Carl Pettersson,36.00,144,4
27,Boo Weekley,36.00,144,4
29,Cameron Beckman,36.25,145,4
29,Trevor Immelman,36.25,145,4
31,Marc Turnesa,36.75,147,4
32,J.B. Holmes,37.25,149,4
32,Ryan Palmer,37.25,149,4
