rank,player,Low Rnd
1,Cameron Beckman,32
1,K.J. Choi,32
1,Geoff Ogilvy,32
1,Carl Pettersson,32
1,D.J. Trahan,32
6,Daniel Chopra,33
6,Brian Gay,33
6,Zach Johnson,33
6,Anthony Kim,33
6,Justin Leonard,33
6,Steve Lowery,33
6,Will MacKenzie,33
6,Sean O'Hair,33
6,Adam Scott,33
6,Marc Turnesa,33
6,Camilo Villegas,33
6,Johnson Wagner,33
18,Ernie Els,34
18,Ryuji Imada,34
18,Trevor Immelman,34
18,Dustin Johnson,34
18,Greg Kraft,34
18,Davis Love III,34
18,Parker McLachlin,34
18,Ryan Palmer,34
18,Kenny Perry,34
18,Chez Reavie,34
18,Andres Romero,34
29,Stewart Cink,35
29,J.B. Holmes,35
29,Richard Johnson,35
29,Vijay Singh,35
29,Boo Weekley,35
