rank,player,Avg,Total Strokes,Total Rounds
1,Cameron Beckman,32.00,32,1
1,K.J. Choi,32.00,32,1
3,Daniel Chopra,33.00,33,1
3,Justin Leonard,33.00,33,1
3,Steve Lowery,33.00,33,1
3,Geoff Ogilvy,33.00,33,1
3,Marc Turnesa,33.00,33,1
3,Camilo Villegas,33.00,33,1
9,Zach Johnson,34.00,34,1
9,Greg Kraft,34.00,34,1
9,Ryan Palmer,34.00,34,1
9,Andres Romero,34.00,34,1
9,D.J. Trahan,34.00,34,1
14,Ryuji Imada,35.00,35,1
14,Trevor Immelman,35.00,35,1
14,Dustin Johnson,35.00,35,1
14,Kenny Perry,35.00,35,1
14,Chez Reavie,35.00,35,1
14,Vijay Singh,35.00,35,1
14,Johnson Wagner,35.00,35,1
14,Boo Weekley,35.00,35,1
22,Stewart Cink,36.00,36,1
22,Ernie Els,36.00,36,1
22,Brian Gay,36.00,36,1
22,Anthony Kim,36.00,36,1
22,Davis Love III,36.00,36,1
22,Will MacKenzie,36.00,36,1
28,Richard Johnson,37.00,37,1
28,Parker McLachlin,37.00,37,1
28,Sean O'Hair,37.00,37,1
28,Adam Scott,37.00,37,1
32,J.B. Holmes,38.00,38,1
33,Carl Pettersson,39.00,39,1
