rank,player,Avg,Total Strokes,Total Rounds
1,Geoff Ogilvy,32.00,32,1
1,Carl Pettersson,32.00,32,1
3,Sean O'Hair,33.00,33,1
4,Ernie Els,34.00,34,1
4,Ryuji Imada,34.00,34,1
4,Dustin Johnson,34.00,34,1
4,Zach Johnson,34.00,34,1
4,Davis Love III,34.00,34,1
4,Parker McLachlin,34.00,34,1
4,Ryan Palmer,34.00,34,1
11,Stewart Cink,35.00,35,1
11,J.B. Holmes,35.00,35,1
11,Anthony Kim,35.00,35,1
11,Chez Reavie,35.00,35,1
11,Andres Romero,35.00,35,1
11,Adam Scott,35.00,35,1
11,D.J. Trahan,35.00,35,1
11,Marc Turnesa,35.00,35,1
11,Camilo Villegas,35.00,35,1
11,Johnson Wagner,35.00,35,1
21,Daniel Chopra,36.00,36,1
21,Brian Gay,36.00,36,1
21,Richard Johnson,36.00,36,1
21,Justin Leonard,36.00,36,1
21,Vijay Singh,36.00,36,1
21,Boo Weekley,36.00,36,1
27,Greg Kraft,37.00,37,1
27,Will MacKenzie,37.00,37,1
27,Kenny Perry,37.00,37,1
30,Cameron Beckman,38.00,38,1
30,K.J. Choi,38.00,38,1
30,Trevor Immelman,38.00,38,1
33,Steve Lowery,40.00,40,1
