rank,player,Avg,Total Strokes,Total Rounds
1,D.J. Trahan,32.00,32,1
2,Brian Gay,33.00,33,1
2,Anthony Kim,33.00,33,1
2,Justin Leonard,33.00,33,1
2,Will MacKenzie,33.00,33,1
2,Adam Scott,33.00,33,1
7,Daniel Chopra,34.00,34,1
7,Greg Kraft,34.00,34,1
7,Davis Love III,34.00,34,1
7,Kenny Perry,34.00,34,1
7,Chez Reavie,34.00,34,1
7,Camilo Villegas,34.00,34,1
13,Stewart Cink,35.00,35,1
13,Ernie Els,35.00,35,1
13,Ryuji Imada,35.00,35,1
13,Richard Johnson,35.00,35,1
13,Parker McLachlin,35.00,35,1
13,Sean O'Hair,35.00,35,1
13,Andres Romero,35.00,35,1
13,Johnson Wagner,35.00,35,1
21,K.J. Choi,36.00,36,1
21,Dustin Johnson,36.00,36,1
21,Vijay Singh,36.00,36,1
24,J.B. Holmes,37.00,37,1
24,Zach Johnson,37.00,37,1
24,Steve Lowery,37.00,37,1
24,Geoff Ogilvy,37.00,37,1
24,Carl Pettersson,37.00,37,1
29,Cameron Beckman,38.00,38,1
29,Trevor Immelman,38.00,38,1
29,Ryan Palmer,38.00,38,1
29,Boo Weekley,38.00,38,1
33,Marc Turnesa,39.00,39,1
