rank,player,%,Attempts,Putts made
1,Jordan Spieth,14.81,27,4
2,Brooks Koepka,13.33,15,2
3,Russell Knox,12.00,25,3
4,Kevin Kisner,11.11,18,2
5,Patrick Reed,10.53,19,2
6,Zach Johnson,9.09,22,2
7,J.J. Henry,8.00,25,2
7,Smylie Kaufman,8.00,25,2
9,Brandt Snedeker,7.14,28,2
9,Justin Thomas,7.14,14,1
9,Bubba Watson,7.14,14,1
12,Davis Love III,6.25,16,1
13,Troy Merritt,5.88,17,1
14,Steven Bowditch,5.56,18,1
14,Dustin Johnson,5.56,18,1
16,Jason Day,4.17,24,1
17,Fabián Gómez,3.85,26,1
17,Bill Haas,3.85,26,1
19,Rickie Fowler,3.45,29,1
20,Alex Cejka,.00,18,-
20,Matt Every,.00,15,-
20,Emiliano Grillo,.00,22,-
20,James Hahn,.00,17,-
20,Padraig Harrington,.00,16,-
20,J.B. Holmes,.00,18,-
20,Chris Kirk,.00,18,-
20,Danny Lee,.00,14,-
20,David Lingmerth,.00,20,-
20,Peter Malnati,.00,10,-
20,Graeme McDowell,.00,16,-
20,Scott Piercy,.00,17,-
20,Jimmy Walker,.00,16,-
