rank,player,%,Attempts,Putts made
1,Jason Day,33.33,6,2
1,Zach Johnson,33.33,3,1
3,David Lingmerth,28.57,7,2
4,Steven Bowditch,20.00,5,1
5,Padraig Harrington,16.67,6,1
5,Brandt Snedeker,16.67,6,1
7,Scott Piercy,14.29,7,1
8,Russell Knox,10.00,10,1
8,Graeme McDowell,10.00,10,1
10,Alex Cejka,.00,9,-
10,Matt Every,.00,5,-
10,Rickie Fowler,.00,5,-
10,Fabián Gómez,.00,1,-
10,Emiliano Grillo,.00,4,-
10,Bill Haas,.00,4,-
10,James Hahn,.00,4,-
10,J.J. Henry,.00,4,-
10,J.B. Holmes,.00,5,-
10,Dustin Johnson,.00,6,-
10,Smylie Kaufman,.00,4,-
10,Chris Kirk,.00,8,-
10,Kevin Kisner,.00,4,-
10,Brooks Koepka,.00,7,-
10,Danny Lee,.00,4,-
10,Davis Love III,.00,6,-
10,Peter Malnati,.00,6,-
10,Troy Merritt,.00,9,-
10,Patrick Reed,.00,6,-
10,Jordan Spieth,.00,3,-
10,Justin Thomas,.00,5,-
10,Jimmy Walker,.00,4,-
10,Bubba Watson,.00,8,-
