rank,player,% Made,Attempts,Putts Made
1,Bubba Watson,3.33,3,1
2,Zach Johnson,2.50,8,2
2,Patrick Reed,2.50,4,1
4,Kevin Kisner,2.00,5,1
4,Brooks Koepka,2.00,5,1
4,Jordan Spieth,2.00,5,1
7,Russell Knox,1.67,6,1
8,Dustin Johnson,1.11,9,1
9,Smylie Kaufman,.91,11,1
10,Steven Bowditch,.00,5,-
10,Alex Cejka,.00,5,-
10,Jason Day,.00,8,-
10,Matt Every,.00,4,-
10,Rickie Fowler,.00,6,-
10,Fabián Gómez,.00,11,-
10,Emiliano Grillo,.00,2,-
10,Bill Haas,.00,5,-
10,James Hahn,.00,2,-
10,Padraig Harrington,.00,3,-
10,J.J. Henry,.00,5,-
10,J.B. Holmes,.00,3,-
10,Chris Kirk,.00,5,-
10,Danny Lee,.00,1,-
10,David Lingmerth,.00,4,-
10,Davis Love III,.00,1,-
10,Peter Malnati,.00,1,-
10,Graeme McDowell,.00,2,-
10,Troy Merritt,.00,2,-
10,Scott Piercy,.00,4,-
10,Brandt Snedeker,.00,5,-
10,Justin Thomas,.00,3,-
10,Jimmy Walker,.00,3,-
