rank,player,%,Attempts,Putts made
1,J.B. Holmes,50.00,8,4
1,Kevin Kisner,50.00,8,4
3,Patrick Reed,37.50,8,3
4,Troy Merritt,33.33,6,2
5,Danny Lee,30.00,10,3
6,Matt Every,28.57,7,2
6,Smylie Kaufman,28.57,7,2
8,Emiliano Grillo,25.00,8,2
8,Dustin Johnson,25.00,8,2
8,Zach Johnson,25.00,4,1
8,Brooks Koepka,25.00,8,2
8,Scott Piercy,25.00,4,1
13,James Hahn,20.00,5,1
13,Peter Malnati,20.00,5,1
15,Rickie Fowler,16.67,6,1
15,Padraig Harrington,16.67,6,1
15,J.J. Henry,16.67,6,1
15,David Lingmerth,16.67,6,1
15,Jordan Spieth,16.67,6,1
20,Alex Cejka,15.38,13,2
21,Fabián Gómez,14.29,7,1
21,Russell Knox,14.29,7,1
21,Justin Thomas,14.29,7,1
24,Chris Kirk,12.50,8,1
24,Graeme McDowell,12.50,8,1
26,Bubba Watson,11.11,9,1
27,Steven Bowditch,.00,5,-
27,Jason Day,.00,6,-
27,Bill Haas,.00,4,-
27,Davis Love III,.00,7,-
27,Brandt Snedeker,.00,6,-
27,Jimmy Walker,.00,4,-
