rank,player,%,Attempts,Putts made
1,Steven Bowditch,50.00,10,5
1,Alex Cejka,50.00,4,2
1,Matt Every,50.00,12,6
1,Jordan Spieth,50.00,4,2
5,Danny Lee,45.45,11,5
6,Dustin Johnson,42.86,7,3
7,Scott Piercy,41.67,12,5
8,Emiliano Grillo,37.50,8,3
9,Rickie Fowler,33.33,6,2
9,David Lingmerth,33.33,9,3
11,Peter Malnati,28.57,14,4
12,Zach Johnson,27.27,11,3
12,Graeme McDowell,27.27,11,3
12,Bubba Watson,27.27,11,3
15,Jason Day,25.00,8,2
15,Troy Merritt,25.00,8,2
17,J.J. Henry,22.22,9,2
17,Patrick Reed,22.22,9,2
19,Padraig Harrington,20.00,15,3
20,Fabián Gómez,18.18,11,2
20,Justin Thomas,18.18,11,2
22,Bill Haas,16.67,6,1
22,Davis Love III,16.67,6,1
24,Smylie Kaufman,14.29,7,1
24,Kevin Kisner,14.29,7,1
24,Brooks Koepka,14.29,14,2
27,Brandt Snedeker,12.50,8,1
28,J.B. Holmes,8.33,12,1
29,James Hahn,.00,4,-
29,Chris Kirk,.00,7,-
29,Russell Knox,.00,8,-
29,Jimmy Walker,.00,7,-
