rank,player,% Made,Attempts,Putts Made
1,Smylie Kaufman,5.00,2,1
2,Steven Bowditch,3.33,3,1
2,Kevin Kisner,3.33,3,1
4,Bill Haas,2.50,4,1
4,Davis Love III,2.50,4,1
6,Troy Merritt,2.00,5,1
6,Jordan Spieth,2.00,5,1
8,Brandt Snedeker,1.67,6,1
9,Patrick Reed,1.43,7,1
10,Alex Cejka,.00,3,-
10,Jason Day,.00,2,-
10,Matt Every,.00,3,-
10,Rickie Fowler,.00,6,-
10,Fabián Gómez,.00,3,-
10,Emiliano Grillo,.00,7,-
10,James Hahn,.00,1,-
10,Padraig Harrington,.00,2,-
10,J.J. Henry,.00,5,-
10,J.B. Holmes,.00,3,-
10,Dustin Johnson,.00,4,-
10,Zach Johnson,.00,5,-
10,Chris Kirk,.00,4,-
10,Russell Knox,.00,4,-
10,Brooks Koepka,.00,2,-
10,Danny Lee,.00,4,-
10,David Lingmerth,.00,3,-
10,Peter Malnati,.00,2,-
10,Graeme McDowell,.00,4,-
10,Justin Thomas,.00,4,-
10,Jimmy Walker,.00,2,-
10,Bubba Watson,.00,3,-
