rank,player,% Made,Attempts,Putts Made
1,Justin Thomas,1.43,7,1
2,J.J. Henry,1.33,15,2
2,Russell Knox,1.33,15,2
4,Brooks Koepka,1.25,8,1
5,Jordan Spieth,1.18,17,2
6,Fabián Gómez,.83,12,1
7,Jason Day,.71,14,1
8,Rickie Fowler,.59,17,1
8,Brandt Snedeker,.59,17,1
10,Steven Bowditch,.00,10,-
10,Alex Cejka,.00,10,-
10,Matt Every,.00,8,-
10,Emiliano Grillo,.00,13,-
10,Bill Haas,.00,17,-
10,James Hahn,.00,14,-
10,Padraig Harrington,.00,11,-
10,J.B. Holmes,.00,12,-
10,Dustin Johnson,.00,5,-
10,Zach Johnson,.00,9,-
10,Smylie Kaufman,.00,12,-
10,Chris Kirk,.00,9,-
10,Kevin Kisner,.00,10,-
10,Danny Lee,.00,9,-
10,David Lingmerth,.00,13,-
10,Davis Love III,.00,11,-
10,Peter Malnati,.00,7,-
10,Graeme McDowell,.00,10,-
10,Troy Merritt,.00,10,-
10,Scott Piercy,.00,13,-
10,Patrick Reed,.00,8,-
10,Jimmy Walker,.00,11,-
10,Bubba Watson,.00,8,-
