rank,player,%,Greens Hit,Total Holes,Relative to par
1,Stephen Ames,100.00,9,9,-0.78
1,Jonas Blixt,100.00,10,10,-0.70
1,Gavin Coles,100.00,12,12,-0.58
1,Chris DiMarco,100.00,10,10,-0.80
1,Bobby Gates,100.00,10,10,-0.90
1,Brian Gay,100.00,8,8,-0.75
1,David Hearn,100.00,8,8,-1.00
1,Tim Herron,100.00,10,10,-0.60
1,Charles Howell III,100.00,10,10,-0.80
1,John Huh,100.00,12,12,-0.83
1,Jarrod Lyle,100.00,10,10,-0.60
1,William McGirt,100.00,8,8,-0.38
1,George McNeill,100.00,11,11,-0.55
1,Sean O'Hair,100.00,12,12,-0.58
1,Jeff Overton,100.00,12,12,-0.67
1,Corey Pavin,100.00,11,11,-0.64
1,Pat Perez,100.00,10,10,-0.90
1,Tom Pernice Jr.,100.00,10,10,-0.60
1,Scott Piercy,100.00,11,11,-0.73
1,Rory Sabbatini,100.00,11,11,-0.55
1,John Senden,100.00,10,10,-0.70
1,Daniel Summerhays,100.00,9,9,-0.67
1,Michael Thompson,100.00,9,9,-0.78
1,Johnson Wagner,100.00,11,11,-0.82
1,Duffy Waldorf,100.00,10,10,-0.70
26,Kyle Stanley,92.86,13,14,-0.69
27,Will Claxton,91.67,11,12,-0.45
27,Graham DeLaet,91.67,11,12,-0.91
27,Harris English,91.67,11,12,-0.64
27,Billy Mayfair,91.67,11,12,-0.55
31,K.J. Choi,90.91,10,11,-0.60
31,Stewart Cink,90.91,10,11,-0.80
31,Erik Compton,90.91,10,11,-0.60
31,Brendon de Jonge,90.91,10,11,-0.60
31,J.J. Killeen,90.91,10,11,-0.90
31,Greg Owen,90.91,10,11,-0.50
31,D.A. Points,90.91,10,11,-0.60
31,Webb Simpson,90.91,10,11,-0.40
31,Josh Teater,90.91,10,11,-0.60
40,Sangmoon Bae,90.00,9,10,-0.67
40,Roberto Castro,90.00,9,10,-0.56
40,Kevin Chappell,90.00,9,10,-0.78
40,Ken Duke,90.00,9,10,-0.78
40,Matt Every,90.00,9,10,-0.89
40,Doug LaBelle II,90.00,9,10,-0.56
40,Justin Leonard,90.00,9,10,-0.44
40,Carl Pettersson,90.00,9,10,-0.78
40,John Rollins,90.00,9,10,-0.56
49,Colt Knost,88.89,8,9,-0.50
50,Jhonattan Vegas,86.67,13,15,-0.62
51,S.Y. Noh,84.62,11,13,-0.36
52,Keegan Bradley,83.33,10,12,-0.60
52,Harrison Frazar,83.33,10,12,-0.90
52,Steve Stricker,83.33,10,12,-0.80
55,Tadd Fujikawa,81.82,9,11,-0.89
55,Brian Harman,81.82,9,11,-1.00
55,Joe Ogilvie,81.82,9,11,-0.67
55,Chris Stroud,81.82,9,11,-0.78
59,Zach Johnson,80.00,8,10,-1.00
59,Spencer Levin,80.00,8,10,-0.50
61,Brendon Todd,77.78,7,9,-1.00
62,Vijay Singh,76.92,10,13,-0.60
63,Kris Blanks,75.00,9,12,-1.00
63,Jeff Maggert,75.00,9,12,-1.00
65,Bud Cauley,72.73,8,11,-0.75
66,Jerry Kelly,70.00,7,10,-0.57
66,"Ted Potter, Jr.",70.00,7,10,-0.71
68,Chris Kirk,66.67,8,12,-0.63
68,Koumei Oda,66.67,8,12,-0.88
70,Tommy Biershenk,62.50,5,8,-1.00
