rank,player,%,Greens Hit,# of holes
1,John Senden,77.78,14,18
2,Graham DeLaet,77.27,17,22
3,John Rollins,73.08,19,26
3,Webb Simpson,73.08,19,26
5,Kyle Stanley,70.00,21,30
6,Kris Blanks,68.00,17,25
7,Duffy Waldorf,67.86,19,28
8,Carl Pettersson,67.74,21,31
9,D.A. Points,65.38,17,26
10,Chris DiMarco,65.22,15,23
11,"Ted Potter, Jr.",64.71,22,34
12,Brendon de Jonge,64.29,18,28
12,Michael Thompson,64.29,18,28
14,Sean O'Hair,63.64,21,33
14,Johnson Wagner,63.64,21,33
16,George McNeill,63.33,19,30
17,Scott Piercy,61.54,16,26
18,Jhonattan Vegas,61.11,22,36
19,Roberto Castro,60.87,14,23
20,Chris Kirk,60.71,17,28
21,Charles Howell III,60.00,18,30
22,Will Claxton,59.26,16,27
22,Pat Perez,59.26,16,27
24,Brian Gay,59.09,13,22
25,Keegan Bradley,57.69,15,26
26,Jeff Maggert,57.14,16,28
27,William McGirt,56.67,17,30
28,Tim Herron,55.56,20,36
28,Chris Stroud,55.56,15,27
30,K.J. Choi,55.17,16,29
30,Ken Duke,55.17,16,29
30,Billy Mayfair,55.17,16,29
33,Stewart Cink,54.29,19,35
34,David Hearn,54.17,13,24
35,Brendon Todd,53.85,14,26
36,Matt Every,53.57,15,28
37,Zach Johnson,53.33,16,30
38,Rory Sabbatini,53.13,17,32
38,Steve Stricker,53.13,17,32
40,S.Y. Noh,52.94,18,34
41,Greg Owen,51.85,14,27
42,Kevin Chappell,51.72,15,29
43,Tommy Biershenk,50.00,17,34
43,Harrison Frazar,50.00,13,26
43,Justin Leonard,50.00,15,30
43,Joe Ogilvie,50.00,20,40
47,Sangmoon Bae,48.48,16,33
48,Josh Teater,48.39,15,31
49,Harris English,48.28,14,29
50,Colt Knost,48.15,13,27
50,Tom Pernice Jr.,48.15,13,27
52,Vijay Singh,48.00,12,25
53,Bud Cauley,46.88,15,32
54,Bobby Gates,46.15,12,26
55,J.J. Killeen,45.71,16,35
56,Jeff Overton,45.45,15,33
57,Daniel Summerhays,44.44,12,27
58,Doug LaBelle II,42.86,12,28
58,Jarrod Lyle,42.86,15,35
60,Tadd Fujikawa,42.31,11,26
61,John Huh,41.67,10,24
61,Spencer Levin,41.67,15,36
63,Corey Pavin,40.00,10,25
64,Koumei Oda,39.29,11,28
65,Gavin Coles,38.71,12,31
66,Erik Compton,38.24,13,34
67,Stephen Ames,37.50,9,24
67,Jonas Blixt,37.50,12,32
69,Brian Harman,36.67,11,30
70,Jerry Kelly,36.36,8,22
