rank,player,%,Greens Hit,Total Holes,Relative to par
1,Gavin Coles,100.00,14,14,-0.64
1,Tim Herron,100.00,14,14,-0.50
1,Jarrod Lyle,100.00,15,15,-0.47
1,William McGirt,100.00,14,14,-0.43
1,George McNeill,100.00,13,13,-0.46
1,Sean O'Hair,100.00,14,14,-0.50
1,Corey Pavin,100.00,12,12,-0.67
1,Pat Perez,100.00,13,13,-0.77
1,Daniel Summerhays,100.00,15,15,-0.53
1,Michael Thompson,100.00,11,11,-0.73
1,Johnson Wagner,100.00,14,14,-0.86
1,Duffy Waldorf,100.00,15,15,-0.60
13,Graham DeLaet,94.74,18,19,-0.67
14,Kyle Stanley,94.44,17,18,-0.59
15,Bobby Gates,94.12,16,17,-0.56
16,Will Claxton,93.75,15,16,-0.47
16,Carl Pettersson,93.75,15,16,-0.60
16,D.A. Points,93.75,15,16,-0.60
19,Matt Every,93.33,14,15,-0.57
20,Roberto Castro,92.86,13,14,-0.38
20,Brendon de Jonge,92.86,13,14,-0.46
20,Charles Howell III,92.86,13,14,-0.77
20,Colt Knost,92.86,13,14,-0.54
20,Tom Pernice Jr.,92.86,13,14,-0.46
25,Stephen Ames,92.31,12,13,-0.75
25,Jonas Blixt,92.31,12,13,-0.58
25,Stewart Cink,92.31,12,13,-0.75
25,Ken Duke,92.31,12,13,-0.58
29,J.J. Killeen,91.67,11,12,-0.91
30,John Rollins,90.91,20,22,-0.45
31,Jhonattan Vegas,90.00,18,20,-0.61
32,Jeff Overton,89.47,17,19,-0.47
33,Scott Piercy,88.89,16,18,-0.63
33,John Senden,88.89,16,18,-0.50
35,Keegan Bradley,88.24,15,17,-0.47
35,K.J. Choi,88.24,15,17,-0.53
35,Justin Leonard,88.24,15,17,-0.33
35,Joe Ogilvie,88.24,15,17,-0.40
35,Greg Owen,88.24,15,17,-0.33
40,Steve Stricker,87.50,14,16,-0.57
41,Brian Gay,86.67,13,15,-0.54
41,Zach Johnson,86.67,13,15,-0.69
41,Billy Mayfair,86.67,13,15,-0.54
44,Chris DiMarco,85.71,12,14,-0.75
44,Tadd Fujikawa,85.71,12,14,-0.75
44,Rory Sabbatini,85.71,12,14,-0.50
47,Chris Stroud,84.62,11,13,-0.73
48,John Huh,84.21,16,19,-0.69
49,Webb Simpson,83.33,15,18,-0.27
49,Josh Teater,83.33,15,18,-0.67
51,Erik Compton,81.25,13,16,-0.46
52,Harris English,80.95,17,21,-0.65
53,Sangmoon Bae,80.00,12,15,-0.67
53,Bud Cauley,80.00,16,20,-0.50
53,Brendon Todd,80.00,12,15,-0.75
56,Harrison Frazar,78.57,11,14,-0.91
56,David Hearn,78.57,11,14,-0.73
56,Jerry Kelly,78.57,11,14,-0.55
59,Kris Blanks,76.92,10,13,-0.90
60,Chris Kirk,76.47,13,17,-0.46
61,Kevin Chappell,75.00,12,16,-0.67
61,Brian Harman,75.00,12,16,-0.83
61,Spencer Levin,75.00,9,12,-0.44
61,Jeff Maggert,75.00,12,16,-0.75
65,S.Y. Noh,73.68,14,19,-0.29
66,Tommy Biershenk,73.33,11,15,-0.45
66,"Ted Potter, Jr.",73.33,11,15,-0.64
68,Koumei Oda,72.22,13,18,-0.54
68,Vijay Singh,72.22,13,18,-0.46
70,Doug LaBelle II,71.43,10,14,-0.50
