rank,player,%,Greens Hit,Total Holes,Relative to par
1,Keegan Bradley,77.19,44,57,-0.20
2,Carl Pettersson,75.86,44,58,-0.23
3,Greg Owen,75.41,46,61,E
4,Graham DeLaet,73.68,42,57,-0.14
5,D.A. Points,73.33,44,60,-0.25
6,John Senden,72.88,43,59,-0.14
7,William McGirt,72.13,44,61,-0.14
8,"Ted Potter, Jr.",70.00,42,60,-0.17
9,John Rollins,68.42,39,57,-0.21
10,Brendon Todd,68.33,41,60,-0.24
11,Kris Blanks,67.80,40,59,-0.13
12,Charles Howell III,67.74,42,62,-0.19
13,Webb Simpson,67.24,39,58,-0.15
14,George McNeill,66.67,40,60,-0.23
15,K.J. Choi,66.10,39,59,-0.15
15,Matt Every,66.10,39,59,-0.23
15,Brian Gay,66.10,39,59,-0.15
15,Chris Kirk,66.10,39,59,-0.15
15,Johnson Wagner,66.10,39,59,-0.23
20,Kyle Stanley,66.07,37,56,-0.16
21,David Hearn,65.57,40,61,-0.25
21,Duffy Waldorf,65.57,40,61,-0.20
23,Sean O'Hair,65.00,39,60,-0.21
24,Bud Cauley,64.81,35,54,-0.26
25,Michael Thompson,64.52,40,62,-0.33
26,Harris English,64.29,36,56,-0.14
27,Brendon de Jonge,63.93,39,61,-0.31
28,Harrison Frazar,63.33,38,60,-0.34
29,Vijay Singh,63.16,36,57,-0.19
30,Bobby Gates,62.30,38,61,-0.08
31,Scott Piercy,62.07,36,58,-0.33
32,Stewart Cink,61.67,37,60,-0.22
32,Jeff Maggert,61.67,37,60,-0.19
34,Daniel Summerhays,61.29,38,62,-0.16
35,Jhonattan Vegas,61.11,33,54,-0.24
36,Tadd Fujikawa,61.02,36,59,-0.19
36,Steve Stricker,61.02,36,59,-0.14
38,Chris DiMarco,60.66,37,61,-0.24
38,Colt Knost,60.66,37,61,-0.24
40,Ken Duke,60.00,36,60,-0.19
41,Tim Herron,59.32,35,59,-0.17
42,Josh Teater,58.93,33,56,-0.24
43,Roberto Castro,58.62,34,58,-0.09
43,Billy Mayfair,58.62,34,58,-0.18
45,Sangmoon Bae,57.38,35,61,-0.11
46,Zach Johnson,56.90,33,58,-0.09
47,John Huh,56.67,34,60,-0.21
47,Chris Stroud,56.67,34,60,-0.18
49,Stephen Ames,56.45,35,62,-0.20
50,Will Claxton,55.93,33,59,-0.24
51,Kevin Chappell,55.74,34,61,-0.09
51,Tom Pernice Jr.,55.74,34,61,-0.15
53,Brian Harman,55.17,32,58,-0.16
54,Jerry Kelly,55.00,33,60,-0.27
54,Pat Perez,55.00,33,60,-0.15
56,J.J. Killeen,54.24,32,59,-0.25
56,Koumei Oda,54.24,32,59,-0.16
58,S.Y. Noh,53.45,31,58,-0.06
59,Gavin Coles,53.33,32,60,-0.25
59,Joe Ogilvie,53.33,32,60,-0.25
61,Spencer Levin,53.23,33,62,-0.24
62,Doug LaBelle II,52.46,32,61,-0.16
63,Tommy Biershenk,51.61,32,62,-0.16
64,Jarrod Lyle,50.88,29,57,-0.17
65,Rory Sabbatini,50.85,30,59,-0.30
66,Justin Leonard,50.00,29,58,-0.14
67,Jeff Overton,49.09,27,55,-0.22
68,Jonas Blixt,46.77,29,62,-0.17
69,Corey Pavin,42.62,26,61,-0.31
70,Erik Compton,40.68,24,59,-0.33
