rank,player,%,Total Hit,Total Attempts,RTP Score
1,John Senden,86.11,62,72,-13.00
2,William McGirt,84.72,61,72,-8.00
3,Keegan Bradley,81.94,59,72,-15.00
3,Graham DeLaet,81.94,59,72,-18.00
3,Chris Kirk,81.94,59,72,-11.00
3,Greg Owen,81.94,59,72,-5.00
7,Brendon de Jonge,80.56,58,72,-19.00
7,Brian Gay,80.56,58,72,-14.00
9,Carl Pettersson,79.17,57,72,-18.00
9,D.A. Points,79.17,57,72,-18.00
9,Duffy Waldorf,79.17,57,72,-15.00
12,Kris Blanks,77.78,56,72,-15.00
12,Matt Every,77.78,56,72,-19.00
12,Charles Howell III,77.78,56,72,-18.00
12,Sean O'Hair,77.78,56,72,-16.00
12,"Ted Potter, Jr.",77.78,56,72,-14.00
12,John Rollins,77.78,56,72,-16.00
12,Webb Simpson,77.78,56,72,-11.00
19,K.J. Choi,76.39,55,72,-13.00
19,David Hearn,76.39,55,72,-18.00
19,Vijay Singh,76.39,55,72,-12.00
19,Brendon Todd,76.39,55,72,-16.00
23,Roberto Castro,75.00,54,72,-5.00
23,Bud Cauley,75.00,54,72,-16.00
23,Harris English,75.00,54,72,-15.00
23,Colt Knost,75.00,54,72,-14.00
23,George McNeill,75.00,54,72,-14.00
23,Scott Piercy,75.00,54,72,-18.00
23,Johnson Wagner,75.00,54,72,-20.00
30,Chris DiMarco,73.61,53,72,-16.00
30,Harrison Frazar,73.61,53,72,-22.00
30,Tadd Fujikawa,73.61,53,72,-15.00
30,Bobby Gates,73.61,53,72,-11.00
30,Kyle Stanley,73.61,53,72,-15.00
30,Chris Stroud,73.61,53,72,-18.00
30,Michael Thompson,73.61,53,72,-22.00
37,Josh Teater,72.22,52,72,-14.00
38,Sangmoon Bae,70.83,51,72,-11.00
38,Ken Duke,70.83,51,72,-13.00
38,Zach Johnson,70.83,51,72,-11.00
38,Justin Leonard,70.83,51,72,-8.00
38,Jeff Maggert,70.83,51,72,-15.00
38,Pat Perez,70.83,51,72,-14.00
38,Steve Stricker,70.83,51,72,-14.00
45,Stewart Cink,69.44,50,72,-17.00
45,Will Claxton,69.44,50,72,-14.00
45,Daniel Summerhays,69.44,50,72,-11.00
45,Jhonattan Vegas,69.44,50,72,-17.00
49,Stephen Ames,68.06,49,72,-15.00
49,Tim Herron,68.06,49,72,-12.00
49,Jerry Kelly,68.06,49,72,-16.00
49,Billy Mayfair,68.06,49,72,-12.00
49,S.Y. Noh,68.06,49,72,-7.00
54,Kevin Chappell,66.67,48,72,-12.00
54,Gavin Coles,66.67,48,72,-15.00
54,John Huh,66.67,48,72,-17.00
54,Koumei Oda,66.67,48,72,-13.00
54,Rory Sabbatini,66.67,48,72,-16.00
59,J.J. Killeen,65.28,47,72,-17.00
59,Joe Ogilvie,65.28,47,72,-16.00
59,Jeff Overton,65.28,47,72,-15.00
59,Tom Pernice Jr.,65.28,47,72,-12.00
63,Tommy Biershenk,63.89,46,72,-11.00
63,Doug LaBelle II,63.89,46,72,-10.00
63,Spencer Levin,63.89,46,72,-12.00
63,Jarrod Lyle,63.89,46,72,-12.00
67,Brian Harman,62.50,45,72,-14.00
68,Corey Pavin,59.72,43,72,-16.00
69,Jonas Blixt,58.33,42,72,-12.00
69,Erik Compton,58.33,42,72,-14.00
