rank,player,%,Greens Hit,Total Holes,Relative to par
1,Stephen Ames,100.00,1,1,E
1,Sangmoon Bae,100.00,1,1,E
1,Tommy Biershenk,100.00,2,2,E
1,Keegan Bradley,100.00,1,1,E
1,Roberto Castro,100.00,3,3,E
1,Bud Cauley,100.00,4,4,-0.25
1,Will Claxton,100.00,1,1,E
1,Erik Compton,100.00,1,1,E
1,Graham DeLaet,100.00,3,3,-0.67
1,Ken Duke,100.00,1,1,E
1,Matt Every,100.00,2,2,E
1,Tadd Fujikawa,100.00,1,1,E
1,Brian Harman,100.00,1,1,E
1,Tim Herron,100.00,2,2,E
1,Zach Johnson,100.00,3,3,-0.33
1,Jerry Kelly,100.00,2,2,-1.00
1,Chris Kirk,100.00,1,1,E
1,Colt Knost,100.00,2,2,-0.50
1,Doug LaBelle II,100.00,1,1,E
1,Jarrod Lyle,100.00,2,2,E
1,William McGirt,100.00,3,3,E
1,George McNeill,100.00,1,1,+1.00
1,Koumei Oda,100.00,1,1,-1.00
1,Joe Ogilvie,100.00,1,1,E
1,Jeff Overton,100.00,3,3,E
1,Pat Perez,100.00,2,2,-0.50
1,Carl Pettersson,100.00,2,2,-0.50
1,Scott Piercy,100.00,2,2,-0.50
1,D.A. Points,100.00,1,1,-1.00
1,"Ted Potter, Jr.",100.00,2,2,-0.50
1,Rory Sabbatini,100.00,1,1,E
1,Webb Simpson,100.00,1,1,E
1,Vijay Singh,100.00,1,1,E
1,Kyle Stanley,100.00,1,1,E
1,Chris Stroud,100.00,1,1,-1.00
1,Daniel Summerhays,100.00,1,1,E
1,Michael Thompson,100.00,1,1,-1.00
1,Johnson Wagner,100.00,1,1,-1.00
1,Duffy Waldorf,100.00,1,1,E
40,Brian Gay,80.00,4,5,-0.25
41,John Rollins,75.00,3,4,-0.67
42,David Hearn,66.67,2,3,E
42,John Senden,66.67,2,3,E
42,Josh Teater,66.67,2,3,-0.50
45,Harris English,50.00,1,2,-1.00
45,Justin Leonard,50.00,1,2,E
45,Brendon Todd,50.00,1,2,E
48,Kevin Chappell,.00,0,1,E
48,K.J. Choi,.00,0,1,E
48,Chris DiMarco,.00,0,1,E
48,Bobby Gates,.00,0,1,E
48,Billy Mayfair,.00,0,1,E
48,S.Y. Noh,.00,0,1,E
