rank,player,%,Greens Hit,# Holes,Relative/Par
1,Gavin Coles,100.0,2,2,E
1,Erik Compton,100.0,4,4,-1.00
1,Harris English,100.0,3,3,E
1,Brian Gay,100.0,2,2,E
1,Tim Herron,100.0,3,3,E
1,Chris Kirk,100.0,2,2,E
1,Justin Leonard,100.0,1,1,E
1,S.Y. Noh,100.0,2,2,E
1,Tom Pernice Jr.,100.0,2,2,E
1,Carl Pettersson,100.0,3,3,-1.00
1,"Ted Potter, Jr.",100.0,2,2,-1.00
12,Chris DiMarco,80.0,4,5,E
13,Bud Cauley,75.0,3,4,E
13,Chris Stroud,75.0,3,4,-1.00
15,Bobby Gates,71.4,5,7,E
15,Steve Stricker,71.4,5,7,-1.00
17,Brendon de Jonge,66.7,2,3,E
17,Harrison Frazar,66.7,2,3,-1.00
17,John Rollins,66.7,2,3,E
17,Kyle Stanley,66.7,2,3,E
17,Duffy Waldorf,66.7,4,6,-1.00
22,Ken Duke,60.0,3,5,-1.00
22,Matt Every,60.0,3,5,E
22,Jarrod Lyle,60.0,3,5,E
22,Sean O'Hair,60.0,3,5,-1.00
22,D.A. Points,60.0,3,5,-1.00
27,Roberto Castro,57.1,4,7,+1.00
27,Stewart Cink,57.1,4,7,-1.00
29,George McNeill,55.6,5,9,-1.00
30,Stephen Ames,50.0,1,2,E
30,K.J. Choi,50.0,2,4,E
30,Zach Johnson,50.0,3,6,-1.00
30,Colt Knost,50.0,1,2,E
30,Doug LaBelle II,50.0,2,4,E
30,Billy Mayfair,50.0,1,2,E
30,William McGirt,50.0,2,4,E
30,Jeff Overton,50.0,4,8,E
30,Pat Perez,50.0,1,2,E
30,Scott Piercy,50.0,2,4,-2.00
30,John Senden,50.0,1,2,E
30,Webb Simpson,50.0,1,2,E
30,Michael Thompson,50.0,1,2,-1.00
30,Jhonattan Vegas,50.0,2,4,-1.00
30,Johnson Wagner,50.0,2,4,E
45,Tommy Biershenk,44.4,4,9,-1.00
45,Will Claxton,44.4,4,9,E
47,Rory Sabbatini,42.9,3,7,-1.00
48,Joe Ogilvie,40.0,2,5,-1.00
49,Jonas Blixt,33.3,2,6,E
49,Brian Harman,33.3,1,3,E
49,Charles Howell III,33.3,2,6,E
49,Koumei Oda,33.3,2,6,-1.00
49,Greg Owen,33.3,1,3,-1.00
49,Vijay Singh,33.3,2,6,-1.00
49,Daniel Summerhays,33.3,1,3,E
56,Spencer Levin,28.6,2,7,E
57,Kevin Chappell,25.0,1,4,E
57,Josh Teater,25.0,1,4,E
59,Sangmoon Bae,16.7,1,6,E
60,Kris Blanks,.0,0,1,E
60,Keegan Bradley,.0,0,1,E
60,Tadd Fujikawa,.0,0,3,E
60,David Hearn,.0,0,4,E
60,John Huh,.0,0,4,E
60,J.J. Killeen,.0,0,2,E
60,Jeff Maggert,.0,0,1,E
60,Brendon Todd,.0,0,2,E
