rank,player,%,Greens Hit,# of Holes
1,William McGirt,96.15,25,26
2,Greg Owen,93.10,27,29
3,Carl Pettersson,92.00,23,25
4,Keegan Bradley,90.00,27,30
5,Charles Howell III,88.46,23,26
5,George McNeill,88.46,23,26
7,Bud Cauley,87.50,21,24
8,Bobby Gates,86.67,26,30
8,D.A. Points,86.67,26,30
10,Brendon de Jonge,85.71,24,28
11,Ken Duke,85.19,23,27
12,Tim Herron,85.00,17,20
13,Gavin Coles,84.00,21,25
14,Daniel Summerhays,82.76,24,29
15,Sean O'Hair,82.61,19,23
16,Chris Kirk,82.14,23,28
17,"Ted Potter, Jr.",81.82,18,22
18,David Hearn,81.25,26,32
19,Brian Harman,80.77,21,26
19,Zach Johnson,80.77,21,26
19,Kyle Stanley,80.77,21,26
22,Harrison Frazar,80.00,24,30
22,Tadd Fujikawa,80.00,24,30
22,Scott Piercy,80.00,24,30
22,Jhonattan Vegas,80.00,16,20
26,Graham DeLaet,79.41,27,34
26,Brian Gay,79.41,27,34
28,Matt Every,78.57,22,28
29,Sangmoon Bae,78.26,18,23
30,K.J. Choi,77.78,21,27
30,Harris English,77.78,21,27
30,Billy Mayfair,77.78,21,27
33,Webb Simpson,76.67,23,30
33,Brendon Todd,76.67,23,30
35,Stewart Cink,76.19,16,21
35,J.J. Killeen,76.19,16,21
37,Josh Teater,76.00,19,25
38,Colt Knost,75.86,22,29
38,Chris Stroud,75.86,22,29
40,Stephen Ames,75.00,24,32
40,Jonas Blixt,75.00,18,24
40,Jeff Maggert,75.00,21,28
40,Koumei Oda,75.00,21,28
40,Joe Ogilvie,75.00,12,16
40,Steve Stricker,75.00,18,24
40,Michael Thompson,75.00,21,28
47,Kris Blanks,74.19,23,31
47,Vijay Singh,74.19,23,31
49,Kevin Chappell,74.07,20,27
50,Jeff Overton,73.91,17,23
50,Johnson Wagner,73.91,17,23
52,John Senden,73.68,28,38
53,Doug LaBelle II,71.43,20,28
53,Duffy Waldorf,71.43,20,28
55,Rory Sabbatini,70.83,17,24
56,Jerry Kelly,70.59,24,34
57,Spencer Levin,70.00,14,20
58,Roberto Castro,69.70,23,33
59,Pat Perez,68.97,20,29
59,Tom Pernice Jr.,68.97,20,29
61,John Huh,68.75,22,32
62,Jarrod Lyle,66.67,14,21
62,John Rollins,66.67,20,30
64,Will Claxton,65.52,19,29
65,Tommy Biershenk,63.64,14,22
65,Chris DiMarco,63.64,21,33
65,S.Y. Noh,63.64,14,22
68,Justin Leonard,61.54,16,26
69,Corey Pavin,54.84,17,31
70,Erik Compton,54.55,12,22
