rank,player,%,Greens Hit,Total Holes,Relative to par
1,Charles Howell III,100.00,9,9,-0.22
1,Rory Sabbatini,100.00,9,9,-0.44
3,Webb Simpson,94.12,16,17,-0.25
4,Tim Herron,92.86,13,14,-0.31
5,Bud Cauley,90.00,9,10,-0.44
5,Gavin Coles,90.00,9,10,-0.33
7,Jonas Blixt,88.89,8,9,-0.25
7,"Ted Potter, Jr.",88.89,8,9,E
9,Brendon Todd,87.50,7,8,-0.14
10,Keegan Bradley,86.67,13,15,-0.38
11,Brendon de Jonge,85.71,12,14,-0.42
12,Duffy Waldorf,84.62,11,13,-0.09
13,David Hearn,83.33,10,12,-0.30
13,George McNeill,83.33,10,12,-0.30
15,D.A. Points,82.35,14,17,-0.43
16,Brian Gay,81.82,9,11,-0.11
16,Jerry Kelly,81.82,9,11,-0.44
16,Chris Kirk,81.82,9,11,-0.33
16,Steve Stricker,81.82,9,11,-0.22
16,Michael Thompson,81.82,9,11,-0.56
21,Carl Pettersson,81.25,13,16,-0.23
21,Kyle Stanley,81.25,13,16,-0.23
23,Kris Blanks,80.00,8,10,-0.25
23,Brian Harman,80.00,12,15,-0.17
23,Jeff Maggert,80.00,8,10,-0.25
23,Tom Pernice Jr.,80.00,8,10,-0.25
23,Johnson Wagner,80.00,8,10,-0.13
28,Greg Owen,78.95,15,19,-0.07
29,William McGirt,78.57,11,14,+0.18
30,Matt Every,76.92,10,13,-0.30
31,Tadd Fujikawa,76.47,13,17,-0.31
32,Chris DiMarco,75.00,9,12,-0.44
32,Harris English,75.00,9,12,-0.11
32,Sean O'Hair,75.00,9,12,-0.56
32,Koumei Oda,75.00,12,16,-0.33
32,Corey Pavin,75.00,3,4,E
32,John Senden,75.00,9,12,-0.33
32,Josh Teater,75.00,9,12,-0.22
39,Harrison Frazar,74.07,20,27,-0.25
40,Sangmoon Bae,73.33,11,15,E
40,Graham DeLaet,73.33,11,15,-0.09
42,Zach Johnson,72.73,8,11,-0.38
42,Billy Mayfair,72.73,8,11,E
42,Jhonattan Vegas,72.73,8,11,-0.25
45,Stephen Ames,71.43,10,14,-0.20
46,Pat Perez,69.23,9,13,-0.33
47,Tommy Biershenk,68.75,11,16,-0.18
48,Will Claxton,66.67,10,15,-0.30
48,Bobby Gates,66.67,12,18,-0.08
48,Scott Piercy,66.67,10,15,-0.40
48,John Rollins,66.67,6,9,-0.17
48,Chris Stroud,66.67,10,15,-0.10
53,Ken Duke,64.71,11,17,-0.36
54,Roberto Castro,64.29,9,14,-0.11
54,Stewart Cink,64.29,9,14,-0.11
56,K.J. Choi,63.64,7,11,-0.29
57,Colt Knost,62.50,5,8,-0.40
57,S.Y. Noh,62.50,10,16,-0.30
59,Erik Compton,60.00,6,10,-0.67
59,Doug LaBelle II,60.00,6,10,E
59,Joe Ogilvie,60.00,9,15,-0.11
62,Kevin Chappell,54.55,6,11,-0.17
63,John Huh,50.00,7,14,-0.43
63,Jarrod Lyle,50.00,7,14,-0.29
63,Jeff Overton,50.00,7,14,E
63,Vijay Singh,50.00,5,10,-0.20
63,Daniel Summerhays,50.00,3,6,+0.33
68,J.J. Killeen,46.15,6,13,-0.33
69,Spencer Levin,40.00,4,10,-0.25
70,Justin Leonard,37.50,3,8,-0.33
