rank,player,%,Greens Hit,Total Holes,Relative to par
1,Stephen Ames,100.00,10,10,-0.70
1,Jonas Blixt,100.00,10,10,-0.70
1,Gavin Coles,100.00,12,12,-0.58
1,Tim Herron,100.00,12,12,-0.50
1,Charles Howell III,100.00,10,10,-0.80
1,John Huh,100.00,12,12,-0.83
1,Jarrod Lyle,100.00,12,12,-0.50
1,William McGirt,100.00,11,11,-0.27
1,George McNeill,100.00,12,12,-0.42
1,Sean O'Hair,100.00,12,12,-0.58
1,Jeff Overton,100.00,15,15,-0.53
1,Corey Pavin,100.00,11,11,-0.64
1,Pat Perez,100.00,12,12,-0.83
1,Tom Pernice Jr.,100.00,10,10,-0.60
1,Scott Piercy,100.00,13,13,-0.69
1,Rory Sabbatini,100.00,12,12,-0.50
1,Daniel Summerhays,100.00,10,10,-0.60
1,Michael Thompson,100.00,10,10,-0.80
1,Johnson Wagner,100.00,12,12,-0.83
1,Duffy Waldorf,100.00,11,11,-0.64
21,Graham DeLaet,93.33,14,15,-0.86
21,Kyle Stanley,93.33,14,15,-0.64
23,Roberto Castro,92.31,12,13,-0.42
23,Will Claxton,92.31,12,13,-0.42
23,Brian Gay,92.31,12,13,-0.58
23,John Senden,92.31,12,13,-0.58
27,Erik Compton,91.67,11,12,-0.55
27,Matt Every,91.67,11,12,-0.73
27,Carl Pettersson,91.67,11,12,-0.73
27,D.A. Points,91.67,11,12,-0.64
27,Webb Simpson,91.67,11,12,-0.36
32,Sangmoon Bae,90.91,10,11,-0.60
32,Stewart Cink,90.91,10,11,-0.80
32,Brendon de Jonge,90.91,10,11,-0.60
32,Chris DiMarco,90.91,10,11,-0.80
32,Ken Duke,90.91,10,11,-0.70
32,Bobby Gates,90.91,10,11,-0.90
32,David Hearn,90.91,10,11,-0.80
32,J.J. Killeen,90.91,10,11,-0.90
32,Colt Knost,90.91,10,11,-0.50
32,Doug LaBelle II,90.91,10,11,-0.50
32,Greg Owen,90.91,10,11,-0.50
43,Jhonattan Vegas,86.67,13,15,-0.62
44,Harris English,85.71,12,14,-0.67
44,John Rollins,85.71,12,14,-0.58
44,Josh Teater,85.71,12,14,-0.58
47,Keegan Bradley,84.62,11,13,-0.55
47,Zach Johnson,84.62,11,13,-0.82
47,Billy Mayfair,84.62,11,13,-0.55
50,K.J. Choi,83.33,10,12,-0.60
50,Harrison Frazar,83.33,10,12,-0.90
50,Tadd Fujikawa,83.33,10,12,-0.80
50,Brian Harman,83.33,10,12,-0.90
50,Justin Leonard,83.33,10,12,-0.40
50,Joe Ogilvie,83.33,10,12,-0.60
50,Steve Stricker,83.33,10,12,-0.80
50,Chris Stroud,83.33,10,12,-0.80
58,Kevin Chappell,81.82,9,11,-0.78
59,Bud Cauley,80.00,12,15,-0.58
59,Spencer Levin,80.00,8,10,-0.50
61,S.Y. Noh,78.57,11,14,-0.36
61,Vijay Singh,78.57,11,14,-0.55
63,Kris Blanks,75.00,9,12,-1.00
63,Jerry Kelly,75.00,9,12,-0.67
63,Jeff Maggert,75.00,9,12,-1.00
63,"Ted Potter, Jr.",75.00,9,12,-0.67
67,Brendon Todd,72.73,8,11,-0.88
68,Tommy Biershenk,70.00,7,10,-0.71
69,Chris Kirk,69.23,9,13,-0.56
69,Koumei Oda,69.23,9,13,-0.89
