rank,player,%,Greens Hit,Total Holes,Relative to par
1,Graham DeLaet,69.23,9,13,-0.33
1,John Senden,69.23,9,13,-0.11
3,Brian Gay,68.75,11,16,-0.09
4,D.A. Points,68.42,13,19,-0.15
5,Keegan Bradley,66.67,10,15,E
6,Sangmoon Bae,65.00,13,20,-0.23
7,K.J. Choi,64.71,11,17,+0.18
7,Brendon Todd,64.71,11,17,-0.18
9,Greg Owen,63.16,12,19,E
9,John Rollins,63.16,12,19,-0.17
11,Will Claxton,62.50,10,16,-0.30
11,David Hearn,62.50,10,16,-0.20
11,John Huh,62.50,10,16,-0.20
11,Doug LaBelle II,62.50,10,16,-0.10
15,Stewart Cink,61.90,13,21,-0.23
16,Scott Piercy,61.54,8,13,-0.50
16,Josh Teater,61.54,8,13,E
18,Ken Duke,61.11,11,18,-0.18
18,"Ted Potter, Jr.",61.11,11,18,-0.18
20,Chris DiMarco,60.00,9,15,-0.11
20,J.J. Killeen,60.00,9,15,E
20,Sean O'Hair,60.00,9,15,-0.11
23,Jeff Maggert,58.82,10,17,-0.40
23,Webb Simpson,58.82,10,17,-0.10
25,Charles Howell III,58.33,14,24,-0.07
25,Carl Pettersson,58.33,7,12,-0.43
27,Johnson Wagner,57.89,11,19,-0.09
28,Stephen Ames,57.14,12,21,-0.08
28,Tadd Fujikawa,57.14,8,14,-0.13
28,Zach Johnson,57.14,8,14,E
31,Kyle Stanley,56.25,9,16,-0.11
31,Steve Stricker,56.25,9,16,-0.33
33,Harris English,55.56,10,18,E
33,William McGirt,55.56,10,18,-0.10
35,Kevin Chappell,55.00,11,20,E
35,Matt Every,55.00,11,20,-0.18
35,George McNeill,55.00,11,20,-0.18
38,Spencer Levin,54.17,13,24,-0.08
39,Bud Cauley,53.33,8,15,-0.25
40,Michael Thompson,52.94,9,17,-0.22
41,Colt Knost,52.63,10,19,-0.10
42,Kris Blanks,50.00,8,16,E
42,Roberto Castro,50.00,8,16,E
42,Harrison Frazar,50.00,8,16,-0.38
42,Jarrod Lyle,50.00,10,20,-0.10
42,Billy Mayfair,50.00,9,18,-0.22
42,Koumei Oda,50.00,8,16,-0.13
42,Tom Pernice Jr.,50.00,10,20,-0.10
42,Vijay Singh,50.00,9,18,E
50,Rory Sabbatini,47.37,9,19,-0.11
50,Chris Stroud,47.37,9,19,E
52,Pat Perez,47.06,8,17,-0.25
53,Erik Compton,46.67,7,15,-0.14
53,Joe Ogilvie,46.67,7,15,-0.43
53,Jeff Overton,46.67,7,15,-0.43
56,Tommy Biershenk,44.44,8,18,-0.38
56,Brendon de Jonge,44.44,8,18,-0.25
56,S.Y. Noh,44.44,8,18,E
56,Jhonattan Vegas,44.44,8,18,E
60,Brian Harman,43.75,7,16,-0.29
61,Daniel Summerhays,42.86,9,21,-0.11
62,Bobby Gates,42.11,8,19,E
62,Duffy Waldorf,42.11,8,19,-0.25
64,Tim Herron,41.18,7,17,E
65,Gavin Coles,38.89,7,18,-0.29
65,Justin Leonard,38.89,7,18,E
67,Jonas Blixt,38.10,8,21,-0.13
67,Jerry Kelly,38.10,8,21,E
69,Chris Kirk,30.00,6,20,E
70,Corey Pavin,29.17,7,24,-0.29
