rank,player,%,Greens Hit,Total Holes,Relative to par
1,Kris Blanks,100.00,1,1,E
1,Keegan Bradley,100.00,4,4,-0.25
1,Roberto Castro,100.00,1,1,E
1,K.J. Choi,100.00,5,5,-0.40
1,Stewart Cink,100.00,2,2,-0.50
1,Will Claxton,100.00,3,3,-0.67
1,Gavin Coles,100.00,2,2,-1.00
1,Brendon de Jonge,100.00,3,3,E
1,Graham DeLaet,100.00,4,4,E
1,Ken Duke,100.00,2,2,E
1,Matt Every,100.00,3,3,E
1,Tadd Fujikawa,100.00,2,2,-0.50
1,Bobby Gates,100.00,6,6,E
1,Tim Herron,100.00,2,2,-0.50
1,Zach Johnson,100.00,2,2,E
1,Jerry Kelly,100.00,2,2,E
1,J.J. Killeen,100.00,1,1,-1.00
1,Chris Kirk,100.00,4,4,-0.25
1,Colt Knost,100.00,3,3,-0.67
1,Justin Leonard,100.00,5,5,-0.20
1,Jarrod Lyle,100.00,3,3,-0.33
1,Billy Mayfair,100.00,2,2,-0.50
1,William McGirt,100.00,3,3,-1.00
1,George McNeill,100.00,1,1,-1.00
1,Sean O'Hair,100.00,2,2,E
1,Joe Ogilvie,100.00,5,5,E
1,Corey Pavin,100.00,1,1,-1.00
1,Pat Perez,100.00,1,1,E
1,Carl Pettersson,100.00,4,4,-0.25
1,D.A. Points,100.00,4,4,-0.50
1,John Rollins,100.00,8,8,-0.25
1,Kyle Stanley,100.00,3,3,-0.33
1,Steve Stricker,100.00,4,4,E
1,Chris Stroud,100.00,1,1,E
1,Daniel Summerhays,100.00,5,5,-0.40
1,Michael Thompson,100.00,1,1,E
1,Brendon Todd,100.00,4,4,-0.50
1,Jhonattan Vegas,100.00,5,5,-0.60
1,Johnson Wagner,100.00,2,2,-1.00
1,Duffy Waldorf,100.00,4,4,-0.50
41,Greg Owen,83.33,5,6,E
42,Tommy Biershenk,80.00,4,5,E
42,Bud Cauley,80.00,4,5,-0.25
42,Koumei Oda,80.00,4,5,+0.25
42,John Senden,80.00,4,5,-0.25
46,Charles Howell III,75.00,3,4,-0.67
46,Jeff Maggert,75.00,3,4,E
46,Tom Pernice Jr.,75.00,3,4,E
46,Josh Teater,75.00,3,4,-1.00
50,Harris English,71.43,5,7,-0.60
51,Stephen Ames,66.67,2,3,-1.00
51,Jonas Blixt,66.67,2,3,E
51,Chris DiMarco,66.67,2,3,-0.50
51,"Ted Potter, Jr.",66.67,2,3,-0.50
51,Webb Simpson,66.67,4,6,E
56,Kevin Chappell,60.00,3,5,-0.33
56,S.Y. Noh,60.00,3,5,E
56,Scott Piercy,60.00,3,5,-0.33
59,John Huh,57.14,4,7,-0.25
60,Sangmoon Bae,50.00,2,4,-1.00
60,Erik Compton,50.00,2,4,E
60,Harrison Frazar,50.00,1,2,-1.00
60,Brian Gay,50.00,1,2,E
60,Brian Harman,50.00,2,4,-0.50
60,Spencer Levin,50.00,1,2,E
60,Jeff Overton,50.00,2,4,E
60,Vijay Singh,50.00,2,4,E
68,David Hearn,33.33,1,3,E
69,Doug LaBelle II,.00,0,3,E
69,Rory Sabbatini,.00,0,2,E
