rank,player,%,Greens Hit,Total Holes,Relative to par
1,Greg Owen,91.67,11,12,+0.09
2,Chris Kirk,90.00,18,20,-0.11
3,George McNeill,84.21,16,19,-0.19
4,Charles Howell III,81.25,13,16,-0.23
5,"Ted Potter, Jr.",80.95,17,21,-0.24
5,Vijay Singh,80.95,17,21,-0.29
7,Harrison Frazar,77.78,7,9,-0.43
8,D.A. Points,76.92,10,13,-0.10
9,Johnson Wagner,76.47,13,17,-0.38
10,Graham DeLaet,75.00,15,20,-0.13
10,Ken Duke,75.00,12,16,-0.08
10,Brian Gay,75.00,15,20,-0.20
10,William McGirt,75.00,15,20,-0.20
14,Brendon de Jonge,73.68,14,19,-0.36
14,Duffy Waldorf,73.68,14,19,-0.21
16,Keegan Bradley,72.22,13,18,-0.31
17,Michael Thompson,72.00,18,25,-0.22
18,David Hearn,71.43,15,21,-0.20
18,Doug LaBelle II,71.43,15,21,-0.27
18,Jeff Overton,71.43,10,14,-0.30
21,John Senden,70.83,17,24,E
21,Brendon Todd,70.83,17,24,-0.29
23,Jerry Kelly,70.59,12,17,-0.42
24,Justin Leonard,70.00,14,20,-0.14
24,Carl Pettersson,70.00,14,20,-0.14
26,J.J. Killeen,68.42,13,19,-0.31
27,Daniel Summerhays,68.18,15,22,-0.20
28,Kris Blanks,66.67,16,24,-0.13
28,Roberto Castro,66.67,14,21,-0.14
28,Bobby Gates,66.67,8,12,-0.25
28,Sean O'Hair,66.67,16,24,-0.13
28,Scott Piercy,66.67,12,18,-0.25
28,Chris Stroud,66.67,12,18,-0.33
34,Bud Cauley,65.00,13,20,-0.15
35,Jhonattan Vegas,64.71,11,17,-0.27
36,Harris English,64.29,9,14,-0.22
36,Webb Simpson,64.29,9,14,-0.11
38,Colt Knost,63.64,14,22,-0.14
39,Matt Every,63.16,12,19,-0.33
39,Tadd Fujikawa,63.16,12,19,-0.08
41,John Rollins,62.50,10,16,-0.30
42,Kevin Chappell,61.90,13,21,-0.08
43,K.J. Choi,61.11,11,18,-0.36
43,Spencer Levin,61.11,11,18,-0.36
45,Billy Mayfair,60.00,12,20,-0.25
46,Gavin Coles,58.82,10,17,-0.10
46,John Huh,58.82,10,17,-0.10
48,Jeff Maggert,56.52,13,23,-0.15
49,Joe Ogilvie,56.25,9,16,-0.33
49,Kyle Stanley,56.25,9,16,-0.22
51,Stewart Cink,53.33,8,15,-0.38
51,Corey Pavin,53.33,8,15,-0.38
53,Tom Pernice Jr.,52.63,10,19,-0.20
54,Steve Stricker,52.38,11,21,E
55,Chris DiMarco,52.17,12,23,-0.08
56,Pat Perez,52.00,13,25,E
57,Tim Herron,50.00,10,20,-0.10
57,Zach Johnson,50.00,10,20,E
57,Josh Teater,50.00,11,22,-0.18
60,Brian Harman,47.06,8,17,-0.13
61,Tommy Biershenk,46.67,7,15,E
61,Koumei Oda,46.67,7,15,-0.14
63,Stephen Ames,44.44,8,18,-0.13
64,Rory Sabbatini,43.48,10,23,-0.40
65,Sangmoon Bae,42.86,6,14,+0.17
65,Jarrod Lyle,42.86,6,14,-0.17
67,Will Claxton,42.11,8,19,E
68,S.Y. Noh,40.00,6,15,+0.17
69,Jonas Blixt,38.10,8,21,-0.25
70,Erik Compton,36.36,8,22,-0.38
