rank,player,%,Greens Hit,Total Holes,Relative to par
1,S.Y. Noh,100.00,4,4,E
1,Carl Pettersson,100.00,6,6,-0.17
3,Kris Blanks,87.50,7,8,-0.14
4,William McGirt,83.33,5,6,-0.20
5,Keegan Bradley,80.00,4,5,+0.25
5,John Senden,80.00,4,5,-0.25
7,Matt Every,75.00,3,4,E
7,Vijay Singh,75.00,3,4,-0.33
7,Daniel Summerhays,75.00,6,8,-0.17
10,Bobby Gates,66.67,4,6,E
11,K.J. Choi,62.50,5,8,E
11,Stewart Cink,62.50,5,8,E
11,Chris DiMarco,62.50,5,8,-0.40
14,Graham DeLaet,60.00,3,5,E
14,Harris English,60.00,3,5,+0.33
14,Greg Owen,60.00,3,5,E
14,John Rollins,60.00,3,5,E
14,Kyle Stanley,60.00,3,5,+0.33
19,Colt Knost,55.56,5,9,-0.40
20,Stephen Ames,50.00,3,6,-0.33
20,Brian Harman,50.00,3,6,+0.33
20,Tim Herron,50.00,3,6,E
20,John Huh,50.00,3,6,E
20,Chris Kirk,50.00,2,4,E
20,Spencer Levin,50.00,4,8,-0.50
20,Jarrod Lyle,50.00,3,6,E
20,Jeff Maggert,50.00,3,6,+0.33
20,Pat Perez,50.00,2,4,E
20,Duffy Waldorf,50.00,3,6,E
30,Zach Johnson,45.45,5,11,E
30,Johnson Wagner,45.45,5,11,E
32,David Hearn,44.44,4,9,-0.50
32,"Ted Potter, Jr.",44.44,4,9,E
34,Billy Mayfair,42.86,3,7,E
34,Sean O'Hair,42.86,3,7,E
34,Scott Piercy,42.86,3,7,E
34,D.A. Points,42.86,3,7,E
34,Steve Stricker,42.86,3,7,E
39,Corey Pavin,41.18,7,17,-0.29
40,Josh Teater,40.00,2,5,-0.50
41,Sangmoon Bae,37.50,3,8,E
41,Jonas Blixt,37.50,3,8,E
41,Tom Pernice Jr.,37.50,3,8,E
41,Michael Thompson,37.50,3,8,-0.67
45,Roberto Castro,33.33,2,6,E
45,Will Claxton,33.33,2,6,E
45,Harrison Frazar,33.33,2,6,-0.50
45,Charles Howell III,33.33,3,9,E
45,Rory Sabbatini,33.33,2,6,E
45,Jhonattan Vegas,33.33,1,3,E
51,Gavin Coles,30.77,4,13,E
52,Brian Gay,30.00,3,10,-0.33
53,Brendon de Jonge,28.57,2,7,E
53,Chris Stroud,28.57,2,7,-0.50
53,Brendon Todd,28.57,2,7,E
56,J.J. Killeen,27.27,3,11,-0.33
57,Tommy Biershenk,25.00,2,8,E
57,Bud Cauley,25.00,1,4,E
57,Kevin Chappell,25.00,1,4,E
57,George McNeill,25.00,2,8,E
61,Jerry Kelly,22.22,2,9,E
61,Joe Ogilvie,22.22,2,9,-0.50
63,Tadd Fujikawa,14.29,1,7,E
63,Koumei Oda,14.29,1,7,E
65,Erik Compton,12.50,1,8,E
65,Jeff Overton,12.50,1,8,E
67,Doug LaBelle II,9.09,1,11,E
68,Ken Duke,.00,0,7,E
68,Justin Leonard,.00,0,7,E
68,Webb Simpson,.00,0,4,E
