rank,player,Avg,Total SG:OTT,Measured Rounds
1,Vijay Singh,.854,3.415,4
2,Charley Hoffman,.658,2.632,4
3,Nick Watney,.602,2.409,4
4,Aaron Baddeley,.568,2.272,4
5,Hunter Mahan,.400,1.599,4
6,Charles Howell III,.365,1.459,4
7,Joe Ogilvie,.358,1.433,4
8,Mark Calcavecchia,.338,1.353,4
9,Mike Weir,.333,1.333,4
10,Stephen Ames,.304,1.215,4
11,Woody Austin,.206,.823,4
12,Steve Stricker,.198,.792,4
13,Rory Sabbatini,.194,.777,4
14,George McNeill,.130,.518,4
15,Brian Bateman,.064,.254,4
16,Jim Furyk,.008,.031,4
17,Ángel Cabrera,-.010,-.041,4
18,Justin Leonard,-.057,-.226,4
19,Scott Verplank,-.087,-.346,4
20,Mark Wilson,-.116,-.465,4
21,Chad Campbell,-.156,-.623,4
22,Boo Weekley,-.171,-.683,4
23,Henrik Stenson,-.213,-.850,4
24,Jonathan Byrd,-.218,-.872,4
25,K.J. Choi,-.243,-.970,4
26,Daniel Chopra,-.304,-1.216,4
27,Zach Johnson,-.399,-1.596,4
28,Brandt Snedeker,-.458,-1.833,4
29,Steve Flesch,-.854,-3.416,4
30,Fred Funk,-1.123,-4.493,4
31,Paul Goydos,-1.174,-4.696,4
