rank,player,Total,Distance Rank,Accuracy Rank
1,Joe Ogilvie,15,7,8
2,Hunter Mahan,16,13,3
3,Charley Hoffman,18,4,14
4,Nick Watney,19,2,17
5,Aaron Baddeley,22,19,3
6,Charles Howell III,23,9,14
6,Vijay Singh,23,3,20
8,Scott Verplank,24,23,1
9,Stephen Ames,28,11,17
9,Rory Sabbatini,28,16,12
11,Jim Furyk,29,26,3
11,Henrik Stenson,29,12,17
13,Mark Calcavecchia,30,20,10
14,Ángel Cabrera,31,1,30
14,Boo Weekley,31,5,26
16,Paul Goydos,32,29,3
17,Fred Funk,33,31,2
18,Justin Leonard,35,28,7
18,Mark Wilson,35,27,8
20,Brian Bateman,36,10,26
20,Daniel Chopra,36,6,30
20,Brandt Snedeker,36,24,12
23,George McNeill,37,8,29
23,Steve Stricker,37,14,23
23,Mike Weir,37,17,20
26,Woody Austin,38,18,20
26,Chad Campbell,38,15,23
28,Jonathan Byrd,39,25,14
29,Zach Johnson,40,30,10
30,K.J. Choi,45,22,23
31,Steve Flesch,47,21,26
