rank,player,Avg,Total Ball Speed,Total Attempts
1,Nick Watney,179.88,"1,439.02",8
2,Ángel Cabrera,178.00,"1,601.97",9
3,Charles Howell III,175.69,"1,405.52",8
4,Henrik Stenson,174.11,"1,392.85",8
5,Daniel Chopra,173.61,"1,388.90",8
6,George McNeill,172.92,"1,037.54",6
7,Boo Weekley,172.34,"1,378.68",8
8,Vijay Singh,171.96,"1,203.75",7
9,Charley Hoffman,171.77,"1,202.42",7
10,Woody Austin,170.48,"1,363.86",8
11,Aaron Baddeley,170.37,"1,192.60",7
12,Rory Sabbatini,170.03,"1,360.21",8
13,Brian Bateman,168.72,"1,349.79",8
14,Jonathan Byrd,168.26,"1,346.05",8
15,Steve Stricker,166.16,"1,329.27",8
16,Mark Calcavecchia,165.77,"1,326.16",8
17,Mike Weir,165.71,"1,325.71",8
18,Chad Campbell,165.41,"1,488.69",9
19,K.J. Choi,164.87,"1,318.97",8
20,Stephen Ames,164.46,986.77,6
21,Steve Flesch,163.82,"1,310.53",8
22,Joe Ogilvie,162.83,"1,139.84",7
23,Justin Leonard,161.74,"1,132.18",7
24,Jim Furyk,161.20,"1,128.42",7
24,Mark Wilson,161.20,"1,128.38",7
26,Hunter Mahan,158.83,"1,270.68",8
27,Zach Johnson,158.30,"1,266.44",8
28,Scott Verplank,156.35,"1,250.82",8
29,Brandt Snedeker,155.76,"1,246.06",8
30,Fred Funk,152.74,"1,221.89",8
31,Paul Goydos,152.31,"1,066.20",7
