rank,player,Distance,Tournament,Round- Course,Hole
1,Jim Furyk,187,Sony Open,1,17
2,Abraham Ancer,44,Sony Open,2,9
3,Adam Svensson,33,Sony Open,3,2
4,Hideki Matsuyama,32,Sony Open,2,6
5,Dylan Wu,27,Sony Open,1,13
6,Si Woo Kim,25,Sony Open,3,15
7,Scott Gutschewski,23,Sony Open,2,18
8,Andrew Novak,22,Sony Open,1,3
9,Hayden Buckley,21,Sony Open,1,13
10,Sahith Theegala,19,Sony Open,3,11
11,Bo Van Pelt,18,Sony Open,1,5
12,Peter Malnati,17,Sony Open,1,15
13,Robert Streb,17,Sony Open,1,6
14,Jason Kokrak,16,Sony Open,4,5
15,Sam Ryder,15,Sony Open,2,2
16,Russell Henley,14,Sony Open,2,18
17,Cam Davis,14,Sony Open,3,14
18,Chris Kirk,14,Sony Open,2,7
19,Hudson Swafford,13,Sony Open,4,17
20,Zach Johnson,12,Sony Open,2,15
21,BJ Doucett,10,Sony Open,2,3
22,Keith Mitchell,10,Sony Open,4,2
23,Corey Conners,9,Sony Open,4,3
24,Matt Kuchar,9,Sony Open,4,2
25,Keegan Bradley,9,Sony Open,1,14
26,Webb Simpson,9,Sony Open,1,3
27,Bill Haas,9,Sony Open,2,11
28,Seamus Power,8,Sony Open,4,12
29,Brian Gay,8,Sony Open,1,3
30,Ryan Armour,8,Sony Open,2,5
31,Andrew Putnam,8,Sony Open,3,6
32,Austin Cook,8,Sony Open,1,14
33,Vince Whaley,7,Sony Open,1,3
34,Nate Lashley,7,Sony Open,2,3
35,Seth Reeves,5,Sony Open,1,12
36,Keita Nakajima,5,Sony Open,4,15
37,Stewart Cink,4,Sony Open,4,12
