rank,player,Avg (Yards),Total Distance (inches),Number of Approach Shots
1,Lucas Glover,101.3,"10,937.000",3
2,Brian Harman,128.6,"27,774.000",6
3,Sepp Straka,132.6,"47,719.000",10
4,Corey Conners,134.8,"14,563.000",3
5,Andrew Putnam,135.6,"34,173.000",7
6,Kevin Chappell,138.4,"49,822.000",10
6,Keita Nakajima,138.4,"34,878.000",7
8,Billy Horschel,139.2,"40,096.000",8
9,Hayden Buckley,140.0,"25,195.000",5
10,Satoshi Kodaira,140.2,"20,185.000",4
11,Stewart Cink,140.9,"60,888.000",12
12,Webb Simpson,141.8,"40,835.000",8
13,Michael Thompson,143.6,"15,508.000",3
14,Jim Knous,145.2,"36,583.000",7
15,Si Woo Kim,147.1,"37,058.000",7
16,Brandt Snedeker,147.4,"31,843.000",6
17,Keegan Bradley,147.6,"37,186.000",7
18,Haotong Li,148.3,"32,030.000",6
19,Christiaan Bezuidenhout,148.9,"42,893.000",8
20,Ryan Armour,150.4,"43,317.000",8
21,Vince Whaley,151.7,"32,771.000",6
22,Kyle Stanley,152.7,"38,469.000",7
23,Ryan Palmer,153.3,"44,158.000",8
24,Sam Ryder,155.2,"78,214.000",14
25,Harris English,155.6,"50,420.000",9
26,K.H. Lee,155.8,"44,861.000",8
27,Cam Davis,156.9,"56,498.000",10
27,Talor Gooch,156.9,"28,248.000",5
29,Kevin Tway,157.2,"67,895.000",12
30,Dylan Wu,159.8,"51,768.000",9
31,Hideki Matsuyama,160.4,"17,322.000",3
32,Vaughn Taylor,160.5,"46,225.000",8
33,Erik van Rooyen,160.8,"57,893.000",10
34,Brett Drewitt,160.9,"34,750.000",6
35,J.T. Poston,161.4,"63,921.000",11
36,Maverick McNealy,162.1,"58,357.000",10
37,Patton Kizzire,162.7,"40,991.000",7
37,Hudson Swafford,162.7,"46,844.000",8
39,Wesley Bryan,164.7,"41,492.000",7
40,Denny McCarthy,167.8,"48,337.000",8
41,Charles Howell III,168.0,"60,490.000",10
42,Marc Leishman,168.2,"24,225.000",4
43,Justin Lower,169.1,"73,044.000",12
44,Greyson Sigg,173.4,"43,705.000",7
45,Brendon Todd,173.5,"56,205.000",9
46,Jason Kokrak,175.6,"18,966.000",3
47,Jim Furyk,177.2,"57,397.000",9
48,Kramer Hickok,181.2,"52,182.000",8
49,Ben Kohles,182.5,"52,555.000",8
50,Henrik Norlander,183.3,"59,404.000",9
51,Luke Donald,184.1,"46,387.000",7
52,Matt Kuchar,185.3,"13,343.000",2
53,Chris Kirk,186.3,"40,245.000",6
54,Adam Svensson,186.9,"33,646.000",5
55,Kevin Kisner,187.5,"27,005.000",4
56,Kevin Na,188.6,"54,316.000",8
57,Seamus Power,188.8,"20,393.000",3
58,Russell Knox,189.0,"27,210.000",4
59,Joseph Bramlett,189.4,"34,083.000",5
60,Russell Henley,190.1,"34,214.000",5
61,Sahith Theegala,190.2,"61,618.000",9
62,Jimmy Walker,191.7,"75,918.000",11
63,Keith Mitchell,196.0,"7,056.000",1
64,Davis Riley,198.0,"64,144.000",9
65,Paul Barjon,201.3,"57,973.000",8
