rank,player,Avg,Total Distance (feet),# of Attempts,Relative to par
1,Andrew Landry,"12' 4""",24.667,2,-1
2,Stewart Cink,"17' 6""",17.500,1,E
3,Michael Thompson,"19' 3""",19.250,1,E
4,Kevin Na,"19' 5""",19.417,1,E
5,Sergio Garcia,"21' 5""",21.417,1,E
6,Jason Kokrak,"22' 0""",43.917,2,E
7,Bryson DeChambeau,"24' 4""",24.333,1,E
8,Xander Schauffele,"24' 9""",24.750,1,E
9,Scottie Scheffler,"25' 0""",75.000,3,-1
10,Brendon Todd,"26' 1""",26.083,1,E
11,Sungjae Im,"26' 4""",52.667,2,E
12,Adam Scott,"26' 11""",161.250,6,-1
13,Viktor Hovland,"27' 0""",53.917,2,E
14,Mackenzie Hughes,"28' 11""",57.750,2,E
15,Marc Leishman,"30' 8""",61.250,2,E
16,Kevin Kisner,"31' 0""",31.000,1,E
17,Jon Rahm,"31' 6""",31.500,1,E
18,Nick Taylor,"31' 7""",189.500,6,+1
19,Patrick Cantlay,"31' 11""",95.667,3,E
20,Tony Finau,"32' 10""",131.250,4,E
21,Patrick Reed,"33' 0""",98.917,3,E
22,Ryan Palmer,"38' 10""",116.500,3,+2
23,Justin Thomas,"40' 4""",161.250,4,-1
24,Hudson Swafford,"40' 7""",81.167,2,+1
25,Robert Streb,"43' 1""",86.083,2,E
26,Cameron Champ,"44' 8""",178.667,4,+1
27,Webb Simpson,"45' 2""",226.000,5,+1
28,Harris English,"46' 4""",46.333,1,E
29,Sebastián Muñoz,"47' 10""",191.417,4,E
30,Hideki Matsuyama,"48' 5""",145.333,3,+1
31,Cameron Smith,"48' 9""",48.750,1,E
32,Billy Horschel,"48' 10""",48.833,1,E
33,Richy Werenski,"50' 0""",50.000,1,E
34,Martin Laird,"55' 6""",110.917,2,+1
35,Lanto Griffin,"59' 7""",119.167,2,E
36,Collin Morikawa,"64' 1""",128.083,2,+2
37,Dustin Johnson,"64' 3""",64.250,1,E
38,Joaquin Niemann,"66' 1""",132.083,2,E
39,Brian Gay,"75' 4""",75.333,1,E
40,Carlos Ortiz,"88' 1""",176.167,2,+1
