rank,player,Avg,Attempts,Total Distance (feet),Relative to par
1,Stewart Cink,"14' 3""",5,71.333,-1.00
2,Patrick Reed,"15' 10""",2,31.667,E
3,Brendon Todd,"16' 1""",3,48.333,-2.00
4,Michael Thompson,"16' 5""",2,32.833,E
5,Sungjae Im,"17' 3""",4,68.917,-1.00
6,Richy Werenski,"18' 5""",5,92.167,-2.00
7,Kevin Na,"23' 6""",3,70.583,E
8,Patrick Cantlay,"23' 9""",8,190.000,E
9,Harris English,"24' 10""",2,49.667,-1.00
9,Ryan Palmer,"24' 10""",5,124.250,-3.00
11,Lanto Griffin,"25' 1""",3,75.250,E
12,Justin Thomas,"25' 2""",7,176.083,-3.00
13,Sergio Garcia,"25' 7""",4,102.250,E
14,Andrew Landry,"28' 6""",3,85.417,+1.00
15,Sebastián Muñoz,"29' 7""",3,88.833,-1.00
16,Webb Simpson,"30' 10""",5,154.250,E
17,Hideki Matsuyama,"31' 1""",3,93.333,-1.00
18,Tony Finau,"31' 11""",6,191.500,+1.00
19,Daniel Berger,"32' 2""",2,64.333,-1.00
20,Cameron Smith,"35' 4""",5,176.833,-4.00
20,Nick Taylor,"35' 4""",3,106.083,E
22,Billy Horschel,"35' 6""",3,106.500,+2.00
23,Joaquin Niemann,"35' 10""",9,322.833,+1.00
24,Cameron Champ,"36' 3""",9,326.500,+2.00
25,Bryson DeChambeau,"36' 5""",4,145.583,-1.00
26,Jason Kokrak,"38' 9""",5,193.917,+1.00
27,Brian Gay,"39' 6""",3,118.583,-1.00
28,Adam Scott,"40' 7""",6,243.583,E
28,Hudson Swafford,"40' 7""",2,81.167,+1.00
30,Martin Laird,"42' 3""",3,126.667,+1.00
31,Carlos Ortiz,"42' 8""",4,170.667,E
32,Abraham Ancer,"44' 1""",3,132.250,E
33,Xander Schauffele,"45' 1""",7,315.583,-1.00
34,Viktor Hovland,"47' 9""",4,190.833,-1.00
35,Jon Rahm,"50' 7""",3,151.667,-1.00
36,Dustin Johnson,"55' 11""",5,279.667,-1.00
37,Kevin Kisner,"57' 3""",1,57.250,+1.00
38,Marc Leishman,"61' 9""",5,308.833,+1.00
39,Collin Morikawa,"64' 1""",2,128.083,+2.00
40,Mackenzie Hughes,"64' 10""",1,64.833,+1.00
41,Scottie Scheffler,"70' 9""",3,212.250,E
