rank,player,Avg,Total Distance (feet),# of Attempts,Relative to par
1,Robert Streb,"6' 10""",6.833,1,E
2,Tony Finau,"6' 11""",13.750,2,-1
3,Dustin Johnson,"7' 5""",7.417,1,-1
4,Sebastián Muñoz,"7' 11""",7.917,1,E
5,Scottie Scheffler,"8' 2""",8.167,1,-1
6,Bryson DeChambeau,"8' 5""",8.417,1,-1
7,Sungjae Im,"9' 0""",9.000,1,-1
8,Andrew Landry,"12' 4""",24.583,2,E
9,Ryan Palmer,"16' 5""",16.417,1,E
10,Hideki Matsuyama,"16' 10""",50.417,3,-1
11,Brendon Todd,"17' 3""",34.417,2,-1
12,Mackenzie Hughes,"19' 8""",19.667,1,E
13,Nick Taylor,"26' 7""",79.750,3,E
14,Richy Werenski,"27' 6""",55.000,2,+1
15,Harris English,"28' 4""",28.333,1,E
16,Joaquin Niemann,"28' 7""",85.667,3,E
17,Justin Thomas,"30' 1""",60.083,2,E
18,Viktor Hovland,"30' 4""",91.000,3,+1
19,Jason Kokrak,"32' 0""",64.000,2,E
20,Webb Simpson,"32' 3""",96.750,3,+2
21,Patrick Cantlay,"33' 10""",101.583,3,E
22,Kevin Na,"34' 7""",103.667,3,E
23,Daniel Berger,"35' 8""",35.667,1,+1
24,Michael Thompson,"38' 0""",76.000,2,E
25,Cameron Champ,"40' 10""",40.833,1,+1
26,Adam Scott,"44' 11""",44.917,1,E
27,Kevin Kisner,"48' 0""",48.000,1,E
28,Abraham Ancer,"49' 2""",98.250,2,E
29,Billy Horschel,"52' 3""",156.667,3,+1
30,Martin Laird,"53' 11""",53.917,1,+1
31,Brian Gay,"56' 11""",170.833,3,E
32,Collin Morikawa,"57' 0""",57.000,1,E
33,Patrick Reed,"59' 3""",118.500,2,E
34,Xander Schauffele,"61' 9""",61.750,1,+1
35,Cameron Smith,"64' 11""",129.750,2,+2
36,Jon Rahm,"67' 4""",134.667,2,E
