rank,player,Avg,Total Distance (feet),# of Attempts,Relative to par
1,Jon Rahm,"22' 0""",43.917,2,+1
2,Adam Scott,"33' 10""",33.833,1,-1
3,Richy Werenski,"35' 10""",35.833,1,E
4,Ryan Palmer,"41' 8""",41.667,1,-1
5,Daniel Berger,"47' 8""",47.667,1,-1
6,Bryson DeChambeau,"49' 10""",149.583,3,-3
7,Sebastián Muñoz,"56' 3""",56.250,1,-1
8,Carlos Ortiz,"57' 8""",115.250,2,+2
9,Xander Schauffele,"65' 6""",65.500,1,-1
10,Cameron Smith,"69' 3""",138.417,2,-2
11,Nick Taylor,"74' 9""",74.750,1,E
12,Cameron Champ,"75' 11""",227.750,3,-2
13,Justin Thomas,"76' 5""",152.750,2,-1
14,Tony Finau,"77' 4""",232.000,3,+2
15,Scottie Scheffler,"80' 10""",161.583,2,+1
16,Jason Kokrak,"87' 0""",87.000,1,E
17,Viktor Hovland,"88' 7""",177.083,2,-1
18,Dustin Johnson,"89' 5""",178.833,2,E
19,Marc Leishman,"101' 0""",202.000,2,-1
20,Billy Horschel,"104' 5""",104.417,1,E
21,Michael Thompson,"120' 3""",120.250,1,+1
22,Stewart Cink,"138' 4""",138.333,1,E
