rank,player,Avg,Total Distance (feet),# of Attempts,Relative to par
1,Martin Laird,"13' 0""",13.000,1,E
2,Dustin Johnson,"22' 1""",22.083,1,-1
3,Stewart Cink,"28' 8""",28.667,1,-1
4,Viktor Hovland,"30' 1""",30.083,1,E
5,Lanto Griffin,"30' 9""",30.750,1,E
6,Sungjae Im,"41' 10""",41.833,1,E
7,Brian Gay,"45' 8""",45.667,1,E
8,Patrick Cantlay,"45' 10""",45.833,1,E
9,Bryson DeChambeau,"52' 6""",104.917,2,E
10,Hideki Matsuyama,"54' 2""",54.167,1,+1
11,Justin Thomas,"55' 2""",55.167,1,-1
12,Scottie Scheffler,"55' 5""",110.750,2,E
13,Ryan Palmer,"56' 7""",56.583,1,+1
14,Marc Leishman,"56' 10""",170.583,3,-1
15,Kevin Kisner,"57' 3""",57.250,1,+1
16,Joaquin Niemann,"59' 8""",119.250,2,+1
17,Adam Scott,"61' 2""",61.167,1,E
18,Kevin Na,"64' 3""",64.250,1,+1
19,Sergio Garcia,"72' 3""",72.250,1,+1
20,Brendon Todd,"100' 7""",100.583,1,+1
