rank,player,Avg,Total Distance (feet),# of Attempts,Relative to par
1,Justin Thomas,"2' 1""",2.083,1,-1
2,Brian Gay,"7' 4""",7.333,1,-1
3,Michael Thompson,"8' 8""",17.250,2,-1
4,Joaquin Niemann,"10' 3""",41.083,4,-2
5,Sergio Garcia,"12' 1""",12.083,1,E
6,Brendon Todd,"13' 7""",13.583,1,-1
7,Sebastián Muñoz,"16' 6""",16.500,1,E
8,Cameron Smith,"16' 9""",16.750,1,E
9,Sungjae Im,"19' 9""",39.500,2,-1
10,Patrick Reed,"20' 9""",20.750,1,E
11,Mackenzie Hughes,"22' 0""",22.000,1,E
12,Dustin Johnson,"23' 6""",70.583,3,-1
13,Kevin Na,"23' 9""",71.333,3,E
14,Stewart Cink,"24' 1""",24.083,1,E
15,Cameron Champ,"24' 8""",74.000,3,E
16,Lanto Griffin,"25' 1""",75.250,3,E
17,Scottie Scheffler,"26' 1""",52.083,2,E
18,Tony Finau,"27' 10""",83.417,3,+2
19,Patrick Cantlay,"29' 7""",88.750,3,E
20,Harris English,"30' 8""",61.250,2,E
21,Nick Taylor,"31' 1""",62.167,2,+1
22,Richy Werenski,"31' 10""",63.583,2,E
23,Abraham Ancer,"34' 0""",34.000,1,E
24,Marc Leishman,"35' 0""",35.000,1,E
25,Webb Simpson,"35' 2""",105.583,3,-1
26,Billy Horschel,"36' 1""",72.167,2,E
27,Ryan Palmer,"39' 11""",119.833,3,E
28,Adam Scott,"43' 3""",173.000,4,+3
29,Carlos Ortiz,"43' 4""",86.583,2,E
30,Andrew Landry,"43' 8""",87.250,2,+2
31,Viktor Hovland,"43' 11""",43.917,1,E
32,Bryson DeChambeau,"44' 3""",132.833,3,E
33,Martin Laird,"47' 9""",47.750,1,E
34,Jason Kokrak,"56' 11""",56.917,1,+2
35,Jon Rahm,"60' 1""",120.167,2,-1
36,Daniel Berger,"62' 2""",124.250,2,E
37,Collin Morikawa,"63' 3""",63.250,1,E
38,Xander Schauffele,"65' 6""",262.083,4,E
