rank,player,Avg,Total Distance (feet),# of Attempts,Relative to par
1,Ryan Palmer,"5' 3""",5.250,1,-1
2,Andrew Landry,"8' 2""",16.250,2,-1
3,Harris English,"9' 6""",9.500,1,-1
4,Sungjae Im,"10' 3""",10.250,1,E
5,Cameron Smith,"10' 4""",31.083,3,-2
6,Brendon Todd,"10' 6""",10.500,1,-1
7,Dustin Johnson,"12' 10""",12.833,1,+1
8,Hideki Matsuyama,"14' 2""",28.250,2,-1
9,Daniel Berger,"14' 4""",28.667,2,-1
10,Stewart Cink,"14' 8""",73.500,5,-1
11,Carlos Ortiz,"14' 10""",44.500,3,E
12,Joaquin Niemann,"15' 3""",76.167,5,E
13,Richy Werenski,"15' 6""",61.833,4,-1
14,Martin Laird,"15' 9""",15.750,1,E
15,Kevin Kisner,"16' 6""",16.500,1,E
16,Webb Simpson,"17' 0""",17.000,1,E
17,Abraham Ancer,"19' 7""",19.583,1,E
18,Scottie Scheffler,"19' 9""",19.750,1,E
19,Patrick Cantlay,"23' 7""",47.167,2,-1
20,Justin Thomas,"24' 2""",72.583,3,-1
21,Sebastián Muñoz,"25' 11""",51.750,2,E
22,Marc Leishman,"26' 9""",53.500,2,-1
23,Robert Streb,"27' 10""",27.833,1,E
24,Cameron Champ,"28' 7""",171.417,6,+1
25,Jason Kokrak,"29' 5""",29.417,1,E
26,Nick Taylor,"30' 0""",30.000,1,E
27,Tony Finau,"31' 5""",31.417,1,E
28,Viktor Hovland,"31' 11""",63.750,2,+1
29,Xander Schauffele,"32' 6""",97.500,3,E
30,Sergio Garcia,"34' 7""",103.667,3,E
31,Brian Gay,"35' 11""",35.917,1,E
32,Bryson DeChambeau,"43' 7""",174.333,4,+2
33,Billy Horschel,"54' 2""",108.250,2,+3
34,Mackenzie Hughes,"64' 10""",64.833,1,+1
