rank,player,Avg,Total Distance (feet),# of Attempts,Relative to par
1,Scottie Scheffler,"19' 4""",19.333,1,E
2,Jon Rahm,"22' 0""",43.917,2,+1
3,Richy Werenski,"35' 10""",35.833,1,E
4,Bryson DeChambeau,"41' 4""",41.333,1,-1
5,Daniel Berger,"47' 8""",47.667,1,-1
6,Tony Finau,"51' 0""",51.000,1,E
7,Dustin Johnson,"52' 8""",52.667,1,-1
8,Nick Taylor,"74' 9""",74.750,1,E
9,Jason Kokrak,"87' 0""",87.000,1,E
10,Cameron Champ,"88' 8""",177.250,2,-1
11,Justin Thomas,"124' 3""",124.250,1,E
12,Cameron Smith,"128' 11""",128.917,1,-1
