rank,player,Avg,Total Distance (feet),# of Attempts,Relative to par
1,Sungjae Im,"9' 8""",19.250,2,-1
2,Dustin Johnson,"10' 2""",20.250,2,E
2,Andrew Landry,"10' 2""",30.500,3,-1
4,Ryan Palmer,"10' 10""",21.667,2,-1
5,Scottie Scheffler,"14' 0""",27.917,2,-1
6,Stewart Cink,"14' 8""",73.500,5,-1
7,Carlos Ortiz,"14' 10""",44.500,3,E
8,Tony Finau,"15' 1""",45.167,3,-1
9,Brendon Todd,"17' 3""",34.417,2,-1
10,Robert Streb,"17' 4""",34.667,2,E
11,Hideki Matsuyama,"17' 10""",71.250,4,-1
12,Harris English,"18' 11""",37.833,2,-1
13,Sebastián Muñoz,"19' 11""",59.667,3,E
14,Sergio Garcia,"20' 4""",40.667,2,E
15,Richy Werenski,"21' 2""",105.833,5,+1
16,Daniel Berger,"21' 5""",64.333,3,E
17,Joaquin Niemann,"21' 9""",152.417,7,E
18,Justin Thomas,"26' 6""",132.667,5,-1
19,Marc Leishman,"26' 9""",53.500,2,-1
20,Nick Taylor,"27' 5""",109.750,4,E
21,Viktor Hovland,"28' 0""",112.083,4,+2
22,Webb Simpson,"28' 5""",113.750,4,+2
23,Jason Kokrak,"31' 2""",93.417,3,E
24,Kevin Kisner,"32' 3""",64.500,2,E
25,Patrick Cantlay,"33' 10""",101.583,3,E
26,Cameron Champ,"34' 1""",204.667,6,+2
27,Kevin Na,"34' 7""",103.667,3,E
28,Martin Laird,"34' 10""",69.667,2,+1
29,Bryson DeChambeau,"36' 7""",182.750,5,+1
30,Cameron Smith,"37' 10""",151.417,4,E
31,Michael Thompson,"38' 0""",76.000,2,E
32,Abraham Ancer,"39' 3""",117.833,3,E
33,Mackenzie Hughes,"42' 3""",84.500,2,+1
34,Adam Scott,"44' 11""",44.917,1,E
35,Brian Gay,"51' 8""",206.750,4,E
35,Xander Schauffele,"51' 8""",103.250,2,+1
37,Billy Horschel,"53' 0""",264.917,5,+4
38,Collin Morikawa,"57' 0""",57.000,1,E
39,Patrick Reed,"59' 3""",118.500,2,E
40,Jon Rahm,"67' 4""",134.667,2,E
