rank,player,Avg,Total Distance (feet),# of Attempts,Relative to par
1,Andrew Landry,"22' 9""",136.500,6,+1
2,Sungjae Im,"23' 10""",143.000,6,-2
3,Mackenzie Hughes,"24' 10""",99.417,4,E
4,Robert Streb,"31' 0""",92.917,3,E
5,Kevin Na,"32' 4""",258.667,8,+1
6,Patrick Cantlay,"33' 2""",331.833,10,E
7,Nick Taylor,"33' 10""",406.167,12,+2
8,Harris English,"34' 0""",135.917,4,E
9,Richy Werenski,"34' 1""",204.417,6,+1
10,Joaquin Niemann,"34' 4""",378.083,11,-1
11,Brendon Todd,"34' 11""",174.667,5,-1
12,Sergio Garcia,"35' 3""",105.750,3,+1
13,Hideki Matsuyama,"35' 8""",249.917,7,+1
14,Adam Scott,"36' 6""",474.167,13,+1
15,Lanto Griffin,"37' 6""",225.167,6,E
16,Tony Finau,"38' 4""",460.417,12,+3
17,Sebastián Muñoz,"38' 10""",272.083,7,-1
17,Michael Thompson,"38' 10""",232.750,6,E
19,Webb Simpson,"38' 11""",428.333,11,+2
20,Ryan Palmer,"39' 0""",351.000,9,+2
21,Patrick Reed,"39' 8""",238.167,6,E
22,Hudson Swafford,"40' 7""",81.167,2,+1
23,Scottie Scheffler,"40' 9""",407.583,10,-1
24,Bryson DeChambeau,"42' 0""",420.083,10,-4
24,Jason Kokrak,"42' 0""",251.833,6,+2
26,Dustin Johnson,"42' 11""",343.167,8,-3
27,Justin Thomas,"43' 2""",431.333,10,-4
28,Viktor Hovland,"44' 0""",396.000,9,E
29,Abraham Ancer,"44' 1""",132.250,3,E
30,Martin Laird,"45' 1""",225.583,5,+2
31,Kevin Kisner,"45' 5""",136.250,3,+1
32,Jon Rahm,"47' 2""",330.250,7,E
33,Cameron Champ,"47' 5""",521.250,11,E
34,Brian Gay,"49' 10""",299.167,6,-1
35,Daniel Berger,"51' 11""",207.583,4,E
36,Stewart Cink,"52' 2""",208.583,4,-1
37,Billy Horschel,"54' 7""",382.083,7,+1
38,Cameron Smith,"55' 7""",333.667,6,E
39,Marc Leishman,"58' 7""",468.833,8,-2
40,Xander Schauffele,"59' 2""",414.083,7,E
41,Collin Morikawa,"62' 1""",248.333,4,+2
42,Carlos Ortiz,"63' 0""",378.000,6,+3
