rank,player,Avg,Attempts,Total Distance (feet),Relative to par
1,Andrew Landry,"13' 6""",5,67.333,-1.00
2,Joaquin Niemann,"18' 9""",7,131.417,-2.00
3,Dustin Johnson,"19' 1""",4,76.333,-1.00
4,Abraham Ancer,"19' 7""",1,19.583,E
5,Mackenzie Hughes,"24' 10""",4,99.417,E
6,Scottie Scheffler,"26' 11""",8,215.083,-1.00
7,Sungjae Im,"28' 1""",3,84.333,-1.00
8,Robert Streb,"30' 2""",4,120.750,E
9,Hideki Matsuyama,"30' 10""",6,184.833,+1.00
10,Kevin Kisner,"31' 10""",3,95.500,E
11,Harris English,"31' 11""",3,95.750,E
12,Adam Scott,"32' 11""",7,230.583,+1.00
13,Nick Taylor,"33' 0""",10,330.083,+2.00
14,Richy Werenski,"34' 10""",5,174.083,+2.00
15,Kevin Na,"37' 7""",5,188.083,+1.00
16,Martin Laird,"38' 3""",3,114.667,+1.00
17,Viktor Hovland,"38' 5""",7,268.917,+2.00
18,Sebastián Muñoz,"39' 2""",6,235.000,E
19,Webb Simpson,"41' 7""",7,291.083,+2.00
20,Marc Leishman,"42' 8""",5,213.500,-4.00
21,Tony Finau,"42' 11""",7,300.333,+2.00
22,Daniel Berger,"43' 0""",4,171.917,E
23,Jason Kokrak,"43' 8""",2,87.333,+1.00
24,Jon Rahm,"44' 8""",4,178.583,+1.00
25,Bryson DeChambeau,"44' 11""",10,448.833,-1.00
26,Brendon Todd,"45' 7""",3,136.833,E
27,Cameron Champ,"45' 9""",8,366.167,-1.00
28,Ryan Palmer,"46' 5""",5,232.000,+4.00
29,Cameron Smith,"47' 0""",4,187.917,+2.00
30,Patrick Cantlay,"47' 3""",4,189.000,-1.00
31,Lanto Griffin,"50' 0""",3,149.917,E
31,Michael Thompson,"50' 0""",4,199.917,E
33,Carlos Ortiz,"50' 4""",5,251.833,+3.00
34,Patrick Reed,"51' 8""",4,206.500,E
35,Stewart Cink,"52' 8""",4,210.750,-1.00
36,Sergio Garcia,"53' 7""",2,107.167,+1.00
37,Brian Gay,"54' 2""",4,216.500,E
38,Justin Thomas,"54' 8""",6,327.833,-2.00
39,Collin Morikawa,"60' 2""",2,120.250,E
40,Billy Horschel,"64' 0""",6,383.833,+2.00
41,Xander Schauffele,"65' 4""",3,196.000,+1.00
