rank,player,Avg,Total Strokes,Total Late Rounds
1,Patrick Rodgers,65.00,65,1
1,Adam Schenk,65.00,65,1
1,Sahith Theegala,65.00,195,3
4,Byeong Hun An,66.00,198,3
4,Eric Cole,66.00,66,1
4,Jason Day,66.00,132,2
4,Tony Finau,66.00,66,1
4,Si Woo Kim,66.00,66,1
4,Chris Kirk,66.00,198,3
4,Jordan Spieth,66.00,198,3
11,Nick Hardy,66.50,133,2
11,J.T. Poston,66.50,133,2
13,Brian Harman,66.67,200,3
14,Lee Hodges,67.00,134,2
14,Cameron Young,67.00,67,1
16,Collin Morikawa,67.33,202,3
16,Sepp Straka,67.33,202,3
18,Patrick Cantlay,67.50,135,2
18,Harris English,67.50,135,2
20,Scottie Scheffler,67.67,203,3
21,Tom Kim,68.00,136,2
21,Matt Wallace,68.00,68,1
23,Andrew Putnam,68.33,205,3
24,Corey Conners,68.50,137,2
24,Rickie Fowler,68.50,137,2
24,Viktor Hovland,68.50,137,2
24,Xander Schauffele,68.50,137,2
28,Akshay Bhatia,68.67,206,3
28,Matt Fitzpatrick,68.67,206,3
30,Sam Burns,69.00,69,1
30,Emiliano Grillo,69.00,138,2
30,Tom Hoge,69.00,69,1
30,Max Homa,69.00,69,1
30,Sungjae Im,69.00,138,2
30,Justin Rose,69.00,207,3
30,Nick Taylor,69.00,69,1
37,Keegan Bradley,69.33,208,3
38,Tommy Fleetwood,69.50,139,2
39,Seamus Power,69.67,209,3
40,Ludvig Åberg,70.00,210,3
40,Nico Echavarria,70.00,70,1
40,Adam Hadwin,70.00,70,1
40,Mackenzie Hughes,70.00,70,1
40,Luke List,70.00,70,1
40,Denny McCarthy,70.00,140,2
40,Adam Svensson,70.00,70,1
40,Brendon Todd,70.00,140,2
48,Davis Riley,70.33,211,3
49,Tyrrell Hatton,70.50,141,2
50,Russell Henley,70.67,212,3
51,Wyndham Clark,71.00,142,2
51,Cam Davis,71.00,213,3
51,Hideki Matsuyama,71.00,213,3
51,Taylor Moore,71.00,71,1
51,Camilo Villegas,71.00,71,1
56,Lucas Glover,72.00,72,1
56,Kurt Kitayama,72.00,72,1
56,Vincent Norrman,72.00,216,3
56,Erik van Rooyen,72.00,72,1
