rank,player,Low Rnd
1,Sahith Theegala,63
2,Byeong Hun An,64
2,Brian Harman,64
4,Jason Day,65
4,Lee Hodges,65
4,Viktor Hovland,65
4,Sungjae Im,65
4,Chris Kirk,65
4,Collin Morikawa,65
4,J.T. Poston,65
4,Patrick Rodgers,65
4,Adam Schenk,65
4,Jordan Spieth,65
14,Akshay Bhatia,66
14,Eric Cole,66
14,Harris English,66
14,Tony Finau,66
14,Emiliano Grillo,66
14,Si Woo Kim,66
14,Scottie Scheffler,66
14,Sepp Straka,66
22,Patrick Cantlay,67
22,Rickie Fowler,67
22,Nick Hardy,67
22,Brendon Todd,67
22,Cameron Young,67
27,Matt Fitzpatrick,68
27,Hideki Matsuyama,68
27,Xander Schauffele,68
27,Matt Wallace,68
31,Keegan Bradley,69
31,Sam Burns,69
31,Corey Conners,69
31,Tyrrell Hatton,69
31,Tom Hoge,69
31,Max Homa,69
31,Denny McCarthy,69
31,Nick Taylor,69
39,Ludvig Åberg,70
39,Nico Echavarria,70
39,Tommy Fleetwood,70
39,Adam Hadwin,70
39,Mackenzie Hughes,70
39,Tom Kim,70
39,Luke List,70
39,Adam Svensson,70
47,Wyndham Clark,71
47,Taylor Moore,71
47,Seamus Power,71
47,Davis Riley,71
47,Justin Rose,71
47,Camilo Villegas,71
53,Lucas Glover,72
53,Russell Henley,72
53,Kurt Kitayama,72
53,Erik van Rooyen,72
57,Vincent Norrman,73
58,Andrew Putnam,74
59,Cam Davis,75
