rank,player,Avg,Total Strokes,Total Rounds
1,Byeong Hun An,64.00,64,1
2,Lee Hodges,65.00,65,1
2,Patrick Rodgers,65.00,65,1
2,Adam Schenk,65.00,65,1
5,Eric Cole,66.00,66,1
5,Harris English,66.00,66,1
5,Tony Finau,66.00,66,1
5,Brian Harman,66.00,66,1
5,Si Woo Kim,66.00,66,1
5,Sepp Straka,66.00,66,1
11,Rickie Fowler,67.00,67,1
11,Nick Hardy,67.00,67,1
11,Collin Morikawa,67.00,67,1
11,Cameron Young,67.00,67,1
15,Patrick Cantlay,68.00,68,1
15,Hideki Matsuyama,68.00,68,1
15,J.T. Poston,68.00,68,1
18,Tom Hoge,69.00,69,1
18,Max Homa,69.00,69,1
18,Denny McCarthy,69.00,69,1
18,Xander Schauffele,69.00,69,1
22,Ludvig Åberg,70.00,70,1
22,Tommy Fleetwood,70.00,70,1
22,Mackenzie Hughes,70.00,70,1
22,Tom Kim,70.00,70,1
22,Luke List,70.00,70,1
27,Seamus Power,71.00,71,1
27,Davis Riley,71.00,71,1
27,Camilo Villegas,71.00,71,1
30,Russell Henley,72.00,72,1
