rank,player,Avg,Total Strokes,Total Rounds
1,Sahith Theegala,64.00,64,1
2,Jason Day,65.00,65,1
2,Viktor Hovland,65.00,65,1
2,Sungjae Im,65.00,65,1
5,Emiliano Grillo,66.00,66,1
5,Scottie Scheffler,66.00,66,1
5,Jordan Spieth,66.00,66,1
8,Chris Kirk,67.00,67,1
8,Brendon Todd,67.00,67,1
10,Matt Wallace,68.00,68,1
11,Akshay Bhatia,69.00,69,1
11,Keegan Bradley,69.00,69,1
11,Sam Burns,69.00,69,1
11,Corey Conners,69.00,69,1
11,Matt Fitzpatrick,69.00,69,1
11,Tyrrell Hatton,69.00,69,1
11,Nick Taylor,69.00,69,1
18,Nico Echavarria,70.00,70,1
18,Adam Hadwin,70.00,70,1
18,Adam Svensson,70.00,70,1
21,Wyndham Clark,71.00,71,1
21,Taylor Moore,71.00,71,1
21,Justin Rose,71.00,71,1
24,Lucas Glover,72.00,72,1
24,Kurt Kitayama,72.00,72,1
24,Erik van Rooyen,72.00,72,1
27,Vincent Norrman,73.00,73,1
28,Andrew Putnam,74.00,74,1
29,Cam Davis,75.00,75,1
