rank,player,Avg,Total Strokes,Total 10th Tee Late Rnds.
1,Andrew Putnam,65.50,131,2
2,Nick Hardy,66.00,66,1
2,Tom Kim,66.00,66,1
4,Corey Conners,68.00,68,1
4,Justin Rose,68.00,136,2
6,Cam Davis,69.00,138,2
6,Tommy Fleetwood,69.00,69,1
6,Lee Hodges,69.00,69,1
6,Seamus Power,69.00,138,2
10,Keegan Bradley,69.50,139,2
11,Ludvig Åberg,70.00,140,2
11,Rickie Fowler,70.00,70,1
11,Russell Henley,70.00,140,2
11,Davis Riley,70.00,140,2
15,Wyndham Clark,71.00,71,1
15,Denny McCarthy,71.00,71,1
17,Vincent Norrman,71.50,143,2
18,Hideki Matsuyama,72.50,145,2
