rank,player,Avg,Total Strokes,Total Rounds
1,Akshay Bhatia,66.00,66,1
1,Chris Kirk,66.00,66,1
3,Andrew Putnam,67.00,67,1
3,Jordan Spieth,67.00,67,1
5,Byeong Hun An,68.00,68,1
5,Corey Conners,68.00,68,1
5,Sahith Theegala,68.00,68,1
8,Matt Fitzpatrick,69.00,69,1
8,Tommy Fleetwood,69.00,69,1
10,Brian Harman,70.00,70,1
10,Collin Morikawa,70.00,70,1
10,Sepp Straka,70.00,70,1
13,Wyndham Clark,71.00,71,1
13,Denny McCarthy,71.00,71,1
13,Seamus Power,71.00,71,1
13,Scottie Scheffler,71.00,71,1
17,Keegan Bradley,72.00,72,1
17,Emiliano Grillo,72.00,72,1
17,Tyrrell Hatton,72.00,72,1
17,Russell Henley,72.00,72,1
17,Viktor Hovland,72.00,72,1
22,Cam Davis,73.00,73,1
22,Sungjae Im,73.00,73,1
22,Brendon Todd,73.00,73,1
25,Vincent Norrman,74.00,74,1
26,Justin Rose,75.00,75,1
27,Hideki Matsuyama,76.00,76,1
27,Davis Riley,76.00,76,1
29,Ludvig Åberg,77.00,77,1
