rank,player,Avg,Total Strokes,Total Rounds
1,Justin Rose,61.00,61,1
2,Ludvig Åberg,63.00,63,1
2,Sahith Theegala,63.00,63,1
4,Brian Harman,64.00,64,1
4,Andrew Putnam,64.00,64,1
4,Davis Riley,64.00,64,1
7,Cam Davis,65.00,65,1
7,Chris Kirk,65.00,65,1
7,Collin Morikawa,65.00,65,1
7,J.T. Poston,65.00,65,1
7,Jordan Spieth,65.00,65,1
12,Byeong Hun An,66.00,66,1
12,Nick Hardy,66.00,66,1
12,Tom Kim,66.00,66,1
12,Scottie Scheffler,66.00,66,1
12,Sepp Straka,66.00,66,1
17,Keegan Bradley,67.00,67,1
17,Patrick Cantlay,67.00,67,1
17,Jason Day,67.00,67,1
17,Seamus Power,67.00,67,1
21,Matt Fitzpatrick,68.00,68,1
21,Russell Henley,68.00,68,1
21,Xander Schauffele,68.00,68,1
24,Harris English,69.00,69,1
24,Lee Hodges,69.00,69,1
24,Hideki Matsuyama,69.00,69,1
24,Vincent Norrman,69.00,69,1
28,Rickie Fowler,70.00,70,1
29,Akshay Bhatia,71.00,71,1
