rank,player,Avg,Total Strokes,Total 1st Tee Late Rounds
1,Lee Hodges,65.00,65,1
1,Patrick Rodgers,65.00,65,1
1,Adam Schenk,65.00,65,1
1,Sahith Theegala,65.00,195,3
5,Byeong Hun An,66.00,198,3
5,Eric Cole,66.00,66,1
5,Jason Day,66.00,132,2
5,Tony Finau,66.00,66,1
5,Si Woo Kim,66.00,66,1
5,Chris Kirk,66.00,198,3
5,Jordan Spieth,66.00,198,3
12,J.T. Poston,66.50,133,2
13,Brian Harman,66.67,200,3
14,Rickie Fowler,67.00,67,1
14,Nick Hardy,67.00,67,1
14,Cameron Young,67.00,67,1
17,Collin Morikawa,67.33,202,3
17,Sepp Straka,67.33,202,3
19,Patrick Cantlay,67.50,135,2
19,Harris English,67.50,135,2
21,Scottie Scheffler,67.67,203,3
22,Hideki Matsuyama,68.00,68,1
22,Matt Wallace,68.00,68,1
24,Viktor Hovland,68.50,137,2
24,Xander Schauffele,68.50,137,2
26,Akshay Bhatia,68.67,206,3
26,Matt Fitzpatrick,68.67,206,3
28,Keegan Bradley,69.00,69,1
28,Sam Burns,69.00,69,1
28,Corey Conners,69.00,69,1
28,Emiliano Grillo,69.00,138,2
28,Tom Hoge,69.00,69,1
28,Max Homa,69.00,69,1
28,Sungjae Im,69.00,138,2
28,Denny McCarthy,69.00,69,1
28,Nick Taylor,69.00,69,1
37,Ludvig Åberg,70.00,70,1
37,Nico Echavarria,70.00,70,1
37,Tommy Fleetwood,70.00,70,1
37,Adam Hadwin,70.00,70,1
37,Mackenzie Hughes,70.00,70,1
37,Tom Kim,70.00,70,1
37,Luke List,70.00,70,1
37,Adam Svensson,70.00,70,1
37,Brendon Todd,70.00,140,2
46,Tyrrell Hatton,70.50,141,2
47,Wyndham Clark,71.00,71,1
47,Taylor Moore,71.00,71,1
47,Seamus Power,71.00,71,1
47,Davis Riley,71.00,71,1
47,Justin Rose,71.00,71,1
47,Camilo Villegas,71.00,71,1
53,Lucas Glover,72.00,72,1
53,Russell Henley,72.00,72,1
53,Kurt Kitayama,72.00,72,1
53,Erik van Rooyen,72.00,72,1
57,Vincent Norrman,73.00,73,1
58,Andrew Putnam,74.00,74,1
59,Cam Davis,75.00,75,1
