rank,player,%,Greens Hit,Total Holes,Relative to par
1,Dustin Johnson,100.00,6,6,-0.17
1,Chris Kirk,100.00,5,5,E
1,Jordan Spieth,100.00,4,4,E
1,Gary Woodland,100.00,5,5,-0.20
5,Ryan Moore,90.00,9,10,-0.22
6,Patrick Reed,87.50,7,8,-0.14
7,Bill Haas,85.71,6,7,+0.17
8,Zach Johnson,83.33,5,6,-0.80
9,Matt Kuchar,80.00,4,5,E
9,Kevin Streelman,80.00,4,5,-0.25
11,Brian Gay,75.00,3,4,-1.00
11,Webb Simpson,75.00,3,4,E
13,Scott Brown,71.43,5,7,E
13,Adam Scott,71.43,5,7,-0.20
13,Brandt Snedeker,71.43,5,7,+0.20
16,Russell Henley,66.67,6,9,-0.17
16,Martin Laird,66.67,4,6,E
16,Michael Thompson,66.67,4,6,+0.50
19,Jonas Blixt,60.00,3,5,-0.33
19,Jason Dufner,60.00,3,5,E
19,Jimmy Walker,60.00,6,10,E
19,Boo Weekley,60.00,3,5,E
23,Woody Austin,57.14,4,7,-0.25
23,Harris English,57.14,4,7,-0.25
23,Billy Horschel,57.14,4,7,-0.50
26,Ken Duke,50.00,2,4,E
26,D.A. Points,50.00,3,6,-0.33
28,John Merrick,40.00,2,5,E
29,Derek Ernst,37.50,3,8,+0.33
30,Sangmoon Bae,28.57,2,7,E
