rank,player,%,Greens Hit,# of Holes
1,Boo Weekley,94.12,48,51
2,Harris English,88.89,40,45
3,Dustin Johnson,88.24,30,34
4,Martin Laird,88.10,37,42
5,Jason Dufner,88.00,44,50
6,Gary Woodland,86.96,40,46
7,Jimmy Walker,86.49,32,37
8,Billy Horschel,86.00,43,50
8,Zach Johnson,86.00,43,50
10,Patrick Reed,85.71,36,42
11,Ken Duke,85.42,41,48
12,Russell Henley,84.00,42,50
13,Bill Haas,83.33,40,48
13,Brandt Snedeker,83.33,40,48
15,Woody Austin,82.98,39,47
16,Michael Thompson,82.69,43,52
17,Jonas Blixt,82.50,33,40
18,Jordan Spieth,80.95,34,42
19,Brian Gay,80.85,38,47
19,Ryan Moore,80.85,38,47
21,Chris Kirk,80.00,36,45
21,Matt Kuchar,80.00,40,50
21,Webb Simpson,80.00,36,45
24,John Merrick,79.59,39,49
25,Kevin Streelman,78.00,39,50
26,Adam Scott,77.27,34,44
27,Scott Brown,76.00,38,50
27,Derek Ernst,76.00,38,50
29,D.A. Points,74.47,35,47
30,Sangmoon Bae,73.91,34,46
