rank,player,%,Greens Hit,Total Holes,Relative to par
1,Billy Horschel,100.00,25,25,-0.56
1,Gary Woodland,100.00,31,31,-0.58
3,Boo Weekley,96.77,30,31,-0.27
4,Webb Simpson,96.43,27,28,-0.59
5,Jason Dufner,95.83,23,24,-0.65
6,Ryan Moore,95.65,22,23,-0.68
7,Harris English,93.55,29,31,-0.48
8,Martin Laird,93.10,27,29,-0.56
9,John Merrick,92.00,23,25,-0.35
10,Zach Johnson,90.00,18,20,-0.61
10,Jimmy Walker,90.00,27,30,-0.67
12,Bill Haas,89.66,26,29,-0.50
13,Ken Duke,89.47,17,19,-0.71
13,D.A. Points,89.47,17,19,-0.59
15,Sangmoon Bae,89.29,25,28,-0.48
16,Michael Thompson,88.46,23,26,-0.61
17,Patrick Reed,87.88,29,33,-0.48
18,Matt Kuchar,87.50,21,24,-0.57
19,Dustin Johnson,87.10,27,31,-0.59
19,Adam Scott,87.10,27,31,-0.59
21,Brandt Snedeker,86.96,20,23,-0.55
22,Russell Henley,85.19,23,27,-0.35
23,Brian Gay,85.00,17,20,-0.47
24,Woody Austin,84.00,21,25,-0.67
24,Jonas Blixt,84.00,21,25,-0.62
24,Chris Kirk,84.00,21,25,-0.76
27,Kevin Streelman,82.61,19,23,-0.63
28,Jordan Spieth,79.31,23,29,-0.61
29,Scott Brown,78.26,18,23,-0.72
30,Derek Ernst,75.00,18,24,-0.39
