rank,player,%,Greens Hit,Total Holes,Relative to par
1,Jordan Spieth,86.05,37,43,-0.16
2,Dustin Johnson,84.62,33,39,-0.15
3,Brian Gay,84.31,43,51,-0.21
4,Boo Weekley,82.93,34,41,+0.03
5,Chris Kirk,82.61,38,46,-0.03
6,Michael Thompson,80.43,37,46,+0.05
7,Ken Duke,78.85,41,52,-0.10
8,Patrick Reed,77.78,28,36,-0.14
9,Billy Horschel,76.09,35,46,-0.20
9,Kevin Streelman,76.09,35,46,-0.31
11,Ryan Moore,75.51,37,49,-0.14
12,Zach Johnson,74.51,38,51,-0.26
13,Scott Brown,73.47,36,49,-0.14
14,Gary Woodland,72.50,29,40,-0.07
15,Bill Haas,72.09,31,43,+0.10
16,Russell Henley,71.11,32,45,-0.28
16,John Merrick,71.11,32,45,-0.06
18,Jason Dufner,70.83,34,48,-0.12
18,Matt Kuchar,70.83,34,48,-0.29
20,Harris English,70.73,29,41,-0.07
21,Webb Simpson,70.45,31,44,-0.13
22,Martin Laird,69.77,30,43,-0.07
23,Brandt Snedeker,69.39,34,49,-0.18
24,Woody Austin,68.09,32,47,-0.16
25,Adam Scott,67.50,27,40,-0.19
26,Derek Ernst,63.83,30,47,E
27,D.A. Points,63.46,33,52,-0.06
28,Jonas Blixt,59.57,28,47,-0.11
29,Jimmy Walker,57.50,23,40,-0.17
30,Sangmoon Bae,56.82,25,44,-0.20
