rank,player,%,Greens Hit,Total Holes,Relative to par
1,Brian Gay,100.00,7,7,-0.57
1,Billy Horschel,100.00,6,6,+0.17
1,Michael Thompson,100.00,8,8,+0.25
4,Jordan Spieth,88.89,8,9,-0.25
5,Chris Kirk,87.50,7,8,E
5,John Merrick,87.50,7,8,+0.43
7,Dustin Johnson,85.71,6,7,-0.33
7,Zach Johnson,85.71,6,7,+0.33
7,Ryan Moore,85.71,6,7,+0.33
7,D.A. Points,85.71,6,7,+0.17
7,Boo Weekley,85.71,6,7,+0.50
12,Scott Brown,83.33,5,6,-0.20
12,Ken Duke,83.33,5,6,E
12,Harris English,83.33,5,6,-0.20
15,Bill Haas,80.00,8,10,+0.25
15,Kevin Streelman,80.00,4,5,-0.25
17,Derek Ernst,77.78,7,9,-0.14
18,Woody Austin,71.43,5,7,E
19,Martin Laird,66.67,4,6,-0.25
19,Patrick Reed,66.67,4,6,E
19,Webb Simpson,66.67,4,6,E
22,Jonas Blixt,62.50,5,8,+0.20
23,Russell Henley,60.00,3,5,E
24,Adam Scott,55.56,5,9,E
25,Sangmoon Bae,50.00,2,4,E
25,Jason Dufner,50.00,3,6,+0.33
25,Matt Kuchar,50.00,3,6,-0.33
28,Jimmy Walker,42.86,3,7,+0.33
29,Brandt Snedeker,40.00,2,5,-0.50
30,Gary Woodland,37.50,3,8,E
