rank,player,%,Greens Hit,Total Holes,Relative to par
1,Sangmoon Bae,100.00,6,6,-0.50
1,Jason Dufner,100.00,5,5,-0.60
1,Russell Henley,100.00,13,13,-0.23
1,Billy Horschel,100.00,7,7,-0.43
1,Dustin Johnson,100.00,4,4,-0.25
1,Martin Laird,100.00,8,8,-0.38
1,Adam Scott,100.00,9,9,-0.22
1,Boo Weekley,100.00,10,10,-0.10
1,Gary Woodland,100.00,7,7,-0.29
10,Bill Haas,91.67,11,12,-0.27
11,Harris English,90.00,9,10,-0.22
12,Ryan Moore,87.50,7,8,-0.43
13,Matt Kuchar,83.33,5,6,-0.40
14,Woody Austin,81.82,9,11,-0.44
14,Patrick Reed,81.82,9,11,-0.33
16,John Merrick,80.00,4,5,+0.25
16,Brandt Snedeker,80.00,4,5,-0.25
18,Brian Gay,75.00,3,4,-0.33
18,Zach Johnson,75.00,3,4,-1.00
18,D.A. Points,75.00,3,4,E
18,Kevin Streelman,75.00,9,12,-0.67
22,Jonas Blixt,71.43,5,7,-0.20
22,Scott Brown,71.43,5,7,-0.60
24,Jimmy Walker,70.00,7,10,-0.43
25,Ken Duke,66.67,4,6,-0.75
25,Chris Kirk,66.67,4,6,-0.50
25,Webb Simpson,66.67,2,3,-0.50
25,Michael Thompson,66.67,6,9,E
29,Derek Ernst,63.64,7,11,-0.29
30,Jordan Spieth,40.00,2,5,-1.00
