rank,player,%,Total Hit,Total Attempts,RTP Score
1,Boo Weekley,91.67,66,72,-8.00
2,Jordan Spieth,86.11,62,72,-20.00
2,Michael Thompson,86.11,62,72,-12.00
4,Gary Woodland,84.72,61,72,-19.00
5,Brian Gay,83.33,60,72,-17.00
5,Billy Horschel,83.33,60,72,-21.00
5,Dustin Johnson,83.33,60,72,-21.00
5,Chris Kirk,83.33,60,72,-17.00
5,Ryan Moore,83.33,60,72,-19.00
10,Jason Dufner,81.94,59,72,-20.00
10,Harris English,81.94,59,72,-16.00
10,Zach Johnson,81.94,59,72,-22.00
10,Martin Laird,81.94,59,72,-16.00
10,Webb Simpson,81.94,59,72,-21.00
15,Ken Duke,80.56,58,72,-16.00
15,Bill Haas,80.56,58,72,-10.00
17,Patrick Reed,79.17,57,72,-18.00
17,Adam Scott,79.17,57,72,-21.00
19,Matt Kuchar,77.78,56,72,-22.00
19,John Merrick,77.78,56,72,-10.00
21,Scott Brown,76.39,55,72,-18.00
21,Russell Henley,76.39,55,72,-17.00
21,Brandt Snedeker,76.39,55,72,-16.00
21,Kevin Streelman,76.39,55,72,-24.00
25,Woody Austin,75.00,54,72,-19.00
25,Jimmy Walker,75.00,54,72,-22.00
27,D.A. Points,72.22,52,72,-12.00
28,Sangmoon Bae,69.44,50,72,-17.00
28,Jonas Blixt,69.44,50,72,-17.00
28,Derek Ernst,69.44,50,72,-6.00
