rank,player,%,Greens Hit,Total Holes,Relative to par
1,Matt Kuchar,100.00,4,4,E
1,Michael Thompson,100.00,5,5,-0.20
3,Brian Gay,92.86,13,14,+0.08
4,Billy Horschel,91.67,11,12,-0.09
5,Ken Duke,90.91,10,11,+0.10
6,Scott Brown,85.71,6,7,E
7,Sangmoon Bae,83.33,5,6,-0.60
7,Derek Ernst,83.33,5,6,E
7,Dustin Johnson,83.33,5,6,E
10,Chris Kirk,80.00,8,10,E
10,Martin Laird,80.00,4,5,E
10,Adam Scott,80.00,4,5,-0.50
13,Woody Austin,75.00,6,8,+0.17
13,Harris English,75.00,6,8,+0.17
13,Russell Henley,75.00,6,8,-0.67
13,Boo Weekley,75.00,3,4,+0.33
13,Gary Woodland,75.00,6,8,-0.17
18,John Merrick,71.43,5,7,-0.20
19,Jonas Blixt,70.00,7,10,-0.14
20,Brandt Snedeker,66.67,6,9,-0.17
20,Kevin Streelman,66.67,4,6,-0.50
22,Webb Simpson,63.64,7,11,-0.29
23,Bill Haas,62.50,5,8,+0.20
23,Jordan Spieth,62.50,5,8,-0.20
25,Ryan Moore,60.00,3,5,-0.67
26,Jason Dufner,57.14,4,7,-0.25
27,D.A. Points,55.56,5,9,E
28,Zach Johnson,50.00,3,6,-0.33
28,Patrick Reed,50.00,1,2,E
28,Jimmy Walker,50.00,3,6,-0.33
