rank,player,%,Greens Hit,Total Holes,Relative to par
1,Gary Woodland,100.00,39,39,-0.46
2,Billy Horschel,97.14,34,35,-0.56
3,Boo Weekley,95.45,42,44,-0.26
4,Harris English,95.00,38,40,-0.39
5,Webb Simpson,94.74,36,38,-0.50
6,Ken Duke,91.18,31,34,-0.55
7,Martin Laird,90.70,39,43,-0.44
8,Jason Dufner,89.74,35,39,-0.51
8,Michael Thompson,89.74,35,39,-0.40
10,Woody Austin,89.19,33,37,-0.55
10,John Merrick,89.19,33,37,-0.36
10,Ryan Moore,89.19,33,37,-0.48
13,Patrick Reed,88.10,37,42,-0.38
14,Dustin Johnson,87.80,36,41,-0.53
15,Adam Scott,87.50,35,40,-0.49
16,Russell Henley,87.18,34,39,-0.26
16,Kevin Streelman,87.18,34,39,-0.53
18,Zach Johnson,86.84,33,38,-0.52
19,Brian Gay,86.67,26,30,-0.35
20,Bill Haas,86.49,32,37,-0.41
20,D.A. Points,86.49,32,37,-0.41
20,Jimmy Walker,86.49,32,37,-0.66
23,Chris Kirk,86.11,31,36,-0.58
24,Brandt Snedeker,84.21,32,38,-0.44
25,Matt Kuchar,83.72,36,43,-0.58
26,Jordan Spieth,82.93,34,41,-0.41
27,Sangmoon Bae,80.95,34,42,-0.35
28,Jonas Blixt,78.79,26,33,-0.54
29,Scott Brown,77.50,31,40,-0.52
30,Derek Ernst,75.00,27,36,-0.30
