rank,player,%,Greens Hit,# Holes,Relative/Par
1,Ken Duke,100.0,2,2,E
1,Billy Horschel,100.0,2,2,E
1,Dustin Johnson,100.0,1,1,E
1,Webb Simpson,100.0,1,1,E
5,Harris English,50.0,1,2,E
6,Woody Austin,33.3,1,3,+1.00
6,Jonas Blixt,33.3,1,3,-1.00
6,Chris Kirk,33.3,1,3,E
6,Brandt Snedeker,33.3,1,3,E
10,Sangmoon Bae,.0,0,1,E
10,Jason Dufner,.0,0,1,E
10,Derek Ernst,.0,0,1,E
10,Bill Haas,.0,0,1,E
10,Russell Henley,.0,0,1,E
10,Zach Johnson,.0,0,2,E
10,Ryan Moore,.0,0,1,E
10,D.A. Points,.0,0,3,E
10,Jordan Spieth,.0,0,1,E
