rank,player,%,Greens Hit,Total Holes,Relative to par
1,Ken Duke,100.00,13,13,-0.69
1,Billy Horschel,100.00,18,18,-0.61
1,Ryan Moore,100.00,15,15,-0.80
1,Webb Simpson,100.00,25,25,-0.60
1,Michael Thompson,100.00,17,17,-0.82
1,Jimmy Walker,100.00,20,20,-0.75
1,Gary Woodland,100.00,24,24,-0.67
8,Harris English,95.24,20,21,-0.60
8,Boo Weekley,95.24,20,21,-0.35
10,John Merrick,95.00,19,20,-0.47
11,Jason Dufner,94.74,18,19,-0.67
12,Zach Johnson,93.75,15,16,-0.53
13,D.A. Points,93.33,14,15,-0.71
14,Patrick Reed,90.91,20,22,-0.55
14,Kevin Streelman,90.91,10,11,-0.60
16,Martin Laird,90.48,19,21,-0.63
17,Chris Kirk,89.47,17,19,-0.82
18,Jonas Blixt,88.89,16,18,-0.75
18,Matt Kuchar,88.89,16,18,-0.63
18,Brandt Snedeker,88.89,16,18,-0.63
21,Bill Haas,88.24,15,17,-0.67
22,Brian Gay,87.50,14,16,-0.50
22,Jordan Spieth,87.50,21,24,-0.57
24,Sangmoon Bae,86.36,19,22,-0.47
25,Woody Austin,85.71,12,14,-0.83
26,Dustin Johnson,85.19,23,27,-0.65
27,Derek Ernst,84.62,11,13,-0.45
28,Adam Scott,81.82,18,22,-0.78
29,Scott Brown,81.25,13,16,-0.77
30,Russell Henley,71.43,10,14,-0.50
