rank,player,Avg RTP,Total Holes,Total RTP
1,Bill Haas,-.250,4,-1.00
2,Dustin Johnson,E,1,E
2,Scott Piercy,E,2,E
2,Ian Poulter,E,3,E
2,Brandt Snedeker,E,1,E
2,Kyle Stanley,E,3,E
2,Steve Stricker,E,3,E
8,Hunter Mahan,+.250,4,+1.00
9,Webb Simpson,+.333,3,+1.00
9,Johnson Wagner,+.333,3,+1.00
11,Jason Dufner,+.500,2,+1.00
11,J.J. Henry,+.500,2,+1.00
11,Carl Pettersson,+.500,2,+1.00
11,"Ted Potter, Jr.",+.500,4,+2.00
11,Scott Stallings,+.500,2,+1.00
11,Bubba Watson,+.500,2,+1.00
17,Ryan Moore,+.600,5,+3.00
18,Ben Curtis,+.667,3,+2.00
18,Marc Leishman,+.667,6,+4.00
18,Nick Watney,+.667,3,+2.00
21,Charlie Beljan,+1.000,2,+2.00
21,Keegan Bradley,+1.000,1,+1.00
21,John Huh,+1.000,2,+2.00
21,Zach Johnson,+1.000,2,+2.00
21,Matt Kuchar,+1.000,2,+2.00
21,George McNeill,+1.000,3,+3.00
27,Rickie Fowler,+2.000,1,+2.00
