rank,player,Avg RTP,Total Holes,Total RTP
1,Ben Curtis,E,6,E
1,Dustin Johnson,E,1,E
1,Webb Simpson,E,2,E
4,Ian Poulter,+.125,8,+1.00
5,Rickie Fowler,+.167,6,+1.00
6,Hunter Mahan,+.200,5,+1.00
6,Carl Pettersson,+.200,5,+1.00
8,Scott Stallings,+.250,4,+1.00
9,"Ted Potter, Jr.",+.286,7,+2.00
10,Charlie Beljan,+.333,6,+2.00
10,Keegan Bradley,+.333,6,+2.00
10,George McNeill,+.333,3,+1.00
10,Mark Wilson,+.333,6,+2.00
14,Jonas Blixt,+.400,5,+2.00
14,Ryan Moore,+.400,5,+2.00
14,Scott Piercy,+.400,5,+2.00
17,Bill Haas,+.429,7,+3.00
18,Tommy Gainey,+.500,2,+1.00
18,John Huh,+.500,2,+1.00
18,Matt Kuchar,+.500,4,+2.00
18,Marc Leishman,+.500,2,+1.00
18,Kyle Stanley,+.500,2,+1.00
18,Johnson Wagner,+.500,4,+2.00
18,Nick Watney,+.500,4,+2.00
18,Bubba Watson,+.500,4,+2.00
26,J.J. Henry,+.600,5,+3.00
27,Jason Dufner,+.833,6,+5.00
28,Zach Johnson,+1.000,2,+2.00
28,Brandt Snedeker,+1.000,5,+5.00
28,Steve Stricker,+1.000,1,+1.00
