rank,player,Avg RTP,Total Holes,Total RTP
1,Tommy Gainey,E,1,E
1,John Huh,E,1,E
3,Jason Dufner,+.250,4,+1.00
3,Scott Piercy,+.250,4,+1.00
3,"Ted Potter, Jr.",+.250,4,+1.00
6,Charlie Beljan,+.500,4,+2.00
6,Ben Curtis,+.500,2,+1.00
6,Rickie Fowler,+.500,2,+1.00
6,George McNeill,+.500,4,+2.00
6,Ian Poulter,+.500,4,+2.00
6,Brandt Snedeker,+.500,2,+1.00
6,Mark Wilson,+.500,2,+1.00
13,Steve Stricker,+.667,3,+2.00
13,Johnson Wagner,+.667,3,+2.00
15,Ryan Moore,+.750,4,+3.00
15,Scott Stallings,+.750,4,+3.00
17,Jonas Blixt,+1.000,4,+4.00
17,Keegan Bradley,+1.000,1,+1.00
17,Bill Haas,+1.000,1,+1.00
17,Matt Kuchar,+1.000,3,+3.00
17,Kyle Stanley,+1.000,4,+4.00
17,Nick Watney,+1.000,2,+2.00
23,Hunter Mahan,+1.143,7,+8.00
24,Dustin Johnson,+1.333,3,+4.00
25,Zach Johnson,+1.500,2,+3.00
25,Marc Leishman,+1.500,2,+3.00
27,Webb Simpson,+2.000,1,+2.00
