rank,player,Avg RTP,Total Holes,Total RTP
1,Keegan Bradley,E,2,E
1,John Huh,E,2,E
1,Scott Piercy,E,6,E
4,"Ted Potter, Jr.",+.143,7,+1.00
5,Kyle Stanley,+.200,5,+1.00
6,Jonas Blixt,+.250,4,+1.00
6,George McNeill,+.250,4,+1.00
6,Scott Stallings,+.250,4,+1.00
6,Mark Wilson,+.250,4,+1.00
10,Ian Poulter,+.286,7,+2.00
11,Ben Curtis,+.333,6,+2.00
11,Rickie Fowler,+.333,6,+2.00
11,Tommy Gainey,+.333,3,+1.00
11,J.J. Henry,+.333,3,+1.00
15,Carl Pettersson,+.400,5,+2.00
16,Charlie Beljan,+.429,7,+3.00
17,Bill Haas,+.500,2,+1.00
17,Ryan Moore,+.500,8,+4.00
17,Steve Stricker,+.500,2,+1.00
17,Johnson Wagner,+.500,2,+1.00
17,Bubba Watson,+.500,6,+3.00
22,Marc Leishman,+.600,5,+3.00
23,Matt Kuchar,+.625,8,+5.00
24,Jason Dufner,+.667,3,+2.00
25,Nick Watney,+.800,5,+4.00
26,Hunter Mahan,+.875,8,+7.00
27,Dustin Johnson,+1.000,1,+1.00
27,Zach Johnson,+1.000,6,+6.00
27,Webb Simpson,+1.000,3,+3.00
27,Brandt Snedeker,+1.000,3,+3.00
