rank,player,Avg,Total Distance (feet),# of Attempts,Relative to par
1,Geoff Ogilvy,"2' 5""",2.417,1,-1
2,Stephen Ames,"6' 1""",12.167,2,-1
3,David Toms,"9' 3""",9.250,1,E
4,Dean Wilson,"10' 10""",21.667,2,E
5,Stuart Appleby,"12' 8""",25.250,2,-1
6,Brett Wetterich,"12' 10""",25.667,2,-1
7,Vijay Singh,"14' 6""",43.500,3,E
8,J.B. Holmes,"15' 1""",30.167,2,+1
9,Joe Durant,"16' 2""",64.750,4,-2
10,John Senden,"16' 9""",16.750,1,E
11,D.J. Trahan,"18' 0""",54.000,3,E
12,Aaron Baddeley,"22' 0""",22.000,1,E
13,Chris Couch,"23' 1""",92.167,4,+1
14,Davis Love III,"23' 8""",47.250,2,E
15,Ben Curtis,"24' 3""",96.833,4,+2
16,Troy Matteson,"25' 10""",51.667,2,E
17,Tim Herron,"29' 1""",58.167,2,-1
18,Eric Axley,"30' 1""",150.583,5,E
19,Trevor Immelman,"32' 7""",32.583,1,E
20,Carl Pettersson,"42' 6""",85.000,2,E
21,J.J. Henry,"43' 10""",43.833,1,E
22,John Rollins,"69' 4""",138.667,2,+1
23,Will MacKenzie,"83' 0""",166.000,2,+2
