rank,player,Avg,Total Distance (feet),# of Attempts,Relative to par
1,D.J. Trahan,"21' 9""",43.500,2,E
2,Will MacKenzie,"24' 11""",49.833,2,E
3,John Senden,"25' 4""",50.667,2,E
4,Adam Scott,"28' 9""",28.750,1,E
5,Brett Wetterich,"32' 9""",131.000,4,-5
6,Stuart Appleby,"36' 5""",36.417,1,E
7,Chris Couch,"55' 11""",55.917,1,-1
8,Trevor Immelman,"59' 1""",59.083,1,E
9,Corey Pavin,"61' 7""",61.583,1,E
10,J.B. Holmes,"62' 6""",249.833,4,+1
11,Jim Furyk,"65' 2""",195.500,3,+1
12,John Rollins,"67' 1""",134.083,2,E
13,Eric Axley,"72' 8""",145.250,2,+1
14,Troy Matteson,"76' 7""",76.583,1,E
15,Geoff Ogilvy,"79' 6""",317.917,4,+1
16,K.J. Choi,"85' 10""",171.667,2,-2
17,Aaron Baddeley,"88' 9""",355.083,4,-1
18,Jeff Maggert,"101' 5""",202.750,2,E
19,Vijay Singh,"103' 5""",310.167,3,E
20,J.J. Henry,"112' 8""",112.667,1,-1
21,Kirk Triplett,"168' 11""",168.917,1,+2
