rank,player,Avg,Total Distance (feet),# of Attempts,Relative to par
1,Stephen Ames,"6' 1""",12.167,2,-1
2,Stuart Appleby,"10' 0""",29.917,3,-1
3,Rory Sabbatini,"10' 5""",10.417,1,-1
4,Luke Donald,"11' 2""",11.167,1,E
5,J.B. Holmes,"14' 6""",57.833,4,+1
6,D.J. Trahan,"18' 0""",54.000,3,E
7,Troy Matteson,"19' 6""",97.333,5,-2
8,Vijay Singh,"20' 6""",102.667,5,E
9,Joe Durant,"21' 11""",131.333,6,-2
10,Rod Pampling,"22' 9""",68.250,3,+1
11,Adam Scott,"23' 6""",23.500,1,E
12,Chris Couch,"24' 11""",149.583,6,+1
13,Davis Love III,"25' 3""",101.000,4,+1
14,Aaron Baddeley,"27' 1""",108.250,4,+1
15,David Toms,"29' 2""",87.500,3,+1
16,J.J. Henry,"29' 10""",119.333,4,-1
17,Geoff Ogilvy,"32' 2""",96.417,3,E
18,Trevor Immelman,"32' 7""",65.167,2,E
19,Eric Axley,"33' 0""",197.750,6,+1
20,Chad Campbell,"33' 7""",67.167,2,+1
20,Carl Pettersson,"33' 7""",100.667,3,-1
22,Brett Wetterich,"33' 10""",135.250,4,E
23,Tim Herron,"34' 4""",137.167,4,-1
24,John Senden,"36' 9""",73.417,2,+1
25,Dean Wilson,"37' 5""",224.417,6,+2
26,Jim Furyk,"38' 5""",38.417,1,E
27,Will MacKenzie,"38' 7""",231.250,6,+1
28,Ben Curtis,"48' 9""",292.667,6,+3
29,John Rollins,"69' 4""",138.667,2,+1
