rank,player,Avg,Total Distance (feet),# of Attempts,Relative to par
1,Brett Wetterich,"6' 4""",6.333,1,-2
2,D.J. Trahan,"21' 9""",43.500,2,E
3,Will MacKenzie,"24' 11""",49.833,2,E
4,John Senden,"25' 4""",50.667,2,E
5,Adam Scott,"28' 9""",28.750,1,E
6,Aaron Baddeley,"34' 10""",34.833,1,E
7,Stuart Appleby,"36' 5""",36.417,1,E
8,J.B. Holmes,"54' 10""",164.583,3,+1
9,Trevor Immelman,"59' 1""",59.083,1,E
10,Geoff Ogilvy,"60' 8""",121.333,2,+1
11,Corey Pavin,"61' 7""",61.583,1,E
12,Jim Furyk,"62' 8""",62.667,1,+1
13,Jeff Maggert,"66' 8""",66.667,1,+1
14,Eric Axley,"67' 8""",67.667,1,E
15,Troy Matteson,"76' 7""",76.583,1,E
16,Kirk Triplett,"168' 11""",168.917,1,+2
