rank,player,Avg,Total Distance (feet),# of Attempts,Relative to par
1,Stuart Appleby,"4' 8""",4.667,1,E
2,J.B. Holmes,"9' 0""",9.000,1,E
3,Rory Sabbatini,"10' 5""",10.417,1,-1
4,Luke Donald,"11' 2""",11.167,1,E
5,Carl Pettersson,"15' 8""",15.667,1,-1
6,Rod Pampling,"16' 3""",16.250,1,E
7,Davis Love III,"18' 7""",18.583,1,E
8,Troy Matteson,"19' 1""",38.167,2,-1
9,Aaron Baddeley,"21' 3""",42.417,2,E
10,Adam Scott,"23' 6""",23.500,1,E
11,Will MacKenzie,"24' 0""",48.000,2,E
12,Vijay Singh,"25' 7""",25.583,1,E
13,J.J. Henry,"27' 6""",54.917,2,-1
14,Trevor Immelman,"32' 7""",32.583,1,E
15,Joe Durant,"33' 4""",66.583,2,E
16,Chad Campbell,"33' 7""",67.167,2,+1
17,Brett Wetterich,"38' 0""",38.000,1,E
18,Jim Furyk,"38' 5""",38.417,1,E
19,David Toms,"39' 2""",78.250,2,+1
20,Tim Herron,"39' 6""",79.000,2,E
21,Chris Couch,"46' 11""",46.917,1,E
22,Eric Axley,"47' 2""",47.167,1,+1
23,Dean Wilson,"50' 8""",202.750,4,+2
24,John Senden,"56' 8""",56.667,1,+1
25,Ben Curtis,"164' 9""",164.750,1,+1
