rank,player,Avg,Total Distance (feet),# of Attempts,Relative to par
1,Rory Sabbatini,"10' 5""",10.417,1,-1
2,Stuart Appleby,"13' 0""",51.833,4,E
3,Stephen Ames,"20' 7""",61.750,3,-1
4,Vijay Singh,"22' 8""",136.000,6,E
5,Davis Love III,"23' 3""",163.000,7,-1
6,David Toms,"23' 8""",189.333,8,E
7,J.B. Holmes,"24' 0""",192.000,8,+3
8,Aaron Baddeley,"26' 10""",161.000,6,+1
9,Jeff Maggert,"26' 11""",53.750,2,E
10,Chris Couch,"27' 10""",139.083,5,+1
11,D.J. Trahan,"30' 4""",242.667,8,+6
12,Joe Durant,"31' 4""",282.333,9,-1
13,Eric Axley,"32' 0""",287.833,9,+2
14,J.J. Henry,"32' 11""",98.750,3,-1
15,Troy Matteson,"33' 0""",230.917,7,-2
16,Luke Donald,"33' 2""",66.250,2,+1
17,Adam Scott,"36' 1""",216.667,6,E
18,Brett Wetterich,"37' 9""",226.583,6,E
19,Jim Furyk,"38' 10""",77.667,2,E
20,Tim Herron,"39' 2""",313.417,8,E
21,Chad Campbell,"39' 10""",159.250,4,+2
22,Geoff Ogilvy,"40' 8""",122.083,3,E
23,John Senden,"41' 5""",207.000,5,+2
24,Trevor Immelman,"41' 11""",125.833,3,+2
25,Will MacKenzie,"43' 10""",350.333,8,+2
26,Rod Pampling,"45' 0""",135.083,3,-1
27,Carl Pettersson,"45' 3""",317.000,7,E
28,Dean Wilson,"46' 0""",460.167,10,+5
29,Ben Curtis,"51' 4""",359.583,7,+4
30,K.J. Choi,"52' 7""",105.167,2,E
31,John Rollins,"52' 11""",158.667,3,+2
32,Kirk Triplett,"141' 9""",141.750,1,E
