rank,player,Avg,Total Distance (feet),# of Attempts,Relative to par
1,Geoff Ogilvy,"22' 7""",22.583,1,E
2,J.B. Holmes,"25' 4""",50.667,2,E
3,Davis Love III,"27' 8""",55.333,2,E
4,Trevor Immelman,"28' 6""",28.500,1,E
5,John Rollins,"29' 4""",87.917,3,+1
6,Stephen Ames,"30' 4""",30.333,1,E
7,Luke Donald,"31' 3""",31.250,1,E
8,D.J. Trahan,"32' 1""",128.167,4,E
9,J.J. Henry,"32' 7""",130.167,4,-1
10,Joe Durant,"36' 1""",72.167,2,+1
11,Stuart Appleby,"36' 4""",109.083,3,E
12,Jeff Maggert,"36' 10""",73.583,2,+1
13,Vijay Singh,"39' 9""",198.917,5,+1
14,Carl Pettersson,"40' 9""",162.917,4,E
15,Rod Pampling,"42' 5""",169.500,4,+1
16,Chad Campbell,"43' 7""",87.083,2,+1
17,David Toms,"45' 2""",90.250,2,+1
18,Corey Pavin,"45' 9""",45.750,1,E
19,Will MacKenzie,"49' 8""",149.000,3,-1
20,John Senden,"51' 5""",51.417,1,+1
21,Aaron Baddeley,"52' 6""",157.500,3,+1
22,Adam Scott,"53' 4""",160.083,3,E
23,K.J. Choi,"54' 4""",217.333,4,+2
24,Kirk Triplett,"55' 9""",111.417,2,+1
25,Eric Axley,"56' 10""",113.667,2,E
26,Dean Wilson,"60' 1""",300.583,5,+1
27,Troy Matteson,"72' 10""",72.833,1,E
