rank,player,Avg,Total Distance (feet),# of Attempts,Relative to par
1,Vijay Singh,"4' 11""",4.917,1,-1
2,Trevor Immelman,"9' 8""",9.667,1,E
3,Davis Love III,"10' 11""",10.917,1,-1
4,Joe Durant,"12' 6""",12.500,1,E
5,Luke Donald,"23' 2""",46.333,2,E
6,John Senden,"26' 1""",52.083,2,E
7,Aaron Baddeley,"27' 5""",109.583,4,+1
7,J.B. Holmes,"27' 5""",27.417,1,E
9,Chris Couch,"28' 1""",28.083,1,E
10,Will MacKenzie,"28' 5""",56.750,2,E
11,Geoff Ogilvy,"30' 3""",90.667,3,-2
12,Eric Axley,"30' 4""",60.667,2,E
13,Tim Herron,"32' 7""",130.417,4,E
14,Carl Pettersson,"34' 10""",69.583,2,E
15,Stephen Ames,"37' 0""",185.167,5,-1
16,David Toms,"38' 2""",38.167,1,E
17,John Rollins,"39' 0""",78.000,2,E
18,Brett Wetterich,"42' 7""",170.417,4,+2
19,Kirk Triplett,"43' 6""",130.500,3,+2
20,J.J. Henry,"43' 8""",174.667,4,+2
21,Troy Matteson,"43' 10""",87.583,2,+1
22,D.J. Trahan,"51' 8""",155.083,3,+3
23,Ben Curtis,"52' 11""",211.583,4,+2
24,Stuart Appleby,"59' 5""",118.750,2,E
25,Corey Pavin,"62' 3""",186.750,3,+2
26,Dean Wilson,"65' 6""",131.000,2,+1
27,Rod Pampling,"66' 9""",200.167,3,+1
28,Rory Sabbatini,"82' 2""",164.250,2,+2
29,Chad Campbell,"97' 3""",194.500,2,+2
