rank,player,%,Total Drives for 280-300,Total Drives - Overall,Relative to Par
1,Ángel Cabrera,21.67,13,60,-0.077
2,Nick Watney,18.33,11,60,-0.364
3,Daniel Chopra,16.67,10,60,-0.300
3,Fred Funk,16.67,10,60,-0.100
3,Henrik Stenson,16.67,10,60,-0.400
6,Paul Goydos,15.00,9,60,+0.222
7,Hunter Mahan,13.33,8,60,-0.500
8,Zach Johnson,11.67,7,60,E
8,Vijay Singh,11.67,7,60,-0.286
10,Charley Hoffman,10.00,6,60,-0.500
10,Rory Sabbatini,10.00,6,60,+0.333
10,Brandt Snedeker,10.00,6,60,+0.333
10,Boo Weekley,10.00,6,60,-0.167
14,Stephen Ames,8.33,5,60,-0.600
14,Mark Calcavecchia,8.33,5,60,-0.200
14,Justin Leonard,8.33,5,60,-0.200
14,Joe Ogilvie,8.33,5,60,+0.200
14,Mike Weir,8.33,5,60,E
19,Woody Austin,6.67,4,60,+0.250
19,Chad Campbell,6.67,4,60,-0.250
19,Jim Furyk,6.67,4,60,E
19,Charles Howell III,6.67,4,60,-0.750
23,Aaron Baddeley,5.00,3,60,E
23,K.J. Choi,5.00,3,60,+0.333
23,Steve Flesch,5.00,3,60,-0.333
23,George McNeill,5.00,3,60,-0.333
23,Scott Verplank,5.00,3,60,+0.333
23,Mark Wilson,5.00,3,60,+0.333
29,Brian Bateman,3.33,2,60,-1.000
29,Jonathan Byrd,3.33,2,60,-0.500
31,Steve Stricker,1.67,1,60,E
