rank,player,%,Total Drives for 260-280,Total Drvs - overall,Relative to par
1,Brian Bateman,62.50,5,8,-0.20
2,Woody Austin,50.00,4,8,E
2,Aaron Baddeley,50.00,4,8,-0.75
2,Charles Howell III,50.00,4,8,-0.50
2,Joe Ogilvie,50.00,4,8,-0.50
2,Steve Stricker,50.00,4,8,-0.75
7,Chad Campbell,37.50,3,8,-1.00
7,K.J. Choi,37.50,3,8,-0.33
7,Steve Flesch,37.50,3,8,-0.67
7,Paul Goydos,37.50,3,8,+0.67
7,Charley Hoffman,37.50,3,8,-0.67
7,Rory Sabbatini,37.50,3,8,+0.67
7,Brandt Snedeker,37.50,3,8,-0.33
7,Scott Verplank,37.50,3,8,-0.33
15,Stephen Ames,25.00,2,8,-0.50
15,Mark Calcavecchia,25.00,2,8,E
15,Vijay Singh,25.00,2,8,-0.50
15,Nick Watney,25.00,2,8,-0.50
15,Mike Weir,25.00,2,8,E
15,Mark Wilson,25.00,2,8,-0.50
21,Jonathan Byrd,12.50,1,8,E
21,Ángel Cabrera,12.50,1,8,-1.00
21,Daniel Chopra,12.50,1,8,-1.00
21,Zach Johnson,12.50,1,8,E
21,Justin Leonard,12.50,1,8,-1.00
21,Hunter Mahan,12.50,1,8,E
21,George McNeill,12.50,1,8,-1.00
21,Henrik Stenson,12.50,1,8,E
21,Boo Weekley,12.50,1,8,-1.00
30,Fred Funk,.00,0,8,E
30,Jim Furyk,.00,0,8,E
