rank,player,%,Total Drives for <= 240,Total Drives - Overall,Relative to Par
1,Fred Funk,43.33,26,60,-0.115
2,Paul Goydos,40.00,24,60,-0.125
3,Jim Furyk,33.33,20,60,-0.250
3,Zach Johnson,33.33,20,60,-0.150
5,Steve Flesch,30.00,18,60,+0.056
6,Justin Leonard,28.33,17,60,-0.118
7,Charles Howell III,26.67,16,60,-0.250
8,Brian Bateman,25.00,15,60,+0.267
8,Daniel Chopra,25.00,15,60,-0.133
8,Charley Hoffman,25.00,15,60,+0.200
8,Henrik Stenson,25.00,15,60,E
8,Steve Stricker,25.00,15,60,-0.200
8,Scott Verplank,25.00,15,60,E
14,Vijay Singh,23.33,14,60,-0.071
14,Mark Wilson,23.33,14,60,+0.214
16,Rory Sabbatini,21.67,13,60,-0.154
17,Aaron Baddeley,20.00,12,60,-0.083
17,Chad Campbell,20.00,12,60,E
17,Hunter Mahan,20.00,12,60,+0.083
17,Brandt Snedeker,20.00,12,60,-0.250
21,Mark Calcavecchia,18.33,11,60,E
21,K.J. Choi,18.33,11,60,-0.091
23,Joe Ogilvie,16.67,10,60,+0.100
24,Jonathan Byrd,15.00,9,60,-0.111
24,Ángel Cabrera,15.00,9,60,+0.111
24,George McNeill,15.00,9,60,+0.111
24,Nick Watney,15.00,9,60,E
24,Mike Weir,15.00,9,60,E
29,Stephen Ames,13.33,8,60,-0.250
29,Woody Austin,13.33,8,60,+0.375
31,Boo Weekley,11.67,7,60,-0.143
