rank,player,%,Total Drives for 320+,Total Drives - Overall,Relative to Par
1,Charles Howell III,33.33,20,60,-0.200
2,Stephen Ames,31.67,19,60,-0.105
2,Vijay Singh,31.67,19,60,-0.211
2,Boo Weekley,31.67,19,60,-0.053
5,Daniel Chopra,30.00,18,60,-0.278
5,Steve Flesch,30.00,18,60,-0.222
5,Henrik Stenson,30.00,18,60,-0.056
5,Nick Watney,30.00,18,60,-0.278
9,Brian Bateman,28.33,17,60,-0.412
9,Jonathan Byrd,28.33,17,60,-0.235
9,Ángel Cabrera,28.33,17,60,-0.176
9,Charley Hoffman,28.33,17,60,E
13,Woody Austin,26.67,16,60,-0.250
13,Mike Weir,26.67,16,60,-0.313
15,George McNeill,25.00,15,60,+0.067
16,Aaron Baddeley,23.33,14,60,-0.071
16,Mark Calcavecchia,23.33,14,60,-0.429
18,Chad Campbell,21.67,13,60,-0.077
18,K.J. Choi,21.67,13,60,-0.231
18,Rory Sabbatini,21.67,13,60,-0.308
21,Justin Leonard,20.00,12,60,E
21,Joe Ogilvie,20.00,12,60,-0.167
21,Steve Stricker,20.00,12,60,-0.417
24,Jim Furyk,18.33,11,60,-0.091
24,Hunter Mahan,18.33,11,60,-0.273
24,Brandt Snedeker,18.33,11,60,-0.364
27,Mark Wilson,16.67,10,60,E
28,Zach Johnson,11.67,7,60,-0.143
28,Scott Verplank,11.67,7,60,+0.429
30,Paul Goydos,10.00,6,60,-0.167
31,Fred Funk,6.67,4,60,E
