rank,player,%,Total Drives for 260-280,Total Drives - Overall,Relative to Par
1,George McNeill,30.00,18,60,-0.111
2,Aaron Baddeley,26.67,16,60,-0.375
3,Rory Sabbatini,25.00,15,60,-0.200
4,Brian Bateman,23.33,14,60,-0.286
4,Charley Hoffman,23.33,14,60,-0.429
4,Hunter Mahan,23.33,14,60,-0.357
4,Steve Stricker,23.33,14,60,-0.500
8,Chad Campbell,21.67,13,60,-0.385
8,Boo Weekley,21.67,13,60,-0.385
10,Stephen Ames,20.00,12,60,-0.250
10,Woody Austin,20.00,12,60,-0.333
10,Jonathan Byrd,20.00,12,60,-0.250
10,Joe Ogilvie,20.00,12,60,-0.167
14,K.J. Choi,18.33,11,60,E
14,Charles Howell III,18.33,11,60,-0.364
16,Brandt Snedeker,16.67,10,60,-0.100
16,Scott Verplank,16.67,10,60,-0.300
18,Ángel Cabrera,15.00,9,60,-0.111
18,Paul Goydos,15.00,9,60,+0.667
18,Vijay Singh,15.00,9,60,-0.333
18,Nick Watney,15.00,9,60,-0.333
18,Mike Weir,15.00,9,60,-0.444
23,Fred Funk,13.33,8,60,+0.125
24,Mark Calcavecchia,11.67,7,60,-0.143
24,Steve Flesch,11.67,7,60,-0.429
24,Henrik Stenson,11.67,7,60,+0.143
27,Daniel Chopra,10.00,6,60,-0.167
27,Mark Wilson,10.00,6,60,-0.333
29,Jim Furyk,6.67,4,60,-0.250
29,Zach Johnson,6.67,4,60,E
29,Justin Leonard,6.67,4,60,-0.250
