rank,player,%,Total Drives for 300+,Total Drvs - overall,Relative to par
1,Ángel Cabrera,12.50,1,8,-1.00
1,Daniel Chopra,12.50,1,8,E
1,Jim Furyk,12.50,1,8,E
1,Joe Ogilvie,12.50,1,8,E
1,Vijay Singh,12.50,1,8,E
6,Stephen Ames,.00,0,8,E
6,Woody Austin,.00,0,8,E
6,Aaron Baddeley,.00,0,8,E
6,Brian Bateman,.00,0,8,E
6,Jonathan Byrd,.00,0,8,E
6,Mark Calcavecchia,.00,0,8,E
6,Chad Campbell,.00,0,8,E
6,K.J. Choi,.00,0,8,E
6,Steve Flesch,.00,0,8,E
6,Fred Funk,.00,0,8,E
6,Paul Goydos,.00,0,8,E
6,Charley Hoffman,.00,0,8,E
6,Charles Howell III,.00,0,8,E
6,Zach Johnson,.00,0,8,E
6,Justin Leonard,.00,0,8,E
6,Hunter Mahan,.00,0,8,E
6,George McNeill,.00,0,8,E
6,Rory Sabbatini,.00,0,8,E
6,Brandt Snedeker,.00,0,8,E
6,Henrik Stenson,.00,0,8,E
6,Steve Stricker,.00,0,8,E
6,Scott Verplank,.00,0,8,E
6,Nick Watney,.00,0,8,E
6,Boo Weekley,.00,0,8,E
6,Mike Weir,.00,0,8,E
6,Mark Wilson,.00,0,8,E
