rank,player,Distance,Tournament,Round,Hole,Course
1,Rory Sabbatini,398,Mercedes-Benz,4,17,656
2,Daniel Chopra,395,Mercedes-Benz,3,17,656
3,Ángel Cabrera,392,Mercedes-Benz,3,18,656
4,Boo Weekley,390,Mercedes-Benz,4,12,656
5,Nick Watney,387,Mercedes-Benz,4,12,656
6,Charles Howell III,386,Mercedes-Benz,4,17,656
7,Stephen Ames,385,Mercedes-Benz,4,17,656
7,Chad Campbell,385,Mercedes-Benz,4,17,656
10,Brian Bateman,384,Mercedes-Benz,3,12,656
11,George McNeill,382,Mercedes-Benz,3,12,656
12,Charley Hoffman,381,Mercedes-Benz,4,18,656
12,Zach Johnson,381,Mercedes-Benz,4,12,656
12,Steve Stricker,381,Mercedes-Benz,4,12,656
15,Steve Flesch,380,Mercedes-Benz,4,18,656
18,Jim Furyk,377,Mercedes-Benz,4,18,656
23,Henrik Stenson,376,Mercedes-Benz,3,18,656
27,Vijay Singh,375,Mercedes-Benz,1,7,656
29,Mike Weir,374,Mercedes-Benz,4,12,656
36,Woody Austin,372,Mercedes-Benz,1,12,656
42,Aaron Baddeley,369,Mercedes-Benz,4,12,656
42,Jonathan Byrd,369,Mercedes-Benz,2,12,656
48,Scott Verplank,366,Mercedes-Benz,3,12,656
54,K.J. Choi,365,Mercedes-Benz,3,18,656
58,Mark Calcavecchia,364,Mercedes-Benz,1,1,656
67,Brandt Snedeker,362,Mercedes-Benz,3,12,656
105,Hunter Mahan,356,Mercedes-Benz,4,18,656
111,Justin Leonard,355,Mercedes-Benz,4,12,656
111,Mark Wilson,355,Mercedes-Benz,3,1,656
128,Joe Ogilvie,353,Mercedes-Benz,1,1,656
165,Fred Funk,349,Mercedes-Benz,1,1,656
274,Paul Goydos,334,Mercedes-Benz,3,12,656
