rank,player,%,Total Drives for 300-320,Total Drives - Overall,Relative to Par
1,Scott Verplank,15.00,9,60,-0.222
2,Mark Wilson,13.33,8,60,-0.250
3,Zach Johnson,11.67,7,60,-0.143
3,George McNeill,11.67,7,60,+0.286
3,Joe Ogilvie,11.67,7,60,+0.286
3,Steve Stricker,11.67,7,60,E
7,K.J. Choi,10.00,6,60,+0.333
7,Jim Furyk,10.00,6,60,E
9,Aaron Baddeley,8.33,5,60,E
9,Jonathan Byrd,8.33,5,60,-0.200
9,Mark Calcavecchia,8.33,5,60,+0.200
9,Justin Leonard,8.33,5,60,E
9,Hunter Mahan,8.33,5,60,E
14,Woody Austin,6.67,4,60,E
14,Brian Bateman,6.67,4,60,+0.250
14,Chad Campbell,6.67,4,60,-0.500
14,Daniel Chopra,6.67,4,60,E
14,Rory Sabbatini,6.67,4,60,-0.250
14,Vijay Singh,6.67,4,60,E
14,Mike Weir,6.67,4,60,-0.250
21,Ángel Cabrera,5.00,3,60,-0.333
21,Steve Flesch,5.00,3,60,E
21,Charley Hoffman,5.00,3,60,E
21,Brandt Snedeker,5.00,3,60,-0.667
21,Boo Weekley,5.00,3,60,E
26,Fred Funk,3.33,2,60,-0.500
26,Paul Goydos,3.33,2,60,+0.500
26,Charles Howell III,3.33,2,60,E
26,Henrik Stenson,3.33,2,60,E
26,Nick Watney,3.33,2,60,E
31,Stephen Ames,1.67,1,60,E
