rank,player,%,Total Drives for 240-260,Total Drives - Overall,Relative to Par
1,Mark Wilson,31.67,19,60,-0.158
2,Mark Calcavecchia,30.00,18,60,-0.333
2,Brandt Snedeker,30.00,18,60,-0.333
4,Justin Leonard,28.33,17,60,-0.412
4,Mike Weir,28.33,17,60,-0.353
6,Woody Austin,26.67,16,60,-0.188
6,K.J. Choi,26.67,16,60,-0.063
6,Scott Verplank,26.67,16,60,-0.313
9,Stephen Ames,25.00,15,60,-0.267
9,Jonathan Byrd,25.00,15,60,+0.067
9,Jim Furyk,25.00,15,60,-0.400
9,Zach Johnson,25.00,15,60,-0.133
13,Chad Campbell,23.33,14,60,E
13,Joe Ogilvie,23.33,14,60,E
15,Boo Weekley,20.00,12,60,+0.083
16,Steve Flesch,18.33,11,60,+0.091
16,Steve Stricker,18.33,11,60,-0.455
16,Nick Watney,18.33,11,60,-0.182
19,Aaron Baddeley,16.67,10,60,-0.200
19,Fred Funk,16.67,10,60,-0.200
19,Paul Goydos,16.67,10,60,-0.400
19,Hunter Mahan,16.67,10,60,-0.300
23,Ángel Cabrera,15.00,9,60,-0.444
23,Rory Sabbatini,15.00,9,60,+0.222
25,Brian Bateman,13.33,8,60,+0.375
25,George McNeill,13.33,8,60,-0.250
25,Henrik Stenson,13.33,8,60,+0.125
28,Daniel Chopra,11.67,7,60,-0.571
28,Charles Howell III,11.67,7,60,+0.143
28,Vijay Singh,11.67,7,60,-0.143
31,Charley Hoffman,8.33,5,60,+0.200
