rank,player,%,Total Drives for 240-260,Total Drvs - overall,Relative to par
1,Jonathan Byrd,50.00,4,8,E
1,Jim Furyk,50.00,4,8,-0.50
1,Justin Leonard,50.00,4,8,-0.50
4,Stephen Ames,37.50,3,8,E
4,Woody Austin,37.50,3,8,-0.33
4,Aaron Baddeley,37.50,3,8,-0.33
4,Mark Calcavecchia,37.50,3,8,-0.67
4,Daniel Chopra,37.50,3,8,-1.00
4,George McNeill,37.50,3,8,-0.33
4,Vijay Singh,37.50,3,8,-0.33
4,Scott Verplank,37.50,3,8,-0.33
4,Boo Weekley,37.50,3,8,+0.33
4,Mike Weir,37.50,3,8,-0.33
4,Mark Wilson,37.50,3,8,-0.33
15,Ángel Cabrera,25.00,2,8,E
15,Chad Campbell,25.00,2,8,E
15,Steve Flesch,25.00,2,8,E
15,Fred Funk,25.00,2,8,E
15,Paul Goydos,25.00,2,8,-1.00
15,Charley Hoffman,25.00,2,8,+0.50
15,Charles Howell III,25.00,2,8,E
15,Zach Johnson,25.00,2,8,E
15,Brandt Snedeker,25.00,2,8,-0.50
15,Henrik Stenson,25.00,2,8,E
15,Steve Stricker,25.00,2,8,E
15,Nick Watney,25.00,2,8,-1.00
27,Brian Bateman,12.50,1,8,+1.00
27,K.J. Choi,12.50,1,8,-1.00
27,Hunter Mahan,12.50,1,8,E
27,Joe Ogilvie,12.50,1,8,E
27,Rory Sabbatini,12.50,1,8,+1.00
