rank,player,%,Total Drives for 280-300,Total Drvs - overall,Relative to par
1,Ángel Cabrera,37.50,3,8,E
1,Hunter Mahan,37.50,3,8,-0.67
1,George McNeill,37.50,3,8,-0.33
1,Henrik Stenson,37.50,3,8,-0.67
1,Nick Watney,37.50,3,8,-0.67
1,Boo Weekley,37.50,3,8,E
7,Stephen Ames,25.00,2,8,-1.00
7,Daniel Chopra,25.00,2,8,E
7,Charley Hoffman,25.00,2,8,E
7,Vijay Singh,25.00,2,8,-0.50
11,Brian Bateman,12.50,1,8,-1.00
11,Jonathan Byrd,12.50,1,8,E
11,Mark Calcavecchia,12.50,1,8,-1.00
11,Chad Campbell,12.50,1,8,-1.00
11,K.J. Choi,12.50,1,8,-1.00
11,Charles Howell III,12.50,1,8,-1.00
11,Rory Sabbatini,12.50,1,8,-1.00
11,Brandt Snedeker,12.50,1,8,-1.00
11,Mike Weir,12.50,1,8,-1.00
20,Woody Austin,.00,0,8,E
20,Aaron Baddeley,.00,0,8,E
20,Steve Flesch,.00,0,8,E
20,Fred Funk,.00,0,8,E
20,Jim Furyk,.00,0,8,E
20,Paul Goydos,.00,0,8,E
20,Zach Johnson,.00,0,8,E
20,Justin Leonard,.00,0,8,E
20,Joe Ogilvie,.00,0,8,E
20,Steve Stricker,.00,0,8,E
20,Scott Verplank,.00,0,8,E
20,Mark Wilson,.00,0,8,E
