rank,player,Avg,Total Distance,Total Drives
1,Ángel Cabrera,269.9,"2,159",8
2,Nick Watney,269.0,"2,152",8
3,Vijay Singh,268.5,"2,148",8
4,Charley Hoffman,264.6,"2,117",8
5,Boo Weekley,264.3,"2,114",8
6,Daniel Chopra,263.9,"2,111",8
7,Joe Ogilvie,263.6,"2,109",8
8,George McNeill,262.3,"2,098",8
9,Charles Howell III,261.6,"2,093",8
10,Brian Bateman,261.5,"2,092",8
11,Stephen Ames,259.6,"2,077",8
12,Henrik Stenson,259.3,"2,074",8
13,Hunter Mahan,259.0,"2,072",8
14,Steve Stricker,257.4,"2,059",8
15,Chad Campbell,256.9,"2,055",8
16,Rory Sabbatini,256.4,"2,051",8
17,Mike Weir,255.8,"2,046",8
18,Woody Austin,255.4,"2,043",8
19,Aaron Baddeley,255.1,"2,041",8
20,Mark Calcavecchia,254.5,"2,036",8
21,Steve Flesch,253.5,"2,028",8
22,K.J. Choi,253.0,"2,024",8
23,Scott Verplank,252.9,"2,023",8
24,Brandt Snedeker,252.1,"2,017",8
25,Jonathan Byrd,251.3,"2,010",8
26,Jim Furyk,250.0,"2,000",8
27,Mark Wilson,247.9,"1,983",8
28,Justin Leonard,244.1,"1,953",8
29,Paul Goydos,239.4,"1,915",8
30,Zach Johnson,237.0,"1,896",8
31,Fred Funk,229.5,"1,836",8
