rank,player,%,Total Drives for 300+,Total Drives - Overall,Relative to Par
1,Vijay Singh,38.33,23,60,-0.174
2,Jonathan Byrd,36.67,22,60,-0.227
2,Daniel Chopra,36.67,22,60,-0.227
2,Charles Howell III,36.67,22,60,-0.182
2,George McNeill,36.67,22,60,+0.136
2,Boo Weekley,36.67,22,60,-0.045
7,Brian Bateman,35.00,21,60,-0.286
7,Steve Flesch,35.00,21,60,-0.190
9,Stephen Ames,33.33,20,60,-0.100
9,Woody Austin,33.33,20,60,-0.200
9,Ángel Cabrera,33.33,20,60,-0.200
9,Charley Hoffman,33.33,20,60,E
9,Henrik Stenson,33.33,20,60,-0.050
9,Nick Watney,33.33,20,60,-0.250
9,Mike Weir,33.33,20,60,-0.300
16,Aaron Baddeley,31.67,19,60,-0.053
16,Mark Calcavecchia,31.67,19,60,-0.263
16,K.J. Choi,31.67,19,60,-0.053
16,Joe Ogilvie,31.67,19,60,E
16,Steve Stricker,31.67,19,60,-0.263
21,Mark Wilson,30.00,18,60,-0.111
22,Chad Campbell,28.33,17,60,-0.176
22,Jim Furyk,28.33,17,60,-0.059
22,Justin Leonard,28.33,17,60,E
22,Rory Sabbatini,28.33,17,60,-0.294
26,Hunter Mahan,26.67,16,60,-0.188
26,Scott Verplank,26.67,16,60,+0.063
28,Zach Johnson,23.33,14,60,-0.143
28,Brandt Snedeker,23.33,14,60,-0.429
30,Paul Goydos,13.33,8,60,E
31,Fred Funk,10.00,6,60,-0.167
