rank,player,%,Total Drives for <= 240,Total Drvs - overall,Relative to par
1,Fred Funk,75.00,6,8,E
2,Zach Johnson,62.50,5,8,+0.20
3,K.J. Choi,37.50,3,8,E
3,Steve Flesch,37.50,3,8,-0.67
3,Jim Furyk,37.50,3,8,E
3,Paul Goydos,37.50,3,8,+0.33
3,Justin Leonard,37.50,3,8,+0.33
3,Hunter Mahan,37.50,3,8,+0.33
3,Rory Sabbatini,37.50,3,8,+0.33
3,Mark Wilson,37.50,3,8,+1.00
11,Jonathan Byrd,25.00,2,8,E
11,Mark Calcavecchia,25.00,2,8,-0.50
11,Chad Campbell,25.00,2,8,E
11,Joe Ogilvie,25.00,2,8,E
11,Brandt Snedeker,25.00,2,8,E
11,Henrik Stenson,25.00,2,8,E
11,Steve Stricker,25.00,2,8,E
11,Scott Verplank,25.00,2,8,E
11,Mike Weir,25.00,2,8,-0.50
20,Stephen Ames,12.50,1,8,E
20,Woody Austin,12.50,1,8,E
20,Aaron Baddeley,12.50,1,8,E
20,Brian Bateman,12.50,1,8,+1.00
20,Ángel Cabrera,12.50,1,8,+1.00
20,Daniel Chopra,12.50,1,8,E
20,Charley Hoffman,12.50,1,8,E
20,Charles Howell III,12.50,1,8,E
20,George McNeill,12.50,1,8,E
20,Nick Watney,12.50,1,8,E
20,Boo Weekley,12.50,1,8,E
31,Vijay Singh,.00,0,8,E
