rank,player,%,Total Drives for 320+,Total Drvs - overall,Relative to par
1,Joe Ogilvie,12.50,1,8,E
2,Stephen Ames,.00,0,8,E
2,Woody Austin,.00,0,8,E
2,Aaron Baddeley,.00,0,8,E
2,Brian Bateman,.00,0,8,E
2,Jonathan Byrd,.00,0,8,E
2,Ángel Cabrera,.00,0,8,E
2,Mark Calcavecchia,.00,0,8,E
2,Chad Campbell,.00,0,8,E
2,K.J. Choi,.00,0,8,E
2,Daniel Chopra,.00,0,8,E
2,Steve Flesch,.00,0,8,E
2,Fred Funk,.00,0,8,E
2,Jim Furyk,.00,0,8,E
2,Paul Goydos,.00,0,8,E
2,Charley Hoffman,.00,0,8,E
2,Charles Howell III,.00,0,8,E
2,Zach Johnson,.00,0,8,E
2,Justin Leonard,.00,0,8,E
2,Hunter Mahan,.00,0,8,E
2,George McNeill,.00,0,8,E
2,Rory Sabbatini,.00,0,8,E
2,Vijay Singh,.00,0,8,E
2,Brandt Snedeker,.00,0,8,E
2,Henrik Stenson,.00,0,8,E
2,Steve Stricker,.00,0,8,E
2,Scott Verplank,.00,0,8,E
2,Nick Watney,.00,0,8,E
2,Boo Weekley,.00,0,8,E
2,Mike Weir,.00,0,8,E
2,Mark Wilson,.00,0,8,E
