rank,player,Avg (%),Total Shot Distance,Total Distance
1,Ángel Cabrera,52.91,"47,506","8,978"
2,Daniel Chopra,51.66,"46,377","8,978"
3,Boo Weekley,51.44,"46,183","8,978"
4,Nick Watney,51.28,"46,039","8,978"
5,Vijay Singh,51.22,"45,984","8,978"
6,Brian Bateman,51.21,"45,973","8,978"
7,Henrik Stenson,51.05,"45,836","8,978"
8,Hunter Mahan,50.84,"45,644","8,978"
9,Charley Hoffman,50.72,"45,539","8,978"
10,George McNeill,50.58,"45,414","8,978"
11,Aaron Baddeley,50.43,"45,277","8,978"
12,Charles Howell III,50.24,"45,106","8,978"
13,Steve Flesch,50.13,"45,003","8,978"
14,Joe Ogilvie,49.78,"44,695","8,978"
15,Stephen Ames,49.51,"44,449","8,978"
16,Mark Calcavecchia,49.43,"44,380","8,978"
17,Woody Austin,49.41,"44,356","8,978"
18,Jonathan Byrd,49.23,"44,202","8,978"
19,Mike Weir,49.21,"44,177","8,978"
20,Rory Sabbatini,49.05,"44,033","8,978"
21,K.J. Choi,48.83,"43,842","8,978"
22,Jim Furyk,48.73,"43,749","8,978"
23,Chad Campbell,48.59,"43,621","8,978"
24,Steve Stricker,48.56,"43,597","8,978"
25,Scott Verplank,48.23,"43,300","8,978"
26,Mark Wilson,48.01,"43,102","8,978"
27,Brandt Snedeker,47.94,"43,043","8,978"
28,Justin Leonard,47.46,"42,607","8,978"
29,Zach Johnson,45.85,"41,161","8,978"
30,Paul Goydos,45.83,"41,150","8,978"
31,Fred Funk,44.13,"39,620","8,978"
