rank,player,Birdie to Bogey Ratio,Total Birdies and Better,Total Bogeys and Worse
1,Jimmy Walker,11.50,23,2
2,Hideki Matsuyama,7.67,23,3
2,Patrick Reed,7.67,23,3
4,Jason Day,6.25,25,4
5,Brendon Todd,5.25,21,4
6,Russell Henley,5.00,25,5
6,Robert Streb,5.00,20,4
8,Sangmoon Bae,4.60,23,5
9,Zach Johnson,4.00,24,6
9,Hunter Mahan,4.00,16,4
11,Charley Hoffman,3.33,20,6
12,Bubba Watson,3.14,22,7
13,Chris Kirk,3.13,25,8
14,Matt Kuchar,3.00,18,6
14,Ben Martin,3.00,21,7
16,S.Y. Noh,2.88,23,8
17,Brian Harman,2.86,20,7
18,Matt Jones,2.75,22,8
19,Billy Horschel,2.67,16,6
20,Ryan Moore,2.43,17,7
21,Kevin Streelman,2.25,18,8
22,Matt Every,2.22,20,9
23,Scott Stallings,2.18,24,11
24,Chesson Hadley,2.11,19,9
24,John Senden,2.11,19,9
26,Steven Bowditch,2.00,18,9
26,Geoff Ogilvy,2.00,20,10
28,Tim Clark,1.90,19,10
29,Camilo Villegas,1.75,14,8
30,Ángel Cabrera,1.70,17,10
31,Nick Taylor,1.60,16,10
32,Ben Crane,1.55,17,11
33,J.B. Holmes,1.15,15,13
