rank,player,% under then over par,Total under then over Par,Under Par
1,Steven Bowditch,.00,0,16
1,Hideki Matsuyama,.00,0,20
1,Kevin Streelman,.00,0,17
1,Jimmy Walker,.00,0,21
5,Jason Day,4.35,1,23
5,Russell Henley,4.35,1,23
7,Bubba Watson,5.00,1,20
8,Patrick Reed,5.26,1,19
9,Brendon Todd,5.56,1,18
10,Tim Clark,5.88,1,17
10,Robert Streb,5.88,1,17
12,Brian Harman,6.25,1,16
12,John Senden,6.25,1,16
14,Ángel Cabrera,7.14,1,14
15,Billy Horschel,7.69,1,13
16,Chris Kirk,8.70,2,23
17,Camilo Villegas,9.09,1,11
18,Sangmoon Bae,9.52,2,21
19,Matt Jones,10.53,2,19
20,Matt Every,11.11,2,18
21,Charley Hoffman,11.76,2,17
22,Matt Kuchar,12.50,2,16
22,Ryan Moore,12.50,2,16
24,Zach Johnson,14.29,3,21
25,S.Y. Noh,15.00,3,20
26,J.B. Holmes,15.38,2,13
26,Hunter Mahan,15.38,2,13
28,Ben Martin,17.65,3,17
28,Geoff Ogilvy,17.65,3,17
30,Scott Stallings,18.18,4,22
31,Nick Taylor,18.75,3,16
32,Ben Crane,21.43,3,14
33,Chesson Hadley,23.53,4,17
