rank,player,% Makes Bogey,Bogeys,Holes Played
1,Jimmy Walker,2.78,2,72
2,Hideki Matsuyama,4.17,3,72
2,Patrick Reed,4.17,3,72
4,Jason Day,5.56,4,72
4,Hunter Mahan,5.56,4,72
4,Robert Streb,5.56,4,72
4,Brendon Todd,5.56,4,72
8,Sangmoon Bae,6.94,5,72
8,Russell Henley,6.94,5,72
10,Charley Hoffman,8.33,6,72
10,Billy Horschel,8.33,6,72
10,Zach Johnson,8.33,6,72
10,Matt Kuchar,8.33,6,72
14,Brian Harman,9.72,7,72
14,Ben Martin,9.72,7,72
14,Ryan Moore,9.72,7,72
14,Bubba Watson,9.72,7,72
18,Matt Jones,11.11,8,72
18,Chris Kirk,11.11,8,72
18,S.Y. Noh,11.11,8,72
18,Kevin Streelman,11.11,8,72
18,Camilo Villegas,11.11,8,72
23,Steven Bowditch,12.50,9,72
23,Matt Every,12.50,9,72
23,Chesson Hadley,12.50,9,72
23,John Senden,12.50,9,72
27,Ángel Cabrera,13.89,10,72
27,Tim Clark,13.89,10,72
27,Geoff Ogilvy,13.89,10,72
27,Nick Taylor,13.89,10,72
31,Ben Crane,15.28,11,72
31,Scott Stallings,15.28,11,72
33,J.B. Holmes,18.06,13,72
