rank,player,Avg,Total Distance (feet),# of Attempts,Relative to par
1,Scott Stallings,"8' 4""",8.333,1,E
2,Martin Laird,"8' 9""",8.750,1,E
3,Aaron Baddeley,"15' 3""",45.750,3,-1
4,K.J. Choi,"15' 11""",63.750,4,-2
5,Bubba Watson,"17' 0""",50.917,3,-1
6,Jhonattan Vegas,"17' 1""",51.333,3,E
7,Webb Simpson,"19' 8""",59.083,3,E
8,Scott Piercy,"20' 9""",103.917,5,E
9,Mark Wilson,"21' 2""",106.000,5,E
10,Harrison Frazar,"22' 8""",45.250,2,E
11,Brendan Steele,"23' 6""",140.750,6,-1
12,Bryce Molder,"24' 6""",147.000,6,E
13,Chris Kirk,"25' 7""",230.250,9,+2
14,Nick Watney,"26' 9""",160.500,6,-1
15,Rory Sabbatini,"29' 10""",179.167,6,+2
16,Sean O'Hair,"30' 0""",149.833,5,E
17,Bill Haas,"30' 7""",183.250,6,-1
18,Keegan Bradley,"31' 2""",187.000,6,+1
19,Steve Stricker,"31' 3""",156.250,5,-1
20,D.A. Points,"33' 2""",132.500,4,E
21,Ben Crane,"34' 11""",244.250,7,+2
22,Kevin Na,"36' 7""",219.333,6,+1
23,Michael Bradley,"38' 7""",192.750,5,E
24,Johnson Wagner,"38' 10""",155.417,4,-1
25,Jonathan Byrd,"41' 5""",165.500,4,+1
26,Gary Woodland,"42' 6""",297.333,7,+3
27,David Toms,"55' 0""",274.833,5,+2
