rank,player,Avg,Total Distance (feet),# of Attempts,Relative to par
1,Michael Bradley,"15' 0""",225.583,15,-1
2,Bryce Molder,"17' 2""",343.000,20,-6
3,Martin Laird,"17' 3""",327.833,19,-9
3,David Toms,"17' 3""",431.417,25,-2
5,Steve Stricker,"17' 5""",261.583,15,-6
6,Sean O'Hair,"17' 7""",246.500,14,-3
7,Rory Sabbatini,"18' 1""",325.417,18,-4
8,Keegan Bradley,"18' 4""",165.083,9,-5
9,K.J. Choi,"18' 7""",204.667,11,-2
10,Chris Kirk,"18' 10""",319.917,17,-5
11,Jonathan Byrd,"20' 1""",401.833,20,-12
12,Gary Woodland,"20' 3""",263.417,13,+5
13,Brendan Steele,"20' 5""",326.167,16,E
14,Webb Simpson,"20' 7""",247.167,12,-3
15,D.A. Points,"20' 8""",350.833,17,-2
16,Scott Piercy,"20' 9""",269.583,13,-2
17,Bill Haas,"21' 3""",383.083,18,-2
18,Harrison Frazar,"23' 2""",416.417,18,-3
19,Mark Wilson,"23' 5""",538.417,23,-5
20,Nick Watney,"24' 8""",345.333,14,-3
21,Bubba Watson,"25' 8""",307.917,12,E
22,Scott Stallings,"26' 11""",350.250,13,+1
23,Kevin Na,"29' 2""",495.167,17,-2
24,Aaron Baddeley,"32' 0""",512.500,16,+4
25,Johnson Wagner,"34' 5""",585.167,17,E
26,Jhonattan Vegas,"35' 9""",464.500,13,+5
27,Ben Crane,"35' 11""",431.000,12,+1
