rank,player,Avg,Total Distance (feet),# of Attempts,Relative to par
1,Steve Stricker,"3' 8""",7.250,2,-2
2,Michael Bradley,"7' 3""",28.917,4,-1
3,Scott Stallings,"7' 4""",14.667,2,-1
4,Martin Laird,"8' 7""",51.583,6,-6
5,Rory Sabbatini,"9' 9""",78.083,8,-3
6,David Toms,"10' 5""",62.583,6,-2
7,D.A. Points,"10' 7""",10.583,1,-1
8,Sean O'Hair,"12' 4""",37.083,3,-2
9,K.J. Choi,"12' 7""",25.167,2,-1
10,Nick Watney,"12' 8""",50.750,4,E
11,Keegan Bradley,"14' 11""",44.667,3,-4
12,Brendan Steele,"15' 0""",60.000,4,+1
12,Gary Woodland,"15' 0""",45.000,3,+3
14,Mark Wilson,"15' 9""",125.667,8,-1
15,Chris Kirk,"16' 10""",100.833,6,-1
16,Harrison Frazar,"18' 10""",75.417,4,E
17,Bryce Molder,"22' 4""",133.833,6,-1
18,Webb Simpson,"22' 5""",22.417,1,E
19,Jonathan Byrd,"29' 1""",29.083,1,E
20,Jhonattan Vegas,"29' 9""",89.333,3,+1
21,Scott Piercy,"32' 1""",32.083,1,+1
22,Bubba Watson,"32' 11""",98.667,3,+1
23,Kevin Na,"37' 2""",148.667,4,-2
24,Bill Haas,"38' 4""",115.000,3,E
25,Ben Crane,"38' 8""",115.917,3,+2
26,Aaron Baddeley,"46' 3""",184.917,4,E
27,Johnson Wagner,"57' 1""",171.250,3,+1
