rank,player,Avg,Total Distance (feet),# of Attempts,Relative to par
1,Keegan Bradley,"7' 8""",23.083,3,-1
2,Martin Laird,"11' 4""",101.667,9,-4
3,Rory Sabbatini,"12' 6""",37.417,3,E
4,Johnson Wagner,"13' 3""",79.500,6,-2
5,David Toms,"13' 4""",93.417,7,E
6,Michael Bradley,"15' 0""",75.083,5,E
6,Gary Woodland,"15' 0""",30.000,2,E
8,Scott Piercy,"15' 3""",91.333,6,-3
9,K.J. Choi,"15' 8""",62.750,4,-1
10,Chris Kirk,"16' 2""",64.500,4,-1
10,Bryce Molder,"16' 2""",64.750,4,-3
12,Sean O'Hair,"20' 0""",100.083,5,-4
13,Bubba Watson,"21' 1""",147.500,7,-1
14,Brendan Steele,"21' 10""",87.167,4,-1
15,Bill Haas,"22' 1""",88.333,4,E
16,Kevin Na,"22' 9""",45.417,2,-1
17,Jonathan Byrd,"23' 9""",237.250,10,-7
18,Nick Watney,"23' 11""",95.750,4,-2
19,Webb Simpson,"24' 7""",98.417,4,-2
20,Harrison Frazar,"26' 3""",157.333,6,-2
21,Steve Stricker,"26' 4""",78.917,3,-2
22,D.A. Points,"28' 9""",143.750,5,E
23,Aaron Baddeley,"30' 7""",152.917,5,E
24,Mark Wilson,"33' 0""",132.000,4,-1
25,Scott Stallings,"35' 8""",107.000,3,E
26,Jhonattan Vegas,"37' 6""",149.833,4,+2
27,Ben Crane,"38' 11""",194.500,5,E
