rank,player,Avg,Total Distance (feet),# of Attempts,Relative to par
1,Steve Stricker,"29' 5""",29.417,1,-1
2,Scott Stallings,"46' 8""",186.583,4,-3
3,Harrison Frazar,"48' 0""",96.000,2,-3
4,Martin Laird,"52' 10""",158.583,3,-3
5,Gary Woodland,"62' 2""",186.417,3,E
6,David Toms,"62' 7""",187.750,3,-1
7,Bubba Watson,"62' 9""",188.167,3,-2
8,Jhonattan Vegas,"65' 7""",65.583,1,E
9,Rory Sabbatini,"65' 10""",131.583,2,-2
10,Scott Piercy,"67' 4""",336.833,5,-5
11,Bill Haas,"70' 9""",282.917,4,-3
12,Aaron Baddeley,"71' 3""",142.500,2,-3
13,Chris Kirk,"72' 2""",144.333,2,E
14,Kevin Na,"73' 3""",219.833,3,-1
15,Mark Wilson,"79' 5""",238.333,3,-2
16,Michael Bradley,"81' 4""",244.000,3,-2
17,Nick Watney,"89' 1""",267.167,3,-1
18,D.A. Points,"93' 11""",469.500,5,-1
19,K.J. Choi,"108' 0""",216.000,2,-1
20,Brendan Steele,"108' 8""",217.250,2,-1
21,Webb Simpson,"113' 3""",339.667,3,-2
22,Ben Crane,"116' 6""",233.000,2,-2
23,Johnson Wagner,"116' 7""",466.250,4,-2
24,Jonathan Byrd,"117' 11""",471.583,4,-1
25,Bryce Molder,"131' 10""",131.833,1,E
26,Sean O'Hair,"133' 4""",133.333,1,E
