rank,player,Avg,Total Distance (feet),# of Attempts,Relative to par
1,Bubba Watson,"36' 7""",146.250,4,+1
2,Webb Simpson,"37' 3""",111.667,3,-2
3,Kevin Na,"41' 5""",124.333,3,-3
4,Keegan Bradley,"51' 4""",308.083,6,-3
5,Steve Stricker,"53' 0""",477.083,9,-6
6,Bryce Molder,"53' 1""",212.250,4,+1
7,K.J. Choi,"53' 10""",269.000,5,-5
8,Gary Woodland,"54' 2""",162.417,3,-3
9,Ben Crane,"54' 7""",381.917,7,-3
10,Johnson Wagner,"57' 8""",115.333,2,-2
11,Jhonattan Vegas,"58' 6""",292.583,5,-2
12,Scott Stallings,"58' 8""",175.917,3,-1
13,Rory Sabbatini,"60' 5""",302.000,5,-4
14,D.A. Points,"62' 0""",310.000,5,-3
15,Brendan Steele,"65' 1""",260.167,4,E
16,Nick Watney,"66' 0""",264.000,4,-2
17,Martin Laird,"66' 3""",264.833,4,-2
18,Bill Haas,"69' 2""",415.000,6,-3
19,David Toms,"72' 2""",216.500,3,E
20,Harrison Frazar,"72' 11""",291.667,4,-2
21,Chris Kirk,"75' 5""",301.500,4,-2
22,Mark Wilson,"75' 11""",303.667,4,-1
23,Scott Piercy,"79' 1""",632.500,8,-1
24,Sean O'Hair,"80' 7""",483.667,6,-2
25,Jonathan Byrd,"81' 1""",567.417,7,-1
26,Michael Bradley,"88' 4""",353.250,4,-1
27,Aaron Baddeley,"117' 5""",352.250,3,-1
