rank,player,Avg,Total Distance (feet),# of Attempts,Relative to par
1,Brendan Steele,"14' 8""",29.333,2,E
2,Scott Stallings,"20' 11""",104.667,5,-2
3,Mark Wilson,"21' 9""",130.583,6,-1
4,Bryce Molder,"21' 10""",65.500,3,E
5,Kevin Na,"22' 4""",89.417,4,-1
6,Michael Bradley,"26' 0""",208.250,8,-3
6,Chris Kirk,"26' 0""",182.000,7,-2
8,Harrison Frazar,"27' 2""",108.583,4,-2
9,Steve Stricker,"29' 5""",88.167,3,-1
10,Scott Piercy,"29' 7""",236.750,8,-3
10,Johnson Wagner,"29' 7""",118.167,4,E
12,Martin Laird,"33' 11""",169.667,5,-3
13,D.A. Points,"34' 2""",239.167,7,-2
14,Gary Woodland,"34' 9""",139.083,4,-1
15,Nick Watney,"34' 10""",139.250,4,E
16,Aaron Baddeley,"35' 9""",250.500,7,-2
17,K.J. Choi,"36' 5""",218.417,6,+1
18,Ben Crane,"37' 11""",265.500,7,-2
19,Keegan Bradley,"38' 3""",305.750,8,-2
20,Webb Simpson,"38' 10""",194.333,5,-3
21,Bubba Watson,"39' 5""",236.333,6,-2
22,Sean O'Hair,"40' 10""",367.833,9,E
23,Rory Sabbatini,"42' 0""",294.083,7,-3
24,David Toms,"43' 8""",262.167,6,+1
25,Jonathan Byrd,"44' 6""",222.417,5,-2
26,Bill Haas,"44' 10""",313.917,7,+1
27,Jhonattan Vegas,"48' 6""",339.500,7,+1
