rank,player,Avg,Total Distance (feet),# of Attempts,Relative to par
1,Jonathan Byrd,"26' 10""",214.667,8,-2
2,Rory Sabbatini,"27' 1""",216.500,8,-3
3,Webb Simpson,"28' 3""",282.333,10,-5
4,Aaron Baddeley,"35' 1""",350.583,10,-2
5,D.A. Points,"36' 1""",361.000,10,-1
6,Chris Kirk,"36' 7""",329.250,9,-1
7,Jhonattan Vegas,"37' 0""",407.083,11,-3
8,Nick Watney,"38' 5""",384.417,10,-3
9,Scott Stallings,"38' 8""",309.583,8,E
10,David Toms,"39' 8""",238.083,6,E
11,Bill Haas,"39' 9""",317.833,8,+1
12,Gary Woodland,"40' 4""",483.500,12,-1
13,Bubba Watson,"42' 4""",380.750,9,-2
14,Keegan Bradley,"43' 0""",344.167,8,E
14,Martin Laird,"43' 0""",343.667,8,+1
16,Kevin Na,"43' 5""",390.750,9,-2
17,Steve Stricker,"43' 10""",438.250,10,-1
18,K.J. Choi,"44' 11""",494.250,11,-3
19,Scott Piercy,"46' 10""",281.000,6,+1
20,Ben Crane,"49' 3""",394.167,8,-1
21,Harrison Frazar,"49' 11""",498.917,10,E
22,Michael Bradley,"51' 2""",460.250,9,+3
23,Bryce Molder,"52' 5""",628.667,12,-5
24,Mark Wilson,"52' 9""",369.333,7,-1
25,Johnson Wagner,"56' 11""",568.917,10,-1
26,Brendan Steele,"67' 3""",672.333,10,+4
27,Sean O'Hair,"67' 7""",473.167,7,+1
