rank,player,Avg,Total Distance (feet),# of Attempts,GIR Rank
1,David Toms,"33' 2""","2,352.333",71,Over
2,Webb Simpson,"35' 1""","2,492.000",71,Under
3,Mark Wilson,"35' 10""","2,542.583",71,Under
4,Kevin Na,"36' 1""","2,562.833",71,Under
5,Harrison Frazar,"36' 5""","2,588.167",71,Under
6,Nick Watney,"36' 7""","2,631.333",72,Under
7,Bryce Molder,"36' 8""","2,600.917",71,Under
7,Steve Stricker,"36' 8""","2,602.417",71,Under
9,Rory Sabbatini,"36' 9""","2,646.833",72,Under
10,Bubba Watson,"38' 5""","2,726.500",71,Under
11,Chris Kirk,"39' 7""","2,852.833",72,Under
12,Keegan Bradley,"39' 10""","2,829.750",71,Under
13,Aaron Baddeley,"40' 0""","2,877.833",72,Under
14,K.J. Choi,"40' 5""","2,910.083",72,Under
15,Gary Woodland,"40' 6""","2,917.917",72,Under
16,D.A. Points,"41' 5""","2,980.667",72,Under
17,Michael Bradley,"42' 2""","3,035.417",72,Under
18,Jonathan Byrd,"42' 11""","3,092.417",72,Under
19,Scott Piercy,"43' 0""","3,055.417",71,Under
20,Martin Laird,"43' 2""","3,107.000",72,Under
21,Bill Haas,"43' 8""","3,141.667",72,Under
22,Scott Stallings,"44' 11""","3,186.333",71,Under
23,Jhonattan Vegas,"45' 3""","3,256.417",72,Over
24,Ben Crane,"45' 7""","3,279.250",72,Under
25,Johnson Wagner,"47' 2""","3,397.167",72,Under
26,Brendan Steele,"47' 3""","3,305.333",70,Even
27,Sean O'Hair,"48' 8""","3,503.750",72,Under
