rank,player,Avg,Total Distance (feet),# of Attempts,Relative to par
1,Webb Simpson,"20' 1""",120.250,6,-1
2,Steve Stricker,"20' 2""",100.917,5,-2
3,Scott Piercy,"23' 8""",118.250,5,-1
4,K.J. Choi,"23' 10""",142.750,6,-1
5,David Toms,"24' 4""",170.083,7,+1
6,Rory Sabbatini,"25' 8""",128.250,5,E
7,Jonathan Byrd,"26' 0""",130.167,5,E
8,Harrison Frazar,"27' 3""",163.250,6,-1
9,Johnson Wagner,"30' 0""",179.833,6,E
10,Chris Kirk,"32' 3""",161.417,5,E
11,Bryce Molder,"33' 2""",166.000,5,-1
12,Michael Bradley,"33' 3""",232.500,7,E
13,Bubba Watson,"33' 6""",268.167,8,-1
14,Ben Crane,"33' 9""",168.833,5,E
15,Nick Watney,"34' 1""",204.667,6,-1
16,Bill Haas,"34' 9""",208.250,6,-2
17,Kevin Na,"35' 0""",175.167,5,-1
18,Aaron Baddeley,"35' 3""",246.833,7,E
19,Keegan Bradley,"35' 6""",248.250,7,E
20,Martin Laird,"37' 4""",186.750,5,E
21,Jhonattan Vegas,"38' 0""",189.917,5,+3
22,Brendan Steele,"38' 4""",230.083,6,+2
23,Mark Wilson,"38' 11""",272.250,7,+3
24,Sean O'Hair,"39' 11""",239.333,6,-2
25,D.A. Points,"44' 1""",176.333,4,E
26,Scott Stallings,"49' 1""",294.417,6,+3
27,Gary Woodland,"49' 4""",295.833,6,-1
