rank,player,Avg,Total Distance (feet),# of Attempts,Relative to par
1,Kevin Na,"30' 5""",30.417,1,-1
2,Gary Woodland,"31' 11""",31.917,1,-1
3,Keegan Bradley,"34' 9""",34.750,1,-1
4,K.J. Choi,"53' 2""",106.333,2,-1
5,Jonathan Byrd,"93' 9""",187.500,2,E
6,Nick Watney,"95' 10""",191.583,2,E
7,Harrison Frazar,"101' 3""",202.500,2,E
8,Rory Sabbatini,"102' 10""",102.833,1,E
9,Bill Haas,"110' 9""",110.750,1,E
10,Michael Bradley,"111' 2""",111.167,1,E
11,D.A. Points,"117' 3""",117.250,1,-1
12,Steve Stricker,"129' 6""",388.500,3,-3
13,Sean O'Hair,"133' 10""",133.833,1,-1
13,Webb Simpson,"133' 10""",133.833,1,E
15,Martin Laird,"134' 3""",134.250,1,-1
16,Ben Crane,"139' 5""",139.417,1,E
17,Brendan Steele,"147' 10""",295.583,2,-1
18,Jhonattan Vegas,"148' 0""",148.000,1,-1
19,Mark Wilson,"169' 6""",169.500,1,E
20,Johnson Wagner,"195' 2""",195.167,1,E
