rank,player,Total
1,Joaquin Niemann,31
2,Justin Thomas,27
3,Harris English,26
4,Lanto Griffin,25
4,Collin Morikawa,25
4,Ryan Palmer,25
4,Jon Rahm,25
8,Patrick Cantlay,24
8,Sungjae Im,24
8,Dustin Johnson,24
11,Abraham Ancer,23
11,Daniel Berger,23
11,Sergio Garcia,23
14,Sebastián Muñoz,22
14,Scottie Scheffler,22
14,Webb Simpson,22
14,Cameron Smith,22
18,Xander Schauffele,21
18,Michael Thompson,21
18,Brendon Todd,21
18,Richy Werenski,21
22,Cameron Champ,20
22,Bryson DeChambeau,20
22,Martin Laird,20
22,Adam Scott,20
26,Stewart Cink,19
26,Tony Finau,19
26,Brian Gay,19
26,Billy Horschel,19
26,Kevin Kisner,19
26,Jason Kokrak,19
32,Patrick Reed,18
32,Nick Taylor,18
34,Viktor Hovland,17
34,Marc Leishman,17
34,Kevin Na,17
34,Hudson Swafford,17
38,Robert Streb,16
39,Carlos Ortiz,15
40,Andrew Landry,14
41,Hideki Matsuyama,13
42,Mackenzie Hughes,11
