rank,player,%
1,Scottie Scheffler,100.00
2,Abraham Ancer,83.33
3,Brendon Todd,75.00
4,Marc Leishman,66.67
5,Jon Rahm,60.00
5,Nick Taylor,60.00
7,Patrick Cantlay,57.14
8,Joaquin Niemann,50.00
8,Xander Schauffele,50.00
8,Justin Thomas,50.00
11,Cameron Champ,42.86
11,Webb Simpson,42.86
11,Cameron Smith,42.86
14,Billy Horschel,40.00
14,Collin Morikawa,40.00
16,Robert Streb,37.50
17,Harris English,33.33
17,Viktor Hovland,33.33
17,Sebastián Muñoz,33.33
17,Patrick Reed,33.33
21,Stewart Cink,28.57
21,Brian Gay,28.57
21,Lanto Griffin,28.57
21,Richy Werenski,28.57
25,Sergio Garcia,25.00
25,Martin Laird,25.00
25,Adam Scott,25.00
28,Sungjae Im,20.00
28,Dustin Johnson,20.00
28,Jason Kokrak,20.00
28,Hideki Matsuyama,20.00
28,Kevin Na,20.00
33,Ryan Palmer,16.67
34,Kevin Kisner,14.29
34,Andrew Landry,14.29
36,Tony Finau,12.50
36,Mackenzie Hughes,12.50
38,Hudson Swafford,10.00
39,Daniel Berger,.00
39,Bryson DeChambeau,.00
39,Carlos Ortiz,.00
39,Michael Thompson,.00
