rank,player,%,# Birdies/Eagles,# Holes
1,Joaquin Niemann,43.06,31,72
2,Ryan Palmer,38.89,28,72
2,Justin Thomas,38.89,28,72
4,Harris English,37.50,27,72
5,Sergio Garcia,34.72,25,72
5,Lanto Griffin,34.72,25,72
5,Sungjae Im,34.72,25,72
5,Collin Morikawa,34.72,25,72
5,Jon Rahm,34.72,25,72
10,Patrick Cantlay,33.33,24,72
10,Dustin Johnson,33.33,24,72
10,Xander Schauffele,33.33,24,72
13,Abraham Ancer,31.94,23,72
13,Daniel Berger,31.94,23,72
13,Scottie Scheffler,31.94,23,72
13,Webb Simpson,31.94,23,72
13,Michael Thompson,31.94,23,72
18,Sebastián Muñoz,30.56,22,72
18,Cameron Smith,30.56,22,72
20,Bryson DeChambeau,29.17,21,72
20,Brendon Todd,29.17,21,72
20,Richy Werenski,29.17,21,72
23,Cameron Champ,27.78,20,72
23,Tony Finau,27.78,20,72
23,Brian Gay,27.78,20,72
23,Billy Horschel,27.78,20,72
23,Kevin Kisner,27.78,20,72
23,Jason Kokrak,27.78,20,72
23,Martin Laird,27.78,20,72
23,Patrick Reed,27.78,20,72
23,Adam Scott,27.78,20,72
32,Stewart Cink,26.39,19,72
33,Hudson Swafford,25.00,18,72
33,Nick Taylor,25.00,18,72
35,Viktor Hovland,23.61,17,72
35,Marc Leishman,23.61,17,72
35,Kevin Na,23.61,17,72
38,Robert Streb,22.22,16,72
39,Carlos Ortiz,20.83,15,72
40,Andrew Landry,19.44,14,72
40,Hideki Matsuyama,19.44,14,72
42,Mackenzie Hughes,16.67,12,72
