rank,player,Frequency,# of Holes,# of Eagles
1,Ryan Palmer,24.0,72,3
1,Xander Schauffele,24.0,72,3
3,Sergio Garcia,36.0,72,2
3,Patrick Reed,36.0,72,2
3,Michael Thompson,36.0,72,2
6,Bryson DeChambeau,72.0,72,1
6,Harris English,72.0,72,1
6,Tony Finau,72.0,72,1
6,Brian Gay,72.0,72,1
6,Billy Horschel,72.0,72,1
6,Mackenzie Hughes,72.0,72,1
6,Sungjae Im,72.0,72,1
6,Kevin Kisner,72.0,72,1
6,Jason Kokrak,72.0,72,1
6,Hideki Matsuyama,72.0,72,1
6,Scottie Scheffler,72.0,72,1
6,Webb Simpson,72.0,72,1
6,Hudson Swafford,72.0,72,1
6,Justin Thomas,72.0,72,1
