rank,player,Total
1,Jason Day,25
1,Russell Henley,25
1,Chris Kirk,25
4,Zach Johnson,24
4,Scott Stallings,24
6,Sangmoon Bae,23
6,Hideki Matsuyama,23
6,Jimmy Walker,23
9,Matt Jones,22
9,S.Y. Noh,22
9,Patrick Reed,22
9,Bubba Watson,22
13,Brendon Todd,21
14,Matt Every,20
14,Brian Harman,20
14,Charley Hoffman,20
14,Ben Martin,20
14,Geoff Ogilvy,20
14,Robert Streb,20
20,Tim Clark,19
21,Chesson Hadley,18
21,Matt Kuchar,18
21,John Senden,18
21,Kevin Streelman,18
25,Steven Bowditch,17
25,Ángel Cabrera,17
25,Ben Crane,17
28,Billy Horschel,16
28,Hunter Mahan,16
28,Ryan Moore,16
28,Nick Taylor,16
32,Camilo Villegas,14
33,J.B. Holmes,13
