rank,player,%
1,Brendon Todd,75.00
2,Billy Horschel,66.67
2,Patrick Reed,66.67
4,Jason Day,50.00
4,Matt Every,50.00
4,Zach Johnson,50.00
4,Robert Streb,50.00
8,Steven Bowditch,42.86
9,Scott Stallings,40.00
10,J.B. Holmes,38.46
11,Kevin Streelman,37.50
12,Charley Hoffman,33.33
12,Hideki Matsuyama,33.33
12,John Senden,33.33
15,Tim Clark,30.00
15,Geoff Ogilvy,30.00
17,Brian Harman,28.57
17,Ben Martin,28.57
19,Matt Jones,25.00
19,S.Y. Noh,25.00
21,Sangmoon Bae,20.00
22,Ben Crane,18.18
23,Matt Kuchar,16.67
23,Ryan Moore,16.67
25,Bubba Watson,14.29
26,Chris Kirk,12.50
26,Camilo Villegas,12.50
28,Chesson Hadley,11.11
29,Ángel Cabrera,.00
29,Russell Henley,.00
29,Hunter Mahan,.00
29,Nick Taylor,.00
29,Jimmy Walker,.00
