rank,player,%,# Birdies/Eagles,# Holes
1,Jason Day,34.72,25,72
1,Russell Henley,34.72,25,72
1,Chris Kirk,34.72,25,72
4,Zach Johnson,33.33,24,72
4,Scott Stallings,33.33,24,72
6,Sangmoon Bae,31.94,23,72
6,Hideki Matsuyama,31.94,23,72
6,S.Y. Noh,31.94,23,72
6,Patrick Reed,31.94,23,72
6,Jimmy Walker,31.94,23,72
11,Matt Jones,30.56,22,72
11,Bubba Watson,30.56,22,72
13,Ben Martin,29.17,21,72
13,Brendon Todd,29.17,21,72
15,Matt Every,27.78,20,72
15,Brian Harman,27.78,20,72
15,Charley Hoffman,27.78,20,72
15,Geoff Ogilvy,27.78,20,72
15,Robert Streb,27.78,20,72
20,Tim Clark,26.39,19,72
20,Chesson Hadley,26.39,19,72
20,John Senden,26.39,19,72
23,Steven Bowditch,25.00,18,72
23,Matt Kuchar,25.00,18,72
23,Kevin Streelman,25.00,18,72
26,Ángel Cabrera,23.61,17,72
26,Ben Crane,23.61,17,72
26,Ryan Moore,23.61,17,72
29,Billy Horschel,22.22,16,72
29,Hunter Mahan,22.22,16,72
29,Nick Taylor,22.22,16,72
32,J.B. Holmes,20.83,15,72
33,Camilo Villegas,19.44,14,72
