rank,player,Total
1,J.B. Holmes,2
2,Steven Bowditch,1
2,Chesson Hadley,1
2,Ben Martin,1
2,Ryan Moore,1
2,S.Y. Noh,1
2,Patrick Reed,1
2,John Senden,1
9,Sangmoon Bae,0
9,Ángel Cabrera,0
9,Tim Clark,0
9,Ben Crane,0
9,Jason Day,0
9,Matt Every,0
9,Brian Harman,0
9,Russell Henley,0
9,Charley Hoffman,0
9,Billy Horschel,0
9,Zach Johnson,0
9,Matt Jones,0
9,Chris Kirk,0
9,Matt Kuchar,0
9,Hunter Mahan,0
9,Hideki Matsuyama,0
9,Geoff Ogilvy,0
9,Scott Stallings,0
9,Robert Streb,0
9,Kevin Streelman,0
9,Nick Taylor,0
9,Brendon Todd,0
9,Camilo Villegas,0
9,Jimmy Walker,0
9,Bubba Watson,0
