rank,player,Avg,Total Distance (feet),# of Attempts,Relative to par
1,Ryuji Imada,"2' 1""",2.083,1,E
2,Stewart Cink,"7' 5""",7.417,1,-1
3,John Cook,"8' 4""",16.583,2,E
4,Tom Lehman,"8' 10""",26.417,3,-2
4,Nick Watney,"8' 10""",8.833,1,E
6,Duffy Waldorf,"9' 4""",18.583,2,-1
7,Paul Azinger,"9' 8""",19.333,2,E
8,Bob Estes,"9' 9""",9.750,1,E
9,Adam Scott,"10' 10""",32.500,3,-1
10,Dick Mast,"11' 2""",22.250,2,-1
11,Tommy Armour III,"11' 4""",22.583,2,-1
11,Shaun Micheel,"11' 4""",22.667,2,+1
13,Hank Kuehne,"11' 8""",23.333,2,-2
14,Jeff Maggert,"12' 1""",12.083,1,E
15,Steve Flesch,"12' 7""",37.750,3,E
16,Jonathan Byrd,"12' 10""",25.583,2,-1
17,Jason Allred,"13' 4""",13.333,1,E
18,Zach Johnson,"13' 6""",13.500,1,E
19,Peter Jacobsen,"13' 8""",13.667,1,E
20,Billy Mayfair,"13' 9""",13.750,1,E
21,Shigeki Maruyama,"13' 10""",27.667,2,E
22,Bart Bryant,"14' 4""",14.333,1,E
23,Tom Kite,"14' 8""",14.667,1,E
24,Ryan Palmer,"14' 9""",14.750,1,-1
25,Brian Gay,"14' 11""",59.667,4,+2
26,Sean Murphy,"15' 2""",15.167,1,-1
27,Paul Gow,"15' 9""",63.083,4,E
28,Luke Donald,"16' 11""",16.917,1,+1
28,Dean Wilson,"16' 11""",33.750,2,+1
30,Brent Geiberger,"17' 3""",34.417,2,+1
31,Sean O'Hair,"18' 1""",54.250,3,E
32,Jonathan Kaye,"18' 9""",93.667,5,-1
33,Ben Crane,"19' 4""",19.333,1,E
34,Chad Campbell,"19' 10""",79.417,4,-2
34,Robert Gamez,"19' 10""",59.500,3,E
36,Jeff Sluman,"19' 11""",19.917,1,E
37,Jim Furyk,"20' 4""",40.583,2,E
38,D.J. Brigman,"20' 5""",40.750,2,+2
39,Rich Beem,"20' 10""",83.167,4,E
40,Greg Owen,"21' 2""",42.333,2,E
41,Arron Oberholser,"21' 6""",128.833,6,-1
41,David Toms,"21' 6""",21.500,1,E
43,John Riegger,"21' 7""",21.583,1,E
44,Steve Jones,"21' 10""",87.167,4,E
44,Justin Rose,"21' 10""",65.417,3,+1
46,Tom Byrum,"22' 2""",66.417,3,+1
47,Greg Meyer,"24' 4""",48.583,2,+1
48,Jesper Parnevik,"24' 6""",73.417,3,+2
49,Tim Herron,"24' 10""",74.583,3,+1
50,Retief Goosen,"25' 7""",25.583,1,E
51,Larry Mize,"25' 8""",51.333,2,-1
52,Todd Hamilton,"25' 11""",25.917,1,+1
53,Franklin Langham,"26' 2""",52.250,2,+1
54,Woody Austin,"26' 3""",78.833,3,+2
54,Vijay Singh,"26' 3""",26.250,1,E
56,Briny Baird,"26' 7""",106.167,4,E
57,D.A. Points,"26' 10""",80.500,3,+1
58,Rory Sabbatini,"27' 9""",55.417,2,E
59,Tom Pernice Jr.,"28' 11""",86.750,3,-1
60,Joey Snyder III,"31' 0""",92.917,3,E
61,Charles Warren,"31' 8""",158.500,5,E
62,Steve Allan,"31' 9""",63.417,2,E
63,Jason Bohn,"33' 9""",101.167,3,+1
64,Andrew Magee,"35' 2""",70.333,2,E
65,Craig Parry,"43' 3""",43.250,1,E
66,Omar Uresti,"45' 6""",91.000,2,+2
67,Brett Quigley,"47' 7""",95.167,2,E
68,Heath Slocum,"57' 4""",57.333,1,+1
