rank,player,Avg,Total Distance (feet),# of Attempts,GIR Rank
1,Ernie Els,"30' 1""","2,166.833",72,Under
2,Chad Campbell,"30' 3""","2,180.667",72,Over
3,Dick Mast,"30' 9""","2,212.667",72,Over
4,Justin Rose,"32' 9""","2,357.167",72,Under
5,Bart Bryant,"33' 1""","2,382.333",72,Under
6,Shigeki Maruyama,"33' 4""","2,399.583",72,Under
7,Brian Gay,"33' 7""","2,418.583",72,Under
8,Brent Geiberger,"33' 10""","2,437.833",72,Under
9,Jason Bohn,"34' 3""","2,466.167",72,Under
10,John Cook,"34' 7""","2,489.167",72,Over
10,Greg Owen,"34' 7""","2,489.750",72,Over
12,Peter Jacobsen,"34' 10""","2,505.167",72,Under
12,Larry Mize,"34' 10""","2,507.500",72,Under
12,Craig Parry,"34' 10""","2,506.083",72,Under
15,Ryan Palmer,"35' 0""","2,521.750",72,Under
16,Duffy Waldorf,"35' 2""","2,532.167",72,Over
17,Rory Sabbatini,"35' 6""","2,558.250",72,Over
18,Tommy Armour III,"35' 7""","2,562.167",72,Under
19,Tom Byrum,"35' 8""","2,570.667",72,Under
20,Adam Scott,"35' 9""","2,572.417",72,Under
21,Bob Estes,"36' 0""","2,594.583",72,Over
21,Greg Meyer,"36' 0""","2,590.583",72,Over
21,D.J. Trahan,"36' 0""","2,594.833",72,Over
24,Luke Donald,"36' 1""","2,600.750",72,Under
25,Arron Oberholser,"36' 4""","2,614.417",72,Under
26,Jonathan Kaye,"36' 5""","2,620.750",72,Under
27,Ryuji Imada,"36' 6""","2,626.833",72,Over
28,Robert Gamez,"36' 7""","2,634.917",72,Under
29,Todd Hamilton,"36' 8""","2,637.333",72,Over
29,Charles Howell III,"36' 8""","2,639.750",72,Under
31,Daniel Chopra,"36' 11""","2,655.417",72,Over
32,Briny Baird,"37' 1""","2,670.000",72,Over
32,Zach Johnson,"37' 1""","2,669.667",72,Over
34,Tim Herron,"37' 4""","2,690.833",72,Under
35,Joe Durant,"37' 5""","2,694.083",72,Under
36,Sean Murphy,"37' 6""","2,701.000",72,Even
36,Loren Roberts,"37' 6""","2,701.583",72,Under
36,David Toms,"37' 6""","2,700.333",72,Under
39,Billy Mayfair,"37' 10""","2,724.250",72,Over
40,John Riegger,"38' 0""","2,737.083",72,Over
41,Shaun Micheel,"38' 1""","2,740.583",72,Under
41,Rob Rashell,"38' 1""","2,741.417",72,Over
43,Woody Austin,"38' 3""","2,756.833",72,Over
43,Jonathan Byrd,"38' 3""","2,752.583",72,Over
43,Steve Flesch,"38' 3""","2,752.250",72,Over
43,Jeff Sluman,"38' 3""","2,755.333",72,Under
47,Stewart Cink,"38' 5""","2,765.167",72,Under
48,Franklin Langham,"38' 6""","2,771.667",72,Even
49,Tom Kite,"38' 7""","2,776.083",72,Over
49,Pat Perez,"38' 7""","2,777.000",72,Under
51,Vijay Singh,"38' 8""","2,786.917",72,Under
52,Tom Lehman,"38' 9""","2,789.667",72,Under
53,Jim Furyk,"38' 10""","2,793.583",72,Under
53,Retief Goosen,"38' 10""","2,794.833",72,Over
55,Nick Watney,"38' 11""","2,799.750",72,Over
56,Paul Gow,"39' 1""","2,816.667",72,Over
57,Jeff Maggert,"39' 6""","2,805.083",71,Under
58,Charles Warren,"39' 10""","2,867.583",72,Over
59,Dean Wilson,"39' 11""","2,871.167",72,Over
60,Andrew Magee,"40' 1""","2,887.250",72,Under
60,Sean O'Hair,"40' 1""","2,887.500",72,Over
62,D.A. Points,"40' 2""","2,891.500",72,Over
62,Joey Snyder III,"40' 2""","2,889.417",72,Over
64,Chris Riley,"40' 3""","2,900.417",72,Under
65,Heath Slocum,"40' 6""","2,914.417",72,Even
66,Rich Beem,"40' 7""","2,924.167",72,Even
67,Omar Uresti,"40' 9""","2,932.750",72,Over
68,Steve Allan,"40' 11""","2,943.417",72,Over
69,Craig Stadler,"41' 0""","2,954.833",72,Under
70,Paul Azinger,"41' 4""","2,977.833",72,Under
70,Ben Crane,"41' 4""","2,975.583",72,Over
72,Brett Quigley,"42' 3""","3,039.833",72,Under
73,D.J. Brigman,"42' 4""","3,049.750",72,Over
74,Tom Pernice Jr.,"42' 5""","3,054.083",72,Over
75,Jesper Parnevik,"42' 6""","3,060.833",72,Over
76,Jason Allred,"42' 8""","3,071.833",72,Under
77,Hank Kuehne,"42' 11""","3,088.250",72,Over
78,Steve Jones,"45' 0""","3,239.500",72,Over
