rank,player,Avg,Total Distance (feet),# of Attempts,Relative to par
1,Sean Murphy,"10""",.833,1,-1
2,Daniel Chopra,"1' 1""",1.083,1,E
3,John Cook,"1' 2""",2.333,2,-1
4,Jim Furyk,"1' 9""",3.500,2,-1
5,Vijay Singh,"2' 9""",2.750,1,-1
6,Chad Campbell,"3' 5""",3.417,1,-1
7,Heath Slocum,"3' 9""",3.750,1,E
8,Ben Crane,"3' 10""",3.833,1,-1
8,Ernie Els,"3' 10""",7.583,2,-2
10,Peter Jacobsen,"4' 0""",8.000,2,-2
11,Jason Allred,"5' 4""",5.333,1,-1
12,Pat Perez,"5' 5""",10.750,2,-1
13,Tom Lehman,"6' 6""",13.000,2,E
14,Ryan Palmer,"6' 8""",6.667,1,+1
15,Rob Rashell,"7' 8""",22.917,3,E
16,Rory Sabbatini,"8' 11""",8.917,1,-1
17,Arron Oberholser,"9' 1""",9.083,1,+1
18,David Toms,"9' 2""",9.167,1,E
19,Duffy Waldorf,"9' 9""",29.333,3,E
20,Loren Roberts,"9' 10""",29.583,3,-1
21,Jonathan Kaye,"10' 3""",30.833,3,-1
22,Jeff Maggert,"10' 6""",20.917,2,-1
23,Tom Kite,"10' 7""",31.833,3,E
24,Sean O'Hair,"10' 11""",10.917,1,-1
25,Tom Pernice Jr.,"11' 1""",11.083,1,+1
26,Greg Owen,"11' 3""",11.250,1,E
27,Paul Gow,"11' 4""",45.167,4,+2
28,Zach Johnson,"11' 6""",34.500,3,E
29,Paul Azinger,"11' 8""",34.917,3,-1
29,Rich Beem,"11' 8""",23.333,2,E
31,John Riegger,"11' 10""",11.833,1,E
32,Todd Hamilton,"11' 11""",47.500,4,+1
33,Steve Jones,"12' 2""",24.250,2,-1
34,Retief Goosen,"12' 7""",12.583,1,+5
35,Andrew Magee,"12' 9""",12.750,1,E
36,Brian Gay,"13' 1""",26.167,2,E
37,Franklin Langham,"13' 4""",26.583,2,+1
37,Craig Parry,"13' 4""",13.333,1,-1
39,Charles Howell III,"14' 9""",14.750,1,-1
40,Bob Estes,"15' 6""",92.833,6,-1
41,Dick Mast,"15' 10""",63.333,4,E
42,Chris Riley,"16' 5""",65.750,4,-3
43,Steve Flesch,"16' 6""",32.917,2,E
44,Tim Herron,"17' 4""",17.333,1,E
45,Larry Mize,"17' 6""",35.000,2,-1
46,Stewart Cink,"17' 10""",35.583,2,E
47,Jeff Sluman,"18' 5""",55.250,3,E
48,Shigeki Maruyama,"19' 5""",77.667,4,+1
49,D.A. Points,"19' 7""",39.167,2,+1
50,Ryuji Imada,"21' 10""",21.833,1,E
51,Billy Mayfair,"22' 3""",66.667,3,+1
52,Shaun Micheel,"23' 1""",46.167,2,E
53,Brent Geiberger,"23' 3""",69.750,3,+2
54,Tom Byrum,"23' 4""",69.917,3,E
55,Greg Meyer,"24' 4""",73.083,3,E
56,Steve Allan,"25' 2""",50.250,2,E
57,Robert Gamez,"25' 3""",25.250,1,E
58,Brett Quigley,"25' 6""",25.500,1,E
59,Jason Bohn,"27' 3""",27.250,1,+1
60,Omar Uresti,"28' 5""",56.833,2,E
61,Craig Stadler,"28' 11""",28.917,1,E
62,Joey Snyder III,"29' 11""",29.917,1,E
63,Jesper Parnevik,"31' 0""",92.917,3,+3
64,Charles Warren,"34' 5""",34.417,1,E
65,D.J. Brigman,"34' 6""",68.917,2,+2
66,Luke Donald,"34' 10""",34.833,1,E
67,Dean Wilson,"38' 9""",154.833,4,E
68,D.J. Trahan,"51' 1""",102.167,2,+1
69,Briny Baird,"84' 0""",84.000,1,E
