rank,player,Avg RTP,Total Holes,Total RTP
1,Mackenzie Hughes,E,4,E
1,Tom Kim,E,4,E
1,Denny McCarthy,E,2,E
1,Collin Morikawa,E,1,E
1,Xander Schauffele,E,3,E
1,Scottie Scheffler,E,1,E
1,Jordan Spieth,E,3,E
1,Sahith Theegala,E,3,E
1,Cameron Young,E,5,E
10,Justin Rose,+.125,8,+1.00
11,Jason Day,+.167,6,+1.00
11,Russell Henley,+.167,6,+1.00
11,Si Woo Kim,+.167,6,+1.00
11,Chris Kirk,+.167,6,+1.00
15,Brendon Todd,+.200,5,+1.00
15,Matt Wallace,+.200,5,+1.00
17,Eric Cole,+.250,4,+1.00
17,Nico Echavarria,+.250,4,+1.00
17,Max Homa,+.250,4,+1.00
17,J.T. Poston,+.250,4,+1.00
21,Camilo Villegas,+.286,7,+2.00
22,Akshay Bhatia,+.333,3,+1.00
22,Harris English,+.333,6,+2.00
22,Kurt Kitayama,+.333,6,+2.00
22,Taylor Moore,+.333,3,+1.00
26,Sam Burns,+.400,5,+2.00
26,Vincent Norrman,+.400,10,+4.00
26,Adam Schenk,+.400,5,+2.00
29,Hideki Matsuyama,+.429,7,+3.00
30,Byeong Hun An,+.500,6,+3.00
30,Tommy Fleetwood,+.500,4,+2.00
30,Lucas Glover,+.500,4,+2.00
30,Tyrrell Hatton,+.500,4,+2.00
30,Luke List,+.500,4,+2.00
30,Davis Riley,+.500,10,+5.00
30,Erik van Rooyen,+.500,4,+2.00
37,Emiliano Grillo,+.556,9,+5.00
38,Keegan Bradley,+.571,7,+4.00
39,Patrick Cantlay,+.600,5,+3.00
39,Lee Hodges,+.600,5,+3.00
39,Tom Hoge,+.600,5,+3.00
39,Adam Svensson,+.600,5,+3.00
43,Tony Finau,+.667,6,+4.00
43,Patrick Rodgers,+.667,3,+2.00
43,Sepp Straka,+.667,3,+2.00
46,Matt Fitzpatrick,+.750,4,+3.00
46,Nick Hardy,+.750,4,+3.00
48,Adam Hadwin,+.800,5,+4.00
48,Brian Harman,+.800,5,+4.00
50,Sungjae Im,+.833,6,+5.00
51,Nick Taylor,+.857,7,+6.00
52,Ludvig Åberg,+1.000,5,+5.00
52,Wyndham Clark,+1.000,1,+1.00
52,Corey Conners,+1.000,1,+1.00
52,Cam Davis,+1.000,4,+4.00
52,Rickie Fowler,+1.000,2,+2.00
52,Viktor Hovland,+1.000,5,+5.00
52,Seamus Power,+1.000,4,+4.00
59,Andrew Putnam,+1.333,3,+4.00
