rank,player,Avg RTP,Total Holes,Total RTP
1,Patrick Cantlay,E,1,E
1,Nick Hardy,E,1,E
1,Max Homa,E,1,E
1,Chris Kirk,E,2,E
5,Byeong Hun An,+.333,3,+1.00
5,Jason Day,+.333,3,+1.00
5,Viktor Hovland,+.333,3,+1.00
5,Mackenzie Hughes,+.333,3,+1.00
9,Emiliano Grillo,+.400,5,+2.00
10,Tony Finau,+.500,2,+1.00
10,Russell Henley,+.500,2,+1.00
10,Erik van Rooyen,+.500,2,+1.00
10,Camilo Villegas,+.500,8,+4.00
14,Lee Hodges,+.667,3,+2.00
14,Luke List,+.667,3,+2.00
14,Vincent Norrman,+.667,9,+6.00
14,J.T. Poston,+.667,3,+2.00
14,Adam Svensson,+.667,3,+2.00
19,Tommy Fleetwood,+.714,7,+5.00
20,Wyndham Clark,+.750,4,+3.00
21,Keegan Bradley,+1.000,3,+3.00
21,Sam Burns,+1.000,3,+3.00
21,Eric Cole,+1.000,1,+1.00
21,Corey Conners,+1.000,1,+1.00
21,Nico Echavarria,+1.000,3,+3.00
21,Harris English,+1.000,2,+2.00
21,Matt Fitzpatrick,+1.000,4,+4.00
21,Adam Hadwin,+1.000,3,+3.00
21,Brian Harman,+1.000,3,+3.00
21,Tom Hoge,+1.000,2,+2.00
21,Sungjae Im,+1.000,2,+2.00
21,Tom Kim,+1.000,1,+1.00
21,Kurt Kitayama,+1.000,1,+1.00
21,Denny McCarthy,+1.000,5,+5.00
21,Taylor Moore,+1.000,1,+1.00
21,Andrew Putnam,+1.000,1,+1.00
21,Justin Rose,+1.000,4,+4.00
21,Adam Schenk,+1.000,1,+1.00
21,Sepp Straka,+1.000,1,+1.00
21,Sahith Theegala,+1.000,1,+1.00
21,Matt Wallace,+1.000,4,+4.00
42,Ludvig Åberg,+1.167,6,+7.00
43,Davis Riley,+1.200,5,+6.00
43,Brendon Todd,+1.200,5,+6.00
45,Cameron Young,+1.333,3,+4.00
46,Cam Davis,+1.400,5,+7.00
46,Seamus Power,+1.400,5,+7.00
48,Hideki Matsuyama,+1.500,2,+3.00
48,Jordan Spieth,+1.500,2,+3.00
48,Nick Taylor,+1.500,2,+3.00
51,Rickie Fowler,+1.750,4,+7.00
52,Akshay Bhatia,+2.000,1,+2.00
52,Lucas Glover,+2.000,1,+2.00
52,Tyrrell Hatton,+2.000,2,+4.00
