rank,player,Avg RTP,Total Holes,Total RTP
1,J.T. Poston,-.167,6,-1.00
2,Sam Burns,E,8,E
2,Wyndham Clark,E,3,E
2,Eric Cole,E,6,E
2,Cam Davis,E,6,E
2,Jason Day,E,6,E
2,Tommy Fleetwood,E,3,E
2,Lucas Glover,E,4,E
2,Tyrrell Hatton,E,6,E
2,Tom Hoge,E,1,E
2,Kurt Kitayama,E,2,E
2,Luke List,E,6,E
2,Denny McCarthy,E,3,E
2,Collin Morikawa,E,4,E
2,Vincent Norrman,E,4,E
2,Seamus Power,E,2,E
2,Xander Schauffele,E,4,E
2,Jordan Spieth,E,2,E
2,Sahith Theegala,E,4,E
2,Matt Wallace,E,2,E
2,Cameron Young,E,4,E
22,Justin Rose,+.143,7,+1.00
23,Russell Henley,+.167,6,+1.00
23,Viktor Hovland,+.167,6,+1.00
23,Chris Kirk,+.167,6,+1.00
23,Erik van Rooyen,+.167,6,+1.00
27,Harris English,+.200,5,+1.00
27,Adam Hadwin,+.200,5,+1.00
27,Si Woo Kim,+.200,10,+2.00
27,Davis Riley,+.200,5,+1.00
31,Brian Harman,+.250,8,+2.00
31,Max Homa,+.250,4,+1.00
31,Tom Kim,+.250,8,+2.00
34,Akshay Bhatia,+.286,7,+2.00
34,Camilo Villegas,+.286,7,+2.00
36,Ludvig Åberg,+.333,3,+1.00
36,Matt Fitzpatrick,+.333,3,+1.00
36,Mackenzie Hughes,+.333,6,+2.00
36,Hideki Matsuyama,+.333,9,+3.00
36,Adam Schenk,+.333,3,+1.00
41,Patrick Rodgers,+.400,5,+2.00
41,Scottie Scheffler,+.400,5,+2.00
43,Adam Svensson,+.429,7,+3.00
44,Keegan Bradley,+.500,2,+1.00
44,Patrick Cantlay,+.500,4,+2.00
44,Corey Conners,+.500,4,+2.00
44,Rickie Fowler,+.500,6,+3.00
44,Nick Taylor,+.500,6,+3.00
44,Brendon Todd,+.500,4,+2.00
50,Nico Echavarria,+.571,7,+4.00
51,Taylor Moore,+.600,5,+3.00
51,Sepp Straka,+.600,5,+3.00
53,Tony Finau,+.625,8,+5.00
54,Byeong Hun An,+.667,3,+2.00
54,Emiliano Grillo,+.667,6,+4.00
54,Sungjae Im,+.667,6,+4.00
57,Lee Hodges,+.714,7,+5.00
58,Andrew Putnam,+.750,4,+3.00
59,Nick Hardy,+1.000,1,+1.00
