rank,player,Avg RTP,Total Holes,Total RTP
1,Ludvig Åberg,E,3,E
1,Patrick Cantlay,E,3,E
1,Eric Cole,E,4,E
1,Lucas Glover,E,2,E
1,Adam Hadwin,E,1,E
1,Viktor Hovland,E,1,E
1,Tom Kim,E,2,E
1,Chris Kirk,E,3,E
1,Justin Rose,E,1,E
1,Jordan Spieth,E,4,E
1,Sepp Straka,E,1,E
1,Brendon Todd,E,1,E
1,Camilo Villegas,E,4,E
1,Cameron Young,E,2,E
15,Matt Fitzpatrick,+.200,5,+1.00
16,Nico Echavarria,+.250,4,+1.00
16,Tommy Fleetwood,+.250,4,+1.00
16,Si Woo Kim,+.250,4,+1.00
16,Davis Riley,+.250,4,+1.00
20,Akshay Bhatia,+.333,3,+1.00
20,Sam Burns,+.333,3,+1.00
20,Harris English,+.333,6,+2.00
20,Max Homa,+.333,3,+1.00
20,Collin Morikawa,+.333,3,+1.00
20,Xander Schauffele,+.333,3,+1.00
20,Sahith Theegala,+.333,3,+1.00
27,Byeong Hun An,+.400,5,+2.00
27,Taylor Moore,+.400,5,+2.00
29,Jason Day,+.500,2,+1.00
29,Emiliano Grillo,+.500,2,+1.00
29,Brian Harman,+.500,2,+1.00
29,Tyrrell Hatton,+.500,2,+1.00
29,Lee Hodges,+.500,2,+1.00
29,Mackenzie Hughes,+.500,4,+2.00
29,Kurt Kitayama,+.500,4,+2.00
29,Luke List,+.500,4,+2.00
29,Vincent Norrman,+.500,4,+2.00
29,Patrick Rodgers,+.500,2,+1.00
29,Adam Schenk,+.500,2,+1.00
29,Erik van Rooyen,+.500,4,+2.00
41,Tom Hoge,+.600,5,+3.00
42,Nick Hardy,+.667,3,+2.00
42,Russell Henley,+.667,3,+2.00
42,Hideki Matsuyama,+.667,3,+2.00
42,Seamus Power,+.667,3,+2.00
42,Matt Wallace,+.667,3,+2.00
47,Keegan Bradley,+.750,4,+3.00
47,Rickie Fowler,+.750,4,+3.00
49,Wyndham Clark,+1.000,1,+1.00
49,Corey Conners,+1.000,1,+1.00
49,Tony Finau,+1.000,3,+3.00
49,Sungjae Im,+1.000,3,+3.00
49,Denny McCarthy,+1.000,1,+1.00
49,Andrew Putnam,+1.000,1,+1.00
49,Adam Svensson,+1.000,1,+1.00
49,Nick Taylor,+1.000,2,+2.00
57,Cam Davis,+1.250,4,+5.00
