rank,player,%,Successes,Attempts
1,Patrick Cantlay,100.00,1,1
1,Tyler Duncan,100.00,1,1
1,Lanto Griffin,100.00,3,3
1,Matt Kuchar,100.00,2,2
1,Collin Morikawa,100.00,2,2
1,Patrick Reed,100.00,4,4
1,Brendon Todd,100.00,1,1
1,Matthew Wolff,100.00,3,3
1,Gary Woodland,100.00,3,3
10,Rickie Fowler,80.00,4,5
10,Chez Reavie,80.00,4,5
12,Cameron Champ,66.67,2,3
12,J.B. Holmes,66.67,2,3
12,Graeme McDowell,66.67,2,3
15,Dylan Frittelli,50.00,1,2
15,Jim Herman,50.00,1,2
15,Kevin Kisner,50.00,1,2
15,J.T. Poston,50.00,1,2
15,Justin Thomas,50.00,1,2
20,Paul Casey,33.33,1,3
20,Keith Mitchell,33.33,1,3
20,Ryan Palmer,33.33,1,3
23,Kevin Na,28.57,2,7
24,Max Homa,.00,0,1
24,Dustin Johnson,.00,0,2
24,Sung Kang,.00,0,2
24,Nate Lashley,.00,0,1
24,Adam Long,.00,0,1
24,Sebastián Muñoz,.00,0,1
24,Joaquin Niemann,.00,0,2
24,Jon Rahm,.00,0,1
24,Xander Schauffele,.00,0,1
