rank,player,%,Successes,Attempts
1,Corey Conners,100.00,3,3
2,Matthew Wolff,91.67,11,12
3,Adam Long,88.89,8,9
3,J.T. Poston,88.89,8,9
5,Lanto Griffin,87.50,7,8
6,Brendon Todd,85.71,6,7
6,Martin Trainer,85.71,6,7
8,Kevin Kisner,83.33,5,6
8,Jon Rahm,83.33,5,6
8,Chez Reavie,83.33,10,12
11,Patrick Reed,81.25,13,16
12,Tyler Duncan,80.00,4,5
12,Rickie Fowler,80.00,8,10
12,Nate Lashley,80.00,8,10
12,Kevin Na,80.00,8,10
12,Xander Schauffele,80.00,4,5
17,Cameron Champ,75.00,6,8
17,Matt Kuchar,75.00,6,8
19,Joaquin Niemann,71.43,5,7
20,Dylan Frittelli,66.67,6,9
21,Gary Woodland,63.64,7,11
22,Ryan Palmer,62.50,5,8
23,Jim Herman,60.00,3,5
23,Max Homa,60.00,3,5
23,Graeme McDowell,60.00,3,5
26,Dustin Johnson,57.14,4,7
26,Justin Thomas,57.14,4,7
28,Keith Mitchell,55.56,5,9
29,J.B. Holmes,54.55,6,11
30,Patrick Cantlay,50.00,3,6
30,Paul Casey,50.00,5,10
32,Sung Kang,46.15,6,13
33,Collin Morikawa,45.45,5,11
34,Sebastián Muñoz,37.50,3,8
