rank,player,%,# of Saves,# of Bunkers
1,Patrick Cantlay,100.00,1,1
1,Tyler Duncan,100.00,1,1
1,Rickie Fowler,100.00,3,3
1,Matt Kuchar,100.00,1,1
1,Collin Morikawa,100.00,2,2
1,Brendon Todd,100.00,1,1
1,Matthew Wolff,100.00,2,2
8,J.B. Holmes,66.67,2,3
8,Chez Reavie,66.67,2,3
8,Patrick Reed,66.67,2,3
11,Kevin Na,60.00,3,5
12,Cameron Champ,50.00,1,2
12,Dylan Frittelli,50.00,1,2
12,Lanto Griffin,50.00,1,2
12,Jim Herman,50.00,1,2
12,Adam Long,50.00,1,2
12,Ryan Palmer,50.00,1,2
12,J.T. Poston,50.00,1,2
12,Xander Schauffele,50.00,1,2
12,Justin Thomas,50.00,1,2
12,Gary Woodland,50.00,2,4
22,Joaquin Niemann,33.33,1,3
23,Paul Casey,.00,0,1
23,Max Homa,.00,0,1
23,Dustin Johnson,.00,0,3
23,Sung Kang,.00,0,3
23,Kevin Kisner,.00,0,1
23,Graeme McDowell,.00,0,1
23,Keith Mitchell,.00,0,1
23,Sebastián Muñoz,.00,0,1
