rank,player,%,Successes,Attempts
1,Xander Schauffele,100.00,8,8
2,Brendon Todd,85.71,12,14
3,Patrick Reed,83.33,10,12
4,Paul Casey,80.00,8,10
5,Max Homa,77.78,7,9
5,Adam Long,77.78,7,9
5,Chez Reavie,77.78,7,9
8,Dylan Frittelli,73.33,11,15
9,Rickie Fowler,71.43,5,7
9,Matt Kuchar,71.43,5,7
9,J.T. Poston,71.43,5,7
9,Jon Rahm,71.43,5,7
9,Matthew Wolff,71.43,10,14
14,Patrick Cantlay,70.00,7,10
15,Lanto Griffin,66.67,4,6
15,Sebastián Muñoz,66.67,8,12
17,Cameron Champ,63.64,7,11
18,Collin Morikawa,62.50,5,8
19,J.B. Holmes,61.54,8,13
19,Kevin Kisner,61.54,8,13
21,Tyler Duncan,60.00,9,15
22,Nate Lashley,58.33,7,12
23,Ryan Palmer,57.14,4,7
24,Dustin Johnson,55.56,5,9
24,Sung Kang,55.56,5,9
24,Graeme McDowell,55.56,5,9
27,Joaquin Niemann,54.55,6,11
28,Corey Conners,50.00,3,6
28,Kevin Na,50.00,5,10
28,Gary Woodland,50.00,4,8
31,Jim Herman,40.00,4,10
31,Justin Thomas,40.00,4,10
31,Martin Trainer,40.00,6,15
34,Keith Mitchell,18.18,2,11
