rank,player,%,Successes,Attempts
1,Patrick Cantlay,100.00,2,2
1,Corey Conners,100.00,1,1
1,Collin Morikawa,100.00,3,3
1,Joaquin Niemann,100.00,2,2
1,Xander Schauffele,100.00,3,3
1,Gary Woodland,100.00,4,4
7,Brendon Todd,88.89,8,9
8,Patrick Reed,85.71,6,7
9,Cameron Champ,80.00,4,5
10,Rickie Fowler,75.00,6,8
10,Lanto Griffin,75.00,3,4
10,Sebastián Muñoz,75.00,3,4
10,Ryan Palmer,75.00,3,4
14,Matt Kuchar,71.43,5,7
15,Matthew Wolff,66.67,4,6
16,J.B. Holmes,62.50,5,8
16,Chez Reavie,62.50,5,8
18,Max Homa,60.00,3,5
19,Kevin Kisner,50.00,4,8
19,J.T. Poston,50.00,3,6
19,Jon Rahm,50.00,2,4
22,Martin Trainer,44.44,4,9
23,Jim Herman,42.86,3,7
24,Tyler Duncan,33.33,2,6
24,Nate Lashley,33.33,1,3
24,Adam Long,33.33,2,6
24,Justin Thomas,33.33,1,3
28,Paul Casey,25.00,1,4
28,Dylan Frittelli,25.00,1,4
28,Dustin Johnson,25.00,1,4
28,Sung Kang,25.00,1,4
32,Keith Mitchell,22.22,2,9
33,Graeme McDowell,14.29,1,7
33,Kevin Na,14.29,1,7
