rank,player,%,Successes,Attempts
1,Patrick Cantlay,100.00,4,4
1,Paul Casey,100.00,3,3
1,Cameron Champ,100.00,3,3
1,Rickie Fowler,100.00,3,3
1,Lanto Griffin,100.00,3,3
1,Jim Herman,100.00,1,1
1,J.B. Holmes,100.00,1,1
1,Max Homa,100.00,2,2
1,Dustin Johnson,100.00,1,1
1,Sung Kang,100.00,3,3
1,Kevin Kisner,100.00,3,3
1,Adam Long,100.00,3,3
1,Graeme McDowell,100.00,9,9
1,Keith Mitchell,100.00,1,1
1,Sebastián Muñoz,100.00,4,4
1,Kevin Na,100.00,4,4
1,Ryan Palmer,100.00,3,3
1,J.T. Poston,100.00,2,2
1,Jon Rahm,100.00,4,4
1,Chez Reavie,100.00,2,2
1,Patrick Reed,100.00,2,2
1,Xander Schauffele,100.00,2,2
1,Justin Thomas,100.00,1,1
1,Brendon Todd,100.00,3,3
1,Martin Trainer,100.00,3,3
1,Matthew Wolff,100.00,5,5
1,Gary Woodland,100.00,2,2
28,Joaquin Niemann,83.33,5,6
29,Corey Conners,80.00,4,5
30,Nate Lashley,75.00,3,4
31,Tyler Duncan,66.67,2,3
31,Dylan Frittelli,66.67,2,3
33,Matt Kuchar,50.00,1,2
34,Collin Morikawa,33.33,1,3
