rank,player,Distance,Tournament,Round- Course,Hole
1,Shigeki Maruyama,202,Sony Open,3,4 - Par 3 -
2,Stewart Cink,177,Sony Open,4,5 - Par 4 -
3,Tom Lehman,105,Sony Open,2,1 - Par 4 -
4,John Lynch,52,Sony Open,2,10 - Par 4
5,Jesper Parnevik,38,Sony Open,3,14 - Par 4
6,Dean Wilson,31,Sony Open,3,1 - Par 4 -
7,Andre Stolz,30,Sony Open,2,1 - Par 4 -
8,Rich Beem,27,Sony Open,2,16 - Par 4
9,Todd Hamilton,25,Sony Open,1,1 - Par 4 -
10,Brett Quigley,23,Sony Open,1,1 - Par 4 -
12,Jason Bohn,22,Sony Open,3,18 - Par 5
13,Dick Mast,21,Sony Open,2,5 - Par 4 -
16,Rob Rashell,18,Sony Open,1,12 - Par 4
17,Hank Kuehne,18,Sony Open,3,16 - Par 4
18,Ben Crane,16,Sony Open,4,2 - Par 4 -
20,Woody Austin,16,Sony Open,1,18 - Par 5
21,Arron Oberholser,15,Sony Open,1,8 - Par 4 -
22,Toshi Izawa,15,Sony Open,1,16 - Par 4
23,Jason Allred,15,Sony Open,2,17 - Par 3
24,Larry Mize,14,Sony Open,1,4 - Par 3 -
25,Justin Rose,14,Sony Open,2,1 - Par 4 -
26,Chris Riley,14,Sony Open,2,8 - Par 4 -
27,Sean Murphy,13,Sony Open,3,13 - Par 4
29,Ted Purdy,13,Sony Open,1,11 - Par 3
30,Robert Gamez,13,Sony Open,2,6 - Par 4 -
34,Thomas Levet,12,Sony Open,2,17 - Par 3
35,Charles Howell III,11,Sony Open,3,4 - Par 3 -
36,David Toms,11,Sony Open,3,6 - Par 4 -
37,Franklin Langham,11,Sony Open,2,9 - Par 5 -
38,Dudley Hart,10,Sony Open,2,2 - Par 4 -
39,Luke Donald,10,Sony Open,2,6 - Par 4 -
40,Tommy Armour III,10,Sony Open,1,12 - Par 4
41,Michael Long,10,Sony Open,1,1 - Par 4 -
42,Billy Mayfair,10,Sony Open,3,3 - Par 4 -
43,Jeff Maggert,9,Sony Open,1,15 - Par 4
44,Joey Snyder III,9,Sony Open,2,8 - Par 4 -
45,Bob Estes,8,Sony Open,3,7 - Par 3 -
46,Heath Slocum,8,Sony Open,3,15 - Par 4
48,Craig Stadler,8,Sony Open,2,1 - Par 4 -
49,Zach Johnson,8,Sony Open,3,17 - Par 3
51,Vaughn Taylor,8,Sony Open,1,18 - Par 5
52,Paul Azinger,8,Sony Open,4,2 - Par 4 -
53,Jeff Sluman,7,Sony Open,3,7 - Par 3 -
54,Robert Allenby,7,Sony Open,1,12 - Par 4
55,Joe Durant,7,Sony Open,2,14 - Par 4
57,Adam Scott,6,Sony Open,1,17 - Par 3
58,Andrew Magee,6,Sony Open,4,12 - Par 4
61,Tom Byrum,5,Sony Open,1,4 - Par 3 -
65,John Riegger,4,Sony Open,4,14 - Par 4
68,Rory Sabbatini,4,Sony Open,1,6 - Par 4 -
69,Ernie Els,4,Sony Open,4,16 - Par 4
