rank,player,Hole outs
1,Rob Rashell,4
2,Jason Allred,3
2,Tommy Armour III,3
2,Shigeki Maruyama,3
5,Woody Austin,2
5,Jason Bohn,2
5,Ben Crane,2
5,Tom Lehman,2
5,Larry Mize,2
5,Brett Quigley,2
5,Chris Riley,2
5,Heath Slocum,2
5,Craig Stadler,2
14,Paul Azinger,1
14,Rich Beem,1
14,Tom Byrum,1
14,Stewart Cink,1
14,Luke Donald,1
14,Joe Durant,1
14,Ernie Els,1
14,Bob Estes,1
14,Robert Gamez,1
14,Todd Hamilton,1
14,Charles Howell III,1
14,Zach Johnson,1
14,Hank Kuehne,1
14,Franklin Langham,1
14,Andrew Magee,1
14,Jeff Maggert,1
14,Dick Mast,1
14,Billy Mayfair,1
14,Sean Murphy,1
14,Arron Oberholser,1
14,Jesper Parnevik,1
14,John Riegger,1
14,Justin Rose,1
14,Rory Sabbatini,1
14,Adam Scott,1
14,Jeff Sluman,1
14,Joey Snyder III,1
14,David Toms,1
14,Dean Wilson,1
