rank,player,Avg,Total Strokes,Total Early Rounds
1,Webb Simpson,65.00,65,1
2,Jason Day,66.00,66,1
2,Kevin Tway,66.00,66,1
4,Xander Schauffele,67.00,67,1
4,Gary Woodland,67.00,67,1
6,Marc Leishman,68.00,68,1
7,Patton Kizzire,69.00,69,1
7,Andrew Putnam,69.00,69,1
9,Paul Casey,69.50,139,2
10,Ian Poulter,70.00,140,2
11,Brooks Koepka,70.67,212,3
11,Andrew Landry,70.67,212,3
13,Cameron Champ,71.00,71,1
13,Charles Howell III,71.00,213,3
13,Troy Merritt,71.00,213,3
16,Keegan Bradley,71.33,214,3
17,Brice Garnett,71.50,286,4
17,Matt Kuchar,71.50,286,4
17,Scott Piercy,71.50,286,4
17,Bubba Watson,71.50,143,2
21,Brandt Snedeker,71.75,287,4
22,Michael Kim,72.00,216,3
23,Aaron Wise,72.33,217,3
24,Patrick Reed,72.50,145,2
25,Billy Horschel,72.67,218,3
25,Francesco Molinari,72.67,218,3
27,"Ted Potter, Jr.",72.75,291,4
28,Satoshi Kodaira,74.00,296,4
