rank,player,Avg,Total Strokes,Total Rounds
1,Webb Simpson,65.00,65,1
2,Jason Day,66.00,66,1
3,Brice Garnett,68.00,68,1
4,Brooks Koepka,69.00,69,1
4,Matt Kuchar,69.00,69,1
4,Scott Piercy,69.00,69,1
4,Bubba Watson,69.00,69,1
8,Satoshi Kodaira,70.00,70,1
9,Billy Horschel,72.00,72,1
9,Andrew Landry,72.00,72,1
9,"Ted Potter, Jr.",72.00,72,1
9,Brandt Snedeker,72.00,72,1
13,Keegan Bradley,73.00,73,1
13,Michael Kim,73.00,73,1
13,Patrick Reed,73.00,73,1
13,Aaron Wise,73.00,73,1
17,Francesco Molinari,74.00,74,1
