rank,player,Avg,Total Strokes,Total Rounds
1,Paul Casey,68.00,68,1
2,Charles Howell III,69.00,69,1
2,Troy Merritt,69.00,69,1
2,Scott Piercy,69.00,69,1
5,Billy Horschel,71.00,71,1
5,Andrew Landry,71.00,71,1
5,"Ted Potter, Jr.",71.00,71,1
5,Brandt Snedeker,71.00,71,1
9,Keegan Bradley,72.00,72,1
9,Matt Kuchar,72.00,72,1
9,Patrick Reed,72.00,72,1
12,Brice Garnett,73.00,73,1
12,Satoshi Kodaira,73.00,73,1
12,Brooks Koepka,73.00,73,1
12,Francesco Molinari,73.00,73,1
12,Aaron Wise,73.00,73,1
17,Bubba Watson,74.00,74,1
