rank,player,Avg,Total Strokes,Total Rounds
1,Kevin Tway,66.00,66,1
2,Gary Woodland,67.00,67,1
3,Marc Leishman,68.00,68,1
4,Patton Kizzire,69.00,69,1
4,Andrew Landry,69.00,69,1
4,Andrew Putnam,69.00,69,1
7,Cameron Champ,71.00,71,1
7,Michael Kim,71.00,71,1
7,Ian Poulter,71.00,71,1
10,Matt Kuchar,72.00,72,1
11,Brice Garnett,73.00,73,1
11,Troy Merritt,73.00,73,1
13,Charles Howell III,74.00,74,1
14,"Ted Potter, Jr.",75.00,75,1
14,Brandt Snedeker,75.00,75,1
16,Scott Piercy,76.00,76,1
17,Satoshi Kodaira,77.00,77,1
