rank,player,Avg RTP
1,Daniel Berger,-.500
2,Tony Finau,-.400
3,Tim Clark,-.333
3,John Senden,-.333
5,Marc Leishman,-.286
5,Gary Woodland,-.286
7,Danny Lee,-.167
8,Kyle Reifers,-.143
9,Jimmy Walker,-.125
10,Fabián Gómez,-.100
10,Chez Reavie,-.100
12,J.J. Henry,-.091
13,Brandt Snedeker,-.077
13,Shawn Stefani,-.077
15,Ricky Barnes,E
15,Shane Bertsch,E
15,Lucas Glover,E
15,Zach Johnson,E
15,Jerry Kelly,E
15,Spencer Levin,E
15,Ben Martin,E
15,Nick Mason,E
15,Yusaku Miyazato,E
15,Kevin Na,E
15,Sean O'Hair,E
15,Greg Owen,E
15,Adam Scott,E
15,Harold Varner III,E
15,Tim Wilkinson,E
30,Stewart Cink,+.077
31,Daniel Summerhays,+.091
32,Luke Donald,+.100
32,Ryan Palmer,+.100
34,Brendon de Jonge,+.111
34,Scott Piercy,+.111
34,Webb Simpson,+.111
37,Adam Hadwin,+.125
37,Brian Harman,+.125
37,Padraig Harrington,+.125
37,Daisuke Kataoka,+.125
41,Chad Campbell,+.143
41,Jamie Lovemark,+.143
43,Jason Gore,+.167
43,Hudson Swafford,+.167
43,Michael Thompson,+.167
43,Steve Wheatcroft,+.167
47,David Lingmerth,+.182
48,Harris English,+.200
48,Vijay Singh,+.200
48,Kyle Stanley,+.200
51,Robert Garrigus,+.214
52,James Hahn,+.222
52,William McGirt,+.222
52,Nick Taylor,+.222
55,Thomas Aiken,+.250
55,Graham DeLaet,+.250
55,Morgan Hoffmann,+.250
55,S.Y. Noh,+.250
55,Jeff Overton,+.250
60,Charles Howell III,+.273
61,John Huh,+.286
61,Hideto Tanihara,+.286
63,K.J. Choi,+.333
63,Fred Funk,+.333
63,Si Woo Kim,+.333
63,Matt Kuchar,+.333
67,Jason Dufner,+.364
68,Emiliano Grillo,+.375
69,Tyrone Van Aswegen,+.417
70,Zac Blair,+.500
70,Francesco Molinari,+.500
70,Steve Stricker,+.500
73,Kevin Kisner,+.600
74,Mark Hubbard,+.714
