rank,player,Avg RTP
1,Daniel Berger,-1.000
1,Shane Bertsch,-1.000
1,Brendon de Jonge,-1.000
1,Fred Funk,-1.000
1,Robert Garrigus,-1.000
1,Charles Howell III,-1.000
1,David Lingmerth,-1.000
1,Jamie Lovemark,-1.000
1,Ben Martin,-1.000
1,Francesco Molinari,-1.000
1,Sean O'Hair,-1.000
1,Ryan Palmer,-1.000
1,Adam Scott,-1.000
1,John Senden,-1.000
1,Webb Simpson,-1.000
1,Harold Varner III,-1.000
17,Tony Finau,-.667
18,Thomas Aiken,-.500
18,Ricky Barnes,-.500
18,Jeff Overton,-.500
18,Vijay Singh,-.500
22,K.J. Choi,E
22,Tim Clark,E
22,Jason Dufner,E
22,Emiliano Grillo,E
22,Adam Hadwin,E
22,Brian Harman,E
22,Padraig Harrington,E
22,J.J. Henry,E
22,Morgan Hoffmann,E
22,Mark Hubbard,E
22,Daisuke Kataoka,E
22,Jerry Kelly,E
22,Chez Reavie,E
22,Brandt Snedeker,E
22,Kyle Stanley,E
22,Hideto Tanihara,E
38,Zach Johnson,+.333
38,Steve Stricker,+.333
40,James Hahn,+.500
40,Kevin Na,+.500
40,Tyrone Van Aswegen,+.500
43,Graham DeLaet,+1.000
43,Luke Donald,+1.000
43,Danny Lee,+1.000
43,Marc Leishman,+1.000
43,Yusaku Miyazato,+1.000
43,Nick Taylor,+1.000
