rank,player,Avg RTP
1,Brian Harman,-1.000
1,Matt Kuchar,-1.000
1,Jimmy Walker,-1.000
4,Mark Hubbard,-.667
4,Jamie Lovemark,-.667
6,John Huh,-.500
6,Zach Johnson,-.500
6,Kevin Kisner,-.500
6,Brandt Snedeker,-.500
6,Steve Wheatcroft,-.500
11,Jerry Kelly,-.400
12,Tony Finau,-.333
12,Robert Garrigus,-.333
12,Francesco Molinari,-.333
12,Adam Scott,-.333
12,Harold Varner III,-.333
17,Steve Stricker,-.250
17,Gary Woodland,-.250
19,Charles Howell III,-.200
20,Thomas Aiken,E
20,Ricky Barnes,E
20,Shane Bertsch,E
20,Luke Donald,E
20,Jason Dufner,E
20,Fred Funk,E
20,Lucas Glover,E
20,Fabián Gómez,E
20,Adam Hadwin,E
20,James Hahn,E
20,J.J. Henry,E
20,Morgan Hoffmann,E
20,Daisuke Kataoka,E
20,Si Woo Kim,E
20,Danny Lee,E
20,William McGirt,E
20,Yusaku Miyazato,E
20,Kevin Na,E
20,S.Y. Noh,E
20,John Senden,E
20,Daniel Summerhays,E
20,Tim Wilkinson,E
42,Padraig Harrington,+.200
43,David Lingmerth,+.250
44,Chad Campbell,+.333
44,Brendon de Jonge,+.333
44,Scott Piercy,+.333
44,Vijay Singh,+.333
44,Kyle Stanley,+.333
44,Shawn Stefani,+.333
50,Tyrone Van Aswegen,+.400
51,K.J. Choi,+.500
51,Graham DeLaet,+.500
51,Harris English,+.500
51,Greg Owen,+.500
51,Hideto Tanihara,+.500
51,Michael Thompson,+.500
57,Spencer Levin,+.667
57,Ben Martin,+.667
57,Ryan Palmer,+.667
60,Daniel Berger,+1.000
60,Zac Blair,+1.000
60,Nick Mason,+1.000
60,Kyle Reifers,+1.000
60,Webb Simpson,+1.000
65,Jeff Overton,+1.333
