rank,player,Avg RTP
1,Fabián Gómez,-.467
2,Adam Hadwin,-.462
2,James Hahn,-.462
4,Zac Blair,-.417
5,Ricky Barnes,-.385
6,Thomas Aiken,-.381
7,Kevin Kisner,-.375
7,David Lingmerth,-.375
9,Greg Owen,-.368
10,Stewart Cink,-.364
10,Morgan Hoffmann,-.364
12,Jeff Overton,-.353
13,Shawn Stefani,-.333
13,Hideto Tanihara,-.333
15,Graham DeLaet,-.316
16,Kyle Reifers,-.308
17,John Huh,-.300
18,Michael Thompson,-.286
19,Shane Bertsch,-.273
20,Fred Funk,-.267
20,Emiliano Grillo,-.267
22,Webb Simpson,-.250
23,Steve Wheatcroft,-.235
24,Brian Harman,-.231
24,Ryan Palmer,-.231
24,Brandt Snedeker,-.231
27,Daniel Berger,-.214
27,Jason Dufner,-.214
27,William McGirt,-.214
27,S.Y. Noh,-.214
27,Harold Varner III,-.214
32,Luke Donald,-.200
32,Daisuke Kataoka,-.200
32,Spencer Levin,-.200
32,Scott Piercy,-.200
32,Jimmy Walker,-.200
37,Kyle Stanley,-.188
37,Tyrone Van Aswegen,-.188
39,Mark Hubbard,-.182
39,Matt Kuchar,-.182
39,Francesco Molinari,-.182
42,Charles Howell III,-.167
42,Kevin Na,-.167
44,Jerry Kelly,-.158
45,Gary Woodland,-.154
46,Chad Campbell,-.150
47,John Senden,-.143
48,Jamie Lovemark,-.125
48,Adam Scott,-.125
50,K.J. Choi,-.118
51,Marc Leishman,-.111
52,Tim Clark,-.100
52,Vijay Singh,-.100
54,Brendon de Jonge,-.091
55,Robert Garrigus,-.071
55,Lucas Glover,-.071
55,Nick Mason,-.071
55,Chez Reavie,-.071
59,Harris English,-.067
60,Si Woo Kim,-.063
60,Sean O'Hair,-.063
62,Tony Finau,E
62,Jason Gore,E
62,Padraig Harrington,E
62,Zach Johnson,E
62,Danny Lee,E
62,Ben Martin,E
62,Steve Stricker,E
62,Hudson Swafford,E
70,Nick Taylor,+.063
71,Yusaku Miyazato,+.071
72,Daniel Summerhays,+.091
73,J.J. Henry,+.100
74,Tim Wilkinson,+.250
