rank,player,Avg RTP
1,Daisuke Kataoka,-1.333
2,Shane Bertsch,-1.000
2,Chad Campbell,-1.000
2,K.J. Choi,-1.000
2,Brendon de Jonge,-1.000
2,Graham DeLaet,-1.000
2,Jason Dufner,-1.000
2,Robert Garrigus,-1.000
2,Jason Gore,-1.000
2,Adam Hadwin,-1.000
2,Mark Hubbard,-1.000
2,John Huh,-1.000
2,Jerry Kelly,-1.000
2,Kevin Kisner,-1.000
2,Ben Martin,-1.000
2,William McGirt,-1.000
2,Francesco Molinari,-1.000
2,Sean O'Hair,-1.000
2,Greg Owen,-1.000
2,Steve Stricker,-1.000
2,Michael Thompson,-1.000
2,Tyrone Van Aswegen,-1.000
2,Jimmy Walker,-1.000
2,Tim Wilkinson,-1.000
2,Gary Woodland,-1.000
26,Padraig Harrington,-.500
26,Chez Reavie,-.500
26,John Senden,-.500
29,Fred Funk,-.400
30,Tim Clark,-.333
30,Luke Donald,-.333
32,Zac Blair,E
32,James Hahn,E
32,Brian Harman,E
32,Jamie Lovemark,E
32,Nick Mason,E
32,Scott Piercy,E
32,Webb Simpson,E
32,Kyle Stanley,E
32,Hideto Tanihara,E
41,Spencer Levin,+1.000
