rank,player,Avg RTP
1,Brandt Snedeker,-.667
2,Shawn Stefani,-.600
3,Padraig Harrington,-.333
3,Danny Lee,-.333
3,Kyle Stanley,-.333
6,Daniel Berger,-.250
6,Morgan Hoffmann,-.250
6,Yusaku Miyazato,-.250
9,Shane Bertsch,-.200
9,Zac Blair,-.200
9,Jamie Lovemark,-.200
9,Ryan Palmer,-.200
9,Steve Wheatcroft,-.200
9,Gary Woodland,-.200
15,William McGirt,-.125
16,Robert Garrigus,-.111
16,Ben Martin,-.111
18,K.J. Choi,E
18,Tim Clark,E
18,Brendon de Jonge,E
18,Graham DeLaet,E
18,Luke Donald,E
18,Fabián Gómez,E
18,Jason Gore,E
18,Emiliano Grillo,E
18,Brian Harman,E
18,Charles Howell III,E
18,Zach Johnson,E
18,Jerry Kelly,E
18,Kevin Na,E
18,Chez Reavie,E
18,John Senden,E
18,Webb Simpson,E
18,Vijay Singh,E
18,Steve Stricker,E
18,Tim Wilkinson,E
37,Hudson Swafford,+.100
38,Stewart Cink,+.111
39,Ricky Barnes,+.125
39,Harris English,+.125
41,Greg Owen,+.143
41,Jimmy Walker,+.143
43,Spencer Levin,+.200
43,S.Y. Noh,+.200
45,Jason Dufner,+.250
45,Lucas Glover,+.250
45,J.J. Henry,+.250
45,David Lingmerth,+.250
45,Nick Mason,+.250
45,Jeff Overton,+.250
45,Scott Piercy,+.250
52,Thomas Aiken,+.333
52,James Hahn,+.333
52,John Huh,+.333
52,Sean O'Hair,+.333
52,Hideto Tanihara,+.333
57,Marc Leishman,+.375
57,Francesco Molinari,+.375
59,Adam Scott,+.400
59,Daniel Summerhays,+.400
59,Nick Taylor,+.400
59,Michael Thompson,+.400
63,Harold Varner III,+.444
64,Chad Campbell,+.500
64,Mark Hubbard,+.500
64,Si Woo Kim,+.500
64,Kevin Kisner,+.500
64,Kyle Reifers,+.500
64,Tyrone Van Aswegen,+.500
70,Adam Hadwin,+.750
71,Fred Funk,+1.000
71,Daisuke Kataoka,+1.000
