rank,player,Avg RTP
1,William McGirt,-.800
2,Vijay Singh,-.667
3,Kyle Reifers,-.636
3,Tim Wilkinson,-.636
5,Zach Johnson,-.583
6,Zac Blair,-.556
6,Robert Garrigus,-.556
8,Chad Campbell,-.500
8,Fabián Gómez,-.500
8,Spencer Levin,-.500
8,Ryan Palmer,-.500
8,Kyle Stanley,-.500
8,Steve Stricker,-.500
8,Hudson Swafford,-.500
15,Kevin Na,-.467
16,Graham DeLaet,-.444
17,Brandt Snedeker,-.429
18,Matt Kuchar,-.417
19,Daisuke Kataoka,-.400
19,Tyrone Van Aswegen,-.400
21,Luke Donald,-.375
22,Sean O'Hair,-.364
22,Harold Varner III,-.364
24,Daniel Berger,-.357
24,Scott Piercy,-.357
26,Jason Dufner,-.333
26,Marc Leishman,-.333
26,Jamie Lovemark,-.333
26,S.Y. Noh,-.333
30,Kevin Kisner,-.267
31,Thomas Aiken,-.250
31,Mark Hubbard,-.250
31,John Huh,-.250
31,Jeff Overton,-.250
31,Greg Owen,-.250
36,Webb Simpson,-.231
36,Jimmy Walker,-.231
38,Brian Harman,-.222
38,Charles Howell III,-.222
38,Francesco Molinari,-.222
41,Brendon de Jonge,-.214
42,J.J. Henry,-.200
42,Morgan Hoffmann,-.200
42,Adam Scott,-.200
45,K.J. Choi,-.182
45,Padraig Harrington,-.182
45,David Lingmerth,-.182
45,John Senden,-.182
49,Tony Finau,-.167
49,Lucas Glover,-.167
49,Danny Lee,-.167
49,Chez Reavie,-.167
49,Shawn Stefani,-.167
54,Si Woo Kim,-.154
55,Tim Clark,-.143
55,Harris English,-.143
55,Jason Gore,-.143
55,Ben Martin,-.143
55,Nick Mason,-.143
60,Adam Hadwin,-.133
61,Ricky Barnes,-.125
61,Stewart Cink,-.125
63,Emiliano Grillo,-.118
64,Jerry Kelly,-.111
64,Nick Taylor,-.111
66,Daniel Summerhays,-.100
66,Steve Wheatcroft,-.100
68,Yusaku Miyazato,-.077
68,Hideto Tanihara,-.077
70,Shane Bertsch,E
70,James Hahn,E
70,Michael Thompson,E
70,Gary Woodland,E
74,Fred Funk,+.250
