rank,player,Avg RTP
1,S.Y. Noh,-.667
2,Adam Hadwin,-.500
2,Jamie Lovemark,-.500
4,Ricky Barnes,E
4,Daniel Berger,E
4,Tim Clark,E
4,Brendon de Jonge,E
4,Luke Donald,E
4,Harris English,E
4,Fred Funk,E
4,Robert Garrigus,E
4,J.J. Henry,E
4,John Huh,E
4,Daisuke Kataoka,E
4,Marc Leishman,E
4,David Lingmerth,E
4,Ben Martin,E
4,William McGirt,E
4,Kevin Na,E
4,Greg Owen,E
4,Kyle Reifers,E
4,Webb Simpson,E
4,Brandt Snedeker,E
4,Kyle Stanley,E
4,Shawn Stefani,E
4,Nick Taylor,E
4,Michael Thompson,E
4,Tyrone Van Aswegen,E
4,Steve Wheatcroft,E
4,Gary Woodland,E
31,Padraig Harrington,+.500
32,Jason Gore,+1.000
32,Morgan Hoffmann,+1.000
32,Mark Hubbard,+1.000
32,Jeff Overton,+1.000
32,Chez Reavie,+1.000
32,Vijay Singh,+1.000
32,Steve Stricker,+1.000
32,Tim Wilkinson,+1.000
40,Sean O'Hair,+1.500
