rank,player,Avg RTP
1,Gary Woodland,-.357
2,Tony Finau,-.294
3,Jamie Lovemark,-.278
4,Sean O'Hair,-.273
5,John Senden,-.231
6,Brandt Snedeker,-.222
7,Morgan Hoffmann,-.167
8,Zach Johnson,-.125
8,Jerry Kelly,-.125
10,Daniel Berger,-.077
10,Chez Reavie,-.077
12,Shane Bertsch,-.071
13,Brian Harman,-.067
14,Lucas Glover,-.059
14,Marc Leishman,-.059
14,Steve Wheatcroft,-.059
17,Yusaku Miyazato,-.056
17,Hudson Swafford,-.056
19,Robert Garrigus,-.043
20,Zac Blair,E
20,Fabián Gómez,E
20,Charles Howell III,E
20,John Huh,E
20,Danny Lee,E
20,Nick Mason,E
20,William McGirt,E
20,Francesco Molinari,E
20,S.Y. Noh,E
20,Greg Owen,E
20,Ryan Palmer,E
20,Webb Simpson,E
20,Kyle Stanley,E
20,Shawn Stefani,E
20,Harold Varner III,E
20,Jimmy Walker,E
20,Tim Wilkinson,E
37,Ben Martin,+.033
38,Stewart Cink,+.048
39,Ricky Barnes,+.050
40,Steve Stricker,+.056
41,James Hahn,+.063
41,Padraig Harrington,+.063
43,Luke Donald,+.067
43,Jeff Overton,+.067
45,Vijay Singh,+.069
46,Mark Hubbard,+.071
47,K.J. Choi,+.083
48,Si Woo Kim,+.091
49,Fred Funk,+.100
50,J.J. Henry,+.105
51,Kevin Na,+.111
52,Thomas Aiken,+.125
52,Brendon de Jonge,+.125
54,Scott Piercy,+.133
55,Daisuke Kataoka,+.143
55,Matt Kuchar,+.143
57,Adam Scott,+.158
58,Harris English,+.167
58,David Lingmerth,+.167
60,Daniel Summerhays,+.176
61,Jason Dufner,+.182
62,Tim Clark,+.200
62,Jason Gore,+.200
64,Kyle Reifers,+.231
65,Kevin Kisner,+.250
65,Spencer Levin,+.250
67,Chad Campbell,+.267
67,Adam Hadwin,+.267
69,Hideto Tanihara,+.273
70,Tyrone Van Aswegen,+.278
71,Michael Thompson,+.294
72,Graham DeLaet,+.308
73,Nick Taylor,+.333
74,Emiliano Grillo,+.364
