rank,player,Avg RTP
1,K.J. Choi,-1.000
2,Morgan Hoffmann,-.500
3,Thomas Aiken,E
3,Daniel Berger,E
3,Tony Finau,E
3,Lucas Glover,E
3,Adam Hadwin,E
3,Brian Harman,E
3,Charles Howell III,E
3,Zach Johnson,E
3,Matt Kuchar,E
3,Danny Lee,E
3,Ben Martin,E
3,Francesco Molinari,E
3,Sean O'Hair,E
3,Jeff Overton,E
3,Vijay Singh,E
3,Shawn Stefani,E
3,Michael Thompson,E
3,Tyrone Van Aswegen,E
3,Harold Varner III,E
22,David Lingmerth,+.333
22,Adam Scott,+.333
24,Shane Bertsch,+.500
24,William McGirt,+.500
24,Tim Wilkinson,+.500
27,Ricky Barnes,+1.000
27,Harris English,+1.000
27,Fabián Gómez,+1.000
27,John Huh,+1.000
27,Jamie Lovemark,+1.000
