rank,player,Avg RTP
1,Daniel Summerhays,-1.500
2,Thomas Aiken,-1.000
2,Ricky Barnes,-1.000
2,Daniel Berger,-1.000
2,Shane Bertsch,-1.000
2,K.J. Choi,-1.000
2,Graham DeLaet,-1.000
2,Jason Dufner,-1.000
2,Harris English,-1.000
2,Lucas Glover,-1.000
2,Emiliano Grillo,-1.000
2,James Hahn,-1.000
2,Zach Johnson,-1.000
2,Daisuke Kataoka,-1.000
2,Jerry Kelly,-1.000
2,Kevin Kisner,-1.000
2,Matt Kuchar,-1.000
2,Danny Lee,-1.000
2,Spencer Levin,-1.000
2,David Lingmerth,-1.000
2,Nick Mason,-1.000
2,Francesco Molinari,-1.000
2,Scott Piercy,-1.000
2,Kyle Reifers,-1.000
2,Steve Stricker,-1.000
2,Hudson Swafford,-1.000
2,Hideto Tanihara,-1.000
2,Nick Taylor,-1.000
2,Michael Thompson,-1.000
2,Jimmy Walker,-1.000
31,Zac Blair,-.500
31,Padraig Harrington,-.500
31,J.J. Henry,-.500
31,Brandt Snedeker,-.500
35,Jason Gore,E
35,Yusaku Miyazato,E
35,Kevin Na,E
35,Sean O'Hair,E
35,Kyle Stanley,E
35,Shawn Stefani,E
41,Jeff Overton,+1.000
