rank,player,Avg RTP
1,Kevin Na,-1.000
2,Morgan Hoffmann,-.667
2,Nick Mason,-.667
4,Fabián Gómez,-.500
4,Zach Johnson,-.500
4,Marc Leishman,-.500
4,Jamie Lovemark,-.500
4,Sean O'Hair,-.500
4,Jeff Overton,-.500
4,Gary Woodland,-.500
11,Jimmy Walker,-.333
11,Steve Wheatcroft,-.333
13,Tony Finau,-.286
14,William McGirt,-.250
15,Greg Owen,-.167
16,S.Y. Noh,-.143
17,Ricky Barnes,E
17,Daniel Berger,E
17,Chad Campbell,E
17,Stewart Cink,E
17,Luke Donald,E
17,Harris English,E
17,Lucas Glover,E
17,Padraig Harrington,E
17,Mark Hubbard,E
17,Si Woo Kim,E
17,Danny Lee,E
17,Spencer Levin,E
17,Yusaku Miyazato,E
17,Francesco Molinari,E
17,Ryan Palmer,E
17,John Senden,E
17,Webb Simpson,E
17,Brandt Snedeker,E
17,Kyle Stanley,E
17,Steve Stricker,E
17,Nick Taylor,E
17,Tyrone Van Aswegen,E
39,Ben Martin,+.143
40,J.J. Henry,+.167
40,Scott Piercy,+.167
40,Vijay Singh,+.167
43,Kyle Reifers,+.200
44,Zac Blair,+.250
44,Fred Funk,+.250
44,John Huh,+.250
44,Jerry Kelly,+.250
44,Daniel Summerhays,+.250
44,Hideto Tanihara,+.250
50,Brendon de Jonge,+.333
50,Jason Dufner,+.333
50,Adam Hadwin,+.333
50,James Hahn,+.333
50,Brian Harman,+.333
50,Hudson Swafford,+.333
50,Michael Thompson,+.333
57,Shawn Stefani,+.400
58,Tim Clark,+.500
58,Robert Garrigus,+.500
58,Jason Gore,+.500
58,Adam Scott,+.500
62,Matt Kuchar,+.600
63,Thomas Aiken,+.667
63,Graham DeLaet,+.667
63,Kevin Kisner,+.667
66,K.J. Choi,+1.000
66,Emiliano Grillo,+1.000
