rank,player,Avg RTP
1,Tim Clark,-1.000
1,Matt Kuchar,-1.000
1,Marc Leishman,-1.000
1,Francesco Molinari,-1.000
1,Greg Owen,-1.000
1,Chez Reavie,-1.000
1,Webb Simpson,-1.000
1,Nick Taylor,-1.000
9,Stewart Cink,-.750
9,Mark Hubbard,-.750
11,Chad Campbell,-.667
11,S.Y. Noh,-.667
11,Jeff Overton,-.667
14,Fabián Gómez,-.600
14,Nick Mason,-.600
14,Harold Varner III,-.600
17,Shane Bertsch,-.500
17,Graham DeLaet,-.500
17,Jason Dufner,-.500
17,Zach Johnson,-.500
17,Jamie Lovemark,-.500
17,Sean O'Hair,-.500
17,Kyle Stanley,-.500
17,Steve Stricker,-.500
17,Hudson Swafford,-.500
17,Tyrone Van Aswegen,-.500
17,Jimmy Walker,-.500
28,Charles Howell III,-.429
29,Harris English,-.400
30,Thomas Aiken,-.333
30,Adam Hadwin,-.333
30,Kevin Kisner,-.333
30,Adam Scott,-.333
30,Shawn Stefani,-.333
35,Scott Piercy,-.286
36,Si Woo Kim,-.250
36,Ben Martin,-.250
36,John Senden,-.250
36,Gary Woodland,-.250
40,Steve Wheatcroft,-.200
41,Daniel Berger,E
41,Zac Blair,E
41,Brendon de Jonge,E
41,Tony Finau,E
41,Fred Funk,E
41,Robert Garrigus,E
41,Lucas Glover,E
41,Jason Gore,E
41,Emiliano Grillo,E
41,James Hahn,E
41,Padraig Harrington,E
41,J.J. Henry,E
41,Morgan Hoffmann,E
41,Jerry Kelly,E
41,Danny Lee,E
41,David Lingmerth,E
41,William McGirt,E
41,Yusaku Miyazato,E
41,Kevin Na,E
41,Kyle Reifers,E
41,Vijay Singh,E
41,Brandt Snedeker,E
41,Daniel Summerhays,E
41,Hideto Tanihara,E
41,Tim Wilkinson,E
66,Brian Harman,+.200
67,Daisuke Kataoka,+.250
68,Ricky Barnes,+.333
68,John Huh,+.333
68,Ryan Palmer,+.333
71,K.J. Choi,+.400
72,Luke Donald,+1.000
