rank,player,Avg RTP
1,Stewart Cink,-1.000
1,Matt Kuchar,-1.000
1,Sean O'Hair,-1.000
1,Hudson Swafford,-1.000
1,Jimmy Walker,-1.000
6,Jamie Lovemark,-.800
7,Brian Harman,-.667
8,Francesco Molinari,-.600
8,Harold Varner III,-.600
10,Shane Bertsch,-.500
10,Tony Finau,-.500
10,John Huh,-.500
10,Kevin Kisner,-.500
10,Adam Scott,-.500
10,John Senden,-.500
16,Jerry Kelly,-.429
17,Robert Garrigus,-.400
17,Mark Hubbard,-.400
19,Charles Howell III,-.333
19,Brandt Snedeker,-.333
21,Ricky Barnes,-.250
21,Fred Funk,-.250
21,Zach Johnson,-.250
21,S.Y. Noh,-.250
21,Webb Simpson,-.250
21,Gary Woodland,-.250
27,Thomas Aiken,-.200
28,Daniel Berger,E
28,Tim Clark,E
28,Brendon de Jonge,E
28,Jason Dufner,E
28,Lucas Glover,E
28,Fabián Gómez,E
28,Emiliano Grillo,E
28,Adam Hadwin,E
28,James Hahn,E
28,J.J. Henry,E
28,Morgan Hoffmann,E
28,Daisuke Kataoka,E
28,Si Woo Kim,E
28,David Lingmerth,E
28,William McGirt,E
28,Chez Reavie,E
28,Vijay Singh,E
28,Steve Stricker,E
28,Daniel Summerhays,E
28,Steve Wheatcroft,E
28,Tim Wilkinson,E
49,Ben Martin,+.250
49,Kevin Na,+.250
49,Ryan Palmer,+.250
49,Kyle Stanley,+.250
49,Shawn Stefani,+.250
49,Hideto Tanihara,+.250
55,Padraig Harrington,+.286
56,Chad Campbell,+.333
56,K.J. Choi,+.333
56,Luke Donald,+.333
56,Scott Piercy,+.333
60,Yusaku Miyazato,+.400
61,Tyrone Van Aswegen,+.444
62,Graham DeLaet,+.500
62,Harris English,+.500
62,Danny Lee,+.500
62,Spencer Levin,+.500
62,Greg Owen,+.500
62,Michael Thompson,+.500
68,Jeff Overton,+.600
69,Zac Blair,+1.000
69,Marc Leishman,+1.000
69,Nick Mason,+1.000
69,Kyle Reifers,+1.000
69,Nick Taylor,+1.000
