rank,player,Avg RTP
1,David Lingmerth,-.667
2,Jason Dufner,-.500
2,Si Woo Kim,-.500
2,Yusaku Miyazato,-.500
2,Nick Taylor,-.500
6,Lucas Glover,-.400
6,Ryan Palmer,-.400
6,Daniel Summerhays,-.400
9,Daniel Berger,-.333
9,Robert Garrigus,-.333
9,Kevin Kisner,-.333
9,William McGirt,-.333
9,Sean O'Hair,-.333
9,Michael Thompson,-.333
15,Luke Donald,-.286
16,Stewart Cink,-.250
16,Morgan Hoffmann,-.250
16,Ben Martin,-.250
16,Francesco Molinari,-.250
16,Webb Simpson,-.250
16,Hudson Swafford,-.250
16,Tyrone Van Aswegen,-.250
16,Gary Woodland,-.250
24,Brian Harman,-.200
24,Marc Leishman,-.200
24,Nick Mason,-.200
24,Scott Piercy,-.200
24,Adam Scott,-.200
29,Ricky Barnes,-.167
29,Brendon de Jonge,-.167
31,K.J. Choi,-.143
31,Tim Clark,-.143
31,Graham DeLaet,-.143
31,Fred Funk,-.143
31,Jerry Kelly,-.143
31,Matt Kuchar,-.143
31,Danny Lee,-.143
31,Tim Wilkinson,-.143
39,Thomas Aiken,E
39,Zac Blair,E
39,Harris English,E
39,Tony Finau,E
39,Fabián Gómez,E
39,Jason Gore,E
39,James Hahn,E
39,John Huh,E
39,Daisuke Kataoka,E
39,Kevin Na,E
39,S.Y. Noh,E
39,Jeff Overton,E
39,Greg Owen,E
39,Kyle Stanley,E
39,Steve Stricker,E
39,Hideto Tanihara,E
55,Shane Bertsch,+.143
56,Chad Campbell,+.167
56,Chez Reavie,+.167
58,Padraig Harrington,+.200
58,Mark Hubbard,+.200
58,Kyle Reifers,+.200
58,Shawn Stefani,+.200
58,Steve Wheatcroft,+.200
63,Spencer Levin,+.250
63,Jamie Lovemark,+.250
63,Brandt Snedeker,+.250
66,Emiliano Grillo,+.333
66,J.J. Henry,+.333
66,Charles Howell III,+.333
66,Vijay Singh,+.333
66,Harold Varner III,+.333
71,Adam Hadwin,+.400
71,John Senden,+.400
73,Zach Johnson,+.500
74,Jimmy Walker,+.667
