rank,player,Avg RTP
1,Si Woo Kim,-.455
2,Chez Reavie,-.364
3,Luke Donald,-.333
3,Jason Dufner,-.333
3,Jason Gore,-.333
3,Marc Leishman,-.333
7,Jimmy Walker,-.308
8,Zach Johnson,-.300
9,Fabián Gómez,-.286
10,James Hahn,-.273
10,Vijay Singh,-.273
10,Daniel Summerhays,-.273
13,John Huh,-.250
14,Brendon de Jonge,-.231
14,Fred Funk,-.231
16,Ben Martin,-.222
16,Ryan Palmer,-.222
16,Michael Thompson,-.222
19,S.Y. Noh,-.200
19,Hudson Swafford,-.200
21,Emiliano Grillo,-.188
21,Kevin Na,-.188
23,Robert Garrigus,-.182
23,Padraig Harrington,-.182
23,J.J. Henry,-.182
23,Charles Howell III,-.182
23,Francesco Molinari,-.182
23,Adam Scott,-.182
29,Zac Blair,-.167
29,Tim Clark,-.167
29,Morgan Hoffmann,-.167
29,John Senden,-.167
33,Tony Finau,-.154
34,Matt Kuchar,-.143
35,Shawn Stefani,-.133
36,K.J. Choi,-.125
36,Yusaku Miyazato,-.125
36,Brandt Snedeker,-.125
39,Jeff Overton,-.100
39,Harold Varner III,-.100
41,Ricky Barnes,-.091
41,Brian Harman,-.091
41,Jerry Kelly,-.091
41,Nick Mason,-.091
45,Lucas Glover,-.077
46,Kyle Reifers,-.067
46,Tim Wilkinson,-.067
48,Thomas Aiken,E
48,Harris English,E
48,Danny Lee,E
48,Spencer Levin,E
48,David Lingmerth,E
48,William McGirt,E
48,Sean O'Hair,E
48,Kyle Stanley,E
48,Steve Stricker,E
48,Steve Wheatcroft,E
58,Shane Bertsch,+.077
58,Nick Taylor,+.077
60,Chad Campbell,+.083
60,Stewart Cink,+.083
62,Greg Owen,+.091
62,Hideto Tanihara,+.091
64,Graham DeLaet,+.100
64,Mark Hubbard,+.100
64,Scott Piercy,+.100
64,Webb Simpson,+.100
68,Daniel Berger,+.125
69,Kevin Kisner,+.133
70,Jamie Lovemark,+.200
70,Tyrone Van Aswegen,+.200
70,Gary Woodland,+.200
73,Adam Hadwin,+.222
74,Daisuke Kataoka,+.231
