rank,player,Avg RTP
1,Jason Dufner,-.714
1,David Lingmerth,-.714
1,Daniel Summerhays,-.714
4,Nick Taylor,-.667
5,Francesco Molinari,-.571
5,Tyrone Van Aswegen,-.571
7,Kevin Kisner,-.556
7,Michael Thompson,-.556
9,Daniel Berger,-.500
9,Robert Garrigus,-.500
9,Lucas Glover,-.500
9,Daisuke Kataoka,-.500
9,Si Woo Kim,-.500
9,Ben Martin,-.500
9,Sean O'Hair,-.500
9,Greg Owen,-.500
17,Brendon de Jonge,-.444
18,William McGirt,-.429
19,Graham DeLaet,-.400
19,Yusaku Miyazato,-.400
19,Ryan Palmer,-.400
19,Steve Stricker,-.400
19,Hudson Swafford,-.400
19,Gary Woodland,-.400
25,Nick Mason,-.375
26,K.J. Choi,-.333
26,Harris English,-.333
26,Jerry Kelly,-.333
29,Luke Donald,-.300
30,Ricky Barnes,-.286
30,Marc Leishman,-.286
30,Scott Piercy,-.286
33,Fred Funk,-.250
33,Morgan Hoffmann,-.250
33,Mark Hubbard,-.250
33,Matt Kuchar,-.250
33,Danny Lee,-.250
33,Kyle Reifers,-.250
33,Hideto Tanihara,-.250
40,Tim Wilkinson,-.222
41,Stewart Cink,-.200
41,John Huh,-.200
41,Adam Scott,-.200
41,Webb Simpson,-.200
45,Zac Blair,-.182
45,Tim Clark,-.182
47,Thomas Aiken,-.167
47,Jason Gore,-.167
47,Brian Harman,-.167
47,J.J. Henry,-.167
51,James Hahn,-.143
52,Chad Campbell,-.125
53,Shane Bertsch,-.111
53,Padraig Harrington,-.111
55,Tony Finau,E
55,Fabián Gómez,E
55,Emiliano Grillo,E
55,Adam Hadwin,E
55,Spencer Levin,E
55,Kevin Na,E
55,S.Y. Noh,E
55,Chez Reavie,E
55,Brandt Snedeker,E
55,Kyle Stanley,E
55,Jimmy Walker,E
66,John Senden,+.125
67,Jamie Lovemark,+.167
67,Shawn Stefani,+.167
69,Zach Johnson,+.200
69,Jeff Overton,+.200
69,Steve Wheatcroft,+.200
72,Charles Howell III,+.333
72,Vijay Singh,+.333
72,Harold Varner III,+.333
