rank,player,Avg RTP
1,Ricky Barnes,-1.000
1,Brendon de Jonge,-1.000
1,Emiliano Grillo,-1.000
1,Padraig Harrington,-1.000
1,Charles Howell III,-1.000
1,Mark Hubbard,-1.000
1,Jerry Kelly,-1.000
1,Si Woo Kim,-1.000
1,Kevin Kisner,-1.000
1,Danny Lee,-1.000
1,S.Y. Noh,-1.000
1,Sean O'Hair,-1.000
1,Scott Piercy,-1.000
1,Vijay Singh,-1.000
1,Daniel Summerhays,-1.000
1,Gary Woodland,-1.000
17,Tim Clark,-.500
17,Jason Dufner,-.500
17,Fred Funk,-.500
17,Steve Stricker,-.500
21,Graham DeLaet,-.333
21,Luke Donald,-.333
21,Jason Gore,-.333
21,Daisuke Kataoka,-.333
21,Nick Mason,-.333
21,Jeff Overton,-.333
21,Hudson Swafford,-.333
28,Fabián Gómez,-.250
29,Thomas Aiken,E
29,Zac Blair,E
29,Chad Campbell,E
29,K.J. Choi,E
29,Stewart Cink,E
29,Harris English,E
29,Lucas Glover,E
29,Brian Harman,E
29,Morgan Hoffmann,E
29,Zach Johnson,E
29,Matt Kuchar,E
29,William McGirt,E
29,Yusaku Miyazato,E
29,Francesco Molinari,E
29,Kevin Na,E
29,Greg Owen,E
29,Ryan Palmer,E
29,Kyle Reifers,E
29,Webb Simpson,E
29,Brandt Snedeker,E
29,Kyle Stanley,E
29,Shawn Stefani,E
29,Hideto Tanihara,E
29,Nick Taylor,E
29,Michael Thompson,E
29,Tyrone Van Aswegen,E
29,Harold Varner III,E
29,Steve Wheatcroft,E
57,Adam Hadwin,+.333
57,James Hahn,+.333
59,Robert Garrigus,+.500
59,Marc Leishman,+.500
59,Ben Martin,+.500
62,Daniel Berger,+1.000
62,Shane Bertsch,+1.000
62,Tony Finau,+1.000
62,Spencer Levin,+1.000
62,John Senden,+1.000
