rank,player,Avg RTP
1,Jason Gore,-1.000
1,Padraig Harrington,-1.000
1,Jamie Lovemark,-1.000
1,Brandt Snedeker,-1.000
5,Danny Lee,-.667
6,Fabián Gómez,-.500
6,Emiliano Grillo,-.500
6,Spencer Levin,-.500
6,Kevin Na,-.500
10,Tony Finau,-.333
11,Ricky Barnes,E
11,Shane Bertsch,E
11,Chad Campbell,E
11,Stewart Cink,E
11,Brendon de Jonge,E
11,Adam Hadwin,E
11,Charles Howell III,E
11,Si Woo Kim,E
11,Ben Martin,E
11,Scott Piercy,E
11,Chez Reavie,E
11,Kyle Reifers,E
11,Adam Scott,E
11,Hudson Swafford,E
11,Nick Taylor,E
11,Michael Thompson,E
11,Harold Varner III,E
11,Tim Wilkinson,E
29,Morgan Hoffmann,+.500
29,Matt Kuchar,+.500
31,Fred Funk,+1.000
31,Lucas Glover,+1.000
31,Marc Leishman,+1.000
31,Nick Mason,+1.000
31,Francesco Molinari,+1.000
31,S.Y. Noh,+1.000
31,Sean O'Hair,+1.000
31,Ryan Palmer,+1.000
31,Webb Simpson,+1.000
31,Hideto Tanihara,+1.000
41,K.J. Choi,+2.000
