rank,player,Avg RTP
1,Zac Blair,-1.000
1,John Huh,-1.000
1,John Senden,-1.000
4,Marc Leishman,-.667
4,Jeff Overton,-.667
4,Gary Woodland,-.667
7,Sean O'Hair,-.500
7,Scott Piercy,-.500
7,Hudson Swafford,-.500
10,Lucas Glover,-.400
10,Yusaku Miyazato,-.400
12,Greg Owen,-.333
12,Kyle Reifers,-.333
14,James Hahn,-.250
14,Tim Wilkinson,-.250
16,Ben Martin,-.200
16,Chez Reavie,-.200
18,Harold Varner III,-.167
19,Thomas Aiken,E
19,Ricky Barnes,E
19,Daniel Berger,E
19,Shane Bertsch,E
19,K.J. Choi,E
19,Tim Clark,E
19,Brendon de Jonge,E
19,Graham DeLaet,E
19,Luke Donald,E
19,Harris English,E
19,Tony Finau,E
19,Fred Funk,E
19,Robert Garrigus,E
19,Fabián Gómez,E
19,Jason Gore,E
19,Emiliano Grillo,E
19,Adam Hadwin,E
19,Brian Harman,E
19,J.J. Henry,E
19,Daisuke Kataoka,E
19,Jerry Kelly,E
19,Si Woo Kim,E
19,Kevin Kisner,E
19,Danny Lee,E
19,Spencer Levin,E
19,Jamie Lovemark,E
19,Nick Mason,E
19,Francesco Molinari,E
19,Ryan Palmer,E
19,Brandt Snedeker,E
19,Kyle Stanley,E
19,Shawn Stefani,E
19,Daniel Summerhays,E
19,Tyrone Van Aswegen,E
53,Vijay Singh,+.111
54,Jason Dufner,+.143
55,Stewart Cink,+.167
55,Matt Kuchar,+.167
55,David Lingmerth,+.167
58,Adam Scott,+.200
58,Nick Taylor,+.200
60,Michael Thompson,+.250
60,Jimmy Walker,+.250
62,William McGirt,+.333
62,Webb Simpson,+.333
64,Zach Johnson,+.500
64,Kevin Na,+.500
64,S.Y. Noh,+.500
67,Chad Campbell,+.667
67,Charles Howell III,+.667
67,Mark Hubbard,+.667
70,Padraig Harrington,+1.000
70,Steve Stricker,+1.000
70,Steve Wheatcroft,+1.000
73,Morgan Hoffmann,+1.500
