rank,player,Avg,Distance (Feet),Total Putts
1,Dustin Johnson,"10' 9""",323.500,30
2,Gary Woodland,"10' 1""",261.250,26
3,Matt Kuchar,"9' 7""",229.083,24
4,Patrick Cantlay,"8' 10""",265.917,30
5,Kevin Kisner,"8' 7""",214.250,25
5,J.T. Poston,"8' 7""",247.917,29
7,Corey Conners,"8' 2""",154.667,19
8,Patrick Reed,"8' 1""",363.417,45
9,Lanto Griffin,"7' 11""",230.417,29
9,Joaquin Niemann,"7' 11""",205.917,26
11,Dylan Frittelli,"7' 10""",165.333,21
12,J.B. Holmes,"7' 9""",208.833,27
12,Sebastián Muñoz,"7' 9""",239.583,31
14,Justin Thomas,"7' 7""",212.417,28
15,Max Homa,"7' 3""",138.250,19
16,Ryan Palmer,"7' 1""",220.167,31
17,Cameron Champ,"6' 10""",197.083,29
17,Graeme McDowell,"6' 10""",178.417,26
19,Adam Long,"6' 9""",175.083,26
19,Keith Mitchell,"6' 9""",155.167,23
21,Collin Morikawa,"6' 8""",192.750,29
22,Chez Reavie,"6' 5""",199.750,31
23,Nate Lashley,"6' 4""",158.500,25
24,Rickie Fowler,"6' 3""",200.083,32
24,Xander Schauffele,"6' 3""",162.583,26
24,Matthew Wolff,"6' 3""",201.083,32
27,Paul Casey,"6' 0""",149.167,25
27,Sung Kang,"6' 0""",143.583,24
29,Jim Herman,"5' 11""",124.417,21
30,Brendon Todd,"5' 10""",158.333,27
31,Tyler Duncan,"5' 5""",103.250,19
32,Jon Rahm,"5' 2""",124.083,24
33,Kevin Na,"5' 1""",122.750,24
34,Martin Trainer,"4' 4""",99.333,23
