rank,player,Avg,Distance (Feet),Total Putts
1,Collin Morikawa,"74' 6""",149.000,2
2,Ryan Palmer,"71' 5""",142.833,2
3,Gary Woodland,"67' 3""",134.500,2
4,Jon Rahm,"67' 0""",134.000,2
5,Sung Kang,"66' 9""",133.500,2
6,Kevin Na,"66' 0""",263.917,4
7,Adam Long,"58' 3""",116.417,2
8,Martin Trainer,"57' 5""",287.250,5
9,Kevin Kisner,"56' 1""",56.083,1
10,Dustin Johnson,"56' 0""",111.917,2
10,Justin Thomas,"56' 0""",56.000,1
12,Graeme McDowell,"55' 8""",111.333,2
13,Jim Herman,"55' 2""",275.750,5
14,Tyler Duncan,"54' 5""",108.750,2
15,Sebastián Muñoz,"52' 8""",157.917,3
16,Cameron Champ,"52' 3""",209.000,4
17,Nate Lashley,"51' 2""",153.583,3
18,Xander Schauffele,"49' 8""",198.500,4
19,J.T. Poston,"48' 3""",48.250,1
20,Keith Mitchell,"47' 11""",95.833,2
21,Patrick Cantlay,"47' 2""",94.250,2
21,Rickie Fowler,"47' 2""",141.417,3
21,Dylan Frittelli,"47' 2""",235.833,5
24,Corey Conners,"45' 10""",229.333,5
25,Paul Casey,"44' 11""",269.250,6
26,J.B. Holmes,"43' 3""",86.417,2
27,Max Homa,"41' 10""",125.500,3
28,Lanto Griffin,"41' 0""",287.083,7
29,Brendon Todd,"39' 1""",156.167,4
30,Matt Kuchar,"38' 9""",77.417,2
31,Matthew Wolff,"36' 7""",73.083,2
32,Patrick Reed,"33' 1""",66.167,2
33,Chez Reavie,"30' 5""",91.167,3
