rank,player,Value,Attempts,Total Distance (Feet)
1,Joaquin Niemann,"1' 10""",46,83.333
1,Justin Thomas,"1' 10""",44,80.000
3,J.B. Holmes,"2' 2""",44,96.333
3,Kevin Kisner,"2' 2""",46,97.917
5,Corey Conners,"2' 3""",52,115.833
5,Nate Lashley,"2' 3""",47,105.667
5,Adam Long,"2' 3""",44,100.083
5,Collin Morikawa,"2' 3""",43,96.833
5,Matthew Wolff,"2' 3""",40,90.750
10,Graeme McDowell,"2' 4""",45,106.833
10,Ryan Palmer,"2' 4""",40,94.167
10,Patrick Reed,"2' 4""",26,60.083
13,Tyler Duncan,"2' 5""",51,124.083
14,Patrick Cantlay,"2' 6""",41,101.250
14,Paul Casey,"2' 6""",47,118.250
14,Sung Kang,"2' 6""",46,115.583
14,Matt Kuchar,"2' 6""",47,116.583
18,Rickie Fowler,"2' 7""",40,101.833
18,Max Homa,"2' 7""",53,138.000
18,Brendon Todd,"2' 7""",45,114.500
21,Sebastián Muñoz,"2' 8""",40,106.000
22,Cameron Champ,"2' 9""",43,119.917
22,Dylan Frittelli,"2' 9""",50,139.250
22,Keith Mitchell,"2' 9""",48,133.417
22,Kevin Na,"2' 9""",48,130.500
22,J.T. Poston,"2' 9""",42,116.083
22,Jon Rahm,"2' 9""",46,125.000
28,Dustin Johnson,"2' 10""",42,118.083
28,Xander Schauffele,"2' 10""",46,130.250
28,Martin Trainer,"2' 10""",49,139.500
28,Gary Woodland,"2' 10""",45,127.750
32,Chez Reavie,"2' 11""",40,115.583
33,Jim Herman,"3' 1""",51,155.750
34,Lanto Griffin,"3' 3""",43,141.417
