rank,player,Avg,Distance (Feet),Total Putts
1,Matt Kuchar,"15' 2""",151.750,10
2,Dustin Johnson,"15' 0""",239.833,16
3,Gary Woodland,"14' 2""",184.333,13
4,J.T. Poston,"12' 11""",194.083,15
5,J.B. Holmes,"12' 4""",147.583,12
6,Lanto Griffin,"12' 3""",171.167,14
7,Patrick Cantlay,"11' 9""",212.000,18
7,Dylan Frittelli,"11' 9""",94.167,8
7,Patrick Reed,"11' 9""",246.583,21
10,Max Homa,"11' 8""",81.583,7
11,Kevin Kisner,"11' 7""",139.250,12
12,Graeme McDowell,"10' 11""",119.917,11
12,Joaquin Niemann,"10' 11""",152.250,14
14,Corey Conners,"10' 4""",103.083,10
15,Chez Reavie,"10' 3""",102.500,10
16,Ryan Palmer,"10' 1""",141.000,14
16,Matthew Wolff,"10' 1""",101.083,10
18,Cameron Champ,"9' 11""",148.750,15
19,Brendon Todd,"9' 10""",78.583,8
20,Adam Long,"9' 6""",113.500,12
21,Sebastián Muñoz,"9' 3""",147.583,16
22,Justin Thomas,"9' 0""",179.833,20
23,Paul Casey,"8' 10""",105.583,12
24,Xander Schauffele,"8' 3""",123.250,15
25,Collin Morikawa,"7' 10""",132.917,17
25,Martin Trainer,"7' 10""",39.167,5
27,Rickie Fowler,"7' 9""",116.333,15
27,Nate Lashley,"7' 9""",93.083,12
27,Keith Mitchell,"7' 9""",77.333,10
30,Kevin Na,"7' 6""",75.167,10
31,Jon Rahm,"6' 10""",68.250,10
32,Jim Herman,"6' 9""",94.083,14
33,Sung Kang,"6' 8""",93.167,14
34,Tyler Duncan,"5' 4""",53.500,10
