rank,player,%,Total 3 Putts,Attempts,2 Putt or Better %
1,Rory McIlroy,.00,0,22,100.00
1,Jon Rahm,.00,0,17,100.00
1,Webb Simpson,.00,0,13,100.00
4,Xander Schauffele,4.17,1,24,95.83
5,Billy Horschel,4.35,1,23,95.65
6,Brandt Snedeker,4.76,1,21,95.24
7,Brice Garnett,5.00,1,20,95.00
8,Paul Casey,5.26,1,19,94.74
8,Satoshi Kodaira,5.26,1,19,94.74
10,Justin Thomas,5.56,1,18,94.44
11,Dustin Johnson,5.88,1,17,94.12
11,"Ted Potter, Jr.",5.88,1,17,94.12
11,Andrew Putnam,5.88,1,17,94.12
14,Troy Merritt,6.25,1,16,93.75
15,Francesco Molinari,6.67,1,15,93.33
16,Marc Leishman,7.41,2,27,92.59
17,Gary Woodland,8.33,2,24,91.67
18,Charles Howell III,9.52,2,21,90.48
19,Jason Day,10.00,2,20,90.00
19,Matt Kuchar,10.00,2,20,90.00
21,Brooks Koepka,10.53,2,19,89.47
22,Keegan Bradley,13.64,3,22,86.36
23,Ian Poulter,15.00,3,20,85.00
24,Cameron Champ,15.63,5,32,84.37
25,Bryson DeChambeau,16.67,3,18,83.33
26,Andrew Landry,18.75,3,16,81.25
26,Kevin Tway,18.75,3,16,81.25
28,Patton Kizzire,19.05,4,21,80.95
28,Aaron Wise,19.05,4,21,80.95
30,Scott Piercy,20.00,4,20,80.00
30,Patrick Reed,20.00,4,20,80.00
32,Michael Kim,30.77,4,13,69.23
33,Bubba Watson,57.89,11,19,42.11
