rank,player,%,Total 3 Putts,Attempts,2 Putt or Better %
1,Keegan Bradley,.00,0,11,100.00
1,Paul Casey,.00,0,11,100.00
1,Cameron Champ,.00,0,11,100.00
1,Jason Day,.00,0,9,100.00
1,Bryson DeChambeau,.00,0,15,100.00
1,Brice Garnett,.00,0,14,100.00
1,Billy Horschel,.00,0,6,100.00
1,Charles Howell III,.00,0,10,100.00
1,Dustin Johnson,.00,0,9,100.00
1,Michael Kim,.00,0,7,100.00
1,Patton Kizzire,.00,0,13,100.00
1,Satoshi Kodaira,.00,0,14,100.00
1,Brooks Koepka,.00,0,13,100.00
1,Andrew Landry,.00,0,13,100.00
1,Marc Leishman,.00,0,3,100.00
1,Rory McIlroy,.00,0,11,100.00
1,Troy Merritt,.00,0,11,100.00
1,Francesco Molinari,.00,0,15,100.00
1,Scott Piercy,.00,0,11,100.00
1,"Ted Potter, Jr.",.00,0,16,100.00
1,Ian Poulter,.00,0,13,100.00
1,Andrew Putnam,.00,0,11,100.00
1,Jon Rahm,.00,0,11,100.00
1,Xander Schauffele,.00,0,11,100.00
1,Webb Simpson,.00,0,16,100.00
1,Brandt Snedeker,.00,0,13,100.00
1,Justin Thomas,.00,0,16,100.00
1,Kevin Tway,.00,0,6,100.00
1,Bubba Watson,.00,0,11,100.00
1,Aaron Wise,.00,0,15,100.00
1,Gary Woodland,.00,0,8,100.00
32,Matt Kuchar,6.25,1,16,93.75
33,Patrick Reed,7.69,1,13,92.31
