rank,player,%,Total 3 Putts,Total Holes
1,Keegan Bradley,5.56,1,18
1,Jason Day,5.56,1,18
1,Brice Garnett,5.56,1,18
1,Michael Kim,5.56,1,18
1,Patton Kizzire,5.56,1,18
1,Matt Kuchar,5.56,1,18
1,Andrew Landry,5.56,1,18
1,Francesco Molinari,5.56,1,18
1,Scott Piercy,5.56,1,18
1,Brandt Snedeker,5.56,1,18
1,Kevin Tway,5.56,1,18
1,Aaron Wise,5.56,1,18
13,Cameron Champ,11.11,2,18
13,Bryson DeChambeau,11.11,2,18
13,Satoshi Kodaira,11.11,2,18
13,Patrick Reed,11.11,2,18
17,Ian Poulter,16.67,3,18
17,Bubba Watson,16.67,3,18
