rank,player,Total 3 putts > 25',Total 3 Putts
1,Bubba Watson,11,12
2,Cameron Champ,5,5
3,Michael Kim,4,4
3,Patton Kizzire,4,4
3,Scott Piercy,4,4
3,Patrick Reed,4,5
3,Aaron Wise,4,4
8,Keegan Bradley,3,3
8,Bryson DeChambeau,3,3
8,Andrew Landry,3,3
8,Ian Poulter,3,4
8,Kevin Tway,3,3
13,Jason Day,2,3
13,Charles Howell III,2,3
13,Brooks Koepka,2,2
13,Matt Kuchar,2,3
13,Marc Leishman,2,2
13,Gary Woodland,2,2
19,Paul Casey,1,1
19,Brice Garnett,1,1
19,Billy Horschel,1,2
19,Dustin Johnson,1,1
19,Satoshi Kodaira,1,2
19,Troy Merritt,1,1
19,Francesco Molinari,1,2
19,"Ted Potter, Jr.",1,1
19,Andrew Putnam,1,1
19,Xander Schauffele,1,1
19,Brandt Snedeker,1,1
19,Justin Thomas,1,2
