rank,player,%,Total 3 Putts,Attempts,2 Putt or Better %
1,Keegan Bradley,.00,0,15,100.00
1,Paul Casey,.00,0,15,100.00
1,Cameron Champ,.00,0,9,100.00
1,Bryson DeChambeau,.00,0,18,100.00
1,Brice Garnett,.00,0,15,100.00
1,Charles Howell III,.00,0,13,100.00
1,Dustin Johnson,.00,0,11,100.00
1,Michael Kim,.00,0,18,100.00
1,Patton Kizzire,.00,0,11,100.00
1,Satoshi Kodaira,.00,0,17,100.00
1,Brooks Koepka,.00,0,14,100.00
1,Matt Kuchar,.00,0,10,100.00
1,Andrew Landry,.00,0,14,100.00
1,Marc Leishman,.00,0,15,100.00
1,Rory McIlroy,.00,0,12,100.00
1,Troy Merritt,.00,0,14,100.00
1,Scott Piercy,.00,0,15,100.00
1,"Ted Potter, Jr.",.00,0,17,100.00
1,Andrew Putnam,.00,0,19,100.00
1,Jon Rahm,.00,0,16,100.00
1,Patrick Reed,.00,0,11,100.00
1,Xander Schauffele,.00,0,13,100.00
1,Brandt Snedeker,.00,0,11,100.00
1,Justin Thomas,.00,0,13,100.00
1,Kevin Tway,.00,0,12,100.00
1,Aaron Wise,.00,0,13,100.00
1,Gary Woodland,.00,0,15,100.00
28,Ian Poulter,6.25,1,16,93.75
29,Jason Day,6.67,1,15,93.33
30,Francesco Molinari,7.14,1,14,92.86
31,Webb Simpson,7.69,1,13,92.31
32,Billy Horschel,12.50,1,8,87.50
32,Bubba Watson,12.50,1,8,87.50
