rank,player,%,Total 3 Putts,Total Holes
1,Keegan Bradley,5.56,1,18
1,Paul Casey,5.56,1,18
1,Jason Day,5.56,1,18
1,Bryson DeChambeau,5.56,1,18
1,Billy Horschel,5.56,1,18
1,Michael Kim,5.56,1,18
1,Patton Kizzire,5.56,1,18
1,Matt Kuchar,5.56,1,18
1,Andrew Landry,5.56,1,18
1,Troy Merritt,5.56,1,18
1,"Ted Potter, Jr.",5.56,1,18
1,Xander Schauffele,5.56,1,18
1,Webb Simpson,5.56,1,18
1,Justin Thomas,5.56,1,18
15,Charles Howell III,11.11,2,18
15,Brooks Koepka,11.11,2,18
15,Scott Piercy,11.11,2,18
15,Aaron Wise,11.11,2,18
19,Bubba Watson,16.67,3,18
