rank,player,Avg,Total Distance (feet),# of Attempts,Relative to par
1,Jason Bohn,"28' 7""",200.333,7,-3
2,Ian Poulter,"31' 11""",255.083,8,-1
3,Tim Clark,"32' 8""",163.500,5,-2
4,Dustin Johnson,"35' 2""",140.750,4,-1
5,Matt Bettencourt,"37' 11""",227.250,6,-1
6,Ernie Els,"40' 1""",320.417,8,-3
7,Jonathan Byrd,"41' 0""",369.167,9,-5
8,Steve Stricker,"43' 3""",389.333,9,-1
9,Cameron Beckman,"44' 11""",269.500,6,-1
10,Ryan Palmer,"46' 4""",417.333,9,-2
11,Anthony Kim,"50' 11""",407.500,8,-1
12,Bubba Watson,"51' 5""",257.250,5,-2
13,Stuart Appleby,"51' 7""",154.833,3,-2
14,Ben Crane,"52' 2""",260.917,5,-2
15,Charley Hoffman,"52' 7""",263.083,5,-2
15,Graeme McDowell,"52' 7""",420.917,8,-3
17,Heath Slocum,"53' 7""",375.000,7,+1
18,Rocco Mediate,"55' 2""",165.583,3,E
19,Jason Day,"55' 11""",223.583,4,+1
19,Adam Scott,"55' 11""",391.667,7,-1
21,Robert Garrigus,"56' 0""",280.000,5,-2
22,Bill Lunde,"56' 1""",392.417,7,+1
23,Matt Kuchar,"57' 4""",458.833,8,-2
24,Zach Johnson,"57' 8""",461.583,8,+1
25,Francesco Molinari,"58' 11""",471.500,8,+1
26,Bill Haas,"62' 3""",373.583,6,-2
27,Carl Pettersson,"62' 7""",437.917,7,E
28,Justin Rose,"63' 6""",507.917,8,-1
29,Hunter Mahan,"69' 0""",689.667,10,-1
30,Jim Furyk,"70' 11""",638.583,9,E
31,Derek Lamely,"74' 3""",445.417,6,E
32,Arjun Atwal,"80' 10""",404.167,5,E
