rank,player,Avg,Total Distance (feet),# of Attempts,Relative to par
1,Robert Garrigus,"12' 9""",12.750,1,-1
2,Ben Crane,"23' 4""",23.333,1,E
3,Bubba Watson,"71' 3""",142.417,2,-3
4,Arjun Atwal,"112' 1""",112.083,1,E
5,Anthony Kim,"116' 4""",348.917,3,-1
6,Dustin Johnson,"116' 5""",232.750,2,E
7,Ernie Els,"129' 11""",129.917,1,+1
8,Stuart Appleby,"139' 9""",419.250,3,-1
9,Jonathan Byrd,"141' 7""",141.583,1,-1
10,Cameron Beckman,"142' 2""",142.167,1,E
11,Ryan Palmer,"143' 1""",286.083,2,-1
12,Hunter Mahan,"144' 3""",144.250,1,-1
13,Charley Hoffman,"150' 5""",300.750,2,-1
14,Bill Lunde,"156' 7""",156.583,1,E
15,Adam Scott,"159' 1""",318.083,2,-2
16,Justin Rose,"160' 6""",320.917,2,-2
17,Jason Day,"161' 3""",483.667,3,E
18,Jason Bohn,"163' 7""",163.583,1,-1
19,Derek Lamely,"169' 2""",169.167,1,E
20,Zach Johnson,"175' 3""",175.250,1,E
21,Bill Haas,"180' 3""",180.250,1,-1
