rank,player,Avg,Total Distance (feet),# of Attempts,GIR Rank
1,Tim Clark,"28' 10""","2,045.250",71,Under
2,Ian Poulter,"29' 6""","2,125.833",72,Under
3,Carl Pettersson,"30' 4""","2,185.250",72,Under
4,Graeme McDowell,"31' 1""","2,204.333",71,Under
5,Heath Slocum,"32' 1""","2,280.667",71,Under
6,Ben Crane,"32' 4""","2,297.333",71,Under
7,Jason Bohn,"32' 10""","2,366.917",72,Under
8,Steve Stricker,"34' 0""","2,449.500",72,Under
9,Rocco Mediate,"34' 5""","2,410.333",70,Under
10,Jonathan Byrd,"35' 0""","2,517.667",72,Under
11,Robert Garrigus,"35' 8""","2,565.000",72,Under
12,Matt Bettencourt,"36' 3""","2,536.667",70,Under
13,Jim Furyk,"36' 4""","2,582.583",71,Under
14,Anthony Kim,"37' 0""","2,664.917",72,Under
15,Zach Johnson,"37' 5""","2,617.417",70,Under
16,Francesco Molinari,"38' 0""","2,735.750",72,Under
17,Matt Kuchar,"38' 3""","2,754.583",72,Under
18,Charley Hoffman,"38' 5""","2,650.000",69,Under
19,Cameron Beckman,"38' 10""","2,717.000",70,Under
19,Ernie Els,"38' 10""","2,794.750",72,Under
21,Bill Haas,"39' 8""","2,856.250",72,Under
21,Bill Lunde,"39' 8""","2,855.417",72,Under
23,Hunter Mahan,"40' 8""","2,887.667",71,Under
23,Bubba Watson,"40' 8""","2,848.167",70,Under
25,Adam Scott,"41' 5""","2,938.000",71,Under
26,Arjun Atwal,"41' 6""","2,990.333",72,Under
27,Dustin Johnson,"41' 7""","2,869.083",69,Under
28,Ryan Palmer,"42' 3""","3,042.583",72,Under
29,Derek Lamely,"42' 7""","3,024.833",71,Over
30,Justin Rose,"42' 8""","2,986.833",70,Under
31,Stuart Appleby,"43' 4""","3,075.583",71,Under
32,Jason Day,"44' 3""","3,144.000",71,Under
