rank,player,Avg,Total Distance (feet),# of Attempts,Relative to par
1,Steve Stricker,"3' 8""",7.250,2,-2
2,Zach Johnson,"4' 6""",9.000,2,-2
3,Bill Lunde,"6' 0""",12.000,2,-1
4,Graeme McDowell,"6' 2""",18.417,3,-2
5,Arjun Atwal,"6' 5""",6.417,1,-1
6,Jason Bohn,"7' 5""",22.250,3,-3
7,Robert Garrigus,"7' 11""",23.833,3,-2
8,Anthony Kim,"8' 2""",32.750,4,-1
9,Heath Slocum,"8' 11""",26.667,3,-1
10,Rocco Mediate,"9' 3""",27.750,3,-1
11,Ben Crane,"11' 1""",33.167,3,+2
12,Tim Clark,"11' 2""",55.750,5,-4
13,Carl Pettersson,"11' 3""",67.250,6,-5
14,Justin Rose,"12' 11""",64.667,5,-1
15,Jim Furyk,"13' 3""",39.667,3,-1
16,Matt Kuchar,"14' 9""",14.750,1,E
17,Ernie Els,"15' 0""",59.917,4,E
18,Ryan Palmer,"15' 4""",30.667,2,E
19,Jason Day,"15' 10""",126.667,8,-4
20,Matt Bettencourt,"17' 1""",102.417,6,E
21,Ian Poulter,"17' 4""",69.417,4,-2
22,Dustin Johnson,"18' 0""",54.000,3,E
23,Charley Hoffman,"18' 8""",93.500,5,-1
24,Derek Lamely,"19' 4""",96.750,5,+1
25,Bubba Watson,"21' 5""",214.167,10,-1
26,Jonathan Byrd,"22' 2""",88.500,4,E
27,Bill Haas,"22' 5""",22.417,1,E
28,Hunter Mahan,"24' 10""",124.083,5,E
29,Francesco Molinari,"25' 6""",51.000,2,E
30,Stuart Appleby,"32' 4""",129.417,4,+3
