rank,player,Avg,Total Distance (feet),# of Attempts,Relative to par
1,Charley Hoffman,"8' 9""",61.250,7,-3
2,Dustin Johnson,"9' 8""",87.167,9,-3
3,Steve Stricker,"9' 10""",58.833,6,-4
4,Adam Scott,"10' 7""",116.167,11,-2
5,Jim Furyk,"11' 1""",66.417,6,E
6,Justin Rose,"11' 3""",67.333,6,-4
7,Jonathan Byrd,"12' 7""",88.250,7,-3
8,Cameron Beckman,"12' 9""",102.000,8,E
9,Jason Bohn,"13' 0""",78.000,6,-2
10,Anthony Kim,"13' 4""",106.833,8,-4
11,Matt Bettencourt,"14' 2""",169.583,12,E
12,Arjun Atwal,"14' 3""",99.500,7,-1
12,Bubba Watson,"14' 3""",128.250,9,-1
14,Tim Clark,"14' 10""",237.500,16,-5
15,Heath Slocum,"15' 2""",106.417,7,-1
16,Stuart Appleby,"15' 3""",91.417,6,-1
17,Ian Poulter,"15' 8""",94.000,6,-2
18,Jason Day,"16' 0""",63.833,4,-1
19,Graeme McDowell,"16' 9""",167.833,10,-4
20,Rocco Mediate,"16' 10""",50.583,3,-1
21,Matt Kuchar,"17' 6""",227.417,13,-6
22,Hunter Mahan,"17' 10""",124.917,7,-1
23,Bill Haas,"17' 11""",215.250,12,E
24,Derek Lamely,"18' 3""",146.000,8,E
25,Carl Pettersson,"18' 5""",202.167,11,-5
26,Ryan Palmer,"18' 11""",113.500,6,-1
27,Ben Crane,"20' 0""",140.000,7,E
28,Francesco Molinari,"20' 11""",125.333,6,-2
29,Ernie Els,"22' 3""",155.667,7,-3
30,Robert Garrigus,"25' 1""",125.583,5,E
31,Bill Lunde,"25' 10""",361.167,14,E
32,Zach Johnson,"27' 1""",135.250,5,-2
