rank,player,Avg,Total Distance (feet),# of Attempts,Relative to par
1,Arjun Atwal,"7' 8""",30.750,4,-4
2,Steve Stricker,"16' 2""",64.583,4,-1
3,Graeme McDowell,"20' 5""",102.250,5,-1
4,Ian Poulter,"20' 10""",104.000,5,-4
5,Carl Pettersson,"21' 9""",108.667,5,-3
6,Adam Scott,"25' 2""",100.583,4,-1
7,Matt Bettencourt,"25' 6""",127.500,5,-1
8,Robert Garrigus,"27' 6""",165.167,6,-1
9,Hunter Mahan,"28' 1""",84.250,3,E
10,Jim Furyk,"28' 4""",113.333,4,+1
11,Heath Slocum,"28' 6""",170.917,6,E
12,Stuart Appleby,"28' 8""",114.667,4,-2
13,Justin Rose,"28' 9""",143.833,5,-1
14,Francesco Molinari,"29' 2""",116.667,4,-1
15,Cameron Beckman,"30' 3""",90.833,3,-1
16,Ben Crane,"31' 6""",157.583,5,-1
17,Dustin Johnson,"33' 2""",232.000,7,-2
18,Anthony Kim,"33' 5""",100.167,3,E
19,Ernie Els,"34' 0""",136.083,4,-1
20,Derek Lamely,"35' 7""",177.917,5,+1
21,Zach Johnson,"35' 11""",143.667,4,E
22,Jason Bohn,"36' 0""",143.833,4,-1
23,Matt Kuchar,"36' 7""",183.083,5,E
24,Bill Lunde,"37' 3""",223.667,6,-2
25,Charley Hoffman,"38' 10""",194.333,5,+1
26,Rocco Mediate,"43' 2""",172.750,4,+1
27,Ryan Palmer,"43' 8""",218.333,5,-1
28,Bill Haas,"45' 6""",227.583,5,-1
29,Jonathan Byrd,"46' 9""",233.750,5,E
30,Tim Clark,"48' 1""",96.083,2,E
31,Bubba Watson,"57' 1""",456.583,8,-2
32,Jason Day,"62' 1""",248.250,4,E
