rank,player,Avg,Total Distance (feet),# of Attempts,Relative to par
1,Matt Kuchar,"6' 3""",12.500,2,-1
2,Arjun Atwal,"7' 6""",7.500,1,E
3,Tim Clark,"9' 9""",19.417,2,-1
4,Matt Bettencourt,"10' 9""",10.750,1,E
4,Rocco Mediate,"10' 9""",53.833,5,-1
6,Ian Poulter,"12' 6""",12.500,1,E
7,Robert Garrigus,"14' 3""",28.417,2,E
8,Ernie Els,"15' 3""",61.000,4,E
9,Anthony Kim,"15' 7""",78.000,5,E
10,Jason Day,"15' 11""",63.667,4,-1
11,Jim Furyk,"17' 3""",103.333,6,-2
12,Stuart Appleby,"18' 10""",37.667,2,-1
13,Dustin Johnson,"20' 6""",41.000,2,E
14,Ben Crane,"21' 8""",216.500,10,-3
15,Charley Hoffman,"22' 8""",90.583,4,-2
16,Ryan Palmer,"23' 1""",23.083,1,E
17,Bill Haas,"24' 0""",119.917,5,-2
18,Adam Scott,"25' 4""",50.667,2,E
19,Francesco Molinari,"25' 5""",152.333,6,-2
20,Steve Stricker,"25' 9""",180.417,7,-3
21,Hunter Mahan,"25' 10""",51.667,2,E
22,Justin Rose,"28' 2""",112.750,4,+1
23,Graeme McDowell,"29' 3""",146.083,5,E
24,Jason Bohn,"29' 10""",89.417,3,E
25,Cameron Beckman,"32' 9""",32.750,1,E
26,Heath Slocum,"35' 11""",35.917,1,E
27,Zach Johnson,"40' 6""",242.750,6,-1
28,Derek Lamely,"43' 10""",175.167,4,+1
29,Carl Pettersson,"52' 2""",52.167,1,+1
30,Jonathan Byrd,"52' 7""",157.667,3,E
