rank,player,Avg,Total Distance (feet),# of Attempts,Relative to par
1,Robert Garrigus,"7' 2""",43.083,6,-6
2,Charley Hoffman,"10' 9""",32.167,3,-1
3,Steve Stricker,"13' 1""",170.583,13,-4
4,Matt Bettencourt,"13' 5""",40.167,3,-1
5,Cameron Beckman,"13' 6""",135.167,10,-5
6,Derek Lamely,"13' 10""",69.083,5,-2
7,Zach Johnson,"14' 0""",209.833,15,-3
8,Ben Crane,"14' 2""",127.500,9,-4
9,Jason Bohn,"14' 4""",143.500,10,E
10,Rocco Mediate,"14' 7""",175.000,12,-4
10,Ian Poulter,"14' 7""",160.000,11,-4
12,Graeme McDowell,"14' 8""",117.500,8,-2
13,Jason Day,"14' 9""",59.083,4,E
14,Carl Pettersson,"16' 0""",112.000,7,-2
15,Bubba Watson,"16' 2""",48.500,3,-1
16,Bill Lunde,"16' 3""",145.917,9,-3
17,Justin Rose,"16' 7""",115.917,7,-2
18,Francesco Molinari,"17' 0""",204.083,12,-3
19,Hunter Mahan,"17' 1""",187.500,11,E
20,Tim Clark,"17' 3""",172.333,10,E
20,Anthony Kim,"17' 3""",68.833,4,E
22,Dustin Johnson,"17' 7""",35.167,2,-1
23,Jim Furyk,"18' 3""",219.083,12,-3
24,Stuart Appleby,"18' 4""",128.083,7,-2
25,Ernie Els,"18' 7""",223.333,12,-3
26,Adam Scott,"18' 8""",149.500,8,-1
27,Heath Slocum,"18' 10""",245.167,13,-2
28,Jonathan Byrd,"19' 1""",152.917,8,-5
29,Matt Kuchar,"20' 11""",146.667,7,-1
30,Arjun Atwal,"22' 9""",227.250,10,E
31,Ryan Palmer,"23' 11""",167.417,7,E
32,Bill Haas,"25' 4""",76.083,3,-1
