rank,player,Avg,Total Distance (feet),# of Attempts,Relative to par
1,Dustin Johnson,"28' 2""",225.000,8,-3
2,Justin Rose,"29' 2""",204.250,7,-3
3,Matt Kuchar,"29' 7""",325.000,11,-4
4,Jonathan Byrd,"29' 9""",327.667,11,-2
5,Heath Slocum,"32' 4""",290.917,9,E
6,Graeme McDowell,"33' 3""",365.917,11,-4
7,Steve Stricker,"33' 8""",370.583,11,-2
8,Ian Poulter,"34' 1""",409.417,12,-1
9,Derek Lamely,"34' 10""",348.167,10,E
10,Ernie Els,"35' 0""",350.167,10,-3
11,Tim Clark,"35' 9""",357.500,10,-3
12,Ryan Palmer,"36' 4""",399.250,11,-3
13,Rocco Mediate,"36' 11""",406.333,11,E
14,Anthony Kim,"38' 4""",421.583,11,-1
15,Jim Furyk,"38' 7""",385.417,10,-5
16,Robert Garrigus,"38' 11""",466.833,12,-1
16,Charley Hoffman,"38' 11""",350.583,9,-3
18,Bubba Watson,"40' 9""",407.750,10,+4
19,Carl Pettersson,"41' 9""",375.417,9,-3
20,Bill Haas,"43' 4""",606.250,14,-1
21,Zach Johnson,"44' 1""",441.083,10,-1
22,Hunter Mahan,"44' 2""",486.083,11,-3
23,Arjun Atwal,"45' 4""",498.833,11,-4
24,Stuart Appleby,"45' 7""",547.000,12,+1
25,Adam Scott,"45' 9""",457.750,10,-2
26,Matt Bettencourt,"47' 3""",519.500,11,-2
27,Francesco Molinari,"47' 11""",574.583,12,E
28,Ben Crane,"48' 2""",481.750,10,+2
28,Jason Day,"48' 2""",722.500,15,-6
30,Bill Lunde,"51' 2""",562.583,11,-3
31,Jason Bohn,"51' 4""",615.500,12,+2
32,Cameron Beckman,"58' 9""",528.583,9,+1
