rank,player,Avg,Total Putts,Total Rounds
1,Steve Stricker,26.00,26,1
2,Tommy Gainey,30.00,30,1
3,Keegan Bradley,31.00,31,1
3,Dustin Johnson,31.00,31,1
3,Zach Johnson,31.00,31,1
3,Matt Kuchar,31.00,31,1
3,Hunter Mahan,31.00,31,1
3,Brandt Snedeker,31.00,31,1
9,Jonas Blixt,32.00,32,1
9,George McNeill,32.00,32,1
9,Carl Pettersson,32.00,32,1
9,Scott Piercy,32.00,32,1
9,Scott Stallings,32.00,32,1
9,Johnson Wagner,32.00,32,1
15,Rickie Fowler,33.00,33,1
15,John Huh,33.00,33,1
15,Marc Leishman,33.00,33,1
15,"Ted Potter, Jr.",33.00,33,1
15,Webb Simpson,33.00,33,1
15,Nick Watney,33.00,33,1
15,Bubba Watson,33.00,33,1
22,Ben Curtis,34.00,34,1
22,Bill Haas,34.00,34,1
22,Ian Poulter,34.00,34,1
25,Charlie Beljan,35.00,35,1
25,J.J. Henry,35.00,35,1
25,Ryan Moore,35.00,35,1
25,Mark Wilson,35.00,35,1
29,Jason Dufner,36.00,36,1
30,Kyle Stanley,40.00,40,1
