rank,player,Avg,Total 3 Putts,Total Rounds
1,Kyle Stanley,4.67,14,3
2,Charlie Beljan,2.33,7,3
3,George McNeill,2.00,6,3
3,Scott Piercy,2.00,6,3
5,Jason Dufner,1.67,5,3
5,Zach Johnson,1.67,5,3
5,Marc Leishman,1.67,5,3
5,"Ted Potter, Jr.",1.67,5,3
5,Johnson Wagner,1.67,5,3
5,Nick Watney,1.67,5,3
11,Keegan Bradley,1.33,4,3
11,Ben Curtis,1.33,4,3
11,Brandt Snedeker,1.33,4,3
14,Rickie Fowler,1.00,3,3
14,Bill Haas,1.00,3,3
14,Dustin Johnson,1.00,3,3
14,Matt Kuchar,1.00,3,3
14,Hunter Mahan,1.00,3,3
14,Ryan Moore,1.00,3,3
14,Ian Poulter,1.00,3,3
14,Scott Stallings,1.00,3,3
14,Steve Stricker,1.00,3,3
23,Jonas Blixt,.67,2,3
23,Tommy Gainey,.67,2,3
23,J.J. Henry,.67,2,3
23,Carl Pettersson,.67,2,3
23,Webb Simpson,.67,2,3
23,Bubba Watson,.67,2,3
23,Mark Wilson,.67,2,3
30,John Huh,.33,1,3
