rank,player,Avg,Total Putts,Total Rounds
1,Dustin Johnson,28.00,28,1
1,"Ted Potter, Jr.",28.00,28,1
3,Rickie Fowler,29.00,29,1
3,Matt Kuchar,29.00,29,1
3,Ian Poulter,29.00,29,1
6,Bubba Watson,30.00,30,1
7,Brandt Snedeker,31.00,31,1
8,Charlie Beljan,32.00,32,1
8,Jason Dufner,32.00,32,1
8,J.J. Henry,32.00,32,1
8,Zach Johnson,32.00,32,1
8,Mark Wilson,32.00,32,1
13,Jonas Blixt,33.00,33,1
13,Keegan Bradley,33.00,33,1
13,Ben Curtis,33.00,33,1
13,Tommy Gainey,33.00,33,1
13,Marc Leishman,33.00,33,1
13,Ryan Moore,33.00,33,1
13,Scott Piercy,33.00,33,1
13,Webb Simpson,33.00,33,1
13,Johnson Wagner,33.00,33,1
22,Bill Haas,34.00,34,1
22,Hunter Mahan,34.00,34,1
22,Carl Pettersson,34.00,34,1
22,Kyle Stanley,34.00,34,1
22,Steve Stricker,34.00,34,1
27,John Huh,35.00,35,1
27,Scott Stallings,35.00,35,1
27,Nick Watney,35.00,35,1
30,George McNeill,36.00,36,1
