rank,player,Avg,Total 2 Putts,Total Rounds
1,John Huh,14.67,44,3
2,George McNeill,13.33,40,3
2,Ryan Moore,13.33,40,3
2,Carl Pettersson,13.33,40,3
5,Bill Haas,13.00,39,3
5,J.J. Henry,13.00,39,3
5,Webb Simpson,13.00,39,3
5,Bubba Watson,13.00,39,3
5,Mark Wilson,13.00,39,3
10,Tommy Gainey,12.67,38,3
10,Scott Stallings,12.67,38,3
12,Jonas Blixt,12.00,36,3
12,Keegan Bradley,12.00,36,3
12,Ben Curtis,12.00,36,3
12,Zach Johnson,12.00,36,3
12,Marc Leishman,12.00,36,3
12,Johnson Wagner,12.00,36,3
18,Hunter Mahan,11.67,35,3
18,Nick Watney,11.67,35,3
20,Dustin Johnson,11.33,34,3
20,Steve Stricker,11.33,34,3
22,Jason Dufner,11.00,33,3
22,Rickie Fowler,11.00,33,3
22,Matt Kuchar,11.00,33,3
25,Charlie Beljan,10.67,32,3
26,Brandt Snedeker,10.33,31,3
27,Scott Piercy,10.00,30,3
27,"Ted Potter, Jr.",10.00,30,3
27,Ian Poulter,10.00,30,3
30,Kyle Stanley,9.67,29,3
