rank,player,Avg RTP
1,Dustin Johnson,-1.333
2,Rickie Fowler,-1.000
2,Scott Stallings,-1.000
2,Bubba Watson,-1.000
5,Keegan Bradley,-.750
5,Carl Pettersson,-.750
7,Matt Kuchar,-.667
7,Brandt Snedeker,-.667
9,Scott Piercy,-.600
10,Jason Dufner,-.500
10,John Huh,-.500
10,Marc Leishman,-.500
10,George McNeill,-.500
10,Webb Simpson,-.500
10,Johnson Wagner,-.500
16,Hunter Mahan,-.400
17,Ian Poulter,-.333
18,Tommy Gainey,-.250
18,"Ted Potter, Jr.",-.250
20,Ben Curtis,E
20,Bill Haas,E
20,J.J. Henry,E
20,Steve Stricker,E
20,Nick Watney,E
20,Mark Wilson,E
26,Ryan Moore,+.250
27,Charlie Beljan,+.333
27,Kyle Stanley,+.333
29,Jonas Blixt,+.500
29,Zach Johnson,+.500
