rank,player,Avg RTP
1,Carl Pettersson,-1.000
1,Scott Stallings,-1.000
3,Rickie Fowler,-.750
3,Steve Stricker,-.750
5,Charlie Beljan,-.667
6,Keegan Bradley,-.500
6,J.J. Henry,-.500
6,Hunter Mahan,-.500
6,Nick Watney,-.500
10,Bill Haas,-.400
11,Ben Curtis,-.333
11,Tommy Gainey,-.333
11,Zach Johnson,-.333
14,Marc Leishman,-.200
15,Jonas Blixt,E
15,Jason Dufner,E
15,Matt Kuchar,E
15,Ryan Moore,E
15,Scott Piercy,E
15,Ian Poulter,E
15,Webb Simpson,E
15,Brandt Snedeker,E
15,Johnson Wagner,E
15,Bubba Watson,E
25,John Huh,+.500
25,"Ted Potter, Jr.",+.500
25,Kyle Stanley,+.500
28,George McNeill,+1.000
