rank,player,Avg RTP
1,Tommy Gainey,-.200
2,Matt Kuchar,-.167
3,Brandt Snedeker,-.143
4,Rickie Fowler,-.100
5,Johnson Wagner,-.091
6,Jonas Blixt,E
6,Jason Dufner,E
6,Bill Haas,E
6,J.J. Henry,E
6,John Huh,E
6,Dustin Johnson,E
6,Zach Johnson,E
6,Marc Leishman,E
6,Carl Pettersson,E
6,"Ted Potter, Jr.",E
6,Ian Poulter,E
6,Kyle Stanley,E
6,Steve Stricker,E
6,Nick Watney,E
6,Mark Wilson,E
21,Webb Simpson,+.143
21,Scott Stallings,+.143
23,Ryan Moore,+.200
24,Bubba Watson,+.222
25,Hunter Mahan,+.250
26,Charlie Beljan,+.300
27,George McNeill,+.333
28,Scott Piercy,+.400
29,Keegan Bradley,+.500
29,Ben Curtis,+.500
