rank,player,Avg RTP
1,Zach Johnson,-.667
2,Scott Stallings,-.500
3,Scott Piercy,-.333
3,Johnson Wagner,-.333
5,Jason Dufner,E
5,Rickie Fowler,E
5,Tommy Gainey,E
5,Bill Haas,E
5,John Huh,E
5,Dustin Johnson,E
5,Matt Kuchar,E
5,Carl Pettersson,E
5,"Ted Potter, Jr.",E
5,Ian Poulter,E
5,Steve Stricker,E
5,Nick Watney,E
5,Mark Wilson,E
18,Charlie Beljan,+.333
18,Marc Leishman,+.333
18,Hunter Mahan,+.333
18,Brandt Snedeker,+.333
18,Kyle Stanley,+.333
18,Bubba Watson,+.333
24,Keegan Bradley,+.500
24,George McNeill,+.500
24,Ryan Moore,+.500
27,Ben Curtis,+.750
28,Webb Simpson,+1.000
