rank,player,Avg RTP
1,Steve Stricker,-2.000
2,Tommy Gainey,-1.000
2,Kyle Stanley,-1.000
4,Matt Kuchar,-.500
4,Marc Leishman,-.500
4,Webb Simpson,-.500
4,Brandt Snedeker,-.500
8,Rickie Fowler,-.333
9,Jonas Blixt,E
9,Jason Dufner,E
9,Bill Haas,E
9,John Huh,E
9,Dustin Johnson,E
9,Zach Johnson,E
9,Hunter Mahan,E
9,George McNeill,E
9,Carl Pettersson,E
9,"Ted Potter, Jr.",E
9,Ian Poulter,E
20,Johnson Wagner,+.250
21,Charlie Beljan,+.333
22,Bubba Watson,+.500
23,Scott Stallings,+.667
24,Scott Piercy,+1.000
