rank,player,Avg RTP
1,Mark Wilson,-.333
2,Jason Dufner,-.250
2,Scott Piercy,-.250
4,Zach Johnson,-.222
5,Carl Pettersson,-.200
5,Ian Poulter,-.200
7,Dustin Johnson,-.182
8,Jonas Blixt,-.167
9,Tommy Gainey,-.125
9,Webb Simpson,-.125
11,Keegan Bradley,E
11,J.J. Henry,E
11,John Huh,E
11,Marc Leishman,E
11,"Ted Potter, Jr.",E
11,Brandt Snedeker,E
11,Steve Stricker,E
11,Johnson Wagner,E
11,Bubba Watson,E
20,Ben Curtis,+.091
21,Matt Kuchar,+.111
21,Hunter Mahan,+.111
23,Bill Haas,+.125
23,Scott Stallings,+.125
23,Kyle Stanley,+.125
26,George McNeill,+.143
27,Ryan Moore,+.200
28,Nick Watney,+.222
29,Rickie Fowler,+.250
30,Charlie Beljan,+.286
