rank,player,%,Total Birdies,Total Holes
1,Keegan Bradley,80.00,12,15
1,Carl Pettersson,80.00,8,10
3,Dustin Johnson,76.47,13,17
4,Johnson Wagner,63.64,7,11
5,Rickie Fowler,61.54,8,13
6,Scott Stallings,55.56,5,9
7,John Huh,54.55,6,11
7,Webb Simpson,54.55,6,11
9,Matt Kuchar,50.00,6,12
10,Jason Dufner,44.44,4,9
11,Brandt Snedeker,43.75,7,16
11,Nick Watney,43.75,7,16
11,Bubba Watson,43.75,7,16
14,George McNeill,42.86,6,14
14,Ian Poulter,42.86,6,14
16,Tommy Gainey,41.67,5,12
16,Zach Johnson,41.67,5,12
18,Charlie Beljan,40.00,4,10
18,Jonas Blixt,40.00,4,10
20,Scott Piercy,38.46,5,13
20,Steve Stricker,38.46,5,13
22,Marc Leishman,37.50,6,16
23,Hunter Mahan,35.71,5,14
24,J.J. Henry,33.33,4,12
25,"Ted Potter, Jr.",30.00,3,10
26,Bill Haas,25.00,4,16
27,Kyle Stanley,21.43,3,14
28,Ben Curtis,20.00,2,10
29,Ryan Moore,18.18,2,11
30,Mark Wilson,11.11,1,9
