rank,player,%,Total Birdies,Total Holes
1,Brandt Snedeker,42.86,3,7
2,Ben Curtis,33.33,2,6
2,Zach Johnson,33.33,3,9
4,Steve Stricker,28.57,2,7
4,Nick Watney,28.57,2,7
6,Jason Dufner,25.00,1,4
6,Bill Haas,25.00,1,4
6,Ryan Moore,25.00,2,8
6,"Ted Potter, Jr.",25.00,2,8
10,J.J. Henry,22.22,2,9
11,Matt Kuchar,20.00,1,5
11,Kyle Stanley,20.00,1,5
11,Mark Wilson,20.00,1,5
14,Rickie Fowler,16.67,1,6
15,John Huh,12.50,1,8
16,Jonas Blixt,9.09,1,11
17,Charlie Beljan,.00,0,5
17,Keegan Bradley,.00,0,10
17,Tommy Gainey,.00,0,5
17,Dustin Johnson,.00,0,2
17,Marc Leishman,.00,0,4
17,Hunter Mahan,.00,0,2
17,George McNeill,.00,0,8
17,Carl Pettersson,.00,0,5
17,Scott Piercy,.00,0,5
17,Ian Poulter,.00,0,7
17,Webb Simpson,.00,0,7
17,Scott Stallings,.00,0,2
17,Johnson Wagner,.00,0,6
