rank,player,Avg RTP
1,Bill Haas,-1.000
2,J.J. Henry,-.500
2,Mark Wilson,-.500
4,Ben Curtis,-.333
5,Jonas Blixt,E
5,Tommy Gainey,E
5,John Huh,E
5,Dustin Johnson,E
5,Ryan Moore,E
5,Scott Piercy,E
5,Ian Poulter,E
5,Webb Simpson,E
5,Brandt Snedeker,E
5,Scott Stallings,E
5,Steve Stricker,E
16,Rickie Fowler,+.333
16,George McNeill,+.333
16,"Ted Potter, Jr.",+.333
19,Charlie Beljan,+.500
19,Keegan Bradley,+.500
19,Marc Leishman,+.500
22,Matt Kuchar,+1.000
22,Hunter Mahan,+1.000
22,Kyle Stanley,+1.000
22,Nick Watney,+1.000
