rank,player,Avg RTP
1,Scott Piercy,-.667
2,Brandt Snedeker,-.500
2,Johnson Wagner,-.500
4,Bubba Watson,-.400
5,Keegan Bradley,-.333
5,Dustin Johnson,-.333
5,"Ted Potter, Jr.",-.333
8,Jonas Blixt,-.250
9,Jason Dufner,E
9,Zach Johnson,E
9,Matt Kuchar,E
9,George McNeill,E
9,Ryan Moore,E
9,Carl Pettersson,E
9,Webb Simpson,E
9,Scott Stallings,E
9,Kyle Stanley,E
9,Steve Stricker,E
9,Nick Watney,E
20,John Huh,+.200
21,Tommy Gainey,+.250
21,Marc Leishman,+.250
23,Ben Curtis,+.333
23,Bill Haas,+.333
23,J.J. Henry,+.333
26,Charlie Beljan,+.400
27,Hunter Mahan,+.500
27,Mark Wilson,+.500
29,Rickie Fowler,+.667
30,Ian Poulter,+1.000
