rank,player,%,Total Birdies,Total Holes
1,Ben Curtis,27.27,3,11
2,Steve Stricker,23.08,3,13
3,Charlie Beljan,18.18,2,11
3,Jonas Blixt,18.18,2,11
5,J.J. Henry,13.33,2,15
5,Scott Stallings,13.33,2,15
7,Rickie Fowler,9.09,1,11
7,Marc Leishman,9.09,1,11
7,Carl Pettersson,9.09,1,11
7,"Ted Potter, Jr.",9.09,1,11
11,Jason Dufner,8.33,1,12
11,Dustin Johnson,8.33,1,12
11,Zach Johnson,8.33,1,12
11,Ian Poulter,8.33,1,12
15,Scott Piercy,7.69,1,13
16,Mark Wilson,7.14,1,14
17,Keegan Bradley,.00,0,11
17,Tommy Gainey,.00,0,10
17,Bill Haas,.00,0,11
17,John Huh,.00,0,11
17,Matt Kuchar,.00,0,11
17,Hunter Mahan,.00,0,12
17,George McNeill,.00,0,13
17,Ryan Moore,.00,0,10
17,Webb Simpson,.00,0,12
17,Brandt Snedeker,.00,0,10
17,Kyle Stanley,.00,0,11
17,Johnson Wagner,.00,0,13
17,Nick Watney,.00,0,11
17,Bubba Watson,.00,0,13
