rank,player,Avg RTP
1,Charlie Beljan,-.500
1,Dustin Johnson,-.500
1,Matt Kuchar,-.500
1,Scott Stallings,-.500
5,Steve Stricker,-.400
6,Ben Curtis,-.250
6,J.J. Henry,-.250
8,Keegan Bradley,E
8,Rickie Fowler,E
8,Tommy Gainey,E
8,Bill Haas,E
8,John Huh,E
8,Zach Johnson,E
8,Ryan Moore,E
8,Carl Pettersson,E
8,Scott Piercy,E
8,Ian Poulter,E
8,Webb Simpson,E
8,Brandt Snedeker,E
8,Kyle Stanley,E
8,Johnson Wagner,E
8,Nick Watney,E
8,Bubba Watson,E
8,Mark Wilson,E
25,Jonas Blixt,+.200
25,George McNeill,+.200
27,"Ted Potter, Jr.",+.333
28,Marc Leishman,+.500
