rank,player,Avg RTP
1,Brandt Snedeker,-.500
1,Steve Stricker,-.500
3,Ben Curtis,-.333
4,"Ted Potter, Jr.",-.250
5,Nick Watney,-.200
6,John Huh,-.167
7,Rickie Fowler,E
7,Tommy Gainey,E
7,J.J. Henry,E
7,Zach Johnson,E
7,Matt Kuchar,E
7,Hunter Mahan,E
7,Ryan Moore,E
7,Ian Poulter,E
7,Webb Simpson,E
7,Scott Stallings,E
7,Mark Wilson,E
18,Keegan Bradley,+.167
19,Jonas Blixt,+.200
19,Carl Pettersson,+.200
21,Scott Piercy,+.250
22,Charlie Beljan,+.333
22,Bill Haas,+.333
22,Johnson Wagner,+.333
25,George McNeill,+.400
26,Jason Dufner,+.500
26,Kyle Stanley,+.500
28,Dustin Johnson,+1.000
28,Marc Leishman,+1.000
