rank,player,%,Total Birdies,Total Holes
1,Tommy Gainey,66.67,2,3
2,Ben Curtis,50.00,1,2
2,J.J. Henry,50.00,1,2
4,Scott Stallings,30.00,3,10
5,Matt Kuchar,28.57,2,7
6,Zach Johnson,25.00,1,4
6,Scott Piercy,25.00,2,8
6,Kyle Stanley,25.00,1,4
6,Bubba Watson,25.00,2,8
6,Mark Wilson,25.00,1,4
11,Rickie Fowler,22.22,2,9
12,Jason Dufner,20.00,1,5
12,John Huh,20.00,2,10
12,Marc Leishman,20.00,1,5
12,Webb Simpson,20.00,1,5
16,Dustin Johnson,16.67,1,6
16,George McNeill,16.67,1,6
16,Brandt Snedeker,16.67,1,6
16,Johnson Wagner,16.67,1,6
20,Charlie Beljan,12.50,1,8
21,"Ted Potter, Jr.",11.11,1,9
22,Jonas Blixt,.00,0,5
22,Keegan Bradley,.00,0,2
22,Bill Haas,.00,0,3
22,Hunter Mahan,.00,0,6
22,Ryan Moore,.00,0,6
22,Carl Pettersson,.00,0,4
22,Ian Poulter,.00,0,5
22,Steve Stricker,.00,0,3
22,Nick Watney,.00,0,2
