rank,player,Avg RTP
1,Matt Kuchar,-.500
1,Marc Leishman,-.500
1,Brandt Snedeker,-.500
4,Jason Dufner,-.333
4,Kyle Stanley,-.333
6,Tommy Gainey,-.250
6,Carl Pettersson,-.250
8,Rickie Fowler,-.167
9,Jonas Blixt,E
9,Ben Curtis,E
9,Bill Haas,E
9,J.J. Henry,E
9,John Huh,E
9,Dustin Johnson,E
9,Hunter Mahan,E
9,George McNeill,E
9,Ryan Moore,E
9,"Ted Potter, Jr.",E
9,Ian Poulter,E
9,Webb Simpson,E
9,Steve Stricker,E
9,Nick Watney,E
9,Bubba Watson,E
24,Johnson Wagner,+.200
25,Charlie Beljan,+.286
26,Scott Stallings,+.429
27,Keegan Bradley,+.500
27,Zach Johnson,+.500
29,Scott Piercy,+1.000
