rank,player,Avg RTP
1,Steve Stricker,-.250
2,Ben Curtis,-.200
3,Ian Poulter,-.100
4,Mark Wilson,-.083
5,Jonas Blixt,E
5,Keegan Bradley,E
5,Rickie Fowler,E
5,John Huh,E
5,Carl Pettersson,E
10,J.J. Henry,+.071
11,Scott Stallings,+.091
12,Jason Dufner,+.100
12,Dustin Johnson,+.100
12,Matt Kuchar,+.100
12,Marc Leishman,+.100
12,George McNeill,+.100
12,Webb Simpson,+.100
12,Kyle Stanley,+.100
12,Nick Watney,+.100
12,Bubba Watson,+.100
21,Tommy Gainey,+.111
21,Hunter Mahan,+.111
21,"Ted Potter, Jr.",+.111
24,Charlie Beljan,+.200
25,Bill Haas,+.222
25,Zach Johnson,+.222
25,Ryan Moore,+.222
28,Scott Piercy,+.273
29,Brandt Snedeker,+.375
30,Johnson Wagner,+.400
