rank,player,Avg RTP
1,Tommy Gainey,-.357
2,Brandt Snedeker,-.333
3,Charlie Beljan,-.300
3,Rickie Fowler,-.300
5,Steve Stricker,-.250
6,Keegan Bradley,-.222
7,Mark Wilson,-.200
8,Matt Kuchar,-.182
9,Ian Poulter,-.167
9,Scott Stallings,-.167
11,Marc Leishman,-.100
11,Johnson Wagner,-.100
13,Dustin Johnson,-.091
13,Hunter Mahan,-.091
13,Scott Piercy,-.091
16,Ben Curtis,E
16,Jason Dufner,E
16,Bill Haas,E
16,J.J. Henry,E
16,Carl Pettersson,E
16,Nick Watney,E
16,Bubba Watson,E
23,Jonas Blixt,+.071
24,George McNeill,+.083
24,Ryan Moore,+.083
26,Kyle Stanley,+.091
27,Webb Simpson,+.100
28,John Huh,+.200
28,Zach Johnson,+.200
30,"Ted Potter, Jr.",+.308
