rank,player,%,Total Birdies,Total Holes
1,Brandt Snedeker,33.33,13,39
2,Rickie Fowler,32.35,11,34
3,Steve Stricker,31.71,13,41
4,Keegan Bradley,30.77,12,39
5,Dustin Johnson,30.00,9,30
5,Nick Watney,30.00,12,40
7,Matt Kuchar,27.78,10,36
8,Tommy Gainey,25.00,10,40
8,Scott Stallings,25.00,8,32
10,Charlie Beljan,23.68,9,38
11,Carl Pettersson,22.73,10,44
12,Jason Dufner,22.22,10,45
13,Johnson Wagner,21.62,8,37
14,Scott Piercy,21.05,8,38
15,Zach Johnson,20.51,8,39
16,Marc Leishman,19.44,7,36
16,Hunter Mahan,19.44,7,36
18,Ian Poulter,18.42,7,38
19,"Ted Potter, Jr.",17.50,7,40
20,Jonas Blixt,16.67,7,42
21,Ben Curtis,16.22,6,37
22,Bubba Watson,16.13,5,31
23,John Huh,15.38,6,39
24,J.J. Henry,14.89,7,47
25,Kyle Stanley,13.16,5,38
26,Mark Wilson,13.04,6,46
27,Ryan Moore,12.20,5,41
28,Webb Simpson,10.81,4,37
29,Bill Haas,10.00,4,40
30,George McNeill,8.11,3,37
