rank,player,Avg RTP
1,Jonas Blixt,-1.000
1,Keegan Bradley,-1.000
1,Jason Dufner,-1.000
1,Tommy Gainey,-1.000
1,Zach Johnson,-1.000
1,Webb Simpson,-1.000
7,Matt Kuchar,-.750
8,John Huh,-.667
8,Bubba Watson,-.667
10,Ben Curtis,-.500
10,George McNeill,-.500
10,Scott Piercy,-.500
10,"Ted Potter, Jr.",-.500
10,Scott Stallings,-.500
10,Mark Wilson,-.500
16,Dustin Johnson,-.333
17,Kyle Stanley,-.250
18,Rickie Fowler,E
18,Hunter Mahan,E
18,Ryan Moore,E
18,Steve Stricker,E
22,Marc Leishman,+.500
23,Brandt Snedeker,+1.000
24,Bill Haas,+2.000
