rank,player,Avg RTP
1,Brandt Snedeker,-.600
2,Tommy Gainey,-.500
3,Keegan Bradley,-.333
4,Rickie Fowler,-.286
4,Marc Leishman,-.286
6,Mark Wilson,-.273
7,Charlie Beljan,-.250
7,Matt Kuchar,-.250
7,Carl Pettersson,-.250
7,Scott Piercy,-.250
11,Steve Stricker,-.200
12,Jason Dufner,-.167
13,Johnson Wagner,-.125
14,Ben Curtis,E
14,Bill Haas,E
14,J.J. Henry,E
14,Hunter Mahan,E
14,George McNeill,E
14,Ian Poulter,E
14,Scott Stallings,E
21,Jonas Blixt,+.125
22,Ryan Moore,+.143
23,Zach Johnson,+.200
24,John Huh,+.250
24,Dustin Johnson,+.250
26,Webb Simpson,+.333
26,Nick Watney,+.333
26,Bubba Watson,+.333
29,"Ted Potter, Jr.",+.429
30,Kyle Stanley,+.500
