rank,player,%,Total Birdies,Total Holes
1,Scott Piercy,75.00,3,4
2,Ian Poulter,50.00,1,2
2,Scott Stallings,50.00,2,4
2,Kyle Stanley,50.00,2,4
2,Johnson Wagner,50.00,1,2
2,Bubba Watson,50.00,3,6
7,Keegan Bradley,33.33,1,3
7,Dustin Johnson,33.33,1,3
7,Zach Johnson,33.33,1,3
7,"Ted Potter, Jr.",33.33,2,6
7,Brandt Snedeker,33.33,1,3
7,Nick Watney,33.33,1,3
13,Jonas Blixt,25.00,1,4
13,Ben Curtis,25.00,1,4
15,John Huh,20.00,1,5
15,Matt Kuchar,20.00,1,5
15,Ryan Moore,20.00,1,5
18,Tommy Gainey,16.67,1,6
18,Marc Leishman,16.67,1,6
20,Charlie Beljan,14.29,1,7
21,Jason Dufner,.00,0,3
21,Rickie Fowler,.00,0,3
21,Bill Haas,.00,0,3
21,J.J. Henry,.00,0,3
21,Hunter Mahan,.00,0,4
21,George McNeill,.00,0,2
21,Carl Pettersson,.00,0,5
21,Webb Simpson,.00,0,4
21,Steve Stricker,.00,0,4
21,Mark Wilson,.00,0,4
