rank,player,Avg RTP
1,Steve Stricker,-.293
2,Keegan Bradley,-.282
3,Rickie Fowler,-.265
4,Brandt Snedeker,-.205
5,Dustin Johnson,-.200
6,Tommy Gainey,-.175
6,Nick Watney,-.175
8,Carl Pettersson,-.159
9,Scott Stallings,-.156
10,Matt Kuchar,-.139
11,Ian Poulter,-.132
12,Bubba Watson,-.129
13,Ben Curtis,-.081
14,Mark Wilson,-.065
15,Hunter Mahan,-.056
16,Webb Simpson,-.054
17,Scott Piercy,-.053
18,Johnson Wagner,-.027
19,Charlie Beljan,-.026
20,J.J. Henry,-.021
21,Jason Dufner,E
22,Jonas Blixt,+.024
23,Bill Haas,+.025
24,John Huh,+.026
25,"Ted Potter, Jr.",+.050
26,Zach Johnson,+.051
27,Marc Leishman,+.056
28,Ryan Moore,+.073
29,George McNeill,+.081
30,Kyle Stanley,+.132
