rank,player,Avg RTP
1,Tommy Gainey,-.667
2,Ben Curtis,-.500
2,J.J. Henry,-.500
4,Zach Johnson,-.250
4,Kyle Stanley,-.250
4,Bubba Watson,-.250
7,Rickie Fowler,-.222
8,John Huh,-.200
8,Scott Stallings,-.200
10,Dustin Johnson,-.167
11,Matt Kuchar,-.143
12,Jonas Blixt,E
12,Jason Dufner,E
12,Bill Haas,E
12,"Ted Potter, Jr.",E
12,Brandt Snedeker,E
12,Steve Stricker,E
12,Johnson Wagner,E
12,Mark Wilson,E
20,Charlie Beljan,+.125
20,Scott Piercy,+.125
22,George McNeill,+.167
22,Ryan Moore,+.167
24,Marc Leishman,+.200
24,Webb Simpson,+.200
26,Carl Pettersson,+.250
27,Ian Poulter,+.400
28,Hunter Mahan,+.500
28,Nick Watney,+.500
30,Keegan Bradley,+1.000
