rank,player,Avg RTP
1,Zach Johnson,-.556
2,Scott Stallings,-.364
3,J.J. Henry,-.333
3,Scott Piercy,-.333
5,Tommy Gainey,-.286
6,Dustin Johnson,-.250
7,John Huh,-.222
8,Bubba Watson,-.200
9,Jonas Blixt,-.143
9,Mark Wilson,-.143
11,Johnson Wagner,-.111
12,Keegan Bradley,E
12,Ben Curtis,E
12,Jason Dufner,E
12,"Ted Potter, Jr.",E
12,Webb Simpson,E
12,Steve Stricker,E
18,Rickie Fowler,+.091
19,Kyle Stanley,+.111
20,Charlie Beljan,+.125
20,Ian Poulter,+.125
22,Bill Haas,+.167
22,Matt Kuchar,+.167
22,George McNeill,+.167
25,Marc Leishman,+.200
25,Carl Pettersson,+.200
27,Ryan Moore,+.250
27,Brandt Snedeker,+.250
29,Hunter Mahan,+.333
30,Nick Watney,+.500
