rank,player,Avg RTP
1,Dustin Johnson,-.500
2,Charlie Beljan,E
2,Keegan Bradley,E
2,Ben Curtis,E
2,Rickie Fowler,E
2,Tommy Gainey,E
2,Bill Haas,E
2,J.J. Henry,E
2,John Huh,E
2,Zach Johnson,E
2,Marc Leishman,E
2,Scott Piercy,E
2,"Ted Potter, Jr.",E
2,Webb Simpson,E
2,Brandt Snedeker,E
2,Scott Stallings,E
2,Kyle Stanley,E
2,Steve Stricker,E
2,Bubba Watson,E
20,Hunter Mahan,+.333
20,Johnson Wagner,+.333
22,Jason Dufner,+.500
22,Carl Pettersson,+.500
22,Mark Wilson,+.500
25,George McNeill,+.667
26,Matt Kuchar,+1.000
26,Ryan Moore,+1.000
26,Ian Poulter,+1.000
26,Nick Watney,+1.000
