rank,player,Avg RTP
1,Jonas Blixt,-1.000
1,Keegan Bradley,-1.000
1,John Huh,-1.000
1,Dustin Johnson,-1.000
1,Zach Johnson,-1.000
1,Carl Pettersson,-1.000
1,Kyle Stanley,-1.000
1,Steve Stricker,-1.000
1,Johnson Wagner,-1.000
1,Nick Watney,-1.000
11,Charlie Beljan,-.667
11,Rickie Fowler,-.667
13,Jason Dufner,-.500
13,Bill Haas,-.500
13,Ryan Moore,-.500
13,Ian Poulter,-.500
13,Bubba Watson,-.500
18,Scott Stallings,-.333
19,Ben Curtis,E
19,Tommy Gainey,E
19,Matt Kuchar,E
19,Marc Leishman,E
19,Hunter Mahan,E
19,Scott Piercy,E
19,"Ted Potter, Jr.",E
19,Webb Simpson,E
19,Brandt Snedeker,E
