rank,player,%,Total Birdies,Total Holes
1,Zach Johnson,38.46,5,13
2,Matt Kuchar,31.25,5,16
3,Dustin Johnson,29.41,5,17
3,Bubba Watson,29.41,5,17
5,Mark Wilson,28.57,2,7
6,Tommy Gainey,27.27,3,11
7,J.J. Henry,25.00,1,4
7,Scott Piercy,25.00,3,12
7,Brandt Snedeker,25.00,3,12
7,Kyle Stanley,25.00,3,12
11,Ben Curtis,23.08,3,13
11,Webb Simpson,23.08,3,13
13,Jason Dufner,22.22,2,9
13,Scott Stallings,22.22,4,18
15,Jonas Blixt,18.18,2,11
15,Keegan Bradley,18.18,2,11
17,Marc Leishman,16.67,2,12
18,George McNeill,15.38,2,13
19,Johnson Wagner,14.29,2,14
20,Charlie Beljan,13.33,2,15
20,John Huh,13.33,2,15
20,Hunter Mahan,13.33,2,15
23,Rickie Fowler,11.76,2,17
24,Carl Pettersson,11.11,1,9
25,Ian Poulter,10.00,1,10
25,Steve Stricker,10.00,1,10
27,Bill Haas,9.09,1,11
28,"Ted Potter, Jr.",8.33,1,12
29,Ryan Moore,.00,0,11
29,Nick Watney,.00,0,11
