rank,player,Low Rnd
1,Mark Calcavecchia,66
1,Jim Furyk,66
1,Boo Weekley,66
4,Aaron Baddeley,67
4,Paul Goydos,67
4,Zach Johnson,67
4,Vijay Singh,67
8,Chad Campbell,68
8,Charles Howell III,68
8,Henrik Stenson,68
11,Woody Austin,69
11,K.J. Choi,69
11,Daniel Chopra,69
11,Hunter Mahan,69
11,Rory Sabbatini,69
16,Brian Bateman,70
16,Jonathan Byrd,70
16,Ángel Cabrera,70
16,Charley Hoffman,70
20,Fred Funk,71
20,Brandt Snedeker,71
20,Scott Verplank,71
20,Mike Weir,71
24,Stephen Ames,72
24,Steve Flesch,72
24,Mark Wilson,72
27,Justin Leonard,73
27,Joe Ogilvie,73
27,Steve Stricker,73
30,George McNeill,74
