rank,player,Avg,Total Strokes,Total Early Rounds
1,Mark Calcavecchia,66.00,66,1
2,Aaron Baddeley,67.00,67,1
3,Vijay Singh,68.50,137,2
4,Daniel Chopra,69.00,69,1
4,Charles Howell III,69.00,138,2
4,Rory Sabbatini,69.00,138,2
7,Boo Weekley,69.33,208,3
8,Woody Austin,69.50,139,2
9,Jonathan Byrd,70.00,70,1
9,Ángel Cabrera,70.00,70,1
9,Jim Furyk,70.00,210,3
9,Zach Johnson,70.00,140,2
13,Charley Hoffman,70.67,212,3
14,K.J. Choi,71.00,213,3
14,Paul Goydos,71.00,213,3
14,Hunter Mahan,71.00,142,2
14,Brandt Snedeker,71.00,71,1
14,Scott Verplank,71.00,71,1
14,Mike Weir,71.00,71,1
20,Chad Campbell,71.50,143,2
21,Fred Funk,71.67,215,3
22,Stephen Ames,72.00,72,1
22,Brian Bateman,72.00,288,4
22,Steve Flesch,72.00,72,1
22,Henrik Stenson,72.00,216,3
26,Mark Wilson,72.33,217,3
27,Justin Leonard,73.00,73,1
27,Steve Stricker,73.00,73,1
29,Joe Ogilvie,74.00,296,4
30,George McNeill,74.50,149,2
