rank,player,Avg,Total Strokes,Total Holes
1,Adam Scott,34.25,137,4
2,J.B. Holmes,34.50,138,4
3,Vijay Singh,35.25,141,4
4,J.J. Henry,35.50,142,4
4,Trevor Immelman,35.50,142,4
6,Stephen Ames,35.75,143,4
6,Kirk Triplett,35.75,143,4
8,Luke Donald,36.00,144,4
8,Davis Love III,36.00,144,4
8,Troy Matteson,36.00,144,4
8,Rory Sabbatini,36.00,144,4
12,Chris Couch,36.25,145,4
12,Tim Herron,36.25,145,4
12,Geoff Ogilvy,36.25,145,4
12,John Senden,36.25,145,4
12,David Toms,36.25,145,4
17,Will MacKenzie,36.50,146,4
17,Brett Wetterich,36.50,146,4
19,Joe Durant,36.75,147,4
19,Jeff Maggert,36.75,147,4
21,Stuart Appleby,37.00,148,4
21,Eric Axley,37.00,148,4
21,K.J. Choi,37.00,148,4
21,Jim Furyk,37.00,148,4
21,Carl Pettersson,37.00,148,4
26,John Rollins,37.25,149,4
27,Rod Pampling,37.50,150,4
28,Aaron Baddeley,38.00,152,4
29,D.J. Trahan,38.25,153,4
30,Corey Pavin,38.50,154,4
31,Dean Wilson,38.75,155,4
32,Chad Campbell,39.00,156,4
33,Ben Curtis,39.50,158,4
