rank,player,Avg,Total Strokes,Total Rounds
1,Rory Sabbatini,33.00,33,1
2,Stephen Ames,34.00,34,1
3,Chris Couch,35.00,35,1
3,Carl Pettersson,35.00,35,1
3,Vijay Singh,35.00,35,1
3,Brett Wetterich,35.00,35,1
7,K.J. Choi,36.00,36,1
7,Davis Love III,36.00,36,1
7,Will MacKenzie,36.00,36,1
7,Rod Pampling,36.00,36,1
7,John Senden,36.00,36,1
12,Stuart Appleby,37.00,37,1
12,Luke Donald,37.00,37,1
12,Jim Furyk,37.00,37,1
12,J.J. Henry,37.00,37,1
12,Trevor Immelman,37.00,37,1
12,Jeff Maggert,37.00,37,1
12,Troy Matteson,37.00,37,1
12,Geoff Ogilvy,37.00,37,1
12,Adam Scott,37.00,37,1
12,Kirk Triplett,37.00,37,1
22,Tim Herron,38.00,38,1
22,J.B. Holmes,38.00,38,1
24,Eric Axley,39.00,39,1
24,Chad Campbell,39.00,39,1
24,Joe Durant,39.00,39,1
24,David Toms,39.00,39,1
24,D.J. Trahan,39.00,39,1
29,Aaron Baddeley,40.00,40,1
30,Corey Pavin,41.00,41,1
30,John Rollins,41.00,41,1
30,Dean Wilson,41.00,41,1
33,Ben Curtis,42.00,42,1
