rank,player,Avg,Total Strokes,Total Rounds
1,Rory Sabbatini,32.00,32,1
1,Adam Scott,32.00,32,1
3,J.J. Henry,33.00,33,1
3,J.B. Holmes,33.00,33,1
3,John Rollins,33.00,33,1
6,Kirk Triplett,34.00,34,1
7,Stephen Ames,35.00,35,1
7,Stuart Appleby,35.00,35,1
7,K.J. Choi,35.00,35,1
7,Luke Donald,35.00,35,1
7,Tim Herron,35.00,35,1
7,Trevor Immelman,35.00,35,1
7,Troy Matteson,35.00,35,1
7,Geoff Ogilvy,35.00,35,1
7,Rod Pampling,35.00,35,1
7,Vijay Singh,35.00,35,1
17,Joe Durant,36.00,36,1
17,Jeff Maggert,36.00,36,1
17,David Toms,36.00,36,1
17,Brett Wetterich,36.00,36,1
17,Dean Wilson,36.00,36,1
22,Jim Furyk,37.00,37,1
22,Davis Love III,37.00,37,1
22,John Senden,37.00,37,1
22,D.J. Trahan,37.00,37,1
26,Eric Axley,38.00,38,1
26,Will MacKenzie,38.00,38,1
26,Corey Pavin,38.00,38,1
29,Chris Couch,39.00,39,1
29,Ben Curtis,39.00,39,1
31,Aaron Baddeley,40.00,40,1
31,Carl Pettersson,40.00,40,1
33,Chad Campbell,41.00,41,1
