rank,player,Avg,Total Strokes,Total Rounds
1,Eric Axley,34.00,34,1
1,Adam Scott,34.00,34,1
1,David Toms,34.00,34,1
4,Joe Durant,35.00,35,1
4,J.J. Henry,35.00,35,1
4,J.B. Holmes,35.00,35,1
4,Davis Love III,35.00,35,1
4,Carl Pettersson,35.00,35,1
9,Aaron Baddeley,36.00,36,1
9,K.J. Choi,36.00,36,1
9,Luke Donald,36.00,36,1
9,Trevor Immelman,36.00,36,1
9,Will MacKenzie,36.00,36,1
9,Geoff Ogilvy,36.00,36,1
9,John Senden,36.00,36,1
9,Vijay Singh,36.00,36,1
9,Brett Wetterich,36.00,36,1
18,Stephen Ames,37.00,37,1
18,Chad Campbell,37.00,37,1
18,Chris Couch,37.00,37,1
18,Tim Herron,37.00,37,1
18,Troy Matteson,37.00,37,1
18,Rod Pampling,37.00,37,1
18,Kirk Triplett,37.00,37,1
25,Stuart Appleby,38.00,38,1
25,Ben Curtis,38.00,38,1
25,Jim Furyk,38.00,38,1
25,Jeff Maggert,38.00,38,1
25,John Rollins,38.00,38,1
25,Rory Sabbatini,38.00,38,1
25,D.J. Trahan,38.00,38,1
25,Dean Wilson,38.00,38,1
33,Corey Pavin,39.00,39,1
