rank,player,Low Rnd
1,J.B. Holmes,32
1,Rory Sabbatini,32
1,Adam Scott,32
4,J.J. Henry,33
4,John Rollins,33
6,Stephen Ames,34
6,Eric Axley,34
6,Chris Couch,34
6,Trevor Immelman,34
6,David Toms,34
6,Kirk Triplett,34
12,Stuart Appleby,35
12,K.J. Choi,35
12,Luke Donald,35
12,Joe Durant,35
12,Tim Herron,35
12,Davis Love III,35
12,Troy Matteson,35
12,Geoff Ogilvy,35
12,Rod Pampling,35
12,Carl Pettersson,35
12,Vijay Singh,35
12,Brett Wetterich,35
24,Aaron Baddeley,36
24,Jim Furyk,36
24,Will MacKenzie,36
24,Jeff Maggert,36
24,Corey Pavin,36
24,John Senden,36
24,Dean Wilson,36
31,Chad Campbell,37
31,D.J. Trahan,37
33,Ben Curtis,38
