rank,player,%,Greens Hit,# of holes
1,Charles Howell III,88.46,23,26
2,Charley Hoffman,84.62,22,26
3,Jim Furyk,80.00,12,15
4,Russell Henley,78.95,15,19
5,Marc Leishman,78.57,22,28
6,Stewart Cink,78.26,18,23
7,Billy Horschel,76.92,20,26
8,Emiliano Grillo,76.47,13,17
8,James Hahn,76.47,13,17
10,Si Woo Kim,76.00,19,25
10,Sebastián Muñoz,76.00,19,25
12,Joaquin Niemann,73.91,17,23
12,Hudson Swafford,73.91,17,23
14,Troy Merritt,72.73,16,22
15,Martin Trainer,72.00,18,25
16,Ryan Armour,71.43,10,14
16,Collin Morikawa,71.43,15,21
18,Matt Jones,70.59,24,34
19,Patton Kizzire,69.57,16,23
20,Satoshi Kodaira,68.75,11,16
21,Sepp Straka,68.18,15,22
22,Sergio Garcia,66.67,18,27
22,Harry Higgs,66.67,18,27
22,Jason Kokrak,66.67,18,27
22,K.H. Lee,66.67,14,21
22,Robby Shelton,66.67,18,27
22,Webb Simpson,66.67,12,18
22,Cameron Smith,66.67,18,27
22,Brian Stuard,66.67,10,15
30,Anirban Lahiri,65.63,21,32
31,Chris Kirk,65.22,15,23
32,Lanto Griffin,64.52,20,31
33,Nick Hardy,63.16,12,19
33,Adam Scott,63.16,12,19
35,K.J. Choi,61.90,13,21
35,Brendon Todd,61.90,13,21
37,Brian Gay,60.87,14,23
37,Zach Johnson,60.87,14,23
39,Nelson Ledesma,60.71,17,28
40,Brendan Steele,60.00,9,15
41,Brice Garnett,58.82,10,17
41,Hideki Matsuyama,58.82,10,17
43,Jamie Lovemark,58.62,17,29
44,Daniel Berger,57.14,12,21
44,Austin Cook,57.14,12,21
44,Keith Mitchell,57.14,12,21
44,Mike Weir,57.14,12,21
48,Sungjae Im,56.25,9,16
49,Mackenzie Hughes,56.00,14,25
50,Scott Brown,55.00,11,20
50,Kevin Kisner,55.00,11,20
52,Wesley Bryan,54.84,17,31
53,Aaron Baddeley,54.17,13,24
53,Chez Reavie,54.17,13,24
53,Michael Thompson,54.17,13,24
56,Harris English,52.94,9,17
57,Kevin Na,52.00,13,25
58,Brian Harman,50.00,9,18
58,Ryan Palmer,50.00,15,30
58,Robert Streb,50.00,14,28
61,Cam Davis,47.83,11,23
62,Ryosuke Kinoshita,47.62,10,21
63,Pat Perez,47.37,9,19
64,Vaughn Taylor,46.67,7,15
65,Jim Herman,46.15,6,13
66,Chris Baker,45.00,9,20
67,Kramer Hickok,43.75,7,16
68,Michael Kim,43.33,13,30
69,Carlos Ortiz,42.11,8,19
70,Nick Taylor,40.91,9,22
71,Peter Malnati,40.00,10,25
72,Jerry Kelly,30.00,6,20
73,Mark Hubbard,27.78,5,18
