rank,player,%,Total Hit,Total Attempts,RTP Score
1,Joaquin Niemann,94.44,68,72,-25.00
2,Charley Hoffman,93.06,67,72,-22.00
2,Brendan Steele,93.06,67,72,-24.00
4,Jim Herman,91.67,66,72,-25.00
5,Chris Baker,90.28,65,72,-17.00
5,Russell Henley,90.28,65,72,-25.00
5,Kevin Kisner,90.28,65,72,-22.00
5,Marc Leishman,90.28,65,72,-25.00
9,Nick Hardy,88.89,64,72,-23.00
9,Charles Howell III,88.89,64,72,-18.00
9,Patton Kizzire,88.89,64,72,-29.00
9,Jason Kokrak,88.89,64,72,-20.00
9,Collin Morikawa,88.89,64,72,-27.00
9,Adam Scott,88.89,64,72,-21.00
9,Hudson Swafford,88.89,64,72,-21.00
16,Stewart Cink,87.50,63,72,-23.00
16,Cam Davis,87.50,63,72,-27.00
16,Brice Garnett,87.50,63,72,-22.00
16,Emiliano Grillo,87.50,63,72,-17.00
16,James Hahn,87.50,63,72,-18.00
21,Harry Higgs,86.11,62,72,-29.00
21,Satoshi Kodaira,86.11,62,72,-21.00
21,Jamie Lovemark,86.11,62,72,-18.00
21,Hideki Matsuyama,86.11,62,72,-20.00
21,Keith Mitchell,86.11,62,72,-27.00
21,Sebastián Muñoz,86.11,62,72,-14.00
21,Webb Simpson,86.11,62,72,-27.00
21,Sepp Straka,86.11,62,72,-20.00
29,Sungjae Im,84.72,61,72,-16.00
29,Zach Johnson,84.72,61,72,-17.00
29,Matt Jones,84.72,61,72,-24.00
29,Si Woo Kim,84.72,61,72,-18.00
29,Brian Stuard,84.72,61,72,-19.00
34,Daniel Berger,83.33,60,72,-28.00
34,Sergio Garcia,83.33,60,72,-21.00
34,Chris Kirk,83.33,60,72,-29.00
34,Pat Perez,83.33,60,72,-18.00
38,Ryan Armour,81.94,59,72,-19.00
38,K.J. Choi,81.94,59,72,-16.00
38,Harris English,81.94,59,72,-19.00
38,Brian Gay,81.94,59,72,-11.00
38,Lanto Griffin,81.94,59,72,-20.00
38,Kramer Hickok,81.94,59,72,-23.00
38,Billy Horschel,81.94,59,72,-20.00
38,Mackenzie Hughes,81.94,59,72,-20.00
38,Troy Merritt,81.94,59,72,-13.00
38,Kevin Na,81.94,59,72,-26.00
38,Robby Shelton,81.94,59,72,-20.00
38,Cameron Smith,81.94,59,72,-17.00
38,Mike Weir,81.94,59,72,-21.00
51,Aaron Baddeley,80.56,58,72,-21.00
51,Michael Thompson,80.56,58,72,-18.00
53,Scott Brown,79.17,57,72,-18.00
53,Jim Furyk,79.17,57,72,-16.00
53,Ryosuke Kinoshita,79.17,57,72,-17.00
53,Vaughn Taylor,79.17,57,72,-22.00
57,Wesley Bryan,77.78,56,72,-20.00
57,Nelson Ledesma,77.78,56,72,-17.00
57,K.H. Lee,77.78,56,72,-20.00
57,Carlos Ortiz,77.78,56,72,-24.00
57,Chez Reavie,77.78,56,72,-16.00
62,Brian Harman,76.39,55,72,-16.00
62,Mark Hubbard,76.39,55,72,-24.00
62,Anirban Lahiri,76.39,55,72,-20.00
62,Nick Taylor,76.39,55,72,-23.00
66,Martin Trainer,75.00,54,72,-21.00
67,Austin Cook,73.61,53,72,-16.00
67,Peter Malnati,73.61,53,72,-26.00
67,Ryan Palmer,73.61,53,72,-18.00
67,Brendon Todd,73.61,53,72,-18.00
71,Jerry Kelly,72.22,52,72,-13.00
71,Robert Streb,72.22,52,72,-16.00
73,Michael Kim,68.06,49,72,-18.00
