rank,player,%,Greens Hit,# of Holes
1,Charley Hoffman,96.67,29,30
2,Matt Jones,95.45,21,22
3,Hideki Matsuyama,94.87,37,39
4,Kevin Kisner,94.44,34,36
5,Kevin Na,93.55,29,31
6,Jim Herman,93.02,40,43
7,Marc Leishman,92.86,26,28
8,Brendan Steele,92.68,38,41
9,Kramer Hickok,92.50,37,40
10,Chris Baker,91.67,33,36
11,Collin Morikawa,91.43,32,35
12,Cam Davis,90.91,30,33
13,Emiliano Grillo,89.74,35,39
14,Jason Kokrak,89.66,26,29
14,Cameron Smith,89.66,26,29
16,Webb Simpson,89.47,34,38
17,Nelson Ledesma,89.29,25,28
18,Nick Hardy,89.19,33,37
18,Adam Scott,89.19,33,37
20,Zach Johnson,87.88,29,33
20,Chris Kirk,87.88,29,33
20,Patton Kizzire,87.88,29,33
23,Mackenzie Hughes,87.10,27,31
23,Si Woo Kim,87.10,27,31
25,Mark Hubbard,86.84,33,38
26,Charles Howell III,86.67,26,30
27,Daniel Berger,85.71,30,35
27,Austin Cook,85.71,30,35
27,Keith Mitchell,85.71,30,35
27,Robert Streb,85.71,24,28
31,Troy Merritt,85.29,29,34
31,Nick Taylor,85.29,29,34
33,Sungjae Im,85.00,34,40
34,Brian Gay,84.85,28,33
34,Joaquin Niemann,84.85,28,33
36,Aaron Baddeley,84.38,27,32
36,Chez Reavie,84.38,27,32
36,Michael Thompson,84.38,27,32
39,Brian Harman,84.21,32,38
40,Sebastián Muñoz,83.87,26,31
41,Russell Henley,83.78,31,37
41,Carlos Ortiz,83.78,31,37
43,Billy Horschel,83.33,25,30
44,Mike Weir,82.86,29,35
45,Harry Higgs,82.76,24,29
45,Robby Shelton,82.76,24,29
47,Sepp Straka,82.35,28,34
48,Hudson Swafford,81.82,27,33
49,Pat Perez,81.08,30,37
50,Michael Kim,80.77,21,26
51,Jim Furyk,80.49,33,41
51,Vaughn Taylor,80.49,33,41
53,K.H. Lee,80.00,28,35
54,Harris English,79.49,31,39
54,Brice Garnett,79.49,31,39
56,Anirban Lahiri,79.17,19,24
57,Stewart Cink,78.79,26,33
58,Scott Brown,77.78,28,36
58,Jamie Lovemark,77.78,21,27
60,Satoshi Kodaira,77.50,31,40
61,Peter Malnati,77.42,24,31
62,K.J. Choi,77.14,27,35
62,Ryosuke Kinoshita,77.14,27,35
62,Brendon Todd,77.14,27,35
65,James Hahn,76.92,30,39
65,Ryan Palmer,76.92,20,26
67,Ryan Armour,76.19,32,42
68,Sergio Garcia,75.86,22,29
69,Brian Stuard,75.61,31,41
70,Wesley Bryan,72.00,18,25
70,Lanto Griffin,72.00,18,25
72,Jerry Kelly,69.44,25,36
73,Martin Trainer,67.74,21,31
