rank,player,%,Greens Hit,Total Holes,Relative to par
1,Charley Hoffman,85.96,49,57,-0.22
2,Collin Morikawa,83.33,50,60,-0.34
3,Joaquin Niemann,82.35,42,51,-0.24
4,Kevin Kisner,82.26,51,62,-0.27
5,Emiliano Grillo,81.67,49,60,-0.24
5,Brendan Steele,81.67,49,60,-0.29
7,Charles Howell III,81.36,48,59,-0.21
8,Jason Kokrak,81.03,47,58,-0.19
9,Matt Jones,80.70,46,57,-0.30
10,Webb Simpson,79.66,47,59,-0.34
11,Jim Herman,79.03,49,62,-0.22
12,Marc Leishman,78.95,45,57,-0.24
12,Hideki Matsuyama,78.95,45,57,-0.16
12,Adam Scott,78.95,45,57,-0.22
15,Russell Henley,77.42,48,62,-0.23
15,Hudson Swafford,77.42,48,62,-0.21
17,Billy Horschel,77.05,47,61,-0.28
17,Zach Johnson,77.05,47,61,-0.28
17,Brian Stuard,77.05,47,61,-0.19
20,Patton Kizzire,76.27,45,59,-0.22
21,Stewart Cink,75.86,44,58,-0.25
22,Troy Merritt,75.81,47,62,-0.17
23,Chris Kirk,75.00,42,56,-0.33
24,Harry Higgs,74.55,41,55,-0.34
25,Nelson Ledesma,74.19,46,62,-0.17
26,Si Woo Kim,74.14,43,58,-0.14
26,Sepp Straka,74.14,43,58,-0.26
28,James Hahn,73.77,45,61,-0.27
29,Nick Hardy,73.68,42,57,-0.24
29,Sebastián Muñoz,73.68,42,57,-0.12
31,Ryan Armour,73.33,44,60,-0.20
31,Chris Baker,73.33,44,60,-0.11
33,Michael Thompson,73.02,46,63,-0.24
34,K.J. Choi,72.13,44,61,-0.18
34,Pat Perez,72.13,44,61,-0.23
36,Brian Gay,71.67,43,60,-0.12
36,Kramer Hickok,71.67,43,60,-0.23
36,Kevin Na,71.67,43,60,-0.30
39,Harris English,71.43,45,63,-0.27
40,Satoshi Kodaira,70.97,44,62,-0.23
41,Jamie Lovemark,70.91,39,55,-0.10
42,Mackenzie Hughes,70.69,41,58,-0.22
42,K.H. Lee,70.69,41,58,-0.20
44,Jim Furyk,70.49,43,61,-0.12
45,Lanto Griffin,70.18,40,57,-0.15
46,Carlos Ortiz,70.00,42,60,-0.33
47,Robby Shelton,69.81,37,53,-0.19
48,Sungjae Im,69.49,41,59,-0.15
48,Anirban Lahiri,69.49,41,59,-0.29
48,Cameron Smith,69.49,41,59,-0.10
51,Chez Reavie,69.35,43,62,-0.14
52,Aaron Baddeley,68.85,42,61,-0.26
52,Brice Garnett,68.85,42,61,-0.24
54,Keith Mitchell,68.63,35,51,-0.29
55,Daniel Berger,68.42,39,57,-0.33
55,Scott Brown,68.42,39,57,-0.15
57,Mark Hubbard,68.33,41,60,-0.24
57,Vaughn Taylor,68.33,41,60,-0.20
59,Austin Cook,67.74,42,62,-0.17
60,Mike Weir,66.67,40,60,-0.23
61,Nick Taylor,66.10,39,59,-0.33
62,Sergio Garcia,66.00,33,50,-0.12
63,Brian Harman,65.52,38,58,-0.13
64,Cam Davis,65.38,34,52,-0.18
65,Brendon Todd,64.52,40,62,-0.23
66,Wesley Bryan,63.79,37,58,-0.22
67,Ryan Palmer,62.71,37,59,-0.19
68,Ryosuke Kinoshita,61.90,39,63,-0.18
69,Robert Streb,60.66,37,61,-0.22
70,Martin Trainer,60.34,35,58,-0.23
71,Jerry Kelly,60.00,36,60,-0.08
72,Peter Malnati,56.90,33,58,-0.42
73,Michael Kim,55.17,32,58,-0.25
