rank,player,%,Greens Hit,Total Holes,Relative to par
1,Ryan Armour,100.00,6,6,-0.50
1,Aaron Baddeley,100.00,2,2,-1.00
1,Daniel Berger,100.00,2,2,E
1,Scott Brown,100.00,4,4,-0.25
1,K.J. Choi,100.00,1,1,-1.00
1,Austin Cook,100.00,3,3,-0.67
1,Harris English,100.00,1,1,E
1,Jim Furyk,100.00,2,2,-1.00
1,Sergio Garcia,100.00,7,7,-0.57
1,Brice Garnett,100.00,2,2,E
1,Brian Gay,100.00,4,4,-0.25
1,James Hahn,100.00,2,2,-0.50
1,Nick Hardy,100.00,1,1,E
1,Russell Henley,100.00,1,1,E
1,Jim Herman,100.00,1,1,-1.00
1,Harry Higgs,100.00,5,5,-0.40
1,Charley Hoffman,100.00,3,3,-0.33
1,Charles Howell III,100.00,3,3,-1.00
1,Mark Hubbard,100.00,2,2,-1.00
1,Zach Johnson,100.00,1,1,E
1,Matt Jones,100.00,2,2,-1.00
1,Jerry Kelly,100.00,1,1,E
1,Michael Kim,100.00,5,5,-0.20
1,Si Woo Kim,100.00,1,1,-1.00
1,Ryosuke Kinoshita,100.00,2,2,-0.50
1,Chris Kirk,100.00,4,4,-0.50
1,Satoshi Kodaira,100.00,4,4,-0.25
1,Jason Kokrak,100.00,1,1,E
1,Anirban Lahiri,100.00,1,1,E
1,K.H. Lee,100.00,2,2,E
1,Marc Leishman,100.00,4,4,-0.50
1,Hideki Matsuyama,100.00,4,4,-0.50
1,Troy Merritt,100.00,1,1,E
1,Keith Mitchell,100.00,8,8,-0.75
1,Sebastián Muñoz,100.00,6,6,-0.50
1,Kevin Na,100.00,1,1,E
1,Carlos Ortiz,100.00,1,1,E
1,Ryan Palmer,100.00,1,1,-1.00
1,Chez Reavie,100.00,4,4,-0.50
1,Webb Simpson,100.00,3,3,-0.33
1,Cameron Smith,100.00,3,3,E
1,Sepp Straka,100.00,3,3,-0.67
1,Robert Streb,100.00,4,4,-0.50
1,Brian Stuard,100.00,3,3,-0.33
1,Nick Taylor,100.00,4,4,-0.25
1,Vaughn Taylor,100.00,3,3,-0.33
1,Michael Thompson,100.00,2,2,-1.00
1,Brendon Todd,100.00,3,3,-0.67
1,Mike Weir,100.00,2,2,E
50,Robby Shelton,88.89,8,9,-0.50
51,Cam Davis,87.50,7,8,-0.57
51,Brian Harman,87.50,7,8,-0.86
53,Stewart Cink,83.33,5,6,-0.40
54,Lanto Griffin,80.00,4,5,-0.50
54,Martin Trainer,80.00,4,5,+0.25
56,Sungjae Im,75.00,3,4,E
56,Pat Perez,75.00,3,4,-0.33
56,Hudson Swafford,75.00,3,4,-0.33
59,Joaquin Niemann,71.43,5,7,E
60,Wesley Bryan,66.67,2,3,-0.50
60,Billy Horschel,66.67,2,3,-0.50
60,Jamie Lovemark,66.67,2,3,-1.00
60,Peter Malnati,66.67,2,3,-1.00
60,Collin Morikawa,66.67,2,3,-1.00
60,Brendan Steele,66.67,2,3,-0.50
66,Patton Kizzire,60.00,3,5,-1.00
67,Emiliano Grillo,50.00,2,4,E
67,Adam Scott,50.00,1,2,E
69,Kevin Kisner,33.33,1,3,E
70,Mackenzie Hughes,.00,0,1,E
