rank,player,%,Greens Hit,Total Holes,Relative to par
1,Sebastián Muñoz,90.91,10,11,+0.10
2,Sepp Straka,90.00,9,10,-0.22
3,Brian Gay,88.89,8,9,-0.13
3,Charley Hoffman,88.89,8,9,-0.13
5,Emiliano Grillo,84.62,11,13,-0.27
5,Jason Kokrak,84.62,11,13,-0.55
7,Pat Perez,83.33,10,12,-0.30
8,Mark Hubbard,81.25,13,16,E
9,Jim Herman,80.00,8,10,-0.38
9,Matt Jones,80.00,12,15,-0.33
9,Anirban Lahiri,80.00,8,10,-0.38
12,Wesley Bryan,78.57,11,14,-0.09
12,Harris English,78.57,11,14,-0.27
12,Russell Henley,78.57,11,14,-0.18
15,Nick Hardy,76.92,10,13,-0.20
15,Sungjae Im,76.92,10,13,E
17,Collin Morikawa,75.00,12,16,-0.17
17,Webb Simpson,75.00,9,12,-0.22
19,Lanto Griffin,72.73,8,11,-0.13
19,Kramer Hickok,72.73,8,11,-0.13
19,Zach Johnson,72.73,8,11,-0.25
22,Billy Horschel,71.43,10,14,-0.10
22,Ryan Palmer,71.43,10,14,+0.10
24,Chris Baker,70.00,7,10,+0.14
24,Charles Howell III,70.00,7,10,-0.14
24,Keith Mitchell,70.00,7,10,-0.14
24,Carlos Ortiz,70.00,7,10,-0.43
28,Ryan Armour,69.23,9,13,E
28,Mackenzie Hughes,69.23,9,13,+0.11
28,Hideki Matsuyama,69.23,9,13,E
28,Robby Shelton,69.23,9,13,-0.11
28,Hudson Swafford,69.23,9,13,-0.22
33,Cam Davis,66.67,8,12,-0.25
33,Harry Higgs,66.67,10,15,-0.20
33,Robert Streb,66.67,6,9,E
36,Satoshi Kodaira,64.29,9,14,-0.11
36,Cameron Smith,64.29,9,14,-0.11
36,Brian Stuard,64.29,9,14,-0.22
39,Kevin Na,63.64,7,11,-0.14
39,Chez Reavie,63.64,7,11,-0.14
39,Nick Taylor,63.64,7,11,-0.14
42,James Hahn,62.50,10,16,E
42,Joaquin Niemann,62.50,5,8,-0.40
44,Kevin Kisner,61.54,8,13,-0.25
44,Patton Kizzire,61.54,8,13,-0.25
44,Vaughn Taylor,61.54,8,13,E
44,Michael Thompson,61.54,8,13,-0.25
48,Nelson Ledesma,61.11,11,18,+0.18
48,Brendan Steele,61.11,11,18,-0.09
50,K.J. Choi,60.00,9,15,-0.22
50,Stewart Cink,60.00,9,15,-0.11
50,Chris Kirk,60.00,6,10,+0.17
50,Troy Merritt,60.00,6,10,-0.17
54,Ryosuke Kinoshita,58.82,10,17,-0.30
55,Jamie Lovemark,58.33,7,12,-0.14
56,Jerry Kelly,57.14,8,14,+0.13
57,Brice Garnett,56.25,9,16,-0.11
57,K.H. Lee,56.25,9,16,-0.11
59,Jim Furyk,55.56,10,18,E
60,Si Woo Kim,54.55,6,11,+0.17
61,Daniel Berger,53.33,8,15,-0.50
61,Brendon Todd,53.33,8,15,-0.13
63,Scott Brown,50.00,6,12,-0.17
63,Sergio Garcia,50.00,5,10,E
63,Marc Leishman,50.00,5,10,-0.20
63,Adam Scott,50.00,4,8,E
63,Mike Weir,50.00,6,12,E
68,Aaron Baddeley,46.67,7,15,+0.14
68,Michael Kim,46.67,7,15,+0.14
70,Austin Cook,46.15,6,13,E
71,Peter Malnati,38.89,7,18,-0.43
72,Brian Harman,36.36,4,11,-0.25
73,Martin Trainer,30.77,4,13,E
