rank,player,%,Greens Hit,# Holes,Relative/Par
1,Ryan Armour,100.0,3,3,-1.00
1,Scott Brown,100.0,1,1,E
1,K.J. Choi,100.0,4,4,E
1,Stewart Cink,100.0,4,4,-2.00
1,James Hahn,100.0,3,3,E
1,Russell Henley,100.0,4,4,-3.00
1,Charley Hoffman,100.0,2,2,E
1,Charles Howell III,100.0,10,10,-3.00
1,Marc Leishman,100.0,7,7,-1.00
1,Peter Malnati,100.0,2,2,-2.00
1,Keith Mitchell,100.0,4,4,-3.00
1,Collin Morikawa,100.0,5,5,-3.00
1,Sebastián Muñoz,100.0,2,2,-1.00
1,Joaquin Niemann,100.0,4,4,-2.00
1,Brendan Steele,100.0,2,2,-1.00
16,Brian Gay,88.9,8,9,-2.00
17,Satoshi Kodaira,85.7,6,7,-1.00
17,Jason Kokrak,85.7,6,7,-1.00
19,Nelson Ledesma,83.3,5,6,-3.00
19,Robert Streb,83.3,5,6,-2.00
19,Hudson Swafford,83.3,5,6,-2.00
22,Matt Jones,81.8,9,11,-3.00
23,Ryosuke Kinoshita,80.0,4,5,+1.00
23,Troy Merritt,80.0,4,5,E
23,Webb Simpson,80.0,4,5,-4.00
23,Cameron Smith,80.0,4,5,E
23,Mike Weir,80.0,4,5,-2.00
28,Billy Horschel,77.8,7,9,-2.00
29,Sungjae Im,75.0,3,4,-1.00
29,K.H. Lee,75.0,3,4,E
29,Jamie Lovemark,75.0,3,4,-1.00
29,Chez Reavie,75.0,6,8,-4.00
33,Harry Higgs,71.4,5,7,-2.00
33,Robby Shelton,71.4,5,7,-1.00
35,Austin Cook,66.7,2,3,-2.00
35,Kramer Hickok,66.7,2,3,E
35,Michael Kim,66.7,4,6,-2.00
35,Si Woo Kim,66.7,6,9,-1.00
35,Chris Kirk,66.7,2,3,-2.00
35,Vaughn Taylor,66.7,2,3,E
35,Brendon Todd,66.7,2,3,-2.00
42,Michael Thompson,62.5,5,8,-2.00
43,Chris Baker,60.0,3,5,-2.00
43,Hideki Matsuyama,60.0,3,5,-1.00
43,Ryan Palmer,60.0,3,5,-2.00
43,Sepp Straka,60.0,3,5,-1.00
47,Aaron Baddeley,57.1,4,7,-1.00
47,Brian Harman,57.1,4,7,-2.00
49,Harris English,50.0,1,2,E
49,Jim Furyk,50.0,1,2,-1.00
49,Nick Hardy,50.0,1,2,E
49,Anirban Lahiri,50.0,2,4,-1.00
49,Kevin Na,50.0,3,6,-1.00
49,Pat Perez,50.0,1,2,-1.00
55,Wesley Bryan,44.4,4,9,-2.00
56,Brice Garnett,40.0,2,5,-1.00
57,Emiliano Grillo,33.3,1,3,E
57,Zach Johnson,33.3,1,3,-1.00
57,Kevin Kisner,33.3,3,9,-1.00
57,Patton Kizzire,33.3,1,3,-1.00
57,Brian Stuard,33.3,1,3,E
57,Nick Taylor,33.3,2,6,-1.00
63,Sergio Garcia,28.6,2,7,-2.00
63,Lanto Griffin,28.6,2,7,E
65,Daniel Berger,25.0,1,4,E
65,Cam Davis,25.0,1,4,E
65,Carlos Ortiz,25.0,1,4,-1.00
65,Martin Trainer,25.0,1,4,+1.00
69,Mark Hubbard,.0,0,3,E
69,Mackenzie Hughes,.0,0,2,E
69,Jerry Kelly,.0,0,1,E
