rank,player,%,Greens Hit,Total Holes,Relative to par
1,Brendan Steele,100.00,21,21,-0.52
2,Zach Johnson,94.74,18,19,-0.11
3,Joaquin Niemann,94.12,16,17,-0.19
4,Kevin Kisner,93.33,14,15,-0.50
5,Jamie Lovemark,90.91,10,11,-0.10
6,Chris Kirk,88.89,16,18,-0.31
7,Matt Jones,88.24,15,17,-0.20
8,Pat Perez,88.00,22,25,-0.18
9,Troy Merritt,86.96,20,23,-0.15
10,Nelson Ledesma,86.67,13,15,-0.15
11,Nick Hardy,85.71,18,21,-0.22
12,Scott Brown,85.00,17,20,-0.06
12,Si Woo Kim,85.00,17,20,-0.29
14,Austin Cook,84.21,16,19,-0.19
14,Hudson Swafford,84.21,16,19,-0.31
16,Chris Baker,83.33,20,24,-0.10
16,Billy Horschel,83.33,15,18,-0.20
16,Charles Howell III,83.33,15,18,-0.07
16,Jerry Kelly,83.33,15,18,-0.07
16,Patton Kizzire,83.33,15,18,-0.13
16,Collin Morikawa,83.33,15,18,-0.27
22,Charley Hoffman,81.82,9,11,E
22,Webb Simpson,81.82,18,22,-0.28
24,James Hahn,80.00,16,20,-0.31
24,Marc Leishman,80.00,16,20,-0.38
24,Robby Shelton,80.00,12,15,E
24,Michael Thompson,80.00,16,20,-0.19
28,Aaron Baddeley,78.95,15,19,-0.27
29,Jim Herman,77.78,21,27,-0.24
29,Hideki Matsuyama,77.78,14,18,-0.21
29,Chez Reavie,77.78,14,18,E
29,Adam Scott,77.78,14,18,E
33,Harris English,77.27,17,22,-0.18
34,K.H. Lee,76.92,10,13,-0.20
35,Stewart Cink,76.47,13,17,-0.31
35,Kevin Na,76.47,13,17,-0.23
35,Carlos Ortiz,76.47,13,17,-0.23
38,Brice Garnett,76.19,16,21,-0.19
38,Emiliano Grillo,76.19,16,21,-0.19
38,Brendon Todd,76.19,16,21,-0.19
41,Lanto Griffin,76.00,19,25,-0.11
42,Daniel Berger,75.00,12,16,-0.17
42,Cam Davis,75.00,12,16,E
42,Harry Higgs,75.00,12,16,-0.33
42,Martin Trainer,75.00,15,20,-0.33
46,Anirban Lahiri,73.91,17,23,-0.29
47,Mark Hubbard,73.68,14,19,-0.36
47,Satoshi Kodaira,73.68,14,19,-0.14
47,Jason Kokrak,73.68,14,19,E
50,Brian Harman,73.33,11,15,+0.09
51,Sergio Garcia,71.43,10,14,E
51,Mackenzie Hughes,71.43,10,14,-0.10
51,Ryosuke Kinoshita,71.43,15,21,-0.20
51,Sepp Straka,71.43,15,21,-0.13
55,Russell Henley,70.59,12,17,-0.17
55,Michael Kim,70.59,12,17,-0.25
57,Nick Taylor,70.00,14,20,-0.21
58,Sungjae Im,69.23,9,13,-0.11
59,Kramer Hickok,68.18,15,22,-0.07
60,K.J. Choi,66.67,10,15,-0.40
60,Jim Furyk,66.67,12,18,-0.17
60,Mike Weir,66.67,14,21,-0.36
63,Sebastián Muñoz,65.00,13,20,-0.31
64,Vaughn Taylor,64.71,11,17,-0.09
65,Brian Stuard,63.16,12,19,-0.42
66,Ryan Palmer,61.54,8,13,-0.13
67,Keith Mitchell,61.11,11,18,-0.27
68,Brian Gay,60.00,12,20,E
69,Ryan Armour,59.09,13,22,-0.23
70,Cameron Smith,57.89,11,19,-0.18
70,Robert Streb,57.89,11,19,-0.36
72,Wesley Bryan,56.25,9,16,-0.33
73,Peter Malnati,53.85,7,13,-0.71
