rank,player,%,Greens Hit,Total Holes,Relative to par
1,Daniel Berger,100.00,13,13,-0.77
1,K.J. Choi,100.00,9,9,-0.56
1,Stewart Cink,100.00,8,8,-0.88
1,Cam Davis,100.00,12,12,-0.83
1,Harris English,100.00,8,8,-0.50
1,Jim Furyk,100.00,9,9,-0.78
1,Brian Gay,100.00,7,7,-0.71
1,Emiliano Grillo,100.00,8,8,-0.38
1,James Hahn,100.00,9,9,-0.33
1,Nick Hardy,100.00,13,13,-0.62
1,Brian Harman,100.00,6,6,-0.67
1,Russell Henley,100.00,9,9,-1.00
1,Jim Herman,100.00,9,9,-0.78
1,Charley Hoffman,100.00,12,12,-0.67
1,Billy Horschel,100.00,8,8,-0.63
1,Charles Howell III,100.00,10,10,-0.30
1,Sungjae Im,100.00,9,9,-0.67
1,Michael Kim,100.00,8,8,-1.00
1,Si Woo Kim,100.00,13,13,-0.69
1,Ryosuke Kinoshita,100.00,7,7,-0.71
1,Chris Kirk,100.00,10,10,-1.00
1,Patton Kizzire,100.00,8,8,-1.25
1,Satoshi Kodaira,100.00,6,6,-0.83
1,Jason Kokrak,100.00,12,12,-0.58
1,Nelson Ledesma,100.00,9,9,-0.89
1,K.H. Lee,100.00,11,11,-1.00
1,Marc Leishman,100.00,11,11,-0.73
1,Hideki Matsuyama,100.00,11,11,-0.91
1,Troy Merritt,100.00,8,8,-0.38
1,Keith Mitchell,100.00,12,12,-0.58
1,Collin Morikawa,100.00,8,8,-0.75
1,Kevin Na,100.00,11,11,-0.91
1,Chez Reavie,100.00,6,6,-1.00
1,Robby Shelton,100.00,9,9,-0.78
1,Cameron Smith,100.00,10,10,-0.80
1,Brendan Steele,100.00,9,9,-0.67
1,Sepp Straka,100.00,10,10,-0.70
1,Robert Streb,100.00,7,7,-0.71
1,Hudson Swafford,100.00,6,6,-0.83
1,Vaughn Taylor,100.00,8,8,-1.13
1,Brendon Todd,100.00,7,7,-0.71
1,Martin Trainer,100.00,9,9,-0.89
43,Sergio Garcia,92.86,13,14,-0.69
44,Mackenzie Hughes,92.31,12,13,-0.67
45,Chris Baker,91.67,11,12,-0.64
45,Kramer Hickok,91.67,11,12,-0.91
45,Joaquin Niemann,91.67,11,12,-0.91
45,Adam Scott,91.67,11,12,-0.73
49,Peter Malnati,90.91,10,11,-0.60
50,Harry Higgs,90.00,9,10,-0.78
50,Mark Hubbard,90.00,9,10,-1.00
50,Anirban Lahiri,90.00,9,10,-0.78
50,Mike Weir,90.00,9,10,-0.78
54,Aaron Baddeley,88.89,8,9,-0.75
54,Brice Garnett,88.89,8,9,-1.00
54,Zach Johnson,88.89,8,9,-0.38
54,Sebastián Muñoz,88.89,8,9,-0.50
54,Webb Simpson,88.89,8,9,-0.88
59,Austin Cook,85.71,6,7,-1.00
59,Kevin Kisner,85.71,6,7,-1.00
59,Michael Thompson,85.71,6,7,-0.67
62,Matt Jones,83.33,10,12,-0.60
62,Jamie Lovemark,83.33,10,12,-0.60
64,Wesley Bryan,81.82,9,11,-0.89
64,Jerry Kelly,81.82,9,11,-0.67
64,Carlos Ortiz,81.82,9,11,-0.89
64,Ryan Palmer,81.82,9,11,-0.89
68,Lanto Griffin,80.00,8,10,-0.88
69,Nick Taylor,77.78,7,9,-1.00
70,Brian Stuard,75.00,6,8,-1.00
71,Scott Brown,72.73,8,11,-0.88
72,Pat Perez,71.43,5,7,-1.00
73,Ryan Armour,66.67,4,6,-1.25
