rank,player,%,Greens Hit,Total Holes,Relative to par
1,Daniel Berger,100.00,15,15,-0.67
1,K.J. Choi,100.00,10,10,-0.60
1,Harris English,100.00,9,9,-0.44
1,Jim Furyk,100.00,11,11,-0.82
1,Brian Gay,100.00,11,11,-0.55
1,James Hahn,100.00,11,11,-0.36
1,Nick Hardy,100.00,14,14,-0.57
1,Russell Henley,100.00,10,10,-0.90
1,Jim Herman,100.00,10,10,-0.80
1,Charley Hoffman,100.00,15,15,-0.60
1,Charles Howell III,100.00,13,13,-0.46
1,Michael Kim,100.00,13,13,-0.69
1,Si Woo Kim,100.00,14,14,-0.71
1,Ryosuke Kinoshita,100.00,9,9,-0.67
1,Chris Kirk,100.00,14,14,-0.86
1,Satoshi Kodaira,100.00,10,10,-0.60
1,Jason Kokrak,100.00,13,13,-0.54
1,Nelson Ledesma,100.00,9,9,-0.89
1,K.H. Lee,100.00,13,13,-0.85
1,Marc Leishman,100.00,15,15,-0.67
1,Hideki Matsuyama,100.00,15,15,-0.80
1,Troy Merritt,100.00,9,9,-0.33
1,Keith Mitchell,100.00,20,20,-0.65
1,Kevin Na,100.00,12,12,-0.83
1,Chez Reavie,100.00,10,10,-0.80
1,Cameron Smith,100.00,13,13,-0.62
1,Sepp Straka,100.00,13,13,-0.69
1,Robert Streb,100.00,11,11,-0.64
1,Vaughn Taylor,100.00,11,11,-0.91
1,Brendon Todd,100.00,10,10,-0.70
31,Sergio Garcia,95.24,20,21,-0.65
32,Cam Davis,95.00,19,20,-0.74
33,Robby Shelton,94.44,17,18,-0.65
34,Harry Higgs,93.33,14,15,-0.64
34,Sebastián Muñoz,93.33,14,15,-0.50
36,Stewart Cink,92.86,13,14,-0.69
36,Brian Harman,92.86,13,14,-0.77
36,Martin Trainer,92.86,13,14,-0.54
39,Sungjae Im,92.31,12,13,-0.50
40,Chris Baker,91.67,11,12,-0.64
40,Kramer Hickok,91.67,11,12,-0.91
40,Mark Hubbard,91.67,11,12,-1.00
40,Webb Simpson,91.67,11,12,-0.73
40,Brendan Steele,91.67,11,12,-0.64
40,Mike Weir,91.67,11,12,-0.64
46,Aaron Baddeley,90.91,10,11,-0.80
46,Brice Garnett,90.91,10,11,-0.80
46,Billy Horschel,90.91,10,11,-0.60
46,Anirban Lahiri,90.91,10,11,-0.70
46,Collin Morikawa,90.91,10,11,-0.80
51,Austin Cook,90.00,9,10,-0.89
51,Zach Johnson,90.00,9,10,-0.33
51,Hudson Swafford,90.00,9,10,-0.67
54,Michael Thompson,88.89,8,9,-0.75
55,Mackenzie Hughes,85.71,12,14,-0.67
55,Matt Jones,85.71,12,14,-0.67
55,Peter Malnati,85.71,12,14,-0.67
55,Adam Scott,85.71,12,14,-0.67
59,Patton Kizzire,84.62,11,13,-1.18
59,Nick Taylor,84.62,11,13,-0.73
61,Joaquin Niemann,84.21,16,19,-0.63
62,Ryan Armour,83.33,10,12,-0.80
62,Emiliano Grillo,83.33,10,12,-0.30
62,Jerry Kelly,83.33,10,12,-0.60
62,Carlos Ortiz,83.33,10,12,-0.80
62,Ryan Palmer,83.33,10,12,-0.90
67,Brian Stuard,81.82,9,11,-0.78
68,Scott Brown,80.00,12,15,-0.67
68,Lanto Griffin,80.00,12,15,-0.75
68,Jamie Lovemark,80.00,12,15,-0.67
71,Wesley Bryan,78.57,11,14,-0.82
72,Pat Perez,72.73,8,11,-0.75
73,Kevin Kisner,70.00,7,10,-0.86
