rank,player,%,Greens Hit,Total Holes,Relative to par
1,Daniel Berger,100.00,20,20,-0.55
1,K.J. Choi,100.00,15,15,-0.47
1,Jim Furyk,100.00,13,13,-0.62
1,James Hahn,100.00,15,15,-0.53
1,Charles Howell III,100.00,20,20,-0.45
1,Michael Kim,100.00,17,17,-0.65
1,Ryosuke Kinoshita,100.00,14,14,-0.43
1,Chris Kirk,100.00,18,18,-0.83
1,Jason Kokrak,100.00,18,18,-0.44
1,Hideki Matsuyama,100.00,23,23,-0.65
1,Sepp Straka,100.00,16,16,-0.63
12,Charley Hoffman,96.15,25,26,-0.52
13,Keith Mitchell,95.65,22,23,-0.64
14,Si Woo Kim,95.45,21,22,-0.57
15,Cameron Smith,95.24,20,21,-0.40
16,Stewart Cink,95.00,19,20,-0.53
16,Kevin Na,95.00,19,20,-0.63
18,Nick Hardy,94.74,18,19,-0.61
18,Kramer Hickok,94.74,18,19,-0.72
18,Sungjae Im,94.74,18,19,-0.44
18,Marc Leishman,94.74,18,19,-0.56
22,Sebastián Muñoz,94.44,17,18,-0.47
22,Robert Streb,94.44,17,18,-0.59
24,Billy Horschel,94.12,16,17,-0.56
24,Satoshi Kodaira,94.12,16,17,-0.50
24,Chez Reavie,94.12,16,17,-0.56
24,Webb Simpson,94.12,16,17,-0.75
24,Hudson Swafford,94.12,16,17,-0.38
29,Jim Herman,93.33,14,15,-0.64
30,Brendan Steele,92.86,13,14,-0.54
30,Mike Weir,92.86,13,14,-0.62
32,Mark Hubbard,92.31,12,13,-0.92
33,Harry Higgs,91.30,21,23,-0.62
34,K.H. Lee,90.91,20,22,-0.55
34,Robby Shelton,90.91,20,22,-0.65
36,Brian Harman,90.48,19,21,-0.58
36,Peter Malnati,90.48,19,21,-0.68
38,Emiliano Grillo,90.00,18,20,-0.33
38,Nelson Ledesma,90.00,18,20,-0.67
40,Joaquin Niemann,89.29,25,28,-0.56
41,Brian Gay,88.89,16,18,-0.44
42,Russell Henley,88.24,15,17,-0.73
42,Matt Jones,88.24,15,17,-0.67
44,Chris Baker,87.50,14,16,-0.50
44,Michael Thompson,87.50,14,16,-0.57
46,Harris English,86.67,13,15,-0.31
46,Collin Morikawa,86.67,13,15,-0.85
48,Cam Davis,86.21,25,29,-0.64
48,Sergio Garcia,86.21,25,29,-0.56
50,Ryan Armour,85.71,12,14,-0.75
50,Austin Cook,85.71,12,14,-0.75
50,Brice Garnett,85.71,12,14,-0.83
50,Adam Scott,85.71,18,21,-0.72
50,Brian Stuard,85.71,12,14,-0.67
50,Nick Taylor,85.71,18,21,-0.72
50,Brendon Todd,85.71,12,14,-0.58
57,Ryan Palmer,85.00,17,20,-0.65
58,Zach Johnson,84.21,16,19,-0.38
58,Patton Kizzire,84.21,16,19,-0.94
58,Troy Merritt,84.21,16,19,-0.38
58,Martin Trainer,84.21,16,19,-0.44
62,Vaughn Taylor,83.33,15,18,-0.80
63,Kevin Kisner,82.35,14,17,-0.50
64,Mackenzie Hughes,80.95,17,21,-0.53
65,Jamie Lovemark,78.26,18,23,-0.50
66,Aaron Baddeley,77.78,14,18,-0.71
67,Anirban Lahiri,76.47,13,17,-0.62
68,Carlos Ortiz,76.19,16,21,-0.69
69,Scott Brown,76.00,19,25,-0.47
70,Wesley Bryan,75.00,18,24,-0.50
71,Pat Perez,71.43,10,14,-0.70
72,Jerry Kelly,68.75,11,16,-0.55
73,Lanto Griffin,68.42,13,19,-0.69
