rank,player,%,Greens Hit,Total Holes,Relative to par
1,Sergio Garcia,100.00,3,3,E
1,Emiliano Grillo,100.00,5,5,E
1,Matt Jones,100.00,3,3,E
1,Cameron Smith,100.00,3,3,-0.33
5,Marc Leishman,87.50,7,8,+0.14
5,Brian Stuard,87.50,7,8,E
7,Ryan Armour,83.33,5,6,E
8,James Hahn,80.00,4,5,E
9,Scott Brown,75.00,3,4,-0.33
9,Stewart Cink,75.00,3,4,E
9,Jamie Lovemark,75.00,6,8,+0.17
9,Keith Mitchell,75.00,3,4,-0.67
9,Collin Morikawa,75.00,3,4,E
9,Joaquin Niemann,75.00,3,4,E
9,Carlos Ortiz,75.00,3,4,E
9,Adam Scott,75.00,3,4,E
9,Vaughn Taylor,75.00,6,8,E
18,Jim Furyk,71.43,5,7,E
18,Charles Howell III,71.43,5,7,-0.20
18,Kevin Kisner,71.43,5,7,E
21,K.J. Choi,70.00,7,10,E
22,Brice Garnett,66.67,4,6,-0.50
22,Brian Gay,66.67,4,6,+0.25
22,Mackenzie Hughes,66.67,4,6,-0.25
22,Kevin Na,66.67,6,9,-0.50
22,Hudson Swafford,66.67,4,6,-0.25
27,Russell Henley,62.50,5,8,-0.20
27,Chris Kirk,62.50,5,8,-0.20
29,Aaron Baddeley,60.00,3,5,E
29,Chris Baker,60.00,3,5,-0.33
29,Daniel Berger,60.00,3,5,-0.33
29,Lanto Griffin,60.00,3,5,E
29,Charley Hoffman,60.00,3,5,E
29,Jason Kokrak,60.00,3,5,E
29,Nelson Ledesma,60.00,3,5,E
29,Hideki Matsuyama,60.00,3,5,E
29,Brendan Steele,60.00,3,5,+0.33
38,Troy Merritt,57.14,4,7,+0.25
38,Michael Thompson,57.14,4,7,+0.25
40,Wesley Bryan,50.00,3,6,-0.33
40,Cam Davis,50.00,2,4,E
40,Brian Harman,50.00,4,8,-0.25
40,Harry Higgs,50.00,2,4,-0.50
40,Billy Horschel,50.00,2,4,-0.50
40,Sungjae Im,50.00,2,4,-1.00
40,Anirban Lahiri,50.00,2,4,+0.50
40,Peter Malnati,50.00,4,8,+0.25
40,Sebastián Muñoz,50.00,4,8,+0.25
40,Pat Perez,50.00,4,8,E
40,Webb Simpson,50.00,2,4,-0.50
40,Sepp Straka,50.00,3,6,E
40,Nick Taylor,50.00,3,6,E
53,Zach Johnson,45.45,5,11,-0.40
54,Mike Weir,44.44,4,9,E
55,Kramer Hickok,40.00,2,5,E
55,Si Woo Kim,40.00,2,5,+0.50
55,Patton Kizzire,40.00,2,5,E
55,K.H. Lee,40.00,2,5,E
55,Ryan Palmer,40.00,2,5,-0.50
60,Chez Reavie,37.50,3,8,-0.33
60,Brendon Todd,37.50,3,8,E
62,Jerry Kelly,36.36,4,11,E
62,Robert Streb,36.36,4,11,E
64,Jim Herman,33.33,2,6,+0.50
64,Ryosuke Kinoshita,33.33,2,6,+0.50
66,Harris English,28.57,2,7,E
66,Robby Shelton,28.57,2,7,E
68,Michael Kim,25.00,2,8,E
68,Martin Trainer,25.00,1,4,E
70,Austin Cook,20.00,1,5,E
70,Nick Hardy,20.00,1,5,E
72,Mark Hubbard,18.18,2,11,E
73,Satoshi Kodaira,16.67,1,6,-1.00
