rank,player,%,Greens Hit,Total Holes,Relative to par
1,Jim Herman,100.00,14,14,-0.21
2,Collin Morikawa,94.44,17,18,-0.47
3,Brian Stuard,94.12,16,17,-0.06
4,Russell Henley,93.75,15,16,-0.27
5,Marc Leishman,93.33,14,15,-0.36
6,Charley Hoffman,90.48,19,21,-0.32
7,Adam Scott,90.00,18,20,-0.28
8,Ryan Armour,88.24,15,17,-0.33
8,Patton Kizzire,88.24,15,17,-0.27
10,Jim Furyk,87.50,14,16,-0.29
10,Satoshi Kodaira,87.50,14,16,-0.29
10,Jason Kokrak,87.50,14,16,-0.14
10,Mike Weir,87.50,14,16,-0.21
14,Aaron Baddeley,86.67,13,15,-0.46
14,K.H. Lee,86.67,13,15,-0.38
16,Brendan Steele,85.71,12,14,-0.25
17,Kevin Kisner,85.00,17,20,-0.24
18,Mark Hubbard,84.62,11,13,-0.45
18,Hideki Matsuyama,84.62,11,13,-0.09
20,Harry Higgs,83.33,10,12,-0.30
20,Troy Merritt,83.33,10,12,-0.20
22,Charles Howell III,82.35,14,17,-0.29
23,Zach Johnson,81.82,9,11,-0.44
24,K.J. Choi,81.25,13,16,-0.08
24,Stewart Cink,81.25,13,16,-0.38
24,Webb Simpson,81.25,13,16,-0.31
27,Sebastián Muñoz,80.00,12,15,-0.17
27,Vaughn Taylor,80.00,12,15,-0.42
29,Harris English,78.57,11,14,-0.55
29,Si Woo Kim,78.57,11,14,-0.09
29,Robby Shelton,78.57,11,14,-0.36
29,Brendon Todd,78.57,11,14,-0.45
33,Brian Gay,77.78,14,18,-0.29
34,Nelson Ledesma,76.92,10,13,-0.40
35,Brian Harman,76.47,13,17,-0.23
36,Austin Cook,76.19,16,21,-0.19
37,Lanto Griffin,75.00,9,12,-0.33
37,Keith Mitchell,75.00,12,16,-0.25
37,Michael Thompson,75.00,12,16,-0.42
37,Martin Trainer,75.00,12,16,-0.25
41,Billy Horschel,73.68,14,19,-0.36
42,Brice Garnett,73.33,11,15,-0.18
42,Kramer Hickok,73.33,11,15,-0.45
42,Cameron Smith,73.33,11,15,E
45,Mackenzie Hughes,72.22,13,18,-0.54
45,Chez Reavie,72.22,13,18,-0.23
45,Sepp Straka,72.22,13,18,-0.46
48,Hudson Swafford,70.59,12,17,-0.17
49,Emiliano Grillo,69.23,9,13,-0.33
49,Nick Hardy,69.23,9,13,-0.11
49,Joaquin Niemann,69.23,9,13,-0.11
52,Daniel Berger,68.75,11,16,-0.45
52,James Hahn,68.75,11,16,-0.27
52,Chris Kirk,68.75,11,16,-0.55
52,Anirban Lahiri,68.75,11,16,-0.36
56,Matt Jones,68.42,13,19,-0.38
57,Sergio Garcia,66.67,10,15,-0.30
57,Peter Malnati,66.67,8,12,-0.25
57,Kevin Na,66.67,10,15,-0.40
57,Robert Streb,66.67,10,15,-0.10
61,Carlos Ortiz,65.00,13,20,-0.38
62,Chris Baker,64.71,11,17,-0.27
63,Jamie Lovemark,62.50,10,16,-0.20
64,Jerry Kelly,61.54,8,13,-0.38
65,Sungjae Im,60.87,14,23,-0.07
66,Wesley Bryan,58.33,7,12,-0.43
67,Nick Taylor,57.14,8,14,-0.50
68,Scott Brown,54.55,6,11,-0.33
68,Cam Davis,54.55,6,11,-0.33
70,Ryan Palmer,52.63,10,19,-0.40
71,Michael Kim,50.00,7,14,-0.57
71,Ryosuke Kinoshita,50.00,7,14,-0.29
73,Pat Perez,46.15,6,13,-0.33
