rank,player,%,Greens Hit,Total Holes,Relative to par
1,Ryan Armour,100.00,2,2,-0.50
1,Daniel Berger,100.00,5,5,-0.20
1,K.J. Choi,100.00,5,5,-0.20
1,Stewart Cink,100.00,6,6,-0.17
1,Jim Furyk,100.00,2,2,+0.50
1,Emiliano Grillo,100.00,8,8,-0.38
1,James Hahn,100.00,4,4,-1.00
1,Kramer Hickok,100.00,7,7,-0.43
1,Billy Horschel,100.00,6,6,-0.50
1,Charles Howell III,100.00,7,7,-0.43
1,Mark Hubbard,100.00,1,1,E
1,Sungjae Im,100.00,6,6,-0.33
1,Matt Jones,100.00,3,3,-0.67
1,Michael Kim,100.00,4,4,-0.50
1,Ryosuke Kinoshita,100.00,5,5,E
1,Chris Kirk,100.00,4,4,-0.75
1,Kevin Kisner,100.00,7,7,-0.14
1,Jason Kokrak,100.00,5,5,-0.20
1,Peter Malnati,100.00,7,7,-0.71
1,Hideki Matsuyama,100.00,8,8,-0.38
1,Sebastián Muñoz,100.00,3,3,-0.33
1,Joaquin Niemann,100.00,9,9,-0.44
1,Webb Simpson,100.00,5,5,-0.80
1,Brendan Steele,100.00,2,2,E
1,Sepp Straka,100.00,3,3,-0.33
1,Brian Stuard,100.00,3,3,-0.33
1,Hudson Swafford,100.00,7,7,E
1,Mike Weir,100.00,2,2,-0.50
29,Charley Hoffman,90.91,10,11,-0.40
30,Harry Higgs,87.50,7,8,-0.57
30,Si Woo Kim,87.50,7,8,-0.29
30,Kevin Na,87.50,7,8,-0.29
30,Ryan Palmer,87.50,7,8,-0.29
30,Cameron Smith,87.50,7,8,E
30,Nick Taylor,87.50,7,8,-0.71
36,Brian Harman,85.71,6,7,-0.17
36,Satoshi Kodaira,85.71,6,7,-0.33
36,Chez Reavie,85.71,6,7,-0.17
36,Adam Scott,85.71,6,7,-0.83
36,Robert Streb,85.71,6,7,-0.50
36,Michael Thompson,85.71,6,7,-0.33
42,Patton Kizzire,83.33,5,6,-0.40
43,Nelson Ledesma,81.82,9,11,-0.44
44,Nick Hardy,80.00,4,5,-0.75
44,Jim Herman,80.00,4,5,-0.25
46,Zach Johnson,77.78,7,9,-0.43
46,K.H. Lee,77.78,7,9,E
48,Chris Baker,75.00,3,4,E
48,Austin Cook,75.00,3,4,-0.33
48,Marc Leishman,75.00,3,4,E
48,Jamie Lovemark,75.00,6,8,-0.17
48,Collin Morikawa,75.00,3,4,-1.00
48,Robby Shelton,75.00,3,4,-0.67
54,Brian Gay,71.43,5,7,-0.20
54,Russell Henley,71.43,5,7,-0.40
54,Mackenzie Hughes,71.43,5,7,-0.20
57,Scott Brown,70.00,7,10,-0.14
57,Wesley Bryan,70.00,7,10,E
57,Troy Merritt,70.00,7,10,-0.43
60,Cam Davis,66.67,6,9,-0.33
60,Harris English,66.67,4,6,E
60,Brice Garnett,66.67,2,3,-1.00
60,Keith Mitchell,66.67,2,3,-0.50
60,Carlos Ortiz,66.67,6,9,-0.50
60,Pat Perez,66.67,2,3,-0.50
66,Sergio Garcia,62.50,5,8,-0.20
67,Martin Trainer,60.00,3,5,E
68,Aaron Baddeley,57.14,4,7,-0.50
68,Vaughn Taylor,57.14,4,7,-0.50
70,Anirban Lahiri,50.00,3,6,-0.33
70,Brendon Todd,50.00,2,4,E
72,Lanto Griffin,25.00,1,4,E
72,Jerry Kelly,25.00,1,4,E
