rank,player,Avg,Total Strokes,Total Holes
1,Jason Day,33.25,133,4
1,Pat Perez,33.25,133,4
3,William McGirt,33.50,134,4
3,Justin Thomas,33.50,134,4
5,Charley Hoffman,33.75,135,4
5,Hideki Matsuyama,33.75,135,4
5,Patrick Reed,33.75,135,4
5,Brendan Steele,33.75,135,4
9,Ryan Moore,34.00,136,4
10,Jason Dufner,34.25,137,4
10,Jim Herman,34.25,137,4
10,Dustin Johnson,34.25,137,4
10,Brandt Snedeker,34.25,137,4
10,Jimmy Walker,34.25,137,4
15,Cody Gribble,34.50,138,4
15,Jordan Spieth,34.50,138,4
17,Daniel Berger,34.75,139,4
17,Russell Knox,34.75,139,4
17,Vaughn Taylor,34.75,139,4
20,Brian Stuard,35.00,140,4
21,Greg Chalmers,35.25,141,4
21,Tony Finau,35.25,141,4
21,Fabián Gómez,35.25,141,4
21,Mackenzie Hughes,35.25,141,4
21,Rod Pampling,35.25,141,4
26,Aaron Baddeley,35.75,143,4
26,James Hahn,35.75,143,4
26,Billy Hurley III,35.75,143,4
26,Bubba Watson,35.75,143,4
30,Branden Grace,36.00,144,4
31,Si Woo Kim,36.50,146,4
31,Jhonattan Vegas,36.50,146,4
