rank,player,Low Rnd
1,Daniel Berger,31
1,Hideki Matsuyama,31
1,Ryan Moore,31
1,Vaughn Taylor,31
1,Jimmy Walker,31
6,Jason Day,32
6,Jim Herman,32
6,William McGirt,32
6,Pat Perez,32
6,Brendan Steele,32
11,Cody Gribble,33
11,James Hahn,33
11,Charley Hoffman,33
11,Mackenzie Hughes,33
11,Dustin Johnson,33
11,Patrick Reed,33
11,Brandt Snedeker,33
11,Jordan Spieth,33
11,Brian Stuard,33
11,Justin Thomas,33
11,Jhonattan Vegas,33
22,Aaron Baddeley,34
22,Greg Chalmers,34
22,Jason Dufner,34
22,Tony Finau,34
22,Fabián Gómez,34
22,Russell Knox,34
22,Rod Pampling,34
29,Branden Grace,35
29,Billy Hurley III,35
29,Si Woo Kim,35
29,Bubba Watson,35
