rank,player,Avg,Total Strokes,Total Rounds
1,Hideki Matsuyama,31.00,31,1
2,Brendan Steele,32.00,32,1
3,Jason Day,33.00,33,1
3,James Hahn,33.00,33,1
3,Pat Perez,33.00,33,1
3,Patrick Reed,33.00,33,1
3,Justin Thomas,33.00,33,1
8,Jason Dufner,34.00,34,1
8,Tony Finau,34.00,34,1
8,Fabián Gómez,34.00,34,1
8,Cody Gribble,34.00,34,1
8,Russell Knox,34.00,34,1
8,William McGirt,34.00,34,1
8,Jimmy Walker,34.00,34,1
15,Greg Chalmers,35.00,35,1
15,Charley Hoffman,35.00,35,1
15,Billy Hurley III,35.00,35,1
15,Dustin Johnson,35.00,35,1
15,Ryan Moore,35.00,35,1
15,Brandt Snedeker,35.00,35,1
15,Jordan Spieth,35.00,35,1
15,Brian Stuard,35.00,35,1
15,Vaughn Taylor,35.00,35,1
24,Daniel Berger,36.00,36,1
24,Branden Grace,36.00,36,1
24,Mackenzie Hughes,36.00,36,1
24,Si Woo Kim,36.00,36,1
24,Rod Pampling,36.00,36,1
29,Aaron Baddeley,37.00,37,1
29,Jim Herman,37.00,37,1
29,Bubba Watson,37.00,37,1
32,Jhonattan Vegas,39.00,39,1
