rank,player,Avg,Total Strokes,Total Rounds
1,Daniel Berger,31.00,31,1
1,Ryan Moore,31.00,31,1
1,Jimmy Walker,31.00,31,1
4,Jim Herman,32.00,32,1
5,Cody Gribble,33.00,33,1
6,Aaron Baddeley,34.00,34,1
6,Jason Day,34.00,34,1
6,Jason Dufner,34.00,34,1
6,Fabián Gómez,34.00,34,1
6,Charley Hoffman,34.00,34,1
6,Dustin Johnson,34.00,34,1
6,Russell Knox,34.00,34,1
6,Hideki Matsuyama,34.00,34,1
6,Pat Perez,34.00,34,1
6,Brandt Snedeker,34.00,34,1
6,Jordan Spieth,34.00,34,1
6,Brendan Steele,34.00,34,1
6,Justin Thomas,34.00,34,1
19,Greg Chalmers,35.00,35,1
19,Branden Grace,35.00,35,1
19,William McGirt,35.00,35,1
19,Rod Pampling,35.00,35,1
19,Patrick Reed,35.00,35,1
19,Vaughn Taylor,35.00,35,1
19,Bubba Watson,35.00,35,1
26,Tony Finau,36.00,36,1
26,Mackenzie Hughes,36.00,36,1
26,Billy Hurley III,36.00,36,1
26,Si Woo Kim,36.00,36,1
30,Jhonattan Vegas,37.00,37,1
31,James Hahn,38.00,38,1
31,Brian Stuard,38.00,38,1
