rank,player,Avg,Distance (feet),Total Putts
1,Bill Haas,"62' 4""",3.739,5
2,Brendan Steele,"62' 0""",4.463,6
3,Kevin Na,"58' 9""",2.114,3
4,Sean O'Hair,"58' 5""",2.104,3
5,D.A. Points,"58' 4""",2.100,3
6,Jonathan Byrd,"57' 0""",2.051,3
7,K.J. Choi,"55' 9""",2.008,3
8,Aaron Baddeley,"51' 8""",1.860,3
9,Keegan Bradley,"49' 5""",2.964,5
10,Mark Wilson,"47' 10""",1.723,3
11,Chris Kirk,"47' 7""",3.427,6
12,Scott Piercy,"47' 2""",1.697,3
13,Jhonattan Vegas,"45' 3""",2.716,5
14,Steve Stricker,"44' 11""",1.616,3
15,Harrison Frazar,"43' 1""",1.033,2
16,Ben Crane,"41' 2""",2.472,5
17,Bryce Molder,"40' 8""",1.464,3
18,Scott Stallings,"39' 10""",2.389,5
19,Johnson Wagner,"38' 6""",1.385,3
20,Martin Laird,"37' 5""",1.348,3
21,Rory Sabbatini,"36' 4""",1.309,3
22,David Toms,"34' 5""",3.301,8
23,Nick Watney,"32' 11""",.790,2
24,Michael Bradley,"32' 7""",1.174,3
25,Gary Woodland,"31' 7""",1.137,3
26,Webb Simpson,"29' 11""",.359,1
