rank,player,Avg,Distance (Feet),Total Putts
1,Bill Haas,"62' 4""",311.583,5
2,Brendan Steele,"62' 0""",371.917,6
3,Kevin Na,"58' 9""",176.167,3
4,Sean O'Hair,"58' 5""",175.333,3
5,D.A. Points,"58' 4""",175.000,3
6,Jonathan Byrd,"57' 0""",170.917,3
7,K.J. Choi,"55' 9""",167.333,3
8,Jhonattan Vegas,"54' 4""",380.333,7
9,Aaron Baddeley,"54' 2""",216.500,4
10,Keegan Bradley,"49' 5""",247.000,5
11,Mark Wilson,"47' 10""",143.583,3
12,Chris Kirk,"47' 7""",285.583,6
13,Scott Piercy,"47' 2""",141.417,3
14,Steve Stricker,"44' 11""",134.667,3
15,Harrison Frazar,"43' 1""",86.083,2
16,Ben Crane,"41' 2""",206.000,5
17,Bryce Molder,"40' 8""",122.000,3
18,Scott Stallings,"39' 10""",199.083,5
19,Johnson Wagner,"38' 6""",115.417,3
20,Martin Laird,"37' 5""",112.333,3
21,Rory Sabbatini,"36' 4""",109.083,3
22,David Toms,"34' 5""",275.083,8
23,Nick Watney,"32' 11""",65.833,2
24,Michael Bradley,"32' 7""",97.833,3
25,Gary Woodland,"31' 7""",94.750,3
26,Webb Simpson,"29' 11""",29.917,1
