rank,player,Avg,Distance (Feet),Total Putts
1,Scott Piercy,"17' 10""",213.833,12
2,Michael Bradley,"15' 0""",119.667,8
3,Johnson Wagner,"14' 4""",257.333,18
4,Rory Sabbatini,"14' 3""",270.667,19
5,Jhonattan Vegas,"13' 7""",81.333,6
6,Ben Crane,"13' 2""",275.667,21
7,Bryce Molder,"12' 2""",195.083,16
8,Bill Haas,"12' 1""",108.583,9
8,Webb Simpson,"12' 1""",216.833,18
10,Harrison Frazar,"12' 0""",216.167,18
11,Jonathan Byrd,"11' 11""",249.833,21
12,D.A. Points,"11' 10""",177.250,15
13,Nick Watney,"11' 6""",161.417,14
13,Mark Wilson,"11' 6""",149.500,13
15,Sean O'Hair,"11' 2""",167.583,15
16,Scott Stallings,"10' 4""",103.250,10
17,Keegan Bradley,"9' 6""",85.750,9
18,Steve Stricker,"9' 4""",205.333,22
19,Martin Laird,"9' 0""",216.083,24
20,Chris Kirk,"8' 10""",167.833,19
21,Gary Woodland,"8' 4""",91.417,11
22,Kevin Na,"8' 3""",115.250,14
23,K.J. Choi,"7' 9""",131.083,17
24,David Toms,"7' 5""",96.000,13
25,Aaron Baddeley,"7' 0""",98.083,14
26,Bubba Watson,"6' 8""",80.333,12
27,Brendan Steele,"4' 5""",52.750,12
