rank,player,Avg (Yards),Total Distance (inches),Number of Approach Shots
1,Paul Casey,132.0,"199,531,000",42
2,Billy Horschel,141.9,"265,638,000",52
3,Brice Garnett,144.7,"260,513,000",50
4,Brooks Koepka,145.2,"214,382,000",41
5,Jason Day,145.5,"193,850,000",37
6,Justin Thomas,145.7,"215,076,000",41
7,Michael Kim,146.1,"205,135,000",39
8,Kevin Tway,147.1,"270,132,000",51
9,Scott Piercy,148.9,"225,184,000",42
10,Marc Leishman,149.1,"241,527,000",45
11,Charles Howell III,149.6,"247,682,000",46
12,Satoshi Kodaira,150.2,"259,567,000",48
13,Andrew Landry,150.4,"222,035,000",41
14,Patrick Reed,152.2,"230,135,000",42
15,Matt Kuchar,153.5,"276,357,000",50
15,"Ted Potter, Jr.",153.5,"259,704,000",47
17,Xander Schauffele,154.1,"227,480,000",41
18,Troy Merritt,155.9,"280,679,000",50
19,Ian Poulter,156.0,"235,820,000",42
20,Patton Kizzire,156.3,"281,403,000",50
20,Rory McIlroy,156.3,"287,038,000",51
20,Bubba Watson,156.3,"219,491,000",39
23,Francesco Molinari,157.0,"254,312,000",45
24,Andrew Putnam,157.6,"249,570,000",44
25,Bryson DeChambeau,157.7,"261,091,000",46
26,Gary Woodland,158.0,"233,208,000",41
27,Keegan Bradley,160.0,"276,536,000",48
28,Jon Rahm,161.5,"273,188,000",47
28,Brandt Snedeker,161.5,"296,489,000",51
30,Dustin Johnson,167.1,"258,614,000",43
31,Webb Simpson,171.3,"302,114,000",49
32,Aaron Wise,172.9,"242,800,000",39
33,Cameron Champ,173.3,"255,781,000",41
