rank,player,Avg (Yards),Total Distance (inches),Number of Approach Shots
1,Bryson DeChambeau,108.5,"23,434,000",6
2,Rory McIlroy,118.3,"12,775,000",3
3,Charles Howell III,120.0,"34,565,000",8
4,Xander Schauffele,130.8,"23,544,000",5
5,Keegan Bradley,134.3,"58,013,000",12
6,Dustin Johnson,135.2,"24,327,000",5
7,Matt Kuchar,141.1,"30,480,000",6
8,Satoshi Kodaira,146.7,"52,816,000",10
9,Bubba Watson,147.0,"84,665,000",16
10,"Ted Potter, Jr.",149.9,"59,356,000",11
11,Webb Simpson,151.2,"32,660,000",6
12,Billy Horschel,154.1,"49,941,000",9
13,Michael Kim,155.1,"94,916,000",17
14,Troy Merritt,156.8,"33,873,000",6
15,Scott Piercy,159.8,"63,290,000",11
16,Cameron Champ,160.7,"46,285,000",8
17,Aaron Wise,161.0,"86,923,000",15
18,Patrick Reed,161.1,"75,400,000",13
19,Brooks Koepka,166.5,"65,930,000",11
20,Andrew Landry,168.3,"60,605,000",10
20,Ian Poulter,168.3,"48,464,000",8
22,Brandt Snedeker,169.8,"48,904,000",8
23,Andrew Putnam,170.7,"55,318,000",9
24,Jon Rahm,173.6,"31,252,000",5
25,Marc Leishman,176.4,"31,749,000",5
26,Kevin Tway,179.4,"25,836,000",4
27,Patton Kizzire,183.8,"33,079,000",5
28,Jason Day,184.2,"59,676,000",9
29,Francesco Molinari,186.0,"80,341,000",12
30,Paul Casey,186.1,"60,294,000",9
31,Brice Garnett,187.8,"47,327,000",7
32,Justin Thomas,189.2,"40,876,000",6
33,Gary Woodland,190.2,"34,236,000",5
