rank,player,Avg,Total Dist after Tee Shot,Total Tee Shots
1,Rory McIlroy,139.7,"296,799.000",59
2,Cameron Champ,141.1,"289,558.000",57
3,Dustin Johnson,141.6,"300,717.000",59
4,Jason Day,145.7,"298,928.000",57
5,Jon Rahm,148.7,"315,787.000",59
6,Bubba Watson,148.8,"321,366.000",60
7,Brooks Koepka,150.1,"302,610.000",56
7,Kevin Tway,150.1,"318,715.000",59
9,Aaron Wise,152.0,"317,336.000",58
10,Patrick Reed,153.2,"325,370.000",59
11,Gary Woodland,154.2,"333,043.000",60
12,Xander Schauffele,154.7,"328,495.000",59
13,Bryson DeChambeau,155.4,"335,764.000",60
14,Charles Howell III,155.5,"335,967.000",60
15,Paul Casey,156.1,"331,472.000",59
16,Ian Poulter,158.3,"341,923.000",60
17,Marc Leishman,158.5,"336,701.000",59
18,Justin Thomas,158.6,"331,070.000",58
19,Francesco Molinari,160.5,"335,034.000",58
20,"Ted Potter, Jr.",161.6,"343,306.000",59
21,Troy Merritt,161.9,"349,806.000",60
22,Patton Kizzire,162.1,"344,397.000",59
23,Billy Horschel,163.0,"352,071.000",60
24,Scott Piercy,163.1,"346,451.000",59
25,Andrew Landry,164.2,"348,779.000",59
26,Webb Simpson,165.9,"352,277.000",59
27,Matt Kuchar,167.3,"349,399.000",58
28,Brice Garnett,167.7,"362,246.000",60
29,Keegan Bradley,168.5,"351,748.000",58
30,Brandt Snedeker,168.9,"358,684.000",59
31,Andrew Putnam,172.8,"366,993.000",59
32,Satoshi Kodaira,176.9,"382,067.000",60
33,Michael Kim,179.7,"349,397.000",54
