rank,player,Distance,Tournament,Round- Course,Hole
1,Patton Kizzire,187,Sentry,1,8 - Par 3 -
2,Xander Schauffele,107,Sentry,4,12 - Par 4
3,Billy Horschel,27,Sentry,2,8 - Par 3 -
4,Andrew Landry,27,Sentry,1,17 - Par 4
5,Michael Kim,24,Sentry,3,1 - Par 4 -
7,Jason Day,16,Sentry,1,4 - Par 4 -
8,Bubba Watson,15,Sentry,1,15 - Par 5
9,Brooks Koepka,13,Sentry,3,9 - Par 5 -
11,Dustin Johnson,12,Sentry,2,16 - Par 4
12,Cameron Champ,7,Sentry,3,17 - Par 4
13,Gary Woodland,6,Sentry,2,11 - Par 3
14,Keegan Bradley,6,Sentry,3,18 - Par 5
15,Matt Kuchar,6,Sentry,4,4 - Par 4 -
16,Scott Piercy,4,Sentry,1,7 - Par 4 -
