rank,player,Avg (Yards),Total Distance (inches),Number of Approach Shots
1,Andrew Landry,141.8,"97,006,000",19
2,Francesco Molinari,148.7,"74,925,000",14
3,Matt Kuchar,151.8,"81,965,000",15
4,Brice Garnett,163.0,"82,170,000",14
5,Andrew Putnam,163.9,"112,141,000",19
6,Jason Day,166.3,"143,706,000",24
7,Webb Simpson,168.0,"102,809,000",17
8,Patton Kizzire,169.6,"103,790,000",17
9,Billy Horschel,170.1,"67,371,000",11
10,Scott Piercy,171.7,"111,274,000",18
11,Kevin Tway,171.8,"105,147,000",17
12,Satoshi Kodaira,172.3,"74,448,000",12
13,Cameron Champ,174.8,"138,471,000",22
14,Brandt Snedeker,179.3,"83,932,000",13
15,Troy Merritt,180.8,"104,138,000",16
16,Aaron Wise,180.9,"117,225,000",18
17,Bryson DeChambeau,182.4,"131,340,000",20
18,"Ted Potter, Jr.",183.8,"92,615,000",14
19,Patrick Reed,184.1,"106,019,000",16
20,Michael Kim,184.4,"106,243,000",16
21,Gary Woodland,185.5,"173,660,000",26
22,Jon Rahm,185.6,"126,926,000",19
23,Marc Leishman,185.9,"147,207,000",22
24,Justin Thomas,191.7,"172,514,000",25
25,Bubba Watson,193.6,"118,457,000",17
26,Paul Casey,197.4,"142,150,000",20
27,Dustin Johnson,199.4,"165,072,000",23
28,Charles Howell III,201.0,"130,259,000",18
29,Ian Poulter,201.6,"145,122,000",20
30,Keegan Bradley,203.4,"87,852,000",12
31,Brooks Koepka,211.2,"136,835,000",18
31,Xander Schauffele,211.2,"197,696,000",26
33,Rory McIlroy,222.3,"144,078,000",18
