rank,player,Avg,Total Dist of Appr Shot,Total Holes
1,Billy Horschel,147.7,"382,950.000",72
2,Andrew Landry,150.7,"379,646.000",70
3,Matt Kuchar,152.1,"388,802.000",71
4,Brice Garnett,152.6,"390,010.000",71
5,Satoshi Kodaira,153.5,"386,831.000",70
6,Kevin Tway,154.8,"401,115.000",72
7,Scott Piercy,156.4,"399,748.000",71
8,Michael Kim,156.7,"406,294.000",72
9,Paul Casey,157.3,"401,975.000",71
10,Jason Day,157.6,"397,232.000",70
11,"Ted Potter, Jr.",158.8,"411,675.000",72
12,Charles Howell III,159.1,"412,506.000",72
13,Francesco Molinari,160.2,"409,578.000",71
14,Bryson DeChambeau,160.4,"415,865.000",72
15,Andrew Putnam,160.9,"417,029.000",72
16,Patrick Reed,161.0,"411,554.000",71
17,Patton Kizzire,161.4,"418,272.000",72
18,Troy Merritt,161.5,"418,690.000",72
19,Marc Leishman,162.2,"420,483.000",72
20,Keegan Bradley,163.0,"422,401.000",72
20,Bubba Watson,163.0,"422,613.000",72
22,Justin Thomas,165.3,"428,466.000",72
23,Brooks Koepka,165.5,"417,147.000",70
24,Brandt Snedeker,165.6,"429,325.000",72
25,Jon Rahm,168.8,"431,366.000",71
25,Webb Simpson,168.8,"437,583.000",72
27,Gary Woodland,170.2,"441,104.000",72
28,Ian Poulter,170.4,"429,406.000",70
29,Rory McIlroy,171.3,"443,891.000",72
30,Cameron Champ,172.4,"440,537.000",71
30,Aaron Wise,172.4,"446,948.000",72
32,Xander Schauffele,173.1,"448,720.000",72
33,Dustin Johnson,175.3,"448,013.000",71
