rank,player,%,Total Hit,Total Attempts,RTP Score
1,Ernie Els,87.50,63,72,-9.00
1,Steve Marino,87.50,63,72,-16.00
3,Matt Bettencourt,83.33,60,72,-15.00
3,Tim Clark,83.33,60,72,-16.00
3,Chris Riley,83.33,60,72,-14.00
6,Brendon de Jonge,80.56,58,72,-12.00
6,John Senden,80.56,58,72,-15.00
6,Jimmy Walker,80.56,58,72,-16.00
9,Stuart Appleby,79.17,57,72,-16.00
9,Chad Campbell,79.17,57,72,-17.00
9,Brandt Jobe,79.17,57,72,-11.00
9,Chris Kirk,79.17,57,72,-12.00
9,Matt Kuchar,79.17,57,72,-16.00
9,Jeff Overton,79.17,57,72,-16.00
9,Alex Prugh,79.17,57,72,-15.00
9,Daniel Summerhays,79.17,57,72,-14.00
17,Aaron Baddeley,77.78,56,72,-15.00
17,Jarrod Lyle,77.78,56,72,-11.00
17,Boo Weekley,77.78,56,72,-15.00
17,Mark Wilson,77.78,56,72,-20.00
21,Jason Bohn,76.39,55,72,-12.00
21,Chris DiMarco,76.39,55,72,-14.00
21,Marc Leishman,76.39,55,72,-16.00
21,Davis Love III,76.39,55,72,-13.00
21,Tag Ridings,76.39,55,72,-17.00
21,Steve Stricker,76.39,55,72,-16.00
27,Anthony Kim,75.00,54,72,-16.00
27,Ryan Palmer,75.00,54,72,-8.00
29,Jason Day,73.61,53,72,-16.00
29,Brian Gay,73.61,53,72,-16.00
29,Freddie Jacobson,73.61,53,72,-15.00
29,Jerry Kelly,73.61,53,72,-15.00
29,Charlie Wi,73.61,53,72,-16.00
34,Colt Knost,72.22,52,72,-16.00
34,Billy Mayfair,72.22,52,72,-9.00
34,Kevin Na,72.22,52,72,-15.00
34,Nate Smith,72.22,52,72,-14.00
38,Steven Bowditch,70.83,51,72,-13.00
38,D.J. Brigman,70.83,51,72,-13.00
38,John Merrick,70.83,51,72,-11.00
38,Rory Sabbatini,70.83,51,72,-16.00
38,Webb Simpson,70.83,51,72,-10.00
38,Roland Thatcher,70.83,51,72,-18.00
44,Arjun Atwal,69.44,50,72,-20.00
44,Michael Connell,69.44,50,72,-11.00
44,Justin Rose,69.44,50,72,-16.00
44,Michael Sim,69.44,50,72,-12.00
48,Kevin Chappell,68.06,49,72,-14.00
48,Jason Dufner,68.06,49,72,-15.00
48,Shigeki Maruyama,68.06,49,72,-22.00
51,Jonathan Byrd,66.67,48,72,-14.00
51,Spencer Levin,66.67,48,72,-20.00
51,WC Liang,66.67,48,72,-17.00
54,Cameron Beckman,63.89,46,72,-21.00
54,Jesper Parnevik,63.89,46,72,-13.00
56,Matt McQuillan,62.50,45,72,-12.00
