rank,player,%,Greens Hit,Total Holes,Relative to par
1,Ernie Els,92.31,12,13,-0.17
2,Chris Riley,88.24,15,17,-0.20
3,Brendon de Jonge,87.50,21,24,-0.24
3,Matt Kuchar,87.50,14,16,-0.21
5,Chad Campbell,86.96,20,23,-0.10
6,Steve Marino,84.21,16,19,-0.19
7,John Senden,83.33,15,18,-0.07
8,Aaron Baddeley,81.82,18,22,-0.06
9,Nate Smith,80.95,17,21,-0.29
9,Boo Weekley,80.95,17,21,-0.18
11,Tim Clark,80.00,16,20,-0.31
12,Colt Knost,78.95,15,19,-0.33
13,Chris DiMarco,77.78,14,18,-0.14
14,Steven Bowditch,77.27,17,22,-0.35
14,Kevin Chappell,77.27,17,22,-0.24
14,Charlie Wi,77.27,17,22,-0.35
17,Brandt Jobe,76.47,13,17,-0.08
17,Steve Stricker,76.47,13,17,E
19,Mark Wilson,76.19,16,21,-0.31
20,Stuart Appleby,72.73,16,22,-0.06
20,Brian Gay,72.73,16,22,-0.06
20,Jerry Kelly,72.73,16,22,-0.25
20,Alex Prugh,72.73,8,11,-0.13
20,Michael Sim,72.73,16,22,-0.31
25,Freddie Jacobson,72.22,13,18,-0.15
25,Anthony Kim,72.22,13,18,-0.23
25,Jesper Parnevik,72.22,13,18,-0.23
28,Marc Leishman,72.00,18,25,-0.28
29,Matt Bettencourt,71.43,15,21,-0.07
30,Davis Love III,70.83,17,24,-0.24
30,Ryan Palmer,70.83,17,24,-0.06
32,Jason Bohn,69.57,16,23,E
33,Jeff Overton,68.42,13,19,-0.15
33,Tag Ridings,68.42,13,19,-0.31
35,Roland Thatcher,66.67,14,21,-0.14
36,Billy Mayfair,65.22,15,23,-0.13
37,Chris Kirk,65.00,13,20,-0.31
38,D.J. Brigman,64.71,11,17,-0.27
39,Jarrod Lyle,63.33,19,30,-0.11
40,Michael Connell,63.16,12,19,-0.17
40,Jimmy Walker,63.16,12,19,-0.17
42,Jonathan Byrd,62.50,15,24,-0.20
43,Spencer Levin,61.90,13,21,-0.23
43,WC Liang,61.90,13,21,-0.15
43,Matt McQuillan,61.90,13,21,-0.08
46,Jason Dufner,61.54,8,13,-0.38
47,Arjun Atwal,60.87,14,23,-0.29
48,Kevin Na,60.00,9,15,E
49,Rory Sabbatini,58.33,14,24,-0.07
50,Cameron Beckman,55.56,10,18,-0.50
51,John Merrick,55.00,11,20,-0.09
51,Daniel Summerhays,55.00,11,20,-0.18
53,Shigeki Maruyama,54.55,12,22,-0.25
54,Jason Day,54.17,13,24,-0.08
55,Webb Simpson,52.17,12,23,-0.33
56,Justin Rose,52.00,13,25,-0.15
