rank,player,%,Greens Hit,Total Holes,Relative to par
1,Brian Gay,100.00,6,6,-0.50
1,Daniel Summerhays,100.00,10,10,-0.50
3,Chris Kirk,93.75,15,16,-0.20
4,Jimmy Walker,90.91,10,11,-0.30
5,Cameron Beckman,90.00,9,10,-0.56
6,Freddie Jacobson,88.24,15,17,-0.27
7,D.J. Brigman,87.50,14,16,-0.14
7,Brendon de Jonge,87.50,7,8,-0.29
9,John Merrick,85.71,6,7,-0.33
9,Nate Smith,85.71,6,7,-0.33
11,Colt Knost,84.62,11,13,-0.09
12,Chris Riley,83.33,10,12,-0.10
13,Alex Prugh,82.35,14,17,-0.43
14,Boo Weekley,81.25,13,16,E
15,Matt Bettencourt,80.00,8,10,-0.38
15,Tim Clark,80.00,8,10,-0.38
15,Kevin Na,80.00,12,15,-0.25
15,Ryan Palmer,80.00,8,10,-0.13
15,Rory Sabbatini,80.00,8,10,-0.13
15,Steve Stricker,80.00,8,10,-0.63
15,Roland Thatcher,80.00,8,10,-0.13
15,Mark Wilson,80.00,8,10,-0.13
23,Brandt Jobe,78.57,11,14,-0.27
23,Spencer Levin,78.57,11,14,-0.45
25,Matt Kuchar,77.78,14,18,-0.21
26,Marc Leishman,76.92,10,13,-0.20
26,Tag Ridings,76.92,10,13,-0.30
28,Jerry Kelly,75.00,6,8,-0.33
28,John Senden,75.00,9,12,-0.22
30,Davis Love III,73.33,11,15,-0.18
31,Shigeki Maruyama,72.73,8,11,-0.75
32,Stuart Appleby,71.43,10,14,-0.20
32,Jason Bohn,71.43,5,7,-0.40
32,Jason Day,71.43,10,14,-0.20
35,Arjun Atwal,70.00,7,10,-0.29
35,Anthony Kim,70.00,7,10,-0.29
35,Justin Rose,70.00,7,10,-0.14
38,Jason Dufner,69.23,9,13,-0.22
39,Jeff Overton,68.75,11,16,-0.45
40,Aaron Baddeley,66.67,6,9,-0.33
40,Jarrod Lyle,66.67,4,6,-0.25
42,Steven Bowditch,63.64,7,11,E
42,Steve Marino,63.64,7,11,-0.57
44,Chris DiMarco,62.50,5,8,-0.20
44,Ernie Els,62.50,10,16,+0.10
46,Jonathan Byrd,60.00,6,10,-0.17
46,Michael Connell,60.00,6,10,-0.17
46,Michael Sim,60.00,3,5,-0.33
49,Matt McQuillan,55.56,5,9,-0.20
50,Kevin Chappell,54.55,6,11,-0.33
51,Chad Campbell,50.00,3,6,-0.33
51,WC Liang,50.00,5,10,-0.40
51,Charlie Wi,50.00,5,10,-0.40
54,Jesper Parnevik,45.45,5,11,-0.60
55,Billy Mayfair,44.44,4,9,E
56,Webb Simpson,36.36,4,11,-0.50
