rank,player,%,Greens Hit,Total Holes,Relative to par
1,Chris Kirk,83.33,5,6,-0.20
1,Jarrod Lyle,83.33,5,6,-0.20
3,Stuart Appleby,80.00,4,5,-0.25
4,Jason Day,75.00,3,4,+0.33
5,Matt Bettencourt,71.43,5,7,E
6,Jonathan Byrd,66.67,6,9,-0.17
6,Davis Love III,66.67,4,6,E
8,Ernie Els,62.50,5,8,-0.20
8,Steve Marino,62.50,5,8,E
8,John Merrick,62.50,5,8,E
8,Alex Prugh,62.50,5,8,+0.20
12,Chris DiMarco,60.00,6,10,-0.17
13,Tim Clark,57.14,8,14,+0.25
13,Rory Sabbatini,57.14,4,7,E
15,D.J. Brigman,55.56,5,9,E
15,Daniel Summerhays,55.56,5,9,-0.40
15,Charlie Wi,55.56,5,9,E
18,Jerry Kelly,54.55,6,11,-0.33
18,Billy Mayfair,54.55,6,11,+0.17
20,Jason Bohn,50.00,4,8,-0.25
20,Brendon de Jonge,50.00,4,8,-0.25
20,Freddie Jacobson,50.00,3,6,-0.33
20,Ryan Palmer,50.00,5,10,E
20,John Senden,50.00,4,8,-0.25
25,Shigeki Maruyama,46.15,6,13,-0.17
26,Colt Knost,45.45,5,11,-0.20
26,Matt McQuillan,45.45,5,11,E
26,Steve Stricker,45.45,5,11,+0.20
29,Chad Campbell,44.44,4,9,E
29,Matt Kuchar,44.44,4,9,+0.25
31,Brandt Jobe,42.86,3,7,E
31,Anthony Kim,42.86,3,7,E
31,Marc Leishman,42.86,3,7,-0.67
31,Mark Wilson,42.86,3,7,-0.67
35,Nate Smith,41.67,5,12,E
36,Brian Gay,40.00,6,15,-0.33
36,Justin Rose,40.00,2,5,-0.50
36,Boo Weekley,40.00,2,5,E
39,Arjun Atwal,37.50,3,8,-0.33
39,Aaron Baddeley,37.50,3,8,E
41,Jesper Parnevik,36.36,4,11,-0.25
42,Jason Dufner,33.33,4,12,E
42,WC Liang,33.33,4,12,E
42,Jeff Overton,33.33,3,9,E
42,Tag Ridings,33.33,1,3,E
46,Michael Connell,30.00,3,10,+0.33
47,Webb Simpson,28.57,2,7,E
47,Jimmy Walker,28.57,2,7,-0.50
49,Cameron Beckman,27.27,3,11,-0.33
49,Kevin Na,27.27,3,11,-0.33
51,Chris Riley,25.00,3,12,E
51,Michael Sim,25.00,3,12,E
51,Roland Thatcher,25.00,2,8,E
54,Steven Bowditch,20.00,1,5,+1.00
55,Spencer Levin,11.11,1,9,-1.00
56,Kevin Chappell,.00,0,9,E
