rank,player,%,Greens Hit,Total Holes,Relative to par
1,Arjun Atwal,100.00,2,2,-0.50
1,Cameron Beckman,100.00,1,1,E
1,Jason Bohn,100.00,2,2,-0.50
1,D.J. Brigman,100.00,3,3,-0.67
1,Chad Campbell,100.00,2,2,-1.00
1,Kevin Chappell,100.00,4,4,-0.25
1,Michael Connell,100.00,1,1,E
1,Jason Day,100.00,2,2,-1.00
1,Brendon de Jonge,100.00,1,1,E
1,Chris DiMarco,100.00,2,2,E
1,Jason Dufner,100.00,4,4,-0.25
1,Brian Gay,100.00,1,1,E
1,Freddie Jacobson,100.00,1,1,-1.00
1,Brandt Jobe,100.00,4,4,E
1,Chris Kirk,100.00,4,4,E
1,Spencer Levin,100.00,1,1,-1.00
1,WC Liang,100.00,1,1,E
1,Davis Love III,100.00,1,1,E
1,Shigeki Maruyama,100.00,1,1,-1.00
1,Matt McQuillan,100.00,1,1,-1.00
1,John Merrick,100.00,1,1,E
1,Jeff Overton,100.00,3,3,-0.33
1,Chris Riley,100.00,3,3,-0.33
1,Justin Rose,100.00,1,1,E
1,John Senden,100.00,2,2,E
1,Michael Sim,100.00,2,2,E
1,Webb Simpson,100.00,1,1,E
1,Nate Smith,100.00,2,2,-0.50
1,Roland Thatcher,100.00,2,2,-0.50
1,Jimmy Walker,100.00,2,2,E
1,Boo Weekley,100.00,1,1,-1.00
1,Mark Wilson,100.00,3,3,-0.33
33,Steve Marino,85.71,6,7,-0.33
34,Ernie Els,80.00,4,5,-0.25
35,Aaron Baddeley,75.00,6,8,-0.33
36,Alex Prugh,71.43,5,7,-0.40
37,Marc Leishman,66.67,2,3,E
37,Daniel Summerhays,66.67,2,3,E
37,Charlie Wi,66.67,2,3,-0.50
40,Matt Bettencourt,60.00,3,5,-0.33
40,Steven Bowditch,60.00,3,5,-0.33
42,Tag Ridings,57.14,4,7,E
43,Anthony Kim,50.00,1,2,E
43,Jesper Parnevik,50.00,1,2,E
45,Jerry Kelly,.00,0,1,E
45,Colt Knost,.00,0,1,E
45,Matt Kuchar,.00,0,1,E
45,Jarrod Lyle,.00,0,1,E
45,Ryan Palmer,.00,0,1,E
