rank,player,%,Greens Hit,# of holes
1,Davis Love III,73.08,19,26
2,Jimmy Walker,68.00,17,25
3,John Senden,67.86,19,28
4,Steve Marino,66.67,14,21
4,Mark Wilson,66.67,10,15
6,Tim Clark,65.00,13,20
7,Steven Bowditch,63.33,19,30
8,Matt Bettencourt,62.07,18,29
9,Freddie Jacobson,60.00,18,30
10,Brandt Jobe,59.09,13,22
10,Chris Kirk,59.09,13,22
12,Charlie Wi,58.33,14,24
13,Shigeki Maruyama,58.06,18,31
14,Steve Stricker,57.89,11,19
15,Chad Campbell,56.52,13,23
16,Boo Weekley,56.25,9,16
17,Marc Leishman,56.00,14,25
18,Arjun Atwal,55.56,15,27
18,Jeff Overton,55.56,10,18
20,Ernie Els,54.17,13,24
20,Spencer Levin,54.17,13,24
20,Tag Ridings,54.17,13,24
23,Ryan Palmer,53.85,14,26
23,Alex Prugh,53.85,14,26
23,Nate Smith,53.85,14,26
26,Aaron Baddeley,53.57,15,28
27,Matt Kuchar,52.94,9,17
27,Chris Riley,52.94,9,17
29,Brendon de Jonge,52.63,10,19
30,D.J. Brigman,52.00,13,25
30,Jarrod Lyle,52.00,13,25
32,Daniel Summerhays,50.00,12,24
33,Kevin Na,48.00,12,25
33,Rory Sabbatini,48.00,12,25
35,Stuart Appleby,47.62,10,21
35,Jason Day,47.62,10,21
35,Chris DiMarco,47.62,10,21
35,Billy Mayfair,47.62,10,21
39,Anthony Kim,46.15,12,26
40,Justin Rose,44.00,11,25
41,Jason Bohn,43.75,7,16
42,Jason Dufner,42.86,12,28
42,John Merrick,42.86,9,21
44,Matt McQuillan,42.42,14,33
45,Webb Simpson,42.31,11,26
46,Michael Connell,40.74,11,27
47,WC Liang,40.00,12,30
48,Colt Knost,39.13,9,23
49,Jerry Kelly,37.50,6,16
50,Roland Thatcher,36.84,7,19
51,Michael Sim,36.00,9,25
52,Jonathan Byrd,35.00,7,20
53,Cameron Beckman,34.62,9,26
53,Jesper Parnevik,34.62,9,26
55,Kevin Chappell,33.33,7,21
55,Brian Gay,33.33,3,9
