rank,player,%,Greens Hit,Total Holes,Relative to par
1,Arjun Atwal,100.00,13,13,-0.69
1,Cameron Beckman,100.00,12,12,-0.67
1,Tim Clark,100.00,12,12,-0.75
1,Michael Connell,100.00,11,11,-0.55
1,Jason Day,100.00,14,14,-0.93
1,Freddie Jacobson,100.00,12,12,-0.50
1,Brandt Jobe,100.00,15,15,-0.47
1,Spencer Levin,100.00,13,13,-0.62
1,WC Liang,100.00,13,13,-0.54
1,Shigeki Maruyama,100.00,9,9,-0.89
1,Matt McQuillan,100.00,10,10,-0.50
1,John Merrick,100.00,12,12,-0.67
1,Kevin Na,100.00,12,12,-0.58
1,Jeff Overton,100.00,15,15,-0.53
1,Justin Rose,100.00,13,13,-0.69
1,Rory Sabbatini,100.00,12,12,-0.83
1,Roland Thatcher,100.00,13,13,-0.85
1,Jimmy Walker,100.00,13,13,-0.54
19,Ernie Els,93.33,14,15,-0.43
20,Chad Campbell,92.86,13,14,-0.69
20,John Senden,92.86,13,14,-0.54
20,Charlie Wi,92.86,13,14,-0.38
20,Mark Wilson,92.86,13,14,-0.69
24,Webb Simpson,92.31,12,13,-0.17
24,Boo Weekley,92.31,12,13,-1.00
26,D.J. Brigman,91.67,11,12,-0.73
26,Billy Mayfair,91.67,11,12,-0.45
28,Nate Smith,90.91,10,11,-0.70
29,Matt Bettencourt,88.24,15,17,-0.60
30,Jason Dufner,87.50,14,16,-0.57
31,Anthony Kim,86.67,13,15,-0.54
31,Chris Riley,86.67,13,15,-0.46
33,Kevin Chappell,85.71,12,14,-0.67
33,Chris DiMarco,85.71,12,14,-0.58
33,Marc Leishman,85.71,12,14,-0.50
36,Aaron Baddeley,85.00,17,20,-0.59
37,Jonathan Byrd,84.62,11,13,-0.55
37,Chris Kirk,84.62,11,13,-0.55
37,Ryan Palmer,84.62,11,13,-0.55
37,Daniel Summerhays,84.62,11,13,-0.55
41,Steve Marino,84.21,16,19,-0.56
41,Alex Prugh,84.21,16,19,-0.44
43,Jerry Kelly,83.33,10,12,-0.50
43,Colt Knost,83.33,10,12,-0.70
43,Jarrod Lyle,83.33,10,12,-0.60
43,Steve Stricker,83.33,10,12,-0.70
47,Stuart Appleby,81.82,9,11,-1.00
48,Steven Bowditch,81.25,13,16,-0.54
49,Brendon de Jonge,76.92,10,13,-0.40
49,Matt Kuchar,76.92,10,13,-1.00
49,Davis Love III,76.92,10,13,-0.60
49,Jesper Parnevik,76.92,10,13,-0.40
49,Michael Sim,76.92,10,13,-0.50
54,Brian Gay,75.00,9,12,-0.78
54,Tag Ridings,75.00,15,20,-0.33
56,Jason Bohn,71.43,10,14,-0.70
