rank,player,%,Greens Hit,Total Holes,Relative to par
1,Brendon de Jonge,79.66,47,59,-0.21
2,Steve Marino,76.67,46,60,-0.24
3,Chris Kirk,76.19,48,63,-0.15
4,Brandt Jobe,75.86,44,58,-0.09
5,Chris Riley,75.00,45,60,-0.18
6,Matt Bettencourt,74.58,44,59,-0.18
6,Chad Campbell,74.58,44,59,-0.23
8,Ernie Els,74.19,46,62,-0.09
9,Tim Clark,73.33,44,60,-0.16
10,Mark Wilson,72.13,44,61,-0.25
11,Boo Weekley,71.67,43,60,-0.09
12,Stuart Appleby,70.00,42,60,-0.12
12,Jeff Overton,70.00,42,60,-0.19
12,John Senden,70.00,42,60,-0.14
12,Jimmy Walker,70.00,42,60,-0.19
16,Ryan Palmer,69.64,39,56,-0.05
17,Aaron Baddeley,69.49,41,59,-0.15
17,Davis Love III,69.49,41,59,-0.17
19,Jason Bohn,68.33,41,60,-0.12
19,Chris DiMarco,68.33,41,60,-0.15
19,Alex Prugh,68.33,41,60,-0.24
19,Steve Stricker,68.33,41,60,-0.20
23,Freddie Jacobson,67.80,40,59,-0.25
24,D.J. Brigman,67.74,42,62,-0.19
25,Tag Ridings,67.24,39,58,-0.28
26,Jarrod Lyle,67.21,41,61,-0.12
26,Daniel Summerhays,67.21,41,61,-0.22
28,Matt Kuchar,66.67,40,60,-0.18
29,Nate Smith,65.08,41,63,-0.20
30,Brian Gay,63.93,39,61,-0.21
30,Marc Leishman,63.93,39,61,-0.23
30,John Merrick,63.93,39,61,-0.08
30,Michael Sim,63.93,39,61,-0.21
34,Jason Day,63.33,38,60,-0.11
34,Charlie Wi,63.33,38,60,-0.29
36,Colt Knost,62.30,38,61,-0.24
37,Steven Bowditch,61.67,37,60,-0.19
37,Jerry Kelly,61.67,37,60,-0.24
37,Billy Mayfair,61.67,37,60,-0.11
40,Anthony Kim,61.02,36,59,-0.17
41,Jonathan Byrd,60.34,35,58,-0.23
41,Jason Dufner,60.34,35,58,-0.23
43,Justin Rose,60.00,36,60,-0.19
44,Michael Connell,59.02,36,61,-0.14
45,Arjun Atwal,58.33,35,60,-0.31
45,Rory Sabbatini,58.33,35,60,-0.11
47,Spencer Levin,57.63,34,59,-0.38
48,Roland Thatcher,57.38,35,61,-0.26
49,Kevin Chappell,56.45,35,62,-0.17
50,Shigeki Maruyama,56.25,36,64,-0.36
51,Matt McQuillan,55.74,34,61,-0.21
52,Kevin Na,55.00,33,60,-0.21
52,Webb Simpson,55.00,33,60,-0.27
54,Cameron Beckman,51.67,31,60,-0.39
54,WC Liang,51.67,31,60,-0.19
54,Jesper Parnevik,51.67,31,60,-0.29
