rank,player,%,Greens Hit,# Holes,Relative/Par
1,Matt Bettencourt,100.0,1,1,E
1,Jason Bohn,100.0,2,2,-1.00
1,Tim Clark,100.0,1,1,-1.00
1,Jerry Kelly,100.0,1,1,E
1,Chris Kirk,100.0,1,1,E
1,Spencer Levin,100.0,1,1,E
1,Jarrod Lyle,100.0,2,2,E
1,Kevin Na,100.0,1,1,-1.00
1,Jeff Overton,100.0,1,1,E
1,Ryan Palmer,100.0,1,1,E
1,Alex Prugh,100.0,2,2,-2.00
1,Chris Riley,100.0,1,1,E
1,Daniel Summerhays,100.0,4,4,E
1,Roland Thatcher,100.0,1,1,E
1,Mark Wilson,100.0,1,1,E
16,John Senden,80.0,4,5,-1.00
16,Nate Smith,80.0,4,5,-3.00
18,Steven Bowditch,75.0,3,4,-3.00
19,Arjun Atwal,66.7,2,3,-2.00
19,Jason Day,66.7,2,3,E
19,Jason Dufner,66.7,2,3,-1.00
19,Brandt Jobe,66.7,2,3,-1.00
19,Steve Stricker,66.7,4,6,-1.00
19,Jimmy Walker,66.7,2,3,-1.00
25,Stuart Appleby,50.0,1,2,-2.00
25,Cameron Beckman,50.0,1,2,-1.00
25,Michael Connell,50.0,2,4,E
25,Colt Knost,50.0,3,6,-1.00
25,Matt Kuchar,50.0,1,2,E
25,Matt McQuillan,50.0,1,2,E
25,Michael Sim,50.0,1,2,E
32,Marc Leishman,33.3,1,3,E
32,Davis Love III,33.3,1,3,-1.00
32,Billy Mayfair,33.3,1,3,E
32,Rory Sabbatini,33.3,1,3,E
32,Charlie Wi,33.3,1,3,E
37,Aaron Baddeley,.0,0,3,E
37,Jonathan Byrd,.0,0,1,E
37,Chad Campbell,.0,0,2,E
37,Kevin Chappell,.0,0,1,E
37,Brendon de Jonge,.0,0,2,E
37,Ernie Els,.0,0,5,E
37,Freddie Jacobson,.0,0,1,E
37,Anthony Kim,.0,0,1,E
37,John Merrick,.0,0,1,E
37,Jesper Parnevik,.0,0,4,E
37,Justin Rose,.0,0,1,E
37,Webb Simpson,.0,0,1,E
37,Boo Weekley,.0,0,1,E
