rank,player,%,Greens Hit,Total Holes,Relative to par
1,Arjun Atwal,100.00,4,4,-0.50
1,Cameron Beckman,100.00,3,3,-0.33
1,Matt Bettencourt,100.00,1,1,-1.00
1,Tim Clark,100.00,5,5,-0.40
1,Michael Connell,100.00,1,1,E
1,Jason Dufner,100.00,2,2,-0.50
1,Ernie Els,100.00,3,3,E
1,Freddie Jacobson,100.00,4,4,-0.25
1,Brandt Jobe,100.00,2,2,-0.50
1,Anthony Kim,100.00,3,3,-0.33
1,Matt Kuchar,100.00,1,1,-1.00
1,Spencer Levin,100.00,3,3,-0.33
1,WC Liang,100.00,6,6,-0.50
1,Jarrod Lyle,100.00,3,3,-0.67
1,Matt McQuillan,100.00,2,2,E
1,John Merrick,100.00,2,2,-0.50
1,Kevin Na,100.00,1,1,-1.00
1,Jeff Overton,100.00,1,1,E
1,Ryan Palmer,100.00,2,2,E
1,Jesper Parnevik,100.00,1,1,+1.00
1,Alex Prugh,100.00,1,1,-1.00
1,Justin Rose,100.00,1,1,-1.00
1,Rory Sabbatini,100.00,2,2,-1.00
1,Daniel Summerhays,100.00,1,1,E
1,Roland Thatcher,100.00,1,1,-1.00
1,Jimmy Walker,100.00,1,1,E
1,Charlie Wi,100.00,3,3,-0.33
28,D.J. Brigman,66.67,2,3,E
28,Jonathan Byrd,66.67,2,3,E
28,Chad Campbell,66.67,2,3,E
28,Brian Gay,66.67,2,3,-0.50
28,Webb Simpson,66.67,2,3,E
28,Mark Wilson,66.67,2,3,-0.50
34,Stuart Appleby,50.00,1,2,-1.00
34,Jason Bohn,50.00,2,4,-0.50
34,Chris Kirk,50.00,1,2,E
34,Colt Knost,50.00,1,2,E
34,Chris Riley,50.00,2,4,E
34,Michael Sim,50.00,1,2,E
34,Nate Smith,50.00,1,2,-1.00
34,Steve Stricker,50.00,1,2,E
42,Brendon de Jonge,33.33,1,3,E
42,Chris DiMarco,33.33,1,3,-1.00
42,Davis Love III,33.33,1,3,E
42,Tag Ridings,33.33,1,3,+1.00
46,Jerry Kelly,.00,0,1,E
46,Steve Marino,.00,0,1,E
46,John Senden,.00,0,1,E
