rank,player,%,Greens Hit,# of Holes
1,Brandt Jobe,91.18,31,34
2,Chris DiMarco,88.57,31,35
3,Chad Campbell,87.88,29,33
4,Aaron Baddeley,85.71,24,28
5,Chris Kirk,85.29,29,34
6,Matt Bettencourt,85.19,23,27
7,Colt Knost,84.85,28,33
8,Freddie Jacobson,84.62,22,26
9,Ernie Els,84.38,27,32
10,Jeff Overton,84.21,32,38
11,Michael Sim,83.87,26,31
12,Brendon de Jonge,83.78,31,37
13,Cameron Beckman,83.33,25,30
13,Anthony Kim,83.33,25,30
13,Alex Prugh,83.33,25,30
13,Nate Smith,83.33,25,30
17,Jason Day,82.86,29,35
17,John Merrick,82.86,29,35
19,Matt McQuillan,82.61,19,23
20,John Senden,82.14,23,28
21,Roland Thatcher,81.08,30,37
22,Marc Leishman,80.65,25,31
22,Jarrod Lyle,80.65,25,31
22,Justin Rose,80.65,25,31
25,Tim Clark,80.56,29,36
26,Mark Wilson,80.49,33,41
27,Stuart Appleby,80.00,28,35
27,Jason Bohn,80.00,32,40
27,Steve Marino,80.00,28,35
27,Ryan Palmer,80.00,24,30
27,Boo Weekley,80.00,32,40
32,Chris Riley,79.49,31,39
33,Steve Stricker,78.38,29,37
34,Tag Ridings,78.13,25,32
34,Daniel Summerhays,78.13,25,32
34,Charlie Wi,78.13,25,32
37,Jerry Kelly,77.50,31,40
38,D.J. Brigman,77.42,24,31
38,Rory Sabbatini,77.42,24,31
40,Kevin Chappell,77.14,27,35
41,Steven Bowditch,76.92,20,26
41,Matt Kuchar,76.92,30,39
43,Michael Connell,75.86,22,29
44,Jason Dufner,75.00,21,28
45,Kevin Na,74.19,23,31
45,Jimmy Walker,74.19,23,31
47,Davis Love III,73.33,22,30
47,Jesper Parnevik,73.33,22,30
49,WC Liang,73.08,19,26
50,Arjun Atwal,72.41,21,29
51,Jonathan Byrd,72.22,26,36
52,Shigeki Maruyama,72.00,18,25
53,Spencer Levin,71.88,23,32
54,Brian Gay,70.21,33,47
55,Webb Simpson,66.67,20,30
56,Billy Mayfair,62.86,22,35
