rank,player,%,Total Birdies,Total Holes,GIR Rank
1,Jon Rahm,41.67%,30,72,7
1,Cameron Young,41.67%,30,72,7
3,Viktor Hovland,38.89%,28,72,29
4,Tom Hoge,37.50%,27,72,19
4,Max Homa,37.50%,27,72,3
4,Collin Morikawa,37.50%,27,72,3
7,Luke List,36.11%,26,72,7
7,J.J. Spaun,36.11%,26,72,1
7,Justin Thomas,36.11%,26,72,11
7,Aaron Wise,36.11%,26,72,19
11,Patrick Cantlay,34.72%,25,72,19
11,Sungjae Im,34.72%,25,72,11
11,Tom Kim,34.72%,25,72,19
11,K.H. Lee,34.72%,25,72,1
11,Scottie Scheffler,34.72%,25,72,11
16,Tony Finau,33.33%,24,72,19
16,Hideki Matsuyama,33.33%,24,72,34
16,Scott Stallings,33.33%,24,72,29
16,Will Zalatoris,33.33%,24,72,7
20,Matt Fitzpatrick,31.94%,23,72,26
20,Brian Harman,31.94%,23,72,37
20,J.T. Poston,31.94%,23,72,11
20,Jordan Spieth,31.94%,23,72,32
20,Sepp Straka,31.94%,23,72,3
25,Corey Conners,30.56%,22,72,11
25,Mackenzie Hughes,30.56%,22,72,29
27,Sam Burns,29.17%,21,72,26
28,Billy Horschel,27.78%,20,72,11
28,Trey Mullinax,27.78%,20,72,34
28,Seamus Power,27.78%,20,72,34
28,Adam Scott,27.78%,20,72,32
32,Russell Henley,26.39%,19,72,3
32,Chad Ramey,26.39%,19,72,37
34,Ryan Brehm,25.00%,18,72,19
34,Sahith Theegala,25.00%,18,72,19
36,Chez Reavie,23.61%,17,72,11
37,Keegan Bradley,22.22%,16,72,11
37,Adam Svensson,22.22%,16,72,26
