rank,player,Avg,Total Strokes,Total Adjustment,Total Rounds
1,Jon Rahm,70.324,265,16.295,4
2,Collin Morikawa,70.824,267,16.295,4
3,Tom Hoge,71.324,269,16.295,4
3,Max Homa,71.324,269,16.295,4
5,Tom Kim,71.574,270,16.295,4
5,J.J. Spaun,71.574,270,16.295,4
7,Tony Finau,71.824,271,16.295,4
7,Matt Fitzpatrick,71.824,271,16.295,4
7,K.H. Lee,71.824,271,16.295,4
7,Scottie Scheffler,71.824,271,16.295,4
11,Luke List,72.074,272,16.295,4
11,Will Zalatoris,72.074,272,16.295,4
13,Sungjae Im,72.324,273,16.295,4
13,Jordan Spieth,72.324,273,16.295,4
13,Cameron Young,72.324,273,16.295,4
16,Patrick Cantlay,72.574,274,16.295,4
16,Brian Harman,72.574,274,16.295,4
18,Corey Conners,72.824,275,16.295,4
18,Viktor Hovland,72.824,275,16.295,4
18,Aaron Wise,72.824,275,16.295,4
21,Mackenzie Hughes,73.074,276,16.295,4
21,Hideki Matsuyama,73.074,276,16.295,4
21,J.T. Poston,73.074,276,16.295,4
21,Sepp Straka,73.074,276,16.295,4
25,Seamus Power,73.324,277,16.295,4
25,Scott Stallings,73.324,277,16.295,4
25,Justin Thomas,73.324,277,16.295,4
28,Trey Mullinax,73.574,278,16.295,4
29,Adam Scott,73.824,279,16.295,4
30,Russell Henley,74.074,280,16.295,4
30,Billy Horschel,74.074,280,16.295,4
32,Sam Burns,74.324,281,16.295,4
33,Sahith Theegala,74.574,282,16.295,4
34,Keegan Bradley,74.824,283,16.295,4
35,Ryan Brehm,75.324,285,16.295,4
35,Chez Reavie,75.324,285,16.295,4
37,Adam Svensson,75.824,287,16.295,4
38,Chad Ramey,76.574,290,16.295,4
