rank,player,%,Attempts,Putts made
1,Rory Sabbatini,20.00,20,4
2,Jonathan Byrd,19.23,26,5
3,Webb Simpson,17.65,17,3
4,Johnson Wagner,16.00,25,4
5,Ben Crane,13.64,22,3
5,Bryce Molder,13.64,22,3
7,Scott Piercy,12.50,24,3
8,Harrison Frazar,10.53,19,2
9,Mark Wilson,10.00,30,3
10,Michael Bradley,9.52,21,2
11,D.A. Points,9.09,22,2
12,Chris Kirk,7.14,14,1
13,Jhonattan Vegas,6.67,15,1
14,Bill Haas,6.45,31,2
15,Martin Laird,6.25,16,1
16,Sean O'Hair,5.26,19,1
17,Steve Stricker,4.76,21,1
17,Bubba Watson,4.76,21,1
19,Nick Watney,4.55,22,1
20,Keegan Bradley,4.35,23,1
21,Scott Stallings,4.17,24,1
22,Gary Woodland,3.45,29,1
23,Aaron Baddeley,.00,19,-
23,K.J. Choi,.00,21,-
23,Kevin Na,.00,21,-
23,Brendan Steele,.00,19,-
23,David Toms,.00,20,-
