rank,player,%,Attempts,Putts made
1,Ben Crane,60.00,5,3
2,D.A. Points,37.50,8,3
3,Harrison Frazar,33.33,6,2
4,Scott Piercy,28.57,7,2
5,David Toms,25.00,4,1
5,Johnson Wagner,25.00,4,1
7,Kevin Na,22.22,9,2
8,Scott Stallings,20.00,10,2
9,Nick Watney,18.18,11,2
10,Aaron Baddeley,14.29,7,1
10,Jonathan Byrd,14.29,7,1
10,Bryce Molder,14.29,7,1
13,Keegan Bradley,12.50,8,1
13,Martin Laird,12.50,8,1
13,Steve Stricker,12.50,8,1
16,Chris Kirk,11.11,9,1
16,Jhonattan Vegas,11.11,9,1
18,K.J. Choi,10.00,10,1
19,Michael Bradley,.00,7,-
19,Bill Haas,.00,6,-
19,Sean O'Hair,.00,7,-
19,Rory Sabbatini,.00,4,-
19,Webb Simpson,.00,9,-
19,Brendan Steele,.00,11,-
19,Bubba Watson,.00,7,-
19,Mark Wilson,.00,9,-
19,Gary Woodland,.00,4,-
