rank,player,% Made,Attempts,Putts Made
1,Johnson Wagner,5.00,4,2
2,Keegan Bradley,2.00,5,1
2,Martin Laird,2.00,5,1
2,Bryce Molder,2.00,5,1
2,Sean O'Hair,2.00,5,1
2,Rory Sabbatini,2.00,5,1
7,D.A. Points,1.67,6,1
8,Steve Stricker,1.25,8,1
9,Bill Haas,1.00,10,1
10,Aaron Baddeley,.00,3,-
10,Michael Bradley,.00,3,-
10,Jonathan Byrd,.00,1,-
10,K.J. Choi,.00,6,-
10,Ben Crane,.00,4,-
10,Harrison Frazar,.00,4,-
10,Kevin Na,.00,5,-
10,Scott Piercy,.00,4,-
10,Webb Simpson,.00,1,-
10,Scott Stallings,.00,3,-
10,Brendan Steele,.00,2,-
10,David Toms,.00,2,-
10,Jhonattan Vegas,.00,4,-
10,Nick Watney,.00,3,-
10,Bubba Watson,.00,5,-
10,Mark Wilson,.00,4,-
10,Gary Woodland,.00,8,-
