rank,player,%,Attempts,Putts made
1,Martin Laird,50.00,2,1
1,Steve Stricker,50.00,4,2
3,Sean O'Hair,22.22,9,2
4,K.J. Choi,20.00,5,1
4,Rory Sabbatini,20.00,5,1
4,Webb Simpson,20.00,5,1
7,David Toms,16.67,6,1
8,Harrison Frazar,14.29,7,1
8,Scott Piercy,14.29,7,1
10,Chris Kirk,9.09,11,1
11,Aaron Baddeley,.00,5,-
11,Keegan Bradley,.00,6,-
11,Michael Bradley,.00,9,-
11,Jonathan Byrd,.00,5,-
11,Ben Crane,.00,6,-
11,Bill Haas,.00,5,-
11,Bryce Molder,.00,6,-
11,Kevin Na,.00,1,-
11,D.A. Points,.00,8,-
11,Scott Stallings,.00,3,-
11,Brendan Steele,.00,3,-
11,Jhonattan Vegas,.00,5,-
11,Johnson Wagner,.00,5,-
11,Nick Watney,.00,4,-
11,Bubba Watson,.00,6,-
11,Mark Wilson,.00,4,-
11,Gary Woodland,.00,5,-
