rank,player,% Made,Attempts,Putts Made
1,Harrison Frazar,2.22,9,2
1,Rory Sabbatini,2.22,9,2
3,Webb Simpson,2.00,5,1
4,Ben Crane,1.88,16,3
5,Scott Piercy,1.43,14,2
6,Jhonattan Vegas,1.11,9,1
7,Nick Watney,1.00,10,1
8,Bryce Molder,.83,12,1
9,Bill Haas,.77,13,1
9,Scott Stallings,.77,13,1
11,Michael Bradley,.71,14,1
11,Mark Wilson,.71,14,1
13,Gary Woodland,.67,15,1
14,Johnson Wagner,.63,16,1
15,Aaron Baddeley,.00,9,-
15,Keegan Bradley,.00,12,-
15,Jonathan Byrd,.00,14,-
15,K.J. Choi,.00,10,-
15,Chris Kirk,.00,10,-
15,Martin Laird,.00,10,-
15,Kevin Na,.00,13,-
15,Sean O'Hair,.00,12,-
15,D.A. Points,.00,10,-
15,Brendan Steele,.00,15,-
15,Steve Stricker,.00,7,-
15,David Toms,.00,12,-
15,Bubba Watson,.00,10,-
