rank,player,% Made,Attempts,Putts Made
1,Jonathan Byrd,4.55,11,5
2,Michael Bradley,2.50,4,1
2,Chris Kirk,2.50,4,1
4,Bryce Molder,2.00,5,1
4,Johnson Wagner,2.00,5,1
6,Webb Simpson,1.82,11,2
7,Scott Piercy,1.67,6,1
7,D.A. Points,1.67,6,1
7,Rory Sabbatini,1.67,6,1
7,Bubba Watson,1.67,6,1
7,Mark Wilson,1.67,12,2
12,Aaron Baddeley,.00,7,-
12,Keegan Bradley,.00,6,-
12,K.J. Choi,.00,5,-
12,Ben Crane,.00,2,-
12,Harrison Frazar,.00,6,-
12,Bill Haas,.00,8,-
12,Martin Laird,.00,1,-
12,Kevin Na,.00,3,-
12,Sean O'Hair,.00,2,-
12,Scott Stallings,.00,8,-
12,Brendan Steele,.00,2,-
12,Steve Stricker,.00,6,-
12,David Toms,.00,6,-
12,Jhonattan Vegas,.00,2,-
12,Nick Watney,.00,9,-
12,Gary Woodland,.00,6,-
