rank,player,%,Attempts,Non-Attempts
1,Gary Woodland,93.75,15,1
2,Harris English,81.25,13,3
2,Dustin Johnson,81.25,13,3
2,Michael Thompson,81.25,13,3
5,Jason Dufner,75.00,12,4
5,Chris Kirk,75.00,12,4
5,Martin Laird,75.00,12,4
5,John Merrick,75.00,12,4
5,Adam Scott,75.00,12,4
5,Jordan Spieth,75.00,12,4
11,Scott Brown,68.75,11,5
11,Derek Ernst,68.75,11,5
11,Billy Horschel,68.75,11,5
11,Matt Kuchar,68.75,11,5
11,Jimmy Walker,68.75,11,5
16,Woody Austin,62.50,10,6
16,Sangmoon Bae,62.50,10,6
16,Jonas Blixt,62.50,10,6
16,Bill Haas,62.50,10,6
16,Russell Henley,62.50,10,6
16,Zach Johnson,62.50,10,6
16,Ryan Moore,62.50,10,6
16,D.A. Points,62.50,10,6
16,Brandt Snedeker,62.50,10,6
16,Kevin Streelman,62.50,10,6
16,Boo Weekley,62.50,10,6
27,Patrick Reed,56.25,9,7
27,Webb Simpson,56.25,9,7
29,Ken Duke,50.00,8,8
29,Brian Gay,50.00,8,8
