rank,player,Avg,Total Dist after GFG Shot,Total GFG Shots
1,Ryan Moore,15.7,"6,802.000",12
2,Chris Kirk,16.3,"8,220.000",14
3,D.A. Points,17.0,"6,739.000",11
4,Dustin Johnson,17.6,"10,748.000",17
5,Martin Laird,18.2,"9,845.000",15
5,Webb Simpson,18.2,"8,510.000",13
7,Jimmy Walker,19.1,"10,319.000",15
8,Michael Thompson,19.3,"9,037.000",13
9,Woody Austin,21.0,"7,545.000",10
10,Jordan Spieth,21.8,"12,553.000",16
11,Brian Gay,23.1,"7,483.000",9
12,Jason Dufner,23.3,"11,732.000",14
13,Harris English,23.4,"11,807.000",14
14,John Merrick,23.7,"13,647.000",16
15,Bill Haas,24.2,"9,597.000",11
16,Sangmoon Bae,24.4,"13,157.000",15
17,Ken Duke,24.6,"7,096.000",8
18,Brandt Snedeker,25.1,"10,847.000",12
19,Matt Kuchar,25.4,"12,800.000",14
20,Russell Henley,25.6,"10,147.000",11
21,Derek Ernst,25.7,"10,183.000",11
22,Jonas Blixt,26.4,"13,281.000",14
23,Billy Horschel,26.7,"14,401.000",15
24,Boo Weekley,27.1,"14,635.000",15
25,Zach Johnson,27.7,"12,971.000",13
26,Kevin Streelman,29.8,"12,894.000",12
27,Patrick Reed,30.7,"12,153.000",11
28,Gary Woodland,33.5,"22,897.000",19
29,Adam Scott,35.3,"21,629.000",17
30,Scott Brown,46.3,"25,007.000",15
