rank,player,%,Successes,Attempts,RTP-Successes,RTP-Not going for the grn
1,Chris Kirk,64.29,9,14,-8,-1.00
2,Martin Laird,60.00,9,15,-10,+1.00
3,Ryan Moore,58.33,7,12,-9,-1.00
4,Harris English,57.14,8,14,-6,E
5,D.A. Points,54.55,6,11,-6,-3.00
6,Dustin Johnson,52.94,9,17,-9,E
7,Woody Austin,50.00,5,10,-5,-4.00
8,Jimmy Walker,46.67,7,15,-8,+2.00
9,Zach Johnson,46.15,6,13,-5,-1.00
9,Webb Simpson,46.15,6,13,-6,-3.00
9,Michael Thompson,46.15,6,13,-6,-3.00
12,Derek Ernst,45.45,5,11,-4,-1.00
13,Jonas Blixt,42.86,6,14,-5,+2.00
13,Jason Dufner,42.86,6,14,-7,-1.00
15,Brandt Snedeker,41.67,5,12,-6,-2.00
16,Gary Woodland,36.84,7,19,-7,E
17,Bill Haas,36.36,4,11,-3,-4.00
18,Matt Kuchar,35.71,5,14,-5,E
19,Adam Scott,35.29,6,17,-6,-4.00
20,Brian Gay,33.33,3,9,-4,-2.00
20,Kevin Streelman,33.33,4,12,-5,-1.00
22,John Merrick,31.25,5,16,-5,+1.00
23,Russell Henley,27.27,3,11,-2,E
24,Billy Horschel,26.67,4,15,-4,+1.00
25,Ken Duke,25.00,2,8,-2,-3.00
25,Jordan Spieth,25.00,4,16,-4,-2.00
27,Sangmoon Bae,20.00,3,15,-3,-3.00
27,Scott Brown,20.00,3,15,-2,E
27,Boo Weekley,20.00,3,15,-3,+1.00
30,Patrick Reed,18.18,2,11,-2,+3.00
