rank,player,%,# of Birdie or Better,Attempts,RTP-Successes,RTP-Not going for the grn
1,Woody Austin,90.00,9,10,-9,-4.00
2,Ken Duke,87.50,7,8,-7,-3.00
3,Jimmy Walker,86.67,13,15,-15,+2.00
4,Chris Kirk,85.71,12,14,-12,-1.00
5,Michael Thompson,84.62,11,13,-11,-3.00
6,Webb Simpson,76.92,10,13,-10,-3.00
7,Dustin Johnson,76.47,13,17,-14,E
8,Brandt Snedeker,75.00,9,12,-10,-2.00
9,Gary Woodland,73.68,14,19,-14,E
10,Billy Horschel,73.33,11,15,-11,+1.00
11,D.A. Points,72.73,8,11,-8,-3.00
12,Jonas Blixt,71.43,10,14,-10,+2.00
12,Matt Kuchar,71.43,10,14,-10,E
14,Jordan Spieth,68.75,11,16,-11,-2.00
15,Scott Brown,66.67,10,15,-10,E
15,Martin Laird,66.67,10,15,-11,+1.00
15,Ryan Moore,66.67,8,12,-10,-1.00
18,Adam Scott,64.71,11,17,-12,-4.00
19,Jason Dufner,64.29,9,14,-11,-1.00
19,Harris English,64.29,9,14,-9,E
21,Bill Haas,63.64,7,11,-7,-4.00
21,Patrick Reed,63.64,7,11,-8,+3.00
23,John Merrick,56.25,9,16,-9,+1.00
24,Zach Johnson,53.85,7,13,-8,-1.00
25,Derek Ernst,45.45,5,11,-5,-1.00
26,Kevin Streelman,41.67,5,12,-6,-1.00
27,Russell Henley,36.36,4,11,-4,E
28,Sangmoon Bae,33.33,5,15,-6,-3.00
28,Brian Gay,33.33,3,9,-4,-2.00
28,Boo Weekley,33.33,5,15,-6,+1.00
