rank,player,%,Attempts,Non-Attempts,RTP-Going for the green,RTP-Not going for the grn
1,Gary Woodland,90.48,19,2,-12,E
2,Dustin Johnson,80.95,17,4,-14,E
3,John Merrick,76.19,16,5,-8,+1
3,Adam Scott,76.19,16,5,-10,-4
3,Jordan Spieth,76.19,16,5,-11,-2
6,Sangmoon Bae,71.43,15,6,-5,-3
6,Scott Brown,71.43,15,6,-8,E
6,Billy Horschel,71.43,15,6,-11,+1
6,Martin Laird,71.43,15,6,-11,+1
6,Jimmy Walker,71.43,15,6,-15,+2
11,Jonas Blixt,66.67,14,7,-10,+2
11,Jason Dufner,66.67,14,7,-11,-1
11,Chris Kirk,66.67,14,7,-12,-1
11,Matt Kuchar,66.67,14,7,-9,E
15,Harris English,61.90,13,8,-9,E
15,Zach Johnson,61.90,13,8,-7,-1
15,Webb Simpson,61.90,13,8,-10,-3
15,Michael Thompson,61.90,13,8,-11,-3
15,Boo Weekley,61.90,13,8,-6,+1
20,Ryan Moore,57.14,12,9,-10,-1
20,Brandt Snedeker,57.14,12,9,-10,-2
20,Kevin Streelman,57.14,12,9,-5,-1
23,Derek Ernst,52.38,11,10,-3,-1
23,Bill Haas,52.38,11,10,-7,-4
23,Russell Henley,52.38,11,10,E,E
23,D.A. Points,52.38,11,10,-7,-3
27,Woody Austin,47.62,10,11,-8,-4
27,Patrick Reed,47.62,10,11,-8,+3
29,Brian Gay,42.86,9,12,-4,-2
30,Ken Duke,38.10,8,13,-7,-3
