rank,player,Avg,Total Strokes,Total Rounds
1,Sean O'Hair,65.00,65,1
2,Ernie Els,67.00,67,1
2,Dustin Johnson,67.00,67,1
2,Zach Johnson,67.00,67,1
2,Chez Reavie,67.00,67,1
6,Carl Pettersson,68.00,68,1
7,Trevor Immelman,69.00,69,1
7,Will MacKenzie,69.00,69,1
7,Johnson Wagner,69.00,69,1
10,Cameron Beckman,70.00,70,1
10,Ryuji Imada,70.00,70,1
10,Adam Scott,70.00,70,1
13,Brian Gay,71.00,71,1
13,Parker McLachlin,71.00,71,1
15,Daniel Chopra,72.00,72,1
15,Steve Lowery,72.00,72,1
17,Stewart Cink,74.00,74,1
18,Greg Kraft,75.00,75,1
