rank,player,Avg,Total Strokes,Total Rounds
1,Geoff Ogilvy,67.00,67,1
2,Kenny Perry,68.00,68,1
2,Johnson Wagner,68.00,68,1
4,Davis Love III,69.00,69,1
4,Steve Lowery,69.00,69,1
4,Sean O'Hair,69.00,69,1
7,Zach Johnson,71.00,71,1
8,Brian Gay,72.00,72,1
8,Dustin Johnson,72.00,72,1
8,Richard Johnson,72.00,72,1
8,Greg Kraft,72.00,72,1
8,Will MacKenzie,72.00,72,1
13,Stewart Cink,74.00,74,1
14,Cameron Beckman,76.00,76,1
15,Parker McLachlin,77.00,77,1
16,Ryan Palmer,78.00,78,1
17,Marc Turnesa,79.00,79,1
