rank,player,Avg,Total Strokes,Total Rounds
1,Zach Johnson,64.00,64,1
2,Cameron Beckman,66.00,66,1
2,K.J. Choi,66.00,66,1
4,Daniel Chopra,67.00,67,1
5,Dustin Johnson,68.00,68,1
5,Greg Kraft,68.00,68,1
5,Chez Reavie,68.00,68,1
8,Trevor Immelman,69.00,69,1
8,Parker McLachlin,69.00,69,1
10,Steve Lowery,70.00,70,1
10,Carl Pettersson,70.00,70,1
10,Marc Turnesa,70.00,70,1
13,Richard Johnson,71.00,71,1
13,Andres Romero,71.00,71,1
13,Vijay Singh,71.00,71,1
16,J.B. Holmes,72.00,72,1
16,Ryan Palmer,72.00,72,1
