rank,player,Avg,Total Strokes,Total Rounds
1,Stewart Cink,67.00,67,1
1,Justin Leonard,67.00,67,1
1,Adam Scott,67.00,67,1
1,Camilo Villegas,67.00,67,1
5,Daniel Chopra,69.00,69,1
5,Parker McLachlin,69.00,69,1
7,Brian Gay,70.00,70,1
7,Chez Reavie,70.00,70,1
9,Richard Johnson,72.00,72,1
9,Carl Pettersson,72.00,72,1
11,Cameron Beckman,73.00,73,1
11,Vijay Singh,73.00,73,1
11,Marc Turnesa,73.00,73,1
14,Trevor Immelman,74.00,74,1
14,Andres Romero,74.00,74,1
16,J.B. Holmes,75.00,75,1
16,Ryan Palmer,75.00,75,1
