rank,player,Low Rnd
1,Zach Johnson,64
2,Sean O'Hair,65
3,Cameron Beckman,66
3,K.J. Choi,66
5,Daniel Chopra,67
5,Stewart Cink,67
5,Ernie Els,67
5,Dustin Johnson,67
5,Justin Leonard,67
5,Geoff Ogilvy,67
5,Adam Scott,67
5,Camilo Villegas,67
13,Greg Kraft,68
13,Kenny Perry,68
13,Chez Reavie,68
13,Johnson Wagner,68
17,Trevor Immelman,69
17,Davis Love III,69
17,Steve Lowery,69
17,Will MacKenzie,69
17,Parker McLachlin,69
22,Brian Gay,70
22,Carl Pettersson,70
22,Marc Turnesa,70
25,Richard Johnson,71
25,Andres Romero,71
25,Vijay Singh,71
28,J.B. Holmes,72
28,Ryan Palmer,72
