rank,player,Low Rnd
1,Zach Johnson,64
2,Sean O'Hair,65
3,Cameron Beckman,66
3,K.J. Choi,66
5,Daniel Chopra,67
5,Stewart Cink,67
5,Ernie Els,67
5,Dustin Johnson,67
5,Justin Leonard,67
5,Geoff Ogilvy,67
5,Chez Reavie,67
5,Adam Scott,67
5,Camilo Villegas,67
14,Greg Kraft,68
14,Kenny Perry,68
14,Carl Pettersson,68
14,Johnson Wagner,68
18,Trevor Immelman,69
18,Davis Love III,69
18,Steve Lowery,69
18,Will MacKenzie,69
18,Parker McLachlin,69
23,Brian Gay,70
23,Ryuji Imada,70
23,Marc Turnesa,70
26,Richard Johnson,71
26,Andres Romero,71
26,Vijay Singh,71
29,J.B. Holmes,72
29,Ryan Palmer,72
