rank,player,Avg,Total Strokes,Tot. Early Rds.(1st tee)
1,K.J. Choi,66.00,66,1
2,Ernie Els,67.00,67,1
2,Justin Leonard,67.00,67,1
2,Sean O'Hair,67.00,134,2
2,Geoff Ogilvy,67.00,67,1
2,Adam Scott,67.00,67,1
2,Camilo Villegas,67.00,67,1
8,Zach Johnson,67.33,202,3
9,Daniel Chopra,68.00,136,2
9,Kenny Perry,68.00,68,1
11,Johnson Wagner,68.50,137,2
12,Dustin Johnson,69.00,207,3
12,Davis Love III,69.00,69,1
12,Chez Reavie,69.00,138,2
15,Steve Lowery,69.50,139,2
16,Will MacKenzie,70.50,141,2
17,Brian Gay,71.00,213,3
17,Carl Pettersson,71.00,142,2
19,Trevor Immelman,71.50,143,2
20,Cameron Beckman,71.67,215,3
20,Stewart Cink,71.67,215,3
20,Richard Johnson,71.67,215,3
20,Greg Kraft,71.67,215,3
20,Parker McLachlin,71.67,215,3
25,Vijay Singh,72.00,144,2
26,Andres Romero,72.50,145,2
27,J.B. Holmes,73.50,147,2
28,Marc Turnesa,74.00,222,3
29,Ryan Palmer,75.00,225,3
