rank,player,Avg,Total Strokes,Total Early Rounds
1,K.J. Choi,66.00,66,1
2,Ernie Els,67.00,67,1
2,Justin Leonard,67.00,67,1
2,Sean O'Hair,67.00,134,2
2,Geoff Ogilvy,67.00,67,1
2,Camilo Villegas,67.00,67,1
7,Zach Johnson,67.33,202,3
8,Kenny Perry,68.00,68,1
9,Chez Reavie,68.33,205,3
10,Adam Scott,68.50,137,2
10,Johnson Wagner,68.50,137,2
12,Dustin Johnson,69.00,207,3
12,Davis Love III,69.00,69,1
14,Daniel Chopra,69.33,208,3
15,Ryuji Imada,70.00,70,1
15,Carl Pettersson,70.00,210,3
17,Steve Lowery,70.33,211,3
18,Will MacKenzie,70.50,141,2
19,Trevor Immelman,70.67,212,3
20,Brian Gay,71.00,213,3
21,Cameron Beckman,71.25,285,4
22,Parker McLachlin,71.50,286,4
23,Stewart Cink,71.67,215,3
23,Richard Johnson,71.67,215,3
23,Greg Kraft,71.67,215,3
26,Vijay Singh,72.00,144,2
27,Andres Romero,72.50,145,2
28,J.B. Holmes,73.50,147,2
29,Marc Turnesa,74.00,222,3
30,Ryan Palmer,75.00,225,3
