rank,player,Avg RTP
1,Jason Dufner,-.317
2,Marc Leishman,-.295
3,Ryuji Imada,-.289
4,Jimmy Walker,-.277
5,Will Wilcox,-.273
6,Greg Chalmers,-.262
7,Brendon Todd,-.250
8,Harris English,-.244
8,Ryan Palmer,-.244
10,Jason Kokrak,-.239
11,Jerry Kelly,-.234
12,Robert Allenby,-.224
13,Spencer Levin,-.222
14,Zach Johnson,-.220
15,Brice Garnett,-.217
16,Hudson Swafford,-.216
17,Chad Collins,-.209
18,Hideto Tanihara,-.208
19,Matt Every,-.205
20,John Senden,-.200
21,Jeff Overton,-.195
21,Boo Weekley,-.195
23,Stewart Cink,-.191
23,Chris Kirk,-.191
23,Daniel Summerhays,-.191
26,Michael Putnam,-.190
27,Brian Stuard,-.184
28,Chris Stroud,-.178
29,Matt Kuchar,-.174
30,Charlie Beljan,-.173
31,Charles Howell III,-.171
32,Ben Martin,-.170
33,Kevin Na,-.167
34,John Peterson,-.163
35,Retief Goosen,-.159
36,Mark Wilson,-.148
37,David Hearn,-.146
37,D.A. Points,-.146
37,John Rollins,-.146
40,Justin Leonard,-.143
40,Tyrone Van Aswegen,-.143
42,Brian Harman,-.140
42,Y.E. Yang,-.140
44,Tim Herron,-.133
45,K.J. Choi,-.128
46,Sangmoon Bae,-.125
47,James Hahn,-.122
48,William McGirt,-.116
49,John Daly,-.114
50,Ricky Barnes,-.111
51,Heath Slocum,-.109
52,Russell Henley,-.096
53,Adam Scott,-.095
54,Pat Perez,-.085
55,Brendon de Jonge,-.082
56,Billy Hurley III,-.078
57,S.Y. Noh,-.077
57,Charlie Wi,-.077
59,Morgan Hoffmann,-.071
60,Peter Malnati,-.063
61,Stuart Appleby,-.047
62,Scott Brown,-.041
63,Brian Gay,-.040
64,Steven Bowditch,-.039
65,Hyung-Sung Kim,-.038
66,Justin Hicks,-.037
67,Paul Goydos,-.020
68,Tim Wilkinson,E
69,Robert Streb,+.028
70,Tommy Gainey,+.050
71,Derek Tolan,+.059
