rank,player,Avg RTP
1,Chad Collins,-1.000
1,Ryuji Imada,-1.000
3,Zach Johnson,-.750
3,Boo Weekley,-.750
3,Will Wilcox,-.750
6,Jason Dufner,-.667
6,Harris English,-.667
6,Matt Every,-.667
6,Brice Garnett,-.667
6,Pat Perez,-.667
6,Brian Stuard,-.667
12,James Hahn,-.600
13,John Peterson,-.571
14,Hyung-Sung Kim,-.500
14,Justin Leonard,-.500
14,Michael Putnam,-.500
14,Jimmy Walker,-.500
18,Ben Martin,-.429
19,Spencer Levin,-.375
20,Robert Allenby,-.333
20,Stuart Appleby,-.333
20,Scott Brown,-.333
20,Greg Chalmers,-.333
20,Russell Henley,-.333
20,Justin Hicks,-.333
20,Jerry Kelly,-.333
20,Jason Kokrak,-.333
20,Peter Malnati,-.333
20,William McGirt,-.333
20,Heath Slocum,-.333
31,Stewart Cink,-.250
31,Retief Goosen,-.250
31,Tim Herron,-.250
31,Charles Howell III,-.250
31,Jeff Overton,-.250
31,Ryan Palmer,-.250
31,Adam Scott,-.250
31,Robert Streb,-.250
39,Charlie Beljan,-.222
40,Paul Goydos,-.200
40,Chris Kirk,-.200
40,Matt Kuchar,-.200
40,Kevin Na,-.200
40,Tim Wilkinson,-.200
45,D.A. Points,-.167
46,Sangmoon Bae,-.143
46,Tyrone Van Aswegen,-.143
48,Brian Harman,-.111
49,Ricky Barnes,E
49,K.J. Choi,E
49,Brian Gay,E
49,Morgan Hoffmann,E
49,Marc Leishman,E
49,S.Y. Noh,E
49,John Rollins,E
49,Daniel Summerhays,E
49,Hudson Swafford,E
49,Mark Wilson,E
49,Y.E. Yang,E
60,David Hearn,+.125
61,Steven Bowditch,+.167
62,Brendon Todd,+.200
63,Chris Stroud,+.250
64,John Daly,+.333
64,Hideto Tanihara,+.333
64,Charlie Wi,+.333
67,Tommy Gainey,+.375
68,Billy Hurley III,+.500
68,Derek Tolan,+.500
