rank,player,%,Total Birdies,Total Holes
1,Ben Martin,42.86,3,7
2,Retief Goosen,33.33,3,9
2,Billy Hurley III,33.33,2,6
2,John Peterson,33.33,3,9
2,Brian Stuard,33.33,3,9
6,Zach Johnson,30.00,3,10
7,Brian Gay,28.57,2,7
7,Charles Howell III,28.57,4,14
7,Jerry Kelly,28.57,4,14
10,Harris English,25.00,3,12
10,Brian Harman,25.00,2,8
10,Michael Putnam,25.00,2,8
10,Hudson Swafford,25.00,1,4
10,Tyrone Van Aswegen,25.00,2,8
15,Stewart Cink,22.22,2,9
15,Heath Slocum,22.22,2,9
15,Derek Tolan,22.22,4,18
18,Robert Allenby,21.43,3,14
18,Chris Stroud,21.43,3,14
20,Hideto Tanihara,20.00,2,10
20,Tim Wilkinson,20.00,2,10
22,Kevin Na,18.75,3,16
23,Steven Bowditch,18.18,2,11
23,Peter Malnati,18.18,2,11
25,Sangmoon Bae,16.67,1,6
25,Pat Perez,16.67,1,6
27,Stuart Appleby,15.38,2,13
27,John Daly,15.38,2,13
27,Matt Kuchar,15.38,2,13
27,S.Y. Noh,15.38,2,13
27,D.A. Points,15.38,2,13
32,Ryuji Imada,15.00,3,20
32,Jeff Overton,15.00,3,20
34,Will Wilcox,14.29,2,14
35,Tommy Gainey,13.33,2,15
36,Ricky Barnes,12.50,2,16
36,Spencer Levin,12.50,1,8
36,John Rollins,12.50,1,8
36,Adam Scott,12.50,1,8
36,Robert Streb,12.50,2,16
36,Brendon Todd,12.50,1,8
36,Boo Weekley,12.50,1,8
36,Charlie Wi,12.50,1,8
44,K.J. Choi,11.11,1,9
44,Jimmy Walker,11.11,1,9
46,Greg Chalmers,10.00,1,10
46,Paul Goydos,10.00,1,10
46,William McGirt,10.00,1,10
49,Brendon de Jonge,8.33,1,12
49,Matt Every,8.33,1,12
49,Ryan Palmer,8.33,1,12
49,Y.E. Yang,8.33,1,12
53,Jason Dufner,7.69,1,13
53,Daniel Summerhays,7.69,1,13
55,Jason Kokrak,6.67,1,15
56,Charlie Beljan,.00,0,10
56,Scott Brown,.00,0,8
56,Chad Collins,.00,0,18
56,Brice Garnett,.00,0,12
56,James Hahn,.00,0,10
56,David Hearn,.00,0,7
56,Russell Henley,.00,0,8
56,Tim Herron,.00,0,6
56,Justin Hicks,.00,0,7
56,Morgan Hoffmann,.00,0,13
56,Hyung-Sung Kim,.00,0,5
56,Chris Kirk,.00,0,8
56,Marc Leishman,.00,0,13
56,Justin Leonard,.00,0,8
56,John Senden,.00,0,7
56,Mark Wilson,.00,0,6
