rank,player,Avg RTP
1,Robert Allenby,-.667
2,Ryuji Imada,-.625
2,Spencer Levin,-.625
4,Steven Bowditch,-.571
4,Chris Stroud,-.571
4,Brian Stuard,-.571
7,Matt Kuchar,-.556
8,Billy Hurley III,-.545
9,Stewart Cink,-.500
9,Zach Johnson,-.500
9,Mark Wilson,-.500
12,Hudson Swafford,-.444
13,Jerry Kelly,-.429
13,Pat Perez,-.429
13,John Senden,-.429
16,Chris Kirk,-.375
16,Tyrone Van Aswegen,-.375
16,Charlie Wi,-.375
16,Y.E. Yang,-.375
20,Brendon Todd,-.364
21,John Daly,-.333
21,Jason Dufner,-.333
21,Justin Hicks,-.333
21,Justin Leonard,-.333
25,Jeff Overton,-.286
25,Will Wilcox,-.286
27,William McGirt,-.273
28,Charles Howell III,-.250
29,Chad Collins,-.222
29,Hyung-Sung Kim,-.222
29,Tim Wilkinson,-.222
32,K.J. Choi,-.200
32,Paul Goydos,-.200
32,Tim Herron,-.200
32,Ryan Palmer,-.200
32,Heath Slocum,-.200
32,Daniel Summerhays,-.200
32,Hideto Tanihara,-.200
39,Brice Garnett,-.182
40,Brian Gay,-.167
40,John Peterson,-.167
40,Adam Scott,-.167
43,Brendon de Jonge,-.154
44,Stuart Appleby,-.143
44,James Hahn,-.143
44,Brian Harman,-.143
44,Ben Martin,-.143
44,John Rollins,-.143
49,Russell Henley,-.125
50,Jason Kokrak,-.111
51,Sangmoon Bae,E
51,Charlie Beljan,E
51,Greg Chalmers,E
51,Retief Goosen,E
51,David Hearn,E
51,Marc Leishman,E
51,Kevin Na,E
51,S.Y. Noh,E
51,D.A. Points,E
51,Michael Putnam,E
51,Robert Streb,E
62,Scott Brown,+.100
63,Jimmy Walker,+.143
64,Boo Weekley,+.167
65,Harris English,+.200
65,Matt Every,+.200
67,Peter Malnati,+.286
68,Morgan Hoffmann,+.333
68,Derek Tolan,+.333
70,Tommy Gainey,+.500
71,Ricky Barnes,+.750
