rank,player,Avg RTP
1,Brian Gay,-.429
2,Retief Goosen,-.333
2,John Peterson,-.333
4,Brian Harman,-.250
4,Hudson Swafford,-.250
6,Brian Stuard,-.222
7,Zach Johnson,-.200
7,Tim Wilkinson,-.200
9,Billy Hurley III,-.167
9,Pat Perez,-.167
11,John Daly,-.154
12,Ben Martin,-.143
13,Michael Putnam,-.125
14,Jimmy Walker,-.111
15,Paul Goydos,-.100
16,Harris English,-.083
17,Stuart Appleby,-.077
18,Robert Allenby,-.071
18,Charles Howell III,-.071
18,Jerry Kelly,-.071
21,Ricky Barnes,E
21,Brendon de Jonge,E
21,Matt Kuchar,E
21,Kevin Na,E
21,Jeff Overton,E
21,John Rollins,E
21,Adam Scott,E
21,Heath Slocum,E
21,Chris Stroud,E
21,Hideto Tanihara,E
21,Boo Weekley,E
21,Charlie Wi,E
21,Will Wilcox,E
21,Mark Wilson,E
35,Derek Tolan,+.056
36,Robert Streb,+.063
37,Morgan Hoffmann,+.077
37,S.Y. Noh,+.077
39,Matt Every,+.083
39,Y.E. Yang,+.083
41,Steven Bowditch,+.091
41,Peter Malnati,+.091
43,Ryuji Imada,+.100
44,K.J. Choi,+.111
44,Stewart Cink,+.111
46,Chris Kirk,+.125
46,Justin Leonard,+.125
48,Jason Kokrak,+.133
49,David Hearn,+.143
49,Justin Hicks,+.143
49,John Senden,+.143
52,D.A. Points,+.154
53,Sangmoon Bae,+.167
53,Tim Herron,+.167
55,Tommy Gainey,+.200
55,Hyung-Sung Kim,+.200
57,Scott Brown,+.250
57,Brice Garnett,+.250
57,Russell Henley,+.250
57,Spencer Levin,+.250
57,Ryan Palmer,+.250
57,Brendon Todd,+.250
63,Chad Collins,+.278
64,Charlie Beljan,+.300
64,James Hahn,+.300
64,William McGirt,+.300
67,Daniel Summerhays,+.308
68,Marc Leishman,+.385
69,Jason Dufner,+.462
70,Tyrone Van Aswegen,+.500
71,Greg Chalmers,+.600
