rank,player,Avg RTP
1,Steven Bowditch,-.600
2,Brian Stuard,-.444
3,Jerry Kelly,-.429
4,Heath Slocum,-.400
5,Matt Every,-.375
6,K.J. Choi,-.357
7,Justin Hicks,-.333
7,Chris Kirk,-.333
7,Jimmy Walker,-.333
10,Peter Malnati,-.300
11,Tommy Gainey,-.250
11,Brian Gay,-.250
11,Marc Leishman,-.250
11,John Peterson,-.250
15,Adam Scott,-.231
15,Tim Wilkinson,-.231
17,James Hahn,-.200
17,Pat Perez,-.200
19,Kevin Na,-.182
20,Chris Stroud,-.167
20,Boo Weekley,-.167
22,Robert Streb,-.154
23,Chad Collins,-.143
23,Jeff Overton,-.143
25,Derek Tolan,-.133
26,Charlie Wi,-.130
27,John Daly,-.125
27,Ryan Palmer,-.125
29,William McGirt,-.118
30,Harris English,-.091
30,Paul Goydos,-.091
30,Hyung-Sung Kim,-.091
33,David Hearn,-.083
33,Morgan Hoffmann,-.083
35,Sangmoon Bae,-.077
36,Ricky Barnes,-.067
37,Jason Dufner,-.063
38,Charlie Beljan,E
38,Stewart Cink,E
38,Brendon de Jonge,E
38,Brice Garnett,E
38,Russell Henley,E
38,Billy Hurley III,E
38,Ryuji Imada,E
38,Matt Kuchar,E
38,Justin Leonard,E
38,S.Y. Noh,E
38,D.A. Points,E
38,Michael Putnam,E
38,John Rollins,E
38,Hudson Swafford,E
38,Hideto Tanihara,E
38,Y.E. Yang,E
54,Greg Chalmers,+.059
54,Brian Harman,+.059
56,Spencer Levin,+.063
57,Stuart Appleby,+.083
58,Scott Brown,+.091
59,Brendon Todd,+.111
60,Tim Herron,+.125
60,Zach Johnson,+.125
60,Daniel Summerhays,+.125
63,Charles Howell III,+.143
63,Tyrone Van Aswegen,+.143
65,Ben Martin,+.154
66,Retief Goosen,+.167
66,Jason Kokrak,+.167
68,John Senden,+.214
69,Will Wilcox,+.222
70,Robert Allenby,+.333
71,Mark Wilson,+.556
