rank,player,Avg RTP
1,Ryan Palmer,-2.000
1,Charlie Wi,-2.000
3,K.J. Choi,-1.000
3,Jason Dufner,-1.000
3,Harris English,-1.000
3,James Hahn,-1.000
3,Brian Harman,-1.000
3,Russell Henley,-1.000
3,Zach Johnson,-1.000
3,Matt Kuchar,-1.000
3,Spencer Levin,-1.000
3,Peter Malnati,-1.000
3,Jeff Overton,-1.000
3,John Peterson,-1.000
3,Michael Putnam,-1.000
3,John Rollins,-1.000
3,Adam Scott,-1.000
3,Brendon Todd,-1.000
3,Derek Tolan,-1.000
3,Boo Weekley,-1.000
21,Robert Allenby,-.500
21,Matt Every,-.500
21,David Hearn,-.500
21,Justin Hicks,-.500
21,D.A. Points,-.500
21,Heath Slocum,-.500
21,Hideto Tanihara,-.500
28,Kevin Na,-.400
29,Stuart Appleby,E
29,Sangmoon Bae,E
29,Ricky Barnes,E
29,Scott Brown,E
29,Greg Chalmers,E
29,Chad Collins,E
29,John Daly,E
29,Brendon de Jonge,E
29,Paul Goydos,E
29,Tim Herron,E
29,Morgan Hoffmann,E
29,Jerry Kelly,E
29,Jason Kokrak,E
29,Marc Leishman,E
29,Ben Martin,E
29,William McGirt,E
29,S.Y. Noh,E
29,Pat Perez,E
29,Hudson Swafford,E
29,Jimmy Walker,E
29,Will Wilcox,E
29,Tim Wilkinson,E
29,Mark Wilson,E
29,Y.E. Yang,E
53,John Senden,+.333
54,Ryuji Imada,+.667
55,Steven Bowditch,+1.000
55,Stewart Cink,+1.000
57,Tyrone Van Aswegen,+2.000
