rank,player,Avg RTP
1,Steven Bowditch,-1.000
1,Brian Gay,-1.000
1,Paul Goydos,-1.000
1,James Hahn,-1.000
1,Billy Hurley III,-1.000
1,Spencer Levin,-1.000
1,Peter Malnati,-1.000
1,Pat Perez,-1.000
1,Hudson Swafford,-1.000
1,Hideto Tanihara,-1.000
1,Brendon Todd,-1.000
1,Derek Tolan,-1.000
1,Jimmy Walker,-1.000
1,Charlie Wi,-1.000
1,Will Wilcox,-1.000
1,Y.E. Yang,-1.000
17,David Hearn,-.500
18,Sangmoon Bae,E
18,Matt Every,E
18,Ben Martin,E
18,Jeff Overton,E
18,Robert Streb,E
23,Heath Slocum,+1.000
