rank,player,Avg RTP
1,Brice Garnett,-1.500
1,Matt Kuchar,-1.500
1,Brendon Todd,-1.500
4,Robert Allenby,-1.000
4,Scott Brown,-1.000
4,Stewart Cink,-1.000
4,John Daly,-1.000
4,Brian Harman,-1.000
4,Ryuji Imada,-1.000
4,Zach Johnson,-1.000
4,Jerry Kelly,-1.000
4,Chris Kirk,-1.000
4,Ben Martin,-1.000
4,Adam Scott,-1.000
4,John Senden,-1.000
4,Brian Stuard,-1.000
4,Tyrone Van Aswegen,-1.000
4,Charlie Wi,-1.000
4,Mark Wilson,-1.000
20,Billy Hurley III,-.750
21,William McGirt,-.667
21,Daniel Summerhays,-.667
21,Y.E. Yang,-.667
24,Steven Bowditch,-.500
24,K.J. Choi,-.500
24,Justin Leonard,-.500
27,Chad Collins,-.333
27,Brian Gay,-.333
29,Brendon de Jonge,-.250
30,Justin Hicks,E
30,Morgan Hoffmann,E
30,Jason Kokrak,E
30,Pat Perez,E
30,D.A. Points,E
30,Michael Putnam,E
30,Hudson Swafford,E
37,Sangmoon Bae,+1.000
37,Jason Dufner,+1.000
37,Retief Goosen,+1.000
37,Derek Tolan,+1.000
