rank,player,Avg RTP
1,Stuart Appleby,-1.000
1,Retief Goosen,-1.000
1,Kevin Na,-1.000
1,John Senden,-1.000
5,Tommy Gainey,-.500
5,D.A. Points,-.500
5,Charlie Wi,-.500
8,Robert Allenby,E
8,Scott Brown,E
8,Stewart Cink,E
8,Brendon de Jonge,E
8,Jason Dufner,E
8,Brian Gay,E
8,Paul Goydos,E
8,David Hearn,E
8,Morgan Hoffmann,E
8,Ryuji Imada,E
8,Chris Kirk,E
8,Justin Leonard,E
8,Ben Martin,E
8,William McGirt,E
8,Pat Perez,E
8,Michael Putnam,E
8,John Rollins,E
8,Adam Scott,E
8,Robert Streb,E
8,Brian Stuard,E
8,Derek Tolan,E
8,Will Wilcox,E
8,Tim Wilkinson,E
8,Y.E. Yang,E
32,Steven Bowditch,+.500
32,John Daly,+.500
32,Brendon Todd,+.500
35,Greg Chalmers,+1.000
35,Brice Garnett,+1.000
35,Peter Malnati,+1.000
35,S.Y. Noh,+1.000
35,Ryan Palmer,+1.000
35,Hideto Tanihara,+1.000
41,James Hahn,+2.000
41,Daniel Summerhays,+2.000
