rank,player,Avg RTP
1,John Daly,-1.000
1,Justin Hicks,-1.000
1,Jerry Kelly,-1.000
1,Ben Martin,-1.000
1,Jimmy Walker,-1.000
1,Tim Wilkinson,-1.000
7,Stuart Appleby,-.750
8,Scott Brown,-.500
8,K.J. Choi,-.500
8,Harris English,-.500
8,Paul Goydos,-.500
8,Jason Kokrak,-.500
8,Kevin Na,-.500
8,Jeff Overton,-.500
8,Michael Putnam,-.500
8,Adam Scott,-.500
8,Chris Stroud,-.500
8,Derek Tolan,-.500
19,Ricky Barnes,-.400
19,Ryuji Imada,-.400
21,Sangmoon Bae,-.333
21,Jason Dufner,-.333
21,Matt Every,-.333
21,Retief Goosen,-.333
21,Chris Kirk,-.333
21,Ryan Palmer,-.333
21,Heath Slocum,-.333
28,Marc Leishman,-.250
28,William McGirt,-.250
28,Daniel Summerhays,-.250
28,Boo Weekley,-.250
32,Stewart Cink,-.200
33,Brian Harman,-.167
33,Pat Perez,-.167
33,Robert Streb,-.167
36,Charlie Beljan,E
36,Steven Bowditch,E
36,Greg Chalmers,E
36,Chad Collins,E
36,Tommy Gainey,E
36,Brice Garnett,E
36,Brian Gay,E
36,David Hearn,E
36,Russell Henley,E
36,Billy Hurley III,E
36,Hyung-Sung Kim,E
36,Matt Kuchar,E
36,Spencer Levin,E
36,John Peterson,E
36,Hideto Tanihara,E
36,Will Wilcox,E
36,Mark Wilson,E
53,Peter Malnati,+.200
53,Charlie Wi,+.200
55,Robert Allenby,+.250
55,Tim Herron,+.250
55,Zach Johnson,+.250
55,Justin Leonard,+.250
59,James Hahn,+.333
59,D.A. Points,+.333
61,S.Y. Noh,+.400
62,Brendon de Jonge,+.500
62,Charles Howell III,+.500
62,John Senden,+.500
62,Brendon Todd,+.500
62,Tyrone Van Aswegen,+.500
67,Y.E. Yang,+1.000
