rank,player,Avg RTP
1,John Rollins,-1.000
2,K.J. Choi,-.750
2,Ryan Palmer,-.750
2,Michael Putnam,-.750
2,Jimmy Walker,-.750
6,John Daly,-.667
6,Harris English,-.667
6,Justin Hicks,-.667
9,Adam Scott,-.600
10,Derek Tolan,-.571
11,Jason Dufner,-.500
11,Brian Gay,-.500
11,Paul Goydos,-.500
11,Russell Henley,-.500
11,Kevin Na,-.500
11,John Peterson,-.500
11,Chris Stroud,-.500
11,Hudson Swafford,-.500
11,Boo Weekley,-.500
20,Stuart Appleby,-.429
20,Jerry Kelly,-.429
20,Jeff Overton,-.429
23,David Hearn,-.400
23,Hideto Tanihara,-.400
25,Ricky Barnes,-.364
26,Scott Brown,-.333
26,Matt Every,-.333
26,Chris Kirk,-.333
26,Jason Kokrak,-.333
26,Spencer Levin,-.333
26,Peter Malnati,-.333
26,Ben Martin,-.333
33,Brian Harman,-.286
33,Charlie Wi,-.286
35,Retief Goosen,-.250
35,Daniel Summerhays,-.250
35,Tim Wilkinson,-.250
38,Pat Perez,-.222
39,Sangmoon Bae,-.200
39,James Hahn,-.200
39,Marc Leishman,-.200
39,William McGirt,-.200
43,Billy Hurley III,-.167
43,Matt Kuchar,-.167
43,Heath Slocum,-.167
46,Robert Allenby,-.143
46,Robert Streb,-.143
48,Will Wilcox,-.125
49,Charlie Beljan,E
49,Steven Bowditch,E
49,Greg Chalmers,E
49,Stewart Cink,E
49,Chad Collins,E
49,Tommy Gainey,E
49,Brice Garnett,E
49,Morgan Hoffmann,E
49,Ryuji Imada,E
49,Zach Johnson,E
49,Hyung-Sung Kim,E
49,Brendon Todd,E
49,Mark Wilson,E
49,Y.E. Yang,E
63,Tim Herron,+.125
63,D.A. Points,+.125
65,Justin Leonard,+.250
66,S.Y. Noh,+.333
66,John Senden,+.333
68,Brendon de Jonge,+.400
69,Charles Howell III,+.500
70,Tyrone Van Aswegen,+1.000
