rank,player,%,Total Birdies,Total Holes
1,Zach Johnson,80.00,4,5
2,Chad Collins,60.00,3,5
2,Boo Weekley,60.00,3,5
4,Retief Goosen,50.00,6,12
4,James Hahn,50.00,3,6
4,Pat Perez,50.00,2,4
4,John Peterson,50.00,4,8
4,Brian Stuard,50.00,4,8
4,Jimmy Walker,50.00,4,8
10,Jerry Kelly,44.44,4,9
11,Justin Leonard,42.86,3,7
12,Harris English,40.00,2,5
12,Matt Every,40.00,4,10
12,Kevin Na,40.00,4,10
15,Sangmoon Bae,37.50,3,8
15,S.Y. Noh,37.50,3,8
17,John Rollins,36.36,4,11
18,K.J. Choi,33.33,3,9
18,Jason Dufner,33.33,4,12
18,Russell Henley,33.33,2,6
18,Spencer Levin,33.33,4,12
18,Michael Putnam,33.33,2,6
18,John Senden,33.33,1,3
24,Charlie Beljan,30.77,4,13
24,Brian Harman,30.77,4,13
26,Peter Malnati,30.00,3,10
26,Ben Martin,30.00,3,10
26,D.A. Points,30.00,3,10
26,Will Wilcox,30.00,3,10
30,Robert Allenby,28.57,2,7
30,Stuart Appleby,28.57,2,7
30,John Daly,28.57,4,14
30,Ryuji Imada,28.57,2,7
30,Hyung-Sung Kim,28.57,2,7
30,William McGirt,28.57,2,7
30,Charlie Wi,28.57,2,7
37,Scott Brown,27.27,3,11
37,Stewart Cink,27.27,3,11
39,Brice Garnett,25.00,2,8
39,Matt Kuchar,25.00,2,8
39,Chris Stroud,25.00,2,8
39,Hudson Swafford,25.00,2,8
43,Ryan Palmer,23.08,3,13
44,Paul Goydos,22.22,2,9
45,Justin Hicks,20.00,1,5
45,Charles Howell III,20.00,3,15
45,Chris Kirk,20.00,2,10
45,Jason Kokrak,20.00,1,5
45,Marc Leishman,20.00,1,5
45,Heath Slocum,20.00,2,10
45,Tyrone Van Aswegen,20.00,2,10
52,Ricky Barnes,16.67,1,6
52,Morgan Hoffmann,16.67,2,12
54,David Hearn,15.38,2,13
54,Mark Wilson,15.38,2,13
56,Brian Gay,14.29,1,7
56,Jeff Overton,14.29,1,7
58,Greg Chalmers,13.33,2,15
58,Tommy Gainey,13.33,2,15
60,Tim Herron,12.50,1,8
60,Adam Scott,12.50,1,8
60,Robert Streb,12.50,1,8
60,Derek Tolan,12.50,1,8
64,Steven Bowditch,10.00,1,10
64,Tim Wilkinson,10.00,1,10
66,Brendon de Jonge,.00,0,4
66,Billy Hurley III,.00,0,5
66,Daniel Summerhays,.00,0,6
66,Hideto Tanihara,.00,0,7
66,Brendon Todd,.00,0,9
66,Y.E. Yang,.00,0,5
