rank,player,%,Total Birdies,Total Holes
1,Ryuji Imada,42.11,16,38
2,Jason Dufner,41.46,17,41
3,Jimmy Walker,40.43,19,47
4,Matt Every,36.36,16,44
4,Marc Leishman,36.36,16,44
6,Harris English,34.15,14,41
7,Jerry Kelly,31.91,15,47
8,John Daly,31.82,14,44
9,Boo Weekley,31.71,13,41
10,Hideto Tanihara,31.25,15,48
11,Stewart Cink,29.79,14,47
12,Justin Hicks,29.63,16,54
13,Will Wilcox,29.55,13,44
14,Sangmoon Bae,29.17,14,48
14,Brendon Todd,29.17,14,48
16,John Senden,28.89,13,45
17,Greg Chalmers,28.57,12,42
18,Brice Garnett,28.26,13,46
18,Jason Kokrak,28.26,13,46
20,Zach Johnson,28.00,14,50
21,Hudson Swafford,27.45,14,51
22,Jeff Overton,26.83,11,41
23,Spencer Levin,26.67,12,45
23,Ryan Palmer,26.67,12,45
23,Chris Stroud,26.67,12,45
26,Robert Allenby,26.53,13,49
26,Brian Stuard,26.53,13,49
28,Y.E. Yang,25.58,11,43
29,K.J. Choi,25.53,12,47
29,Chris Kirk,25.53,12,47
31,Ricky Barnes,25.00,9,36
31,Charlie Beljan,25.00,13,52
31,Retief Goosen,25.00,11,44
31,David Hearn,25.00,12,48
31,Russell Henley,25.00,13,52
36,Tyrone Van Aswegen,24.49,12,49
37,John Rollins,24.39,10,41
38,Morgan Hoffmann,23.81,10,42
39,Ben Martin,23.40,11,47
39,Daniel Summerhays,23.40,11,47
41,Chad Collins,23.26,10,43
41,Brian Harman,23.26,10,43
43,James Hahn,22.45,11,49
43,John Peterson,22.45,11,49
45,Tim Herron,22.22,10,45
46,Brian Gay,22.00,11,50
47,Matt Kuchar,21.74,10,46
48,Billy Hurley III,21.57,11,51
49,Justin Leonard,21.43,12,56
49,Kevin Na,21.43,9,42
49,Michael Putnam,21.43,9,42
52,Stuart Appleby,20.93,9,43
52,William McGirt,20.93,9,43
54,D.A. Points,20.83,10,48
55,Derek Tolan,20.59,7,34
56,Scott Brown,20.41,10,49
56,Brendon de Jonge,20.41,10,49
56,Tim Wilkinson,20.41,10,49
59,Mark Wilson,20.37,11,54
60,Heath Slocum,20.00,11,55
61,Paul Goydos,19.61,10,51
62,Adam Scott,19.05,8,42
63,Peter Malnati,18.75,9,48
64,S.Y. Noh,17.95,7,39
64,Charlie Wi,17.95,7,39
66,Tommy Gainey,17.50,7,40
67,Charles Howell III,17.07,7,41
68,Pat Perez,17.02,8,47
69,Steven Bowditch,15.69,8,51
70,Hyung-Sung Kim,15.09,8,53
71,Robert Streb,11.11,4,36
