rank,player,Avg RTP
1,Brice Garnett,-1.000
1,James Hahn,-1.000
1,Justin Hicks,-1.000
1,Ryuji Imada,-1.000
1,Zach Johnson,-1.000
1,Hyung-Sung Kim,-1.000
1,S.Y. Noh,-1.000
1,Jimmy Walker,-1.000
1,Will Wilcox,-1.000
10,Jason Dufner,-.750
10,Matt Every,-.750
12,Harris English,-.667
13,Greg Chalmers,-.500
13,Paul Goydos,-.500
13,Justin Leonard,-.500
13,Ben Martin,-.500
13,Pat Perez,-.500
13,John Peterson,-.500
13,D.A. Points,-.500
20,Peter Malnati,-.429
21,Morgan Hoffmann,-.400
22,Scott Brown,-.333
22,Stewart Cink,-.333
22,Jeff Overton,-.333
22,Heath Slocum,-.333
22,Brian Stuard,-.333
27,Charles Howell III,-.286
28,Sangmoon Bae,-.250
28,Tim Herron,-.250
28,Robert Streb,-.250
31,Brian Harman,-.200
31,Matt Kuchar,-.200
33,Mark Wilson,-.167
34,Robert Allenby,E
34,Stuart Appleby,E
34,Charlie Beljan,E
34,Steven Bowditch,E
34,K.J. Choi,E
34,Tommy Gainey,E
34,Retief Goosen,E
34,David Hearn,E
34,Billy Hurley III,E
34,Jerry Kelly,E
34,Chris Kirk,E
34,Spencer Levin,E
34,Kevin Na,E
34,Ryan Palmer,E
34,John Rollins,E
34,Adam Scott,E
34,Daniel Summerhays,E
34,Brendon Todd,E
34,Tyrone Van Aswegen,E
34,Boo Weekley,E
34,Charlie Wi,E
34,Tim Wilkinson,E
34,Y.E. Yang,E
57,Hudson Swafford,+.333
58,Marc Leishman,+.500
58,Chris Stroud,+.500
60,John Daly,+1.000
