rank,player,Avg RTP
1,Matt Every,-.400
2,Marc Leishman,-.333
3,Charles Howell III,-.300
4,Ryan Palmer,-.273
4,Will Wilcox,-.273
6,Jason Dufner,-.250
7,John Senden,-.222
8,Greg Chalmers,-.200
8,Stewart Cink,-.200
8,Brendon Todd,-.200
11,John Rollins,-.182
11,Chris Stroud,-.182
11,Boo Weekley,-.182
14,Scott Brown,-.154
15,Hudson Swafford,-.143
16,Robert Allenby,-.133
17,Chris Kirk,-.125
17,Jason Kokrak,-.125
19,Chad Collins,-.100
19,David Hearn,-.100
19,Matt Kuchar,-.100
19,Jimmy Walker,-.100
19,Y.E. Yang,-.100
24,Ben Martin,-.091
24,Jeff Overton,-.091
26,Ricky Barnes,-.083
26,Morgan Hoffmann,-.083
28,Stuart Appleby,-.077
28,Harris English,-.077
30,Charlie Beljan,-.071
30,Justin Leonard,-.071
32,Steven Bowditch,E
32,Brendon de Jonge,E
32,Tim Herron,E
32,Billy Hurley III,E
32,Zach Johnson,E
32,Jerry Kelly,E
32,Kevin Na,E
32,S.Y. Noh,E
32,Pat Perez,E
32,D.A. Points,E
32,Michael Putnam,E
32,Adam Scott,E
32,Hideto Tanihara,E
32,Derek Tolan,E
46,Hyung-Sung Kim,+.056
47,Brice Garnett,+.067
47,James Hahn,+.067
47,Tyrone Van Aswegen,+.067
50,Brian Gay,+.071
50,Russell Henley,+.071
50,Mark Wilson,+.071
53,Ryuji Imada,+.077
54,Sangmoon Bae,+.091
54,Justin Hicks,+.091
54,Spencer Levin,+.091
54,Peter Malnati,+.091
54,Heath Slocum,+.091
59,K.J. Choi,+.100
59,Brian Harman,+.100
59,Daniel Summerhays,+.100
62,Retief Goosen,+.111
63,John Peterson,+.154
64,John Daly,+.167
65,William McGirt,+.182
65,Charlie Wi,+.182
67,Robert Streb,+.200
68,Paul Goydos,+.214
69,Brian Stuard,+.250
70,Tommy Gainey,+.300
71,Tim Wilkinson,+.500
