rank,player,Avg RTP
1,Morgan Hoffmann,-1.000
1,D.A. Points,-1.000
3,James Hahn,-.750
4,Steven Bowditch,-.667
5,Charles Howell III,-.500
6,Brian Gay,-.333
6,Peter Malnati,-.333
6,S.Y. Noh,-.333
6,John Peterson,-.333
6,Adam Scott,-.333
6,Tim Wilkinson,-.333
12,Charlie Wi,-.286
13,Brendon de Jonge,-.250
13,Brice Garnett,-.250
15,Harris English,-.167
15,Brian Harman,-.167
15,Chris Kirk,-.167
15,Michael Putnam,-.167
19,K.J. Choi,E
19,David Hearn,E
19,Justin Hicks,E
19,Billy Hurley III,E
19,Zach Johnson,E
19,Jerry Kelly,E
19,Matt Kuchar,E
19,Spencer Levin,E
19,Kevin Na,E
19,Jeff Overton,E
19,Ryan Palmer,E
19,Pat Perez,E
19,John Senden,E
19,Heath Slocum,E
19,Brian Stuard,E
19,Hideto Tanihara,E
19,Brendon Todd,E
19,Jimmy Walker,E
19,Boo Weekley,E
19,Will Wilcox,E
19,Y.E. Yang,E
40,Derek Tolan,+.167
40,Tyrone Van Aswegen,+.167
42,Chad Collins,+.200
42,Jason Kokrak,+.200
44,Retief Goosen,+.222
45,Charlie Beljan,+.250
45,John Daly,+.250
45,Tim Herron,+.250
45,Hyung-Sung Kim,+.250
45,Hudson Swafford,+.250
50,Greg Chalmers,+.286
50,Robert Streb,+.286
52,Robert Allenby,+.333
52,Scott Brown,+.333
52,Matt Every,+.333
52,Russell Henley,+.333
56,Tommy Gainey,+.400
56,Ryuji Imada,+.400
56,Marc Leishman,+.400
59,Stewart Cink,+.500
59,Paul Goydos,+.500
59,Ben Martin,+.500
59,Chris Stroud,+.500
59,Daniel Summerhays,+.500
64,Mark Wilson,+.571
65,Sangmoon Bae,+.600
65,Jason Dufner,+.600
67,Stuart Appleby,+.667
67,Ricky Barnes,+.667
69,Justin Leonard,+1.000
69,William McGirt,+1.000
69,John Rollins,+1.000
