rank,player,Avg RTP
1,Robert Allenby,-1.000
1,Steven Bowditch,-1.000
1,K.J. Choi,-1.000
1,Brian Gay,-1.000
1,Zach Johnson,-1.000
1,William McGirt,-1.000
7,Charlie Beljan,-.500
7,John Daly,-.500
7,Brian Harman,-.500
7,S.Y. Noh,-.500
7,Chris Stroud,-.500
12,Charles Howell III,-.333
13,Stewart Cink,E
13,Brendon de Jonge,E
13,Tommy Gainey,E
13,Paul Goydos,E
13,Tim Herron,E
13,Ryuji Imada,E
13,Hyung-Sung Kim,E
13,Chris Kirk,E
13,Jason Kokrak,E
13,Matt Kuchar,E
13,Kevin Na,E
13,Jeff Overton,E
13,John Peterson,E
13,John Rollins,E
13,John Senden,E
13,Heath Slocum,E
13,Robert Streb,E
13,Brian Stuard,E
13,Daniel Summerhays,E
13,Derek Tolan,E
13,Will Wilcox,E
13,Tim Wilkinson,E
35,Jason Dufner,+.333
36,Brice Garnett,+.500
36,Justin Hicks,+.500
38,Greg Chalmers,+.667
39,David Hearn,+1.000
39,Ryan Palmer,+1.000
39,D.A. Points,+1.000
39,Charlie Wi,+1.000
43,Russell Henley,+2.000
