rank,player,%,Total Birdies,Total Holes
1,Brian Stuard,38.89,7,18
2,John Peterson,35.29,6,17
3,Jerry Kelly,33.33,7,21
3,Peter Malnati,33.33,7,21
5,Brian Harman,32.00,8,25
6,Steven Bowditch,31.25,5,16
7,Kevin Na,29.63,8,27
8,Heath Slocum,28.57,4,14
9,Zach Johnson,27.78,5,18
10,Brian Gay,26.32,5,19
11,K.J. Choi,26.09,6,23
11,Harris English,26.09,6,23
13,Matt Every,25.00,5,20
13,Chris Kirk,25.00,5,20
13,Chris Stroud,25.00,5,20
13,Boo Weekley,25.00,5,20
17,Derek Tolan,24.24,8,33
18,Stuart Appleby,24.00,6,25
19,John Daly,23.81,5,21
19,Charles Howell III,23.81,5,21
19,Pat Perez,23.81,5,21
19,Adam Scott,23.81,5,21
23,Michael Putnam,23.08,6,26
24,Tommy Gainey,22.22,6,27
24,Billy Hurley III,22.22,4,18
24,Jimmy Walker,22.22,4,18
27,Tim Wilkinson,21.74,5,23
28,Hideto Tanihara,21.05,4,19
29,John Rollins,20.83,5,24
30,Robert Streb,20.69,6,29
31,Ben Martin,20.00,4,20
31,D.A. Points,20.00,4,20
31,Hudson Swafford,20.00,3,15
31,Tyrone Van Aswegen,20.00,3,15
35,Charlie Wi,19.35,6,31
36,Stewart Cink,19.05,4,21
37,Justin Hicks,18.75,3,16
38,Jeff Overton,18.52,5,27
39,Matt Kuchar,17.39,4,23
40,Spencer Levin,16.67,4,24
41,Ricky Barnes,16.13,5,31
42,Sangmoon Bae,15.79,3,19
42,Scott Brown,15.79,3,19
44,Robert Allenby,15.00,3,20
44,James Hahn,15.00,3,20
44,Ryan Palmer,15.00,3,20
47,William McGirt,14.81,4,27
48,Retief Goosen,14.29,3,21
48,Paul Goydos,14.29,3,21
50,Jason Dufner,13.79,4,29
51,S.Y. Noh,13.33,4,30
52,Will Wilcox,13.04,3,23
52,Y.E. Yang,13.04,3,23
54,Hyung-Sung Kim,12.50,2,16
55,Russell Henley,11.76,2,17
55,Brendon Todd,11.76,2,17
57,David Hearn,10.53,2,19
58,Ryuji Imada,9.68,3,31
59,Brendon de Jonge,9.52,2,21
59,Jason Kokrak,9.52,2,21
59,Marc Leishman,9.52,2,21
62,Brice Garnett,8.70,2,23
63,Morgan Hoffmann,8.00,2,25
64,Greg Chalmers,7.41,2,27
65,Justin Leonard,6.67,1,15
66,Charlie Beljan,5.88,1,17
67,John Senden,4.76,1,21
67,Daniel Summerhays,4.76,1,21
69,Chad Collins,4.00,1,25
70,Tim Herron,.00,0,22
70,Mark Wilson,.00,0,15
