rank,player,Avg RTP
1,Sangmoon Bae,-1.000
1,Retief Goosen,-1.000
1,Michael Putnam,-1.000
4,Tommy Gainey,-.333
4,Ryan Palmer,-.333
6,Ricky Barnes,E
6,Charlie Beljan,E
6,Scott Brown,E
6,K.J. Choi,E
6,Stewart Cink,E
6,Brendon de Jonge,E
6,Jason Dufner,E
6,Harris English,E
6,Matt Every,E
6,Brian Gay,E
6,Paul Goydos,E
6,Morgan Hoffmann,E
6,Billy Hurley III,E
6,Ryuji Imada,E
6,Hyung-Sung Kim,E
6,Chris Kirk,E
6,Ben Martin,E
6,Kevin Na,E
6,S.Y. Noh,E
6,Heath Slocum,E
6,Daniel Summerhays,E
6,Hideto Tanihara,E
6,Derek Tolan,E
6,Will Wilcox,E
6,Tim Wilkinson,E
6,Y.E. Yang,E
32,Greg Chalmers,+.333
32,Charles Howell III,+.333
34,Chad Collins,+.500
34,Brian Harman,+.500
34,William McGirt,+.500
34,Jeff Overton,+.500
38,Stuart Appleby,+1.000
38,John Daly,+1.000
38,Tim Herron,+1.000
38,Jason Kokrak,+1.000
38,Adam Scott,+1.000
43,Spencer Levin,+1.333
44,Brice Garnett,+2.000
