rank,player,%,Total Birdies,Total Holes
1,John Rollins,58.33,7,12
1,Chris Stroud,58.33,7,12
3,Spencer Levin,57.14,8,14
4,Jason Dufner,54.55,6,11
5,Chris Kirk,53.85,7,13
5,Jimmy Walker,53.85,7,13
7,Stuart Appleby,53.33,8,15
8,Justin Hicks,52.94,9,17
9,Steven Bowditch,50.00,6,12
9,Stewart Cink,50.00,7,14
9,Billy Hurley III,50.00,9,18
9,Adam Scott,50.00,7,14
9,Tyrone Van Aswegen,50.00,7,14
14,Jerry Kelly,46.67,7,15
15,John Daly,46.15,6,13
16,Pat Perez,44.44,8,18
17,Ryuji Imada,43.75,7,16
17,Zach Johnson,43.75,7,16
19,Robert Allenby,42.86,6,14
19,Brian Harman,42.86,6,14
21,Matt Kuchar,41.18,7,17
22,Jeff Overton,38.89,7,18
23,Harris English,38.46,5,13
23,Tim Wilkinson,38.46,5,13
25,Hudson Swafford,37.50,6,16
26,K.J. Choi,35.71,5,14
26,Paul Goydos,35.71,5,14
26,James Hahn,35.71,5,14
29,Kevin Na,35.29,6,17
30,Scott Brown,33.33,5,15
30,Russell Henley,33.33,4,12
30,Charles Howell III,33.33,4,12
30,Jason Kokrak,33.33,5,15
30,Derek Tolan,33.33,5,15
30,Charlie Wi,33.33,5,15
36,Peter Malnati,31.58,6,19
37,Brian Gay,31.25,5,16
37,Daniel Summerhays,31.25,5,16
39,Sangmoon Bae,30.77,4,13
39,Retief Goosen,30.77,4,13
39,Hyung-Sung Kim,30.77,4,13
39,John Peterson,30.77,4,13
43,Brian Stuard,30.00,3,10
44,Matt Every,29.41,5,17
44,Brendon Todd,29.41,5,17
44,Will Wilcox,29.41,5,17
44,Y.E. Yang,29.41,5,17
48,Marc Leishman,28.57,4,14
48,Ryan Palmer,28.57,4,14
50,Mark Wilson,27.27,3,11
51,Brice Garnett,26.67,4,15
51,Robert Streb,26.67,4,15
53,Ricky Barnes,25.00,4,16
53,William McGirt,25.00,4,16
53,John Senden,25.00,4,16
53,Hideto Tanihara,25.00,3,12
53,Boo Weekley,25.00,4,16
58,Heath Slocum,23.53,4,17
59,Justin Leonard,23.08,3,13
59,Ben Martin,23.08,3,13
59,Michael Putnam,23.08,3,13
62,Brendon de Jonge,22.22,4,18
62,David Hearn,22.22,2,9
64,D.A. Points,20.00,4,20
65,Tim Herron,18.75,3,16
66,Morgan Hoffmann,18.18,2,11
67,Charlie Beljan,16.67,1,6
68,Chad Collins,14.29,2,14
69,S.Y. Noh,7.69,1,13
70,Greg Chalmers,.00,0,9
70,Tommy Gainey,.00,0,9
