rank,player,Avg RTP
1,Brian Stuard,-.375
2,John Peterson,-.313
3,Brian Gay,-.250
3,Tim Wilkinson,-.250
5,Jimmy Walker,-.235
6,Justin Hicks,-.214
7,Pat Perez,-.200
8,Jerry Kelly,-.190
9,John Daly,-.188
10,Chris Kirk,-.176
11,Adam Scott,-.158
12,Steven Bowditch,-.154
12,Heath Slocum,-.154
14,Peter Malnati,-.150
15,Derek Tolan,-.143
16,K.J. Choi,-.136
17,Paul Goydos,-.111
18,Charlie Wi,-.107
19,Matt Every,-.105
20,Boo Weekley,-.100
21,Harris English,-.087
22,Hudson Swafford,-.067
23,David Hearn,-.063
24,Hideto Tanihara,-.059
25,Billy Hurley III,-.056
26,James Hahn,-.053
27,Michael Putnam,-.043
28,Kevin Na,-.042
29,Jeff Overton,-.038
30,Robert Streb,-.037
31,Ricky Barnes,-.032
32,Robert Allenby,E
32,Stuart Appleby,E
32,Sangmoon Bae,E
32,Brendon de Jonge,E
32,Retief Goosen,E
32,Brian Harman,E
32,Morgan Hoffmann,E
32,Zach Johnson,E
32,Hyung-Sung Kim,E
32,Matt Kuchar,E
32,Ryan Palmer,E
32,Chris Stroud,E
44,Tommy Gainey,+.042
45,Brice Garnett,+.050
45,John Rollins,+.050
45,Y.E. Yang,+.050
48,Stewart Cink,+.053
49,Charles Howell III,+.056
49,Ben Martin,+.056
51,D.A. Points,+.063
52,Russell Henley,+.067
53,Ryuji Imada,+.071
53,Justin Leonard,+.071
53,Brendon Todd,+.071
56,William McGirt,+.080
56,S.Y. Noh,+.080
58,Greg Chalmers,+.095
58,Will Wilcox,+.095
60,Spencer Levin,+.125
61,Marc Leishman,+.143
62,Tim Herron,+.150
62,Jason Kokrak,+.150
64,Chad Collins,+.160
64,Jason Dufner,+.160
66,Scott Brown,+.167
66,Daniel Summerhays,+.167
68,Charlie Beljan,+.267
69,John Senden,+.278
70,Tyrone Van Aswegen,+.333
71,Mark Wilson,+.357
