rank,player,%,Total Birdies,Total Holes
1,Tommy Gainey,47.37,9,19
2,Harris English,40.00,8,20
2,Marc Leishman,40.00,8,20
2,Brendon Todd,40.00,6,15
5,Sangmoon Bae,36.84,7,19
5,Greg Chalmers,36.84,7,19
7,Hideto Tanihara,33.33,6,18
8,Morgan Hoffmann,31.58,6,19
9,Brian Stuard,30.00,6,20
10,Robert Streb,29.41,5,17
11,Brian Gay,27.78,5,18
12,John Peterson,26.32,5,19
12,Heath Slocum,26.32,5,19
14,John Daly,25.00,3,12
14,John Senden,25.00,6,24
14,Jimmy Walker,25.00,6,24
17,Kevin Na,23.81,5,21
17,Hudson Swafford,23.81,5,21
19,David Hearn,23.53,4,17
19,Chris Kirk,23.53,4,17
21,Retief Goosen,23.08,3,13
21,Tim Herron,23.08,3,13
23,Brice Garnett,22.22,4,18
23,Justin Hicks,22.22,4,18
23,Tim Wilkinson,22.22,4,18
26,Peter Malnati,21.43,3,14
27,Daniel Summerhays,21.05,4,19
28,Jason Kokrak,20.69,6,29
29,Chad Collins,20.00,4,20
29,Matt Every,20.00,3,15
29,Russell Henley,20.00,4,20
29,William McGirt,20.00,4,20
29,D.A. Points,20.00,3,15
29,Derek Tolan,20.00,3,15
35,Stewart Cink,19.05,4,21
36,K.J. Choi,18.18,4,22
36,Adam Scott,18.18,4,22
38,Ryuji Imada,17.65,3,17
38,Ryan Palmer,17.65,3,17
40,Matt Kuchar,17.39,4,23
41,Charlie Beljan,16.67,4,24
41,Jason Dufner,16.67,3,18
41,Paul Goydos,16.67,4,24
41,Brian Harman,16.67,2,12
45,Chris Stroud,15.79,3,19
45,Will Wilcox,15.79,3,19
47,Spencer Levin,15.38,4,26
47,Pat Perez,15.38,4,26
49,Justin Leonard,15.00,3,20
49,Y.E. Yang,15.00,3,20
51,Scott Brown,14.29,2,14
51,Mark Wilson,14.29,3,21
53,Michael Putnam,13.64,3,22
54,Jeff Overton,13.33,2,15
54,Tyrone Van Aswegen,13.33,2,15
56,S.Y. Noh,13.04,3,23
57,Ricky Barnes,12.50,2,16
57,Charles Howell III,12.50,2,16
57,Ben Martin,12.50,2,16
60,James Hahn,10.53,2,19
60,Jerry Kelly,10.53,2,19
60,Hyung-Sung Kim,10.53,2,19
63,Boo Weekley,6.67,1,15
64,Steven Bowditch,6.25,1,16
65,Robert Allenby,5.88,1,17
66,Brendon de Jonge,5.56,1,18
66,Billy Hurley III,5.56,1,18
66,Zach Johnson,5.56,1,18
69,Charlie Wi,5.26,1,19
70,Stuart Appleby,4.76,1,21
71,John Rollins,4.17,1,24
