rank,player,%,Total Birdies,Total Holes
1,Steven Bowditch,60.00,3,5
2,Matt Every,50.00,4,8
2,Peter Malnati,50.00,5,10
4,Kevin Na,45.45,5,11
5,Brian Stuard,44.44,4,9
6,Jerry Kelly,42.86,3,7
7,Chris Kirk,41.67,5,12
8,Heath Slocum,40.00,2,5
9,John Daly,37.50,3,8
9,John Peterson,37.50,3,8
11,K.J. Choi,35.71,5,14
12,Brian Harman,35.29,6,17
13,Stuart Appleby,33.33,4,12
13,Tommy Gainey,33.33,4,12
13,Justin Hicks,33.33,3,9
13,Chris Stroud,33.33,2,6
13,Jimmy Walker,33.33,3,9
13,Boo Weekley,33.33,4,12
19,Adam Scott,30.77,4,13
19,Robert Streb,30.77,4,13
21,James Hahn,30.00,3,10
22,Jeff Overton,28.57,2,7
22,D.A. Points,28.57,2,7
24,Scott Brown,27.27,3,11
24,Harris English,27.27,3,11
26,Pat Perez,26.67,4,15
26,Derek Tolan,26.67,4,15
28,Brian Gay,25.00,3,12
28,Zach Johnson,25.00,2,8
28,Marc Leishman,25.00,2,8
28,Ryan Palmer,25.00,2,8
28,John Rollins,25.00,4,16
33,Tim Wilkinson,23.08,3,13
34,Russell Henley,22.22,2,9
34,Michael Putnam,22.22,4,18
34,Hideto Tanihara,22.22,2,9
37,Charlie Wi,21.74,5,23
38,Ricky Barnes,20.00,3,15
38,Matt Kuchar,20.00,2,10
40,Jason Dufner,18.75,3,16
40,Spencer Levin,18.75,3,16
42,Brice Garnett,18.18,2,11
42,Paul Goydos,18.18,2,11
42,Hyung-Sung Kim,18.18,2,11
42,Hudson Swafford,18.18,2,11
42,Y.E. Yang,18.18,2,11
47,William McGirt,17.65,3,17
48,Stewart Cink,16.67,2,12
48,David Hearn,16.67,2,12
48,Morgan Hoffmann,16.67,2,12
48,Billy Hurley III,16.67,2,12
48,Jason Kokrak,16.67,1,6
53,Sangmoon Bae,15.38,2,13
54,Charlie Beljan,14.29,1,7
54,Chad Collins,14.29,1,7
54,Charles Howell III,14.29,1,7
54,Justin Leonard,14.29,1,7
54,Tyrone Van Aswegen,14.29,1,7
59,S.Y. Noh,11.76,2,17
60,Brendon de Jonge,11.11,1,9
60,Brendon Todd,11.11,1,9
60,Will Wilcox,11.11,1,9
63,Ben Martin,7.69,1,13
64,John Senden,7.14,1,14
65,Greg Chalmers,5.88,1,17
66,Robert Allenby,.00,0,6
66,Retief Goosen,.00,0,12
66,Tim Herron,.00,0,16
66,Ryuji Imada,.00,0,11
66,Daniel Summerhays,.00,0,8
66,Mark Wilson,.00,0,9
