rank,player,Avg RTP
1,Charlie Beljan,-1.000
1,Chad Collins,-1.000
1,Retief Goosen,-1.000
1,Chris Kirk,-1.000
1,Jason Kokrak,-1.000
1,Spencer Levin,-1.000
1,Michael Putnam,-1.000
1,Brian Stuard,-1.000
9,John Peterson,-.750
10,Robert Allenby,-.500
10,Greg Chalmers,-.500
10,John Daly,-.500
10,Russell Henley,-.500
10,Jerry Kelly,-.500
10,Ryan Palmer,-.500
10,Adam Scott,-.500
17,Hyung-Sung Kim,-.333
17,Tyrone Van Aswegen,-.333
19,Stuart Appleby,E
19,Scott Brown,E
19,Jason Dufner,E
19,Matt Every,E
19,Brice Garnett,E
19,Brian Gay,E
19,Brian Harman,E
19,Justin Hicks,E
19,Charles Howell III,E
19,Justin Leonard,E
19,Kevin Na,E
19,Chris Stroud,E
19,Hideto Tanihara,E
19,Jimmy Walker,E
19,Will Wilcox,E
34,Mark Wilson,+.333
35,Stewart Cink,+.500
35,Hudson Swafford,+.500
37,K.J. Choi,+1.000
37,Tommy Gainey,+1.000
37,Paul Goydos,+1.000
37,David Hearn,+1.000
37,Morgan Hoffmann,+1.000
37,S.Y. Noh,+1.000
37,D.A. Points,+1.000
37,Charlie Wi,+1.000
