rank,player,Avg RTP
1,Matt Every,-.500
1,Zach Johnson,-.500
3,Brian Stuard,-.444
4,Billy Hurley III,-.400
5,Greg Chalmers,-.333
5,Paul Goydos,-.333
5,Jerry Kelly,-.333
5,Ben Martin,-.333
5,John Peterson,-.333
5,Adam Scott,-.333
5,Hudson Swafford,-.333
5,Tim Wilkinson,-.333
13,K.J. Choi,-.250
13,Brendon de Jonge,-.250
15,Stewart Cink,-.200
16,Ryuji Imada,-.143
16,Derek Tolan,-.143
18,Jeff Overton,-.125
19,Robert Allenby,E
19,Stuart Appleby,E
19,Ricky Barnes,E
19,Charlie Beljan,E
19,Chad Collins,E
19,John Daly,E
19,Jason Dufner,E
19,Brice Garnett,E
19,Brian Gay,E
19,Retief Goosen,E
19,James Hahn,E
19,Brian Harman,E
19,David Hearn,E
19,Russell Henley,E
19,Tim Herron,E
19,Justin Hicks,E
19,Morgan Hoffmann,E
19,Chris Kirk,E
19,Matt Kuchar,E
19,Marc Leishman,E
19,Justin Leonard,E
19,Spencer Levin,E
19,William McGirt,E
19,Kevin Na,E
19,S.Y. Noh,E
19,D.A. Points,E
19,Michael Putnam,E
19,John Senden,E
19,Heath Slocum,E
19,Robert Streb,E
19,Chris Stroud,E
19,Daniel Summerhays,E
19,Hideto Tanihara,E
19,Brendon Todd,E
19,Tyrone Van Aswegen,E
19,Jimmy Walker,E
19,Boo Weekley,E
19,Charlie Wi,E
19,Mark Wilson,E
19,Y.E. Yang,E
59,Charles Howell III,+.333
59,Hyung-Sung Kim,+.333
61,Harris English,+.400
62,Tommy Gainey,+.500
62,Jason Kokrak,+.500
62,Peter Malnati,+.500
62,Will Wilcox,+.500
66,Scott Brown,+.600
67,Ryan Palmer,+1.000
67,John Rollins,+1.000
