rank,player,Avg RTP
1,Morgan Hoffmann,-.556
2,Marc Leishman,-.538
3,Tommy Gainey,-.500
3,Brendon Todd,-.500
5,Harris English,-.462
6,Sangmoon Bae,-.455
7,Kevin Na,-.417
8,Brice Garnett,-.400
9,Greg Chalmers,-.385
10,Jason Dufner,-.333
10,John Peterson,-.333
10,Daniel Summerhays,-.333
10,Jimmy Walker,-.333
14,Jason Kokrak,-.316
15,Retief Goosen,-.300
16,Brian Harman,-.286
17,Ryan Palmer,-.273
18,Hudson Swafford,-.267
19,D.A. Points,-.250
19,Michael Putnam,-.250
21,Hideto Tanihara,-.231
21,Will Wilcox,-.231
23,Ricky Barnes,-.222
23,John Daly,-.222
25,Chad Collins,-.214
25,David Hearn,-.214
27,John Senden,-.188
27,Brian Stuard,-.188
29,Tim Herron,-.182
29,Robert Streb,-.182
31,Charlie Beljan,-.176
31,Mark Wilson,-.176
33,Brian Gay,-.167
33,Jerry Kelly,-.167
33,Ben Martin,-.167
33,William McGirt,-.167
37,K.J. Choi,-.154
37,Spencer Levin,-.154
37,Tim Wilkinson,-.154
40,Chris Kirk,-.143
40,Derek Tolan,-.143
42,Stewart Cink,-.125
42,Matt Kuchar,-.125
44,Ryuji Imada,-.100
44,Jeff Overton,-.100
44,Charlie Wi,-.100
47,Tyrone Van Aswegen,-.091
48,Charles Howell III,-.083
49,Justin Hicks,-.077
50,Russell Henley,-.071
50,Justin Leonard,-.071
50,Adam Scott,-.071
53,S.Y. Noh,-.067
53,Y.E. Yang,-.067
55,Heath Slocum,-.059
56,Robert Allenby,E
56,Matt Every,E
56,Paul Goydos,E
56,James Hahn,E
56,Zach Johnson,E
56,Peter Malnati,E
56,John Rollins,E
56,Chris Stroud,E
64,Brendon de Jonge,+.071
65,Billy Hurley III,+.077
66,Pat Perez,+.111
67,Scott Brown,+.125
68,Boo Weekley,+.143
69,Hyung-Sung Kim,+.154
70,Stuart Appleby,+.182
71,Steven Bowditch,+.222
