rank,player,Avg RTP
1,Spencer Levin,-.667
2,Robert Allenby,-.600
2,Steven Bowditch,-.600
2,Jason Dufner,-.600
5,Ryuji Imada,-.500
5,Chris Stroud,-.500
5,Brian Stuard,-.500
5,Hudson Swafford,-.500
9,Stewart Cink,-.400
9,Pat Perez,-.400
11,Billy Hurley III,-.333
11,Zach Johnson,-.333
11,Jerry Kelly,-.333
11,Matt Kuchar,-.333
11,Mark Wilson,-.333
16,Chris Kirk,-.286
16,Jeff Overton,-.286
18,Charles Howell III,-.250
19,Justin Hicks,-.222
20,Sangmoon Bae,-.200
20,John Daly,-.200
20,Retief Goosen,-.200
20,Tim Herron,-.200
20,Justin Leonard,-.200
20,Ryan Palmer,-.200
20,John Senden,-.200
20,Hideto Tanihara,-.200
20,Will Wilcox,-.200
20,Y.E. Yang,-.200
30,John Peterson,-.167
30,Tyrone Van Aswegen,-.167
32,Stuart Appleby,-.143
32,William McGirt,-.143
32,John Rollins,-.143
35,K.J. Choi,-.125
35,Brendon de Jonge,-.125
35,Russell Henley,-.125
35,Heath Slocum,-.125
35,Tim Wilkinson,-.125
40,Charlie Beljan,E
40,Greg Chalmers,E
40,Chad Collins,E
40,Brian Gay,E
40,Paul Goydos,E
40,James Hahn,E
40,Brian Harman,E
40,David Hearn,E
40,Hyung-Sung Kim,E
40,Jason Kokrak,E
40,Marc Leishman,E
40,Kevin Na,E
40,S.Y. Noh,E
40,D.A. Points,E
40,Michael Putnam,E
40,Robert Streb,E
40,Daniel Summerhays,E
40,Brendon Todd,E
40,Charlie Wi,E
59,Harris English,+.200
59,Matt Every,+.200
59,Ben Martin,+.200
59,Derek Tolan,+.200
59,Boo Weekley,+.200
64,Scott Brown,+.222
65,Brice Garnett,+.250
65,Adam Scott,+.250
67,Peter Malnati,+.286
68,Jimmy Walker,+.333
69,Morgan Hoffmann,+.400
70,Tommy Gainey,+.500
71,Ricky Barnes,+.750
