rank,player,%,Total Birdies,Total Holes
1,Matt Every,35.71,5,14
2,Will Wilcox,33.33,5,15
3,Charles Howell III,31.25,5,16
4,Jason Dufner,29.41,5,17
5,Boo Weekley,28.57,4,14
6,Chris Kirk,26.67,4,15
7,Stewart Cink,25.00,3,12
8,Marc Leishman,23.53,4,17
8,Hideto Tanihara,23.53,4,17
10,Brendon Todd,23.08,3,13
11,Harris English,22.73,5,22
12,Ricky Barnes,22.22,4,18
12,Scott Brown,22.22,4,18
14,Jason Kokrak,21.43,3,14
14,Ryan Palmer,21.43,3,14
14,Jimmy Walker,21.43,3,14
17,Derek Tolan,21.05,4,19
18,Jeff Overton,20.00,3,15
19,Steven Bowditch,19.05,4,21
20,Stuart Appleby,18.75,3,16
21,Sangmoon Bae,17.65,3,17
21,Brian Gay,17.65,3,17
21,S.Y. Noh,17.65,3,17
21,Michael Putnam,17.65,3,17
21,Y.E. Yang,17.65,3,17
26,Robert Allenby,16.67,3,18
26,Brendon de Jonge,16.67,3,18
26,Chris Stroud,16.67,3,18
26,Hudson Swafford,16.67,3,18
30,Charlie Beljan,15.79,3,19
30,Brian Harman,15.79,3,19
30,Zach Johnson,15.79,3,19
33,Jerry Kelly,15.38,2,13
34,K.J. Choi,14.29,2,14
34,Matt Kuchar,14.29,2,14
34,Peter Malnati,14.29,2,14
34,Kevin Na,14.29,2,14
34,Adam Scott,14.29,2,14
34,John Senden,14.29,2,14
40,Tyrone Van Aswegen,13.64,3,22
40,Mark Wilson,13.64,3,22
42,John Rollins,13.33,2,15
43,Justin Hicks,12.50,2,16
43,Morgan Hoffmann,12.50,2,16
43,Billy Hurley III,12.50,2,16
43,Justin Leonard,12.50,2,16
43,John Peterson,12.50,2,16
43,D.A. Points,12.50,2,16
43,Tim Wilkinson,12.50,2,16
50,Russell Henley,11.76,2,17
50,Brian Stuard,11.76,2,17
52,Greg Chalmers,11.11,2,18
52,David Hearn,11.11,2,18
52,Ryuji Imada,11.11,2,18
55,James Hahn,10.53,2,19
55,Tim Herron,10.53,2,19
55,Charlie Wi,10.53,2,19
58,Brice Garnett,10.00,2,20
59,Chad Collins,9.52,2,21
60,Hyung-Sung Kim,9.09,2,22
61,Heath Slocum,7.14,1,14
62,William McGirt,6.67,1,15
63,Tommy Gainey,6.25,1,16
64,Ben Martin,5.88,1,17
65,John Daly,5.56,1,18
65,Robert Streb,5.56,1,18
67,Retief Goosen,.00,0,19
67,Paul Goydos,.00,0,16
67,Spencer Levin,.00,0,14
67,Pat Perez,.00,0,17
67,Daniel Summerhays,.00,0,12
