rank,player,%,Total Birdies,Total Holes
1,Jerry Kelly,50.00,8,16
2,John Daly,40.00,6,15
3,Hideto Tanihara,38.89,7,18
4,Jimmy Walker,38.46,5,13
5,Ben Martin,37.50,6,16
6,Tyrone Van Aswegen,36.36,4,11
7,Ryuji Imada,35.71,5,14
8,Heath Slocum,33.33,4,12
9,Boo Weekley,31.82,7,22
10,K.J. Choi,30.77,4,13
11,Charlie Beljan,30.00,3,10
12,Jeff Overton,29.41,5,17
12,Brian Stuard,29.41,5,17
14,Brendon de Jonge,28.57,4,14
14,Zach Johnson,28.57,4,14
14,Michael Putnam,28.57,4,14
17,Greg Chalmers,27.27,3,11
17,Brice Garnett,27.27,3,11
17,D.A. Points,27.27,3,11
20,Matt Every,26.67,4,15
20,David Hearn,26.67,4,15
20,Billy Hurley III,26.67,4,15
20,Chris Stroud,26.67,4,15
24,Robert Allenby,25.00,4,16
24,Ricky Barnes,25.00,4,16
24,Harris English,25.00,3,12
24,Marc Leishman,25.00,4,16
24,Charlie Wi,25.00,3,12
29,Russell Henley,23.53,4,17
30,Brian Gay,23.08,3,13
30,Brian Harman,23.08,3,13
30,Y.E. Yang,23.08,3,13
33,Paul Goydos,22.22,2,9
33,Jason Kokrak,22.22,2,9
33,Hudson Swafford,22.22,2,9
36,Jason Dufner,21.43,3,14
36,James Hahn,21.43,3,14
36,William McGirt,21.43,3,14
36,Ryan Palmer,21.43,3,14
40,Daniel Summerhays,21.05,4,19
41,Retief Goosen,20.00,3,15
41,Peter Malnati,20.00,3,15
41,John Rollins,20.00,2,10
41,Tim Wilkinson,20.00,3,15
41,Mark Wilson,20.00,1,5
46,Tim Herron,18.75,3,16
46,Justin Hicks,18.75,3,16
48,S.Y. Noh,18.18,2,11
49,Chris Kirk,17.65,3,17
50,Spencer Levin,16.67,1,6
50,Brendon Todd,16.67,3,18
52,Stuart Appleby,15.38,2,13
52,Steven Bowditch,15.38,2,13
52,Tommy Gainey,15.38,2,13
55,Stewart Cink,14.29,2,14
55,Pat Perez,14.29,1,7
55,Adam Scott,14.29,2,14
58,John Senden,13.33,2,15
58,Derek Tolan,13.33,2,15
60,Justin Leonard,12.50,2,16
60,John Peterson,12.50,2,16
62,Matt Kuchar,10.00,1,10
62,Kevin Na,10.00,1,10
64,Hyung-Sung Kim,9.09,1,11
64,Will Wilcox,9.09,1,11
66,Charles Howell III,7.69,1,13
67,Scott Brown,7.14,1,14
67,Morgan Hoffmann,7.14,1,14
67,Robert Streb,7.14,1,14
70,Sangmoon Bae,6.67,1,15
71,Chad Collins,.00,0,12
