rank,player,Avg RTP
1,Brian Stuard,-.667
2,John Daly,-.500
2,Heath Slocum,-.500
4,Hyung-Sung Kim,-.333
4,Chris Kirk,-.333
4,Robert Streb,-.333
4,Chris Stroud,-.333
8,Pat Perez,-.286
9,Tommy Gainey,-.250
9,Charles Howell III,-.250
11,Justin Hicks,-.200
11,Tim Wilkinson,-.200
13,Brian Gay,-.167
13,Justin Leonard,-.167
13,John Peterson,-.167
16,Harris English,-.143
17,Sangmoon Bae,-.125
17,William McGirt,-.125
17,Jimmy Walker,-.125
20,Robert Allenby,E
20,Stuart Appleby,E
20,Steven Bowditch,E
20,Scott Brown,E
20,Greg Chalmers,E
20,Brendon de Jonge,E
20,Brice Garnett,E
20,Retief Goosen,E
20,Paul Goydos,E
20,Tim Herron,E
20,Peter Malnati,E
20,Hudson Swafford,E
20,Derek Tolan,E
33,Spencer Levin,+.083
34,Morgan Hoffmann,+.100
35,K.J. Choi,+.111
35,Jason Kokrak,+.111
37,Charlie Wi,+.125
38,Ricky Barnes,+.143
38,Ryuji Imada,+.143
38,Matt Kuchar,+.143
38,Adam Scott,+.143
38,Boo Weekley,+.143
43,Chad Collins,+.167
43,Russell Henley,+.167
43,Jerry Kelly,+.167
46,Stewart Cink,+.200
46,Hideto Tanihara,+.200
48,John Rollins,+.214
49,Zach Johnson,+.250
49,S.Y. Noh,+.250
49,Tyrone Van Aswegen,+.250
49,Mark Wilson,+.250
49,Y.E. Yang,+.250
54,Marc Leishman,+.286
55,Jason Dufner,+.333
55,Matt Every,+.333
55,David Hearn,+.333
55,Kevin Na,+.333
55,Ryan Palmer,+.333
55,D.A. Points,+.333
55,Brendon Todd,+.333
62,Brian Harman,+.400
62,Billy Hurley III,+.400
62,Jeff Overton,+.400
62,Michael Putnam,+.400
62,Will Wilcox,+.400
67,Charlie Beljan,+.429
67,John Senden,+.429
67,Daniel Summerhays,+.429
70,James Hahn,+.500
70,Ben Martin,+.500
