rank,player,Avg RTP
1,Ryuji Imada,-.800
2,Jimmy Walker,-.556
3,Hideto Tanihara,-.467
4,John Daly,-.455
5,Brice Garnett,-.429
5,D.A. Points,-.429
7,Ricky Barnes,-.400
8,Boo Weekley,-.385
9,Charlie Beljan,-.375
9,Brendon de Jonge,-.375
9,Jerry Kelly,-.375
9,Tyrone Van Aswegen,-.375
13,David Hearn,-.364
14,James Hahn,-.333
14,Jeff Overton,-.333
14,Michael Putnam,-.333
14,John Rollins,-.333
14,Mark Wilson,-.333
19,Robert Allenby,-.308
19,Daniel Summerhays,-.308
21,Brian Harman,-.300
22,Greg Chalmers,-.286
22,Harris English,-.286
22,Jason Kokrak,-.286
22,S.Y. Noh,-.286
26,Retief Goosen,-.273
27,Stuart Appleby,-.250
27,K.J. Choi,-.250
27,Zach Johnson,-.250
30,Russell Henley,-.231
30,Peter Malnati,-.231
32,Tim Herron,-.222
32,Marc Leishman,-.222
32,Chris Stroud,-.222
35,Spencer Levin,-.200
35,Ryan Palmer,-.200
35,Heath Slocum,-.200
35,Hudson Swafford,-.200
39,Matt Every,-.182
40,Paul Goydos,-.167
40,Chris Kirk,-.167
40,William McGirt,-.167
40,Kevin Na,-.167
40,Charlie Wi,-.167
45,Pat Perez,-.143
46,Jason Dufner,-.125
46,Tommy Gainey,-.125
46,Hyung-Sung Kim,-.125
46,Adam Scott,-.125
46,Brian Stuard,-.125
46,Will Wilcox,-.125
52,Y.E. Yang,-.111
53,Billy Hurley III,-.100
53,Ben Martin,-.100
53,Brendon Todd,-.100
56,Steven Bowditch,-.091
56,John Peterson,-.091
58,Sangmoon Bae,-.077
58,John Senden,-.077
60,Stewart Cink,E
60,Chad Collins,E
60,Charles Howell III,E
60,Justin Leonard,E
60,Derek Tolan,E
60,Tim Wilkinson,E
66,Scott Brown,+.111
66,Brian Gay,+.111
68,Morgan Hoffmann,+.143
69,Matt Kuchar,+.167
70,Justin Hicks,+.200
71,Robert Streb,+.333
