rank,player,Avg RTP
1,Chad Collins,-1.000
1,Brice Garnett,-1.000
1,Brian Gay,-1.000
1,Paul Goydos,-1.000
1,James Hahn,-1.000
1,Justin Hicks,-1.000
1,Billy Hurley III,-1.000
1,Hyung-Sung Kim,-1.000
1,Ben Martin,-1.000
1,Pat Perez,-1.000
1,John Senden,-1.000
1,Chris Stroud,-1.000
1,Brendon Todd,-1.000
1,Jimmy Walker,-1.000
1,Will Wilcox,-1.000
1,Tim Wilkinson,-1.000
1,Mark Wilson,-1.000
18,Zach Johnson,-.500
18,Justin Leonard,-.500
18,Spencer Levin,-.500
18,Heath Slocum,-.500
18,Charlie Wi,-.500
23,Charlie Beljan,E
23,Matt Kuchar,E
23,D.A. Points,E
23,Daniel Summerhays,E
