rank,player,Avg (Yards),Total Distance (inches),Number of Approach Shots
1,Fred Funk,86.3,"9,318,000",3
2,Bart Bryant,135.3,"53,582,000",11
3,Heath Slocum,148.8,"48,205,000",9
4,Robert Gamez,150.6,"59,626,000",11
5,Brad Faxon,156.5,"56,335,000",10
6,Justin Leonard,159.9,"46,040,000",8
7,Ben Crane,162.5,"46,808,000",8
8,Peter Lonard,164.8,"53,386,000",9
9,K.J. Choi,165.9,"65,700,000",11
10,Jim Furyk,171.3,"80,185,000",13
11,Kenny Perry,173.8,"68,841,000",11
12,Olin Browne,180.0,"77,745,000",12
13,Vaughn Taylor,180.8,"84,616,000",13
14,Vijay Singh,182.0,"117,963,000",18
15,Sergio Garcia,183.6,"85,908,000",13
16,Tim Petrovic,185.5,"86,804,000",13
17,Ted Purdy,187.3,"80,906,000",12
18,Stuart Appleby,189.4,"102,261,000",15
19,David Toms,193.6,"83,632,000",12
20,Mark Calcavecchia,195.8,"77,540,000",11
21,Sean O'Hair,198.9,"71,602,000",10
22,Jason Bohn,200.9,"86,783,000",12
23,Carl Pettersson,224.1,"88,742,000",11
24,Lucas Glover,225.4,"146,032,000",18
25,Michael Campbell,225.7,"121,857,000",15
26,"Wes Short, Jr.",232.2,"91,945,000",11
27,Geoff Ogilvy,236.6,"119,255,000",14
28,Jason Gore,242.8,"61,184,000",7
