rank,player,Avg (Yards),Total Distance (inches),Number of Approach Shots
1,K.J. Choi,128.9,"69,618,000",15
2,Justin Leonard,135.3,"43,833,000",9
3,Bart Bryant,141.1,"66,022,000",13
4,Ted Purdy,141.6,"122,382,000",24
5,Sean O'Hair,142.0,"122,696,000",24
6,Olin Browne,144.7,"104,187,000",20
7,David Toms,145.8,"83,960,000",16
8,Robert Gamez,148.4,"80,159,000",15
9,Kenny Perry,154.5,"111,258,000",20
10,Tim Petrovic,154.9,"94,816,000",17
11,Heath Slocum,155.1,"133,967,000",24
12,Jason Bohn,155.9,"101,020,000",18
13,Peter Lonard,157.5,"68,047,000",12
14,Vijay Singh,157.9,"45,485,000",8
15,Michael Campbell,158.7,"62,854,000",11
16,Vaughn Taylor,160.7,"57,841,000",10
17,Fred Funk,161.1,"104,410,000",18
18,Brad Faxon,162.9,"123,150,000",21
19,"Wes Short, Jr.",163.3,"88,185,000",15
20,Geoff Ogilvy,165.1,"95,091,000",16
21,Lucas Glover,165.4,"83,377,000",14
21,Carl Pettersson,165.4,"142,946,000",24
23,Mark Calcavecchia,166.6,"89,988,000",15
24,Ben Crane,173.1,"105,909,000",17
25,Jason Gore,174.1,"131,587,000",21
26,Stuart Appleby,177.9,"51,240,000",8
27,Sergio Garcia,179.3,"77,474,000",12
28,Jim Furyk,188.8,"54,376,000",8
