rank,player,Avg,Total Strokes,Total Rounds
1,Robert Garrigus,63.00,63,1
2,Ernie Els,64.00,64,1
3,Jason Day,66.00,66,1
3,Dustin Johnson,66.00,66,1
5,Francesco Molinari,67.00,67,1
5,Carl Pettersson,67.00,67,1
5,Justin Rose,67.00,67,1
5,Adam Scott,67.00,67,1
5,Steve Stricker,67.00,67,1
10,Jonathan Byrd,68.00,68,1
10,Tim Clark,68.00,68,1
10,Jim Furyk,68.00,68,1
10,Bill Lunde,68.00,68,1
10,Graeme McDowell,68.00,68,1
10,Ian Poulter,68.00,68,1
16,Arjun Atwal,69.00,69,1
17,Matt Bettencourt,70.00,70,1
17,Ben Crane,70.00,70,1
17,Bill Haas,70.00,70,1
17,Matt Kuchar,70.00,70,1
17,Hunter Mahan,70.00,70,1
17,Rocco Mediate,70.00,70,1
17,Bubba Watson,70.00,70,1
24,Cameron Beckman,71.00,71,1
24,Anthony Kim,71.00,71,1
26,Jason Bohn,72.00,72,1
26,Ryan Palmer,72.00,72,1
28,Zach Johnson,73.00,73,1
29,Heath Slocum,74.00,74,1
30,Stuart Appleby,75.00,75,1
30,Charley Hoffman,75.00,75,1
32,Derek Lamely,76.00,76,1
