rank,player,Avg,Total Strokes,Total Rounds
1,Jonathan Byrd,66.00,66,1
1,Carl Pettersson,66.00,66,1
3,Ben Crane,67.00,67,1
4,Jim Furyk,68.00,68,1
4,Bill Haas,68.00,68,1
4,Charley Hoffman,68.00,68,1
7,Stuart Appleby,69.00,69,1
7,Robert Garrigus,69.00,69,1
7,Anthony Kim,69.00,69,1
7,Matt Kuchar,69.00,69,1
7,Francesco Molinari,69.00,69,1
7,Steve Stricker,69.00,69,1
13,Bill Lunde,70.00,70,1
13,Hunter Mahan,70.00,70,1
13,Ryan Palmer,70.00,70,1
13,Ian Poulter,70.00,70,1
13,Heath Slocum,70.00,70,1
13,Bubba Watson,70.00,70,1
19,Dustin Johnson,71.00,71,1
19,Zach Johnson,71.00,71,1
19,Graeme McDowell,71.00,71,1
22,Arjun Atwal,72.00,72,1
22,Cameron Beckman,72.00,72,1
22,Jason Bohn,72.00,72,1
22,Tim Clark,72.00,72,1
22,Ernie Els,72.00,72,1
22,Derek Lamely,72.00,72,1
28,Matt Bettencourt,73.00,73,1
28,Jason Day,73.00,73,1
28,Adam Scott,73.00,73,1
31,Justin Rose,75.00,75,1
32,Rocco Mediate,79.00,79,1
