rank,player,Avg,Total Strokes,Total Rounds
1,Graeme McDowell,62.00,62,1
2,Ian Poulter,66.00,66,1
3,Jonathan Byrd,67.00,67,1
3,Robert Garrigus,67.00,67,1
3,Hunter Mahan,67.00,67,1
6,Tim Clark,68.00,68,1
6,Dustin Johnson,68.00,68,1
6,Anthony Kim,68.00,68,1
6,Carl Pettersson,68.00,68,1
6,Justin Rose,68.00,68,1
11,Matt Bettencourt,69.00,69,1
11,Bill Haas,69.00,69,1
11,Matt Kuchar,69.00,69,1
14,Arjun Atwal,70.00,70,1
14,Jason Bohn,70.00,70,1
14,Jason Day,70.00,70,1
14,Jim Furyk,70.00,70,1
14,Derek Lamely,70.00,70,1
14,Francesco Molinari,70.00,70,1
14,Ryan Palmer,70.00,70,1
14,Heath Slocum,70.00,70,1
22,Cameron Beckman,71.00,71,1
22,Ernie Els,71.00,71,1
22,Zach Johnson,71.00,71,1
22,Bill Lunde,71.00,71,1
22,Rocco Mediate,71.00,71,1
22,Steve Stricker,71.00,71,1
28,Stuart Appleby,72.00,72,1
28,Ben Crane,72.00,72,1
28,Bubba Watson,72.00,72,1
31,Adam Scott,73.00,73,1
32,Charley Hoffman,75.00,75,1
