rank,player,%
1,Arjun Atwal,100.00
1,Matt Bettencourt,100.00
1,Jonathan Byrd,100.00
1,Tim Clark,100.00
1,Robert Garrigus,100.00
1,Dustin Johnson,100.00
1,Anthony Kim,100.00
1,Derek Lamely,100.00
1,Hunter Mahan,100.00
1,Graeme McDowell,100.00
1,Rocco Mediate,100.00
1,Carl Pettersson,100.00
1,Ian Poulter,100.00
1,Justin Rose,100.00
1,Steve Stricker,100.00
16,Stuart Appleby,.00
16,Cameron Beckman,.00
16,Jason Bohn,.00
16,Ben Crane,.00
16,Jason Day,.00
16,Ernie Els,.00
16,Jim Furyk,.00
16,Bill Haas,.00
16,Charley Hoffman,.00
16,Zach Johnson,.00
16,Matt Kuchar,.00
16,Bill Lunde,.00
16,Francesco Molinari,.00
16,Ryan Palmer,.00
16,Adam Scott,.00
16,Heath Slocum,.00
16,Bubba Watson,.00
