rank,player,%,Total Birdies,Total Holes,GIR Rank
1,Hideki Matsuyama,48.61%,35,72,4
2,Collin Morikawa,45.83%,33,72,1
3,Sungjae Im,44.44%,32,72,27
4,Cam Davis,41.67%,30,72,33
4,Jhonattan Vegas,41.67%,30,72,12
6,Patrick Cantlay,40.28%,29,72,33
6,Matt Fitzpatrick,40.28%,29,72,21
6,Adam Scott,40.28%,29,72,27
9,Sam Burns,38.89%,28,72,4
9,Thomas Detry,38.89%,28,72,33
9,Austin Eckroat,38.89%,28,72,21
9,Harry Hall,38.89%,28,72,12
9,Sepp Straka,38.89%,28,72,12
9,Cameron Young,38.89%,28,72,53
15,Ludvig Åberg,37.50%,27,72,27
15,Wyndham Clark,37.50%,27,72,27
15,Corey Conners,37.50%,27,72,4
15,Maverick McNealy,37.50%,27,72,4
15,Aaron Rai,37.50%,27,72,12
20,Max Greyserman,36.11%,26,72,19
20,Robert MacIntyre,36.11%,26,72,12
20,Taylor Pendrith,36.11%,26,72,12
20,Justin Thomas,36.11%,26,72,40
24,Adam Hadwin,34.72%,25,72,48
25,Keegan Bradley,33.33%,24,72,21
25,Russell Henley,33.33%,24,72,33
25,Tom Hoge,33.33%,24,72,2
25,Max Homa,33.33%,24,72,4
25,Stephan Jaeger,33.33%,24,72,53
25,Si Woo Kim,33.33%,24,72,56
25,J.T. Poston,33.33%,24,72,33
32,Xander Schauffele,31.94%,23,72,19
32,Sahith Theegala,31.94%,23,72,33
32,Davis Thompson,31.94%,23,72,12
35,Byeong Hun An,30.56%,22,72,27
35,Chris Kirk,30.56%,22,72,48
35,Will Zalatoris,30.56%,22,72,4
38,Nico Echavarria,29.17%,21,72,40
38,Tony Finau,29.17%,21,72,21
38,Chris Gotterup,29.17%,21,72,4
38,Viktor Hovland,29.17%,21,72,45
42,Akshay Bhatia,27.78%,20,72,45
42,Jake Knapp,27.78%,20,72,53
42,Kevin Yu,27.78%,20,72,45
45,Rafael Campos,26.39%,19,72,40
45,Patton Kizzire,26.39%,19,72,52
45,Denny McCarthy,26.39%,19,72,21
48,Billy Horschel,25.00%,18,72,21
48,Peter Malnati,25.00%,18,72,58
48,Nick Taylor,25.00%,18,72,40
51,Christiaan Bezuidenhout,23.61%,17,72,33
51,Jason Day,23.61%,17,72,2
51,Brice Garnett,23.61%,17,72,27
51,Brian Harman,23.61%,17,72,40
51,Matthieu Pavon,23.61%,17,72,57
56,Matt McCarty,22.22%,16,72,48
57,Eric Cole,20.83%,15,72,48
57,Nick Dunlap,20.83%,15,72,4
