rank,player,Avg,# of Birdies,Total Rounds
1,Hideki Matsuyama,8.25,33,4
2,Collin Morikawa,8.00,32,4
3,Sungjae Im,7.75,31,4
4,Matt Fitzpatrick,7.25,29,4
4,Adam Scott,7.25,29,4
4,Jhonattan Vegas,7.25,29,4
7,Sam Burns,7.00,28,4
7,Cam Davis,7.00,28,4
7,Sepp Straka,7.00,28,4
10,Thomas Detry,6.75,27,4
10,Austin Eckroat,6.75,27,4
10,Harry Hall,6.75,27,4
10,Maverick McNealy,6.75,27,4
10,Cameron Young,6.75,27,4
15,Patrick Cantlay,6.50,26,4
15,Wyndham Clark,6.50,26,4
15,Max Greyserman,6.50,26,4
15,Robert MacIntyre,6.50,26,4
15,Aaron Rai,6.50,26,4
20,Ludvig Åberg,6.25,25,4
20,Corey Conners,6.25,25,4
22,Adam Hadwin,6.00,24,4
22,Russell Henley,6.00,24,4
22,Tom Hoge,6.00,24,4
22,Max Homa,6.00,24,4
22,Stephan Jaeger,6.00,24,4
22,Taylor Pendrith,6.00,24,4
22,J.T. Poston,6.00,24,4
22,Justin Thomas,6.00,24,4
30,Si Woo Kim,5.75,23,4
31,Byeong Hun An,5.50,22,4
31,Keegan Bradley,5.50,22,4
31,Xander Schauffele,5.50,22,4
31,Will Zalatoris,5.50,22,4
35,Chris Gotterup,5.25,21,4
35,Chris Kirk,5.25,21,4
35,Sahith Theegala,5.25,21,4
35,Davis Thompson,5.25,21,4
39,Nico Echavarria,5.00,20,4
40,Akshay Bhatia,4.75,19,4
40,Rafael Campos,4.75,19,4
40,Tony Finau,4.75,19,4
40,Viktor Hovland,4.75,19,4
40,Denny McCarthy,4.75,19,4
40,Kevin Yu,4.75,19,4
46,Billy Horschel,4.50,18,4
46,Jake Knapp,4.50,18,4
48,Jason Day,4.25,17,4
48,Brice Garnett,4.25,17,4
48,Patton Kizzire,4.25,17,4
48,Peter Malnati,4.25,17,4
52,Brian Harman,4.00,16,4
52,Matt McCarty,4.00,16,4
52,Matthieu Pavon,4.00,16,4
52,Nick Taylor,4.00,16,4
56,Christiaan Bezuidenhout,3.75,15,4
56,Eric Cole,3.75,15,4
56,Nick Dunlap,3.75,15,4
