rank,player,Avg,Total Strokes,Total Adjustment,Total Rounds
1,Hideki Matsuyama,68.505,257,17.021,4
2,Collin Morikawa,69.255,260,17.021,4
3,Sungjae Im,70.005,263,17.021,4
4,Jhonattan Vegas,71.005,267,17.021,4
5,Ludvig Åberg,71.255,268,17.021,4
5,Corey Conners,71.255,268,17.021,4
5,Thomas Detry,71.255,268,17.021,4
8,Sam Burns,71.505,269,17.021,4
8,Harry Hall,71.505,269,17.021,4
8,Tom Hoge,71.505,269,17.021,4
8,Maverick McNealy,71.505,269,17.021,4
8,Cameron Young,71.505,269,17.021,4
13,Cam Davis,71.755,270,17.021,4
13,Taylor Pendrith,71.755,270,17.021,4
15,Keegan Bradley,72.005,271,17.021,4
15,Patrick Cantlay,72.005,271,17.021,4
15,Wyndham Clark,72.005,271,17.021,4
15,Austin Eckroat,72.005,271,17.021,4
15,Tony Finau,72.005,271,17.021,4
15,Robert MacIntyre,72.005,271,17.021,4
15,Aaron Rai,72.005,271,17.021,4
15,Adam Scott,72.005,271,17.021,4
15,Sepp Straka,72.005,271,17.021,4
24,Matt Fitzpatrick,72.255,272,17.021,4
24,Max Greyserman,72.255,272,17.021,4
26,Max Homa,72.505,273,17.021,4
26,Justin Thomas,72.505,273,17.021,4
26,Will Zalatoris,72.505,273,17.021,4
29,Adam Hadwin,72.755,274,17.021,4
30,Russell Henley,73.005,275,17.021,4
30,Xander Schauffele,73.005,275,17.021,4
32,Byeong Hun An,73.255,276,17.021,4
32,Akshay Bhatia,73.255,276,17.021,4
32,Nico Echavarria,73.255,276,17.021,4
32,Si Woo Kim,73.255,276,17.021,4
36,Viktor Hovland,73.505,277,17.021,4
36,Stephan Jaeger,73.505,277,17.021,4
36,Sahith Theegala,73.505,277,17.021,4
36,Davis Thompson,73.505,277,17.021,4
40,Christiaan Bezuidenhout,73.755,278,17.021,4
40,Jason Day,73.755,278,17.021,4
40,Patton Kizzire,73.755,278,17.021,4
40,J.T. Poston,73.755,278,17.021,4
44,Chris Kirk,74.005,279,17.021,4
44,Kevin Yu,74.005,279,17.021,4
46,Chris Gotterup,74.255,280,17.021,4
46,Denny McCarthy,74.255,280,17.021,4
48,Brice Garnett,74.505,281,17.021,4
48,Matthieu Pavon,74.505,281,17.021,4
48,Nick Taylor,74.505,281,17.021,4
51,Billy Horschel,74.755,282,17.021,4
52,Eric Cole,75.005,283,17.021,4
53,Peter Malnati,75.255,284,17.021,4
53,Matt McCarty,75.255,284,17.021,4
55,Nick Dunlap,75.505,285,17.021,4
56,Jake Knapp,75.755,286,17.021,4
57,Rafael Campos,76.255,288,17.021,4
58,Brian Harman,76.505,289,17.021,4
