rank,player,%,Successes,Attempts,RTP-Successes,RTP-Not going for the grn
1,Marc Leishman,53.33,8,15,-9,-4.00
2,Matt Kuchar,50.00,5,10,-4,-2.00
3,Jason Day,43.75,7,16,-6,+1.00
3,Justin Thomas,43.75,7,16,-7,+1.00
5,Gary Woodland,38.89,7,18,-8,-2.00
6,Keegan Bradley,38.46,5,13,-6,+2.00
7,Xander Schauffele,36.84,7,19,-7,-1.00
8,Cameron Champ,35.00,7,20,-6,+2.00
9,Paul Casey,33.33,5,15,-5,-1.00
9,Scott Piercy,33.33,4,12,-5,-2.00
9,Webb Simpson,33.33,5,15,-7,-2.00
12,Charles Howell III,31.25,5,16,-5,-1.00
13,Patton Kizzire,30.77,4,13,-2,-3.00
14,Bubba Watson,29.41,5,17,-3,+2.00
15,Rory McIlroy,28.57,6,21,-6,E
16,Jon Rahm,26.32,5,19,-5,-2.00
17,Michael Kim,25.00,2,8,-1,+1.00
18,Billy Horschel,22.22,2,9,-2,-1.00
18,Aaron Wise,22.22,4,18,-4,-2.00
20,Brooks Koepka,21.05,4,19,-4,-2.00
21,Bryson DeChambeau,20.00,3,15,-2,-1.00
21,Brice Garnett,20.00,2,10,-2,-2.00
21,Kevin Tway,20.00,3,15,-2,-2.00
24,Ian Poulter,17.65,3,17,-3,-1.00
25,Troy Merritt,16.67,2,12,-2,-3.00
25,Francesco Molinari,16.67,2,12,-1,-3.00
27,"Ted Potter, Jr.",15.38,2,13,-2,E
28,Dustin Johnson,13.64,3,22,-2,E
29,Patrick Reed,11.76,2,17,-3,-1.00
30,Andrew Landry,9.09,1,11,-1,-6.00
31,Andrew Putnam,8.33,1,12,-1,-1.00
32,Brandt Snedeker,7.69,1,13,-1,+1.00
33,Satoshi Kodaira,.00,0,7,E,E
