rank,player,%,# of Birdie or Better,Attempts,RTP-Successes,RTP-Not going for the grn
1,Justin Thomas,87.50,14,16,-14,+1.00
2,Marc Leishman,80.00,12,15,-13,-4.00
3,Xander Schauffele,78.95,15,19,-16,-1.00
4,Gary Woodland,77.78,14,18,-15,-2.00
5,Michael Kim,75.00,6,8,-6,+1.00
6,Ian Poulter,70.59,12,17,-12,-1.00
7,Keegan Bradley,69.23,9,13,-11,+2.00
8,Jason Day,68.75,11,16,-12,+1.00
8,Charles Howell III,68.75,11,16,-12,-1.00
10,Brooks Koepka,68.42,13,19,-14,-2.00
11,Dustin Johnson,68.18,15,22,-15,E
12,Paul Casey,66.67,10,15,-10,-1.00
12,Scott Piercy,66.67,8,12,-9,-2.00
14,Jon Rahm,63.16,12,19,-12,-2.00
15,Rory McIlroy,61.90,13,21,-13,E
16,"Ted Potter, Jr.",61.54,8,13,-8,E
17,Patrick Reed,58.82,10,17,-11,-1.00
18,Troy Merritt,58.33,7,12,-7,-3.00
19,Billy Horschel,55.56,5,9,-5,-1.00
19,Aaron Wise,55.56,10,18,-10,-2.00
21,Cameron Champ,55.00,11,20,-11,+2.00
22,Bryson DeChambeau,53.33,8,15,-8,-1.00
22,Kevin Tway,53.33,8,15,-8,-2.00
24,Bubba Watson,52.94,9,17,-10,+2.00
25,Brice Garnett,50.00,5,10,-5,-2.00
25,Matt Kuchar,50.00,5,10,-5,-2.00
27,Webb Simpson,46.67,7,15,-9,-2.00
28,Patton Kizzire,46.15,6,13,-6,-3.00
28,Brandt Snedeker,46.15,6,13,-6,+1.00
30,Satoshi Kodaira,42.86,3,7,-3,E
31,Francesco Molinari,41.67,5,12,-5,-3.00
32,Andrew Landry,36.36,4,11,-4,-6.00
33,Andrew Putnam,33.33,4,12,-4,-1.00
