rank,player,%,Attempts,Non-Attempts,RTP-Going for the green,RTP-Not going for the grn
1,Dustin Johnson,91.30,21,2,-15,E
1,Rory McIlroy,91.30,21,2,-13,E
3,Cameron Champ,82.61,19,4,-11,+2
3,Jon Rahm,82.61,19,4,-11,-2
3,Xander Schauffele,82.61,19,4,-16,-1
6,Brooks Koepka,78.26,18,5,-12,-2
6,Gary Woodland,78.26,18,5,-15,-2
8,Ian Poulter,73.91,17,6,-9,-1
8,Patrick Reed,73.91,17,6,-7,-1
8,Aaron Wise,73.91,17,6,-10,-2
11,Jason Day,69.57,16,7,-10,+1
11,Charles Howell III,69.57,16,7,-12,-1
11,Justin Thomas,69.57,16,7,-14,+1
11,Bubba Watson,69.57,16,7,-8,+2
15,Paul Casey,65.22,15,8,-7,-1
15,Webb Simpson,65.22,15,8,-8,-2
15,Kevin Tway,65.22,15,8,-8,-2
18,Bryson DeChambeau,60.87,14,9,-8,-1
18,Marc Leishman,60.87,14,9,-13,-4
20,Keegan Bradley,56.52,13,10,-11,+2
20,Patton Kizzire,56.52,13,10,-6,-3
20,"Ted Potter, Jr.",56.52,13,10,-8,E
20,Brandt Snedeker,56.52,13,10,-4,+1
24,Troy Merritt,52.17,12,11,-7,-3
24,Francesco Molinari,52.17,12,11,-3,-3
24,Scott Piercy,52.17,12,11,-9,-2
24,Andrew Putnam,52.17,12,11,-4,-1
28,Andrew Landry,47.83,11,12,E,-6
29,Brice Garnett,43.48,10,13,-4,-2
29,Matt Kuchar,43.48,10,13,-5,-2
31,Billy Horschel,39.13,9,14,-5,-1
32,Michael Kim,34.78,8,15,-6,+1
33,Satoshi Kodaira,30.43,7,16,-3,E
