rank,player,Avg,Distance (in inches),Attempts
1,Kevin Tway,226.5,"122,332.000",15
2,Jason Day,227.6,"131,108.000",16
3,Andrew Landry,231.0,"91,465.000",11
4,Scott Piercy,233.8,"101,010.000",12
5,Justin Thomas,235.1,"135,446.000",16
6,Keegan Bradley,235.4,"110,156.000",13
7,Matt Kuchar,235.5,"84,796.000",10
8,"Ted Potter, Jr.",236.1,"110,480.000",13
9,Brice Garnett,236.2,"85,037.000",10
10,Billy Horschel,237.5,"76,954.000",9
11,Michael Kim,242.0,"69,696.000",8
12,Charles Howell III,242.4,"139,620.000",16
12,Patton Kizzire,242.4,"113,440.000",13
14,Andrew Putnam,242.7,"104,826.000",12
15,Patrick Reed,243.9,"149,246.000",17
16,Paul Casey,245.5,"132,587.000",15
17,Bryson DeChambeau,246.4,"133,033.000",15
18,Marc Leishman,246.7,"133,226.000",15
19,Gary Woodland,248.7,"161,144.000",18
20,Bubba Watson,249.5,"152,719.000",17
21,Satoshi Kodaira,249.8,"62,946.000",7
22,Brandt Snedeker,250.5,"117,228.000",13
23,Xander Schauffele,253.2,"173,200.000",19
24,Dustin Johnson,255.1,"202,078.000",22
25,Cameron Champ,256.6,"184,731.000",20
26,Brooks Koepka,256.8,"175,651.000",19
27,Rory McIlroy,257.5,"194,642.000",21
28,Troy Merritt,259.8,"112,239.000",12
29,Jon Rahm,260.0,"177,839.000",19
30,Francesco Molinari,260.6,"112,571.000",12
31,Ian Poulter,262.7,"160,768.000",17
32,Webb Simpson,263.1,"142,096.000",15
33,Aaron Wise,268.8,"174,202.000",18
