rank,player,Avg,Total Dist after GFG Shot,Total GFG Shots
1,Keegan Bradley,15.7,"7,343.000",13
2,Justin Thomas,18.3,"10,531.000",16
3,Michael Kim,19.3,"5,569.000",8
4,Marc Leishman,20.7,"11,153.000",15
5,Xander Schauffele,20.9,"14,308.000",19
6,Matt Kuchar,21.4,"7,692.000",10
6,Gary Woodland,21.4,"13,890.000",18
8,Troy Merritt,21.9,"9,474.000",12
9,Rory McIlroy,22.2,"16,771.000",21
10,Scott Piercy,22.4,"9,688.000",12
11,Patton Kizzire,22.7,"10,611.000",13
12,Dustin Johnson,23.5,"18,573.000",22
13,Kevin Tway,23.6,"12,767.000",15
14,Brooks Koepka,23.8,"16,255.000",19
15,Satoshi Kodaira,23.9,"6,013.000",7
16,Charles Howell III,24.0,"13,810.000",16
17,Bubba Watson,24.1,"14,720.000",17
18,Aaron Wise,25.2,"16,307.000",18
19,Jon Rahm,25.7,"17,559.000",19
20,Brandt Snedeker,26.3,"12,288.000",13
21,Bryson DeChambeau,26.6,"14,363.000",15
22,Webb Simpson,26.7,"14,421.000",15
23,"Ted Potter, Jr.",27.2,"12,728.000",13
24,Billy Horschel,27.7,"8,976.000",9
25,Paul Casey,28.7,"15,519.000",15
26,Jason Day,28.8,"16,592.000",16
27,Andrew Putnam,30.5,"13,165.000",12
28,Patrick Reed,32.8,"20,085.000",17
29,Ian Poulter,33.8,"20,674.000",17
30,Brice Garnett,34.7,"12,483.000",10
31,Cameron Champ,37.0,"26,605.000",20
32,Francesco Molinari,38.3,"16,559.000",12
33,Andrew Landry,43.1,"17,062.000",11
