rank,player,%,Attempts
1,Gary Woodland,100.00,16
2,Charles Howell III,93.75,15
2,Dustin Johnson,93.75,15
2,Rory McIlroy,93.75,15
2,Patrick Reed,93.75,15
2,Xander Schauffele,93.75,15
2,Justin Thomas,93.75,15
2,Kevin Tway,93.75,15
9,Paul Casey,87.50,14
9,Cameron Champ,87.50,14
9,Jason Day,87.50,14
9,Bryson DeChambeau,87.50,14
9,Brooks Koepka,87.50,14
9,Marc Leishman,87.50,14
9,Ian Poulter,87.50,14
9,Jon Rahm,87.50,14
17,Patton Kizzire,81.25,13
17,Webb Simpson,81.25,13
17,Aaron Wise,81.25,13
20,Keegan Bradley,75.00,12
20,Bubba Watson,75.00,12
22,Scott Piercy,68.75,11
22,"Ted Potter, Jr.",68.75,11
22,Andrew Putnam,68.75,11
25,Andrew Landry,62.50,10
25,Francesco Molinari,62.50,10
25,Brandt Snedeker,62.50,10
28,Brice Garnett,56.25,9
28,Billy Horschel,56.25,9
28,Matt Kuchar,56.25,9
28,Troy Merritt,56.25,9
32,Michael Kim,50.00,8
33,Satoshi Kodaira,37.50,6
