rank,player,Avg,Total Distance (feet),# of Attempts,Relative to par
1,Gary Woodland,"2' 4""",2.333,1,-1
2,Marc Leishman,"13' 11""",27.750,2,-2
3,Patton Kizzire,"15' 0""",45.000,3,-1
4,Bryson DeChambeau,"15' 3""",45.750,3,-1
4,Justin Thomas,"15' 3""",30.500,2,E
6,Webb Simpson,"17' 4""",34.667,2,-1
7,Patrick Reed,"18' 9""",75.083,4,-1
8,Xander Schauffele,"18' 10""",56.500,3,-1
9,Satoshi Kodaira,"18' 11""",18.917,1,E
10,Francesco Molinari,"19' 6""",39.000,2,E
11,Brandt Snedeker,"19' 7""",19.583,1,-1
12,Jon Rahm,"20' 3""",80.917,4,-1
13,Jason Day,"20' 7""",61.750,3,+2
14,Brooks Koepka,"20' 8""",206.917,10,-1
15,Paul Casey,"21' 1""",42.083,2,E
16,Brice Garnett,"21' 6""",107.583,5,-1
17,Billy Horschel,"23' 0""",114.833,5,E
18,Bubba Watson,"24' 9""",123.583,5,+1
19,Ian Poulter,"25' 8""",51.333,2,+1
20,Dustin Johnson,"26' 9""",133.750,5,+1
21,Rory McIlroy,"26' 10""",107.167,4,E
22,Kevin Tway,"31' 3""",93.750,3,E
23,"Ted Potter, Jr.","31' 4""",31.333,1,E
24,Scott Piercy,"34' 0""",34.000,1,+1
25,Charles Howell III,"35' 0""",105.000,3,+1
26,Andrew Landry,"38' 7""",115.750,3,+2
27,Matt Kuchar,"40' 8""",40.667,1,-1
28,Cameron Champ,"42' 1""",168.417,4,+2
29,Michael Kim,"43' 5""",173.750,4,+2
30,Aaron Wise,"44' 11""",179.667,4,E
31,Andrew Putnam,"45' 3""",180.833,4,E
32,Keegan Bradley,"50' 0""",100.000,2,+2
