rank,player,Avg,Total Distance (feet),# of Attempts,Relative to par
1,Troy Merritt,"8' 5""",8.417,1,E
2,Keegan Bradley,"16' 11""",16.917,1,-1
3,Billy Horschel,"53' 9""",53.750,1,-1
4,Rory McIlroy,"58' 0""",116.000,2,-1
5,Scott Piercy,"62' 8""",313.417,5,E
6,Xander Schauffele,"67' 5""",134.750,2,-3
7,Cameron Champ,"71' 2""",142.333,2,-1
8,Patton Kizzire,"75' 7""",226.833,3,E
9,Jason Day,"85' 0""",85.000,1,+1
10,Webb Simpson,"86' 7""",173.167,2,-1
11,Andrew Landry,"87' 2""",174.250,2,+1
12,Bryson DeChambeau,"87' 11""",175.750,2,-1
13,Patrick Reed,"93' 1""",279.250,3,-1
14,Andrew Putnam,"95' 6""",190.917,2,E
15,Dustin Johnson,"99' 5""",99.417,1,E
16,Ian Poulter,"100' 1""",100.083,1,E
17,Michael Kim,"109' 6""",328.417,3,+1
18,Bubba Watson,"115' 10""",115.833,1,E
19,Brooks Koepka,"129' 6""",258.917,2,-1
20,Francesco Molinari,"138' 9""",138.750,1,+1
