rank,player,Avg,Attempts,Total Distance (feet),Relative to par
1,Brice Garnett,"17' 7""",1,17.583,E
2,Justin Thomas,"18' 5""",3,55.333,E
3,Matt Kuchar,"22' 2""",4,88.750,-1.00
4,Jon Rahm,"28' 9""",7,201.083,-1.00
5,Brooks Koepka,"32' 5""",8,259.083,+2.00
6,Marc Leishman,"32' 11""",6,197.333,-1.00
7,Francesco Molinari,"33' 3""",6,199.500,+1.00
8,Webb Simpson,"36' 7""",6,219.667,+1.00
9,"Ted Potter, Jr.","37' 3""",5,186.083,+1.00
10,Andrew Landry,"37' 6""",3,112.500,+2.00
11,Patton Kizzire,"37' 10""",5,189.333,E
12,Cameron Champ,"38' 6""",6,230.917,E
12,Billy Horschel,"38' 6""",9,346.667,+1.00
14,Jason Day,"39' 6""",2,79.000,+1.00
15,Xander Schauffele,"41' 5""",6,248.333,-1.00
16,Paul Casey,"42' 5""",4,169.667,+1.00
17,Rory McIlroy,"43' 2""",9,388.583,E
18,Keegan Bradley,"43' 9""",3,131.167,+2.00
19,Bryson DeChambeau,"43' 10""",9,394.333,-3.00
20,Kevin Tway,"44' 2""",6,265.083,+2.00
21,Charles Howell III,"44' 5""",3,133.333,E
22,Gary Woodland,"44' 6""",4,177.833,-1.00
23,Scott Piercy,"46' 6""",2,93.000,+2.00
24,Andrew Putnam,"46' 7""",7,325.833,+1.00
25,Aaron Wise,"47' 10""",4,191.250,+1.00
26,Ian Poulter,"48' 6""",5,242.583,E
27,Bubba Watson,"50' 2""",9,451.667,+4.00
28,Patrick Reed,"51' 7""",6,309.667,E
29,Dustin Johnson,"52' 8""",5,263.250,E
30,Michael Kim,"59' 3""",7,414.583,+2.00
31,Troy Merritt,"67' 6""",3,202.417,+3.00
32,Brandt Snedeker,"76' 11""",4,307.667,+2.00
