rank,player,Avg,Total Distance (feet),# of Attempts,Relative to par
1,Paul Casey,"13' 7""",27.167,2,E
2,Patton Kizzire,"15' 0""",45.000,3,-1
3,Webb Simpson,"17' 0""",67.833,4,E
4,Justin Thomas,"17' 11""",71.750,4,E
5,Marc Leishman,"18' 0""",72.083,4,-2
6,Xander Schauffele,"18' 10""",56.500,3,-1
7,Matt Kuchar,"20' 0""",80.083,4,E
8,Bryson DeChambeau,"20' 3""",40.417,2,E
9,Gary Woodland,"21' 2""",63.500,3,-1
10,Brice Garnett,"21' 6""",107.583,5,-1
11,Jason Day,"22' 7""",90.333,4,+2
12,Billy Horschel,"22' 10""",159.750,7,E
13,Brooks Koepka,"22' 11""",206.500,9,-2
14,Ian Poulter,"25' 8""",51.333,2,+1
15,Dustin Johnson,"27' 9""",138.750,5,+3
16,Rory McIlroy,"29' 0""",202.833,7,+1
17,Patrick Reed,"29' 1""",174.667,6,+2
17,Brandt Snedeker,"29' 1""",87.333,3,-1
19,Francesco Molinari,"31' 2""",155.750,5,E
20,Bubba Watson,"33' 2""",198.833,6,+2
21,Scott Piercy,"34' 0""",34.000,1,+1
22,Jon Rahm,"34' 1""",136.167,4,-1
23,Cameron Champ,"37' 5""",149.750,4,+1
24,Aaron Wise,"38' 1""",228.417,6,E
25,Charles Howell III,"39' 9""",159.083,4,+1
26,Michael Kim,"40' 10""",204.083,5,+2
27,"Ted Potter, Jr.","42' 10""",214.167,5,+2
28,Kevin Tway,"45' 9""",183.083,4,E
29,Satoshi Kodaira,"46' 2""",46.167,1,+1
30,Keegan Bradley,"50' 0""",100.000,2,+2
31,Andrew Putnam,"50' 5""",302.417,6,E
32,Andrew Landry,"55' 9""",111.417,2,+3
