rank,player,Avg,Total Distance (feet),# of Attempts,Relative to par
1,Dustin Johnson,"6' 8""",6.667,1,+1
2,Paul Casey,"9' 10""",9.833,1,E
3,Matt Kuchar,"13' 2""",39.417,3,+1
4,Webb Simpson,"16' 7""",33.167,2,+1
5,Justin Thomas,"20' 8""",41.250,2,E
6,Marc Leishman,"22' 2""",44.333,2,E
7,Billy Horschel,"22' 6""",44.917,2,E
8,Bryson DeChambeau,"24' 2""",24.167,1,E
9,Aaron Wise,"24' 5""",48.750,2,E
10,Jason Day,"28' 7""",28.583,1,E
11,Gary Woodland,"30' 7""",61.167,2,E
12,Michael Kim,"30' 11""",61.750,2,E
13,Rory McIlroy,"31' 11""",95.667,3,+1
14,Cameron Champ,"32' 9""",32.750,1,-1
15,Brandt Snedeker,"33' 11""",67.750,2,E
16,Francesco Molinari,"38' 11""",116.750,3,E
17,Patrick Reed,"40' 2""",120.417,3,+2
18,Brooks Koepka,"40' 10""",40.833,1,E
19,"Ted Potter, Jr.","45' 9""",182.833,4,+2
20,Bubba Watson,"46' 0""",92.000,2,+1
21,Satoshi Kodaira,"46' 2""",46.167,1,+1
22,Charles Howell III,"54' 1""",54.083,1,E
23,Andrew Putnam,"60' 10""",121.583,2,E
24,Jon Rahm,"62' 10""",62.833,1,-1
25,Kevin Tway,"89' 4""",89.333,1,E
