rank,player,Avg,Total Distance (feet),# of Attempts,Relative to par
1,Justin Thomas,"7' 4""",7.333,1,E
2,Aaron Wise,"13' 3""",13.250,1,E
3,Paul Casey,"18' 4""",54.917,3,E
4,Scott Piercy,"19' 0""",19.000,1,E
5,Brooks Koepka,"20' 5""",61.333,3,E
6,Webb Simpson,"21' 0""",104.917,5,E
7,Cameron Champ,"21' 6""",107.417,5,E
8,"Ted Potter, Jr.","23' 1""",69.167,3,E
9,Francesco Molinari,"23' 4""",23.333,1,E
10,Patton Kizzire,"23' 8""",47.333,2,+1
11,Matt Kuchar,"27' 11""",55.833,2,E
12,Patrick Reed,"30' 2""",90.583,3,E
13,Dustin Johnson,"32' 0""",95.917,3,-2
14,Andrew Landry,"32' 8""",98.083,3,+1
15,Troy Merritt,"33' 8""",67.250,2,E
16,Jon Rahm,"34' 1""",102.333,3,+1
17,Jason Day,"39' 7""",158.167,4,+1
18,Xander Schauffele,"40' 8""",121.917,3,E
19,Kevin Tway,"41' 1""",164.417,4,E
20,Marc Leishman,"41' 6""",41.500,1,E
21,Brandt Snedeker,"41' 8""",124.917,3,+1
22,Bubba Watson,"42' 6""",84.917,2,E
23,Rory McIlroy,"43' 2""",129.500,3,E
24,Brice Garnett,"43' 11""",131.833,3,-1
25,Billy Horschel,"44' 10""",89.583,2,+1
26,Bryson DeChambeau,"49' 4""",148.000,3,-1
27,Andrew Putnam,"57' 3""",114.500,2,E
28,Charles Howell III,"60' 7""",121.167,2,E
29,Gary Woodland,"67' 0""",200.917,3,E
30,Michael Kim,"69' 8""",139.333,2,E
31,Satoshi Kodaira,"85' 0""",85.000,1,E
32,Ian Poulter,"85' 8""",85.667,1,+1
