rank,player,Avg,Total Distance (feet),# of Attempts,Relative to par
1,Troy Merritt,"8' 5""",8.417,1,E
2,Keegan Bradley,"16' 11""",16.917,1,-1
3,Patrick Reed,"38' 7""",38.583,1,E
4,Billy Horschel,"53' 9""",53.750,1,-1
5,Xander Schauffele,"54' 2""",54.167,1,-2
6,Patton Kizzire,"57' 1""",114.083,2,E
7,Scott Piercy,"57' 7""",172.667,3,E
8,Rory McIlroy,"58' 0""",116.000,2,-1
9,Andrew Putnam,"62' 10""",62.833,1,E
10,Bryson DeChambeau,"76' 6""",76.500,1,E
11,Jason Day,"85' 0""",85.000,1,+1
12,Brooks Koepka,"89' 6""",89.500,1,E
13,Michael Kim,"118' 4""",118.333,1,+1
