rank,player,Avg,Attempts,Total Distance (feet),Relative to par
1,Marc Leishman,"9' 10""",2,19.583,-1.00
2,Justin Thomas,"18' 3""",3,54.833,+1.00
3,Brandt Snedeker,"21' 2""",5,105.750,-1.00
4,Paul Casey,"22' 0""",6,131.917,-1.00
4,Billy Horschel,"22' 0""",5,110.083,E
6,Rory McIlroy,"24' 7""",6,147.417,E
7,Matt Kuchar,"24' 11""",4,99.667,E
8,Jon Rahm,"26' 7""",5,132.917,E
9,Troy Merritt,"26' 8""",4,106.500,E
10,Webb Simpson,"29' 1""",6,174.500,-2.00
11,Keegan Bradley,"29' 7""",3,88.833,+1.00
12,Dustin Johnson,"31' 2""",9,280.167,E
13,Brice Garnett,"31' 8""",7,221.833,-2.00
14,Aaron Wise,"33' 2""",5,166.000,E
15,Bubba Watson,"33' 9""",4,134.917,+1.00
16,Bryson DeChambeau,"35' 3""",5,176.333,-1.00
17,Jason Day,"35' 6""",8,283.833,+2.00
18,Patrick Reed,"36' 6""",7,255.667,E
19,Cameron Champ,"40' 5""",9,363.833,-1.00
20,Brooks Koepka,"41' 10""",12,502.333,-3.00
21,Gary Woodland,"43' 4""",2,86.583,E
22,Xander Schauffele,"44' 9""",3,134.333,-2.00
23,Patton Kizzire,"45' 11""",6,275.500,E
24,Satoshi Kodaira,"47' 0""",4,187.833,+1.00
24,"Ted Potter, Jr.","47' 0""",5,234.833,+1.00
26,Charles Howell III,"50' 3""",6,301.667,E
27,Andrew Landry,"52' 5""",7,367.167,E
28,Scott Piercy,"53' 4""",6,319.833,-1.00
29,Kevin Tway,"54' 1""",8,432.583,-2.00
30,Andrew Putnam,"61' 3""",8,490.167,-1.00
31,Michael Kim,"75' 0""",10,750.000,+1.00
32,Francesco Molinari,"77' 0""",2,154.000,+1.00
33,Ian Poulter,"85' 8""",1,85.667,+1.00
