rank,player,Avg,Total Distance (feet),# of Attempts,Relative to par
1,Brice Garnett,"10' 0""",20.000,2,-1
2,Jason Day,"13' 10""",13.833,1,E
2,Patrick Reed,"13' 10""",13.833,1,E
4,Bryson DeChambeau,"16' 3""",16.250,1,E
5,Justin Thomas,"16' 5""",16.417,1,E
6,Billy Horschel,"19' 1""",19.083,1,E
7,Brandt Snedeker,"19' 7""",19.583,1,-1
8,Rory McIlroy,"21' 1""",21.083,1,E
9,Brooks Koepka,"22' 5""",67.333,3,E
10,Jon Rahm,"22' 7""",45.083,2,E
11,Dustin Johnson,"23' 6""",23.500,1,E
12,Ian Poulter,"25' 8""",51.333,2,+1
13,Xander Schauffele,"26' 3""",26.250,1,E
14,Marc Leishman,"27' 3""",27.250,1,-1
15,Bubba Watson,"30' 3""",90.750,3,+1
16,Scott Piercy,"34' 0""",34.000,1,+1
17,Michael Kim,"36' 9""",73.417,2,+2
18,Matt Kuchar,"40' 8""",40.667,1,-1
19,Kevin Tway,"44' 9""",44.750,1,E
20,Charles Howell III,"48' 9""",48.750,1,E
21,Andrew Putnam,"60' 9""",121.500,2,E
22,Keegan Bradley,"67' 11""",67.917,1,+2
23,Cameron Champ,"93' 11""",93.917,1,+2
24,Aaron Wise,"117' 0""",117.000,1,+1
