rank,player,Avg,Total Distance (feet),# of Attempts,Relative to par
1,Marc Leishman,"24' 7""",49.167,2,E
2,Matt Kuchar,"31' 6""",31.500,1,-1
3,Paul Casey,"31' 8""",63.333,2,-1
4,Rory McIlroy,"34' 11""",69.750,2,E
5,Francesco Molinari,"35' 8""",35.667,1,+1
6,Brooks Koepka,"40' 6""",40.500,1,E
7,Charles Howell III,"43' 8""",87.250,2,-2
8,Ian Poulter,"45' 7""",91.167,2,-1
9,Keegan Bradley,"46' 4""",46.333,1,+1
10,Scott Piercy,"46' 5""",46.417,1,E
11,Webb Simpson,"48' 3""",48.250,1,E
12,Dustin Johnson,"50' 8""",101.333,2,E
13,Andrew Putnam,"58' 3""",116.500,2,E
14,Bryson DeChambeau,"59' 7""",59.583,1,E
15,Cameron Champ,"61' 5""",122.833,2,-1
16,Aaron Wise,"64' 10""",64.833,1,E
17,Kevin Tway,"66' 11""",267.500,4,-2
18,Andrew Landry,"73' 3""",73.250,1,-1
19,Michael Kim,"82' 1""",328.417,4,-1
20,Brandt Snedeker,"82' 7""",82.583,1,E
21,"Ted Potter, Jr.","89' 8""",89.667,1,E
22,Troy Merritt,"108' 7""",108.583,1,+2
