rank,player,Avg,Total Distance (feet),# of Attempts,Relative to par
1,Rory McIlroy,"17' 11""",17.917,1,E
2,Andrew Landry,"18' 4""",18.333,1,-1
3,Cameron Champ,"21' 0""",21.000,1,E
3,Matt Kuchar,"21' 0""",21.000,1,E
5,Jon Rahm,"22' 0""",87.917,4,E
6,Keegan Bradley,"28' 5""",56.750,2,+1
7,Jason Day,"29' 4""",29.333,1,-1
7,Bryson DeChambeau,"29' 4""",117.417,4,-1
9,Andrew Putnam,"30' 7""",91.667,3,E
10,Justin Thomas,"31' 1""",31.083,1,+1
11,Satoshi Kodaira,"37' 9""",37.750,1,E
12,Billy Horschel,"38' 5""",153.667,4,+1
13,Kevin Tway,"41' 4""",82.667,2,+2
14,Troy Merritt,"41' 7""",124.667,3,+1
15,"Ted Potter, Jr.","47' 11""",47.917,1,E
16,Patton Kizzire,"48' 7""",145.667,3,E
17,Aaron Wise,"50' 9""",50.750,1,+1
18,Brooks Koepka,"51' 0""",152.917,3,+1
19,Dustin Johnson,"53' 2""",106.333,2,E
20,Marc Leishman,"54' 2""",54.167,1,E
21,Bubba Watson,"56' 9""",170.250,3,+3
22,Brandt Snedeker,"59' 4""",118.583,2,+1
23,Paul Casey,"65' 9""",131.417,2,+1
24,Michael Kim,"66' 6""",132.917,2,+1
25,Charles Howell III,"67' 6""",67.500,1,+1
26,Xander Schauffele,"69' 6""",69.500,1,+1
