rank,player,Value,Total Drv Rank,GIR Rank
1,Grayson Murray,7,5,2
2,Billy Horschel,12,10,2
3,Akshay Bhatia,13,5,8
4,Corey Conners,18,10,8
5,Austin Eckroat,20,1,19
6,Adam Svensson,25,19,6
7,Chris Kirk,27,25,2
7,Erik van Rooyen,27,21,6
7,Carl Yuan,27,2,25
10,Aaron Rai,29,4,25
11,Harris English,30,16,14
12,Si Woo Kim,32,24,8
12,Hideki Matsuyama,32,18,14
14,Keegan Bradley,33,14,19
14,Stephan Jaeger,33,8,25
16,Byeong Hun An,44,7,37
16,Will Gordon,44,25,19
18,Martin Trainer,45,8,37
19,Taiga Semikawa,47,10,37
20,Eric Cole,50,13,37
20,Brandon Wu,50,42,8
22,Dylan Wu,51,50,1
23,Robby Shelton,54,29,25
24,Alex Noren,56,37,19
25,J.T. Poston,57,43,14
26,Andrew Putnam,58,33,25
26,Patrick Rodgers,58,21,37
28,Justin Lower,59,45,14
29,Matthieu Pavon,60,52,8
30,Greyson Sigg,61,59,2
31,Zac Blair,62,37,25
32,Taylor Pendrith,64,56,8
33,Luke List,66,29,37
34,Patton Kizzire,67,2,65
35,Joel Dahmen,68,43,25
35,Emiliano Grillo,68,49,19
37,Lanto Griffin,73,14,59
37,Norman Xiong,73,48,25
39,K.H. Lee,74,21,53
40,Tyler Duncan,77,40,37
40,Seamus Power,77,52,25
42,Brendon Todd,78,19,59
43,Ludvig Åberg,80,55,25
44,Ben Kohles,82,45,37
45,Parker Coody,84,47,37
45,Kurt Kitayama,84,59,25
47,Nico Echavarria,86,33,53
48,Cam Davis,87,17,70
49,Ben Griffin,88,63,25
50,Chandler Phillips,89,52,37
50,Nick Taylor,89,75,14
52,Russell Henley,93,28,65
52,Maverick McNealy,93,40,53
54,Taylor Montgomery,95,58,37
55,Ryo Hisatsune,96,59,37
55,Yuto Katsuragawa,96,37,59
57,Troy Merritt,97,27,70
58,Stewart Cink,98,79,19
59,Webb Simpson,101,64,37
60,Matt Wallace,102,65,37
61,Alejandro Tosti,106,32,74
62,Justin Rose,107,33,74
62,Ben Silverman,107,70,37
64,Scott Stallings,109,72,37
65,Garrick Higgo,110,29,81
65,Sam Stevens,110,57,53
67,Tyrrell Hatton,112,36,76
68,Nick Hardy,115,50,65
69,Michael Kim,118,59,59
70,Mark Hubbard,125,66,59
71,Harry Hall,126,73,53
72,Davis Thompson,127,68,59
73,Keith Mitchell,131,78,53
74,Charley Hoffman,132,67,65
75,S.H. Kim,139,74,65
76,Jake Knapp,145,69,76
76,Robert MacIntyre,145,75,70
78,Brian Harman,147,71,76
79,Matt NeSmith,151,81,70
80,Joseph Bramlett,153,77,76
81,Denny McCarthy,156,80,76
