rank,player,%,Greens Hit,# Holes,Relative/Par
1,Dylan Wu,80.56%,58,72,-0.26
2,Billy Horschel,79.17%,57,72,-0.30
2,Chris Kirk,79.17%,57,72,-0.28
2,Grayson Murray,79.17%,57,72,-0.35
2,Greyson Sigg,79.17%,57,72,-0.14
6,Adam Svensson,77.78%,56,72,-0.27
6,Erik van Rooyen,77.78%,56,72,-0.29
8,Akshay Bhatia,76.39%,55,72,-0.35
8,Corey Conners,76.39%,55,72,-0.25
8,Si Woo Kim,76.39%,55,72,-0.22
8,Matthieu Pavon,76.39%,55,72,-0.35
8,Taylor Pendrith,76.39%,55,72,-0.29
8,Brandon Wu,76.39%,55,72,-0.29
14,Harris English,75.00%,54,72,-0.35
14,Justin Lower,75.00%,54,72,-0.20
14,Hideki Matsuyama,75.00%,54,72,-0.33
14,J.T. Poston,75.00%,54,72,-0.35
14,Nick Taylor,75.00%,54,72,-0.35
19,Keegan Bradley,73.61%,53,72,-0.38
19,Stewart Cink,73.61%,53,72,-0.32
19,Austin Eckroat,73.61%,53,72,-0.34
19,Will Gordon,73.61%,53,72,-0.23
19,Emiliano Grillo,73.61%,53,72,-0.40
19,Alex Noren,73.61%,53,72,-0.23
25,Ludvig Åberg,72.22%,52,72,-0.37
25,Zac Blair,72.22%,52,72,-0.29
25,Joel Dahmen,72.22%,52,72,-0.25
25,Ben Griffin,72.22%,52,72,-0.31
25,Stephan Jaeger,72.22%,52,72,-0.35
25,Kurt Kitayama,72.22%,52,72,-0.27
25,Seamus Power,72.22%,52,72,-0.10
25,Andrew Putnam,72.22%,52,72,-0.27
25,Aaron Rai,72.22%,52,72,-0.31
25,Robby Shelton,72.22%,52,72,-0.29
25,Norman Xiong,72.22%,52,72,-0.21
25,Carl Yuan,72.22%,52,72,-0.40
37,Byeong Hun An,70.83%,51,72,-0.37
37,Eric Cole,70.83%,51,72,-0.31
37,Parker Coody,70.83%,51,72,-0.20
37,Tyler Duncan,70.83%,51,72,-0.22
37,Ryo Hisatsune,70.83%,51,72,-0.33
37,Ben Kohles,70.83%,51,72,-0.31
37,Luke List,70.83%,51,72,-0.27
37,Taylor Montgomery,70.83%,51,72,-0.29
37,Chandler Phillips,70.83%,51,72,-0.29
37,Patrick Rodgers,70.83%,51,72,-0.37
37,Taiga Semikawa,70.83%,51,72,-0.35
37,Ben Silverman,70.83%,51,72,-0.22
37,Webb Simpson,70.83%,51,72,-0.24
37,Scott Stallings,70.83%,51,72,-0.25
37,Martin Trainer,70.83%,51,72,-0.14
37,Matt Wallace,70.83%,51,72,-0.24
53,Nico Echavarria,69.44%,50,72,-0.26
53,Harry Hall,69.44%,50,72,-0.36
53,K.H. Lee,69.44%,50,72,-0.34
53,Maverick McNealy,69.44%,50,72,-0.26
53,Keith Mitchell,69.44%,50,72,-0.30
53,Sam Stevens,69.44%,50,72,-0.36
59,Lanto Griffin,68.06%,49,72,-0.22
59,Mark Hubbard,68.06%,49,72,-0.29
59,Yuto Katsuragawa,68.06%,49,72,-0.22
59,Michael Kim,68.06%,49,72,-0.39
59,Davis Thompson,68.06%,49,72,-0.29
59,Brendon Todd,68.06%,49,72,-0.29
65,Nick Hardy,66.67%,48,72,-0.38
65,Russell Henley,66.67%,48,72,-0.40
65,Charley Hoffman,66.67%,48,72,-0.33
65,S.H. Kim,66.67%,48,72,-0.38
65,Patton Kizzire,66.67%,48,72,-0.35
70,Cam Davis,65.28%,47,72,-0.47
70,Robert MacIntyre,65.28%,47,72,-0.28
70,Troy Merritt,65.28%,47,72,-0.36
70,Matt NeSmith,65.28%,47,72,-0.21
74,Justin Rose,63.89%,46,72,-0.30
74,Alejandro Tosti,63.89%,46,72,-0.37
76,Joseph Bramlett,62.50%,45,72,-0.36
76,Brian Harman,62.50%,45,72,-0.36
76,Tyrrell Hatton,62.50%,45,72,-0.33
76,Jake Knapp,62.50%,45,72,-0.27
76,Denny McCarthy,62.50%,45,72,-0.44
81,Garrick Higgo,61.11%,44,72,-0.41
