rank,player,%,Total Birdies,Total Holes
1,Sepp Straka,62.50%,5,8
2,Tony Finau,57.14%,4,7
2,Emiliano Grillo,57.14%,4,7
2,Tyrrell Hatton,57.14%,4,7
2,Erik van Rooyen,57.14%,4,7
6,Jordan Spieth,55.56%,5,9
7,Tom Hoge,54.55%,6,11
8,Hideki Matsuyama,50.00%,4,8
8,Taylor Moore,50.00%,3,6
8,Cameron Young,50.00%,5,10
11,Max Homa,44.44%,4,9
11,Kurt Kitayama,44.44%,4,9
11,Adam Schenk,44.44%,4,9
14,Adam Hadwin,42.86%,3,7
14,Viktor Hovland,42.86%,3,7
14,Chris Kirk,42.86%,3,7
14,Luke List,42.86%,3,7
14,Scottie Scheffler,42.86%,3,7
19,Akshay Bhatia,40.00%,2,5
19,Davis Riley,40.00%,2,5
21,Rickie Fowler,38.46%,5,13
22,Keegan Bradley,37.50%,3,8
22,Corey Conners,37.50%,3,8
22,Harris English,37.50%,3,8
22,J.T. Poston,37.50%,3,8
22,Andrew Putnam,37.50%,3,8
27,Ludvig Åberg,33.33%,3,9
27,Sam Burns,33.33%,2,6
27,Nico Echavarria,33.33%,2,6
27,Lucas Glover,33.33%,4,12
27,Mackenzie Hughes,33.33%,3,9
27,Justin Rose,33.33%,3,9
27,Brendon Todd,33.33%,3,9
27,Camilo Villegas,33.33%,1,3
35,Denny McCarthy,30.00%,3,10
35,Collin Morikawa,30.00%,3,10
37,Eric Cole,28.57%,2,7
37,Cam Davis,28.57%,2,7
37,Russell Henley,28.57%,2,7
37,Tom Kim,28.57%,2,7
37,Vincent Norrman,28.57%,2,7
42,Matt Fitzpatrick,25.00%,2,8
42,Si Woo Kim,25.00%,2,8
42,Sahith Theegala,25.00%,3,12
45,Wyndham Clark,23.08%,3,13
46,Byeong Hun An,22.22%,2,9
46,Tommy Fleetwood,22.22%,2,9
46,Lee Hodges,22.22%,2,9
46,Patrick Rodgers,22.22%,2,9
50,Jason Day,20.00%,1,5
50,Adam Svensson,20.00%,2,10
50,Matt Wallace,20.00%,2,10
53,Patrick Cantlay,14.29%,1,7
54,Nick Hardy,12.50%,1,8
54,Seamus Power,12.50%,1,8
54,Nick Taylor,12.50%,1,8
57,Sungjae Im,11.11%,1,9
57,Xander Schauffele,11.11%,1,9
59,Brian Harman,.00%,0,8
