rank,player,Avg RTP
1,Patrick Cantlay,-1.000
1,Tyrrell Hatton,-1.000
1,Sungjae Im,-1.000
1,Xander Schauffele,-1.000
1,Nick Taylor,-1.000
1,Sahith Theegala,-1.000
7,Mackenzie Hughes,-.833
7,J.T. Poston,-.833
7,Jordan Spieth,-.833
10,Brian Harman,-.800
10,Chris Kirk,-.800
12,Jason Day,-.750
12,Viktor Hovland,-.750
12,Adam Svensson,-.750
15,Eric Cole,-.714
16,Luke List,-.667
16,Patrick Rodgers,-.667
16,Brendon Todd,-.667
19,Lucas Glover,-.600
19,Russell Henley,-.600
19,Kurt Kitayama,-.600
22,Tommy Fleetwood,-.571
22,Adam Schenk,-.571
24,Wyndham Clark,-.500
24,Corey Conners,-.500
24,Cam Davis,-.500
24,Matt Fitzpatrick,-.500
24,Adam Hadwin,-.500
24,Nick Hardy,-.500
24,Si Woo Kim,-.500
24,Andrew Putnam,-.500
24,Matt Wallace,-.500
33,Tom Hoge,-.400
33,Denny McCarthy,-.400
33,Davis Riley,-.400
33,Justin Rose,-.400
37,Ludvig Åberg,-.333
37,Akshay Bhatia,-.333
37,Keegan Bradley,-.333
37,Tony Finau,-.333
37,Rickie Fowler,-.333
37,Emiliano Grillo,-.333
37,Lee Hodges,-.333
37,Max Homa,-.333
37,Tom Kim,-.333
37,Collin Morikawa,-.333
47,Hideki Matsuyama,-.250
47,Taylor Moore,-.250
47,Seamus Power,-.250
47,Cameron Young,-.250
51,Sam Burns,-.200
51,Nico Echavarria,-.200
53,Erik van Rooyen,-.167
54,Byeong Hun An,E
54,Harris English,E
54,Vincent Norrman,E
54,Scottie Scheffler,E
54,Sepp Straka,E
54,Camilo Villegas,E
