rank,player,%,Total Birdies,Total Holes
1,Harris English,57.14%,8,14
2,Sungjae Im,52.94%,9,17
3,Jordan Spieth,40.91%,9,22
4,Byeong Hun An,40.00%,8,20
5,Adam Svensson,38.89%,7,18
6,Viktor Hovland,38.10%,8,21
7,Patrick Rodgers,37.04%,10,27
8,Jason Day,36.84%,7,19
8,Tony Finau,36.84%,7,19
8,Tyrrell Hatton,36.84%,7,19
11,Max Homa,35.29%,6,17
11,Taylor Moore,35.29%,6,17
11,Cameron Young,35.29%,6,17
14,Mackenzie Hughes,34.78%,8,23
15,Patrick Cantlay,33.33%,7,21
15,Matt Fitzpatrick,33.33%,7,21
15,Lucas Glover,33.33%,6,18
15,Emiliano Grillo,33.33%,6,18
15,Adam Hadwin,33.33%,5,15
20,Ludvig Åberg,31.58%,6,19
20,Rickie Fowler,31.58%,6,19
20,Davis Riley,31.58%,6,19
23,Tom Hoge,30.43%,7,23
24,Justin Rose,30.00%,6,20
25,Chris Kirk,29.41%,5,17
26,Corey Conners,28.57%,4,14
26,Seamus Power,28.57%,4,14
26,Brendon Todd,28.57%,4,14
29,Scottie Scheffler,27.78%,5,18
30,Russell Henley,26.67%,4,15
31,Erik van Rooyen,26.09%,6,23
32,Akshay Bhatia,25.00%,5,20
32,Wyndham Clark,25.00%,5,20
32,Collin Morikawa,25.00%,3,12
32,Sepp Straka,25.00%,5,20
32,Sahith Theegala,25.00%,5,20
37,Camilo Villegas,23.81%,5,21
38,Si Woo Kim,23.53%,4,17
39,Andrew Putnam,23.08%,3,13
40,Keegan Bradley,21.74%,5,23
41,Kurt Kitayama,21.05%,4,19
41,Xander Schauffele,21.05%,4,19
43,Hideki Matsuyama,20.00%,4,20
43,Denny McCarthy,20.00%,3,15
45,Luke List,19.05%,4,21
45,Vincent Norrman,19.05%,4,21
47,Nico Echavarria,18.75%,3,16
48,Tommy Fleetwood,16.67%,3,18
49,Brian Harman,15.79%,3,19
49,J.T. Poston,15.79%,3,19
49,Nick Taylor,15.79%,3,19
52,Nick Hardy,15.38%,2,13
53,Sam Burns,15.00%,3,20
53,Lee Hodges,15.00%,3,20
55,Adam Schenk,14.29%,2,14
56,Cam Davis,13.64%,3,22
57,Eric Cole,13.33%,2,15
58,Matt Wallace,8.00%,2,25
59,Tom Kim,6.25%,1,16
