rank,player,Avg RTP
1,Akshay Bhatia,-1.000
1,Patrick Cantlay,-1.000
1,Lucas Glover,-1.000
1,Xander Schauffele,-1.000
5,Luke List,-.667
5,Andrew Putnam,-.667
5,Jordan Spieth,-.667
8,Byeong Hun An,-.500
8,Russell Henley,-.500
8,Taylor Moore,-.500
8,Justin Rose,-.500
12,Sam Burns,-.333
12,Matt Fitzpatrick,-.333
12,Emiliano Grillo,-.333
12,Si Woo Kim,-.333
12,Kurt Kitayama,-.333
12,Denny McCarthy,-.333
12,Patrick Rodgers,-.333
12,Scottie Scheffler,-.333
12,Nick Taylor,-.333
12,Sahith Theegala,-.333
22,Viktor Hovland,-.250
22,Mackenzie Hughes,-.250
22,Sepp Straka,-.250
25,Ludvig Åberg,E
25,Keegan Bradley,E
25,Eric Cole,E
25,Corey Conners,E
25,Tony Finau,E
25,Tommy Fleetwood,E
25,Rickie Fowler,E
25,Adam Hadwin,E
25,Brian Harman,E
25,Tyrrell Hatton,E
25,Tom Hoge,E
25,Sungjae Im,E
25,Tom Kim,E
25,Chris Kirk,E
25,Hideki Matsuyama,E
25,Vincent Norrman,E
25,J.T. Poston,E
25,Davis Riley,E
25,Adam Schenk,E
25,Adam Svensson,E
25,Brendon Todd,E
25,Erik van Rooyen,E
25,Camilo Villegas,E
25,Matt Wallace,E
25,Cameron Young,E
50,Lee Hodges,+.333
51,Max Homa,+.500
52,Cam Davis,+.667
53,Nico Echavarria,+1.000
