rank,player,Avg RTP
1,Sahith Theegala,-.800
2,Eric Cole,-.667
2,Nico Echavarria,-.667
2,Sepp Straka,-.667
2,Brendon Todd,-.667
6,Tom Hoge,-.600
6,Sungjae Im,-.600
8,Byeong Hun An,-.500
8,Keegan Bradley,-.500
8,Patrick Cantlay,-.500
8,Emiliano Grillo,-.500
8,Lee Hodges,-.500
8,Collin Morikawa,-.500
8,Andrew Putnam,-.500
8,Cameron Young,-.500
16,Adam Svensson,-.444
17,Tony Finau,-.400
17,Adam Hadwin,-.400
17,Si Woo Kim,-.400
17,Denny McCarthy,-.400
21,Davis Riley,-.375
22,Ludvig Åberg,-.333
22,Corey Conners,-.333
22,Tyrrell Hatton,-.333
22,Viktor Hovland,-.333
22,Mackenzie Hughes,-.333
22,Chris Kirk,-.333
22,Luke List,-.333
22,Hideki Matsuyama,-.333
22,Scottie Scheffler,-.333
22,Camilo Villegas,-.333
22,Matt Wallace,-.333
33,Rickie Fowler,-.286
33,Max Homa,-.286
35,Jason Day,-.250
35,Lucas Glover,-.250
35,Tom Kim,-.250
35,J.T. Poston,-.250
35,Adam Schenk,-.250
40,Matt Fitzpatrick,-.200
41,Taylor Moore,-.182
42,Nick Hardy,-.167
42,Seamus Power,-.167
42,Jordan Spieth,-.167
45,Harris English,-.143
46,Akshay Bhatia,E
46,Cam Davis,E
46,Tommy Fleetwood,E
46,Brian Harman,E
46,Russell Henley,E
46,Kurt Kitayama,E
46,Patrick Rodgers,E
46,Justin Rose,E
46,Xander Schauffele,E
46,Nick Taylor,E
46,Erik van Rooyen,E
57,Vincent Norrman,+.125
58,Wyndham Clark,+.167
59,Sam Burns,+.250
