rank,player,Avg RTP
1,Xander Schauffele,-.706
2,Jordan Spieth,-.688
3,Brian Harman,-.600
3,Sungjae Im,-.600
3,Patrick Rodgers,-.600
3,Matt Wallace,-.600
7,Tom Kim,-.588
8,Cam Davis,-.583
9,Nico Echavarria,-.579
10,Matt Fitzpatrick,-.571
10,Mackenzie Hughes,-.571
12,Patrick Cantlay,-.563
12,Tyrrell Hatton,-.563
14,Brendon Todd,-.556
15,Rickie Fowler,-.538
16,Kurt Kitayama,-.533
16,Adam Svensson,-.533
16,Cameron Young,-.533
19,Sam Burns,-.500
19,Eric Cole,-.500
19,Corey Conners,-.500
19,Tommy Fleetwood,-.500
19,Viktor Hovland,-.500
19,Luke List,-.500
19,J.T. Poston,-.500
19,Seamus Power,-.500
27,Collin Morikawa,-.474
28,Chris Kirk,-.471
29,Erik van Rooyen,-.467
30,Byeong Hun An,-.444
30,Nick Hardy,-.444
32,Adam Hadwin,-.438
33,Keegan Bradley,-.417
34,Max Homa,-.412
35,Akshay Bhatia,-.400
35,Wyndham Clark,-.400
35,Si Woo Kim,-.400
38,Justin Rose,-.389
39,Scottie Scheffler,-.385
40,Nick Taylor,-.381
41,Lucas Glover,-.353
42,Sepp Straka,-.350
43,Denny McCarthy,-.333
43,Adam Schenk,-.333
43,Sahith Theegala,-.333
46,Russell Henley,-.316
47,Andrew Putnam,-.300
48,Jason Day,-.294
48,Emiliano Grillo,-.294
50,Harris English,-.286
51,Davis Riley,-.267
52,Lee Hodges,-.250
53,Taylor Moore,-.231
54,Vincent Norrman,-.143
55,Ludvig Åberg,-.091
55,Tony Finau,-.091
57,Hideki Matsuyama,-.077
58,Tom Hoge,-.063
59,Camilo Villegas,E
