rank,player,Avg RTP
1,Byeong Hun An,-1.000
1,Patrick Cantlay,-1.000
1,Eric Cole,-1.000
1,Cam Davis,-1.000
1,Harris English,-1.000
1,Tommy Fleetwood,-1.000
1,Max Homa,-1.000
1,Mackenzie Hughes,-1.000
1,Sungjae Im,-1.000
1,Hideki Matsuyama,-1.000
1,Seamus Power,-1.000
1,Adam Schenk,-1.000
1,Brendon Todd,-1.000
1,Erik van Rooyen,-1.000
1,Cameron Young,-1.000
16,Keegan Bradley,-.667
16,Emiliano Grillo,-.667
16,Tyrrell Hatton,-.667
16,Taylor Moore,-.667
16,Patrick Rodgers,-.667
21,Akshay Bhatia,-.500
21,Corey Conners,-.500
21,Tony Finau,-.500
21,Lee Hodges,-.500
21,Tom Hoge,-.500
21,Viktor Hovland,-.500
21,Davis Riley,-.500
21,Scottie Scheffler,-.500
21,Adam Svensson,-.500
21,Camilo Villegas,-.500
21,Matt Wallace,-.500
32,Jason Day,-.333
32,Sahith Theegala,-.333
34,Ludvig Åberg,E
34,Sam Burns,E
34,Nico Echavarria,E
34,Matt Fitzpatrick,E
34,Si Woo Kim,E
34,Tom Kim,E
34,Kurt Kitayama,E
34,Luke List,E
34,Denny McCarthy,E
34,Vincent Norrman,E
34,Andrew Putnam,E
34,Justin Rose,E
34,Jordan Spieth,E
47,Xander Schauffele,+1.000
