rank,player,Avg RTP
1,Nico Echavarria,-.667
2,Cameron Young,-.625
3,Sam Burns,-.571
3,Rickie Fowler,-.571
5,Seamus Power,-.556
6,Matt Fitzpatrick,-.500
6,Brian Harman,-.500
6,Tom Kim,-.500
6,Collin Morikawa,-.500
6,Brendon Todd,-.500
6,Erik van Rooyen,-.500
6,Matt Wallace,-.500
13,Sungjae Im,-.444
13,Xander Schauffele,-.444
15,Keegan Bradley,-.400
15,Cam Davis,-.400
15,Nick Hardy,-.400
18,Corey Conners,-.375
18,Tommy Fleetwood,-.375
18,Chris Kirk,-.375
18,Adam Svensson,-.375
22,Patrick Cantlay,-.333
22,Eric Cole,-.333
22,Adam Hadwin,-.333
22,Tyrrell Hatton,-.333
22,Max Homa,-.333
22,Scottie Scheffler,-.333
22,Jordan Spieth,-.333
29,Luke List,-.286
29,Sepp Straka,-.286
31,Si Woo Kim,-.273
32,Akshay Bhatia,-.250
32,Kurt Kitayama,-.250
32,Patrick Rodgers,-.250
35,Byeong Hun An,-.200
35,Emiliano Grillo,-.200
37,Viktor Hovland,-.167
37,Denny McCarthy,-.167
39,Sahith Theegala,-.143
40,Lucas Glover,-.125
41,Lee Hodges,-.111
42,Jason Day,-.100
43,Wyndham Clark,E
43,Harris English,E
43,Russell Henley,E
43,Tom Hoge,E
43,Mackenzie Hughes,E
43,Taylor Moore,E
43,Vincent Norrman,E
43,J.T. Poston,E
43,Davis Riley,E
43,Justin Rose,E
43,Adam Schenk,E
43,Nick Taylor,E
55,Andrew Putnam,+.111
55,Camilo Villegas,+.111
57,Ludvig Åberg,+.200
57,Tony Finau,+.200
59,Hideki Matsuyama,+.286
