rank,player,Avg RTP
1,Patrick Cantlay,-1.000
1,Harris English,-1.000
1,Tony Finau,-1.000
1,Matt Fitzpatrick,-1.000
1,Adam Hadwin,-1.000
1,Tyrrell Hatton,-1.000
1,Lee Hodges,-1.000
1,Max Homa,-1.000
1,Viktor Hovland,-1.000
1,Sungjae Im,-1.000
1,Collin Morikawa,-1.000
1,Sahith Theegala,-1.000
1,Brendon Todd,-1.000
1,Erik van Rooyen,-1.000
15,Taylor Moore,-.500
15,Patrick Rodgers,-.500
17,Eric Cole,E
17,Mackenzie Hughes,E
17,Hideki Matsuyama,E
17,Camilo Villegas,E
21,Keegan Bradley,+.500
22,Lucas Glover,+2.000
