rank,player,%,Total Birdies,Total Holes
1,Sahith Theegala,46.67%,21,45
2,Eric Cole,44.90%,22,49
2,Brian Harman,44.90%,22,49
4,Sungjae Im,43.48%,20,46
5,Nico Echavarria,42.86%,21,49
6,J.T. Poston,42.55%,20,47
7,Byeong Hun An,41.86%,18,43
8,Chris Kirk,40.43%,19,47
8,Sepp Straka,40.43%,19,47
10,Collin Morikawa,40.38%,21,52
11,Tyrrell Hatton,40.00%,18,45
11,Jordan Spieth,40.00%,18,45
11,Matt Wallace,40.00%,16,40
14,Cam Davis,39.53%,17,43
15,Akshay Bhatia,39.13%,18,46
16,Brendon Todd,38.89%,21,54
17,Scottie Scheffler,38.64%,17,44
18,Keegan Bradley,38.46%,15,39
19,Kurt Kitayama,38.30%,18,47
20,Davis Riley,37.78%,17,45
21,Sam Burns,37.21%,16,43
21,Luke List,37.21%,16,43
23,Jason Day,36.96%,17,46
23,Justin Rose,36.96%,17,46
25,Matt Fitzpatrick,36.36%,16,44
25,Adam Hadwin,36.36%,16,44
25,Xander Schauffele,36.36%,16,44
28,Mackenzie Hughes,35.90%,14,39
29,Patrick Cantlay,35.56%,16,45
29,Tony Finau,35.56%,16,45
29,Tom Hoge,35.56%,16,45
32,Ludvig Åberg,34.78%,16,46
33,Nick Hardy,34.62%,18,52
34,Erik van Rooyen,34.15%,14,41
35,Cameron Young,34.09%,15,44
36,Rickie Fowler,34.04%,16,47
36,Max Homa,34.04%,16,47
36,Taylor Moore,34.04%,16,47
39,Denny McCarthy,34.00%,17,50
40,Tommy Fleetwood,33.33%,16,48
40,Viktor Hovland,33.33%,14,42
40,Adam Schenk,33.33%,16,48
43,Andrew Putnam,31.48%,17,54
44,Adam Svensson,31.37%,16,51
45,Si Woo Kim,31.25%,15,48
46,Tom Kim,30.00%,15,50
47,Seamus Power,29.41%,15,51
48,Lucas Glover,29.17%,14,48
49,Emiliano Grillo,28.57%,14,49
49,Patrick Rodgers,28.57%,10,35
51,Lee Hodges,28.26%,13,46
51,Nick Taylor,28.26%,13,46
53,Camilo Villegas,27.91%,12,43
54,Wyndham Clark,27.50%,11,40
55,Harris English,27.45%,14,51
56,Corey Conners,26.53%,13,49
57,Russell Henley,26.42%,14,53
58,Hideki Matsuyama,24.44%,11,45
59,Vincent Norrman,22.22%,10,45
