rank,player,%,Total Birdies,Total Holes
1,Sungjae Im,73.08%,19,26
2,Brian Harman,66.67%,16,24
2,Jordan Spieth,66.67%,14,21
4,Patrick Rodgers,65.22%,15,23
5,Rickie Fowler,61.11%,11,18
5,J.T. Poston,61.11%,11,18
7,Patrick Cantlay,60.00%,15,25
7,Xander Schauffele,60.00%,15,25
9,Wyndham Clark,57.89%,11,19
10,Adam Hadwin,57.69%,15,26
11,Cam Davis,57.14%,12,21
12,Mackenzie Hughes,56.52%,13,23
12,Chris Kirk,56.52%,13,23
12,Matt Wallace,56.52%,13,23
15,Matt Fitzpatrick,54.55%,12,22
16,Max Homa,53.85%,14,26
17,Byeong Hun An,52.94%,9,17
18,Akshay Bhatia,52.00%,13,25
18,Harris English,52.00%,13,25
20,Jason Day,50.00%,12,24
20,Tommy Fleetwood,50.00%,12,24
20,Russell Henley,50.00%,11,22
20,Seamus Power,50.00%,11,22
20,Scottie Scheffler,50.00%,12,24
20,Adam Schenk,50.00%,12,24
20,Sahith Theegala,50.00%,11,22
20,Erik van Rooyen,50.00%,11,22
28,Corey Conners,48.00%,12,25
28,Tyrrell Hatton,48.00%,12,25
28,Si Woo Kim,48.00%,12,25
31,Emiliano Grillo,47.83%,11,23
31,Viktor Hovland,47.83%,11,23
31,Brendon Todd,47.83%,11,23
34,Nico Echavarria,46.15%,12,26
35,Luke List,45.83%,11,24
35,Justin Rose,45.83%,11,24
37,Cameron Young,45.45%,10,22
38,Eric Cole,44.00%,11,25
38,Tom Kim,44.00%,11,25
38,Collin Morikawa,44.00%,11,25
41,Keegan Bradley,43.48%,10,23
41,Kurt Kitayama,43.48%,10,23
43,Adam Svensson,40.91%,9,22
44,Nick Taylor,40.74%,11,27
45,Sam Burns,40.00%,8,20
45,Denny McCarthy,40.00%,8,20
45,Andrew Putnam,40.00%,10,25
45,Sepp Straka,40.00%,10,25
49,Nick Hardy,39.13%,9,23
50,Taylor Moore,37.50%,9,24
51,Tony Finau,36.36%,8,22
51,Davis Riley,36.36%,8,22
53,Lucas Glover,36.00%,9,25
54,Lee Hodges,33.33%,8,24
54,Vincent Norrman,33.33%,7,21
56,Ludvig Åberg,29.41%,5,17
57,Tom Hoge,27.27%,6,22
57,Hideki Matsuyama,27.27%,6,22
59,Camilo Villegas,21.74%,5,23
