rank,player,Avg RTP
1,Kurt Kitayama,-2.000
1,Taylor Moore,-2.000
3,Akshay Bhatia,-1.000
3,Cam Davis,-1.000
3,Nico Echavarria,-1.000
3,Rickie Fowler,-1.000
3,Tyrrell Hatton,-1.000
3,Tom Kim,-1.000
3,Denny McCarthy,-1.000
3,Vincent Norrman,-1.000
3,Andrew Putnam,-1.000
3,Davis Riley,-1.000
3,Patrick Rodgers,-1.000
3,Justin Rose,-1.000
3,Scottie Scheffler,-1.000
3,Sepp Straka,-1.000
3,Nick Taylor,-1.000
3,Camilo Villegas,-1.000
19,Russell Henley,-.750
20,Brian Harman,-.500
20,Lee Hodges,-.500
22,Ludvig Åberg,E
22,Keegan Bradley,E
22,Si Woo Kim,E
22,Chris Kirk,E
22,Luke List,E
22,Collin Morikawa,E
22,Sahith Theegala,E
22,Erik van Rooyen,E
22,Cameron Young,E
