rank,player,Avg RTP
1,Adam Svensson,-1.000
2,Sam Burns,-.500
2,Tony Finau,-.500
2,Vincent Norrman,-.500
2,Justin Rose,-.500
2,Cameron Young,-.500
7,Ludvig Åberg,-.400
8,Jason Day,-.333
8,Viktor Hovland,-.333
8,Si Woo Kim,-.333
8,Xander Schauffele,-.333
8,Jordan Spieth,-.333
8,Camilo Villegas,-.333
14,Sungjae Im,-.250
14,Scottie Scheffler,-.250
16,Byeong Hun An,E
16,Wyndham Clark,E
16,Eric Cole,E
16,Cam Davis,E
16,Matt Fitzpatrick,E
16,Lucas Glover,E
16,Adam Hadwin,E
16,Nick Hardy,E
16,Russell Henley,E
16,Lee Hodges,E
16,Tom Hoge,E
16,Max Homa,E
16,Tom Kim,E
16,Chris Kirk,E
16,Kurt Kitayama,E
16,Luke List,E
16,Hideki Matsuyama,E
16,Denny McCarthy,E
16,Taylor Moore,E
16,Collin Morikawa,E
16,J.T. Poston,E
16,Patrick Rodgers,E
16,Adam Schenk,E
16,Sepp Straka,E
16,Sahith Theegala,E
16,Erik van Rooyen,E
16,Matt Wallace,E
43,Patrick Cantlay,+.250
43,Mackenzie Hughes,+.250
45,Nico Echavarria,+.333
45,Tommy Fleetwood,+.333
47,Brian Harman,+.400
48,Keegan Bradley,+.500
48,Brendon Todd,+.500
50,Davis Riley,+.667
50,Nick Taylor,+.667
52,Akshay Bhatia,+.750
53,Rickie Fowler,+1.000
53,Seamus Power,+1.000
