rank,player,Avg RTP
1,Jason Day,-.667
2,Sungjae Im,-.500
2,Jordan Spieth,-.500
2,Adam Svensson,-.500
5,Corey Conners,-.400
5,Chris Kirk,-.400
7,Tyrrell Hatton,-.375
7,Taylor Moore,-.375
7,Brendon Todd,-.375
10,Justin Rose,-.357
11,Byeong Hun An,-.333
11,Sam Burns,-.333
11,Lucas Glover,-.333
11,Tom Hoge,-.333
11,Davis Riley,-.333
11,Patrick Rodgers,-.333
17,Mackenzie Hughes,-.273
18,Tony Finau,-.250
18,Matt Fitzpatrick,-.250
20,Viktor Hovland,-.231
20,Hideki Matsuyama,-.231
22,Andrew Putnam,-.222
23,J.T. Poston,-.214
24,Emiliano Grillo,-.200
24,Camilo Villegas,-.200
26,Si Woo Kim,-.182
27,Wyndham Clark,-.154
27,Denny McCarthy,-.154
27,Cameron Young,-.154
30,Adam Hadwin,-.143
30,Collin Morikawa,-.143
30,Vincent Norrman,-.143
30,Sahith Theegala,-.143
34,Harris English,-.125
34,Brian Harman,-.125
34,Seamus Power,-.125
34,Scottie Scheffler,-.125
38,Xander Schauffele,-.111
39,Keegan Bradley,-.100
39,Patrick Cantlay,-.100
39,Russell Henley,-.100
39,Max Homa,-.100
39,Luke List,-.100
44,Tom Kim,-.083
45,Akshay Bhatia,-.077
46,Erik van Rooyen,-.071
47,Sepp Straka,-.067
48,Ludvig Åberg,E
48,Tommy Fleetwood,E
48,Rickie Fowler,E
48,Kurt Kitayama,E
48,Adam Schenk,E
48,Nick Taylor,E
48,Matt Wallace,E
55,Nico Echavarria,+.071
55,Lee Hodges,+.071
57,Eric Cole,+.200
57,Nick Hardy,+.200
59,Cam Davis,+.214
