rank,player,Avg RTP
1,Erik van Rooyen,-1.500
2,Byeong Hun An,-1.000
2,Sam Burns,-1.000
2,Wyndham Clark,-1.000
2,Corey Conners,-1.000
2,Cam Davis,-1.000
2,Nico Echavarria,-1.000
2,Harris English,-1.000
2,Max Homa,-1.000
2,Viktor Hovland,-1.000
2,Mackenzie Hughes,-1.000
2,Tom Kim,-1.000
2,Kurt Kitayama,-1.000
2,Luke List,-1.000
2,Hideki Matsuyama,-1.000
2,Collin Morikawa,-1.000
2,Vincent Norrman,-1.000
2,J.T. Poston,-1.000
2,Patrick Rodgers,-1.000
2,Justin Rose,-1.000
2,Xander Schauffele,-1.000
2,Scottie Scheffler,-1.000
2,Jordan Spieth,-1.000
2,Matt Wallace,-1.000
2,Cameron Young,-1.000
26,Matt Fitzpatrick,-.750
26,Sungjae Im,-.750
26,Si Woo Kim,-.750
26,Andrew Putnam,-.750
30,Akshay Bhatia,-.667
30,Keegan Bradley,-.667
30,Patrick Cantlay,-.667
30,Tommy Fleetwood,-.667
30,Adam Hadwin,-.667
30,Brian Harman,-.667
30,Tyrrell Hatton,-.667
30,Seamus Power,-.667
30,Adam Svensson,-.667
39,Sepp Straka,-.571
40,Ludvig Åberg,-.500
40,Eric Cole,-.500
40,Rickie Fowler,-.500
40,Lucas Glover,-.500
40,Emiliano Grillo,-.500
40,Nick Hardy,-.500
40,Lee Hodges,-.500
40,Adam Schenk,-.500
40,Nick Taylor,-.500
40,Sahith Theegala,-.500
40,Brendon Todd,-.500
51,Jason Day,-.333
51,Chris Kirk,-.333
53,Russell Henley,E
53,Denny McCarthy,E
53,Davis Riley,E
56,Tom Hoge,+.333
57,Camilo Villegas,+1.000
