rank,player,%,Total Birdies,Total Holes
1,Sahith Theegala,62.50%,5,8
2,Brian Harman,50.00%,6,12
3,Byeong Hun An,42.86%,6,14
4,Davis Riley,41.67%,5,12
5,Akshay Bhatia,40.00%,4,10
5,Eric Cole,40.00%,4,10
5,Taylor Moore,40.00%,6,15
8,Ludvig Åberg,38.46%,5,13
9,Max Homa,36.36%,4,11
10,Sam Burns,35.71%,5,14
11,Luke List,33.33%,4,12
11,Sepp Straka,33.33%,5,15
13,Patrick Cantlay,30.77%,4,13
13,Viktor Hovland,30.77%,4,13
15,Sungjae Im,30.00%,3,10
15,Patrick Rodgers,30.00%,3,10
17,Keegan Bradley,28.57%,4,14
17,Tom Hoge,28.57%,4,14
17,Chris Kirk,28.57%,4,14
20,Nico Echavarria,27.27%,3,11
20,Harris English,27.27%,3,11
20,Tommy Fleetwood,27.27%,3,11
20,Kurt Kitayama,27.27%,3,11
20,Scottie Scheffler,27.27%,3,11
20,Brendon Todd,27.27%,3,11
26,Tony Finau,25.00%,3,12
26,Camilo Villegas,25.00%,3,12
28,Denny McCarthy,23.08%,3,13
29,Adam Schenk,22.22%,2,9
30,Cam Davis,21.43%,3,14
30,Mackenzie Hughes,21.43%,3,14
32,Wyndham Clark,20.00%,2,10
32,Jason Day,20.00%,3,15
32,Nick Hardy,20.00%,2,10
32,Tom Kim,20.00%,2,10
32,J.T. Poston,20.00%,3,15
32,Jordan Spieth,20.00%,2,10
38,Andrew Putnam,18.75%,3,16
39,Matt Fitzpatrick,18.18%,2,11
39,Lucas Glover,18.18%,2,11
39,Lee Hodges,18.18%,2,11
39,Vincent Norrman,18.18%,2,11
39,Nick Taylor,18.18%,2,11
44,Si Woo Kim,16.67%,2,12
44,Adam Svensson,16.67%,2,12
44,Erik van Rooyen,16.67%,3,18
44,Cameron Young,16.67%,2,12
48,Emiliano Grillo,15.38%,2,13
48,Adam Hadwin,15.38%,2,13
48,Matt Wallace,15.38%,2,13
51,Tyrrell Hatton,14.29%,2,14
52,Rickie Fowler,12.50%,1,8
53,Collin Morikawa,9.09%,1,11
53,Seamus Power,9.09%,1,11
53,Xander Schauffele,9.09%,1,11
56,Hideki Matsuyama,8.33%,1,12
56,Justin Rose,8.33%,1,12
58,Corey Conners,7.14%,1,14
59,Russell Henley,.00%,0,11
