rank,player,%,Total Birdies,Total Holes
1,Harris English,100.00%,6,6
2,Cameron Young,75.00%,3,4
3,Nick Hardy,66.67%,2,3
4,Tony Finau,57.14%,4,7
5,Sungjae Im,55.56%,5,9
6,Emiliano Grillo,50.00%,4,8
6,Viktor Hovland,50.00%,4,8
6,Denny McCarthy,50.00%,1,2
6,Sahith Theegala,50.00%,3,6
10,Byeong Hun An,45.45%,5,11
11,Rickie Fowler,44.44%,4,9
12,Max Homa,42.86%,3,7
13,Patrick Rodgers,41.67%,5,12
14,Collin Morikawa,40.00%,2,5
14,Sepp Straka,40.00%,2,5
16,Adam Hadwin,37.50%,3,8
17,Patrick Cantlay,36.36%,4,11
17,Tyrrell Hatton,36.36%,4,11
19,Ludvig Åberg,33.33%,3,9
19,Matt Fitzpatrick,33.33%,3,9
19,Mackenzie Hughes,33.33%,4,12
19,Si Woo Kim,33.33%,2,6
19,Taylor Moore,33.33%,3,9
19,Erik van Rooyen,33.33%,3,9
25,Xander Schauffele,30.00%,3,10
25,Scottie Scheffler,30.00%,3,10
27,Akshay Bhatia,28.57%,2,7
27,Wyndham Clark,28.57%,2,7
27,Tommy Fleetwood,28.57%,2,7
27,Adam Schenk,28.57%,2,7
31,Camilo Villegas,27.27%,3,11
32,Cam Davis,25.00%,2,8
32,Adam Svensson,25.00%,2,8
34,Keegan Bradley,23.08%,3,13
35,Lucas Glover,22.22%,2,9
35,Kurt Kitayama,22.22%,2,9
37,Eric Cole,20.00%,2,10
37,Jason Day,20.00%,2,10
37,Russell Henley,20.00%,1,5
37,Tom Hoge,20.00%,1,5
37,J.T. Poston,20.00%,1,5
37,Davis Riley,20.00%,2,10
43,Brian Harman,18.18%,2,11
43,Luke List,18.18%,2,11
45,Lee Hodges,16.67%,1,6
45,Seamus Power,16.67%,1,6
45,Justin Rose,16.67%,1,6
45,Jordan Spieth,16.67%,1,6
45,Brendon Todd,16.67%,1,6
50,Sam Burns,14.29%,2,14
50,Chris Kirk,14.29%,1,7
50,Hideki Matsuyama,14.29%,1,7
50,Vincent Norrman,14.29%,1,7
54,Nick Taylor,9.09%,1,11
55,Matt Wallace,8.33%,1,12
56,Corey Conners,.00%,0,4
56,Nico Echavarria,.00%,0,2
56,Tom Kim,.00%,0,4
56,Andrew Putnam,.00%,0,4
