rank,player,Avg RTP
1,Wyndham Clark,-1.000
1,Erik van Rooyen,-1.000
3,Max Homa,-.667
3,Chris Kirk,-.667
5,Byeong Hun An,-.500
5,Luke List,-.500
5,Hideki Matsuyama,-.500
5,Collin Morikawa,-.500
5,Patrick Rodgers,-.500
5,Scottie Scheffler,-.500
5,Adam Svensson,-.500
5,Nick Taylor,-.500
13,Nick Hardy,-.400
13,Denny McCarthy,-.400
13,Brendon Todd,-.400
16,Akshay Bhatia,-.333
16,Cam Davis,-.333
16,Tony Finau,-.333
16,Russell Henley,-.333
16,Tom Hoge,-.333
16,Si Woo Kim,-.333
16,Camilo Villegas,-.333
23,Nico Echavarria,-.250
23,Sepp Straka,-.250
25,Corey Conners,-.200
25,Matt Fitzpatrick,-.200
25,Emiliano Grillo,-.200
25,Brian Harman,-.200
25,Justin Rose,-.200
30,Patrick Cantlay,E
30,Eric Cole,E
30,Jason Day,E
30,Harris English,E
30,Tommy Fleetwood,E
30,Rickie Fowler,E
30,Lucas Glover,E
30,Adam Hadwin,E
30,Tyrrell Hatton,E
30,Lee Hodges,E
30,Mackenzie Hughes,E
30,Tom Kim,E
30,Kurt Kitayama,E
30,Vincent Norrman,E
30,J.T. Poston,E
30,Seamus Power,E
30,Davis Riley,E
30,Xander Schauffele,E
30,Adam Schenk,E
30,Jordan Spieth,E
30,Sahith Theegala,E
30,Matt Wallace,E
30,Cameron Young,E
53,Viktor Hovland,+.250
53,Sungjae Im,+.250
55,Keegan Bradley,+.333
56,Sam Burns,+.500
56,Andrew Putnam,+.500
58,Ludvig Åberg,+1.000
