rank,player,Avg RTP
1,Patrick Cantlay,-1.000
1,Harris English,-1.000
1,Rickie Fowler,-1.000
1,Adam Hadwin,-1.000
1,Russell Henley,-1.000
1,Sungjae Im,-1.000
1,Collin Morikawa,-1.000
1,J.T. Poston,-1.000
1,Seamus Power,-1.000
1,Adam Schenk,-1.000
1,Sepp Straka,-1.000
1,Erik van Rooyen,-1.000
1,Cameron Young,-1.000
14,Viktor Hovland,-.800
15,Tyrrell Hatton,-.750
16,Byeong Hun An,-.667
16,Eric Cole,-.667
16,Emiliano Grillo,-.667
16,Lee Hodges,-.667
16,Max Homa,-.667
16,Patrick Rodgers,-.667
16,Brendon Todd,-.667
23,Tony Finau,-.600
23,Taylor Moore,-.600
25,Ludvig Åberg,-.500
25,Wyndham Clark,-.500
25,Corey Conners,-.500
25,Jason Day,-.500
25,Matt Fitzpatrick,-.500
25,Tommy Fleetwood,-.500
25,Mackenzie Hughes,-.500
25,Si Woo Kim,-.500
25,Davis Riley,-.500
25,Scottie Scheffler,-.500
25,Sahith Theegala,-.500
25,Matt Wallace,-.500
37,Akshay Bhatia,-.400
38,Cam Davis,-.333
38,Tom Hoge,-.333
38,Luke List,-.333
38,Vincent Norrman,-.333
42,Keegan Bradley,-.286
43,Tom Kim,-.250
43,Kurt Kitayama,-.250
43,Hideki Matsuyama,-.250
43,Camilo Villegas,-.250
47,Sam Burns,E
47,Nico Echavarria,E
47,Nick Hardy,E
47,Denny McCarthy,E
47,Andrew Putnam,E
47,Justin Rose,E
47,Xander Schauffele,E
47,Jordan Spieth,E
55,Adam Svensson,+.400
56,Lucas Glover,+.667
