rank,player,%,Total Birdies,Total Holes
1,Jason Day,55.56%,5,9
2,Sungjae Im,50.00%,4,8
2,Jordan Spieth,50.00%,8,16
2,Adam Svensson,50.00%,5,10
5,Lucas Glover,44.44%,4,9
5,Davis Riley,44.44%,4,9
7,Corey Conners,40.00%,4,10
7,Chris Kirk,40.00%,4,10
9,Tyrrell Hatton,37.50%,3,8
9,Taylor Moore,37.50%,3,8
9,Seamus Power,37.50%,3,8
9,Brendon Todd,37.50%,3,8
13,Mackenzie Hughes,36.36%,4,11
14,Justin Rose,35.71%,5,14
15,Byeong Hun An,33.33%,3,9
15,Matt Fitzpatrick,33.33%,4,12
15,Tom Hoge,33.33%,6,18
15,Andrew Putnam,33.33%,3,9
15,Patrick Rodgers,33.33%,5,15
20,Viktor Hovland,30.77%,4,13
21,Ludvig Åberg,30.00%,3,10
21,Patrick Cantlay,30.00%,3,10
21,Russell Henley,30.00%,3,10
21,Max Homa,30.00%,3,10
25,Adam Hadwin,28.57%,2,7
26,Harris English,25.00%,2,8
26,Tony Finau,25.00%,3,12
26,Scottie Scheffler,25.00%,2,8
26,Nick Taylor,25.00%,2,8
30,Akshay Bhatia,23.08%,3,13
30,Wyndham Clark,23.08%,3,13
30,Hideki Matsuyama,23.08%,3,13
30,Cameron Young,23.08%,3,13
34,Nico Echavarria,21.43%,3,14
34,Vincent Norrman,21.43%,3,14
34,Erik van Rooyen,21.43%,3,14
37,Keegan Bradley,20.00%,2,10
37,Rickie Fowler,20.00%,2,10
37,Emiliano Grillo,20.00%,2,10
37,Kurt Kitayama,20.00%,2,10
37,Luke List,20.00%,2,10
37,Sepp Straka,20.00%,3,15
37,Camilo Villegas,20.00%,2,10
44,Si Woo Kim,18.18%,2,11
45,Sam Burns,16.67%,1,6
46,Denny McCarthy,15.38%,2,13
47,Lee Hodges,14.29%,2,14
47,Collin Morikawa,14.29%,1,7
47,J.T. Poston,14.29%,2,14
47,Sahith Theegala,14.29%,2,14
51,Brian Harman,12.50%,1,8
52,Xander Schauffele,11.11%,1,9
53,Tommy Fleetwood,9.09%,1,11
54,Tom Kim,8.33%,1,12
55,Matt Wallace,7.69%,1,13
56,Cam Davis,7.14%,1,14
57,Eric Cole,.00%,0,5
57,Nick Hardy,.00%,0,10
57,Adam Schenk,.00%,0,7
