rank,player,Avg RTP
1,Eric Cole,-.449
1,Nico Echavarria,-.449
3,Brian Harman,-.429
4,Chris Kirk,-.404
4,Collin Morikawa,-.404
6,Sahith Theegala,-.400
7,Byeong Hun An,-.395
7,Luke List,-.395
9,Xander Schauffele,-.386
10,J.T. Poston,-.383
11,Tyrrell Hatton,-.378
12,Akshay Bhatia,-.370
13,Matt Fitzpatrick,-.364
13,Cameron Young,-.364
15,Sepp Straka,-.362
16,Keegan Bradley,-.359
17,Viktor Hovland,-.357
18,Matt Wallace,-.350
19,Scottie Scheffler,-.341
19,Erik van Rooyen,-.341
21,Kurt Kitayama,-.340
22,Patrick Cantlay,-.333
22,Jordan Spieth,-.333
24,Sam Burns,-.326
24,Cam Davis,-.326
24,Jason Day,-.326
24,Sungjae Im,-.326
28,Max Homa,-.319
29,Si Woo Kim,-.313
30,Nick Hardy,-.308
31,Justin Rose,-.304
32,Adam Hadwin,-.295
33,Seamus Power,-.294
34,Ludvig Åberg,-.283
35,Mackenzie Hughes,-.282
36,Brendon Todd,-.278
37,Adam Svensson,-.275
38,Lucas Glover,-.271
38,Adam Schenk,-.271
40,Tony Finau,-.267
41,Harris English,-.255
41,Taylor Moore,-.255
43,Wyndham Clark,-.250
44,Corey Conners,-.245
45,Tom Hoge,-.244
45,Davis Riley,-.244
47,Tom Kim,-.240
48,Lee Hodges,-.239
49,Patrick Rodgers,-.229
50,Nick Taylor,-.217
51,Tommy Fleetwood,-.208
52,Andrew Putnam,-.204
53,Denny McCarthy,-.200
54,Rickie Fowler,-.191
55,Camilo Villegas,-.186
56,Emiliano Grillo,-.163
57,Russell Henley,-.132
58,Vincent Norrman,-.111
59,Hideki Matsuyama,-.067
