rank,player,Avg RTP
1,Keegan Bradley,-2.000
1,Tony Finau,-2.000
3,Corey Conners,-1.000
3,Emiliano Grillo,-1.000
3,Adam Hadwin,-1.000
3,Tyrrell Hatton,-1.000
3,Viktor Hovland,-1.000
3,Mackenzie Hughes,-1.000
3,Hideki Matsuyama,-1.000
3,Taylor Moore,-1.000
3,Davis Riley,-1.000
3,Scottie Scheffler,-1.000
3,Jordan Spieth,-1.000
3,Erik van Rooyen,-1.000
15,Tom Hoge,-.667
16,Patrick Cantlay,-.500
16,Tommy Fleetwood,-.500
16,Max Homa,-.500
16,Justin Rose,-.500
16,Adam Schenk,-.500
21,Lucas Glover,-.333
21,Patrick Rodgers,-.333
23,Ludvig Åberg,-.250
23,Sahith Theegala,-.250
23,Cameron Young,-.250
26,Byeong Hun An,E
26,Akshay Bhatia,E
26,Wyndham Clark,E
26,Eric Cole,E
26,Harris English,E
26,Matt Fitzpatrick,E
26,Brian Harman,E
26,Lee Hodges,E
26,Si Woo Kim,E
26,Tom Kim,E
26,Chris Kirk,E
26,Kurt Kitayama,E
26,Luke List,E
26,Collin Morikawa,E
26,J.T. Poston,E
26,Seamus Power,E
26,Andrew Putnam,E
26,Xander Schauffele,E
26,Nick Taylor,E
26,Matt Wallace,E
46,Rickie Fowler,+.200
47,Cam Davis,+1.000
47,Sepp Straka,+1.000
47,Adam Svensson,+1.000
