rank,player,Avg RTP
1,Harris English,-.727
2,Sungjae Im,-.583
3,Viktor Hovland,-.538
4,Cameron Young,-.417
5,Emiliano Grillo,-.400
5,Jordan Spieth,-.400
7,Taylor Moore,-.357
8,Mackenzie Hughes,-.353
9,Patrick Rodgers,-.350
10,Tony Finau,-.333
10,Justin Rose,-.333
12,Byeong Hun An,-.313
13,Adam Hadwin,-.308
13,Tyrrell Hatton,-.308
15,Jason Day,-.294
16,J.T. Poston,-.286
16,Sahith Theegala,-.286
18,Tom Hoge,-.267
19,Camilo Villegas,-.235
20,Patrick Cantlay,-.211
21,Ludvig Åberg,-.200
21,Adam Schenk,-.200
23,Tommy Fleetwood,-.182
23,Max Homa,-.182
25,Keegan Bradley,-.176
26,Corey Conners,-.167
26,Chris Kirk,-.167
28,Lucas Glover,-.154
28,Scottie Scheffler,-.154
30,Sam Burns,-.143
30,Hideki Matsuyama,-.143
32,Collin Morikawa,-.125
32,Andrew Putnam,-.125
32,Brendon Todd,-.125
35,Wyndham Clark,-.111
36,Erik van Rooyen,-.105
37,Si Woo Kim,-.091
38,Tom Kim,-.083
38,Vincent Norrman,-.083
38,Sepp Straka,-.083
41,Matt Fitzpatrick,-.077
41,Kurt Kitayama,-.077
41,Adam Svensson,-.077
44,Davis Riley,-.071
44,Xander Schauffele,-.071
46,Akshay Bhatia,E
46,Eric Cole,E
46,Lee Hodges,E
46,Denny McCarthy,E
46,Seamus Power,E
51,Matt Wallace,+.056
52,Luke List,+.067
53,Rickie Fowler,+.077
54,Brian Harman,+.083
55,Nico Echavarria,+.091
56,Russell Henley,+.125
57,Cam Davis,+.133
58,Nick Hardy,+.250
59,Nick Taylor,+.273
