rank,player,Avg RTP
1,Wyndham Clark,-.600
2,Byeong Hun An,-.500
3,Akshay Bhatia,-.429
3,Lucas Glover,-.429
5,Mackenzie Hughes,-.375
5,Luke List,-.375
5,Justin Rose,-.375
5,Jordan Spieth,-.375
5,Adam Svensson,-.375
10,Adam Hadwin,-.333
10,Chris Kirk,-.333
10,Denny McCarthy,-.333
10,Collin Morikawa,-.333
10,Nick Taylor,-.333
15,Erik van Rooyen,-.286
16,Harris English,-.250
16,Nick Hardy,-.250
16,Si Woo Kim,-.250
16,Hideki Matsuyama,-.250
16,Patrick Rodgers,-.250
16,Brendon Todd,-.250
16,Camilo Villegas,-.250
23,Emiliano Grillo,-.222
24,Max Homa,-.200
24,Sepp Straka,-.200
26,Matt Fitzpatrick,-.182
27,Jason Day,-.167
27,Tom Hoge,-.167
27,J.T. Poston,-.167
27,Andrew Putnam,-.167
27,Sahith Theegala,-.167
32,Xander Schauffele,-.143
33,Corey Conners,-.125
33,Tony Finau,-.125
33,Rickie Fowler,-.125
33,Kurt Kitayama,-.125
33,Davis Riley,-.125
33,Scottie Scheffler,-.125
39,Brian Harman,-.111
40,Russell Henley,-.100
41,Patrick Cantlay,E
41,Nico Echavarria,E
41,Tommy Fleetwood,E
41,Viktor Hovland,E
41,Tom Kim,E
41,Taylor Moore,E
41,Seamus Power,E
41,Adam Schenk,E
41,Matt Wallace,E
41,Cameron Young,E
51,Sam Burns,+.100
51,Lee Hodges,+.100
53,Cam Davis,+.111
54,Tyrrell Hatton,+.125
55,Keegan Bradley,+.143
56,Vincent Norrman,+.154
57,Sungjae Im,+.200
58,Eric Cole,+.250
59,Ludvig Åberg,+.750
