rank,player,%,Total Birdies,Total Holes
1,Si Woo Kim,50.00%,2,4
1,Adam Svensson,50.00%,2,4
3,Sungjae Im,44.44%,4,9
4,Jason Day,42.86%,3,7
4,Matt Fitzpatrick,42.86%,3,7
4,Davis Riley,42.86%,3,7
7,Lee Hodges,40.00%,2,5
8,Cam Davis,37.50%,3,8
8,Justin Rose,37.50%,3,8
10,Ludvig Åberg,33.33%,3,9
10,Akshay Bhatia,33.33%,3,9
10,Vincent Norrman,33.33%,2,6
10,Xander Schauffele,33.33%,3,9
14,Nico Echavarria,30.00%,3,10
14,Kurt Kitayama,30.00%,3,10
16,Tony Finau,28.57%,2,7
16,Scottie Scheffler,28.57%,2,7
18,Byeong Hun An,25.00%,3,12
18,Sam Burns,25.00%,2,8
18,Tom Hoge,25.00%,1,4
18,Jordan Spieth,25.00%,2,8
18,Cameron Young,25.00%,2,8
23,Rickie Fowler,22.22%,2,9
23,Adam Hadwin,22.22%,2,9
23,Brian Harman,22.22%,2,9
23,Sahith Theegala,22.22%,2,9
23,Camilo Villegas,22.22%,2,9
28,Eric Cole,20.00%,2,10
28,Nick Hardy,20.00%,1,5
28,Viktor Hovland,20.00%,1,5
28,Collin Morikawa,20.00%,1,5
32,Emiliano Grillo,16.67%,1,6
32,Tyrrell Hatton,16.67%,1,6
32,Russell Henley,16.67%,1,6
32,Sepp Straka,16.67%,1,6
36,Keegan Bradley,14.29%,1,7
36,Tommy Fleetwood,14.29%,1,7
36,Lucas Glover,14.29%,1,7
36,Chris Kirk,14.29%,1,7
36,Andrew Putnam,14.29%,1,7
36,Brendon Todd,14.29%,1,7
42,Mackenzie Hughes,12.50%,1,8
42,J.T. Poston,12.50%,1,8
44,Seamus Power,11.11%,1,9
44,Patrick Rodgers,11.11%,1,9
44,Nick Taylor,11.11%,1,9
47,Adam Schenk,10.00%,1,10
48,Patrick Cantlay,.00%,0,6
48,Wyndham Clark,.00%,0,9
48,Corey Conners,.00%,0,5
48,Harris English,.00%,0,9
48,Max Homa,.00%,0,5
48,Tom Kim,.00%,0,11
48,Luke List,.00%,0,8
48,Hideki Matsuyama,.00%,0,3
48,Denny McCarthy,.00%,0,3
48,Taylor Moore,.00%,0,1
48,Erik van Rooyen,.00%,0,5
48,Matt Wallace,.00%,0,11
