rank,player,%,Total Birdies,Total Holes
1,Sahith Theegala,47.62%,10,21
2,Byeong Hun An,45.00%,9,20
3,Jason Day,42.86%,9,21
3,Chris Kirk,42.86%,9,21
3,Collin Morikawa,42.86%,9,21
6,Lucas Glover,41.18%,7,17
7,J.T. Poston,40.91%,9,22
8,Adam Hadwin,40.00%,6,15
9,Sungjae Im,38.89%,7,18
10,Andrew Putnam,37.50%,6,16
10,Adam Svensson,37.50%,9,24
12,Eric Cole,36.84%,7,19
12,Justin Rose,36.84%,7,19
14,Tyrrell Hatton,35.00%,7,20
15,Ludvig Åberg,34.78%,8,23
15,Tony Finau,34.78%,8,23
15,Scottie Scheffler,34.78%,8,23
18,Tom Hoge,33.33%,7,21
18,Sepp Straka,33.33%,6,18
20,Brendon Todd,31.82%,7,22
21,Nico Echavarria,31.58%,6,19
21,Harris English,31.58%,6,19
21,Cameron Young,31.58%,6,19
24,Denny McCarthy,30.77%,8,26
25,Wyndham Clark,30.00%,6,20
25,Corey Conners,30.00%,6,20
25,Erik van Rooyen,30.00%,6,20
28,Mackenzie Hughes,29.41%,5,17
29,Matt Fitzpatrick,29.17%,7,24
29,Jordan Spieth,29.17%,7,24
29,Camilo Villegas,29.17%,7,24
32,Patrick Cantlay,28.57%,6,21
32,Luke List,28.57%,6,21
32,Seamus Power,28.57%,6,21
35,Nick Hardy,26.92%,7,26
35,Taylor Moore,26.92%,7,26
37,Matt Wallace,26.67%,4,15
38,Rickie Fowler,25.00%,6,24
39,Max Homa,23.81%,5,21
39,Patrick Rodgers,23.81%,5,21
41,Nick Taylor,23.53%,4,17
42,Russell Henley,23.08%,6,26
42,Davis Riley,23.08%,6,26
44,Hideki Matsuyama,22.22%,6,27
44,Xander Schauffele,22.22%,4,18
46,Akshay Bhatia,21.74%,5,23
47,Brian Harman,21.05%,4,19
48,Viktor Hovland,20.83%,5,24
49,Keegan Bradley,20.00%,4,20
50,Emiliano Grillo,18.18%,4,22
51,Si Woo Kim,17.39%,4,23
52,Sam Burns,16.67%,4,24
53,Kurt Kitayama,15.79%,3,19
54,Tommy Fleetwood,15.00%,3,20
54,Adam Schenk,15.00%,3,20
56,Cam Davis,14.29%,3,21
57,Lee Hodges,13.04%,3,23
58,Tom Kim,10.53%,2,19
59,Vincent Norrman,7.41%,2,27
