rank,player,Avg RTP
1,Wyndham Clark,-1.000
2,Byeong Hun An,-.500
2,Patrick Cantlay,-.500
2,Collin Morikawa,-.500
5,Russell Henley,-.429
5,Jordan Spieth,-.429
7,Akshay Bhatia,-.400
7,Nick Hardy,-.400
7,Chris Kirk,-.400
7,Xander Schauffele,-.400
7,Scottie Scheffler,-.400
7,Adam Svensson,-.400
13,Denny McCarthy,-.375
14,Si Woo Kim,-.333
14,Luke List,-.333
14,Taylor Moore,-.333
14,Brendon Todd,-.333
18,Patrick Rodgers,-.286
19,Tony Finau,-.250
19,Matt Fitzpatrick,-.250
19,Emiliano Grillo,-.250
19,Tom Hoge,-.250
19,Sepp Straka,-.250
19,Erik van Rooyen,-.250
19,Camilo Villegas,-.250
26,Lucas Glover,-.200
26,Andrew Putnam,-.200
28,Tyrrell Hatton,-.167
28,Mackenzie Hughes,-.167
28,Kurt Kitayama,-.167
28,Sahith Theegala,-.167
32,Brian Harman,-.143
33,Corey Conners,-.125
33,Nick Taylor,-.125
35,Sam Burns,E
35,Eric Cole,E
35,Jason Day,E
35,Nico Echavarria,E
35,Harris English,E
35,Tommy Fleetwood,E
35,Rickie Fowler,E
35,Adam Hadwin,E
35,Max Homa,E
35,Viktor Hovland,E
35,Tom Kim,E
35,Hideki Matsuyama,E
35,Vincent Norrman,E
35,J.T. Poston,E
35,Seamus Power,E
35,Davis Riley,E
35,Adam Schenk,E
35,Matt Wallace,E
35,Cameron Young,E
54,Lee Hodges,+.125
54,Justin Rose,+.125
56,Cam Davis,+.143
57,Keegan Bradley,+.167
58,Sungjae Im,+.200
59,Ludvig Åberg,+.750
