rank,player,Avg RTP
1,Tom Hoge,-1.000
1,Si Woo Kim,-1.000
1,Davis Riley,-1.000
4,Akshay Bhatia,-.600
5,Cam Davis,-.500
5,Jason Day,-.500
5,Nick Hardy,-.500
5,Brian Harman,-.500
5,Mackenzie Hughes,-.500
10,Byeong Hun An,-.429
11,Xander Schauffele,-.400
11,Sahith Theegala,-.400
13,Adam Hadwin,-.333
13,Scottie Scheffler,-.333
13,Sepp Straka,-.333
16,Nico Echavarria,-.286
16,Kurt Kitayama,-.286
18,Ludvig Åberg,-.250
18,Keegan Bradley,-.250
18,Eric Cole,-.250
18,Matt Fitzpatrick,-.250
18,Russell Henley,-.250
18,Lee Hodges,-.250
18,Chris Kirk,-.250
18,Collin Morikawa,-.250
18,Vincent Norrman,-.250
18,J.T. Poston,-.250
18,Brendon Todd,-.250
29,Tyrrell Hatton,-.200
29,Adam Schenk,-.200
29,Jordan Spieth,-.200
29,Camilo Villegas,-.200
33,Lucas Glover,-.167
33,Emiliano Grillo,-.167
33,Cameron Young,-.167
36,Andrew Putnam,-.143
37,Sam Burns,E
37,Patrick Cantlay,E
37,Wyndham Clark,E
37,Corey Conners,E
37,Tony Finau,E
37,Tommy Fleetwood,E
37,Max Homa,E
37,Viktor Hovland,E
37,Sungjae Im,E
37,Luke List,E
37,Hideki Matsuyama,E
37,Denny McCarthy,E
37,Seamus Power,E
37,Patrick Rodgers,E
37,Justin Rose,E
37,Erik van Rooyen,E
53,Harris English,+.125
54,Rickie Fowler,+.167
54,Nick Taylor,+.167
56,Tom Kim,+.200
57,Matt Wallace,+.333
58,Adam Svensson,+.500
