rank,player,Avg RTP
1,Brian Harman,-.750
2,Sahith Theegala,-.667
3,Davis Riley,-.556
4,Akshay Bhatia,-.500
4,Sam Burns,-.500
4,Luke List,-.500
4,Scottie Scheffler,-.500
8,Eric Cole,-.444
9,Max Homa,-.429
10,Keegan Bradley,-.375
10,Wyndham Clark,-.375
12,Taylor Moore,-.364
13,Nico Echavarria,-.333
13,Tony Finau,-.333
13,Camilo Villegas,-.333
16,Ludvig Åberg,-.300
16,Byeong Hun An,-.300
16,Brendon Todd,-.300
19,Matt Fitzpatrick,-.286
19,Nick Hardy,-.286
19,Matt Wallace,-.286
22,Patrick Cantlay,-.250
22,Tommy Fleetwood,-.250
22,Lee Hodges,-.250
22,Si Woo Kim,-.250
22,Kurt Kitayama,-.250
22,Nick Taylor,-.250
28,Chris Kirk,-.222
28,Erik van Rooyen,-.222
30,Jason Day,-.200
30,Viktor Hovland,-.200
30,Denny McCarthy,-.200
30,Jordan Spieth,-.200
30,Sepp Straka,-.200
35,Tom Hoge,-.182
35,Andrew Putnam,-.182
37,Patrick Rodgers,-.167
38,Lucas Glover,-.143
38,Sungjae Im,-.143
38,Xander Schauffele,-.143
41,Harris English,-.125
41,Collin Morikawa,-.125
41,Seamus Power,-.125
41,Justin Rose,-.125
45,Adam Svensson,-.111
46,Tom Kim,-.100
46,J.T. Poston,-.100
48,Corey Conners,E
48,Cam Davis,E
48,Emiliano Grillo,E
48,Mackenzie Hughes,E
48,Hideki Matsuyama,E
48,Vincent Norrman,E
48,Adam Schenk,E
48,Cameron Young,E
56,Adam Hadwin,+.111
57,Rickie Fowler,+.167
58,Tyrrell Hatton,+.222
59,Russell Henley,+.375
