rank,player,Avg RTP
1,Byeong Hun An,-1.000
1,Nico Echavarria,-1.000
1,Adam Hadwin,-1.000
1,J.T. Poston,-1.000
1,Matt Wallace,-1.000
6,Nick Hardy,-.667
6,Cameron Young,-.667
8,Sam Burns,-.600
9,Wyndham Clark,-.500
9,Eric Cole,-.500
9,Tommy Fleetwood,-.500
9,Viktor Hovland,-.500
9,Tom Kim,-.500
9,Vincent Norrman,-.500
9,Seamus Power,-.500
9,Scottie Scheffler,-.500
9,Sahith Theegala,-.500
9,Erik van Rooyen,-.500
9,Camilo Villegas,-.500
20,Ludvig Åberg,-.444
21,Cam Davis,-.333
21,Jason Day,-.333
21,Lucas Glover,-.333
21,Sungjae Im,-.333
21,Chris Kirk,-.333
21,Taylor Moore,-.333
21,Collin Morikawa,-.333
21,Justin Rose,-.333
21,Adam Schenk,-.333
21,Nick Taylor,-.333
31,Lee Hodges,-.250
32,Akshay Bhatia,E
32,Keegan Bradley,E
32,Patrick Cantlay,E
32,Corey Conners,E
32,Harris English,E
32,Matt Fitzpatrick,E
32,Brian Harman,E
32,Tyrrell Hatton,E
32,Russell Henley,E
32,Tom Hoge,E
32,Max Homa,E
32,Mackenzie Hughes,E
32,Si Woo Kim,E
32,Kurt Kitayama,E
32,Luke List,E
32,Patrick Rodgers,E
32,Xander Schauffele,E
32,Jordan Spieth,E
32,Sepp Straka,E
32,Adam Svensson,E
32,Brendon Todd,E
53,Tony Finau,+.333
53,Rickie Fowler,+.333
55,Emiliano Grillo,+.500
56,Denny McCarthy,+.667
56,Davis Riley,+.667
58,Hideki Matsuyama,+1.000
58,Andrew Putnam,+1.000
