rank,player,Avg RTP
1,Collin Morikawa,-.583
2,Matt Wallace,-.571
3,Tyrrell Hatton,-.556
3,Sungjae Im,-.556
5,Byeong Hun An,-.545
6,Eric Cole,-.538
7,Jason Day,-.500
8,Ludvig Åberg,-.471
9,Sahith Theegala,-.467
10,Chris Kirk,-.462
10,J.T. Poston,-.462
12,Nico Echavarria,-.455
12,Adam Hadwin,-.455
12,Camilo Villegas,-.455
12,Cameron Young,-.455
16,Keegan Bradley,-.444
16,Justin Rose,-.444
18,Scottie Scheffler,-.385
19,Tom Hoge,-.375
20,Tony Finau,-.357
21,Corey Conners,-.333
21,Lucas Glover,-.333
21,Viktor Hovland,-.333
21,Seamus Power,-.333
21,Adam Svensson,-.333
26,Nick Hardy,-.313
27,Patrick Cantlay,-.308
28,Luke List,-.300
29,Harris English,-.286
29,Sepp Straka,-.286
31,Taylor Moore,-.278
32,Erik van Rooyen,-.273
33,Lee Hodges,-.250
33,Andrew Putnam,-.250
35,Adam Schenk,-.231
36,Russell Henley,-.200
36,Tom Kim,-.200
38,Cam Davis,-.182
39,Rickie Fowler,-.167
39,Si Woo Kim,-.167
41,Brendon Todd,-.154
42,Akshay Bhatia,-.143
42,Max Homa,-.143
42,Mackenzie Hughes,-.143
42,Davis Riley,-.143
42,Nick Taylor,-.143
47,Xander Schauffele,-.125
48,Kurt Kitayama,-.111
49,Tommy Fleetwood,-.100
49,Brian Harman,-.100
49,Patrick Rodgers,-.100
52,Wyndham Clark,-.091
52,Matt Fitzpatrick,-.091
54,Sam Burns,-.083
54,Emiliano Grillo,-.083
56,Hideki Matsuyama,-.067
57,Denny McCarthy,E
57,Vincent Norrman,E
57,Jordan Spieth,E
