rank,player,Avg RTP
1,Byeong Hun An,-.500
1,Rickie Fowler,-.500
1,Tom Hoge,-.500
1,Taylor Moore,-.500
1,Patrick Rodgers,-.500
1,Adam Svensson,-.500
1,Sahith Theegala,-.500
8,Patrick Cantlay,-.400
8,Chris Kirk,-.400
8,J.T. Poston,-.400
8,Cameron Young,-.400
12,Sam Burns,-.333
12,Harris English,-.333
12,Tommy Fleetwood,-.333
12,Viktor Hovland,-.333
12,Sungjae Im,-.333
12,Vincent Norrman,-.333
18,Lucas Glover,-.250
18,Brian Harman,-.250
20,Jason Day,-.200
20,Emiliano Grillo,-.200
20,Tyrrell Hatton,-.200
20,Mackenzie Hughes,-.200
20,Andrew Putnam,-.200
20,Jordan Spieth,-.200
20,Sepp Straka,-.200
27,Camilo Villegas,-.167
28,Ludvig Åberg,E
28,Akshay Bhatia,E
28,Keegan Bradley,E
28,Wyndham Clark,E
28,Nico Echavarria,E
28,Matt Fitzpatrick,E
28,Adam Hadwin,E
28,Russell Henley,E
28,Kurt Kitayama,E
28,Denny McCarthy,E
28,Collin Morikawa,E
28,Justin Rose,E
28,Xander Schauffele,E
28,Scottie Scheffler,E
28,Adam Schenk,E
28,Brendon Todd,E
44,Cam Davis,+.200
45,Erik van Rooyen,+.222
46,Max Homa,+.250
46,Hideki Matsuyama,+.250
48,Corey Conners,+.333
48,Tony Finau,+.333
48,Si Woo Kim,+.333
48,Davis Riley,+.333
48,Nick Taylor,+.333
48,Matt Wallace,+.333
54,Luke List,+.500
54,Seamus Power,+.500
56,Lee Hodges,+.667
57,Eric Cole,+1.000
57,Nick Hardy,+1.000
