rank,player,Avg RTP
1,Harris English,-.714
1,Sepp Straka,-.714
3,Tyrrell Hatton,-.667
4,Adam Schenk,-.571
5,Akshay Bhatia,-.500
5,Tony Finau,-.500
5,Tom Hoge,-.500
5,Viktor Hovland,-.500
5,Chris Kirk,-.500
5,J.T. Poston,-.500
11,Matt Fitzpatrick,-.429
11,Max Homa,-.429
11,Kurt Kitayama,-.429
14,Cam Davis,-.400
14,Luke List,-.400
14,Jordan Spieth,-.400
14,Erik van Rooyen,-.400
14,Cameron Young,-.400
19,Sam Burns,-.333
19,Nico Echavarria,-.333
19,Collin Morikawa,-.333
19,Camilo Villegas,-.333
23,Denny McCarthy,-.300
24,Si Woo Kim,-.286
24,Vincent Norrman,-.286
24,Seamus Power,-.286
24,Justin Rose,-.286
28,Wyndham Clark,-.250
28,Eric Cole,-.250
28,Rickie Fowler,-.250
31,Lucas Glover,-.222
32,Jason Day,-.200
32,Adam Hadwin,-.200
32,Matt Wallace,-.200
35,Byeong Hun An,-.167
35,Keegan Bradley,-.167
35,Emiliano Grillo,-.167
35,Lee Hodges,-.167
39,Corey Conners,-.143
39,Mackenzie Hughes,-.143
39,Hideki Matsuyama,-.143
39,Andrew Putnam,-.143
39,Xander Schauffele,-.143
39,Sahith Theegala,-.143
45,Adam Svensson,-.111
46,Ludvig Åberg,E
46,Nick Hardy,E
46,Brian Harman,E
46,Russell Henley,E
46,Tom Kim,E
46,Taylor Moore,E
46,Patrick Rodgers,E
46,Scottie Scheffler,E
46,Nick Taylor,E
55,Sungjae Im,+.111
55,Brendon Todd,+.111
57,Tommy Fleetwood,+.143
58,Patrick Cantlay,+.200
59,Davis Riley,+.500
