rank,player,Avg,Total Strokes,Total Holes
1,Dustin Johnson,33.50,134,4
2,Pat Perez,34.50,138,4
3,Rickie Fowler,34.75,139,4
3,Brian Harman,34.75,139,4
3,Jon Rahm,34.75,139,4
3,Cameron Smith,34.75,139,4
7,Russell Henley,35.00,140,4
8,Billy Horschel,35.25,141,4
8,Si Woo Kim,35.25,141,4
8,Jhonattan Vegas,35.25,141,4
11,Patrick Cantlay,35.50,142,4
11,Hideki Matsuyama,35.50,142,4
13,Wesley Bryan,35.75,143,4
13,Jason Dufner,35.75,143,4
13,Kevin Kisner,35.75,143,4
13,Patton Kizzire,35.75,143,4
13,Marc Leishman,35.75,143,4
13,Jordan Spieth,35.75,143,4
19,Kevin Chappell,36.00,144,4
19,Bryson DeChambeau,36.00,144,4
19,Brendan Steele,36.00,144,4
22,Ryan Armour,36.25,145,4
22,Jonas Blixt,36.25,145,4
22,Chris Stroud,36.25,145,4
22,Hudson Swafford,36.25,145,4
26,Daniel Berger,36.50,146,4
27,Justin Thomas,36.75,147,4
28,Grayson Murray,37.00,148,4
29,Kyle Stanley,37.25,149,4
30,Austin Cook,37.50,150,4
30,Adam Hadwin,37.50,150,4
30,Xander Schauffele,37.50,150,4
33,Brooks Koepka,38.25,153,4
34,D.A. Points,38.75,155,4
