rank,player,Avg,Total Strokes,Total Rounds
1,Wesley Bryan,34.00,34,1
1,Kevin Kisner,34.00,34,1
1,Hudson Swafford,34.00,34,1
1,Jhonattan Vegas,34.00,34,1
5,Bryson DeChambeau,35.00,35,1
5,Jason Dufner,35.00,35,1
5,Brian Harman,35.00,35,1
5,Billy Horschel,35.00,35,1
5,Dustin Johnson,35.00,35,1
5,Si Woo Kim,35.00,35,1
5,Marc Leishman,35.00,35,1
5,Cameron Smith,35.00,35,1
13,Ryan Armour,36.00,36,1
13,Jonas Blixt,36.00,36,1
13,Patrick Cantlay,36.00,36,1
13,Rickie Fowler,36.00,36,1
13,Russell Henley,36.00,36,1
13,Hideki Matsuyama,36.00,36,1
13,Pat Perez,36.00,36,1
13,Kyle Stanley,36.00,36,1
13,Justin Thomas,36.00,36,1
22,Daniel Berger,37.00,37,1
22,Patton Kizzire,37.00,37,1
22,Brooks Koepka,37.00,37,1
22,Jon Rahm,37.00,37,1
22,Brendan Steele,37.00,37,1
27,Grayson Murray,38.00,38,1
27,D.A. Points,38.00,38,1
27,Xander Schauffele,38.00,38,1
27,Chris Stroud,38.00,38,1
31,Adam Hadwin,39.00,39,1
31,Jordan Spieth,39.00,39,1
33,Kevin Chappell,40.00,40,1
34,Austin Cook,42.00,42,1
