rank,player,Low Rnd
1,Pat Perez,31
2,Hideki Matsuyama,32
2,Jon Rahm,32
2,Cameron Smith,32
2,Justin Thomas,32
6,Brian Harman,33
6,Russell Henley,33
6,Dustin Johnson,33
9,Wesley Bryan,34
9,Patrick Cantlay,34
9,Kevin Chappell,34
9,Rickie Fowler,34
9,Billy Horschel,34
9,Si Woo Kim,34
9,Kevin Kisner,34
9,Jordan Spieth,34
9,Brendan Steele,34
9,Chris Stroud,34
9,Hudson Swafford,34
9,Jhonattan Vegas,34
21,Ryan Armour,35
21,Jonas Blixt,35
21,Austin Cook,35
21,Bryson DeChambeau,35
21,Jason Dufner,35
21,Patton Kizzire,35
21,Marc Leishman,35
21,Grayson Murray,35
29,Daniel Berger,36
29,Adam Hadwin,36
29,Xander Schauffele,36
29,Kyle Stanley,36
33,Brooks Koepka,37
34,D.A. Points,38
