rank,player,Avg,Total Strokes,Total Rounds
1,Hideki Matsuyama,32.00,32,1
1,Justin Thomas,32.00,32,1
3,Dustin Johnson,33.00,33,1
4,Billy Horschel,34.00,34,1
4,Si Woo Kim,34.00,34,1
4,Brendan Steele,34.00,34,1
4,Jhonattan Vegas,34.00,34,1
8,Jonas Blixt,35.00,35,1
8,Patrick Cantlay,35.00,35,1
8,Austin Cook,35.00,35,1
8,Bryson DeChambeau,35.00,35,1
8,Rickie Fowler,35.00,35,1
8,Brian Harman,35.00,35,1
8,Patton Kizzire,35.00,35,1
8,Marc Leishman,35.00,35,1
8,Pat Perez,35.00,35,1
8,Jon Rahm,35.00,35,1
8,Jordan Spieth,35.00,35,1
8,Chris Stroud,35.00,35,1
20,Daniel Berger,36.00,36,1
20,Wesley Bryan,36.00,36,1
20,Kevin Chappell,36.00,36,1
20,Russell Henley,36.00,36,1
20,Kevin Kisner,36.00,36,1
20,Xander Schauffele,36.00,36,1
20,Cameron Smith,36.00,36,1
20,Hudson Swafford,36.00,36,1
28,Ryan Armour,37.00,37,1
28,Jason Dufner,37.00,37,1
28,Adam Hadwin,37.00,37,1
28,Grayson Murray,37.00,37,1
32,Brooks Koepka,38.00,38,1
32,Kyle Stanley,38.00,38,1
34,D.A. Points,39.00,39,1
