rank,player,Avg,Total Strokes,Total Rounds
1,Pat Perez,31.00,31,1
2,Brian Harman,33.00,33,1
2,Russell Henley,33.00,33,1
2,Dustin Johnson,33.00,33,1
5,Wesley Bryan,34.00,34,1
5,Patrick Cantlay,34.00,34,1
5,Kevin Chappell,34.00,34,1
5,Rickie Fowler,34.00,34,1
5,Jordan Spieth,34.00,34,1
5,Chris Stroud,34.00,34,1
11,Ryan Armour,35.00,35,1
11,Jonas Blixt,35.00,35,1
11,Si Woo Kim,35.00,35,1
11,Marc Leishman,35.00,35,1
11,Jon Rahm,35.00,35,1
16,Jason Dufner,36.00,36,1
16,Adam Hadwin,36.00,36,1
16,Billy Horschel,36.00,36,1
16,Kevin Kisner,36.00,36,1
16,Patton Kizzire,36.00,36,1
16,Cameron Smith,36.00,36,1
16,Brendan Steele,36.00,36,1
16,Hudson Swafford,36.00,36,1
24,Daniel Berger,37.00,37,1
24,Austin Cook,37.00,37,1
24,Hideki Matsuyama,37.00,37,1
27,Bryson DeChambeau,38.00,38,1
27,Grayson Murray,38.00,38,1
27,Kyle Stanley,38.00,38,1
27,Jhonattan Vegas,38.00,38,1
31,Brooks Koepka,40.00,40,1
31,D.A. Points,40.00,40,1
31,Xander Schauffele,40.00,40,1
34,Justin Thomas,41.00,41,1
