rank,player,Total,Distance Rank,Accuracy Rank
1,Gary Woodland,8,5,3
2,Jason Day,12,1,11
3,Justin Thomas,13,11,2
4,Marc Leishman,23,15,8
5,Charles Howell III,24,13,11
5,Scott Piercy,24,21,3
7,Brandt Snedeker,26,18,8
7,Aaron Wise,26,7,19
9,Jon Rahm,28,9,19
10,Xander Schauffele,29,14,15
11,Francesco Molinari,30,19,11
12,Ian Poulter,31,20,11
13,Keegan Bradley,32,26,6
13,Paul Casey,32,17,15
13,Dustin Johnson,32,3,29
13,Satoshi Kodaira,32,31,1
13,Patrick Reed,32,11,21
18,Cameron Champ,33,2,31
18,Brice Garnett,33,30,3
18,Andrew Landry,33,25,8
21,Matt Kuchar,34,28,6
21,Rory McIlroy,34,4,30
23,Bubba Watson,35,10,25
24,Kevin Tway,36,8,28
25,Bryson DeChambeau,37,16,21
25,"Ted Potter, Jr.",37,22,15
27,Brooks Koepka,38,6,32
28,Troy Merritt,44,23,21
29,Webb Simpson,47,32,15
30,Patton Kizzire,48,27,21
31,Andrew Putnam,51,24,27
32,Billy Horschel,54,29,25
33,Michael Kim,66,33,33
