rank,player,Avg,Total Ball Speed,Total Attempts
1,Cameron Champ,193.66,580.98,3
2,Kevin Tway,182.03,546.08,3
3,Gary Woodland,180.52,541.56,3
4,Rory McIlroy,179.76,539.27,3
5,Brooks Koepka,179.53,538.60,3
6,Bubba Watson,179.42,358.85,2
7,Justin Thomas,178.93,357.85,2
8,Dustin Johnson,177.82,355.64,2
9,Bryson DeChambeau,176.91,530.72,3
10,Jason Day,176.81,530.43,3
11,Xander Schauffele,176.33,528.98,3
12,Aaron Wise,175.82,351.64,2
13,Charles Howell III,174.35,523.06,3
14,Paul Casey,174.20,522.60,3
15,Marc Leishman,174.13,522.40,3
16,Jon Rahm,172.81,518.42,3
17,Patrick Reed,172.46,517.37,3
18,Scott Piercy,170.49,170.49,1
19,Ian Poulter,169.90,509.71,3
20,Keegan Bradley,169.64,508.93,3
21,Troy Merritt,168.57,505.71,3
22,Patton Kizzire,168.13,504.38,3
23,Francesco Molinari,166.27,498.82,3
24,Billy Horschel,165.40,330.81,2
25,"Ted Potter, Jr.",165.13,330.27,2
26,Andrew Putnam,164.83,494.48,3
27,Andrew Landry,164.71,494.14,3
28,Brice Garnett,163.88,491.64,3
29,Webb Simpson,163.64,490.93,3
30,Satoshi Kodaira,163.20,489.59,3
31,Matt Kuchar,162.16,486.48,3
32,Brandt Snedeker,162.05,486.14,3
