rank,player,Avg,Total SG:OTT,Measured Rounds
1,Rory McIlroy,1.185,4.742,4
2,Bubba Watson,.998,3.991,4
3,Gary Woodland,.968,3.872,4
4,Jon Rahm,.839,3.356,4
5,Xander Schauffele,.716,2.864,4
6,Charles Howell III,.638,2.553,4
7,Patrick Reed,.536,2.144,4
8,Bryson DeChambeau,.513,2.052,4
9,Ian Poulter,.456,1.826,4
10,Kevin Tway,.410,1.640,4
11,Dustin Johnson,.373,1.493,4
12,Jason Day,.350,1.400,4
13,Cameron Champ,.316,1.266,4
14,Aaron Wise,.213,.851,4
15,Billy Horschel,.167,.670,4
16,Brice Garnett,.129,.516,4
17,Troy Merritt,.101,.405,4
18,Webb Simpson,.073,.291,4
19,Scott Piercy,.045,.179,4
20,Paul Casey,-.013,-.053,4
21,Marc Leishman,-.043,-.172,4
22,Justin Thomas,-.114,-.455,4
23,Francesco Molinari,-.149,-.596,4
24,Andrew Landry,-.192,-.769,4
25,"Ted Potter, Jr.",-.274,-1.094,4
26,Brandt Snedeker,-.343,-1.370,4
27,Patton Kizzire,-.355,-1.419,4
28,Satoshi Kodaira,-.484,-1.935,4
29,Keegan Bradley,-.519,-2.075,4
30,Matt Kuchar,-.539,-2.157,4
31,Brooks Koepka,-.902,-3.606,4
32,Andrew Putnam,-1.018,-4.072,4
33,Michael Kim,-4.081,-16.322,4
