rank,player,Avg RTP,Total Holes,Total RTP
1,Retief Goosen,E,1,E
1,John Huston,E,6,E
1,Adam Scott,E,4,E
1,Vijay Singh,E,6,E
5,Peter Jacobsen,+.143,7,+1.00
6,J.L. Lewis,+.167,6,+1.00
7,Scott Hoch,+.200,5,+1.00
7,Justin Leonard,+.200,5,+1.00
7,Kirk Triplett,+.200,5,+1.00
10,Rory Sabbatini,+.286,7,+2.00
11,Tommy Armour III,+.333,9,+3.00
11,Davis Love III,+.333,9,+3.00
11,Shaun Micheel,+.333,3,+1.00
11,Bob Tway,+.333,3,+1.00
15,Darren Clarke,+.400,5,+2.00
15,Ben Crane,+.400,5,+2.00
17,Stuart Appleby,+.429,7,+3.00
17,Steve Flesch,+.429,7,+3.00
19,Shigeki Maruyama,+.444,9,+4.00
20,Chad Campbell,+.500,4,+2.00
20,Fred Couples,+.500,6,+3.00
20,Craig Stadler,+.500,10,+5.00
23,Ben Curtis,+.600,5,+3.00
24,Jonathan Kaye,+.667,6,+4.00
24,Kenny Perry,+.667,3,+2.00
24,Mike Weir,+.667,6,+4.00
27,Ernie Els,+.750,4,+3.00
28,Frank Lickliter II,+.800,5,+4.00
29,Jim Furyk,+1.000,1,+1.00
29,Tiger Woods,+1.000,5,+5.00
