rank,player,Avg RTP,Total Holes,Total RTP
1,Rory Sabbatini,E,2,E
2,Darren Clarke,+.250,4,+1.00
3,Tommy Armour III,+.333,6,+2.00
4,Chad Campbell,+.500,2,+1.00
4,Steve Flesch,+.500,6,+3.00
4,Retief Goosen,+.500,4,+2.00
4,Peter Jacobsen,+.500,2,+1.00
4,Justin Leonard,+.500,2,+1.00
4,Davis Love III,+.500,4,+2.00
10,Frank Lickliter II,+.600,10,+6.00
11,Stuart Appleby,+.667,3,+2.00
11,Ben Curtis,+.667,6,+4.00
11,Jonathan Kaye,+.667,3,+2.00
11,J.L. Lewis,+.667,6,+4.00
11,Adam Scott,+.667,3,+2.00
16,Fred Couples,+.750,4,+3.00
16,Ben Crane,+.750,4,+3.00
18,Shigeki Maruyama,+.800,5,+4.00
19,Craig Stadler,+.833,6,+5.00
20,Ernie Els,+1.000,5,+5.00
20,Jim Furyk,+1.000,3,+3.00
20,Shaun Micheel,+1.000,1,+1.00
20,Kenny Perry,+1.000,2,+2.00
20,Kirk Triplett,+1.000,3,+3.00
20,Mike Weir,+1.000,4,+4.00
26,Tiger Woods,+1.200,5,+6.00
27,John Huston,+1.333,3,+4.00
28,Bob Tway,+1.750,4,+7.00
