rank,player,Avg RTP,Total Holes,Total RTP
1,Peter Jacobsen,E,5,E
1,Vijay Singh,E,1,E
3,John Huston,+.250,4,+1.00
4,Davis Love III,+.286,7,+2.00
5,Chad Campbell,+.333,6,+2.00
5,Darren Clarke,+.333,3,+1.00
5,Ben Crane,+.333,9,+3.00
5,Ben Curtis,+.333,3,+1.00
5,Retief Goosen,+.333,3,+1.00
5,Justin Leonard,+.333,3,+1.00
5,Kenny Perry,+.333,3,+1.00
12,Stuart Appleby,+.429,7,+3.00
13,Jim Furyk,+.500,2,+1.00
13,Scott Hoch,+.500,2,+1.00
13,Frank Lickliter II,+.500,8,+4.00
13,Shaun Micheel,+.500,4,+2.00
13,Rory Sabbatini,+.500,2,+1.00
13,Adam Scott,+.500,4,+2.00
13,Kirk Triplett,+.500,2,+1.00
20,Fred Couples,+.600,5,+3.00
21,Tommy Armour III,+.667,6,+4.00
21,Ernie Els,+.667,9,+6.00
21,Steve Flesch,+.667,6,+4.00
21,Mike Weir,+.667,9,+6.00
25,Jonathan Kaye,+.800,5,+4.00
25,Shigeki Maruyama,+.800,5,+4.00
27,Tiger Woods,+.857,7,+6.00
28,J.L. Lewis,+1.000,5,+5.00
28,Craig Stadler,+1.000,6,+6.00
30,Bob Tway,+1.400,5,+7.00
