rank,player,Avg RTP
1,Tom Hoge,-1.000
2,Sungjae Im,-.800
3,Matt Fitzpatrick,-.750
4,Jon Rahm,-.667
5,Max Homa,-.500
5,Hideki Matsuyama,-.500
5,Chez Reavie,-.500
5,Sepp Straka,-.500
5,Aaron Wise,-.500
10,Patrick Cantlay,-.333
10,Viktor Hovland,-.333
10,Tom Kim,-.333
10,K.H. Lee,-.333
10,Trey Mullinax,-.333
15,Mackenzie Hughes,-.250
15,Chad Ramey,-.250
15,Jordan Spieth,-.250
18,Russell Henley,-.200
18,Adam Scott,-.200
20,Sam Burns,E
20,Corey Conners,E
20,Brian Harman,E
20,Luke List,E
20,Collin Morikawa,E
20,Seamus Power,E
20,Scott Stallings,E
20,Sahith Theegala,E
20,Cameron Young,E
20,Will Zalatoris,E
30,J.J. Spaun,+.200
30,Adam Svensson,+.200
32,Justin Thomas,+.250
33,Keegan Bradley,+.333
34,Billy Horschel,+.500
35,Ryan Brehm,+1.000
