rank,player,%,Total Birdies,Total Holes
1,Scottie Scheffler,66.67%,2,3
2,Sepp Straka,60.00%,3,5
3,Chez Reavie,50.00%,2,4
3,Aaron Wise,50.00%,2,4
5,Sungjae Im,44.44%,4,9
6,Tom Hoge,40.00%,4,10
6,Max Homa,40.00%,4,10
8,Tony Finau,33.33%,1,3
8,Matt Fitzpatrick,33.33%,2,6
10,Adam Scott,28.57%,4,14
10,Jordan Spieth,28.57%,4,14
12,Seamus Power,27.27%,3,11
13,Jon Rahm,26.67%,4,15
14,Ryan Brehm,25.00%,2,8
14,Patrick Cantlay,25.00%,3,12
14,J.T. Poston,25.00%,1,4
14,Scott Stallings,25.00%,2,8
18,Sam Burns,22.22%,2,9
18,Collin Morikawa,22.22%,2,9
18,Chad Ramey,22.22%,2,9
21,Mackenzie Hughes,20.00%,2,10
21,K.H. Lee,20.00%,3,15
21,Trey Mullinax,20.00%,2,10
24,Corey Conners,18.18%,2,11
24,Tom Kim,18.18%,2,11
26,Keegan Bradley,16.67%,1,6
26,Luke List,16.67%,1,6
26,Hideki Matsuyama,16.67%,1,6
26,Will Zalatoris,16.67%,1,6
30,Russell Henley,12.50%,1,8
30,Justin Thomas,12.50%,1,8
30,Cameron Young,12.50%,2,16
33,Viktor Hovland,9.09%,1,11
34,Brian Harman,.00%,0,4
34,Billy Horschel,.00%,0,9
34,J.J. Spaun,.00%,0,7
34,Adam Svensson,.00%,0,6
34,Sahith Theegala,.00%,0,10
