rank,player,Avg RTP
1,Tony Finau,-1.000
1,Luke List,-1.000
1,Jon Rahm,-1.000
1,Scott Stallings,-1.000
5,Ryan Brehm,-.500
5,Tom Hoge,-.500
5,Trey Mullinax,-.500
5,Seamus Power,-.500
9,Keegan Bradley,E
9,Sam Burns,E
9,Patrick Cantlay,E
9,Corey Conners,E
9,Matt Fitzpatrick,E
9,Billy Horschel,E
9,Viktor Hovland,E
9,Hideki Matsuyama,E
9,J.T. Poston,E
9,Scottie Scheffler,E
9,Adam Scott,E
9,J.J. Spaun,E
9,Jordan Spieth,E
9,Sepp Straka,E
9,Justin Thomas,E
9,Will Zalatoris,E
25,K.H. Lee,+.500
25,Cameron Young,+.500
27,Mackenzie Hughes,+1.000
27,Tom Kim,+1.000
