rank,player,Avg RTP
1,Matt Fitzpatrick,-1.000
1,Tom Hoge,-1.000
1,Jon Rahm,-1.000
1,Sepp Straka,-1.000
5,Sungjae Im,-.667
6,Patrick Cantlay,-.500
6,Corey Conners,-.500
6,Mackenzie Hughes,-.500
6,Tom Kim,-.500
6,K.H. Lee,-.500
6,Trey Mullinax,-.500
6,Aaron Wise,-.500
13,Viktor Hovland,-.333
13,Chad Ramey,-.333
15,Keegan Bradley,E
15,Sam Burns,E
15,Russell Henley,E
15,Max Homa,E
15,Collin Morikawa,E
15,Adam Scott,E
15,Adam Svensson,E
15,Sahith Theegala,E
15,Justin Thomas,E
24,J.J. Spaun,+.333
25,Scott Stallings,+.500
25,Cameron Young,+.500
27,Ryan Brehm,+1.000
27,Billy Horschel,+1.000
