rank,player,Avg RTP
1,J.J. Spaun,-.667
2,Tom Kim,-.600
3,K.H. Lee,-.571
3,Collin Morikawa,-.571
5,Corey Conners,-.500
5,Luke List,-.500
7,Brian Harman,-.429
7,Viktor Hovland,-.429
9,Matt Fitzpatrick,-.400
9,Seamus Power,-.400
9,Justin Thomas,-.400
9,Cameron Young,-.400
13,Jon Rahm,-.375
14,Keegan Bradley,-.333
14,Sam Burns,-.333
14,Patrick Cantlay,-.333
14,Russell Henley,-.333
14,Sepp Straka,-.333
19,Max Homa,-.286
20,Tom Hoge,-.250
20,Trey Mullinax,-.250
20,J.T. Poston,-.250
20,Scott Stallings,-.250
24,Scottie Scheffler,-.200
24,Sahith Theegala,-.200
26,Ryan Brehm,-.167
26,Chad Ramey,-.167
26,Aaron Wise,-.167
29,Sungjae Im,-.143
30,Hideki Matsuyama,-.125
31,Billy Horschel,E
31,Mackenzie Hughes,E
31,Chez Reavie,E
31,Adam Scott,E
31,Jordan Spieth,E
31,Will Zalatoris,E
37,Tony Finau,+.125
38,Adam Svensson,+.333
