rank,player,%,Total Birdies,Total Holes
1,Max Homa,50.00%,2,4
1,Viktor Hovland,50.00%,3,6
3,Will Zalatoris,42.86%,6,14
4,Tony Finau,37.50%,3,8
4,Luke List,37.50%,3,8
4,Scott Stallings,37.50%,3,8
7,Tom Hoge,33.33%,2,6
7,Adam Scott,33.33%,1,3
7,Sahith Theegala,33.33%,1,3
10,Matt Fitzpatrick,30.00%,3,10
10,Billy Horschel,30.00%,3,10
12,Keegan Bradley,25.00%,1,4
12,Hideki Matsuyama,25.00%,2,8
12,Justin Thomas,25.00%,3,12
12,Cameron Young,25.00%,1,4
16,Ryan Brehm,20.00%,2,10
16,Mackenzie Hughes,20.00%,1,5
16,Jon Rahm,20.00%,1,5
16,Scottie Scheffler,20.00%,2,10
16,Jordan Spieth,20.00%,1,5
21,J.J. Spaun,18.18%,2,11
22,Sungjae Im,16.67%,1,6
22,Collin Morikawa,16.67%,1,6
24,Sam Burns,14.29%,1,7
24,Chez Reavie,14.29%,1,7
26,Trey Mullinax,12.50%,1,8
26,Chad Ramey,12.50%,1,8
28,Corey Conners,11.11%,1,9
29,Aaron Wise,10.00%,1,10
30,Patrick Cantlay,.00%,0,6
30,Brian Harman,.00%,0,3
30,Russell Henley,.00%,0,7
30,Tom Kim,.00%,0,4
30,K.H. Lee,.00%,0,5
30,J.T. Poston,.00%,0,2
30,Seamus Power,.00%,0,7
30,Sepp Straka,.00%,0,7
30,Adam Svensson,.00%,0,11
