rank,player,Avg RTP
1,Max Homa,-.750
2,Will Zalatoris,-.429
3,Luke List,-.375
4,Keegan Bradley,-.250
4,Tony Finau,-.250
4,Scott Stallings,-.250
7,Matt Fitzpatrick,-.200
7,Billy Horschel,-.200
7,Jon Rahm,-.200
7,Jordan Spieth,-.200
11,Tom Hoge,-.167
11,Viktor Hovland,-.167
11,Collin Morikawa,-.167
14,Hideki Matsuyama,-.125
15,Ryan Brehm,E
15,Sam Burns,E
15,K.H. Lee,E
15,Trey Mullinax,E
15,J.T. Poston,E
15,Adam Scott,E
15,J.J. Spaun,E
15,Sahith Theegala,E
23,Scottie Scheffler,+.100
23,Aaron Wise,+.100
25,Chad Ramey,+.125
26,Russell Henley,+.143
26,Chez Reavie,+.143
26,Sepp Straka,+.143
29,Justin Thomas,+.167
30,Mackenzie Hughes,+.200
31,Tom Kim,+.250
31,Cameron Young,+.250
33,Adam Svensson,+.273
34,Seamus Power,+.286
35,Patrick Cantlay,+.333
35,Corey Conners,+.333
35,Brian Harman,+.333
35,Sungjae Im,+.333
