rank,player,Avg RTP
1,Jordan Spieth,-.714
1,Justin Thomas,-.714
3,J.J. Spaun,-.600
4,Tom Hoge,-.556
4,Max Homa,-.556
6,Matt Fitzpatrick,-.500
6,Collin Morikawa,-.500
6,Cameron Young,-.500
9,Mackenzie Hughes,-.444
10,Jon Rahm,-.400
11,Sungjae Im,-.375
11,Seamus Power,-.375
13,Sam Burns,-.333
13,Corey Conners,-.333
13,Luke List,-.333
16,Tony Finau,-.286
16,Scottie Scheffler,-.286
18,Billy Horschel,-.273
19,Patrick Cantlay,-.250
19,Adam Scott,-.250
21,Chez Reavie,-.222
22,Brian Harman,-.200
22,Tom Kim,-.200
22,Scott Stallings,-.200
25,K.H. Lee,-.167
26,Keegan Bradley,-.143
26,Russell Henley,-.143
26,Viktor Hovland,-.143
26,Aaron Wise,-.143
30,Trey Mullinax,-.111
31,J.T. Poston,-.100
32,Ryan Brehm,E
32,Hideki Matsuyama,E
32,Adam Svensson,E
32,Sahith Theegala,E
32,Will Zalatoris,E
37,Sepp Straka,+.091
38,Chad Ramey,+.111
