rank,player,Avg RTP
1,Patrick Cantlay,-1.000
1,Tom Hoge,-1.000
1,Viktor Hovland,-1.000
1,Tom Kim,-1.000
1,Hideki Matsuyama,-1.000
1,Chad Ramey,-1.000
1,Scottie Scheffler,-1.000
1,Adam Scott,-1.000
1,Sepp Straka,-1.000
1,Adam Svensson,-1.000
1,Aaron Wise,-1.000
12,Brian Harman,-.500
12,Mackenzie Hughes,-.500
12,Sungjae Im,-.500
12,Luke List,-.500
12,Collin Morikawa,-.500
12,Sahith Theegala,-.500
12,Justin Thomas,-.500
19,Sam Burns,E
19,Matt Fitzpatrick,E
19,Billy Horschel,E
19,J.T. Poston,E
19,Seamus Power,E
19,Jon Rahm,E
19,Jordan Spieth,E
19,Scott Stallings,E
19,Cameron Young,E
28,Russell Henley,+1.000
