rank,player,Avg RTP
1,Jon Rahm,-.444
1,Sepp Straka,-.444
3,K.H. Lee,-.385
4,Scottie Scheffler,-.364
5,Keegan Bradley,-.333
5,Max Homa,-.333
7,Collin Morikawa,-.300
8,Trey Mullinax,-.286
8,Will Zalatoris,-.286
10,Billy Horschel,-.222
10,Aaron Wise,-.222
12,Sahith Theegala,-.200
13,Ryan Brehm,-.143
14,Tony Finau,-.125
15,Seamus Power,-.111
16,Viktor Hovland,-.100
16,Sungjae Im,-.100
16,Luke List,-.100
16,Jordan Spieth,-.100
20,Brian Harman,-.083
21,Russell Henley,-.077
21,J.T. Poston,-.077
21,Chez Reavie,-.077
24,Tom Hoge,-.056
25,Patrick Cantlay,E
25,Corey Conners,E
25,Matt Fitzpatrick,E
25,Tom Kim,E
25,Hideki Matsuyama,E
25,Adam Scott,E
25,J.J. Spaun,E
25,Cameron Young,E
33,Adam Svensson,+.083
34,Scott Stallings,+.091
35,Chad Ramey,+.100
36,Justin Thomas,+.125
37,Mackenzie Hughes,+.200
38,Sam Burns,+.273
