rank,player,Avg RTP
1,Patrick Cantlay,-1.000
1,Tom Hoge,-1.000
1,Tom Kim,-1.000
1,Luke List,-1.000
1,Jon Rahm,-1.000
1,Chad Ramey,-1.000
1,Adam Scott,-1.000
8,Matt Fitzpatrick,-.667
8,J.J. Spaun,-.667
10,Sam Burns,-.500
10,Brian Harman,-.500
10,Mackenzie Hughes,-.500
10,K.H. Lee,-.500
10,Adam Svensson,-.500
10,Sahith Theegala,-.500
10,Justin Thomas,-.500
10,Cameron Young,-.500
18,Scottie Scheffler,-.400
19,Russell Henley,-.333
19,Collin Morikawa,-.333
19,J.T. Poston,-.333
19,Seamus Power,-.333
19,Sepp Straka,-.333
24,Will Zalatoris,-.250
25,Keegan Bradley,E
25,Ryan Brehm,E
25,Corey Conners,E
25,Tony Finau,E
25,Sungjae Im,E
25,Hideki Matsuyama,E
25,Chez Reavie,E
25,Jordan Spieth,E
25,Scott Stallings,E
25,Aaron Wise,E
35,Trey Mullinax,+.333
36,Max Homa,+.400
37,Billy Horschel,+.500
