rank,player,%,Total Birdies,Total Holes
1,Max Homa,42.86%,6,14
2,Tom Hoge,37.50%,6,16
3,Tony Finau,36.36%,4,11
4,Will Zalatoris,35.00%,7,20
5,Sungjae Im,33.33%,5,15
6,Matt Fitzpatrick,31.25%,5,16
6,Scott Stallings,31.25%,5,16
8,Scottie Scheffler,30.77%,4,13
9,Adam Scott,29.41%,5,17
10,Luke List,28.57%,4,14
11,Chez Reavie,27.27%,3,11
12,Jordan Spieth,26.32%,5,19
13,Jon Rahm,25.00%,5,20
13,Sepp Straka,25.00%,3,12
15,Viktor Hovland,23.53%,4,17
16,Ryan Brehm,22.22%,4,18
17,Hideki Matsuyama,21.43%,3,14
17,Aaron Wise,21.43%,3,14
19,Keegan Bradley,20.00%,2,10
19,Mackenzie Hughes,20.00%,3,15
19,Collin Morikawa,20.00%,3,15
19,Justin Thomas,20.00%,4,20
23,Sam Burns,18.75%,3,16
24,Chad Ramey,17.65%,3,17
25,Patrick Cantlay,16.67%,3,18
25,Trey Mullinax,16.67%,3,18
25,J.T. Poston,16.67%,1,6
25,Seamus Power,16.67%,3,18
29,Billy Horschel,15.79%,3,19
30,Corey Conners,15.00%,3,20
30,K.H. Lee,15.00%,3,20
30,Cameron Young,15.00%,3,20
33,Tom Kim,13.33%,2,15
34,J.J. Spaun,11.11%,2,18
35,Sahith Theegala,7.69%,1,13
36,Russell Henley,6.67%,1,15
37,Brian Harman,.00%,0,7
37,Adam Svensson,.00%,0,17
