rank,player,Avg RTP
1,J.T. Poston,-1.000
1,Chez Reavie,-1.000
3,Adam Scott,-.667
4,Matt Fitzpatrick,-.500
4,Max Homa,-.500
6,Patrick Cantlay,-.250
6,Jordan Spieth,-.250
6,Will Zalatoris,-.250
9,Tom Hoge,-.200
9,Aaron Wise,-.200
11,Keegan Bradley,E
11,Tony Finau,E
11,Brian Harman,E
11,Russell Henley,E
11,Billy Horschel,E
11,Mackenzie Hughes,E
11,Tom Kim,E
11,K.H. Lee,E
11,Luke List,E
11,Hideki Matsuyama,E
11,Collin Morikawa,E
11,Trey Mullinax,E
11,Jon Rahm,E
11,Scottie Scheffler,E
11,Sepp Straka,E
11,Sahith Theegala,E
11,Justin Thomas,E
28,Ryan Brehm,+.250
28,Sam Burns,+.250
30,J.J. Spaun,+.333
30,Adam Svensson,+.333
32,Viktor Hovland,+.500
32,Seamus Power,+.500
34,Sungjae Im,+.667
35,Cameron Young,+.750
36,Corey Conners,+1.000
