rank,player,%,Total Birdies,Total Holes
1,Cameron Young,72.22%,13,18
2,Tom Kim,70.83%,17,24
3,Viktor Hovland,63.64%,14,22
4,Tony Finau,61.90%,13,21
5,Jon Rahm,60.87%,14,23
6,Scott Stallings,58.33%,14,24
7,Collin Morikawa,57.14%,12,21
8,J.J. Spaun,56.52%,13,23
9,Aaron Wise,56.00%,14,25
10,Justin Thomas,55.00%,11,20
10,Will Zalatoris,55.00%,11,20
12,Hideki Matsuyama,52.63%,10,19
12,Adam Svensson,52.63%,10,19
14,Mackenzie Hughes,52.17%,12,23
14,Sungjae Im,52.17%,12,23
16,Luke List,52.00%,13,25
17,Corey Conners,50.00%,11,22
17,K.H. Lee,50.00%,9,18
17,Jordan Spieth,50.00%,13,26
20,Patrick Cantlay,48.00%,12,25
21,J.T. Poston,47.83%,11,23
22,Billy Horschel,47.37%,9,19
22,Trey Mullinax,47.37%,9,19
24,Scottie Scheffler,45.83%,11,24
25,Brian Harman,44.44%,12,27
25,Chad Ramey,44.44%,8,18
27,Sahith Theegala,44.00%,11,25
28,Adam Scott,43.48%,10,23
29,Max Homa,41.18%,7,17
30,Sam Burns,40.91%,9,22
31,Ryan Brehm,40.00%,6,15
32,Sepp Straka,39.13%,9,23
33,Chez Reavie,38.89%,7,18
34,Tom Hoge,37.50%,6,16
35,Seamus Power,33.33%,6,18
36,Matt Fitzpatrick,32.00%,8,25
37,Russell Henley,27.78%,5,18
38,Keegan Bradley,19.05%,4,21
