rank,player,Avg RTP
1,Tony Finau,-.667
1,Cameron Young,-.667
3,Luke List,-.600
3,Justin Thomas,-.600
5,Keegan Bradley,-.571
5,Viktor Hovland,-.571
5,Sepp Straka,-.571
8,Corey Conners,-.500
8,Tom Hoge,-.500
8,Sungjae Im,-.500
8,K.H. Lee,-.500
8,Jon Rahm,-.500
8,J.J. Spaun,-.500
8,Sahith Theegala,-.500
15,Scott Stallings,-.429
16,Sam Burns,-.400
16,Billy Horschel,-.400
16,Trey Mullinax,-.400
19,Hideki Matsuyama,-.333
20,J.T. Poston,-.300
21,Tom Kim,-.286
21,Will Zalatoris,-.286
23,Ryan Brehm,-.250
24,Max Homa,-.200
24,Mackenzie Hughes,-.200
24,Seamus Power,-.200
24,Scottie Scheffler,-.200
24,Adam Scott,-.200
29,Collin Morikawa,-.167
30,Matt Fitzpatrick,-.143
31,Chez Reavie,-.125
32,Brian Harman,E
32,Aaron Wise,E
34,Russell Henley,+.143
35,Adam Svensson,+.167
36,Chad Ramey,+.250
37,Patrick Cantlay,+.286
38,Jordan Spieth,+.500
