rank,player,%,Total Birdies,Total Holes
1,Matt Fitzpatrick,50.00%,10,20
1,Tom Hoge,50.00%,9,18
3,K.H. Lee,47.37%,9,19
4,J.T. Poston,45.00%,9,20
5,Patrick Cantlay,43.75%,7,16
6,Jon Rahm,40.91%,9,22
7,Luke List,37.50%,6,16
7,Cameron Young,37.50%,9,24
9,J.J. Spaun,36.84%,7,19
10,Brian Harman,35.29%,6,17
11,Hideki Matsuyama,35.00%,7,20
12,Russell Henley,33.33%,7,21
12,Mackenzie Hughes,33.33%,5,15
12,Sungjae Im,33.33%,7,21
15,Max Homa,32.14%,9,28
16,Chad Ramey,31.82%,7,22
17,Justin Thomas,31.58%,6,19
18,Viktor Hovland,30.00%,6,20
18,Seamus Power,30.00%,6,20
18,Sepp Straka,30.00%,6,20
18,Aaron Wise,30.00%,6,20
22,Tom Kim,27.78%,5,18
23,Adam Scott,26.32%,5,19
24,Will Zalatoris,26.09%,6,23
25,Ryan Brehm,25.00%,6,24
25,Corey Conners,25.00%,4,16
25,Collin Morikawa,25.00%,5,20
28,Sam Burns,23.81%,5,21
29,Scottie Scheffler,23.53%,4,17
30,Tony Finau,22.22%,4,18
31,Trey Mullinax,21.74%,5,23
32,Scott Stallings,18.75%,3,16
33,Chez Reavie,16.67%,3,18
34,Keegan Bradley,15.79%,3,19
34,Sahith Theegala,15.79%,3,19
36,Adam Svensson,14.29%,3,21
37,Billy Horschel,12.50%,2,16
37,Jordan Spieth,12.50%,2,16
