rank,player,Avg RTP
1,J.J. Spaun,-.700
2,K.H. Lee,-.583
3,Patrick Cantlay,-.571
4,Jon Rahm,-.538
5,Cameron Young,-.500
6,Seamus Power,-.462
7,Matt Fitzpatrick,-.455
8,Brian Harman,-.417
9,Viktor Hovland,-.400
9,Justin Thomas,-.400
11,Corey Conners,-.375
11,Mackenzie Hughes,-.375
13,Tom Hoge,-.364
13,Tom Kim,-.364
15,Russell Henley,-.357
16,J.T. Poston,-.353
17,Hideki Matsuyama,-.333
18,Collin Morikawa,-.308
19,Sam Burns,-.273
19,Aaron Wise,-.273
21,Sepp Straka,-.267
22,Scott Stallings,-.250
22,Will Zalatoris,-.250
24,Luke List,-.231
24,Scottie Scheffler,-.231
26,Max Homa,-.211
27,Chad Ramey,-.200
28,Ryan Brehm,-.167
29,Chez Reavie,-.100
29,Adam Scott,-.100
29,Adam Svensson,-.100
32,Sungjae Im,-.083
33,Keegan Bradley,-.077
34,Trey Mullinax,-.071
35,Tony Finau,E
35,Billy Horschel,E
35,Sahith Theegala,E
38,Jordan Spieth,+.143
