rank,player,%,Total Birdies,Total Holes
1,Sam Burns,60.00%,3,5
2,Tom Hoge,50.00%,2,4
3,Russell Henley,42.86%,3,7
4,Viktor Hovland,40.00%,2,5
5,Keegan Bradley,33.33%,4,12
6,Patrick Cantlay,30.00%,3,10
6,Hideki Matsuyama,30.00%,3,10
6,Cameron Young,30.00%,3,10
9,Tony Finau,25.00%,3,12
9,Seamus Power,25.00%,3,12
9,Sahith Theegala,25.00%,1,4
12,Billy Horschel,20.00%,2,10
12,Justin Thomas,20.00%,2,10
12,Will Zalatoris,20.00%,2,10
15,Chez Reavie,18.18%,2,11
16,Corey Conners,16.67%,2,12
16,Scottie Scheffler,16.67%,1,6
18,Matt Fitzpatrick,14.29%,1,7
18,Luke List,14.29%,1,7
20,Collin Morikawa,12.50%,1,8
21,Trey Mullinax,11.11%,1,9
21,Jon Rahm,11.11%,1,9
21,Scott Stallings,11.11%,1,9
21,Adam Svensson,11.11%,1,9
25,Mackenzie Hughes,9.09%,1,11
26,Ryan Brehm,.00%,0,7
26,Brian Harman,.00%,0,2
26,Max Homa,.00%,0,5
26,Sungjae Im,.00%,0,5
26,Tom Kim,.00%,0,5
26,K.H. Lee,.00%,0,8
26,J.T. Poston,.00%,0,3
26,Chad Ramey,.00%,0,4
26,Adam Scott,.00%,0,7
26,J.J. Spaun,.00%,0,5
26,Jordan Spieth,.00%,0,7
26,Sepp Straka,.00%,0,6
26,Aaron Wise,.00%,0,7
