rank,player,Avg RTP
1,Sam Burns,-1.000
2,Luke List,-.500
3,Tony Finau,-.333
3,Will Zalatoris,-.333
5,Keegan Bradley,E
5,Ryan Brehm,E
5,Matt Fitzpatrick,E
5,Brian Harman,E
5,Tom Hoge,E
5,Max Homa,E
5,Billy Horschel,E
5,Viktor Hovland,E
5,Mackenzie Hughes,E
5,Sungjae Im,E
5,Hideki Matsuyama,E
5,Collin Morikawa,E
5,J.T. Poston,E
5,Adam Scott,E
5,J.J. Spaun,E
5,Jordan Spieth,E
5,Scott Stallings,E
5,Sahith Theegala,E
5,Cameron Young,E
24,Seamus Power,+.143
25,K.H. Lee,+.167
25,Jon Rahm,+.167
27,Patrick Cantlay,+.333
27,Corey Conners,+.333
27,Russell Henley,+.333
27,Chad Ramey,+.333
27,Chez Reavie,+.333
27,Adam Svensson,+.333
27,Aaron Wise,+.333
34,Scottie Scheffler,+.500
34,Sepp Straka,+.500
36,Trey Mullinax,+.667
36,Justin Thomas,+.667
38,Tom Kim,+1.000
