rank,player,Avg RTP
1,Tom Kim,-.813
2,Cameron Young,-.727
3,Tony Finau,-.714
4,Viktor Hovland,-.706
5,Sahith Theegala,-.600
6,Sungjae Im,-.588
7,J.J. Spaun,-.583
8,Scott Stallings,-.571
8,Sepp Straka,-.571
10,Trey Mullinax,-.545
11,Corey Conners,-.533
11,Collin Morikawa,-.533
11,Scottie Scheffler,-.533
11,Adam Scott,-.533
15,Adam Svensson,-.529
16,Mackenzie Hughes,-.500
16,Hideki Matsuyama,-.500
16,Justin Thomas,-.500
19,Aaron Wise,-.471
20,Jordan Spieth,-.467
21,Sam Burns,-.462
22,Billy Horschel,-.429
22,Luke List,-.429
22,Will Zalatoris,-.429
25,J.T. Poston,-.421
26,Max Homa,-.385
26,K.H. Lee,-.385
28,Ryan Brehm,-.375
28,Patrick Cantlay,-.375
28,Matt Fitzpatrick,-.375
31,Brian Harman,-.368
32,Jon Rahm,-.333
33,Tom Hoge,-.308
34,Keegan Bradley,-.267
35,Seamus Power,-.250
35,Chad Ramey,-.250
37,Chez Reavie,-.176
38,Russell Henley,-.118
