rank,player,Avg RTP
1,Cameron Young,-.467
2,Jon Rahm,-.419
3,Viktor Hovland,-.404
4,J.J. Spaun,-.400
5,Justin Thomas,-.381
6,Tom Kim,-.380
7,Scottie Scheffler,-.375
8,K.H. Lee,-.370
9,Collin Morikawa,-.365
10,Corey Conners,-.341
11,Matt Fitzpatrick,-.333
12,Seamus Power,-.319
13,Tony Finau,-.314
14,Patrick Cantlay,-.311
15,Max Homa,-.309
16,Hideki Matsuyama,-.296
17,Tom Hoge,-.288
18,Sepp Straka,-.283
19,Sungjae Im,-.275
20,J.T. Poston,-.274
21,Brian Harman,-.273
22,Sahith Theegala,-.271
23,Jordan Spieth,-.262
24,Billy Horschel,-.261
25,Aaron Wise,-.260
26,Luke List,-.255
27,Trey Mullinax,-.250
28,Will Zalatoris,-.245
29,Adam Scott,-.234
30,Russell Henley,-.232
31,Mackenzie Hughes,-.224
32,Sam Burns,-.217
33,Keegan Bradley,-.204
34,Scott Stallings,-.178
35,Adam Svensson,-.170
36,Ryan Brehm,-.149
37,Chez Reavie,-.121
38,Chad Ramey,-.082
