rank,player,%,Total Birdies,Total Holes
1,Sepp Straka,45.45%,5,11
2,Max Homa,41.67%,5,12
3,Collin Morikawa,40.00%,6,15
4,Scottie Scheffler,37.50%,6,16
5,Keegan Bradley,36.36%,4,11
6,Aaron Wise,33.33%,4,12
7,K.H. Lee,31.58%,6,19
8,Will Zalatoris,30.00%,3,10
9,Jordan Spieth,28.57%,4,14
10,Hideki Matsuyama,25.00%,4,16
10,Jon Rahm,25.00%,3,12
12,Tom Hoge,21.74%,5,23
13,Corey Conners,21.43%,3,14
13,Billy Horschel,21.43%,3,14
13,Viktor Hovland,21.43%,3,14
16,Sungjae Im,20.00%,3,15
16,Trey Mullinax,20.00%,2,10
18,Luke List,17.65%,3,17
19,Ryan Brehm,16.67%,2,12
20,Justin Thomas,14.29%,2,14
21,Sam Burns,13.33%,2,15
21,J.T. Poston,13.33%,2,15
21,Scott Stallings,13.33%,2,15
24,Patrick Cantlay,12.50%,2,16
24,Brian Harman,12.50%,2,16
24,Sahith Theegala,12.50%,2,16
27,Chad Ramey,11.76%,2,17
28,Russell Henley,10.53%,2,19
29,Cameron Young,10.00%,1,10
30,Tony Finau,9.09%,1,11
30,Matt Fitzpatrick,9.09%,1,11
30,Adam Scott,9.09%,1,11
33,Seamus Power,8.33%,1,12
34,Tom Kim,7.69%,1,13
35,Chez Reavie,6.25%,1,16
35,Adam Svensson,6.25%,1,16
37,Mackenzie Hughes,.00%,0,12
37,J.J. Spaun,.00%,0,14
