rank,player,Avg RTP
1,Jon Rahm,-.750
1,J.J. Spaun,-.750
3,Patrick Cantlay,-.667
3,K.H. Lee,-.667
3,Hideki Matsuyama,-.667
3,Aaron Wise,-.667
7,Seamus Power,-.600
8,Max Homa,-.571
8,Cameron Young,-.571
10,Tony Finau,-.500
10,Mackenzie Hughes,-.500
10,J.T. Poston,-.500
13,Will Zalatoris,-.429
14,Ryan Brehm,-.400
14,Russell Henley,-.400
16,Corey Conners,-.333
16,Matt Fitzpatrick,-.333
16,Brian Harman,-.333
16,Tom Hoge,-.333
16,Billy Horschel,-.333
16,Viktor Hovland,-.333
16,Scott Stallings,-.333
23,Sam Burns,-.167
23,Sepp Straka,-.167
25,Chez Reavie,-.125
26,Keegan Bradley,E
26,Sungjae Im,E
26,Tom Kim,E
26,Trey Mullinax,E
26,Chad Ramey,E
26,Scottie Scheffler,E
26,Adam Scott,E
26,Adam Svensson,E
26,Justin Thomas,E
35,Luke List,+.167
36,Collin Morikawa,+.333
37,Sahith Theegala,+.400
38,Jordan Spieth,+.500
