rank,player,Avg RTP
1,Matt Fitzpatrick,-1.000
1,Viktor Hovland,-1.000
1,Mackenzie Hughes,-1.000
1,Tom Kim,-1.000
1,Luke List,-1.000
1,Seamus Power,-1.000
1,Jon Rahm,-1.000
1,Justin Thomas,-1.000
1,Cameron Young,-1.000
1,Will Zalatoris,-1.000
11,J.J. Spaun,-.667
11,Scott Stallings,-.667
13,Ryan Brehm,-.500
13,Sam Burns,-.500
13,Tony Finau,-.500
13,Max Homa,-.500
13,Billy Horschel,-.500
13,Hideki Matsuyama,-.500
13,Jordan Spieth,-.500
20,Trey Mullinax,-.333
21,Tom Hoge,E
21,Collin Morikawa,E
21,Chad Ramey,E
21,Scottie Scheffler,E
21,Sepp Straka,E
21,Adam Svensson,E
21,Sahith Theegala,E
28,Patrick Cantlay,+.500
28,Aaron Wise,+.500
30,Adam Scott,+1.000
