rank,player,Avg RTP
1,Max Homa,-.667
2,Collin Morikawa,-.600
3,Keegan Bradley,-.500
3,Sepp Straka,-.500
3,Aaron Wise,-.500
6,Corey Conners,-.400
6,Tom Hoge,-.400
6,Scottie Scheffler,-.400
9,Jordan Spieth,-.333
9,Will Zalatoris,-.333
11,Sam Burns,-.250
12,Ryan Brehm,-.200
13,Patrick Cantlay,E
13,Tony Finau,E
13,Russell Henley,E
13,Billy Horschel,E
13,Mackenzie Hughes,E
13,Sungjae Im,E
13,K.H. Lee,E
13,Luke List,E
13,Hideki Matsuyama,E
13,Trey Mullinax,E
13,J.T. Poston,E
13,Seamus Power,E
13,Chez Reavie,E
13,J.J. Spaun,E
13,Scott Stallings,E
28,Chad Ramey,+.143
29,Sahith Theegala,+.200
30,Brian Harman,+.250
30,Tom Kim,+.250
30,Adam Scott,+.250
30,Adam Svensson,+.250
34,Jon Rahm,+.333
35,Cameron Young,+.400
36,Matt Fitzpatrick,+.500
36,Justin Thomas,+.500
38,Viktor Hovland,+.750
