rank,player,Avg RTP
1,Scottie Scheffler,-.667
2,Aaron Wise,-.500
3,Sungjae Im,-.444
4,Tom Hoge,-.400
4,Max Homa,-.400
4,Sepp Straka,-.400
7,Tony Finau,-.333
8,Mackenzie Hughes,-.300
9,J.T. Poston,-.250
9,Chez Reavie,-.250
9,Scott Stallings,-.250
12,Sam Burns,-.222
12,Collin Morikawa,-.222
14,Jordan Spieth,-.214
15,Jon Rahm,-.200
16,Corey Conners,-.182
16,Seamus Power,-.182
18,Patrick Cantlay,-.167
18,Matt Fitzpatrick,-.167
18,Hideki Matsuyama,-.167
18,Will Zalatoris,-.167
22,Ryan Brehm,-.125
22,Russell Henley,-.125
24,Trey Mullinax,-.100
25,Adam Scott,-.071
26,Brian Harman,E
26,K.H. Lee,E
26,Luke List,E
26,Chad Ramey,E
26,J.J. Spaun,E
31,Tom Kim,+.091
32,Sahith Theegala,+.100
33,Keegan Bradley,+.167
33,Adam Svensson,+.167
35,Viktor Hovland,+.182
36,Cameron Young,+.250
37,Billy Horschel,+.333
38,Justin Thomas,+.375
