rank,player,Avg RTP
1,Tom Hoge,-1.000
1,Hideki Matsuyama,-1.000
3,Russell Henley,-.750
4,Sam Burns,-.500
4,Scottie Scheffler,-.500
4,Sahith Theegala,-.500
7,Seamus Power,-.400
7,Justin Thomas,-.400
9,Keegan Bradley,-.333
9,Patrick Cantlay,-.333
9,Corey Conners,-.333
9,Billy Horschel,-.333
9,Viktor Hovland,-.333
9,Jon Rahm,-.333
15,Matt Fitzpatrick,-.250
16,Tony Finau,-.222
17,Collin Morikawa,-.200
18,Trey Mullinax,-.167
18,Cameron Young,-.167
20,Ryan Brehm,E
20,Brian Harman,E
20,Max Homa,E
20,Tom Kim,E
20,Luke List,E
20,J.T. Poston,E
20,Chez Reavie,E
20,Adam Scott,E
20,Scott Stallings,E
20,Sepp Straka,E
20,Adam Svensson,E
20,Will Zalatoris,E
32,Mackenzie Hughes,+.125
33,Sungjae Im,+.333
33,Jordan Spieth,+.333
35,K.H. Lee,+.500
35,J.J. Spaun,+.500
35,Aaron Wise,+.500
38,Chad Ramey,+1.000
