rank,player,%,Total Birdies,Total Holes
1,Cameron Young,51.11%,23,45
2,Viktor Hovland,48.94%,23,47
3,J.J. Spaun,44.44%,20,45
4,Jon Rahm,44.19%,19,43
5,Justin Thomas,40.48%,17,42
6,Patrick Cantlay,40.00%,18,45
7,K.H. Lee,39.13%,18,46
8,Hideki Matsuyama,38.89%,21,54
9,Collin Morikawa,38.46%,20,52
10,Aaron Wise,38.00%,19,50
11,Scottie Scheffler,37.50%,18,48
12,Corey Conners,36.36%,16,44
12,Max Homa,36.36%,20,55
14,Luke List,36.17%,17,47
15,Tom Kim,36.00%,18,50
16,Sepp Straka,35.85%,19,53
17,Scott Stallings,35.56%,16,45
18,Sam Burns,34.78%,16,46
19,Tom Hoge,34.62%,18,52
20,Seamus Power,34.04%,16,47
21,Tony Finau,33.33%,17,51
21,Sungjae Im,33.33%,17,51
21,Jordan Spieth,33.33%,14,42
24,Brian Harman,32.73%,18,55
25,Will Zalatoris,32.65%,16,49
26,Billy Horschel,32.61%,15,46
27,J.T. Poston,32.26%,20,62
28,Russell Henley,32.14%,18,56
29,Trey Mullinax,31.25%,15,48
29,Sahith Theegala,31.25%,15,48
31,Matt Fitzpatrick,31.11%,14,45
32,Mackenzie Hughes,30.61%,15,49
33,Adam Svensson,30.19%,16,53
34,Chad Ramey,28.57%,14,49
35,Adam Scott,27.66%,13,47
36,Keegan Bradley,25.93%,14,54
37,Ryan Brehm,25.53%,12,47
38,Chez Reavie,22.41%,13,58
