rank,player,Avg RTP
1,Max Homa,-1.000
1,Sungjae Im,-1.000
3,Matt Fitzpatrick,-.667
4,Viktor Hovland,-.333
4,Adam Scott,-.333
4,Jordan Spieth,-.333
7,Sam Burns,E
7,Patrick Cantlay,E
7,Russell Henley,E
7,Billy Horschel,E
7,Mackenzie Hughes,E
7,Tom Kim,E
7,K.H. Lee,E
7,Luke List,E
7,Collin Morikawa,E
7,Trey Mullinax,E
7,Seamus Power,E
7,Jon Rahm,E
7,Chad Ramey,E
7,J.J. Spaun,E
7,Sepp Straka,E
7,Sahith Theegala,E
7,Cameron Young,E
7,Will Zalatoris,E
25,Corey Conners,+.333
25,Justin Thomas,+.333
27,Keegan Bradley,+.500
28,Adam Svensson,+1.000
