rank,player,Avg RTP
1,Tom Kim,-1.250
2,Patrick Cantlay,-1.000
2,Mackenzie Hughes,-1.000
2,Scott Stallings,-1.000
5,Sungjae Im,-.800
5,Jordan Spieth,-.800
5,Adam Svensson,-.800
5,Sahith Theegala,-.800
5,Cameron Young,-.800
10,Viktor Hovland,-.750
11,Adam Scott,-.714
12,Brian Harman,-.667
12,Collin Morikawa,-.667
12,Trey Mullinax,-.667
12,J.T. Poston,-.667
16,Matt Fitzpatrick,-.600
16,Billy Horschel,-.600
18,Tony Finau,-.500
18,Max Homa,-.500
18,Scottie Scheffler,-.500
18,Justin Thomas,-.500
18,Aaron Wise,-.500
23,Hideki Matsuyama,-.400
24,Ryan Brehm,-.333
24,Sam Burns,-.333
24,J.J. Spaun,-.333
27,Tom Hoge,-.250
27,Luke List,-.250
27,Seamus Power,-.250
27,Will Zalatoris,-.250
31,Chad Ramey,-.200
32,Keegan Bradley,E
32,Corey Conners,E
32,Russell Henley,E
32,Sepp Straka,E
36,Chez Reavie,+.200
37,K.H. Lee,+.333
38,Jon Rahm,+.667
