rank,player,Avg RTP
1,J.T. Poston,-1.000
1,Chez Reavie,-1.000
3,Matt Fitzpatrick,-.667
4,Max Homa,-.500
5,Adam Scott,-.375
6,Tom Hoge,-.333
6,K.H. Lee,-.333
8,Patrick Cantlay,-.286
8,Jon Rahm,-.286
8,Jordan Spieth,-.286
8,Aaron Wise,-.286
12,Chad Ramey,-.250
12,Sepp Straka,-.250
14,Mackenzie Hughes,-.167
14,Will Zalatoris,-.167
16,Sungjae Im,-.143
16,Tom Kim,-.143
16,Trey Mullinax,-.143
19,Viktor Hovland,-.125
20,Tony Finau,E
20,Brian Harman,E
20,Russell Henley,E
20,Luke List,E
20,Hideki Matsuyama,E
20,Collin Morikawa,E
20,Scottie Scheffler,E
20,Sahith Theegala,E
28,Justin Thomas,+.125
29,Sam Burns,+.143
30,Corey Conners,+.167
31,Seamus Power,+.200
32,Keegan Bradley,+.250
32,J.J. Spaun,+.250
34,Adam Svensson,+.333
35,Ryan Brehm,+.400
35,Billy Horschel,+.400
37,Scott Stallings,+.500
38,Cameron Young,+.571
