rank,player,Avg RTP
1,Tom Kim,-1.333
2,Ryan Brehm,-1.000
2,Tony Finau,-1.000
2,Collin Morikawa,-1.000
2,Jon Rahm,-1.000
2,Chad Ramey,-1.000
2,J.J. Spaun,-1.000
2,Jordan Spieth,-1.000
2,Sepp Straka,-1.000
2,Adam Svensson,-1.000
2,Cameron Young,-1.000
2,Will Zalatoris,-1.000
13,Scottie Scheffler,-.800
13,Aaron Wise,-.800
15,Sam Burns,-.750
15,Patrick Cantlay,-.750
15,K.H. Lee,-.750
15,Chez Reavie,-.750
19,Corey Conners,-.714
20,Matt Fitzpatrick,-.667
20,Russell Henley,-.667
20,Viktor Hovland,-.667
20,Trey Mullinax,-.667
20,Scott Stallings,-.667
25,J.T. Poston,-.600
26,Max Homa,-.500
26,Sungjae Im,-.500
26,Hideki Matsuyama,-.500
26,Seamus Power,-.500
26,Adam Scott,-.500
26,Sahith Theegala,-.500
32,Brian Harman,-.400
33,Billy Horschel,-.333
33,Mackenzie Hughes,-.333
33,Luke List,-.333
33,Justin Thomas,-.333
37,Keegan Bradley,E
37,Tom Hoge,E
