rank,player,%,Total Birdies,Total Holes
1,Max Homa,66.67%,6,9
2,Scott Stallings,57.14%,4,7
3,Justin Thomas,55.56%,5,9
4,J.J. Spaun,54.55%,6,11
5,Jon Rahm,50.00%,3,6
6,Tom Hoge,45.45%,5,11
7,Chez Reavie,44.44%,4,9
7,Jordan Spieth,44.44%,4,9
9,Luke List,42.86%,3,7
10,Seamus Power,40.00%,4,10
10,Cameron Young,40.00%,4,10
12,Sungjae Im,37.50%,3,8
12,Collin Morikawa,37.50%,3,8
14,Mackenzie Hughes,36.36%,4,11
15,Tony Finau,33.33%,3,9
15,Matt Fitzpatrick,33.33%,3,9
15,Billy Horschel,33.33%,4,12
15,Viktor Hovland,33.33%,3,9
15,Scottie Scheffler,33.33%,3,9
15,Adam Scott,33.33%,4,12
21,Ryan Brehm,30.77%,4,13
22,Brian Harman,30.00%,3,10
23,Russell Henley,28.57%,2,7
23,Aaron Wise,28.57%,2,7
25,Trey Mullinax,27.27%,3,11
26,Sam Burns,25.00%,2,8
26,Corey Conners,25.00%,2,8
26,Sepp Straka,25.00%,3,12
29,Chad Ramey,22.22%,2,9
29,Will Zalatoris,22.22%,2,9
31,Patrick Cantlay,20.00%,1,5
32,Tom Kim,16.67%,2,12
33,Adam Svensson,14.29%,1,7
34,Keegan Bradley,12.50%,1,8
34,K.H. Lee,12.50%,1,8
34,Sahith Theegala,12.50%,1,8
37,J.T. Poston,9.09%,1,11
38,Hideki Matsuyama,.00%,0,6
