rank,player,Stroke Differential,Player's Score,Field Average Score
1,Xander Schauffele,+3.67,"6,725",70.92
2,Gary Woodland,+3.42,67.50,70.92
3,Justin Thomas,+2.42,68.50,70.92
4,Dustin Johnson,+1.67,69.25,70.92
4,Marc Leishman,+1.67,69.25,70.92
4,Rory McIlroy,+1.67,69.25,70.92
7,Bryson DeChambeau,+1.42,69.50,70.92
8,Patton Kizzire,+1.17,69.75,70.92
8,Jon Rahm,+1.17,69.75,70.92
8,Webb Simpson,+1.17,69.75,70.92
11,Cameron Champ,+.92,70.00,70.92
11,Kevin Tway,+.92,70.00,70.92
13,Jason Day,+.67,70.25,70.92
14,Charles Howell III,+.42,70.50,70.92
14,Andrew Putnam,+.42,70.50,70.92
16,Paul Casey,+.17,70.75,70.92
16,Troy Merritt,+.17,70.75,70.92
18,Ian Poulter,-.08,71.00,70.92
19,Brice Garnett,-.58,71.50,70.92
19,Matt Kuchar,-.58,71.50,70.92
19,Scott Piercy,-.58,71.50,70.92
22,Andrew Landry,-.83,71.75,70.92
22,Brandt Snedeker,-.83,71.75,70.92
24,Brooks Koepka,-1.08,72.00,70.92
25,Billy Horschel,-1.58,72.50,70.92
25,Patrick Reed,-1.58,72.50,70.92
27,Keegan Bradley,-1.83,72.75,70.92
27,Francesco Molinari,-1.83,72.75,70.92
27,"Ted Potter, Jr.",-1.83,72.75,70.92
27,Aaron Wise,-1.83,72.75,70.92
31,Bubba Watson,-2.08,73.00,70.92
32,Michael Kim,-3.08,74.00,70.92
32,Satoshi Kodaira,-3.08,74.00,70.92
