rank,player,Value,Tourn/Course,Round
1,Xander Schauffele,62,Sentry/Plantati,4
2,Webb Simpson,65,Sentry/Plantati,4
2,Justin Thomas,65,Sentry/Plantati,4
4,Jason Day,66,Sentry/Plantati,4
4,Kevin Tway,66,Sentry/Plantati,1
6,Cameron Champ,67,Sentry/Plantati,4
6,Dustin Johnson,67,Sentry/Plantati,4
6,Gary Woodland,67,Sentry/Plantati,2
9,Paul Casey,68,Sentry/Plantati,3
9,Bryson DeChambeau,68,Sentry/Plantati,2
9,Brice Garnett,68,Sentry/Plantati,4
9,Patton Kizzire,68,Sentry/Plantati,4
9,Marc Leishman,68,Sentry/Plantati,3
9,Rory McIlroy,68,Sentry/Plantati,3
15,Keegan Bradley,69,Sentry/Plantati,2
15,Charles Howell III,69,Sentry/Plantati,4
15,Brooks Koepka,69,Sentry/Plantati,4
15,Matt Kuchar,69,Sentry/Plantati,4
15,Andrew Landry,69,Sentry/Plantati,1
15,Troy Merritt,69,Sentry/Plantati,3
15,Scott Piercy,69,Sentry/Plantati,4
15,Ian Poulter,69,Sentry/Plantati,2
15,Andrew Putnam,69,Sentry/Plantati,1
15,Jon Rahm,69,Sentry/Plantati,4
15,Brandt Snedeker,69,Sentry/Plantati,2
15,Bubba Watson,69,Sentry/Plantati,4
27,Satoshi Kodaira,70,Sentry/Plantati,4
27,Patrick Reed,70,Sentry/Plantati,1
29,Billy Horschel,71,Sentry/Plantati,3
29,Michael Kim,71,Sentry/Plantati,1
29,Francesco Molinari,71,Sentry/Plantati,2
29,"Ted Potter, Jr.",71,Sentry/Plantati,3
29,Aaron Wise,71,Sentry/Plantati,2
