rank,player,Avg,Total Strokes,Total Rounds
1,Xander Schauffele,67.25,269,4
2,Gary Woodland,67.50,270,4
3,Justin Thomas,68.50,274,4
4,Dustin Johnson,69.25,277,4
4,Marc Leishman,69.25,277,4
4,Rory McIlroy,69.25,277,4
7,Bryson DeChambeau,69.50,278,4
8,Patton Kizzire,69.75,279,4
8,Jon Rahm,69.75,279,4
8,Webb Simpson,69.75,279,4
11,Cameron Champ,70.00,280,4
11,Kevin Tway,70.00,280,4
13,Jason Day,70.25,281,4
14,Charles Howell III,70.50,282,4
14,Andrew Putnam,70.50,282,4
16,Paul Casey,70.75,283,4
16,Troy Merritt,70.75,283,4
18,Ian Poulter,71.00,284,4
19,Brice Garnett,71.50,286,4
19,Matt Kuchar,71.50,286,4
19,Scott Piercy,71.50,286,4
22,Andrew Landry,71.75,287,4
22,Brandt Snedeker,71.75,287,4
24,Brooks Koepka,72.00,288,4
25,Billy Horschel,72.50,290,4
25,Patrick Reed,72.50,290,4
27,Keegan Bradley,72.75,291,4
27,Francesco Molinari,72.75,291,4
27,"Ted Potter, Jr.",72.75,291,4
27,Aaron Wise,72.75,291,4
31,Bubba Watson,73.00,292,4
32,Michael Kim,74.00,296,4
32,Satoshi Kodaira,74.00,296,4
