rank,player,Avg,Total Strokes,Total Rounds
1,Gary Woodland,67.00,134,2
2,Bryson DeChambeau,68.50,137,2
2,Rory McIlroy,68.50,137,2
2,Kevin Tway,68.50,137,2
5,Marc Leishman,69.00,138,2
6,Cameron Champ,69.50,139,2
6,Xander Schauffele,69.50,139,2
6,Justin Thomas,69.50,139,2
9,Jason Day,70.00,140,2
9,Patton Kizzire,70.00,140,2
9,Ian Poulter,70.00,140,2
12,Dustin Johnson,70.50,141,2
12,Jon Rahm,70.50,141,2
14,Andrew Putnam,71.00,142,2
14,Webb Simpson,71.00,142,2
16,Michael Kim,71.50,143,2
17,Paul Casey,72.00,144,2
17,Charles Howell III,72.00,144,2
17,Andrew Landry,72.00,144,2
17,Troy Merritt,72.00,144,2
17,Francesco Molinari,72.00,144,2
17,Brandt Snedeker,72.00,144,2
23,Brice Garnett,72.50,145,2
23,Matt Kuchar,72.50,145,2
23,Patrick Reed,72.50,145,2
23,Aaron Wise,72.50,145,2
27,Keegan Bradley,73.00,146,2
27,Brooks Koepka,73.00,146,2
29,Billy Horschel,73.50,147,2
30,Scott Piercy,74.00,148,2
30,"Ted Potter, Jr.",74.00,148,2
32,Bubba Watson,74.50,149,2
33,Satoshi Kodaira,76.50,153,2
