rank,player,Avg,Total Strokes,Total Late Rounds
1,Matt Jones,61.50,123,2
2,Cameron Smith,64.33,193,3
3,Jon Rahm,64.75,259,4
4,Kevin Kisner,66.33,199,3
5,Patrick Cantlay,66.50,266,4
6,Marc Leishman,66.67,200,3
7,Daniel Berger,67.00,201,3
7,Sungjae Im,67.00,268,4
9,Cam Davis,67.25,269,4
10,Xander Schauffele,67.67,203,3
11,Max Homa,68.00,68,1
11,Kevin Na,68.00,204,3
13,Sam Burns,68.50,137,2
13,Stewart Cink,68.50,274,4
15,Hideki Matsuyama,68.67,206,3
16,Joel Dahmen,69.00,69,1
16,Bryson DeChambeau,69.00,276,4
16,Branden Grace,69.00,138,2
16,Garrick Higgo,69.00,69,1
16,Viktor Hovland,69.00,69,1
16,Collin Morikawa,69.00,138,2
16,Seamus Power,69.00,69,1
23,Justin Thomas,69.50,139,2
24,Tony Finau,70.00,70,1
24,Talor Gooch,70.00,70,1
24,Si Woo Kim,70.00,140,2
24,Brooks Koepka,70.00,140,2
24,Erik van Rooyen,70.00,70,1
29,Phil Mickelson,71.00,71,1
29,Patrick Reed,71.00,142,2
29,Jordan Spieth,71.00,71,1
32,K.H. Lee,72.00,72,1
33,Harris English,73.00,73,1
33,Lucas Herbert,73.00,73,1
