rank,player,Avg,Total Strokes,Total Rounds
1,Matt Jones,61.00,61,1
2,Kevin Kisner,65.00,65,1
2,Cameron Smith,65.00,65,1
2,Justin Thomas,65.00,65,1
5,Cam Davis,66.00,66,1
5,Jon Rahm,66.00,66,1
5,Xander Schauffele,66.00,66,1
8,Patrick Cantlay,67.00,67,1
9,Max Homa,68.00,68,1
9,Marc Leishman,68.00,68,1
9,Kevin Na,68.00,68,1
9,Patrick Reed,68.00,68,1
13,Daniel Berger,69.00,69,1
13,Sam Burns,69.00,69,1
13,Sungjae Im,69.00,69,1
13,Hideki Matsuyama,69.00,69,1
17,Stewart Cink,71.00,71,1
18,Bryson DeChambeau,72.00,72,1
