rank,player,Avg,Total Strokes,Total Rounds
1,Jon Rahm,61.00,61,1
2,Matt Jones,62.00,62,1
3,Cameron Smith,64.00,64,1
4,Sungjae Im,65.00,65,1
4,Marc Leishman,65.00,65,1
6,Daniel Berger,66.00,66,1
6,Patrick Cantlay,66.00,66,1
6,Cam Davis,66.00,66,1
6,Kevin Kisner,66.00,66,1
10,Stewart Cink,67.00,67,1
10,Bryson DeChambeau,67.00,67,1
12,Sam Burns,68.00,68,1
12,Hideki Matsuyama,68.00,68,1
12,Kevin Na,68.00,68,1
12,Xander Schauffele,68.00,68,1
16,Si Woo Kim,69.00,69,1
16,Seamus Power,69.00,69,1
18,Brooks Koepka,72.00,72,1
