rank,player,Low Rnd
1,Matt Jones,61
1,Jon Rahm,61
3,Cameron Smith,64
4,Sungjae Im,65
4,Kevin Kisner,65
4,Marc Leishman,65
4,Justin Thomas,65
8,Daniel Berger,66
8,Patrick Cantlay,66
8,Cam Davis,66
8,Xander Schauffele,66
12,Stewart Cink,67
12,Bryson DeChambeau,67
14,Sam Burns,68
14,Max Homa,68
14,Brooks Koepka,68
14,Hideki Matsuyama,68
14,Collin Morikawa,68
14,Kevin Na,68
14,Patrick Reed,68
21,Joel Dahmen,69
21,Branden Grace,69
21,Garrick Higgo,69
21,Viktor Hovland,69
21,Si Woo Kim,69
21,Seamus Power,69
27,Tony Finau,70
27,Talor Gooch,70
27,Erik van Rooyen,70
30,Phil Mickelson,71
30,Jordan Spieth,71
32,K.H. Lee,72
33,Harris English,73
33,Lucas Herbert,73
