rank,player,Avg,Total Strokes,Total Rounds
1,Patrick Cantlay,66.00,66,1
1,Jon Rahm,66.00,66,1
3,Sungjae Im,67.00,67,1
4,Collin Morikawa,68.00,68,1
5,Stewart Cink,69.00,69,1
5,Cam Davis,69.00,69,1
5,Bryson DeChambeau,69.00,69,1
5,Branden Grace,69.00,69,1
5,Hideki Matsuyama,69.00,69,1
5,Xander Schauffele,69.00,69,1
11,Tony Finau,70.00,70,1
12,Si Woo Kim,71.00,71,1
12,Phil Mickelson,71.00,71,1
12,Jordan Spieth,71.00,71,1
15,K.H. Lee,72.00,72,1
16,Harris English,73.00,73,1
17,Patrick Reed,74.00,74,1
17,Justin Thomas,74.00,74,1
