rank,player,%,Greens Hit,# Holes,Relative/Par
1,Bart Bryant,76.39,55,72,-0.27
2,Tom Lehman,72.22,52,72,-0.21
2,Greg Owen,72.22,52,72,-0.19
2,Justin Rose,72.22,52,72,-0.17
5,Shigeki Maruyama,70.83,51,72,-0.27
6,Charles Howell III,69.44,50,72,-0.28
6,Vijay Singh,69.44,50,72,-0.34
8,Chad Campbell,68.06,49,72,-0.31
8,Joe Durant,68.06,49,72,-0.18
10,Ernie Els,66.67,48,72,-0.44
10,Peter Jacobsen,66.67,48,72,-0.19
10,Adam Scott,66.67,48,72,-0.19
10,D.J. Trahan,66.67,48,72,-0.21
14,Luke Donald,65.28,47,72,-0.26
14,Steve Flesch,65.28,47,72,-0.21
14,Shaun Micheel,65.28,47,72,-0.32
14,Arron Oberholser,65.28,47,72,-0.21
14,Ryan Palmer,65.28,47,72,-0.36
14,Craig Parry,65.28,47,72,-0.23
14,Pat Perez,65.28,47,72,-0.19
14,Brett Quigley,65.28,47,72,-0.30
14,Jeff Sluman,65.28,47,72,-0.21
14,Duffy Waldorf,65.28,47,72,-0.13
24,Paul Azinger,63.89,46,72,-0.28
24,D.J. Brigman,63.89,46,72,-0.26
24,Jonathan Byrd,63.89,46,72,-0.22
24,Stewart Cink,63.89,46,72,-0.35
24,Loren Roberts,63.89,46,72,-0.28
29,Woody Austin,62.50,45,72,-0.31
29,Jason Bohn,62.50,45,72,-0.31
29,Tom Byrum,62.50,45,72,-0.31
29,Daniel Chopra,62.50,45,72,-0.20
29,Robert Gamez,62.50,45,72,-0.33
29,Brian Gay,62.50,45,72,-0.27
29,Brent Geiberger,62.50,45,72,-0.20
29,Retief Goosen,62.50,45,72,-0.27
29,Tim Herron,62.50,45,72,-0.29
29,Steve Jones,62.50,45,72,-0.18
29,Jonathan Kaye,62.50,45,72,-0.24
29,Franklin Langham,62.50,45,72,-0.31
29,Billy Mayfair,62.50,45,72,-0.18
29,Larry Mize,62.50,45,72,-0.20
29,Sean Murphy,62.50,45,72,-0.29
29,David Toms,62.50,45,72,-0.33
45,Briny Baird,61.11,44,72,-0.23
45,Rich Beem,61.11,44,72,-0.25
45,John Cook,61.11,44,72,-0.16
45,Bob Estes,61.11,44,72,-0.32
45,Zach Johnson,61.11,44,72,-0.20
45,Hank Kuehne,61.11,44,72,-0.23
45,Andrew Magee,61.11,44,72,-0.27
45,Dick Mast,61.11,44,72,-0.30
45,Greg Meyer,61.11,44,72,-0.14
45,Sean O'Hair,61.11,44,72,-0.20
45,Tom Pernice Jr.,61.11,44,72,-0.18
45,Rob Rashell,61.11,44,72,-0.14
45,Joey Snyder III,61.11,44,72,-0.07
58,D.A. Points,59.72,43,72,-0.14
58,Omar Uresti,59.72,43,72,-0.16
58,Charles Warren,59.72,43,72,-0.30
58,Nick Watney,59.72,43,72,-0.26
62,Steve Allan,58.33,42,72,-0.24
62,Jason Allred,58.33,42,72,-0.26
62,Tommy Armour III,58.33,42,72,-0.31
62,Jim Furyk,58.33,42,72,-0.24
62,Paul Gow,58.33,42,72,-0.14
62,Jeff Maggert,58.33,42,72,-0.33
62,Chris Riley,58.33,42,72,-0.31
69,Todd Hamilton,56.94,41,72,-0.32
69,Jesper Parnevik,56.94,41,72,-0.27
69,Rory Sabbatini,56.94,41,72,-0.29
72,Dean Wilson,55.56,40,72,-0.25
73,Ryuji Imada,54.17,39,72,-0.18
73,Tom Kite,54.17,39,72,-0.18
73,John Riegger,54.17,39,72,-0.41
73,Heath Slocum,54.17,39,72,-0.26
73,Craig Stadler,54.17,39,72,-0.33
78,Ben Crane,51.39,37,72,-0.38
