rank,player,Avg,Distance (Feet),Total Putts
1,Pat Perez,"9' 6""",275.667,29
2,Jason Dufner,"9' 0""",253.083,28
3,Adam Hadwin,"8' 11""",196.083,22
4,Wesley Bryan,"8' 8""",277.167,32
5,Chris Stroud,"8' 5""",302.083,36
6,Cameron Smith,"8' 1""",193.083,24
7,Patrick Cantlay,"8' 0""",183.583,23
8,Bryson DeChambeau,"7' 11""",174.917,22
9,Hideki Matsuyama,"7' 10""",203.917,26
10,Austin Cook,"7' 9""",186.667,24
11,Rickie Fowler,"7' 6""",209.000,28
12,Ryan Armour,"7' 5""",177.917,24
12,Jonas Blixt,"7' 5""",216.083,29
14,Patton Kizzire,"7' 4""",153.167,21
14,Jordan Spieth,"7' 4""",146.000,20
16,Russell Henley,"7' 3""",188.167,26
17,Daniel Berger,"6' 11""",172.083,25
17,Brian Harman,"6' 11""",194.083,28
17,Kevin Kisner,"6' 11""",185.833,27
17,Grayson Murray,"6' 11""",180.250,26
21,D.A. Points,"6' 8""",160.667,24
21,Xander Schauffele,"6' 8""",219.333,33
23,Justin Thomas,"6' 6""",150.000,23
24,Marc Leishman,"6' 5""",173.333,27
25,Jon Rahm,"6' 0""",175.083,29
25,Kyle Stanley,"6' 0""",114.417,19
25,Jhonattan Vegas,"6' 0""",162.667,27
28,Billy Horschel,"5' 7""",122.250,22
28,Brooks Koepka,"5' 7""",105.667,19
28,Hudson Swafford,"5' 7""",106.833,19
31,Dustin Johnson,"5' 2""",156.000,30
32,Si Woo Kim,"5' 1""",146.917,29
33,Kevin Chappell,"4' 11""",147.583,30
34,Brendan Steele,"3' 11""",85.500,22
