rank,player,Avg,Tot Dist (ft),Tot Eagles Putts Made.,Longest Made (ft),Shortest Made (ft)
1,Grayson Murray,"29' 0""",29.000,1,29,29
2,Patton Kizzire,"23' 6""",23.500,1,24,24
3,Rickie Fowler,"21' 10""",21.833,1,22,22
4,Jon Rahm,"15' 10""",31.583,2,24,8
5,Jhonattan Vegas,"13' 10""",27.667,2,14,13
6,Hideki Matsuyama,"10' 6""",10.500,1,11,11
7,Kevin Chappell,"8' 3""",8.250,1,8,8
8,Kevin Kisner,"8' 1""",8.083,1,8,8
9,Dustin Johnson,"8' 0""",15.917,2,15,"6"""
10,Justin Thomas,"4' 10""",4.833,1,5,5
11,Brian Harman,"1' 10""",1.833,1,2,2
12,Daniel Berger,"1' 8""",1.667,1,2,2
