rank,player,Avg,Distance (Feet),Total Putts
1,Patton Kizzire,"66' 2""",264.667,4
2,Jhonattan Vegas,"64' 7""",193.750,3
3,Jordan Spieth,"61' 2""",183.417,3
4,Wesley Bryan,"61' 0""",183.000,3
5,Ryan Armour,"60' 6""",121.000,2
6,Billy Horschel,"53' 10""",161.583,3
7,Hideki Matsuyama,"52' 9""",158.333,3
8,Kyle Stanley,"52' 1""",156.250,3
9,Marc Leishman,"52' 0""",156.083,3
10,Brooks Koepka,"51' 5""",308.583,6
11,Kevin Chappell,"51' 2""",255.667,5
12,Rickie Fowler,"49' 11""",99.833,2
13,Brian Harman,"49' 8""",198.583,4
14,Jason Dufner,"49' 1""",147.333,3
15,Russell Henley,"49' 0""",146.917,3
16,Hudson Swafford,"47' 10""",143.583,3
17,Cameron Smith,"46' 11""",187.750,4
18,Xander Schauffele,"46' 7""",139.750,3
19,Si Woo Kim,"45' 7""",91.083,2
20,Jon Rahm,"44' 6""",177.917,4
21,Bryson DeChambeau,"43' 10""",175.250,4
22,Brendan Steele,"42' 3""",168.833,4
23,Chris Stroud,"41' 0""",123.000,3
24,Austin Cook,"40' 4""",201.500,5
25,Grayson Murray,"37' 6""",187.333,5
26,Patrick Cantlay,"37' 5""",37.417,1
27,Pat Perez,"37' 1""",74.083,2
28,Justin Thomas,"35' 10""",143.250,4
29,D.A. Points,"31' 3""",156.333,5
30,Daniel Berger,"30' 5""",60.833,2
31,Adam Hadwin,"8' 6""",8.500,1
