rank,player,Avg,Distance (Feet),Total Putts
1,Patton Kizzire,"29' 5""","1,324.583",45
2,Kevin Kisner,"28' 1""","1,265.333",45
3,Brendan Steele,"28' 0""","1,260.833",45
4,Marc Leishman,"26' 7""","1,116.083",42
5,Jon Rahm,"26' 6""","1,006.917",38
6,Billy Horschel,"26' 4""","1,210.167",46
7,Jason Dufner,"25' 6""","1,045.000",41
8,Rickie Fowler,"25' 5""","1,042.167",41
9,Kyle Stanley,"25' 2""","1,257.583",50
10,Brian Harman,"25' 1""",978.083,39
11,Xander Schauffele,"24' 8""",862.417,35
12,Wesley Bryan,"24' 7""",884.500,36
12,Bryson DeChambeau,"24' 7""","1,106.000",45
14,Jhonattan Vegas,"24' 4""","1,021.583",42
15,Pat Perez,"24' 2""",991.167,41
16,Dustin Johnson,"24' 0""",983.167,41
17,Patrick Cantlay,"23' 11""","1,147.917",48
17,Russell Henley,"23' 11""","1,028.083",43
19,Hudson Swafford,"23' 8""","1,182.250",50
20,Daniel Berger,"23' 7""","1,061.167",45
21,Grayson Murray,"23' 5""",935.417,40
22,Austin Cook,"23' 2""",994.917,43
23,Cameron Smith,"22' 11""","1,006.667",44
23,Justin Thomas,"22' 11""","1,032.750",45
25,Hideki Matsuyama,"22' 10""",958.250,42
26,Adam Hadwin,"22' 7""","1,107.417",49
27,D.A. Points,"22' 3""",958.000,43
28,Chris Stroud,"22' 2""",731.250,33
29,Ryan Armour,"21' 2""",950.833,45
30,Kevin Chappell,"21' 0""",775.917,37
31,Si Woo Kim,"20' 11""",857.750,41
32,Jordan Spieth,"20' 6""",961.750,47
33,Jonas Blixt,"19' 2""",804.500,42
34,Brooks Koepka,"18' 10""",864.917,46
