rank,player,Avg,Distance (feet),Total Putts
1,Kevin Kisner,"31' 10""","1,146.833",36
2,Patton Kizzire,"31' 3""","1,219.583",39
3,Brendan Steele,"30' 3""","1,118.667",37
4,Bryson DeChambeau,"29' 9""","1,012.500",34
5,Marc Leishman,"27' 11""","1,059.250",38
5,Kyle Stanley,"27' 11""","1,173.833",42
5,Jhonattan Vegas,"27' 11""",948.417,34
8,Billy Horschel,"27' 10""","1,112.917",40
9,Jon Rahm,"27' 7""",939.167,34
10,Jason Dufner,"27' 5""",988.250,36
11,Russell Henley,"27' 1""",949.167,35
11,Xander Schauffele,"27' 1""",731.250,27
13,Wesley Bryan,"26' 11""",726.833,27
14,Rickie Fowler,"26' 8""","1,012.417",38
15,Pat Perez,"26' 2""",915.167,35
16,Patrick Cantlay,"25' 11""","1,061.167",41
16,Brian Harman,"25' 11""",958.500,37
18,Chris Stroud,"25' 6""",662.917,26
19,Hudson Swafford,"25' 5""","1,144.167",45
20,Hideki Matsuyama,"25' 3""",909.833,36
21,Dustin Johnson,"25' 2""",904.833,36
22,Austin Cook,"25' 1""",878.583,35
23,Grayson Murray,"24' 10""",845.333,34
24,Justin Thomas,"24' 7""",910.333,37
25,Daniel Berger,"24' 1""",963.417,40
25,Adam Hadwin,"24' 1""",963.917,40
27,D.A. Points,"23' 11""",836.833,35
28,Cameron Smith,"23' 8""",923.333,39
29,Ryan Armour,"22' 10""",866.250,38
30,Si Woo Kim,"22' 6""",832.083,37
31,Jonas Blixt,"22' 5""",673.583,30
32,Kevin Chappell,"22' 0""",727.167,33
33,Jordan Spieth,"21' 8""",886.750,41
34,Brooks Koepka,"20' 8""",681.167,33
