rank,player,Avg,Distance (Feet),Total Putts
1,Adam Hadwin,"15' 9""",125.917,8
2,Pat Perez,"13' 0""",247.083,19
3,Chris Stroud,"12' 8""",240.833,19
4,Jason Dufner,"12' 1""",193.583,16
5,Patrick Cantlay,"11' 6""",115.333,10
6,Patton Kizzire,"10' 10""",108.083,10
7,Hideki Matsuyama,"10' 7""",179.500,17
7,Cameron Smith,"10' 7""",137.417,13
9,D.A. Points,"10' 2""",101.333,10
10,Bryson DeChambeau,"10' 0""",149.750,15
11,Ryan Armour,"9' 10""",147.583,15
12,Jonas Blixt,"9' 8""",134.750,14
13,Rickie Fowler,"9' 4""",158.000,17
14,Russell Henley,"9' 2""",137.167,15
14,Kevin Kisner,"9' 2""",128.083,14
16,Austin Cook,"9' 0""",152.583,17
16,Grayson Murray,"9' 0""",117.083,13
18,Wesley Bryan,"8' 9""",158.083,18
18,Brian Harman,"8' 9""",157.333,18
20,Marc Leishman,"8' 7""",129.333,15
21,Xander Schauffele,"8' 6""",110.667,13
21,Jordan Spieth,"8' 6""",119.417,14
23,Daniel Berger,"8' 4""",124.583,15
24,Kyle Stanley,"7' 8""",76.250,10
25,Si Woo Kim,"7' 4""",110.083,15
26,Justin Thomas,"7' 2""",114.167,16
27,Jhonattan Vegas,"7' 1""",112.833,16
28,Jon Rahm,"6' 10""",109.500,16
29,Billy Horschel,"6' 5""",90.000,14
30,Brooks Koepka,"5' 11""",35.667,6
31,Hudson Swafford,"5' 9""",52.083,9
32,Brendan Steele,"5' 8""",50.917,9
33,Dustin Johnson,"5' 3""",100.250,19
34,Kevin Chappell,"5' 0""",70.250,14
