rank,player,Distance in Inches
1,Chris Stroud,63
2,Wesley Bryan,60
3,Pat Perez,59
4,Jason Dufner,58
5,Rickie Fowler,52
6,Jonas Blixt,51
6,Kevin Kisner,51
6,Hideki Matsuyama,51
9,Adam Hadwin,50
9,Brian Harman,50
9,Xander Schauffele,50
12,Austin Cook,49
13,Bryson DeChambeau,48
13,Cameron Smith,48
15,Patrick Cantlay,47
15,Russell Henley,47
17,Ryan Armour,45
17,Patton Kizzire,45
17,Marc Leishman,45
17,Grayson Murray,45
17,Jon Rahm,45
22,Justin Thomas,44
23,Daniel Berger,43
23,Dustin Johnson,43
25,Jhonattan Vegas,42
26,D.A. Points,41
27,Jordan Spieth,40
27,Kyle Stanley,40
27,Hudson Swafford,40
30,Brooks Koepka,39
31,Si Woo Kim,38
32,Kevin Chappell,37
32,Billy Horschel,37
34,Brendan Steele,34
