rank,player,Avg DTP,Total Distance (feet),# of Shots,Scrambling Rank
1,Pat Perez,"3' 8""",14.583,4,20
2,Aaron Baddeley,"4' 0""",20.167,5,25
3,Hideki Matsuyama,"4' 4""",12.917,3,10
4,Charley Hoffman,"5' 4""",21.167,4,19
5,Bubba Watson,"5' 10""",29.250,5,23
6,Rod Pampling,"6' 1""",48.667,8,4
7,Si Woo Kim,"6' 2""",18.500,3,27
8,Fabián Gómez,"6' 3""",25.000,4,14
9,Jason Day,"7' 1""",56.917,8,16
10,Tony Finau,"7' 2""",50.167,7,11
11,Patrick Reed,"7' 4""",51.333,7,29
12,Branden Grace,"7' 5""",44.333,6,31
13,Russell Knox,"7' 8""",53.583,7,23
13,Jhonattan Vegas,"7' 8""",53.917,7,32
15,Brian Stuard,"7' 11""",70.917,9,13
16,James Hahn,"8' 6""",34.000,4,21
17,Brandt Snedeker,"9' 2""",27.500,3,5
18,Mackenzie Hughes,"9' 5""",84.667,9,28
19,Jason Dufner,"9' 6""",76.000,8,8
20,Brendan Steele,"9' 10""",19.667,2,3
21,Daniel Berger,"10' 0""",60.083,6,6
22,William McGirt,"10' 4""",72.083,7,6
23,Greg Chalmers,"10' 6""",115.333,11,22
24,Dustin Johnson,"10' 8""",21.333,2,1
25,Ryan Moore,"10' 11""",32.750,3,1
26,Billy Hurley III,"11' 4""",79.500,7,9
27,Jimmy Walker,"11' 7""",34.667,3,26
28,Jordan Spieth,"11' 8""",70.083,6,29
29,Cody Gribble,"13' 4""",66.500,5,18
30,Justin Thomas,"14' 1""",84.250,6,12
31,Jim Herman,"21' 4""",63.917,3,17
32,Vaughn Taylor,"24' 1""",72.167,3,14
