rank,player,Avg DTP,Total Distance (feet),# of Shots,Scrambling Rank
1,Vaughn Taylor,"2' 6""",7.500,3,14
2,Justin Thomas,"3' 3""",19.417,6,12
3,Hideki Matsuyama,"4' 0""",43.667,11,10
4,Cody Gribble,"4' 5""",53.000,12,18
4,Dustin Johnson,"4' 5""",57.417,13,1
6,Brandt Snedeker,"4' 8""",51.083,11,5
7,Daniel Berger,"5' 5""",43.250,8,6
7,Brendan Steele,"5' 5""",64.667,12,3
7,Brian Stuard,"5' 5""",27.000,5,13
10,Si Woo Kim,"5' 6""",55.083,10,27
11,Greg Chalmers,"5' 7""",39.083,7,22
11,Jason Day,"5' 7""",28.083,5,16
11,Jordan Spieth,"5' 7""",27.833,5,29
14,Pat Perez,"5' 10""",23.167,4,20
15,Russell Knox,"6' 0""",36.000,6,23
15,Rod Pampling,"6' 0""",23.833,4,4
17,James Hahn,"6' 2""",61.667,10,21
18,Aaron Baddeley,"6' 3""",31.083,5,25
18,Charley Hoffman,"6' 3""",43.917,7,19
20,Tony Finau,"6' 6""",78.333,12,11
21,Jason Dufner,"6' 7""",65.417,10,8
22,William McGirt,"7' 1""",35.333,5,6
23,Jimmy Walker,"7' 6""",52.417,7,26
24,Branden Grace,"8' 4""",75.000,9,31
25,Ryan Moore,"8' 5""",67.583,8,1
26,Bubba Watson,"8' 9""",79.000,9,23
27,Patrick Reed,"9' 11""",89.417,9,29
28,Fabián Gómez,"10' 0""",120.250,12,14
29,Mackenzie Hughes,"11' 6""",103.500,9,28
30,Jhonattan Vegas,"12' 6""",74.917,6,32
31,Billy Hurley III,"13' 10""",110.917,8,9
32,Jim Herman,"18' 11""",75.750,4,17
