rank,player,Avg DTP,Total Distance (feet),# of Shots,Scrambling Rank
1,Dustin Johnson,"4' 11""",.531,9,1
2,Hideki Matsuyama,"5' 3""",.633,10,10
2,Jordan Spieth,"5' 3""",.188,3,29
4,Bubba Watson,"5' 5""",.520,8,23
5,Si Woo Kim,"5' 8""",.543,8,27
6,Tony Finau,"5' 9""",.416,6,11
7,Billy Hurley III,"6' 2""",.515,7,9
8,James Hahn,"6' 4""",.529,7,21
9,Charley Hoffman,"6' 5""",1.156,15,19
10,Brandt Snedeker,"6' 8""",1.044,13,5
10,Jhonattan Vegas,"6' 8""",.239,3,32
12,Jason Day,"7' 2""",.855,10,16
13,Brendan Steele,"7' 3""",.521,6,3
14,Aaron Baddeley,"7' 7""",.914,10,25
15,Ryan Moore,"7' 10""",.468,5,1
16,Branden Grace,"7' 11""",.945,10,31
17,Justin Thomas,"8' 0""",.764,8,12
18,Daniel Berger,"8' 6""",.817,8,6
19,Brian Stuard,"8' 11""",.639,6,13
20,Patrick Reed,"9' 2""",1.205,11,29
21,Russell Knox,"9' 3""",1.110,10,23
21,William McGirt,"9' 3""",.889,8,6
23,Rod Pampling,"9' 7""",1.149,10,4
24,Mackenzie Hughes,"9' 8""",1.390,12,28
25,Jimmy Walker,"9' 9""",.816,7,26
26,Cody Gribble,"10' 1""",1.092,9,18
27,Greg Chalmers,"10' 5""",1.375,11,22
28,Fabián Gómez,"11' 0""",1.847,14,14
29,Pat Perez,"11' 3""",1.215,9,20
30,Jason Dufner,"11' 6""",1.240,9,8
31,Jim Herman,"13' 3""",1.268,8,17
32,Vaughn Taylor,"16' 9""",2.206,11,14
