rank,player,Avg DTP,Total Distance (feet),# of Shots,Scrambling Rank
1,Pat Perez,"1' 4""",1.333,1,20
2,James Hahn,"3' 6""",3.500,1,21
3,Ryan Moore,"5' 1""",10.167,2,1
4,Jhonattan Vegas,"5' 11""",11.750,2,32
5,Tony Finau,"6' 6""",6.500,1,11
6,Aaron Baddeley,"6' 7""",13.083,2,25
6,Vaughn Taylor,"6' 7""",13.167,2,14
8,Jimmy Walker,"6' 9""",13.417,2,26
9,Jason Day,"6' 11""",6.917,1,16
9,Brendan Steele,"6' 11""",20.833,3,3
11,Dustin Johnson,"7' 0""",21.083,3,1
12,Cody Gribble,"7' 1""",14.083,2,18
13,Patrick Reed,"7' 5""",22.333,3,29
14,Greg Chalmers,"7' 6""",22.583,3,22
15,Justin Thomas,"8' 3""",16.417,2,12
16,Russell Knox,"8' 8""",17.250,2,23
17,Daniel Berger,"8' 10""",26.583,3,6
18,Jason Dufner,"9' 0""",62.917,7,8
19,Si Woo Kim,"9' 5""",56.333,6,27
20,Fabián Gómez,"9' 6""",37.917,4,14
21,Charley Hoffman,"10' 3""",10.250,1,19
22,Jordan Spieth,"12' 2""",12.167,1,29
23,Branden Grace,"12' 9""",12.750,1,31
24,Rod Pampling,"13' 5""",13.417,1,4
25,Brian Stuard,"17' 4""",34.583,2,13
26,Bubba Watson,"18' 8""",18.667,1,23
27,Brandt Snedeker,"28' 6""",57.000,2,5
28,Billy Hurley III,"35' 4""",70.583,2,9
29,Mackenzie Hughes,"48' 9""",48.750,1,28
