rank,player,Avg dtp,Total Distance (Feet),Attempts
1,Hideki Matsuyama,"4' 0""",36.250,9
2,Dustin Johnson,"4' 4""",47.583,11
3,Pat Perez,"5' 3""",52.667,10
3,Brendan Steele,"5' 3""",68.333,13
5,Si Woo Kim,"5' 5""",96.750,18
6,Rod Pampling,"6' 2""",62.000,10
7,Russell Knox,"6' 4""",57.000,9
7,Brian Stuard,"6' 4""",63.667,10
9,Jason Day,"6' 5""",77.417,12
10,Justin Thomas,"6' 6""",52.250,8
11,Jason Dufner,"6' 10""",95.500,14
12,Ryan Moore,"7' 2""",71.750,10
12,Vaughn Taylor,"7' 2""",100.667,14
14,Tony Finau,"7' 3""",94.417,13
15,Aaron Baddeley,"7' 4""",87.667,12
16,Jimmy Walker,"8' 8""",86.417,10
17,Fabián Gómez,"8' 11""",133.500,15
18,James Hahn,"9' 5""",140.833,15
19,Charley Hoffman,"9' 6""",171.000,18
20,Billy Hurley III,"9' 9""",145.833,15
21,Patrick Reed,"10' 6""",105.333,10
22,Brandt Snedeker,"10' 10""",141.167,13
23,Cody Gribble,"11' 0""",198.167,18
24,Jordan Spieth,"11' 1""",88.833,8
25,Jim Herman,"11' 8""",116.833,10
26,Daniel Berger,"12' 3""",146.500,12
27,Branden Grace,"12' 5""",149.083,12
28,Greg Chalmers,"12' 7""",252.000,20
28,William McGirt,"12' 7""",88.250,7
30,Mackenzie Hughes,"12' 11""",193.917,15
31,Bubba Watson,"14' 2""",183.750,13
32,Jhonattan Vegas,"17' 3""",206.667,12
