rank,player,Avg DTP,Total Distance (feet),# of Shots,Scrambling Rank
1,Daniel Berger,"0""",0,1,6
2,Bubba Watson,"1""",.083,2,23
3,James Hahn,"1' 0""",2.000,2,21
4,Greg Chalmers,"1' 4""",3.917,3,22
5,Jim Herman,"1' 5""",5.667,4,17
6,Justin Thomas,"1' 7""",3.083,2,12
7,Charley Hoffman,"2' 0""",11.917,6,19
8,Branden Grace,"2' 6""",2.500,1,31
8,Russell Knox,"2' 6""",2.500,1,23
10,Aaron Baddeley,"2' 10""",11.250,4,25
10,Jordan Spieth,"2' 10""",5.667,2,29
12,Brendan Steele,"3' 0""",9.000,3,3
13,Tony Finau,"3' 1""",6.083,2,11
13,Brandt Snedeker,"3' 1""",12.333,4,5
15,William McGirt,"3' 3""",6.500,2,6
16,Cody Gribble,"3' 5""",13.583,4,18
17,Ryan Moore,"3' 9""",3.750,1,1
18,Brian Stuard,"4' 1""",4.083,1,13
19,Billy Hurley III,"4' 3""",17.083,4,9
20,Jhonattan Vegas,"4' 4""",13.000,3,32
21,Dustin Johnson,"4' 5""",17.667,4,1
22,Jason Day,"4' 11""",4.917,1,16
23,Si Woo Kim,"5' 3""",20.833,4,27
24,Mackenzie Hughes,"6' 10""",6.833,1,28
24,Rod Pampling,"6' 10""",6.833,1,4
26,Fabián Gómez,"7' 0""",21.000,3,14
27,Jimmy Walker,"8' 1""",24.167,3,26
28,Hideki Matsuyama,"9' 3""",9.250,1,10
29,Vaughn Taylor,"9' 4""",46.750,5,14
