rank,player,Avg DTP,Total Distance (feet),# of Shots,Scrambling Rank
1,Charley Hoffman,"3' 6""",21.167,6,19
2,Rod Pampling,"4' 0""",32.000,8,4
3,Jason Day,"4' 1""",24.583,6,16
4,Brendan Steele,"4' 3""",29.917,7,3
5,Si Woo Kim,"4' 8""",51.500,11,27
6,Brandt Snedeker,"5' 5""",43.000,8,5
7,Russell Knox,"5' 6""",27.333,5,23
8,Hideki Matsuyama,"5' 11""",47.000,8,10
9,Pat Perez,"6' 1""",24.417,4,20
10,Aaron Baddeley,"6' 5""",32.167,5,25
11,Branden Grace,"6' 8""",46.917,7,31
12,Daniel Berger,"7' 3""",57.750,8,6
13,Patrick Reed,"7' 4""",51.333,7,29
14,Jimmy Walker,"7' 5""",44.250,6,26
15,Jordan Spieth,"8' 0""",80.000,10,29
16,Cody Gribble,"8' 2""",114.583,14,18
17,Greg Chalmers,"8' 3""",90.333,11,22
18,Justin Thomas,"8' 4""",41.583,5,12
19,Brian Stuard,"8' 5""",100.917,12,13
20,Jason Dufner,"8' 7""",68.583,8,8
21,Mackenzie Hughes,"8' 9""",105.250,12,28
22,Fabián Gómez,"9' 0""",71.667,8,14
23,Billy Hurley III,"9' 2""",91.750,10,9
24,Tony Finau,"9' 7""",124.250,13,11
25,James Hahn,"10' 1""",101.000,10,21
26,Jhonattan Vegas,"10' 5""",146.167,14,32
27,Vaughn Taylor,"10' 6""",52.333,5,14
28,Dustin Johnson,"10' 10""",97.167,9,1
29,William McGirt,"12' 3""",98.000,8,6
30,Bubba Watson,"12' 4""",98.500,8,23
31,Ryan Moore,"13' 6""",53.917,4,1
32,Jim Herman,"14' 10""",133.500,9,17
