rank,player,Avg DTP,Total Distance (feet),# of Shots,Scrambling Rank
1,Hideki Matsuyama,"5' 5""",103.000,19,10
2,Charley Hoffman,"5' 10""",127.750,22,19
3,Brendan Steele,"5' 11""",112.167,19,3
4,Jason Day,"6' 1""",102.750,17,16
5,Si Woo Kim,"6' 4""",164.500,26,27
6,Aaron Baddeley,"6' 6""",124.167,19,25
7,Dustin Johnson,"7' 4""",167.917,23,1
8,Rod Pampling,"7' 5""",141.167,19,4
9,Justin Thomas,"7' 6""",126.917,17,12
10,Tony Finau,"7' 7""",174.833,23,11
11,Jordan Spieth,"7' 8""",107.833,14,29
12,Daniel Berger,"7' 11""",167.083,21,6
12,James Hahn,"7' 11""",150.583,19,21
12,Russell Knox,"7' 11""",142.833,18,23
12,Brandt Snedeker,"7' 11""",190.250,24,5
16,Branden Grace,"8' 0""",151.333,19,31
17,Cody Gribble,"8' 3""",222.333,27,18
17,Patrick Reed,"8' 3""",174.083,21,29
19,Ryan Moore,"8' 5""",117.333,14,1
19,Jimmy Walker,"8' 5""",125.667,15,26
19,Bubba Watson,"8' 5""",160.583,19,23
22,Jhonattan Vegas,"8' 8""",181.333,21,32
23,Greg Chalmers,"9' 0""",233.667,26,22
24,Pat Perez,"9' 1""",136.250,15,20
25,Brian Stuard,"9' 5""",188.750,20,13
26,Jason Dufner,"9' 8""",241.250,25,8
27,Fabián Gómez,"9' 11""",266.833,27,14
28,Billy Hurley III,"10' 3""",216.000,21,9
28,William McGirt,"10' 3""",173.750,17,6
30,Mackenzie Hughes,"10' 10""",269.833,25,28
31,Vaughn Taylor,"12' 1""",253.083,21,14
32,Jim Herman,"13' 9""",247.917,18,17
