rank,player,Avg DTP,Total Distance (feet),# of Shots,Scrambling Rank
1,Jason Day,"4' 3""",12.833,3,16
1,Billy Hurley III,"4' 3""",8.500,2,9
1,Jordan Spieth,"4' 3""",4.250,1,29
4,Ryan Moore,"6' 8""",13.250,2,1
4,Patrick Reed,"6' 8""",33.333,5,29
6,Justin Thomas,"6' 9""",20.167,3,12
7,Jimmy Walker,"7' 3""",14.417,2,26
8,Si Woo Kim,"7' 9""",70.083,9,27
9,Jhonattan Vegas,"7' 11""",39.500,5,32
10,Hideki Matsuyama,"9' 4""",37.167,4,10
11,Brendan Steele,"9' 5""",18.833,2,3
12,Branden Grace,"9' 10""",29.500,3,31
13,Charley Hoffman,"10' 2""",50.750,5,19
14,Rod Pampling,"10' 4""",61.833,6,4
15,Daniel Berger,"10' 8""",63.750,6,6
16,Aaron Baddeley,"12' 4""",61.667,5,25
17,Mackenzie Hughes,"12' 6""",74.833,6,28
18,Fabián Gómez,"12' 7""",100.583,8,14
19,Russell Knox,"12' 8""",50.750,4,23
19,Vaughn Taylor,"12' 8""",126.667,10,14
21,Pat Perez,"14' 1""",98.500,7,20
22,Jason Dufner,"14' 3""",99.833,7,8
23,Jim Herman,"14' 8""",102.583,7,17
24,Cody Gribble,"14' 11""",89.250,6,18
25,Greg Chalmers,"15' 1""",75.333,5,22
26,Brandt Snedeker,"16' 7""",99.333,6,5
27,Brian Stuard,"17' 4""",86.750,5,13
28,Bubba Watson,"17' 5""",52.250,3,23
29,James Hahn,"17' 8""",52.917,3,21
30,Dustin Johnson,"17' 11""",71.500,4,1
31,William McGirt,"19' 11""",59.833,3,6
32,Tony Finau,"20' 2""",40.250,2,11
