rank,player,Low Rnd
1,Jimmy Walker,64
2,Jason Day,65
3,Emiliano Grillo,66
3,David Lingmerth,66
3,Peter Malnati,66
6,Dustin Johnson,67
6,Zach Johnson,67
6,Troy Merritt,67
6,Bubba Watson,67
10,Alex Cejka,68
10,Fabián Gómez,68
10,J.B. Holmes,68
13,Bill Haas,69
13,James Hahn,69
13,Russell Knox,69
13,Scott Piercy,69
13,Justin Thomas,69
18,Matt Every,70
18,Padraig Harrington,70
18,Smylie Kaufman,70
18,Chris Kirk,70
18,Davis Love III,70
18,Graeme McDowell,70
24,J.J. Henry,71
