rank,player,Avg,Total Strokes,Total Early Rounds
1,Dustin Johnson,67.00,67,1
1,Bubba Watson,67.00,67,1
3,Jimmy Walker,67.50,135,2
4,Fabián Gómez,68.00,68,1
5,Peter Malnati,68.50,137,2
6,Zach Johnson,68.67,206,3
7,Jason Day,69.00,207,3
7,Bill Haas,69.00,69,1
9,David Lingmerth,69.33,208,3
9,Justin Thomas,69.33,208,3
11,Emiliano Grillo,70.00,280,4
11,Padraig Harrington,70.00,70,1
11,J.B. Holmes,70.00,140,2
11,Smylie Kaufman,70.00,70,1
11,Troy Merritt,70.00,280,4
16,Alex Cejka,70.25,281,4
17,Matt Every,70.50,141,2
18,Chris Kirk,70.67,212,3
18,Scott Piercy,70.67,212,3
20,Russell Knox,71.00,284,4
21,Davis Love III,72.00,288,4
21,Graeme McDowell,72.00,288,4
23,James Hahn,73.75,295,4
23,J.J. Henry,73.75,295,4
