rank,player,Combined Rank,Carry Efficiency Rank,Total Dist. Effic. Rank
1,Rickie Fowler,2,1,1
2,Hideki Matsuyama,9,5,4
3,Grayson Murray,10,2,8
4,Brooks Koepka,12,9,3
5,Patrick Cantlay,14,3,11
6,Dustin Johnson,15,8,7
7,Bryson DeChambeau,16,6,10
8,Russell Henley,21,15,6
9,Cameron Smith,22,4,18
9,Brendan Steele,22,7,15
11,Billy Horschel,23,10,13
12,Jason Dufner,25,20,5
12,Xander Schauffele,25,14,11
14,Justin Thomas,26,24,2
15,Brian Harman,28,12,16
16,Jon Rahm,31,13,18
17,Austin Cook,32,23,9
18,Si Woo Kim,33,11,22
19,Kevin Kisner,38,22,16
20,Marc Leishman,39,21,18
21,Jordan Spieth,40,16,24
22,Hudson Swafford,42,17,25
23,Wesley Bryan,45,31,14
24,Ryan Armour,51,30,21
24,Jonas Blixt,51,29,22
24,Adam Hadwin,51,19,32
24,Patton Kizzire,51,18,33
28,Jhonattan Vegas,55,25,30
29,D.A. Points,56,25,31
29,Chris Stroud,56,28,28
31,Pat Perez,58,32,26
32,Daniel Berger,60,33,27
33,Kevin Chappell,61,27,34
34,Kyle Stanley,63,34,29
