rank,player,Avg,Total Club Head Speed,Total Attempts
1,Kevin Chappell,120.87,483.47,4
2,Dustin Johnson,120.49,481.96,4
3,Jhonattan Vegas,119.46,358.37,3
4,Brooks Koepka,118.62,474.47,4
5,Hideki Matsuyama,117.75,471.02,4
6,Brendan Steele,117.66,470.64,4
7,Justin Thomas,117.58,470.31,4
8,Grayson Murray,117.51,470.04,4
9,Jon Rahm,117.35,352.06,3
10,Pat Perez,116.72,466.89,4
11,Marc Leishman,116.43,465.72,4
12,Xander Schauffele,115.81,347.44,3
13,Hudson Swafford,115.74,231.49,2
14,Rickie Fowler,115.34,230.69,2
15,Daniel Berger,114.73,458.91,4
16,Patton Kizzire,114.58,458.33,4
17,Kyle Stanley,114.12,456.48,4
18,Jordan Spieth,113.88,455.52,4
19,Bryson DeChambeau,113.49,453.98,4
20,Cameron Smith,112.86,338.59,3
21,Patrick Cantlay,112.25,224.50,2
22,Adam Hadwin,112.10,336.31,3
23,Billy Horschel,112.06,448.23,4
24,Si Woo Kim,111.84,447.35,4
25,Chris Stroud,111.69,446.77,4
26,Jonas Blixt,110.86,443.44,4
27,Russell Henley,110.81,443.22,4
28,Brian Harman,109.90,439.59,4
29,Austin Cook,109.84,439.35,4
30,Jason Dufner,109.78,329.34,3
31,D.A. Points,109.54,219.08,2
32,Kevin Kisner,108.57,325.71,3
33,Ryan Armour,108.20,432.80,4
34,Wesley Bryan,106.75,320.25,3
