rank,player,Avg,Total Apex Height,Total Attempts
1,Cameron Smith,"116' 8""","349' 11""",3
2,Rickie Fowler,"112' 7""","225' 1""",2
3,Grayson Murray,"112' 0""","447' 10""",4
4,Patrick Cantlay,"111' 10""","223' 8""",2
5,Brian Harman,"111' 2""","444' 9""",4
6,Hideki Matsuyama,"110' 9""","442' 11""",4
7,Kevin Chappell,"109' 11""","439' 6""",4
8,Brendan Steele,"109' 10""","439' 3""",4
9,Dustin Johnson,"107' 7""","430' 3""",4
10,Jordan Spieth,"107' 2""","428' 8""",4
11,Xander Schauffele,"107' 1""","321' 4""",3
12,Jhonattan Vegas,"106' 1""","318' 4""",3
13,Brooks Koepka,"105' 9""","422' 10""",4
14,Si Woo Kim,"103' 5""","413' 7""",4
15,D.A. Points,"102' 5""","204' 11""",2
16,Billy Horschel,"102' 4""","307' 1""",3
17,Adam Hadwin,"102' 0""","306' 0""",3
18,Bryson DeChambeau,"101' 2""","404' 7""",4
19,Hudson Swafford,"98' 1""","196' 2""",2
20,Jon Rahm,"94' 2""","282' 5""",3
21,Pat Perez,"93' 9""","375' 0""",4
22,Patton Kizzire,"92' 11""","371' 8""",4
23,Justin Thomas,"92' 10""","371' 5""",4
24,Austin Cook,"90' 1""","360' 5""",4
25,Kevin Kisner,"89' 0""","267' 1""",3
26,Russell Henley,"88' 11""","355' 7""",4
27,Jason Dufner,"88' 10""","266' 5""",3
28,Chris Stroud,"88' 2""","264' 5""",3
29,Jonas Blixt,"88' 0""","352' 0""",4
30,Marc Leishman,"85' 4""","341' 5""",4
31,Ryan Armour,"80' 3""","321' 1""",4
32,Wesley Bryan,"77' 0""","231' 0""",3
33,Daniel Berger,"74' 1""","296' 4""",4
34,Kyle Stanley,"63' 0""","252' 0""",4
