rank,player,Avg,Total Actual Hang Time,Total Attempts
1,Cameron Smith,6.7,20.2,3
1,Brendan Steele,6.7,27.0,4
3,Hideki Matsuyama,6.6,26.3,4
3,D.A. Points,6.6,13.2,2
5,Billy Horschel,6.5,19.4,3
5,Dustin Johnson,6.5,26.2,4
5,Si Woo Kim,6.5,26.0,4
8,Jordan Spieth,6.4,25.6,4
8,Hudson Swafford,6.4,12.9,2
10,Kevin Chappell,6.3,25.1,4
10,Adam Hadwin,6.3,18.9,3
10,Pat Perez,6.3,25.1,4
13,Rickie Fowler,6.2,12.5,2
13,Russell Henley,6.2,24.8,4
13,Brooks Koepka,6.2,24.7,4
13,Grayson Murray,6.2,24.9,4
13,Jon Rahm,6.2,18.7,3
13,Xander Schauffele,6.2,18.6,3
13,Jhonattan Vegas,6.2,18.6,3
20,Patrick Cantlay,6.1,12.2,2
20,Jason Dufner,6.1,18.4,3
22,Austin Cook,6.0,23.9,4
22,Marc Leishman,6.0,24.1,4
22,Chris Stroud,6.0,18.1,3
25,Jonas Blixt,5.9,23.8,4
25,Wesley Bryan,5.9,17.8,3
25,Brian Harman,5.9,23.6,4
25,Patton Kizzire,5.9,23.7,4
29,Ryan Armour,5.8,23.3,4
29,Bryson DeChambeau,5.8,23.3,4
29,Kevin Kisner,5.8,17.4,3
29,Justin Thomas,5.8,23.1,4
33,Daniel Berger,5.4,21.7,4
34,Kyle Stanley,5.1,20.4,4
