rank,player,Avg,Total Apex Range,Total Attempts
1,Dustin Johnson,200.6,802.4,4
2,Brendan Steele,198.3,793.0,4
3,Jhonattan Vegas,197.4,592.2,3
4,Brooks Koepka,196.1,784.5,4
5,Hideki Matsuyama,195.3,781.2,4
6,Jon Rahm,193.9,581.7,3
7,Grayson Murray,193.8,775.1,4
8,Hudson Swafford,193.2,386.4,2
9,Marc Leishman,190.7,762.9,4
10,Cameron Smith,190.0,569.9,3
11,Rickie Fowler,189.5,379.0,2
12,Justin Thomas,187.8,751.1,4
13,Kevin Chappell,187.4,749.4,4
14,Si Woo Kim,186.3,745.3,4
15,Russell Henley,185.7,742.7,4
16,Patrick Cantlay,185.5,370.9,2
17,Patton Kizzire,185.4,741.6,4
18,Xander Schauffele,185.2,555.6,3
19,Bryson DeChambeau,184.2,736.7,4
19,Adam Hadwin,184.2,552.7,3
21,Billy Horschel,182.7,548.1,3
22,Pat Perez,182.6,730.6,4
23,Jordan Spieth,181.2,724.9,4
24,Brian Harman,177.8,711.3,4
25,Jason Dufner,177.1,531.3,3
25,Chris Stroud,177.1,531.4,3
27,D.A. Points,174.9,349.8,2
28,Wesley Bryan,174.7,524.1,3
29,Daniel Berger,174.5,697.9,4
30,Jonas Blixt,173.9,695.4,4
31,Ryan Armour,172.1,688.3,4
32,Austin Cook,170.7,682.6,4
33,Kevin Kisner,169.2,507.5,3
34,Kyle Stanley,167.8,671.1,4
