rank,player,Avg,Total Vert. Launch Angle,Total Attempts
1,Brian Harman,12.76,51.05,4
2,Rickie Fowler,12.11,24.22,2
3,Billy Horschel,12.09,48.37,4
4,Xander Schauffele,11.93,35.78,3
5,Kevin Chappell,11.82,47.29,4
6,Austin Cook,11.77,47.09,4
7,Hideki Matsuyama,11.70,46.79,4
7,Jordan Spieth,11.70,46.81,4
9,Grayson Murray,11.63,46.51,4
10,Bryson DeChambeau,11.57,46.28,4
11,Kevin Kisner,11.25,33.74,3
12,Patrick Cantlay,10.78,21.56,2
13,Cameron Smith,10.65,31.95,3
14,Si Woo Kim,10.48,41.94,4
15,D.A. Points,10.31,20.61,2
16,Brooks Koepka,10.19,40.75,4
17,Dustin Johnson,9.90,39.60,4
18,Jonas Blixt,9.86,39.46,4
19,Brendan Steele,9.69,38.75,4
20,Patton Kizzire,9.60,38.41,4
21,Ryan Armour,9.44,37.77,4
22,Jason Dufner,9.40,28.20,3
23,Hudson Swafford,9.19,18.39,2
24,Pat Perez,8.94,35.78,4
25,Justin Thomas,8.91,35.63,4
26,Chris Stroud,8.69,34.77,4
27,Adam Hadwin,8.64,25.92,3
28,Jon Rahm,8.45,25.36,3
29,Daniel Berger,8.14,32.57,4
30,Russell Henley,8.06,32.23,4
31,Jhonattan Vegas,7.60,22.81,3
32,Wesley Bryan,7.33,22.00,3
33,Marc Leishman,7.21,28.86,4
34,Kyle Stanley,6.99,27.97,4
