rank,player,Avg,Total Spin Speed,Total Attempts
1,Wesley Bryan,"2,907.3","8,722",3
2,Adam Hadwin,"2,903.0","8,709",3
3,Jhonattan Vegas,"2,888.0","8,664",3
4,Pat Perez,"2,879.5","11,518",4
5,Cameron Smith,"2,835.7","8,507",3
6,Russell Henley,"2,831.3","11,325",4
7,D.A. Points,"2,808.0","5,616",2
8,Brian Harman,"2,667.3","8,002",3
9,Marc Leishman,"2,614.0","10,456",4
10,Hudson Swafford,"2,597.0","5,194",2
11,Brendan Steele,"2,562.7","7,688",3
12,Patrick Cantlay,"2,548.5","5,097",2
13,Si Woo Kim,"2,511.0","10,044",4
14,Daniel Berger,"2,486.7","7,460",3
15,Brooks Koepka,"2,429.0","9,716",4
16,Rickie Fowler,"2,416.0","4,832",2
17,Austin Cook,"2,411.3","7,234",3
18,Chris Stroud,"2,409.3","9,637",4
19,Jason Dufner,"2,397.3","7,192",3
20,Jonas Blixt,"2,376.8","9,507",4
21,Ryan Armour,"2,348.8","9,395",4
22,Kyle Stanley,"2,337.3","9,349",4
23,Kevin Chappell,"2,331.0","9,324",4
24,Patton Kizzire,"2,300.3","9,201",4
25,Billy Horschel,"2,224.3","6,673",3
26,Justin Thomas,"2,212.5","4,425",2
27,Kevin Kisner,"2,186.0","6,558",3
28,Hideki Matsuyama,"2,136.3","8,545",4
29,Bryson DeChambeau,"2,066.3","8,265",4
30,Jon Rahm,"2,063.0","6,189",3
31,Dustin Johnson,"2,046.3","8,185",4
32,Jordan Spieth,"2,003.3","6,010",3
33,Grayson Murray,"1,944.0","7,776",4
34,Xander Schauffele,"1,884.7","5,654",3
