rank,player,Avg,Total Distance (feet),# of Attempts,Relative to par
1,Robert Allenby,"1' 4""",1.333,1,-1
2,Chris Tidland,"4' 5""",4.417,1,E
3,Dean Wilson,"6' 2""",6.167,1,-1
4,Chad Campbell,"8' 6""",16.917,2,-1
5,Blake Adams,"11' 11""",23.750,2,-2
6,Mark Calcavecchia,"13' 6""",27.000,2,-1
7,Richard Johnson,"13' 11""",13.917,1,E
8,Ángel Cabrera,"15' 10""",47.417,3,E
9,Woody Austin,"16' 0""",16.000,1,E
10,Briny Baird,"17' 1""",17.083,1,E
11,Kevin Johnson,"18' 10""",18.833,1,-1
11,Justin Rose,"18' 10""",18.833,1,E
13,Joe Ogilvie,"19' 1""",57.167,3,-1
14,Nick O'Hern,"19' 3""",19.250,1,E
15,Chad Collins,"19' 5""",77.750,4,-2
16,Stewart Cink,"21' 4""",42.583,2,E
17,Jason Day,"22' 4""",44.583,2,E
18,Ernie Els,"24' 2""",72.500,3,-1
19,Vijay Singh,"24' 6""",24.500,1,E
20,Pat Perez,"25' 0""",25.000,1,E
21,John Rollins,"25' 4""",25.333,1,E
21,Bubba Watson,"25' 4""",101.333,4,-1
23,David Lutterus,"26' 5""",26.417,1,E
24,Omar Uresti,"27' 7""",55.167,2,E
25,Troy Matteson,"28' 0""",55.917,2,E
26,Spencer Levin,"28' 7""",57.167,2,+1
27,Graham DeLaet,"29' 0""",87.000,3,E
28,Y.E. Yang,"29' 1""",87.167,3,E
29,Davis Love III,"29' 4""",58.667,2,E
30,John Merrick,"29' 6""",58.917,2,E
31,Jason Dufner,"29' 7""",59.167,2,E
31,WC Liang,"29' 7""",59.167,2,E
33,Charles Howell III,"29' 10""",29.833,1,E
34,Retief Goosen,"32' 4""",32.333,1,E
35,Ryan Palmer,"32' 6""",65.000,2,E
36,Brian Gay,"33' 3""",99.667,3,E
37,Brian Stuard,"34' 1""",136.417,4,-1
38,Carl Pettersson,"34' 9""",69.500,2,E
39,Rory Sabbatini,"35' 7""",142.250,4,+3
40,Dustin Johnson,"36' 4""",108.917,3,-1
41,Nathan Green,"37' 7""",112.750,3,E
42,Jim Carter,"40' 6""",80.917,2,+1
43,Rich Barcelo,"40' 10""",81.667,2,+1
44,K.J. Choi,"41' 2""",82.250,2,E
45,Mark Wilson,"42' 9""",128.333,3,E
46,Boo Weekley,"42' 10""",128.417,3,+1
47,Tom Lehman,"42' 11""",42.917,1,E
48,Tom Gillis,"45' 8""",91.333,2,E
49,Zach Johnson,"47' 5""",47.417,1,E
50,Brian Davis,"47' 7""",142.833,3,E
51,Jeff Quinney,"48' 10""",146.417,3,+1
52,Roger Tambellini,"48' 11""",97.750,2,+1
53,Marc Leishman,"55' 8""",278.417,5,+2
54,Tim Clark,"57' 1""",114.167,2,E
55,Shane Bertsch,"60' 0""",60.000,1,E
56,Michael Allen,"60' 1""",60.083,1,+2
57,Ryuichi Oda,"68' 0""",204.083,3,+1
58,Henrik Bjornstad,"68' 3""",68.250,1,+2
59,Troy Merritt,"71' 3""",71.250,1,E
