rank,player,Avg,Total Distance (feet),# of Attempts,Relative to par
1,Troy Merritt,"8' 11""",8.917,1,-1
2,Pat Perez,"23' 5""",23.417,1,-1
3,Tom Gillis,"28' 5""",56.750,2,-2
4,Ricky Barnes,"33' 10""",33.833,1,-1
5,John Merrick,"34' 0""",34.000,1,E
6,Nathan Green,"39' 0""",77.917,2,E
7,Ángel Cabrera,"39' 2""",39.167,1,-1
8,Mark Wilson,"42' 8""",42.667,1,E
9,Jeff Quinney,"43' 0""",43.000,1,-1
10,Woody Austin,"43' 8""",87.333,2,-1
11,Kevin Johnson,"52' 4""",52.333,1,-1
12,Zach Johnson,"52' 9""",52.750,1,E
13,WC Liang,"53' 6""",53.500,1,-1
14,Carl Pettersson,"56' 11""",113.750,2,-1
15,Davis Love III,"57' 4""",57.333,1,-1
16,Ryuji Imada,"58' 1""",58.083,1,-1
17,Kevin Na,"64' 10""",194.583,3,-1
18,Jeff Klauk,"66' 7""",66.583,1,-1
19,Briny Baird,"68' 0""",68.000,1,E
19,Corey Pavin,"68' 0""",68.000,1,-1
21,Marc Leishman,"72' 11""",72.917,1,-1
22,Tim Clark,"73' 8""",73.667,1,E
23,Michael Allen,"74' 7""",74.583,1,-1
24,Rich Barcelo,"80' 7""",80.583,1,+1
25,Stephen Ames,"92' 8""",92.667,1,E
26,Nick O'Hern,"98' 4""",196.583,2,-2
27,Shane Bertsch,"103' 1""",103.083,1,-1
28,Paul Goydos,"105' 7""",105.583,1,E
29,Brian Gay,"120' 11""",120.917,1,+1
30,Jim Carter,"124' 9""",124.750,1,+1
31,Tom Lehman,"131' 2""",131.167,1,-1
