rank,player,Avg,Total Distance (feet),# of Attempts,Relative to par
1,Michael Allen,"1' 5""",1.417,1,-1
2,Corey Pavin,"2' 11""",2.917,1,-1
3,K.J. Choi,"6' 10""",6.833,1,-1
4,Robert Allenby,"8' 5""",8.417,1,-1
5,Chad Campbell,"9' 7""",9.583,1,E
6,Boo Weekley,"10' 2""",10.167,1,E
7,Y.E. Yang,"11' 4""",11.333,1,E
8,Marc Leishman,"12' 1""",12.083,1,E
8,Carl Pettersson,"12' 1""",12.083,1,E
10,Nick O'Hern,"13' 5""",13.417,1,+1
11,Ryan Palmer,"14' 6""",14.500,1,E
12,Henrik Bjornstad,"14' 10""",29.583,2,E
12,David Lutterus,"14' 10""",44.417,3,-1
14,Davis Love III,"15' 4""",15.333,1,E
15,Roger Tambellini,"15' 6""",30.917,2,-1
16,Tom Gillis,"19' 1""",38.167,2,+1
17,Joe Ogilvie,"21' 7""",21.583,1,E
18,Blake Adams,"22' 7""",45.167,2,-1
19,Dustin Johnson,"26' 2""",78.500,3,E
20,Dean Wilson,"26' 4""",26.333,1,E
21,Pat Perez,"27' 4""",27.333,1,E
22,Mark Calcavecchia,"27' 5""",54.833,2,E
23,Briny Baird,"28' 3""",56.500,2,+1
24,Graham DeLaet,"31' 0""",31.000,1,+1
25,Richard Johnson,"31' 2""",31.167,1,-1
26,Kevin Na,"31' 7""",31.583,1,E
27,John Rollins,"33' 6""",33.500,1,E
28,Ricky Barnes,"34' 0""",67.917,2,E
29,Woody Austin,"34' 1""",34.083,1,E
30,Troy Matteson,"34' 5""",68.833,2,+1
31,Jim Carter,"34' 7""",34.583,1,+1
32,Jeff Quinney,"34' 9""",34.750,1,E
33,Ernie Els,"38' 1""",76.167,2,+1
34,Bubba Watson,"39' 3""",156.833,4,+2
35,Stewart Cink,"41' 2""",123.583,3,+1
36,Ryuichi Oda,"42' 6""",84.917,2,+1
37,Ryuji Imada,"42' 8""",85.250,2,E
38,Spencer Levin,"44' 11""",134.750,3,E
39,Jason Dufner,"45' 9""",45.750,1,E
40,Stephen Ames,"49' 0""",146.917,3,E
41,Kevin Johnson,"49' 3""",49.250,1,+1
42,Tom Lehman,"50' 1""",100.167,2,E
43,Brian Stuard,"51' 8""",51.667,1,E
44,Martin Flores,"54' 4""",108.667,2,+1
45,Jeff Maggert,"54' 11""",164.667,3,E
46,Rory Sabbatini,"57' 1""",57.083,1,-1
47,Jeff Klauk,"59' 5""",237.500,4,+3
48,Shane Bertsch,"63' 11""",63.917,1,E
49,Ángel Cabrera,"67' 8""",135.333,2,+1
50,Brian Gay,"69' 6""",139.000,2,+1
51,Paul Goydos,"76' 3""",76.250,1,E
51,WC Liang,"76' 3""",76.250,1,+1
53,Rich Barcelo,"81' 3""",243.667,3,+2
54,Chris Tidland,"94' 1""",94.083,1,E
55,Bob Estes,"109' 10""",219.583,2,+2
