rank,player,Avg,Total Distance (feet),# of Attempts,Relative to par
1,Nathan Green,"3' 6""",3.500,1,-1
2,Mark Calcavecchia,"7' 7""",7.583,1,E
3,Carl Pettersson,"7' 10""",7.833,1,-1
4,Graham DeLaet,"10' 8""",21.333,2,E
5,Retief Goosen,"10' 10""",21.583,2,E
6,Vijay Singh,"13' 2""",13.167,1,+1
7,Jason Day,"13' 3""",13.250,1,E
8,Shane Bertsch,"13' 6""",13.500,1,+1
9,Ryuichi Oda,"13' 10""",13.833,1,E
10,K.J. Choi,"14' 10""",59.417,4,-1
10,Justin Rose,"14' 10""",14.833,1,E
12,Steve Stricker,"14' 11""",44.667,3,+1
13,Martin Flores,"15' 5""",15.417,1,E
14,Jason Dufner,"16' 8""",16.667,1,+1
15,Briny Baird,"16' 9""",16.750,1,-1
16,Boo Weekley,"20' 4""",20.333,1,E
17,David Toms,"20' 5""",20.417,1,+1
18,Zach Johnson,"21' 10""",21.833,1,+1
19,Kevin Na,"22' 4""",67.083,3,+1
20,Pat Perez,"22' 6""",44.917,2,E
21,Jeff Maggert,"22' 9""",22.750,1,-1
22,Woody Austin,"22' 10""",45.667,2,-1
23,Roger Tambellini,"23' 3""",23.250,1,+1
24,Henrik Bjornstad,"24' 4""",24.333,1,E
25,Rory Sabbatini,"26' 5""",79.250,3,E
26,Michael Allen,"26' 11""",53.833,2,E
27,Chris Tidland,"27' 3""",54.500,2,E
28,Robert Allenby,"28' 0""",28.000,1,E
29,Rich Barcelo,"28' 1""",28.083,1,E
30,Dean Wilson,"28' 4""",28.333,1,E
31,Bubba Watson,"28' 5""",56.833,2,E
32,Brian Davis,"30' 3""",30.250,1,E
33,Spencer Levin,"38' 9""",77.500,2,+2
34,John Merrick,"39' 5""",39.417,1,+1
35,Joe Ogilvie,"44' 2""",44.167,1,E
36,Ricky Barnes,"59' 10""",59.833,1,E
37,Tom Gillis,"80' 3""",80.250,1,E
38,Davis Love III,"108' 1""",108.083,1,E
