rank,player,Avg,Total Distance (feet),# of Attempts,Relative to par
1,Jason Kokrak,"7' 8""",7.667,1,E
2,Tony Finau,"9' 2""",27.583,3,-1
2,Justin Thomas,"9' 2""",9.167,1,E
4,Marc Leishman,"9' 6""",47.500,5,-2
5,Xander Schauffele,"9' 11""",29.833,3,-1
6,Hideki Matsuyama,"10' 3""",41.083,4,-2
7,Cameron Smith,"11' 10""",35.583,3,-2
8,Talor Gooch,"12' 10""",12.833,1,E
9,Collin Morikawa,"15' 0""",45.000,3,-2
10,Daniel Berger,"15' 6""",46.583,3,+1
11,Jordan Spieth,"15' 8""",46.917,3,-2
12,Bryson DeChambeau,"16' 11""",101.333,6,-3
13,Joel Dahmen,"17' 1""",17.083,1,E
14,Phil Mickelson,"17' 2""",68.500,4,E
15,Patrick Reed,"17' 6""",52.583,3,-1
16,Max Homa,"17' 8""",35.333,2,E
17,Billy Horschel,"19' 6""",58.583,3,-1
18,K.H. Lee,"19' 10""",59.417,3,-2
18,Jon Rahm,"19' 10""",19.833,1,E
20,Garrick Higgo,"20' 4""",121.750,6,E
21,Viktor Hovland,"20' 7""",123.417,6,-2
22,Kevin Kisner,"22' 2""",88.583,4,-1
23,Erik van Rooyen,"22' 6""",112.500,5,+1
24,Harris English,"27' 4""",82.083,3,+1
25,Branden Grace,"27' 5""",137.000,5,+1
26,Si Woo Kim,"28' 4""",141.833,5,+1
27,Abraham Ancer,"29' 2""",87.583,3,E
28,Sungjae Im,"30' 8""",61.333,2,E
29,Lucas Herbert,"32' 7""",130.167,4,+1
30,Cam Davis,"34' 6""",103.583,3,E
31,Lucas Glover,"34' 7""",103.833,3,+1
32,Matt Jones,"36' 1""",180.583,5,E
32,Brooks Koepka,"36' 1""",108.167,3,E
34,Patrick Cantlay,"36' 4""",108.917,3,-1
35,Stewart Cink,"37' 8""",226.167,6,+1
36,Seamus Power,"38' 6""",115.583,3,E
37,Sam Burns,"39' 4""",118.000,3,E
