rank,player,Avg,Total Distance (feet),# of Attempts,Relative to par
1,Max Homa,"17' 8""",17.667,1,-1
2,Harris English,"19' 5""",38.833,2,E
3,Phil Mickelson,"21' 4""",21.333,1,E
4,Seamus Power,"22' 4""",22.333,1,-1
5,Jordan Spieth,"24' 9""",24.750,1,E
6,Lucas Herbert,"27' 7""",55.167,2,E
6,Matt Jones,"27' 7""",55.083,2,-1
8,Jason Kokrak,"28' 7""",28.583,1,-1
9,Patrick Cantlay,"28' 9""",57.417,2,-1
10,Cameron Smith,"35' 11""",71.750,2,-1
11,Erik van Rooyen,"38' 2""",38.167,1,-1
12,Xander Schauffele,"40' 3""",40.250,1,-1
13,Garrick Higgo,"41' 8""",83.250,2,-1
14,Si Woo Kim,"41' 10""",125.417,3,-3
15,Stewart Cink,"42' 2""",42.167,1,E
16,Lucas Glover,"43' 1""",86.083,2,E
17,Bryson DeChambeau,"43' 2""",216.000,5,E
18,Talor Gooch,"46' 10""",46.833,1,E
19,Cam Davis,"50' 1""",100.167,2,E
20,Hideki Matsuyama,"51' 2""",153.500,3,E
21,Joel Dahmen,"54' 2""",54.167,1,-1
22,Kevin Na,"58' 4""",116.667,2,+1
23,Brooks Koepka,"59' 3""",177.833,3,-1
24,Justin Thomas,"63' 6""",127.000,2,-2
25,Sam Burns,"67' 7""",135.083,2,-1
26,Branden Grace,"79' 8""",79.667,1,-1
27,Patrick Reed,"91' 10""",91.833,1,E
28,Kevin Kisner,"98' 2""",98.167,1,+1
29,K.H. Lee,"99' 2""",99.167,1,-1
30,Viktor Hovland,"107' 9""",107.750,1,+1
