rank,player,Avg,Total Distance (feet),# of Attempts,Relative to par
1,Patrick Cantlay,"4' 2""",4.167,1,-1
2,Lucas Glover,"5' 9""",5.750,1,E
3,Jordan Spieth,"6' 7""",6.583,1,-1
4,Jason Kokrak,"7' 8""",7.667,1,E
5,Billy Horschel,"8' 2""",8.167,1,-1
6,Cameron Smith,"11' 10""",35.583,3,-2
7,Hideki Matsuyama,"13' 2""",39.417,3,-1
8,Marc Leishman,"15' 8""",15.667,1,E
9,Joel Dahmen,"17' 1""",17.083,1,E
10,Xander Schauffele,"18' 8""",18.667,1,E
11,Lucas Herbert,"22' 0""",44.000,2,+1
12,Erik van Rooyen,"26' 5""",105.500,4,+1
13,Kevin Kisner,"27' 4""",82.000,3,E
14,Harris English,"28' 6""",28.500,1,E
15,Abraham Ancer,"29' 2""",87.583,3,E
16,Branden Grace,"30' 8""",61.250,2,+1
17,Garrick Higgo,"33' 3""",66.500,2,+1
18,Sam Burns,"35' 1""",70.083,2,E
19,Phil Mickelson,"35' 2""",35.167,1,E
20,Sungjae Im,"35' 4""",35.333,1,E
21,Si Woo Kim,"36' 7""",109.750,3,+1
22,Viktor Hovland,"41' 7""",83.083,2,E
23,Matt Jones,"42' 11""",85.750,2,E
23,Brooks Koepka,"42' 11""",42.917,1,E
25,K.H. Lee,"47' 4""",47.333,1,E
26,Stewart Cink,"51' 6""",154.417,3,+1
27,Seamus Power,"62' 2""",62.167,1,E
