rank,player,Avg,Total Distance (feet),# of Attempts,Relative to par
1,Joel Dahmen,"7' 1""",7.083,1,-1
2,Branden Grace,"13' 8""",13.667,1,E
3,Jon Rahm,"14' 7""",43.667,3,-1
4,Stewart Cink,"15' 6""",15.500,1,E
5,Lucas Glover,"18' 9""",18.750,1,+1
6,Harris English,"18' 10""",18.833,1,+2
7,Lucas Herbert,"22' 0""",44.000,2,-1
8,Marc Leishman,"22' 10""",22.833,1,E
9,Erik van Rooyen,"24' 10""",24.833,1,E
10,Hideki Matsuyama,"26' 4""",26.333,1,E
11,Brooks Koepka,"29' 0""",57.917,2,E
12,K.H. Lee,"29' 2""",87.417,3,E
13,Bryson DeChambeau,"30' 5""",212.750,7,E
14,Viktor Hovland,"32' 6""",65.000,2,E
15,Garrick Higgo,"33' 9""",67.417,2,-1
16,Xander Schauffele,"34' 10""",104.583,3,E
17,Patrick Reed,"35' 9""",107.333,3,+1
18,Tony Finau,"36' 7""",256.083,7,E
19,Justin Thomas,"37' 0""",111.083,3,E
20,Cam Davis,"37' 4""",112.000,3,E
20,Collin Morikawa,"37' 4""",37.333,1,E
22,Daniel Berger,"38' 4""",76.667,2,+1
23,Talor Gooch,"38' 10""",77.583,2,E
24,Jordan Spieth,"39' 3""",157.000,4,E
25,Matt Jones,"40' 7""",121.750,3,-1
26,Billy Horschel,"41' 5""",41.417,1,E
27,Abraham Ancer,"43' 1""",43.083,1,E
28,Seamus Power,"45' 2""",90.250,2,+1
29,Sungjae Im,"51' 10""",155.500,3,E
30,Cameron Smith,"53' 10""",107.667,2,E
31,Patrick Cantlay,"55' 1""",55.083,1,+1
32,Kevin Kisner,"55' 8""",111.250,2,+1
33,Max Homa,"63' 7""",127.167,2,E
