rank,player,Avg,Total Distance (feet),# of Attempts,Relative to par
1,Branden Grace,"7' 5""",7.417,1,E
2,Seamus Power,"11' 5""",11.417,1,E
3,Daniel Berger,"15' 11""",15.917,1,E
4,Sungjae Im,"16' 6""",32.917,2,-1
5,Tony Finau,"25' 6""",25.500,1,-1
6,Jason Kokrak,"31' 11""",31.917,1,E
7,Max Homa,"33' 0""",66.000,2,-2
8,Jordan Spieth,"34' 0""",68.000,2,E
9,Sam Burns,"45' 1""",135.250,3,+2
10,Stewart Cink,"49' 5""",98.833,2,+2
11,Bryson DeChambeau,"52' 9""",52.750,1,E
12,Lucas Herbert,"54' 4""",108.583,2,+1
13,Patrick Reed,"61' 5""",61.417,1,-1
14,Marc Leishman,"62' 11""",125.833,2,E
15,Patrick Cantlay,"64' 7""",129.083,2,-1
16,Garrick Higgo,"68' 10""",206.583,3,-1
17,Collin Morikawa,"71' 3""",213.833,3,-1
18,Kevin Kisner,"101' 10""",101.833,1,E
