rank,player,Avg,Total Distance (feet),# of Attempts,Relative to par
1,Branden Grace,"11' 8""",11.667,1,E
2,Cameron Smith,"15' 10""",15.833,1,E
3,Matt Jones,"18' 0""",53.917,3,-2
4,Billy Horschel,"18' 8""",37.250,2,-1
5,Stewart Cink,"18' 11""",75.583,4,-2
6,Justin Thomas,"19' 1""",57.333,3,E
7,Viktor Hovland,"19' 11""",59.833,3,E
8,Collin Morikawa,"20' 1""",20.083,1,E
9,Joel Dahmen,"23' 3""",46.500,2,E
10,Max Homa,"23' 4""",23.333,1,E
11,Kevin Kisner,"27' 6""",109.917,4,+1
12,Lucas Glover,"28' 4""",113.333,4,-1
13,Talor Gooch,"30' 3""",60.417,2,E
14,Sungjae Im,"31' 8""",94.917,3,+1
15,Si Woo Kim,"32' 6""",97.500,3,-1
16,Brooks Koepka,"33' 3""",99.750,3,E
17,Xander Schauffele,"33' 5""",100.333,3,+1
18,Jon Rahm,"34' 7""",69.167,2,-1
19,Kevin Na,"34' 10""",104.417,3,E
20,Bryson DeChambeau,"34' 11""",69.750,2,E
21,K.H. Lee,"35' 1""",140.333,4,E
22,Jordan Spieth,"36' 2""",72.333,2,+1
23,Hideki Matsuyama,"40' 8""",162.500,4,E
24,Sam Burns,"41' 2""",41.167,1,E
25,Seamus Power,"44' 5""",133.167,3,E
26,Jason Kokrak,"45' 0""",135.083,3,+1
27,Erik van Rooyen,"45' 5""",136.250,3,E
28,Harris English,"47' 0""",188.000,4,-1
29,Abraham Ancer,"48' 5""",96.833,2,+1
30,Cam Davis,"53' 7""",160.750,3,-1
31,Tony Finau,"53' 8""",160.917,3,E
32,Patrick Reed,"56' 4""",281.500,5,+1
33,Phil Mickelson,"58' 5""",116.750,2,-1
34,Patrick Cantlay,"61' 11""",247.583,4,E
35,Marc Leishman,"75' 2""",150.250,2,+1
