rank,player,Avg,Total Distance (feet),# of Attempts,Relative to par
1,Billy Horschel,"21' 9""",86.833,4,-2
2,Jon Rahm,"22' 7""",112.833,5,-2
3,Joel Dahmen,"25' 0""",124.833,5,-2
4,Lucas Glover,"28' 0""",223.917,8,E
5,Branden Grace,"28' 11""",173.667,6,E
6,Lucas Herbert,"30' 6""",274.250,9,+1
7,Daniel Berger,"30' 10""",92.583,3,+1
8,Matt Jones,"31' 8""",316.500,10,-4
9,Jason Kokrak,"32' 5""",226.750,7,-1
10,Jordan Spieth,"32' 10""",328.667,10,E
11,Erik van Rooyen,"33' 10""",304.750,9,E
12,Stewart Cink,"35' 2""",386.500,11,+1
13,Sungjae Im,"35' 5""",318.667,9,E
14,Cameron Smith,"36' 9""",330.833,9,-2
15,Justin Thomas,"36' 11""",295.417,8,-2
16,Talor Gooch,"37' 0""",184.833,5,E
17,Abraham Ancer,"37' 11""",227.500,6,+1
18,Max Homa,"39' 0""",234.167,6,-3
19,Viktor Hovland,"39' 6""",315.667,8,+1
20,Tony Finau,"39' 10""",477.500,12,-2
21,Seamus Power,"39' 11""",319.333,8,E
22,Xander Schauffele,"40' 5""",364.000,9,-2
23,Si Woo Kim,"41' 4""",413.333,10,-4
24,Hideki Matsuyama,"42' 2""",506.000,12,-1
25,Bryson DeChambeau,"42' 4""",720.000,17,-1
26,Harris English,"42' 11""",386.500,9,+1
27,Phil Mickelson,"43' 4""",173.250,4,-1
28,Kevin Na,"44' 3""",221.083,5,+1
29,Cam Davis,"45' 6""",454.667,10,-1
30,Kevin Kisner,"45' 9""",503.167,11,+3
31,K.H. Lee,"46' 9""",467.417,10,-1
32,Sam Burns,"47' 8""",381.583,8,+1
33,Brooks Koepka,"48' 11""",537.833,11,-1
34,Garrick Higgo,"49' 11""",499.417,10,E
35,Patrick Cantlay,"50' 8""",557.500,11,-2
36,Marc Leishman,"52' 5""",314.583,6,+1
37,Patrick Reed,"59' 9""",657.500,11,E
38,Collin Morikawa,"66' 10""",400.833,6,E
