rank,player,Avg,Total Distance (feet),# of Attempts,Relative to par
1,Branden Grace,"7' 5""",7.417,1,E
2,Seamus Power,"11' 5""",11.417,1,E
3,Daniel Berger,"15' 11""",15.917,1,E
4,Sungjae Im,"16' 6""",32.917,2,-1
5,Jason Kokrak,"27' 9""",55.417,2,-1
6,Tony Finau,"30' 3""",60.500,2,-2
7,Max Homa,"33' 0""",66.000,2,-2
8,Jordan Spieth,"34' 0""",68.000,2,E
9,Cam Davis,"40' 11""",81.750,2,E
10,Lucas Herbert,"43' 8""",131.083,3,+1
11,Sam Burns,"45' 1""",135.250,3,+2
12,Stewart Cink,"49' 5""",98.833,2,+2
13,Marc Leishman,"62' 11""",125.833,2,E
14,Patrick Cantlay,"64' 5""",193.250,3,-1
15,Garrick Higgo,"70' 7""",282.250,4,+1
16,Bryson DeChambeau,"73' 10""",221.500,3,-1
17,Brooks Koepka,"79' 9""",159.417,2,E
18,Si Woo Kim,"80' 8""",80.667,1,-1
19,Collin Morikawa,"85' 10""",343.417,4,E
20,Patrick Reed,"88' 5""",176.833,2,-2
21,K.H. Lee,"93' 2""",93.167,1,E
22,Cameron Smith,"100' 0""",100.000,1,+1
23,Xander Schauffele,"100' 2""",100.167,1,-2
24,Kevin Kisner,"101' 10""",101.833,1,E
25,Harris English,"112' 4""",112.333,1,E
26,Hideki Matsuyama,"124' 3""",124.250,1,E
