rank,player,Avg,Total Distance (feet),# of Attempts,Relative to par
1,Xander Schauffele,"1' 7""",1.583,1,-1
2,Hideki Matsuyama,"1' 8""",1.667,1,-1
3,K.H. Lee,"6' 5""",6.417,1,-1
4,Viktor Hovland,"8' 9""",17.417,2,-1
5,Marc Leishman,"9' 4""",28.083,3,-1
6,Phil Mickelson,"10' 6""",10.500,1,-1
7,Tony Finau,"10' 7""",21.083,2,-1
8,Talor Gooch,"12' 10""",12.833,1,E
9,Jordan Spieth,"13' 3""",13.250,1,E
10,Daniel Berger,"14' 0""",14.000,1,E
11,Bryson DeChambeau,"14' 1""",28.167,2,-2
12,Collin Morikawa,"15' 3""",30.500,2,-1
13,Garrick Higgo,"15' 9""",15.750,1,E
14,Max Homa,"18' 0""",18.000,1,E
15,Jon Rahm,"19' 10""",19.833,1,E
16,Patrick Reed,"21' 7""",21.583,1,E
17,Si Woo Kim,"22' 2""",22.167,1,E
18,Stewart Cink,"23' 11""",71.750,3,E
19,Sungjae Im,"26' 0""",26.000,1,E
20,Seamus Power,"27' 9""",27.750,1,E
21,Matt Jones,"27' 10""",27.833,1,E
22,Branden Grace,"30' 9""",61.500,2,E
23,Brooks Koepka,"32' 8""",65.250,2,E
24,Cam Davis,"34' 6""",103.583,3,E
25,Harris English,"34' 8""",34.667,1,E
26,Lucas Glover,"49' 1""",98.083,2,+1
27,Patrick Cantlay,"52' 5""",104.750,2,E
28,Lucas Herbert,"57' 3""",57.250,1,E
