rank,player,Avg,Total Strokes,Total Late Rounds
1,Geoff Ogilvy,67.50,270,4
2,Sean O'Hair,68.50,274,4
3,Matt Kuchar,68.67,206,3
3,Ryan Moore,68.67,206,3
5,Paul Casey,69.00,138,2
5,Martin Laird,69.00,207,3
5,Pat Perez,69.00,69,1
8,Ángel Cabrera,69.25,277,4
9,Stewart Cink,69.33,208,3
9,Kenny Perry,69.33,208,3
11,Lucas Glover,69.50,278,4
11,Retief Goosen,69.50,139,2
11,Jerry Kelly,69.50,139,2
14,Nick Watney,69.75,279,4
15,Dustin Johnson,70.00,210,3
15,John Rollins,70.00,210,3
15,Rory Sabbatini,70.00,70,1
15,Y.E. Yang,70.00,70,1
19,Brian Gay,72.00,72,1
19,Zach Johnson,72.00,72,1
21,Steve Stricker,73.00,73,1
22,Nathan Green,73.50,147,2
23,Heath Slocum,75.00,75,1
