rank,player,Avg,Total Ball Speed,Total Attempts
1,Dustin Johnson,178.63,535.90,3
2,Ángel Cabrera,178.08,712.33,4
3,Nick Watney,175.24,700.95,4
4,Martin Laird,174.28,697.12,4
5,Paul Casey,174.20,696.81,4
6,Troy Matteson,173.35,693.40,4
7,Y.E. Yang,172.07,688.29,4
8,Lucas Glover,171.93,687.74,4
9,Retief Goosen,171.46,685.83,4
10,Rory Sabbatini,170.78,683.12,4
11,John Rollins,169.98,679.92,4
12,Sean O'Hair,169.67,509.00,3
13,Geoff Ogilvy,169.64,508.92,3
14,Pat Perez,168.72,674.90,4
15,Ryan Moore,168.62,674.50,4
16,Bo Van Pelt,168.30,673.20,4
17,Michael Bradley,167.49,334.98,2
18,Stephen Ames,167.19,668.78,4
19,Stewart Cink,166.93,667.74,4
20,Steve Stricker,164.29,657.16,4
21,Matt Kuchar,162.12,648.47,4
22,Kenny Perry,161.51,646.05,4
23,Jerry Kelly,160.74,642.95,4
24,Nathan Green,160.71,803.55,5
25,Zach Johnson,157.95,473.85,3
26,Heath Slocum,157.56,630.23,4
27,Mark Wilson,155.79,623.17,4
28,Brian Gay,153.10,612.42,4
