rank,player,Total,Distance Rank,Accuracy Rank
1,Ryan Moore,13,11,2
2,Matt Kuchar,15,13,2
2,Y.E. Yang,15,3,12
4,John Rollins,16,8,8
5,Pat Perez,17,12,5
6,Kenny Perry,22,14,8
6,Steve Stricker,22,15,7
8,Stephen Ames,23,21,2
8,Lucas Glover,23,5,18
8,Rory Sabbatini,23,7,16
11,Bo Van Pelt,25,17,8
11,Mark Wilson,25,20,5
13,Brian Gay,26,25,1
13,Martin Laird,26,2,24
15,Stewart Cink,27,9,18
16,Sean O'Hair,28,5,23
17,Dustin Johnson,29,1,28
18,Retief Goosen,30,18,12
18,Zach Johnson,30,22,8
20,Ángel Cabrera,31,4,27
20,Troy Matteson,31,10,21
22,Geoff Ogilvy,35,19,16
23,Nathan Green,38,26,12
24,Heath Slocum,39,27,12
25,Jerry Kelly,41,23,18
25,Nick Watney,41,16,25
27,Michael Bradley,49,28,21
28,Paul Casey,50,24,26
