rank,player,Avg,Total SG:OTT,Measured Rounds
1,Martin Laird,1.083,4.331,4
2,Rory Sabbatini,1.026,4.103,4
3,Nick Watney,.951,3.803,4
4,Y.E. Yang,.927,3.708,4
5,Sean O'Hair,.918,3.672,4
6,John Rollins,.878,3.512,4
7,Ángel Cabrera,.814,3.257,4
8,Matt Kuchar,.706,2.825,4
9,Lucas Glover,.423,1.691,4
10,Troy Matteson,.345,1.379,4
11,Retief Goosen,.259,1.036,4
12,Stephen Ames,.222,.889,4
13,Kenny Perry,.205,.820,4
14,Pat Perez,.153,.613,4
15,Ryan Moore,.151,.605,4
16,Stewart Cink,.095,.380,4
17,Dustin Johnson,.005,.018,4
18,Geoff Ogilvy,-.337,-1.348,4
19,Steve Stricker,-.438,-1.753,4
20,Zach Johnson,-.468,-1.873,4
21,Bo Van Pelt,-.489,-1.956,4
22,Mark Wilson,-.490,-1.958,4
23,Jerry Kelly,-.553,-2.212,4
24,Brian Gay,-.654,-2.616,4
25,Nathan Green,-.793,-3.170,4
26,Paul Casey,-.897,-3.588,4
27,Heath Slocum,-1.401,-5.604,4
28,Michael Bradley,-2.644,-10.577,4
