rank,player,%,# of 1 putts,# of holes
1,Steve Stricker,55.56,10,18
2,Arjun Atwal,44.44,8,18
2,Cameron Beckman,44.44,8,18
2,Jason Bohn,44.44,8,18
2,Charley Hoffman,44.44,8,18
2,Zach Johnson,44.44,8,18
2,Matt Kuchar,44.44,8,18
2,Graeme McDowell,44.44,8,18
2,Justin Rose,44.44,8,18
10,Jonathan Byrd,38.89,7,18
10,Bill Lunde,38.89,7,18
12,Stuart Appleby,33.33,6,18
12,Robert Garrigus,33.33,6,18
12,Bill Haas,33.33,6,18
12,Anthony Kim,33.33,6,18
12,Rocco Mediate,33.33,6,18
12,Ryan Palmer,33.33,6,18
18,Matt Bettencourt,27.78,5,18
18,Jason Day,27.78,5,18
18,Jim Furyk,27.78,5,18
18,Derek Lamely,27.78,5,18
18,Hunter Mahan,27.78,5,18
18,Carl Pettersson,27.78,5,18
18,Ian Poulter,27.78,5,18
18,Heath Slocum,27.78,5,18
18,Bubba Watson,27.78,5,18
27,Dustin Johnson,22.22,4,18
27,Francesco Molinari,22.22,4,18
27,Adam Scott,22.22,4,18
30,Tim Clark,16.67,3,18
30,Ben Crane,16.67,3,18
32,Ernie Els,11.11,2,18
