rank,player,Avg,Total 1 Putts,Total Rounds
1,Carl Pettersson,8.00,32,4
2,Cameron Beckman,7.75,31,4
3,Jason Day,7.25,29,4
3,Steve Stricker,7.25,29,4
5,Graeme McDowell,7.00,28,4
6,Arjun Atwal,6.75,27,4
6,Matt Kuchar,6.75,27,4
8,Bubba Watson,6.50,26,4
9,Jonathan Byrd,6.25,25,4
9,Hunter Mahan,6.25,25,4
9,Francesco Molinari,6.25,25,4
9,Justin Rose,6.25,25,4
13,Matt Bettencourt,6.00,24,4
13,Rocco Mediate,6.00,24,4
13,Adam Scott,6.00,24,4
16,Dustin Johnson,5.75,23,4
16,Zach Johnson,5.75,23,4
16,Ian Poulter,5.75,23,4
19,Robert Garrigus,5.50,22,4
19,Charley Hoffman,5.50,22,4
19,Anthony Kim,5.50,22,4
22,Stuart Appleby,5.25,21,4
22,Jason Bohn,5.25,21,4
22,Tim Clark,5.25,21,4
22,Ben Crane,5.25,21,4
22,Jim Furyk,5.25,21,4
22,Bill Haas,5.25,21,4
28,Bill Lunde,5.00,20,4
29,Ryan Palmer,4.75,19,4
30,Ernie Els,4.50,18,4
31,Derek Lamely,4.00,16,4
31,Heath Slocum,4.00,16,4
