rank,player,%,# of 1 putts,# of holes
1,Stuart Appleby,44.44,8,18
1,Charley Hoffman,44.44,8,18
1,Matt Kuchar,44.44,8,18
1,Carl Pettersson,44.44,8,18
5,Cameron Beckman,38.89,7,18
5,Matt Bettencourt,38.89,7,18
5,Anthony Kim,38.89,7,18
5,Francesco Molinari,38.89,7,18
9,Tim Clark,33.33,6,18
9,Jason Day,33.33,6,18
9,Jim Furyk,33.33,6,18
9,Zach Johnson,33.33,6,18
9,Hunter Mahan,33.33,6,18
9,Steve Stricker,33.33,6,18
9,Bubba Watson,33.33,6,18
16,Arjun Atwal,27.78,5,18
16,Jason Bohn,27.78,5,18
16,Jonathan Byrd,27.78,5,18
16,Ben Crane,27.78,5,18
16,Robert Garrigus,27.78,5,18
16,Dustin Johnson,27.78,5,18
16,Adam Scott,27.78,5,18
23,Ernie Els,22.22,4,18
23,Bill Lunde,22.22,4,18
23,Rocco Mediate,22.22,4,18
23,Justin Rose,22.22,4,18
27,Bill Haas,16.67,3,18
27,Derek Lamely,16.67,3,18
27,Graeme McDowell,16.67,3,18
27,Ryan Palmer,16.67,3,18
27,Ian Poulter,16.67,3,18
27,Heath Slocum,16.67,3,18
