rank,player,Total,Total (for all distances),Pct of all 1-putts
1,Cameron Beckman,18,31,58.1
2,Matt Kuchar,15,27,55.6
2,Steve Stricker,15,29,51.7
4,Ryan Palmer,14,19,73.7
4,Carl Pettersson,14,32,43.8
6,Rocco Mediate,13,24,54.2
7,Matt Bettencourt,12,24,50.0
7,Jonathan Byrd,12,25,48.0
7,Jason Day,12,29,41.4
7,Jim Furyk,12,21,57.1
7,Robert Garrigus,12,22,54.5
12,Arjun Atwal,11,27,40.7
12,Jason Bohn,11,21,52.4
12,Tim Clark,11,21,52.4
12,Dustin Johnson,11,23,47.8
12,Bill Lunde,11,20,55.0
12,Justin Rose,11,25,44.0
12,Adam Scott,11,24,45.8
12,Bubba Watson,11,26,42.3
20,Stuart Appleby,10,21,47.6
21,Charley Hoffman,9,22,40.9
21,Zach Johnson,9,23,39.1
21,Anthony Kim,9,22,40.9
21,Hunter Mahan,9,25,36.0
21,Graeme McDowell,9,28,32.1
26,Ben Crane,8,21,38.1
26,Bill Haas,8,21,38.1
26,Derek Lamely,8,16,50.0
29,Ernie Els,7,18,38.9
29,Francesco Molinari,7,25,28.0
31,Ian Poulter,6,23,26.1
31,Heath Slocum,6,16,37.5
