rank,player,%,# of 1 putts,# of holes
1,Graeme McDowell,61.11,11,18
2,Carl Pettersson,55.56,10,18
3,Ryan Palmer,50.00,9,18
3,Ian Poulter,50.00,9,18
5,Cameron Beckman,44.44,8,18
5,Matt Bettencourt,44.44,8,18
5,Jason Day,44.44,8,18
5,Bubba Watson,44.44,8,18
9,Jonathan Byrd,38.89,7,18
9,Bill Haas,38.89,7,18
9,Dustin Johnson,38.89,7,18
9,Hunter Mahan,38.89,7,18
9,Rocco Mediate,38.89,7,18
9,Adam Scott,38.89,7,18
15,Jason Bohn,33.33,6,18
15,Tim Clark,33.33,6,18
15,Ben Crane,33.33,6,18
15,Anthony Kim,33.33,6,18
15,Matt Kuchar,33.33,6,18
15,Francesco Molinari,33.33,6,18
15,Justin Rose,33.33,6,18
15,Heath Slocum,33.33,6,18
23,Arjun Atwal,27.78,5,18
23,Ernie Els,27.78,5,18
23,Jim Furyk,27.78,5,18
23,Robert Garrigus,27.78,5,18
23,Derek Lamely,27.78,5,18
23,Steve Stricker,27.78,5,18
29,Zach Johnson,22.22,4,18
30,Stuart Appleby,16.67,3,18
30,Charley Hoffman,16.67,3,18
32,Bill Lunde,11.11,2,18
