rank,player,%,# of 1 putts,# of holes
1,Jason Day,55.56,10,18
2,Arjun Atwal,50.00,9,18
2,Carl Pettersson,50.00,9,18
4,Cameron Beckman,44.44,8,18
4,Francesco Molinari,44.44,8,18
4,Adam Scott,44.44,8,18
4,Steve Stricker,44.44,8,18
8,Ben Crane,38.89,7,18
8,Ernie Els,38.89,7,18
8,Dustin Johnson,38.89,7,18
8,Bill Lunde,38.89,7,18
8,Hunter Mahan,38.89,7,18
8,Rocco Mediate,38.89,7,18
8,Justin Rose,38.89,7,18
8,Bubba Watson,38.89,7,18
16,Jonathan Byrd,33.33,6,18
16,Tim Clark,33.33,6,18
16,Robert Garrigus,33.33,6,18
16,Graeme McDowell,33.33,6,18
16,Ian Poulter,33.33,6,18
21,Jim Furyk,27.78,5,18
21,Bill Haas,27.78,5,18
21,Zach Johnson,27.78,5,18
21,Matt Kuchar,27.78,5,18
25,Stuart Appleby,22.22,4,18
25,Matt Bettencourt,22.22,4,18
27,Charley Hoffman,16.67,3,18
27,Anthony Kim,16.67,3,18
27,Derek Lamely,16.67,3,18
30,Jason Bohn,11.11,2,18
30,Heath Slocum,11.11,2,18
32,Ryan Palmer,5.56,1,18
