rank,player,Total,Total (for all distances),Pct of all 1-putts
1,Francesco Molinari,13,25,52.0
2,Hunter Mahan,12,25,48.0
2,Carl Pettersson,12,32,37.5
4,Graeme McDowell,11,28,39.3
4,Justin Rose,11,25,44.0
6,Rocco Mediate,10,24,41.7
7,Jason Day,9,29,31.0
7,Ian Poulter,9,23,39.1
7,Steve Stricker,9,29,31.0
10,Arjun Atwal,8,27,29.6
10,Jonathan Byrd,8,25,32.0
10,Dustin Johnson,8,23,34.8
10,Matt Kuchar,8,27,29.6
10,Adam Scott,8,24,33.3
15,Bill Haas,7,21,33.3
15,Bubba Watson,7,26,26.9
17,Ben Crane,6,21,28.6
17,Charley Hoffman,6,22,27.3
17,Zach Johnson,6,23,26.1
17,Anthony Kim,6,22,27.3
21,Matt Bettencourt,5,24,20.8
21,Jason Bohn,5,21,23.8
21,Jim Furyk,5,21,23.8
21,Robert Garrigus,5,22,22.7
21,Bill Lunde,5,20,25.0
26,Stuart Appleby,4,21,19.0
26,Tim Clark,4,21,19.0
26,Heath Slocum,4,16,25.0
29,Cameron Beckman,3,31,9.7
29,Derek Lamely,3,16,18.8
31,Ernie Els,1,18,5.6
31,Ryan Palmer,1,19,5.3
