rank,player,Total,Total (for all distances),Pct of all 1-putts
1,Matt Bettencourt,6,24,25.0
1,Ernie Els,6,18,33.3
1,Ian Poulter,6,23,26.1
4,Arjun Atwal,5,27,18.5
4,Cameron Beckman,5,31,16.1
4,Charley Hoffman,5,22,22.7
4,Graeme McDowell,5,28,17.9
4,Heath Slocum,5,16,31.3
4,Bubba Watson,5,26,19.2
10,Ben Crane,4,21,19.0
10,Zach Johnson,4,23,17.4
10,Derek Lamely,4,16,25.0
13,Jason Bohn,3,21,14.3
13,Jonathan Byrd,3,25,12.0
13,Jason Day,3,29,10.3
13,Anthony Kim,3,22,13.6
13,Matt Kuchar,3,27,11.1
13,Hunter Mahan,3,25,12.0
13,Carl Pettersson,3,32,9.4
13,Adam Scott,3,24,12.5
21,Stuart Appleby,2,21,9.5
21,Jim Furyk,2,21,9.5
21,Robert Garrigus,2,22,9.1
21,Bill Haas,2,21,9.5
21,Bill Lunde,2,20,10.0
21,Steve Stricker,2,29,6.9
27,Tim Clark,1,21,4.8
27,Dustin Johnson,1,23,4.3
27,Francesco Molinari,1,25,4.0
27,Ryan Palmer,1,19,5.3
27,Justin Rose,1,25,4.0
