rank,player,Total,Total (for all distances),Pct of all 1-putts
1,Ben Crane,2,21,9.5
1,Jason Day,2,29,6.9
1,Ernie Els,2,18,11.1
1,Robert Garrigus,2,22,9.1
5,Stuart Appleby,1,21,4.8
5,Arjun Atwal,1,27,3.7
5,Cameron Beckman,1,31,3.2
5,Jonathan Byrd,1,25,4.0
5,Tim Clark,1,21,4.8
5,Jim Furyk,1,21,4.8
5,Bill Haas,1,21,4.8
5,Charley Hoffman,1,22,4.5
5,Dustin Johnson,1,23,4.3
5,Anthony Kim,1,22,4.5
5,Hunter Mahan,1,25,4.0
5,Rocco Mediate,1,24,4.2
5,Francesco Molinari,1,25,4.0
5,Ryan Palmer,1,19,5.3
5,Ian Poulter,1,23,4.3
