rank,player,Distance,Year/Tourn#,Round,Hole
1,Robert Garrigus,"56' 11""",Hyundai T of C,3,18 - Par 5
2,Charley Hoffman,"55' 6""",Hyundai T of C,3,7 - Par 4 -
3,Dustin Johnson,"50' 3""",Hyundai T of C,2,1 - Par 4 -
4,Stuart Appleby,"50' 2""",Hyundai T of C,2,11 - Par 3
5,Hunter Mahan,"42' 2""",Hyundai T of C,4,11 - Par 3
6,Jason Day,"41' 2""",Hyundai T of C,4,7 - Par 4 -
7,Arjun Atwal,"39' 1""",Hyundai T of C,1,1 - Par 4 -
8,Cameron Beckman,"38' 6""",Hyundai T of C,2,8 - Par 3 -
9,Ernie Els,"36' 3""",Hyundai T of C,4,2 - Par 3 -
10,Jim Furyk,"34' 11""",Hyundai T of C,4,8 - Par 3 -
11,Bill Haas,"33' 8""",Hyundai T of C,3,15 - Par 5
12,Anthony Kim,"32' 3""",Hyundai T of C,1,1 - Par 4 -
13,Francesco Molinari,"31' 10""",Hyundai T of C,1,8 - Par 3 -
14,Ryan Palmer,"31' 1""",Hyundai T of C,1,8 - Par 3 -
15,Ian Poulter,"30' 1""",Hyundai T of C,2,15 - Par 5
16,Jonathan Byrd,"29' 11""",Hyundai T of C,3,13 - Par 4
17,Ben Crane,"27' 3""",Hyundai T of C,1,2 - Par 3 -
18,Rocco Mediate,"26' 6""",Hyundai T of C,2,10 - Par 4
19,Tim Clark,"26' 0""",Hyundai T of C,2,2 - Par 3 -
20,Carl Pettersson,"23' 0""",Hyundai T of C,1,11 - Par 3
21,Adam Scott,"22' 4""",Hyundai T of C,2,7 - Par 4 -
22,Graeme McDowell,"22' 2""",Hyundai T of C,4,15 - Par 5
23,Matt Bettencourt,"21' 7""",Hyundai T of C,4,14 - Par 4
24,Justin Rose,"21' 5""",Hyundai T of C,3,10 - Par 4
25,Zach Johnson,"20' 7""",Hyundai T of C,3,6 - Par 4 -
26,Steve Stricker,"19' 10""",Hyundai T of C,3,8 - Par 3 -
27,Matt Kuchar,"19' 6""",Hyundai T of C,3,7 - Par 4 -
28,Derek Lamely,"19' 2""",Hyundai T of C,4,16 - Par 4
29,Bill Lunde,"18' 5""",Hyundai T of C,1,13 - Par 4
30,Bubba Watson,"17' 8""",Hyundai T of C,1,3 - Par 4 -
31,Jason Bohn,"17' 2""",Hyundai T of C,1,1 - Par 4 -
32,Heath Slocum,"15' 9""",Hyundai T of C,3,10 - Par 4
