rank,player,% Made,Attempts,Putts Made
1,Max Homa,5.00%,2,1
2,Scottie Scheffler,3.33%,3,1
3,Jon Rahm,1.67%,6,1
4,Seamus Power,1.43%,7,1
5,Collin Morikawa,1.25%,8,1
6,Keegan Bradley,.00%,5,0
6,Ryan Brehm,.00%,3,0
6,Sam Burns,.00%,3,0
6,Patrick Cantlay,.00%,3,0
6,Corey Conners,.00%,4,0
6,Tony Finau,.00%,3,0
6,Matt Fitzpatrick,.00%,4,0
6,Brian Harman,.00%,4,0
6,Russell Henley,.00%,6,0
6,Tom Hoge,.00%,4,0
6,Billy Horschel,.00%,3,0
6,Viktor Hovland,.00%,1,0
6,Mackenzie Hughes,.00%,5,0
6,Sungjae Im,.00%,3,0
6,Tom Kim,.00%,4,0
6,K.H. Lee,.00%,4,0
6,Luke List,.00%,4,0
6,Hideki Matsuyama,.00%,6,0
6,Trey Mullinax,.00%,3,0
6,J.T. Poston,.00%,5,0
6,Chad Ramey,.00%,5,0
6,Chez Reavie,.00%,3,0
6,Adam Scott,.00%,1,0
6,J.J. Spaun,.00%,6,0
6,Scott Stallings,.00%,2,0
6,Sepp Straka,.00%,5,0
6,Adam Svensson,.00%,2,0
6,Sahith Theegala,.00%,4,0
6,Justin Thomas,.00%,1,0
6,Aaron Wise,.00%,3,0
6,Cameron Young,.00%,1,0
6,Will Zalatoris,.00%,1,0
