rank,player,%,Attempts,Putts made
1,Russell Henley,50.00%,4,2
2,Sam Burns,42.86%,7,3
2,Collin Morikawa,42.86%,7,3
4,Tom Hoge,37.50%,8,3
5,Tony Finau,33.33%,3,1
5,Viktor Hovland,33.33%,9,3
7,Jon Rahm,30.00%,10,3
8,Hideki Matsuyama,28.57%,7,2
8,Justin Thomas,28.57%,7,2
10,Keegan Bradley,25.00%,8,2
10,Aaron Wise,25.00%,8,2
12,Chez Reavie,23.53%,17,4
13,Matt Fitzpatrick,22.22%,9,2
14,Brian Harman,16.67%,6,1
14,Max Homa,16.67%,12,2
14,Seamus Power,16.67%,6,1
14,Scott Stallings,16.67%,6,1
14,Sahith Theegala,16.67%,6,1
14,Will Zalatoris,16.67%,12,2
20,Trey Mullinax,14.29%,7,1
20,Adam Scott,14.29%,7,1
20,Sepp Straka,14.29%,7,1
23,Ryan Brehm,12.50%,8,1
23,Sungjae Im,12.50%,8,1
23,Luke List,12.50%,8,1
26,Chad Ramey,11.11%,9,1
27,K.H. Lee,9.09%,11,1
27,J.J. Spaun,9.09%,11,1
29,Patrick Cantlay,.00%,8,0
29,Corey Conners,.00%,6,0
29,Billy Horschel,.00%,7,0
29,Mackenzie Hughes,.00%,4,0
29,Tom Kim,.00%,8,0
29,J.T. Poston,.00%,8,0
29,Scottie Scheffler,.00%,4,0
29,Jordan Spieth,.00%,8,0
29,Adam Svensson,.00%,8,0
29,Cameron Young,.00%,7,0
