rank,player,% Made,Attempts,Putts Made
1,Tony Finau,1.43%,7,1
1,Matt Fitzpatrick,1.43%,7,1
3,Patrick Cantlay,1.33%,15,2
4,Sungjae Im,.91%,11,1
5,Scott Stallings,.77%,13,1
5,Sepp Straka,.77%,13,1
7,Max Homa,.71%,14,1
8,Sam Burns,.63%,16,1
9,Scottie Scheffler,.53%,19,1
10,Keegan Bradley,.00%,10,0
10,Ryan Brehm,.00%,14,0
10,Corey Conners,.00%,14,0
10,Brian Harman,.00%,10,0
10,Russell Henley,.00%,13,0
10,Tom Hoge,.00%,9,0
10,Billy Horschel,.00%,11,0
10,Viktor Hovland,.00%,6,0
10,Mackenzie Hughes,.00%,14,0
10,Tom Kim,.00%,14,0
10,K.H. Lee,.00%,11,0
10,Luke List,.00%,5,0
10,Hideki Matsuyama,.00%,6,0
10,Collin Morikawa,.00%,11,0
10,Trey Mullinax,.00%,7,0
10,J.T. Poston,.00%,11,0
10,Seamus Power,.00%,12,0
10,Jon Rahm,.00%,13,0
10,Chad Ramey,.00%,9,0
10,Chez Reavie,.00%,11,0
10,Adam Scott,.00%,11,0
10,J.J. Spaun,.00%,13,0
10,Jordan Spieth,.00%,9,0
10,Adam Svensson,.00%,17,0
10,Sahith Theegala,.00%,11,0
10,Justin Thomas,.00%,9,0
10,Aaron Wise,.00%,13,0
10,Cameron Young,.00%,11,0
10,Will Zalatoris,.00%,10,0
