rank,player,%,Attempts,Putts made
1,Collin Morikawa,50.00%,4,2
2,Cameron Young,42.86%,7,3
3,Jon Rahm,40.00%,5,2
4,Ryan Brehm,33.33%,6,2
5,Luke List,28.57%,7,2
5,Chad Ramey,28.57%,7,2
7,Scottie Scheffler,25.00%,4,1
8,Sam Burns,16.67%,6,1
8,Patrick Cantlay,16.67%,6,1
8,K.H. Lee,16.67%,6,1
8,Sahith Theegala,16.67%,6,1
8,Aaron Wise,16.67%,6,1
13,Billy Horschel,14.29%,7,1
13,Adam Scott,14.29%,7,1
13,Scott Stallings,14.29%,7,1
16,Corey Conners,12.50%,8,1
17,Tony Finau,11.11%,9,1
18,Keegan Bradley,.00%,9,0
18,Matt Fitzpatrick,.00%,7,0
18,Brian Harman,.00%,7,0
18,Russell Henley,.00%,7,0
18,Tom Hoge,.00%,6,0
18,Max Homa,.00%,2,0
18,Viktor Hovland,.00%,7,0
18,Mackenzie Hughes,.00%,6,0
18,Sungjae Im,.00%,7,0
18,Tom Kim,.00%,4,0
18,Hideki Matsuyama,.00%,10,0
18,Trey Mullinax,.00%,5,0
18,J.T. Poston,.00%,3,0
18,Seamus Power,.00%,7,0
18,Chez Reavie,.00%,7,0
18,J.J. Spaun,.00%,1,0
18,Jordan Spieth,.00%,5,0
18,Sepp Straka,.00%,7,0
18,Adam Svensson,.00%,6,0
18,Justin Thomas,.00%,5,0
18,Will Zalatoris,.00%,3,0
