rank,player,%,Attempts,Putts made
1,Jon Rahm,71.43%,7,5
2,Cameron Young,70.00%,10,7
3,Corey Conners,54.55%,11,6
4,Patrick Cantlay,50.00%,8,4
4,Hideki Matsuyama,50.00%,6,3
4,Collin Morikawa,50.00%,14,7
4,Chad Ramey,50.00%,2,1
4,Scottie Scheffler,50.00%,8,4
9,J.T. Poston,45.45%,11,5
9,Scott Stallings,45.45%,11,5
9,Aaron Wise,45.45%,11,5
12,Tom Kim,42.86%,7,3
12,Justin Thomas,42.86%,14,6
14,Sungjae Im,41.67%,12,5
14,K.H. Lee,41.67%,12,5
16,Chez Reavie,40.00%,5,2
17,Brian Harman,37.50%,8,3
18,Tony Finau,36.36%,11,4
19,Jordan Spieth,35.29%,17,6
20,Matt Fitzpatrick,33.33%,9,3
20,Max Homa,33.33%,9,3
20,Viktor Hovland,33.33%,12,4
23,Sepp Straka,30.77%,13,4
24,Tom Hoge,28.57%,7,2
24,Mackenzie Hughes,28.57%,7,2
26,Ryan Brehm,27.27%,11,3
27,Billy Horschel,25.00%,8,2
27,Luke List,25.00%,4,1
27,Seamus Power,25.00%,8,2
27,Adam Scott,25.00%,4,1
27,Adam Svensson,25.00%,8,2
32,Keegan Bradley,22.22%,9,2
33,Will Zalatoris,21.43%,14,3
34,J.J. Spaun,18.18%,11,2
35,Trey Mullinax,13.33%,15,2
36,Sam Burns,10.00%,10,1
36,Sahith Theegala,10.00%,10,1
38,Russell Henley,.00%,4,0
