rank,player,% Made,Attempts,Putts Made
1,Tom Kim,6.67%,3,2
2,Seamus Power,5.00%,2,1
2,Jordan Spieth,5.00%,2,1
4,Billy Horschel,3.33%,3,1
5,Matt Fitzpatrick,2.50%,4,1
5,Russell Henley,2.50%,4,1
5,J.T. Poston,2.50%,8,2
8,Viktor Hovland,1.67%,6,1
8,Will Zalatoris,1.67%,6,1
10,Chez Reavie,1.43%,7,1
11,Keegan Bradley,.00%,3,0
11,Ryan Brehm,.00%,4,0
11,Sam Burns,.00%,4,0
11,Patrick Cantlay,.00%,4,0
11,Corey Conners,.00%,4,0
11,Tony Finau,.00%,9,0
11,Brian Harman,.00%,3,0
11,Tom Hoge,.00%,4,0
11,Max Homa,.00%,5,0
11,Mackenzie Hughes,.00%,2,0
11,Sungjae Im,.00%,3,0
11,K.H. Lee,.00%,6,0
11,Luke List,.00%,5,0
11,Hideki Matsuyama,.00%,2,0
11,Collin Morikawa,.00%,5,0
11,Trey Mullinax,.00%,3,0
11,Jon Rahm,.00%,3,0
11,Chad Ramey,.00%,3,0
11,Scottie Scheffler,.00%,3,0
11,Adam Scott,.00%,3,0
11,J.J. Spaun,.00%,4,0
11,Scott Stallings,.00%,4,0
11,Sepp Straka,.00%,2,0
11,Adam Svensson,.00%,6,0
11,Sahith Theegala,.00%,4,0
11,Justin Thomas,.00%,6,0
11,Aaron Wise,.00%,5,0
11,Cameron Young,.00%,5,0
