rank,player,Avg,Total 3 Putts,Total Rounds
1,Brooks Koepka,1.50,6,4
2,Kevin Chappell,1.25,5,4
2,Austin Cook,1.25,5,4
2,Grayson Murray,1.25,5,4
2,D.A. Points,1.25,5,4
6,Bryson DeChambeau,1.00,4,4
6,Brian Harman,1.00,4,4
6,Patton Kizzire,1.00,4,4
6,Jon Rahm,1.00,4,4
6,Cameron Smith,1.00,4,4
6,Brendan Steele,1.00,4,4
6,Justin Thomas,1.00,4,4
13,Wesley Bryan,.75,3,4
13,Jason Dufner,.75,3,4
13,Russell Henley,.75,3,4
13,Billy Horschel,.75,3,4
13,Marc Leishman,.75,3,4
13,Hideki Matsuyama,.75,3,4
13,Xander Schauffele,.75,3,4
13,Jordan Spieth,.75,3,4
13,Kyle Stanley,.75,3,4
13,Chris Stroud,.75,3,4
13,Hudson Swafford,.75,3,4
13,Jhonattan Vegas,.75,3,4
25,Ryan Armour,.50,2,4
25,Daniel Berger,.50,2,4
25,Rickie Fowler,.50,2,4
25,Si Woo Kim,.50,2,4
25,Pat Perez,.50,2,4
30,Patrick Cantlay,.25,1,4
30,Adam Hadwin,.25,1,4
