rank,player,Avg,Total 2 Putts,Total Rounds
1,Kyle Stanley,12.50,50,4
1,Hudson Swafford,12.50,50,4
3,Adam Hadwin,12.25,49,4
4,Patrick Cantlay,12.00,48,4
5,Jordan Spieth,11.75,47,4
6,Billy Horschel,11.50,46,4
6,Brooks Koepka,11.50,46,4
8,Ryan Armour,11.25,45,4
8,Daniel Berger,11.25,45,4
8,Bryson DeChambeau,11.25,45,4
8,Kevin Kisner,11.25,45,4
8,Patton Kizzire,11.25,45,4
8,Brendan Steele,11.25,45,4
8,Justin Thomas,11.25,45,4
15,Cameron Smith,11.00,44,4
16,Austin Cook,10.75,43,4
16,Russell Henley,10.75,43,4
16,D.A. Points,10.75,43,4
19,Jonas Blixt,10.50,42,4
19,Marc Leishman,10.50,42,4
19,Hideki Matsuyama,10.50,42,4
19,Jhonattan Vegas,10.50,42,4
23,Jason Dufner,10.25,41,4
23,Rickie Fowler,10.25,41,4
23,Dustin Johnson,10.25,41,4
23,Si Woo Kim,10.25,41,4
23,Pat Perez,10.25,41,4
28,Grayson Murray,10.00,40,4
29,Brian Harman,9.75,39,4
30,Jon Rahm,9.50,38,4
31,Kevin Chappell,9.25,37,4
32,Wesley Bryan,9.00,36,4
33,Xander Schauffele,8.75,35,4
34,Chris Stroud,8.25,33,4
