rank,player,Avg,Total Putts,Total Rounds
1,Jonas Blixt,23.00,23,1
2,Jason Dufner,25.00,25,1
2,Chris Stroud,25.00,25,1
4,Dustin Johnson,26.00,26,1
4,Brooks Koepka,26.00,26,1
4,Jordan Spieth,26.00,26,1
7,Russell Henley,27.00,27,1
7,Xander Schauffele,27.00,27,1
9,Wesley Bryan,28.00,28,1
9,Brian Harman,28.00,28,1
9,Pat Perez,28.00,28,1
12,Kevin Chappell,29.00,29,1
12,Rickie Fowler,29.00,29,1
12,Si Woo Kim,29.00,29,1
12,Marc Leishman,29.00,29,1
12,Cameron Smith,29.00,29,1
12,Brendan Steele,29.00,29,1
18,Ryan Armour,30.00,30,1
18,Daniel Berger,30.00,30,1
18,Patrick Cantlay,30.00,30,1
18,Billy Horschel,30.00,30,1
18,Kevin Kisner,30.00,30,1
18,Hideki Matsuyama,30.00,30,1
18,Hudson Swafford,30.00,30,1
18,Jhonattan Vegas,30.00,30,1
26,Austin Cook,31.00,31,1
26,Adam Hadwin,31.00,31,1
26,Justin Thomas,31.00,31,1
29,D.A. Points,32.00,32,1
29,Jon Rahm,32.00,32,1
31,Bryson DeChambeau,33.00,33,1
31,Grayson Murray,33.00,33,1
33,Patton Kizzire,34.00,34,1
34,Kyle Stanley,35.00,35,1
