rank,player,Avg,Total Putts,Total Rounds
1,Grayson Murray,26.00,26,1
2,Si Woo Kim,27.00,27,1
2,Cameron Smith,27.00,27,1
4,Ryan Armour,28.00,28,1
4,Bryson DeChambeau,28.00,28,1
4,Adam Hadwin,28.00,28,1
4,Patton Kizzire,28.00,28,1
4,Pat Perez,28.00,28,1
4,Xander Schauffele,28.00,28,1
10,Daniel Berger,29.00,29,1
10,Kevin Chappell,29.00,29,1
10,Rickie Fowler,29.00,29,1
10,Brian Harman,29.00,29,1
10,Kevin Kisner,29.00,29,1
10,Jon Rahm,29.00,29,1
10,Chris Stroud,29.00,29,1
17,Jonas Blixt,30.00,30,1
17,Wesley Bryan,30.00,30,1
17,Patrick Cantlay,30.00,30,1
17,Jason Dufner,30.00,30,1
17,Billy Horschel,30.00,30,1
17,Dustin Johnson,30.00,30,1
17,Hideki Matsuyama,30.00,30,1
17,D.A. Points,30.00,30,1
17,Jhonattan Vegas,30.00,30,1
26,Austin Cook,31.00,31,1
26,Russell Henley,31.00,31,1
26,Jordan Spieth,31.00,31,1
29,Kyle Stanley,33.00,33,1
30,Justin Thomas,34.00,34,1
31,Brendan Steele,35.00,35,1
32,Marc Leishman,36.00,36,1
32,Hudson Swafford,36.00,36,1
34,Brooks Koepka,37.00,37,1
