rank,player,Avg,Total Putts,Total Rounds
1,Wesley Bryan,27.00,27,1
1,Marc Leishman,27.00,27,1
3,Russell Henley,28.00,28,1
3,Dustin Johnson,28.00,28,1
3,Kevin Kisner,28.00,28,1
3,Hideki Matsuyama,28.00,28,1
3,Grayson Murray,28.00,28,1
3,D.A. Points,28.00,28,1
3,Jon Rahm,28.00,28,1
10,Jonas Blixt,29.00,29,1
10,Rickie Fowler,29.00,29,1
10,Pat Perez,29.00,29,1
10,Chris Stroud,29.00,29,1
10,Jhonattan Vegas,29.00,29,1
15,Ryan Armour,30.00,30,1
15,Kevin Chappell,30.00,30,1
15,Jordan Spieth,30.00,30,1
15,Justin Thomas,30.00,30,1
19,Patrick Cantlay,31.00,31,1
19,Austin Cook,31.00,31,1
19,Bryson DeChambeau,31.00,31,1
19,Si Woo Kim,31.00,31,1
19,Xander Schauffele,31.00,31,1
19,Hudson Swafford,31.00,31,1
25,Billy Horschel,32.00,32,1
25,Patton Kizzire,32.00,32,1
25,Brooks Koepka,32.00,32,1
25,Kyle Stanley,32.00,32,1
25,Brendan Steele,32.00,32,1
30,Daniel Berger,33.00,33,1
30,Brian Harman,33.00,33,1
30,Cameron Smith,33.00,33,1
33,Adam Hadwin,34.00,34,1
34,Jason Dufner,35.00,35,1
