rank,player,Avg,Total Putts,Total Rounds
1,Xander Schauffele,26.00,26,1
2,Wesley Bryan,28.00,28,1
2,Brian Harman,28.00,28,1
2,Dustin Johnson,28.00,28,1
2,Marc Leishman,28.00,28,1
2,Jon Rahm,28.00,28,1
2,Kyle Stanley,28.00,28,1
2,Brendan Steele,28.00,28,1
2,Chris Stroud,28.00,28,1
10,Daniel Berger,29.00,29,1
10,Jason Dufner,29.00,29,1
10,Rickie Fowler,29.00,29,1
10,Patton Kizzire,29.00,29,1
14,Adam Hadwin,30.00,30,1
14,Si Woo Kim,30.00,30,1
14,Kevin Kisner,30.00,30,1
14,Justin Thomas,30.00,30,1
18,Jonas Blixt,31.00,31,1
18,Patrick Cantlay,31.00,31,1
18,Kevin Chappell,31.00,31,1
18,Billy Horschel,31.00,31,1
18,Hideki Matsuyama,31.00,31,1
18,Hudson Swafford,31.00,31,1
18,Jhonattan Vegas,31.00,31,1
25,Ryan Armour,32.00,32,1
25,Austin Cook,32.00,32,1
25,Bryson DeChambeau,32.00,32,1
25,Pat Perez,32.00,32,1
29,Brooks Koepka,34.00,34,1
29,Grayson Murray,34.00,34,1
31,Russell Henley,35.00,35,1
31,D.A. Points,35.00,35,1
31,Cameron Smith,35.00,35,1
34,Jordan Spieth,36.00,36,1
