rank,player,Avg,Total Club Head Speed,Total Attempts
1,Chris Gotterup,123.98,"2,231.68",18
2,Wyndham Clark,122.58,"2,206.48",18
3,Matt Fitzpatrick,121.37,"2,306.05",19
4,Jake Knapp,121.21,"2,302.98",19
5,Xander Schauffele,121.04,"2,541.91",21
6,Jhonattan Vegas,120.41,"2,287.75",19
7,Max Greyserman,120.36,"2,768.24",23
8,Ludvig Åberg,120.25,"2,645.40",22
9,Taylor Pendrith,120.19,"2,644.08",22
10,Tony Finau,120.12,"2,162.20",18
11,Nick Dunlap,119.87,"2,517.35",21
11,Cameron Young,119.87,"2,517.20",21
13,Thomas Detry,119.70,"2,154.65",18
14,Stephan Jaeger,119.21,"2,503.47",21
15,Justin Thomas,118.38,"2,367.55",20
16,Byeong Hun An,118.31,"2,484.48",21
17,Matthieu Pavon,118.13,"2,008.16",17
18,Sahith Theegala,117.82,"2,356.36",20
19,Maverick McNealy,117.53,"2,468.23",21
20,Cam Davis,117.51,"1,880.19",16
21,Will Zalatoris,117.41,"2,700.39",23
22,Adam Scott,117.38,"2,230.26",19
23,Viktor Hovland,117.25,"2,579.44",22
24,Hideki Matsuyama,117.04,"2,457.74",21
25,Rafael Campos,116.96,"2,573.03",22
26,Akshay Bhatia,116.92,"1,987.70",17
27,Sam Burns,116.82,"1,985.99",17
28,Davis Thompson,116.66,"2,449.77",21
29,Kevin Yu,116.45,"2,561.96",22
30,Patrick Cantlay,116.36,"2,327.16",20
31,Max Homa,116.06,"2,205.20",19
32,Corey Conners,116.04,"2,668.81",23
33,Jason Day,115.96,"2,435.20",21
34,Harry Hall,115.78,"2,547.14",22
35,Robert MacIntyre,115.69,"2,776.60",24
36,Adam Hadwin,115.61,"2,659.09",23
37,Collin Morikawa,115.54,"2,195.35",19
38,Eric Cole,115.53,"2,426.19",21
39,Peter Malnati,115.50,"2,656.40",23
40,Sungjae Im,115.27,"2,420.58",21
41,Aaron Rai,114.93,"2,298.68",20
42,Si Woo Kim,114.87,"2,756.76",24
43,Matt McCarty,114.73,"2,523.97",22
44,Keegan Bradley,114.54,"2,405.35",21
45,Chris Kirk,114.50,"1,946.51",17
46,J.T. Poston,114.33,"2,286.67",20
47,Billy Horschel,114.22,"2,284.45",20
48,Nico Echavarria,114.05,"2,623.07",23
49,Austin Eckroat,113.79,"2,389.51",21
50,Patton Kizzire,113.66,"2,614.27",23
51,Denny McCarthy,113.28,"2,605.42",23
52,Tom Hoge,112.82,"2,594.79",23
53,Christiaan Bezuidenhout,112.39,"2,360.19",21
54,Sepp Straka,112.18,"2,355.85",21
55,Brian Harman,111.38,"2,450.42",22
56,Nick Taylor,110.60,"2,654.28",24
57,Russell Henley,110.27,"2,315.63",21
58,Brice Garnett,109.17,"1,965.10",18
