rank,player,Combined Rank,Carry Efficiency Rank,Total Dist. Effic. Rank
1,Byeong Hun An,3,2,1
2,Sepp Straka,5,3,2
3,Viktor Hovland,11,5,6
4,Keegan Bradley,12,1,11
5,Harry Hall,15,11,4
6,Cam Davis,19,14,5
7,Davis Thompson,20,4,16
8,Denny McCarthy,22,15,7
9,Patrick Cantlay,23,8,15
10,Kevin Yu,26,12,14
11,Ludvig Åberg,27,7,20
11,Chris Kirk,27,9,18
11,Nick Taylor,27,19,8
14,Billy Horschel,30,6,24
15,Collin Morikawa,31,22,9
16,Adam Hadwin,34,21,13
17,Brice Garnett,36,33,3
18,Russell Henley,38,22,16
19,Sungjae Im,42,16,26
20,Austin Eckroat,49,26,23
20,Peter Malnati,49,37,12
20,Taylor Pendrith,49,17,32
23,Nick Dunlap,52,17,35
23,Brian Harman,52,25,27
23,Sahith Theegala,52,31,21
26,Justin Thomas,54,10,44
27,Tom Hoge,55,46,9
28,Stephan Jaeger,56,27,29
29,Corey Conners,57,33,24
30,Jhonattan Vegas,59,40,19
31,Eric Cole,60,13,47
31,Hideki Matsuyama,60,39,21
33,Patton Kizzire,61,19,42
34,Xander Schauffele,62,35,27
35,J.T. Poston,64,28,36
36,Sam Burns,68,30,38
37,Nico Echavarria,72,24,48
38,Si Woo Kim,78,44,34
38,Will Zalatoris,78,47,31
40,Jason Day,79,36,43
41,Max Greyserman,80,48,32
41,Robert MacIntyre,80,50,30
43,Matthieu Pavon,81,29,52
44,Akshay Bhatia,83,38,45
45,Max Homa,84,31,53
46,Cameron Young,87,51,36
47,Wyndham Clark,88,42,46
48,Christiaan Bezuidenhout,93,53,40
48,Aaron Rai,93,54,39
48,Adam Scott,93,45,48
51,Tony Finau,94,43,51
52,Thomas Detry,96,41,55
53,Maverick McNealy,97,56,41
54,Rafael Campos,100,52,48
55,Matt McCarty,104,48,56
56,Jake Knapp,109,55,54
57,Matt Fitzpatrick,115,58,57
57,Chris Gotterup,115,57,58
