rank,player,Avg,Total Vert. Launch Angle,Total Attempts
1,Keegan Bradley,13.05,704.88,54
2,Sepp Straka,12.77,740.68,58
3,Adam Hadwin,12.36,667.48,54
4,Davis Thompson,12.11,714.56,59
5,Eric Cole,12.04,686.12,57
6,Brian Harman,11.92,691.14,58
7,Brice Garnett,11.74,668.92,57
8,Denny McCarthy,11.73,645.20,55
9,Austin Eckroat,11.67,630.41,54
10,Harry Hall,11.59,567.69,49
11,Chris Kirk,11.40,570.08,50
12,Cam Davis,11.35,567.32,50
13,Justin Thomas,11.33,634.73,56
14,Billy Horschel,11.32,588.79,52
15,Matthieu Pavon,11.28,631.86,56
16,Sam Burns,11.25,528.89,47
17,Ludvig Åberg,11.20,582.39,52
18,Stephan Jaeger,11.15,602.33,54
19,Byeong Hun An,10.95,558.60,51
20,Viktor Hovland,10.93,644.80,59
21,Patton Kizzire,10.92,611.64,56
22,Tom Hoge,10.91,578.21,53
23,Nico Echavarria,10.87,641.32,59
24,Sahith Theegala,10.81,627.02,58
25,Hideki Matsuyama,10.59,550.57,52
26,Thomas Detry,10.54,548.01,52
27,Collin Morikawa,10.35,527.83,51
28,Akshay Bhatia,10.32,526.33,51
29,Si Woo Kim,10.24,573.60,56
30,Kevin Yu,10.16,558.63,55
31,J.T. Poston,10.11,606.59,60
32,Jason Day,10.08,544.15,54
33,Xander Schauffele,10.06,553.24,55
34,Patrick Cantlay,9.99,549.35,55
35,Matt McCarty,9.95,567.08,57
36,Cameron Young,9.93,486.48,49
37,Tony Finau,9.87,453.99,46
38,Nick Taylor,9.84,570.88,58
39,Russell Henley,9.79,528.46,54
40,Max Greyserman,9.74,506.38,52
41,Max Homa,9.71,504.77,52
42,Sungjae Im,9.57,554.90,58
43,Wyndham Clark,9.56,487.51,51
44,Christiaan Bezuidenhout,9.51,503.83,53
45,Nick Dunlap,9.47,511.14,54
46,Corey Conners,9.37,506.22,54
47,Peter Malnati,9.26,527.97,57
48,Taylor Pendrith,9.23,516.99,56
49,Rafael Campos,8.74,419.53,48
50,Will Zalatoris,8.65,467.25,54
51,Robert MacIntyre,8.38,494.25,59
52,Adam Scott,8.08,395.79,49
53,Jhonattan Vegas,7.80,350.91,45
54,Aaron Rai,7.77,396.18,51
55,Jake Knapp,7.76,380.38,49
56,Maverick McNealy,7.70,439.16,57
57,Chris Gotterup,6.98,334.89,48
58,Matt Fitzpatrick,6.01,324.61,54
