rank,player,Avg,Total Apex Range,Total Attempts
1,Taylor Pendrith,201.6,"11,288.1",56
2,Wyndham Clark,199.8,"10,190.4",51
3,Ludvig Åberg,198.5,"10,324.5",52
4,Xander Schauffele,197.1,"10,838.6",55
5,Jhonattan Vegas,196.5,"8,840.6",45
6,Byeong Hun An,196.4,"9,820.6",50
7,Justin Thomas,196.1,"10,982.0",56
8,Tony Finau,195.8,"9,005.6",46
9,Cam Davis,195.2,"9,757.9",50
10,Nick Dunlap,194.8,"10,520.8",54
11,Chris Gotterup,193.7,"9,296.7",48
12,Thomas Detry,193.6,"10,065.9",52
13,Max Homa,193.5,"10,062.3",52
14,Davis Thompson,193.4,"11,413.2",59
15,Keegan Bradley,191.8,"10,356.1",54
15,Viktor Hovland,191.8,"11,315.3",59
17,Stephan Jaeger,191.3,"10,332.4",54
18,Max Greyserman,191.0,"9,933.4",52
19,Matthieu Pavon,190.4,"10,663.6",56
20,Eric Cole,190.3,"10,844.4",57
20,Corey Conners,190.3,"10,274.6",54
22,Chris Kirk,189.6,"9,477.8",50
22,Kevin Yu,189.6,"10,427.8",55
24,Peter Malnati,189.5,"10,799.4",57
25,Patrick Cantlay,189.4,"10,418.1",55
26,Cameron Young,188.9,"9,255.1",49
27,Jake Knapp,188.8,"9,250.8",49
28,Sungjae Im,188.7,"10,945.5",58
29,Adam Scott,188.4,"9,231.4",49
30,Sam Burns,188.2,"8,844.7",47
31,Adam Hadwin,187.5,"10,122.8",54
32,Collin Morikawa,187.4,"9,556.6",51
33,Harry Hall,187.2,"9,174.4",49
33,Hideki Matsuyama,187.2,"9,733.8",52
35,Sahith Theegala,186.9,"10,841.9",58
36,Akshay Bhatia,186.7,"9,522.8",51
36,Matt Fitzpatrick,186.7,"10,082.6",54
38,J.T. Poston,186.2,"11,173.3",60
39,Matt McCarty,185.9,"10,595.0",57
40,Denny McCarthy,184.9,"10,170.6",55
41,Jason Day,184.8,"9,977.4",54
41,Billy Horschel,184.8,"9,609.4",52
43,Nico Echavarria,184.7,"10,897.9",59
44,Sepp Straka,184.3,"10,688.8",58
45,Robert MacIntyre,184.0,"10,858.0",59
46,Aaron Rai,183.6,"9,362.5",51
47,Will Zalatoris,182.9,"9,879.1",54
48,Patton Kizzire,182.7,"10,233.9",56
48,Maverick McNealy,182.7,"10,412.5",57
50,Si Woo Kim,182.6,"10,223.7",56
51,Austin Eckroat,182.0,"9,828.4",54
52,Nick Taylor,180.9,"10,491.5",58
53,Rafael Campos,179.9,"8,634.5",48
54,Brian Harman,177.7,"10,307.4",58
55,Russell Henley,177.2,"9,567.3",54
56,Tom Hoge,175.9,"9,325.1",53
57,Christiaan Bezuidenhout,175.3,"9,291.5",53
58,Brice Garnett,172.2,"9,816.4",57
