rank,player,Avg,Total Dist. to Impact,Total Attempts
1,Byeong Hun An,298.0,"14,603.9",49
2,Ludvig Åberg,297.6,"15,476.1",52
3,Wyndham Clark,295.8,"15,086.3",51
4,Taylor Pendrith,294.5,"16,493.9",56
5,Nick Dunlap,293.9,"14,989.2",51
5,Xander Schauffele,293.9,"16,163.7",55
7,Justin Thomas,291.9,"16,349.2",56
8,Davis Thompson,291.5,"17,196.5",59
9,Jhonattan Vegas,291.0,"12,514.2",43
10,Stephan Jaeger,290.9,"15,708.5",54
11,Viktor Hovland,290.8,"17,155.1",59
12,Keegan Bradley,289.7,"15,644.0",54
13,Tony Finau,289.3,"13,306.5",46
14,Cam Davis,289.2,"14,461.7",50
15,Thomas Detry,289.0,"14,738.7",51
16,Max Greyserman,287.8,"14,964.7",52
16,Matthieu Pavon,287.8,"15,827.7",55
18,Patrick Cantlay,287.4,"15,806.5",55
19,Kevin Yu,287.0,"15,784.8",55
20,Chris Gotterup,286.8,"13,765.7",48
21,Sahith Theegala,286.3,"15,460.7",54
22,Harry Hall,285.4,"13,701.3",48
23,Cameron Young,285.3,"13,694.8",48
24,Sam Burns,284.4,"13,084.1",46
24,Eric Cole,284.4,"15,928.1",56
26,Hideki Matsuyama,283.3,"14,446.8",51
27,Akshay Bhatia,283.1,"14,437.2",51
27,Billy Horschel,283.1,"14,718.9",52
29,Chris Kirk,282.9,"13,864.4",49
30,Adam Hadwin,282.6,"14,980.1",53
30,Sungjae Im,282.6,"16,389.5",58
30,Jake Knapp,282.6,"13,281.6",47
33,Collin Morikawa,282.4,"14,403.1",51
34,Max Homa,282.1,"14,668.3",52
35,Adam Scott,281.9,"13,532.6",48
36,Corey Conners,281.8,"15,216.7",54
37,Jason Day,281.3,"14,907.4",53
38,Will Zalatoris,280.8,"14,041.8",50
39,Sepp Straka,280.7,"16,282.6",58
40,Peter Malnati,279.7,"15,945.2",57
41,Nico Echavarria,278.7,"16,162.9",58
42,J.T. Poston,278.6,"16,716.5",60
43,Patton Kizzire,278.4,"15,593.1",56
44,Denny McCarthy,278.3,"15,305.3",55
45,Rafael Campos,278.0,"12,512.2",45
46,Austin Eckroat,277.8,"14,999.3",54
47,Matt Fitzpatrick,277.2,"14,139.7",51
48,Si Woo Kim,276.2,"15,469.7",56
48,Robert MacIntyre,276.2,"15,741.9",57
50,Matt McCarty,274.3,"15,637.8",57
51,Maverick McNealy,273.7,"15,328.3",56
52,Brian Harman,272.0,"15,773.5",58
53,Nick Taylor,271.0,"15,176.5",56
54,Tom Hoge,270.8,"13,537.5",50
55,Russell Henley,269.5,"14,552.5",54
56,Aaron Rai,268.2,"13,678.2",51
57,Christiaan Bezuidenhout,266.8,"13,875.2",52
58,Brice Garnett,265.2,"15,118.0",57
