rank,player,Avg,Total Strokes,Total Early Rounds
1,Patrick Reed,65.00,65,1
2,Jim Herman,68.00,136,2
2,Jordan Spieth,68.00,204,3
4,Jason Day,69.00,69,1
4,Russell Knox,69.00,69,1
4,Pat Perez,69.00,138,2
7,Cody Gribble,69.33,208,3
8,Brendan Steele,69.50,139,2
9,Tony Finau,70.00,70,1
9,Fabián Gómez,70.00,70,1
9,Rod Pampling,70.00,210,3
12,Charley Hoffman,70.25,281,4
13,Aaron Baddeley,71.00,213,3
13,James Hahn,71.00,284,4
13,Brian Stuard,71.00,284,4
16,Vaughn Taylor,71.25,285,4
17,Bubba Watson,71.33,214,3
18,Mackenzie Hughes,71.50,286,4
19,Greg Chalmers,71.75,287,4
20,Si Woo Kim,72.33,217,3
21,Billy Hurley III,72.75,291,4
22,Branden Grace,73.25,293,4
23,Jhonattan Vegas,73.33,220,3
