rank,player,%,Successes,Attempts,RTP-Successes,RTP-Not going for the grn
1,Justin Leonard,38.46,5,13,-3,-1.00
2,Stuart Appleby,36.84,7,19,-6,-1.00
3,Frank Lickliter II,33.33,4,12,-3,+2.00
3,Adam Scott,33.33,5,15,-6,+2.00
5,Tiger Woods,32.00,8,25,-8,-1.00
6,Scott Hoch,30.77,4,13,-4,-2.00
7,Tommy Armour III,29.41,5,17,-3,-3.00
8,Shigeki Maruyama,26.67,4,15,-3,E
9,Ernie Els,26.09,6,23,-4,+2.00
10,Davis Love III,24.00,6,25,-5,-1.00
11,Darren Clarke,23.81,5,21,-5,E
12,Vijay Singh,23.08,6,26,-4,E
13,Peter Jacobsen,21.43,3,14,-3,E
14,Fred Couples,21.05,4,19,-6,+2.00
14,John Huston,21.05,4,19,+1,+1.00
14,Shaun Micheel,21.05,4,19,-4,-1.00
17,Chad Campbell,20.00,3,15,-3,+1.00
17,Jonathan Kaye,20.00,3,15,-2,-1.00
17,Mike Weir,20.00,3,15,-3,-1.00
20,Rory Sabbatini,15.79,3,19,-1,-2.00
21,Ben Crane,13.33,2,15,-2,-3.00
21,Ben Curtis,13.33,2,15,-1,+1.00
23,Kenny Perry,12.50,2,16,-2,-1.00
24,Steve Flesch,11.76,2,17,-2,-1.00
25,Retief Goosen,11.11,2,18,-2,+2.00
26,Jim Furyk,7.69,1,13,-1,+5.00
27,Kirk Triplett,6.67,1,15,-1,-4.00
28,Craig Stadler,5.88,1,17,-1,+2.00
29,J.L. Lewis,5.26,1,19,-1,+5.00
30,Bob Tway,.00,0,16,E,+1.00
