rank,player,%,Attempts,Non-Attempts,RTP-Going for the green,RTP-Not going for the grn
1,Davis Love III,92.31,24,2,-15,-1
1,Vijay Singh,92.31,24,2,-17,E
3,Ernie Els,88.46,23,3,-8,+2
4,Tiger Woods,84.62,22,4,-13,-1
5,Darren Clarke,80.77,21,5,-10,E
6,Stuart Appleby,73.08,19,7,-13,-1
6,Fred Couples,73.08,19,7,-15,+2
6,John Huston,73.08,19,7,-6,+1
6,J.L. Lewis,73.08,19,7,-13,+5
6,Shaun Micheel,73.08,19,7,-11,-1
11,Retief Goosen,69.23,18,8,-12,+2
12,Tommy Armour III,65.38,17,9,-8,-3
12,Steve Flesch,65.38,17,9,-8,-1
12,Rory Sabbatini,65.38,17,9,-3,-2
15,Kenny Perry,61.54,16,10,-5,-1
15,Craig Stadler,61.54,16,10,-3,+2
15,Bob Tway,61.54,16,10,-4,+1
18,Chad Campbell,57.69,15,11,-7,+1
18,Ben Crane,57.69,15,11,-6,-3
18,Ben Curtis,57.69,15,11,-6,+1
18,Jonathan Kaye,57.69,15,11,-4,-1
18,Shigeki Maruyama,57.69,15,11,-6,E
18,Adam Scott,57.69,15,11,-10,+2
18,Kirk Triplett,57.69,15,11,-10,-4
18,Mike Weir,57.69,15,11,-5,-1
26,Peter Jacobsen,53.85,14,12,-6,E
27,Jim Furyk,50.00,13,13,-5,+5
27,Scott Hoch,50.00,13,13,-8,-2
27,Justin Leonard,50.00,13,13,-5,-1
30,Frank Lickliter II,46.15,12,14,-6,+2
