rank,player,%,Attempts
1,Davis Love III,100.00,16
1,Vijay Singh,100.00,16
3,Stuart Appleby,93.75,15
3,Darren Clarke,93.75,15
3,Ernie Els,93.75,15
3,Steve Flesch,93.75,15
3,Shaun Micheel,93.75,15
8,Retief Goosen,87.50,14
8,John Huston,87.50,14
8,J.L. Lewis,87.50,14
8,Tiger Woods,87.50,14
12,Kenny Perry,81.25,13
12,Rory Sabbatini,81.25,13
12,Craig Stadler,81.25,13
15,Tommy Armour III,75.00,12
15,Chad Campbell,75.00,12
15,Jonathan Kaye,75.00,12
15,Adam Scott,75.00,12
15,Bob Tway,75.00,12
20,Fred Couples,68.75,11
20,Peter Jacobsen,68.75,11
20,Shigeki Maruyama,68.75,11
20,Mike Weir,68.75,11
24,Ben Crane,62.50,10
24,Jim Furyk,62.50,10
24,Scott Hoch,62.50,10
24,Frank Lickliter II,62.50,10
28,Ben Curtis,56.25,9
28,Justin Leonard,56.25,9
28,Kirk Triplett,56.25,9
