rank,player,%,# of Birdie or Better,Attempts,RTP-Successes,RTP-Not going for the grn
1,Stuart Appleby,73.68,14,19,-14,-1.00
2,Fred Couples,68.42,13,19,-15,+2.00
3,Retief Goosen,66.67,12,18,-13,+2.00
3,Adam Scott,66.67,10,15,-11,+2.00
3,Kirk Triplett,66.67,10,15,-10,-4.00
6,Vijay Singh,65.38,17,26,-17,E
7,Davis Love III,64.00,16,25,-16,-1.00
8,Scott Hoch,61.54,8,13,-8,-2.00
9,Tiger Woods,60.00,15,25,-16,-1.00
10,J.L. Lewis,57.89,11,19,-13,+5.00
10,Shaun Micheel,57.89,11,19,-11,-1.00
12,Mike Weir,53.33,8,15,-8,-1.00
13,Darren Clarke,52.38,11,21,-11,E
14,Frank Lickliter II,50.00,6,12,-7,+2.00
15,John Huston,47.37,9,19,-9,+1.00
16,Tommy Armour III,47.06,8,17,-8,-3.00
16,Steve Flesch,47.06,8,17,-8,-1.00
18,Shigeki Maruyama,46.67,7,15,-7,E
19,Justin Leonard,46.15,6,13,-6,-1.00
20,Ernie Els,43.48,10,23,-10,+2.00
21,Peter Jacobsen,42.86,6,14,-6,E
22,Ben Crane,40.00,6,15,-7,-3.00
22,Ben Curtis,40.00,6,15,-6,+1.00
22,Jonathan Kaye,40.00,6,15,-6,-1.00
25,Jim Furyk,38.46,5,13,-5,+5.00
26,Chad Campbell,33.33,5,15,-7,+1.00
27,Kenny Perry,31.25,5,16,-5,-1.00
27,Bob Tway,31.25,5,16,-5,+1.00
29,Craig Stadler,29.41,5,17,-5,+2.00
30,Rory Sabbatini,26.32,5,19,-5,-2.00
