rank,player,%,Greens Hit,Total Holes,Relative to par
1,Zach Johnson,100.00,37,37,-0.41
2,Lucas Glover,97.73,43,44,-0.49
3,Matt Kuchar,97.67,42,43,-0.45
3,John Rollins,97.67,42,43,-0.45
5,Stephen Ames,95.12,39,41,-0.41
6,Geoff Ogilvy,94.74,36,38,-0.53
7,Kenny Perry,94.59,35,37,-0.40
8,Brian Gay,93.75,30,32,-0.33
9,Retief Goosen,92.86,39,42,-0.54
10,Sean O'Hair,92.68,38,41,-0.61
11,Martin Laird,91.11,41,45,-0.51
12,Stewart Cink,90.24,37,41,-0.59
12,Troy Matteson,90.24,37,41,-0.32
12,Ryan Moore,90.24,37,41,-0.38
15,Rory Sabbatini,89.47,34,38,-0.59
16,Michael Bradley,89.29,25,28,-0.28
17,Dustin Johnson,88.89,40,45,-0.53
18,Y.E. Yang,88.37,38,43,-0.42
19,Pat Perez,88.10,37,42,-0.46
20,Nick Watney,87.23,41,47,-0.46
21,Heath Slocum,87.18,34,39,-0.29
22,Mark Wilson,86.84,33,38,-0.33
23,Jerry Kelly,86.49,32,37,-0.47
23,Steve Stricker,86.49,32,37,-0.38
25,Bo Van Pelt,84.21,32,38,-0.44
26,Nathan Green,82.86,29,35,-0.41
27,Paul Casey,82.35,28,34,-0.75
28,Ángel Cabrera,81.82,36,44,-0.42
