rank,player,%,Greens Hit,# of holes
1,Rory Sabbatini,94.12,16,17
2,Stephen Ames,90.91,10,11
2,Matt Kuchar,90.91,10,11
4,Sean O'Hair,90.48,19,21
5,Brian Gay,90.00,9,10
6,Troy Matteson,89.47,17,19
7,Nick Watney,86.96,20,23
8,Kenny Perry,86.67,13,15
8,John Rollins,86.67,13,15
10,Martin Laird,86.36,19,22
11,Lucas Glover,83.33,15,18
12,Ryan Moore,81.82,9,11
13,Y.E. Yang,81.25,13,16
14,Ángel Cabrera,80.00,20,25
14,Zach Johnson,80.00,12,15
16,Steve Stricker,78.57,11,14
17,Stewart Cink,77.78,14,18
18,Geoff Ogilvy,70.59,12,17
19,Dustin Johnson,69.23,18,26
19,Pat Perez,69.23,9,13
21,Retief Goosen,68.75,11,16
22,Paul Casey,62.50,15,24
22,Nathan Green,62.50,10,16
24,Jerry Kelly,61.11,11,18
25,Bo Van Pelt,60.00,9,15
26,Heath Slocum,56.25,9,16
27,Mark Wilson,53.85,7,13
28,Michael Bradley,52.63,10,19
