rank,player,%,Greens Hit,Total Holes,Relative to par
1,Pat Perez,100.00,11,11,-0.09
2,Ángel Cabrera,87.50,7,8,E
3,Ryan Moore,85.71,12,14,E
4,Matt Kuchar,83.33,10,12,-0.10
5,Rory Sabbatini,81.82,9,11,-0.22
6,Zach Johnson,80.00,8,10,+0.25
7,Stewart Cink,75.00,9,12,+0.22
7,Sean O'Hair,75.00,9,12,+0.11
9,Paul Casey,72.73,8,11,+0.13
9,Lucas Glover,72.73,8,11,-0.13
9,Y.E. Yang,72.73,8,11,+0.13
12,Troy Matteson,70.00,7,10,+0.14
12,John Rollins,70.00,7,10,+0.14
14,Kenny Perry,66.67,8,12,-0.25
14,Nick Watney,66.67,6,9,+0.17
16,Michael Bradley,62.50,10,16,E
16,Martin Laird,62.50,5,8,E
18,Stephen Ames,60.00,6,10,+0.17
18,Jerry Kelly,60.00,9,15,+0.11
18,Steve Stricker,60.00,6,10,E
21,Retief Goosen,54.55,6,11,E
21,Geoff Ogilvy,54.55,6,11,-0.33
23,Heath Slocum,53.85,7,13,E
24,Brian Gay,53.33,8,15,-0.25
25,Bo Van Pelt,50.00,6,12,-0.17
26,Nathan Green,46.67,7,15,-0.29
27,Mark Wilson,46.15,6,13,+0.33
28,Dustin Johnson,36.36,4,11,-0.25
