rank,player,%,Greens Hit,Total Holes,Relative to par
1,Stephen Ames,100.00,8,8,-0.25
1,Paul Casey,100.00,9,9,-0.22
1,Stewart Cink,100.00,8,8,+0.25
1,Lucas Glover,100.00,5,5,-0.20
1,Dustin Johnson,100.00,6,6,-0.17
1,Ryan Moore,100.00,6,6,-0.33
1,Pat Perez,100.00,9,9,-0.22
1,Heath Slocum,100.00,8,8,-0.13
1,Mark Wilson,100.00,7,7,-0.29
10,Steve Stricker,90.91,10,11,-0.10
11,Rory Sabbatini,90.00,9,10,-0.11
12,Michael Bradley,88.89,8,9,-0.38
13,Kenny Perry,87.50,7,8,-0.43
13,Y.E. Yang,87.50,7,8,-0.43
15,Brian Gay,85.71,6,7,-0.17
15,Matt Kuchar,85.71,6,7,-0.33
15,Troy Matteson,85.71,6,7,E
18,Jerry Kelly,83.33,5,6,-0.20
19,Ángel Cabrera,81.82,9,11,-0.22
20,Martin Laird,80.00,8,10,E
20,Geoff Ogilvy,80.00,8,10,-0.13
20,Nick Watney,80.00,4,5,E
23,Retief Goosen,75.00,6,8,-0.17
23,Nathan Green,75.00,6,8,+0.17
25,Zach Johnson,72.73,8,11,-0.13
26,John Rollins,71.43,5,7,E
27,Bo Van Pelt,66.67,4,6,E
28,Sean O'Hair,60.00,3,5,-0.33
