rank,player,%,Greens Hit,Total Holes,Relative to par
1,Lucas Glover,100.00,36,36,-0.58
1,Retief Goosen,100.00,32,32,-0.63
1,Zach Johnson,100.00,29,29,-0.48
1,Martin Laird,100.00,32,32,-0.53
5,Matt Kuchar,97.06,33,34,-0.48
5,John Rollins,97.06,33,34,-0.55
7,Geoff Ogilvy,96.97,32,33,-0.56
7,Y.E. Yang,96.97,32,33,-0.44
9,Stewart Cink,96.88,31,32,-0.61
10,Ryan Moore,96.67,29,30,-0.45
11,Mark Wilson,96.43,27,28,-0.37
12,Brian Gay,95.24,20,21,-0.45
13,Dustin Johnson,94.87,37,39,-0.54
14,Stephen Ames,93.55,29,31,-0.48
15,Kenny Perry,93.33,28,30,-0.39
16,Troy Matteson,93.10,27,29,-0.33
17,Jerry Kelly,92.86,26,28,-0.42
18,Steve Stricker,92.31,24,26,-0.46
19,Rory Sabbatini,91.18,31,34,-0.61
20,Nick Watney,90.91,30,33,-0.53
21,Sean O'Hair,90.32,28,31,-0.68
22,Paul Casey,89.29,25,28,-0.76
23,Pat Perez,88.89,32,36,-0.50
24,Michael Bradley,88.24,15,17,-0.33
25,Ángel Cabrera,86.84,33,38,-0.45
26,Heath Slocum,86.21,25,29,-0.40
27,Bo Van Pelt,85.71,24,28,-0.50
28,Nathan Green,80.00,20,25,-0.40
