rank,player,%,Greens Hit,Total Holes,Relative to par
1,Pat Perez,91.43,32,35,-0.06
2,Stephen Ames,87.50,35,40,-0.09
3,Ryan Moore,85.71,36,42,-0.14
4,Stewart Cink,84.62,33,39,E
5,John Rollins,83.33,30,36,-0.03
6,Lucas Glover,82.35,28,34,-0.04
7,Matt Kuchar,81.58,31,38,-0.19
8,Zach Johnson,80.95,34,42,-0.09
8,Kenny Perry,80.95,34,42,-0.38
10,Troy Matteson,80.49,33,41,-0.06
11,Michael Bradley,79.63,43,54,-0.19
12,Sean O'Hair,79.49,31,39,-0.16
13,Rory Sabbatini,78.95,30,38,-0.13
14,Geoff Ogilvy,76.32,29,38,-0.28
14,Y.E. Yang,76.32,29,38,-0.17
16,Steve Stricker,76.09,35,46,-0.14
17,Nick Watney,74.36,29,39,-0.07
18,Ángel Cabrera,73.53,25,34,-0.16
19,Nathan Green,73.33,33,45,-0.27
20,Heath Slocum,73.17,30,41,-0.07
21,Paul Casey,72.73,32,44,-0.09
22,Martin Laird,70.00,28,40,-0.14
23,Bo Van Pelt,69.77,30,43,-0.13
24,Mark Wilson,66.67,28,42,-0.11
25,Dustin Johnson,65.63,21,32,-0.19
26,Brian Gay,64.71,33,51,-0.18
27,Jerry Kelly,64.29,27,42,-0.15
28,Retief Goosen,64.10,25,39,-0.16
