rank,player,%,Greens Hit,Total Holes,Relative to par
1,Stephen Ames,100.00,10,10,-0.20
1,Zach Johnson,100.00,8,8,-0.13
1,Matt Kuchar,100.00,9,9,-0.33
1,Sean O'Hair,100.00,10,10,-0.40
1,Kenny Perry,100.00,7,7,-0.43
1,John Rollins,100.00,9,9,-0.11
7,Michael Bradley,90.91,10,11,-0.20
7,Brian Gay,90.91,10,11,-0.10
9,Nathan Green,90.00,9,10,-0.44
9,Heath Slocum,90.00,9,10,E
11,Lucas Glover,87.50,7,8,E
12,Troy Matteson,83.33,10,12,-0.30
12,Pat Perez,83.33,5,6,-0.20
14,Geoff Ogilvy,80.00,4,5,-0.25
14,Bo Van Pelt,80.00,8,10,-0.25
16,Nick Watney,78.57,11,14,-0.27
17,Rory Sabbatini,75.00,3,4,-0.33
18,Ryan Moore,72.73,8,11,-0.13
18,Steve Stricker,72.73,8,11,-0.13
20,Retief Goosen,70.00,7,10,-0.14
21,Martin Laird,69.23,9,13,-0.44
22,Stewart Cink,66.67,6,9,-0.50
22,Jerry Kelly,66.67,6,9,-0.67
24,Mark Wilson,60.00,6,10,-0.17
24,Y.E. Yang,60.00,6,10,-0.33
26,Ángel Cabrera,50.00,3,6,E
26,Paul Casey,50.00,3,6,-0.67
26,Dustin Johnson,50.00,3,6,-0.33
