rank,player,%,Total Hit,Total Attempts,RTP Score
1,Ryan Moore,91.67,66,72,-18.00
1,John Rollins,91.67,66,72,-19.00
3,Stewart Cink,90.28,65,72,-18.00
3,Zach Johnson,90.28,65,72,-17.00
3,Matt Kuchar,90.28,65,72,-22.00
3,Pat Perez,90.28,65,72,-18.00
7,Stephen Ames,88.89,64,72,-17.00
7,Lucas Glover,88.89,64,72,-22.00
9,Geoff Ogilvy,87.50,63,72,-26.00
9,Kenny Perry,87.50,63,72,-24.00
9,Rory Sabbatini,87.50,63,72,-24.00
12,Y.E. Yang,86.11,62,72,-19.00
13,Ángel Cabrera,84.72,61,72,-20.00
13,Steve Stricker,84.72,61,72,-17.00
15,Martin Laird,83.33,60,72,-21.00
15,Troy Matteson,83.33,60,72,-11.00
17,Paul Casey,81.94,59,72,-23.00
17,Dustin Johnson,81.94,59,72,-23.00
17,Sean O'Hair,81.94,59,72,-24.00
17,Nick Watney,81.94,59,72,-18.00
21,Michael Bradley,80.56,58,72,-13.00
21,Bo Van Pelt,80.56,58,72,-17.00
23,Retief Goosen,79.17,57,72,-24.00
24,Brian Gay,77.78,56,72,-15.00
25,Heath Slocum,76.39,55,72,-12.00
25,Mark Wilson,76.39,55,72,-13.00
27,Nathan Green,75.00,54,72,-17.00
27,Jerry Kelly,75.00,54,72,-16.00
