rank,player,%,Greens Hit,Total Holes,Relative to par
1,Michael Bradley,100.00,10,10,-0.40
1,Brian Gay,100.00,12,12,-0.33
1,Lucas Glover,100.00,25,25,-0.64
1,Retief Goosen,100.00,25,25,-0.68
1,Zach Johnson,100.00,20,20,-0.60
1,Martin Laird,100.00,26,26,-0.58
1,Ryan Moore,100.00,21,21,-0.62
1,Kenny Perry,100.00,19,19,-0.53
1,Steve Stricker,100.00,19,19,-0.53
10,Dustin Johnson,96.30,26,27,-0.62
10,Sean O'Hair,96.30,26,27,-0.69
10,Nick Watney,96.30,26,27,-0.58
13,John Rollins,96.00,24,25,-0.63
14,Pat Perez,95.83,23,24,-0.61
15,Stewart Cink,95.65,22,23,-0.55
15,Y.E. Yang,95.65,22,23,-0.59
17,Stephen Ames,95.45,21,22,-0.57
17,Matt Kuchar,95.45,21,22,-0.62
19,Geoff Ogilvy,95.24,20,21,-0.70
20,Mark Wilson,93.75,15,16,-0.53
21,Troy Matteson,91.30,21,23,-0.43
22,Paul Casey,90.00,18,20,-0.94
23,Rory Sabbatini,89.66,26,29,-0.65
24,Jerry Kelly,89.47,17,19,-0.41
25,Ángel Cabrera,89.29,25,28,-0.56
26,Heath Slocum,88.89,16,18,-0.44
27,Bo Van Pelt,88.24,15,17,-0.60
28,Nathan Green,84.21,16,19,-0.50
