rank,player,%,Greens Hit,Total Holes,Relative to par
1,Stephen Ames,100.00,9,9,E
1,Stewart Cink,100.00,5,5,E
1,Lucas Glover,100.00,4,4,+0.25
1,Dustin Johnson,100.00,2,2,+0.50
1,Pat Perez,100.00,4,4,+0.50
1,John Rollins,100.00,2,2,-0.50
1,Y.E. Yang,100.00,5,5,-0.20
8,Nathan Green,87.50,7,8,-0.14
8,Zach Johnson,87.50,7,8,-0.43
8,Sean O'Hair,87.50,7,8,-0.14
8,Geoff Ogilvy,87.50,7,8,-0.43
8,Steve Stricker,87.50,7,8,-0.14
13,Ryan Moore,85.71,6,7,-0.17
14,Troy Matteson,83.33,5,6,E
15,Kenny Perry,81.82,9,11,-0.33
15,Bo Van Pelt,81.82,9,11,-0.11
17,Michael Bradley,75.00,9,12,-0.11
17,Rory Sabbatini,75.00,6,8,E
17,Mark Wilson,75.00,6,8,-0.33
20,Paul Casey,69.23,9,13,-0.11
21,Ángel Cabrera,66.67,4,6,-0.25
21,Martin Laird,66.67,2,3,E
21,Heath Slocum,66.67,4,6,-0.25
21,Nick Watney,66.67,2,3,E
25,Brian Gay,57.14,8,14,-0.25
25,Jerry Kelly,57.14,4,7,E
27,Retief Goosen,42.86,3,7,E
28,Matt Kuchar,33.33,2,6,E
