rank,player,%,Greens Hit,Total Holes,Relative to par
1,Stewart Cink,100.00,9,9,-0.78
1,Lucas Glover,100.00,11,11,-0.45
1,Retief Goosen,100.00,7,7,-0.43
1,Zach Johnson,100.00,9,9,-0.22
1,Jerry Kelly,100.00,9,9,-0.44
1,Matt Kuchar,100.00,12,12,-0.25
1,Martin Laird,100.00,6,6,-0.33
1,Troy Matteson,100.00,6,6,E
1,Geoff Ogilvy,100.00,12,12,-0.33
1,John Rollins,100.00,9,9,-0.33
1,Rory Sabbatini,100.00,5,5,-0.40
1,Mark Wilson,100.00,12,12,-0.17
1,Y.E. Yang,100.00,10,10,-0.10
14,Dustin Johnson,91.67,11,12,-0.36
15,Stephen Ames,88.89,8,9,-0.25
15,Brian Gay,88.89,8,9,-0.63
15,Ryan Moore,88.89,8,9,E
18,Paul Casey,87.50,7,8,-0.29
19,Kenny Perry,81.82,9,11,-0.11
19,Heath Slocum,81.82,9,11,-0.33
19,Bo Van Pelt,81.82,9,11,-0.33
22,Ángel Cabrera,80.00,8,10,-0.13
23,Pat Perez,75.00,9,12,-0.22
24,Michael Bradley,71.43,5,7,-0.20
24,Steve Stricker,71.43,5,7,-0.20
26,Nathan Green,66.67,4,6,E
26,Nick Watney,66.67,4,6,-0.25
28,Sean O'Hair,50.00,2,4,-0.50
