rank,player,%,Greens Hit,# of Holes
1,Stephen Ames,95.92,47,49
2,Geoff Ogilvy,95.35,41,43
3,Lucas Glover,92.86,39,42
4,Pat Perez,91.49,43,47
5,Dustin Johnson,91.18,31,34
6,Zach Johnson,91.11,41,45
6,Kenny Perry,91.11,41,45
8,Stewart Cink,90.48,38,42
9,Michael Bradley,90.24,37,41
10,Ryan Moore,89.80,44,49
11,Martin Laird,89.47,34,38
12,Paul Casey,88.89,32,36
12,John Rollins,88.89,40,45
14,Retief Goosen,88.64,39,44
14,Y.E. Yang,88.64,39,44
16,Rory Sabbatini,88.37,38,43
17,Matt Kuchar,87.76,43,49
18,Mark Wilson,87.23,41,47
19,Steve Stricker,86.96,40,46
20,Bo Van Pelt,86.67,39,45
21,Heath Slocum,86.36,38,44
22,Nick Watney,83.78,31,37
23,Troy Matteson,82.93,34,41
24,Ángel Cabrera,80.00,28,35
25,Nathan Green,79.55,35,44
26,Sean O'Hair,79.49,31,39
27,Jerry Kelly,78.57,33,42
28,Brian Gay,72.00,36,50
