rank,player,%,Greens Hit,Total Holes,Relative to par
1,Michael Bradley,100.00,6,6,-0.33
1,Stewart Cink,100.00,5,5,-0.20
1,Retief Goosen,100.00,3,3,-0.67
1,Nathan Green,100.00,4,4,-0.75
1,Matt Kuchar,100.00,4,4,E
1,Ryan Moore,100.00,4,4,-0.25
1,Geoff Ogilvy,100.00,4,4,-0.25
8,John Rollins,87.50,7,8,E
9,Dustin Johnson,85.71,6,7,-0.33
10,Troy Matteson,83.33,5,6,E
11,Kenny Perry,75.00,3,4,-0.67
11,Bo Van Pelt,75.00,3,4,E
11,Nick Watney,75.00,6,8,E
11,Mark Wilson,75.00,3,4,E
11,Y.E. Yang,75.00,3,4,E
16,Stephen Ames,66.67,2,3,E
16,Ángel Cabrera,66.67,2,3,-0.50
16,Lucas Glover,66.67,4,6,E
16,Martin Laird,66.67,4,6,E
16,Steve Stricker,66.67,4,6,-0.50
21,Paul Casey,60.00,3,5,+0.33
21,Zach Johnson,60.00,3,5,E
21,Jerry Kelly,60.00,3,5,E
21,Pat Perez,60.00,3,5,E
21,Rory Sabbatini,60.00,3,5,E
26,Sean O'Hair,50.00,2,4,E
26,Heath Slocum,50.00,2,4,E
28,Brian Gay,25.00,1,4,E
