rank,player,Avg,Total Strokes,Total Holes
1,Collin Morikawa,32.00,128,4
2,Thomas Detry,32.50,130,4
2,Hideki Matsuyama,32.50,130,4
4,Corey Conners,32.75,131,4
4,Sungjae Im,32.75,131,4
6,Stephan Jaeger,33.00,132,4
6,Robert MacIntyre,33.00,132,4
8,Ludvig Åberg,33.50,134,4
8,Byeong Hun An,33.50,134,4
8,Keegan Bradley,33.50,134,4
8,Sam Burns,33.50,134,4
8,Cam Davis,33.50,134,4
8,Tony Finau,33.50,134,4
14,Maverick McNealy,33.75,135,4
14,Aaron Rai,33.75,135,4
14,Sepp Straka,33.75,135,4
14,Davis Thompson,33.75,135,4
14,Jhonattan Vegas,33.75,135,4
19,Akshay Bhatia,34.00,136,4
19,Patrick Cantlay,34.00,136,4
19,Max Greyserman,34.00,136,4
22,Austin Eckroat,34.25,137,4
22,Matt Fitzpatrick,34.25,137,4
22,Russell Henley,34.25,137,4
22,Tom Hoge,34.25,137,4
22,Max Homa,34.25,137,4
22,Xander Schauffele,34.25,137,4
22,Adam Scott,34.25,137,4
22,Sahith Theegala,34.25,137,4
22,Justin Thomas,34.25,137,4
31,Wyndham Clark,34.50,138,4
31,Nico Echavarria,34.50,138,4
31,Matthieu Pavon,34.50,138,4
31,Taylor Pendrith,34.50,138,4
31,Cameron Young,34.50,138,4
36,Christiaan Bezuidenhout,34.75,139,4
36,Eric Cole,34.75,139,4
36,Harry Hall,34.75,139,4
36,Kevin Yu,34.75,139,4
40,Jason Day,35.00,140,4
40,Chris Gotterup,35.00,140,4
40,Adam Hadwin,35.00,140,4
40,Viktor Hovland,35.00,140,4
40,Will Zalatoris,35.00,140,4
45,Si Woo Kim,35.25,141,4
45,Chris Kirk,35.25,141,4
45,Patton Kizzire,35.25,141,4
45,Jake Knapp,35.25,141,4
45,Matt McCarty,35.25,141,4
50,Billy Horschel,35.50,142,4
50,Denny McCarthy,35.50,142,4
50,J.T. Poston,35.50,142,4
53,Nick Dunlap,35.75,143,4
53,Brice Garnett,35.75,143,4
53,Peter Malnati,35.75,143,4
56,Brian Harman,36.00,144,4
56,Nick Taylor,36.00,144,4
58,Rafael Campos,36.50,146,4
