rank,player,Avg,Total Strokes,Total Rounds
1,Wyndham Clark,30.00,30,1
1,Sepp Straka,30.00,30,1
3,Corey Conners,31.00,31,1
3,Thomas Detry,31.00,31,1
3,Peter Malnati,31.00,31,1
3,Collin Morikawa,31.00,31,1
3,Davis Thompson,31.00,31,1
8,Sam Burns,32.00,32,1
8,Eric Cole,32.00,32,1
8,Austin Eckroat,32.00,32,1
8,Tony Finau,32.00,32,1
8,Stephan Jaeger,32.00,32,1
8,Robert MacIntyre,32.00,32,1
8,Matt McCarty,32.00,32,1
15,Byeong Hun An,33.00,33,1
15,Keegan Bradley,33.00,33,1
15,Patrick Cantlay,33.00,33,1
15,Cam Davis,33.00,33,1
15,Nico Echavarria,33.00,33,1
15,Matt Fitzpatrick,33.00,33,1
15,Max Greyserman,33.00,33,1
15,Adam Hadwin,33.00,33,1
15,Harry Hall,33.00,33,1
15,Viktor Hovland,33.00,33,1
15,Sungjae Im,33.00,33,1
15,Chris Kirk,33.00,33,1
15,Hideki Matsuyama,33.00,33,1
15,Denny McCarthy,33.00,33,1
15,Maverick McNealy,33.00,33,1
15,Taylor Pendrith,33.00,33,1
15,J.T. Poston,33.00,33,1
15,Kevin Yu,33.00,33,1
33,Christiaan Bezuidenhout,34.00,34,1
33,Chris Gotterup,34.00,34,1
33,Tom Hoge,34.00,34,1
33,Max Homa,34.00,34,1
33,Matthieu Pavon,34.00,34,1
33,Aaron Rai,34.00,34,1
33,Xander Schauffele,34.00,34,1
33,Adam Scott,34.00,34,1
33,Sahith Theegala,34.00,34,1
33,Jhonattan Vegas,34.00,34,1
33,Cameron Young,34.00,34,1
44,Ludvig Åberg,35.00,35,1
44,Akshay Bhatia,35.00,35,1
44,Russell Henley,35.00,35,1
44,Billy Horschel,35.00,35,1
44,Patton Kizzire,35.00,35,1
49,Jason Day,36.00,36,1
49,Nick Dunlap,36.00,36,1
49,Brice Garnett,36.00,36,1
49,Brian Harman,36.00,36,1
49,Si Woo Kim,36.00,36,1
49,Jake Knapp,36.00,36,1
49,Justin Thomas,36.00,36,1
49,Will Zalatoris,36.00,36,1
57,Nick Taylor,37.00,37,1
58,Rafael Campos,38.00,38,1
