rank,player,Low Rnd
1,Christiaan Bezuidenhout,30
1,Wyndham Clark,30
1,Sepp Straka,30
1,Justin Thomas,30
5,Ludvig Åberg,31
5,Corey Conners,31
5,Cam Davis,31
5,Thomas Detry,31
5,Sungjae Im,31
5,Stephan Jaeger,31
5,Si Woo Kim,31
5,Peter Malnati,31
5,Hideki Matsuyama,31
5,Collin Morikawa,31
5,Davis Thompson,31
16,Byeong Hun An,32
16,Sam Burns,32
16,Eric Cole,32
16,Austin Eckroat,32
16,Tony Finau,32
16,Max Greyserman,32
16,Russell Henley,32
16,Robert MacIntyre,32
16,Matt McCarty,32
16,Taylor Pendrith,32
16,Adam Scott,32
16,Sahith Theegala,32
16,Jhonattan Vegas,32
16,Will Zalatoris,32
30,Akshay Bhatia,33
30,Keegan Bradley,33
30,Patrick Cantlay,33
30,Jason Day,33
30,Nico Echavarria,33
30,Matt Fitzpatrick,33
30,Adam Hadwin,33
30,Harry Hall,33
30,Tom Hoge,33
30,Viktor Hovland,33
30,Chris Kirk,33
30,Denny McCarthy,33
30,Maverick McNealy,33
30,Matthieu Pavon,33
30,J.T. Poston,33
30,Aaron Rai,33
30,Xander Schauffele,33
30,Kevin Yu,33
48,Nick Dunlap,34
48,Brice Garnett,34
48,Chris Gotterup,34
48,Max Homa,34
48,Billy Horschel,34
48,Patton Kizzire,34
48,Nick Taylor,34
48,Cameron Young,34
56,Rafael Campos,35
56,Brian Harman,35
56,Jake Knapp,35
