rank,player,Avg,Total Strokes,Total Rounds
1,Justin Thomas,30.00,30,1
2,Byeong Hun An,32.00,32,1
2,Russell Henley,32.00,32,1
2,Sungjae Im,32.00,32,1
2,Robert MacIntyre,32.00,32,1
2,Collin Morikawa,32.00,32,1
7,Ludvig Åberg,33.00,33,1
7,Keegan Bradley,33.00,33,1
7,Sam Burns,33.00,33,1
7,Corey Conners,33.00,33,1
7,Nico Echavarria,33.00,33,1
7,Tony Finau,33.00,33,1
7,Matt Fitzpatrick,33.00,33,1
7,Stephan Jaeger,33.00,33,1
7,Hideki Matsuyama,33.00,33,1
7,Matthieu Pavon,33.00,33,1
7,Xander Schauffele,33.00,33,1
7,Davis Thompson,33.00,33,1
7,Jhonattan Vegas,33.00,33,1
20,Akshay Bhatia,34.00,34,1
20,Patrick Cantlay,34.00,34,1
20,Thomas Detry,34.00,34,1
20,Chris Gotterup,34.00,34,1
20,Max Homa,34.00,34,1
20,Viktor Hovland,34.00,34,1
20,Si Woo Kim,34.00,34,1
20,Maverick McNealy,34.00,34,1
20,Aaron Rai,34.00,34,1
29,Eric Cole,35.00,35,1
29,Harry Hall,35.00,35,1
29,Brian Harman,35.00,35,1
29,Chris Kirk,35.00,35,1
29,Jake Knapp,35.00,35,1
29,Denny McCarthy,35.00,35,1
29,Matt McCarty,35.00,35,1
29,J.T. Poston,35.00,35,1
29,Sahith Theegala,35.00,35,1
29,Cameron Young,35.00,35,1
39,Cam Davis,36.00,36,1
39,Jason Day,36.00,36,1
39,Nick Dunlap,36.00,36,1
39,Max Greyserman,36.00,36,1
39,Adam Hadwin,36.00,36,1
39,Tom Hoge,36.00,36,1
39,Peter Malnati,36.00,36,1
39,Taylor Pendrith,36.00,36,1
39,Adam Scott,36.00,36,1
39,Sepp Straka,36.00,36,1
39,Nick Taylor,36.00,36,1
39,Kevin Yu,36.00,36,1
51,Christiaan Bezuidenhout,37.00,37,1
51,Wyndham Clark,37.00,37,1
51,Austin Eckroat,37.00,37,1
51,Brice Garnett,37.00,37,1
51,Billy Horschel,37.00,37,1
51,Patton Kizzire,37.00,37,1
57,Rafael Campos,38.00,38,1
57,Will Zalatoris,38.00,38,1
