rank,player,Avg,Total Strokes,Total Rounds
1,Adam Scott,32.00,32,1
2,Keegan Bradley,33.00,33,1
2,Wyndham Clark,33.00,33,1
2,Thomas Detry,33.00,33,1
2,Tom Hoge,33.00,33,1
2,Hideki Matsuyama,33.00,33,1
2,Collin Morikawa,33.00,33,1
8,Byeong Hun An,34.00,34,1
8,Akshay Bhatia,34.00,34,1
8,Corey Conners,34.00,34,1
8,Cam Davis,34.00,34,1
8,Brice Garnett,34.00,34,1
8,Maverick McNealy,34.00,34,1
8,Aaron Rai,34.00,34,1
8,Cameron Young,34.00,34,1
8,Will Zalatoris,34.00,34,1
17,Ludvig Åberg,35.00,35,1
17,Rafael Campos,35.00,35,1
17,Patrick Cantlay,35.00,35,1
17,Jason Day,35.00,35,1
17,Tony Finau,35.00,35,1
17,Max Greyserman,35.00,35,1
17,Russell Henley,35.00,35,1
17,Max Homa,35.00,35,1
17,Sungjae Im,35.00,35,1
17,Patton Kizzire,35.00,35,1
17,Jake Knapp,35.00,35,1
17,Robert MacIntyre,35.00,35,1
17,Sepp Straka,35.00,35,1
17,Kevin Yu,35.00,35,1
31,Sam Burns,36.00,36,1
31,Austin Eckroat,36.00,36,1
31,Matt Fitzpatrick,36.00,36,1
31,Adam Hadwin,36.00,36,1
31,Billy Horschel,36.00,36,1
31,Stephan Jaeger,36.00,36,1
31,Sahith Theegala,36.00,36,1
31,Justin Thomas,36.00,36,1
31,Jhonattan Vegas,36.00,36,1
40,Nick Dunlap,37.00,37,1
40,Chris Gotterup,37.00,37,1
40,Peter Malnati,37.00,37,1
40,Denny McCarthy,37.00,37,1
40,Taylor Pendrith,37.00,37,1
40,J.T. Poston,37.00,37,1
40,Xander Schauffele,37.00,37,1
40,Nick Taylor,37.00,37,1
48,Christiaan Bezuidenhout,38.00,38,1
48,Eric Cole,38.00,38,1
48,Nico Echavarria,38.00,38,1
48,Harry Hall,38.00,38,1
48,Brian Harman,38.00,38,1
48,Viktor Hovland,38.00,38,1
48,Chris Kirk,38.00,38,1
48,Matt McCarty,38.00,38,1
48,Matthieu Pavon,38.00,38,1
57,Davis Thompson,39.00,39,1
58,Si Woo Kim,40.00,40,1
