rank,player,% Made,Attempts,Putts made
1,Johnson Wagner,100.00,1,1
1,Mark Wilson,100.00,1,1
3,K.J. Choi,75.00,4,3
3,Bubba Watson,75.00,4,3
5,Martin Laird,71.43,7,5
6,Chris Kirk,66.67,3,2
7,Jonathan Byrd,50.00,2,1
7,D.A. Points,50.00,2,1
7,David Toms,50.00,4,2
10,Keegan Bradley,33.33,3,1
10,Kevin Na,33.33,3,1
10,Steve Stricker,33.33,3,1
10,Jhonattan Vegas,33.33,6,2
14,Aaron Baddeley,25.00,4,1
14,Harrison Frazar,25.00,4,1
14,Scott Piercy,25.00,4,1
17,Scott Stallings,20.00,5,1
18,Michael Bradley,.00,3,0
18,Ben Crane,.00,1,0
18,Bill Haas,.00,3,0
18,Bryce Molder,.00,3,0
18,Sean O'Hair,.00,5,0
18,Rory Sabbatini,.00,2,0
18,Webb Simpson,.00,3,0
18,Nick Watney,.00,1,0
18,Gary Woodland,.00,2,0
