rank,player,% Made,Attempts,Putts made
1,Aaron Baddeley,100.00,7,7
1,Keegan Bradley,100.00,9,9
1,K.J. Choi,100.00,12,12
1,Harrison Frazar,100.00,6,6
1,Bill Haas,100.00,4,4
1,Chris Kirk,100.00,6,6
1,Martin Laird,100.00,10,10
1,Kevin Na,100.00,12,12
1,Sean O'Hair,100.00,10,10
1,Scott Piercy,100.00,6,6
1,D.A. Points,100.00,9,9
1,Rory Sabbatini,100.00,5,5
1,Webb Simpson,100.00,7,7
1,Brendan Steele,100.00,12,12
1,Johnson Wagner,100.00,10,10
1,Nick Watney,100.00,10,10
1,Mark Wilson,100.00,6,6
1,Gary Woodland,100.00,13,13
19,Scott Stallings,91.67,12,11
20,Bubba Watson,90.91,11,10
21,Steve Stricker,85.71,7,6
22,Ben Crane,83.33,6,5
22,Bryce Molder,83.33,6,5
24,David Toms,78.57,14,11
25,Jonathan Byrd,75.00,4,3
25,Jhonattan Vegas,75.00,8,6
27,Michael Bradley,71.43,7,5
