rank,player,%,Attempts,Putts made
1,Johnson Wagner,68.75,16,11
1,Mark Wilson,68.75,16,11
3,Nick Watney,68.42,19,13
4,Rory Sabbatini,66.67,15,10
5,Jonathan Byrd,64.29,14,9
6,Aaron Baddeley,60.00,30,18
7,Webb Simpson,58.82,17,10
8,Kevin Na,57.89,19,11
9,Brendan Steele,56.25,16,9
10,Martin Laird,55.56,27,15
10,Bryce Molder,55.56,18,10
12,David Toms,55.00,20,11
13,Steve Stricker,53.85,13,7
14,K.J. Choi,52.94,17,9
15,Keegan Bradley,52.63,19,10
16,Chris Kirk,52.38,21,11
17,Bill Haas,50.00,16,8
18,Harrison Frazar,47.06,17,8
19,Ben Crane,43.75,16,7
20,Bubba Watson,42.86,14,6
20,Gary Woodland,42.86,14,6
22,Michael Bradley,42.11,19,8
23,Jhonattan Vegas,40.00,25,10
24,Scott Piercy,38.10,21,8
24,Scott Stallings,38.10,21,8
26,D.A. Points,35.71,14,5
27,Sean O'Hair,33.33,18,6
