rank,player,% Made,Attempts,Putts made
1,Aaron Baddeley,100.00,42,42
1,Keegan Bradley,100.00,43,43
1,Michael Bradley,100.00,45,45
1,Jonathan Byrd,100.00,41,41
1,K.J. Choi,100.00,41,41
1,Ben Crane,100.00,44,44
1,Harrison Frazar,100.00,43,43
1,Bill Haas,100.00,51,51
1,Chris Kirk,100.00,42,42
1,Martin Laird,100.00,36,36
1,Bryce Molder,100.00,42,42
1,Kevin Na,100.00,37,37
1,Sean O'Hair,100.00,41,41
1,Scott Piercy,100.00,43,43
1,D.A. Points,100.00,48,48
1,Rory Sabbatini,100.00,41,41
1,Webb Simpson,100.00,45,45
1,Brendan Steele,100.00,41,41
1,Steve Stricker,100.00,44,44
1,Jhonattan Vegas,100.00,49,49
1,Johnson Wagner,100.00,37,37
1,Nick Watney,100.00,35,35
1,Bubba Watson,100.00,45,45
1,Mark Wilson,100.00,45,45
25,Scott Stallings,97.83,46,45
26,Gary Woodland,97.78,45,44
27,David Toms,97.73,44,43
