rank,player,% Made,Attempts,Putts made
1,Jonathan Byrd,100.00,4,4
1,Bill Haas,100.00,4,4
1,Bubba Watson,100.00,2,2
1,Gary Woodland,100.00,3,3
5,Nick Watney,87.50,8,7
6,Webb Simpson,85.71,7,6
7,Rory Sabbatini,80.00,5,4
8,Bryce Molder,75.00,4,3
8,D.A. Points,75.00,4,3
8,Scott Stallings,75.00,4,3
8,David Toms,75.00,4,3
12,Scott Piercy,71.43,7,5
12,Brendan Steele,71.43,7,5
12,Mark Wilson,71.43,7,5
15,Aaron Baddeley,66.67,9,6
15,Chris Kirk,66.67,6,4
15,Steve Stricker,66.67,3,2
15,Johnson Wagner,66.67,6,4
19,Jhonattan Vegas,62.50,8,5
20,Kevin Na,60.00,5,3
20,Sean O'Hair,60.00,5,3
22,Michael Bradley,50.00,6,3
22,K.J. Choi,50.00,4,2
22,Ben Crane,50.00,4,2
22,Harrison Frazar,50.00,2,1
26,Keegan Bradley,40.00,5,2
26,Martin Laird,40.00,5,2
