rank,player,% Made,Attempts,Putts made
1,Nick Watney,56.25,32,18
2,Johnson Wagner,54.55,33,18
3,Aaron Baddeley,54.05,37,20
4,Steve Stricker,52.17,23,12
5,Bryce Molder,50.00,30,15
6,Jonathan Byrd,48.15,27,13
7,Mark Wilson,48.00,25,12
8,Chris Kirk,46.88,32,15
9,Brendan Steele,46.43,28,13
10,Martin Laird,45.95,37,17
11,K.J. Choi,45.83,24,11
12,Kevin Na,45.71,35,16
13,Webb Simpson,45.45,33,15
14,Gary Woodland,41.67,24,10
15,Rory Sabbatini,41.18,34,14
16,Ben Crane,40.74,27,11
17,David Toms,36.36,33,12
18,Keegan Bradley,35.71,28,10
19,Harrison Frazar,35.48,31,11
20,Sean O'Hair,34.48,29,10
21,Michael Bradley,34.38,32,11
22,Scott Piercy,30.00,30,9
23,Jhonattan Vegas,29.73,37,11
24,Scott Stallings,29.41,34,10
25,Bill Haas,29.03,31,9
26,D.A. Points,28.57,28,8
27,Bubba Watson,26.92,26,7
