rank,player,% Made,Attempts,Putts made
1,Steve Stricker,50.00,10,5
2,Bryce Molder,41.67,12,5
3,Johnson Wagner,41.18,17,7
4,Gary Woodland,40.00,10,4
5,Nick Watney,38.46,13,5
6,Ben Crane,36.36,11,4
6,Chris Kirk,36.36,11,4
6,Sean O'Hair,36.36,11,4
9,Brendan Steele,33.33,12,4
10,Kevin Na,31.25,16,5
10,Webb Simpson,31.25,16,5
12,Jonathan Byrd,30.77,13,4
13,Aaron Baddeley,28.57,7,2
13,K.J. Choi,28.57,7,2
15,Michael Bradley,23.08,13,3
16,Harrison Frazar,21.43,14,3
16,D.A. Points,21.43,14,3
18,Rory Sabbatini,21.05,19,4
19,Martin Laird,20.00,10,2
20,Scott Stallings,15.38,13,2
21,Scott Piercy,11.11,9,1
21,Mark Wilson,11.11,9,1
23,Jhonattan Vegas,8.33,12,1
23,Bubba Watson,8.33,12,1
25,David Toms,7.69,13,1
26,Bill Haas,6.67,15,1
27,Keegan Bradley,.00,9,-
