rank,player,% Made,Attempts,Putts made
1,Jonathan Byrd,19.23,26,5
2,Rory Sabbatini,18.18,22,4
3,Webb Simpson,17.65,17,3
4,Johnson Wagner,15.38,26,4
5,Bryce Molder,13.64,22,3
6,Ben Crane,13.04,23,3
7,Scott Piercy,12.00,25,3
8,Harrison Frazar,10.53,19,2
9,Mark Wilson,10.00,30,3
10,Michael Bradley,9.52,21,2
11,D.A. Points,9.09,22,2
12,Chris Kirk,7.14,14,1
13,Bill Haas,6.06,33,2
14,Martin Laird,5.88,17,1
14,Jhonattan Vegas,5.88,17,1
16,Sean O'Hair,5.00,20,1
17,Aaron Baddeley,4.55,22,1
17,Steve Stricker,4.55,22,1
17,Nick Watney,4.55,22,1
17,Bubba Watson,4.55,22,1
21,Keegan Bradley,4.17,24,1
21,Scott Stallings,4.17,24,1
23,Gary Woodland,3.45,29,1
24,K.J. Choi,.00,21,-
24,Kevin Na,.00,22,-
24,Brendan Steele,.00,20,-
24,David Toms,.00,21,-
