rank,player,%,Attempts,Putts made
1,K.J. Choi,100.00,59,59
1,Harrison Frazar,100.00,55,55
1,Bill Haas,100.00,61,61
1,Chris Kirk,100.00,53,53
1,Kevin Na,100.00,53,53
1,Sean O'Hair,100.00,57,57
1,Scott Piercy,100.00,56,56
1,Rory Sabbatini,100.00,53,53
1,Nick Watney,100.00,51,51
1,Mark Wilson,100.00,56,56
11,Bubba Watson,98.44,64,63
12,D.A. Points,98.33,60,59
13,Jonathan Byrd,98.11,53,52
14,Martin Laird,98.08,52,51
15,Aaron Baddeley,98.00,50,49
15,Johnson Wagner,98.00,50,49
17,Keegan Bradley,96.67,60,58
18,Steve Stricker,96.49,57,55
19,Webb Simpson,96.30,54,52
20,Gary Woodland,95.31,64,61
21,Jhonattan Vegas,95.16,62,59
22,Scott Stallings,95.08,61,58
23,Michael Bradley,95.00,60,57
23,Brendan Steele,95.00,60,57
25,Ben Crane,94.83,58,55
26,Bryce Molder,94.55,55,52
27,David Toms,92.06,63,58
