rank,player,% Made,Attempts,Putts made
1,Kevin Na,100.00,4,4
1,Rory Sabbatini,100.00,3,3
3,Bryce Molder,85.71,7,6
4,Aaron Baddeley,75.00,4,3
4,David Toms,75.00,4,3
4,Nick Watney,75.00,4,3
7,Jonathan Byrd,66.67,3,2
7,Harrison Frazar,66.67,3,2
7,Martin Laird,66.67,3,2
10,Keegan Bradley,50.00,2,1
10,Brendan Steele,50.00,4,2
10,Steve Stricker,50.00,4,2
10,Johnson Wagner,50.00,2,1
10,Mark Wilson,50.00,4,2
15,Chris Kirk,40.00,5,2
15,Gary Woodland,40.00,5,2
17,Bill Haas,33.33,3,1
17,Scott Stallings,33.33,9,3
17,Bubba Watson,33.33,3,1
20,Sean O'Hair,25.00,4,1
21,Ben Crane,20.00,5,1
22,Jhonattan Vegas,16.67,6,1
23,Michael Bradley,.00,3,0
23,K.J. Choi,.00,2,0
23,Scott Piercy,.00,3,0
23,D.A. Points,.00,2,0
