rank,player,% Made,Attempts,Putts Made
1,Johnson Wagner,22.64,53,12
2,Ben Crane,22.22,45,10
3,Jonathan Byrd,20.75,53,11
4,Steve Stricker,20.45,44,9
5,Webb Simpson,20.00,50,10
6,Bryce Molder,19.15,47,9
7,Harrison Frazar,18.75,48,9
8,Rory Sabbatini,18.00,50,9
9,Sean O'Hair,16.33,49,8
10,Nick Watney,15.69,51,8
11,Chris Kirk,15.56,45,7
12,D.A. Points,15.38,52,8
13,Kevin Na,14.58,48,7
14,Scott Piercy,14.00,50,7
15,Martin Laird,13.16,38,5
16,Scott Stallings,11.76,51,6
17,Michael Bradley,11.54,52,6
18,Gary Woodland,9.80,51,5
19,Aaron Baddeley,9.76,41,4
20,Brendan Steele,9.62,52,5
21,K.J. Choi,9.09,44,4
21,Mark Wilson,9.09,55,5
23,Jhonattan Vegas,6.98,43,3
24,David Toms,6.25,48,3
25,Bubba Watson,5.77,52,3
26,Bill Haas,5.08,59,3
27,Keegan Bradley,4.17,48,2
