rank,player,% Made,Attempts,Putts made
1,K.J. Choi,100.00,1,1
1,Steve Stricker,100.00,1,1
1,Gary Woodland,100.00,1,1
4,Keegan Bradley,83.33,6,5
4,Michael Bradley,83.33,6,5
6,Johnson Wagner,80.00,5,4
7,Webb Simpson,75.00,4,3
7,Nick Watney,75.00,4,3
9,Jonathan Byrd,66.67,3,2
9,Ben Crane,66.67,6,4
9,Bill Haas,66.67,3,2
9,Brendan Steele,66.67,3,2
13,Aaron Baddeley,50.00,6,3
13,Chris Kirk,50.00,6,3
13,Bryce Molder,50.00,2,1
13,Kevin Na,50.00,2,1
13,Scott Stallings,50.00,2,1
13,Mark Wilson,50.00,2,1
19,Scott Piercy,40.00,5,2
20,Martin Laird,33.33,6,2
20,David Toms,33.33,6,2
22,Harrison Frazar,25.00,4,1
22,Jhonattan Vegas,25.00,4,1
24,D.A. Points,16.67,6,1
25,Sean O'Hair,.00,2,0
25,Rory Sabbatini,.00,2,0
25,Bubba Watson,.00,3,0
