rank,player,% Made,Attempts,Putts made
1,Mark Wilson,93.06,72,67
2,Rory Sabbatini,92.65,68,63
3,Nick Watney,91.43,70,64
4,Jonathan Byrd,91.04,67,61
5,Johnson Wagner,90.91,66,60
6,Bill Haas,89.61,77,69
7,K.J. Choi,89.47,76,68
8,Kevin Na,88.89,72,64
9,Steve Stricker,88.57,70,62
10,Bubba Watson,88.46,78,69
11,Harrison Frazar,87.50,72,63
12,Webb Simpson,87.32,71,62
13,Brendan Steele,86.84,76,66
14,Chris Kirk,86.49,74,64
14,D.A. Points,86.49,74,64
16,Keegan Bradley,86.08,79,68
17,Gary Woodland,85.90,78,67
18,Bryce Molder,84.93,73,62
19,Sean O'Hair,84.00,75,63
20,Ben Crane,83.78,74,62
21,Aaron Baddeley,83.75,80,67
22,Martin Laird,83.54,79,66
23,David Toms,83.13,83,69
24,Scott Piercy,83.12,77,64
25,Michael Bradley,82.28,79,65
26,Scott Stallings,80.49,82,66
27,Jhonattan Vegas,79.31,87,69
