rank,player,Putts Made
1,Jonathan Byrd,5.0
1,Rory Sabbatini,5.0
3,Scott Piercy,4.0
3,Webb Simpson,4.0
3,Johnson Wagner,4.0
6,Ben Crane,3.0
6,Harrison Frazar,3.0
6,Bryce Molder,3.0
6,Sean O'Hair,3.0
6,Steve Stricker,3.0
6,Mark Wilson,3.0
12,Michael Bradley,2.0
12,Bill Haas,2.0
12,Chris Kirk,2.0
12,Martin Laird,2.0
12,D.A. Points,2.0
17,Aaron Baddeley,1.0
17,Keegan Bradley,1.0
17,K.J. Choi,1.0
17,Scott Stallings,1.0
17,David Toms,1.0
17,Jhonattan Vegas,1.0
17,Nick Watney,1.0
17,Bubba Watson,1.0
17,Gary Woodland,1.0
26,Kevin Na,.0
26,Brendan Steele,.0
