rank,player,% Made,Attempts,Putts made
1,Jonathan Byrd,100.00,8,8
1,K.J. Choi,100.00,6,6
1,Harrison Frazar,100.00,6,6
1,Bill Haas,100.00,6,6
1,Chris Kirk,100.00,5,5
1,Kevin Na,100.00,4,4
1,Sean O'Hair,100.00,6,6
1,Scott Piercy,100.00,7,7
1,Rory Sabbatini,100.00,7,7
1,Nick Watney,100.00,6,6
1,Bubba Watson,100.00,8,8
1,Mark Wilson,100.00,5,5
13,Michael Bradley,87.50,8,7
14,Martin Laird,83.33,6,5
14,Steve Stricker,83.33,6,5
16,David Toms,80.00,5,4
16,Jhonattan Vegas,80.00,5,4
18,Keegan Bradley,75.00,8,6
18,Ben Crane,75.00,8,6
20,Bryce Molder,71.43,7,5
21,D.A. Points,66.67,3,2
21,Scott Stallings,66.67,3,2
21,Johnson Wagner,66.67,3,2
21,Gary Woodland,66.67,6,4
25,Brendan Steele,57.14,7,4
26,Aaron Baddeley,.00,1,0
26,Webb Simpson,.00,2,0
