rank,player,% Made,Attempts,Putts made
1,Sean O'Hair,100.00,2,2
1,Rory Sabbatini,100.00,3,3
1,Jhonattan Vegas,100.00,1,1
1,Mark Wilson,100.00,2,2
5,Harrison Frazar,75.00,4,3
6,Aaron Baddeley,71.43,7,5
7,Martin Laird,66.67,6,4
8,K.J. Choi,50.00,6,3
8,Steve Stricker,50.00,2,1
8,David Toms,50.00,2,1
8,Johnson Wagner,50.00,2,1
12,Kevin Na,40.00,5,2
13,Keegan Bradley,33.33,3,1
13,Bill Haas,33.33,3,1
13,Webb Simpson,33.33,3,1
16,Michael Bradley,.00,1,0
16,Jonathan Byrd,.00,2,0
16,Chris Kirk,.00,1,0
16,Bryce Molder,.00,2,0
16,Scott Piercy,.00,2,0
16,Scott Stallings,.00,1,0
16,Brendan Steele,.00,2,0
16,Nick Watney,.00,2,0
16,Bubba Watson,.00,2,0
16,Gary Woodland,.00,3,0
