rank,player,% Made,Attempts,Putts made
1,Ben Crane,60.00,5,3
2,Harrison Frazar,37.50,8,3
2,D.A. Points,37.50,8,3
4,Scott Stallings,30.00,10,3
5,Scott Piercy,25.00,8,2
5,Johnson Wagner,25.00,4,1
7,Jonathan Byrd,22.22,9,2
7,Kevin Na,22.22,9,2
9,Nick Watney,18.18,11,2
10,Bryce Molder,14.29,7,1
10,Steve Stricker,14.29,7,1
10,David Toms,14.29,7,1
13,Aaron Baddeley,12.50,8,1
14,Keegan Bradley,11.11,9,1
14,Michael Bradley,11.11,9,1
14,Chris Kirk,11.11,9,1
14,Martin Laird,11.11,9,1
14,Sean O'Hair,11.11,9,1
14,Jhonattan Vegas,11.11,9,1
14,Bubba Watson,11.11,9,1
21,Mark Wilson,10.00,10,1
22,K.J. Choi,9.09,11,1
23,Webb Simpson,8.33,12,1
24,Brendan Steele,5.88,17,1
25,Bill Haas,.00,6,-
25,Rory Sabbatini,.00,4,-
25,Gary Woodland,.00,6,-
