rank,player,Putts Made
1,Johnson Wagner,12.0
2,Jonathan Byrd,11.0
3,Ben Crane,10.0
3,Webb Simpson,10.0
5,Harrison Frazar,9.0
5,Bryce Molder,9.0
5,Rory Sabbatini,9.0
5,Steve Stricker,9.0
9,Sean O'Hair,8.0
9,D.A. Points,8.0
9,Nick Watney,8.0
12,Chris Kirk,7.0
12,Kevin Na,7.0
12,Scott Piercy,7.0
15,Michael Bradley,6.0
15,Scott Stallings,6.0
17,Martin Laird,5.0
17,Brendan Steele,5.0
17,Mark Wilson,5.0
17,Gary Woodland,5.0
21,Aaron Baddeley,4.0
21,K.J. Choi,4.0
23,Bill Haas,3.0
23,David Toms,3.0
23,Jhonattan Vegas,3.0
23,Bubba Watson,3.0
27,Keegan Bradley,2.0
