rank,player,% Made,Attempts,Putts made
1,Jonathan Byrd,88.89,18,16
2,Nick Watney,86.36,22,19
3,Rory Sabbatini,82.35,17,14
4,Bill Haas,81.25,16,13
5,Kevin Na,80.00,15,12
6,Bryce Molder,75.00,20,15
7,Mark Wilson,72.22,18,13
8,Steve Stricker,71.43,14,10
9,K.J. Choi,69.23,13,9
9,Webb Simpson,69.23,13,9
11,Johnson Wagner,68.75,16,11
11,Bubba Watson,68.75,16,11
13,Keegan Bradley,66.67,21,14
13,Harrison Frazar,66.67,15,10
13,Gary Woodland,66.67,15,10
16,Michael Bradley,65.22,23,15
17,Chris Kirk,63.64,22,14
17,Scott Piercy,63.64,22,14
19,David Toms,63.16,19,12
20,Brendan Steele,61.90,21,13
21,Aaron Baddeley,60.00,20,12
22,Sean O'Hair,58.82,17,10
23,Ben Crane,56.52,23,13
24,Martin Laird,55.00,20,11
25,Scott Stallings,50.00,18,9
26,Jhonattan Vegas,47.83,23,11
27,D.A. Points,40.00,15,6
