rank,player,% Made,Attempts,Putts Made
1,Rory Sabbatini,18.52,27,5
2,Webb Simpson,18.18,22,4
3,Jonathan Byrd,16.13,31,5
4,Johnson Wagner,12.50,32,4
5,Scott Piercy,12.12,33,4
6,Harrison Frazar,11.54,26,3
7,Steve Stricker,11.11,27,3
8,Bryce Molder,10.71,28,3
9,Martin Laird,10.53,19,2
10,Ben Crane,10.34,29,3
10,Sean O'Hair,10.34,29,3
12,Mark Wilson,8.33,36,3
13,Chris Kirk,8.00,25,2
14,Michael Bradley,6.67,30,2
14,D.A. Points,6.67,30,2
16,Bill Haas,5.26,38,2
17,Jhonattan Vegas,4.55,22,1
18,Aaron Baddeley,3.85,26,1
18,K.J. Choi,3.85,26,1
20,Nick Watney,3.70,27,1
21,Scott Stallings,3.57,28,1
21,David Toms,3.57,28,1
23,Keegan Bradley,3.33,30,1
24,Bubba Watson,3.23,31,1
25,Gary Woodland,2.86,35,1
26,Kevin Na,.00,23,-
26,Brendan Steele,.00,23,-
