rank,player,Value,Tourn/Course,Round
1,Brooks Koepka,63,Hyundai T of C/,3
2,Jordan Spieth,64,Hyundai T of C/,2
2,Jimmy Walker,64,Hyundai T of C/,3
4,Jason Day,65,Hyundai T of C/,4
4,Kevin Kisner,65,Hyundai T of C/,2
4,Patrick Reed,65,Hyundai T of C/,1
4,Brandt Snedeker,65,Hyundai T of C/,3
8,Fabián Gómez,66,Hyundai T of C/,2
8,Emiliano Grillo,66,Hyundai T of C/,4
8,David Lingmerth,66,Hyundai T of C/,3
8,Peter Malnati,66,Hyundai T of C/,2
12,Steven Bowditch,67,Hyundai T of C/,2
12,Rickie Fowler,67,Hyundai T of C/,4
12,Padraig Harrington,67,Hyundai T of C/,4
12,J.B. Holmes,67,Hyundai T of C/,1
12,Dustin Johnson,67,Hyundai T of C/,2
12,Zach Johnson,67,Hyundai T of C/,4
12,Danny Lee,67,Hyundai T of C/,1
12,Troy Merritt,67,Hyundai T of C/,4
12,Bubba Watson,67,Hyundai T of C/,4
21,Alex Cejka,68,Hyundai T of C/,4
21,Matt Every,68,Hyundai T of C/,2
21,Smylie Kaufman,68,Hyundai T of C/,4
24,Bill Haas,69,Hyundai T of C/,2
24,James Hahn,69,Hyundai T of C/,4
24,Russell Knox,69,Hyundai T of C/,3
24,Scott Piercy,69,Hyundai T of C/,2
24,Justin Thomas,69,Hyundai T of C/,4
29,Chris Kirk,70,Hyundai T of C/,3
29,Davis Love III,70,Hyundai T of C/,4
29,Graeme McDowell,70,Hyundai T of C/,2
32,J.J. Henry,71,Hyundai T of C/,4
