rank,player,Avg,Total Strokes,Total Rounds
1,Jordan Spieth,65.00,130,2
2,Fabián Gómez,67.00,134,2
2,Kevin Kisner,67.00,134,2
2,Patrick Reed,67.00,134,2
5,Danny Lee,67.50,135,2
6,Steven Bowditch,68.00,136,2
6,Rickie Fowler,68.00,136,2
8,Brooks Koepka,68.50,137,2
8,Peter Malnati,68.50,137,2
8,Bubba Watson,68.50,137,2
11,Matt Every,69.00,138,2
11,Padraig Harrington,69.00,138,2
13,Smylie Kaufman,69.50,139,2
13,Brandt Snedeker,69.50,139,2
15,Bill Haas,70.00,140,2
15,Dustin Johnson,70.00,140,2
15,Scott Piercy,70.00,140,2
18,Chris Kirk,70.50,141,2
18,Jimmy Walker,70.50,141,2
20,David Lingmerth,71.00,142,2
21,Jason Day,71.50,143,2
21,J.B. Holmes,71.50,143,2
21,Russell Knox,71.50,143,2
21,Troy Merritt,71.50,143,2
21,Justin Thomas,71.50,143,2
26,Alex Cejka,72.00,144,2
26,Emiliano Grillo,72.00,144,2
26,Zach Johnson,72.00,144,2
29,Graeme McDowell,72.50,145,2
30,Davis Love III,73.50,147,2
31,J.J. Henry,75.50,151,2
32,James Hahn,76.00,152,2
