rank,player,Stroke Differential,Player's Score,Field Average Score
1,Jordan Spieth,+4.30,65.50,69.80
2,Patrick Reed,+2.30,67.50,69.80
3,Brooks Koepka,+2.05,67.75,69.80
3,Brandt Snedeker,+2.05,67.75,69.80
5,Rickie Fowler,+1.80,68.00,69.80
6,Fabián Gómez,+1.05,68.75,69.80
6,Padraig Harrington,+1.05,68.75,69.80
6,Peter Malnati,+1.05,68.75,69.80
9,Kevin Kisner,+.80,69.00,69.80
10,Steven Bowditch,+.55,69.25,69.80
10,Jason Day,+.55,69.25,69.80
10,Dustin Johnson,+.55,69.25,69.80
10,Jimmy Walker,+.55,69.25,69.80
10,Bubba Watson,+.55,69.25,69.80
15,Smylie Kaufman,+.30,69.50,69.80
15,Danny Lee,+.30,69.50,69.80
15,David Lingmerth,+.30,69.50,69.80
18,Emiliano Grillo,-.20,70.00,69.80
18,Bill Haas,-.20,70.00,69.80
18,Troy Merritt,-.20,70.00,69.80
21,Alex Cejka,-.45,70.25,69.80
21,Zach Johnson,-.45,70.25,69.80
21,Justin Thomas,-.45,70.25,69.80
24,J.B. Holmes,-.95,70.75,69.80
24,Chris Kirk,-.95,70.75,69.80
24,Scott Piercy,-.95,70.75,69.80
27,Russell Knox,-1.20,71.00,69.80
28,Matt Every,-1.95,71.75,69.80
29,Davis Love III,-2.20,72.00,69.80
29,Graeme McDowell,-2.20,72.00,69.80
31,James Hahn,-3.95,73.75,69.80
31,J.J. Henry,-3.95,73.75,69.80
