rank,player,%,Greens Hit,# Holes,Relative/Par
1,Robert Garrigus,91.67,66,72,-0.44
1,Graeme McDowell,91.67,66,72,-0.39
3,Tim Clark,88.89,64,72,-0.27
3,Ernie Els,88.89,64,72,-0.23
3,Jim Furyk,88.89,64,72,-0.23
6,Ben Crane,87.50,63,72,-0.22
6,Anthony Kim,87.50,63,72,-0.25
6,Bill Lunde,87.50,63,72,-0.25
6,Heath Slocum,87.50,63,72,-0.22
10,Jason Bohn,86.11,62,72,-0.24
10,Jonathan Byrd,86.11,62,72,-0.40
10,Ryan Palmer,86.11,62,72,-0.26
10,Ian Poulter,86.11,62,72,-0.40
10,Justin Rose,86.11,62,72,-0.34
10,Steve Stricker,86.11,62,72,-0.37
16,Bill Haas,84.72,61,72,-0.31
17,Matt Kuchar,83.33,60,72,-0.40
17,Carl Pettersson,83.33,60,72,-0.40
17,Bubba Watson,83.33,60,72,-0.38
20,Charley Hoffman,81.94,59,72,-0.34
20,Dustin Johnson,81.94,59,72,-0.39
20,Hunter Mahan,81.94,59,72,-0.24
20,Francesco Molinari,81.94,59,72,-0.29
24,Zach Johnson,80.56,58,72,-0.31
25,Arjun Atwal,79.17,57,72,-0.39
25,Matt Bettencourt,79.17,57,72,-0.30
25,Adam Scott,79.17,57,72,-0.26
28,Jason Day,77.78,56,72,-0.32
29,Derek Lamely,75.00,54,72,-0.24
30,Stuart Appleby,73.61,53,72,-0.34
31,Cameron Beckman,72.22,52,72,-0.33
31,Rocco Mediate,72.22,52,72,-0.21
