rank,player,%,Total 3 Putts,Total Holes
1,Jonathan Byrd,5.56,1,18
1,Harrison Frazar,5.56,1,18
1,Bill Haas,5.56,1,18
1,Bryce Molder,5.56,1,18
1,Sean O'Hair,5.56,1,18
1,Rory Sabbatini,5.56,1,18
1,Steve Stricker,5.56,1,18
1,Jhonattan Vegas,5.56,1,18
1,Johnson Wagner,5.56,1,18
1,Nick Watney,5.56,1,18
1,Gary Woodland,5.56,1,18
12,Aaron Baddeley,11.11,2,18
12,Michael Bradley,11.11,2,18
12,Chris Kirk,11.11,2,18
12,Scott Stallings,11.11,2,18
12,Brendan Steele,11.11,2,18
17,D.A. Points,16.67,3,18
18,Keegan Bradley,22.22,4,18
18,David Toms,22.22,4,18
