rank,player,%,Total 3 Putts,Attempts,2 Putt or Better %
1,Bubba Watson,.00,0,22,100.0
2,Michael Bradley,4.76,1,21,95.2
3,Webb Simpson,5.88,1,17,94.1
4,Gary Woodland,6.90,2,29,93.1
5,Johnson Wagner,7.69,2,26,92.3
6,Nick Watney,9.09,2,22,90.9
7,Mark Wilson,10.00,3,30,90.0
8,Harrison Frazar,10.53,2,19,89.4
9,Jonathan Byrd,11.54,3,26,88.4
10,Martin Laird,11.76,2,17,88.2
11,Scott Piercy,12.50,3,24,87.5
11,Scott Stallings,12.50,3,24,87.5
13,Bryce Molder,13.64,3,22,86.3
13,Kevin Na,13.64,3,22,86.3
13,D.A. Points,13.64,3,22,86.3
13,Rory Sabbatini,13.64,3,22,86.3
13,Steve Stricker,13.64,3,22,86.3
18,K.J. Choi,14.29,3,21,85.7
19,Sean O'Hair,15.00,3,20,85.0
20,Bill Haas,15.15,5,33,84.8
21,Keegan Bradley,16.67,4,24,83.3
22,Ben Crane,17.39,4,23,82.6
23,Aaron Baddeley,18.18,4,22,81.8
24,David Toms,23.81,5,21,76.1
25,Jhonattan Vegas,29.41,5,17,70.5
26,Brendan Steele,30.00,6,20,70.0
27,Chris Kirk,35.71,5,14,64.2
