rank,player,Total 3 putts > 25',Total 3 Putts
1,Brendan Steele,6,6
2,Bill Haas,5,5
2,Chris Kirk,5,6
2,David Toms,5,8
2,Jhonattan Vegas,5,7
6,Aaron Baddeley,4,4
6,Keegan Bradley,4,5
6,Ben Crane,4,5
9,Jonathan Byrd,3,3
9,K.J. Choi,3,3
9,Bryce Molder,3,3
9,Kevin Na,3,3
9,Sean O'Hair,3,3
9,Scott Piercy,3,3
9,D.A. Points,3,3
9,Rory Sabbatini,3,3
9,Scott Stallings,3,5
9,Steve Stricker,3,3
9,Mark Wilson,3,3
20,Harrison Frazar,2,2
20,Martin Laird,2,3
20,Johnson Wagner,2,3
20,Nick Watney,2,2
20,Gary Woodland,2,3
25,Michael Bradley,1,3
25,Webb Simpson,1,1
