rank,player,%,Total 3 Putts,Attempts,2 Putt or Better %
1,Aaron Baddeley,.00,0,4,100.0
1,Jonathan Byrd,.00,0,5,100.0
1,K.J. Choi,.00,0,5,100.0
1,Harrison Frazar,.00,0,7,100.0
1,Bill Haas,.00,0,5,100.0
1,Martin Laird,.00,0,2,100.0
1,Bryce Molder,.00,0,6,100.0
1,Kevin Na,.00,0,1,100.0
1,Sean O'Hair,.00,0,9,100.0
1,Scott Piercy,.00,0,8,100.0
1,D.A. Points,.00,0,8,100.0
1,Rory Sabbatini,.00,0,5,100.0
1,Webb Simpson,.00,0,5,100.0
1,Scott Stallings,.00,0,4,100.0
1,Brendan Steele,.00,0,3,100.0
1,Steve Stricker,.00,0,5,100.0
1,Nick Watney,.00,0,5,100.0
1,Bubba Watson,.00,0,9,100.0
1,Mark Wilson,.00,0,6,100.0
20,Chris Kirk,9.09,1,11,90.9
21,David Toms,14.29,1,7,85.7
22,Keegan Bradley,16.67,1,6,83.3
22,Ben Crane,16.67,1,6,83.3
22,Johnson Wagner,16.67,1,6,83.3
22,Gary Woodland,16.67,1,6,83.3
26,Michael Bradley,22.22,2,9,77.7
27,Jhonattan Vegas,40.00,2,5,60.0
