rank,player,%,Total 3 Putts,Attempts,2 Putt or Better %
1,Aaron Baddeley,.00,0,7,100.0
1,Keegan Bradley,.00,0,7,100.0
1,Michael Bradley,.00,0,13,100.0
1,Jonathan Byrd,.00,0,10,100.0
1,K.J. Choi,.00,0,7,100.0
1,Ben Crane,.00,0,9,100.0
1,Harrison Frazar,.00,0,13,100.0
1,Bill Haas,.00,0,13,100.0
1,Chris Kirk,.00,0,10,100.0
1,Martin Laird,.00,0,10,100.0
1,Bryce Molder,.00,0,12,100.0
1,Kevin Na,.00,0,16,100.0
1,Sean O'Hair,.00,0,11,100.0
1,Scott Piercy,.00,0,9,100.0
1,D.A. Points,.00,0,14,100.0
1,Rory Sabbatini,.00,0,17,100.0
1,Webb Simpson,.00,0,16,100.0
1,Brendan Steele,.00,0,9,100.0
1,Steve Stricker,.00,0,10,100.0
1,Jhonattan Vegas,.00,0,10,100.0
1,Johnson Wagner,.00,0,16,100.0
1,Nick Watney,.00,0,12,100.0
1,Bubba Watson,.00,0,12,100.0
1,Mark Wilson,.00,0,8,100.0
1,Gary Woodland,.00,0,8,100.0
26,Scott Stallings,8.33,1,12,91.6
27,David Toms,15.38,2,13,84.6
