rank,player,%,Attempts,RTP-Going for the green,RTP-Not going for the grn
1,Patton Kizzire,100.00,9,-5,E
1,Hank Lebioda,100.00,9,-6,E
1,Marc Leishman,100.00,9,-8,E
1,Hideki Matsuyama,100.00,9,-5,E
1,Rory Sabbatini,100.00,9,-5,E
6,Keegan Bradley,88.89,8,-5,-1
6,Joel Dahmen,88.89,8,-8,E
6,Bryson DeChambeau,88.89,8,-7,-1
6,Dylan Frittelli,88.89,8,-7,E
6,Fabián Gómez,88.89,8,-8,E
6,Charles Howell III,88.89,8,-5,E
6,Sungjae Im,88.89,8,-8,E
6,Keith Mitchell,88.89,8,-8,+1
6,Trey Mullinax,88.89,8,-5,+1
6,Patrick Reed,88.89,8,-6,-1
6,Johnson Wagner,88.89,8,-5,E
17,Abraham Ancer,77.78,7,-6,-1
17,Scott Brown,77.78,7,-7,E
17,Stewart Cink,77.78,7,-6,-2
17,Harris English,77.78,7,-10,-1
17,Julián Etulain,77.78,7,-5,-1
17,Brian Gay,77.78,7,-6,-1
17,Emiliano Grillo,77.78,7,-4,-1
17,Adam Hadwin,77.78,7,-5,E
17,Brandon Harkins,77.78,7,-7,E
17,Jim Herman,77.78,7,-1,E
17,Rikuya Hoshino,77.78,7,-6,+1
17,Shugo Imahira,77.78,7,-6,E
17,Matt Jones,77.78,7,-4,-1
17,Kevin Kisner,77.78,7,+1,E
17,Anirban Lahiri,77.78,7,-4,-2
17,Danny Lee,77.78,7,-4,+1
17,Sebastián Muñoz,77.78,7,-6,-1
17,Carlos Ortiz,77.78,7,-5,E
17,Scott Piercy,77.78,7,-8,-1
17,"Ted Potter, Jr.",77.78,7,-5,-1
17,Ian Poulter,77.78,7,-7,E
17,Alex Prugh,77.78,7,-6,-2
17,Andrew Putnam,77.78,7,-6,-1
17,Chez Reavie,77.78,7,-7,-2
17,Wes Roach,77.78,7,-5,-1
17,José de Jesús Rodríguez,77.78,7,-4,E
17,Roger Sloan,77.78,7,-4,E
17,Cameron Smith,77.78,7,-7,-1
17,Brandt Snedeker,77.78,7,-7,-2
17,Kyle Stanley,77.78,7,-5,E
17,Adam Svensson,77.78,7,-6,E
17,Hudson Swafford,77.78,7,-5,E
17,Justin Thomas,77.78,7,-9,-1
17,Jimmy Walker,77.78,7,-5,-1
51,Ryan Blaum,66.67,6,-5,-2
51,Dominic Bozzelli,66.67,6,-4,-2
51,Corey Conners,66.67,6,-5,E
51,Brice Garnett,66.67,6,-5,-1
51,Russell Henley,66.67,6,-3,E
51,Yuki Inamori,66.67,6,-4,-2
51,Stephan Jaeger,66.67,6,-2,E
51,Jim Knous,66.67,6,-5,-1
51,Matt Kuchar,66.67,6,-7,-2
51,Davis Love III,66.67,6,-7,-2
51,J.T. Poston,66.67,6,-4,E
51,Sam Saunders,66.67,6,-7,-1
51,Brian Stuard,66.67,6,-6,-3
51,Chase Wright,66.67,6,-4,E
51,Y.E. Yang,66.67,6,-7,+1
66,Tyler Duncan,55.56,5,-6,-2
66,Sung Kang,55.56,5,-4,E
66,Russell Knox,55.56,5,-3,-1
66,Scott Langley,55.56,5,-5,E
66,Michael Thompson,55.56,5,-1,E
71,Ryan Armour,44.44,4,-2,E
