rank,player,%,# of Birdie or Better,Attempts,RTP-Successes,RTP-Not going for the grn
1,Joel Dahmen,100.00,8,8,-8,E
1,Tyler Duncan,100.00,5,5,-6,-2.00
1,Harris English,100.00,7,7,-10,-1.00
1,Brandon Harkins,100.00,7,7,-7,E
1,Matt Kuchar,100.00,6,6,-7,-2.00
1,Davis Love III,100.00,6,6,-7,-2.00
1,Ian Poulter,100.00,7,7,-7,E
1,Chez Reavie,100.00,7,7,-7,-2.00
1,Cameron Smith,100.00,7,7,-7,-1.00
1,Brandt Snedeker,100.00,7,7,-7,-2.00
1,Y.E. Yang,100.00,6,6,-7,+1.00
12,Bryson DeChambeau,87.50,7,8,-7,-1.00
12,Justin Thomas,87.50,7,8,-9,-1.00
14,Abraham Ancer,85.71,6,7,-6,-1.00
14,Scott Brown,85.71,6,7,-7,E
14,Brian Gay,85.71,6,7,-6,-1.00
14,Rikuya Hoshino,85.71,6,7,-6,+1.00
14,Andrew Putnam,85.71,6,7,-6,-1.00
14,Wes Roach,85.71,6,7,-6,-1.00
20,Ryan Blaum,83.33,5,6,-5,-2.00
20,Corey Conners,83.33,5,6,-5,E
20,Brice Garnett,83.33,5,6,-5,-1.00
20,Brian Stuard,83.33,5,6,-6,-3.00
24,Scott Langley,80.00,4,5,-5,E
25,Sungjae Im,77.78,7,9,-8,E
25,Marc Leishman,77.78,7,9,-8,E
27,Fabián Gómez,75.00,6,8,-8,E
27,Patrick Reed,75.00,6,8,-6,-1.00
29,Adam Hadwin,71.43,5,7,-5,E
29,Shugo Imahira,71.43,5,7,-6,E
29,Jim Knous,71.43,5,7,-5,-1.00
29,Sebastián Muñoz,71.43,5,7,-6,-1.00
29,Scott Piercy,71.43,5,7,-8,-1.00
29,"Ted Potter, Jr.",71.43,5,7,-5,-1.00
29,Alex Prugh,71.43,5,7,-6,-2.00
29,Sam Saunders,71.43,5,7,-7,-1.00
29,Adam Svensson,71.43,5,7,-6,E
29,Hudson Swafford,71.43,5,7,-5,E
29,Jimmy Walker,71.43,5,7,-5,-1.00
40,Keith Mitchell,70.00,7,10,-8,+1.00
41,Dominic Bozzelli,66.67,4,6,-4,-2.00
41,Hank Lebioda,66.67,6,9,-6,E
41,Chase Wright,66.67,4,6,-4,E
44,Keegan Bradley,62.50,5,8,-5,-1.00
44,Stewart Cink,62.50,5,8,-6,-2.00
44,Dylan Frittelli,62.50,5,8,-7,E
44,Charles Howell III,62.50,5,8,-5,E
44,Danny Lee,62.50,5,8,-5,+1.00
44,Johnson Wagner,62.50,5,8,-6,E
50,Sung Kang,60.00,3,5,-4,E
50,Russell Knox,60.00,3,5,-3,-1.00
52,Julián Etulain,57.14,4,7,-5,-1.00
52,Emiliano Grillo,57.14,4,7,-4,-1.00
52,Matt Jones,57.14,4,7,-4,-1.00
52,Anirban Lahiri,57.14,4,7,-4,-2.00
52,José de Jesús Rodríguez,57.14,4,7,-4,E
52,Roger Sloan,57.14,4,7,-4,E
52,Kyle Stanley,57.14,4,7,-5,E
59,Patton Kizzire,55.56,5,9,-5,E
59,Trey Mullinax,55.56,5,9,-5,+1.00
59,Rory Sabbatini,55.56,5,9,-6,E
62,Ryan Armour,50.00,2,4,-2,E
62,Russell Henley,50.00,3,6,-3,E
62,Yuki Inamori,50.00,3,6,-4,-2.00
62,Hideki Matsuyama,50.00,5,10,-5,E
62,Carlos Ortiz,50.00,4,8,-5,E
62,J.T. Poston,50.00,3,6,-4,E
68,Stephan Jaeger,33.33,2,6,-2,E
69,Jim Herman,28.57,2,7,-2,E
70,Michael Thompson,20.00,1,5,-1,E
71,Kevin Kisner,14.29,1,7,-1,E
