rank,player,%,Attempts
1,Keegan Bradley,100.00,8
1,Joel Dahmen,100.00,8
1,Bryson DeChambeau,100.00,8
1,Dylan Frittelli,100.00,8
1,Fabián Gómez,100.00,8
1,Charles Howell III,100.00,8
1,Sungjae Im,100.00,8
1,Patton Kizzire,100.00,8
1,Hank Lebioda,100.00,8
1,Marc Leishman,100.00,8
1,Hideki Matsuyama,100.00,8
1,Patrick Reed,100.00,8
1,Rory Sabbatini,100.00,8
1,Johnson Wagner,100.00,8
15,Abraham Ancer,87.50,7
15,Scott Brown,87.50,7
15,Stewart Cink,87.50,7
15,Harris English,87.50,7
15,Julián Etulain,87.50,7
15,Brian Gay,87.50,7
15,Emiliano Grillo,87.50,7
15,Adam Hadwin,87.50,7
15,Brandon Harkins,87.50,7
15,Jim Herman,87.50,7
15,Rikuya Hoshino,87.50,7
15,Shugo Imahira,87.50,7
15,Matt Jones,87.50,7
15,Kevin Kisner,87.50,7
15,Anirban Lahiri,87.50,7
15,Danny Lee,87.50,7
15,Keith Mitchell,87.50,7
15,Trey Mullinax,87.50,7
15,Sebastián Muñoz,87.50,7
15,Carlos Ortiz,87.50,7
15,Scott Piercy,87.50,7
15,"Ted Potter, Jr.",87.50,7
15,Ian Poulter,87.50,7
15,Alex Prugh,87.50,7
15,Andrew Putnam,87.50,7
15,Chez Reavie,87.50,7
15,Wes Roach,87.50,7
15,José de Jesús Rodríguez,87.50,7
15,Roger Sloan,87.50,7
15,Cameron Smith,87.50,7
15,Brandt Snedeker,87.50,7
15,Kyle Stanley,87.50,7
15,Adam Svensson,87.50,7
15,Hudson Swafford,87.50,7
15,Justin Thomas,87.50,7
15,Jimmy Walker,87.50,7
51,Ryan Blaum,75.00,6
51,Dominic Bozzelli,75.00,6
51,Corey Conners,75.00,6
51,Brice Garnett,75.00,6
51,Russell Henley,75.00,6
51,Yuki Inamori,75.00,6
51,Stephan Jaeger,75.00,6
51,Jim Knous,75.00,6
51,Matt Kuchar,75.00,6
51,Davis Love III,75.00,6
51,J.T. Poston,75.00,6
51,Sam Saunders,75.00,6
51,Brian Stuard,75.00,6
51,Chase Wright,75.00,6
51,Y.E. Yang,75.00,6
66,Tyler Duncan,62.50,5
66,Sung Kang,62.50,5
66,Russell Knox,62.50,5
66,Scott Langley,62.50,5
66,Michael Thompson,62.50,5
71,Ryan Armour,50.00,4
