rank,player,Avg,Total Dist after GFG Shot,Total GFG Shots
1,Scott Piercy,11.3,"2,853.000",7
2,Y.E. Yang,11.4,"2,456.000",6
3,Davis Love III,11.9,"2,562.000",6
4,Harris English,12.3,"3,103.000",7
4,Kyle Stanley,12.3,"3,096.000",7
6,Sebastián Muñoz,13.9,"3,508.000",7
6,Hudson Swafford,13.9,"3,506.000",7
8,Cameron Smith,14.3,"3,602.000",7
9,Bryson DeChambeau,14.6,"4,196.000",8
10,Patrick Reed,15.1,"4,344.000",8
11,Alex Prugh,15.2,"3,840.000",7
11,Justin Thomas,15.2,"4,373.000",8
13,Ryan Blaum,15.4,"3,335.000",6
13,Matt Kuchar,15.4,"3,337.000",6
15,Jim Knous,15.6,"3,936.000",7
16,Emiliano Grillo,15.9,"3,995.000",7
16,Brian Stuard,15.9,"3,438.000",6
18,Matt Jones,16.0,"4,024.000",7
19,"Ted Potter, Jr.",16.3,"4,116.000",7
20,Abraham Ancer,16.4,"4,139.000",7
21,Shugo Imahira,17.0,"4,287.000",7
22,Marc Leishman,17.2,"5,563.000",9
23,Corey Conners,17.4,"3,765.000",6
23,J.T. Poston,17.4,"3,765.000",6
25,Chase Wright,17.6,"3,798.000",6
26,Dylan Frittelli,17.7,"5,090.000",8
26,Yuki Inamori,17.7,"3,815.000",6
28,Ryan Armour,17.9,"2,580.000",4
28,Joel Dahmen,17.9,"5,156.000",8
30,Russell Knox,18.0,"3,237.000",5
31,Scott Brown,18.1,"4,573.000",7
32,Sam Saunders,18.2,"4,597.000",7
33,Sung Kang,18.4,"3,310.000",5
34,Jimmy Walker,18.5,"4,672.000",7
35,Fabián Gómez,18.7,"5,386.000",8
35,Adam Svensson,18.7,"4,700.000",7
37,Russell Henley,18.9,"4,090.000",6
38,Jim Herman,19.0,"4,776.000",7
39,Adam Hadwin,19.1,"4,824.000",7
40,Tyler Duncan,19.4,"3,490.000",5
40,Danny Lee,19.4,"5,575.000",8
42,Keegan Bradley,19.6,"5,632.000",8
43,Charles Howell III,19.7,"5,686.000",8
43,Roger Sloan,19.7,"4,968.000",7
45,Rory Sabbatini,20.0,"6,483.000",9
46,Scott Langley,20.4,"3,674.000",5
47,Dominic Bozzelli,20.7,"4,475.000",6
48,Hank Lebioda,21.0,"6,815.000",9
49,Rikuya Hoshino,21.3,"5,358.000",7
49,Patton Kizzire,21.3,"6,915.000",9
49,Anirban Lahiri,21.3,"5,367.000",7
52,José de Jesús Rodríguez,21.4,"5,387.000",7
53,Chez Reavie,21.5,"5,414.000",7
54,Sungjae Im,21.6,"7,013.000",9
55,Brice Garnett,21.8,"4,713.000",6
55,Brandon Harkins,21.8,"5,497.000",7
57,Hideki Matsuyama,22.3,"8,019.000",10
57,Brandt Snedeker,22.3,"5,615.000",7
59,Brian Gay,22.5,"5,677.000",7
60,Wes Roach,22.7,"5,730.000",7
61,Keith Mitchell,22.8,"8,192.000",10
62,Ian Poulter,22.9,"5,767.000",7
63,Stewart Cink,23.6,"6,807.000",8
64,Kevin Kisner,23.7,"5,978.000",7
64,Johnson Wagner,23.7,"6,838.000",8
66,Julián Etulain,25.2,"6,348.000",7
67,Stephan Jaeger,25.6,"5,522.000",6
68,Carlos Ortiz,28.9,"8,313.000",8
69,Andrew Putnam,29.0,"7,319.000",7
70,Trey Mullinax,31.8,"10,319.000",9
71,Michael Thompson,35.4,"6,375.000",5
