rank,player,Avg,Distance (in inches),Attempts
1,Alex Prugh,196.9,"49,624.000",7
2,Bryson DeChambeau,198.3,"57,119.000",8
3,Y.E. Yang,200.9,"43,394.000",6
4,Adam Svensson,204.3,"51,486.000",7
5,Patrick Reed,206.7,"59,533.000",8
6,Anirban Lahiri,207.0,"52,155.000",7
7,Wes Roach,207.2,"52,204.000",7
8,Jimmy Walker,208.6,"52,575.000",7
9,Johnson Wagner,208.9,"60,155.000",8
10,Abraham Ancer,210.2,"52,981.000",7
11,Ian Poulter,211.0,"53,162.000",7
12,Brandon Harkins,211.5,"53,299.000",7
13,Matt Jones,212.3,"53,498.000",7
13,Sam Saunders,212.3,"53,504.000",7
15,Scott Piercy,212.4,"53,519.000",7
16,Scott Brown,212.8,"53,623.000",7
17,Justin Thomas,214.4,"61,734.000",8
18,Marc Leishman,214.8,"69,601.000",9
19,Brian Gay,214.9,"54,149.000",7
20,Adam Hadwin,215.6,"54,320.000",7
21,Julián Etulain,216.4,"54,539.000",7
22,Tyler Duncan,216.8,"39,015.000",5
23,Dominic Bozzelli,217.2,"46,916.000",6
24,Stephan Jaeger,217.3,"46,932.000",6
25,Brice Garnett,218.3,"47,160.000",6
26,Sebastián Muñoz,218.4,"55,047.000",7
27,Cameron Smith,218.7,"55,124.000",7
28,Joel Dahmen,218.9,"63,047.000",8
29,Chase Wright,219.3,"47,374.000",6
30,Keegan Bradley,219.8,"63,289.000",8
31,Rory Sabbatini,220.1,"71,312.000",9
32,Stewart Cink,220.4,"63,471.000",8
33,Sung Kang,221.4,"39,852.000",5
34,Charles Howell III,221.6,"63,824.000",8
35,Harris English,223.0,"56,194.000",7
36,José de Jesús Rodríguez,223.1,"56,232.000",7
37,Sungjae Im,223.9,"72,557.000",9
38,Shugo Imahira,224.6,"56,599.000",7
39,Kevin Kisner,224.7,"56,626.000",7
40,Hudson Swafford,225.2,"56,746.000",7
41,Russell Henley,226.0,"48,815.000",6
41,Patton Kizzire,226.0,"73,212.000",9
43,Russell Knox,226.1,"40,702.000",5
44,Corey Conners,227.7,"49,181.000",6
44,Chez Reavie,227.7,"57,383.000",7
46,Jim Herman,229.1,"57,721.000",7
46,Scott Langley,229.1,"41,241.000",5
48,Yuki Inamori,229.5,"49,576.000",6
49,Matt Kuchar,229.6,"49,587.000",6
49,Andrew Putnam,229.6,"57,864.000",7
51,Danny Lee,229.8,"66,185.000",8
52,Davis Love III,230.0,"49,679.000",6
53,Ryan Blaum,231.0,"49,886.000",6
54,Hank Lebioda,231.3,"74,933.000",9
55,Michael Thompson,231.5,"41,669.000",5
56,Rikuya Hoshino,231.8,"58,421.000",7
57,Kyle Stanley,232.1,"58,478.000",7
58,J.T. Poston,232.8,"50,288.000",6
59,Dylan Frittelli,233.5,"67,250.000",8
60,"Ted Potter, Jr.",234.0,"58,977.000",7
61,Fabián Gómez,235.0,"67,692.000",8
62,Emiliano Grillo,235.6,"59,368.000",7
63,Roger Sloan,236.8,"59,680.000",7
64,Brian Stuard,237.7,"51,351.000",6
65,Ryan Armour,238.3,"34,312.000",4
66,Brandt Snedeker,242.0,"60,979.000",7
67,Jim Knous,242.7,"61,166.000",7
68,Trey Mullinax,243.3,"78,818.000",9
69,Carlos Ortiz,244.0,"70,266.000",8
70,Hideki Matsuyama,244.4,"87,989.000",10
71,Keith Mitchell,250.1,"90,024.000",10
