rank,player,%,Successes,Attempts,RTP-Successes,RTP-Not going for the grn
1,Alex Prugh,85.71,6,7,-6,-2.00
2,Davis Love III,66.67,4,6,-5,-2.00
2,Chase Wright,66.67,4,6,-4,E
4,Bryson DeChambeau,62.50,5,8,-5,-1.00
5,Scott Brown,57.14,4,7,-4,E
5,Harris English,57.14,4,7,-7,-1.00
5,Emiliano Grillo,57.14,4,7,-3,-1.00
5,Adam Hadwin,57.14,4,7,-4,E
5,Sebastián Muñoz,57.14,4,7,-5,-1.00
10,J.T. Poston,50.00,3,6,-2,E
10,Patrick Reed,50.00,4,8,-3,-1.00
10,Brian Stuard,50.00,3,6,-4,-3.00
10,Y.E. Yang,50.00,3,6,-4,+1.00
14,Sungjae Im,44.44,4,9,-5,E
14,Marc Leishman,44.44,4,9,-5,E
16,Abraham Ancer,42.86,3,7,-3,-1.00
16,Ian Poulter,42.86,3,7,-3,E
16,Sam Saunders,42.86,3,7,-4,-1.00
19,Tyler Duncan,40.00,2,5,-2,-2.00
19,Russell Knox,40.00,2,5,-2,-1.00
19,Scott Langley,40.00,2,5,-2,E
22,Keegan Bradley,37.50,3,8,-3,-1.00
22,Stewart Cink,37.50,3,8,-4,-2.00
22,Joel Dahmen,37.50,3,8,-3,E
22,Dylan Frittelli,37.50,3,8,-5,E
22,Fabián Gómez,37.50,3,8,-5,E
22,Charles Howell III,37.50,3,8,-3,E
22,Johnson Wagner,37.50,3,8,-4,E
29,Ryan Blaum,33.33,2,6,-2,-2.00
29,Corey Conners,33.33,2,6,-2,E
29,Brice Garnett,33.33,2,6,-2,-1.00
29,Russell Henley,33.33,2,6,-2,E
29,Matt Kuchar,33.33,2,6,-3,-2.00
29,Hank Lebioda,33.33,3,9,-3,E
35,Hideki Matsuyama,30.00,3,10,-3,E
36,Julián Etulain,28.57,2,7,-3,-1.00
36,Brandon Harkins,28.57,2,7,-2,E
36,Jim Herman,28.57,2,7,-1,E
36,Rikuya Hoshino,28.57,2,7,-2,+1.00
36,Jim Knous,28.57,2,7,-2,-1.00
36,Scott Piercy,28.57,2,7,-4,-1.00
36,"Ted Potter, Jr.",28.57,2,7,-2,-1.00
36,José de Jesús Rodríguez,28.57,2,7,-2,E
36,Roger Sloan,28.57,2,7,-2,E
36,Kyle Stanley,28.57,2,7,-3,E
36,Adam Svensson,28.57,2,7,-3,E
36,Jimmy Walker,28.57,2,7,-1,-1.00
48,Ryan Armour,25.00,1,4,E,E
48,Carlos Ortiz,25.00,2,8,-3,E
48,Justin Thomas,25.00,2,8,-3,-1.00
51,Rory Sabbatini,22.22,2,9,-3,E
52,Sung Kang,20.00,1,5,-2,E
52,Keith Mitchell,20.00,2,10,-2,+1.00
54,Dominic Bozzelli,16.67,1,6,-1,-2.00
54,Yuki Inamori,16.67,1,6,-2,-2.00
56,Shugo Imahira,14.29,1,7,-1,E
56,Matt Jones,14.29,1,7,-1,-1.00
56,Chez Reavie,14.29,1,7,-1,-2.00
56,Wes Roach,14.29,1,7,-1,-1.00
56,Cameron Smith,14.29,1,7,-1,-1.00
56,Brandt Snedeker,14.29,1,7,-1,-2.00
56,Hudson Swafford,14.29,1,7,-1,E
63,Patton Kizzire,11.11,1,9,-1,E
64,Brian Gay,.00,0,7,E,-1.00
64,Stephan Jaeger,.00,0,6,E,E
64,Kevin Kisner,.00,0,7,E,E
64,Anirban Lahiri,.00,0,7,E,-2.00
64,Danny Lee,.00,0,8,E,+1.00
64,Trey Mullinax,.00,0,9,E,+1.00
64,Andrew Putnam,.00,0,7,E,-1.00
64,Michael Thompson,.00,0,5,E,E
