rank,player,Avg DTP,Total Distance (feet),# of Shots,Scrambling Rank
1,Davis Love III,"9""",.018,2,13
2,Peter Jacobsen,"1' 4""",.031,2,15
3,John Senden,"1' 7""",.037,2,115
4,Charles Howell III,"1' 8""",.020,1,7
4,Jonathan Kaye,"1' 8""",.020,1,98
6,Pat Bates,"1' 10""",.065,3,60
7,Bobby Kalinowski,"1' 11""",.023,1,37
8,Scott Simpson,"2' 0""",.097,4,59
9,Ernie Els,"2' 2""",.026,1,60
10,Shigeki Maruyama,"2' 8""",.161,5,72
11,Hideto Tanihara,"2' 10""",.067,2,47
11,Duffy Waldorf,"2' 10""",.101,3,56
13,Jonathan Byrd,"2' 11""",.141,4,10
14,Carlos Franco,"3' 0""",.107,3,24
15,Corey Pavin,"3' 4""",.158,4,5
16,Mark Hensby,"3' 7""",.172,4,69
16,Bo Van Pelt,"3' 7""",.130,3,5
18,Craig Barlow,"3' 9""",.089,2,44
18,Chris Riley,"3' 9""",.089,2,35
20,Michael Allen,"3' 10""",.137,3,23
20,Tom Carter,"3' 10""",.138,3,97
22,Frank Lickliter II,"3' 11""",.235,5,79
23,Retief Goosen,"4' 0""",.240,5,2
24,Stephen Ames,"4' 1""",.247,5,68
25,Tim Herron,"4' 3""",.205,4,94
25,Rod Pampling,"4' 3""",.102,2,27
27,Jeff Brehaut,"4' 5""",.106,2,14
28,Paul Azinger,"4' 6""",.270,5,4
29,Richard Johnson,"4' 9""",.339,6,57
30,John Huston,"4' 10""",.116,2,45
31,Olin Browne,"4' 11""",.177,3,112
32,Kevin Na,"5' 3""",.317,5,99
33,Joe Durant,"5' 5""",.065,1,18
34,Tommy Armour III,"5' 6""",.131,2,67
35,Bart Bryant,"5' 8""",.341,5,75
36,Ben Crane,"5' 9""",.206,3,49
37,Brad Lardon,"5' 11""",.214,3,81
38,Fred Funk,"6' 0""",.143,2,125
39,Woody Austin,"6' 1""",.073,1,25
40,Shaun Micheel,"6' 4""",.152,2,34
41,Jason Bohn,"6' 5""",.464,6,37
41,Jason Dufner,"6' 5""",.232,3,81
41,John Riegger,"6' 5""",.231,3,7
44,Brenden Pappas,"6' 9""",.404,5,27
45,Danny Briggs,"6' 10""",.245,3,92
46,Heath Slocum,"7' 0""",.084,1,110
46,Andre Stolz,"7' 0""",.253,3,113
48,David Ishii,"7' 3""",.346,4,53
48,Loren Roberts,"7' 3""",.520,6,99
50,Kenichi Kuboya,"7' 4""",.088,1,60
51,Bob Burns,"7' 11""",.284,3,51
51,Jesper Parnevik,"7' 11""",.760,8,10
53,Steve Allan,"8' 1""",.290,3,18
53,Jerry Kelly,"8' 1""",.193,2,2
55,D.J. Brigman,"9' 0""",.108,1,99
56,Harrison Frazar,"9' 5""",.565,5,1
56,Vijay Singh,"9' 5""",.339,3,17
58,John Maginnes,"10' 1""",.242,2,60
58,Joe Ogilvie,"10' 1""",.121,1,66
60,Brian Gay,"10' 2""",.365,3,27
61,Tom Lehman,"10' 5""",.623,5,135
62,Lucas Glover,"10' 11""",.524,4,139
63,Russ Cochran,"11' 7""",.416,3,113
64,Luke Donald,"12' 3""",.294,2,91
65,Robert Gamez,"12' 8""",.607,4,95
66,Omar Uresti,"12' 10""",.461,3,27
67,Craig Bowden,"14' 3""",.171,1,7
68,Pat Perez,"14' 8""",.352,2,77
69,Ted Purdy,"15' 6""",.186,1,27
70,Aaron Baddeley,"15' 10""",.569,3,60
71,Brent Geiberger,"17' 0""",.408,2,83
72,Ryan Palmer,"17' 8""",1.058,5,26
72,Tjaart van der Walt,"17' 8""",.424,2,42
74,Arjun Atwal,"19' 6""",.234,1,110
75,Hidemichi Tanaka,"20' 11""",1.002,4,71
