rank,player,Avg DTP,Total Distance (feet),# of Shots,Scrambling Rank
1,Tom Carter,"9""",2.167,3,97
2,Bobby Kalinowski,"1' 0""",3.083,3,37
3,Kevin Na,"1' 3""",8.750,7,99
4,Tommy Armour III,"1' 7""",8.083,5,67
4,Russ Cochran,"1' 7""",8.000,5,113
4,Richard Johnson,"1' 7""",11.333,7,57
7,Corey Pavin,"1' 8""",17.000,10,5
8,Craig Bowden,"1' 9""",7.000,4,7
9,Bo Van Pelt,"1' 10""",10.750,6,5
10,Stephen Ames,"1' 11""",9.667,5,68
10,Jerry Kelly,"1' 11""",21.083,11,2
12,Carlos Franco,"2' 0""",14.000,7,24
12,Brent Geiberger,"2' 0""",8.000,4,83
14,Peter Jacobsen,"2' 2""",19.500,9,15
14,Tjaart van der Walt,"2' 2""",15.333,7,42
16,Craig Barlow,"2' 3""",11.250,5,44
17,Kenichi Kuboya,"2' 4""",9.167,4,60
17,Omar Uresti,"2' 4""",21.250,9,27
19,Jesper Parnevik,"2' 6""",22.667,9,10
19,Pat Perez,"2' 6""",17.500,7,77
21,Tom Lehman,"2' 7""",7.667,3,135
21,Davis Love III,"2' 7""",10.167,4,13
23,Jason Dufner,"2' 8""",13.500,5,81
23,Ken Duke,"2' 8""",31.917,12,60
23,John Huston,"2' 8""",10.500,4,45
23,Chris Riley,"2' 8""",18.750,7,35
23,Vijay Singh,"2' 8""",18.417,7,17
28,Pat Bates,"2' 9""",16.583,6,60
28,Tim Herron,"2' 9""",11.000,4,94
28,David Ishii,"2' 9""",24.583,9,53
31,Olin Browne,"2' 10""",16.833,6,112
31,Ben Crane,"2' 10""",25.500,9,49
33,Jason Bohn,"2' 11""",31.833,11,37
33,Harrison Frazar,"2' 11""",37.750,13,1
33,Ted Purdy,"2' 11""",26.000,9,27
36,John Maginnes,"3' 0""",11.917,4,60
37,Briny Baird,"3' 1""",12.167,4,52
37,Ryan Palmer,"3' 1""",21.500,7,26
39,Charles Howell III,"3' 2""",18.917,6,7
40,Ernie Els,"3' 4""",20.167,6,60
40,Brad Lardon,"3' 4""",16.667,5,81
40,Hideto Tanihara,"3' 4""",13.167,4,47
40,Duffy Waldorf,"3' 4""",16.583,5,56
44,Paul Azinger,"3' 6""",45.750,13,4
45,Brian Gay,"3' 8""",29.417,8,27
45,Brenden Pappas,"3' 8""",25.917,7,27
47,Arjun Atwal,"3' 9""",29.917,8,110
47,Jonathan Kaye,"3' 9""",33.833,9,98
49,Retief Goosen,"3' 10""",26.750,7,2
49,John Senden,"3' 10""",15.417,4,115
51,Robert Gamez,"4' 1""",20.250,5,95
51,Shaun Micheel,"4' 1""",16.250,4,34
53,Michael Allen,"4' 2""",24.917,6,23
54,Bob Burns,"4' 4""",34.583,8,51
55,Luke Donald,"4' 5""",8.833,2,91
56,Woody Austin,"4' 6""",49.250,11,25
57,Steve Allan,"4' 8""",28.000,6,18
57,Jeff Brehaut,"4' 8""",28.000,6,14
57,Jonathan Byrd,"4' 8""",32.917,7,10
57,Heath Slocum,"4' 8""",32.667,7,110
61,Fred Funk,"4' 9""",23.583,5,125
62,John Riegger,"4' 10""",33.833,7,7
63,Scott Simpson,"4' 11""",29.500,6,59
64,Danny Briggs,"5' 0""",35.167,7,92
64,Bart Bryant,"5' 0""",29.917,6,75
66,Lucas Glover,"5' 1""",40.500,8,139
66,Shigeki Maruyama,"5' 1""",35.667,7,72
68,Joe Durant,"5' 3""",15.750,3,18
68,Loren Roberts,"5' 3""",42.167,8,99
70,Frank Lickliter II,"5' 9""",28.917,5,79
71,D.J. Brigman,"5' 11""",41.500,7,99
72,Hidemichi Tanaka,"6' 4""",69.333,11,71
73,Joe Ogilvie,"6' 11""",48.583,7,66
74,Cameron Beckman,"7' 8""",69.167,9,21
75,Mark Hensby,"8' 0""",64.000,8,69
75,Andre Stolz,"8' 0""",23.917,3,113
77,Todd Fischer,"8' 6""",59.583,7,80
78,Aaron Baddeley,"9' 9""",29.250,3,60
79,Rod Pampling,"9' 11""",29.667,3,27
