rank,player,Avg dtp,Total Distance (Feet),Attempts
1,Jerry Kelly,"3' 11""",66.500,17
2,Corey Pavin,"4' 2""",95.000,23
3,John Huston,"4' 9""",81.250,17
4,Shaun Micheel,"4' 11""",93.333,19
5,Fred Funk,"5' 0""",69.917,14
6,Charles Howell III,"5' 1""",91.833,18
7,Ernie Els,"5' 3""",94.083,18
8,Paul Azinger,"5' 4""",149.083,28
8,Retief Goosen,"5' 4""",122.083,23
8,Bo Van Pelt,"5' 4""",95.917,18
11,Michael Allen,"5' 5""",96.750,18
11,Craig Bowden,"5' 5""",103.417,19
13,Jonathan Byrd,"5' 7""",127.917,23
13,Davis Love III,"5' 7""",117.750,21
15,Ken Duke,"5' 11""",142.833,24
15,Hideto Tanihara,"5' 11""",141.417,24
17,Joe Durant,"6' 0""",72.167,12
18,Woody Austin,"6' 2""",136.417,22
19,Jesper Parnevik,"6' 3""",137.167,22
20,Jason Dufner,"6' 4""",107.167,17
21,Briny Baird,"6' 6""",123.167,19
21,Scott Simpson,"6' 6""",175.250,27
23,Pat Perez,"6' 7""",139.083,21
23,Heath Slocum,"6' 7""",137.500,21
25,Frank Lickliter II,"6' 8""",112.917,17
26,Tommy Armour III,"6' 10""",143.250,21
26,Jason Bohn,"6' 10""",176.667,26
28,Bob Burns,"7' 0""",168.667,24
28,Shigeki Maruyama,"7' 0""",146.833,21
30,Mark Hensby,"7' 1""",134.000,19
31,Chris Riley,"7' 3""",153.000,21
32,David Ishii,"7' 5""",177.917,24
32,Duffy Waldorf,"7' 5""",155.333,21
34,Rod Pampling,"7' 6""",143.250,19
34,John Riegger,"7' 6""",135.250,18
36,Peter Jacobsen,"7' 7""",166.417,22
37,John Senden,"7' 8""",123.083,16
38,Pat Bates,"7' 9""",124.417,16
38,Kevin Na,"7' 9""",132.417,17
40,Steve Allan,"7' 10""",180.750,23
40,Carlos Franco,"7' 10""",124.667,16
42,Omar Uresti,"7' 11""",167.083,21
43,Cameron Beckman,"8' 0""",215.667,27
43,Ben Crane,"8' 0""",175.333,22
45,Jeff Brehaut,"8' 1""",169.833,21
45,Richard Johnson,"8' 1""",209.333,26
45,John Maginnes,"8' 1""",128.833,16
45,Andre Stolz,"8' 1""",145.333,18
49,Ryan Palmer,"8' 2""",187.250,23
50,Jonathan Kaye,"8' 3""",164.333,20
51,Bart Bryant,"8' 4""",158.167,19
51,Tjaart van der Walt,"8' 4""",166.833,20
53,Kenichi Kuboya,"8' 7""",136.667,16
54,Craig Barlow,"8' 9""",158.083,18
54,Danny Briggs,"8' 9""",130.667,15
56,Harrison Frazar,"8' 10""",211.333,24
56,Brian Gay,"8' 10""",203.083,23
58,Tim Herron,"8' 11""",152.083,17
59,Stephen Ames,"9' 0""",134.583,15
60,Ted Purdy,"9' 2""",174.667,19
61,Luke Donald,"9' 3""",139.000,15
62,Robert Gamez,"9' 5""",151.083,16
63,Loren Roberts,"9' 9""",283.667,29
63,Vijay Singh,"9' 9""",184.500,19
65,Russ Cochran,"10' 0""",180.250,18
66,Brent Geiberger,"10' 1""",181.083,18
67,Brad Lardon,"10' 2""",173.250,17
68,Joe Ogilvie,"10' 3""",246.500,24
69,Tom Lehman,"10' 5""",187.833,18
70,Olin Browne,"10' 6""",210.167,20
70,Brenden Pappas,"10' 6""",231.167,22
72,Lucas Glover,"10' 7""",211.583,20
73,Hidemichi Tanaka,"10' 8""",266.583,25
74,Aaron Baddeley,"11' 2""",190.417,17
74,Tom Carter,"11' 2""",289.500,26
76,Bobby Kalinowski,"11' 8""",304.333,26
77,Todd Fischer,"11' 10""",284.917,24
78,D.J. Brigman,"12' 0""",276.917,23
79,Arjun Atwal,"12' 11""",271.167,21
