rank,player,Avg DTP,Total Distance (feet),# of Shots,Scrambling Rank
1,Boo Weekley,"2' 1""",2.083,1,8
2,Richard Johnson,"2' 8""",5.333,2,13
3,Ernie Els,"4' 2""",4.167,1,3
4,K.J. Choi,"4' 3""",8.417,2,18
5,Daniel Chopra,"5' 3""",15.833,3,32
6,Geoff Ogilvy,"5' 10""",17.417,3,9
7,Will MacKenzie,"6' 9""",13.500,2,9
8,Davis Love III,"7' 4""",7.333,1,27
9,Ryuji Imada,"7' 8""",30.583,4,23
10,Anthony Kim,"8' 8""",25.917,3,6
10,Parker McLachlin,"8' 8""",17.333,2,25
12,Brian Gay,"8' 10""",17.583,2,2
13,Kenny Perry,"9' 1""",18.083,2,5
13,Camilo Villegas,"9' 1""",9.083,1,20
15,Zach Johnson,"9' 5""",9.417,1,15
16,Sean O'Hair,"9' 11""",29.750,3,1
17,Cameron Beckman,"11' 2""",11.167,1,31
18,Johnson Wagner,"12' 5""",24.833,2,6
19,Andres Romero,"12' 9""",25.417,2,26
20,Greg Kraft,"12' 10""",38.500,3,14
21,Vijay Singh,"12' 11""",38.667,3,24
22,Steve Lowery,"13' 3""",39.667,3,29
23,D.J. Trahan,"13' 10""",27.583,2,27
24,Chez Reavie,"14' 0""",14.000,1,17
25,Adam Scott,"14' 6""",58.000,4,16
26,Stewart Cink,"15' 1""",30.167,2,19
27,Dustin Johnson,"15' 9""",47.333,3,20
28,Ryan Palmer,"17' 1""",34.083,2,30
29,J.B. Holmes,"17' 4""",86.583,5,33
30,Carl Pettersson,"20' 8""",41.333,2,9
31,Marc Turnesa,"24' 2""",48.333,2,22
