rank,player,Avg DTP,Total Distance (feet),# of Shots,Scrambling Rank
1,Geoff Ogilvy,"6' 6""",45.250,7,9
2,Trevor Immelman,"6' 11""",34.583,5,9
3,Will MacKenzie,"7' 1""",63.667,9,9
4,Ryuji Imada,"7' 10""",86.417,11,23
5,Sean O'Hair,"8' 0""",39.833,5,1
6,Johnson Wagner,"8' 6""",67.917,8,6
7,Parker McLachlin,"8' 7""",51.500,6,25
8,Adam Scott,"8' 8""",77.833,9,16
8,D.J. Trahan,"8' 8""",26.083,3,27
10,Zach Johnson,"9' 0""",45.167,5,15
11,K.J. Choi,"9' 3""",46.167,5,18
12,Camilo Villegas,"9' 7""",67.000,7,20
13,Ernie Els,"10' 7""",63.250,6,3
14,Davis Love III,"11' 4""",79.167,7,27
14,Carl Pettersson,"11' 4""",113.500,10,9
16,Richard Johnson,"11' 6""",103.333,9,13
17,Stewart Cink,"12' 1""",96.917,8,19
18,J.B. Holmes,"12' 2""",133.500,11,33
19,Steve Lowery,"12' 5""",87.000,7,29
20,Ryan Palmer,"12' 9""",63.917,5,30
20,Marc Turnesa,"12' 9""",101.917,8,22
22,Anthony Kim,"13' 9""",55.083,4,6
23,Justin Leonard,"14' 10""",59.250,4,4
24,Daniel Chopra,"15' 1""",60.333,4,32
25,Brian Gay,"15' 4""",46.083,3,2
26,Kenny Perry,"15' 7""",140.250,9,5
27,Andres Romero,"16' 4""",147.083,9,26
28,Greg Kraft,"17' 9""",124.250,7,14
29,Chez Reavie,"18' 6""",73.917,4,17
30,Cameron Beckman,"19' 0""",114.000,6,31
31,Boo Weekley,"21' 3""",63.750,3,8
32,Vijay Singh,"22' 10""",91.333,4,24
33,Dustin Johnson,"24' 6""",196.250,8,20
