rank,player,Avg DTP,Total Distance (feet),# of Shots,Scrambling Rank
1,Richard Johnson,"2' 2""",13.000,6,13
2,K.J. Choi,"3' 0""",15.083,5,18
3,Anthony Kim,"3' 8""",22.000,6,6
4,Geoff Ogilvy,"4' 0""",27.917,7,9
5,Johnson Wagner,"4' 1""",12.250,3,6
6,Parker McLachlin,"4' 10""",19.417,4,25
7,Ernie Els,"4' 11""",64.250,13,3
8,Trevor Immelman,"5' 5""",26.917,5,9
8,Ryan Palmer,"5' 5""",43.000,8,30
10,Dustin Johnson,"5' 9""",52.000,9,20
10,Camilo Villegas,"5' 9""",51.583,9,20
12,Cameron Beckman,"5' 11""",41.167,7,31
13,Daniel Chopra,"6' 0""",78.250,13,32
13,Brian Gay,"6' 0""",35.917,6,2
15,Ryuji Imada,"6' 1""",55.083,9,23
16,Zach Johnson,"6' 2""",55.667,9,15
17,Sean O'Hair,"6' 5""",57.500,9,1
18,Greg Kraft,"6' 11""",41.417,6,14
18,Andres Romero,"6' 11""",96.500,14,26
20,Stewart Cink,"7' 1""",56.833,8,19
21,Will MacKenzie,"7' 10""",55.000,7,9
22,Kenny Perry,"8' 2""",32.667,4,5
23,Carl Pettersson,"8' 3""",74.333,9,9
23,Boo Weekley,"8' 3""",73.917,9,8
25,Vijay Singh,"8' 9""",61.500,7,24
26,Chez Reavie,"9' 2""",64.333,7,17
27,Steve Lowery,"9' 4""",84.000,9,29
28,J.B. Holmes,"9' 9""",68.500,7,33
28,Adam Scott,"9' 9""",48.833,5,16
30,Marc Turnesa,"11' 2""",55.750,5,22
31,Davis Love III,"11' 7""",34.750,3,27
32,Justin Leonard,"12' 5""",24.833,2,4
33,D.J. Trahan,"15' 0""",60.000,4,27
