rank,player,Avg DTP,Total Distance (feet),# of Shots,Scrambling Rank
1,Greg Kraft,"0""",0,1,14
2,Parker McLachlin,"11""",2.667,3,25
3,Dustin Johnson,"1' 6""",6.000,4,20
4,Chez Reavie,"1' 9""",1.750,1,17
5,Cameron Beckman,"2' 0""",2.000,1,31
6,Marc Turnesa,"2' 5""",4.750,2,22
7,D.J. Trahan,"2' 6""",2.500,1,27
8,Stewart Cink,"2' 7""",2.583,1,19
9,Ernie Els,"3' 3""",13.083,4,3
10,Geoff Ogilvy,"3' 4""",3.333,1,9
11,Anthony Kim,"3' 6""",3.500,1,6
11,Justin Leonard,"3' 6""",6.917,2,4
13,Daniel Chopra,"3' 9""",14.917,4,32
14,Brian Gay,"3' 10""",3.833,1,2
15,Ryuji Imada,"4' 2""",8.333,2,23
16,Camilo Villegas,"4' 3""",8.417,2,20
17,Davis Love III,"4' 10""",9.583,2,27
18,K.J. Choi,"5' 0""",15.000,3,18
19,Vijay Singh,"5' 1""",10.167,2,24
20,Kenny Perry,"5' 3""",10.417,2,5
21,Carl Pettersson,"5' 9""",5.750,1,9
22,Ryan Palmer,"7' 7""",22.750,3,30
23,Richard Johnson,"8' 4""",16.667,2,13
24,Johnson Wagner,"9' 0""",27.083,3,6
25,Adam Scott,"10' 11""",21.750,2,16
