rank,player,Avg DTP,Total Distance (feet),# of Shots,Scrambling Rank
1,Justin Leonard,"3' 4""",16.583,5,4
2,Will MacKenzie,"4' 4""",21.833,5,9
3,Geoff Ogilvy,"5' 0""",20.083,4,9
4,Camilo Villegas,"5' 10""",29.250,5,20
5,Trevor Immelman,"6' 8""",53.333,8,9
6,Sean O'Hair,"6' 9""",33.667,5,1
7,Adam Scott,"6' 10""",88.333,13,16
8,Dustin Johnson,"6' 11""",34.667,5,20
8,Kenny Perry,"6' 11""",41.583,6,5
10,Daniel Chopra,"7' 0""",34.917,5,32
10,Marc Turnesa,"7' 0""",49.000,7,22
12,Zach Johnson,"7' 1""",35.417,5,15
13,Johnson Wagner,"7' 4""",66.333,9,6
14,Cameron Beckman,"7' 7""",30.417,4,31
15,Anthony Kim,"8' 4""",92.000,11,6
16,K.J. Choi,"8' 9""",104.667,12,18
17,J.B. Holmes,"9' 0""",53.750,6,33
18,Parker McLachlin,"9' 4""",120.917,13,25
19,Ryan Palmer,"9' 5""",85.083,9,30
20,Carl Pettersson,"9' 6""",57.000,6,9
21,Vijay Singh,"9' 8""",96.917,10,24
22,Ryuji Imada,"9' 11""",39.500,4,23
23,Brian Gay,"10' 1""",70.833,7,2
23,Boo Weekley,"10' 1""",70.833,7,8
25,Richard Johnson,"10' 2""",40.500,4,13
26,Greg Kraft,"10' 4""",92.750,9,14
27,D.J. Trahan,"10' 6""",73.583,7,27
28,Steve Lowery,"11' 5""",102.667,9,29
29,Stewart Cink,"11' 11""",95.083,8,19
30,Davis Love III,"12' 2""",145.750,12,27
31,Andres Romero,"12' 9""",89.083,7,26
32,Ernie Els,"13' 2""",105.250,8,3
33,Chez Reavie,"14' 2""",42.500,3,17
