rank,player,Avg dtp,Total Distance (Feet),Attempts
1,Geoff Ogilvy,"4' 11""",39.583,8
2,Sean O'Hair,"5' 1""",45.500,9
3,Ernie Els,"5' 7""",83.250,15
4,Carl Pettersson,"5' 9""",63.333,11
5,Justin Leonard,"6' 1""",36.583,6
6,Johnson Wagner,"6' 7""",72.667,11
7,Anthony Kim,"6' 8""",66.917,10
8,Will MacKenzie,"7' 0""",55.917,8
9,K.J. Choi,"7' 1""",85.250,12
10,Vijay Singh,"7' 6""",104.917,14
11,Richard Johnson,"7' 8""",122.417,16
12,Boo Weekley,"8' 2""",57.417,7
13,Kenny Perry,"8' 3""",65.750,8
14,Camilo Villegas,"8' 8""",78.333,9
15,Brian Gay,"8' 9""",113.333,13
16,Zach Johnson,"9' 3""",110.500,12
17,Dustin Johnson,"9' 7""",86.250,9
18,D.J. Trahan,"9' 9""",77.667,8
19,Trevor Immelman,"9' 11""",89.583,9
20,J.B. Holmes,"10' 8""",138.583,13
21,Ryan Palmer,"10' 10""",129.667,12
22,Andres Romero,"10' 11""",153.083,14
23,Chez Reavie,"11' 5""",103.083,9
24,Marc Turnesa,"11' 7""",208.583,18
25,Greg Kraft,"11' 8""",186.667,16
26,Parker McLachlin,"12' 5""",111.583,9
27,Davis Love III,"12' 7""",88.250,7
28,Adam Scott,"12' 8""",190.167,15
29,Cameron Beckman,"13' 11""",139.417,10
30,Stewart Cink,"14' 3""",184.750,13
31,Daniel Chopra,"16' 1""",241.083,15
32,Ryuji Imada,"17' 9""",266.083,15
33,Steve Lowery,"19' 0""",246.583,13
