rank,player,Avg DTP,Total Distance (feet),# of Shots,Scrambling Rank
1,Sean O'Hair,"5' 7""",33.500,6,1
2,Will MacKenzie,"5' 10""",23.250,4,9
3,Geoff Ogilvy,"6' 0""",30.083,5,9
4,K.J. Choi,"6' 9""",61.000,9,18
5,Trevor Immelman,"7' 2""",21.417,3,9
6,Ernie Els,"7' 8""",106.833,14,3
7,Anthony Kim,"8' 4""",58.167,7,6
8,Richard Johnson,"8' 6""",42.583,5,13
9,Greg Kraft,"8' 7""",68.500,8,14
9,Camilo Villegas,"8' 7""",51.250,6,20
11,Ryuji Imada,"8' 11""",107.250,12,23
11,Zach Johnson,"8' 11""",35.583,4,15
11,Johnson Wagner,"8' 11""",98.500,11,6
14,Chez Reavie,"9' 0""",63.083,7,17
15,J.B. Holmes,"9' 2""",128.833,14,33
15,Adam Scott,"9' 2""",55.000,6,16
17,Carl Pettersson,"9' 6""",94.917,10,9
18,Parker McLachlin,"9' 9""",97.333,10,25
19,Marc Turnesa,"10' 8""",85.417,8,22
20,Ryan Palmer,"10' 11""",87.417,8,30
21,Brian Gay,"11' 4""",45.250,4,2
21,Dustin Johnson,"11' 4""",170.333,15,20
23,Daniel Chopra,"12' 0""",95.667,8,32
23,D.J. Trahan,"12' 0""",60.167,5,27
25,Stewart Cink,"12' 2""",109.583,9,19
25,Davis Love III,"12' 2""",194.250,16,27
27,Steve Lowery,"12' 5""",99.583,8,29
28,Cameron Beckman,"13' 8""",54.583,4,31
29,Boo Weekley,"15' 4""",168.583,11,8
30,Vijay Singh,"15' 9""",126.083,8,24
31,Andres Romero,"15' 10""",237.667,15,26
32,Justin Leonard,"16' 3""",81.250,5,4
33,Kenny Perry,"20' 4""",61.083,3,5
