rank,player,Avg DTP,Total Distance (feet),# of Shots,Scrambling Rank
1,Justin Leonard,"3' 2""",.191,5,4
2,Johnson Wagner,"4' 4""",.472,9,6
3,Geoff Ogilvy,"4' 10""",.522,9,9
4,Daniel Chopra,"5' 1""",.611,10,32
5,Andres Romero,"5' 2""",.685,11,26
6,Ryuji Imada,"5' 11""",.496,7,23
7,Trevor Immelman,"6' 1""",1.024,14,9
8,Camilo Villegas,"6' 2""",1.035,14,20
8,Boo Weekley,"6' 2""",.372,5,8
10,Adam Scott,"6' 7""",1.178,15,16
11,Sean O'Hair,"6' 10""",.493,6,1
11,Marc Turnesa,"6' 10""",.822,10,22
13,Zach Johnson,"6' 11""",1.083,13,15
14,Ryan Palmer,"7' 1""",1.017,12,30
15,Will MacKenzie,"7' 8""",1.190,13,9
15,Parker McLachlin,"7' 8""",.826,9,25
17,Anthony Kim,"7' 10""",1.031,11,6
18,Vijay Singh,"7' 11""",1.142,12,24
19,J.B. Holmes,"8' 1""",.484,5,33
20,Stewart Cink,"8' 3""",1.186,12,19
21,K.J. Choi,"8' 4""",1.096,11,18
22,Carl Pettersson,"8' 9""",1.366,13,9
23,Brian Gay,"9' 2""",1.097,10,2
24,Ernie Els,"9' 7""",1.501,13,3
24,Steve Lowery,"9' 7""",1.613,14,29
26,Cameron Beckman,"10' 0""",1.438,12,31
27,Kenny Perry,"10' 1""",1.570,13,5
28,Richard Johnson,"10' 2""",1.467,12,13
29,D.J. Trahan,"10' 3""",.863,7,27
30,Dustin Johnson,"11' 6""",.825,6,20
31,Davis Love III,"12' 1""",.723,5,27
32,Greg Kraft,"15' 11""",1.719,9,14
33,Chez Reavie,"16' 9""",1.205,6,17
