rank,player,Avg,Total Distance (feet),# of Attempts,Relative to par
1,Jimmy Walker,"11' 4""",11.333,1,-1
2,Hideki Matsuyama,"11' 10""",11.833,1,-1
3,Brian Stuard,"13' 8""",13.667,1,E
4,Greg Chalmers,"29' 5""",29.417,1,E
5,Brendan Steele,"53' 2""",53.167,1,+1
6,Daniel Berger,"55' 9""",55.750,1,+1
7,Aaron Baddeley,"73' 8""",147.333,2,E
8,Rod Pampling,"89' 10""",89.833,1,E
9,Mackenzie Hughes,"90' 3""",90.250,1,E
10,Patrick Reed,"90' 6""",181.000,2,E
11,Russell Knox,"102' 2""",102.167,1,E
12,Brandt Snedeker,"119' 3""",119.250,1,-1
