rank,player,Avg,Total Distance (feet),# of Attempts,Relative to par
1,William McGirt,"19' 0""",56.917,3,E
2,Mackenzie Hughes,"20' 11""",41.833,2,-1
3,Aaron Baddeley,"23' 9""",47.500,2,E
4,Charley Hoffman,"24' 5""",48.750,2,E
5,Jhonattan Vegas,"27' 8""",55.250,2,E
6,Brandt Snedeker,"28' 4""",56.667,2,E
7,Jimmy Walker,"29' 2""",116.500,4,E
8,Brendan Steele,"31' 6""",62.917,2,E
9,Pat Perez,"31' 8""",95.000,3,+1
10,Dustin Johnson,"31' 10""",95.500,3,-1
11,Billy Hurley III,"32' 2""",64.250,2,E
12,Jason Day,"34' 9""",34.750,1,E
13,Russell Knox,"35' 2""",35.167,1,E
14,Fabián Gómez,"36' 7""",109.833,3,E
15,Hideki Matsuyama,"36' 11""",147.750,4,+1
16,Ryan Moore,"37' 3""",111.833,3,E
17,Jordan Spieth,"37' 7""",188.083,5,E
18,Daniel Berger,"38' 1""",114.250,3,E
19,Jim Herman,"38' 4""",115.000,3,+1
20,Greg Chalmers,"39' 4""",39.333,1,E
21,Patrick Reed,"39' 10""",119.417,3,+1
22,Cody Gribble,"42' 0""",167.917,4,-2
23,Bubba Watson,"42' 7""",170.250,4,+2
24,Tony Finau,"43' 11""",131.750,3,E
25,James Hahn,"46' 9""",46.750,1,+1
26,Justin Thomas,"53' 2""",159.417,3,E
27,Branden Grace,"55' 9""",222.833,4,+3
28,Jason Dufner,"58' 1""",174.250,3,E
29,Rod Pampling,"63' 11""",63.917,1,E
30,Si Woo Kim,"69' 1""",276.167,4,+2
