rank,player,Avg,Total Distance (feet),# of Attempts,Relative to par
1,Brian Stuard,"13' 8""",13.667,1,E
2,Greg Chalmers,"29' 5""",29.417,1,E
3,Jimmy Walker,"30' 9""",61.500,2,E
4,Pat Perez,"30' 11""",30.917,1,-1
5,Jordan Spieth,"34' 2""",34.167,1,-1
6,James Hahn,"38' 4""",76.583,2,E
7,Cody Gribble,"48' 0""",48.000,1,-1
8,Charley Hoffman,"51' 3""",153.833,3,E
9,Branden Grace,"52' 3""",52.250,1,-1
10,Jason Day,"53' 10""",161.500,3,-2
11,Jason Dufner,"54' 2""",54.167,1,-1
12,Brendan Steele,"58' 8""",234.750,4,+1
13,Si Woo Kim,"61' 4""",306.667,5,+1
14,Daniel Berger,"62' 5""",124.750,2,+1
15,Tony Finau,"64' 5""",64.417,1,-1
16,Jhonattan Vegas,"68' 5""",136.833,2,+1
17,Bubba Watson,"69' 5""",69.417,1,-1
18,Hideki Matsuyama,"74' 8""",298.750,4,-2
19,Rod Pampling,"75' 2""",150.250,2,E
20,Jim Herman,"77' 6""",77.500,1,E
21,Dustin Johnson,"82' 0""",164.000,2,-2
22,Mackenzie Hughes,"87' 0""",174.000,2,E
23,Justin Thomas,"88' 10""",88.833,1,-1
24,Patrick Reed,"90' 6""",181.000,2,E
25,Fabián Gómez,"93' 6""",187.000,2,E
26,Aaron Baddeley,"96' 8""",289.917,3,+1
27,Russell Knox,"102' 2""",102.167,1,E
28,Brandt Snedeker,"109' 1""",218.083,2,E
29,Vaughn Taylor,"125' 3""",125.250,1,E
