rank,player,Avg,Total Distance (feet),# of Attempts,Relative to par
1,Bubba Watson,"10' 8""",10.667,1,E
2,Brian Stuard,"11' 3""",22.417,2,E
3,Greg Chalmers,"12' 5""",24.833,2,-1
4,Jhonattan Vegas,"14' 5""",28.833,2,E
5,Justin Thomas,"14' 7""",72.833,5,-2
6,Rod Pampling,"14' 10""",14.833,1,E
7,Tony Finau,"16' 6""",16.500,1,E
8,Daniel Berger,"17' 6""",17.500,1,E
9,Branden Grace,"18' 4""",73.167,4,+1
10,Brendan Steele,"18' 10""",37.667,2,-1
11,James Hahn,"21' 6""",64.417,3,-1
12,Brandt Snedeker,"21' 10""",43.583,2,E
13,Jim Herman,"24' 2""",48.333,2,-1
14,Russell Knox,"25' 6""",25.500,1,E
15,Jason Dufner,"26' 8""",26.667,1,E
16,Aaron Baddeley,"27' 2""",27.167,1,E
17,Dustin Johnson,"27' 6""",110.000,4,E
18,Billy Hurley III,"29' 1""",87.250,3,+2
19,Fabián Gómez,"31' 6""",62.917,2,E
20,Jimmy Walker,"35' 6""",106.500,3,E
21,Vaughn Taylor,"37' 3""",74.500,2,E
22,Pat Perez,"40' 3""",120.750,3,+1
23,Jason Day,"42' 2""",126.500,3,+1
24,Mackenzie Hughes,"50' 2""",100.333,2,E
25,Cody Gribble,"54' 9""",54.750,1,E
