rank,player,Avg,Attempts,Total Distance (feet),Relative to par
1,Justin Thomas,"15' 3""",4,61.083,-2.00
2,Branden Grace,"19' 10""",7,138.833,-3.00
3,Greg Chalmers,"21' 11""",7,153.500,E
3,James Hahn,"21' 11""",6,131.500,-3.00
5,Billy Hurley III,"22' 3""",7,155.583,+1.00
6,William McGirt,"23' 4""",2,46.667,-1.00
7,Jimmy Walker,"25' 0""",3,75.083,-1.00
8,Tony Finau,"25' 6""",8,203.667,-2.00
9,Fabián Gómez,"25' 8""",4,102.500,E
10,Brian Stuard,"25' 9""",6,154.500,-1.00
11,Brendan Steele,"26' 5""",5,132.167,-4.00
12,Bubba Watson,"28' 0""",6,167.833,+1.00
13,Rod Pampling,"29' 6""",2,58.917,E
14,Jhonattan Vegas,"33' 4""",6,199.833,-1.00
15,Daniel Berger,"35' 3""",4,141.083,+1.00
16,Jim Herman,"36' 9""",6,220.417,-1.00
17,Jason Dufner,"38' 1""",7,266.417,-1.00
18,Pat Perez,"38' 10""",4,155.167,E
19,Cody Gribble,"39' 3""",9,353.167,-1.00
20,Dustin Johnson,"40' 3""",9,362.167,-3.00
21,Charley Hoffman,"40' 8""",5,203.250,+2.00
22,Brandt Snedeker,"44' 9""",8,357.917,E
23,Si Woo Kim,"46' 8""",7,326.417,+3.00
23,Vaughn Taylor,"46' 8""",5,233.250,-1.00
25,Ryan Moore,"47' 0""",4,187.917,E
26,Jason Day,"47' 2""",5,235.833,+1.00
27,Mackenzie Hughes,"47' 3""",12,566.833,E
28,Russell Knox,"50' 2""",4,200.500,+1.00
29,Aaron Baddeley,"53' 3""",6,319.667,E
30,Patrick Reed,"62' 8""",4,250.500,+1.00
31,Hideki Matsuyama,"68' 7""",5,342.917,-2.00
