rank,player,Avg,Total Distance (feet),# of Attempts,Relative to par
1,Tony Finau,"14' 3""",71.333,5,-1
2,Justin Thomas,"14' 7""",72.833,5,-2
3,Jason Dufner,"14' 8""",73.250,5,-1
4,James Hahn,"15' 4""",122.500,8,-3
5,Bubba Watson,"15' 9""",63.083,4,+1
6,Branden Grace,"16' 7""",182.667,11,+1
7,Brendan Steele,"18' 2""",90.667,5,-2
8,Rod Pampling,"20' 1""",80.417,4,-1
9,Billy Hurley III,"21' 3""",149.000,7,+3
10,Aaron Baddeley,"21' 5""",85.667,4,-2
11,Russell Knox,"21' 10""",109.250,5,-2
12,William McGirt,"22' 10""",91.333,4,E
13,Jim Herman,"23' 7""",141.583,6,-1
14,Brian Stuard,"26' 9""",187.500,7,-2
15,Greg Chalmers,"26' 10""",134.250,5,-1
16,Hideki Matsuyama,"27' 7""",165.417,6,E
17,Dustin Johnson,"29' 6""",206.417,7,E
18,Vaughn Taylor,"29' 7""",118.333,4,-1
19,Fabián Gómez,"32' 1""",128.333,4,E
20,Jhonattan Vegas,"32' 5""",162.250,5,+3
21,Daniel Berger,"33' 2""",132.750,4,+1
22,Charley Hoffman,"34' 1""",238.667,7,+2
23,Cody Gribble,"34' 2""",136.667,4,+1
24,Jordan Spieth,"36' 3""",108.833,3,E
25,Brandt Snedeker,"36' 7""",256.333,7,+3
26,Jimmy Walker,"36' 8""",329.833,9,-1
27,Pat Perez,"37' 5""",224.583,6,E
28,Jason Day,"38' 2""",267.167,7,+2
28,Si Woo Kim,"38' 2""",267.417,7,+3
30,Ryan Moore,"40' 0""",80.000,2,E
31,Mackenzie Hughes,"45' 4""",317.500,7,+1
