rank,player,Avg,Total Distance (feet),# of Attempts,Relative to par
1,Tony Finau,"11' 4""",34.000,3,E
2,Jason Dufner,"12' 1""",36.333,3,-1
3,Brendan Steele,"12' 8""",25.333,2,-1
4,Dustin Johnson,"12' 10""",12.833,1,E
5,Fabián Gómez,"13' 11""",13.917,1,E
6,Branden Grace,"14' 5""",72.250,5,-2
7,Aaron Baddeley,"15' 0""",15.000,1,-1
8,Billy Hurley III,"15' 5""",61.750,4,+1
9,James Hahn,"17' 9""",35.500,2,-1
10,Bubba Watson,"21' 6""",43.000,2,+1
11,Cody Gribble,"21' 11""",43.833,2,E
11,Vaughn Taylor,"21' 11""",43.833,2,-1
13,Jim Herman,"22' 3""",44.417,2,E
14,Si Woo Kim,"23' 6""",93.833,4,E
15,Jason Day,"29' 7""",59.167,2,+1
16,Rod Pampling,"30' 2""",60.333,2,E
17,William McGirt,"31' 1""",62.083,2,+1
18,Jimmy Walker,"36' 7""",182.833,5,-1
19,Daniel Berger,"36' 9""",73.500,2,+1
20,Brian Stuard,"39' 1""",156.250,4,-1
21,Brandt Snedeker,"39' 8""",118.917,3,+1
22,Ryan Moore,"40' 0""",80.000,2,E
23,Hideki Matsuyama,"40' 4""",80.667,2,E
24,Russell Knox,"44' 6""",44.500,1,E
25,Mackenzie Hughes,"45' 8""",182.500,4,+1
26,Pat Perez,"46' 9""",93.500,2,E
27,Charley Hoffman,"50' 10""",152.583,3,+2
28,Jhonattan Vegas,"56' 11""",56.917,1,E
29,Greg Chalmers,"87' 2""",87.167,1,+1
