rank,player,Avg,Total Distance (feet),# of Attempts,Relative to par
1,Pat Perez,"30' 11""",30.917,1,-1
2,Jordan Spieth,"34' 2""",34.167,1,-1
3,James Hahn,"38' 4""",76.583,2,E
4,Si Woo Kim,"42' 2""",84.250,2,-1
5,Cody Gribble,"48' 0""",48.000,1,-1
6,Jimmy Walker,"50' 2""",50.167,1,+1
7,Charley Hoffman,"51' 3""",153.833,3,E
8,Branden Grace,"52' 3""",52.250,1,-1
9,Jason Day,"53' 10""",161.500,3,-2
10,Jason Dufner,"54' 2""",54.167,1,-1
11,Rod Pampling,"60' 5""",60.417,1,E
12,Tony Finau,"64' 5""",64.417,1,-1
13,Hideki Matsuyama,"65' 2""",130.250,2,E
14,Jhonattan Vegas,"68' 5""",136.833,2,+1
15,Daniel Berger,"69' 0""",69.000,1,E
16,Bubba Watson,"69' 5""",69.417,1,-1
17,Jim Herman,"77' 6""",77.500,1,E
18,Brendan Steele,"81' 0""",162.000,2,E
19,Dustin Johnson,"82' 0""",164.000,2,-2
20,Mackenzie Hughes,"83' 9""",83.750,1,E
21,Justin Thomas,"88' 10""",88.833,1,-1
22,Fabián Gómez,"93' 6""",187.000,2,E
23,Brandt Snedeker,"98' 10""",98.833,1,+1
24,Aaron Baddeley,"142' 7""",142.583,1,+1
