rank,player,Avg,Total Distance (feet),# of Attempts,Relative to par
1,James Hahn,"14' 6""",87.000,6,-2
2,William McGirt,"14' 8""",29.250,2,-1
3,Tony Finau,"15' 5""",46.167,3,-1
4,Bubba Watson,"15' 8""",46.917,3,E
5,Greg Chalmers,"17' 8""",123.500,7,-1
6,Patrick Reed,"17' 9""",35.500,2,+1
7,Brian Stuard,"18' 2""",72.500,4,-2
8,Branden Grace,"18' 5""",110.417,6,+3
9,Jason Dufner,"18' 6""",36.917,2,E
10,Hideki Matsuyama,"21' 2""",84.750,4,E
10,Justin Thomas,"21' 2""",126.750,6,-2
12,Charley Hoffman,"21' 6""",86.083,4,E
13,Russell Knox,"21' 7""",108.083,5,-2
14,Rod Pampling,"21' 10""",65.500,3,-1
15,Aaron Baddeley,"23' 7""",70.667,3,-1
16,Jim Herman,"24' 4""",97.167,4,-1
17,Jhonattan Vegas,"26' 4""",105.333,4,+3
18,Daniel Berger,"29' 8""",59.250,2,E
19,Brendan Steele,"30' 5""",121.750,4,-1
20,Dustin Johnson,"32' 3""",193.583,6,E
21,Pat Perez,"32' 9""",131.083,4,E
22,Jimmy Walker,"32' 10""",164.333,5,E
23,Jordan Spieth,"36' 3""",108.833,3,E
24,Brandt Snedeker,"37' 1""",222.667,6,+2
25,Vaughn Taylor,"37' 3""",74.500,2,E
26,Billy Hurley III,"37' 7""",150.167,4,+2
27,Fabián Gómez,"38' 2""",114.417,3,E
28,Jason Day,"38' 3""",229.417,6,+1
29,Cody Gribble,"43' 10""",175.417,4,+1
30,Mackenzie Hughes,"45' 0""",135.000,3,E
31,Ryan Moore,"47' 10""",47.833,1,E
32,Si Woo Kim,"57' 10""",173.583,3,+3
