rank,player,Avg,Total Distance (feet),# of Attempts,Relative to par
1,Brandt Snedeker,"8' 1""",8.083,1,E
2,Brian Stuard,"13' 6""",13.500,1,E
3,Greg Chalmers,"15' 11""",15.917,1,E
4,Vaughn Taylor,"21' 6""",21.500,1,E
5,Pat Perez,"25' 0""",25.000,1,E
6,Jimmy Walker,"29' 7""",59.083,2,-1
7,Mackenzie Hughes,"31' 3""",62.417,2,E
8,Rod Pampling,"32' 2""",32.167,1,E
9,Daniel Berger,"32' 7""",65.167,2,E
10,Aaron Baddeley,"33' 4""",33.333,1,+1
11,Fabián Gómez,"39' 0""",39.000,1,E
12,Dustin Johnson,"39' 2""",39.167,1,E
13,Brendan Steele,"39' 4""",39.333,1,+1
14,Jhonattan Vegas,"41' 4""",124.000,3,E
15,Russell Knox,"42' 9""",85.417,2,+4
16,Cody Gribble,"43' 11""",131.833,3,E
17,Jason Day,"47' 0""",140.917,3,+1
18,Jim Herman,"50' 2""",50.167,1,E
19,Patrick Reed,"50' 4""",50.333,1,E
20,Billy Hurley III,"50' 7""",50.583,1,E
21,Si Woo Kim,"60' 3""",60.250,1,+1
22,Bubba Watson,"62' 11""",62.917,1,E
23,Ryan Moore,"67' 0""",67.000,1,E
24,Jason Dufner,"103' 5""",103.417,1,E
