rank,player,Avg,Total Distance (feet),# of Attempts,Relative to par
1,Charley Hoffman,"11' 0""",11.000,1,E
2,Brendan Steele,"32' 2""",160.750,5,-3
3,Dustin Johnson,"42' 7""",170.167,4,-2
4,Tony Finau,"42' 9""",85.500,2,+1
5,Mackenzie Hughes,"43' 6""",43.500,1,E
6,Jordan Spieth,"47' 10""",47.833,1,E
7,Jhonattan Vegas,"51' 4""",102.667,2,E
8,Fabián Gómez,"60' 8""",60.667,1,E
9,Branden Grace,"66' 7""",133.083,2,+1
10,Jason Day,"75' 9""",227.167,3,-2
11,Justin Thomas,"86' 3""",172.500,2,E
12,Daniel Berger,"89' 4""",89.333,1,E
13,Aaron Baddeley,"89' 10""",89.833,1,E
14,James Hahn,"92' 4""",184.667,2,+1
