rank,player,Avg,Total Distance (feet),# of Attempts,Relative to par
1,Rod Pampling,"5' 3""",5.250,1,-1
2,James Hahn,"7' 6""",22.583,3,-1
3,Brian Stuard,"8' 10""",8.833,1,-1
4,Bubba Watson,"9' 5""",9.417,1,E
5,Jason Dufner,"10' 3""",10.250,1,E
6,Pat Perez,"10' 4""",10.333,1,-1
7,Greg Chalmers,"11' 2""",22.250,2,-1
8,Russell Knox,"13' 1""",39.250,3,-2
9,William McGirt,"14' 8""",29.250,2,-1
10,Branden Grace,"18' 8""",37.250,2,+2
11,Tony Finau,"20' 10""",20.833,1,-1
12,Hideki Matsuyama,"21' 2""",84.750,4,E
13,Charley Hoffman,"21' 6""",86.083,4,E
14,Aaron Baddeley,"21' 9""",43.500,2,-1
15,Jim Herman,"24' 5""",48.833,2,E
16,Brendan Steele,"27' 8""",27.667,1,E
17,Mackenzie Hughes,"34' 8""",34.667,1,E
18,Jordan Spieth,"36' 3""",108.833,3,E
19,Cody Gribble,"38' 1""",38.083,1,+1
20,Jhonattan Vegas,"38' 3""",76.500,2,+3
21,Jimmy Walker,"40' 6""",40.500,1,E
22,Jason Day,"40' 9""",81.500,2,E
23,Daniel Berger,"41' 9""",41.750,1,E
24,Dustin Johnson,"41' 10""",83.583,2,E
25,Brandt Snedeker,"46' 11""",93.833,2,+2
26,Fabián Gómez,"51' 6""",51.500,1,E
27,Si Woo Kim,"57' 10""",173.583,3,+3
