rank,player,Avg,# of Putts,# of Holes
1,Ian Poulter,1.667,90,54
2,Dustin Johnson,1.704,92,54
2,"Ted Potter, Jr.",1.704,92,54
4,Rickie Fowler,1.722,93,54
4,Matt Kuchar,1.722,93,54
4,Brandt Snedeker,1.722,93,54
4,Steve Stricker,1.722,93,54
8,Hunter Mahan,1.741,94,54
9,Tommy Gainey,1.778,96,54
10,Jonas Blixt,1.796,97,54
10,Keegan Bradley,1.796,97,54
10,Ben Curtis,1.796,97,54
10,Jason Dufner,1.796,97,54
10,J.J. Henry,1.796,97,54
10,Webb Simpson,1.796,97,54
10,Bubba Watson,1.796,97,54
10,Mark Wilson,1.796,97,54
18,Carl Pettersson,1.815,98,54
18,Scott Piercy,1.815,98,54
18,Scott Stallings,1.815,98,54
21,Zach Johnson,1.833,99,54
21,Nick Watney,1.833,99,54
23,Charlie Beljan,1.852,100,54
23,Marc Leishman,1.852,100,54
23,Ryan Moore,1.852,100,54
23,Johnson Wagner,1.852,100,54
27,Bill Haas,1.870,101,54
28,John Huh,1.907,103,54
29,George McNeill,1.963,106,54
30,Kyle Stanley,2.056,111,54
