rank,player,Value,Attempts(<= 5'),Tot Made (>=20'),Tot Made (<= 5')
1,Mark Wilson,102.27,44,1,44
2,Brandt Snedeker,102.17,46,4,43
3,J.J. Henry,100.00,44,1,43
3,Ian Poulter,100.00,42,1,41
3,Nick Watney,100.00,45,2,43
6,Carl Pettersson,98.00,50,1,48
7,Dustin Johnson,97.78,45,0,44
8,Rickie Fowler,97.62,42,1,40
8,Tommy Gainey,97.62,42,1,40
10,John Huh,96.15,52,1,49
11,Zach Johnson,96.08,51,2,47
12,Jonas Blixt,95.92,49,2,45
12,Ryan Moore,95.92,49,0,47
12,Webb Simpson,95.92,49,1,46
12,Bubba Watson,95.92,49,1,46
16,Hunter Mahan,95.74,47,0,45
17,Keegan Bradley,95.56,45,1,42
18,Ben Curtis,94.12,51,0,48
19,Scott Piercy,93.88,49,0,46
20,Scott Stallings,93.75,48,0,45
20,Steve Stricker,93.75,48,2,43
20,Johnson Wagner,93.75,48,1,44
23,Matt Kuchar,93.18,44,1,40
24,Bill Haas,92.16,51,0,47
25,Jason Dufner,91.84,49,1,44
26,George McNeill,90.38,52,0,47
27,"Ted Potter, Jr.",89.58,48,1,42
27,Kyle Stanley,89.58,48,0,43
29,Marc Leishman,89.36,47,0,42
30,Charlie Beljan,86.79,53,0,46
