rank,player,Total
1,Rickie Fowler,14.9
2,Ian Poulter,15.7
3,Dustin Johnson,15.9
4,J.J. Henry,16.3
5,Tommy Gainey,18.9
6,Carl Pettersson,20.1
7,Hunter Mahan,20.8
8,Matt Kuchar,22.1
9,Steve Stricker,22.8
10,Mark Wilson,24.3
11,"Ted Potter, Jr.",24.6
12,Scott Stallings,26.9
13,Bubba Watson,28.8
14,Webb Simpson,31.0
15,Keegan Bradley,31.1
16,John Huh,31.4
17,Johnson Wagner,31.6
18,Jason Dufner,33.1
19,Brandt Snedeker,35.1
20,Marc Leishman,38.3
21,Scott Piercy,38.8
22,George McNeill,39.0
23,Nick Watney,39.9
24,Jonas Blixt,40.0
25,Ben Curtis,41.3
26,Charlie Beljan,41.9
27,Zach Johnson,43.5
28,Ryan Moore,46.3
29,Kyle Stanley,47.9
30,Bill Haas,51.3
