rank,player,Avg,GIR Putts,Greens Hit,Birdie Conversion
1,Brandt Snedeker,1.717,79,46,39.13
2,Matt Kuchar,1.738,73,42,35.71
3,Dustin Johnson,1.750,84,48,38.30
4,Steve Stricker,1.766,83,47,30.43
5,Rickie Fowler,1.810,76,42,33.33
6,Tommy Gainey,1.816,89,49,28.57
7,Ian Poulter,1.846,72,39,25.64
8,Keegan Bradley,1.848,85,46,31.11
8,Zach Johnson,1.848,85,46,26.67
10,J.J. Henry,1.851,87,47,19.15
10,Bubba Watson,1.851,87,47,27.66
12,Jonas Blixt,1.860,80,43,23.26
13,Webb Simpson,1.872,88,47,19.15
14,Jason Dufner,1.878,77,41,29.27
15,Scott Stallings,1.884,81,43,27.91
16,Mark Wilson,1.889,85,45,17.78
17,Nick Watney,1.909,84,44,27.27
18,Carl Pettersson,1.913,88,46,23.91
19,Hunter Mahan,1.944,70,36,22.22
20,Marc Leishman,1.952,82,42,26.19
21,Ben Curtis,1.953,84,43,18.60
22,Johnson Wagner,1.955,86,44,27.27
23,"Ted Potter, Jr.",1.971,69,35,17.14
24,Charlie Beljan,1.976,83,42,26.19
25,John Huh,1.978,91,46,17.39
26,Ryan Moore,2.000,76,38,13.16
27,Scott Piercy,2.049,84,41,26.83
28,Bill Haas,2.071,87,42,9.52
29,George McNeill,2.095,88,42,14.29
30,Kyle Stanley,2.186,94,43,18.60
