rank,player,Avg (Yards),Total Distance (inches),Number of Approach Shots
1,Rod Pampling,124.5,"49,294,000",11
2,Stuart Appleby,126.2,"40,900,000",9
3,K.J. Choi,134.8,"43,677,000",9
4,Dean Wilson,135.2,"82,714,000",17
5,Chad Campbell,137.1,"88,855,000",18
6,Carl Pettersson,137.6,"69,365,000",14
7,Joe Durant,138.8,"49,973,000",10
8,Chris Couch,139.4,"55,206,000",11
9,Brett Wetterich,140.4,"70,779,000",14
10,John Rollins,141.2,"61,018,000",12
11,Corey Pavin,141.3,"71,222,000",14
12,Geoff Ogilvy,141.8,"66,352,000",13
13,David Toms,142.5,"61,541,000",12
14,John Senden,144.5,"52,010,000",10
15,J.B. Holmes,146.4,"57,983,000",11
16,Aaron Baddeley,146.9,"79,347,000",15
17,Rory Sabbatini,147.3,"58,332,000",11
18,Davis Love III,148.3,"42,710,000",8
19,D.J. Trahan,149.3,"75,255,000",14
20,Stephen Ames,151.3,"38,138,000",7
21,Luke Donald,153.4,"44,169,000",8
22,Eric Axley,155.8,"84,152,000",15
23,Adam Scott,156.6,"50,726,000",9
24,J.J. Henry,157.3,"50,952,000",9
25,Ben Curtis,160.2,"121,083,000",21
26,Jim Furyk,161.8,"64,089,000",11
27,Trevor Immelman,164.4,"53,253,000",9
28,Jeff Maggert,169.6,"109,887,000",18
29,Troy Matteson,170.8,"55,355,000",9
30,Will MacKenzie,175.4,"69,477,000",11
31,Kirk Triplett,176.0,"63,370,000",10
32,Vijay Singh,182.4,"32,831,000",5
33,Tim Herron,199.9,"79,159,000",11
