rank,player,Distance,Tournament,Round- Course,Hole
1,Chris Couch,176,Mercedes-Benz,4,7 - Par 4 -
2,Eric Axley,60,Mercedes-Benz,2,12 - Par 4
3,Will MacKenzie,45,Mercedes-Benz,1,9 - Par 5 -
4,Trevor Immelman,24,Mercedes-Benz,1,11 - Par 3
5,D.J. Trahan,18,Mercedes-Benz,4,10 - Par 4
6,Chad Campbell,13,Mercedes-Benz,4,14 - Par 4
7,David Toms,12,Mercedes-Benz,2,12 - Par 4
8,John Rollins,10,Mercedes-Benz,2,4 - Par 4 -
9,Brett Wetterich,7,Mercedes-Benz,3,11 - Par 3
10,Ben Curtis,7,Mercedes-Benz,3,6 - Par 4 -
