rank,player,% Made,Attempts,Putts Made
1,Heath Slocum,5.00,2,1
2,Carl Pettersson,2.50,4,1
3,Olin Browne,1.67,6,1
3,Justin Leonard,1.67,6,1
5,Stuart Appleby,.00,3,-
5,Jason Bohn,.00,3,-
5,Bart Bryant,.00,4,-
5,Mark Calcavecchia,.00,3,-
5,Michael Campbell,.00,7,-
5,K.J. Choi,.00,2,-
5,Ben Crane,.00,4,-
5,Brad Faxon,.00,1,-
5,Fred Funk,.00,1,-
5,Jim Furyk,.00,4,-
5,Robert Gamez,.00,2,-
5,Sergio Garcia,.00,7,-
5,Lucas Glover,.00,7,-
5,Jason Gore,.00,2,-
5,Peter Lonard,.00,2,-
5,Sean O'Hair,.00,3,-
5,Geoff Ogilvy,.00,2,-
5,Kenny Perry,.00,6,-
5,Tim Petrovic,.00,3,-
5,"Wes Short, Jr.",.00,3,-
5,Vijay Singh,.00,5,-
5,Vaughn Taylor,.00,3,-
5,David Toms,.00,4,-
