rank,player,%,Attempts,Putts made
1,Jim Furyk,14.29,14,2
2,Heath Slocum,10.53,19,2
3,Mark Calcavecchia,10.00,20,2
4,Carl Pettersson,9.52,21,2
5,Sergio Garcia,8.70,23,2
6,Ben Crane,7.14,14,1
7,Stuart Appleby,6.67,15,1
7,Olin Browne,6.67,15,1
7,Michael Campbell,6.67,15,1
7,Tim Petrovic,6.67,15,1
7,Ted Purdy,6.67,15,1
12,K.J. Choi,5.88,17,1
12,Justin Leonard,5.88,17,1
14,Brad Faxon,5.56,18,1
14,Sean O'Hair,5.56,18,1
16,Kenny Perry,4.76,21,1
16,"Wes Short, Jr.",4.76,21,1
18,David Toms,4.55,22,1
19,Bart Bryant,4.35,23,1
20,Vaughn Taylor,4.00,25,1
21,Jason Bohn,.00,19,-
21,Fred Funk,.00,18,-
21,Robert Gamez,.00,16,-
21,Lucas Glover,.00,19,-
21,Jason Gore,.00,17,-
21,Peter Lonard,.00,17,-
21,Geoff Ogilvy,.00,21,-
21,Vijay Singh,.00,21,-
