rank,player,% Made,Attempts,Putts Made
1,Ben Crane,5.00,2,1
2,Michael Campbell,3.33,3,1
2,Sergio Garcia,3.33,3,1
2,Kenny Perry,3.33,3,1
2,Carl Pettersson,3.33,3,1
6,Jim Furyk,2.86,7,2
7,Mark Calcavecchia,2.50,8,2
7,K.J. Choi,2.50,4,1
7,Sean O'Hair,2.50,4,1
10,Stuart Appleby,2.00,5,1
10,Vaughn Taylor,2.00,5,1
10,David Toms,2.00,5,1
13,Brad Faxon,1.67,6,1
14,Jason Bohn,.00,2,-
14,Olin Browne,.00,4,-
14,Bart Bryant,.00,6,-
14,Fred Funk,.00,5,-
14,Robert Gamez,.00,1,-
14,Lucas Glover,.00,2,-
14,Jason Gore,.00,4,-
14,Justin Leonard,.00,4,-
14,Peter Lonard,.00,2,-
14,Geoff Ogilvy,.00,2,-
14,Tim Petrovic,.00,2,-
14,Ted Purdy,.00,5,-
14,"Wes Short, Jr.",.00,9,-
14,Vijay Singh,.00,2,-
14,Heath Slocum,.00,6,-
