rank,player,%,Attempts,Putts made
1,Jason Bohn,50.00,10,5
1,David Toms,50.00,2,1
3,Ben Crane,40.00,5,2
3,Brad Faxon,40.00,10,4
3,Ted Purdy,40.00,5,2
6,Mark Calcavecchia,33.33,6,2
6,Robert Gamez,33.33,6,2
6,Lucas Glover,33.33,9,3
6,Tim Petrovic,33.33,6,2
10,Olin Browne,28.57,7,2
10,"Wes Short, Jr.",28.57,7,2
12,Peter Lonard,25.00,8,2
12,Geoff Ogilvy,25.00,8,2
14,Bart Bryant,22.22,9,2
14,Justin Leonard,22.22,9,2
14,Vaughn Taylor,22.22,9,2
17,Kenny Perry,20.00,5,1
18,Carl Pettersson,18.18,11,2
19,Stuart Appleby,14.29,7,1
19,Fred Funk,14.29,7,1
19,Jim Furyk,14.29,7,1
19,Sean O'Hair,14.29,7,1
23,Heath Slocum,12.50,8,1
24,Michael Campbell,11.11,9,1
25,Jason Gore,8.33,12,1
26,K.J. Choi,.00,6,-
26,Sergio Garcia,.00,6,-
26,Vijay Singh,.00,6,-
