rank,player,% Made,Attempts,Putts Made
1,"Wes Short, Jr.",1.11,9,1
2,Tim Petrovic,1.00,10,1
2,Ted Purdy,1.00,10,1
4,Heath Slocum,.91,11,1
5,Bart Bryant,.77,13,1
5,Sergio Garcia,.77,13,1
7,Stuart Appleby,.00,7,-
7,Jason Bohn,.00,14,-
7,Olin Browne,.00,5,-
7,Mark Calcavecchia,.00,9,-
7,Michael Campbell,.00,5,-
7,K.J. Choi,.00,11,-
7,Ben Crane,.00,8,-
7,Brad Faxon,.00,11,-
7,Fred Funk,.00,12,-
7,Jim Furyk,.00,3,-
7,Robert Gamez,.00,13,-
7,Lucas Glover,.00,10,-
7,Jason Gore,.00,11,-
7,Justin Leonard,.00,7,-
7,Peter Lonard,.00,13,-
7,Sean O'Hair,.00,11,-
7,Geoff Ogilvy,.00,17,-
7,Kenny Perry,.00,12,-
7,Carl Pettersson,.00,14,-
7,Vijay Singh,.00,14,-
7,Vaughn Taylor,.00,17,-
7,David Toms,.00,13,-
