rank,player,%,Attempts,Putts made
1,Robert Gamez,33.33,3,1
1,Peter Lonard,33.33,3,1
1,Sean O'Hair,33.33,3,1
4,Stuart Appleby,25.00,8,2
4,Kenny Perry,25.00,4,1
4,Tim Petrovic,25.00,4,1
7,Heath Slocum,22.22,9,2
8,Carl Pettersson,20.00,5,1
9,K.J. Choi,16.67,6,1
10,Mark Calcavecchia,14.29,7,1
11,Jason Bohn,.00,4,-
11,Olin Browne,.00,5,-
11,Bart Bryant,.00,6,-
11,Michael Campbell,.00,8,-
11,Ben Crane,.00,5,-
11,Brad Faxon,.00,2,-
11,Fred Funk,.00,3,-
11,Jim Furyk,.00,8,-
11,Sergio Garcia,.00,5,-
11,Lucas Glover,.00,3,-
11,Justin Leonard,.00,5,-
11,Geoff Ogilvy,.00,3,-
11,Ted Purdy,.00,8,-
11,"Wes Short, Jr.",.00,5,-
11,Vijay Singh,.00,3,-
11,Vaughn Taylor,.00,3,-
11,David Toms,.00,4,-
