rank,player,Avg,Total Strokes,Total 1st Tee Late Rounds
1,Xander Schauffele,67.33,202,3
2,Gary Woodland,67.67,203,3
3,Justin Thomas,68.50,274,4
4,Charles Howell III,69.00,69,1
5,Dustin Johnson,69.25,277,4
5,Rory McIlroy,69.25,277,4
7,Bryson DeChambeau,69.50,278,4
8,Cameron Champ,69.67,209,3
8,Marc Leishman,69.67,209,3
10,Jon Rahm,69.75,279,4
11,Patton Kizzire,70.00,210,3
11,Troy Merritt,70.00,70,1
13,Andrew Putnam,71.00,213,3
14,Webb Simpson,71.33,214,3
14,Kevin Tway,71.33,214,3
16,Jason Day,71.67,215,3
17,Paul Casey,72.00,144,2
17,Billy Horschel,72.00,72,1
17,Ian Poulter,72.00,144,2
20,Patrick Reed,72.50,145,2
21,Francesco Molinari,73.00,73,1
22,Aaron Wise,74.00,74,1
23,Bubba Watson,74.50,149,2
24,Andrew Landry,75.00,75,1
25,Brooks Koepka,76.00,76,1
26,Keegan Bradley,77.00,77,1
27,Michael Kim,80.00,80,1
