rank,player,Low Rnd
1,Xander Schauffele,62
2,Justin Thomas,65
3,Cameron Champ,67
3,Dustin Johnson,67
3,Gary Woodland,67
6,Bryson DeChambeau,68
6,Patton Kizzire,68
6,Marc Leishman,68
6,Rory McIlroy,68
10,Jason Day,69
10,Charles Howell III,69
10,Jon Rahm,69
13,Troy Merritt,70
13,Andrew Putnam,70
13,Patrick Reed,70
13,Webb Simpson,70
13,Bubba Watson,70
18,Paul Casey,71
18,Ian Poulter,71
18,Kevin Tway,71
21,Billy Horschel,72
22,Francesco Molinari,73
23,Aaron Wise,74
24,Andrew Landry,75
25,Brooks Koepka,76
26,Keegan Bradley,77
27,Michael Kim,80
