rank,player,Avg,Distance (in inches),Attempts
1,J.T. Poston,188.0,"47,374",7
2,Ben Taylor,195.3,"42,192",6
3,Chris Kirk,196.9,"35,440",5
4,Patton Kizzire,198.7,"35,770",5
5,Brendan Steele,199.9,"50,376",7
6,Austin Smotherman,200.7,"43,353",6
7,Tyson Alexander,204.8,"44,230",6
8,Nate Lashley,206.9,"44,701",6
9,J.J. Spaun,209.7,"30,191",4
10,Taiga Semikawa,210.3,"52,997",7
11,Brian Harman,211.3,"38,036",5
12,Brice Garnett,211.6,"30,469",4
13,Adam Schenk,212.0,"45,784",6
14,Denny McCarthy,212.2,"38,199",5
15,Michael Thompson,213.8,"61,576",8
16,S.H. Kim,214.4,"61,734",8
17,Andrew Novak,214.5,"54,054",7
18,Eric Cole,215.4,"38,770",5
19,Hayden Buckley,215.7,"62,118",8
20,Harry Hall,217.1,"54,719",7
21,Russell Knox,219.0,"55,196",7
22,Ben Griffin,219.2,"47,344",6
23,David Lipsky,219.4,"31,597",4
24,Justin Suh,220.6,"47,651",6
25,Adam Svensson,223.6,"64,403",8
26,Greyson Sigg,224.4,"56,540",7
27,Kazuki Higa,224.8,"48,549",6
28,Davis Thompson,225.8,"56,894",7
29,Cam Davis,226.1,"81,410",10
30,Ryan Palmer,227.0,"57,209",7
31,Keita Nakajima,227.7,"65,590",8
32,Stewart Cink,229.7,"74,434",9
33,Zac Blair,230.0,"49,690",6
34,Matt Kuchar,230.1,"57,974",7
35,Kurt Kitayama,230.6,"33,211",4
36,Zach Johnson,230.7,"41,531",5
37,Cole Hammer,230.9,"58,189",7
38,Russell Henley,231.0,"41,581",5
38,Adam Long,231.0,"58,213",7
40,Maverick McNealy,231.4,"74,966",9
41,Ben Martin,232.5,"33,482",4
42,Chez Reavie,232.6,"58,619",7
43,Will Gordon,233.1,"67,141",8
43,Andrew Putnam,233.1,"58,750",7
43,Brian Stuard,233.1,"25,177",3
46,Chad Ramey,233.8,"50,498",6
47,Kevin Yu,234.6,"76,025",9
48,Si Woo Kim,235.0,"67,675",8
49,Aaron Rai,235.2,"67,749",8
50,Doc Redman,235.6,"25,447",3
51,Kelly Kraft,236.2,"42,517",5
52,Corey Conners,236.3,"76,574",9
53,Austin Eckroat,238.0,"85,693",10
53,Stephan Jaeger,238.0,"68,533",8
55,Brendon Todd,238.5,"60,093",7
56,Tom Hoge,240.4,"51,933",6
57,Nico Echavarria,242.8,"61,189",7
58,Hideki Matsuyama,244.6,"52,842",6
59,Aaron Baddeley,244.8,"61,684",7
60,Augusto Núñez,245.6,"79,575",9
61,Ryan Brehm,246.4,"106,426",12
62,Nick Taylor,247.9,"44,625",5
63,Troy Merritt,250.2,"63,043",7
64,Danny Lee,250.8,"54,180",6
65,Nick Hardy,251.2,"72,348",8
66,K.H. Lee,251.7,"81,559",9
67,Anders Albertson,254.7,"45,840",5
68,Byeong Hun An,255.3,"82,721",9
69,MJ Daffue,257.7,"83,485",9
70,Harris English,261.9,"47,148",5
71,Adam Scott,262.2,"75,524",8
72,Taylor Montgomery,265.6,"76,494",8
73,Carl Yuan,266.7,"115,199",12
74,Joseph Winslow,267.6,"96,319",10
75,Kevin Tway,273.0,"78,638",8
76,Joseph Bramlett,288.2,"114,136",11
