rank,player,%,Attempts,Non-Attempts,RTP-Going for the green,RTP-Not going for the grn
1,Carl Yuan,100.00%,11,0,-8,E
2,Joseph Bramlett,90.91%,10,1,-7,-1
2,Ryan Brehm,90.91%,10,1,-8,E
2,Cam Davis,90.91%,10,1,-10,E
2,Austin Eckroat,90.91%,10,1,-8,E
6,Corey Conners,81.82%,9,2,-7,E
6,MJ Daffue,81.82%,9,2,-2,E
6,Maverick McNealy,81.82%,9,2,-6,+1
6,Augusto Núñez,81.82%,9,2,-6,-1
6,Joseph Winslow,81.82%,9,2,-6,-1
6,Kevin Yu,81.82%,9,2,-7,-1
12,Hayden Buckley,72.73%,8,3,-6,-2
12,Stewart Cink,72.73%,8,3,-8,-1
12,Will Gordon,72.73%,8,3,-3,-2
12,Nick Hardy,72.73%,8,3,-7,E
12,Stephan Jaeger,72.73%,8,3,-6,-1
12,S.H. Kim,72.73%,8,3,-7,+1
12,Si Woo Kim,72.73%,8,3,-9,-2
12,K.H. Lee,72.73%,8,3,-6,E
12,Taylor Montgomery,72.73%,8,3,-6,-1
12,Keita Nakajima,72.73%,8,3,-6,E
12,Aaron Rai,72.73%,8,3,-1,+1
12,Adam Svensson,72.73%,8,3,-5,-1
12,Michael Thompson,72.73%,8,3,-8,-1
25,Byeong Hun An,63.64%,7,4,-8,+3
25,Aaron Baddeley,63.64%,7,4,-3,-1
25,Nico Echavarria,63.64%,7,4,-6,-2
25,Harry Hall,63.64%,7,4,-6,-3
25,Cole Hammer,63.64%,7,4,-4,-2
25,Russell Knox,63.64%,7,4,-3,E
25,Matt Kuchar,63.64%,7,4,-6,-1
25,Adam Long,63.64%,7,4,-8,-2
25,Troy Merritt,63.64%,7,4,-5,E
25,Andrew Novak,63.64%,7,4,-6,-1
25,Ryan Palmer,63.64%,7,4,-4,E
25,J.T. Poston,63.64%,7,4,-8,-1
25,Andrew Putnam,63.64%,7,4,-7,-2
25,Chez Reavie,63.64%,7,4,-5,E
25,Adam Scott,63.64%,7,4,-6,-1
25,Taiga Semikawa,63.64%,7,4,-3,-1
25,Greyson Sigg,63.64%,7,4,-3,-2
25,Brendan Steele,63.64%,7,4,-8,-1
25,Davis Thompson,63.64%,7,4,-6,E
25,Brendon Todd,63.64%,7,4,-7,-1
25,Kevin Tway,63.64%,7,4,-4,+1
46,Tyson Alexander,54.55%,6,5,-5,+1
46,Zac Blair,54.55%,6,5,-6,-3
46,Ben Griffin,54.55%,6,5,-2,-2
46,Kazuki Higa,54.55%,6,5,-4,-3
46,Tom Hoge,54.55%,6,5,-3,-3
46,Nate Lashley,54.55%,6,5,-6,-2
46,Danny Lee,54.55%,6,5,-6,-2
46,Hideki Matsuyama,54.55%,6,5,-5,E
46,Chad Ramey,54.55%,6,5,-1,+1
46,Adam Schenk,54.55%,6,5,-5,+1
46,Austin Smotherman,54.55%,6,5,-5,-1
46,Justin Suh,54.55%,6,5,-5,E
46,Ben Taylor,54.55%,6,5,-5,-2
59,Anders Albertson,45.45%,5,6,-3,-3
59,Eric Cole,45.45%,5,6,-3,-1
59,Harris English,45.45%,5,6,-2,+2
59,Brian Harman,45.45%,5,6,-5,+1
59,Russell Henley,45.45%,5,6,-4,-3
59,Zach Johnson,45.45%,5,6,-3,-2
59,Chris Kirk,45.45%,5,6,-5,-1
59,Patton Kizzire,45.45%,5,6,-5,+2
59,Kelly Kraft,45.45%,5,6,-4,-1
59,Denny McCarthy,45.45%,5,6,-5,E
59,Nick Taylor,45.45%,5,6,-3,-3
70,Brice Garnett,36.36%,4,7,-4,-3
70,Kurt Kitayama,36.36%,4,7,-5,E
70,David Lipsky,36.36%,4,7,-4,-5
70,Ben Martin,36.36%,4,7,-2,-4
70,J.J. Spaun,36.36%,4,7,-4,-1
75,Doc Redman,27.27%,3,8,-2,-4
75,Brian Stuard,27.27%,3,8,-2,-3
