rank,player,Avg,Total Dist after GFG Shot,Total GFG Shots
1,Brian Harman,10.1,"1,816.000",5
2,David Lipsky,11.3,"1,625.000",4
3,Patton Kizzire,11.8,"2,126.000",5
4,Justin Suh,12.7,"2,734.000",6
5,Brendan Steele,12.8,"3,233.000",7
6,Nate Lashley,12.9,"2,779.000",6
7,Austin Smotherman,13.0,"2,809.000",6
8,Andrew Novak,13.3,"3,355.000",7
9,Davis Thompson,13.9,"3,496.000",7
10,J.T. Poston,14.5,"3,643.000",7
11,Chris Kirk,14.8,"2,655.000",5
12,Tyson Alexander,15.1,"3,270.000",6
12,Eric Cole,15.1,"2,719.000",5
14,Keita Nakajima,15.2,"4,381.000",8
15,Harry Hall,15.4,"3,877.000",7
16,Cole Hammer,15.5,"3,907.000",7
17,Zac Blair,15.8,"3,410.000",6
18,Brian Stuard,16.1,"1,743.000",3
19,Si Woo Kim,17.0,"4,896.000",8
20,Adam Long,17.1,"4,314.000",7
21,Adam Svensson,17.3,"4,973.000",8
22,S.H. Kim,18.2,"5,228.000",8
23,Nico Echavarria,18.4,"4,625.000",7
23,Denny McCarthy,18.4,"3,320.000",5
23,J.J. Spaun,18.4,"2,647.000",4
26,Adam Schenk,18.6,"4,008.000",6
27,Cam Davis,18.7,"6,722.000",10
28,Austin Eckroat,18.8,"6,781.000",10
28,Troy Merritt,18.8,"4,735.000",7
30,Kelly Kraft,18.9,"3,406.000",5
30,K.H. Lee,18.9,"6,119.000",9
32,Kurt Kitayama,19.0,"2,739.000",4
33,Danny Lee,19.1,"4,124.000",6
34,Ben Taylor,19.3,"4,166.000",6
35,Byeong Hun An,19.4,"6,291.000",9
35,Augusto Núñez,19.4,"6,275.000",9
37,Will Gordon,19.5,"5,602.000",8
37,Taiga Semikawa,19.5,"4,910.000",7
39,Ryan Palmer,19.6,"4,939.000",7
40,Zach Johnson,19.7,"3,539.000",5
40,Hideki Matsuyama,19.7,"4,255.000",6
42,Michael Thompson,19.8,"5,715.000",8
43,Russell Knox,19.9,"5,027.000",7
44,Matt Kuchar,20.3,"5,104.000",7
44,Doc Redman,20.3,"2,190.000",3
46,Tom Hoge,20.4,"4,396.000",6
47,Brice Garnett,21.0,"3,022.000",4
48,Kevin Yu,21.1,"6,842.000",9
49,Nick Hardy,21.2,"6,097.000",8
49,Carl Yuan,21.2,"9,168.000",12
51,Ben Griffin,21.3,"4,600.000",6
51,Andrew Putnam,21.3,"5,361.000",7
53,Stephan Jaeger,21.9,"6,295.000",8
53,Brendon Todd,21.9,"5,511.000",7
55,Corey Conners,22.1,"7,158.000",9
56,Aaron Baddeley,22.6,"5,700.000",7
57,Anders Albertson,22.8,"4,098.000",5
58,Ryan Brehm,22.9,"9,893.000",12
58,Greyson Sigg,22.9,"5,762.000",7
60,Stewart Cink,23.1,"7,484.000",9
60,Adam Scott,23.1,"6,649.000",8
62,Taylor Montgomery,23.7,"6,825.000",8
62,Aaron Rai,23.7,"6,836.000",8
64,Nick Taylor,23.8,"4,290.000",5
65,Russell Henley,23.9,"4,306.000",5
66,Joseph Bramlett,24.3,"9,631.000",11
67,Hayden Buckley,25.1,"7,229.000",8
68,Kazuki Higa,25.4,"5,492.000",6
69,MJ Daffue,26.1,"8,447.000",9
70,Chad Ramey,26.3,"5,672.000",6
71,Ben Martin,26.8,"3,864.000",4
72,Chez Reavie,27.1,"6,832.000",7
73,Maverick McNealy,27.8,"9,023.000",9
74,Kevin Tway,28.6,"8,234.000",8
74,Joseph Winslow,28.6,"10,303.000",10
76,Harris English,30.9,"5,556.000",5
