rank,player,%,Attempts,Non-Attempts
1,Ryan Brehm,100.00%,8,0
1,Hayden Buckley,100.00%,8,0
1,Cam Davis,100.00%,8,0
1,Austin Eckroat,100.00%,8,0
1,S.H. Kim,100.00%,8,0
1,Maverick McNealy,100.00%,8,0
1,Aaron Rai,100.00%,8,0
1,Adam Svensson,100.00%,8,0
1,Michael Thompson,100.00%,8,0
1,Kevin Yu,100.00%,8,0
1,Carl Yuan,100.00%,8,0
12,Byeong Hun An,87.50%,7,1
12,Aaron Baddeley,87.50%,7,1
12,Joseph Bramlett,87.50%,7,1
12,Stewart Cink,87.50%,7,1
12,Corey Conners,87.50%,7,1
12,Will Gordon,87.50%,7,1
12,Harry Hall,87.50%,7,1
12,Cole Hammer,87.50%,7,1
12,Stephan Jaeger,87.50%,7,1
12,Si Woo Kim,87.50%,7,1
12,Russell Knox,87.50%,7,1
12,Matt Kuchar,87.50%,7,1
12,K.H. Lee,87.50%,7,1
12,Adam Long,87.50%,7,1
12,Keita Nakajima,87.50%,7,1
12,Andrew Novak,87.50%,7,1
12,Augusto Núñez,87.50%,7,1
12,J.T. Poston,87.50%,7,1
12,Andrew Putnam,87.50%,7,1
12,Taiga Semikawa,87.50%,7,1
12,Greyson Sigg,87.50%,7,1
12,Brendan Steele,87.50%,7,1
12,Davis Thompson,87.50%,7,1
12,Brendon Todd,87.50%,7,1
36,Tyson Alexander,75.00%,6,2
36,Zac Blair,75.00%,6,2
36,MJ Daffue,75.00%,6,2
36,Nico Echavarria,75.00%,6,2
36,Ben Griffin,75.00%,6,2
36,Nick Hardy,75.00%,6,2
36,Kazuki Higa,75.00%,6,2
36,Tom Hoge,75.00%,6,2
36,Nate Lashley,75.00%,6,2
36,Hideki Matsuyama,75.00%,6,2
36,Troy Merritt,75.00%,6,2
36,Taylor Montgomery,75.00%,6,2
36,Ryan Palmer,75.00%,6,2
36,Chad Ramey,75.00%,6,2
36,Chez Reavie,75.00%,6,2
36,Adam Schenk,75.00%,6,2
36,Adam Scott,75.00%,6,2
36,Austin Smotherman,75.00%,6,2
36,Justin Suh,75.00%,6,2
36,Ben Taylor,75.00%,6,2
36,Joseph Winslow,75.00%,6,2
57,Eric Cole,62.50%,5,3
57,Brian Harman,62.50%,5,3
57,Russell Henley,62.50%,5,3
57,Zach Johnson,62.50%,5,3
57,Chris Kirk,62.50%,5,3
57,Patton Kizzire,62.50%,5,3
57,Kelly Kraft,62.50%,5,3
57,Danny Lee,62.50%,5,3
57,Denny McCarthy,62.50%,5,3
57,Nick Taylor,62.50%,5,3
67,Anders Albertson,50.00%,4,4
67,Harris English,50.00%,4,4
67,Brice Garnett,50.00%,4,4
67,Kurt Kitayama,50.00%,4,4
67,David Lipsky,50.00%,4,4
67,Ben Martin,50.00%,4,4
67,J.J. Spaun,50.00%,4,4
67,Kevin Tway,50.00%,4,4
75,Doc Redman,37.50%,3,5
75,Brian Stuard,37.50%,3,5
