rank,player,%,# of Birdie or Better,Attempts,RTP-Successes,RTP-Not going for the grn
1,Zac Blair,100.00%,6,6,-6,-3.00
1,Si Woo Kim,100.00%,8,8,-9,-2.00
1,Chris Kirk,100.00%,5,5,-5,-1.00
1,Kurt Kitayama,100.00%,4,4,-5,E
1,Nate Lashley,100.00%,6,6,-6,-2.00
1,Danny Lee,100.00%,6,6,-6,-2.00
1,David Lipsky,100.00%,4,4,-4,-5.00
1,Denny McCarthy,100.00%,5,5,-5,E
1,Andrew Putnam,100.00%,7,7,-7,-2.00
1,Brendan Steele,100.00%,7,7,-8,-1.00
1,Brendon Todd,100.00%,7,7,-7,-1.00
12,Stewart Cink,88.89%,8,9,-8,-1.00
13,S.H. Kim,87.50%,7,8,-7,+1.00
13,Michael Thompson,87.50%,7,8,-8,-1.00
15,Nico Echavarria,85.71%,6,7,-6,-2.00
15,Harry Hall,85.71%,6,7,-6,-3.00
15,Matt Kuchar,85.71%,6,7,-6,-1.00
15,Adam Long,85.71%,6,7,-8,-2.00
15,Andrew Novak,85.71%,6,7,-6,-1.00
15,J.T. Poston,85.71%,6,7,-8,-1.00
15,Davis Thompson,85.71%,6,7,-6,E
22,Tyson Alexander,83.33%,5,6,-5,+1.00
22,Hideki Matsuyama,83.33%,5,6,-5,E
22,Adam Schenk,83.33%,5,6,-5,+1.00
22,Justin Suh,83.33%,5,6,-5,E
22,Ben Taylor,83.33%,5,6,-5,-2.00
27,Austin Eckroat,80.00%,8,10,-8,E
27,Brian Harman,80.00%,4,5,-5,+1.00
27,Russell Henley,80.00%,4,5,-4,-3.00
27,Patton Kizzire,80.00%,4,5,-5,+2.00
27,Kelly Kraft,80.00%,4,5,-4,-1.00
32,Byeong Hun An,77.78%,7,9,-8,+3.00
32,Corey Conners,77.78%,7,9,-7,E
32,Kevin Yu,77.78%,7,9,-7,-1.00
35,Brice Garnett,75.00%,3,4,-4,-3.00
35,Stephan Jaeger,75.00%,6,8,-6,-1.00
35,Taylor Montgomery,75.00%,6,8,-6,-1.00
35,Adam Scott,75.00%,6,8,-6,-1.00
35,J.J. Spaun,75.00%,3,4,-4,-1.00
40,Chez Reavie,71.43%,5,7,-5,E
41,Cam Davis,70.00%,7,10,-10,E
42,Kazuki Higa,66.67%,4,6,-4,-3.00
42,K.H. Lee,66.67%,6,9,-6,E
42,Maverick McNealy,66.67%,6,9,-6,+1.00
42,Augusto Núñez,66.67%,6,9,-6,-1.00
42,Doc Redman,66.67%,2,3,-2,-4.00
42,Austin Smotherman,66.67%,4,6,-5,-1.00
42,Brian Stuard,66.67%,2,3,-2,-3.00
42,Carl Yuan,66.67%,8,12,-9,E
50,Hayden Buckley,62.50%,5,8,-6,-2.00
50,Nick Hardy,62.50%,5,8,-7,E
50,Keita Nakajima,62.50%,5,8,-7,E
50,Adam Svensson,62.50%,5,8,-5,-1.00
54,Anders Albertson,60.00%,3,5,-3,-3.00
54,Eric Cole,60.00%,3,5,-3,-1.00
54,Zach Johnson,60.00%,3,5,-3,-2.00
54,Nick Taylor,60.00%,3,5,-3,-3.00
54,Joseph Winslow,60.00%,6,10,-6,-1.00
59,Ryan Brehm,58.33%,7,12,-8,E
60,Cole Hammer,57.14%,4,7,-4,-2.00
60,Troy Merritt,57.14%,4,7,-5,E
60,Ryan Palmer,57.14%,4,7,-4,E
60,Greyson Sigg,57.14%,4,7,-4,-2.00
64,Joseph Bramlett,54.55%,6,11,-7,-1.00
65,Tom Hoge,50.00%,3,6,-3,-3.00
65,Ben Martin,50.00%,2,4,-2,-4.00
65,Kevin Tway,50.00%,4,8,-4,+1.00
68,Aaron Baddeley,42.86%,3,7,-3,-1.00
68,Russell Knox,42.86%,3,7,-3,E
68,Taiga Semikawa,42.86%,3,7,-3,-1.00
71,Harris English,40.00%,2,5,-2,+2.00
72,Will Gordon,37.50%,3,8,-3,-2.00
73,Ben Griffin,33.33%,2,6,-2,-2.00
73,Chad Ramey,33.33%,2,6,-2,+1.00
75,MJ Daffue,22.22%,2,9,-2,E
76,Aaron Rai,12.50%,1,8,-1,+1.00
