rank,player,%,Successes,Attempts,RTP-Successes,RTP-Not going for the grn
1,Brian Harman,100.00%,5,5,-5,+1.00
2,Andrew Novak,85.71%,6,7,-5,-1.00
3,Justin Suh,83.33%,5,6,-5,E
4,David Lipsky,75.00%,3,4,-3,-5.00
5,J.T. Poston,71.43%,5,7,-7,-1.00
5,Brendan Steele,71.43%,5,7,-6,-1.00
7,Austin Smotherman,66.67%,4,6,-4,-1.00
7,Ben Taylor,66.67%,4,6,-3,-2.00
9,Si Woo Kim,62.50%,5,8,-6,-2.00
9,Michael Thompson,62.50%,5,8,-6,-1.00
11,Cam Davis,60.00%,6,10,-9,E
11,Chris Kirk,60.00%,3,5,-3,-1.00
11,Patton Kizzire,60.00%,3,5,-4,+2.00
11,Nick Taylor,60.00%,3,5,-2,-3.00
15,Matt Kuchar,57.14%,4,7,-4,-1.00
15,Davis Thompson,57.14%,4,7,-4,E
17,Augusto Núñez,55.56%,5,9,-5,-1.00
18,Tyson Alexander,50.00%,3,6,-3,+1.00
18,Zac Blair,50.00%,3,6,-3,-3.00
18,Austin Eckroat,50.00%,5,10,-5,E
18,Brice Garnett,50.00%,2,4,-3,-3.00
18,Ben Griffin,50.00%,3,6,-1,-2.00
18,Nick Hardy,50.00%,4,8,-5,E
18,Tom Hoge,50.00%,3,6,-3,-3.00
18,Stephan Jaeger,50.00%,4,8,-4,-1.00
18,S.H. Kim,50.00%,4,8,-4,+1.00
18,Nate Lashley,50.00%,3,6,-3,-2.00
18,Danny Lee,50.00%,3,6,-3,-2.00
18,Hideki Matsuyama,50.00%,3,6,-3,E
18,Adam Schenk,50.00%,3,6,-3,+1.00
18,J.J. Spaun,50.00%,2,4,-2,-1.00
32,Stewart Cink,44.44%,4,9,-4,-1.00
33,Nico Echavarria,42.86%,3,7,-3,-2.00
33,Harry Hall,42.86%,3,7,-3,-3.00
33,Cole Hammer,42.86%,3,7,-3,-2.00
33,Adam Long,42.86%,3,7,-5,-2.00
33,Chez Reavie,42.86%,3,7,-3,E
38,Ryan Brehm,41.67%,5,12,-4,E
39,Anders Albertson,40.00%,2,5,-2,-3.00
39,Russell Henley,40.00%,2,5,-2,-3.00
39,Denny McCarthy,40.00%,2,5,-2,E
42,Taylor Montgomery,37.50%,3,8,-3,-1.00
42,Keita Nakajima,37.50%,3,8,-5,E
42,Adam Svensson,37.50%,3,8,-3,-1.00
45,Joseph Bramlett,36.36%,4,11,-3,-1.00
46,Corey Conners,33.33%,3,9,-3,E
46,Maverick McNealy,33.33%,3,9,-3,+1.00
46,Doc Redman,33.33%,1,3,-1,-4.00
46,Brian Stuard,33.33%,1,3,-1,-3.00
46,Kevin Yu,33.33%,3,9,-3,-1.00
46,Carl Yuan,33.33%,4,12,-4,E
52,Joseph Winslow,30.00%,3,10,-3,-1.00
53,Russell Knox,28.57%,2,7,-2,E
53,Troy Merritt,28.57%,2,7,-3,E
53,Andrew Putnam,28.57%,2,7,-2,-2.00
53,Taiga Semikawa,28.57%,2,7,-2,-1.00
53,Greyson Sigg,28.57%,2,7,-2,-2.00
53,Brendon Todd,28.57%,2,7,-2,-1.00
59,Hayden Buckley,25.00%,2,8,-3,-2.00
59,Kurt Kitayama,25.00%,1,4,-2,E
59,Adam Scott,25.00%,2,8,-2,-1.00
59,Kevin Tway,25.00%,2,8,-2,+1.00
63,K.H. Lee,22.22%,2,9,-2,E
64,Eric Cole,20.00%,1,5,-1,-1.00
64,Harris English,20.00%,1,5,-1,+2.00
64,Zach Johnson,20.00%,1,5,-1,-2.00
64,Kelly Kraft,20.00%,1,5,-1,-1.00
68,Kazuki Higa,16.67%,1,6,-1,-3.00
68,Chad Ramey,16.67%,1,6,-1,+1.00
70,Aaron Baddeley,14.29%,1,7,-1,-1.00
70,Ryan Palmer,14.29%,1,7,-1,E
72,Will Gordon,12.50%,1,8,-1,-2.00
72,Aaron Rai,12.50%,1,8,-1,+1.00
74,Byeong Hun An,11.11%,1,9,-2,+3.00
75,MJ Daffue,.00%,0,9,E,E
75,Ben Martin,.00%,0,4,E,-4.00
