rank,player,%,# Hit,Total Attempts
1,Ben Crane,100.00,60,60
1,Jim Furyk,100.00,60,60
1,Heath Slocum,100.00,60,60
4,Bill Haas,98.33,59,60
4,Zach Johnson,98.33,59,60
4,Graeme McDowell,98.33,59,60
4,Steve Stricker,98.33,59,60
8,Jonathan Byrd,96.67,58,60
8,Tim Clark,96.67,58,60
8,Robert Garrigus,96.67,58,60
8,Francesco Molinari,96.67,58,60
8,Justin Rose,96.67,58,60
8,Adam Scott,96.67,58,60
14,Jason Bohn,95.00,57,60
14,Matt Kuchar,95.00,57,60
14,Bill Lunde,95.00,57,60
14,Hunter Mahan,95.00,57,60
14,Carl Pettersson,95.00,57,60
19,Ernie Els,93.33,56,60
19,Charley Hoffman,93.33,56,60
19,Anthony Kim,93.33,56,60
19,Rocco Mediate,93.33,56,60
19,Ryan Palmer,93.33,56,60
19,Ian Poulter,93.33,56,60
19,Bubba Watson,93.33,56,60
26,Arjun Atwal,91.67,55,60
26,Jason Day,91.67,55,60
26,Dustin Johnson,91.67,55,60
29,Matt Bettencourt,90.00,54,60
29,Derek Lamely,90.00,54,60
31,Cameron Beckman,88.33,53,60
32,Stuart Appleby,85.00,51,60
