rank,player,RTP Score
1,Zach Johnson,-1.000
2,Graeme McDowell,-.800
2,Ian Poulter,-.800
2,Bubba Watson,-.800
5,Adam Scott,-.667
6,Anthony Kim,-.600
7,Ernie Els,-.500
7,Robert Garrigus,-.500
9,Arjun Atwal,-.400
10,Ben Crane,-.333
10,Jim Furyk,-.333
10,Bill Haas,-.333
13,Heath Slocum,-.250
13,Steve Stricker,-.250
15,Jonathan Byrd,-.200
15,Jason Day,-.200
15,Francesco Molinari,-.200
15,Ryan Palmer,-.200
19,Stuart Appleby,-.167
19,Tim Clark,-.167
21,Dustin Johnson,-.143
22,Cameron Beckman,E
22,Matt Bettencourt,E
22,Charley Hoffman,E
22,Matt Kuchar,E
22,Bill Lunde,E
22,Hunter Mahan,E
28,Derek Lamely,+.125
29,Jason Bohn,+.250
30,Carl Pettersson,+.400
30,Justin Rose,+.400
32,Rocco Mediate,+1.000
