rank,player,%,Number of Times,Attempts,Avg RTP Score
1,Bubba Watson,16.7,1,6,-10.00
2,Stuart Appleby,22.2,4,18,+2.50
3,Dustin Johnson,28.6,4,14,+5.00
4,Tim Clark,36.4,4,11,E
5,Francesco Molinari,37.5,3,8,-6.67
6,Ben Crane,42.9,3,7,+3.33
7,Ian Poulter,46.2,6,13,+1.67
8,Jonathan Byrd,50.0,5,10,-2.00
8,Zach Johnson,50.0,3,6,E
8,Steve Stricker,50.0,5,10,-4.00
11,Carl Pettersson,53.3,8,15,-2.50
12,Derek Lamely,53.8,7,13,+2.86
13,Rocco Mediate,54.5,6,11,-1.67
13,Justin Rose,54.5,6,11,E
15,Charley Hoffman,57.1,8,14,-1.25
16,Ryan Palmer,58.3,7,12,+1.43
17,Cameron Beckman,60.0,12,20,-3.33
17,Matt Kuchar,60.0,6,10,-6.67
17,Graeme McDowell,60.0,6,10,E
17,Heath Slocum,60.0,6,10,-1.67
21,Bill Lunde,61.5,8,13,-3.75
22,Robert Garrigus,62.5,10,16,-2.00
23,Anthony Kim,66.7,8,12,+5.00
23,Hunter Mahan,66.7,6,9,+3.33
25,Jason Day,69.2,9,13,E
26,Jason Bohn,70.6,12,17,+1.67
27,Ernie Els,72.7,8,11,+2.50
28,Matt Bettencourt,73.3,11,15,E
29,Bill Haas,77.8,7,9,E
30,Arjun Atwal,80.0,12,15,-3.33
31,Jim Furyk,83.3,5,6,-2.00
32,Adam Scott,88.9,8,9,E
