rank,player,%,Total Left rough,Possible Fwys,Relative to par
1,Francesco Molinari,3.33,2,60,-1.00
2,Bubba Watson,3.39,2,59,-1.00
3,Tim Clark,5.00,3,60,E
3,Ben Crane,5.00,3,60,+0.33
3,Zach Johnson,5.00,3,60,E
3,Steve Stricker,5.00,3,60,-0.33
7,Stuart Appleby,6.67,4,60,+0.25
7,Dustin Johnson,6.67,4,60,-0.25
9,Jim Furyk,8.33,5,60,-0.20
9,Hunter Mahan,8.33,5,60,-0.40
9,Rocco Mediate,8.33,5,60,-0.20
9,Ryan Palmer,8.33,5,60,E
9,Adam Scott,8.33,5,60,-0.20
14,Jonathan Byrd,10.00,6,60,-0.33
14,Ian Poulter,10.00,6,60,+0.17
14,Justin Rose,10.00,6,60,-0.67
14,Heath Slocum,10.00,6,60,-0.17
18,Jason Day,11.67,7,60,-0.29
19,Bill Haas,11.86,7,59,E
19,Charley Hoffman,11.86,7,59,-0.43
21,Matt Bettencourt,13.33,8,60,E
21,Ernie Els,13.33,8,60,+0.13
21,Anthony Kim,13.33,8,60,+0.38
21,Matt Kuchar,13.33,8,60,-0.50
21,Bill Lunde,13.33,8,60,-0.38
21,Graeme McDowell,13.33,8,60,-0.13
21,Carl Pettersson,13.33,8,60,-0.25
28,Derek Lamely,13.56,8,59,+0.13
29,Jason Bohn,16.67,10,60,-0.20
30,Arjun Atwal,16.95,10,59,-0.50
31,Cameron Beckman,18.33,11,60,-0.45
32,Robert Garrigus,20.00,12,60,-0.33
