rank,player,%,Total Fairway Bunkers,Possible Fwys,Relative to par
1,Jim Furyk,.0,0,60,E
1,Bill Haas,.0,0,59,E
1,Dustin Johnson,.0,0,60,E
1,Zach Johnson,.0,0,60,E
1,Matt Kuchar,.0,0,60,E
1,Derek Lamely,.0,0,59,E
1,Bill Lunde,.0,0,60,E
1,Graeme McDowell,.0,0,60,E
1,Heath Slocum,.0,0,60,E
1,Bubba Watson,.0,0,59,E
11,Stuart Appleby,1.7,1,60,+1.000
11,Jason Bohn,1.7,1,60,+1.000
11,Jonathan Byrd,1.7,1,60,E
11,Ben Crane,1.7,1,60,-1.000
11,Jason Day,1.7,1,60,E
11,Ernie Els,1.7,1,60,+1.000
11,Robert Garrigus,1.7,1,60,+1.000
11,Charley Hoffman,1.7,1,59,E
11,Anthony Kim,1.7,1,60,E
11,Hunter Mahan,1.7,1,60,+1.000
11,Rocco Mediate,1.7,1,60,E
11,Francesco Molinari,1.7,1,60,E
11,Ryan Palmer,1.7,1,60,E
11,Carl Pettersson,1.7,1,60,-1.000
11,Ian Poulter,1.7,1,60,E
26,Cameron Beckman,3.3,2,60,E
26,Tim Clark,3.3,2,60,+0.500
26,Justin Rose,3.3,2,60,+1.000
29,Arjun Atwal,3.4,2,59,+0.500
30,Matt Bettencourt,5.0,3,60,E
30,Adam Scott,5.0,3,60,+0.333
30,Steve Stricker,5.0,3,60,-0.333
