rank,player,%,Total Missed,Total Fwys,Relative to par
1,Cameron Beckman,.00,0,60,E
1,Jonathan Byrd,.00,0,60,E
1,Tim Clark,.00,0,60,E
1,Ernie Els,.00,0,60,E
1,Jim Furyk,.00,0,60,E
1,Robert Garrigus,.00,0,60,E
1,Bill Haas,.00,0,59,E
1,Anthony Kim,.00,0,60,E
1,Derek Lamely,.00,0,59,E
1,Bill Lunde,.00,0,60,E
1,Graeme McDowell,.00,0,60,E
1,Rocco Mediate,.00,0,60,E
1,Francesco Molinari,.00,0,60,E
1,Justin Rose,.00,0,60,E
1,Heath Slocum,.00,0,60,E
1,Steve Stricker,.00,0,60,E
17,Ben Crane,1.67,1,60,-1.00
17,Jason Day,1.67,1,60,+2.00
17,Zach Johnson,1.67,1,60,E
17,Matt Kuchar,1.67,1,60,+1.00
17,Carl Pettersson,1.67,1,60,+1.00
17,Adam Scott,1.67,1,60,E
23,Arjun Atwal,1.69,1,59,-1.00
24,Matt Bettencourt,3.33,2,60,E
24,Jason Bohn,3.33,2,60,+2.00
24,Hunter Mahan,3.33,2,60,+1.00
24,Ryan Palmer,3.33,2,60,+0.50
24,Ian Poulter,3.33,2,60,E
29,Charley Hoffman,3.39,2,59,+2.00
30,Dustin Johnson,5.00,3,60,+1.33
31,Bubba Watson,5.08,3,59,+2.00
32,Stuart Appleby,6.67,4,60,+0.75
