rank,player,RTP Score
1,Francesco Molinari,-1.000
1,Bubba Watson,-1.000
3,Justin Rose,-.667
4,Arjun Atwal,-.500
4,Matt Kuchar,-.500
6,Cameron Beckman,-.455
7,Charley Hoffman,-.429
8,Hunter Mahan,-.400
9,Bill Lunde,-.375
10,Jonathan Byrd,-.333
10,Robert Garrigus,-.333
10,Steve Stricker,-.333
13,Jason Day,-.286
14,Dustin Johnson,-.250
14,Carl Pettersson,-.250
16,Jason Bohn,-.200
16,Jim Furyk,-.200
16,Rocco Mediate,-.200
16,Adam Scott,-.200
20,Heath Slocum,-.167
21,Graeme McDowell,-.125
22,Matt Bettencourt,E
22,Tim Clark,E
22,Bill Haas,E
22,Zach Johnson,E
22,Ryan Palmer,E
27,Ernie Els,+.125
27,Derek Lamely,+.125
29,Ian Poulter,+.167
30,Stuart Appleby,+.250
31,Ben Crane,+.333
32,Anthony Kim,+.375
