rank,player,%,Total Rough,Possible Fwys,Relative to par
1,Zach Johnson,8.33,5,60,-4.00
2,Ben Crane,10.00,6,60,E
3,Francesco Molinari,11.67,7,60,-4.29
3,Steve Stricker,11.67,7,60,-2.86
5,Bubba Watson,11.86,7,59,-8.57
6,Jim Furyk,13.33,8,60,-2.50
6,Adam Scott,13.33,8,60,-3.75
8,Tim Clark,15.00,9,60,-1.11
8,Hunter Mahan,15.00,9,60,-2.22
10,Ernie Els,16.67,10,60,E
10,Rocco Mediate,16.67,10,60,+4.00
10,Ryan Palmer,16.67,10,60,-1.00
10,Heath Slocum,16.67,10,60,-2.00
14,Bill Haas,16.95,10,59,-1.00
15,Jonathan Byrd,18.33,11,60,-2.73
15,Ian Poulter,18.33,11,60,-2.73
15,Justin Rose,18.33,11,60,-1.82
18,Jason Day,20.00,12,60,-2.50
18,Matt Kuchar,20.00,12,60,-3.33
20,Matt Bettencourt,21.67,13,60,E
20,Anthony Kim,21.67,13,60,E
20,Graeme McDowell,21.67,13,60,-3.85
20,Carl Pettersson,21.67,13,60,E
24,Charley Hoffman,22.03,13,59,-2.31
25,Jason Bohn,23.33,14,60,-0.71
25,Bill Lunde,23.33,14,60,-2.14
27,Arjun Atwal,25.42,15,59,-4.67
28,Stuart Appleby,26.67,16,60,-0.63
29,Derek Lamely,27.12,16,59,+1.25
30,Dustin Johnson,30.00,18,60,-1.67
31,Cameron Beckman,31.67,19,60,-2.63
32,Robert Garrigus,33.33,20,60,-4.00
