rank,player,%,Total Right rough,Possible Fwys,Relative to par
1,Ernie Els,3.33,2,60,-0.50
1,Zach Johnson,3.33,2,60,-1.00
3,Ben Crane,5.00,3,60,-0.33
3,Jim Furyk,5.00,3,60,-0.33
3,Adam Scott,5.00,3,60,-0.67
6,Bill Haas,5.08,3,59,-0.33
7,Jason Bohn,6.67,4,60,+0.25
7,Matt Kuchar,6.67,4,60,E
7,Hunter Mahan,6.67,4,60,E
7,Heath Slocum,6.67,4,60,-0.25
7,Steve Stricker,6.67,4,60,-0.25
12,Matt Bettencourt,8.33,5,60,E
12,Jonathan Byrd,8.33,5,60,-0.20
12,Jason Day,8.33,5,60,-0.20
12,Anthony Kim,8.33,5,60,-0.60
12,Graeme McDowell,8.33,5,60,-0.80
12,Rocco Mediate,8.33,5,60,+1.00
12,Francesco Molinari,8.33,5,60,-0.20
12,Ryan Palmer,8.33,5,60,-0.20
12,Carl Pettersson,8.33,5,60,+0.40
12,Ian Poulter,8.33,5,60,-0.80
12,Justin Rose,8.33,5,60,+0.40
23,Arjun Atwal,8.47,5,59,-0.40
23,Bubba Watson,8.47,5,59,-0.80
25,Tim Clark,10.00,6,60,-0.17
25,Bill Lunde,10.00,6,60,E
27,Charley Hoffman,10.17,6,59,E
28,Cameron Beckman,13.33,8,60,E
28,Robert Garrigus,13.33,8,60,-0.50
30,Derek Lamely,13.56,8,59,+0.13
31,Stuart Appleby,20.00,12,60,-0.17
32,Dustin Johnson,23.33,14,60,-0.14
