rank,player,%,Number of Times,Attempts,Avg RTP Score
1,Adam Scott,11.1,1,9,E
2,Jim Furyk,16.7,1,6,E
3,Arjun Atwal,20.0,3,15,-3.33
4,Bill Haas,22.2,2,9,E
5,Matt Bettencourt,26.7,4,15,E
6,Ernie Els,27.3,3,11,-3.33
7,Jason Bohn,29.4,5,17,+4.00
8,Jason Day,30.8,4,13,E
9,Anthony Kim,33.3,4,12,-7.50
9,Hunter Mahan,33.3,3,9,-3.33
11,Robert Garrigus,37.5,6,16,-5.00
12,Bill Lunde,38.5,5,13,E
13,Cameron Beckman,40.0,8,20,E
13,Matt Kuchar,40.0,4,10,+5.00
13,Graeme McDowell,40.0,4,10,-7.50
13,Heath Slocum,40.0,4,10,-2.50
17,Ryan Palmer,41.7,5,12,-2.00
18,Charley Hoffman,42.9,6,14,+3.33
19,Rocco Mediate,45.5,5,11,+10.00
19,Justin Rose,45.5,5,11,+4.00
21,Derek Lamely,46.2,6,13,+3.33
22,Carl Pettersson,46.7,7,15,+2.86
23,Jonathan Byrd,50.0,5,10,-2.00
23,Zach Johnson,50.0,3,6,-6.67
23,Steve Stricker,50.0,5,10,-2.00
26,Ian Poulter,53.8,7,13,-4.29
27,Ben Crane,57.1,4,7,-5.00
28,Francesco Molinari,62.5,5,8,-2.00
29,Tim Clark,63.6,7,11,E
30,Dustin Johnson,71.4,10,14,-3.00
31,Stuart Appleby,77.8,14,18,+1.43
32,Bubba Watson,83.3,5,6,+8.00
