rank,player,%,Fairways Hit,Possible Fairways
1,Zach Johnson,90.00,54,60
2,Ben Crane,86.67,52,60
2,Jim Furyk,86.67,52,60
2,Francesco Molinari,86.67,52,60
5,Heath Slocum,83.33,50,60
5,Steve Stricker,83.33,50,60
7,Tim Clark,81.67,49,60
7,Bill Haas,81.67,49,60
7,Rocco Mediate,81.67,49,60
7,Bubba Watson,81.67,49,60
11,Jonathan Byrd,80.00,48,60
11,Ernie Els,80.00,48,60
11,Hunter Mahan,80.00,48,60
11,Adam Scott,80.00,48,60
15,Matt Kuchar,78.33,47,60
15,Graeme McDowell,78.33,47,60
15,Ryan Palmer,78.33,47,60
15,Justin Rose,78.33,47,60
19,Jason Day,76.67,46,60
19,Anthony Kim,76.67,46,60
19,Bill Lunde,76.67,46,60
19,Ian Poulter,76.67,46,60
23,Carl Pettersson,75.00,45,60
24,Jason Bohn,71.67,43,60
24,Charley Hoffman,71.67,43,60
24,Derek Lamely,71.67,43,60
27,Matt Bettencourt,70.00,42,60
28,Arjun Atwal,68.33,41,60
29,Stuart Appleby,65.00,39,60
29,Cameron Beckman,65.00,39,60
29,Robert Garrigus,65.00,39,60
29,Dustin Johnson,65.00,39,60
