rank,player,Avg,Total Distance (Feet),Total Strokes
1,Jim Furyk,"6' 9""",40.500,6
2,Steve Stricker,"9' 6""",94.750,10
3,Ian Poulter,"9' 8""",116.417,12
4,Graeme McDowell,"9' 10""",98.500,10
5,Cameron Beckman,"10' 3""",204.250,20
6,Carl Pettersson,"10' 8""",149.500,14
7,Stuart Appleby,"10' 11""",186.250,17
8,Derek Lamely,"12' 0""",144.417,12
9,Jonathan Byrd,"12' 1""",120.500,10
10,Ben Crane,"12' 8""",88.583,7
11,Rocco Mediate,"12' 10""",141.250,11
12,Bill Lunde,"13' 4""",172.917,13
13,Tim Clark,"13' 9""",151.333,11
14,Anthony Kim,"14' 1""",169.333,12
15,Bubba Watson,"14' 2""",42.500,3
16,Ryan Palmer,"14' 8""",176.333,12
17,Heath Slocum,"14' 11""",149.333,10
18,Hunter Mahan,"15' 2""",121.500,8
19,Francesco Molinari,"15' 7""",124.583,8
20,Matt Bettencourt,"15' 10""",237.333,15
21,Matt Kuchar,"16' 10""",151.583,9
22,Zach Johnson,"17' 8""",105.833,6
23,Jason Day,"18' 5""",221.333,12
24,Robert Garrigus,"21' 4""",340.750,16
25,Arjun Atwal,"21' 7""",324.083,15
26,Charley Hoffman,"21' 9""",282.750,13
27,Jason Bohn,"23' 9""",356.750,15
28,Adam Scott,"24' 7""",221.500,9
29,Ernie Els,"27' 6""",302.750,11
30,Dustin Johnson,"30' 2""",392.083,13
31,Justin Rose,"33' 3""",365.667,11
32,Bill Haas,"33' 4""",300.333,9
