rank,player,%,Fairways Hit,Possible Fairways,Relative to Par
1,Zach Johnson,90.00,54,60,-0.13
2,Ben Crane,86.67,52,60,-0.13
2,Jim Furyk,86.67,52,60,-0.19
2,Francesco Molinari,86.67,52,60,-0.19
5,Heath Slocum,83.33,50,60,-0.04
5,Steve Stricker,83.33,50,60,-0.30
7,Bill Haas,83.05,49,59,-0.29
7,Bubba Watson,83.05,49,59,-0.22
9,Tim Clark,81.67,49,60,-0.22
9,Ernie Els,81.67,49,60,-0.24
9,Rocco Mediate,81.67,49,60,-0.10
12,Jonathan Byrd,80.00,48,60,-0.44
12,Hunter Mahan,80.00,48,60,-0.17
12,Adam Scott,80.00,48,60,-0.25
15,Matt Kuchar,78.33,47,60,-0.32
15,Graeme McDowell,78.33,47,60,-0.38
15,Ryan Palmer,78.33,47,60,-0.26
15,Justin Rose,78.33,47,60,-0.30
19,Jason Day,76.67,46,60,-0.24
19,Anthony Kim,76.67,46,60,-0.26
19,Bill Lunde,76.67,46,60,-0.20
19,Ian Poulter,76.67,46,60,-0.30
23,Carl Pettersson,75.00,45,60,-0.36
24,Charley Hoffman,72.88,43,59,-0.33
24,Derek Lamely,72.88,43,59,-0.02
26,Jason Bohn,71.67,43,60,-0.23
27,Matt Bettencourt,70.00,42,60,-0.24
28,Arjun Atwal,69.49,41,59,-0.15
29,Stuart Appleby,65.00,39,60,-0.21
29,Cameron Beckman,65.00,39,60,-0.05
29,Robert Garrigus,65.00,39,60,-0.46
29,Dustin Johnson,65.00,39,60,-0.38
