rank,player,%,Total Birdies,Total Holes
1,Daniel Chopra,50.00,4,8
2,Rory Sabbatini,37.50,3,8
3,Vijay Singh,30.00,3,10
4,Hunter Mahan,28.57,2,7
5,Stephen Ames,25.00,2,8
5,Steve Stricker,25.00,2,8
7,Jim Furyk,21.43,3,14
8,Brandt Snedeker,18.18,2,11
9,Woody Austin,16.67,1,6
9,Jonathan Byrd,16.67,1,6
9,George McNeill,16.67,1,6
12,Ángel Cabrera,14.29,1,7
12,Nick Watney,14.29,1,7
12,Boo Weekley,14.29,1,7
15,Aaron Baddeley,12.50,1,8
15,Brian Bateman,12.50,1,8
15,Joe Ogilvie,12.50,1,8
18,Charley Hoffman,11.11,1,9
19,Henrik Stenson,10.00,1,10
20,Charles Howell III,9.09,1,11
20,Zach Johnson,9.09,1,11
22,Steve Flesch,8.33,1,12
22,Fred Funk,8.33,1,12
24,Mark Calcavecchia,.00,0,8
24,Chad Campbell,.00,0,8
24,K.J. Choi,.00,0,8
24,Paul Goydos,.00,0,10
24,Justin Leonard,.00,0,5
24,Scott Verplank,.00,0,7
24,Mike Weir,.00,0,6
24,Mark Wilson,.00,0,7
