rank,player,Avg RTP
1,Scott Verplank,-.500
2,Charles Howell III,-.375
2,Steve Stricker,-.375
4,Chad Campbell,-.333
4,Vijay Singh,-.333
6,Stephen Ames,-.286
7,Zach Johnson,-.250
8,Daniel Chopra,-.200
9,Mark Wilson,-.167
10,Woody Austin,-.143
10,George McNeill,-.143
10,Brandt Snedeker,-.143
13,Aaron Baddeley,E
13,Ángel Cabrera,E
13,Mark Calcavecchia,E
13,Fred Funk,E
13,Jim Furyk,E
13,Justin Leonard,E
13,Hunter Mahan,E
13,Nick Watney,E
13,Boo Weekley,E
13,Mike Weir,E
23,Charley Hoffman,+.143
24,Steve Flesch,+.200
25,Brian Bateman,+.250
25,K.J. Choi,+.250
27,Jonathan Byrd,+.333
28,Joe Ogilvie,+.500
29,Rory Sabbatini,+.600
