rank,player,Avg RTP
1,K.J. Choi,-1.000
2,Rory Sabbatini,-.750
2,Mike Weir,-.750
4,Steve Stricker,-.667
5,Chad Campbell,-.500
5,Steve Flesch,-.500
5,Justin Leonard,-.500
5,Hunter Mahan,-.500
9,Paul Goydos,-.455
10,Jim Furyk,-.429
10,Scott Verplank,-.429
12,Zach Johnson,-.400
13,Stephen Ames,-.333
13,Jonathan Byrd,-.333
13,Fred Funk,-.333
13,Brandt Snedeker,-.333
17,Daniel Chopra,-.250
17,Boo Weekley,-.250
19,Woody Austin,-.200
19,Aaron Baddeley,-.200
21,Mark Wilson,-.143
22,Brian Bateman,E
22,Mark Calcavecchia,E
22,Charley Hoffman,E
22,Charles Howell III,E
22,Joe Ogilvie,E
22,Vijay Singh,E
22,Nick Watney,E
29,Henrik Stenson,+.200
30,Ángel Cabrera,+.500
30,George McNeill,+.500
