rank,player,Avg RTP
1,Steve Stricker,-.444
2,Ángel Cabrera,-.429
3,Nick Watney,-.375
4,Steve Flesch,-.333
4,Fred Funk,-.333
6,Mark Calcavecchia,-.308
7,Justin Leonard,-.300
8,Chad Campbell,-.286
9,Jonathan Byrd,-.250
10,Scott Verplank,-.231
11,Aaron Baddeley,-.182
11,Hunter Mahan,-.182
13,Zach Johnson,-.167
13,George McNeill,-.167
13,Joe Ogilvie,-.167
16,Woody Austin,-.125
16,Boo Weekley,-.125
18,K.J. Choi,-.111
18,Brandt Snedeker,-.111
18,Mike Weir,-.111
21,Stephen Ames,-.091
22,Charles Howell III,-.083
23,Daniel Chopra,E
23,Jim Furyk,E
23,Paul Goydos,E
23,Vijay Singh,E
23,Henrik Stenson,E
28,Charley Hoffman,+.100
29,Rory Sabbatini,+.200
30,Brian Bateman,+.222
31,Mark Wilson,+.375
