rank,player,Avg RTP
1,Charles Howell III,-.667
1,Steve Stricker,-.667
3,Chad Campbell,-.500
3,Vijay Singh,-.500
3,Brandt Snedeker,-.500
6,Stephen Ames,-.333
6,Mark Calcavecchia,-.333
6,Zach Johnson,-.333
9,Woody Austin,-.250
9,Boo Weekley,-.250
11,Daniel Chopra,-.167
12,Brian Bateman,E
12,Jonathan Byrd,E
12,Ángel Cabrera,E
12,K.J. Choi,E
12,Steve Flesch,E
12,Fred Funk,E
12,Charley Hoffman,E
12,Hunter Mahan,E
12,George McNeill,E
12,Mike Weir,E
12,Mark Wilson,E
23,Justin Leonard,+.333
23,Nick Watney,+.333
25,Rory Sabbatini,+.667
