rank,player,Avg RTP
1,Mike Weir,-.409
2,Charley Hoffman,-.368
3,Charles Howell III,-.357
4,Stephen Ames,-.333
4,Jim Furyk,-.333
4,Steve Stricker,-.333
4,Nick Watney,-.333
8,Aaron Baddeley,-.292
8,Boo Weekley,-.292
10,Mark Calcavecchia,-.273
11,Hunter Mahan,-.240
12,Daniel Chopra,-.235
13,Jonathan Byrd,-.227
14,Brandt Snedeker,-.222
15,Ángel Cabrera,-.211
15,Vijay Singh,-.211
17,Brian Bateman,-.200
18,Joe Ogilvie,-.182
19,Rory Sabbatini,-.158
19,Mark Wilson,-.158
21,Henrik Stenson,-.154
22,Woody Austin,-.143
23,Steve Flesch,-.125
24,Zach Johnson,-.111
25,George McNeill,-.105
26,Chad Campbell,-.095
27,Justin Leonard,E
28,K.J. Choi,+.056
29,Scott Verplank,+.100
30,Fred Funk,+.133
31,Paul Goydos,+.222
