rank,player,%,Total Birdies,Total Holes
1,Steve Stricker,40.00,10,25
2,Justin Leonard,38.24,13,34
3,Paul Goydos,34.78,8,23
4,Scott Verplank,34.48,10,29
5,Mike Weir,31.82,7,22
6,Mark Calcavecchia,31.03,9,29
7,Jonathan Byrd,30.77,8,26
8,Charles Howell III,30.30,10,33
9,Ángel Cabrera,30.00,6,20
10,Daniel Chopra,29.17,7,24
11,Rory Sabbatini,27.59,8,29
12,Aaron Baddeley,27.27,6,22
12,Fred Funk,27.27,6,22
14,Brandt Snedeker,26.92,7,26
15,K.J. Choi,25.93,7,27
15,Nick Watney,25.93,7,27
17,Chad Campbell,25.00,5,20
17,Zach Johnson,25.00,6,24
19,Stephen Ames,23.33,7,30
19,Henrik Stenson,23.33,7,30
21,Steve Flesch,23.08,6,26
22,Woody Austin,22.22,6,27
23,George McNeill,21.88,7,32
24,Jim Furyk,20.83,5,24
25,Mark Wilson,19.35,6,31
26,Hunter Mahan,19.23,5,26
27,Boo Weekley,18.52,5,27
28,Charley Hoffman,10.00,3,30
29,Brian Bateman,9.52,2,21
30,Joe Ogilvie,8.70,2,23
30,Vijay Singh,8.70,2,23
