rank,player,Avg RTP
1,Vijay Singh,-1.000
2,Stephen Ames,E
2,Aaron Baddeley,E
2,Brian Bateman,E
2,Jonathan Byrd,E
2,Ángel Cabrera,E
2,Mark Calcavecchia,E
2,Chad Campbell,E
2,K.J. Choi,E
2,Daniel Chopra,E
2,Fred Funk,E
2,Jim Furyk,E
2,Charley Hoffman,E
2,Charles Howell III,E
2,Zach Johnson,E
2,Justin Leonard,E
2,Joe Ogilvie,E
2,Rory Sabbatini,E
2,Brandt Snedeker,E
2,Henrik Stenson,E
2,Steve Stricker,E
2,Scott Verplank,E
2,Nick Watney,E
2,Mike Weir,E
2,Mark Wilson,E
26,Steve Flesch,+.800
27,Boo Weekley,+1.000
