rank,player,Avg RTP
1,Daniel Chopra,-.500
1,Joe Ogilvie,-.500
1,Mike Weir,-.500
4,Brandt Snedeker,-.429
5,Stephen Ames,-.333
5,Chad Campbell,-.333
5,Charles Howell III,-.333
5,Vijay Singh,-.333
5,Steve Stricker,-.333
10,Woody Austin,-.200
11,Zach Johnson,-.167
12,Aaron Baddeley,E
12,Brian Bateman,E
12,Jonathan Byrd,E
12,Mark Calcavecchia,E
12,K.J. Choi,E
12,Fred Funk,E
12,Jim Furyk,E
12,Charley Hoffman,E
12,Hunter Mahan,E
12,George McNeill,E
12,Rory Sabbatini,E
12,Henrik Stenson,E
12,Scott Verplank,E
12,Boo Weekley,E
12,Mark Wilson,E
27,Nick Watney,+.200
28,Ángel Cabrera,+.250
29,Steve Flesch,+.571
30,Justin Leonard,+1.000
