rank,player,Avg RTP
1,Charles Howell III,-2.000
2,Chad Campbell,-1.000
2,George McNeill,-1.000
2,Vijay Singh,-1.000
2,Brandt Snedeker,-1.000
2,Boo Weekley,-1.000
2,Mark Wilson,-1.000
8,Steve Stricker,-.800
9,Aaron Baddeley,-.750
10,Mark Calcavecchia,-.667
10,Joe Ogilvie,-.667
10,Nick Watney,-.667
13,Stephen Ames,-.500
13,Brian Bateman,-.500
13,Jim Furyk,-.500
16,Jonathan Byrd,E
16,Ángel Cabrera,E
16,K.J. Choi,E
16,Daniel Chopra,E
16,Steve Flesch,E
16,Fred Funk,E
16,Charley Hoffman,E
16,Zach Johnson,E
16,Justin Leonard,E
16,Rory Sabbatini,E
16,Henrik Stenson,E
16,Mike Weir,E
28,Woody Austin,+.250
29,Paul Goydos,+.333
30,Scott Verplank,+.667
