rank,player,Avg RTP
1,Hunter Mahan,-.429
2,K.J. Choi,-.400
2,Steve Flesch,-.400
4,Brandt Snedeker,-.375
5,Stephen Ames,-.333
6,Charley Hoffman,-.250
7,Daniel Chopra,-.222
8,Chad Campbell,-.200
8,Scott Verplank,-.200
10,Vijay Singh,-.143
11,Fred Funk,-.125
11,Jim Furyk,-.125
13,Justin Leonard,-.091
14,Woody Austin,E
14,Aaron Baddeley,E
14,Brian Bateman,E
14,Jonathan Byrd,E
14,Ángel Cabrera,E
14,Charles Howell III,E
14,Zach Johnson,E
14,George McNeill,E
14,Henrik Stenson,E
14,Steve Stricker,E
14,Boo Weekley,E
14,Mark Wilson,E
26,Paul Goydos,+.091
27,Mark Calcavecchia,+.167
27,Mike Weir,+.167
29,Rory Sabbatini,+.200
29,Nick Watney,+.200
31,Joe Ogilvie,+.400
