rank,player,%,Total Birdies,Total Holes
1,Steve Stricker,34.55,19,55
2,Brandt Snedeker,32.20,19,59
3,Daniel Chopra,31.48,17,54
4,Mark Calcavecchia,31.15,19,61
5,Steve Flesch,30.91,17,55
6,Stephen Ames,30.51,18,59
7,Mike Weir,29.82,17,57
8,Hunter Mahan,29.69,19,64
9,Ángel Cabrera,28.85,15,52
10,Aaron Baddeley,26.98,17,63
11,Justin Leonard,26.56,17,64
12,Nick Watney,25.86,15,58
13,Charles Howell III,25.45,14,55
14,Jonathan Byrd,25.42,15,59
14,Chad Campbell,25.42,15,59
16,Jim Furyk,25.00,16,64
17,Rory Sabbatini,24.56,14,57
18,K.J. Choi,24.53,13,53
19,Boo Weekley,24.07,13,54
20,Woody Austin,23.21,13,56
20,George McNeill,23.21,13,56
22,Scott Verplank,22.73,15,66
23,Brian Bateman,20.75,11,53
24,Fred Funk,20.31,13,64
24,Henrik Stenson,20.31,13,64
26,Charley Hoffman,19.67,12,61
27,Zach Johnson,18.03,11,61
27,Mark Wilson,18.03,11,61
29,Paul Goydos,17.91,12,67
30,Joe Ogilvie,16.13,10,62
31,Vijay Singh,14.29,8,56
