rank,player,%,Total Birdies,Total Holes
1,Mark Calcavecchia,40.00,2,5
2,Ángel Cabrera,36.36,4,11
3,Woody Austin,33.33,2,6
3,Brandt Snedeker,33.33,2,6
3,Scott Verplank,33.33,1,3
6,Aaron Baddeley,28.57,2,7
6,Chad Campbell,28.57,2,7
6,Daniel Chopra,28.57,2,7
6,Steve Flesch,28.57,2,7
10,Zach Johnson,25.00,1,4
10,Hunter Mahan,25.00,1,4
12,K.J. Choi,20.00,1,5
12,George McNeill,20.00,1,5
12,Boo Weekley,20.00,1,5
15,Stephen Ames,16.67,1,6
15,Brian Bateman,16.67,1,6
17,Charles Howell III,14.29,1,7
17,Henrik Stenson,14.29,1,7
19,Nick Watney,12.50,1,8
20,Jonathan Byrd,.00,0,7
20,Fred Funk,.00,0,4
20,Jim Furyk,.00,0,6
20,Paul Goydos,.00,0,5
20,Charley Hoffman,.00,0,8
20,Justin Leonard,.00,0,2
20,Joe Ogilvie,.00,0,3
20,Rory Sabbatini,.00,0,5
20,Vijay Singh,.00,0,4
20,Steve Stricker,.00,0,5
20,Mike Weir,.00,0,7
20,Mark Wilson,.00,0,5
