rank,player,Avg RTP
1,Mark Calcavecchia,-.750
2,Charles Howell III,-.667
3,Aaron Baddeley,-.500
3,Jonathan Byrd,-.500
3,Brandt Snedeker,-.500
3,Scott Verplank,-.500
7,Justin Leonard,-.429
8,Henrik Stenson,-.417
9,Jim Furyk,-.400
10,Ángel Cabrera,-.333
11,Fred Funk,-.286
11,Rory Sabbatini,-.286
13,Steve Flesch,-.273
14,Woody Austin,-.250
14,Paul Goydos,-.250
14,Steve Stricker,-.250
14,Mike Weir,-.250
18,Stephen Ames,-.200
18,Nick Watney,-.200
20,Brian Bateman,-.167
21,Daniel Chopra,-.143
21,Hunter Mahan,-.143
23,George McNeill,-.125
23,Mark Wilson,-.125
25,Charley Hoffman,-.100
26,K.J. Choi,E
26,Joe Ogilvie,E
26,Vijay Singh,E
29,Chad Campbell,+.200
29,Boo Weekley,+.200
31,Zach Johnson,+.500
