rank,player,%,Total Birdies,Total Holes
1,Vijay Singh,60.00,3,5
2,Zach Johnson,50.00,1,2
2,Scott Verplank,50.00,1,2
4,Rory Sabbatini,44.44,4,9
5,Chad Campbell,37.50,3,8
6,Ángel Cabrera,33.33,3,9
6,Mark Calcavecchia,33.33,2,6
6,Steve Stricker,33.33,2,6
9,Brian Bateman,30.00,3,10
10,Charles Howell III,28.57,2,7
11,Nick Watney,25.00,2,8
12,Stephen Ames,20.00,1,5
12,Paul Goydos,20.00,1,5
12,Mark Wilson,20.00,1,5
15,Woody Austin,16.67,1,6
15,George McNeill,16.67,1,6
17,Daniel Chopra,14.29,1,7
17,Justin Leonard,14.29,1,7
19,K.J. Choi,12.50,1,8
20,Aaron Baddeley,.00,0,2
20,Jonathan Byrd,.00,0,5
20,Steve Flesch,.00,0,6
20,Fred Funk,.00,0,5
20,Jim Furyk,.00,0,4
20,Charley Hoffman,.00,0,5
20,Hunter Mahan,.00,0,4
20,Joe Ogilvie,.00,0,4
20,Brandt Snedeker,.00,0,3
20,Henrik Stenson,.00,0,1
20,Boo Weekley,.00,0,4
20,Mike Weir,.00,0,5
