rank,player,Avg RTP
1,Steve Stricker,-.438
2,Justin Leonard,-.407
3,Jonathan Byrd,-.350
3,Mark Calcavecchia,-.350
5,Scott Verplank,-.346
6,Steve Flesch,-.316
6,Fred Funk,-.316
8,Mike Weir,-.294
9,K.J. Choi,-.286
9,Paul Goydos,-.286
11,Jim Furyk,-.263
12,Aaron Baddeley,-.250
12,Ángel Cabrera,-.250
12,Brandt Snedeker,-.250
12,Nick Watney,-.250
16,Charles Howell III,-.227
17,Hunter Mahan,-.200
18,Stephen Ames,-.182
19,Woody Austin,-.176
20,Zach Johnson,-.158
21,Chad Campbell,-.143
21,Rory Sabbatini,-.143
23,Henrik Stenson,-.138
24,Daniel Chopra,-.125
25,George McNeill,-.091
26,Joe Ogilvie,-.059
26,Boo Weekley,-.059
28,Charley Hoffman,E
28,Vijay Singh,E
30,Mark Wilson,+.043
31,Brian Bateman,+.063
