rank,player,%,Total Birdies,Total Holes
1,Daniel Chopra,50.00,4,8
1,Joe Ogilvie,50.00,1,2
3,Brandt Snedeker,42.86,3,7
4,Stephen Ames,33.33,2,6
4,Chad Campbell,33.33,1,3
4,Jim Furyk,33.33,1,3
4,Charles Howell III,33.33,2,6
4,Zach Johnson,33.33,2,6
4,George McNeill,33.33,2,6
4,Vijay Singh,33.33,2,6
11,Mike Weir,25.00,1,4
12,Steve Stricker,22.22,2,9
12,Boo Weekley,22.22,2,9
14,Woody Austin,20.00,1,5
14,Brian Bateman,20.00,1,5
14,Jonathan Byrd,20.00,1,5
17,Aaron Baddeley,.00,0,3
17,Ángel Cabrera,.00,0,4
17,Mark Calcavecchia,.00,0,4
17,K.J. Choi,.00,0,3
17,Steve Flesch,.00,0,7
17,Fred Funk,.00,0,2
17,Charley Hoffman,.00,0,5
17,Justin Leonard,.00,0,1
17,Hunter Mahan,.00,0,2
17,Rory Sabbatini,.00,0,4
17,Henrik Stenson,.00,0,5
17,Scott Verplank,.00,0,1
17,Nick Watney,.00,0,5
17,Mark Wilson,.00,0,5
