rank,player,%,Total Birdies,Total Holes
1,Vijay Singh,45.45,5,11
2,Zach Johnson,37.50,3,8
3,Chad Campbell,36.36,4,11
4,Daniel Chopra,33.33,5,15
4,Scott Verplank,33.33,1,3
6,Charles Howell III,30.77,4,13
6,Rory Sabbatini,30.77,4,13
8,Brandt Snedeker,30.00,3,10
9,Stephen Ames,27.27,3,11
10,Brian Bateman,26.67,4,15
10,Steve Stricker,26.67,4,15
12,George McNeill,25.00,3,12
13,Ángel Cabrera,23.08,3,13
14,Mark Calcavecchia,20.00,2,10
14,Paul Goydos,20.00,1,5
16,Woody Austin,18.18,2,11
17,Joe Ogilvie,16.67,1,6
18,Nick Watney,15.38,2,13
18,Boo Weekley,15.38,2,13
20,Jim Furyk,14.29,1,7
21,Justin Leonard,12.50,1,8
22,Mike Weir,11.11,1,9
23,Jonathan Byrd,10.00,1,10
23,Mark Wilson,10.00,1,10
25,K.J. Choi,9.09,1,11
26,Aaron Baddeley,.00,0,5
26,Steve Flesch,.00,0,13
26,Fred Funk,.00,0,7
26,Charley Hoffman,.00,0,10
26,Hunter Mahan,.00,0,6
26,Henrik Stenson,.00,0,6
