rank,player,Avg RTP
1,Woody Austin,-.400
1,Ángel Cabrera,-.400
1,Mark Calcavecchia,-.400
4,Aaron Baddeley,-.333
4,Chad Campbell,-.333
4,Scott Verplank,-.333
7,Zach Johnson,-.250
7,Hunter Mahan,-.250
9,Brian Bateman,-.200
9,Daniel Chopra,-.200
9,George McNeill,-.200
9,Boo Weekley,-.200
13,Stephen Ames,-.167
13,Brandt Snedeker,-.167
15,Steve Flesch,-.143
16,K.J. Choi,E
16,Fred Funk,E
16,Jim Furyk,E
16,Justin Leonard,E
16,Joe Ogilvie,E
16,Rory Sabbatini,E
16,Vijay Singh,E
16,Steve Stricker,E
16,Nick Watney,E
16,Mike Weir,E
26,Charles Howell III,+.143
26,Henrik Stenson,+.143
28,Jonathan Byrd,+.200
28,Paul Goydos,+.200
30,Charley Hoffman,+.250
31,Mark Wilson,+.400
