rank,player,Avg RTP
1,Daniel Chopra,-1.000
2,Ángel Cabrera,-.750
3,Charles Howell III,-.667
4,Mike Weir,-.600
5,Stephen Ames,-.556
6,Woody Austin,-.500
6,Jim Furyk,-.500
8,Jonathan Byrd,-.444
9,Aaron Baddeley,-.429
9,Nick Watney,-.429
11,Brian Bateman,-.400
11,Charley Hoffman,-.400
13,Zach Johnson,-.333
13,Hunter Mahan,-.333
13,Vijay Singh,-.333
13,Boo Weekley,-.333
17,Chad Campbell,-.286
17,Scott Verplank,-.286
19,Steve Flesch,-.200
20,Mark Calcavecchia,-.167
21,K.J. Choi,E
21,Justin Leonard,E
21,George McNeill,E
21,Joe Ogilvie,E
21,Henrik Stenson,E
21,Mark Wilson,E
27,Fred Funk,+.250
28,Steve Stricker,+.333
29,Rory Sabbatini,+.400
30,Paul Goydos,+.429
31,Brandt Snedeker,+1.000
