rank,player,%,Total Birdies,Total Holes
1,Mike Weir,44.44,12,27
2,Stephen Ames,43.48,10,23
2,Steve Stricker,43.48,10,23
4,Brian Bateman,42.31,11,26
5,Jim Furyk,42.11,8,19
6,Mark Calcavecchia,41.67,10,24
7,Charley Hoffman,40.00,8,20
7,Brandt Snedeker,40.00,8,20
9,Nick Watney,39.13,9,23
10,Charles Howell III,38.89,7,18
11,Daniel Chopra,38.10,8,21
12,Steve Flesch,35.29,6,17
13,George McNeill,34.78,8,23
14,Boo Weekley,32.14,9,28
15,Hunter Mahan,32.00,8,25
15,Joe Ogilvie,32.00,8,25
17,Chad Campbell,31.82,7,22
18,Aaron Baddeley,30.77,8,26
19,Jonathan Byrd,30.43,7,23
19,Ángel Cabrera,30.43,7,23
21,Zach Johnson,27.78,5,18
22,Rory Sabbatini,27.27,6,22
23,Vijay Singh,26.92,7,26
24,Mark Wilson,26.32,5,19
25,Woody Austin,25.00,6,24
26,K.J. Choi,20.00,4,20
27,Henrik Stenson,17.65,3,17
28,Justin Leonard,15.79,3,19
29,Fred Funk,13.33,2,15
30,Paul Goydos,11.11,2,18
31,Scott Verplank,10.00,2,20
