rank,player,Avg RTP
1,Daniel Chopra,-1.000
1,Rory Sabbatini,-1.000
3,Scott Verplank,-.500
4,Justin Leonard,-.333
4,Nick Watney,-.333
6,Stephen Ames,-.250
6,George McNeill,-.250
6,Mark Wilson,-.250
9,Woody Austin,E
9,Aaron Baddeley,E
9,Ángel Cabrera,E
9,Mark Calcavecchia,E
9,Chad Campbell,E
9,Fred Funk,E
9,Jim Furyk,E
9,Zach Johnson,E
9,Hunter Mahan,E
9,Vijay Singh,E
9,Steve Stricker,E
20,Boo Weekley,+.200
21,K.J. Choi,+.333
21,Charley Hoffman,+.333
21,Brandt Snedeker,+.333
24,Brian Bateman,+.500
24,Charles Howell III,+.500
24,Joe Ogilvie,+.500
27,Jonathan Byrd,+1.000
27,Steve Flesch,+1.000
