rank,player,Avg RTP
1,Vijay Singh,-.600
2,Zach Johnson,-.500
2,Scott Verplank,-.500
4,Mark Calcavecchia,-.333
4,Steve Stricker,-.333
6,Chad Campbell,-.250
7,Ángel Cabrera,-.222
8,Mark Wilson,-.200
9,Daniel Chopra,-.143
9,Charles Howell III,-.143
9,Justin Leonard,-.143
12,Nick Watney,-.125
13,Stephen Ames,E
13,Brian Bateman,E
13,Fred Funk,E
13,Jim Furyk,E
13,Paul Goydos,E
13,George McNeill,E
13,Henrik Stenson,E
13,Mike Weir,E
21,Rory Sabbatini,+.111
22,K.J. Choi,+.125
23,Woody Austin,+.167
23,Steve Flesch,+.167
25,Jonathan Byrd,+.200
25,Charley Hoffman,+.200
27,Hunter Mahan,+.250
28,Brandt Snedeker,+.333
29,Aaron Baddeley,+.500
29,Joe Ogilvie,+.500
31,Boo Weekley,+.750
