rank,player,Avg RTP
1,Daniel Chopra,-.429
1,Rory Sabbatini,-.429
3,Stephen Ames,-.286
3,Steve Stricker,-.286
5,Jonathan Byrd,-.250
6,Jim Furyk,-.167
6,Nick Watney,-.167
8,Steve Flesch,-.143
8,Hunter Mahan,-.143
10,Charles Howell III,-.125
11,Woody Austin,E
11,Aaron Baddeley,E
11,Brian Bateman,E
11,Ángel Cabrera,E
11,Chad Campbell,E
11,K.J. Choi,E
11,Justin Leonard,E
11,Vijay Singh,E
11,Scott Verplank,E
11,Mark Wilson,E
21,Zach Johnson,+.111
22,Charley Hoffman,+.143
22,Joe Ogilvie,+.143
24,George McNeill,+.167
25,Brandt Snedeker,+.200
26,Henrik Stenson,+.222
27,Mike Weir,+.250
28,Fred Funk,+.300
28,Paul Goydos,+.300
30,Boo Weekley,+.333
31,Mark Calcavecchia,+.429
