rank,player,Avg RTP
1,Vijay Singh,-1.000
2,Chad Campbell,-.500
2,Zach Johnson,-.500
2,Rory Sabbatini,-.500
5,Steve Stricker,-.333
6,Stephen Ames,E
6,Woody Austin,E
6,Jonathan Byrd,E
6,Ángel Cabrera,E
6,Daniel Chopra,E
6,Steve Flesch,E
6,Fred Funk,E
6,Jim Furyk,E
6,Paul Goydos,E
6,Charley Hoffman,E
6,Justin Leonard,E
6,George McNeill,E
6,Henrik Stenson,E
6,Nick Watney,E
6,Mike Weir,E
6,Mark Wilson,E
22,Brian Bateman,+.333
23,K.J. Choi,+.500
24,Hunter Mahan,+1.000
24,Joe Ogilvie,+1.000
24,Boo Weekley,+1.000
