rank,player,Avg RTP
1,Steve Stricker,-.291
2,Stephen Ames,-.254
3,Hunter Mahan,-.234
4,Ángel Cabrera,-.231
5,Mike Weir,-.228
6,Nick Watney,-.224
7,Aaron Baddeley,-.222
7,Daniel Chopra,-.222
9,Jim Furyk,-.219
10,Steve Flesch,-.218
11,Jonathan Byrd,-.203
11,Justin Leonard,-.203
13,Charles Howell III,-.200
14,Mark Calcavecchia,-.197
15,Brandt Snedeker,-.186
16,Chad Campbell,-.153
17,Scott Verplank,-.152
18,Woody Austin,-.143
19,Rory Sabbatini,-.140
20,K.J. Choi,-.132
21,Boo Weekley,-.130
22,Vijay Singh,-.107
23,Zach Johnson,-.098
24,George McNeill,-.089
25,Charley Hoffman,-.082
26,Brian Bateman,-.075
27,Fred Funk,-.047
27,Henrik Stenson,-.047
29,Joe Ogilvie,-.016
30,Mark Wilson,E
31,Paul Goydos,+.030
