rank,player,Avg RTP
1,Daniel Chopra,-.444
1,Vijay Singh,-.444
3,Rory Sabbatini,-.429
4,Scott Verplank,-.333
5,Mike Weir,-.286
6,Chad Campbell,-.222
7,Zach Johnson,-.200
7,Justin Leonard,-.200
9,Mark Calcavecchia,-.143
10,Stephen Ames,-.125
10,Mark Wilson,-.125
12,Steve Stricker,-.111
13,Nick Watney,-.100
14,Ángel Cabrera,-.091
15,Brian Bateman,E
15,Fred Funk,E
15,Jim Furyk,E
15,Paul Goydos,E
15,George McNeill,E
15,Brandt Snedeker,E
15,Henrik Stenson,E
22,K.J. Choi,+.100
23,Jonathan Byrd,+.125
24,Woody Austin,+.143
24,Charles Howell III,+.143
26,Charley Hoffman,+.167
26,Joe Ogilvie,+.167
28,Aaron Baddeley,+.200
29,Hunter Mahan,+.250
30,Boo Weekley,+.444
31,Steve Flesch,+.625
