rank,player,%,Total Birdies,Total Holes
1,Chad Campbell,33.33,5,15
1,Hunter Mahan,33.33,3,9
1,Brandt Snedeker,33.33,3,9
4,Scott Verplank,27.27,3,11
5,Steve Flesch,25.00,2,8
5,Rory Sabbatini,25.00,2,8
7,Ángel Cabrera,22.22,2,9
7,K.J. Choi,22.22,2,9
7,Vijay Singh,22.22,2,9
10,Fred Funk,21.05,4,19
11,Stephen Ames,20.00,1,5
11,Brian Bateman,20.00,2,10
11,Charley Hoffman,20.00,1,5
14,Paul Goydos,18.75,3,16
15,Daniel Chopra,16.67,2,12
15,Justin Leonard,16.67,2,12
17,Henrik Stenson,14.29,1,7
18,Jim Furyk,11.11,1,9
18,Steve Stricker,11.11,1,9
20,Jonathan Byrd,10.00,1,10
20,Mike Weir,10.00,1,10
20,Mark Wilson,10.00,1,10
23,Zach Johnson,7.69,1,13
24,Woody Austin,.00,0,8
24,Aaron Baddeley,.00,0,8
24,Mark Calcavecchia,.00,0,6
24,Charles Howell III,.00,0,2
24,George McNeill,.00,0,4
24,Joe Ogilvie,.00,0,12
24,Nick Watney,.00,0,7
24,Boo Weekley,.00,0,5
