rank,player,%,Greens Hit,Total Holes,Relative to par
1,Kevin Na,80.00,8,10,-0.13
1,John Rollins,80.00,4,5,E
3,Matt Kuchar,77.78,7,9,-0.29
3,Hudson Swafford,77.78,7,9,-0.14
5,Chad Collins,75.00,6,8,E
5,Tyrone Van Aswegen,75.00,6,8,-0.17
7,John Peterson,71.43,5,7,+0.20
8,Steven Bowditch,66.67,4,6,-0.75
8,Tommy Gainey,66.67,4,6,+0.25
8,Paul Goydos,66.67,6,9,E
8,Justin Hicks,66.67,6,9,-0.50
8,Daniel Summerhays,66.67,6,9,E
8,Hideto Tanihara,66.67,6,9,E
14,William McGirt,60.00,6,10,-0.17
15,Jerry Kelly,55.56,5,9,-0.40
15,Jeff Overton,55.56,5,9,E
17,Stewart Cink,54.55,6,11,-0.17
17,Billy Hurley III,54.55,6,11,-0.17
19,K.J. Choi,50.00,5,10,E
19,John Daly,50.00,4,8,-0.25
19,Brian Harman,50.00,4,8,E
19,Hyung-Sung Kim,50.00,4,8,+0.25
19,Spencer Levin,50.00,4,8,-0.75
19,Ben Martin,50.00,3,6,E
19,Ryan Palmer,50.00,4,8,E
19,Adam Scott,50.00,3,6,E
19,Heath Slocum,50.00,5,10,-0.20
19,Chris Stroud,50.00,4,8,-0.50
19,Brendon Todd,50.00,5,10,E
19,Jimmy Walker,50.00,3,6,+0.33
19,Mark Wilson,50.00,4,8,E
32,Ryuji Imada,45.45,5,11,-0.20
33,Matt Every,44.44,4,9,-0.25
33,Justin Leonard,44.44,4,9,-0.25
33,S.Y. Noh,44.44,4,9,E
33,John Senden,44.44,4,9,E
33,Y.E. Yang,44.44,4,9,-0.50
38,Russell Henley,42.86,3,7,-0.33
38,Zach Johnson,42.86,3,7,E
38,Michael Putnam,42.86,3,7,E
38,Brian Stuard,42.86,3,7,E
42,Charlie Beljan,40.00,2,5,E
42,Greg Chalmers,40.00,4,10,E
42,Pat Perez,40.00,4,10,-0.25
42,Robert Streb,40.00,4,10,+0.25
46,Stuart Appleby,37.50,3,8,-0.33
46,James Hahn,37.50,3,8,E
46,Charles Howell III,37.50,3,8,-0.67
49,Morgan Hoffmann,33.33,2,6,E
49,Derek Tolan,33.33,3,9,E
49,Charlie Wi,33.33,3,9,E
49,Will Wilcox,33.33,3,9,E
53,Brian Gay,30.00,3,10,E
54,Sangmoon Bae,28.57,2,7,-0.50
54,Jason Dufner,28.57,2,7,-0.50
54,David Hearn,28.57,2,7,E
54,Jason Kokrak,28.57,2,7,E
58,Retief Goosen,25.00,2,8,E
58,Marc Leishman,25.00,2,8,-0.50
58,D.A. Points,25.00,3,12,E
58,Boo Weekley,25.00,2,8,+0.50
62,Ricky Barnes,22.22,2,9,E
62,Scott Brown,22.22,2,9,E
62,Tim Herron,22.22,2,9,-0.50
65,Brice Garnett,20.00,2,10,E
65,Peter Malnati,20.00,2,10,E
65,Tim Wilkinson,20.00,2,10,-1.00
68,Brendon de Jonge,18.18,2,11,+0.50
69,Harris English,16.67,1,6,E
69,Chris Kirk,16.67,1,6,E
71,Robert Allenby,15.38,2,13,-1.00
