rank,player,%,Greens Hit,Total Holes,Relative to par
1,Charlie Beljan,100.00,16,16,-0.50
1,K.J. Choi,100.00,14,14,-0.57
1,Zach Johnson,100.00,14,14,-0.79
1,Hyung-Sung Kim,100.00,13,13,-0.46
1,John Peterson,100.00,14,14,-0.57
6,Ryan Palmer,95.24,20,21,-0.55
7,Harris English,94.12,16,17,-0.69
7,Adam Scott,94.12,16,17,-0.56
7,Jimmy Walker,94.12,16,17,-0.75
10,Kevin Na,93.75,15,16,-0.53
11,Stewart Cink,93.33,14,15,-0.57
11,Ryuji Imada,93.33,14,15,-0.71
11,Tyrone Van Aswegen,93.33,14,15,-0.64
14,D.A. Points,92.86,13,14,-0.54
14,Michael Putnam,92.86,13,14,-0.31
16,Brian Gay,92.31,12,13,-0.58
16,Justin Hicks,92.31,12,13,-0.67
16,William McGirt,92.31,12,13,-0.50
16,Derek Tolan,92.31,12,13,-0.58
16,Y.E. Yang,92.31,12,13,-0.33
21,Brice Garnett,91.67,11,12,-0.73
21,Chris Stroud,91.67,11,12,-0.64
21,Brian Stuard,91.67,11,12,-0.73
24,Robert Allenby,90.91,10,11,-0.40
24,Russell Henley,90.91,10,11,-0.50
26,Matt Every,88.89,16,18,-0.56
26,Chris Kirk,88.89,16,18,-0.69
26,Peter Malnati,88.89,16,18,-0.69
29,Scott Brown,88.24,15,17,-0.53
29,John Rollins,88.24,15,17,-0.80
31,Jason Dufner,87.50,14,16,-0.57
31,Retief Goosen,87.50,14,16,-0.79
31,Jerry Kelly,87.50,14,16,-0.64
34,Sangmoon Bae,86.67,13,15,-0.54
34,Robert Streb,86.67,13,15,-0.62
34,Hudson Swafford,86.67,13,15,-0.69
37,Jason Kokrak,85.71,12,14,-0.67
37,Brendon Todd,85.71,12,14,-0.50
37,Boo Weekley,85.71,12,14,-0.50
37,Charlie Wi,85.71,12,14,-0.75
41,Stuart Appleby,84.62,11,13,-0.73
41,Billy Hurley III,84.62,11,13,-0.91
41,Marc Leishman,84.62,11,13,-0.73
41,Pat Perez,84.62,11,13,-0.82
45,Tommy Gainey,84.21,16,19,-0.25
45,Ben Martin,84.21,16,19,-0.50
47,Steven Bowditch,83.33,15,18,-0.47
47,Brendon de Jonge,83.33,10,12,-0.50
47,Justin Leonard,83.33,10,12,-0.50
47,S.Y. Noh,83.33,10,12,-0.60
47,John Senden,83.33,10,12,-0.70
47,Will Wilcox,83.33,15,18,-0.47
53,Matt Kuchar,82.35,14,17,-0.57
53,Spencer Levin,82.35,14,17,-0.64
53,Mark Wilson,82.35,14,17,-0.50
56,Chad Collins,81.82,9,11,-0.44
57,David Hearn,81.25,13,16,-0.38
57,Jeff Overton,81.25,13,16,-0.62
57,Heath Slocum,81.25,13,16,-0.38
60,Morgan Hoffmann,78.95,15,19,-0.47
61,Daniel Summerhays,78.57,11,14,-0.55
61,Tim Wilkinson,78.57,11,14,-0.36
63,Brian Harman,77.78,14,18,-0.71
64,Greg Chalmers,76.92,10,13,-0.20
64,Paul Goydos,76.92,10,13,-0.70
64,James Hahn,76.92,10,13,-0.90
67,Tim Herron,76.47,13,17,-0.38
68,Charles Howell III,72.73,16,22,-0.38
69,John Daly,72.22,13,18,-0.69
70,Hideto Tanihara,58.33,7,12,-0.71
71,Ricky Barnes,57.14,8,14,-0.75
