rank,player,%,Greens Hit,# of holes
1,Kevin Na,73.33,22,30
2,Chris Kirk,72.00,18,25
3,Stewart Cink,68.97,20,29
4,Michael Putnam,65.52,19,29
5,Harris English,64.52,20,31
6,Spencer Levin,63.33,19,30
7,Hudson Swafford,62.50,15,24
8,Tommy Gainey,61.76,21,34
9,Scott Brown,61.54,16,26
9,Daniel Summerhays,61.54,16,26
11,David Hearn,60.71,17,28
12,Greg Chalmers,60.61,20,33
13,Brian Gay,60.00,15,25
14,Tim Herron,59.26,16,27
15,Hyung-Sung Kim,59.09,13,22
16,Mark Wilson,58.33,14,24
17,Jimmy Walker,57.69,15,26
18,Paul Goydos,57.14,12,21
19,Chad Collins,56.67,17,30
19,William McGirt,56.67,17,30
21,Brendon de Jonge,56.52,13,23
21,Russell Henley,56.52,13,23
23,Derek Tolan,56.10,23,41
24,Steven Bowditch,56.00,14,25
25,Morgan Hoffmann,55.88,19,34
26,Ryan Palmer,55.56,15,27
26,Brian Stuard,55.56,15,27
28,K.J. Choi,55.17,16,29
29,Justin Leonard,55.00,11,20
30,Retief Goosen,54.84,17,31
31,John Peterson,53.85,14,26
32,Matt Every,53.57,15,28
32,Chris Stroud,53.57,15,28
34,John Daly,53.33,16,30
34,Brian Harman,53.33,16,30
34,Adam Scott,53.33,16,30
37,Boo Weekley,53.13,17,32
38,Justin Hicks,52.63,10,19
39,Ben Martin,52.00,13,25
40,Sangmoon Bae,50.00,13,26
40,James Hahn,50.00,12,24
40,Charles Howell III,50.00,15,30
40,Zach Johnson,50.00,11,22
40,John Rollins,50.00,16,32
40,John Senden,50.00,14,28
40,Brendon Todd,50.00,13,26
47,Robert Streb,48.65,18,37
48,S.Y. Noh,48.57,17,35
49,Jerry Kelly,48.15,13,27
49,Jason Kokrak,48.15,13,27
51,Tim Wilkinson,48.00,12,25
52,Charlie Beljan,47.62,10,21
53,Ryuji Imada,47.06,16,34
54,Stuart Appleby,46.67,14,30
54,Marc Leishman,46.67,14,30
56,Matt Kuchar,46.15,12,26
56,Hideto Tanihara,46.15,12,26
58,Ricky Barnes,45.71,16,35
58,Charlie Wi,45.71,16,35
60,Billy Hurley III,45.45,10,22
61,Heath Slocum,45.00,9,20
62,Will Wilcox,44.83,13,29
63,Brice Garnett,44.44,12,27
64,Jason Dufner,43.75,14,32
65,Y.E. Yang,42.86,12,28
66,Pat Perez,42.31,11,26
67,Tyrone Van Aswegen,41.67,10,24
68,Peter Malnati,40.00,10,25
69,D.A. Points,39.13,9,23
70,Jeff Overton,38.71,12,31
71,Robert Allenby,38.46,10,26
