rank,player,%,Total Hit,Total Attempts,RTP Score
1,Stewart Cink,84.72,61,72,-16.00
1,Kevin Na,84.72,61,72,-14.00
3,Pat Perez,83.33,60,72,-12.00
4,Michael Putnam,81.94,59,72,-12.00
4,Jimmy Walker,81.94,59,72,-22.00
6,Chris Kirk,80.56,58,72,-19.00
6,Brendon Todd,80.56,58,72,-15.00
8,Scott Brown,79.17,57,72,-12.00
8,Retief Goosen,79.17,57,72,-15.00
8,David Hearn,79.17,57,72,-14.00
8,Ryan Palmer,79.17,57,72,-18.00
12,John Peterson,77.78,56,72,-16.00
12,Chris Stroud,77.78,56,72,-16.00
12,Daniel Summerhays,77.78,56,72,-13.00
12,Hudson Swafford,77.78,56,72,-17.00
12,Will Wilcox,77.78,56,72,-17.00
17,Chad Collins,76.39,55,72,-12.00
17,Zach Johnson,76.39,55,72,-18.00
17,Jason Kokrak,76.39,55,72,-15.00
17,Justin Leonard,76.39,55,72,-13.00
17,Spencer Levin,76.39,55,72,-15.00
17,Ben Martin,76.39,55,72,-13.00
17,Jeff Overton,76.39,55,72,-16.00
17,Brian Stuard,76.39,55,72,-19.00
25,Greg Chalmers,75.00,54,72,-13.00
25,K.J. Choi,75.00,54,72,-18.00
25,Justin Hicks,75.00,54,72,-17.00
25,Morgan Hoffmann,75.00,54,72,-12.00
25,Hyung-Sung Kim,75.00,54,72,-9.00
25,Matt Kuchar,75.00,54,72,-17.00
25,Adam Scott,75.00,54,72,-16.00
32,Brice Garnett,73.61,53,72,-14.00
32,Charles Howell III,73.61,53,72,-15.00
32,Billy Hurley III,73.61,53,72,-17.00
32,Heath Slocum,73.61,53,72,-14.00
32,Hideto Tanihara,73.61,53,72,-18.00
37,James Hahn,73.24,52,71,-17.00
38,Charlie Beljan,72.22,52,72,-14.00
38,Tommy Gainey,72.22,52,72,-12.00
38,Brian Harman,72.22,52,72,-17.00
38,Jerry Kelly,72.22,52,72,-21.00
38,William McGirt,72.22,52,72,-13.00
38,Mark Wilson,72.22,52,72,-13.00
44,Sangmoon Bae,70.83,51,72,-16.00
44,Brendon de Jonge,70.83,51,72,-9.00
44,Russell Henley,70.83,51,72,-16.00
44,Marc Leishman,70.83,51,72,-21.00
44,John Rollins,70.83,51,72,-15.00
44,John Senden,70.83,51,72,-14.00
44,Tyrone Van Aswegen,70.83,51,72,-18.00
44,Boo Weekley,70.83,51,72,-17.00
44,Y.E. Yang,70.83,51,72,-11.00
53,Ricky Barnes,69.44,50,72,-13.00
53,Steven Bowditch,69.44,50,72,-13.00
53,Harris English,69.44,50,72,-22.00
53,Matt Every,69.44,50,72,-21.00
53,Paul Goydos,69.44,50,72,-11.00
53,Tim Herron,69.44,50,72,-11.00
59,John Daly,68.06,49,72,-20.00
59,Peter Malnati,68.06,49,72,-17.00
59,Derek Tolan,68.06,49,72,-13.00
59,Tim Wilkinson,68.06,49,72,-11.00
63,Robert Allenby,66.67,48,72,-16.00
63,Jason Dufner,66.67,48,72,-20.00
63,Ryuji Imada,66.67,48,72,-18.00
63,S.Y. Noh,66.67,48,72,-10.00
63,Charlie Wi,66.67,48,72,-13.00
68,Brian Gay,65.28,47,72,-18.00
68,D.A. Points,65.28,47,72,-15.00
70,Stuart Appleby,63.89,46,72,-12.00
70,Robert Streb,63.89,46,72,-11.00
