rank,player,%,Greens Hit,Total Holes,Relative to par
1,Robert Allenby,100.00,1,1,E
1,Charlie Beljan,100.00,4,4,-0.25
1,Greg Chalmers,100.00,4,4,-0.25
1,K.J. Choi,100.00,3,3,E
1,Matt Every,100.00,6,6,-0.50
1,Brice Garnett,100.00,1,1,-1.00
1,Paul Goydos,100.00,3,3,-0.33
1,James Hahn,100.00,2,2,-1.00
1,Russell Henley,100.00,1,1,E
1,Justin Hicks,100.00,1,1,-1.00
1,Zach Johnson,100.00,2,2,-1.00
1,Hyung-Sung Kim,100.00,2,2,-0.50
1,Chris Kirk,100.00,5,5,E
1,Matt Kuchar,100.00,5,5,-0.20
1,Marc Leishman,100.00,1,1,E
1,Peter Malnati,100.00,7,7,-0.43
1,Ben Martin,100.00,7,7,-0.43
1,William McGirt,100.00,1,1,E
1,Pat Perez,100.00,2,2,-0.50
1,John Peterson,100.00,2,2,-0.50
1,D.A. Points,100.00,2,2,-0.50
1,Michael Putnam,100.00,1,1,-1.00
1,Chris Stroud,100.00,1,1,E
1,Brian Stuard,100.00,3,3,-0.33
1,Daniel Summerhays,100.00,3,3,E
1,Derek Tolan,100.00,1,1,E
1,Tyrone Van Aswegen,100.00,4,4,-0.25
1,Jimmy Walker,100.00,4,4,-0.75
1,Mark Wilson,100.00,6,6,-0.17
1,Y.E. Yang,100.00,2,2,E
31,Ryan Palmer,87.50,7,8,-0.14
32,Scott Brown,85.71,6,7,-0.33
32,Tommy Gainey,85.71,6,7,-0.17
34,Jason Dufner,83.33,5,6,-0.60
34,Morgan Hoffmann,83.33,5,6,-0.40
34,Robert Streb,83.33,5,6,-0.20
37,Harris English,80.00,4,5,-0.50
37,John Rollins,80.00,4,5,-0.50
37,Will Wilcox,80.00,4,5,-0.50
40,Sangmoon Bae,75.00,3,4,-0.67
40,Stewart Cink,75.00,3,4,-0.33
40,Ryuji Imada,75.00,3,4,-0.67
40,Jerry Kelly,75.00,3,4,-0.33
40,Kevin Na,75.00,3,4,-0.33
45,Charles Howell III,72.73,8,11,-0.25
46,Retief Goosen,66.67,2,3,-0.50
46,Brian Harman,66.67,4,6,-0.50
46,Adam Scott,66.67,2,3,E
46,Hudson Swafford,66.67,2,3,E
46,Tim Wilkinson,66.67,4,6,E
51,Steven Bowditch,60.00,3,5,E
51,Spencer Levin,60.00,3,5,-0.33
51,Jeff Overton,60.00,3,5,E
51,Heath Slocum,60.00,3,5,-0.33
55,Stuart Appleby,50.00,1,2,E
55,Chad Collins,50.00,1,2,E
55,John Daly,50.00,2,4,-0.50
55,Billy Hurley III,50.00,1,2,E
55,Justin Leonard,50.00,1,2,-1.00
55,S.Y. Noh,50.00,1,2,-1.00
55,Brendon Todd,50.00,1,2,E
55,Boo Weekley,50.00,1,2,+1.00
55,Charlie Wi,50.00,1,2,E
64,David Hearn,40.00,2,5,E
64,Tim Herron,40.00,2,5,-0.50
66,Ricky Barnes,20.00,1,5,-1.00
67,Brendon de Jonge,.00,0,1,E
67,Brian Gay,.00,0,1,E
67,Jason Kokrak,.00,0,1,E
67,Hideto Tanihara,.00,0,2,E
