rank,player,%,Greens Hit,Total Holes,Relative to par
1,Chris Kirk,88.24,15,17,-0.20
2,Justin Leonard,85.00,17,20,-0.18
2,Hudson Swafford,85.00,17,20,-0.12
4,Daniel Summerhays,84.21,16,19,-0.19
5,Retief Goosen,83.33,10,12,-0.20
6,Brendon Todd,81.25,13,16,-0.38
7,K.J. Choi,80.95,17,21,-0.24
8,Stewart Cink,80.00,16,20,-0.19
9,Jason Kokrak,79.31,23,29,-0.17
10,Greg Chalmers,78.95,15,19,-0.47
11,Brendon de Jonge,77.78,14,18,E
11,Tommy Gainey,77.78,14,18,-0.57
11,Heath Slocum,77.78,14,18,-0.36
14,Spencer Levin,76.92,20,26,-0.15
15,Morgan Hoffmann,76.47,13,17,-0.15
16,Michael Putnam,76.19,16,21,-0.06
17,Russell Henley,75.00,15,20,-0.27
17,Pat Perez,75.00,18,24,-0.06
19,Jimmy Walker,73.91,17,23,-0.29
20,Brice Garnett,73.68,14,19,-0.21
20,Hyung-Sung Kim,73.68,14,19,-0.14
20,William McGirt,73.68,14,19,-0.14
23,Matt Every,73.33,11,15,-0.27
24,James Hahn,72.22,13,18,-0.15
24,Tim Wilkinson,72.22,13,18,-0.23
26,Kevin Na,71.43,15,21,-0.13
26,Adam Scott,71.43,15,21,-0.27
26,Mark Wilson,71.43,15,21,-0.13
29,Justin Hicks,70.59,12,17,-0.25
29,Robert Streb,70.59,12,17,-0.33
31,Scott Brown,69.23,9,13,-0.11
31,John Daly,69.23,9,13,-0.22
31,Brian Harman,69.23,9,13,-0.11
34,Ricky Barnes,68.75,11,16,-0.18
34,David Hearn,68.75,11,16,-0.18
34,Charles Howell III,68.75,11,16,-0.18
37,Harris English,68.42,13,19,-0.54
38,Ben Martin,66.67,10,15,-0.10
38,John Peterson,66.67,12,18,-0.33
38,Hideto Tanihara,66.67,12,18,-0.50
41,Matt Kuchar,65.22,15,23,-0.27
42,Chad Collins,65.00,13,20,-0.23
42,Chris Stroud,65.00,13,20,-0.23
44,Paul Goydos,64.00,16,25,-0.13
45,John Senden,63.64,14,22,-0.29
46,Sangmoon Bae,63.16,12,19,-0.58
46,Jerry Kelly,63.16,12,19,-0.17
46,Will Wilcox,63.16,12,19,-0.17
46,Y.E. Yang,63.16,12,19,E
50,Robert Allenby,62.50,10,16,-0.10
50,Jeff Overton,62.50,10,16,E
50,Derek Tolan,62.50,10,16,-0.20
53,Brian Gay,61.11,11,18,-0.45
53,Zach Johnson,61.11,11,18,E
53,Marc Leishman,61.11,11,18,-0.55
56,Steven Bowditch,60.00,9,15,E
56,D.A. Points,60.00,9,15,-0.33
56,Brian Stuard,60.00,12,20,-0.33
59,Tim Herron,58.33,7,12,-0.29
60,Charlie Beljan,57.14,12,21,-0.17
61,Ryuji Imada,56.25,9,16,-0.33
61,Tyrone Van Aswegen,56.25,9,16,-0.11
63,Billy Hurley III,55.56,10,18,-0.10
64,John Rollins,54.17,13,24,E
65,Boo Weekley,53.33,8,15,-0.13
66,Ryan Palmer,52.94,9,17,-0.22
67,Jason Dufner,52.63,10,19,-0.20
67,Charlie Wi,52.63,10,19,E
69,S.Y. Noh,52.17,12,23,E
70,Stuart Appleby,45.45,10,22,E
71,Peter Malnati,33.33,5,15,E
