rank,player,%,Greens Hit,Total Holes,Relative to par
1,Charlie Beljan,100.00,12,12,-0.58
1,K.J. Choi,100.00,11,11,-0.73
1,Stewart Cink,100.00,11,11,-0.64
1,Harris English,100.00,12,12,-0.75
1,Brian Gay,100.00,12,12,-0.58
1,David Hearn,100.00,11,11,-0.45
1,Ryuji Imada,100.00,11,11,-0.73
1,Zach Johnson,100.00,12,12,-0.75
1,Hyung-Sung Kim,100.00,11,11,-0.45
1,Kevin Na,100.00,12,12,-0.58
1,Ryan Palmer,100.00,13,13,-0.77
1,John Peterson,100.00,12,12,-0.58
1,Adam Scott,100.00,14,14,-0.64
14,Steven Bowditch,92.31,12,13,-0.58
14,Retief Goosen,92.31,12,13,-0.83
14,Jason Kokrak,92.31,12,13,-0.67
14,Michael Putnam,92.31,12,13,-0.25
14,Jimmy Walker,92.31,12,13,-0.75
19,Tim Herron,91.67,11,12,-0.36
19,Justin Hicks,91.67,11,12,-0.64
19,Jerry Kelly,91.67,11,12,-0.73
19,Spencer Levin,91.67,11,12,-0.73
19,William McGirt,91.67,11,12,-0.55
19,D.A. Points,91.67,11,12,-0.55
19,John Rollins,91.67,11,12,-0.91
19,Hudson Swafford,91.67,11,12,-0.82
19,Brendon Todd,91.67,11,12,-0.55
19,Derek Tolan,91.67,11,12,-0.64
19,Boo Weekley,91.67,11,12,-0.64
19,Charlie Wi,91.67,11,12,-0.82
31,Stuart Appleby,90.91,10,11,-0.80
31,Sangmoon Bae,90.91,10,11,-0.50
31,Brendon de Jonge,90.91,10,11,-0.50
31,Brice Garnett,90.91,10,11,-0.70
31,Billy Hurley III,90.91,10,11,-1.00
31,Jeff Overton,90.91,10,11,-0.80
31,Heath Slocum,90.91,10,11,-0.40
31,Chris Stroud,90.91,10,11,-0.70
31,Tyrone Van Aswegen,90.91,10,11,-0.80
31,Y.E. Yang,90.91,10,11,-0.40
41,Robert Allenby,90.00,9,10,-0.44
41,Scott Brown,90.00,9,10,-0.67
41,Jason Dufner,90.00,9,10,-0.56
41,Russell Henley,90.00,9,10,-0.56
41,Justin Leonard,90.00,9,10,-0.44
41,S.Y. Noh,90.00,9,10,-0.56
47,Chad Collins,88.89,8,9,-0.50
47,Robert Streb,88.89,8,9,-0.88
47,Brian Stuard,88.89,8,9,-0.88
50,Tim Wilkinson,87.50,7,8,-0.57
51,Chris Kirk,84.62,11,13,-1.00
51,Will Wilcox,84.62,11,13,-0.45
53,Matt Every,83.33,10,12,-0.60
53,Tommy Gainey,83.33,10,12,-0.30
53,Brian Harman,83.33,10,12,-0.80
53,Marc Leishman,83.33,10,12,-0.80
53,John Senden,83.33,10,12,-0.70
58,Peter Malnati,81.82,9,11,-0.89
58,Pat Perez,81.82,9,11,-0.89
60,John Daly,78.57,11,14,-0.73
61,Ricky Barnes,77.78,7,9,-0.71
62,Morgan Hoffmann,76.92,10,13,-0.50
63,Matt Kuchar,75.00,9,12,-0.78
63,Ben Martin,75.00,9,12,-0.56
65,James Hahn,72.73,8,11,-0.88
65,Charles Howell III,72.73,8,11,-0.50
65,Daniel Summerhays,72.73,8,11,-0.75
65,Mark Wilson,72.73,8,11,-0.75
69,Paul Goydos,70.00,7,10,-0.86
69,Hideto Tanihara,70.00,7,10,-0.71
71,Greg Chalmers,66.67,6,9,-0.17
