rank,player,%,Greens Hit,# Holes,Relative/Par
1,Robert Allenby,100.0,2,2,E
1,Sangmoon Bae,100.0,4,4,E
1,Chad Collins,100.0,4,4,E
1,Brendon de Jonge,100.0,2,2,E
1,Harris English,100.0,3,3,-1.00
1,Brian Gay,100.0,2,2,-1.00
1,Billy Hurley III,100.0,2,2,E
1,Chris Kirk,100.0,5,5,-4.00
1,William McGirt,100.0,3,3,-1.00
1,Kevin Na,100.0,4,4,-2.00
1,D.A. Points,100.0,2,2,-1.00
1,Daniel Summerhays,100.0,4,4,-1.00
1,Will Wilcox,100.0,3,3,E
1,Tim Wilkinson,100.0,1,1,E
1,Mark Wilson,100.0,4,4,-1.00
16,Tommy Gainey,80.0,4,5,-1.00
16,Ryan Palmer,80.0,4,5,-3.00
16,Hudson Swafford,80.0,4,5,-1.00
19,Stuart Appleby,75.0,3,4,-1.00
19,Russell Henley,75.0,3,4,-1.00
19,Spencer Levin,75.0,3,4,-1.00
19,Derek Tolan,75.0,3,4,E
23,John Peterson,71.4,5,7,E
24,Greg Chalmers,66.7,4,6,-1.00
24,K.J. Choi,66.7,2,3,E
24,Stewart Cink,66.7,4,6,-3.00
24,John Daly,66.7,4,6,-1.00
24,Jason Dufner,66.7,2,3,E
24,Retief Goosen,66.7,4,6,-3.00
24,Ryuji Imada,66.7,2,3,E
24,Jason Kokrak,66.7,2,3,-1.00
24,Pat Perez,66.7,2,3,E
24,John Rollins,66.7,4,6,E
34,Ricky Barnes,60.0,3,5,-1.00
34,Marc Leishman,60.0,3,5,-2.00
34,Robert Streb,60.0,3,5,-1.00
34,Hideto Tanihara,60.0,3,5,-1.00
34,Boo Weekley,60.0,6,10,E
39,David Hearn,57.1,4,7,E
40,Scott Brown,50.0,2,4,-1.00
40,Matt Every,50.0,3,6,E
40,Brice Garnett,50.0,1,2,-1.00
40,James Hahn,50.0,1,2,E
40,Tim Herron,50.0,2,4,-1.00
40,Charles Howell III,50.0,5,10,-2.00
40,Hyung-Sung Kim,50.0,2,4,E
40,Matt Kuchar,50.0,1,2,-1.00
40,Justin Leonard,50.0,1,2,E
40,S.Y. Noh,50.0,1,2,-1.00
40,Jeff Overton,50.0,1,2,-1.00
40,John Senden,50.0,2,4,-1.00
40,Charlie Wi,50.0,1,2,E
53,Chris Stroud,42.9,3,7,E
53,Brian Stuard,42.9,3,7,-1.00
55,Tyrone Van Aswegen,40.0,2,5,-1.00
56,Brendon Todd,37.5,3,8,-1.00
57,Steven Bowditch,33.3,1,3,E
57,Zach Johnson,33.3,1,3,E
57,Heath Slocum,33.3,1,3,-1.00
57,Y.E. Yang,33.3,1,3,E
61,Ben Martin,25.0,1,4,E
62,Adam Scott,20.0,1,5,-1.00
62,Jimmy Walker,20.0,1,5,E
64,Charlie Beljan,.0,0,1,E
64,Brian Harman,.0,0,3,E
64,Justin Hicks,.0,0,1,E
64,Morgan Hoffmann,.0,0,2,E
64,Jerry Kelly,.0,0,4,E
64,Peter Malnati,.0,0,1,E
64,Michael Putnam,.0,0,2,E
