rank,player,%,Greens Hit,Total Holes,Relative to par
1,Chris Kirk,75.86,44,58,-0.18
2,Michael Putnam,74.58,44,59,-0.18
3,Spencer Levin,71.67,43,60,-0.16
3,Kevin Na,71.67,43,60,-0.14
5,James Hahn,71.19,42,59,-0.17
6,Ryan Palmer,70.69,41,58,-0.20
7,Stewart Cink,70.49,43,61,-0.21
7,Justin Leonard,70.49,43,61,-0.21
7,Daniel Summerhays,70.49,43,61,-0.16
10,Hudson Swafford,70.00,42,60,-0.14
10,Brendon Todd,70.00,42,60,-0.26
12,Jimmy Walker,69.49,41,59,-0.32
13,Chad Collins,67.74,42,62,-0.14
14,Justin Hicks,67.24,39,58,-0.31
15,Mark Wilson,67.21,41,61,-0.15
16,Greg Chalmers,66.67,42,63,-0.29
16,K.J. Choi,66.67,40,60,-0.25
16,Matt Kuchar,66.67,40,60,-0.20
16,Chris Stroud,66.67,40,60,-0.18
20,Russell Henley,66.13,41,62,-0.27
21,Will Wilcox,66.10,39,59,-0.26
22,David Hearn,65.57,40,61,-0.20
22,Pat Perez,65.57,40,61,-0.10
24,Zach Johnson,65.00,39,60,-0.23
24,Jerry Kelly,65.00,39,60,-0.28
26,Morgan Hoffmann,64.91,37,57,-0.16
27,Scott Brown,64.52,40,62,-0.10
28,John Rollins,64.41,38,59,-0.13
29,Brendon de Jonge,63.93,39,61,-0.10
29,Billy Hurley III,63.93,39,61,-0.18
31,Brian Harman,63.79,37,58,-0.22
31,John Peterson,63.79,37,58,-0.19
33,William McGirt,63.33,38,60,-0.18
34,Adam Scott,63.16,36,57,-0.19
35,Tommy Gainey,62.71,37,59,-0.24
35,John Senden,62.71,37,59,-0.19
37,Sangmoon Bae,62.30,38,61,-0.32
37,Hyung-Sung Kim,62.30,38,61,-0.11
37,Heath Slocum,62.30,38,61,-0.29
40,Retief Goosen,62.07,36,58,-0.17
41,Ben Martin,61.67,37,60,-0.24
42,Hideto Tanihara,61.29,38,62,-0.39
43,Charlie Beljan,61.02,36,59,-0.19
43,Jason Kokrak,61.02,36,59,-0.17
45,Jeff Overton,60.00,36,60,-0.17
45,Tyrone Van Aswegen,60.00,36,60,-0.22
45,Y.E. Yang,60.00,36,60,-0.22
48,Brian Stuard,59.68,37,62,-0.30
49,Matt Every,59.32,35,59,-0.37
49,Marc Leishman,59.32,35,59,-0.31
51,Jason Dufner,59.02,36,61,-0.36
51,Charles Howell III,59.02,36,61,-0.25
51,S.Y. Noh,59.02,36,61,-0.14
54,Steven Bowditch,58.93,33,56,-0.18
55,Tim Herron,58.33,35,60,-0.20
56,Paul Goydos,58.06,36,62,-0.08
57,Ricky Barnes,57.14,36,63,-0.19
57,John Daly,57.14,32,56,-0.34
59,Robert Allenby,56.45,35,62,-0.26
59,Robert Streb,56.45,35,62,-0.09
61,Tim Wilkinson,56.25,36,64,-0.17
62,Harris English,55.00,33,60,-0.36
62,Boo Weekley,55.00,33,60,-0.24
64,Derek Tolan,54.39,31,57,-0.23
65,Charlie Wi,52.54,31,59,-0.10
66,Brice Garnett,52.46,32,61,-0.22
67,Ryuji Imada,51.67,31,60,-0.35
68,Brian Gay,50.85,30,59,-0.37
69,Stuart Appleby,49.18,30,61,-0.20
70,D.A. Points,49.15,29,59,-0.24
71,Peter Malnati,48.33,29,60,-0.24
