rank,player,%,Greens Hit,Total Holes,Relative to par
1,Robert Allenby,100.00,4,4,-0.25
1,Stuart Appleby,100.00,1,1,-1.00
1,Charlie Beljan,100.00,2,2,-1.00
1,Stewart Cink,100.00,2,2,E
1,Matt Every,100.00,1,1,E
1,Brian Gay,100.00,3,3,E
1,Retief Goosen,100.00,2,2,-1.00
1,David Hearn,100.00,3,3,E
1,Justin Hicks,100.00,1,1,E
1,Ryuji Imada,100.00,2,2,E
1,Hyung-Sung Kim,100.00,3,3,-0.33
1,Jason Kokrak,100.00,1,1,-1.00
1,Justin Leonard,100.00,2,2,E
1,Spencer Levin,100.00,1,1,-1.00
1,Kevin Na,100.00,2,2,-0.50
1,Ryan Palmer,100.00,2,2,-0.50
1,Pat Perez,100.00,1,1,E
1,John Peterson,100.00,4,4,-0.75
1,D.A. Points,100.00,2,2,-0.50
1,Michael Putnam,100.00,2,2,-0.50
1,John Rollins,100.00,1,1,E
1,Adam Scott,100.00,3,3,-0.33
1,John Senden,100.00,1,1,-1.00
1,Chris Stroud,100.00,1,1,E
1,Brian Stuard,100.00,4,4,-0.75
1,Tyrone Van Aswegen,100.00,3,3,-0.33
1,Charlie Wi,100.00,2,2,-0.50
1,Y.E. Yang,100.00,1,1,E
29,Greg Chalmers,75.00,3,4,-0.33
29,Tommy Gainey,75.00,3,4,E
31,Chad Collins,66.67,2,3,-1.00
31,John Daly,66.67,4,6,-0.50
31,Russell Henley,66.67,2,3,-0.50
34,Steven Bowditch,50.00,1,2,E
34,Scott Brown,50.00,1,2,E
34,Jason Dufner,50.00,1,2,E
34,Brian Harman,50.00,2,4,-0.50
34,Jerry Kelly,50.00,1,2,E
34,Chris Kirk,50.00,1,2,-1.00
34,Ben Martin,50.00,1,2,E
34,Hideto Tanihara,50.00,1,2,E
34,Brendon Todd,50.00,1,2,E
34,Derek Tolan,50.00,1,2,E
34,Jimmy Walker,50.00,1,2,E
34,Will Wilcox,50.00,1,2,E
46,Morgan Hoffmann,25.00,1,4,E
47,Brendon de Jonge,.00,0,1,E
47,Paul Goydos,.00,0,1,E
47,James Hahn,.00,0,1,E
47,Charles Howell III,.00,0,1,E
47,William McGirt,.00,0,1,E
47,Robert Streb,.00,0,1,E
47,Daniel Summerhays,.00,0,1,E
47,Tim Wilkinson,.00,0,1,E
47,Mark Wilson,.00,0,2,E
