rank,player,%,Greens Hit,Total Holes,Relative to par
1,Brian Harman,100.00,13,13,-0.23
1,David Hearn,100.00,15,15,-0.27
1,Spencer Levin,100.00,6,6,-0.17
1,Pat Perez,100.00,7,7,-0.14
1,Mark Wilson,100.00,5,5,-0.20
6,Chris Stroud,93.33,14,15,-0.14
6,Tim Wilkinson,93.33,14,15,-0.14
8,James Hahn,92.86,13,14,-0.23
8,Billy Hurley III,92.86,13,14,-0.31
8,Zach Johnson,92.86,13,14,-0.31
8,Michael Putnam,92.86,13,14,-0.31
12,Greg Chalmers,91.67,11,12,-0.27
13,S.Y. Noh,90.91,10,11,-0.20
14,John Rollins,90.00,9,10,-0.22
15,Robert Allenby,86.67,13,15,-0.31
15,Sangmoon Bae,86.67,13,15,-0.08
15,Justin Leonard,86.67,13,15,-0.15
18,Justin Hicks,85.71,12,14,-0.25
19,Ryan Palmer,84.62,11,13,-0.27
20,Chad Collins,83.33,10,12,E
21,Marc Leishman,82.35,14,17,-0.21
22,Hyung-Sung Kim,81.82,9,11,-0.11
23,Ricky Barnes,81.25,13,16,-0.31
24,Tim Herron,80.00,12,15,-0.17
24,William McGirt,80.00,12,15,-0.25
24,Will Wilcox,80.00,8,10,-0.13
27,Stewart Cink,78.57,11,14,-0.18
27,Jason Dufner,78.57,11,14,-0.27
27,John Senden,78.57,11,14,-0.18
30,Daniel Summerhays,77.78,14,18,-0.29
31,Boo Weekley,77.27,17,22,-0.35
32,Stuart Appleby,76.92,10,13,-0.20
32,Y.E. Yang,76.92,10,13,-0.30
34,Russell Henley,76.47,13,17,-0.31
34,Hideto Tanihara,76.47,13,17,-0.46
34,Brendon Todd,76.47,13,17,-0.23
37,K.J. Choi,75.00,9,12,-0.44
37,Brian Stuard,75.00,12,16,-0.33
37,Jimmy Walker,75.00,9,12,-0.44
40,Charlie Beljan,72.73,8,11,-0.38
40,Kevin Na,72.73,8,11,-0.13
40,Tyrone Van Aswegen,72.73,8,11,-0.50
43,Brendon de Jonge,71.43,10,14,-0.40
43,Adam Scott,71.43,10,14,-0.20
45,Chris Kirk,70.59,12,17,-0.25
45,Jeff Overton,70.59,12,17,-0.42
47,Charles Howell III,69.23,9,13,-0.11
47,Heath Slocum,69.23,9,13,-0.44
49,Retief Goosen,68.75,11,16,-0.27
49,Jerry Kelly,68.75,11,16,-0.55
51,Scott Brown,66.67,10,15,E
51,John Daly,66.67,10,15,-0.60
51,Brian Gay,66.67,8,12,-0.38
51,Paul Goydos,66.67,6,9,-0.17
51,Charlie Wi,66.67,8,12,-0.25
56,Tommy Gainey,64.29,9,14,-0.11
56,Ryuji Imada,64.29,9,14,-0.56
56,Derek Tolan,64.29,9,14,-0.22
59,Brice Garnett,63.64,7,11,-0.43
59,D.A. Points,63.64,7,11,-0.29
61,Matt Every,60.00,9,15,-0.33
61,Matt Kuchar,60.00,6,10,-0.17
61,Peter Malnati,60.00,9,15,-0.33
61,Hudson Swafford,60.00,6,10,-0.33
65,Ben Martin,56.25,9,16,-0.56
65,John Peterson,56.25,9,16,-0.11
67,Morgan Hoffmann,53.85,7,13,-0.14
67,Robert Streb,53.85,7,13,E
69,Harris English,50.00,6,12,-0.17
70,Jason Kokrak,44.44,4,9,-0.25
71,Steven Bowditch,42.86,6,14,-0.33
