rank,player,%,Greens Hit,Total Holes,Relative to par
1,Charlie Beljan,100.00,10,10,-0.50
1,Steven Bowditch,100.00,11,11,-0.64
1,Scott Brown,100.00,8,8,-0.75
1,K.J. Choi,100.00,11,11,-0.73
1,Stewart Cink,100.00,9,9,-0.78
1,Chad Collins,100.00,6,6,-0.33
1,Brendon de Jonge,100.00,10,10,-0.50
1,Jason Dufner,100.00,8,8,-0.63
1,Harris English,100.00,12,12,-0.75
1,Brian Gay,100.00,9,9,-0.78
1,Brian Harman,100.00,8,8,-0.88
1,David Hearn,100.00,8,8,-0.63
1,Russell Henley,100.00,7,7,-0.57
1,Morgan Hoffmann,100.00,9,9,-0.56
1,Ryuji Imada,100.00,9,9,-0.89
1,Zach Johnson,100.00,12,12,-0.75
1,Jerry Kelly,100.00,10,10,-0.80
1,Hyung-Sung Kim,100.00,8,8,-0.50
1,William McGirt,100.00,11,11,-0.55
1,Kevin Na,100.00,10,10,-0.60
1,Ryan Palmer,100.00,11,11,-0.82
1,John Peterson,100.00,8,8,-0.50
1,Adam Scott,100.00,11,11,-0.73
1,Robert Streb,100.00,8,8,-0.88
1,Brendon Todd,100.00,10,10,-0.60
1,Derek Tolan,100.00,10,10,-0.70
1,Jimmy Walker,100.00,11,11,-0.82
1,Tim Wilkinson,100.00,7,7,-0.57
29,Tim Herron,91.67,11,12,-0.36
29,Jason Kokrak,91.67,11,12,-0.64
29,Hudson Swafford,91.67,11,12,-0.82
29,Boo Weekley,91.67,11,12,-0.64
33,Sangmoon Bae,90.91,10,11,-0.50
33,Brice Garnett,90.91,10,11,-0.70
33,Retief Goosen,90.91,10,11,-0.80
33,Justin Hicks,90.91,10,11,-0.70
33,Billy Hurley III,90.91,10,11,-1.00
33,Chris Kirk,90.91,10,11,-1.00
33,Spencer Levin,90.91,10,11,-0.70
33,Jeff Overton,90.91,10,11,-0.80
33,Michael Putnam,90.91,10,11,-0.20
33,John Rollins,90.91,10,11,-1.00
33,Heath Slocum,90.91,10,11,-0.40
33,Will Wilcox,90.91,10,11,-0.50
45,Stuart Appleby,90.00,9,10,-0.78
45,S.Y. Noh,90.00,9,10,-0.56
45,D.A. Points,90.00,9,10,-0.56
45,Chris Stroud,90.00,9,10,-0.78
45,Charlie Wi,90.00,9,10,-0.89
45,Y.E. Yang,90.00,9,10,-0.44
51,Mark Wilson,88.89,8,9,-0.75
52,John Daly,87.50,7,8,-0.86
52,Tommy Gainey,87.50,7,8,-0.43
52,Justin Leonard,87.50,7,8,-0.57
52,Tyrone Van Aswegen,87.50,7,8,-1.00
56,Robert Allenby,83.33,5,6,-0.60
56,Marc Leishman,83.33,10,12,-0.80
58,Matt Every,81.82,9,11,-0.67
58,Peter Malnati,81.82,9,11,-0.89
58,John Senden,81.82,9,11,-0.67
61,James Hahn,80.00,8,10,-0.88
61,Charles Howell III,80.00,8,10,-0.50
61,Ben Martin,80.00,8,10,-0.63
61,Pat Perez,80.00,8,10,-1.00
61,Brian Stuard,80.00,4,5,-1.00
61,Daniel Summerhays,80.00,8,10,-0.75
67,Ricky Barnes,77.78,7,9,-0.71
67,Paul Goydos,77.78,7,9,-0.86
69,Matt Kuchar,75.00,9,12,-0.78
69,Hideto Tanihara,75.00,6,8,-0.83
71,Greg Chalmers,60.00,3,5,E
