rank,player,%,Greens Hit,# of Holes
1,Brice Garnett,93.10,27,29
2,Michael Putnam,92.59,25,27
2,Will Wilcox,92.59,25,27
4,Spencer Levin,92.31,24,26
4,Adam Scott,92.31,24,26
6,Jason Dufner,91.67,22,24
6,John Rollins,91.67,22,24
8,Ricky Barnes,90.48,19,21
9,Pat Perez,90.00,27,30
9,Jimmy Walker,90.00,27,30
11,David Hearn,89.29,25,28
12,Stewart Cink,88.89,24,27
13,Brian Harman,88.46,23,26
13,William McGirt,88.46,23,26
15,Russell Henley,87.88,29,33
16,James Hahn,87.50,28,32
17,Greg Chalmers,86.96,20,23
18,Daniel Summerhays,86.67,26,30
19,Jason Kokrak,86.21,25,29
20,Chris Stroud,85.71,24,28
21,Hyung-Sung Kim,85.29,29,34
22,K.J. Choi,85.19,23,27
23,Marc Leishman,84.62,22,26
24,Hudson Swafford,84.38,27,32
24,Tyrone Van Aswegen,84.38,27,32
24,Mark Wilson,84.38,27,32
27,Robert Streb,84.21,16,19
28,Jeff Overton,84.00,21,25
29,Chris Kirk,83.87,26,31
30,Robert Allenby,83.33,25,30
30,Brendon Todd,83.33,25,30
30,Boo Weekley,83.33,20,24
33,Jerry Kelly,82.76,24,29
33,Ryan Palmer,82.76,24,29
35,Billy Hurley III,82.35,28,34
35,Zach Johnson,82.35,28,34
37,John Senden,82.14,23,28
38,Justin Hicks,81.08,30,37
39,S.Y. Noh,80.95,17,21
40,Stuart Appleby,80.77,21,26
40,Kevin Na,80.77,21,26
42,Tim Wilkinson,80.65,25,31
43,Justin Leonard,80.56,29,36
43,Heath Slocum,80.56,29,36
45,Charlie Beljan,80.00,28,35
45,Retief Goosen,80.00,20,25
45,Matt Kuchar,80.00,24,30
45,John Peterson,80.00,24,30
49,Brendon de Jonge,78.79,26,33
50,Matt Every,78.57,22,28
50,Y.E. Yang,78.57,22,28
52,Ben Martin,77.42,24,31
53,Tommy Gainey,77.27,17,22
54,Chad Collins,76.92,20,26
54,Charles Howell III,76.92,20,26
56,Sangmoon Bae,76.67,23,30
57,Hideto Tanihara,73.33,22,30
58,John Daly,73.08,19,26
59,Morgan Hoffmann,72.73,16,22
59,Ryuji Imada,72.73,16,22
61,Tim Herron,72.41,21,29
62,Harris English,72.00,18,25
63,Charlie Wi,71.43,15,21
64,Brian Stuard,68.97,20,29
65,Paul Goydos,68.57,24,35
66,Brian Gay,67.74,21,31
67,Scott Brown,66.67,20,30
67,Derek Tolan,66.67,10,15
69,Steven Bowditch,64.52,20,31
69,Peter Malnati,64.52,20,31
71,D.A. Points,60.61,20,33
