rank,player,%,Greens Hit,Total Holes,Relative to par
1,Chris Kirk,84.62,11,13,-0.18
2,Ryan Palmer,83.33,10,12,-0.20
3,Brendon de Jonge,76.47,13,17,-0.08
4,Will Wilcox,75.00,12,16,-0.42
5,Scott Brown,72.22,13,18,-0.08
6,Steven Bowditch,68.75,11,16,-0.09
6,Michael Putnam,68.75,11,16,-0.18
8,Morgan Hoffmann,66.67,10,15,-0.10
8,Jerry Kelly,66.67,8,12,E
8,Spencer Levin,66.67,10,15,+0.10
8,Brendon Todd,66.67,10,15,-0.30
12,James Hahn,64.71,11,17,E
13,Kevin Na,64.29,9,14,-0.11
14,Tim Herron,63.16,12,19,-0.08
15,Chad Collins,60.00,12,20,-0.25
15,John Peterson,60.00,9,15,-0.22
17,Stewart Cink,58.33,7,12,-0.29
18,Retief Goosen,57.89,11,19,E
19,John Senden,57.14,8,14,-0.13
19,Jimmy Walker,57.14,8,14,-0.25
21,Billy Hurley III,56.25,9,16,-0.11
21,S.Y. Noh,56.25,9,16,-0.22
23,Charlie Beljan,55.56,10,18,-0.10
23,David Hearn,55.56,10,18,-0.20
23,Hudson Swafford,55.56,10,18,-0.10
26,Jason Kokrak,53.85,7,13,-0.14
26,Matt Kuchar,53.85,7,13,E
28,Jason Dufner,53.33,8,15,-0.50
28,Justin Leonard,53.33,8,15,-0.25
28,John Rollins,53.33,8,15,-0.13
31,Robert Allenby,52.94,9,17,-0.22
31,Ricky Barnes,52.94,9,17,E
31,Russell Henley,52.94,9,17,-0.22
31,Charlie Wi,52.94,9,17,-0.11
35,Zach Johnson,52.63,10,19,-0.30
36,Mark Wilson,52.38,11,21,-0.18
37,Sangmoon Bae,50.00,8,16,-0.13
37,Harris English,50.00,9,18,-0.22
37,Ben Martin,50.00,8,16,E
37,Pat Perez,50.00,9,18,E
37,Chris Stroud,50.00,8,16,E
42,Justin Hicks,47.06,8,17,-0.25
42,Derek Tolan,47.06,8,17,-0.38
42,Y.E. Yang,47.06,8,17,-0.38
45,Marc Leishman,46.67,7,15,-0.14
45,Heath Slocum,46.67,7,15,E
47,Peter Malnati,46.15,6,13,-0.17
47,Jeff Overton,46.15,6,13,-0.17
47,Adam Scott,46.15,6,13,-0.17
50,Greg Chalmers,44.44,8,18,-0.13
50,Brian Gay,44.44,8,18,-0.38
52,John Daly,43.75,7,16,-0.14
52,Robert Streb,43.75,7,16,+0.14
52,Brian Stuard,43.75,7,16,-0.29
52,Hideto Tanihara,43.75,7,16,-0.43
56,K.J. Choi,42.86,6,14,-0.33
56,Hyung-Sung Kim,42.86,9,21,-0.11
56,Tyrone Van Aswegen,42.86,9,21,-0.11
59,D.A. Points,42.11,8,19,-0.13
60,Brice Garnett,40.00,8,20,E
61,Brian Harman,38.89,7,18,-0.29
62,Charles Howell III,38.46,5,13,-0.40
62,Boo Weekley,38.46,5,13,-0.60
64,Stuart Appleby,37.50,6,16,-0.50
65,Matt Every,35.71,5,14,-0.60
66,Ryuji Imada,33.33,5,15,E
66,William McGirt,33.33,5,15,-0.20
66,Daniel Summerhays,33.33,4,12,E
69,Paul Goydos,31.25,5,16,+0.20
70,Tommy Gainey,28.57,4,14,E
71,Tim Wilkinson,20.00,3,15,+0.33
