rank,player,%,Greens Hit,# Holes,Relative/Par
1,Jim Furyk,86.11,62,72,-0.10
1,J.B. Holmes,86.11,62,72,-0.27
1,Kirk Triplett,86.11,62,72,-0.15
4,Trevor Immelman,84.72,61,72,-0.20
4,Davis Love III,84.72,61,72,-0.23
6,Stephen Ames,83.33,60,72,-0.20
6,Luke Donald,83.33,60,72,-0.17
6,J.J. Henry,83.33,60,72,-0.18
9,Will MacKenzie,81.94,59,72,-0.24
9,David Toms,81.94,59,72,-0.22
11,K.J. Choi,80.56,58,72,-0.24
11,Adam Scott,80.56,58,72,-0.29
13,Chris Couch,79.17,57,72,-0.19
13,Troy Matteson,79.17,57,72,-0.18
15,Joe Durant,77.78,56,72,-0.18
16,Tim Herron,76.39,55,72,-0.13
16,Rod Pampling,76.39,55,72,-0.18
16,Vijay Singh,76.39,55,72,-0.29
19,Eric Axley,75.00,54,72,-0.13
19,Geoff Ogilvy,75.00,54,72,-0.20
21,John Senden,73.61,53,72,-0.13
22,Corey Pavin,72.22,52,72,-0.06
22,Carl Pettersson,72.22,52,72,-0.10
22,Brett Wetterich,72.22,52,72,-0.19
25,Stuart Appleby,70.83,51,72,-0.27
25,D.J. Trahan,70.83,51,72,-0.08
25,Dean Wilson,70.83,51,72,-0.10
28,Jeff Maggert,69.44,50,72,-0.08
29,Aaron Baddeley,68.06,49,72,-0.22
29,Chad Campbell,68.06,49,72,E
29,John Rollins,68.06,49,72,-0.10
32,Rory Sabbatini,63.89,46,72,-0.39
33,Ben Curtis,56.94,41,72,E
