rank,player,Value,Total Drv Rank,GIR Rank
1,Trevor Immelman,5,1,4
2,Davis Love III,9,5,4
3,Luke Donald,10,4,6
4,Stephen Ames,12,6,6
5,Jim Furyk,15,14,1
5,J.B. Holmes,15,14,1
7,Chris Couch,16,3,13
7,Joe Durant,16,1,15
7,J.J. Henry,16,10,6
10,Adam Scott,19,8,11
11,Troy Matteson,20,7,13
11,Kirk Triplett,20,19,1
13,David Toms,31,22,9
14,K.J. Choi,32,21,11
14,Will MacKenzie,32,23,9
14,Brett Wetterich,32,10,22
17,John Senden,33,12,21
18,Geoff Ogilvy,37,18,19
19,Stuart Appleby,38,13,25
20,Rod Pampling,39,23,16
20,Carl Pettersson,39,17,22
20,Vijay Singh,39,23,16
23,Rory Sabbatini,41,9,32
24,Jeff Maggert,42,14,28
25,Tim Herron,44,28,16
26,Chad Campbell,48,19,29
27,Eric Axley,49,30,19
28,Corey Pavin,53,31,22
29,Dean Wilson,54,29,25
30,Aaron Baddeley,55,26,29
31,D.J. Trahan,56,31,25
32,Ben Curtis,60,27,33
32,John Rollins,60,31,29
