rank,player,Stroke Differential,Player's Score,Field Average Score
1,Dustin Johnson,+4.22,67.00,71.22
2,Jon Rahm,+2.22,69.00,71.22
3,Brian Harman,+1.97,69.25,71.22
4,Rickie Fowler,+1.72,69.50,71.22
4,Hideki Matsuyama,+1.72,69.50,71.22
4,Pat Perez,+1.72,69.50,71.22
7,Marc Leishman,+1.47,69.75,71.22
7,Jhonattan Vegas,+1.47,69.75,71.22
9,Jordan Spieth,+1.22,70.00,71.22
10,Si Woo Kim,+.97,70.25,71.22
11,Daniel Berger,+.72,70.50,71.22
11,Jason Dufner,+.72,70.50,71.22
11,Billy Horschel,+.72,70.50,71.22
11,Chris Stroud,+.72,70.50,71.22
15,Patrick Cantlay,+.47,70.75,71.22
15,Patton Kizzire,+.47,70.75,71.22
17,Russell Henley,+.22,71.00,71.22
17,Kevin Kisner,+.22,71.00,71.22
17,Cameron Smith,+.22,71.00,71.22
20,Ryan Armour,-.03,71.25,71.22
21,Kevin Chappell,-.28,71.50,71.22
22,Austin Cook,-.78,72.00,71.22
22,Grayson Murray,-.78,72.00,71.22
22,Xander Schauffele,-.78,72.00,71.22
22,Justin Thomas,-.78,72.00,71.22
26,Bryson DeChambeau,-1.03,72.25,71.22
27,Wesley Bryan,-1.28,72.50,71.22
27,Hudson Swafford,-1.28,72.50,71.22
29,Brendan Steele,-1.53,72.75,71.22
30,Kyle Stanley,-1.78,73.00,71.22
31,Jonas Blixt,-2.03,73.25,71.22
32,Adam Hadwin,-2.28,73.50,71.22
33,D.A. Points,-3.53,74.75,71.22
34,Brooks Koepka,-5.03,76.25,71.22
