rank,player,Avg,Total Strokes,Total Rounds
1,Dustin Johnson,67.00,268,4
2,Jon Rahm,69.00,276,4
3,Brian Harman,69.25,277,4
4,Rickie Fowler,69.50,278,4
4,Hideki Matsuyama,69.50,278,4
4,Pat Perez,69.50,278,4
7,Marc Leishman,69.75,279,4
7,Jhonattan Vegas,69.75,279,4
9,Jordan Spieth,70.00,280,4
10,Si Woo Kim,70.25,281,4
11,Daniel Berger,70.50,282,4
11,Jason Dufner,70.50,282,4
11,Billy Horschel,70.50,282,4
11,Chris Stroud,70.50,282,4
15,Patrick Cantlay,70.75,283,4
15,Patton Kizzire,70.75,283,4
17,Russell Henley,71.00,284,4
17,Kevin Kisner,71.00,284,4
17,Cameron Smith,71.00,284,4
20,Ryan Armour,71.25,285,4
21,Kevin Chappell,71.50,286,4
22,Austin Cook,72.00,288,4
22,Grayson Murray,72.00,288,4
22,Xander Schauffele,72.00,288,4
22,Justin Thomas,72.00,288,4
26,Bryson DeChambeau,72.25,289,4
27,Wesley Bryan,72.50,290,4
27,Hudson Swafford,72.50,290,4
29,Brendan Steele,72.75,291,4
30,Kyle Stanley,73.00,292,4
31,Jonas Blixt,73.25,293,4
32,Adam Hadwin,73.50,294,4
33,D.A. Points,74.75,299,4
34,Brooks Koepka,76.25,305,4
