rank,player,Value,Tourn/Course,Round
1,Dustin Johnson,65,Sentry T of C/P,4
2,Hideki Matsuyama,66,Sentry T of C/P,4
2,Pat Perez,66,Sentry T of C/P,2
2,Jon Rahm,66,Sentry T of C/P,3
2,Jordan Spieth,66,Sentry T of C/P,2
2,Chris Stroud,66,Sentry T of C/P,2
7,Marc Leishman,67,Sentry T of C/P,4
7,Justin Thomas,67,Sentry T of C/P,4
9,Daniel Berger,68,Sentry T of C/P,3
9,Jason Dufner,68,Sentry T of C/P,2
9,Rickie Fowler,68,Sentry T of C/P,3
9,Brian Harman,68,Sentry T of C/P,2
9,Cameron Smith,68,Sentry T of C/P,3
9,Jhonattan Vegas,68,Sentry T of C/P,1
15,Russell Henley,69,Sentry T of C/P,4
15,Si Woo Kim,69,Sentry T of C/P,4
15,Patton Kizzire,69,Sentry T of C/P,3
15,Grayson Murray,69,Sentry T of C/P,3
19,Ryan Armour,70,Sentry T of C/P,3
19,Jonas Blixt,70,Sentry T of C/P,4
19,Wesley Bryan,70,Sentry T of C/P,4
19,Patrick Cantlay,70,Sentry T of C/P,2
19,Kevin Chappell,70,Sentry T of C/P,3
19,Austin Cook,70,Sentry T of C/P,4
19,Billy Horschel,70,Sentry T of C/P,3
19,Kevin Kisner,70,Sentry T of C/P,2
19,Xander Schauffele,70,Sentry T of C/P,3
19,Kyle Stanley,70,Sentry T of C/P,1
19,Hudson Swafford,70,Sentry T of C/P,4
30,Bryson DeChambeau,71,Sentry T of C/P,3
30,Brendan Steele,71,Sentry T of C/P,1
32,Adam Hadwin,72,Sentry T of C/P,4
33,D.A. Points,73,Sentry T of C/P,4
34,Brooks Koepka,74,Sentry T of C/P,2
