rank,player,Avg,# of Putts,# of Holes
1,Stuart Appleby,1.625,117,72
2,Brad Faxon,1.639,118,72
2,Tim Petrovic,1.639,118,72
4,Ben Crane,1.653,119,72
5,Michael Campbell,1.667,120,72
6,Olin Browne,1.681,121,72
6,K.J. Choi,1.681,121,72
6,Justin Leonard,1.681,121,72
6,Peter Lonard,1.681,121,72
10,Robert Gamez,1.694,122,72
10,Lucas Glover,1.694,122,72
12,Mark Calcavecchia,1.708,123,72
12,Vijay Singh,1.708,123,72
14,Jim Furyk,1.722,124,72
14,Sergio Garcia,1.722,124,72
16,"Wes Short, Jr.",1.736,125,72
17,Jason Bohn,1.750,126,72
18,Geoff Ogilvy,1.764,127,72
18,Vaughn Taylor,1.764,127,72
18,David Toms,1.764,127,72
21,Sean O'Hair,1.792,129,72
21,Kenny Perry,1.792,129,72
23,Bart Bryant,1.819,131,72
23,Fred Funk,1.819,131,72
25,Carl Pettersson,1.833,132,72
26,Ted Purdy,1.847,133,72
27,Jason Gore,1.861,134,72
27,Heath Slocum,1.861,134,72
