rank,player,Total
1,Robert Gamez,18.4
2,David Toms,19.2
3,K.J. Choi,21.4
4,Tim Petrovic,23.3
5,Bart Bryant,24.0
6,Michael Campbell,24.2
7,Justin Leonard,24.4
8,Olin Browne,24.9
9,Vijay Singh,25.6
10,Brad Faxon,25.8
11,"Wes Short, Jr.",26.3
12,Lucas Glover,27.0
13,Peter Lonard,27.7
14,Ben Crane,28.4
15,Vaughn Taylor,28.6
16,Mark Calcavecchia,29.4
17,Carl Pettersson,30.8
18,Jason Bohn,31.5
19,Geoff Ogilvy,32.8
20,Stuart Appleby,33.2
20,Sergio Garcia,33.2
22,Jason Gore,33.8
23,Jim Furyk,34.6
24,Fred Funk,40.7
25,Sean O'Hair,40.8
25,Kenny Perry,40.8
27,Ted Purdy,41.1
28,Heath Slocum,47.0
