rank,player,Avg,GIR Putts,Greens Hit,Birdie Conversion
1,Tim Petrovic,1.762,74,42,30.95
2,Jim Furyk,1.782,98,55,23.64
3,Vijay Singh,1.786,100,56,32.14
4,Michael Campbell,1.796,88,49,30.61
4,Lucas Glover,1.796,88,49,35.42
6,Stuart Appleby,1.808,94,52,27.45
7,Olin Browne,1.810,76,42,26.19
8,Robert Gamez,1.818,80,44,25.00
9,Justin Leonard,1.854,89,48,16.67
9,David Toms,1.854,89,48,25.00
11,Bart Bryant,1.860,106,57,19.30
11,K.J. Choi,1.860,80,43,25.58
13,Brad Faxon,1.861,67,36,25.00
14,Geoff Ogilvy,1.880,94,50,28.00
15,Mark Calcavecchia,1.894,89,47,23.40
16,Vaughn Taylor,1.895,108,57,21.05
17,Jason Bohn,1.896,91,48,25.00
18,Kenny Perry,1.898,93,49,22.45
19,"Wes Short, Jr.",1.913,88,46,21.74
20,Sergio Garcia,1.920,96,50,26.00
21,Sean O'Hair,1.925,77,40,25.00
22,Peter Lonard,1.933,87,45,17.78
23,Carl Pettersson,1.936,91,47,21.74
24,Ben Crane,1.943,68,35,22.86
25,Ted Purdy,1.956,88,45,26.67
26,Jason Gore,2.000,84,42,16.67
27,Heath Slocum,2.020,99,49,16.33
28,Fred Funk,2.071,87,42,7.14
