rank,player,Value,Attempts(<= 5'),Tot Made (>=20'),Tot Made (<= 5')
1,Carl Pettersson,105.66,53,3,53
2,Tim Petrovic,101.92,52,2,51
2,David Toms,101.92,52,2,51
4,Brad Faxon,101.79,56,2,55
5,Mark Calcavecchia,101.69,59,3,57
6,Stuart Appleby,100.00,55,3,52
6,Bart Bryant,100.00,57,1,56
6,K.J. Choi,100.00,58,2,56
6,Jim Furyk,100.00,64,2,62
6,Geoff Ogilvy,100.00,61,0,61
11,Fred Funk,98.39,62,0,61
12,Justin Leonard,98.36,61,1,59
13,Jason Bohn,98.33,60,0,59
14,Peter Lonard,98.25,57,1,55
15,Olin Browne,96.77,62,1,59
15,Ted Purdy,96.77,62,1,59
17,Sergio Garcia,96.72,61,2,57
18,"Wes Short, Jr.",96.55,58,1,55
19,Lucas Glover,96.43,56,0,54
20,Robert Gamez,96.30,54,1,51
21,Sean O'Hair,95.38,65,2,60
22,Vaughn Taylor,94.92,59,1,55
23,Jason Gore,94.83,58,0,55
24,Ben Crane,94.55,55,2,50
25,Heath Slocum,94.03,67,4,59
26,Vijay Singh,93.55,62,0,58
27,Michael Campbell,93.10,58,1,53
28,Kenny Perry,91.04,67,2,59
