rank,player,Avg,Total Strokes,Total Holes
1,Vijay Singh,35.00,140,4
2,Stuart Appleby,35.50,142,4
2,Lucas Glover,35.50,142,4
4,Jim Furyk,36.00,144,4
4,Vaughn Taylor,36.00,144,4
6,Peter Lonard,36.25,145,4
6,Geoff Ogilvy,36.25,145,4
8,Jason Bohn,36.50,146,4
8,Michael Campbell,36.50,146,4
8,Sergio Garcia,36.50,146,4
11,Justin Leonard,36.75,147,4
12,Robert Gamez,37.25,149,4
12,"Wes Short, Jr.",37.25,149,4
14,Tim Petrovic,37.50,150,4
14,Carl Pettersson,37.50,150,4
14,David Toms,37.50,150,4
17,Bart Bryant,37.75,151,4
17,Mark Calcavecchia,37.75,151,4
19,Kenny Perry,38.25,153,4
20,Olin Browne,38.50,154,4
20,Brad Faxon,38.50,154,4
20,Fred Funk,38.50,154,4
23,K.J. Choi,38.75,155,4
24,Sean O'Hair,39.00,156,4
25,Heath Slocum,39.25,157,4
26,Ben Crane,39.50,158,4
27,Jason Gore,39.75,159,4
28,Ted Purdy,40.00,160,4
