rank,player,Avg,Total Strokes,Total Rounds
1,Stuart Appleby,34.00,34,1
2,Michael Campbell,35.00,35,1
2,Peter Lonard,35.00,35,1
2,Vijay Singh,35.00,35,1
2,Vaughn Taylor,35.00,35,1
6,Mark Calcavecchia,36.00,36,1
6,Jim Furyk,36.00,36,1
6,Lucas Glover,36.00,36,1
6,Justin Leonard,36.00,36,1
6,"Wes Short, Jr.",36.00,36,1
11,Brad Faxon,37.00,37,1
11,Robert Gamez,37.00,37,1
11,Geoff Ogilvy,37.00,37,1
11,Carl Pettersson,37.00,37,1
15,Olin Browne,38.00,38,1
15,Bart Bryant,38.00,38,1
15,K.J. Choi,38.00,38,1
15,Ben Crane,38.00,38,1
15,Fred Funk,38.00,38,1
15,Sergio Garcia,38.00,38,1
15,Tim Petrovic,38.00,38,1
15,Heath Slocum,38.00,38,1
23,Jason Bohn,39.00,39,1
23,Kenny Perry,39.00,39,1
25,David Toms,40.00,40,1
26,Jason Gore,41.00,41,1
26,Ted Purdy,41.00,41,1
28,Sean O'Hair,43.00,43,1
