rank,player,Low Rnd
1,Jason Bohn,33
1,Lucas Glover,33
3,Stuart Appleby,34
3,Geoff Ogilvy,34
3,Vijay Singh,34
6,Michael Campbell,35
6,Jim Furyk,35
6,Sergio Garcia,35
6,Peter Lonard,35
6,Vaughn Taylor,35
6,David Toms,35
12,Olin Browne,36
12,Bart Bryant,36
12,Mark Calcavecchia,36
12,Justin Leonard,36
12,Tim Petrovic,36
12,Carl Pettersson,36
12,"Wes Short, Jr.",36
19,Brad Faxon,37
19,Fred Funk,37
19,Robert Gamez,37
19,Jason Gore,37
19,Sean O'Hair,37
19,Kenny Perry,37
19,Ted Purdy,37
26,K.J. Choi,38
26,Ben Crane,38
26,Heath Slocum,38
