rank,player,Avg,Total Strokes,Total Rounds
1,Michael Campbell,35.00,35,1
1,Sergio Garcia,35.00,35,1
3,Jason Bohn,36.00,36,1
3,Olin Browne,36.00,36,1
3,Lucas Glover,36.00,36,1
3,Justin Leonard,36.00,36,1
3,Peter Lonard,36.00,36,1
3,Carl Pettersson,36.00,36,1
3,Vijay Singh,36.00,36,1
10,Stuart Appleby,37.00,37,1
10,Jim Furyk,37.00,37,1
10,Robert Gamez,37.00,37,1
10,Geoff Ogilvy,37.00,37,1
10,Kenny Perry,37.00,37,1
10,Ted Purdy,37.00,37,1
10,Vaughn Taylor,37.00,37,1
17,Bart Bryant,38.00,38,1
17,Mark Calcavecchia,38.00,38,1
17,Fred Funk,38.00,38,1
17,Sean O'Hair,38.00,38,1
17,Heath Slocum,38.00,38,1
17,David Toms,38.00,38,1
23,Tim Petrovic,39.00,39,1
23,"Wes Short, Jr.",39.00,39,1
25,K.J. Choi,41.00,41,1
25,Ben Crane,41.00,41,1
25,Brad Faxon,41.00,41,1
28,Jason Gore,42.00,42,1
