rank,player,Avg,Total Strokes,Total Rounds
1,Lucas Glover,33.00,33,1
2,Vijay Singh,34.00,34,1
3,Stuart Appleby,36.00,36,1
3,Jim Furyk,36.00,36,1
3,Justin Leonard,36.00,36,1
6,Fred Funk,37.00,37,1
6,Sergio Garcia,37.00,37,1
6,Peter Lonard,37.00,37,1
6,Geoff Ogilvy,37.00,37,1
6,Kenny Perry,37.00,37,1
6,Tim Petrovic,37.00,37,1
6,Carl Pettersson,37.00,37,1
6,Vaughn Taylor,37.00,37,1
6,David Toms,37.00,37,1
15,Jason Bohn,38.00,38,1
15,K.J. Choi,38.00,38,1
15,Robert Gamez,38.00,38,1
15,Sean O'Hair,38.00,38,1
15,"Wes Short, Jr.",38.00,38,1
20,Bart Bryant,39.00,39,1
20,Mark Calcavecchia,39.00,39,1
20,Brad Faxon,39.00,39,1
20,Jason Gore,39.00,39,1
20,Heath Slocum,39.00,39,1
25,Ben Crane,40.00,40,1
26,Michael Campbell,41.00,41,1
27,Olin Browne,42.00,42,1
28,Ted Purdy,43.00,43,1
