rank,player,Avg,Distance (Feet),Total Putts
1,Jason Kokrak,"14' 4""",171.833,12
2,Cam Davis,"11' 5""",171.667,15
2,Matt Jones,"11' 5""",250.667,22
4,Abraham Ancer,"11' 4""",146.917,13
4,Sam Burns,"11' 4""",170.083,15
6,Branden Grace,"11' 0""",186.500,17
7,Billy Horschel,"10' 11""",196.333,18
8,Garrick Higgo,"10' 10""",184.750,17
9,Cameron Smith,"10' 9""",289.833,27
10,Joel Dahmen,"10' 7""",189.750,18
11,Stewart Cink,"10' 3""",164.250,16
11,Max Homa,"10' 3""",154.250,15
13,Bryson DeChambeau,"10' 2""",183.083,18
14,Kevin Kisner,"10' 1""",231.583,23
14,Brooks Koepka,"10' 1""",191.750,19
16,Sungjae Im,"10' 0""",180.083,18
16,Erik van Rooyen,"10' 0""",180.333,18
18,Jon Rahm,"9' 10""",226.833,23
19,Patrick Reed,"9' 7""",220.917,23
20,Xander Schauffele,"9' 6""",189.250,20
21,Collin Morikawa,"9' 5""",235.333,25
22,Phil Mickelson,"9' 2""",183.917,20
23,Justin Thomas,"8' 11""",214.917,24
24,Talor Gooch,"8' 10""",141.750,16
25,Tony Finau,"8' 8""",164.167,19
26,Si Woo Kim,"8' 6""",152.917,18
27,Patrick Cantlay,"8' 5""",176.333,21
28,Lucas Herbert,"8' 4""",108.750,13
28,Seamus Power,"8' 4""",133.917,16
30,Marc Leishman,"8' 3""",157.500,19
31,Harris English,"8' 2""",123.000,15
31,Jordan Spieth,"8' 2""",139.000,17
33,Kevin Na,"7' 5""",147.500,20
34,Viktor Hovland,"7' 3""",122.667,17
35,K.H. Lee,"7' 2""",122.333,17
36,Lucas Glover,"6' 11""",103.917,15
37,Hideki Matsuyama,"6' 9""",114.667,17
38,Daniel Berger,"5' 8""",124.000,22
