rank,player,Avg,Distance (Feet),Total Putts
1,Jason Kokrak,"10' 3""",205.250,20
2,Cam Davis,"10' 0""",209.167,21
3,Branden Grace,"9' 11""",218.583,22
4,Stewart Cink,"9' 8""",192.500,20
5,Matt Jones,"9' 7""",306.333,32
6,Cameron Smith,"9' 4""",327.167,35
7,Garrick Higgo,"9' 0""",215.083,24
8,Jon Rahm,"8' 7""",248.750,29
9,Collin Morikawa,"8' 4""",250.500,30
9,Patrick Reed,"8' 4""",250.250,30
11,Sungjae Im,"8' 3""",214.167,26
12,Sam Burns,"8' 2""",205.167,25
13,Abraham Ancer,"8' 0""",207.333,26
13,Brooks Koepka,"8' 0""",224.500,28
15,Xander Schauffele,"7' 11""",221.917,28
16,Joel Dahmen,"7' 9""",224.167,29
16,Tony Finau,"7' 9""",200.667,26
16,Billy Horschel,"7' 9""",263.750,34
16,Justin Thomas,"7' 9""",232.250,30
16,Erik van Rooyen,"7' 9""",209.250,27
21,Kevin Kisner,"7' 8""",261.833,34
21,Phil Mickelson,"7' 8""",198.667,26
23,Max Homa,"7' 7""",205.083,27
24,Si Woo Kim,"7' 3""",187.750,26
25,Marc Leishman,"7' 1""",184.750,26
26,Patrick Cantlay,"7' 0""",208.750,30
26,Bryson DeChambeau,"7' 0""",210.000,30
28,Talor Gooch,"6' 11""",180.250,26
29,Viktor Hovland,"6' 9""",175.333,26
29,Jordan Spieth,"6' 9""",181.250,27
31,Seamus Power,"6' 8""",167.250,25
32,Lucas Herbert,"6' 5""",173.500,27
33,Harris English,"6' 4""",164.583,26
34,K.H. Lee,"6' 3""",155.917,25
34,Hideki Matsuyama,"6' 3""",149.250,24
36,Lucas Glover,"6' 1""",146.833,24
37,Kevin Na,"5' 9""",171.917,30
38,Daniel Berger,"5' 3""",162.833,31
