rank,player,Avg,Distance (feet),Total Putts
1,Collin Morikawa,"81' 0""",81.000,1
2,Kevin Na,"71' 0""",71.000,1
3,Jason Kokrak,"68' 1""",68.083,1
4,Jon Rahm,"64' 2""",64.167,1
5,Billy Horschel,"62' 4""",124.583,2
6,Stewart Cink,"61' 4""",61.333,1
7,Branden Grace,"59' 0""",118.000,2
8,Talor Gooch,"55' 6""",55.500,1
9,Abraham Ancer,"53' 7""",107.167,2
10,Viktor Hovland,"50' 4""",251.500,5
11,Garrick Higgo,"48' 8""",194.667,4
12,Tony Finau,"45' 8""",91.333,2
13,Phil Mickelson,"45' 7""",45.583,1
14,Kevin Kisner,"44' 9""",44.750,1
15,Daniel Berger,"43' 3""",86.417,2
15,Bryson DeChambeau,"43' 3""",43.250,1
17,Joel Dahmen,"40' 10""",163.417,4
18,Patrick Reed,"39' 9""",39.750,1
18,Cameron Smith,"39' 9""",39.750,1
20,Xander Schauffele,"39' 8""",39.667,1
21,Harris English,"39' 4""",78.583,2
22,K.H. Lee,"39' 0""",39.000,1
23,Brooks Koepka,"33' 5""",66.750,2
24,Sungjae Im,"31' 5""",31.417,1
25,Lucas Glover,"30' 4""",151.667,5
26,Justin Thomas,"26' 10""",26.833,1
