rank,player,Distance in Inches
1,Matt Jones,66
2,Cameron Smith,65
3,Patrick Reed,56
4,Billy Horschel,55
4,Kevin Kisner,55
6,Branden Grace,54
7,Cam Davis,53
7,Garrick Higgo,53
7,Xander Schauffele,53
10,Sungjae Im,52
10,Collin Morikawa,52
10,Jon Rahm,52
13,Joel Dahmen,51
13,Lucas Herbert,51
13,Jason Kokrak,51
13,Justin Thomas,51
17,Bryson DeChambeau,50
17,Brooks Koepka,50
19,Patrick Cantlay,49
19,Max Homa,49
21,Stewart Cink,48
21,Erik van Rooyen,48
23,Abraham Ancer,47
23,Sam Burns,47
23,Marc Leishman,47
23,Phil Mickelson,47
27,Tony Finau,46
28,Si Woo Kim,44
28,Seamus Power,44
28,Jordan Spieth,44
31,Harris English,43
31,Viktor Hovland,43
33,Talor Gooch,42
33,Kevin Na,42
35,Lucas Glover,40
35,K.H. Lee,40
37,Hideki Matsuyama,39
38,Daniel Berger,38
