rank,player,Value,Attempts,Total Distance (Feet)
1,Sam Burns,"1' 8""",47,77.417
1,Talor Gooch,"1' 8""",45,75.500
1,Jon Rahm,"1' 8""",42,69.333
4,Abraham Ancer,"1' 9""",45,79.167
4,Si Woo Kim,"1' 9""",46,78.750
6,Daniel Berger,"1' 10""",41,75.833
6,Hideki Matsuyama,"1' 10""",48,86.667
6,Phil Mickelson,"1' 10""",46,84.083
6,Cameron Smith,"1' 10""",36,64.583
6,Jordan Spieth,"1' 10""",45,81.083
6,Erik van Rooyen,"1' 10""",45,80.667
12,Stewart Cink,"1' 11""",50,95.833
12,Tony Finau,"1' 11""",46,87.583
12,Kevin Kisner,"1' 11""",38,73.917
12,K.H. Lee,"1' 11""",47,88.833
12,Justin Thomas,"1' 11""",42,79.750
17,Patrick Cantlay,"2' 0""",42,83.750
17,Cam Davis,"2' 0""",49,98.583
17,Lucas Glover,"2' 0""",48,97.417
17,Max Homa,"2' 0""",45,89.667
17,Billy Horschel,"2' 0""",36,71.583
17,Brooks Koepka,"2' 0""",43,86.083
17,Collin Morikawa,"2' 0""",42,83.000
17,Kevin Na,"2' 0""",42,83.917
17,Seamus Power,"2' 0""",47,95.417
26,Sungjae Im,"2' 1""",43,91.333
26,Matt Jones,"2' 1""",37,76.000
26,Marc Leishman,"2' 1""",46,94.583
26,Patrick Reed,"2' 1""",42,86.000
30,Harris English,"2' 2""",45,95.917
31,Bryson DeChambeau,"2' 3""",41,90.667
31,Jason Kokrak,"2' 3""",52,115.833
31,Xander Schauffele,"2' 3""",43,98.083
34,Branden Grace,"2' 4""",50,116.917
35,Joel Dahmen,"2' 5""",43,104.167
35,Viktor Hovland,"2' 5""",46,110.667
37,Garrick Higgo,"2' 8""",48,126.083
38,Lucas Herbert,"2' 11""",44,129.250
