rank,player,Avg RTP,Total Holes,Total RTP
1,Xander Schauffele,E,2,E
1,Cameron Smith,E,1,E
3,Jon Rahm,+.250,4,+1.00
4,Abraham Ancer,+.333,3,+1.00
4,Patrick Cantlay,+.333,3,+1.00
4,Joaquin Niemann,+.333,3,+1.00
7,Brendon Todd,+.400,5,+2.00
8,Lanto Griffin,+.500,4,+2.00
8,Patrick Reed,+.500,2,+1.00
8,Nick Taylor,+.500,2,+1.00
11,Justin Thomas,+.600,5,+3.00
12,Viktor Hovland,+.667,3,+2.00
12,Kevin Kisner,+.667,3,+2.00
12,Andrew Landry,+.667,3,+2.00
15,Jason Kokrak,+.800,5,+4.00
15,Carlos Ortiz,+.800,5,+4.00
17,Stewart Cink,+1.000,2,+2.00
17,Tony Finau,+1.000,4,+4.00
17,Sergio Garcia,+1.000,1,+1.00
17,Brian Gay,+1.000,3,+3.00
17,Marc Leishman,+1.000,1,+1.00
17,Hideki Matsuyama,+1.000,2,+2.00
17,Sebastián Muñoz,+1.000,2,+2.00
17,Scottie Scheffler,+1.000,2,+2.00
17,Adam Scott,+1.000,1,+1.00
17,Hudson Swafford,+1.000,1,+1.00
17,Michael Thompson,+1.000,4,+4.00
28,Dustin Johnson,+1.250,4,+5.00
28,Robert Streb,+1.250,4,+5.00
30,Mackenzie Hughes,+1.500,2,+3.00
30,Kevin Na,+1.500,2,+3.00
30,Webb Simpson,+1.500,2,+3.00
33,Cameron Champ,+2.000,2,+4.00
33,Ryan Palmer,+2.000,1,+2.00
