rank,player,Avg RTP,Total Holes,Total RTP
1,Marc Leishman,E,6,E
1,Sebastián Muñoz,E,2,E
1,Justin Thomas,E,3,E
4,Brendon Todd,+.167,6,+1.00
5,Bryson DeChambeau,+.200,5,+1.00
5,Xander Schauffele,+.200,5,+1.00
7,Stewart Cink,+.250,4,+1.00
7,Mackenzie Hughes,+.250,4,+1.00
9,Cameron Champ,+.286,7,+2.00
9,Brian Gay,+.286,7,+2.00
9,Andrew Landry,+.286,7,+2.00
12,Harris English,+.333,3,+1.00
12,Sergio Garcia,+.333,3,+1.00
12,Billy Horschel,+.333,3,+1.00
12,Collin Morikawa,+.333,3,+1.00
12,Joaquin Niemann,+.333,3,+1.00
12,Patrick Reed,+.333,6,+2.00
12,Cameron Smith,+.333,3,+1.00
19,Scottie Scheffler,+.375,8,+3.00
19,Nick Taylor,+.375,8,+3.00
21,Martin Laird,+.400,5,+2.00
21,Jon Rahm,+.400,5,+2.00
23,Richy Werenski,+.429,7,+3.00
24,Patrick Cantlay,+.444,9,+4.00
24,Lanto Griffin,+.444,9,+4.00
26,Daniel Berger,+.500,4,+2.00
26,Viktor Hovland,+.500,6,+3.00
26,Jason Kokrak,+.500,6,+3.00
26,Kevin Na,+.500,4,+2.00
26,Webb Simpson,+.500,4,+2.00
26,Michael Thompson,+.500,4,+2.00
32,Sungjae Im,+.571,7,+4.00
32,Hideki Matsuyama,+.571,7,+4.00
34,Abraham Ancer,+.600,5,+3.00
35,Hudson Swafford,+.625,8,+5.00
36,Dustin Johnson,+.667,3,+2.00
36,Kevin Kisner,+.667,3,+2.00
38,Tony Finau,+.800,5,+4.00
38,Robert Streb,+.800,5,+4.00
40,Ryan Palmer,+1.000,3,+3.00
40,Adam Scott,+1.000,1,+1.00
42,Carlos Ortiz,+1.333,3,+4.00
