rank,player,Avg RTP,Total Holes,Total RTP
1,Marc Leishman,-.143,7,-1.00
2,Daniel Berger,E,2,E
2,Dustin Johnson,E,1,E
2,Justin Thomas,E,2,E
2,Brendon Todd,E,5,E
6,Cameron Champ,+.125,8,+1.00
6,Mackenzie Hughes,+.125,8,+1.00
8,Sergio Garcia,+.143,7,+1.00
8,Billy Horschel,+.143,7,+1.00
10,Abraham Ancer,+.167,6,+1.00
10,Michael Thompson,+.167,6,+1.00
10,Richy Werenski,+.167,6,+1.00
13,Stewart Cink,+.200,5,+1.00
13,Tony Finau,+.200,5,+1.00
15,Bryson DeChambeau,+.250,4,+1.00
15,Viktor Hovland,+.250,8,+2.00
15,Kevin Kisner,+.250,8,+2.00
15,Martin Laird,+.250,8,+2.00
15,Sebastián Muñoz,+.250,8,+2.00
15,Jon Rahm,+.250,4,+1.00
21,Patrick Reed,+.273,11,+3.00
21,Nick Taylor,+.273,11,+3.00
23,Patrick Cantlay,+.286,7,+2.00
23,Kevin Na,+.286,7,+2.00
23,Xander Schauffele,+.286,7,+2.00
26,Sungjae Im,+.333,3,+1.00
26,Jason Kokrak,+.333,9,+3.00
26,Collin Morikawa,+.333,3,+1.00
26,Scottie Scheffler,+.333,6,+2.00
30,Webb Simpson,+.375,8,+3.00
31,Harris English,+.400,5,+2.00
31,Brian Gay,+.400,5,+2.00
31,Hideki Matsuyama,+.400,10,+4.00
31,Joaquin Niemann,+.400,5,+2.00
35,Robert Streb,+.429,7,+3.00
36,Lanto Griffin,+.444,9,+4.00
37,Carlos Ortiz,+.500,4,+2.00
37,Cameron Smith,+.500,6,+3.00
37,Hudson Swafford,+.500,8,+4.00
40,Andrew Landry,+.556,9,+5.00
41,Ryan Palmer,+.571,7,+4.00
42,Adam Scott,+1.500,2,+3.00
