rank,player,Avg RTP,Total Holes,Total RTP
1,Harris English,E,1,E
1,Sergio Garcia,E,2,E
1,Andrew Landry,E,4,E
1,Marc Leishman,E,2,E
1,Sebastián Muñoz,E,1,E
1,Joaquin Niemann,E,2,E
1,Adam Scott,E,1,E
1,Cameron Smith,E,4,E
1,Robert Streb,E,3,E
1,Justin Thomas,E,1,E
11,Brian Gay,+.200,5,+1.00
11,Dustin Johnson,+.200,5,+1.00
13,Bryson DeChambeau,+.250,4,+1.00
13,Jon Rahm,+.250,4,+1.00
13,Nick Taylor,+.250,4,+1.00
16,Jason Kokrak,+.333,3,+1.00
16,Michael Thompson,+.333,3,+1.00
18,Collin Morikawa,+.500,4,+2.00
18,Ryan Palmer,+.500,2,+1.00
18,Scottie Scheffler,+.500,4,+2.00
18,Brendon Todd,+.500,2,+1.00
22,Richy Werenski,+.600,5,+3.00
23,Patrick Cantlay,+.667,3,+2.00
23,Cameron Champ,+.667,3,+2.00
23,Sungjae Im,+.667,6,+4.00
23,Kevin Kisner,+.667,3,+2.00
23,Carlos Ortiz,+.667,3,+2.00
23,Xander Schauffele,+.667,3,+2.00
29,Stewart Cink,+.750,4,+3.00
30,Kevin Na,+.800,5,+4.00
30,Hudson Swafford,+.800,5,+4.00
32,Daniel Berger,+1.000,2,+2.00
32,Lanto Griffin,+1.000,2,+2.00
32,Billy Horschel,+1.000,1,+1.00
32,Mackenzie Hughes,+1.000,3,+3.00
32,Martin Laird,+1.000,1,+1.00
32,Hideki Matsuyama,+1.000,3,+3.00
32,Patrick Reed,+1.000,1,+1.00
32,Webb Simpson,+1.000,1,+1.00
40,Tony Finau,+1.250,4,+5.00
41,Abraham Ancer,+1.333,3,+4.00
