rank,player,Birdie to Bogey Ratio,Total Birdies and Better,Total Bogeys and Worse
1,Vijay Singh,10.00,20,2
2,Stuart Appleby,8.00,24,3
3,Tiger Woods,5.75,23,4
4,Stewart Cink,5.50,22,4
5,David Toms,5.00,20,4
6,Jonathan Kaye,4.80,24,5
7,Adam Scott,4.60,23,5
8,Craig Parry,4.50,18,4
9,Vaughn Taylor,3.83,23,6
10,Ernie Els,3.71,26,7
11,Sergio Garcia,3.33,20,6
12,Chad Campbell,3.00,15,5
12,Retief Goosen,3.00,18,6
14,Woody Austin,2.67,24,9
15,Mike Weir,2.50,20,8
16,Rod Pampling,2.43,17,7
17,Jonathan Byrd,2.40,24,10
18,Stephen Ames,2.38,19,8
18,Bart Bryant,2.38,19,8
20,Joey Sindelar,2.14,15,7
21,John Daly,1.91,21,11
22,Zach Johnson,1.88,15,8
22,Heath Slocum,1.88,15,8
24,Mark Hensby,1.82,20,11
25,Andre Stolz,1.80,18,10
26,Brent Geiberger,1.75,14,8
27,Todd Hamilton,1.60,16,10
28,Ryan Palmer,1.42,17,12
29,Fred Funk,1.29,9,7
30,Steve Flesch,1.25,15,12
31,Carlos Franco,1.00,14,14
