rank,player,% under then over par,Total under then over Par,Under Par
1,Stephen Ames,.00,0,16
1,Chad Campbell,.00,0,14
1,Stewart Cink,.00,0,22
1,Sergio Garcia,.00,0,18
1,Retief Goosen,.00,0,16
1,Craig Parry,.00,0,16
1,Adam Scott,.00,0,21
1,Joey Sindelar,.00,0,13
1,Vijay Singh,.00,0,19
10,Vaughn Taylor,4.76,1,21
11,Bart Bryant,5.26,1,19
12,David Toms,5.56,1,18
13,Rod Pampling,6.25,1,16
14,Brent Geiberger,7.14,1,14
14,Zach Johnson,7.14,1,14
14,Heath Slocum,7.14,1,14
17,Stuart Appleby,8.33,2,24
18,Ernie Els,8.70,2,23
19,Fred Funk,11.11,1,9
20,Jonathan Byrd,13.04,3,23
20,Jonathan Kaye,13.04,3,23
22,Woody Austin,14.29,3,21
22,Tiger Woods,14.29,3,21
24,Ryan Palmer,18.75,3,16
25,John Daly,20.00,4,20
26,Steve Flesch,21.43,3,14
27,Mike Weir,22.22,4,18
28,Andre Stolz,23.53,4,17
29,Mark Hensby,25.00,5,20
30,Carlos Franco,30.77,4,13
31,Todd Hamilton,33.33,5,15
