rank,player,% Makes Bogey,Bogeys,Holes Played
1,Vijay Singh,2.78,2,72
2,Stuart Appleby,4.17,3,72
3,Stewart Cink,5.56,4,72
3,Craig Parry,5.56,4,72
3,David Toms,5.56,4,72
3,Tiger Woods,5.56,4,72
7,Chad Campbell,6.94,5,72
7,Jonathan Kaye,6.94,5,72
7,Adam Scott,6.94,5,72
10,Sergio Garcia,8.33,6,72
10,Retief Goosen,8.33,6,72
10,Vaughn Taylor,8.33,6,72
13,Ernie Els,9.72,7,72
13,Fred Funk,9.72,7,72
13,Rod Pampling,9.72,7,72
13,Joey Sindelar,9.72,7,72
17,Stephen Ames,11.11,8,72
17,Bart Bryant,11.11,8,72
17,Brent Geiberger,11.11,8,72
17,Zach Johnson,11.11,8,72
17,Heath Slocum,11.11,8,72
17,Mike Weir,11.11,8,72
23,Woody Austin,12.50,9,72
24,Jonathan Byrd,13.89,10,72
24,Todd Hamilton,13.89,10,72
24,Andre Stolz,13.89,10,72
27,John Daly,15.28,11,72
27,Mark Hensby,15.28,11,72
29,Steve Flesch,16.67,12,72
29,Ryan Palmer,16.67,12,72
31,Carlos Franco,19.44,14,72
