rank,player,Average Bogeys per round,Total Bogeys,Rounds Played
1,Vijay Singh,.25,1,4
2,Stuart Appleby,.50,2,4
3,Chad Campbell,1.00,4,4
3,Stewart Cink,1.00,4,4
3,Craig Parry,1.00,4,4
3,David Toms,1.00,4,4
3,Tiger Woods,1.00,4,4
8,Jonathan Kaye,1.25,5,4
8,Adam Scott,1.25,5,4
8,Vaughn Taylor,1.25,5,4
11,Sergio Garcia,1.50,6,4
11,Brent Geiberger,1.50,6,4
11,Retief Goosen,1.50,6,4
11,Rod Pampling,1.50,6,4
11,Joey Sindelar,1.50,6,4
16,Stephen Ames,1.75,7,4
16,Woody Austin,1.75,7,4
16,Jonathan Byrd,1.75,7,4
16,Ernie Els,1.75,7,4
16,Fred Funk,1.75,7,4
16,Zach Johnson,1.75,7,4
16,Heath Slocum,1.75,7,4
16,Mike Weir,1.75,7,4
24,Bart Bryant,2.00,8,4
24,Andre Stolz,2.00,8,4
26,Todd Hamilton,2.25,9,4
27,John Daly,2.50,10,4
28,Mark Hensby,2.75,11,4
28,Ryan Palmer,2.75,11,4
30,Steve Flesch,3.00,12,4
31,Carlos Franco,3.25,13,4
