rank,player,Avg,Total Strokes,Total Rounds
1,Xander Schauffele,62.00,62,1
2,Webb Simpson,65.00,65,1
2,Justin Thomas,65.00,65,1
4,Jason Day,66.00,66,1
5,Cameron Champ,67.00,67,1
5,Dustin Johnson,67.00,67,1
7,Brice Garnett,68.00,68,1
7,Patton Kizzire,68.00,68,1
7,Gary Woodland,68.00,68,1
10,Charles Howell III,69.00,69,1
10,Brooks Koepka,69.00,69,1
10,Matt Kuchar,69.00,69,1
10,Scott Piercy,69.00,69,1
10,Jon Rahm,69.00,69,1
10,Bubba Watson,69.00,69,1
16,Satoshi Kodaira,70.00,70,1
16,Troy Merritt,70.00,70,1
16,Andrew Putnam,70.00,70,1
19,Paul Casey,71.00,71,1
19,Bryson DeChambeau,71.00,71,1
19,Marc Leishman,71.00,71,1
19,Ian Poulter,71.00,71,1
19,Kevin Tway,71.00,71,1
24,Billy Horschel,72.00,72,1
24,Andrew Landry,72.00,72,1
24,Rory McIlroy,72.00,72,1
24,"Ted Potter, Jr.",72.00,72,1
24,Brandt Snedeker,72.00,72,1
29,Keegan Bradley,73.00,73,1
29,Michael Kim,73.00,73,1
29,Patrick Reed,73.00,73,1
29,Aaron Wise,73.00,73,1
33,Francesco Molinari,74.00,74,1
