rank,player,%
1,Cameron Champ,100.00
1,Jason Day,100.00
1,Brice Garnett,100.00
1,Billy Horschel,100.00
1,Dustin Johnson,100.00
1,Patton Kizzire,100.00
1,Satoshi Kodaira,100.00
1,Brooks Koepka,100.00
1,Matt Kuchar,100.00
1,Marc Leishman,100.00
1,Rory McIlroy,100.00
1,Scott Piercy,100.00
1,"Ted Potter, Jr.",100.00
1,Jon Rahm,100.00
1,Xander Schauffele,100.00
1,Webb Simpson,100.00
1,Justin Thomas,100.00
1,Bubba Watson,100.00
1,Gary Woodland,100.00
20,Keegan Bradley,.00
20,Paul Casey,.00
20,Bryson DeChambeau,.00
20,Charles Howell III,.00
20,Michael Kim,.00
20,Andrew Landry,.00
20,Troy Merritt,.00
20,Francesco Molinari,.00
20,Ian Poulter,.00
20,Andrew Putnam,.00
20,Patrick Reed,.00
20,Brandt Snedeker,.00
20,Kevin Tway,.00
20,Aaron Wise,.00
