rank,player,Avg,Total Strokes,Total Rounds
1,Paul Casey,68.00,68,1
1,Marc Leishman,68.00,68,1
1,Rory McIlroy,68.00,68,1
1,Xander Schauffele,68.00,68,1
1,Gary Woodland,68.00,68,1
6,Charles Howell III,69.00,69,1
6,Dustin Johnson,69.00,69,1
6,Troy Merritt,69.00,69,1
6,Scott Piercy,69.00,69,1
6,Jon Rahm,69.00,69,1
11,Bryson DeChambeau,70.00,70,1
11,Andrew Putnam,70.00,70,1
11,Justin Thomas,70.00,70,1
14,Billy Horschel,71.00,71,1
14,Patton Kizzire,71.00,71,1
14,Andrew Landry,71.00,71,1
14,"Ted Potter, Jr.",71.00,71,1
14,Brandt Snedeker,71.00,71,1
19,Keegan Bradley,72.00,72,1
19,Matt Kuchar,72.00,72,1
19,Patrick Reed,72.00,72,1
19,Webb Simpson,72.00,72,1
19,Kevin Tway,72.00,72,1
24,Brice Garnett,73.00,73,1
24,Satoshi Kodaira,73.00,73,1
24,Brooks Koepka,73.00,73,1
24,Francesco Molinari,73.00,73,1
24,Ian Poulter,73.00,73,1
24,Aaron Wise,73.00,73,1
30,Cameron Champ,74.00,74,1
30,Bubba Watson,74.00,74,1
32,Jason Day,75.00,75,1
33,Michael Kim,80.00,80,1
