rank,player,Avg,Total Strokes,Total Rounds
1,Xander Schauffele,67.00,67,1
1,Gary Woodland,67.00,67,1
3,Cameron Champ,68.00,68,1
3,Bryson DeChambeau,68.00,68,1
3,Rory McIlroy,68.00,68,1
6,Keegan Bradley,69.00,69,1
6,Ian Poulter,69.00,69,1
6,Brandt Snedeker,69.00,69,1
9,Charles Howell III,70.00,70,1
9,Brooks Koepka,70.00,70,1
9,Marc Leishman,70.00,70,1
12,Paul Casey,71.00,71,1
12,Jason Day,71.00,71,1
12,Patton Kizzire,71.00,71,1
12,Troy Merritt,71.00,71,1
12,Francesco Molinari,71.00,71,1
12,Jon Rahm,71.00,71,1
12,Kevin Tway,71.00,71,1
12,Aaron Wise,71.00,71,1
20,Brice Garnett,72.00,72,1
20,Michael Kim,72.00,72,1
20,Scott Piercy,72.00,72,1
20,Webb Simpson,72.00,72,1
20,Justin Thomas,72.00,72,1
25,Matt Kuchar,73.00,73,1
25,"Ted Potter, Jr.",73.00,73,1
25,Andrew Putnam,73.00,73,1
28,Dustin Johnson,74.00,74,1
29,Billy Horschel,75.00,75,1
29,Andrew Landry,75.00,75,1
29,Patrick Reed,75.00,75,1
32,Satoshi Kodaira,76.00,76,1
33,Bubba Watson,79.00,79,1
