rank,player,Avg,Total Strokes,Total Rounds
1,Kevin Tway,66.00,66,1
2,Dustin Johnson,67.00,67,1
2,Justin Thomas,67.00,67,1
2,Gary Woodland,67.00,67,1
5,Marc Leishman,68.00,68,1
6,Jason Day,69.00,69,1
6,Bryson DeChambeau,69.00,69,1
6,Patton Kizzire,69.00,69,1
6,Andrew Landry,69.00,69,1
6,Rory McIlroy,69.00,69,1
6,Andrew Putnam,69.00,69,1
12,Jon Rahm,70.00,70,1
12,Patrick Reed,70.00,70,1
12,Webb Simpson,70.00,70,1
12,Bubba Watson,70.00,70,1
16,Cameron Champ,71.00,71,1
16,Michael Kim,71.00,71,1
16,Ian Poulter,71.00,71,1
19,Billy Horschel,72.00,72,1
19,Matt Kuchar,72.00,72,1
19,Xander Schauffele,72.00,72,1
22,Paul Casey,73.00,73,1
22,Brice Garnett,73.00,73,1
22,Troy Merritt,73.00,73,1
22,Francesco Molinari,73.00,73,1
26,Charles Howell III,74.00,74,1
26,Aaron Wise,74.00,74,1
28,"Ted Potter, Jr.",75.00,75,1
28,Brandt Snedeker,75.00,75,1
30,Brooks Koepka,76.00,76,1
30,Scott Piercy,76.00,76,1
32,Keegan Bradley,77.00,77,1
32,Satoshi Kodaira,77.00,77,1
