rank,player,%,Attempts,Putts made
1,Sean O'Hair,66.67,9,6
2,Kenny Perry,50.00,8,4
2,Marc Turnesa,50.00,8,4
2,Camilo Villegas,50.00,14,7
5,Ernie Els,44.44,9,4
6,Steve Lowery,40.00,10,4
7,Cameron Beckman,33.33,9,3
7,J.B. Holmes,33.33,9,3
7,Vijay Singh,33.33,6,2
10,Trevor Immelman,30.77,13,4
10,Justin Leonard,30.77,13,4
10,Ryan Palmer,30.77,13,4
10,Boo Weekley,30.77,13,4
14,Geoff Ogilvy,28.57,7,2
14,Carl Pettersson,28.57,7,2
16,Zach Johnson,27.27,11,3
17,Will MacKenzie,25.00,8,2
17,Adam Scott,25.00,12,3
17,Johnson Wagner,25.00,8,2
20,Dustin Johnson,23.08,13,3
20,Chez Reavie,23.08,13,3
22,Greg Kraft,22.22,9,2
23,Davis Love III,20.00,10,2
24,Richard Johnson,18.18,11,2
24,Anthony Kim,18.18,11,2
26,Daniel Chopra,16.67,6,1
26,Ryuji Imada,16.67,6,1
28,Brian Gay,14.29,7,1
29,Stewart Cink,12.50,8,1
29,Andres Romero,12.50,8,1
31,K.J. Choi,10.00,10,1
31,Parker McLachlin,10.00,10,1
33,D.J. Trahan,7.69,13,1
