rank,player,% Made,Attempts,Putts Made
1,Trevor Immelman,5.00,2,1
1,Camilo Villegas,5.00,2,1
3,Parker McLachlin,3.33,3,1
3,Marc Turnesa,3.33,3,1
5,J.B. Holmes,2.00,5,1
6,Geoff Ogilvy,1.67,12,2
7,Anthony Kim,1.43,7,1
8,Will MacKenzie,1.25,8,1
9,Cameron Beckman,.00,5,-
9,K.J. Choi,.00,2,-
9,Daniel Chopra,.00,3,-
9,Stewart Cink,.00,6,-
9,Ernie Els,.00,4,-
9,Brian Gay,.00,2,-
9,Ryuji Imada,.00,2,-
9,Dustin Johnson,.00,4,-
9,Richard Johnson,.00,4,-
9,Zach Johnson,.00,3,-
9,Greg Kraft,.00,2,-
9,Justin Leonard,.00,5,-
9,Davis Love III,.00,2,-
9,Steve Lowery,.00,3,-
9,Sean O'Hair,.00,4,-
9,Ryan Palmer,.00,6,-
9,Kenny Perry,.00,9,-
9,Carl Pettersson,.00,6,-
9,Chez Reavie,.00,3,-
9,Andres Romero,.00,5,-
9,Adam Scott,.00,5,-
9,Vijay Singh,.00,8,-
9,D.J. Trahan,.00,10,-
9,Johnson Wagner,.00,6,-
9,Boo Weekley,.00,7,-
