rank,player,%,Attempts,Putts made
1,Geoff Ogilvy,50.00,4,2
2,Greg Kraft,42.86,7,3
3,Daniel Chopra,33.33,6,2
4,Ryuji Imada,28.57,7,2
5,Davis Love III,27.27,11,3
6,Zach Johnson,25.00,8,2
6,Steve Lowery,25.00,8,2
6,Camilo Villegas,25.00,8,2
9,Chez Reavie,22.22,9,2
10,Cameron Beckman,20.00,5,1
10,K.J. Choi,20.00,10,2
12,Anthony Kim,16.67,6,1
12,Justin Leonard,16.67,6,1
12,Boo Weekley,16.67,6,1
15,Richard Johnson,14.29,7,1
15,Marc Turnesa,14.29,7,1
17,Stewart Cink,12.50,8,1
17,Carl Pettersson,12.50,8,1
17,Johnson Wagner,12.50,8,1
20,Dustin Johnson,11.11,9,1
20,Sean O'Hair,11.11,9,1
20,Kenny Perry,11.11,9,1
23,Will MacKenzie,10.00,10,1
24,Ernie Els,.00,3,-
24,Brian Gay,.00,8,-
24,J.B. Holmes,.00,7,-
24,Trevor Immelman,.00,6,-
24,Parker McLachlin,.00,9,-
24,Ryan Palmer,.00,3,-
24,Andres Romero,.00,5,-
24,Adam Scott,.00,1,-
24,Vijay Singh,.00,6,-
24,D.J. Trahan,.00,3,-
