rank,player,%,Attempts,Putts made
1,Zach Johnson,66.67,3,2
2,Daniel Chopra,50.00,2,1
3,Ryuji Imada,33.33,3,1
3,Steve Lowery,33.33,3,1
5,Will MacKenzie,28.57,7,2
5,Geoff Ogilvy,28.57,7,2
7,Parker McLachlin,25.00,4,1
7,Sean O'Hair,25.00,4,1
7,Andres Romero,25.00,4,1
7,Vijay Singh,25.00,4,1
7,Camilo Villegas,25.00,4,1
12,Johnson Wagner,22.22,9,2
13,Brian Gay,20.00,15,3
13,Dustin Johnson,20.00,5,1
13,Davis Love III,20.00,10,2
13,Boo Weekley,20.00,10,2
17,Richard Johnson,16.67,6,1
17,Anthony Kim,16.67,6,1
19,Trevor Immelman,14.29,7,1
19,Marc Turnesa,14.29,7,1
21,Cameron Beckman,12.50,8,1
21,Greg Kraft,12.50,8,1
23,K.J. Choi,.00,7,-
23,Stewart Cink,.00,5,-
23,Ernie Els,.00,6,-
23,J.B. Holmes,.00,6,-
23,Justin Leonard,.00,9,-
23,Ryan Palmer,.00,3,-
23,Kenny Perry,.00,9,-
23,Carl Pettersson,.00,5,-
23,Chez Reavie,.00,9,-
23,Adam Scott,.00,5,-
23,D.J. Trahan,.00,5,-
