rank,player,% Made,Attempts,Putts Made
1,Davis Love III,2.50,8,2
2,D.J. Trahan,1.43,14,2
3,Dustin Johnson,1.11,9,1
4,Greg Kraft,1.00,10,1
4,Chez Reavie,1.00,10,1
6,Stewart Cink,.83,12,1
6,Zach Johnson,.83,12,1
6,Ryan Palmer,.83,12,1
9,Ryuji Imada,.77,13,1
10,Cameron Beckman,.00,16,-
10,K.J. Choi,.00,8,-
10,Daniel Chopra,.00,10,-
10,Ernie Els,.00,10,-
10,Brian Gay,.00,11,-
10,J.B. Holmes,.00,8,-
10,Trevor Immelman,.00,19,-
10,Richard Johnson,.00,10,-
10,Anthony Kim,.00,16,-
10,Justin Leonard,.00,11,-
10,Steve Lowery,.00,13,-
10,Will MacKenzie,.00,11,-
10,Parker McLachlin,.00,8,-
10,Sean O'Hair,.00,13,-
10,Geoff Ogilvy,.00,10,-
10,Kenny Perry,.00,6,-
10,Carl Pettersson,.00,10,-
10,Andres Romero,.00,9,-
10,Adam Scott,.00,14,-
10,Vijay Singh,.00,15,-
10,Marc Turnesa,.00,9,-
10,Camilo Villegas,.00,13,-
10,Johnson Wagner,.00,7,-
10,Boo Weekley,.00,10,-
