rank,player,% Made,Attempts,Putts Made
1,Daniel Chopra,5.00,2,1
1,Adam Scott,5.00,2,1
3,Steve Lowery,2.50,4,1
4,D.J. Trahan,2.00,5,1
5,Carl Pettersson,1.43,7,1
5,Johnson Wagner,1.43,7,1
7,Cameron Beckman,.00,3,-
7,K.J. Choi,.00,4,-
7,Stewart Cink,.00,1,-
7,Ernie Els,.00,4,-
7,Brian Gay,.00,2,-
7,J.B. Holmes,.00,3,-
7,Ryuji Imada,.00,2,-
7,Trevor Immelman,.00,4,-
7,Dustin Johnson,.00,3,-
7,Richard Johnson,.00,3,-
7,Zach Johnson,.00,4,-
7,Greg Kraft,.00,4,-
7,Justin Leonard,.00,3,-
7,Davis Love III,.00,3,-
7,Will MacKenzie,.00,2,-
7,Parker McLachlin,.00,2,-
7,Sean O'Hair,.00,4,-
7,Geoff Ogilvy,.00,1,-
7,Ryan Palmer,.00,2,-
7,Kenny Perry,.00,2,-
7,Chez Reavie,.00,5,-
7,Andres Romero,.00,7,-
7,Vijay Singh,.00,2,-
7,Marc Turnesa,.00,3,-
7,Camilo Villegas,.00,3,-
7,Boo Weekley,.00,6,-
