rank,player,Avg RTP
1,Joseph Bramlett,-1.500
2,Zac Blair,-1.000
2,Keegan Bradley,-1.000
2,Stewart Cink,-1.000
2,Eric Cole,-1.000
2,Austin Eckroat,-1.000
2,Si Woo Kim,-1.000
2,Hideki Matsuyama,-1.000
2,Denny McCarthy,-1.000
2,Maverick McNealy,-1.000
2,Troy Merritt,-1.000
2,Taylor Montgomery,-1.000
2,Taylor Pendrith,-1.000
2,J.T. Poston,-1.000
2,Andrew Putnam,-1.000
2,Greyson Sigg,-1.000
2,Webb Simpson,-1.000
2,Adam Svensson,-1.000
2,Nick Taylor,-1.000
2,Dylan Wu,-1.000
2,Carl Yuan,-1.000
22,Ben Kohles,-.667
22,Justin Rose,-.667
24,Mark Hubbard,-.500
24,Chris Kirk,-.500
24,Aaron Rai,-.500
24,Alejandro Tosti,-.500
28,Billy Horschel,-.333
29,Corey Conners,E
29,Cam Davis,E
29,Nico Echavarria,E
29,Harris English,E
29,Lanto Griffin,E
29,Brian Harman,E
29,Justin Lower,E
29,Matt NeSmith,E
29,Taiga Semikawa,E
29,Davis Thompson,E
29,Martin Trainer,E
29,Erik van Rooyen,E
