rank,player,Avg RTP
1,Zac Blair,-1.000
1,Keegan Bradley,-1.000
1,Stewart Cink,-1.000
1,Joel Dahmen,-1.000
1,Emiliano Grillo,-1.000
1,Harry Hall,-1.000
1,Russell Henley,-1.000
1,Billy Horschel,-1.000
1,Stephan Jaeger,-1.000
1,Yuto Katsuragawa,-1.000
1,Patton Kizzire,-1.000
1,Denny McCarthy,-1.000
1,Grayson Murray,-1.000
1,Patrick Rodgers,-1.000
1,Taiga Semikawa,-1.000
1,Robby Shelton,-1.000
1,Adam Svensson,-1.000
18,Matt NeSmith,-.667
18,Ben Silverman,-.667
20,Ryo Hisatsune,-.500
20,Michael Kim,-.500
20,Greyson Sigg,-.500
20,Webb Simpson,-.500
20,Sam Stevens,-.500
20,Dylan Wu,-.500
20,Norman Xiong,-.500
27,Byeong Hun An,-.333
27,Akshay Bhatia,-.333
29,Cam Davis,E
29,Nico Echavarria,E
29,Garrick Higgo,E
29,Si Woo Kim,E
29,Chris Kirk,E
29,Kurt Kitayama,E
29,Ben Kohles,E
29,Luke List,E
29,Hideki Matsuyama,E
29,Maverick McNealy,E
29,Alex Noren,E
29,Matthieu Pavon,E
29,Chandler Phillips,E
29,J.T. Poston,E
29,Seamus Power,E
29,Andrew Putnam,E
29,Justin Rose,E
29,Scott Stallings,E
29,Brendon Todd,E
29,Matt Wallace,E
29,Brandon Wu,E
50,S.H. Kim,+1.000
50,Martin Trainer,+1.000
52,Austin Eckroat,+2.000
