rank,player,Avg RTP
1,Austin Eckroat,-.429
2,Webb Simpson,-.400
3,Stewart Cink,-.364
3,Russell Henley,-.364
5,Ben Griffin,-.333
5,Chris Kirk,-.333
5,Taylor Pendrith,-.333
5,J.T. Poston,-.333
9,Patton Kizzire,-.308
9,Erik van Rooyen,-.308
11,Billy Horschel,-.300
11,Justin Rose,-.300
13,Ben Kohles,-.286
14,Denny McCarthy,-.273
15,Nico Echavarria,-.250
15,Sam Stevens,-.250
15,Nick Taylor,-.250
18,Andrew Putnam,-.235
19,Joseph Bramlett,-.222
20,Keegan Bradley,-.200
20,Cam Davis,-.200
22,Brandon Wu,-.188
23,Corey Conners,-.182
23,Jake Knapp,-.182
23,Patrick Rodgers,-.182
23,Scott Stallings,-.182
23,Adam Svensson,-.182
28,Brian Harman,-.167
28,Ryo Hisatsune,-.167
28,Hideki Matsuyama,-.167
28,Alex Noren,-.167
28,Matthieu Pavon,-.167
33,Brendon Todd,-.158
34,Akshay Bhatia,-.154
34,Justin Lower,-.154
36,Robby Shelton,-.133
37,Tyrrell Hatton,-.125
37,Grayson Murray,-.125
39,Ludvig Åberg,-.111
39,Zac Blair,-.111
39,Charley Hoffman,-.111
39,Davis Thompson,-.111
43,Byeong Hun An,-.100
44,Harris English,-.091
44,Lanto Griffin,-.091
44,Robert MacIntyre,-.091
44,Taylor Montgomery,-.091
44,Chandler Phillips,-.091
44,Matt Wallace,-.091
50,Carl Yuan,-.083
51,K.H. Lee,-.071
52,Eric Cole,-.063
53,Tyler Duncan,E
53,Garrick Higgo,E
53,Mark Hubbard,E
53,Michael Kim,E
53,S.H. Kim,E
53,Si Woo Kim,E
53,Kurt Kitayama,E
53,Troy Merritt,E
53,Matt NeSmith,E
53,Greyson Sigg,E
53,Ben Silverman,E
64,Dylan Wu,+.071
65,Emiliano Grillo,+.077
65,Seamus Power,+.077
67,Harry Hall,+.083
67,Norman Xiong,+.083
69,Taiga Semikawa,+.091
70,Luke List,+.111
71,Joel Dahmen,+.125
71,Stephan Jaeger,+.125
73,Aaron Rai,+.143
74,Alejandro Tosti,+.182
75,Will Gordon,+.200
75,Nick Hardy,+.200
75,Yuto Katsuragawa,+.200
78,Keith Mitchell,+.250
79,Parker Coody,+.273
79,Martin Trainer,+.273
81,Maverick McNealy,+.417
