rank,player,Avg RTP
1,Emiliano Grillo,-1.000
1,Nick Hardy,-1.000
1,Yuto Katsuragawa,-1.000
1,Denny McCarthy,-1.000
1,Matt NeSmith,-1.000
1,Patrick Rodgers,-1.000
1,Justin Rose,-1.000
8,Harris English,-.667
9,Stewart Cink,-.500
9,Corey Conners,-.500
9,Cam Davis,-.500
9,Austin Eckroat,-.500
9,Will Gordon,-.500
9,Brian Harman,-.500
9,Mark Hubbard,-.500
9,S.H. Kim,-.500
9,K.H. Lee,-.500
9,Luke List,-.500
9,Grayson Murray,-.500
9,Chandler Phillips,-.500
9,Robby Shelton,-.500
9,Brendon Todd,-.500
9,Matt Wallace,-.500
24,Ludvig Åberg,-.333
24,Hideki Matsuyama,-.333
24,Matthieu Pavon,-.333
24,Alejandro Tosti,-.333
28,Charley Hoffman,-.250
28,Keith Mitchell,-.250
30,Byeong Hun An,-.200
30,Maverick McNealy,-.200
32,Sam Stevens,-.167
33,Akshay Bhatia,E
33,Keegan Bradley,E
33,Joseph Bramlett,E
33,Eric Cole,E
33,Tyler Duncan,E
33,Lanto Griffin,E
33,Russell Henley,E
33,Ryo Hisatsune,E
33,Billy Horschel,E
33,Stephan Jaeger,E
33,Michael Kim,E
33,Chris Kirk,E
33,Kurt Kitayama,E
33,Patton Kizzire,E
33,Jake Knapp,E
33,Ben Kohles,E
33,Troy Merritt,E
33,Taylor Montgomery,E
33,Alex Noren,E
33,Taylor Pendrith,E
33,Andrew Putnam,E
33,Greyson Sigg,E
33,Ben Silverman,E
33,Davis Thompson,E
33,Brandon Wu,E
33,Dylan Wu,E
33,Norman Xiong,E
33,Carl Yuan,E
61,Nico Echavarria,+.333
61,Justin Lower,+.333
63,Harry Hall,+.500
64,Nick Taylor,+.667
65,Si Woo Kim,+1.000
