rank,player,Avg RTP
1,Nick Hardy,-.556
2,Russell Henley,-.538
3,Cam Davis,-.500
4,Stephan Jaeger,-.438
5,Hideki Matsuyama,-.417
6,Carl Yuan,-.412
7,Charley Hoffman,-.400
7,K.H. Lee,-.400
9,Maverick McNealy,-.385
9,Troy Merritt,-.385
11,Robert MacIntyre,-.364
11,Nick Taylor,-.364
13,Joseph Bramlett,-.357
14,Kurt Kitayama,-.333
14,Chandler Phillips,-.333
14,Erik van Rooyen,-.333
17,Emiliano Grillo,-.313
18,Andrew Putnam,-.308
19,Michael Kim,-.300
19,Scott Stallings,-.300
21,Aaron Rai,-.294
22,Tyrrell Hatton,-.286
23,Byeong Hun An,-.273
23,Brian Harman,-.273
23,Matthieu Pavon,-.273
23,J.T. Poston,-.273
23,Ben Silverman,-.273
28,Keegan Bradley,-.250
28,Harris English,-.250
28,Ben Griffin,-.250
28,Mark Hubbard,-.250
28,S.H. Kim,-.250
33,Ben Kohles,-.231
34,Sam Stevens,-.222
35,Robby Shelton,-.214
36,Nico Echavarria,-.211
37,Akshay Bhatia,-.200
37,Taylor Pendrith,-.200
39,Harry Hall,-.182
40,Billy Horschel,-.176
41,Ludvig Åberg,-.167
41,Luke List,-.167
43,Yuto Katsuragawa,-.154
43,Brendon Todd,-.154
45,Zac Blair,-.143
45,Ryo Hisatsune,-.143
45,Patrick Rodgers,-.143
48,Norman Xiong,-.125
49,Tyler Duncan,-.118
50,Denny McCarthy,-.111
51,Taiga Semikawa,-.105
52,Stewart Cink,-.100
52,Si Woo Kim,-.100
52,Keith Mitchell,-.100
55,Taylor Montgomery,-.091
56,Eric Cole,-.083
56,Alejandro Tosti,-.083
58,Chris Kirk,-.077
58,Grayson Murray,-.077
58,Greyson Sigg,-.077
61,Parker Coody,-.071
61,Joel Dahmen,-.071
61,Patton Kizzire,-.071
64,Matt Wallace,-.067
64,Brandon Wu,-.067
66,Jake Knapp,-.063
66,Seamus Power,-.063
68,Austin Eckroat,-.059
69,Alex Noren,-.056
70,Corey Conners,E
70,Will Gordon,E
70,Garrick Higgo,E
70,Martin Trainer,E
70,Dylan Wu,E
75,Lanto Griffin,+.056
76,Justin Rose,+.067
77,Matt NeSmith,+.083
77,Adam Svensson,+.083
79,Webb Simpson,+.091
79,Davis Thompson,+.091
81,Justin Lower,+.118
