rank,player,Avg RTP
1,Garrick Higgo,-2.000
1,Matt Wallace,-2.000
3,Byeong Hun An,-1.000
3,Stewart Cink,-1.000
3,Parker Coody,-1.000
3,Joel Dahmen,-1.000
3,Cam Davis,-1.000
3,Tyler Duncan,-1.000
3,Ben Griffin,-1.000
3,Emiliano Grillo,-1.000
3,Nick Hardy,-1.000
3,Brian Harman,-1.000
3,Tyrrell Hatton,-1.000
3,Ryo Hisatsune,-1.000
3,Billy Horschel,-1.000
3,Michael Kim,-1.000
3,Maverick McNealy,-1.000
3,Keith Mitchell,-1.000
3,Taylor Montgomery,-1.000
3,Grayson Murray,-1.000
3,Alex Noren,-1.000
3,Matthieu Pavon,-1.000
3,J.T. Poston,-1.000
3,Taiga Semikawa,-1.000
3,Scott Stallings,-1.000
3,Sam Stevens,-1.000
27,Harry Hall,-.667
28,Webb Simpson,-.500
29,Ben Silverman,-.333
30,Ludvig Åberg,E
30,Zac Blair,E
30,Corey Conners,E
30,Will Gordon,E
30,Kurt Kitayama,E
30,Patton Kizzire,E
30,Ben Kohles,E
30,Troy Merritt,E
30,Chandler Phillips,E
30,Greyson Sigg,E
30,Brandon Wu,E
30,Norman Xiong,E
42,Martin Trainer,+.500
43,Joseph Bramlett,+1.000
