rank,player,Avg RTP
1,Andrew Putnam,-1.000
1,Matt Wallace,-1.000
3,Harris English,-.800
4,Dylan Wu,-.750
5,Will Gordon,-.667
5,Emiliano Grillo,-.667
5,Denny McCarthy,-.667
5,Chandler Phillips,-.667
5,J.T. Poston,-.667
10,Michael Kim,-.600
10,Grayson Murray,-.600
10,Scott Stallings,-.600
13,Byeong Hun An,-.571
14,Akshay Bhatia,-.500
14,Nico Echavarria,-.500
14,Charley Hoffman,-.500
14,Mark Hubbard,-.500
14,Ben Kohles,-.500
14,Hideki Matsuyama,-.500
14,Keith Mitchell,-.500
14,Taylor Montgomery,-.500
14,Robby Shelton,-.500
14,Nick Taylor,-.500
14,Davis Thompson,-.500
25,Corey Conners,-.429
25,Tyrrell Hatton,-.429
25,Patton Kizzire,-.429
25,Aaron Rai,-.429
29,Keegan Bradley,-.400
29,Brian Harman,-.400
29,Billy Horschel,-.400
29,Martin Trainer,-.400
33,Alejandro Tosti,-.375
34,Parker Coody,-.333
34,Chris Kirk,-.333
34,Troy Merritt,-.333
34,Alex Noren,-.333
34,Matthieu Pavon,-.333
39,Kurt Kitayama,-.286
39,Erik van Rooyen,-.286
41,Joel Dahmen,-.250
41,Lanto Griffin,-.250
41,Harry Hall,-.250
41,Russell Henley,-.250
41,Stephan Jaeger,-.250
41,S.H. Kim,-.250
41,Matt NeSmith,-.250
41,Adam Svensson,-.250
41,Brandon Wu,-.250
41,Norman Xiong,-.250
51,Justin Lower,-.200
51,Carl Yuan,-.200
53,Eric Cole,-.167
53,Taiga Semikawa,-.167
53,Webb Simpson,-.167
56,Taylor Pendrith,-.143
57,Ludvig Åberg,E
57,Stewart Cink,E
57,Cam Davis,E
57,Tyler Duncan,E
57,Austin Eckroat,E
57,Nick Hardy,E
57,Garrick Higgo,E
57,Ryo Hisatsune,E
57,Yuto Katsuragawa,E
57,K.H. Lee,E
57,Luke List,E
57,Robert MacIntyre,E
57,Maverick McNealy,E
57,Patrick Rodgers,E
57,Justin Rose,E
57,Greyson Sigg,E
57,Ben Silverman,E
57,Sam Stevens,E
57,Brendon Todd,E
76,Si Woo Kim,+.250
76,Jake Knapp,+.250
78,Joseph Bramlett,+.333
78,Ben Griffin,+.333
80,Seamus Power,+.500
81,Zac Blair,+1.000
