rank,player,Avg RTP
1,Will Gordon,-.571
1,Michael Kim,-.571
3,Harris English,-.500
4,Austin Eckroat,-.400
4,Kurt Kitayama,-.400
6,Nick Hardy,-.333
6,Troy Merritt,-.333
6,Ben Silverman,-.333
9,Ludvig Åberg,-.286
9,Eric Cole,-.286
9,Harry Hall,-.286
9,Norman Xiong,-.286
13,Ryo Hisatsune,-.250
13,Justin Lower,-.250
13,Adam Svensson,-.250
13,Alejandro Tosti,-.250
13,Matt Wallace,-.250
18,K.H. Lee,-.200
18,Matthieu Pavon,-.200
18,Patrick Rodgers,-.200
18,Brendon Todd,-.200
18,Brandon Wu,-.200
23,Nico Echavarria,-.167
23,Ben Griffin,-.167
25,Russell Henley,-.143
25,S.H. Kim,-.143
25,Greyson Sigg,-.143
28,Byeong Hun An,E
28,Corey Conners,E
28,Parker Coody,E
28,Tyler Duncan,E
28,Tyrrell Hatton,E
28,Garrick Higgo,E
28,Charley Hoffman,E
28,Billy Horschel,E
28,Stephan Jaeger,E
28,Yuto Katsuragawa,E
28,Chris Kirk,E
28,Jake Knapp,E
28,Luke List,E
28,Robert MacIntyre,E
28,Maverick McNealy,E
28,Keith Mitchell,E
28,Taylor Pendrith,E
28,J.T. Poston,E
28,Andrew Putnam,E
28,Aaron Rai,E
28,Webb Simpson,E
28,Nick Taylor,E
28,Davis Thompson,E
28,Martin Trainer,E
52,Mark Hubbard,+.111
53,Keegan Bradley,+.125
53,Emiliano Grillo,+.125
53,Ben Kohles,+.125
53,Dylan Wu,+.125
57,Justin Rose,+.143
57,Robby Shelton,+.143
57,Carl Yuan,+.143
60,Joel Dahmen,+.167
60,Cam Davis,+.167
60,Taylor Montgomery,+.167
63,Si Woo Kim,+.200
63,Patton Kizzire,+.200
63,Alex Noren,+.200
63,Erik van Rooyen,+.200
67,Joseph Bramlett,+.250
67,Lanto Griffin,+.250
67,Hideki Matsuyama,+.250
67,Denny McCarthy,+.250
67,Grayson Murray,+.250
67,Matt NeSmith,+.250
67,Chandler Phillips,+.250
74,Zac Blair,+.286
74,Stewart Cink,+.286
76,Seamus Power,+.333
76,Scott Stallings,+.333
78,Brian Harman,+.400
79,Akshay Bhatia,+.500
79,Taiga Semikawa,+.500
81,Sam Stevens,+.600
