rank,player,Avg RTP
1,Michael Kim,-.667
2,Matt Wallace,-.600
3,Austin Eckroat,-.571
4,Will Gordon,-.500
5,Harris English,-.429
5,Nick Hardy,-.429
7,Harry Hall,-.400
7,Ryo Hisatsune,-.400
9,Eric Cole,-.375
9,Garrick Higgo,-.375
11,Si Woo Kim,-.333
11,Kurt Kitayama,-.333
11,Justin Lower,-.333
11,Maverick McNealy,-.333
11,Troy Merritt,-.333
11,Keith Mitchell,-.333
11,Matthieu Pavon,-.333
11,Ben Silverman,-.333
11,Adam Svensson,-.333
11,Alejandro Tosti,-.333
21,Ben Griffin,-.286
21,J.T. Poston,-.286
21,Brandon Wu,-.286
24,Ludvig Åberg,-.250
24,Tyler Duncan,-.250
24,S.H. Kim,-.250
24,Webb Simpson,-.250
28,Norman Xiong,-.222
29,Tyrrell Hatton,-.200
29,K.H. Lee,-.200
29,Taylor Pendrith,-.200
29,Patrick Rodgers,-.200
29,Greyson Sigg,-.200
29,Brendon Todd,-.200
35,Billy Horschel,-.182
35,Davis Thompson,-.182
37,Byeong Hun An,-.167
37,Parker Coody,-.167
37,Hideki Matsuyama,-.167
37,Denny McCarthy,-.167
37,Grayson Murray,-.167
37,Nick Taylor,-.167
43,Nico Echavarria,-.143
43,Russell Henley,-.143
45,Taylor Montgomery,-.125
46,Joseph Bramlett,-.111
46,Chris Kirk,-.111
46,Aaron Rai,-.111
49,Andrew Putnam,-.100
49,Justin Rose,-.100
51,Dylan Wu,-.091
52,Ben Kohles,-.077
53,Zac Blair,E
53,Keegan Bradley,E
53,Stewart Cink,E
53,Corey Conners,E
53,Joel Dahmen,E
53,Cam Davis,E
53,Emiliano Grillo,E
53,Charley Hoffman,E
53,Mark Hubbard,E
53,Stephan Jaeger,E
53,Yuto Katsuragawa,E
53,Jake Knapp,E
53,Luke List,E
53,Robert MacIntyre,E
53,Alex Noren,E
53,Scott Stallings,E
53,Carl Yuan,E
70,Martin Trainer,+.111
71,Brian Harman,+.143
71,Robby Shelton,+.143
73,Patton Kizzire,+.167
73,Matt NeSmith,+.167
73,Chandler Phillips,+.167
73,Erik van Rooyen,+.167
77,Lanto Griffin,+.222
78,Taiga Semikawa,+.250
79,Seamus Power,+.333
79,Sam Stevens,+.333
81,Akshay Bhatia,+.500
