rank,player,Avg RTP
1,Emiliano Grillo,-.800
1,Denny McCarthy,-.800
3,Harris English,-.750
3,Patrick Rodgers,-.750
5,Will Gordon,-.600
5,Grayson Murray,-.600
7,J.T. Poston,-.571
7,Robby Shelton,-.571
9,Mark Hubbard,-.500
9,Matt NeSmith,-.500
9,Chandler Phillips,-.500
12,Michael Kim,-.455
13,Corey Conners,-.444
13,Dylan Wu,-.444
15,Brian Harman,-.429
15,Tyrrell Hatton,-.429
15,Russell Henley,-.429
15,Billy Horschel,-.429
15,Aaron Rai,-.429
15,Scott Stallings,-.429
21,Byeong Hun An,-.400
21,Joel Dahmen,-.400
21,Charley Hoffman,-.400
21,Patton Kizzire,-.400
21,Taylor Montgomery,-.400
21,Adam Svensson,-.400
21,Matt Wallace,-.400
28,Akshay Bhatia,-.375
28,Keegan Bradley,-.375
28,Hideki Matsuyama,-.375
28,Keith Mitchell,-.375
32,Alejandro Tosti,-.364
33,Parker Coody,-.333
33,Stephan Jaeger,-.333
33,Andrew Putnam,-.333
33,Justin Rose,-.333
37,Yuto Katsuragawa,-.286
37,Matthieu Pavon,-.286
37,Taiga Semikawa,-.286
37,Brendon Todd,-.286
37,Erik van Rooyen,-.286
37,Norman Xiong,-.286
43,Ben Kohles,-.250
43,Webb Simpson,-.250
43,Davis Thompson,-.250
46,Stewart Cink,-.222
46,Cam Davis,-.222
48,Ludvig Åberg,-.200
48,Nick Hardy,-.200
48,Kurt Kitayama,-.200
48,K.H. Lee,-.200
48,Troy Merritt,-.200
48,Alex Noren,-.200
48,Ben Silverman,-.200
55,Ryo Hisatsune,-.167
55,Chris Kirk,-.167
55,Greyson Sigg,-.167
55,Martin Trainer,-.167
59,Sam Stevens,-.154
60,Eric Cole,-.143
60,Lanto Griffin,-.143
60,Harry Hall,-.143
60,S.H. Kim,-.143
60,Maverick McNealy,-.143
65,Nico Echavarria,-.125
65,Taylor Pendrith,-.125
65,Brandon Wu,-.125
68,Carl Yuan,-.111
69,Luke List,-.100
70,Zac Blair,E
70,Tyler Duncan,E
70,Garrick Higgo,E
70,Justin Lower,E
70,Robert MacIntyre,E
70,Nick Taylor,E
76,Austin Eckroat,+.143
76,Jake Knapp,+.143
78,Joseph Bramlett,+.250
78,Seamus Power,+.250
80,Ben Griffin,+.333
80,Si Woo Kim,+.333
