rank,player,%,Total 3 Putts,Attempts,2 Putt or Better %
1,Steven Bowditch,.00,0,6,100.00
1,Jason Day,.00,0,7,100.00
1,Matt Every,.00,0,7,100.00
1,Rickie Fowler,.00,0,6,100.00
1,Fabián Gómez,.00,0,8,100.00
1,Emiliano Grillo,.00,0,9,100.00
1,Bill Haas,.00,0,4,100.00
1,James Hahn,.00,0,7,100.00
1,Padraig Harrington,.00,0,6,100.00
1,J.J. Henry,.00,0,6,100.00
1,J.B. Holmes,.00,0,8,100.00
1,Dustin Johnson,.00,0,8,100.00
1,Zach Johnson,.00,0,4,100.00
1,Smylie Kaufman,.00,0,7,100.00
1,Kevin Kisner,.00,0,8,100.00
1,Russell Knox,.00,0,7,100.00
1,Brooks Koepka,.00,0,8,100.00
1,David Lingmerth,.00,0,6,100.00
1,Davis Love III,.00,0,7,100.00
1,Peter Malnati,.00,0,6,100.00
1,Graeme McDowell,.00,0,9,100.00
1,Troy Merritt,.00,0,7,100.00
1,Scott Piercy,.00,0,4,100.00
1,Patrick Reed,.00,0,8,100.00
1,Brandt Snedeker,.00,0,6,100.00
1,Jordan Spieth,.00,0,6,100.00
1,Justin Thomas,.00,0,7,100.00
1,Jimmy Walker,.00,0,5,100.00
1,Bubba Watson,.00,0,9,100.00
30,Alex Cejka,7.14,1,14,92.86
31,Chris Kirk,9.09,1,11,90.91
32,Danny Lee,10.00,1,10,90.00
