rank,player,%,Total 3 Putts,Total Holes
1,Alex Cejka,5.56,1,18
1,Matt Every,5.56,1,18
1,Fabián Gómez,5.56,1,18
1,Emiliano Grillo,5.56,1,18
1,Padraig Harrington,5.56,1,18
1,J.J. Henry,5.56,1,18
1,J.B. Holmes,5.56,1,18
1,Dustin Johnson,5.56,1,18
1,Zach Johnson,5.56,1,18
1,Kevin Kisner,5.56,1,18
1,Russell Knox,5.56,1,18
1,Danny Lee,5.56,1,18
1,David Lingmerth,5.56,1,18
1,Peter Malnati,5.56,1,18
1,Troy Merritt,5.56,1,18
1,Bubba Watson,5.56,1,18
17,Bill Haas,11.11,2,18
17,James Hahn,11.11,2,18
17,Smylie Kaufman,11.11,2,18
17,Davis Love III,11.11,2,18
