rank,player,%,Total 3 Putts,Total Holes
1,Alex Cejka,5.56,1,18
1,Jason Day,5.56,1,18
1,Rickie Fowler,5.56,1,18
1,Emiliano Grillo,5.56,1,18
1,J.J. Henry,5.56,1,18
1,J.B. Holmes,5.56,1,18
1,Zach Johnson,5.56,1,18
1,Smylie Kaufman,5.56,1,18
1,Chris Kirk,5.56,1,18
1,Kevin Kisner,5.56,1,18
1,Danny Lee,5.56,1,18
1,David Lingmerth,5.56,1,18
1,Graeme McDowell,5.56,1,18
1,Troy Merritt,5.56,1,18
1,Brandt Snedeker,5.56,1,18
1,Bubba Watson,5.56,1,18
17,Dustin Johnson,11.11,2,18
17,Justin Thomas,11.11,2,18
19,Fabián Gómez,16.67,3,18
