rank,player,Value,Tourn/Course,Round
1,David Toms,67,Mercedes-Benz/P,4
2,J.J. Henry,68,Mercedes-Benz/P,3
2,J.B. Holmes,68,Mercedes-Benz/P,2
2,Trevor Immelman,68,Mercedes-Benz/P,2
2,Davis Love III,68,Mercedes-Benz/P,4
2,Rory Sabbatini,68,Mercedes-Benz/P,3
7,Stephen Ames,69,Mercedes-Benz/P,1
7,Eric Axley,69,Mercedes-Benz/P,4
7,K.J. Choi,69,Mercedes-Benz/P,4
7,Will MacKenzie,69,Mercedes-Benz/P,1
7,Rod Pampling,69,Mercedes-Benz/P,4
7,Adam Scott,69,Mercedes-Benz/P,4
7,Vijay Singh,69,Mercedes-Benz/P,2
7,Kirk Triplett,69,Mercedes-Benz/P,3
7,Brett Wetterich,69,Mercedes-Benz/P,1
16,Aaron Baddeley,70,Mercedes-Benz/P,4
16,Chris Couch,70,Mercedes-Benz/P,4
16,Troy Matteson,70,Mercedes-Benz/P,3
16,Carl Pettersson,70,Mercedes-Benz/P,4
16,John Rollins,70,Mercedes-Benz/P,3
21,Stuart Appleby,71,Mercedes-Benz/P,4
21,Luke Donald,71,Mercedes-Benz/P,4
21,Joe Durant,71,Mercedes-Benz/P,4
21,Jim Furyk,71,Mercedes-Benz/P,4
21,John Senden,71,Mercedes-Benz/P,4
26,Tim Herron,72,Mercedes-Benz/P,3
26,Geoff Ogilvy,72,Mercedes-Benz/P,2
26,Dean Wilson,72,Mercedes-Benz/P,4
29,Jeff Maggert,74,Mercedes-Benz/P,3
29,Corey Pavin,74,Mercedes-Benz/P,3
31,Chad Campbell,75,Mercedes-Benz/P,4
31,D.J. Trahan,75,Mercedes-Benz/P,4
33,Ben Curtis,76,Mercedes-Benz/P,4
