rank,player,Avg,Total Strokes,Total Rounds
1,Vijay Singh,69.00,138,2
2,Trevor Immelman,69.50,139,2
2,Will MacKenzie,69.50,139,2
4,Chris Couch,70.50,141,2
4,J.B. Holmes,70.50,141,2
4,Davis Love III,70.50,141,2
7,Adam Scott,71.00,142,2
8,Stephen Ames,71.50,143,2
8,Luke Donald,71.50,143,2
8,Troy Matteson,71.50,143,2
11,Stuart Appleby,72.50,145,2
11,Jim Furyk,72.50,145,2
13,K.J. Choi,73.00,146,2
13,Joe Durant,73.00,146,2
13,Geoff Ogilvy,73.00,146,2
16,J.J. Henry,73.50,147,2
16,Tim Herron,73.50,147,2
16,Carl Pettersson,73.50,147,2
16,John Senden,73.50,147,2
16,David Toms,73.50,147,2
21,Kirk Triplett,74.00,148,2
21,Brett Wetterich,74.00,148,2
23,Aaron Baddeley,74.50,149,2
23,Rory Sabbatini,74.50,149,2
25,Jeff Maggert,75.00,150,2
25,Corey Pavin,75.00,150,2
27,John Rollins,75.50,151,2
28,Chad Campbell,76.00,152,2
29,Eric Axley,76.50,153,2
30,Rod Pampling,77.00,154,2
31,D.J. Trahan,78.00,156,2
32,Dean Wilson,79.00,158,2
33,Ben Curtis,79.50,159,2
