rank,player,Stroke Differential,Player's Score,Field Average Score
1,Vijay Singh,+3.39,69.50,72.89
2,Adam Scott,+2.89,70.00,72.89
3,Trevor Immelman,+2.14,70.75,72.89
4,J.B. Holmes,+1.89,71.00,72.89
4,Davis Love III,+1.89,71.00,72.89
4,Will MacKenzie,+1.89,71.00,72.89
7,Luke Donald,+1.64,71.25,72.89
8,K.J. Choi,+1.39,71.50,72.89
8,J.J. Henry,+1.39,71.50,72.89
8,David Toms,+1.39,71.50,72.89
11,Stephen Ames,+1.14,71.75,72.89
11,Troy Matteson,+1.14,71.75,72.89
13,Stuart Appleby,+.89,72.00,72.89
13,Chris Couch,+.89,72.00,72.89
13,Rory Sabbatini,+.89,72.00,72.89
16,Joe Durant,+.64,72.25,72.89
16,Kirk Triplett,+.64,72.25,72.89
18,Jim Furyk,-.11,73.00,72.89
19,Tim Herron,-.36,73.25,72.89
19,Geoff Ogilvy,-.36,73.25,72.89
19,John Senden,-.36,73.25,72.89
22,Rod Pampling,-.61,73.50,72.89
22,Carl Pettersson,-.61,73.50,72.89
22,Brett Wetterich,-.61,73.50,72.89
25,John Rollins,-.86,73.75,72.89
26,Eric Axley,-1.11,74.00,72.89
27,Aaron Baddeley,-1.36,74.25,72.89
28,Corey Pavin,-2.36,75.25,72.89
29,Dean Wilson,-2.61,75.50,72.89
30,Jeff Maggert,-2.86,75.75,72.89
31,Chad Campbell,-3.36,76.25,72.89
32,D.J. Trahan,-3.61,76.50,72.89
33,Ben Curtis,-5.11,78.00,72.89
