rank,player,%,# Birdies,Greens Hit
1,Dustin Johnson,45.45,25,55
2,Chris Stroud,43.75,21,48
3,Wesley Bryan,41.67,20,48
4,Jhonattan Vegas,41.51,22,53
5,Pat Perez,41.07,23,56
6,Jon Rahm,40.74,22,54
7,Kevin Kisner,38.00,19,50
8,Bryson DeChambeau,37.74,20,53
8,Russell Henley,37.74,20,53
10,Hideki Matsuyama,37.50,21,56
11,Jonas Blixt,36.36,16,44
12,Xander Schauffele,34.88,15,43
13,Patrick Cantlay,34.62,18,52
14,Justin Thomas,34.55,19,55
15,Marc Leishman,33.93,19,56
16,Brian Harman,33.90,20,59
17,Daniel Berger,33.33,19,57
17,Austin Cook,33.33,19,57
17,Si Woo Kim,33.33,18,54
20,Jason Dufner,32.73,18,55
21,Kevin Chappell,32.69,17,52
22,Cameron Smith,32.14,18,56
23,Patton Kizzire,32.08,17,53
24,Rickie Fowler,31.58,18,57
24,Billy Horschel,31.58,18,57
26,Brendan Steele,30.00,15,50
27,Grayson Murray,29.41,15,51
28,Jordan Spieth,29.31,17,58
29,Ryan Armour,29.09,16,55
30,Hudson Swafford,24.56,14,57
31,Adam Hadwin,22.45,11,49
32,Kyle Stanley,21.82,12,55
33,D.A. Points,20.00,10,50
34,Brooks Koepka,18.18,8,44
