rank,player,Avg,# of Putts,# of Holes
1,Chris Stroud,1.542,111,72
2,Dustin Johnson,1.556,112,72
2,Xander Schauffele,1.556,112,72
4,Jonas Blixt,1.569,113,72
4,Wesley Bryan,1.569,113,72
6,Rickie Fowler,1.611,116,72
7,Si Woo Kim,1.625,117,72
7,Kevin Kisner,1.625,117,72
7,Pat Perez,1.625,117,72
7,Jon Rahm,1.625,117,72
11,Brian Harman,1.639,118,72
12,Kevin Chappell,1.653,119,72
12,Jason Dufner,1.653,119,72
12,Hideki Matsuyama,1.653,119,72
15,Ryan Armour,1.667,120,72
15,Marc Leishman,1.667,120,72
15,Jhonattan Vegas,1.667,120,72
18,Daniel Berger,1.681,121,72
18,Russell Henley,1.681,121,72
18,Grayson Murray,1.681,121,72
21,Patrick Cantlay,1.694,122,72
22,Adam Hadwin,1.708,123,72
22,Billy Horschel,1.708,123,72
22,Patton Kizzire,1.708,123,72
22,Jordan Spieth,1.708,123,72
26,Bryson DeChambeau,1.722,124,72
26,Cameron Smith,1.722,124,72
26,Brendan Steele,1.722,124,72
29,Austin Cook,1.736,125,72
29,D.A. Points,1.736,125,72
29,Justin Thomas,1.736,125,72
32,Kyle Stanley,1.778,128,72
32,Hudson Swafford,1.778,128,72
34,Brooks Koepka,1.792,129,72
