rank,player,Value,Attempts(<= 5'),Tot Made (>=20'),Tot Made (<= 5')
1,Jason Dufner,105.56,54,3,54
2,Patrick Cantlay,103.57,56,2,56
3,Adam Hadwin,103.45,58,2,58
3,Xander Schauffele,103.45,58,2,58
5,Chris Stroud,101.96,51,2,50
6,Kevin Kisner,101.92,52,2,51
7,Brian Harman,101.85,54,1,54
8,Patton Kizzire,101.79,56,2,55
8,Pat Perez,101.79,56,3,54
10,Daniel Berger,101.75,57,2,56
11,Bryson DeChambeau,101.64,61,3,59
11,Hudson Swafford,101.64,61,2,60
13,Wesley Bryan,100.00,55,2,53
13,Austin Cook,100.00,58,1,57
13,Russell Henley,100.00,59,1,58
13,Si Woo Kim,100.00,58,0,58
13,Brendan Steele,100.00,63,0,63
18,Jordan Spieth,98.44,64,1,62
19,Billy Horschel,98.31,59,0,58
19,Jon Rahm,98.31,59,1,57
21,Jhonattan Vegas,98.28,58,0,57
22,Dustin Johnson,98.25,57,0,56
23,Grayson Murray,98.21,56,1,54
24,D.A. Points,96.72,61,1,58
25,Cameron Smith,96.67,60,1,57
26,Kevin Chappell,96.55,58,0,56
26,Rickie Fowler,96.55,58,2,54
28,Hideki Matsuyama,96.43,56,2,52
29,Jonas Blixt,96.36,55,2,51
30,Justin Thomas,95.38,65,1,61
31,Ryan Armour,94.92,59,2,54
32,Marc Leishman,94.44,54,0,51
33,Brooks Koepka,93.44,61,0,57
34,Kyle Stanley,93.33,60,0,56
