rank,player,Avg,GIR Putts,Greens Hit,Birdie Conversion
1,Dustin Johnson,1.625,91,56,45.45
2,Chris Stroud,1.667,80,48,43.75
3,Jonas Blixt,1.682,74,44,36.36
4,Wesley Bryan,1.688,81,48,41.67
5,Pat Perez,1.696,95,56,41.07
6,Kevin Kisner,1.720,86,50,38.00
7,Rickie Fowler,1.737,99,57,31.58
8,Justin Thomas,1.745,96,55,34.55
9,Hideki Matsuyama,1.750,98,56,37.50
10,Jhonattan Vegas,1.755,93,53,41.51
11,Si Woo Kim,1.759,95,54,33.33
12,Brian Harman,1.763,104,59,33.90
13,Ryan Armour,1.764,97,55,29.09
13,Jason Dufner,1.764,97,55,32.73
15,Xander Schauffele,1.767,76,43,34.88
16,Daniel Berger,1.772,101,57,33.33
17,Russell Henley,1.774,94,53,37.74
18,Jon Rahm,1.778,96,54,40.74
19,Jordan Spieth,1.780,105,59,29.31
20,Marc Leishman,1.786,100,56,33.93
21,Austin Cook,1.789,102,57,33.33
22,Bryson DeChambeau,1.792,95,53,37.74
23,Billy Horschel,1.807,103,57,31.58
24,Grayson Murray,1.824,93,51,29.41
25,Patrick Cantlay,1.827,95,52,34.62
25,Kevin Chappell,1.827,95,52,32.69
27,Cameron Smith,1.839,103,56,32.14
28,Adam Hadwin,1.857,91,49,22.45
29,Kyle Stanley,1.873,103,55,21.82
30,Patton Kizzire,1.887,100,53,32.08
31,Hudson Swafford,1.895,108,57,24.56
32,D.A. Points,1.900,95,50,20.00
32,Brendan Steele,1.900,95,50,30.00
34,Brooks Koepka,1.977,87,44,18.18
