rank,player,Avg,Total Strokes,Total Holes
1,Justin Thomas,3.70,163,44
2,Brian Stuard,3.82,168,44
3,Jim Herman,3.84,169,44
3,Patrick Reed,3.84,169,44
3,Jordan Spieth,3.84,169,44
3,Vaughn Taylor,3.84,169,44
7,Daniel Berger,3.86,170,44
7,Jason Dufner,3.86,170,44
7,Mackenzie Hughes,3.86,170,44
7,Hideki Matsuyama,3.86,170,44
7,Ryan Moore,3.86,170,44
12,Tony Finau,3.89,171,44
12,Jimmy Walker,3.89,171,44
14,Charley Hoffman,3.91,172,44
14,Dustin Johnson,3.91,172,44
14,Pat Perez,3.91,172,44
17,Fabián Gómez,3.93,173,44
17,Rod Pampling,3.93,173,44
17,Brendan Steele,3.93,173,44
20,Jason Day,3.98,175,44
21,Cody Gribble,4.00,176,44
21,William McGirt,4.00,176,44
23,James Hahn,4.02,177,44
23,Russell Knox,4.02,177,44
23,Brandt Snedeker,4.02,177,44
26,Branden Grace,4.05,178,44
26,Billy Hurley III,4.05,178,44
26,Jhonattan Vegas,4.05,178,44
29,Greg Chalmers,4.07,179,44
29,Bubba Watson,4.07,179,44
31,Aaron Baddeley,4.09,180,44
31,Si Woo Kim,4.09,180,44
