rank,player,Avg,Total Strokes,Total Holes
1,Jason Day,4.25,68,16
1,Cody Gribble,4.25,68,16
1,Dustin Johnson,4.25,68,16
1,Hideki Matsuyama,4.25,68,16
5,Pat Perez,4.31,69,16
5,Jordan Spieth,4.31,69,16
5,Brendan Steele,4.31,69,16
5,Jimmy Walker,4.31,69,16
9,James Hahn,4.38,70,16
9,Russell Knox,4.38,70,16
9,William McGirt,4.38,70,16
9,Ryan Moore,4.38,70,16
13,Tony Finau,4.44,71,16
13,Patrick Reed,4.44,71,16
15,Aaron Baddeley,4.50,72,16
15,Greg Chalmers,4.50,72,16
15,Billy Hurley III,4.50,72,16
15,Brandt Snedeker,4.50,72,16
15,Jhonattan Vegas,4.50,72,16
15,Bubba Watson,4.50,72,16
21,Fabián Gómez,4.56,73,16
21,Rod Pampling,4.56,73,16
23,Daniel Berger,4.69,75,16
23,Jim Herman,4.69,75,16
23,Justin Thomas,4.69,75,16
26,Jason Dufner,4.75,76,16
26,Mackenzie Hughes,4.75,76,16
28,Branden Grace,4.81,77,16
29,Charley Hoffman,4.88,78,16
29,Si Woo Kim,4.88,78,16
29,Brian Stuard,4.88,78,16
32,Vaughn Taylor,5.00,80,16
