rank,player,%,Par 5 Birdies or Better,Par 5 Holes
1,Jason Day,75.00,12,16
1,Russell Knox,75.00,12,16
1,Hideki Matsuyama,75.00,12,16
4,Cody Gribble,68.75,11,16
4,Dustin Johnson,68.75,11,16
4,Pat Perez,68.75,11,16
4,Jordan Spieth,68.75,11,16
4,Jimmy Walker,68.75,11,16
9,William McGirt,62.50,10,16
9,Ryan Moore,62.50,10,16
9,Brendan Steele,62.50,10,16
9,Jhonattan Vegas,62.50,10,16
13,Aaron Baddeley,56.25,9,16
13,Greg Chalmers,56.25,9,16
13,Tony Finau,56.25,9,16
13,James Hahn,56.25,9,16
13,Billy Hurley III,56.25,9,16
13,Si Woo Kim,56.25,9,16
13,Patrick Reed,56.25,9,16
13,Bubba Watson,56.25,9,16
21,Fabián Gómez,50.00,8,16
21,Brandt Snedeker,50.00,8,16
21,Justin Thomas,50.00,8,16
24,Daniel Berger,43.75,7,16
24,Rod Pampling,43.75,7,16
26,Jason Dufner,37.50,6,16
26,Branden Grace,37.50,6,16
26,Jim Herman,37.50,6,16
26,Mackenzie Hughes,37.50,6,16
30,Charley Hoffman,25.00,4,16
30,Brian Stuard,25.00,4,16
30,Vaughn Taylor,25.00,4,16
