rank,player,Status,Par 5 Avg,Total Par
1,Jason Day,-12,4.25,.80
1,Cody Gribble,-12,4.25,.80
1,Dustin Johnson,-12,4.25,.80
1,Hideki Matsuyama,-12,4.25,.80
5,Pat Perez,-11,4.31,.80
5,Jordan Spieth,-11,4.31,.80
5,Brendan Steele,-11,4.31,.80
5,Jimmy Walker,-11,4.31,.80
9,James Hahn,-10,4.38,.80
9,Russell Knox,-10,4.38,.80
9,William McGirt,-10,4.38,.80
9,Ryan Moore,-10,4.38,.80
13,Tony Finau,-9,4.44,.80
13,Patrick Reed,-9,4.44,.80
15,Aaron Baddeley,-8,4.50,.80
15,Greg Chalmers,-8,4.50,.80
15,Billy Hurley III,-8,4.50,.80
15,Brandt Snedeker,-8,4.50,.80
15,Jhonattan Vegas,-8,4.50,.80
15,Bubba Watson,-8,4.50,.80
21,Fabián Gómez,-7,4.56,.80
21,Rod Pampling,-7,4.56,.80
23,Daniel Berger,-5,4.69,.80
23,Jim Herman,-5,4.69,.80
23,Justin Thomas,-5,4.69,.80
26,Jason Dufner,-4,4.75,.80
26,Mackenzie Hughes,-4,4.75,.80
28,Branden Grace,-3,4.81,.80
29,Charley Hoffman,-2,4.88,.80
29,Si Woo Kim,-2,4.88,.80
29,Brian Stuard,-2,4.88,.80
32,Vaughn Taylor,E,5.00,.80
