rank,player,Avg,Total Strokes,Total Holes
1,Charley Hoffman,2.58,31,12
1,Brandt Snedeker,2.58,31,12
3,William McGirt,2.67,32,12
3,Justin Thomas,2.67,32,12
5,Aaron Baddeley,2.83,34,12
5,Si Woo Kim,2.83,34,12
5,Russell Knox,2.83,34,12
8,Daniel Berger,2.92,35,12
8,Jim Herman,2.92,35,12
8,Hideki Matsuyama,2.92,35,12
8,Rod Pampling,2.92,35,12
8,Pat Perez,2.92,35,12
8,Brendan Steele,2.92,35,12
8,Bubba Watson,2.92,35,12
15,Greg Chalmers,3.00,36,12
15,Jason Day,3.00,36,12
15,Tony Finau,3.00,36,12
15,Fabián Gómez,3.00,36,12
15,Cody Gribble,3.00,36,12
15,Ryan Moore,3.00,36,12
15,Vaughn Taylor,3.00,36,12
22,Jason Dufner,3.08,37,12
22,James Hahn,3.08,37,12
22,Dustin Johnson,3.08,37,12
22,Patrick Reed,3.08,37,12
26,Branden Grace,3.17,38,12
26,Jordan Spieth,3.17,38,12
26,Brian Stuard,3.17,38,12
26,Jimmy Walker,3.17,38,12
30,Mackenzie Hughes,3.33,40,12
31,Billy Hurley III,3.42,41,12
32,Jhonattan Vegas,3.50,42,12
