rank,player,%,Par 4 Birdies or Better,Par 4 Holes
1,Jordan Spieth,31.82,14,44
1,Justin Thomas,31.82,14,44
3,Patrick Reed,29.55,13,44
4,Vaughn Taylor,27.27,12,44
5,Jim Herman,25.00,11,44
5,Charley Hoffman,25.00,11,44
7,Jason Dufner,22.73,10,44
7,Tony Finau,22.73,10,44
7,Cody Gribble,22.73,10,44
7,Hideki Matsuyama,22.73,10,44
7,Rod Pampling,22.73,10,44
7,Brian Stuard,22.73,10,44
13,Daniel Berger,20.45,9,44
13,Mackenzie Hughes,20.45,9,44
15,Fabián Gómez,18.18,8,44
15,Russell Knox,18.18,8,44
15,William McGirt,18.18,8,44
15,Brendan Steele,18.18,8,44
15,Jimmy Walker,18.18,8,44
20,Greg Chalmers,15.91,7,44
20,Branden Grace,15.91,7,44
20,Si Woo Kim,15.91,7,44
20,Ryan Moore,15.91,7,44
20,Pat Perez,15.91,7,44
20,Jhonattan Vegas,15.91,7,44
20,Bubba Watson,15.91,7,44
27,Jason Day,13.64,6,44
27,James Hahn,13.64,6,44
27,Dustin Johnson,13.64,6,44
30,Billy Hurley III,9.09,4,44
30,Brandt Snedeker,9.09,4,44
32,Aaron Baddeley,4.55,2,44
