rank,player,%,Par 3 Birdies or Better,Par 3 Holes
1,Charley Hoffman,50.00,6,12
2,Brandt Snedeker,41.67,5,12
3,Aaron Baddeley,33.33,4,12
3,William McGirt,33.33,4,12
3,Justin Thomas,33.33,4,12
6,Pat Perez,25.00,3,12
7,Daniel Berger,16.67,2,12
7,Greg Chalmers,16.67,2,12
7,Jason Day,16.67,2,12
7,Jason Dufner,16.67,2,12
7,Tony Finau,16.67,2,12
7,Cody Gribble,16.67,2,12
7,James Hahn,16.67,2,12
7,Jim Herman,16.67,2,12
7,Si Woo Kim,16.67,2,12
7,Russell Knox,16.67,2,12
7,Hideki Matsuyama,16.67,2,12
7,Patrick Reed,16.67,2,12
7,Jordan Spieth,16.67,2,12
7,Brendan Steele,16.67,2,12
7,Bubba Watson,16.67,2,12
22,Fabián Gómez,8.33,1,12
22,Branden Grace,8.33,1,12
22,Mackenzie Hughes,8.33,1,12
22,Ryan Moore,8.33,1,12
22,Rod Pampling,8.33,1,12
22,Jhonattan Vegas,8.33,1,12
22,Jimmy Walker,8.33,1,12
29,Billy Hurley III,.00,0,12
29,Dustin Johnson,.00,0,12
29,Brian Stuard,.00,0,12
29,Vaughn Taylor,.00,0,12
