rank,player,Status,Par 4 Avg,Total Par
1,Justin Thomas,-13,3.70,1.76
2,Brian Stuard,-8,3.82,1.76
3,Jim Herman,-7,3.84,1.76
3,Patrick Reed,-7,3.84,1.76
3,Jordan Spieth,-7,3.84,1.76
3,Vaughn Taylor,-7,3.84,1.76
7,Daniel Berger,-6,3.86,1.76
7,Jason Dufner,-6,3.86,1.76
7,Mackenzie Hughes,-6,3.86,1.76
7,Hideki Matsuyama,-6,3.86,1.76
7,Ryan Moore,-6,3.86,1.76
12,Tony Finau,-5,3.89,1.76
12,Jimmy Walker,-5,3.89,1.76
14,Charley Hoffman,-4,3.91,1.76
14,Dustin Johnson,-4,3.91,1.76
14,Pat Perez,-4,3.91,1.76
17,Fabián Gómez,-3,3.93,1.76
17,Rod Pampling,-3,3.93,1.76
17,Brendan Steele,-3,3.93,1.76
20,Jason Day,-1,3.98,1.76
21,Cody Gribble,E,4.00,1.76
21,William McGirt,E,4.00,1.76
23,James Hahn,+1,4.02,1.76
23,Russell Knox,+1,4.02,1.76
23,Brandt Snedeker,+1,4.02,1.76
26,Branden Grace,+2,4.05,1.76
26,Billy Hurley III,+2,4.05,1.76
26,Jhonattan Vegas,+2,4.05,1.76
29,Greg Chalmers,+3,4.07,1.76
29,Bubba Watson,+3,4.07,1.76
31,Aaron Baddeley,+4,4.09,1.76
31,Si Woo Kim,+4,4.09,1.76
