rank,player,Status,Par 3 Avg,Total Par
1,Charley Hoffman,-5,2.58,.36
1,Brandt Snedeker,-5,2.58,.36
3,William McGirt,-4,2.67,.36
3,Justin Thomas,-4,2.67,.36
5,Aaron Baddeley,-2,2.83,.36
5,Si Woo Kim,-2,2.83,.36
5,Russell Knox,-2,2.83,.36
8,Daniel Berger,-1,2.92,.36
8,Jim Herman,-1,2.92,.36
8,Hideki Matsuyama,-1,2.92,.36
8,Rod Pampling,-1,2.92,.36
8,Pat Perez,-1,2.92,.36
8,Brendan Steele,-1,2.92,.36
8,Bubba Watson,-1,2.92,.36
15,Greg Chalmers,E,3.00,.36
15,Jason Day,E,3.00,.36
15,Tony Finau,E,3.00,.36
15,Fabián Gómez,E,3.00,.36
15,Cody Gribble,E,3.00,.36
15,Ryan Moore,E,3.00,.36
15,Vaughn Taylor,E,3.00,.36
22,Jason Dufner,+1,3.08,.36
22,James Hahn,+1,3.08,.36
22,Dustin Johnson,+1,3.08,.36
22,Patrick Reed,+1,3.08,.36
26,Branden Grace,+2,3.17,.36
26,Jordan Spieth,+2,3.17,.36
26,Brian Stuard,+2,3.17,.36
26,Jimmy Walker,+2,3.17,.36
30,Mackenzie Hughes,+4,3.33,.36
31,Billy Hurley III,+5,3.42,.36
32,Jhonattan Vegas,+6,3.50,.36
