rank,player,Avg DTP,Total Distance (feet),# of Shots,Scrambling Rank
1,James Hahn,"4' 5""",13.250,3,24
2,Jordan Spieth,"4' 6""",9.000,2,3
3,Steven Bowditch,"5' 1""",20.333,4,7
3,Jason Day,"5' 1""",20.333,4,18
5,Russell Knox,"5' 7""",22.333,4,11
6,Zach Johnson,"5' 9""",17.167,3,21
7,Dustin Johnson,"6' 1""",36.333,6,15
8,Smylie Kaufman,"6' 4""",44.083,7,19
9,Chris Kirk,"7' 7""",52.917,7,25
10,Brooks Koepka,"7' 9""",46.250,6,19
11,Danny Lee,"8' 5""",50.667,6,15
11,Graeme McDowell,"8' 5""",50.667,6,8
13,Davis Love III,"8' 6""",51.083,6,25
14,Padraig Harrington,"8' 10""",79.250,9,17
15,J.B. Holmes,"9' 1""",54.250,6,21
16,Kevin Kisner,"9' 8""",9.667,1,21
17,Fabián Gómez,"9' 10""",69.083,7,2
17,Brandt Snedeker,"9' 10""",59.083,6,11
19,David Lingmerth,"10' 1""",50.500,5,5
20,Troy Merritt,"10' 7""",63.250,6,32
21,Bill Haas,"10' 10""",65.000,6,6
22,Rickie Fowler,"11' 8""",70.000,6,4
22,J.J. Henry,"11' 8""",81.917,7,30
24,Bubba Watson,"12' 1""",60.333,5,9
25,Alex Cejka,"12' 9""",102.083,8,9
26,Peter Malnati,"12' 11""",51.583,4,11
27,Justin Thomas,"13' 5""",40.333,3,30
28,Jimmy Walker,"13' 6""",148.667,11,25
29,Patrick Reed,"14' 3""",71.250,5,1
30,Scott Piercy,"14' 8""",117.083,8,14
31,Emiliano Grillo,"15' 7""",62.417,4,25
32,Matt Every,"15' 11""",143.250,9,25
