rank,player,Avg DTP,Total Distance (feet),# of Shots,Scrambling Rank
1,Steven Bowditch,"4' 6""",58.417,13,7
2,Patrick Reed,"4' 10""",53.417,11,1
3,Davis Love III,"5' 4""",58.500,11,25
4,Graeme McDowell,"5' 7""",66.917,12,8
5,Russell Knox,"5' 9""",28.667,5,11
6,Alex Cejka,"5' 11""",41.167,7,9
7,Danny Lee,"6' 0""",65.750,11,15
8,Bill Haas,"6' 1""",48.917,8,6
8,Dustin Johnson,"6' 1""",60.667,10,15
10,Jordan Spieth,"6' 4""",82.333,13,3
11,Kevin Kisner,"6' 5""",64.500,10,21
11,Troy Merritt,"6' 5""",64.500,10,32
13,Chris Kirk,"6' 7""",45.833,7,25
14,Fabián Gómez,"6' 9""",53.833,8,2
14,Padraig Harrington,"6' 9""",60.417,9,17
16,Peter Malnati,"7' 2""",57.000,8,11
17,Brandt Snedeker,"7' 7""",68.250,9,11
18,James Hahn,"7' 8""",129.917,17,24
18,Brooks Koepka,"7' 8""",61.000,8,19
20,David Lingmerth,"7' 9""",92.750,12,5
21,Emiliano Grillo,"8' 0""",55.750,7,25
22,J.J. Henry,"8' 4""",74.667,9,30
23,J.B. Holmes,"8' 8""",95.750,11,21
23,Justin Thomas,"8' 8""",95.000,11,30
25,Rickie Fowler,"8' 9""",96.500,11,4
26,Scott Piercy,"9' 2""",100.583,11,14
27,Bubba Watson,"9' 5""",94.500,10,9
28,Matt Every,"10' 7""",116.167,11,25
29,Jason Day,"11' 3""",78.833,7,18
30,Zach Johnson,"11' 8""",81.417,7,21
31,Smylie Kaufman,"12' 6""",112.583,9,19
32,Jimmy Walker,"13' 4""",186.083,14,25
