rank,player,Avg DTP,Total Distance (feet),# of Shots,Scrambling Rank
1,Jordan Spieth,"4' 1""",.246,5,3
2,David Lingmerth,"4' 2""",.396,8,5
3,Bubba Watson,"4' 3""",.255,5,9
4,Jimmy Walker,"4' 7""",.491,9,25
5,Smylie Kaufman,"4' 8""",.451,8,19
6,James Hahn,"4' 10""",.288,5,24
7,Rickie Fowler,"5' 2""",.560,9,4
8,Chris Kirk,"5' 4""",.762,12,25
9,Jason Day,"5' 9""",.755,11,18
10,Dustin Johnson,"5' 10""",.769,11,15
11,Steven Bowditch,"6' 1""",.581,8,7
12,Kevin Kisner,"6' 2""",.295,4,21
13,Zach Johnson,"6' 3""",.300,4,21
14,Peter Malnati,"6' 10""",.981,12,11
15,Patrick Reed,"7' 0""",.841,10,1
16,J.B. Holmes,"7' 3""",.609,7,21
17,Danny Lee,"7' 5""",1.065,12,15
18,Brandt Snedeker,"7' 6""",.361,4,11
18,Justin Thomas,"7' 6""",.720,8,30
20,Padraig Harrington,"7' 7""",1.003,11,17
20,Brooks Koepka,"7' 7""",.910,10,19
22,Bill Haas,"7' 10""",.377,4,6
22,Troy Merritt,"7' 10""",.750,8,32
24,Fabián Gómez,"8' 0""",.960,10,2
25,Russell Knox,"9' 6""",.456,4,11
26,J.J. Henry,"10' 1""",1.333,11,30
27,Matt Every,"10' 4""",.494,4,25
28,Graeme McDowell,"10' 11""",.656,5,8
29,Emiliano Grillo,"11' 2""",1.071,8,25
30,Davis Love III,"11' 10""",.997,7,25
31,Alex Cejka,"12' 7""",1.816,12,9
32,Scott Piercy,"13' 7""",1.792,11,14
