rank,player,Avg DTP,Total Distance (feet),# of Shots,Scrambling Rank
1,Russell Knox,"1' 9""",1.750,1,11
2,Scott Piercy,"3' 0""",5.917,2,14
3,Padraig Harrington,"3' 11""",11.750,3,17
4,Smylie Kaufman,"4' 2""",8.333,2,19
5,Brandt Snedeker,"4' 7""",9.167,2,11
6,Dustin Johnson,"4' 11""",14.833,3,15
7,Jordan Spieth,"5' 0""",5.000,1,3
8,Davis Love III,"5' 3""",21.083,4,25
9,Zach Johnson,"5' 4""",15.917,3,21
10,Bill Haas,"5' 7""",16.833,3,6
11,Rickie Fowler,"6' 4""",12.583,2,4
12,Emiliano Grillo,"6' 9""",26.917,4,25
13,Jason Day,"7' 4""",7.333,1,18
14,Bubba Watson,"8' 1""",64.833,8,9
15,Fabián Gómez,"8' 6""",8.500,1,2
16,Justin Thomas,"8' 9""",34.917,4,30
17,Steven Bowditch,"8' 10""",8.833,1,7
18,Danny Lee,"9' 0""",18.000,2,15
19,Graeme McDowell,"9' 1""",36.417,4,8
20,Chris Kirk,"9' 8""",28.917,3,25
21,David Lingmerth,"11' 10""",35.500,3,5
21,Jimmy Walker,"11' 10""",47.250,4,25
23,J.J. Henry,"11' 11""",23.750,2,30
24,Peter Malnati,"12' 5""",24.750,2,11
25,Matt Every,"12' 8""",88.667,7,25
26,James Hahn,"14' 5""",14.417,1,24
27,J.B. Holmes,"16' 11""",33.833,2,21
28,Troy Merritt,"17' 7""",35.167,2,32
29,Brooks Koepka,"20' 5""",61.250,3,19
30,Patrick Reed,"47' 3""",47.250,1,1
