rank,player,Avg dtp,Total Distance (Feet),Attempts
1,Patrick Reed,"3' 7""",39.000,11
2,Jordan Spieth,"4' 1""",48.917,12
3,Bubba Watson,"4' 7""",45.750,10
4,Rickie Fowler,"5' 0""",50.000,10
5,Graeme McDowell,"5' 1""",51.000,10
6,Matt Every,"5' 3""",57.667,11
7,Padraig Harrington,"5' 4""",64.000,12
8,Bill Haas,"5' 6""",83.083,15
9,Danny Lee,"5' 7""",77.667,14
10,Alex Cejka,"5' 11""",53.167,9
10,Brandt Snedeker,"5' 11""",47.250,8
12,Chris Kirk,"6' 1""",42.500,7
13,David Lingmerth,"6' 4""",95.333,15
14,Jason Day,"6' 5""",70.500,11
15,Steven Bowditch,"6' 6""",98.083,15
16,J.J. Henry,"6' 7""",92.167,14
17,Peter Malnati,"6' 8""",93.583,14
18,James Hahn,"7' 0""",139.583,20
18,Dustin Johnson,"7' 0""",98.500,14
20,Fabián Gómez,"7' 1""",71.000,10
21,Justin Thomas,"8' 0""",120.167,15
22,Zach Johnson,"8' 2""",98.167,12
22,Jimmy Walker,"8' 2""",98.250,12
24,Troy Merritt,"8' 6""",85.083,10
25,Kevin Kisner,"9' 4""",102.333,11
25,Davis Love III,"9' 4""",140.083,15
27,Brooks Koepka,"9' 10""",78.833,8
28,Smylie Kaufman,"10' 0""",59.917,6
29,Emiliano Grillo,"10' 1""",100.833,10
30,Russell Knox,"11' 1""",66.500,6
31,J.B. Holmes,"12' 3""",146.667,12
32,Scott Piercy,"13' 5""",228.750,17
