rank,player,Avg DTP,Total Distance (feet),# of Shots,Scrambling Rank
1,Fabián Gómez,"1' 8""",3.250,2,2
2,Brandt Snedeker,"2' 6""",7.500,3,11
3,Jason Day,"3' 4""",16.667,5,18
4,Kevin Kisner,"3' 8""",29.083,8,21
5,Padraig Harrington,"4' 2""",20.917,5,17
6,Steven Bowditch,"4' 3""",42.583,10,7
6,Alex Cejka,"4' 3""",21.333,5,9
8,Bill Haas,"4' 4""",26.167,6,6
9,Chris Kirk,"4' 11""",19.500,4,25
9,Russell Knox,"4' 11""",19.750,4,11
11,Rickie Fowler,"5' 2""",25.917,5,4
12,Dustin Johnson,"5' 5""",65.250,12,15
13,David Lingmerth,"5' 9""",40.250,7,5
14,Graeme McDowell,"6' 3""",31.417,5,8
15,Jordan Spieth,"6' 4""",57.250,9,3
16,Matt Every,"6' 5""",57.750,9,25
17,Danny Lee,"6' 6""",65.250,10,15
18,Jimmy Walker,"6' 7""",65.833,10,25
19,Justin Thomas,"7' 0""",90.917,13,30
20,J.B. Holmes,"7' 3""",14.500,2,21
20,Peter Malnati,"7' 3""",50.583,7,11
22,Davis Love III,"7' 4""",65.833,9,25
23,Scott Piercy,"7' 5""",44.250,6,14
24,James Hahn,"7' 7""",68.500,9,24
25,Patrick Reed,"7' 8""",53.833,7,1
26,Emiliano Grillo,"7' 9""",46.333,6,25
27,J.J. Henry,"7' 10""",54.583,7,30
28,Troy Merritt,"8' 1""",48.333,6,32
29,Bubba Watson,"8' 6""",76.167,9,9
30,Zach Johnson,"8' 9""",69.833,8,21
31,Brooks Koepka,"11' 5""",91.250,8,19
32,Smylie Kaufman,"11' 8""",46.667,4,19
