rank,player,Avg DTP,Total Distance (feet),# of Shots,Scrambling Rank
1,Bill Haas,"2' 5""",9.750,4,6
2,Patrick Reed,"4' 3""",42.833,10,1
3,Jordan Spieth,"5' 1""",35.667,7,3
4,Bubba Watson,"5' 4""",42.833,8,9
5,Dustin Johnson,"5' 10""",34.917,6,15
6,Peter Malnati,"6' 2""",68.250,11,11
7,Danny Lee,"6' 4""",44.583,7,15
8,Rickie Fowler,"6' 7""",46.083,7,4
9,David Lingmerth,"6' 9""",26.917,4,5
10,Brandt Snedeker,"6' 11""",41.333,6,11
11,Emiliano Grillo,"7' 0""",55.917,8,25
12,Padraig Harrington,"7' 1""",49.333,7,17
13,J.J. Henry,"7' 3""",72.250,10,30
14,Fabián Gómez,"7' 5""",66.833,9,2
15,Chris Kirk,"7' 9""",77.333,10,25
15,Troy Merritt,"7' 9""",61.917,8,32
17,Smylie Kaufman,"7' 10""",54.833,7,19
18,Brooks Koepka,"8' 8""",69.583,8,19
19,Graeme McDowell,"8' 9""",70.000,8,8
20,James Hahn,"8' 10""",88.000,10,24
21,Steven Bowditch,"8' 11""",44.417,5,7
22,Russell Knox,"9' 2""",27.500,3,11
23,Kevin Kisner,"9' 6""",47.500,5,21
24,Zach Johnson,"9' 8""",38.750,4,21
25,Jimmy Walker,"9' 9""",58.333,6,25
26,J.B. Holmes,"9' 11""",98.750,10,21
26,Davis Love III,"9' 11""",29.750,3,25
28,Matt Every,"10' 2""",60.917,6,25
29,Scott Piercy,"10' 7""",84.333,8,14
30,Jason Day,"11' 3""",112.083,10,18
31,Justin Thomas,"11' 6""",45.917,4,30
32,Alex Cejka,"13' 3""",66.167,5,9
