rank,player,Avg DTP,Total Distance (feet),# of Shots,Scrambling Rank
1,Steven Bowditch,"5' 3""",120.167,23,7
1,Jordan Spieth,"5' 3""",109.500,21,3
3,Dustin Johnson,"5' 8""",141.500,25,15
4,Bill Haas,"5' 10""",105.083,18,6
4,Russell Knox,"5' 10""",70.250,12,11
6,Kevin Kisner,"6' 0""",89.583,15,21
7,Chris Kirk,"6' 8""",153.667,23,25
7,Danny Lee,"6' 8""",173.333,26,15
9,Rickie Fowler,"6' 9""",156.083,23,4
9,Padraig Harrington,"6' 9""",155.750,23,17
11,James Hahn,"6' 10""",177.833,26,24
12,Brandt Snedeker,"6' 11""",110.333,16,11
13,David Lingmerth,"7' 0""",161.250,23,5
14,Davis Love III,"7' 2""",172.000,24,25
15,Jason Day,"7' 3""",152.833,21,18
15,Peter Malnati,"7' 3""",174.417,24,11
15,Graeme McDowell,"7' 3""",158.833,22,8
18,Patrick Reed,"7' 4""",176.083,24,1
19,Fabián Gómez,"7' 6""",142.333,19,2
20,Bubba Watson,"7' 7""",181.500,24,9
21,Zach Johnson,"7' 8""",138.083,18,21
22,Troy Merritt,"7' 11""",174.167,22,32
23,Justin Thomas,"8' 0""",191.500,24,30
24,Smylie Kaufman,"8' 4""",158.500,19,19
25,J.J. Henry,"8' 6""",220.583,26,30
26,J.B. Holmes,"8' 7""",180.333,21,21
27,Emiliano Grillo,"8' 10""",176.250,20,25
28,Brooks Koepka,"9' 1""",209.167,23,19
29,Jimmy Walker,"9' 6""",276.167,29,25
30,Alex Cejka,"10' 2""",192.500,19,9
31,Scott Piercy,"10' 4""",257.417,25,14
32,Matt Every,"10' 11""",261.917,24,25
