rank,player,Avg DTP,Total Distance (feet),# of Shots,Scrambling Rank
1,Troy Merritt,"4""",.667,2,32
2,Russell Knox,"8""",.667,1,11
3,Bubba Watson,"1' 1""",2.167,2,9
4,Jimmy Walker,"1' 8""",3.333,2,25
5,Jason Day,"1' 11""",3.750,2,18
6,James Hahn,"2' 0""",8.083,4,24
6,Chris Kirk,"2' 0""",3.917,2,25
6,Peter Malnati,"2' 0""",4.000,2,11
9,Bill Haas,"2' 1""",4.167,2,6
9,Brooks Koepka,"2' 1""",2.083,1,19
11,Graeme McDowell,"2' 3""",6.750,3,8
12,Brandt Snedeker,"2' 5""",2.417,1,11
13,Jordan Spieth,"2' 6""",7.583,3,3
14,Rickie Fowler,"2' 10""",14.083,5,4
15,Alex Cejka,"2' 11""",2.917,1,9
16,Fabián Gómez,"3' 2""",3.167,1,2
16,Padraig Harrington,"3' 2""",6.250,2,17
18,Steven Bowditch,"3' 3""",12.833,4,7
19,Kevin Kisner,"3' 4""",3.333,1,21
20,Justin Thomas,"3' 7""",14.333,4,30
21,Scott Piercy,"3' 11""",11.750,3,14
22,Zach Johnson,"4' 1""",12.333,3,21
22,Patrick Reed,"4' 1""",8.167,2,1
24,J.B. Holmes,"4' 3""",12.833,3,21
24,Danny Lee,"4' 3""",12.833,3,15
24,Davis Love III,"4' 3""",25.333,6,25
27,Dustin Johnson,"5' 0""",5.000,1,15
28,Emiliano Grillo,"5' 10""",11.583,2,25
29,J.J. Henry,"5' 11""",11.833,2,30
30,David Lingmerth,"6' 3""",43.583,7,5
31,Smylie Kaufman,"12' 11""",12.917,1,19
