rank,player,%,Successes,Attempts,RTP-Successes,RTP-Not going for the grn
1,Bo Van Pelt,45.45,5,11,-4,-1.00
2,Paul Casey,42.86,6,14,-8,-2.00
2,Lucas Glover,42.86,9,21,-11,+1.00
4,Stephen Ames,40.00,6,15,-6,-1.00
4,Sean O'Hair,40.00,8,20,-8,-2.00
4,Y.E. Yang,40.00,8,20,-6,-3.00
7,Martin Laird,36.36,8,22,-6,-3.00
8,Kenny Perry,35.71,5,14,-5,+1.00
9,Steve Stricker,33.33,4,12,-4,-2.00
10,Retief Goosen,30.00,6,20,-6,-4.00
11,Michael Bradley,28.57,2,7,-2,+5.00
11,Geoff Ogilvy,28.57,4,14,-3,-4.00
11,Nick Watney,28.57,6,21,-6,-1.00
14,Rory Sabbatini,28.00,7,25,-6,E
15,Troy Matteson,27.78,5,18,-5,+1.00
15,Pat Perez,27.78,5,18,-4,-2.00
17,Dustin Johnson,27.27,6,22,-6,+1.00
18,Ryan Moore,25.00,4,16,-5,-1.00
19,Ángel Cabrera,22.73,5,22,-4,-2.00
20,Jerry Kelly,21.43,3,14,-3,E
21,Zach Johnson,20.00,3,15,-3,-5.00
21,John Rollins,20.00,4,20,-5,+1.00
23,Matt Kuchar,17.65,3,17,-4,-2.00
24,Stewart Cink,15.38,2,13,-1,-4.00
25,Brian Gay,12.50,1,8,-1,-5.00
26,Nathan Green,10.00,1,10,-1,-2.00
27,Heath Slocum,.00,0,9,E,E
27,Mark Wilson,.00,0,14,E,E
