rank,player,%,Attempts,Non-Attempts,RTP-Going for the green,RTP-Not going for the grn
1,Rory Sabbatini,96.15,25,1,-17,E
2,Martin Laird,84.62,22,4,-13,-3
3,Ángel Cabrera,80.77,21,5,-12,-2
3,Lucas Glover,80.77,21,5,-14,+1
3,Nick Watney,80.77,21,5,-15,-1
6,Retief Goosen,76.92,20,6,-14,-4
6,Dustin Johnson,76.92,20,6,-14,+1
6,Sean O'Hair,76.92,20,6,-11,-2
6,John Rollins,76.92,20,6,-15,+1
6,Y.E. Yang,76.92,20,6,-9,-3
11,Pat Perez,69.23,18,8,-12,-2
12,Matt Kuchar,65.38,17,9,-11,-2
12,Troy Matteson,65.38,17,9,-9,+1
14,Ryan Moore,61.54,16,10,-11,-1
15,Stephen Ames,57.69,15,11,-10,-1
15,Zach Johnson,57.69,15,11,-9,-5
17,Paul Casey,53.85,14,12,-15,-2
17,Jerry Kelly,53.85,14,12,-6,E
17,Geoff Ogilvy,53.85,14,12,-9,-4
17,Kenny Perry,53.85,14,12,-10,+1
17,Mark Wilson,53.85,14,12,-6,E
22,Stewart Cink,50.00,13,13,-6,-4
23,Steve Stricker,46.15,12,14,-7,-2
24,Bo Van Pelt,42.31,11,15,-6,-1
25,Nathan Green,38.46,10,16,-2,-2
26,Heath Slocum,34.62,9,17,-6,E
27,Brian Gay,30.77,8,18,-5,-5
28,Michael Bradley,26.92,7,19,-5,+5
