rank,player,%,# of Birdie or Better,Attempts,RTP-Successes,RTP-Not going for the grn
1,Paul Casey,92.86,13,14,-15,-2.00
2,Retief Goosen,75.00,15,20,-15,-4.00
3,Michael Bradley,71.43,5,7,-5,+5.00
3,Geoff Ogilvy,71.43,10,14,-10,-4.00
3,Kenny Perry,71.43,10,14,-10,+1.00
3,Nick Watney,71.43,15,21,-15,-1.00
7,John Rollins,70.00,14,20,-15,+1.00
8,Rory Sabbatini,68.00,17,25,-17,E
9,Stephen Ames,66.67,10,15,-10,-1.00
9,Heath Slocum,66.67,6,9,-6,E
11,Dustin Johnson,63.64,14,22,-14,+1.00
11,Martin Laird,63.64,14,22,-14,-3.00
13,Brian Gay,62.50,5,8,-5,-5.00
13,Ryan Moore,62.50,10,16,-11,-1.00
15,Lucas Glover,61.90,13,21,-16,+1.00
16,Stewart Cink,61.54,8,13,-8,-4.00
17,Pat Perez,61.11,11,18,-12,-2.00
18,Zach Johnson,60.00,9,15,-9,-5.00
18,Sean O'Hair,60.00,12,20,-14,-2.00
18,Y.E. Yang,60.00,12,20,-12,-3.00
21,Ángel Cabrera,59.09,13,22,-13,-2.00
22,Matt Kuchar,58.82,10,17,-11,-2.00
23,Steve Stricker,58.33,7,12,-7,-2.00
24,Troy Matteson,55.56,10,18,-10,+1.00
25,Bo Van Pelt,54.55,6,11,-6,-1.00
26,Mark Wilson,50.00,7,14,-7,E
27,Jerry Kelly,42.86,6,14,-6,E
28,Nathan Green,30.00,3,10,-3,-2.00
