rank,player,Avg,Total Dist after GFG Shot,Total GFG Shots
1,Kenny Perry,21.0,"10,590.000",14
2,Bo Van Pelt,22.2,"8,774.000",11
3,Martin Laird,22.6,"17,862.000",22
4,Nick Watney,22.7,"17,153.000",21
5,Pat Perez,23.2,"15,002.000",18
5,Y.E. Yang,23.2,"16,675.000",20
7,Steve Stricker,23.3,"10,085.000",12
8,Ángel Cabrera,23.8,"18,855.000",22
9,Michael Bradley,24.0,"6,053.000",7
10,Stewart Cink,24.3,"11,371.000",13
11,John Rollins,24.6,"17,697.000",20
12,Dustin Johnson,24.7,"19,532.000",22
13,Paul Casey,25.8,"13,011.000",14
14,Stephen Ames,25.9,"13,988.000",15
15,Ryan Moore,26.5,"15,241.000",16
16,Matt Kuchar,27.5,"16,801.000",17
17,Zach Johnson,27.6,"14,922.000",15
18,Rory Sabbatini,28.4,"25,542.000",25
19,Jerry Kelly,30.5,"15,365.000",14
20,Lucas Glover,32.8,"24,765.000",21
21,Retief Goosen,33.0,"23,730.000",20
22,Heath Slocum,33.1,"10,712.000",9
23,Brian Gay,33.9,"9,769.000",8
24,Mark Wilson,34.8,"17,552.000",14
25,Nathan Green,36.4,"13,118.000",10
26,Sean O'Hair,37.9,"27,301.000",20
27,Troy Matteson,41.6,"26,943.000",18
28,Geoff Ogilvy,45.2,"22,802.000",14
