rank,player,Avg,Total Strokes,Total Rounds
1,Collin Morikawa,30.00,30,1
2,Matt Jones,31.00,31,1
3,Billy Horschel,32.00,32,1
3,Kevin Kisner,32.00,32,1
3,Cameron Smith,32.00,32,1
3,Jordan Spieth,32.00,32,1
3,Justin Thomas,32.00,32,1
8,Daniel Berger,33.00,33,1
8,Sam Burns,33.00,33,1
8,Stewart Cink,33.00,33,1
8,Cam Davis,33.00,33,1
8,Tony Finau,33.00,33,1
8,Viktor Hovland,33.00,33,1
8,K.H. Lee,33.00,33,1
8,Phil Mickelson,33.00,33,1
8,Kevin Na,33.00,33,1
8,Erik van Rooyen,33.00,33,1
18,Patrick Cantlay,34.00,34,1
18,Max Homa,34.00,34,1
18,Marc Leishman,34.00,34,1
18,Seamus Power,34.00,34,1
18,Jon Rahm,34.00,34,1
18,Xander Schauffele,34.00,34,1
24,Harris English,35.00,35,1
24,Talor Gooch,35.00,35,1
24,Branden Grace,35.00,35,1
24,Sungjae Im,35.00,35,1
24,Si Woo Kim,35.00,35,1
24,Brooks Koepka,35.00,35,1
24,Hideki Matsuyama,35.00,35,1
31,Abraham Ancer,36.00,36,1
31,Lucas Glover,36.00,36,1
31,Garrick Higgo,36.00,36,1
31,Jason Kokrak,36.00,36,1
31,Patrick Reed,36.00,36,1
36,Joel Dahmen,37.00,37,1
37,Bryson DeChambeau,38.00,38,1
38,Lucas Herbert,39.00,39,1
