rank,player,Low Rnd
1,Collin Morikawa,30
2,Daniel Berger,31
2,Sam Burns,31
2,Matt Jones,31
2,Brooks Koepka,31
2,Marc Leishman,31
2,Seamus Power,31
2,Justin Thomas,31
2,Erik van Rooyen,31
10,Patrick Cantlay,32
10,Stewart Cink,32
10,Bryson DeChambeau,32
10,Talor Gooch,32
10,Garrick Higgo,32
10,Max Homa,32
10,Billy Horschel,32
10,Viktor Hovland,32
10,Si Woo Kim,32
10,Kevin Kisner,32
10,Hideki Matsuyama,32
10,Phil Mickelson,32
10,Jon Rahm,32
10,Patrick Reed,32
10,Xander Schauffele,32
10,Cameron Smith,32
10,Jordan Spieth,32
27,Cam Davis,33
27,Harris English,33
27,Tony Finau,33
27,Sungjae Im,33
27,K.H. Lee,33
27,Kevin Na,33
33,Abraham Ancer,34
33,Joel Dahmen,34
33,Lucas Herbert,34
33,Jason Kokrak,34
37,Branden Grace,35
38,Lucas Glover,36
