rank,player,Avg,Total Strokes,Total Rounds
1,Sam Burns,31.00,31,1
1,Brooks Koepka,31.00,31,1
1,Seamus Power,31.00,31,1
4,Stewart Cink,32.00,32,1
4,Billy Horschel,32.00,32,1
4,Matt Jones,32.00,32,1
4,Si Woo Kim,32.00,32,1
4,Hideki Matsuyama,32.00,32,1
4,Phil Mickelson,32.00,32,1
4,Patrick Reed,32.00,32,1
11,Daniel Berger,33.00,33,1
11,Cam Davis,33.00,33,1
11,Tony Finau,33.00,33,1
11,K.H. Lee,33.00,33,1
11,Kevin Na,33.00,33,1
11,Jon Rahm,33.00,33,1
11,Cameron Smith,33.00,33,1
18,Patrick Cantlay,34.00,34,1
18,Harris English,34.00,34,1
18,Max Homa,34.00,34,1
18,Sungjae Im,34.00,34,1
18,Justin Thomas,34.00,34,1
23,Abraham Ancer,35.00,35,1
23,Joel Dahmen,35.00,35,1
23,Bryson DeChambeau,35.00,35,1
23,Kevin Kisner,35.00,35,1
23,Jason Kokrak,35.00,35,1
23,Xander Schauffele,35.00,35,1
23,Jordan Spieth,35.00,35,1
23,Erik van Rooyen,35.00,35,1
31,Lucas Glover,36.00,36,1
31,Talor Gooch,36.00,36,1
31,Branden Grace,36.00,36,1
31,Lucas Herbert,36.00,36,1
31,Viktor Hovland,36.00,36,1
31,Marc Leishman,36.00,36,1
37,Garrick Higgo,37.00,37,1
38,Collin Morikawa,38.00,38,1
