rank,player,Avg,Total Strokes,Total Holes
1,Erik van Rooyen,32.50,130,4
2,Daniel Berger,32.75,131,4
2,Cameron Smith,32.75,131,4
4,Matt Jones,33.00,132,4
4,Jon Rahm,33.00,132,4
6,Sam Burns,33.50,134,4
6,Stewart Cink,33.50,134,4
6,Max Homa,33.50,134,4
9,Patrick Cantlay,33.75,135,4
9,Viktor Hovland,33.75,135,4
9,Sungjae Im,33.75,135,4
9,Brooks Koepka,33.75,135,4
9,Marc Leishman,33.75,135,4
9,Collin Morikawa,33.75,135,4
9,Kevin Na,33.75,135,4
9,Xander Schauffele,33.75,135,4
9,Jordan Spieth,33.75,135,4
9,Justin Thomas,33.75,135,4
19,Billy Horschel,34.00,136,4
19,Kevin Kisner,34.00,136,4
19,Phil Mickelson,34.00,136,4
19,Seamus Power,34.00,136,4
23,Cam Davis,34.25,137,4
23,Garrick Higgo,34.25,137,4
23,Hideki Matsuyama,34.25,137,4
26,Tony Finau,34.50,138,4
26,Talor Gooch,34.50,138,4
26,Si Woo Kim,34.50,138,4
26,K.H. Lee,34.50,138,4
30,Bryson DeChambeau,35.00,140,4
30,Harris English,35.00,140,4
30,Patrick Reed,35.00,140,4
33,Abraham Ancer,35.25,141,4
34,Jason Kokrak,35.50,142,4
35,Joel Dahmen,35.75,143,4
36,Branden Grace,36.00,144,4
36,Lucas Herbert,36.00,144,4
38,Lucas Glover,36.25,145,4
