rank,player,Avg,Total Strokes,Total Rounds
1,Marc Leishman,31.00,31,1
1,Justin Thomas,31.00,31,1
1,Erik van Rooyen,31.00,31,1
4,Patrick Cantlay,32.00,32,1
4,Bryson DeChambeau,32.00,32,1
4,Garrick Higgo,32.00,32,1
4,Max Homa,32.00,32,1
4,Collin Morikawa,32.00,32,1
4,Jon Rahm,32.00,32,1
4,Xander Schauffele,32.00,32,1
4,Jordan Spieth,32.00,32,1
12,Harris English,33.00,33,1
12,Sungjae Im,33.00,33,1
12,Matt Jones,33.00,33,1
12,Kevin Kisner,33.00,33,1
12,Cameron Smith,33.00,33,1
17,Daniel Berger,34.00,34,1
17,Sam Burns,34.00,34,1
17,Cam Davis,34.00,34,1
17,Lucas Herbert,34.00,34,1
17,Viktor Hovland,34.00,34,1
17,Jason Kokrak,34.00,34,1
17,Patrick Reed,34.00,34,1
24,Stewart Cink,35.00,35,1
24,Tony Finau,35.00,35,1
24,Talor Gooch,35.00,35,1
24,Si Woo Kim,35.00,35,1
24,Hideki Matsuyama,35.00,35,1
24,Phil Mickelson,35.00,35,1
24,Kevin Na,35.00,35,1
24,Seamus Power,35.00,35,1
32,Abraham Ancer,36.00,36,1
32,Lucas Glover,36.00,36,1
32,Brooks Koepka,36.00,36,1
35,Joel Dahmen,37.00,37,1
35,Billy Horschel,37.00,37,1
35,K.H. Lee,37.00,37,1
38,Branden Grace,38.00,38,1
