rank,player,Avg,Total Strokes,Total Rounds
1,Daniel Berger,31.00,31,1
1,Erik van Rooyen,31.00,31,1
3,Talor Gooch,32.00,32,1
3,Garrick Higgo,32.00,32,1
3,Viktor Hovland,32.00,32,1
6,Sungjae Im,33.00,33,1
6,Brooks Koepka,33.00,33,1
6,Jon Rahm,33.00,33,1
6,Cameron Smith,33.00,33,1
10,Abraham Ancer,34.00,34,1
10,Stewart Cink,34.00,34,1
10,Joel Dahmen,34.00,34,1
10,Max Homa,34.00,34,1
10,Marc Leishman,34.00,34,1
10,Kevin Na,34.00,34,1
10,Xander Schauffele,34.00,34,1
17,Patrick Cantlay,35.00,35,1
17,Bryson DeChambeau,35.00,35,1
17,Branden Grace,35.00,35,1
17,Lucas Herbert,35.00,35,1
17,Billy Horschel,35.00,35,1
17,K.H. Lee,35.00,35,1
17,Hideki Matsuyama,35.00,35,1
17,Collin Morikawa,35.00,35,1
25,Sam Burns,36.00,36,1
25,Matt Jones,36.00,36,1
25,Si Woo Kim,36.00,36,1
25,Kevin Kisner,36.00,36,1
25,Phil Mickelson,36.00,36,1
25,Seamus Power,36.00,36,1
25,Jordan Spieth,36.00,36,1
32,Cam Davis,37.00,37,1
32,Tony Finau,37.00,37,1
32,Lucas Glover,37.00,37,1
32,Jason Kokrak,37.00,37,1
36,Harris English,38.00,38,1
36,Patrick Reed,38.00,38,1
36,Justin Thomas,38.00,38,1
