rank,player,%,Attempts,Non-Attempts,RTP-Going for the green,RTP-Not going for the grn
1,Bubba Watson,84.21,16,3,-11,E
2,Keegan Bradley,73.68,14,5,-13,E
2,Dustin Johnson,73.68,14,5,-16,-1
4,Tommy Gainey,68.42,13,6,-6,-4
4,Marc Leishman,68.42,13,6,-6,+2
4,Scott Piercy,68.42,13,6,-7,+2
4,Kyle Stanley,68.42,13,6,-4,+1
4,Nick Watney,68.42,13,6,-7,-1
9,Rickie Fowler,63.16,12,7,-9,-2
9,Bill Haas,63.16,12,7,-3,+1
9,Hunter Mahan,63.16,12,7,-3,+2
9,Ian Poulter,63.16,12,7,-7,E
9,Brandt Snedeker,63.16,12,7,-7,-2
14,Charlie Beljan,57.89,11,8,-4,+1
14,George McNeill,57.89,11,8,-6,+2
14,Scott Stallings,57.89,11,8,-6,-1
14,Steve Stricker,57.89,11,8,-5,-2
18,Matt Kuchar,52.63,10,9,-6,-3
18,Carl Pettersson,52.63,10,9,-8,-1
18,Webb Simpson,52.63,10,9,-6,-1
21,Jonas Blixt,47.37,9,10,-2,+3
21,John Huh,47.37,9,10,-7,+1
21,Zach Johnson,47.37,9,10,-5,-2
21,Johnson Wagner,47.37,9,10,-7,+1
25,Ben Curtis,42.11,8,11,-3,E
25,J.J. Henry,42.11,8,11,-4,E
25,Ryan Moore,42.11,8,11,-2,+2
25,"Ted Potter, Jr.",42.11,8,11,-2,-1
25,Mark Wilson,42.11,8,11,-1,-2
30,Jason Dufner,36.84,7,12,-4,E
