rank,player,Avg,Distance (in inches),Attempts
1,John Huh,228.2,"73,946.000",9
2,"Ted Potter, Jr.",234.4,"67,506.000",8
3,Ben Curtis,239.8,"69,074.000",8
4,Jason Dufner,240.2,"60,520.000",7
5,Scott Stallings,244.2,"96,716.000",11
6,Hunter Mahan,247.1,"106,737.000",12
7,Charlie Beljan,249.9,"98,950.000",11
8,Rickie Fowler,250.9,"108,372.000",12
9,Bill Haas,251.0,"108,426.000",12
10,Matt Kuchar,251.9,"90,699.000",10
11,Kyle Stanley,252.2,"118,009.000",13
12,Ryan Moore,252.4,"72,678.000",8
13,Tommy Gainey,254.1,"118,903.000",13
14,Carl Pettersson,256.6,"92,381.000",10
15,Jonas Blixt,257.0,"83,254.000",9
16,Zach Johnson,257.4,"83,403.000",9
17,Nick Watney,259.6,"121,489.000",13
18,Steve Stricker,260.2,"103,024.000",11
19,Keegan Bradley,261.2,"131,651.000",14
20,George McNeill,261.7,"103,639.000",11
21,Marc Leishman,266.7,"134,401.000",14
22,Scott Piercy,266.9,"124,926.000",13
23,Bubba Watson,267.0,"163,410.000",17
24,Johnson Wagner,271.2,"87,867.000",9
25,Mark Wilson,272.4,"78,462.000",8
26,Brandt Snedeker,272.7,"117,787.000",12
27,Webb Simpson,273.9,"98,589.000",10
28,Ian Poulter,277.7,"119,972.000",12
29,J.J. Henry,279.9,"80,604.000",8
30,Dustin Johnson,281.3,"162,032.000",16
