rank,player,Avg,Total Dist after GFG Shot,Total GFG Shots
1,Johnson Wagner,17.4,"5,622.000",9
2,Carl Pettersson,18.4,"6,616.000",10
3,Dustin Johnson,20.2,"11,618.000",16
4,Scott Piercy,21.5,"10,079.000",13
5,Rickie Fowler,21.9,"9,452.000",12
6,Bubba Watson,22.2,"13,558.000",17
7,John Huh,23.2,"7,521.000",9
8,Bill Haas,23.3,"10,063.000",12
9,Keegan Bradley,23.4,"11,790.000",14
10,George McNeill,23.6,"9,362.000",11
11,Kyle Stanley,23.9,"11,182.000",13
12,Charlie Beljan,24.0,"9,503.000",11
13,Ryan Moore,24.3,"7,007.000",8
14,Nick Watney,25.5,"11,931.000",13
15,Zach Johnson,26.3,"8,509.000",9
16,Steve Stricker,27.0,"10,699.000",11
17,Marc Leishman,28.1,"14,148.000",14
18,Ian Poulter,28.6,"12,341.000",12
19,Matt Kuchar,29.4,"10,570.000",10
20,"Ted Potter, Jr.",29.6,"8,536.000",8
21,Jonas Blixt,31.3,"10,148.000",9
22,Tommy Gainey,31.4,"14,706.000",13
23,J.J. Henry,31.6,"9,087.000",8
24,Webb Simpson,32.1,"11,544.000",10
25,Jason Dufner,32.3,"8,130.000",7
25,Brandt Snedeker,32.3,"13,954.000",12
27,Ben Curtis,32.8,"9,436.000",8
28,Hunter Mahan,34.5,"14,925.000",12
29,Scott Stallings,34.9,"13,803.000",11
30,Mark Wilson,35.3,"10,168.000",8
