rank,player,%,# of Birdie or Better,Attempts,RTP-Successes,RTP-Not going for the grn
1,Dustin Johnson,87.50,14,16,-16,-1.00
2,Keegan Bradley,85.71,12,14,-13,E
3,Carl Pettersson,80.00,8,10,-8,-1.00
4,John Huh,77.78,7,9,-7,+1.00
4,Johnson Wagner,77.78,7,9,-7,+1.00
6,Rickie Fowler,66.67,8,12,-9,-2.00
7,Scott Stallings,63.64,7,11,-7,-1.00
8,Matt Kuchar,60.00,6,10,-7,-3.00
8,Webb Simpson,60.00,6,10,-6,-1.00
10,Bubba Watson,58.82,10,17,-11,E
11,Ian Poulter,58.33,7,12,-7,E
11,Brandt Snedeker,58.33,7,12,-8,-2.00
13,Jason Dufner,57.14,4,7,-4,E
14,Zach Johnson,55.56,5,9,-5,-2.00
15,George McNeill,54.55,6,11,-6,+2.00
16,Scott Piercy,53.85,7,13,-8,+2.00
17,J.J. Henry,50.00,4,8,-4,E
17,Marc Leishman,50.00,7,14,-7,+2.00
19,Tommy Gainey,46.15,6,13,-6,-4.00
19,Nick Watney,46.15,6,13,-7,-1.00
21,Charlie Beljan,45.45,5,11,-5,+1.00
21,Steve Stricker,45.45,5,11,-5,-2.00
23,Jonas Blixt,44.44,4,9,-4,+3.00
24,Hunter Mahan,41.67,5,12,-5,+2.00
25,Kyle Stanley,38.46,5,13,-5,+1.00
26,Ben Curtis,37.50,3,8,-3,E
27,Bill Haas,25.00,3,12,-3,+1.00
27,Ryan Moore,25.00,2,8,-2,+2.00
27,"Ted Potter, Jr.",25.00,2,8,-2,-1.00
30,Mark Wilson,12.50,1,8,-1,-2.00
