rank,player,%,Attempts
1,Keegan Bradley,100.00,12
2,Tommy Gainey,91.67,11
2,Bill Haas,91.67,11
2,Kyle Stanley,91.67,11
2,Nick Watney,91.67,11
2,Bubba Watson,91.67,11
7,Charlie Beljan,83.33,10
7,Rickie Fowler,83.33,10
7,Marc Leishman,83.33,10
7,Hunter Mahan,83.33,10
7,Scott Piercy,83.33,10
7,Brandt Snedeker,83.33,10
7,Scott Stallings,83.33,10
14,John Huh,75.00,9
14,Dustin Johnson,75.00,9
14,Matt Kuchar,75.00,9
14,George McNeill,75.00,9
14,Carl Pettersson,75.00,9
14,Ian Poulter,75.00,9
14,Steve Stricker,75.00,9
21,Jonas Blixt,66.67,8
21,"Ted Potter, Jr.",66.67,8
21,Webb Simpson,66.67,8
24,Ben Curtis,58.33,7
24,Jason Dufner,58.33,7
24,Zach Johnson,58.33,7
24,Ryan Moore,58.33,7
24,Johnson Wagner,58.33,7
24,Mark Wilson,58.33,7
30,J.J. Henry,50.00,6
