rank,player,%,Successes,Attempts,RTP-Successes,RTP-Not going for the grn
1,Johnson Wagner,66.67,6,9,-5,+1.00
2,Scott Piercy,53.85,7,13,-7,+2.00
3,Rickie Fowler,50.00,6,12,-6,-2.00
3,Carl Pettersson,50.00,5,10,-5,-1.00
5,Kyle Stanley,46.15,6,13,-3,+1.00
6,George McNeill,45.45,5,11,-4,+2.00
6,Scott Stallings,45.45,5,11,-5,-1.00
8,John Huh,44.44,4,9,-4,+1.00
9,Dustin Johnson,43.75,7,16,-7,-1.00
10,Keegan Bradley,42.86,6,14,-5,E
10,Jason Dufner,42.86,3,7,-2,E
12,Nick Watney,38.46,5,13,-5,-1.00
13,Ryan Moore,37.50,3,8,-2,+2.00
14,Steve Stricker,36.36,4,11,-2,-2.00
15,Bill Haas,33.33,4,12,-2,+1.00
16,Bubba Watson,29.41,5,17,-6,E
17,Marc Leishman,28.57,4,14,-4,+2.00
18,Charlie Beljan,27.27,3,11,-3,+1.00
19,Ben Curtis,25.00,2,8,-2,E
19,Hunter Mahan,25.00,3,12,-3,+2.00
19,"Ted Potter, Jr.",25.00,2,8,E,-1.00
19,Brandt Snedeker,25.00,3,12,-3,-2.00
19,Mark Wilson,25.00,2,8,-1,-2.00
24,Tommy Gainey,23.08,3,13,-3,-4.00
25,Zach Johnson,22.22,2,9,-2,-2.00
26,Matt Kuchar,20.00,2,10,-3,-3.00
27,Ian Poulter,16.67,2,12,-1,E
28,Jonas Blixt,11.11,1,9,-1,+3.00
29,Webb Simpson,10.00,1,10,-1,-1.00
30,J.J. Henry,.00,0,8,E,E
