rank,player,Avg,Distance (in inches),Attempts
1,Talor Gooch,200.8,"43,383.000",6
2,Vince Whaley,202.5,"43,745.000",6
3,Patton Kizzire,210.6,"60,642.000",8
4,Sepp Straka,211.2,"60,823.000",8
5,J.T. Poston,213.2,"61,401.000",8
6,Jimmy Walker,213.6,"38,444.000",5
7,Lucas Glover,215.5,"62,065.000",8
8,Christiaan Bezuidenhout,216.8,"54,635.000",7
9,Russell Henley,219.2,"47,357.000",6
10,Russell Knox,220.4,"47,607.000",6
11,Greyson Sigg,220.7,"63,556.000",8
12,Brian Harman,222.2,"47,985.000",6
13,Webb Simpson,224.1,"48,411.000",6
14,Kyle Stanley,224.3,"56,522.000",7
15,Adam Svensson,224.7,"48,538.000",6
16,Andrew Putnam,225.8,"48,780.000",6
17,Kevin Chappell,226.8,"57,153.000",7
18,Sam Ryder,227.5,"49,138.000",6
19,Kevin Kisner,229.1,"65,980.000",8
20,Brett Drewitt,230.1,"57,991.000",7
21,Erik van Rooyen,230.5,"41,488.000",5
22,Brandt Snedeker,231.9,"50,081.000",6
23,Ryan Palmer,232.5,"83,703.000",10
24,Chris Kirk,233.7,"67,306.000",8
25,Ben Kohles,233.9,"58,954.000",7
26,Vaughn Taylor,234.3,"67,492.000",8
27,Marc Leishman,234.6,"76,008.000",9
28,Kevin Na,234.7,"59,136.000",7
29,K.H. Lee,234.8,"76,061.000",9
30,Ryan Armour,235.0,"59,210.000",7
31,Wesley Bryan,236.3,"59,549.000",7
32,Paul Barjon,237.7,"77,017.000",9
33,Cam Davis,237.9,"68,516.000",8
34,Satoshi Kodaira,238.5,"42,927.000",5
34,Henrik Norlander,238.5,"51,519.000",6
36,Jason Kokrak,238.8,"77,382.000",9
37,Seamus Power,239.1,"77,461.000",9
38,Denny McCarthy,239.4,"60,318.000",7
38,Hudson Swafford,239.4,"51,704.000",6
40,Luke Donald,240.0,"34,565.000",4
41,Dylan Wu,240.3,"77,862.000",9
42,Stewart Cink,242.6,"69,863.000",8
43,Justin Lower,243.7,"52,637.000",6
44,Sahith Theegala,244.8,"79,316.000",9
45,Brendon Todd,245.2,"52,959.000",6
46,Keita Nakajima,246.1,"62,017.000",7
47,Haotong Li,246.8,"71,084.000",8
48,Jim Furyk,247.3,"44,513.000",5
49,Charles Howell III,249.8,"80,927.000",9
49,Si Woo Kim,249.8,"89,935.000",10
51,Jim Knous,251.1,"54,248.000",6
52,Corey Conners,252.3,"81,752.000",9
53,Billy Horschel,253.7,"91,318.000",10
54,Hideki Matsuyama,254.5,"82,470.000",9
55,Maverick McNealy,254.7,"110,033.000",12
56,Harris English,256.4,"101,554.000",11
57,Keegan Bradley,257.6,"64,921.000",7
58,Kevin Tway,258.5,"74,437.000",8
59,Hayden Buckley,258.8,"93,171.000",10
60,Michael Thompson,259.8,"74,832.000",8
61,Matt Kuchar,261.7,"65,943.000",7
62,Kramer Hickok,266.7,"96,018.000",10
63,Joseph Bramlett,267.1,"96,140.000",10
64,Davis Riley,267.2,"76,950.000",8
65,Keith Mitchell,281.9,"101,467.000",10
