rank,player,%,Successes,Attempts,RTP-Successes,RTP-Not going for the grn
1,Christiaan Bezuidenhout,100.00,7,7,-8,-3.00
2,Vince Whaley,83.33,5,6,-6,-3.00
3,Ryan Palmer,80.00,8,10,-9,-1.00
3,Erik van Rooyen,80.00,4,5,-7,-2.00
5,Lucas Glover,75.00,6,8,-7,-2.00
5,Patton Kizzire,75.00,6,8,-7,E
5,Haotong Li,75.00,6,8,-6,-1.00
5,J.T. Poston,75.00,6,8,-6,-1.00
9,Paul Barjon,66.67,6,9,-5,E
9,Justin Lower,66.67,4,6,-4,-2.00
9,Hideki Matsuyama,66.67,6,9,-4,-1.00
9,Andrew Putnam,66.67,4,6,-5,-1.00
9,Sam Ryder,66.67,4,6,-5,E
9,Adam Svensson,66.67,4,6,-4,-4.00
9,Hudson Swafford,66.67,4,6,-4,E
9,Dylan Wu,66.67,6,9,-7,-2.00
17,Kevin Kisner,62.50,5,8,-4,-1.00
18,Billy Horschel,60.00,6,10,-6,-1.00
19,Ryan Armour,57.14,4,7,-4,+1.00
19,Wesley Bryan,57.14,4,7,-6,-2.00
19,Kevin Chappell,57.14,4,7,-3,-2.00
19,Brett Drewitt,57.14,4,7,-3,-2.00
19,Kevin Na,57.14,4,7,-5,-2.00
24,Corey Conners,55.56,5,9,-5,-1.00
24,Marc Leishman,55.56,5,9,-8,E
24,Sahith Theegala,55.56,5,9,-6,E
27,Luke Donald,50.00,2,4,-1,-4.00
27,Talor Gooch,50.00,3,6,-3,-1.00
27,Russell Henley,50.00,3,6,-5,-1.00
27,Chris Kirk,50.00,4,8,-4,-2.00
27,Jim Knous,50.00,3,6,-3,-1.00
27,Maverick McNealy,50.00,6,12,-8,E
27,Brandt Snedeker,50.00,3,6,-4,-1.00
27,Sepp Straka,50.00,4,8,-5,E
35,K.H. Lee,44.44,4,9,-4,E
35,Seamus Power,44.44,4,9,-4,-1.00
37,Keita Nakajima,42.86,3,7,-2,-2.00
37,Kyle Stanley,42.86,3,7,-4,+1.00
39,Hayden Buckley,40.00,4,10,-4,E
39,Si Woo Kim,40.00,4,10,-4,E
39,Jimmy Walker,40.00,2,5,-3,+1.00
42,Greyson Sigg,37.50,3,8,-3,-1.00
42,Vaughn Taylor,37.50,3,8,-3,-1.00
42,Kevin Tway,37.50,3,8,-3,E
45,Brian Harman,33.33,2,6,-2,E
45,Charles Howell III,33.33,3,9,-3,+1.00
45,Jason Kokrak,33.33,3,9,-4,E
45,Webb Simpson,33.33,2,6,-3,-1.00
45,Brendon Todd,33.33,2,6,-3,-1.00
50,Kramer Hickok,30.00,3,10,-4,-2.00
51,Keegan Bradley,28.57,2,7,-3,-1.00
51,Ben Kohles,28.57,2,7,-2,-2.00
51,Matt Kuchar,28.57,2,7,-2,E
51,Denny McCarthy,28.57,2,7,-2,-2.00
55,Harris English,27.27,3,11,-3,E
56,Stewart Cink,25.00,2,8,-2,-1.00
56,Cam Davis,25.00,2,8,-3,+1.00
56,Michael Thompson,25.00,2,8,-2,-2.00
59,Joseph Bramlett,20.00,2,10,-2,-1.00
59,Jim Furyk,20.00,1,5,-1,E
61,Russell Knox,16.67,1,6,-1,-3.00
61,Henrik Norlander,16.67,1,6,-1,-2.00
63,Davis Riley,12.50,1,8,-1,-1.00
64,Keith Mitchell,10.00,1,10,-1,-1.00
65,Satoshi Kodaira,.00,0,5,E,-1.00
