rank,player,Avg,Total Dist after GFG Shot,Total GFG Shots
1,Vince Whaley,7.6,"1,647.000",6
2,Webb Simpson,11.5,"2,494.000",6
3,Jim Knous,12.2,"2,626.000",6
4,Christiaan Bezuidenhout,12.6,"3,171.000",7
5,Wesley Bryan,12.7,"3,199.000",7
6,Lucas Glover,13.3,"3,834.000",8
7,Kyle Stanley,13.5,"3,406.000",7
8,Patton Kizzire,13.6,"3,920.000",8
9,Ryan Armour,13.7,"3,451.000",7
10,Erik van Rooyen,14.1,"2,540.000",5
11,Russell Henley,14.2,"3,063.000",6
12,Brandt Snedeker,14.8,"3,207.000",6
13,Russell Knox,15.0,"3,248.000",6
14,Sam Ryder,15.3,"3,294.000",6
15,Chris Kirk,15.4,"4,440.000",8
15,J.T. Poston,15.4,"4,436.000",8
17,Hideki Matsuyama,15.5,"5,020.000",9
18,Talor Gooch,15.6,"3,368.000",6
19,Sepp Straka,15.7,"4,533.000",8
20,Haotong Li,15.8,"4,539.000",8
20,Kevin Na,15.8,"3,974.000",7
22,Ryan Palmer,15.9,"5,708.000",10
22,Dylan Wu,15.9,"5,143.000",9
24,Adam Svensson,16.2,"3,490.000",6
25,Justin Lower,16.3,"3,512.000",6
26,Brian Harman,16.4,"3,545.000",6
26,Andrew Putnam,16.4,"3,549.000",6
28,Jimmy Walker,16.5,"2,964.000",5
29,Brett Drewitt,17.4,"4,390.000",7
30,Kevin Kisner,17.9,"5,158.000",8
30,Hudson Swafford,17.9,"3,866.000",6
32,Kevin Tway,18.3,"5,269.000",8
33,Hayden Buckley,18.6,"6,687.000",10
34,Brendon Todd,18.7,"4,045.000",6
35,Marc Leishman,18.8,"6,090.000",9
36,Jason Kokrak,19.1,"6,186.000",9
36,Vaughn Taylor,19.1,"5,489.000",8
38,Greyson Sigg,19.2,"5,517.000",8
39,Maverick McNealy,19.8,"8,573.000",12
39,Michael Thompson,19.8,"5,716.000",8
41,Sahith Theegala,19.9,"6,442.000",9
42,Keegan Bradley,20.7,"5,226.000",7
43,K.H. Lee,20.8,"6,729.000",9
44,Seamus Power,21.5,"6,956.000",9
45,Harris English,21.7,"8,602.000",11
46,Kevin Chappell,21.9,"5,508.000",7
47,Paul Barjon,22.1,"7,162.000",9
48,Jim Furyk,23.0,"4,137.000",5
48,Keita Nakajima,23.0,"5,795.000",7
50,Denny McCarthy,23.7,"5,961.000",7
51,Corey Conners,23.9,"7,737.000",9
52,Charles Howell III,24.4,"7,909.000",9
53,Luke Donald,24.8,"3,572.000",4
53,Si Woo Kim,24.8,"8,922.000",10
55,Billy Horschel,25.3,"9,109.000",10
56,Satoshi Kodaira,25.5,"4,596.000",5
57,Ben Kohles,26.5,"6,666.000",7
58,Stewart Cink,27.3,"7,863.000",8
59,Cam Davis,27.4,"7,901.000",8
60,Davis Riley,27.7,"7,972.000",8
61,Joseph Bramlett,28.0,"10,082.000",10
62,Kramer Hickok,28.5,"10,253.000",10
62,Henrik Norlander,28.5,"6,146.000",6
64,Matt Kuchar,29.2,"7,352.000",7
65,Keith Mitchell,29.7,"10,688.000",10
