rank,player,%,# of Birdie or Better,Attempts,RTP-Successes,RTP-Not going for the grn
1,Christiaan Bezuidenhout,100.00,7,7,-8,-3.00
1,Wesley Bryan,100.00,7,7,-9,-2.00
1,Jim Knous,100.00,6,6,-6,-1.00
1,Haotong Li,100.00,8,8,-8,-1.00
1,Kevin Na,100.00,7,7,-8,-2.00
1,Henrik Norlander,100.00,6,6,-6,-2.00
1,Sam Ryder,100.00,6,6,-7,E
1,Sepp Straka,100.00,8,8,-9,E
1,Adam Svensson,100.00,6,6,-6,-4.00
1,Kevin Tway,100.00,8,8,-8,E
1,Erik van Rooyen,100.00,5,5,-8,-2.00
1,Vince Whaley,100.00,6,6,-7,-3.00
13,Hayden Buckley,90.00,9,10,-9,E
14,Dylan Wu,88.89,8,9,-9,-2.00
15,Patton Kizzire,87.50,7,8,-8,E
16,Keegan Bradley,85.71,6,7,-7,-1.00
17,Talor Gooch,83.33,5,6,-5,-1.00
17,Russell Henley,83.33,5,6,-8,-1.00
17,Justin Lower,83.33,5,6,-5,-2.00
17,Andrew Putnam,83.33,5,6,-6,-1.00
17,Webb Simpson,83.33,5,6,-6,-1.00
17,Brandt Snedeker,83.33,5,6,-6,-1.00
17,Hudson Swafford,83.33,5,6,-5,E
24,Jim Furyk,80.00,4,5,-4,E
24,Billy Horschel,80.00,8,10,-8,-1.00
24,Si Woo Kim,80.00,8,10,-8,E
24,Ryan Palmer,80.00,8,10,-9,-1.00
24,Jimmy Walker,80.00,4,5,-5,+1.00
29,Charles Howell III,77.78,7,9,-7,+1.00
29,K.H. Lee,77.78,7,9,-7,E
29,Hideki Matsuyama,77.78,7,9,-7,-1.00
29,Sahith Theegala,77.78,7,9,-8,E
33,Cam Davis,75.00,6,8,-7,+1.00
33,Lucas Glover,75.00,6,8,-8,-2.00
33,Chris Kirk,75.00,6,8,-6,-2.00
33,Kevin Kisner,75.00,6,8,-6,-1.00
33,Maverick McNealy,75.00,9,12,-11,E
33,J.T. Poston,75.00,6,8,-6,-1.00
33,Greyson Sigg,75.00,6,8,-6,-1.00
33,Vaughn Taylor,75.00,6,8,-6,-1.00
33,Michael Thompson,75.00,6,8,-6,-2.00
42,Harris English,72.73,8,11,-8,E
43,Brett Drewitt,71.43,5,7,-5,-2.00
43,Ben Kohles,71.43,5,7,-5,-2.00
43,Matt Kuchar,71.43,5,7,-5,E
43,Kyle Stanley,71.43,5,7,-6,+1.00
47,Brian Harman,66.67,4,6,-4,E
47,Russell Knox,66.67,4,6,-4,-3.00
47,Jason Kokrak,66.67,6,9,-7,E
47,Seamus Power,66.67,6,9,-6,-1.00
47,Brendon Todd,66.67,4,6,-5,-1.00
52,Kramer Hickok,60.00,6,10,-7,-2.00
53,Ryan Armour,57.14,4,7,-4,+1.00
53,Kevin Chappell,57.14,4,7,-4,-2.00
53,Keita Nakajima,57.14,4,7,-4,-2.00
56,Paul Barjon,55.56,5,9,-5,E
56,Marc Leishman,55.56,5,9,-8,E
58,Stewart Cink,50.00,4,8,-4,-1.00
58,Luke Donald,50.00,2,4,-2,-4.00
58,Keith Mitchell,50.00,5,10,-5,-1.00
61,Corey Conners,44.44,4,9,-5,-1.00
62,Satoshi Kodaira,40.00,2,5,-2,-1.00
63,Denny McCarthy,28.57,2,7,-2,-2.00
64,Davis Riley,25.00,2,8,-2,-1.00
65,Joseph Bramlett,20.00,2,10,-2,-1.00
