rank,player,%,Attempts,Non-Attempts,RTP-Going for the green,RTP-Not going for the grn
1,Maverick McNealy,100.00,12,0,-11,E
2,Harris English,91.67,11,1,-8,E
3,Joseph Bramlett,83.33,10,2,-1,-1
3,Hayden Buckley,83.33,10,2,-9,E
3,Kramer Hickok,83.33,10,2,-7,-2
3,Billy Horschel,83.33,10,2,-8,-1
3,Si Woo Kim,83.33,10,2,-8,E
3,Keith Mitchell,83.33,10,2,-5,-1
3,Ryan Palmer,83.33,10,2,-9,-1
10,Paul Barjon,75.00,9,3,-4,E
10,Corey Conners,75.00,9,3,-5,-1
10,Charles Howell III,75.00,9,3,-7,+1
10,Jason Kokrak,75.00,9,3,-7,E
10,K.H. Lee,75.00,9,3,-7,E
10,Marc Leishman,75.00,9,3,-8,E
10,Hideki Matsuyama,75.00,9,3,-7,-1
10,Seamus Power,75.00,9,3,-6,-1
10,Sahith Theegala,75.00,9,3,-8,E
10,Dylan Wu,75.00,9,3,-9,-2
20,Stewart Cink,66.67,8,4,-4,-1
20,Cam Davis,66.67,8,4,-7,+1
20,Lucas Glover,66.67,8,4,-8,-2
20,Chris Kirk,66.67,8,4,-6,-2
20,Kevin Kisner,66.67,8,4,-6,-1
20,Patton Kizzire,66.67,8,4,-8,E
20,Haotong Li,66.67,8,4,-8,-1
20,J.T. Poston,66.67,8,4,-5,-1
20,Davis Riley,66.67,8,4,-1,-1
20,Greyson Sigg,66.67,8,4,-6,-1
20,Sepp Straka,66.67,8,4,-9,E
20,Vaughn Taylor,66.67,8,4,-6,-1
20,Michael Thompson,66.67,8,4,-6,-2
20,Kevin Tway,66.67,8,4,-8,E
34,Ryan Armour,58.33,7,5,-4,+1
34,Christiaan Bezuidenhout,58.33,7,5,-8,-3
34,Keegan Bradley,58.33,7,5,-7,-1
34,Wesley Bryan,58.33,7,5,-9,-2
34,Kevin Chappell,58.33,7,5,-4,-2
34,Brett Drewitt,58.33,7,5,-5,-2
34,Ben Kohles,58.33,7,5,-5,-2
34,Matt Kuchar,58.33,7,5,-5,E
34,Denny McCarthy,58.33,7,5,-2,-2
34,Kevin Na,58.33,7,5,-8,-2
34,Keita Nakajima,58.33,7,5,-4,-2
34,Kyle Stanley,58.33,7,5,-6,+1
46,Talor Gooch,50.00,6,6,-5,-1
46,Brian Harman,50.00,6,6,-4,E
46,Russell Henley,50.00,6,6,-8,-1
46,Jim Knous,50.00,6,6,-6,-1
46,Russell Knox,50.00,6,6,-4,-3
46,Justin Lower,50.00,6,6,-5,-2
46,Henrik Norlander,50.00,6,6,-6,-2
46,Andrew Putnam,50.00,6,6,-6,-1
46,Sam Ryder,50.00,6,6,-7,E
46,Webb Simpson,50.00,6,6,-5,-1
46,Brandt Snedeker,50.00,6,6,-6,-1
46,Adam Svensson,50.00,6,6,-6,-4
46,Hudson Swafford,50.00,6,6,-5,E
46,Brendon Todd,50.00,6,6,-5,-1
46,Vince Whaley,50.00,6,6,-7,-3
61,Jim Furyk,41.67,5,7,-4,E
61,Satoshi Kodaira,41.67,5,7,-2,-1
61,Erik van Rooyen,41.67,5,7,-8,-2
61,Jimmy Walker,41.67,5,7,-5,+1
65,Luke Donald,33.33,4,8,-2,-4
