rank,player,% Made,Attempts,Putts made
1,Carl Pettersson,91.23,57,52
2,Tommy Gainey,90.91,55,50
2,Hunter Mahan,90.91,55,50
4,J.J. Henry,89.09,55,49
4,Dustin Johnson,89.09,55,49
6,Ian Poulter,87.27,55,48
7,Brandt Snedeker,85.45,55,47
8,Bubba Watson,85.25,61,52
9,Keegan Bradley,85.19,54,46
10,Scott Stallings,85.00,60,51
11,Steve Stricker,84.21,57,48
12,John Huh,84.13,63,53
13,Rickie Fowler,83.33,60,50
13,Webb Simpson,83.33,60,50
13,Johnson Wagner,83.33,60,50
16,Mark Wilson,83.05,59,49
17,George McNeill,82.81,64,53
17,Ryan Moore,82.81,64,53
19,Zach Johnson,82.76,58,48
20,"Ted Potter, Jr.",82.46,57,47
21,Jason Dufner,82.26,62,51
22,Matt Kuchar,81.97,61,50
22,Nick Watney,81.97,61,50
24,Ben Curtis,80.95,63,51
25,Charlie Beljan,79.69,64,51
25,Jonas Blixt,79.69,64,51
27,Scott Piercy,79.37,63,50
28,Bill Haas,77.94,68,53
29,Marc Leishman,76.92,65,50
29,Kyle Stanley,76.92,65,50
