rank,player,% Made,Attempts,Putts made
1,Brandt Snedeker,13.33,15,2
2,Ian Poulter,7.14,14,1
3,Jonas Blixt,6.67,15,1
3,"Ted Potter, Jr.",6.67,15,1
5,Bubba Watson,6.25,16,1
6,Jason Dufner,5.88,17,1
6,Tommy Gainey,5.88,17,1
6,Zach Johnson,5.88,17,1
6,Johnson Wagner,5.88,17,1
10,Mark Wilson,5.26,19,1
11,Nick Watney,5.00,20,1
12,J.J. Henry,4.55,22,1
13,Charlie Beljan,.00,17,-
13,Keegan Bradley,.00,18,-
13,Ben Curtis,.00,14,-
13,Rickie Fowler,.00,16,-
13,Bill Haas,.00,12,-
13,John Huh,.00,23,-
13,Dustin Johnson,.00,16,-
13,Matt Kuchar,.00,17,-
13,Marc Leishman,.00,15,-
13,Hunter Mahan,.00,19,-
13,George McNeill,.00,25,-
13,Ryan Moore,.00,15,-
13,Carl Pettersson,.00,18,-
13,Scott Piercy,.00,18,-
13,Webb Simpson,.00,12,-
13,Scott Stallings,.00,13,-
13,Kyle Stanley,.00,20,-
13,Steve Stricker,.00,13,-
