rank,player,% Made,Attempts,Putts made
1,John Huh,100.00,1,1
1,Hunter Mahan,100.00,1,1
1,George McNeill,100.00,1,1
1,"Ted Potter, Jr.",100.00,1,1
5,Tommy Gainey,75.00,4,3
5,Ian Poulter,75.00,4,3
5,Bubba Watson,75.00,4,3
8,Jonas Blixt,50.00,2,1
8,Jason Dufner,50.00,2,1
8,Mark Wilson,50.00,2,1
11,Dustin Johnson,33.33,3,1
12,Kyle Stanley,25.00,4,1
12,Nick Watney,25.00,4,1
14,Charlie Beljan,.00,1,0
14,Ben Curtis,.00,1,0
14,Rickie Fowler,.00,1,0
14,Bill Haas,.00,1,0
14,Zach Johnson,.00,2,0
14,Matt Kuchar,.00,2,0
14,Marc Leishman,.00,1,0
14,Ryan Moore,.00,3,0
14,Carl Pettersson,.00,1,0
14,Scott Piercy,.00,2,0
14,Webb Simpson,.00,3,0
14,Brandt Snedeker,.00,1,0
14,Scott Stallings,.00,2,0
