rank,player,% Made,Attempts,Putts made
1,Jonas Blixt,100.00,39,39
1,Keegan Bradley,100.00,37,37
1,Ben Curtis,100.00,39,39
1,Tommy Gainey,100.00,32,32
1,J.J. Henry,100.00,36,36
1,Dustin Johnson,100.00,31,31
1,Zach Johnson,100.00,40,40
1,Matt Kuchar,100.00,34,34
1,Marc Leishman,100.00,36,36
1,Ryan Moore,100.00,44,44
1,"Ted Potter, Jr.",100.00,32,32
1,Webb Simpson,100.00,38,38
1,Brandt Snedeker,100.00,34,34
1,Kyle Stanley,100.00,38,38
1,Nick Watney,100.00,40,40
1,Bubba Watson,100.00,38,38
1,Mark Wilson,100.00,36,36
18,Carl Pettersson,97.62,42,41
19,Bill Haas,97.56,41,40
20,George McNeill,97.30,37,36
21,Hunter Mahan,97.22,36,35
21,Scott Stallings,97.22,36,35
23,John Huh,97.06,34,33
23,Scott Piercy,97.06,34,33
23,Ian Poulter,97.06,34,33
26,Jason Dufner,96.97,33,32
26,Rickie Fowler,96.97,33,32
26,Steve Stricker,96.97,33,32
29,Johnson Wagner,94.87,39,37
30,Charlie Beljan,94.59,37,35
