rank,player,% Made,Attempts,Putts Made
1,Brandt Snedeker,18.42,38,7
2,Ian Poulter,17.14,35,6
3,Keegan Bradley,16.28,43,7
4,"Ted Potter, Jr.",14.29,35,5
5,Steve Stricker,13.89,36,5
6,Mark Wilson,13.16,38,5
7,Matt Kuchar,12.50,32,4
8,Zach Johnson,12.20,41,5
9,Rickie Fowler,12.12,33,4
10,J.J. Henry,11.90,42,5
11,Marc Leishman,11.43,35,4
12,Webb Simpson,10.81,37,4
13,Nick Watney,10.53,38,4
14,Johnson Wagner,10.00,40,4
15,Tommy Gainey,9.76,41,4
16,Jonas Blixt,9.09,33,3
17,Kyle Stanley,8.70,46,4
18,Jason Dufner,8.57,35,3
18,Scott Piercy,8.57,35,3
20,Charlie Beljan,8.33,36,3
21,Dustin Johnson,8.11,37,3
22,Scott Stallings,7.89,38,3
23,Hunter Mahan,7.69,39,3
24,Ben Curtis,5.88,34,2
25,Bubba Watson,5.56,36,2
26,Carl Pettersson,4.88,41,2
27,Ryan Moore,2.78,36,1
28,John Huh,2.50,40,1
29,George McNeill,2.38,42,1
30,Bill Haas,.00,33,-
