rank,player,% Made,Attempts,Putts Made
1,Brandt Snedeker,17.39,23,4
2,Jonas Blixt,10.00,20,2
3,Steve Stricker,9.09,22,2
4,Zach Johnson,8.33,24,2
5,Nick Watney,7.41,27,2
6,"Ted Potter, Jr.",5.56,18,1
7,Rickie Fowler,5.26,19,1
7,Bubba Watson,5.26,19,1
9,Webb Simpson,4.76,21,1
9,Johnson Wagner,4.76,21,1
11,Keegan Bradley,4.55,22,1
11,Matt Kuchar,4.55,22,1
11,Ian Poulter,4.55,22,1
14,Mark Wilson,4.35,23,1
15,Jason Dufner,4.17,24,1
16,Tommy Gainey,4.00,25,1
16,J.J. Henry,4.00,25,1
18,Carl Pettersson,3.85,26,1
19,John Huh,3.57,28,1
20,Charlie Beljan,.00,21,-
20,Ben Curtis,.00,21,-
20,Bill Haas,.00,16,-
20,Dustin Johnson,.00,22,-
20,Marc Leishman,.00,17,-
20,Hunter Mahan,.00,23,-
20,George McNeill,.00,27,-
20,Ryan Moore,.00,17,-
20,Scott Piercy,.00,23,-
20,Scott Stallings,.00,20,-
20,Kyle Stanley,.00,24,-
