rank,player,%,Attempts,Putts made
1,Mark Wilson,100.00,44,44
2,Dustin Johnson,97.78,45,44
3,J.J. Henry,97.73,44,43
4,Ian Poulter,97.62,42,41
5,Carl Pettersson,96.00,50,48
6,Ryan Moore,95.92,49,47
7,Hunter Mahan,95.74,47,45
8,Nick Watney,95.56,45,43
9,Rickie Fowler,95.24,42,40
9,Tommy Gainey,95.24,42,40
11,John Huh,94.23,52,49
12,Ben Curtis,94.12,51,48
13,Scott Piercy,93.88,49,46
13,Webb Simpson,93.88,49,46
13,Bubba Watson,93.88,49,46
16,Scott Stallings,93.75,48,45
17,Brandt Snedeker,93.48,46,43
18,Keegan Bradley,93.33,45,42
19,Bill Haas,92.16,51,47
19,Zach Johnson,92.16,51,47
21,Jonas Blixt,91.84,49,45
22,Johnson Wagner,91.67,48,44
23,Matt Kuchar,90.91,44,40
24,George McNeill,90.38,52,47
25,Jason Dufner,89.80,49,44
26,Kyle Stanley,89.58,48,43
26,Steve Stricker,89.58,48,43
28,Marc Leishman,89.36,47,42
29,"Ted Potter, Jr.",87.50,48,42
30,Charlie Beljan,86.79,53,46
