rank,player,% Made,Attempts,Putts made
1,Jonas Blixt,100.00,1,1
1,Tommy Gainey,100.00,1,1
1,Matt Kuchar,100.00,1,1
1,Scott Stallings,100.00,1,1
5,Hunter Mahan,75.00,4,3
6,Jason Dufner,66.67,3,2
6,Rickie Fowler,66.67,3,2
6,J.J. Henry,66.67,3,2
6,Ryan Moore,66.67,6,4
6,Ian Poulter,66.67,3,2
11,Keegan Bradley,50.00,2,1
11,Johnson Wagner,50.00,2,1
11,Mark Wilson,50.00,2,1
14,Nick Watney,40.00,5,2
15,Bubba Watson,33.33,3,1
16,John Huh,25.00,4,1
16,George McNeill,25.00,4,1
16,Scott Piercy,25.00,4,1
16,Steve Stricker,25.00,4,1
20,Charlie Beljan,.00,1,0
20,Ben Curtis,.00,2,0
20,Bill Haas,.00,2,0
20,Zach Johnson,.00,1,0
20,Marc Leishman,.00,2,0
20,Webb Simpson,.00,2,0
20,Brandt Snedeker,.00,2,0
20,Kyle Stanley,.00,2,0
