rank,player,% Made,Attempts,Putts made
1,Tommy Gainey,100.00,4,4
1,J.J. Henry,100.00,1,1
1,George McNeill,100.00,3,3
1,Ian Poulter,100.00,2,2
1,Webb Simpson,100.00,2,2
1,Brandt Snedeker,100.00,2,2
1,Steve Stricker,100.00,2,2
8,Rickie Fowler,85.71,7,6
9,Matt Kuchar,83.33,6,5
10,Carl Pettersson,75.00,4,3
11,Nick Watney,66.67,3,2
12,Bill Haas,60.00,5,3
12,Marc Leishman,60.00,5,3
14,Keegan Bradley,50.00,2,1
14,Hunter Mahan,50.00,2,1
14,Scott Stallings,50.00,2,1
14,Kyle Stanley,50.00,6,3
18,Scott Piercy,40.00,5,2
18,Mark Wilson,40.00,5,2
20,Charlie Beljan,33.33,3,1
20,Jason Dufner,33.33,3,1
20,Dustin Johnson,33.33,3,1
23,Jonas Blixt,25.00,8,2
23,Ben Curtis,25.00,4,1
25,John Huh,.00,1,0
25,Zach Johnson,.00,2,0
25,Ryan Moore,.00,2,0
25,"Ted Potter, Jr.",.00,1,0
25,Johnson Wagner,.00,2,0
