rank,player,% Made,Attempts,Putts made
1,Matt Kuchar,56.52,23,13
2,Tommy Gainey,54.55,22,12
3,Rickie Fowler,48.00,25,12
4,Ian Poulter,47.37,19,9
5,"Ted Potter, Jr.",47.06,17,8
6,Jason Dufner,45.00,20,9
7,J.J. Henry,42.11,19,8
8,Steve Stricker,41.18,17,7
9,Hunter Mahan,40.00,15,6
9,Nick Watney,40.00,20,8
11,Keegan Bradley,39.13,23,9
12,Dustin Johnson,38.89,18,7
13,Mark Wilson,38.10,21,8
14,Marc Leishman,35.71,28,10
15,Brandt Snedeker,35.00,20,7
16,Charlie Beljan,34.78,23,8
16,Johnson Wagner,34.78,23,8
18,Scott Stallings,32.00,25,8
19,Scott Piercy,31.82,22,7
20,Webb Simpson,31.25,16,5
21,George McNeill,30.43,23,7
22,Jonas Blixt,30.00,20,6
23,Carl Pettersson,29.41,17,5
23,Kyle Stanley,29.41,34,10
25,Bubba Watson,28.57,21,6
26,Ryan Moore,26.92,26,7
27,Zach Johnson,25.00,16,4
28,Bill Haas,23.08,26,6
29,John Huh,22.22,18,4
30,Ben Curtis,20.00,20,4
