rank,player,% Made,Attempts,Putts made
1,Matt Kuchar,50.00,6,3
1,Mark Wilson,50.00,6,3
3,Scott Piercy,37.50,8,3
3,"Ted Potter, Jr.",37.50,8,3
5,Keegan Bradley,35.71,14,5
6,Zach Johnson,33.33,9,3
6,Ian Poulter,33.33,6,2
8,Jason Dufner,28.57,7,2
8,Rickie Fowler,28.57,7,2
10,Brandt Snedeker,27.27,11,3
11,Charlie Beljan,25.00,12,3
11,J.J. Henry,25.00,8,2
11,Dustin Johnson,25.00,8,2
11,Steve Stricker,25.00,8,2
11,Nick Watney,25.00,4,1
16,Tommy Gainey,22.22,9,2
17,Marc Leishman,20.00,10,2
17,Webb Simpson,20.00,5,1
19,Johnson Wagner,18.18,11,2
20,Kyle Stanley,17.65,17,3
21,Scott Stallings,15.38,13,2
22,Hunter Mahan,14.29,7,1
23,Ben Curtis,12.50,8,1
24,Carl Pettersson,10.00,10,1
25,George McNeill,9.09,11,1
25,Ryan Moore,9.09,11,1
27,Jonas Blixt,.00,5,-
27,Bill Haas,.00,9,-
27,John Huh,.00,7,-
27,Bubba Watson,.00,9,-
