rank,player,% Made,Attempts,Putts made
1,Ben Curtis,100.00,3,3
1,Rickie Fowler,100.00,2,2
1,Tommy Gainey,100.00,5,5
1,J.J. Henry,100.00,1,1
1,Hunter Mahan,100.00,4,4
1,Carl Pettersson,100.00,1,1
1,Ian Poulter,100.00,5,5
1,Kyle Stanley,100.00,3,3
1,Johnson Wagner,100.00,3,3
1,Nick Watney,100.00,2,2
1,Mark Wilson,100.00,3,3
12,Brandt Snedeker,85.71,7,6
12,Steve Stricker,85.71,7,6
14,Dustin Johnson,80.00,5,4
14,Scott Piercy,80.00,5,4
16,John Huh,77.78,9,7
17,Scott Stallings,71.43,7,5
18,Charlie Beljan,66.67,6,4
18,Jason Dufner,66.67,6,4
18,Marc Leishman,66.67,6,4
18,George McNeill,66.67,3,2
18,"Ted Potter, Jr.",66.67,9,6
18,Bubba Watson,66.67,3,2
24,Webb Simpson,60.00,5,3
25,Zach Johnson,57.14,7,4
26,Matt Kuchar,50.00,4,2
26,Ryan Moore,50.00,2,1
28,Jonas Blixt,40.00,5,2
28,Keegan Bradley,40.00,5,2
30,Bill Haas,33.33,3,1
