rank,player,% Made,Attempts,Putts made
1,Tommy Gainey,92.31,13,12
2,Hunter Mahan,80.00,10,8
3,Rickie Fowler,76.92,13,10
4,Carl Pettersson,71.43,7,5
5,J.J. Henry,70.00,10,7
5,Dustin Johnson,70.00,10,7
5,Johnson Wagner,70.00,10,7
8,Matt Kuchar,66.67,15,10
8,Brandt Snedeker,66.67,15,10
8,Steve Stricker,66.67,15,10
11,Ian Poulter,64.29,14,9
12,Jason Dufner,62.50,16,10
12,"Ted Potter, Jr.",62.50,16,10
14,Scott Stallings,61.54,13,8
15,Webb Simpson,58.33,12,7
15,Nick Watney,58.33,12,7
17,Marc Leishman,57.89,19,11
18,Kyle Stanley,57.14,14,8
19,Ryan Moore,54.55,11,6
20,George McNeill,53.85,13,7
20,Mark Wilson,53.85,13,7
22,Charlie Beljan,53.33,15,8
23,John Huh,52.94,17,9
24,Scott Piercy,46.67,15,7
25,Keegan Bradley,46.15,13,6
26,Ben Curtis,41.67,12,5
27,Jonas Blixt,37.50,16,6
27,Bill Haas,37.50,16,6
29,Zach Johnson,36.36,11,4
30,Bubba Watson,33.33,9,3
