rank,player,Putts Made
1,Keegan Bradley,7.0
1,Brandt Snedeker,7.0
3,Ian Poulter,6.0
4,J.J. Henry,5.0
4,Zach Johnson,5.0
4,"Ted Potter, Jr.",5.0
4,Steve Stricker,5.0
4,Mark Wilson,5.0
9,Rickie Fowler,4.0
9,Tommy Gainey,4.0
9,Matt Kuchar,4.0
9,Marc Leishman,4.0
9,Webb Simpson,4.0
9,Kyle Stanley,4.0
9,Johnson Wagner,4.0
9,Nick Watney,4.0
17,Charlie Beljan,3.0
17,Jonas Blixt,3.0
17,Jason Dufner,3.0
17,Dustin Johnson,3.0
17,Hunter Mahan,3.0
17,Scott Piercy,3.0
17,Scott Stallings,3.0
24,Ben Curtis,2.0
24,Carl Pettersson,2.0
24,Bubba Watson,2.0
27,John Huh,1.0
27,George McNeill,1.0
27,Ryan Moore,1.0
30,Bill Haas,.0
