rank,player,% Made,Attempts,Putts made
1,Keegan Bradley,100.00,3,3
1,John Huh,100.00,9,9
1,Dustin Johnson,100.00,9,9
1,Ian Poulter,100.00,3,3
1,Scott Stallings,100.00,5,5
1,Mark Wilson,100.00,5,5
7,Scott Piercy,90.00,10,9
8,Rickie Fowler,85.71,7,6
8,Bill Haas,85.71,7,6
8,J.J. Henry,85.71,7,6
8,Hunter Mahan,85.71,7,6
8,Carl Pettersson,85.71,7,6
13,Webb Simpson,83.33,6,5
14,Jonas Blixt,80.00,5,4
14,Jason Dufner,80.00,10,8
16,Zach Johnson,75.00,4,3
16,George McNeill,75.00,12,9
16,Bubba Watson,75.00,8,6
19,Charlie Beljan,70.00,10,7
20,Ben Curtis,66.67,9,6
20,Matt Kuchar,66.67,6,4
20,Ryan Moore,66.67,3,2
20,Johnson Wagner,66.67,6,4
24,Steve Stricker,62.50,8,5
25,Tommy Gainey,60.00,5,3
25,Brandt Snedeker,60.00,5,3
27,"Ted Potter, Jr.",57.14,7,4
28,Marc Leishman,40.00,5,2
29,Nick Watney,33.33,3,1
30,Kyle Stanley,28.57,7,2
