rank,player,% Made,Attempts,Putts made
1,Ian Poulter,100.00,8,8
1,Mark Wilson,100.00,8,8
3,Dustin Johnson,92.86,14,13
4,Hunter Mahan,90.91,11,10
5,Rickie Fowler,88.89,9,8
5,John Huh,88.89,18,16
7,J.J. Henry,87.50,8,7
7,Carl Pettersson,87.50,8,7
9,Scott Piercy,86.67,15,13
10,Scott Stallings,83.33,12,10
11,Tommy Gainey,80.00,10,8
12,Johnson Wagner,77.78,9,7
13,Ben Curtis,75.00,12,9
13,Jason Dufner,75.00,16,12
13,Brandt Snedeker,75.00,12,9
16,George McNeill,73.33,15,11
16,Steve Stricker,73.33,15,11
18,Webb Simpson,72.73,11,8
18,Bubba Watson,72.73,11,8
20,Bill Haas,70.00,10,7
21,Charlie Beljan,68.75,16,11
22,Zach Johnson,63.64,11,7
23,Keegan Bradley,62.50,8,5
23,"Ted Potter, Jr.",62.50,16,10
25,Jonas Blixt,60.00,10,6
25,Matt Kuchar,60.00,10,6
25,Ryan Moore,60.00,5,3
25,Nick Watney,60.00,5,3
29,Marc Leishman,54.55,11,6
30,Kyle Stanley,50.00,10,5
