rank,player,Putts Made
1,Brandt Snedeker,4.0
2,Jonas Blixt,2.0
2,Zach Johnson,2.0
2,Steve Stricker,2.0
2,Nick Watney,2.0
6,Keegan Bradley,1.0
6,Jason Dufner,1.0
6,Rickie Fowler,1.0
6,Tommy Gainey,1.0
6,J.J. Henry,1.0
6,John Huh,1.0
6,Matt Kuchar,1.0
6,Carl Pettersson,1.0
6,"Ted Potter, Jr.",1.0
6,Ian Poulter,1.0
6,Webb Simpson,1.0
6,Johnson Wagner,1.0
6,Bubba Watson,1.0
6,Mark Wilson,1.0
20,Charlie Beljan,.0
20,Ben Curtis,.0
20,Bill Haas,.0
20,Dustin Johnson,.0
20,Marc Leishman,.0
20,Hunter Mahan,.0
20,George McNeill,.0
20,Ryan Moore,.0
20,Scott Piercy,.0
20,Scott Stallings,.0
20,Kyle Stanley,.0
