rank,player,%,Greens Hit,Total Holes,Relative to par
1,Vijay Singh,85.71,6,7,E
2,K.J. Choi,83.33,10,12,-0.10
3,Kenny Perry,76.92,10,13,+0.10
3,Ted Purdy,76.92,10,13,-0.20
5,Bart Bryant,66.67,8,12,E
6,Vaughn Taylor,61.54,8,13,+0.13
7,Stuart Appleby,55.56,5,9,+0.40
8,Heath Slocum,54.55,6,11,-0.17
9,Jason Bohn,53.85,7,13,+0.29
10,Mark Calcavecchia,50.00,5,10,-0.20
10,Michael Campbell,50.00,4,8,-0.25
10,Jim Furyk,50.00,7,14,E
13,Sean O'Hair,46.15,6,13,E
13,David Toms,46.15,6,13,E
15,Sergio Garcia,42.86,3,7,E
16,Tim Petrovic,41.67,5,12,-0.20
16,Carl Pettersson,41.67,5,12,+0.40
18,Lucas Glover,40.00,4,10,-0.50
18,Justin Leonard,40.00,6,15,-0.33
18,Geoff Ogilvy,40.00,4,10,E
21,Olin Browne,35.71,5,14,-0.40
21,Peter Lonard,35.71,5,14,+0.20
23,Brad Faxon,33.33,6,18,E
23,"Wes Short, Jr.",33.33,3,9,-0.33
25,Robert Gamez,28.57,4,14,E
26,Ben Crane,23.08,3,13,+0.33
27,Jason Gore,18.18,2,11,E
28,Fred Funk,17.65,3,17,+0.33
