rank,player,%,Greens Hit,Total Holes,Relative to par
1,Geoff Ogilvy,93.55,29,31,-0.41
2,Carl Pettersson,87.88,29,33,-0.34
3,Lucas Glover,87.50,35,40,-0.46
4,Jim Furyk,86.21,25,29,-0.40
5,Vaughn Taylor,85.71,30,35,-0.27
6,Robert Gamez,84.38,27,32,-0.30
7,Bart Bryant,83.33,30,36,-0.23
7,Sergio Garcia,83.33,30,36,-0.33
9,Jason Gore,82.86,29,35,-0.17
10,Jason Bohn,82.35,28,34,-0.29
11,Vijay Singh,81.58,31,38,-0.48
12,Peter Lonard,81.25,26,32,-0.23
13,Michael Campbell,81.08,30,37,-0.30
14,Justin Leonard,79.41,27,34,-0.15
15,Olin Browne,78.57,22,28,-0.27
16,"Wes Short, Jr.",77.14,27,35,-0.19
17,Stuart Appleby,76.47,26,34,-0.50
17,Mark Calcavecchia,76.47,26,34,-0.31
19,Brad Faxon,76.00,19,25,-0.32
20,Sean O'Hair,75.76,25,33,-0.32
20,Tim Petrovic,75.76,25,33,-0.24
22,Heath Slocum,75.68,28,37,-0.07
23,K.J. Choi,72.22,26,36,-0.35
24,David Toms,70.59,24,34,-0.38
25,Ted Purdy,70.27,26,37,-0.27
26,Ben Crane,70.00,21,30,-0.19
27,Fred Funk,69.23,18,26,-0.11
28,Kenny Perry,63.64,21,33,-0.29
