rank,player,%,Greens Hit,Total Holes,Relative to par
1,Stuart Appleby,100.00,9,9,-0.11
2,Heath Slocum,88.89,8,9,E
3,Bart Bryant,87.50,7,8,E
4,Jim Furyk,86.67,13,15,-0.08
5,Vaughn Taylor,80.00,8,10,E
6,David Toms,75.00,9,12,-0.11
7,Geoff Ogilvy,72.73,8,11,+0.25
8,Peter Lonard,70.00,7,10,+0.29
8,Kenny Perry,70.00,7,10,-0.29
10,Fred Funk,69.23,9,13,+0.11
11,Sergio Garcia,62.50,5,8,+0.40
12,Sean O'Hair,60.00,6,10,+0.67
12,"Wes Short, Jr.",60.00,6,10,-0.17
14,Brad Faxon,57.14,4,7,-0.50
14,Vijay Singh,57.14,4,7,-0.25
16,Justin Leonard,55.56,5,9,-0.20
17,Ben Crane,50.00,6,12,E
17,Carl Pettersson,50.00,5,10,E
17,Ted Purdy,50.00,2,4,E
20,Mark Calcavecchia,44.44,4,9,E
20,Robert Gamez,44.44,4,9,-0.25
22,Lucas Glover,42.86,3,7,+0.33
23,Jason Bohn,40.00,4,10,E
23,Michael Campbell,40.00,2,5,E
25,Olin Browne,35.71,5,14,E
26,Tim Petrovic,33.33,4,12,-0.25
27,K.J. Choi,28.57,2,7,+0.50
28,Jason Gore,16.67,1,6,E
