rank,player,%,Greens Hit,Total Holes,Relative to par
1,Jason Bohn,100.00,4,4,E
2,Vaughn Taylor,92.86,13,14,-0.23
3,Geoff Ogilvy,90.91,10,11,-0.10
4,Lucas Glover,90.00,9,10,-0.22
5,Robert Gamez,88.89,8,9,E
6,Mark Calcavecchia,80.00,4,5,-0.25
6,Sergio Garcia,80.00,4,5,-0.25
6,Carl Pettersson,80.00,4,5,E
6,Vijay Singh,80.00,4,5,-0.25
10,Olin Browne,77.78,7,9,-0.29
11,Bart Bryant,76.92,10,13,-0.20
11,Justin Leonard,76.92,10,13,-0.30
13,Ben Crane,75.00,6,8,-0.33
13,Jim Furyk,75.00,6,8,-0.33
13,Peter Lonard,75.00,6,8,E
13,Ted Purdy,75.00,9,12,E
17,Michael Campbell,66.67,2,3,E
17,Sean O'Hair,66.67,4,6,-0.25
17,"Wes Short, Jr.",66.67,6,9,+0.17
20,Jason Gore,62.50,5,8,E
21,K.J. Choi,57.14,4,7,-0.25
21,Fred Funk,57.14,4,7,-0.25
23,Stuart Appleby,50.00,2,4,E
23,Brad Faxon,50.00,2,4,-0.50
23,Kenny Perry,50.00,5,10,-0.40
23,Heath Slocum,50.00,3,6,E
23,David Toms,50.00,2,4,E
28,Tim Petrovic,44.44,4,9,-0.25
