rank,player,%,Greens Hit,# Holes,Relative/Par
1,Stuart Appleby,100.0,1,1,E
1,Lucas Glover,100.0,1,1,E
1,"Wes Short, Jr.",100.0,1,1,E
1,Vaughn Taylor,100.0,1,1,E
5,Bart Bryant,80.0,4,5,+1.00
5,Peter Lonard,80.0,4,5,E
7,Michael Campbell,66.7,2,3,E
7,Robert Gamez,66.7,2,3,+1.00
9,Jason Bohn,50.0,1,2,E
9,Geoff Ogilvy,50.0,1,2,E
9,Heath Slocum,50.0,1,2,E
12,Sean O'Hair,33.3,2,6,+2.00
13,K.J. Choi,25.0,1,4,E
13,Kenny Perry,25.0,1,4,E
13,Carl Pettersson,25.0,1,4,+1.00
16,Olin Browne,.0,0,2,E
16,Mark Calcavecchia,.0,0,2,E
16,Ben Crane,.0,0,2,E
16,Brad Faxon,.0,0,3,E
16,Fred Funk,.0,0,1,E
16,Sergio Garcia,.0,0,1,E
16,Tim Petrovic,.0,0,4,E
16,Ted Purdy,.0,0,4,E
16,Vijay Singh,.0,0,1,E
16,David Toms,.0,0,1,E
