rank,player,%,Greens Hit,# of holes
1,David Toms,84.62,11,13
2,Vaughn Taylor,78.57,11,14
3,Lucas Glover,76.19,16,21
4,Jim Furyk,75.00,6,8
4,Sergio Garcia,75.00,12,16
6,Vijay Singh,72.22,13,18
7,Stuart Appleby,71.43,10,14
7,Bart Bryant,71.43,10,14
9,Peter Lonard,70.59,12,17
9,Geoff Ogilvy,70.59,12,17
11,Justin Leonard,70.00,7,10
12,"Wes Short, Jr.",66.67,14,21
13,Heath Slocum,65.00,13,20
14,Kenny Perry,64.29,9,14
15,Mark Calcavecchia,61.11,11,18
16,Olin Browne,60.00,6,10
16,Michael Campbell,60.00,12,20
16,Fred Funk,60.00,6,10
16,Robert Gamez,60.00,9,15
20,Carl Pettersson,56.25,9,16
21,Jason Gore,50.00,12,24
22,Jason Bohn,46.67,7,15
22,Ted Purdy,46.67,7,15
24,K.J. Choi,38.89,7,18
25,Sean O'Hair,29.41,5,17
26,Ben Crane,27.27,6,22
26,Tim Petrovic,27.27,3,11
28,Brad Faxon,25.00,5,20
