rank,player,%,Greens Hit,Total Holes,Relative to par
1,Lucas Glover,100.00,23,23,-0.61
1,Geoff Ogilvy,100.00,18,18,-0.61
1,Tim Petrovic,100.00,18,18,-0.22
1,Carl Pettersson,100.00,19,19,-0.47
5,Jim Furyk,92.86,13,14,-0.54
6,Vaughn Taylor,92.31,12,13,-0.42
7,Bart Bryant,91.67,11,12,-0.36
8,Jason Gore,90.48,19,21,-0.21
8,Heath Slocum,90.48,19,21,E
10,Robert Gamez,88.24,15,17,-0.60
10,Sean O'Hair,88.24,15,17,-0.47
12,Stuart Appleby,86.96,20,23,-0.60
13,Peter Lonard,86.67,13,15,-0.38
14,Mark Calcavecchia,85.71,18,21,-0.39
14,Brad Faxon,85.71,12,14,-0.33
14,David Toms,85.71,18,21,-0.50
17,Vijay Singh,84.62,22,26,-0.64
18,Sergio Garcia,82.61,19,23,-0.37
19,"Wes Short, Jr.",82.35,14,17,-0.36
20,Jason Bohn,81.82,18,22,-0.50
20,Justin Leonard,81.82,9,11,E
22,Michael Campbell,80.00,20,25,-0.40
22,K.J. Choi,80.00,16,20,-0.38
24,Ben Crane,75.00,9,12,-0.11
24,Fred Funk,75.00,9,12,E
24,Ted Purdy,75.00,12,16,-0.42
27,Olin Browne,72.73,8,11,-0.38
28,Kenny Perry,66.67,10,15,-0.40
