rank,player,%,Greens Hit,Total Holes,Relative to par
1,Olin Browne,90.00,9,10,E
2,Vaughn Taylor,88.89,8,9,+0.25
3,Vijay Singh,83.33,10,12,E
4,Jim Furyk,77.78,7,9,E
4,David Toms,77.78,7,9,+0.14
6,Stuart Appleby,75.00,9,12,-0.11
6,Mark Calcavecchia,75.00,9,12,E
8,Fred Funk,72.73,8,11,E
9,Bart Bryant,66.67,6,9,E
9,Michael Campbell,66.67,8,12,-0.13
9,Kenny Perry,66.67,8,12,+0.13
12,Jason Gore,63.64,7,11,+0.14
12,Justin Leonard,63.64,7,11,E
14,Sergio Garcia,61.54,8,13,+0.13
15,Jason Bohn,50.00,5,10,E
15,Geoff Ogilvy,50.00,5,10,+0.20
15,Tim Petrovic,50.00,5,10,-0.40
15,"Wes Short, Jr.",50.00,6,12,E
19,Heath Slocum,44.44,4,9,+0.25
20,Robert Gamez,41.67,5,12,+0.20
20,Peter Lonard,41.67,5,12,-0.20
22,Carl Pettersson,36.36,4,11,E
23,K.J. Choi,33.33,3,9,E
23,Lucas Glover,33.33,3,9,+0.67
25,Ben Crane,28.57,2,7,E
26,Ted Purdy,27.27,3,11,+0.67
27,Brad Faxon,25.00,3,12,+0.67
28,Sean O'Hair,14.29,1,7,-1.00
