rank,player,%,Greens Hit,# of Holes
1,Bart Bryant,84.78,39,46
2,Geoff Ogilvy,81.40,35,43
3,Jim Furyk,80.77,42,52
4,Vaughn Taylor,80.43,37,46
5,Vijay Singh,78.57,33,42
6,Carl Pettersson,77.27,34,44
7,Lucas Glover,76.92,30,39
8,Sean O'Hair,76.74,33,43
9,Jason Bohn,75.56,34,45
10,Michael Campbell,75.00,30,40
10,Heath Slocum,75.00,30,40
12,Stuart Appleby,73.91,34,46
13,K.J. Choi,73.81,31,42
14,Ted Purdy,73.33,33,45
15,Sergio Garcia,72.73,32,44
16,Mark Calcavecchia,71.43,30,42
17,Justin Leonard,70.00,35,50
18,"Wes Short, Jr.",69.23,27,39
19,David Toms,68.09,32,47
20,Brad Faxon,67.50,27,40
21,Peter Lonard,67.44,29,43
22,Tim Petrovic,67.35,33,49
23,Jason Gore,66.67,24,36
24,Ben Crane,65.79,25,38
25,Kenny Perry,65.22,30,46
26,Robert Gamez,64.44,29,45
27,Olin Browne,60.00,30,50
27,Fred Funk,60.00,30,50
