rank,player,%,Total Hit,Total Attempts,RTP Score
1,Bart Bryant,83.33,60,72,-7.00
2,Vaughn Taylor,81.94,59,72,-8.00
3,Jim Furyk,80.56,58,72,-12.00
3,Vijay Singh,80.56,58,72,-16.00
5,Stuart Appleby,79.17,57,72,-12.00
6,Sergio Garcia,75.00,54,72,-7.00
6,Geoff Ogilvy,75.00,54,72,-8.00
6,Heath Slocum,75.00,54,72,+1.00
9,Mark Calcavecchia,73.61,53,72,-5.00
9,Lucas Glover,73.61,53,72,-14.00
11,Kenny Perry,70.83,51,72,-4.00
11,David Toms,70.83,51,72,-9.00
13,Jason Bohn,69.44,50,72,-6.00
13,Michael Campbell,69.44,50,72,-13.00
13,Justin Leonard,69.44,50,72,-7.00
13,Carl Pettersson,69.44,50,72,-5.00
13,"Wes Short, Jr.",69.44,50,72,-6.00
18,Olin Browne,68.06,49,72,-7.00
19,K.J. Choi,66.67,48,72,-8.00
19,Jason Gore,66.67,48,72,+1.00
19,Ted Purdy,66.67,48,72,-6.00
22,Fred Funk,65.28,47,72,+2.00
22,Robert Gamez,65.28,47,72,-9.00
24,Peter Lonard,63.89,46,72,-5.00
25,Tim Petrovic,61.11,44,72,-9.00
26,Sean O'Hair,58.33,42,72,-5.00
27,Brad Faxon,56.94,41,72,-5.00
28,Ben Crane,54.17,39,72,-3.00
