rank,player,%,Greens Hit,Total Holes,Relative to par
1,Lucas Glover,96.97,32,33,-0.50
2,Geoff Ogilvy,96.55,28,29,-0.43
3,Carl Pettersson,95.83,23,24,-0.39
4,Vaughn Taylor,92.59,25,27,-0.32
5,Robert Gamez,88.46,23,26,-0.39
6,Jim Furyk,86.36,19,22,-0.47
7,Jason Bohn,84.62,22,26,-0.41
7,Mark Calcavecchia,84.62,22,26,-0.36
9,Bart Bryant,84.00,21,25,-0.29
10,Vijay Singh,83.87,26,31,-0.58
11,Jason Gore,82.76,24,29,-0.17
12,Peter Lonard,82.61,19,23,-0.26
12,Sean O'Hair,82.61,19,23,-0.42
14,Sergio Garcia,82.14,23,28,-0.35
15,Stuart Appleby,81.48,22,27,-0.55
15,Tim Petrovic,81.48,22,27,-0.23
15,Heath Slocum,81.48,22,27,E
18,David Toms,80.00,20,25,-0.45
19,Justin Leonard,79.17,19,24,-0.16
20,Michael Campbell,78.57,22,28,-0.36
21,Brad Faxon,77.78,14,18,-0.36
22,"Wes Short, Jr.",76.92,20,26,-0.20
23,Olin Browne,75.00,15,20,-0.33
23,Ben Crane,75.00,15,20,-0.20
23,Ted Purdy,75.00,21,28,-0.24
26,K.J. Choi,74.07,20,27,-0.35
27,Fred Funk,68.42,13,19,-0.08
28,Kenny Perry,60.00,15,25,-0.40
