rank,player,%,Greens Hit,Total Holes,Relative to par
1,Vijay Singh,76.92,30,39,-0.07
2,Bart Bryant,76.60,36,47,-0.06
3,Jim Furyk,73.47,36,49,-0.11
4,Vaughn Taylor,72.73,32,44,+0.03
5,Kenny Perry,72.34,34,47,+0.03
6,Stuart Appleby,68.18,30,44,E
7,Michael Campbell,65.85,27,41,-0.19
8,Sergio Garcia,62.79,27,43,+0.04
9,Heath Slocum,61.36,27,44,E
10,David Toms,60.87,28,46,E
11,Justin Leonard,60.42,29,48,-0.14
12,Jason Bohn,57.78,26,45,+0.12
12,"Wes Short, Jr.",57.78,26,45,-0.08
14,Ted Purdy,57.14,24,42,-0.04
15,Geoff Ogilvy,56.41,22,39,+0.14
16,Fred Funk,55.77,29,52,+0.10
17,Mark Calcavecchia,55.56,25,45,+0.04
18,Peter Lonard,54.17,26,48,+0.04
19,K.J. Choi,53.49,23,43,-0.09
20,Olin Browne,52.94,27,51,-0.11
21,Carl Pettersson,51.06,24,47,+0.13
22,Robert Gamez,46.67,21,45,E
22,Sean O'Hair,46.67,21,45,+0.14
24,Jason Gore,45.00,18,40,+0.06
25,Lucas Glover,44.74,17,38,+0.06
26,Tim Petrovic,44.44,20,45,-0.30
27,Brad Faxon,44.00,22,50,-0.05
28,Ben Crane,42.55,20,47,E
