rank,player,%,Greens Hit,Total Holes,Relative to par
1,Jason Bohn,100.00,4,4,E
1,Fred Funk,100.00,4,4,+0.50
1,Robert Gamez,100.00,4,4,-0.25
1,Justin Leonard,100.00,3,3,E
5,Bart Bryant,85.71,6,7,-0.17
6,Vijay Singh,83.33,5,6,-0.20
7,Lucas Glover,80.00,4,5,E
7,Carl Pettersson,80.00,4,5,+0.50
7,Ted Purdy,80.00,4,5,+0.25
7,"Wes Short, Jr.",80.00,4,5,+0.25
11,Jim Furyk,75.00,3,4,-0.67
11,Kenny Perry,75.00,3,4,+0.33
11,Vaughn Taylor,75.00,3,4,-0.67
14,Michael Campbell,71.43,5,7,-0.40
15,Brad Faxon,66.67,4,6,E
15,Peter Lonard,66.67,2,3,E
15,Geoff Ogilvy,66.67,4,6,E
15,David Toms,66.67,2,3,E
19,Ben Crane,60.00,3,5,E
19,Tim Petrovic,60.00,3,5,-0.33
19,Heath Slocum,60.00,3,5,+0.67
22,Sergio Garcia,57.14,4,7,E
23,Mark Calcavecchia,50.00,3,6,+0.67
23,Jason Gore,50.00,3,6,+0.33
25,Stuart Appleby,42.86,3,7,+0.33
26,Sean O'Hair,40.00,2,5,E
27,K.J. Choi,33.33,2,6,E
28,Olin Browne,20.00,1,5,E
