rank,player,%,Greens Hit,Total Holes,Relative to par
1,Michael Campbell,88.89,8,9,-0.13
2,Olin Browne,87.50,7,8,-0.14
2,Sergio Garcia,87.50,7,8,-0.29
4,Jim Furyk,85.71,6,7,-0.17
5,Jason Gore,83.33,5,6,-0.20
6,Bart Bryant,81.82,9,11,-0.11
7,Justin Leonard,80.00,8,10,-0.13
8,Peter Lonard,77.78,7,9,-0.14
8,"Wes Short, Jr.",77.78,7,9,-0.14
10,Jason Bohn,75.00,6,8,+0.17
10,Kenny Perry,75.00,6,8,E
12,Brad Faxon,71.43,5,7,-0.20
12,Fred Funk,71.43,5,7,-0.20
12,Vijay Singh,71.43,5,7,E
15,K.J. Choi,66.67,6,9,-0.33
15,Robert Gamez,66.67,4,6,+0.25
15,Carl Pettersson,66.67,6,9,-0.17
18,Vaughn Taylor,62.50,5,8,E
19,Ben Crane,60.00,6,10,-0.17
19,Sean O'Hair,60.00,6,10,E
19,Heath Slocum,60.00,6,10,-0.33
22,Stuart Appleby,57.14,4,7,-0.25
23,Ted Purdy,55.56,5,9,-0.40
24,Mark Calcavecchia,50.00,4,8,E
24,Geoff Ogilvy,50.00,1,2,E
24,Tim Petrovic,50.00,3,6,-0.33
27,David Toms,44.44,4,9,E
28,Lucas Glover,42.86,3,7,E
