rank,player,Avg,Total Distance (feet),# of Attempts,Relative to par
1,Shigeki Maruyama,"20' 2""",20.167,1,E
2,Tommy Gainey,"29' 3""",29.250,1,-1
3,D.A. Points,"39' 9""",39.750,1,-1
4,Steve Stricker,"67' 3""",67.250,1,E
5,D.J. Trahan,"67' 7""",67.583,1,E
6,Scott Sterling,"79' 2""",79.167,1,E
7,Brendon Todd,"81' 8""",81.667,1,E
8,Ernie Els,"81' 9""",163.500,2,E
9,Tom Pernice Jr.,"85' 3""",85.250,1,E
10,Michael Allen,"100' 4""",100.333,1,E
11,Cliff Kresge,"100' 11""",100.917,1,-1
12,Cameron Beckman,"104' 7""",104.583,1,E
13,David Mathis,"106' 1""",106.083,1,E
14,Briny Baird,"106' 8""",106.667,1,E
15,Nathan Green,"106' 9""",106.750,1,E
16,Wil Collins,"115' 5""",115.417,1,-1
17,Jeff Overton,"116' 5""",116.417,1,-1
18,Tim Herron,"117' 0""",117.000,1,E
19,George McNeill,"125' 0""",125.000,1,E
20,Rory Sabbatini,"127' 3""",127.250,1,-1
21,Zach Johnson,"132' 10""",132.833,1,E
