rank,player,Avg,Total Distance (feet),# of Attempts,Relative to par
1,Michael Allen,"19' 6""",19.500,1,E
2,Jeff Klauk,"25' 8""",25.667,1,E
3,Adam Scott,"26' 8""",106.583,4,-1
4,Boo Weekley,"33' 0""",33.000,1,E
5,Charles Howell III,"33' 1""",132.333,4,-2
6,Tim Petrovic,"33' 8""",67.250,2,-1
7,Jeff Overton,"33' 9""",33.750,1,E
8,Jimmy Walker,"38' 1""",114.250,3,E
9,Bill Haas,"39' 3""",117.667,3,-1
10,Richard Johnson,"39' 6""",118.500,3,-1
11,D.J. Trahan,"41' 2""",41.167,1,+1
12,George McNeill,"42' 1""",126.333,3,E
13,Webb Simpson,"43' 8""",43.667,1,E
14,David Mathis,"44' 7""",89.083,2,E
15,Tim Clark,"45' 7""",182.167,4,E
16,Rory Sabbatini,"46' 10""",140.417,3,-1
17,Bart Bryant,"47' 0""",141.083,3,-1
18,Cliff Kresge,"47' 6""",47.500,1,E
19,Tim Herron,"50' 4""",251.833,5,-2
20,Tommy Gainey,"51' 5""",51.417,1,-1
21,Ryuji Imada,"51' 6""",206.083,4,-1
22,Junpei Takayama,"51' 9""",51.750,1,E
23,Michael Letzig,"52' 1""",208.417,4,-1
24,Arjun Atwal,"52' 6""",157.417,3,E
24,Zach Johnson,"52' 6""",52.500,1,E
26,Casey Wittenberg,"52' 10""",52.833,1,-1
27,Stewart Cink,"53' 4""",106.583,2,+1
28,Brendon Todd,"55' 1""",55.083,1,E
29,Matt Bettencourt,"55' 10""",279.333,5,E
30,Chris Stroud,"56' 3""",168.750,3,-1
31,Brian Gay,"56' 9""",113.500,2,E
32,Briny Baird,"58' 1""",232.417,4,E
33,Andres Romero,"59' 4""",177.917,3,-1
34,Ernie Els,"59' 10""",119.583,2,+1
35,Steve Stricker,"60' 8""",364.000,6,-2
36,Azuma Yano,"60' 9""",121.500,2,E
37,Nathan Green,"61' 1""",183.167,3,E
38,Steve Lowery,"61' 8""",246.667,4,E
39,Glen Day,"62' 3""",186.833,3,E
40,Jerry Kelly,"63' 4""",126.583,2,+2
41,Tom Pernice Jr.,"64' 4""",193.000,3,E
42,Kenny Perry,"65' 9""",131.500,2,+1
43,Cameron Beckman,"66' 1""",264.333,4,E
44,Wil Collins,"66' 5""",199.250,3,+1
45,Tag Ridings,"67' 4""",269.250,4,E
46,Marc Leishman,"67' 9""",203.333,3,+1
47,Tadd Fujikawa,"68' 10""",206.417,3,+1
48,Harrison Frazar,"69' 7""",69.583,1,+1
49,Alex Cejka,"69' 9""",139.500,2,E
50,Bob Estes,"71' 6""",143.000,2,+1
51,John Merrick,"73' 9""",221.167,3,-1
52,K.J. Choi,"74' 1""",222.333,3,-2
53,Kevin Streelman,"74' 10""",224.417,3,+1
54,David Toms,"75' 4""",75.333,1,E
55,Geoff Ogilvy,"75' 9""",151.417,2,E
56,Greg Owen,"75' 11""",227.750,3,E
57,Shigeki Maruyama,"76' 5""",229.167,3,E
58,Tim Wilkinson,"77' 9""",155.417,2,+1
59,Luke Donald,"77' 11""",233.750,3,E
60,Scott Piercy,"78' 7""",235.750,3,+3
61,Arron Oberholser,"84' 7""",84.583,1,E
62,Brian Davis,"86' 6""",346.083,4,+2
63,Troy Kelly,"86' 9""",173.417,2,E
64,Paul Azinger,"90' 10""",90.833,1,+1
65,Ted Purdy,"92' 10""",92.833,1,E
66,Joe Durant,"94' 2""",376.583,4,+2
67,Matthew Borchert,"95' 7""",95.583,1,+1
68,Sean O'Hair,"106' 2""",106.167,1,E
69,Troy Matteson,"119' 10""",239.583,2,+2
