rank,player,Avg,Total Distance (feet),# of Attempts,Relative to par
1,John Merrick,"2' 11""",2.917,1,E
2,Kenny Perry,"3' 6""",3.500,1,-1
3,Tadd Fujikawa,"4' 4""",4.333,1,-1
4,Jarrod Lyle,"6' 11""",6.917,1,E
5,Troy Kelly,"7' 3""",7.250,1,E
6,Briny Baird,"7' 5""",7.417,1,E
6,Tim Herron,"7' 5""",22.250,3,-1
8,Zach Johnson,"7' 7""",7.583,1,E
9,Tim Clark,"7' 8""",7.667,1,-1
9,Arron Oberholser,"7' 8""",23.000,3,-1
11,Glen Day,"8' 10""",26.500,3,E
12,Kevin Streelman,"9' 10""",29.417,3,-1
13,Bill Haas,"10' 1""",10.083,1,-1
14,Scott Piercy,"10' 9""",32.167,3,-3
15,Stewart Cink,"10' 11""",21.833,2,-2
16,Tim Petrovic,"11' 7""",11.583,1,+1
17,David Mathis,"12' 9""",50.833,4,-2
18,Bob Estes,"13' 6""",54.083,4,-2
19,Webb Simpson,"13' 10""",41.500,3,-1
20,Jeff Klauk,"14' 3""",42.833,3,-1
21,Jeff Quinney,"14' 4""",43.000,3,+1
22,Tommy Gainey,"14' 6""",72.667,5,+5
23,Casey Wittenberg,"15' 10""",47.583,3,+1
24,Bart Bryant,"17' 1""",34.083,2,E
25,Paul Azinger,"17' 3""",51.750,3,+1
26,Nathan Green,"17' 4""",52.000,3,-1
27,Matt Bettencourt,"18' 2""",54.500,3,E
28,D.A. Points,"19' 3""",19.250,1,E
29,Luke Donald,"19' 7""",117.667,6,+1
30,Brendon Todd,"20' 0""",80.083,4,E
31,Junpei Takayama,"20' 4""",122.083,6,E
32,Jerry Kelly,"20' 8""",20.667,1,-1
33,Shigeki Maruyama,"21' 0""",41.917,2,+1
34,Ryuji Imada,"21' 8""",86.583,4,-1
35,Wil Collins,"22' 2""",66.417,3,+1
36,Michael Letzig,"22' 4""",67.000,3,+2
37,Harrison Frazar,"22' 8""",45.250,2,+1
38,Brian Gay,"23' 1""",46.083,2,E
39,Steve Marino,"23' 8""",47.250,2,-1
40,Troy Matteson,"27' 0""",27.000,1,E
41,Ted Purdy,"27' 2""",81.417,3,+4
42,Richard Johnson,"27' 5""",82.333,3,+1
43,Michael Allen,"27' 6""",82.583,3,E
43,George McNeill,"27' 6""",27.500,1,E
45,Adam Scott,"29' 2""",29.167,1,+1
46,Brian Davis,"29' 4""",58.667,2,+2
47,Ernie Els,"29' 7""",59.167,2,+1
48,Steve Stricker,"30' 0""",60.000,2,E
49,Spencer Levin,"30' 2""",120.667,4,+2
50,Kevin Na,"30' 3""",90.667,3,+3
51,Andres Romero,"30' 8""",122.500,4,+1
52,Cliff Kresge,"32' 2""",64.250,2,+1
53,Marc Leishman,"32' 3""",129.083,4,-2
54,Tim Wilkinson,"32' 11""",131.500,4,+1
55,Geoff Ogilvy,"33' 0""",66.000,2,+1
56,Joe Durant,"34' 0""",68.000,2,E
57,Hideto Tanihara,"35' 2""",70.333,2,+2
58,Steve Lowery,"35' 10""",107.417,3,+1
59,Jimmy Walker,"38' 5""",153.750,4,+2
60,Cameron Beckman,"42' 3""",126.667,3,+1
61,Azuma Yano,"45' 4""",135.917,3,+2
62,Jeff Overton,"48' 1""",96.167,2,E
63,Scott Sterling,"48' 3""",96.500,2,+3
64,Tag Ridings,"49' 2""",49.167,1,+2
65,Arjun Atwal,"51' 2""",102.250,2,+2
66,Tom Pernice Jr.,"53' 1""",212.250,4,E
67,Matthew Borchert,"59' 6""",118.917,2,+1
68,Greg Owen,"78' 5""",78.417,1,+1
