rank,player,Avg,Total Distance (feet),# of Attempts,Relative to par
1,John Merrick,"2' 11""",2.917,1,E
2,Stewart Cink,"6' 7""",6.583,1,-1
3,Jarrod Lyle,"6' 11""",6.917,1,E
4,Tim Herron,"7' 5""",22.250,3,-1
5,Zach Johnson,"7' 7""",7.583,1,E
6,Tim Clark,"7' 8""",7.667,1,-1
7,Glen Day,"9' 9""",19.500,2,E
8,Scott Piercy,"10' 5""",31.167,3,-3
9,Bob Estes,"14' 7""",43.750,3,-2
10,Jeff Klauk,"14' 10""",29.667,2,-1
11,Kevin Streelman,"15' 6""",62.083,4,+1
12,Troy Kelly,"16' 3""",48.833,3,+1
12,Casey Wittenberg,"16' 3""",81.333,5,+2
14,D.A. Points,"17' 0""",34.000,2,+1
15,Bart Bryant,"17' 1""",34.083,2,E
16,Tadd Fujikawa,"18' 8""",18.667,1,E
17,Wil Collins,"19' 1""",38.167,2,+1
18,Arron Oberholser,"20' 0""",99.917,5,-1
19,Paul Azinger,"20' 1""",60.167,3,E
20,Webb Simpson,"20' 3""",80.833,4,E
21,Brendon Todd,"21' 0""",105.000,5,-1
22,David Mathis,"21' 9""",130.417,6,-1
23,Junpei Takayama,"21' 10""",109.250,5,+1
24,Bill Haas,"22' 0""",44.000,2,-1
25,Nathan Green,"22' 6""",89.833,4,-2
26,Brian Gay,"23' 1""",46.083,2,E
27,Boo Weekley,"23' 5""",23.417,1,E
28,Kevin Na,"24' 4""",121.833,5,+2
29,Luke Donald,"25' 1""",150.667,6,+2
29,Ernie Els,"25' 1""",75.167,3,+1
31,Tommy Gainey,"25' 8""",128.417,5,+6
31,George McNeill,"25' 8""",51.333,2,E
33,Ted Purdy,"25' 11""",77.833,3,+1
34,Troy Matteson,"27' 0""",27.000,1,E
35,Ryuji Imada,"27' 1""",81.250,3,E
36,Richard Johnson,"27' 4""",109.250,4,+1
37,Brian Davis,"27' 6""",82.500,3,+2
38,Matt Bettencourt,"27' 7""",192.917,7,+2
39,Kenny Perry,"28' 11""",57.833,2,E
40,Andres Romero,"29' 3""",204.750,7,E
41,Michael Letzig,"29' 10""",59.667,2,+2
42,Steve Stricker,"30' 0""",60.000,2,E
43,Jeff Quinney,"30' 1""",150.583,5,+3
44,Marc Leishman,"30' 3""",181.333,6,-2
45,Tag Ridings,"31' 2""",62.333,2,+1
46,Steve Lowery,"31' 6""",157.667,5,E
47,Tim Wilkinson,"31' 11""",159.500,5,+1
48,Cliff Kresge,"32' 2""",64.250,2,+1
49,Jerry Kelly,"32' 3""",64.500,2,E
50,Shigeki Maruyama,"33' 1""",231.750,7,+1
51,Geoff Ogilvy,"33' 7""",67.083,2,E
52,Jeff Overton,"34' 3""",137.000,4,E
53,Spencer Levin,"34' 6""",103.500,3,+3
54,Michael Allen,"34' 9""",69.417,2,+1
55,Adam Scott,"34' 10""",104.583,3,+1
56,Hideto Tanihara,"35' 2""",70.333,2,+2
57,Steve Marino,"36' 3""",144.833,4,-1
58,Harrison Frazar,"37' 2""",185.750,5,+2
59,Briny Baird,"38' 4""",76.667,2,-1
60,Scott Sterling,"39' 11""",159.667,4,+2
61,Joe Durant,"41' 3""",41.250,1,E
62,Cameron Beckman,"41' 8""",125.083,3,E
63,Sean O'Hair,"42' 4""",42.333,1,E
64,Azuma Yano,"44' 5""",177.667,4,+4
65,Arjun Atwal,"46' 10""",187.250,4,+3
66,Matthew Borchert,"47' 8""",143.000,3,+1
67,Jimmy Walker,"48' 7""",145.833,3,+2
68,Tom Pernice Jr.,"53' 1""",212.250,4,E
69,Tim Petrovic,"59' 9""",59.750,1,E
70,K.J. Choi,"72' 0""",72.000,1,E
71,Greg Owen,"78' 5""",78.417,1,+1
