rank,player,Avg,Total Distance (feet),# of Attempts,Relative to par
1,Alex Cejka,"57' 10""",57.833,1,-1
2,Brian Davis,"69' 0""",69.000,1,-1
3,Harrison Frazar,"76' 5""",76.417,1,-1
4,Junpei Takayama,"82' 4""",82.333,1,E
5,Kevin Na,"103' 3""",103.250,1,-1
6,Charles Howell III,"111' 7""",111.583,1,-1
7,Scott Piercy,"112' 7""",112.583,1,E
8,Tom Pernice Jr.,"116' 0""",116.000,1,-1
9,Jeff Quinney,"128' 5""",128.417,1,-1
10,Hideto Tanihara,"130' 5""",130.417,1,E
11,Arjun Atwal,"137' 1""",137.083,1,E
12,Scott Sterling,"149' 3""",149.250,1,E
