rank,player,Avg,Total Distance (feet),# of Attempts,Relative to par
1,Tag Ridings,"13' 2""",13.167,1,-1
2,D.A. Points,"14' 9""",14.750,1,+1
3,Kevin Na,"15' 7""",31.167,2,-1
4,Ernie Els,"16' 0""",16.000,1,E
5,Cameron Beckman,"16' 6""",16.500,1,E
6,Casey Wittenberg,"16' 11""",33.750,2,+1
7,Tadd Fujikawa,"18' 8""",18.667,1,E
8,Jeff Overton,"20' 5""",40.833,2,E
9,Troy Kelly,"20' 10""",41.583,2,+1
10,Nathan Green,"22' 1""",44.083,2,-2
11,Paul Azinger,"22' 2""",22.167,1,E
12,Boo Weekley,"23' 5""",23.417,1,E
13,Brian Davis,"23' 10""",23.833,1,E
13,George McNeill,"23' 10""",23.833,1,E
15,Webb Simpson,"24' 0""",48.000,2,E
16,Matthew Borchert,"24' 1""",24.083,1,E
17,Brendon Todd,"24' 11""",24.917,1,-1
18,Steve Lowery,"25' 2""",50.250,2,-1
19,David Mathis,"25' 10""",103.167,4,+1
20,Marc Leishman,"26' 2""",52.250,2,E
21,Arron Oberholser,"26' 8""",79.917,3,E
22,Richard Johnson,"26' 11""",26.917,1,E
23,Andres Romero,"27' 5""",82.250,3,-1
24,Scott Piercy,"27' 6""",27.500,1,E
25,Tim Wilkinson,"28' 0""",28.000,1,E
26,Scott Sterling,"31' 7""",63.167,2,-1
27,Jerry Kelly,"32' 3""",64.500,2,E
28,Ted Purdy,"32' 7""",32.583,1,+1
29,Kevin Streelman,"32' 8""",32.667,1,+2
30,Bill Haas,"33' 11""",33.917,1,E
31,Matt Bettencourt,"34' 7""",138.417,4,+2
32,Adam Scott,"37' 9""",75.417,2,E
33,Shigeki Maruyama,"38' 0""",189.833,5,E
34,Luke Donald,"38' 2""",38.167,1,E
35,Azuma Yano,"38' 8""",77.250,2,+2
36,Sean O'Hair,"42' 4""",42.333,1,E
37,Arjun Atwal,"42' 6""",85.000,2,+1
38,Geoff Ogilvy,"43' 4""",43.333,1,E
39,Harrison Frazar,"46' 10""",140.500,3,+1
40,Steve Marino,"48' 10""",97.583,2,E
41,Jeff Quinney,"53' 10""",107.583,2,+2
42,Kenny Perry,"54' 4""",54.333,1,+1
43,Tim Petrovic,"59' 9""",59.750,1,E
44,Briny Baird,"69' 3""",69.250,1,-1
45,Tommy Gainey,"70' 9""",70.750,1,+1
46,K.J. Choi,"72' 0""",72.000,1,E
