rank,player,Avg,Total Distance (feet),# of Attempts,Relative to par
1,Scott Piercy,"0""",0,1,-2
2,John Merrick,"2' 11""",2.917,1,E
3,Stewart Cink,"6' 7""",6.583,1,-1
4,Troy Kelly,"7' 3""",7.250,1,E
5,Briny Baird,"7' 5""",7.417,1,E
6,Tim Clark,"7' 8""",7.667,1,-1
7,Kevin Streelman,"7' 10""",15.583,2,E
8,Shigeki Maruyama,"9' 7""",9.583,1,E
9,Tommy Gainey,"10' 3""",10.250,1,-1
10,Arron Oberholser,"12' 1""",12.083,1,E
11,Brian Gay,"12' 8""",12.667,1,E
12,Paul Azinger,"13' 11""",13.917,1,E
12,Jeff Klauk,"13' 11""",13.917,1,-1
14,Wil Collins,"14' 3""",14.250,1,E
15,Glen Day,"15' 3""",15.250,1,E
16,Matt Bettencourt,"19' 0""",19.000,1,E
17,D.A. Points,"19' 3""",19.250,1,E
18,Brendon Todd,"20' 9""",62.167,3,E
19,Brian Davis,"20' 10""",20.833,1,E
20,Bart Bryant,"21' 6""",21.500,1,E
20,Jeff Quinney,"21' 6""",43.000,2,+2
22,Geoff Ogilvy,"23' 9""",23.750,1,E
23,Luke Donald,"24' 0""",72.000,3,+2
24,Junpei Takayama,"24' 4""",97.250,4,+1
25,Casey Wittenberg,"24' 7""",24.583,1,E
26,Bob Estes,"26' 3""",26.250,1,E
27,Troy Matteson,"27' 0""",27.000,1,E
28,Ryuji Imada,"27' 1""",81.250,3,E
29,Adam Scott,"29' 2""",29.167,1,+1
30,Michael Letzig,"29' 10""",59.667,2,+2
31,Steve Marino,"30' 9""",30.750,1,-1
32,Andres Romero,"31' 0""",62.000,2,E
33,Marc Leishman,"31' 3""",93.750,3,-1
34,Kevin Na,"31' 6""",62.917,2,+1
35,Nathan Green,"36' 0""",36.000,1,E
36,Tom Pernice Jr.,"36' 11""",73.750,2,-2
37,Steve Lowery,"37' 6""",37.500,1,E
38,Steve Stricker,"40' 9""",40.750,1,E
39,Tim Wilkinson,"42' 1""",126.167,3,+2
40,Richard Johnson,"49' 0""",49.000,1,+1
41,Cameron Beckman,"54' 4""",108.583,2,E
42,Ernie Els,"56' 3""",56.250,1,+2
43,Hideto Tanihara,"56' 11""",56.917,1,E
44,Spencer Levin,"57' 0""",57.000,1,+2
45,Matthew Borchert,"59' 6""",118.917,2,+1
46,Jeff Overton,"65' 3""",65.250,1,+1
47,Jimmy Walker,"68' 11""",137.833,2,+1
48,Arjun Atwal,"74' 5""",74.417,1,+2
49,Greg Owen,"78' 5""",78.417,1,+1
50,Azuma Yano,"85' 4""",85.333,1,+1
