rank,player,Avg,Total Distance (feet),# of Attempts,Relative to par
1,Casey Wittenberg,"26' 7""",26.583,1,E
2,Matt Bettencourt,"31' 6""",31.500,1,E
2,Stewart Cink,"31' 6""",31.500,1,-1
4,Tom Pernice Jr.,"31' 9""",31.750,1,E
5,Hideto Tanihara,"33' 7""",33.583,1,-1
6,Kevin Streelman,"33' 9""",33.750,1,-1
7,Troy Kelly,"34' 5""",34.417,1,E
8,Tadd Fujikawa,"37' 2""",74.250,2,-2
9,Adam Scott,"40' 9""",40.750,1,-1
10,Kevin Na,"41' 9""",83.417,2,-1
11,Briny Baird,"43' 11""",43.917,1,E
12,Boo Weekley,"44' 11""",44.917,1,-1
13,Tim Herron,"45' 10""",45.833,1,E
14,Sean O'Hair,"48' 6""",48.500,1,E
15,Tim Clark,"48' 11""",48.917,1,-1
16,Tim Wilkinson,"49' 4""",49.333,1,E
17,Steve Marino,"50' 10""",50.833,1,-1
18,Marc Leishman,"51' 2""",51.167,1,E
19,Azuma Yano,"52' 11""",52.917,1,E
20,Spencer Levin,"53' 5""",106.750,2,-1
21,Michael Allen,"55' 0""",55.000,1,E
22,David Mathis,"55' 11""",55.917,1,E
23,Cliff Kresge,"58' 6""",117.000,2,+2
24,K.J. Choi,"59' 7""",178.833,3,-1
25,Shigeki Maruyama,"59' 10""",179.500,3,E
26,Bob Estes,"60' 1""",60.083,1,+1
27,Ryuji Imada,"61' 5""",245.750,4,-2
28,Tag Ridings,"61' 7""",61.583,1,+2
29,Jarrod Lyle,"63' 2""",63.167,1,E
30,Brendon Todd,"67' 9""",135.500,2,E
31,Ernie Els,"69' 11""",69.917,1,-1
32,Cameron Beckman,"74' 2""",74.167,1,-1
33,Chez Reavie,"74' 11""",149.833,2,-1
34,Matthew Borchert,"77' 10""",77.833,1,E
35,Wil Collins,"81' 8""",163.333,2,-1
36,Troy Matteson,"82' 9""",82.750,1,-1
37,Rory Sabbatini,"83' 11""",167.750,2,E
38,Jeff Klauk,"88' 9""",88.750,1,E
39,Paul Azinger,"89' 7""",89.583,1,+1
40,Harrison Frazar,"94' 3""",94.250,1,-1
41,Richard Johnson,"94' 10""",94.833,1,E
41,Jeff Overton,"94' 10""",189.583,2,E
43,Nathan Green,"100' 0""",100.000,1,E
44,Zach Johnson,"101' 9""",203.500,2,-1
45,Geoff Ogilvy,"115' 6""",115.500,1,E
46,John Merrick,"129' 3""",129.250,1,E
47,Jeff Quinney,"133' 2""",266.250,2,+1
48,Arjun Atwal,"157' 0""",157.000,1,+1
