rank,player,%,Total Drives for 300-320,Total Drives - Overall,Relative to Par
1,Bubba Watson,18.33,11,60,-0.273
2,Jason Day,13.33,8,60,+0.125
3,Steven Bowditch,10.00,6,60,+0.333
3,Chris Kirk,10.00,6,60,+0.333
3,Hunter Mahan,10.00,6,60,-0.333
3,Hideki Matsuyama,10.00,6,60,-0.667
3,Brendon Todd,10.00,6,60,+0.333
8,Tim Clark,8.33,5,60,-0.200
8,Charley Hoffman,8.33,5,60,E
8,Zach Johnson,8.33,5,60,E
8,Ben Martin,8.33,5,60,E
8,Geoff Ogilvy,8.33,5,60,E
8,Robert Streb,8.33,5,60,+0.200
14,Brian Harman,6.67,4,60,-0.500
14,Russell Henley,6.67,4,60,E
14,J.B. Holmes,6.67,4,60,+0.250
14,Billy Horschel,6.67,4,60,-0.250
14,Matt Kuchar,6.67,4,60,-0.250
14,S.Y. Noh,6.67,4,60,+0.250
14,Scott Stallings,6.67,4,60,-0.500
14,Kevin Streelman,6.67,4,60,E
22,Ángel Cabrera,5.00,3,60,+0.667
22,Ben Crane,5.00,3,60,-0.667
22,Matt Every,5.00,3,60,+0.333
22,Chesson Hadley,5.00,3,60,-0.333
22,Matt Jones,5.00,3,60,E
22,Patrick Reed,5.00,3,60,-0.333
22,Nick Taylor,5.00,3,60,+0.667
22,Camilo Villegas,5.00,3,60,+0.333
30,John Senden,3.33,2,60,E
31,Sangmoon Bae,1.67,1,60,+1.000
31,Ryan Moore,1.67,1,60,+1.000
31,Jimmy Walker,1.67,1,60,E
