rank,player,%,Total Drives for 280-300,Total Drives - Overall,Relative to Par
1,Jason Day,28.33,17,60,-0.588
1,Patrick Reed,28.33,17,60,-0.471
1,Bubba Watson,28.33,17,60,-0.176
4,Russell Henley,25.00,15,60,-0.333
4,Jimmy Walker,25.00,15,60,-0.200
6,Camilo Villegas,23.33,14,60,-0.429
7,Ángel Cabrera,21.67,13,60,-0.231
7,J.B. Holmes,21.67,13,60,-0.308
7,Hideki Matsuyama,21.67,13,60,-0.308
7,Nick Taylor,21.67,13,60,-0.077
11,Hunter Mahan,20.00,12,60,-0.250
12,Sangmoon Bae,18.33,11,60,-0.364
12,Charley Hoffman,18.33,11,60,-0.364
12,S.Y. Noh,18.33,11,60,-0.182
12,Kevin Streelman,18.33,11,60,+0.091
16,Matt Kuchar,16.67,10,60,E
17,Chesson Hadley,15.00,9,60,E
17,John Senden,15.00,9,60,+0.111
17,Scott Stallings,15.00,9,60,-0.111
20,Steven Bowditch,13.33,8,60,-0.375
20,Tim Clark,13.33,8,60,-0.125
20,Robert Streb,13.33,8,60,-0.375
23,Ben Crane,11.67,7,60,E
23,Matt Every,11.67,7,60,-0.143
23,Billy Horschel,11.67,7,60,-0.143
23,Zach Johnson,11.67,7,60,-0.143
23,Ryan Moore,11.67,7,60,-0.143
23,Geoff Ogilvy,11.67,7,60,-0.286
23,Brendon Todd,11.67,7,60,-0.429
30,Brian Harman,10.00,6,60,+0.167
30,Matt Jones,10.00,6,60,-0.500
30,Chris Kirk,10.00,6,60,-0.333
33,Ben Martin,6.67,4,60,-0.500
