rank,player,%,Total Drives for 240-260,Total Drvs - overall,Relative to par
1,Brendon Todd,62.50,5,8,-0.40
2,Tim Clark,50.00,4,8,-0.25
2,Ryan Moore,50.00,4,8,-0.50
4,Chris Kirk,37.50,3,8,-0.33
5,Sangmoon Bae,25.00,2,8,E
5,Matt Every,25.00,2,8,+0.50
5,Billy Horschel,25.00,2,8,E
5,Zach Johnson,25.00,2,8,E
5,Kevin Streelman,25.00,2,8,-0.50
10,Steven Bowditch,12.50,1,8,E
10,Ángel Cabrera,12.50,1,8,E
10,Ben Crane,12.50,1,8,E
10,Matt Jones,12.50,1,8,E
10,Matt Kuchar,12.50,1,8,E
10,Hunter Mahan,12.50,1,8,E
10,Ben Martin,12.50,1,8,E
10,Hideki Matsuyama,12.50,1,8,E
10,S.Y. Noh,12.50,1,8,-1.00
10,Geoff Ogilvy,12.50,1,8,E
10,Robert Streb,12.50,1,8,E
10,Nick Taylor,12.50,1,8,-1.00
10,Jimmy Walker,12.50,1,8,E
23,Jason Day,.00,0,8,E
23,Chesson Hadley,.00,0,8,E
23,Brian Harman,.00,0,8,E
23,Russell Henley,.00,0,8,E
23,Charley Hoffman,.00,0,8,E
23,J.B. Holmes,.00,0,8,E
23,Patrick Reed,.00,0,8,E
23,John Senden,.00,0,8,E
23,Scott Stallings,.00,0,8,E
23,Camilo Villegas,.00,0,8,E
23,Bubba Watson,.00,0,8,E
