rank,player,%,Total Drives for 300+,Total Drvs - overall,Relative to par
1,Bubba Watson,50.00,4,8,-0.50
2,Jason Day,12.50,1,8,+2.00
2,Patrick Reed,12.50,1,8,-1.00
2,Robert Streb,12.50,1,8,E
5,Sangmoon Bae,.00,0,8,E
5,Steven Bowditch,.00,0,8,E
5,Ángel Cabrera,.00,0,8,E
5,Tim Clark,.00,0,8,E
5,Ben Crane,.00,0,8,E
5,Matt Every,.00,0,8,E
5,Chesson Hadley,.00,0,8,E
5,Brian Harman,.00,0,8,E
5,Russell Henley,.00,0,8,E
5,Charley Hoffman,.00,0,8,E
5,J.B. Holmes,.00,0,8,E
5,Billy Horschel,.00,0,8,E
5,Zach Johnson,.00,0,8,E
5,Matt Jones,.00,0,8,E
5,Chris Kirk,.00,0,8,E
5,Matt Kuchar,.00,0,8,E
5,Hunter Mahan,.00,0,8,E
5,Ben Martin,.00,0,8,E
5,Hideki Matsuyama,.00,0,8,E
5,Ryan Moore,.00,0,8,E
5,S.Y. Noh,.00,0,8,E
5,Geoff Ogilvy,.00,0,8,E
5,John Senden,.00,0,8,E
5,Scott Stallings,.00,0,8,E
5,Kevin Streelman,.00,0,8,E
5,Nick Taylor,.00,0,8,E
5,Brendon Todd,.00,0,8,E
5,Camilo Villegas,.00,0,8,E
5,Jimmy Walker,.00,0,8,E
