rank,player,Avg,Total Distance,Total Drives
1,Bubba Watson,300.6,"2,405",8
2,Jason Day,286.1,"2,289",8
3,Scott Stallings,284.4,"2,275",8
4,Patrick Reed,282.0,"2,256",8
5,Russell Henley,280.9,"2,247",8
6,J.B. Holmes,279.9,"2,239",8
7,Robert Streb,279.3,"2,234",8
8,Charley Hoffman,278.9,"2,231",8
9,Nick Taylor,275.8,"2,206",8
10,Hunter Mahan,275.6,"2,205",8
11,Chesson Hadley,275.5,"2,204",8
12,S.Y. Noh,275.4,"2,203",8
13,Camilo Villegas,275.0,"2,200",8
14,Matt Kuchar,274.6,"2,197",8
15,Hideki Matsuyama,274.4,"2,195",8
16,Brian Harman,273.9,"2,191",8
17,Jimmy Walker,273.3,"2,186",8
18,Ángel Cabrera,271.3,"2,170",8
18,Geoff Ogilvy,271.3,"2,170",8
18,John Senden,271.3,"2,170",8
21,Sangmoon Bae,270.3,"2,162",8
22,Kevin Streelman,269.6,"2,157",8
23,Steven Bowditch,268.8,"2,150",8
24,Matt Every,268.1,"2,145",8
25,Billy Horschel,267.0,"2,136",8
26,Zach Johnson,265.5,"2,124",8
27,Matt Jones,264.4,"2,115",8
28,Ben Martin,263.8,"2,110",8
29,Chris Kirk,262.6,"2,101",8
30,Brendon Todd,262.1,"2,097",8
31,Ryan Moore,259.5,"2,076",8
32,Tim Clark,258.5,"2,068",8
33,Ben Crane,254.3,"2,034",8
