rank,player,%,Total Drives for <= 240,Total Drvs - overall,Relative to par
1,Ben Crane,37.50,3,8,E
2,Steven Bowditch,12.50,1,8,+1.00
2,Ángel Cabrera,12.50,1,8,E
2,Matt Jones,12.50,1,8,E
2,Chris Kirk,12.50,1,8,E
2,Ben Martin,12.50,1,8,E
7,Sangmoon Bae,.00,0,8,E
7,Tim Clark,.00,0,8,E
7,Jason Day,.00,0,8,E
7,Matt Every,.00,0,8,E
7,Chesson Hadley,.00,0,8,E
7,Brian Harman,.00,0,8,E
7,Russell Henley,.00,0,8,E
7,Charley Hoffman,.00,0,8,E
7,J.B. Holmes,.00,0,8,E
7,Billy Horschel,.00,0,8,E
7,Zach Johnson,.00,0,8,E
7,Matt Kuchar,.00,0,8,E
7,Hunter Mahan,.00,0,8,E
7,Hideki Matsuyama,.00,0,8,E
7,Ryan Moore,.00,0,8,E
7,S.Y. Noh,.00,0,8,E
7,Geoff Ogilvy,.00,0,8,E
7,Patrick Reed,.00,0,8,E
7,John Senden,.00,0,8,E
7,Scott Stallings,.00,0,8,E
7,Robert Streb,.00,0,8,E
7,Kevin Streelman,.00,0,8,E
7,Nick Taylor,.00,0,8,E
7,Brendon Todd,.00,0,8,E
7,Camilo Villegas,.00,0,8,E
7,Jimmy Walker,.00,0,8,E
7,Bubba Watson,.00,0,8,E
