rank,player,%,Total Drives for 320+,Total Drvs - overall,Relative to par
1,Sangmoon Bae,.00,0,8,E
1,Steven Bowditch,.00,0,8,E
1,Ángel Cabrera,.00,0,8,E
1,Tim Clark,.00,0,8,E
1,Ben Crane,.00,0,8,E
1,Jason Day,.00,0,8,E
1,Matt Every,.00,0,8,E
1,Chesson Hadley,.00,0,8,E
1,Brian Harman,.00,0,8,E
1,Russell Henley,.00,0,8,E
1,Charley Hoffman,.00,0,8,E
1,J.B. Holmes,.00,0,8,E
1,Billy Horschel,.00,0,8,E
1,Zach Johnson,.00,0,8,E
1,Matt Jones,.00,0,8,E
1,Chris Kirk,.00,0,8,E
1,Matt Kuchar,.00,0,8,E
1,Hunter Mahan,.00,0,8,E
1,Ben Martin,.00,0,8,E
1,Hideki Matsuyama,.00,0,8,E
1,Ryan Moore,.00,0,8,E
1,S.Y. Noh,.00,0,8,E
1,Geoff Ogilvy,.00,0,8,E
1,Patrick Reed,.00,0,8,E
1,John Senden,.00,0,8,E
1,Scott Stallings,.00,0,8,E
1,Robert Streb,.00,0,8,E
1,Kevin Streelman,.00,0,8,E
1,Nick Taylor,.00,0,8,E
1,Brendon Todd,.00,0,8,E
1,Camilo Villegas,.00,0,8,E
1,Jimmy Walker,.00,0,8,E
1,Bubba Watson,.00,0,8,E
