rank,player,Distance,Tournament,Round,Hole,Course
1,Jason Day,409,Hyundai T of C,1,12,656
1,Geoff Ogilvy,409,Hyundai T of C,1,7,656
3,Brendon Todd,404,Hyundai T of C,1,7,656
4,Camilo Villegas,402,Hyundai T of C,1,18,656
6,John Senden,401,Hyundai T of C,1,7,656
6,Scott Stallings,401,Hyundai T of C,1,7,656
8,Russell Henley,400,Hyundai T of C,1,7,656
8,Charley Hoffman,400,Hyundai T of C,1,7,656
11,J.B. Holmes,399,Hyundai T of C,3,6,656
11,Hideki Matsuyama,399,Hyundai T of C,4,17,656
11,Patrick Reed,399,Hyundai T of C,1,7,656
14,Matt Jones,398,Hyundai T of C,1,7,656
17,Matt Kuchar,397,Hyundai T of C,3,6,656
17,Bubba Watson,397,Hyundai T of C,1,6,656
21,Ben Martin,396,Hyundai T of C,3,6,656
27,Robert Streb,393,Hyundai T of C,3,6,656
27,Kevin Streelman,393,Hyundai T of C,1,7,656
27,Jimmy Walker,393,Hyundai T of C,1,18,656
33,Sangmoon Bae,391,Hyundai T of C,4,6,656
33,Chesson Hadley,391,Hyundai T of C,4,17,656
36,S.Y. Noh,390,Hyundai T of C,1,18,656
37,Steven Bowditch,389,Hyundai T of C,2,7,656
37,Brian Harman,389,Hyundai T of C,1,7,656
37,Ryan Moore,389,Hyundai T of C,1,18,656
43,Chris Kirk,388,Hyundai T of C,1,17,656
43,Nick Taylor,388,Hyundai T of C,3,17,656
54,Billy Horschel,382,Hyundai T of C,1,12,656
62,Ángel Cabrera,380,Hyundai T of C,2,18,656
62,Ben Crane,380,Hyundai T of C,4,17,656
66,Hunter Mahan,379,Hyundai T of C,1,6,656
68,Zach Johnson,378,Hyundai T of C,1,7,656
83,Matt Every,374,Hyundai T of C,3,17,656
111,Kevin Stadler,370,Hyundai T of C,1,12,656
256,Tim Clark,349,Hyundai T of C,1,6,656
