rank,player,%,Total Drives for 280-300,Total Drvs - overall,Relative to par
1,Jason Day,62.50,5,8,-0.40
1,Russell Henley,62.50,5,8,-0.60
1,Charley Hoffman,62.50,5,8,-0.60
4,J.B. Holmes,50.00,4,8,-0.75
4,Hunter Mahan,50.00,4,8,-0.25
4,Patrick Reed,50.00,4,8,-0.25
4,Scott Stallings,50.00,4,8,-0.50
4,Robert Streb,50.00,4,8,-0.75
4,Bubba Watson,50.00,4,8,-0.50
10,Ángel Cabrera,37.50,3,8,-0.33
10,Matt Kuchar,37.50,3,8,E
10,Hideki Matsuyama,37.50,3,8,-0.33
10,Nick Taylor,37.50,3,8,E
10,Camilo Villegas,37.50,3,8,-0.33
10,Jimmy Walker,37.50,3,8,-0.33
16,Steven Bowditch,25.00,2,8,E
16,Chesson Hadley,25.00,2,8,E
16,Matt Jones,25.00,2,8,-1.00
16,S.Y. Noh,25.00,2,8,E
16,Kevin Streelman,25.00,2,8,E
21,Sangmoon Bae,12.50,1,8,-1.00
21,Matt Every,12.50,1,8,-1.00
21,Brian Harman,12.50,1,8,E
21,Billy Horschel,12.50,1,8,E
21,Zach Johnson,12.50,1,8,E
21,Chris Kirk,12.50,1,8,+1.00
21,Ben Martin,12.50,1,8,E
21,Geoff Ogilvy,12.50,1,8,E
21,John Senden,12.50,1,8,E
30,Tim Clark,.00,0,8,E
30,Ben Crane,.00,0,8,E
30,Ryan Moore,.00,0,8,E
30,Brendon Todd,.00,0,8,E
