rank,player,%,Total Drives for 320+,Total Drives - Overall,Relative to Par
1,J.B. Holmes,35.00,21,60,-0.143
2,Charley Hoffman,31.67,19,60,-0.105
2,Robert Streb,31.67,19,60,-0.263
4,Sangmoon Bae,30.00,18,60,-0.278
4,Jason Day,30.00,18,60,-0.278
4,Patrick Reed,30.00,18,60,-0.167
7,Brian Harman,28.33,17,60,-0.294
7,Russell Henley,28.33,17,60,-0.353
7,S.Y. Noh,28.33,17,60,-0.235
7,Jimmy Walker,28.33,17,60,-0.176
11,Ángel Cabrera,26.67,16,60,-0.125
11,Billy Horschel,26.67,16,60,-0.250
11,Matt Jones,26.67,16,60,-0.375
11,Hideki Matsuyama,26.67,16,60,-0.250
11,John Senden,26.67,16,60,-0.313
11,Scott Stallings,26.67,16,60,-0.125
11,Bubba Watson,26.67,16,60,-0.375
18,Steven Bowditch,25.00,15,60,-0.200
18,Matt Every,25.00,15,60,E
18,Hunter Mahan,25.00,15,60,-0.133
18,Ben Martin,25.00,15,60,-0.333
18,Ryan Moore,25.00,15,60,+0.067
18,Geoff Ogilvy,25.00,15,60,E
24,Chris Kirk,23.33,14,60,-0.357
24,Matt Kuchar,23.33,14,60,-0.500
24,Kevin Streelman,23.33,14,60,-0.286
27,Nick Taylor,21.67,13,60,-0.077
28,Chesson Hadley,20.00,12,60,-0.500
29,Zach Johnson,18.33,11,60,-0.455
30,Camilo Villegas,16.67,10,60,-0.100
31,Brendon Todd,15.00,9,60,-0.222
32,Tim Clark,11.67,7,60,-0.143
32,Ben Crane,11.67,7,60,-0.143
