rank,player,%,Total Drives for <= 240,Total Drives - Overall,Relative to Par
1,Matt Jones,25.00,15,60,-0.067
2,Tim Clark,21.67,13,60,E
3,Ben Crane,20.00,12,60,E
3,Camilo Villegas,20.00,12,60,-0.083
5,Ángel Cabrera,18.33,11,60,-0.091
5,Zach Johnson,18.33,11,60,-0.273
7,Steven Bowditch,16.67,10,60,-0.100
7,Chris Kirk,16.67,10,60,+0.200
7,Ryan Moore,16.67,10,60,-0.200
7,Brendon Todd,16.67,10,60,-0.200
11,Jason Day,15.00,9,60,-0.111
12,S.Y. Noh,11.67,7,60,+0.143
13,Charley Hoffman,10.00,6,60,-0.333
13,Geoff Ogilvy,10.00,6,60,E
13,John Senden,10.00,6,60,+0.333
13,Nick Taylor,10.00,6,60,E
17,Chesson Hadley,8.33,5,60,E
17,J.B. Holmes,8.33,5,60,+0.200
17,Ben Martin,8.33,5,60,-0.200
17,Kevin Streelman,8.33,5,60,+0.200
17,Jimmy Walker,8.33,5,60,-0.200
22,Russell Henley,6.67,4,60,-0.250
22,Hideki Matsuyama,6.67,4,60,-0.250
22,Patrick Reed,6.67,4,60,E
22,Scott Stallings,6.67,4,60,+0.250
26,Matt Every,5.00,3,60,+0.667
26,Billy Horschel,5.00,3,60,-0.333
28,Matt Kuchar,3.33,2,60,+0.500
28,Robert Streb,3.33,2,60,E
30,Brian Harman,1.67,1,60,-1.000
30,Hunter Mahan,1.67,1,60,E
32,Sangmoon Bae,.00,0,60,E
32,Bubba Watson,.00,0,60,E
