rank,player,%,Total Drives for 300+,Total Drives - Overall,Relative to Par
1,Bubba Watson,45.00,27,60,-0.333
2,Jason Day,43.33,26,60,-0.154
3,J.B. Holmes,41.67,25,60,-0.080
4,Charley Hoffman,40.00,24,60,-0.083
4,Robert Streb,40.00,24,60,-0.167
6,Hideki Matsuyama,36.67,22,60,-0.364
7,Steven Bowditch,35.00,21,60,-0.048
7,Brian Harman,35.00,21,60,-0.333
7,Russell Henley,35.00,21,60,-0.286
7,Hunter Mahan,35.00,21,60,-0.190
7,S.Y. Noh,35.00,21,60,-0.143
7,Patrick Reed,35.00,21,60,-0.190
13,Billy Horschel,33.33,20,60,-0.250
13,Chris Kirk,33.33,20,60,-0.150
13,Ben Martin,33.33,20,60,-0.250
13,Geoff Ogilvy,33.33,20,60,E
13,Scott Stallings,33.33,20,60,-0.200
18,Sangmoon Bae,31.67,19,60,-0.211
18,Ángel Cabrera,31.67,19,60,E
18,Matt Jones,31.67,19,60,-0.316
21,Matt Every,30.00,18,60,+0.056
21,Matt Kuchar,30.00,18,60,-0.444
21,John Senden,30.00,18,60,-0.278
21,Kevin Streelman,30.00,18,60,-0.222
21,Jimmy Walker,30.00,18,60,-0.167
26,Zach Johnson,26.67,16,60,-0.313
26,Ryan Moore,26.67,16,60,+0.125
26,Nick Taylor,26.67,16,60,+0.063
29,Chesson Hadley,25.00,15,60,-0.467
29,Brendon Todd,25.00,15,60,E
31,Camilo Villegas,21.67,13,60,E
32,Tim Clark,20.00,12,60,-0.167
33,Ben Crane,16.67,10,60,-0.300
