rank,player,%,Total Drives for 240-260,Total Drives - Overall,Relative to Par
1,Brendon Todd,31.67,19,60,-0.368
2,Ben Crane,30.00,18,60,-0.056
3,Tim Clark,28.33,17,60,-0.176
3,Zach Johnson,28.33,17,60,-0.176
5,Matt Kuchar,25.00,15,60,-0.200
5,Kevin Streelman,25.00,15,60,-0.267
7,Ben Martin,21.67,13,60,-0.231
8,Matt Every,20.00,12,60,-0.167
8,Billy Horschel,20.00,12,60,E
8,Hunter Mahan,20.00,12,60,-0.083
11,Hideki Matsuyama,18.33,11,60,-0.182
12,Sangmoon Bae,16.67,10,60,-0.400
12,Chris Kirk,16.67,10,60,-0.400
12,Geoff Ogilvy,16.67,10,60,E
12,Scott Stallings,16.67,10,60,-0.100
12,Robert Streb,16.67,10,60,-0.100
17,Steven Bowditch,15.00,9,60,-0.444
17,Ryan Moore,15.00,9,60,-0.444
17,Jimmy Walker,15.00,9,60,-0.444
20,Chesson Hadley,13.33,8,60,+0.250
20,Brian Harman,13.33,8,60,E
20,Patrick Reed,13.33,8,60,-0.500
20,John Senden,13.33,8,60,-0.125
24,Ángel Cabrera,10.00,6,60,+0.167
24,Russell Henley,10.00,6,60,-0.500
24,Matt Jones,10.00,6,60,E
24,Nick Taylor,10.00,6,60,-0.333
28,Charley Hoffman,8.33,5,60,-0.400
28,J.B. Holmes,8.33,5,60,E
28,S.Y. Noh,8.33,5,60,+0.400
31,Camilo Villegas,6.67,4,60,+0.250
32,Jason Day,1.67,1,60,E
32,Bubba Watson,1.67,1,60,E
