rank,player,%,Total Drives for 260-280,Total Drives - Overall,Relative to Par
1,Brian Harman,40.00,24,60,-0.167
2,Chesson Hadley,38.33,23,60,-0.261
3,Sangmoon Bae,33.33,20,60,-0.150
3,Matt Every,33.33,20,60,-0.450
5,John Senden,31.67,19,60,-0.105
5,Nick Taylor,31.67,19,60,-0.316
7,Billy Horschel,30.00,18,60,-0.222
7,Ben Martin,30.00,18,60,-0.111
7,Ryan Moore,30.00,18,60,-0.222
10,Geoff Ogilvy,28.33,17,60,-0.353
10,Scott Stallings,28.33,17,60,-0.412
10,Camilo Villegas,28.33,17,60,E
13,S.Y. Noh,26.67,16,60,-0.625
13,Robert Streb,26.67,16,60,-0.375
15,Matt Kuchar,25.00,15,60,-0.067
15,Bubba Watson,25.00,15,60,-0.200
17,Russell Henley,23.33,14,60,-0.357
17,Charley Hoffman,23.33,14,60,-0.286
17,Matt Jones,23.33,14,60,-0.429
17,Chris Kirk,23.33,14,60,-0.357
17,Hunter Mahan,23.33,14,60,-0.286
22,Ben Crane,21.67,13,60,-0.231
22,Jimmy Walker,21.67,13,60,-0.692
24,Steven Bowditch,20.00,12,60,-0.083
24,J.B. Holmes,20.00,12,60,E
26,Ángel Cabrera,18.33,11,60,-0.364
26,Kevin Streelman,18.33,11,60,-0.545
28,Tim Clark,16.67,10,60,-0.300
28,Hideki Matsuyama,16.67,10,60,-0.400
28,Patrick Reed,16.67,10,60,-0.500
31,Zach Johnson,15.00,9,60,-0.556
31,Brendon Todd,15.00,9,60,-0.222
33,Jason Day,11.67,7,60,-0.571
