rank,player,All Drives,Total Distance,# of Drives
1,Bubba Watson,307.8,"18,471",60
2,Jason Day,301.0,"18,058",60
3,J.B. Holmes,298.9,"17,935",60
4,Russell Henley,297.1,"17,824",60
5,Patrick Reed,297.0,"17,817",60
6,Charley Hoffman,296.8,"17,810",60
7,Hideki Matsuyama,296.1,"17,766",60
8,Robert Streb,295.2,"17,713",60
9,Sangmoon Bae,294.1,"17,645",60
10,Hunter Mahan,294.0,"17,642",60
11,Brian Harman,293.8,"17,627",60
12,Jimmy Walker,292.7,"17,560",60
13,Scott Stallings,292.4,"17,544",60
14,Billy Horschel,291.8,"17,507",60
15,S.Y. Noh,291.5,"17,491",60
16,Matt Kuchar,289.6,"17,375",60
17,John Senden,289.2,"17,355",60
18,Geoff Ogilvy,288.6,"17,318",60
19,Steven Bowditch,288.0,"17,278",60
20,Ángel Cabrera,287.6,"17,254",60
21,Ben Martin,287.4,"17,241",60
22,Kevin Streelman,286.7,"17,199",60
23,Matt Every,286.5,"17,187",60
24,Nick Taylor,285.8,"17,148",60
25,Chesson Hadley,285.2,"17,111",60
26,Chris Kirk,283.8,"17,027",60
27,Matt Jones,282.9,"16,972",60
28,Ryan Moore,280.8,"16,846",60
28,Camilo Villegas,280.8,"16,847",60
30,Zach Johnson,275.8,"16,546",60
30,Brendon Todd,275.8,"16,549",60
32,Ben Crane,270.6,"16,237",60
33,Tim Clark,268.9,"16,131",60
