rank,player,%,Total Drives for 260-280,Total Drvs - overall,Relative to par
1,Brian Harman,87.50,7,8,-0.14
1,John Senden,87.50,7,8,-0.14
3,Chesson Hadley,75.00,6,8,-0.33
3,Geoff Ogilvy,75.00,6,8,+0.17
5,Sangmoon Bae,62.50,5,8,E
5,Matt Every,62.50,5,8,-0.40
5,Billy Horschel,62.50,5,8,E
5,Zach Johnson,62.50,5,8,-0.80
5,Ben Martin,62.50,5,8,-0.20
5,S.Y. Noh,62.50,5,8,-0.60
5,Camilo Villegas,62.50,5,8,+0.40
12,Steven Bowditch,50.00,4,8,E
12,Tim Clark,50.00,4,8,-1.00
12,Ben Crane,50.00,4,8,-0.50
12,J.B. Holmes,50.00,4,8,E
12,Matt Jones,50.00,4,8,-0.25
12,Matt Kuchar,50.00,4,8,-0.25
12,Hideki Matsuyama,50.00,4,8,-0.25
12,Ryan Moore,50.00,4,8,-0.50
12,Scott Stallings,50.00,4,8,-0.50
12,Kevin Streelman,50.00,4,8,-0.25
12,Nick Taylor,50.00,4,8,-0.25
12,Jimmy Walker,50.00,4,8,-0.50
24,Ángel Cabrera,37.50,3,8,-0.33
24,Russell Henley,37.50,3,8,-0.67
24,Charley Hoffman,37.50,3,8,E
24,Chris Kirk,37.50,3,8,-0.33
24,Hunter Mahan,37.50,3,8,-0.33
24,Patrick Reed,37.50,3,8,E
24,Brendon Todd,37.50,3,8,-0.67
31,Jason Day,25.00,2,8,E
31,Robert Streb,25.00,2,8,-0.50
33,Bubba Watson,.00,0,8,E
