rank,player,Value,Attempts(<= 5'),Tot Made (>=20'),Tot Made (<= 5')
1,Daniel Chopra,114.04,57,9,56
2,Nick Watney,105.45,55,3,55
3,Hunter Mahan,103.57,56,3,55
4,Boo Weekley,103.28,61,2,61
5,Stephen Ames,101.92,52,3,50
6,Jim Furyk,101.64,61,2,60
7,Aaron Baddeley,100.00,56,1,55
7,Jonathan Byrd,100.00,61,2,59
7,Chad Campbell,100.00,60,2,58
7,Zach Johnson,100.00,60,0,60
7,Justin Leonard,100.00,55,2,53
7,Steve Stricker,100.00,58,3,55
7,Mark Wilson,100.00,61,1,60
14,Charley Hoffman,98.48,66,0,65
15,Joe Ogilvie,98.41,63,2,60
16,Woody Austin,98.31,59,1,57
16,Brian Bateman,98.31,59,1,57
16,Fred Funk,98.31,59,2,56
19,Mike Weir,98.25,57,0,56
20,Henrik Stenson,98.21,56,1,54
21,Charles Howell III,98.11,53,0,52
22,Vijay Singh,96.92,65,1,62
23,Rory Sabbatini,96.77,62,2,58
24,K.J. Choi,96.72,61,1,58
25,Steve Flesch,96.61,59,0,57
26,Ángel Cabrera,95.31,64,0,61
27,Brandt Snedeker,95.08,61,2,56
28,George McNeill,94.74,57,0,54
29,Mark Calcavecchia,94.64,56,2,51
30,Paul Goydos,93.44,61,0,57
31,Scott Verplank,93.10,58,0,54
