rank,player,%,# Birdies,Greens Hit
1,Brandt Snedeker,37.93,22,58
2,Daniel Chopra,37.10,23,62
3,Stephen Ames,35.59,21,59
4,Steve Stricker,35.48,22,62
5,Mike Weir,32.79,20,61
6,Mark Calcavecchia,31.75,20,63
7,Ángel Cabrera,31.67,19,60
8,Rory Sabbatini,31.15,19,61
9,Charles Howell III,30.51,18,59
10,Jonathan Byrd,30.36,17,56
10,George McNeill,30.36,17,56
12,Steve Flesch,29.82,17,57
12,Justin Leonard,29.82,17,57
14,Chad Campbell,29.69,19,64
14,Hunter Mahan,29.69,19,64
16,Boo Weekley,29.09,16,55
17,Aaron Baddeley,28.81,17,59
18,Brian Bateman,28.33,17,60
19,Jim Furyk,27.42,17,62
20,Nick Watney,26.87,18,67
21,Scott Verplank,26.67,16,60
22,K.J. Choi,25.45,14,55
23,Woody Austin,25.42,15,59
24,Paul Goydos,24.07,13,54
25,Zach Johnson,23.33,14,60
26,Henrik Stenson,22.81,13,57
27,Vijay Singh,22.22,14,63
28,Fred Funk,20.63,13,63
29,Charley Hoffman,20.00,13,65
29,Joe Ogilvie,20.00,11,55
29,Mark Wilson,20.00,12,60
