rank,player,Avg,GIR Putts,Greens Hit,Birdie Conversion
1,Daniel Chopra,1.694,105,62,37.10
2,Charles Howell III,1.700,102,60,30.51
3,Stephen Ames,1.712,101,59,35.59
4,Steve Stricker,1.714,108,63,35.48
5,Justin Leonard,1.719,98,57,29.82
6,Jonathan Byrd,1.732,97,56,30.36
7,Mike Weir,1.738,106,61,32.79
8,Chad Campbell,1.750,112,64,29.69
9,Brandt Snedeker,1.759,102,58,37.93
10,Aaron Baddeley,1.763,104,59,28.81
11,Scott Verplank,1.767,106,60,26.67
12,Rory Sabbatini,1.770,108,61,31.15
13,Steve Flesch,1.772,101,57,29.82
14,Mark Calcavecchia,1.781,114,64,31.75
15,Zach Johnson,1.783,107,60,23.33
16,George McNeill,1.786,100,56,30.36
17,Jim Furyk,1.790,111,62,27.42
18,Ángel Cabrera,1.800,108,60,31.67
18,K.J. Choi,1.800,99,55,25.45
20,Hunter Mahan,1.813,116,64,29.69
21,Paul Goydos,1.815,98,54,24.07
22,Boo Weekley,1.818,100,55,29.09
23,Nick Watney,1.821,122,67,26.87
24,Brian Bateman,1.833,110,60,28.33
25,Woody Austin,1.864,110,59,25.42
26,Henrik Stenson,1.877,107,57,22.81
27,Fred Funk,1.889,119,63,20.63
28,Charley Hoffman,1.908,124,65,20.00
29,Mark Wilson,1.917,115,60,20.00
30,Vijay Singh,1.921,121,63,22.22
31,Joe Ogilvie,1.927,106,55,20.00
