rank,player,Total
1,Charles Howell III,15.0
2,Nick Watney,17.8
3,Zach Johnson,18.3
4,Jonathan Byrd,19.2
5,Aaron Baddeley,20.3
6,Mike Weir,22.8
7,Steve Stricker,25.3
8,Justin Leonard,26.5
9,Stephen Ames,27.2
10,Jim Furyk,30.0
11,Henrik Stenson,30.5
12,Steve Flesch,30.8
13,Daniel Chopra,31.8
14,Hunter Mahan,32.3
15,Brian Bateman,33.3
16,Rory Sabbatini,34.2
16,Scott Verplank,34.2
18,K.J. Choi,35.3
18,Brandt Snedeker,35.3
20,Woody Austin,35.7
21,Paul Goydos,36.6
22,Mark Wilson,37.3
23,Boo Weekley,38.3
24,Ángel Cabrera,40.2
25,Chad Campbell,40.9
25,George McNeill,40.9
27,Mark Calcavecchia,42.1
28,Joe Ogilvie,42.4
29,Fred Funk,43.1
30,Charley Hoffman,44.8
31,Vijay Singh,52.5
