rank,player,%,Greens Hit,Total Holes,Relative to par
1,Robert Allenby,91.67,11,12,-0.09
2,Ryan Palmer,88.89,8,9,-0.50
3,Chad Collins,87.50,14,16,-0.14
4,Jason Dufner,83.33,10,12,-0.10
4,John Merrick,83.33,10,12,-0.20
6,K.J. Choi,72.73,8,11,-0.13
6,Tom Gillis,72.73,8,11,E
8,Spencer Levin,68.75,11,16,-0.36
9,Richard Johnson,68.42,13,19,-0.23
10,Woody Austin,66.67,8,12,-0.13
10,Rich Barcelo,66.67,10,15,-0.10
10,Troy Matteson,66.67,10,15,E
10,Omar Uresti,66.67,10,15,-0.10
14,Rory Sabbatini,64.71,11,17,-0.18
15,Charles Howell III,64.29,9,14,E
16,Tim Clark,63.64,7,11,-0.14
16,Tom Lehman,63.64,7,11,-0.29
16,Marc Leishman,63.64,7,11,E
19,Jeff Klauk,61.54,8,13,+0.13
19,John Rollins,61.54,8,13,E
19,Vijay Singh,61.54,8,13,-0.25
19,Y.E. Yang,61.54,8,13,-0.25
23,Blake Adams,60.00,9,15,E
23,Nathan Green,60.00,9,15,-0.11
23,Davis Love III,60.00,9,15,-0.22
23,Steve Stricker,60.00,9,15,-0.11
23,Boo Weekley,60.00,6,10,-0.17
28,Jim Carter,59.09,13,22,-0.08
29,Stewart Cink,58.82,10,17,-0.20
29,Bob Estes,58.82,10,17,-0.10
31,Henrik Bjornstad,57.14,8,14,+0.25
31,Mark Calcavecchia,57.14,8,14,-0.25
31,Jeff Quinney,57.14,12,21,E
34,Chad Campbell,56.25,9,16,-0.22
34,Dustin Johnson,56.25,9,16,E
34,Pat Perez,56.25,9,16,-0.22
37,David Toms,55.56,10,18,E
38,Bubba Watson,54.55,6,11,E
39,Nick O'Hern,53.85,7,13,-0.29
39,Carl Pettersson,53.85,7,13,-0.29
39,Roger Tambellini,53.85,7,13,-0.14
42,Jason Day,53.33,8,15,+0.38
43,Chris Tidland,52.63,10,19,E
44,Retief Goosen,50.00,7,14,-0.29
44,Justin Rose,50.00,6,12,E
44,Brian Stuard,50.00,8,16,-0.38
47,Kevin Johnson,47.37,9,19,-0.11
48,Stephen Ames,47.06,8,17,-0.13
48,Ryuji Imada,47.06,8,17,E
48,Kevin Na,47.06,8,17,+0.13
51,Michael Allen,46.67,7,15,E
51,Ricky Barnes,46.67,7,15,-0.29
51,Jeff Maggert,46.67,7,15,-0.14
54,Martin Flores,45.45,5,11,-0.20
54,Brian Gay,45.45,10,22,-0.30
56,Graham DeLaet,42.86,6,14,E
56,Ernie Els,42.86,6,14,E
56,Troy Merritt,42.86,6,14,-0.33
59,Briny Baird,41.18,7,17,-0.43
59,Paul Goydos,41.18,7,17,-0.29
61,Brian Davis,40.00,6,15,-0.33
62,WC Liang,38.46,5,13,E
63,Shane Bertsch,35.71,5,14,-0.20
63,Ángel Cabrera,35.71,5,14,-0.40
65,Mark Wilson,35.29,6,17,E
66,Dean Wilson,35.00,7,20,-0.14
67,David Lutterus,33.33,5,15,E
67,Joe Ogilvie,33.33,5,15,-0.20
69,Corey Pavin,31.58,6,19,-0.33
70,Zach Johnson,30.77,4,13,E
71,Ryuichi Oda,25.00,3,12,E
