rank,player,%,Greens Hit,Total Holes,Relative to par
1,Kevin Na,100.00,9,9,-0.22
2,Ernie Els,85.71,6,7,-0.17
3,Rory Sabbatini,83.33,5,6,+0.20
4,Zach Johnson,77.78,7,9,-0.29
4,Mark Wilson,77.78,7,9,+0.14
6,Bubba Watson,75.00,6,8,E
7,Joe Ogilvie,70.00,7,10,-0.29
8,Blake Adams,66.67,6,9,E
8,Shane Bertsch,66.67,6,9,-0.17
8,Omar Uresti,66.67,8,12,-0.25
11,Rich Barcelo,63.64,7,11,E
11,Tim Clark,63.64,7,11,E
13,Robert Allenby,62.50,5,8,+0.20
13,Graham DeLaet,62.50,5,8,E
13,Troy Merritt,62.50,5,8,-0.20
13,Justin Rose,62.50,5,8,-0.20
13,Steve Stricker,62.50,5,8,-0.40
18,Chad Campbell,57.14,4,7,E
18,Jason Day,57.14,4,7,E
18,Carl Pettersson,57.14,4,7,-0.25
18,John Rollins,57.14,4,7,-0.25
18,Vijay Singh,57.14,4,7,-0.50
23,Paul Goydos,55.56,5,9,-0.20
23,Marc Leishman,55.56,5,9,-0.60
23,John Merrick,55.56,5,9,E
23,Chris Tidland,55.56,5,9,E
23,Dean Wilson,55.56,5,9,+0.20
23,Y.E. Yang,55.56,5,9,E
29,Stephen Ames,50.00,4,8,E
29,Ricky Barnes,50.00,5,10,+0.20
29,Ángel Cabrera,50.00,2,4,E
29,Retief Goosen,50.00,4,8,E
29,Nathan Green,50.00,6,12,-0.17
29,Ryuji Imada,50.00,4,8,E
29,Dustin Johnson,50.00,3,6,E
29,Nick O'Hern,50.00,5,10,-0.20
29,Pat Perez,50.00,6,12,-0.33
38,Jim Carter,45.45,5,11,E
38,Jason Dufner,45.45,5,11,-0.40
38,Bob Estes,45.45,5,11,-0.20
41,Tom Lehman,44.44,4,9,-0.25
42,Davis Love III,42.86,3,7,E
42,David Lutterus,42.86,3,7,E
42,Troy Matteson,42.86,3,7,-0.33
42,Ryan Palmer,42.86,3,7,E
42,Boo Weekley,42.86,3,7,E
47,Woody Austin,41.67,5,12,+0.20
48,Mark Calcavecchia,40.00,4,10,-0.25
48,Tom Gillis,40.00,4,10,E
50,WC Liang,37.50,3,8,-0.33
50,Brian Stuard,37.50,3,8,-0.33
52,Kevin Johnson,36.36,4,11,-0.25
52,Roger Tambellini,36.36,4,11,E
54,Stewart Cink,33.33,2,6,-0.50
54,Brian Davis,33.33,3,9,E
54,Spencer Levin,33.33,3,9,-0.33
54,Jeff Maggert,33.33,2,6,E
54,Ryuichi Oda,33.33,3,9,+0.33
59,Corey Pavin,30.77,4,13,E
60,Henrik Bjornstad,30.00,3,10,E
60,Jeff Quinney,30.00,3,10,-0.33
62,Michael Allen,28.57,2,7,E
62,K.J. Choi,28.57,2,7,E
62,Martin Flores,28.57,2,7,-0.50
62,Charles Howell III,28.57,2,7,-0.50
66,Briny Baird,25.00,2,8,-0.50
66,Chad Collins,25.00,2,8,E
66,Brian Gay,25.00,2,8,E
69,Jeff Klauk,20.00,2,10,E
69,David Toms,20.00,2,10,E
71,Richard Johnson,18.18,2,11,E
