rank,player,%,Greens Hit,Total Holes,Relative to par
1,Robert Allenby,100.00,10,10,-0.50
1,Stephen Ames,100.00,8,8,-0.50
1,Briny Baird,100.00,8,8,-0.75
1,Ricky Barnes,100.00,9,9,-0.56
1,Henrik Bjornstad,100.00,7,7,-0.57
1,Ángel Cabrera,100.00,11,11,-0.82
1,Jim Carter,100.00,9,9,-0.67
1,Stewart Cink,100.00,8,8,-0.63
1,Tim Clark,100.00,9,9,-0.56
1,Chad Collins,100.00,7,7,-0.86
1,Jason Day,100.00,9,9,-0.56
1,Graham DeLaet,100.00,9,9,-0.78
1,Jason Dufner,100.00,9,9,-0.56
1,Ernie Els,100.00,9,9,-0.78
1,Bob Estes,100.00,9,9,-0.67
1,Martin Flores,100.00,9,9,-0.56
1,Brian Gay,100.00,4,4,-0.50
1,Nathan Green,100.00,9,9,-0.89
1,Charles Howell III,100.00,7,7,-0.71
1,Ryuji Imada,100.00,7,7,-0.71
1,Dustin Johnson,100.00,12,12,-0.75
1,Kevin Johnson,100.00,7,7,-0.71
1,Tom Lehman,100.00,10,10,-0.70
1,Troy Matteson,100.00,9,9,-0.78
1,Troy Merritt,100.00,10,10,-0.50
1,Nick O'Hern,100.00,10,10,-0.80
1,Corey Pavin,100.00,8,8,-0.75
1,John Rollins,100.00,11,11,-0.55
1,Brian Stuard,100.00,7,7,-0.57
1,David Toms,100.00,10,10,-0.50
1,Boo Weekley,100.00,11,11,-0.36
1,Dean Wilson,100.00,10,10,-0.40
33,Retief Goosen,91.67,11,12,-0.73
33,John Merrick,91.67,11,12,-0.73
33,Justin Rose,91.67,11,12,-0.91
33,Vijay Singh,91.67,11,12,-0.82
37,K.J. Choi,90.91,10,11,-0.60
37,Brian Davis,90.91,10,11,-0.40
37,Kevin Na,90.91,10,11,-0.50
37,Rory Sabbatini,90.91,10,11,-0.60
37,Y.E. Yang,90.91,10,11,-0.80
42,Woody Austin,90.00,9,10,-0.89
42,Mark Calcavecchia,90.00,9,10,-0.33
42,Chad Campbell,90.00,9,10,-0.67
42,Paul Goydos,90.00,9,10,-0.44
42,Ryuichi Oda,90.00,9,10,-0.44
42,Chris Tidland,90.00,9,10,-0.44
42,Omar Uresti,90.00,9,10,-0.67
49,Zach Johnson,88.89,8,9,-0.75
49,Marc Leishman,88.89,8,9,-0.75
51,Blake Adams,87.50,7,8,-0.57
51,Michael Allen,87.50,7,8,-0.57
51,Rich Barcelo,87.50,7,8,-0.57
51,Shane Bertsch,87.50,7,8,-0.57
51,Spencer Levin,87.50,7,8,E
51,David Lutterus,87.50,7,8,-0.71
51,Jeff Maggert,87.50,7,8,-0.57
51,Ryan Palmer,87.50,7,8,-0.71
51,Pat Perez,87.50,7,8,-0.86
51,Bubba Watson,87.50,14,16,-0.64
51,Mark Wilson,87.50,7,8,-0.71
62,Tom Gillis,85.71,6,7,-0.83
62,Jeff Klauk,85.71,6,7,-0.83
62,Carl Pettersson,85.71,6,7,-0.50
62,Jeff Quinney,85.71,6,7,-0.83
66,Richard Johnson,83.33,5,6,-1.00
67,Joe Ogilvie,81.82,9,11,-0.67
68,Roger Tambellini,77.78,7,9,-0.57
69,Steve Stricker,72.73,8,11,-0.75
70,WC Liang,71.43,5,7,-1.20
71,Davis Love III,70.00,7,10,-0.86
