rank,player,%,Greens Hit,Total Holes,Relative to par
1,Robert Allenby,100.00,12,12,-0.58
1,Briny Baird,100.00,10,10,-0.70
1,Henrik Bjornstad,100.00,10,10,-0.70
1,Tim Clark,100.00,11,11,-0.45
1,Chad Collins,100.00,9,9,-0.67
1,Graham DeLaet,100.00,11,11,-0.55
1,Nathan Green,100.00,11,11,-0.73
1,Charles Howell III,100.00,7,7,-0.71
1,Kevin Johnson,100.00,9,9,-0.44
1,Troy Merritt,100.00,11,11,-0.45
1,Corey Pavin,100.00,10,10,-0.70
1,David Toms,100.00,12,12,-0.42
1,Boo Weekley,100.00,12,12,-0.33
1,Dean Wilson,100.00,11,11,-0.36
15,K.J. Choi,92.31,12,13,-0.58
15,Vijay Singh,92.31,12,13,-0.75
15,Y.E. Yang,92.31,12,13,-0.67
18,Ricky Barnes,91.67,11,12,-0.45
18,Stewart Cink,91.67,11,12,-0.45
18,Retief Goosen,91.67,11,12,-0.73
18,Troy Matteson,91.67,11,12,-0.64
18,John Merrick,91.67,11,12,-0.73
18,Kevin Na,91.67,11,12,-0.45
18,Nick O'Hern,91.67,11,12,-0.73
18,John Rollins,91.67,11,12,-0.55
18,Justin Rose,91.67,11,12,-0.91
27,Stephen Ames,90.91,10,11,-0.50
27,Mark Calcavecchia,90.91,10,11,-0.30
27,Chad Campbell,90.91,10,11,-0.60
27,Jim Carter,90.91,10,11,-0.60
27,Brian Davis,90.91,10,11,-0.40
27,Jason Day,90.91,10,11,-0.50
27,Jason Dufner,90.91,10,11,-0.50
27,Bob Estes,90.91,10,11,-0.60
27,Martin Flores,90.91,10,11,-0.50
27,Zach Johnson,90.91,10,11,-0.70
27,Brian Stuard,90.91,10,11,-0.40
38,Michael Allen,90.00,9,10,-0.56
38,Omar Uresti,90.00,9,10,-0.67
38,Bubba Watson,90.00,18,20,-0.56
41,Pat Perez,88.89,8,9,-0.75
41,Mark Wilson,88.89,8,9,-0.63
43,Richard Johnson,85.71,6,7,-1.00
44,Jeff Klauk,84.62,11,13,-0.45
44,Jeff Maggert,84.62,11,13,-0.45
44,Chris Tidland,84.62,11,13,-0.45
47,Dustin Johnson,84.21,16,19,-0.63
48,Woody Austin,83.33,10,12,-0.80
48,Paul Goydos,83.33,10,12,-0.40
48,Tom Lehman,83.33,10,12,-0.70
48,Spencer Levin,83.33,10,12,E
48,Ryuichi Oda,83.33,10,12,-0.40
48,Joe Ogilvie,83.33,10,12,-0.60
48,Carl Pettersson,83.33,10,12,-0.50
48,Rory Sabbatini,83.33,10,12,-0.60
48,Roger Tambellini,83.33,10,12,-0.60
57,Blake Adams,81.82,9,11,-0.56
57,Ernie Els,81.82,9,11,-0.78
57,Ryuji Imada,81.82,9,11,-0.56
57,Ryan Palmer,81.82,9,11,-0.56
61,Shane Bertsch,80.00,8,10,-0.50
62,Ángel Cabrera,78.57,11,14,-0.82
62,Marc Leishman,78.57,11,14,-0.73
64,Brian Gay,77.78,7,9,-0.57
64,Tom Gillis,77.78,7,9,-0.86
66,Jeff Quinney,75.00,6,8,-0.83
66,Steve Stricker,75.00,9,12,-0.67
68,David Lutterus,72.73,8,11,-0.75
69,Rich Barcelo,70.00,7,10,-0.57
69,WC Liang,70.00,7,10,-1.00
71,Davis Love III,66.67,8,12,-0.75
