rank,player,%,Greens Hit,Total Holes,Relative to par
1,Brian Gay,100.00,9,9,-0.44
2,Retief Goosen,94.44,17,18,-0.35
3,Pat Perez,93.33,14,15,-0.14
4,David Toms,92.86,13,14,-0.31
5,Tom Lehman,87.50,14,16,-0.07
6,Justin Rose,86.67,13,15,-0.31
7,Steve Stricker,85.71,12,14,-0.50
8,Brian Stuard,84.62,11,13,-0.18
8,Dean Wilson,84.62,11,13,-0.18
10,Troy Matteson,84.21,16,19,-0.25
10,Boo Weekley,84.21,16,19,E
12,Jim Carter,83.33,10,12,E
12,Stewart Cink,83.33,10,12,-0.10
12,John Merrick,83.33,10,12,-0.20
15,Briny Baird,82.35,14,17,-0.36
16,Robert Allenby,81.82,9,11,-0.44
16,Nick O'Hern,81.82,9,11,E
16,Roger Tambellini,81.82,9,11,-0.11
19,Stephen Ames,81.25,13,16,-0.46
19,Davis Love III,81.25,13,16,-0.08
19,Troy Merritt,81.25,13,16,-0.46
22,Mark Calcavecchia,80.00,8,10,-0.38
23,Ryuji Imada,78.57,11,14,-0.27
24,Jeff Klauk,77.78,14,18,-0.21
24,Marc Leishman,77.78,7,9,E
26,Blake Adams,76.92,10,13,-0.50
26,Ángel Cabrera,76.92,10,13,-0.40
26,Joe Ogilvie,76.92,10,13,-0.20
26,Chris Tidland,76.92,10,13,-0.20
30,Henrik Bjornstad,75.00,6,8,E
30,Chad Campbell,75.00,9,12,-0.33
30,Graham DeLaet,75.00,15,20,-0.33
30,Charles Howell III,75.00,12,16,-0.33
30,Corey Pavin,75.00,6,8,-0.33
30,Carl Pettersson,75.00,12,16,-0.25
36,Brian Davis,73.33,11,15,-0.27
37,Chad Collins,72.73,8,11,E
37,Spencer Levin,72.73,8,11,-0.25
39,Zach Johnson,72.22,13,18,-0.46
40,Tim Clark,71.43,10,14,-0.20
40,Kevin Johnson,71.43,10,14,-0.40
40,WC Liang,71.43,10,14,-0.30
40,Omar Uresti,71.43,10,14,-0.30
44,Bob Estes,70.00,7,10,-0.14
44,Ryan Palmer,70.00,14,20,-0.36
46,Ernie Els,69.23,9,13,-0.22
47,David Lutterus,68.75,11,16,-0.18
47,Rory Sabbatini,68.75,11,16,-0.36
49,Y.E. Yang,68.42,13,19,-0.31
50,Tom Gillis,68.18,15,22,-0.20
51,Shane Bertsch,66.67,8,12,-0.25
51,Jason Day,66.67,12,18,-0.17
51,Martin Flores,66.67,12,18,-0.17
51,Richard Johnson,66.67,6,9,-0.17
51,Jeff Maggert,66.67,10,15,-0.10
51,Kevin Na,66.67,8,12,-0.50
57,Woody Austin,64.29,9,14,E
57,Vijay Singh,64.29,9,14,-0.11
59,Ricky Barnes,63.64,7,11,-0.14
60,Michael Allen,61.90,13,21,-0.31
61,Jason Dufner,60.00,9,15,-0.11
62,Paul Goydos,58.82,10,17,-0.20
62,Ryuichi Oda,58.82,10,17,-0.10
64,K.J. Choi,57.14,8,14,-0.25
64,Mark Wilson,57.14,8,14,-0.38
66,Bubba Watson,54.55,6,11,-0.50
67,Nathan Green,53.85,7,13,-0.29
67,John Rollins,53.85,7,13,-0.29
69,Rich Barcelo,50.00,8,16,-0.25
69,Dustin Johnson,50.00,6,12,-0.50
71,Jeff Quinney,41.67,5,12,-0.40
