rank,player,%,Greens Hit,# Holes,Relative/Par
1,Robert Allenby,100.0,2,2,-1.00
1,Ricky Barnes,100.0,3,3,-1.00
1,Chad Campbell,100.0,2,2,-1.00
1,Stewart Cink,100.0,3,3,E
1,Tim Clark,100.0,1,1,E
1,Tom Gillis,100.0,3,3,-1.00
1,Nathan Green,100.0,2,2,-1.00
1,Kevin Johnson,100.0,3,3,-1.00
1,Marc Leishman,100.0,2,2,-2.00
1,John Merrick,100.0,4,4,-1.00
1,Troy Merritt,100.0,1,1,E
1,Justin Rose,100.0,3,3,-3.00
1,Vijay Singh,100.0,1,1,-1.00
1,Steve Stricker,100.0,3,3,-2.00
1,Roger Tambellini,100.0,2,2,-1.00
1,Dean Wilson,100.0,1,1,E
1,Y.E. Yang,100.0,2,2,E
18,Ryan Palmer,85.7,6,7,-4.00
19,Brian Gay,83.3,5,6,-4.00
19,Carl Pettersson,83.3,5,6,-1.00
21,Jeff Maggert,80.0,4,5,-1.00
22,Briny Baird,75.0,3,4,-1.00
22,Rich Barcelo,75.0,3,4,-1.00
22,Ernie Els,75.0,3,4,E
22,Spencer Levin,75.0,3,4,E
22,David Lutterus,75.0,3,4,E
22,Troy Matteson,75.0,3,4,-2.00
22,Chris Tidland,75.0,3,4,E
29,Chad Collins,71.4,5,7,-1.00
29,Rory Sabbatini,71.4,5,7,E
31,Henrik Bjornstad,66.7,2,3,-1.00
31,Bob Estes,66.7,4,6,-1.00
31,Jeff Klauk,66.7,4,6,-3.00
31,Nick O'Hern,66.7,2,3,E
35,Kevin Na,60.0,3,5,-1.00
35,Pat Perez,60.0,3,5,-2.00
37,Shane Bertsch,50.0,2,4,E
37,Ángel Cabrera,50.0,1,2,E
37,Brian Davis,50.0,2,4,E
37,Graham DeLaet,50.0,1,2,E
37,Richard Johnson,50.0,2,4,-1.00
37,Davis Love III,50.0,3,6,-1.00
37,David Toms,50.0,1,2,E
37,Omar Uresti,50.0,1,2,-1.00
37,Boo Weekley,50.0,2,4,E
46,Dustin Johnson,40.0,2,5,E
47,Ryuichi Oda,37.5,3,8,E
48,Jim Carter,33.3,1,3,E
48,Martin Flores,33.3,1,3,E
48,Retief Goosen,33.3,1,3,E
48,Tom Lehman,33.3,1,3,E
48,Jeff Quinney,33.3,1,3,E
48,John Rollins,33.3,1,3,-1.00
48,Brian Stuard,33.3,1,3,-1.00
48,Mark Wilson,33.3,1,3,E
56,Michael Allen,25.0,1,4,E
56,Stephen Ames,25.0,1,4,E
56,Woody Austin,25.0,1,4,E
56,Mark Calcavecchia,25.0,1,4,E
56,Jason Day,25.0,2,8,E
56,Jason Dufner,25.0,1,4,E
56,Charles Howell III,25.0,1,4,E
56,Ryuji Imada,25.0,1,4,-1.00
64,Blake Adams,.0,0,3,E
64,K.J. Choi,.0,0,3,E
64,Zach Johnson,.0,0,3,E
64,WC Liang,.0,0,1,E
64,Joe Ogilvie,.0,0,2,E
64,Bubba Watson,.0,0,1,E
