rank,player,%,Greens Hit,Total Holes,Relative to par
1,John Merrick,76.67,46,60,-0.11
2,Spencer Levin,76.27,45,59,-0.20
3,Ryan Palmer,75.41,46,61,-0.30
4,Robert Allenby,75.00,45,60,-0.24
5,Chad Collins,74.19,46,62,-0.17
6,Stewart Cink,73.33,44,60,-0.11
7,Rory Sabbatini,72.88,43,59,-0.26
8,Charles Howell III,72.31,47,65,-0.30
9,Troy Matteson,71.67,43,60,-0.14
9,Steve Stricker,71.67,43,60,-0.26
11,Jason Dufner,70.49,43,61,-0.14
11,Ernie Els,70.49,43,61,-0.14
13,Tom Lehman,70.00,42,60,-0.14
13,Davis Love III,70.00,42,60,-0.19
13,Carl Pettersson,70.00,42,60,-0.31
16,Chris Tidland,69.49,41,59,-0.07
17,Omar Uresti,69.35,43,62,-0.21
18,Marc Leishman,69.09,38,55,-0.26
19,Tim Clark,68.85,42,61,-0.17
20,Blake Adams,67.21,41,61,-0.24
20,Stephen Ames,67.21,41,61,-0.27
20,Jason Day,67.21,41,61,E
23,Boo Weekley,66.67,40,60,-0.03
24,Retief Goosen,66.10,39,59,-0.26
25,Graham DeLaet,65.57,40,61,-0.20
26,Y.E. Yang,65.52,38,58,-0.21
27,Chad Campbell,65.00,39,60,-0.23
27,Kevin Na,65.00,39,60,-0.23
29,Pat Perez,63.49,40,63,-0.18
29,Mark Wilson,63.49,40,63,-0.18
31,Zach Johnson,63.33,38,60,-0.39
31,Nick O'Hern,63.33,38,60,-0.11
31,John Rollins,63.33,38,60,-0.18
34,Tom Gillis,62.90,39,62,-0.18
35,Ryuji Imada,62.30,38,61,-0.16
36,Roger Tambellini,62.07,36,58,-0.14
37,Bubba Watson,62.00,31,50,-0.16
38,Mark Calcavecchia,61.67,37,60,-0.24
38,Dean Wilson,61.67,37,60,-0.16
40,Briny Baird,61.29,38,62,-0.26
41,Vijay Singh,61.02,36,59,-0.11
42,Richard Johnson,60.94,39,64,-0.13
43,Henrik Bjornstad,60.66,37,61,-0.08
44,K.J. Choi,60.34,35,58,-0.14
44,Jeff Maggert,60.34,35,58,-0.17
46,Paul Goydos,60.00,36,60,-0.25
46,Justin Rose,60.00,36,60,-0.22
46,David Toms,60.00,36,60,-0.14
49,Rich Barcelo,59.68,37,62,-0.11
50,Troy Merritt,59.32,35,59,-0.29
51,Nathan Green,59.02,36,61,-0.25
51,Brian Stuard,59.02,36,61,-0.22
53,Ángel Cabrera,58.62,34,58,-0.24
54,Shane Bertsch,58.33,35,60,-0.26
54,Joe Ogilvie,58.33,35,60,-0.26
56,Jeff Klauk,57.89,33,57,-0.12
57,Dustin Johnson,57.69,30,52,-0.27
58,Jim Carter,57.38,35,61,-0.06
59,Michael Allen,56.67,34,60,-0.21
59,David Lutterus,56.67,34,60,-0.12
61,WC Liang,56.45,35,62,-0.14
62,Jeff Quinney,56.25,36,64,-0.14
63,Brian Gay,55.74,34,61,-0.29
64,Kevin Johnson,53.97,34,63,-0.29
65,Woody Austin,53.33,32,60,E
66,Ricky Barnes,51.72,30,58,-0.20
67,Martin Flores,51.67,31,60,-0.23
68,Bob Estes,49.15,29,59,-0.14
69,Ryuichi Oda,48.33,29,60,-0.07
70,Brian Davis,42.62,26,61,-0.27
71,Corey Pavin,41.94,26,62,-0.19
