rank,player,%,Greens Hit,Total Holes,Relative to par
1,Michael Allen,100.00,2,2,-0.50
1,Robert Allenby,100.00,2,2,-1.00
1,Briny Baird,100.00,2,2,-0.50
1,Henrik Bjornstad,100.00,3,3,-1.00
1,Mark Calcavecchia,100.00,1,1,E
1,Chad Campbell,100.00,1,1,E
1,K.J. Choi,100.00,2,2,-0.50
1,Tim Clark,100.00,2,2,E
1,Chad Collins,100.00,2,2,E
1,Graham DeLaet,100.00,2,2,+0.50
1,Nathan Green,100.00,2,2,E
1,Kevin Johnson,100.00,2,2,+0.50
1,Richard Johnson,100.00,1,1,-1.00
1,Zach Johnson,100.00,2,2,-0.50
1,Troy Merritt,100.00,1,1,E
1,Kevin Na,100.00,1,1,E
1,Joe Ogilvie,100.00,1,1,E
1,Corey Pavin,100.00,2,2,-0.50
1,Pat Perez,100.00,1,1,E
1,Vijay Singh,100.00,1,1,E
1,Steve Stricker,100.00,1,1,E
1,Roger Tambellini,100.00,3,3,-0.67
1,David Toms,100.00,2,2,E
1,Bubba Watson,100.00,4,4,-0.25
1,Boo Weekley,100.00,1,1,E
1,Dean Wilson,100.00,1,1,E
1,Mark Wilson,100.00,1,1,E
1,Y.E. Yang,100.00,2,2,E
29,Jeff Klauk,83.33,5,6,E
30,Jeff Maggert,80.00,4,5,-0.25
30,Carl Pettersson,80.00,4,5,-0.50
32,Stewart Cink,75.00,3,4,E
32,Spencer Levin,75.00,3,4,E
32,Brian Stuard,75.00,3,4,E
35,Blake Adams,66.67,2,3,-0.50
35,Stephen Ames,66.67,2,3,-0.50
35,Ricky Barnes,66.67,2,3,E
35,WC Liang,66.67,2,3,-0.50
35,Troy Matteson,66.67,2,3,E
35,Ryan Palmer,66.67,2,3,E
35,Chris Tidland,66.67,2,3,-0.50
42,Brian Gay,60.00,3,5,-0.67
42,Marc Leishman,60.00,3,5,-0.67
44,Dustin Johnson,57.14,4,7,-0.25
45,Woody Austin,50.00,1,2,E
45,Shane Bertsch,50.00,1,2,E
45,Jim Carter,50.00,1,2,E
45,Jason Day,50.00,1,2,E
45,Jason Dufner,50.00,1,2,E
45,Bob Estes,50.00,1,2,E
45,Martin Flores,50.00,1,2,E
45,Tom Gillis,50.00,1,2,-1.00
45,Paul Goydos,50.00,1,2,E
45,Ryuji Imada,50.00,2,4,E
45,Davis Love III,50.00,1,2,E
45,Nick O'Hern,50.00,1,2,E
45,Ryuichi Oda,50.00,1,2,E
58,David Lutterus,33.33,1,3,-1.00
59,Rich Barcelo,.00,0,2,E
59,Ángel Cabrera,.00,0,3,E
59,Ernie Els,.00,0,2,E
59,Tom Lehman,.00,0,2,E
59,Jeff Quinney,.00,0,1,E
59,John Rollins,.00,0,1,E
59,Rory Sabbatini,.00,0,1,E
