rank,player,%,Greens Hit,# of Holes
1,Jason Day,100.00,23,23
2,Spencer Levin,95.45,21,22
3,Carl Pettersson,95.24,20,21
4,Boo Weekley,93.10,27,29
5,Joe Ogilvie,91.30,21,23
6,Robert Allenby,90.63,29,32
6,Charles Howell III,90.63,29,32
8,Chad Collins,90.32,28,31
9,Chad Campbell,90.00,27,30
10,Chris Tidland,89.66,26,29
11,Bubba Watson,88.89,24,27
12,Ryan Palmer,88.46,23,26
13,Henrik Bjornstad,87.50,21,24
13,Rory Sabbatini,87.50,21,24
15,Tom Lehman,87.10,27,31
16,Retief Goosen,86.67,26,30
17,Graham DeLaet,86.36,19,22
18,K.J. Choi,85.71,24,28
18,Tom Gillis,85.71,24,28
18,Ryuji Imada,85.71,24,28
21,Omar Uresti,85.29,29,34
21,Dean Wilson,85.29,29,34
23,Blake Adams,85.19,23,27
24,Stewart Cink,83.33,25,30
24,Davis Love III,83.33,25,30
24,Troy Matteson,83.33,20,24
24,John Merrick,83.33,25,30
24,Mark Wilson,83.33,25,30
24,Y.E. Yang,83.33,25,30
30,Mark Calcavecchia,82.76,24,29
30,Nick O'Hern,82.76,24,29
32,Vijay Singh,82.14,23,28
32,David Toms,82.14,23,28
34,Michael Allen,81.82,27,33
34,Briny Baird,81.82,27,33
36,Ricky Barnes,80.95,17,21
36,Marc Leishman,80.95,17,21
38,Woody Austin,80.00,16,20
38,Tim Clark,80.00,24,30
38,Jason Dufner,80.00,24,30
38,Troy Merritt,80.00,20,25
38,Kevin Na,80.00,24,30
38,Pat Perez,80.00,20,25
38,Steve Stricker,80.00,28,35
45,Jeff Quinney,78.95,15,19
46,Richard Johnson,77.42,24,31
47,Ryuichi Oda,77.27,17,22
48,Stephen Ames,76.92,20,26
48,Roger Tambellini,76.92,20,26
50,Ernie Els,76.67,23,30
50,Brian Stuard,76.67,23,30
52,Justin Rose,76.47,26,34
53,Zach Johnson,75.68,28,37
54,Nathan Green,75.00,21,28
54,WC Liang,75.00,18,24
56,Dustin Johnson,74.07,20,27
57,Martin Flores,73.91,17,23
58,Shane Bertsch,72.41,21,29
58,Jim Carter,72.41,21,29
60,Kevin Johnson,71.43,20,28
61,Rich Barcelo,70.37,19,27
61,Ángel Cabrera,70.37,19,27
61,John Rollins,70.37,19,27
64,David Lutterus,69.57,16,23
65,Brian Davis,68.97,20,29
66,Bob Estes,66.67,18,27
66,Jeff Klauk,66.67,12,18
66,Corey Pavin,66.67,22,33
69,Jeff Maggert,65.63,21,32
70,Brian Gay,65.52,19,29
71,Paul Goydos,63.64,28,44
