rank,player,%,Greens Hit,Total Holes,Relative to par
1,Stephen Ames,100.00,2,2,E
1,Woody Austin,100.00,2,2,E
1,Briny Baird,100.00,4,4,-0.25
1,Henrik Bjornstad,100.00,2,2,E
1,Chad Campbell,100.00,4,4,-0.25
1,Stewart Cink,100.00,4,4,-0.25
1,Chad Collins,100.00,7,7,-0.43
1,Graham DeLaet,100.00,7,7,-0.14
1,Jason Dufner,100.00,7,7,-0.29
1,Ernie Els,100.00,8,8,-0.13
1,Bob Estes,100.00,2,2,E
1,Charles Howell III,100.00,8,8,-0.38
1,Kevin Johnson,100.00,3,3,-0.67
1,Richard Johnson,100.00,1,1,E
1,Spencer Levin,100.00,6,6,E
1,Davis Love III,100.00,7,7,-0.57
1,David Lutterus,100.00,4,4,-0.50
1,Jeff Maggert,100.00,3,3,+0.33
1,John Merrick,100.00,4,4,E
1,Kevin Na,100.00,4,4,E
1,Nick O'Hern,100.00,3,3,E
1,Ryan Palmer,100.00,9,9,-0.11
1,Corey Pavin,100.00,1,1,-1.00
1,Pat Perez,100.00,1,1,E
1,Justin Rose,100.00,2,2,E
1,Steve Stricker,100.00,5,5,-0.20
1,Chris Tidland,100.00,5,5,E
1,Dean Wilson,100.00,2,2,-0.50
1,Y.E. Yang,100.00,3,3,E
30,Blake Adams,87.50,7,8,-0.29
30,Dustin Johnson,87.50,7,8,-0.43
30,Ryuichi Oda,87.50,7,8,-0.29
30,Mark Wilson,87.50,7,8,-0.29
34,Jason Day,85.71,6,7,E
34,Tom Gillis,85.71,6,7,-0.33
36,Robert Allenby,83.33,5,6,-0.80
36,Troy Merritt,83.33,5,6,-0.20
36,Rory Sabbatini,83.33,5,6,-0.20
39,Nathan Green,80.00,4,5,-0.75
39,Carl Pettersson,80.00,4,5,-0.75
41,Marc Leishman,77.78,7,9,-0.29
42,Ricky Barnes,75.00,3,4,-0.67
42,Shane Bertsch,75.00,3,4,E
42,Brian Gay,75.00,3,4,-0.33
42,John Rollins,75.00,6,8,-0.33
46,Mark Calcavecchia,71.43,5,7,-0.40
46,K.J. Choi,71.43,5,7,E
46,Troy Matteson,71.43,5,7,E
46,Bubba Watson,71.43,5,7,-0.40
46,Boo Weekley,71.43,5,7,E
51,Omar Uresti,70.00,7,10,-0.14
52,Ángel Cabrera,66.67,4,6,-0.25
52,WC Liang,66.67,6,9,E
52,Joe Ogilvie,66.67,4,6,-0.50
55,Brian Davis,60.00,3,5,-0.67
55,Roger Tambellini,60.00,3,5,-0.33
57,Rich Barcelo,57.14,4,7,E
57,Tim Clark,57.14,4,7,-0.50
59,Jim Carter,50.00,1,2,E
59,Zach Johnson,50.00,1,2,E
59,Tom Lehman,50.00,1,2,E
59,Jeff Quinney,50.00,3,6,E
59,Vijay Singh,50.00,2,4,+0.50
59,Brian Stuard,50.00,2,4,-0.50
65,Michael Allen,40.00,2,5,-0.50
66,Martin Flores,33.33,1,3,-1.00
66,Retief Goosen,33.33,1,3,E
68,David Toms,.00,0,1,E
