rank,player,%,Total Hit,Total Attempts,RTP Score
1,Tim Clark,81.94,59,72,-12.00
1,Jason Dufner,81.94,59,72,-11.00
1,Ryan Palmer,81.94,59,72,-20.00
4,Robert Allenby,80.56,58,72,-18.00
4,Chad Collins,80.56,58,72,-14.00
4,Tom Lehman,80.56,58,72,-12.00
4,John Merrick,80.56,58,72,-13.00
4,Steve Stricker,80.56,58,72,-20.00
9,Stewart Cink,79.17,57,72,-10.00
9,Troy Matteson,79.17,57,72,-13.00
9,Rory Sabbatini,79.17,57,72,-18.00
12,Charles Howell III,77.78,56,72,-19.00
12,Chris Tidland,77.78,56,72,-7.00
12,Omar Uresti,77.78,56,72,-16.00
15,Ernie Els,76.39,55,72,-14.00
15,Spencer Levin,76.39,55,72,-9.00
15,Davis Love III,76.39,55,72,-14.00
15,Carl Pettersson,76.39,55,72,-19.00
15,John Rollins,76.39,55,72,-14.00
15,Boo Weekley,76.39,55,72,-5.00
15,Mark Wilson,76.39,55,72,-12.00
22,Jason Day,75.00,54,72,-6.00
22,Kevin Na,75.00,54,72,-14.00
22,Nick O'Hern,75.00,54,72,-12.00
25,Stephen Ames,73.61,53,72,-16.00
25,Briny Baird,73.61,53,72,-17.00
25,Chad Campbell,73.61,53,72,-18.00
25,Richard Johnson,73.61,53,72,-13.00
25,Zach Johnson,73.61,53,72,-21.00
25,Marc Leishman,73.61,53,72,-19.00
31,Blake Adams,72.22,52,72,-15.00
31,Mark Calcavecchia,72.22,52,72,-14.00
31,Retief Goosen,72.22,52,72,-18.00
31,Paul Goydos,72.22,52,72,-14.00
31,Pat Perez,72.22,52,72,-13.00
31,Justin Rose,72.22,52,72,-20.00
31,David Toms,72.22,52,72,-11.00
31,Bubba Watson,72.22,52,72,-14.00
31,Y.E. Yang,72.22,52,72,-16.00
40,Graham DeLaet,70.83,51,72,-14.00
40,Ryuji Imada,70.83,51,72,-10.00
40,Jeff Klauk,70.83,51,72,-10.00
40,Troy Merritt,70.83,51,72,-14.00
40,Brian Stuard,70.83,51,72,-14.00
45,Shane Bertsch,69.44,50,72,-15.00
45,Henrik Bjornstad,69.44,50,72,-11.00
45,Dustin Johnson,69.44,50,72,-17.00
45,Jeff Maggert,69.44,50,72,-13.00
45,Vijay Singh,69.44,50,72,-12.00
45,Roger Tambellini,69.44,50,72,-12.00
45,Dean Wilson,69.44,50,72,-11.00
52,Rich Barcelo,68.06,49,72,-8.00
52,K.J. Choi,68.06,49,72,-13.00
52,David Lutterus,68.06,49,72,-10.00
52,Jeff Quinney,68.06,49,72,-11.00
56,Tom Gillis,66.67,48,72,-12.00
56,Kevin Johnson,66.67,48,72,-15.00
56,WC Liang,66.67,48,72,-13.00
56,Joe Ogilvie,66.67,48,72,-14.00
60,Michael Allen,65.28,47,72,-14.00
60,Ángel Cabrera,65.28,47,72,-16.00
60,Nathan Green,65.28,47,72,-17.00
60,Ryuichi Oda,65.28,47,72,-7.00
64,Woody Austin,63.89,46,72,-8.00
64,Ricky Barnes,63.89,46,72,-10.00
64,Jim Carter,63.89,46,72,-9.00
64,Bob Estes,63.89,46,72,-8.00
64,Brian Gay,63.89,46,72,-14.00
64,Corey Pavin,63.89,46,72,-11.00
70,Brian Davis,62.50,45,72,-8.00
70,Martin Flores,62.50,45,72,-12.00
