rank,player,%,Greens Hit,Total Holes,Relative to par
1,Spencer Levin,100.00,17,17,-0.12
2,Jeff Quinney,86.67,13,15,-0.15
3,Stewart Cink,85.71,18,21,E
4,Chris Tidland,84.62,11,13,-0.09
5,Michael Allen,83.33,10,12,-0.20
6,Paul Goydos,82.35,14,17,-0.29
7,Charles Howell III,80.00,16,20,-0.38
7,Mark Wilson,80.00,12,15,-0.25
9,Carl Pettersson,78.95,15,19,-0.27
10,Jason Day,78.57,11,14,-0.09
10,Rory Sabbatini,78.57,11,14,-0.45
12,Stephen Ames,77.78,14,18,-0.29
12,Tim Clark,77.78,14,18,-0.14
14,Chad Collins,75.00,15,20,-0.20
14,Jason Dufner,75.00,12,16,E
14,Troy Matteson,75.00,9,12,-0.11
14,Ryan Palmer,75.00,12,16,-0.33
14,Dean Wilson,75.00,12,16,-0.25
19,John Merrick,73.91,17,23,-0.06
20,Ernie Els,73.68,14,19,-0.14
21,Tom Lehman,72.73,16,22,-0.13
21,Omar Uresti,72.73,8,11,-0.25
23,Zach Johnson,72.22,13,18,-0.54
23,Roger Tambellini,72.22,13,18,-0.15
25,Richard Johnson,70.83,17,24,-0.06
26,Marc Leishman,70.59,12,17,-0.42
27,Briny Baird,68.75,11,16,E
28,Jeff Maggert,68.42,13,19,-0.38
28,John Rollins,68.42,13,19,-0.15
30,Ryuji Imada,68.18,15,22,-0.20
31,Henrik Bjornstad,66.67,18,27,-0.28
31,Davis Love III,66.67,10,15,-0.10
31,Steve Stricker,66.67,12,18,-0.08
34,Robert Allenby,65.22,15,23,-0.20
35,David Toms,64.71,11,17,-0.09
36,Y.E. Yang,64.29,9,14,-0.22
37,Mark Calcavecchia,63.16,12,19,-0.08
37,K.J. Choi,63.16,12,19,-0.17
39,Retief Goosen,62.50,10,16,-0.20
39,Nathan Green,62.50,10,16,-0.20
41,Shane Bertsch,61.90,13,21,-0.38
41,Ángel Cabrera,61.90,13,21,-0.08
41,Chad Campbell,61.90,13,21,-0.23
41,Vijay Singh,61.90,13,21,E
45,Rich Barcelo,61.54,8,13,-0.13
45,Bubba Watson,61.54,8,13,E
47,WC Liang,61.11,11,18,-0.09
47,David Lutterus,61.11,11,18,E
49,Nick O'Hern,60.87,14,23,-0.07
50,Brian Stuard,60.00,12,20,-0.08
51,Boo Weekley,58.82,10,17,E
52,Graham DeLaet,58.33,7,12,-0.29
53,Blake Adams,56.25,9,16,-0.33
53,Jeff Klauk,56.25,9,16,-0.22
53,Joe Ogilvie,56.25,9,16,-0.22
56,Brian Gay,55.56,10,18,-0.20
56,Kevin Na,55.56,10,18,-0.40
58,Pat Perez,52.63,10,19,-0.10
59,Martin Flores,52.38,11,21,-0.18
60,Tom Gillis,50.00,6,12,-0.33
60,Dustin Johnson,50.00,5,10,-0.40
60,Kevin Johnson,50.00,8,16,-0.25
63,Ricky Barnes,44.44,8,18,-0.25
64,Justin Rose,43.48,10,23,-0.30
65,Jim Carter,42.86,6,14,-0.17
65,Ryuichi Oda,42.86,6,14,E
65,Corey Pavin,42.86,9,21,E
68,Woody Austin,40.00,8,20,E
68,Troy Merritt,40.00,6,15,E
70,Bob Estes,26.32,5,19,-0.20
71,Brian Davis,17.65,3,17,E
