rank,player,%,Par 4 Birdies or Better,Par 4 Holes
1,Sungjae Im,43.18%,19,44
2,Chris Kirk,38.64%,17,44
3,Sahith Theegala,36.36%,16,44
4,Byeong Hun An,34.09%,15,44
4,Jason Day,34.09%,15,44
4,Adam Hadwin,34.09%,15,44
4,Scottie Scheffler,34.09%,15,44
8,Brendon Todd,31.82%,14,44
9,Akshay Bhatia,29.55%,13,44
9,Lucas Glover,29.55%,13,44
9,Brian Harman,29.55%,13,44
9,Davis Riley,29.55%,13,44
9,Justin Rose,29.55%,13,44
9,Jordan Spieth,29.55%,13,44
9,Sepp Straka,29.55%,13,44
9,Adam Svensson,29.55%,13,44
17,Ludvig Åberg,27.27%,12,44
17,Tony Finau,27.27%,12,44
17,Matt Fitzpatrick,27.27%,12,44
17,Rickie Fowler,27.27%,12,44
17,Taylor Moore,27.27%,12,44
17,Andrew Putnam,27.27%,12,44
17,Patrick Rodgers,27.27%,12,44
17,Cameron Young,27.27%,12,44
25,Eric Cole,25.00%,11,44
25,Corey Conners,25.00%,11,44
25,Tyrrell Hatton,25.00%,11,44
25,Tom Hoge,25.00%,11,44
25,Max Homa,25.00%,11,44
25,Mackenzie Hughes,25.00%,11,44
25,Luke List,25.00%,11,44
25,Denny McCarthy,25.00%,11,44
25,Collin Morikawa,25.00%,11,44
25,Camilo Villegas,25.00%,11,44
35,Keegan Bradley,22.73%,10,44
35,Sam Burns,22.73%,10,44
35,Patrick Cantlay,22.73%,10,44
35,Wyndham Clark,22.73%,10,44
35,Cam Davis,22.73%,10,44
35,Nico Echavarria,22.73%,10,44
35,Harris English,22.73%,10,44
35,Emiliano Grillo,22.73%,10,44
35,Si Woo Kim,22.73%,10,44
35,J.T. Poston,22.73%,10,44
35,Xander Schauffele,22.73%,10,44
46,Tommy Fleetwood,20.45%,9,44
46,Adam Schenk,20.45%,9,44
46,Erik van Rooyen,20.45%,9,44
49,Nick Hardy,18.18%,8,44
49,Russell Henley,18.18%,8,44
49,Viktor Hovland,18.18%,8,44
49,Kurt Kitayama,18.18%,8,44
49,Hideki Matsuyama,18.18%,8,44
49,Nick Taylor,18.18%,8,44
49,Matt Wallace,18.18%,8,44
56,Lee Hodges,15.91%,7,44
56,Seamus Power,15.91%,7,44
58,Tom Kim,11.36%,5,44
59,Vincent Norrman,9.09%,4,44
