rank,player,Status,Par 4 Avg,Total Par
1,Chris Kirk,-16,3.64,176
2,Scottie Scheffler,-14,3.68,176
3,Sungjae Im,-13,3.70,176
3,Sahith Theegala,-13,3.70,176
5,Byeong Hun An,-12,3.73,176
5,Jason Day,-12,3.73,176
5,Lucas Glover,-12,3.73,176
8,Adam Hadwin,-11,3.75,176
9,Brian Harman,-10,3.77,176
9,Taylor Moore,-10,3.77,176
9,Collin Morikawa,-10,3.77,176
9,J.T. Poston,-10,3.77,176
9,Andrew Putnam,-10,3.77,176
9,Jordan Spieth,-10,3.77,176
15,Akshay Bhatia,-9,3.80,176
15,Patrick Rodgers,-9,3.80,176
15,Xander Schauffele,-9,3.80,176
15,Sepp Straka,-9,3.80,176
15,Adam Svensson,-9,3.80,176
20,Patrick Cantlay,-8,3.82,176
20,Wyndham Clark,-8,3.82,176
20,Eric Cole,-8,3.82,176
20,Corey Conners,-8,3.82,176
20,Si Woo Kim,-8,3.82,176
25,Tony Finau,-7,3.84,176
25,Emiliano Grillo,-7,3.84,176
25,Tom Hoge,-7,3.84,176
25,Max Homa,-7,3.84,176
25,Mackenzie Hughes,-7,3.84,176
25,Luke List,-7,3.84,176
25,Camilo Villegas,-7,3.84,176
32,Sam Burns,-6,3.86,176
32,Matt Fitzpatrick,-6,3.86,176
32,Davis Riley,-6,3.86,176
32,Justin Rose,-6,3.86,176
32,Adam Schenk,-6,3.86,176
32,Brendon Todd,-6,3.86,176
32,Erik van Rooyen,-6,3.86,176
39,Ludvig Åberg,-5,3.89,176
39,Tyrrell Hatton,-5,3.89,176
39,Kurt Kitayama,-5,3.89,176
39,Hideki Matsuyama,-5,3.89,176
39,Denny McCarthy,-5,3.89,176
44,Cam Davis,-4,3.91,176
44,Harris English,-4,3.91,176
44,Nick Hardy,-4,3.91,176
44,Viktor Hovland,-4,3.91,176
44,Tom Kim,-4,3.91,176
44,Cameron Young,-4,3.91,176
50,Nico Echavarria,-3,3.93,176
50,Matt Wallace,-3,3.93,176
52,Keegan Bradley,-2,3.95,176
52,Tommy Fleetwood,-2,3.95,176
54,Russell Henley,-1,3.98,176
55,Lee Hodges,E,4.00,176
55,Nick Taylor,E,4.00,176
57,Rickie Fowler,+1,4.02,176
58,Vincent Norrman,+2,4.05,176
58,Seamus Power,+2,4.05,176
