rank,player,%,Par 3 Birdies or Better,Par 3 Holes
1,Eric Cole,33.33%,4,12
1,Nico Echavarria,33.33%,4,12
1,Tyrrell Hatton,33.33%,4,12
1,Max Homa,33.33%,4,12
1,Kurt Kitayama,33.33%,4,12
1,Luke List,33.33%,4,12
1,Sahith Theegala,33.33%,4,12
1,Erik van Rooyen,33.33%,4,12
9,Akshay Bhatia,25.00%,3,12
9,Keegan Bradley,25.00%,3,12
9,Sam Burns,25.00%,3,12
9,Harris English,25.00%,3,12
9,Tommy Fleetwood,25.00%,3,12
9,Rickie Fowler,25.00%,3,12
9,Emiliano Grillo,25.00%,3,12
9,Adam Hadwin,25.00%,3,12
9,Tom Hoge,25.00%,3,12
9,Si Woo Kim,25.00%,3,12
9,Denny McCarthy,25.00%,3,12
9,J.T. Poston,25.00%,3,12
9,Andrew Putnam,25.00%,3,12
9,Justin Rose,25.00%,3,12
9,Jordan Spieth,25.00%,3,12
9,Sepp Straka,25.00%,3,12
9,Brendon Todd,25.00%,3,12
26,Byeong Hun An,16.67%,2,12
26,Wyndham Clark,16.67%,2,12
26,Nick Hardy,16.67%,2,12
26,Brian Harman,16.67%,2,12
26,Russell Henley,16.67%,2,12
26,Mackenzie Hughes,16.67%,2,12
26,Sungjae Im,16.67%,2,12
26,Chris Kirk,16.67%,2,12
26,Collin Morikawa,16.67%,2,12
26,Adam Schenk,16.67%,2,12
26,Camilo Villegas,16.67%,2,12
26,Matt Wallace,16.67%,2,12
38,Ludvig Åberg,8.33%,1,12
38,Patrick Cantlay,8.33%,1,12
38,Corey Conners,8.33%,1,12
38,Cam Davis,8.33%,1,12
38,Jason Day,8.33%,1,12
38,Tony Finau,8.33%,1,12
38,Matt Fitzpatrick,8.33%,1,12
38,Viktor Hovland,8.33%,1,12
38,Hideki Matsuyama,8.33%,1,12
38,Taylor Moore,8.33%,1,12
38,Vincent Norrman,8.33%,1,12
38,Seamus Power,8.33%,1,12
38,Davis Riley,8.33%,1,12
38,Patrick Rodgers,8.33%,1,12
38,Xander Schauffele,8.33%,1,12
38,Scottie Scheffler,8.33%,1,12
38,Nick Taylor,8.33%,1,12
55,Lucas Glover,.00%,0,12
55,Lee Hodges,.00%,0,12
55,Tom Kim,.00%,0,12
55,Adam Svensson,.00%,0,12
55,Cameron Young,.00%,0,12
