rank,player,Status,Par 5 Avg,Total Par
1,Viktor Hovland,-17,3.94,80
2,Patrick Cantlay,-16,4.00,80
2,Harris English,-16,4.00,80
4,Matt Fitzpatrick,-15,4.06,80
4,Brian Harman,-15,4.06,80
6,Byeong Hun An,-14,4.13,80
6,Nico Echavarria,-14,4.13,80
6,Tom Kim,-14,4.13,80
6,J.T. Poston,-14,4.13,80
6,Seamus Power,-14,4.13,80
6,Patrick Rodgers,-14,4.13,80
6,Xander Schauffele,-14,4.13,80
6,Jordan Spieth,-14,4.13,80
6,Cameron Young,-14,4.13,80
15,Jason Day,-13,4.19,80
15,Tyrrell Hatton,-13,4.19,80
15,Sungjae Im,-13,4.19,80
15,Taylor Moore,-13,4.19,80
15,Collin Morikawa,-13,4.19,80
15,Scottie Scheffler,-13,4.19,80
21,Max Homa,-12,4.25,80
21,Mackenzie Hughes,-12,4.25,80
21,Adam Schenk,-12,4.25,80
24,Akshay Bhatia,-11,4.31,80
24,Corey Conners,-11,4.31,80
24,Tony Finau,-11,4.31,80
24,Chris Kirk,-11,4.31,80
24,Kurt Kitayama,-11,4.31,80
24,Luke List,-11,4.31,80
24,Sepp Straka,-11,4.31,80
24,Nick Taylor,-11,4.31,80
24,Sahith Theegala,-11,4.31,80
24,Erik van Rooyen,-11,4.31,80
24,Matt Wallace,-11,4.31,80
35,Keegan Bradley,-10,4.38,80
35,Wyndham Clark,-10,4.38,80
35,Eric Cole,-10,4.38,80
35,Rickie Fowler,-10,4.38,80
35,Russell Henley,-10,4.38,80
35,Lee Hodges,-10,4.38,80
35,Si Woo Kim,-10,4.38,80
35,Brendon Todd,-10,4.38,80
43,Ludvig Åberg,-9,4.44,80
43,Sam Burns,-9,4.44,80
43,Cam Davis,-9,4.44,80
43,Vincent Norrman,-9,4.44,80
43,Adam Svensson,-9,4.44,80
48,Tommy Fleetwood,-8,4.50,80
48,Lucas Glover,-8,4.50,80
48,Emiliano Grillo,-8,4.50,80
48,Adam Hadwin,-8,4.50,80
48,Nick Hardy,-8,4.50,80
48,Tom Hoge,-8,4.50,80
48,Denny McCarthy,-8,4.50,80
55,Davis Riley,-7,4.56,80
55,Justin Rose,-7,4.56,80
57,Andrew Putnam,-6,4.63,80
58,Hideki Matsuyama,-4,4.75,80
58,Camilo Villegas,-4,4.75,80
