rank,player,Avg,Total Strokes,Total Holes
1,Chris Kirk,3.64,160,44
2,Scottie Scheffler,3.68,162,44
3,Sungjae Im,3.70,163,44
3,Sahith Theegala,3.70,163,44
5,Byeong Hun An,3.73,164,44
5,Jason Day,3.73,164,44
5,Lucas Glover,3.73,164,44
8,Adam Hadwin,3.75,165,44
9,Brian Harman,3.77,166,44
9,Taylor Moore,3.77,166,44
9,Collin Morikawa,3.77,166,44
9,J.T. Poston,3.77,166,44
9,Andrew Putnam,3.77,166,44
9,Jordan Spieth,3.77,166,44
15,Akshay Bhatia,3.80,167,44
15,Patrick Rodgers,3.80,167,44
15,Xander Schauffele,3.80,167,44
15,Sepp Straka,3.80,167,44
15,Adam Svensson,3.80,167,44
20,Patrick Cantlay,3.82,168,44
20,Wyndham Clark,3.82,168,44
20,Eric Cole,3.82,168,44
20,Corey Conners,3.82,168,44
20,Si Woo Kim,3.82,168,44
25,Tony Finau,3.84,169,44
25,Emiliano Grillo,3.84,169,44
25,Tom Hoge,3.84,169,44
25,Max Homa,3.84,169,44
25,Mackenzie Hughes,3.84,169,44
25,Luke List,3.84,169,44
25,Camilo Villegas,3.84,169,44
32,Sam Burns,3.86,170,44
32,Matt Fitzpatrick,3.86,170,44
32,Davis Riley,3.86,170,44
32,Justin Rose,3.86,170,44
32,Adam Schenk,3.86,170,44
32,Brendon Todd,3.86,170,44
32,Erik van Rooyen,3.86,170,44
39,Ludvig Åberg,3.89,171,44
39,Tyrrell Hatton,3.89,171,44
39,Kurt Kitayama,3.89,171,44
39,Hideki Matsuyama,3.89,171,44
39,Denny McCarthy,3.89,171,44
44,Cam Davis,3.91,172,44
44,Harris English,3.91,172,44
44,Nick Hardy,3.91,172,44
44,Viktor Hovland,3.91,172,44
44,Tom Kim,3.91,172,44
44,Cameron Young,3.91,172,44
50,Nico Echavarria,3.93,173,44
50,Matt Wallace,3.93,173,44
52,Keegan Bradley,3.95,174,44
52,Tommy Fleetwood,3.95,174,44
54,Russell Henley,3.98,175,44
55,Lee Hodges,4.00,176,44
55,Nick Taylor,4.00,176,44
57,Rickie Fowler,4.02,177,44
58,Vincent Norrman,4.05,178,44
58,Seamus Power,4.05,178,44
