rank,player,Status,Par 3 Avg,Total Par
1,Eric Cole,-4,2.67,36
1,Tyrrell Hatton,-4,2.67,36
1,Sahith Theegala,-4,2.67,36
1,Erik van Rooyen,-4,2.67,36
5,Sam Burns,-3,2.75,36
5,Nico Echavarria,-3,2.75,36
5,Tommy Fleetwood,-3,2.75,36
5,Adam Hadwin,-3,2.75,36
5,Max Homa,-3,2.75,36
5,Kurt Kitayama,-3,2.75,36
5,Luke List,-3,2.75,36
5,Justin Rose,-3,2.75,36
5,Jordan Spieth,-3,2.75,36
5,Sepp Straka,-3,2.75,36
15,Akshay Bhatia,-2,2.83,36
15,Keegan Bradley,-2,2.83,36
15,Harris English,-2,2.83,36
15,Tom Hoge,-2,2.83,36
15,Si Woo Kim,-2,2.83,36
15,Chris Kirk,-2,2.83,36
15,Denny McCarthy,-2,2.83,36
15,Collin Morikawa,-2,2.83,36
15,Brendon Todd,-2,2.83,36
15,Matt Wallace,-2,2.83,36
25,Wyndham Clark,-1,2.92,36
25,Matt Fitzpatrick,-1,2.92,36
25,Rickie Fowler,-1,2.92,36
25,Nick Hardy,-1,2.92,36
25,Mackenzie Hughes,-1,2.92,36
25,J.T. Poston,-1,2.92,36
25,Xander Schauffele,-1,2.92,36
25,Adam Schenk,-1,2.92,36
25,Camilo Villegas,-1,2.92,36
34,Byeong Hun An,E,3.00,36
34,Emiliano Grillo,E,3.00,36
34,Brian Harman,E,3.00,36
34,Russell Henley,E,3.00,36
34,Viktor Hovland,E,3.00,36
34,Seamus Power,E,3.00,36
34,Andrew Putnam,E,3.00,36
34,Adam Svensson,E,3.00,36
34,Nick Taylor,E,3.00,36
34,Cameron Young,E,3.00,36
44,Ludvig Åberg,+1,3.08,36
44,Patrick Cantlay,+1,3.08,36
44,Corey Conners,+1,3.08,36
44,Jason Day,+1,3.08,36
44,Tony Finau,+1,3.08,36
44,Lucas Glover,+1,3.08,36
44,Lee Hodges,+1,3.08,36
44,Sungjae Im,+1,3.08,36
44,Hideki Matsuyama,+1,3.08,36
44,Vincent Norrman,+1,3.08,36
44,Patrick Rodgers,+1,3.08,36
55,Cam Davis,+2,3.17,36
55,Davis Riley,+2,3.17,36
55,Scottie Scheffler,+2,3.17,36
58,Taylor Moore,+3,3.25,36
59,Tom Kim,+4,3.33,36
