rank,player,Avg,Total Strokes,Total Holes
1,Viktor Hovland,3.94,63,16
2,Patrick Cantlay,4.00,64,16
2,Harris English,4.00,64,16
4,Matt Fitzpatrick,4.06,65,16
4,Brian Harman,4.06,65,16
6,Byeong Hun An,4.13,66,16
6,Nico Echavarria,4.13,66,16
6,Tom Kim,4.13,66,16
6,J.T. Poston,4.13,66,16
6,Seamus Power,4.13,66,16
6,Patrick Rodgers,4.13,66,16
6,Xander Schauffele,4.13,66,16
6,Jordan Spieth,4.13,66,16
6,Cameron Young,4.13,66,16
15,Jason Day,4.19,67,16
15,Tyrrell Hatton,4.19,67,16
15,Sungjae Im,4.19,67,16
15,Taylor Moore,4.19,67,16
15,Collin Morikawa,4.19,67,16
15,Scottie Scheffler,4.19,67,16
21,Max Homa,4.25,68,16
21,Mackenzie Hughes,4.25,68,16
21,Adam Schenk,4.25,68,16
24,Akshay Bhatia,4.31,69,16
24,Corey Conners,4.31,69,16
24,Tony Finau,4.31,69,16
24,Chris Kirk,4.31,69,16
24,Kurt Kitayama,4.31,69,16
24,Luke List,4.31,69,16
24,Sepp Straka,4.31,69,16
24,Nick Taylor,4.31,69,16
24,Sahith Theegala,4.31,69,16
24,Erik van Rooyen,4.31,69,16
24,Matt Wallace,4.31,69,16
35,Keegan Bradley,4.38,70,16
35,Wyndham Clark,4.38,70,16
35,Eric Cole,4.38,70,16
35,Rickie Fowler,4.38,70,16
35,Russell Henley,4.38,70,16
35,Lee Hodges,4.38,70,16
35,Si Woo Kim,4.38,70,16
35,Brendon Todd,4.38,70,16
43,Ludvig Åberg,4.44,71,16
43,Sam Burns,4.44,71,16
43,Cam Davis,4.44,71,16
43,Vincent Norrman,4.44,71,16
43,Adam Svensson,4.44,71,16
48,Tommy Fleetwood,4.50,72,16
48,Lucas Glover,4.50,72,16
48,Emiliano Grillo,4.50,72,16
48,Adam Hadwin,4.50,72,16
48,Nick Hardy,4.50,72,16
48,Tom Hoge,4.50,72,16
48,Denny McCarthy,4.50,72,16
55,Davis Riley,4.56,73,16
55,Justin Rose,4.56,73,16
57,Andrew Putnam,4.63,74,16
58,Hideki Matsuyama,4.75,76,16
58,Camilo Villegas,4.75,76,16
