rank,player,Total,Total Par 5 Holes,Total Hole outs
1,Harris English,4,16,0
2,Tony Finau,3,16,1
3,Byeong Hun An,2,16,0
3,Sam Burns,2,16,0
3,Nico Echavarria,2,16,0
3,Matt Fitzpatrick,2,16,0
3,Brian Harman,2,16,0
3,Tyrrell Hatton,2,16,1
3,Viktor Hovland,2,16,0
3,Tom Kim,2,16,0
3,Luke List,2,16,0
3,Taylor Moore,2,16,1
3,Seamus Power,2,16,0
3,Brendon Todd,2,16,0
15,Keegan Bradley,1,16,0
15,Patrick Cantlay,1,16,0
15,Wyndham Clark,1,16,0
15,Corey Conners,1,16,0
15,Jason Day,1,16,0
15,Tom Hoge,1,16,0
15,Si Woo Kim,1,16,0
15,Kurt Kitayama,1,16,0
15,Collin Morikawa,1,16,0
15,J.T. Poston,1,16,0
15,Patrick Rodgers,1,16,0
15,Xander Schauffele,1,16,0
15,Scottie Scheffler,1,16,0
15,Adam Schenk,1,16,0
15,Adam Svensson,1,16,0
15,Nick Taylor,1,16,1
15,Erik van Rooyen,1,16,0
15,Cameron Young,1,16,0
