rank,player,Avg,Total Strokes,Total Holes
1,Eric Cole,2.67,32,12
1,Tyrrell Hatton,2.67,32,12
1,Sahith Theegala,2.67,32,12
1,Erik van Rooyen,2.67,32,12
5,Sam Burns,2.75,33,12
5,Nico Echavarria,2.75,33,12
5,Tommy Fleetwood,2.75,33,12
5,Adam Hadwin,2.75,33,12
5,Max Homa,2.75,33,12
5,Kurt Kitayama,2.75,33,12
5,Luke List,2.75,33,12
5,Justin Rose,2.75,33,12
5,Jordan Spieth,2.75,33,12
5,Sepp Straka,2.75,33,12
15,Akshay Bhatia,2.83,34,12
15,Keegan Bradley,2.83,34,12
15,Harris English,2.83,34,12
15,Tom Hoge,2.83,34,12
15,Si Woo Kim,2.83,34,12
15,Chris Kirk,2.83,34,12
15,Denny McCarthy,2.83,34,12
15,Collin Morikawa,2.83,34,12
15,Brendon Todd,2.83,34,12
15,Matt Wallace,2.83,34,12
25,Wyndham Clark,2.92,35,12
25,Matt Fitzpatrick,2.92,35,12
25,Rickie Fowler,2.92,35,12
25,Nick Hardy,2.92,35,12
25,Mackenzie Hughes,2.92,35,12
25,J.T. Poston,2.92,35,12
25,Xander Schauffele,2.92,35,12
25,Adam Schenk,2.92,35,12
25,Camilo Villegas,2.92,35,12
34,Byeong Hun An,3.00,36,12
34,Emiliano Grillo,3.00,36,12
34,Brian Harman,3.00,36,12
34,Russell Henley,3.00,36,12
34,Viktor Hovland,3.00,36,12
34,Seamus Power,3.00,36,12
34,Andrew Putnam,3.00,36,12
34,Adam Svensson,3.00,36,12
34,Nick Taylor,3.00,36,12
34,Cameron Young,3.00,36,12
44,Ludvig Åberg,3.08,37,12
44,Patrick Cantlay,3.08,37,12
44,Corey Conners,3.08,37,12
44,Jason Day,3.08,37,12
44,Tony Finau,3.08,37,12
44,Lucas Glover,3.08,37,12
44,Lee Hodges,3.08,37,12
44,Sungjae Im,3.08,37,12
44,Hideki Matsuyama,3.08,37,12
44,Vincent Norrman,3.08,37,12
44,Patrick Rodgers,3.08,37,12
55,Cam Davis,3.17,38,12
55,Davis Riley,3.17,38,12
55,Scottie Scheffler,3.17,38,12
58,Taylor Moore,3.25,39,12
59,Tom Kim,3.33,40,12
