rank,player,Avg,Total Strokes,Total Rounds
1,Patrick Cantlay,31.00,31,1
2,Cam Davis,32.00,32,1
2,Cameron Smith,32.00,32,1
4,Tony Finau,33.00,33,1
4,Kevin Kisner,33.00,33,1
4,Collin Morikawa,33.00,33,1
4,Kevin Na,33.00,33,1
4,Jon Rahm,33.00,33,1
9,Joel Dahmen,34.00,34,1
9,Bryson DeChambeau,34.00,34,1
9,Branden Grace,34.00,34,1
9,Lucas Herbert,34.00,34,1
9,Sungjae Im,34.00,34,1
9,Matt Jones,34.00,34,1
9,Hideki Matsuyama,34.00,34,1
16,Daniel Berger,35.00,35,1
16,Stewart Cink,35.00,35,1
16,Harris English,35.00,35,1
16,Si Woo Kim,35.00,35,1
16,Brooks Koepka,35.00,35,1
16,Jason Kokrak,35.00,35,1
16,Marc Leishman,35.00,35,1
16,Phil Mickelson,35.00,35,1
16,Seamus Power,35.00,35,1
16,Xander Schauffele,35.00,35,1
16,Jordan Spieth,35.00,35,1
27,Sam Burns,36.00,36,1
27,Talor Gooch,36.00,36,1
27,Garrick Higgo,36.00,36,1
27,Patrick Reed,36.00,36,1
27,Justin Thomas,36.00,36,1
27,Erik van Rooyen,36.00,36,1
33,Lucas Glover,37.00,37,1
33,Billy Horschel,37.00,37,1
33,Viktor Hovland,37.00,37,1
33,K.H. Lee,37.00,37,1
37,Abraham Ancer,38.00,38,1
37,Max Homa,38.00,38,1
