rank,player,Avg,Total Strokes,Total Holes
1,Jon Rahm,31.75,127,4
1,Cameron Smith,31.75,127,4
3,Matt Jones,32.00,128,4
4,Patrick Cantlay,32.75,131,4
5,Cam Davis,33.00,132,4
5,Kevin Kisner,33.00,132,4
5,Collin Morikawa,33.00,132,4
5,Patrick Reed,33.00,132,4
5,Justin Thomas,33.00,132,4
10,Sungjae Im,33.25,133,4
11,Joel Dahmen,33.50,134,4
11,Talor Gooch,33.50,134,4
11,Marc Leishman,33.50,134,4
11,Hideki Matsuyama,33.50,134,4
15,Tony Finau,33.75,135,4
15,Branden Grace,33.75,135,4
15,Xander Schauffele,33.75,135,4
18,Daniel Berger,34.00,136,4
18,Bryson DeChambeau,34.00,136,4
18,Kevin Na,34.00,136,4
18,Seamus Power,34.00,136,4
22,Lucas Glover,34.25,137,4
22,Si Woo Kim,34.25,137,4
24,Harris English,34.50,138,4
24,Max Homa,34.50,138,4
26,Sam Burns,34.75,139,4
26,Garrick Higgo,34.75,139,4
26,Billy Horschel,34.75,139,4
26,Jordan Spieth,34.75,139,4
30,Stewart Cink,35.00,140,4
30,Lucas Herbert,35.00,140,4
32,Abraham Ancer,35.25,141,4
32,K.H. Lee,35.25,141,4
34,Brooks Koepka,35.50,142,4
34,Phil Mickelson,35.50,142,4
36,Viktor Hovland,35.75,143,4
36,Jason Kokrak,35.75,143,4
38,Erik van Rooyen,36.50,146,4
