rank,player,Avg,Total Strokes,Total Rounds
1,Marc Leishman,31.00,31,1
1,Cameron Smith,31.00,31,1
3,Garrick Higgo,32.00,32,1
3,Collin Morikawa,32.00,32,1
3,Patrick Reed,32.00,32,1
3,Xander Schauffele,32.00,32,1
7,Daniel Berger,33.00,33,1
7,Sam Burns,33.00,33,1
7,Patrick Cantlay,33.00,33,1
7,Bryson DeChambeau,33.00,33,1
7,Lucas Glover,33.00,33,1
7,Branden Grace,33.00,33,1
7,Max Homa,33.00,33,1
7,Viktor Hovland,33.00,33,1
7,Sungjae Im,33.00,33,1
7,Si Woo Kim,33.00,33,1
7,Kevin Kisner,33.00,33,1
7,Hideki Matsuyama,33.00,33,1
7,Jon Rahm,33.00,33,1
7,Justin Thomas,33.00,33,1
21,Abraham Ancer,34.00,34,1
21,Joel Dahmen,34.00,34,1
21,Talor Gooch,34.00,34,1
21,Seamus Power,34.00,34,1
21,Jordan Spieth,34.00,34,1
26,Stewart Cink,35.00,35,1
26,Cam Davis,35.00,35,1
26,Billy Horschel,35.00,35,1
26,Matt Jones,35.00,35,1
26,Jason Kokrak,35.00,35,1
26,Kevin Na,35.00,35,1
26,Erik van Rooyen,35.00,35,1
33,Harris English,36.00,36,1
33,Tony Finau,36.00,36,1
35,Lucas Herbert,37.00,37,1
35,Brooks Koepka,37.00,37,1
35,Phil Mickelson,37.00,37,1
38,K.H. Lee,38.00,38,1
