rank,player,Low Rnd
1,Matt Jones,29
1,Jon Rahm,29
3,Justin Thomas,30
4,Patrick Cantlay,31
4,Marc Leishman,31
4,Cameron Smith,31
7,Daniel Berger,32
7,Stewart Cink,32
7,Joel Dahmen,32
7,Cam Davis,32
7,Harris English,32
7,Tony Finau,32
7,Talor Gooch,32
7,Branden Grace,32
7,Garrick Higgo,32
7,Sungjae Im,32
7,K.H. Lee,32
7,Collin Morikawa,32
7,Patrick Reed,32
7,Xander Schauffele,32
21,Sam Burns,33
21,Bryson DeChambeau,33
21,Lucas Glover,33
21,Max Homa,33
21,Billy Horschel,33
21,Viktor Hovland,33
21,Si Woo Kim,33
21,Kevin Kisner,33
21,Hideki Matsuyama,33
21,Kevin Na,33
21,Seamus Power,33
32,Abraham Ancer,34
32,Lucas Herbert,34
32,Brooks Koepka,34
32,Jordan Spieth,34
36,Jason Kokrak,35
36,Phil Mickelson,35
36,Erik van Rooyen,35
