rank,player,Avg,Total Strokes,Total Rounds
1,Matt Jones,29.00,29,1
1,Jon Rahm,29.00,29,1
3,Justin Thomas,30.00,30,1
4,Cameron Smith,31.00,31,1
5,Daniel Berger,32.00,32,1
5,Stewart Cink,32.00,32,1
5,Joel Dahmen,32.00,32,1
5,Cam Davis,32.00,32,1
5,Talor Gooch,32.00,32,1
5,Sungjae Im,32.00,32,1
5,K.H. Lee,32.00,32,1
5,Patrick Reed,32.00,32,1
13,Max Homa,33.00,33,1
13,Billy Horschel,33.00,33,1
13,Kevin Kisner,33.00,33,1
13,Hideki Matsuyama,33.00,33,1
13,Kevin Na,33.00,33,1
18,Sam Burns,34.00,34,1
18,Patrick Cantlay,34.00,34,1
18,Tony Finau,34.00,34,1
18,Lucas Glover,34.00,34,1
18,Lucas Herbert,34.00,34,1
18,Si Woo Kim,34.00,34,1
18,Marc Leishman,34.00,34,1
18,Seamus Power,34.00,34,1
26,Abraham Ancer,35.00,35,1
26,Bryson DeChambeau,35.00,35,1
26,Harris English,35.00,35,1
26,Phil Mickelson,35.00,35,1
26,Collin Morikawa,35.00,35,1
31,Branden Grace,36.00,36,1
31,Brooks Koepka,36.00,36,1
31,Xander Schauffele,36.00,36,1
31,Jordan Spieth,36.00,36,1
35,Garrick Higgo,37.00,37,1
36,Jason Kokrak,38.00,38,1
37,Viktor Hovland,39.00,39,1
37,Erik van Rooyen,39.00,39,1
