rank,player,%,Greens Hit,# Holes,Relative/Par
1,Matt Bettencourt,77.78,56,72,-0.29
1,Tim Clark,77.78,56,72,-0.29
1,Brendon de Jonge,77.78,56,72,-0.25
1,Ernie Els,77.78,56,72,-0.16
1,Steve Marino,77.78,56,72,-0.32
6,Chad Campbell,76.39,55,72,-0.31
6,Brandt Jobe,76.39,55,72,-0.20
6,Chris Kirk,76.39,55,72,-0.24
6,Chris Riley,76.39,55,72,-0.24
10,Jeff Overton,75.00,54,72,-0.28
10,Boo Weekley,75.00,54,72,-0.28
10,Mark Wilson,75.00,54,72,-0.35
13,John Senden,73.61,53,72,-0.25
13,Jimmy Walker,73.61,53,72,-0.28
15,Aaron Baddeley,72.22,52,72,-0.27
15,Alex Prugh,72.22,52,72,-0.29
17,Stuart Appleby,70.83,51,72,-0.27
17,Chris DiMarco,70.83,51,72,-0.25
17,Freddie Jacobson,70.83,51,72,-0.29
17,Jarrod Lyle,70.83,51,72,-0.22
17,Steve Stricker,70.83,51,72,-0.29
22,D.J. Brigman,69.44,50,72,-0.28
22,Jason Day,69.44,50,72,-0.30
22,Matt Kuchar,69.44,50,72,-0.34
22,Davis Love III,69.44,50,72,-0.26
22,John Merrick,69.44,50,72,-0.22
22,Ryan Palmer,69.44,50,72,-0.16
22,Tag Ridings,69.44,50,72,-0.32
22,Daniel Summerhays,69.44,50,72,-0.30
30,Jason Bohn,68.06,49,72,-0.22
30,Marc Leishman,68.06,49,72,-0.31
30,Nate Smith,68.06,49,72,-0.29
30,Charlie Wi,68.06,49,72,-0.31
34,Anthony Kim,66.67,48,72,-0.27
34,Colt Knost,66.67,48,72,-0.33
34,Billy Mayfair,66.67,48,72,-0.19
34,Justin Rose,66.67,48,72,-0.33
38,Steven Bowditch,65.28,47,72,-0.28
38,Brian Gay,65.28,47,72,-0.32
38,Jerry Kelly,65.28,47,72,-0.30
38,Rory Sabbatini,65.28,47,72,-0.30
38,Michael Sim,65.28,47,72,-0.28
43,Arjun Atwal,63.89,46,72,-0.41
43,Jonathan Byrd,63.89,46,72,-0.30
43,Michael Connell,63.89,46,72,-0.24
43,Spencer Levin,63.89,46,72,-0.43
43,Roland Thatcher,63.89,46,72,-0.41
48,Jason Dufner,62.50,45,72,-0.33
48,Kevin Na,62.50,45,72,-0.31
50,Shigeki Maruyama,61.11,44,72,-0.45
50,Webb Simpson,61.11,44,72,-0.25
52,Kevin Chappell,59.72,43,72,-0.30
52,WC Liang,59.72,43,72,-0.30
52,Matt McQuillan,59.72,43,72,-0.26
55,Cameron Beckman,58.33,42,72,-0.48
56,Jesper Parnevik,55.56,40,72,-0.33
