rank,player,Value,Total Drv Rank,GIR Rank
1,Steve Marino,5,4,1
2,Boo Weekley,11,1,10
3,Brandt Jobe,12,6,6
4,Mark Wilson,19,9,10
5,Stuart Appleby,22,5,17
6,Brendon de Jonge,23,22,1
7,Jason Day,24,2,22
8,Tim Clark,25,24,1
8,Matt Kuchar,25,3,22
10,Jeff Overton,26,16,10
11,John Merrick,28,6,22
12,Chad Campbell,30,24,6
13,Tag Ridings,32,10,22
14,Daniel Summerhays,34,12,22
15,Ernie Els,36,35,1
15,Steve Stricker,36,19,17
17,Jason Bohn,40,10,30
18,Jarrod Lyle,41,24,17
19,Matt Bettencourt,42,41,1
19,D.J. Brigman,42,20,22
19,Jimmy Walker,42,29,13
22,Chris Riley,43,37,6
23,Davis Love III,44,22,22
24,Chris Kirk,45,39,6
25,Charlie Wi,46,16,30
26,Marc Leishman,48,18,30
27,John Senden,51,38,13
28,Chris DiMarco,53,36,17
29,Anthony Kim,55,21,34
29,Roland Thatcher,55,12,43
31,Aaron Baddeley,56,41,15
32,Jonathan Byrd,57,14,43
33,Spencer Levin,58,15,43
33,Alex Prugh,58,43,15
35,Kevin Chappell,60,8,52
36,Colt Knost,63,29,34
37,Freddie Jacobson,64,47,17
38,Jerry Kelly,66,28,38
38,Billy Mayfair,66,32,34
38,Ryan Palmer,66,44,22
41,Justin Rose,67,33,34
42,Brian Gay,69,31,38
43,Steven Bowditch,72,34,38
44,Webb Simpson,74,24,50
45,Rory Sabbatini,78,40,38
46,Nate Smith,79,49,30
47,Michael Sim,85,47,38
48,Arjun Atwal,88,45,43
49,Michael Connell,96,53,43
50,Kevin Na,97,49,48
51,Cameron Beckman,101,46,55
52,Jason Dufner,103,55,48
53,Shigeki Maruyama,104,54,50
53,Matt McQuillan,104,52,52
55,Jesper Parnevik,107,51,56
56,WC Liang,108,56,52
