rank,player,%,# of 1 putts,# of holes
1,Kevin Kisner,45.83,33,72
2,Steven Bowditch,44.44,32,72
2,Jordan Spieth,44.44,32,72
4,Peter Malnati,41.67,30,72
4,Scott Piercy,41.67,30,72
6,Danny Lee,40.28,29,72
6,Jimmy Walker,40.28,29,72
8,Zach Johnson,38.89,28,72
8,Patrick Reed,38.89,28,72
10,Matt Every,37.50,27,72
10,Brooks Koepka,37.50,27,72
10,David Lingmerth,37.50,27,72
13,Jason Day,36.11,26,72
13,Troy Merritt,36.11,26,72
15,Fabián Gómez,34.72,25,72
15,Dustin Johnson,34.72,25,72
17,Alex Cejka,31.94,23,72
17,Emiliano Grillo,31.94,23,72
17,James Hahn,31.94,23,72
17,Padraig Harrington,31.94,23,72
17,Davis Love III,31.94,23,72
17,Brandt Snedeker,31.94,23,72
17,Justin Thomas,31.94,23,72
17,Bubba Watson,31.94,23,72
25,Rickie Fowler,30.56,22,72
25,Bill Haas,30.56,22,72
25,J.B. Holmes,30.56,22,72
25,Smylie Kaufman,30.56,22,72
25,Chris Kirk,30.56,22,72
30,Graeme McDowell,27.78,20,72
31,J.J. Henry,23.61,17,72
32,Russell Knox,22.22,16,72
