rank,player,Total,Total (for all distances),Pct of all 1-putts
1,Jordan Spieth,4,32,12.5
2,Russell Knox,3,16,18.8
3,J.J. Henry,2,17,11.8
3,Zach Johnson,2,28,7.1
3,Smylie Kaufman,2,22,9.1
3,Kevin Kisner,2,33,6.1
3,Brooks Koepka,2,27,7.4
3,Patrick Reed,2,28,7.1
3,Brandt Snedeker,2,23,8.7
10,Steven Bowditch,1,32,3.1
10,Alex Cejka,1,23,4.3
10,Jason Day,1,26,3.8
10,Rickie Fowler,1,22,4.5
10,Fabián Gómez,1,25,4.0
10,Bill Haas,1,22,4.5
10,Dustin Johnson,1,25,4.0
10,Davis Love III,1,23,4.3
10,Troy Merritt,1,26,3.8
10,Justin Thomas,1,23,4.3
10,Bubba Watson,1,23,4.3
