rank,player,Total,Total (for all distances),Pct of all 1-putts
1,Jimmy Walker,12,29,41.4
2,Steven Bowditch,10,32,31.3
2,Brandt Snedeker,10,23,43.5
4,James Hahn,9,23,39.1
4,Kevin Kisner,9,33,27.3
4,Danny Lee,9,29,31.0
4,Peter Malnati,9,30,30.0
4,Troy Merritt,9,26,34.6
9,Alex Cejka,8,23,34.8
9,Matt Every,8,27,29.6
9,Brooks Koepka,8,27,29.6
12,Jason Day,7,26,26.9
12,Fabián Gómez,7,25,28.0
12,Emiliano Grillo,7,23,30.4
12,Zach Johnson,7,28,25.0
12,Smylie Kaufman,7,22,31.8
12,Justin Thomas,7,23,30.4
18,Rickie Fowler,6,22,27.3
18,Bill Haas,6,22,27.3
18,J.B. Holmes,6,22,27.3
18,David Lingmerth,6,27,22.2
18,Davis Love III,6,23,26.1
18,Scott Piercy,6,30,20.0
18,Jordan Spieth,6,32,18.8
25,Padraig Harrington,5,23,21.7
25,Bubba Watson,5,23,21.7
27,Dustin Johnson,4,25,16.0
27,Chris Kirk,4,22,18.2
29,Russell Knox,3,16,18.8
29,Graeme McDowell,3,20,15.0
29,Patrick Reed,3,28,10.7
32,J.J. Henry,2,17,11.8
