rank,player,%,# of 1 putts,# of holes
1,Kevin Kisner,61.11,11,18
2,Scott Piercy,50.00,9,18
3,Padraig Harrington,44.44,8,18
3,Danny Lee,44.44,8,18
3,Troy Merritt,44.44,8,18
3,Justin Thomas,44.44,8,18
7,Fabián Gómez,38.89,7,18
7,Emiliano Grillo,38.89,7,18
7,James Hahn,38.89,7,18
7,Zach Johnson,38.89,7,18
7,Smylie Kaufman,38.89,7,18
7,Davis Love III,38.89,7,18
7,Patrick Reed,38.89,7,18
7,Jordan Spieth,38.89,7,18
15,Steven Bowditch,33.33,6,18
15,Alex Cejka,33.33,6,18
15,Jason Day,33.33,6,18
15,Matt Every,33.33,6,18
15,Rickie Fowler,33.33,6,18
15,David Lingmerth,33.33,6,18
15,Brandt Snedeker,33.33,6,18
15,Jimmy Walker,33.33,6,18
15,Bubba Watson,33.33,6,18
24,J.J. Henry,27.78,5,18
24,J.B. Holmes,27.78,5,18
24,Dustin Johnson,27.78,5,18
24,Chris Kirk,27.78,5,18
24,Peter Malnati,27.78,5,18
24,Graeme McDowell,27.78,5,18
30,Bill Haas,22.22,4,18
30,Russell Knox,22.22,4,18
30,Brooks Koepka,22.22,4,18
