rank,player,Total,Total (for all distances),Pct of all 1-putts
1,Jordan Spieth,19,32,59.4
2,Patrick Reed,18,28,64.3
3,Chris Kirk,17,22,77.3
3,Scott Piercy,17,30,56.7
5,Jimmy Walker,16,29,55.2
6,Steven Bowditch,15,32,46.9
6,Dustin Johnson,15,25,60.0
6,Kevin Kisner,15,33,45.5
9,Jason Day,14,26,53.8
9,Zach Johnson,14,28,50.0
9,Davis Love III,14,23,60.9
12,Bill Haas,13,22,59.1
12,James Hahn,13,23,56.5
12,Padraig Harrington,13,23,56.5
12,Brooks Koepka,13,27,48.1
12,Peter Malnati,13,30,43.3
12,Bubba Watson,13,23,56.5
18,Rickie Fowler,12,22,54.5
18,Fabián Gómez,12,25,48.0
18,Danny Lee,12,29,41.4
18,David Lingmerth,12,27,44.4
18,Troy Merritt,12,26,46.2
18,Justin Thomas,12,23,52.2
24,Emiliano Grillo,11,23,47.8
24,Graeme McDowell,11,20,55.0
26,Alex Cejka,10,23,43.5
26,Matt Every,10,27,37.0
26,J.B. Holmes,10,22,45.5
29,Brandt Snedeker,9,23,39.1
30,J.J. Henry,8,17,47.1
30,Smylie Kaufman,8,22,36.4
30,Russell Knox,8,16,50.0
