rank,player,%,# of 1 putts,# of holes
1,Kevin Kisner,55.56,10,18
2,Dustin Johnson,50.00,9,18
2,Danny Lee,50.00,9,18
4,Peter Malnati,44.44,8,18
5,Steven Bowditch,38.89,7,18
5,Rickie Fowler,38.89,7,18
5,Padraig Harrington,38.89,7,18
5,Zach Johnson,38.89,7,18
5,Troy Merritt,38.89,7,18
5,Scott Piercy,38.89,7,18
5,Jordan Spieth,38.89,7,18
12,Jason Day,33.33,6,18
12,Fabián Gómez,33.33,6,18
12,Emiliano Grillo,33.33,6,18
12,James Hahn,33.33,6,18
12,Chris Kirk,33.33,6,18
12,Brooks Koepka,33.33,6,18
12,David Lingmerth,33.33,6,18
12,Davis Love III,33.33,6,18
12,Bubba Watson,33.33,6,18
21,Alex Cejka,27.78,5,18
21,Matt Every,27.78,5,18
21,Patrick Reed,27.78,5,18
21,Jimmy Walker,27.78,5,18
25,Smylie Kaufman,22.22,4,18
25,Brandt Snedeker,22.22,4,18
27,Bill Haas,16.67,3,18
27,J.J. Henry,16.67,3,18
27,J.B. Holmes,16.67,3,18
27,Graeme McDowell,16.67,3,18
31,Russell Knox,11.11,2,18
31,Justin Thomas,11.11,2,18
