rank,player,%,# of 1 putts,# of holes
1,Matt Every,44.44,8,18
1,David Lingmerth,44.44,8,18
1,Jimmy Walker,44.44,8,18
4,Alex Cejka,38.89,7,18
4,Bill Haas,38.89,7,18
4,J.B. Holmes,38.89,7,18
4,Zach Johnson,38.89,7,18
4,Chris Kirk,38.89,7,18
4,Kevin Kisner,38.89,7,18
4,Russell Knox,38.89,7,18
4,Brooks Koepka,38.89,7,18
4,Peter Malnati,38.89,7,18
4,Scott Piercy,38.89,7,18
4,Patrick Reed,38.89,7,18
4,Justin Thomas,38.89,7,18
4,Bubba Watson,38.89,7,18
17,Steven Bowditch,33.33,6,18
17,Danny Lee,33.33,6,18
17,Brandt Snedeker,33.33,6,18
20,Rickie Fowler,27.78,5,18
20,Fabián Gómez,27.78,5,18
20,James Hahn,27.78,5,18
20,Dustin Johnson,27.78,5,18
20,Smylie Kaufman,27.78,5,18
20,Davis Love III,27.78,5,18
20,Troy Merritt,27.78,5,18
20,Jordan Spieth,27.78,5,18
28,Graeme McDowell,22.22,4,18
29,Jason Day,16.67,3,18
29,Emiliano Grillo,16.67,3,18
29,Padraig Harrington,16.67,3,18
29,J.J. Henry,16.67,3,18
