rank,player,Distance,Year/Tourn#,Round,Hole
1,Jason Day,"75' 0""",Hyundai T of C,4,5 - Par 5 -
2,Russell Knox,"67' 1""",Hyundai T of C,4,1 - Par 4 -
3,J.J. Henry,"53' 0""",Hyundai T of C,2,13 - Par 4
4,Jordan Spieth,"46' 0""",Hyundai T of C,3,12 - Par 4
5,Rickie Fowler,"45' 1""",Hyundai T of C,4,13 - Par 4
6,Brooks Koepka,"42' 5""",Hyundai T of C,1,2 - Par 3 -
7,Justin Thomas,"37' 9""",Hyundai T of C,4,5 - Par 5 -
8,Fabián Gómez,"37' 8""",Hyundai T of C,2,18 - Par 5
9,Brandt Snedeker,"35' 7""",Hyundai T of C,3,2 - Par 3 -
10,Davis Love III,"34' 5""",Hyundai T of C,2,8 - Par 3 -
11,Kevin Kisner,"33' 9""",Hyundai T of C,1,7 - Par 4 -
12,Bill Haas,"33' 3""",Hyundai T of C,3,10 - Par 4
13,Troy Merritt,"32' 5""",Hyundai T of C,4,5 - Par 5 -
14,Smylie Kaufman,"32' 1""",Hyundai T of C,4,7 - Par 4 -
15,Alex Cejka,"31' 10""",Hyundai T of C,2,17 - Par 4
16,Patrick Reed,"31' 7""",Hyundai T of C,2,11 - Par 3
17,Steven Bowditch,"31' 5""",Hyundai T of C,2,11 - Par 3
18,Dustin Johnson,"29' 11""",Hyundai T of C,3,3 - Par 4 -
19,Zach Johnson,"28' 5""",Hyundai T of C,4,17 - Par 4
20,Bubba Watson,"26' 3""",Hyundai T of C,1,7 - Par 4 -
21,David Lingmerth,"24' 4""",Hyundai T of C,1,3 - Par 4 -
22,Padraig Harrington,"22' 8""",Hyundai T of C,3,9 - Par 5 -
23,Graeme McDowell,"22' 5""",Hyundai T of C,4,16 - Par 4
24,Scott Piercy,"21' 1""",Hyundai T of C,1,9 - Par 5 -
25,Peter Malnati,"20' 11""",Hyundai T of C,4,12 - Par 4
26,J.B. Holmes,"20' 7""",Hyundai T of C,4,7 - Par 4 -
27,Jimmy Walker,"20' 4""",Hyundai T of C,4,17 - Par 4
28,Matt Every,"19' 10""",Hyundai T of C,4,13 - Par 4
29,Chris Kirk,"18' 8""",Hyundai T of C,2,7 - Par 4 -
30,Emiliano Grillo,"18' 8""",Hyundai T of C,2,11 - Par 3
31,James Hahn,"17' 5""",Hyundai T of C,4,3 - Par 4 -
32,Danny Lee,"15' 5""",Hyundai T of C,2,5 - Par 5 -
