rank,player,Total,Total (for all distances),Pct of all 1-putts
1,Matt Every,7,27,25.9
2,Peter Malnati,6,30,20.0
3,Steven Bowditch,5,32,15.6
3,Danny Lee,5,29,17.2
3,David Lingmerth,5,27,18.5
3,Scott Piercy,5,30,16.7
7,Graeme McDowell,4,20,20.0
8,Fabián Gómez,3,25,12.0
8,Emiliano Grillo,3,23,13.0
8,Padraig Harrington,3,23,13.0
8,J.J. Henry,3,17,17.6
8,Dustin Johnson,3,25,12.0
8,Zach Johnson,3,28,10.7
8,Kevin Kisner,3,33,9.1
8,Bubba Watson,3,23,13.0
16,Alex Cejka,2,23,8.7
16,Jason Day,2,26,7.7
16,Rickie Fowler,2,22,9.1
16,Bill Haas,2,22,9.1
16,Smylie Kaufman,2,22,9.1
16,Brooks Koepka,2,27,7.4
16,Davis Love III,2,23,8.7
16,Troy Merritt,2,26,7.7
16,Patrick Reed,2,28,7.1
16,Jordan Spieth,2,32,6.3
16,Justin Thomas,2,23,8.7
27,J.B. Holmes,1,22,4.5
27,Brandt Snedeker,1,23,4.3
