rank,player,%,# of 1 putts,# of holes
1,Steven Bowditch,72.22,13,18
1,Jordan Spieth,72.22,13,18
3,Jason Day,61.11,11,18
4,Brooks Koepka,55.56,10,18
4,Peter Malnati,55.56,10,18
4,Jimmy Walker,55.56,10,18
7,Patrick Reed,50.00,9,18
8,Matt Every,44.44,8,18
8,Bill Haas,44.44,8,18
8,Graeme McDowell,44.44,8,18
11,Fabián Gómez,38.89,7,18
11,Emiliano Grillo,38.89,7,18
11,J.B. Holmes,38.89,7,18
11,Zach Johnson,38.89,7,18
11,David Lingmerth,38.89,7,18
11,Scott Piercy,38.89,7,18
11,Brandt Snedeker,38.89,7,18
18,J.J. Henry,33.33,6,18
18,Dustin Johnson,33.33,6,18
18,Smylie Kaufman,33.33,6,18
18,Danny Lee,33.33,6,18
18,Troy Merritt,33.33,6,18
18,Justin Thomas,33.33,6,18
24,Alex Cejka,27.78,5,18
24,James Hahn,27.78,5,18
24,Padraig Harrington,27.78,5,18
24,Kevin Kisner,27.78,5,18
24,Davis Love III,27.78,5,18
29,Rickie Fowler,22.22,4,18
29,Chris Kirk,22.22,4,18
29,Bubba Watson,22.22,4,18
32,Russell Knox,16.67,3,18
