rank,player,%,Successes,Attempts
1,Daniel Berger,100.00,6,6
1,Cameron Smith,100.00,4,4
3,Jon Rahm,90.91,10,11
4,Jhonattan Vegas,85.71,6,7
5,Rickie Fowler,83.33,5,6
5,Hudson Swafford,83.33,5,6
7,Patrick Cantlay,81.82,9,11
8,Grayson Murray,76.92,10,13
9,Marc Leishman,75.00,3,4
9,Pat Perez,75.00,6,8
11,Patton Kizzire,70.00,7,10
12,Kevin Chappell,66.67,6,9
12,Russell Henley,66.67,6,9
14,Si Woo Kim,62.50,5,8
15,Hideki Matsuyama,60.00,3,5
15,D.A. Points,60.00,6,10
15,Brendan Steele,60.00,6,10
18,Chris Stroud,58.33,7,12
19,Ryan Armour,57.14,4,7
19,Jason Dufner,57.14,4,7
19,Billy Horschel,57.14,4,7
19,Jordan Spieth,57.14,4,7
23,Xander Schauffele,56.25,9,16
24,Bryson DeChambeau,50.00,5,10
24,Brian Harman,50.00,1,2
24,Kevin Kisner,50.00,5,10
27,Jonas Blixt,45.45,5,11
28,Brooks Koepka,42.86,6,14
29,Dustin Johnson,40.00,2,5
30,Austin Cook,33.33,1,3
30,Adam Hadwin,33.33,2,6
30,Justin Thomas,33.33,3,9
33,Kyle Stanley,30.00,3,10
34,Wesley Bryan,27.27,3,11
