rank,player,%,Par or Better,Missed GIR
1,Brian Harman,76.92,10,13
2,Rickie Fowler,73.33,11,15
3,Si Woo Kim,72.22,13,18
3,Jon Rahm,72.22,13,18
5,Kevin Chappell,70.00,14,20
6,Dustin Johnson,68.75,11,16
6,Marc Leishman,68.75,11,16
6,Cameron Smith,68.75,11,16
9,Chris Stroud,66.67,16,24
10,Xander Schauffele,65.52,19,29
11,Patrick Cantlay,65.00,13,20
12,Patton Kizzire,63.16,12,19
13,Hideki Matsuyama,62.50,10,16
13,Pat Perez,62.50,10,16
15,Grayson Murray,61.90,13,21
16,Daniel Berger,60.00,9,15
16,Billy Horschel,60.00,9,15
16,Hudson Swafford,60.00,9,15
19,Ryan Armour,58.82,10,17
19,Jason Dufner,58.82,10,17
21,Jhonattan Vegas,57.89,11,19
22,D.A. Points,54.55,12,22
23,Jordan Spieth,53.85,7,13
24,Russell Henley,52.63,10,19
25,Adam Hadwin,52.17,12,23
26,Jonas Blixt,50.00,14,28
26,Kevin Kisner,50.00,11,22
26,Brooks Koepka,50.00,14,28
26,Brendan Steele,50.00,11,22
30,Wesley Bryan,41.67,10,24
31,Kyle Stanley,41.18,7,17
31,Justin Thomas,41.18,7,17
33,Austin Cook,40.00,6,15
34,Bryson DeChambeau,36.84,7,19
