rank,player,%,# Saves,# Bunkers,Total O/U Par
1,Patrick Cantlay,100.00,1,1,E
1,Jason Dufner,100.00,1,1,-1.00
1,Si Woo Kim,100.00,2,2,E
4,Justin Thomas,66.67,2,3,-1.00
4,Jhonattan Vegas,66.67,2,3,-1.00
6,Rickie Fowler,60.00,3,5,-2.00
6,Dustin Johnson,60.00,3,5,-1.00
8,Ryan Armour,50.00,1,2,+1.00
8,Austin Cook,50.00,2,4,+1.00
8,Brian Harman,50.00,2,4,+1.00
8,D.A. Points,50.00,3,6,+2.00
8,Xander Schauffele,50.00,3,6,E
8,Cameron Smith,50.00,3,6,+4.00
8,Brendan Steele,50.00,1,2,E
8,Hudson Swafford,50.00,1,2,+2.00
16,Chris Stroud,40.00,2,5,E
17,Daniel Berger,33.33,1,3,+3.00
17,Jonas Blixt,33.33,2,6,+4.00
17,Wesley Bryan,33.33,1,3,+2.00
17,Kevin Kisner,33.33,1,3,+1.00
17,Grayson Murray,33.33,1,3,+1.00
22,Bryson DeChambeau,25.00,1,4,+2.00
22,Jon Rahm,25.00,1,4,+1.00
22,Jordan Spieth,25.00,1,4,+2.00
25,Adam Hadwin,20.00,1,5,+3.00
25,Brooks Koepka,20.00,1,5,+2.00
25,Kyle Stanley,20.00,1,5,+1.00
28,Marc Leishman,14.29,1,7,+2.00
29,Kevin Chappell,.00,0,4,+2.00
29,Russell Henley,.00,0,3,+2.00
29,Billy Horschel,.00,0,2,+2.00
29,Patton Kizzire,.00,0,2,+1.00
29,Hideki Matsuyama,.00,0,1,E
29,Pat Perez,.00,0,2,+1.00
