rank,player,%,Successes,Attempts
1,Kevin Chappell,100.00,1,1
1,Hideki Matsuyama,100.00,1,1
3,Cameron Smith,75.00,3,4
4,Rickie Fowler,50.00,1,2
4,Billy Horschel,50.00,1,2
4,Si Woo Kim,50.00,1,2
4,Kevin Kisner,50.00,2,4
4,Patton Kizzire,50.00,2,4
4,Jordan Spieth,50.00,1,2
10,Daniel Berger,40.00,2,5
10,Adam Hadwin,40.00,2,5
10,Chris Stroud,40.00,2,5
13,Ryan Armour,33.33,1,3
13,Jason Dufner,33.33,1,3
13,D.A. Points,33.33,2,6
13,Jhonattan Vegas,33.33,1,3
17,Brooks Koepka,20.00,1,5
18,Xander Schauffele,16.67,1,6
19,Jonas Blixt,14.29,1,7
19,Justin Thomas,14.29,1,7
21,Wesley Bryan,.00,0,6
21,Patrick Cantlay,.00,0,2
21,Austin Cook,.00,0,4
21,Bryson DeChambeau,.00,0,6
21,Brian Harman,.00,0,1
21,Russell Henley,.00,0,2
21,Marc Leishman,.00,0,1
21,Grayson Murray,.00,0,5
21,Jon Rahm,.00,0,1
21,Kyle Stanley,.00,0,3
21,Brendan Steele,.00,0,3
21,Hudson Swafford,.00,0,2
