rank,player,% Makes Bogey,Bogeys,Holes Played
1,Dustin Johnson,4.17,3,72
2,Ryan Moore,5.56,4,72
2,Brandt Snedeker,5.56,4,72
2,Justin Thomas,5.56,4,72
5,Hideki Matsuyama,6.94,5,72
6,Daniel Berger,8.33,6,72
6,Jim Herman,8.33,6,72
6,William McGirt,8.33,6,72
6,Pat Perez,8.33,6,72
6,Brendan Steele,8.33,6,72
6,Brian Stuard,8.33,6,72
12,Jason Dufner,9.72,7,72
12,Fabián Gómez,9.72,7,72
12,Rod Pampling,9.72,7,72
12,Vaughn Taylor,9.72,7,72
12,Jimmy Walker,9.72,7,72
17,Aaron Baddeley,11.11,8,72
17,Jason Day,11.11,8,72
17,Tony Finau,11.11,8,72
17,Patrick Reed,11.11,8,72
17,Jordan Spieth,11.11,8,72
22,Charley Hoffman,12.50,9,72
22,Russell Knox,12.50,9,72
24,Cody Gribble,13.89,10,72
24,James Hahn,13.89,10,72
24,Mackenzie Hughes,13.89,10,72
24,Billy Hurley III,13.89,10,72
28,Bubba Watson,15.28,11,72
29,Greg Chalmers,18.06,13,72
29,Branden Grace,18.06,13,72
31,Si Woo Kim,20.83,15,72
31,Jhonattan Vegas,20.83,15,72
