rank,player,Average Bogeys per round,Total Bogeys,Rounds Played
1,Dustin Johnson,.75,3,4
1,Brandt Snedeker,.75,3,4
1,Justin Thomas,.75,3,4
4,Hideki Matsuyama,1.00,4,4
4,William McGirt,1.00,4,4
4,Ryan Moore,1.00,4,4
7,Jason Dufner,1.25,5,4
7,Jordan Spieth,1.25,5,4
7,Vaughn Taylor,1.25,5,4
10,Daniel Berger,1.50,6,4
10,Jim Herman,1.50,6,4
10,Pat Perez,1.50,6,4
10,Brendan Steele,1.50,6,4
10,Brian Stuard,1.50,6,4
15,Aaron Baddeley,1.75,7,4
15,Fabián Gómez,1.75,7,4
15,Rod Pampling,1.75,7,4
15,Patrick Reed,1.75,7,4
15,Jimmy Walker,1.75,7,4
20,Jason Day,2.00,8,4
20,Tony Finau,2.00,8,4
20,Cody Gribble,2.00,8,4
20,Charley Hoffman,2.00,8,4
20,Billy Hurley III,2.00,8,4
20,Russell Knox,2.00,8,4
26,Mackenzie Hughes,2.25,9,4
27,James Hahn,2.50,10,4
27,Bubba Watson,2.50,10,4
29,Branden Grace,2.75,11,4
30,Jhonattan Vegas,3.00,12,4
31,Greg Chalmers,3.25,13,4
31,Si Woo Kim,3.25,13,4
