rank,player,Birdie to Bogey Ratio,Total Birdies and Better,Total Bogeys and Worse
1,Justin Thomas,6.50,26,4
2,Dustin Johnson,5.67,17,3
3,Hideki Matsuyama,4.80,24,5
4,Ryan Moore,4.50,18,4
5,Brandt Snedeker,4.25,17,4
6,William McGirt,3.67,22,6
7,Pat Perez,3.50,21,6
8,Jordan Spieth,3.38,27,8
9,Brendan Steele,3.33,20,6
10,Jim Herman,3.17,19,6
11,Daniel Berger,3.00,18,6
11,Patrick Reed,3.00,24,8
13,Jimmy Walker,2.86,20,7
14,Tony Finau,2.63,21,8
15,Jason Dufner,2.57,18,7
15,Rod Pampling,2.57,18,7
17,Jason Day,2.50,20,8
18,Russell Knox,2.44,22,9
19,Fabián Gómez,2.43,17,7
20,Charley Hoffman,2.33,21,9
20,Brian Stuard,2.33,14,6
22,Cody Gribble,2.30,23,10
23,Vaughn Taylor,2.29,16,7
24,Aaron Baddeley,1.88,15,8
25,James Hahn,1.70,17,10
26,Bubba Watson,1.64,18,11
27,Mackenzie Hughes,1.60,16,10
28,Greg Chalmers,1.38,18,13
29,Billy Hurley III,1.30,13,10
30,Si Woo Kim,1.20,18,15
30,Jhonattan Vegas,1.20,18,15
32,Branden Grace,1.08,14,13
