rank,player,% under then over par,Total under then over Par,Under Par
1,Aaron Baddeley,.00,0,13
1,Jason Dufner,.00,0,17
1,Cody Gribble,.00,0,20
1,Ryan Moore,.00,0,15
1,Brandt Snedeker,.00,0,16
1,Brian Stuard,.00,0,13
7,Jordan Spieth,4.17,1,24
8,Justin Thomas,4.55,1,22
9,Hideki Matsuyama,4.76,1,21
10,Russell Knox,5.26,1,19
11,Daniel Berger,5.56,1,18
12,Jimmy Walker,5.88,1,17
13,Rod Pampling,6.67,1,15
13,Vaughn Taylor,6.67,1,15
15,Pat Perez,10.00,2,20
16,Jason Day,10.53,2,19
16,Jim Herman,10.53,2,19
18,Bubba Watson,12.50,2,16
19,Dustin Johnson,13.33,2,15
20,Mackenzie Hughes,14.29,2,14
20,Patrick Reed,14.29,3,21
22,Tony Finau,15.00,3,20
22,Charley Hoffman,15.00,3,20
22,William McGirt,15.00,3,20
25,Branden Grace,15.38,2,13
26,Brendan Steele,15.79,3,19
27,Billy Hurley III,16.67,2,12
28,Fabián Gómez,18.75,3,16
28,Jhonattan Vegas,18.75,3,16
30,Greg Chalmers,26.67,4,15
30,James Hahn,26.67,4,15
32,Si Woo Kim,31.25,5,16
