rank,player,%,Par 4 Birdies or Better,Par 4 Holes
1,Stuart Appleby,38.64,17,44
2,Ernie Els,36.36,16,44
3,Jonathan Byrd,31.82,14,44
3,Jonathan Kaye,31.82,14,44
5,Woody Austin,29.55,13,44
6,Bart Bryant,27.27,12,44
6,Tiger Woods,27.27,12,44
8,John Daly,25.00,11,44
8,Adam Scott,25.00,11,44
10,Sergio Garcia,22.73,10,44
10,Todd Hamilton,22.73,10,44
10,Mark Hensby,22.73,10,44
10,Rod Pampling,22.73,10,44
10,Vijay Singh,22.73,10,44
10,David Toms,22.73,10,44
10,Mike Weir,22.73,10,44
17,Stephen Ames,20.45,9,44
17,Stewart Cink,20.45,9,44
17,Heath Slocum,20.45,9,44
17,Andre Stolz,20.45,9,44
17,Vaughn Taylor,20.45,9,44
22,Ryan Palmer,18.18,8,44
22,Craig Parry,18.18,8,44
24,Steve Flesch,15.91,7,44
24,Brent Geiberger,15.91,7,44
24,Joey Sindelar,15.91,7,44
27,Carlos Franco,13.64,6,44
27,Zach Johnson,13.64,6,44
29,Chad Campbell,11.36,5,44
29,Retief Goosen,11.36,5,44
31,Fred Funk,9.09,4,44
