rank,player,Avg,Total Strokes,Total Holes
1,Stuart Appleby,3.66,161,44
2,Ernie Els,3.75,165,44
2,Jonathan Kaye,3.75,165,44
4,Adam Scott,3.80,167,44
4,Tiger Woods,3.80,167,44
6,Bart Bryant,3.84,169,44
6,Stewart Cink,3.84,169,44
6,David Toms,3.84,169,44
9,Jonathan Byrd,3.86,170,44
9,John Daly,3.86,170,44
9,Sergio Garcia,3.86,170,44
9,Rod Pampling,3.86,170,44
9,Vijay Singh,3.86,170,44
14,Woody Austin,3.89,171,44
14,Craig Parry,3.89,171,44
14,Heath Slocum,3.89,171,44
14,Andre Stolz,3.89,171,44
18,Brent Geiberger,3.91,172,44
18,Vaughn Taylor,3.91,172,44
20,Chad Campbell,3.93,173,44
20,Mike Weir,3.93,173,44
22,Stephen Ames,3.95,174,44
22,Todd Hamilton,3.95,174,44
22,Mark Hensby,3.95,174,44
25,Retief Goosen,3.98,175,44
25,Ryan Palmer,3.98,175,44
27,Zach Johnson,4.00,176,44
28,Steve Flesch,4.02,177,44
28,Fred Funk,4.02,177,44
30,Joey Sindelar,4.05,178,44
31,Carlos Franco,4.09,180,44
