rank,player,%,Par 5 Birdies or Better,Par 5 Holes
1,Retief Goosen,81.25,13,16
2,Vaughn Taylor,75.00,12,16
3,Woody Austin,62.50,10,16
3,Tiger Woods,62.50,10,16
5,Jonathan Byrd,56.25,9,16
5,John Daly,56.25,9,16
5,Mark Hensby,56.25,9,16
5,Adam Scott,56.25,9,16
5,Andre Stolz,56.25,9,16
10,Stephen Ames,50.00,8,16
10,Sergio Garcia,50.00,8,16
10,Ryan Palmer,50.00,8,16
10,Craig Parry,50.00,8,16
10,Vijay Singh,50.00,8,16
10,David Toms,50.00,8,16
10,Mike Weir,50.00,8,16
17,Chad Campbell,43.75,7,16
17,Stewart Cink,43.75,7,16
17,Ernie Els,43.75,7,16
17,Steve Flesch,43.75,7,16
17,Jonathan Kaye,43.75,7,16
17,Rod Pampling,43.75,7,16
23,Stuart Appleby,37.50,6,16
23,Bart Bryant,37.50,6,16
23,Todd Hamilton,37.50,6,16
23,Zach Johnson,37.50,6,16
27,Carlos Franco,31.25,5,16
27,Brent Geiberger,31.25,5,16
27,Joey Sindelar,31.25,5,16
27,Heath Slocum,31.25,5,16
31,Fred Funk,25.00,4,16
