rank,player,Status,Par 4 Avg,Total Par
1,Stuart Appleby,-15,3.66,176
2,Ernie Els,-11,3.75,176
2,Jonathan Kaye,-11,3.75,176
4,Adam Scott,-9,3.80,176
4,Tiger Woods,-9,3.80,176
6,Bart Bryant,-7,3.84,176
6,Stewart Cink,-7,3.84,176
6,David Toms,-7,3.84,176
9,Jonathan Byrd,-6,3.86,176
9,John Daly,-6,3.86,176
9,Sergio Garcia,-6,3.86,176
9,Rod Pampling,-6,3.86,176
9,Vijay Singh,-6,3.86,176
14,Woody Austin,-5,3.89,176
14,Craig Parry,-5,3.89,176
14,Heath Slocum,-5,3.89,176
14,Andre Stolz,-5,3.89,176
18,Brent Geiberger,-4,3.91,176
18,Vaughn Taylor,-4,3.91,176
20,Chad Campbell,-3,3.93,176
20,Mike Weir,-3,3.93,176
22,Stephen Ames,-2,3.95,176
22,Todd Hamilton,-2,3.95,176
22,Mark Hensby,-2,3.95,176
25,Retief Goosen,-1,3.98,176
25,Ryan Palmer,-1,3.98,176
27,Zach Johnson,E,4.00,176
28,Steve Flesch,+1,4.02,176
28,Fred Funk,+1,4.02,176
30,Joey Sindelar,+2,4.05,176
31,Carlos Franco,+4,4.09,176
