rank,player,%,Par 3 Birdies or Better,Par 3 Holes
1,Stewart Cink,50.00,6,12
2,Chad Campbell,25.00,3,12
2,Ernie Els,25.00,3,12
2,Carlos Franco,25.00,3,12
2,Zach Johnson,25.00,3,12
2,Jonathan Kaye,25.00,3,12
2,Adam Scott,25.00,3,12
2,Joey Sindelar,25.00,3,12
9,Stephen Ames,16.67,2,12
9,Sergio Garcia,16.67,2,12
9,Brent Geiberger,16.67,2,12
9,Craig Parry,16.67,2,12
9,Vijay Singh,16.67,2,12
9,Vaughn Taylor,16.67,2,12
9,David Toms,16.67,2,12
9,Mike Weir,16.67,2,12
17,Stuart Appleby,8.33,1,12
17,Woody Austin,8.33,1,12
17,Bart Bryant,8.33,1,12
17,Jonathan Byrd,8.33,1,12
17,John Daly,8.33,1,12
17,Steve Flesch,8.33,1,12
17,Fred Funk,8.33,1,12
17,Mark Hensby,8.33,1,12
17,Ryan Palmer,8.33,1,12
17,Heath Slocum,8.33,1,12
17,Tiger Woods,8.33,1,12
28,Retief Goosen,.00,0,12
28,Todd Hamilton,.00,0,12
28,Rod Pampling,.00,0,12
28,Andre Stolz,.00,0,12
