rank,player,Avg,Total Strokes,Total Holes
1,Stewart Cink,2.50,30,12
2,Ernie Els,2.75,33,12
2,Zach Johnson,2.75,33,12
2,Joey Sindelar,2.75,33,12
5,Chad Campbell,2.83,34,12
5,Carlos Franco,2.83,34,12
5,Jonathan Kaye,2.83,34,12
5,Craig Parry,2.83,34,12
5,Vijay Singh,2.83,34,12
5,Mike Weir,2.83,34,12
11,Bart Bryant,2.92,35,12
11,Adam Scott,2.92,35,12
11,David Toms,2.92,35,12
11,Tiger Woods,2.92,35,12
15,Stephen Ames,3.00,36,12
15,Stuart Appleby,3.00,36,12
15,Steve Flesch,3.00,36,12
15,Fred Funk,3.00,36,12
15,Sergio Garcia,3.00,36,12
15,Vaughn Taylor,3.00,36,12
21,Woody Austin,3.08,37,12
21,Brent Geiberger,3.08,37,12
21,Mark Hensby,3.08,37,12
24,Jonathan Byrd,3.17,38,12
24,Retief Goosen,3.17,38,12
24,Todd Hamilton,3.17,38,12
24,Ryan Palmer,3.17,38,12
24,Rod Pampling,3.17,38,12
24,Heath Slocum,3.17,38,12
30,Andre Stolz,3.25,39,12
31,John Daly,3.42,41,12
