rank,player,Avg,Total Strokes,Total Holes
1,Retief Goosen,4.19,67,16
2,Vaughn Taylor,4.25,68,16
3,Vijay Singh,4.38,70,16
4,Woody Austin,4.44,71,16
4,John Daly,4.44,71,16
4,Tiger Woods,4.44,71,16
7,Jonathan Byrd,4.50,72,16
7,Sergio Garcia,4.50,72,16
7,Mark Hensby,4.50,72,16
7,Adam Scott,4.50,72,16
7,David Toms,4.50,72,16
12,Stephen Ames,4.56,73,16
12,Jonathan Kaye,4.56,73,16
12,Craig Parry,4.56,73,16
12,Mike Weir,4.56,73,16
16,Stuart Appleby,4.63,74,16
16,Ryan Palmer,4.63,74,16
18,Chad Campbell,4.69,75,16
18,Stewart Cink,4.69,75,16
18,Ernie Els,4.69,75,16
18,Todd Hamilton,4.69,75,16
18,Rod Pampling,4.69,75,16
18,Joey Sindelar,4.69,75,16
18,Andre Stolz,4.69,75,16
25,Steve Flesch,4.75,76,16
26,Bart Bryant,4.81,77,16
26,Fred Funk,4.81,77,16
26,Zach Johnson,4.81,77,16
26,Heath Slocum,4.81,77,16
30,Carlos Franco,4.88,78,16
31,Brent Geiberger,4.94,79,16
