rank,player,%,Successes,Attempts
1,Daniel Berger,100.00,1,1
1,Sam Burns,100.00,3,3
1,Billy Horschel,100.00,5,5
1,Matt Jones,100.00,2,2
1,Jon Rahm,100.00,3,3
6,Patrick Cantlay,80.00,4,5
6,Lucas Glover,80.00,4,5
6,Sungjae Im,80.00,4,5
6,Kevin Kisner,80.00,4,5
6,Jordan Spieth,80.00,4,5
11,Branden Grace,75.00,3,4
11,Max Homa,75.00,3,4
11,Brooks Koepka,75.00,3,4
11,Seamus Power,75.00,3,4
15,Abraham Ancer,66.67,4,6
15,Talor Gooch,66.67,2,3
15,Viktor Hovland,66.67,4,6
15,Si Woo Kim,66.67,4,6
15,Jason Kokrak,66.67,4,6
15,Marc Leishman,66.67,2,3
15,Hideki Matsuyama,66.67,2,3
22,Justin Thomas,60.00,3,5
23,Cam Davis,50.00,4,8
23,Harris English,50.00,2,4
23,Tony Finau,50.00,1,2
23,Lucas Herbert,50.00,2,4
23,Garrick Higgo,50.00,1,2
23,K.H. Lee,50.00,3,6
23,Kevin Na,50.00,2,4
23,Patrick Reed,50.00,2,4
23,Cameron Smith,50.00,1,2
32,Xander Schauffele,40.00,2,5
33,Stewart Cink,33.33,1,3
33,Joel Dahmen,33.33,1,3
35,Erik van Rooyen,25.00,1,4
36,Bryson DeChambeau,20.00,1,5
37,Phil Mickelson,.00,0,1
37,Collin Morikawa,.00,0,1
