rank,player,%,Par or Better,Missed GIR
1,Matt Jones,90.91,10,11
2,Daniel Berger,90.00,9,10
3,Jon Rahm,85.71,6,7
4,Billy Horschel,84.21,16,19
5,Sam Burns,83.33,10,12
5,Kevin Na,83.33,10,12
7,Patrick Cantlay,81.82,9,11
7,Sungjae Im,81.82,9,11
9,Harris English,80.00,12,15
9,Cameron Smith,80.00,8,10
11,Kevin Kisner,78.57,11,14
12,Talor Gooch,76.92,10,13
13,Jordan Spieth,75.00,9,12
14,Max Homa,73.33,11,15
15,Seamus Power,72.73,8,11
16,Joel Dahmen,71.43,10,14
17,Hideki Matsuyama,70.00,7,10
18,Abraham Ancer,65.00,13,20
19,Lucas Glover,64.29,9,14
19,Brooks Koepka,64.29,9,14
21,Tony Finau,63.64,7,11
21,Si Woo Kim,63.64,7,11
23,Cam Davis,61.54,8,13
24,K.H. Lee,58.33,7,12
24,Patrick Reed,58.33,7,12
24,Erik van Rooyen,58.33,7,12
27,Lucas Herbert,57.14,12,21
27,Viktor Hovland,57.14,8,14
29,Stewart Cink,55.56,5,9
29,Bryson DeChambeau,55.56,10,18
29,Marc Leishman,55.56,5,9
32,Xander Schauffele,53.85,7,13
33,Garrick Higgo,50.00,6,12
34,Jason Kokrak,47.06,8,17
35,Branden Grace,45.45,5,11
35,Phil Mickelson,45.45,5,11
35,Justin Thomas,45.45,5,11
38,Collin Morikawa,44.44,4,9
