rank,player,%,Successes,Attempts
1,Patrick Cantlay,100.00,2,2
1,Tony Finau,100.00,1,1
1,Talor Gooch,100.00,1,1
1,Sungjae Im,100.00,1,1
1,Matt Jones,100.00,1,1
6,Max Homa,66.67,2,3
7,Sam Burns,50.00,1,2
7,Kevin Kisner,50.00,1,2
7,Brooks Koepka,50.00,2,4
7,Jon Rahm,50.00,1,2
11,Harris English,40.00,2,5
12,Lucas Glover,33.33,1,3
12,Branden Grace,33.33,1,3
12,Viktor Hovland,33.33,1,3
12,Jordan Spieth,33.33,1,3
16,Bryson DeChambeau,25.00,1,4
16,Patrick Reed,25.00,1,4
16,Xander Schauffele,25.00,1,4
16,Justin Thomas,25.00,1,4
20,Abraham Ancer,.00,0,1
20,Cam Davis,.00,0,1
20,Lucas Herbert,.00,0,6
20,Garrick Higgo,.00,0,2
20,Billy Horschel,.00,0,1
20,Si Woo Kim,.00,0,1
20,Jason Kokrak,.00,0,3
20,K.H. Lee,.00,0,2
20,Marc Leishman,.00,0,2
20,Hideki Matsuyama,.00,0,1
20,Phil Mickelson,.00,0,3
20,Collin Morikawa,.00,0,1
20,Seamus Power,.00,0,2
20,Cameron Smith,.00,0,1
20,Erik van Rooyen,.00,0,2
