rank,player,%,# Saves,# Bunkers,Total O/U Par
1,Daniel Berger,100.00,4,4,E
1,Stewart Cink,100.00,1,1,-1.00
1,Joel Dahmen,100.00,3,3,-3.00
1,Harris English,100.00,2,2,-1.00
1,Tony Finau,100.00,3,3,-1.00
1,Talor Gooch,100.00,1,1,E
1,Kevin Kisner,100.00,1,1,E
1,Brooks Koepka,100.00,2,2,E
1,Hideki Matsuyama,100.00,3,3,-1.00
1,Xander Schauffele,100.00,1,1,-1.00
11,Lucas Herbert,85.71,6,7,+2.00
12,Patrick Reed,80.00,4,5,-3.00
12,Cameron Smith,80.00,4,5,E
14,Justin Thomas,75.00,3,4,-1.00
15,Sungjae Im,66.67,2,3,-1.00
15,Matt Jones,66.67,2,3,-2.00
15,Erik van Rooyen,66.67,2,3,-1.00
18,Lucas Glover,50.00,3,6,+1.00
18,Si Woo Kim,50.00,2,4,-1.00
18,K.H. Lee,50.00,1,2,-1.00
18,Seamus Power,50.00,2,4,-2.00
18,Jon Rahm,50.00,1,2,-1.00
23,Marc Leishman,40.00,2,5,E
24,Abraham Ancer,33.33,1,3,+1.00
24,Sam Burns,33.33,1,3,+1.00
24,Patrick Cantlay,33.33,1,3,E
24,Viktor Hovland,33.33,1,3,+3.00
24,Phil Mickelson,33.33,1,3,+2.00
24,Collin Morikawa,33.33,1,3,+1.00
30,Garrick Higgo,25.00,1,4,+3.00
31,Jason Kokrak,20.00,1,5,+2.00
32,Cam Davis,.00,0,1,+1.00
32,Bryson DeChambeau,.00,0,3,+2.00
32,Branden Grace,.00,0,1,E
32,Billy Horschel,.00,0,1,+2.00
