rank,player,Avg DTP,Total Distance (feet),# of Shots,Scrambling Rank
1,Robert Streb,"2' 7""",13.000,5,29
2,Geoff Ogilvy,"4' 2""",20.833,5,245
3,S.Y. Noh,"4' 6""",26.917,6,215
4,Patrick Reed,"4' 7""",45.500,10,4
5,John Senden,"5' 0""",40.250,8,148
6,Nick Taylor,"5' 3""",15.833,3,120
7,Matt Every,"5' 4""",53.667,10,121
8,Camilo Villegas,"5' 6""",44.250,8,126
9,Tim Clark,"5' 7""",50.500,9,84
10,Matt Kuchar,"5' 11""",53.333,9,25
11,Ben Crane,"6' 0""",47.833,8,129
11,Jason Day,"6' 0""",36.167,6,215
11,Billy Horschel,"6' 0""",29.833,5,135
11,Hideki Matsuyama,"6' 0""",41.750,7,40
11,Scott Stallings,"6' 0""",23.833,4,242
16,Chesson Hadley,"6' 2""",24.667,4,213
16,Ryan Moore,"6' 2""",37.083,6,195
16,Kevin Streelman,"6' 2""",61.500,10,85
19,Hunter Mahan,"6' 3""",43.833,7,46
20,Steven Bowditch,"6' 6""",58.833,9,7
21,Russell Henley,"7' 4""",29.417,4,128
21,Jimmy Walker,"7' 4""",65.917,9,107
23,Sangmoon Bae,"7' 5""",67.083,9,31
24,Matt Jones,"7' 6""",60.250,8,149
25,Ben Martin,"7' 7""",45.667,6,212
26,Charley Hoffman,"8' 9""",87.167,10,74
27,Brendon Todd,"8' 10""",44.000,5,171
28,Chris Kirk,"8' 11""",124.417,14,43
29,Zach Johnson,"9' 4""",74.917,8,215
30,J.B. Holmes,"9' 6""",104.083,11,143
30,Bubba Watson,"9' 6""",132.417,14,46
32,Ángel Cabrera,"10' 2""",142.500,14,209
33,Brian Harman,"11' 9""",70.667,6,121
