rank,player,Avg DTP,Total Distance (feet),# of Shots,Scrambling Rank
1,Matt Every,"3' 0""",12.000,4,121
2,John Senden,"3' 8""",7.333,2,148
3,Brian Harman,"3' 9""",11.250,3,121
4,S.Y. Noh,"4' 9""",18.917,4,215
5,Jason Day,"4' 10""",4.833,1,215
5,Hideki Matsuyama,"4' 10""",14.500,3,40
7,Tim Clark,"5' 3""",21.000,4,84
7,Robert Streb,"5' 3""",21.083,4,29
9,Ryan Moore,"5' 10""",17.417,3,195
10,Jimmy Walker,"6' 2""",6.167,1,107
11,Camilo Villegas,"6' 3""",25.000,4,126
12,Geoff Ogilvy,"6' 5""",6.417,1,245
13,Ben Martin,"7' 0""",28.000,4,212
14,Ben Crane,"7' 2""",28.750,4,129
15,Charley Hoffman,"7' 7""",22.667,3,74
16,Chris Kirk,"8' 7""",25.750,3,43
17,Matt Jones,"9' 1""",18.083,2,149
18,Bubba Watson,"9' 7""",47.917,5,46
19,Steven Bowditch,"9' 9""",29.333,3,7
19,Ángel Cabrera,"9' 9""",39.083,4,209
21,Nick Taylor,"10' 2""",40.583,4,120
22,Chesson Hadley,"11' 6""",57.333,5,213
23,Scott Stallings,"12' 1""",60.417,5,242
24,Zach Johnson,"12' 4""",37.083,3,215
25,Hunter Mahan,"14' 10""",44.417,3,46
26,J.B. Holmes,"15' 5""",61.750,4,143
27,Matt Kuchar,"16' 4""",32.667,2,25
28,Kevin Streelman,"20' 10""",41.667,2,85
29,Billy Horschel,"22' 6""",89.833,4,135
30,Russell Henley,"32' 3""",32.250,1,128
