rank,player,Avg DTP,Total Distance (feet),# of Shots,Scrambling Rank
1,Ángel Cabrera,"5' 2""",.496,8,209
2,Scott Stallings,"5' 5""",.389,6,242
3,Ryan Moore,"5' 7""",.866,13,195
4,Matt Jones,"6' 5""",.846,11,149
5,Hideki Matsuyama,"6' 6""",.780,10,40
5,Bubba Watson,"6' 6""",.623,8,46
7,Camilo Villegas,"6' 8""",.877,11,126
8,Patrick Reed,"6' 10""",1.226,15,4
9,Ben Crane,"7' 1""",.423,5,129
10,Brian Harman,"7' 3""",.872,10,121
11,Chris Kirk,"7' 5""",.888,10,43
11,Jimmy Walker,"7' 5""",.536,6,107
13,Steven Bowditch,"7' 6""",.904,10,7
14,Ben Martin,"7' 7""",1.000,11,212
15,John Senden,"7' 11""",.951,10,148
16,Tim Clark,"8' 2""",.587,6,84
17,Charley Hoffman,"8' 3""",.595,6,74
17,Nick Taylor,"8' 3""",.693,7,120
19,Chesson Hadley,"8' 6""",.714,7,213
20,Matt Every,"8' 11""",1.181,11,121
21,J.B. Holmes,"9' 2""",1.212,11,143
22,Brendon Todd,"9' 4""",1.010,9,171
23,Jason Day,"9' 5""",1.241,11,215
23,Billy Horschel,"9' 5""",1.352,12,135
23,Robert Streb,"9' 5""",.789,7,29
26,Kevin Streelman,"9' 6""",1.028,9,85
27,Matt Kuchar,"9' 11""",1.074,9,25
28,Russell Henley,"10' 4""",.870,7,128
29,Sangmoon Bae,"10' 10""",1.425,11,31
30,Zach Johnson,"10' 11""",1.180,9,215
31,Geoff Ogilvy,"11' 0""",1.186,9,245
32,Hunter Mahan,"11' 1""",.799,6,46
33,S.Y. Noh,"13' 6""",.811,5,215
