rank,player,Avg DTP,Total Distance (feet),# of Shots,Scrambling Rank
1,Brian Harman,"3' 7""",28.833,8,121
2,Ryan Moore,"4' 10""",34.000,7,195
3,Patrick Reed,"5' 5""",27.000,5,4
4,Scott Stallings,"5' 9""",40.500,7,242
5,Matt Jones,"5' 11""",11.750,2,149
5,Hideki Matsuyama,"5' 11""",47.583,8,40
7,Charley Hoffman,"6' 1""",36.583,6,74
7,Camilo Villegas,"6' 1""",54.500,9,126
9,Ben Martin,"6' 3""",37.667,6,212
10,Jimmy Walker,"6' 4""",25.167,4,107
11,Tim Clark,"6' 10""",20.500,3,84
11,John Senden,"6' 10""",61.250,9,148
13,Steven Bowditch,"6' 11""",41.250,6,7
14,Nick Taylor,"7' 0""",69.833,10,120
15,Billy Horschel,"7' 9""",54.500,7,135
16,Chris Kirk,"7' 10""",15.583,2,43
16,Brendon Todd,"7' 10""",15.583,2,171
18,Bubba Watson,"8' 0""",72.333,9,46
19,Matt Every,"8' 5""",58.833,7,121
20,Ben Crane,"8' 6""",17.000,2,129
21,J.B. Holmes,"8' 9""",69.833,8,143
21,Kevin Streelman,"8' 9""",43.667,5,85
23,Jason Day,"9' 0""",45.000,5,215
24,Matt Kuchar,"9' 4""",65.250,7,25
25,Chesson Hadley,"9' 9""",38.833,4,213
26,Geoff Ogilvy,"9' 10""",78.750,8,245
27,Sangmoon Bae,"10' 11""",21.833,2,31
28,Russell Henley,"11' 1""",66.500,6,128
29,S.Y. Noh,"11' 8""",93.500,8,215
30,Robert Streb,"12' 9""",89.167,7,29
31,Hunter Mahan,"14' 0""",84.083,6,46
32,Ángel Cabrera,"16' 9""",83.667,5,209
33,Zach Johnson,"19' 1""",95.500,5,215
