rank,player,Avg dtp,Total Distance (Feet),Attempts
1,Billy Horschel,"4' 3""",34.167,8
2,Ryan Moore,"4' 4""",52.333,12
3,Patrick Reed,"4' 7""",64.083,14
4,Camilo Villegas,"5' 6""",82.500,15
5,Jason Day,"5' 7""",39.083,7
5,Chesson Hadley,"5' 7""",56.167,10
5,Scott Stallings,"5' 7""",55.833,10
5,Jimmy Walker,"5' 7""",55.833,10
9,Hunter Mahan,"5' 8""",56.500,10
10,Steven Bowditch,"5' 9""",75.083,13
11,Charley Hoffman,"5' 11""",65.250,11
12,Ben Crane,"6' 0""",101.583,17
13,Chris Kirk,"6' 2""",79.833,13
14,Hideki Matsuyama,"6' 3""",62.833,10
15,Nick Taylor,"6' 4""",125.833,20
16,Kevin Streelman,"6' 5""",90.167,14
17,Russell Henley,"7' 0""",55.917,8
18,Matt Jones,"7' 2""",93.000,13
19,Ben Martin,"7' 5""",73.833,10
20,Robert Streb,"7' 7""",83.083,11
21,Sangmoon Bae,"8' 0""",56.083,7
21,Matt Kuchar,"8' 0""",111.833,14
23,Brian Harman,"10' 3""",174.750,17
24,Matt Every,"10' 6""",157.500,15
25,Ángel Cabrera,"10' 11""",174.333,16
26,S.Y. Noh,"11' 1""",132.917,12
27,Zach Johnson,"11' 4""",158.917,14
28,Brendon Todd,"11' 8""",151.167,13
29,Tim Clark,"11' 10""",141.917,12
30,Geoff Ogilvy,"12' 1""",132.750,11
31,Bubba Watson,"12' 3""",220.833,18
32,John Senden,"12' 4""",159.833,13
33,J.B. Holmes,"12' 9""",191.833,15
