rank,player,Avg (Yards),Total Distance (inches),Number of Approach Shots
1,Andre Stolz,143.2,"226,903,000",44
2,David Toms,145.3,"251,114,000",48
3,Craig Parry,148.1,"266,571,000",50
4,Retief Goosen,149.4,"252,797,000",47
5,Adam Scott,151.4,"239,818,000",44
6,Chad Campbell,152.3,"285,052,000",52
7,Steve Flesch,153.2,"242,699,000",44
8,Stephen Ames,155.7,"252,263,000",45
9,Mike Weir,156.6,"248,105,000",44
10,Brent Geiberger,156.8,"276,525,000",49
11,Joey Sindelar,158.7,"285,586,000",50
12,Fred Funk,159.1,"320,836,000",56
13,Vaughn Taylor,159.5,"246,946,000",43
14,Heath Slocum,159.7,"281,634,000",49
15,Bart Bryant,159.8,"258,851,000",45
15,Carlos Franco,159.8,"253,165,000",44
17,Rod Pampling,161.5,"279,126,000",48
18,Stuart Appleby,162.8,"263,687,000",45
19,Woody Austin,163.5,"229,504,000",39
20,Zach Johnson,164.2,"289,675,000",49
21,Jonathan Byrd,164.5,"225,041,000",38
22,Stewart Cink,166.3,"275,400,000",46
23,Vijay Singh,167.3,"301,055,000",50
24,Ryan Palmer,167.4,"259,132,000",43
25,Ernie Els,167.6,"235,286,000",39
26,Sergio Garcia,168.5,"279,057,000",46
27,Mark Hensby,169.6,"250,265,000",41
28,Todd Hamilton,170.6,"282,454,000",46
29,Jonathan Kaye,171.5,"265,507,000",43
30,John Daly,174.0,"250,593,000",40
31,Tiger Woods,181.2,"293,497,000",45
