rank,player,Avg (Yards),Total Distance (inches),Number of Approach Shots
1,Heath Slocum,145.8,"78,706,000",15
2,Todd Hamilton,147.4,"84,890,000",16
3,Jonathan Kaye,147.6,"127,539,000",24
4,Bart Bryant,150.5,"102,945,000",19
5,Stuart Appleby,151.2,"130,658,000",24
6,Fred Funk,154.2,"49,947,000",9
6,Brent Geiberger,154.2,"77,735,000",14
8,John Daly,165.8,"125,351,000",21
9,Mark Hensby,166.1,"119,589,000",20
10,Stewart Cink,170.9,"135,318,000",22
11,Vijay Singh,171.4,"123,373,000",20
12,Vaughn Taylor,172.3,"142,662,000",23
13,Joey Sindelar,174.9,"94,438,000",15
14,Woody Austin,175.7,"151,783,000",24
15,David Toms,180.3,"129,800,000",20
16,Mike Weir,180.7,"130,135,000",20
17,Craig Parry,182.9,"118,502,000",18
18,Tiger Woods,184.5,"152,737,000",23
19,Ernie Els,189.3,"177,180,000",26
20,Stephen Ames,193.1,"132,105,000",19
21,Jonathan Byrd,193.7,"167,334,000",24
22,Retief Goosen,195.5,"126,690,000",18
23,Adam Scott,195.9,"162,222,000",23
24,Andre Stolz,196.9,"127,573,000",18
25,Steve Flesch,199.7,"107,821,000",15
26,Zach Johnson,202.0,"109,088,000",15
27,Rod Pampling,202.5,"123,918,000",17
28,Carlos Franco,203.7,"102,677,000",14
29,Chad Campbell,205.6,"111,020,000",15
30,Sergio Garcia,210.2,"151,361,000",20
31,Ryan Palmer,211.6,"129,505,000",17
