rank,player,Avg (Yards),Total Distance (inches),Number of Approach Shots
1,Stewart Cink,98.0,"7,057,000",2
2,Tiger Woods,103.1,"11,135,000",3
3,Vijay Singh,113.5,"8,175,000",2
4,David Toms,115.6,"16,648,000",4
5,Steve Flesch,130.2,"51,555,000",11
6,Craig Parry,134.8,"19,411,000",4
7,John Daly,135.7,"48,868,000",10
8,Jonathan Kaye,139.1,"25,042,000",5
9,Stuart Appleby,140.4,"15,160,000",3
10,Joey Sindelar,146.8,"36,989,000",7
11,Jonathan Byrd,147.3,"42,416,000",8
12,Woody Austin,151.3,"49,011,000",9
13,Rod Pampling,152.0,"38,316,000",7
14,Vaughn Taylor,152.7,"32,977,000",6
15,Brent Geiberger,154.5,"27,817,000",5
16,Carlos Franco,159.6,"68,967,000",12
17,Ernie Els,160.2,"40,359,000",7
18,Stephen Ames,161.1,"46,383,000",8
19,Ryan Palmer,164.4,"65,089,000",11
20,Fred Funk,165.9,"41,807,000",7
21,Heath Slocum,166.5,"41,964,000",7
22,Adam Scott,167.7,"24,152,000",4
23,Sergio Garcia,169.6,"30,522,000",5
24,Mark Hensby,171.2,"67,776,000",11
25,Mike Weir,173.1,"49,840,000",8
26,Bart Bryant,176.7,"44,524,000",7
27,Todd Hamilton,179.1,"58,044,000",9
28,Retief Goosen,179.4,"38,756,000",6
29,Andre Stolz,181.8,"65,442,000",10
30,Zach Johnson,186.0,"46,882,000",7
31,Chad Campbell,196.0,"28,230,000",4
