rank,player,Avg,Total Strokes,Total Holes
1,Dustin Johnson,33.00,99,3
2,Matt Kuchar,34.00,102,3
3,Tommy Gainey,34.33,103,3
4,Rickie Fowler,35.00,105,3
4,Brandt Snedeker,35.00,105,3
4,Bubba Watson,35.00,105,3
7,Ian Poulter,35.33,106,3
7,Steve Stricker,35.33,106,3
9,Carl Pettersson,35.67,107,3
10,Jonas Blixt,36.00,108,3
10,Scott Stallings,36.00,108,3
12,Keegan Bradley,36.33,109,3
12,J.J. Henry,36.33,109,3
12,Webb Simpson,36.33,109,3
12,Johnson Wagner,36.33,109,3
12,Nick Watney,36.33,109,3
12,Mark Wilson,36.33,109,3
18,Bill Haas,36.67,110,3
18,Marc Leishman,36.67,110,3
18,Hunter Mahan,36.67,110,3
18,Ryan Moore,36.67,110,3
22,"Ted Potter, Jr.",37.00,111,3
23,Charlie Beljan,37.33,112,3
23,Jason Dufner,37.33,112,3
25,Ben Curtis,37.67,113,3
26,John Huh,38.00,114,3
27,George McNeill,38.33,115,3
27,Scott Piercy,38.33,115,3
29,Zach Johnson,39.00,117,3
30,Kyle Stanley,40.33,121,3
