rank,player,Avg,Total Strokes,Total Rounds
1,Matt Kuchar,32.00,32,1
2,Ian Poulter,33.00,33,1
3,Jason Dufner,34.00,34,1
3,Rickie Fowler,34.00,34,1
3,Dustin Johnson,34.00,34,1
6,Tommy Gainey,35.00,35,1
6,J.J. Henry,35.00,35,1
6,Carl Pettersson,35.00,35,1
6,"Ted Potter, Jr.",35.00,35,1
6,Brandt Snedeker,35.00,35,1
6,Scott Stallings,35.00,35,1
12,Jonas Blixt,36.00,36,1
12,Marc Leishman,36.00,36,1
12,Webb Simpson,36.00,36,1
12,Steve Stricker,36.00,36,1
12,Bubba Watson,36.00,36,1
12,Mark Wilson,36.00,36,1
18,Keegan Bradley,37.00,37,1
18,Ben Curtis,37.00,37,1
18,Zach Johnson,37.00,37,1
18,George McNeill,37.00,37,1
18,Ryan Moore,37.00,37,1
18,Kyle Stanley,37.00,37,1
18,Johnson Wagner,37.00,37,1
25,Bill Haas,38.00,38,1
25,John Huh,38.00,38,1
27,Charlie Beljan,39.00,39,1
27,Hunter Mahan,39.00,39,1
27,Nick Watney,39.00,39,1
30,Scott Piercy,40.00,40,1
