rank,player,Avg,Total Strokes,Total Rounds
1,Matt Kuchar,31.00,31,1
2,Dustin Johnson,32.00,32,1
3,Steve Stricker,33.00,33,1
3,Bubba Watson,33.00,33,1
5,Tommy Gainey,34.00,34,1
5,Brandt Snedeker,34.00,34,1
7,Carl Pettersson,35.00,35,1
7,Johnson Wagner,35.00,35,1
9,Keegan Bradley,36.00,36,1
9,Rickie Fowler,36.00,36,1
9,Scott Piercy,36.00,36,1
9,Ian Poulter,36.00,36,1
9,Webb Simpson,36.00,36,1
9,Scott Stallings,36.00,36,1
15,Jonas Blixt,37.00,37,1
15,Bill Haas,37.00,37,1
15,John Huh,37.00,37,1
15,Hunter Mahan,37.00,37,1
15,Ryan Moore,37.00,37,1
15,Nick Watney,37.00,37,1
21,Charlie Beljan,38.00,38,1
21,J.J. Henry,38.00,38,1
21,Marc Leishman,38.00,38,1
21,George McNeill,38.00,38,1
21,"Ted Potter, Jr.",38.00,38,1
21,Mark Wilson,38.00,38,1
27,Jason Dufner,39.00,39,1
28,Ben Curtis,40.00,40,1
29,Zach Johnson,41.00,41,1
30,Kyle Stanley,42.00,42,1
