rank,player,%
1,Ryan Palmer,75.00
2,Arjun Atwal,66.67
3,Adam Scott,55.56
4,Matt Kuchar,50.00
4,Bill Lunde,50.00
4,Graeme McDowell,50.00
7,Cameron Beckman,44.44
7,Ben Crane,44.44
7,Dustin Johnson,44.44
10,Anthony Kim,42.86
10,Ian Poulter,42.86
12,Robert Garrigus,40.00
13,Stuart Appleby,38.46
14,Charley Hoffman,37.50
14,Justin Rose,37.50
16,Jonathan Byrd,33.33
16,Tim Clark,33.33
16,Jason Day,33.33
16,Francesco Molinari,33.33
20,Bill Haas,25.00
20,Bubba Watson,25.00
22,Matt Bettencourt,20.00
22,Jim Furyk,20.00
22,Derek Lamely,20.00
22,Hunter Mahan,20.00
26,Rocco Mediate,18.75
27,Carl Pettersson,14.29
28,Zach Johnson,11.11
29,Jason Bohn,.00
29,Ernie Els,.00
29,Heath Slocum,.00
29,Steve Stricker,.00
