rank,player,Total
1,Robert Garrigus,2
1,Bill Haas,2
3,Matt Bettencourt,1
3,Jason Bohn,1
3,Jonathan Byrd,1
3,Ernie Els,1
3,Dustin Johnson,1
3,Rocco Mediate,1
3,Carl Pettersson,1
3,Ian Poulter,1
3,Justin Rose,1
3,Bubba Watson,1
13,Stuart Appleby,0
13,Arjun Atwal,0
13,Cameron Beckman,0
13,Tim Clark,0
13,Ben Crane,0
13,Jason Day,0
13,Jim Furyk,0
13,Charley Hoffman,0
13,Zach Johnson,0
13,Anthony Kim,0
13,Matt Kuchar,0
13,Derek Lamely,0
13,Bill Lunde,0
13,Hunter Mahan,0
13,Graeme McDowell,0
13,Francesco Molinari,0
13,Ryan Palmer,0
13,Adam Scott,0
13,Heath Slocum,0
13,Steve Stricker,0
