rank,player,%,# Birdies/Eagles,# Holes
1,Robert Garrigus,38.89,28,72
2,Graeme McDowell,37.50,27,72
3,Jonathan Byrd,36.11,26,72
3,Carl Pettersson,36.11,26,72
5,Dustin Johnson,34.72,25,72
5,Ian Poulter,34.72,25,72
7,Matt Kuchar,33.33,24,72
7,Steve Stricker,33.33,24,72
7,Bubba Watson,33.33,24,72
10,Arjun Atwal,30.56,22,72
10,Jason Day,30.56,22,72
10,Francesco Molinari,30.56,22,72
10,Justin Rose,30.56,22,72
14,Charley Hoffman,29.17,21,72
15,Anthony Kim,27.78,20,72
15,Adam Scott,27.78,20,72
17,Cameron Beckman,26.39,19,72
17,Tim Clark,26.39,19,72
17,Ben Crane,26.39,19,72
17,Jim Furyk,26.39,19,72
17,Hunter Mahan,26.39,19,72
22,Stuart Appleby,25.00,18,72
22,Jason Bohn,25.00,18,72
22,Ernie Els,25.00,18,72
22,Bill Haas,25.00,18,72
22,Zach Johnson,25.00,18,72
27,Bill Lunde,23.61,17,72
27,Ryan Palmer,23.61,17,72
29,Matt Bettencourt,22.22,16,72
30,Derek Lamely,20.83,15,72
30,Rocco Mediate,20.83,15,72
30,Heath Slocum,20.83,15,72
