rank,player,Avg,Total Strokes,Total Rounds
1,Sangmoon Bae,67.50,135,2
1,Russell Henley,67.50,135,2
1,Zach Johnson,67.50,135,2
1,Jimmy Walker,67.50,135,2
5,Charley Hoffman,68.00,136,2
5,Hideki Matsuyama,68.00,136,2
5,Patrick Reed,68.00,136,2
5,Robert Streb,68.00,136,2
5,Brendon Todd,68.00,136,2
10,Scott Stallings,68.50,137,2
11,Matt Kuchar,69.00,138,2
12,Jason Day,69.50,139,2
12,Ben Martin,69.50,139,2
12,John Senden,69.50,139,2
12,Bubba Watson,69.50,139,2
16,Brian Harman,70.00,140,2
16,J.B. Holmes,70.00,140,2
18,Ben Crane,70.50,141,2
18,Matt Jones,70.50,141,2
18,Ryan Moore,70.50,141,2
18,S.Y. Noh,70.50,141,2
18,Geoff Ogilvy,70.50,141,2
18,Camilo Villegas,70.50,141,2
24,Steven Bowditch,71.00,142,2
24,Billy Horschel,71.00,142,2
24,Hunter Mahan,71.00,142,2
24,Kevin Streelman,71.00,142,2
24,Nick Taylor,71.00,142,2
29,Chesson Hadley,71.50,143,2
30,Ángel Cabrera,72.00,144,2
30,Matt Every,72.00,144,2
30,Chris Kirk,72.00,144,2
33,Tim Clark,72.50,145,2
