rank,player,Stroke Differential,Player's Score,Field Average Score
1,Patrick Reed,+2.18,67.75,69.93
1,Jimmy Walker,+2.18,67.75,69.93
3,Jason Day,+1.93,68.00,69.93
3,Russell Henley,+1.93,68.00,69.93
3,Hideki Matsuyama,+1.93,68.00,69.93
6,Sangmoon Bae,+1.43,68.50,69.93
7,Zach Johnson,+1.18,68.75,69.93
8,Robert Streb,+.93,69.00,69.93
8,Brendon Todd,+.93,69.00,69.93
10,Bubba Watson,+.68,69.25,69.93
11,Matt Jones,+.43,69.50,69.93
11,Ben Martin,+.43,69.50,69.93
11,S.Y. Noh,+.43,69.50,69.93
14,Charley Hoffman,+.18,69.75,69.93
14,Chris Kirk,+.18,69.75,69.93
14,Scott Stallings,+.18,69.75,69.93
17,Brian Harman,-.07,70.00,69.93
17,Matt Kuchar,-.07,70.00,69.93
17,Hunter Mahan,-.07,70.00,69.93
20,Chesson Hadley,-.32,70.25,69.93
20,Ryan Moore,-.32,70.25,69.93
22,Steven Bowditch,-.57,70.50,69.93
22,Billy Horschel,-.57,70.50,69.93
22,Kevin Streelman,-.57,70.50,69.93
25,Tim Clark,-.82,70.75,69.93
25,John Senden,-.82,70.75,69.93
27,Matt Every,-1.07,71.00,69.93
27,Geoff Ogilvy,-1.07,71.00,69.93
29,Ángel Cabrera,-1.57,71.50,69.93
29,Ben Crane,-1.57,71.50,69.93
29,Nick Taylor,-1.57,71.50,69.93
32,Camilo Villegas,-1.82,71.75,69.93
33,J.B. Holmes,-2.32,72.25,69.93
