rank,player,Low Rnd
1,David Toms,67
2,J.B. Holmes,68
2,Rory Sabbatini,68
4,Eric Axley,69
4,K.J. Choi,69
4,Will MacKenzie,69
4,Rod Pampling,69
4,Adam Scott,69
4,Vijay Singh,69
4,Kirk Triplett,69
11,Aaron Baddeley,70
11,Davis Love III,70
11,Troy Matteson,70
11,Carl Pettersson,70
11,John Rollins,70
16,Luke Donald,71
16,Jim Furyk,71
16,Trevor Immelman,71
16,John Senden,71
20,Stuart Appleby,72
20,Tim Herron,72
20,Geoff Ogilvy,72
20,Dean Wilson,72
24,Joe Durant,73
24,J.J. Henry,73
24,Brett Wetterich,73
27,Jeff Maggert,74
27,Corey Pavin,74
29,Chad Campbell,75
29,D.J. Trahan,75
31,Ben Curtis,76
