rank,player,Avg,Total Strokes,Total Early Rounds
1,J.B. Holmes,68.00,68,1
2,K.J. Choi,69.00,69,1
2,Will MacKenzie,69.00,69,1
2,Vijay Singh,69.00,69,1
5,Davis Love III,70.00,70,1
6,David Toms,70.33,211,3
7,Luke Donald,71.00,71,1
7,Trevor Immelman,71.00,71,1
7,Adam Scott,71.00,142,2
7,Kirk Triplett,71.00,142,2
11,Troy Matteson,71.50,143,2
12,Stuart Appleby,72.00,72,1
13,Jim Furyk,72.50,145,2
13,Geoff Ogilvy,72.50,145,2
15,Tim Herron,72.67,218,3
16,Joe Durant,73.00,146,2
16,Rory Sabbatini,73.00,146,2
16,Brett Wetterich,73.00,146,2
19,John Senden,73.25,293,4
20,Rod Pampling,73.33,220,3
21,J.J. Henry,73.50,147,2
21,Carl Pettersson,73.50,294,4
23,Eric Axley,73.67,221,3
24,John Rollins,73.75,295,4
25,Aaron Baddeley,74.00,148,2
26,Dean Wilson,74.67,224,3
27,Corey Pavin,75.25,301,4
28,Jeff Maggert,75.75,303,4
29,D.J. Trahan,76.33,229,3
30,Chad Campbell,76.50,153,2
31,Ben Curtis,78.00,234,3
