rank,player,Avg,Total Strokes,Total Rounds
1,J.B. Holmes,68.00,68,1
2,Adam Scott,69.00,69,1
3,Troy Matteson,70.00,70,1
4,Luke Donald,71.00,71,1
5,Stuart Appleby,72.00,72,1
5,Tim Herron,72.00,72,1
5,Geoff Ogilvy,72.00,72,1
5,David Toms,72.00,72,1
9,Joe Durant,73.00,73,1
9,J.J. Henry,73.00,73,1
9,Kirk Triplett,73.00,73,1
12,Jim Furyk,74.00,74,1
12,Jeff Maggert,74.00,74,1
12,John Rollins,74.00,74,1
12,John Senden,74.00,74,1
16,Corey Pavin,75.00,75,1
16,Carl Pettersson,75.00,75,1
18,Rory Sabbatini,78.00,78,1
19,Rod Pampling,80.00,80,1
