rank,player,Avg,Total Strokes,Total Rounds
1,K.J. Choi,69.00,69,1
1,Will MacKenzie,69.00,69,1
1,Vijay Singh,69.00,69,1
4,Davis Love III,70.00,70,1
5,Trevor Immelman,71.00,71,1
6,Carl Pettersson,72.00,72,1
7,Joe Durant,73.00,73,1
7,Troy Matteson,73.00,73,1
7,Adam Scott,73.00,73,1
7,John Senden,73.00,73,1
11,J.J. Henry,74.00,74,1
12,Corey Pavin,75.00,75,1
13,Jeff Maggert,76.00,76,1
14,John Rollins,77.00,77,1
15,Eric Axley,78.00,78,1
16,D.J. Trahan,79.00,79,1
17,Dean Wilson,80.00,80,1
18,Ben Curtis,81.00,81,1
