rank,player,Avg,Total Strokes,Tot. Early Rds.(1st tee)
1,J.B. Holmes,68.00,68,1
2,K.J. Choi,69.00,69,1
2,Will MacKenzie,69.00,69,1
2,Vijay Singh,69.00,69,1
2,Kirk Triplett,69.00,69,1
6,David Toms,69.50,139,2
7,Davis Love III,70.00,70,1
7,Rod Pampling,70.00,140,2
9,Luke Donald,71.00,71,1
9,Trevor Immelman,71.00,71,1
9,Adam Scott,71.00,142,2
12,Troy Matteson,71.50,143,2
13,Jim Furyk,72.50,145,2
14,Joe Durant,73.00,146,2
14,Tim Herron,73.00,146,2
14,Geoff Ogilvy,73.00,73,1
14,Rory Sabbatini,73.00,146,2
14,Brett Wetterich,73.00,146,2
19,John Senden,73.25,293,4
20,Carl Pettersson,73.50,294,4
21,Eric Axley,73.67,221,3
21,John Rollins,73.67,221,3
23,Aaron Baddeley,74.00,148,2
23,J.J. Henry,74.00,74,1
25,Dean Wilson,74.67,224,3
26,Corey Pavin,75.33,226,3
27,Jeff Maggert,76.33,229,3
27,D.J. Trahan,76.33,229,3
29,Chad Campbell,76.50,153,2
30,Ben Curtis,78.00,234,3
