rank,player,Avg,Total Strokes,Total Rounds
1,David Toms,67.00,67,1
2,Eric Axley,69.00,69,1
2,Rod Pampling,69.00,69,1
4,Aaron Baddeley,70.00,70,1
4,Carl Pettersson,70.00,70,1
6,Jim Furyk,71.00,71,1
6,John Senden,71.00,71,1
8,Dean Wilson,72.00,72,1
9,Geoff Ogilvy,73.00,73,1
9,Brett Wetterich,73.00,73,1
11,Tim Herron,74.00,74,1
11,John Rollins,74.00,74,1
13,Chad Campbell,75.00,75,1
13,D.J. Trahan,75.00,75,1
15,Ben Curtis,76.00,76,1
16,Corey Pavin,77.00,77,1
17,Jeff Maggert,79.00,79,1
