rank,player,Avg,Total Strokes,Total Rounds
1,Rory Sabbatini,68.00,68,1
2,Kirk Triplett,69.00,69,1
3,John Rollins,70.00,70,1
4,Rod Pampling,71.00,71,1
5,Tim Herron,72.00,72,1
5,David Toms,72.00,72,1
5,Dean Wilson,72.00,72,1
8,Brett Wetterich,73.00,73,1
9,Eric Axley,74.00,74,1
9,Jeff Maggert,74.00,74,1
9,Corey Pavin,74.00,74,1
12,John Senden,75.00,75,1
12,D.J. Trahan,75.00,75,1
14,Ben Curtis,77.00,77,1
14,Carl Pettersson,77.00,77,1
16,Aaron Baddeley,78.00,78,1
16,Chad Campbell,78.00,78,1
