rank,player,%,Greens Hit,Total Holes,Relative to par
1,Brian Bateman,100.00,17,17,-0.59
1,Fred Funk,100.00,4,4,-0.50
1,Jim Furyk,100.00,16,16,-0.56
1,Hunter Mahan,100.00,14,14,-0.71
1,Vijay Singh,100.00,20,20,-0.45
1,Henrik Stenson,100.00,10,10,-0.10
1,Scott Verplank,100.00,13,13,-0.38
1,Nick Watney,100.00,18,18,-0.50
1,Boo Weekley,100.00,22,22,-0.64
1,Mike Weir,100.00,23,23,-0.70
11,Woody Austin,95.45,21,22,-0.43
12,Mark Calcavecchia,95.00,19,20,-0.47
13,Aaron Baddeley,94.74,18,19,-0.44
14,Rory Sabbatini,94.44,17,18,-0.59
14,Steve Stricker,94.44,17,18,-0.82
16,Charles Howell III,93.75,15,16,-0.60
17,George McNeill,93.33,14,15,-0.43
18,Steve Flesch,92.86,13,14,-0.46
18,Justin Leonard,92.86,13,14,-0.46
18,Mark Wilson,92.86,13,14,-0.54
21,K.J. Choi,92.31,12,13,-0.67
22,Stephen Ames,90.91,20,22,-0.50
23,Jonathan Byrd,90.48,19,21,-0.42
23,Joe Ogilvie,90.48,19,21,-0.37
25,Ángel Cabrera,90.00,18,20,-0.56
26,Daniel Chopra,89.47,17,19,-0.53
27,Chad Campbell,88.89,16,18,-0.50
28,Paul Goydos,86.67,13,15,-0.62
28,Brandt Snedeker,86.67,13,15,-0.69
30,Charley Hoffman,85.71,12,14,-0.67
30,Zach Johnson,85.71,12,14,-0.50
