rank,player,%,Greens Hit,Total Holes,Relative to par
1,Hunter Mahan,100.00,7,7,-0.14
1,Rory Sabbatini,100.00,8,8,-0.38
1,Steve Stricker,100.00,8,8,-0.25
1,Nick Watney,100.00,7,7,-0.14
5,Jim Furyk,92.86,13,14,-0.15
6,Fred Funk,90.91,10,11,+0.10
7,Brandt Snedeker,90.00,9,10,E
8,Stephen Ames,87.50,7,8,-0.29
8,Aaron Baddeley,87.50,7,8,E
8,Mark Calcavecchia,87.50,7,8,+0.29
8,Chad Campbell,87.50,7,8,E
8,K.J. Choi,87.50,7,8,E
8,Daniel Chopra,87.50,7,8,-0.43
14,Mike Weir,83.33,5,6,E
15,Charles Howell III,81.82,9,11,-0.11
15,Zach Johnson,81.82,9,11,-0.11
17,Vijay Singh,80.00,8,10,-0.38
18,Paul Goydos,77.78,7,9,E
18,Charley Hoffman,77.78,7,9,E
20,Brian Bateman,75.00,6,8,-0.17
20,Joe Ogilvie,75.00,6,8,E
20,Mark Wilson,75.00,6,8,E
23,Steve Flesch,72.73,8,11,-0.13
24,Ángel Cabrera,71.43,5,7,+0.20
24,Boo Weekley,71.43,5,7,+0.20
26,Henrik Stenson,70.00,7,10,+0.14
27,Jonathan Byrd,66.67,4,6,-0.25
27,George McNeill,66.67,4,6,E
29,Justin Leonard,60.00,3,5,E
30,Scott Verplank,50.00,4,8,E
31,Woody Austin,42.86,3,7,-0.33
