rank,player,%,Greens Hit,# Holes,Relative/Par
1,Aaron Baddeley,100.0,1,1,E
1,Hunter Mahan,100.0,1,1,E
1,Rory Sabbatini,100.0,1,1,-1.00
1,Vijay Singh,100.0,1,1,E
5,Woody Austin,50.0,1,2,+1.00
5,Chad Campbell,50.0,1,2,E
5,K.J. Choi,50.0,2,4,E
5,George McNeill,50.0,1,2,E
5,Joe Ogilvie,50.0,1,2,E
5,Brandt Snedeker,50.0,1,2,E
5,Mike Weir,50.0,1,2,E
12,Stephen Ames,.0,0,1,E
12,Jonathan Byrd,.0,0,1,E
12,Ángel Cabrera,.0,0,1,E
12,Daniel Chopra,.0,0,2,E
12,Steve Flesch,.0,0,2,E
12,Fred Funk,.0,0,1,E
12,Jim Furyk,.0,0,1,E
12,Charles Howell III,.0,0,1,E
12,Justin Leonard,.0,0,1,E
12,Henrik Stenson,.0,0,1,E
12,Nick Watney,.0,0,1,E
12,Boo Weekley,.0,0,2,E
