rank,player,%,Greens Hit,Total Holes,Relative to par
1,Aaron Baddeley,100.00,4,4,-0.50
1,Brian Bateman,100.00,6,6,-0.17
1,Mark Calcavecchia,100.00,4,4,-0.75
1,Fred Funk,100.00,8,8,-0.25
1,Jim Furyk,100.00,5,5,-0.40
1,Paul Goydos,100.00,4,4,-0.25
1,Charley Hoffman,100.00,13,13,-0.15
1,Joe Ogilvie,100.00,5,5,E
1,Vijay Singh,100.00,6,6,E
1,Henrik Stenson,100.00,12,12,-0.42
1,Steve Stricker,100.00,5,5,-0.20
1,Scott Verplank,100.00,6,6,-0.50
1,Mike Weir,100.00,4,4,-0.25
14,Steve Flesch,92.31,12,13,-0.25
15,Charles Howell III,90.91,10,11,-0.70
16,Daniel Chopra,87.50,7,8,-0.29
16,Justin Leonard,87.50,7,8,-0.43
16,Hunter Mahan,87.50,7,8,-0.14
16,Rory Sabbatini,87.50,7,8,-0.29
20,Jonathan Byrd,85.71,6,7,-0.50
20,K.J. Choi,85.71,6,7,E
22,Ángel Cabrera,83.33,5,6,-0.40
22,Brandt Snedeker,83.33,5,6,-0.60
22,Nick Watney,83.33,10,12,-0.20
25,Stephen Ames,80.00,4,5,-0.25
25,Woody Austin,80.00,4,5,-0.25
25,Chad Campbell,80.00,4,5,E
28,George McNeill,75.00,6,8,-0.17
29,Boo Weekley,66.67,4,6,E
30,Zach Johnson,50.00,1,2,E
30,Mark Wilson,50.00,5,10,-0.40
