rank,player,%,Greens Hit,# of Holes
1,Nick Watney,95.74,45,47
2,Fred Funk,94.44,51,54
3,Charley Hoffman,93.75,45,48
4,Mark Calcavecchia,92.00,46,50
5,Chad Campbell,91.11,41,45
6,Hunter Mahan,90.57,48,53
7,Vijay Singh,89.13,41,46
7,Mike Weir,89.13,41,46
9,Brian Bateman,88.64,39,44
10,Daniel Chopra,88.10,37,42
11,Brandt Snedeker,87.76,43,49
12,Charles Howell III,87.50,42,48
13,Aaron Baddeley,86.79,46,53
13,Jim Furyk,86.79,46,53
15,Steve Stricker,86.67,39,45
16,Justin Leonard,86.54,45,52
17,Boo Weekley,86.36,38,44
18,Joe Ogilvie,86.27,44,51
19,Zach Johnson,86.00,43,50
20,Ángel Cabrera,85.71,36,42
20,Scott Verplank,85.71,48,56
22,Jonathan Byrd,85.42,41,48
23,Woody Austin,84.78,39,46
24,Steve Flesch,84.09,37,44
25,Mark Wilson,82.35,42,51
26,Rory Sabbatini,81.63,40,49
27,George McNeill,81.40,35,43
28,Stephen Ames,80.85,38,47
29,Paul Goydos,79.25,42,53
30,Henrik Stenson,76.60,36,47
31,K.J. Choi,75.56,34,45
