rank,player,%,Total Hit,Total Attempts,RTP Score
1,Charley Hoffman,93.06,67,72,-9.00
1,Nick Watney,93.06,67,72,-16.00
3,Mark Calcavecchia,91.67,66,72,-16.00
4,Chad Campbell,90.28,65,72,-17.00
4,Fred Funk,90.28,65,72,-6.00
4,Hunter Mahan,90.28,65,72,-16.00
4,Vijay Singh,90.28,65,72,-13.00
8,Daniel Chopra,88.89,64,72,-21.00
8,Jim Furyk,88.89,64,72,-16.00
10,Stephen Ames,87.50,63,72,-19.00
10,Steve Stricker,87.50,63,72,-23.00
12,Aaron Baddeley,86.11,62,72,-16.00
12,Brian Bateman,86.11,62,72,-14.00
12,Ángel Cabrera,86.11,62,72,-17.00
12,Scott Verplank,86.11,62,72,-14.00
16,Woody Austin,84.72,61,72,-10.00
16,Charles Howell III,84.72,61,72,-20.00
16,Rory Sabbatini,84.72,61,72,-17.00
16,Brandt Snedeker,84.72,61,72,-17.00
16,Mike Weir,84.72,61,72,-20.00
16,Mark Wilson,84.72,61,72,-7.00
22,Zach Johnson,83.33,60,72,-13.00
23,Justin Leonard,81.94,59,72,-17.00
24,Steve Flesch,80.56,58,72,-14.00
24,George McNeill,80.56,58,72,-14.00
24,Henrik Stenson,80.56,58,72,-8.00
27,K.J. Choi,79.17,57,72,-11.00
28,Jonathan Byrd,77.78,56,72,-17.00
28,Joe Ogilvie,77.78,56,72,-7.00
28,Boo Weekley,77.78,56,72,-15.00
31,Paul Goydos,76.39,55,72,-10.00
