rank,player,%,Greens Hit,Total Holes,Relative to par
1,Stephen Ames,100.00,6,6,-0.17
1,Woody Austin,100.00,5,5,-0.20
1,Ángel Cabrera,100.00,8,8,-0.13
1,Chad Campbell,100.00,7,7,-0.14
1,K.J. Choi,100.00,4,4,-0.25
1,Fred Funk,100.00,4,4,E
1,Hunter Mahan,100.00,4,4,-0.25
1,Scott Verplank,100.00,3,3,-0.33
1,Boo Weekley,100.00,4,4,-0.25
10,Charley Hoffman,87.50,7,8,+0.14
11,Daniel Chopra,85.71,6,7,-0.33
11,Nick Watney,85.71,6,7,+0.17
13,Brian Bateman,83.33,5,6,-0.20
13,Steve Flesch,83.33,5,6,-0.20
13,Jim Furyk,83.33,5,6,E
13,Brandt Snedeker,83.33,5,6,-0.20
13,Henrik Stenson,83.33,5,6,E
18,Aaron Baddeley,80.00,4,5,-0.25
18,Mark Calcavecchia,80.00,4,5,-0.50
18,Paul Goydos,80.00,4,5,E
18,George McNeill,80.00,4,5,-0.25
18,Rory Sabbatini,80.00,4,5,E
18,Steve Stricker,80.00,4,5,E
18,Mark Wilson,80.00,4,5,+0.25
25,Zach Johnson,75.00,3,4,-0.33
25,Vijay Singh,75.00,3,4,E
27,Charles Howell III,71.43,5,7,-0.20
27,Mike Weir,71.43,5,7,E
29,Jonathan Byrd,66.67,4,6,E
30,Justin Leonard,50.00,1,2,E
30,Joe Ogilvie,50.00,2,4,E
