rank,player,%,Greens Hit,Total Holes,Relative to par
1,Nick Watney,92.86,39,42,-0.13
2,Chad Campbell,91.67,44,48,-0.20
3,Charley Hoffman,88.89,40,45,+0.03
4,Hunter Mahan,87.76,43,49,-0.12
5,Mark Wilson,87.50,42,48,+0.02
6,Daniel Chopra,86.36,38,44,-0.26
7,Ángel Cabrera,86.05,37,43,-0.11
8,Zach Johnson,85.45,47,55,-0.15
9,Mark Calcavecchia,85.42,41,48,-0.12
9,Steve Stricker,85.42,41,48,-0.20
11,Fred Funk,85.00,51,60,-0.06
12,Rory Sabbatini,82.22,37,45,-0.14
12,Vijay Singh,82.22,37,45,-0.11
14,Jim Furyk,80.39,41,51,-0.12
14,Scott Verplank,80.39,41,51,-0.15
16,Brandt Snedeker,80.00,40,50,-0.13
17,Stephen Ames,77.78,35,45,-0.23
17,Charles Howell III,77.78,35,45,-0.11
19,Woody Austin,77.27,34,44,E
20,Aaron Baddeley,77.08,37,48,-0.16
20,K.J. Choi,77.08,37,48,-0.11
22,George McNeill,76.60,36,47,-0.19
23,Steve Flesch,76.19,32,42,-0.19
24,Mike Weir,75.56,34,45,-0.09
25,Brian Bateman,75.51,37,49,-0.11
26,Justin Leonard,74.00,37,50,-0.19
27,Jonathan Byrd,73.81,31,42,-0.19
28,Paul Goydos,72.55,37,51,-0.03
29,Boo Weekley,72.50,29,40,-0.03
30,Henrik Stenson,70.00,35,50,-0.06
31,Joe Ogilvie,68.89,31,45,E
