rank,player,%,Greens Hit,Total Holes,Relative to par
1,Vijay Singh,97.30,36,37,-0.25
2,Steve Stricker,97.14,34,35,-0.56
3,Scott Verplank,97.06,33,34,-0.36
4,Fred Funk,95.45,21,22,-0.33
5,Mark Calcavecchia,95.12,39,41,-0.41
6,Mike Weir,94.74,36,38,-0.50
7,Hunter Mahan,94.44,34,36,-0.38
8,Steve Flesch,93.94,31,33,-0.35
9,Nick Watney,92.68,38,41,-0.39
10,Charley Hoffman,92.50,37,40,-0.24
11,Woody Austin,92.11,35,38,-0.34
12,Paul Goydos,92.00,23,25,-0.39
13,Aaron Baddeley,91.43,32,35,-0.41
13,Brian Bateman,91.43,32,35,-0.31
13,Justin Leonard,91.43,32,35,-0.41
16,Joe Ogilvie,91.18,31,34,-0.23
17,Boo Weekley,90.00,36,40,-0.44
18,Jonathan Byrd,89.19,33,37,-0.39
19,Ángel Cabrera,88.89,32,36,-0.47
20,Daniel Chopra,88.24,30,34,-0.40
20,Brandt Snedeker,88.24,30,34,-0.40
22,Charles Howell III,87.80,36,41,-0.47
23,Chad Campbell,87.50,28,32,-0.36
24,Jim Furyk,87.10,27,31,-0.41
25,Zach Johnson,86.21,25,29,-0.32
26,Henrik Stenson,85.71,30,35,-0.23
27,K.J. Choi,85.29,29,34,-0.31
28,George McNeill,85.00,34,40,-0.32
29,Rory Sabbatini,84.21,32,38,-0.41
30,Stephen Ames,83.33,35,42,-0.40
31,Mark Wilson,80.56,29,36,-0.28
