rank,player,%,Greens Hit,# of holes
1,Steve Stricker,93.33,14,15
2,Mark Calcavecchia,90.00,9,10
3,Woody Austin,85.71,12,14
3,Vijay Singh,85.71,12,14
5,Charley Hoffman,83.33,10,12
6,Rory Sabbatini,81.82,9,11
7,Chad Campbell,80.00,12,15
7,K.J. Choi,80.00,12,15
7,Zach Johnson,80.00,8,10
10,Ángel Cabrera,77.78,14,18
10,Daniel Chopra,77.78,14,18
10,Mark Wilson,77.78,7,9
13,Henrik Stenson,76.92,10,13
13,Nick Watney,76.92,10,13
15,Charles Howell III,75.00,9,12
15,Justin Leonard,75.00,6,8
15,Scott Verplank,75.00,3,4
18,Brandt Snedeker,72.73,8,11
19,Jim Furyk,71.43,5,7
19,Paul Goydos,71.43,5,7
19,Hunter Mahan,71.43,5,7
19,Mike Weir,71.43,10,14
23,Stephen Ames,69.23,9,13
24,Brian Bateman,68.75,11,16
25,Jonathan Byrd,66.67,8,12
26,George McNeill,64.71,11,17
27,Steve Flesch,62.50,10,16
28,Aaron Baddeley,57.14,4,7
29,Boo Weekley,56.25,9,16
30,Joe Ogilvie,55.56,5,9
31,Fred Funk,50.00,3,6
