rank,player,%,Greens Hit,Total Holes,Relative to par
1,Ángel Cabrera,100.00,10,10,E
1,Charley Hoffman,100.00,9,9,E
3,Mark Wilson,92.31,12,13,E
4,Nick Watney,90.00,9,10,-0.22
5,Woody Austin,84.62,11,13,+0.27
5,Brian Bateman,84.62,11,13,-0.09
7,Jim Furyk,83.33,10,12,-0.20
8,Mike Weir,81.82,9,11,-0.11
9,Scott Verplank,80.00,12,15,+0.17
10,Zach Johnson,78.57,11,14,-0.18
11,Chad Campbell,77.78,7,9,-0.29
11,Daniel Chopra,77.78,7,9,-0.29
13,K.J. Choi,76.92,10,13,E
14,Mark Calcavecchia,75.00,9,12,-0.22
14,Rory Sabbatini,75.00,9,12,E
16,Hunter Mahan,73.33,11,15,+0.18
17,Stephen Ames,72.73,8,11,-0.13
17,Charles Howell III,72.73,8,11,-0.13
17,Vijay Singh,72.73,8,11,+0.13
20,Joe Ogilvie,71.43,10,14,-0.10
20,Henrik Stenson,71.43,10,14,-0.10
22,Steve Flesch,70.00,7,10,E
23,Boo Weekley,69.23,9,13,+0.11
24,Fred Funk,68.75,11,16,+0.09
25,Jonathan Byrd,66.67,8,12,-0.25
25,George McNeill,66.67,10,15,-0.20
27,Steve Stricker,64.29,9,14,-0.11
28,Aaron Baddeley,60.00,9,15,-0.22
29,Justin Leonard,58.82,10,17,-0.30
30,Brandt Snedeker,50.00,6,12,-0.17
31,Paul Goydos,41.18,7,17,+0.14
