rank,player,%,Greens Hit,Total Holes,Relative to par
1,Brian Bateman,100.00,23,23,-0.48
1,Fred Funk,100.00,12,12,-0.33
1,Jim Furyk,100.00,21,21,-0.52
1,Vijay Singh,100.00,26,26,-0.35
1,Henrik Stenson,100.00,22,22,-0.27
1,Scott Verplank,100.00,19,19,-0.42
1,Mike Weir,100.00,27,27,-0.63
8,Mark Calcavecchia,95.83,23,24,-0.52
9,Aaron Baddeley,95.65,22,23,-0.45
9,Steve Stricker,95.65,22,23,-0.68
11,Hunter Mahan,95.45,21,22,-0.52
12,Nick Watney,93.33,28,30,-0.39
13,Boo Weekley,92.86,26,28,-0.54
14,Woody Austin,92.59,25,27,-0.40
14,Steve Flesch,92.59,25,27,-0.36
14,Charley Hoffman,92.59,25,27,-0.40
14,Charles Howell III,92.59,25,27,-0.64
18,Joe Ogilvie,92.31,24,26,-0.29
18,Rory Sabbatini,92.31,24,26,-0.50
20,Justin Leonard,90.91,20,22,-0.45
21,K.J. Choi,90.00,18,20,-0.44
22,Paul Goydos,89.47,17,19,-0.53
23,Jonathan Byrd,89.29,25,28,-0.44
24,Stephen Ames,88.89,24,27,-0.46
24,Daniel Chopra,88.89,24,27,-0.46
26,Ángel Cabrera,88.46,23,26,-0.52
27,Chad Campbell,86.96,20,23,-0.40
27,George McNeill,86.96,20,23,-0.35
29,Brandt Snedeker,85.71,18,21,-0.67
30,Zach Johnson,81.25,13,16,-0.46
31,Mark Wilson,75.00,18,24,-0.50
