rank,player,%,Greens Hit,Total Holes,Relative to par
1,Steve Flesch,100.00,6,6,-0.33
1,Paul Goydos,100.00,6,6,E
1,Steve Stricker,100.00,12,12,-0.33
4,Mark Calcavecchia,94.12,16,17,-0.25
5,Scott Verplank,93.33,14,15,-0.29
6,Hunter Mahan,92.86,13,14,-0.15
7,Charley Hoffman,92.31,12,13,+0.08
7,Zach Johnson,92.31,12,13,-0.17
7,Justin Leonard,92.31,12,13,-0.33
7,Brandt Snedeker,92.31,12,13,E
11,Mark Wilson,91.67,11,12,+0.09
12,Woody Austin,90.91,10,11,-0.20
12,Vijay Singh,90.91,10,11,E
12,Nick Watney,90.91,10,11,-0.40
15,Ángel Cabrera,90.00,9,10,-0.33
15,Fred Funk,90.00,9,10,-0.33
17,Jonathan Byrd,88.89,8,9,-0.25
17,Chad Campbell,88.89,8,9,-0.25
19,Joe Ogilvie,87.50,7,8,E
20,Daniel Chopra,85.71,6,7,-0.17
21,Aaron Baddeley,83.33,10,12,-0.30
21,Boo Weekley,83.33,10,12,-0.20
23,George McNeill,82.35,14,17,-0.29
24,Mike Weir,81.82,9,11,-0.11
25,K.J. Choi,78.57,11,14,-0.09
25,Charles Howell III,78.57,11,14,-0.09
27,Brian Bateman,75.00,9,12,+0.11
28,Stephen Ames,73.33,11,15,-0.27
29,Rory Sabbatini,66.67,8,12,-0.13
30,Henrik Stenson,61.54,8,13,-0.13
31,Jim Furyk,60.00,6,10,E
