rank,player,%,Greens Hit,Total Holes,Relative to par
1,Chad Campbell,100.00,15,15,-0.27
1,Charles Howell III,100.00,2,2,E
1,George McNeill,100.00,4,4,E
1,Rory Sabbatini,100.00,8,8,-0.13
1,Nick Watney,100.00,7,7,+0.14
6,Paul Goydos,92.86,13,14,-0.15
7,Daniel Chopra,92.31,12,13,-0.17
7,Zach Johnson,92.31,12,13,-0.08
9,Mark Wilson,90.00,9,10,-0.11
10,Fred Funk,89.47,17,19,-0.12
11,Hunter Mahan,88.89,8,9,-0.38
11,Vijay Singh,88.89,8,9,-0.25
11,Brandt Snedeker,88.89,8,9,-0.38
11,Steve Stricker,88.89,8,9,-0.13
15,Aaron Baddeley,87.50,7,8,E
16,Justin Leonard,84.62,11,13,E
17,Mark Calcavecchia,83.33,5,6,+0.20
17,Charley Hoffman,83.33,5,6,-0.20
19,Scott Verplank,80.00,8,10,-0.38
20,Jonathan Byrd,77.78,7,9,-0.14
20,Jim Furyk,77.78,7,9,-0.14
22,Henrik Stenson,71.43,5,7,-0.20
23,Steve Flesch,66.67,6,9,-0.33
24,Woody Austin,62.50,5,8,+0.20
24,Ángel Cabrera,62.50,5,8,-0.20
26,Stephen Ames,60.00,3,5,-0.33
26,Brian Bateman,60.00,6,10,-0.33
26,Mike Weir,60.00,6,10,-0.17
29,K.J. Choi,55.56,5,9,-0.40
30,Joe Ogilvie,54.55,6,11,+0.17
31,Boo Weekley,25.00,1,4,E
