rank,player,Avg,Distance (feet),Total Putts
1,Patrick Cantlay,"91' 5""",91.417,1
2,Ludvig Åberg,"87' 6""",87.500,1
3,Sepp Straka,"77' 7""",77.583,1
4,Lee Hodges,"74' 8""",149.333,2
5,Davis Riley,"71' 1""",71.083,1
6,Tommy Fleetwood,"65' 0""",65.000,1
7,Tyrrell Hatton,"64' 11""",64.917,1
8,Taylor Moore,"64' 9""",64.750,1
9,Nick Hardy,"62' 1""",310.250,5
10,Akshay Bhatia,"60' 9""",60.750,1
11,Viktor Hovland,"59' 10""",59.833,1
11,Adam Schenk,"59' 10""",179.583,3
13,Rickie Fowler,"58' 10""",117.583,2
14,Brendon Todd,"58' 6""",175.417,3
15,Erik van Rooyen,"55' 10""",111.667,2
16,Seamus Power,"53' 5""",53.417,1
17,Nick Taylor,"53' 1""",53.083,1
18,Keegan Bradley,"52' 10""",158.583,3
19,Luke List,"51' 7""",206.333,4
20,Sam Burns,"49' 0""",49.000,1
21,Adam Hadwin,"48' 11""",97.833,2
22,Tom Hoge,"48' 10""",48.833,1
23,Scottie Scheffler,"48' 3""",192.833,4
24,Denny McCarthy,"45' 3""",90.500,2
25,Max Homa,"45' 1""",135.167,3
26,Patrick Rodgers,"44' 5""",133.167,3
27,Eric Cole,"42' 9""",85.500,2
28,Sungjae Im,"42' 3""",42.250,1
29,Hideki Matsuyama,"42' 2""",126.583,3
30,Lucas Glover,"41' 8""",125.000,3
31,Harris English,"41' 6""",83.000,2
32,Justin Rose,"40' 8""",122.083,3
33,Tom Kim,"39' 4""",118.000,3
34,Kurt Kitayama,"37' 4""",37.333,1
35,Vincent Norrman,"36' 4""",36.333,1
36,Jason Day,"35' 11""",35.917,1
37,J.T. Poston,"35' 2""",35.167,1
38,Byeong Hun An,"34' 7""",34.583,1
39,Corey Conners,"30' 11""",61.833,2
40,Sahith Theegala,"24' 6""",48.917,2
41,Adam Svensson,"24' 3""",24.250,1
42,Tony Finau,"23' 7""",47.167,2
43,Russell Henley,"16' 7""",16.583,1
44,Andrew Putnam,"13' 8""",13.667,1
