rank,player,Value,Attempts,Total Distance (Feet)
1,Chris Kirk,"1' 9""",36,63.083
2,Lucas Glover,"1' 10""",45,81.917
2,J.T. Poston,"1' 10""",44,79.000
4,Brian Harman,"1' 11""",38,73.667
5,Tom Hoge,"2' 0""",49,97.917
5,Hideki Matsuyama,"2' 0""",49,99.083
7,Sam Burns,"2' 1""",43,90.417
7,Emiliano Grillo,"2' 1""",47,98.250
7,Si Woo Kim,"2' 1""",44,91.250
7,Scottie Scheffler,"2' 1""",45,95.167
11,Max Homa,"2' 2""",47,102.500
11,Collin Morikawa,"2' 2""",44,93.667
13,Keegan Bradley,"2' 3""",51,114.333
13,Wyndham Clark,"2' 3""",52,116.167
13,Corey Conners,"2' 3""",51,113.250
13,Jason Day,"2' 3""",41,91.167
13,Matt Fitzpatrick,"2' 3""",39,86.333
13,Tommy Fleetwood,"2' 3""",47,105.250
13,Viktor Hovland,"2' 3""",43,98.417
13,Sepp Straka,"2' 3""",46,104.250
13,Sahith Theegala,"2' 3""",38,85.917
22,Akshay Bhatia,"2' 4""",40,93.667
22,Tony Finau,"2' 4""",43,100.333
22,Mackenzie Hughes,"2' 4""",45,104.333
22,Tom Kim,"2' 4""",51,119.500
22,Andrew Putnam,"2' 4""",48,112.917
22,Jordan Spieth,"2' 4""",38,88.583
22,Adam Svensson,"2' 4""",47,107.917
22,Camilo Villegas,"2' 4""",43,98.583
30,Patrick Cantlay,"2' 5""",51,122.500
30,Nico Echavarria,"2' 5""",37,89.750
30,Harris English,"2' 5""",41,98.833
30,Rickie Fowler,"2' 5""",47,114.250
30,Russell Henley,"2' 5""",47,115.000
30,Denny McCarthy,"2' 5""",46,110.417
30,Taylor Moore,"2' 5""",47,111.667
30,Davis Riley,"2' 5""",47,112.250
30,Xander Schauffele,"2' 5""",50,121.500
30,Nick Taylor,"2' 5""",49,118.667
30,Matt Wallace,"2' 5""",46,112.250
30,Cameron Young,"2' 5""",46,109.583
42,Ludvig Åberg,"2' 6""",46,114.167
42,Patrick Rodgers,"2' 6""",48,118.583
44,Tyrrell Hatton,"2' 7""",40,102.250
44,Lee Hodges,"2' 7""",52,134.750
44,Justin Rose,"2' 7""",41,104.667
47,Sungjae Im,"2' 8""",41,108.750
47,Seamus Power,"2' 8""",47,123.750
49,Byeong Hun An,"2' 9""",41,112.000
49,Cam Davis,"2' 9""",46,128.250
51,Nick Hardy,"2' 10""",55,156.500
51,Luke List,"2' 10""",37,103.583
53,Eric Cole,"2' 11""",36,104.167
53,Erik van Rooyen,"2' 11""",39,114.833
55,Kurt Kitayama,"3' 0""",48,143.750
55,Vincent Norrman,"3' 0""",52,158.000
57,Adam Hadwin,"3' 1""",39,121.167
58,Brendon Todd,"3' 9""",40,151.250
59,Adam Schenk,"4' 3""",47,198.167
