rank,player,Avg,Distance (Feet),Total Putts
1,Davis Riley,"12' 0""",287.583,24
2,Harris English,"10' 8""",330.500,31
2,Seamus Power,"10' 8""",265.667,25
2,Camilo Villegas,"10' 8""",310.167,29
5,Nick Hardy,"10' 4""",176.250,17
6,Jordan Spieth,"10' 2""",346.833,34
7,Corey Conners,"9' 9""",204.833,21
7,Viktor Hovland,"9' 9""",283.250,29
7,Andrew Putnam,"9' 9""",233.500,24
10,Tommy Fleetwood,"9' 7""",221.167,23
11,Taylor Moore,"9' 6""",218.250,23
11,Adam Svensson,"9' 6""",228.750,24
13,Nick Taylor,"9' 5""",206.750,22
14,Brian Harman,"9' 4""",317.917,34
14,Tom Hoge,"9' 4""",213.833,23
14,Sahith Theegala,"9' 4""",318.417,34
17,Wyndham Clark,"9' 0""",180.417,20
18,Scottie Scheffler,"8' 11""",241.083,27
19,Keegan Bradley,"8' 10""",186.333,21
20,Adam Hadwin,"8' 9""",288.083,33
20,Sungjae Im,"8' 9""",272.000,31
22,Tom Kim,"8' 8""",181.500,21
22,Denny McCarthy,"8' 8""",225.167,26
22,J.T. Poston,"8' 8""",234.083,27
22,Erik van Rooyen,"8' 8""",286.250,33
26,Sam Burns,"8' 5""",244.667,29
26,Nico Echavarria,"8' 5""",294.667,35
28,Luke List,"8' 4""",292.583,35
29,Emiliano Grillo,"8' 3""",206.167,25
29,Kurt Kitayama,"8' 3""",197.250,24
29,Matt Wallace,"8' 3""",215.083,26
32,Akshay Bhatia,"8' 2""",252.583,31
32,Tony Finau,"8' 2""",229.250,28
32,Russell Henley,"8' 2""",196.333,24
35,Ludvig Åberg,"8' 1""",202.667,25
35,Eric Cole,"8' 1""",291.417,36
37,Justin Rose,"8' 0""",247.250,31
38,Si Woo Kim,"7' 10""",219.917,28
39,Cam Davis,"7' 9""",201.500,26
40,Cameron Young,"7' 8""",183.667,24
41,Rickie Fowler,"7' 6""",186.750,25
41,Xander Schauffele,"7' 6""",164.583,22
43,Vincent Norrman,"7' 5""",148.167,20
44,Adam Schenk,"7' 4""",184.167,25
45,Patrick Rodgers,"7' 3""",173.083,24
46,Tyrrell Hatton,"7' 2""",221.000,31
46,Max Homa,"7' 2""",179.750,25
48,Byeong Hun An,"7' 1""",205.583,29
48,Matt Fitzpatrick,"7' 1""",234.750,33
48,Lee Hodges,"7' 1""",142.250,20
48,Brendon Todd,"7' 1""",213.167,30
52,Patrick Cantlay,"7' 0""",147.750,21
52,Jason Day,"7' 0""",217.500,31
52,Sepp Straka,"7' 0""",182.583,26
55,Mackenzie Hughes,"6' 8""",181.083,27
56,Chris Kirk,"6' 5""",224.917,35
57,Collin Morikawa,"6' 4""",177.250,28
58,Hideki Matsuyama,"5' 9""",127.250,22
59,Lucas Glover,"5' 7""",151.000,27
