rank,player,Avg,Distance (Feet),Total Putts
1,Camilo Villegas,"15' 2""",226.917,15
2,Davis Riley,"14' 0""",223.917,16
3,Viktor Hovland,"13' 9""",247.167,18
4,Harris English,"13' 5""",294.833,22
5,Tommy Fleetwood,"12' 7""",176.083,14
6,Jordan Spieth,"12' 6""",300.500,24
7,Seamus Power,"12' 4""",209.583,17
8,Tom Kim,"12' 2""",134.250,11
9,Sam Burns,"11' 11""",191.167,16
10,Brian Harman,"11' 10""",259.917,22
11,Corey Conners,"11' 9""",188.000,16
12,Kurt Kitayama,"11' 7""",162.083,14
13,Luke List,"11' 4""",226.000,20
14,Nick Taylor,"11' 3""",168.583,15
15,Emiliano Grillo,"11' 2""",167.000,15
15,Nick Hardy,"11' 2""",145.000,13
15,Adam Svensson,"11' 2""",201.333,18
18,Andrew Putnam,"11' 0""",220.167,20
18,Erik van Rooyen,"11' 0""",208.250,19
20,Keegan Bradley,"10' 10""",173.750,16
20,Eric Cole,"10' 10""",227.083,21
20,Taylor Moore,"10' 10""",183.833,17
23,Denny McCarthy,"10' 9""",193.750,18
24,Tom Hoge,"10' 8""",192.500,18
25,Nico Echavarria,"10' 7""",253.667,24
26,Si Woo Kim,"10' 5""",166.750,16
27,Wyndham Clark,"10' 3""",154.333,15
27,Sahith Theegala,"10' 3""",276.750,27
29,Tony Finau,"10' 0""",199.667,20
29,Adam Hadwin,"10' 0""",239.917,24
31,Matt Wallace,"9' 10""",186.250,19
32,Akshay Bhatia,"9' 9""",204.167,21
32,Vincent Norrman,"9' 9""",97.500,10
34,Cam Davis,"9' 8""",154.083,16
34,Scottie Scheffler,"9' 8""",221.750,23
36,Sungjae Im,"9' 7""",257.750,27
36,Justin Rose,"9' 7""",182.417,19
38,J.T. Poston,"9' 6""",189.917,20
39,Xander Schauffele,"9' 5""",141.333,15
40,Cameron Young,"9' 4""",148.667,16
41,Tyrrell Hatton,"9' 2""",192.500,21
42,Ludvig Åberg,"9' 0""",153.417,17
42,Russell Henley,"9' 0""",144.583,16
44,Rickie Fowler,"8' 9""",157.917,18
45,Brendon Todd,"8' 6""",170.250,20
46,Max Homa,"8' 5""",143.083,17
47,Byeong Hun An,"8' 2""",171.917,21
48,Matt Fitzpatrick,"8' 1""",178.667,22
48,Lee Hodges,"8' 1""",105.417,13
50,Patrick Cantlay,"8' 0""",119.833,15
50,Patrick Rodgers,"8' 0""",152.333,19
52,Jason Day,"7' 10""",165.083,21
53,Collin Morikawa,"7' 7""",136.750,18
53,Adam Schenk,"7' 7""",136.500,18
53,Sepp Straka,"7' 7""",159.750,21
56,Chris Kirk,"7' 5""",185.583,25
57,Mackenzie Hughes,"7' 3""",123.250,17
57,Hideki Matsuyama,"7' 3""",86.583,12
59,Lucas Glover,"6' 3""",118.417,19
