rank,player,Distance in Inches
1,Jordan Spieth,73
2,Harris English,69
3,Camilo Villegas,68
4,Sahith Theegala,67
4,Erik van Rooyen,67
6,Adam Hadwin,66
6,Davis Riley,66
8,Brian Harman,65
9,Eric Cole,64
9,Nico Echavarria,64
11,Sungjae Im,63
11,Seamus Power,63
13,Viktor Hovland,62
13,Luke List,62
15,Akshay Bhatia,58
15,Brendon Todd,58
17,Andrew Putnam,57
17,Adam Schenk,57
19,Tommy Fleetwood,56
19,Kurt Kitayama,56
19,Justin Rose,56
19,Adam Svensson,56
23,Sam Burns,55
23,Cam Davis,55
23,Tony Finau,55
23,Taylor Moore,55
23,Matt Wallace,55
28,Byeong Hun An,54
28,Denny McCarthy,54
28,Scottie Scheffler,54
31,Ludvig Åberg,53
31,Tyrrell Hatton,53
31,Nick Taylor,53
34,Corey Conners,52
34,Matt Fitzpatrick,52
34,Russell Henley,52
34,Si Woo Kim,52
34,J.T. Poston,52
39,Jason Day,51
39,Emiliano Grillo,51
39,Nick Hardy,51
39,Tom Hoge,51
43,Rickie Fowler,50
43,Vincent Norrman,50
43,Cameron Young,50
46,Wyndham Clark,49
46,Chris Kirk,49
48,Keegan Bradley,48
48,Mackenzie Hughes,48
48,Tom Kim,48
48,Xander Schauffele,48
52,Sepp Straka,47
53,Patrick Rodgers,46
54,Max Homa,45
54,Collin Morikawa,45
56,Lee Hodges,44
57,Patrick Cantlay,43
58,Lucas Glover,38
59,Hideki Matsuyama,36
