rank,player,Avg,Total SG:ARG,Measured Rounds
1,John Rollins,1.077,4.308,4
2,K.J. Choi,.873,3.493,4
3,Vijay Singh,.661,2.644,4
4,Will MacKenzie,.571,2.285,4
5,Carl Pettersson,.554,2.215,4
6,Stuart Appleby,.497,1.989,4
7,Corey Pavin,.393,1.571,4
8,Chad Campbell,.334,1.335,4
9,Adam Scott,.311,1.243,4
10,Troy Matteson,.277,1.107,4
11,Tim Herron,.217,.867,4
12,Chris Couch,.204,.816,4
13,Brett Wetterich,.191,.762,4
14,Trevor Immelman,.099,.397,4
15,Eric Axley,.022,.089,4
16,Luke Donald,-.027,-.109,4
17,David Toms,-.037,-.147,4
18,J.B. Holmes,-.103,-.411,4
19,Jeff Maggert,-.123,-.493,4
20,Jim Furyk,-.152,-.609,4
21,Aaron Baddeley,-.231,-.925,4
22,Davis Love III,-.236,-.944,4
23,Ben Curtis,-.245,-.980,4
24,J.J. Henry,-.296,-1.182,4
25,Rod Pampling,-.312,-1.249,4
25,D.J. Trahan,-.312,-1.247,4
27,John Senden,-.363,-1.451,4
28,Rory Sabbatini,-.427,-1.708,4
29,Kirk Triplett,-.454,-1.814,4
30,Stephen Ames,-.469,-1.874,4
31,Geoff Ogilvy,-.711,-2.843,4
32,Joe Durant,-.812,-3.246,4
33,Dean Wilson,-.862,-3.446,4
