rank,player,Avg,Total SG:Putting,Measured Rounds
1,Rory Sabbatini,1.983,7.931,4
2,Vijay Singh,1.376,5.502,4
3,Adam Scott,1.269,5.074,4
4,Joe Durant,1.214,4.856,4
5,Stephen Ames,.945,3.780,4
6,Stuart Appleby,.777,3.108,4
7,Luke Donald,.724,2.897,4
8,Kirk Triplett,.682,2.728,4
9,Davis Love III,.589,2.355,4
10,John Senden,.526,2.102,4
11,Rod Pampling,.484,1.934,4
12,Troy Matteson,.438,1.753,4
13,David Toms,.278,1.111,4
14,Trevor Immelman,.276,1.105,4
15,K.J. Choi,.208,.830,4
16,J.J. Henry,.094,.377,4
17,J.B. Holmes,-.140,-.560,4
18,Tim Herron,-.143,-.572,4
19,Chris Couch,-.156,-.623,4
20,Dean Wilson,-.158,-.631,4
21,Carl Pettersson,-.403,-1.610,4
22,John Rollins,-.405,-1.621,4
23,Jim Furyk,-.425,-1.700,4
24,Will MacKenzie,-.430,-1.720,4
25,Aaron Baddeley,-.582,-2.327,4
26,Corey Pavin,-.692,-2.766,4
27,Geoff Ogilvy,-.728,-2.910,4
28,D.J. Trahan,-1.104,-4.414,4
29,Jeff Maggert,-1.132,-4.526,4
30,Chad Campbell,-1.194,-4.777,4
31,Brett Wetterich,-1.214,-4.855,4
32,Eric Axley,-1.449,-5.796,4
33,Ben Curtis,-1.521,-6.085,4
