rank,player,Avg,Total SG:APP,Measured Rounds
1,Davis Love III,1.567,6.268,4
2,Trevor Immelman,1.494,5.976,4
3,Will MacKenzie,1.437,5.749,4
4,J.B. Holmes,1.214,4.856,4
5,Vijay Singh,1.137,4.549,4
6,David Toms,1.081,4.322,4
7,J.J. Henry,.859,3.436,4
8,Luke Donald,.722,2.886,4
9,Kirk Triplett,.525,2.099,4
10,Adam Scott,.362,1.446,4
11,Jim Furyk,.340,1.360,4
12,Corey Pavin,.282,1.129,4
13,Geoff Ogilvy,.265,1.059,4
14,Aaron Baddeley,.252,1.009,4
15,Stephen Ames,.232,.926,4
16,Stuart Appleby,.104,.416,4
17,Eric Axley,.035,.139,4
18,Joe Durant,.028,.112,4
19,John Senden,.014,.056,4
20,K.J. Choi,.012,.048,4
21,Rod Pampling,-.079,-.316,4
22,Chris Couch,-.161,-.644,4
23,Rory Sabbatini,-.196,-.785,4
24,Troy Matteson,-.590,-2.359,4
25,John Rollins,-.618,-2.471,4
26,Tim Herron,-.652,-2.608,4
27,Dean Wilson,-.787,-3.148,4
28,Brett Wetterich,-1.091,-4.362,4
29,Carl Pettersson,-1.170,-4.680,4
30,D.J. Trahan,-1.196,-4.782,4
31,Jeff Maggert,-1.326,-5.303,4
32,Chad Campbell,-1.462,-5.848,4
33,Ben Curtis,-2.660,-10.641,4
