rank,player,Avg,Total Strokes,Total Rounds
1,Justin Thomas,61.00,61,1
2,Max Homa,65.00,65,1
3,Patrick Reed,66.00,66,1
4,Talor Gooch,67.00,67,1
4,Collin Morikawa,67.00,67,1
6,Harris English,68.00,68,1
6,Lucas Herbert,68.00,68,1
6,Jordan Spieth,68.00,68,1
9,Joel Dahmen,69.00,69,1
9,Tony Finau,69.00,69,1
9,Garrick Higgo,69.00,69,1
9,K.H. Lee,69.00,69,1
13,Lucas Glover,70.00,70,1
13,Billy Horschel,70.00,70,1
13,Phil Mickelson,70.00,70,1
13,Erik van Rooyen,70.00,70,1
17,Abraham Ancer,71.00,71,1
18,Jason Kokrak,72.00,72,1
19,Viktor Hovland,73.00,73,1
20,Branden Grace,74.00,74,1
