rank,player,Low Rnd
1,Justin Thomas,61
2,Collin Morikawa,62
3,Sam Burns,64
3,Patrick Reed,64
5,Tony Finau,65
5,Max Homa,65
5,Si Woo Kim,65
5,Hideki Matsuyama,65
5,Seamus Power,65
5,Cameron Smith,65
11,Daniel Berger,66
11,Billy Horschel,66
11,Jordan Spieth,66
14,Harris English,67
14,Talor Gooch,67
14,Branden Grace,67
14,Viktor Hovland,67
14,Matt Jones,67
14,K.H. Lee,67
14,Kevin Na,67
14,Xander Schauffele,67
14,Erik van Rooyen,67
23,Joel Dahmen,68
23,Lucas Herbert,68
23,Garrick Higgo,68
23,Brooks Koepka,68
23,Phil Mickelson,68
28,Abraham Ancer,69
28,Lucas Glover,69
28,Kevin Kisner,69
28,Marc Leishman,69
32,Jason Kokrak,70
