rank,player,Avg,Total Strokes,Total Rounds
1,Collin Morikawa,62.00,62,1
2,Tony Finau,65.00,65,1
3,Billy Horschel,66.00,66,1
3,Jordan Spieth,66.00,66,1
5,Harris English,67.00,67,1
5,Talor Gooch,67.00,67,1
5,Branden Grace,67.00,67,1
5,Viktor Hovland,67.00,67,1
5,K.H. Lee,67.00,67,1
5,Seamus Power,67.00,67,1
11,Phil Mickelson,68.00,68,1
12,Lucas Glover,69.00,69,1
12,Brooks Koepka,69.00,69,1
12,Erik van Rooyen,69.00,69,1
15,Abraham Ancer,70.00,70,1
15,Garrick Higgo,70.00,70,1
15,Si Woo Kim,70.00,70,1
18,Joel Dahmen,71.00,71,1
18,Jason Kokrak,71.00,71,1
20,Lucas Herbert,74.00,74,1
