rank,player,Avg,Total Strokes,Tot. Early Rds.(1st tee)
1,Justin Thomas,64.00,128,2
2,Collin Morikawa,64.50,129,2
3,Hideki Matsuyama,65.00,65,1
3,Patrick Reed,65.00,130,2
3,Cameron Smith,65.00,65,1
6,Daniel Berger,66.00,66,1
7,Kevin Na,67.00,67,1
7,Xander Schauffele,67.00,67,1
9,Talor Gooch,67.33,202,3
10,Si Woo Kim,67.50,135,2
11,Tony Finau,67.67,203,3
11,Seamus Power,67.67,203,3
11,Jordan Spieth,67.67,203,3
14,Sam Burns,68.00,136,2
14,Max Homa,68.00,204,3
16,Harris English,68.33,205,3
17,Matt Jones,68.50,137,2
17,Brooks Koepka,68.50,137,2
19,Erik van Rooyen,68.67,206,3
20,Billy Horschel,68.75,275,4
21,Garrick Higgo,69.00,207,3
21,Kevin Kisner,69.00,69,1
21,K.H. Lee,69.00,207,3
21,Marc Leishman,69.00,69,1
21,Phil Mickelson,69.00,207,3
26,Joel Dahmen,69.33,208,3
27,Viktor Hovland,69.67,209,3
28,Lucas Herbert,70.33,211,3
29,Abraham Ancer,70.50,282,4
29,Lucas Glover,70.50,282,4
29,Branden Grace,70.50,141,2
32,Jason Kokrak,71.25,285,4
