rank,player,Avg,Total Strokes,Total Rounds
1,Sam Burns,64.00,64,1
1,Patrick Reed,64.00,64,1
3,Si Woo Kim,65.00,65,1
3,Hideki Matsuyama,65.00,65,1
3,Seamus Power,65.00,65,1
6,Max Homa,67.00,67,1
6,Billy Horschel,67.00,67,1
6,Matt Jones,67.00,67,1
6,Xander Schauffele,67.00,67,1
6,Justin Thomas,67.00,67,1
11,Abraham Ancer,69.00,69,1
11,Tony Finau,69.00,69,1
11,Lucas Glover,69.00,69,1
11,Phil Mickelson,69.00,69,1
11,Jordan Spieth,69.00,69,1
16,Harris English,70.00,70,1
16,Jason Kokrak,70.00,70,1
18,K.H. Lee,71.00,71,1
