rank,player,Avg,Total Strokes,Total Rounds
1,Cameron Smith,65.00,65,1
2,Daniel Berger,66.00,66,1
3,Kevin Na,67.00,67,1
3,Erik van Rooyen,67.00,67,1
5,Joel Dahmen,68.00,68,1
5,Talor Gooch,68.00,68,1
5,Garrick Higgo,68.00,68,1
5,Brooks Koepka,68.00,68,1
9,Lucas Herbert,69.00,69,1
9,Viktor Hovland,69.00,69,1
9,Kevin Kisner,69.00,69,1
9,Marc Leishman,69.00,69,1
13,Matt Jones,70.00,70,1
14,Seamus Power,71.00,71,1
15,Abraham Ancer,72.00,72,1
15,Sam Burns,72.00,72,1
15,Max Homa,72.00,72,1
15,Billy Horschel,72.00,72,1
15,Jason Kokrak,72.00,72,1
20,Lucas Glover,74.00,74,1
