rank,player,Avg (Yards),Total Distance (inches),Number of Approach Shots
1,Kyle Stanley,133.6,"33,657,000",7
2,Ian Poulter,135.8,"58,672,000",12
3,Jimmy Walker,136.8,"49,232,000",10
4,Stephan Jaeger,145.9,"36,763,000",7
5,Y.E. Yang,150.4,"43,318,000",8
6,Alex Prugh,150.6,"70,499,000",13
7,Wes Roach,151.0,"65,245,000",12
8,Brandon Harkins,151.6,"81,856,000",15
9,J.T. Poston,152.0,"27,352,000",5
10,Chase Wright,152.2,"49,322,000",9
11,Patton Kizzire,152.7,"32,990,000",6
12,Trey Mullinax,152.9,"55,035,000",10
13,Abraham Ancer,153.5,"33,156,000",6
14,Emiliano Grillo,155.2,"55,870,000",10
15,Keegan Bradley,157.7,"39,743,000",7
16,Matt Jones,157.9,"51,175,000",9
17,Keith Mitchell,158.2,"45,564,000",8
17,José de Jesús Rodríguez,158.2,"51,255,000",9
19,Tyler Duncan,158.4,"57,031,000",10
20,Hank Lebioda,158.5,"62,758,000",11
21,Julián Etulain,158.6,"57,110,000",10
22,Michael Thompson,159.5,"63,172,000",11
23,Jim Knous,161.4,"40,684,000",7
24,Dominic Bozzelli,161.5,"63,937,000",11
25,Harris English,163.1,"58,713,000",10
25,Adam Hadwin,163.1,"76,313,000",13
27,Danny Lee,163.7,"88,376,000",15
28,Joel Dahmen,164.1,"64,985,000",11
28,Brice Garnett,164.1,"53,172,000",9
30,Bryson DeChambeau,164.3,"53,246,000",9
31,Anirban Lahiri,165.0,"41,576,000",7
32,Scott Piercy,165.7,"47,732,000",8
33,Sam Saunders,166.5,"71,945,000",12
34,Sungjae Im,167.7,"60,365,000",10
35,Patrick Reed,168.3,"24,239,000",4
36,Scott Langley,171.1,"49,283,000",8
37,Davis Love III,171.3,"37,008,000",6
38,Kevin Kisner,171.5,"92,583,000",15
39,Hideki Matsuyama,172.1,"68,165,000",11
40,Shugo Imahira,172.7,"62,183,000",10
41,Scott Brown,173.1,"62,324,000",10
42,Russell Henley,173.6,"62,508,000",10
43,Marc Leishman,173.8,"37,534,000",6
44,Rikuya Hoshino,173.9,"75,140,000",12
44,Roger Sloan,173.9,"37,565,000",6
46,Matt Kuchar,174.4,"25,112,000",4
47,Johnson Wagner,176.6,"108,061,000",17
48,Brian Stuard,176.8,"19,096,000",3
49,Dylan Frittelli,177.4,"44,693,000",7
50,Ryan Armour,177.7,"44,770,000",7
51,Russell Knox,178.1,"38,463,000",6
52,Stewart Cink,178.9,"45,074,000",7
53,Sebastián Muñoz,179.1,"32,244,000",5
54,Ryan Blaum,180.3,"64,898,000",10
55,Justin Thomas,180.6,"71,505,000",11
56,Adam Svensson,181.0,"78,206,000",12
57,Andrew Putnam,182.1,"26,223,000",4
57,Hudson Swafford,182.1,"26,217,000",4
59,Yuki Inamori,182.5,"45,986,000",7
60,Brandt Snedeker,183.2,"39,572,000",6
61,Corey Conners,183.5,"46,233,000",7
62,Brian Gay,184.5,"73,044,000",11
63,Fabián Gómez,185.1,"73,313,000",11
64,Sung Kang,188.5,"33,926,000",5
65,Chez Reavie,190.5,"54,867,000",8
66,Rory Sabbatini,191.7,"69,014,000",10
67,Cameron Smith,192.3,"69,234,000",10
68,Charles Howell III,195.8,"35,250,000",5
69,Carlos Ortiz,198.5,"57,176,000",8
70,"Ted Potter, Jr.",201.0,"36,175,000",5
71,Jim Herman,207.1,"52,189,000",7
