rank,player,Distance,Tournament,Round- Course,Hole
1,Kelly Kraft,173,Sony Open,1,7 - Par 3 -
2,Keith Mitchell,162,Sony Open,2,7 - Par 3 -
3,Chez Reavie,149,Sony Open,2,16 - Par 4
4,Patton Kizzire,147,Sony Open,2,12 - Par 4
6,Si Woo Kim,110,Sony Open,2,1 - Par 4 -
8,Roberto Díaz,84,Sony Open,2,12 - Par 4
9,Zach Johnson,57,Sony Open,1,9 - Par 5 -
10,J.T. Poston,31,Sony Open,4,18 - Par 5
11,Justin Thomas,27,Sony Open,1,18 - Par 5
12,Stewart Cink,27,Sony Open,4,4 - Par 3 -
13,Brice Garnett,24,Sony Open,1,3 - Par 4 -
14,Sebastián Muñoz,21,Sony Open,1,16 - Par 4
15,James Hahn,20,Sony Open,2,9 - Par 5 -
16,Sean O'Hair,19,Sony Open,3,13 - Par 4
17,Sangmoon Bae,17,Sony Open,2,5 - Par 4 -
18,Ian Poulter,17,Sony Open,1,8 - Par 4 -
19,Russell Knox,17,Sony Open,1,13 - Par 4
21,Harris English,16,Sony Open,3,6 - Par 4 -
22,Matt Jones,15,Sony Open,1,6 - Par 4 -
23,J.J. Henry,15,Sony Open,2,15 - Par 4
24,David Hearn,15,Sony Open,1,13 - Par 4
25,Sam Saunders,14,Sony Open,4,18 - Par 5
26,Yuta Ikeda,14,Sony Open,2,2 - Par 4 -
27,Dominic Bozzelli,12,Sony Open,3,15 - Par 4
28,Tyler Duncan,12,Sony Open,3,9 - Par 5 -
29,Marc Leishman,12,Sony Open,1,13 - Par 4
30,Cameron Smith,12,Sony Open,2,15 - Par 4
31,Shugo Imahira,11,Sony Open,1,10 - Par 4
32,Troy Merritt,11,Sony Open,2,9 - Par 5 -
34,Ben Martin,10,Sony Open,2,2 - Par 4 -
36,Adam Long,10,Sony Open,2,3 - Par 4 -
37,Trey Mullinax,10,Sony Open,4,1 - Par 4 -
38,Kyle Stanley,10,Sony Open,3,2 - Par 4 -
39,Brandon Harkins,9,Sony Open,3,2 - Par 4 -
40,Emiliano Grillo,9,Sony Open,1,3 - Par 4 -
42,K.H. Lee,8,Sony Open,1,15 - Par 4
43,Scott Piercy,8,Sony Open,3,9 - Par 5 -
44,Paul Casey,7,Sony Open,2,5 - Par 4 -
45,Jason Dufner,7,Sony Open,1,15 - Par 4
46,Tom Hoge,7,Sony Open,1,14 - Par 4
47,Hideki Matsuyama,7,Sony Open,2,1 - Par 4 -
48,Fabián Gómez,7,Sony Open,1,12 - Par 4
50,José de Jesús Rodríguez,7,Sony Open,3,14 - Par 4
52,Sung Kang,7,Sony Open,3,8 - Par 4 -
54,Andrew Putnam,6,Sony Open,4,11 - Par 3
55,Ryan Armour,6,Sony Open,2,13 - Par 4
56,Jim Herman,6,Sony Open,2,1 - Par 4 -
58,Adam Hadwin,6,Sony Open,2,2 - Par 4 -
59,Hank Lebioda,6,Sony Open,4,3 - Par 4 -
60,John Huh,5,Sony Open,1,18 - Par 5
