rank,player,Hole outs
1,Chez Reavie,5
2,Dominic Bozzelli,2
2,Stewart Cink,2
2,Harris English,2
2,Marc Leishman,2
2,José de Jesús Rodríguez,2
7,Ryan Armour,1
7,Tyler Duncan,1
7,Brice Garnett,1
7,Fabián Gómez,1
7,Emiliano Grillo,1
7,Adam Hadwin,1
7,Brandon Harkins,1
7,Jim Herman,1
7,Shugo Imahira,1
7,Matt Jones,1
7,Sung Kang,1
7,Patton Kizzire,1
7,Russell Knox,1
7,Hank Lebioda,1
7,Hideki Matsuyama,1
7,Keith Mitchell,1
7,Trey Mullinax,1
7,Sebastián Muñoz,1
7,Scott Piercy,1
7,J.T. Poston,1
7,Ian Poulter,1
7,Andrew Putnam,1
7,Sam Saunders,1
7,Cameron Smith,1
7,Kyle Stanley,1
7,Justin Thomas,1
