rank,player,Avg (Yards),Total Distance (inches),Number of Approach Shots
1,Stephan Jaeger,147.1,"74,132,000",14
2,Alex Prugh,147.4,"95,494,000",18
3,Sam Saunders,148.0,"95,874,000",18
4,Jim Herman,148.4,"80,133,000",15
5,Matt Jones,148.5,"96,219,000",18
6,Russell Henley,150.9,"76,066,000",14
7,Anirban Lahiri,152.1,"82,114,000",15
8,Corey Conners,153.3,"132,421,000",24
9,Patrick Reed,153.4,"93,875,000",17
10,José de Jesús Rodríguez,154.5,"77,860,000",14
11,Brice Garnett,154.6,"94,626,000",17
12,Scott Piercy,156.5,"73,228,000",13
13,Kevin Kisner,157.3,"96,287,000",17
14,Ryan Armour,157.4,"101,975,000",18
15,Justin Thomas,158.0,"119,453,000",21
16,Dominic Bozzelli,158.5,"114,147,000",20
16,Michael Thompson,158.5,"68,459,000",12
18,Julián Etulain,159.4,"91,811,000",16
19,Sung Kang,159.5,"103,349,000",18
20,Charles Howell III,160.4,"115,484,000",20
21,Brian Stuard,160.7,"98,325,000",17
21,Adam Svensson,160.7,"109,905,000",19
23,Emiliano Grillo,161.4,"116,213,000",20
23,Matt Kuchar,161.4,"145,259,000",25
25,Yuki Inamori,161.7,"64,030,000",11
26,"Ted Potter, Jr.",161.8,"122,288,000",21
27,Carlos Ortiz,162.3,"99,306,000",17
28,Brian Gay,162.4,"122,785,000",21
28,Jimmy Walker,162.4,"99,417,000",17
30,Adam Hadwin,162.7,"105,400,000",18
30,Rory Sabbatini,162.7,"105,455,000",18
32,Wes Roach,163.5,"100,080,000",17
32,Chase Wright,163.5,"88,305,000",15
34,Joel Dahmen,163.6,"123,709,000",21
35,Danny Lee,164.5,"118,412,000",20
36,Kyle Stanley,164.6,"100,735,000",17
37,Ryan Blaum,165.2,"83,285,000",14
38,Bryson DeChambeau,165.3,"136,832,000",23
39,Cameron Smith,165.8,"125,330,000",21
40,Tyler Duncan,166.1,"95,663,000",16
41,Russell Knox,166.7,"84,009,000",14
42,Abraham Ancer,167.0,"90,181,000",15
43,Brandon Harkins,167.3,"144,524,000",24
44,Chez Reavie,167.6,"138,761,000",23
45,Shugo Imahira,167.7,"114,722,000",19
46,Stewart Cink,168.0,"102,817,000",17
47,J.T. Poston,168.6,"97,130,000",16
48,Ian Poulter,169.0,"121,650,000",20
49,Johnson Wagner,169.6,"109,912,000",18
50,Y.E. Yang,169.9,"91,761,000",15
51,Davis Love III,170.0,"128,557,000",21
52,Patton Kizzire,170.3,"110,356,000",18
53,Harris English,170.6,"104,422,000",17
54,Keegan Bradley,171.1,"104,690,000",17
55,Sebastián Muñoz,171.2,"123,279,000",20
56,Marc Leishman,171.7,"135,993,000",22
57,Sungjae Im,172.2,"130,193,000",21
58,Hank Lebioda,172.4,"117,895,000",19
59,Trey Mullinax,174.5,"94,251,000",15
60,Fabián Gómez,174.8,"94,372,000",15
61,Hudson Swafford,175.1,"132,393,000",21
62,Scott Langley,175.8,"88,594,000",14
63,Scott Brown,176.1,"114,116,000",18
64,Brandt Snedeker,177.0,"121,052,000",19
65,Rikuya Hoshino,177.3,"89,374,000",14
66,Andrew Putnam,177.8,"140,805,000",22
67,Jim Knous,178.2,"89,826,000",14
68,Roger Sloan,179.0,"90,198,000",14
69,Keith Mitchell,179.9,"116,547,000",18
70,Hideki Matsuyama,180.7,"117,109,000",18
71,Dylan Frittelli,187.6,"74,305,000",11
