rank,player,Avg,# of Birdies,Total Rounds
1,Ernie Els,6.50,26,4
2,Woody Austin,6.00,24,4
3,Stuart Appleby,5.75,23,4
3,Jonathan Byrd,5.75,23,4
3,Jonathan Kaye,5.75,23,4
3,Adam Scott,5.75,23,4
3,Vaughn Taylor,5.75,23,4
3,Tiger Woods,5.75,23,4
9,Stewart Cink,5.50,22,4
10,John Daly,5.00,20,4
10,Sergio Garcia,5.00,20,4
10,Mark Hensby,5.00,20,4
10,David Toms,5.00,20,4
14,Stephen Ames,4.75,19,4
14,Bart Bryant,4.75,19,4
14,Mike Weir,4.75,19,4
17,Retief Goosen,4.50,18,4
17,Craig Parry,4.50,18,4
17,Vijay Singh,4.50,18,4
20,Rod Pampling,4.25,17,4
20,Andre Stolz,4.25,17,4
22,Todd Hamilton,4.00,16,4
22,Ryan Palmer,4.00,16,4
24,Steve Flesch,3.75,15,4
24,Zach Johnson,3.75,15,4
24,Joey Sindelar,3.75,15,4
24,Heath Slocum,3.75,15,4
28,Chad Campbell,3.50,14,4
28,Brent Geiberger,3.50,14,4
30,Carlos Franco,3.25,13,4
31,Fred Funk,2.25,9,4
