rank,player,%,Total Birdies,Total Holes,GIR Rank
1,Ernie Els,36.11,26,72,1
2,Stuart Appleby,33.33,24,72,5
2,Woody Austin,33.33,24,72,30
2,Jonathan Byrd,33.33,24,72,18
2,Jonathan Kaye,33.33,24,72,16
6,Adam Scott,31.94,23,72,8
6,Vaughn Taylor,31.94,23,72,8
6,Tiger Woods,31.94,23,72,3
9,Stewart Cink,30.56,22,72,12
10,John Daly,29.17,21,72,18
11,Sergio Garcia,27.78,20,72,1
11,Mark Hensby,27.78,20,72,18
11,Vijay Singh,27.78,20,72,5
11,David Toms,27.78,20,72,3
11,Mike Weir,27.78,20,72,16
16,Stephen Ames,26.39,19,72,12
16,Bart Bryant,26.39,19,72,8
18,Retief Goosen,25.00,18,72,25
18,Craig Parry,25.00,18,72,11
18,Andre Stolz,25.00,18,72,25
21,Ryan Palmer,23.61,17,72,28
21,Rod Pampling,23.61,17,72,12
23,Todd Hamilton,22.22,16,72,18
24,Chad Campbell,20.83,15,72,5
24,Steve Flesch,20.83,15,72,31
24,Zach Johnson,20.83,15,72,25
24,Joey Sindelar,20.83,15,72,18
24,Heath Slocum,20.83,15,72,18
29,Carlos Franco,19.44,14,72,18
29,Brent Geiberger,19.44,14,72,28
31,Fred Funk,12.50,9,72,12
