rank,player,Avg,Total Strokes,Total Adjustment,Total Rounds
1,Stuart Appleby,70.525,271,11.100,4
2,Jonathan Kaye,70.775,272,11.100,4
3,Ernie Els,71.025,273,11.100,4
3,Tiger Woods,71.025,273,11.100,4
5,Stewart Cink,71.275,274,11.100,4
5,Adam Scott,71.275,274,11.100,4
5,Vijay Singh,71.275,274,11.100,4
8,Vaughn Taylor,71.775,276,11.100,4
8,David Toms,71.775,276,11.100,4
10,Sergio Garcia,72.275,278,11.100,4
10,Craig Parry,72.275,278,11.100,4
12,Woody Austin,72.525,279,11.100,4
13,Jonathan Byrd,72.775,280,11.100,4
13,Retief Goosen,72.775,280,11.100,4
13,Mike Weir,72.775,280,11.100,4
16,Bart Bryant,73.025,281,11.100,4
17,Chad Campbell,73.275,282,11.100,4
17,John Daly,73.275,282,11.100,4
19,Stephen Ames,73.525,283,11.100,4
19,Mark Hensby,73.525,283,11.100,4
19,Rod Pampling,73.525,283,11.100,4
22,Andre Stolz,74.025,285,11.100,4
23,Zach Johnson,74.275,286,11.100,4
23,Joey Sindelar,74.275,286,11.100,4
23,Heath Slocum,74.275,286,11.100,4
26,Todd Hamilton,74.525,287,11.100,4
26,Ryan Palmer,74.525,287,11.100,4
28,Brent Geiberger,74.775,288,11.100,4
29,Steve Flesch,75.025,289,11.100,4
30,Fred Funk,75.275,290,11.100,4
31,Carlos Franco,75.775,292,11.100,4
