rank,player,Value,Total Drv Rank,GIR Rank
1,Shaun Micheel,4,2,2
2,Vijay Singh,5,1,4
3,Tiger Woods,13,8,5
4,Darren Clarke,14,4,10
4,Kenny Perry,14,9,5
6,Jim Furyk,15,14,1
7,Chad Campbell,19,14,5
7,Justin Leonard,19,7,12
9,Jonathan Kaye,22,17,5
10,Shigeki Maruyama,23,5,18
11,Retief Goosen,25,13,12
12,Stuart Appleby,26,3,23
12,Ben Crane,26,21,5
12,Kirk Triplett,26,10,16
15,Fred Couples,29,19,10
15,Scott Hoch,29,27,2
15,Davis Love III,29,6,23
18,J.L. Lewis,30,12,18
19,Adam Scott,37,25,12
20,Steve Flesch,38,22,16
21,Ernie Els,40,22,18
22,Craig Stadler,41,11,30
23,Peter Jacobsen,42,19,23
23,Rory Sabbatini,42,30,12
25,Mike Weir,43,16,27
26,Tommy Armour III,46,17,29
26,Bob Tway,46,28,18
28,Ben Curtis,47,29,18
29,John Huston,49,26,23
30,Frank Lickliter II,50,22,28
