rank,player,%,Greens Hit,# Holes,Relative/Par
1,Jim Furyk,90.28,65,72,-0.22
2,Scott Hoch,87.50,63,72,-0.27
2,Shaun Micheel,87.50,63,72,-0.17
4,Vijay Singh,84.72,61,72,-0.33
5,Chad Campbell,83.33,60,72,-0.18
5,Ben Crane,83.33,60,72,-0.27
5,Jonathan Kaye,83.33,60,72,-0.25
5,Kenny Perry,83.33,60,72,-0.15
5,Tiger Woods,83.33,60,72,-0.42
10,Darren Clarke,81.94,59,72,-0.37
10,Fred Couples,81.94,59,72,-0.19
12,Retief Goosen,80.56,58,72,-0.31
12,Justin Leonard,80.56,58,72,-0.19
12,Rory Sabbatini,80.56,58,72,-0.10
12,Adam Scott,80.56,58,72,-0.34
16,Steve Flesch,79.17,57,72,-0.19
16,Kirk Triplett,79.17,57,72,-0.39
18,Ben Curtis,77.78,56,72,-0.09
18,Ernie Els,77.78,56,72,-0.34
18,J.L. Lewis,77.78,56,72,-0.23
18,Shigeki Maruyama,77.78,56,72,-0.25
18,Bob Tway,77.78,56,72,-0.18
23,Stuart Appleby,76.39,55,72,-0.51
23,John Huston,76.39,55,72,-0.20
23,Peter Jacobsen,76.39,55,72,-0.20
23,Davis Love III,76.39,55,72,-0.33
27,Mike Weir,75.00,54,72,-0.26
28,Frank Lickliter II,72.22,52,72,-0.21
29,Tommy Armour III,70.83,51,72,-0.25
30,Craig Stadler,69.44,50,72,-0.24
