rank,player,Value,Attempts(<= 5'),Tot Made (>=20'),Tot Made (<= 5')
1,Geoff Ogilvy,105.66,53,3,53
2,Kenny Perry,105.36,56,3,56
3,Retief Goosen,102.04,49,2,48
4,Steve Stricker,101.72,58,2,57
5,Ryan Moore,101.69,59,2,58
6,Dustin Johnson,101.67,60,3,58
7,Stephen Ames,101.64,61,1,61
8,Ángel Cabrera,100.00,62,2,60
8,Paul Casey,100.00,60,2,58
8,Nathan Green,100.00,54,2,52
8,Troy Matteson,100.00,63,2,61
8,Sean O'Hair,100.00,55,3,52
8,John Rollins,100.00,61,1,60
14,Zach Johnson,98.39,62,1,60
15,Jerry Kelly,98.28,58,2,55
16,Matt Kuchar,98.25,57,0,56
16,Pat Perez,98.25,57,2,54
18,Brian Gay,98.21,56,1,54
19,Michael Bradley,98.18,55,1,53
20,Bo Van Pelt,96.61,59,2,55
20,Nick Watney,96.61,59,0,57
22,Rory Sabbatini,96.55,58,2,54
22,Y.E. Yang,96.55,58,1,55
24,Martin Laird,96.49,57,0,55
24,Mark Wilson,96.49,57,0,55
26,Heath Slocum,96.36,55,1,52
27,Stewart Cink,94.83,58,2,53
28,Lucas Glover,93.55,62,2,56
