rank,player,%,# Birdies,Greens Hit
1,Dustin Johnson,43.10,25,58
2,Geoff Ogilvy,42.62,26,61
2,Rory Sabbatini,42.62,26,61
4,Retief Goosen,42.11,24,57
5,Sean O'Hair,40.68,24,59
6,Kenny Perry,40.32,25,62
7,Paul Casey,38.60,22,57
8,Martin Laird,38.33,23,60
9,Stewart Cink,38.10,24,63
10,Lucas Glover,37.50,24,64
11,Nathan Green,35.85,19,53
12,Nick Watney,35.59,21,59
13,Ángel Cabrera,34.48,20,58
14,Y.E. Yang,34.43,21,61
15,Jerry Kelly,33.96,18,53
16,Bo Van Pelt,33.33,18,54
17,Matt Kuchar,32.81,21,64
17,Pat Perez,32.81,21,64
19,Steve Stricker,32.20,19,59
20,Brian Gay,32.08,17,53
21,Zach Johnson,30.16,19,63
21,John Rollins,30.16,19,63
23,Stephen Ames,29.69,19,64
24,Michael Bradley,29.31,17,58
25,Mark Wilson,29.09,16,55
26,Ryan Moore,27.69,18,65
27,Heath Slocum,27.27,15,55
28,Troy Matteson,23.33,14,60
