rank,player,Avg,# of Putts,# of Holes
1,Geoff Ogilvy,1.597,115,72
2,Brian Gay,1.611,116,72
2,Nathan Green,1.611,116,72
4,Retief Goosen,1.625,117,72
5,Matt Kuchar,1.639,118,72
6,Paul Casey,1.653,119,72
6,Sean O'Hair,1.653,119,72
6,Rory Sabbatini,1.653,119,72
9,Ángel Cabrera,1.667,120,72
9,Dustin Johnson,1.667,120,72
9,Jerry Kelly,1.667,120,72
9,Steve Stricker,1.667,120,72
13,Stewart Cink,1.681,121,72
13,Martin Laird,1.681,121,72
13,Kenny Perry,1.681,121,72
16,Bo Van Pelt,1.694,122,72
16,Nick Watney,1.694,122,72
16,Mark Wilson,1.694,122,72
19,Heath Slocum,1.708,123,72
20,Ryan Moore,1.722,124,72
21,Michael Bradley,1.736,125,72
21,Zach Johnson,1.736,125,72
21,Pat Perez,1.736,125,72
21,John Rollins,1.736,125,72
21,Y.E. Yang,1.736,125,72
26,Lucas Glover,1.764,127,72
27,Troy Matteson,1.806,130,72
28,Stephen Ames,1.819,131,72
