rank,player,Total
1,Geoff Ogilvy,13.8
2,Matt Kuchar,15.3
3,Retief Goosen,17.2
4,Nathan Green,21.1
5,Kenny Perry,22.2
6,Heath Slocum,23.1
7,Bo Van Pelt,24.3
8,Paul Casey,24.6
9,Ryan Moore,26.0
10,Martin Laird,27.9
11,Brian Gay,28.5
12,Dustin Johnson,30.6
13,John Rollins,30.7
14,Sean O'Hair,31.1
15,Rory Sabbatini,31.8
15,Steve Stricker,31.8
17,Stephen Ames,32.7
18,Ángel Cabrera,32.9
19,Troy Matteson,34.2
20,Michael Bradley,34.5
21,Pat Perez,34.6
22,Nick Watney,34.9
23,Jerry Kelly,35.5
23,Mark Wilson,35.5
25,Stewart Cink,37.6
26,Lucas Glover,40.6
27,Y.E. Yang,40.8
28,Zach Johnson,41.0
