rank,player,Avg,Total Distance (feet),# of Attempts,Relative to par
1,Arjun Atwal,"24' 3""",24.250,1,-1
2,Jason Bohn,"30' 3""",30.250,1,-1
3,Charley Hoffman,"38' 5""",76.833,2,E
4,Graeme McDowell,"48' 10""",97.667,2,-1
5,Cameron Beckman,"59' 4""",118.583,2,-1
6,Ian Poulter,"66' 0""",66.000,1,-1
7,Jason Day,"72' 6""",72.500,1,E
8,Bill Haas,"73' 10""",73.833,1,E
9,Stuart Appleby,"77' 5""",77.417,1,E
10,Robert Garrigus,"80' 5""",80.417,1,E
11,Adam Scott,"82' 0""",164.000,2,+1
12,Anthony Kim,"85' 3""",85.250,1,+1
13,Hunter Mahan,"90' 0""",90.000,1,E
14,Matt Kuchar,"98' 11""",98.917,1,E
15,Derek Lamely,"101' 6""",406.083,4,+1
16,Heath Slocum,"101' 10""",101.833,1,E
17,Francesco Molinari,"104' 3""",104.250,1,E
18,Matt Bettencourt,"111' 10""",223.583,2,-2
19,Ben Crane,"112' 2""",112.167,1,E
20,Tim Clark,"114' 5""",114.417,1,-1
21,Dustin Johnson,"124' 10""",124.833,1,+2
22,Steve Stricker,"128' 2""",128.167,1,-1
