rank,player,Avg,Total Distance (feet),# of Attempts,Relative to par
1,Charley Hoffman,"6' 6""",6.500,1,E
2,Francesco Molinari,"8' 0""",15.917,2,-2
3,Heath Slocum,"8' 8""",17.333,2,-1
4,Arjun Atwal,"10' 6""",20.917,2,E
5,Graeme McDowell,"12' 2""",36.583,3,-2
6,Matt Kuchar,"12' 8""",12.667,1,-1
7,Rocco Mediate,"12' 9""",25.500,2,+2
8,Hunter Mahan,"15' 9""",15.750,1,E
9,Anthony Kim,"16' 5""",32.750,2,E
9,Derek Lamely,"16' 5""",16.417,1,E
11,Robert Garrigus,"17' 7""",17.583,1,-1
12,Steve Stricker,"17' 8""",35.250,2,E
13,Stuart Appleby,"18' 9""",56.167,3,-1
14,Bill Lunde,"22' 2""",88.500,4,E
15,Cameron Beckman,"23' 5""",46.750,2,E
16,Ryan Palmer,"24' 10""",49.667,2,E
17,Bill Haas,"28' 6""",57.000,2,E
18,Carl Pettersson,"28' 8""",114.500,4,+2
19,Justin Rose,"29' 7""",29.583,1,E
20,Jim Furyk,"33' 5""",33.417,1,E
21,Jason Day,"36' 1""",108.250,3,-1
22,Jonathan Byrd,"36' 8""",109.917,3,-1
23,Tim Clark,"43' 0""",43.000,1,E
24,Ian Poulter,"51' 8""",51.667,1,E
