rank,player,Avg,Total Distance (feet),# of Attempts,Relative to par
1,Jason Bohn,"33' 11""",101.750,3,-1
2,Carl Pettersson,"36' 4""",109.083,3,E
3,Graeme McDowell,"48' 10""",97.667,2,-1
4,Zach Johnson,"52' 3""",52.250,1,-1
5,Bill Haas,"60' 11""",121.833,2,E
6,Ian Poulter,"61' 7""",123.083,2,-1
7,Stuart Appleby,"65' 5""",261.583,4,-1
8,Robert Garrigus,"65' 6""",327.500,5,-1
9,Ben Crane,"68' 8""",137.250,2,-1
10,Charley Hoffman,"70' 4""",281.417,4,-1
11,Cameron Beckman,"70' 11""",354.667,5,-2
12,Justin Rose,"72' 5""",217.333,3,-1
13,Jason Day,"74' 3""",148.500,2,E
14,Anthony Kim,"76' 2""",304.667,4,+1
15,Adam Scott,"77' 2""",231.417,3,E
16,Heath Slocum,"80' 6""",241.417,3,-1
17,Tim Clark,"80' 8""",161.333,2,-1
18,Matt Kuchar,"81' 0""",243.083,3,-2
19,Arjun Atwal,"89' 7""",448.083,5,-3
20,Hunter Mahan,"90' 0""",90.000,1,E
21,Matt Bettencourt,"90' 4""",451.500,5,-2
22,Dustin Johnson,"94' 11""",474.667,5,E
23,Francesco Molinari,"95' 6""",190.917,2,E
24,Derek Lamely,"101' 6""",406.083,4,+1
25,Ernie Els,"102' 7""",102.583,1,E
26,Bill Lunde,"107' 7""",215.167,2,-2
27,Ryan Palmer,"107' 10""",215.667,2,-1
28,Rocco Mediate,"118' 7""",118.583,1,-1
29,Steve Stricker,"120' 0""",240.000,2,-2
