rank,player,Avg,Total Distance (feet),# of Attempts,Relative to par
1,Ian Poulter,"8' 6""",8.500,1,-1
2,Arjun Atwal,"16' 3""",16.250,1,+1
3,Anthony Kim,"23' 6""",23.500,1,-1
4,Dustin Johnson,"25' 2""",25.167,1,E
5,Jason Bohn,"47' 4""",47.333,1,E
6,Jason Day,"65' 4""",65.333,1,+1
7,Stuart Appleby,"69' 2""",69.167,1,E
8,Bill Haas,"74' 5""",74.417,1,+1
9,Cameron Beckman,"85' 6""",85.500,1,+1
10,Francesco Molinari,"87' 6""",87.500,1,+1
11,Ernie Els,"88' 11""",88.917,1,E
12,Jonathan Byrd,"118' 5""",118.417,1,E
