rank,player,Avg,Total Distance (feet),# of Attempts,Relative to par
1,Francesco Molinari,"8' 0""",15.917,2,-2
2,Graeme McDowell,"10' 2""",40.750,4,-3
3,Matt Kuchar,"11' 1""",22.167,2,-1
4,Charley Hoffman,"12' 3""",36.667,3,-1
5,Jason Bohn,"12' 6""",24.917,2,E
6,Bubba Watson,"12' 8""",37.917,3,-2
7,Robert Garrigus,"12' 10""",51.417,4,-3
8,Hunter Mahan,"13' 5""",80.667,6,-3
9,Arjun Atwal,"13' 8""",54.583,4,-1
10,Zach Johnson,"15' 7""",31.083,2,-1
11,Anthony Kim,"16' 5""",32.750,2,E
12,Matt Bettencourt,"16' 7""",16.583,1,E
13,Stuart Appleby,"16' 8""",66.667,4,-2
14,Rocco Mediate,"18' 4""",128.417,7,+2
14,Ryan Palmer,"18' 4""",91.833,5,-1
16,Heath Slocum,"18' 9""",75.083,4,-1
17,Ian Poulter,"20' 0""",59.917,3,-2
18,Derek Lamely,"22' 0""",66.083,3,+1
19,Carl Pettersson,"22' 5""",134.500,6,+1
19,Justin Rose,"22' 5""",89.750,4,-1
21,Jim Furyk,"22' 6""",67.417,3,E
22,Bill Haas,"23' 4""",70.083,3,E
23,Jason Day,"23' 9""",118.833,5,-2
24,Bill Lunde,"26' 1""",182.500,7,E
25,Tim Clark,"27' 4""",54.583,2,E
26,Cameron Beckman,"29' 8""",178.083,6,-1
27,Dustin Johnson,"35' 5""",35.417,1,E
28,Jonathan Byrd,"36' 8""",109.917,3,-1
29,Steve Stricker,"45' 1""",135.333,3,+1
