rank,player,Avg,Total Distance (feet),# of Attempts,Relative to par
1,Ryan Palmer,"4' 2""",4.167,1,-1
2,Jason Bohn,"15' 7""",15.583,1,E
3,Adam Scott,"25' 8""",25.667,1,E
4,Bill Lunde,"26' 1""",26.083,1,E
5,Stuart Appleby,"28' 5""",28.417,1,+1
6,Charley Hoffman,"30' 5""",30.417,1,E
7,Cameron Beckman,"38' 1""",76.167,2,+1
8,Ian Poulter,"40' 10""",81.583,2,+1
9,Robert Garrigus,"42' 2""",42.167,1,-1
10,Ernie Els,"43' 1""",86.167,2,-1
11,Derek Lamely,"57' 2""",57.167,1,+1
12,Ben Crane,"57' 11""",115.750,2,E
13,Matt Kuchar,"59' 4""",118.583,2,E
14,Carl Pettersson,"63' 8""",127.250,2,+1
15,Dustin Johnson,"65' 8""",65.667,1,-1
16,Rocco Mediate,"82' 2""",82.167,1,E
17,Bill Haas,"85' 7""",85.583,1,-1
