rank,player,Avg,Total Distance (feet),# of Attempts,Relative to par
1,Graeme McDowell,"4' 2""",4.167,1,-1
1,Ian Poulter,"4' 2""",8.250,2,-2
3,Bubba Watson,"5' 1""",10.083,2,-2
4,Matt Kuchar,"9' 6""",9.500,1,E
5,Carl Pettersson,"10' 0""",20.000,2,-1
6,Stuart Appleby,"10' 6""",10.500,1,-1
7,Tim Clark,"11' 7""",11.583,1,E
8,Jason Bohn,"12' 6""",24.917,2,E
9,Robert Garrigus,"12' 8""",25.333,2,-1
10,Bill Haas,"13' 1""",13.083,1,E
11,Ryan Palmer,"14' 1""",42.167,3,-1
12,Zach Johnson,"15' 7""",31.083,2,-1
13,Matt Bettencourt,"16' 7""",16.583,1,E
14,Arjun Atwal,"16' 10""",33.667,2,-1
15,Jim Furyk,"17' 0""",34.000,2,E
16,Charley Hoffman,"18' 1""",18.083,1,E
17,Justin Rose,"20' 1""",60.167,3,-1
18,Rocco Mediate,"20' 7""",102.917,5,E
19,Hunter Mahan,"21' 9""",43.500,2,-1
20,Cameron Beckman,"22' 9""",68.250,3,-1
21,Derek Lamely,"24' 10""",49.667,2,+1
22,Heath Slocum,"31' 0""",31.000,1,E
23,Bill Lunde,"31' 4""",94.000,3,E
24,Dustin Johnson,"35' 5""",35.417,1,E
25,Steve Stricker,"100' 1""",100.083,1,+1
