rank,player,Avg,Total Distance (feet),# of Attempts,Relative to par
1,Bubba Watson,"17' 8""",17.667,1,-1
2,Zach Johnson,"24' 8""",74.083,3,-1
3,Jason Bohn,"29' 0""",348.250,12,-1
4,Jim Furyk,"29' 4""",88.000,3,E
5,Carl Pettersson,"35' 5""",283.000,8,E
6,Jonathan Byrd,"41' 1""",246.583,6,-1
7,Stuart Appleby,"42' 11""",472.000,11,+1
8,Tim Clark,"43' 6""",304.667,7,+1
9,Robert Garrigus,"44' 9""",492.000,11,-3
10,Charley Hoffman,"45' 5""",454.333,10,E
11,Ian Poulter,"47' 2""",424.167,9,E
12,Ben Crane,"47' 10""",334.667,7,E
12,Anthony Kim,"47' 10""",478.250,10,+1
14,Hunter Mahan,"48' 10""",97.583,2,-1
15,Jason Day,"49' 0""",294.167,6,+2
16,Matt Kuchar,"49' 5""",445.083,9,-1
17,Cameron Beckman,"50' 3""",653.500,13,-2
17,Bill Haas,"50' 3""",401.833,8,E
19,Graeme McDowell,"50' 7""",202.417,4,E
20,Adam Scott,"51' 3""",307.333,6,-1
21,Heath Slocum,"51' 11""",363.583,7,-1
22,Ernie Els,"53' 5""",427.083,8,E
23,Bill Lunde,"54' 4""",326.167,6,-3
24,Matt Bettencourt,"55' 7""",555.417,10,-2
25,Ryan Palmer,"57' 4""",286.833,5,-1
26,Rocco Mediate,"58' 1""",290.500,5,E
27,Arjun Atwal,"59' 4""",534.083,9,-3
28,Dustin Johnson,"61' 4""",735.500,12,-1
29,Derek Lamely,"61' 7""",615.417,10,+3
30,Justin Rose,"61' 10""",247.167,4,-1
31,Francesco Molinari,"62' 10""",314.167,5,-1
32,Steve Stricker,"73' 11""",369.583,5,-2
