rank,player,Avg,Total Distance (feet),# of Attempts,Relative to par
1,Anthony Kim,"1' 8""",1.667,1,-1
2,Cameron Beckman,"5' 0""",10.000,2,-2
3,Jonathan Byrd,"9' 3""",18.417,2,-1
4,Zach Johnson,"12' 5""",12.417,1,E
5,Jason Day,"15' 0""",15.000,1,E
6,Bill Lunde,"15' 6""",15.500,1,-1
7,Matt Bettencourt,"15' 8""",15.667,1,E
8,Bubba Watson,"17' 8""",17.667,1,-1
9,Matt Kuchar,"18' 5""",18.417,1,+1
10,Tim Clark,"20' 7""",41.167,2,E
11,Rocco Mediate,"29' 2""",58.333,2,+1
12,Justin Rose,"29' 10""",29.833,1,E
13,Heath Slocum,"31' 6""",63.000,2,E
14,Graeme McDowell,"32' 0""",32.000,1,+1
15,Jim Furyk,"33' 4""",66.583,2,E
16,Ben Crane,"38' 9""",77.500,2,+1
17,Dustin Johnson,"41' 0""",82.000,2,-1
18,Steve Stricker,"43' 2""",129.583,3,E
19,Charley Hoffman,"46' 10""",93.667,2,+1
20,Ernie Els,"62' 7""",125.083,2,+1
21,Ian Poulter,"73' 10""",147.583,2,+1
