rank,player,Avg,Total Distance (feet),# of Attempts,Relative to par
1,Ben Crane,"4' 2""",4.167,1,E
2,Bubba Watson,"5' 1""",10.083,2,-2
3,Ernie Els,"12' 2""",24.333,2,E
4,Francesco Molinari,"12' 11""",51.667,4,-4
5,Zach Johnson,"13' 6""",40.500,3,-1
6,Charley Hoffman,"14' 8""",73.417,5,E
7,Hunter Mahan,"16' 9""",66.833,4,-2
8,Matt Kuchar,"17' 5""",87.167,5,-1
9,Arjun Atwal,"17' 9""",124.333,7,-2
10,Stuart Appleby,"19' 11""",179.500,9,-1
11,Rocco Mediate,"20' 0""",159.833,8,+2
12,Carl Pettersson,"20' 2""",181.167,9,E
13,Robert Garrigus,"20' 8""",165.250,8,-3
14,Matt Bettencourt,"21' 0""",104.833,5,E
15,Heath Slocum,"21' 6""",107.500,5,-1
16,Jim Furyk,"22' 3""",88.833,4,E
17,Justin Rose,"22' 5""",89.750,4,-1
18,Graeme McDowell,"22' 8""",113.500,5,-3
18,Ryan Palmer,"22' 8""",158.833,7,E
20,Jason Bohn,"23' 2""",208.500,9,E
21,Ian Poulter,"24' 8""",123.333,5,-2
22,Adam Scott,"25' 2""",50.250,2,-1
23,Bill Haas,"27' 2""",190.083,7,E
24,Derek Lamely,"27' 3""",218.250,8,+2
25,Bill Lunde,"28' 0""",251.917,9,E
26,Anthony Kim,"30' 2""",181.167,6,+2
27,Cameron Beckman,"30' 3""",242.167,8,-1
28,Dustin Johnson,"30' 10""",123.417,4,+1
29,Tim Clark,"31' 4""",156.750,5,+2
30,Jason Day,"34' 9""",173.583,5,E
31,Jonathan Byrd,"36' 7""",219.667,6,-1
32,Steve Stricker,"45' 1""",135.333,3,+1
