rank,player,Avg,Total Distance (feet),# of Attempts,Relative to par
1,Ben Crane,"4' 2""",4.167,1,E
2,Hunter Mahan,"7' 7""",7.583,1,-1
3,Zach Johnson,"9' 5""",9.417,1,E
4,Ernie Els,"12' 2""",24.333,2,E
5,Carl Pettersson,"15' 7""",46.667,3,-1
6,Charley Hoffman,"16' 3""",48.833,3,E
7,Francesco Molinari,"17' 11""",35.750,2,-2
8,Jim Furyk,"21' 5""",21.417,1,E
9,Matt Kuchar,"21' 8""",65.000,3,E
10,Matt Bettencourt,"22' 1""",88.250,4,E
11,Stuart Appleby,"22' 7""",112.833,5,+1
12,Arjun Atwal,"23' 3""",69.750,3,-1
13,Robert Garrigus,"24' 6""",122.333,5,-1
14,Adam Scott,"25' 2""",50.250,2,-1
15,Jason Bohn,"26' 3""",183.583,7,E
16,Dustin Johnson,"29' 4""",88.000,3,+1
17,Heath Slocum,"29' 7""",59.167,2,E
18,Bill Haas,"30' 0""",120.000,4,E
19,Derek Lamely,"30' 5""",152.167,5,+1
20,Rocco Mediate,"31' 5""",31.417,1,E
21,Ian Poulter,"31' 9""",63.417,2,E
22,Jason Day,"32' 8""",65.333,2,+1
23,Ryan Palmer,"33' 6""",67.000,2,+1
24,Tim Clark,"34' 1""",102.167,3,+2
25,Bill Lunde,"34' 9""",69.417,2,E
26,Jonathan Byrd,"36' 7""",109.750,3,E
27,Anthony Kim,"37' 1""",148.417,4,+2
28,Cameron Beckman,"42' 5""",127.167,3,E
29,Graeme McDowell,"72' 9""",72.750,1,E
