rank,player,% Made,Attempts,Putts made
1,Daniel Berger,100.00,6,6
1,Sam Burns,100.00,7,7
1,Patrick Cantlay,100.00,3,3
1,Cam Davis,100.00,1,1
1,Bryson DeChambeau,100.00,6,6
1,Tony Finau,100.00,3,3
1,Garrick Higgo,100.00,3,3
1,Max Homa,100.00,3,3
1,Sungjae Im,100.00,5,5
1,Si Woo Kim,100.00,2,2
1,Kevin Kisner,100.00,2,2
1,Jason Kokrak,100.00,2,2
1,Hideki Matsuyama,100.00,4,4
1,Phil Mickelson,100.00,5,5
1,Jon Rahm,100.00,8,8
1,Xander Schauffele,100.00,3,3
1,Cameron Smith,100.00,4,4
1,Jordan Spieth,100.00,6,6
1,Erik van Rooyen,100.00,4,4
20,Brooks Koepka,91.67,12,11
21,Stewart Cink,85.71,7,6
21,Talor Gooch,85.71,7,6
21,Lucas Herbert,85.71,7,6
21,Matt Jones,85.71,7,6
25,Harris English,83.33,6,5
25,Marc Leishman,83.33,6,5
25,Kevin Na,83.33,6,5
25,Justin Thomas,83.33,6,5
29,Lucas Glover,80.00,5,4
30,Billy Horschel,75.00,4,3
30,Seamus Power,75.00,4,3
32,K.H. Lee,71.43,7,5
33,Abraham Ancer,66.67,3,2
33,Joel Dahmen,66.67,3,2
33,Patrick Reed,66.67,3,2
36,Collin Morikawa,57.14,7,4
37,Viktor Hovland,50.00,4,2
38,Branden Grace,33.33,3,1
