rank,player,% Made,Attempts,Putts made
1,Jordan Spieth,92.86,14,13
2,Cameron Smith,88.89,18,16
3,Lucas Herbert,86.67,15,13
4,Patrick Cantlay,85.71,14,12
4,Matt Jones,85.71,14,12
6,Sam Burns,82.35,17,14
6,Harris English,82.35,17,14
8,Daniel Berger,81.25,16,13
8,Patrick Reed,81.25,16,13
10,K.H. Lee,78.95,19,15
10,Marc Leishman,78.95,19,15
10,Justin Thomas,78.95,19,15
13,Phil Mickelson,77.27,22,17
14,Si Woo Kim,76.92,13,10
15,Sungjae Im,76.47,17,13
16,Jon Rahm,75.00,12,9
17,Kevin Kisner,73.33,15,11
17,Kevin Na,73.33,15,11
17,Seamus Power,73.33,15,11
20,Bryson DeChambeau,71.43,14,10
20,Max Homa,71.43,14,10
20,Billy Horschel,71.43,14,10
20,Brooks Koepka,71.43,21,15
24,Hideki Matsuyama,70.59,17,12
25,Lucas Glover,68.42,19,13
26,Joel Dahmen,66.67,12,8
26,Xander Schauffele,66.67,12,8
28,Talor Gooch,64.71,17,11
29,Garrick Higgo,61.54,13,8
30,Stewart Cink,61.11,18,11
30,Erik van Rooyen,61.11,18,11
32,Cam Davis,60.00,10,6
33,Tony Finau,57.14,14,8
33,Collin Morikawa,57.14,14,8
35,Viktor Hovland,53.33,15,8
36,Abraham Ancer,50.00,14,7
36,Branden Grace,50.00,14,7
36,Jason Kokrak,50.00,16,8
