rank,player,% Made,Attempts,Putts made
1,Lucas Herbert,66.67,12,8
1,Erik van Rooyen,66.67,6,4
3,Matt Jones,57.14,7,4
4,Kevin Kisner,54.55,11,6
5,Sungjae Im,50.00,10,5
5,Xander Schauffele,50.00,10,5
7,Garrick Higgo,45.45,11,5
7,Max Homa,45.45,11,5
9,Daniel Berger,44.44,9,4
9,Jon Rahm,44.44,9,4
11,Billy Horschel,42.86,7,3
12,Patrick Reed,41.67,12,5
13,Collin Morikawa,40.00,15,6
13,Kevin Na,40.00,10,4
15,Cam Davis,38.46,13,5
16,Phil Mickelson,37.50,16,6
17,Sam Burns,33.33,9,3
17,Viktor Hovland,33.33,15,5
19,Cameron Smith,30.00,10,3
20,Talor Gooch,28.57,14,4
21,Si Woo Kim,27.27,11,3
21,Hideki Matsuyama,27.27,11,3
23,Abraham Ancer,25.00,12,3
23,Branden Grace,25.00,16,4
23,Marc Leishman,25.00,8,2
23,Seamus Power,25.00,12,3
23,Jordan Spieth,25.00,12,3
23,Justin Thomas,25.00,8,2
29,Brooks Koepka,22.22,9,2
30,Joel Dahmen,21.43,14,3
31,Patrick Cantlay,18.75,16,3
32,Bryson DeChambeau,18.18,11,2
33,Harris English,16.67,12,2
34,Jason Kokrak,14.29,14,2
35,Lucas Glover,13.33,15,2
36,Stewart Cink,9.09,11,1
37,K.H. Lee,8.33,12,1
38,Tony Finau,7.69,13,1
