rank,player,% Made,Attempts,Putts made
1,Patrick Cantlay,100.00,13,13
1,Cam Davis,100.00,6,6
1,Max Homa,100.00,10,10
1,Sungjae Im,100.00,8,8
1,Si Woo Kim,100.00,6,6
1,Kevin Kisner,100.00,9,9
1,Jason Kokrak,100.00,9,9
1,Jon Rahm,100.00,16,16
1,Xander Schauffele,100.00,13,13
1,Cameron Smith,100.00,11,11
1,Jordan Spieth,100.00,14,14
12,Marc Leishman,93.33,15,14
13,Daniel Berger,92.86,14,13
14,Seamus Power,91.67,12,11
15,Sam Burns,90.91,11,10
15,Bryson DeChambeau,90.91,11,10
15,Lucas Herbert,90.91,22,20
15,Matt Jones,90.91,11,10
15,Hideki Matsuyama,90.91,11,10
15,Erik van Rooyen,90.91,11,10
21,Garrick Higgo,90.00,10,9
21,Billy Horschel,90.00,10,9
23,Tony Finau,88.89,9,8
24,Brooks Koepka,88.24,17,15
25,Talor Gooch,87.50,16,14
25,K.H. Lee,87.50,16,14
27,Abraham Ancer,85.71,7,6
27,Harris English,85.71,14,12
27,Phil Mickelson,85.71,7,6
27,Justin Thomas,85.71,14,12
31,Stewart Cink,84.62,13,11
31,Lucas Glover,84.62,13,11
31,Kevin Na,84.62,13,11
34,Joel Dahmen,80.00,10,8
34,Viktor Hovland,80.00,10,8
36,Collin Morikawa,76.92,13,10
37,Patrick Reed,75.00,8,6
38,Branden Grace,71.43,7,5
