rank,player,Putts Made
1,Matt Jones,11.0
2,Collin Morikawa,10.0
2,Jon Rahm,10.0
4,Cam Davis,9.0
4,Branden Grace,9.0
4,Lucas Herbert,9.0
4,Garrick Higgo,9.0
4,Sungjae Im,9.0
4,Kevin Kisner,9.0
4,Patrick Reed,9.0
4,Xander Schauffele,9.0
4,Cameron Smith,9.0
13,Joel Dahmen,8.0
13,Phil Mickelson,8.0
15,Abraham Ancer,7.0
15,Sam Burns,7.0
15,Max Homa,7.0
15,Billy Horschel,7.0
15,Erik van Rooyen,7.0
20,Bryson DeChambeau,6.0
20,Tony Finau,6.0
20,Viktor Hovland,6.0
20,Jason Kokrak,6.0
20,Kevin Na,6.0
20,Seamus Power,6.0
20,Justin Thomas,6.0
27,Daniel Berger,5.0
27,Patrick Cantlay,5.0
27,Stewart Cink,5.0
27,Talor Gooch,5.0
27,Si Woo Kim,5.0
27,Brooks Koepka,5.0
27,Hideki Matsuyama,5.0
27,Jordan Spieth,5.0
35,Harris English,4.0
35,Marc Leishman,4.0
37,Lucas Glover,3.0
37,K.H. Lee,3.0
