rank,player,% Made,Attempts,Putts made
1,Marc Leishman,94.44,72,68
2,Jordan Spieth,94.37,71,67
3,Cameron Smith,93.94,66,62
4,Matt Jones,93.55,62,58
5,K.H. Lee,93.24,74,69
6,Patrick Cantlay,93.06,72,67
6,Harris English,93.06,72,67
8,Kevin Kisner,92.65,68,63
9,Seamus Power,91.67,72,66
10,Max Homa,91.55,71,65
11,Patrick Reed,91.30,69,63
12,Hideki Matsuyama,90.54,74,67
13,Lucas Herbert,89.86,69,62
14,Jon Rahm,89.71,68,61
15,Sungjae Im,89.55,67,60
16,Kevin Na,89.19,74,66
17,Joel Dahmen,88.89,72,64
18,Billy Horschel,88.73,71,63
19,Cam Davis,88.41,69,61
20,Si Woo Kim,88.16,76,67
21,Tony Finau,88.00,75,66
21,Talor Gooch,88.00,75,66
21,Viktor Hovland,88.00,75,66
24,Sam Burns,87.84,74,65
25,Phil Mickelson,87.67,73,64
26,Collin Morikawa,87.32,71,62
26,Xander Schauffele,87.32,71,62
28,Justin Thomas,86.84,76,66
29,Branden Grace,86.30,73,63
30,Lucas Glover,86.25,80,69
31,Bryson DeChambeau,85.53,76,65
32,Daniel Berger,84.81,79,67
33,Jason Kokrak,84.62,78,66
34,Stewart Cink,84.42,77,65
35,Abraham Ancer,84.21,76,64
36,Garrick Higgo,84.00,75,63
37,Brooks Koepka,83.54,79,66
38,Erik van Rooyen,83.33,78,65
