rank,player,% Made,Attempts,Putts made
1,Matt Jones,66.67,18,12
2,Lucas Herbert,65.38,26,17
3,Patrick Reed,64.52,31,20
4,Marc Leishman,64.00,25,16
5,Kevin Kisner,61.54,26,16
6,Cameron Smith,59.26,27,16
7,Max Homa,58.62,29,17
8,Billy Horschel,56.00,25,14
9,Sungjae Im,52.00,25,13
9,Kevin Na,52.00,25,13
11,Erik van Rooyen,51.85,27,14
12,Si Woo Kim,51.43,35,18
13,Harris English,50.00,26,13
13,Phil Mickelson,50.00,36,18
15,Viktor Hovland,48.48,33,16
16,Collin Morikawa,48.28,29,14
17,Justin Thomas,48.15,27,13
18,Jordan Spieth,48.00,25,12
19,K.H. Lee,46.15,26,12
19,Hideki Matsuyama,46.15,26,12
19,Seamus Power,46.15,26,12
19,Xander Schauffele,46.15,26,12
23,Patrick Cantlay,45.45,33,15
24,Garrick Higgo,45.16,31,14
25,Cam Davis,44.83,29,13
26,Sam Burns,44.00,25,11
27,Daniel Berger,42.86,28,12
28,Talor Gooch,41.38,29,12
29,Lucas Glover,40.00,30,12
29,Jon Rahm,40.00,20,8
31,Branden Grace,39.39,33,13
32,Abraham Ancer,36.67,30,11
33,Joel Dahmen,34.62,26,9
34,Bryson DeChambeau,34.48,29,10
35,Brooks Koepka,33.33,27,9
36,Tony Finau,31.03,29,9
37,Jason Kokrak,29.41,34,10
38,Stewart Cink,28.57,28,8
