rank,player,% Made,Attempts,Putts Made
1,Matt Jones,25.00,44,11
2,Collin Morikawa,22.73,44,10
3,Jon Rahm,21.74,46,10
4,Cameron Smith,21.43,42,9
5,Kevin Kisner,20.93,43,9
6,Xander Schauffele,20.45,44,9
7,Lucas Herbert,19.57,46,9
7,Sungjae Im,19.57,46,9
7,Patrick Reed,19.57,46,9
10,Billy Horschel,18.92,37,7
11,Garrick Higgo,18.37,49,9
12,Cam Davis,18.00,50,9
13,Erik van Rooyen,17.95,39,7
14,Branden Grace,17.65,51,9
15,Phil Mickelson,17.39,46,8
16,Joel Dahmen,17.02,47,8
17,Abraham Ancer,16.67,42,7
18,Bryson DeChambeau,16.22,37,6
19,Sam Burns,15.56,45,7
20,Justin Thomas,15.38,39,6
21,Max Homa,15.22,46,7
22,Kevin Na,14.63,41,6
23,Daniel Berger,13.89,36,5
24,Tony Finau,13.33,45,6
25,Brooks Koepka,13.16,38,5
26,Jason Kokrak,12.77,47,6
26,Seamus Power,12.77,47,6
28,Viktor Hovland,12.50,48,6
29,Patrick Cantlay,11.90,42,5
29,Talor Gooch,11.90,42,5
29,Si Woo Kim,11.90,42,5
32,Stewart Cink,11.36,44,5
33,Hideki Matsuyama,10.87,46,5
33,Jordan Spieth,10.87,46,5
35,Harris English,8.70,46,4
35,Marc Leishman,8.70,46,4
37,K.H. Lee,6.52,46,3
38,Lucas Glover,6.38,47,3
