rank,player,%,Attempts,Putts made
1,Patrick Cantlay,100.00,55,55
1,Cam Davis,100.00,53,53
1,Max Homa,100.00,53,53
1,Sungjae Im,100.00,52,52
1,Si Woo Kim,100.00,52,52
1,Kevin Kisner,100.00,53,53
1,Jason Kokrak,100.00,58,58
1,Jon Rahm,100.00,57,57
1,Xander Schauffele,100.00,55,55
1,Cameron Smith,100.00,49,49
1,Jordan Spieth,100.00,58,58
12,Daniel Berger,98.33,60,59
13,Tony Finau,98.31,59,58
13,Hideki Matsuyama,98.31,59,58
15,Sam Burns,98.28,58,57
15,Bryson DeChambeau,98.28,58,57
15,Seamus Power,98.28,58,57
18,Garrick Higgo,98.18,55,54
18,Marc Leishman,98.18,55,54
20,Billy Horschel,98.11,53,52
20,Phil Mickelson,98.11,53,52
22,Matt Jones,98.04,51,50
23,Brooks Koepka,96.72,61,59
24,Stewart Cink,96.67,60,58
24,Joel Dahmen,96.67,60,58
24,Talor Gooch,96.67,60,58
24,K.H. Lee,96.67,60,58
28,Kevin Na,96.61,59,57
29,Abraham Ancer,96.55,58,56
29,Harris English,96.55,58,56
31,Viktor Hovland,96.49,57,55
31,Justin Thomas,96.49,57,55
31,Erik van Rooyen,96.49,57,55
34,Branden Grace,96.43,56,54
35,Lucas Herbert,96.36,55,53
36,Patrick Reed,96.00,50,48
37,Collin Morikawa,94.74,57,54
38,Lucas Glover,90.77,65,59
