rank,player,% Made,Attempts,Putts made
1,Abraham Ancer,100.00,4,4
1,Patrick Cantlay,100.00,10,10
1,Cam Davis,100.00,5,5
1,Branden Grace,100.00,4,4
1,Max Homa,100.00,7,7
1,Billy Horschel,100.00,6,6
1,Viktor Hovland,100.00,6,6
1,Sungjae Im,100.00,3,3
1,Matt Jones,100.00,4,4
1,Si Woo Kim,100.00,4,4
1,Kevin Kisner,100.00,7,7
1,Jason Kokrak,100.00,7,7
1,K.H. Lee,100.00,9,9
1,Marc Leishman,100.00,9,9
1,Collin Morikawa,100.00,6,6
1,Seamus Power,100.00,8,8
1,Jon Rahm,100.00,8,8
1,Xander Schauffele,100.00,10,10
1,Cameron Smith,100.00,7,7
1,Jordan Spieth,100.00,8,8
21,Lucas Herbert,93.33,15,14
22,Talor Gooch,88.89,9,8
23,Daniel Berger,87.50,8,7
23,Harris English,87.50,8,7
23,Lucas Glover,87.50,8,7
23,Justin Thomas,87.50,8,7
27,Joel Dahmen,85.71,7,6
27,Garrick Higgo,85.71,7,6
27,Hideki Matsuyama,85.71,7,6
27,Kevin Na,85.71,7,6
27,Erik van Rooyen,85.71,7,6
32,Stewart Cink,83.33,6,5
32,Tony Finau,83.33,6,5
34,Bryson DeChambeau,80.00,5,4
34,Brooks Koepka,80.00,5,4
34,Patrick Reed,80.00,5,4
37,Sam Burns,75.00,4,3
38,Phil Mickelson,50.00,2,1
