rank,player,% Made,Attempts,Putts made
1,Harris English,100.00,1,1
1,Sungjae Im,100.00,1,1
1,Cameron Smith,100.00,4,4
1,Jordan Spieth,100.00,2,2
1,Justin Thomas,100.00,1,1
6,Daniel Berger,80.00,5,4
7,Patrick Cantlay,77.78,9,7
8,Branden Grace,75.00,4,3
8,Si Woo Kim,75.00,4,3
10,Sam Burns,71.43,7,5
11,Lucas Glover,66.67,6,4
11,Talor Gooch,66.67,3,2
11,Billy Horschel,66.67,3,2
11,Matt Jones,66.67,3,2
11,Brooks Koepka,66.67,3,2
16,Phil Mickelson,62.50,8,5
17,Kevin Kisner,60.00,5,3
17,Marc Leishman,60.00,5,3
19,Joel Dahmen,50.00,4,2
19,Bryson DeChambeau,50.00,2,1
19,Tony Finau,50.00,4,2
19,Viktor Hovland,50.00,4,2
19,Collin Morikawa,50.00,2,1
19,Kevin Na,50.00,2,1
19,Seamus Power,50.00,2,1
19,Patrick Reed,50.00,4,2
27,Abraham Ancer,40.00,5,2
28,Stewart Cink,33.33,3,1
28,Max Homa,33.33,3,1
28,Xander Schauffele,33.33,3,1
31,Cam Davis,25.00,4,1
31,Hideki Matsuyama,25.00,4,1
31,Erik van Rooyen,25.00,4,1
34,Garrick Higgo,.00,3,0
34,Jason Kokrak,.00,4,0
34,K.H. Lee,.00,1,0
34,Jon Rahm,.00,3,0
