rank,player,Putts Made
1,Branden Grace,5.0
1,Cameron Smith,5.0
3,Joel Dahmen,3.0
3,Garrick Higgo,3.0
3,Billy Horschel,3.0
3,Matt Jones,3.0
3,Jason Kokrak,3.0
3,Xander Schauffele,3.0
9,Abraham Ancer,2.0
9,Patrick Cantlay,2.0
9,Stewart Cink,2.0
9,Cam Davis,2.0
9,Bryson DeChambeau,2.0
9,Harris English,2.0
9,Tony Finau,2.0
9,Sungjae Im,2.0
9,Kevin Kisner,2.0
9,Brooks Koepka,2.0
9,K.H. Lee,2.0
9,Marc Leishman,2.0
9,Jon Rahm,2.0
9,Justin Thomas,2.0
23,Sam Burns,1.0
23,Lucas Glover,1.0
23,Talor Gooch,1.0
23,Max Homa,1.0
23,Si Woo Kim,1.0
23,Hideki Matsuyama,1.0
23,Phil Mickelson,1.0
23,Collin Morikawa,1.0
23,Seamus Power,1.0
23,Patrick Reed,1.0
23,Jordan Spieth,1.0
23,Erik van Rooyen,1.0
35,Daniel Berger,.0
35,Lucas Herbert,.0
35,Viktor Hovland,.0
35,Kevin Na,.0
