rank,player,% Made,Attempts,Putts made
1,Matt Jones,100.00,2,2
1,Marc Leishman,100.00,2,2
1,Patrick Reed,100.00,2,2
4,Max Homa,75.00,4,3
4,Jon Rahm,75.00,4,3
6,Viktor Hovland,66.67,3,2
7,Si Woo Kim,62.50,8,5
8,Kevin Na,60.00,5,3
9,Billy Horschel,57.14,7,4
10,Patrick Cantlay,50.00,4,2
10,Garrick Higgo,50.00,4,2
10,Kevin Kisner,50.00,2,1
10,K.H. Lee,50.00,2,1
10,Hideki Matsuyama,50.00,2,1
10,Collin Morikawa,50.00,4,2
16,Cam Davis,40.00,5,2
17,Abraham Ancer,33.33,3,1
17,Stewart Cink,33.33,3,1
17,Bryson DeChambeau,33.33,3,1
17,Branden Grace,33.33,3,1
17,Lucas Herbert,33.33,3,1
17,Jason Kokrak,33.33,3,1
17,Justin Thomas,33.33,3,1
17,Erik van Rooyen,33.33,3,1
25,Daniel Berger,25.00,4,1
26,Brooks Koepka,16.67,6,1
27,Sam Burns,.00,1,0
27,Joel Dahmen,.00,1,0
27,Tony Finau,.00,1,0
27,Talor Gooch,.00,2,0
27,Sungjae Im,.00,2,0
27,Phil Mickelson,.00,3,0
27,Seamus Power,.00,1,0
27,Xander Schauffele,.00,3,0
27,Cameron Smith,.00,1,0
27,Jordan Spieth,.00,1,0
