rank,player,% Made,Attempts,Putts made
1,Abraham Ancer,100.00,2,2
1,Sam Burns,100.00,1,1
1,Patrick Cantlay,100.00,2,2
1,Joel Dahmen,100.00,2,2
1,Harris English,100.00,3,3
1,Tony Finau,100.00,1,1
1,Lucas Herbert,100.00,6,6
1,Max Homa,100.00,3,3
1,Billy Horschel,100.00,4,4
1,Matt Jones,100.00,4,4
1,Brooks Koepka,100.00,2,2
1,Marc Leishman,100.00,5,5
1,Kevin Na,100.00,4,4
1,Jon Rahm,100.00,1,1
1,Patrick Reed,100.00,6,6
1,Jordan Spieth,100.00,1,1
17,K.H. Lee,90.00,10,9
18,Seamus Power,83.33,6,5
18,Erik van Rooyen,83.33,6,5
20,Jason Kokrak,80.00,5,4
20,Justin Thomas,80.00,5,4
22,Daniel Berger,75.00,4,3
22,Cam Davis,75.00,4,3
22,Si Woo Kim,75.00,4,3
22,Phil Mickelson,75.00,4,3
22,Collin Morikawa,75.00,4,3
22,Xander Schauffele,75.00,4,3
28,Hideki Matsuyama,71.43,7,5
29,Bryson DeChambeau,66.67,3,2
29,Talor Gooch,66.67,3,2
29,Garrick Higgo,66.67,3,2
29,Viktor Hovland,66.67,3,2
29,Kevin Kisner,66.67,3,2
29,Cameron Smith,66.67,6,4
35,Lucas Glover,50.00,4,2
35,Branden Grace,50.00,2,1
35,Sungjae Im,50.00,4,2
38,Stewart Cink,33.33,3,1
