rank,player,% Made,Attempts,Putts made
1,Jason Kokrak,17.65,17,3
1,Cameron Smith,17.65,17,3
3,Branden Grace,12.50,16,2
4,Joel Dahmen,12.00,25,3
5,Matt Jones,11.76,17,2
6,Brooks Koepka,10.00,20,2
7,Sungjae Im,9.52,21,2
8,Stewart Cink,9.09,22,2
9,Garrick Higgo,8.70,23,2
10,Cam Davis,8.00,25,2
11,Abraham Ancer,7.14,14,1
11,Patrick Cantlay,7.14,14,1
13,Justin Thomas,5.88,17,1
13,Erik van Rooyen,5.88,17,1
15,Bryson DeChambeau,5.56,18,1
15,Billy Horschel,5.56,18,1
15,Kevin Kisner,5.56,18,1
18,Talor Gooch,5.26,19,1
18,K.H. Lee,5.26,19,1
18,Jon Rahm,5.26,19,1
18,Patrick Reed,5.26,19,1
22,Sam Burns,5.00,20,1
23,Harris English,4.55,22,1
23,Marc Leishman,4.55,22,1
23,Jordan Spieth,4.55,22,1
26,Xander Schauffele,4.00,25,1
27,Daniel Berger,.00,12,0
27,Tony Finau,.00,17,0
27,Lucas Glover,.00,17,0
27,Lucas Herbert,.00,26,0
27,Max Homa,.00,20,0
27,Viktor Hovland,.00,18,0
27,Si Woo Kim,.00,14,0
27,Hideki Matsuyama,.00,19,0
27,Phil Mickelson,.00,12,0
27,Collin Morikawa,.00,10,0
27,Kevin Na,.00,14,0
27,Seamus Power,.00,16,0
