rank,player,% Made,Attempts,Putts made
1,Lucas Glover,100.00,1,1
1,Talor Gooch,100.00,3,3
1,Marc Leishman,100.00,2,2
4,Tony Finau,75.00,4,3
4,Viktor Hovland,75.00,4,3
6,Harris English,66.67,3,2
6,Branden Grace,66.67,3,2
6,Max Homa,66.67,3,2
6,Brooks Koepka,66.67,3,2
6,Collin Morikawa,66.67,3,2
11,Abraham Ancer,50.00,4,2
11,Patrick Cantlay,50.00,2,1
11,Cam Davis,50.00,2,1
11,Seamus Power,50.00,2,1
11,Patrick Reed,50.00,4,2
11,Xander Schauffele,50.00,4,2
11,Cameron Smith,50.00,2,1
11,Jordan Spieth,50.00,4,2
11,Erik van Rooyen,50.00,4,2
20,Bryson DeChambeau,42.86,7,3
21,Si Woo Kim,40.00,5,2
22,Stewart Cink,33.33,3,1
22,Lucas Herbert,33.33,3,1
22,Garrick Higgo,33.33,6,2
22,Jason Kokrak,33.33,3,1
26,Sam Burns,20.00,5,1
27,Daniel Berger,.00,5,0
27,Joel Dahmen,.00,2,0
27,Billy Horschel,.00,1,0
27,Sungjae Im,.00,1,0
27,Matt Jones,.00,2,0
27,Kevin Na,.00,1,0
27,Jon Rahm,.00,3,0
27,Justin Thomas,.00,3,0
