rank,player,% Made,Attempts,Putts made
1,Daniel Berger,100.00,46,46
1,Sam Burns,100.00,47,47
1,Patrick Cantlay,100.00,42,42
1,Stewart Cink,100.00,47,47
1,Joel Dahmen,100.00,50,50
1,Cam Davis,100.00,47,47
1,Bryson DeChambeau,100.00,47,47
1,Harris English,100.00,44,44
1,Tony Finau,100.00,50,50
1,Talor Gooch,100.00,44,44
1,Branden Grace,100.00,49,49
1,Lucas Herbert,100.00,33,33
1,Garrick Higgo,100.00,45,45
1,Max Homa,100.00,43,43
1,Billy Horschel,100.00,43,43
1,Viktor Hovland,100.00,47,47
1,Sungjae Im,100.00,44,44
1,Matt Jones,100.00,40,40
1,Si Woo Kim,100.00,46,46
1,Kevin Kisner,100.00,44,44
1,Brooks Koepka,100.00,44,44
1,Jason Kokrak,100.00,49,49
1,K.H. Lee,100.00,44,44
1,Marc Leishman,100.00,40,40
1,Hideki Matsuyama,100.00,48,48
1,Phil Mickelson,100.00,46,46
1,Collin Morikawa,100.00,44,44
1,Kevin Na,100.00,46,46
1,Seamus Power,100.00,46,46
1,Jon Rahm,100.00,41,41
1,Patrick Reed,100.00,42,42
1,Xander Schauffele,100.00,42,42
1,Cameron Smith,100.00,38,38
1,Jordan Spieth,100.00,44,44
1,Justin Thomas,100.00,43,43
36,Abraham Ancer,98.04,51,50
37,Erik van Rooyen,97.83,46,45
38,Lucas Glover,92.31,52,48
