rank,player,% Made,Attempts,Putts Made
1,Cameron Smith,20.83,24,5
2,Branden Grace,17.86,28,5
3,Matt Jones,14.29,21,3
4,Billy Horschel,12.00,25,3
4,Jason Kokrak,12.00,25,3
6,Joel Dahmen,10.71,28,3
7,Xander Schauffele,10.34,29,3
8,Garrick Higgo,10.00,30,3
9,Abraham Ancer,9.52,21,2
10,Tony Finau,9.09,22,2
11,Patrick Cantlay,8.70,23,2
11,Bryson DeChambeau,8.70,23,2
13,Stewart Cink,8.00,25,2
13,Brooks Koepka,8.00,25,2
13,Jon Rahm,8.00,25,2
16,Kevin Kisner,7.69,26,2
17,Harris English,7.41,27,2
17,K.H. Lee,7.41,27,2
17,Justin Thomas,7.41,27,2
20,Sungjae Im,7.14,28,2
21,Cam Davis,6.90,29,2
22,Marc Leishman,6.67,30,2
23,Collin Morikawa,6.25,16,1
24,Phil Mickelson,5.26,19,1
25,Talor Gooch,4.55,22,1
26,Si Woo Kim,4.17,24,1
27,Sam Burns,4.00,25,1
27,Erik van Rooyen,4.00,25,1
29,Lucas Glover,3.85,26,1
29,Max Homa,3.85,26,1
29,Seamus Power,3.85,26,1
29,Patrick Reed,3.85,26,1
33,Hideki Matsuyama,3.70,27,1
34,Jordan Spieth,3.57,28,1
35,Daniel Berger,.00,19,0
35,Lucas Herbert,.00,31,0
35,Viktor Hovland,.00,27,0
35,Kevin Na,.00,20,0
