rank,player,% Made,Attempts,Putts made
1,Xander Schauffele,50.00,4,2
2,Tony Finau,40.00,5,2
3,Billy Horschel,28.57,7,2
3,Cameron Smith,28.57,7,2
5,Branden Grace,25.00,12,3
5,Matt Jones,25.00,4,1
7,Bryson DeChambeau,20.00,5,1
7,Harris English,20.00,5,1
9,Max Homa,16.67,6,1
9,Collin Morikawa,16.67,6,1
9,Jon Rahm,16.67,6,1
12,Abraham Ancer,14.29,7,1
12,Garrick Higgo,14.29,7,1
12,Phil Mickelson,14.29,7,1
15,Kevin Kisner,12.50,8,1
15,K.H. Lee,12.50,8,1
15,Marc Leishman,12.50,8,1
15,Hideki Matsuyama,12.50,8,1
19,Patrick Cantlay,11.11,9,1
19,Lucas Glover,11.11,9,1
21,Si Woo Kim,10.00,10,1
21,Seamus Power,10.00,10,1
21,Justin Thomas,10.00,10,1
24,Daniel Berger,.00,7,0
24,Sam Burns,.00,5,0
24,Stewart Cink,.00,3,0
24,Joel Dahmen,.00,3,0
24,Cam Davis,.00,4,0
24,Talor Gooch,.00,3,0
24,Lucas Herbert,.00,5,0
24,Viktor Hovland,.00,9,0
24,Sungjae Im,.00,7,0
24,Brooks Koepka,.00,5,0
24,Jason Kokrak,.00,8,0
24,Kevin Na,.00,6,0
24,Patrick Reed,.00,7,0
24,Jordan Spieth,.00,6,0
24,Erik van Rooyen,.00,8,0
