rank,player,% Made,Attempts,Putts Made
1,Patrick Reed,2.86,7,2
2,Gary Woodland,1.54,13,2
3,Cameron Champ,1.00,10,1
3,Chez Reavie,1.00,10,1
5,Kevin Kisner,.91,11,1
6,Graeme McDowell,.83,12,1
6,J.T. Poston,.83,12,1
8,Lanto Griffin,.67,15,1
8,J.B. Holmes,.67,15,1
8,Max Homa,.67,15,1
11,Patrick Cantlay,.56,18,1
12,Dustin Johnson,.53,19,1
13,Paul Casey,.00,14,-
13,Corey Conners,.00,14,-
13,Tyler Duncan,.00,18,-
13,Rickie Fowler,.00,12,-
13,Dylan Frittelli,.00,12,-
13,Jim Herman,.00,17,-
13,Sung Kang,.00,14,-
13,Matt Kuchar,.00,18,-
13,Nate Lashley,.00,13,-
13,Adam Long,.00,11,-
13,Keith Mitchell,.00,11,-
13,Collin Morikawa,.00,10,-
13,Sebastián Muñoz,.00,11,-
13,Kevin Na,.00,8,-
13,Joaquin Niemann,.00,11,-
13,Ryan Palmer,.00,15,-
13,Jon Rahm,.00,15,-
13,Xander Schauffele,.00,13,-
13,Justin Thomas,.00,9,-
13,Brendon Todd,.00,14,-
13,Martin Trainer,.00,17,-
13,Matthew Wolff,.00,8,-
