rank,player,%,Attempts,Putts made
1,Patrick Reed,21.43,14,3
2,Gary Woodland,15.00,20,3
3,J.B. Holmes,10.53,19,2
4,Dustin Johnson,10.34,29,3
5,Patrick Cantlay,9.52,21,2
6,Joaquin Niemann,9.09,22,2
7,Lanto Griffin,8.70,23,2
8,Matt Kuchar,7.41,27,2
9,Kevin Kisner,6.25,16,1
9,Collin Morikawa,6.25,16,1
9,Justin Thomas,6.25,16,1
12,Sebastián Muñoz,5.56,18,1
13,Adam Long,5.26,19,1
13,Graeme McDowell,5.26,19,1
13,Ryan Palmer,5.26,19,1
13,J.T. Poston,5.26,19,1
17,Cameron Champ,5.00,20,1
17,Chez Reavie,5.00,20,1
19,Max Homa,3.70,27,1
20,Paul Casey,.00,21,-
20,Corey Conners,.00,26,-
20,Tyler Duncan,.00,24,-
20,Rickie Fowler,.00,18,-
20,Dylan Frittelli,.00,29,-
20,Jim Herman,.00,25,-
20,Sung Kang,.00,22,-
20,Nate Lashley,.00,19,-
20,Keith Mitchell,.00,15,-
20,Kevin Na,.00,14,-
20,Jon Rahm,.00,26,-
20,Xander Schauffele,.00,20,-
20,Brendon Todd,.00,19,-
20,Martin Trainer,.00,20,-
20,Matthew Wolff,.00,18,-
