rank,player,% Made,Attempts,Putts Made
1,J.B. Holmes,5.00,2,1
1,Ryan Palmer,5.00,2,1
3,Matt Kuchar,3.33,6,2
3,Sebastián Muñoz,3.33,3,1
3,Gary Woodland,3.33,3,1
6,Dustin Johnson,2.50,4,1
6,Patrick Reed,2.50,4,1
8,Adam Long,2.00,5,1
8,Justin Thomas,2.00,5,1
10,Lanto Griffin,1.67,6,1
11,Patrick Cantlay,.00,2,-
11,Paul Casey,.00,4,-
11,Cameron Champ,.00,3,-
11,Corey Conners,.00,7,-
11,Tyler Duncan,.00,3,-
11,Rickie Fowler,.00,4,-
11,Dylan Frittelli,.00,10,-
11,Jim Herman,.00,5,-
11,Max Homa,.00,8,-
11,Sung Kang,.00,5,-
11,Kevin Kisner,.00,3,-
11,Nate Lashley,.00,2,-
11,Graeme McDowell,.00,4,-
11,Keith Mitchell,.00,2,-
11,Collin Morikawa,.00,3,-
11,Kevin Na,.00,1,-
11,Joaquin Niemann,.00,4,-
11,J.T. Poston,.00,6,-
11,Jon Rahm,.00,7,-
11,Chez Reavie,.00,3,-
11,Xander Schauffele,.00,5,-
11,Brendon Todd,.00,4,-
11,Martin Trainer,.00,1,-
11,Matthew Wolff,.00,7,-
