rank,player,% Made,Attempts,Putts Made
1,Patrick Cantlay,10.00,1,1
2,Collin Morikawa,3.33,3,1
3,Joaquin Niemann,2.86,7,2
4,Dustin Johnson,1.67,6,1
5,Paul Casey,.00,3,-
5,Cameron Champ,.00,7,-
5,Corey Conners,.00,5,-
5,Tyler Duncan,.00,3,-
5,Rickie Fowler,.00,2,-
5,Dylan Frittelli,.00,7,-
5,Lanto Griffin,.00,2,-
5,Jim Herman,.00,3,-
5,J.B. Holmes,.00,2,-
5,Max Homa,.00,4,-
5,Sung Kang,.00,3,-
5,Kevin Kisner,.00,2,-
5,Matt Kuchar,.00,3,-
5,Nate Lashley,.00,4,-
5,Adam Long,.00,3,-
5,Graeme McDowell,.00,3,-
5,Keith Mitchell,.00,2,-
5,Sebastián Muñoz,.00,4,-
5,Kevin Na,.00,5,-
5,Ryan Palmer,.00,2,-
5,J.T. Poston,.00,1,-
5,Jon Rahm,.00,4,-
5,Chez Reavie,.00,7,-
5,Patrick Reed,.00,3,-
5,Xander Schauffele,.00,2,-
5,Justin Thomas,.00,2,-
5,Brendon Todd,.00,1,-
5,Martin Trainer,.00,2,-
5,Matthew Wolff,.00,3,-
5,Gary Woodland,.00,4,-
