rank,player,%,Attempts,Putts made
1,Dylan Frittelli,60.00,5,3
1,Dustin Johnson,60.00,5,3
3,Ryan Palmer,50.00,4,2
3,Matthew Wolff,50.00,4,2
5,Patrick Cantlay,40.00,5,2
5,Corey Conners,40.00,5,2
5,J.B. Holmes,40.00,5,2
5,J.T. Poston,40.00,10,4
9,Paul Casey,33.33,3,1
9,Sebastián Muñoz,33.33,3,1
11,Matt Kuchar,28.57,7,2
11,Adam Long,28.57,7,2
13,Sung Kang,25.00,4,1
13,Graeme McDowell,25.00,8,2
13,Patrick Reed,25.00,4,1
16,Nate Lashley,20.00,5,1
17,Justin Thomas,18.18,11,2
18,Kevin Na,16.67,6,1
19,Cameron Champ,14.29,7,1
19,Jim Herman,14.29,7,1
19,Kevin Kisner,14.29,7,1
19,Keith Mitchell,14.29,7,1
19,Brendon Todd,14.29,7,1
24,Max Homa,12.50,8,1
24,Martin Trainer,12.50,8,1
26,Gary Woodland,10.00,10,1
27,Tyler Duncan,.00,4,-
27,Rickie Fowler,.00,5,-
27,Lanto Griffin,.00,4,-
27,Collin Morikawa,.00,7,-
27,Joaquin Niemann,.00,8,-
27,Jon Rahm,.00,8,-
27,Chez Reavie,.00,2,-
27,Xander Schauffele,.00,5,-
