rank,player,%,Attempts,Putts made
1,Patrick Reed,80.00,5,4
2,Joaquin Niemann,66.67,6,4
3,Cameron Champ,40.00,5,2
3,Kevin Kisner,40.00,5,2
3,J.T. Poston,40.00,5,2
3,Justin Thomas,40.00,5,2
7,Sebastián Muñoz,36.36,11,4
8,J.B. Holmes,33.33,3,1
9,Dustin Johnson,28.57,7,2
9,Collin Morikawa,28.57,7,2
11,Paul Casey,27.27,11,3
12,Rickie Fowler,25.00,4,1
12,Dylan Frittelli,25.00,4,1
12,Sung Kang,25.00,4,1
12,Matt Kuchar,25.00,8,2
12,Graeme McDowell,25.00,4,1
12,Chez Reavie,25.00,8,2
12,Xander Schauffele,25.00,16,4
19,Nate Lashley,22.22,9,2
20,Patrick Cantlay,20.00,10,2
20,Tyler Duncan,20.00,5,1
20,Lanto Griffin,20.00,10,2
20,Jim Herman,20.00,5,1
20,Kevin Na,20.00,10,2
20,Gary Woodland,20.00,5,1
26,Keith Mitchell,16.67,6,1
27,Corey Conners,15.38,13,2
28,Adam Long,14.29,7,1
28,Ryan Palmer,14.29,7,1
28,Brendon Todd,14.29,7,1
31,Max Homa,.00,6,-
31,Jon Rahm,.00,3,-
31,Martin Trainer,.00,1,-
31,Matthew Wolff,.00,6,-
