rank,player,Total 3 putts > 25',Total 3 Putts
1,Eric Axley,9,10
2,Chad Campbell,8,8
3,Chris Couch,7,8
3,Jeff Maggert,7,8
5,J.J. Henry,6,6
5,J.B. Holmes,6,6
5,Geoff Ogilvy,6,6
5,Rod Pampling,6,6
5,Carl Pettersson,6,7
10,Jim Furyk,5,5
10,Davis Love III,5,5
10,Corey Pavin,5,7
10,John Rollins,5,5
10,D.J. Trahan,5,6
10,Kirk Triplett,5,5
16,Stephen Ames,4,4
16,Luke Donald,4,5
16,Joe Durant,4,5
16,Trevor Immelman,4,6
16,Will MacKenzie,4,5
16,Troy Matteson,4,5
16,Adam Scott,4,5
16,John Senden,4,5
16,David Toms,4,4
16,Brett Wetterich,4,4
16,Dean Wilson,4,5
27,Aaron Baddeley,3,3
27,Ben Curtis,3,5
27,Tim Herron,3,4
27,Vijay Singh,3,3
31,K.J. Choi,2,4
32,Stuart Appleby,1,1
