rank,player,%,Total 3 Putts,Attempts,2 Putt or Better %
1,Stephen Ames,.00,0,10,100.0
1,Stuart Appleby,.00,0,7,100.0
1,Eric Axley,.00,0,4,100.0
1,Aaron Baddeley,.00,0,8,100.0
1,Chad Campbell,.00,0,4,100.0
1,Ben Curtis,.00,0,4,100.0
1,Joe Durant,.00,0,9,100.0
1,Jim Furyk,.00,0,3,100.0
1,J.J. Henry,.00,0,3,100.0
1,Tim Herron,.00,0,7,100.0
1,J.B. Holmes,.00,0,5,100.0
1,Davis Love III,.00,0,5,100.0
1,Jeff Maggert,.00,0,8,100.0
1,Troy Matteson,.00,0,5,100.0
1,Geoff Ogilvy,.00,0,7,100.0
1,Rod Pampling,.00,0,6,100.0
1,Carl Pettersson,.00,0,6,100.0
1,John Rollins,.00,0,4,100.0
1,Rory Sabbatini,.00,0,3,100.0
1,John Senden,.00,0,5,100.0
1,Vijay Singh,.00,0,3,100.0
1,David Toms,.00,0,8,100.0
1,D.J. Trahan,.00,0,4,100.0
1,Kirk Triplett,.00,0,10,100.0
1,Brett Wetterich,.00,0,7,100.0
1,Dean Wilson,.00,0,6,100.0
27,Luke Donald,12.50,1,8,87.5
28,Adam Scott,16.67,1,6,83.3
29,Will MacKenzie,20.00,1,5,80.0
29,Corey Pavin,20.00,1,5,80.0
31,K.J. Choi,25.00,2,8,75.0
32,Trevor Immelman,33.33,1,3,66.6
33,Chris Couch,50.00,1,2,50.0
