rank,player,%,Total 3 Putts,Total Holes
1,K.J. Choi,5.56,1,18
1,Ben Curtis,5.56,1,18
1,Jim Furyk,5.56,1,18
1,Davis Love III,5.56,1,18
1,Geoff Ogilvy,5.56,1,18
1,Rod Pampling,5.56,1,18
1,Carl Pettersson,5.56,1,18
1,John Rollins,5.56,1,18
1,David Toms,5.56,1,18
1,D.J. Trahan,5.56,1,18
11,Stephen Ames,11.11,2,18
11,Chad Campbell,11.11,2,18
11,Luke Donald,11.11,2,18
11,Joe Durant,11.11,2,18
11,Tim Herron,11.11,2,18
11,J.B. Holmes,11.11,2,18
11,Trevor Immelman,11.11,2,18
11,Will MacKenzie,11.11,2,18
11,Troy Matteson,11.11,2,18
11,Corey Pavin,11.11,2,18
11,Kirk Triplett,11.11,2,18
11,Brett Wetterich,11.11,2,18
23,Chris Couch,16.67,3,18
23,John Senden,16.67,3,18
25,Eric Axley,22.22,4,18
