rank,player,%,Total 3 Putts,Attempts,2 Putt or Better %
1,Rory Sabbatini,.00,0,14,100.0
2,Stuart Appleby,6.25,1,16,93.7
3,K.J. Choi,9.09,2,22,90.9
4,Tim Herron,10.71,3,28,89.2
5,Dean Wilson,12.12,4,33,87.8
6,Joe Durant,13.79,4,29,86.2
7,Jim Furyk,14.71,5,34,85.2
8,Trevor Immelman,14.81,4,27,85.1
9,Adam Scott,15.38,4,26,84.6
10,John Senden,16.67,4,24,83.3
11,Ben Curtis,17.65,3,17,82.3
11,Vijay Singh,17.65,3,17,82.3
13,Luke Donald,18.18,4,22,81.8
14,Aaron Baddeley,18.75,3,16,81.2
14,Rod Pampling,18.75,6,32,81.2
16,Will MacKenzie,19.05,4,21,80.9
16,Troy Matteson,19.05,4,21,80.9
16,David Toms,19.05,4,21,80.9
19,Davis Love III,19.23,5,26,80.7
20,Brett Wetterich,20.00,4,20,80.0
21,J.J. Henry,20.69,6,29,79.3
22,D.J. Trahan,20.83,5,24,79.1
23,J.B. Holmes,21.43,6,28,78.5
24,Corey Pavin,21.74,5,23,78.2
25,Stephen Ames,22.22,4,18,77.7
25,Carl Pettersson,22.22,6,27,77.7
27,John Rollins,22.73,5,22,77.2
28,Kirk Triplett,23.81,5,21,76.1
29,Geoff Ogilvy,24.00,6,25,76.0
30,Chris Couch,26.92,7,26,73.0
31,Jeff Maggert,29.17,7,24,70.8
32,Chad Campbell,32.00,8,25,68.0
33,Eric Axley,39.13,9,23,60.8
