rank,player,%,Total 3 Putts,Total Holes
1,Aaron Baddeley,5.56,1,18
1,K.J. Choi,5.56,1,18
1,Luke Donald,5.56,1,18
1,Tim Herron,5.56,1,18
1,Trevor Immelman,5.56,1,18
1,Will MacKenzie,5.56,1,18
1,Rod Pampling,5.56,1,18
1,Corey Pavin,5.56,1,18
1,Kirk Triplett,5.56,1,18
1,Brett Wetterich,5.56,1,18
11,Chad Campbell,11.11,2,18
11,Ben Curtis,11.11,2,18
11,Joe Durant,11.11,2,18
11,J.J. Henry,11.11,2,18
11,Troy Matteson,11.11,2,18
11,Adam Scott,11.11,2,18
11,Vijay Singh,11.11,2,18
11,David Toms,11.11,2,18
11,D.J. Trahan,11.11,2,18
20,Jeff Maggert,16.67,3,18
20,Carl Pettersson,16.67,3,18
20,John Rollins,16.67,3,18
23,Chris Couch,22.22,4,18
23,Geoff Ogilvy,22.22,4,18
23,Dean Wilson,22.22,4,18
