rank,player,%,Total 3 Putts,Attempts,2 Putt or Better %
1,Stephen Ames,.00,0,12,100.0
1,Stuart Appleby,.00,0,9,100.0
1,Eric Axley,.00,0,9,100.0
1,Aaron Baddeley,.00,0,10,100.0
1,Chad Campbell,.00,0,15,100.0
1,K.J. Choi,.00,0,8,100.0
1,Chris Couch,.00,0,14,100.0
1,Ben Curtis,.00,0,16,100.0
1,Luke Donald,.00,0,12,100.0
1,Joe Durant,.00,0,7,100.0
1,Jim Furyk,.00,0,10,100.0
1,J.J. Henry,.00,0,11,100.0
1,J.B. Holmes,.00,0,9,100.0
1,Trevor Immelman,.00,0,8,100.0
1,Davis Love III,.00,0,12,100.0
1,Will MacKenzie,.00,0,8,100.0
1,Jeff Maggert,.00,0,14,100.0
1,Troy Matteson,.00,0,11,100.0
1,Geoff Ogilvy,.00,0,10,100.0
1,Rod Pampling,.00,0,10,100.0
1,Corey Pavin,.00,0,16,100.0
1,Carl Pettersson,.00,0,9,100.0
1,John Rollins,.00,0,13,100.0
1,Rory Sabbatini,.00,0,13,100.0
1,Adam Scott,.00,0,12,100.0
1,John Senden,.00,0,15,100.0
1,Vijay Singh,.00,0,14,100.0
1,David Toms,.00,0,9,100.0
1,Kirk Triplett,.00,0,13,100.0
1,Brett Wetterich,.00,0,10,100.0
31,D.J. Trahan,6.67,1,15,93.3
32,Dean Wilson,9.09,1,11,90.9
33,Tim Herron,16.67,1,6,83.3
