rank,player,Total,Total (for all distances),Pct of all 1-putts
1,Xander Schauffele,21,33,63.6
2,Brendan Steele,20,22,90.9
3,Dustin Johnson,18,30,60.0
4,Wesley Bryan,17,32,53.1
4,Si Woo Kim,17,29,58.6
4,Jon Rahm,17,29,58.6
4,Justin Thomas,17,23,73.9
8,Kevin Chappell,16,30,53.3
8,Chris Stroud,16,36,44.4
10,Brian Harman,15,28,53.6
10,Russell Henley,15,26,57.7
12,Rickie Fowler,14,28,50.0
13,Bryson DeChambeau,13,22,59.1
13,Hideki Matsuyama,13,26,50.0
13,Pat Perez,13,29,44.8
13,Hudson Swafford,13,19,68.4
13,Jhonattan Vegas,13,27,48.1
18,Daniel Berger,12,25,48.0
18,Austin Cook,12,24,50.0
18,Jason Dufner,12,28,42.9
18,Adam Hadwin,12,22,54.5
18,Billy Horschel,12,22,54.5
18,Marc Leishman,12,27,44.4
18,Grayson Murray,12,26,46.2
18,D.A. Points,12,24,50.0
18,Cameron Smith,12,24,50.0
18,Jordan Spieth,12,20,60.0
28,Jonas Blixt,11,29,37.9
28,Kevin Kisner,11,27,40.7
30,Patrick Cantlay,10,23,43.5
30,Patton Kizzire,10,21,47.6
30,Brooks Koepka,10,19,52.6
33,Ryan Armour,9,24,37.5
33,Kyle Stanley,9,19,47.4
