rank,player,Total,Total (for all distances),Pct of all 1-putts
1,Bryson DeChambeau,2,22,9.1
1,Jason Dufner,2,28,7.1
1,Adam Hadwin,2,22,9.1
1,Hideki Matsuyama,2,26,7.7
1,Pat Perez,2,29,6.9
1,Xander Schauffele,2,33,6.1
1,Chris Stroud,2,36,5.6
8,Ryan Armour,1,24,4.2
8,Daniel Berger,1,25,4.0
8,Jonas Blixt,1,29,3.4
8,Wesley Bryan,1,32,3.1
8,Brian Harman,1,28,3.6
8,Russell Henley,1,26,3.8
8,Grayson Murray,1,26,3.8
8,D.A. Points,1,24,4.2
8,Cameron Smith,1,24,4.2
8,Hudson Swafford,1,19,5.3
8,Justin Thomas,1,23,4.3
