rank,player,%,# of 1 putts,# of holes
1,Grayson Murray,61.11,11,18
2,Cameron Smith,55.56,10,18
3,Si Woo Kim,50.00,9,18
4,Kevin Chappell,44.44,8,18
4,Bryson DeChambeau,44.44,8,18
4,Adam Hadwin,44.44,8,18
4,Pat Perez,44.44,8,18
4,Xander Schauffele,44.44,8,18
4,Chris Stroud,44.44,8,18
10,Daniel Berger,38.89,7,18
10,Brian Harman,38.89,7,18
10,Billy Horschel,38.89,7,18
10,Kevin Kisner,38.89,7,18
10,Hideki Matsuyama,38.89,7,18
10,D.A. Points,38.89,7,18
10,Jon Rahm,38.89,7,18
17,Ryan Armour,33.33,6,18
17,Jonas Blixt,33.33,6,18
17,Wesley Bryan,33.33,6,18
17,Patrick Cantlay,33.33,6,18
17,Austin Cook,33.33,6,18
17,Jason Dufner,33.33,6,18
17,Russell Henley,33.33,6,18
17,Patton Kizzire,33.33,6,18
17,Jhonattan Vegas,33.33,6,18
26,Rickie Fowler,27.78,5,18
26,Jordan Spieth,27.78,5,18
28,Dustin Johnson,22.22,4,18
28,Kyle Stanley,22.22,4,18
28,Justin Thomas,22.22,4,18
31,Brendan Steele,16.67,3,18
32,Brooks Koepka,11.11,2,18
32,Marc Leishman,11.11,2,18
32,Hudson Swafford,11.11,2,18
