rank,player,Total,Total (for all distances),Pct of all 1-putts
1,Kevin Chappell,13,30,43.3
2,Jonas Blixt,12,29,41.4
2,Kevin Kisner,12,27,44.4
4,Ryan Armour,11,24,45.8
5,Daniel Berger,10,25,40.0
6,Dustin Johnson,9,30,30.0
6,Marc Leishman,9,27,33.3
6,Grayson Murray,9,26,34.6
6,D.A. Points,9,24,37.5
6,Chris Stroud,9,36,25.0
6,Jhonattan Vegas,9,27,33.3
12,Wesley Bryan,8,32,25.0
12,Brian Harman,8,28,28.6
12,Patton Kizzire,8,21,38.1
12,Xander Schauffele,8,33,24.2
12,Kyle Stanley,8,19,42.1
17,Rickie Fowler,7,28,25.0
17,Billy Horschel,7,22,31.8
17,Si Woo Kim,7,29,24.1
17,Brooks Koepka,7,19,36.8
17,Hideki Matsuyama,7,26,26.9
17,Jon Rahm,7,29,24.1
23,Patrick Cantlay,6,23,26.1
23,Austin Cook,6,24,25.0
25,Jason Dufner,5,28,17.9
25,Russell Henley,5,26,19.2
25,Pat Perez,5,29,17.2
25,Cameron Smith,5,24,20.8
29,Hudson Swafford,4,19,21.1
30,Bryson DeChambeau,3,22,13.6
30,Adam Hadwin,3,22,13.6
30,Jordan Spieth,3,20,15.0
33,Justin Thomas,2,23,8.7
34,Brendan Steele,1,22,4.5
