rank,player,%,# of 1 putts,# of holes
1,Xander Schauffele,55.56,10,18
2,Wesley Bryan,50.00,9,18
2,Kyle Stanley,50.00,9,18
4,Jason Dufner,44.44,8,18
4,Rickie Fowler,44.44,8,18
4,Brian Harman,44.44,8,18
4,Dustin Johnson,44.44,8,18
4,Marc Leishman,44.44,8,18
4,Jon Rahm,44.44,8,18
4,Chris Stroud,44.44,8,18
11,Daniel Berger,38.89,7,18
11,Kevin Chappell,38.89,7,18
11,Si Woo Kim,38.89,7,18
11,Patton Kizzire,38.89,7,18
11,Brendan Steele,38.89,7,18
11,Justin Thomas,38.89,7,18
17,Patrick Cantlay,33.33,6,18
17,Adam Hadwin,33.33,6,18
17,Kevin Kisner,33.33,6,18
17,Pat Perez,33.33,6,18
17,Jhonattan Vegas,33.33,6,18
22,Jonas Blixt,27.78,5,18
22,Austin Cook,27.78,5,18
22,Billy Horschel,27.78,5,18
22,Hudson Swafford,27.78,5,18
26,Ryan Armour,22.22,4,18
26,Hideki Matsuyama,22.22,4,18
26,D.A. Points,22.22,4,18
29,Bryson DeChambeau,16.67,3,18
29,Russell Henley,16.67,3,18
29,Brooks Koepka,16.67,3,18
29,Grayson Murray,16.67,3,18
29,Cameron Smith,16.67,3,18
29,Jordan Spieth,16.67,3,18
