rank,player,Total,Total (for all distances),Pct of all 1-putts
1,Jason Dufner,7,28,25.0
1,Chris Stroud,7,36,19.4
3,Pat Perez,6,29,20.7
4,Russell Henley,5,26,19.2
4,Jhonattan Vegas,5,27,18.5
6,Patrick Cantlay,4,23,17.4
6,Adam Hadwin,4,22,18.2
6,Si Woo Kim,4,29,13.8
6,Hideki Matsuyama,4,26,15.4
6,Grayson Murray,4,26,15.4
11,Jonas Blixt,3,29,10.3
11,Wesley Bryan,3,32,9.4
11,Bryson DeChambeau,3,22,13.6
11,Rickie Fowler,3,28,10.7
11,Brian Harman,3,28,10.7
11,Marc Leishman,3,27,11.1
11,Jon Rahm,3,29,10.3
11,Cameron Smith,3,24,12.5
11,Justin Thomas,3,23,13.0
20,Ryan Armour,2,24,8.3
20,Austin Cook,2,24,8.3
20,Billy Horschel,2,22,9.1
20,Dustin Johnson,2,30,6.7
20,Kevin Kisner,2,27,7.4
20,Brooks Koepka,2,19,10.5
20,D.A. Points,2,24,8.3
27,Daniel Berger,1,25,4.0
27,Kevin Chappell,1,30,3.3
27,Jordan Spieth,1,20,5.0
27,Kyle Stanley,1,19,5.3
27,Hudson Swafford,1,19,5.3
