rank,player,%,# of 1 putts,# of holes
1,Chris Stroud,50.00,36,72
2,Xander Schauffele,45.83,33,72
3,Wesley Bryan,44.44,32,72
4,Kevin Chappell,41.67,30,72
4,Dustin Johnson,41.67,30,72
6,Jonas Blixt,40.28,29,72
6,Si Woo Kim,40.28,29,72
6,Pat Perez,40.28,29,72
6,Jon Rahm,40.28,29,72
10,Jason Dufner,38.89,28,72
10,Rickie Fowler,38.89,28,72
10,Brian Harman,38.89,28,72
13,Kevin Kisner,37.50,27,72
13,Marc Leishman,37.50,27,72
13,Jhonattan Vegas,37.50,27,72
16,Russell Henley,36.11,26,72
16,Hideki Matsuyama,36.11,26,72
16,Grayson Murray,36.11,26,72
19,Daniel Berger,34.72,25,72
20,Ryan Armour,33.33,24,72
20,Austin Cook,33.33,24,72
20,D.A. Points,33.33,24,72
20,Cameron Smith,33.33,24,72
24,Patrick Cantlay,31.94,23,72
24,Justin Thomas,31.94,23,72
26,Bryson DeChambeau,30.56,22,72
26,Adam Hadwin,30.56,22,72
26,Billy Horschel,30.56,22,72
26,Brendan Steele,30.56,22,72
30,Patton Kizzire,29.17,21,72
31,Jordan Spieth,27.78,20,72
32,Brooks Koepka,26.39,19,72
32,Kyle Stanley,26.39,19,72
32,Hudson Swafford,26.39,19,72
