rank,player,%,# of 1 putts,# of holes
1,Wesley Bryan,50.00,9,18
1,Marc Leishman,50.00,9,18
3,Kevin Chappell,44.44,8,18
3,Russell Henley,44.44,8,18
3,Dustin Johnson,44.44,8,18
3,Kevin Kisner,44.44,8,18
3,Hideki Matsuyama,44.44,8,18
3,Grayson Murray,44.44,8,18
3,D.A. Points,44.44,8,18
3,Jon Rahm,44.44,8,18
3,Chris Stroud,44.44,8,18
12,Jonas Blixt,38.89,7,18
12,Rickie Fowler,38.89,7,18
12,Pat Perez,38.89,7,18
12,Jhonattan Vegas,38.89,7,18
16,Ryan Armour,33.33,6,18
16,Austin Cook,33.33,6,18
16,Bryson DeChambeau,33.33,6,18
16,Si Woo Kim,33.33,6,18
16,Brooks Koepka,33.33,6,18
16,Hudson Swafford,33.33,6,18
16,Justin Thomas,33.33,6,18
23,Patrick Cantlay,27.78,5,18
23,Brian Harman,27.78,5,18
23,Xander Schauffele,27.78,5,18
23,Kyle Stanley,27.78,5,18
27,Daniel Berger,22.22,4,18
27,Patton Kizzire,22.22,4,18
27,Jordan Spieth,22.22,4,18
27,Brendan Steele,22.22,4,18
31,Jason Dufner,16.67,3,18
31,Billy Horschel,16.67,3,18
31,Cameron Smith,16.67,3,18
34,Adam Hadwin,11.11,2,18
