rank,player,%,# of 1 putts,# of holes
1,Chris Stroud,66.67,12,18
2,Jonas Blixt,61.11,11,18
2,Jason Dufner,61.11,11,18
4,Dustin Johnson,55.56,10,18
4,Xander Schauffele,55.56,10,18
6,Russell Henley,50.00,9,18
7,Ryan Armour,44.44,8,18
7,Wesley Bryan,44.44,8,18
7,Rickie Fowler,44.44,8,18
7,Brian Harman,44.44,8,18
7,Brooks Koepka,44.44,8,18
7,Marc Leishman,44.44,8,18
7,Pat Perez,44.44,8,18
7,Cameron Smith,44.44,8,18
7,Jordan Spieth,44.44,8,18
7,Brendan Steele,44.44,8,18
7,Jhonattan Vegas,44.44,8,18
18,Daniel Berger,38.89,7,18
18,Kevin Chappell,38.89,7,18
18,Austin Cook,38.89,7,18
18,Billy Horschel,38.89,7,18
18,Si Woo Kim,38.89,7,18
18,Hideki Matsuyama,38.89,7,18
24,Patrick Cantlay,33.33,6,18
24,Adam Hadwin,33.33,6,18
24,Kevin Kisner,33.33,6,18
24,Jon Rahm,33.33,6,18
24,Hudson Swafford,33.33,6,18
24,Justin Thomas,33.33,6,18
30,Bryson DeChambeau,27.78,5,18
30,D.A. Points,27.78,5,18
32,Patton Kizzire,22.22,4,18
32,Grayson Murray,22.22,4,18
34,Kyle Stanley,5.56,1,18
