rank,player,Distance,Year/Tourn#,Round,Hole
1,Wesley Bryan,"68' 8""",Sentry T of C,3,4 - Par 4 -
2,Chris Stroud,"48' 11""",Sentry T of C,1,4 - Par 4 -
3,Russell Henley,"46' 8""",Sentry T of C,1,13 - Par 4
4,Xander Schauffele,"42' 9""",Sentry T of C,3,16 - Par 4
5,Adam Hadwin,"41' 9""",Sentry T of C,4,10 - Par 4
6,D.A. Points,"41' 4""",Sentry T of C,4,3 - Par 4 -
7,Pat Perez,"40' 7""",Sentry T of C,2,11 - Par 3
8,Justin Thomas,"39' 5""",Sentry T of C,2,1 - Par 4 -
9,Bryson DeChambeau,"38' 0""",Sentry T of C,3,13 - Par 4
10,Hideki Matsuyama,"36' 7""",Sentry T of C,2,17 - Par 4
11,Brian Harman,"36' 2""",Sentry T of C,2,1 - Par 4 -
12,Jason Dufner,"33' 10""",Sentry T of C,1,11 - Par 3
13,Cameron Smith,"32' 3""",Sentry T of C,3,11 - Par 3
14,Daniel Berger,"31' 5""",Sentry T of C,2,3 - Par 4 -
15,Ryan Armour,"30' 10""",Sentry T of C,2,11 - Par 3
16,Grayson Murray,"29' 0""",Sentry T of C,4,5 - Par 5 -
17,Hudson Swafford,"25' 11""",Sentry T of C,2,3 - Par 4 -
18,Jonas Blixt,"25' 9""",Sentry T of C,2,3 - Par 4 -
19,Patrick Cantlay,"24' 10""",Sentry T of C,4,12 - Par 4
20,Austin Cook,"23' 10""",Sentry T of C,3,3 - Par 4 -
21,Patton Kizzire,"23' 6""",Sentry T of C,3,5 - Par 5 -
22,Jon Rahm,"23' 6""",Sentry T of C,1,9 - Par 5 -
23,Kevin Kisner,"23' 1""",Sentry T of C,4,11 - Par 3
24,Jordan Spieth,"22' 3""",Sentry T of C,3,3 - Par 4 -
25,Rickie Fowler,"21' 10""",Sentry T of C,1,18 - Par 5
26,Marc Leishman,"19' 2""",Sentry T of C,1,17 - Par 4
27,Kyle Stanley,"18' 3""",Sentry T of C,4,7 - Par 4 -
28,Si Woo Kim,"16' 6""",Sentry T of C,2,15 - Par 5
29,Brendan Steele,"16' 5""",Sentry T of C,1,16 - Par 4
30,Billy Horschel,"16' 4""",Sentry T of C,4,11 - Par 3
31,Dustin Johnson,"15' 5""",Sentry T of C,1,5 - Par 5 -
32,Brooks Koepka,"14' 6""",Sentry T of C,1,15 - Par 5
33,Jhonattan Vegas,"14' 5""",Sentry T of C,2,5 - Par 5 -
34,Kevin Chappell,"10' 4""",Sentry T of C,3,18 - Par 5
