rank,player,Avg RTP
1,Craig Bowden,-1.000
1,Shaun Micheel,-1.000
3,Paul Azinger,-.667
3,Corey Pavin,-.667
5,Harrison Frazar,-.500
5,Richard Johnson,-.500
5,Pat Perez,-.500
5,Loren Roberts,-.500
9,Aaron Baddeley,-.400
10,John Riegger,-.333
11,Danny Briggs,-.250
11,Jonathan Byrd,-.250
11,Ernie Els,-.250
11,Duffy Waldorf,-.250
15,John Huston,-.200
16,Michael Allen,E
16,Stephen Ames,E
16,Tommy Armour III,E
16,Arjun Atwal,E
16,Woody Austin,E
16,Pat Bates,E
16,Cameron Beckman,E
16,Jason Bohn,E
16,D.J. Brigman,E
16,Bart Bryant,E
16,Tom Carter,E
16,Russ Cochran,E
16,Ben Crane,E
16,Ken Duke,E
16,Joe Durant,E
16,Fred Funk,E
16,Retief Goosen,E
16,David Ishii,E
16,Bobby Kalinowski,E
16,Jerry Kelly,E
16,Brad Lardon,E
16,Frank Lickliter II,E
16,Davis Love III,E
16,Shigeki Maruyama,E
16,Kevin Na,E
16,Joe Ogilvie,E
16,Brenden Pappas,E
16,Jesper Parnevik,E
16,Chris Riley,E
16,John Senden,E
16,Scott Simpson,E
16,Hidemichi Tanaka,E
16,Omar Uresti,E
49,Steve Allan,+.200
49,Todd Fischer,+.200
49,Robert Gamez,+.200
52,Brian Gay,+.250
52,Jonathan Kaye,+.250
52,Hideto Tanihara,+.250
55,Charles Howell III,+.333
56,Tim Herron,+.400
56,Rod Pampling,+.400
58,Bob Burns,+.500
58,Luke Donald,+.500
58,Carlos Franco,+.500
58,Lucas Glover,+.500
58,Kenichi Kuboya,+.500
58,Ryan Palmer,+.500
58,Vijay Singh,+.500
58,Tjaart van der Walt,+.500
66,Heath Slocum,+.667
67,John Maginnes,+.750
68,Andre Stolz,+.833
69,Brent Geiberger,+1.000
69,Ted Purdy,+1.000
71,Jeff Brehaut,+1.500
71,Olin Browne,+1.500
73,Briny Baird,+2.000
