rank,player,%,Total Birdies,Total Holes
1,Bo Van Pelt,50.00,8,16
2,Vijay Singh,41.18,7,17
3,Davis Love III,40.00,8,20
4,Brenden Pappas,38.46,5,13
5,Danny Briggs,35.29,6,17
5,Harrison Frazar,35.29,6,17
7,Tommy Armour III,33.33,5,15
7,Cameron Beckman,33.33,5,15
7,Ernie Els,33.33,7,21
7,Lucas Glover,33.33,5,15
7,John Maginnes,33.33,4,12
12,John Riegger,30.00,6,20
13,Michael Allen,28.57,4,14
14,David Ishii,27.78,5,18
15,Robert Gamez,26.32,5,19
16,Scott Simpson,25.00,4,16
16,Duffy Waldorf,25.00,4,16
18,Aaron Baddeley,23.53,4,17
18,John Huston,23.53,4,17
18,Joe Ogilvie,23.53,4,17
21,Jonathan Byrd,22.22,4,18
21,Rod Pampling,22.22,4,18
21,Jesper Parnevik,22.22,4,18
24,Tim Herron,21.43,3,14
24,Kenichi Kuboya,21.43,3,14
24,Kevin Na,21.43,3,14
27,Carlos Franco,21.05,4,19
27,Jonathan Kaye,21.05,4,19
29,Tom Carter,20.00,4,20
29,Heath Slocum,20.00,3,15
31,Steve Allan,18.75,3,16
31,Briny Baird,18.75,3,16
31,Craig Barlow,18.75,3,16
31,Charles Howell III,18.75,3,16
31,Bobby Kalinowski,18.75,3,16
36,Hidemichi Tanaka,18.18,2,11
37,Retief Goosen,17.65,3,17
37,Frank Lickliter II,17.65,3,17
37,Tjaart van der Walt,17.65,3,17
40,Omar Uresti,16.67,3,18
41,Russ Cochran,15.79,3,19
42,Mark Hensby,14.29,2,14
42,Jerry Kelly,14.29,2,14
42,Brad Lardon,14.29,2,14
45,Jason Bohn,13.33,2,15
45,Ken Duke,13.33,2,15
45,Ted Purdy,13.33,2,15
45,Chris Riley,13.33,2,15
49,Stephen Ames,12.50,2,16
49,Fred Funk,12.50,2,16
49,Shigeki Maruyama,12.50,2,16
49,Andre Stolz,12.50,3,24
49,Hideto Tanihara,12.50,2,16
54,Todd Fischer,11.76,2,17
54,Shaun Micheel,11.76,2,17
54,Pat Perez,11.76,2,17
57,Pat Bates,11.11,2,18
57,Olin Browne,11.11,2,18
57,Peter Jacobsen,11.11,2,18
57,Ryan Palmer,11.11,2,18
61,Brent Geiberger,10.53,2,19
61,Corey Pavin,10.53,2,19
63,Brian Gay,9.52,2,21
64,Paul Azinger,9.09,2,22
64,D.J. Brigman,9.09,2,22
64,John Senden,9.09,2,22
67,Jason Dufner,8.33,1,12
67,Tom Lehman,8.33,1,12
69,Woody Austin,7.14,1,14
69,Richard Johnson,7.14,1,14
71,Ben Crane,6.25,1,16
72,Jeff Brehaut,5.88,1,17
72,Bob Burns,5.88,1,17
74,Craig Bowden,5.56,1,18
74,Bart Bryant,5.56,1,18
74,Loren Roberts,5.56,1,18
77,Luke Donald,5.26,1,19
78,Arjun Atwal,.00,0,10
78,Joe Durant,.00,0,20
