rank,player,Avg RTP
1,Briny Baird,-.467
2,D.J. Brigman,-.455
2,Luke Donald,-.455
4,Stephen Ames,-.400
5,Bart Bryant,-.385
6,Tim Herron,-.375
7,Lucas Glover,-.333
7,John Huston,-.333
9,Cameron Beckman,-.308
9,Russ Cochran,-.308
11,Jesper Parnevik,-.273
12,Mark Hensby,-.250
12,John Riegger,-.250
14,Frank Lickliter II,-.231
14,Bo Van Pelt,-.231
16,Arjun Atwal,-.222
16,Paul Azinger,-.222
16,Craig Bowden,-.222
16,John Senden,-.222
20,Jason Bohn,-.214
21,Retief Goosen,-.200
21,Tom Lehman,-.200
21,Hideto Tanihara,-.200
24,Charles Howell III,-.188
25,Jason Dufner,-.182
25,Chris Riley,-.182
27,Steve Allan,-.167
28,Ben Crane,-.154
28,Ken Duke,-.154
28,Fred Funk,-.154
28,Brian Gay,-.154
32,Woody Austin,-.143
32,Pat Bates,-.143
32,Rod Pampling,-.143
32,Hidemichi Tanaka,-.143
36,Robert Gamez,-.125
37,Omar Uresti,-.111
38,Richard Johnson,-.105
39,Carlos Franco,-.100
39,Shaun Micheel,-.100
41,Craig Barlow,-.091
41,Bob Burns,-.091
41,Ernie Els,-.091
41,Bobby Kalinowski,-.091
45,Corey Pavin,-.083
45,Duffy Waldorf,-.083
47,Aaron Baddeley,-.077
47,Jonathan Kaye,-.077
49,Heath Slocum,-.071
50,Harrison Frazar,-.067
50,Shigeki Maruyama,-.067
52,Jerry Kelly,-.063
52,Ted Purdy,-.063
54,John Maginnes,-.059
54,Ryan Palmer,-.059
56,Olin Browne,E
56,Todd Fischer,E
56,Brent Geiberger,E
56,Peter Jacobsen,E
56,Kenichi Kuboya,E
56,Brad Lardon,E
56,Kevin Na,E
56,Brenden Pappas,E
56,Pat Perez,E
56,Loren Roberts,E
56,Scott Simpson,E
56,Andre Stolz,E
56,Tjaart van der Walt,E
69,David Ishii,+.077
70,Tommy Armour III,+.083
71,Jeff Brehaut,+.091
71,Joe Ogilvie,+.091
73,Michael Allen,+.111
74,Davis Love III,+.125
75,Joe Durant,+.133
76,Jonathan Byrd,+.143
77,Danny Briggs,+.154
78,Tom Carter,+.300
79,Vijay Singh,+.429
