rank,player,Avg RTP
1,Paul Azinger,-1.000
1,Craig Bowden,-1.000
1,Olin Browne,-1.000
1,Richard Johnson,-1.000
1,Pat Perez,-1.000
1,Duffy Waldorf,-1.000
7,Stephen Ames,-.667
7,Loren Roberts,-.667
9,Vijay Singh,-.625
10,Todd Fischer,-.500
10,Harrison Frazar,-.500
10,Retief Goosen,-.500
10,David Ishii,-.500
10,John Maginnes,-.500
10,Ted Purdy,-.500
10,Chris Riley,-.500
10,Omar Uresti,-.500
18,Tim Herron,-.429
19,Steve Allan,-.400
19,Ernie Els,-.400
21,D.J. Brigman,-.333
21,Carlos Franco,-.333
23,Brad Lardon,-.250
23,Davis Love III,-.250
23,Rod Pampling,-.250
23,Jesper Parnevik,-.250
23,John Riegger,-.250
28,Arjun Atwal,-.200
28,Craig Barlow,-.200
30,Michael Allen,E
30,Tommy Armour III,E
30,Aaron Baddeley,E
30,Pat Bates,E
30,Cameron Beckman,E
30,Danny Briggs,E
30,Bart Bryant,E
30,Bob Burns,E
30,Jonathan Byrd,E
30,Tom Carter,E
30,Luke Donald,E
30,Jason Dufner,E
30,Ken Duke,E
30,Robert Gamez,E
30,Brent Geiberger,E
30,Peter Jacobsen,E
30,Jonathan Kaye,E
30,Tom Lehman,E
30,Frank Lickliter II,E
30,Shigeki Maruyama,E
30,Shaun Micheel,E
30,Joe Ogilvie,E
30,Brenden Pappas,E
30,Corey Pavin,E
30,John Senden,E
30,Heath Slocum,E
30,Tjaart van der Walt,E
57,Woody Austin,+.333
57,Ben Crane,+.333
57,Kenichi Kuboya,+.333
57,Bo Van Pelt,+.333
61,Briny Baird,+.500
61,Jason Bohn,+.500
61,Fred Funk,+.500
61,Mark Hensby,+.500
61,John Huston,+.500
61,Bobby Kalinowski,+.500
61,Ryan Palmer,+.500
61,Scott Simpson,+.500
61,Hidemichi Tanaka,+.500
70,Jeff Brehaut,+1.000
70,Brian Gay,+1.000
70,Jerry Kelly,+1.000
70,Kevin Na,+1.000
