rank,player,%,Total Birdies,Total Holes
1,Harrison Frazar,45.45,5,11
2,Hidemichi Tanaka,40.00,2,5
3,John Riegger,37.50,3,8
3,Chris Riley,37.50,3,8
5,Briny Baird,33.33,2,6
5,Jerry Kelly,33.33,4,12
5,Vijay Singh,33.33,4,12
8,Aaron Baddeley,28.57,4,14
8,Craig Barlow,28.57,2,7
8,Jonathan Byrd,28.57,2,7
11,Tommy Armour III,25.00,1,4
11,Danny Briggs,25.00,2,8
11,Brenden Pappas,25.00,3,12
11,Ted Purdy,25.00,2,8
11,Omar Uresti,25.00,2,8
11,Duffy Waldorf,25.00,2,8
17,Shaun Micheel,23.53,4,17
18,Jason Bohn,20.00,2,10
18,Bart Bryant,20.00,2,10
18,Jonathan Kaye,20.00,2,10
18,Pat Perez,20.00,3,15
22,Ernie Els,18.75,3,16
23,D.J. Brigman,18.18,2,11
23,Brent Geiberger,18.18,2,11
23,Tim Herron,18.18,2,11
23,John Huston,18.18,2,11
23,David Ishii,18.18,2,11
28,Arjun Atwal,16.67,1,6
28,Russ Cochran,16.67,1,6
28,Fred Funk,16.67,1,6
31,Steve Allan,14.29,2,14
31,Craig Bowden,14.29,1,7
31,Jason Dufner,14.29,2,14
31,Richard Johnson,14.29,1,7
31,Brad Lardon,14.29,1,7
31,Loren Roberts,14.29,1,7
37,Bobby Kalinowski,13.33,2,15
38,Stephen Ames,12.50,1,8
38,Cameron Beckman,12.50,1,8
38,Retief Goosen,12.50,1,8
38,Jesper Parnevik,12.50,1,8
38,John Senden,12.50,1,8
38,Bo Van Pelt,12.50,1,8
44,Davis Love III,11.11,1,9
45,Shigeki Maruyama,10.00,1,10
45,Andre Stolz,10.00,1,10
47,Michael Allen,9.09,1,11
47,Paul Azinger,9.09,1,11
47,Ben Crane,9.09,1,11
47,Todd Fischer,9.09,1,11
47,Kevin Na,9.09,1,11
47,Corey Pavin,9.09,1,11
47,Scott Simpson,9.09,1,11
54,Brian Gay,8.33,1,12
55,Tom Carter,7.69,1,13
55,Ken Duke,7.69,1,13
55,Rod Pampling,7.69,1,13
58,Luke Donald,7.14,1,14
58,Robert Gamez,7.14,1,14
58,Hideto Tanihara,7.14,1,14
61,Woody Austin,.00,0,8
61,Pat Bates,.00,0,8
61,Jeff Brehaut,.00,0,4
61,Olin Browne,.00,0,5
61,Bob Burns,.00,0,7
61,Joe Durant,.00,0,4
61,Carlos Franco,.00,0,8
61,Lucas Glover,.00,0,15
61,Mark Hensby,.00,0,7
61,Charles Howell III,.00,0,7
61,Peter Jacobsen,.00,0,7
61,Kenichi Kuboya,.00,0,9
61,Tom Lehman,.00,0,9
61,Frank Lickliter II,.00,0,5
61,John Maginnes,.00,0,7
61,Joe Ogilvie,.00,0,8
61,Ryan Palmer,.00,0,6
61,Heath Slocum,.00,0,10
61,Tjaart van der Walt,.00,0,7
