rank,player,Avg RTP
1,Aaron Baddeley,-1.000
1,Ernie Els,-1.000
1,Robert Gamez,-1.000
1,David Ishii,-1.000
1,Corey Pavin,-1.000
1,Chris Riley,-1.000
7,Richard Johnson,-.500
7,Kevin Na,-.500
7,Omar Uresti,-.500
7,Duffy Waldorf,-.500
11,Michael Allen,E
11,Pat Bates,E
11,Cameron Beckman,E
11,Bart Bryant,E
11,Jonathan Byrd,E
11,Tom Carter,E
11,Joe Durant,E
11,Todd Fischer,E
11,Fred Funk,E
11,Brent Geiberger,E
11,Charles Howell III,E
11,John Huston,E
11,Bobby Kalinowski,E
11,Jonathan Kaye,E
11,Jerry Kelly,E
11,Kenichi Kuboya,E
11,Davis Love III,E
11,Shigeki Maruyama,E
11,John Riegger,E
11,Loren Roberts,E
11,John Senden,E
11,Scott Simpson,E
33,Tim Herron,+.250
34,Bob Burns,+.333
34,Brian Gay,+.333
34,Lucas Glover,+.333
34,John Maginnes,+.333
34,Hidemichi Tanaka,+.333
39,Danny Briggs,+.500
39,Andre Stolz,+.500
39,Tjaart van der Walt,+.500
42,Ken Duke,+.667
43,Steve Allan,+1.000
43,Luke Donald,+1.000
43,Carlos Franco,+1.000
43,Joe Ogilvie,+1.000
43,Rod Pampling,+1.000
43,Vijay Singh,+1.000
43,Heath Slocum,+1.000
43,Hideto Tanihara,+1.000
