rank,player,Avg RTP
1,Craig Bowden,-1.000
1,Danny Briggs,-1.000
1,Shaun Micheel,-1.000
1,Joe Ogilvie,-1.000
1,Loren Roberts,-1.000
6,Paul Azinger,-.667
7,Jonathan Byrd,-.500
7,Ken Duke,-.500
7,Harrison Frazar,-.500
7,Jonathan Kaye,-.500
7,Corey Pavin,-.500
7,Pat Perez,-.500
13,John Huston,-.333
14,Steve Allan,E
14,Michael Allen,E
14,Stephen Ames,E
14,Tommy Armour III,E
14,Arjun Atwal,E
14,Aaron Baddeley,E
14,Cameron Beckman,E
14,Jason Bohn,E
14,D.J. Brigman,E
14,Bart Bryant,E
14,Ben Crane,E
14,Joe Durant,E
14,Ernie Els,E
14,Carlos Franco,E
14,Brian Gay,E
14,Retief Goosen,E
14,Bobby Kalinowski,E
14,Jerry Kelly,E
14,Brad Lardon,E
14,Frank Lickliter II,E
14,Davis Love III,E
14,Shigeki Maruyama,E
14,Ryan Palmer,E
14,Brenden Pappas,E
14,Jesper Parnevik,E
14,John Riegger,E
14,Scott Simpson,E
14,Vijay Singh,E
14,Heath Slocum,E
14,Hidemichi Tanaka,E
14,Hideto Tanihara,E
14,Duffy Waldorf,E
46,Kevin Na,+.333
46,Rod Pampling,+.333
46,Chris Riley,+.333
49,Todd Fischer,+.500
49,Robert Gamez,+.500
49,Brent Geiberger,+.500
49,Charles Howell III,+.500
49,David Ishii,+.500
54,Lucas Glover,+1.000
54,Tim Herron,+1.000
54,Kenichi Kuboya,+1.000
54,Ted Purdy,+1.000
54,Andre Stolz,+1.000
54,Omar Uresti,+1.000
60,Jeff Brehaut,+1.500
60,Olin Browne,+1.500
62,Briny Baird,+2.000
62,John Maginnes,+2.000
