rank,player,%,Total Birdies,Total Holes
1,Richard Johnson,57.14,4,7
2,Loren Roberts,55.56,5,9
3,Vijay Singh,53.33,8,15
4,Paul Azinger,50.00,5,10
5,Ernie Els,46.15,6,13
6,Corey Pavin,44.44,4,9
7,Craig Bowden,42.86,3,7
7,Shaun Micheel,42.86,3,7
9,Ken Duke,38.46,5,13
10,Harrison Frazar,37.50,3,8
11,Chris Riley,36.36,4,11
12,Duffy Waldorf,35.71,5,14
13,Stephen Ames,33.33,3,9
13,Jonathan Kaye,33.33,4,12
13,Jerry Kelly,33.33,2,6
13,Pat Perez,33.33,3,9
13,Andre Stolz,33.33,3,9
18,Bob Burns,30.77,4,13
19,Steve Allan,30.00,3,10
19,Arjun Atwal,30.00,3,10
19,Retief Goosen,30.00,3,10
22,Olin Browne,28.57,2,7
23,Robert Gamez,27.27,3,11
23,Bobby Kalinowski,27.27,3,11
23,John Maginnes,27.27,3,11
23,Joe Ogilvie,27.27,3,11
27,Aaron Baddeley,25.00,2,8
27,Jason Dufner,25.00,3,12
27,Brenden Pappas,25.00,2,8
27,Ted Purdy,25.00,2,8
27,Tjaart van der Walt,25.00,2,8
32,Carlos Franco,23.53,4,17
33,Tom Carter,23.08,3,13
33,John Riegger,23.08,3,13
35,Michael Allen,22.22,2,9
35,Woody Austin,22.22,2,9
35,Ben Crane,22.22,2,9
35,David Ishii,22.22,2,9
35,Frank Lickliter II,22.22,2,9
35,Kevin Na,22.22,2,9
35,Omar Uresti,22.22,2,9
42,Pat Bates,20.00,2,10
42,Brad Lardon,20.00,2,10
42,Davis Love III,20.00,2,10
45,Tommy Armour III,18.18,2,11
45,Danny Briggs,18.18,2,11
45,Fred Funk,18.18,2,11
45,Brian Gay,18.18,2,11
45,John Huston,18.18,2,11
45,Kenichi Kuboya,18.18,2,11
51,Tim Herron,17.65,3,17
52,Cameron Beckman,16.67,2,12
52,Luke Donald,16.67,1,6
52,Todd Fischer,16.67,2,12
52,Brent Geiberger,16.67,1,6
52,Charles Howell III,16.67,1,6
52,Scott Simpson,16.67,2,12
58,Craig Barlow,15.38,2,13
58,Jesper Parnevik,15.38,2,13
58,Hidemichi Tanaka,15.38,2,13
61,Briny Baird,14.29,1,7
61,Jason Bohn,14.29,1,7
61,D.J. Brigman,14.29,1,7
61,Jonathan Byrd,14.29,1,7
61,Mark Hensby,14.29,1,7
61,Peter Jacobsen,14.29,1,7
61,Shigeki Maruyama,14.29,1,7
61,John Senden,14.29,1,7
69,Jeff Brehaut,12.50,1,8
69,Joe Durant,12.50,1,8
69,Ryan Palmer,12.50,1,8
72,Rod Pampling,11.11,2,18
73,Bart Bryant,9.09,1,11
73,Russ Cochran,9.09,1,11
73,Lucas Glover,9.09,1,11
73,Hideto Tanihara,9.09,1,11
77,Tom Lehman,.00,0,7
77,Heath Slocum,.00,0,12
77,Bo Van Pelt,.00,0,11
