rank,player,%,Total Birdies,Total Holes
1,Mark Hensby,50.00,4,8
2,Harrison Frazar,40.00,2,5
3,Pat Bates,37.50,3,8
3,Corey Pavin,37.50,3,8
5,Davis Love III,35.71,5,14
6,Aaron Baddeley,33.33,2,6
6,D.J. Brigman,33.33,3,9
6,David Ishii,33.33,2,6
6,Frank Lickliter II,33.33,4,12
6,Rod Pampling,33.33,3,9
6,Pat Perez,33.33,2,6
6,Scott Simpson,33.33,3,9
6,Andre Stolz,33.33,3,9
14,Michael Allen,30.77,4,13
15,Chris Riley,30.00,6,20
16,Robert Gamez,28.57,2,7
16,Kevin Na,28.57,2,7
18,Danny Briggs,26.67,4,15
18,Retief Goosen,26.67,4,15
20,Brent Geiberger,25.00,3,12
20,Joe Ogilvie,25.00,2,8
20,Brenden Pappas,25.00,3,12
20,Vijay Singh,25.00,3,12
24,Paul Azinger,23.08,3,13
24,Ken Duke,23.08,3,13
26,Hideto Tanihara,22.22,2,9
27,Ben Crane,21.43,3,14
28,Bart Bryant,20.00,2,10
28,Richard Johnson,20.00,2,10
30,Jason Bohn,18.18,2,11
30,Todd Fischer,18.18,2,11
32,Craig Barlow,16.67,1,6
32,Jonathan Byrd,16.67,3,18
32,Bobby Kalinowski,16.67,2,12
35,Steve Allan,15.38,2,13
35,Omar Uresti,15.38,2,13
37,Tom Carter,14.29,2,14
37,Jason Dufner,14.29,1,7
37,Peter Jacobsen,14.29,1,7
37,Shigeki Maruyama,14.29,1,7
41,Cameron Beckman,12.50,1,8
41,Ernie Els,12.50,1,8
41,Jonathan Kaye,12.50,1,8
44,John Huston,11.11,1,9
44,Bo Van Pelt,11.11,1,9
46,Stephen Ames,10.00,1,10
46,Brian Gay,10.00,1,10
46,Brad Lardon,10.00,1,10
46,Shaun Micheel,10.00,1,10
46,Ryan Palmer,10.00,1,10
46,Loren Roberts,10.00,1,10
46,Tjaart van der Walt,10.00,2,20
53,Kenichi Kuboya,9.09,1,11
53,Jesper Parnevik,9.09,1,11
53,Hidemichi Tanaka,9.09,1,11
56,Ted Purdy,8.33,1,12
57,Charles Howell III,7.14,1,14
58,John Riegger,5.88,1,17
59,Tommy Armour III,.00,0,11
59,Arjun Atwal,.00,0,15
59,Woody Austin,.00,0,10
59,Briny Baird,.00,0,9
59,Craig Bowden,.00,0,4
59,Jeff Brehaut,.00,0,9
59,Olin Browne,.00,0,4
59,Bob Burns,.00,0,16
59,Russ Cochran,.00,0,5
59,Luke Donald,.00,0,8
59,Joe Durant,.00,0,10
59,Carlos Franco,.00,0,5
59,Fred Funk,.00,0,3
59,Lucas Glover,.00,0,3
59,Tim Herron,.00,0,10
59,Jerry Kelly,.00,0,3
59,Tom Lehman,.00,0,4
59,John Maginnes,.00,0,5
59,John Senden,.00,0,9
59,Heath Slocum,.00,0,5
59,Duffy Waldorf,.00,0,13
