rank,player,%,Total Birdies,Total Holes
1,Harrison Frazar,43.75,7,16
2,Chris Riley,32.14,9,28
3,Aaron Baddeley,30.00,6,20
4,Vijay Singh,29.17,7,24
5,Mark Hensby,26.67,4,15
5,Jerry Kelly,26.67,4,15
7,Danny Briggs,26.09,6,23
7,Davis Love III,26.09,6,23
9,D.J. Brigman,25.00,5,20
9,Brenden Pappas,25.00,6,24
11,Pat Perez,23.81,5,21
12,David Ishii,23.53,4,17
12,Frank Lickliter II,23.53,4,17
14,Craig Barlow,23.08,3,13
15,Brent Geiberger,21.74,5,23
15,Retief Goosen,21.74,5,23
17,Corey Pavin,21.05,4,19
17,Andre Stolz,21.05,4,19
19,Michael Allen,20.83,5,24
20,Bart Bryant,20.00,4,20
20,Jonathan Byrd,20.00,5,25
20,Scott Simpson,20.00,4,20
23,Jason Bohn,19.05,4,21
23,Omar Uresti,19.05,4,21
25,Pat Bates,18.75,3,16
25,Hidemichi Tanaka,18.75,3,16
27,Shaun Micheel,18.52,5,27
28,Rod Pampling,18.18,4,22
29,Richard Johnson,17.65,3,17
30,Paul Azinger,16.67,4,24
30,Ernie Els,16.67,4,24
30,Jonathan Kaye,16.67,3,18
30,Kevin Na,16.67,3,18
34,Ben Crane,16.00,4,25
34,John Riegger,16.00,4,25
36,Ken Duke,15.38,4,26
37,John Huston,15.00,3,20
37,Ted Purdy,15.00,3,20
39,Steve Allan,14.81,4,27
39,Bobby Kalinowski,14.81,4,27
41,Jason Dufner,14.29,3,21
41,Robert Gamez,14.29,3,21
43,Todd Fischer,13.64,3,22
44,Briny Baird,13.33,2,15
45,Hideto Tanihara,13.04,3,23
46,Cameron Beckman,12.50,2,16
46,Joe Ogilvie,12.50,2,16
48,Brad Lardon,11.76,2,17
48,Shigeki Maruyama,11.76,2,17
48,Loren Roberts,11.76,2,17
48,Bo Van Pelt,11.76,2,17
52,Stephen Ames,11.11,2,18
52,Tom Carter,11.11,3,27
52,Fred Funk,11.11,1,9
55,Jesper Parnevik,10.53,2,19
56,Tim Herron,9.52,2,21
56,Duffy Waldorf,9.52,2,21
58,Craig Bowden,9.09,1,11
58,Russ Cochran,9.09,1,11
58,Brian Gay,9.09,2,22
61,Tjaart van der Walt,7.41,2,27
62,Peter Jacobsen,7.14,1,14
63,Tommy Armour III,6.67,1,15
64,Ryan Palmer,6.25,1,16
65,John Senden,5.88,1,17
66,Kenichi Kuboya,5.00,1,20
67,Arjun Atwal,4.76,1,21
67,Charles Howell III,4.76,1,21
69,Luke Donald,4.55,1,22
70,Woody Austin,.00,0,18
70,Jeff Brehaut,.00,0,13
70,Olin Browne,.00,0,9
70,Bob Burns,.00,0,23
70,Joe Durant,.00,0,14
70,Carlos Franco,.00,0,13
70,Lucas Glover,.00,0,18
70,Tom Lehman,.00,0,13
70,John Maginnes,.00,0,12
70,Heath Slocum,.00,0,15
