rank,player,Avg RTP
1,Harrison Frazar,-.667
2,Todd Fischer,-.500
2,Robert Gamez,-.500
2,Brent Geiberger,-.500
2,David Ishii,-.500
2,Hidemichi Tanaka,-.500
7,Brad Lardon,-.400
8,Steve Allan,-.333
8,Davis Love III,-.333
8,Rod Pampling,-.333
8,Duffy Waldorf,-.333
12,Paul Azinger,-.250
12,Brenden Pappas,-.250
12,Jesper Parnevik,-.250
15,Craig Barlow,-.200
16,John Riegger,-.167
17,Jonathan Byrd,-.125
18,Michael Allen,E
18,Stephen Ames,E
18,Woody Austin,E
18,Aaron Baddeley,E
18,Briny Baird,E
18,Pat Bates,E
18,Jeff Brehaut,E
18,Danny Briggs,E
18,Bart Bryant,E
18,Bob Burns,E
18,Russ Cochran,E
18,Ben Crane,E
18,Luke Donald,E
18,Carlos Franco,E
18,Fred Funk,E
18,Retief Goosen,E
18,Tim Herron,E
18,Charles Howell III,E
18,Peter Jacobsen,E
18,Richard Johnson,E
18,Jerry Kelly,E
18,Frank Lickliter II,E
18,John Maginnes,E
18,Ryan Palmer,E
18,Corey Pavin,E
18,Ted Purdy,E
18,Chris Riley,E
18,Loren Roberts,E
18,Scott Simpson,E
18,Vijay Singh,E
18,Heath Slocum,E
18,Andre Stolz,E
50,Ernie Els,+.143
50,Mark Hensby,+.143
52,Cameron Beckman,+.167
52,Brian Gay,+.167
52,Bo Van Pelt,+.167
55,Tom Carter,+.200
55,Tom Lehman,+.200
57,Jason Dufner,+.250
57,Ken Duke,+.250
57,Kevin Na,+.250
57,Tjaart van der Walt,+.250
61,Kenichi Kuboya,+.286
62,Tommy Armour III,+.333
62,Arjun Atwal,+.333
62,Joe Durant,+.333
62,Lucas Glover,+.333
62,Bobby Kalinowski,+.333
62,Joe Ogilvie,+.333
62,John Senden,+.333
62,Hideto Tanihara,+.333
70,Jason Bohn,+.400
70,Shaun Micheel,+.400
72,D.J. Brigman,+.500
72,Olin Browne,+.500
72,John Huston,+.500
72,Jonathan Kaye,+.500
72,Pat Perez,+.500
