rank,player,%,Total Birdies,Total Holes
1,Robert Gamez,36.73,18,49
2,Ernie Els,34.88,15,43
3,Lucas Glover,34.69,17,49
4,Tim Herron,34.00,17,50
5,Briny Baird,33.33,18,54
5,Cameron Beckman,33.33,17,51
7,Vijay Singh,32.50,13,40
8,Duffy Waldorf,31.91,15,47
9,Frank Lickliter II,31.37,16,51
10,John Riegger,31.11,14,45
11,Stephen Ames,30.77,16,52
12,Paul Azinger,30.23,13,43
13,Bob Burns,29.79,14,47
14,Harrison Frazar,29.63,16,54
14,Bo Van Pelt,29.63,16,54
16,Luke Donald,29.17,14,48
17,Craig Barlow,28.07,16,57
18,Fred Funk,27.87,17,61
19,Steve Allan,27.50,11,40
20,Jesper Parnevik,27.45,14,51
21,John Huston,26.53,13,49
22,Pat Perez,26.09,12,46
23,Bart Bryant,26.00,13,50
23,Todd Fischer,26.00,13,50
23,Jonathan Kaye,26.00,13,50
26,Russ Cochran,25.86,15,58
27,Brenden Pappas,25.58,11,43
28,Jason Dufner,25.53,12,47
29,Kenichi Kuboya,25.49,13,51
30,John Maginnes,25.42,15,59
31,Olin Browne,25.40,16,63
32,Pat Bates,25.00,14,56
32,Joe Durant,25.00,14,56
32,Shaun Micheel,25.00,10,40
32,Omar Uresti,25.00,12,48
36,Craig Bowden,24.59,15,61
37,Mark Hensby,24.53,13,53
38,Charles Howell III,24.49,12,49
39,Michael Allen,24.39,10,41
40,Carlos Franco,24.00,12,50
41,Aaron Baddeley,23.91,11,46
42,Scott Simpson,23.53,12,51
42,Andre Stolz,23.53,12,51
44,D.J. Brigman,23.08,12,52
45,Brad Lardon,22.64,12,53
45,Kevin Na,22.64,12,53
47,Ted Purdy,22.45,11,49
48,Tommy Armour III,21.82,12,55
48,Tom Lehman,21.82,12,55
48,Heath Slocum,21.82,12,55
51,Hideto Tanihara,21.74,10,46
52,Jerry Kelly,21.43,12,56
52,Chris Riley,21.43,9,42
54,Ben Crane,21.28,10,47
55,Richard Johnson,21.15,11,52
56,Davis Love III,20.93,9,43
57,Arjun Atwal,20.83,10,48
58,Hidemichi Tanaka,20.75,11,53
59,Ken Duke,20.45,9,44
59,Retief Goosen,20.45,9,44
59,Tjaart van der Walt,20.45,9,44
62,Jason Bohn,20.41,10,49
62,Brian Gay,20.41,10,49
64,Loren Roberts,20.37,11,54
65,Brent Geiberger,20.00,9,45
66,Ryan Palmer,19.61,10,51
66,Corey Pavin,19.61,10,51
66,John Senden,19.61,10,51
69,Jonathan Byrd,19.57,9,46
70,Tom Carter,18.92,7,37
71,Shigeki Maruyama,18.37,9,49
72,Rod Pampling,18.00,9,50
73,Joe Ogilvie,17.65,9,51
74,Peter Jacobsen,17.54,10,57
75,Danny Briggs,17.02,8,47
76,Bobby Kalinowski,16.28,7,43
77,Woody Austin,15.69,8,51
78,David Ishii,14.81,8,54
79,Jeff Brehaut,10.71,6,56
