rank,player,%,Total Birdies,Total Holes
1,Bart Bryant,40.00,8,20
2,D.J. Brigman,37.50,6,16
3,Pat Bates,35.29,6,17
3,Frank Lickliter II,35.29,6,17
5,Briny Baird,33.33,7,21
5,Cameron Beckman,33.33,5,15
7,Rod Pampling,30.77,4,13
8,Stephen Ames,30.00,6,20
8,Scott Simpson,30.00,6,20
10,Tim Herron,29.41,5,17
10,Chris Riley,29.41,5,17
12,Russ Cochran,27.78,5,18
12,Luke Donald,27.78,5,18
14,Jesper Parnevik,26.67,4,15
15,Craig Bowden,26.32,5,19
15,Bo Van Pelt,26.32,5,19
17,Jerry Kelly,25.00,5,20
18,Tom Lehman,23.81,5,21
18,Andre Stolz,23.81,5,21
20,Craig Barlow,23.08,3,13
20,Lucas Glover,23.08,3,13
22,Brian Gay,22.22,4,18
22,Pat Perez,22.22,4,18
22,Hidemichi Tanaka,22.22,4,18
22,Omar Uresti,22.22,4,18
26,John Huston,21.74,5,23
26,John Senden,21.74,5,23
28,Jonathan Byrd,20.00,4,20
28,Ben Crane,20.00,4,20
28,Mark Hensby,20.00,3,15
28,Corey Pavin,20.00,4,20
32,Harrison Frazar,19.05,4,21
33,Fred Funk,18.75,3,16
34,Richard Johnson,18.18,4,22
35,Brent Geiberger,17.65,3,17
36,Steve Allan,17.39,4,23
36,Brad Lardon,17.39,4,23
38,Aaron Baddeley,16.67,3,18
38,John Riegger,16.67,3,18
40,Hideto Tanihara,16.00,4,25
41,Bob Burns,15.79,3,19
41,Brenden Pappas,15.79,3,19
41,Heath Slocum,15.79,3,19
44,Paul Azinger,15.38,2,13
45,Jonathan Kaye,15.00,3,20
45,Shigeki Maruyama,15.00,3,20
47,Jason Bohn,14.29,3,21
48,Olin Browne,13.64,3,22
48,Ken Duke,13.64,3,22
48,Peter Jacobsen,13.64,3,22
51,Retief Goosen,13.33,2,15
52,Ryan Palmer,13.04,3,23
53,Arjun Atwal,12.50,2,16
53,Tom Carter,12.50,2,16
53,Jason Dufner,12.50,2,16
53,Ernie Els,12.50,2,16
57,Charles Howell III,12.00,3,25
58,Todd Fischer,11.76,2,17
58,Loren Roberts,11.76,2,17
60,Ted Purdy,11.54,3,26
61,Joe Durant,11.11,2,18
61,Duffy Waldorf,11.11,2,18
63,Danny Briggs,9.52,2,21
64,Vijay Singh,9.09,1,11
65,Jeff Brehaut,7.14,1,14
65,Carlos Franco,7.14,1,14
65,Robert Gamez,7.14,1,14
65,Kevin Na,7.14,1,14
69,Woody Austin,6.67,1,15
70,Bobby Kalinowski,6.25,1,16
70,Kenichi Kuboya,6.25,1,16
70,Joe Ogilvie,6.25,1,16
73,Michael Allen,5.88,1,17
74,David Ishii,5.56,1,18
75,John Maginnes,5.26,1,19
75,Shaun Micheel,5.26,1,19
77,Tjaart van der Walt,4.76,1,21
78,Tommy Armour III,.00,0,16
78,Davis Love III,.00,0,12
