rank,player,Avg RTP
1,Arjun Atwal,-1.000
1,Bart Bryant,-1.000
1,Harrison Frazar,-1.000
1,Retief Goosen,-1.000
1,Jerry Kelly,-1.000
1,Shaun Micheel,-1.000
1,Brenden Pappas,-1.000
1,Vijay Singh,-1.000
9,Tom Carter,-.500
9,Davis Love III,-.500
11,Bobby Kalinowski,-.333
11,Tjaart van der Walt,-.333
13,Michael Allen,E
13,Stephen Ames,E
13,Tommy Armour III,E
13,Craig Barlow,E
13,Cameron Beckman,E
13,Fred Funk,E
13,Lucas Glover,E
13,John Huston,E
13,Peter Jacobsen,E
13,Jonathan Kaye,E
13,Kenichi Kuboya,E
13,Frank Lickliter II,E
13,Joe Ogilvie,E
13,Rod Pampling,E
13,Jesper Parnevik,E
13,Pat Perez,E
13,John Senden,E
13,Scott Simpson,E
13,Hideto Tanihara,E
13,Bo Van Pelt,E
33,John Riegger,+.250
34,Pat Bates,+.500
34,Craig Bowden,+.500
34,Jason Dufner,+.500
34,Heath Slocum,+.500
34,Duffy Waldorf,+.500
39,Bob Burns,+1.000
39,Ben Crane,+1.000
39,Carlos Franco,+1.000
39,Robert Gamez,+1.000
39,Richard Johnson,+1.000
39,Ryan Palmer,+1.000
39,Loren Roberts,+1.000
46,Chris Riley,+2.000
