rank,player,Avg RTP
1,Ernie Els,-.571
1,Bo Van Pelt,-.571
3,Davis Love III,-.429
4,Harrison Frazar,-.385
4,Lucas Glover,-.385
6,Joe Ogilvie,-.357
7,Tommy Armour III,-.333
8,Cameron Beckman,-.308
8,Tom Carter,-.308
10,Michael Allen,-.273
11,Jesper Parnevik,-.267
11,John Riegger,-.267
13,Steve Allan,-.250
13,Jerry Kelly,-.250
13,Kenichi Kuboya,-.250
13,Frank Lickliter II,-.250
13,Scott Simpson,-.250
18,Danny Briggs,-.231
19,Jonathan Byrd,-.214
19,John Huston,-.214
21,Brian Gay,-.200
21,Tjaart van der Walt,-.200
23,David Ishii,-.188
23,Jonathan Kaye,-.188
25,John Maginnes,-.182
26,Andre Stolz,-.176
27,Briny Baird,-.167
27,Brenden Pappas,-.167
27,Hideto Tanihara,-.167
30,Stephen Ames,-.154
30,Duffy Waldorf,-.154
32,Robert Gamez,-.143
33,Corey Pavin,-.118
34,Carlos Franco,-.111
34,Richard Johnson,-.111
36,Tim Herron,-.100
36,Shaun Micheel,-.100
36,Chris Riley,-.100
39,Luke Donald,-.091
39,Vijay Singh,-.091
41,Paul Azinger,-.083
41,Ken Duke,-.083
43,Mark Hensby,-.077
43,Kevin Na,-.077
43,Ryan Palmer,-.077
43,Omar Uresti,-.077
47,Aaron Baddeley,-.071
47,Craig Barlow,-.071
47,Fred Funk,-.071
47,Heath Slocum,-.071
51,Craig Bowden,-.067
51,Brent Geiberger,-.067
53,Pat Bates,E
53,Jason Bohn,E
53,Jeff Brehaut,E
53,Joe Durant,E
53,Todd Fischer,E
53,Retief Goosen,E
53,Bobby Kalinowski,E
53,Brad Lardon,E
53,Rod Pampling,E
53,Pat Perez,E
53,Ted Purdy,E
53,John Senden,E
65,D.J. Brigman,+.063
66,Peter Jacobsen,+.067
67,Loren Roberts,+.071
68,Charles Howell III,+.077
69,Woody Austin,+.083
69,Shigeki Maruyama,+.083
71,Jason Dufner,+.111
71,Tom Lehman,+.111
71,Hidemichi Tanaka,+.111
74,Olin Browne,+.118
75,Russ Cochran,+.143
76,Bob Burns,+.154
77,Bart Bryant,+.167
77,Ben Crane,+.167
79,Arjun Atwal,+.300
