rank,player,Avg RTP
1,Hidemichi Tanaka,-.400
2,Harrison Frazar,-.364
3,Jerry Kelly,-.333
4,Craig Barlow,-.286
4,Jonathan Byrd,-.286
6,Stephen Ames,-.250
6,John Riegger,-.250
6,Chris Riley,-.250
9,Aaron Baddeley,-.214
10,Briny Baird,-.167
10,Brenden Pappas,-.167
12,Brad Lardon,-.143
13,Omar Uresti,-.125
14,Jonathan Kaye,-.100
15,Ernie Els,-.063
16,Russ Cochran,E
16,Ben Crane,E
16,Jason Dufner,E
16,Retief Goosen,E
16,Tim Herron,E
16,John Huston,E
16,David Ishii,E
16,Davis Love III,E
16,Shigeki Maruyama,E
16,Shaun Micheel,E
16,Jesper Parnevik,E
16,Corey Pavin,E
16,Pat Perez,E
16,Ted Purdy,E
16,Vijay Singh,E
16,Duffy Waldorf,E
32,Steve Allan,+.071
33,Michael Allen,+.091
33,Todd Fischer,+.091
35,Jason Bohn,+.100
35,Bart Bryant,+.100
37,Woody Austin,+.125
37,Danny Briggs,+.125
39,Bobby Kalinowski,+.133
40,Craig Bowden,+.143
41,Fred Funk,+.167
42,Paul Azinger,+.182
42,Kevin Na,+.182
42,Scott Simpson,+.182
45,Luke Donald,+.214
46,Tom Carter,+.231
46,Ken Duke,+.231
48,Tommy Armour III,+.250
48,Pat Bates,+.250
48,Jeff Brehaut,+.250
48,Joe Durant,+.250
48,Carlos Franco,+.250
48,Brian Gay,+.250
54,Brent Geiberger,+.273
55,Bob Burns,+.286
55,Charles Howell III,+.286
55,Richard Johnson,+.286
55,Loren Roberts,+.286
55,Hideto Tanihara,+.286
60,Rod Pampling,+.308
61,Ryan Palmer,+.333
62,Robert Gamez,+.357
63,D.J. Brigman,+.364
64,Cameron Beckman,+.375
64,Joe Ogilvie,+.375
64,John Senden,+.375
64,Bo Van Pelt,+.375
68,Frank Lickliter II,+.400
69,Peter Jacobsen,+.429
69,John Maginnes,+.429
69,Tjaart van der Walt,+.429
72,Lucas Glover,+.467
73,Arjun Atwal,+.500
74,Kenichi Kuboya,+.556
74,Tom Lehman,+.556
76,Mark Hensby,+.571
77,Heath Slocum,+.600
77,Andre Stolz,+.600
79,Olin Browne,+.800
