rank,player,Avg RTP
1,Craig Barlow,-1.000
1,Harrison Frazar,-1.000
1,Davis Love III,-1.000
1,John Riegger,-1.000
5,Stephen Ames,-.667
6,Briny Baird,-.500
6,Jonathan Byrd,-.500
6,Jonathan Kaye,-.500
6,Chris Riley,-.500
10,Jason Dufner,-.400
11,Danny Briggs,-.333
11,Richard Johnson,-.333
11,Bobby Kalinowski,-.333
14,Ted Purdy,-.250
14,Omar Uresti,-.250
16,Tjaart van der Walt,-.200
17,Michael Allen,E
17,Woody Austin,E
17,Paul Azinger,E
17,Jason Bohn,E
17,D.J. Brigman,E
17,Bart Bryant,E
17,Bob Burns,E
17,Tom Carter,E
17,Ben Crane,E
17,Luke Donald,E
17,Ken Duke,E
17,Joe Durant,E
17,Ernie Els,E
17,Todd Fischer,E
17,Carlos Franco,E
17,Robert Gamez,E
17,Brent Geiberger,E
17,Retief Goosen,E
17,Mark Hensby,E
17,Tim Herron,E
17,John Huston,E
17,Jerry Kelly,E
17,Brad Lardon,E
17,Frank Lickliter II,E
17,Shigeki Maruyama,E
17,Shaun Micheel,E
17,Joe Ogilvie,E
17,Corey Pavin,E
17,Pat Perez,E
17,John Senden,E
17,Vijay Singh,E
17,Andre Stolz,E
17,Hideto Tanihara,E
50,Aaron Baddeley,+.250
51,Brenden Pappas,+.286
52,Steve Allan,+.333
52,Pat Bates,+.333
52,Charles Howell III,+.333
52,Kevin Na,+.333
52,Duffy Waldorf,+.333
57,Craig Bowden,+.500
57,Kenichi Kuboya,+.500
57,Jesper Parnevik,+.500
60,Tommy Armour III,+.667
60,Lucas Glover,+.667
60,Hidemichi Tanaka,+.667
63,Arjun Atwal,+1.000
63,Cameron Beckman,+1.000
63,Jeff Brehaut,+1.000
63,Olin Browne,+1.000
63,Brian Gay,+1.000
63,Peter Jacobsen,+1.000
63,John Maginnes,+1.000
63,Rod Pampling,+1.000
63,Loren Roberts,+1.000
63,Scott Simpson,+1.000
63,Heath Slocum,+1.000
