rank,player,Avg RTP
1,Brent Geiberger,-2.000
2,Corey Pavin,-1.500
3,Craig Barlow,-1.000
3,Craig Bowden,-1.000
3,Jeff Brehaut,-1.000
3,Danny Briggs,-1.000
3,D.J. Brigman,-1.000
3,Bob Burns,-1.000
3,Luke Donald,-1.000
3,Todd Fischer,-1.000
3,Carlos Franco,-1.000
3,Harrison Frazar,-1.000
3,Lucas Glover,-1.000
3,Retief Goosen,-1.000
3,Charles Howell III,-1.000
3,David Ishii,-1.000
3,Jerry Kelly,-1.000
3,Kenichi Kuboya,-1.000
3,Brad Lardon,-1.000
3,Tom Lehman,-1.000
3,Kevin Na,-1.000
3,John Riegger,-1.000
3,Hidemichi Tanaka,-1.000
3,Hideto Tanihara,-1.000
3,Omar Uresti,-1.000
26,Briny Baird,-.667
26,John Maginnes,-.667
28,Paul Azinger,-.500
28,Tom Carter,-.500
28,Russ Cochran,-.500
28,Joe Durant,-.500
28,Fred Funk,-.500
28,Richard Johnson,-.500
28,Shaun Micheel,-.500
28,Jesper Parnevik,-.500
28,Scott Simpson,-.500
37,Stephen Ames,E
37,Arjun Atwal,E
37,Olin Browne,E
37,Brian Gay,E
37,Joe Ogilvie,E
37,Loren Roberts,E
37,Heath Slocum,E
