rank,player,Avg RTP
1,Paul Azinger,-.750
1,Richard Johnson,-.750
3,Pat Perez,-.667
3,Loren Roberts,-.667
5,Vijay Singh,-.636
6,Bob Burns,-.500
6,Duffy Waldorf,-.500
8,Ernie Els,-.429
9,Steve Allan,-.400
9,Olin Browne,-.400
9,Carlos Franco,-.400
9,Corey Pavin,-.400
13,Stephen Ames,-.333
13,Joe Durant,-.333
13,Lucas Glover,-.333
13,Charles Howell III,-.333
13,Shaun Micheel,-.333
13,John Riegger,-.333
13,John Senden,-.333
13,Andre Stolz,-.333
21,Ted Purdy,-.286
22,Michael Allen,-.250
22,Craig Bowden,-.250
22,David Ishii,-.250
22,Davis Love III,-.250
26,Tom Carter,-.200
27,Craig Barlow,-.167
27,Ben Crane,-.167
27,Retief Goosen,-.167
27,Peter Jacobsen,-.167
27,Jonathan Kaye,-.167
27,John Maginnes,-.167
27,Chris Riley,-.167
34,Arjun Atwal,-.143
34,Pat Bates,-.143
34,Frank Lickliter II,-.143
37,Tommy Armour III,-.125
37,Kenichi Kuboya,-.125
39,Jason Dufner,-.100
40,Rod Pampling,-.083
41,Aaron Baddeley,E
41,Briny Baird,E
41,Jeff Brehaut,E
41,D.J. Brigman,E
41,Jonathan Byrd,E
41,Luke Donald,E
41,Ken Duke,E
41,Harrison Frazar,E
41,Robert Gamez,E
41,Brent Geiberger,E
41,Tim Herron,E
41,John Huston,E
41,Shigeki Maruyama,E
41,Joe Ogilvie,E
41,Brenden Pappas,E
41,Hideto Tanihara,E
57,Fred Funk,+.111
58,Cameron Beckman,+.125
58,Brad Lardon,+.125
60,Woody Austin,+.143
60,Todd Fischer,+.143
60,Jesper Parnevik,+.143
63,Tom Lehman,+.167
63,Scott Simpson,+.167
63,Heath Slocum,+.167
66,Russ Cochran,+.200
66,Omar Uresti,+.200
68,Mark Hensby,+.250
68,Bobby Kalinowski,+.250
68,Kevin Na,+.250
68,Hidemichi Tanaka,+.250
72,Danny Briggs,+.286
72,Bart Bryant,+.286
72,Brian Gay,+.286
75,Bo Van Pelt,+.300
76,Jason Bohn,+.333
76,Jerry Kelly,+.333
76,Tjaart van der Walt,+.333
79,Ryan Palmer,+.400
