rank,player,Avg RTP
1,Cameron Beckman,-1.000
1,Brenden Pappas,-1.000
3,Aaron Baddeley,-.500
3,Charles Howell III,-.500
5,Vijay Singh,-.400
6,Peter Jacobsen,-.333
7,Jonathan Byrd,-.250
8,John Riegger,-.200
9,Retief Goosen,-.167
10,Steve Allan,E
10,Tommy Armour III,E
10,Woody Austin,E
10,Briny Baird,E
10,Craig Barlow,E
10,Pat Bates,E
10,Jason Bohn,E
10,Jeff Brehaut,E
10,Olin Browne,E
10,Bob Burns,E
10,Joe Durant,E
10,Ernie Els,E
10,Carlos Franco,E
10,Harrison Frazar,E
10,Fred Funk,E
10,Mark Hensby,E
10,John Huston,E
10,David Ishii,E
10,Bobby Kalinowski,E
10,Jerry Kelly,E
10,Davis Love III,E
10,Kevin Na,E
10,Corey Pavin,E
10,Pat Perez,E
10,Scott Simpson,E
10,Hideto Tanihara,E
10,Omar Uresti,E
10,Bo Van Pelt,E
38,D.J. Brigman,+.167
38,Todd Fischer,+.167
38,Brian Gay,+.167
38,Shaun Micheel,+.167
42,Robert Gamez,+.200
42,Chris Riley,+.200
42,Andre Stolz,+.200
45,Paul Azinger,+.222
46,Luke Donald,+.250
46,Brent Geiberger,+.250
46,Tim Herron,+.250
46,Frank Lickliter II,+.250
46,Shigeki Maruyama,+.250
51,Tjaart van der Walt,+.286
52,Michael Allen,+.333
52,Craig Bowden,+.333
52,Danny Briggs,+.333
52,Russ Cochran,+.333
52,Jason Dufner,+.333
52,Ken Duke,+.333
52,Ryan Palmer,+.333
52,Jesper Parnevik,+.333
52,Duffy Waldorf,+.333
61,Richard Johnson,+.400
62,Tom Carter,+.429
63,Ben Crane,+.500
63,Lucas Glover,+.500
63,Kenichi Kuboya,+.500
63,Joe Ogilvie,+.500
63,Rod Pampling,+.500
63,Ted Purdy,+.500
63,Hidemichi Tanaka,+.500
70,Stephen Ames,+.667
70,Jonathan Kaye,+.667
70,Tom Lehman,+.667
73,Bart Bryant,+.800
74,Brad Lardon,+1.000
74,John Maginnes,+1.000
74,Loren Roberts,+1.000
74,John Senden,+1.000
74,Heath Slocum,+1.000
