rank,player,Avg RTP
1,Davis Love III,-.429
2,Harrison Frazar,-.400
3,Pat Bates,-.375
3,Corey Pavin,-.375
5,Frank Lickliter II,-.333
5,Rod Pampling,-.333
7,Mark Hensby,-.250
8,D.J. Brigman,-.222
8,Scott Simpson,-.222
10,Craig Barlow,-.167
10,Jonathan Byrd,-.167
10,David Ishii,-.167
10,Vijay Singh,-.167
14,Paul Azinger,-.154
15,Peter Jacobsen,-.143
15,Kevin Na,-.143
17,Danny Briggs,-.133
17,Retief Goosen,-.133
19,Cameron Beckman,-.125
19,Joe Ogilvie,-.125
21,Andre Stolz,-.111
21,Hideto Tanihara,-.111
21,Bo Van Pelt,-.111
24,Bart Bryant,-.100
25,Todd Fischer,-.091
26,Michael Allen,-.077
26,Ken Duke,-.077
28,Chris Riley,-.050
29,Aaron Baddeley,E
29,Tom Carter,E
29,Ben Crane,E
29,Jason Dufner,E
29,Joe Durant,E
29,Ernie Els,E
29,Fred Funk,E
29,Brian Gay,E
29,Charles Howell III,E
29,Richard Johnson,E
29,Jerry Kelly,E
29,Brad Lardon,E
29,Shigeki Maruyama,E
29,Brenden Pappas,E
29,Pat Perez,E
29,Omar Uresti,E
29,Tjaart van der Walt,E
46,John Riegger,+.059
47,Steve Allan,+.077
48,Brent Geiberger,+.083
48,Bobby Kalinowski,+.083
50,Jason Bohn,+.091
50,Kenichi Kuboya,+.091
52,Woody Austin,+.100
52,Ryan Palmer,+.100
54,Bob Burns,+.125
54,Luke Donald,+.125
56,Robert Gamez,+.143
57,Ted Purdy,+.167
58,Jesper Parnevik,+.182
59,Russ Cochran,+.200
59,Heath Slocum,+.200
61,John Huston,+.222
62,Craig Bowden,+.250
62,Tom Lehman,+.250
64,Arjun Atwal,+.267
65,Hidemichi Tanaka,+.273
66,Stephen Ames,+.300
66,Shaun Micheel,+.300
68,Duffy Waldorf,+.308
69,Jeff Brehaut,+.333
70,Tommy Armour III,+.364
71,Jonathan Kaye,+.375
72,Carlos Franco,+.400
72,Loren Roberts,+.400
74,Briny Baird,+.444
74,John Senden,+.444
76,Olin Browne,+.500
77,Tim Herron,+.600
77,John Maginnes,+.600
79,Lucas Glover,+.667
