rank,player,Avg RTP
1,Ben Crane,-1.000
1,John Huston,-1.000
1,Richard Johnson,-1.000
1,Shaun Micheel,-1.000
1,John Riegger,-1.000
6,Tom Carter,-.500
6,Lucas Glover,-.500
6,Corey Pavin,-.500
6,Vijay Singh,-.500
10,Michael Allen,-.333
10,Briny Baird,-.333
10,Kenichi Kuboya,-.333
10,Frank Lickliter II,-.333
10,Andre Stolz,-.333
15,Pat Bates,-.250
16,Jason Dufner,-.200
17,Stephen Ames,E
17,Tommy Armour III,E
17,Arjun Atwal,E
17,Woody Austin,E
17,Craig Barlow,E
17,Danny Briggs,E
17,Olin Browne,E
17,Bob Burns,E
17,Jonathan Byrd,E
17,Joe Durant,E
17,Ernie Els,E
17,Fred Funk,E
17,Brent Geiberger,E
17,Retief Goosen,E
17,Charles Howell III,E
17,David Ishii,E
17,Peter Jacobsen,E
17,Jonathan Kaye,E
17,John Maginnes,E
17,Shigeki Maruyama,E
17,Kevin Na,E
17,Joe Ogilvie,E
17,Ted Purdy,E
17,Heath Slocum,E
17,Hideto Tanihara,E
17,Duffy Waldorf,E
43,Brian Gay,+.250
44,Russ Cochran,+.286
45,Ryan Palmer,+.333
45,Rod Pampling,+.333
45,Chris Riley,+.333
45,Bo Van Pelt,+.333
49,Cameron Beckman,+.500
49,Craig Bowden,+.500
49,Bart Bryant,+.500
49,Robert Gamez,+.500
49,Tom Lehman,+.500
49,Omar Uresti,+.500
55,Todd Fischer,+1.000
55,Harrison Frazar,+1.000
55,Tim Herron,+1.000
55,Bobby Kalinowski,+1.000
55,Jerry Kelly,+1.000
55,Brenden Pappas,+1.000
55,Jesper Parnevik,+1.000
55,Scott Simpson,+1.000
55,Hidemichi Tanaka,+1.000
55,Tjaart van der Walt,+1.000
65,Brad Lardon,+1.500
66,Ken Duke,+2.000
