rank,player,Avg RTP
1,Jerry Kelly,-.500
2,Pat Bates,-.333
2,Bart Bryant,-.333
2,Rod Pampling,-.333
2,Chris Riley,-.333
6,Ernie Els,-.250
6,Frank Lickliter II,-.250
6,Shigeki Maruyama,-.250
6,Andre Stolz,-.250
6,Hidemichi Tanaka,-.250
11,Todd Fischer,-.200
11,Harrison Frazar,-.200
11,Brian Gay,-.200
14,Jonathan Kaye,-.167
15,Ben Crane,-.143
16,Corey Pavin,-.125
17,Brenden Pappas,-.111
18,Michael Allen,E
18,Aaron Baddeley,E
18,Craig Bowden,E
18,Jeff Brehaut,E
18,D.J. Brigman,E
18,Bob Burns,E
18,Jonathan Byrd,E
18,Jason Dufner,E
18,Ken Duke,E
18,Joe Durant,E
18,Brent Geiberger,E
18,Peter Jacobsen,E
18,Richard Johnson,E
18,Brad Lardon,E
18,Davis Love III,E
18,Joe Ogilvie,E
18,Loren Roberts,E
18,Scott Simpson,E
18,Vijay Singh,E
18,Omar Uresti,E
38,Charles Howell III,+.111
38,Hideto Tanihara,+.111
40,Danny Briggs,+.125
41,Jason Bohn,+.143
42,Tom Carter,+.167
42,Ryan Palmer,+.167
42,Bo Van Pelt,+.167
45,Stephen Ames,+.200
45,Russ Cochran,+.200
45,Retief Goosen,+.200
45,David Ishii,+.200
45,John Senden,+.200
45,Tjaart van der Walt,+.200
51,Woody Austin,+.250
51,Paul Azinger,+.250
51,Jesper Parnevik,+.250
51,Pat Perez,+.250
55,John Huston,+.286
55,Ted Purdy,+.286
57,Steve Allan,+.300
58,Carlos Franco,+.333
58,Kenichi Kuboya,+.333
58,John Riegger,+.333
61,Tim Herron,+.375
62,Briny Baird,+.400
62,Bobby Kalinowski,+.400
62,Heath Slocum,+.400
65,Arjun Atwal,+.429
65,Luke Donald,+.429
67,Shaun Micheel,+.444
68,Tommy Armour III,+.500
68,Craig Barlow,+.500
68,Cameron Beckman,+.500
68,Olin Browne,+.500
68,Robert Gamez,+.500
68,John Maginnes,+.500
68,Kevin Na,+.500
68,Duffy Waldorf,+.500
76,Tom Lehman,+.600
77,Fred Funk,+.667
77,Mark Hensby,+.667
79,Lucas Glover,+1.500
