rank,player,Avg RTP
1,Craig Barlow,-1.000
1,Russ Cochran,-1.000
1,Luke Donald,-1.000
1,Harrison Frazar,-1.000
1,Fred Funk,-1.000
1,Davis Love III,-1.000
1,Ryan Palmer,-1.000
1,John Riegger,-1.000
9,Jonathan Byrd,-.667
9,Frank Lickliter II,-.667
9,Chris Riley,-.667
12,Stephen Ames,-.500
12,Danny Briggs,-.500
12,Retief Goosen,-.500
12,Jonathan Kaye,-.500
12,Ted Purdy,-.500
17,Jason Dufner,-.429
18,Ben Crane,-.400
19,Briny Baird,-.333
19,Bart Bryant,-.333
19,Pat Perez,-.333
22,Michael Allen,-.250
22,Jason Bohn,-.250
22,Mark Hensby,-.250
22,Bobby Kalinowski,-.250
22,Jerry Kelly,-.250
22,Shaun Micheel,-.250
28,Pat Bates,-.200
28,David Ishii,-.200
28,Omar Uresti,-.200
31,Steve Allan,-.167
31,Kevin Na,-.167
31,Tjaart van der Walt,-.167
34,Woody Austin,E
34,Paul Azinger,E
34,Aaron Baddeley,E
34,D.J. Brigman,E
34,Bob Burns,E
34,Tom Carter,E
34,Ken Duke,E
34,Joe Durant,E
34,Ernie Els,E
34,Todd Fischer,E
34,Carlos Franco,E
34,Robert Gamez,E
34,Tim Herron,E
34,John Huston,E
34,Richard Johnson,E
34,Brad Lardon,E
34,Shigeki Maruyama,E
34,Joe Ogilvie,E
34,Corey Pavin,E
34,John Senden,E
34,Scott Simpson,E
34,Vijay Singh,E
34,Andre Stolz,E
34,Hideto Tanihara,E
34,Bo Van Pelt,E
59,Kenichi Kuboya,+.200
60,Craig Bowden,+.250
60,Brent Geiberger,+.250
62,Brenden Pappas,+.286
63,Jeff Brehaut,+.333
63,Charles Howell III,+.333
63,Jesper Parnevik,+.333
63,Duffy Waldorf,+.333
67,Loren Roberts,+.400
68,Olin Browne,+.500
68,Lucas Glover,+.500
68,John Maginnes,+.500
71,Tommy Armour III,+.667
71,Hidemichi Tanaka,+.667
73,Arjun Atwal,+1.000
73,Cameron Beckman,+1.000
73,Brian Gay,+1.000
73,Peter Jacobsen,+1.000
73,Rod Pampling,+1.000
73,Heath Slocum,+1.000
