rank,player,Avg RTP
1,Shaun Micheel,-1.000
2,Paul Azinger,-.667
2,Ernie Els,-.667
2,Harrison Frazar,-.667
2,Corey Pavin,-.667
6,Arjun Atwal,-.500
7,Aaron Baddeley,-.400
7,Tom Carter,-.400
9,Retief Goosen,-.333
9,Jerry Kelly,-.333
9,Brenden Pappas,-.333
12,Danny Briggs,-.250
12,Bart Bryant,-.250
12,Jonathan Byrd,-.250
12,Jonathan Kaye,-.250
16,John Huston,-.200
16,Davis Love III,-.200
18,Pat Perez,-.167
19,Bobby Kalinowski,-.143
20,Michael Allen,E
20,Stephen Ames,E
20,Tommy Armour III,E
20,Craig Barlow,E
20,Cameron Beckman,E
20,Jason Bohn,E
20,Craig Bowden,E
20,D.J. Brigman,E
20,Ken Duke,E
20,Joe Durant,E
20,Fred Funk,E
20,David Ishii,E
20,Peter Jacobsen,E
20,Richard Johnson,E
20,Brad Lardon,E
20,Frank Lickliter II,E
20,Shigeki Maruyama,E
20,Kevin Na,E
20,Joe Ogilvie,E
20,Jesper Parnevik,E
20,Loren Roberts,E
20,John Senden,E
20,Scott Simpson,E
20,Vijay Singh,E
20,Omar Uresti,E
20,Tjaart van der Walt,E
20,Bo Van Pelt,E
20,Duffy Waldorf,E
48,John Riegger,+.167
49,Todd Fischer,+.200
49,Hideto Tanihara,+.200
51,Brian Gay,+.250
51,Hidemichi Tanaka,+.250
53,Lucas Glover,+.286
54,Pat Bates,+.333
54,Brent Geiberger,+.333
54,Charles Howell III,+.333
54,Kenichi Kuboya,+.333
58,Tim Herron,+.400
58,Rod Pampling,+.400
58,Chris Riley,+.400
61,Robert Gamez,+.429
62,Ben Crane,+.500
62,Jason Dufner,+.500
62,Ryan Palmer,+.500
65,Bob Burns,+.600
65,Heath Slocum,+.600
67,Steve Allan,+.667
68,Carlos Franco,+.750
68,John Maginnes,+.750
70,Andre Stolz,+.833
71,Luke Donald,+1.000
71,Ted Purdy,+1.000
73,Jeff Brehaut,+1.500
73,Olin Browne,+1.500
75,Briny Baird,+2.000
