rank,player,Avg RTP
1,Joe Durant,-.600
1,Ernie Els,-.600
3,Olin Browne,-.545
4,Briny Baird,-.444
5,Robert Gamez,-.429
6,D.J. Brigman,-.400
6,Andre Stolz,-.400
8,Aaron Baddeley,-.375
8,Cameron Beckman,-.375
8,Bobby Kalinowski,-.375
8,Shaun Micheel,-.375
8,Jesper Parnevik,-.375
13,Russ Cochran,-.333
13,Luke Donald,-.333
13,Carlos Franco,-.333
13,Brian Gay,-.333
13,Jonathan Kaye,-.333
13,Vijay Singh,-.333
13,Heath Slocum,-.333
20,Michael Allen,-.300
21,Fred Funk,-.273
22,Jason Dufner,-.250
22,Kenichi Kuboya,-.250
22,John Riegger,-.250
22,Hideto Tanihara,-.250
26,Brent Geiberger,-.222
26,John Huston,-.222
26,Omar Uresti,-.222
29,Craig Barlow,-.200
29,Peter Jacobsen,-.200
29,Frank Lickliter II,-.200
32,Jason Bohn,-.182
32,Brenden Pappas,-.182
34,Lucas Glover,-.167
34,Tim Herron,-.167
34,Corey Pavin,-.167
34,John Senden,-.167
38,Harrison Frazar,-.154
38,Davis Love III,-.154
38,Kevin Na,-.154
41,Bart Bryant,-.143
42,Jonathan Byrd,-.125
42,Ben Crane,-.125
42,Charles Howell III,-.125
45,Arjun Atwal,-.100
45,Craig Bowden,-.100
45,Retief Goosen,-.100
45,Mark Hensby,-.100
45,Shigeki Maruyama,-.100
50,Pat Bates,-.091
51,Joe Ogilvie,-.083
51,Hidemichi Tanaka,-.083
53,Pat Perez,-.071
54,Tommy Armour III,-.067
55,Steve Allan,E
55,Danny Briggs,E
55,Bob Burns,E
55,Ken Duke,E
55,Todd Fischer,E
55,Jerry Kelly,E
55,Brad Lardon,E
55,Tom Lehman,E
55,John Maginnes,E
55,Rod Pampling,E
55,Ted Purdy,E
55,Chris Riley,E
55,Loren Roberts,E
55,Tjaart van der Walt,E
55,Duffy Waldorf,E
70,Jeff Brehaut,+.063
71,Stephen Ames,+.100
72,Bo Van Pelt,+.111
73,Paul Azinger,+.125
73,Ryan Palmer,+.125
75,Woody Austin,+.133
76,Scott Simpson,+.143
77,David Ishii,+.200
78,Richard Johnson,+.300
79,Tom Carter,+.500
