rank,player,Avg RTP
1,Tim Herron,-.750
1,Ryan Palmer,-.750
3,Charles Howell III,-.556
4,Paul Azinger,-.500
4,Ben Crane,-.500
4,Harrison Frazar,-.500
4,Tom Lehman,-.500
4,Tjaart van der Walt,-.500
4,Bo Van Pelt,-.500
10,Jerry Kelly,-.455
11,Shaun Micheel,-.444
12,Retief Goosen,-.429
12,Pat Perez,-.429
14,Brent Geiberger,-.400
15,Stephen Ames,-.375
15,Tommy Armour III,-.375
15,Aaron Baddeley,-.375
15,Ted Purdy,-.375
15,John Riegger,-.375
20,Joe Durant,-.364
20,Kevin Na,-.364
22,Arjun Atwal,-.333
22,Jeff Brehaut,-.333
22,Robert Gamez,-.333
22,Mark Hensby,-.333
22,Frank Lickliter II,-.333
22,Shigeki Maruyama,-.333
22,Brenden Pappas,-.333
22,Omar Uresti,-.333
22,Duffy Waldorf,-.333
31,John Maginnes,-.313
32,Craig Barlow,-.300
32,Olin Browne,-.300
32,Peter Jacobsen,-.300
32,Hidemichi Tanaka,-.300
36,Craig Bowden,-.286
36,John Huston,-.286
38,Bart Bryant,-.273
39,Briny Baird,-.250
39,Brian Gay,-.250
41,Woody Austin,-.222
41,Andre Stolz,-.222
43,Fred Funk,-.214
44,Jason Dufner,-.200
44,Ernie Els,-.200
44,Kenichi Kuboya,-.200
44,Jesper Parnevik,-.200
48,Corey Pavin,-.182
49,Bob Burns,-.167
49,Hideto Tanihara,-.167
51,Luke Donald,-.154
52,Steve Allan,-.143
52,Michael Allen,-.143
52,Jason Bohn,-.143
52,Danny Briggs,-.143
52,Rod Pampling,-.143
57,Carlos Franco,-.125
57,Chris Riley,-.125
59,Russ Cochran,-.111
60,Todd Fischer,-.091
61,Heath Slocum,-.083
62,Cameron Beckman,E
62,Jonathan Byrd,E
62,Ken Duke,E
62,Richard Johnson,E
62,Brad Lardon,E
62,John Senden,E
62,Scott Simpson,E
62,Vijay Singh,E
70,Lucas Glover,+.083
71,D.J. Brigman,+.100
71,David Ishii,+.100
73,Pat Bates,+.111
73,Joe Ogilvie,+.111
75,Tom Carter,+.143
75,Bobby Kalinowski,+.143
77,Jonathan Kaye,+.167
77,Loren Roberts,+.167
79,Davis Love III,+.500
