rank,player,Avg RTP
1,Arjun Atwal,-2.000
1,Briny Baird,-2.000
1,John Huston,-2.000
4,Tim Herron,-1.500
5,Steve Allan,-1.000
5,Michael Allen,-1.000
5,Woody Austin,-1.000
5,Aaron Baddeley,-1.000
5,Craig Barlow,-1.000
5,Pat Bates,-1.000
5,Olin Browne,-1.000
5,Bart Bryant,-1.000
5,Ben Crane,-1.000
5,Ernie Els,-1.000
5,Harrison Frazar,-1.000
5,Robert Gamez,-1.000
5,Brian Gay,-1.000
5,Lucas Glover,-1.000
5,Mark Hensby,-1.000
5,Charles Howell III,-1.000
5,Peter Jacobsen,-1.000
5,Jonathan Kaye,-1.000
5,Jerry Kelly,-1.000
5,Kenichi Kuboya,-1.000
5,Shigeki Maruyama,-1.000
5,Shaun Micheel,-1.000
5,Kevin Na,-1.000
5,Joe Ogilvie,-1.000
5,Ryan Palmer,-1.000
5,Pat Perez,-1.000
5,Loren Roberts,-1.000
5,Hidemichi Tanaka,-1.000
5,Tjaart van der Walt,-1.000
34,Heath Slocum,-.667
35,Tommy Armour III,-.500
35,Paul Azinger,-.500
35,Fred Funk,-.500
35,John Maginnes,-.500
35,Corey Pavin,-.500
35,Ted Purdy,-.500
35,Scott Simpson,-.500
35,Omar Uresti,-.500
43,Jason Bohn,E
43,Craig Bowden,E
43,Bob Burns,E
43,Jonathan Byrd,E
43,Russ Cochran,E
43,Richard Johnson,E
43,Bobby Kalinowski,E
43,Rod Pampling,E
43,Jesper Parnevik,E
43,Vijay Singh,E
43,Andre Stolz,E
43,Bo Van Pelt,E
55,Luke Donald,+.500
56,Cameron Beckman,+1.000
56,Brad Lardon,+1.000
