rank,player,Avg RTP
1,Luke Donald,-2.000
2,Steve Allan,-1.000
2,Aaron Baddeley,-1.000
2,Pat Bates,-1.000
2,Danny Briggs,-1.000
2,Jonathan Byrd,-1.000
2,Russ Cochran,-1.000
2,Fred Funk,-1.000
2,Frank Lickliter II,-1.000
2,Davis Love III,-1.000
2,Ted Purdy,-1.000
12,Chris Riley,-.667
13,Jason Dufner,-.500
13,Shaun Micheel,-.500
15,Ben Crane,-.333
15,Jerry Kelly,-.333
15,Scott Simpson,-.333
18,Stephen Ames,E
18,Woody Austin,E
18,Paul Azinger,E
18,Briny Baird,E
18,Craig Bowden,E
18,Jeff Brehaut,E
18,Ken Duke,E
18,Ernie Els,E
18,Brent Geiberger,E
18,David Ishii,E
18,Bobby Kalinowski,E
18,Kenichi Kuboya,E
18,Brad Lardon,E
18,John Maginnes,E
18,Shigeki Maruyama,E
18,Kevin Na,E
18,Corey Pavin,E
18,Omar Uresti,E
18,Bo Van Pelt,E
37,Loren Roberts,+.250
38,D.J. Brigman,+1.000
38,Mark Hensby,+1.000
38,Richard Johnson,+1.000
