rank,player,Avg RTP
1,Tommy Armour III,-1.000
1,Craig Bowden,-1.000
1,Bob Burns,-1.000
1,Ken Duke,-1.000
1,Ernie Els,-1.000
1,Carlos Franco,-1.000
1,Robert Gamez,-1.000
1,Bobby Kalinowski,-1.000
1,Jonathan Kaye,-1.000
1,Jerry Kelly,-1.000
1,Brenden Pappas,-1.000
1,Corey Pavin,-1.000
1,Chris Riley,-1.000
1,Vijay Singh,-1.000
15,Loren Roberts,-.667
15,Duffy Waldorf,-.667
17,Paul Azinger,-.500
17,Ben Crane,-.500
17,Joe Durant,-.500
17,Charles Howell III,-.500
17,Kenichi Kuboya,-.500
17,Brad Lardon,-.500
17,Pat Perez,-.500
17,Ted Purdy,-.500
17,John Senden,-.500
26,Craig Barlow,-.333
26,Olin Browne,-.333
26,Fred Funk,-.333
26,Peter Jacobsen,-.333
26,Scott Simpson,-.333
26,Hidemichi Tanaka,-.333
32,Jeff Brehaut,-.250
33,Stephen Ames,E
33,Arjun Atwal,E
33,Woody Austin,E
33,Aaron Baddeley,E
33,Briny Baird,E
33,Pat Bates,E
33,Cameron Beckman,E
33,Jason Bohn,E
33,Tom Carter,E
33,Russ Cochran,E
33,Luke Donald,E
33,Harrison Frazar,E
33,Brian Gay,E
33,Lucas Glover,E
33,Mark Hensby,E
33,John Huston,E
33,David Ishii,E
33,Richard Johnson,E
33,Tom Lehman,E
33,Kevin Na,E
33,Joe Ogilvie,E
33,Rod Pampling,E
33,John Riegger,E
33,Hideto Tanihara,E
57,Todd Fischer,+.250
57,Bo Van Pelt,+.250
59,Danny Briggs,+.500
59,D.J. Brigman,+.500
59,Tim Herron,+.500
59,Jesper Parnevik,+.500
59,Heath Slocum,+.500
64,Bart Bryant,+1.000
64,Omar Uresti,+1.000
