rank,player,%,Total Birdies,Total Holes
1,Robert Gamez,47.06,8,17
2,Olin Browne,46.15,6,13
2,Joe Durant,46.15,6,13
4,Briny Baird,38.46,5,13
4,Fred Funk,38.46,5,13
6,Todd Fischer,36.36,4,11
7,Brent Geiberger,35.71,5,14
8,D.J. Brigman,33.33,4,12
8,Luke Donald,33.33,4,12
8,Ernie Els,33.33,4,12
8,Jesper Parnevik,33.33,4,12
8,Omar Uresti,33.33,3,9
8,Duffy Waldorf,33.33,4,12
14,Jason Bohn,31.25,5,16
14,Harrison Frazar,31.25,5,16
16,Russ Cochran,30.77,4,13
17,Brenden Pappas,29.41,5,17
18,Shaun Micheel,28.57,4,14
19,Hideto Tanihara,27.27,3,11
20,Aaron Baddeley,26.67,4,15
20,Lucas Glover,26.67,4,15
20,Frank Lickliter II,26.67,4,15
23,Cameron Beckman,25.00,4,16
23,Jason Dufner,25.00,4,16
23,Jonathan Kaye,25.00,3,12
23,Brad Lardon,25.00,3,12
23,Andre Stolz,25.00,2,8
28,Davis Love III,23.81,5,21
29,Craig Barlow,23.53,4,17
29,Mark Hensby,23.53,4,17
31,Stephen Ames,23.08,3,13
31,Pat Bates,23.08,3,13
31,Brian Gay,23.08,3,13
34,Michael Allen,22.22,4,18
34,Bart Bryant,22.22,2,9
34,Vijay Singh,22.22,4,18
37,Tim Herron,21.43,3,14
38,Craig Bowden,20.00,2,10
38,Kenichi Kuboya,20.00,3,15
38,Loren Roberts,20.00,2,10
41,Danny Briggs,18.18,2,11
41,John Huston,18.18,2,11
41,Peter Jacobsen,18.18,2,11
41,Shigeki Maruyama,18.18,2,11
41,John Riegger,18.18,2,11
46,Bobby Kalinowski,17.65,3,17
46,Pat Perez,17.65,3,17
48,Tommy Armour III,16.67,3,18
48,Paul Azinger,16.67,2,12
50,Heath Slocum,15.38,2,13
51,Arjun Atwal,15.00,3,20
52,Steve Allan,14.29,1,7
52,Rod Pampling,14.29,2,14
54,Hidemichi Tanaka,13.33,2,15
55,Bob Burns,12.50,1,8
55,Joe Ogilvie,12.50,2,16
57,Jonathan Byrd,11.76,2,17
58,Carlos Franco,11.11,1,9
58,Kevin Na,11.11,2,18
58,Corey Pavin,11.11,1,9
58,Ted Purdy,11.11,1,9
62,Ken Duke,10.00,1,10
62,Retief Goosen,10.00,2,20
62,John Senden,10.00,1,10
65,Charles Howell III,8.33,1,12
65,David Ishii,8.33,1,12
67,Richard Johnson,7.69,1,13
67,Chris Riley,7.69,1,13
69,Ben Crane,7.14,1,14
70,Jerry Kelly,6.25,1,16
71,Tom Lehman,5.26,1,19
72,Woody Austin,4.76,1,21
73,Jeff Brehaut,.00,0,20
73,Tom Carter,.00,0,9
73,John Maginnes,.00,0,12
73,Ryan Palmer,.00,0,11
73,Scott Simpson,.00,0,9
73,Tjaart van der Walt,.00,0,10
73,Bo Van Pelt,.00,0,15
