rank,player,%,Total Birdies,Total Holes
1,Craig Barlow,53.85,7,13
2,Shaun Micheel,53.33,8,15
3,Harrison Frazar,50.00,5,10
3,Retief Goosen,50.00,5,10
3,Tim Herron,50.00,5,10
6,Paul Azinger,46.67,7,15
7,Ben Crane,46.15,6,13
7,Tom Lehman,46.15,6,13
9,Robert Gamez,45.45,5,11
9,Pat Perez,45.45,5,11
9,Bo Van Pelt,45.45,5,11
12,Jerry Kelly,43.75,7,16
13,Ted Purdy,42.86,6,14
14,Ryan Palmer,41.67,5,12
15,Kevin Na,41.18,7,17
16,Todd Fischer,40.00,6,15
16,Fred Funk,40.00,6,15
16,John Riegger,40.00,4,10
19,John Maginnes,38.89,7,18
20,Woody Austin,38.46,5,13
20,Jeff Brehaut,38.46,5,13
20,Joe Durant,38.46,5,13
20,Carlos Franco,38.46,5,13
20,Charles Howell III,38.46,5,13
25,Chris Riley,37.50,6,16
26,Mark Hensby,36.84,7,19
27,Michael Allen,35.71,5,14
27,Bart Bryant,35.71,5,14
27,Frank Lickliter II,35.71,5,14
30,Tommy Armour III,33.33,4,12
30,Bob Burns,33.33,5,15
30,Jonathan Kaye,33.33,3,9
30,Davis Love III,33.33,3,9
30,Hideto Tanihara,33.33,3,9
30,Omar Uresti,33.33,6,18
36,Steve Allan,31.25,5,16
36,Arjun Atwal,31.25,5,16
36,Jason Dufner,31.25,5,16
36,Brent Geiberger,31.25,5,16
36,Kenichi Kuboya,31.25,5,16
36,Tjaart van der Walt,31.25,5,16
42,Heath Slocum,30.77,4,13
43,Jonathan Byrd,30.00,3,10
43,John Huston,30.00,3,10
43,John Senden,30.00,3,10
43,Andre Stolz,30.00,3,10
47,Luke Donald,29.41,5,17
48,Stephen Ames,28.57,4,14
48,Aaron Baddeley,28.57,4,14
48,Pat Bates,28.57,4,14
51,Craig Bowden,27.78,5,18
51,Lucas Glover,27.78,5,18
53,Russ Cochran,27.27,3,11
53,Ken Duke,27.27,3,11
55,Briny Baird,26.67,4,15
55,D.J. Brigman,26.67,4,15
55,Scott Simpson,26.67,4,15
55,Hidemichi Tanaka,26.67,4,15
59,Danny Briggs,25.00,3,12
59,Olin Browne,25.00,3,12
59,Richard Johnson,25.00,4,16
59,Duffy Waldorf,25.00,3,12
63,Jason Bohn,23.08,3,13
63,Tom Carter,23.08,3,13
63,Brad Lardon,23.08,3,13
66,Brian Gay,22.22,2,9
66,Shigeki Maruyama,22.22,4,18
66,Loren Roberts,22.22,4,18
69,Cameron Beckman,21.43,3,14
69,Peter Jacobsen,21.43,3,14
69,Jesper Parnevik,21.43,3,14
72,David Ishii,20.00,3,15
72,Brenden Pappas,20.00,3,15
72,Corey Pavin,20.00,3,15
75,Bobby Kalinowski,16.67,2,12
75,Joe Ogilvie,16.67,2,12
77,Rod Pampling,11.11,1,9
78,Ernie Els,10.00,1,10
79,Vijay Singh,9.09,1,11
