rank,player,Avg,Total Strokes,Total Holes
1,Tom Kim,4.00,64,16
2,Jordan Spieth,4.06,65,16
3,Viktor Hovland,4.13,66,16
3,Sungjae Im,4.13,66,16
3,Jon Rahm,4.13,66,16
6,Mackenzie Hughes,4.19,67,16
6,Sepp Straka,4.19,67,16
6,Will Zalatoris,4.19,67,16
9,Patrick Cantlay,4.25,68,16
9,Matt Fitzpatrick,4.25,68,16
9,J.T. Poston,4.25,68,16
9,Scottie Scheffler,4.25,68,16
9,J.J. Spaun,4.25,68,16
9,Sahith Theegala,4.25,68,16
9,Aaron Wise,4.25,68,16
9,Cameron Young,4.25,68,16
17,Tony Finau,4.31,69,16
17,Tom Hoge,4.31,69,16
17,Luke List,4.31,69,16
17,Trey Mullinax,4.31,69,16
17,Justin Thomas,4.31,69,16
22,Brian Harman,4.38,70,16
22,Collin Morikawa,4.38,70,16
22,Seamus Power,4.38,70,16
22,Adam Scott,4.38,70,16
26,Corey Conners,4.44,71,16
26,Max Homa,4.44,71,16
26,K.H. Lee,4.44,71,16
26,Hideki Matsuyama,4.44,71,16
26,Adam Svensson,4.44,71,16
31,Sam Burns,4.50,72,16
32,Russell Henley,4.63,74,16
32,Chez Reavie,4.63,74,16
32,Scott Stallings,4.63,74,16
35,Ryan Brehm,4.69,75,16
35,Billy Horschel,4.69,75,16
37,Chad Ramey,4.75,76,16
38,Keegan Bradley,4.94,79,16
