rank,player,Status,Par 3 Avg,Total Par
1,Billy Horschel,-6,2.50,36
2,Max Homa,-4,2.67,36
3,Tom Kim,-3,2.75,36
3,J.J. Spaun,-3,2.75,36
3,Scott Stallings,-3,2.75,36
3,Sepp Straka,-3,2.75,36
7,Tony Finau,-2,2.83,36
7,Brian Harman,-2,2.83,36
7,Trey Mullinax,-2,2.83,36
7,Justin Thomas,-2,2.83,36
7,Aaron Wise,-2,2.83,36
12,Keegan Bradley,-1,2.92,36
12,Russell Henley,-1,2.92,36
12,Viktor Hovland,-1,2.92,36
12,Sungjae Im,-1,2.92,36
12,Collin Morikawa,-1,2.92,36
12,Jon Rahm,-1,2.92,36
12,Jordan Spieth,-1,2.92,36
19,Sam Burns,E,3.00,36
19,Corey Conners,E,3.00,36
19,Matt Fitzpatrick,E,3.00,36
19,Tom Hoge,E,3.00,36
19,Mackenzie Hughes,E,3.00,36
19,K.H. Lee,E,3.00,36
19,J.T. Poston,E,3.00,36
19,Seamus Power,E,3.00,36
19,Chad Ramey,E,3.00,36
19,Chez Reavie,E,3.00,36
19,Scottie Scheffler,E,3.00,36
19,Adam Scott,E,3.00,36
19,Adam Svensson,E,3.00,36
19,Cameron Young,E,3.00,36
19,Will Zalatoris,E,3.00,36
34,Luke List,+1,3.08,36
34,Sahith Theegala,+1,3.08,36
36,Ryan Brehm,+2,3.17,36
36,Hideki Matsuyama,+2,3.17,36
38,Patrick Cantlay,+3,3.25,36
