rank,player,Avg,Total Strokes,Total Holes
1,Collin Morikawa,3.68,162,44
2,Tom Hoge,3.73,164,44
2,K.H. Lee,3.73,164,44
2,Jon Rahm,3.73,164,44
5,Max Homa,3.77,166,44
5,Luke List,3.77,166,44
7,Patrick Cantlay,3.80,167,44
7,Matt Fitzpatrick,3.80,167,44
7,Hideki Matsuyama,3.80,167,44
7,Scottie Scheffler,3.80,167,44
11,Corey Conners,3.82,168,44
11,Tony Finau,3.82,168,44
13,Keegan Bradley,3.84,169,44
13,J.J. Spaun,3.84,169,44
13,Cameron Young,3.84,169,44
13,Will Zalatoris,3.84,169,44
17,Brian Harman,3.86,170,44
17,Scott Stallings,3.86,170,44
19,Russell Henley,3.89,171,44
19,Seamus Power,3.89,171,44
21,Ryan Brehm,3.91,172,44
21,Sungjae Im,3.91,172,44
21,J.T. Poston,3.91,172,44
24,Sam Burns,3.93,173,44
24,Mackenzie Hughes,3.93,173,44
24,Tom Kim,3.93,173,44
24,Adam Scott,3.93,173,44
24,Jordan Spieth,3.93,173,44
24,Aaron Wise,3.93,173,44
30,Viktor Hovland,3.95,174,44
30,Justin Thomas,3.95,174,44
32,Billy Horschel,3.98,175,44
32,Trey Mullinax,3.98,175,44
32,Chez Reavie,3.98,175,44
35,Sepp Straka,4.00,176,44
36,Sahith Theegala,4.02,177,44
37,Chad Ramey,4.05,178,44
38,Adam Svensson,4.09,180,44
