rank,player,%,Par 5 Birdies or Better,Par 5 Holes
1,Viktor Hovland,87.50%,14,16
1,Tom Kim,87.50%,14,16
3,Sungjae Im,81.25%,13,16
3,J.J. Spaun,81.25%,13,16
3,Jordan Spieth,81.25%,13,16
3,Aaron Wise,81.25%,13,16
3,Cameron Young,81.25%,13,16
3,Will Zalatoris,81.25%,13,16
9,Jon Rahm,75.00%,12,16
9,Scottie Scheffler,75.00%,12,16
9,Sepp Straka,75.00%,12,16
9,Sahith Theegala,75.00%,12,16
13,Patrick Cantlay,68.75%,11,16
13,Tony Finau,68.75%,11,16
13,Matt Fitzpatrick,68.75%,11,16
13,Brian Harman,68.75%,11,16
13,Tom Hoge,68.75%,11,16
13,Mackenzie Hughes,68.75%,11,16
13,Trey Mullinax,68.75%,11,16
13,J.T. Poston,68.75%,11,16
13,Adam Scott,68.75%,11,16
13,Justin Thomas,68.75%,11,16
23,Corey Conners,62.50%,10,16
23,Max Homa,62.50%,10,16
23,Luke List,62.50%,10,16
23,Hideki Matsuyama,62.50%,10,16
23,Collin Morikawa,62.50%,10,16
23,Scott Stallings,62.50%,10,16
23,Adam Svensson,62.50%,10,16
30,Sam Burns,56.25%,9,16
30,K.H. Lee,56.25%,9,16
30,Seamus Power,56.25%,9,16
33,Ryan Brehm,50.00%,8,16
33,Chad Ramey,50.00%,8,16
35,Russell Henley,43.75%,7,16
35,Billy Horschel,43.75%,7,16
35,Chez Reavie,43.75%,7,16
38,Keegan Bradley,25.00%,4,16
