rank,player,Status,Par 4 Avg,Total Par
1,Collin Morikawa,-14,3.68,176
2,Tom Hoge,-12,3.73,176
2,K.H. Lee,-12,3.73,176
2,Jon Rahm,-12,3.73,176
5,Max Homa,-10,3.77,176
5,Luke List,-10,3.77,176
7,Patrick Cantlay,-9,3.80,176
7,Matt Fitzpatrick,-9,3.80,176
7,Hideki Matsuyama,-9,3.80,176
7,Scottie Scheffler,-9,3.80,176
11,Corey Conners,-8,3.82,176
11,Tony Finau,-8,3.82,176
13,Keegan Bradley,-7,3.84,176
13,J.J. Spaun,-7,3.84,176
13,Cameron Young,-7,3.84,176
13,Will Zalatoris,-7,3.84,176
17,Brian Harman,-6,3.86,176
17,Scott Stallings,-6,3.86,176
19,Russell Henley,-5,3.89,176
19,Seamus Power,-5,3.89,176
21,Ryan Brehm,-4,3.91,176
21,Sungjae Im,-4,3.91,176
21,J.T. Poston,-4,3.91,176
24,Sam Burns,-3,3.93,176
24,Mackenzie Hughes,-3,3.93,176
24,Tom Kim,-3,3.93,176
24,Adam Scott,-3,3.93,176
24,Jordan Spieth,-3,3.93,176
24,Aaron Wise,-3,3.93,176
30,Viktor Hovland,-2,3.95,176
30,Justin Thomas,-2,3.95,176
32,Billy Horschel,-1,3.98,176
32,Trey Mullinax,-1,3.98,176
32,Chez Reavie,-1,3.98,176
35,Sepp Straka,E,4.00,176
36,Sahith Theegala,+1,4.02,176
37,Chad Ramey,+2,4.05,176
38,Adam Svensson,+4,4.09,176
