rank,player,Status,Par 5 Avg,Total Par
1,Tom Kim,-16,4.00,80
2,Jordan Spieth,-15,4.06,80
3,Viktor Hovland,-14,4.13,80
3,Sungjae Im,-14,4.13,80
3,Jon Rahm,-14,4.13,80
6,Mackenzie Hughes,-13,4.19,80
6,Sepp Straka,-13,4.19,80
6,Will Zalatoris,-13,4.19,80
9,Patrick Cantlay,-12,4.25,80
9,Matt Fitzpatrick,-12,4.25,80
9,J.T. Poston,-12,4.25,80
9,Scottie Scheffler,-12,4.25,80
9,J.J. Spaun,-12,4.25,80
9,Sahith Theegala,-12,4.25,80
9,Aaron Wise,-12,4.25,80
9,Cameron Young,-12,4.25,80
17,Tony Finau,-11,4.31,80
17,Tom Hoge,-11,4.31,80
17,Luke List,-11,4.31,80
17,Trey Mullinax,-11,4.31,80
17,Justin Thomas,-11,4.31,80
22,Brian Harman,-10,4.38,80
22,Collin Morikawa,-10,4.38,80
22,Seamus Power,-10,4.38,80
22,Adam Scott,-10,4.38,80
26,Corey Conners,-9,4.44,80
26,Max Homa,-9,4.44,80
26,K.H. Lee,-9,4.44,80
26,Hideki Matsuyama,-9,4.44,80
26,Adam Svensson,-9,4.44,80
31,Sam Burns,-8,4.50,80
32,Russell Henley,-6,4.63,80
32,Chez Reavie,-6,4.63,80
32,Scott Stallings,-6,4.63,80
35,Ryan Brehm,-5,4.69,80
35,Billy Horschel,-5,4.69,80
37,Chad Ramey,-4,4.75,80
38,Keegan Bradley,-1,4.94,80
