rank,player,%,Par 4 Birdies or Better,Par 4 Holes
1,Collin Morikawa,36.36%,16,44
1,Jon Rahm,36.36%,16,44
3,Tom Hoge,34.09%,15,44
3,K.H. Lee,34.09%,15,44
3,Cameron Young,34.09%,15,44
6,Luke List,31.82%,14,44
7,Patrick Cantlay,29.55%,13,44
7,Hideki Matsuyama,29.55%,13,44
7,Scottie Scheffler,29.55%,13,44
10,Matt Fitzpatrick,27.27%,12,44
10,Max Homa,27.27%,12,44
10,Justin Thomas,27.27%,12,44
13,Keegan Bradley,25.00%,11,44
13,Corey Conners,25.00%,11,44
13,Tony Finau,25.00%,11,44
13,Viktor Hovland,25.00%,11,44
13,Sungjae Im,25.00%,11,44
13,J.T. Poston,25.00%,11,44
19,Sam Burns,22.73%,10,44
19,Brian Harman,22.73%,10,44
19,Mackenzie Hughes,22.73%,10,44
19,Seamus Power,22.73%,10,44
19,J.J. Spaun,22.73%,10,44
19,Scott Stallings,22.73%,10,44
25,Russell Henley,20.45%,9,44
25,Chad Ramey,20.45%,9,44
25,Aaron Wise,20.45%,9,44
25,Will Zalatoris,20.45%,9,44
29,Ryan Brehm,18.18%,8,44
29,Tom Kim,18.18%,8,44
29,Chez Reavie,18.18%,8,44
29,Adam Scott,18.18%,8,44
29,Jordan Spieth,18.18%,8,44
34,Trey Mullinax,15.91%,7,44
34,Sepp Straka,15.91%,7,44
36,Billy Horschel,13.64%,6,44
37,Sahith Theegala,11.36%,5,44
38,Adam Svensson,9.09%,4,44
