rank,player,%,Par 3 Birdies or Better,Par 3 Holes
1,Billy Horschel,58.33%,7,12
2,Max Homa,41.67%,5,12
3,Scott Stallings,33.33%,4,12
3,Sepp Straka,33.33%,4,12
3,Aaron Wise,33.33%,4,12
6,Russell Henley,25.00%,3,12
6,Viktor Hovland,25.00%,3,12
6,Tom Kim,25.00%,3,12
6,J.J. Spaun,25.00%,3,12
6,Justin Thomas,25.00%,3,12
11,Ryan Brehm,16.67%,2,12
11,Sam Burns,16.67%,2,12
11,Tony Finau,16.67%,2,12
11,Brian Harman,16.67%,2,12
11,Luke List,16.67%,2,12
11,Trey Mullinax,16.67%,2,12
11,Jon Rahm,16.67%,2,12
11,Chad Ramey,16.67%,2,12
11,Chez Reavie,16.67%,2,12
11,Jordan Spieth,16.67%,2,12
11,Adam Svensson,16.67%,2,12
11,Cameron Young,16.67%,2,12
11,Will Zalatoris,16.67%,2,12
24,Keegan Bradley,8.33%,1,12
24,Patrick Cantlay,8.33%,1,12
24,Corey Conners,8.33%,1,12
24,Tom Hoge,8.33%,1,12
24,Mackenzie Hughes,8.33%,1,12
24,Sungjae Im,8.33%,1,12
24,K.H. Lee,8.33%,1,12
24,Hideki Matsuyama,8.33%,1,12
24,Collin Morikawa,8.33%,1,12
24,J.T. Poston,8.33%,1,12
24,Seamus Power,8.33%,1,12
24,Adam Scott,8.33%,1,12
24,Sahith Theegala,8.33%,1,12
37,Matt Fitzpatrick,.00%,0,12
37,Scottie Scheffler,.00%,0,12
