rank,player,Value,Total Drv Rank,GIR Rank
1,Nick Hardy,4,2,2
2,Adam Schenk,9,3,6
3,Max Homa,19,6,13
4,Corey Conners,20,14,6
5,Xander Schauffele,23,20,3
6,Andrew Putnam,26,23,3
6,Sahith Theegala,26,20,6
8,Taylor Moore,27,1,26
9,Collin Morikawa,28,15,13
10,Adam Svensson,29,10,19
11,Kurt Kitayama,30,4,26
12,Lucas Glover,31,25,6
12,J.T. Poston,31,18,13
14,Jason Day,33,7,26
15,Wyndham Clark,35,29,6
16,Harris English,36,10,26
17,Patrick Rodgers,41,38,3
17,Scottie Scheffler,41,40,1
17,Sepp Straka,41,35,6
20,Seamus Power,44,18,26
21,Justin Rose,45,4,41
22,Viktor Hovland,46,20,26
23,Tom Kim,47,30,17
24,Patrick Cantlay,48,42,6
25,Eric Cole,50,9,41
25,Matt Fitzpatrick,50,16,34
25,Lee Hodges,50,16,34
28,Emiliano Grillo,53,12,41
29,Ludvig Åberg,55,7,48
29,Adam Hadwin,55,42,13
31,Cameron Young,57,23,34
32,Tom Hoge,59,42,17
33,Tony Finau,64,30,34
33,Vincent Norrman,64,13,51
35,Chris Kirk,68,49,19
36,Byeong Hun An,69,35,34
36,Cam Davis,69,28,41
36,Sungjae Im,69,50,19
39,Nick Taylor,70,51,19
40,Jordan Spieth,71,52,19
41,Denny McCarthy,73,47,26
42,Keegan Bradley,74,55,19
43,Matt Wallace,75,56,19
44,Davis Riley,76,25,51
45,Brian Harman,78,37,41
45,Erik van Rooyen,78,27,51
47,Tyrrell Hatton,80,54,26
47,Si Woo Kim,80,46,34
49,Sam Burns,81,30,51
49,Hideki Matsuyama,81,30,51
51,Tommy Fleetwood,87,30,57
52,Akshay Bhatia,88,47,41
53,Brendon Todd,89,41,48
54,Nico Echavarria,90,39,51
54,Russell Henley,90,42,48
56,Mackenzie Hughes,92,58,34
57,Rickie Fowler,98,57,41
58,Luke List,109,52,57
59,Camilo Villegas,118,59,59
