rank,player,%,Greens Hit,# Holes,Relative/Par
1,Scottie Scheffler,91.67%,66,72,-0.41
2,Nick Hardy,90.28%,65,72,-0.26
3,Andrew Putnam,88.89%,64,72,-0.34
3,Patrick Rodgers,88.89%,64,72,-0.39
3,Xander Schauffele,88.89%,64,72,-0.39
6,Patrick Cantlay,87.50%,63,72,-0.41
6,Wyndham Clark,87.50%,63,72,-0.37
6,Corey Conners,87.50%,63,72,-0.35
6,Lucas Glover,87.50%,63,72,-0.33
6,Adam Schenk,87.50%,63,72,-0.35
6,Sepp Straka,87.50%,63,72,-0.43
6,Sahith Theegala,87.50%,63,72,-0.48
13,Adam Hadwin,86.11%,62,72,-0.42
13,Max Homa,86.11%,62,72,-0.39
13,Collin Morikawa,86.11%,62,72,-0.42
13,J.T. Poston,86.11%,62,72,-0.42
17,Tom Hoge,84.72%,61,72,-0.39
17,Tom Kim,84.72%,61,72,-0.28
19,Keegan Bradley,83.33%,60,72,-0.35
19,Sungjae Im,83.33%,60,72,-0.57
19,Chris Kirk,83.33%,60,72,-0.50
19,Jordan Spieth,83.33%,60,72,-0.50
19,Adam Svensson,83.33%,60,72,-0.40
19,Nick Taylor,83.33%,60,72,-0.32
19,Matt Wallace,83.33%,60,72,-0.37
26,Jason Day,81.94%,59,72,-0.47
26,Harris English,81.94%,59,72,-0.46
26,Tyrrell Hatton,81.94%,59,72,-0.47
26,Viktor Hovland,81.94%,59,72,-0.44
26,Kurt Kitayama,81.94%,59,72,-0.37
26,Denny McCarthy,81.94%,59,72,-0.36
26,Taylor Moore,81.94%,59,72,-0.42
26,Seamus Power,81.94%,59,72,-0.36
34,Byeong Hun An,80.56%,58,72,-0.50
34,Tony Finau,80.56%,58,72,-0.45
34,Matt Fitzpatrick,80.56%,58,72,-0.48
34,Lee Hodges,80.56%,58,72,-0.29
34,Mackenzie Hughes,80.56%,58,72,-0.43
34,Si Woo Kim,80.56%,58,72,-0.40
34,Cameron Young,80.56%,58,72,-0.41
41,Akshay Bhatia,79.17%,57,72,-0.46
41,Eric Cole,79.17%,57,72,-0.42
41,Cam Davis,79.17%,57,72,-0.40
41,Rickie Fowler,79.17%,57,72,-0.40
41,Emiliano Grillo,79.17%,57,72,-0.39
41,Brian Harman,79.17%,57,72,-0.54
41,Justin Rose,79.17%,57,72,-0.40
48,Ludvig Åberg,77.78%,56,72,-0.39
48,Russell Henley,77.78%,56,72,-0.32
48,Brendon Todd,77.78%,56,72,-0.43
51,Sam Burns,76.39%,55,72,-0.40
51,Nico Echavarria,76.39%,55,72,-0.51
51,Hideki Matsuyama,76.39%,55,72,-0.29
51,Vincent Norrman,76.39%,55,72,-0.25
51,Davis Riley,76.39%,55,72,-0.42
51,Erik van Rooyen,76.39%,55,72,-0.45
57,Tommy Fleetwood,75.00%,54,72,-0.37
57,Luke List,75.00%,54,72,-0.46
59,Camilo Villegas,73.61%,53,72,-0.34
