rank,player,Avg,Total SG:Putting,Measured Rounds
1,Daniel Chopra,2.445,9.780,4
2,Justin Leonard,1.203,4.810,4
3,Stephen Ames,1.171,4.684,4
4,Charles Howell III,1.033,4.131,4
5,Hunter Mahan,.980,3.918,4
6,Aaron Baddeley,.912,3.649,4
7,Mike Weir,.626,2.505,4
8,Nick Watney,.586,2.342,4
9,Jim Furyk,.495,1.981,4
10,Steve Stricker,.469,1.874,4
11,Zach Johnson,.306,1.225,4
12,Jonathan Byrd,.202,.807,4
13,K.J. Choi,.186,.742,4
14,Brandt Snedeker,.179,.716,4
15,Chad Campbell,.116,.464,4
16,Woody Austin,-.108,-.430,4
17,Henrik Stenson,-.135,-.541,4
18,Scott Verplank,-.171,-.684,4
19,Boo Weekley,-.338,-1.350,4
20,Paul Goydos,-.417,-1.667,4
21,Steve Flesch,-.448,-1.791,4
22,Fred Funk,-.474,-1.897,4
23,George McNeill,-.622,-2.488,4
24,Brian Bateman,-.680,-2.721,4
25,Rory Sabbatini,-.694,-2.776,4
26,Joe Ogilvie,-.791,-3.162,4
27,Mark Calcavecchia,-.800,-3.199,4
28,Ángel Cabrera,-.848,-3.391,4
29,Mark Wilson,-1.281,-5.125,4
30,Charley Hoffman,-1.314,-5.257,4
31,Vijay Singh,-1.784,-7.135,4
