rank,player,Avg,Total SG:ARG,Measured Rounds
1,Mike Weir,.860,3.439,4
2,Ángel Cabrera,.605,2.418,4
3,Stephen Ames,.392,1.567,4
4,Justin Leonard,.345,1.380,4
5,Rory Sabbatini,.337,1.346,4
6,Jonathan Byrd,.335,1.341,4
7,Jim Furyk,.286,1.144,4
8,Brandt Snedeker,.252,1.007,4
9,Vijay Singh,.231,.925,4
10,Steve Stricker,.213,.851,4
11,K.J. Choi,.164,.655,4
12,Joe Ogilvie,.142,.568,4
13,Boo Weekley,.075,.301,4
14,Charles Howell III,.067,.267,4
15,Woody Austin,.066,.265,4
16,Mark Calcavecchia,.053,.212,4
17,Nick Watney,.002,.009,4
18,Daniel Chopra,-.028,-.113,4
19,Paul Goydos,-.095,-.381,4
20,Chad Campbell,-.121,-.485,4
21,Aaron Baddeley,-.136,-.545,4
22,Steve Flesch,-.151,-.604,4
23,Charley Hoffman,-.227,-.908,4
24,Fred Funk,-.234,-.935,4
25,Mark Wilson,-.283,-1.132,4
26,Hunter Mahan,-.320,-1.279,4
27,Zach Johnson,-.381,-1.522,4
28,George McNeill,-.418,-1.670,4
29,Brian Bateman,-.503,-2.013,4
30,Scott Verplank,-.533,-2.131,4
31,Henrik Stenson,-.995,-3.979,4
