rank,player,Avg,Total SG:APP,Measured Rounds
1,Steve Stricker,1.556,6.223,4
2,Vijay Singh,1.384,5.536,4
3,Mark Calcavecchia,1.344,5.375,4
4,Brandt Snedeker,.963,3.851,4
5,Chad Campbell,.847,3.386,4
6,Ángel Cabrera,.689,2.756,4
7,Jim Furyk,.646,2.584,4
8,Steve Flesch,.639,2.554,4
9,Hunter Mahan,.376,1.503,4
10,Daniel Chopra,.323,1.291,4
11,Stephen Ames,.319,1.274,4
12,Fred Funk,.267,1.068,4
13,Nick Watney,.245,.980,4
14,Scott Verplank,.226,.904,4
15,Jonathan Byrd,.116,.465,4
15,Mike Weir,.116,.463,4
17,Rory Sabbatini,.099,.394,4
18,Charley Hoffman,.069,.275,4
19,Brian Bateman,.056,.222,4
20,Mark Wilson,-.134,-.534,4
21,Charles Howell III,-.279,-1.116,4
22,Justin Leonard,-.306,-1.222,4
23,Zach Johnson,-.341,-1.364,4
24,Boo Weekley,-.631,-2.525,4
25,George McNeill,-.654,-2.617,4
26,Aaron Baddeley,-.659,-2.634,4
27,Henrik Stenson,-.722,-2.886,4
28,Woody Austin,-.729,-2.916,4
29,Paul Goydos,-.878,-3.512,4
30,K.J. Choi,-2.171,-8.685,4
31,Joe Ogilvie,-2.774,-11.097,4
