rank,player,Total,Distance Rank,Accuracy Rank
1,Taylor Moore,15,3,12
2,Nick Hardy,17,15,2
3,Adam Schenk,24,10,14
4,Kurt Kitayama,32,8,24
4,Justin Rose,32,18,14
6,Max Homa,34,20,14
7,Ludvig Åberg,35,5,30
7,Jason Day,35,11,24
9,Eric Cole,37,23,14
10,Harris English,38,32,6
10,Adam Svensson,38,31,7
12,Emiliano Grillo,45,43,2
13,Vincent Norrman,46,7,39
14,Corey Conners,47,38,9
15,Collin Morikawa,49,47,2
16,Matt Fitzpatrick,50,11,39
16,Lee Hodges,50,26,24
18,J.T. Poston,51,37,14
18,Seamus Power,51,42,9
20,Viktor Hovland,52,2,50
20,Xander Schauffele,52,13,39
20,Sahith Theegala,52,18,34
23,Andrew Putnam,53,52,1
23,Cameron Young,53,14,39
25,Lucas Glover,55,53,2
25,Davis Riley,55,16,39
27,Erik van Rooyen,56,22,34
28,Cam Davis,57,9,48
29,Wyndham Clark,58,1,57
30,Sam Burns,59,6,53
30,Tony Finau,59,29,30
30,Tommy Fleetwood,59,35,24
30,Tom Kim,59,45,14
30,Hideki Matsuyama,59,25,34
35,Byeong Hun An,60,21,39
35,Sepp Straka,60,46,14
37,Brian Harman,61,49,12
38,Patrick Rodgers,63,4,59
39,Nico Echavarria,64,50,14
40,Scottie Scheffler,65,17,48
41,Brendon Todd,66,59,7
42,Patrick Cantlay,67,28,39
42,Adam Hadwin,67,43,24
42,Russell Henley,67,58,9
42,Tom Hoge,67,33,34
46,Si Woo Kim,68,54,14
47,Akshay Bhatia,69,35,34
47,Denny McCarthy,69,55,14
49,Chris Kirk,70,40,30
50,Sungjae Im,71,41,30
51,Nick Taylor,75,51,24
52,Luke List,77,27,50
52,Jordan Spieth,77,24,53
54,Tyrrell Hatton,78,39,39
55,Keegan Bradley,85,29,56
56,Matt Wallace,87,34,53
57,Rickie Fowler,95,56,39
58,Mackenzie Hughes,105,48,57
59,Camilo Villegas,107,57,50
