rank,player,Avg,Total SG:OTT,Measured Rounds
1,Xander Schauffele,1.004,4.014,4
2,Wyndham Clark,0.973,3.890,4
3,Scottie Scheffler,0.871,3.484,4
4,Max Homa,0.779,3.115,4
5,Patrick Cantlay,0.742,2.966,4
6,Taylor Moore,0.738,2.953,4
7,Collin Morikawa,0.688,2.752,4
8,Viktor Hovland,0.676,2.702,4
9,Emiliano Grillo,0.632,2.527,4
10,Erik van Rooyen,0.610,2.438,4
11,Harris English,0.607,2.427,4
12,Adam Schenk,0.475,1.899,4
13,Sahith Theegala,0.459,1.837,4
14,Adam Hadwin,0.421,1.682,4
15,Tony Finau,0.385,1.538,4
16,J.T. Poston,0.383,1.531,4
17,Corey Conners,0.370,1.478,4
18,Byeong Hun An,0.311,1.244,4
19,Kurt Kitayama,0.284,1.134,4
20,Jason Day,0.269,1.074,4
21,Patrick Rodgers,0.242,0.969,4
22,Sungjae Im,0.239,0.954,4
23,Akshay Bhatia,0.221,0.883,4
24,Matt Fitzpatrick,0.220,0.881,4
25,Lee Hodges,0.219,0.875,4
26,Lucas Glover,0.208,0.830,4
27,Chris Kirk,0.206,0.822,4
28,Nick Hardy,0.182,0.726,4
29,Cameron Young,0.071,0.283,4
30,Sam Burns,0.058,0.233,4
31,Sepp Straka,0.055,0.218,4
32,Si Woo Kim,0.020,0.081,4
33,Adam Svensson,0.006,0.022,4
34,Tom Kim,-0.017,-0.067,4
35,Jordan Spieth,-0.029,-0.117,4
36,Andrew Putnam,-0.031,-0.125,4
37,Matt Wallace,-0.068,-0.272,4
38,Cam Davis,-0.072,-0.288,4
39,Brian Harman,-0.111,-0.443,4
40,Ludvig Åberg,-0.245,-0.980,4
41,Tom Hoge,-0.279,-1.118,4
42,Keegan Bradley,-0.286,-1.146,4
43,Hideki Matsuyama,-0.308,-1.232,4
44,Tyrrell Hatton,-0.329,-1.316,4
45,Nico Echavarria,-0.335,-1.342,4
46,Russell Henley,-0.462,-1.847,4
46,Luke List,-0.462,-1.847,4
48,Tommy Fleetwood,-0.533,-2.134,4
49,Denny McCarthy,-0.554,-2.215,4
50,Mackenzie Hughes,-0.577,-2.307,4
51,Vincent Norrman,-0.602,-2.410,4
52,Nick Taylor,-0.608,-2.431,4
53,Justin Rose,-0.675,-2.700,4
54,Eric Cole,-0.713,-2.853,4
55,Seamus Power,-0.737,-2.950,4
56,Rickie Fowler,-1.244,-4.978,4
57,Camilo Villegas,-1.338,-5.353,4
58,Brendon Todd,-1.499,-5.995,4
59,Davis Riley,-1.504,-6.015,4
