rank,player,Avg,Total Ball Speed,Total Attempts
1,Wyndham Clark,183.42,"8,070.46",44
2,Cameron Young,181.69,"8,539.50",47
3,Tony Finau,181.39,"7,981.01",44
4,Xander Schauffele,180.45,"7,218.10",40
5,Byeong Hun An,179.89,"7,195.66",40
6,Taylor Moore,179.41,"8,073.51",45
7,Patrick Rodgers,179.36,"9,147.43",51
8,Vincent Norrman,179.16,"8,778.97",49
8,Adam Schenk,179.16,"8,599.46",48
10,Sam Burns,178.24,"7,842.39",44
11,Ludvig Åberg,177.58,"8,523.71",48
12,Luke List,176.62,"8,654.22",49
13,Davis Riley,176.55,"9,004.03",51
14,Corey Conners,176.30,"8,109.79",46
15,Kurt Kitayama,176.27,"7,579.46",43
16,Viktor Hovland,176.16,"9,336.55",53
17,Matt Fitzpatrick,175.68,"8,432.44",48
18,Matt Wallace,175.56,"7,548.88",43
19,Jordan Spieth,175.55,"8,601.94",49
20,Scottie Scheffler,175.53,"9,478.79",54
21,Nick Hardy,175.17,"8,232.98",47
22,Adam Svensson,174.73,"8,037.47",46
23,Patrick Cantlay,174.63,"8,382.01",48
24,Adam Hadwin,174.41,"8,197.34",47
25,Erik van Rooyen,174.29,"8,191.71",47
26,Max Homa,173.52,"8,675.84",50
27,Sahith Theegala,173.41,"8,497.22",49
28,Akshay Bhatia,173.37,"7,108.05",41
29,Harris English,173.27,"8,490.20",49
30,Jason Day,172.80,"5,702.33",33
31,Cam Davis,172.71,"8,117.51",47
32,Hideki Matsuyama,172.38,"8,446.74",49
33,Eric Cole,172.34,"7,583.10",44
34,Tom Hoge,172.25,"8,440.43",49
35,Sungjae Im,171.82,"9,106.61",53
36,Keegan Bradley,171.73,"7,899.54",46
37,Mackenzie Hughes,171.30,"8,564.94",50
38,Lee Hodges,171.05,"7,697.18",45
39,Collin Morikawa,171.01,"8,208.53",48
40,Tommy Fleetwood,170.96,"8,718.75",51
41,Chris Kirk,170.89,"7,177.50",42
42,Tyrrell Hatton,170.87,"8,201.86",48
43,Seamus Power,170.74,"7,683.27",45
44,Justin Rose,169.91,"8,325.52",49
45,Rickie Fowler,169.81,"7,301.74",43
46,J.T. Poston,168.73,"7,761.79",46
47,Tom Kim,168.50,"7,919.36",47
48,Emiliano Grillo,168.24,"7,907.48",47
49,Camilo Villegas,167.94,"7,557.09",45
50,Nico Echavarria,167.83,"8,223.56",49
51,Si Woo Kim,167.43,"8,706.20",52
52,Lucas Glover,166.89,"7,843.62",47
53,Sepp Straka,166.39,"7,986.71",48
54,Nick Taylor,166.00,"7,968.05",48
55,Brian Harman,165.83,"8,789.17",53
56,Denny McCarthy,165.82,"8,125.05",49
57,Andrew Putnam,164.35,"7,889.00",48
58,Russell Henley,164.07,"8,367.44",51
59,Brendon Todd,162.82,"7,978.31",49
