rank,player,Stroke Differential,Player's Score,Field Average Score
1,Zach Johnson,+2.33,68.25,70.58
2,Jordan Spieth,+2.08,68.50,70.58
3,Webb Simpson,+1.83,68.75,70.58
3,Kevin Streelman,+1.83,68.75,70.58
5,Jason Dufner,+1.33,69.25,70.58
6,Billy Horschel,+1.08,69.50,70.58
6,Dustin Johnson,+1.08,69.50,70.58
6,Matt Kuchar,+1.08,69.50,70.58
6,Adam Scott,+1.08,69.50,70.58
10,Ryan Moore,+.83,69.75,70.58
11,Harris English,+.58,70.00,70.58
11,Brandt Snedeker,+.58,70.00,70.58
13,Woody Austin,+.33,70.25,70.58
13,Brian Gay,+.33,70.25,70.58
13,Gary Woodland,+.33,70.25,70.58
16,Ken Duke,+.08,70.50,70.58
16,Chris Kirk,+.08,70.50,70.58
16,Patrick Reed,+.08,70.50,70.58
16,Michael Thompson,+.08,70.50,70.58
20,Martin Laird,-.17,70.75,70.58
21,Sangmoon Bae,-.67,71.25,70.58
21,Jonas Blixt,-.67,71.25,70.58
21,Jimmy Walker,-.67,71.25,70.58
24,Scott Brown,-1.17,71.75,70.58
24,Bill Haas,-1.17,71.75,70.58
26,Boo Weekley,-1.42,72.00,70.58
27,Russell Henley,-1.67,72.25,70.58
28,John Merrick,-2.42,73.00,70.58
28,D.A. Points,-2.42,73.00,70.58
30,Derek Ernst,-4.67,75.25,70.58
