rank,player,Avg,Total Strokes,Total Rounds
1,Zach Johnson,68.25,273,4
2,Jordan Spieth,68.50,274,4
3,Webb Simpson,68.75,275,4
3,Kevin Streelman,68.75,275,4
5,Jason Dufner,69.25,277,4
6,Billy Horschel,69.50,278,4
6,Dustin Johnson,69.50,278,4
6,Matt Kuchar,69.50,278,4
6,Adam Scott,69.50,278,4
10,Ryan Moore,69.75,279,4
11,Harris English,70.00,280,4
11,Brandt Snedeker,70.00,280,4
13,Woody Austin,70.25,281,4
13,Brian Gay,70.25,281,4
13,Gary Woodland,70.25,281,4
16,Ken Duke,70.50,282,4
16,Chris Kirk,70.50,282,4
16,Patrick Reed,70.50,282,4
16,Michael Thompson,70.50,282,4
20,Martin Laird,70.75,283,4
21,Sangmoon Bae,71.25,285,4
21,Jonas Blixt,71.25,285,4
21,Jimmy Walker,71.25,285,4
24,Scott Brown,71.75,287,4
24,Bill Haas,71.75,287,4
26,Boo Weekley,72.00,288,4
27,Russell Henley,72.25,289,4
28,John Merrick,73.00,292,4
28,D.A. Points,73.00,292,4
30,Derek Ernst,75.25,301,4
