rank,player,Avg,Total Strokes,Total Rounds
1,Zach Johnson,66.50,133,2
2,Dustin Johnson,68.00,136,2
2,Matt Kuchar,68.00,136,2
2,Jordan Spieth,68.00,136,2
5,Webb Simpson,68.50,137,2
5,Michael Thompson,68.50,137,2
7,Ryan Moore,69.00,138,2
7,Kevin Streelman,69.00,138,2
9,Jason Dufner,69.50,139,2
9,Ken Duke,69.50,139,2
9,Brandt Snedeker,69.50,139,2
12,Adam Scott,70.00,140,2
13,Harris English,70.50,141,2
13,Chris Kirk,70.50,141,2
13,Gary Woodland,70.50,141,2
16,Woody Austin,71.00,142,2
16,Sangmoon Bae,71.00,142,2
16,Patrick Reed,71.00,142,2
19,Martin Laird,71.50,143,2
20,Scott Brown,72.00,144,2
20,Bill Haas,72.00,144,2
20,Russell Henley,72.00,144,2
20,Billy Horschel,72.00,144,2
24,Boo Weekley,72.50,145,2
25,Jonas Blixt,73.00,146,2
25,Brian Gay,73.00,146,2
25,D.A. Points,73.00,146,2
25,Jimmy Walker,73.00,146,2
29,John Merrick,73.50,147,2
30,Derek Ernst,77.50,155,2
