rank,player,Value,Tourn/Course,Round
1,Brian Gay,65,Hyundai T of C/,3
2,Billy Horschel,66,Hyundai T of C/,4
2,Dustin Johnson,66,Hyundai T of C/,2
2,Zach Johnson,66,Hyundai T of C/,4
2,Chris Kirk,66,Hyundai T of C/,1
2,Webb Simpson,66,Hyundai T of C/,1
2,Jordan Spieth,66,Hyundai T of C/,1
2,Michael Thompson,66,Hyundai T of C/,1
9,Jason Dufner,67,Hyundai T of C/,1
9,Matt Kuchar,67,Hyundai T of C/,4
9,Ryan Moore,67,Hyundai T of C/,1
9,Patrick Reed,67,Hyundai T of C/,3
9,Kevin Streelman,67,Hyundai T of C/,4
9,Jimmy Walker,67,Hyundai T of C/,3
9,Gary Woodland,67,Hyundai T of C/,3
16,Woody Austin,68,Hyundai T of C/,3
16,Scott Brown,68,Hyundai T of C/,3
18,Sangmoon Bae,69,Hyundai T of C/,1
18,Jonas Blixt,69,Hyundai T of C/,3
18,Ken Duke,69,Hyundai T of C/,2
18,Harris English,69,Hyundai T of C/,4
18,Bill Haas,69,Hyundai T of C/,3
18,Adam Scott,69,Hyundai T of C/,4
18,Brandt Snedeker,69,Hyundai T of C/,3
25,Derek Ernst,70,Hyundai T of C/,4
25,Russell Henley,70,Hyundai T of C/,3
25,Martin Laird,70,Hyundai T of C/,4
25,Boo Weekley,70,Hyundai T of C/,3
29,John Merrick,71,Hyundai T of C/,3
30,D.A. Points,72,Hyundai T of C/,1
