rank,player,%,Total Birdies,Total Holes
1,Jason Day,55.56,15,27
2,John Senden,50.00,14,28
3,Robert Streb,48.15,13,27
3,Jimmy Walker,48.15,13,27
5,S.Y. Noh,44.44,12,27
6,Patrick Reed,41.94,13,31
7,Zach Johnson,41.38,12,29
8,Sangmoon Bae,39.29,11,28
9,Geoff Ogilvy,38.46,10,26
10,Matt Kuchar,37.93,11,29
11,Russell Henley,37.50,9,24
11,Chris Kirk,37.50,9,24
11,Scott Stallings,37.50,12,32
14,Charley Hoffman,36.67,11,30
15,Ryan Moore,36.36,8,22
16,Steven Bowditch,35.71,10,28
17,Matt Every,35.29,12,34
18,Brendon Todd,34.62,9,26
19,Ángel Cabrera,34.48,10,29
20,J.B. Holmes,34.38,11,32
21,Chesson Hadley,32.14,9,28
22,Brian Harman,31.25,10,32
23,Bubba Watson,31.03,9,29
24,Matt Jones,30.77,8,26
25,Hideki Matsuyama,30.43,7,23
26,Billy Horschel,30.30,10,33
27,Camilo Villegas,29.17,7,24
28,Hunter Mahan,28.57,8,28
28,Nick Taylor,28.57,8,28
30,Ben Martin,25.93,7,27
30,Kevin Streelman,25.93,7,27
32,Tim Clark,21.74,5,23
33,Ben Crane,21.05,4,19
