rank,player,Avg RTP
1,Jimmy Walker,-.750
2,Jason Day,-.500
2,Matt Jones,-.500
2,Ben Martin,-.500
2,Scott Stallings,-.500
2,Camilo Villegas,-.500
7,Brian Harman,-.429
7,Charley Hoffman,-.429
9,Geoff Ogilvy,-.400
10,Patrick Reed,-.375
11,J.B. Holmes,-.333
11,Zach Johnson,-.333
11,Ryan Moore,-.333
11,Nick Taylor,-.333
15,Russell Henley,-.313
16,Hideki Matsuyama,-.300
17,Tim Clark,-.286
18,Ángel Cabrera,-.250
19,Matt Every,-.200
19,Billy Horschel,-.200
19,Kevin Streelman,-.200
19,Brendon Todd,-.200
23,Hunter Mahan,-.167
23,S.Y. Noh,-.167
25,John Senden,-.143
26,Ben Crane,-.125
27,Sangmoon Bae,-.100
28,Chesson Hadley,E
28,Chris Kirk,E
28,Matt Kuchar,E
28,Robert Streb,E
32,Bubba Watson,+.143
33,Steven Bowditch,+.200
