rank,player,Avg RTP
1,Zach Johnson,-1.000
1,Chris Kirk,-1.000
1,John Senden,-1.000
4,Sangmoon Bae,-.600
5,Steven Bowditch,-.500
5,Tim Clark,-.500
5,Ben Crane,-.500
5,Chesson Hadley,-.500
5,Brian Harman,-.500
10,Matt Jones,-.333
10,Bubba Watson,-.333
12,Russell Henley,-.250
13,Hunter Mahan,-.167
13,Hideki Matsuyama,-.167
15,Robert Streb,-.143
16,Jason Day,E
16,Matt Every,E
16,Charley Hoffman,E
16,Matt Kuchar,E
16,S.Y. Noh,E
16,Geoff Ogilvy,E
16,Patrick Reed,E
16,Scott Stallings,E
16,Nick Taylor,E
16,Brendon Todd,E
16,Jimmy Walker,E
27,Ryan Moore,+.250
28,J.B. Holmes,+.333
28,Kevin Streelman,+.333
30,Ben Martin,+.500
