rank,player,Avg RTP
1,Tim Clark,-1.000
2,Sangmoon Bae,-.500
2,Ben Crane,-.500
4,Matt Kuchar,-.333
5,Charley Hoffman,-.286
6,Brian Harman,-.200
6,Matt Jones,-.200
6,Patrick Reed,-.200
9,Hideki Matsuyama,-.182
10,Steven Bowditch,E
10,Jason Day,E
10,Russell Henley,E
10,J.B. Holmes,E
10,Billy Horschel,E
10,Ben Martin,E
10,Ryan Moore,E
10,S.Y. Noh,E
10,Geoff Ogilvy,E
10,John Senden,E
10,Scott Stallings,E
10,Nick Taylor,E
10,Camilo Villegas,E
10,Jimmy Walker,E
10,Bubba Watson,E
25,Chris Kirk,+.167
26,Hunter Mahan,+.200
26,Robert Streb,+.200
28,Brendon Todd,+.250
29,Ángel Cabrera,+.333
30,Chesson Hadley,+.500
31,Kevin Streelman,+.667
32,Matt Every,+.750
33,Zach Johnson,+1.000
