rank,player,Avg RTP
1,John Senden,-.458
2,Jimmy Walker,-.450
3,Robert Streb,-.400
4,S.Y. Noh,-.368
5,Jason Day,-.353
6,Sangmoon Bae,-.350
6,Ryan Moore,-.350
6,Scott Stallings,-.350
9,Charley Hoffman,-.318
10,Matt Kuchar,-.316
11,Steven Bowditch,-.313
12,Russell Henley,-.300
13,J.B. Holmes,-.292
13,Zach Johnson,-.292
15,Brendon Todd,-.286
16,Chris Kirk,-.278
17,Patrick Reed,-.261
18,Billy Horschel,-.250
19,Camilo Villegas,-.238
20,Ángel Cabrera,-.227
21,Hideki Matsuyama,-.222
22,Matt Jones,-.217
23,Bubba Watson,-.211
24,Brian Harman,-.200
24,Ben Martin,-.200
26,Matt Every,-.192
27,Chesson Hadley,-.182
27,Geoff Ogilvy,-.182
29,Hunter Mahan,-.158
30,Kevin Streelman,-.091
31,Ben Crane,-.053
32,Nick Taylor,-.043
33,Tim Clark,E
