rank,player,Avg RTP
1,Charley Hoffman,-1.000
2,Sangmoon Bae,-.667
3,Russell Henley,-.500
4,Chris Kirk,-.333
5,Patrick Reed,-.250
6,Steven Bowditch,-.167
7,Ángel Cabrera,E
7,Ben Crane,E
7,Jason Day,E
7,J.B. Holmes,E
7,Billy Horschel,E
7,Zach Johnson,E
7,Matt Jones,E
7,Matt Kuchar,E
7,Ben Martin,E
7,Ryan Moore,E
7,John Senden,E
7,Robert Streb,E
7,Kevin Streelman,E
7,Jimmy Walker,E
21,Matt Every,+.333
21,Chesson Hadley,+.333
21,Hideki Matsuyama,+.333
24,Scott Stallings,+.500
25,Tim Clark,+1.000
