rank,player,%,Total Birdies,Total Holes
1,Tim Clark,100.00,2,2
2,Sangmoon Bae,50.00,3,6
2,Ben Crane,50.00,3,6
4,Chris Kirk,33.33,2,6
4,Matt Kuchar,33.33,2,6
6,Charley Hoffman,28.57,2,7
7,Hideki Matsuyama,27.27,3,11
8,Russell Henley,25.00,1,4
9,Brian Harman,20.00,1,5
9,Matt Jones,20.00,1,5
9,Ben Martin,20.00,1,5
9,Patrick Reed,20.00,1,5
9,Scott Stallings,20.00,1,5
14,S.Y. Noh,16.67,1,6
15,Steven Bowditch,14.29,1,7
16,Jason Day,12.50,1,8
17,Ángel Cabrera,.00,0,3
17,Matt Every,.00,0,4
17,Chesson Hadley,.00,0,4
17,J.B. Holmes,.00,0,1
17,Billy Horschel,.00,0,2
17,Zach Johnson,.00,0,1
17,Hunter Mahan,.00,0,5
17,Ryan Moore,.00,0,2
17,Geoff Ogilvy,.00,0,3
17,John Senden,.00,0,2
17,Robert Streb,.00,0,5
17,Kevin Streelman,.00,0,3
17,Nick Taylor,.00,0,1
17,Brendon Todd,.00,0,4
17,Camilo Villegas,.00,0,2
17,Jimmy Walker,.00,0,1
17,Bubba Watson,.00,0,4
