rank,player,Avg RTP
1,Sangmoon Bae,-.500
1,Russell Henley,-.500
1,Matt Jones,-.500
1,Matt Kuchar,-.500
1,Jimmy Walker,-.500
6,Zach Johnson,-.400
7,Ryan Moore,-.333
7,Camilo Villegas,-.333
9,Charley Hoffman,-.286
10,Billy Horschel,-.250
10,Ben Martin,-.250
12,Steven Bowditch,-.200
12,Chris Kirk,-.200
12,Brendon Todd,-.200
15,Tim Clark,-.167
16,Kevin Streelman,-.143
17,Ben Crane,E
17,Jason Day,E
17,Matt Every,E
17,Chesson Hadley,E
17,Hunter Mahan,E
17,Hideki Matsuyama,E
17,S.Y. Noh,E
17,Geoff Ogilvy,E
17,Patrick Reed,E
17,John Senden,E
17,Scott Stallings,E
17,Robert Streb,E
17,Nick Taylor,E
17,Bubba Watson,E
31,Ángel Cabrera,+.250
32,Brian Harman,+.500
32,J.B. Holmes,+.500
