rank,player,Avg RTP
1,Tim Clark,-1.000
1,Ben Crane,-1.000
1,Zach Johnson,-1.000
1,John Senden,-1.000
5,Steven Bowditch,-.500
5,Jason Day,-.500
5,Matt Every,-.500
8,Russell Henley,-.333
9,Hunter Mahan,-.250
10,Sangmoon Bae,E
10,Chesson Hadley,E
10,Matt Jones,E
10,Matt Kuchar,E
10,Hideki Matsuyama,E
10,S.Y. Noh,E
10,Geoff Ogilvy,E
10,Patrick Reed,E
10,Scott Stallings,E
10,Robert Streb,E
10,Kevin Streelman,E
10,Nick Taylor,E
10,Jimmy Walker,E
10,Bubba Watson,E
24,J.B. Holmes,+.500
