rank,player,Avg RTP
1,Billy Horschel,-1.000
1,Zach Johnson,-1.000
3,Ben Crane,-.444
4,Sangmoon Bae,-.400
5,Steven Bowditch,-.333
5,Tim Clark,-.333
5,Chesson Hadley,-.333
5,Russell Henley,-.333
5,Chris Kirk,-.333
10,Brian Harman,-.200
10,Patrick Reed,-.200
12,S.Y. Noh,-.167
12,Geoff Ogilvy,-.167
14,Matt Every,-.143
15,Robert Streb,-.125
15,Camilo Villegas,-.125
17,Charley Hoffman,E
17,Matt Kuchar,E
17,Hunter Mahan,E
17,Ben Martin,E
17,Hideki Matsuyama,E
17,Scott Stallings,E
17,Brendon Todd,E
17,Jimmy Walker,E
17,Bubba Watson,E
26,Jason Day,+.222
27,Ángel Cabrera,+.250
27,J.B. Holmes,+.250
27,Matt Jones,+.250
30,John Senden,+.286
31,Nick Taylor,+.333
32,Kevin Streelman,+.400
33,Ryan Moore,+.667
