rank,player,Avg RTP
1,Billy Horschel,-1.000
2,Ben Crane,-.333
2,Matt Every,-.333
2,Russell Henley,-.333
5,Tim Clark,-.250
5,S.Y. Noh,-.250
5,Patrick Reed,-.250
8,Geoff Ogilvy,-.200
9,Camilo Villegas,-.125
10,Sangmoon Bae,E
10,Steven Bowditch,E
10,Chesson Hadley,E
10,Brian Harman,E
10,Charley Hoffman,E
10,J.B. Holmes,E
10,Chris Kirk,E
10,Matt Kuchar,E
10,Ben Martin,E
10,Hideki Matsuyama,E
10,Scott Stallings,E
10,Robert Streb,E
10,Brendon Todd,E
10,Jimmy Walker,E
24,Hunter Mahan,+.200
25,Ángel Cabrera,+.250
26,Bubba Watson,+.333
27,Jason Day,+.500
27,Matt Jones,+.500
27,John Senden,+.500
27,Kevin Streelman,+.500
31,Ryan Moore,+1.000
31,Nick Taylor,+1.000
