rank,player,Avg RTP
1,Steven Bowditch,-1.000
1,Chris Kirk,-1.000
1,Hunter Mahan,-1.000
1,Hideki Matsuyama,-1.000
5,Robert Streb,-.667
5,Brendon Todd,-.667
7,Jason Day,-.500
7,Matt Jones,-.500
7,Ryan Moore,-.500
7,S.Y. Noh,-.500
7,Kevin Streelman,-.500
12,Bubba Watson,-.400
13,Brian Harman,-.333
13,Charley Hoffman,-.333
15,Nick Taylor,-.250
16,Jimmy Walker,-.200
17,Camilo Villegas,-.167
18,Sangmoon Bae,E
18,Ben Crane,E
18,Matt Every,E
18,Chesson Hadley,E
18,J.B. Holmes,E
18,Billy Horschel,E
18,Zach Johnson,E
18,Matt Kuchar,E
18,Geoff Ogilvy,E
18,Patrick Reed,E
18,John Senden,E
18,Scott Stallings,E
30,Tim Clark,+.167
31,Ben Martin,+.667
32,Ángel Cabrera,+1.000
