rank,player,Avg RTP
1,Tim Clark,-1.000
1,Billy Horschel,-1.000
1,Hideki Matsuyama,-1.000
1,Geoff Ogilvy,-1.000
1,Patrick Reed,-1.000
6,Jason Day,-.667
6,Jimmy Walker,-.667
8,Charley Hoffman,-.500
8,Chris Kirk,-.500
8,S.Y. Noh,-.500
8,Bubba Watson,-.500
12,Matt Kuchar,-.200
13,Sangmoon Bae,E
13,Steven Bowditch,E
13,Ángel Cabrera,E
13,Chesson Hadley,E
13,Brian Harman,E
13,Russell Henley,E
13,Hunter Mahan,E
13,Ben Martin,E
13,Ryan Moore,E
13,John Senden,E
13,Kevin Streelman,E
13,Nick Taylor,E
13,Brendon Todd,E
13,Camilo Villegas,E
27,Scott Stallings,+.200
28,Matt Every,+1.000
28,Zach Johnson,+1.000
28,Robert Streb,+1.000
