rank,player,%,Total Birdies,Total Holes
1,Sangmoon Bae,42.86,6,14
2,Ben Crane,41.67,5,12
2,Chris Kirk,41.67,5,12
4,Billy Horschel,40.00,2,5
5,Patrick Reed,38.46,5,13
6,Tim Clark,37.50,3,8
7,Russell Henley,33.33,4,12
8,S.Y. Noh,30.77,4,13
9,Brendon Todd,27.27,3,11
9,Camilo Villegas,27.27,3,11
11,Matt Every,25.00,3,12
11,Zach Johnson,25.00,1,4
11,Hideki Matsuyama,25.00,4,16
14,Geoff Ogilvy,22.22,2,9
14,Jimmy Walker,22.22,2,9
16,Charley Hoffman,20.00,2,10
16,Matt Jones,20.00,2,10
16,Matt Kuchar,20.00,3,15
16,Scott Stallings,20.00,2,10
20,Bubba Watson,18.18,2,11
21,Steven Bowditch,17.65,3,17
21,Jason Day,17.65,3,17
23,Brian Harman,12.50,1,8
24,Chesson Hadley,10.00,1,10
24,John Senden,10.00,1,10
26,Ben Martin,7.69,1,13
27,Hunter Mahan,7.14,1,14
27,Robert Streb,7.14,1,14
29,Ángel Cabrera,.00,0,9
29,J.B. Holmes,.00,0,5
29,Ryan Moore,.00,0,8
29,Kevin Streelman,.00,0,7
29,Nick Taylor,.00,0,6
