rank,player,Avg RTP
1,Patrick Reed,-.417
2,Billy Horschel,-.400
3,Ben Crane,-.375
4,Russell Henley,-.250
4,Charley Hoffman,-.250
4,Geoff Ogilvy,-.250
4,Jimmy Walker,-.250
8,Sangmoon Bae,-.222
9,Hideki Matsuyama,-.200
10,Tim Clark,-.167
10,Matt Kuchar,-.167
12,S.Y. Noh,-.091
12,Camilo Villegas,-.091
14,Steven Bowditch,E
14,Jason Day,E
14,Brian Harman,E
14,J.B. Holmes,E
14,Matt Jones,E
14,Chris Kirk,E
14,Ben Martin,E
14,Brendon Todd,E
22,Ángel Cabrera,+.111
23,Matt Every,+.125
23,Hunter Mahan,+.125
23,Bubba Watson,+.125
26,Robert Streb,+.143
27,Scott Stallings,+.222
28,Chesson Hadley,+.250
28,Ryan Moore,+.250
28,Kevin Streelman,+.250
31,Zach Johnson,+.333
31,John Senden,+.333
31,Nick Taylor,+.333
