rank,player,Avg RTP
1,Chris Kirk,-.333
2,Jimmy Walker,-.250
3,Brendon Todd,-.222
3,Bubba Watson,-.222
5,Jason Day,-.167
5,Geoff Ogilvy,-.167
5,Kevin Streelman,-.167
8,Russell Henley,-.143
8,Ben Martin,-.143
10,Chesson Hadley,-.125
11,Nick Taylor,-.111
12,Camilo Villegas,-.100
13,Sangmoon Bae,E
13,Steven Bowditch,E
13,Ángel Cabrera,E
13,Tim Clark,E
13,Brian Harman,E
13,J.B. Holmes,E
13,Zach Johnson,E
13,Matt Kuchar,E
13,Hunter Mahan,E
13,Hideki Matsuyama,E
13,Ryan Moore,E
13,S.Y. Noh,E
13,Patrick Reed,E
13,John Senden,E
13,Scott Stallings,E
13,Robert Streb,E
29,Matt Jones,+.100
30,Matt Every,+.125
31,Ben Crane,+.167
31,Billy Horschel,+.167
33,Charley Hoffman,+.200
