rank,player,%,Total Birdies,Total Holes
1,Sangmoon Bae,60.00,3,5
2,Russell Henley,40.00,2,5
3,Charley Hoffman,37.50,3,8
3,Chris Kirk,37.50,3,8
5,Zach Johnson,36.36,4,11
6,Matt Jones,33.33,2,6
6,Matt Kuchar,33.33,1,3
8,Camilo Villegas,25.00,1,4
9,Billy Horschel,20.00,1,5
9,Ben Martin,20.00,1,5
9,Ryan Moore,20.00,1,5
9,S.Y. Noh,20.00,1,5
9,Brendon Todd,20.00,1,5
14,Steven Bowditch,18.18,2,11
15,Ben Crane,16.67,2,12
15,Jimmy Walker,16.67,1,6
17,Tim Clark,14.29,1,7
17,Matt Every,14.29,1,7
17,Scott Stallings,14.29,1,7
20,Ángel Cabrera,12.50,1,8
20,Patrick Reed,12.50,1,8
20,Kevin Streelman,12.50,1,8
23,Chesson Hadley,11.11,1,9
24,Jason Day,.00,0,6
24,Brian Harman,.00,0,2
24,J.B. Holmes,.00,0,3
24,Hunter Mahan,.00,0,2
24,Hideki Matsuyama,.00,0,8
24,Geoff Ogilvy,.00,0,4
24,John Senden,.00,0,3
24,Robert Streb,.00,0,6
24,Nick Taylor,.00,0,6
24,Bubba Watson,.00,0,2
