rank,player,Avg RTP
1,Jason Day,-.600
2,Hideki Matsuyama,-.444
3,Matt Jones,-.417
4,Patrick Reed,-.400
5,Jimmy Walker,-.353
6,Russell Henley,-.350
7,Zach Johnson,-.333
8,Matt Every,-.300
9,Charley Hoffman,-.294
9,Kevin Streelman,-.294
11,S.Y. Noh,-.286
11,Nick Taylor,-.286
11,Brendon Todd,-.286
14,Tim Clark,-.250
14,Ryan Moore,-.250
16,Brian Harman,-.238
17,Ángel Cabrera,-.231
17,Scott Stallings,-.231
17,Robert Streb,-.231
20,Hunter Mahan,-.167
21,Ben Crane,-.158
22,Ben Martin,-.154
23,Geoff Ogilvy,-.125
23,Bubba Watson,-.125
25,Sangmoon Bae,-.111
26,Chesson Hadley,-.091
27,J.B. Holmes,-.077
28,Chris Kirk,-.063
29,Matt Kuchar,-.059
29,John Senden,-.059
31,Steven Bowditch,E
32,Camilo Villegas,+.059
33,Billy Horschel,+.063
