rank,player,Avg RTP
1,J.B. Holmes,-1.250
2,Russell Henley,-1.000
2,Chris Kirk,-1.000
2,Geoff Ogilvy,-1.000
5,Charley Hoffman,-.800
6,Ángel Cabrera,-.750
7,Jason Day,-.667
7,Matt Every,-.667
7,Zach Johnson,-.667
7,Matt Jones,-.667
7,Hideki Matsuyama,-.667
7,S.Y. Noh,-.667
7,Patrick Reed,-.667
7,Scott Stallings,-.667
7,Robert Streb,-.667
16,Brian Harman,-.500
16,Matt Kuchar,-.500
16,Ryan Moore,-.500
16,John Senden,-.500
16,Jimmy Walker,-.500
16,Bubba Watson,-.500
22,Sangmoon Bae,-.400
22,Brendon Todd,-.400
24,Chesson Hadley,-.333
24,Camilo Villegas,-.333
26,Kevin Streelman,-.250
26,Nick Taylor,-.250
28,Steven Bowditch,E
28,Tim Clark,E
28,Ben Crane,E
28,Billy Horschel,E
28,Ben Martin,E
