rank,player,%,Total Birdies,Total Holes
1,Chris Kirk,33.33,3,9
1,Ben Martin,33.33,3,9
1,Kevin Streelman,33.33,2,6
4,Nick Taylor,30.00,3,10
5,Matt Kuchar,28.57,2,7
6,Chesson Hadley,27.27,3,11
6,Bubba Watson,27.27,3,11
8,Jimmy Walker,25.00,2,8
9,Matt Jones,23.08,3,13
10,Russell Henley,22.22,2,9
11,Brendon Todd,20.00,2,10
12,Hunter Mahan,16.67,1,6
12,Hideki Matsuyama,16.67,1,6
14,Sangmoon Bae,14.29,1,7
14,Brian Harman,14.29,1,7
16,Jason Day,12.50,1,8
16,Charley Hoffman,12.50,1,8
16,S.Y. Noh,12.50,1,8
16,Geoff Ogilvy,12.50,1,8
20,Zach Johnson,11.11,1,9
20,John Senden,11.11,1,9
20,Scott Stallings,11.11,1,9
23,Ryan Moore,9.09,1,11
23,Camilo Villegas,9.09,1,11
25,Steven Bowditch,.00,0,7
25,Ángel Cabrera,.00,0,8
25,Tim Clark,.00,0,7
25,Ben Crane,.00,0,6
25,Matt Every,.00,0,9
25,J.B. Holmes,.00,0,7
25,Billy Horschel,.00,0,8
25,Patrick Reed,.00,0,4
25,Robert Streb,.00,0,7
