rank,player,Avg RTP
1,Jason Day,-1.000
1,Patrick Reed,-1.000
3,Hideki Matsuyama,-.571
4,Matt Every,-.500
4,Russell Henley,-.500
6,Tim Clark,-.455
7,Zach Johnson,-.400
8,Ángel Cabrera,-.375
8,Ben Martin,-.375
10,S.Y. Noh,-.333
10,Robert Streb,-.333
12,Kevin Streelman,-.300
13,Ben Crane,-.286
14,Matt Jones,-.250
14,Nick Taylor,-.250
14,Brendon Todd,-.250
14,Jimmy Walker,-.250
14,Bubba Watson,-.250
19,Chesson Hadley,-.200
20,Sangmoon Bae,-.167
20,Ryan Moore,-.167
22,Charley Hoffman,-.143
23,Matt Kuchar,-.111
24,Brian Harman,-.091
25,Steven Bowditch,E
25,Chris Kirk,E
25,Hunter Mahan,E
25,Geoff Ogilvy,E
25,John Senden,E
25,Scott Stallings,E
31,Billy Horschel,+.200
32,J.B. Holmes,+.250
33,Camilo Villegas,+.333
