rank,player,%,Total Birdies,Total Holes
1,Billy Horschel,66.67,2,3
2,Chris Kirk,50.00,3,6
2,Patrick Reed,50.00,4,8
4,S.Y. Noh,42.86,3,7
4,Brendon Todd,42.86,3,7
6,Sangmoon Bae,37.50,3,8
6,Matt Every,37.50,3,8
6,Russell Henley,37.50,3,8
9,Ben Crane,33.33,2,6
9,Zach Johnson,33.33,1,3
9,Geoff Ogilvy,33.33,2,6
9,Camilo Villegas,33.33,3,9
13,Bubba Watson,28.57,2,7
14,Jimmy Walker,25.00,2,8
15,Jason Day,22.22,2,9
16,Steven Bowditch,20.00,2,10
16,Matt Jones,20.00,1,5
16,Hideki Matsuyama,20.00,1,5
16,Scott Stallings,20.00,1,5
20,Tim Clark,16.67,1,6
20,Chesson Hadley,16.67,1,6
22,John Senden,12.50,1,8
23,Matt Kuchar,11.11,1,9
23,Hunter Mahan,11.11,1,9
23,Robert Streb,11.11,1,9
26,Ángel Cabrera,.00,0,6
26,Brian Harman,.00,0,3
26,Charley Hoffman,.00,0,3
26,J.B. Holmes,.00,0,4
26,Ben Martin,.00,0,8
26,Ryan Moore,.00,0,6
26,Kevin Streelman,.00,0,4
26,Nick Taylor,.00,0,5
