rank,player,%,Total Birdies,Total Holes
1,Russell Henley,37.04,20,54
2,Hideki Matsuyama,35.85,19,53
3,Scott Stallings,35.19,19,54
3,Jimmy Walker,35.19,19,54
5,Matt Jones,34.55,19,55
6,Jason Day,34.04,16,47
7,Zach Johnson,31.75,20,63
8,S.Y. Noh,31.37,16,51
9,Chris Kirk,30.91,17,55
10,Ben Martin,30.77,16,52
10,Patrick Reed,30.77,16,52
10,Bubba Watson,30.77,16,52
13,Geoff Ogilvy,30.19,16,53
14,Brendon Todd,30.00,18,60
15,Charley Hoffman,29.63,16,54
16,Brian Harman,29.31,17,58
17,Robert Streb,28.57,14,49
18,Kevin Streelman,28.33,17,60
19,John Senden,28.07,16,57
20,Ryan Moore,27.87,17,61
21,Chesson Hadley,27.78,15,54
22,Matt Kuchar,27.45,14,51
23,Ángel Cabrera,27.27,15,55
24,Steven Bowditch,27.08,13,48
25,Sangmoon Bae,26.42,14,53
26,J.B. Holmes,25.45,14,55
27,Matt Every,25.00,13,52
28,Nick Taylor,24.56,14,57
29,Tim Clark,24.19,15,62
30,Hunter Mahan,24.00,12,50
31,Billy Horschel,22.81,13,57
32,Ben Crane,20.00,12,60
33,Camilo Villegas,18.97,11,58
