rank,player,Avg RTP
1,Tim Clark,-1.000
1,Billy Horschel,-1.000
1,Hideki Matsuyama,-1.000
1,Geoff Ogilvy,-1.000
1,Patrick Reed,-1.000
6,Jason Day,-.667
7,Sangmoon Bae,-.500
7,Chris Kirk,-.500
7,Matt Kuchar,-.500
7,Brendon Todd,-.500
7,Jimmy Walker,-.500
12,Steven Bowditch,E
12,Ángel Cabrera,E
12,Chesson Hadley,E
12,Brian Harman,E
12,Russell Henley,E
12,Charley Hoffman,E
12,Hunter Mahan,E
12,Ryan Moore,E
12,S.Y. Noh,E
21,Scott Stallings,+.500
22,Matt Every,+1.000
22,Zach Johnson,+1.000
22,Robert Streb,+1.000
