rank,player,Avg RTP
1,S.Y. Noh,-.455
2,Sangmoon Bae,-.429
3,Ben Crane,-.375
3,Robert Streb,-.375
3,Brendon Todd,-.375
6,Scott Stallings,-.333
7,Brian Harman,-.308
8,Jimmy Walker,-.286
9,Steven Bowditch,-.250
10,Jason Day,-.222
10,Billy Horschel,-.222
10,Ryan Moore,-.222
10,John Senden,-.222
10,Camilo Villegas,-.222
15,J.B. Holmes,-.200
16,Ángel Cabrera,-.182
17,Matt Kuchar,-.143
17,Hideki Matsuyama,-.143
19,Charley Hoffman,-.125
20,Zach Johnson,-.111
21,Matt Jones,-.100
21,Kevin Streelman,-.100
23,Hunter Mahan,-.091
24,Matt Every,E
24,Chesson Hadley,E
24,Russell Henley,E
24,Chris Kirk,E
24,Ben Martin,E
24,Nick Taylor,E
24,Bubba Watson,E
31,Geoff Ogilvy,+.100
31,Patrick Reed,+.100
33,Tim Clark,+.250
