rank,player,%,Total Birdies,Total Holes
1,Tim Clark,41.94,13,31
2,Matt Every,38.89,7,18
3,Scott Stallings,35.29,6,17
4,Hideki Matsuyama,34.62,9,26
5,Ben Crane,34.48,10,29
6,Jason Day,33.33,7,21
6,Zach Johnson,33.33,6,18
8,Russell Henley,32.14,9,28
9,Chris Kirk,31.58,6,19
10,Brian Harman,30.77,8,26
10,S.Y. Noh,30.77,8,26
12,Matt Jones,28.57,6,21
12,Brendon Todd,28.57,8,28
14,Patrick Reed,27.27,6,22
15,Ryan Moore,26.92,7,26
16,Ben Martin,26.09,6,23
16,Jimmy Walker,26.09,6,23
16,Bubba Watson,26.09,6,23
19,Robert Streb,25.00,6,24
20,Sangmoon Bae,24.00,6,25
20,Geoff Ogilvy,24.00,6,25
22,Charley Hoffman,23.81,5,21
23,Steven Bowditch,22.22,4,18
24,Ángel Cabrera,21.05,4,19
25,Kevin Streelman,20.83,5,24
26,Camilo Villegas,19.23,5,26
27,Nick Taylor,17.39,4,23
28,J.B. Holmes,15.79,3,19
29,John Senden,15.38,4,26
30,Hunter Mahan,14.81,4,27
31,Billy Horschel,14.29,3,21
32,Chesson Hadley,11.76,2,17
33,Matt Kuchar,8.00,2,25
