rank,player,Avg RTP
1,Billy Horschel,-.667
2,Patrick Reed,-.500
3,Russell Henley,-.375
4,Ben Crane,-.333
4,Zach Johnson,-.333
4,Chris Kirk,-.333
4,Geoff Ogilvy,-.333
8,Sangmoon Bae,-.250
8,Matt Every,-.250
8,Jimmy Walker,-.250
11,Hideki Matsuyama,-.200
12,Chesson Hadley,-.167
13,S.Y. Noh,-.143
13,Brendon Todd,-.143
15,Hunter Mahan,-.111
15,Robert Streb,-.111
15,Camilo Villegas,-.111
18,Steven Bowditch,-.100
19,Ángel Cabrera,E
19,Tim Clark,E
19,Jason Day,E
19,Brian Harman,E
19,Charley Hoffman,E
19,Matt Jones,E
19,Matt Kuchar,E
19,Kevin Streelman,E
19,Bubba Watson,E
28,Ben Martin,+.125
29,Nick Taylor,+.200
30,J.B. Holmes,+.250
30,John Senden,+.250
32,Ryan Moore,+.333
33,Scott Stallings,+.400
