rank,player,Avg RTP
1,Ben Martin,-1.333
2,Ángel Cabrera,-1.000
2,Ben Crane,-1.000
2,Brian Harman,-1.000
2,Zach Johnson,-1.000
2,Chris Kirk,-1.000
2,Hunter Mahan,-1.000
2,Patrick Reed,-1.000
2,Robert Streb,-1.000
2,Nick Taylor,-1.000
2,Bubba Watson,-1.000
12,Billy Horschel,-.750
13,Geoff Ogilvy,-.667
14,Steven Bowditch,-.500
14,Jason Day,-.500
14,Chesson Hadley,-.500
14,Charley Hoffman,-.500
14,Matt Kuchar,-.500
14,Ryan Moore,-.500
14,John Senden,-.500
21,Sangmoon Bae,-.333
21,Russell Henley,-.333
23,Tim Clark,E
23,J.B. Holmes,E
23,Matt Jones,E
23,Hideki Matsuyama,E
23,Scott Stallings,E
28,Matt Every,+.333
