rank,player,%,Total Birdies,Total Holes
1,Hideki Matsuyama,66.67,6,9
2,Chesson Hadley,57.14,4,7
2,Scott Stallings,57.14,4,7
2,Bubba Watson,57.14,4,7
5,Russell Henley,50.00,3,6
5,Matt Jones,50.00,3,6
5,Ben Martin,50.00,4,8
5,Geoff Ogilvy,50.00,3,6
9,Patrick Reed,42.86,3,7
9,Kevin Streelman,42.86,3,7
11,Billy Horschel,40.00,2,5
12,Chris Kirk,33.33,4,12
12,Hunter Mahan,33.33,3,9
12,Brendon Todd,33.33,1,3
15,Sangmoon Bae,28.57,2,7
15,Steven Bowditch,28.57,2,7
15,Matt Kuchar,28.57,2,7
18,Ángel Cabrera,25.00,2,8
18,Brian Harman,25.00,1,4
20,Jason Day,20.00,2,10
20,Zach Johnson,20.00,1,5
20,Nick Taylor,20.00,1,5
23,Ben Crane,16.67,1,6
23,S.Y. Noh,16.67,1,6
25,Robert Streb,14.29,1,7
26,Jimmy Walker,12.50,1,8
27,J.B. Holmes,10.00,1,10
28,Tim Clark,.00,0,4
28,Matt Every,.00,0,4
28,Charley Hoffman,.00,0,4
28,Ryan Moore,.00,0,7
28,John Senden,.00,0,5
28,Camilo Villegas,.00,0,7
