rank,player,Avg RTP
1,Russell Henley,-.333
1,Jimmy Walker,-.333
3,Hideki Matsuyama,-.321
4,Jason Day,-.298
5,Patrick Reed,-.269
6,Brendon Todd,-.267
7,S.Y. Noh,-.255
8,Zach Johnson,-.254
9,Robert Streb,-.245
10,Scott Stallings,-.241
11,Ben Martin,-.231
11,Bubba Watson,-.231
13,Ryan Moore,-.230
14,Charley Hoffman,-.222
15,Matt Jones,-.218
16,John Senden,-.211
17,Matt Kuchar,-.196
18,Sangmoon Bae,-.189
19,Steven Bowditch,-.188
20,Chesson Hadley,-.185
21,Kevin Streelman,-.183
22,Chris Kirk,-.182
23,Hunter Mahan,-.180
24,Brian Harman,-.172
25,Geoff Ogilvy,-.170
26,Ángel Cabrera,-.127
27,Billy Horschel,-.123
28,J.B. Holmes,-.109
29,Nick Taylor,-.105
30,Tim Clark,-.097
31,Matt Every,-.096
32,Camilo Villegas,-.069
33,Ben Crane,-.017
