rank,player,Avg RTP
1,John Senden,-.714
2,Jimmy Walker,-.556
3,Matt Every,-.444
3,Patrick Reed,-.444
5,Ryan Moore,-.429
6,Steven Bowditch,-.400
6,Russell Henley,-.400
8,Chris Kirk,-.375
9,Jason Day,-.333
9,Matt Kuchar,-.333
9,Bubba Watson,-.333
12,Scott Stallings,-.286
13,Chesson Hadley,-.250
13,Robert Streb,-.250
15,Tim Clark,-.222
15,Matt Jones,-.222
15,Camilo Villegas,-.222
18,Sangmoon Bae,-.200
19,Charley Hoffman,-.143
19,Geoff Ogilvy,-.143
21,Billy Horschel,-.125
21,Zach Johnson,-.125
21,Brendon Todd,-.125
24,J.B. Holmes,E
24,Hunter Mahan,E
24,Ben Martin,E
24,S.Y. Noh,E
24,Kevin Streelman,E
29,Nick Taylor,+.167
30,Hideki Matsuyama,+.250
31,Brian Harman,+.286
32,Ben Crane,+.375
33,Ángel Cabrera,+.400
