rank,player,Avg RTP,Total Holes,Total RTP
1,Vaughn Taylor,-.250,4,-1.00
2,David Toms,-.200,5,-1.00
3,Chad Campbell,E,1,E
3,Craig Parry,E,4,E
3,Vijay Singh,E,4,E
6,Heath Slocum,+.143,7,+1.00
7,Retief Goosen,+.167,12,+2.00
7,Jonathan Kaye,+.167,6,+1.00
7,Mike Weir,+.167,6,+1.00
10,Stephen Ames,+.200,5,+1.00
10,Carlos Franco,+.200,5,+1.00
12,Ryan Palmer,+.222,9,+2.00
13,Fred Funk,+.250,4,+1.00
13,Brent Geiberger,+.250,4,+1.00
15,Zach Johnson,+.286,7,+2.00
16,Stuart Appleby,+.333,3,+1.00
16,Stewart Cink,+.333,6,+2.00
16,Ernie Els,+.333,3,+1.00
16,Joey Sindelar,+.333,3,+1.00
16,Tiger Woods,+.333,3,+1.00
21,Todd Hamilton,+.429,7,+3.00
21,Adam Scott,+.429,7,+3.00
23,Bart Bryant,+.500,2,+1.00
23,Jonathan Byrd,+.500,6,+3.00
23,Steve Flesch,+.500,10,+5.00
23,Mark Hensby,+.500,8,+4.00
27,Rod Pampling,+.571,7,+4.00
28,Woody Austin,+.600,10,+6.00
29,Sergio Garcia,+.667,3,+2.00
29,Andre Stolz,+.667,6,+4.00
31,John Daly,+.800,5,+4.00
