rank,player,Avg RTP,Total Holes,Total RTP
1,Vijay Singh,-.500,2,-1.00
2,Bart Bryant,E,2,E
2,Rod Pampling,E,2,E
4,Woody Austin,+.250,4,+1.00
4,Chad Campbell,+.250,4,+1.00
4,Brent Geiberger,+.250,4,+1.00
4,Zach Johnson,+.250,4,+1.00
4,Craig Parry,+.250,4,+1.00
4,Joey Sindelar,+.250,4,+1.00
4,Andre Stolz,+.250,4,+1.00
11,Ernie Els,+.333,3,+1.00
11,Fred Funk,+.333,3,+1.00
11,Heath Slocum,+.333,3,+1.00
14,Stephen Ames,+.500,4,+2.00
14,Stuart Appleby,+.500,4,+2.00
14,Jonathan Byrd,+.500,2,+1.00
14,Stewart Cink,+.500,2,+1.00
14,Adam Scott,+.500,2,+1.00
14,Vaughn Taylor,+.500,2,+1.00
14,David Toms,+.500,2,+1.00
21,John Daly,+.667,3,+2.00
21,Steve Flesch,+.667,3,+2.00
21,Carlos Franco,+.667,3,+2.00
21,Jonathan Kaye,+.667,3,+2.00
25,Sergio Garcia,+1.000,1,+1.00
25,Todd Hamilton,+1.000,4,+4.00
25,Ryan Palmer,+1.000,2,+2.00
25,Mike Weir,+1.000,4,+4.00
