rank,player,Avg RTP,Total Holes,Total RTP
1,Fred Funk,E,1,E
1,David Toms,E,1,E
3,Stewart Cink,+.333,3,+1.00
4,Carlos Franco,+.600,5,+3.00
5,Bart Bryant,+.667,3,+2.00
5,Retief Goosen,+.667,3,+2.00
5,Craig Parry,+.667,3,+2.00
5,Tiger Woods,+.667,3,+2.00
9,Heath Slocum,+.750,4,+3.00
9,Vaughn Taylor,+.750,4,+3.00
11,Steve Flesch,+.800,5,+4.00
12,Stuart Appleby,+1.000,1,+1.00
12,Woody Austin,+1.000,3,+3.00
12,Jonathan Byrd,+1.000,3,+3.00
12,Chad Campbell,+1.000,3,+3.00
12,John Daly,+1.000,3,+3.00
12,Ernie Els,+1.000,2,+2.00
12,Brent Geiberger,+1.000,5,+5.00
12,Todd Hamilton,+1.000,2,+2.00
12,Mark Hensby,+1.000,4,+4.00
12,Zach Johnson,+1.000,3,+3.00
12,Jonathan Kaye,+1.000,1,+1.00
12,Adam Scott,+1.000,1,+1.00
24,Ryan Palmer,+1.250,4,+5.00
24,Joey Sindelar,+1.250,4,+5.00
26,Rod Pampling,+1.500,2,+3.00
26,Vijay Singh,+1.500,2,+3.00
28,Stephen Ames,+1.667,3,+5.00
28,Andre Stolz,+1.667,3,+5.00
