rank,player,Avg RTP,Total Holes,Total RTP
1,Ernie Els,E,2,E
1,Carlos Franco,E,4,E
1,Vijay Singh,E,3,E
1,Heath Slocum,E,4,E
1,Mike Weir,E,3,E
6,Craig Parry,+.200,5,+1.00
7,Retief Goosen,+.222,9,+2.00
8,Fred Funk,+.250,4,+1.00
9,Zach Johnson,+.333,6,+2.00
9,David Toms,+.333,3,+1.00
11,Jonathan Kaye,+.375,8,+3.00
12,Mark Hensby,+.400,5,+2.00
12,Vaughn Taylor,+.400,5,+2.00
14,Stewart Cink,+.444,9,+4.00
15,Bart Bryant,+.500,2,+1.00
15,Jonathan Byrd,+.500,2,+1.00
15,Chad Campbell,+.500,2,+1.00
15,Brent Geiberger,+.500,6,+3.00
15,Rod Pampling,+.500,2,+1.00
15,Adam Scott,+.500,2,+1.00
15,Tiger Woods,+.500,4,+2.00
22,John Daly,+.571,7,+4.00
23,Stephen Ames,+.667,3,+2.00
23,Stuart Appleby,+.667,3,+2.00
25,Ryan Palmer,+.700,10,+7.00
26,Woody Austin,+.750,4,+3.00
26,Todd Hamilton,+.750,4,+3.00
28,Steve Flesch,+.833,6,+5.00
28,Andre Stolz,+.833,6,+5.00
30,Sergio Garcia,+1.000,1,+1.00
30,Joey Sindelar,+1.000,1,+1.00
