rank,player,% Made,Attempts,Putts made
1,Arjun Atwal,100.00,1,1
1,Jim Furyk,100.00,2,2
1,Hunter Mahan,100.00,3,3
1,Carl Pettersson,100.00,3,3
5,Robert Garrigus,75.00,4,3
5,Francesco Molinari,75.00,4,3
7,Jason Day,66.67,3,2
7,Dustin Johnson,66.67,3,2
7,Bill Lunde,66.67,3,2
7,Ian Poulter,66.67,3,2
7,Steve Stricker,66.67,3,2
12,Matt Bettencourt,50.00,2,1
12,Jason Bohn,50.00,4,2
12,Zach Johnson,50.00,2,1
12,Matt Kuchar,50.00,4,2
12,Justin Rose,50.00,4,2
12,Adam Scott,50.00,4,2
12,Heath Slocum,50.00,4,2
19,Rocco Mediate,40.00,5,2
20,Stuart Appleby,33.33,3,1
20,Charley Hoffman,33.33,3,1
20,Graeme McDowell,33.33,6,2
23,Anthony Kim,20.00,5,1
24,Cameron Beckman,.00,3,0
24,Jonathan Byrd,.00,1,0
24,Ben Crane,.00,2,0
24,Ernie Els,.00,1,0
24,Bill Haas,.00,2,0
24,Derek Lamely,.00,3,0
24,Ryan Palmer,.00,1,0
24,Bubba Watson,.00,4,0
