rank,player,%,Attempts,Putts made
1,Cameron Beckman,100.00,56,56
1,Ian Poulter,100.00,51,51
3,Derek Lamely,98.36,61,60
4,Heath Slocum,98.31,59,58
5,Jason Bohn,98.28,58,57
5,Bill Lunde,98.28,58,57
7,Dustin Johnson,98.25,57,56
8,Jonathan Byrd,98.21,56,55
8,Robert Garrigus,98.21,56,55
8,Matt Kuchar,98.21,56,55
11,Matt Bettencourt,98.18,55,54
12,Bill Haas,98.11,53,52
12,Graeme McDowell,98.11,53,52
14,Arjun Atwal,98.08,52,51
15,Ryan Palmer,96.97,66,64
16,Stuart Appleby,96.72,61,59
16,Charley Hoffman,96.72,61,59
18,Zach Johnson,96.55,58,56
18,Justin Rose,96.55,58,56
20,Steve Stricker,96.49,57,55
21,Carl Pettersson,96.30,54,52
22,Jason Day,96.15,52,50
22,Francesco Molinari,96.15,52,50
24,Adam Scott,94.92,59,56
25,Anthony Kim,94.74,57,54
26,Hunter Mahan,94.64,56,53
27,Jim Furyk,93.85,65,61
28,Tim Clark,93.65,63,59
29,Ernie Els,93.55,62,58
30,Rocco Mediate,92.06,63,58
31,Ben Crane,91.38,58,53
32,Bubba Watson,90.32,62,56
