rank,player,% Made,Attempts,Putts made
1,Bill Haas,42.86,7,3
1,Steve Stricker,42.86,7,3
3,Jason Day,33.33,6,2
3,Dustin Johnson,33.33,6,2
3,Bill Lunde,33.33,6,2
3,Heath Slocum,33.33,6,2
7,Cameron Beckman,30.00,10,3
7,Zach Johnson,30.00,10,3
7,Bubba Watson,30.00,10,3
10,Jason Bohn,25.00,8,2
10,Adam Scott,25.00,4,1
12,Francesco Molinari,23.08,13,3
13,Tim Clark,21.43,14,3
14,Jonathan Byrd,20.00,5,1
14,Ryan Palmer,20.00,5,1
16,Ernie Els,18.18,11,2
17,Ben Crane,16.67,6,1
17,Anthony Kim,16.67,12,2
19,Stuart Appleby,12.50,8,1
19,Robert Garrigus,12.50,8,1
19,Matt Kuchar,12.50,8,1
19,Ian Poulter,12.50,8,1
23,Carl Pettersson,11.11,9,1
24,Jim Furyk,10.00,10,1
24,Derek Lamely,10.00,10,1
24,Justin Rose,10.00,10,1
27,Arjun Atwal,7.69,13,1
28,Matt Bettencourt,.00,5,-
28,Charley Hoffman,.00,5,-
28,Hunter Mahan,.00,6,-
28,Graeme McDowell,.00,4,-
28,Rocco Mediate,.00,6,-
