rank,player,% Made,Attempts,Putts made
1,Matt Kuchar,80.95,21,17
2,Justin Rose,80.00,20,16
3,Graeme McDowell,77.78,18,14
3,Steve Stricker,77.78,18,14
5,Ian Poulter,76.19,21,16
6,Matt Bettencourt,75.00,20,15
6,Zach Johnson,75.00,20,15
8,Francesco Molinari,73.68,19,14
8,Carl Pettersson,73.68,19,14
10,Bill Haas,73.33,15,11
11,Bill Lunde,72.22,18,13
12,Jonathan Byrd,70.59,17,12
13,Arjun Atwal,66.67,21,14
13,Tim Clark,66.67,18,12
13,Bubba Watson,66.67,24,16
16,Robert Garrigus,64.29,14,9
17,Adam Scott,63.64,22,14
18,Ryan Palmer,63.16,19,12
19,Hunter Mahan,60.00,25,15
20,Dustin Johnson,57.89,19,11
21,Ben Crane,57.69,26,15
22,Jason Day,57.14,21,12
22,Charley Hoffman,57.14,21,12
24,Cameron Beckman,55.56,18,10
25,Jason Bohn,54.17,24,13
25,Rocco Mediate,54.17,24,13
27,Jim Furyk,53.85,13,7
28,Anthony Kim,52.38,21,11
28,Derek Lamely,52.38,21,11
30,Stuart Appleby,50.00,12,6
30,Ernie Els,50.00,12,6
32,Heath Slocum,44.44,18,8
