rank,player,% Made,Attempts,Putts made
1,Stuart Appleby,100.00,48,48
1,Arjun Atwal,100.00,38,38
1,Cameron Beckman,100.00,42,42
1,Matt Bettencourt,100.00,40,40
1,Jason Bohn,100.00,44,44
1,Jonathan Byrd,100.00,38,38
1,Tim Clark,100.00,40,40
1,Ben Crane,100.00,41,41
1,Jason Day,100.00,40,40
1,Robert Garrigus,100.00,37,37
1,Bill Haas,100.00,44,44
1,Charley Hoffman,100.00,46,46
1,Zach Johnson,100.00,40,40
1,Matt Kuchar,100.00,38,38
1,Derek Lamely,100.00,46,46
1,Bill Lunde,100.00,46,46
1,Hunter Mahan,100.00,39,39
1,Graeme McDowell,100.00,40,40
1,Francesco Molinari,100.00,38,38
1,Ryan Palmer,100.00,42,42
1,Carl Pettersson,100.00,42,42
1,Ian Poulter,100.00,39,39
1,Justin Rose,100.00,38,38
1,Heath Slocum,100.00,46,46
1,Steve Stricker,100.00,43,43
1,Bubba Watson,100.00,42,42
27,Dustin Johnson,98.08,52,51
28,Adam Scott,97.87,47,46
29,Rocco Mediate,97.83,46,45
30,Anthony Kim,97.78,45,44
31,Jim Furyk,96.36,55,53
32,Ernie Els,95.92,49,47
