rank,player,% Made,Attempts,Putts made
1,Tim Clark,100.00,2,2
1,Jason Day,100.00,4,4
1,Bill Haas,100.00,5,5
1,Zach Johnson,100.00,2,2
1,Matt Kuchar,100.00,2,2
1,Carl Pettersson,100.00,2,2
1,Bubba Watson,100.00,3,3
8,Justin Rose,85.71,7,6
9,Dustin Johnson,83.33,6,5
9,Bill Lunde,83.33,6,5
9,Steve Stricker,83.33,6,5
12,Jonathan Byrd,80.00,5,4
12,Rocco Mediate,80.00,5,4
12,Francesco Molinari,80.00,5,4
15,Stuart Appleby,75.00,4,3
15,Robert Garrigus,75.00,4,3
15,Ian Poulter,75.00,4,3
18,Ben Crane,66.67,6,4
18,Jim Furyk,66.67,3,2
18,Graeme McDowell,66.67,6,4
21,Matt Bettencourt,62.50,8,5
22,Arjun Atwal,60.00,5,3
23,Adam Scott,57.14,7,4
24,Anthony Kim,55.56,9,5
25,Cameron Beckman,50.00,2,1
25,Ernie Els,50.00,4,2
25,Derek Lamely,50.00,4,2
25,Hunter Mahan,50.00,8,4
25,Ryan Palmer,50.00,6,3
25,Heath Slocum,50.00,4,2
31,Jason Bohn,40.00,5,2
32,Charley Hoffman,25.00,4,1
