rank,player,% Made,Attempts,Putts made
1,Cameron Beckman,100.00,5,5
1,Jonathan Byrd,100.00,5,5
1,Bill Haas,100.00,2,2
1,Dustin Johnson,100.00,3,3
1,Bill Lunde,100.00,4,4
1,Hunter Mahan,100.00,5,5
1,Graeme McDowell,100.00,6,6
1,Ian Poulter,100.00,5,5
9,Matt Kuchar,88.89,9,8
10,Matt Bettencourt,87.50,8,7
11,Jason Bohn,83.33,6,5
11,Jason Day,83.33,6,5
11,Carl Pettersson,83.33,6,5
11,Heath Slocum,83.33,6,5
11,Steve Stricker,83.33,6,5
16,Arjun Atwal,80.00,5,4
16,Charley Hoffman,80.00,10,8
16,Zach Johnson,80.00,10,8
16,Derek Lamely,80.00,5,4
16,Ryan Palmer,80.00,10,8
21,Adam Scott,77.78,9,7
22,Ernie Els,75.00,4,3
22,Robert Garrigus,75.00,4,3
22,Justin Rose,75.00,8,6
25,Tim Clark,70.00,10,7
26,Ben Crane,66.67,9,6
26,Francesco Molinari,66.67,3,2
26,Bubba Watson,66.67,12,8
29,Jim Furyk,60.00,5,3
29,Anthony Kim,60.00,5,3
31,Stuart Appleby,33.33,3,1
31,Rocco Mediate,33.33,6,2
