rank,player,% Made,Attempts,Putts made
1,Stuart Appleby,33.33,9,3
1,Charley Hoffman,33.33,3,1
1,Graeme McDowell,33.33,9,3
4,Jason Day,25.00,4,1
5,Carl Pettersson,20.00,10,2
6,Cameron Beckman,14.29,7,1
6,Adam Scott,14.29,7,1
8,Arjun Atwal,12.50,8,1
8,Matt Bettencourt,12.50,8,1
8,Tim Clark,12.50,8,1
8,Zach Johnson,12.50,8,1
8,Anthony Kim,12.50,8,1
13,Justin Rose,11.11,9,1
14,Ryan Palmer,9.09,11,1
15,Jason Bohn,.00,6,-
15,Jonathan Byrd,.00,1,-
15,Ben Crane,.00,6,-
15,Ernie Els,.00,6,-
15,Jim Furyk,.00,7,-
15,Robert Garrigus,.00,8,-
15,Bill Haas,.00,8,-
15,Dustin Johnson,.00,3,-
15,Matt Kuchar,.00,6,-
15,Derek Lamely,.00,3,-
15,Bill Lunde,.00,8,-
15,Hunter Mahan,.00,2,-
15,Rocco Mediate,.00,2,-
15,Francesco Molinari,.00,4,-
15,Ian Poulter,.00,4,-
15,Heath Slocum,.00,7,-
15,Steve Stricker,.00,6,-
15,Bubba Watson,.00,2,-
