rank,player,%,Attempts,Putts made
1,Francesco Molinari,72.73,22,16
2,Tim Clark,70.00,10,7
2,Carl Pettersson,70.00,20,14
4,Justin Rose,68.42,19,13
5,Steve Stricker,66.67,18,12
6,Bill Haas,65.00,20,13
7,Robert Garrigus,64.71,17,11
8,Jonathan Byrd,62.50,16,10
9,Ian Poulter,61.90,21,13
10,Bill Lunde,61.11,18,11
11,Arjun Atwal,60.00,20,12
11,Matt Kuchar,60.00,20,12
13,Zach Johnson,57.14,14,8
14,Hunter Mahan,55.56,27,15
15,Jim Furyk,54.55,11,6
16,Rocco Mediate,54.17,24,13
17,Matt Bettencourt,52.63,19,10
18,Graeme McDowell,52.38,21,11
19,Ben Crane,50.00,20,10
19,Jason Day,50.00,24,12
21,Adam Scott,47.62,21,10
22,Dustin Johnson,45.83,24,11
23,Bubba Watson,44.44,18,8
24,Stuart Appleby,42.86,14,6
25,Anthony Kim,41.67,24,10
26,Jason Bohn,40.00,25,10
27,Charley Hoffman,37.50,16,6
28,Heath Slocum,36.84,19,7
29,Derek Lamely,33.33,21,7
30,Ernie Els,30.00,10,3
31,Ryan Palmer,28.57,14,4
32,Cameron Beckman,26.32,19,5
