rank,player,% Made,Attempts,Putts made
1,Stuart Appleby,100.00,10,10
1,Arjun Atwal,100.00,9,9
1,Cameron Beckman,100.00,9,9
1,Matt Bettencourt,100.00,7,7
1,Jason Bohn,100.00,8,8
1,Jim Furyk,100.00,5,5
1,Robert Garrigus,100.00,15,15
1,Charley Hoffman,100.00,5,5
1,Dustin Johnson,100.00,2,2
1,Zach Johnson,100.00,8,8
1,Anthony Kim,100.00,7,7
1,Matt Kuchar,100.00,9,9
1,Derek Lamely,100.00,10,10
1,Rocco Mediate,100.00,11,11
1,Ryan Palmer,100.00,14,14
1,Ian Poulter,100.00,7,7
1,Justin Rose,100.00,12,12
1,Adam Scott,100.00,3,3
1,Heath Slocum,100.00,7,7
20,Jonathan Byrd,92.31,13,12
20,Tim Clark,92.31,13,12
22,Francesco Molinari,90.91,11,10
23,Ernie Els,88.89,9,8
24,Bill Lunde,87.50,8,7
24,Steve Stricker,87.50,8,7
26,Bill Haas,85.71,7,6
26,Graeme McDowell,85.71,7,6
28,Jason Day,83.33,6,5
28,Carl Pettersson,83.33,6,5
30,Ben Crane,75.00,8,6
30,Hunter Mahan,75.00,12,9
30,Bubba Watson,75.00,8,6
