rank,player,% Made,Attempts,Putts made
1,Cameron Beckman,100.00,14,14
1,Dustin Johnson,100.00,5,5
1,Ian Poulter,100.00,12,12
4,Robert Garrigus,94.74,19,18
5,Jonathan Byrd,94.44,18,17
5,Matt Kuchar,94.44,18,17
7,Matt Bettencourt,93.33,15,14
7,Derek Lamely,93.33,15,14
9,Arjun Atwal,92.86,14,13
9,Jason Bohn,92.86,14,13
11,Graeme McDowell,92.31,13,12
11,Heath Slocum,92.31,13,12
13,Bill Lunde,91.67,12,11
13,Ryan Palmer,91.67,24,22
15,Justin Rose,90.00,20,18
16,Bill Haas,88.89,9,8
16,Zach Johnson,88.89,18,16
18,Charley Hoffman,86.67,15,13
19,Francesco Molinari,85.71,14,12
19,Steve Stricker,85.71,14,12
21,Stuart Appleby,84.62,13,11
21,Ernie Els,84.62,13,11
23,Jason Day,83.33,12,10
23,Anthony Kim,83.33,12,10
23,Carl Pettersson,83.33,12,10
23,Adam Scott,83.33,12,10
27,Tim Clark,82.61,23,19
28,Hunter Mahan,82.35,17,14
29,Jim Furyk,80.00,10,8
30,Rocco Mediate,76.47,17,13
31,Ben Crane,70.59,17,12
32,Bubba Watson,70.00,20,14
