rank,player,Putts Made
1,Stuart Appleby,4.0
2,Jason Day,3.0
2,Graeme McDowell,3.0
4,Arjun Atwal,2.0
4,Cameron Beckman,2.0
4,Tim Clark,2.0
4,Ben Crane,2.0
4,Ernie Els,2.0
4,Robert Garrigus,2.0
4,Charley Hoffman,2.0
4,Anthony Kim,2.0
4,Ryan Palmer,2.0
4,Carl Pettersson,2.0
14,Matt Bettencourt,1.0
14,Jonathan Byrd,1.0
14,Jim Furyk,1.0
14,Bill Haas,1.0
14,Dustin Johnson,1.0
14,Zach Johnson,1.0
14,Hunter Mahan,1.0
14,Rocco Mediate,1.0
14,Francesco Molinari,1.0
14,Ian Poulter,1.0
14,Justin Rose,1.0
14,Adam Scott,1.0
26,Jason Bohn,.0
26,Matt Kuchar,.0
26,Derek Lamely,.0
26,Bill Lunde,.0
26,Heath Slocum,.0
26,Steve Stricker,.0
26,Bubba Watson,.0
