rank,player,% Made,Attempts,Putts made
1,Bubba Watson,62.50,8,5
2,Arjun Atwal,54.55,11,6
2,Cameron Beckman,54.55,11,6
4,Matt Bettencourt,43.75,16,7
5,Graeme McDowell,42.86,14,6
6,Ben Crane,40.00,15,6
7,Carl Pettersson,37.50,8,3
8,Matt Kuchar,36.36,11,4
9,Ernie Els,35.29,17,6
10,Charley Hoffman,33.33,15,5
11,Ian Poulter,31.58,19,6
12,Anthony Kim,30.77,13,4
13,Jonathan Byrd,30.00,10,3
14,Derek Lamely,28.57,14,4
15,Heath Slocum,27.78,18,5
16,Hunter Mahan,27.27,11,3
16,Adam Scott,27.27,11,3
18,Zach Johnson,26.67,15,4
19,Jason Day,23.08,13,3
20,Bill Haas,22.22,9,2
21,Jason Bohn,21.43,14,3
22,Bill Lunde,20.00,10,2
22,Steve Stricker,20.00,10,2
24,Jim Furyk,18.18,11,2
25,Robert Garrigus,13.33,15,2
26,Stuart Appleby,12.50,16,2
26,Ryan Palmer,12.50,8,1
28,Tim Clark,9.09,11,1
28,Dustin Johnson,9.09,11,1
28,Justin Rose,9.09,11,1
31,Francesco Molinari,7.14,14,1
32,Rocco Mediate,.00,11,-
