rank,player,Putts Made
1,Cameron Beckman,11.0
2,Ernie Els,10.0
3,Arjun Atwal,9.0
3,Ben Crane,9.0
3,Graeme McDowell,9.0
6,Matt Bettencourt,8.0
6,Jason Day,8.0
6,Zach Johnson,8.0
6,Anthony Kim,8.0
6,Ian Poulter,8.0
6,Bubba Watson,8.0
12,Stuart Appleby,7.0
12,Charley Hoffman,7.0
12,Heath Slocum,7.0
15,Tim Clark,6.0
15,Bill Haas,6.0
15,Carl Pettersson,6.0
18,Jason Bohn,5.0
18,Jonathan Byrd,5.0
18,Robert Garrigus,5.0
18,Matt Kuchar,5.0
18,Derek Lamely,5.0
18,Francesco Molinari,5.0
18,Adam Scott,5.0
18,Steve Stricker,5.0
26,Jim Furyk,4.0
26,Dustin Johnson,4.0
26,Bill Lunde,4.0
26,Hunter Mahan,4.0
26,Ryan Palmer,4.0
31,Justin Rose,3.0
32,Rocco Mediate,1.0
