rank,player,% Made,Attempts,Putts made
1,Carl Pettersson,60.71,28,17
2,Arjun Atwal,58.06,31,18
3,Bill Haas,51.72,29,15
4,Matt Kuchar,51.61,31,16
5,Jonathan Byrd,50.00,26,13
5,Steve Stricker,50.00,28,14
5,Bubba Watson,50.00,26,13
8,Matt Bettencourt,48.57,35,17
8,Graeme McDowell,48.57,35,17
10,Ian Poulter,47.50,40,19
11,Hunter Mahan,47.37,38,18
12,Francesco Molinari,47.22,36,17
13,Justin Rose,46.67,30,14
14,Bill Lunde,46.43,28,13
15,Ben Crane,45.71,35,16
16,Zach Johnson,41.38,29,12
17,Robert Garrigus,40.63,32,13
17,Adam Scott,40.63,32,13
19,Jason Day,40.54,37,15
20,Tim Clark,38.10,21,8
21,Anthony Kim,37.84,37,14
22,Rocco Mediate,37.14,35,13
23,Cameron Beckman,36.67,30,11
24,Jim Furyk,36.36,22,8
25,Charley Hoffman,35.48,31,11
26,Dustin Johnson,34.29,35,12
27,Jason Bohn,33.33,39,13
27,Ernie Els,33.33,27,9
29,Heath Slocum,32.43,37,12
30,Derek Lamely,31.43,35,11
31,Stuart Appleby,26.67,30,8
32,Ryan Palmer,22.73,22,5
