rank,player,% Made,Attempts,Putts made
1,Jason Day,13.33,15,2
2,Robert Garrigus,11.11,18,2
3,Ernie Els,8.70,23,2
4,Ben Crane,8.33,24,2
5,Arjun Atwal,7.69,13,1
5,Cameron Beckman,7.69,13,1
7,Anthony Kim,7.14,14,1
8,Stuart Appleby,6.67,15,1
9,Francesco Molinari,6.25,16,1
10,Tim Clark,5.26,19,1
10,Rocco Mediate,5.26,19,1
10,Ian Poulter,5.26,19,1
13,Jim Furyk,5.00,20,1
13,Dustin Johnson,5.00,20,1
15,Hunter Mahan,4.55,22,1
15,Ryan Palmer,4.55,22,1
17,Charley Hoffman,4.17,24,1
18,Bill Haas,4.00,25,1
19,Jonathan Byrd,3.57,28,1
20,Matt Bettencourt,.00,19,-
20,Jason Bohn,.00,18,-
20,Zach Johnson,.00,16,-
20,Matt Kuchar,.00,16,-
20,Derek Lamely,.00,23,-
20,Bill Lunde,.00,25,-
20,Graeme McDowell,.00,17,-
20,Carl Pettersson,.00,14,-
20,Justin Rose,.00,14,-
20,Adam Scott,.00,21,-
20,Heath Slocum,.00,20,-
20,Steve Stricker,.00,19,-
20,Bubba Watson,.00,21,-
