rank,player,% Made,Attempts,Putts made
1,Tim Clark,90.41,73,66
1,Robert Garrigus,90.41,73,66
3,Jonathan Byrd,90.28,72,65
4,Justin Rose,89.61,77,69
5,Bill Lunde,89.47,76,68
6,Steve Stricker,89.33,75,67
7,Francesco Molinari,89.19,74,66
7,Carl Pettersson,89.19,74,66
9,Bill Haas,89.04,73,65
10,Zach Johnson,88.89,72,64
10,Ian Poulter,88.89,72,64
12,Jim Furyk,88.16,76,67
12,Matt Kuchar,88.16,76,67
14,Arjun Atwal,87.50,72,63
15,Stuart Appleby,86.67,75,65
16,Matt Bettencourt,86.49,74,64
17,Graeme McDowell,85.14,74,63
18,Ryan Palmer,85.00,80,68
19,Ernie Els,84.72,72,61
20,Charley Hoffman,84.42,77,65
21,Heath Slocum,83.33,78,65
22,Dustin Johnson,82.72,81,67
23,Adam Scott,82.50,80,66
24,Hunter Mahan,81.93,83,68
25,Derek Lamely,81.71,82,67
26,Rocco Mediate,81.61,87,71
27,Jason Day,81.58,76,62
28,Cameron Beckman,81.33,75,61
29,Ben Crane,80.77,78,63
30,Jason Bohn,80.72,83,67
31,Bubba Watson,80.00,80,64
32,Anthony Kim,79.01,81,64
