rank,player,% Made,Attempts,Putts Made
1,Cameron Beckman,26.83,41,11
2,Jason Day,21.05,38,8
3,Graeme McDowell,20.45,44,9
4,Arjun Atwal,20.00,45,9
5,Bubba Watson,19.51,41,8
6,Ben Crane,17.65,51,9
7,Ernie Els,17.54,57,10
8,Anthony Kim,17.02,47,8
9,Matt Bettencourt,16.67,48,8
10,Zach Johnson,16.33,49,8
11,Ian Poulter,16.00,50,8
12,Charley Hoffman,14.89,47,7
13,Carl Pettersson,14.63,41,6
14,Stuart Appleby,14.58,48,7
15,Heath Slocum,13.73,51,7
16,Bill Haas,12.24,49,6
17,Matt Kuchar,12.20,41,5
18,Steve Stricker,11.90,42,5
19,Adam Scott,11.63,43,5
20,Tim Clark,11.54,52,6
21,Jonathan Byrd,11.36,44,5
22,Jason Bohn,10.87,46,5
23,Francesco Molinari,10.64,47,5
24,Robert Garrigus,10.20,49,5
25,Dustin Johnson,10.00,40,4
25,Derek Lamely,10.00,50,5
27,Hunter Mahan,9.76,41,4
28,Ryan Palmer,8.70,46,4
29,Jim Furyk,8.33,48,4
30,Bill Lunde,8.16,49,4
31,Justin Rose,6.82,44,3
32,Rocco Mediate,2.63,38,1
