rank,player,% Made,Attempts,Putts made
1,Jonathan Byrd,100.00,3,3
1,Tim Clark,100.00,2,2
1,Ben Crane,100.00,1,1
4,Bill Haas,80.00,5,4
5,Robert Garrigus,66.67,3,2
5,Heath Slocum,66.67,3,2
7,Jason Day,50.00,6,3
7,Charley Hoffman,50.00,2,1
7,Hunter Mahan,50.00,4,2
7,Francesco Molinari,50.00,2,1
7,Carl Pettersson,50.00,4,2
12,Arjun Atwal,33.33,3,1
12,Anthony Kim,33.33,3,1
12,Graeme McDowell,33.33,3,1
12,Justin Rose,33.33,3,1
12,Steve Stricker,33.33,3,1
17,Matt Kuchar,25.00,4,1
17,Adam Scott,25.00,4,1
19,Matt Bettencourt,20.00,5,1
19,Dustin Johnson,20.00,5,1
21,Stuart Appleby,.00,2,0
21,Cameron Beckman,.00,3,0
21,Jason Bohn,.00,3,0
21,Ernie Els,.00,1,0
21,Jim Furyk,.00,1,0
21,Zach Johnson,.00,2,0
21,Derek Lamely,.00,2,0
21,Bill Lunde,.00,1,0
21,Rocco Mediate,.00,1,0
21,Ryan Palmer,.00,4,0
21,Ian Poulter,.00,2,0
21,Bubba Watson,.00,2,0
