rank,player,Total,Distance Rank,Accuracy Rank
1,Max Homa,17,12,5
2,Tony Finau,20,7,13
3,J.T. Poston,23,22,1
3,Will Zalatoris,23,5,18
5,Keegan Bradley,25,18,7
5,Adam Scott,25,3,22
7,Sungjae Im,26,16,10
8,Viktor Hovland,30,8,22
8,Cameron Young,30,1,29
10,Trey Mullinax,31,4,27
11,Ryan Brehm,32,10,22
12,Luke List,33,11,22
13,Chez Reavie,34,32,2
14,Aaron Wise,35,25,10
15,Brian Harman,36,33,3
16,Jon Rahm,37,2,35
16,Sepp Straka,37,30,7
18,J.J. Spaun,38,21,17
19,Tom Kim,39,26,13
20,Matt Fitzpatrick,40,13,27
20,Tom Hoge,40,27,13
20,Seamus Power,40,6,34
23,Russell Henley,41,38,3
24,Hideki Matsuyama,42,35,7
24,Scottie Scheffler,42,24,18
26,Sam Burns,43,8,35
26,Chad Ramey,43,37,6
28,Collin Morikawa,44,34,10
29,Scott Stallings,45,23,22
30,Sahith Theegala,46,28,18
31,Patrick Cantlay,48,15,33
31,Corey Conners,48,30,18
31,K.H. Lee,48,19,29
34,Billy Horschel,49,20,29
34,Adam Svensson,49,36,13
36,Jordan Spieth,52,17,35
36,Justin Thomas,52,14,38
38,Mackenzie Hughes,58,29,29
