rank,player,Avg,Total SG:OTT,Measured Rounds
1,Cameron Young,1.145,4.581,4
2,Jon Rahm,1.102,4.409,4
3,Luke List,0.957,3.828,4
4,Will Zalatoris,0.942,3.768,4
5,J.J. Spaun,0.782,3.128,4
6,Max Homa,0.643,2.572,4
7,Adam Scott,0.631,2.523,4
8,Scott Stallings,0.617,2.468,4
9,Trey Mullinax,0.582,2.327,4
10,Sungjae Im,0.488,1.954,4
11,Collin Morikawa,0.485,1.940,4
12,Keegan Bradley,0.466,1.866,4
13,Brian Harman,0.447,1.787,4
14,Tony Finau,0.318,1.274,4
15,J.T. Poston,0.297,1.190,4
16,Jordan Spieth,0.263,1.053,4
17,Matt Fitzpatrick,0.247,0.989,4
18,Scottie Scheffler,0.212,0.850,4
19,Tom Kim,0.145,0.580,4
20,Corey Conners,0.144,0.576,4
21,Ryan Brehm,0.118,0.472,4
22,Aaron Wise,0.052,0.210,4
23,Patrick Cantlay,-0.040,-0.160,4
24,Seamus Power,-0.080,-0.321,4
25,Viktor Hovland,-0.195,-0.778,4
26,K.H. Lee,-0.235,-0.939,4
27,Russell Henley,-0.330,-1.318,4
28,Tom Hoge,-0.374,-1.497,4
29,Chez Reavie,-0.531,-2.122,4
30,Sahith Theegala,-0.568,-2.273,4
31,Hideki Matsuyama,-0.596,-2.384,4
32,Adam Svensson,-0.741,-2.965,4
33,Justin Thomas,-0.875,-3.500,4
34,Chad Ramey,-0.882,-3.526,4
35,Mackenzie Hughes,-1.102,-4.407,4
36,Sam Burns,-1.214,-4.854,4
37,Sepp Straka,-1.485,-5.940,4
38,Billy Horschel,-1.654,-6.614,4
