rank,player,%,Number of Times,Attempts,Avg RTP Score
1,Mark Wilson,28.6,2,7,-5.00
2,"Ted Potter, Jr.",30.8,4,13,E
3,John Huh,33.3,5,15,E
4,Scott Piercy,35.7,5,14,E
5,Charlie Beljan,37.5,6,16,+1.67
6,Ryan Moore,41.7,5,12,+2.00
7,Jason Dufner,42.9,3,7,-3.33
8,Rickie Fowler,44.4,8,18,+2.50
9,Ian Poulter,45.5,5,11,-2.00
10,Scott Stallings,47.4,9,19,+1.11
11,Brandt Snedeker,50.0,7,14,E
12,Hunter Mahan,53.3,8,15,+1.25
13,George McNeill,55.6,10,18,+2.00
14,Jonas Blixt,58.3,7,12,E
15,Bubba Watson,58.8,10,17,E
16,J.J. Henry,60.0,3,5,E
16,Carl Pettersson,60.0,6,10,-1.67
16,Steve Stricker,60.0,6,10,+3.33
19,Johnson Wagner,61.5,8,13,E
20,Matt Kuchar,62.5,10,16,+1.00
21,Marc Leishman,64.3,9,14,+2.22
22,Dustin Johnson,66.7,12,18,-0.83
22,Zach Johnson,66.7,8,12,-2.50
24,Bill Haas,69.2,9,13,+1.11
24,Kyle Stanley,69.2,9,13,+3.33
26,Nick Watney,71.4,10,14,+1.00
27,Tommy Gainey,72.7,8,11,-1.25
28,Webb Simpson,73.3,11,15,+0.91
29,Ben Curtis,75.0,12,16,+0.83
30,Keegan Bradley,84.6,11,13,+0.91
