rank,player,%,Number of Times,Attempts,Avg RTP Score
1,Keegan Bradley,15.4,2,13,+10.00
2,Ben Curtis,25.0,4,16,E
3,Webb Simpson,26.7,4,15,-2.50
4,Tommy Gainey,27.3,3,11,-6.67
5,Nick Watney,28.6,4,14,+7.50
6,Bill Haas,30.8,4,13,E
6,Kyle Stanley,30.8,4,13,-2.50
8,Dustin Johnson,33.3,6,18,E
8,Zach Johnson,33.3,4,12,-2.50
10,Marc Leishman,35.7,5,14,+2.00
11,Matt Kuchar,37.5,6,16,E
12,Johnson Wagner,38.5,5,13,-2.00
13,J.J. Henry,40.0,2,5,-5.00
13,Carl Pettersson,40.0,4,10,+2.50
13,Steve Stricker,40.0,4,10,+2.50
16,Bubba Watson,41.2,7,17,-2.86
17,Jonas Blixt,41.7,5,12,E
18,George McNeill,44.4,8,18,+3.75
19,Hunter Mahan,46.7,7,15,+5.71
20,Brandt Snedeker,50.0,7,14,E
21,Scott Stallings,52.6,10,19,-2.00
22,Ian Poulter,54.5,6,11,+3.33
23,Rickie Fowler,55.6,10,18,-2.00
24,Jason Dufner,57.1,4,7,E
25,Ryan Moore,58.3,7,12,+2.86
26,Charlie Beljan,62.5,10,16,+2.00
27,Scott Piercy,64.3,9,14,+2.22
28,John Huh,66.7,10,15,-2.00
29,"Ted Potter, Jr.",69.2,9,13,+1.11
30,Mark Wilson,71.4,5,7,+2.00
