rank,player,%,# Hit,Total Attempts
1,Tommy Gainey,100.00,45,45
1,J.J. Henry,100.00,45,45
3,Jason Dufner,97.78,44,45
3,John Huh,97.78,44,45
5,Bill Haas,95.56,43,45
5,Zach Johnson,95.56,43,45
5,Ryan Moore,95.56,43,45
5,Carl Pettersson,95.56,43,45
5,Webb Simpson,95.56,43,45
5,Scott Stallings,95.56,43,45
5,Mark Wilson,95.56,43,45
12,Dustin Johnson,93.33,42,45
12,Brandt Snedeker,93.33,42,45
12,Steve Stricker,93.33,42,45
15,Jonas Blixt,91.11,41,45
15,Keegan Bradley,91.11,41,45
15,Rickie Fowler,91.11,41,45
15,"Ted Potter, Jr.",91.11,41,45
19,Matt Kuchar,88.89,40,45
19,Marc Leishman,88.89,40,45
19,Scott Piercy,88.89,40,45
19,Kyle Stanley,88.89,40,45
19,Johnson Wagner,88.89,40,45
19,Nick Watney,88.89,40,45
19,Bubba Watson,88.89,40,45
26,Charlie Beljan,86.67,39,45
26,Ben Curtis,86.67,39,45
26,Ian Poulter,86.67,39,45
29,Hunter Mahan,84.44,38,45
29,George McNeill,84.44,38,45
