rank,player,%,Total Left rough,Possible Fwys,Relative to par
1,J.J. Henry,4.44,2,45,E
1,"Ted Potter, Jr.",4.44,2,45,E
1,Mark Wilson,4.44,2,45,-0.50
4,Jason Dufner,6.67,3,45,-0.33
4,Scott Piercy,6.67,3,45,-0.33
6,Charlie Beljan,8.89,4,45,E
7,John Huh,11.11,5,45,E
7,Ryan Moore,11.11,5,45,+0.20
7,Ian Poulter,11.11,5,45,-0.20
10,Carl Pettersson,13.33,6,45,-0.17
10,Steve Stricker,13.33,6,45,+0.33
12,Jonas Blixt,15.56,7,45,E
12,Zach Johnson,15.56,7,45,-0.43
12,Johnson Wagner,15.56,7,45,E
15,Rickie Fowler,17.78,8,45,+0.25
15,Tommy Gainey,17.78,8,45,-0.13
15,Bill Haas,17.78,8,45,+0.13
15,Hunter Mahan,17.78,8,45,-0.13
15,George McNeill,17.78,8,45,+0.13
15,Brandt Snedeker,17.78,8,45,-0.13
15,Scott Stallings,17.78,8,45,+0.13
15,Kyle Stanley,17.78,8,45,+0.13
23,Keegan Bradley,20.00,9,45,E
23,Matt Kuchar,20.00,9,45,+0.11
23,Webb Simpson,20.00,9,45,-0.11
23,Nick Watney,20.00,9,45,E
27,Marc Leishman,22.73,10,44,+0.20
28,Bubba Watson,24.44,11,45,E
29,Ben Curtis,26.67,12,45,+0.08
30,Dustin Johnson,27.27,12,44,-0.33
