rank,player,%,Fairways Hit,Possible Fairways
1,Jason Dufner,84.44,38,45
1,J.J. Henry,84.44,38,45
3,Mark Wilson,82.22,37,45
4,Tommy Gainey,75.56,34,45
4,Carl Pettersson,75.56,34,45
6,Ryan Moore,73.33,33,45
6,Steve Stricker,73.33,33,45
8,Jonas Blixt,71.11,32,45
8,Zach Johnson,71.11,32,45
8,"Ted Potter, Jr.",71.11,32,45
11,Bill Haas,68.89,31,45
11,Ian Poulter,68.89,31,45
11,Kyle Stanley,68.89,31,45
11,Johnson Wagner,68.89,31,45
15,Keegan Bradley,66.67,30,45
15,John Huh,66.67,30,45
15,Scott Piercy,66.67,30,45
15,Brandt Snedeker,66.67,30,45
15,Nick Watney,66.67,30,45
20,Matt Kuchar,64.44,29,45
20,Hunter Mahan,64.44,29,45
20,Webb Simpson,64.44,29,45
23,Charlie Beljan,62.22,28,45
23,Ben Curtis,62.22,28,45
25,Rickie Fowler,57.78,26,45
25,Marc Leishman,57.78,26,45
25,George McNeill,57.78,26,45
25,Scott Stallings,57.78,26,45
29,Bubba Watson,53.33,24,45
30,Dustin Johnson,51.11,23,45
