rank,player,RTP Score
1,Tommy Gainey,-.667
2,Ben Curtis,-.500
2,J.J. Henry,-.500
2,Webb Simpson,-.500
5,Dustin Johnson,-.333
5,Marc Leishman,-.333
5,Johnson Wagner,-.333
5,Bubba Watson,-.333
9,Rickie Fowler,-.200
9,John Huh,-.200
9,Zach Johnson,-.200
9,Scott Stallings,-.200
9,Kyle Stanley,-.200
9,Steve Stricker,-.200
15,Jonas Blixt,-.167
16,Jason Dufner,E
16,Bill Haas,E
16,Matt Kuchar,E
16,Hunter Mahan,E
16,"Ted Potter, Jr.",E
16,Ian Poulter,E
16,Brandt Snedeker,E
16,Mark Wilson,E
24,Scott Piercy,+.111
25,George McNeill,+.143
26,Ryan Moore,+.167
27,Charlie Beljan,+.200
27,Carl Pettersson,+.200
29,Keegan Bradley,+.333
29,Nick Watney,+.333
