rank,player,Avg,Total Distance (Feet),Total Strokes
1,Ryan Moore,"6' 0""",66.250,11
2,Steve Stricker,"6' 10""",67.917,10
3,Carl Pettersson,"8' 11""",88.917,10
4,Brandt Snedeker,"9' 2""",127.833,14
5,Tommy Gainey,"10' 6""",115.917,11
6,Jason Dufner,"10' 9""",75.333,7
6,Mark Wilson,"10' 9""",75.000,7
8,Jonas Blixt,"11' 5""",125.500,11
8,J.J. Henry,"11' 5""",57.000,5
10,Ian Poulter,"11' 7""",127.083,11
11,Zach Johnson,"12' 0""",144.417,12
12,Ben Curtis,"13' 8""",218.083,16
13,Hunter Mahan,"13' 11""",152.667,11
14,John Huh,"14' 0""",209.833,15
15,Matt Kuchar,"14' 4""",214.917,15
16,Scott Piercy,"15' 0""",209.750,14
17,Johnson Wagner,"15' 5""",200.000,13
18,Kyle Stanley,"16' 2""",193.500,12
19,Bubba Watson,"16' 9""",284.667,17
20,Marc Leishman,"17' 3""",241.750,14
21,Scott Stallings,"19' 0""",360.333,19
22,Webb Simpson,"20' 1""",301.167,15
23,Keegan Bradley,"20' 9""",269.500,13
24,Bill Haas,"20' 10""",270.750,13
25,Rickie Fowler,"21' 9""",391.000,18
26,George McNeill,"23' 5""",398.500,17
27,"Ted Potter, Jr.","24' 4""",316.667,13
28,Charlie Beljan,"24' 5""",390.167,16
29,Nick Watney,"26' 6""",370.750,14
30,Dustin Johnson,"27' 1""",459.833,17
