rank,player,%,Fairways Hit,Possible Fairways,Relative to Par
1,Jason Dufner,84.44,38,45,-0.03
1,J.J. Henry,84.44,38,45,-0.05
3,Mark Wilson,82.22,37,45,-0.11
4,Tommy Gainey,75.56,34,45,-0.26
4,Carl Pettersson,75.56,34,45,-0.24
6,Ryan Moore,73.33,33,45,+0.06
6,Steve Stricker,73.33,33,45,-0.33
8,Jonas Blixt,71.11,32,45,+0.03
8,Zach Johnson,71.11,32,45,E
8,"Ted Potter, Jr.",71.11,32,45,-0.03
11,Bill Haas,68.89,31,45,-0.06
11,Ian Poulter,68.89,31,45,-0.13
11,Kyle Stanley,68.89,31,45,+0.10
11,Johnson Wagner,68.89,31,45,-0.10
15,Keegan Bradley,66.67,30,45,-0.37
15,John Huh,66.67,30,45,E
15,Scott Piercy,66.67,30,45,-0.30
15,Brandt Snedeker,66.67,30,45,-0.37
15,Nick Watney,66.67,30,45,-0.30
20,Matt Kuchar,64.44,29,45,-0.24
20,Hunter Mahan,64.44,29,45,-0.10
20,Webb Simpson,64.44,29,45,-0.14
23,Charlie Beljan,62.22,28,45,-0.11
23,Ben Curtis,62.22,28,45,-0.04
25,Marc Leishman,59.09,26,44,-0.08
26,Rickie Fowler,57.78,26,45,-0.31
26,George McNeill,57.78,26,45,E
26,Scott Stallings,57.78,26,45,-0.15
29,Dustin Johnson,54.55,24,44,-0.58
30,Bubba Watson,53.33,24,45,-0.21
