rank,player,%,Total Right rough,Possible Fwys,Relative to par
1,Ben Curtis,4.44,2,45,-0.50
2,Keegan Bradley,6.67,3,45,+0.33
2,Tommy Gainey,6.67,3,45,-0.67
2,Hunter Mahan,6.67,3,45,E
2,Nick Watney,6.67,3,45,+0.33
6,Jason Dufner,8.89,4,45,E
6,Bill Haas,8.89,4,45,E
6,J.J. Henry,8.89,4,45,-0.50
6,Webb Simpson,8.89,4,45,-0.50
10,Zach Johnson,11.11,5,45,-0.20
10,Carl Pettersson,11.11,5,45,+0.20
10,Kyle Stanley,11.11,5,45,-0.20
10,Steve Stricker,11.11,5,45,-0.20
10,Mark Wilson,11.11,5,45,E
15,Jonas Blixt,13.33,6,45,-0.17
15,Matt Kuchar,13.33,6,45,E
15,Ryan Moore,13.33,6,45,+0.17
15,Brandt Snedeker,13.33,6,45,E
15,Johnson Wagner,13.33,6,45,-0.33
20,Dustin Johnson,13.64,6,44,-0.33
20,Marc Leishman,13.64,6,44,-0.33
22,George McNeill,15.56,7,45,+0.14
23,"Ted Potter, Jr.",17.78,8,45,E
23,Ian Poulter,17.78,8,45,E
25,Scott Piercy,20.00,9,45,+0.11
25,Bubba Watson,20.00,9,45,-0.33
27,Charlie Beljan,22.22,10,45,+0.20
27,Rickie Fowler,22.22,10,45,-0.20
27,John Huh,22.22,10,45,-0.20
27,Scott Stallings,22.22,10,45,-0.20
