rank,player,%,Total Rough,Possible Fwys,Relative to par
1,J.J. Henry,13.33,6,45,-3.33
2,Jason Dufner,15.56,7,45,-1.43
2,Mark Wilson,15.56,7,45,-1.43
4,"Ted Potter, Jr.",22.22,10,45,E
5,Tommy Gainey,24.44,11,45,-2.73
5,Hunter Mahan,24.44,11,45,-0.91
5,Ryan Moore,24.44,11,45,+1.82
5,Carl Pettersson,24.44,11,45,E
5,Steve Stricker,24.44,11,45,+0.91
10,Keegan Bradley,26.67,12,45,+0.83
10,Bill Haas,26.67,12,45,+0.83
10,Zach Johnson,26.67,12,45,-3.33
10,Scott Piercy,26.67,12,45,E
10,Nick Watney,26.67,12,45,+0.83
15,Jonas Blixt,28.89,13,45,-0.77
15,Ian Poulter,28.89,13,45,-0.77
15,Webb Simpson,28.89,13,45,-2.31
15,Kyle Stanley,28.89,13,45,E
15,Johnson Wagner,28.89,13,45,-1.54
20,Charlie Beljan,31.11,14,45,+1.43
20,Ben Curtis,31.11,14,45,E
20,Brandt Snedeker,31.11,14,45,-0.71
23,John Huh,33.33,15,45,-1.33
23,Matt Kuchar,33.33,15,45,+0.67
23,George McNeill,33.33,15,45,+1.33
26,Marc Leishman,36.36,16,44,E
27,Rickie Fowler,40.00,18,45,E
27,Scott Stallings,40.00,18,45,-0.56
29,Dustin Johnson,40.91,18,44,-3.33
30,Bubba Watson,44.44,20,45,-1.50
