rank,player,%,Total Fairway Bunkers,Possible Fwys,Relative to par
1,Jonas Blixt,.0,0,45,E
1,Jason Dufner,.0,0,45,E
1,Rickie Fowler,.0,0,45,E
1,Tommy Gainey,.0,0,45,E
1,John Huh,.0,0,45,E
1,Dustin Johnson,.0,0,44,E
1,Zach Johnson,.0,0,45,E
1,Hunter Mahan,.0,0,45,E
1,Ryan Moore,.0,0,45,E
1,Carl Pettersson,.0,0,45,E
1,Ian Poulter,.0,0,45,E
1,Kyle Stanley,.0,0,45,E
1,Steve Stricker,.0,0,45,E
1,Johnson Wagner,.0,0,45,E
1,Bubba Watson,.0,0,45,E
1,Mark Wilson,.0,0,45,E
17,Charlie Beljan,2.2,1,45,E
17,J.J. Henry,2.2,1,45,E
17,Matt Kuchar,2.2,1,45,E
17,Brandt Snedeker,2.2,1,45,E
17,Scott Stallings,2.2,1,45,E
22,Marc Leishman,2.3,1,44,E
23,Keegan Bradley,4.4,2,45,+0.500
23,Ben Curtis,4.4,2,45,+0.500
23,Bill Haas,4.4,2,45,E
23,George McNeill,4.4,2,45,+1.000
23,Scott Piercy,4.4,2,45,+0.500
23,"Ted Potter, Jr.",4.4,2,45,E
23,Webb Simpson,4.4,2,45,E
23,Nick Watney,4.4,2,45,+1.000
