rank,player,Avg DTP,Total Distance (feet),# of Shots,Scrambling Rank
1,Dustin Johnson,"1' 8""",6.667,4,18
2,Ben Curtis,"1' 9""",8.667,5,8
3,Steve Stricker,"3' 8""",3.667,1,12
4,Carl Pettersson,"3' 11""",23.500,6,3
5,Rickie Fowler,"5' 6""",43.750,8,5
5,Tommy Gainey,"5' 6""",16.583,3,9
5,Ian Poulter,"5' 6""",44.167,8,1
8,Bill Haas,"5' 7""",39.333,7,5
8,Zach Johnson,"5' 7""",11.083,2,30
10,Hunter Mahan,"5' 10""",35.000,6,14
11,Johnson Wagner,"6' 0""",18.083,3,9
12,Scott Piercy,"6' 3""",31.083,5,2
13,Keegan Bradley,"6' 4""",44.250,7,18
14,Ryan Moore,"6' 5""",38.500,6,24
15,Jason Dufner,"6' 9""",40.500,6,23
15,Bubba Watson,"6' 9""",33.750,5,12
17,Scott Stallings,"7' 0""",27.917,4,15
18,"Ted Potter, Jr.","7' 4""",43.750,6,11
19,John Huh,"7' 5""",14.750,2,18
19,Nick Watney,"7' 5""",22.333,3,27
21,Matt Kuchar,"7' 7""",30.333,4,28
21,Marc Leishman,"7' 7""",22.750,3,26
23,George McNeill,"9' 2""",45.833,5,18
24,Charlie Beljan,"9' 4""",65.167,7,18
24,Mark Wilson,"9' 4""",55.750,6,5
26,Jonas Blixt,"10' 1""",50.500,5,15
27,Brandt Snedeker,"10' 8""",53.500,5,29
28,Webb Simpson,"11' 3""",22.417,2,4
28,Kyle Stanley,"11' 3""",33.833,3,15
30,J.J. Henry,"11' 10""",94.417,8,25
