rank,player,Avg DTP,Total Distance (feet),# of Shots,Scrambling Rank
1,J.J. Henry,"2' 8""",2.667,1,25
2,Brandt Snedeker,"3' 0""",9.000,3,29
3,Rickie Fowler,"4' 3""",8.500,2,5
3,Steve Stricker,"4' 3""",25.667,6,12
5,Ian Poulter,"5' 3""",42.250,8,1
6,Ben Curtis,"5' 6""",16.500,3,8
7,Carl Pettersson,"5' 10""",29.083,5,3
8,Dustin Johnson,"6' 7""",26.250,4,18
9,"Ted Potter, Jr.","6' 9""",33.917,5,11
10,Jonas Blixt,"6' 10""",20.500,3,15
10,John Huh,"6' 10""",20.500,3,18
12,Hunter Mahan,"6' 11""",41.500,6,14
13,Jason Dufner,"7' 1""",21.250,3,23
14,Mark Wilson,"7' 4""",7.333,1,5
15,Marc Leishman,"7' 7""",53.333,7,26
16,Tommy Gainey,"7' 9""",15.500,2,9
17,Scott Stallings,"9' 0""",18.000,2,15
17,Johnson Wagner,"9' 0""",45.000,5,9
19,Bubba Watson,"9' 1""",72.917,8,12
20,Bill Haas,"9' 6""",76.167,8,5
20,Ryan Moore,"9' 6""",66.583,7,24
22,Scott Piercy,"9' 8""",38.667,4,2
23,Keegan Bradley,"9' 11""",49.750,5,18
24,Kyle Stanley,"10' 3""",40.917,4,15
25,George McNeill,"10' 4""",31.083,3,18
26,Webb Simpson,"10' 8""",85.167,8,4
27,Charlie Beljan,"10' 9""",64.583,6,18
28,Nick Watney,"11' 5""",68.250,6,27
29,Matt Kuchar,"12' 5""",62.000,5,28
30,Zach Johnson,"13' 7""",67.917,5,30
