rank,player,Avg DTP,Total Distance (feet),# of Shots,Scrambling Rank
1,Dustin Johnson,"2' 2""",6.417,3,18
2,Jonas Blixt,"3' 0""",11.917,4,15
3,John Huh,"4' 5""",13.333,3,18
4,Carl Pettersson,"5' 1""",40.333,8,3
5,Steve Stricker,"5' 3""",31.250,6,12
6,"Ted Potter, Jr.","6' 2""",36.833,6,11
7,Ben Curtis,"6' 3""",43.583,7,8
7,Hunter Mahan,"6' 3""",37.667,6,14
9,Matt Kuchar,"6' 5""",51.583,8,28
10,Zach Johnson,"6' 7""",39.667,6,30
11,Johnson Wagner,"6' 8""",26.500,4,9
12,Scott Stallings,"6' 9""",33.750,5,15
13,Keegan Bradley,"6' 10""",41.000,6,18
14,Scott Piercy,"6' 11""",48.417,7,2
15,Charlie Beljan,"7' 1""",63.500,9,18
16,Ryan Moore,"7' 6""",75.083,10,24
17,Bill Haas,"7' 8""",38.333,5,5
18,Bubba Watson,"8' 4""",99.667,12,12
19,Rickie Fowler,"8' 5""",67.000,8,5
20,Brandt Snedeker,"9' 1""",54.583,6,29
21,Marc Leishman,"9' 8""",87.167,9,26
22,Ian Poulter,"9' 11""",118.500,12,1
23,Mark Wilson,"10' 9""",53.667,5,5
24,Tommy Gainey,"10' 10""",86.667,8,9
25,George McNeill,"11' 2""",78.167,7,18
26,Kyle Stanley,"11' 6""",91.917,8,15
27,Webb Simpson,"12' 11""",77.583,6,4
28,Nick Watney,"13' 11""",83.500,6,27
29,J.J. Henry,"14' 0""",97.750,7,25
30,Jason Dufner,"33' 5""",133.583,4,23
