rank,player,Avg DTP,Total Distance (feet),# of Shots,Scrambling Rank
1,Dustin Johnson,"3' 6""",10.417,3,18
2,Scott Piercy,"7' 2""",42.833,6,2
3,John Huh,"7' 10""",39.000,5,18
4,Rickie Fowler,"8' 1""",40.417,5,5
5,Zach Johnson,"8' 2""",32.583,4,30
6,Charlie Beljan,"8' 6""",33.833,4,18
7,Bill Haas,"8' 8""",17.333,2,5
8,Matt Kuchar,"8' 9""",52.500,6,28
9,Brandt Snedeker,"8' 11""",71.250,8,29
9,Steve Stricker,"8' 11""",62.500,7,12
11,Ben Curtis,"9' 3""",55.417,6,8
12,Webb Simpson,"9' 5""",47.167,5,4
13,Johnson Wagner,"9' 7""",38.167,4,9
14,Bubba Watson,"10' 1""",40.333,4,12
15,Marc Leishman,"10' 9""",85.833,8,26
16,Jonas Blixt,"11' 1""",66.333,6,15
17,George McNeill,"11' 2""",67.000,6,18
17,Mark Wilson,"11' 2""",67.167,6,5
19,Nick Watney,"11' 10""",47.250,4,27
20,Ryan Moore,"12' 11""",77.417,6,24
21,Keegan Bradley,"13' 1""",52.250,4,18
22,Carl Pettersson,"13' 4""",13.333,1,3
22,Scott Stallings,"13' 4""",106.833,8,15
24,Tommy Gainey,"14' 0""",111.667,8,9
25,Kyle Stanley,"15' 2""",121.167,8,15
26,Ian Poulter,"15' 9""",125.667,8,1
27,J.J. Henry,"16' 5""",82.083,5,25
28,Hunter Mahan,"17' 4""",86.833,5,14
29,Jason Dufner,"22' 5""",134.250,6,23
30,"Ted Potter, Jr.","23' 6""",117.500,5,11
