rank,player,Avg dtp,Total Distance (Feet),Attempts
1,Dustin Johnson,"3' 11""",11.833,3
2,Carl Pettersson,"4' 1""",32.833,8
3,Rickie Fowler,"5' 2""",57.250,11
4,John Huh,"5' 4""",42.667,8
5,Ben Curtis,"5' 6""",49.417,9
6,Hunter Mahan,"5' 7""",61.583,11
7,Jason Dufner,"6' 0""",72.250,12
7,Tommy Gainey,"6' 0""",23.917,4
7,Bubba Watson,"6' 0""",41.917,7
10,Steve Stricker,"6' 5""",44.833,7
11,Bill Haas,"6' 10""",74.917,11
12,Scott Piercy,"7' 0""",77.417,11
12,Scott Stallings,"7' 0""",62.917,9
14,Ian Poulter,"7' 2""",100.000,14
15,Ryan Moore,"7' 6""",105.167,14
16,Keegan Bradley,"7' 10""",62.917,8
17,Jonas Blixt,"8' 2""",65.500,8
18,Charlie Beljan,"8' 3""",74.583,9
19,Webb Simpson,"8' 4""",49.917,6
20,Kyle Stanley,"8' 5""",75.750,9
21,Mark Wilson,"8' 8""",69.583,8
22,Marc Leishman,"8' 9""",96.417,11
23,Brandt Snedeker,"9' 1""",72.833,8
24,Matt Kuchar,"9' 11""",109.500,11
25,Johnson Wagner,"10' 9""",107.083,10
26,Nick Watney,"11' 10""",94.667,8
27,"Ted Potter, Jr.","13' 2""",197.500,15
28,George McNeill,"13' 3""",132.333,10
29,J.J. Henry,"18' 2""",126.917,7
30,Zach Johnson,"18' 10""",131.667,7
