rank,player,Avg DTP,Total Distance (feet),# of Shots,Scrambling Rank
1,Ian Poulter,"1' 8""",1.667,1,1
2,Steve Stricker,"1' 9""",3.417,2,12
3,Bubba Watson,"2' 5""",2.417,1,12
4,Ben Curtis,"2' 10""",2.833,1,8
5,Matt Kuchar,"3' 7""",3.583,1,28
6,Rickie Fowler,"5' 1""",5.083,1,5
7,Jason Dufner,"7' 4""",7.333,1,23
8,Marc Leishman,"7' 9""",7.750,1,26
9,Carl Pettersson,"7' 11""",7.917,1,3
10,Johnson Wagner,"8' 1""",16.083,2,9
11,Brandt Snedeker,"9' 3""",18.500,2,29
12,Bill Haas,"10' 1""",30.250,3,5
13,Nick Watney,"10' 7""",21.167,2,27
14,Hunter Mahan,"11' 10""",35.500,3,14
15,Kyle Stanley,"11' 11""",11.917,1,15
16,J.J. Henry,"13' 7""",27.167,2,25
17,Scott Stallings,"14' 9""",14.750,1,15
18,Charlie Beljan,"15' 6""",46.583,3,18
19,Webb Simpson,"17' 8""",17.667,1,4
20,Jonas Blixt,"19' 7""",78.167,4,15
