rank,player,Avg DTP,Total Distance (feet),# of Shots,Scrambling Rank
1,Dustin Johnson,"0""",0,1,18
2,Hunter Mahan,"3""",.500,2,14
3,Scott Piercy,"10""",1.583,2,2
4,Carl Pettersson,"1' 8""",1.667,1,3
5,Bill Haas,"1' 10""",1.833,1,5
6,Ben Curtis,"2' 2""",2.167,1,8
7,Webb Simpson,"2' 3""",2.250,1,4
8,Matt Kuchar,"2' 6""",7.417,3,28
9,Kyle Stanley,"2' 9""",2.750,1,15
10,Ryan Moore,"3' 0""",3.000,1,24
11,John Huh,"3' 3""",9.667,3,18
11,Zach Johnson,"3' 3""",9.750,3,30
13,Rickie Fowler,"3' 5""",6.833,2,5
14,Charlie Beljan,"3' 8""",3.667,1,18
15,George McNeill,"3' 10""",7.583,2,18
16,Johnson Wagner,"4' 0""",4.000,1,9
16,Nick Watney,"4' 0""",7.917,2,27
18,Marc Leishman,"4' 2""",12.583,3,26
19,Jonas Blixt,"4' 4""",8.667,2,15
20,Jason Dufner,"4' 5""",4.417,1,23
21,Bubba Watson,"4' 6""",9.000,2,12
22,"Ted Potter, Jr.","5' 0""",19.833,4,11
23,Mark Wilson,"6' 6""",6.500,1,5
24,J.J. Henry,"6' 7""",6.583,1,25
25,Ian Poulter,"7' 2""",7.167,1,1
26,Tommy Gainey,"12' 7""",25.083,2,9
