rank,player,Avg DTP,Total Distance (feet),# of Shots,Scrambling Rank
1,Rickie Fowler,"2' 8""",.227,7,5
2,Carl Pettersson,"4' 10""",.232,4,3
3,Jason Dufner,"5' 6""",.661,10,23
4,Ben Curtis,"5' 7""",.404,6,8
5,Dustin Johnson,"5' 8""",.408,6,18
6,Nick Watney,"5' 10""",.493,7,27
7,Jonas Blixt,"6' 7""",.554,7,15
8,Bill Haas,"7' 0""",.590,7,5
9,John Huh,"7' 4""",.702,8,18
10,Webb Simpson,"7' 5""",.714,8,4
11,Brandt Snedeker,"7' 7""",.728,8,29
12,Scott Piercy,"7' 8""",.735,8,2
13,Marc Leishman,"8' 0""",.866,9,26
14,George McNeill,"9' 0""",.865,8,18
14,Bubba Watson,"9' 0""",.647,6,12
16,Ian Poulter,"9' 4""",1.116,10,1
17,Charlie Beljan,"9' 6""",.686,6,18
17,Steve Stricker,"9' 6""",.686,6,12
19,J.J. Henry,"9' 7""",.573,5,25
19,Mark Wilson,"9' 7""",.919,8,5
21,Johnson Wagner,"10' 1""",.728,6,9
22,Matt Kuchar,"10' 9""",1.165,9,28
23,Keegan Bradley,"10' 11""",1.049,8,18
23,Hunter Mahan,"10' 11""",1.048,8,14
25,Zach Johnson,"11' 4""",.950,7,30
26,Ryan Moore,"11' 11""",1.289,9,24
27,Scott Stallings,"13' 0""",1.251,8,15
28,"Ted Potter, Jr.","13' 7""",2.125,13,11
29,Kyle Stanley,"15' 4""",1.105,6,15
30,Tommy Gainey,"18' 7""",.891,4,9
