rank,player,Avg DTP,Total Distance (feet),# of Shots,Scrambling Rank
1,Dustin Johnson,"3' 7""",43.333,12,18
2,Carl Pettersson,"5' 2""",67.583,13,3
3,Ben Curtis,"5' 6""",82.750,15,8
4,Rickie Fowler,"5' 10""",99.500,17,5
5,John Huh,"6' 5""",83.917,13,18
6,Steve Stricker,"6' 7""",91.833,14,12
7,Scott Piercy,"6' 9""",114.167,17,2
8,Bill Haas,"7' 6""",134.667,18,5
9,Johnson Wagner,"8' 1""",105.250,13,9
10,Bubba Watson,"8' 3""",156.000,19,12
11,Marc Leishman,"8' 4""",174.500,21,26
11,Brandt Snedeker,"8' 4""",133.750,16,29
13,Matt Kuchar,"8' 6""",152.250,18,28
14,Hunter Mahan,"8' 7""",163.833,19,14
15,Zach Johnson,"8' 8""",121.333,14,30
16,Ian Poulter,"8' 9""",219.250,25,1
17,Jonas Blixt,"9' 2""",146.000,16,15
17,Keegan Bradley,"9' 2""",146.250,16,18
19,Ryan Moore,"9' 3""",185.500,20,24
20,Charlie Beljan,"9' 4""",167.250,18,18
21,George McNeill,"9' 6""",151.500,16,18
22,Nick Watney,"9' 9""",145.750,15,27
22,Mark Wilson,"9' 9""",136.750,14,5
24,Webb Simpson,"9' 10""",157.000,16,4
25,"Ted Potter, Jr.","10' 9""",215.000,20,11
26,Scott Stallings,"10' 11""",152.750,14,15
27,Tommy Gainey,"11' 3""",168.833,15,9
28,J.J. Henry,"12' 5""",185.750,15,25
28,Kyle Stanley,"12' 5""",198.667,16,15
30,Jason Dufner,"12' 6""",200.417,16,23
