rank,player,Avg,Total SG:APP,Measured Rounds
1,Tiger Woods,1.911,7.643,4
2,Vijay Singh,1.546,6.184,4
3,David Toms,1.094,4.375,4
4,Ernie Els,.655,2.621,4
5,Rod Pampling,.649,2.596,4
6,Stuart Appleby,.614,2.457,4
7,Jonathan Kaye,.532,2.127,4
8,Stewart Cink,.529,2.114,4
9,Woody Austin,.518,2.073,4
10,Vaughn Taylor,.425,1.700,4
11,Craig Parry,.403,1.612,4
12,John Daly,.360,1.438,4
13,Sergio Garcia,.349,1.396,4
14,Heath Slocum,.177,.706,4
15,Joey Sindelar,.154,.617,4
16,Mike Weir,.117,.468,4
17,Chad Campbell,-.022,-.088,4
18,Mark Hensby,-.168,-.673,4
19,Adam Scott,-.188,-.752,4
20,Stephen Ames,-.217,-.869,4
21,Steve Flesch,-.259,-1.036,4
22,Fred Funk,-.318,-1.272,4
23,Zach Johnson,-.357,-1.426,4
24,Bart Bryant,-.464,-1.855,4
25,Jonathan Byrd,-.551,-2.202,4
26,Retief Goosen,-.631,-2.524,4
27,Todd Hamilton,-.685,-2.741,4
28,Andre Stolz,-.834,-3.334,4
29,Carlos Franco,-1.184,-4.737,4
30,Ryan Palmer,-1.227,-4.909,4
31,Brent Geiberger,-2.929,-11.715,4
