rank,player,Avg,Total SG:Putting,Measured Rounds
1,Jonathan Kaye,1.933,7.731,4
2,Stuart Appleby,1.632,6.528,4
3,Adam Scott,1.516,6.062,4
4,Ernie Els,1.484,5.934,4
5,Stewart Cink,1.347,5.389,4
6,Woody Austin,.936,3.742,4
7,Bart Bryant,.759,3.034,4
8,Brent Geiberger,.676,2.702,4
9,Craig Parry,.491,1.964,4
10,Zach Johnson,.379,1.515,4
11,Vaughn Taylor,.274,1.095,4
12,Chad Campbell,-.002,-.008,4
13,Jonathan Byrd,-.024,-.095,4
14,Steve Flesch,-.062,-.248,4
15,Stephen Ames,-.097,-.389,4
16,Mike Weir,-.117,-.466,4
17,Mark Hensby,-.186,-.743,4
18,Vijay Singh,-.270,-1.080,4
19,Andre Stolz,-.314,-1.257,4
20,Rod Pampling,-.433,-1.730,4
21,Retief Goosen,-.494,-1.976,4
22,David Toms,-.562,-2.248,4
23,Ryan Palmer,-.685,-2.738,4
24,Heath Slocum,-.774,-3.094,4
25,Todd Hamilton,-.824,-3.294,4
26,Joey Sindelar,-.923,-3.691,4
27,Sergio Garcia,-1.109,-4.434,4
28,Fred Funk,-1.112,-4.447,4
29,Carlos Franco,-1.128,-4.513,4
30,John Daly,-1.148,-4.591,4
31,Tiger Woods,-1.161,-4.645,4
