rank,player,Avg,Total Distance (feet),# of Attempts,Relative to par
1,Patrick Cantlay,"32' 8""",97.917,3,-3
2,Scottie Scheffler,"41' 11""",83.833,2,-1
3,Brendon Todd,"43' 11""",131.833,3,-2
4,Wyndham Clark,"44' 11""",89.750,2,-1
5,Max Homa,"45' 8""",137.000,3,-2
6,Adam Schenk,"49' 4""",49.333,1,-1
7,Sungjae Im,"51' 10""",259.250,5,-5
8,Kurt Kitayama,"52' 9""",210.833,4,-1
9,Erik van Rooyen,"54' 4""",108.583,2,-2
10,Ludvig Åberg,"56' 0""",111.917,2,-1
11,Patrick Rodgers,"57' 7""",345.500,6,-4
12,Collin Morikawa,"58' 1""",58.083,1,-1
13,Viktor Hovland,"59' 3""",296.250,5,-4
14,Matt Fitzpatrick,"60' 2""",120.250,2,-1
15,Emiliano Grillo,"60' 3""",180.750,3,-2
15,Tom Hoge,"60' 3""",180.833,3,-1
17,Akshay Bhatia,"62' 2""",310.833,5,-2
18,Corey Conners,"62' 4""",124.583,2,-1
19,Nick Hardy,"63' 1""",63.083,1,E
20,Harris English,"63' 10""",382.833,6,-6
21,Byeong Hun An,"63' 11""",191.750,3,-2
22,Adam Hadwin,"65' 5""",130.750,2,-2
23,Tyrrell Hatton,"66' 0""",263.917,4,-3
24,Eric Cole,"71' 0""",212.917,3,-2
24,Tom Kim,"71' 0""",284.000,4,-1
26,Sahith Theegala,"71' 5""",285.500,4,-2
27,Luke List,"71' 7""",214.750,3,-1
28,Nico Echavarria,"72' 0""",72.000,1,E
29,Seamus Power,"72' 6""",144.917,2,-2
30,Keegan Bradley,"72' 7""",508.333,7,-2
31,Mackenzie Hughes,"72' 8""",290.583,4,-2
32,Xander Schauffele,"73' 10""",147.583,2,E
33,Jason Day,"73' 11""",295.583,4,-2
34,Camilo Villegas,"74' 7""",298.417,4,-1
35,Lee Hodges,"75' 1""",225.167,3,-2
36,Andrew Putnam,"76' 2""",76.167,1,E
37,Lucas Glover,"79' 7""",238.750,3,+2
38,Cameron Young,"79' 11""",79.917,1,-1
39,Tony Finau,"80' 7""",402.917,5,-3
40,Cam Davis,"82' 1""",246.167,3,-1
41,Sepp Straka,"82' 10""",82.833,1,-1
42,Adam Svensson,"83' 1""",415.417,5,+2
43,Tommy Fleetwood,"83' 10""",167.583,2,-1
44,Taylor Moore,"85' 11""",429.750,5,-3
45,Russell Henley,"86' 8""",86.667,1,-1
45,Denny McCarthy,"86' 8""",86.667,1,E
47,Jordan Spieth,"86' 11""",86.917,1,E
48,Matt Wallace,"87' 5""",174.750,2,-1
49,Si Woo Kim,"88' 2""",176.250,2,-1
50,Rickie Fowler,"88' 10""",88.833,1,-1
51,Vincent Norrman,"93' 1""",279.333,3,-1
52,Justin Rose,"93' 3""",186.500,2,E
53,Davis Riley,"95' 11""",383.667,4,-2
54,Sam Burns,"97' 0""",97.000,1,E
55,Hideki Matsuyama,"99' 3""",396.917,4,-1
56,J.T. Poston,"133' 0""",133.000,1,-1
