rank,player,Avg,Total Distance (feet),# of Attempts,Relative to par
1,Keegan Bradley,"8' 0""",8.000,1,-2
2,Tony Finau,"10' 0""",10.000,1,-2
3,Mackenzie Hughes,"11' 7""",23.167,2,-2
4,Si Woo Kim,"20' 5""",20.417,1,E
5,Kurt Kitayama,"23' 11""",47.750,2,E
6,Max Homa,"27' 9""",55.500,2,-1
7,J.T. Poston,"28' 7""",57.167,2,E
8,Brian Harman,"31' 5""",31.417,1,E
9,Byeong Hun An,"32' 6""",97.417,3,E
10,Tom Hoge,"33' 4""",100.000,3,-2
11,Justin Rose,"35' 4""",70.583,2,-1
12,Patrick Rodgers,"36' 6""",109.417,3,-1
13,Akshay Bhatia,"37' 0""",37.000,1,E
14,Nick Taylor,"38' 4""",115.083,3,E
15,Eric Cole,"40' 4""",80.667,2,E
16,Taylor Moore,"40' 7""",40.583,1,-1
17,Patrick Cantlay,"41' 0""",82.000,2,-1
18,Adam Schenk,"42' 3""",84.500,2,-1
19,Davis Riley,"44' 1""",44.083,1,-1
20,Sahith Theegala,"47' 8""",190.750,4,-1
21,Matt Fitzpatrick,"49' 7""",49.583,1,E
22,Viktor Hovland,"50' 10""",50.833,1,-1
23,Ludvig Åberg,"52' 6""",209.833,4,-1
24,Scottie Scheffler,"53' 9""",53.750,1,-1
25,Erik van Rooyen,"54' 2""",54.167,1,-1
26,Cam Davis,"54' 9""",109.500,2,+2
26,Emiliano Grillo,"54' 9""",54.750,1,-1
28,Tom Kim,"55' 4""",55.333,1,E
29,Chris Kirk,"59' 1""",177.167,3,E
30,Cameron Young,"59' 6""",237.917,4,-1
31,Lucas Glover,"59' 8""",178.917,3,-1
32,Rickie Fowler,"61' 1""",305.583,5,+1
33,Jordan Spieth,"64' 4""",193.000,3,-3
34,Adam Svensson,"75' 9""",75.750,1,+1
35,Matt Wallace,"77' 8""",310.667,4,E
36,Seamus Power,"78' 2""",78.167,1,E
37,Luke List,"79' 6""",79.500,1,E
38,Harris English,"80' 8""",80.667,1,E
39,Andrew Putnam,"81' 2""",81.167,1,E
40,Wyndham Clark,"86' 3""",431.333,5,E
41,Lee Hodges,"86' 11""",260.833,3,E
42,Collin Morikawa,"91' 1""",91.083,1,E
43,Xander Schauffele,"91' 9""",183.417,2,E
44,Tommy Fleetwood,"94' 11""",189.750,2,-1
45,Tyrrell Hatton,"105' 9""",105.750,1,-1
46,Adam Hadwin,"111' 0""",111.000,1,-1
47,Corey Conners,"114' 6""",114.500,1,-1
48,Sepp Straka,"121' 2""",121.167,1,+1
49,Hideki Matsuyama,"140' 8""",140.667,1,-1
