rank,player,Avg,Total Distance (feet),# of Attempts,Relative to par
1,Wyndham Clark,"6' 6""",13.000,2,-2
2,Adam Svensson,"10' 2""",50.750,5,-2
3,Jason Day,"10' 11""",21.750,2,E
4,Tyrrell Hatton,"11' 2""",67.000,6,-1
5,Taylor Moore,"12' 3""",36.750,3,-1
6,Xander Schauffele,"12' 8""",63.250,5,-2
7,Sungjae Im,"13' 1""",65.333,5,+1
8,Jordan Spieth,"13' 2""",92.333,7,-3
9,Patrick Cantlay,"14' 8""",29.333,2,-1
10,Kurt Kitayama,"14' 10""",89.000,6,-1
11,Chris Kirk,"14' 11""",74.583,5,-2
12,Tom Hoge,"15' 9""",126.083,8,-2
13,Sam Burns,"16' 6""",99.083,6,E
14,Russell Henley,"16' 8""",116.500,7,-3
15,Camilo Villegas,"16' 10""",67.250,4,-1
16,Emiliano Grillo,"16' 11""",135.000,8,-2
17,Byeong Hun An,"17' 2""",68.750,4,-2
18,Nick Hardy,"17' 4""",86.833,5,-2
19,Denny McCarthy,"17' 5""",139.417,8,-3
20,Corey Conners,"17' 6""",139.667,8,-1
20,Adam Hadwin,"17' 6""",34.917,2,E
22,Lucas Glover,"18' 1""",90.250,5,-1
23,Sahith Theegala,"18' 7""",111.583,6,-1
24,Matt Fitzpatrick,"18' 10""",150.417,8,-2
25,Rickie Fowler,"18' 11""",113.500,6,E
26,Keegan Bradley,"19' 1""",114.250,6,+1
26,Andrew Putnam,"19' 1""",95.583,5,-1
28,Tommy Fleetwood,"19' 2""",134.167,7,E
29,Patrick Rodgers,"19' 3""",134.667,7,-2
30,Si Woo Kim,"20' 11""",125.583,6,-2
31,Matt Wallace,"21' 1""",147.500,7,E
32,Collin Morikawa,"21' 6""",86.000,4,-2
33,Max Homa,"21' 11""",131.417,6,E
34,Ludvig Åberg,"22' 1""",88.167,4,+3
35,Viktor Hovland,"22' 3""",178.000,8,E
36,Tony Finau,"22' 8""",90.583,4,-1
37,Mackenzie Hughes,"23' 6""",140.917,6,-1
38,Sepp Straka,"23' 8""",189.250,8,-2
39,Brian Harman,"24' 8""",172.667,7,-1
40,Brendon Todd,"24' 9""",148.500,6,-2
41,Lee Hodges,"25' 3""",201.917,8,+1
42,Luke List,"25' 4""",151.917,6,-2
43,Hideki Matsuyama,"25' 11""",155.667,6,E
44,J.T. Poston,"26' 0""",129.833,5,E
45,Vincent Norrman,"26' 3""",236.417,9,E
46,Adam Schenk,"26' 8""",106.583,4,E
46,Erik van Rooyen,"26' 8""",106.583,4,-1
48,Tom Kim,"26' 9""",106.833,4,E
49,Cameron Young,"27' 4""",136.833,5,E
50,Justin Rose,"27' 6""",220.250,8,+1
51,Akshay Bhatia,"27' 11""",139.667,5,-2
52,Nick Taylor,"29' 9""",237.917,8,-1
53,Scottie Scheffler,"30' 4""",151.833,5,-2
54,Harris English,"30' 8""",92.083,3,E
55,Cam Davis,"31' 2""",218.250,7,+1
56,Davis Riley,"31' 5""",157.250,5,E
57,Nico Echavarria,"31' 9""",158.917,5,E
58,Seamus Power,"33' 5""",167.083,5,E
59,Eric Cole,"46' 4""",138.917,3,E
