rank,player,Avg,Total Distance (feet),# of Attempts,Relative to par
1,Adam Svensson,"11' 7""",23.083,2,-2
2,Vincent Norrman,"16' 3""",32.500,2,-1
3,Sam Burns,"17' 5""",34.833,2,-1
4,Cameron Young,"17' 6""",34.917,2,-1
5,Viktor Hovland,"19' 7""",58.667,3,-1
6,Jason Day,"21' 8""",64.917,3,-1
6,Matt Wallace,"21' 8""",108.250,5,E
8,Wyndham Clark,"22' 5""",134.417,6,E
9,Tom Hoge,"23' 4""",69.917,3,E
10,Kurt Kitayama,"23' 8""",47.250,2,E
11,Lee Hodges,"23' 9""",23.750,1,E
12,Patrick Rodgers,"24' 0""",96.000,4,E
13,Ludvig Åberg,"24' 10""",124.250,5,-2
14,Nico Echavarria,"25' 9""",77.333,3,+1
15,Denny McCarthy,"27' 0""",54.000,2,E
16,Jordan Spieth,"27' 5""",82.167,3,-1
17,Taylor Moore,"28' 3""",28.250,1,E
18,Scottie Scheffler,"28' 5""",113.750,4,-1
19,Xander Schauffele,"28' 6""",85.500,3,-1
20,Hideki Matsuyama,"28' 8""",28.667,1,E
21,Justin Rose,"29' 2""",116.750,4,-2
22,Adam Schenk,"29' 6""",117.833,4,E
23,Max Homa,"29' 8""",59.250,2,E
24,Russell Henley,"30' 0""",30.000,1,E
25,Luke List,"30' 1""",120.250,4,E
26,Sungjae Im,"31' 0""",124.083,4,-1
27,Eric Cole,"31' 5""",157.083,5,E
28,Sahith Theegala,"32' 11""",131.667,4,E
29,J.T. Poston,"33' 4""",133.250,4,E
30,Brian Harman,"34' 1""",170.417,5,+2
31,Camilo Villegas,"35' 5""",106.167,3,-1
32,Nick Hardy,"35' 11""",71.833,2,E
33,Erik van Rooyen,"36' 7""",146.417,4,E
34,Tony Finau,"37' 8""",75.250,2,-1
35,Sepp Straka,"38' 2""",114.583,3,E
36,Adam Hadwin,"38' 10""",194.083,5,E
37,Mackenzie Hughes,"39' 11""",159.583,4,+1
38,Tommy Fleetwood,"40' 0""",120.000,3,+1
39,Cam Davis,"40' 6""",81.000,2,E
40,Tom Kim,"41' 1""",205.500,5,E
41,Patrick Cantlay,"41' 2""",164.500,4,+1
41,Matt Fitzpatrick,"41' 2""",123.417,3,E
43,Rickie Fowler,"41' 4""",124.083,3,+3
44,Akshay Bhatia,"41' 9""",167.000,4,+3
45,Davis Riley,"44' 8""",133.917,3,+2
46,Keegan Bradley,"46' 6""",93.000,2,+1
47,Chris Kirk,"47' 4""",142.083,3,E
48,Si Woo Kim,"48' 1""",144.333,3,-1
49,Byeong Hun An,"50' 8""",202.750,4,E
50,Nick Taylor,"51' 11""",155.833,3,+2
51,Collin Morikawa,"55' 4""",55.333,1,E
52,Lucas Glover,"82' 6""",82.500,1,E
53,Brendon Todd,"84' 5""",168.750,2,+1
54,Seamus Power,"114' 9""",114.750,1,+1
