rank,player,Avg,Total Distance (feet),# of Attempts,Relative to par
1,Matt Fitzpatrick,"28' 0""",28.000,1,-1
2,Max Homa,"39' 0""",39.000,1,-1
3,Patrick Cantlay,"45' 0""",45.000,1,-1
4,Viktor Hovland,"50' 11""",101.750,2,-2
5,Sungjae Im,"52' 4""",104.583,2,-2
6,Erik van Rooyen,"54' 5""",54.417,1,-1
7,Collin Morikawa,"58' 1""",58.083,1,-1
8,Patrick Rodgers,"68' 4""",136.667,2,-1
9,Harris English,"70' 0""",140.000,2,-2
10,Mackenzie Hughes,"70' 11""",70.917,1,E
11,Eric Cole,"71' 8""",71.667,1,E
12,Keegan Bradley,"81' 9""",163.417,2,+1
13,Brendon Todd,"82' 3""",82.250,1,-1
14,Tony Finau,"83' 9""",83.750,1,-1
15,Adam Hadwin,"87' 2""",87.167,1,-1
16,Camilo Villegas,"94' 1""",94.083,1,E
17,Lucas Glover,"102' 7""",102.583,1,+2
18,Hideki Matsuyama,"112' 6""",225.000,2,E
19,Lee Hodges,"121' 8""",121.667,1,-1
20,Taylor Moore,"126' 0""",252.000,2,-1
21,Tyrrell Hatton,"134' 8""",134.667,1,-1
22,Sahith Theegala,"146' 8""",146.667,1,-1
