rank,player,Avg,Total Distance (feet),# of Attempts,Relative to par
1,Brendon Todd,"10' 3""",10.250,1,-1
2,Adam Svensson,"15' 0""",29.917,2,-1
3,Byeong Hun An,"25' 2""",25.167,1,-1
4,Max Homa,"28' 1""",28.083,1,-1
5,Patrick Cantlay,"28' 10""",28.833,1,-1
6,Justin Rose,"34' 8""",34.667,1,E
7,Ludvig Åberg,"35' 1""",35.083,1,E
8,Kurt Kitayama,"38' 6""",76.917,2,E
9,Scottie Scheffler,"41' 11""",83.833,2,-1
10,Tyrrell Hatton,"43' 1""",129.250,3,-2
11,Sahith Theegala,"46' 3""",138.833,3,-1
12,Davis Riley,"48' 1""",96.083,2,-1
13,Adam Schenk,"49' 4""",49.333,1,-1
14,Sungjae Im,"51' 7""",154.667,3,-3
15,Lee Hodges,"51' 9""",103.500,2,-1
16,Erik van Rooyen,"54' 2""",54.167,1,-1
17,Viktor Hovland,"55' 3""",110.500,2,-1
18,Luke List,"56' 4""",112.667,2,E
19,Tom Hoge,"57' 5""",114.833,2,-1
20,Taylor Moore,"59' 3""",177.750,3,-2
21,Cam Davis,"59' 10""",59.833,1,-1
22,Emiliano Grillo,"60' 3""",180.750,3,-2
23,Harris English,"60' 9""",242.833,4,-4
24,Keegan Bradley,"61' 3""",183.667,3,-2
24,Mackenzie Hughes,"61' 3""",122.500,2,-2
26,Corey Conners,"62' 4""",124.583,2,-1
27,Akshay Bhatia,"63' 2""",126.333,2,-1
27,Patrick Rodgers,"63' 2""",189.583,3,-2
29,Nico Echavarria,"72' 0""",72.000,1,E
30,Camilo Villegas,"72' 2""",144.250,2,-1
31,Andrew Putnam,"76' 2""",76.167,1,E
32,Eric Cole,"78' 3""",78.250,1,-1
33,Tommy Fleetwood,"78' 6""",78.500,1,-1
34,Tony Finau,"79' 10""",319.167,4,-2
35,Cameron Young,"79' 11""",79.917,1,-1
36,Hideki Matsuyama,"80' 0""",80.000,1,-1
37,Xander Schauffele,"84' 7""",84.583,1,+1
38,Jason Day,"85' 1""",255.167,3,-1
39,Si Woo Kim,"86' 8""",86.667,1,E
39,Denny McCarthy,"86' 8""",86.667,1,E
41,Jordan Spieth,"86' 11""",86.917,1,E
42,Matt Wallace,"87' 5""",174.750,2,-1
43,Matt Fitzpatrick,"92' 3""",92.250,1,E
44,Seamus Power,"93' 6""",93.500,1,-1
45,Sam Burns,"97' 0""",97.000,1,E
46,Vincent Norrman,"97' 5""",97.417,1,E
47,Tom Kim,"106' 8""",213.250,2,E
