rank,player,Avg,Total Distance (feet),# of Attempts,Relative to par
1,Adam Hadwin,"2' 3""",2.250,1,-1
2,Mackenzie Hughes,"5' 10""",11.667,2,-2
3,Lucas Glover,"6' 10""",13.583,2,-2
4,Denny McCarthy,"9' 8""",9.667,1,E
5,Harris English,"10' 8""",10.667,1,-1
6,Kurt Kitayama,"11' 5""",22.833,2,E
7,Nick Taylor,"11' 8""",23.333,2,E
8,Adam Schenk,"11' 9""",23.417,2,E
8,Matt Wallace,"11' 9""",11.750,1,E
10,Taylor Moore,"13' 7""",40.750,3,+1
11,Lee Hodges,"13' 9""",27.417,2,E
12,Davis Riley,"15' 5""",46.333,3,-1
13,Jordan Spieth,"15' 7""",46.833,3,-1
14,Seamus Power,"15' 8""",47.083,3,E
15,Rickie Fowler,"16' 1""",32.167,2,-1
16,Justin Rose,"17' 2""",17.167,1,-1
17,Hideki Matsuyama,"17' 7""",70.250,4,-1
18,Luke List,"17' 10""",53.417,3,E
19,Patrick Rodgers,"18' 5""",55.333,3,E
20,Adam Svensson,"19' 2""",57.583,3,-1
21,Collin Morikawa,"19' 6""",38.917,2,E
22,Akshay Bhatia,"19' 10""",59.417,3,-1
23,Chris Kirk,"20' 2""",20.167,1,E
24,Wyndham Clark,"22' 5""",67.333,3,-1
25,Byeong Hun An,"22' 10""",45.667,2,-1
26,Viktor Hovland,"23' 8""",23.667,1,E
27,Camilo Villegas,"24' 3""",96.917,4,-1
28,Nick Hardy,"24' 7""",73.750,3,E
29,Eric Cole,"24' 8""",24.667,1,+1
30,Andrew Putnam,"25' 0""",25.000,1,E
31,Tom Kim,"25' 4""",50.667,2,E
32,Erik van Rooyen,"27' 11""",83.750,3,-1
33,Scottie Scheffler,"29' 3""",87.833,3,+1
34,Tommy Fleetwood,"31' 9""",31.750,1,E
35,Patrick Cantlay,"32' 0""",160.083,5,+1
36,Nico Echavarria,"32' 7""",65.083,2,E
37,Matt Fitzpatrick,"32' 11""",98.750,3,E
38,J.T. Poston,"33' 5""",66.833,2,-1
39,Xander Schauffele,"33' 6""",100.583,3,E
40,Russell Henley,"36' 11""",110.750,3,+2
41,Si Woo Kim,"39' 5""",78.833,2,E
42,Sam Burns,"39' 6""",197.667,5,+1
43,Brendon Todd,"39' 9""",79.417,2,E
44,Brian Harman,"41' 1""",82.083,2,E
45,Tom Hoge,"41' 8""",166.667,4,E
46,Emiliano Grillo,"43' 4""",43.333,1,E
47,Tyrrell Hatton,"43' 10""",131.583,3,+1
48,Keegan Bradley,"44' 5""",44.417,1,E
48,Sepp Straka,"44' 5""",88.833,2,E
50,Cam Davis,"45' 8""",137.083,3,E
51,Vincent Norrman,"46' 2""",184.583,4,+2
52,Jason Day,"50' 9""",253.750,5,-1
53,Tony Finau,"50' 10""",203.250,4,E
54,Ludvig Åberg,"59' 7""",59.583,1,+1
