rank,player,Avg,Total Distance (feet),# of Attempts,Relative to par
1,Lucas Glover,"3' 11""",3.917,1,-1
2,Tyrrell Hatton,"7' 6""",7.500,1,E
3,Denny McCarthy,"9' 7""",28.750,3,-1
4,Taylor Moore,"10' 7""",21.083,2,-1
5,Chris Kirk,"11' 1""",22.167,2,E
6,Sungjae Im,"11' 3""",11.250,1,E
7,Patrick Cantlay,"12' 2""",12.167,1,-1
8,Adam Svensson,"12' 9""",12.750,1,E
9,Justin Rose,"12' 10""",25.667,2,-1
10,Andrew Putnam,"13' 2""",39.417,3,-2
11,Akshay Bhatia,"14' 1""",14.083,1,-1
12,Camilo Villegas,"14' 11""",14.917,1,E
13,Kurt Kitayama,"15' 2""",45.500,3,-1
13,Jordan Spieth,"15' 2""",45.583,3,-2
15,Russell Henley,"15' 4""",61.250,4,-2
15,Davis Riley,"15' 4""",15.333,1,E
17,Tom Kim,"15' 7""",15.583,1,E
18,Nick Taylor,"15' 10""",47.500,3,-1
19,Matt Wallace,"16' 1""",64.417,4,E
20,Sam Burns,"16' 9""",50.250,3,-1
20,Hideki Matsuyama,"16' 9""",33.500,2,E
20,Sahith Theegala,"16' 9""",50.167,3,-1
23,Tom Hoge,"17' 7""",35.083,2,E
24,Patrick Rodgers,"17' 9""",53.250,3,-1
25,Corey Conners,"18' 0""",54.000,3,E
25,Brendon Todd,"18' 0""",18.000,1,E
27,Keegan Bradley,"18' 5""",55.333,3,E
28,Cameron Young,"18' 11""",18.917,1,E
29,Xander Schauffele,"19' 8""",19.667,1,-1
30,Viktor Hovland,"20' 1""",80.167,4,-1
31,Rickie Fowler,"21' 8""",86.500,4,E
32,Emiliano Grillo,"22' 1""",66.333,3,-1
33,Mackenzie Hughes,"22' 7""",90.167,4,-1
34,Sepp Straka,"22' 9""",91.083,4,-1
35,Matt Fitzpatrick,"23' 2""",69.500,3,-1
36,Luke List,"25' 5""",76.167,3,-2
37,Adam Hadwin,"26' 1""",26.083,1,E
38,Adam Schenk,"27' 8""",55.250,2,E
39,Erik van Rooyen,"27' 11""",83.833,3,E
40,Byeong Hun An,"28' 4""",56.583,2,-1
40,Brian Harman,"28' 4""",56.583,2,E
42,Tommy Fleetwood,"28' 8""",57.333,2,E
43,Lee Hodges,"29' 0""",86.917,3,+1
44,Max Homa,"29' 1""",58.083,2,+1
45,Ludvig Åberg,"29' 8""",29.667,1,E
46,Si Woo Kim,"31' 0""",93.083,3,-1
47,J.T. Poston,"31' 3""",31.250,1,E
48,Scottie Scheffler,"31' 9""",95.167,3,-1
49,Nico Echavarria,"32' 4""",32.333,1,+1
50,Vincent Norrman,"33' 10""",135.333,4,E
51,Cam Davis,"39' 2""",117.500,3,+2
52,Tony Finau,"57' 9""",57.750,1,E
53,Eric Cole,"58' 6""",117.000,2,E
