rank,player,%,Greens Hit,Total Holes,Relative to par
1,Vijay Singh,100.00,5,5,+0.20
1,Shawn Stefani,100.00,4,4,+0.25
3,Ben Kohles,87.50,7,8,-0.29
4,David Mathis,75.00,6,8,-0.17
4,Nicholas Thompson,75.00,6,8,+0.33
6,John Daly,71.43,5,7,-0.20
6,Justin Hicks,71.43,5,7,-0.40
6,Billy Horschel,71.43,5,7,+0.20
9,Matt Jones,70.00,7,10,-0.14
10,Ricky Barnes,66.67,6,9,-0.17
10,Chad Campbell,66.67,4,6,-0.25
10,Derek Ernst,66.67,6,9,E
10,Ryan Palmer,66.67,4,6,+0.25
10,Kyle Stanley,66.67,4,6,E
15,Fabián Gómez,62.50,5,8,+0.20
16,D.H. Lee,60.00,6,10,E
16,Marc Leishman,60.00,3,5,-0.33
18,James Hahn,57.14,4,7,E
18,Charles Howell III,57.14,4,7,-0.25
18,John Huh,57.14,4,7,+0.25
18,Justin Leonard,57.14,4,7,E
18,Jeff Overton,57.14,4,7,-0.25
18,Webb Simpson,57.14,4,7,-0.25
24,Dicky Pride,55.56,5,9,-0.40
25,Stephen Ames,50.00,4,8,-0.25
25,Steven Bowditch,50.00,3,6,E
25,Bart Bryant,50.00,5,10,-0.20
25,Brendon de Jonge,50.00,4,8,-0.50
25,Brad Fritsch,50.00,3,6,E
25,Russell Henley,50.00,3,6,-0.33
25,Scott Langley,50.00,4,8,-0.25
25,Jeff Maggert,50.00,5,10,-0.60
25,Kevin Streelman,50.00,3,6,E
25,Peter Tomasulo,50.00,4,8,E
35,Shane Bertsch,45.45,5,11,-0.20
35,David Hearn,45.45,5,11,E
37,Sangmoon Bae,44.44,4,9,E
37,Russ Cochran,44.44,4,9,E
37,Doug LaBelle II,44.44,4,9,-0.25
37,Cameron Percy,44.44,4,9,E
37,Brian Stuard,44.44,4,9,-0.25
37,Hideto Tanihara,44.44,4,9,-0.25
37,Charlie Wi,44.44,4,9,+0.25
44,Scott Gardiner,42.86,3,7,-0.33
44,Pat Perez,42.86,3,7,-0.33
44,John Rollins,42.86,3,7,+0.33
47,Lee Williams,41.67,5,12,+0.20
48,Tim Clark,40.00,4,10,E
48,Tim Herron,40.00,4,10,-0.50
48,Danny Lee,40.00,4,10,-0.25
48,Scott Piercy,40.00,2,5,+0.50
52,Mark Anderson,37.50,3,8,+0.33
52,Brian Gay,37.50,3,8,-0.33
52,Chris Kirk,37.50,3,8,E
52,Carl Pettersson,37.50,3,8,-0.33
52,John Senden,37.50,3,8,-0.33
52,Robert Streb,37.50,3,8,-0.33
52,Josh Teater,37.50,3,8,-0.33
59,Keegan Bradley,33.33,2,6,E
59,Harris English,33.33,2,6,E
59,Matt Kuchar,33.33,3,9,E
59,Y.E. Yang,33.33,2,6,E
63,Steve Marino,30.00,3,10,E
63,Alistair Presnell,30.00,3,10,-0.33
65,Rory Sabbatini,28.57,2,7,E
66,Erik Compton,25.00,2,8,-0.50
66,Tommy Gainey,25.00,2,8,+0.50
66,Morgan Hoffmann,25.00,2,8,E
66,David Lingmerth,25.00,2,8,E
70,Henrik Norlander,22.22,2,9,-0.50
70,Dean Wilson,22.22,2,9,E
72,Jason Kokrak,16.67,1,6,E
72,Jimmy Walker,16.67,1,6,E
74,George McNeill,12.50,1,8,E
