rank,player,%,Greens Hit,Total Holes,Relative to par
1,Mark Anderson,100.00,3,3,-0.33
1,Bart Bryant,100.00,2,2,E
1,Brendon de Jonge,100.00,1,1,-1.00
1,Brad Fritsch,100.00,6,6,-0.33
1,Tommy Gainey,100.00,5,5,-0.80
1,James Hahn,100.00,3,3,-0.33
1,David Hearn,100.00,4,4,-1.00
1,Russell Henley,100.00,4,4,-0.25
1,Justin Hicks,100.00,3,3,E
1,Charles Howell III,100.00,4,4,-0.25
1,Ben Kohles,100.00,4,4,E
1,Matt Kuchar,100.00,2,2,E
1,Doug LaBelle II,100.00,1,1,-1.00
1,Danny Lee,100.00,7,7,-0.29
1,Marc Leishman,100.00,5,5,-0.20
1,Justin Leonard,100.00,2,2,-0.50
1,George McNeill,100.00,5,5,-0.20
1,Ryan Palmer,100.00,7,7,-0.29
1,Carl Pettersson,100.00,11,11,-0.36
1,Alistair Presnell,100.00,3,3,-0.33
1,Dicky Pride,100.00,4,4,E
1,Rory Sabbatini,100.00,1,1,E
1,John Senden,100.00,2,2,-1.00
1,Webb Simpson,100.00,6,6,E
1,Kyle Stanley,100.00,4,4,E
1,Kevin Streelman,100.00,4,4,-0.50
1,Brian Stuard,100.00,2,2,E
1,Jimmy Walker,100.00,6,6,-0.17
1,Charlie Wi,100.00,2,2,E
1,Lee Williams,100.00,3,3,-0.67
1,Dean Wilson,100.00,3,3,E
32,Jason Kokrak,90.00,9,10,E
33,Billy Horschel,87.50,7,8,-0.14
33,Jeff Maggert,87.50,7,8,E
33,Vijay Singh,87.50,7,8,-0.14
36,Harris English,85.71,6,7,-0.50
36,Scott Gardiner,85.71,6,7,-0.50
36,Henrik Norlander,85.71,6,7,-0.33
36,Robert Streb,85.71,6,7,-0.17
40,Scott Langley,83.33,5,6,-0.40
41,Peter Tomasulo,81.82,9,11,E
42,Chad Campbell,80.00,4,5,E
42,Tim Clark,80.00,4,5,-0.50
42,John Huh,80.00,4,5,-0.75
42,Matt Jones,80.00,4,5,-1.00
42,David Lingmerth,80.00,4,5,-0.25
47,John Rollins,76.92,10,13,-0.20
48,Stephen Ames,75.00,3,4,-0.33
48,Keegan Bradley,75.00,3,4,E
48,Erik Compton,75.00,3,4,-0.67
48,Derek Ernst,75.00,3,4,-0.33
48,Nicholas Thompson,75.00,3,4,-0.33
53,John Daly,71.43,5,7,-0.40
53,Chris Kirk,71.43,5,7,-0.40
55,Sangmoon Bae,66.67,2,3,-0.50
55,Jeff Overton,66.67,6,9,E
55,Pat Perez,66.67,4,6,-0.25
55,Y.E. Yang,66.67,2,3,-1.00
59,Scott Piercy,62.50,5,8,-0.40
60,Shane Bertsch,60.00,3,5,E
60,Tim Herron,60.00,3,5,-0.67
60,Morgan Hoffmann,60.00,3,5,+0.33
60,Steve Marino,60.00,3,5,-1.00
60,Cameron Percy,60.00,3,5,-0.33
60,Hideto Tanihara,60.00,3,5,-0.33
66,Ricky Barnes,50.00,2,4,-0.50
66,Steven Bowditch,50.00,3,6,-0.33
66,Russ Cochran,50.00,2,4,E
66,Brian Gay,50.00,1,2,E
66,Fabián Gómez,50.00,1,2,E
66,D.H. Lee,50.00,2,4,E
66,David Mathis,50.00,1,2,-1.00
66,Shawn Stefani,50.00,3,6,E
66,Josh Teater,50.00,4,8,E
