rank,player,%,Greens Hit,Total Holes,Relative to par
1,Steven Bowditch,100.00,2,2,E
1,Keegan Bradley,100.00,2,2,-0.50
1,Bart Bryant,100.00,2,2,E
1,Tim Clark,100.00,1,1,E
1,Russ Cochran,100.00,2,2,-0.50
1,Erik Compton,100.00,3,3,-0.67
1,John Daly,100.00,6,6,-0.33
1,Brendon de Jonge,100.00,1,1,E
1,Harris English,100.00,1,1,E
1,Derek Ernst,100.00,2,2,E
1,Brad Fritsch,100.00,3,3,-0.33
1,Tommy Gainey,100.00,2,2,E
1,Scott Gardiner,100.00,2,2,E
1,Brian Gay,100.00,5,5,-0.40
1,James Hahn,100.00,2,2,E
1,Tim Herron,100.00,2,2,-0.50
1,Justin Hicks,100.00,2,2,-0.50
1,Morgan Hoffmann,100.00,2,2,E
1,Charles Howell III,100.00,1,1,-1.00
1,John Huh,100.00,2,2,E
1,Chris Kirk,100.00,2,2,-0.50
1,Jason Kokrak,100.00,2,2,-0.50
1,Doug LaBelle II,100.00,2,2,E
1,Scott Langley,100.00,1,1,-1.00
1,Danny Lee,100.00,4,4,-0.25
1,Marc Leishman,100.00,2,2,-0.50
1,Steve Marino,100.00,1,1,-1.00
1,David Mathis,100.00,2,2,-1.00
1,George McNeill,100.00,1,1,E
1,Jeff Overton,100.00,1,1,E
1,Scott Piercy,100.00,3,3,-0.33
1,John Rollins,100.00,1,1,E
1,Rory Sabbatini,100.00,1,1,E
1,Vijay Singh,100.00,1,1,E
1,Kevin Streelman,100.00,2,2,-1.00
1,Brian Stuard,100.00,1,1,E
1,Hideto Tanihara,100.00,4,4,E
1,Josh Teater,100.00,2,2,E
1,Nicholas Thompson,100.00,2,2,-0.50
1,Peter Tomasulo,100.00,1,1,E
1,Charlie Wi,100.00,1,1,-1.00
1,Lee Williams,100.00,2,2,-0.50
43,Ryan Palmer,83.33,5,6,-0.20
44,Ben Kohles,80.00,4,5,-0.50
44,Kyle Stanley,80.00,4,5,E
46,Robert Streb,75.00,3,4,-0.33
46,Jimmy Walker,75.00,3,4,-0.33
48,Mark Anderson,66.67,2,3,-1.00
48,David Lingmerth,66.67,2,3,-0.50
48,Jeff Maggert,66.67,2,3,E
48,Dicky Pride,66.67,2,3,E
52,Sangmoon Bae,50.00,1,2,E
52,Fabián Gómez,50.00,1,2,E
52,David Hearn,50.00,1,2,-1.00
52,Matt Kuchar,50.00,1,2,E
52,D.H. Lee,50.00,1,2,E
52,Justin Leonard,50.00,2,4,E
52,Carl Pettersson,50.00,3,6,E
52,John Senden,50.00,1,2,E
52,Webb Simpson,50.00,1,2,-1.00
52,Shawn Stefani,50.00,2,4,-1.00
52,Dean Wilson,50.00,1,2,+1.00
63,Stephen Ames,.00,0,1,E
63,Ricky Barnes,.00,0,1,E
63,Henrik Norlander,.00,0,1,E
