rank,player,%,Greens Hit,# of holes
1,Vijay Singh,82.76,24,29
2,Russell Henley,76.00,19,25
3,Scott Gardiner,73.91,17,23
4,Pat Perez,72.73,24,33
5,Kevin Streelman,72.41,21,29
6,Ryan Palmer,72.22,26,36
7,Charles Howell III,71.43,25,35
8,Webb Simpson,70.97,22,31
9,Shawn Stefani,70.59,24,34
10,Ricky Barnes,69.70,23,33
11,John Senden,67.86,19,28
12,Erik Compton,67.74,21,31
12,Jimmy Walker,67.74,21,31
14,John Huh,66.67,18,27
14,John Rollins,66.67,18,27
14,Peter Tomasulo,66.67,16,24
17,Rory Sabbatini,65.71,23,35
18,Chad Campbell,65.38,17,26
19,Harris English,64.52,20,31
20,Derek Ernst,64.29,18,28
21,Doug LaBelle II,64.00,16,25
21,David Mathis,64.00,16,25
21,Dicky Pride,64.00,16,25
24,James Hahn,63.33,19,30
24,Hideto Tanihara,63.33,19,30
26,Jason Kokrak,62.96,17,27
27,Marc Leishman,62.86,22,35
27,Carl Pettersson,62.86,22,35
29,Billy Horschel,61.54,16,26
30,Sangmoon Bae,61.11,22,36
31,Shane Bertsch,60.71,17,28
31,Ben Kohles,60.71,17,28
33,Russ Cochran,60.00,15,25
33,Brendon de Jonge,60.00,18,30
33,Tim Herron,60.00,18,30
33,Justin Hicks,60.00,18,30
33,Morgan Hoffmann,60.00,15,25
33,Danny Lee,60.00,21,35
39,Henrik Norlander,59.26,16,27
39,Josh Teater,59.26,16,27
41,Kyle Stanley,58.82,20,34
42,Steve Marino,58.62,17,29
43,Cameron Percy,58.33,21,36
44,Scott Piercy,58.06,18,31
45,Matt Jones,56.67,17,30
46,Nicholas Thompson,56.52,13,23
47,Mark Anderson,56.25,18,32
48,Charlie Wi,56.00,14,25
48,Y.E. Yang,56.00,14,25
50,Tim Clark,55.56,15,27
51,Scott Langley,55.17,16,29
51,George McNeill,55.17,16,29
53,Brian Gay,54.84,17,31
54,Stephen Ames,54.55,12,22
55,Chris Kirk,53.57,15,28
56,Keegan Bradley,53.33,16,30
56,John Daly,53.33,16,30
58,Brian Stuard,52.63,10,19
59,Fabián Gómez,51.85,14,27
59,Dean Wilson,51.85,14,27
61,Justin Leonard,51.72,15,29
62,Steven Bowditch,50.00,19,38
63,D.H. Lee,48.39,15,31
64,Alistair Presnell,48.28,14,29
64,Lee Williams,48.28,14,29
66,Tommy Gainey,46.88,15,32
66,Matt Kuchar,46.88,15,32
68,Brad Fritsch,46.15,12,26
68,David Lingmerth,46.15,12,26
68,Jeff Overton,46.15,12,26
71,Robert Streb,43.75,14,32
72,Jeff Maggert,42.86,9,21
73,Bart Bryant,42.11,8,19
74,David Hearn,40.00,10,25
