rank,player,%,Greens Hit,Total Holes,Relative to par
1,Sangmoon Bae,100.00,9,9,-0.33
1,Ricky Barnes,100.00,11,11,-0.55
1,Shane Bertsch,100.00,10,10,-1.00
1,Bart Bryant,100.00,9,9,-0.89
1,Chad Campbell,100.00,12,12,-0.58
1,Russ Cochran,100.00,9,9,-0.67
1,Erik Compton,100.00,10,10,-0.40
1,Brendon de Jonge,100.00,11,11,-0.36
1,Harris English,100.00,11,11,-0.82
1,Derek Ernst,100.00,9,9,-0.67
1,Brad Fritsch,100.00,8,8,-0.88
1,Brian Gay,100.00,7,7,-0.71
1,James Hahn,100.00,10,10,-0.70
1,Tim Herron,100.00,8,8,-0.88
1,Justin Hicks,100.00,10,10,-0.70
1,John Huh,100.00,9,9,-0.44
1,Matt Jones,100.00,12,12,-0.83
1,Chris Kirk,100.00,10,10,-0.90
1,Jason Kokrak,100.00,10,10,-1.00
1,Doug LaBelle II,100.00,9,9,-1.11
1,Scott Langley,100.00,9,9,-1.11
1,D.H. Lee,100.00,9,9,-0.78
1,Danny Lee,100.00,8,8,-0.75
1,Jeff Maggert,100.00,7,7,-0.43
1,Steve Marino,100.00,12,12,-0.50
1,David Mathis,100.00,10,10,-0.50
1,Henrik Norlander,100.00,10,10,-0.90
1,Jeff Overton,100.00,12,12,-0.75
1,Pat Perez,100.00,12,12,-0.67
1,Carl Pettersson,100.00,7,7,-0.86
1,Rory Sabbatini,100.00,10,10,-0.90
1,Webb Simpson,100.00,10,10,-0.80
1,Vijay Singh,100.00,11,11,-0.64
1,Kevin Streelman,100.00,10,10,-0.60
1,Josh Teater,100.00,11,11,-0.64
1,Peter Tomasulo,100.00,11,11,-0.73
1,Jimmy Walker,100.00,10,10,-0.80
1,Lee Williams,100.00,10,10,-0.70
1,Dean Wilson,100.00,10,10,-0.70
1,Y.E. Yang,100.00,12,12,-0.67
41,Scott Piercy,92.31,12,13,-0.92
42,Keegan Bradley,91.67,11,12,-0.64
42,Cameron Percy,91.67,11,12,-0.64
44,Stephen Ames,90.91,10,11,-0.70
44,Tim Clark,90.91,10,11,-1.00
44,Russell Henley,90.91,10,11,-0.80
44,Charles Howell III,90.91,10,11,-1.00
44,Marc Leishman,90.91,10,11,-0.50
44,John Rollins,90.91,10,11,-0.60
44,Shawn Stefani,90.91,10,11,-0.80
51,Scott Gardiner,90.00,9,10,-0.89
51,Morgan Hoffmann,90.00,9,10,-0.89
51,Ryan Palmer,90.00,9,10,-0.67
51,John Senden,90.00,9,10,-0.89
51,Nicholas Thompson,90.00,9,10,-0.78
56,Mark Anderson,88.89,8,9,-0.88
56,Steven Bowditch,88.89,8,9,-0.50
56,Fabián Gómez,88.89,8,9,-0.63
56,David Hearn,88.89,8,9,-0.50
56,Justin Leonard,88.89,8,9,-0.63
56,David Lingmerth,88.89,8,9,-0.88
56,George McNeill,88.89,8,9,-0.88
56,Dicky Pride,88.89,8,9,-0.75
64,John Daly,85.71,12,14,-0.58
65,Billy Horschel,83.33,10,12,-0.40
65,Alistair Presnell,83.33,10,12,-1.00
65,Hideto Tanihara,83.33,5,6,-0.60
68,Tommy Gainey,80.00,8,10,-0.88
68,Ben Kohles,80.00,4,5,-0.25
68,Matt Kuchar,80.00,8,10,-1.00
68,Kyle Stanley,80.00,8,10,-0.75
72,Robert Streb,77.78,7,9,-0.43
72,Brian Stuard,77.78,7,9,-1.00
72,Charlie Wi,77.78,7,9,-0.86
