rank,player,%,Greens Hit,Total Holes,Relative to par
1,Ricky Barnes,100.00,13,13,-0.23
1,David Hearn,100.00,14,14,-0.21
1,Brian Stuard,100.00,10,10,-0.20
4,John Senden,91.67,11,12,-0.09
4,Dean Wilson,91.67,11,12,E
6,Jeff Maggert,90.91,10,11,-0.20
6,Cameron Percy,90.91,10,11,-0.10
6,Nicholas Thompson,90.91,10,11,-0.20
9,Justin Leonard,90.00,9,10,-0.33
9,Pat Perez,90.00,9,10,-0.11
11,Derek Ernst,89.47,17,19,+0.06
12,Hideto Tanihara,88.89,16,18,-0.13
13,Russ Cochran,88.24,15,17,-0.33
14,Russell Henley,86.96,20,23,-0.45
15,David Mathis,85.71,12,14,-0.17
16,Matt Jones,84.62,11,13,-0.27
16,Scott Piercy,84.62,11,13,-0.18
18,Chad Campbell,83.33,10,12,-0.20
18,Brad Fritsch,83.33,15,18,-0.27
18,Doug LaBelle II,83.33,10,12,-0.30
18,Marc Leishman,83.33,10,12,-0.50
18,John Rollins,83.33,10,12,-0.50
23,Brendon de Jonge,82.61,19,23,-0.11
24,Matt Kuchar,81.25,13,16,-0.23
24,Carl Pettersson,81.25,13,16,-0.15
26,Erik Compton,80.00,12,15,-0.33
26,James Hahn,80.00,12,15,-0.08
26,Charles Howell III,80.00,8,10,-0.38
26,Danny Lee,80.00,12,15,-0.33
26,Vijay Singh,80.00,12,15,-0.08
31,Shane Bertsch,78.95,15,19,-0.20
31,Rory Sabbatini,78.95,15,19,-0.27
33,Alistair Presnell,78.57,11,14,-0.09
34,Steve Marino,76.92,10,13,E
34,Shawn Stefani,76.92,10,13,-0.30
36,Chris Kirk,76.47,13,17,-0.38
37,Stephen Ames,75.00,9,12,-0.22
37,John Daly,75.00,6,8,-0.33
37,George McNeill,75.00,9,12,E
37,Dicky Pride,75.00,12,16,-0.42
37,Jimmy Walker,75.00,12,16,-0.17
42,Tim Clark,73.68,14,19,-0.14
43,Tim Herron,73.33,11,15,-0.18
43,Scott Langley,73.33,11,15,-0.18
45,Jason Kokrak,72.73,8,11,-0.38
45,Henrik Norlander,72.73,8,11,-0.25
45,Peter Tomasulo,72.73,8,11,-0.25
48,Justin Hicks,71.43,10,14,-0.30
49,Sangmoon Bae,70.59,12,17,-0.58
49,Jeff Overton,70.59,12,17,-0.33
51,Harris English,69.23,9,13,-0.33
52,Mark Anderson,68.75,11,16,-0.27
52,David Lingmerth,68.75,11,16,-0.45
54,Charlie Wi,68.18,15,22,-0.40
55,Bart Bryant,66.67,6,9,-0.33
55,Brian Gay,66.67,14,21,-0.21
55,Billy Horschel,66.67,12,18,-0.58
55,John Huh,66.67,8,12,-0.13
55,Kyle Stanley,66.67,10,15,-0.20
55,Lee Williams,66.67,10,15,-0.20
61,Fabián Gómez,63.16,12,19,-0.25
62,Ben Kohles,62.50,10,16,-0.10
62,Josh Teater,62.50,10,16,-0.50
64,Scott Gardiner,61.90,13,21,-0.23
65,Webb Simpson,61.11,11,18,-0.18
66,Tommy Gainey,60.87,14,23,-0.14
67,Steven Bowditch,60.00,9,15,E
67,Keegan Bradley,60.00,9,15,-0.44
69,Y.E. Yang,56.25,9,16,-0.33
70,Robert Streb,54.55,6,11,E
71,Ryan Palmer,50.00,8,16,E
71,Kevin Streelman,50.00,6,12,+0.17
73,Morgan Hoffmann,44.44,8,18,-0.38
73,D.H. Lee,44.44,4,9,-0.25
