rank,player,%,Greens Hit,Total Holes,Relative to par
1,Bart Bryant,100.00,13,13,-0.62
1,Brendon de Jonge,100.00,13,13,-0.38
1,Brad Fritsch,100.00,17,17,-0.59
1,James Hahn,100.00,15,15,-0.53
1,Justin Hicks,100.00,15,15,-0.53
1,Doug LaBelle II,100.00,12,12,-0.92
1,Danny Lee,100.00,19,19,-0.47
1,Rory Sabbatini,100.00,12,12,-0.75
1,Kevin Streelman,100.00,16,16,-0.63
1,Lee Williams,100.00,15,15,-0.67
11,Jason Kokrak,95.45,21,22,-0.52
12,Vijay Singh,95.00,19,20,-0.42
12,Jimmy Walker,95.00,19,20,-0.53
14,Harris English,94.74,18,19,-0.67
15,Marc Leishman,94.44,17,18,-0.41
15,Webb Simpson,94.44,17,18,-0.53
17,Chad Campbell,94.12,16,17,-0.44
17,Erik Compton,94.12,16,17,-0.50
17,Matt Jones,94.12,16,17,-0.88
20,Charles Howell III,93.75,15,16,-0.80
20,John Huh,93.75,15,16,-0.47
20,Scott Langley,93.75,15,16,-0.87
23,Derek Ernst,93.33,14,15,-0.50
23,Russell Henley,93.33,14,15,-0.64
23,George McNeill,93.33,14,15,-0.57
23,Dean Wilson,93.33,14,15,-0.43
23,Y.E. Yang,93.33,14,15,-0.71
28,Brian Gay,92.86,13,14,-0.54
28,David Mathis,92.86,13,14,-0.62
30,Ryan Palmer,91.30,21,23,-0.43
30,Peter Tomasulo,91.30,21,23,-0.38
32,Scott Gardiner,89.47,17,19,-0.65
32,Chris Kirk,89.47,17,19,-0.71
34,Keegan Bradley,88.89,16,18,-0.50
34,Jeff Maggert,88.89,16,18,-0.19
34,Steve Marino,88.89,16,18,-0.63
34,Henrik Norlander,88.89,16,18,-0.69
34,Pat Perez,88.89,16,18,-0.56
39,Tim Clark,88.24,15,17,-0.80
39,Tommy Gainey,88.24,15,17,-0.73
41,Carl Pettersson,87.50,21,24,-0.48
41,Dicky Pride,87.50,14,16,-0.43
41,Nicholas Thompson,87.50,14,16,-0.64
44,Mark Anderson,86.67,13,15,-0.77
44,Shane Bertsch,86.67,13,15,-0.77
44,Russ Cochran,86.67,13,15,-0.54
44,David Hearn,86.67,13,15,-0.69
44,Tim Herron,86.67,13,15,-0.77
44,Alistair Presnell,86.67,13,15,-0.85
50,Jeff Overton,86.36,19,22,-0.47
51,Sangmoon Bae,85.71,12,14,-0.33
51,Ben Kohles,85.71,12,14,-0.25
51,John Senden,85.71,12,14,-0.83
54,John Daly,85.19,23,27,-0.48
55,Billy Horschel,85.00,17,20,-0.29
56,Kyle Stanley,84.21,16,19,-0.38
57,John Rollins,84.00,21,25,-0.38
58,Scott Piercy,83.33,20,24,-0.70
58,Brian Stuard,83.33,10,12,-0.70
58,Charlie Wi,83.33,10,12,-0.70
61,Morgan Hoffmann,82.35,14,17,-0.50
61,David Lingmerth,82.35,14,17,-0.64
61,Cameron Percy,82.35,14,17,-0.57
64,Stephen Ames,81.25,13,16,-0.62
64,Ricky Barnes,81.25,13,16,-0.54
66,Josh Teater,80.95,17,21,-0.41
67,D.H. Lee,80.00,12,15,-0.58
67,Justin Leonard,80.00,12,15,-0.50
67,Robert Streb,80.00,16,20,-0.31
67,Hideto Tanihara,80.00,12,15,-0.33
71,Matt Kuchar,78.57,11,14,-0.73
72,Fabián Gómez,76.92,10,13,-0.50
73,Steven Bowditch,76.47,13,17,-0.38
74,Shawn Stefani,71.43,15,21,-0.67
