rank,player,%,Greens Hit,Total Holes,Relative to par
1,Tim Clark,92.31,12,13,-0.33
2,Hideto Tanihara,90.00,9,10,E
3,Jeff Maggert,88.89,16,18,-0.13
4,Mark Anderson,85.71,12,14,-0.17
5,Scott Gardiner,84.62,11,13,-0.18
6,Charles Howell III,84.21,16,19,-0.13
7,Russell Henley,83.33,10,12,-0.40
8,Y.E. Yang,82.35,14,17,-0.36
9,David Mathis,81.25,13,16,-0.31
9,Josh Teater,81.25,13,16,-0.23
9,Peter Tomasulo,81.25,13,16,-0.31
12,Pat Perez,80.95,17,21,-0.29
12,Brian Stuard,80.95,17,21,-0.41
14,Kevin Streelman,79.17,19,24,-0.21
15,Rory Sabbatini,77.78,14,18,+0.14
16,Doug LaBelle II,77.27,17,22,-0.12
17,Henrik Norlander,76.47,13,17,-0.38
18,Sangmoon Bae,75.00,9,12,E
18,James Hahn,75.00,15,20,-0.07
18,D.H. Lee,75.00,15,20,-0.20
21,Ben Kohles,73.68,14,19,-0.07
21,Dicky Pride,73.68,14,19,-0.36
23,Russ Cochran,73.33,11,15,-0.09
23,Vijay Singh,73.33,11,15,-0.18
25,Ryan Palmer,72.73,8,11,-0.13
26,Fabián Gómez,72.22,13,18,-0.23
26,Marc Leishman,72.22,13,18,-0.23
28,Brendon de Jonge,71.43,10,14,E
28,Shawn Stefani,71.43,10,14,-0.10
30,Chad Campbell,70.59,12,17,-0.08
30,Scott Langley,70.59,12,17,-0.33
30,Cameron Percy,70.59,12,17,-0.08
33,Harris English,70.00,14,20,-0.21
34,John Senden,69.57,16,23,-0.13
35,Shane Bertsch,69.23,9,13,-0.22
36,Brian Gay,68.75,11,16,-0.18
37,John Huh,68.18,15,22,-0.27
38,Bart Bryant,66.67,14,21,-0.21
38,Tommy Gainey,66.67,8,12,-0.13
38,Chris Kirk,66.67,10,15,-0.20
38,Justin Leonard,66.67,12,18,-0.25
38,Scott Piercy,66.67,8,12,-0.25
38,Robert Streb,66.67,12,18,-0.42
38,Jimmy Walker,66.67,8,12,-0.25
38,Charlie Wi,66.67,10,15,-0.50
46,Ricky Barnes,64.71,11,17,-0.09
47,Derek Ernst,64.29,9,14,-0.22
47,John Rollins,64.29,9,14,-0.22
49,Justin Hicks,63.16,12,19,-0.17
50,David Lingmerth,62.50,10,16,-0.30
51,Erik Compton,61.54,8,13,-0.25
51,Kyle Stanley,61.54,8,13,-0.25
53,Morgan Hoffmann,60.00,9,15,E
53,Nicholas Thompson,60.00,12,20,-0.25
55,Steven Bowditch,58.82,10,17,-0.30
56,Billy Horschel,58.33,7,12,-0.29
57,Stephen Ames,57.14,12,21,-0.25
58,George McNeill,55.56,10,18,-0.10
58,Carl Pettersson,55.56,5,9,+0.20
60,Dean Wilson,55.00,11,20,-0.27
61,Jeff Overton,54.55,6,11,-0.33
62,John Daly,53.85,7,13,-0.29
62,Brad Fritsch,53.85,7,13,-0.57
64,David Hearn,52.38,11,21,-0.36
65,Tim Herron,50.00,9,18,-0.11
65,Matt Kuchar,50.00,8,16,-0.25
65,Danny Lee,50.00,7,14,-0.29
65,Lee Williams,50.00,8,16,E
69,Matt Jones,47.06,8,17,E
70,Steve Marino,46.67,7,15,-0.43
71,Alistair Presnell,44.44,8,18,+0.38
72,Webb Simpson,42.86,6,14,-0.17
73,Jason Kokrak,41.18,7,17,-0.29
74,Keegan Bradley,40.00,6,15,-0.33
