rank,player,%,Greens Hit,Total Holes,Relative to par
1,Russell Henley,81.97,50,61,-0.36
2,Vijay Singh,81.67,49,60,-0.06
3,Jeff Maggert,75.81,47,62,-0.17
4,Ben Kohles,75.41,46,61,-0.20
5,Marc Leishman,75.00,42,56,-0.36
6,Dicky Pride,73.33,44,60,-0.32
6,John Senden,73.33,44,60,-0.16
6,Peter Tomasulo,73.33,44,60,-0.16
9,James Hahn,72.88,43,59,-0.07
10,Hideto Tanihara,72.58,45,62,-0.20
11,Ricky Barnes,71.67,43,60,-0.21
11,John Rollins,71.67,43,60,-0.21
11,Kevin Streelman,71.67,43,60,-0.16
14,Shawn Stefani,71.43,40,56,-0.08
15,Billy Horschel,71.19,42,59,-0.31
15,David Mathis,71.19,42,59,-0.19
15,Rory Sabbatini,71.19,42,59,-0.07
18,Ryan Palmer,70.91,39,55,-0.05
19,Tim Clark,70.00,42,60,-0.26
19,Brendon de Jonge,70.00,42,60,-0.17
19,Charles Howell III,70.00,42,60,-0.21
19,Pat Perez,70.00,42,60,-0.21
23,Mark Anderson,69.49,41,59,-0.15
23,Doug LaBelle II,69.49,41,59,-0.20
25,Brian Stuard,69.35,43,62,-0.35
26,Justin Leonard,68.97,40,58,-0.23
26,Carl Pettersson,68.97,40,58,-0.15
28,Derek Ernst,68.85,42,61,-0.10
29,Jimmy Walker,68.42,39,57,-0.15
30,Chad Campbell,68.33,41,60,-0.17
30,Scott Gardiner,68.33,41,60,-0.27
32,Justin Hicks,67.80,40,59,-0.18
32,Henrik Norlander,67.80,40,59,-0.28
34,Webb Simpson,67.24,39,58,-0.18
35,Russ Cochran,67.21,41,61,-0.17
35,John Huh,67.21,41,61,-0.20
37,Stephen Ames,66.67,40,60,-0.28
37,Matt Jones,66.67,40,60,-0.23
39,Josh Teater,66.10,39,59,-0.33
40,David Hearn,65.57,40,61,-0.30
41,Scott Piercy,65.45,36,55,-0.19
42,Harris English,65.00,39,60,-0.31
42,Nicholas Thompson,65.00,39,60,-0.18
42,Dean Wilson,65.00,39,60,-0.15
45,Shane Bertsch,64.52,40,62,-0.20
46,Jeff Overton,64.41,38,59,-0.32
46,Cameron Percy,64.41,38,59,-0.11
48,John Daly,64.00,32,50,-0.22
49,Erik Compton,63.79,37,58,-0.27
50,Danny Lee,63.33,38,60,-0.29
51,Kyle Stanley,63.16,36,57,-0.17
52,Scott Langley,62.90,39,62,-0.31
53,Matt Kuchar,62.71,37,59,-0.27
54,Brad Fritsch,62.07,36,58,-0.25
55,Chris Kirk,61.67,37,60,-0.32
55,D.H. Lee,61.67,37,60,-0.16
57,Sangmoon Bae,60.66,37,61,-0.32
57,Fabián Gómez,60.66,37,61,-0.16
59,Bart Bryant,60.00,36,60,-0.19
59,Tommy Gainey,60.00,36,60,-0.19
59,Brian Gay,60.00,36,60,-0.22
62,Charlie Wi,59.68,37,62,-0.32
63,Y.E. Yang,58.33,35,60,-0.29
64,Steve Marino,57.89,33,57,-0.18
65,Jason Kokrak,57.63,34,59,-0.12
66,Robert Streb,56.90,33,58,-0.24
67,David Lingmerth,56.67,34,60,-0.29
68,Tim Herron,54.84,34,62,-0.21
68,George McNeill,54.84,34,62,-0.18
70,Alistair Presnell,53.33,32,60,-0.03
70,Lee Williams,53.33,32,60,-0.13
72,Morgan Hoffmann,51.67,31,60,-0.16
73,Keegan Bradley,50.88,29,57,-0.28
74,Steven Bowditch,50.00,30,60,-0.17
