rank,player,%,Greens Hit,# of Holes
1,Jeff Maggert,97.14,34,35
2,David Hearn,96.77,30,31
3,Danny Lee,95.24,20,21
3,Marc Leishman,95.24,20,21
5,Russell Henley,93.55,29,31
6,Brendon de Jonge,92.31,24,26
7,Ricky Barnes,91.30,21,23
8,Rory Sabbatini,90.48,19,21
9,Cameron Percy,90.00,18,20
10,Derek Ernst,89.29,25,28
10,Ben Kohles,89.29,25,28
12,Justin Leonard,88.89,24,27
13,John Daly,88.46,23,26
13,Matt Jones,88.46,23,26
15,Harris English,88.00,22,25
15,Scott Piercy,88.00,22,25
17,Tommy Gainey,87.50,21,24
17,Robert Streb,87.50,21,24
17,Peter Tomasulo,87.50,28,32
20,David Mathis,87.10,27,31
20,Dicky Pride,87.10,27,31
22,Pat Perez,86.96,20,23
23,Brad Fritsch,86.67,26,30
23,Jeff Overton,86.67,26,30
25,Brian Stuard,86.49,32,37
26,Tim Clark,86.21,25,29
26,Josh Teater,86.21,25,29
28,Shane Bertsch,85.71,24,28
28,Chris Kirk,85.71,24,28
28,Carl Pettersson,85.71,18,21
31,Scott Langley,85.19,23,27
31,Kevin Streelman,85.19,23,27
31,Lee Williams,85.19,23,27
34,James Hahn,84.62,22,26
34,Hideto Tanihara,84.62,22,26
36,Russ Cochran,83.87,26,31
37,Mark Anderson,83.33,20,24
37,Chad Campbell,83.33,25,30
39,John Huh,82.76,24,29
39,Henrik Norlander,82.76,24,29
39,John Rollins,82.76,24,29
39,Dean Wilson,82.76,24,29
43,John Senden,82.14,23,28
44,Kyle Stanley,81.82,18,22
45,Vijay Singh,81.48,22,27
46,Justin Hicks,80.77,21,26
47,Doug LaBelle II,80.65,25,31
47,Y.E. Yang,80.65,25,31
49,Sangmoon Bae,80.00,16,20
49,Erik Compton,80.00,20,25
49,Brian Gay,80.00,20,25
49,D.H. Lee,80.00,20,25
53,Fabián Gómez,79.31,23,29
54,Matt Kuchar,79.17,19,24
55,Scott Gardiner,78.79,26,33
56,Steve Marino,77.78,21,27
56,George McNeill,77.78,21,27
58,Billy Horschel,76.67,23,30
58,David Lingmerth,76.67,23,30
60,Charles Howell III,76.19,16,21
61,Jimmy Walker,76.00,19,25
62,Stephen Ames,73.53,25,34
63,Keegan Bradley,73.08,19,26
63,Tim Herron,73.08,19,26
65,Bart Bryant,72.97,27,37
66,Shawn Stefani,72.73,16,22
66,Nicholas Thompson,72.73,24,33
68,Steven Bowditch,72.22,13,18
69,Charlie Wi,70.97,22,31
70,Alistair Presnell,70.37,19,27
71,Ryan Palmer,70.00,14,20
72,Jason Kokrak,68.97,20,29
73,Webb Simpson,68.00,17,25
74,Morgan Hoffmann,61.29,19,31
