rank,player,%,Greens Hit,Total Holes,Relative to par
1,Webb Simpson,92.31,12,13,-0.25
2,Vijay Singh,82.35,14,17,E
3,Josh Teater,81.82,9,11,-0.44
4,Russell Henley,81.25,13,16,-0.23
5,Stephen Ames,80.00,12,15,-0.33
5,Ryan Palmer,80.00,12,15,E
5,John Senden,80.00,12,15,-0.08
8,Billy Horschel,78.57,11,14,-0.36
8,Ben Kohles,78.57,11,14,-0.45
8,John Rollins,78.57,11,14,-0.09
8,Kevin Streelman,78.57,11,14,-0.18
12,Dicky Pride,75.00,9,12,-0.22
12,Dean Wilson,75.00,12,16,-0.25
14,Henrik Norlander,73.33,11,15,-0.09
15,Steve Marino,71.43,10,14,E
15,Rory Sabbatini,71.43,10,14,-0.10
15,Peter Tomasulo,71.43,10,14,-0.10
18,Jimmy Walker,70.59,12,17,-0.08
19,Matt Kuchar,68.75,11,16,-0.45
19,Marc Leishman,68.75,11,16,-0.45
21,Shawn Stefani,68.42,13,19,E
22,Mark Anderson,66.67,12,18,-0.08
22,Erik Compton,66.67,12,18,-0.08
22,Scott Gardiner,66.67,8,12,-0.25
22,John Huh,66.67,10,15,-0.10
22,Matt Jones,66.67,10,15,-0.10
22,Jeff Overton,66.67,10,15,-0.50
28,Hideto Tanihara,65.00,13,20,-0.38
29,Ricky Barnes,64.71,11,17,-0.27
30,James Hahn,64.29,9,14,E
30,Morgan Hoffmann,64.29,9,14,-0.33
32,Justin Hicks,62.50,10,16,E
33,Justin Leonard,61.90,13,21,-0.15
34,Tim Clark,61.54,8,13,-0.38
35,John Daly,60.00,9,15,E
35,Jason Kokrak,60.00,9,15,+0.11
35,Doug LaBelle II,60.00,9,15,-0.11
35,Jeff Maggert,60.00,9,15,-0.11
39,D.H. Lee,58.82,10,17,-0.20
39,Scott Piercy,58.82,10,17,-0.20
41,Tommy Gainey,58.33,7,12,-0.14
42,Shane Bertsch,57.14,8,14,-0.25
42,Brendon de Jonge,57.14,8,14,-0.25
42,Harris English,57.14,8,14,-0.38
42,Danny Lee,57.14,8,14,-0.25
42,Carl Pettersson,57.14,8,14,E
47,Russ Cochran,56.25,9,16,-0.11
47,Pat Perez,56.25,9,16,-0.11
49,Chad Campbell,55.00,11,20,-0.27
50,David Hearn,54.55,6,11,-0.17
51,Brian Gay,53.85,7,13,-0.29
52,Keegan Bradley,52.94,9,17,-0.22
52,Cameron Percy,52.94,9,17,-0.11
54,David Mathis,52.63,10,19,E
54,Kyle Stanley,52.63,10,19,-0.20
56,Sangmoon Bae,50.00,10,20,-0.40
56,Bart Bryant,50.00,9,18,-0.11
56,Tim Herron,50.00,7,14,E
56,Charles Howell III,50.00,10,20,-0.20
56,Brian Stuard,50.00,10,20,-0.50
61,George McNeill,47.37,9,19,-0.44
62,Nicholas Thompson,47.06,8,17,-0.38
63,Derek Ernst,46.67,7,15,-0.29
63,David Lingmerth,46.67,7,15,-0.14
63,Alistair Presnell,46.67,7,15,-0.14
66,Chris Kirk,46.15,6,13,-0.50
67,Y.E. Yang,44.44,8,18,E
68,Scott Langley,43.75,7,16,-0.43
69,Fabián Gómez,42.86,6,14,-0.17
69,Robert Streb,42.86,6,14,-0.17
69,Charlie Wi,42.86,6,14,-0.33
69,Lee Williams,42.86,6,14,-0.17
73,Brad Fritsch,33.33,5,15,+0.20
74,Steven Bowditch,31.25,5,16,-0.20
