rank,player,%,Greens Hit,Total Holes,Relative to par
1,Shane Bertsch,100.00,10,10,-1.00
1,Bart Bryant,100.00,11,11,-0.73
1,Chad Campbell,100.00,12,12,-0.58
1,Russ Cochran,100.00,11,11,-0.64
1,Erik Compton,100.00,13,13,-0.46
1,Brendon de Jonge,100.00,12,12,-0.33
1,Harris English,100.00,12,12,-0.75
1,Derek Ernst,100.00,11,11,-0.55
1,Brad Fritsch,100.00,11,11,-0.73
1,Brian Gay,100.00,12,12,-0.58
1,James Hahn,100.00,12,12,-0.58
1,Tim Herron,100.00,10,10,-0.80
1,Justin Hicks,100.00,12,12,-0.67
1,John Huh,100.00,11,11,-0.36
1,Matt Jones,100.00,12,12,-0.83
1,Chris Kirk,100.00,12,12,-0.83
1,Jason Kokrak,100.00,12,12,-0.92
1,Doug LaBelle II,100.00,11,11,-0.91
1,Scott Langley,100.00,10,10,-1.10
1,Danny Lee,100.00,12,12,-0.58
1,Steve Marino,100.00,13,13,-0.54
1,David Mathis,100.00,12,12,-0.58
1,Jeff Overton,100.00,13,13,-0.69
1,Pat Perez,100.00,12,12,-0.67
1,Rory Sabbatini,100.00,11,11,-0.82
1,Vijay Singh,100.00,12,12,-0.58
1,Kevin Streelman,100.00,12,12,-0.67
1,Josh Teater,100.00,13,13,-0.54
1,Peter Tomasulo,100.00,12,12,-0.67
1,Lee Williams,100.00,12,12,-0.67
1,Y.E. Yang,100.00,12,12,-0.67
32,Scott Piercy,93.75,15,16,-0.80
33,Keegan Bradley,92.86,13,14,-0.62
33,Jimmy Walker,92.86,13,14,-0.69
35,Marc Leishman,92.31,12,13,-0.50
36,Ricky Barnes,91.67,11,12,-0.55
36,Tim Clark,91.67,11,12,-0.91
36,Scott Gardiner,91.67,11,12,-0.73
36,Morgan Hoffmann,91.67,11,12,-0.73
36,Charles Howell III,91.67,11,12,-1.00
36,Cameron Percy,91.67,11,12,-0.64
36,John Rollins,91.67,11,12,-0.55
36,Webb Simpson,91.67,11,12,-0.82
36,Nicholas Thompson,91.67,11,12,-0.73
36,Dean Wilson,91.67,11,12,-0.55
46,Sangmoon Bae,90.91,10,11,-0.30
46,Steven Bowditch,90.91,10,11,-0.40
46,Russell Henley,90.91,10,11,-0.80
46,D.H. Lee,90.91,10,11,-0.70
46,Henrik Norlander,90.91,10,11,-0.90
51,John Daly,90.00,18,20,-0.50
51,Jeff Maggert,90.00,9,10,-0.33
51,George McNeill,90.00,9,10,-0.78
51,Hideto Tanihara,90.00,9,10,-0.33
55,Ryan Palmer,87.50,14,16,-0.50
56,Stephen Ames,83.33,10,12,-0.70
56,Mark Anderson,83.33,10,12,-0.90
56,Tommy Gainey,83.33,10,12,-0.70
56,Billy Horschel,83.33,10,12,-0.40
56,David Lingmerth,83.33,10,12,-0.80
56,Alistair Presnell,83.33,10,12,-1.00
56,Dicky Pride,83.33,10,12,-0.60
56,John Senden,83.33,10,12,-0.80
64,Fabián Gómez,81.82,9,11,-0.56
64,David Hearn,81.82,9,11,-0.56
66,Ben Kohles,80.00,8,10,-0.38
66,Kyle Stanley,80.00,12,15,-0.50
66,Shawn Stefani,80.00,12,15,-0.83
66,Brian Stuard,80.00,8,10,-0.88
66,Charlie Wi,80.00,8,10,-0.88
71,Justin Leonard,76.92,10,13,-0.50
71,Carl Pettersson,76.92,10,13,-0.60
71,Robert Streb,76.92,10,13,-0.40
74,Matt Kuchar,75.00,9,12,-0.89
