rank,player,%,Total Hit,Total Attempts,RTP Score
1,Vijay Singh,88.89,64,72,-13.00
2,Russell Henley,86.11,62,72,-26.00
3,Ben Kohles,84.72,61,72,-12.00
3,John Rollins,84.72,61,72,-16.00
5,Justin Hicks,83.33,60,72,-17.00
6,Mark Anderson,81.94,59,72,-14.00
6,John Huh,81.94,59,72,-15.00
6,Marc Leishman,81.94,59,72,-21.00
6,Jeff Maggert,81.94,59,72,-11.00
6,Dicky Pride,81.94,59,72,-21.00
6,Josh Teater,81.94,59,72,-19.00
6,Peter Tomasulo,81.94,59,72,-14.00
13,James Hahn,80.56,58,72,-10.00
14,Tim Clark,79.17,57,72,-23.00
14,Pat Perez,79.17,57,72,-18.00
14,Shawn Stefani,79.17,57,72,-12.00
14,Kevin Streelman,79.17,57,72,-15.00
14,Hideto Tanihara,79.17,57,72,-13.00
19,Ricky Barnes,77.78,56,72,-16.00
19,Scott Gardiner,77.78,56,72,-20.00
19,Ryan Palmer,77.78,56,72,-9.00
19,Rory Sabbatini,77.78,56,72,-13.00
19,Webb Simpson,77.78,56,72,-17.00
19,Brian Stuard,77.78,56,72,-21.00
25,Russ Cochran,76.39,55,72,-13.00
25,Brendon de Jonge,76.39,55,72,-11.00
25,Danny Lee,76.39,55,72,-19.00
25,Jimmy Walker,76.39,55,72,-14.00
29,Chad Campbell,75.00,54,72,-14.00
29,Erik Compton,75.00,54,72,-16.00
29,Billy Horschel,75.00,54,72,-18.00
29,Charles Howell III,75.00,54,72,-20.00
29,David Mathis,75.00,54,72,-15.00
29,Carl Pettersson,75.00,54,72,-11.00
29,Scott Piercy,75.00,54,72,-19.00
29,John Senden,75.00,54,72,-15.00
29,Y.E. Yang,75.00,54,72,-17.00
38,Shane Bertsch,73.61,53,72,-19.00
38,Harris English,73.61,53,72,-21.00
38,Derek Ernst,73.61,53,72,-10.00
38,Brian Gay,73.61,53,72,-16.00
38,Matt Jones,73.61,53,72,-19.00
38,Chris Kirk,73.61,53,72,-23.00
38,Doug LaBelle II,73.61,53,72,-17.00
38,Scott Langley,73.61,53,72,-25.00
38,Henrik Norlander,73.61,53,72,-19.00
38,Nicholas Thompson,73.61,53,72,-15.00
48,Stephen Ames,72.22,52,72,-18.00
48,David Hearn,72.22,52,72,-17.00
48,Matt Kuchar,72.22,52,72,-19.00
48,D.H. Lee,72.22,52,72,-13.00
48,Jeff Overton,72.22,52,72,-21.00
48,Cameron Percy,72.22,52,72,-10.00
54,Keegan Bradley,70.83,51,72,-18.00
54,Brad Fritsch,70.83,51,72,-16.00
54,Tim Herron,70.83,51,72,-17.00
54,Justin Leonard,70.83,51,72,-14.00
54,Alistair Presnell,70.83,51,72,-13.00
54,Kyle Stanley,70.83,51,72,-12.00
54,Dean Wilson,70.83,51,72,-12.00
61,Sangmoon Bae,69.44,50,72,-16.00
61,Bart Bryant,69.44,50,72,-15.00
61,John Daly,69.44,50,72,-16.00
61,Tommy Gainey,69.44,50,72,-17.00
61,Jason Kokrak,69.44,50,72,-15.00
66,Steven Bowditch,68.06,49,72,-11.00
66,Fabián Gómez,68.06,49,72,-10.00
66,Steve Marino,68.06,49,72,-12.00
66,Charlie Wi,68.06,49,72,-19.00
70,David Lingmerth,66.67,48,72,-19.00
70,George McNeill,66.67,48,72,-14.00
70,Lee Williams,66.67,48,72,-12.00
73,Robert Streb,65.28,47,72,-14.00
74,Morgan Hoffmann,61.11,44,72,-15.00
