rank,player,%,Total Rough,Possible Fwys,Relative to par
1,Ryan Armour,15.00,9,60,+1.11
1,Rickie Fowler,15.00,9,60,-2.22
3,Daniel Berger,16.67,10,60,-1.00
4,Kevin Kisner,18.33,11,60,E
5,Wesley Bryan,20.00,12,60,+2.50
5,Pat Perez,20.00,12,60,-0.83
7,Jason Dufner,22.03,13,59,E
8,Austin Cook,23.33,14,60,-1.43
8,Adam Hadwin,23.33,14,60,+3.57
8,Brian Harman,23.33,14,60,-1.43
11,Bryson DeChambeau,25.00,15,60,+1.33
11,Russell Henley,25.00,15,60,+0.67
11,Brendan Steele,25.00,15,60,-2.00
14,Patton Kizzire,25.42,15,59,E
14,Marc Leishman,25.42,15,59,E
16,Si Woo Kim,26.67,16,60,E
16,Hudson Swafford,26.67,16,60,+1.88
16,Jhonattan Vegas,26.67,16,60,-0.63
19,Jonas Blixt,27.12,16,59,-1.25
19,D.A. Points,27.12,16,59,-0.63
21,Kevin Chappell,28.33,17,60,E
22,Chris Stroud,28.81,17,59,-1.76
23,Billy Horschel,30.00,18,60,-1.11
23,Kyle Stanley,30.00,18,60,E
25,Jordan Spieth,30.51,18,59,-2.78
26,Dustin Johnson,33.33,20,60,-3.50
26,Xander Schauffele,33.33,20,60,-0.50
28,Justin Thomas,34.48,20,58,-0.50
29,Cameron Smith,35.00,21,60,-2.86
30,Jon Rahm,36.67,22,60,-0.45
31,Patrick Cantlay,40.00,24,60,E
31,Brooks Koepka,40.00,24,60,+3.33
33,Grayson Murray,40.35,23,57,-0.43
34,Hideki Matsuyama,44.07,26,59,-2.31
