rank,player,%,# Hit,Total Attempts
1,Pat Perez,98.33,59,60
2,Rickie Fowler,96.67,58,60
2,Brendan Steele,96.67,58,60
4,Ryan Armour,95.00,57,60
5,Kevin Chappell,93.33,56,60
5,Austin Cook,93.33,56,60
5,Billy Horschel,93.33,56,60
5,Dustin Johnson,93.33,56,60
5,Si Woo Kim,93.33,56,60
5,Kyle Stanley,93.33,56,60
11,Jason Dufner,91.67,55,60
11,Brian Harman,91.67,55,60
13,Daniel Berger,90.00,54,60
13,Bryson DeChambeau,90.00,54,60
13,Russell Henley,90.00,54,60
13,Patton Kizzire,90.00,54,60
13,Marc Leishman,90.00,54,60
13,Cameron Smith,90.00,54,60
19,Jordan Spieth,88.33,53,60
19,Hudson Swafford,88.33,53,60
19,Justin Thomas,88.33,53,60
22,Adam Hadwin,86.67,52,60
22,Jhonattan Vegas,86.67,52,60
24,Patrick Cantlay,85.00,51,60
24,Kevin Kisner,85.00,51,60
24,Hideki Matsuyama,85.00,51,60
24,D.A. Points,85.00,51,60
28,Jon Rahm,81.67,49,60
29,Jonas Blixt,80.00,48,60
29,Xander Schauffele,80.00,48,60
29,Chris Stroud,80.00,48,60
32,Wesley Bryan,76.67,46,60
32,Grayson Murray,76.67,46,60
34,Brooks Koepka,73.33,44,60
