rank,player,%,Number of Times,Attempts,Avg RTP Score
1,Billy Horschel,22.2,4,18,E
2,Brendan Steele,26.7,4,15,-2.50
3,Hudson Swafford,33.3,5,15,+4.00
4,Chris Stroud,36.8,7,19,E
5,Jason Dufner,38.5,5,13,-2.00
6,Brian Harman,40.0,6,15,-1.67
7,Austin Cook,47.4,9,19,E
8,Cameron Smith,47.6,10,21,-1.00
9,Patrick Cantlay,50.0,9,18,+1.11
9,Dustin Johnson,50.0,6,12,+1.67
9,Si Woo Kim,50.0,8,16,+1.25
9,Hideki Matsuyama,50.0,11,22,E
9,Grayson Murray,50.0,10,20,+2.00
9,Pat Perez,50.0,6,12,E
9,Xander Schauffele,50.0,10,20,+3.00
9,Justin Thomas,50.0,9,18,-1.11
17,D.A. Points,52.6,10,19,-3.00
17,Jordan Spieth,52.6,10,19,E
19,Brooks Koepka,53.8,14,26,+3.57
20,Daniel Berger,54.5,6,11,-1.67
21,Russell Henley,56.3,9,16,+2.22
21,Kyle Stanley,56.3,9,16,+2.22
23,Wesley Bryan,56.5,13,23,+4.62
24,Ryan Armour,58.3,7,12,+2.86
25,Jhonattan Vegas,60.0,12,20,-0.83
26,Patton Kizzire,61.1,11,18,+0.91
27,Kevin Kisner,62.5,10,16,E
28,Adam Hadwin,63.6,7,11,+2.86
29,Kevin Chappell,66.7,10,15,+2.00
30,Marc Leishman,68.4,13,19,-0.77
31,Jon Rahm,68.8,11,16,+3.64
32,Bryson DeChambeau,71.4,10,14,+5.00
33,Jonas Blixt,83.3,15,18,+4.00
34,Rickie Fowler,90.9,10,11,-2.00
