rank,player,%,Fairways Hit,Possible Fairways,Relative to Par
1,Ryan Armour,80.00,48,60,-0.17
1,Pat Perez,80.00,48,60,-0.29
3,Rickie Fowler,78.33,47,60,-0.21
4,Daniel Berger,76.67,46,60,-0.26
5,Jason Dufner,76.27,45,59,-0.27
6,Brian Harman,73.33,44,60,-0.34
6,Kevin Kisner,73.33,44,60,-0.25
8,Adam Hadwin,71.67,43,60,-0.12
8,Brendan Steele,71.67,43,60,-0.16
10,Bryson DeChambeau,70.00,42,60,-0.24
10,Si Woo Kim,70.00,42,60,-0.26
12,Kevin Chappell,68.33,41,60,-0.22
12,Russell Henley,68.33,41,60,-0.29
12,Hudson Swafford,68.33,41,60,-0.27
15,Patton Kizzire,67.80,40,59,-0.38
15,D.A. Points,67.80,40,59,+0.03
17,Austin Cook,66.67,40,60,-0.20
18,Jordan Spieth,66.10,39,59,-0.23
19,Billy Horschel,65.00,39,60,-0.31
19,Dustin Johnson,65.00,39,60,-0.41
19,Kyle Stanley,65.00,39,60,-0.08
22,Marc Leishman,64.41,38,59,-0.26
23,Jonas Blixt,62.71,37,59,-0.19
24,Wesley Bryan,61.67,37,60,-0.41
24,Cameron Smith,61.67,37,60,-0.24
26,Chris Stroud,61.02,36,59,-0.39
27,Justin Thomas,60.34,35,58,-0.17
28,Jon Rahm,60.00,36,60,-0.44
28,Jhonattan Vegas,60.00,36,60,-0.36
30,Patrick Cantlay,58.33,35,60,-0.31
31,Grayson Murray,54.39,31,57,-0.19
32,Xander Schauffele,53.33,32,60,-0.13
33,Hideki Matsuyama,49.15,29,59,-0.31
34,Brooks Koepka,48.33,29,60,-0.14
