rank,player,%,Total Right rough,Possible Fwys,Relative to par
1,Hudson Swafford,6.67,4,60,E
2,Ryan Armour,8.33,5,60,+0.20
3,Jason Dufner,8.47,5,59,-0.20
4,Brian Harman,10.00,6,60,-0.17
4,Billy Horschel,10.00,6,60,E
4,Pat Perez,10.00,6,60,E
4,Brendan Steele,10.00,6,60,-0.33
8,Daniel Berger,11.67,7,60,-0.29
9,Chris Stroud,11.86,7,59,-0.14
10,Wesley Bryan,13.33,8,60,+0.13
10,Austin Cook,13.33,8,60,E
10,Rickie Fowler,13.33,8,60,-0.25
10,Adam Hadwin,13.33,8,60,+0.13
10,Si Woo Kim,13.33,8,60,E
10,Kevin Kisner,13.33,8,60,E
16,Patton Kizzire,13.56,8,59,E
17,Kyle Stanley,15.00,9,60,+0.22
18,Kevin Chappell,16.67,10,60,+0.10
18,Russell Henley,16.67,10,60,+0.20
18,Jhonattan Vegas,16.67,10,60,-0.20
21,Marc Leishman,16.95,10,59,-0.20
21,D.A. Points,16.95,10,59,-0.30
21,Jordan Spieth,16.95,10,59,E
24,Bryson DeChambeau,18.33,11,60,+0.09
24,Cameron Smith,18.33,11,60,-0.36
26,Justin Thomas,18.97,11,58,-0.18
27,Patrick Cantlay,20.00,12,60,E
28,Jonas Blixt,20.34,12,59,-0.08
29,Grayson Murray,21.05,12,57,-0.08
30,Dustin Johnson,21.67,13,60,-0.38
31,Brooks Koepka,23.33,14,60,+0.21
31,Jon Rahm,23.33,14,60,E
31,Xander Schauffele,23.33,14,60,E
34,Hideki Matsuyama,27.12,16,59,-0.31
