rank,player,%,Fairways Hit,Possible Fairways
1,Ryan Armour,80.00,48,60
1,Pat Perez,80.00,48,60
3,Rickie Fowler,78.33,47,60
4,Daniel Berger,76.67,46,60
5,Jason Dufner,75.00,45,60
6,Brian Harman,73.33,44,60
6,Kevin Kisner,73.33,44,60
8,Adam Hadwin,71.67,43,60
9,Bryson DeChambeau,70.00,42,60
9,Si Woo Kim,70.00,42,60
9,Brendan Steele,70.00,42,60
12,Kevin Chappell,68.33,41,60
12,Russell Henley,68.33,41,60
12,Hudson Swafford,68.33,41,60
15,Austin Cook,66.67,40,60
15,Patton Kizzire,66.67,40,60
15,D.A. Points,66.67,40,60
18,Billy Horschel,65.00,39,60
18,Dustin Johnson,65.00,39,60
18,Jordan Spieth,65.00,39,60
18,Kyle Stanley,65.00,39,60
22,Marc Leishman,63.33,38,60
23,Jonas Blixt,61.67,37,60
23,Wesley Bryan,61.67,37,60
23,Cameron Smith,61.67,37,60
26,Jon Rahm,60.00,36,60
26,Chris Stroud,60.00,36,60
26,Justin Thomas,60.00,36,60
26,Jhonattan Vegas,60.00,36,60
30,Patrick Cantlay,58.33,35,60
31,Xander Schauffele,53.33,32,60
32,Grayson Murray,51.67,31,60
33,Hideki Matsuyama,50.00,30,60
34,Brooks Koepka,48.33,29,60
