rank,player,%,Total Fairway Bunkers,Possible Fwys,Relative to par
1,Jonas Blixt,.0,0,0,E
1,Kevin Chappell,.0,0,0,E
1,Bryson DeChambeau,.0,0,0,E
1,Adam Hadwin,.0,0,0,E
1,Brian Harman,.0,0,0,E
1,Dustin Johnson,.0,0,0,E
1,Si Woo Kim,.0,0,0,E
1,Pat Perez,.0,0,0,E
1,Jon Rahm,.0,0,0,E
1,Cameron Smith,.0,0,0,E
1,Brendan Steele,.0,0,0,E
1,Hudson Swafford,.0,0,0,E
1,Justin Thomas,.0,0,0,E
14,Daniel Berger,1.7,1,4,E
14,Patrick Cantlay,1.7,1,4,E
14,Jason Dufner,1.7,1,4,+1.000
14,Rickie Fowler,1.7,1,4,E
14,Kevin Kisner,1.7,1,4,E
14,Marc Leishman,1.7,1,4,E
14,D.A. Points,1.7,1,4,E
14,Xander Schauffele,1.7,1,4,E
14,Jordan Spieth,1.7,1,4,E
14,Kyle Stanley,1.7,1,4,E
14,Jhonattan Vegas,1.7,1,4,E
25,Billy Horschel,3.3,2,8,-0.500
25,Brooks Koepka,3.3,2,8,+0.500
27,Patton Kizzire,3.4,2,8,-0.500
27,Hideki Matsuyama,3.4,2,8,E
29,Grayson Murray,3.5,2,8,+0.500
30,Ryan Armour,5.0,3,12,+0.333
30,Russell Henley,5.0,3,12,+0.333
32,Chris Stroud,6.8,4,16,+1.000
33,Wesley Bryan,8.3,5,20,+0.400
33,Austin Cook,8.3,5,20,+0.200
