rank,player,%,Number of Times,Attempts,Avg RTP Score
1,Rickie Fowler,9.1,1,11,E
2,Jonas Blixt,16.7,3,18,E
3,Bryson DeChambeau,28.6,4,14,+2.50
4,Jon Rahm,31.3,5,16,E
5,Marc Leishman,31.6,6,19,+3.33
6,Kevin Chappell,33.3,5,15,E
7,Adam Hadwin,36.4,4,11,+5.00
8,Kevin Kisner,37.5,6,16,+3.33
9,Patton Kizzire,38.9,7,18,-1.43
10,Jhonattan Vegas,40.0,8,20,+1.25
11,Ryan Armour,41.7,5,12,E
12,Wesley Bryan,43.5,10,23,+5.00
13,Russell Henley,43.8,7,16,+1.43
13,Kyle Stanley,43.8,7,16,-1.43
15,Daniel Berger,45.5,5,11,+2.00
16,Brooks Koepka,46.2,12,26,+7.50
17,D.A. Points,47.4,9,19,+6.67
17,Jordan Spieth,47.4,9,19,-6.67
19,Patrick Cantlay,50.0,9,18,+1.11
19,Dustin Johnson,50.0,6,12,-3.33
19,Si Woo Kim,50.0,8,16,E
19,Hideki Matsuyama,50.0,11,22,+0.91
19,Grayson Murray,50.0,10,20,+1.00
19,Pat Perez,50.0,6,12,-1.67
19,Xander Schauffele,50.0,10,20,+1.00
19,Justin Thomas,50.0,9,18,+1.11
27,Cameron Smith,52.4,11,21,-1.82
28,Austin Cook,52.6,10,19,+2.00
29,Brian Harman,60.0,9,15,+1.11
30,Jason Dufner,61.5,8,13,+2.50
31,Chris Stroud,63.2,12,19,+2.50
32,Hudson Swafford,66.7,10,15,+6.00
33,Brendan Steele,73.3,11,15,+0.91
34,Billy Horschel,77.8,14,18,E
