rank,player,%,Total Left rough,Possible Fwys,Relative to par
1,Rickie Fowler,1.67,1,60,E
2,Daniel Berger,5.00,3,60,+0.33
2,Kevin Kisner,5.00,3,60,E
4,Ryan Armour,6.67,4,60,E
4,Wesley Bryan,6.67,4,60,+0.50
4,Bryson DeChambeau,6.67,4,60,+0.25
7,Jonas Blixt,6.78,4,59,-0.25
8,Russell Henley,8.33,5,60,-0.20
9,Marc Leishman,8.47,5,59,+0.40
10,Austin Cook,10.00,6,60,-0.33
10,Adam Hadwin,10.00,6,60,+0.67
10,Pat Perez,10.00,6,60,-0.17
10,Xander Schauffele,10.00,6,60,-0.17
10,Jhonattan Vegas,10.00,6,60,+0.17
15,D.A. Points,10.17,6,59,+0.33
16,Kevin Chappell,11.67,7,60,-0.14
16,Dustin Johnson,11.67,7,60,-0.29
18,Patton Kizzire,11.86,7,59,E
19,Brian Harman,13.33,8,60,-0.13
19,Si Woo Kim,13.33,8,60,E
19,Jon Rahm,13.33,8,60,-0.13
22,Jason Dufner,13.56,8,59,+0.13
22,Jordan Spieth,13.56,8,59,-0.63
24,Kyle Stanley,15.00,9,60,-0.22
24,Brendan Steele,15.00,9,60,-0.11
26,Justin Thomas,15.52,9,58,+0.11
27,Brooks Koepka,16.67,10,60,+0.50
27,Cameron Smith,16.67,10,60,-0.20
29,Hideki Matsuyama,16.95,10,59,-0.10
29,Chris Stroud,16.95,10,59,-0.20
31,Grayson Murray,19.30,11,57,E
32,Patrick Cantlay,20.00,12,60,E
32,Billy Horschel,20.00,12,60,-0.17
32,Hudson Swafford,20.00,12,60,+0.25
