rank,player,RTP Score
1,Dustin Johnson,-.385
2,Cameron Smith,-.364
3,Brendan Steele,-.333
4,Hideki Matsuyama,-.313
5,D.A. Points,-.300
6,Daniel Berger,-.286
7,Rickie Fowler,-.250
8,Jason Dufner,-.200
8,Marc Leishman,-.200
8,Jhonattan Vegas,-.200
11,Justin Thomas,-.182
12,Brian Harman,-.167
13,Chris Stroud,-.143
14,Jonas Blixt,-.083
14,Grayson Murray,-.083
16,Patrick Cantlay,E
16,Austin Cook,E
16,Billy Horschel,E
16,Si Woo Kim,E
16,Kevin Kisner,E
16,Patton Kizzire,E
16,Pat Perez,E
16,Jon Rahm,E
16,Xander Schauffele,E
16,Jordan Spieth,E
16,Hudson Swafford,E
27,Bryson DeChambeau,+.091
28,Kevin Chappell,+.100
29,Wesley Bryan,+.125
29,Adam Hadwin,+.125
31,Ryan Armour,+.200
31,Russell Henley,+.200
33,Brooks Koepka,+.214
34,Kyle Stanley,+.222
