rank,player,RTP Score
1,Jordan Spieth,-.625
2,Austin Cook,-.333
3,Dustin Johnson,-.286
4,Jonas Blixt,-.250
5,Kyle Stanley,-.222
6,Russell Henley,-.200
6,Cameron Smith,-.200
6,Chris Stroud,-.200
9,Billy Horschel,-.167
9,Pat Perez,-.167
9,Xander Schauffele,-.167
12,Kevin Chappell,-.143
13,Brian Harman,-.125
13,Jon Rahm,-.125
15,Brendan Steele,-.111
16,Hideki Matsuyama,-.100
17,Ryan Armour,E
17,Patrick Cantlay,E
17,Rickie Fowler,E
17,Si Woo Kim,E
17,Kevin Kisner,E
17,Patton Kizzire,E
17,Grayson Murray,E
24,Justin Thomas,+.111
25,Jason Dufner,+.125
26,Jhonattan Vegas,+.167
27,Bryson DeChambeau,+.250
27,Hudson Swafford,+.250
29,Daniel Berger,+.333
29,D.A. Points,+.333
31,Marc Leishman,+.400
32,Wesley Bryan,+.500
32,Brooks Koepka,+.500
34,Adam Hadwin,+.667
