rank,player,Avg (Yards),Total Distance (inches),Number of Approach Shots
1,Jason Dufner,126.9,"36,535,000",8
2,Charles Howell III,146.3,"36,860,000",7
3,Corey Conners,147.4,"53,074,000",10
4,Justin Thomas,148.1,"37,327,000",7
5,Wesley Bryan,148.3,"42,718,000",8
6,Emiliano Grillo,148.7,"58,884,000",11
6,Zach Johnson,148.7,"37,462,000",7
8,Jonathan Randolph,148.8,"32,141,000",6
9,Scott Brown,152.8,"49,512,000",9
10,Tony Finau,152.9,"49,531,000",9
11,Patton Kizzire,153.1,"33,080,000",6
12,Si Woo Kim,153.2,"71,692,000",13
13,Conrad Shindler,153.6,"49,760,000",9
14,Adam Schenk,153.8,"55,375,000",10
15,Keegan Bradley,156.2,"50,606,000",9
16,Harris English,156.3,"67,529,000",12
17,Ollie Schniederjans,157.4,"62,313,000",11
18,Stephan Jaeger,157.7,"62,456,000",11
18,Nate Lashley,157.7,"51,108,000",9
20,J.J. Spaun,158.2,"56,952,000",10
21,Daisuke Kataoka,158.4,"45,618,000",8
22,D.A. Points,158.6,"97,038,000",17
22,Andrew Putnam,158.6,"85,647,000",15
24,Steve Allan,158.9,"80,067,000",14
25,Nicholas Lindheim,159.0,"51,528,000",9
26,Sam Saunders,159.2,"74,520,000",13
27,Stewart Cink,160.0,"51,841,000",9
28,Gary Woodland,161.0,"63,751,000",11
29,Ryan Palmer,161.5,"63,947,000",11
30,Joel Dahmen,161.6,"69,798,000",12
31,Kevin Tway,161.9,"69,956,000",12
32,Tom Hoge,162.0,"29,158,000",5
33,Tyrone Van Aswegen,162.8,"58,620,000",10
34,Russell Knox,163.8,"47,188,000",8
35,Jerry Kelly,163.9,"41,294,000",7
36,Ben Martin,165.5,"47,659,000",8
37,Marc Leishman,165.7,"59,643,000",10
38,Vaughn Taylor,165.9,"65,702,000",11
39,Kevin Kisner,166.0,"47,819,000",8
40,Jordan Spieth,168.0,"42,341,000",7
41,Xander Schauffele,168.1,"60,523,000",10
42,Chris Kirk,168.3,"42,416,000",7
43,Ryan Armour,169.9,"61,177,000",10
44,Brandon Harkins,170.2,"42,886,000",7
45,Chez Reavie,171.6,"55,585,000",9
46,Jason Kokrak,172.9,"31,127,000",5
47,Brian Gay,173.1,"62,301,000",10
48,John Oda,173.3,"74,885,000",12
48,Webb Simpson,173.3,"49,902,000",8
50,Cameron Smith,173.6,"56,243,000",9
51,Shugo Imahira,173.8,"62,553,000",10
52,Kyle Stanley,173.9,"37,571,000",6
53,Talor Gooch,174.3,"62,752,000",10
54,Sam Ryder,175.0,"81,917,000",13
55,Xinjun Zhang,175.7,"63,240,000",10
56,Colt Knost,178.7,"70,780,000",11
56,Seamus Power,178.7,"64,342,000",10
58,John Peterson,179.1,"77,369,000",12
58,Rory Sabbatini,179.1,"51,582,000",8
60,Brian Harman,179.2,"45,160,000",7
61,Matt Every,179.8,"97,090,000",15
62,William McGirt,180.1,"51,873,000",8
63,Hudson Swafford,180.6,"91,045,000",14
64,Austin Cook,181.6,"52,294,000",8
65,Dominic Bozzelli,183.0,"65,867,000",10
65,James Hahn,183.0,"26,345,000",4
67,Blayne Barber,185.8,"93,625,000",14
67,Scott Piercy,185.8,"80,278,000",12
69,Lanto Griffin,186.0,"60,273,000",9
70,Daniel Berger,186.1,"60,289,000",9
71,Brian Stuard,186.4,"40,257,000",6
72,Matt Jones,190.2,"41,089,000",6
73,Roberto Díaz,194.4,"55,993,000",8
74,Keith Mitchell,196.0,"49,389,000",7
75,Jonathan Byrd,199.0,"42,990,000",6
76,Ryan Blaum,202.4,"51,012,000",7
