rank,player,Distance,Tournament,Round- Course,Hole
1,Tony Finau,176,Sony Open,3,17 - Par 3
2,Justin Thomas,175,Sony Open,3,2 - Par 4 -
3,Corey Conners,159,Sony Open,1,9 - Par 5 -
4,Patton Kizzire,55,Sony Open,4,10 - Par 4
5,Scott Brown,47,Sony Open,3,10 - Par 4
6,Daniel Berger,29,Sony Open,1,9 - Par 5 -
7,Chris Kirk,26,Sony Open,2,10 - Par 4
8,Seamus Power,25,Sony Open,4,9 - Par 5 -
9,Ryan Blaum,24,Sony Open,4,18 - Par 5
10,Jerry Kelly,23,Sony Open,1,4 - Par 3 -
11,Russell Knox,22,Sony Open,3,18 - Par 5
12,Tatsuya Kodai,22,Sony Open,2,16 - Par 4
13,Dominic Bozzelli,22,Sony Open,3,8 - Par 4 -
14,Talor Gooch,20,Sony Open,1,1 - Par 4 -
15,Steve Allan,19,Sony Open,1,18 - Par 5
16,Xinjun Zhang,19,Sony Open,4,15 - Par 4
17,Jon Curran,18,Sony Open,2,9 - Par 5 -
18,Rory Sabbatini,17,Sony Open,3,11 - Par 3
19,Keith Mitchell,17,Sony Open,2,13 - Par 4
20,Ben Silverman,16,Sony Open,2,2 - Par 4 -
21,Ben Martin,16,Sony Open,1,18 - Par 5
22,Gary Woodland,16,Sony Open,4,9 - Par 5 -
23,Roberto Díaz,16,Sony Open,4,18 - Par 5
24,Tyrone Van Aswegen,15,Sony Open,3,6 - Par 4 -
26,Sean O'Hair,14,Sony Open,1,9 - Par 5 -
28,Cameron Smith,14,Sony Open,1,2 - Par 4 -
31,Lanto Griffin,13,Sony Open,3,6 - Par 4 -
33,Michael Kim,12,Sony Open,2,15 - Par 4
34,Stewart Cink,12,Sony Open,2,2 - Par 4 -
35,Smylie Kaufman,12,Sony Open,2,3 - Par 4 -
36,Scott Piercy,11,Sony Open,1,6 - Par 4 -
39,Billy Hurley III,10,Sony Open,1,3 - Par 4 -
40,Harris English,10,Sony Open,2,17 - Par 3
42,Stephan Jaeger,9,Sony Open,4,10 - Par 4
43,Zach Johnson,9,Sony Open,4,13 - Par 4
44,"Ted Potter, Jr.",9,Sony Open,1,2 - Par 4 -
46,Ollie Schniederjans,9,Sony Open,3,9 - Par 5 -
47,Brian Gay,9,Sony Open,2,8 - Par 4 -
48,Webb Simpson,9,Sony Open,3,9 - Par 5 -
49,Marc Leishman,8,Sony Open,3,15 - Par 4
50,Vaughn Taylor,8,Sony Open,3,4 - Par 3 -
51,Hudson Swafford,8,Sony Open,2,10 - Par 4
53,Blayne Barber,8,Sony Open,4,15 - Par 4
55,Jimmy Walker,7,Sony Open,2,2 - Par 4 -
56,Daisuke Kataoka,7,Sony Open,2,8 - Par 4 -
57,Omar Uresti,7,Sony Open,2,16 - Par 4
58,Colt Knost,6,Sony Open,1,15 - Par 4
59,Ryan Palmer,6,Sony Open,3,7 - Par 3 -
60,Kevin Na,5,Sony Open,2,7 - Par 3 -
61,Luke Donald,5,Sony Open,2,7 - Par 3 -
62,Steve Wheatcroft,5,Sony Open,1,7 - Par 3 -
