rank,player,Hole outs
1,Xinjun Zhang,5
2,Russell Knox,3
3,Daniel Berger,2
3,Tony Finau,2
3,Stephan Jaeger,2
3,Jerry Kelly,2
7,Steve Allan,1
7,Blayne Barber,1
7,Ryan Blaum,1
7,Dominic Bozzelli,1
7,Scott Brown,1
7,Stewart Cink,1
7,Corey Conners,1
7,Roberto Díaz,1
7,Harris English,1
7,Brian Gay,1
7,Talor Gooch,1
7,Lanto Griffin,1
7,Zach Johnson,1
7,Daisuke Kataoka,1
7,Chris Kirk,1
7,Patton Kizzire,1
7,Colt Knost,1
7,Marc Leishman,1
7,Ben Martin,1
7,Keith Mitchell,1
7,Ryan Palmer,1
7,Scott Piercy,1
7,Seamus Power,1
7,Rory Sabbatini,1
7,Ollie Schniederjans,1
7,Webb Simpson,1
7,Cameron Smith,1
7,Hudson Swafford,1
7,Vaughn Taylor,1
7,Justin Thomas,1
7,Tyrone Van Aswegen,1
7,Gary Woodland,1
