rank,player,Hole outs
1,Shane Bertsch,3
1,David Duval,3
3,Michael Allen,2
3,Stuart Appleby,2
3,Steve Jones,2
3,Parker McLachlin,2
3,Chris Riley,2
8,Paul Azinger,1
8,Craig Barlow,1
8,Henrik Bjornstad,1
8,Jason Bohn,1
8,K.J. Choi,1
8,Joe Durant,1
8,Carlos Franco,1
8,Jim Furyk,1
8,Brent Geiberger,1
8,Mathew Goggin,1
8,Jeff Gove,1
8,Nathan Green,1
8,Dudley Hart,1
8,Jonathan Kaye,1
8,Peter Lonard,1
8,Will MacKenzie,1
8,Jeff Maggert,1
8,Shigeki Maruyama,1
8,Arron Oberholser,1
8,Joe Ogilvie,1
8,Jeff Overton,1
8,Jesper Parnevik,1
8,Carl Pettersson,1
8,Patrick Sheehan,1
8,Hidemichi Tanaka,1
8,Vaughn Taylor,1
8,David Toms,1
8,Bo Van Pelt,1
