rank,player,Avg (Yards),Total Distance (inches),Number of Approach Shots
1,Rich Beem,124.9,"53,947,000",12
2,Arjun Atwal,128.8,"46,379,000",10
3,Will MacKenzie,129.0,"60,356,000",13
4,Rory Sabbatini,130.7,"37,650,000",8
5,K.J. Choi,132.5,"33,395,000",7
6,Carlos Franco,139.1,"55,096,000",11
7,Charles Howell III,139.4,"50,181,000",10
8,Craig Barlow,143.7,"62,080,000",12
9,Henrik Bjornstad,143.9,"56,970,000",11
10,Hidemichi Tanaka,144.1,"57,083,000",11
11,Arron Oberholser,145.6,"57,659,000",11
12,James Driscoll,146.0,"99,898,000",19
12,Steve Jones,146.0,"57,818,000",11
14,Troy Matteson,146.1,"63,110,000",12
15,Camilo Villegas,146.7,"73,935,000",14
16,Vance Veazey,147.5,"79,623,000",15
17,Bubba Dickerson,148.6,"69,542,000",13
18,Joe Ogilvie,148.8,"42,858,000",8
19,Roger Tambellini,148.9,"64,326,000",12
20,Stuart Appleby,149.6,"37,700,000",7
21,Jeff Gove,150.2,"48,662,000",9
22,Charles Warren,150.5,"54,192,000",10
23,Adam Scott,151.4,"38,156,000",7
24,Jeff Overton,151.5,"70,905,000",13
25,Billy Mayfair,152.1,"60,238,000",11
26,Jon Mills,152.2,"60,270,000",11
27,Michael Allen,153.1,"77,153,000",14
28,Chad Campbell,153.3,"22,073,000",4
29,Vaughn Taylor,153.5,"93,939,000",17
30,Jason Bohn,155.3,"50,306,000",9
31,Bo Van Pelt,155.4,"72,726,000",13
32,Kaname Yokoo,156.0,"95,501,000",17
33,Dudley Hart,157.0,"67,822,000",12
34,Fred Funk,157.2,"62,258,000",11
35,Bill Haas,157.3,"73,606,000",13
36,Loren Roberts,157.5,"39,684,000",7
37,Mathew Goggin,157.8,"96,556,000",17
38,Stewart Cink,157.9,"56,837,000",10
38,Jeff Sluman,157.9,"85,272,000",15
40,Nathan Green,158.4,"34,204,000",6
41,Olin Browne,158.5,"96,975,000",17
42,Joe Durant,158.8,"80,025,000",14
43,Thomas Levet,159.0,"57,227,000",10
44,Chris Riley,159.4,"80,333,000",14
45,Tommy Armour III,160.0,"86,377,000",15
45,Vijay Singh,160.0,"46,086,000",8
47,Woody Austin,161.5,"87,201,000",15
48,Shane Bertsch,162.0,"52,504,000",9
49,Jeff Maggert,162.4,"70,168,000",12
50,Tom Lehman,162.6,"70,254,000",12
51,Hunter Mahan,163.2,"93,978,000",16
52,Ryuji Imada,163.8,"76,663,000",13
53,Brent Geiberger,163.9,"53,100,000",9
54,David Duval,164.2,"76,853,000",13
55,Patrick Sheehan,164.5,"106,619,000",18
56,Jonathan Kaye,164.8,"77,133,000",13
57,David Branshaw,166.8,"72,063,000",12
58,Aaron Baddeley,166.9,"72,096,000",12
59,Brad Faxon,167.3,"78,307,000",13
59,Jerry Smith,167.3,"72,278,000",12
61,Parker McLachlin,168.1,"60,498,000",10
62,Todd Fischer,169.2,"79,187,000",13
63,Bubba Watson,169.4,"42,701,000",7
64,Jim Furyk,169.8,"42,800,000",7
65,J.B. Holmes,171.4,"43,202,000",7
66,Alex Cejka,171.7,"92,693,000",15
67,Daniel Chopra,173.6,"100,014,000",16
67,David Toms,173.6,"31,240,000",5
69,Shigeki Maruyama,174.3,"75,285,000",12
70,Robert Gamez,174.5,"37,693,000",6
71,Paul Azinger,175.2,"75,684,000",12
72,Ron Whittaker,176.7,"95,439,000",15
73,Peter Lonard,176.9,"89,160,000",14
74,John Riegger,178.7,"77,204,000",12
75,Jay Haas,180.4,"90,917,000",14
76,Tom Byrum,180.7,"58,543,000",9
76,Jerry Kelly,180.7,"52,042,000",8
78,Jesper Parnevik,180.9,"71,636,000",11
79,Mark Calcavecchia,183.7,"59,509,000",9
80,Richard Johnson,184.0,"59,624,000",9
81,Paul Goydos,188.0,"81,236,000",12
82,Carl Pettersson,193.5,"76,635,000",11
