rank,player,Distance,Tournament,Round- Course,Hole
1,Steve Schneiter,152,Sony Open,1,6 - Par 4 -
2,Jason Bohn,127,Sony Open,3,10 - Par 4
3,Chris Riley,121,Sony Open,2,8 - Par 4 -
4,David Duval,77,Sony Open,3,9 - Par 5 -
5,Shane Bertsch,34,Sony Open,3,8 - Par 4 -
6,David Toms,25,Sony Open,3,16 - Par 4
7,Parker McLachlin,24,Sony Open,3,11 - Par 3
9,Harrison Frazar,23,Sony Open,1,8 - Par 4 -
11,Joe Durant,17,Sony Open,4,2 - Par 4 -
12,Eric Axley,16,Sony Open,2,15 - Par 4
14,Jeff Overton,14,Sony Open,3,6 - Par 4 -
15,Brent Geiberger,13,Sony Open,1,15 - Par 4
16,Jeff Gove,12,Sony Open,2,7 - Par 3 -
17,Michael Allen,12,Sony Open,4,14 - Par 4
18,Jesper Parnevik,12,Sony Open,3,8 - Par 4 -
19,Carl Pettersson,12,Sony Open,4,6 - Par 4 -
20,Jonathan Kaye,12,Sony Open,4,17 - Par 3
21,Nathan Green,12,Sony Open,1,15 - Par 4
22,Arron Oberholser,11,Sony Open,2,3 - Par 4 -
23,Bo Van Pelt,11,Sony Open,3,8 - Par 4 -
24,Craig Barlow,10,Sony Open,4,4 - Par 3 -
25,Henrik Bjornstad,9,Sony Open,3,6 - Par 4 -
26,Steve Jones,9,Sony Open,2,12 - Par 4
28,Paul Azinger,9,Sony Open,4,6 - Par 4 -
29,Patrick Sheehan,9,Sony Open,4,8 - Par 4 -
30,Mathew Goggin,8,Sony Open,4,14 - Par 4
31,Will MacKenzie,8,Sony Open,4,12 - Par 4
32,Brandan Kop,8,Sony Open,1,2 - Par 4 -
33,Jeff Maggert,7,Sony Open,3,6 - Par 4 -
34,Dean Wilson,7,Sony Open,2,12 - Par 4
35,Joe Ogilvie,7,Sony Open,3,3 - Par 4 -
37,Jim Furyk,7,Sony Open,1,14 - Par 4
38,Peter Jacobsen,7,Sony Open,2,7 - Par 3 -
39,Vaughn Taylor,7,Sony Open,3,14 - Par 4
40,Peter Lonard,6,Sony Open,2,4 - Par 3 -
42,Hidemichi Tanaka,6,Sony Open,2,11 - Par 3
43,Stuart Appleby,5,Sony Open,4,9 - Par 5 -
45,K.J. Choi,5,Sony Open,2,13 - Par 4
47,Shigeki Maruyama,5,Sony Open,3,12 - Par 4
48,Carlos Franco,5,Sony Open,4,14 - Par 4
49,Dudley Hart,4,Sony Open,1,13 - Par 4
