rank,player,Birdie to Bogey Ratio,Total Birdies and Better,Total Bogeys and Worse
1,Patrick Reed,22.00,22,1
2,Jordan Spieth,15.00,30,2
3,Brandt Snedeker,8.00,24,3
4,Fabián Gómez,7.00,21,3
5,Rickie Fowler,5.75,23,4
6,Brooks Koepka,5.00,25,5
7,Padraig Harrington,4.20,21,5
8,Peter Malnati,3.83,23,6
9,Alex Cejka,3.40,17,5
9,Bill Haas,3.40,17,5
11,Dustin Johnson,3.14,22,7
12,Smylie Kaufman,3.00,24,8
12,Kevin Kisner,3.00,24,8
12,Russell Knox,3.00,15,5
15,Steven Bowditch,2.88,23,8
15,Jason Day,2.88,23,8
15,Bubba Watson,2.88,23,8
18,David Lingmerth,2.86,20,7
19,Chris Kirk,2.83,17,6
20,Danny Lee,2.75,22,8
21,Jimmy Walker,2.67,24,9
22,Emiliano Grillo,2.63,21,8
23,J.B. Holmes,2.50,20,8
24,Troy Merritt,2.22,20,9
24,Scott Piercy,2.22,20,9
26,Matt Every,2.11,19,9
27,Justin Thomas,2.10,21,10
28,Zach Johnson,2.00,22,11
28,Graeme McDowell,2.00,14,7
30,Davis Love III,1.36,19,14
31,James Hahn,1.00,12,12
32,J.J. Henry,.73,8,11
