rank,player,Average Bogeys per round,Total Bogeys,Rounds Played
1,Patrick Reed,.25,1,4
2,Fabián Gómez,.50,2,4
2,Jordan Spieth,.50,2,4
4,Russell Knox,.75,3,4
4,Brandt Snedeker,.75,3,4
6,Alex Cejka,1.00,4,4
6,Rickie Fowler,1.00,4,4
6,Graeme McDowell,1.00,4,4
9,Matt Every,1.25,5,4
9,Bill Haas,1.25,5,4
9,Padraig Harrington,1.25,5,4
9,J.B. Holmes,1.25,5,4
9,Chris Kirk,1.25,5,4
9,Brooks Koepka,1.25,5,4
15,Smylie Kaufman,1.50,6,4
15,Peter Malnati,1.50,6,4
17,Jason Day,1.75,7,4
17,Emiliano Grillo,1.75,7,4
17,Dustin Johnson,1.75,7,4
17,Kevin Kisner,1.75,7,4
17,Danny Lee,1.75,7,4
17,David Lingmerth,1.75,7,4
17,Scott Piercy,1.75,7,4
24,Steven Bowditch,2.00,8,4
24,Bubba Watson,2.00,8,4
26,James Hahn,2.25,9,4
26,Troy Merritt,2.25,9,4
26,Justin Thomas,2.25,9,4
26,Jimmy Walker,2.25,9,4
30,Zach Johnson,2.50,10,4
31,J.J. Henry,2.75,11,4
32,Davis Love III,3.25,13,4
