rank,player,Avg,Total 1 Putts,Total Rounds
1,Greg Chalmers,7.25,29,4
1,Si Woo Kim,7.25,29,4
3,Jordan Spieth,7.00,28,4
3,Justin Thomas,7.00,28,4
5,William McGirt,6.75,27,4
5,Brendan Steele,6.75,27,4
7,Jason Dufner,6.50,26,4
7,Cody Gribble,6.50,26,4
7,Charley Hoffman,6.50,26,4
10,Tony Finau,6.25,25,4
10,Fabián Gómez,6.25,25,4
10,Russell Knox,6.25,25,4
10,Patrick Reed,6.25,25,4
14,Jason Day,5.75,23,4
14,Hideki Matsuyama,5.75,23,4
14,Ryan Moore,5.75,23,4
14,Rod Pampling,5.75,23,4
14,Brandt Snedeker,5.75,23,4
14,Jimmy Walker,5.75,23,4
20,Daniel Berger,5.50,22,4
20,James Hahn,5.50,22,4
20,Billy Hurley III,5.50,22,4
20,Vaughn Taylor,5.50,22,4
24,Aaron Baddeley,5.25,21,4
25,Jim Herman,5.00,20,4
25,Dustin Johnson,5.00,20,4
25,Pat Perez,5.00,20,4
25,Brian Stuard,5.00,20,4
25,Jhonattan Vegas,5.00,20,4
30,Branden Grace,4.50,18,4
30,Bubba Watson,4.50,18,4
32,Mackenzie Hughes,4.25,17,4
