rank,player,%,# of 1 putts,# of holes
1,William McGirt,50.00,9,18
1,Jordan Spieth,50.00,9,18
3,Greg Chalmers,44.44,8,18
3,Jason Day,44.44,8,18
3,Cody Gribble,44.44,8,18
3,James Hahn,44.44,8,18
3,Charley Hoffman,44.44,8,18
8,Aaron Baddeley,38.89,7,18
8,Jim Herman,38.89,7,18
8,Billy Hurley III,38.89,7,18
8,Si Woo Kim,38.89,7,18
8,Rod Pampling,38.89,7,18
8,Patrick Reed,38.89,7,18
8,Brandt Snedeker,38.89,7,18
15,Jason Dufner,33.33,6,18
15,Branden Grace,33.33,6,18
15,Brendan Steele,33.33,6,18
15,Vaughn Taylor,33.33,6,18
15,Justin Thomas,33.33,6,18
20,Daniel Berger,27.78,5,18
20,Russell Knox,27.78,5,18
20,Hideki Matsuyama,27.78,5,18
20,Brian Stuard,27.78,5,18
20,Jhonattan Vegas,27.78,5,18
20,Jimmy Walker,27.78,5,18
20,Bubba Watson,27.78,5,18
27,Tony Finau,22.22,4,18
27,Fabián Gómez,22.22,4,18
27,Ryan Moore,22.22,4,18
27,Pat Perez,22.22,4,18
31,Mackenzie Hughes,16.67,3,18
31,Dustin Johnson,16.67,3,18
