rank,player,%,# of 1 putts,# of holes
1,Si Woo Kim,50.00,9,18
2,Daniel Berger,44.44,8,18
2,Greg Chalmers,44.44,8,18
2,Jason Day,44.44,8,18
2,Mackenzie Hughes,44.44,8,18
2,William McGirt,44.44,8,18
2,Justin Thomas,44.44,8,18
2,Jimmy Walker,44.44,8,18
9,Aaron Baddeley,38.89,7,18
9,Jason Dufner,38.89,7,18
9,Fabián Gómez,38.89,7,18
9,Jim Herman,38.89,7,18
9,Charley Hoffman,38.89,7,18
9,Dustin Johnson,38.89,7,18
9,Vaughn Taylor,38.89,7,18
16,Billy Hurley III,33.33,6,18
16,Patrick Reed,33.33,6,18
16,Brendan Steele,33.33,6,18
19,Tony Finau,27.78,5,18
19,Cody Gribble,27.78,5,18
19,Russell Knox,27.78,5,18
19,Ryan Moore,27.78,5,18
19,Rod Pampling,27.78,5,18
19,Pat Perez,27.78,5,18
19,Brian Stuard,27.78,5,18
19,Jhonattan Vegas,27.78,5,18
27,Branden Grace,22.22,4,18
27,James Hahn,22.22,4,18
27,Hideki Matsuyama,22.22,4,18
30,Jordan Spieth,16.67,3,18
30,Bubba Watson,16.67,3,18
32,Brandt Snedeker,11.11,2,18
