rank,player,Total,Total (for all distances),Pct of all 1-putts
1,Jason Dufner,2,26,7.7
1,Cody Gribble,2,26,7.7
1,Jim Herman,2,20,10.0
1,Jordan Spieth,2,28,7.1
1,Brian Stuard,2,20,10.0
1,Jimmy Walker,2,23,8.7
7,Aaron Baddeley,1,21,4.8
7,Daniel Berger,1,22,4.5
7,James Hahn,1,22,4.5
7,Charley Hoffman,1,26,3.8
7,Mackenzie Hughes,1,17,5.9
7,Billy Hurley III,1,22,4.5
7,Dustin Johnson,1,20,5.0
7,Si Woo Kim,1,29,3.4
7,Ryan Moore,1,23,4.3
7,Pat Perez,1,20,5.0
7,Brandt Snedeker,1,23,4.3
7,Brendan Steele,1,27,3.7
7,Vaughn Taylor,1,22,4.5
7,Justin Thomas,1,28,3.6
7,Bubba Watson,1,18,5.6
