rank,player,Total,Total (for all distances),Pct of all 1-putts
1,Charley Hoffman,4,26,15.4
1,Ryan Moore,4,23,17.4
1,Jimmy Walker,4,23,17.4
4,Cody Gribble,2,26,7.7
4,Mackenzie Hughes,2,17,11.8
4,William McGirt,2,27,7.4
4,Rod Pampling,2,23,8.7
4,Pat Perez,2,20,10.0
4,Patrick Reed,2,25,8.0
4,Brian Stuard,2,20,10.0
4,Justin Thomas,2,28,7.1
4,Bubba Watson,2,18,11.1
13,Aaron Baddeley,1,21,4.8
13,Daniel Berger,1,22,4.5
13,Greg Chalmers,1,29,3.4
13,Jason Dufner,1,26,3.8
13,Tony Finau,1,25,4.0
13,Jim Herman,1,20,5.0
13,Billy Hurley III,1,22,4.5
13,Si Woo Kim,1,29,3.4
13,Brendan Steele,1,27,3.7
