rank,player,%,# of 1 putts,# of holes
1,Tony Finau,44.44,8,18
1,William McGirt,44.44,8,18
3,Greg Chalmers,38.89,7,18
3,Fabián Gómez,38.89,7,18
3,Dustin Johnson,38.89,7,18
3,Hideki Matsuyama,38.89,7,18
3,Ryan Moore,38.89,7,18
3,Pat Perez,38.89,7,18
3,Patrick Reed,38.89,7,18
3,Jordan Spieth,38.89,7,18
3,Brendan Steele,38.89,7,18
3,Justin Thomas,38.89,7,18
3,Jhonattan Vegas,38.89,7,18
14,Cody Gribble,33.33,6,18
14,Billy Hurley III,33.33,6,18
14,Si Woo Kim,33.33,6,18
14,Russell Knox,33.33,6,18
14,Brandt Snedeker,33.33,6,18
14,Brian Stuard,33.33,6,18
20,Jason Dufner,27.78,5,18
20,Branden Grace,27.78,5,18
20,James Hahn,27.78,5,18
20,Charley Hoffman,27.78,5,18
20,Bubba Watson,27.78,5,18
25,Aaron Baddeley,22.22,4,18
25,Rod Pampling,22.22,4,18
25,Vaughn Taylor,22.22,4,18
28,Daniel Berger,16.67,3,18
28,Jason Day,16.67,3,18
28,Mackenzie Hughes,16.67,3,18
28,Jimmy Walker,16.67,3,18
32,Jim Herman,11.11,2,18
