rank,player,%,# of 1 putts,# of holes
1,Russell Knox,50.00,9,18
1,Jordan Spieth,50.00,9,18
3,Jason Dufner,44.44,8,18
3,Tony Finau,44.44,8,18
3,Brandt Snedeker,44.44,8,18
3,Brendan Steele,44.44,8,18
7,Fabián Gómez,38.89,7,18
7,Cody Gribble,38.89,7,18
7,Si Woo Kim,38.89,7,18
7,Hideki Matsuyama,38.89,7,18
7,Ryan Moore,38.89,7,18
7,Rod Pampling,38.89,7,18
7,Justin Thomas,38.89,7,18
7,Jimmy Walker,38.89,7,18
15,Daniel Berger,33.33,6,18
15,Greg Chalmers,33.33,6,18
15,Charley Hoffman,33.33,6,18
18,James Hahn,27.78,5,18
18,Patrick Reed,27.78,5,18
18,Vaughn Taylor,27.78,5,18
18,Bubba Watson,27.78,5,18
22,Jason Day,22.22,4,18
22,Jim Herman,22.22,4,18
22,Pat Perez,22.22,4,18
22,Brian Stuard,22.22,4,18
26,Aaron Baddeley,16.67,3,18
26,Branden Grace,16.67,3,18
26,Mackenzie Hughes,16.67,3,18
26,Billy Hurley III,16.67,3,18
26,Dustin Johnson,16.67,3,18
26,Jhonattan Vegas,16.67,3,18
32,William McGirt,11.11,2,18
