rank,player,Total,Total (for all distances),Pct of all 1-putts
1,Cody Gribble,7,26,26.9
2,Jason Dufner,6,26,23.1
2,Fabián Gómez,6,25,24.0
2,Vaughn Taylor,6,22,27.3
5,William McGirt,5,27,18.5
5,Patrick Reed,5,25,20.0
5,Brendan Steele,5,27,18.5
8,Tony Finau,4,25,16.0
8,Branden Grace,4,18,22.2
8,Mackenzie Hughes,4,17,23.5
11,Daniel Berger,3,22,13.6
11,Greg Chalmers,3,29,10.3
11,Hideki Matsuyama,3,23,13.0
11,Rod Pampling,3,23,13.0
11,Pat Perez,3,20,15.0
16,Jason Day,2,23,8.7
16,Jim Herman,2,20,10.0
16,Charley Hoffman,2,26,7.7
16,Billy Hurley III,2,22,9.1
16,Si Woo Kim,2,29,6.9
16,Ryan Moore,2,23,8.7
16,Justin Thomas,2,28,7.1
23,Aaron Baddeley,1,21,4.8
23,James Hahn,1,22,4.5
23,Dustin Johnson,1,20,5.0
23,Russell Knox,1,25,4.0
23,Brandt Snedeker,1,23,4.3
23,Jordan Spieth,1,28,3.6
23,Brian Stuard,1,20,5.0
23,Jhonattan Vegas,1,20,5.0
23,Jimmy Walker,1,23,4.3
23,Bubba Watson,1,18,5.6
