rank,player,Distance,Year/Tourn#,Round,Hole
1,Vaughn Taylor,"48' 3""",T of C,4,17 - Par 4
2,Jason Dufner,"47' 11""",T of C,1,6 - Par 4 -
3,Cody Gribble,"42' 7""",T of C,3,1 - Par 4 -
4,Brendan Steele,"41' 8""",T of C,4,13 - Par 4
5,Brian Stuard,"41' 3""",T of C,4,12 - Par 4
6,Jimmy Walker,"38' 4""",T of C,1,5 - Par 5 -
7,Pat Perez,"36' 9""",T of C,4,7 - Par 4 -
8,Jordan Spieth,"36' 4""",T of C,3,9 - Par 5 -
9,Daniel Berger,"35' 8""",T of C,4,13 - Par 4
10,James Hahn,"35' 3""",T of C,4,11 - Par 3
11,Jim Herman,"33' 5""",T of C,1,2 - Par 3 -
12,Charley Hoffman,"32' 11""",T of C,1,10 - Par 4
13,Aaron Baddeley,"32' 5""",T of C,1,11 - Par 3
14,Mackenzie Hughes,"30' 0""",T of C,1,18 - Par 5
15,Brandt Snedeker,"28' 8""",T of C,4,8 - Par 3 -
16,Ryan Moore,"27' 9""",T of C,2,12 - Par 4
17,Justin Thomas,"27' 4""",T of C,4,8 - Par 3 -
18,Dustin Johnson,"26' 6""",T of C,4,1 - Par 4 -
19,Si Woo Kim,"25' 10""",T of C,1,7 - Par 4 -
20,Bubba Watson,"25' 6""",T of C,2,11 - Par 3
21,Billy Hurley III,"25' 1""",T of C,1,6 - Par 4 -
22,William McGirt,"24' 5""",T of C,4,7 - Par 4 -
23,Jhonattan Vegas,"24' 4""",T of C,4,17 - Par 4
24,Jason Day,"23' 0""",T of C,2,12 - Par 4
25,Patrick Reed,"22' 7""",T of C,4,2 - Par 3 -
26,Rod Pampling,"21' 9""",T of C,1,10 - Par 4
27,Tony Finau,"20' 10""",T of C,1,10 - Par 4
28,Hideki Matsuyama,"20' 7""",T of C,4,3 - Par 4 -
29,Greg Chalmers,"17' 3""",T of C,3,3 - Par 4 -
30,Fabián Gómez,"14' 2""",T of C,2,17 - Par 4
31,Branden Grace,"14' 2""",T of C,3,4 - Par 4 -
32,Russell Knox,"14' 2""",T of C,1,9 - Par 5 -
