rank,player,Total,Total (for all distances),Pct of all 1-putts
1,Russell Knox,15,25,60.0
2,Greg Chalmers,12,29,41.4
3,Jhonattan Vegas,11,20,55.0
4,Jason Day,10,23,43.5
4,Jordan Spieth,10,28,35.7
6,Jason Dufner,9,26,34.6
6,Billy Hurley III,9,22,40.9
6,Patrick Reed,9,25,36.0
6,Brandt Snedeker,9,23,39.1
6,Jimmy Walker,9,23,39.1
11,Fabián Gómez,8,25,32.0
11,James Hahn,8,22,36.4
11,Si Woo Kim,8,29,27.6
11,Justin Thomas,8,28,28.6
15,Branden Grace,7,18,38.9
15,Charley Hoffman,7,26,26.9
15,Hideki Matsuyama,7,23,30.4
15,William McGirt,7,27,25.9
19,Tony Finau,6,25,24.0
19,Jim Herman,6,20,30.0
19,Rod Pampling,6,23,26.1
19,Brendan Steele,6,27,22.2
23,Ryan Moore,5,23,21.7
24,Daniel Berger,4,22,18.2
24,Cody Gribble,4,26,15.4
24,Bubba Watson,4,18,22.2
27,Aaron Baddeley,3,21,14.3
27,Dustin Johnson,3,20,15.0
27,Brian Stuard,3,20,15.0
27,Vaughn Taylor,3,22,13.6
31,Mackenzie Hughes,2,17,11.8
31,Pat Perez,2,20,10.0
