rank,player,Total,Total (for all distances),Pct of all 1-putts
1,Si Woo Kim,17,29,58.6
2,Aaron Baddeley,15,21,71.4
2,Dustin Johnson,15,20,75.0
4,Greg Chalmers,13,29,44.8
4,Tony Finau,13,25,52.0
4,Jordan Spieth,13,28,46.4
4,Brendan Steele,13,27,48.1
4,Justin Thomas,13,28,46.4
9,Daniel Berger,12,22,54.5
9,Charley Hoffman,12,26,46.2
9,Hideki Matsuyama,12,23,52.2
9,William McGirt,12,27,44.4
9,Brandt Snedeker,12,23,52.2
9,Brian Stuard,12,20,60.0
9,Vaughn Taylor,12,22,54.5
16,Fabián Gómez,11,25,44.0
16,James Hahn,11,22,50.0
16,Ryan Moore,11,23,47.8
16,Pat Perez,11,20,55.0
20,Cody Gribble,10,26,38.5
20,Rod Pampling,10,23,43.5
20,Bubba Watson,10,18,55.6
23,Jason Day,9,23,39.1
23,Billy Hurley III,9,22,40.9
23,Russell Knox,9,25,36.0
26,Jason Dufner,8,26,30.8
26,Patrick Reed,8,25,32.0
28,Branden Grace,7,18,38.9
28,Jim Herman,7,20,35.0
28,Mackenzie Hughes,7,17,41.2
28,Jhonattan Vegas,7,20,35.0
28,Jimmy Walker,7,23,30.4
