rank,player,%,# of Saves,# of Bunkers
1,Harris English,100.00,1,1
1,Billy Horschel,100.00,1,1
1,Sebastián Muñoz,100.00,2,2
1,Jon Rahm,100.00,1,1
1,Cameron Smith,100.00,1,1
1,Nick Taylor,100.00,1,1
7,Dustin Johnson,50.00,1,2
7,Webb Simpson,50.00,1,2
7,Justin Thomas,50.00,1,2
7,Michael Thompson,50.00,1,2
11,Daniel Berger,.00,0,1
11,Cameron Champ,.00,0,1
11,Tony Finau,.00,0,1
11,Sergio Garcia,.00,0,1
11,Lanto Griffin,.00,0,1
11,Viktor Hovland,.00,0,1
11,Mackenzie Hughes,.00,0,2
11,Carlos Ortiz,.00,0,1
11,Patrick Reed,.00,0,1
11,Robert Streb,.00,0,1
11,Hudson Swafford,.00,0,1
11,Richy Werenski,.00,0,1
