rank,player,%,# of Saves,# of Bunkers
1,Abraham Ancer,100.00,3,3
1,Daniel Berger,100.00,2,2
1,Tony Finau,100.00,3,3
1,Sergio Garcia,100.00,1,1
1,Brian Gay,100.00,1,1
1,Lanto Griffin,100.00,1,1
1,Viktor Hovland,100.00,1,1
1,Mackenzie Hughes,100.00,1,1
1,Kevin Kisner,100.00,1,1
1,Jason Kokrak,100.00,1,1
1,Andrew Landry,100.00,1,1
1,Xander Schauffele,100.00,1,1
1,Robert Streb,100.00,1,1
1,Hudson Swafford,100.00,1,1
1,Michael Thompson,100.00,1,1
1,Brendon Todd,100.00,1,1
1,Richy Werenski,100.00,2,2
18,Patrick Cantlay,66.67,2,3
18,Dustin Johnson,66.67,2,3
18,Kevin Na,66.67,2,3
18,Patrick Reed,66.67,2,3
18,Webb Simpson,66.67,2,3
23,Bryson DeChambeau,50.00,1,2
23,Billy Horschel,50.00,1,2
23,Martin Laird,50.00,1,2
23,Carlos Ortiz,50.00,1,2
23,Ryan Palmer,50.00,1,2
23,Scottie Scheffler,50.00,1,2
23,Cameron Smith,50.00,1,2
23,Nick Taylor,50.00,1,2
31,Hideki Matsuyama,40.00,2,5
32,Cameron Champ,33.33,1,3
32,Stewart Cink,33.33,1,3
34,Sungjae Im,.00,0,1
34,Sebastián Muñoz,.00,0,2
34,Joaquin Niemann,.00,0,1
34,Jon Rahm,.00,0,2
