rank,player,%,Successes,Attempts
1,Abraham Ancer,100.00,7,7
1,Daniel Berger,100.00,3,3
1,Patrick Cantlay,100.00,5,5
1,Stewart Cink,100.00,5,5
1,Bryson DeChambeau,100.00,9,9
1,Tony Finau,100.00,4,4
1,Sergio Garcia,100.00,3,3
1,Brian Gay,100.00,4,4
1,Lanto Griffin,100.00,2,2
1,Mackenzie Hughes,100.00,5,5
1,Sungjae Im,100.00,3,3
1,Dustin Johnson,100.00,2,2
1,Kevin Kisner,100.00,5,5
1,Martin Laird,100.00,5,5
1,Andrew Landry,100.00,4,4
1,Marc Leishman,100.00,4,4
1,Collin Morikawa,100.00,5,5
1,Sebastián Muñoz,100.00,5,5
1,Joaquin Niemann,100.00,1,1
1,Carlos Ortiz,100.00,4,4
1,Jon Rahm,100.00,2,2
1,Patrick Reed,100.00,2,2
1,Xander Schauffele,100.00,1,1
1,Scottie Scheffler,100.00,6,6
1,Adam Scott,100.00,1,1
1,Webb Simpson,100.00,4,4
1,Cameron Smith,100.00,7,7
1,Robert Streb,100.00,1,1
1,Hudson Swafford,100.00,6,6
1,Nick Taylor,100.00,4,4
1,Brendon Todd,100.00,5,5
32,Hideki Matsuyama,85.71,6,7
33,Kevin Na,80.00,4,5
34,Harris English,75.00,3,4
34,Viktor Hovland,75.00,3,4
34,Justin Thomas,75.00,3,4
34,Michael Thompson,75.00,3,4
38,Billy Horschel,66.67,2,3
