rank,player,%,Successes,Attempts
1,Abraham Ancer,100.00,3,3
1,Daniel Berger,100.00,1,1
1,Patrick Cantlay,100.00,2,2
1,Sergio Garcia,100.00,1,1
1,Brian Gay,100.00,3,3
1,Viktor Hovland,100.00,1,1
1,Dustin Johnson,100.00,1,1
1,Kevin Kisner,100.00,2,2
1,Jason Kokrak,100.00,1,1
1,Martin Laird,100.00,1,1
1,Andrew Landry,100.00,1,1
1,Jon Rahm,100.00,2,2
1,Xander Schauffele,100.00,1,1
1,Hudson Swafford,100.00,1,1
1,Brendon Todd,100.00,1,1
1,Richy Werenski,100.00,2,2
17,Webb Simpson,66.67,2,3
17,Michael Thompson,66.67,2,3
19,Tony Finau,60.00,3,5
19,Kevin Na,60.00,3,5
21,Cameron Champ,50.00,1,2
21,Stewart Cink,50.00,1,2
21,Bryson DeChambeau,50.00,1,2
21,Lanto Griffin,50.00,1,2
21,Billy Horschel,50.00,1,2
21,Mackenzie Hughes,50.00,1,2
21,Sungjae Im,50.00,1,2
21,Collin Morikawa,50.00,1,2
21,Scottie Scheffler,50.00,1,2
21,Cameron Smith,50.00,1,2
31,Hideki Matsuyama,33.33,1,3
31,Sebastián Muñoz,33.33,1,3
31,Patrick Reed,33.33,1,3
34,Carlos Ortiz,25.00,1,4
35,Joaquin Niemann,.00,0,1
35,Ryan Palmer,.00,0,1
35,Justin Thomas,.00,0,1
