rank,player,%,Successes,Attempts
1,Daniel Berger,100.00,2,2
1,Dustin Johnson,100.00,1,1
1,Marc Leishman,100.00,7,7
1,Justin Thomas,100.00,2,2
1,Brendon Todd,100.00,5,5
6,Mackenzie Hughes,87.50,7,8
7,Sergio Garcia,85.71,6,7
7,Billy Horschel,85.71,6,7
9,Abraham Ancer,83.33,5,6
9,Michael Thompson,83.33,5,6
9,Richy Werenski,83.33,5,6
12,Stewart Cink,80.00,4,5
12,Tony Finau,80.00,4,5
14,Cameron Champ,75.00,6,8
14,Bryson DeChambeau,75.00,3,4
14,Viktor Hovland,75.00,6,8
14,Kevin Kisner,75.00,6,8
14,Martin Laird,75.00,6,8
14,Sebastián Muñoz,75.00,6,8
14,Jon Rahm,75.00,3,4
21,Patrick Reed,72.73,8,11
21,Nick Taylor,72.73,8,11
23,Patrick Cantlay,71.43,5,7
23,Kevin Na,71.43,5,7
23,Xander Schauffele,71.43,5,7
26,Sungjae Im,66.67,2,3
26,Jason Kokrak,66.67,6,9
26,Collin Morikawa,66.67,2,3
26,Scottie Scheffler,66.67,4,6
30,Webb Simpson,62.50,5,8
31,Harris English,60.00,3,5
31,Brian Gay,60.00,3,5
31,Hideki Matsuyama,60.00,6,10
34,Ryan Palmer,57.14,4,7
34,Robert Streb,57.14,4,7
36,Lanto Griffin,55.56,5,9
36,Andrew Landry,55.56,5,9
38,Carlos Ortiz,50.00,2,4
38,Cameron Smith,50.00,3,6
38,Hudson Swafford,50.00,4,8
41,Joaquin Niemann,40.00,2,5
42,Adam Scott,.00,0,2
