rank,player,%,Successes,Attempts
1,Harris English,100.00,1,1
1,Sergio Garcia,100.00,2,2
1,Andrew Landry,100.00,4,4
1,Marc Leishman,100.00,2,2
1,Sebastián Muñoz,100.00,1,1
1,Joaquin Niemann,100.00,2,2
1,Adam Scott,100.00,1,1
1,Robert Streb,100.00,3,3
1,Justin Thomas,100.00,1,1
10,Brian Gay,80.00,4,5
10,Dustin Johnson,80.00,4,5
12,Bryson DeChambeau,75.00,3,4
12,Jon Rahm,75.00,3,4
12,Cameron Smith,75.00,3,4
12,Nick Taylor,75.00,3,4
16,Jason Kokrak,66.67,2,3
16,Michael Thompson,66.67,2,3
18,Lanto Griffin,50.00,1,2
18,Collin Morikawa,50.00,2,4
18,Ryan Palmer,50.00,1,2
18,Scottie Scheffler,50.00,2,4
18,Brendon Todd,50.00,1,2
23,Richy Werenski,40.00,2,5
24,Patrick Cantlay,33.33,1,3
24,Cameron Champ,33.33,1,3
24,Sungjae Im,33.33,2,6
24,Kevin Kisner,33.33,1,3
24,Carlos Ortiz,33.33,1,3
24,Xander Schauffele,33.33,1,3
30,Stewart Cink,25.00,1,4
31,Kevin Na,20.00,1,5
31,Hudson Swafford,20.00,1,5
33,Abraham Ancer,.00,0,3
33,Daniel Berger,.00,0,2
33,Tony Finau,.00,0,4
33,Billy Horschel,.00,0,1
33,Mackenzie Hughes,.00,0,3
33,Martin Laird,.00,0,1
33,Hideki Matsuyama,.00,0,3
33,Patrick Reed,.00,0,1
33,Webb Simpson,.00,0,1
