rank,player,%,# of Saves,# of Bunkers
1,Patrick Cantlay,100.00,1,1
1,Brian Gay,100.00,2,2
1,Lanto Griffin,100.00,1,1
1,Sebastián Muñoz,100.00,1,1
1,Jon Rahm,100.00,3,3
1,Cameron Smith,100.00,1,1
7,Sungjae Im,50.00,1,2
7,Collin Morikawa,50.00,1,2
7,Kevin Na,50.00,1,2
10,Carlos Ortiz,33.33,1,3
11,Cameron Champ,.00,0,1
11,Stewart Cink,.00,0,1
11,Harris English,.00,0,2
11,Tony Finau,.00,0,1
11,Mackenzie Hughes,.00,0,1
11,Martin Laird,.00,0,1
11,Andrew Landry,.00,0,1
11,Xander Schauffele,.00,0,1
11,Webb Simpson,.00,0,1
