rank,player,%,Successes,Attempts
1,Daniel Berger,100.00,1,1
1,Bryson DeChambeau,100.00,4,4
1,Sungjae Im,100.00,1,1
1,Richy Werenski,100.00,1,1
5,Martin Laird,87.50,7,8
6,Patrick Cantlay,85.71,6,7
7,Carlos Ortiz,83.33,5,6
8,Nick Taylor,81.82,9,11
9,Billy Horschel,80.00,4,5
9,Marc Leishman,80.00,4,5
9,Jon Rahm,80.00,4,5
12,Brendon Todd,77.78,7,9
13,Cameron Smith,76.92,10,13
14,Harris English,75.00,3,4
15,Sergio Garcia,71.43,5,7
15,Joaquin Niemann,71.43,5,7
17,Kevin Kisner,70.00,7,10
18,Abraham Ancer,66.67,4,6
18,Tony Finau,66.67,4,6
18,Hideki Matsuyama,66.67,6,9
18,Collin Morikawa,66.67,2,3
18,Sebastián Muñoz,66.67,4,6
18,Patrick Reed,66.67,4,6
24,Scottie Scheffler,60.00,3,5
24,Justin Thomas,60.00,3,5
24,Michael Thompson,60.00,6,10
27,Xander Schauffele,57.14,4,7
27,Webb Simpson,57.14,4,7
27,Robert Streb,57.14,4,7
30,Stewart Cink,55.56,5,9
30,Mackenzie Hughes,55.56,5,9
30,Andrew Landry,55.56,5,9
30,Hudson Swafford,55.56,5,9
34,Brian Gay,50.00,3,6
34,Viktor Hovland,50.00,2,4
36,Jason Kokrak,42.86,3,7
37,Dustin Johnson,40.00,2,5
38,Kevin Na,37.50,3,8
39,Cameron Champ,33.33,1,3
39,Lanto Griffin,33.33,1,3
39,Ryan Palmer,33.33,1,3
39,Adam Scott,33.33,1,3
