rank,player,%,Successes,Attempts
1,Sangmoon Bae,100.00,1,1
1,Billy Horschel,100.00,2,2
1,Hideki Matsuyama,100.00,3,3
1,Camilo Villegas,100.00,5,5
5,Steven Bowditch,87.50,7,8
6,Ben Crane,85.71,6,7
7,Patrick Reed,80.00,4,5
7,Jimmy Walker,80.00,4,5
9,Matt Kuchar,77.78,7,9
10,Bubba Watson,75.00,6,8
11,Matt Every,70.00,7,10
12,Zach Johnson,66.67,6,9
12,Matt Jones,66.67,2,3
12,Chris Kirk,66.67,4,6
12,Robert Streb,66.67,4,6
16,Chesson Hadley,62.50,5,8
16,Brian Harman,62.50,5,8
18,Russell Henley,60.00,3,5
18,Charley Hoffman,60.00,3,5
18,Nick Taylor,60.00,6,10
21,Hunter Mahan,57.14,4,7
22,Kevin Streelman,55.56,5,9
23,Jason Day,50.00,2,4
23,Ben Martin,50.00,3,6
23,S.Y. Noh,50.00,4,8
23,Brendon Todd,50.00,3,6
27,Geoff Ogilvy,42.86,3,7
28,Tim Clark,40.00,2,5
29,Ángel Cabrera,37.50,3,8
29,J.B. Holmes,37.50,3,8
29,John Senden,37.50,3,8
32,Ryan Moore,33.33,2,6
32,Scott Stallings,33.33,3,9
