rank,player,%,Successes,Attempts
1,Sangmoon Bae,100.00,2,2
1,Billy Horschel,100.00,2,2
1,Jimmy Walker,100.00,1,1
1,Bubba Watson,100.00,2,2
5,Brian Harman,80.00,4,5
5,Zach Johnson,80.00,4,5
7,Matt Kuchar,75.00,3,4
7,Nick Taylor,75.00,3,4
7,Brendon Todd,75.00,3,4
10,Patrick Reed,66.67,2,3
11,Tim Clark,50.00,1,2
11,Jason Day,50.00,1,2
11,Russell Henley,50.00,2,4
11,Hunter Mahan,50.00,1,2
11,Hideki Matsuyama,50.00,1,2
16,Steven Bowditch,33.33,2,6
16,Ben Crane,33.33,2,6
16,Matt Jones,33.33,1,3
16,Ben Martin,33.33,1,3
16,Robert Streb,33.33,1,3
16,Camilo Villegas,33.33,1,3
22,J.B. Holmes,25.00,1,4
22,Ryan Moore,25.00,1,4
22,Geoff Ogilvy,25.00,1,4
22,John Senden,25.00,1,4
26,Ángel Cabrera,16.67,1,6
26,Matt Every,16.67,1,6
26,Chesson Hadley,16.67,1,6
29,Chris Kirk,.00,0,5
29,S.Y. Noh,.00,0,1
29,Scott Stallings,.00,0,6
29,Kevin Streelman,.00,0,1
