rank,player,%,Par or Better,Missed GIR
1,Billy Horschel,90.00,9,10
2,Patrick Reed,85.71,12,14
3,Hideki Matsuyama,80.00,8,10
3,Jimmy Walker,80.00,8,10
5,Hunter Mahan,72.73,8,11
6,Sangmoon Bae,71.43,5,7
7,Matt Kuchar,70.59,12,17
8,Brendon Todd,69.23,9,13
9,Steven Bowditch,68.75,11,16
9,Ryan Moore,68.75,11,16
11,Bubba Watson,68.42,13,19
12,Brian Harman,66.67,12,18
12,Robert Streb,66.67,8,12
12,Nick Taylor,66.67,14,21
15,Camilo Villegas,64.71,11,17
16,Zach Johnson,64.29,9,14
17,Ben Crane,60.00,12,20
17,Matt Every,60.00,12,20
17,Kevin Streelman,60.00,9,15
20,Chris Kirk,58.82,10,17
21,Charley Hoffman,58.33,7,12
21,Ben Martin,58.33,7,12
23,Russell Henley,54.55,6,11
24,Matt Jones,53.85,7,13
25,John Senden,53.33,8,15
26,Ángel Cabrera,52.63,10,19
27,Jason Day,50.00,4,8
27,S.Y. Noh,50.00,7,14
29,Chesson Hadley,46.15,6,13
29,Geoff Ogilvy,46.15,6,13
31,Tim Clark,42.86,6,14
32,J.B. Holmes,41.18,7,17
33,Scott Stallings,35.71,5,14
