rank,player,%,# Saves,# Bunkers,Total O/U Par
1,Brian Harman,100.00,3,3,-1.00
1,Ryan Moore,100.00,3,3,E
1,Geoff Ogilvy,100.00,1,1,-1.00
1,John Senden,100.00,2,2,E
1,Jimmy Walker,100.00,1,1,-1.00
6,Matt Every,80.00,4,5,-2.00
7,Tim Clark,75.00,3,4,E
7,Ben Martin,75.00,3,4,-2.00
7,Robert Streb,75.00,3,4,-2.00
7,Nick Taylor,75.00,3,4,-2.00
7,Camilo Villegas,75.00,3,4,-1.00
12,Steven Bowditch,66.67,2,3,-1.00
12,Charley Hoffman,66.67,2,3,E
12,Chris Kirk,66.67,2,3,+1.00
12,Hideki Matsuyama,66.67,2,3,+1.00
16,Ben Crane,60.00,3,5,+1.00
16,S.Y. Noh,60.00,3,5,+3.00
18,Ángel Cabrera,50.00,2,4,+1.00
18,Matt Jones,50.00,1,2,+1.00
18,Kevin Streelman,50.00,1,2,E
21,Scott Stallings,40.00,2,5,-1.00
22,Zach Johnson,33.33,1,3,+1.00
22,Hunter Mahan,33.33,1,3,-1.00
24,Billy Horschel,25.00,1,4,E
25,Chesson Hadley,20.00,1,5,+3.00
25,J.B. Holmes,20.00,1,5,+3.00
25,Bubba Watson,20.00,1,5,+3.00
28,Sangmoon Bae,.00,0,1,E
28,Jason Day,.00,0,1,+1.00
28,Russell Henley,.00,0,1,E
28,Matt Kuchar,.00,0,3,+2.00
