rank,player,Avg,Total Dist after GFG Shot,Total GFG Shots
1,Ryosuke Kinoshita,11.6,"2,503.000",6
2,Lanto Griffin,12.6,"3,171.000",7
2,Cameron Smith,12.6,"3,183.000",7
4,Kevin Kisner,13.2,"1,901.000",4
5,Hideki Matsuyama,13.3,"3,831.000",8
6,Mike Weir,13.4,"3,867.000",8
7,Brice Garnett,13.5,"3,895.000",8
8,Jim Herman,13.6,"3,430.000",7
9,Jerry Kelly,14.2,"3,576.000",7
10,Brian Stuard,14.3,"3,606.000",7
11,Jamie Lovemark,14.7,"4,766.000",9
12,Kevin Na,14.8,"4,783.000",9
13,K.J. Choi,15.2,"3,283.000",6
14,Cam Davis,15.5,"6,712.000",12
15,Patton Kizzire,15.7,"4,519.000",8
16,Chez Reavie,15.8,"3,409.000",6
17,Russell Henley,16.0,"5,178.000",9
17,Peter Malnati,16.0,"4,043.000",7
19,Satoshi Kodaira,16.4,"3,549.000",6
20,Vaughn Taylor,16.7,"4,798.000",8
21,Daniel Berger,16.8,"6,051.000",10
22,Hudson Swafford,17.1,"3,698.000",6
23,Nick Hardy,17.3,"6,219.000",10
24,Ryan Armour,17.5,"3,771.000",6
24,Martin Trainer,17.5,"5,052.000",8
26,Harry Higgs,17.6,"4,431.000",7
26,Joaquin Niemann,17.6,"6,340.000",10
28,Pat Perez,18.0,"3,888.000",6
29,Sepp Straka,18.1,"5,208.000",8
30,Aaron Baddeley,18.2,"4,581.000",7
30,Brian Gay,18.2,"3,269.000",5
32,Adam Scott,18.8,"6,760.000",10
33,Emiliano Grillo,18.9,"4,775.000",7
34,Harris English,19.2,"5,535.000",8
34,Chris Kirk,19.2,"6,910.000",10
36,Wesley Bryan,19.3,"4,860.000",7
36,Jim Furyk,19.3,"5,553.000",8
36,Matt Jones,19.3,"4,858.000",7
39,Stewart Cink,19.7,"4,975.000",7
39,Keith Mitchell,19.7,"7,074.000",10
41,Charley Hoffman,19.8,"6,430.000",9
41,Robby Shelton,19.8,"5,693.000",8
43,Marc Leishman,20.3,"7,322.000",10
44,Mark Hubbard,20.4,"5,863.000",8
44,Sungjae Im,20.4,"5,887.000",8
46,Michael Kim,20.5,"5,177.000",7
47,Chris Baker,20.6,"7,404.000",10
48,Kramer Hickok,20.8,"7,476.000",10
48,Robert Streb,20.8,"5,233.000",7
50,Carlos Ortiz,21.0,"7,549.000",10
51,Nick Taylor,21.2,"6,117.000",8
51,Brendon Todd,21.2,"4,583.000",6
53,Jason Kokrak,21.3,"6,124.000",8
54,Scott Brown,21.4,"7,700.000",10
55,James Hahn,21.6,"5,446.000",7
56,Brian Harman,22.0,"4,751.000",6
56,Ryan Palmer,22.0,"8,725.000",11
58,Anirban Lahiri,22.1,"6,364.000",8
59,Austin Cook,22.3,"5,632.000",7
60,Collin Morikawa,22.4,"6,446.000",8
61,Nelson Ledesma,22.5,"6,493.000",8
62,Charles Howell III,22.7,"5,718.000",7
63,Si Woo Kim,23.1,"6,641.000",8
64,Zach Johnson,23.3,"7,553.000",9
64,Webb Simpson,23.3,"6,722.000",8
66,Brendan Steele,23.4,"7,586.000",9
67,Troy Merritt,24.5,"6,173.000",7
68,Michael Thompson,25.6,"6,450.000",7
69,Sergio Garcia,26.2,"11,330.000",12
70,Mackenzie Hughes,26.4,"9,520.000",10
71,Sebastián Muñoz,27.1,"8,776.000",9
72,K.H. Lee,27.2,"9,778.000",10
73,Billy Horschel,28.3,"8,164.000",8
