rank,player,Avg,Distance (in inches),Attempts
1,Patton Kizzire,191.4,"55,113.000",8
2,Emiliano Grillo,201.9,"50,876.000",7
3,Kevin Kisner,209.4,"30,155.000",4
4,Troy Merritt,214.6,"54,074.000",7
5,Brice Garnett,215.5,"62,053.000",8
6,Ryosuke Kinoshita,216.4,"46,747.000",6
7,Satoshi Kodaira,216.8,"46,823.000",6
8,Jamie Lovemark,217.1,"70,341.000",9
9,Brian Gay,219.0,"39,415.000",5
10,K.J. Choi,220.9,"47,709.000",6
11,Lanto Griffin,221.0,"55,697.000",7
11,Jerry Kelly,221.0,"55,704.000",7
13,Harry Higgs,222.6,"56,085.000",7
13,Chez Reavie,222.6,"48,071.000",6
15,Jim Herman,223.5,"56,333.000",7
16,Brian Harman,223.8,"48,340.000",6
16,Vaughn Taylor,223.8,"64,450.000",8
18,Robert Streb,224.1,"56,465.000",7
19,Charley Hoffman,224.3,"72,664.000",9
20,Mike Weir,225.5,"64,954.000",8
21,Cameron Smith,226.1,"56,989.000",7
22,Michael Kim,227.0,"57,195.000",7
23,Collin Morikawa,229.7,"66,141.000",8
24,Wesley Bryan,229.9,"57,939.000",7
25,Austin Cook,230.2,"58,010.000",7
25,Sungjae Im,230.2,"66,285.000",8
27,Ryan Armour,230.8,"49,851.000",6
28,Harris English,231.0,"66,522.000",8
29,Michael Thompson,231.4,"58,314.000",7
30,Peter Malnati,231.7,"58,383.000",7
31,Sepp Straka,232.4,"66,943.000",8
32,Brian Stuard,233.0,"58,722.000",7
33,Brendan Steele,233.6,"75,688.000",9
34,Brendon Todd,234.0,"50,542.000",6
35,Joaquin Niemann,234.8,"84,511.000",10
36,Hideki Matsuyama,235.1,"67,701.000",8
37,James Hahn,235.5,"59,350.000",7
38,Jim Furyk,235.8,"67,914.000",8
39,Stewart Cink,236.4,"59,579.000",7
39,Robby Shelton,236.4,"68,092.000",8
41,Russell Henley,236.7,"76,705.000",9
42,Kevin Na,236.8,"76,724.000",9
43,Aaron Baddeley,237.1,"59,752.000",7
44,Nick Hardy,239.8,"86,338.000",10
45,Jason Kokrak,240.3,"69,202.000",8
46,Si Woo Kim,241.2,"69,469.000",8
47,Cam Davis,241.9,"104,490.000",12
48,Adam Scott,242.2,"87,193.000",10
49,Daniel Berger,242.5,"87,317.000",10
50,Charles Howell III,242.6,"61,140.000",7
51,Chris Kirk,242.8,"87,398.000",10
52,Chris Baker,243.0,"87,496.000",10
53,Webb Simpson,243.5,"70,134.000",8
54,Anirban Lahiri,243.9,"70,251.000",8
55,Ryan Palmer,246.1,"97,444.000",11
56,Hudson Swafford,246.3,"53,194.000",6
57,Scott Brown,247.6,"89,121.000",10
57,Carlos Ortiz,247.6,"89,147.000",10
59,Pat Perez,248.2,"53,607.000",6
60,Marc Leishman,248.4,"89,420.000",10
61,Keith Mitchell,250.2,"90,062.000",10
62,Mark Hubbard,250.8,"72,236.000",8
63,Mackenzie Hughes,251.4,"90,515.000",10
64,Billy Horschel,253.1,"72,889.000",8
65,Zach Johnson,254.4,"82,429.000",9
66,Matt Jones,255.4,"64,357.000",7
67,Nick Taylor,258.8,"74,536.000",8
68,Kramer Hickok,260.2,"93,683.000",10
69,Sebastián Muñoz,262.7,"85,126.000",9
70,Sergio Garcia,263.2,"113,720.000",12
70,Martin Trainer,263.2,"75,812.000",8
72,Nelson Ledesma,263.8,"75,967.000",8
73,K.H. Lee,264.7,"95,290.000",10
