rank,player,%,Attempts,RTP-Going for the green,RTP-Not going for the grn
1,Cam Davis,100.00,11,-10,E
1,Ryan Palmer,100.00,11,-8,E
3,Chris Baker,90.91,10,-7,E
3,Daniel Berger,90.91,10,-8,E
3,Scott Brown,90.91,10,-7,E
3,Sergio Garcia,90.91,10,-7,E
3,Nick Hardy,90.91,10,-9,E
3,Kramer Hickok,90.91,10,-9,E
3,Mackenzie Hughes,90.91,10,-6,-1
3,Chris Kirk,90.91,10,-10,E
3,Marc Leishman,90.91,10,-7,E
3,Keith Mitchell,90.91,10,-7,E
3,Joaquin Niemann,90.91,10,-9,E
3,Carlos Ortiz,90.91,10,-9,-1
3,Adam Scott,90.91,10,-8,E
16,Russell Henley,81.82,9,-9,+1
16,Charley Hoffman,81.82,9,-7,E
16,Zach Johnson,81.82,9,-3,+1
16,K.H. Lee,81.82,9,-11,E
16,Jamie Lovemark,81.82,9,-6,E
16,Sebastián Muñoz,81.82,9,-4,-1
16,Kevin Na,81.82,9,-9,E
16,Brendan Steele,81.82,9,-6,-2
24,Harris English,72.73,8,-4,-1
24,Jim Furyk,72.73,8,-7,-2
24,Brice Garnett,72.73,8,-7,E
24,Billy Horschel,72.73,8,-5,-1
24,Mark Hubbard,72.73,8,-8,-2
24,Sungjae Im,72.73,8,-6,+1
24,Si Woo Kim,72.73,8,-8,-1
24,Patton Kizzire,72.73,8,-10,-2
24,Jason Kokrak,72.73,8,-6,+1
24,Anirban Lahiri,72.73,8,-6,+1
24,Hideki Matsuyama,72.73,8,-10,-1
24,Collin Morikawa,72.73,8,-6,+1
24,Robby Shelton,72.73,8,-7,E
24,Webb Simpson,72.73,8,-6,-2
24,Sepp Straka,72.73,8,-6,-2
24,Nick Taylor,72.73,8,-6,-3
24,Vaughn Taylor,72.73,8,-9,-1
24,Martin Trainer,72.73,8,-7,+2
24,Mike Weir,72.73,8,-6,-1
43,Aaron Baddeley,63.64,7,-5,-1
43,Wesley Bryan,63.64,7,-6,-2
43,Stewart Cink,63.64,7,-6,-1
43,Austin Cook,63.64,7,-6,-2
43,Lanto Griffin,63.64,7,-7,-2
43,Emiliano Grillo,63.64,7,-3,E
43,James Hahn,63.64,7,-3,-2
43,Jim Herman,63.64,7,-7,-2
43,Harry Higgs,63.64,7,-5,E
43,Charles Howell III,63.64,7,-3,-2
43,Matt Jones,63.64,7,-5,-1
43,Jerry Kelly,63.64,7,-6,+1
43,Michael Kim,63.64,7,-7,-1
43,Nelson Ledesma,63.64,7,-8,E
43,Peter Malnati,63.64,7,-5,-3
43,Troy Merritt,63.64,7,-3,E
43,Cameron Smith,63.64,7,-7,E
43,Robert Streb,63.64,7,-5,-1
43,Brian Stuard,63.64,7,-4,-2
43,Michael Thompson,63.64,7,-4,E
63,Ryan Armour,54.55,6,-6,-3
63,K.J. Choi,54.55,6,-4,-1
63,Brian Harman,54.55,6,-4,-4
63,Ryosuke Kinoshita,54.55,6,-5,-1
63,Satoshi Kodaira,54.55,6,-5,-2
63,Pat Perez,54.55,6,-4,-1
63,Chez Reavie,54.55,6,-6,-2
63,Hudson Swafford,54.55,6,-5,-1
63,Brendon Todd,54.55,6,-4,-1
72,Brian Gay,45.45,5,-4,E
73,Kevin Kisner,36.36,4,-4,+2
