rank,player,%,# of Birdie or Better,Attempts,RTP-Successes,RTP-Not going for the grn
1,Lanto Griffin,100.00,7,7,-7,-2.00
1,Patton Kizzire,100.00,8,8,-10,-2.00
1,K.H. Lee,100.00,10,10,-11,E
1,Chez Reavie,100.00,6,6,-6,-2.00
5,Nick Hardy,90.00,9,10,-9,E
6,Russell Henley,88.89,8,9,-9,+1.00
6,Kevin Na,88.89,8,9,-9,E
8,Jim Furyk,87.50,7,8,-7,-2.00
8,Mark Hubbard,87.50,7,8,-8,-2.00
8,Si Woo Kim,87.50,7,8,-8,-1.00
8,Hideki Matsuyama,87.50,7,8,-10,-1.00
8,Vaughn Taylor,87.50,7,8,-9,-1.00
13,Wesley Bryan,85.71,6,7,-6,-2.00
13,Stewart Cink,85.71,6,7,-6,-1.00
13,Austin Cook,85.71,6,7,-6,-2.00
13,Jim Herman,85.71,6,7,-7,-2.00
13,Jerry Kelly,85.71,6,7,-6,+1.00
13,Michael Kim,85.71,6,7,-7,-1.00
13,Cameron Smith,85.71,6,7,-7,E
20,Ryan Armour,83.33,5,6,-6,-3.00
20,Cam Davis,83.33,10,12,-10,E
20,Satoshi Kodaira,83.33,5,6,-5,-2.00
20,Pat Perez,83.33,5,6,-5,-1.00
20,Hudson Swafford,83.33,5,6,-5,-1.00
25,Daniel Berger,80.00,8,10,-8,E
25,Kramer Hickok,80.00,8,10,-9,E
25,Chris Kirk,80.00,8,10,-10,E
28,Jamie Lovemark,77.78,7,9,-7,E
29,Brice Garnett,75.00,6,8,-7,E
29,Sungjae Im,75.00,6,8,-6,+1.00
29,Kevin Kisner,75.00,3,4,-4,+2.00
29,Jason Kokrak,75.00,6,8,-6,+1.00
29,Anirban Lahiri,75.00,6,8,-6,+1.00
29,Nelson Ledesma,75.00,6,8,-8,E
29,Collin Morikawa,75.00,6,8,-6,+1.00
29,Robby Shelton,75.00,6,8,-7,E
29,Martin Trainer,75.00,6,8,-7,+2.00
29,Mike Weir,75.00,6,8,-6,-1.00
39,Aaron Baddeley,71.43,5,7,-5,-1.00
39,Harry Higgs,71.43,5,7,-5,E
39,Peter Malnati,71.43,5,7,-5,-3.00
39,Robert Streb,71.43,5,7,-5,-1.00
39,Brian Stuard,71.43,5,7,-5,-2.00
44,Chris Baker,70.00,7,10,-7,E
44,Marc Leishman,70.00,7,10,-7,E
44,Keith Mitchell,70.00,7,10,-7,E
44,Joaquin Niemann,70.00,7,10,-9,E
44,Adam Scott,70.00,7,10,-8,E
49,K.J. Choi,66.67,4,6,-4,-1.00
49,Sergio Garcia,66.67,8,12,-8,E
49,Brian Harman,66.67,4,6,-4,-4.00
49,Charley Hoffman,66.67,6,9,-7,E
49,Ryosuke Kinoshita,66.67,4,6,-5,-1.00
49,Brendan Steele,66.67,6,9,-7,-2.00
55,Ryan Palmer,63.64,7,11,-8,E
56,Webb Simpson,62.50,5,8,-6,-2.00
56,Sepp Straka,62.50,5,8,-6,-2.00
56,Nick Taylor,62.50,5,8,-6,-3.00
59,Scott Brown,60.00,6,10,-7,E
59,Brian Gay,60.00,3,5,-4,E
59,Carlos Ortiz,60.00,6,10,-9,-1.00
62,Matt Jones,57.14,4,7,-5,-1.00
62,Michael Thompson,57.14,4,7,-4,E
64,Harris English,50.00,4,8,-4,-1.00
64,Billy Horschel,50.00,4,8,-5,-1.00
64,Mackenzie Hughes,50.00,5,10,-6,-1.00
64,Brendon Todd,50.00,3,6,-4,-1.00
68,Zach Johnson,44.44,4,9,-5,+1.00
68,Sebastián Muñoz,44.44,4,9,-4,-1.00
70,Emiliano Grillo,42.86,3,7,-3,E
70,James Hahn,42.86,3,7,-3,-2.00
70,Charles Howell III,42.86,3,7,-3,-2.00
70,Troy Merritt,42.86,3,7,-3,E
