rank,player,%,Attempts
1,Chris Baker,100.00,8
1,Daniel Berger,100.00,8
1,Cam Davis,100.00,8
1,Jim Furyk,100.00,8
1,Sergio Garcia,100.00,8
1,Brice Garnett,100.00,8
1,Nick Hardy,100.00,8
1,Russell Henley,100.00,8
1,Mark Hubbard,100.00,8
1,Mackenzie Hughes,100.00,8
1,Chris Kirk,100.00,8
1,Patton Kizzire,100.00,8
1,Jamie Lovemark,100.00,8
1,Kevin Na,100.00,8
1,Joaquin Niemann,100.00,8
1,Ryan Palmer,100.00,8
1,Vaughn Taylor,100.00,8
1,Mike Weir,100.00,8
19,Aaron Baddeley,87.50,7
19,Scott Brown,87.50,7
19,Austin Cook,87.50,7
19,Harris English,87.50,7
19,Emiliano Grillo,87.50,7
19,Jim Herman,87.50,7
19,Kramer Hickok,87.50,7
19,Harry Higgs,87.50,7
19,Charley Hoffman,87.50,7
19,Sungjae Im,87.50,7
19,Zach Johnson,87.50,7
19,Jerry Kelly,87.50,7
19,Michael Kim,87.50,7
19,Si Woo Kim,87.50,7
19,Jason Kokrak,87.50,7
19,K.H. Lee,87.50,7
19,Marc Leishman,87.50,7
19,Hideki Matsuyama,87.50,7
19,Troy Merritt,87.50,7
19,Keith Mitchell,87.50,7
19,Collin Morikawa,87.50,7
19,Sebastián Muñoz,87.50,7
19,Carlos Ortiz,87.50,7
19,Adam Scott,87.50,7
19,Brendan Steele,87.50,7
19,Sepp Straka,87.50,7
19,Brian Stuard,87.50,7
19,Michael Thompson,87.50,7
47,Ryan Armour,75.00,6
47,Wesley Bryan,75.00,6
47,K.J. Choi,75.00,6
47,Stewart Cink,75.00,6
47,Lanto Griffin,75.00,6
47,James Hahn,75.00,6
47,Brian Harman,75.00,6
47,Billy Horschel,75.00,6
47,Ryosuke Kinoshita,75.00,6
47,Satoshi Kodaira,75.00,6
47,Anirban Lahiri,75.00,6
47,Nelson Ledesma,75.00,6
47,Peter Malnati,75.00,6
47,Chez Reavie,75.00,6
47,Robby Shelton,75.00,6
47,Webb Simpson,75.00,6
47,Robert Streb,75.00,6
47,Nick Taylor,75.00,6
47,Brendon Todd,75.00,6
66,Brian Gay,62.50,5
66,Charles Howell III,62.50,5
66,Matt Jones,62.50,5
66,Pat Perez,62.50,5
66,Cameron Smith,62.50,5
66,Hudson Swafford,62.50,5
66,Martin Trainer,62.50,5
73,Kevin Kisner,50.00,4
