rank,player,%,Successes,Attempts,RTP-Successes,RTP-Not going for the grn
1,Kevin Kisner,75.00,3,4,-4,+2.00
2,Jim Herman,71.43,5,7,-5,-2.00
2,Harry Higgs,71.43,5,7,-5,E
2,Cameron Smith,71.43,5,7,-5,E
5,Ryosuke Kinoshita,66.67,4,6,-5,-1.00
5,Satoshi Kodaira,66.67,4,6,-4,-2.00
5,Hudson Swafford,66.67,4,6,-4,-1.00
8,Brice Garnett,62.50,5,8,-6,E
8,Patton Kizzire,62.50,5,8,-5,-2.00
10,Brian Gay,60.00,3,5,-3,E
10,Nick Hardy,60.00,6,10,-5,E
12,Cam Davis,58.33,7,12,-6,E
13,Lanto Griffin,57.14,4,7,-4,-2.00
13,Jerry Kelly,57.14,4,7,-3,+1.00
15,Russell Henley,55.56,5,9,-4,+1.00
16,Daniel Berger,50.00,5,10,-5,E
16,K.J. Choi,50.00,3,6,-3,-1.00
16,Chris Kirk,50.00,5,10,-6,E
16,Jason Kokrak,50.00,4,8,-4,+1.00
16,Webb Simpson,50.00,4,8,-5,-2.00
16,Vaughn Taylor,50.00,4,8,-6,-1.00
16,Martin Trainer,50.00,4,8,-4,+2.00
16,Mike Weir,50.00,4,8,-4,-1.00
24,Jamie Lovemark,44.44,4,9,-4,E
24,Brendan Steele,44.44,4,9,-5,-2.00
26,Stewart Cink,42.86,3,7,-3,-1.00
26,Emiliano Grillo,42.86,3,7,-3,E
26,James Hahn,42.86,3,7,-2,-2.00
26,Matt Jones,42.86,3,7,-4,-1.00
26,Peter Malnati,42.86,3,7,-3,-3.00
26,Brian Stuard,42.86,3,7,-3,-2.00
32,Chris Baker,40.00,4,10,-4,E
32,Kramer Hickok,40.00,4,10,-5,E
32,Keith Mitchell,40.00,4,10,-4,E
32,Joaquin Niemann,40.00,4,10,-5,E
32,Adam Scott,40.00,4,10,-5,E
37,Mark Hubbard,37.50,3,8,-3,-2.00
37,Sungjae Im,37.50,3,8,-3,+1.00
37,Nelson Ledesma,37.50,3,8,-5,E
37,Hideki Matsuyama,37.50,3,8,-6,-1.00
37,Robby Shelton,37.50,3,8,-3,E
42,Ryan Armour,33.33,2,6,-3,-3.00
42,Kevin Na,33.33,3,9,-4,E
42,Pat Perez,33.33,2,6,-2,-1.00
42,Brendon Todd,33.33,2,6,-3,-1.00
46,Scott Brown,30.00,3,10,-4,E
46,Marc Leishman,30.00,3,10,-3,E
46,Carlos Ortiz,30.00,3,10,-5,-1.00
49,Wesley Bryan,28.57,2,7,-2,-2.00
49,Charles Howell III,28.57,2,7,-2,-2.00
49,Michael Kim,28.57,2,7,-3,-1.00
52,Ryan Palmer,27.27,3,11,-4,E
53,Harris English,25.00,2,8,-2,-1.00
53,Jim Furyk,25.00,2,8,-2,-2.00
53,Sergio Garcia,25.00,3,12,-3,E
53,Billy Horschel,25.00,2,8,-3,-1.00
53,Si Woo Kim,25.00,2,8,-3,-1.00
53,Collin Morikawa,25.00,2,8,-2,+1.00
53,Sepp Straka,25.00,2,8,-3,-2.00
53,Nick Taylor,25.00,2,8,-2,-3.00
61,Zach Johnson,22.22,2,9,-3,+1.00
61,Sebastián Muñoz,22.22,2,9,-2,-1.00
63,Mackenzie Hughes,20.00,2,10,-3,-1.00
64,Chez Reavie,16.67,1,6,-1,-2.00
65,Aaron Baddeley,14.29,1,7,-1,-1.00
65,Austin Cook,14.29,1,7,-1,-2.00
65,Troy Merritt,14.29,1,7,-1,E
65,Robert Streb,14.29,1,7,-1,-1.00
69,Anirban Lahiri,12.50,1,8,-1,+1.00
70,Charley Hoffman,11.11,1,9,-1,E
71,K.H. Lee,10.00,1,10,-2,E
72,Brian Harman,.00,0,6,E,-4.00
72,Michael Thompson,.00,0,7,E,E
