rank,player,Avg,Total SG:APP,Measured Rounds
1,Dustin Johnson,1.819,5.457,3
2,Steve Stricker,1.604,4.813,3
3,Bill Haas,1.167,3.500,3
4,Brandt Snedeker,.994,2.981,3
5,Zach Johnson,.914,2.742,3
6,Keegan Bradley,.787,2.361,3
7,Rickie Fowler,.701,2.103,3
8,Matt Kuchar,.682,2.047,3
9,Webb Simpson,.668,2.003,3
10,Bubba Watson,.606,1.817,3
11,Nick Watney,.562,1.687,3
12,John Huh,.066,.198,3
13,Johnson Wagner,.063,.190,3
14,George McNeill,-.048,-.142,3
14,Mark Wilson,-.048,-.142,3
16,Marc Leishman,-.133,-.399,3
17,Charlie Beljan,-.194,-.581,3
18,Carl Pettersson,-.226,-.677,3
19,Tommy Gainey,-.291,-.873,3
20,Jonas Blixt,-.379,-1.136,3
21,Ben Curtis,-.422,-1.265,3
22,Scott Piercy,-.474,-1.422,3
23,J.J. Henry,-.501,-1.501,3
24,Scott Stallings,-.551,-1.651,3
25,Kyle Stanley,-.553,-1.657,3
26,Hunter Mahan,-.659,-1.975,3
27,"Ted Potter, Jr.",-.910,-2.728,3
28,Jason Dufner,-1.375,-4.124,3
29,Ryan Moore,-1.518,-4.553,3
30,Ian Poulter,-2.357,-7.069,3
