rank,player,Avg,Total SG:Putting,Measured Rounds
1,Ian Poulter,2.113,6.337,3
2,J.J. Henry,1.585,4.753,3
3,Tommy Gainey,1.486,4.456,3
4,Mark Wilson,1.044,3.130,3
5,Brandt Snedeker,.970,2.910,3
6,Dustin Johnson,.948,2.843,3
7,Matt Kuchar,.897,2.691,3
8,Keegan Bradley,.813,2.439,3
9,Hunter Mahan,.611,1.831,3
10,Nick Watney,.572,1.714,3
11,Rickie Fowler,.509,1.525,3
12,Jason Dufner,.455,1.363,3
13,Webb Simpson,.356,1.068,3
14,Scott Stallings,.347,1.039,3
15,Steve Stricker,.274,.822,3
16,"Ted Potter, Jr.",.213,.639,3
17,Carl Pettersson,.196,.586,3
18,Bubba Watson,.179,.537,3
19,Johnson Wagner,.120,.358,3
20,Zach Johnson,-.338,-1.015,3
21,John Huh,-.479,-1.438,3
22,Jonas Blixt,-.548,-1.644,3
23,Ryan Moore,-.797,-2.392,3
24,Scott Piercy,-.986,-2.959,3
25,Marc Leishman,-.991,-2.974,3
26,Ben Curtis,-1.108,-3.324,3
27,Charlie Beljan,-1.400,-4.200,3
28,George McNeill,-1.535,-4.604,3
29,Bill Haas,-2.730,-8.189,3
30,Kyle Stanley,-2.770,-8.310,3
