rank,player,Avg,Total SG:ARG,Measured Rounds
1,Dustin Johnson,1.547,4.640,3
2,Ben Curtis,1.070,3.210,3
3,Steve Stricker,1.032,3.095,3
4,Scott Piercy,.711,2.133,3
5,Carl Pettersson,.700,2.100,3
6,Ian Poulter,.443,1.328,3
7,Brandt Snedeker,.399,1.197,3
8,Rickie Fowler,.348,1.044,3
9,Keegan Bradley,.329,.985,3
10,Jonas Blixt,.291,.874,3
11,Marc Leishman,.227,.681,3
12,Bubba Watson,.107,.322,3
13,Jason Dufner,.013,.039,3
14,Bill Haas,-.006,-.019,3
15,Charlie Beljan,-.072,-.216,3
16,John Huh,-.084,-.251,3
17,Matt Kuchar,-.122,-.364,3
18,Scott Stallings,-.125,-.375,3
19,Ryan Moore,-.169,-.508,3
20,Webb Simpson,-.232,-.697,3
21,Johnson Wagner,-.304,-.912,3
22,Hunter Mahan,-.384,-1.151,3
23,George McNeill,-.500,-1.498,3
24,Tommy Gainey,-.581,-1.743,3
25,Nick Watney,-.599,-1.797,3
26,Mark Wilson,-.632,-1.896,3
27,Zach Johnson,-.662,-1.986,3
28,"Ted Potter, Jr.",-.699,-2.098,3
29,J.J. Henry,-.891,-2.672,3
30,Kyle Stanley,-1.154,-3.463,3
