rank,player,Avg,Total Distance (feet),# of Attempts,Relative to par
1,Stephan Jaeger,"18' 4""",55.000,3,-1
2,Scott Brown,"24' 10""",124.333,5,-2
3,Adam Svensson,"25' 1""",75.167,3,E
4,Rory Sabbatini,"26' 8""",159.917,6,-2
5,Tyler Duncan,"27' 0""",135.000,5,-4
6,Hideki Matsuyama,"29' 9""",89.250,3,-1
7,Fabián Gómez,"31' 5""",219.917,7,-4
8,J.T. Poston,"31' 11""",127.583,4,E
9,Wes Roach,"32' 7""",130.250,4,-2
10,Alex Prugh,"32' 9""",163.750,5,-3
11,Abraham Ancer,"32' 10""",328.167,10,-3
12,Y.E. Yang,"34' 1""",238.583,7,-3
13,Scott Piercy,"34' 3""",274.167,8,-3
14,Kyle Stanley,"34' 6""",241.417,7,-4
15,Emiliano Grillo,"35' 0""",140.000,4,-1
16,Joel Dahmen,"35' 2""",281.583,8,-4
17,Keith Mitchell,"35' 6""",106.500,3,+1
18,Jimmy Walker,"35' 7""",142.417,4,E
19,Russell Henley,"36' 3""",217.417,6,E
20,Adam Hadwin,"36' 5""",145.500,4,+2
21,Dominic Bozzelli,"36' 10""",184.167,5,E
22,Jim Herman,"36' 11""",258.667,7,+1
22,Davis Love III,"36' 11""",221.583,6,-2
24,Trey Mullinax,"37' 0""",148.000,4,E
25,Bryson DeChambeau,"37' 4""",149.417,4,E
25,Roger Sloan,"37' 4""",186.583,5,-1
27,Marc Leishman,"37' 7""",112.833,3,E
27,Cameron Smith,"37' 7""",188.083,5,E
29,Chase Wright,"38' 7""",231.250,6,-1
30,Brandon Harkins,"39' 7""",197.833,5,E
31,Dylan Frittelli,"40' 9""",244.583,6,-1
32,Patton Kizzire,"40' 10""",204.000,5,+1
33,Shugo Imahira,"41' 2""",246.917,6,-2
34,Danny Lee,"42' 2""",210.917,5,+3
35,Carlos Ortiz,"42' 3""",211.333,5,E
36,Sungjae Im,"42' 4""",169.250,4,-1
37,Jim Knous,"43' 1""",172.167,4,E
38,Scott Langley,"43' 7""",261.250,6,-1
39,Brian Stuard,"43' 10""",219.167,5,-2
40,Russell Knox,"44' 10""",358.583,8,-2
41,Keegan Bradley,"45' 0""",224.833,5,E
41,Sung Kang,"45' 0""",180.000,4,-1
43,Hudson Swafford,"45' 1""",225.417,5,E
44,Julián Etulain,"45' 6""",136.583,3,+1
45,Yuki Inamori,"45' 7""",273.583,6,+1
46,Ian Poulter,"45' 8""",182.583,4,-1
47,Charles Howell III,"46' 3""",138.667,3,+1
48,Brandt Snedeker,"46' 9""",187.083,4,E
49,Ryan Armour,"47' 3""",330.833,7,-2
50,Justin Thomas,"47' 8""",190.500,4,+1
51,Matt Jones,"48' 8""",340.833,7,-1
52,Brice Garnett,"49' 5""",247.083,5,-1
53,Patrick Reed,"49' 6""",247.417,5,-1
54,Sebastián Muñoz,"50' 0""",299.833,6,-4
55,Anirban Lahiri,"50' 8""",303.917,6,E
56,Matt Kuchar,"51' 4""",308.167,6,-1
57,Hank Lebioda,"51' 9""",310.667,6,E
58,Harris English,"52' 2""",208.667,4,+1
59,Ryan Blaum,"52' 4""",313.750,6,+1
60,Brian Gay,"52' 5""",314.250,6,-2
61,Chez Reavie,"54' 0""",323.750,6,+2
62,Michael Thompson,"54' 8""",273.500,5,+2
63,Kevin Kisner,"56' 6""",226.083,4,+1
64,Rikuya Hoshino,"57' 6""",287.667,5,E
65,Sam Saunders,"58' 6""",175.417,3,+2
66,Stewart Cink,"60' 3""",361.250,6,-2
67,Andrew Putnam,"62' 0""",557.750,9,-5
67,José de Jesús Rodríguez,"62' 0""",371.917,6,-1
69,Corey Conners,"64' 9""",194.333,3,+1
70,"Ted Potter, Jr.","70' 9""",283.083,4,+2
71,Johnson Wagner,"72' 0""",360.083,5,+3
