rank,player,Avg,Total Distance (feet),# of Attempts,Relative to par
1,Stephan Jaeger,"18' 4""",55.000,3,-1
2,Adam Svensson,"25' 1""",75.167,3,E
3,Scott Brown,"26' 0""",155.917,6,-3
4,Rory Sabbatini,"26' 8""",159.917,6,-2
5,Alex Prugh,"32' 9""",163.750,5,-3
6,Abraham Ancer,"32' 10""",328.167,10,-3
6,J.T. Poston,"32' 10""",164.083,5,E
8,Y.E. Yang,"34' 1""",238.583,7,-3
9,Scott Piercy,"34' 9""",312.833,9,-3
10,Joel Dahmen,"35' 2""",281.583,8,-4
11,Keith Mitchell,"35' 6""",106.500,3,+1
12,Jimmy Walker,"35' 7""",142.417,4,E
13,Kyle Stanley,"36' 0""",288.083,8,-4
14,Russell Henley,"36' 3""",217.417,6,E
15,Dominic Bozzelli,"36' 10""",184.167,5,E
16,Trey Mullinax,"37' 0""",148.000,4,E
17,Bryson DeChambeau,"37' 4""",149.417,4,E
18,Marc Leishman,"37' 7""",112.833,3,E
18,Cameron Smith,"37' 7""",188.083,5,E
20,Fabián Gómez,"37' 10""",340.333,9,-4
21,Sung Kang,"38' 6""",192.500,5,-3
22,Chase Wright,"38' 7""",231.250,6,-1
23,Brandon Harkins,"39' 7""",197.833,5,E
24,Patton Kizzire,"40' 10""",204.000,5,+1
25,Davis Love III,"41' 3""",329.667,8,-3
26,Danny Lee,"42' 2""",210.917,5,+3
27,Shugo Imahira,"42' 10""",299.667,7,-3
28,Adam Hadwin,"43' 1""",258.250,6,+2
28,Jim Knous,"43' 1""",172.167,4,E
30,Dylan Frittelli,"43' 3""",389.167,9,-4
31,Russell Knox,"44' 0""",395.833,9,-3
32,Charles Howell III,"44' 1""",176.333,4,+1
32,Hideki Matsuyama,"44' 1""",176.333,4,-2
34,Wes Roach,"44' 2""",220.917,5,-1
35,Tyler Duncan,"44' 7""",311.917,7,-6
36,Hudson Swafford,"44' 11""",269.583,6,-1
37,Ian Poulter,"45' 8""",182.583,4,-1
38,Ryan Armour,"45' 10""",366.500,8,-2
39,Sungjae Im,"46' 1""",230.583,5,-2
40,Carlos Ortiz,"46' 3""",416.083,9,-3
41,Julián Etulain,"46' 7""",186.250,4,+1
42,Justin Thomas,"47' 8""",190.500,4,+1
43,Emiliano Grillo,"47' 11""",335.583,7,-3
44,Hank Lebioda,"48' 6""",387.833,8,-2
45,Matt Jones,"48' 8""",340.833,7,-1
46,Jim Herman,"48' 11""",489.000,10,+2
47,Matt Kuchar,"49' 0""",342.750,7,-2
48,Ryan Blaum,"49' 4""",345.083,7,E
48,Scott Langley,"49' 4""",493.500,10,-3
50,Brice Garnett,"49' 5""",247.083,5,-1
51,Patrick Reed,"49' 6""",247.417,5,-1
51,Brian Stuard,"49' 6""",495.167,10,-6
53,Sebastián Muñoz,"49' 11""",349.667,7,-4
54,Keegan Bradley,"50' 1""",300.333,6,-1
55,Anirban Lahiri,"50' 8""",303.917,6,E
56,Yuki Inamori,"51' 2""",409.583,8,+1
57,Roger Sloan,"52' 1""",364.667,7,-2
58,Harris English,"52' 2""",208.667,4,+1
59,Kevin Kisner,"52' 6""",262.667,5,+1
60,Brandt Snedeker,"53' 6""",428.000,8,-4
61,Rikuya Hoshino,"54' 10""",328.917,6,-1
62,Brian Gay,"56' 5""",394.750,7,-3
63,Chez Reavie,"57' 4""",516.250,9,-1
64,Sam Saunders,"58' 6""",175.417,3,+2
65,Michael Thompson,"58' 11""",353.333,6,+1
66,Andrew Putnam,"60' 1""",660.667,11,-6
67,Stewart Cink,"60' 3""",361.250,6,-2
68,José de Jesús Rodríguez,"62' 0""",371.917,6,-1
69,"Ted Potter, Jr.","65' 4""",326.750,5,+1
70,Corey Conners,"69' 7""",347.750,5,E
71,Johnson Wagner,"72' 0""",360.083,5,+3
