rank,player,Avg,Total Distance (feet),# of Attempts,Relative to par
1,Davis Love III,"2' 3""",2.250,1,-1.00
2,Anirban Lahiri,"4' 9""",14.333,3,-0.33
3,Hank Lebioda,"5' 8""",5.667,1,-1.00
4,Trey Mullinax,"6' 8""",20.000,3,-0.33
5,Emiliano Grillo,"7' 4""",22.083,3,-0.67
6,Roger Sloan,"7' 6""",30.000,4,E
7,Bryson DeChambeau,"7' 10""",7.833,1,E
8,Stewart Cink,"8' 5""",25.333,3,-0.33
9,Cameron Smith,"8' 7""",34.333,4,-0.50
10,Brian Stuard,"8' 10""",44.167,5,-0.80
11,Alex Prugh,"9' 1""",54.250,6,-0.33
12,Scott Piercy,"9' 2""",45.750,5,-0.60
13,Russell Henley,"9' 3""",27.667,3,-0.67
14,Matt Kuchar,"10' 2""",61.167,6,-0.50
15,Harris English,"10' 9""",32.167,3,-1.00
15,Sungjae Im,"10' 9""",21.417,2,E
17,J.T. Poston,"10' 10""",21.583,2,-0.50
18,Brandt Snedeker,"10' 11""",32.833,3,-0.67
19,Danny Lee,"11' 5""",45.583,4,-0.75
20,Charles Howell III,"11' 9""",46.833,4,-0.25
21,Brice Garnett,"12' 0""",59.833,5,-0.60
22,"Ted Potter, Jr.","12' 1""",36.333,3,-0.67
22,Johnson Wagner,"12' 1""",12.083,1,E
24,Marc Leishman,"12' 4""",12.333,1,E
25,Jimmy Walker,"12' 9""",51.083,4,+0.25
26,Jim Herman,"13' 0""",65.167,5,-0.40
27,Stephan Jaeger,"13' 7""",68.000,5,E
28,Patrick Reed,"14' 0""",42.083,3,-0.67
29,Corey Conners,"14' 10""",104.083,7,-0.29
30,Patton Kizzire,"14' 11""",14.917,1,E
31,Kyle Stanley,"15' 1""",75.250,5,+0.20
32,Wes Roach,"15' 6""",77.583,5,E
33,Scott Langley,"15' 7""",31.167,2,E
33,Justin Thomas,"15' 7""",15.583,1,E
35,Sam Saunders,"15' 11""",79.583,5,-0.40
36,Carlos Ortiz,"16' 1""",48.250,3,-0.67
37,Ian Poulter,"16' 5""",65.750,4,+0.25
38,Brian Gay,"16' 7""",49.750,3,-0.33
39,Rory Sabbatini,"17' 0""",17.000,1,E
40,Sung Kang,"17' 2""",86.000,5,-0.40
41,Adam Hadwin,"17' 4""",104.083,6,E
42,Shugo Imahira,"17' 5""",17.417,1,E
43,Ryan Blaum,"17' 8""",70.583,4,-0.50
44,Russell Knox,"17' 10""",53.417,3,E
45,Tyler Duncan,"18' 2""",108.833,6,E
46,Jim Knous,"18' 3""",54.833,3,+0.33
47,Dylan Frittelli,"19' 1""",95.583,5,-0.20
48,Chase Wright,"19' 2""",76.500,4,E
49,Adam Svensson,"19' 6""",116.750,6,-0.50
50,Julián Etulain,"19' 10""",59.417,3,E
51,Matt Jones,"20' 1""",40.083,2,-0.50
52,Dominic Bozzelli,"20' 11""",125.417,6,-0.50
53,Michael Thompson,"21' 0""",84.083,4,+0.25
54,José de Jesús Rodríguez,"22' 9""",113.917,5,-0.20
55,Ryan Armour,"23' 4""",46.583,2,E
55,Fabián Gómez,"23' 4""",46.667,2,E
57,Abraham Ancer,"23' 5""",164.000,7,-0.29
58,Brandon Harkins,"24' 3""",24.250,1,E
59,Hudson Swafford,"24' 5""",97.750,4,E
60,Sebastián Muñoz,"24' 6""",49.000,2,E
61,Andrew Putnam,"24' 8""",74.000,3,E
62,Rikuya Hoshino,"25' 1""",75.167,3,+0.33
63,Scott Brown,"25' 8""",51.333,2,E
64,Yuki Inamori,"26' 7""",53.083,2,-0.50
65,Chez Reavie,"27' 8""",27.667,1,E
66,Keegan Bradley,"28' 0""",84.000,3,-0.33
67,Joel Dahmen,"28' 4""",84.917,3,E
68,Kevin Kisner,"29' 5""",88.167,3,+0.33
69,Keith Mitchell,"33' 5""",66.750,2,+0.50
70,Y.E. Yang,"34' 3""",68.500,2,E
