rank,player,Avg,Total Distance (feet),# of Attempts,GIR Rank
1,Abraham Ancer,"26' 9""","1,927.833",72,Under
2,Hudson Swafford,"26' 10""","1,930.417",72,Under
3,"Ted Potter, Jr.","27' 11""","2,009.083",72,Under
4,Scott Piercy,"28' 4""","2,037.750",72,Under
5,Alex Prugh,"28' 5""","2,044.833",72,Under
6,Corey Conners,"28' 7""","2,055.583",72,Under
7,Bryson DeChambeau,"29' 5""","2,118.833",72,Under
8,Matt Kuchar,"29' 6""","2,125.167",72,Under
9,Justin Thomas,"29' 11""","2,155.333",72,Under
10,Y.E. Yang,"30' 3""","2,180.083",72,Under
11,Keegan Bradley,"30' 4""","2,183.000",72,Under
12,Tyler Duncan,"30' 5""","2,189.583",72,Under
12,Davis Love III,"30' 5""","2,192.000",72,Under
14,Kyle Stanley,"30' 7""","2,202.583",72,Under
15,Emiliano Grillo,"31' 1""","2,236.250",72,Under
15,Marc Leishman,"31' 1""","2,238.333",72,Under
15,Jimmy Walker,"31' 1""","2,236.500",72,Under
18,Jim Herman,"31' 5""","2,260.583",72,Under
18,Danny Lee,"31' 5""","2,230.583",71,Under
20,Cameron Smith,"31' 7""","2,275.583",72,Under
21,Fabián Gómez,"31' 8""","2,279.833",72,Under
21,Yuki Inamori,"31' 8""","2,278.583",72,Under
23,Chase Wright,"31' 10""","2,290.833",72,Under
24,Joel Dahmen,"32' 6""","2,342.583",72,Under
24,Sebastián Muñoz,"32' 6""","2,308.000",71,Under
26,Shugo Imahira,"32' 11""","2,336.167",71,Under
26,Chez Reavie,"32' 11""","2,369.750",72,Under
28,Adam Svensson,"33' 1""","2,380.250",72,Under
29,Rikuya Hoshino,"33' 2""","2,385.833",72,Under
29,Sung Kang,"33' 2""","2,390.500",72,Under
31,Adam Hadwin,"33' 4""","2,398.167",72,Under
32,Ryan Blaum,"33' 5""","2,405.667",72,Under
33,Charles Howell III,"33' 6""","2,410.417",72,Under
33,Brian Stuard,"33' 6""","2,409.750",72,Under
35,Ryan Armour,"33' 7""","2,420.917",72,Under
35,J.T. Poston,"33' 7""","2,417.000",72,Under
37,Brice Garnett,"33' 11""","2,440.917",72,Under
38,Russell Henley,"34' 1""","2,452.750",72,Under
39,Dominic Bozzelli,"34' 2""","2,462.333",72,Under
40,Rory Sabbatini,"34' 3""","2,468.167",72,Under
41,Jim Knous,"34' 4""","2,472.417",72,Under
42,Ian Poulter,"34' 5""","2,478.000",72,Under
42,Patrick Reed,"34' 5""","2,480.333",72,Under
44,Russell Knox,"34' 6""","2,483.833",72,Under
45,Harris English,"34' 7""","2,492.417",72,Under
45,Dylan Frittelli,"34' 7""","2,487.333",72,Under
47,Scott Brown,"34' 11""","2,512.500",72,Under
47,Hank Lebioda,"34' 11""","2,515.417",72,Under
47,Roger Sloan,"34' 11""","2,516.167",72,Under
50,Matt Jones,"35' 2""","2,529.500",72,Under
51,Keith Mitchell,"35' 3""","2,538.000",72,Under
52,Hideki Matsuyama,"35' 5""","2,550.417",72,Under
53,Anirban Lahiri,"35' 7""","2,563.333",72,Under
54,Brandon Harkins,"35' 8""","2,570.333",72,Under
55,José de Jesús Rodríguez,"35' 9""","2,571.500",72,Under
56,Stephan Jaeger,"35' 10""","2,581.583",72,Under
57,Wes Roach,"36' 0""","2,589.750",72,Under
58,Scott Langley,"36' 7""","2,634.583",72,Under
59,Sam Saunders,"36' 11""","2,659.667",72,Under
60,Sungjae Im,"37' 3""","2,679.167",72,Under
60,Michael Thompson,"37' 3""","2,684.750",72,Under
62,Patton Kizzire,"37' 6""","2,697.167",72,Under
62,Brandt Snedeker,"37' 6""","2,702.000",72,Under
64,Andrew Putnam,"37' 7""","2,706.583",72,Under
65,Kevin Kisner,"38' 6""","2,771.083",72,Under
66,Carlos Ortiz,"39' 0""","2,807.250",72,Under
67,Stewart Cink,"39' 3""","2,826.917",72,Under
68,Brian Gay,"40' 3""","2,895.750",72,Under
69,Johnson Wagner,"40' 10""","2,939.750",72,Under
70,Julián Etulain,"41' 7""","2,991.500",72,Under
71,Trey Mullinax,"42' 8""","3,074.833",72,Under
