rank,player,Avg,Total Distance (feet),# of Attempts,Relative to par
1,Sung Kang,"12' 6""",12.500,1,-2
2,Ryan Blaum,"31' 4""",31.333,1,-1
3,Scott Brown,"31' 7""",31.583,1,-1
4,Brandt Snedeker,"33' 11""",33.917,1,-1
5,Ryan Armour,"35' 8""",35.667,1,E
6,J.T. Poston,"36' 6""",36.500,1,E
7,Kevin Kisner,"36' 7""",36.583,1,E
8,Russell Knox,"37' 3""",37.250,1,-1
9,Charles Howell III,"37' 8""",37.667,1,E
10,Scott Piercy,"38' 8""",38.667,1,E
11,Fabián Gómez,"39' 10""",39.833,1,+1
12,Rikuya Hoshino,"41' 3""",41.250,1,-1
13,"Ted Potter, Jr.","43' 8""",43.667,1,-1
14,Kyle Stanley,"46' 8""",46.667,1,E
15,Julián Etulain,"49' 8""",49.667,1,E
16,Sebastián Muñoz,"49' 10""",49.833,1,E
17,Andrew Putnam,"51' 6""",102.917,2,-1
18,Carlos Ortiz,"54' 4""",163.083,3,-3
19,Brian Stuard,"54' 7""",218.333,4,-3
20,Adam Hadwin,"56' 5""",112.750,2,E
21,Scott Langley,"58' 1""",232.250,4,-2
22,Hank Lebioda,"59' 7""",59.583,1,-1
23,Sungjae Im,"61' 4""",61.333,1,-1
24,Chez Reavie,"64' 2""",192.500,3,-3
25,Emiliano Grillo,"67' 7""",135.083,2,-2
26,Yuki Inamori,"68' 0""",136.000,2,E
27,Keegan Bradley,"75' 6""",75.500,1,-1
28,Davis Love III,"75' 8""",75.667,1,E
29,Corey Conners,"75' 9""",75.750,1,E
30,Michael Thompson,"79' 10""",79.833,1,-1
31,Brian Gay,"80' 6""",80.500,1,-1
32,Jim Herman,"81' 6""",162.917,2,E
33,Tyler Duncan,"88' 6""",176.917,2,-2
34,Wes Roach,"90' 8""",90.667,1,+1
