rank,player,Avg,Total Distance (feet),# of Attempts,Relative to par
1,Abraham Ancer,"2' 10""",2.833,1,-1
2,Hudson Swafford,"6' 7""",19.833,3,-2
3,Jim Knous,"7' 11""",15.833,2,-1
4,Chase Wright,"8' 11""",35.500,4,-1
5,Davis Love III,"10' 4""",41.333,4,-2
6,José de Jesús Rodríguez,"11' 5""",34.167,3,-1
7,Russell Knox,"11' 8""",81.417,7,-2
8,Sungjae Im,"11' 10""",70.750,6,-3
8,Matt Jones,"11' 10""",82.583,7,-3
10,Corey Conners,"12' 2""",133.667,11,-5
11,Yuki Inamori,"12' 5""",37.333,3,-1
12,Justin Thomas,"12' 9""",76.500,6,-1
13,Carlos Ortiz,"13' 2""",52.750,4,-2
14,"Ted Potter, Jr.","13' 3""",92.500,7,-3
15,Sebastián Muñoz,"13' 5""",94.167,7,-3
16,Michael Thompson,"13' 7""",54.167,4,-2
17,Charles Howell III,"13' 8""",68.333,5,-3
17,Trey Mullinax,"13' 8""",81.833,6,-1
19,Russell Henley,"13' 9""",68.750,5,-2
20,Scott Brown,"14' 0""",56.000,4,-1
21,Jim Herman,"14' 7""",87.333,6,-3
22,Stewart Cink,"14' 8""",44.000,3,-3
23,Rory Sabbatini,"14' 9""",29.417,2,-1
24,Patrick Reed,"15' 0""",89.833,6,-2
24,Brandt Snedeker,"15' 0""",45.083,3,-1
26,Andrew Putnam,"15' 1""",60.333,4,-1
26,Brian Stuard,"15' 1""",15.083,1,-1
28,Danny Lee,"15' 9""",78.917,5,-1
29,Kyle Stanley,"16' 3""",97.500,6,-1
29,Adam Svensson,"16' 3""",64.917,4,+1
31,Shugo Imahira,"16' 4""",97.750,6,-2
32,Harris English,"16' 5""",49.333,3,E
33,Y.E. Yang,"16' 6""",99.167,6,-1
34,Cameron Smith,"16' 11""",33.750,2,-2
35,Joel Dahmen,"17' 0""",136.000,8,-4
35,Tyler Duncan,"17' 0""",67.917,4,-2
35,Emiliano Grillo,"17' 0""",85.000,5,-1
38,Alex Prugh,"17' 4""",69.250,4,E
39,Brice Garnett,"17' 10""",53.583,3,+1
40,Dominic Bozzelli,"17' 11""",53.750,3,+1
41,Chez Reavie,"18' 7""",129.917,7,-2
42,Scott Langley,"19' 1""",76.250,4,-1
43,Sam Saunders,"19' 4""",96.750,5,E
44,Bryson DeChambeau,"19' 7""",39.167,2,E
44,Fabián Gómez,"19' 7""",117.333,6,-2
46,Rikuya Hoshino,"19' 8""",117.917,6,-1
47,Johnson Wagner,"19' 10""",79.250,4,-1
48,Brian Gay,"20' 0""",119.833,6,-3
49,Kevin Kisner,"20' 7""",41.167,2,E
49,Anirban Lahiri,"20' 7""",41.167,2,-1
51,Scott Piercy,"20' 9""",165.750,8,+1
52,Adam Hadwin,"21' 2""",42.250,2,-1
53,Patton Kizzire,"21' 8""",130.167,6,-2
54,Julián Etulain,"21' 9""",130.583,6,-1
55,Brandon Harkins,"22' 10""",114.250,5,+2
56,Matt Kuchar,"22' 11""",114.750,5,-1
57,Dylan Frittelli,"23' 7""",94.333,4,+1
57,Keith Mitchell,"23' 7""",23.583,1,E
59,Stephan Jaeger,"24' 0""",143.833,6,-2
60,Marc Leishman,"24' 7""",49.083,2,-1
61,Roger Sloan,"25' 2""",75.583,3,E
62,Wes Roach,"26' 3""",104.917,4,-1
63,Jimmy Walker,"26' 9""",26.750,1,-1
64,Ian Poulter,"27' 6""",110.083,4,E
65,Hideki Matsuyama,"28' 8""",57.250,2,+1
66,J.T. Poston,"30' 2""",90.583,3,E
67,Ryan Armour,"34' 10""",139.250,4,-1
68,Ryan Blaum,"44' 5""",133.333,3,+2
