rank,player,Avg,Total Distance (feet),# of Attempts,Relative to par
1,Yuki Inamori,"3' 0""",3.000,1,-1
2,Hank Lebioda,"5' 8""",5.667,1,-1
3,Anirban Lahiri,"5' 9""",5.750,1,+1
4,Roger Sloan,"6' 11""",20.833,3,E
5,J.T. Poston,"7' 2""",7.167,1,-1
6,Emiliano Grillo,"7' 4""",22.083,3,-2
7,Russell Henley,"7' 10""",15.667,2,-2
8,Cameron Smith,"8' 2""",16.250,2,-1
9,Trey Mullinax,"8' 4""",8.333,1,+1
10,Stewart Cink,"8' 5""",25.333,3,-1
11,Brian Stuard,"8' 10""",44.167,5,-4
12,Scott Piercy,"9' 11""",39.583,4,-3
13,Alex Prugh,"10' 0""",50.000,5,-2
14,Sungjae Im,"10' 9""",21.417,2,E
15,Brandt Snedeker,"10' 11""",32.833,3,-2
16,Danny Lee,"11' 5""",45.583,4,-3
17,Charles Howell III,"11' 9""",46.833,4,-1
17,Kyle Stanley,"11' 9""",46.917,4,+1
19,"Ted Potter, Jr.","12' 1""",36.333,3,-2
19,Johnson Wagner,"12' 1""",12.083,1,E
21,Matt Kuchar,"12' 2""",24.333,2,E
22,Marc Leishman,"12' 4""",12.333,1,E
23,Corey Conners,"12' 7""",50.417,4,-1
24,Harris English,"13' 1""",26.083,2,-2
25,Patrick Reed,"14' 0""",42.083,3,-2
26,Jim Herman,"14' 4""",57.333,4,-2
27,Stephan Jaeger,"14' 7""",58.167,4,E
27,Jimmy Walker,"14' 7""",14.583,1,E
29,Jim Knous,"15' 4""",15.333,1,E
30,Justin Thomas,"15' 7""",15.583,1,E
31,Russell Knox,"15' 9""",31.500,2,E
32,Sam Saunders,"15' 11""",79.583,5,-2
33,Scott Langley,"16' 1""",16.083,1,E
34,Brian Gay,"16' 11""",16.917,1,E
34,Adam Svensson,"16' 11""",84.750,5,-2
36,Rory Sabbatini,"17' 0""",17.000,1,E
37,Ryan Blaum,"17' 1""",34.083,2,-1
38,Brice Garnett,"17' 2""",51.500,3,-1
39,Shugo Imahira,"17' 5""",17.417,1,E
40,Fabián Gómez,"17' 10""",17.833,1,E
41,Tyler Duncan,"18' 8""",55.917,3,E
42,Adam Hadwin,"19' 1""",76.167,4,E
43,Dylan Frittelli,"19' 2""",76.750,4,-1
43,Chase Wright,"19' 2""",76.500,4,E
45,Julián Etulain,"19' 10""",59.417,3,E
46,Matt Jones,"20' 1""",40.083,2,-1
47,Sung Kang,"20' 11""",83.667,4,-1
48,Michael Thompson,"21' 0""",84.083,4,+1
49,Kevin Kisner,"21' 6""",43.000,2,+1
50,Carlos Ortiz,"21' 9""",43.500,2,-1
51,Wes Roach,"22' 3""",66.667,3,+2
52,Dominic Bozzelli,"22' 4""",89.167,4,-2
53,Abraham Ancer,"23' 5""",164.000,7,-2
54,Brandon Harkins,"24' 3""",24.250,1,E
54,José de Jesús Rodríguez,"24' 3""",96.833,4,-1
56,Sebastián Muñoz,"24' 6""",49.000,2,E
57,Andrew Putnam,"24' 8""",74.000,3,E
58,Scott Brown,"25' 8""",51.333,2,E
59,Rikuya Hoshino,"26' 2""",52.333,2,+1
60,Chez Reavie,"27' 8""",27.667,1,E
61,Keegan Bradley,"28' 0""",84.000,3,-1
62,Joel Dahmen,"28' 4""",84.917,3,E
63,Ryan Armour,"28' 5""",28.417,1,E
64,Hudson Swafford,"29' 5""",88.333,3,E
65,Y.E. Yang,"34' 10""",34.833,1,E
66,Ian Poulter,"36' 4""",36.333,1,E
