rank,player,Avg,GIR Putts,Greens Hit,Birdie Conversion
1,Jonathan Kaye,1.621,94,58,40.35
2,Woody Austin,1.648,89,54,44.44
3,Stewart Cink,1.678,99,59,37.29
4,Stuart Appleby,1.694,105,62,37.10
5,Ernie Els,1.703,109,64,39.06
6,Adam Scott,1.705,104,61,37.70
7,Jonathan Byrd,1.719,98,57,42.11
8,Andre Stolz,1.732,97,56,30.91
9,John Daly,1.737,99,57,35.09
10,Vijay Singh,1.758,109,62,30.65
11,Mike Weir,1.759,102,58,34.48
12,Rod Pampling,1.763,104,59,28.81
13,Bart Bryant,1.770,108,61,31.15
14,Todd Hamilton,1.772,101,57,28.07
14,Mark Hensby,1.772,101,57,35.09
16,David Toms,1.778,112,63,30.16
16,Tiger Woods,1.778,112,63,34.92
18,Stephen Ames,1.780,105,59,32.20
19,Brent Geiberger,1.782,98,55,23.64
20,Vaughn Taylor,1.803,110,61,36.07
21,Zach Johnson,1.804,101,56,26.79
22,Chad Campbell,1.806,112,62,22.95
23,Steve Flesch,1.811,96,53,28.30
24,Craig Parry,1.817,109,60,30.00
25,Retief Goosen,1.821,102,56,32.14
26,Heath Slocum,1.825,104,57,24.56
27,Sergio Garcia,1.828,117,64,31.25
28,Joey Sindelar,1.842,105,57,24.56
29,Ryan Palmer,1.873,103,55,30.91
30,Carlos Franco,1.930,110,57,24.56
31,Fred Funk,1.932,114,59,15.25
