rank,player,Total
1,Jonathan Kaye,9.2
2,Stewart Cink,13.3
2,Adam Scott,13.3
4,Brent Geiberger,19.8
5,Stuart Appleby,20.5
6,Ernie Els,21.9
7,Steve Flesch,24.1
8,Mark Hensby,25.8
9,Zach Johnson,27.3
10,Woody Austin,29.4
11,Jonathan Byrd,29.8
12,Rod Pampling,30.3
13,Mike Weir,31.4
14,Chad Campbell,32.4
15,Andre Stolz,33.8
16,Vaughn Taylor,33.9
17,Heath Slocum,35.4
18,Fred Funk,37.2
19,Bart Bryant,37.9
20,Ryan Palmer,38.2
21,Stephen Ames,38.6
21,Craig Parry,38.6
23,David Toms,39.0
24,Todd Hamilton,40.4
25,Retief Goosen,40.6
26,John Daly,43.3
26,Sergio Garcia,43.3
28,Carlos Franco,43.8
29,Vijay Singh,44.6
30,Joey Sindelar,49.1
31,Tiger Woods,49.3
