rank,player,%,# Birdies,Greens Hit
1,Woody Austin,44.44,24,54
2,Jonathan Byrd,42.11,24,57
3,Jonathan Kaye,40.35,23,57
4,Ernie Els,39.06,25,64
5,Adam Scott,37.70,23,61
6,Stewart Cink,37.29,22,59
7,Stuart Appleby,37.10,23,62
8,Vaughn Taylor,36.07,22,61
9,John Daly,35.09,20,57
9,Mark Hensby,35.09,20,57
11,Tiger Woods,34.92,22,63
12,Mike Weir,34.48,20,58
13,Stephen Ames,32.20,19,59
14,Retief Goosen,32.14,18,56
15,Sergio Garcia,31.25,20,64
16,Bart Bryant,31.15,19,61
17,Ryan Palmer,30.91,17,55
17,Andre Stolz,30.91,17,55
19,Vijay Singh,30.65,19,62
20,David Toms,30.16,19,63
21,Craig Parry,30.00,18,60
22,Rod Pampling,28.81,17,59
23,Steve Flesch,28.30,15,53
24,Todd Hamilton,28.07,16,57
25,Zach Johnson,26.79,15,56
26,Carlos Franco,24.56,14,57
26,Joey Sindelar,24.56,14,57
26,Heath Slocum,24.56,14,57
29,Brent Geiberger,23.64,13,55
30,Chad Campbell,22.95,14,61
31,Fred Funk,15.25,9,59
