rank,player,Value,Attempts(<= 5'),Tot Made (>=20'),Tot Made (<= 5')
1,Adam Scott,103.92,51,2,51
2,Jonathan Kaye,103.77,53,2,53
3,Woody Austin,102.00,50,2,49
4,Ernie Els,101.96,51,3,49
5,Stuart Appleby,101.92,52,3,50
6,Brent Geiberger,101.82,55,1,55
6,Mark Hensby,101.82,55,1,55
8,Jonathan Byrd,101.79,56,3,54
8,Stewart Cink,101.79,56,1,56
8,Andre Stolz,101.79,56,1,56
8,Vaughn Taylor,101.79,56,3,54
12,Chad Campbell,101.75,57,3,55
13,Ryan Palmer,101.64,61,1,61
14,Bart Bryant,100.00,55,2,53
14,Zach Johnson,100.00,52,1,51
14,Rod Pampling,100.00,56,1,55
14,Craig Parry,100.00,59,2,57
18,Steve Flesch,98.21,56,1,54
19,Sergio Garcia,97.01,67,2,63
20,Retief Goosen,96.97,66,0,64
21,Mike Weir,96.67,60,3,55
22,Fred Funk,96.61,59,1,56
23,Vijay Singh,96.55,58,0,56
24,Joey Sindelar,95.31,64,1,60
25,Todd Hamilton,95.24,63,1,59
25,Tiger Woods,95.24,63,1,59
27,Stephen Ames,95.00,60,2,55
28,Heath Slocum,94.64,56,1,52
29,John Daly,93.55,62,1,57
30,Carlos Franco,93.44,61,2,55
31,David Toms,93.33,60,1,55
