rank,player,%,Greens Hit,# Holes,Relative/Par
1,Matt Kuchar,83.33,60,72,-0.42
2,"Ted Potter, Jr.",81.94,59,72,-0.36
3,Keegan Bradley,80.56,58,72,-0.22
3,Corey Conners,80.56,58,72,-0.38
5,Sungjae Im,79.17,57,72,-0.35
6,Emiliano Grillo,77.78,56,72,-0.29
6,Chez Reavie,77.78,56,72,-0.41
8,Dylan Frittelli,76.39,55,72,-0.22
8,Rikuya Hoshino,76.39,55,72,-0.16
8,Charles Howell III,76.39,55,72,-0.36
8,Cameron Smith,76.39,55,72,-0.35
8,Justin Thomas,76.39,55,72,-0.36
13,Abraham Ancer,75.00,54,72,-0.24
13,Brice Garnett,75.00,54,72,-0.28
13,Hideki Matsuyama,75.00,54,72,-0.22
13,Keith Mitchell,75.00,54,72,-0.31
13,Scott Piercy,75.00,54,72,-0.24
13,Andrew Putnam,75.00,54,72,-0.41
13,Brian Stuard,75.00,54,72,-0.31
13,Adam Svensson,75.00,54,72,-0.33
13,Hudson Swafford,75.00,54,72,-0.35
22,Ryan Armour,73.61,53,72,-0.28
22,Tyler Duncan,73.61,53,72,-0.26
22,Fabián Gómez,73.61,53,72,-0.21
22,Jim Herman,73.61,53,72,-0.23
22,Yuki Inamori,73.61,53,72,-0.19
22,Hank Lebioda,73.61,53,72,-0.28
22,Sebastián Muñoz,73.61,53,72,-0.34
22,Ian Poulter,73.61,53,72,-0.28
22,Alex Prugh,73.61,53,72,-0.30
22,Rory Sabbatini,73.61,53,72,-0.32
22,Jimmy Walker,73.61,53,72,-0.28
33,Bryson DeChambeau,72.22,52,72,-0.40
33,Sung Kang,72.22,52,72,-0.31
33,Patton Kizzire,72.22,52,72,-0.35
33,Danny Lee,72.22,52,72,-0.23
33,Marc Leishman,72.22,52,72,-0.38
33,Davis Love III,72.22,52,72,-0.40
33,Carlos Ortiz,72.22,52,72,-0.31
33,Roger Sloan,72.22,52,72,-0.23
33,Kyle Stanley,72.22,52,72,-0.31
33,Chase Wright,72.22,52,72,-0.27
33,Y.E. Yang,72.22,52,72,-0.27
44,Joel Dahmen,70.83,51,72,-0.39
44,Harris English,70.83,51,72,-0.35
44,Adam Hadwin,70.83,51,72,-0.29
44,Russell Henley,70.83,51,72,-0.22
44,Shugo Imahira,70.83,51,72,-0.31
44,Jim Knous,70.83,51,72,-0.25
44,Russell Knox,70.83,51,72,-0.22
44,José de Jesús Rodríguez,70.83,51,72,-0.24
52,Stephan Jaeger,69.44,50,72,-0.26
52,Trey Mullinax,69.44,50,72,-0.22
54,Scott Brown,68.06,49,72,-0.31
54,Julián Etulain,68.06,49,72,-0.31
54,Brian Gay,68.06,49,72,-0.41
54,Anirban Lahiri,68.06,49,72,-0.27
54,Brandt Snedeker,68.06,49,72,-0.39
54,Johnson Wagner,68.06,49,72,-0.35
60,Dominic Bozzelli,66.67,48,72,-0.33
60,Stewart Cink,66.67,48,72,-0.29
60,Brandon Harkins,66.67,48,72,-0.44
60,Scott Langley,66.67,48,72,-0.27
60,Patrick Reed,66.67,48,72,-0.35
60,Wes Roach,66.67,48,72,-0.33
66,Sam Saunders,65.28,47,72,-0.34
66,Michael Thompson,65.28,47,72,-0.23
68,Ryan Blaum,63.89,46,72,-0.28
69,Kevin Kisner,62.50,45,72,-0.36
69,J.T. Poston,62.50,45,72,-0.38
71,Matt Jones,61.11,44,72,-0.36
