rank,player,Value,Total Drv Rank,GIR Rank
1,Matt Kuchar,5,4,1
2,Dylan Frittelli,11,3,8
3,Corey Conners,12,9,3
3,Sungjae Im,12,7,5
5,Abraham Ancer,14,1,13
6,Chez Reavie,21,15,6
7,Fabián Gómez,23,1,22
8,Hudson Swafford,24,11,13
9,Keegan Bradley,25,22,3
10,Scott Piercy,26,13,13
11,Sebastián Muñoz,27,5,22
12,Emiliano Grillo,28,22,6
13,Charles Howell III,32,24,8
14,Rikuya Hoshino,34,26,8
15,Cameron Smith,36,28,8
16,Brian Stuard,38,25,13
17,Ian Poulter,41,19,22
17,Y.E. Yang,41,8,33
19,Tyler Duncan,42,20,22
20,Adam Svensson,43,30,13
21,Justin Thomas,44,36,8
22,Carlos Ortiz,45,12,33
23,Chase Wright,47,14,33
24,Roger Sloan,49,16,33
25,Bryson DeChambeau,50,17,33
25,Adam Hadwin,50,6,44
25,Alex Prugh,50,28,22
28,Yuki Inamori,55,33,22
28,Andrew Putnam,55,42,13
30,Jim Herman,57,35,22
31,Hideki Matsuyama,60,47,13
32,Russell Knox,62,18,44
33,Hank Lebioda,64,42,22
34,Rory Sabbatini,67,45,22
35,Brice Garnett,68,55,13
35,"Ted Potter, Jr.",68,66,2
37,Wes Roach,69,9,60
38,Ryan Armour,72,50,22
38,Danny Lee,72,39,33
38,Davis Love III,72,39,33
41,José de Jesús Rodríguez,75,31,44
42,Keith Mitchell,78,65,13
43,Joel Dahmen,80,36,44
43,Russell Henley,80,36,44
43,Anirban Lahiri,80,26,54
46,Marc Leishman,82,49,33
47,Shugo Imahira,83,39,44
47,Kyle Stanley,83,50,33
49,Jimmy Walker,84,62,22
50,Sam Saunders,87,21,66
51,Patton Kizzire,93,60,33
52,Stewart Cink,94,34,60
53,Sung Kang,100,67,33
54,Brian Gay,101,47,54
54,J.T. Poston,101,32,69
56,Scott Langley,102,42,60
57,Patrick Reed,106,46,60
57,Brandt Snedeker,106,52,54
59,Johnson Wagner,107,53,54
60,Harris English,108,64,44
61,Julián Etulain,110,56,54
62,Jim Knous,111,67,44
63,Scott Brown,113,59,54
64,Stephan Jaeger,115,63,52
65,Michael Thompson,120,54,66
66,Trey Mullinax,123,71,52
67,Ryan Blaum,124,56,68
68,Kevin Kisner,127,58,69
69,Brandon Harkins,129,69,60
70,Dominic Bozzelli,130,70,60
71,Matt Jones,132,61,71
