rank,player,Value,Total Drv Rank,GIR Rank
1,K.J. Choi,8,4,4
1,Jerry Kelly,8,7,1
1,Rory Sabbatini,8,2,6
4,Troy Matteson,9,1,8
5,Chad Campbell,11,10,1
6,J.B. Holmes,13,9,4
7,Steve Marino,14,6,8
8,Robert Gamez,15,4,11
9,Mark Wilson,17,16,1
10,George McNeill,19,8,11
11,Vaughn Taylor,23,3,20
12,Heath Slocum,25,11,14
12,Steve Stricker,25,14,11
14,Chez Reavie,27,13,14
15,Mark Calcavecchia,28,21,7
16,Fred Funk,32,18,14
17,Scott Sterling,38,18,20
18,Daniel Chopra,43,23,20
19,Zach Johnson,45,37,8
20,John Merrick,46,26,20
21,Dustin Johnson,48,20,28
22,Stephen Ames,49,16,33
23,Jay Williamson,50,12,38
24,Bubba Watson,51,31,20
25,Steve Lowery,56,23,33
26,Jesper Parnevik,57,43,14
27,Y.E. Yang,61,47,14
28,Kiyoshi Miyazato,65,27,38
29,Sean O'Hair,67,47,20
30,Pat Perez,68,30,38
31,J.P. Hayes,69,23,46
32,Tom Pernice Jr.,71,43,28
33,Briny Baird,72,52,20
33,Cameron Beckman,72,34,38
35,Shane Bertsch,74,28,46
35,John Riegger,74,46,28
37,Daisuke Maruyama,75,61,14
38,James Driscoll,77,39,38
39,Doug LaBelle II,78,40,38
39,Tom Lehman,78,21,57
39,Tim Wilkinson,78,14,64
42,Martin Laird,79,33,46
42,Carl Pettersson,79,59,20
44,WC Liang,80,34,46
44,Kevin Na,80,52,28
46,Jim McGovern,81,28,53
47,Jim Furyk,84,31,53
47,Vijay Singh,84,38,46
49,Matt Jones,88,55,33
50,Yusaku Miyazato,89,36,53
51,Matt Kuchar,91,58,33
52,Brad Adamonis,95,67,28
53,John Mallinger,98,52,46
54,Kevin Streelman,99,66,33
55,Jason Allred,100,62,38
56,Parker McLachlin,104,47,57
56,Jimmy Walker,104,45,59
58,Bob Estes,106,40,66
58,Brian Gay,106,47,59
58,Dudley Hart,106,68,38
58,Shigeki Maruyama,106,60,46
62,Mitsuhiro Tateyama,110,42,68
63,Jeff Maggert,116,57,59
64,Paul Azinger,117,51,66
64,Alejandro Cañizares,117,64,53
66,Spencer Levin,119,55,64
67,Patrick Sheehan,122,63,59
68,Chad Collins,124,65,59
