rank,player,%,Greens Hit,# Holes,Relative/Par
1,Chad Campbell,76.39,55,72,-0.24
1,Jerry Kelly,76.39,55,72,-0.27
1,Mark Wilson,76.39,55,72,-0.20
4,K.J. Choi,75.00,54,72,-0.31
4,J.B. Holmes,75.00,54,72,-0.28
6,Rory Sabbatini,73.61,53,72,-0.40
7,Mark Calcavecchia,72.22,52,72,-0.17
8,Zach Johnson,70.83,51,72,-0.22
8,Steve Marino,70.83,51,72,-0.29
8,Troy Matteson,70.83,51,72,-0.27
11,Robert Gamez,69.44,50,72,-0.24
11,George McNeill,69.44,50,72,-0.32
11,Steve Stricker,69.44,50,72,-0.28
14,Fred Funk,68.06,49,72,-0.27
14,Daisuke Maruyama,68.06,49,72,-0.22
14,Jesper Parnevik,68.06,49,72,-0.29
14,Chez Reavie,68.06,49,72,-0.29
14,Heath Slocum,68.06,49,72,-0.22
14,Y.E. Yang,68.06,49,72,-0.24
20,Briny Baird,66.67,48,72,-0.19
20,Daniel Chopra,66.67,48,72,-0.29
20,John Merrick,66.67,48,72,-0.21
20,Sean O'Hair,66.67,48,72,-0.27
20,Carl Pettersson,66.67,48,72,-0.29
20,Scott Sterling,66.67,48,72,-0.19
20,Vaughn Taylor,66.67,48,72,-0.23
20,Bubba Watson,66.67,48,72,-0.19
28,Brad Adamonis,65.28,47,72,-0.26
28,Dustin Johnson,65.28,47,72,-0.28
28,Kevin Na,65.28,47,72,-0.36
28,Tom Pernice Jr.,65.28,47,72,-0.36
28,John Riegger,65.28,47,72,-0.13
33,Stephen Ames,63.89,46,72,-0.22
33,Matt Jones,63.89,46,72,-0.24
33,Matt Kuchar,63.89,46,72,-0.22
33,Steve Lowery,63.89,46,72,-0.26
33,Kevin Streelman,63.89,46,72,-0.15
38,Jason Allred,62.50,45,72,-0.27
38,Cameron Beckman,62.50,45,72,-0.38
38,James Driscoll,62.50,45,72,-0.36
38,Dudley Hart,62.50,45,72,-0.29
38,Doug LaBelle II,62.50,45,72,-0.24
38,Kiyoshi Miyazato,62.50,45,72,-0.18
38,Pat Perez,62.50,45,72,-0.36
38,Jay Williamson,62.50,45,72,-0.31
46,Shane Bertsch,61.11,44,72,-0.36
46,J.P. Hayes,61.11,44,72,-0.27
46,Martin Laird,61.11,44,72,-0.23
46,WC Liang,61.11,44,72,-0.27
46,John Mallinger,61.11,44,72,-0.27
46,Shigeki Maruyama,61.11,44,72,-0.23
46,Vijay Singh,61.11,44,72,-0.32
53,Alejandro Cañizares,59.72,43,72,-0.28
53,Jim Furyk,59.72,43,72,-0.33
53,Jim McGovern,59.72,43,72,-0.30
53,Yusaku Miyazato,59.72,43,72,-0.33
57,Tom Lehman,58.33,42,72,-0.26
57,Parker McLachlin,58.33,42,72,-0.43
59,Chad Collins,56.94,41,72,-0.27
59,Brian Gay,56.94,41,72,-0.32
59,Jeff Maggert,56.94,41,72,-0.22
59,Patrick Sheehan,56.94,41,72,-0.29
59,Jimmy Walker,56.94,41,72,-0.24
64,Spencer Levin,55.56,40,72,-0.35
64,Tim Wilkinson,55.56,40,72,-0.35
66,Paul Azinger,52.78,38,72,-0.45
66,Bob Estes,52.78,38,72,-0.24
68,Mitsuhiro Tateyama,48.61,35,72,-0.31
