rank,player,%,Total 3 Putts,Total Holes (overall)
1,Rory Sabbatini,.00,0,72
2,Stuart Appleby,1.39,1,72
3,Aaron Baddeley,4.17,3,72
3,Vijay Singh,4.17,3,72
5,Stephen Ames,5.56,4,72
5,K.J. Choi,5.56,4,72
5,Tim Herron,5.56,4,72
5,David Toms,5.56,4,72
5,Brett Wetterich,5.56,4,72
10,Ben Curtis,6.94,5,72
10,Luke Donald,6.94,5,72
10,Joe Durant,6.94,5,72
10,Jim Furyk,6.94,5,72
10,Davis Love III,6.94,5,72
10,Will MacKenzie,6.94,5,72
10,Troy Matteson,6.94,5,72
10,John Rollins,6.94,5,72
10,Adam Scott,6.94,5,72
10,John Senden,6.94,5,72
10,Kirk Triplett,6.94,5,72
10,Dean Wilson,6.94,5,72
22,J.J. Henry,8.33,6,72
22,J.B. Holmes,8.33,6,72
22,Trevor Immelman,8.33,6,72
22,Geoff Ogilvy,8.33,6,72
22,Rod Pampling,8.33,6,72
22,D.J. Trahan,8.33,6,72
28,Corey Pavin,9.72,7,72
28,Carl Pettersson,9.72,7,72
30,Chad Campbell,11.11,8,72
30,Chris Couch,11.11,8,72
30,Jeff Maggert,11.11,8,72
33,Eric Axley,13.89,10,72
