rank,player,Avg,Total Putts,Total Rounds,Low Total Putts
1,Rory Sabbatini,28.75,115,4,26
2,Vijay Singh,29.00,116,4,27
3,Stuart Appleby,29.25,117,4,28
4,Aaron Baddeley,31.00,124,4,28
4,Will MacKenzie,31.00,124,4,28
6,Stephen Ames,31.25,125,4,29
6,Luke Donald,31.25,125,4,29
6,Troy Matteson,31.25,125,4,30
6,John Rollins,31.25,125,4,30
6,Adam Scott,31.25,125,4,30
6,David Toms,31.25,125,4,29
12,K.J. Choi,31.50,126,4,30
13,Trevor Immelman,31.75,127,4,28
14,Davis Love III,32.00,128,4,29
15,Chris Couch,32.25,129,4,27
15,Joe Durant,32.25,129,4,28
15,Tim Herron,32.25,129,4,31
15,John Senden,32.25,129,4,31
19,Ben Curtis,32.50,130,4,31
19,J.J. Henry,32.50,130,4,28
19,Geoff Ogilvy,32.50,130,4,30
19,Corey Pavin,32.50,130,4,30
19,Kirk Triplett,32.50,130,4,30
24,J.B. Holmes,32.75,131,4,32
24,Carl Pettersson,32.75,131,4,29
24,Brett Wetterich,32.75,131,4,31
27,Eric Axley,33.00,132,4,32
27,Jeff Maggert,33.00,132,4,28
27,Rod Pampling,33.00,132,4,30
30,D.J. Trahan,33.25,133,4,30
31,Chad Campbell,33.50,134,4,32
32,Dean Wilson,34.00,136,4,30
33,Jim Furyk,34.25,137,4,31
