rank,player,%,Total Left rough,Possible Fwys,Relative to par
1,Derek Ernst,5.00,3,60,+0.67
2,Chris Kirk,6.67,4,60,-0.25
3,Zach Johnson,8.33,5,60,E
3,Michael Thompson,8.33,5,60,+0.20
3,Boo Weekley,8.33,5,60,-0.40
3,Gary Woodland,8.33,5,60,E
7,Jason Dufner,10.00,6,60,+0.33
7,Ken Duke,10.00,6,60,-0.67
7,Brian Gay,10.00,6,60,+0.17
7,John Merrick,10.00,6,60,-0.17
7,Ryan Moore,10.00,6,60,+0.33
12,Jonas Blixt,10.17,6,59,+0.33
13,Scott Brown,11.67,7,60,-0.57
13,Russell Henley,11.67,7,60,-0.14
13,Billy Horschel,11.67,7,60,-0.14
13,Webb Simpson,11.67,7,60,-0.29
13,Brandt Snedeker,11.67,7,60,+0.57
13,Kevin Streelman,11.67,7,60,+0.43
19,Woody Austin,13.33,8,60,-0.25
19,Harris English,13.33,8,60,-0.25
19,Dustin Johnson,13.33,8,60,-0.25
19,D.A. Points,13.33,8,60,+0.13
23,Bill Haas,13.56,8,59,+0.38
24,Sangmoon Bae,15.00,9,60,-0.11
24,Adam Scott,15.00,9,60,-0.33
26,Martin Laird,15.25,9,59,+0.11
27,Matt Kuchar,16.67,10,60,-0.30
27,Jordan Spieth,16.67,10,60,-0.20
29,Patrick Reed,16.95,10,59,+0.40
30,Jimmy Walker,17.24,10,58,E
