rank,player,%,Total Missed,Total Fwys,Relative to par
1,Harris English,.00,0,60,E
1,Bill Haas,.00,0,59,E
1,Billy Horschel,.00,0,60,E
1,Matt Kuchar,.00,0,60,E
1,Patrick Reed,.00,0,59,E
1,Brandt Snedeker,.00,0,60,E
1,Michael Thompson,.00,0,60,E
1,Boo Weekley,.00,0,60,E
9,Woody Austin,1.67,1,60,+1.00
9,Sangmoon Bae,1.67,1,60,-1.00
9,Scott Brown,1.67,1,60,+1.00
9,Jason Dufner,1.67,1,60,-1.00
9,Ken Duke,1.67,1,60,E
9,Russell Henley,1.67,1,60,+1.00
9,Zach Johnson,1.67,1,60,+1.00
9,Ryan Moore,1.67,1,60,E
9,D.A. Points,1.67,1,60,+2.00
9,Adam Scott,1.67,1,60,-1.00
9,Jordan Spieth,1.67,1,60,E
9,Kevin Streelman,1.67,1,60,+1.00
21,Brian Gay,3.33,2,60,E
21,Chris Kirk,3.33,2,60,+0.50
21,Webb Simpson,3.33,2,60,E
24,John Merrick,5.00,3,60,+1.00
25,Derek Ernst,6.67,4,60,+1.25
26,Jonas Blixt,6.78,4,59,+0.25
26,Martin Laird,6.78,4,59,+0.50
28,Dustin Johnson,8.33,5,60,E
28,Gary Woodland,8.33,5,60,+0.20
30,Jimmy Walker,10.34,6,58,+0.67
