rank,player,%,Number of Times,Attempts,Avg RTP Score
1,Bill Haas,10.0,1,10,-10.00
2,Russell Henley,11.1,1,9,E
3,Billy Horschel,12.5,1,8,E
4,D.A. Points,16.7,2,12,E
5,Sangmoon Bae,22.2,2,9,-5.00
5,Jason Dufner,22.2,2,9,E
7,Woody Austin,23.1,3,13,+3.33
8,Brandt Snedeker,25.0,3,12,E
9,Scott Brown,28.6,2,7,+10.00
9,Harris English,28.6,4,14,E
11,Kevin Streelman,30.0,3,10,E
12,Martin Laird,31.3,5,16,+4.00
13,Ken Duke,33.3,4,12,-2.50
13,Patrick Reed,33.3,5,15,-2.00
13,Boo Weekley,33.3,2,6,+5.00
16,Jordan Spieth,35.3,6,17,E
17,Chris Kirk,35.7,5,14,-2.00
18,Gary Woodland,36.4,4,11,-7.50
19,Zach Johnson,37.5,3,8,+3.33
19,Michael Thompson,37.5,3,8,-6.67
21,Adam Scott,38.5,5,13,E
21,Webb Simpson,38.5,5,13,-6.00
23,Jimmy Walker,42.1,8,19,+6.25
24,Jonas Blixt,43.8,7,16,+1.43
25,Ryan Moore,45.5,5,11,-6.00
26,Brian Gay,50.0,6,12,-3.33
26,John Merrick,50.0,4,8,+5.00
28,Dustin Johnson,63.6,14,22,+0.71
29,Derek Ernst,70.0,7,10,+4.29
