rank,player,%,Total Rough,Possible Fwys,Relative to par
1,Derek Ernst,8.33,5,60,E
2,Zach Johnson,11.67,7,60,E
3,Jason Dufner,13.33,8,60,+2.50
3,Russell Henley,13.33,8,60,-1.25
3,Billy Horschel,13.33,8,60,-1.25
3,John Merrick,13.33,8,60,-1.25
3,Michael Thompson,13.33,8,60,-1.25
8,Woody Austin,15.00,9,60,-2.22
8,Scott Brown,15.00,9,60,-2.22
8,Ken Duke,15.00,9,60,-5.56
8,Chris Kirk,15.00,9,60,-4.44
8,D.A. Points,15.00,9,60,E
8,Brandt Snedeker,15.00,9,60,+4.44
8,Kevin Streelman,15.00,9,60,+2.22
8,Boo Weekley,15.00,9,60,-1.11
8,Gary Woodland,15.00,9,60,-4.44
17,Matt Kuchar,16.67,10,60,-3.00
18,Bill Haas,16.95,10,59,+2.00
19,Brian Gay,18.33,11,60,-0.91
19,Ryan Moore,18.33,11,60,-0.91
21,Sangmoon Bae,20.00,12,60,-1.67
21,Webb Simpson,20.00,12,60,-4.17
23,Jonas Blixt,20.34,12,59,+2.50
24,Harris English,21.67,13,60,-1.54
25,Martin Laird,22.03,13,59,+0.77
26,Adam Scott,25.00,15,60,-2.00
27,Jimmy Walker,25.86,15,58,E
28,Jordan Spieth,26.67,16,60,-1.25
29,Patrick Reed,28.81,17,59,+1.76
30,Dustin Johnson,33.33,20,60,-1.50
