rank,player,%,Fairways Hit,Possible Fairways
1,Michael Thompson,86.67,52,60
2,Boo Weekley,85.00,51,60
3,Scott Brown,83.33,50,60
3,Jason Dufner,83.33,50,60
3,Derek Ernst,83.33,50,60
3,Russell Henley,83.33,50,60
3,Billy Horschel,83.33,50,60
3,Zach Johnson,83.33,50,60
3,Matt Kuchar,83.33,50,60
3,Kevin Streelman,83.33,50,60
11,John Merrick,81.67,49,60
12,Ken Duke,80.00,48,60
12,Bill Haas,80.00,48,60
12,Brandt Snedeker,80.00,48,60
15,Woody Austin,78.33,47,60
15,Brian Gay,78.33,47,60
15,Ryan Moore,78.33,47,60
15,D.A. Points,78.33,47,60
19,Sangmoon Bae,76.67,46,60
19,Gary Woodland,76.67,46,60
21,Harris English,75.00,45,60
21,Chris Kirk,75.00,45,60
21,Webb Simpson,75.00,45,60
24,Adam Scott,73.33,44,60
25,Martin Laird,70.00,42,60
25,Patrick Reed,70.00,42,60
25,Jordan Spieth,70.00,42,60
28,Jonas Blixt,66.67,40,60
29,Jimmy Walker,61.67,37,60
30,Dustin Johnson,56.67,34,60
