rank,player,%,Total Fairway Bunkers,Possible Fwys,Relative to par
1,Scott Brown,.0,0,60,E
1,Brian Gay,.0,0,60,E
1,Matt Kuchar,.0,0,60,E
1,Martin Laird,.0,0,59,E
1,John Merrick,.0,0,60,E
1,Patrick Reed,.0,0,59,E
1,Adam Scott,.0,0,60,E
1,Kevin Streelman,.0,0,60,E
1,Michael Thompson,.0,0,60,E
1,Jimmy Walker,.0,0,58,E
1,Boo Weekley,.0,0,60,E
1,Gary Woodland,.0,0,60,E
13,Sangmoon Bae,1.7,1,60,E
13,Jason Dufner,1.7,1,60,E
13,Derek Ernst,1.7,1,60,E
13,Bill Haas,1.7,1,59,+1.000
13,Russell Henley,1.7,1,60,+1.000
13,Dustin Johnson,1.7,1,60,E
13,Ryan Moore,1.7,1,60,+1.000
13,Webb Simpson,1.7,1,60,E
13,Jordan Spieth,1.7,1,60,+1.000
22,Ken Duke,3.3,2,60,E
22,Harris English,3.3,2,60,E
22,Billy Horschel,3.3,2,60,E
22,Zach Johnson,3.3,2,60,+0.500
26,Woody Austin,5.0,3,60,+0.333
26,Chris Kirk,5.0,3,60,+0.667
26,D.A. Points,5.0,3,60,+1.000
26,Brandt Snedeker,5.0,3,60,+0.333
30,Jonas Blixt,5.1,3,59,E
