rank,player,Avg,Total Distance (Feet),Total Strokes
1,Sangmoon Bae,"7' 8""",68.833,9
2,Ryan Moore,"8' 10""",97.500,11
3,D.A. Points,"10' 5""",114.667,11
4,Brian Gay,"11' 1""",133.250,12
5,Brandt Snedeker,"11' 8""",140.000,12
6,Webb Simpson,"12' 4""",159.917,13
7,Boo Weekley,"13' 5""",80.667,6
8,Ken Duke,"14' 10""",163.000,11
9,Harris English,"15' 3""",213.417,14
9,Jordan Spieth,"15' 3""",259.750,17
11,John Merrick,"15' 5""",108.083,7
12,Scott Brown,"17' 7""",123.333,7
13,Michael Thompson,"17' 8""",141.333,8
14,Russell Henley,"18' 1""",163.083,9
15,Adam Scott,"18' 2""",236.333,13
16,Zach Johnson,"18' 5""",128.667,7
17,Dustin Johnson,"18' 10""",377.000,20
18,Jason Dufner,"19' 0""",171.250,9
19,Matt Kuchar,"20' 0""",160.250,8
20,Gary Woodland,"20' 2""",222.250,11
21,Kevin Streelman,"21' 1""",189.417,9
22,Billy Horschel,"21' 5""",171.250,8
23,Jonas Blixt,"23' 3""",372.083,16
24,Patrick Reed,"24' 0""",383.333,16
25,Woody Austin,"26' 6""",344.417,13
26,Chris Kirk,"27' 6""",357.667,13
27,Derek Ernst,"32' 10""",295.833,9
28,Martin Laird,"33' 11""",576.417,17
29,Jimmy Walker,"39' 0""",702.167,18
30,Bill Haas,"42' 5""",466.167,11
