rank,player,%,Number of Times,Attempts,Avg RTP Score
1,Derek Ernst,30.0,3,10,+6.67
2,Dustin Johnson,36.4,8,22,-1.25
3,Brian Gay,50.0,6,12,+1.67
3,John Merrick,50.0,4,8,E
5,Ryan Moore,54.5,6,11,+5.00
6,Jonas Blixt,56.3,9,16,+4.44
7,Jimmy Walker,57.9,11,19,+0.91
8,Adam Scott,61.5,8,13,-3.75
8,Webb Simpson,61.5,8,13,-2.50
10,Zach Johnson,62.5,5,8,+2.00
10,Michael Thompson,62.5,5,8,+2.00
12,Gary Woodland,63.6,7,11,+1.43
13,Chris Kirk,64.3,9,14,+1.11
14,Jordan Spieth,64.7,11,17,-0.91
15,Ken Duke,66.7,8,12,-5.00
15,Patrick Reed,66.7,10,15,+4.00
15,Boo Weekley,66.7,4,6,-2.50
18,Martin Laird,68.8,11,16,+0.91
19,Kevin Streelman,70.0,7,10,+4.29
20,Scott Brown,71.4,5,7,-4.00
20,Harris English,71.4,10,14,-2.00
22,Brandt Snedeker,75.0,9,12,+5.56
23,Woody Austin,76.9,10,13,-1.00
24,Sangmoon Bae,77.8,7,9,E
24,Jason Dufner,77.8,7,9,+2.86
26,D.A. Points,83.3,10,12,+6.00
27,Billy Horschel,87.5,7,8,E
28,Russell Henley,88.9,8,9,+1.25
29,Bill Haas,90.0,9,10,+4.44
30,Matt Kuchar,100.0,8,8,-2.50
