rank,player,RTP Score
1,Ken Duke,-.667
2,Scott Brown,-.571
3,Boo Weekley,-.400
4,Adam Scott,-.333
5,Matt Kuchar,-.300
6,Webb Simpson,-.286
7,Woody Austin,-.250
7,Harris English,-.250
7,Dustin Johnson,-.250
7,Chris Kirk,-.250
11,Jordan Spieth,-.200
12,John Merrick,-.167
13,Russell Henley,-.143
13,Billy Horschel,-.143
15,Sangmoon Bae,-.111
16,Zach Johnson,E
16,Jimmy Walker,E
16,Gary Woodland,E
19,Martin Laird,+.111
20,D.A. Points,+.125
21,Brian Gay,+.167
22,Michael Thompson,+.200
23,Jonas Blixt,+.333
23,Jason Dufner,+.333
23,Ryan Moore,+.333
26,Bill Haas,+.375
27,Patrick Reed,+.400
28,Kevin Streelman,+.429
29,Brandt Snedeker,+.571
30,Derek Ernst,+.667
