rank,player,%,# Hit,Total Attempts
1,Boo Weekley,100.00,60,60
2,Brian Gay,98.33,59,60
2,Matt Kuchar,98.33,59,60
2,Michael Thompson,98.33,59,60
5,Ken Duke,96.67,58,60
5,Russell Henley,96.67,58,60
5,Billy Horschel,96.67,58,60
5,Webb Simpson,96.67,58,60
9,Woody Austin,95.00,57,60
9,Gary Woodland,95.00,57,60
11,Sangmoon Bae,93.33,56,60
11,Scott Brown,93.33,56,60
11,Jason Dufner,93.33,56,60
11,Harris English,93.33,56,60
11,Bill Haas,93.33,56,60
11,Zach Johnson,93.33,56,60
11,Chris Kirk,93.33,56,60
11,Martin Laird,93.33,56,60
11,John Merrick,93.33,56,60
11,Ryan Moore,93.33,56,60
11,Adam Scott,93.33,56,60
11,Jordan Spieth,93.33,56,60
23,Dustin Johnson,91.67,55,60
23,D.A. Points,91.67,55,60
23,Patrick Reed,91.67,55,60
23,Kevin Streelman,91.67,55,60
27,Derek Ernst,90.00,54,60
27,Brandt Snedeker,90.00,54,60
29,Jonas Blixt,86.67,52,60
30,Jimmy Walker,81.67,49,60
