rank,player,%,Total Right rough,Possible Fwys,Relative to par
1,Matt Kuchar,.00,0,60,E
2,Woody Austin,1.67,1,60,E
2,Russell Henley,1.67,1,60,E
2,Billy Horschel,1.67,1,60,E
2,D.A. Points,1.67,1,60,-1.00
6,Scott Brown,3.33,2,60,+1.00
6,Jason Dufner,3.33,2,60,E
6,Derek Ernst,3.33,2,60,-1.00
6,Zach Johnson,3.33,2,60,E
6,John Merrick,3.33,2,60,E
6,Brandt Snedeker,3.33,2,60,E
6,Kevin Streelman,3.33,2,60,-0.50
13,Bill Haas,3.39,2,59,-0.50
14,Sangmoon Bae,5.00,3,60,-0.33
14,Ken Duke,5.00,3,60,-0.33
14,Michael Thompson,5.00,3,60,-0.67
17,Boo Weekley,6.67,4,60,+0.25
17,Gary Woodland,6.67,4,60,-1.00
19,Martin Laird,6.78,4,59,E
20,Harris English,8.33,5,60,E
20,Brian Gay,8.33,5,60,-0.40
20,Chris Kirk,8.33,5,60,-0.60
20,Ryan Moore,8.33,5,60,-0.60
20,Webb Simpson,8.33,5,60,-0.60
25,Jimmy Walker,8.62,5,58,E
26,Adam Scott,10.00,6,60,E
26,Jordan Spieth,10.00,6,60,E
28,Jonas Blixt,10.17,6,59,+0.17
29,Patrick Reed,11.86,7,59,-0.14
30,Dustin Johnson,20.00,12,60,-0.08
