rank,player,%,Fairways Hit,Possible Fairways,Relative to Par
1,Michael Thompson,86.67,52,60,-0.17
2,Boo Weekley,85.00,51,60,-0.12
3,Scott Brown,83.33,50,60,-0.10
3,Jason Dufner,83.33,50,60,-0.34
3,Derek Ernst,83.33,50,60,-0.04
3,Russell Henley,83.33,50,60,-0.16
3,Billy Horschel,83.33,50,60,-0.26
3,Zach Johnson,83.33,50,60,-0.38
3,Matt Kuchar,83.33,50,60,-0.30
3,Kevin Streelman,83.33,50,60,-0.36
11,John Merrick,81.67,49,60,-0.12
12,Bill Haas,81.36,48,59,-0.23
13,Ken Duke,80.00,48,60,-0.15
13,Brandt Snedeker,80.00,48,60,-0.33
15,Woody Austin,78.33,47,60,-0.30
15,Brian Gay,78.33,47,60,-0.11
15,Ryan Moore,78.33,47,60,-0.21
15,D.A. Points,78.33,47,60,-0.13
19,Sangmoon Bae,76.67,46,60,-0.15
19,Chris Kirk,76.67,46,60,-0.24
19,Gary Woodland,76.67,46,60,-0.22
22,Harris English,75.00,45,60,-0.27
22,Webb Simpson,75.00,45,60,-0.29
24,Adam Scott,73.33,44,60,-0.23
25,Martin Laird,71.19,42,59,-0.36
25,Patrick Reed,71.19,42,59,-0.31
27,Jordan Spieth,70.00,42,60,-0.36
28,Jonas Blixt,67.80,40,59,-0.25
29,Jimmy Walker,63.79,37,58,-0.38
30,Dustin Johnson,56.67,34,60,-0.32
