rank,player,Avg DTP,Total Distance (feet),# of Shots,Scrambling Rank
1,Paul Casey,"6' 0""",35.750,6,22
2,Kevin Na,"6' 2""",30.667,5,30
3,Patrick Cantlay,"6' 6""",19.500,3,12
4,Collin Morikawa,"6' 10""",41.167,6,26
5,Max Homa,"7' 8""",30.750,4,20
6,Kevin Kisner,"7' 11""",55.417,7,19
7,Graeme McDowell,"8' 2""",56.917,7,21
8,Xander Schauffele,"8' 5""",67.250,8,1
9,Joaquin Niemann,"8' 8""",43.500,5,13
10,Brendon Todd,"9' 0""",62.833,7,5
11,Justin Thomas,"9' 1""",72.750,8,32
12,Sung Kang,"9' 11""",69.667,7,31
13,Patrick Reed,"10' 2""",91.417,9,3
14,Sebastián Muñoz,"10' 4""",103.667,10,24
15,Adam Long,"10' 9""",75.333,7,15
16,Ryan Palmer,"11' 1""",44.167,4,24
16,Gary Woodland,"11' 1""",55.500,5,8
18,Matthew Wolff,"12' 2""",73.167,6,5
19,Nate Lashley,"12' 8""",76.083,6,14
19,Jon Rahm,"12' 8""",50.667,4,7
21,Lanto Griffin,"12' 11""",64.500,5,2
22,Corey Conners,"13' 1""",117.583,9,18
23,Dustin Johnson,"13' 3""",66.417,5,23
24,Rickie Fowler,"13' 4""",80.167,6,4
25,Martin Trainer,"14' 0""",140.000,10,29
26,J.B. Holmes,"14' 2""",155.917,11,28
27,Chez Reavie,"14' 4""",43.083,3,10
28,Dylan Frittelli,"14' 8""",102.833,7,15
29,Jim Herman,"15' 0""",119.667,8,33
30,Keith Mitchell,"15' 10""",111.083,7,34
31,J.T. Poston,"16' 3""",113.917,7,11
32,Tyler Duncan,"17' 10""",125.000,7,27
33,Cameron Champ,"19' 1""",114.667,6,15
34,Matt Kuchar,"27' 6""",137.667,5,8
