rank,player,Avg DTP,Total Distance (feet),# of Shots,Scrambling Rank
1,Lanto Griffin,"4' 8""",42.250,9,2
2,Jon Rahm,"5' 9""",51.667,9,7
3,Matt Kuchar,"5' 10""",35.083,6,8
4,Ryan Palmer,"6' 4""",38.000,6,24
5,Rickie Fowler,"6' 7""",39.500,6,4
6,Patrick Reed,"7' 0""",91.500,13,3
7,Sung Kang,"7' 5""",81.750,11,31
7,Justin Thomas,"7' 5""",29.750,4,32
9,Max Homa,"7' 7""",30.333,4,20
10,Adam Long,"7' 9""",70.083,9,15
11,Xander Schauffele,"7' 11""",31.750,4,1
12,Cameron Champ,"8' 3""",66.250,8,15
13,Kevin Kisner,"8' 6""",25.500,3,19
14,Nate Lashley,"8' 10""",44.083,5,14
15,Chez Reavie,"8' 11""",80.250,9,10
16,Collin Morikawa,"9' 4""",65.167,7,26
17,Brendon Todd,"9' 8""",58.167,6,5
18,J.B. Holmes,"10' 3""",102.333,10,28
18,Matthew Wolff,"10' 3""",71.917,7,5
20,Martin Trainer,"10' 6""",115.750,11,29
21,Paul Casey,"10' 11""",87.583,8,22
21,Dylan Frittelli,"10' 11""",54.583,5,15
23,Graeme McDowell,"11' 4""",68.000,6,21
23,Joaquin Niemann,"11' 4""",68.083,6,13
25,J.T. Poston,"11' 6""",103.583,9,11
26,Patrick Cantlay,"11' 7""",57.917,5,12
27,Kevin Na,"11' 9""",70.250,6,30
28,Keith Mitchell,"12' 2""",85.000,7,34
29,Sebastián Muñoz,"13' 0""",104.250,8,24
30,Gary Woodland,"14' 5""",72.167,5,8
31,Corey Conners,"15' 5""",77.083,5,18
32,Jim Herman,"20' 2""",140.917,7,33
33,Tyler Duncan,"21' 4""",106.667,5,27
34,Dustin Johnson,"21' 6""",64.417,3,23
