rank,player,Avg DTP,Total Distance (feet),# of Shots,Scrambling Rank
1,Chez Reavie,"3' 2""",.346,9,10
2,Graeme McDowell,"5' 4""",.834,13,21
3,Brendon Todd,"5' 8""",1.083,16,5
4,Max Homa,"6' 1""",.803,11,20
5,Joaquin Niemann,"6' 2""",1.041,14,13
6,Rickie Fowler,"6' 5""",.926,12,4
7,Kevin Na,"6' 6""",.931,12,30
7,Xander Schauffele,"6' 6""",1.476,19,1
9,Patrick Cantlay,"6' 8""",.958,12,12
9,Paul Casey,"6' 8""",1.126,14,22
11,Kevin Kisner,"6' 10""",1.314,16,19
12,Sung Kang,"6' 11""",1.164,14,31
13,Justin Thomas,"7' 0""",1.170,14,32
14,Ryan Palmer,"7' 1""",1.020,12,24
15,Matthew Wolff,"7' 3""",1.388,16,5
16,Adam Long,"7' 7""",1.370,15,15
17,Collin Morikawa,"7' 8""",1.479,16,26
17,Patrick Reed,"7' 8""",1.649,18,3
19,Dustin Johnson,"7' 9""",1.023,11,23
20,Gary Woodland,"7' 11""",1.418,15,8
21,Sebastián Muñoz,"8' 3""",1.986,20,24
22,Jon Rahm,"8' 4""",1.397,14,7
23,Tyler Duncan,"8' 5""",1.515,15,27
24,J.B. Holmes,"9' 0""",1.617,15,28
25,Cameron Champ,"9' 6""",1.826,16,15
25,Martin Trainer,"9' 6""",1.592,14,29
27,Matt Kuchar,"10' 3""",1.603,13,8
28,Dylan Frittelli,"10' 4""",2.223,18,15
28,J.T. Poston,"10' 4""",1.492,12,11
30,Corey Conners,"10' 5""",1.748,14,18
30,Lanto Griffin,"10' 5""",.751,6,2
32,Jim Herman,"10' 11""",1.178,9,33
32,Nate Lashley,"10' 11""",1.831,14,14
34,Keith Mitchell,"11' 4""",1.899,14,34
