rank,player,Avg DTP,Total Distance (feet),# of Shots,Scrambling Rank
1,Ryan Palmer,"6' 6""",143.083,22,24
2,Lanto Griffin,"6' 7""",151.167,23,2
3,Brendon Todd,"6' 8""",160.167,24,5
4,Xander Schauffele,"6' 9""",188.167,28,1
5,Max Homa,"6' 10""",108.667,16,20
6,Patrick Reed,"6' 11""",264.333,38,3
6,Justin Thomas,"6' 11""",165.250,24,32
8,Joaquin Niemann,"7' 2""",178.417,25,13
9,Graeme McDowell,"7' 3""",217.417,30,21
10,Jon Rahm,"7' 4""",197.417,27,7
11,Matthew Wolff,"7' 5""",221.500,30,5
12,Patrick Cantlay,"7' 6""",142.667,19,12
12,Rickie Fowler,"7' 6""",225.000,30,4
12,Kevin Kisner,"7' 6""",186.667,25,19
15,Collin Morikawa,"7' 7""",205.667,27,26
16,Paul Casey,"7' 9""",224.333,29,22
16,Chez Reavie,"7' 9""",200.833,26,10
18,Sung Kang,"7' 11""",230.500,29,31
19,Adam Long,"8' 0""",255.667,32,15
20,Kevin Na,"8' 1""",250.167,31,30
20,Gary Woodland,"8' 1""",217.583,27,8
22,Cameron Champ,"9' 0""",298.000,33,15
23,Martin Trainer,"9' 1""",262.833,29,29
24,Nate Lashley,"9' 3""",213.250,23,14
25,J.B. Holmes,"9' 4""",280.583,30,28
25,Dustin Johnson,"9' 4""",167.833,18,23
27,Sebastián Muñoz,"9' 6""",285.417,30,24
28,Dylan Frittelli,"9' 7""",259.333,27,15
29,J.T. Poston,"9' 9""",263.417,27,11
30,Corey Conners,"10' 3""",236.583,23,18
30,Keith Mitchell,"10' 3""",286.750,28,34
32,Matt Kuchar,"10' 5""",239.417,23,8
33,Tyler Duncan,"11' 5""",239.667,21,27
34,Jim Herman,"16' 5""",296.167,18,33
