rank,player,Avg DTP,Total Distance (feet),# of Shots,Scrambling Rank
1,Matt Kuchar,"5' 0""",45.083,9,8
2,Justin Thomas,"5' 1""",20.333,4,32
3,Brendon Todd,"6' 2""",55.667,9,5
4,Rickie Fowler,"6' 3""",69.167,11,4
5,Lanto Griffin,"6' 9""",40.500,6,2
6,Cameron Champ,"6' 11""",75.917,11,15
7,Keith Mitchell,"7' 5""",81.500,11,34
7,Xander Schauffele,"7' 5""",51.917,7,1
9,Ryan Palmer,"7' 6""",60.167,8,24
9,Gary Woodland,"7' 6""",67.333,9,8
11,Max Homa,"7' 8""",61.417,8,20
12,Collin Morikawa,"7' 10""",47.000,6,26
13,J.B. Holmes,"8' 0""",63.917,8,28
14,Chez Reavie,"8' 1""",64.750,8,10
15,Matthew Wolff,"8' 8""",69.167,8,5
16,Patrick Reed,"8' 10""",97.500,11,3
17,Martin Trainer,"8' 11""",71.333,8,29
18,Corey Conners,"9' 4""",46.500,5,18
18,Sung Kang,"9' 4""",55.833,6,31
20,Jon Rahm,"9' 10""",107.833,11,7
21,Paul Casey,"10' 1""",111.250,11,22
21,Tyler Duncan,"10' 1""",90.583,9,27
23,Dustin Johnson,"10' 4""",51.750,5,23
24,Kevin Kisner,"10' 5""",94.083,9,19
25,J.T. Poston,"10' 11""",109.083,10,11
26,Dylan Frittelli,"11' 5""",68.500,6,15
27,Joaquin Niemann,"11' 7""",57.750,5,13
28,Sebastián Muñoz,"12' 5""",99.083,8,24
29,Adam Long,"12' 8""",88.833,7,15
30,Patrick Cantlay,"14' 2""",70.833,5,12
31,Graeme McDowell,"14' 3""",85.250,6,21
31,Kevin Na,"14' 3""",142.500,10,30
33,Jim Herman,"21' 3""",106.167,5,33
34,Nate Lashley,"21' 10""",65.417,3,14
