rank,player,Avg DTP,Total Distance (feet),# of Shots,Scrambling Rank
1,Tyler Duncan,"0""",0,1,27
1,Gary Woodland,"0""",0,1,8
3,Kevin Kisner,"10""",1.583,2,19
3,Matt Kuchar,"10""",.833,1,8
5,Adam Long,"11""",3.583,4,15
6,Rickie Fowler,"1' 1""",3.250,3,4
7,Patrick Cantlay,"1' 2""",5.917,5,12
7,J.B. Holmes,"1' 2""",2.333,2,28
9,Xander Schauffele,"1' 5""",2.833,2,1
10,Kevin Na,"1' 6""",6.083,4,30
10,Jon Rahm,"1' 6""",6.000,4,7
12,Matthew Wolff,"1' 7""",7.917,5,5
13,Chez Reavie,"2' 0""",4.000,2,10
14,Dustin Johnson,"2' 1""",2.083,1,23
15,Sebastián Muñoz,"2' 4""",9.333,4,24
15,J.T. Poston,"2' 4""",4.667,2,11
17,Patrick Reed,"2' 8""",8.000,3,3
18,Paul Casey,"2' 9""",8.250,3,22
19,Lanto Griffin,"2' 10""",11.417,4,2
19,Jim Herman,"2' 10""",2.833,1,33
19,Max Homa,"2' 10""",2.833,1,20
19,Joaquin Niemann,"2' 10""",17.000,6,13
19,Ryan Palmer,"2' 10""",5.583,2,24
24,Brendon Todd,"2' 11""",5.750,2,5
25,Nate Lashley,"3' 5""",10.167,3,14
26,Graeme McDowell,"3' 8""",32.917,9,21
27,Corey Conners,"3' 11""",19.583,5,18
27,Sung Kang,"3' 11""",11.667,3,31
29,Cameron Champ,"4' 2""",16.500,4,15
30,Martin Trainer,"4' 3""",8.500,2,29
31,Dylan Frittelli,"4' 4""",13.083,3,15
32,Keith Mitchell,"6' 0""",11.917,2,34
33,Collin Morikawa,"6' 3""",18.833,3,26
34,Justin Thomas,"7' 2""",28.500,4,32
