rank,player,Avg dtp,Total Distance (Feet),Attempts
1,Xander Schauffele,"4' 4""",52.000,12
2,Joaquin Niemann,"6' 2""",104.250,17
3,Brendon Todd,"6' 3""",136.833,22
4,Justin Thomas,"6' 4""",88.583,14
5,Cameron Champ,"6' 5""",121.417,19
6,Rickie Fowler,"6' 8""",147.167,22
7,Matthew Wolff,"6' 10""",177.750,26
8,Patrick Cantlay,"6' 11""",90.083,13
9,Lanto Griffin,"7' 1""",120.250,17
10,Graeme McDowell,"7' 2""",158.083,22
11,Kevin Na,"7' 3""",151.500,21
12,Dylan Frittelli,"7' 6""",142.583,19
12,Adam Long,"7' 6""",141.750,19
14,J.B. Holmes,"7' 9""",178.333,23
15,Patrick Reed,"8' 0""",232.250,29
16,Collin Morikawa,"8' 3""",148.500,18
17,Gary Woodland,"8' 4""",158.917,19
18,Nate Lashley,"8' 9""",175.000,20
19,Corey Conners,"8' 10""",123.500,14
20,Chez Reavie,"8' 11""",214.750,24
21,Matt Kuchar,"9' 1""",173.250,19
22,Paul Casey,"9' 2""",192.917,21
23,Ryan Palmer,"9' 4""",168.500,18
24,Dustin Johnson,"9' 5""",122.917,13
25,J.T. Poston,"9' 6""",190.667,20
26,Jon Rahm,"9' 7""",163.583,17
27,Kevin Kisner,"9' 11""",217.500,22
27,Martin Trainer,"9' 11""",257.333,26
29,Tyler Duncan,"10' 1""",201.167,20
30,Sebastián Muñoz,"10' 10""",205.917,19
31,Max Homa,"10' 11""",175.083,16
32,Sung Kang,"13' 10""",277.417,20
33,Keith Mitchell,"16' 3""",406.667,25
34,Jim Herman,"17' 0""",306.583,18
