rank,player,Total
1,Davis Love III,3
2,Stewart Cink,2
2,Trevor Immelman,2
2,Zach Johnson,2
2,Adam Scott,2
6,Cameron Beckman,1
6,Daniel Chopra,1
6,Ernie Els,1
6,Anthony Kim,1
6,Sean O'Hair,1
6,Geoff Ogilvy,1
6,Ryan Palmer,1
6,Kenny Perry,1
6,Carl Pettersson,1
6,Chez Reavie,1
6,D.J. Trahan,1
6,Johnson Wagner,1
18,K.J. Choi,0
18,Brian Gay,0
18,J.B. Holmes,0
18,Ryuji Imada,0
18,Dustin Johnson,0
18,Richard Johnson,0
18,Greg Kraft,0
18,Justin Leonard,0
18,Steve Lowery,0
18,Will MacKenzie,0
18,Parker McLachlin,0
18,Andres Romero,0
18,Vijay Singh,0
18,Marc Turnesa,0
18,Camilo Villegas,0
18,Boo Weekley,0
