rank,player,%,# Birdies/Eagles,# Holes
1,Geoff Ogilvy,38.89,28,72
2,Dustin Johnson,33.33,24,72
2,Anthony Kim,33.33,24,72
4,Daniel Chopra,31.94,23,72
4,Steve Lowery,31.94,23,72
6,J.B. Holmes,30.56,22,72
6,Sean O'Hair,30.56,22,72
6,Vijay Singh,30.56,22,72
6,Camilo Villegas,30.56,22,72
10,Ryuji Imada,29.17,21,72
10,Justin Leonard,29.17,21,72
10,Davis Love III,29.17,21,72
13,Ernie Els,27.78,20,72
13,Zach Johnson,27.78,20,72
13,Will MacKenzie,27.78,20,72
13,D.J. Trahan,27.78,20,72
13,Boo Weekley,27.78,20,72
18,K.J. Choi,26.39,19,72
18,Kenny Perry,26.39,19,72
20,Chez Reavie,25.00,18,72
20,Johnson Wagner,25.00,18,72
22,Cameron Beckman,23.61,17,72
22,Richard Johnson,23.61,17,72
22,Parker McLachlin,23.61,17,72
22,Adam Scott,23.61,17,72
26,Trevor Immelman,22.22,16,72
26,Ryan Palmer,22.22,16,72
26,Carl Pettersson,22.22,16,72
29,Stewart Cink,20.83,15,72
29,Marc Turnesa,20.83,15,72
31,Brian Gay,19.44,14,72
31,Greg Kraft,19.44,14,72
31,Andres Romero,19.44,14,72
