rank,player,%
1,Dustin Johnson,75.00
2,Sean O'Hair,66.67
3,Davis Love III,60.00
4,Ernie Els,50.00
4,Kenny Perry,50.00
6,Camilo Villegas,44.44
7,Anthony Kim,42.86
8,Andres Romero,40.00
8,Vijay Singh,40.00
10,Adam Scott,37.50
11,Steve Lowery,36.36
12,Stewart Cink,33.33
12,Richard Johnson,33.33
12,Will MacKenzie,33.33
12,Boo Weekley,33.33
16,J.B. Holmes,28.57
17,Brian Gay,25.00
17,Justin Leonard,25.00
19,Daniel Chopra,21.43
20,Trevor Immelman,20.00
20,Greg Kraft,20.00
20,Geoff Ogilvy,20.00
20,Marc Turnesa,20.00
20,Johnson Wagner,20.00
25,Ryuji Imada,18.18
26,Zach Johnson,16.67
26,Ryan Palmer,16.67
26,D.J. Trahan,16.67
29,Chez Reavie,14.29
30,K.J. Choi,12.50
30,Parker McLachlin,12.50
32,Cameron Beckman,.00
32,Carl Pettersson,.00
