rank,player,Value,Total Drv Rank,GIR Rank
1,Peter Tomasulo,6,3,3
2,Vijay Singh,9,8,1
3,John Rollins,13,6,7
4,James Hahn,20,15,5
5,Chad Campbell,27,10,17
5,Scott Gardiner,27,4,23
7,John Senden,29,22,7
8,Russell Henley,30,28,2
9,Billy Horschel,31,8,23
10,Dicky Pride,36,29,7
11,Brendon de Jonge,38,31,7
11,Josh Teater,38,15,23
13,Kevin Streelman,39,34,5
14,David Mathis,41,34,7
15,Jeff Maggert,44,41,3
15,Jeff Overton,44,11,33
17,Henrik Norlander,45,7,38
18,John Huh,46,23,23
19,Doug LaBelle II,48,25,23
20,John Daly,49,11,38
21,Pat Perez,51,44,7
22,Stephen Ames,53,15,38
22,Scott Piercy,53,20,33
24,Ryan Palmer,54,37,17
24,Jimmy Walker,54,31,23
26,Derek Ernst,55,38,17
27,Russ Cochran,56,33,23
27,Hideto Tanihara,56,49,7
27,Y.E. Yang,56,1,55
30,Brad Fritsch,57,2,55
31,Brian Stuard,58,25,33
32,Chris Kirk,60,11,49
33,Harris English,63,30,33
33,Nicholas Thompson,63,25,38
35,Jason Kokrak,65,5,60
35,Marc Leishman,65,58,7
37,Ricky Barnes,66,59,7
38,Ben Kohles,67,60,7
38,Rory Sabbatini,67,50,17
40,David Hearn,68,19,49
41,Tim Clark,69,52,17
42,Shawn Stefani,70,47,23
43,Matt Jones,73,50,23
44,Fabián Gómez,78,18,60
45,Morgan Hoffmann,82,11,71
46,Justin Leonard,83,45,38
46,Webb Simpson,83,45,38
48,Charles Howell III,88,71,17
48,Charlie Wi,88,23,65
50,Danny Lee,90,52,38
51,Bart Bryant,91,36,55
51,Justin Hicks,91,68,23
53,Shane Bertsch,92,54,38
53,Keegan Bradley,92,21,71
53,Erik Compton,92,54,38
56,Dean Wilson,94,56,38
57,Tommy Gainey,98,38,60
58,Steve Marino,100,40,60
59,Mark Anderson,107,74,33
60,David Lingmerth,109,43,66
61,Scott Langley,111,62,49
61,Carl Pettersson,111,73,38
63,Alistair Presnell,112,41,71
64,Cameron Percy,113,64,49
65,Kyle Stanley,114,61,53
66,Brian Gay,117,64,53
67,Sangmoon Bae,118,63,55
68,Steven Bowditch,122,48,74
69,D.H. Lee,124,69,55
70,George McNeill,125,56,69
71,Matt Kuchar,132,72,60
72,Tim Herron,133,67,66
73,Robert Streb,135,66,69
73,Lee Williams,135,69,66
