rank,player,%,Greens Hit,# Holes,Relative/Par
1,Vijay Singh,84.72,61,72,-0.16
2,Russell Henley,83.33,60,72,-0.43
3,Jeff Maggert,77.78,56,72,-0.20
3,Peter Tomasulo,77.78,56,72,-0.27
5,James Hahn,76.39,55,72,-0.18
5,Kevin Streelman,76.39,55,72,-0.27
7,Ricky Barnes,75.00,54,72,-0.28
7,Brendon de Jonge,75.00,54,72,-0.20
7,Ben Kohles,75.00,54,72,-0.22
7,Marc Leishman,75.00,54,72,-0.39
7,David Mathis,75.00,54,72,-0.28
7,Pat Perez,75.00,54,72,-0.31
7,Dicky Pride,75.00,54,72,-0.37
7,John Rollins,75.00,54,72,-0.28
7,John Senden,75.00,54,72,-0.28
7,Hideto Tanihara,75.00,54,72,-0.22
17,Chad Campbell,73.61,53,72,-0.26
17,Tim Clark,73.61,53,72,-0.40
17,Derek Ernst,73.61,53,72,-0.19
17,Charles Howell III,73.61,53,72,-0.38
17,Ryan Palmer,73.61,53,72,-0.17
17,Rory Sabbatini,73.61,53,72,-0.23
23,Russ Cochran,72.22,52,72,-0.27
23,Scott Gardiner,72.22,52,72,-0.37
23,Justin Hicks,72.22,52,72,-0.29
23,Billy Horschel,72.22,52,72,-0.33
23,John Huh,72.22,52,72,-0.23
23,Matt Jones,72.22,52,72,-0.37
23,Doug LaBelle II,72.22,52,72,-0.35
23,Shawn Stefani,72.22,52,72,-0.25
23,Josh Teater,72.22,52,72,-0.38
23,Jimmy Walker,72.22,52,72,-0.29
33,Mark Anderson,70.83,51,72,-0.29
33,Harris English,70.83,51,72,-0.41
33,Jeff Overton,70.83,51,72,-0.41
33,Scott Piercy,70.83,51,72,-0.37
33,Brian Stuard,70.83,51,72,-0.43
38,Stephen Ames,69.44,50,72,-0.36
38,Shane Bertsch,69.44,50,72,-0.36
38,Erik Compton,69.44,50,72,-0.32
38,John Daly,69.44,50,72,-0.32
38,Danny Lee,69.44,50,72,-0.36
38,Justin Leonard,69.44,50,72,-0.28
38,Henrik Norlander,69.44,50,72,-0.40
38,Carl Pettersson,69.44,50,72,-0.24
38,Webb Simpson,69.44,50,72,-0.32
38,Nicholas Thompson,69.44,50,72,-0.30
38,Dean Wilson,69.44,50,72,-0.24
49,David Hearn,68.06,49,72,-0.35
49,Chris Kirk,68.06,49,72,-0.45
49,Scott Langley,68.06,49,72,-0.47
49,Cameron Percy,68.06,49,72,-0.22
53,Brian Gay,66.67,48,72,-0.31
53,Kyle Stanley,66.67,48,72,-0.25
55,Sangmoon Bae,65.28,47,72,-0.32
55,Bart Bryant,65.28,47,72,-0.32
55,Brad Fritsch,65.28,47,72,-0.36
55,D.H. Lee,65.28,47,72,-0.28
55,Y.E. Yang,65.28,47,72,-0.38
60,Tommy Gainey,63.89,46,72,-0.30
60,Fabián Gómez,63.89,46,72,-0.24
60,Jason Kokrak,63.89,46,72,-0.33
60,Matt Kuchar,63.89,46,72,-0.39
60,Steve Marino,63.89,46,72,-0.28
65,Charlie Wi,62.50,45,72,-0.42
66,Tim Herron,61.11,44,72,-0.34
66,David Lingmerth,61.11,44,72,-0.41
66,Lee Williams,61.11,44,72,-0.27
69,George McNeill,59.72,43,72,-0.30
69,Robert Streb,59.72,43,72,-0.28
71,Keegan Bradley,58.33,42,72,-0.38
71,Morgan Hoffmann,58.33,42,72,-0.31
71,Alistair Presnell,58.33,42,72,-0.26
74,Steven Bowditch,55.56,40,72,-0.23
