rank,player,Avg DTP,Total Distance (feet),# of Shots,Scrambling Rank
1,Collin Morikawa,"2' 0""",4.000,2,8
2,Jason Kokrak,"3' 3""",3.250,1,30
3,Patrick Cantlay,"3' 9""",11.167,3,14
4,Brendon Todd,"4' 2""",4.167,1,3
5,Abraham Ancer,"4' 3""",12.833,3,11
6,Kevin Na,"4' 11""",24.583,5,40
7,Brian Gay,"5' 3""",15.667,3,16
8,Andrew Landry,"6' 1""",12.167,2,17
8,Cameron Smith,"6' 1""",24.167,4,11
10,Patrick Reed,"6' 2""",24.667,4,24
11,Robert Streb,"6' 3""",6.250,1,34
12,Sungjae Im,"6' 5""",25.667,4,32
12,Kevin Kisner,"6' 5""",12.750,2,20
14,Hideki Matsuyama,"6' 7""",32.917,5,37
15,Sebastián Muñoz,"6' 11""",34.500,5,8
16,Dustin Johnson,"7' 1""",21.167,3,32
16,Martin Laird,"7' 1""",21.333,3,4
18,Jon Rahm,"7' 3""",36.417,5,4
18,Nick Taylor,"7' 3""",21.667,3,7
20,Stewart Cink,"7' 7""",22.750,3,24
21,Scottie Scheffler,"7' 8""",15.333,2,21
22,Xander Schauffele,"7' 9""",15.417,2,19
23,Ryan Palmer,"8' 1""",16.167,2,41
24,Lanto Griffin,"8' 2""",16.333,2,30
25,Viktor Hovland,"8' 8""",17.250,2,21
26,Carlos Ortiz,"8' 11""",44.500,5,34
27,Richy Werenski,"9' 3""",37.000,4,26
28,Sergio Garcia,"9' 4""",18.583,2,4
29,Webb Simpson,"9' 5""",56.667,6,29
30,Tony Finau,"9' 6""",37.833,4,39
31,Bryson DeChambeau,"9' 9""",19.500,2,2
32,Justin Thomas,"10' 0""",19.917,2,8
33,Daniel Berger,"10' 6""",31.583,3,15
34,Cameron Champ,"11' 10""",59.250,5,38
35,Harris English,"13' 4""",40.083,3,17
36,Mackenzie Hughes,"13' 6""",40.500,3,21
37,Billy Horschel,"16' 3""",32.500,2,13
38,Joaquin Niemann,"17' 3""",17.250,1,26
39,Michael Thompson,"19' 11""",19.917,1,28
