rank,player,Avg DTP,Total Distance (feet),# of Shots,Scrambling Rank
1,Justin Thomas,"3' 4""",13.333,4,8
2,Sergio Garcia,"3' 7""",21.667,6,4
3,Daniel Berger,"3' 9""",3.750,1,15
3,Joaquin Niemann,"3' 9""",22.667,6,26
5,Jon Rahm,"3' 10""",30.667,8,4
6,Sebastián Muñoz,"4' 4""",4.333,1,8
7,Scottie Scheffler,"4' 10""",33.917,7,21
7,Cameron Smith,"4' 10""",28.917,6,11
9,Billy Horschel,"5' 3""",15.750,3,13
10,Robert Streb,"5' 7""",44.667,8,34
11,Ryan Palmer,"5' 8""",28.167,5,41
12,Michael Thompson,"5' 9""",17.333,3,28
13,Sungjae Im,"6' 2""",55.417,9,32
14,Viktor Hovland,"6' 3""",37.583,6,21
15,Marc Leishman,"6' 5""",19.167,3,1
16,Collin Morikawa,"6' 8""",53.250,8,8
17,Brian Gay,"7' 0""",35.083,5,16
18,Nick Taylor,"7' 2""",43.083,6,7
19,Patrick Cantlay,"7' 4""",51.083,7,14
20,Harris English,"7' 8""",45.750,6,17
21,Martin Laird,"7' 11""",55.333,7,4
22,Tony Finau,"8' 1""",48.583,6,39
23,Jason Kokrak,"8' 3""",57.917,7,30
23,Andrew Landry,"8' 3""",57.833,7,17
25,Bryson DeChambeau,"8' 6""",59.583,7,2
26,Brendon Todd,"8' 11""",26.667,3,3
27,Stewart Cink,"9' 1""",72.917,8,24
28,Cameron Champ,"9' 2""",54.750,6,38
28,Hideki Matsuyama,"9' 2""",36.667,4,37
30,Mackenzie Hughes,"9' 4""",37.250,4,21
30,Dustin Johnson,"9' 4""",92.917,10,32
32,Richy Werenski,"9' 6""",104.333,11,26
33,Kevin Kisner,"9' 7""",38.167,4,20
34,Xander Schauffele,"9' 10""",88.833,9,19
35,Patrick Reed,"10' 0""",30.083,3,24
36,Kevin Na,"10' 5""",72.917,7,40
37,Adam Scott,"10' 7""",63.250,6,42
38,Webb Simpson,"10' 8""",21.333,2,29
39,Lanto Griffin,"12' 1""",72.667,6,30
40,Carlos Ortiz,"12' 3""",134.667,11,34
41,Abraham Ancer,"13' 10""",55.417,4,11
42,Hudson Swafford,"17' 9""",124.000,7,36
