rank,player,Avg DTP,Total Distance (feet),# of Shots,Scrambling Rank
1,Sungjae Im,"3' 8""",7.250,2,32
2,Kevin Kisner,"4' 5""",30.667,7,20
3,Andrew Landry,"4' 9""",18.917,4,17
4,Martin Laird,"5' 4""",21.250,4,4
5,Joaquin Niemann,"6' 1""",36.583,6,26
6,Jon Rahm,"6' 2""",36.833,6,4
7,Justin Thomas,"6' 3""",37.667,6,8
8,Jason Kokrak,"6' 7""",32.833,5,30
9,Hideki Matsuyama,"6' 8""",46.750,7,37
9,Xander Schauffele,"6' 8""",26.667,4,19
11,Sebastián Muñoz,"7' 2""",57.083,8,8
12,Abraham Ancer,"7' 3""",36.417,5,11
12,Ryan Palmer,"7' 3""",29.083,4,41
14,Collin Morikawa,"7' 4""",21.917,3,8
15,Patrick Cantlay,"7' 10""",39.333,5,14
16,Brendon Todd,"8' 2""",81.250,10,3
17,Cameron Smith,"8' 11""",53.500,6,11
18,Bryson DeChambeau,"9' 1""",27.250,3,2
19,Scottie Scheffler,"9' 2""",36.583,4,21
20,Stewart Cink,"9' 7""",38.167,4,24
21,Viktor Hovland,"9' 8""",48.500,5,21
22,Brian Gay,"9' 9""",48.667,5,16
23,Mackenzie Hughes,"10' 3""",51.333,5,21
24,Dustin Johnson,"10' 5""",41.500,4,32
25,Marc Leishman,"11' 2""",33.500,3,1
26,Harris English,"11' 3""",33.833,3,17
27,Kevin Na,"11' 8""",11.667,1,40
28,Cameron Champ,"11' 11""",83.583,7,38
29,Tony Finau,"12' 9""",63.833,5,39
30,Billy Horschel,"13' 1""",65.333,5,13
31,Sergio Garcia,"13' 3""",92.917,7,4
31,Nick Taylor,"13' 3""",66.417,5,7
33,Lanto Griffin,"13' 6""",53.917,4,30
34,Patrick Reed,"14' 10""",74.083,5,24
34,Robert Streb,"14' 10""",59.333,4,34
36,Richy Werenski,"15' 1""",30.083,2,26
37,Hudson Swafford,"16' 9""",66.917,4,36
38,Carlos Ortiz,"18' 2""",36.333,2,34
39,Webb Simpson,"19' 3""",57.750,3,29
40,Michael Thompson,"21' 3""",85.083,4,28
41,Adam Scott,"22' 0""",88.083,4,42
42,Daniel Berger,"22' 6""",112.417,5,15
