rank,player,Avg DTP,Total Distance (feet),# of Shots,Scrambling Rank
1,Justin Thomas,"2' 8""",.224,7,8
2,Marc Leishman,"3' 10""",.275,6,1
3,Jon Rahm,"3' 11""",.519,11,4
4,Sungjae Im,"4' 1""",.243,5,32
5,Joaquin Niemann,"4' 4""",.732,14,26
6,Daniel Berger,"4' 10""",.405,7,15
6,Mackenzie Hughes,"4' 10""",.584,10,21
8,Sergio Garcia,"5' 0""",.952,16,4
8,Martin Laird,"5' 0""",1.016,17,4
10,Kevin Kisner,"5' 2""",.988,16,20
11,Harris English,"5' 4""",.898,14,17
12,Hideki Matsuyama,"5' 6""",.920,14,37
12,Cameron Smith,"5' 6""",1.191,18,11
14,Scottie Scheffler,"5' 7""",.735,11,21
15,Sebastián Muñoz,"5' 8""",.747,11,8
16,Brendon Todd,"5' 10""",1.043,15,3
17,Ryan Palmer,"6' 0""",.647,9,41
18,Patrick Cantlay,"6' 2""",.885,12,14
18,Jason Kokrak,"6' 2""",.742,10,30
20,Nick Taylor,"6' 3""",1.051,14,7
20,Richy Werenski,"6' 3""",.528,7,26
22,Billy Horschel,"6' 5""",1.001,13,13
22,Webb Simpson,"6' 5""",.612,8,29
24,Bryson DeChambeau,"6' 6""",.543,7,2
24,Viktor Hovland,"6' 6""",.706,9,21
26,Xander Schauffele,"6' 10""",.903,11,19
27,Collin Morikawa,"6' 11""",.834,10,8
28,Tony Finau,"7' 2""",.948,11,39
28,Kevin Na,"7' 2""",.604,7,40
30,Brian Gay,"7' 3""",.869,10,16
31,Dustin Johnson,"8' 2""",.686,7,32
32,Andrew Landry,"8' 3""",1.094,11,17
33,Abraham Ancer,"8' 5""",.905,9,11
33,Cameron Champ,"8' 5""",.705,7,38
35,Stewart Cink,"8' 7""",1.335,13,24
36,Adam Scott,"8' 9""",1.366,13,42
37,Robert Streb,"8' 10""",1.377,13,34
38,Lanto Griffin,"9' 1""",.545,5,30
39,Patrick Reed,"10' 1""",1.329,11,24
40,Carlos Ortiz,"10' 2""",1.096,9,34
41,Hudson Swafford,"11' 10""",1.701,12,36
42,Michael Thompson,"14' 8""",1.406,8,28
