rank,player,Avg DTP,Total Distance (feet),# of Shots,Scrambling Rank
1,Justin Thomas,"4' 5""",79.500,18,8
2,Marc Leishman,"5' 0""",95.250,19,1
3,Collin Morikawa,"5' 1""",111.333,22,8
4,Sebastián Muñoz,"5' 2""",113.583,22,8
5,Kevin Kisner,"5' 3""",125.917,24,20
5,Joaquin Niemann,"5' 3""",94.000,18,26
7,Cameron Smith,"5' 4""",133.000,25,11
8,Hideki Matsuyama,"5' 5""",158.083,29,37
9,Sungjae Im,"5' 7""",122.333,22,32
9,Brendon Todd,"5' 7""",134.000,24,3
11,Ryan Palmer,"5' 11""",118.167,20,41
11,Jon Rahm,"5' 11""",141.000,24,4
13,Martin Laird,"6' 1""",164.667,27,4
14,Patrick Cantlay,"6' 2""",161.333,26,14
14,Sergio Garcia,"6' 2""",166.583,27,4
16,Harris English,"6' 4""",138.667,22,17
16,Viktor Hovland,"6' 4""",158.000,25,21
16,Kevin Na,"6' 4""",132.167,21,40
19,Bryson DeChambeau,"6' 7""",171.083,26,2
19,Mackenzie Hughes,"6' 7""",172.000,26,21
21,Abraham Ancer,"6' 8""",146.750,22,11
21,Brian Gay,"6' 8""",146.083,22,16
23,Andrew Landry,"6' 9""",155.667,23,17
24,Jason Kokrak,"6' 10""",150.917,22,30
25,Xander Schauffele,"7' 0""",153.500,22,19
25,Webb Simpson,"7' 0""",132.750,19,29
27,Scottie Scheffler,"7' 3""",166.000,23,21
28,Billy Horschel,"7' 6""",143.250,19,13
29,Stewart Cink,"7' 7""",181.333,24,24
30,Nick Taylor,"7' 8""",230.417,30,7
31,Patrick Reed,"7' 10""",171.917,22,24
31,Richy Werenski,"7' 10""",172.167,22,26
33,Robert Streb,"8' 0""",168.083,21,34
34,Tony Finau,"8' 1""",161.750,20,39
35,Dustin Johnson,"8' 8""",172.833,20,32
36,Cameron Champ,"8' 9""",219.333,25,38
37,Carlos Ortiz,"10' 0""",199.500,20,34
38,Daniel Berger,"10' 3""",153.750,15,15
39,Lanto Griffin,"10' 10""",205.417,19,30
40,Adam Scott,"11' 0""",175.583,16,42
41,Hudson Swafford,"11' 3""",258.583,23,36
42,Michael Thompson,"11' 4""",158.667,14,28
