rank,player,Avg DTP,Total Distance (feet),# of Shots,Scrambling Rank
1,Brendon Todd,"3' 1""",18.250,6,3
2,Kevin Na,"3' 3""",25.833,8,40
3,Richy Werenski,"3' 5""",27.000,8,26
4,Abraham Ancer,"4' 1""",24.500,6,11
4,Marc Leishman,"4' 1""",36.417,9,1
6,Daniel Berger,"4' 2""",24.750,6,15
7,Xander Schauffele,"4' 3""",34.083,8,19
8,Adam Scott,"4' 5""",13.333,3,42
8,Justin Thomas,"4' 5""",22.167,5,8
10,Patrick Reed,"4' 7""",50.667,11,24
11,Sergio Garcia,"4' 9""",47.500,10,4
12,Webb Simpson,"4' 10""",48.167,10,29
13,Sebastián Muñoz,"4' 11""",44.333,9,8
14,Harris English,"5' 3""",47.333,9,17
15,Hideki Matsuyama,"5' 5""",59.583,11,37
16,Patrick Cantlay,"5' 6""",55.333,10,14
17,Carlos Ortiz,"5' 7""",22.167,4,34
17,Cameron Smith,"5' 7""",33.667,6,11
19,Viktor Hovland,"5' 8""",45.083,8,21
20,Cameron Champ,"5' 9""",62.917,11,38
20,Kevin Kisner,"5' 9""",45.667,8,20
22,Joaquin Niemann,"5' 10""",34.750,6,26
23,Tony Finau,"5' 11""",41.500,7,39
23,Jason Kokrak,"5' 11""",53.083,9,30
23,Ryan Palmer,"5' 11""",59.083,10,41
26,Collin Morikawa,"6' 0""",24.000,4,8
27,Martin Laird,"6' 1""",61.083,10,4
28,Mackenzie Hughes,"6' 2""",74.083,12,21
28,Sungjae Im,"6' 2""",43.083,7,32
30,Stewart Cink,"6' 7""",52.750,8,24
30,Billy Horschel,"6' 7""",46.000,7,13
32,Brian Gay,"7' 3""",58.083,8,16
33,Robert Streb,"7' 11""",63.083,8,34
34,Andrew Landry,"8' 1""",64.583,8,17
34,Nick Taylor,"8' 1""",113.167,14,7
36,Bryson DeChambeau,"8' 4""",74.750,9,2
37,Jon Rahm,"8' 9""",69.833,8,4
38,Hudson Swafford,"9' 7""",57.333,6,36
39,Lanto Griffin,"9' 9""",77.667,8,30
40,Michael Thompson,"9' 10""",49.000,5,28
41,Dustin Johnson,"10' 10""",32.583,3,32
42,Scottie Scheffler,"12' 6""",87.333,7,21
