rank,player,Avg dtp,Total Distance (Feet),Attempts
1,Marc Leishman,"3' 9""",49.250,13
2,Webb Simpson,"4' 0""",52.167,13
3,Bryson DeChambeau,"4' 3""",72.333,17
3,Justin Thomas,"4' 3""",42.667,10
5,Sebastián Muñoz,"4' 5""",66.417,15
6,Sergio Garcia,"4' 7""",59.167,13
6,Viktor Hovland,"4' 7""",55.167,12
8,Harris English,"4' 11""",49.417,10
9,Mackenzie Hughes,"5' 1""",80.833,16
9,Sungjae Im,"5' 1""",61.083,12
11,Kevin Kisner,"5' 2""",92.917,18
11,Collin Morikawa,"5' 2""",62.333,12
13,Patrick Cantlay,"5' 5""",86.917,16
13,Jon Rahm,"5' 5""",64.917,12
15,Kevin Na,"5' 7""",94.750,17
15,Carlos Ortiz,"5' 7""",67.333,12
17,Martin Laird,"5' 8""",79.833,14
17,Hideki Matsuyama,"5' 8""",119.667,21
19,Cameron Smith,"5' 11""",105.833,18
20,Richy Werenski,"6' 7""",72.333,11
21,Robert Streb,"6' 8""",73.583,11
22,Cameron Champ,"6' 10""",75.583,11
22,Andrew Landry,"6' 10""",122.750,18
22,Patrick Reed,"6' 10""",103.000,15
25,Stewart Cink,"7' 0""",97.500,14
25,Brian Gay,"7' 0""",112.167,16
25,Dustin Johnson,"7' 0""",63.333,9
25,Nick Taylor,"7' 0""",139.500,20
29,Joaquin Niemann,"7' 6""",82.083,11
30,Brendon Todd,"7' 11""",127.167,16
31,Xander Schauffele,"8' 0""",103.500,13
32,Scottie Scheffler,"8' 1""",137.083,17
33,Jason Kokrak,"8' 11""",125.167,14
34,Ryan Palmer,"9' 8""",86.833,9
35,Billy Horschel,"10' 0""",110.250,11
36,Abraham Ancer,"10' 8""",181.333,17
37,Hudson Swafford,"12' 5""",235.417,19
38,Michael Thompson,"12' 11""",207.167,16
39,Tony Finau,"13' 0""",182.417,14
40,Daniel Berger,"14' 2""",99.167,7
41,Lanto Griffin,"15' 10""",253.250,16
42,Adam Scott,"16' 4""",65.417,4
