rank,player,Avg DTP,Total Distance (feet),# of Shots,Scrambling Rank
1,Robert Streb,"1' 0""",1.000,1,34
2,Brian Gay,"1' 1""",4.250,4,16
3,Sergio Garcia,"1' 2""",4.500,4,4
3,Lanto Griffin,"1' 2""",1.167,1,30
5,Bryson DeChambeau,"1' 4""",9.500,7,2
6,Webb Simpson,"1' 5""",5.500,4,29
7,Marc Leishman,"1' 7""",6.167,4,1
7,Nick Taylor,"1' 7""",7.750,5,7
7,Brendon Todd,"1' 7""",7.833,5,3
10,Scottie Scheffler,"1' 8""",8.167,5,21
11,Collin Morikawa,"1' 9""",12.167,7,8
11,Hudson Swafford,"1' 9""",10.333,6,36
13,Mackenzie Hughes,"1' 10""",9.333,5,21
13,Ryan Palmer,"1' 10""",1.833,1,41
13,Jon Rahm,"1' 10""",3.667,2,4
16,Dustin Johnson,"1' 11""",5.833,3,32
17,Sebastián Muñoz,"2' 0""",7.833,4,8
18,Carlos Ortiz,"2' 1""",6.333,3,34
18,Justin Thomas,"2' 1""",6.333,3,8
20,Hideki Matsuyama,"2' 2""",15.083,7,37
21,Kevin Kisner,"2' 3""",11.417,5,20
22,Cameron Smith,"2' 5""",16.917,7,11
23,Harris English,"2' 11""",11.750,4,17
24,Andrew Landry,"3' 7""",14.333,4,17
25,Adam Scott,"3' 8""",10.917,3,42
25,Michael Thompson,"3' 8""",7.250,2,28
27,Patrick Cantlay,"3' 11""",15.583,4,14
27,Tony Finau,"3' 11""",7.833,2,39
27,Xander Schauffele,"3' 11""",3.917,1,19
30,Billy Horschel,"4' 1""",16.167,4,13
31,Sungjae Im,"4' 2""",16.583,4,32
32,Daniel Berger,"4' 3""",12.833,3,15
33,Abraham Ancer,"4' 4""",30.417,7,11
33,Kevin Na,"4' 4""",21.750,5,40
35,Stewart Cink,"4' 5""",17.500,4,24
36,Viktor Hovland,"4' 6""",26.833,6,21
36,Martin Laird,"4' 6""",27.000,6,4
38,Patrick Reed,"5' 8""",17.083,3,24
39,Jason Kokrak,"7' 1""",7.083,1,30
40,Richy Werenski,"10' 9""",10.750,1,26
41,Cameron Champ,"18' 1""",18.083,1,38
