rank,player,Avg DTP,Total Distance (feet),# of Shots,Scrambling Rank
1,Cameron Smith,"3' 11""",7.750,2,11
2,Sebastián Muñoz,"4' 10""",9.667,2,8
3,Harris English,"5' 2""",15.500,3,17
3,Patrick Reed,"5' 2""",20.500,4,24
5,Joaquin Niemann,"5' 3""",15.750,3,26
5,Michael Thompson,"5' 3""",20.917,4,28
7,Collin Morikawa,"5' 7""",33.583,6,8
8,Marc Leishman,"5' 11""",53.417,9,1
9,Andrew Landry,"6' 0""",41.833,7,17
9,Hideki Matsuyama,"6' 0""",42.000,7,37
9,Ryan Palmer,"6' 0""",29.833,5,41
9,Justin Thomas,"6' 0""",35.833,6,8
13,Webb Simpson,"6' 1""",24.250,4,29
13,Brendon Todd,"6' 1""",42.333,7,3
15,Sungjae Im,"6' 8""",73.500,11,32
16,Patrick Cantlay,"6' 11""",76.417,11,14
16,Xander Schauffele,"6' 11""",55.250,8,19
18,Stewart Cink,"7' 0""",35.000,5,24
19,Viktor Hovland,"7' 3""",72.250,10,21
20,Mackenzie Hughes,"7' 10""",78.000,10,21
21,Kevin Na,"8' 1""",56.833,7,40
22,Brian Gay,"8' 2""",56.917,7,16
23,Cameron Champ,"8' 3""",99.333,12,38
24,Martin Laird,"8' 5""",58.667,7,4
25,Richy Werenski,"8' 6""",85.250,10,26
26,Bryson DeChambeau,"8' 7""",94.250,11,2
26,Billy Horschel,"8' 7""",25.750,3,13
26,Kevin Kisner,"8' 7""",17.167,2,20
26,Jason Kokrak,"8' 7""",60.167,7,30
30,Tony Finau,"9' 0""",44.917,5,39
31,Jon Rahm,"9' 4""",56.167,6,4
32,Robert Streb,"10' 1""",40.417,4,34
33,Abraham Ancer,"10' 3""",41.000,4,11
34,Sergio Garcia,"10' 10""",64.750,6,4
35,Nick Taylor,"11' 6""",114.917,10,7
36,Scottie Scheffler,"11' 11""",83.500,7,21
37,Hudson Swafford,"12' 7""",113.583,9,36
38,Dustin Johnson,"12' 11""",90.250,7,32
39,Lanto Griffin,"13' 11""",138.750,10,30
40,Carlos Ortiz,"15' 1""",60.417,4,34
41,Daniel Berger,"21' 7""",86.250,4,15
42,Adam Scott,"27' 9""",55.500,2,42
