rank,player,Low Rnd
1,Dustin Johnson,65
2,Abraham Ancer,66
2,Billy Horschel,66
2,Jason Kokrak,66
2,Sebastián Muñoz,66
2,Jon Rahm,66
2,Xander Schauffele,66
2,Scottie Scheffler,66
2,Cameron Smith,66
10,Stewart Cink,67
10,Sergio Garcia,67
10,Brian Gay,67
10,Lanto Griffin,67
10,Ryan Palmer,67
10,Webb Simpson,67
10,Robert Streb,67
10,Nick Taylor,67
10,Michael Thompson,67
19,Patrick Cantlay,68
19,Cameron Champ,68
19,Tony Finau,68
19,Viktor Hovland,68
19,Kevin Kisner,68
19,Martin Laird,68
19,Hideki Matsuyama,68
19,Kevin Na,68
19,Adam Scott,68
19,Hudson Swafford,68
29,Marc Leishman,69
29,Joaquin Niemann,69
29,Carlos Ortiz,69
29,Richy Werenski,69
33,Andrew Landry,70
33,Patrick Reed,70
35,Mackenzie Hughes,71
