rank,player,Avg,Total Strokes,Total Rounds
1,Abraham Ancer,66.00,66,1
2,Lanto Griffin,67.00,67,1
3,Kevin Kisner,68.00,68,1
3,Hideki Matsuyama,68.00,68,1
3,Sebastián Muñoz,68.00,68,1
3,Hudson Swafford,68.00,68,1
7,Marc Leishman,69.00,69,1
7,Michael Thompson,69.00,69,1
9,Andrew Landry,70.00,70,1
9,Patrick Reed,70.00,70,1
9,Adam Scott,70.00,70,1
9,Richy Werenski,70.00,70,1
13,Tony Finau,71.00,71,1
13,Brian Gay,71.00,71,1
15,Cameron Champ,72.00,72,1
15,Mackenzie Hughes,72.00,72,1
15,Nick Taylor,72.00,72,1
18,Stewart Cink,74.00,74,1
18,Carlos Ortiz,74.00,74,1
20,Jason Kokrak,76.00,76,1
20,Robert Streb,76.00,76,1
22,Kevin Na,79.00,79,1
