rank,player,Avg,Total Strokes,Total Rounds
1,Sergio Garcia,67.00,67,1
1,Ryan Palmer,67.00,67,1
1,Robert Streb,67.00,67,1
1,Nick Taylor,67.00,67,1
5,Patrick Cantlay,68.00,68,1
5,Adam Scott,68.00,68,1
7,Martin Laird,69.00,69,1
7,Marc Leishman,69.00,69,1
7,Joaquin Niemann,69.00,69,1
7,Carlos Ortiz,69.00,69,1
7,Richy Werenski,69.00,69,1
12,Brian Gay,70.00,70,1
12,Kevin Kisner,70.00,70,1
12,Andrew Landry,70.00,70,1
12,Cameron Smith,70.00,70,1
16,Cameron Champ,71.00,71,1
16,Stewart Cink,71.00,71,1
16,Billy Horschel,71.00,71,1
16,Jason Kokrak,71.00,71,1
16,Kevin Na,71.00,71,1
21,Hudson Swafford,73.00,73,1
21,Michael Thompson,73.00,73,1
