rank,player,Avg,Total Strokes,Total Early Rounds
1,Dustin Johnson,65.00,65,1
2,Jon Rahm,66.00,66,1
2,Xander Schauffele,66.00,66,1
2,Scottie Scheffler,66.00,66,1
5,Sergio Garcia,67.00,134,2
5,Sebastián Muñoz,67.00,201,3
5,Ryan Palmer,67.00,67,1
5,Webb Simpson,67.00,67,1
9,Patrick Cantlay,68.00,68,1
9,Lanto Griffin,68.00,204,3
9,Viktor Hovland,68.00,68,1
12,Billy Horschel,68.50,137,2
12,Martin Laird,68.50,137,2
14,Abraham Ancer,68.67,206,3
14,Adam Scott,68.67,206,3
14,Cameron Smith,68.67,206,3
17,Tony Finau,69.00,207,3
17,Joaquin Niemann,69.00,69,1
19,Michael Thompson,69.25,277,4
20,Brian Gay,69.33,208,3
20,Nick Taylor,69.33,208,3
22,Kevin Kisner,69.50,278,4
23,Marc Leishman,69.67,209,3
23,Richy Werenski,69.67,209,3
25,Patrick Reed,70.00,70,1
26,Cameron Champ,70.25,281,4
26,Stewart Cink,70.25,281,4
28,Hudson Swafford,70.75,283,4
29,Jason Kokrak,71.00,213,3
30,Carlos Ortiz,71.50,143,2
31,Mackenzie Hughes,71.67,215,3
31,Hideki Matsuyama,71.67,215,3
31,Robert Streb,71.67,215,3
34,Andrew Landry,71.75,287,4
34,Kevin Na,71.75,287,4
