rank,player,Avg,Total Strokes,Total Rounds
1,Dustin Johnson,65.00,65,1
2,Billy Horschel,66.00,66,1
2,Jason Kokrak,66.00,66,1
2,Sebastián Muñoz,66.00,66,1
2,Jon Rahm,66.00,66,1
2,Xander Schauffele,66.00,66,1
2,Scottie Scheffler,66.00,66,1
8,Brian Gay,67.00,67,1
8,Webb Simpson,67.00,67,1
10,Cameron Champ,68.00,68,1
10,Tony Finau,68.00,68,1
10,Lanto Griffin,68.00,68,1
10,Kevin Na,68.00,68,1
10,Michael Thompson,68.00,68,1
15,Stewart Cink,69.00,69,1
16,Cameron Smith,70.00,70,1
16,Hudson Swafford,70.00,70,1
18,Abraham Ancer,71.00,71,1
18,Mackenzie Hughes,71.00,71,1
18,Kevin Kisner,71.00,71,1
18,Andrew Landry,71.00,71,1
22,Hideki Matsuyama,75.00,75,1
