rank,player,%,Total 3 Putts,Total Holes (overall)
1,Harris English,.00,0,72
1,Lanto Griffin,.00,0,72
1,Dustin Johnson,.00,0,72
1,Patrick Reed,.00,0,72
5,Abraham Ancer,1.39,1,72
5,Cameron Champ,1.39,1,72
5,Stewart Cink,1.39,1,72
5,Tony Finau,1.39,1,72
5,Sungjae Im,1.39,1,72
5,Kevin Kisner,1.39,1,72
5,Martin Laird,1.39,1,72
5,Hideki Matsuyama,1.39,1,72
5,Carlos Ortiz,1.39,1,72
5,Ryan Palmer,1.39,1,72
5,Scottie Scheffler,1.39,1,72
5,Webb Simpson,1.39,1,72
5,Robert Streb,1.39,1,72
5,Hudson Swafford,1.39,1,72
5,Nick Taylor,1.39,1,72
5,Brendon Todd,1.39,1,72
21,Patrick Cantlay,2.78,2,72
21,Bryson DeChambeau,2.78,2,72
21,Brian Gay,2.78,2,72
21,Viktor Hovland,2.78,2,72
21,Mackenzie Hughes,2.78,2,72
21,Andrew Landry,2.78,2,72
21,Sebastián Muñoz,2.78,2,72
21,Kevin Na,2.78,2,72
21,Joaquin Niemann,2.78,2,72
21,Jon Rahm,2.78,2,72
21,Xander Schauffele,2.78,2,72
21,Cameron Smith,2.78,2,72
21,Justin Thomas,2.78,2,72
21,Michael Thompson,2.78,2,72
35,Daniel Berger,4.17,3,72
35,Billy Horschel,4.17,3,72
35,Jason Kokrak,4.17,3,72
35,Collin Morikawa,4.17,3,72
35,Adam Scott,4.17,3,72
35,Richy Werenski,4.17,3,72
41,Marc Leishman,5.56,4,72
42,Sergio Garcia,6.94,5,72
