rank,player,Value,Total Drv Rank,GIR Rank
1,Billy Horschel,7,2,5
2,Daniel Berger,8,6,2
3,Collin Morikawa,16,8,8
4,Sergio Garcia,17,3,14
5,Harris English,18,15,3
6,Adam Scott,20,19,1
7,Richy Werenski,21,16,5
8,Martin Laird,22,8,14
9,Dustin Johnson,24,16,8
10,Jon Rahm,25,11,14
11,Jason Kokrak,27,4,23
12,Xander Schauffele,28,16,12
13,Lanto Griffin,30,7,23
13,Sebastián Muñoz,30,10,20
15,Carlos Ortiz,31,11,20
16,Tony Finau,34,11,23
17,Sungjae Im,36,28,8
18,Cameron Champ,37,25,12
19,Ryan Palmer,39,36,3
20,Cameron Smith,40,5,35
20,Hudson Swafford,40,1,39
22,Joaquin Niemann,41,36,5
22,Justin Thomas,41,33,8
24,Bryson DeChambeau,42,19,23
24,Marc Leishman,42,28,14
24,Robert Streb,42,22,20
27,Stewart Cink,45,22,23
27,Patrick Reed,45,22,23
29,Abraham Ancer,46,11,35
29,Viktor Hovland,46,28,18
31,Brendon Todd,51,28,23
32,Andrew Landry,58,19,39
33,Webb Simpson,60,42,18
34,Kevin Kisner,61,26,35
35,Brian Gay,62,39,23
36,Kevin Na,63,28,35
37,Mackenzie Hughes,65,34,31
38,Patrick Cantlay,66,35,31
39,Michael Thompson,67,36,31
40,Hideki Matsuyama,68,26,42
41,Scottie Scheffler,71,40,31
42,Nick Taylor,82,41,41
