rank,player,%,Greens Hit,# Holes,Relative/Par
1,Adam Scott,93.06,67,72,-0.28
2,Daniel Berger,90.28,65,72,-0.32
3,Harris English,86.11,62,72,-0.45
3,Ryan Palmer,86.11,62,72,-0.48
5,Billy Horschel,84.72,61,72,-0.28
5,Joaquin Niemann,84.72,61,72,-0.46
5,Richy Werenski,84.72,61,72,-0.30
8,Sungjae Im,83.33,60,72,-0.43
8,Dustin Johnson,83.33,60,72,-0.40
8,Collin Morikawa,83.33,60,72,-0.38
8,Justin Thomas,83.33,60,72,-0.47
12,Cameron Champ,81.94,59,72,-0.31
12,Xander Schauffele,81.94,59,72,-0.42
14,Sergio Garcia,80.56,58,72,-0.36
14,Martin Laird,80.56,58,72,-0.31
14,Marc Leishman,80.56,58,72,-0.24
14,Jon Rahm,80.56,58,72,-0.40
18,Viktor Hovland,79.17,57,72,-0.28
18,Webb Simpson,79.17,57,72,-0.39
20,Sebastián Muñoz,77.78,56,72,-0.36
20,Carlos Ortiz,77.78,56,72,-0.27
20,Robert Streb,77.78,56,72,-0.27
23,Stewart Cink,76.39,55,72,-0.33
23,Bryson DeChambeau,76.39,55,72,-0.40
23,Tony Finau,76.39,55,72,-0.36
23,Brian Gay,76.39,55,72,-0.35
23,Lanto Griffin,76.39,55,72,-0.44
23,Jason Kokrak,76.39,55,72,-0.31
23,Patrick Reed,76.39,55,72,-0.40
23,Brendon Todd,76.39,55,72,-0.36
31,Patrick Cantlay,75.00,54,72,-0.41
31,Mackenzie Hughes,75.00,54,72,-0.20
31,Scottie Scheffler,75.00,54,72,-0.43
31,Michael Thompson,75.00,54,72,-0.43
35,Abraham Ancer,73.61,53,72,-0.42
35,Kevin Kisner,73.61,53,72,-0.38
35,Kevin Na,73.61,53,72,-0.26
35,Cameron Smith,73.61,53,72,-0.36
39,Andrew Landry,72.22,52,72,-0.23
39,Hudson Swafford,72.22,52,72,-0.35
41,Nick Taylor,70.83,51,72,-0.35
42,Hideki Matsuyama,69.44,50,72,-0.28
