rank,player,Avg,Total Strokes,Total Rounds
1,Stuart Appleby,32.00,32,1
1,Retief Goosen,32.00,32,1
3,Jonathan Kaye,33.00,33,1
4,Jim Furyk,34.00,34,1
5,Ernie Els,35.00,35,1
5,John Huston,35.00,35,1
5,Shigeki Maruyama,35.00,35,1
5,Vijay Singh,35.00,35,1
5,Kirk Triplett,35.00,35,1
5,Bob Tway,35.00,35,1
5,Mike Weir,35.00,35,1
12,Tommy Armour III,36.00,36,1
12,Darren Clarke,36.00,36,1
12,Fred Couples,36.00,36,1
12,Ben Crane,36.00,36,1
12,Steve Flesch,36.00,36,1
12,Justin Leonard,36.00,36,1
12,J.L. Lewis,36.00,36,1
12,Davis Love III,36.00,36,1
12,Shaun Micheel,36.00,36,1
12,Kenny Perry,36.00,36,1
12,Rory Sabbatini,36.00,36,1
12,Adam Scott,36.00,36,1
12,Tiger Woods,36.00,36,1
25,Chad Campbell,37.00,37,1
25,Peter Jacobsen,37.00,37,1
27,Scott Hoch,38.00,38,1
28,Frank Lickliter II,39.00,39,1
28,Craig Stadler,39.00,39,1
30,Ben Curtis,41.00,41,1
