rank,player,Avg,Total Strokes,Total Rounds
1,Darren Clarke,33.00,33,1
1,Ben Curtis,33.00,33,1
1,Jim Furyk,33.00,33,1
1,Scott Hoch,33.00,33,1
1,Shigeki Maruyama,33.00,33,1
1,Shaun Micheel,33.00,33,1
7,Retief Goosen,34.00,34,1
7,Justin Leonard,34.00,34,1
7,J.L. Lewis,34.00,34,1
7,Davis Love III,34.00,34,1
7,Adam Scott,34.00,34,1
7,Vijay Singh,34.00,34,1
13,Stuart Appleby,35.00,35,1
13,Chad Campbell,35.00,35,1
13,Fred Couples,35.00,35,1
13,Ben Crane,35.00,35,1
13,Steve Flesch,35.00,35,1
13,Peter Jacobsen,35.00,35,1
13,Frank Lickliter II,35.00,35,1
13,Rory Sabbatini,35.00,35,1
13,Kirk Triplett,35.00,35,1
13,Mike Weir,35.00,35,1
23,John Huston,36.00,36,1
23,Tiger Woods,36.00,36,1
25,Ernie Els,37.00,37,1
25,Jonathan Kaye,37.00,37,1
27,Tommy Armour III,38.00,38,1
27,Kenny Perry,38.00,38,1
27,Bob Tway,38.00,38,1
30,Craig Stadler,39.00,39,1
