rank,player,Avg,Total Strokes,Total Rounds
1,Stuart Appleby,33.00,33,1
1,Ben Crane,33.00,33,1
1,Kirk Triplett,33.00,33,1
4,Ben Curtis,34.00,34,1
4,Steve Flesch,34.00,34,1
4,Shigeki Maruyama,34.00,34,1
4,Rory Sabbatini,34.00,34,1
4,Adam Scott,34.00,34,1
4,Bob Tway,34.00,34,1
10,Tommy Armour III,35.00,35,1
10,Fred Couples,35.00,35,1
10,Ernie Els,35.00,35,1
10,Retief Goosen,35.00,35,1
10,Peter Jacobsen,35.00,35,1
10,Jonathan Kaye,35.00,35,1
10,Justin Leonard,35.00,35,1
10,Frank Lickliter II,35.00,35,1
10,Tiger Woods,35.00,35,1
19,Chad Campbell,36.00,36,1
19,Darren Clarke,36.00,36,1
19,Jim Furyk,36.00,36,1
19,Scott Hoch,36.00,36,1
23,J.L. Lewis,37.00,37,1
23,Davis Love III,37.00,37,1
23,Kenny Perry,37.00,37,1
23,Vijay Singh,37.00,37,1
23,Craig Stadler,37.00,37,1
28,Mike Weir,38.00,38,1
29,John Huston,39.00,39,1
29,Shaun Micheel,39.00,39,1
