rank,player,Avg,Total Strokes,Total Holes
1,Retief Goosen,32.75,131,4
2,Stuart Appleby,33.00,132,4
3,Jim Furyk,33.25,133,4
4,Ben Crane,33.75,135,4
5,Adam Scott,34.25,137,4
6,Shigeki Maruyama,34.50,138,4
7,Jonathan Kaye,34.75,139,4
7,Tiger Woods,34.75,139,4
9,Chad Campbell,35.00,140,4
9,Darren Clarke,35.00,140,4
9,Steve Flesch,35.00,140,4
9,Justin Leonard,35.00,140,4
9,Vijay Singh,35.00,140,4
9,Kirk Triplett,35.00,140,4
15,Shaun Micheel,35.25,141,4
15,Rory Sabbatini,35.25,141,4
17,Fred Couples,35.50,142,4
17,Scott Hoch,35.50,142,4
17,J.L. Lewis,35.50,142,4
17,Davis Love III,35.50,142,4
21,Ben Curtis,35.75,143,4
21,Ernie Els,35.75,143,4
21,Peter Jacobsen,35.75,143,4
21,Bob Tway,35.75,143,4
21,Mike Weir,35.75,143,4
26,John Huston,36.00,144,4
26,Kenny Perry,36.00,144,4
28,Frank Lickliter II,36.25,145,4
29,Tommy Armour III,36.50,146,4
30,Craig Stadler,37.00,148,4
