rank,player,Avg,Total Strokes,Total Rounds
1,Jim Furyk,30.00,30,1
1,Retief Goosen,30.00,30,1
3,Ben Crane,31.00,31,1
4,Stuart Appleby,32.00,32,1
4,Chad Campbell,32.00,32,1
4,Tiger Woods,32.00,32,1
7,Shaun Micheel,33.00,33,1
7,Kenny Perry,33.00,33,1
7,Adam Scott,33.00,33,1
7,Craig Stadler,33.00,33,1
11,John Huston,34.00,34,1
11,Jonathan Kaye,34.00,34,1
11,Vijay Singh,34.00,34,1
14,Darren Clarke,35.00,35,1
14,Ben Curtis,35.00,35,1
14,Steve Flesch,35.00,35,1
14,Scott Hoch,35.00,35,1
14,Justin Leonard,35.00,35,1
14,J.L. Lewis,35.00,35,1
14,Davis Love III,35.00,35,1
14,Mike Weir,35.00,35,1
22,Fred Couples,36.00,36,1
22,Ernie Els,36.00,36,1
22,Peter Jacobsen,36.00,36,1
22,Frank Lickliter II,36.00,36,1
22,Shigeki Maruyama,36.00,36,1
22,Rory Sabbatini,36.00,36,1
22,Bob Tway,36.00,36,1
29,Tommy Armour III,37.00,37,1
29,Kirk Triplett,37.00,37,1
