rank,player,Low Rnd
1,Jim Furyk,30
1,Retief Goosen,30
3,Ben Crane,31
4,Stuart Appleby,32
4,Chad Campbell,32
4,Tiger Woods,32
7,Darren Clarke,33
7,Ben Curtis,33
7,Scott Hoch,33
7,Jonathan Kaye,33
7,Shigeki Maruyama,33
7,Shaun Micheel,33
7,Kenny Perry,33
7,Adam Scott,33
7,Craig Stadler,33
7,Kirk Triplett,33
17,Steve Flesch,34
17,John Huston,34
17,Justin Leonard,34
17,J.L. Lewis,34
17,Davis Love III,34
17,Rory Sabbatini,34
17,Vijay Singh,34
17,Bob Tway,34
25,Tommy Armour III,35
25,Fred Couples,35
25,Ernie Els,35
25,Peter Jacobsen,35
25,Frank Lickliter II,35
25,Mike Weir,35
