rank,player,%,Greens Hit,# of Holes
1,Kevin Kisner,97.56,40,41
2,Lucas Glover,97.30,36,37
3,Greyson Sigg,97.14,34,35
4,Cam Davis,97.06,33,34
5,Justin Lower,96.88,31,32
6,Henrik Norlander,94.12,32,34
7,Erik van Rooyen,93.02,40,43
8,Russell Henley,92.86,39,42
8,Russell Knox,92.86,39,42
10,Christiaan Bezuidenhout,92.68,38,41
11,Brett Drewitt,92.31,36,39
12,Charles Howell III,91.89,34,37
12,Jim Knous,91.89,34,37
14,Kevin Na,91.67,33,36
15,Corey Conners,91.18,31,34
15,Ben Kohles,91.18,31,34
15,Dylan Wu,91.18,31,34
18,Satoshi Kodaira,90.24,37,41
19,Hideki Matsuyama,90.00,36,40
20,Joseph Bramlett,89.29,25,28
21,Chris Kirk,89.19,33,37
22,Davis Riley,88.37,38,43
23,Paul Barjon,88.24,30,34
23,Ryan Palmer,88.24,30,34
25,Kevin Tway,88.00,22,25
26,Ryan Armour,87.50,35,40
26,Adam Svensson,87.50,28,32
26,Hudson Swafford,87.50,35,40
29,Keita Nakajima,87.18,34,39
30,Keith Mitchell,86.67,26,30
31,Brandt Snedeker,86.49,32,37
32,Si Woo Kim,86.11,31,36
32,Brendon Todd,86.11,31,36
34,Kyle Stanley,86.05,37,43
35,Billy Horschel,85.71,30,35
36,J.T. Poston,85.29,29,34
37,Seamus Power,85.00,34,40
38,Kramer Hickok,84.62,33,39
39,Jim Furyk,84.21,32,38
40,Keegan Bradley,83.33,30,36
40,Stewart Cink,83.33,25,30
40,Patton Kizzire,83.33,25,30
40,Haotong Li,83.33,25,30
40,Maverick McNealy,83.33,35,42
45,Brian Harman,82.61,19,23
45,Sahith Theegala,82.61,19,23
47,Talor Gooch,82.35,28,34
47,K.H. Lee,82.35,28,34
49,Vaughn Taylor,81.58,31,38
50,Denny McCarthy,81.40,35,43
51,Kevin Chappell,80.65,25,31
51,Jason Kokrak,80.65,25,31
51,Marc Leishman,80.65,25,31
51,Sepp Straka,80.65,25,31
51,Michael Thompson,80.65,25,31
56,Luke Donald,80.00,24,30
57,Matt Kuchar,76.92,30,39
58,Wesley Bryan,76.47,26,34
59,Andrew Putnam,75.61,31,41
60,Webb Simpson,75.00,27,36
61,Vince Whaley,74.19,23,31
62,Hayden Buckley,73.91,34,46
63,Harris English,70.97,22,31
64,Sam Ryder,70.27,26,37
65,Jimmy Walker,66.67,20,30
