rank,player,%,Greens Hit,Total Holes,Relative to par
1,Lucas Glover,93.75,15,16,-0.07
2,Joseph Bramlett,92.31,12,13,-0.08
3,Davis Riley,86.67,13,15,-0.31
3,Kyle Stanley,86.67,13,15,-0.08
5,Jason Kokrak,84.62,11,13,-0.18
6,Paul Barjon,83.33,10,12,-0.40
6,Jim Knous,83.33,10,12,-0.10
8,Ryan Armour,82.35,14,17,-0.29
9,K.H. Lee,81.82,9,11,-0.22
9,Marc Leishman,81.82,9,11,E
11,Corey Conners,81.25,13,16,-0.15
11,Seamus Power,81.25,13,16,-0.31
13,Adam Svensson,78.95,15,19,-0.07
14,Hudson Swafford,78.57,11,14,-0.27
15,Talor Gooch,76.92,10,13,-0.10
15,Charles Howell III,76.92,10,13,-0.10
15,J.T. Poston,76.92,10,13,E
18,Ben Kohles,76.47,13,17,-0.08
19,Keegan Bradley,75.00,12,16,-0.25
19,Russell Knox,75.00,15,20,-0.20
19,Sepp Straka,75.00,15,20,-0.27
22,Cam Davis,73.68,14,19,E
22,Andrew Putnam,73.68,14,19,-0.07
24,Christiaan Bezuidenhout,73.33,11,15,-0.09
24,Webb Simpson,73.33,11,15,-0.09
26,Brandt Snedeker,72.22,13,18,-0.31
27,Billy Horschel,71.43,10,14,-0.20
28,Russell Henley,70.59,12,17,-0.33
28,Satoshi Kodaira,70.59,12,17,-0.17
28,Dylan Wu,70.59,12,17,E
31,Kevin Kisner,70.00,14,20,-0.29
32,Ryan Palmer,69.23,9,13,-0.22
33,Luke Donald,68.75,11,16,E
34,Kramer Hickok,68.42,13,19,E
34,Kevin Na,68.42,13,19,E
34,Michael Thompson,68.42,13,19,-0.46
37,Wesley Bryan,66.67,12,18,-0.08
37,Brett Drewitt,66.67,12,18,+0.17
37,Denny McCarthy,66.67,12,18,+0.08
37,Maverick McNealy,66.67,12,18,E
37,Vince Whaley,66.67,10,15,-0.20
42,Matt Kuchar,64.71,11,17,-0.27
43,Haotong Li,64.29,9,14,-0.11
43,Hideki Matsuyama,64.29,9,14,-0.44
43,Keita Nakajima,64.29,9,14,-0.22
46,Patton Kizzire,62.50,10,16,-0.10
46,Justin Lower,62.50,10,16,-0.40
48,Kevin Chappell,61.54,8,13,E
49,Henrik Norlander,61.11,11,18,-0.09
49,Sam Ryder,61.11,11,18,-0.09
51,Chris Kirk,60.00,9,15,-0.22
51,Erik van Rooyen,60.00,9,15,-0.22
53,Jimmy Walker,58.82,10,17,-0.10
54,Keith Mitchell,58.33,7,12,-0.14
55,Si Woo Kim,57.14,8,14,E
56,Hayden Buckley,55.56,10,18,-0.10
56,Vaughn Taylor,55.56,10,18,-0.10
58,Jim Furyk,55.00,11,20,-0.55
59,Kevin Tway,52.94,9,17,-0.33
60,Brendon Todd,52.17,12,23,E
61,Harris English,50.00,11,22,-0.09
61,Greyson Sigg,50.00,9,18,+0.11
63,Stewart Cink,47.06,8,17,-0.13
64,Sahith Theegala,46.67,7,15,-0.14
65,Brian Harman,42.86,6,14,-0.17
