rank,player,%,Greens Hit,Total Holes,Relative to par
1,Lucas Glover,86.44,51,59,-0.22
2,Corey Conners,84.48,49,58,-0.29
3,Kyle Stanley,83.61,51,61,-0.20
4,Russell Knox,83.08,54,65,-0.31
5,Joseph Bramlett,81.82,45,55,-0.27
6,Adam Svensson,80.00,48,60,-0.25
7,Jason Kokrak,78.57,44,56,-0.20
8,Charles Howell III,78.33,47,60,-0.19
8,Davis Riley,78.33,47,60,-0.43
10,Russell Henley,78.13,50,64,-0.38
10,Henrik Norlander,78.13,50,64,-0.18
12,Seamus Power,77.78,42,54,-0.31
13,Jim Knous,76.27,45,59,-0.20
13,Justin Lower,76.27,45,59,-0.11
15,Satoshi Kodaira,76.19,48,63,-0.29
16,Erik van Rooyen,75.81,47,62,-0.21
17,Cam Davis,75.44,43,57,-0.19
18,Kevin Kisner,75.41,46,61,-0.35
19,Matt Kuchar,75.00,45,60,-0.27
19,Greyson Sigg,75.00,45,60,-0.22
21,Brett Drewitt,74.60,47,63,-0.06
22,Keith Mitchell,74.55,41,55,-0.24
23,Christiaan Bezuidenhout,74.19,46,62,-0.26
23,Keita Nakajima,74.19,46,62,-0.26
25,Si Woo Kim,73.21,41,56,-0.10
26,Haotong Li,73.02,46,63,-0.26
27,J.T. Poston,72.88,43,59,-0.21
27,Dylan Wu,72.88,43,59,-0.14
29,Talor Gooch,72.58,45,62,-0.27
30,Billy Horschel,72.41,42,58,-0.19
31,Paul Barjon,71.93,41,57,-0.27
32,Keegan Bradley,71.67,43,60,-0.28
32,Hudson Swafford,71.67,43,60,-0.21
34,Patton Kizzire,71.43,40,56,-0.25
35,Kramer Hickok,71.19,42,59,-0.21
36,Ryan Armour,70.97,44,62,-0.34
36,Ben Kohles,70.97,44,62,-0.32
38,Chris Kirk,70.69,41,58,-0.20
38,K.H. Lee,70.69,41,58,-0.20
40,Andrew Putnam,70.31,45,64,-0.24
41,Maverick McNealy,70.18,40,57,-0.20
42,Michael Thompson,69.35,43,62,-0.30
43,Marc Leishman,68.97,40,58,-0.15
44,Hideki Matsuyama,68.85,42,61,-0.40
45,Hayden Buckley,68.33,41,60,-0.20
45,Kevin Na,68.33,41,60,-0.24
47,Luke Donald,68.25,43,63,-0.28
47,Jim Furyk,68.25,43,63,-0.30
47,Denny McCarthy,68.25,43,63,-0.23
47,Brandt Snedeker,68.25,43,63,-0.21
51,Ryan Palmer,67.27,37,55,-0.27
52,Sam Ryder,67.21,41,61,-0.27
53,Vaughn Taylor,66.67,40,60,-0.20
54,Stewart Cink,66.07,37,56,-0.30
55,Wesley Bryan,65.57,40,61,-0.23
55,Webb Simpson,65.57,40,61,-0.08
57,Vince Whaley,65.45,36,55,-0.25
58,Sepp Straka,64.41,38,59,-0.24
59,Kevin Chappell,64.15,34,53,-0.29
60,Brian Harman,63.33,38,60,-0.18
61,Kevin Tway,60.00,33,55,-0.15
62,Brendon Todd,59.38,38,64,-0.24
63,Jimmy Walker,58.06,36,62,-0.14
64,Sahith Theegala,57.14,32,56,-0.25
65,Harris English,56.90,33,58,-0.30
