rank,player,%,Greens Hit,Total Holes,Relative to par
1,Ryan Armour,100.00,10,10,-0.30
1,Christiaan Bezuidenhout,100.00,10,10,-1.00
1,Keegan Bradley,100.00,12,12,-0.67
1,Joseph Bramlett,100.00,17,17,-0.29
1,Kevin Chappell,100.00,17,17,-0.47
1,Stewart Cink,100.00,15,15,-0.53
1,Corey Conners,100.00,13,13,-0.38
1,Brett Drewitt,100.00,9,9,-0.67
1,Lucas Glover,100.00,12,12,-0.75
1,Talor Gooch,100.00,9,9,-0.67
1,Russell Henley,100.00,8,8,-1.13
1,Kramer Hickok,100.00,13,13,-0.77
1,Billy Horschel,100.00,14,14,-0.64
1,Si Woo Kim,100.00,15,15,-0.53
1,Kevin Kisner,100.00,11,11,-0.64
1,Jim Knous,100.00,11,11,-0.64
1,Russell Knox,100.00,7,7,-0.57
1,Satoshi Kodaira,100.00,9,9,-0.33
1,Ben Kohles,100.00,10,10,-0.60
1,Jason Kokrak,100.00,15,15,-0.47
1,Haotong Li,100.00,9,9,-0.89
1,Justin Lower,100.00,11,11,-0.64
1,Hideki Matsuyama,100.00,11,11,-0.73
1,Denny McCarthy,100.00,9,9,-0.33
1,Kevin Na,100.00,12,12,-0.83
1,Keita Nakajima,100.00,9,9,-0.56
1,Henrik Norlander,100.00,7,7,-1.00
1,Brandt Snedeker,100.00,9,9,-0.78
1,Adam Svensson,100.00,11,11,-0.82
1,Hudson Swafford,100.00,11,11,-0.55
1,Vaughn Taylor,100.00,11,11,-0.64
1,Michael Thompson,100.00,10,10,-0.70
1,Brendon Todd,100.00,8,8,-0.88
1,Kevin Tway,100.00,15,15,-0.73
1,Erik van Rooyen,100.00,10,10,-1.10
1,Jimmy Walker,100.00,9,9,-0.56
37,Ryan Palmer,93.75,15,16,-0.73
38,Paul Barjon,92.86,13,14,-0.54
38,Cam Davis,92.86,13,14,-0.77
38,Maverick McNealy,92.86,13,14,-0.92
41,Harris English,92.31,12,13,-0.67
41,Chris Kirk,92.31,12,13,-0.75
41,Sepp Straka,92.31,12,13,-0.75
41,Dylan Wu,92.31,12,13,-1.00
45,Hayden Buckley,91.67,11,12,-0.91
45,Charles Howell III,91.67,11,12,-0.64
45,Davis Riley,91.67,11,12,-0.27
45,Greyson Sigg,91.67,11,12,-0.64
49,Kyle Stanley,90.91,10,11,-0.60
50,Wesley Bryan,90.00,9,10,-1.11
51,Luke Donald,88.89,8,9,-0.75
51,Jim Furyk,88.89,8,9,-0.50
51,Sam Ryder,88.89,8,9,-0.88
54,Keith Mitchell,88.24,15,17,-0.47
55,Andrew Putnam,87.50,7,8,-0.86
56,Brian Harman,83.33,10,12,-0.50
57,Seamus Power,82.35,14,17,-0.57
58,Webb Simpson,80.00,8,10,-1.00
59,Patton Kizzire,78.57,11,14,-0.73
59,K.H. Lee,78.57,11,14,-0.64
59,Marc Leishman,78.57,11,14,-0.73
59,Sahith Theegala,78.57,11,14,-0.73
63,Matt Kuchar,75.00,9,12,-0.56
64,Vince Whaley,73.33,11,15,-1.00
65,J.T. Poston,69.23,9,13,-0.89
