rank,player,%,Total Hit,Total Attempts,RTP Score
1,Corey Conners,95.83,69,72,-23.00
2,Lucas Glover,94.44,68,72,-23.00
3,Russell Knox,91.67,66,72,-21.00
4,Joseph Bramlett,90.28,65,72,-19.00
4,Kevin Kisner,90.28,65,72,-27.00
6,Hayden Buckley,88.89,64,72,-23.00
6,Charles Howell III,88.89,64,72,-20.00
6,Jason Kokrak,88.89,64,72,-19.00
6,Kyle Stanley,88.89,64,72,-18.00
6,Dylan Wu,88.89,64,72,-24.00
11,Christiaan Bezuidenhout,87.50,63,72,-27.00
11,Billy Horschel,87.50,63,72,-23.00
11,Keith Mitchell,87.50,63,72,-18.00
11,Adam Svensson,87.50,63,72,-25.00
15,Keegan Bradley,86.11,62,72,-23.00
15,Haotong Li,86.11,62,72,-27.00
15,Keita Nakajima,86.11,62,72,-20.00
15,Seamus Power,86.11,62,72,-26.00
19,Paul Barjon,84.72,61,72,-23.00
19,Cam Davis,84.72,61,72,-20.00
19,Brett Drewitt,84.72,61,72,-13.00
19,Russell Henley,84.72,61,72,-29.00
19,Si Woo Kim,84.72,61,72,-17.00
19,Chris Kirk,84.72,61,72,-22.00
19,Justin Lower,84.72,61,72,-16.00
19,Hideki Matsuyama,84.72,61,72,-30.00
19,J.T. Poston,84.72,61,72,-24.00
19,Greyson Sigg,84.72,61,72,-21.00
19,Erik van Rooyen,84.72,61,72,-22.00
30,Ryan Armour,83.33,60,72,-24.00
30,Satoshi Kodaira,83.33,60,72,-17.00
30,Matt Kuchar,83.33,60,72,-21.00
30,Maverick McNealy,83.33,60,72,-24.00
30,Ryan Palmer,83.33,60,72,-29.00
35,Jim Knous,81.94,59,72,-19.00
35,Henrik Norlander,81.94,59,72,-17.00
35,Andrew Putnam,81.94,59,72,-22.00
35,Davis Riley,81.94,59,72,-24.00
35,Hudson Swafford,81.94,59,72,-20.00
40,Talor Gooch,80.56,58,72,-21.00
40,Kramer Hickok,80.56,58,72,-21.00
40,K.H. Lee,80.56,58,72,-20.00
40,Kevin Na,80.56,58,72,-23.00
40,Michael Thompson,80.56,58,72,-23.00
45,Patton Kizzire,79.17,57,72,-23.00
45,Ben Kohles,79.17,57,72,-22.00
45,Brandt Snedeker,79.17,57,72,-19.00
45,Vaughn Taylor,79.17,57,72,-18.00
49,Marc Leishman,77.78,56,72,-16.00
49,Denny McCarthy,77.78,56,72,-15.00
51,Wesley Bryan,76.39,55,72,-21.00
51,Kevin Chappell,76.39,55,72,-21.00
51,Stewart Cink,76.39,55,72,-22.00
51,Webb Simpson,76.39,55,72,-15.00
51,Sepp Straka,76.39,55,72,-21.00
56,Luke Donald,75.00,54,72,-20.00
56,Brian Harman,75.00,54,72,-15.00
58,Harris English,73.61,53,72,-23.00
58,Jim Furyk,73.61,53,72,-18.00
58,Sam Ryder,73.61,53,72,-22.00
58,Kevin Tway,73.61,53,72,-19.00
58,Jimmy Walker,73.61,53,72,-13.00
58,Vince Whaley,73.61,53,72,-25.00
64,Sahith Theegala,69.44,50,72,-22.00
64,Brendon Todd,69.44,50,72,-17.00
