rank,player,%,Greens Hit,Total Holes,Relative to par
1,Ryan Armour,100.00,3,3,+0.33
1,Paul Barjon,100.00,1,1,E
1,Christiaan Bezuidenhout,100.00,3,3,-0.67
1,Keegan Bradley,100.00,1,1,E
1,Joseph Bramlett,100.00,2,2,-1.00
1,Kevin Chappell,100.00,8,8,-0.50
1,Stewart Cink,100.00,5,5,-0.60
1,Corey Conners,100.00,4,4,E
1,Brett Drewitt,100.00,1,1,-1.00
1,Harris English,100.00,1,1,E
1,Lucas Glover,100.00,3,3,-0.33
1,Talor Gooch,100.00,2,2,E
1,Russell Henley,100.00,2,2,-0.50
1,Kramer Hickok,100.00,2,2,-1.00
1,Billy Horschel,100.00,3,3,-0.33
1,Charles Howell III,100.00,1,1,E
1,Si Woo Kim,100.00,3,3,E
1,Chris Kirk,100.00,4,4,-0.50
1,Kevin Kisner,100.00,2,2,-0.50
1,Jim Knous,100.00,4,4,E
1,Russell Knox,100.00,1,1,E
1,Satoshi Kodaira,100.00,3,3,-0.33
1,Ben Kohles,100.00,3,3,-0.33
1,Jason Kokrak,100.00,5,5,E
1,K.H. Lee,100.00,1,1,E
1,Haotong Li,100.00,1,1,E
1,Justin Lower,100.00,5,5,-0.40
1,Hideki Matsuyama,100.00,2,2,-0.50
1,Denny McCarthy,100.00,1,1,E
1,Maverick McNealy,100.00,2,2,-0.50
1,Kevin Na,100.00,5,5,-0.40
1,Keita Nakajima,100.00,2,2,-0.50
1,Davis Riley,100.00,3,3,-0.33
1,Sam Ryder,100.00,1,1,E
1,Webb Simpson,100.00,3,3,-0.67
1,Brandt Snedeker,100.00,3,3,-0.33
1,Sepp Straka,100.00,4,4,E
1,Adam Svensson,100.00,3,3,-0.33
1,Hudson Swafford,100.00,4,4,E
1,Vaughn Taylor,100.00,1,1,E
1,Michael Thompson,100.00,2,2,-0.50
1,Brendon Todd,100.00,2,2,-1.00
1,Kevin Tway,100.00,4,4,-0.75
1,Erik van Rooyen,100.00,3,3,-1.00
1,Jimmy Walker,100.00,3,3,E
46,Ryan Palmer,80.00,4,5,-0.50
46,Seamus Power,80.00,4,5,-0.25
48,Cam Davis,75.00,3,4,-0.67
48,Patton Kizzire,75.00,3,4,E
48,Greyson Sigg,75.00,3,4,-0.33
48,Kyle Stanley,75.00,3,4,E
52,Luke Donald,66.67,2,3,-1.00
52,Jim Furyk,66.67,2,3,E
52,Brian Harman,66.67,2,3,-0.50
52,Marc Leishman,66.67,2,3,E
52,Sahith Theegala,66.67,2,3,E
52,Dylan Wu,66.67,2,3,-1.00
58,Keith Mitchell,60.00,3,5,-0.33
59,Wesley Bryan,50.00,1,2,-1.00
59,Hayden Buckley,50.00,1,2,-1.00
61,J.T. Poston,33.33,1,3,-1.00
62,Matt Kuchar,.00,0,1,E
62,Andrew Putnam,.00,0,1,E
62,Vince Whaley,.00,0,3,E
