rank,player,%,Greens Hit,# Holes,Relative/Par
1,Ryan Armour,100.0,3,3,E
1,Joseph Bramlett,100.0,2,2,+1.00
1,Stewart Cink,100.0,2,2,E
1,Corey Conners,100.0,5,5,-3.00
1,Jim Furyk,100.0,2,2,-1.00
1,Billy Horschel,100.0,6,6,-1.00
1,Si Woo Kim,100.0,2,2,-1.00
1,Patton Kizzire,100.0,3,3,-2.00
1,Jason Kokrak,100.0,2,2,-1.00
1,Matt Kuchar,100.0,6,6,-1.00
1,Maverick McNealy,100.0,2,2,+1.00
1,Henrik Norlander,100.0,4,4,-3.00
1,Seamus Power,100.0,3,3,-2.00
1,Davis Riley,100.0,2,2,E
1,Kyle Stanley,100.0,5,5,-1.00
1,Vaughn Taylor,100.0,4,4,E
1,Michael Thompson,100.0,4,4,E
1,Jimmy Walker,100.0,4,4,+1.00
1,Dylan Wu,100.0,6,6,-3.00
20,Brian Harman,85.7,6,7,-1.00
20,Charles Howell III,85.7,6,7,-1.00
22,Luke Donald,83.3,5,6,-3.00
22,Vince Whaley,83.3,5,6,-3.00
24,Keegan Bradley,80.0,4,5,E
24,Russell Knox,80.0,4,5,-3.00
24,Greyson Sigg,80.0,4,5,-3.00
27,Christiaan Bezuidenhout,75.0,3,4,-2.00
27,Brett Drewitt,75.0,3,4,-1.00
27,Satoshi Kodaira,75.0,3,4,-1.00
27,Ben Kohles,75.0,3,4,-3.00
31,Wesley Bryan,66.7,2,3,-2.00
31,Lucas Glover,66.7,4,6,-1.00
31,Kramer Hickok,66.7,4,6,-1.00
31,Denny McCarthy,66.7,2,3,+1.00
31,Kevin Na,66.7,2,3,E
31,J.T. Poston,66.7,2,3,E
31,Adam Svensson,66.7,4,6,-2.00
31,Hudson Swafford,66.7,2,3,E
31,Kevin Tway,66.7,4,6,+1.00
40,Talor Gooch,60.0,3,5,-2.00
40,Marc Leishman,60.0,3,5,-2.00
40,Andrew Putnam,60.0,3,5,E
43,Hayden Buckley,50.0,1,2,-1.00
43,Kevin Chappell,50.0,2,4,-1.00
43,Cam Davis,50.0,3,6,-1.00
43,Harris English,50.0,4,8,-2.00
43,Chris Kirk,50.0,2,4,-1.00
43,Jim Knous,50.0,1,2,E
43,Haotong Li,50.0,2,4,-1.00
43,Justin Lower,50.0,2,4,-1.00
43,Ryan Palmer,50.0,2,4,E
43,Sam Ryder,50.0,1,2,E
43,Webb Simpson,50.0,2,4,-3.00
43,Sepp Straka,50.0,2,4,-1.00
43,Sahith Theegala,50.0,2,4,-1.00
43,Brendon Todd,50.0,1,2,E
43,Erik van Rooyen,50.0,2,4,-1.00
58,Paul Barjon,40.0,2,5,-1.00
58,K.H. Lee,40.0,2,5,E
58,Brandt Snedeker,40.0,2,5,-1.00
61,Russell Henley,33.3,1,3,E
61,Kevin Kisner,33.3,1,3,E
61,Keith Mitchell,33.3,1,3,-1.00
61,Keita Nakajima,33.3,1,3,-1.00
65,Hideki Matsuyama,25.0,1,4,-1.00
