rank,player,%,Greens Hit,Total Holes,Relative to par
1,Ryan Armour,100.00,7,7,-0.57
1,Christiaan Bezuidenhout,100.00,7,7,-1.14
1,Keegan Bradley,100.00,11,11,-0.73
1,Joseph Bramlett,100.00,15,15,-0.20
1,Wesley Bryan,100.00,8,8,-1.13
1,Hayden Buckley,100.00,10,10,-0.90
1,Kevin Chappell,100.00,9,9,-0.44
1,Stewart Cink,100.00,10,10,-0.50
1,Corey Conners,100.00,9,9,-0.56
1,Cam Davis,100.00,10,10,-0.80
1,Luke Donald,100.00,6,6,-0.67
1,Brett Drewitt,100.00,8,8,-0.63
1,Jim Furyk,100.00,6,6,-0.67
1,Lucas Glover,100.00,9,9,-0.89
1,Talor Gooch,100.00,7,7,-0.86
1,Russell Henley,100.00,6,6,-1.33
1,Kramer Hickok,100.00,11,11,-0.73
1,Billy Horschel,100.00,11,11,-0.73
1,Si Woo Kim,100.00,12,12,-0.67
1,Kevin Kisner,100.00,9,9,-0.67
1,Jim Knous,100.00,7,7,-1.00
1,Russell Knox,100.00,6,6,-0.67
1,Satoshi Kodaira,100.00,6,6,-0.33
1,Ben Kohles,100.00,7,7,-0.71
1,Jason Kokrak,100.00,10,10,-0.70
1,Haotong Li,100.00,8,8,-1.00
1,Justin Lower,100.00,6,6,-0.83
1,Hideki Matsuyama,100.00,9,9,-0.78
1,Denny McCarthy,100.00,8,8,-0.38
1,Keith Mitchell,100.00,12,12,-0.50
1,Kevin Na,100.00,7,7,-1.14
1,Keita Nakajima,100.00,7,7,-0.57
1,Henrik Norlander,100.00,7,7,-1.00
1,Ryan Palmer,100.00,11,11,-0.82
1,Andrew Putnam,100.00,7,7,-0.86
1,Greyson Sigg,100.00,8,8,-0.75
1,Brandt Snedeker,100.00,6,6,-1.00
1,Kyle Stanley,100.00,7,7,-0.86
1,Adam Svensson,100.00,8,8,-1.00
1,Hudson Swafford,100.00,7,7,-0.86
1,Vaughn Taylor,100.00,10,10,-0.70
1,Michael Thompson,100.00,8,8,-0.75
1,Brendon Todd,100.00,6,6,-0.83
1,Kevin Tway,100.00,11,11,-0.73
1,Erik van Rooyen,100.00,7,7,-1.14
1,Jimmy Walker,100.00,6,6,-0.83
1,Dylan Wu,100.00,10,10,-1.00
48,Paul Barjon,92.31,12,13,-0.58
49,Harris English,91.67,11,12,-0.73
49,Maverick McNealy,91.67,11,12,-1.00
49,Vince Whaley,91.67,11,12,-1.00
52,Charles Howell III,90.91,10,11,-0.70
53,Brian Harman,88.89,8,9,-0.50
53,Chris Kirk,88.89,8,9,-0.88
53,Davis Riley,88.89,8,9,-0.25
53,Sepp Straka,88.89,8,9,-1.13
57,Sam Ryder,87.50,7,8,-1.00
58,Seamus Power,83.33,10,12,-0.70
59,Matt Kuchar,81.82,9,11,-0.56
59,Marc Leishman,81.82,9,11,-0.89
59,Sahith Theegala,81.82,9,11,-0.89
62,Patton Kizzire,80.00,8,10,-1.00
62,J.T. Poston,80.00,8,10,-0.88
64,K.H. Lee,76.92,10,13,-0.70
65,Webb Simpson,71.43,5,7,-1.20
