rank,player,%,Greens Hit,# of holes
1,Kyle Stanley,92.31,12,13
2,Joseph Bramlett,82.14,23,28
3,Jason Kokrak,76.00,19,25
4,Seamus Power,75.00,12,16
5,Keith Mitchell,69.23,18,26
6,Corey Conners,68.18,15,22
7,Billy Horschel,66.67,14,21
7,Vaughn Taylor,66.67,12,18
9,Si Woo Kim,65.00,13,20
10,Matt Kuchar,64.71,11,17
11,Russell Knox,64.29,9,14
12,Talor Gooch,63.64,14,22
12,Brian Harman,63.64,21,33
14,Adam Svensson,62.50,15,24
14,Hudson Swafford,62.50,10,16
16,Haotong Li,61.54,16,26
16,Davis Riley,61.54,8,13
18,Andrew Putnam,60.00,9,15
19,Brett Drewitt,58.82,10,17
19,Kramer Hickok,58.82,10,17
21,Lucas Glover,57.89,11,19
21,Charles Howell III,57.89,11,19
23,Patton Kizzire,57.69,15,26
23,Jimmy Walker,57.69,15,26
25,Maverick McNealy,57.14,8,14
26,Kevin Chappell,56.00,14,25
27,Keegan Bradley,55.00,11,20
28,Paul Barjon,54.55,12,22
28,Henrik Norlander,54.55,12,22
28,Dylan Wu,54.55,12,22
31,Justin Lower,54.17,13,24
32,Stewart Cink,53.85,14,26
32,Luke Donald,53.85,14,26
34,Kevin Kisner,53.33,8,15
35,Michael Thompson,52.00,13,25
36,Kevin Tway,51.61,16,31
37,Ryan Armour,50.00,8,16
37,Cam Davis,50.00,11,22
37,Ryan Palmer,50.00,11,22
40,Marc Leishman,48.00,12,25
41,Greyson Sigg,47.62,10,21
42,Jim Knous,47.37,9,19
43,Keita Nakajima,47.06,8,17
44,Satoshi Kodaira,46.67,7,15
45,Denny McCarthy,46.15,6,13
45,Erik van Rooyen,46.15,6,13
47,Wesley Bryan,45.45,10,22
47,Ben Kohles,45.45,10,22
47,K.H. Lee,45.45,10,22
47,Sahith Theegala,45.45,15,33
51,Kevin Na,45.00,9,20
52,Harris English,44.00,11,25
53,Russell Henley,42.86,6,14
54,Chris Kirk,42.11,8,19
54,Sam Ryder,42.11,8,19
54,Brandt Snedeker,42.11,8,19
57,J.T. Poston,40.91,9,22
58,Christiaan Bezuidenhout,40.00,6,15
58,Hayden Buckley,40.00,4,10
58,Sepp Straka,40.00,10,25
58,Vince Whaley,40.00,10,25
62,Jim Furyk,38.89,7,18
63,Webb Simpson,35.00,7,20
64,Hideki Matsuyama,31.25,5,16
65,Brendon Todd,30.00,6,20
