rank,player,%,Greens Hit,Total Holes,Relative to par
1,Jim Furyk,100.00,7,7,-0.14
1,Kevin Kisner,100.00,10,10,-0.40
1,Russell Knox,100.00,14,14,-0.50
4,Jim Knous,93.33,14,15,-0.14
5,Corey Conners,92.86,13,14,-0.31
6,Justin Lower,92.31,12,13,-0.08
7,Si Woo Kim,91.67,11,12,E
8,Cam Davis,90.91,10,11,-0.10
9,Henrik Norlander,90.00,9,10,-0.11
10,Christiaan Bezuidenhout,88.24,15,17,-0.40
10,Kyle Stanley,88.24,15,17,-0.47
12,Ryan Armour,87.50,14,16,-0.36
12,Brett Drewitt,87.50,14,16,-0.14
14,Lucas Glover,86.67,13,15,-0.31
14,Satoshi Kodaira,86.67,13,15,-0.15
16,Joseph Bramlett,86.36,19,22,-0.37
17,Hudson Swafford,85.71,12,14,-0.33
17,Dylan Wu,85.71,12,14,-0.17
19,Kramer Hickok,84.62,11,13,-0.64
19,Hideki Matsuyama,84.62,11,13,-0.55
21,Erik van Rooyen,84.21,16,19,-0.44
22,Billy Horschel,83.33,15,18,-0.33
22,K.H. Lee,83.33,15,18,-0.27
22,Sahith Theegala,83.33,10,12,-0.50
22,Michael Thompson,83.33,10,12,-0.30
26,J.T. Poston,82.35,14,17,-0.14
26,Davis Riley,82.35,14,17,-0.50
28,Russell Henley,81.25,13,16,-0.38
29,Luke Donald,80.00,8,10,-0.25
30,Greyson Sigg,78.95,15,19,-0.27
31,Chris Kirk,78.57,11,14,-0.09
31,Ben Kohles,78.57,11,14,-0.36
33,Kevin Chappell,76.92,10,13,-0.30
33,Talor Gooch,76.92,10,13,-0.20
33,Keith Mitchell,76.92,10,13,-0.20
36,Paul Barjon,76.47,13,17,-0.23
37,Brian Harman,75.00,9,12,-0.22
37,Patton Kizzire,75.00,12,16,-0.25
37,Matt Kuchar,75.00,9,12,-0.33
40,Charles Howell III,73.68,14,19,-0.21
41,Andrew Putnam,73.33,11,15,-0.27
41,Vaughn Taylor,73.33,11,15,-0.18
43,Jason Kokrak,72.73,8,11,-0.13
44,Kevin Na,71.43,10,14,-0.50
44,Sam Ryder,71.43,10,14,-0.40
44,Kevin Tway,71.43,10,14,+0.10
44,Vince Whaley,71.43,10,14,-0.20
48,Denny McCarthy,69.23,9,13,-0.56
48,Brandt Snedeker,69.23,9,13,E
50,Keegan Bradley,68.75,11,16,-0.36
50,Stewart Cink,68.75,11,16,-0.36
52,Haotong Li,68.18,15,22,-0.33
53,Seamus Power,66.67,8,12,-0.38
53,Brendon Todd,66.67,6,9,-0.33
55,Maverick McNealy,62.50,10,16,-0.20
55,Ryan Palmer,62.50,10,16,-0.40
55,Adam Svensson,62.50,5,8,-1.00
58,Hayden Buckley,61.54,8,13,-0.25
59,Harris English,60.00,6,10,-0.67
60,Sepp Straka,57.89,11,19,-0.27
61,Keita Nakajima,54.55,6,11,-0.17
62,Wesley Bryan,53.85,7,13,-0.29
63,Marc Leishman,53.33,8,15,-0.13
64,Webb Simpson,52.94,9,17,-0.11
65,Jimmy Walker,46.15,6,13,-0.17
