rank,player,%,Greens Hit,Total Holes,Relative to par
1,Greyson Sigg,100.00,10,10,-0.30
2,Adam Svensson,95.24,20,21,-0.15
3,Russell Henley,95.00,19,20,-0.37
4,Lucas Glover,94.12,16,17,-0.19
5,Haotong Li,93.33,14,15,-0.36
5,Keith Mitchell,93.33,14,15,-0.29
7,Keita Nakajima,91.67,22,24,-0.18
8,Russell Knox,88.89,16,18,-0.25
8,Justin Lower,88.89,16,18,E
10,Seamus Power,87.50,14,16,-0.21
11,Erik van Rooyen,86.67,13,15,-0.15
12,Marc Leishman,85.71,18,21,-0.17
12,Henrik Norlander,85.71,18,21,-0.33
14,Vaughn Taylor,84.21,16,19,-0.31
15,Matt Kuchar,83.33,15,18,-0.33
16,Dylan Wu,82.35,14,17,-0.21
17,Stewart Cink,81.82,9,11,-0.22
18,Hayden Buckley,80.95,17,21,-0.24
19,Brian Harman,80.00,16,20,-0.19
19,Charles Howell III,80.00,12,15,E
21,Jim Furyk,78.95,15,19,-0.33
21,Kyle Stanley,78.95,15,19,-0.13
23,Kevin Kisner,78.26,18,23,-0.33
24,Brett Drewitt,77.78,14,18,-0.14
24,Si Woo Kim,77.78,14,18,-0.21
26,Corey Conners,76.92,10,13,-0.30
26,Cam Davis,76.92,10,13,-0.40
26,Sahith Theegala,76.92,10,13,-0.20
29,Davis Riley,76.47,13,17,-0.46
30,Luke Donald,75.00,18,24,-0.44
30,Satoshi Kodaira,75.00,12,16,-0.33
30,Ben Kohles,75.00,15,20,-0.33
30,Sepp Straka,75.00,9,12,-0.22
34,Brandt Snedeker,73.68,14,19,-0.29
35,Maverick McNealy,73.33,11,15,-0.36
36,Christiaan Bezuidenhout,72.22,13,18,-0.23
36,Webb Simpson,72.22,13,18,-0.08
38,Denny McCarthy,71.43,15,21,-0.27
38,J.T. Poston,71.43,15,21,-0.33
40,Jim Knous,70.83,17,24,-0.29
41,Paul Barjon,70.59,12,17,-0.17
41,Kramer Hickok,70.59,12,17,-0.17
41,Chris Kirk,70.59,12,17,-0.25
41,Patton Kizzire,70.59,12,17,-0.42
41,Kevin Na,70.59,12,17,-0.33
41,Jimmy Walker,70.59,12,17,-0.25
47,Jason Kokrak,68.42,13,19,-0.38
48,Joseph Bramlett,66.67,6,9,-0.33
48,Wesley Bryan,66.67,12,18,-0.33
48,Talor Gooch,66.67,16,24,-0.38
48,Sam Ryder,66.67,12,18,-0.42
48,Brendon Todd,66.67,10,15,-0.50
53,Harris English,63.16,12,19,-0.25
53,K.H. Lee,63.16,12,19,-0.17
53,Andrew Putnam,63.16,12,19,-0.42
53,Hudson Swafford,63.16,12,19,-0.17
57,Hideki Matsuyama,62.96,17,27,-0.41
58,Billy Horschel,62.50,10,16,-0.10
59,Keegan Bradley,60.00,12,20,-0.17
59,Kevin Chappell,60.00,12,20,-0.50
59,Kevin Tway,60.00,9,15,-0.11
59,Vince Whaley,60.00,6,10,-0.50
63,Ryan Palmer,53.85,7,13,-0.29
64,Michael Thompson,52.38,11,21,-0.18
65,Ryan Armour,50.00,8,16,-0.38
