rank,player,%,Greens Hit,Total Holes,Relative to par
1,Ryan Armour,100.00,5,5,-0.40
1,Keegan Bradley,100.00,4,4,-0.50
1,Joseph Bramlett,100.00,4,4,E
1,Jim Furyk,100.00,4,4,-0.50
1,Kramer Hickok,100.00,3,3,E
1,Billy Horschel,100.00,3,3,-0.33
1,Charles Howell III,100.00,8,8,-0.50
1,Kevin Kisner,100.00,3,3,-0.67
1,Patton Kizzire,100.00,2,2,-0.50
1,Jim Knous,100.00,2,2,-0.50
1,Ben Kohles,100.00,4,4,-0.75
1,Jason Kokrak,100.00,8,8,-0.13
1,K.H. Lee,100.00,3,3,E
1,Haotong Li,100.00,3,3,E
1,Justin Lower,100.00,5,5,E
1,Denny McCarthy,100.00,5,5,-0.20
1,Maverick McNealy,100.00,5,5,-0.40
1,Kevin Na,100.00,3,3,-0.33
1,Henrik Norlander,100.00,7,7,E
1,J.T. Poston,100.00,2,2,E
1,Seamus Power,100.00,4,4,-0.75
1,Andrew Putnam,100.00,4,4,-0.50
1,Davis Riley,100.00,5,5,-0.60
1,Vaughn Taylor,100.00,1,1,E
1,Michael Thompson,100.00,3,3,-0.67
1,Erik van Rooyen,100.00,6,6,E
1,Jimmy Walker,100.00,4,4,-0.25
28,Keith Mitchell,90.00,9,10,-0.33
29,Hudson Swafford,87.50,7,8,+0.14
30,Talor Gooch,85.71,6,7,-0.50
30,Russell Knox,85.71,6,7,-0.33
30,Matt Kuchar,85.71,6,7,-0.33
30,Keita Nakajima,85.71,6,7,-0.50
30,Ryan Palmer,85.71,6,7,-0.50
30,Greyson Sigg,85.71,6,7,-0.50
36,Paul Barjon,83.33,5,6,-0.40
36,Russell Henley,83.33,5,6,-0.40
36,Chris Kirk,83.33,5,6,-0.20
36,Satoshi Kodaira,83.33,5,6,-0.40
40,Corey Conners,80.00,8,10,-0.63
40,Adam Svensson,80.00,4,5,-1.00
42,Christiaan Bezuidenhout,75.00,3,4,-0.67
42,Wesley Bryan,75.00,3,4,-0.33
42,Cam Davis,75.00,6,8,-0.33
42,Lucas Glover,75.00,3,4,-0.33
42,Kyle Stanley,75.00,3,4,+0.33
42,Kevin Tway,75.00,3,4,-0.67
42,Dylan Wu,75.00,3,4,-0.33
49,Stewart Cink,71.43,5,7,-0.80
49,Si Woo Kim,71.43,5,7,-0.20
51,Hayden Buckley,66.67,2,3,E
51,Kevin Chappell,66.67,2,3,-0.50
51,Brett Drewitt,66.67,4,6,-0.25
51,Hideki Matsuyama,66.67,2,3,E
51,Webb Simpson,66.67,4,6,-0.25
51,Brandt Snedeker,66.67,4,6,-0.25
57,Vince Whaley,62.50,5,8,-0.20
58,Brendon Todd,60.00,3,5,-0.33
59,Luke Donald,50.00,2,4,-0.50
59,Brian Harman,50.00,2,4,-0.50
59,Marc Leishman,50.00,2,4,-0.50
59,Sam Ryder,50.00,2,4,-1.00
59,Sepp Straka,50.00,1,2,E
64,Sahith Theegala,40.00,2,5,E
