rank,player,%,Greens Hit,Total Holes,Relative to par
1,Keegan Bradley,100.00,4,4,-0.25
1,Corey Conners,100.00,5,5,E
3,Sam Ryder,85.71,6,7,+0.17
3,Michael Thompson,85.71,6,7,E
5,Ryan Palmer,83.33,5,6,+0.20
5,Greyson Sigg,83.33,5,6,-0.20
5,Kyle Stanley,83.33,5,6,-0.20
8,Hayden Buckley,80.00,4,5,-0.25
8,Stewart Cink,80.00,4,5,E
8,Patton Kizzire,80.00,4,5,E
8,Jason Kokrak,80.00,4,5,E
12,Wesley Bryan,75.00,6,8,-0.17
12,Hideki Matsuyama,75.00,3,4,E
14,Chris Kirk,66.67,4,6,-0.25
14,Satoshi Kodaira,66.67,6,9,-0.67
14,Matt Kuchar,66.67,4,6,+0.25
14,Maverick McNealy,66.67,2,3,E
18,Henrik Norlander,62.50,5,8,-0.20
18,Vince Whaley,62.50,5,8,-0.20
20,Brett Drewitt,60.00,3,5,E
20,Talor Gooch,60.00,3,5,E
20,Charles Howell III,60.00,3,5,-0.33
20,Si Woo Kim,60.00,3,5,E
20,Webb Simpson,60.00,3,5,+0.33
25,Brendon Todd,58.33,7,12,-0.14
26,Joseph Bramlett,57.14,4,7,-0.50
26,Harris English,57.14,4,7,-0.50
26,Lucas Glover,57.14,4,7,-0.50
26,Billy Horschel,57.14,4,7,+0.25
26,Andrew Putnam,57.14,4,7,E
26,Adam Svensson,57.14,4,7,+0.25
32,Haotong Li,55.56,5,9,-0.20
33,Christiaan Bezuidenhout,50.00,4,8,E
33,Kevin Chappell,50.00,2,4,E
33,Cam Davis,50.00,3,6,-0.33
33,Brian Harman,50.00,5,10,E
33,Russell Knox,50.00,3,6,-0.33
33,Keita Nakajima,50.00,3,6,-0.67
33,Seamus Power,50.00,3,6,E
40,Jim Furyk,46.15,6,13,+0.17
41,Luke Donald,44.44,4,9,-0.25
42,Kramer Hickok,42.86,3,7,E
42,Marc Leishman,42.86,3,7,-0.33
42,Kevin Na,42.86,3,7,E
42,Brandt Snedeker,42.86,3,7,E
42,Erik van Rooyen,42.86,3,7,+0.33
47,Kevin Tway,40.00,2,5,E
48,Ryan Armour,37.50,3,8,-0.33
49,Jimmy Walker,36.36,4,11,+0.25
50,Jim Knous,33.33,2,6,E
50,Denny McCarthy,33.33,2,6,-0.50
50,J.T. Poston,33.33,2,6,-1.00
50,Davis Riley,33.33,2,6,E
50,Sepp Straka,33.33,2,6,E
55,K.H. Lee,28.57,2,7,E
55,Justin Lower,28.57,2,7,E
55,Vaughn Taylor,28.57,2,7,E
55,Dylan Wu,28.57,2,7,E
59,Sahith Theegala,27.27,3,11,E
60,Paul Barjon,20.00,1,5,E
60,Russell Henley,20.00,1,5,-1.00
60,Kevin Kisner,20.00,1,5,E
60,Keith Mitchell,20.00,1,5,E
60,Hudson Swafford,20.00,1,5,-1.00
65,Ben Kohles,14.29,1,7,-1.00
