rank,player,%,Attempts,Putts made
1,Dustin Johnson,40.00,5,2
2,Rory Sabbatini,25.00,8,2
3,Ángel Cabrera,20.00,5,1
3,Paul Casey,20.00,5,1
3,Troy Matteson,20.00,5,1
3,Bo Van Pelt,20.00,5,1
7,Stewart Cink,16.67,6,1
7,Brian Gay,16.67,6,1
7,Retief Goosen,16.67,6,1
10,Michael Bradley,14.29,7,1
10,Kenny Perry,14.29,7,1
10,Heath Slocum,14.29,7,1
13,Stephen Ames,11.11,9,1
13,Y.E. Yang,11.11,9,1
15,Lucas Glover,.00,6,-
15,Nathan Green,.00,4,-
15,Zach Johnson,.00,5,-
15,Jerry Kelly,.00,3,-
15,Matt Kuchar,.00,6,-
15,Martin Laird,.00,9,-
15,Ryan Moore,.00,3,-
15,Sean O'Hair,.00,5,-
15,Geoff Ogilvy,.00,7,-
15,Pat Perez,.00,5,-
15,John Rollins,.00,6,-
15,Steve Stricker,.00,2,-
15,Nick Watney,.00,5,-
15,Mark Wilson,.00,6,-
