rank,player,%,Attempts,Putts made
1,Paul Casey,33.33,3,1
1,Bo Van Pelt,33.33,6,2
3,Dustin Johnson,30.00,10,3
4,Stewart Cink,25.00,8,2
4,Rory Sabbatini,25.00,4,1
4,Heath Slocum,25.00,8,2
7,Michael Bradley,20.00,5,1
7,Lucas Glover,20.00,10,2
7,Jerry Kelly,20.00,5,1
7,Geoff Ogilvy,20.00,5,1
11,Pat Perez,16.67,6,1
12,Zach Johnson,14.29,7,1
12,Martin Laird,14.29,7,1
12,Steve Stricker,14.29,7,1
12,Nick Watney,14.29,7,1
16,Stephen Ames,11.11,9,1
16,Y.E. Yang,11.11,9,1
18,Retief Goosen,9.09,11,1
18,Troy Matteson,9.09,11,1
18,Ryan Moore,9.09,11,1
21,Ángel Cabrera,.00,7,-
21,Brian Gay,.00,5,-
21,Nathan Green,.00,3,-
21,Matt Kuchar,.00,5,-
21,Sean O'Hair,.00,8,-
21,Kenny Perry,.00,8,-
21,John Rollins,.00,4,-
21,Mark Wilson,.00,5,-
