rank,player,% Made,Attempts,Putts Made
1,Retief Goosen,3.33,3,1
1,Nathan Green,3.33,3,1
3,Pat Perez,2.86,7,2
4,Sean O'Hair,2.50,4,1
4,Geoff Ogilvy,2.50,8,2
6,Lucas Glover,2.00,5,1
6,Jerry Kelly,2.00,5,1
6,Steve Stricker,2.00,5,1
9,Ángel Cabrera,1.67,6,1
10,Bo Van Pelt,1.25,8,1
11,Stephen Ames,.00,3,-
11,Michael Bradley,.00,4,-
11,Paul Casey,.00,6,-
11,Stewart Cink,.00,3,-
11,Brian Gay,.00,5,-
11,Dustin Johnson,.00,4,-
11,Zach Johnson,.00,4,-
11,Matt Kuchar,.00,5,-
11,Martin Laird,.00,3,-
11,Troy Matteson,.00,6,-
11,Ryan Moore,.00,6,-
11,Kenny Perry,.00,5,-
11,John Rollins,.00,9,-
11,Rory Sabbatini,.00,5,-
11,Heath Slocum,.00,3,-
11,Nick Watney,.00,7,-
11,Mark Wilson,.00,2,-
11,Y.E. Yang,.00,6,-
