rank,player,%,Attempts,Putts made
1,Stewart Cink,100.00,6,6
2,Sean O'Hair,62.50,8,5
3,Michael Bradley,46.15,13,6
4,Bo Van Pelt,42.86,7,3
5,Nathan Green,40.00,10,4
6,Kenny Perry,37.50,8,3
7,Jerry Kelly,36.36,11,4
7,Geoff Ogilvy,36.36,11,4
7,Rory Sabbatini,36.36,11,4
10,Matt Kuchar,33.33,12,4
10,Martin Laird,33.33,9,3
12,Retief Goosen,30.00,10,3
12,Troy Matteson,30.00,10,3
12,Heath Slocum,30.00,10,3
15,Y.E. Yang,28.57,7,2
16,Mark Wilson,27.27,11,3
17,Paul Casey,25.00,8,2
17,Brian Gay,25.00,12,3
17,Lucas Glover,25.00,8,2
20,Zach Johnson,22.22,9,2
21,Stephen Ames,20.00,10,2
22,Pat Perez,18.18,11,2
23,Ángel Cabrera,16.67,6,1
24,John Rollins,14.29,7,1
25,Ryan Moore,11.11,9,1
26,Steve Stricker,10.00,10,1
27,Dustin Johnson,.00,6,-
27,Nick Watney,.00,7,-
