rank,player,% Made,Attempts,Putts Made
1,Sean O'Hair,3.33,3,1
2,Nathan Green,2.50,4,1
3,Zach Johnson,2.00,5,1
3,Kenny Perry,2.00,5,1
5,Jerry Kelly,1.67,6,1
6,Steve Stricker,1.43,7,1
7,Stephen Ames,.00,6,-
7,Michael Bradley,.00,1,-
7,Ángel Cabrera,.00,5,-
7,Paul Casey,.00,2,-
7,Stewart Cink,.00,5,-
7,Brian Gay,.00,2,-
7,Lucas Glover,.00,8,-
7,Retief Goosen,.00,5,-
7,Dustin Johnson,.00,6,-
7,Matt Kuchar,.00,5,-
7,Martin Laird,.00,2,-
7,Troy Matteson,.00,4,-
7,Ryan Moore,.00,6,-
7,Geoff Ogilvy,.00,2,-
7,Pat Perez,.00,3,-
7,John Rollins,.00,5,-
7,Heath Slocum,.00,1,-
7,Bo Van Pelt,.00,3,-
7,Nick Watney,.00,2,-
7,Mark Wilson,.00,2,-
7,Y.E. Yang,.00,2,-
