rank,player,Avg (Yards),Total Distance (inches),Number of Approach Shots
1,Steve Marino,132.7,"81,226,000",17
2,Kevin Streelman,133.3,"47,999,000",10
3,George McNeill,145.5,"83,804,000",16
4,Jimmy Walker,147.4,"47,759,000",9
5,Sean O'Hair,148.0,"79,907,000",15
6,Paul Azinger,148.8,"91,061,000",17
7,Briny Baird,148.9,"64,334,000",12
8,Chez Reavie,149.1,"75,167,000",14
9,Y.E. Yang,150.2,"81,122,000",15
10,Stephen Ames,150.4,"81,190,000",15
10,Spencer Levin,150.4,"75,800,000",14
12,Daisuke Maruyama,150.6,"65,073,000",12
13,Jay Williamson,152.2,"98,605,000",18
14,Pat Perez,153.0,"88,122,000",16
15,Yusaku Miyazato,153.2,"88,243,000",16
16,Mitsuhiro Tateyama,155.1,"83,775,000",15
17,Alejandro Cañizares,155.5,"89,548,000",16
18,Vijay Singh,155.6,"95,243,000",17
19,Tim Wilkinson,157.0,"84,762,000",15
20,Brad Adamonis,158.1,"85,383,000",15
21,Daniel Chopra,158.8,"74,330,000",13
21,Brian Gay,158.8,"80,056,000",14
23,Carl Pettersson,160.4,"92,395,000",16
24,John Mallinger,160.7,"69,426,000",12
25,Cameron Beckman,160.8,"92,616,000",16
26,John Riegger,161.0,"63,761,000",11
27,Mark Wilson,161.4,"92,961,000",16
28,K.J. Choi,161.6,"104,747,000",18
29,Shigeki Maruyama,161.8,"69,888,000",12
30,Bob Estes,162.4,"76,010,000",13
31,Jesper Parnevik,162.5,"99,461,000",17
32,Bubba Watson,162.7,"64,436,000",11
33,Chad Campbell,162.8,"105,492,000",18
34,Mark Calcavecchia,163.4,"58,813,000",10
35,WC Liang,164.2,"82,754,000",14
36,James Driscoll,164.3,"106,452,000",18
37,Matt Kuchar,164.7,"59,298,000",10
38,Tom Pernice Jr.,165.3,"107,099,000",18
39,J.B. Holmes,165.4,"119,101,000",20
40,Parker McLachlin,165.6,"101,340,000",17
41,Steve Lowery,166.4,"71,906,000",12
42,Jason Allred,167.5,"90,451,000",15
43,Troy Matteson,168.0,"96,742,000",16
44,Doug LaBelle II,168.1,"72,613,000",12
45,Martin Laird,168.8,"79,010,000",13
46,Shane Bertsch,169.7,"97,773,000",16
47,Chad Collins,170.0,"79,573,000",13
48,Heath Slocum,171.5,"67,930,000",11
49,Robert Gamez,171.6,"86,493,000",14
50,Scott Sterling,172.2,"74,398,000",12
51,Dudley Hart,175.3,"88,327,000",14
52,Steve Stricker,175.4,"94,712,000",15
53,Kiyoshi Miyazato,176.2,"63,414,000",10
54,John Merrick,178.7,"70,771,000",11
54,Rory Sabbatini,178.7,"128,668,000",20
56,Jerry Kelly,179.2,"103,247,000",16
57,Fred Funk,179.5,"77,535,000",12
58,Dustin Johnson,181.1,"110,834,000",17
59,Kevin Na,183.1,"112,065,000",17
60,J.P. Hayes,183.4,"79,239,000",12
61,Matt Jones,183.7,"72,746,000",11
62,Tom Lehman,184.8,"93,124,000",14
63,Jeff Maggert,186.2,"73,753,000",11
64,Vaughn Taylor,189.5,"81,873,000",12
65,Jim Furyk,190.0,"88,938,000",13
66,Patrick Sheehan,190.1,"95,813,000",14
67,Zach Johnson,190.2,"95,880,000",14
68,Jim McGovern,196.1,"84,713,000",12
