rank,player,Distance,Tournament,Round- Course,Hole
1,Chad Campbell,156,Sony Open,1,3 - Par 4 -
2,Briny Baird,134,Sony Open,1,15 - Par 4
3,Mitsuhiro Tateyama,128,Sony Open,2,8 - Par 4 -
4,Jerry Kelly,32,Sony Open,4,3 - Par 4 -
5,Tim Wilkinson,21,Sony Open,3,7 - Par 3 -
6,Alex Aragon,21,Sony Open,1,12 - Par 4
7,Shigeki Maruyama,20,Sony Open,3,8 - Par 4 -
8,Jonathan Byrd,20,Sony Open,2,12 - Par 4
9,Tim Petrovic,18,Sony Open,1,1 - Par 4 -
10,Jeff Sluman,18,Sony Open,1,5 - Par 4 -
11,Jon Mills,18,Sony Open,1,11 - Par 3
12,Y.E. Yang,18,Sony Open,1,6 - Par 4 -
14,Yusaku Miyazato,16,Sony Open,4,11 - Par 3
15,John Merrick,16,Sony Open,3,2 - Par 4 -
16,Bob Estes,15,Sony Open,3,13 - Par 4
18,Kaname Yokoo,14,Sony Open,2,16 - Par 4
19,Tag Ridings,13,Sony Open,1,16 - Par 4
20,Tommy Gainey,13,Sony Open,2,1 - Par 4 -
21,Brett Wetterich,12,Sony Open,2,14 - Par 4
22,Scott Sterling,12,Sony Open,2,6 - Par 4 -
23,Kenny Perry,12,Sony Open,1,17 - Par 3
24,Nathan Green,12,Sony Open,1,17 - Par 3
26,Alejandro Cañizares,11,Sony Open,4,17 - Par 3
27,Martin Laird,11,Sony Open,1,11 - Par 3
28,Daniel Chopra,11,Sony Open,3,1 - Par 4 -
29,Kenneth Ferrie,10,Sony Open,2,11 - Par 3
30,Shaun Micheel,9,Sony Open,1,9 - Par 5 -
31,Jay Williamson,9,Sony Open,2,12 - Par 4
33,Sean O'Hair,9,Sony Open,4,18 - Par 5
34,Eric Axley,8,Sony Open,1,13 - Par 4
35,Dustin Johnson,8,Sony Open,2,8 - Par 4 -
37,Kevin Streelman,7,Sony Open,3,13 - Par 4
41,Carl Pettersson,6,Sony Open,4,10 - Par 4
42,Ron Whittaker,5,Sony Open,1,6 - Par 4 -
43,Tom Lehman,5,Sony Open,4,4 - Par 3 -
44,Kevin Na,5,Sony Open,4,18 - Par 5
