rank,player,Value,Total Drv Rank,GIR Rank
1,Stuart Appleby,6,1,5
2,Sergio Garcia,9,3,6
3,Jim Furyk,10,6,4
4,Kenny Perry,11,3,8
5,Bart Bryant,14,13,1
5,Geoff Ogilvy,14,8,6
5,Vijay Singh,14,11,3
5,David Toms,14,2,12
9,Vaughn Taylor,17,16,1
10,Michael Campbell,19,11,8
11,Justin Leonard,22,10,12
12,Ted Purdy,26,8,18
13,Tim Petrovic,27,5,22
14,Lucas Glover,28,20,8
15,Heath Slocum,30,22,8
16,Carl Pettersson,31,16,15
17,Jason Bohn,33,21,12
17,Sean O'Hair,33,7,26
19,Fred Funk,35,13,22
20,Jason Gore,37,15,22
20,Peter Lonard,37,19,18
22,Olin Browne,38,16,22
23,Mark Calcavecchia,40,25,15
24,"Wes Short, Jr.",41,24,17
25,Robert Gamez,42,22,20
26,K.J. Choi,47,26,21
27,Ben Crane,55,27,28
27,Brad Faxon,55,28,27
