rank,player,%,Greens Hit,# Holes,Relative/Par
1,Bart Bryant,79.17,57,72,-0.14
1,Vaughn Taylor,79.17,57,72,-0.12
3,Vijay Singh,77.78,56,72,-0.30
4,Jim Furyk,76.39,55,72,-0.24
5,Stuart Appleby,72.22,52,72,-0.23
6,Sergio Garcia,69.44,50,72,-0.14
6,Geoff Ogilvy,69.44,50,72,-0.18
8,Michael Campbell,68.06,49,72,-0.27
8,Lucas Glover,68.06,49,72,-0.31
8,Kenny Perry,68.06,49,72,-0.10
8,Heath Slocum,68.06,49,72,E
12,Jason Bohn,66.67,48,72,-0.13
12,Justin Leonard,66.67,48,72,-0.15
12,David Toms,66.67,48,72,-0.19
15,Mark Calcavecchia,65.28,47,72,-0.15
15,Carl Pettersson,65.28,47,72,-0.13
17,"Wes Short, Jr.",63.89,46,72,-0.13
18,Peter Lonard,62.50,45,72,-0.09
18,Ted Purdy,62.50,45,72,-0.13
20,Robert Gamez,61.11,44,72,-0.20
21,K.J. Choi,59.72,43,72,-0.21
22,Olin Browne,58.33,42,72,-0.19
22,Fred Funk,58.33,42,72,+0.05
22,Jason Gore,58.33,42,72,-0.07
22,Tim Petrovic,58.33,42,72,-0.26
26,Sean O'Hair,55.56,40,72,-0.13
27,Brad Faxon,50.00,36,72,-0.17
28,Ben Crane,48.61,35,72,-0.09
