rank,player,Total
1,Justin Thomas,24
2,Patrick Reed,23
3,Collin Morikawa,20
4,Patrick Cantlay,19
4,Sebastián Muñoz,19
6,Cameron Champ,17
6,Rickie Fowler,17
6,Joaquin Niemann,17
6,Xander Schauffele,17
6,Matthew Wolff,17
11,Paul Casey,16
11,Dustin Johnson,16
11,Sung Kang,16
11,Ryan Palmer,16
15,Jim Herman,15
15,Kevin Kisner,15
15,J.T. Poston,15
15,Gary Woodland,15
19,Corey Conners,14
19,Lanto Griffin,14
19,Nate Lashley,14
22,Tyler Duncan,13
22,J.B. Holmes,13
22,Adam Long,13
22,Graeme McDowell,13
26,Keith Mitchell,12
26,Jon Rahm,12
28,Max Homa,11
28,Matt Kuchar,11
28,Kevin Na,11
28,Chez Reavie,11
32,Dylan Frittelli,10
33,Brendon Todd,9
33,Martin Trainer,9
