rank,player,%
1,Dustin Johnson,62.50
2,Matt Kuchar,50.00
2,Ryan Palmer,50.00
2,Matthew Wolff,50.00
5,Rickie Fowler,42.86
5,Gary Woodland,42.86
7,Paul Casey,35.71
8,Cameron Champ,33.33
8,J.T. Poston,33.33
10,Joaquin Niemann,28.57
11,Corey Conners,27.27
11,Adam Long,27.27
13,Jim Herman,26.67
14,Chez Reavie,25.00
14,Justin Thomas,25.00
16,Lanto Griffin,22.22
17,Sung Kang,21.43
18,Keith Mitchell,21.05
19,Kevin Kisner,20.00
19,Collin Morikawa,20.00
19,Jon Rahm,20.00
22,Nate Lashley,18.18
22,Graeme McDowell,18.18
24,Sebastián Muñoz,16.67
25,Dylan Frittelli,15.38
26,Patrick Cantlay,14.29
26,J.B. Holmes,14.29
26,Patrick Reed,14.29
29,Martin Trainer,10.53
30,Tyler Duncan,10.00
30,Brendon Todd,10.00
32,Kevin Na,6.67
33,Max Homa,.00
33,Xander Schauffele,.00
