rank,player,Total
1,Dustin Johnson,2
2,Patrick Cantlay,1
2,Lanto Griffin,1
2,Matt Kuchar,1
2,Keith Mitchell,1
2,Ryan Palmer,1
2,J.T. Poston,1
2,Jon Rahm,1
2,Chez Reavie,1
2,Gary Woodland,1
11,Paul Casey,0
11,Cameron Champ,0
11,Corey Conners,0
11,Tyler Duncan,0
11,Rickie Fowler,0
11,Dylan Frittelli,0
11,Jim Herman,0
11,J.B. Holmes,0
11,Max Homa,0
11,Sung Kang,0
11,Kevin Kisner,0
11,Nate Lashley,0
11,Adam Long,0
11,Graeme McDowell,0
11,Collin Morikawa,0
11,Sebastián Muñoz,0
11,Kevin Na,0
11,Joaquin Niemann,0
11,Patrick Reed,0
11,Xander Schauffele,0
11,Justin Thomas,0
11,Brendon Todd,0
11,Martin Trainer,0
11,Matthew Wolff,0
