rank,player,%,# Saves,# Bunkers,Total O/U Par
1,Abraham Ancer,100.00,3,3,E
1,Brian Gay,100.00,4,4,-1.00
1,Kevin Kisner,100.00,2,2,E
1,Jason Kokrak,100.00,1,1,E
1,Brendon Todd,100.00,1,1,E
6,Patrick Cantlay,75.00,3,4,-1.00
6,Cameron Smith,75.00,3,4,-1.00
6,Richy Werenski,75.00,3,4,-1.00
9,Daniel Berger,66.67,2,3,-1.00
9,Lanto Griffin,66.67,2,3,E
9,Billy Horschel,66.67,2,3,+1.00
9,Collin Morikawa,66.67,2,3,E
9,Jon Rahm,66.67,4,6,-2.00
9,Hudson Swafford,66.67,2,3,+1.00
9,Nick Taylor,66.67,2,3,-2.00
9,Michael Thompson,66.67,2,3,+1.00
17,Tony Finau,60.00,3,5,+2.00
17,Dustin Johnson,60.00,3,5,E
17,Sebastián Muñoz,60.00,3,5,E
17,Kevin Na,60.00,3,5,+2.00
17,Patrick Reed,60.00,3,5,-1.00
22,Bryson DeChambeau,50.00,1,2,+1.00
22,Sergio Garcia,50.00,1,2,E
22,Viktor Hovland,50.00,1,2,E
22,Sungjae Im,50.00,2,4,E
22,Andrew Landry,50.00,1,2,E
22,Hideki Matsuyama,50.00,3,6,+2.00
22,Ryan Palmer,50.00,1,2,E
22,Xander Schauffele,50.00,1,2,E
22,Scottie Scheffler,50.00,1,2,+1.00
22,Webb Simpson,50.00,3,6,E
22,Robert Streb,50.00,1,2,-1.00
22,Justin Thomas,50.00,1,2,E
34,Harris English,33.33,1,3,-1.00
34,Martin Laird,33.33,1,3,E
34,Carlos Ortiz,33.33,2,6,+2.00
37,Stewart Cink,25.00,1,4,+1.00
37,Mackenzie Hughes,25.00,1,4,+1.00
39,Cameron Champ,16.67,1,6,+1.00
40,Joaquin Niemann,.00,0,1,+1.00
