rank,player,%,Successes,Attempts
1,Xander Schauffele,100.00,2,2
1,Cameron Smith,100.00,1,1
3,Jon Rahm,75.00,3,4
4,Abraham Ancer,66.67,2,3
4,Patrick Cantlay,66.67,2,3
4,Joaquin Niemann,66.67,2,3
7,Justin Thomas,60.00,3,5
7,Brendon Todd,60.00,3,5
9,Stewart Cink,50.00,1,2
9,Lanto Griffin,50.00,2,4
9,Patrick Reed,50.00,1,2
9,Nick Taylor,50.00,1,2
13,Jason Kokrak,40.00,2,5
13,Carlos Ortiz,40.00,2,5
15,Brian Gay,33.33,1,3
15,Viktor Hovland,33.33,1,3
15,Kevin Kisner,33.33,1,3
15,Andrew Landry,33.33,1,3
19,Tony Finau,25.00,1,4
19,Robert Streb,25.00,1,4
19,Michael Thompson,25.00,1,4
22,Cameron Champ,.00,0,2
22,Sergio Garcia,.00,0,1
22,Mackenzie Hughes,.00,0,2
22,Dustin Johnson,.00,0,4
22,Marc Leishman,.00,0,1
22,Hideki Matsuyama,.00,0,2
22,Sebastián Muñoz,.00,0,2
22,Kevin Na,.00,0,2
22,Ryan Palmer,.00,0,1
22,Scottie Scheffler,.00,0,2
22,Adam Scott,.00,0,1
22,Webb Simpson,.00,0,2
22,Hudson Swafford,.00,0,1
