rank,player,%,Successes,Attempts
1,Marc Leishman,100.00,6,6
1,Sebastián Muñoz,100.00,2,2
1,Justin Thomas,100.00,3,3
4,Brendon Todd,83.33,5,6
5,Bryson DeChambeau,80.00,4,5
5,Xander Schauffele,80.00,4,5
7,Stewart Cink,75.00,3,4
7,Mackenzie Hughes,75.00,3,4
9,Brian Gay,71.43,5,7
9,Andrew Landry,71.43,5,7
11,Harris English,66.67,2,3
11,Sergio Garcia,66.67,2,3
11,Billy Horschel,66.67,2,3
11,Collin Morikawa,66.67,2,3
11,Joaquin Niemann,66.67,2,3
11,Patrick Reed,66.67,4,6
11,Cameron Smith,66.67,2,3
18,Scottie Scheffler,62.50,5,8
18,Nick Taylor,62.50,5,8
20,Martin Laird,60.00,3,5
20,Jon Rahm,60.00,3,5
22,Cameron Champ,57.14,4,7
22,Richy Werenski,57.14,4,7
24,Patrick Cantlay,55.56,5,9
24,Lanto Griffin,55.56,5,9
26,Daniel Berger,50.00,2,4
26,Viktor Hovland,50.00,3,6
26,Jason Kokrak,50.00,3,6
26,Kevin Na,50.00,2,4
26,Webb Simpson,50.00,2,4
26,Michael Thompson,50.00,2,4
32,Sungjae Im,42.86,3,7
32,Hideki Matsuyama,42.86,3,7
34,Abraham Ancer,40.00,2,5
34,Robert Streb,40.00,2,5
36,Hudson Swafford,37.50,3,8
37,Dustin Johnson,33.33,1,3
37,Kevin Kisner,33.33,1,3
37,Ryan Palmer,33.33,1,3
40,Tony Finau,20.00,1,5
41,Carlos Ortiz,.00,0,3
41,Adam Scott,.00,0,1
