rank,player,Avg,Total SG:OTT,Measured Rounds
1,Robert Garrigus,1.243,4.973,4
2,Dustin Johnson,.909,3.636,4
3,Ryan Palmer,.772,3.089,4
4,Justin Rose,.627,2.508,4
5,Anthony Kim,.624,2.494,4
6,Adam Scott,.622,2.486,4
7,Graeme McDowell,.567,2.269,4
8,Hunter Mahan,.429,1.716,4
9,Bill Haas,.354,1.417,4
10,Jonathan Byrd,.335,1.341,4
11,Ernie Els,.238,.952,4
12,Bill Lunde,.224,.895,4
13,Matt Kuchar,.188,.753,4
14,Bubba Watson,.056,.222,4
15,Heath Slocum,-.056,-.224,4
16,Charley Hoffman,-.077,-.307,4
17,Derek Lamely,-.083,-.331,4
18,Jim Furyk,-.111,-.443,4
19,Matt Bettencourt,-.113,-.451,4
20,Francesco Molinari,-.187,-.747,4
21,Tim Clark,-.218,-.871,4
22,Steve Stricker,-.258,-1.032,4
23,Jason Day,-.264,-1.055,4
24,Ben Crane,-.270,-1.081,4
25,Zach Johnson,-.322,-1.286,4
26,Carl Pettersson,-.498,-1.993,4
27,Ian Poulter,-.593,-2.370,4
28,Arjun Atwal,-.620,-2.480,4
29,Cameron Beckman,-.787,-3.147,4
30,Rocco Mediate,-.808,-3.232,4
31,Stuart Appleby,-.837,-3.348,4
32,Jason Bohn,-1.085,-4.341,4
