rank,player,Avg,Total Ball Speed,Total Attempts
1,Robert Garrigus,183.29,733.17,4
2,Bubba Watson,181.11,724.46,4
3,Dustin Johnson,179.32,717.28,4
4,Bill Haas,174.03,696.13,4
5,Charley Hoffman,173.85,521.55,3
6,Derek Lamely,171.14,684.58,4
7,Adam Scott,170.70,682.81,4
8,Jonathan Byrd,169.79,679.17,4
9,Matt Bettencourt,168.53,674.14,4
10,Jason Day,168.29,673.18,4
11,Ernie Els,168.03,672.14,4
12,Justin Rose,167.87,671.50,4
13,Stuart Appleby,167.72,670.90,4
14,Ryan Palmer,167.27,669.09,4
15,Graeme McDowell,166.35,665.39,4
16,Anthony Kim,166.26,665.04,4
17,Hunter Mahan,164.44,657.75,4
18,Bill Lunde,163.46,653.86,4
19,Matt Kuchar,163.45,653.81,4
20,Jason Bohn,162.95,814.73,5
21,Ian Poulter,162.36,649.45,4
22,Cameron Beckman,161.95,647.80,4
23,Arjun Atwal,161.82,809.09,5
24,Ben Crane,161.35,645.42,4
25,Steve Stricker,160.81,482.44,3
26,Carl Pettersson,160.57,642.27,4
27,Francesco Molinari,160.38,481.15,3
28,Jim Furyk,159.93,479.80,3
29,Tim Clark,157.65,630.62,4
30,Zach Johnson,155.28,621.13,4
30,Rocco Mediate,155.28,621.14,4
32,Heath Slocum,155.25,620.99,4
