rank,player,Total,Distance Rank,Accuracy Rank
1,Bubba Watson,11,4,7
2,Bill Haas,15,8,7
3,Justin Rose,21,6,15
4,Jason Day,22,3,19
4,Graeme McDowell,22,7,15
6,Hunter Mahan,23,12,11
7,Ernie Els,26,15,11
7,Jim Furyk,26,24,2
7,Derek Lamely,26,2,24
7,Ryan Palmer,26,11,15
11,Charley Hoffman,29,5,24
11,Zach Johnson,29,28,1
11,Matt Kuchar,29,14,15
14,Dustin Johnson,30,1,29
15,Tim Clark,31,24,7
15,Francesco Molinari,31,29,2
15,Adam Scott,31,20,11
18,Jonathan Byrd,32,21,11
18,Ben Crane,32,30,2
18,Steve Stricker,32,27,5
21,Anthony Kim,36,17,19
21,Heath Slocum,36,31,5
23,Bill Lunde,37,18,19
24,Arjun Atwal,38,10,28
24,Robert Garrigus,38,9,29
26,Rocco Mediate,39,32,7
26,Carl Pettersson,39,16,23
28,Matt Bettencourt,40,13,27
29,Ian Poulter,41,22,19
30,Stuart Appleby,47,18,29
30,Jason Bohn,47,23,24
32,Cameron Beckman,55,26,29
