rank,player,Avg,Total Distance (feet),# of Attempts,Relative to par
1,Jason Day,"12' 3""",196.583,16,-5
2,Ryan Moore,"13' 8""",299.833,22,-7
3,Brian Stuard,"13' 9""",219.500,16,-3
4,Vaughn Taylor,"13' 10""",262.167,19,-8
5,Rod Pampling,"14' 7""",263.167,18,-6
6,Brandt Snedeker,"14' 9""",221.000,15,-2
7,Pat Perez,"15' 0""",255.500,17,-3
8,Jimmy Walker,"15' 3""",304.167,20,-6
9,Jason Dufner,"16' 2""",274.500,17,-5
10,Brendan Steele,"16' 3""",211.667,13,-2
11,Mackenzie Hughes,"16' 6""",280.083,17,-5
12,Aaron Baddeley,"16' 8""",365.833,22,E
12,Daniel Berger,"16' 8""",249.833,15,-2
14,Dustin Johnson,"17' 6""",227.167,13,-2
15,Patrick Reed,"17' 7""",317.167,18,-7
16,Jordan Spieth,"17' 9""",389.750,22,-8
17,Hideki Matsuyama,"18' 1""",379.083,21,-6
18,James Hahn,"19' 5""",310.167,16,-2
19,Justin Thomas,"19' 10""",435.417,22,-4
20,Russell Knox,"19' 11""",477.750,24,-3
21,William McGirt,"20' 3""",485.750,24,-2
22,Jim Herman,"20' 4""",406.833,20,-3
23,Jhonattan Vegas,"21' 8""",302.833,14,-2
24,Billy Hurley III,"21' 10""",370.917,17,-4
24,Bubba Watson,"21' 10""",414.667,19,-5
26,Si Woo Kim,"22' 4""",312.417,14,+1
27,Cody Gribble,"22' 5""",268.833,12,-4
28,Charley Hoffman,"23' 4""",537.333,23,-5
29,Branden Grace,"24' 2""",410.667,17,-3
30,Greg Chalmers,"24' 8""",468.167,19,-2
31,Fabián Gómez,"26' 0""",337.667,13,-2
32,Tony Finau,"26' 7""",504.667,19,-3
