rank,player,Avg,Total Distance (feet),# of Attempts,Relative to par
1,Vaughn Taylor,"7' 2""",14.333,2,-1
2,Brian Stuard,"10' 0""",10.000,1,E
3,Jason Day,"10' 2""",81.000,8,-2
4,Hideki Matsuyama,"11' 6""",92.250,8,-4
5,Billy Hurley III,"11' 8""",70.167,6,-2
6,James Hahn,"13' 2""",65.667,5,E
6,Brendan Steele,"13' 2""",66.000,5,-1
8,Mackenzie Hughes,"13' 5""",94.167,7,-2
9,Russell Knox,"14' 6""",130.833,9,E
9,Ryan Moore,"14' 6""",130.833,9,-2
9,Pat Perez,"14' 6""",101.333,7,-2
12,William McGirt,"14' 9""",162.083,11,-4
13,Jason Dufner,"14' 11""",134.250,9,-2
14,Jimmy Walker,"15' 3""",152.250,10,-3
15,Charley Hoffman,"15' 7""",108.833,7,-2
16,Brandt Snedeker,"17' 1""",102.250,6,E
17,Jordan Spieth,"17' 2""",154.667,9,-2
18,Jhonattan Vegas,"17' 3""",86.417,5,-1
19,Daniel Berger,"17' 8""",88.167,5,+1
20,Si Woo Kim,"18' 0""",143.667,8,+1
21,Aaron Baddeley,"18' 2""",254.000,14,+1
21,Rod Pampling,"18' 2""",145.583,8,E
23,Justin Thomas,"18' 3""",200.583,11,-3
24,Dustin Johnson,"18' 5""",92.250,5,E
25,Jim Herman,"19' 8""",137.500,7,-2
26,Bubba Watson,"21' 1""",126.500,6,-2
27,Cody Gribble,"22' 3""",133.667,6,-2
28,Patrick Reed,"22' 9""",159.167,7,-2
29,Tony Finau,"23' 8""",142.083,6,-1
30,Branden Grace,"27' 1""",216.667,8,-2
31,Greg Chalmers,"28' 1""",168.250,6,E
32,Fabián Gómez,"29' 5""",88.250,3,E
