rank,player,Avg,Total Distance (feet),# of Attempts,Relative to par
1,William McGirt,"39' 5""",39.417,1,-1
2,Justin Thomas,"41' 1""",41.083,1,-1
3,Jimmy Walker,"67' 2""",67.167,1,E
4,Hideki Matsuyama,"67' 8""",135.333,2,-1
5,Pat Perez,"71' 10""",143.583,2,-1
6,Patrick Reed,"73' 1""",73.083,1,-1
7,Jhonattan Vegas,"73' 9""",147.417,2,-2
8,Brian Stuard,"73' 11""",73.917,1,-1
9,Si Woo Kim,"77' 4""",77.333,1,-1
10,James Hahn,"78' 8""",235.917,3,-1
11,Cody Gribble,"79' 6""",159.000,2,-1
12,Brandt Snedeker,"81' 4""",81.333,1,E
13,Bubba Watson,"84' 3""",252.667,3,-1
14,Greg Chalmers,"87' 2""",174.250,2,E
15,Brendan Steele,"96' 6""",96.500,1,E
16,Dustin Johnson,"98' 11""",98.917,1,-1
17,Tony Finau,"114' 7""",343.750,3,-1
18,Vaughn Taylor,"119' 8""",359.083,3,+1
19,Aaron Baddeley,"120' 11""",120.917,1,-1
20,Daniel Berger,"133' 0""",399.083,3,E
21,Rod Pampling,"144' 10""",144.833,1,-1
22,Charley Hoffman,"146' 6""",146.500,1,-1
23,Jason Dufner,"148' 6""",297.000,2,-1
24,Jim Herman,"152' 0""",152.000,1,E
25,Mackenzie Hughes,"183' 8""",183.667,1,E
26,Fabián Gómez,"191' 4""",191.333,1,E
27,Jordan Spieth,"194' 7""",194.583,1,-1
