rank,player,Avg,Total Distance (feet),# of Attempts,Relative to par
1,Vaughn Taylor,"15' 6""",46.583,3,-1
2,William McGirt,"19' 5""",77.750,4,-2
3,Jimmy Walker,"21' 1""",105.417,5,+1
4,Charley Hoffman,"21' 3""",127.250,6,-4
5,Dustin Johnson,"22' 10""",205.500,9,-4
6,Brandt Snedeker,"24' 11""",149.417,6,-3
7,Billy Hurley III,"27' 2""",81.500,3,+1
8,Jim Herman,"28' 1""",224.417,8,-4
9,Jordan Spieth,"29' 0""",203.167,7,E
10,Tony Finau,"30' 0""",269.667,9,-1
11,Daniel Berger,"31' 6""",315.083,10,-4
12,Brendan Steele,"32' 8""",261.167,8,-6
13,Branden Grace,"33' 1""",231.583,7,-1
14,Jhonattan Vegas,"33' 11""",372.750,11,-1
15,Patrick Reed,"34' 2""",341.750,10,-4
16,Justin Thomas,"34' 7""",242.083,7,-3
17,Mackenzie Hughes,"35' 7""",178.000,5,+3
18,Aaron Baddeley,"36' 4""",363.167,10,-1
19,Jason Dufner,"36' 7""",256.167,7,+2
20,Brian Stuard,"36' 9""",183.750,5,+1
21,Si Woo Kim,"36' 10""",331.250,9,-2
21,Bubba Watson,"36' 10""",220.833,6,E
23,Pat Perez,"37' 7""",413.000,11,-6
24,Ryan Moore,"38' 4""",268.083,7,-1
24,Rod Pampling,"38' 4""",306.917,8,-2
26,Fabián Gómez,"38' 6""",154.083,4,E
27,Hideki Matsuyama,"39' 3""",470.833,12,-2
28,Greg Chalmers,"40' 1""",200.583,5,+2
29,Russell Knox,"45' 5""",227.000,5,+1
30,Jason Day,"45' 8""",274.000,6,-2
31,Cody Gribble,"46' 3""",323.833,7,-1
32,James Hahn,"48' 4""",289.750,6,E
