rank,player,Avg,Total Distance (feet),# of Attempts,Relative to par
1,Brendan Steele,"16' 5""",16.417,1,-1
2,Si Woo Kim,"26' 0""",51.917,2,-2
3,Jimmy Walker,"32' 8""",32.667,1,E
4,Hideki Matsuyama,"34' 5""",34.417,1,-1
5,James Hahn,"36' 6""",73.000,2,-3
6,Jason Day,"41' 1""",123.333,3,-3
7,Billy Hurley III,"55' 10""",223.250,4,-3
8,Jordan Spieth,"58' 2""",116.333,2,E
9,Dustin Johnson,"62' 3""",62.250,1,E
10,Ryan Moore,"68' 6""",205.417,3,-1
11,William McGirt,"68' 9""",206.250,3,-1
12,Patrick Reed,"70' 4""",70.333,1,-1
13,Jason Dufner,"71' 9""",358.667,5,+1
14,Aaron Baddeley,"74' 5""",223.333,3,-2
15,Brandt Snedeker,"74' 9""",224.167,3,-2
16,Rod Pampling,"76' 0""",303.917,4,-2
17,Mackenzie Hughes,"81' 6""",162.917,2,-1
18,Daniel Berger,"82' 11""",82.917,1,E
19,Vaughn Taylor,"85' 9""",343.000,4,+3
20,Bubba Watson,"89' 4""",89.333,1,-1
21,Jim Herman,"94' 4""",377.333,4,-1
22,Greg Chalmers,"95' 9""",383.083,4,E
23,Brian Stuard,"96' 5""",385.500,4,E
24,Cody Gribble,"102' 8""",307.917,3,-1
25,Pat Perez,"103' 5""",206.750,2,E
26,Russell Knox,"104' 9""",314.250,3,-3
27,Fabián Gómez,"107' 9""",215.500,2,E
28,Jhonattan Vegas,"110' 7""",110.583,1,-1
29,Branden Grace,"112' 6""",225.000,2,E
