rank,player,Avg,Total Distance (feet),# of Attempts,Relative to par
1,Justin Thomas,"19' 8""",177.000,9,-3
2,Charley Hoffman,"24' 9""",197.917,8,-4
3,Jimmy Walker,"26' 8""",213.167,8,-3
4,Ryan Moore,"27' 7""",331.000,12,-3
5,Jim Herman,"29' 5""",323.333,11,-5
6,Si Woo Kim,"32' 3""",289.917,9,-2
7,Jason Day,"36' 4""",290.750,8,-1
8,Aaron Baddeley,"36' 6""",255.667,7,-1
9,Vaughn Taylor,"36' 7""",439.333,12,-2
10,Dustin Johnson,"37' 8""",301.000,8,-1
11,Brian Stuard,"38' 3""",420.833,11,-1
12,Jordan Spieth,"38' 6""",346.333,9,-2
13,Tony Finau,"38' 9""",271.333,7,E
13,Hideki Matsuyama,"38' 9""",232.250,6,-2
15,Fabián Gómez,"39' 6""",474.417,12,-1
16,Daniel Berger,"42' 1""",336.750,8,-3
17,Patrick Reed,"42' 7""",426.000,10,-1
17,Brendan Steele,"42' 7""",298.167,7,+1
19,Billy Hurley III,"42' 11""",600.333,14,-1
20,Jason Dufner,"44' 3""",442.667,10,-1
21,James Hahn,"44' 8""",491.250,11,-1
22,Jhonattan Vegas,"46' 3""",324.000,7,+2
23,William McGirt,"47' 3""",708.417,15,-6
24,Russell Knox,"47' 5""",569.083,12,-3
25,Bubba Watson,"51' 3""",461.500,9,-2
26,Brandt Snedeker,"52' 3""",522.667,10,-3
27,Mackenzie Hughes,"53' 0""",689.000,13,-1
28,Rod Pampling,"54' 2""",542.000,10,+2
29,Branden Grace,"54' 4""",543.250,10,E
30,Cody Gribble,"57' 6""",459.750,8,-3
31,Greg Chalmers,"58' 7""",468.333,8,-1
32,Pat Perez,"61' 5""",307.250,5,+2
