rank,player,Avg,Total Distance (feet),# of Attempts,GIR Rank
1,Jimmy Walker,"29' 4""","2,110.083",72,Under
2,Ryan Moore,"30' 9""","2,213.167",72,Under
3,Justin Thomas,"31' 1""","2,209.750",71,Under
4,Jordan Spieth,"32' 10""","2,331.167",71,Under
5,Brendan Steele,"33' 0""","2,344.417",71,Under
6,William McGirt,"34' 3""","2,465.750",72,Under
7,Billy Hurley III,"35' 5""","2,551.750",72,Under
8,Dustin Johnson,"35' 6""","2,558.083",72,Under
9,Russell Knox,"35' 8""","2,534.583",71,Under
10,Hideki Matsuyama,"35' 10""","2,581.917",72,Under
11,Charley Hoffman,"36' 9""","2,646.833",72,Under
11,Brian Stuard,"36' 9""","2,610.833",71,Under
13,James Hahn,"37' 0""","2,666.167",72,Under
14,Jason Day,"37' 1""","2,669.750",72,Under
14,Branden Grace,"37' 1""","2,671.000",72,Over
14,Pat Perez,"37' 1""","2,670.000",72,Under
14,Brandt Snedeker,"37' 1""","2,669.833",72,Under
18,Jim Herman,"37' 9""","2,720.833",72,Under
19,Bubba Watson,"38' 6""","2,733.500",71,Under
20,Aaron Baddeley,"38' 11""","2,762.917",71,Under
21,Rod Pampling,"39' 2""","2,822.250",72,Under
22,Tony Finau,"39' 7""","2,852.833",72,Under
22,Vaughn Taylor,"39' 7""","2,850.417",72,Under
24,Greg Chalmers,"40' 4""","2,903.417",72,Under
25,Patrick Reed,"40' 8""","2,925.167",72,Under
26,Si Woo Kim,"40' 11""","2,906.333",71,Under
27,Daniel Berger,"41' 2""","2,962.833",72,Under
28,Jhonattan Vegas,"41' 10""","3,011.417",72,Even
29,Jason Dufner,"42' 8""","3,028.083",71,Under
30,Mackenzie Hughes,"42' 11""","3,087.167",72,Under
31,Fabián Gómez,"43' 5""","3,082.917",71,Under
32,Cody Gribble,"44' 8""","3,170.583",71,Under
