rank,player,Avg,Total Distance (feet),# of Attempts,Relative to par
1,Branden Grace,"16' 1""",96.583,6,E
2,Greg Chalmers,"20' 5""",122.500,6,-1
3,William McGirt,"21' 5""",128.500,6,-3
4,Bubba Watson,"22' 2""",221.833,10,-2
5,Jordan Spieth,"22' 5""",134.333,6,E
6,Charley Hoffman,"22' 6""",135.000,6,-2
7,Brandt Snedeker,"23' 3""",162.750,7,-2
8,Brendan Steele,"23' 6""",187.917,8,-1
9,Ryan Moore,"24' 10""",223.417,9,-1
10,Pat Perez,"25' 3""",201.667,8,-3
11,Hideki Matsuyama,"25' 8""",179.750,7,E
12,Daniel Berger,"26' 6""",185.250,7,-1
13,Aaron Baddeley,"26' 10""",187.750,7,-2
13,Jimmy Walker,"26' 10""",134.000,5,E
15,Cody Gribble,"28' 0""",224.000,8,-2
16,Tony Finau,"28' 8""",229.167,8,-3
17,Fabián Gómez,"29' 1""",232.833,8,-1
18,Jason Day,"29' 6""",265.833,9,E
19,Dustin Johnson,"29' 7""",236.417,8,E
20,Vaughn Taylor,"30' 2""",271.750,9,E
21,James Hahn,"30' 8""",306.667,10,-1
22,Russell Knox,"30' 11""",154.750,5,-1
22,Jhonattan Vegas,"30' 11""",278.083,9,E
24,Mackenzie Hughes,"31' 10""",191.083,6,+1
25,Billy Hurley III,"32' 4""",226.250,7,+4
26,Justin Thomas,"33' 1""",231.333,7,-2
27,Jason Dufner,"36' 7""",183.000,5,-2
28,Rod Pampling,"37' 0""",332.833,9,+3
29,Si Woo Kim,"38' 5""",268.833,7,+1
30,Patrick Reed,"38' 8""",270.833,7,+4
31,Jim Herman,"39' 4""",196.750,5,+1
32,Brian Stuard,"39' 7""",277.250,7,E
