rank,player,Avg,Total Distance (feet),# of Attempts,Relative to par
1,Mackenzie Hughes,"13' 0""",91.250,7,-3
2,Rod Pampling,"13' 4""",93.167,7,-5
3,Ryan Moore,"13' 5""",147.250,11,-4
4,Jason Dufner,"13' 8""",81.750,6,-3
5,Patrick Reed,"14' 2""",113.583,8,-3
6,Brandt Snedeker,"14' 3""",113.917,8,-2
7,Brian Stuard,"14' 5""",187.250,13,-3
8,Justin Thomas,"14' 8""",102.417,7,-2
9,Aaron Baddeley,"14' 10""",74.167,5,E
10,Jason Day,"15' 5""",61.750,4,-2
11,Vaughn Taylor,"15' 8""",234.750,15,-6
12,Dustin Johnson,"16' 8""",50.083,3,-1
12,Pat Perez,"16' 8""",116.500,7,-1
14,Jim Herman,"16' 9""",151.000,9,-1
15,Jimmy Walker,"17' 7""",123.250,7,-2
16,Cody Gribble,"17' 9""",88.667,5,-1
17,Daniel Berger,"19' 1""",133.417,7,-1
18,Brendan Steele,"20' 3""",121.333,6,E
19,Branden Grace,"21' 2""",169.083,8,-1
20,Charley Hoffman,"22' 0""",263.833,12,-3
21,Fabián Gómez,"22' 2""",177.333,8,-2
22,William McGirt,"22' 9""",204.500,9,+1
23,Russell Knox,"23' 2""",346.917,15,-3
24,Hideki Matsuyama,"23' 3""",232.167,10,-2
25,Jordan Spieth,"24' 2""",193.083,8,-3
26,Greg Chalmers,"25' 7""",281.083,11,-1
27,James Hahn,"25' 8""",230.833,9,-1
28,Bubba Watson,"26' 9""",133.917,5,-2
29,Billy Hurley III,"32' 0""",256.083,8,-1
30,Jhonattan Vegas,"34' 10""",174.000,5,E
31,Si Woo Kim,"39' 5""",157.750,4,+1
32,Tony Finau,"44' 7""",267.250,6,+1
