rank,player,Avg,Total Distance (feet),# of Attempts,Relative to par
1,James Hahn,"41' 6""",166.000,4,-2
2,Russell Knox,"42' 2""",337.083,8,-4
3,Jordan Spieth,"42' 9""",256.417,6,-4
4,Jim Herman,"43' 4""",173.333,4,-2
5,Bubba Watson,"45' 4""",181.167,4,E
6,Cody Gribble,"46' 5""",185.500,4,-1
7,Hideki Matsuyama,"49' 1""",147.250,3,-2
8,Vaughn Taylor,"50' 5""",252.083,5,E
9,Fabián Gómez,"50' 6""",505.333,10,-6
10,Jason Dufner,"52' 4""",366.333,7,-2
11,Dustin Johnson,"52' 5""",157.333,3,-1
12,Brian Stuard,"53' 4""",373.250,7,-1
13,Justin Thomas,"54' 6""",272.583,5,-2
14,Brendan Steele,"55' 6""",221.833,4,-1
15,Greg Chalmers,"55' 9""",445.833,8,E
16,Daniel Berger,"56' 5""",338.333,6,-1
17,Tony Finau,"57' 0""",341.917,6,-2
18,Billy Hurley III,"59' 1""",531.833,9,-1
19,Brandt Snedeker,"59' 11""",359.417,6,-2
20,Jhonattan Vegas,"62' 7""",187.750,3,E
21,William McGirt,"62' 11""",251.667,4,-1
22,Branden Grace,"63' 3""",252.917,4,E
23,Rod Pampling,"64' 2""",449.167,7,-2
24,Pat Perez,"66' 0""",594.250,9,-5
25,Jason Day,"70' 3""",140.417,2,-1
26,Ryan Moore,"71' 11""",431.583,6,-1
27,Jimmy Walker,"73' 6""",514.250,7,-3
28,Si Woo Kim,"74' 0""",147.917,2,-1
29,Aaron Baddeley,"74' 7""",447.417,6,-1
30,Charley Hoffman,"78' 1""",702.417,9,+2
31,Mackenzie Hughes,"84' 2""",420.833,5,E
32,Patrick Reed,"89' 1""",445.500,5,-1
