rank,player,Avg,Total Distance (feet),# of Attempts,Relative to par
1,Brandt Snedeker,"4' 10""",4.833,1,E
2,Si Woo Kim,"5' 6""",11.000,2,-1
3,Vaughn Taylor,"6' 7""",13.083,2,-1
4,James Hahn,"6' 10""",13.667,2,-1
5,Rod Pampling,"8' 2""",24.417,3,-1
6,Jordan Spieth,"8' 5""",42.000,5,-3
7,Daniel Berger,"9' 5""",28.250,3,-2
7,Greg Chalmers,"9' 5""",18.833,2,-1
9,Jimmy Walker,"9' 7""",28.667,3,-1
10,Jhonattan Vegas,"10' 7""",42.417,4,-1
11,Ryan Moore,"10' 11""",21.750,2,-1
12,Brian Stuard,"11' 2""",22.250,2,E
13,Brendan Steele,"12' 2""",24.333,2,-1
14,Aaron Baddeley,"12' 7""",37.667,3,-1
14,Pat Perez,"12' 7""",37.667,3,E
16,Jason Day,"13' 6""",53.833,4,-1
17,Tony Finau,"13' 7""",95.333,7,-3
18,Patrick Reed,"14' 10""",44.417,3,-2
19,Billy Hurley III,"14' 11""",44.667,3,-1
20,Dustin Johnson,"17' 0""",84.833,5,-1
21,Hideki Matsuyama,"18' 3""",54.667,3,E
22,Bubba Watson,"19' 3""",154.250,8,-1
23,Branden Grace,"24' 11""",24.917,1,E
24,Jason Dufner,"29' 3""",58.500,2,E
25,Jim Herman,"29' 7""",118.333,4,E
26,William McGirt,"29' 10""",119.167,4,+1
27,Mackenzie Hughes,"31' 7""",94.667,3,E
28,Justin Thomas,"33' 1""",132.417,4,+1
29,Fabián Gómez,"36' 1""",72.083,2,E
30,Charley Hoffman,"41' 2""",164.667,4,E
31,Cody Gribble,"46' 6""",46.500,1,-1
