rank,player,Avg,Total Distance (feet),# of Attempts,Relative to par
1,Russell Knox,"13' 2""",39.583,3,-1
2,Patrick Reed,"16' 3""",97.500,6,-2
3,Rod Pampling,"17' 11""",107.250,6,-2
4,Jordan Spieth,"18' 7""",74.417,4,-2
5,Dustin Johnson,"18' 9""",56.250,3,E
6,Hideki Matsuyama,"19' 3""",19.250,1,E
6,Justin Thomas,"19' 3""",57.833,3,-2
6,Jhonattan Vegas,"19' 3""",38.500,2,E
9,Billy Hurley III,"20' 3""",121.250,6,E
10,Fabián Gómez,"20' 8""",82.667,4,-1
11,Bubba Watson,"21' 2""",21.167,1,E
12,Jim Herman,"21' 8""",64.917,3,E
13,Branden Grace,"22' 5""",67.167,3,E
14,Greg Chalmers,"22' 7""",90.167,4,-1
15,Brandt Snedeker,"22' 10""",159.833,7,+1
16,Jason Day,"24' 1""",96.417,4,E
17,Brendan Steele,"24' 5""",146.417,6,-2
18,Jimmy Walker,"24' 9""",148.333,6,E
19,Daniel Berger,"25' 9""",154.333,6,-2
20,Si Woo Kim,"26' 3""",105.000,4,E
21,Pat Perez,"26' 8""",160.167,6,E
22,Brian Stuard,"26' 10""",214.750,8,-1
23,Ryan Moore,"27' 9""",83.333,3,-1
24,Cody Gribble,"27' 10""",222.500,8,+1
25,Mackenzie Hughes,"27' 11""",83.833,3,-1
26,Aaron Baddeley,"30' 11""",92.833,3,E
27,Vaughn Taylor,"33' 6""",200.750,6,+2
28,James Hahn,"35' 4""",176.667,5,+1
29,Charley Hoffman,"36' 10""",36.833,1,+1
30,William McGirt,"39' 11""",199.667,5,+3
31,Jason Dufner,"41' 3""",164.917,4,-1
