rank,player,% under then over par,Total under then over Par,Under Par
1,Matt Kuchar,.00,0,11
1,Joaquin Niemann,.00,0,15
1,Xander Schauffele,.00,0,16
4,Gary Woodland,7.14,1,14
5,Lanto Griffin,7.69,1,13
6,Paul Casey,8.33,1,12
6,Keith Mitchell,8.33,1,12
6,Jon Rahm,8.33,1,12
9,Max Homa,9.09,1,11
10,Tyler Duncan,10.00,1,10
11,Patrick Cantlay,11.11,2,18
11,Dylan Frittelli,11.11,1,9
13,Collin Morikawa,11.76,2,17
13,Sebastián Muñoz,11.76,2,17
15,Rickie Fowler,12.50,2,16
15,Matthew Wolff,12.50,2,16
17,Justin Thomas,13.04,3,23
18,Patrick Reed,13.64,3,22
19,Sung Kang,14.29,2,14
19,Kevin Kisner,14.29,2,14
21,J.T. Poston,15.38,2,13
22,Corey Conners,16.67,2,12
22,Dustin Johnson,16.67,3,18
24,Kevin Na,18.18,2,11
24,Chez Reavie,18.18,2,11
26,Ryan Palmer,18.75,3,16
27,Cameron Champ,20.00,3,15
28,Nate Lashley,21.43,3,14
29,Graeme McDowell,25.00,3,12
29,Brendon Todd,25.00,2,8
29,Martin Trainer,25.00,2,8
32,J.B. Holmes,27.27,3,11
33,Jim Herman,28.57,4,14
34,Adam Long,30.77,4,13
