rank,player,% Makes Bogey,Bogeys,Holes Played
1,Xander Schauffele,4.17,3,72
2,Jon Rahm,6.94,5,72
3,Rickie Fowler,9.72,7,72
3,Joaquin Niemann,9.72,7,72
3,Patrick Reed,9.72,7,72
3,Gary Woodland,9.72,7,72
7,Patrick Cantlay,11.11,8,72
7,Matt Kuchar,11.11,8,72
7,Matthew Wolff,11.11,8,72
10,Lanto Griffin,12.50,9,72
10,Dustin Johnson,12.50,9,72
10,J.T. Poston,12.50,9,72
13,Cameron Champ,13.89,10,72
13,Max Homa,13.89,10,72
13,Kevin Kisner,13.89,10,72
13,Justin Thomas,13.89,10,72
13,Brendon Todd,13.89,10,72
18,Corey Conners,15.28,11,72
18,Tyler Duncan,15.28,11,72
18,Nate Lashley,15.28,11,72
18,Adam Long,15.28,11,72
18,Graeme McDowell,15.28,11,72
18,Collin Morikawa,15.28,11,72
24,Ryan Palmer,16.67,12,72
24,Chez Reavie,16.67,12,72
26,Sebastián Muñoz,18.06,13,72
27,Paul Casey,19.44,14,72
27,Dylan Frittelli,19.44,14,72
27,J.B. Holmes,19.44,14,72
27,Sung Kang,19.44,14,72
31,Jim Herman,20.83,15,72
32,Kevin Na,23.61,17,72
33,Martin Trainer,27.78,20,72
34,Keith Mitchell,29.17,21,72
