rank,player,Average Bogeys per round,Total Bogeys,Rounds Played
1,Xander Schauffele,.75,3,4
2,Jon Rahm,1.00,4,4
3,Patrick Cantlay,1.50,6,4
3,Patrick Reed,1.50,6,4
3,Matthew Wolff,1.50,6,4
3,Gary Woodland,1.50,6,4
7,Rickie Fowler,1.75,7,4
7,Dustin Johnson,1.75,7,4
7,Matt Kuchar,1.75,7,4
7,Joaquin Niemann,1.75,7,4
11,Cameron Champ,2.00,8,4
11,Lanto Griffin,2.00,8,4
11,J.T. Poston,2.00,8,4
14,Max Homa,2.25,9,4
14,Kevin Kisner,2.25,9,4
14,Brendon Todd,2.25,9,4
17,Corey Conners,2.50,10,4
17,Nate Lashley,2.50,10,4
17,Adam Long,2.50,10,4
17,Graeme McDowell,2.50,10,4
17,Ryan Palmer,2.50,10,4
17,Chez Reavie,2.50,10,4
17,Justin Thomas,2.50,10,4
24,Tyler Duncan,2.75,11,4
24,Collin Morikawa,2.75,11,4
24,Sebastián Muñoz,2.75,11,4
27,J.B. Holmes,3.00,12,4
27,Sung Kang,3.00,12,4
29,Dylan Frittelli,3.25,13,4
30,Paul Casey,3.50,14,4
30,Jim Herman,3.50,14,4
30,Kevin Na,3.50,14,4
33,Martin Trainer,4.00,16,4
34,Keith Mitchell,4.75,19,4
