rank,player,%,Total 3 Putts,Total Holes (overall)
1,Byeong Hun An,.00%,0,72
1,Keegan Bradley,.00%,0,72
1,Wyndham Clark,.00%,0,72
1,Viktor Hovland,.00%,0,72
1,Sungjae Im,.00%,0,72
1,Patton Kizzire,.00%,0,72
1,Peter Malnati,.00%,0,72
1,Matthieu Pavon,.00%,0,72
1,Taylor Pendrith,.00%,0,72
10,Ludvig Åberg,1.39%,1,72
10,Rafael Campos,1.39%,1,72
10,Eric Cole,1.39%,1,72
10,Corey Conners,1.39%,1,72
10,Jason Day,1.39%,1,72
10,Thomas Detry,1.39%,1,72
10,Max Greyserman,1.39%,1,72
10,Tom Hoge,1.39%,1,72
10,Billy Horschel,1.39%,1,72
10,Stephan Jaeger,1.39%,1,72
10,Si Woo Kim,1.39%,1,72
10,Chris Kirk,1.39%,1,72
10,Maverick McNealy,1.39%,1,72
10,Sepp Straka,1.39%,1,72
10,Sahith Theegala,1.39%,1,72
10,Justin Thomas,1.39%,1,72
10,Jhonattan Vegas,1.39%,1,72
10,Cameron Young,1.39%,1,72
10,Will Zalatoris,1.39%,1,72
29,Christiaan Bezuidenhout,2.78%,2,72
29,Akshay Bhatia,2.78%,2,72
29,Sam Burns,2.78%,2,72
29,Patrick Cantlay,2.78%,2,72
29,Cam Davis,2.78%,2,72
29,Nico Echavarria,2.78%,2,72
29,Austin Eckroat,2.78%,2,72
29,Tony Finau,2.78%,2,72
29,Harry Hall,2.78%,2,72
29,Russell Henley,2.78%,2,72
29,Max Homa,2.78%,2,72
29,Jake Knapp,2.78%,2,72
29,Robert MacIntyre,2.78%,2,72
29,Hideki Matsuyama,2.78%,2,72
29,Denny McCarthy,2.78%,2,72
29,Collin Morikawa,2.78%,2,72
29,J.T. Poston,2.78%,2,72
29,Aaron Rai,2.78%,2,72
29,Xander Schauffele,2.78%,2,72
29,Adam Scott,2.78%,2,72
49,Matt Fitzpatrick,4.17%,3,72
49,Brice Garnett,4.17%,3,72
49,Adam Hadwin,4.17%,3,72
49,Matt McCarty,4.17%,3,72
49,Nick Taylor,4.17%,3,72
54,Nick Dunlap,5.56%,4,72
54,Chris Gotterup,5.56%,4,72
54,Kevin Yu,5.56%,4,72
57,Davis Thompson,6.94%,5,72
58,Brian Harman,8.33%,6,72
