rank,player,Avg,Total Dist. to Impact,Total Attempts
1,J.B. Holmes,310.4,"2,173.0",7
2,Andres Romero,301.3,"1,506.5",5
3,Anthony Kim,297.6,"2,380.5",8
4,Vijay Singh,296.5,"2,371.8",8
5,Dustin Johnson,295.1,"1,770.8",6
6,Daniel Chopra,293.7,"1,762.0",6
7,Boo Weekley,290.6,"2,033.9",7
8,Davis Love III,284.2,"2,273.7",8
9,Kenny Perry,284.0,"1,703.9",6
10,Stewart Cink,283.1,"1,981.4",7
11,Sean O'Hair,281.3,"1,968.8",7
12,Ernie Els,280.6,"1,964.1",7
13,Will MacKenzie,279.2,"2,233.9",8
13,Johnson Wagner,279.2,"1,674.9",6
15,Camilo Villegas,276.0,"1,380.2",5
16,Adam Scott,275.9,"1,655.2",6
17,Ryan Palmer,272.1,"1,360.7",5
18,Ryuji Imada,272.0,"1,359.8",5
19,Justin Leonard,270.5,"1,893.3",7
20,Parker McLachlin,269.9,"1,619.6",6
21,Zach Johnson,269.7,"1,888.1",7
22,Geoff Ogilvy,268.9,"1,344.5",5
23,K.J. Choi,268.6,"1,880.2",7
24,D.J. Trahan,268.0,"1,608.2",6
25,Richard Johnson,267.2,"1,603.4",6
26,Steve Lowery,264.9,"1,589.6",6
27,Cameron Beckman,264.7,"1,323.4",5
27,Greg Kraft,264.7,"1,852.9",7
29,Brian Gay,264.1,"1,320.7",5
30,Carl Pettersson,254.9,"1,274.5",5
31,Chez Reavie,254.0,"1,269.8",5
32,Marc Turnesa,253.1,"1,518.6",6
33,Trevor Immelman,247.7,"1,238.3",5
