rank,player,Avg,Total Spin Speed,Total Attempts
1,Will MacKenzie,"3,024.3","21,170",7
2,Marc Turnesa,"2,962.5","23,700",8
3,Boo Weekley,"2,843.7","19,906",7
4,Davis Love III,"2,777.2","16,663",6
5,Parker McLachlin,"2,749.3","16,496",6
6,Anthony Kim,"2,741.2","16,447",6
7,Johnson Wagner,"2,712.3","16,274",6
8,K.J. Choi,"2,707.1","18,950",7
8,Sean O'Hair,"2,707.1","18,950",7
10,Daniel Chopra,"2,703.6","18,925",7
11,Ryuji Imada,"2,701.5","10,806",4
12,J.B. Holmes,"2,674.6","13,373",5
13,Trevor Immelman,"2,674.4","13,372",5
14,Brian Gay,"2,660.8","13,304",5
15,Kenny Perry,"2,634.5","15,807",6
16,Zach Johnson,"2,630.3","15,782",6
17,Andres Romero,"2,629.0","15,774",6
18,D.J. Trahan,"2,625.3","10,501",4
19,Geoff Ogilvy,"2,614.0","18,298",7
20,Greg Kraft,"2,609.0","18,263",7
21,Dustin Johnson,"2,601.1","18,208",7
22,Camilo Villegas,"2,539.1","20,313",8
23,Ryan Palmer,"2,504.4","12,522",5
24,Justin Leonard,"2,488.8","19,910",8
25,Chez Reavie,"2,487.1","19,897",8
26,Stewart Cink,"2,482.0","14,892",6
27,Richard Johnson,"2,441.3","14,648",6
28,Cameron Beckman,"2,419.8","14,519",6
29,Vijay Singh,"2,407.7","14,446",6
30,Steve Lowery,"2,370.1","16,591",7
31,Adam Scott,"2,311.3","6,934",3
32,Carl Pettersson,"2,270.0","9,080",4
33,Ernie Els,"1,915.2","11,491",6
