rank,player,Combined Rank,Carry Efficiency Rank,Total Dist. Effic. Rank
1,Vijay Singh,5,1,4
2,Anthony Kim,10,3,7
3,Kenny Perry,12,2,10
4,Brian Gay,14,7,7
5,Justin Leonard,16,13,3
6,Boo Weekley,20,8,12
7,Andres Romero,22,6,16
8,Ernie Els,23,10,13
8,Ryuji Imada,23,21,2
8,Parker McLachlin,23,22,1
11,Stewart Cink,24,11,13
12,Zach Johnson,25,14,11
13,Daniel Chopra,26,4,22
14,K.J. Choi,29,12,17
14,Chez Reavie,29,24,5
16,Steve Lowery,31,25,6
17,J.B. Holmes,33,5,28
18,Greg Kraft,38,9,29
19,Dustin Johnson,39,16,23
19,D.J. Trahan,39,30,9
21,Geoff Ogilvy,41,26,15
22,Johnson Wagner,42,16,26
23,Cameron Beckman,43,23,20
24,Camilo Villegas,45,27,18
25,Will MacKenzie,46,15,31
25,Ryan Palmer,46,19,27
27,Richard Johnson,50,20,30
28,Davis Love III,51,18,33
28,Carl Pettersson,51,32,19
28,Adam Scott,51,31,20
31,Marc Turnesa,52,28,24
32,Trevor Immelman,58,33,25
33,Sean O'Hair,61,29,32
