rank,player,Avg,Total Apex Range,Total Attempts
1,J.B. Holmes,196.5,"1,375.6",7
2,Dustin Johnson,194.7,"1,557.6",8
3,Boo Weekley,188.9,"1,511.0",8
4,Anthony Kim,187.9,"1,502.9",8
5,Adam Scott,185.7,"1,485.6",8
6,Daniel Chopra,184.1,"1,472.6",8
7,Andres Romero,182.5,"1,277.3",7
8,Davis Love III,182.3,"1,458.2",8
9,Geoff Ogilvy,180.1,"1,440.7",8
10,Will MacKenzie,179.0,"1,432.2",8
11,Vijay Singh,178.9,"1,430.9",8
12,Stewart Cink,178.6,"1,428.7",8
13,Kenny Perry,176.9,"1,238.1",7
14,Camilo Villegas,176.1,"1,232.8",7
15,Ryuji Imada,175.6,"1,229.2",7
16,Johnson Wagner,175.5,"1,228.2",7
17,D.J. Trahan,174.8,"1,398.1",8
18,Ryan Palmer,173.7,"1,215.7",7
19,Sean O'Hair,172.2,"1,377.7",8
20,K.J. Choi,171.6,"1,373.2",8
21,Parker McLachlin,171.2,"1,369.9",8
22,Justin Leonard,168.5,"1,179.5",7
23,Zach Johnson,168.3,"1,177.9",7
24,Ernie Els,167.8,"1,342.4",8
25,Steve Lowery,167.2,"1,337.5",8
26,Trevor Immelman,166.5,"1,165.3",7
27,Richard Johnson,162.6,"1,138.5",7
28,Marc Turnesa,161.9,"1,133.1",7
29,Cameron Beckman,161.5,807.7,5
30,Greg Kraft,159.3,"1,115.3",7
31,Carl Pettersson,157.3,"1,101.0",7
32,Chez Reavie,157.1,"1,099.5",7
33,Brian Gay,150.6,"1,054.4",7
