rank,player,Avg,Total Vert. Launch Angle,Total Attempts
1,Ryan Palmer,12.84,89.88,7
2,Chez Reavie,12.71,101.67,8
3,Brian Gay,12.44,87.09,7
4,Ernie Els,12.27,98.20,8
5,Vijay Singh,12.18,97.45,8
6,Carl Pettersson,12.00,84.00,7
7,Kenny Perry,11.62,92.96,8
8,Zach Johnson,11.55,92.40,8
9,Daniel Chopra,11.40,102.60,9
10,K.J. Choi,11.24,89.88,8
10,Marc Turnesa,11.24,89.90,8
12,Cameron Beckman,11.18,78.25,7
13,Anthony Kim,11.12,88.99,8
14,Steve Lowery,10.93,87.48,8
15,Ryuji Imada,10.92,76.47,7
16,Richard Johnson,10.90,76.33,7
17,Stewart Cink,10.85,86.83,8
18,Davis Love III,10.81,86.46,8
19,Greg Kraft,10.74,75.15,7
20,Geoff Ogilvy,10.70,85.61,8
21,J.B. Holmes,10.58,84.62,8
22,Justin Leonard,10.54,84.36,8
23,Will MacKenzie,10.45,83.59,8
24,Dustin Johnson,10.34,82.73,8
25,Sean O'Hair,10.33,82.63,8
26,Andres Romero,9.82,78.57,8
27,Johnson Wagner,9.74,68.17,7
28,D.J. Trahan,9.71,77.67,8
29,Boo Weekley,9.56,76.51,8
30,Camilo Villegas,9.49,75.93,8
31,Parker McLachlin,9.43,75.41,8
32,Trevor Immelman,9.12,54.72,6
33,Adam Scott,8.75,61.22,7
