rank,player,%
1,Dustin Johnson,60.00
2,Tommy Gainey,50.00
2,Carl Pettersson,50.00
2,Steve Stricker,50.00
5,Scott Piercy,44.44
6,Scott Stallings,42.86
6,Johnson Wagner,42.86
8,Rickie Fowler,40.00
8,Bubba Watson,40.00
10,John Huh,33.33
10,Brandt Snedeker,33.33
12,Nick Watney,30.00
13,Jonas Blixt,28.57
14,Kyle Stanley,26.67
15,Charlie Beljan,25.00
15,Zach Johnson,25.00
17,Hunter Mahan,18.18
18,Keegan Bradley,14.29
19,Ben Curtis,12.50
20,Jason Dufner,9.09
20,Marc Leishman,9.09
20,George McNeill,9.09
20,Ryan Moore,9.09
24,Bill Haas,.00
24,J.J. Henry,.00
24,Matt Kuchar,.00
24,"Ted Potter, Jr.",.00
24,Ian Poulter,.00
24,Webb Simpson,.00
24,Mark Wilson,.00
