rank,player,Total
1,Dustin Johnson,2
2,Keegan Bradley,1
2,Rickie Fowler,1
2,Zach Johnson,1
2,Matt Kuchar,1
2,Scott Piercy,1
2,Brandt Snedeker,1
2,Steve Stricker,1
2,Nick Watney,1
2,Bubba Watson,1
11,Charlie Beljan,0
11,Jonas Blixt,0
11,Ben Curtis,0
11,Jason Dufner,0
11,Tommy Gainey,0
11,Bill Haas,0
11,J.J. Henry,0
11,John Huh,0
11,Marc Leishman,0
11,Hunter Mahan,0
11,George McNeill,0
11,Ryan Moore,0
11,Carl Pettersson,0
11,"Ted Potter, Jr.",0
11,Ian Poulter,0
11,Webb Simpson,0
11,Scott Stallings,0
11,Kyle Stanley,0
11,Johnson Wagner,0
11,Mark Wilson,0
