rank,player,Total,Distance Rank,Accuracy Rank
1,Tommy Gainey,14,10,4
2,Kyle Stanley,15,4,11
3,Carl Pettersson,16,12,4
4,Scott Piercy,20,5,15
5,Keegan Bradley,21,6,15
6,Jonas Blixt,23,15,8
6,Jason Dufner,23,22,1
8,Brandt Snedeker,24,9,15
9,"Ted Potter, Jr.",26,18,8
9,Steve Stricker,26,20,6
11,Scott Stallings,28,3,25
11,Mark Wilson,28,25,3
13,J.J. Henry,30,29,1
13,Ian Poulter,30,19,11
13,Bubba Watson,30,1,29
16,Charlie Beljan,31,8,23
16,Nick Watney,31,16,15
18,Rickie Fowler,32,7,25
18,Dustin Johnson,32,2,30
18,Ryan Moore,32,26,6
18,Johnson Wagner,32,21,11
22,Bill Haas,33,22,11
22,Matt Kuchar,33,13,20
24,Webb Simpson,34,14,20
25,George McNeill,36,11,25
26,Hunter Mahan,37,17,20
27,Zach Johnson,38,30,8
28,John Huh,43,28,15
29,Marc Leishman,49,24,25
30,Ben Curtis,50,27,23
