rank,player,%,# of Birdie or Better,Attempts,RTP-Successes,RTP-Not going for the grn
1,Justin Leonard,100.00,1,1,-1,-1.00
2,Olin Browne,80.00,4,5,-4,+6.00
3,Lucas Glover,72.22,13,18,-13,E
4,Bart Bryant,66.67,2,3,-2,E
5,Geoff Ogilvy,60.00,9,15,-9,+1.00
6,Carl Pettersson,58.33,7,12,-9,+6.00
7,Stuart Appleby,57.14,8,14,-9,-1.00
8,Jason Bohn,54.55,6,11,-6,-1.00
8,"Wes Short, Jr.",54.55,6,11,-6,+2.00
8,David Toms,54.55,6,11,-6,+2.00
11,K.J. Choi,50.00,4,8,-4,-2.00
11,Jim Furyk,50.00,5,10,-5,-4.00
11,Robert Gamez,50.00,4,8,-4,-2.00
11,Peter Lonard,50.00,4,8,-4,E
11,Vijay Singh,50.00,9,18,-10,-3.00
16,Vaughn Taylor,45.45,5,11,-5,-1.00
17,Michael Campbell,42.86,9,21,-9,+3.00
17,Sean O'Hair,42.86,6,14,-6,+8.00
19,Ted Purdy,41.67,5,12,-5,+1.00
20,Brad Faxon,40.00,2,5,-2,+5.00
21,Sergio Garcia,37.50,6,16,-6,+1.00
22,Mark Calcavecchia,35.71,5,14,-6,-1.00
23,Tim Petrovic,33.33,4,12,-4,+2.00
24,Kenny Perry,30.00,3,10,-3,+2.00
25,Jason Gore,29.41,5,17,-5,+4.00
26,Ben Crane,25.00,2,8,-2,E
27,Heath Slocum,7.69,1,13,-1,+2.00
28,Fred Funk,.00,0,4,E,+3.00
