rank,player,Avg,Total Dist after GFG Shot,Total GFG Shots
1,Lucas Glover,23.5,"15,205.000",18
2,K.J. Choi,25.9,"7,448.000",8
3,Carl Pettersson,26.6,"11,480.000",12
4,Stuart Appleby,27.2,"13,687.000",14
5,Ted Purdy,28.2,"12,195.000",12
6,Sergio Garcia,28.5,"16,398.000",16
7,Vijay Singh,29.6,"19,193.000",18
7,David Toms,29.6,"11,735.000",11
9,Peter Lonard,29.8,"8,588.000",8
10,Mark Calcavecchia,30.3,"15,251.000",14
11,Kenny Perry,31.0,"11,176.000",10
12,Olin Browne,33.3,"5,985.000",5
13,Jason Gore,33.8,"20,676.000",17
14,Heath Slocum,34.3,"16,052.000",13
15,Robert Gamez,34.9,"10,058.000",8
16,Bart Bryant,35.5,"3,829.000",3
17,Michael Campbell,36.2,"27,384.000",21
18,Jason Bohn,36.3,"14,374.000",11
19,Tim Petrovic,36.6,"15,832.000",12
20,Ben Crane,37.3,"10,732.000",8
21,Geoff Ogilvy,37.8,"20,401.000",15
22,Sean O'Hair,39.4,"19,859.000",14
23,"Wes Short, Jr.",40.8,"16,166.000",11
24,Vaughn Taylor,44.9,"17,794.000",11
25,Jim Furyk,47.6,"17,124.000",10
26,Brad Faxon,51.9,"9,339.000",5
27,Fred Funk,55.2,"7,952.000",4
28,Justin Leonard,56.5,"2,034.000",1
