rank,player,%,Successes,Attempts,RTP-Successes,RTP-Not going for the grn
1,K.J. Choi,37.50,3,8,-3,-2.00
2,Ted Purdy,33.33,4,12,-4,+1.00
3,Lucas Glover,27.78,5,18,-5,E
3,Vijay Singh,27.78,5,18,-5,-3.00
5,Fred Funk,25.00,1,4,E,+3.00
5,Carl Pettersson,25.00,3,12,-2,+6.00
7,Brad Faxon,20.00,1,5,E,+5.00
7,Geoff Ogilvy,20.00,3,15,-2,+1.00
9,Sergio Garcia,18.75,3,16,-3,+1.00
10,"Wes Short, Jr.",18.18,2,11,-2,+2.00
10,David Toms,18.18,2,11,-2,+2.00
12,Jason Gore,17.65,3,17,-3,+4.00
13,Stuart Appleby,14.29,2,14,-2,-1.00
13,Mark Calcavecchia,14.29,2,14,-3,-1.00
13,Michael Campbell,14.29,3,21,-3,+3.00
13,Sean O'Hair,14.29,2,14,-2,+8.00
17,Ben Crane,12.50,1,8,E,E
17,Robert Gamez,12.50,1,8,-1,-2.00
17,Peter Lonard,12.50,1,8,-1,E
20,Jim Furyk,10.00,1,10,-1,-4.00
21,Jason Bohn,9.09,1,11,E,-1.00
21,Vaughn Taylor,9.09,1,11,E,-1.00
23,Tim Petrovic,8.33,1,12,-1,+2.00
24,Heath Slocum,7.69,1,13,E,+2.00
25,Olin Browne,.00,0,5,E,+6.00
25,Bart Bryant,.00,0,3,E,E
25,Justin Leonard,.00,0,1,E,-1.00
25,Kenny Perry,.00,0,10,E,+2.00
