rank,player,%,Attempts,Non-Attempts
1,Michael Campbell,87.50,14,2
1,Vijay Singh,87.50,14,2
3,Lucas Glover,81.25,13,3
4,Mark Calcavecchia,75.00,12,4
4,Sergio Garcia,75.00,12,4
6,Stuart Appleby,68.75,11,5
6,Jason Gore,68.75,11,5
6,Sean O'Hair,68.75,11,5
6,Geoff Ogilvy,68.75,11,5
6,Heath Slocum,68.75,11,5
11,Tim Petrovic,62.50,10,6
11,Carl Pettersson,62.50,10,6
11,Ted Purdy,62.50,10,6
11,Vaughn Taylor,62.50,10,6
15,Jason Bohn,56.25,9,7
16,Jim Furyk,50.00,8,8
16,Robert Gamez,50.00,8,8
16,Peter Lonard,50.00,8,8
16,Kenny Perry,50.00,8,8
16,"Wes Short, Jr.",50.00,8,8
16,David Toms,50.00,8,8
22,K.J. Choi,43.75,7,9
22,Ben Crane,43.75,7,9
24,Brad Faxon,31.25,5,11
25,Olin Browne,25.00,4,12
25,Fred Funk,25.00,4,12
27,Bart Bryant,18.75,3,13
28,Justin Leonard,6.25,1,15
