rank,player,%,Attempts,Non-Attempts,RTP-Going for the green,RTP-Not going for the grn
1,Michael Campbell,83.33,20,4,-6,+3
2,Lucas Glover,75.00,18,6,-13,E
3,Vijay Singh,70.83,17,7,-7,-3
4,Sergio Garcia,66.67,16,8,-6,+1
4,Jason Gore,66.67,16,8,E,+4
6,Geoff Ogilvy,62.50,15,9,-8,+1
7,Stuart Appleby,58.33,14,10,-9,-1
8,Mark Calcavecchia,54.17,13,11,-4,-1
8,Sean O'Hair,54.17,13,11,-2,+8
8,Heath Slocum,54.17,13,11,+1,+2
11,Tim Petrovic,50.00,12,12,-4,+2
11,Carl Pettersson,50.00,12,12,-8,+6
11,Ted Purdy,50.00,12,12,-5,+1
14,Jason Bohn,45.83,11,13,-5,-1
14,"Wes Short, Jr.",45.83,11,13,-4,+2
14,Vaughn Taylor,45.83,11,13,-4,-1
14,David Toms,45.83,11,13,-6,+2
18,Kenny Perry,41.67,10,14,-2,+2
19,Jim Furyk,37.50,9,15,-4,-4
20,K.J. Choi,33.33,8,16,-4,-2
20,Ben Crane,33.33,8,16,+3,E
20,Robert Gamez,33.33,8,16,-4,-2
20,Peter Lonard,33.33,8,16,-4,E
24,Olin Browne,20.83,5,19,-4,+6
24,Brad Faxon,20.83,5,19,E,+5
26,Fred Funk,16.67,4,20,+2,+3
27,Bart Bryant,12.50,3,21,-2,E
28,Justin Leonard,4.17,1,23,-1,-1
