rank,player,Avg,Total Distance (feet),# of Attempts,Relative to par
1,Justin Thomas,"3' 1""",3.083,1,-1
2,Gary Woodland,"6' 6""",12.917,2,-1
3,Scott Piercy,"8' 8""",8.667,1,E
4,Daisuke Kataoka,"9' 9""",9.750,1,-1
5,Patton Kizzire,"10' 8""",21.250,2,-1
6,Marc Leishman,"11' 3""",11.250,1,E
7,Roberto Díaz,"11' 7""",34.750,3,-1
8,James Hahn,"12' 8""",12.667,1,E
9,Keith Mitchell,"13' 2""",13.167,1,E
10,Steve Allan,"14' 0""",14.000,1,-1
11,Sam Saunders,"14' 10""",14.833,1,E
12,Daniel Berger,"15' 0""",15.000,1,-1
12,Ryan Blaum,"15' 0""",29.917,2,E
14,Matt Jones,"15' 6""",15.500,1,E
15,John Oda,"15' 7""",15.583,1,+1
16,Adam Schenk,"19' 8""",19.667,1,E
17,Si Woo Kim,"21' 0""",21.000,1,E
18,Kevin Tway,"22' 6""",45.000,2,E
19,Sam Ryder,"24' 4""",24.333,1,E
20,Jason Kokrak,"25' 8""",51.333,2,E
21,Chez Reavie,"26' 0""",26.000,1,E
22,Nate Lashley,"26' 7""",26.583,1,E
23,Stephan Jaeger,"27' 3""",27.250,1,E
24,Lanto Griffin,"27' 8""",55.250,2,E
24,Andrew Putnam,"27' 8""",27.667,1,+1
26,Ben Martin,"27' 11""",55.833,2,+2
27,Talor Gooch,"29' 7""",29.583,1,+1
28,William McGirt,"30' 6""",30.500,1,E
29,Ollie Schniederjans,"30' 10""",30.833,1,E
30,Hudson Swafford,"33' 3""",66.417,2,-1
31,Scott Brown,"39' 2""",117.417,3,+1
32,Tony Finau,"39' 11""",39.917,1,E
33,Jordan Spieth,"42' 3""",84.500,2,+4
34,Corey Conners,"44' 1""",44.083,1,E
35,Seamus Power,"44' 2""",88.250,2,+1
36,Blayne Barber,"47' 2""",47.167,1,E
37,John Peterson,"50' 6""",101.000,2,+1
38,Nicholas Lindheim,"51' 3""",51.250,1,-1
39,Xinjun Zhang,"60' 0""",119.917,2,E
40,Stewart Cink,"72' 8""",145.250,2,E
41,Joel Dahmen,"85' 9""",85.750,1,E
42,Jonathan Randolph,"94' 7""",94.583,1,+1
43,Jason Dufner,"98' 2""",98.167,1,E
44,Brian Gay,"104' 10""",104.833,1,+1
