rank,player,Avg,Total Distance (feet),# of Attempts,Relative to par
1,Conrad Shindler,"6' 4""",6.333,1,-1
2,Patton Kizzire,"6' 8""",26.667,4,-4
3,Scott Piercy,"8' 8""",8.667,1,E
4,Cameron Smith,"8' 11""",26.667,3,-1
5,Austin Cook,"9' 2""",9.167,1,-1
6,Justin Thomas,"9' 11""",29.667,3,-3
7,Brandon Harkins,"10' 3""",30.833,3,E
8,Xander Schauffele,"11' 11""",11.917,1,E
9,Keith Mitchell,"12' 1""",24.167,2,-1
10,Gary Woodland,"12' 6""",50.000,4,-3
11,Roberto Díaz,"13' 2""",66.000,5,-2
12,Keegan Bradley,"14' 0""",27.917,2,-1
13,Ryan Blaum,"14' 10""",44.417,3,E
14,Ryan Palmer,"15' 6""",62.083,4,-2
15,John Oda,"15' 7""",15.583,1,+1
16,Si Woo Kim,"16' 1""",32.083,2,E
17,Kevin Tway,"16' 2""",81.000,5,+1
18,Jason Kokrak,"16' 6""",66.083,4,E
19,James Hahn,"16' 11""",33.833,2,E
20,Sam Saunders,"18' 2""",54.417,3,+1
21,Daniel Berger,"18' 4""",36.667,2,-1
22,Sam Ryder,"19' 7""",39.167,2,E
23,Adam Schenk,"19' 8""",19.667,1,E
23,Vaughn Taylor,"19' 8""",39.333,2,+2
25,Talor Gooch,"22' 2""",66.500,3,+1
25,Marc Leishman,"22' 2""",88.750,4,E
27,Lanto Griffin,"22' 5""",89.583,4,+1
28,Stephan Jaeger,"23' 2""",69.417,3,-2
29,Steve Allan,"24' 3""",72.667,3,-1
30,Shugo Imahira,"24' 4""",73.000,3,+1
31,Daisuke Kataoka,"24' 10""",49.667,2,-1
32,Zach Johnson,"24' 11""",49.750,2,+1
33,Kyle Stanley,"25' 4""",25.333,1,E
34,Tony Finau,"26' 5""",105.583,4,-1
35,Nate Lashley,"26' 11""",80.750,3,+1
35,Chez Reavie,"26' 11""",80.750,3,E
37,Andrew Putnam,"27' 8""",27.667,1,+1
38,Ben Martin,"27' 11""",55.833,2,+2
39,Nicholas Lindheim,"28' 0""",55.917,2,-1
40,Corey Conners,"28' 11""",57.750,2,+1
41,Hudson Swafford,"30' 0""",90.000,3,-2
42,William McGirt,"30' 6""",30.500,1,E
43,Tyrone Van Aswegen,"31' 0""",61.917,2,E
44,Joel Dahmen,"32' 10""",98.583,3,-2
45,Matt Jones,"33' 6""",100.500,3,E
46,Seamus Power,"33' 7""",201.333,6,+1
47,J.J. Spaun,"35' 4""",35.333,1,+1
48,Jonathan Randolph,"36' 5""",109.167,3,E
49,John Peterson,"37' 7""",112.750,3,+1
50,Scott Brown,"39' 2""",117.417,3,+1
51,Charles Howell III,"39' 7""",79.083,2,+1
52,Jordan Spieth,"42' 3""",84.500,2,+4
53,Ollie Schniederjans,"43' 0""",85.917,2,+1
54,Xinjun Zhang,"43' 2""",129.417,3,E
55,Blayne Barber,"43' 10""",175.417,4,+2
56,Kevin Kisner,"44' 5""",133.250,3,+1
57,Brian Harman,"49' 5""",49.417,1,E
58,Harris English,"49' 7""",99.167,2,-1
59,Jerry Kelly,"54' 6""",54.500,1,+1
60,Brian Gay,"55' 8""",111.250,2,+1
61,Matt Every,"56' 5""",56.417,1,E
62,D.A. Points,"57' 2""",57.167,1,+1
63,Russell Knox,"61' 4""",61.333,1,E
64,Stewart Cink,"72' 8""",145.250,2,E
65,Jason Dufner,"98' 2""",98.167,1,E
