rank,player,Avg,Total Distance (feet),# of Attempts,Relative to par
1,Rory Sabbatini,"4' 1""",4.083,1,-2
2,Tyrone Van Aswegen,"6' 2""",6.167,1,-1
3,Stewart Cink,"19' 8""",39.333,2,-1
4,J.J. Spaun,"22' 3""",66.833,3,-1
4,Hudson Swafford,"22' 3""",66.667,3,-1
6,Stephan Jaeger,"28' 7""",57.167,2,-1
7,Webb Simpson,"29' 6""",29.500,1,-1
8,Tony Finau,"29' 10""",59.667,2,-1
9,Zach Johnson,"31' 9""",31.750,1,E
10,D.A. Points,"32' 1""",64.083,2,E
11,Blayne Barber,"35' 6""",70.917,2,E
12,Roberto Díaz,"38' 0""",76.000,2,E
13,Jordan Spieth,"39' 0""",117.000,3,-2
14,Colt Knost,"39' 4""",117.917,3,+1
15,Wesley Bryan,"39' 9""",119.333,3,+1
16,Talor Gooch,"39' 10""",39.833,1,E
17,Scott Brown,"40' 0""",80.000,2,E
18,Seamus Power,"40' 5""",161.583,4,-2
19,Austin Cook,"41' 8""",83.333,2,+1
20,Tom Hoge,"42' 2""",210.750,5,-1
21,Charles Howell III,"42' 6""",85.000,2,+1
22,Lanto Griffin,"42' 10""",128.500,3,-2
23,Scott Piercy,"44' 5""",88.833,2,-1
24,Si Woo Kim,"46' 3""",92.417,2,-1
25,James Hahn,"46' 4""",92.583,2,+1
26,Shugo Imahira,"48' 6""",48.500,1,E
27,Xander Schauffele,"48' 10""",97.667,2,-1
28,Ollie Schniederjans,"49' 6""",98.917,2,E
29,Kyle Stanley,"50' 0""",50.000,1,E
30,Ryan Palmer,"51' 3""",102.417,2,E
31,Sam Ryder,"53' 7""",107.167,2,-1
32,Dominic Bozzelli,"53' 11""",215.667,4,-2
33,Russell Knox,"54' 10""",219.250,4,-2
34,Daisuke Kataoka,"55' 4""",55.333,1,E
35,Kevin Tway,"56' 6""",169.500,3,-1
36,Keegan Bradley,"58' 1""",116.167,2,-2
37,Jerry Kelly,"58' 9""",117.500,2,+1
38,Daniel Berger,"59' 11""",179.667,3,-1
39,Brian Harman,"60' 4""",181.000,3,E
40,Ryan Armour,"60' 9""",60.750,1,E
41,Gary Woodland,"64' 8""",129.333,2,+1
42,Andrew Putnam,"64' 10""",194.417,3,E
43,Joel Dahmen,"65' 5""",130.833,2,E
44,Brandon Harkins,"65' 10""",65.833,1,E
45,Steve Allan,"66' 6""",199.500,3,-4
46,Ben Martin,"67' 3""",201.750,3,+2
47,William McGirt,"67' 7""",67.583,1,-1
48,Nicholas Lindheim,"68' 10""",68.833,1,E
49,Ryan Blaum,"72' 7""",145.167,2,-1
50,Harris English,"74' 3""",222.750,3,+1
51,Corey Conners,"76' 2""",152.250,2,+1
52,Jonathan Randolph,"79' 7""",477.667,6,-1
53,Brian Gay,"79' 8""",159.333,2,+2
54,Jason Kokrak,"80' 9""",322.833,4,-1
55,Vaughn Taylor,"81' 9""",245.167,3,+1
55,Justin Thomas,"81' 9""",81.750,1,E
57,Adam Schenk,"85' 5""",85.417,1,+1
58,John Peterson,"89' 6""",89.500,1,E
59,Matt Jones,"93' 7""",93.583,1,-1
60,Keith Mitchell,"95' 9""",191.417,2,-2
61,Cameron Smith,"96' 5""",289.167,3,E
62,Nate Lashley,"96' 8""",96.667,1,E
63,Chris Kirk,"97' 0""",387.833,4,-2
64,Xinjun Zhang,"100' 11""",302.750,3,+2
65,Marc Leishman,"102' 5""",102.417,1,E
66,Matt Every,"111' 4""",222.667,2,+3
67,Jonathan Byrd,"114' 0""",228.000,2,E
68,Sam Saunders,"114' 3""",228.417,2,-1
69,John Oda,"177' 4""",177.333,1,E
