rank,player,Avg,Total Distance (feet),# of Attempts,Relative to par
1,Ryan Armour,"2' 7""",2.583,1,-1
2,Gary Woodland,"13' 1""",13.083,1,-1
3,Seamus Power,"13' 2""",13.167,1,E
4,Ollie Schniederjans,"13' 9""",13.750,1,-1
5,Jerry Kelly,"13' 11""",13.917,1,E
6,J.J. Spaun,"14' 4""",14.333,1,E
7,Sam Ryder,"14' 9""",14.750,1,-1
8,Matt Every,"16' 6""",32.917,2,E
9,Hudson Swafford,"16' 10""",16.833,1,+1
10,Rory Sabbatini,"17' 11""",17.917,1,E
11,Wesley Bryan,"18' 5""",18.417,1,+1
12,Webb Simpson,"19' 8""",19.667,1,E
13,Brandon Harkins,"20' 5""",40.833,2,-1
14,Kevin Tway,"20' 6""",41.000,2,E
15,Si Woo Kim,"21' 4""",42.667,2,E
16,Jordan Spieth,"21' 6""",21.500,1,E
17,Shugo Imahira,"21' 10""",65.583,3,E
18,Jonathan Byrd,"23' 2""",46.250,2,E
19,Nate Lashley,"23' 9""",23.750,1,E
20,Tony Finau,"27' 0""",27.000,1,E
21,William McGirt,"27' 4""",54.583,2,E
22,Jason Kokrak,"28' 11""",57.833,2,E
23,Stephan Jaeger,"30' 6""",91.583,3,+1
24,Tom Hoge,"30' 11""",30.917,1,E
25,Daniel Berger,"33' 10""",33.833,1,E
26,Stewart Cink,"34' 5""",172.083,5,E
27,Conrad Shindler,"35' 5""",35.417,1,E
28,Tyrone Van Aswegen,"35' 6""",35.500,1,+1
29,Corey Conners,"36' 7""",219.583,6,+1
30,Blayne Barber,"37' 5""",74.833,2,-1
31,Keegan Bradley,"39' 9""",79.500,2,+1
32,Adam Schenk,"39' 11""",39.917,1,E
33,Colt Knost,"40' 5""",40.417,1,+2
34,James Hahn,"40' 6""",40.500,1,E
35,Ryan Palmer,"41' 5""",124.250,3,+1
36,Charles Howell III,"42' 8""",42.667,1,E
37,Brian Gay,"43' 6""",86.917,2,E
38,Joel Dahmen,"43' 7""",87.167,2,+1
39,Scott Piercy,"44' 4""",44.333,1,+1
40,Zach Johnson,"45' 3""",90.417,2,+1
41,Xander Schauffele,"46' 9""",46.750,1,E
42,Nicholas Lindheim,"47' 5""",94.833,2,+1
43,Harris English,"48' 10""",48.833,1,E
44,Cameron Smith,"53' 2""",53.167,1,+1
45,Steve Allan,"54' 3""",108.500,2,+1
46,Daisuke Kataoka,"55' 4""",110.583,2,+1
47,Marc Leishman,"56' 2""",56.167,1,+1
48,Dominic Bozzelli,"56' 4""",56.333,1,+1
49,Matt Jones,"58' 7""",58.583,1,E
50,Russell Knox,"65' 11""",131.833,2,E
