rank,player,Avg,Total Distance (feet),# of Attempts,Relative to par
1,Nicholas Lindheim,"10' 11""",10.917,1,E
2,Wesley Bryan,"12' 9""",12.750,1,-1
3,William McGirt,"15' 9""",63.000,4,E
4,Tom Hoge,"16' 5""",98.250,6,-1
5,Jordan Spieth,"16' 7""",49.750,3,-2
6,Adam Schenk,"17' 1""",17.083,1,E
7,Jonathan Randolph,"18' 8""",37.250,2,-1
8,Zach Johnson,"18' 10""",75.333,4,E
9,Ryan Armour,"20' 7""",41.083,2,E
10,Brian Gay,"20' 8""",82.500,4,E
11,Dominic Bozzelli,"20' 10""",62.417,3,-1
12,Corey Conners,"22' 1""",44.083,2,E
12,Talor Gooch,"22' 1""",66.333,3,-1
14,Austin Cook,"24' 5""",73.250,3,E
14,Lanto Griffin,"24' 5""",73.167,3,E
16,John Oda,"24' 11""",99.583,4,E
17,D.A. Points,"25' 2""",125.917,5,+1
18,Kevin Tway,"25' 10""",77.500,3,-1
19,Stewart Cink,"26' 1""",78.333,3,-1
20,Rory Sabbatini,"27' 3""",108.833,4,E
21,John Peterson,"27' 6""",54.917,2,-1
22,J.J. Spaun,"27' 8""",110.500,4,E
23,Vaughn Taylor,"28' 0""",56.000,2,E
24,Ollie Schniederjans,"28' 1""",84.250,3,+1
25,Kevin Kisner,"29' 1""",29.083,1,E
26,Joel Dahmen,"29' 7""",148.083,5,E
27,Charles Howell III,"29' 9""",89.333,3,+1
28,Seamus Power,"29' 10""",179.167,6,-1
29,Scott Brown,"30' 8""",92.083,3,E
30,Daisuke Kataoka,"31' 2""",62.250,2,E
31,Xinjun Zhang,"31' 5""",62.833,2,E
32,Jonathan Byrd,"32' 0""",95.917,3,E
33,Tony Finau,"32' 3""",129.000,4,+2
34,Jason Kokrak,"33' 3""",66.500,2,E
35,Steve Allan,"33' 7""",167.917,5,+2
36,Si Woo Kim,"34' 8""",207.750,6,-1
37,Patton Kizzire,"34' 9""",104.250,3,E
38,Brian Harman,"34' 11""",69.750,2,E
39,Marc Leishman,"35' 0""",105.083,3,E
40,Andrew Putnam,"35' 2""",105.417,3,-1
40,Sam Ryder,"35' 2""",105.417,3,+1
42,Ryan Palmer,"36' 2""",180.833,5,+5
43,Xander Schauffele,"36' 3""",108.750,3,+1
44,Ryan Blaum,"36' 8""",183.167,5,-1
45,Chris Kirk,"37' 3""",111.667,3,E
46,Roberto Díaz,"37' 4""",149.250,4,E
46,Jason Dufner,"37' 4""",186.583,5,-2
48,Stephan Jaeger,"38' 0""",151.917,4,+1
49,Daniel Berger,"39' 3""",156.917,4,E
50,James Hahn,"42' 10""",42.833,1,E
51,Webb Simpson,"43' 4""",216.833,5,+2
52,Keegan Bradley,"43' 5""",173.500,4,+3
53,Sam Saunders,"43' 6""",217.583,5,+3
54,Ben Martin,"43' 8""",43.667,1,E
55,Matt Jones,"44' 1""",220.250,5,-1
56,Shugo Imahira,"44' 6""",88.917,2,E
57,Tyrone Van Aswegen,"45' 4""",317.333,7,+2
58,Emiliano Grillo,"46' 1""",92.167,2,-1
59,Conrad Shindler,"48' 1""",144.333,3,-1
60,Brandon Harkins,"48' 11""",146.833,3,-1
61,Keith Mitchell,"52' 5""",157.250,3,+2
62,Justin Thomas,"55' 9""",167.333,3,+2
63,Scott Piercy,"56' 9""",113.417,2,E
64,Chez Reavie,"57' 2""",114.333,2,+1
65,Russell Knox,"57' 5""",287.083,5,+2
66,Jerry Kelly,"58' 11""",58.917,1,+1
67,Gary Woodland,"59' 6""",237.917,4,+1
68,Kyle Stanley,"62' 1""",186.250,3,+2
69,Harris English,"63' 9""",127.417,2,E
70,Cameron Smith,"69' 3""",276.917,4,+1
71,Blayne Barber,"73' 7""",147.167,2,+1
72,Hudson Swafford,"82' 10""",82.833,1,E
73,Nate Lashley,"104' 5""",104.417,1,+1
