rank,player,Avg,Total Distance (feet),# of Attempts,Relative to par
1,Patton Kizzire,"0""",0,1,-2
2,Jonathan Randolph,"2' 2""",2.167,1,-1
3,Justin Thomas,"5' 10""",5.833,1,-1
4,Conrad Shindler,"6' 4""",6.333,1,-1
5,Joel Dahmen,"6' 5""",12.833,2,-2
6,Cameron Smith,"6' 10""",13.667,2,-1
7,Jason Kokrak,"7' 4""",7.333,1,E
8,Austin Cook,"9' 2""",9.167,1,-1
9,Xinjun Zhang,"9' 6""",9.500,1,E
10,Brandon Harkins,"10' 3""",30.833,3,E
11,Keith Mitchell,"11' 0""",11.000,1,-1
12,Si Woo Kim,"11' 1""",11.083,1,E
13,John Peterson,"11' 9""",11.750,1,E
14,Xander Schauffele,"11' 11""",11.917,1,E
15,Kevin Tway,"12' 0""",36.000,3,+1
16,Vaughn Taylor,"12' 1""",12.083,1,+2
17,Corey Conners,"13' 8""",13.667,1,+1
18,Keegan Bradley,"14' 0""",27.917,2,-1
19,Ryan Blaum,"14' 6""",14.500,1,E
20,Sam Ryder,"14' 10""",14.833,1,E
21,Ryan Palmer,"15' 6""",62.083,4,-2
22,Roberto Díaz,"15' 8""",31.250,2,-1
23,Lanto Griffin,"17' 2""",34.333,2,+1
24,Gary Woodland,"18' 7""",37.083,2,-2
25,Sam Saunders,"19' 10""",39.583,2,+1
26,Talor Gooch,"20' 0""",20.000,1,E
27,Stephan Jaeger,"21' 1""",42.167,2,-2
28,James Hahn,"21' 2""",21.167,1,E
29,Daniel Berger,"21' 8""",21.667,1,E
30,Tony Finau,"21' 11""",65.667,3,-1
31,Zach Johnson,"24' 11""",49.750,2,+1
32,Kyle Stanley,"25' 4""",25.333,1,E
33,Marc Leishman,"25' 10""",77.500,3,E
34,Nate Lashley,"27' 1""",54.167,2,+1
35,Chez Reavie,"27' 5""",54.750,2,E
36,Seamus Power,"28' 3""",113.083,4,E
37,Shugo Imahira,"30' 11""",61.750,2,E
38,Tyrone Van Aswegen,"31' 0""",61.917,2,E
39,J.J. Spaun,"35' 4""",35.333,1,+1
40,Matt Jones,"42' 6""",85.000,2,E
41,Blayne Barber,"42' 9""",128.250,3,+2
42,Brian Harman,"49' 5""",49.417,1,E
43,Steve Allan,"51' 6""",51.500,1,+1
44,Jerry Kelly,"54' 6""",54.500,1,+1
45,Ollie Schniederjans,"55' 1""",55.083,1,+1
46,Kevin Kisner,"59' 7""",119.167,2,+1
47,Harris English,"91' 4""",91.333,1,E
