rank,player,Avg,Total Distance (feet),# of Attempts,Relative to par
1,Sam Ryder,"6' 1""",6.083,1,-2
2,Ollie Schniederjans,"13' 10""",13.833,1,-1
3,Xinjun Zhang,"18' 9""",18.750,1,+1
4,Ryan Palmer,"20' 1""",20.083,1,-1
5,Stewart Cink,"24' 3""",24.250,1,-1
6,Charles Howell III,"24' 4""",24.333,1,-1
7,Matt Jones,"27' 8""",27.667,1,E
8,Ryan Armour,"30' 4""",60.583,2,-2
9,Dominic Bozzelli,"37' 5""",37.417,1,E
9,Zach Johnson,"37' 5""",37.417,1,E
11,Webb Simpson,"40' 2""",80.333,2,E
12,Scott Brown,"45' 1""",45.083,1,-1
13,Conrad Shindler,"45' 8""",45.667,1,E
14,Scott Piercy,"46' 0""",46.000,1,E
15,D.A. Points,"46' 9""",140.333,3,-2
16,Jonathan Randolph,"48' 2""",48.167,1,E
17,Jerry Kelly,"51' 3""",102.417,2,-1
18,Cameron Smith,"57' 2""",114.250,2,+1
19,Kyle Stanley,"57' 8""",173.083,3,-1
20,Sam Saunders,"57' 10""",57.833,1,-1
21,Keegan Bradley,"58' 1""",174.333,3,E
22,Russell Knox,"58' 3""",174.667,3,-3
23,Roberto Díaz,"59' 8""",59.667,1,E
24,Seamus Power,"59' 9""",119.417,2,+1
25,Tony Finau,"61' 2""",61.167,1,-1
26,Rory Sabbatini,"62' 4""",124.667,2,-1
27,Matt Every,"63' 1""",126.083,2,-2
28,Xander Schauffele,"63' 2""",126.333,2,-1
28,J.J. Spaun,"63' 2""",126.333,2,E
30,Justin Thomas,"65' 1""",195.250,3,-2
31,Daniel Berger,"66' 5""",132.750,2,-2
32,Wesley Bryan,"66' 8""",133.250,2,-1
33,Andrew Putnam,"68' 5""",68.417,1,E
34,Blayne Barber,"74' 8""",149.333,2,E
35,Ryan Blaum,"74' 10""",149.667,2,-1
36,Lanto Griffin,"77' 4""",154.583,2,-1
37,Chris Kirk,"82' 5""",82.417,1,E
38,Austin Cook,"83' 2""",83.167,1,E
39,James Hahn,"83' 9""",167.417,2,-1
40,Nicholas Lindheim,"84' 7""",84.583,1,E
41,William McGirt,"88' 2""",176.333,2,E
42,Keith Mitchell,"88' 6""",88.500,1,-1
43,Kevin Kisner,"88' 9""",266.333,3,+1
44,Marc Leishman,"88' 10""",88.833,1,+1
45,Talor Gooch,"89' 10""",269.417,3,E
46,John Peterson,"90' 9""",272.333,3,+1
47,Adam Schenk,"91' 9""",275.333,3,-2
48,Patton Kizzire,"95' 7""",191.167,2,E
49,Jordan Spieth,"96' 3""",96.250,1,E
50,Joel Dahmen,"97' 4""",97.333,1,-1
51,John Oda,"98' 4""",98.333,1,E
52,Brandon Harkins,"99' 4""",99.333,1,E
53,Emiliano Grillo,"99' 7""",99.583,1,E
54,Daisuke Kataoka,"103' 5""",103.417,1,+3
55,Steve Allan,"107' 6""",107.500,1,E
56,Shugo Imahira,"110' 11""",110.917,1,+1
57,Vaughn Taylor,"122' 2""",122.167,1,E
58,Ben Martin,"128' 3""",256.417,2,E
59,Gary Woodland,"148' 9""",148.750,1,E
