rank,player,Avg,Total Distance (feet),# of Attempts,Relative to par
1,Jerry Kelly,"17' 10""",17.833,1,-1
2,Kevin Tway,"27' 5""",27.417,1,-1
3,Austin Cook,"36' 11""",36.917,1,-1
4,Conrad Shindler,"40' 6""",40.500,1,-1
5,Daisuke Kataoka,"43' 2""",43.167,1,-1
6,Ryan Palmer,"51' 7""",51.583,1,E
7,Webb Simpson,"55' 6""",55.500,1,-1
8,Emiliano Grillo,"56' 11""",56.917,1,-1
9,Daniel Berger,"64' 11""",129.750,2,-1
10,Steve Allan,"67' 3""",67.250,1,-1
11,Xander Schauffele,"71' 4""",142.667,2,-1
12,William McGirt,"76' 6""",152.917,2,-1
13,Zach Johnson,"78' 0""",78.000,1,E
14,Scott Brown,"81' 9""",81.750,1,-1
15,Tyrone Van Aswegen,"81' 10""",81.833,1,-1
16,Patton Kizzire,"87' 4""",87.333,1,-1
17,Jason Kokrak,"88' 8""",88.667,1,E
18,Brian Gay,"92' 3""",92.250,1,+1
19,Roberto Díaz,"92' 6""",92.500,1,+1
20,Justin Thomas,"94' 6""",94.500,1,-1
21,Ollie Schniederjans,"100' 1""",100.083,1,-1
22,Wesley Bryan,"107' 10""",107.833,1,-1
23,Blayne Barber,"108' 4""",216.667,2,+2
24,Chris Kirk,"108' 5""",108.417,1,+1
25,Harris English,"109' 5""",109.417,1,E
26,Colt Knost,"111' 2""",111.167,1,+1
27,Lanto Griffin,"112' 9""",112.750,1,+1
28,Vaughn Taylor,"142' 7""",142.583,1,E
