rank,player,Avg,Total Distance (feet),# of Attempts,Relative to par
1,Harris English,"14' 1""",14.083,1,-1
2,Keegan Bradley,"14' 7""",43.750,3,E
3,Jason Dufner,"14' 10""",29.583,2,-1
4,Dominic Bozzelli,"26' 0""",51.917,2,E
5,Sam Saunders,"26' 2""",104.500,4,-1
6,Joel Dahmen,"26' 4""",105.167,4,E
7,Shugo Imahira,"27' 6""",110.000,4,+1
7,D.A. Points,"27' 6""",54.917,2,E
9,Matt Every,"28' 9""",143.917,5,+1
9,Brian Harman,"28' 9""",143.833,5,-2
11,Brian Stuard,"28' 10""",57.583,2,E
12,Scott Piercy,"31' 3""",93.667,3,E
13,Webb Simpson,"31' 4""",187.917,6,-1
14,Nate Lashley,"31' 7""",157.750,5,E
15,Si Woo Kim,"31' 10""",95.417,3,E
16,Rory Sabbatini,"32' 6""",195.000,6,-2
17,John Peterson,"33' 0""",99.000,3,E
18,Jonathan Byrd,"33' 3""",232.917,7,E
19,Austin Cook,"33' 9""",101.167,3,E
20,Tyrone Van Aswegen,"33' 11""",169.583,5,E
21,Ollie Schniederjans,"34' 9""",208.667,6,E
22,Ryan Palmer,"34' 10""",139.167,4,E
23,Brian Gay,"35' 8""",142.667,4,+3
24,Patton Kizzire,"36' 2""",216.833,6,E
25,Russell Knox,"36' 4""",109.000,3,E
26,Roberto Díaz,"36' 6""",73.000,2,+1
27,Justin Thomas,"36' 9""",73.417,2,E
28,Andrew Putnam,"37' 4""",298.333,8,+4
29,Corey Conners,"37' 7""",187.917,5,E
30,Jerry Kelly,"38' 1""",76.167,2,E
31,Xinjun Zhang,"38' 4""",191.833,5,+1
32,Daniel Berger,"39' 6""",276.417,7,+1
32,Wesley Bryan,"39' 6""",118.583,3,-1
34,Talor Gooch,"39' 7""",118.667,3,-1
35,Blayne Barber,"39' 9""",238.583,6,+1
36,Brandon Harkins,"39' 11""",279.583,7,+4
37,Steve Allan,"40' 0""",199.917,5,+3
38,Kevin Kisner,"41' 7""",249.667,6,-1
39,Vaughn Taylor,"41' 11""",209.667,5,+2
40,Chris Kirk,"42' 1""",126.333,3,-1
41,Charles Howell III,"42' 2""",168.667,4,+1
42,Conrad Shindler,"42' 4""",381.167,9,+1
43,James Hahn,"42' 5""",169.667,4,E
44,Hudson Swafford,"43' 6""",173.917,4,+2
45,Lanto Griffin,"43' 7""",348.417,8,E
46,Ryan Armour,"44' 3""",176.833,4,+2
46,Jonathan Randolph,"44' 3""",265.667,6,+1
48,William McGirt,"45' 1""",90.167,2,+1
49,Jason Kokrak,"45' 2""",180.500,4,E
50,Stephan Jaeger,"45' 4""",271.750,6,+1
51,Matt Jones,"45' 10""",183.167,4,E
52,Kyle Stanley,"47' 7""",142.750,3,E
53,Kevin Tway,"48' 3""",289.583,6,+1
54,Adam Schenk,"49' 1""",294.667,6,+1
55,Zach Johnson,"50' 8""",253.500,5,+2
56,Seamus Power,"50' 11""",203.583,4,+1
57,Marc Leishman,"51' 2""",357.917,7,+1
57,Keith Mitchell,"51' 2""",358.250,7,+3
59,Stewart Cink,"52' 1""",104.083,2,-1
60,Gary Woodland,"53' 8""",107.250,2,E
61,Nicholas Lindheim,"54' 10""",493.333,9,+3
61,John Oda,"54' 10""",164.417,3,E
63,Tony Finau,"57' 0""",171.000,3,+2
64,Ryan Blaum,"57' 1""",342.250,6,E
64,Scott Brown,"57' 1""",285.417,5,+2
66,Emiliano Grillo,"57' 7""",345.583,6,+4
67,J.J. Spaun,"58' 6""",292.500,5,E
68,Xander Schauffele,"59' 4""",177.917,3,+1
69,Ben Martin,"59' 11""",359.500,6,+1
70,Colt Knost,"60' 4""",181.000,3,+2
71,Jordan Spieth,"62' 3""",248.833,4,+1
72,Daisuke Kataoka,"63' 9""",254.917,4,E
73,Sam Ryder,"65' 6""",262.083,4,-1
74,Cameron Smith,"66' 7""",199.750,3,+1
75,Chez Reavie,"83' 2""",166.250,2,E
