rank,player,Avg,Total Ball Speed,Total Attempts
1,Bubba Watson,182.88,731.52,4
2,Jhonattan Vegas,178.64,714.56,4
3,Gary Woodland,178.63,714.52,4
4,Aaron Baddeley,176.95,707.81,4
5,Nick Watney,176.66,706.64,4
6,Martin Laird,174.73,524.19,3
7,Scott Piercy,174.25,697.02,4
8,Harrison Frazar,172.40,517.19,3
9,Scott Stallings,171.45,685.80,4
10,Bill Haas,171.39,342.78,2
11,Keegan Bradley,170.63,682.52,4
12,Michael Bradley,170.00,680.02,4
13,Sean O'Hair,168.55,674.21,4
14,Brendan Steele,167.46,669.84,4
15,Rory Sabbatini,166.89,667.55,4
16,Kevin Na,165.55,662.19,4
17,Chris Kirk,165.52,662.08,4
18,Steve Stricker,164.46,164.46,1
19,Ben Crane,163.87,655.48,4
20,Bryce Molder,162.99,651.95,4
21,Johnson Wagner,162.21,648.84,4
22,K.J. Choi,162.15,486.46,3
23,Mark Wilson,160.36,320.72,2
24,D.A. Points,160.21,320.42,2
25,David Toms,152.75,458.26,3
