rank,player,Total,Distance Rank,Accuracy Rank
1,Bill Haas,10,9,1
2,Martin Laird,19,3,16
2,Scott Piercy,19,13,6
4,Michael Bradley,20,14,6
4,Harrison Frazar,20,4,16
6,Keegan Bradley,21,5,16
7,Chris Kirk,22,18,4
8,Aaron Baddeley,23,7,16
8,Ben Crane,23,10,13
10,Jonathan Byrd,24,19,5
10,Bubba Watson,24,1,23
12,Nick Watney,25,12,13
13,Brendan Steele,26,11,15
13,Steve Stricker,26,15,11
13,David Toms,26,25,1
16,Bryce Molder,28,22,6
16,Rory Sabbatini,28,17,11
16,Mark Wilson,28,27,1
19,Scott Stallings,29,6,23
19,Jhonattan Vegas,29,2,27
21,D.A. Points,30,24,6
22,Kevin Na,32,26,6
22,Gary Woodland,32,7,25
24,Sean O'Hair,38,16,22
25,K.J. Choi,39,23,16
26,Johnson Wagner,42,21,21
27,Webb Simpson,45,20,25
