rank,player,Avg,Total SG:OTT,Measured Rounds
1,Keegan Bradley,1.155,4.620,4
2,Scott Stallings,1.095,4.379,4
3,Chris Kirk,.941,3.763,4
4,Martin Laird,.924,3.697,4
5,Bill Haas,.762,3.048,4
6,Scott Piercy,.640,2.559,4
7,Bubba Watson,.601,2.405,4
8,Aaron Baddeley,.515,2.059,4
9,Harrison Frazar,.497,1.988,4
10,Michael Bradley,.389,1.555,4
11,Jonathan Byrd,.340,1.361,4
12,Steve Stricker,.193,.770,4
13,Ben Crane,-.072,-.288,4
14,D.A. Points,-.157,-.626,4
15,K.J. Choi,-.159,-.635,4
16,Webb Simpson,-.170,-.680,4
17,David Toms,-.314,-1.254,4
18,Sean O'Hair,-.338,-1.352,4
19,Johnson Wagner,-.373,-1.493,4
20,Brendan Steele,-.412,-1.647,4
21,Bryce Molder,-.429,-1.714,4
22,Jhonattan Vegas,-.465,-1.861,4
23,Kevin Na,-.677,-2.706,4
24,Nick Watney,-.692,-2.768,4
25,Rory Sabbatini,-.827,-3.309,4
26,Mark Wilson,-1.063,-4.250,4
27,Gary Woodland,-1.903,-7.611,4
