rank,player,Avg,Total Distance (feet),# of Attempts,Relative to par
1,Geoff Ogilvy,"4' 6""",4.500,1,-1
2,Jeff Maggert,"4' 7""",4.583,1,-1
3,Shane Bertsch,"9' 1""",9.083,1,E
4,Ted Purdy,"9' 5""",9.417,1,-1
4,Bubba Watson,"9' 5""",18.833,2,-1
6,Kaname Yokoo,"10' 4""",10.333,1,-1
7,Rory Sabbatini,"10' 11""",10.917,1,-1
8,Tim Petrovic,"13' 6""",13.500,1,+1
9,Craig Kanada,"13' 10""",41.500,3,+2
10,John Daly,"14' 2""",28.250,2,E
11,Craig Lile,"14' 3""",28.417,2,+3
12,Robert Allenby,"14' 5""",14.417,1,E
12,Cameron Beckman,"14' 5""",14.417,1,E
14,Daisuke Maruyama,"14' 7""",29.083,2,+2
15,Paul Azinger,"15' 11""",47.750,3,+2
16,Kenny Perry,"17' 11""",53.750,3,-1
17,Vijay Singh,"18' 2""",18.167,1,-1
18,Troy Matteson,"18' 8""",18.667,1,+1
19,Brian Gay,"18' 9""",18.750,1,+1
20,Glen Day,"18' 10""",37.667,2,+2
21,Joe Daley,"20' 0""",20.000,1,+1
22,Ryuji Imada,"20' 7""",20.583,1,E
23,Robert Garrigus,"22' 0""",43.917,2,-1
24,Steve Stricker,"22' 7""",67.750,3,E
25,Steve Marino,"23' 4""",23.333,1,E
26,Jeff Quinney,"23' 6""",23.500,1,+1
27,Tom Lehman,"24' 3""",48.500,2,+1
28,Eric Axley,"26' 5""",79.167,3,-1
29,Michael Putnam,"27' 1""",27.083,1,E
30,Pat Perez,"27' 4""",54.667,2,+1
31,John Rollins,"28' 2""",56.250,2,E
32,J.P. Hayes,"31' 6""",31.500,1,+1
33,Chad Campbell,"31' 7""",31.583,1,E
34,Charles Howell III,"36' 7""",36.583,1,+1
35,Davis Love III,"44' 1""",44.083,1,+1
36,Tadd Fujikawa,"57' 10""",57.833,1,+1
37,Gavin Coles,"70' 3""",70.250,1,E
38,Will MacKenzie,"70' 7""",70.583,1,+1
39,Yusaku Miyazato,"83' 8""",167.333,2,E
40,Azuma Yano,"91' 0""",91.000,1,+3
