rank,player,Avg,Total Distance (feet),# of Attempts,Relative to par
1,Rich Beem,"3' 10""",7.583,2,-1
2,Cliff Kresge,"5' 10""",5.833,1,-1
3,Jeff Maggert,"6' 10""",13.583,2,-2
4,Tim Petrovic,"8' 5""",16.750,2,E
5,Ted Purdy,"9' 5""",9.417,1,-1
6,Shane Bertsch,"10' 9""",21.500,2,E
7,Brett Quigley,"11' 8""",23.333,2,-1
8,Joe Daley,"12' 5""",24.833,2,+1
9,George McNeill,"13' 3""",26.417,2,E
10,Craig Kanada,"13' 7""",54.417,4,+2
11,Craig Lile,"14' 3""",28.417,2,+3
12,Rod Pampling,"14' 11""",14.917,1,E
13,Paul Azinger,"15' 11""",47.750,3,+2
14,Kenny Perry,"16' 0""",111.833,7,E
15,Glen Day,"16' 7""",49.833,3,+2
16,Rory Sabbatini,"16' 9""",33.500,2,-1
17,Robert Garrigus,"17' 8""",70.583,4,-1
17,J.P. Hayes,"17' 8""",105.917,6,-1
19,Brian Gay,"18' 9""",18.750,1,+1
19,Michael Putnam,"18' 9""",56.167,3,+1
21,Geoff Ogilvy,"19' 7""",137.000,7,E
22,Ryuji Imada,"20' 7""",20.583,1,E
23,Paul Goydos,"21' 2""",21.167,1,E
24,John Daly,"21' 8""",108.250,5,E
25,J.J. Henry,"21' 11""",65.750,3,E
26,Eric Axley,"22' 1""",88.250,4,-2
26,Jeff Quinney,"22' 1""",44.167,2,+1
28,Pat Perez,"22' 7""",67.750,3,+1
29,Steve Stricker,"22' 11""",91.583,4,E
30,Daniel Chopra,"23' 2""",115.667,5,+3
31,John Rollins,"23' 3""",92.833,4,+1
32,Johnson Wagner,"23' 7""",47.167,2,E
33,Tom Lehman,"24' 5""",73.250,3,+1
34,Jeff Sluman,"24' 7""",49.083,2,+1
35,Daisuke Maruyama,"25' 2""",100.500,4,+2
36,Tadd Fujikawa,"27' 0""",107.917,4,+2
37,Kaname Yokoo,"27' 6""",82.417,3,-1
38,Ken Duke,"27' 9""",27.750,1,+1
39,Trevor Immelman,"29' 2""",58.333,2,E
40,Luke Donald,"29' 4""",58.583,2,E
40,Bo Van Pelt,"29' 4""",29.333,1,E
42,Steve Marino,"30' 0""",60.000,2,E
43,Cameron Beckman,"30' 4""",60.667,2,E
44,Charles Howell III,"30' 9""",92.333,3,+3
45,Chad Campbell,"32' 6""",97.583,3,E
46,Jarrod Lyle,"33' 8""",33.667,1,E
47,Andrew Buckle,"36' 1""",72.083,2,E
48,David Toms,"36' 2""",72.333,2,E
49,Davis Love III,"36' 9""",73.500,2,+1
50,Briny Baird,"36' 11""",36.917,1,+1
51,Jerry Kelly,"37' 2""",37.167,1,E
52,Heath Slocum,"37' 4""",37.333,1,E
53,Doug LaBelle II,"37' 8""",75.333,2,-1
54,Will MacKenzie,"39' 3""",78.500,2,+1
55,Bubba Watson,"40' 8""",244.167,6,E
56,Vijay Singh,"42' 2""",168.667,4,+1
57,Robert Allenby,"45' 9""",137.167,3,E
58,Azuma Yano,"46' 2""",138.417,3,+2
59,K.J. Choi,"50' 4""",100.667,2,E
60,Steve Lowery,"51' 5""",102.750,2,+2
61,Jim Furyk,"53' 1""",53.083,1,E
62,Yusaku Miyazato,"53' 8""",268.417,5,E
63,Troy Matteson,"54' 3""",108.417,2,+2
64,Jason Dufner,"55' 4""",165.917,3,+1
65,Gavin Coles,"80' 2""",160.333,2,+1
66,Jesper Parnevik,"86' 8""",173.333,2,+1
67,David Branshaw,"114' 9""",114.750,1,+1
