rank,player,Avg,Total Distance (feet),# of Attempts,Relative to par
1,Steve Lowery,"6' 8""",6.667,1,E
2,Bart Bryant,"7' 10""",7.833,1,E
3,David Branshaw,"10' 9""",21.417,2,-1
3,K.J. Choi,"10' 9""",10.750,1,E
5,Trevor Immelman,"10' 10""",21.583,2,-1
6,John Rollins,"10' 11""",10.917,1,E
7,Brett Quigley,"12' 0""",12.000,1,-1
8,Pat Perez,"12' 7""",37.750,3,E
9,Gavin Coles,"13' 1""",13.083,1,E
10,Ryuji Imada,"13' 10""",13.833,1,E
11,Jason Dufner,"13' 11""",13.917,1,E
12,Vijay Singh,"14' 4""",14.333,1,E
13,Harrison Frazar,"15' 9""",15.750,1,E
14,Azuma Yano,"16' 0""",16.000,1,E
15,Jeff Sluman,"17' 0""",33.917,2,-2
16,J.P. Hayes,"17' 5""",52.250,3,+1
17,Paul Azinger,"18' 4""",36.667,2,-1
18,Glen Day,"18' 6""",92.333,5,E
19,Heath Slocum,"21' 0""",41.917,2,-1
20,John Daly,"21' 6""",42.917,2,E
21,Eric Axley,"22' 7""",22.583,1,E
22,Kenny Perry,"23' 1""",92.417,4,-1
23,Doug LaBelle II,"23' 6""",23.500,1,E
24,Steve Stricker,"23' 7""",47.083,2,-1
25,Jeff Maggert,"23' 9""",47.417,2,E
26,Troy Matteson,"23' 11""",95.583,4,-1
27,Ken Duke,"24' 9""",74.250,3,+1
28,Robert Garrigus,"24' 10""",49.667,2,E
29,Davis Love III,"25' 4""",25.333,1,E
30,Briny Baird,"26' 5""",26.417,1,-1
31,Cliff Kresge,"28' 2""",84.500,3,E
31,Tim Petrovic,"28' 2""",28.167,1,E
33,Michael Putnam,"28' 4""",56.583,2,+1
34,Robert Allenby,"28' 7""",57.167,2,E
34,Brian Gay,"28' 7""",114.333,4,E
36,Craig Lile,"29' 1""",87.167,3,-1
37,Tadd Fujikawa,"29' 6""",29.500,1,E
38,Bo Van Pelt,"29' 7""",59.167,2,+2
39,Jeff Quinney,"31' 5""",31.417,1,E
40,Boo Weekley,"31' 9""",127.000,4,+1
41,David Toms,"32' 10""",65.583,2,+2
42,John Senden,"35' 0""",69.917,2,+1
43,Daisuke Maruyama,"35' 10""",107.417,3,E
44,Rich Beem,"35' 11""",107.833,3,+2
45,Bubba Watson,"36' 8""",73.250,2,E
46,Geoff Ogilvy,"38' 0""",38.000,1,E
47,Luke Donald,"38' 3""",114.833,3,E
48,Jesper Parnevik,"39' 2""",39.167,1,E
49,Steve Marino,"39' 6""",158.083,4,+1
50,Ted Purdy,"41' 1""",164.167,4,E
51,J.J. Henry,"41' 7""",249.583,6,+2
52,Nathan Green,"45' 6""",136.583,3,E
53,Andrew Buckle,"45' 11""",137.750,3,E
54,Yusaku Miyazato,"47' 1""",141.333,3,+1
55,Tom Lehman,"48' 6""",97.000,2,E
56,George McNeill,"49' 8""",49.667,1,E
57,Charles Howell III,"51' 7""",103.083,2,-1
58,Cameron Beckman,"52' 1""",104.083,2,+1
59,Rod Pampling,"52' 10""",316.833,6,+2
60,Jim Furyk,"56' 3""",112.417,2,E
61,Shane Bertsch,"69' 5""",69.417,1,E
62,Jarrod Lyle,"75' 9""",75.750,1,+1
63,Will MacKenzie,"92' 0""",92.000,1,+1
