rank,player,Avg,Total Distance (feet),# of Attempts,Relative to par
1,Rich Beem,"1' 6""",1.500,1,-1
2,Tim Petrovic,"3' 3""",3.250,1,-1
3,Joe Daley,"4' 10""",4.833,1,E
4,Cliff Kresge,"5' 10""",5.833,1,-1
5,Will MacKenzie,"7' 11""",7.917,1,E
6,Jeff Maggert,"9' 0""",9.000,1,-1
7,Eric Axley,"9' 1""",9.083,1,-1
8,Brett Quigley,"11' 8""",23.333,2,-1
9,Glen Day,"12' 2""",12.167,1,E
10,Shane Bertsch,"12' 5""",12.417,1,E
11,Craig Kanada,"12' 11""",12.917,1,E
12,Pat Perez,"13' 1""",13.083,1,E
13,Robert Garrigus,"13' 4""",26.667,2,E
14,Kenny Perry,"14' 6""",58.083,4,+1
15,Rod Pampling,"14' 11""",14.917,1,E
16,John Rollins,"15' 5""",15.417,1,E
17,J.P. Hayes,"15' 11""",63.750,4,-1
18,Jeff Quinney,"20' 8""",20.667,1,E
19,Daniel Chopra,"21' 2""",63.583,3,+1
19,Paul Goydos,"21' 2""",21.167,1,E
21,Rory Sabbatini,"22' 7""",22.583,1,E
22,Tadd Fujikawa,"22' 8""",45.250,2,+1
23,George McNeill,"23' 2""",23.167,1,E
24,Geoff Ogilvy,"23' 5""",117.083,5,E
25,Johnson Wagner,"23' 7""",47.167,2,E
26,Azuma Yano,"23' 9""",47.417,2,-1
27,Steve Stricker,"23' 10""",23.833,1,E
28,Jeff Sluman,"24' 7""",49.083,2,+1
29,Tom Lehman,"24' 9""",24.750,1,E
30,Michael Putnam,"26' 0""",26.000,1,+1
31,John Daly,"26' 8""",80.000,3,E
32,Ken Duke,"27' 9""",27.750,1,+1
33,Charles Howell III,"27' 11""",55.750,2,+2
34,J.J. Henry,"29' 0""",57.917,2,E
35,Trevor Immelman,"29' 2""",58.333,2,E
36,Luke Donald,"29' 4""",58.583,2,E
36,Bo Van Pelt,"29' 4""",29.333,1,E
38,Davis Love III,"29' 5""",29.417,1,E
39,Chad Campbell,"33' 0""",66.000,2,E
40,Jarrod Lyle,"33' 8""",33.667,1,E
41,Andrew Buckle,"36' 1""",72.083,2,E
41,Kaname Yokoo,"36' 1""",72.083,2,E
43,David Toms,"36' 2""",72.333,2,E
44,Steve Marino,"36' 8""",36.667,1,E
45,Briny Baird,"36' 11""",36.917,1,+1
46,Jerry Kelly,"37' 2""",37.167,1,E
47,Heath Slocum,"37' 4""",37.333,1,E
48,Doug LaBelle II,"37' 8""",75.333,2,-1
49,Yusaku Miyazato,"45' 11""",91.833,2,E
50,Cameron Beckman,"46' 3""",46.250,1,E
51,Vijay Singh,"50' 2""",150.500,3,+2
52,K.J. Choi,"50' 4""",100.667,2,E
53,Steve Lowery,"51' 5""",102.750,2,+2
54,Jim Furyk,"53' 1""",53.083,1,E
55,Daisuke Maruyama,"58' 1""",58.083,1,+1
56,Robert Allenby,"61' 5""",122.750,2,E
57,Bubba Watson,"66' 9""",200.333,3,+1
58,Jason Dufner,"71' 10""",143.583,2,+1
59,Jesper Parnevik,"86' 8""",173.333,2,+1
60,Troy Matteson,"89' 9""",89.750,1,+1
61,Gavin Coles,"90' 1""",90.083,1,+1
62,David Branshaw,"114' 9""",114.750,1,+1
