rank,player,Avg DTP,Total Distance (feet),# of Shots,Scrambling Rank
1,Geoff Ogilvy,"3' 4""",9.917,3,9
2,Michael Bradley,"5' 3""",37.000,7,23
3,Pat Perez,"5' 9""",45.667,8,3
4,Brian Gay,"5' 10""",35.167,6,6
5,John Rollins,"6' 6""",32.500,5,26
6,Sean O'Hair,"6' 8""",100.333,15,11
6,Mark Wilson,"6' 8""",53.000,8,21
8,Martin Laird,"6' 9""",87.917,13,3
9,Ángel Cabrera,"7' 0""",104.750,15,8
10,Y.E. Yang,"7' 2""",64.500,9,14
11,Matt Kuchar,"7' 3""",65.250,9,3
12,Lucas Glover,"7' 4""",58.583,8,25
13,Dustin Johnson,"8' 2""",57.333,7,27
14,Jerry Kelly,"8' 3""",107.333,13,20
15,Paul Casey,"8' 10""",53.167,6,15
16,Rory Sabbatini,"9' 6""",95.250,10,7
17,Kenny Perry,"10' 3""",112.500,11,24
18,Troy Matteson,"10' 4""",62.083,6,18
19,Bo Van Pelt,"10' 8""",53.500,5,18
20,Ryan Moore,"10' 9""",85.750,8,1
21,Stephen Ames,"11' 0""",43.917,4,28
22,Stewart Cink,"11' 9""",46.833,4,10
23,Steve Stricker,"11' 10""",106.417,9,2
24,Nick Watney,"12' 0""",95.667,8,11
25,Heath Slocum,"12' 2""",133.667,11,21
26,Retief Goosen,"12' 5""",136.167,11,15
27,Zach Johnson,"12' 9""",63.917,5,13
28,Nathan Green,"15' 11""",143.500,9,17
