rank,player,Avg DTP,Total Distance (feet),# of Shots,Scrambling Rank
1,Matt Kuchar,"3' 1""",9.250,3,3
2,Stewart Cink,"3' 7""",14.250,4,10
3,Brian Gay,"4' 4""",34.500,8,6
4,Y.E. Yang,"4' 6""",31.250,7,14
5,Steve Stricker,"5' 0""",39.917,8,2
6,Mark Wilson,"5' 1""",35.333,7,21
7,Geoff Ogilvy,"5' 4""",21.417,4,9
8,Ángel Cabrera,"5' 9""",75.083,13,8
8,Retief Goosen,"5' 9""",34.667,6,15
10,Heath Slocum,"6' 1""",36.583,6,21
11,Ryan Moore,"6' 4""",31.667,5,1
11,Nick Watney,"6' 4""",69.750,11,11
13,Lucas Glover,"6' 5""",44.917,7,25
14,Pat Perez,"6' 9""",61.083,9,3
15,Jerry Kelly,"7' 3""",50.917,7,20
15,Rory Sabbatini,"7' 3""",79.417,11,7
17,Michael Bradley,"7' 4""",44.083,6,23
18,Sean O'Hair,"7' 6""",44.833,6,11
19,Martin Laird,"7' 10""",62.417,8,3
20,John Rollins,"8' 0""",64.000,8,26
21,Zach Johnson,"8' 8""",60.500,7,13
21,Troy Matteson,"8' 8""",52.000,6,18
23,Bo Van Pelt,"8' 9""",87.417,10,18
24,Kenny Perry,"8' 10""",44.167,5,24
25,Paul Casey,"9' 1""",45.500,5,15
26,Dustin Johnson,"9' 3""",64.917,7,27
27,Stephen Ames,"10' 5""",83.333,8,28
28,Nathan Green,"15' 5""",92.667,6,17
