rank,player,Avg dtp,Total Distance (Feet),Attempts
1,Stewart Cink,"4' 6""",27.167,6
2,Martin Laird,"4' 7""",46.083,10
3,Ryan Moore,"5' 2""",36.167,7
3,Pat Perez,"5' 2""",36.167,7
5,Geoff Ogilvy,"5' 11""",53.250,9
6,Steve Stricker,"6' 5""",83.167,13
7,Mark Wilson,"7' 0""",91.333,13
8,Ángel Cabrera,"7' 1""",99.417,14
9,Rory Sabbatini,"7' 2""",79.000,11
10,Brian Gay,"7' 4""",139.083,19
11,Lucas Glover,"7' 5""",29.500,4
12,Retief Goosen,"7' 6""",97.917,13
13,Sean O'Hair,"7' 11""",87.333,11
14,Michael Bradley,"8' 1""",80.417,10
15,Matt Kuchar,"8' 2""",49.167,6
16,Paul Casey,"8' 5""",109.833,13
17,Kenny Perry,"8' 7""",77.500,9
18,Troy Matteson,"8' 8""",78.083,9
19,John Rollins,"8' 9""",52.667,6
20,Stephen Ames,"9' 5""",66.167,7
21,Nick Watney,"9' 10""",128.333,13
22,Heath Slocum,"10' 10""",151.833,14
23,Y.E. Yang,"11' 6""",80.500,7
24,Jerry Kelly,"13' 0""",207.833,16
25,Bo Van Pelt,"14' 3""",213.500,15
26,Dustin Johnson,"19' 7""",215.000,11
27,Zach Johnson,"22' 3""",177.833,8
28,Nathan Green,"23' 4""",396.833,17
