rank,player,Avg DTP,Total Distance (feet),# of Shots,Scrambling Rank
1,Martin Laird,"3' 1""",33.500,11,3
2,Y.E. Yang,"5' 4""",21.333,4,14
3,Stephen Ames,"5' 9""",17.333,3,28
4,Paul Casey,"5' 11""",41.333,7,15
5,Lucas Glover,"6' 0""",23.833,4,25
6,Sean O'Hair,"6' 2""",30.750,5,11
7,Geoff Ogilvy,"6' 4""",38.083,6,9
8,Nathan Green,"6' 7""",46.167,7,17
8,Jerry Kelly,"6' 7""",52.917,8,20
8,John Rollins,"6' 7""",45.917,7,26
11,Kenny Perry,"7' 2""",57.083,8,24
12,Troy Matteson,"7' 5""",67.000,9,18
13,Ángel Cabrera,"7' 6""",59.833,8,8
14,Matt Kuchar,"8' 2""",65.333,8,3
15,Nick Watney,"8' 3""",74.250,9,11
16,Brian Gay,"8' 4""",58.583,7,6
17,Stewart Cink,"8' 6""",42.333,5,10
18,Mark Wilson,"8' 8""",95.083,11,21
19,Rory Sabbatini,"9' 0""",27.083,3,7
19,Steve Stricker,"9' 0""",80.833,9,2
21,Dustin Johnson,"10' 1""",90.583,9,27
22,Michael Bradley,"10' 5""",31.333,3,23
23,Heath Slocum,"10' 9""",107.833,10,21
24,Ryan Moore,"10' 10""",75.667,7,1
25,Pat Perez,"11' 5""",34.250,3,3
26,Retief Goosen,"11' 10""",83.000,7,15
27,Zach Johnson,"14' 5""",43.333,3,13
