rank,player,Avg DTP,Total Distance (feet),# of Shots,Scrambling Rank
1,Nathan Green,"5' 3""",15.833,3,17
2,Paul Casey,"5' 5""",5.417,1,15
3,Rory Sabbatini,"5' 6""",27.417,5,7
4,Kenny Perry,"5' 7""",5.583,1,24
5,Stewart Cink,"5' 8""",5.667,1,10
6,Mark Wilson,"6' 1""",12.083,2,21
7,Geoff Ogilvy,"7' 10""",15.583,2,9
8,Troy Matteson,"8' 1""",32.333,4,18
9,Steve Stricker,"8' 7""",8.583,1,2
10,Pat Perez,"9' 1""",27.250,3,3
10,Y.E. Yang,"9' 1""",36.167,4,14
12,Heath Slocum,"9' 3""",18.500,2,21
13,Lucas Glover,"9' 5""",18.750,2,25
14,Martin Laird,"10' 4""",31.000,3,3
15,Ángel Cabrera,"10' 11""",65.417,6,8
16,Nick Watney,"11' 1""",55.500,5,11
17,Brian Gay,"11' 2""",33.583,3,6
18,Retief Goosen,"11' 11""",47.750,4,15
19,Jerry Kelly,"12' 0""",36.083,3,20
20,Zach Johnson,"12' 5""",24.750,2,13
21,Bo Van Pelt,"13' 6""",40.583,3,18
22,Michael Bradley,"15' 5""",15.417,1,23
23,Dustin Johnson,"15' 6""",93.167,6,27
24,John Rollins,"16' 0""",63.833,4,26
25,Stephen Ames,"20' 1""",20.083,1,28
