rank,player,Avg DTP,Total Distance (feet),# of Shots,Scrambling Rank
1,Martin Laird,"4' 7""",.443,8,3
1,Y.E. Yang,"4' 7""",.273,5,14
3,Rory Sabbatini,"5' 2""",.686,11,7
4,Retief Goosen,"5' 4""",.707,11,15
5,Ángel Cabrera,"5' 5""",.391,6,8
6,John Rollins,"6' 0""",.797,11,26
7,Sean O'Hair,"6' 1""",.510,7,11
8,Geoff Ogilvy,"6' 3""",.751,10,9
9,Paul Casey,"6' 6""",.932,12,15
9,Troy Matteson,"6' 6""",.933,12,18
11,Nick Watney,"6' 7""",.949,12,11
12,Bo Van Pelt,"6' 8""",.720,9,18
13,Nathan Green,"6' 9""",.891,11,17
13,Ryan Moore,"6' 9""",.814,10,1
15,Lucas Glover,"6' 10""",.572,7,25
16,Stephen Ames,"7' 1""",.853,10,28
16,Heath Slocum,"7' 1""",.762,9,21
18,Brian Gay,"7' 4""",1.145,13,6
19,Steve Stricker,"7' 5""",.886,10,2
20,Stewart Cink,"7' 9""",.927,10,10
21,Zach Johnson,"7' 11""",1.047,11,13
22,Michael Bradley,"8' 1""",.869,9,23
23,Dustin Johnson,"8' 8""",1.253,12,27
24,Kenny Perry,"8' 9""",.629,6,24
25,Matt Kuchar,"8' 10""",1.169,11,3
26,Mark Wilson,"9' 3""",1.890,17,21
27,Jerry Kelly,"9' 5""",1.126,10,20
28,Pat Perez,"9' 11""",.834,7,3
