rank,player,Avg DTP,Total Distance (feet),# of Shots,Scrambling Rank
1,Y.E. Yang,"9""",1.500,2,14
2,Rory Sabbatini,"10""",1.583,2,7
3,Troy Matteson,"1' 5""",2.833,2,18
4,Paul Casey,"1' 6""",2.917,2,15
5,Dustin Johnson,"1' 7""",1.583,1,27
6,Mark Wilson,"1' 8""",1.667,1,21
7,Jerry Kelly,"1' 9""",1.750,1,20
8,Nathan Green,"2' 1""",2.083,1,17
9,Nick Watney,"2' 2""",4.333,2,11
10,Ryan Moore,"2' 3""",4.500,2,1
11,Steve Stricker,"2' 5""",2.417,1,2
12,Pat Perez,"2' 7""",7.667,3,3
13,Kenny Perry,"2' 8""",5.333,2,24
14,Lucas Glover,"2' 9""",2.750,1,25
14,Zach Johnson,"2' 9""",2.750,1,13
14,Martin Laird,"2' 9""",5.500,2,3
17,Bo Van Pelt,"2' 11""",11.583,4,18
18,Matt Kuchar,"3' 2""",9.500,3,3
19,Stewart Cink,"3' 7""",7.083,2,10
20,Heath Slocum,"4' 1""",4.083,1,21
21,Geoff Ogilvy,"4' 4""",8.667,2,9
22,Michael Bradley,"4' 10""",9.667,2,23
22,Sean O'Hair,"4' 10""",14.417,3,11
24,Retief Goosen,"6' 2""",12.333,2,15
25,Brian Gay,"6' 4""",18.917,3,6
26,Ángel Cabrera,"7' 10""",23.417,3,8
