rank,player,%,Total Birdies,Total Holes
1,Dustin Johnson,57.14,16,28
1,Jon Rahm,57.14,16,28
3,Si Woo Kim,52.63,10,19
4,Rickie Fowler,52.38,11,21
5,Pat Perez,52.17,12,23
6,Brian Harman,52.00,13,25
7,Russell Henley,50.00,10,20
7,Jhonattan Vegas,50.00,12,24
9,Cameron Smith,46.67,7,15
10,Daniel Berger,45.45,10,22
11,Wesley Bryan,44.44,8,18
11,Hideki Matsuyama,44.44,12,27
11,Justin Thomas,44.44,12,27
14,Marc Leishman,43.48,10,23
14,Hudson Swafford,43.48,10,23
16,Patrick Cantlay,42.86,12,28
17,Kevin Kisner,41.18,7,17
18,Chris Stroud,40.91,9,22
19,Austin Cook,40.00,8,20
19,Bryson DeChambeau,40.00,10,25
19,Patton Kizzire,40.00,6,15
22,Jonas Blixt,39.13,9,23
22,Billy Horschel,39.13,9,23
24,Xander Schauffele,37.50,9,24
24,Jordan Spieth,37.50,9,24
26,Kevin Chappell,31.82,7,22
27,Grayson Murray,30.43,7,23
28,Ryan Armour,29.41,5,17
29,Brendan Steele,29.17,7,24
30,Jason Dufner,28.57,6,21
30,Kyle Stanley,28.57,6,21
32,Adam Hadwin,26.09,6,23
33,D.A. Points,15.38,2,13
34,Brooks Koepka,10.00,2,20
