rank,player,Avg RTP
1,Billy Horschel,-1.000
2,Chris Stroud,-.500
3,Grayson Murray,-.250
4,Jonas Blixt,E
4,Patrick Cantlay,E
4,Kevin Chappell,E
4,Austin Cook,E
4,Jason Dufner,E
4,Adam Hadwin,E
4,Brian Harman,E
4,Russell Henley,E
4,Dustin Johnson,E
4,Si Woo Kim,E
4,Patton Kizzire,E
4,Brooks Koepka,E
4,Hideki Matsuyama,E
4,Pat Perez,E
4,D.A. Points,E
4,Jon Rahm,E
4,Cameron Smith,E
4,Jordan Spieth,E
4,Kyle Stanley,E
4,Justin Thomas,E
24,Bryson DeChambeau,+.500
24,Xander Schauffele,+.500
24,Jhonattan Vegas,+.500
27,Ryan Armour,+1.000
27,Wesley Bryan,+1.000
27,Marc Leishman,+1.000
27,Brendan Steele,+1.000
31,Kevin Kisner,+2.000
