rank,player,Avg RTP
1,Wesley Bryan,-.750
2,Brian Harman,-.667
3,Jason Dufner,-.500
3,Rickie Fowler,-.500
3,Kevin Kisner,-.500
3,Cameron Smith,-.500
7,Justin Thomas,-.429
8,Jordan Spieth,-.400
8,Chris Stroud,-.400
10,Billy Horschel,-.333
11,Jonas Blixt,-.250
11,Adam Hadwin,-.250
11,Si Woo Kim,-.250
14,Jon Rahm,-.200
15,Pat Perez,-.143
16,Daniel Berger,E
16,Patrick Cantlay,E
16,Kevin Chappell,E
16,Austin Cook,E
16,Russell Henley,E
16,Dustin Johnson,E
16,Patton Kizzire,E
16,Marc Leishman,E
16,Xander Schauffele,E
16,Brendan Steele,E
16,Hudson Swafford,E
27,Ryan Armour,+.167
27,D.A. Points,+.167
29,Kyle Stanley,+.200
30,Jhonattan Vegas,+.250
31,Grayson Murray,+.333
32,Bryson DeChambeau,+.400
33,Hideki Matsuyama,+.500
34,Brooks Koepka,+.667
