rank,player,Avg RTP
1,Jordan Spieth,-.857
2,Dustin Johnson,-.333
3,Jonas Blixt,-.200
3,Russell Henley,-.200
5,Austin Cook,-.167
5,Pat Perez,-.167
7,Chris Stroud,-.125
8,Cameron Smith,-.111
9,Billy Horschel,-.091
10,Kevin Chappell,E
10,Rickie Fowler,E
10,Brian Harman,E
10,Si Woo Kim,E
10,Patton Kizzire,E
10,Hideki Matsuyama,E
10,Jon Rahm,E
10,Kyle Stanley,E
18,Brendan Steele,+.111
19,Patrick Cantlay,+.125
19,Grayson Murray,+.125
19,Justin Thomas,+.125
22,Jhonattan Vegas,+.167
23,D.A. Points,+.200
24,Jason Dufner,+.250
25,Hudson Swafford,+.286
26,Ryan Armour,+.333
26,Daniel Berger,+.333
26,Bryson DeChambeau,+.333
26,Marc Leishman,+.333
26,Xander Schauffele,+.333
31,Kevin Kisner,+.500
32,Wesley Bryan,+.600
32,Brooks Koepka,+.600
34,Adam Hadwin,+.667
