rank,player,Avg RTP
1,Bryson DeChambeau,-.444
2,Ryan Armour,-.400
2,Wesley Bryan,-.400
4,Adam Hadwin,-.250
4,Billy Horschel,-.250
4,Pat Perez,-.250
4,Chris Stroud,-.250
8,Kevin Kisner,-.222
9,Hideki Matsuyama,-.200
9,Jordan Spieth,-.200
11,Xander Schauffele,-.167
12,Daniel Berger,-.143
13,Jason Dufner,-.125
13,Brendan Steele,-.125
13,Jhonattan Vegas,-.125
16,Rickie Fowler,-.091
17,Austin Cook,E
17,Russell Henley,E
17,Patton Kizzire,E
17,Marc Leishman,E
17,Grayson Murray,E
17,Cameron Smith,E
17,Kyle Stanley,E
17,Hudson Swafford,E
25,Si Woo Kim,+.091
26,Kevin Chappell,+.143
26,Jon Rahm,+.143
28,Brian Harman,+.167
28,Dustin Johnson,+.167
30,Patrick Cantlay,+.200
30,Justin Thomas,+.200
32,D.A. Points,+.222
33,Jonas Blixt,+.250
34,Brooks Koepka,+.286
