rank,player,Avg RTP
1,Dustin Johnson,-1.000
2,Jonas Blixt,-.600
3,Kevin Chappell,-.333
4,Si Woo Kim,-.250
4,Pat Perez,-.250
4,Kyle Stanley,-.250
7,Jason Dufner,-.200
7,Billy Horschel,-.200
9,Cameron Smith,-.167
10,Daniel Berger,E
10,Patrick Cantlay,E
10,Austin Cook,E
10,Rickie Fowler,E
10,Brian Harman,E
10,Russell Henley,E
10,Patton Kizzire,E
10,Brooks Koepka,E
10,Hideki Matsuyama,E
10,D.A. Points,E
10,Jon Rahm,E
10,Jordan Spieth,E
10,Brendan Steele,E
10,Hudson Swafford,E
10,Justin Thomas,E
25,Marc Leishman,+.143
25,Chris Stroud,+.143
27,Ryan Armour,+.200
27,Bryson DeChambeau,+.200
27,Grayson Murray,+.200
30,Jhonattan Vegas,+.250
31,Adam Hadwin,+.500
31,Kevin Kisner,+.500
33,Xander Schauffele,+.600
34,Wesley Bryan,+.667
