rank,player,Avg RTP
1,Rickie Fowler,-1.000
1,Brian Harman,-1.000
1,Marc Leishman,-1.000
1,Jon Rahm,-1.000
1,Xander Schauffele,-1.000
1,Jordan Spieth,-1.000
7,Si Woo Kim,-.500
7,Kyle Stanley,-.500
9,Wesley Bryan,-.333
9,Justin Thomas,-.333
11,Jonas Blixt,E
11,Patrick Cantlay,E
11,Adam Hadwin,E
11,Patton Kizzire,E
11,Hideki Matsuyama,E
11,Grayson Murray,E
11,Pat Perez,E
11,D.A. Points,E
11,Hudson Swafford,E
11,Jhonattan Vegas,E
21,Brooks Koepka,+.333
22,Bryson DeChambeau,+.500
23,Kevin Kisner,+1.000
