rank,player,%,Total Birdies,Total Holes
1,Jordan Spieth,71.43,5,7
2,Austin Cook,33.33,2,6
3,Kevin Chappell,25.00,1,4
3,Patton Kizzire,25.00,1,4
3,Chris Stroud,25.00,2,8
6,Jonas Blixt,20.00,1,5
6,Russell Henley,20.00,1,5
6,Jon Rahm,20.00,1,5
6,Kyle Stanley,20.00,1,5
10,Billy Horschel,18.18,2,11
11,Dustin Johnson,16.67,1,6
11,Pat Perez,16.67,1,6
11,Jhonattan Vegas,16.67,1,6
14,Brian Harman,14.29,1,7
15,Jason Dufner,12.50,1,8
15,Si Woo Kim,12.50,1,8
15,Grayson Murray,12.50,1,8
15,Justin Thomas,12.50,1,8
19,Cameron Smith,11.11,1,9
19,Brendan Steele,11.11,1,9
21,Ryan Armour,.00,0,3
21,Daniel Berger,.00,0,3
21,Wesley Bryan,.00,0,5
21,Patrick Cantlay,.00,0,8
21,Bryson DeChambeau,.00,0,3
21,Rickie Fowler,.00,0,1
21,Adam Hadwin,.00,0,6
21,Kevin Kisner,.00,0,4
21,Brooks Koepka,.00,0,10
21,Marc Leishman,.00,0,6
21,Hideki Matsuyama,.00,0,8
21,D.A. Points,.00,0,5
21,Xander Schauffele,.00,0,6
21,Hudson Swafford,.00,0,7
