rank,player,Avg RTP
1,D.A. Points,-.333
2,Ryan Armour,E
2,Daniel Berger,E
2,Austin Cook,E
2,Bryson DeChambeau,E
2,Jason Dufner,E
2,Rickie Fowler,E
2,Brian Harman,E
2,Billy Horschel,E
2,Dustin Johnson,E
2,Grayson Murray,E
2,Pat Perez,E
2,Cameron Smith,E
2,Jordan Spieth,E
2,Brendan Steele,E
2,Jhonattan Vegas,E
17,Kevin Kisner,+.200
18,Jonas Blixt,+.250
18,Kevin Chappell,+.250
18,Russell Henley,+.250
18,Marc Leishman,+.250
18,Hideki Matsuyama,+.250
18,Xander Schauffele,+.250
24,Si Woo Kim,+.333
24,Chris Stroud,+.333
24,Hudson Swafford,+.333
24,Justin Thomas,+.333
28,Patrick Cantlay,+.500
28,Patton Kizzire,+.500
30,Wesley Bryan,+.600
31,Jon Rahm,+.667
32,Kyle Stanley,+.750
33,Adam Hadwin,+1.000
34,Brooks Koepka,+1.200
