rank,player,Avg RTP
1,Wesley Bryan,-.364
2,Kevin Kisner,-.333
2,Chris Stroud,-.333
4,Jason Dufner,-.286
5,Pat Perez,-.250
5,Cameron Smith,-.250
7,Jordan Spieth,-.231
8,Adam Hadwin,-.214
9,Billy Horschel,-.200
10,Ryan Armour,-.190
11,Patton Kizzire,-.167
12,Russell Henley,-.158
13,Brian Harman,-.154
13,Justin Thomas,-.154
15,Rickie Fowler,-.133
15,Jon Rahm,-.133
17,Bryson DeChambeau,-.125
17,Hideki Matsuyama,-.125
19,Jonas Blixt,-.100
20,Xander Schauffele,-.083
21,Marc Leishman,-.071
21,Brendan Steele,-.071
23,Daniel Berger,-.063
24,Si Woo Kim,-.053
25,Austin Cook,E
25,Dustin Johnson,E
25,Grayson Murray,E
25,Hudson Swafford,E
25,Jhonattan Vegas,E
30,Kyle Stanley,+.083
31,Patrick Cantlay,+.091
32,Kevin Chappell,+.133
33,D.A. Points,+.222
34,Brooks Koepka,+.267
