rank,player,Avg RTP
1,Marc Leishman,-.444
2,Si Woo Kim,-.429
2,Hideki Matsuyama,-.429
4,Jon Rahm,-.375
5,Brian Harman,-.333
5,Grayson Murray,-.333
7,Pat Perez,-.300
8,Kevin Chappell,-.286
9,Patrick Cantlay,-.250
10,Kevin Kisner,-.222
11,Dustin Johnson,-.200
12,Wesley Bryan,-.143
12,Russell Henley,-.143
14,Jason Dufner,-.125
14,Kyle Stanley,-.125
16,Adam Hadwin,-.111
17,Austin Cook,E
17,Bryson DeChambeau,E
17,Rickie Fowler,E
17,Billy Horschel,E
17,Patton Kizzire,E
17,D.A. Points,E
17,Xander Schauffele,E
17,Jordan Spieth,E
17,Brendan Steele,E
17,Chris Stroud,E
17,Hudson Swafford,E
17,Jhonattan Vegas,E
29,Ryan Armour,+.100
30,Justin Thomas,+.125
31,Daniel Berger,+.167
32,Jonas Blixt,+.250
33,Brooks Koepka,+.333
34,Cameron Smith,+.500
