rank,player,Avg RTP
1,Patton Kizzire,-1.000
2,Daniel Berger,-.500
2,Jhonattan Vegas,-.500
4,Hideki Matsuyama,-.333
4,Chris Stroud,-.333
6,Patrick Cantlay,-.250
6,Russell Henley,-.250
8,Cameron Smith,-.143
9,Bryson DeChambeau,E
9,Rickie Fowler,E
9,Brian Harman,E
9,Billy Horschel,E
9,Kevin Kisner,E
9,Brooks Koepka,E
9,Grayson Murray,E
9,Pat Perez,E
9,D.A. Points,E
9,Jordan Spieth,E
9,Brendan Steele,E
9,Hudson Swafford,E
21,Dustin Johnson,+.167
22,Jonas Blixt,+.333
22,Kevin Chappell,+.333
22,Austin Cook,+.333
22,Si Woo Kim,+.333
22,Marc Leishman,+.333
27,Jon Rahm,+.400
28,Adam Hadwin,+.500
28,Kyle Stanley,+.500
28,Justin Thomas,+.500
31,Jason Dufner,+.750
32,Wesley Bryan,+1.000
