rank,player,Avg RTP
1,Daniel Berger,-.333
2,Jonas Blixt,-.250
3,Billy Horschel,-.200
3,Hideki Matsuyama,-.200
3,Pat Perez,-.200
6,Patton Kizzire,-.167
6,Cameron Smith,-.167
8,Patrick Cantlay,-.143
8,Russell Henley,-.143
10,Dustin Johnson,-.125
10,Chris Stroud,-.125
12,Kevin Chappell,E
12,Rickie Fowler,E
12,Brian Harman,E
12,Brooks Koepka,E
12,D.A. Points,E
12,Jordan Spieth,E
12,Kyle Stanley,E
12,Brendan Steele,E
12,Hudson Swafford,E
12,Jhonattan Vegas,E
22,Grayson Murray,+.100
23,Austin Cook,+.125
23,Justin Thomas,+.125
25,Bryson DeChambeau,+.200
25,Si Woo Kim,+.200
25,Marc Leishman,+.200
28,Jason Dufner,+.222
29,Ryan Armour,+.250
30,Jon Rahm,+.286
31,Kevin Kisner,+.400
32,Adam Hadwin,+.500
33,Xander Schauffele,+.750
34,Wesley Bryan,+1.000
