rank,player,Avg RTP
1,Austin Cook,-1.000
1,Patton Kizzire,-1.000
1,Jordan Spieth,-1.000
4,Marc Leishman,-.500
5,Jason Dufner,-.333
6,Kevin Chappell,E
6,Rickie Fowler,E
6,Brian Harman,E
6,Billy Horschel,E
6,Dustin Johnson,E
6,Si Woo Kim,E
6,Kevin Kisner,E
6,Hideki Matsuyama,E
6,Grayson Murray,E
6,Pat Perez,E
6,D.A. Points,E
6,Jon Rahm,E
6,Cameron Smith,E
6,Kyle Stanley,E
6,Chris Stroud,E
6,Justin Thomas,E
22,Patrick Cantlay,+.333
23,Ryan Armour,+.500
23,Daniel Berger,+.500
23,Jonas Blixt,+.500
23,Wesley Bryan,+.500
23,Adam Hadwin,+.500
23,Brooks Koepka,+.500
23,Xander Schauffele,+.500
23,Brendan Steele,+.500
31,Jhonattan Vegas,+.667
32,Bryson DeChambeau,+1.000
32,Russell Henley,+1.000
32,Hudson Swafford,+1.000
