rank,player,Avg RTP
1,Jordan Spieth,-.462
2,Rickie Fowler,-.333
3,D.A. Points,-.167
4,Austin Cook,-.111
4,Brian Harman,-.111
6,Cameron Smith,-.083
7,Daniel Berger,E
7,Billy Horschel,E
7,Patton Kizzire,E
7,Marc Leishman,E
7,Hideki Matsuyama,E
7,Pat Perez,E
7,Brendan Steele,E
7,Chris Stroud,E
7,Justin Thomas,E
7,Jhonattan Vegas,E
17,Grayson Murray,+.091
18,Dustin Johnson,+.100
18,Si Woo Kim,+.100
20,Patrick Cantlay,+.154
21,Russell Henley,+.200
22,Kevin Chappell,+.250
22,Jason Dufner,+.250
22,Kevin Kisner,+.250
22,Hudson Swafford,+.250
26,Jon Rahm,+.273
26,Xander Schauffele,+.273
28,Jonas Blixt,+.308
29,Ryan Armour,+.333
29,Kyle Stanley,+.333
31,Wesley Bryan,+.364
32,Bryson DeChambeau,+.500
32,Adam Hadwin,+.500
32,Brooks Koepka,+.500
