rank,player,%,Total Birdies,Total Holes
1,Jordan Spieth,35.29,6,17
2,Rickie Fowler,25.00,2,8
3,Brendan Steele,23.08,3,13
4,D.A. Points,20.00,3,15
4,Jhonattan Vegas,20.00,3,15
6,Justin Thomas,17.65,3,17
7,Jonas Blixt,16.67,3,18
7,Patton Kizzire,16.67,2,12
9,Jason Dufner,15.38,2,13
9,Brian Harman,15.38,2,13
9,Kyle Stanley,15.38,2,13
12,Austin Cook,14.29,2,14
12,Si Woo Kim,14.29,2,14
14,Daniel Berger,12.50,1,8
14,Billy Horschel,12.50,2,16
14,Chris Stroud,12.50,2,16
17,Marc Leishman,11.76,2,17
18,Hideki Matsuyama,11.11,2,18
18,Cameron Smith,11.11,2,18
20,Kevin Chappell,9.09,1,11
21,Dustin Johnson,8.33,1,12
21,Pat Perez,8.33,1,12
23,Russell Henley,7.69,1,13
24,Wesley Bryan,7.14,1,14
24,Jon Rahm,7.14,1,14
26,Grayson Murray,6.25,1,16
26,Xander Schauffele,6.25,1,16
28,Patrick Cantlay,5.88,1,17
29,Ryan Armour,.00,0,8
29,Bryson DeChambeau,.00,0,11
29,Adam Hadwin,.00,0,10
29,Kevin Kisner,.00,0,12
29,Brooks Koepka,.00,0,22
29,Hudson Swafford,.00,0,9
