rank,player,%,Total Birdies,Total Holes
1,Grayson Murray,37.50,3,8
2,Jhonattan Vegas,33.33,3,9
3,Ryan Armour,25.00,3,12
3,Chris Stroud,25.00,3,12
5,Patrick Cantlay,20.00,2,10
6,Kevin Chappell,18.18,2,11
7,Jonas Blixt,16.67,2,12
7,Jason Dufner,16.67,1,6
7,Kevin Kisner,16.67,2,12
10,Hideki Matsuyama,15.38,2,13
11,Wesley Bryan,13.33,2,15
12,Dustin Johnson,12.50,1,8
12,Cameron Smith,12.50,1,8
14,Adam Hadwin,11.11,1,9
14,Russell Henley,11.11,1,9
14,Jon Rahm,11.11,1,9
17,Billy Horschel,10.00,1,10
17,Marc Leishman,10.00,1,10
17,Pat Perez,10.00,1,10
17,Hudson Swafford,10.00,1,10
21,Rickie Fowler,9.09,1,11
21,Patton Kizzire,9.09,1,11
21,D.A. Points,9.09,1,11
21,Jordan Spieth,9.09,1,11
25,Daniel Berger,8.33,1,12
25,Xander Schauffele,8.33,1,12
27,Austin Cook,.00,0,9
27,Bryson DeChambeau,.00,0,10
27,Brian Harman,.00,0,11
27,Si Woo Kim,.00,0,9
27,Brooks Koepka,.00,0,10
27,Kyle Stanley,.00,0,9
27,Brendan Steele,.00,0,10
27,Justin Thomas,.00,0,9
