rank,player,Avg RTP
1,Jon Rahm,-.611
2,Si Woo Kim,-.600
3,Patrick Cantlay,-.500
4,Jhonattan Vegas,-.467
5,Pat Perez,-.455
6,Hideki Matsuyama,-.438
7,Marc Leishman,-.421
8,Dustin Johnson,-.412
9,Brian Harman,-.400
10,Patton Kizzire,-.385
11,Rickie Fowler,-.375
11,Adam Hadwin,-.375
11,Kevin Kisner,-.375
14,Grayson Murray,-.357
15,Russell Henley,-.294
15,Hudson Swafford,-.294
17,Chris Stroud,-.278
18,Wesley Bryan,-.267
19,Billy Horschel,-.263
20,Daniel Berger,-.250
20,Jason Dufner,-.250
22,Cameron Smith,-.231
23,Austin Cook,-.222
24,Kyle Stanley,-.214
25,Jordan Spieth,-.188
26,Jonas Blixt,-.176
27,Xander Schauffele,-.143
28,Kevin Chappell,-.133
29,Justin Thomas,-.125
30,Ryan Armour,-.118
31,Bryson DeChambeau,-.111
32,D.A. Points,E
33,Brendan Steele,+.111
34,Brooks Koepka,+.273
