rank,player,%,Total Birdies,Total Holes
1,Pat Perez,37.29,22,59
2,Jon Rahm,35.42,17,48
2,Chris Stroud,35.42,17,48
4,Wesley Bryan,34.00,17,50
5,Marc Leishman,33.33,16,48
6,Dustin Johnson,32.65,16,49
7,Russell Henley,32.08,17,53
8,Hideki Matsuyama,31.71,13,41
9,Austin Cook,31.37,16,51
10,Patrick Cantlay,31.11,14,45
11,Kevin Kisner,31.03,18,58
12,Bryson DeChambeau,30.91,17,55
13,Jhonattan Vegas,30.43,14,46
14,Brian Harman,30.19,16,53
14,Si Woo Kim,30.19,16,53
16,Patton Kizzire,29.63,16,54
17,Grayson Murray,29.27,12,41
18,Jason Dufner,28.57,16,56
18,Cameron Smith,28.57,14,49
20,Billy Horschel,28.00,14,50
21,Ryan Armour,27.87,17,61
22,Jonas Blixt,26.53,13,49
23,Daniel Berger,25.93,14,54
24,Kevin Chappell,25.49,13,51
25,Rickie Fowler,25.00,14,56
25,Xander Schauffele,25.00,11,44
25,Justin Thomas,25.00,11,44
28,Jordan Spieth,22.92,11,48
29,Hudson Swafford,21.43,12,56
30,Adam Hadwin,20.37,11,54
31,Brooks Koepka,19.05,8,42
32,Kyle Stanley,18.00,9,50
33,Brendan Steele,15.69,8,51
34,D.A. Points,13.21,7,53
