rank,player,%,Total Birdies,Total Holes
1,Jordan Spieth,37.50,3,8
2,Grayson Murray,33.33,1,3
3,Ryan Armour,30.00,3,10
4,Daniel Berger,28.57,2,7
4,Kevin Chappell,28.57,2,7
6,Patton Kizzire,25.00,2,8
6,Marc Leishman,25.00,1,4
8,Jason Dufner,23.08,3,13
9,Bryson DeChambeau,20.00,1,5
9,Kyle Stanley,20.00,2,10
11,Rickie Fowler,18.18,2,11
12,Si Woo Kim,16.67,1,6
12,Pat Perez,16.67,2,12
14,Billy Horschel,15.38,2,13
15,Wesley Bryan,14.29,2,14
15,Austin Cook,14.29,1,7
15,Brian Harman,14.29,1,7
18,Jhonattan Vegas,11.11,1,9
19,Jonas Blixt,10.00,1,10
19,D.A. Points,10.00,1,10
21,Patrick Cantlay,.00,0,6
21,Adam Hadwin,.00,0,11
21,Russell Henley,.00,0,4
21,Dustin Johnson,.00,0,4
21,Kevin Kisner,.00,0,8
21,Brooks Koepka,.00,0,8
21,Hideki Matsuyama,.00,0,7
21,Jon Rahm,.00,0,3
21,Xander Schauffele,.00,0,9
21,Cameron Smith,.00,0,7
21,Brendan Steele,.00,0,7
21,Chris Stroud,.00,0,7
21,Hudson Swafford,.00,0,7
21,Justin Thomas,.00,0,3
