rank,player,Avg RTP
1,Dustin Johnson,-2.000
2,Jonas Blixt,-1.000
2,Kyle Stanley,-1.000
4,Kevin Chappell,-.500
4,Pat Perez,-.500
6,Jason Dufner,-.250
6,Cameron Smith,-.250
8,Brendan Steele,-.200
9,Ryan Armour,E
9,Daniel Berger,E
9,Patrick Cantlay,E
9,Austin Cook,E
9,Bryson DeChambeau,E
9,Rickie Fowler,E
9,Brian Harman,E
9,Russell Henley,E
9,Billy Horschel,E
9,Si Woo Kim,E
9,Kevin Kisner,E
9,Patton Kizzire,E
9,Brooks Koepka,E
9,Marc Leishman,E
9,Jon Rahm,E
9,Jordan Spieth,E
9,Hudson Swafford,E
9,Justin Thomas,E
9,Jhonattan Vegas,E
28,Chris Stroud,+.333
29,Adam Hadwin,+.667
30,Wesley Bryan,+1.000
30,Xander Schauffele,+1.000
32,Grayson Murray,+2.000
