rank,player,Avg RTP
1,Rickie Fowler,-2.000
2,Justin Thomas,-1.500
3,Jhonattan Vegas,-1.333
4,Patrick Cantlay,-1.000
4,Austin Cook,-1.000
4,Bryson DeChambeau,-1.000
4,Adam Hadwin,-1.000
4,Brian Harman,-1.000
4,Russell Henley,-1.000
4,Billy Horschel,-1.000
4,Dustin Johnson,-1.000
4,Si Woo Kim,-1.000
4,Patton Kizzire,-1.000
4,D.A. Points,-1.000
4,Hudson Swafford,-1.000
16,Jon Rahm,-.667
17,Jonas Blixt,-.500
17,Kevin Chappell,-.500
17,Marc Leishman,-.500
17,Grayson Murray,-.500
17,Cameron Smith,-.500
17,Chris Stroud,-.500
23,Daniel Berger,-.333
23,Hideki Matsuyama,-.333
23,Jordan Spieth,-.333
23,Kyle Stanley,-.333
27,Wesley Bryan,E
27,Jason Dufner,E
27,Kevin Kisner,E
27,Xander Schauffele,E
27,Brendan Steele,E
