rank,player,%,Total Birdies,Total Holes
1,Wesley Bryan,41.18,7,17
2,Pat Perez,34.78,8,23
3,Kevin Kisner,32.14,9,28
4,Bryson DeChambeau,28.00,7,25
4,Jason Dufner,28.00,7,25
4,Chris Stroud,28.00,7,25
7,Jonas Blixt,25.00,5,20
7,Russell Henley,25.00,7,28
9,Cameron Smith,23.33,7,30
10,Brian Harman,22.73,5,22
10,Brendan Steele,22.73,5,22
12,Billy Horschel,22.22,4,18
12,Patton Kizzire,22.22,6,27
14,Ryan Armour,21.43,6,28
15,Si Woo Kim,20.00,6,30
16,Hideki Matsuyama,18.75,3,16
17,Justin Thomas,18.18,4,22
18,Dustin Johnson,17.39,4,23
19,Jordan Spieth,16.67,4,24
20,Daniel Berger,14.29,3,21
20,Rickie Fowler,14.29,3,21
20,Grayson Murray,14.29,4,28
20,Jhonattan Vegas,14.29,3,21
24,Adam Hadwin,13.64,3,22
25,Jon Rahm,12.50,3,24
26,Kevin Chappell,12.00,3,25
27,Austin Cook,11.11,3,27
27,Marc Leishman,11.11,3,27
29,Patrick Cantlay,10.00,2,20
29,Xander Schauffele,10.00,2,20
31,Kyle Stanley,9.09,2,22
32,Brooks Koepka,8.70,2,23
33,Hudson Swafford,8.00,2,25
34,D.A. Points,6.90,2,29
