rank,player,Avg RTP
1,Patrick Cantlay,-1.000
1,Austin Cook,-1.000
1,Kevin Kisner,-1.000
1,Brooks Koepka,-1.000
1,Hudson Swafford,-1.000
1,Jhonattan Vegas,-1.000
7,Rickie Fowler,-.667
7,Russell Henley,-.667
9,Daniel Berger,-.500
9,Jonas Blixt,-.500
9,Wesley Bryan,-.500
9,Jason Dufner,-.500
9,Billy Horschel,-.500
9,Patton Kizzire,-.500
9,Marc Leishman,-.500
9,Hideki Matsuyama,-.500
9,Pat Perez,-.500
9,Kyle Stanley,-.500
19,Brian Harman,-.333
19,Cameron Smith,-.333
21,Ryan Armour,E
21,Adam Hadwin,E
21,Dustin Johnson,E
21,Si Woo Kim,E
21,Grayson Murray,E
21,D.A. Points,E
21,Jon Rahm,E
21,Xander Schauffele,E
21,Jordan Spieth,E
21,Chris Stroud,E
21,Justin Thomas,E
32,Kevin Chappell,+.500
32,Bryson DeChambeau,+.500
34,Brendan Steele,+1.000
