rank,player,Avg RTP
1,Grayson Murray,-.500
2,Ryan Armour,-.429
3,Bryson DeChambeau,-.333
4,Wesley Bryan,-.250
5,Daniel Berger,-.200
5,Rickie Fowler,-.200
5,Brian Harman,-.200
5,Si Woo Kim,-.200
9,Kevin Chappell,-.167
10,Jason Dufner,-.111
10,Kyle Stanley,-.111
12,Pat Perez,-.100
13,Patrick Cantlay,E
13,Adam Hadwin,E
13,Russell Henley,E
13,Dustin Johnson,E
13,Kevin Kisner,E
13,Patton Kizzire,E
13,Brooks Koepka,E
13,Marc Leishman,E
13,Hideki Matsuyama,E
13,D.A. Points,E
13,Jon Rahm,E
13,Jordan Spieth,E
13,Chris Stroud,E
13,Hudson Swafford,E
13,Justin Thomas,E
28,Jonas Blixt,+.167
29,Brendan Steele,+.200
30,Cameron Smith,+.250
30,Jhonattan Vegas,+.250
32,Billy Horschel,+.286
33,Austin Cook,+.500
33,Xander Schauffele,+.500
