rank,player,Avg RTP
1,Jon Rahm,-.292
2,Marc Leishman,-.271
3,Dustin Johnson,-.265
4,Pat Perez,-.254
5,Chris Stroud,-.250
6,Hideki Matsuyama,-.244
7,Brian Harman,-.226
7,Si Woo Kim,-.226
9,Patrick Cantlay,-.222
10,Grayson Murray,-.220
11,Jhonattan Vegas,-.217
12,Jason Dufner,-.214
13,Daniel Berger,-.204
13,Patton Kizzire,-.204
15,Kevin Kisner,-.190
16,Russell Henley,-.189
17,Rickie Fowler,-.179
18,Ryan Armour,-.164
19,Wesley Bryan,-.160
20,Jordan Spieth,-.146
21,Cameron Smith,-.143
22,Xander Schauffele,-.136
23,Adam Hadwin,-.130
24,Billy Horschel,-.120
25,Kevin Chappell,-.118
26,Austin Cook,-.098
27,Hudson Swafford,-.089
28,Justin Thomas,-.068
29,Kyle Stanley,-.060
30,Bryson DeChambeau,-.055
31,Jonas Blixt,E
32,Brendan Steele,+.039
33,Brooks Koepka,+.071
34,D.A. Points,+.094
