rank,player,Avg RTP
1,Si Woo Kim,-1.000
1,Jon Rahm,-1.000
3,Cameron Smith,-.750
4,Jonas Blixt,-.667
4,Adam Hadwin,-.667
4,Chris Stroud,-.667
7,Pat Perez,-.625
8,Daniel Berger,-.600
9,Ryan Armour,-.500
9,Patrick Cantlay,-.500
9,Dustin Johnson,-.500
9,Patton Kizzire,-.500
9,Hideki Matsuyama,-.500
9,Jordan Spieth,-.500
15,Jason Dufner,-.429
16,Rickie Fowler,-.400
16,Grayson Murray,-.400
16,Xander Schauffele,-.400
16,Jhonattan Vegas,-.400
20,Wesley Bryan,-.333
20,Billy Horschel,-.333
20,Kevin Kisner,-.333
20,Marc Leishman,-.333
24,Bryson DeChambeau,-.200
25,Russell Henley,-.167
26,Hudson Swafford,-.143
27,Austin Cook,-.125
28,Kevin Chappell,E
28,Brian Harman,E
28,Kyle Stanley,E
28,Justin Thomas,E
32,Brendan Steele,+.167
33,D.A. Points,+.250
34,Brooks Koepka,+.500
