rank,player,Avg RTP
1,Grayson Murray,-.500
2,Kevin Chappell,-.286
2,Chris Stroud,-.286
2,Jhonattan Vegas,-.286
5,Ryan Armour,-.273
6,Jonas Blixt,-.250
7,Jason Dufner,-.200
8,Daniel Berger,-.111
9,Patrick Cantlay,E
9,Adam Hadwin,E
9,Russell Henley,E
9,Dustin Johnson,E
9,Kevin Kisner,E
9,Marc Leishman,E
9,Xander Schauffele,E
9,Jordan Spieth,E
17,Wesley Bryan,+.111
17,Hideki Matsuyama,+.111
19,Brendan Steele,+.125
20,Billy Horschel,+.143
20,Pat Perez,+.143
20,Hudson Swafford,+.143
23,Jon Rahm,+.167
24,Brooks Koepka,+.200
25,Rickie Fowler,+.222
26,Patton Kizzire,+.286
27,Bryson DeChambeau,+.333
27,Si Woo Kim,+.333
27,Cameron Smith,+.333
27,Justin Thomas,+.333
31,Brian Harman,+.375
31,D.A. Points,+.375
33,Austin Cook,+.400
33,Kyle Stanley,+.400
