rank,player,Avg RTP
1,Austin Cook,-.625
1,Brooks Koepka,-.625
3,Xander Schauffele,-.571
4,Dustin Johnson,-.556
5,Daniel Berger,-.500
5,Brian Harman,-.500
5,Marc Leishman,-.500
5,Hideki Matsuyama,-.500
9,Patrick Cantlay,-.400
9,Patton Kizzire,-.400
11,Kevin Chappell,-.333
12,Billy Horschel,-.286
12,D.A. Points,-.286
12,Jhonattan Vegas,-.286
15,Jon Rahm,-.250
15,Jordan Spieth,-.250
15,Chris Stroud,-.250
18,Cameron Smith,-.222
19,Rickie Fowler,-.200
19,Hudson Swafford,-.200
21,Russell Henley,-.182
22,Si Woo Kim,-.167
22,Brendan Steele,-.167
24,Bryson DeChambeau,-.143
25,Kyle Stanley,-.111
26,Jason Dufner,E
26,Grayson Murray,E
26,Pat Perez,E
26,Justin Thomas,E
30,Wesley Bryan,+.143
31,Adam Hadwin,+.286
31,Kevin Kisner,+.286
33,Ryan Armour,+.400
34,Jonas Blixt,+.714
