rank,player,%,Total Birdies,Total Holes
1,Austin Cook,77.78,7,9
2,Xander Schauffele,57.14,4,7
3,Dustin Johnson,55.56,5,9
4,Kevin Chappell,50.00,3,6
4,Marc Leishman,50.00,4,8
4,D.A. Points,50.00,4,8
4,Jordan Spieth,50.00,2,4
4,Brendan Steele,50.00,4,8
9,Brooks Koepka,45.45,5,11
10,Hideki Matsuyama,44.44,4,9
11,Bryson DeChambeau,42.86,3,7
12,Patton Kizzire,40.00,4,10
13,Daniel Berger,37.50,3,8
13,Billy Horschel,37.50,3,8
13,Jon Rahm,37.50,3,8
16,Rickie Fowler,33.33,2,6
16,Chris Stroud,33.33,2,6
16,Jhonattan Vegas,33.33,3,9
19,Cameron Smith,30.00,3,10
19,Justin Thomas,30.00,3,10
21,Patrick Cantlay,28.57,2,7
21,Brian Harman,28.57,2,7
23,Kyle Stanley,22.22,2,9
24,Russell Henley,18.18,2,11
25,Jason Dufner,16.67,1,6
25,Hudson Swafford,16.67,1,6
27,Wesley Bryan,14.29,1,7
27,Adam Hadwin,14.29,1,7
27,Si Woo Kim,14.29,1,7
27,Kevin Kisner,14.29,1,7
31,Grayson Murray,11.11,1,9
32,Ryan Armour,.00,0,5
32,Jonas Blixt,.00,0,7
32,Pat Perez,.00,0,3
