rank,player,Avg RTP
1,Hideki Matsuyama,-1.000
1,Pat Perez,-1.000
3,Jon Rahm,-.667
4,Jonas Blixt,-.500
4,Russell Henley,-.500
4,Patton Kizzire,-.500
4,Cameron Smith,-.500
8,Dustin Johnson,-.333
8,Grayson Murray,-.333
8,Chris Stroud,-.333
11,Brian Harman,-.250
11,Si Woo Kim,-.250
11,Kevin Kisner,-.250
11,Marc Leishman,-.250
15,Ryan Armour,-.200
16,Daniel Berger,E
16,Patrick Cantlay,E
16,Austin Cook,E
16,Bryson DeChambeau,E
16,Rickie Fowler,E
16,Adam Hadwin,E
16,Billy Horschel,E
16,Brooks Koepka,E
16,Xander Schauffele,E
16,Jordan Spieth,E
16,Brendan Steele,E
16,Hudson Swafford,E
16,Justin Thomas,E
29,Kevin Chappell,+.333
29,D.A. Points,+.333
31,Wesley Bryan,+.500
