rank,player,%,Total Birdies,Total Holes
1,Brendan Steele,50.00,2,4
2,D.A. Points,30.00,3,10
3,Rickie Fowler,28.57,2,7
4,Justin Thomas,22.22,2,9
4,Jhonattan Vegas,22.22,2,9
6,Daniel Berger,20.00,1,5
6,Jason Dufner,20.00,1,5
6,Hideki Matsuyama,20.00,2,10
9,Marc Leishman,18.18,2,11
10,Brian Harman,16.67,1,6
10,Si Woo Kim,16.67,1,6
12,Jonas Blixt,15.38,2,13
13,Patton Kizzire,12.50,1,8
13,Kyle Stanley,12.50,1,8
15,Wesley Bryan,11.11,1,9
15,Patrick Cantlay,11.11,1,9
15,Cameron Smith,11.11,1,9
18,Xander Schauffele,10.00,1,10
18,Jordan Spieth,10.00,1,10
20,Ryan Armour,.00,0,5
20,Kevin Chappell,.00,0,7
20,Austin Cook,.00,0,8
20,Bryson DeChambeau,.00,0,8
20,Adam Hadwin,.00,0,4
20,Russell Henley,.00,0,8
20,Billy Horschel,.00,0,5
20,Dustin Johnson,.00,0,6
20,Kevin Kisner,.00,0,8
20,Brooks Koepka,.00,0,12
20,Grayson Murray,.00,0,8
20,Pat Perez,.00,0,6
20,Jon Rahm,.00,0,9
20,Chris Stroud,.00,0,8
20,Hudson Swafford,.00,0,2
