rank,player,%,Successes,Attempts
1,Patton Kizzire,100.00,3,3
1,Rory McIlroy,100.00,2,2
3,Matt Kuchar,91.67,11,12
4,Cameron Champ,85.71,6,7
4,Brandt Snedeker,85.71,6,7
6,Dustin Johnson,83.33,5,6
7,Keegan Bradley,80.00,4,5
7,Webb Simpson,80.00,4,5
7,Kevin Tway,80.00,8,10
10,Bryson DeChambeau,77.78,7,9
11,Xander Schauffele,75.00,6,8
12,Marc Leishman,72.73,8,11
13,Brice Garnett,71.43,10,14
14,Scott Piercy,69.23,9,13
15,Troy Merritt,66.67,4,6
16,Charles Howell III,62.50,5,8
16,Gary Woodland,62.50,5,8
18,Billy Horschel,60.00,6,10
18,Andrew Putnam,60.00,6,10
18,Bubba Watson,60.00,3,5
21,Michael Kim,58.33,14,24
21,Satoshi Kodaira,58.33,7,12
23,Justin Thomas,57.14,4,7
24,Paul Casey,54.55,6,11
24,Andrew Landry,54.55,6,11
24,Aaron Wise,54.55,6,11
27,Ian Poulter,50.00,2,4
27,Jon Rahm,50.00,2,4
29,Patrick Reed,44.44,4,9
30,"Ted Potter, Jr.",40.00,2,5
31,Francesco Molinari,37.50,3,8
32,Brooks Koepka,28.57,2,7
33,Jason Day,25.00,2,8
