rank,player,%,# of Saves,# of Bunkers
1,Keegan Bradley,100.00,1,1
1,Bryson DeChambeau,100.00,1,1
1,Charles Howell III,100.00,1,1
1,Dustin Johnson,100.00,1,1
1,Satoshi Kodaira,100.00,1,1
1,Webb Simpson,100.00,1,1
7,Brooks Koepka,66.67,2,3
8,Cameron Champ,50.00,1,2
8,Jason Day,50.00,1,2
8,Billy Horschel,50.00,1,2
8,Michael Kim,50.00,1,2
8,Patton Kizzire,50.00,1,2
8,Troy Merritt,50.00,1,2
14,Francesco Molinari,33.33,1,3
14,Patrick Reed,33.33,1,3
14,Brandt Snedeker,33.33,1,3
17,Paul Casey,.00,0,1
17,Brice Garnett,.00,0,1
17,Rory McIlroy,.00,0,2
17,Scott Piercy,.00,0,1
17,"Ted Potter, Jr.",.00,0,3
17,Ian Poulter,.00,0,1
17,Bubba Watson,.00,0,1
