rank,player,%,Successes,Attempts
1,Cameron Champ,100.00,2,2
1,Jason Day,100.00,1,1
1,Matt Kuchar,100.00,1,1
4,Patton Kizzire,80.00,4,5
5,Bryson DeChambeau,75.00,6,8
5,Andrew Landry,75.00,3,4
5,Troy Merritt,75.00,3,4
5,Kevin Tway,75.00,3,4
9,Dustin Johnson,66.67,4,6
9,Brooks Koepka,66.67,2,3
9,Xander Schauffele,66.67,2,3
9,Gary Woodland,66.67,2,3
13,Michael Kim,60.00,3,5
13,Satoshi Kodaira,60.00,3,5
15,Scott Piercy,57.14,4,7
16,Billy Horschel,50.00,3,6
16,Marc Leishman,50.00,2,4
16,Francesco Molinari,50.00,2,4
16,Andrew Putnam,50.00,2,4
20,Bubba Watson,42.86,3,7
21,Brandt Snedeker,40.00,2,5
22,Keegan Bradley,37.50,3,8
22,Aaron Wise,37.50,3,8
24,Webb Simpson,33.33,1,3
25,Patrick Reed,28.57,2,7
26,Brice Garnett,25.00,1,4
26,Charles Howell III,25.00,1,4
26,"Ted Potter, Jr.",25.00,1,4
29,Paul Casey,20.00,1,5
30,Ian Poulter,.00,0,2
