rank,player,%,Successes,Attempts
1,Dustin Johnson,100.00,3,3
1,Marc Leishman,100.00,5,5
1,Kevin Tway,100.00,8,8
4,Paul Casey,87.50,7,8
4,Charles Howell III,87.50,7,8
6,Patton Kizzire,83.33,5,6
7,Matt Kuchar,81.82,9,11
8,Cameron Champ,80.00,4,5
8,Bryson DeChambeau,80.00,4,5
8,Xander Schauffele,80.00,4,5
11,Webb Simpson,77.78,7,9
12,Brice Garnett,75.00,6,8
12,Brandt Snedeker,75.00,9,12
14,Troy Merritt,71.43,5,7
15,Jason Day,70.00,7,10
16,Michael Kim,69.23,9,13
17,Keegan Bradley,66.67,2,3
17,Justin Thomas,66.67,2,3
19,Billy Horschel,62.50,5,8
20,Brooks Koepka,60.00,3,5
20,Andrew Putnam,60.00,3,5
20,Jon Rahm,60.00,3,5
23,Andrew Landry,57.14,4,7
23,Scott Piercy,57.14,4,7
25,Satoshi Kodaira,50.00,4,8
25,Rory McIlroy,50.00,2,4
25,Francesco Molinari,50.00,5,10
25,Patrick Reed,50.00,3,6
29,"Ted Potter, Jr.",40.00,4,10
30,Ian Poulter,33.33,1,3
30,Bubba Watson,33.33,1,3
30,Gary Woodland,33.33,1,3
33,Aaron Wise,20.00,1,5
