rank,player,%,Successes,Attempts
1,Cameron Champ,100.00,2,2
1,Charles Howell III,100.00,4,4
1,Dustin Johnson,100.00,4,4
1,Michael Kim,100.00,4,4
1,Patton Kizzire,100.00,3,3
1,Satoshi Kodaira,100.00,3,3
1,Matt Kuchar,100.00,4,4
1,Andrew Landry,100.00,1,1
1,Marc Leishman,100.00,3,3
1,Rory McIlroy,100.00,4,4
1,Troy Merritt,100.00,7,7
1,Francesco Molinari,100.00,4,4
1,Scott Piercy,100.00,4,4
1,"Ted Potter, Jr.",100.00,4,4
1,Ian Poulter,100.00,1,1
1,Jon Rahm,100.00,5,5
1,Patrick Reed,100.00,2,2
1,Xander Schauffele,100.00,3,3
1,Webb Simpson,100.00,3,3
1,Brandt Snedeker,100.00,3,3
1,Justin Thomas,100.00,5,5
1,Kevin Tway,100.00,3,3
1,Bubba Watson,100.00,3,3
1,Aaron Wise,100.00,4,4
1,Gary Woodland,100.00,2,2
26,Andrew Putnam,83.33,5,6
27,Brice Garnett,80.00,4,5
28,Keegan Bradley,77.78,7,9
29,Billy Horschel,75.00,3,4
30,Bryson DeChambeau,66.67,2,3
30,Brooks Koepka,66.67,4,6
32,Paul Casey,50.00,1,2
32,Jason Day,50.00,1,2
