rank,player,%,Successes,Attempts
1,Bryson DeChambeau,100.00,1,1
1,Brooks Koepka,100.00,1,1
1,Kevin Tway,100.00,2,2
4,Michael Kim,66.67,2,3
4,Troy Merritt,66.67,2,3
6,Jason Day,50.00,1,2
6,Billy Horschel,50.00,1,2
6,Charles Howell III,50.00,2,4
6,Patton Kizzire,50.00,1,2
6,Satoshi Kodaira,50.00,1,2
6,"Ted Potter, Jr.",50.00,2,4
6,Webb Simpson,50.00,1,2
6,Brandt Snedeker,50.00,1,2
14,Keegan Bradley,33.33,1,3
14,Francesco Molinari,33.33,1,3
16,Paul Casey,.00,0,4
16,Brice Garnett,.00,0,2
16,Rory McIlroy,.00,0,2
16,Scott Piercy,.00,0,1
16,Ian Poulter,.00,0,1
16,Patrick Reed,.00,0,1
16,Bubba Watson,.00,0,1
