rank,player,%,Attempts
1,Patrick Cantlay,100.00,16
1,Jon Rahm,100.00,16
3,Harris English,93.75,15
3,Viktor Hovland,93.75,15
3,Dustin Johnson,93.75,15
3,Ryan Palmer,93.75,15
3,Hudson Swafford,93.75,15
8,Daniel Berger,87.50,14
8,Bryson DeChambeau,87.50,14
8,Sergio Garcia,87.50,14
8,Lanto Griffin,87.50,14
8,Sungjae Im,87.50,14
8,Collin Morikawa,87.50,14
8,Joaquin Niemann,87.50,14
8,Carlos Ortiz,87.50,14
8,Xander Schauffele,87.50,14
8,Adam Scott,87.50,14
8,Justin Thomas,87.50,14
19,Cameron Champ,81.25,13
19,Tony Finau,81.25,13
19,Hideki Matsuyama,81.25,13
19,Sebastián Muñoz,81.25,13
19,Richy Werenski,81.25,13
24,Stewart Cink,75.00,12
24,Jason Kokrak,75.00,12
24,Martin Laird,75.00,12
24,Marc Leishman,75.00,12
24,Nick Taylor,75.00,12
29,Abraham Ancer,68.75,11
29,Billy Horschel,68.75,11
29,Patrick Reed,68.75,11
29,Scottie Scheffler,68.75,11
29,Webb Simpson,68.75,11
29,Cameron Smith,68.75,11
29,Robert Streb,68.75,11
36,Mackenzie Hughes,56.25,9
36,Andrew Landry,56.25,9
38,Kevin Kisner,50.00,8
38,Kevin Na,50.00,8
38,Michael Thompson,50.00,8
38,Brendon Todd,50.00,8
42,Brian Gay,43.75,7
