rank,player,%,Successes,Attempts,RTP-Successes,RTP-Not going for the grn
1,Michael Thompson,54.55,6,11,-8,+1.00
2,Marc Leishman,50.00,7,14,-5,-3.00
2,Webb Simpson,50.00,6,12,-7,-2.00
4,Bryson DeChambeau,47.83,11,23,-10,E
5,Daniel Berger,44.44,8,18,-7,-2.00
5,Sungjae Im,44.44,8,18,-8,-1.00
7,Lanto Griffin,43.75,7,16,-7,-1.00
7,Justin Thomas,43.75,7,16,-7,-6.00
9,Sebastián Muñoz,41.18,7,17,-7,-2.00
10,Hudson Swafford,40.00,6,15,-7,-2.00
11,Xander Schauffele,38.89,7,18,-10,-1.00
12,Cameron Champ,36.36,8,22,-8,E
13,Cameron Smith,35.71,5,14,-5,E
14,Richy Werenski,35.29,6,17,-6,-2.00
15,Collin Morikawa,33.33,6,18,-5,-1.00
15,Kevin Na,33.33,3,9,-3,-2.00
17,Patrick Cantlay,31.58,6,19,-6,+1.00
17,Ryan Palmer,31.58,6,19,-8,E
17,Jon Rahm,31.58,6,19,-6,-1.00
20,Scottie Scheffler,30.77,4,13,-4,-2.00
21,Sergio Garcia,30.00,6,20,-7,-2.00
21,Dustin Johnson,30.00,6,20,-6,+4.00
21,Andrew Landry,30.00,3,10,-3,E
24,Hideki Matsuyama,29.41,5,17,-6,-1.00
24,Joaquin Niemann,29.41,5,17,-5,-1.00
26,Adam Scott,27.78,5,18,-3,E
27,Patrick Reed,26.67,4,15,-5,E
27,Nick Taylor,26.67,4,15,-3,E
29,Kevin Kisner,25.00,2,8,-3,-4.00
29,Robert Streb,25.00,3,12,-3,+2.00
31,Abraham Ancer,23.08,3,13,-3,-5.00
32,Brian Gay,22.22,2,9,-3,-6.00
33,Harris English,21.05,4,19,-4,-1.00
34,Billy Horschel,20.00,3,15,-4,+3.00
34,Viktor Hovland,20.00,4,20,-3,+1.00
36,Carlos Ortiz,16.67,3,18,-3,+2.00
37,Mackenzie Hughes,15.38,2,13,-3,-3.00
38,Jason Kokrak,14.29,2,14,-3,-1.00
39,Stewart Cink,13.33,2,15,-2,+1.00
40,Brendon Todd,10.00,1,10,-1,-7.00
41,Martin Laird,6.25,1,16,-1,E
42,Tony Finau,5.88,1,17,-2,+3.00
