rank,player,Avg,Distance (in inches),Attempts
1,Lanto Griffin,238.5,"137,384.000",16
2,Kevin Na,242.3,"78,499.000",9
3,Kevin Kisner,242.5,"69,843.000",8
4,Jason Kokrak,244.9,"123,437.000",14
5,Marc Leishman,245.4,"123,657.000",14
6,Joaquin Niemann,247.1,"151,250.000",17
7,Stewart Cink,247.8,"133,795.000",15
8,Hudson Swafford,248.3,"134,072.000",15
9,Patrick Cantlay,248.6,"170,067.000",19
9,Brian Gay,248.6,"80,538.000",9
11,Hideki Matsuyama,249.0,"152,365.000",17
12,Xander Schauffele,249.1,"161,432.000",18
13,Carlos Ortiz,249.2,"161,464.000",18
14,Mackenzie Hughes,250.8,"117,390.000",13
15,Nick Taylor,250.9,"135,503.000",15
16,Scottie Scheffler,251.2,"117,555.000",13
17,Richy Werenski,251.3,"153,793.000",17
18,Jon Rahm,251.6,"172,095.000",19
19,Justin Thomas,251.8,"145,064.000",16
20,Harris English,252.4,"172,621.000",19
21,Andrew Landry,252.7,"90,984.000",10
21,Cameron Smith,252.7,"127,347.000",14
23,Michael Thompson,252.9,"100,147.000",11
24,Martin Laird,253.8,"146,182.000",16
25,Abraham Ancer,255.0,"119,341.000",13
26,Collin Morikawa,255.5,"165,574.000",18
27,Billy Horschel,256.1,"138,269.000",15
28,Webb Simpson,257.0,"111,042.000",12
29,Ryan Palmer,257.3,"176,014.000",19
30,Daniel Berger,257.4,"166,820.000",18
31,Robert Streb,259.2,"111,989.000",12
32,Tony Finau,259.3,"158,698.000",17
33,Brendon Todd,259.4,"93,374.000",10
34,Viktor Hovland,259.9,"187,162.000",20
35,Patrick Reed,260.0,"140,412.000",15
36,Sergio Garcia,262.1,"188,728.000",20
37,Sungjae Im,262.4,"170,006.000",18
38,Sebastián Muñoz,263.4,"161,183.000",17
39,Dustin Johnson,264.5,"190,432.000",20
40,Adam Scott,266.1,"172,412.000",18
41,Bryson DeChambeau,277.6,"229,863.000",23
42,Cameron Champ,286.4,"226,817.000",22
