rank,player,%,# of Birdie or Better,Attempts,RTP-Successes,RTP-Not going for the grn
1,Ryan Palmer,84.21,16,19,-19,E
2,Justin Thomas,81.25,13,16,-14,-6.00
3,Patrick Cantlay,78.95,15,19,-15,+1.00
3,Harris English,78.95,15,19,-16,-1.00
3,Jon Rahm,78.95,15,19,-15,-1.00
6,Xander Schauffele,77.78,14,18,-17,-1.00
7,Scottie Scheffler,76.92,10,13,-11,-2.00
8,Sebastián Muñoz,76.47,13,17,-13,-2.00
8,Joaquin Niemann,76.47,13,17,-13,-1.00
10,Kevin Kisner,75.00,6,8,-7,-4.00
10,Webb Simpson,75.00,9,12,-10,-2.00
12,Collin Morikawa,72.22,13,18,-13,-1.00
13,Cameron Smith,71.43,10,14,-10,E
14,Sergio Garcia,70.00,14,20,-16,-2.00
15,Abraham Ancer,69.23,9,13,-9,-5.00
16,Lanto Griffin,68.75,11,16,-11,-1.00
17,Cameron Champ,68.18,15,22,-15,E
18,Daniel Berger,66.67,12,18,-12,-2.00
18,Billy Horschel,66.67,10,15,-11,+3.00
18,Sungjae Im,66.67,12,18,-13,-1.00
18,Robert Streb,66.67,8,12,-8,+2.00
18,Hudson Swafford,66.67,10,15,-11,-2.00
18,Nick Taylor,66.67,10,15,-10,E
24,Richy Werenski,64.71,11,17,-11,-2.00
25,Michael Thompson,63.64,7,11,-9,+1.00
26,Martin Laird,62.50,10,16,-10,E
27,Bryson DeChambeau,60.87,14,23,-15,E
28,Dustin Johnson,60.00,12,20,-12,+4.00
28,Patrick Reed,60.00,9,15,-11,E
28,Brendon Todd,60.00,6,10,-6,-7.00
31,Hideki Matsuyama,58.82,10,17,-11,-1.00
32,Jason Kokrak,57.14,8,14,-9,-1.00
32,Marc Leishman,57.14,8,14,-8,-3.00
34,Brian Gay,55.56,5,9,-6,-6.00
34,Kevin Na,55.56,5,9,-5,-2.00
34,Adam Scott,55.56,10,18,-10,E
37,Viktor Hovland,55.00,11,20,-11,+1.00
38,Andrew Landry,50.00,5,10,-5,E
38,Carlos Ortiz,50.00,9,18,-9,+2.00
40,Tony Finau,41.18,7,17,-8,+3.00
41,Stewart Cink,40.00,6,15,-6,+1.00
42,Mackenzie Hughes,38.46,5,13,-6,-3.00
