rank,player,%,Attempts,Non-Attempts,RTP-Going for the green,RTP-Not going for the grn
1,Viktor Hovland,95.24,20,1,-10,+1
2,Patrick Cantlay,90.48,19,2,-15,+1
2,Harris English,90.48,19,2,-16,-1
2,Ryan Palmer,90.48,19,2,-19,E
2,Jon Rahm,90.48,19,2,-15,-1
6,Daniel Berger,85.71,18,3,-12,-2
6,Sergio Garcia,85.71,18,3,-16,-2
6,Sungjae Im,85.71,18,3,-13,-1
6,Dustin Johnson,85.71,18,3,-12,+4
6,Collin Morikawa,85.71,18,3,-13,-1
6,Carlos Ortiz,85.71,18,3,-8,+2
6,Xander Schauffele,85.71,18,3,-16,-1
13,Cameron Champ,80.95,17,4,-15,E
13,Bryson DeChambeau,80.95,17,4,-15,E
13,Tony Finau,80.95,17,4,-7,+3
13,Hideki Matsuyama,80.95,17,4,-11,-1
13,Sebastián Muñoz,80.95,17,4,-12,-2
13,Joaquin Niemann,80.95,17,4,-12,-1
13,Richy Werenski,80.95,17,4,-11,-2
20,Lanto Griffin,76.19,16,5,-10,-1
20,Martin Laird,76.19,16,5,-10,E
20,Adam Scott,76.19,16,5,-9,E
23,Stewart Cink,71.43,15,6,-6,+1
23,Billy Horschel,71.43,15,6,-11,+3
23,Patrick Reed,71.43,15,6,-10,E
23,Hudson Swafford,71.43,15,6,-10,-2
23,Nick Taylor,71.43,15,6,-10,E
28,Jason Kokrak,66.67,14,7,-7,-1
28,Marc Leishman,66.67,14,7,-7,-3
28,Cameron Smith,66.67,14,7,-9,E
28,Justin Thomas,66.67,14,7,-14,-6
32,Abraham Ancer,61.90,13,8,-7,-5
32,Mackenzie Hughes,61.90,13,8,-6,-3
32,Scottie Scheffler,61.90,13,8,-10,-2
35,Webb Simpson,57.14,12,9,-10,-2
35,Robert Streb,57.14,12,9,-8,+2
37,Michael Thompson,52.38,11,10,-9,+1
38,Andrew Landry,47.62,10,11,-3,E
38,Brendon Todd,47.62,10,11,-6,-7
40,Brian Gay,42.86,9,12,-6,-6
40,Kevin Na,42.86,9,12,-3,-2
42,Kevin Kisner,38.10,8,13,-7,-4
