rank,player,Avg,Total Dist after GFG Shot,Total GFG Shots
1,Sungjae Im,19.0,"12,322.000",18
2,Bryson DeChambeau,19.1,"15,792.000",23
3,Michael Thompson,20.3,"8,057.000",11
4,Xander Schauffele,20.6,"13,374.000",18
5,Ryan Palmer,21.1,"14,440.000",19
6,Collin Morikawa,21.7,"14,058.000",18
7,Justin Thomas,21.9,"12,641.000",16
8,Cameron Champ,22.1,"17,465.000",22
9,Richy Werenski,22.3,"13,643.000",17
10,Harris English,22.4,"15,329.000",19
11,Marc Leishman,22.5,"11,333.000",14
11,Webb Simpson,22.5,"9,732.000",12
13,Nick Taylor,22.6,"12,197.000",15
14,Patrick Cantlay,22.7,"15,507.000",19
15,Joaquin Niemann,23.5,"14,368.000",17
16,Dustin Johnson,23.7,"17,067.000",20
16,Adam Scott,23.7,"15,387.000",18
16,Cameron Smith,23.7,"11,940.000",14
19,Lanto Griffin,23.8,"13,702.000",16
20,Daniel Berger,24.1,"15,610.000",18
20,Brian Gay,24.1,"7,812.000",9
22,Mackenzie Hughes,24.2,"11,332.000",13
23,Hideki Matsuyama,24.3,"14,848.000",17
24,Patrick Reed,24.5,"13,213.000",15
25,Martin Laird,24.8,"14,267.000",16
26,Sergio Garcia,24.9,"17,917.000",20
27,Stewart Cink,25.4,"13,707.000",15
28,Billy Horschel,26.0,"14,063.000",15
29,Hudson Swafford,27.0,"14,580.000",15
30,Scottie Scheffler,27.9,"13,042.000",13
31,Andrew Landry,28.7,"10,328.000",10
32,Kevin Kisner,29.0,"8,345.000",8
33,Sebastián Muñoz,29.3,"17,921.000",17
34,Kevin Na,29.5,"9,549.000",9
35,Jon Rahm,29.7,"20,316.000",19
36,Jason Kokrak,32.0,"16,145.000",14
37,Brendon Todd,33.2,"11,938.000",10
38,Carlos Ortiz,33.9,"21,950.000",18
39,Robert Streb,34.0,"14,705.000",12
40,Viktor Hovland,36.2,"26,064.000",20
41,Tony Finau,37.0,"22,635.000",17
42,Abraham Ancer,46.5,"21,749.000",13
