rank,player,Avg,Total Strokes,Total Early Rounds
1,Keegan Bradley,70.00,140,2
2,Rickie Fowler,70.33,211,3
3,J.J. Henry,71.00,71,1
4,Matt Kuchar,71.33,214,3
4,Ian Poulter,71.33,214,3
6,Webb Simpson,71.67,215,3
6,Mark Wilson,71.67,215,3
8,Zach Johnson,72.00,72,1
8,Scott Stallings,72.00,216,3
8,Johnson Wagner,72.00,72,1
11,Jonas Blixt,72.67,218,3
11,Ben Curtis,72.67,218,3
11,Jason Dufner,72.67,218,3
11,John Huh,72.67,218,3
15,Scott Piercy,73.00,73,1
16,Ryan Moore,74.50,149,2
17,Charlie Beljan,75.00,75,1
17,Bill Haas,75.00,75,1
17,Marc Leishman,75.00,150,2
17,"Ted Potter, Jr.",75.00,150,2
21,George McNeill,76.00,152,2
22,Kyle Stanley,79.00,158,2
