rank,player,Avg,Total Strokes,Total 10th Tee Early Rds.
1,Keegan Bradley,69.00,69,1
1,Mark Wilson,69.00,69,1
3,Ben Curtis,71.00,142,2
3,J.J. Henry,71.00,71,1
3,John Huh,71.00,71,1
3,Ian Poulter,71.00,71,1
3,Scott Stallings,71.00,142,2
8,Jonas Blixt,72.00,144,2
8,Zach Johnson,72.00,72,1
8,Webb Simpson,72.00,72,1
11,Jason Dufner,73.00,146,2
11,George McNeill,73.00,73,1
13,Rickie Fowler,74.00,74,1
13,Matt Kuchar,74.00,74,1
15,Charlie Beljan,75.00,75,1
15,Bill Haas,75.00,75,1
15,Marc Leishman,75.00,75,1
15,"Ted Potter, Jr.",75.00,75,1
19,Ryan Moore,77.00,77,1
20,Kyle Stanley,78.00,78,1
