rank,player,Avg,Total Strokes,Tot. Early Rds.(1st tee)
1,Rickie Fowler,68.50,137,2
2,Matt Kuchar,70.00,140,2
3,Keegan Bradley,71.00,71,1
4,Ian Poulter,71.50,143,2
4,Webb Simpson,71.50,143,2
6,Jason Dufner,72.00,72,1
6,Ryan Moore,72.00,72,1
6,Johnson Wagner,72.00,72,1
9,Scott Piercy,73.00,73,1
9,Mark Wilson,73.00,146,2
11,John Huh,73.50,147,2
12,Jonas Blixt,74.00,74,1
12,Scott Stallings,74.00,74,1
14,Marc Leishman,75.00,75,1
14,"Ted Potter, Jr.",75.00,75,1
16,Ben Curtis,76.00,76,1
17,George McNeill,79.00,79,1
18,Kyle Stanley,80.00,80,1
