rank,player,Avg,# of Birdies,Total Rounds
1,Graeme McDowell,6.75,27,4
2,Robert Garrigus,6.50,26,4
3,Jonathan Byrd,6.25,25,4
3,Carl Pettersson,6.25,25,4
5,Dustin Johnson,6.00,24,4
5,Matt Kuchar,6.00,24,4
5,Ian Poulter,6.00,24,4
5,Steve Stricker,6.00,24,4
9,Bubba Watson,5.75,23,4
10,Arjun Atwal,5.50,22,4
10,Jason Day,5.50,22,4
10,Francesco Molinari,5.50,22,4
13,Charley Hoffman,5.25,21,4
13,Justin Rose,5.25,21,4
15,Anthony Kim,5.00,20,4
15,Adam Scott,5.00,20,4
17,Cameron Beckman,4.75,19,4
17,Tim Clark,4.75,19,4
17,Ben Crane,4.75,19,4
17,Jim Furyk,4.75,19,4
17,Hunter Mahan,4.75,19,4
22,Stuart Appleby,4.50,18,4
22,Zach Johnson,4.50,18,4
24,Jason Bohn,4.25,17,4
24,Ernie Els,4.25,17,4
24,Bill Lunde,4.25,17,4
24,Ryan Palmer,4.25,17,4
28,Bill Haas,4.00,16,4
29,Matt Bettencourt,3.75,15,4
29,Derek Lamely,3.75,15,4
29,Heath Slocum,3.75,15,4
32,Rocco Mediate,3.50,14,4
