rank,player,Total
1,Ryan Moore,2
2,Jason Day,1
2,Tony Finau,1
2,Cody Gribble,1
2,James Hahn,1
2,Mackenzie Hughes,1
2,Dustin Johnson,1
2,Hideki Matsuyama,1
2,Pat Perez,1
2,Jordan Spieth,1
2,Brendan Steele,1
2,Justin Thomas,1
2,Jimmy Walker,1
14,Aaron Baddeley,0
14,Daniel Berger,0
14,Greg Chalmers,0
14,Jason Dufner,0
14,Fabián Gómez,0
14,Branden Grace,0
14,Jim Herman,0
14,Charley Hoffman,0
14,Billy Hurley III,0
14,Si Woo Kim,0
14,Russell Knox,0
14,William McGirt,0
14,Rod Pampling,0
14,Patrick Reed,0
14,Brandt Snedeker,0
14,Brian Stuard,0
14,Vaughn Taylor,0
14,Jhonattan Vegas,0
14,Bubba Watson,0
