rank,player,Total
1,Jordan Spieth,26
2,Justin Thomas,25
3,Patrick Reed,24
4,Hideki Matsuyama,23
5,Cody Gribble,22
5,Russell Knox,22
5,William McGirt,22
8,Charley Hoffman,21
9,Tony Finau,20
9,Pat Perez,20
11,Jason Day,19
11,Jim Herman,19
11,Brendan Steele,19
11,Jimmy Walker,19
15,Daniel Berger,18
15,Greg Chalmers,18
15,Jason Dufner,18
15,Si Woo Kim,18
15,Rod Pampling,18
15,Jhonattan Vegas,18
15,Bubba Watson,18
22,Fabián Gómez,17
22,Brandt Snedeker,17
24,James Hahn,16
24,Dustin Johnson,16
24,Ryan Moore,16
24,Vaughn Taylor,16
28,Aaron Baddeley,15
28,Mackenzie Hughes,15
30,Branden Grace,14
30,Brian Stuard,14
32,Billy Hurley III,13
