rank,player,%,# Birdies/Eagles,# Holes
1,Jordan Spieth,37.50,27,72
2,Justin Thomas,36.11,26,72
3,Hideki Matsuyama,33.33,24,72
3,Patrick Reed,33.33,24,72
5,Cody Gribble,31.94,23,72
6,Russell Knox,30.56,22,72
6,William McGirt,30.56,22,72
8,Tony Finau,29.17,21,72
8,Charley Hoffman,29.17,21,72
8,Pat Perez,29.17,21,72
11,Jason Day,27.78,20,72
11,Brendan Steele,27.78,20,72
11,Jimmy Walker,27.78,20,72
14,Jim Herman,26.39,19,72
15,Daniel Berger,25.00,18,72
15,Greg Chalmers,25.00,18,72
15,Jason Dufner,25.00,18,72
15,Si Woo Kim,25.00,18,72
15,Ryan Moore,25.00,18,72
15,Rod Pampling,25.00,18,72
15,Jhonattan Vegas,25.00,18,72
15,Bubba Watson,25.00,18,72
23,Fabián Gómez,23.61,17,72
23,James Hahn,23.61,17,72
23,Dustin Johnson,23.61,17,72
23,Brandt Snedeker,23.61,17,72
27,Mackenzie Hughes,22.22,16,72
27,Vaughn Taylor,22.22,16,72
29,Aaron Baddeley,20.83,15,72
30,Branden Grace,19.44,14,72
30,Brian Stuard,19.44,14,72
32,Billy Hurley III,18.06,13,72
