rank,player,%
1,Hideki Matsuyama,80.00
2,Jimmy Walker,57.14
3,Aaron Baddeley,50.00
3,Jason Dufner,50.00
3,William McGirt,50.00
6,Bubba Watson,45.45
7,Mackenzie Hughes,44.44
7,Billy Hurley III,44.44
9,Fabián Gómez,42.86
10,Daniel Berger,40.00
10,Cody Gribble,40.00
10,Pat Perez,40.00
13,Tony Finau,37.50
13,Jordan Spieth,37.50
15,Jim Herman,33.33
15,Dustin Johnson,33.33
15,Russell Knox,33.33
18,Greg Chalmers,30.77
19,James Hahn,30.00
20,Vaughn Taylor,28.57
21,Si Woo Kim,26.67
22,Patrick Reed,25.00
22,Justin Thomas,25.00
24,Branden Grace,23.08
25,Charley Hoffman,22.22
26,Brian Stuard,20.00
26,Jhonattan Vegas,20.00
28,Brendan Steele,16.67
29,Jason Day,14.29
30,Ryan Moore,.00
30,Rod Pampling,.00
30,Brandt Snedeker,.00
