rank,player,%,Total Drives for 320+,Total Drives - Overall,Relative to Par
1,Chris Couch,35.00,21,60,-0.190
1,Tim Herron,35.00,21,60,E
1,Davis Love III,35.00,21,60,-0.190
1,Will MacKenzie,35.00,21,60,+0.048
1,Troy Matteson,35.00,21,60,-0.048
1,Vijay Singh,35.00,21,60,-0.095
1,Brett Wetterich,35.00,21,60,-0.048
8,Eric Axley,33.33,20,60,-0.150
8,J.J. Henry,33.33,20,60,-0.100
8,J.B. Holmes,33.33,20,60,-0.150
8,Geoff Ogilvy,33.33,20,60,-0.200
12,K.J. Choi,31.67,19,60,-0.263
12,Rory Sabbatini,31.67,19,60,-0.211
12,Adam Scott,31.67,19,60,-0.211
12,D.J. Trahan,31.67,19,60,-0.053
16,Aaron Baddeley,30.00,18,60,+0.333
16,Chad Campbell,30.00,18,60,+0.056
16,Luke Donald,30.00,18,60,-0.167
16,Rod Pampling,30.00,18,60,E
16,Carl Pettersson,30.00,18,60,-0.222
16,David Toms,30.00,18,60,-0.167
22,Stuart Appleby,28.33,17,60,-0.235
22,Trevor Immelman,28.33,17,60,-0.353
22,John Senden,28.33,17,60,E
25,John Rollins,26.67,16,60,-0.063
26,Stephen Ames,25.00,15,60,-0.333
26,Kirk Triplett,25.00,15,60,-0.267
28,Ben Curtis,23.33,14,60,+0.143
28,Joe Durant,23.33,14,60,-0.071
28,Jim Furyk,23.33,14,60,-0.071
31,Jeff Maggert,21.67,13,60,-0.231
32,Dean Wilson,18.33,11,60,-0.182
33,Corey Pavin,15.00,9,60,-0.222
