rank,player,%,Total Drives for 240-260,Total Drvs - overall,Relative to par
1,Jeff Maggert,62.50,5,8,+0.40
1,Kirk Triplett,62.50,5,8,-0.60
1,Dean Wilson,62.50,5,8,+1.00
4,Stephen Ames,50.00,4,8,-0.25
4,Aaron Baddeley,50.00,4,8,+0.25
4,Tim Herron,50.00,4,8,+0.50
4,Rod Pampling,50.00,4,8,E
4,David Toms,50.00,4,8,-0.50
9,Eric Axley,37.50,3,8,E
9,K.J. Choi,37.50,3,8,-0.33
9,Luke Donald,37.50,3,8,+0.67
9,Jim Furyk,37.50,3,8,E
9,Davis Love III,37.50,3,8,-0.33
9,Will MacKenzie,37.50,3,8,E
9,Troy Matteson,37.50,3,8,E
9,Carl Pettersson,37.50,3,8,+0.67
9,John Rollins,37.50,3,8,+0.67
9,Vijay Singh,37.50,3,8,-0.33
19,Chad Campbell,25.00,2,8,E
19,Chris Couch,25.00,2,8,-0.50
19,Ben Curtis,25.00,2,8,E
19,Joe Durant,25.00,2,8,-0.50
19,Trevor Immelman,25.00,2,8,+0.50
19,Geoff Ogilvy,25.00,2,8,E
19,Corey Pavin,25.00,2,8,+0.50
19,John Senden,25.00,2,8,+0.50
19,Brett Wetterich,25.00,2,8,E
28,Stuart Appleby,12.50,1,8,-1.00
28,J.J. Henry,12.50,1,8,E
28,J.B. Holmes,12.50,1,8,E
28,Rory Sabbatini,12.50,1,8,E
28,Adam Scott,12.50,1,8,E
28,D.J. Trahan,12.50,1,8,E
