rank,player,%,Total Drives for 280-300,Total Drives - Overall,Relative to Par
1,J.B. Holmes,16.67,10,60,-0.300
2,Brett Wetterich,15.00,9,60,+0.111
3,Stuart Appleby,11.67,7,60,-0.143
4,Davis Love III,8.33,5,60,-0.400
4,Geoff Ogilvy,8.33,5,60,-0.200
4,John Rollins,8.33,5,60,-0.200
7,Stephen Ames,6.67,4,60,+0.500
7,Eric Axley,6.67,4,60,+0.250
7,Aaron Baddeley,6.67,4,60,-0.500
7,Carl Pettersson,6.67,4,60,-0.250
7,Adam Scott,6.67,4,60,-0.500
12,Chad Campbell,5.00,3,60,+0.333
12,J.J. Henry,5.00,3,60,-0.333
12,Tim Herron,5.00,3,60,E
12,Will MacKenzie,5.00,3,60,-0.333
12,Corey Pavin,5.00,3,60,+0.333
12,Rory Sabbatini,5.00,3,60,E
12,John Senden,5.00,3,60,-0.667
12,Vijay Singh,5.00,3,60,-0.333
20,Chris Couch,3.33,2,60,-0.500
20,Joe Durant,3.33,2,60,E
20,Trevor Immelman,3.33,2,60,E
20,Jeff Maggert,3.33,2,60,+0.500
20,Troy Matteson,3.33,2,60,-0.500
20,David Toms,3.33,2,60,E
26,K.J. Choi,1.67,1,60,-1.000
26,Ben Curtis,1.67,1,60,E
26,Luke Donald,1.67,1,60,E
26,Jim Furyk,1.67,1,60,+1.000
26,D.J. Trahan,1.67,1,60,-1.000
26,Kirk Triplett,1.67,1,60,E
26,Dean Wilson,1.67,1,60,E
33,Rod Pampling,.00,0,60,E
