rank,player,Avg,Total Distance,Total Drives
1,Brett Wetterich,277.3,"2,218",8
2,J.B. Holmes,275.4,"2,203",8
3,Adam Scott,268.6,"2,149",8
4,Geoff Ogilvy,266.0,"2,128",8
5,J.J. Henry,265.6,"2,125",8
6,John Senden,265.1,"2,121",8
7,Davis Love III,263.1,"2,105",8
8,Joe Durant,262.0,"2,096",8
9,Aaron Baddeley,261.0,"2,088",8
10,Chris Couch,260.5,"2,084",8
11,Carl Pettersson,260.3,"2,082",8
12,Troy Matteson,259.5,"2,076",8
13,Trevor Immelman,259.1,"2,073",8
14,Vijay Singh,258.9,"2,071",8
15,Luke Donald,255.5,"2,044",8
16,Stuart Appleby,255.0,"2,040",8
17,Stephen Ames,254.1,"2,033",8
17,Tim Herron,254.1,"2,033",8
19,Eric Axley,254.0,"2,032",8
20,John Rollins,253.9,"2,031",8
21,Will MacKenzie,253.6,"2,029",8
21,Rory Sabbatini,253.6,"2,029",8
23,Jeff Maggert,252.4,"2,019",8
24,Chad Campbell,252.3,"2,018",8
25,K.J. Choi,247.4,"1,979",8
26,D.J. Trahan,247.0,"1,976",8
27,Rod Pampling,246.5,"1,972",8
28,Dean Wilson,245.0,"1,960",8
29,Jim Furyk,244.6,"1,957",8
30,Kirk Triplett,242.5,"1,940",8
31,David Toms,241.1,"1,929",8
32,Ben Curtis,240.9,"1,927",8
33,Corey Pavin,225.4,"1,803",8
