rank,player,%,Total Drives for 240-260,Total Drives - Overall,Relative to Par
1,D.J. Trahan,33.33,20,60,+0.350
2,Aaron Baddeley,30.00,18,60,-0.056
2,Luke Donald,30.00,18,60,-0.167
2,Troy Matteson,30.00,18,60,E
5,Rod Pampling,28.33,17,60,-0.118
6,Eric Axley,26.67,16,60,E
6,K.J. Choi,26.67,16,60,-0.313
6,Carl Pettersson,26.67,16,60,+0.125
9,Tim Herron,25.00,15,60,E
9,Vijay Singh,25.00,15,60,-0.400
9,David Toms,25.00,15,60,-0.333
12,Trevor Immelman,23.33,14,60,-0.071
12,Will MacKenzie,23.33,14,60,-0.357
12,Jeff Maggert,23.33,14,60,E
15,Stephen Ames,21.67,13,60,-0.231
15,Chris Couch,21.67,13,60,-0.077
15,Ben Curtis,21.67,13,60,E
15,Joe Durant,21.67,13,60,-0.231
19,Chad Campbell,20.00,12,60,+0.333
19,Adam Scott,20.00,12,60,-0.250
21,Stuart Appleby,18.33,11,60,-0.455
21,Davis Love III,18.33,11,60,-0.182
21,John Senden,18.33,11,60,-0.091
21,Dean Wilson,18.33,11,60,+0.455
25,J.J. Henry,16.67,10,60,E
25,Rory Sabbatini,16.67,10,60,-0.200
25,Brett Wetterich,16.67,10,60,+0.300
28,Jim Furyk,15.00,9,60,E
28,J.B. Holmes,15.00,9,60,-0.111
30,Geoff Ogilvy,13.33,8,60,-0.125
31,John Rollins,11.67,7,60,+0.143
32,Kirk Triplett,10.00,6,60,-0.500
33,Corey Pavin,6.67,4,60,+0.250
