rank,player,%,Total Drives for 300-320,Total Drives - Overall,Relative to Par
1,Dean Wilson,16.67,10,60,-0.100
2,Corey Pavin,13.33,8,60,-0.375
3,Jim Furyk,11.67,7,60,+0.143
3,Jeff Maggert,11.67,7,60,+0.143
5,Ben Curtis,10.00,6,60,+0.500
5,Joe Durant,10.00,6,60,E
5,Kirk Triplett,10.00,6,60,+0.167
8,Stephen Ames,6.67,4,60,-0.250
8,Aaron Baddeley,6.67,4,60,E
8,Chad Campbell,6.67,4,60,+0.500
8,K.J. Choi,6.67,4,60,E
8,Trevor Immelman,6.67,4,60,E
8,Rod Pampling,6.67,4,60,+0.750
8,John Rollins,6.67,4,60,+0.250
8,John Senden,6.67,4,60,+0.250
16,Chris Couch,5.00,3,60,E
16,Luke Donald,5.00,3,60,E
16,J.J. Henry,5.00,3,60,E
16,J.B. Holmes,5.00,3,60,E
16,Geoff Ogilvy,5.00,3,60,+0.333
16,Adam Scott,5.00,3,60,E
16,David Toms,5.00,3,60,E
16,D.J. Trahan,5.00,3,60,+1.000
24,Eric Axley,3.33,2,60,E
24,Carl Pettersson,3.33,2,60,+0.500
24,Rory Sabbatini,3.33,2,60,+1.000
24,Brett Wetterich,3.33,2,60,E
28,Davis Love III,1.67,1,60,E
28,Will MacKenzie,1.67,1,60,E
28,Troy Matteson,1.67,1,60,E
31,Stuart Appleby,.00,0,60,E
31,Tim Herron,.00,0,60,E
31,Vijay Singh,.00,0,60,E
