rank,player,Distance,Tournament,Round,Hole,Course
1,Brett Wetterich,437,Mercedes-Benz,1,12,656
2,J.B. Holmes,429,Mercedes-Benz,1,12,656
3,Chris Couch,428,Mercedes-Benz,2,12,656
4,Adam Scott,413,Mercedes-Benz,1,12,656
5,Carl Pettersson,409,Mercedes-Benz,1,12,656
6,Vijay Singh,408,Mercedes-Benz,1,12,656
7,Eric Axley,407,Mercedes-Benz,1,12,656
7,Geoff Ogilvy,407,Mercedes-Benz,1,12,656
9,John Rollins,404,Mercedes-Benz,3,12,656
10,Tim Herron,402,Mercedes-Benz,1,12,656
12,Troy Matteson,401,Mercedes-Benz,1,12,656
17,K.J. Choi,397,Mercedes-Benz,1,12,656
17,Will MacKenzie,397,Mercedes-Benz,1,12,656
22,Stuart Appleby,391,Mercedes-Benz,1,12,656
22,Aaron Baddeley,391,Mercedes-Benz,1,12,656
22,Davis Love III,391,Mercedes-Benz,4,12,656
33,J.J. Henry,387,Mercedes-Benz,1,12,656
33,Rory Sabbatini,387,Mercedes-Benz,1,17,656
38,Stephen Ames,385,Mercedes-Benz,1,17,656
42,Arron Oberholser,382,Mercedes-Benz,1,18,656
47,Rod Pampling,381,Mercedes-Benz,4,18,656
53,Kirk Triplett,379,Mercedes-Benz,1,12,656
57,Chad Campbell,378,Mercedes-Benz,4,17,656
67,Joe Durant,377,Mercedes-Benz,4,12,656
75,John Senden,376,Mercedes-Benz,4,12,656
88,Jim Furyk,374,Mercedes-Benz,1,12,656
88,Trevor Immelman,374,Mercedes-Benz,3,17,656
88,D.J. Trahan,374,Mercedes-Benz,3,1,656
100,Jeff Maggert,372,Mercedes-Benz,1,12,656
140,Ben Curtis,366,Mercedes-Benz,1,12,656
147,Luke Donald,365,Mercedes-Benz,2,12,656
147,David Toms,365,Mercedes-Benz,4,12,656
205,Dean Wilson,359,Mercedes-Benz,1,18,656
266,Corey Pavin,355,Mercedes-Benz,1,12,656
