rank,player,%,Total Drives for 260-280,Total Drvs - overall,Relative to par
1,Chris Couch,62.50,5,8,+0.40
1,Joe Durant,62.50,5,8,-0.60
1,Carl Pettersson,62.50,5,8,E
1,Rory Sabbatini,62.50,5,8,-0.40
1,John Senden,62.50,5,8,+0.20
6,Stuart Appleby,50.00,4,8,E
6,Chad Campbell,50.00,4,8,-0.50
6,Luke Donald,50.00,4,8,-0.25
6,J.J. Henry,50.00,4,8,+0.25
10,Eric Axley,37.50,3,8,+0.33
10,J.B. Holmes,37.50,3,8,E
10,Trevor Immelman,37.50,3,8,-0.33
10,Will MacKenzie,37.50,3,8,E
10,Troy Matteson,37.50,3,8,E
10,Geoff Ogilvy,37.50,3,8,+1.00
10,Vijay Singh,37.50,3,8,-0.33
10,D.J. Trahan,37.50,3,8,-0.67
18,Stephen Ames,25.00,2,8,E
18,Aaron Baddeley,25.00,2,8,-0.50
18,K.J. Choi,25.00,2,8,+0.50
18,Ben Curtis,25.00,2,8,+0.50
18,Jim Furyk,25.00,2,8,-0.50
18,Tim Herron,25.00,2,8,-0.50
18,Jeff Maggert,25.00,2,8,E
18,Rod Pampling,25.00,2,8,E
18,John Rollins,25.00,2,8,-0.50
18,Adam Scott,25.00,2,8,-0.50
28,Davis Love III,12.50,1,8,E
28,David Toms,12.50,1,8,-1.00
28,Brett Wetterich,12.50,1,8,+1.00
28,Dean Wilson,12.50,1,8,E
32,Corey Pavin,.00,0,8,E
32,Kirk Triplett,.00,0,8,E
