rank,player,%,Total Drives for <= 240,Total Drives - Overall,Relative to Par
1,Corey Pavin,53.33,32,60,+0.313
2,Kirk Triplett,45.00,27,60,+0.037
3,Jim Furyk,43.33,26,60,+0.038
4,Dean Wilson,36.67,22,60,+0.182
5,Rory Sabbatini,35.00,21,60,+0.143
6,Ben Curtis,33.33,20,60,+0.250
7,John Rollins,31.67,19,60,+0.211
7,David Toms,31.67,19,60,+0.158
9,Stephen Ames,30.00,18,60,-0.167
9,Jeff Maggert,30.00,18,60,+0.167
11,Stuart Appleby,26.67,16,60,+0.313
12,Chad Campbell,25.00,15,60,+0.200
12,K.J. Choi,25.00,15,60,+0.133
12,Rod Pampling,25.00,15,60,+0.067
15,Tim Herron,23.33,14,60,-0.143
15,Davis Love III,23.33,14,60,-0.143
15,Vijay Singh,23.33,14,60,E
18,Joe Durant,21.67,13,60,E
18,J.J. Henry,21.67,13,60,-0.231
18,John Senden,21.67,13,60,+0.154
21,Luke Donald,20.00,12,60,-0.167
21,Trevor Immelman,20.00,12,60,-0.083
21,Will MacKenzie,20.00,12,60,E
21,D.J. Trahan,20.00,12,60,+0.333
25,Eric Axley,18.33,11,60,+0.091
25,Chris Couch,18.33,11,60,-0.182
25,Troy Matteson,18.33,11,60,-0.091
25,Carl Pettersson,18.33,11,60,+0.273
29,Geoff Ogilvy,16.67,10,60,-0.100
29,Adam Scott,16.67,10,60,-0.100
31,Aaron Baddeley,15.00,9,60,+0.111
32,J.B. Holmes,10.00,6,60,E
33,Brett Wetterich,8.33,5,60,E
