rank,player,%,Total Drives for 300-320,Total Drvs - overall,Relative to par
1,Adam Scott,12.50,1,8,E
2,Stephen Ames,.00,0,8,E
2,Stuart Appleby,.00,0,8,E
2,Eric Axley,.00,0,8,E
2,Aaron Baddeley,.00,0,8,E
2,Chad Campbell,.00,0,8,E
2,K.J. Choi,.00,0,8,E
2,Chris Couch,.00,0,8,E
2,Ben Curtis,.00,0,8,E
2,Luke Donald,.00,0,8,E
2,Joe Durant,.00,0,8,E
2,Jim Furyk,.00,0,8,E
2,J.J. Henry,.00,0,8,E
2,Tim Herron,.00,0,8,E
2,J.B. Holmes,.00,0,8,E
2,Trevor Immelman,.00,0,8,E
2,Davis Love III,.00,0,8,E
2,Will MacKenzie,.00,0,8,E
2,Jeff Maggert,.00,0,8,E
2,Troy Matteson,.00,0,8,E
2,Geoff Ogilvy,.00,0,8,E
2,Rod Pampling,.00,0,8,E
2,Corey Pavin,.00,0,8,E
2,Carl Pettersson,.00,0,8,E
2,John Rollins,.00,0,8,E
2,Rory Sabbatini,.00,0,8,E
2,John Senden,.00,0,8,E
2,Vijay Singh,.00,0,8,E
2,David Toms,.00,0,8,E
2,D.J. Trahan,.00,0,8,E
2,Kirk Triplett,.00,0,8,E
2,Brett Wetterich,.00,0,8,E
2,Dean Wilson,.00,0,8,E
