rank,player,%,Total Drives for 280-300,Total Drvs - overall,Relative to par
1,Brett Wetterich,62.50,5,8,-0.20
2,J.B. Holmes,50.00,4,8,-0.25
3,Davis Love III,37.50,3,8,-1.00
4,Aaron Baddeley,25.00,2,8,-1.00
4,J.J. Henry,25.00,2,8,-0.50
4,Geoff Ogilvy,25.00,2,8,E
4,Adam Scott,25.00,2,8,-1.00
8,Tim Herron,12.50,1,8,-1.00
8,Trevor Immelman,12.50,1,8,E
8,Troy Matteson,12.50,1,8,-1.00
8,John Rollins,12.50,1,8,E
8,John Senden,12.50,1,8,-1.00
8,Vijay Singh,12.50,1,8,-1.00
14,Stephen Ames,.00,0,8,E
14,Stuart Appleby,.00,0,8,E
14,Eric Axley,.00,0,8,E
14,Chad Campbell,.00,0,8,E
14,K.J. Choi,.00,0,8,E
14,Chris Couch,.00,0,8,E
14,Ben Curtis,.00,0,8,E
14,Luke Donald,.00,0,8,E
14,Joe Durant,.00,0,8,E
14,Jim Furyk,.00,0,8,E
14,Will MacKenzie,.00,0,8,E
14,Jeff Maggert,.00,0,8,E
14,Rod Pampling,.00,0,8,E
14,Corey Pavin,.00,0,8,E
14,Carl Pettersson,.00,0,8,E
14,Rory Sabbatini,.00,0,8,E
14,David Toms,.00,0,8,E
14,D.J. Trahan,.00,0,8,E
14,Kirk Triplett,.00,0,8,E
14,Dean Wilson,.00,0,8,E
