rank,player,All Drives,Total Distance,# of Drives
1,J.B. Holmes,301.9,"18,116",60
2,Brett Wetterich,298.7,"17,924",60
3,Geoff Ogilvy,293.7,"17,622",60
4,Chris Couch,291.7,"17,503",60
5,Adam Scott,291.0,"17,462",60
6,J.J. Henry,288.5,"17,310",60
7,Troy Matteson,287.6,"17,253",60
8,Davis Love III,287.5,"17,251",60
9,Eric Axley,286.9,"17,212",60
10,Vijay Singh,285.8,"17,149",60
11,Will MacKenzie,285.3,"17,117",60
12,Aaron Baddeley,284.7,"17,081",60
13,Carl Pettersson,284.4,"17,065",60
14,Tim Herron,283.2,"16,990",60
15,Stuart Appleby,283.1,"16,989",60
16,Trevor Immelman,282.9,"16,976",60
17,D.J. Trahan,282.7,"16,962",60
18,Chad Campbell,281.4,"16,884",60
19,John Senden,280.8,"16,851",60
20,Rod Pampling,280.7,"16,843",60
21,K.J. Choi,280.2,"16,814",60
22,Luke Donald,280.0,"16,798",60
23,Joe Durant,279.5,"16,769",60
24,Stephen Ames,279.0,"16,739",60
24,John Rollins,279.0,"16,740",60
26,Rory Sabbatini,277.4,"16,645",60
27,David Toms,276.1,"16,568",60
28,Jeff Maggert,273.0,"16,381",60
29,Kirk Triplett,272.0,"16,320",60
30,Ben Curtis,271.5,"16,292",60
31,Dean Wilson,270.3,"16,221",60
32,Jim Furyk,269.3,"16,158",60
33,Corey Pavin,257.9,"15,473",60
