rank,player,%,Total Drives for 260-280,Total Drives - Overall,Relative to Par
1,Geoff Ogilvy,23.33,14,60,+0.143
2,Brett Wetterich,21.67,13,60,-0.231
3,Joe Durant,20.00,12,60,-0.250
3,J.B. Holmes,20.00,12,60,-0.167
3,Adam Scott,20.00,12,60,-0.333
3,John Senden,20.00,12,60,E
7,J.J. Henry,18.33,11,60,-0.091
7,Trevor Immelman,18.33,11,60,-0.182
9,Chris Couch,16.67,10,60,+0.100
10,Stuart Appleby,15.00,9,60,-0.111
10,Will MacKenzie,15.00,9,60,-0.444
10,Carl Pettersson,15.00,9,60,-0.111
10,John Rollins,15.00,9,60,-0.333
14,Chad Campbell,13.33,8,60,-0.250
14,Luke Donald,13.33,8,60,-0.125
14,Davis Love III,13.33,8,60,-0.125
17,Eric Axley,11.67,7,60,+0.286
17,Aaron Baddeley,11.67,7,60,-0.143
17,Tim Herron,11.67,7,60,-0.143
17,Troy Matteson,11.67,7,60,-0.143
17,Vijay Singh,11.67,7,60,-0.286
22,Stephen Ames,10.00,6,60,E
22,Ben Curtis,10.00,6,60,+0.167
22,Jeff Maggert,10.00,6,60,E
22,Rod Pampling,10.00,6,60,E
26,K.J. Choi,8.33,5,60,+0.400
26,Rory Sabbatini,8.33,5,60,-0.400
26,D.J. Trahan,8.33,5,60,-0.400
26,Kirk Triplett,8.33,5,60,E
26,Dean Wilson,8.33,5,60,E
31,Corey Pavin,6.67,4,60,E
32,Jim Furyk,5.00,3,60,-0.333
32,David Toms,5.00,3,60,-0.667
