rank,player,%,Total Drives for <= 240,Total Drvs - overall,Relative to par
1,Corey Pavin,75.00,6,8,+0.33
2,Ben Curtis,50.00,4,8,+0.25
2,D.J. Trahan,50.00,4,8,+0.50
4,Stuart Appleby,37.50,3,8,+0.33
4,K.J. Choi,37.50,3,8,+0.67
4,Jim Furyk,37.50,3,8,+0.33
4,David Toms,37.50,3,8,+0.33
4,Kirk Triplett,37.50,3,8,E
9,Stephen Ames,25.00,2,8,-0.50
9,Eric Axley,25.00,2,8,+1.00
9,Chad Campbell,25.00,2,8,E
9,Trevor Immelman,25.00,2,8,E
9,Will MacKenzie,25.00,2,8,-0.50
9,Rod Pampling,25.00,2,8,E
9,John Rollins,25.00,2,8,E
9,Rory Sabbatini,25.00,2,8,+1.50
9,Adam Scott,25.00,2,8,E
9,Dean Wilson,25.00,2,8,+0.50
19,Chris Couch,12.50,1,8,E
19,Luke Donald,12.50,1,8,-1.00
19,Joe Durant,12.50,1,8,E
19,J.J. Henry,12.50,1,8,E
19,Tim Herron,12.50,1,8,E
19,Davis Love III,12.50,1,8,E
19,Jeff Maggert,12.50,1,8,+1.00
19,Troy Matteson,12.50,1,8,E
19,Geoff Ogilvy,12.50,1,8,E
19,Vijay Singh,12.50,1,8,E
29,Aaron Baddeley,.00,0,8,E
29,J.B. Holmes,.00,0,8,E
29,Carl Pettersson,.00,0,8,E
29,John Senden,.00,0,8,E
29,Brett Wetterich,.00,0,8,E
