rank,player,%,Total Drives for 320+,Total Drvs - overall,Relative to par
1,Stephen Ames,.00,0,8,E
1,Stuart Appleby,.00,0,8,E
1,Eric Axley,.00,0,8,E
1,Aaron Baddeley,.00,0,8,E
1,Chad Campbell,.00,0,8,E
1,K.J. Choi,.00,0,8,E
1,Chris Couch,.00,0,8,E
1,Ben Curtis,.00,0,8,E
1,Luke Donald,.00,0,8,E
1,Joe Durant,.00,0,8,E
1,Jim Furyk,.00,0,8,E
1,J.J. Henry,.00,0,8,E
1,Tim Herron,.00,0,8,E
1,J.B. Holmes,.00,0,8,E
1,Trevor Immelman,.00,0,8,E
1,Davis Love III,.00,0,8,E
1,Will MacKenzie,.00,0,8,E
1,Jeff Maggert,.00,0,8,E
1,Troy Matteson,.00,0,8,E
1,Geoff Ogilvy,.00,0,8,E
1,Rod Pampling,.00,0,8,E
1,Corey Pavin,.00,0,8,E
1,Carl Pettersson,.00,0,8,E
1,John Rollins,.00,0,8,E
1,Rory Sabbatini,.00,0,8,E
1,Adam Scott,.00,0,8,E
1,John Senden,.00,0,8,E
1,Vijay Singh,.00,0,8,E
1,David Toms,.00,0,8,E
1,D.J. Trahan,.00,0,8,E
1,Kirk Triplett,.00,0,8,E
1,Brett Wetterich,.00,0,8,E
1,Dean Wilson,.00,0,8,E
