rank,player,Value,Total Drv Rank,GIR Rank
1,John Senden,4,3,1
2,Luke Donald,10,6,4
3,Johnson Wagner,20,16,4
4,Steve Lowery,23,1,22
4,Jesper Parnevik,23,7,16
6,Trevor Immelman,27,5,22
6,Doug LaBelle II,27,11,16
6,John Rollins,27,11,16
9,Paul Goydos,30,21,9
10,Shane Bertsch,31,27,4
10,K.J. Choi,31,30,1
10,Jeff Maggert,31,9,22
13,Jim Furyk,34,30,4
14,Cameron Beckman,37,15,22
15,Jeff Quinney,38,16,22
16,Harrison Frazar,44,2,42
17,Ryuji Imada,45,41,4
18,Heath Slocum,48,26,22
19,Robert Allenby,49,33,16
20,Boo Weekley,50,19,31
21,Jason Dufner,52,43,9
22,Tadd Fujikawa,53,52,1
22,J.J. Henry,53,11,42
24,John Daly,54,45,9
25,Jerry Kelly,55,18,37
26,David Branshaw,56,14,42
26,Craig Kanada,56,47,9
28,Pat Perez,57,41,16
29,Ken Duke,60,23,37
30,Yusaku Miyazato,61,8,53
30,Azuma Yano,61,30,31
32,Paul Azinger,62,53,9
32,Bart Bryant,62,53,9
34,Daniel Chopra,63,47,16
35,Ted Purdy,65,56,9
36,Will MacKenzie,66,35,31
36,Steve Marino,66,35,31
38,Charles Howell III,68,46,22
39,Eric Axley,69,10,59
40,Michael Putnam,71,29,42
41,Rich Beem,72,19,53
42,Vijay Singh,73,23,50
43,Kenny Perry,74,21,53
44,Glen Day,75,38,37
44,Troy Matteson,75,4,71
46,Joe Daley,77,35,42
47,Robert Garrigus,81,44,37
48,Andrew Buckle,82,60,22
49,Cliff Kresge,84,34,50
49,Bo Van Pelt,84,62,22
49,Bubba Watson,84,25,59
52,George McNeill,89,58,31
53,Briny Baird,92,50,42
54,Davis Love III,96,28,68
55,Geoff Ogilvy,97,38,59
55,Steve Stricker,97,66,31
57,Rod Pampling,98,61,37
57,Rory Sabbatini,98,56,42
59,Daisuke Maruyama,100,58,42
60,Jeff Sluman,104,51,53
61,Brian Gay,106,47,59
62,Gavin Coles,110,40,70
63,Tom Lehman,117,67,50
63,Jarrod Lyle,117,64,53
65,Nathan Green,122,63,59
66,Chad Campbell,123,64,59
67,Tim Petrovic,125,72,53
68,Kaname Yokoo,126,55,71
69,Craig Lile,127,68,59
70,David Toms,128,69,59
71,Brett Quigley,130,71,59
72,J.P. Hayes,138,70,68
