rank,player,%,Greens Hit,# Holes,Relative/Par
1,K.J. Choi,75.00,54,72,-0.26
1,Tadd Fujikawa,75.00,54,72,-0.22
1,John Senden,75.00,54,72,-0.24
4,Shane Bertsch,72.22,52,72,-0.25
4,Luke Donald,72.22,52,72,-0.37
4,Jim Furyk,72.22,52,72,-0.25
4,Ryuji Imada,72.22,52,72,-0.21
4,Johnson Wagner,72.22,52,72,-0.12
9,Paul Azinger,70.83,51,72,-0.29
9,Bart Bryant,70.83,51,72,-0.20
9,John Daly,70.83,51,72,-0.24
9,Jason Dufner,70.83,51,72,-0.27
9,Paul Goydos,70.83,51,72,-0.33
9,Craig Kanada,70.83,51,72,-0.35
9,Ted Purdy,70.83,51,72,-0.24
16,Robert Allenby,69.44,50,72,-0.30
16,Daniel Chopra,69.44,50,72,-0.24
16,Doug LaBelle II,69.44,50,72,-0.26
16,Jesper Parnevik,69.44,50,72,-0.36
16,Pat Perez,69.44,50,72,-0.34
16,John Rollins,69.44,50,72,-0.18
22,Cameron Beckman,68.06,49,72,-0.12
22,Andrew Buckle,68.06,49,72,-0.20
22,Charles Howell III,68.06,49,72,-0.43
22,Trevor Immelman,68.06,49,72,-0.18
22,Steve Lowery,68.06,49,72,-0.33
22,Jeff Maggert,68.06,49,72,-0.18
22,Jeff Quinney,68.06,49,72,-0.18
22,Heath Slocum,68.06,49,72,-0.22
22,Bo Van Pelt,68.06,49,72,-0.24
31,Will MacKenzie,66.67,48,72,-0.29
31,Steve Marino,66.67,48,72,-0.29
31,George McNeill,66.67,48,72,-0.35
31,Steve Stricker,66.67,48,72,-0.33
31,Boo Weekley,66.67,48,72,-0.33
31,Azuma Yano,66.67,48,72,-0.13
37,Glen Day,65.28,47,72,-0.17
37,Ken Duke,65.28,47,72,-0.19
37,Robert Garrigus,65.28,47,72,-0.23
37,Jerry Kelly,65.28,47,72,-0.32
37,Rod Pampling,65.28,47,72,-0.26
42,Briny Baird,63.89,46,72,-0.17
42,David Branshaw,63.89,46,72,-0.39
42,Joe Daley,63.89,46,72,-0.22
42,Harrison Frazar,63.89,46,72,-0.24
42,J.J. Henry,63.89,46,72,-0.20
42,Daisuke Maruyama,63.89,46,72,-0.30
42,Michael Putnam,63.89,46,72,-0.22
42,Rory Sabbatini,63.89,46,72,-0.30
50,Cliff Kresge,62.50,45,72,-0.27
50,Tom Lehman,62.50,45,72,-0.04
50,Vijay Singh,62.50,45,72,-0.29
53,Rich Beem,61.11,44,72,-0.27
53,Jarrod Lyle,61.11,44,72,-0.36
53,Yusaku Miyazato,61.11,44,72,-0.27
53,Kenny Perry,61.11,44,72,-0.14
53,Tim Petrovic,61.11,44,72,-0.27
53,Jeff Sluman,61.11,44,72,-0.34
59,Eric Axley,59.72,43,72,-0.33
59,Chad Campbell,59.72,43,72,-0.23
59,Brian Gay,59.72,43,72,-0.23
59,Nathan Green,59.72,43,72,-0.26
59,Craig Lile,59.72,43,72,-0.28
59,Geoff Ogilvy,59.72,43,72,-0.35
59,Brett Quigley,59.72,43,72,-0.33
59,David Toms,59.72,43,72,-0.35
59,Bubba Watson,59.72,43,72,-0.33
68,J.P. Hayes,58.33,42,72,-0.19
68,Davis Love III,58.33,42,72,-0.10
70,Gavin Coles,56.94,41,72,-0.10
71,Troy Matteson,55.56,40,72,-0.30
71,Kaname Yokoo,55.56,40,72,-0.13
