rank,player,Total,Distance Rank,Accuracy Rank
1,Joe Durant,15,8,7
1,Trevor Immelman,15,13,2
3,Chris Couch,17,10,7
4,Luke Donald,18,15,3
5,Davis Love III,19,7,12
6,Stephen Ames,21,17,4
7,Troy Matteson,23,12,11
8,Adam Scott,24,3,21
9,Rory Sabbatini,25,21,4
10,J.J. Henry,26,5,21
10,Brett Wetterich,26,1,25
12,John Senden,27,6,21
13,Stuart Appleby,28,16,12
14,Jim Furyk,30,29,1
14,J.B. Holmes,30,2,28
14,Jeff Maggert,30,23,7
17,Carl Pettersson,32,11,21
18,Geoff Ogilvy,35,4,31
19,Chad Campbell,36,24,12
19,Kirk Triplett,36,30,6
21,K.J. Choi,37,25,12
22,David Toms,38,31,7
23,Will MacKenzie,39,21,18
23,Rod Pampling,39,27,12
23,Vijay Singh,39,14,25
26,Aaron Baddeley,40,9,31
27,Ben Curtis,44,32,12
28,Tim Herron,45,17,28
29,Dean Wilson,46,28,18
30,Eric Axley,47,19,28
31,Corey Pavin,51,33,18
31,John Rollins,51,20,31
31,D.J. Trahan,51,26,25
