rank,player,Avg,Total Ball Speed,Total Attempts
1,J.B. Holmes,180.45,721.82,4
2,Brett Wetterich,179.33,358.65,2
3,Chris Couch,176.89,707.57,4
4,Davis Love III,176.54,706.18,4
5,John Senden,174.41,523.22,3
6,J.J. Henry,173.86,695.44,4
7,Aaron Baddeley,173.71,347.43,2
8,Troy Matteson,173.57,694.27,4
9,Adam Scott,173.55,694.21,4
10,Geoff Ogilvy,173.15,692.61,4
11,Stuart Appleby,171.16,684.62,4
12,Rory Sabbatini,170.46,681.84,4
13,Vijay Singh,170.20,510.59,3
14,Trevor Immelman,169.79,679.18,4
15,Chad Campbell,168.65,505.96,3
16,John Rollins,168.51,674.04,4
17,Joe Durant,168.19,504.58,3
17,Carl Pettersson,168.19,504.58,3
19,Stephen Ames,167.80,503.41,3
20,K.J. Choi,167.09,668.35,4
21,Rod Pampling,166.99,500.98,3
22,Will MacKenzie,166.92,667.70,4
23,D.J. Trahan,166.84,333.69,2
24,Tim Herron,166.67,500.00,3
25,Eric Axley,164.41,493.24,3
26,Jeff Maggert,163.31,653.23,4
27,Dean Wilson,162.06,486.17,3
28,Luke Donald,162.02,648.09,4
29,Jim Furyk,161.90,647.62,4
30,David Toms,160.32,480.96,3
31,Ben Curtis,158.29,316.58,2
32,Kirk Triplett,157.98,631.91,4
33,Corey Pavin,154.38,617.52,4
