rank,player,Avg,Total SG:OTT,Measured Rounds
1,Brett Wetterich,1.504,6.014,4
2,Troy Matteson,1.014,4.057,4
3,Chris Couch,1.003,4.010,4
4,Adam Scott,.949,3.794,4
5,J.B. Holmes,.919,3.674,4
6,Geoff Ogilvy,.813,3.253,4
7,J.J. Henry,.732,2.927,4
8,Stephen Ames,.432,1.726,4
9,Carl Pettersson,.409,1.634,4
10,Will MacKenzie,.311,1.244,4
11,K.J. Choi,.297,1.186,4
12,Eric Axley,.282,1.126,4
13,Trevor Immelman,.270,1.079,4
14,Luke Donald,.221,.884,4
15,Tim Herron,.218,.872,4
16,Vijay Singh,.216,.862,4
17,Joe Durant,.209,.836,4
18,Jim Furyk,.127,.508,4
19,David Toms,.068,.272,4
20,Davis Love III,-.030,-.120,4
21,Kirk Triplett,-.114,-.454,4
22,Jeff Maggert,-.279,-1.117,4
23,Rory Sabbatini,-.470,-1.878,4
24,Stuart Appleby,-.489,-1.955,4
25,John Senden,-.537,-2.148,4
26,Ben Curtis,-.683,-2.733,4
27,Rod Pampling,-.702,-2.809,4
28,Aaron Baddeley,-.799,-3.197,4
29,Dean Wilson,-.804,-3.214,4
30,John Rollins,-.914,-3.656,4
31,D.J. Trahan,-.999,-3.996,4
32,Chad Campbell,-1.038,-4.150,4
33,Corey Pavin,-2.344,-9.375,4
