rank,player,%,Attempts,Putts made
1,Sam Burns,100.00%,2,2
2,Will Zalatoris,62.50%,8,5
3,Nico Echavarria,50.00%,2,1
3,Chris Kirk,50.00%,4,2
3,Cameron Young,50.00%,6,3
6,Matt Fitzpatrick,33.33%,3,1
6,Chris Gotterup,33.33%,6,2
6,Max Greyserman,33.33%,6,2
6,Jhonattan Vegas,33.33%,6,2
10,Cam Davis,28.57%,7,2
10,Adam Hadwin,28.57%,7,2
10,J.T. Poston,28.57%,7,2
13,Akshay Bhatia,25.00%,4,1
13,Russell Henley,25.00%,4,1
15,Keegan Bradley,22.22%,9,2
15,Taylor Pendrith,22.22%,9,2
17,Tony Finau,20.00%,5,1
17,Hideki Matsuyama,20.00%,10,2
19,Tom Hoge,18.18%,11,2
20,Thomas Detry,16.67%,6,1
20,Sahith Theegala,16.67%,6,1
22,Wyndham Clark,14.29%,7,1
22,Austin Eckroat,14.29%,7,1
24,Christiaan Bezuidenhout,12.50%,8,1
25,Brice Garnett,11.11%,9,1
26,Matt McCarty,10.00%,10,1
27,Ludvig Åberg,.00%,3,0
27,Byeong Hun An,.00%,4,0
27,Rafael Campos,.00%,2,0
27,Patrick Cantlay,.00%,1,0
27,Eric Cole,.00%,6,0
27,Corey Conners,.00%,5,0
27,Jason Day,.00%,8,0
27,Nick Dunlap,.00%,5,0
27,Harry Hall,.00%,5,0
27,Brian Harman,.00%,3,0
27,Max Homa,.00%,4,0
27,Billy Horschel,.00%,7,0
27,Viktor Hovland,.00%,7,0
27,Sungjae Im,.00%,3,0
27,Si Woo Kim,.00%,3,0
27,Patton Kizzire,.00%,6,0
27,Jake Knapp,.00%,4,0
27,Robert MacIntyre,.00%,4,0
27,Peter Malnati,.00%,5,0
27,Denny McCarthy,.00%,9,0
27,Maverick McNealy,.00%,6,0
27,Collin Morikawa,.00%,7,0
27,Matthieu Pavon,.00%,6,0
27,Aaron Rai,.00%,1,0
27,Xander Schauffele,.00%,9,0
27,Adam Scott,.00%,5,0
27,Sepp Straka,.00%,5,0
27,Nick Taylor,.00%,6,0
27,Justin Thomas,.00%,3,0
27,Davis Thompson,.00%,7,0
27,Kevin Yu,.00%,6,0
