rank,player,%,Attempts,Putts made
1,Cam Davis,100.00%,3,3
2,Cameron Young,60.00%,5,3
3,Corey Conners,54.55%,11,6
4,Tom Hoge,44.44%,9,4
5,Austin Eckroat,40.00%,10,4
5,Viktor Hovland,40.00%,5,2
7,Davis Thompson,37.50%,8,3
8,Collin Morikawa,36.36%,11,4
9,Ludvig Åberg,33.33%,6,2
9,Keegan Bradley,33.33%,9,3
9,Nico Echavarria,33.33%,9,3
9,Kevin Yu,33.33%,6,2
13,Tony Finau,28.57%,14,4
13,Chris Gotterup,28.57%,7,2
15,Patrick Cantlay,27.27%,11,3
15,Brian Harman,27.27%,11,3
15,Max Homa,27.27%,11,3
18,Akshay Bhatia,25.00%,4,1
18,Rafael Campos,25.00%,8,2
18,Patton Kizzire,25.00%,8,2
18,Taylor Pendrith,25.00%,4,1
18,Sepp Straka,25.00%,4,1
18,Sahith Theegala,25.00%,8,2
24,Matt Fitzpatrick,23.08%,13,3
25,Byeong Hun An,20.00%,10,2
25,Christiaan Bezuidenhout,20.00%,5,1
25,Xander Schauffele,20.00%,5,1
25,Adam Scott,20.00%,5,1
25,Will Zalatoris,20.00%,5,1
30,Thomas Detry,16.67%,6,1
30,Hideki Matsuyama,16.67%,6,1
30,Denny McCarthy,16.67%,12,2
30,Justin Thomas,16.67%,6,1
34,Chris Kirk,14.29%,7,1
34,Jhonattan Vegas,14.29%,7,1
36,Brice Garnett,12.50%,8,1
36,Stephan Jaeger,12.50%,8,1
38,Harry Hall,11.11%,9,1
38,Nick Taylor,11.11%,9,1
40,Sam Burns,.00%,8,0
40,Wyndham Clark,.00%,6,0
40,Eric Cole,.00%,6,0
40,Jason Day,.00%,7,0
40,Nick Dunlap,.00%,10,0
40,Max Greyserman,.00%,4,0
40,Adam Hadwin,.00%,4,0
40,Russell Henley,.00%,4,0
40,Billy Horschel,.00%,4,0
40,Sungjae Im,.00%,5,0
40,Si Woo Kim,.00%,9,0
40,Jake Knapp,.00%,4,0
40,Robert MacIntyre,.00%,7,0
40,Peter Malnati,.00%,3,0
40,Matt McCarty,.00%,3,0
40,Maverick McNealy,.00%,2,0
40,Matthieu Pavon,.00%,6,0
40,J.T. Poston,.00%,5,0
40,Aaron Rai,.00%,6,0
