rank,player,%,Attempts,Putts made
1,Harry Hall,85.71%,7,6
2,J.T. Poston,75.00%,4,3
3,Hideki Matsuyama,66.67%,9,6
4,Matt Fitzpatrick,57.14%,7,4
5,Ludvig Åberg,55.56%,9,5
5,Patrick Cantlay,55.56%,9,5
5,Collin Morikawa,55.56%,9,5
8,Christiaan Bezuidenhout,50.00%,8,4
8,Thomas Detry,50.00%,8,4
8,Robert MacIntyre,50.00%,12,6
8,Matthieu Pavon,50.00%,8,4
8,Kevin Yu,50.00%,8,4
13,Sepp Straka,42.86%,14,6
13,Justin Thomas,42.86%,14,6
15,Akshay Bhatia,40.00%,5,2
15,Cam Davis,40.00%,10,4
15,Austin Eckroat,40.00%,10,4
15,Adam Hadwin,40.00%,10,4
19,Sam Burns,37.50%,8,3
19,Jason Day,37.50%,8,3
19,Chris Gotterup,37.50%,8,3
19,Russell Henley,37.50%,8,3
19,Nick Taylor,37.50%,8,3
19,Cameron Young,37.50%,8,3
25,Max Greyserman,36.36%,11,4
26,Rafael Campos,33.33%,9,3
26,Brice Garnett,33.33%,6,2
26,Tom Hoge,33.33%,9,3
26,Jhonattan Vegas,33.33%,9,3
30,Wyndham Clark,30.00%,10,3
31,Nick Dunlap,28.57%,14,4
31,Sahith Theegala,28.57%,7,2
31,Davis Thompson,28.57%,7,2
34,Corey Conners,27.27%,11,3
34,Jake Knapp,27.27%,11,3
34,Peter Malnati,27.27%,11,3
37,Tony Finau,25.00%,8,2
37,Matt McCarty,25.00%,8,2
37,Adam Scott,25.00%,8,2
40,Aaron Rai,23.53%,17,4
41,Will Zalatoris,22.22%,9,2
42,Denny McCarthy,21.43%,14,3
43,Byeong Hun An,18.18%,11,2
43,Keegan Bradley,18.18%,11,2
43,Sungjae Im,18.18%,11,2
43,Maverick McNealy,18.18%,11,2
47,Xander Schauffele,16.67%,12,2
48,Nico Echavarria,14.29%,14,2
48,Viktor Hovland,14.29%,7,1
48,Stephan Jaeger,14.29%,7,1
48,Patton Kizzire,14.29%,7,1
52,Si Woo Kim,11.11%,9,1
52,Chris Kirk,11.11%,9,1
52,Taylor Pendrith,11.11%,9,1
55,Eric Cole,.00%,11,0
55,Brian Harman,.00%,9,0
55,Max Homa,.00%,7,0
55,Billy Horschel,.00%,4,0
