rank,player,% Made,Attempts,Putts Made
1,Aaron Rai,30.00%,10,3
2,Corey Conners,16.67%,12,2
3,Si Woo Kim,12.50%,8,1
3,Jake Knapp,12.50%,16,2
5,Adam Hadwin,11.11%,9,1
6,Brice Garnett,10.00%,10,1
6,Harry Hall,10.00%,10,1
6,Sungjae Im,10.00%,10,1
9,Chris Kirk,9.09%,11,1
10,Russell Henley,7.69%,13,1
10,Max Homa,7.69%,13,1
10,Matt McCarty,7.69%,13,1
13,Rafael Campos,7.14%,14,1
14,Davis Thompson,6.67%,15,1
15,Chris Gotterup,6.25%,16,1
16,Ludvig Åberg,.00%,12,0
16,Byeong Hun An,.00%,9,0
16,Christiaan Bezuidenhout,.00%,15,0
16,Akshay Bhatia,.00%,11,0
16,Keegan Bradley,.00%,9,0
16,Sam Burns,.00%,12,0
16,Patrick Cantlay,.00%,9,0
16,Wyndham Clark,.00%,9,0
16,Eric Cole,.00%,9,0
16,Cam Davis,.00%,9,0
16,Jason Day,.00%,11,0
16,Thomas Detry,.00%,10,0
16,Nick Dunlap,.00%,14,0
16,Nico Echavarria,.00%,9,0
16,Austin Eckroat,.00%,9,0
16,Tony Finau,.00%,10,0
16,Matt Fitzpatrick,.00%,14,0
16,Max Greyserman,.00%,14,0
16,Brian Harman,.00%,12,0
16,Tom Hoge,.00%,12,0
16,Billy Horschel,.00%,17,0
16,Viktor Hovland,.00%,11,0
16,Stephan Jaeger,.00%,12,0
16,Patton Kizzire,.00%,10,0
16,Robert MacIntyre,.00%,17,0
16,Peter Malnati,.00%,8,0
16,Hideki Matsuyama,.00%,7,0
16,Denny McCarthy,.00%,4,0
16,Maverick McNealy,.00%,10,0
16,Collin Morikawa,.00%,10,0
16,Matthieu Pavon,.00%,10,0
16,Taylor Pendrith,.00%,10,0
16,J.T. Poston,.00%,14,0
16,Xander Schauffele,.00%,11,0
16,Adam Scott,.00%,12,0
16,Sepp Straka,.00%,10,0
16,Nick Taylor,.00%,12,0
16,Sahith Theegala,.00%,13,0
16,Justin Thomas,.00%,9,0
16,Jhonattan Vegas,.00%,10,0
16,Cameron Young,.00%,8,0
16,Kevin Yu,.00%,6,0
16,Will Zalatoris,.00%,13,0
