rank,player,% Made,Attempts,Putts Made
1,Hideki Matsuyama,42.86%,7,3
2,Sungjae Im,33.33%,3,1
3,Keegan Bradley,25.00%,4,1
3,Billy Horschel,25.00%,4,1
3,Matthieu Pavon,25.00%,4,1
3,Adam Scott,25.00%,4,1
3,Sahith Theegala,25.00%,4,1
8,Patrick Cantlay,20.00%,5,1
8,Adam Hadwin,20.00%,5,1
8,Max Homa,20.00%,5,1
8,Robert MacIntyre,20.00%,5,1
12,Jason Day,16.67%,6,1
12,Tony Finau,16.67%,6,1
12,Xander Schauffele,16.67%,6,1
15,Corey Conners,12.50%,8,1
16,Ludvig Åberg,.00%,2,0
16,Byeong Hun An,.00%,3,0
16,Christiaan Bezuidenhout,.00%,2,0
16,Akshay Bhatia,.00%,6,0
16,Sam Burns,.00%,5,0
16,Rafael Campos,.00%,5,0
16,Wyndham Clark,.00%,1,0
16,Eric Cole,.00%,3,0
16,Cam Davis,.00%,3,0
16,Thomas Detry,.00%,4,0
16,Nick Dunlap,.00%,7,0
16,Nico Echavarria,.00%,3,0
16,Austin Eckroat,.00%,3,0
16,Matt Fitzpatrick,.00%,4,0
16,Brice Garnett,.00%,4,0
16,Chris Gotterup,.00%,3,0
16,Max Greyserman,.00%,3,0
16,Harry Hall,.00%,2,0
16,Brian Harman,.00%,2,0
16,Russell Henley,.00%,4,0
16,Tom Hoge,.00%,3,0
16,Viktor Hovland,.00%,3,0
16,Stephan Jaeger,.00%,3,0
16,Si Woo Kim,.00%,1,0
16,Chris Kirk,.00%,4,0
16,Patton Kizzire,.00%,1,0
16,Peter Malnati,.00%,3,0
16,Matt McCarty,.00%,3,0
16,Maverick McNealy,.00%,8,0
16,Collin Morikawa,.00%,3,0
16,Taylor Pendrith,.00%,4,0
16,J.T. Poston,.00%,3,0
16,Aaron Rai,.00%,4,0
16,Sepp Straka,.00%,4,0
16,Nick Taylor,.00%,3,0
16,Justin Thomas,.00%,4,0
16,Davis Thompson,.00%,6,0
16,Jhonattan Vegas,.00%,2,0
16,Cameron Young,.00%,2,0
16,Kevin Yu,.00%,2,0
16,Will Zalatoris,.00%,2,0
