rank,player,% Made,Attempts,Putts Made
1,Si Woo Kim,100.00%,3,3
2,Nick Dunlap,50.00%,4,2
3,J.T. Poston,40.00%,5,2
4,Eric Cole,33.33%,3,1
4,Austin Eckroat,33.33%,3,1
4,Brian Harman,33.33%,3,1
4,Peter Malnati,33.33%,6,2
8,Keegan Bradley,25.00%,4,1
8,Maverick McNealy,25.00%,4,1
8,Collin Morikawa,25.00%,4,1
8,Adam Scott,25.00%,4,1
8,Justin Thomas,25.00%,4,1
13,Sam Burns,20.00%,5,1
13,Corey Conners,20.00%,5,1
13,Harry Hall,20.00%,5,1
13,Sungjae Im,20.00%,5,1
13,Denny McCarthy,20.00%,5,1
18,Tony Finau,16.67%,6,1
18,Chris Gotterup,16.67%,6,1
18,Jhonattan Vegas,16.67%,6,1
21,Christiaan Bezuidenhout,14.29%,7,1
21,Wyndham Clark,14.29%,7,1
21,Nico Echavarria,14.29%,7,1
21,Cameron Young,14.29%,7,1
25,Ludvig Åberg,.00%,5,0
25,Byeong Hun An,.00%,5,0
25,Akshay Bhatia,.00%,5,0
25,Rafael Campos,.00%,5,0
25,Patrick Cantlay,.00%,8,0
25,Cam Davis,.00%,5,0
25,Jason Day,.00%,5,0
25,Thomas Detry,.00%,4,0
25,Matt Fitzpatrick,.00%,2,0
25,Brice Garnett,.00%,6,0
25,Max Greyserman,.00%,5,0
25,Adam Hadwin,.00%,4,0
25,Russell Henley,.00%,7,0
25,Tom Hoge,.00%,5,0
25,Max Homa,.00%,4,0
25,Billy Horschel,.00%,3,0
25,Viktor Hovland,.00%,5,0
25,Stephan Jaeger,.00%,3,0
25,Patton Kizzire,.00%,4,0
25,Jake Knapp,.00%,7,0
25,Robert MacIntyre,.00%,5,0
25,Hideki Matsuyama,.00%,2,0
25,Matt McCarty,.00%,4,0
25,Matthieu Pavon,.00%,4,0
25,Taylor Pendrith,.00%,4,0
25,Aaron Rai,.00%,5,0
25,Xander Schauffele,.00%,3,0
25,Sepp Straka,.00%,4,0
25,Nick Taylor,.00%,3,0
25,Sahith Theegala,.00%,3,0
25,Davis Thompson,.00%,4,0
25,Kevin Yu,.00%,6,0
25,Will Zalatoris,.00%,6,0
