rank,player,%,Attempts,Putts made
1,Si Woo Kim,33.33%,12,4
2,Hideki Matsuyama,18.75%,16,3
3,Sungjae Im,16.67%,18,3
4,Corey Conners,16.00%,25,4
5,Aaron Rai,15.79%,19,3
6,Keegan Bradley,11.76%,17,2
6,Harry Hall,11.76%,17,2
6,Peter Malnati,11.76%,17,2
9,Adam Hadwin,11.11%,18,2
9,Denny McCarthy,11.11%,9,1
11,Adam Scott,10.00%,20,2
12,Tony Finau,9.09%,22,2
12,Max Homa,9.09%,22,2
12,J.T. Poston,9.09%,22,2
15,Jake Knapp,8.70%,23,2
16,Nick Dunlap,8.00%,25,2
16,Chris Gotterup,8.00%,25,2
18,Eric Cole,6.67%,15,1
18,Austin Eckroat,6.67%,15,1
18,Chris Kirk,6.67%,15,1
21,Wyndham Clark,5.88%,17,1
21,Brian Harman,5.88%,17,1
21,Collin Morikawa,5.88%,17,1
21,Justin Thomas,5.88%,17,1
21,Cameron Young,5.88%,17,1
26,Matthieu Pavon,5.56%,18,1
26,Jhonattan Vegas,5.56%,18,1
28,Nico Echavarria,5.26%,19,1
29,Brice Garnett,5.00%,20,1
29,Matt McCarty,5.00%,20,1
29,Xander Schauffele,5.00%,20,1
29,Sahith Theegala,5.00%,20,1
33,Sam Burns,4.55%,22,1
33,Patrick Cantlay,4.55%,22,1
33,Jason Day,4.55%,22,1
33,Maverick McNealy,4.55%,22,1
37,Christiaan Bezuidenhout,4.17%,24,1
37,Rafael Campos,4.17%,24,1
37,Russell Henley,4.17%,24,1
37,Billy Horschel,4.17%,24,1
41,Davis Thompson,4.00%,25,1
42,Robert MacIntyre,3.70%,27,1
43,Ludvig Åberg,.00%,19,0
43,Byeong Hun An,.00%,17,0
43,Akshay Bhatia,.00%,22,0
43,Cam Davis,.00%,17,0
43,Thomas Detry,.00%,18,0
43,Matt Fitzpatrick,.00%,20,0
43,Max Greyserman,.00%,22,0
43,Tom Hoge,.00%,20,0
43,Viktor Hovland,.00%,19,0
43,Stephan Jaeger,.00%,18,0
43,Patton Kizzire,.00%,15,0
43,Taylor Pendrith,.00%,18,0
43,Sepp Straka,.00%,18,0
43,Nick Taylor,.00%,18,0
43,Kevin Yu,.00%,14,0
43,Will Zalatoris,.00%,21,0
