rank,player,%,Greens Hit,Total Holes,Relative to par
1,Trevor Immelman,86.67,39,45,E
2,Jim Furyk,84.31,43,51,E
3,Davis Love III,83.72,36,43,+0.03
4,J.B. Holmes,82.05,32,39,-0.03
5,Kirk Triplett,81.63,40,49,E
6,Luke Donald,81.40,35,43,+0.06
6,Will MacKenzie,81.40,35,43,-0.03
8,Stephen Ames,79.17,38,48,-0.11
9,David Toms,78.72,37,47,-0.08
10,J.J. Henry,76.74,33,43,-0.03
11,John Senden,76.60,36,47,+0.03
12,Geoff Ogilvy,72.73,32,44,-0.03
13,Chris Couch,72.50,29,40,-0.07
14,Joe Durant,72.34,34,47,-0.03
15,Corey Pavin,72.22,39,54,E
16,K.J. Choi,71.74,33,46,-0.03
16,Dean Wilson,71.74,33,46,+0.06
18,Troy Matteson,71.11,32,45,-0.13
19,Adam Scott,69.77,30,43,+0.10
20,Tim Herron,69.57,32,46,E
20,Vijay Singh,69.57,32,46,-0.16
22,Rod Pampling,68.75,33,48,-0.03
23,Eric Axley,66.67,28,42,+0.04
23,D.J. Trahan,66.67,30,45,+0.03
25,Carl Pettersson,65.96,31,47,+0.13
26,Chad Campbell,63.83,30,47,+0.13
27,Jeff Maggert,63.27,31,49,+0.16
28,John Rollins,62.50,30,48,+0.13
29,Stuart Appleby,61.36,27,44,-0.07
30,Aaron Baddeley,60.47,26,43,-0.08
31,Brett Wetterich,59.46,22,37,+0.05
32,Rory Sabbatini,54.35,25,46,-0.28
33,Ben Curtis,50.00,24,48,+0.13
