rank,player,%,Greens Hit,Total Holes,Relative to par
1,K.J. Choi,94.29,33,35,-0.42
2,J.B. Holmes,92.68,38,41,-0.45
3,Stephen Ames,92.31,36,39,-0.28
4,Davis Love III,91.67,33,36,-0.52
5,Stuart Appleby,90.91,30,33,-0.40
6,Adam Scott,89.74,35,39,-0.51
7,J.J. Henry,89.19,33,37,-0.30
8,David Toms,88.89,32,36,-0.31
9,Tim Herron,88.24,30,34,-0.27
10,D.J. Trahan,87.88,29,33,-0.17
10,Kirk Triplett,87.88,29,33,-0.34
12,Corey Pavin,87.50,21,24,-0.14
13,Joe Durant,86.84,33,38,-0.27
14,Luke Donald,86.49,32,37,-0.31
14,Trevor Immelman,86.49,32,37,-0.41
16,Eric Axley,86.11,31,36,-0.26
16,Chris Couch,86.11,31,36,-0.32
18,Jim Furyk,85.71,24,28,-0.25
19,Rory Sabbatini,85.29,29,34,-0.45
20,Rod Pampling,84.38,27,32,-0.37
21,Troy Matteson,83.78,31,37,-0.19
22,Brett Wetterich,82.93,34,41,-0.32
23,Will MacKenzie,82.50,33,40,-0.48
24,Vijay Singh,82.35,28,34,-0.39
25,Chad Campbell,79.41,27,34,-0.07
26,Geoff Ogilvy,78.95,30,38,-0.30
27,Aaron Baddeley,78.38,29,37,-0.34
28,Carl Pettersson,76.32,29,38,-0.24
28,John Senden,76.32,29,38,-0.31
30,Jeff Maggert,75.00,24,32,-0.38
31,John Rollins,74.29,26,35,-0.31
32,Ben Curtis,72.41,21,29,-0.10
33,Dean Wilson,71.88,23,32,-0.26
