rank,player,%,Greens Hit,Total Holes,Relative to par
1,Stuart Appleby,100.00,4,4,E
1,Eric Axley,100.00,5,5,E
1,K.J. Choi,100.00,5,5,E
1,Joe Durant,100.00,2,2,E
1,Davis Love III,100.00,5,5,-0.40
1,Will MacKenzie,100.00,4,4,-0.25
1,Troy Matteson,100.00,4,4,-0.25
1,Carl Pettersson,100.00,3,3,E
1,Adam Scott,100.00,5,5,-0.40
1,Kirk Triplett,100.00,9,9,-0.11
11,Chris Couch,88.89,8,9,E
12,Jim Furyk,87.50,7,8,-0.14
12,J.B. Holmes,87.50,7,8,-0.29
12,Brett Wetterich,87.50,7,8,+0.14
15,Aaron Baddeley,85.71,6,7,+0.17
15,J.J. Henry,85.71,6,7,-0.50
17,Jeff Maggert,83.33,5,6,-0.40
18,Stephen Ames,75.00,3,4,-0.33
18,Chad Campbell,75.00,6,8,E
18,Luke Donald,75.00,6,8,-0.33
18,Trevor Immelman,75.00,3,4,E
18,Rod Pampling,75.00,3,4,E
18,Corey Pavin,75.00,6,8,E
18,Rory Sabbatini,75.00,3,4,-0.67
25,Tim Herron,66.67,4,6,+0.25
25,Geoff Ogilvy,66.67,4,6,-0.25
27,John Senden,62.50,5,8,-0.20
28,Ben Curtis,60.00,3,5,E
29,David Toms,57.14,4,7,-0.25
30,Dean Wilson,53.85,7,13,-0.29
31,John Rollins,50.00,2,4,-0.50
32,Vijay Singh,33.33,1,3,E
32,D.J. Trahan,33.33,1,3,E
