rank,player,%,Greens Hit,Total Holes,Relative to par
1,Jim Furyk,100.00,10,10,-0.10
1,Adam Scott,100.00,7,7,+0.14
1,John Senden,100.00,5,5,E
4,Geoff Ogilvy,90.91,10,11,-0.30
5,Chris Couch,90.00,9,10,+0.11
6,Eric Axley,88.89,8,9,+0.25
7,Davis Love III,87.50,7,8,E
8,Troy Matteson,81.82,9,11,E
9,Stephen Ames,80.00,8,10,+0.13
9,Will MacKenzie,80.00,8,10,E
9,Jeff Maggert,80.00,4,5,+0.25
12,Aaron Baddeley,77.78,7,9,+0.14
12,Chad Campbell,77.78,7,9,+0.43
12,Tim Herron,77.78,7,9,E
15,Brett Wetterich,75.00,6,8,+0.17
16,Kirk Triplett,72.73,8,11,-0.13
17,Joe Durant,71.43,5,7,E
17,J.B. Holmes,71.43,5,7,E
17,Trevor Immelman,71.43,5,7,-0.20
17,Corey Pavin,71.43,10,14,+0.20
17,Carl Pettersson,71.43,5,7,+0.20
17,D.J. Trahan,71.43,5,7,E
23,J.J. Henry,70.00,7,10,+0.29
23,Vijay Singh,70.00,7,10,-0.14
25,Stuart Appleby,66.67,6,9,+0.17
26,David Toms,63.64,7,11,-0.14
27,Luke Donald,62.50,5,8,-0.40
28,K.J. Choi,60.00,6,10,E
29,Rod Pampling,57.14,4,7,E
30,Dean Wilson,55.56,5,9,+0.20
31,Ben Curtis,45.45,5,11,+0.20
32,John Rollins,44.44,4,9,+0.25
32,Rory Sabbatini,44.44,4,9,E
