rank,player,%,Greens Hit,# of holes
1,Luke Donald,87.50,7,8
2,J.B. Holmes,83.33,15,18
3,J.J. Henry,81.25,13,16
4,Geoff Ogilvy,80.00,16,20
5,Davis Love III,78.57,11,14
6,Stephen Ames,77.78,7,9
6,Eric Axley,77.78,14,18
8,Vijay Singh,76.47,13,17
8,Brett Wetterich,76.47,13,17
10,Chris Couch,75.00,9,12
10,Joe Durant,75.00,9,12
10,Jeff Maggert,75.00,9,12
13,Will MacKenzie,73.33,11,15
14,Tim Herron,72.22,13,18
15,Trevor Immelman,71.43,5,7
16,Aaron Baddeley,70.00,14,20
17,David Toms,66.67,8,12
17,Dean Wilson,66.67,10,15
19,K.J. Choi,64.29,9,14
20,Kirk Triplett,63.64,7,11
21,Adam Scott,62.50,10,16
21,John Senden,62.50,10,16
23,Troy Matteson,61.54,8,13
24,Jim Furyk,60.00,3,5
24,John Rollins,60.00,12,20
26,Carl Pettersson,56.25,9,16
27,D.J. Trahan,52.94,9,17
28,Corey Pavin,46.67,7,15
29,Stuart Appleby,42.86,6,14
29,Rod Pampling,42.86,6,14
31,Chad Campbell,35.71,5,14
32,Rory Sabbatini,33.33,3,9
33,Ben Curtis,28.57,4,14
