rank,player,%,Greens Hit,Total Holes,Relative to par
1,Luke Donald,100.00,9,9,+0.11
1,J.J. Henry,100.00,10,10,-0.20
1,J.B. Holmes,100.00,7,7,-0.14
1,Kirk Triplett,100.00,12,12,+0.33
5,Corey Pavin,88.89,8,9,-0.13
5,John Rollins,88.89,8,9,+0.13
7,Jim Furyk,88.24,15,17,+0.07
8,Stephen Ames,85.71,6,7,E
9,Rod Pampling,84.62,11,13,+0.09
10,Trevor Immelman,80.00,8,10,E
10,Troy Matteson,80.00,8,10,-0.25
12,David Toms,77.78,7,9,-0.14
13,Davis Love III,75.00,6,8,E
13,Will MacKenzie,75.00,3,4,E
15,Aaron Baddeley,71.43,5,7,-0.20
16,Jeff Maggert,64.29,9,14,+0.33
17,K.J. Choi,63.64,7,11,+0.29
17,Chris Couch,63.64,7,11,E
17,Carl Pettersson,63.64,7,11,+0.14
20,Vijay Singh,61.54,8,13,E
21,D.J. Trahan,58.33,7,12,E
21,Dean Wilson,58.33,7,12,E
23,Tim Herron,57.14,8,14,E
24,Joe Durant,54.55,6,11,E
25,Ben Curtis,53.85,7,13,-0.14
26,Stuart Appleby,50.00,6,12,-0.17
26,John Senden,50.00,5,10,E
26,Brett Wetterich,50.00,3,6,-0.33
29,Geoff Ogilvy,44.44,4,9,E
30,Chad Campbell,41.67,5,12,E
31,Rory Sabbatini,40.00,2,5,-1.00
31,Adam Scott,40.00,4,10,-0.25
33,Eric Axley,38.46,5,13,-0.20
