rank,player,%,Greens Hit,Total Holes,Relative to par
1,K.J. Choi,100.00,20,20,-0.65
1,J.B. Holmes,100.00,23,23,-0.61
1,David Toms,100.00,18,18,-0.50
1,D.J. Trahan,100.00,20,20,-0.25
5,Adam Scott,95.83,23,24,-0.78
6,Vijay Singh,95.65,22,23,-0.50
7,J.J. Henry,95.45,21,22,-0.33
7,Troy Matteson,95.45,21,22,-0.24
9,Stuart Appleby,95.24,20,21,-0.60
9,Davis Love III,95.24,20,21,-0.65
11,Stephen Ames,95.00,19,20,-0.37
11,Luke Donald,95.00,19,20,-0.53
11,Tim Herron,95.00,19,20,-0.42
11,Rod Pampling,95.00,19,20,-0.47
15,Rory Sabbatini,94.74,18,19,-0.50
16,Kirk Triplett,92.86,13,14,-0.62
17,Jim Furyk,92.31,12,13,-0.42
18,Brett Wetterich,92.00,23,25,-0.52
19,Dean Wilson,91.67,11,12,-0.45
20,Chris Couch,90.91,20,22,-0.45
21,Aaron Baddeley,89.47,17,19,-0.59
21,John Rollins,89.47,17,19,-0.47
23,Jeff Maggert,87.50,14,16,-0.50
23,Corey Pavin,87.50,7,8,-0.43
25,Joe Durant,86.96,20,23,-0.45
26,Chad Campbell,86.67,13,15,-0.31
27,Trevor Immelman,86.36,19,22,-0.63
28,Eric Axley,84.00,21,25,-0.38
29,Will MacKenzie,83.33,20,24,-0.60
30,Ben Curtis,82.35,14,17,-0.21
31,Geoff Ogilvy,81.82,18,22,-0.50
31,Carl Pettersson,81.82,18,22,-0.50
33,John Senden,75.00,12,16,-0.58
