rank,player,%,Greens Hit,# Holes,Relative/Par
1,Luke Donald,100.0,1,1,E
1,J.B. Holmes,100.0,1,1,-1.00
1,Trevor Immelman,100.0,1,1,E
1,Corey Pavin,100.0,2,2,E
1,Kirk Triplett,100.0,1,1,E
1,Dean Wilson,100.0,2,2,E
7,John Senden,60.0,3,5,E
8,J.J. Henry,50.0,2,4,-1.00
8,Davis Love III,50.0,1,2,E
8,Jeff Maggert,50.0,2,4,+1.00
8,Rod Pampling,50.0,1,2,+1.00
8,John Rollins,50.0,3,6,E
13,Tim Herron,33.3,1,3,E
14,Stuart Appleby,.0,0,2,E
14,Chad Campbell,.0,0,1,E
14,K.J. Choi,.0,0,2,E
14,Chris Couch,.0,0,1,E
14,Ben Curtis,.0,0,2,E
14,Geoff Ogilvy,.0,0,1,E
14,Carl Pettersson,.0,0,2,E
14,Adam Scott,.0,0,1,E
14,Vijay Singh,.0,0,1,E
14,D.J. Trahan,.0,0,1,E
