rank,player,%,Greens Hit,Total Holes,Relative to par
1,Corey Pavin,100.00,8,8,E
2,Stephen Ames,93.33,14,15,-0.14
3,Trevor Immelman,90.91,10,11,-0.10
3,David Toms,90.91,10,11,E
5,Tim Herron,87.50,7,8,-0.14
6,John Senden,85.71,12,14,-0.08
7,Joe Durant,84.62,11,13,E
8,Eric Axley,83.33,5,6,E
9,K.J. Choi,80.00,8,10,-0.13
9,J.B. Holmes,80.00,8,10,-0.13
9,Davis Love III,80.00,8,10,-0.25
9,Geoff Ogilvy,80.00,8,10,+0.13
9,D.J. Trahan,80.00,8,10,E
14,Luke Donald,77.78,7,9,+0.29
15,Stuart Appleby,75.00,6,8,E
15,J.J. Henry,75.00,6,8,E
15,Will MacKenzie,75.00,9,12,-0.33
18,Chad Campbell,72.73,8,11,+0.25
18,Rory Sabbatini,72.73,8,11,-0.25
20,Jim Furyk,71.43,5,7,E
20,Dean Wilson,71.43,5,7,+0.20
22,Adam Scott,70.00,7,10,+0.29
22,Kirk Triplett,70.00,7,10,-0.14
24,Rod Pampling,62.50,5,8,-0.20
24,Vijay Singh,62.50,5,8,E
26,Carl Pettersson,61.54,8,13,+0.25
27,Chris Couch,60.00,3,5,-0.33
28,John Rollins,58.33,7,12,+0.14
29,Ben Curtis,57.14,4,7,+0.25
30,Aaron Baddeley,54.55,6,11,-0.17
30,Troy Matteson,54.55,6,11,E
32,Jeff Maggert,50.00,5,10,E
32,Brett Wetterich,50.00,4,8,E
