rank,player,%,Total Hit,Total Attempts,RTP Score
1,Trevor Immelman,87.50,63,72,-12.00
1,Davis Love III,87.50,63,72,-14.00
3,Stephen Ames,86.11,62,72,-11.00
3,Luke Donald,86.11,62,72,-11.00
3,Jim Furyk,86.11,62,72,-6.00
3,J.B. Holmes,86.11,62,72,-17.00
3,Will MacKenzie,86.11,62,72,-14.00
3,Troy Matteson,86.11,62,72,-9.00
3,Kirk Triplett,86.11,62,72,-9.00
10,David Toms,84.72,61,72,-13.00
11,J.J. Henry,83.33,60,72,-11.00
11,Adam Scott,83.33,60,72,-17.00
13,Chris Couch,81.94,59,72,-11.00
13,Joe Durant,81.94,59,72,-9.00
15,Eric Axley,80.56,58,72,-6.00
15,K.J. Choi,80.56,58,72,-14.00
17,Rod Pampling,79.17,57,72,-10.00
17,Vijay Singh,79.17,57,72,-16.00
19,Tim Herron,77.78,56,72,-7.00
19,Geoff Ogilvy,77.78,56,72,-11.00
19,Dean Wilson,77.78,56,72,-4.00
22,Carl Pettersson,76.39,55,72,-6.00
22,D.J. Trahan,76.39,55,72,-4.00
24,Stuart Appleby,73.61,53,72,-14.00
24,Jeff Maggert,73.61,53,72,-2.00
24,Corey Pavin,73.61,53,72,-3.00
24,John Senden,73.61,53,72,-7.00
24,Brett Wetterich,73.61,53,72,-11.00
29,Chad Campbell,72.22,52,72,-1.00
30,Aaron Baddeley,70.83,51,72,-10.00
31,John Rollins,69.44,50,72,-6.00
31,Rory Sabbatini,69.44,50,72,-17.00
33,Ben Curtis,62.50,45,72,-1.00
