rank,player,%,Greens Hit,Total Holes,Relative to par
1,K.J. Choi,100.00,25,25,-0.52
2,J.B. Holmes,96.77,30,31,-0.53
3,Adam Scott,96.55,28,29,-0.71
4,Davis Love III,96.15,25,26,-0.60
4,Troy Matteson,96.15,25,26,-0.24
6,Stuart Appleby,96.00,24,25,-0.50
7,Kirk Triplett,95.65,22,23,-0.41
8,J.J. Henry,93.10,27,29,-0.37
9,Stephen Ames,91.67,22,24,-0.36
9,Rod Pampling,91.67,22,24,-0.41
11,Rory Sabbatini,91.30,21,23,-0.52
11,D.J. Trahan,91.30,21,23,-0.24
13,Brett Wetterich,90.91,30,33,-0.37
14,Jim Furyk,90.48,19,21,-0.32
15,Chris Couch,90.32,28,31,-0.32
16,Luke Donald,89.29,25,28,-0.48
17,Aaron Baddeley,88.46,23,26,-0.39
17,Tim Herron,88.46,23,26,-0.30
17,Vijay Singh,88.46,23,26,-0.48
20,Joe Durant,88.00,22,25,-0.41
20,David Toms,88.00,22,25,-0.45
22,Eric Axley,86.67,26,30,-0.31
23,Jeff Maggert,86.36,19,22,-0.47
24,Will MacKenzie,85.71,24,28,-0.54
25,Trevor Immelman,84.62,22,26,-0.55
26,Carl Pettersson,84.00,21,25,-0.43
27,Chad Campbell,82.61,19,23,-0.21
27,John Rollins,82.61,19,23,-0.47
29,Corey Pavin,81.25,13,16,-0.23
30,Geoff Ogilvy,78.57,22,28,-0.45
31,Ben Curtis,77.27,17,22,-0.18
32,Dean Wilson,72.00,18,25,-0.39
33,John Senden,70.83,17,24,-0.47
