rank,player,%,Greens Hit,Total Holes,Relative to par
1,Dean Wilson,92.86,13,14,E
2,Trevor Immelman,90.91,10,11,+0.40
3,Will MacKenzie,88.89,8,9,-0.13
4,J.J. Henry,85.71,6,7,-0.17
5,John Senden,83.33,10,12,+0.20
6,Luke Donald,81.82,9,11,E
6,J.B. Holmes,81.82,9,11,+0.11
8,Davis Love III,80.00,8,10,+0.25
8,Geoff Ogilvy,80.00,8,10,+0.13
8,David Toms,80.00,8,10,+0.25
11,Adam Scott,75.00,6,8,E
11,Kirk Triplett,75.00,9,12,-0.11
13,K.J. Choi,71.43,5,7,-0.20
13,Jim Furyk,71.43,10,14,E
13,Vijay Singh,71.43,5,7,-0.60
16,Eric Axley,70.00,7,10,E
16,Rod Pampling,70.00,7,10,-0.14
16,D.J. Trahan,70.00,7,10,+0.14
19,Joe Durant,69.23,9,13,-0.11
20,Jeff Maggert,66.67,8,12,E
20,Carl Pettersson,66.67,6,9,E
22,Stephen Ames,63.64,7,11,-0.14
23,Troy Matteson,60.00,3,5,-0.67
24,Ben Curtis,54.55,6,11,+0.33
25,Corey Pavin,53.33,8,15,E
26,Stuart Appleby,50.00,4,8,-0.25
26,Chris Couch,50.00,3,6,+0.33
28,John Rollins,45.45,5,11,E
28,Rory Sabbatini,45.45,5,11,-0.60
30,Tim Herron,42.86,3,7,+0.33
31,Aaron Baddeley,37.50,3,8,E
31,Chad Campbell,37.50,3,8,E
33,Brett Wetterich,28.57,2,7,E
