rank,player,%,Greens Hit,# of Holes
1,Adam Scott,90.91,40,44
2,Kirk Triplett,89.80,44,49
3,K.J. Choi,89.13,41,46
4,J.J. Henry,88.64,39,44
5,Stephen Ames,88.24,45,51
6,J.B. Holmes,88.10,37,42
7,Jim Furyk,87.27,48,55
8,Davis Love III,86.96,40,46
9,Trevor Immelman,86.79,46,53
10,Will MacKenzie,86.67,39,45
11,Luke Donald,86.54,45,52
12,D.J. Trahan,86.05,37,43
13,Tim Herron,85.71,36,42
14,David Toms,85.42,41,48
15,Troy Matteson,85.11,40,47
16,Rod Pampling,84.78,39,46
17,Corey Pavin,84.44,38,45
18,Chris Couch,83.33,40,48
19,Stuart Appleby,82.61,38,46
20,Joe Durant,79.17,38,48
21,Brett Wetterich,79.07,34,43
22,Dean Wilson,77.78,35,45
23,Geoff Ogilvy,77.50,31,40
24,Carl Pettersson,77.27,34,44
24,John Senden,77.27,34,44
26,Vijay Singh,76.74,33,43
27,Eric Axley,76.19,32,42
28,Chad Campbell,76.09,35,46
29,John Rollins,75.00,30,40
30,Rory Sabbatini,72.55,37,51
31,Ben Curtis,69.57,32,46
32,Jeff Maggert,68.75,33,48
33,Aaron Baddeley,67.50,27,40
