rank,player,Avg,Total Strokes,Total Holes
1,Matt Jones,3.61,159,44
1,Cameron Smith,3.61,159,44
3,Justin Thomas,3.66,161,44
4,Jon Rahm,3.68,162,44
5,Hideki Matsuyama,3.70,163,44
6,Daniel Berger,3.75,165,44
6,Patrick Cantlay,3.75,165,44
6,Garrick Higgo,3.75,165,44
6,Collin Morikawa,3.75,165,44
10,Sam Burns,3.77,166,44
10,Talor Gooch,3.77,166,44
10,Kevin Na,3.77,166,44
13,Stewart Cink,3.80,167,44
13,Joel Dahmen,3.80,167,44
13,Cam Davis,3.80,167,44
13,Tony Finau,3.80,167,44
13,Sungjae Im,3.80,167,44
18,Kevin Kisner,3.82,168,44
18,Marc Leishman,3.82,168,44
18,Patrick Reed,3.82,168,44
18,Jordan Spieth,3.82,168,44
22,Branden Grace,3.84,169,44
22,Billy Horschel,3.84,169,44
22,K.H. Lee,3.84,169,44
22,Seamus Power,3.84,169,44
22,Xander Schauffele,3.84,169,44
27,Bryson DeChambeau,3.86,170,44
28,Si Woo Kim,3.89,171,44
28,Phil Mickelson,3.89,171,44
30,Harris English,3.91,172,44
30,Max Homa,3.91,172,44
30,Brooks Koepka,3.91,172,44
33,Abraham Ancer,3.93,173,44
33,Lucas Glover,3.93,173,44
33,Viktor Hovland,3.93,173,44
33,Jason Kokrak,3.93,173,44
33,Erik van Rooyen,3.93,173,44
38,Lucas Herbert,4.07,179,44
