rank,player,Status,Par 5 Avg,Total Par
1,Cameron Smith,-17,3.94,80
2,Matt Jones,-15,4.06,80
2,Jon Rahm,-15,4.06,80
4,Cam Davis,-14,4.13,80
4,Sungjae Im,-14,4.13,80
4,Marc Leishman,-14,4.13,80
4,Seamus Power,-14,4.13,80
8,Daniel Berger,-13,4.19,80
8,Tony Finau,-13,4.19,80
8,Max Homa,-13,4.19,80
8,Xander Schauffele,-13,4.19,80
12,Patrick Cantlay,-12,4.25,80
12,Bryson DeChambeau,-12,4.25,80
12,Kevin Kisner,-12,4.25,80
12,Collin Morikawa,-12,4.25,80
12,Erik van Rooyen,-12,4.25,80
17,Talor Gooch,-11,4.31,80
17,Lucas Herbert,-11,4.31,80
17,Si Woo Kim,-11,4.31,80
17,Kevin Na,-11,4.31,80
17,Patrick Reed,-11,4.31,80
22,Sam Burns,-10,4.38,80
22,Harris English,-10,4.38,80
22,Viktor Hovland,-10,4.38,80
22,Justin Thomas,-10,4.38,80
26,Stewart Cink,-9,4.44,80
26,Billy Horschel,-9,4.44,80
26,Brooks Koepka,-9,4.44,80
26,Hideki Matsuyama,-9,4.44,80
26,Phil Mickelson,-9,4.44,80
26,Jordan Spieth,-9,4.44,80
32,Abraham Ancer,-8,4.50,80
32,Joel Dahmen,-8,4.50,80
32,Lucas Glover,-8,4.50,80
35,Branden Grace,-7,4.56,80
36,Jason Kokrak,-6,4.63,80
36,K.H. Lee,-6,4.63,80
38,Garrick Higgo,-5,4.69,80
