rank,player,%,Par 4 Birdies or Better,Par 4 Holes
1,Cameron Smith,40.91,18,44
1,Justin Thomas,40.91,18,44
3,Matt Jones,34.09,15,44
3,Collin Morikawa,34.09,15,44
3,Jon Rahm,34.09,15,44
6,Garrick Higgo,31.82,14,44
6,Hideki Matsuyama,31.82,14,44
8,Daniel Berger,29.55,13,44
8,Patrick Cantlay,29.55,13,44
8,Joel Dahmen,29.55,13,44
8,Patrick Reed,29.55,13,44
8,Xander Schauffele,29.55,13,44
13,Sam Burns,27.27,12,44
13,Cam Davis,27.27,12,44
13,Bryson DeChambeau,27.27,12,44
13,Tony Finau,27.27,12,44
13,Branden Grace,27.27,12,44
13,Sungjae Im,27.27,12,44
13,Kevin Kisner,27.27,12,44
13,Brooks Koepka,27.27,12,44
21,Stewart Cink,25.00,11,44
21,Lucas Glover,25.00,11,44
21,Talor Gooch,25.00,11,44
21,Billy Horschel,25.00,11,44
21,Viktor Hovland,25.00,11,44
21,Marc Leishman,25.00,11,44
21,Phil Mickelson,25.00,11,44
21,Kevin Na,25.00,11,44
29,Abraham Ancer,20.45,9,44
29,Max Homa,20.45,9,44
29,Si Woo Kim,20.45,9,44
29,Jason Kokrak,20.45,9,44
29,Jordan Spieth,20.45,9,44
34,Harris English,18.18,8,44
34,Lucas Herbert,18.18,8,44
34,K.H. Lee,18.18,8,44
34,Seamus Power,18.18,8,44
38,Erik van Rooyen,15.91,7,44
