rank,player,Status,Par 3 Avg,Total Par
1,Kevin Kisner,-4,2.67,36
1,Jon Rahm,-4,2.67,36
3,Patrick Cantlay,-3,2.75,36
3,Max Homa,-3,2.75,36
5,Brooks Koepka,-2,2.83,36
5,Collin Morikawa,-2,2.83,36
5,Xander Schauffele,-2,2.83,36
8,Daniel Berger,-1,2.92,36
8,Billy Horschel,-1,2.92,36
8,Viktor Hovland,-1,2.92,36
8,Sungjae Im,-1,2.92,36
8,Si Woo Kim,-1,2.92,36
8,Marc Leishman,-1,2.92,36
8,Patrick Reed,-1,2.92,36
8,Jordan Spieth,-1,2.92,36
8,Erik van Rooyen,-1,2.92,36
17,Stewart Cink,E,3.00,36
17,Cam Davis,E,3.00,36
17,Harris English,E,3.00,36
17,Lucas Herbert,E,3.00,36
17,Garrick Higgo,E,3.00,36
17,Matt Jones,E,3.00,36
17,K.H. Lee,E,3.00,36
17,Phil Mickelson,E,3.00,36
17,Kevin Na,E,3.00,36
17,Cameron Smith,E,3.00,36
17,Justin Thomas,E,3.00,36
28,Abraham Ancer,+1,3.08,36
28,Sam Burns,+1,3.08,36
28,Lucas Glover,+1,3.08,36
28,Talor Gooch,+1,3.08,36
28,Branden Grace,+1,3.08,36
28,Hideki Matsuyama,+1,3.08,36
28,Seamus Power,+1,3.08,36
35,Joel Dahmen,+2,3.17,36
35,Bryson DeChambeau,+2,3.17,36
35,Jason Kokrak,+2,3.17,36
38,Tony Finau,+3,3.25,36
