rank,player,Total,Total Par 5 Holes,Total Hole outs
1,Cameron Smith,3,16,1
2,Cam Davis,2,16,0
2,Talor Gooch,2,16,0
2,Sungjae Im,2,16,1
2,Matt Jones,2,16,0
2,Collin Morikawa,2,16,0
2,Seamus Power,2,16,0
2,Xander Schauffele,2,16,1
2,Justin Thomas,2,16,0
10,Daniel Berger,1,16,0
10,Patrick Cantlay,1,16,0
10,Bryson DeChambeau,1,16,0
10,Garrick Higgo,1,16,0
10,Max Homa,1,16,0
10,Billy Horschel,1,16,0
10,Viktor Hovland,1,16,0
10,Jason Kokrak,1,16,0
10,Hideki Matsuyama,1,16,0
10,Kevin Na,1,16,0
10,Jon Rahm,1,16,0
