rank,player,Status,Par 4 Avg,Total Par
1,Matt Jones,-17,3.61,176
1,Cameron Smith,-17,3.61,176
3,Justin Thomas,-15,3.66,176
4,Jon Rahm,-14,3.68,176
5,Hideki Matsuyama,-13,3.70,176
6,Daniel Berger,-11,3.75,176
6,Patrick Cantlay,-11,3.75,176
6,Garrick Higgo,-11,3.75,176
6,Collin Morikawa,-11,3.75,176
10,Sam Burns,-10,3.77,176
10,Talor Gooch,-10,3.77,176
10,Kevin Na,-10,3.77,176
13,Stewart Cink,-9,3.80,176
13,Joel Dahmen,-9,3.80,176
13,Cam Davis,-9,3.80,176
13,Tony Finau,-9,3.80,176
13,Sungjae Im,-9,3.80,176
18,Kevin Kisner,-8,3.82,176
18,Marc Leishman,-8,3.82,176
18,Patrick Reed,-8,3.82,176
18,Jordan Spieth,-8,3.82,176
22,Branden Grace,-7,3.84,176
22,Billy Horschel,-7,3.84,176
22,K.H. Lee,-7,3.84,176
22,Seamus Power,-7,3.84,176
22,Xander Schauffele,-7,3.84,176
27,Bryson DeChambeau,-6,3.86,176
28,Si Woo Kim,-5,3.89,176
28,Phil Mickelson,-5,3.89,176
30,Harris English,-4,3.91,176
30,Max Homa,-4,3.91,176
30,Brooks Koepka,-4,3.91,176
33,Abraham Ancer,-3,3.93,176
33,Lucas Glover,-3,3.93,176
33,Viktor Hovland,-3,3.93,176
33,Jason Kokrak,-3,3.93,176
33,Erik van Rooyen,-3,3.93,176
38,Lucas Herbert,+3,4.07,176
