rank,player,%,Par 5 Birdies or Better,Par 5 Holes
1,Marc Leishman,87.50,14,16
1,Jon Rahm,87.50,14,16
1,Cameron Smith,87.50,14,16
4,Daniel Berger,81.25,13,16
4,Cam Davis,81.25,13,16
4,Tony Finau,81.25,13,16
4,Lucas Herbert,81.25,13,16
4,Matt Jones,81.25,13,16
4,Seamus Power,81.25,13,16
10,Max Homa,75.00,12,16
10,Sungjae Im,75.00,12,16
10,Kevin Kisner,75.00,12,16
10,Patrick Reed,75.00,12,16
10,Jordan Spieth,75.00,12,16
10,Justin Thomas,75.00,12,16
10,Erik van Rooyen,75.00,12,16
17,Patrick Cantlay,68.75,11,16
17,Bryson DeChambeau,68.75,11,16
17,Harris English,68.75,11,16
17,Si Woo Kim,68.75,11,16
17,Collin Morikawa,68.75,11,16
17,Xander Schauffele,68.75,11,16
23,Abraham Ancer,62.50,10,16
23,Sam Burns,62.50,10,16
23,Talor Gooch,62.50,10,16
23,Viktor Hovland,62.50,10,16
23,Brooks Koepka,62.50,10,16
23,Phil Mickelson,62.50,10,16
23,Kevin Na,62.50,10,16
30,Stewart Cink,56.25,9,16
30,Joel Dahmen,56.25,9,16
30,Lucas Glover,56.25,9,16
30,K.H. Lee,56.25,9,16
30,Hideki Matsuyama,56.25,9,16
35,Branden Grace,50.00,8,16
35,Garrick Higgo,50.00,8,16
35,Billy Horschel,50.00,8,16
38,Jason Kokrak,43.75,7,16
