rank,player,Avg,Total Strokes,Total Holes
1,Kevin Kisner,2.67,32,12
1,Jon Rahm,2.67,32,12
3,Patrick Cantlay,2.75,33,12
3,Max Homa,2.75,33,12
5,Brooks Koepka,2.83,34,12
5,Collin Morikawa,2.83,34,12
5,Xander Schauffele,2.83,34,12
8,Daniel Berger,2.92,35,12
8,Billy Horschel,2.92,35,12
8,Viktor Hovland,2.92,35,12
8,Sungjae Im,2.92,35,12
8,Si Woo Kim,2.92,35,12
8,Marc Leishman,2.92,35,12
8,Patrick Reed,2.92,35,12
8,Jordan Spieth,2.92,35,12
8,Erik van Rooyen,2.92,35,12
17,Stewart Cink,3.00,36,12
17,Cam Davis,3.00,36,12
17,Harris English,3.00,36,12
17,Lucas Herbert,3.00,36,12
17,Garrick Higgo,3.00,36,12
17,Matt Jones,3.00,36,12
17,K.H. Lee,3.00,36,12
17,Phil Mickelson,3.00,36,12
17,Kevin Na,3.00,36,12
17,Cameron Smith,3.00,36,12
17,Justin Thomas,3.00,36,12
28,Abraham Ancer,3.08,37,12
28,Sam Burns,3.08,37,12
28,Lucas Glover,3.08,37,12
28,Talor Gooch,3.08,37,12
28,Branden Grace,3.08,37,12
28,Hideki Matsuyama,3.08,37,12
28,Seamus Power,3.08,37,12
35,Joel Dahmen,3.17,38,12
35,Bryson DeChambeau,3.17,38,12
35,Jason Kokrak,3.17,38,12
38,Tony Finau,3.25,39,12
