rank,player,%,Par 3 Birdies or Better,Par 3 Holes
1,Kevin Kisner,33.33,4,12
1,Jon Rahm,33.33,4,12
3,Patrick Cantlay,25.00,3,12
3,Max Homa,25.00,3,12
3,K.H. Lee,25.00,3,12
3,Collin Morikawa,25.00,3,12
3,Xander Schauffele,25.00,3,12
3,Erik van Rooyen,25.00,3,12
9,Joel Dahmen,16.67,2,12
9,Branden Grace,16.67,2,12
9,Garrick Higgo,16.67,2,12
9,Viktor Hovland,16.67,2,12
9,Matt Jones,16.67,2,12
9,Si Woo Kim,16.67,2,12
9,Brooks Koepka,16.67,2,12
9,Marc Leishman,16.67,2,12
9,Kevin Na,16.67,2,12
9,Patrick Reed,16.67,2,12
9,Cameron Smith,16.67,2,12
20,Abraham Ancer,8.33,1,12
20,Daniel Berger,8.33,1,12
20,Stewart Cink,8.33,1,12
20,Cam Davis,8.33,1,12
20,Bryson DeChambeau,8.33,1,12
20,Harris English,8.33,1,12
20,Tony Finau,8.33,1,12
20,Lucas Herbert,8.33,1,12
20,Billy Horschel,8.33,1,12
20,Sungjae Im,8.33,1,12
20,Jason Kokrak,8.33,1,12
20,Phil Mickelson,8.33,1,12
20,Seamus Power,8.33,1,12
20,Jordan Spieth,8.33,1,12
20,Justin Thomas,8.33,1,12
35,Sam Burns,.00,0,12
35,Lucas Glover,.00,0,12
35,Talor Gooch,.00,0,12
35,Hideki Matsuyama,.00,0,12
