rank,player,Value,Total Drv Rank,GIR Rank
1,Rickie Fowler,4,1,3
2,Hudson Swafford,5,2,3
3,Daniel Berger,10,7,3
4,Dustin Johnson,12,4,8
5,Pat Perez,13,5,8
6,Brian Harman,14,13,1
7,Jordan Spieth,18,17,1
8,Jason Dufner,22,9,13
8,Justin Thomas,22,9,13
10,Billy Horschel,25,22,3
10,Marc Leishman,25,17,8
12,Ryan Armour,26,13,13
12,Bryson DeChambeau,26,7,19
14,Kevin Chappell,28,5,23
14,Brendan Steele,28,2,26
16,Austin Cook,30,27,3
16,Patton Kizzire,30,11,19
16,Jon Rahm,30,13,17
19,Russell Henley,31,12,19
20,Cameron Smith,32,24,8
21,Si Woo Kim,33,16,17
22,Hideki Matsuyama,36,28,8
23,Grayson Murray,42,17,25
23,Kyle Stanley,42,29,13
25,Jhonattan Vegas,43,24,19
26,Kevin Kisner,46,20,26
27,Adam Hadwin,51,22,29
28,Patrick Cantlay,52,29,23
29,Xander Schauffele,54,20,34
30,Brooks Koepka,56,24,32
31,D.A. Points,57,31,26
32,Chris Stroud,62,32,30
33,Jonas Blixt,64,32,32
33,Wesley Bryan,64,34,30
