rank,player,%,Greens Hit,# Holes,Relative/Par
1,Brian Harman,81.94,59,72,-0.29
1,Jordan Spieth,81.94,59,72,-0.29
3,Daniel Berger,79.17,57,72,-0.32
3,Austin Cook,79.17,57,72,-0.25
3,Rickie Fowler,79.17,57,72,-0.32
3,Billy Horschel,79.17,57,72,-0.28
3,Hudson Swafford,79.17,57,72,-0.19
8,Dustin Johnson,77.78,56,72,-0.52
8,Marc Leishman,77.78,56,72,-0.32
8,Hideki Matsuyama,77.78,56,72,-0.36
8,Pat Perez,77.78,56,72,-0.38
8,Cameron Smith,77.78,56,72,-0.27
13,Ryan Armour,76.39,55,72,-0.25
13,Jason Dufner,76.39,55,72,-0.31
13,Kyle Stanley,76.39,55,72,-0.18
13,Justin Thomas,76.39,55,72,-0.33
17,Si Woo Kim,75.00,54,72,-0.30
17,Jon Rahm,75.00,54,72,-0.37
19,Bryson DeChambeau,73.61,53,72,-0.30
19,Russell Henley,73.61,53,72,-0.34
19,Patton Kizzire,73.61,53,72,-0.28
19,Jhonattan Vegas,73.61,53,72,-0.40
23,Patrick Cantlay,72.22,52,72,-0.33
23,Kevin Chappell,72.22,52,72,-0.25
25,Grayson Murray,70.83,51,72,-0.25
26,Kevin Kisner,69.44,50,72,-0.40
26,D.A. Points,69.44,50,72,-0.10
26,Brendan Steele,69.44,50,72,-0.24
29,Adam Hadwin,68.06,49,72,-0.20
30,Wesley Bryan,66.67,48,72,-0.38
30,Chris Stroud,66.67,48,72,-0.38
32,Jonas Blixt,61.11,44,72,-0.36
32,Brooks Koepka,61.11,44,72,-0.11
34,Xander Schauffele,59.72,43,72,-0.30
