rank,player,Value,Attempts(<= 5'),Tot Made (>=20'),Tot Made (<= 5')
1,Harris English,108.00,50,4,50
2,Michael Thompson,106.25,48,4,47
3,Brendon Todd,105.56,54,3,54
4,Stewart Cink,105.45,55,4,54
5,Tony Finau,105.36,56,4,55
6,Hudson Swafford,103.92,51,3,50
7,Martin Laird,103.85,52,3,51
8,Sebastián Muñoz,103.45,58,3,57
9,Abraham Ancer,102.04,49,2,48
10,Billy Horschel,101.82,55,2,54
10,Jason Kokrak,101.82,55,2,54
12,Kevin Kisner,101.79,56,2,55
12,Robert Streb,101.79,56,1,56
14,Patrick Cantlay,101.75,57,3,55
15,Andrew Landry,101.72,58,1,58
15,Scottie Scheffler,101.72,58,1,58
15,Webb Simpson,101.72,58,2,57
18,Justin Thomas,101.69,59,2,58
19,Viktor Hovland,101.67,60,2,59
19,Jon Rahm,101.67,60,1,60
21,Cameron Champ,100.00,61,0,61
21,Lanto Griffin,100.00,49,1,48
21,Sungjae Im,100.00,59,1,58
21,Joaquin Niemann,100.00,56,0,56
21,Carlos Ortiz,100.00,60,1,59
21,Ryan Palmer,100.00,56,1,55
21,Patrick Reed,100.00,53,0,53
21,Xander Schauffele,100.00,57,1,56
21,Nick Taylor,100.00,56,0,56
30,Daniel Berger,98.33,60,1,58
30,Richy Werenski,98.33,60,1,58
32,Kevin Na,98.21,56,0,55
33,Brian Gay,98.15,54,1,52
34,Mackenzie Hughes,96.92,65,1,62
34,Dustin Johnson,96.92,65,0,63
36,Hideki Matsuyama,96.83,63,1,60
37,Sergio Garcia,96.77,62,2,58
38,Marc Leishman,96.72,61,0,59
39,Adam Scott,96.61,59,0,57
40,Bryson DeChambeau,96.55,58,1,55
40,Cameron Smith,96.55,58,1,55
42,Collin Morikawa,94.64,56,0,53
