rank,player,Total
1,Patrick Reed,16.1
2,Harris English,18.3
3,Lanto Griffin,19.3
4,Kevin Kisner,24.7
5,Nick Taylor,25.3
6,Abraham Ancer,25.9
7,Hudson Swafford,29.7
8,Brendon Todd,30.0
9,Martin Laird,32.9
10,Michael Thompson,33.7
11,Ryan Palmer,34.0
12,Scottie Scheffler,34.3
13,Kevin Na,36.6
14,Robert Streb,36.7
15,Joaquin Niemann,36.8
15,Webb Simpson,36.8
17,Sungjae Im,37.5
18,Jon Rahm,37.8
19,Cameron Champ,41.3
20,Carlos Ortiz,41.6
21,Xander Schauffele,42.5
22,Brian Gay,43.6
23,Tony Finau,44.3
24,Dustin Johnson,44.8
25,Patrick Cantlay,46.3
26,Andrew Landry,47.7
27,Cameron Smith,48.8
28,Bryson DeChambeau,49.3
28,Viktor Hovland,49.3
28,Jason Kokrak,49.3
31,Daniel Berger,51.1
32,Stewart Cink,51.8
33,Billy Horschel,53.3
34,Justin Thomas,54.5
35,Collin Morikawa,55.4
35,Sebastián Muñoz,55.4
37,Adam Scott,56.9
38,Richy Werenski,60.8
39,Hideki Matsuyama,63.1
40,Marc Leishman,64.1
41,Mackenzie Hughes,67.3
42,Sergio Garcia,73.5
