rank,player,Avg,# of Putts,# of Holes
1,Abraham Ancer,1.514,109,72
2,Brendon Todd,1.528,110,72
3,Joaquin Niemann,1.556,112,72
3,Michael Thompson,1.556,112,72
5,Harris English,1.569,113,72
5,Kevin Kisner,1.569,113,72
5,Scottie Scheffler,1.569,113,72
5,Cameron Smith,1.569,113,72
9,Ryan Palmer,1.583,114,72
9,Patrick Reed,1.583,114,72
9,Nick Taylor,1.583,114,72
9,Justin Thomas,1.583,114,72
13,Patrick Cantlay,1.597,115,72
13,Stewart Cink,1.597,115,72
13,Brian Gay,1.597,115,72
13,Lanto Griffin,1.597,115,72
13,Martin Laird,1.597,115,72
18,Tony Finau,1.611,116,72
18,Jon Rahm,1.611,116,72
20,Sergio Garcia,1.625,117,72
20,Jason Kokrak,1.625,117,72
20,Collin Morikawa,1.625,117,72
20,Xander Schauffele,1.625,117,72
24,Bryson DeChambeau,1.639,118,72
24,Dustin Johnson,1.639,118,72
24,Webb Simpson,1.639,118,72
27,Sungjae Im,1.653,119,72
27,Sebastián Muñoz,1.653,119,72
29,Billy Horschel,1.667,120,72
29,Kevin Na,1.667,120,72
29,Hudson Swafford,1.667,120,72
32,Viktor Hovland,1.681,121,72
32,Andrew Landry,1.681,121,72
32,Hideki Matsuyama,1.681,121,72
32,Robert Streb,1.681,121,72
36,Mackenzie Hughes,1.708,123,72
36,Marc Leishman,1.708,123,72
36,Carlos Ortiz,1.708,123,72
39,Daniel Berger,1.722,124,72
40,Cameron Champ,1.736,125,72
40,Richy Werenski,1.736,125,72
42,Adam Scott,1.778,128,72
