rank,player,%,# Birdies,Greens Hit
1,Joaquin Niemann,49.18,30,61
2,Justin Thomas,46.67,28,60
3,Patrick Cantlay,44.44,24,54
4,Ryan Palmer,44.26,27,61
5,Lanto Griffin,43.64,24,55
6,Abraham Ancer,43.40,23,53
7,Jon Rahm,43.10,25,58
8,Harris English,42.62,26,61
9,Michael Thompson,42.59,23,54
10,Sungjae Im,41.67,25,60
10,Collin Morikawa,41.67,25,60
12,Scottie Scheffler,41.51,22,53
13,Xander Schauffele,40.68,24,59
14,Sergio Garcia,40.35,23,57
15,Dustin Johnson,40.00,24,60
16,Cameron Smith,39.62,21,53
17,Sebastián Muñoz,39.29,22,56
18,Webb Simpson,38.60,22,57
19,Bryson DeChambeau,38.18,21,55
19,Brendon Todd,38.18,21,55
21,Kevin Kisner,37.74,20,53
22,Brian Gay,36.36,20,55
22,Jason Kokrak,36.36,20,55
24,Daniel Berger,35.38,23,65
25,Nick Taylor,35.29,18,51
26,Patrick Reed,35.19,19,54
27,Hudson Swafford,34.62,18,52
28,Stewart Cink,34.55,19,55
28,Tony Finau,34.55,19,55
30,Richy Werenski,34.43,21,61
31,Martin Laird,32.76,19,58
32,Cameron Champ,32.20,19,59
33,Billy Horschel,31.15,19,61
34,Kevin Na,30.19,16,53
35,Adam Scott,29.85,20,67
36,Viktor Hovland,29.82,17,57
37,Robert Streb,28.57,16,56
38,Hideki Matsuyama,28.00,14,50
39,Marc Leishman,27.59,16,58
40,Andrew Landry,26.92,14,52
41,Carlos Ortiz,26.79,15,56
42,Mackenzie Hughes,22.22,12,54
