rank,player,Avg,GIR Putts,Greens Hit,Birdie Conversion
1,Harris English,1.613,100,62,42.62
1,Ryan Palmer,1.613,100,62,44.26
3,Joaquin Niemann,1.623,99,61,49.18
4,Abraham Ancer,1.642,87,53,43.40
5,Scottie Scheffler,1.648,89,54,41.51
6,Justin Thomas,1.650,99,60,46.67
7,Tony Finau,1.655,91,55,34.55
7,Brendon Todd,1.655,91,55,38.18
9,Kevin Kisner,1.660,88,53,37.74
10,Patrick Reed,1.673,92,55,35.19
11,Michael Thompson,1.685,91,54,42.59
12,Brian Gay,1.691,93,55,36.36
12,Lanto Griffin,1.691,93,55,43.64
14,Xander Schauffele,1.695,100,59,40.68
15,Sungjae Im,1.700,102,60,41.67
15,Dustin Johnson,1.700,102,60,40.00
17,Patrick Cantlay,1.704,92,54,44.44
18,Martin Laird,1.707,99,58,32.76
18,Jon Rahm,1.707,99,58,43.10
20,Stewart Cink,1.709,94,55,34.55
21,Collin Morikawa,1.717,103,60,41.67
22,Webb Simpson,1.719,98,57,38.60
23,Nick Taylor,1.725,88,51,35.29
24,Jason Kokrak,1.727,95,55,36.36
25,Cameron Smith,1.736,92,53,39.62
26,Sergio Garcia,1.741,101,58,40.35
27,Sebastián Muñoz,1.768,99,56,39.29
28,Hudson Swafford,1.769,92,52,34.62
29,Billy Horschel,1.770,108,61,31.15
30,Carlos Ortiz,1.786,100,56,26.79
30,Robert Streb,1.786,100,56,28.57
32,Viktor Hovland,1.789,102,57,29.82
33,Adam Scott,1.791,120,67,29.85
34,Kevin Na,1.792,95,53,30.19
35,Daniel Berger,1.800,117,65,35.38
35,Bryson DeChambeau,1.800,99,55,38.18
37,Richy Werenski,1.803,110,61,34.43
38,Hideki Matsuyama,1.820,91,50,28.00
39,Andrew Landry,1.827,95,52,26.92
40,Cameron Champ,1.831,108,59,32.20
41,Mackenzie Hughes,1.833,99,54,22.22
42,Marc Leishman,1.879,109,58,27.59
