rank,player,%,# Birdies/Eagles,# Holes
1,Cameron Smith,47.22,34,72
2,Jon Rahm,45.83,33,72
3,Justin Thomas,43.06,31,72
4,Matt Jones,41.67,30,72
5,Collin Morikawa,40.28,29,72
6,Kevin Kisner,38.89,28,72
7,Daniel Berger,37.50,27,72
7,Patrick Cantlay,37.50,27,72
7,Marc Leishman,37.50,27,72
7,Patrick Reed,37.50,27,72
7,Xander Schauffele,37.50,27,72
12,Cam Davis,36.11,26,72
12,Tony Finau,36.11,26,72
14,Sungjae Im,34.72,25,72
15,Joel Dahmen,33.33,24,72
15,Bryson DeChambeau,33.33,24,72
15,Garrick Higgo,33.33,24,72
15,Max Homa,33.33,24,72
15,Brooks Koepka,33.33,24,72
20,Viktor Hovland,31.94,23,72
20,Hideki Matsuyama,31.94,23,72
20,Kevin Na,31.94,23,72
23,Sam Burns,30.56,22,72
23,Branden Grace,30.56,22,72
23,Lucas Herbert,30.56,22,72
23,Si Woo Kim,30.56,22,72
23,Phil Mickelson,30.56,22,72
23,Seamus Power,30.56,22,72
23,Jordan Spieth,30.56,22,72
23,Erik van Rooyen,30.56,22,72
31,Stewart Cink,29.17,21,72
31,Talor Gooch,29.17,21,72
33,Abraham Ancer,27.78,20,72
33,Harris English,27.78,20,72
33,Lucas Glover,27.78,20,72
33,Billy Horschel,27.78,20,72
33,K.H. Lee,27.78,20,72
38,Jason Kokrak,23.61,17,72
