rank,player,Frequency,# of Holes,# of Eagles
1,Matt Jones,18.0,72,4
2,Cameron Smith,24.0,72,3
3,Cam Davis,36.0,72,2
3,Talor Gooch,36.0,72,2
3,Billy Horschel,36.0,72,2
3,Sungjae Im,36.0,72,2
3,Collin Morikawa,36.0,72,2
3,Seamus Power,36.0,72,2
3,Xander Schauffele,36.0,72,2
3,Justin Thomas,36.0,72,2
11,Daniel Berger,72.0,72,1
11,Patrick Cantlay,72.0,72,1
11,Stewart Cink,72.0,72,1
11,Bryson DeChambeau,72.0,72,1
11,Garrick Higgo,72.0,72,1
11,Max Homa,72.0,72,1
11,Viktor Hovland,72.0,72,1
11,Brooks Koepka,72.0,72,1
11,Jason Kokrak,72.0,72,1
11,Hideki Matsuyama,72.0,72,1
11,Kevin Na,72.0,72,1
11,Jon Rahm,72.0,72,1
