rank,player,%
1,Daniel Berger,100.00
1,Matt Jones,100.00
1,Hideki Matsuyama,100.00
1,Jon Rahm,100.00
5,Xander Schauffele,85.71
6,Joel Dahmen,57.14
7,Abraham Ancer,50.00
7,Max Homa,50.00
7,Viktor Hovland,50.00
7,Kevin Kisner,50.00
7,Phil Mickelson,50.00
7,Jordan Spieth,50.00
13,Lucas Glover,44.44
14,Justin Thomas,42.86
15,Cam Davis,40.00
15,Erik van Rooyen,40.00
17,Bryson DeChambeau,33.33
17,Tony Finau,33.33
17,Lucas Herbert,33.33
17,Sungjae Im,33.33
17,Kevin Na,33.33
17,Cameron Smith,33.33
23,Stewart Cink,25.00
23,Si Woo Kim,25.00
23,Marc Leishman,25.00
26,Jason Kokrak,22.22
27,Harris English,20.00
28,Garrick Higgo,16.67
28,Collin Morikawa,16.67
30,Brooks Koepka,14.29
31,Branden Grace,12.50
32,Sam Burns,.00
32,Patrick Cantlay,.00
32,Talor Gooch,.00
32,Billy Horschel,.00
32,K.H. Lee,.00
32,Seamus Power,.00
32,Patrick Reed,.00
