rank,player,%,Total 3 Putts,Attempts,2 Putt or Better %
1,Keegan Bradley,.00%,0,10,100.00
1,Ryan Brehm,.00%,0,10,100.00
1,Sam Burns,.00%,0,8,100.00
1,Patrick Cantlay,.00%,0,9,100.00
1,Corey Conners,.00%,0,7,100.00
1,Tony Finau,.00%,0,5,100.00
1,Matt Fitzpatrick,.00%,0,11,100.00
1,Brian Harman,.00%,0,6,100.00
1,Russell Henley,.00%,0,4,100.00
1,Tom Hoge,.00%,0,8,100.00
1,Max Homa,.00%,0,12,100.00
1,Billy Horschel,.00%,0,7,100.00
1,Viktor Hovland,.00%,0,11,100.00
1,Mackenzie Hughes,.00%,0,6,100.00
1,Sungjae Im,.00%,0,9,100.00
1,Tom Kim,.00%,0,8,100.00
1,K.H. Lee,.00%,0,11,100.00
1,Luke List,.00%,0,8,100.00
1,Hideki Matsuyama,.00%,0,7,100.00
1,Collin Morikawa,.00%,0,7,100.00
1,Trey Mullinax,.00%,0,8,100.00
1,Seamus Power,.00%,0,8,100.00
1,Jon Rahm,.00%,0,10,100.00
1,Chez Reavie,.00%,0,18,100.00
1,Scottie Scheffler,.00%,0,4,100.00
1,Adam Scott,.00%,0,9,100.00
1,J.J. Spaun,.00%,0,11,100.00
1,Jordan Spieth,.00%,0,8,100.00
1,Scott Stallings,.00%,0,7,100.00
1,Sepp Straka,.00%,0,9,100.00
1,Sahith Theegala,.00%,0,6,100.00
1,Aaron Wise,.00%,0,9,100.00
1,Cameron Young,.00%,0,7,100.00
1,Will Zalatoris,.00%,0,13,100.00
35,Chad Ramey,9.09%,1,11,90.91
36,Adam Svensson,11.11%,1,9,88.89
37,J.T. Poston,12.50%,1,8,87.50
38,Justin Thomas,14.29%,1,7,85.71
