rank,player,%,Total 3 Putts,Attempts,2 Putt or Better %
1,Keegan Bradley,0.00%,0,15,100.00
1,Ryan Brehm,0.00%,0,13,100.00
1,Sam Burns,0.00%,0,14,100.00
1,Patrick Cantlay,0.00%,0,12,100.00
1,Corey Conners,0.00%,0,11,100.00
1,Tony Finau,0.00%,0,14,100.00
1,Matt Fitzpatrick,0.00%,0,13,100.00
1,Brian Harman,0.00%,0,14,100.00
1,Russell Henley,0.00%,0,20,100.00
1,Tom Hoge,0.00%,0,17,100.00
1,Max Homa,0.00%,0,14,100.00
1,Billy Horschel,0.00%,0,22,100.00
1,Viktor Hovland,0.00%,0,11,100.00
1,Mackenzie Hughes,0.00%,0,14,100.00
1,Sungjae Im,0.00%,0,14,100.00
1,Tom Kim,0.00%,0,20,100.00
1,K.H. Lee,0.00%,0,14,100.00
1,Luke List,0.00%,0,19,100.00
1,Hideki Matsuyama,0.00%,0,15,100.00
1,Collin Morikawa,0.00%,0,12,100.00
1,Trey Mullinax,0.00%,0,12,100.00
1,J.T. Poston,0.00%,0,10,100.00
1,Seamus Power,0.00%,0,16,100.00
1,Jon Rahm,0.00%,0,13,100.00
1,Chad Ramey,0.00%,0,13,100.00
1,Chez Reavie,0.00%,0,9,100.00
1,Scottie Scheffler,0.00%,0,15,100.00
1,J.J. Spaun,0.00%,0,12,100.00
1,Jordan Spieth,0.00%,0,18,100.00
1,Scott Stallings,0.00%,0,13,100.00
1,Sepp Straka,0.00%,0,11,100.00
1,Adam Svensson,0.00%,0,11,100.00
1,Justin Thomas,0.00%,0,15,100.00
1,Aaron Wise,0.00%,0,15,100.00
1,Cameron Young,0.00%,0,14,100.00
1,Will Zalatoris,0.00%,0,10,100.00
37,Adam Scott,5.56%,1,18,94.44
38,Sahith Theegala,6.67%,1,15,93.33
