rank,player,%,Total 3 Putts,Attempts,2 Putt or Better %
1,Sam Burns,.00%,0,24,100.00
1,Tony Finau,.00%,0,19,100.00
1,Brian Harman,.00%,0,17,100.00
1,Tom Hoge,.00%,0,17,100.00
1,Max Homa,.00%,0,22,100.00
1,Mackenzie Hughes,.00%,0,22,100.00
1,K.H. Lee,.00%,0,21,100.00
1,Adam Scott,.00%,0,16,100.00
1,Scott Stallings,.00%,0,21,100.00
10,Scottie Scheffler,4.00%,1,25,96.00
11,Collin Morikawa,4.17%,1,24,95.83
12,Jon Rahm,4.35%,1,23,95.65
13,Seamus Power,4.55%,1,22,95.45
14,Tom Kim,4.76%,1,21,95.24
14,Aaron Wise,4.76%,1,21,95.24
16,Billy Horschel,5.00%,1,20,95.00
16,Sepp Straka,5.00%,1,20,95.00
18,Will Zalatoris,5.88%,1,17,94.12
19,Matt Fitzpatrick,6.25%,1,16,93.75
20,Hideki Matsuyama,7.14%,1,14,92.86
21,J.T. Poston,8.00%,2,25,92.00
22,J.J. Spaun,8.33%,2,24,91.67
23,Patrick Cantlay,9.09%,2,22,90.91
23,Corey Conners,9.09%,2,22,90.91
23,Jordan Spieth,9.09%,1,11,90.91
26,Ryan Brehm,9.52%,2,21,90.48
27,Chad Ramey,10.53%,2,19,89.47
27,Sahith Theegala,10.53%,2,19,89.47
29,Sungjae Im,11.11%,2,18,88.89
30,Justin Thomas,11.76%,2,17,88.24
30,Cameron Young,11.76%,2,17,88.24
32,Luke List,14.29%,2,14,85.71
32,Trey Mullinax,14.29%,2,14,85.71
34,Viktor Hovland,15.38%,2,13,84.62
35,Adam Svensson,16.00%,4,25,84.00
36,Russell Henley,16.67%,4,24,83.33
37,Chez Reavie,18.18%,4,22,81.82
38,Keegan Bradley,22.22%,4,18,77.78
