rank,player,%,Total 3 Putts,Total Holes
1,Keegan Bradley,5.56%,1,18
1,Corey Conners,5.56%,1,18
1,Matt Fitzpatrick,5.56%,1,18
1,Russell Henley,5.56%,1,18
1,Billy Horschel,5.56%,1,18
1,Viktor Hovland,5.56%,1,18
1,Sungjae Im,5.56%,1,18
1,Tom Kim,5.56%,1,18
1,Trey Mullinax,5.56%,1,18
1,Seamus Power,5.56%,1,18
1,Jon Rahm,5.56%,1,18
1,Chad Ramey,5.56%,1,18
1,Chez Reavie,5.56%,1,18
1,Scottie Scheffler,5.56%,1,18
1,Adam Scott,5.56%,1,18
1,J.J. Spaun,5.56%,1,18
1,Scott Stallings,5.56%,1,18
1,Sepp Straka,5.56%,1,18
1,Adam Svensson,5.56%,1,18
1,Cameron Young,5.56%,1,18
21,Sahith Theegala,11.11%,2,18
21,Aaron Wise,11.11%,2,18
