rank,player,%,Total 3 Putts,Attempts,2 Putt or Better %
1,Keegan Bradley,0.00%,0,9,100.00
1,Ryan Brehm,0.00%,0,8,100.00
1,Sam Burns,0.00%,0,7,100.00
1,Patrick Cantlay,0.00%,0,6,100.00
1,Tony Finau,0.00%,0,9,100.00
1,Brian Harman,0.00%,0,8,100.00
1,Russell Henley,0.00%,0,7,100.00
1,Tom Hoge,0.00%,0,6,100.00
1,Max Homa,0.00%,0,2,100.00
1,Billy Horschel,0.00%,0,7,100.00
1,Viktor Hovland,0.00%,0,7,100.00
1,Mackenzie Hughes,0.00%,0,7,100.00
1,Sungjae Im,0.00%,0,7,100.00
1,Tom Kim,0.00%,0,4,100.00
1,K.H. Lee,0.00%,0,6,100.00
1,Luke List,0.00%,0,9,100.00
1,Hideki Matsuyama,0.00%,0,11,100.00
1,Collin Morikawa,0.00%,0,4,100.00
1,Trey Mullinax,0.00%,0,5,100.00
1,J.T. Poston,0.00%,0,3,100.00
1,Seamus Power,0.00%,0,7,100.00
1,Jon Rahm,0.00%,0,5,100.00
1,Chez Reavie,0.00%,0,7,100.00
1,Scottie Scheffler,0.00%,0,4,100.00
1,Adam Scott,0.00%,0,7,100.00
1,J.J. Spaun,0.00%,0,1,100.00
1,Jordan Spieth,0.00%,0,5,100.00
1,Sepp Straka,0.00%,0,7,100.00
1,Adam Svensson,0.00%,0,7,100.00
1,Sahith Theegala,0.00%,0,6,100.00
1,Aaron Wise,0.00%,0,6,100.00
1,Will Zalatoris,0.00%,0,4,100.00
33,Matt Fitzpatrick,11.11%,1,9,88.89
34,Corey Conners,12.50%,1,8,87.50
35,Chad Ramey,14.29%,1,7,85.71
35,Scott Stallings,14.29%,1,7,85.71
35,Justin Thomas,14.29%,1,7,85.71
35,Cameron Young,14.29%,1,7,85.71
