rank,player,%,Total 3 Putts,Attempts,2 Putt or Better %
1,Keegan Bradley,0.00%,0,11,100.00
1,Ryan Brehm,0.00%,0,13,100.00
1,Sam Burns,0.00%,0,13,100.00
1,Patrick Cantlay,0.00%,0,9,100.00
1,Corey Conners,0.00%,0,12,100.00
1,Tony Finau,0.00%,0,13,100.00
1,Matt Fitzpatrick,0.00%,0,9,100.00
1,Brian Harman,0.00%,0,9,100.00
1,Russell Henley,0.00%,0,6,100.00
1,Tom Hoge,0.00%,0,10,100.00
1,Max Homa,0.00%,0,10,100.00
1,Billy Horschel,0.00%,0,8,100.00
1,Viktor Hovland,0.00%,0,14,100.00
1,Mackenzie Hughes,0.00%,0,8,100.00
1,Sungjae Im,0.00%,0,14,100.00
1,Tom Kim,0.00%,0,8,100.00
1,K.H. Lee,0.00%,0,13,100.00
1,Luke List,0.00%,0,5,100.00
1,Hideki Matsuyama,0.00%,0,10,100.00
1,Collin Morikawa,0.00%,0,15,100.00
1,Trey Mullinax,0.00%,0,16,100.00
1,J.T. Poston,0.00%,0,13,100.00
1,Seamus Power,0.00%,0,8,100.00
1,Jon Rahm,0.00%,0,8,100.00
1,Chad Ramey,0.00%,0,6,100.00
1,Chez Reavie,0.00%,0,7,100.00
1,Scottie Scheffler,0.00%,0,10,100.00
1,Adam Scott,0.00%,0,6,100.00
1,J.J. Spaun,0.00%,0,13,100.00
1,Scott Stallings,0.00%,0,13,100.00
1,Sepp Straka,0.00%,0,15,100.00
1,Adam Svensson,0.00%,0,10,100.00
1,Sahith Theegala,0.00%,0,11,100.00
1,Justin Thomas,0.00%,0,15,100.00
1,Cameron Young,0.00%,0,11,100.00
1,Will Zalatoris,0.00%,0,17,100.00
37,Jordan Spieth,5.88%,1,17,94.12
38,Aaron Wise,8.33%,1,12,91.67
