rank,player,Avg,Total Dist after GFG Shot,Total GFG Shots
1,Brian Stuard,9.8,"2,479.000",7
2,Morgan Hoffmann,10.4,"2,612.000",7
3,Brad Fritsch,11.4,"3,275.000",8
4,Brian Gay,11.7,"1,680.000",4
5,Chris Kirk,13.8,"2,977.000",6
6,Shawn Stefani,14.1,"4,556.000",9
7,Webb Simpson,14.9,"3,767.000",7
8,Tommy Gainey,15.1,"4,361.000",8
9,David Lingmerth,15.3,"3,299.000",6
10,Kevin Streelman,15.5,"3,345.000",6
11,D.H. Lee,15.7,"3,957.000",7
11,Cameron Percy,15.7,"4,522.000",8
13,Harris English,15.8,"5,133.000",9
13,Henrik Norlander,15.8,"5,127.000",9
15,Nicholas Thompson,16.5,"4,747.000",8
16,Russ Cochran,16.6,"4,186.000",7
17,Fabián Gómez,16.9,"4,267.000",7
18,Bart Bryant,17.1,"4,313.000",7
18,Doug LaBelle II,17.1,"4,930.000",8
20,Alistair Presnell,17.2,"5,558.000",9
21,Peter Tomasulo,17.3,"5,604.000",9
22,Matt Jones,17.5,"5,044.000",8
22,Matt Kuchar,17.5,"5,026.000",8
24,John Huh,17.6,"4,433.000",7
25,Scott Gardiner,17.9,"5,810.000",9
26,Chad Campbell,18.4,"5,971.000",9
26,Derek Ernst,18.4,"4,642.000",7
26,Rory Sabbatini,18.4,"5,301.000",8
26,Y.E. Yang,18.4,"3,984.000",6
30,John Senden,18.5,"5,328.000",8
31,Jason Kokrak,19.0,"5,472.000",8
31,Pat Perez,19.0,"5,476.000",8
33,Scott Piercy,19.1,"7,552.000",11
34,Hideto Tanihara,19.2,"2,762.000",4
35,Ricky Barnes,19.3,"5,552.000",8
35,Dean Wilson,19.3,"4,158.000",6
37,Keegan Bradley,19.4,"7,678.000",11
37,James Hahn,19.4,"6,998.000",10
39,Steven Bowditch,19.6,"4,930.000",7
39,Lee Williams,19.6,"3,532.000",5
41,Mark Anderson,19.8,"5,712.000",8
41,Erik Compton,19.8,"5,716.000",8
41,Dicky Pride,19.8,"4,978.000",7
44,John Rollins,19.9,"6,446.000",9
45,Tim Clark,20.1,"5,785.000",8
46,Stephen Ames,20.6,"5,190.000",7
47,Ryan Palmer,21.2,"6,114.000",8
47,Kyle Stanley,21.2,"6,853.000",9
47,Josh Teater,21.2,"6,093.000",8
50,Justin Hicks,21.3,"6,143.000",8
51,Tim Herron,21.5,"5,417.000",7
52,Russell Henley,22.1,"5,570.000",7
52,Vijay Singh,22.1,"6,368.000",8
54,Scott Langley,22.3,"4,825.000",6
55,Shane Bertsch,22.7,"5,729.000",7
55,David Mathis,22.7,"4,900.000",6
57,Charles Howell III,23.1,"8,303.000",10
58,David Hearn,23.3,"5,022.000",6
59,Carl Pettersson,23.5,"4,227.000",5
60,Jimmy Walker,23.6,"8,480.000",10
61,Steve Marino,24.2,"8,705.000",10
62,Billy Horschel,24.3,"7,884.000",9
62,Justin Leonard,24.3,"5,241.000",6
64,Brendon de Jonge,24.4,"7,918.000",9
64,Jeff Overton,24.4,"7,894.000",9
66,Ben Kohles,25.4,"3,653.000",4
67,George McNeill,25.6,"6,457.000",7
68,John Daly,25.8,"8,370.000",9
69,Jeff Maggert,26.3,"6,632.000",7
70,Sangmoon Bae,27.2,"6,865.000",7
71,Danny Lee,27.4,"6,907.000",7
72,Marc Leishman,27.5,"7,930.000",8
72,Charlie Wi,27.5,"6,939.000",7
74,Robert Streb,28.8,"8,294.000",8
