rank,player,Avg,Distance (in inches),Attempts
1,Chris Kirk,201.7,"43,566.000",6
2,Brad Fritsch,206.9,"59,590.000",8
3,Morgan Hoffmann,207.6,"52,315.000",7
4,Webb Simpson,212.9,"53,647.000",7
5,Tommy Gainey,217.0,"62,497.000",8
6,Hideto Tanihara,219.0,"31,541.000",4
7,David Hearn,222.8,"48,131.000",6
7,Vijay Singh,222.8,"64,156.000",8
9,Brian Stuard,223.4,"56,288.000",7
10,John Senden,223.8,"64,441.000",8
11,Ryan Palmer,224.2,"64,562.000",8
12,Brian Gay,224.5,"32,334.000",4
13,Chad Campbell,225.7,"73,125.000",9
14,John Rollins,226.6,"73,405.000",9
15,Russ Cochran,226.9,"57,168.000",7
16,Y.E. Yang,227.6,"49,169.000",6
17,Kyle Stanley,229.0,"74,194.000",9
18,David Lingmerth,229.9,"49,657.000",6
18,Cameron Percy,229.9,"66,210.000",8
20,Rory Sabbatini,230.4,"66,354.000",8
21,Josh Teater,230.6,"66,422.000",8
22,Henrik Norlander,231.0,"74,854.000",9
23,John Huh,231.2,"58,270.000",7
24,Matt Jones,231.3,"66,614.000",8
24,George McNeill,231.3,"58,299.000",7
26,Tim Clark,231.4,"66,652.000",8
26,Pat Perez,231.4,"66,639.000",8
28,Jimmy Walker,232.4,"83,666.000",10
29,Peter Tomasulo,232.5,"75,344.000",9
30,Derek Ernst,232.7,"58,635.000",7
31,Scott Langley,233.3,"50,401.000",6
32,Marc Leishman,233.5,"67,239.000",8
33,Erik Compton,234.2,"67,453.000",8
33,Russell Henley,234.2,"59,030.000",7
35,Tim Herron,234.9,"59,195.000",7
35,Shawn Stefani,234.9,"76,117.000",9
37,Dean Wilson,235.0,"50,758.000",6
38,James Hahn,235.1,"84,628.000",10
39,Scott Piercy,235.2,"93,120.000",11
40,Lee Williams,235.5,"42,386.000",5
41,Dicky Pride,235.7,"59,398.000",7
42,Matt Kuchar,236.3,"68,056.000",8
43,Ricky Barnes,236.7,"68,176.000",8
44,D.H. Lee,237.0,"59,720.000",7
45,Justin Hicks,237.7,"68,445.000",8
46,Steve Marino,237.9,"85,645.000",10
47,Billy Horschel,238.2,"77,161.000",9
48,David Mathis,238.8,"51,583.000",6
49,Shane Bertsch,238.9,"60,215.000",7
49,Fabián Gómez,238.9,"60,210.000",7
51,Doug LaBelle II,239.1,"68,861.000",8
52,Harris English,239.6,"77,645.000",9
53,Bart Bryant,239.7,"60,407.000",7
54,Alistair Presnell,241.5,"78,234.000",9
55,Scott Gardiner,242.1,"78,431.000",9
56,Kevin Streelman,242.3,"52,331.000",6
57,Jeff Overton,243.3,"78,831.000",9
58,Jason Kokrak,243.4,"70,097.000",8
59,John Daly,243.5,"78,903.000",9
60,Mark Anderson,243.9,"70,253.000",8
61,Brendon de Jonge,245.5,"79,555.000",9
62,Stephen Ames,246.0,"62,001.000",7
63,Danny Lee,247.4,"62,349.000",7
64,Steven Bowditch,248.1,"62,509.000",7
65,Nicholas Thompson,248.3,"71,502.000",8
66,Robert Streb,248.4,"71,535.000",8
67,Charles Howell III,248.7,"89,523.000",10
68,Carl Pettersson,249.2,"44,854.000",5
69,Ben Kohles,251.1,"36,152.000",4
70,Keegan Bradley,251.6,"99,622.000",11
71,Charlie Wi,252.4,"63,610.000",7
72,Justin Leonard,253.4,"54,741.000",6
73,Jeff Maggert,255.2,"64,310.000",7
74,Sangmoon Bae,255.8,"64,451.000",7
