rank,player,%,Attempts
1,Keegan Bradley,100.00,8
1,Chad Campbell,100.00,8
1,Tim Clark,100.00,8
1,Brendon de Jonge,100.00,8
1,Brad Fritsch,100.00,8
1,Tommy Gainey,100.00,8
1,James Hahn,100.00,8
1,Justin Hicks,100.00,8
1,Billy Horschel,100.00,8
1,Charles Howell III,100.00,8
1,Matt Kuchar,100.00,8
1,Steve Marino,100.00,8
1,Henrik Norlander,100.00,8
1,Scott Piercy,100.00,8
1,Alistair Presnell,100.00,8
1,John Rollins,100.00,8
1,John Senden,100.00,8
1,Vijay Singh,100.00,8
1,Kyle Stanley,100.00,8
1,Shawn Stefani,100.00,8
1,Peter Tomasulo,100.00,8
1,Jimmy Walker,100.00,8
23,Stephen Ames,87.50,7
23,Mark Anderson,87.50,7
23,Ricky Barnes,87.50,7
23,Bart Bryant,87.50,7
23,Russ Cochran,87.50,7
23,Erik Compton,87.50,7
23,Harris English,87.50,7
23,Derek Ernst,87.50,7
23,Scott Gardiner,87.50,7
23,Tim Herron,87.50,7
23,Morgan Hoffmann,87.50,7
23,John Huh,87.50,7
23,Matt Jones,87.50,7
23,Doug LaBelle II,87.50,7
23,D.H. Lee,87.50,7
23,Marc Leishman,87.50,7
23,Jeff Overton,87.50,7
23,Ryan Palmer,87.50,7
23,Cameron Percy,87.50,7
23,Pat Perez,87.50,7
23,Dicky Pride,87.50,7
23,Rory Sabbatini,87.50,7
23,Webb Simpson,87.50,7
23,Brian Stuard,87.50,7
23,Josh Teater,87.50,7
48,Shane Bertsch,75.00,6
48,Steven Bowditch,75.00,6
48,John Daly,75.00,6
48,Fabián Gómez,75.00,6
48,David Hearn,75.00,6
48,Russell Henley,75.00,6
48,Chris Kirk,75.00,6
48,Jason Kokrak,75.00,6
48,Scott Langley,75.00,6
48,David Lingmerth,75.00,6
48,Jeff Maggert,75.00,6
48,David Mathis,75.00,6
48,George McNeill,75.00,6
48,Robert Streb,75.00,6
48,Nicholas Thompson,75.00,6
48,Charlie Wi,75.00,6
48,Dean Wilson,75.00,6
48,Y.E. Yang,75.00,6
66,Sangmoon Bae,62.50,5
66,Danny Lee,62.50,5
66,Justin Leonard,62.50,5
66,Kevin Streelman,62.50,5
66,Lee Williams,62.50,5
71,Brian Gay,50.00,4
71,Ben Kohles,50.00,4
71,Carl Pettersson,50.00,4
71,Hideto Tanihara,50.00,4
