rank,player,%,Attempts,RTP-Going for the green,RTP-Not going for the grn
1,Steve Marino,100.00,10,-6,E
1,Scott Piercy,100.00,10,-9,E
3,Keegan Bradley,90.00,9,-7,-1
3,Chad Campbell,90.00,9,-6,E
3,Brendon de Jonge,90.00,9,-4,E
3,Harris English,90.00,9,-8,E
3,James Hahn,90.00,9,-7,E
3,Billy Horschel,90.00,9,-4,E
3,Charles Howell III,90.00,9,-10,E
3,Henrik Norlander,90.00,9,-9,+2
3,Jeff Overton,90.00,9,-7,-1
3,Alistair Presnell,90.00,9,-9,E
3,John Rollins,90.00,9,-7,E
3,Kyle Stanley,90.00,9,-5,E
3,Shawn Stefani,90.00,9,-7,-1
3,Peter Tomasulo,90.00,9,-7,E
3,Jimmy Walker,90.00,9,-8,E
18,Mark Anderson,80.00,8,-6,-1
18,Ricky Barnes,80.00,8,-5,E
18,Tim Clark,80.00,8,-9,-1
18,Erik Compton,80.00,8,-3,E
18,John Daly,80.00,8,-6,-1
18,Brad Fritsch,80.00,8,-7,-1
18,Tommy Gainey,80.00,8,-6,E
18,Scott Gardiner,80.00,8,-8,E
18,Justin Hicks,80.00,8,-6,-2
18,Matt Jones,80.00,8,-7,-1
18,Jason Kokrak,80.00,8,-8,-1
18,Matt Kuchar,80.00,8,-6,E
18,Marc Leishman,80.00,8,-4,-1
18,Ryan Palmer,80.00,8,-6,+1
18,Cameron Percy,80.00,8,-7,E
18,Pat Perez,80.00,8,-5,-2
18,Rory Sabbatini,80.00,8,-8,+1
18,John Senden,80.00,8,-7,-1
18,Vijay Singh,80.00,8,-7,E
18,Robert Streb,80.00,8,-3,+1
18,Josh Teater,80.00,8,-6,-1
39,Stephen Ames,70.00,7,-5,-1
39,Sangmoon Bae,70.00,7,-3,+1
39,Shane Bertsch,70.00,7,-7,-1
39,Bart Bryant,70.00,7,-6,-1
39,Russ Cochran,70.00,7,-5,-2
39,Derek Ernst,70.00,7,-5,E
39,Fabián Gómez,70.00,7,-4,+1
39,Russell Henley,70.00,7,-6,E
39,Tim Herron,70.00,7,-6,-1
39,Morgan Hoffmann,70.00,7,-7,+1
39,John Huh,70.00,7,-3,-1
39,Doug LaBelle II,70.00,7,-9,-2
39,D.H. Lee,70.00,7,-7,E
39,Jeff Maggert,70.00,7,-3,+1
39,George McNeill,70.00,7,-6,+1
39,Dicky Pride,70.00,7,-5,-2
39,Webb Simpson,70.00,7,-6,-2
39,Brian Stuard,70.00,7,-7,+1
39,Nicholas Thompson,70.00,7,-6,-1
39,Charlie Wi,70.00,7,-5,E
59,Steven Bowditch,60.00,6,-4,E
59,David Hearn,60.00,6,-2,-2
59,Chris Kirk,60.00,6,-8,+3
59,Scott Langley,60.00,6,-7,-3
59,Danny Lee,60.00,6,-5,-1
59,Justin Leonard,60.00,6,-5,E
59,David Lingmerth,60.00,6,-5,-1
59,David Mathis,60.00,6,-4,-2
59,Kevin Streelman,60.00,6,-4,-3
59,Dean Wilson,60.00,6,-5,-1
59,Y.E. Yang,60.00,6,-7,-1
70,Carl Pettersson,50.00,5,-5,E
70,Lee Williams,50.00,5,-3,-4
72,Brian Gay,40.00,4,-4,-2
72,Ben Kohles,40.00,4,-1,-3
72,Hideto Tanihara,40.00,4,-2,-1
