rank,player,Avg,Total Distance (feet),# of Attempts,GIR Rank
1,Zach Johnson,"29' 5""","2,118.333",72,Under
2,Kevin Kisner,"32' 4""","2,230.667",69,Under
3,Jordan Spieth,"34' 11""","2,514.833",72,Under
4,Justin Thomas,"35' 11""","2,587.833",72,Under
5,Steven Bowditch,"37' 2""","2,677.750",72,Under
5,Alex Cejka,"37' 2""","2,675.667",72,Under
5,Davis Love III,"37' 2""","2,636.250",71,Under
8,Russell Knox,"37' 5""","2,696.000",72,Under
9,Dustin Johnson,"37' 11""","2,730.167",72,Under
10,Fabián Gómez,"38' 0""","2,735.333",72,Under
11,Peter Malnati,"38' 1""","2,741.250",72,Under
12,Danny Lee,"38' 7""","2,736.917",71,Under
13,James Hahn,"39' 1""","2,816.500",72,Over
14,Troy Merritt,"39' 2""","2,822.917",72,Under
14,Patrick Reed,"39' 2""","2,821.167",72,Under
16,David Lingmerth,"39' 3""","2,827.583",72,Under
17,Brooks Koepka,"39' 4""","2,829.583",72,Under
18,Emiliano Grillo,"39' 7""","2,847.333",72,Under
19,Bubba Watson,"39' 9""","2,864.833",72,Under
20,Graeme McDowell,"40' 1""","2,846.667",71,Under
21,Brandt Snedeker,"40' 2""","2,892.833",72,Under
22,Rickie Fowler,"40' 5""","2,910.833",72,Under
22,Bill Haas,"40' 5""","2,910.000",72,Under
24,Smylie Kaufman,"41' 7""","2,991.750",72,Under
25,Matt Every,"42' 3""","2,915.750",69,Under
25,Chris Kirk,"42' 3""","3,043.917",72,Under
27,J.B. Holmes,"42' 4""","3,007.083",71,Under
28,Jason Day,"42' 5""","3,008.917",71,Under
29,Jimmy Walker,"42' 8""","3,074.333",72,Under
30,Padraig Harrington,"43' 3""","3,115.167",72,Under
31,J.J. Henry,"46' 0""","3,265.000",71,Over
32,Scott Piercy,"47' 10""","3,444.667",72,Under
