rank,player,Avg,Total Distance (feet),# of Attempts,Relative to par
1,Fabián Gómez,"2' 0""",4.000,2,-1
2,Emiliano Grillo,"4' 8""",9.250,2,-1
2,Peter Malnati,"4' 8""",4.667,1,-1
4,Justin Thomas,"4' 11""",9.750,2,-1
5,Jordan Spieth,"5' 0""",5.000,1,-1
6,Patrick Reed,"5' 3""",26.083,5,-3
7,Matt Every,"6' 8""",13.250,2,-1
8,Smylie Kaufman,"7' 5""",14.833,2,-2
9,Jimmy Walker,"8' 0""",31.833,4,-2
10,Scott Piercy,"8' 6""",17.000,2,-1
11,J.B. Holmes,"10' 5""",72.667,7,-3
11,Chris Kirk,"10' 5""",31.333,3,-1
13,Rickie Fowler,"10' 9""",32.333,3,-1
13,Dustin Johnson,"10' 9""",96.583,9,-3
15,Bill Haas,"11' 1""",11.083,1,E
16,Zach Johnson,"13' 1""",65.500,5,-1
17,Davis Love III,"14' 2""",14.167,1,E
18,Bubba Watson,"14' 6""",72.417,5,-1
19,Brandt Snedeker,"15' 1""",30.083,2,E
20,Alex Cejka,"18' 8""",18.667,1,E
21,Padraig Harrington,"18' 10""",75.167,4,-2
22,Brooks Koepka,"19' 7""",39.083,2,E
23,Steven Bowditch,"20' 9""",62.167,3,E
24,Jason Day,"22' 8""",136.167,6,-2
25,Russell Knox,"23' 4""",93.417,4,E
26,J.J. Henry,"24' 6""",48.917,2,+1
27,David Lingmerth,"37' 0""",37.000,1,E
28,Danny Lee,"45' 5""",136.333,3,E
29,James Hahn,"54' 10""",54.833,1,+1
