rank,player,Avg,Total Distance (feet),# of Attempts,Relative to par
1,Peter Malnati,"9' 6""",28.417,3,-3
2,David Lingmerth,"15' 0""",30.000,2,E
3,Fabián Gómez,"16' 7""",82.750,5,-1
3,Chris Kirk,"16' 7""",99.583,6,-1
5,Graeme McDowell,"19' 1""",57.167,3,E
6,Danny Lee,"20' 0""",20.000,1,E
7,Zach Johnson,"21' 5""",171.417,8,-3
7,Jimmy Walker,"21' 5""",128.250,6,-1
9,Alex Cejka,"21' 7""",43.083,2,E
10,Justin Thomas,"22' 3""",22.250,1,+1
11,Brooks Koepka,"22' 6""",22.500,1,E
12,James Hahn,"22' 10""",136.750,6,E
12,Davis Love III,"22' 10""",45.667,2,E
14,Jason Day,"23' 4""",70.083,3,E
15,Patrick Reed,"23' 11""",47.833,2,E
16,Kevin Kisner,"25' 2""",176.083,7,E
17,Russell Knox,"25' 6""",102.000,4,E
18,J.J. Henry,"25' 9""",102.917,4,+1
19,Steven Bowditch,"26' 0""",77.917,3,E
20,Padraig Harrington,"26' 1""",104.250,4,E
21,Emiliano Grillo,"26' 10""",107.167,4,+1
22,Bubba Watson,"27' 6""",54.917,2,E
23,J.B. Holmes,"28' 10""",86.500,3,-1
24,Brandt Snedeker,"31' 4""",156.500,5,-2
25,Troy Merritt,"31' 7""",94.750,3,E
26,Matt Every,"33' 2""",66.333,2,E
27,Bill Haas,"34' 0""",136.083,4,E
27,Scott Piercy,"34' 0""",102.083,3,E
29,Dustin Johnson,"34' 9""",173.583,5,E
30,Jordan Spieth,"35' 7""",142.333,4,-2
31,Rickie Fowler,"51' 0""",153.000,3,E
32,Smylie Kaufman,"55' 2""",55.167,1,E
