rank,player,Avg,Total Distance (feet),# of Attempts,Relative to par
1,Bubba Watson,"32' 7""",162.833,5,E
2,Danny Lee,"32' 8""",294.333,9,-1
3,Justin Thomas,"34' 5""",344.333,10,+2
4,Zach Johnson,"34' 8""",380.917,11,-5
5,Brooks Koepka,"35' 10""",394.250,11,-7
6,Patrick Reed,"36' 8""",440.333,12,-5
7,Jordan Spieth,"36' 9""",294.000,8,-6
8,Graeme McDowell,"37' 5""",374.250,10,-3
9,Padraig Harrington,"37' 6""",374.750,10,-2
9,Dustin Johnson,"37' 6""",150.000,4,E
11,J.B. Holmes,"38' 0""",418.167,11,-3
12,Emiliano Grillo,"38' 2""",267.083,7,E
13,Alex Cejka,"38' 6""",423.583,11,-4
14,Peter Malnati,"39' 7""",514.167,13,-4
15,Russell Knox,"39' 11""",479.167,12,-1
15,Davis Love III,"39' 11""",559.250,14,-2
17,Kevin Kisner,"40' 3""",362.000,9,-3
18,Steven Bowditch,"42' 5""",551.250,13,E
19,Troy Merritt,"43' 3""",475.750,11,E
20,Chris Kirk,"43' 5""",390.417,9,-1
21,James Hahn,"43' 10""",482.500,11,-3
22,Smylie Kaufman,"46' 8""",513.250,11,-2
23,David Lingmerth,"48' 3""",530.750,11,-2
24,Jason Day,"49' 2""",393.333,8,-4
25,Bill Haas,"50' 2""",602.083,12,-5
26,Matt Every,"50' 4""",553.833,11,-3
27,Rickie Fowler,"51' 1""",459.417,9,-2
28,Scott Piercy,"52' 11""",476.250,9,-2
29,Brandt Snedeker,"53' 1""",424.667,8,-2
30,Jimmy Walker,"55' 9""",613.500,11,-1
31,Fabián Gómez,"60' 8""",728.083,12,E
32,J.J. Henry,"72' 4""",723.000,10,+2
