rank,player,Avg,Total Distance (feet),# of Attempts,Relative to par
1,Scott Piercy,"8' 0""",56.000,7,-5
2,Rickie Fowler,"8' 2""",24.583,3,-1
3,Justin Thomas,"9' 2""",73.167,8,-3
4,Zach Johnson,"9' 3""",64.833,7,-4
5,Jimmy Walker,"10' 5""",83.583,8,-4
6,J.B. Holmes,"11' 1""",88.917,8,-1
7,Fabián Gómez,"11' 10""",82.917,7,-3
7,Danny Lee,"11' 10""",59.000,5,E
9,Brandt Snedeker,"13' 1""",104.917,8,-1
10,Matt Every,"13' 2""",118.500,9,-3
11,Emiliano Grillo,"13' 11""",139.000,10,-3
12,Smylie Kaufman,"14' 2""",170.000,12,-2
13,Kevin Kisner,"14' 3""",114.000,8,-5
14,Chris Kirk,"14' 11""",89.250,6,E
15,Padraig Harrington,"15' 4""",76.750,5,-1
16,Bubba Watson,"15' 9""",126.250,8,-3
17,Alex Cejka,"16' 5""",82.167,5,-2
18,Steven Bowditch,"16' 11""",152.417,9,-2
19,Dustin Johnson,"17' 5""",34.750,2,E
20,Russell Knox,"17' 6""",122.333,7,E
21,Brooks Koepka,"17' 7""",158.000,9,-1
22,Peter Malnati,"18' 0""",161.667,9,-2
22,Troy Merritt,"18' 0""",161.667,9,-5
24,David Lingmerth,"18' 2""",254.083,14,-2
25,Jordan Spieth,"18' 3""",219.250,12,-5
26,Graeme McDowell,"18' 7""",148.583,8,-3
27,J.J. Henry,"19' 1""",190.417,10,-2
27,Davis Love III,"19' 1""",171.583,9,-1
29,James Hahn,"19' 5""",116.583,6,+1
30,Patrick Reed,"20' 1""",160.417,8,-1
31,Bill Haas,"20' 10""",208.000,10,-3
32,Jason Day,"25' 3""",151.333,6,E
