rank,player,Avg,Total Distance (feet),# of Attempts,Relative to par
1,Justin Thomas,"17' 1""",119.667,7,-1
2,Bubba Watson,"17' 4""",138.417,8,-2
3,Kevin Kisner,"17' 10""",89.000,5,-3
4,Troy Merritt,"17' 11""",89.667,5,-2
5,Brooks Koepka,"18' 5""",128.667,7,-1
6,Scott Piercy,"19' 6""",194.750,10,-1
7,Danny Lee,"20' 11""",125.583,6,-2
8,David Lingmerth,"21' 3""",127.667,6,-3
9,Russell Knox,"21' 8""",151.583,7,-2
10,Padraig Harrington,"23' 6""",235.000,10,-3
11,Peter Malnati,"23' 8""",118.333,5,E
12,Jimmy Walker,"24' 3""",169.667,7,-1
13,Smylie Kaufman,"25' 1""",125.333,5,+1
14,Brandt Snedeker,"25' 9""",180.083,7,-1
15,Alex Cejka,"26' 4""",210.333,8,+2
16,Jason Day,"26' 5""",158.583,6,E
16,Dustin Johnson,"26' 5""",185.083,7,-2
18,James Hahn,"26' 7""",159.250,6,+1
19,Davis Love III,"26' 8""",213.250,8,+1
20,Emiliano Grillo,"29' 1""",174.417,6,-1
21,Fabián Gómez,"29' 2""",233.583,8,E
22,J.B. Holmes,"29' 6""",206.667,7,E
23,Rickie Fowler,"30' 1""",240.750,8,E
24,Matt Every,"30' 2""",150.750,5,-1
25,Chris Kirk,"30' 3""",181.667,6,+1
26,Steven Bowditch,"31' 1""",373.167,12,-1
26,Patrick Reed,"31' 1""",217.667,7,-1
28,J.J. Henry,"31' 2""",249.583,8,-1
29,Graeme McDowell,"31' 4""",250.667,8,+2
30,Jordan Spieth,"32' 2""",225.333,7,+1
31,Zach Johnson,"37' 6""",187.583,5,+4
32,Bill Haas,"38' 10""",349.250,9,+1
