rank,player,Avg,Total Distance (feet),# of Attempts,Relative to par
1,Jordan Spieth,"19' 8""",39.333,2,-3
2,Zach Johnson,"25' 11""",25.917,1,-1
3,Bubba Watson,"52' 4""",52.333,1,-1
4,Danny Lee,"53' 0""",318.000,6,-4
5,James Hahn,"55' 2""",110.333,2,+1
6,Peter Malnati,"62' 10""",251.333,4,-1
7,Rickie Fowler,"68' 1""",272.417,4,-2
7,Fabián Gómez,"68' 1""",340.250,5,-2
7,Brandt Snedeker,"68' 1""",204.333,3,-1
10,J.J. Henry,"68' 7""",205.750,3,-1
11,Matt Every,"70' 9""",212.167,3,-1
12,Smylie Kaufman,"71' 1""",71.083,1,-1
13,Emiliano Grillo,"72' 4""",216.917,3,-1
14,Dustin Johnson,"73' 8""",221.000,3,-3
15,Davis Love III,"82' 1""",164.083,2,E
16,Bill Haas,"82' 5""",164.750,2,-1
17,Graeme McDowell,"82' 9""",248.167,3,-1
18,Scott Piercy,"87' 2""",261.500,3,-1
19,David Lingmerth,"91' 2""",182.250,2,-1
20,Jimmy Walker,"91' 7""",183.167,2,+1
21,Chris Kirk,"92' 6""",184.917,2,+2
22,J.B. Holmes,"95' 2""",95.167,1,-1
23,Patrick Reed,"95' 6""",191.000,2,-2
24,Troy Merritt,"97' 9""",195.417,2,-1
25,Kevin Kisner,"100' 2""",200.333,2,E
26,Russell Knox,"103' 5""",413.500,4,-4
27,Steven Bowditch,"118' 4""",118.333,1,-1
28,Padraig Harrington,"118' 10""",237.667,2,-1
29,Alex Cejka,"143' 5""",143.417,1,E
