rank,player,Avg,Total Distance (feet),# of Attempts,Relative to par
1,Jimmy Walker,"10' 2""",10.167,1,+1
2,Chris Kirk,"10' 11""",65.333,6,-2
2,Brandt Snedeker,"10' 11""",32.833,3,-2
4,Kevin Kisner,"12' 3""",61.083,5,-2
5,J.B. Holmes,"12' 5""",37.167,3,-2
6,Jordan Spieth,"12' 6""",49.833,4,-3
7,Danny Lee,"13' 8""",150.000,11,-4
7,Bubba Watson,"13' 8""",27.333,2,-1
9,Steven Bowditch,"14' 3""",113.667,8,-5
10,Matt Every,"14' 7""",116.833,8,-4
11,Brooks Koepka,"14' 8""",88.000,6,-2
12,Smylie Kaufman,"14' 10""",59.167,4,E
13,Emiliano Grillo,"15' 4""",91.833,6,-2
13,Graeme McDowell,"15' 4""",168.750,11,-1
15,Padraig Harrington,"15' 8""",141.000,9,-1
15,Troy Merritt,"15' 8""",78.417,5,-1
17,Alex Cejka,"15' 9""",157.167,10,E
18,Rickie Fowler,"16' 1""",96.417,6,-2
19,Bill Haas,"17' 2""",120.250,7,-2
20,Patrick Reed,"17' 11""",143.417,8,-2
21,James Hahn,"18' 1""",144.500,8,+4
22,David Lingmerth,"19' 1""",172.000,9,-1
23,Fabián Gómez,"20' 9""",124.333,6,-1
24,Zach Johnson,"21' 7""",129.500,6,-1
25,Justin Thomas,"22' 10""",91.167,4,E
26,Russell Knox,"22' 11""",251.917,11,-1
27,J.J. Henry,"23' 9""",237.750,10,+1
28,Jason Day,"24' 3""",72.750,3,-1
29,Dustin Johnson,"26' 5""",79.333,3,E
30,Davis Love III,"30' 2""",332.083,11,-3
31,Peter Malnati,"31' 8""",126.750,4,+1
31,Scott Piercy,"31' 8""",158.333,5,E
