rank,player,Avg,Total Distance (feet),# of Attempts,Relative to par
1,Justin Thomas,"9' 11""",9.917,1,-1
2,Brandt Snedeker,"74' 7""",74.583,1,-1
3,Bubba Watson,"88' 6""",177.000,2,E
4,Scott Piercy,"89' 4""",268.000,3,-2
5,Patrick Reed,"94' 6""",189.000,2,-2
6,Jimmy Walker,"95' 10""",95.833,1,-1
7,Alex Cejka,"96' 11""",193.833,2,E
8,Kevin Kisner,"115' 3""",115.250,1,-1
9,Padraig Harrington,"119' 1""",238.083,2,+1
10,Troy Merritt,"128' 4""",128.333,1,E
11,Chris Kirk,"129' 10""",129.833,1,E
12,J.B. Holmes,"131' 6""",131.500,1,-1
13,Steven Bowditch,"131' 7""",263.083,2,-2
14,Emiliano Grillo,"132' 10""",132.833,1,-1
15,Danny Lee,"137' 2""",137.167,1,-1
16,Brooks Koepka,"167' 0""",333.917,2,-2
17,Matt Every,"171' 7""",171.583,1,E
18,Smylie Kaufman,"194' 8""",194.667,1,-1
