rank,player,Avg,Total Distance (feet),# of Attempts,Relative to par
1,J.B. Holmes,"26' 6""",79.583,3,-3
2,Danny Lee,"39' 3""",196.250,5,-3
3,Davis Love III,"40' 3""",201.167,5,-2
4,Patrick Reed,"40' 10""",81.583,2,-1
5,Jordan Spieth,"44' 10""",403.333,9,-4
6,Zach Johnson,"47' 3""",330.833,7,-2
7,Russell Knox,"47' 7""",237.750,5,-2
8,David Lingmerth,"47' 11""",383.333,8,-5
9,Kevin Kisner,"49' 7""",247.917,5,-1
10,Troy Merritt,"54' 5""",435.167,8,-3
11,Emiliano Grillo,"54' 9""",712.083,13,-3
12,Brandt Snedeker,"55' 4""",387.500,7,E
13,Fabián Gómez,"55' 10""",334.917,6,-3
14,Alex Cejka,"56' 1""",392.333,7,E
15,Jimmy Walker,"57' 3""",171.833,3,-1
16,Graeme McDowell,"60' 0""",420.167,7,E
17,Matt Every,"60' 2""",360.833,6,E
18,Padraig Harrington,"60' 5""",362.417,6,-1
19,Rickie Fowler,"61' 7""",369.583,6,-3
20,James Hahn,"62' 8""",376.083,6,-1
21,Jason Day,"62' 10""",188.583,3,-2
22,Justin Thomas,"64' 11""",194.667,3,-1
23,Smylie Kaufman,"67' 0""",268.000,4,-3
24,Bill Haas,"68' 4""",341.583,5,-1
25,Chris Kirk,"71' 9""",717.583,10,-1
26,Brooks Koepka,"73' 10""",221.417,3,E
27,J.J. Henry,"74' 9""",448.500,6,E
28,Scott Piercy,"87' 10""",351.250,4,+2
29,Peter Malnati,"107' 0""",641.833,6,+1
30,Bubba Watson,"108' 1""",216.083,2,E
31,Dustin Johnson,"117' 8""",117.667,1,-1
