rank,player,Avg,Total 3 Putts,Total Rounds
1,Billy Horschel,1.25,5,4
2,Steven Bowditch,1.00,4,4
2,Nick Taylor,1.00,4,4
4,Sangmoon Bae,.75,3,4
4,Ben Crane,.75,3,4
4,Brian Harman,.75,3,4
4,Charley Hoffman,.75,3,4
4,J.B. Holmes,.75,3,4
4,Ben Martin,.75,3,4
4,Geoff Ogilvy,.75,3,4
4,John Senden,.75,3,4
4,Camilo Villegas,.75,3,4
13,Tim Clark,.50,2,4
13,Matt Every,.50,2,4
13,Chesson Hadley,.50,2,4
13,Zach Johnson,.50,2,4
13,Matt Jones,.50,2,4
13,Chris Kirk,.50,2,4
13,Hunter Mahan,.50,2,4
13,Ryan Moore,.50,2,4
13,S.Y. Noh,.50,2,4
13,Scott Stallings,.50,2,4
13,Kevin Streelman,.50,2,4
13,Brendon Todd,.50,2,4
25,Ángel Cabrera,.25,1,4
25,Jason Day,.25,1,4
25,Russell Henley,.25,1,4
25,Matt Kuchar,.25,1,4
25,Hideki Matsuyama,.25,1,4
25,Patrick Reed,.25,1,4
25,Robert Streb,.25,1,4
25,Jimmy Walker,.25,1,4
25,Bubba Watson,.25,1,4
