rank,player,Avg,Total Putts,Total Rounds
1,Hideki Matsuyama,26.00,26,1
2,Matt Kuchar,27.00,27,1
2,Patrick Reed,27.00,27,1
2,Brendon Todd,27.00,27,1
2,Jimmy Walker,27.00,27,1
2,Bubba Watson,27.00,27,1
7,Tim Clark,28.00,28,1
7,Camilo Villegas,28.00,28,1
9,Matt Jones,29.00,29,1
9,Chris Kirk,29.00,29,1
9,Robert Streb,29.00,29,1
9,Kevin Streelman,29.00,29,1
13,Matt Every,30.00,30,1
13,Chesson Hadley,30.00,30,1
13,Brian Harman,30.00,30,1
13,Zach Johnson,30.00,30,1
13,Hunter Mahan,30.00,30,1
13,S.Y. Noh,30.00,30,1
13,Nick Taylor,30.00,30,1
20,Sangmoon Bae,31.00,31,1
20,Ángel Cabrera,31.00,31,1
20,Ben Crane,31.00,31,1
20,Jason Day,31.00,31,1
20,Russell Henley,31.00,31,1
20,Ben Martin,31.00,31,1
20,Ryan Moore,31.00,31,1
20,John Senden,31.00,31,1
20,Scott Stallings,31.00,31,1
29,Geoff Ogilvy,32.00,32,1
30,Steven Bowditch,33.00,33,1
30,Billy Horschel,33.00,33,1
32,J.B. Holmes,34.00,34,1
33,Charley Hoffman,35.00,35,1
