rank,player,Avg,Total Putts,Total Rounds
1,Ben Crane,24.00,24,1
2,Charley Hoffman,26.00,26,1
3,Steven Bowditch,28.00,28,1
3,Hideki Matsuyama,28.00,28,1
3,Ryan Moore,28.00,28,1
3,S.Y. Noh,28.00,28,1
3,John Senden,28.00,28,1
8,Matt Every,29.00,29,1
8,Patrick Reed,29.00,29,1
8,Brendon Todd,29.00,29,1
8,Jimmy Walker,29.00,29,1
8,Bubba Watson,29.00,29,1
13,Tim Clark,30.00,30,1
13,Jason Day,30.00,30,1
13,Geoff Ogilvy,30.00,30,1
13,Camilo Villegas,30.00,30,1
17,Sangmoon Bae,31.00,31,1
17,Brian Harman,31.00,31,1
17,Russell Henley,31.00,31,1
17,J.B. Holmes,31.00,31,1
17,Zach Johnson,31.00,31,1
17,Matt Jones,31.00,31,1
17,Scott Stallings,31.00,31,1
17,Robert Streb,31.00,31,1
25,Ángel Cabrera,32.00,32,1
25,Billy Horschel,32.00,32,1
25,Chris Kirk,32.00,32,1
28,Matt Kuchar,33.00,33,1
28,Hunter Mahan,33.00,33,1
28,Kevin Streelman,33.00,33,1
28,Nick Taylor,33.00,33,1
32,Ben Martin,34.00,34,1
33,Chesson Hadley,35.00,35,1
