rank,player,Avg,Total 2 Putts,Total Rounds
1,Hunter Mahan,13.00,52,4
2,Ángel Cabrera,12.50,50,4
3,Chesson Hadley,12.25,49,4
3,Scott Stallings,12.25,49,4
5,Russell Henley,12.00,48,4
6,Charley Hoffman,11.75,47,4
6,J.B. Holmes,11.75,47,4
6,Robert Streb,11.75,47,4
6,Kevin Streelman,11.75,47,4
10,Billy Horschel,11.50,46,4
11,Geoff Ogilvy,11.25,45,4
11,Camilo Villegas,11.25,45,4
11,Jimmy Walker,11.25,45,4
14,Sangmoon Bae,11.00,44,4
14,Jason Day,11.00,44,4
14,Matt Jones,11.00,44,4
14,S.Y. Noh,11.00,44,4
18,Ben Martin,10.75,43,4
18,Ryan Moore,10.75,43,4
18,John Senden,10.75,43,4
21,Steven Bowditch,10.50,42,4
21,Tim Clark,10.50,42,4
21,Bubba Watson,10.50,42,4
24,Matt Kuchar,10.25,41,4
24,Hideki Matsuyama,10.25,41,4
24,Patrick Reed,10.25,41,4
24,Nick Taylor,10.25,41,4
24,Brendon Todd,10.25,41,4
29,Brian Harman,10.00,40,4
29,Chris Kirk,10.00,40,4
31,Ben Crane,9.75,39,4
32,Matt Every,9.25,37,4
32,Zach Johnson,9.25,37,4
