rank,player,Avg,Total Putts,Total Rounds
1,Matt Kuchar,26.00,26,1
2,Matt Every,27.00,27,1
2,Russell Henley,27.00,27,1
2,J.B. Holmes,27.00,27,1
5,Zach Johnson,28.00,28,1
5,Ben Martin,28.00,28,1
5,Kevin Streelman,28.00,28,1
5,Brendon Todd,28.00,28,1
9,Sangmoon Bae,29.00,29,1
9,Steven Bowditch,29.00,29,1
9,Brian Harman,29.00,29,1
9,Ryan Moore,29.00,29,1
9,Patrick Reed,29.00,29,1
9,Nick Taylor,29.00,29,1
15,Ángel Cabrera,30.00,30,1
15,Chesson Hadley,30.00,30,1
15,Matt Jones,30.00,30,1
15,John Senden,30.00,30,1
15,Scott Stallings,30.00,30,1
15,Robert Streb,30.00,30,1
21,Billy Horschel,31.00,31,1
21,Chris Kirk,31.00,31,1
21,Hideki Matsuyama,31.00,31,1
21,Geoff Ogilvy,31.00,31,1
21,Bubba Watson,31.00,31,1
26,Tim Clark,32.00,32,1
26,Jason Day,32.00,32,1
26,S.Y. Noh,32.00,32,1
26,Camilo Villegas,32.00,32,1
26,Jimmy Walker,32.00,32,1
31,Ben Crane,33.00,33,1
31,Charley Hoffman,33.00,33,1
31,Hunter Mahan,33.00,33,1
