rank,player,Avg,Total Putts,Total Rounds
1,Chris Kirk,23.00,23,1
2,Zach Johnson,24.00,24,1
3,Jason Day,25.00,25,1
4,Ben Martin,26.00,26,1
5,Matt Every,27.00,27,1
5,Matt Kuchar,27.00,27,1
5,Nick Taylor,27.00,27,1
8,Tim Clark,28.00,28,1
8,Brian Harman,28.00,28,1
10,Ben Crane,29.00,29,1
10,Chesson Hadley,29.00,29,1
10,S.Y. Noh,29.00,29,1
10,Patrick Reed,29.00,29,1
10,Bubba Watson,29.00,29,1
15,Matt Jones,30.00,30,1
15,Hideki Matsuyama,30.00,30,1
15,Geoff Ogilvy,30.00,30,1
18,Sangmoon Bae,31.00,31,1
18,Steven Bowditch,31.00,31,1
18,Ángel Cabrera,31.00,31,1
18,Charley Hoffman,31.00,31,1
18,Hunter Mahan,31.00,31,1
18,Ryan Moore,31.00,31,1
18,John Senden,31.00,31,1
18,Robert Streb,31.00,31,1
18,Jimmy Walker,31.00,31,1
27,Russell Henley,32.00,32,1
27,Billy Horschel,32.00,32,1
27,Scott Stallings,32.00,32,1
30,J.B. Holmes,33.00,33,1
30,Kevin Streelman,33.00,33,1
30,Brendon Todd,33.00,33,1
30,Camilo Villegas,33.00,33,1
