rank,player,Avg,Total SG:Putting,Measured Rounds
1,Jon Rahm,1.514,6.057,4
2,Collin Morikawa,1.413,5.652,4
3,Sam Burns,1.273,5.091,4
4,Max Homa,1.133,4.531,4
5,Matt Fitzpatrick,0.839,3.357,4
6,Patrick Cantlay,0.738,2.953,4
7,K.H. Lee,0.688,2.752,4
8,Seamus Power,0.667,2.667,4
9,Scott Stallings,0.645,2.578,4
10,Tom Hoge,0.556,2.223,4
11,Tony Finau,0.555,2.219,4
12,Scottie Scheffler,0.538,2.152,4
13,Will Zalatoris,0.509,2.034,4
14,J.J. Spaun,0.385,1.540,4
15,Hideki Matsuyama,0.368,1.470,4
16,Aaron Wise,0.335,1.338,4
17,Sepp Straka,0.324,1.296,4
18,Billy Horschel,0.322,1.286,4
19,J.T. Poston,0.149,0.596,4
20,Mackenzie Hughes,0.129,0.516,4
20,Jordan Spieth,0.129,0.514,4
22,Cameron Young,0.109,0.434,4
23,Viktor Hovland,-0.060,-0.242,4
24,Sungjae Im,-0.197,-0.787,4
25,Corey Conners,-0.234,-0.935,4
26,Tom Kim,-0.270,-1.080,4
27,Justin Thomas,-0.325,-1.302,4
28,Brian Harman,-0.368,-1.474,4
29,Luke List,-0.528,-2.112,4
30,Trey Mullinax,-0.678,-2.714,4
31,Chad Ramey,-0.698,-2.791,4
32,Ryan Brehm,-0.726,-2.906,4
33,Chez Reavie,-1.141,-4.564,4
34,Adam Scott,-1.420,-5.679,4
35,Keegan Bradley,-1.421,-5.684,4
36,Russell Henley,-1.487,-5.950,4
37,Sahith Theegala,-1.558,-6.234,4
38,Adam Svensson,-2.148,-8.593,4
