rank,player,Avg,Total SG:APP,Measured Rounds
1,Tom Hoge,2.557,10.230,4
2,Sepp Straka,1.420,5.680,4
3,Tom Kim,0.993,3.972,4
4,Russell Henley,0.897,3.589,4
5,Billy Horschel,0.881,3.523,4
6,Sungjae Im,0.748,2.991,4
7,Sahith Theegala,0.553,2.213,4
8,Max Homa,0.493,1.972,4
9,Luke List,0.410,1.642,4
10,Viktor Hovland,0.404,1.617,4
11,Tony Finau,0.355,1.421,4
12,Collin Morikawa,0.335,1.339,4
13,Corey Conners,0.320,1.280,4
14,Adam Svensson,0.133,0.533,4
15,K.H. Lee,0.127,0.510,4
16,Adam Scott,0.107,0.429,4
17,Mackenzie Hughes,0.089,0.356,4
18,J.T. Poston,0.080,0.322,4
19,Scottie Scheffler,0.060,0.240,4
20,Brian Harman,-0.018,-0.073,4
21,J.J. Spaun,-0.089,-0.354,4
22,Aaron Wise,-0.149,-0.595,4
23,Cameron Young,-0.181,-0.722,4
24,Justin Thomas,-0.212,-0.847,4
25,Chez Reavie,-0.223,-0.892,4
26,Jordan Spieth,-0.250,-1.001,4
27,Matt Fitzpatrick,-0.271,-1.082,4
28,Patrick Cantlay,-0.390,-1.560,4
29,Hideki Matsuyama,-0.413,-1.652,4
30,Will Zalatoris,-0.541,-2.164,4
31,Jon Rahm,-0.662,-2.648,4
32,Keegan Bradley,-0.667,-2.666,4
33,Trey Mullinax,-0.762,-3.049,4
34,Ryan Brehm,-0.983,-3.933,4
35,Chad Ramey,-1.094,-4.376,4
36,Scott Stallings,-1.135,-4.541,4
37,Sam Burns,-1.334,-5.336,4
38,Seamus Power,-1.350,-5.398,4
