rank,player,Avg,Total SG:ARG,Measured Rounds
1,Justin Thomas,1.089,4.354,4
2,Mackenzie Hughes,0.810,3.240,4
3,Jon Rahm,0.722,2.887,4
4,K.H. Lee,0.596,2.382,4
5,Hideki Matsuyama,0.568,2.271,4
6,Tom Kim,0.558,2.233,4
7,Jordan Spieth,0.535,2.139,4
8,Seamus Power,0.439,1.757,4
9,Brian Harman,0.366,1.465,4
9,Scottie Scheffler,0.366,1.463,4
11,Matt Fitzpatrick,0.360,1.441,4
12,J.J. Spaun,0.348,1.391,4
13,Trey Mullinax,0.285,1.141,4
14,Patrick Cantlay,0.118,0.472,4
15,Luke List,0.087,0.347,4
16,Viktor Hovland,0.027,0.108,4
17,Will Zalatoris,0.017,0.067,4
18,Sahith Theegala,0.000,-0.001,4
19,Sam Burns,-0.049,-0.196,4
20,Tony Finau,-0.052,-0.209,4
21,Corey Conners,-0.054,-0.216,4
22,Collin Morikawa,-0.056,-0.226,4
23,Aaron Wise,-0.062,-0.248,4
24,Adam Svensson,-0.067,-0.270,4
25,Adam Scott,-0.142,-0.568,4
26,Russell Henley,-0.154,-0.616,4
27,Keegan Bradley,-0.203,-0.811,4
28,Sepp Straka,-0.333,-1.331,4
29,Sungjae Im,-0.363,-1.453,4
30,Cameron Young,-0.397,-1.588,4
31,Chez Reavie,-0.429,-1.717,4
32,Scott Stallings,-0.450,-1.800,4
33,Max Homa,-0.592,-2.370,4
34,J.T. Poston,-0.601,-2.403,4
35,Billy Horschel,-0.622,-2.490,4
36,Ryan Brehm,-0.732,-2.928,4
37,Chad Ramey,-0.900,-3.602,4
38,Tom Hoge,-1.063,-4.251,4
