rank,player,Value,Attempts(<= 5'),Tot Made (>=20'),Tot Made (<= 5')
1,Will Zalatoris,109.80,51,5,51
2,Adam Hadwin,106.12,49,4,48
3,Cameron Young,106.00,50,4,49
4,Peter Malnati,105.66,53,4,52
5,Chris Gotterup,105.56,54,4,53
6,Si Woo Kim,105.36,56,4,55
7,Cam Davis,104.08,49,2,49
8,Harry Hall,104.00,50,2,50
9,Corey Conners,103.92,51,4,49
9,Sungjae Im,103.92,51,3,50
11,Christiaan Bezuidenhout,103.85,52,2,52
11,Akshay Bhatia,103.85,52,2,52
11,Sam Burns,103.85,52,3,51
11,Hideki Matsuyama,103.85,52,5,49
15,Tom Hoge,103.77,53,2,53
15,Aaron Rai,103.77,53,3,52
17,Wyndham Clark,103.64,55,3,54
17,Sahith Theegala,103.64,55,2,55
19,Keegan Bradley,103.57,56,4,54
19,Nick Dunlap,103.57,56,2,56
21,Adam Scott,103.51,57,2,57
21,Jhonattan Vegas,103.51,57,3,56
23,Matt Fitzpatrick,101.96,51,1,51
24,Thomas Detry,101.89,53,1,53
24,Tony Finau,101.89,53,3,51
24,Maverick McNealy,101.89,53,1,53
27,Eric Cole,101.85,54,1,54
28,Nico Echavarria,101.82,55,2,54
29,Max Greyserman,101.79,56,2,55
30,Russell Henley,101.75,57,2,56
30,Jake Knapp,101.75,57,2,56
30,Robert MacIntyre,101.75,57,1,57
33,Matt McCarty,101.69,59,2,58
34,Ludvig Åberg,100.00,48,0,48
34,Byeong Hun An,100.00,61,0,61
34,Patrick Cantlay,100.00,51,1,50
34,Austin Eckroat,100.00,52,2,50
34,Brice Garnett,100.00,63,2,61
34,Max Homa,100.00,58,2,56
34,Viktor Hovland,100.00,53,0,53
34,Stephan Jaeger,100.00,56,0,56
34,Chris Kirk,100.00,61,3,58
34,Denny McCarthy,100.00,59,1,58
34,Collin Morikawa,100.00,52,1,51
34,Matthieu Pavon,100.00,55,1,54
34,Taylor Pendrith,100.00,57,2,55
34,Xander Schauffele,100.00,59,1,58
34,Justin Thomas,100.00,55,2,53
49,Jason Day,98.39,62,1,60
50,J.T. Poston,98.36,61,4,56
51,Sepp Straka,98.15,54,0,53
52,Davis Thompson,98.11,53,1,51
53,Billy Horschel,96.97,66,1,63
54,Patton Kizzire,96.77,62,0,60
55,Rafael Campos,96.72,61,1,58
56,Brian Harman,96.67,60,1,57
57,Nick Taylor,95.16,62,0,59
58,Kevin Yu,94.83,58,0,55
