rank,player,Avg,GIR Putts,Greens Hit,Birdie Conversion
1,Cameron Young,1.547,82,53,50.94%
2,Hideki Matsuyama,1.556,98,63,53.23%
3,Sungjae Im,1.576,93,59,54.24%
4,Collin Morikawa,1.591,105,66,50.00%
5,Cam Davis,1.603,93,58,50.88%
6,Patrick Cantlay,1.621,94,58,47.37%
7,Taylor Pendrith,1.629,101,62,39.34%
8,Sam Burns,1.635,103,63,44.44%
8,Si Woo Kim,1.635,85,52,46.15%
10,Ludvig Åberg,1.644,97,59,44.07%
10,Wyndham Clark,1.644,97,59,45.76%
10,Adam Scott,1.644,97,59,49.15%
13,Harry Hall,1.645,102,62,41.94%
14,Justin Thomas,1.649,94,57,45.61%
15,Austin Eckroat,1.650,99,60,46.67%
16,Corey Conners,1.651,104,63,42.86%
17,Thomas Detry,1.655,96,58,48.28%
18,Max Greyserman,1.656,101,61,42.62%
19,Aaron Rai,1.661,103,62,43.55%
19,Sepp Straka,1.661,103,62,45.16%
21,Patton Kizzire,1.667,90,54,32.69%
22,Jhonattan Vegas,1.677,104,62,48.39%
23,Stephan Jaeger,1.679,89,53,45.28%
24,Matt Fitzpatrick,1.683,101,60,48.33%
25,Sahith Theegala,1.690,98,58,36.84%
26,Adam Hadwin,1.691,93,55,45.45%
26,Chris Kirk,1.691,93,55,40.00%
28,J.T. Poston,1.707,99,58,41.38%
29,Byeong Hun An,1.712,101,59,37.29%
30,Viktor Hovland,1.714,96,56,37.50%
31,Keegan Bradley,1.717,103,60,38.33%
32,Nico Echavarria,1.719,98,57,36.84%
32,Tom Hoge,1.719,110,64,35.94%
34,Peter Malnati,1.723,81,47,34.04%
35,Russell Henley,1.724,100,58,41.38%
36,Max Homa,1.730,109,63,38.10%
36,Maverick McNealy,1.730,109,63,42.86%
36,Will Zalatoris,1.730,109,63,34.92%
39,Kevin Yu,1.732,97,56,35.71%
40,Rafael Campos,1.737,99,57,33.33%
41,Christiaan Bezuidenhout,1.741,101,58,29.31%
42,Akshay Bhatia,1.750,98,56,35.71%
43,Jake Knapp,1.755,93,53,35.85%
44,Chris Gotterup,1.762,111,63,33.33%
45,Tony Finau,1.767,106,60,35.00%
45,Billy Horschel,1.767,106,60,30.00%
47,Davis Thompson,1.774,110,62,36.07%
48,Matthieu Pavon,1.780,89,50,34.00%
49,Jason Day,1.781,114,64,26.56%
50,Eric Cole,1.782,98,55,27.27%
50,Matt McCarty,1.782,98,55,29.09%
52,Denny McCarthy,1.783,107,60,30.00%
53,Nick Taylor,1.789,102,57,31.58%
54,Brice Garnett,1.797,106,59,28.81%
55,Xander Schauffele,1.803,110,61,37.70%
56,Robert MacIntyre,1.823,113,62,40.32%
57,Nick Dunlap,1.873,118,63,23.81%
58,Brian Harman,1.877,107,57,29.82%
