rank,player,Avg,# of Putts,# of Holes
1,Cameron Young,1.458,105,72
2,Hideki Matsuyama,1.486,107,72
3,Sungjae Im,1.514,109,72
3,Si Woo Kim,1.514,109,72
5,Thomas Detry,1.556,112,72
5,Collin Morikawa,1.556,112,72
7,Ludvig Åberg,1.569,113,72
7,Cam Davis,1.569,113,72
7,Peter Malnati,1.569,113,72
10,Patrick Cantlay,1.583,114,72
10,Harry Hall,1.583,114,72
10,Patton Kizzire,1.583,114,72
10,Matthieu Pavon,1.583,114,72
14,Sam Burns,1.597,115,72
14,Adam Hadwin,1.597,115,72
14,Taylor Pendrith,1.597,115,72
17,Akshay Bhatia,1.611,116,72
17,Wyndham Clark,1.611,116,72
17,Austin Eckroat,1.611,116,72
17,Stephan Jaeger,1.611,116,72
17,Chris Kirk,1.611,116,72
17,Justin Thomas,1.611,116,72
23,Nico Echavarria,1.625,117,72
23,Max Greyserman,1.625,117,72
23,Tom Hoge,1.625,117,72
23,Viktor Hovland,1.625,117,72
23,Adam Scott,1.625,117,72
28,Byeong Hun An,1.639,118,72
28,Christiaan Bezuidenhout,1.639,118,72
28,Eric Cole,1.639,118,72
28,Corey Conners,1.639,118,72
28,Matt Fitzpatrick,1.639,118,72
28,Aaron Rai,1.639,118,72
28,Sepp Straka,1.639,118,72
28,Sahith Theegala,1.639,118,72
28,Jhonattan Vegas,1.639,118,72
28,Kevin Yu,1.639,118,72
38,Keegan Bradley,1.653,119,72
38,Tony Finau,1.653,119,72
38,Maverick McNealy,1.653,119,72
38,J.T. Poston,1.653,119,72
42,Rafael Campos,1.667,120,72
42,Russell Henley,1.667,120,72
42,Matt McCarty,1.667,120,72
42,Will Zalatoris,1.667,120,72
46,Max Homa,1.681,121,72
46,Jake Knapp,1.681,121,72
46,Denny McCarthy,1.681,121,72
49,Brice Garnett,1.694,122,72
49,Nick Taylor,1.694,122,72
51,Billy Horschel,1.708,123,72
52,Xander Schauffele,1.722,124,72
52,Davis Thompson,1.722,124,72
54,Jason Day,1.736,125,72
54,Chris Gotterup,1.736,125,72
56,Robert MacIntyre,1.750,126,72
57,Brian Harman,1.778,128,72
58,Nick Dunlap,1.806,130,72
