rank,player,%,# Birdies,Greens Hit
1,Sungjae Im,54.24%,32,59
2,Hideki Matsuyama,53.23%,33,62
3,Cameron Young,50.94%,27,53
4,Cam Davis,50.88%,29,57
5,Collin Morikawa,50.00%,33,66
6,Adam Scott,49.15%,29,59
7,Jhonattan Vegas,48.39%,30,62
8,Matt Fitzpatrick,48.33%,29,60
9,Thomas Detry,48.28%,28,58
10,Patrick Cantlay,47.37%,27,57
11,Austin Eckroat,46.67%,28,60
12,Si Woo Kim,46.15%,24,52
13,Wyndham Clark,45.76%,27,59
14,Justin Thomas,45.61%,26,57
15,Adam Hadwin,45.45%,25,55
16,Stephan Jaeger,45.28%,24,53
17,Sepp Straka,45.16%,28,62
18,Sam Burns,44.44%,28,63
19,Ludvig Åberg,44.07%,26,59
20,Aaron Rai,43.55%,27,62
21,Corey Conners,42.86%,27,63
21,Maverick McNealy,42.86%,27,63
23,Max Greyserman,42.62%,26,61
24,Harry Hall,41.94%,26,62
25,Russell Henley,41.38%,24,58
25,J.T. Poston,41.38%,24,58
27,Robert MacIntyre,40.32%,25,62
28,Chris Kirk,40.00%,22,55
29,Taylor Pendrith,39.34%,24,61
30,Keegan Bradley,38.33%,23,60
31,Max Homa,38.10%,24,63
32,Xander Schauffele,37.70%,23,61
33,Viktor Hovland,37.50%,21,56
34,Byeong Hun An,37.29%,22,59
35,Nico Echavarria,36.84%,21,57
35,Sahith Theegala,36.84%,21,57
37,Davis Thompson,36.07%,22,61
38,Tom Hoge,35.94%,23,64
39,Jake Knapp,35.85%,19,53
40,Akshay Bhatia,35.71%,20,56
40,Kevin Yu,35.71%,20,56
42,Tony Finau,35.00%,21,60
43,Will Zalatoris,34.92%,22,63
44,Peter Malnati,34.04%,16,47
45,Matthieu Pavon,34.00%,17,50
46,Rafael Campos,33.33%,19,57
46,Chris Gotterup,33.33%,21,63
48,Patton Kizzire,32.69%,17,52
49,Nick Taylor,31.58%,18,57
50,Billy Horschel,30.00%,18,60
50,Denny McCarthy,30.00%,18,60
52,Brian Harman,29.82%,17,57
53,Christiaan Bezuidenhout,29.31%,17,58
54,Matt McCarty,29.09%,16,55
55,Brice Garnett,28.81%,17,59
56,Eric Cole,27.27%,15,55
57,Jason Day,26.56%,17,64
58,Nick Dunlap,23.81%,15,63
