rank,player,Total
1,Max Greyserman,25.8
2,Viktor Hovland,27.6
3,Patrick Cantlay,32.3
4,Ludvig Åberg,34.4
5,Cameron Young,35.1
6,Thomas Detry,37.3
7,Tom Hoge,37.8
7,Matthieu Pavon,37.8
9,Christiaan Bezuidenhout,39.8
10,Nico Echavarria,41.4
11,Taylor Pendrith,43.5
12,Sungjae Im,44.4
13,Austin Eckroat,44.8
14,Aaron Rai,45.2
15,Corey Conners,45.4
16,Maverick McNealy,46.0
17,Byeong Hun An,46.3
18,Peter Malnati,46.7
19,Sam Burns,47.2
20,Wyndham Clark,47.4
21,Stephan Jaeger,48.8
22,Matt Fitzpatrick,50.1
23,Akshay Bhatia,50.7
24,Will Zalatoris,51.7
25,Sepp Straka,52.0
26,Collin Morikawa,54.2
27,Rafael Campos,55.3
28,Eric Cole,56.2
29,Cam Davis,56.3
29,Hideki Matsuyama,56.3
29,Sahith Theegala,56.3
32,Tony Finau,57.3
33,Justin Thomas,59.4
34,Russell Henley,59.8
35,Robert MacIntyre,63.3
36,Nick Dunlap,63.6
37,Patton Kizzire,63.8
38,Keegan Bradley,64.3
39,Jhonattan Vegas,65.2
40,Harry Hall,66.2
41,Adam Hadwin,67.3
41,Jake Knapp,67.3
43,Jason Day,69.4
44,Matt McCarty,71.8
45,Xander Schauffele,73.6
46,Adam Scott,74.7
47,Si Woo Kim,75.2
48,Nick Taylor,78.4
49,Chris Kirk,78.8
50,J.T. Poston,79.9
51,Davis Thompson,82.4
52,Max Homa,83.0
53,Chris Gotterup,83.3
54,Kevin Yu,85.2
55,Denny McCarthy,86.0
56,Brice Garnett,89.4
57,Billy Horschel,90.3
58,Brian Harman,108.1
