rank,player,Avg RTP
1,Erik Compton,-.500
1,Brendon de Jonge,-.500
3,Keegan Bradley,-.462
4,Tadd Fujikawa,-.455
5,Chris DiMarco,-.444
6,David Hearn,-.429
6,Sean O'Hair,-.429
8,K.J. Choi,-.400
8,Matt Every,-.400
8,Chris Kirk,-.400
8,Carl Pettersson,-.400
12,Bud Cauley,-.375
12,Tom Pernice Jr.,-.375
14,Jerry Kelly,-.364
14,D.A. Points,-.364
14,Webb Simpson,-.364
17,Kris Blanks,-.333
17,Gavin Coles,-.333
17,Spencer Levin,-.333
17,Pat Perez,-.333
17,Michael Thompson,-.333
22,Scott Piercy,-.308
23,Stephen Ames,-.300
24,J.J. Killeen,-.286
25,Brian Harman,-.250
25,Tim Herron,-.250
25,Charles Howell III,-.250
25,Jarrod Lyle,-.250
25,George McNeill,-.250
25,Rory Sabbatini,-.250
25,Josh Teater,-.250
32,Brian Gay,-.222
33,Harrison Frazar,-.188
34,Bobby Gates,-.167
34,Zach Johnson,-.167
34,John Senden,-.167
34,Jhonattan Vegas,-.167
34,Johnson Wagner,-.167
39,Tommy Biershenk,-.143
39,Kevin Chappell,-.143
39,Colt Knost,-.143
39,Brendon Todd,-.143
43,Justin Leonard,-.125
43,Steve Stricker,-.125
45,Roberto Castro,-.111
45,Jeff Maggert,-.111
45,Duffy Waldorf,-.111
48,Harris English,-.100
48,John Huh,-.100
50,Will Claxton,-.091
50,Kyle Stanley,-.091
52,Greg Owen,-.083
53,Sangmoon Bae,E
53,Jonas Blixt,E
53,Stewart Cink,E
53,Billy Mayfair,E
53,S.Y. Noh,E
53,Koumei Oda,E
53,Joe Ogilvie,E
53,Jeff Overton,E
53,Corey Pavin,E
53,"Ted Potter, Jr.",E
53,John Rollins,E
53,Vijay Singh,E
53,Chris Stroud,E
66,Doug LaBelle II,+.111
67,Ken Duke,+.125
67,William McGirt,+.125
69,Graham DeLaet,+.182
70,Daniel Summerhays,+.500
