rank,player,Avg RTP
1,Graham DeLaet,-1.000
1,Carl Pettersson,-1.000
3,Tommy Biershenk,-.500
3,Chris DiMarco,-.500
3,John Senden,-.500
3,Brendon Todd,-.500
7,Keegan Bradley,-.400
8,Will Claxton,-.333
8,Vijay Singh,-.333
8,Chris Stroud,-.333
11,Jeff Maggert,-.286
12,David Hearn,-.250
12,Sean O'Hair,-.250
12,Kyle Stanley,-.250
15,Jonas Blixt,-.167
15,D.A. Points,-.167
15,Rory Sabbatini,-.167
18,Sangmoon Bae,E
18,Kris Blanks,E
18,Harrison Frazar,E
18,Tadd Fujikawa,E
18,Bobby Gates,E
18,Chris Kirk,E
18,Doug LaBelle II,E
18,Billy Mayfair,E
18,William McGirt,E
18,Koumei Oda,E
18,Greg Owen,E
18,John Rollins,E
18,Webb Simpson,E
18,Steve Stricker,E
18,Josh Teater,E
18,Johnson Wagner,E
34,Spencer Levin,+.125
34,Jhonattan Vegas,+.125
36,Matt Every,+.143
36,S.Y. Noh,+.143
36,Corey Pavin,+.143
36,Michael Thompson,+.143
40,Stewart Cink,+.200
40,Tim Herron,+.200
40,Justin Leonard,+.200
40,Jarrod Lyle,+.200
40,"Ted Potter, Jr.",+.200
45,K.J. Choi,+.250
45,Brian Gay,+.250
45,George McNeill,+.250
48,Kevin Chappell,+.286
48,Charles Howell III,+.286
50,Stephen Ames,+.333
50,Bud Cauley,+.333
50,John Huh,+.333
50,Zach Johnson,+.333
50,Jerry Kelly,+.333
50,Joe Ogilvie,+.333
50,Duffy Waldorf,+.333
57,Erik Compton,+.400
57,Pat Perez,+.400
57,Scott Piercy,+.400
60,Tom Pernice Jr.,+.429
61,Roberto Castro,+.500
61,Gavin Coles,+.500
61,Brendon de Jonge,+.500
64,J.J. Killeen,+.600
65,Ken Duke,+.667
65,Brian Harman,+.667
65,Colt Knost,+.667
65,Jeff Overton,+.667
69,Harris English,+.800
70,Daniel Summerhays,+1.000
