rank,player,Avg RTP
1,Ken Duke,-1.000
1,Harrison Frazar,-1.000
1,Jerry Kelly,-1.000
1,Greg Owen,-1.000
1,Vijay Singh,-1.000
1,Steve Stricker,-1.000
1,Daniel Summerhays,-1.000
8,Stewart Cink,-.667
8,Joe Ogilvie,-.667
10,Jeff Maggert,-.500
10,Jeff Overton,-.500
10,Michael Thompson,-.500
13,Sangmoon Bae,-.333
13,Kris Blanks,-.333
15,Jonas Blixt,E
15,Roberto Castro,E
15,Kevin Chappell,E
15,K.J. Choi,E
15,Will Claxton,E
15,Gavin Coles,E
15,Erik Compton,E
15,Brendon de Jonge,E
15,Chris DiMarco,E
15,Matt Every,E
15,Bobby Gates,E
15,Brian Gay,E
15,Brian Harman,E
15,Tim Herron,E
15,Charles Howell III,E
15,Zach Johnson,E
15,J.J. Killeen,E
15,Colt Knost,E
15,Spencer Levin,E
15,Jarrod Lyle,E
15,William McGirt,E
15,S.Y. Noh,E
15,Sean O'Hair,E
15,Koumei Oda,E
15,Pat Perez,E
15,Tom Pernice Jr.,E
15,Carl Pettersson,E
15,D.A. Points,E
15,"Ted Potter, Jr.",E
15,John Rollins,E
15,Webb Simpson,E
15,Kyle Stanley,E
15,Chris Stroud,E
15,Josh Teater,E
15,Jhonattan Vegas,E
15,Johnson Wagner,E
15,Duffy Waldorf,E
52,Bud Cauley,+.250
53,Tadd Fujikawa,+.333
54,Justin Leonard,+.400
55,Tommy Biershenk,+.500
55,Doug LaBelle II,+.500
55,Billy Mayfair,+.500
55,George McNeill,+.500
55,Corey Pavin,+.500
55,Brendon Todd,+.500
61,Graham DeLaet,+.667
61,David Hearn,+.667
61,Rory Sabbatini,+.667
64,Stephen Ames,+1.000
64,Harris English,+1.000
64,Chris Kirk,+1.000
64,Scott Piercy,+1.000
