rank,player,Avg RTP
1,Stewart Cink,-1.000
1,Ken Duke,-1.000
1,Harrison Frazar,-1.000
1,Greg Owen,-1.000
1,Vijay Singh,-1.000
1,Steve Stricker,-1.000
1,Daniel Summerhays,-1.000
8,Jeff Maggert,-.500
8,Joe Ogilvie,-.500
8,Jeff Overton,-.500
8,Jhonattan Vegas,-.500
12,Chris Stroud,-.333
13,Kris Blanks,E
13,Jonas Blixt,E
13,Roberto Castro,E
13,Bud Cauley,E
13,Kevin Chappell,E
13,Will Claxton,E
13,Erik Compton,E
13,Brendon de Jonge,E
13,Graham DeLaet,E
13,Harris English,E
13,Matt Every,E
13,Brian Gay,E
13,Tim Herron,E
13,Charles Howell III,E
13,J.J. Killeen,E
13,Colt Knost,E
13,Doug LaBelle II,E
13,Spencer Levin,E
13,George McNeill,E
13,S.Y. Noh,E
13,Sean O'Hair,E
13,Corey Pavin,E
13,Tom Pernice Jr.,E
13,"Ted Potter, Jr.",E
13,John Rollins,E
13,Webb Simpson,E
13,Kyle Stanley,E
13,Duffy Waldorf,E
41,Gavin Coles,+.250
42,D.A. Points,+.333
42,Johnson Wagner,+.333
44,Tadd Fujikawa,+.500
44,Justin Leonard,+.500
46,Stephen Ames,+1.000
46,Tommy Biershenk,+1.000
46,David Hearn,+1.000
46,Zach Johnson,+1.000
46,Billy Mayfair,+1.000
46,Koumei Oda,+1.000
46,Brendon Todd,+1.000
53,Rory Sabbatini,+1.500
