rank,player,Avg RTP
1,George McNeill,-.286
2,Johnson Wagner,-.250
3,Jeff Maggert,-.235
4,Stewart Cink,-.200
4,Graham DeLaet,-.200
6,Ken Duke,-.182
6,Spencer Levin,-.182
8,Charles Howell III,-.143
8,Pat Perez,-.143
10,Brian Gay,-.125
11,Carl Pettersson,-.118
12,Sangmoon Bae,-.091
12,Koumei Oda,-.091
14,Harrison Frazar,-.077
15,Joe Ogilvie,-.067
16,Will Claxton,E
16,Matt Every,E
16,Jerry Kelly,E
16,Chris Kirk,E
16,Billy Mayfair,E
16,S.Y. Noh,E
16,Sean O'Hair,E
16,Greg Owen,E
16,Corey Pavin,E
16,D.A. Points,E
16,John Rollins,E
16,John Senden,E
16,Kyle Stanley,E
16,Michael Thompson,E
30,Tommy Biershenk,+.067
30,Steve Stricker,+.067
32,"Ted Potter, Jr.",+.071
33,William McGirt,+.083
33,Webb Simpson,+.083
35,Tadd Fujikawa,+.091
35,Bobby Gates,+.091
35,Colt Knost,+.091
35,Brendon Todd,+.091
39,Roberto Castro,+.100
40,Kris Blanks,+.111
41,Doug LaBelle II,+.118
42,Jeff Overton,+.125
43,Brendon de Jonge,+.154
43,Zach Johnson,+.154
45,Jhonattan Vegas,+.158
46,David Hearn,+.167
46,Daniel Summerhays,+.167
48,Chris Stroud,+.214
49,Jonas Blixt,+.222
49,Keegan Bradley,+.222
49,Justin Leonard,+.222
49,Tom Pernice Jr.,+.222
49,Duffy Waldorf,+.222
54,J.J. Killeen,+.231
55,Rory Sabbatini,+.250
56,Erik Compton,+.267
57,Bud Cauley,+.273
57,Scott Piercy,+.273
59,Kevin Chappell,+.286
59,K.J. Choi,+.286
61,Stephen Ames,+.300
62,Josh Teater,+.333
63,John Huh,+.364
64,Gavin Coles,+.375
64,Chris DiMarco,+.375
64,Tim Herron,+.375
67,Jarrod Lyle,+.400
68,Brian Harman,+.500
68,Vijay Singh,+.500
70,Harris English,+1.000
