rank,player,%,Total Birdies,Total Holes
1,K.J. Choi,45.00,9,20
2,Harrison Frazar,40.00,4,10
3,Johnson Wagner,35.29,6,17
4,Jerry Kelly,31.58,6,19
5,Jeff Overton,31.25,5,16
6,Bobby Gates,30.77,4,13
7,Brendon de Jonge,30.00,6,20
7,Matt Every,30.00,6,20
9,Stewart Cink,28.57,4,14
9,Harris English,28.57,4,14
11,Keegan Bradley,26.32,5,19
11,Spencer Levin,26.32,5,19
11,Chris Stroud,26.32,5,19
14,Charles Howell III,25.00,4,16
14,Vijay Singh,25.00,6,24
16,John Rollins,23.53,4,17
17,D.A. Points,23.08,3,13
17,Michael Thompson,23.08,6,26
19,Bud Cauley,22.73,5,22
19,David Hearn,22.73,5,22
21,Scott Piercy,22.22,4,18
21,Kyle Stanley,22.22,4,18
23,Corey Pavin,21.43,3,14
24,John Huh,21.05,4,19
24,J.J. Killeen,21.05,4,19
26,Daniel Summerhays,20.83,5,24
26,Josh Teater,20.83,5,24
28,Kris Blanks,20.00,5,25
28,George McNeill,20.00,4,20
28,Joe Ogilvie,20.00,3,15
31,Brendon Todd,19.23,5,26
32,Erik Compton,19.05,4,21
32,Doug LaBelle II,19.05,4,21
32,William McGirt,19.05,4,21
32,"Ted Potter, Jr.",19.05,4,21
36,Koumei Oda,18.75,3,16
36,Duffy Waldorf,18.75,3,16
38,Kevin Chappell,18.18,4,22
38,Chris Kirk,18.18,4,22
40,Ken Duke,17.65,3,17
41,Brian Harman,16.67,3,18
41,Rory Sabbatini,16.67,4,24
41,Jhonattan Vegas,16.67,3,18
44,Sean O'Hair,16.00,4,25
45,Justin Leonard,15.79,3,19
46,Greg Owen,15.38,2,13
47,Brian Gay,15.00,3,20
47,Carl Pettersson,15.00,3,20
49,Graham DeLaet,14.29,3,21
49,Chris DiMarco,14.29,3,21
49,Billy Mayfair,14.29,3,21
52,Roberto Castro,13.64,3,22
53,Jarrod Lyle,13.33,2,15
54,Jeff Maggert,12.50,3,24
55,Tim Herron,10.53,2,19
55,Tom Pernice Jr.,10.53,2,19
57,Jonas Blixt,10.00,2,20
57,Will Claxton,10.00,2,20
57,Tadd Fujikawa,10.00,2,20
60,Colt Knost,9.09,2,22
61,Sangmoon Bae,6.67,1,15
61,Tommy Biershenk,6.67,1,15
61,Webb Simpson,6.67,1,15
64,Gavin Coles,6.25,1,16
65,Stephen Ames,5.56,1,18
66,Zach Johnson,4.76,1,21
67,John Senden,4.00,1,25
68,Pat Perez,3.85,1,26
69,S.Y. Noh,.00,0,16
69,Steve Stricker,.00,0,19
