rank,player,Avg RTP
1,Brian Gay,-1.000
1,Brian Harman,-1.000
1,David Hearn,-1.000
1,Charles Howell III,-1.000
1,Zach Johnson,-1.000
1,Vijay Singh,-1.000
1,Kyle Stanley,-1.000
1,Josh Teater,-1.000
1,Jhonattan Vegas,-1.000
10,Gavin Coles,-.500
10,S.Y. Noh,-.500
10,Corey Pavin,-.500
10,Michael Thompson,-.500
14,Steve Stricker,-.333
15,Sangmoon Bae,E
15,Tommy Biershenk,E
15,Kris Blanks,E
15,Roberto Castro,E
15,Will Claxton,E
15,Chris DiMarco,E
15,Ken Duke,E
15,Jerry Kelly,E
15,Colt Knost,E
15,Doug LaBelle II,E
15,Jarrod Lyle,E
15,Koumei Oda,E
15,Greg Owen,E
15,Tom Pernice Jr.,E
15,Scott Piercy,E
15,Brendon Todd,E
15,Johnson Wagner,E
15,Duffy Waldorf,E
33,George McNeill,+.333
34,Stephen Ames,+1.000
34,Keegan Bradley,+1.000
34,Kevin Chappell,+1.000
34,K.J. Choi,+1.000
34,Justin Leonard,+1.000
34,John Rollins,+1.000
40,Erik Compton,+2.000
40,Graham DeLaet,+2.000
