rank,player,Avg RTP
1,Spencer Levin,-.417
2,Keegan Bradley,-.385
2,Johnson Wagner,-.385
4,Harris English,-.364
4,Jeff Overton,-.364
6,Charles Howell III,-.333
6,Vijay Singh,-.333
8,K.J. Choi,-.313
8,David Hearn,-.313
10,Matt Every,-.308
11,Harrison Frazar,-.300
11,Jhonattan Vegas,-.300
13,J.J. Killeen,-.273
14,Brendon de Jonge,-.267
14,Sean O'Hair,-.267
16,Chris Kirk,-.250
16,Koumei Oda,-.250
16,Daniel Summerhays,-.250
19,William McGirt,-.231
19,Josh Teater,-.231
21,Michael Thompson,-.222
22,George McNeill,-.214
23,Jerry Kelly,-.200
23,Duffy Waldorf,-.200
25,Ken Duke,-.182
26,Justin Leonard,-.154
27,Kevin Chappell,-.143
27,Colt Knost,-.143
27,Doug LaBelle II,-.143
30,Tadd Fujikawa,-.133
31,Jarrod Lyle,-.125
32,Kris Blanks,-.118
33,Joe Ogilvie,-.111
33,Brendon Todd,-.111
35,Gavin Coles,-.100
35,D.A. Points,-.100
35,Webb Simpson,-.100
38,Jonas Blixt,-.091
38,Bobby Gates,-.091
40,Will Claxton,-.083
40,Corey Pavin,-.083
40,Carl Pettersson,-.083
40,"Ted Potter, Jr.",-.083
44,Brian Harman,-.077
44,Jeff Maggert,-.077
44,Tom Pernice Jr.,-.077
47,Rory Sabbatini,-.071
47,Chris Stroud,-.071
49,Graham DeLaet,-.063
49,John Huh,-.063
51,Roberto Castro,-.059
51,Erik Compton,-.059
53,Bud Cauley,E
53,Stewart Cink,E
53,Chris DiMarco,E
53,Brian Gay,E
53,Tim Herron,E
53,Billy Mayfair,E
53,Greg Owen,E
53,John Rollins,E
61,Stephen Ames,+.083
61,John Senden,+.083
63,S.Y. Noh,+.091
63,Kyle Stanley,+.091
63,Steve Stricker,+.091
66,Sangmoon Bae,+.100
66,Scott Piercy,+.100
68,Pat Perez,+.167
69,Tommy Biershenk,+.182
70,Zach Johnson,+.214
