rank,player,Avg RTP
1,Ken Duke,-2.000
2,Kris Blanks,-1.000
2,Keegan Bradley,-1.000
2,Kevin Chappell,-1.000
2,K.J. Choi,-1.000
2,Stewart Cink,-1.000
2,Will Claxton,-1.000
2,Gavin Coles,-1.000
2,Harrison Frazar,-1.000
2,Brian Gay,-1.000
2,Jerry Kelly,-1.000
2,Chris Kirk,-1.000
2,Jeff Maggert,-1.000
2,Greg Owen,-1.000
2,Corey Pavin,-1.000
2,John Rollins,-1.000
2,Kyle Stanley,-1.000
2,Daniel Summerhays,-1.000
2,Josh Teater,-1.000
20,Tom Pernice Jr.,-.750
21,Chris DiMarco,E
21,Tadd Fujikawa,E
21,Bobby Gates,E
21,Charles Howell III,E
21,Spencer Levin,E
21,Jarrod Lyle,E
21,Billy Mayfair,E
21,Scott Piercy,E
21,D.A. Points,E
21,"Ted Potter, Jr.",E
21,John Senden,E
32,Michael Thompson,+1.000
