rank,player,Avg RTP
1,Daniel Summerhays,-.667
2,Harrison Frazar,-.600
2,Carl Pettersson,-.600
4,Chris DiMarco,-.571
5,Chris Kirk,-.500
5,Colt Knost,-.500
5,Corey Pavin,-.500
5,Chris Stroud,-.500
9,Kris Blanks,-.429
9,Jonas Blixt,-.429
11,Stephen Ames,-.400
11,Pat Perez,-.400
13,Brian Gay,-.375
13,David Hearn,-.375
13,Charles Howell III,-.375
13,Tom Pernice Jr.,-.375
13,D.A. Points,-.375
18,Tadd Fujikawa,-.333
18,Bobby Gates,-.333
18,Jerry Kelly,-.333
18,Spencer Levin,-.333
18,Joe Ogilvie,-.333
18,John Senden,-.333
24,Billy Mayfair,-.286
24,"Ted Potter, Jr.",-.286
24,Michael Thompson,-.286
27,Kevin Chappell,-.250
27,Stewart Cink,-.250
27,Will Claxton,-.250
27,John Huh,-.250
27,William McGirt,-.250
27,Sean O'Hair,-.250
27,Vijay Singh,-.250
34,Brendon de Jonge,-.200
34,Ken Duke,-.200
34,Harris English,-.200
34,George McNeill,-.200
34,Steve Stricker,-.200
34,Josh Teater,-.200
40,K.J. Choi,-.167
40,Gavin Coles,-.167
40,Jeff Maggert,-.167
40,Greg Owen,-.167
44,Sangmoon Bae,E
44,Keegan Bradley,E
44,Roberto Castro,E
44,Bud Cauley,E
44,Erik Compton,E
44,Graham DeLaet,E
44,Matt Every,E
44,Brian Harman,E
44,Tim Herron,E
44,Zach Johnson,E
44,J.J. Killeen,E
44,S.Y. Noh,E
44,John Rollins,E
44,Rory Sabbatini,E
44,Kyle Stanley,E
44,Brendon Todd,E
44,Johnson Wagner,E
44,Duffy Waldorf,E
62,Justin Leonard,+.200
62,Scott Piercy,+.200
62,Webb Simpson,+.200
62,Jhonattan Vegas,+.200
66,Doug LaBelle II,+.250
66,Jarrod Lyle,+.250
66,Koumei Oda,+.250
69,Tommy Biershenk,+.333
70,Jeff Overton,+.667
