rank,player,Avg RTP
1,Sangmoon Bae,-.308
2,Joe Ogilvie,-.273
3,Will Claxton,-.231
3,Harrison Frazar,-.231
5,John Rollins,-.214
6,Chris Stroud,-.188
7,Stephen Ames,-.176
7,Charles Howell III,-.176
7,Duffy Waldorf,-.176
10,Brian Harman,-.167
11,Graham DeLaet,-.154
11,Brian Gay,-.154
11,George McNeill,-.154
14,Koumei Oda,-.143
14,Rory Sabbatini,-.143
16,Billy Mayfair,-.133
17,Ken Duke,-.125
17,Colt Knost,-.125
19,Tadd Fujikawa,-.100
19,Carl Pettersson,-.100
21,Zach Johnson,-.091
22,Gavin Coles,-.083
22,John Huh,-.083
22,Pat Perez,-.083
25,Roberto Castro,-.077
25,William McGirt,-.077
25,Jeff Overton,-.077
25,John Senden,-.077
29,Stewart Cink,-.071
29,Tim Herron,-.071
29,Spencer Levin,-.071
29,Jarrod Lyle,-.071
29,Tom Pernice Jr.,-.071
34,Brendon de Jonge,-.067
35,Tommy Biershenk,-.063
35,Doug LaBelle II,-.063
37,Jonas Blixt,E
37,Bud Cauley,E
37,Chris DiMarco,E
37,Matt Every,E
37,David Hearn,E
37,Jeff Maggert,E
37,Sean O'Hair,E
37,Scott Piercy,E
37,"Ted Potter, Jr.",E
37,Webb Simpson,E
37,Steve Stricker,E
37,Michael Thompson,E
37,Brendon Todd,E
37,Johnson Wagner,E
51,Corey Pavin,+.059
52,Jerry Kelly,+.063
53,Daniel Summerhays,+.067
54,Kris Blanks,+.071
55,Kevin Chappell,+.083
56,Keegan Bradley,+.091
56,S.Y. Noh,+.091
56,Kyle Stanley,+.091
59,Erik Compton,+.111
60,Bobby Gates,+.143
60,Vijay Singh,+.143
62,Harris English,+.154
63,D.A. Points,+.167
64,J.J. Killeen,+.231
64,Justin Leonard,+.231
66,Josh Teater,+.273
67,Chris Kirk,+.286
68,Greg Owen,+.300
69,K.J. Choi,+.385
70,Jhonattan Vegas,+.417
