rank,player,Avg RTP
1,Colt Knost,-1.000
1,Billy Mayfair,-1.000
1,William McGirt,-1.000
1,Corey Pavin,-1.000
1,Johnson Wagner,-1.000
6,Jhonattan Vegas,-.667
7,John Rollins,-.333
8,Harris English,-.200
9,Stephen Ames,E
9,Sangmoon Bae,E
9,Tommy Biershenk,E
9,Roberto Castro,E
9,Bud Cauley,E
9,K.J. Choi,E
9,Graham DeLaet,E
9,Bobby Gates,E
9,Brian Harman,E
9,David Hearn,E
9,Tim Herron,E
9,Zach Johnson,E
9,Chris Kirk,E
9,Doug LaBelle II,E
9,Justin Leonard,E
9,Spencer Levin,E
9,Jarrod Lyle,E
9,Jeff Maggert,E
9,Greg Owen,E
9,Tom Pernice Jr.,E
9,Carl Pettersson,E
9,Rory Sabbatini,E
9,Webb Simpson,E
9,Vijay Singh,E
9,Josh Teater,E
34,John Huh,+.333
35,Daniel Summerhays,+.500
36,Keegan Bradley,+1.000
36,Chris DiMarco,+1.000
36,S.Y. Noh,+1.000
36,Joe Ogilvie,+1.000
36,Jeff Overton,+1.000
36,Scott Piercy,+1.000
36,Steve Stricker,+1.000
36,Duffy Waldorf,+1.000
44,Erik Compton,+2.000
