rank,player,Avg RTP
1,Bud Cauley,-.500
1,Will Claxton,-.500
1,Erik Compton,-.500
1,George McNeill,-.500
1,Rory Sabbatini,-.500
1,Michael Thompson,-.500
7,Sean O'Hair,-.333
7,Koumei Oda,-.333
9,Sangmoon Bae,-.250
9,Charles Howell III,-.250
9,Zach Johnson,-.250
9,S.Y. Noh,-.250
13,Joe Ogilvie,-.200
14,Brendon de Jonge,-.143
15,Ken Duke,-.125
16,Jonas Blixt,E
16,K.J. Choi,E
16,Gavin Coles,E
16,Graham DeLaet,E
16,Matt Every,E
16,Brian Gay,E
16,David Hearn,E
16,J.J. Killeen,E
16,Chris Kirk,E
16,Doug LaBelle II,E
16,Jeff Maggert,E
16,"Ted Potter, Jr.",E
16,John Rollins,E
16,John Senden,E
16,Vijay Singh,E
16,Kyle Stanley,E
16,Daniel Summerhays,E
16,Brendon Todd,E
16,Jhonattan Vegas,E
16,Johnson Wagner,E
16,Duffy Waldorf,E
37,Harrison Frazar,+.100
38,Brian Harman,+.111
38,Tim Herron,+.111
40,Greg Owen,+.143
40,Carl Pettersson,+.143
40,Webb Simpson,+.143
43,Tadd Fujikawa,+.167
43,William McGirt,+.167
45,Roberto Castro,+.200
45,D.A. Points,+.200
47,Spencer Levin,+.250
47,Billy Mayfair,+.250
47,Pat Perez,+.250
47,Steve Stricker,+.250
51,Tommy Biershenk,+.333
51,Keegan Bradley,+.333
51,Stewart Cink,+.333
51,Bobby Gates,+.333
51,John Huh,+.333
51,Tom Pernice Jr.,+.333
51,Chris Stroud,+.333
58,Stephen Ames,+.500
58,Chris DiMarco,+.500
58,Harris English,+.500
58,Jeff Overton,+.500
62,Jarrod Lyle,+.625
63,Josh Teater,+.750
64,Kris Blanks,+.833
65,Kevin Chappell,+1.000
65,Colt Knost,+1.000
65,Scott Piercy,+1.000
