rank,player,Avg RTP
1,Jerry Kelly,-1.000
1,Koumei Oda,-1.000
1,D.A. Points,-1.000
1,Michael Thompson,-1.000
1,Johnson Wagner,-1.000
6,Sangmoon Bae,E
6,Tommy Biershenk,E
6,Kevin Chappell,E
6,Chris DiMarco,E
6,Matt Every,E
6,Tadd Fujikawa,E
6,Bobby Gates,E
6,Brian Gay,E
6,Brian Harman,E
6,David Hearn,E
6,Tim Herron,E
6,Colt Knost,E
6,Justin Leonard,E
6,Jarrod Lyle,E
6,Billy Mayfair,E
6,William McGirt,E
6,S.Y. Noh,E
6,Pat Perez,E
6,Carl Pettersson,E
6,Josh Teater,E
6,Brendon Todd,E
27,Bud Cauley,+.500
28,Doug LaBelle II,+.667
29,George McNeill,+1.000
29,Corey Pavin,+1.000
31,Harris English,+2.000
