rank,player,Avg RTP
1,Tommy Biershenk,-2.000
1,Johnson Wagner,-2.000
3,Stephen Ames,-1.000
3,Kris Blanks,-1.000
3,Chris DiMarco,-1.000
3,John Huh,-1.000
3,Doug LaBelle II,-1.000
3,Justin Leonard,-1.000
3,Jeff Maggert,-1.000
3,Billy Mayfair,-1.000
3,S.Y. Noh,-1.000
3,Pat Perez,-1.000
3,Carl Pettersson,-1.000
3,Kyle Stanley,-1.000
3,Michael Thompson,-1.000
3,Brendon Todd,-1.000
17,K.J. Choi,-.500
17,Harris English,-.500
17,Duffy Waldorf,-.500
20,Chris Kirk,E
20,Joe Ogilvie,E
20,Jeff Overton,E
20,Corey Pavin,E
20,"Ted Potter, Jr.",E
20,Josh Teater,E
26,Jerry Kelly,+1.000
