rank,player,%,Total Birdies,Total Holes
1,Michael Thompson,45.45,5,11
2,Erik Compton,44.44,4,9
3,Sean O'Hair,41.67,5,12
4,D.A. Points,41.18,7,17
5,Bud Cauley,40.00,4,10
5,Rory Sabbatini,40.00,4,10
7,Jerry Kelly,36.36,4,11
8,Brendon de Jonge,35.71,5,14
9,Keegan Bradley,35.29,6,17
10,Chris DiMarco,33.33,4,12
11,Stephen Ames,30.77,4,13
11,Matt Every,30.77,4,13
13,Kevin Chappell,30.00,3,10
13,Gavin Coles,30.00,3,10
15,Tadd Fujikawa,29.41,5,17
15,Tim Herron,29.41,5,17
17,Webb Simpson,27.78,5,18
18,Zach Johnson,27.27,3,11
18,Chris Kirk,27.27,3,11
18,Tom Pernice Jr.,27.27,3,11
21,Scott Piercy,26.67,4,15
22,David Hearn,25.00,3,12
22,George McNeill,25.00,3,12
22,Koumei Oda,25.00,4,16
22,Corey Pavin,25.00,1,4
22,John Senden,25.00,3,12
27,Ken Duke,23.53,4,17
27,S.Y. Noh,23.53,4,17
27,Carl Pettersson,23.53,4,17
30,Pat Perez,23.08,3,13
30,Jhonattan Vegas,23.08,3,13
32,Charles Howell III,22.22,2,9
32,Colt Knost,22.22,2,9
32,Kyle Stanley,22.22,4,18
35,Harris English,21.43,3,14
35,John Huh,21.43,3,14
37,K.J. Choi,20.00,2,10
37,Stewart Cink,20.00,3,15
37,Will Claxton,20.00,3,15
37,Jeff Maggert,20.00,2,10
41,Harrison Frazar,18.52,5,27
42,Jonas Blixt,18.18,2,11
42,Brian Gay,18.18,2,11
44,Brian Harman,17.65,3,17
45,Kris Blanks,16.67,2,12
46,J.J. Killeen,15.38,2,13
46,Steve Stricker,15.38,2,13
46,Josh Teater,15.38,2,13
49,Roberto Castro,14.29,2,14
50,Graham DeLaet,13.33,2,15
50,Joe Ogilvie,13.33,2,15
52,Tommy Biershenk,12.50,2,16
52,Justin Leonard,12.50,1,8
52,Jarrod Lyle,12.50,2,16
52,Brendon Todd,12.50,1,8
56,John Rollins,11.11,1,9
57,Bobby Gates,10.53,2,19
57,Greg Owen,10.53,2,19
59,Doug LaBelle II,10.00,1,10
59,Spencer Levin,10.00,1,10
59,Vijay Singh,10.00,1,10
59,Johnson Wagner,10.00,1,10
63,Duffy Waldorf,7.69,1,13
64,Sangmoon Bae,6.67,1,15
64,Chris Stroud,6.67,1,15
66,Billy Mayfair,.00,0,11
66,William McGirt,.00,0,14
66,Jeff Overton,.00,0,15
66,"Ted Potter, Jr.",.00,0,9
66,Daniel Summerhays,.00,0,6
