rank,player,Avg RTP
1,Pat Perez,-1.000
2,Webb Simpson,-.750
3,Graham DeLaet,-.667
4,Steve Stricker,-.600
5,Tommy Biershenk,-.500
5,Kevin Chappell,-.500
5,Harris English,-.500
5,John Huh,-.500
5,D.A. Points,-.500
5,Kyle Stanley,-.500
11,Johnson Wagner,-.417
12,Kris Blanks,-.400
12,Stewart Cink,-.400
12,J.J. Killeen,-.400
12,William McGirt,-.400
12,S.Y. Noh,-.400
17,Bud Cauley,-.333
17,Matt Every,-.333
17,Jarrod Lyle,-.333
20,Will Claxton,-.250
20,Tim Herron,-.250
20,Greg Owen,-.250
20,Scott Piercy,-.250
20,"Ted Potter, Jr.",-.250
20,Josh Teater,-.250
26,Chris DiMarco,-.200
26,Brian Gay,-.200
26,Colt Knost,-.200
26,Spencer Levin,-.200
26,George McNeill,-.200
26,Koumei Oda,-.200
26,Duffy Waldorf,-.200
33,Sangmoon Bae,-.167
33,Brian Harman,-.167
33,Billy Mayfair,-.167
33,Brendon Todd,-.167
37,K.J. Choi,-.143
37,Jeff Overton,-.143
39,Erik Compton,-.125
39,Sean O'Hair,-.125
41,Stephen Ames,E
41,Keegan Bradley,E
41,Harrison Frazar,E
41,Bobby Gates,E
41,David Hearn,E
41,Charles Howell III,E
41,Zach Johnson,E
41,Chris Kirk,E
41,Doug LaBelle II,E
41,Jeff Maggert,E
41,Joe Ogilvie,E
41,Tom Pernice Jr.,E
41,John Rollins,E
41,Rory Sabbatini,E
41,John Senden,E
41,Vijay Singh,E
41,Daniel Summerhays,E
41,Michael Thompson,E
59,Justin Leonard,+.125
59,Corey Pavin,+.125
61,Gavin Coles,+.167
61,Chris Stroud,+.167
63,Brendon de Jonge,+.333
64,Carl Pettersson,+.400
65,Ken Duke,+.500
66,Jerry Kelly,+.571
67,Jonas Blixt,+.667
68,Tadd Fujikawa,+.750
