rank,player,Avg RTP
1,Stephen Ames,-1.000
1,Gavin Coles,-1.000
1,Tim Herron,-1.000
1,J.J. Killeen,-1.000
1,Colt Knost,-1.000
1,Jarrod Lyle,-1.000
1,William McGirt,-1.000
1,George McNeill,-1.000
1,Josh Teater,-1.000
1,Johnson Wagner,-1.000
11,K.J. Choi,-.667
11,Will Claxton,-.667
11,Charles Howell III,-.667
14,Sangmoon Bae,-.500
14,Stewart Cink,-.500
14,Tadd Fujikawa,-.500
14,Chris Kirk,-.500
14,Doug LaBelle II,-.500
14,D.A. Points,-.500
14,Daniel Summerhays,-.500
14,Brendon Todd,-.500
14,Jhonattan Vegas,-.500
14,Duffy Waldorf,-.500
24,Chris DiMarco,-.333
24,Justin Leonard,-.333
24,"Ted Potter, Jr.",-.333
24,John Senden,-.333
24,Kyle Stanley,-.333
29,Keegan Bradley,-.250
29,Bud Cauley,-.250
29,S.Y. Noh,-.250
29,Carl Pettersson,-.250
29,Scott Piercy,-.250
34,Kevin Chappell,-.200
34,John Rollins,-.200
36,Tommy Biershenk,E
36,Kris Blanks,E
36,Erik Compton,E
36,Brendon de Jonge,E
36,Graham DeLaet,E
36,Ken Duke,E
36,Matt Every,E
36,Harrison Frazar,E
36,Bobby Gates,E
36,Brian Gay,E
36,David Hearn,E
36,Zach Johnson,E
36,Jerry Kelly,E
36,Jeff Maggert,E
36,Billy Mayfair,E
36,Sean O'Hair,E
36,Joe Ogilvie,E
36,Jeff Overton,E
36,Greg Owen,E
36,Pat Perez,E
36,Tom Pernice Jr.,E
36,Webb Simpson,E
36,Vijay Singh,E
36,Chris Stroud,E
36,Michael Thompson,E
61,John Huh,+.200
62,Jonas Blixt,+.250
62,Brian Harman,+.250
62,Steve Stricker,+.250
65,Koumei Oda,+.400
66,Harris English,+.750
