rank,player,Avg RTP
1,J.J. Killeen,-1.000
2,Josh Teater,-.833
3,Jhonattan Vegas,-.667
4,Gavin Coles,-.571
5,Tim Herron,-.500
5,Pat Perez,-.500
5,Chris Stroud,-.500
5,Johnson Wagner,-.500
9,Zach Johnson,-.400
9,Corey Pavin,-.400
9,Carl Pettersson,-.400
9,D.A. Points,-.400
9,"Ted Potter, Jr.",-.400
9,Kyle Stanley,-.400
15,Will Claxton,-.333
15,Chris Kirk,-.333
15,Jarrod Lyle,-.333
15,William McGirt,-.333
15,S.Y. Noh,-.333
20,John Rollins,-.300
21,Bud Cauley,-.286
21,Brian Gay,-.286
21,Scott Piercy,-.286
21,Brendon Todd,-.286
25,Stephen Ames,-.250
25,Sangmoon Bae,-.250
25,Doug LaBelle II,-.250
25,Vijay Singh,-.250
25,Duffy Waldorf,-.250
30,K.J. Choi,-.200
30,Colt Knost,-.200
32,Chris DiMarco,-.167
32,Charles Howell III,-.167
32,John Senden,-.167
32,Daniel Summerhays,-.167
36,Tommy Biershenk,E
36,Kris Blanks,E
36,Keegan Bradley,E
36,Roberto Castro,E
36,Kevin Chappell,E
36,Brendon de Jonge,E
36,Graham DeLaet,E
36,Ken Duke,E
36,Matt Every,E
36,Harrison Frazar,E
36,Tadd Fujikawa,E
36,Bobby Gates,E
36,Brian Harman,E
36,David Hearn,E
36,Jerry Kelly,E
36,Justin Leonard,E
36,Jeff Maggert,E
36,Billy Mayfair,E
36,George McNeill,E
36,Sean O'Hair,E
36,Joe Ogilvie,E
36,Jeff Overton,E
36,Greg Owen,E
36,Tom Pernice Jr.,E
36,Rory Sabbatini,E
36,Webb Simpson,E
36,Steve Stricker,E
36,Michael Thompson,E
64,John Huh,+.200
65,Jonas Blixt,+.250
65,Stewart Cink,+.250
67,Erik Compton,+.286
68,Harris English,+.333
68,Koumei Oda,+.333
