rank,player,Avg RTP
1,Kevin Chappell,-1.000
1,Pat Perez,-1.000
3,Graham DeLaet,-.667
4,Tommy Biershenk,-.500
4,Stewart Cink,-.500
4,Harris English,-.500
4,Jarrod Lyle,-.500
4,William McGirt,-.500
4,"Ted Potter, Jr.",-.500
4,Webb Simpson,-.500
11,Bud Cauley,-.333
11,K.J. Choi,-.333
11,Matt Every,-.333
11,Charles Howell III,-.333
11,J.J. Killeen,-.333
11,Spencer Levin,-.333
11,S.Y. Noh,-.333
11,Kyle Stanley,-.333
11,Steve Stricker,-.333
20,Brian Gay,-.250
21,Colt Knost,-.200
21,George McNeill,-.200
23,Sangmoon Bae,-.167
24,Johnson Wagner,-.143
25,Kris Blanks,E
25,Keegan Bradley,E
25,Will Claxton,E
25,Erik Compton,E
25,Chris DiMarco,E
25,Harrison Frazar,E
25,Bobby Gates,E
25,David Hearn,E
25,Tim Herron,E
25,John Huh,E
25,Zach Johnson,E
25,Chris Kirk,E
25,Justin Leonard,E
25,Billy Mayfair,E
25,Sean O'Hair,E
25,Koumei Oda,E
25,Joe Ogilvie,E
25,Jeff Overton,E
25,Greg Owen,E
25,Tom Pernice Jr.,E
25,Scott Piercy,E
25,D.A. Points,E
25,John Rollins,E
25,Rory Sabbatini,E
25,John Senden,E
25,Vijay Singh,E
25,Daniel Summerhays,E
25,Josh Teater,E
25,Brendon Todd,E
25,Duffy Waldorf,E
55,Gavin Coles,+.200
56,Chris Stroud,+.250
57,Stephen Ames,+.333
57,Brian Harman,+.333
57,Doug LaBelle II,+.333
60,Brendon de Jonge,+.400
61,Corey Pavin,+.500
62,Jonas Blixt,+.667
62,Ken Duke,+.667
64,Jerry Kelly,+.800
65,Tadd Fujikawa,+1.000
65,Jeff Maggert,+1.000
65,Carl Pettersson,+1.000
65,Michael Thompson,+1.000
