rank,player,Avg RTP
1,Graham DeLaet,-.333
2,Johnson Wagner,-.304
3,Kyle Stanley,-.190
4,Jeff Maggert,-.182
5,William McGirt,-.120
6,John Rollins,-.118
7,Brendon Todd,-.105
8,Tommy Biershenk,-.095
8,Michael Thompson,-.095
10,"Ted Potter, Jr.",-.071
11,Will Claxton,-.067
12,George McNeill,-.063
12,D.A. Points,-.063
14,Brian Gay,-.059
15,Doug LaBelle II,-.056
16,K.J. Choi,-.050
17,Stewart Cink,-.045
17,Billy Mayfair,-.045
17,Steve Stricker,-.045
20,Sangmoon Bae,-.043
20,Carl Pettersson,-.043
22,J.J. Killeen,-.036
23,Bud Cauley,E
23,Charles Howell III,E
23,Chris Kirk,E
23,S.Y. Noh,E
23,Sean O'Hair,E
23,Joe Ogilvie,E
23,Greg Owen,E
23,Rory Sabbatini,E
23,John Senden,E
23,Chris Stroud,E
23,Jhonattan Vegas,E
34,Spencer Levin,+.038
35,Kevin Chappell,+.048
36,Scott Piercy,+.050
37,Harrison Frazar,+.053
37,Webb Simpson,+.053
39,Keegan Bradley,+.056
39,Matt Every,+.056
39,Corey Pavin,+.056
42,David Hearn,+.059
43,Bobby Gates,+.063
43,Koumei Oda,+.063
45,Chris DiMarco,+.071
46,Kris Blanks,+.095
46,Justin Leonard,+.095
48,Brendon de Jonge,+.100
48,Pat Perez,+.100
50,Jonas Blixt,+.105
50,Zach Johnson,+.105
50,Duffy Waldorf,+.105
53,Harris English,+.111
53,Colt Knost,+.111
55,John Huh,+.118
56,Brian Harman,+.130
57,Erik Compton,+.136
58,Daniel Summerhays,+.158
59,Roberto Castro,+.167
60,Tim Herron,+.179
61,Ken Duke,+.190
61,Jeff Overton,+.190
61,Josh Teater,+.190
64,Vijay Singh,+.200
65,Tadd Fujikawa,+.222
66,Jarrod Lyle,+.250
67,Gavin Coles,+.263
68,Tom Pernice Jr.,+.286
69,Stephen Ames,+.316
70,Jerry Kelly,+.353
