rank,player,Avg RTP
1,Pat Perez,-1.000
1,Carl Pettersson,-1.000
1,Chris Stroud,-1.000
4,John Rollins,-.750
5,Graham DeLaet,-.667
6,Harris English,-.500
6,Scott Piercy,-.500
6,"Ted Potter, Jr.",-.500
6,Josh Teater,-.500
10,Bud Cauley,-.333
10,Zach Johnson,-.333
12,Brian Gay,-.250
13,Stephen Ames,E
13,Sangmoon Bae,E
13,Tommy Biershenk,E
13,Keegan Bradley,E
13,Roberto Castro,E
13,K.J. Choi,E
13,Will Claxton,E
13,Gavin Coles,E
13,Erik Compton,E
13,Ken Duke,E
13,Matt Every,E
13,Brian Harman,E
13,Tim Herron,E
13,Chris Kirk,E
13,Colt Knost,E
13,Justin Leonard,E
13,Jarrod Lyle,E
13,William McGirt,E
13,Joe Ogilvie,E
13,Jeff Overton,E
13,Greg Owen,E
13,Corey Pavin,E
13,D.A. Points,E
13,Rory Sabbatini,E
13,John Senden,E
13,Webb Simpson,E
13,Vijay Singh,E
13,Kyle Stanley,E
13,Brendon Todd,E
13,Duffy Waldorf,E
43,David Hearn,+.250
44,Daniel Summerhays,+.500
45,Stewart Cink,+1.000
45,Tadd Fujikawa,+1.000
45,Charles Howell III,+1.000
45,Michael Thompson,+1.000
