rank,player,Avg RTP
1,Kyle Stanley,-.444
2,Steve Stricker,-.375
3,John Huh,-.333
4,Chris Stroud,-.300
4,Jhonattan Vegas,-.300
6,William McGirt,-.286
7,Johnson Wagner,-.273
8,Tommy Biershenk,-.250
8,Chris DiMarco,-.250
8,J.J. Killeen,-.250
8,John Rollins,-.250
8,Michael Thompson,-.250
13,Jeff Maggert,-.222
14,K.J. Choi,-.214
15,Doug LaBelle II,-.200
15,"Ted Potter, Jr.",-.200
15,Brendon Todd,-.200
18,Kris Blanks,-.167
18,Will Claxton,-.167
20,Bud Cauley,-.143
20,Harris English,-.143
20,D.A. Points,-.143
23,Gavin Coles,-.125
23,Graham DeLaet,-.125
25,Keegan Bradley,-.111
25,Jarrod Lyle,-.111
27,Erik Compton,-.100
27,Scott Piercy,-.100
29,Greg Owen,-.077
30,Sangmoon Bae,-.067
30,Stewart Cink,-.067
32,Tim Herron,-.063
33,Kevin Chappell,-.059
34,Joe Ogilvie,-.056
35,Jonas Blixt,E
35,Brendon de Jonge,E
35,Bobby Gates,E
35,Brian Gay,E
35,Brian Harman,E
35,Zach Johnson,E
35,Justin Leonard,E
35,Billy Mayfair,E
35,S.Y. Noh,E
35,Sean O'Hair,E
35,Rory Sabbatini,E
35,John Senden,E
35,Webb Simpson,E
35,Vijay Singh,E
35,Daniel Summerhays,E
35,Duffy Waldorf,E
51,Jeff Overton,+.059
52,Charles Howell III,+.063
52,Chris Kirk,+.063
54,Matt Every,+.111
54,Colt Knost,+.111
56,Josh Teater,+.125
57,Harrison Frazar,+.143
57,David Hearn,+.143
57,Carl Pettersson,+.143
60,Roberto Castro,+.167
61,George McNeill,+.182
62,Spencer Levin,+.188
63,Pat Perez,+.214
64,Koumei Oda,+.250
65,Jerry Kelly,+.286
65,Tom Pernice Jr.,+.286
67,Corey Pavin,+.333
68,Stephen Ames,+.400
68,Tadd Fujikawa,+.400
70,Ken Duke,+.455
