rank,player,Avg,Total Distance (feet),# of Attempts,Relative to par
1,Brendon Todd,"14' 3""",28.417,2,-1
2,Billy Horschel,"39' 10""",39.833,1,-1
3,Tim Clark,"40' 5""",40.417,1,-1
4,Steven Bowditch,"44' 1""",220.250,5,E
5,Geoff Ogilvy,"48' 7""",48.583,1,-1
6,Chris Kirk,"51' 10""",103.583,2,-1
7,Scott Stallings,"52' 9""",105.417,2,+1
8,S.Y. Noh,"54' 11""",109.833,2,E
9,Patrick Reed,"59' 3""",59.250,1,-1
10,Charley Hoffman,"59' 7""",59.583,1,E
11,Matt Kuchar,"64' 9""",258.917,4,-2
12,Jimmy Walker,"67' 0""",134.000,2,-1
13,Hideki Matsuyama,"67' 7""",135.167,2,-2
14,Sangmoon Bae,"75' 5""",150.750,2,-1
15,Russell Henley,"76' 10""",76.833,1,E
16,Matt Every,"87' 7""",87.583,1,+1
17,Hunter Mahan,"90' 2""",90.167,1,E
18,Robert Streb,"91' 4""",91.333,1,+1
19,Chesson Hadley,"102' 4""",102.333,1,E
20,Brian Harman,"104' 3""",208.417,2,E
21,Zach Johnson,"107' 2""",107.167,1,+1
22,Jason Day,"111' 4""",333.917,3,-2
23,Ryan Moore,"112' 9""",112.750,1,E
24,Ángel Cabrera,"118' 4""",118.333,1,E
