rank,player,Avg,Total Distance (feet),# of Attempts,Relative to par
1,Ryan Moore,"8' 5""",8.417,1,E
2,Matt Kuchar,"8' 11""",8.917,1,-1
3,Billy Horschel,"16' 5""",32.833,2,E
4,Robert Streb,"19' 8""",19.667,1,E
5,Russell Henley,"21' 5""",21.417,1,-1
5,Hunter Mahan,"21' 5""",21.417,1,E
7,Geoff Ogilvy,"26' 0""",51.917,2,E
8,Matt Jones,"28' 1""",84.250,3,-1
9,Bubba Watson,"31' 11""",63.750,2,E
10,Charley Hoffman,"32' 3""",96.833,3,E
11,Chris Kirk,"32' 5""",64.750,2,+1
12,Matt Every,"33' 6""",33.500,1,E
13,S.Y. Noh,"33' 8""",67.333,2,+1
14,Hideki Matsuyama,"35' 8""",71.333,2,E
15,Jason Day,"36' 0""",71.917,2,E
16,Camilo Villegas,"37' 1""",37.083,1,E
17,Ben Martin,"39' 8""",39.667,1,E
18,John Senden,"41' 4""",41.333,1,E
19,Chesson Hadley,"41' 10""",125.417,3,+1
20,Sangmoon Bae,"54' 9""",54.750,1,E
21,Zach Johnson,"57' 11""",57.917,1,E
22,Ángel Cabrera,"59' 9""",59.750,1,E
23,Nick Taylor,"75' 10""",75.833,1,E
24,Brian Harman,"100' 8""",100.667,1,E
