rank,player,Avg,Total Distance (feet),# of Attempts,Relative to par
1,Patrick Reed,"4' 9""",4.750,1,E
2,S.Y. Noh,"16' 3""",16.250,1,+1
3,Jimmy Walker,"21' 3""",21.250,1,E
4,Ben Martin,"31' 3""",31.250,1,E
5,Hideki Matsuyama,"45' 4""",45.333,1,-1
6,Robert Streb,"45' 6""",45.500,1,E
7,Matt Kuchar,"45' 9""",45.750,1,E
8,Bubba Watson,"46' 4""",46.333,1,+1
9,Ben Crane,"53' 2""",53.167,1,-1
10,Steven Bowditch,"58' 0""",58.000,1,+1
11,Russell Henley,"60' 0""",60.000,1,+1
12,Jason Day,"71' 1""",71.083,1,E
13,Chris Kirk,"75' 9""",151.417,2,+1
14,Charley Hoffman,"103' 6""",103.500,1,E
