rank,player,Avg,Total Distance (feet),# of Attempts,Relative to par
1,Tim Clark,"24' 7""",147.417,6,-1
2,Billy Horschel,"27' 8""",138.500,5,-2
3,Matt Every,"30' 2""",241.500,8,+1
4,Russell Henley,"31' 9""",253.750,8,-2
5,Geoff Ogilvy,"32' 4""",258.583,8,-2
6,Camilo Villegas,"32' 8""",359.750,11,-1
7,Matt Jones,"33' 8""",235.750,7,E
8,Ben Martin,"35' 8""",392.500,11,E
9,Ben Crane,"36' 0""",287.667,8,-3
10,J.B. Holmes,"38' 6""",77.000,2,E
11,Scott Stallings,"39' 0""",351.250,9,+2
12,Hideki Matsuyama,"39' 6""",395.083,10,-2
13,Chris Kirk,"40' 5""",444.167,11,E
14,Hunter Mahan,"41' 1""",328.667,8,+1
15,Charley Hoffman,"41' 4""",330.500,8,-2
16,Kevin Streelman,"41' 5""",165.500,4,+1
17,S.Y. Noh,"42' 7""",468.083,11,-1
18,Ángel Cabrera,"42' 11""",386.583,9,+1
19,Steven Bowditch,"44' 10""",673.000,15,E
19,Patrick Reed,"44' 10""",538.250,12,-5
21,Sangmoon Bae,"45' 2""",406.833,9,-2
22,Chesson Hadley,"45' 8""",365.500,8,+2
23,Robert Streb,"46' 4""",324.500,7,+1
24,Jimmy Walker,"46' 11""",375.500,8,-2
25,Jason Day,"47' 8""",572.083,12,E
26,Brendon Todd,"49' 8""",347.417,7,E
27,Matt Kuchar,"50' 6""",605.750,12,-2
28,Ryan Moore,"51' 1""",204.417,4,+1
29,John Senden,"53' 7""",481.917,9,+3
30,Bubba Watson,"57' 11""",463.583,8,+1
31,Nick Taylor,"71' 5""",214.250,3,+1
32,Zach Johnson,"73' 6""",220.500,3,+1
33,Brian Harman,"78' 0""",468.167,6,E
