rank,player,Avg,Total Distance (feet),# of Attempts,Relative to par
1,Zach Johnson,"3' 2""",3.167,1,-1
2,Patrick Reed,"6' 5""",6.417,1,E
3,Matt Kuchar,"7' 8""",7.667,1,E
4,Jason Day,"10' 5""",20.833,2,-1
5,Tim Clark,"10' 9""",10.750,1,-1
6,Steven Bowditch,"12' 0""",23.917,2,-1
7,John Senden,"12' 1""",12.083,1,-1
8,J.B. Holmes,"14' 6""",28.917,2,+1
9,S.Y. Noh,"16' 5""",16.417,1,E
10,Chesson Hadley,"16' 8""",16.667,1,E
11,Matt Every,"17' 9""",35.500,2,-1
12,Hunter Mahan,"19' 8""",78.500,4,-1
13,Matt Jones,"20' 0""",20.000,1,E
14,Nick Taylor,"20' 5""",40.833,2,E
15,Bubba Watson,"21' 3""",42.417,2,E
16,Ben Crane,"21' 6""",21.500,1,-1
17,Kevin Streelman,"23' 4""",23.333,1,E
18,Russell Henley,"24' 3""",72.667,3,-1
19,Sangmoon Bae,"32' 6""",32.500,1,E
20,Hideki Matsuyama,"35' 6""",106.583,3,E
21,Scott Stallings,"38' 5""",38.417,1,E
22,Geoff Ogilvy,"40' 1""",40.083,1,E
23,Robert Streb,"45' 2""",180.667,4,E
24,Jimmy Walker,"64' 8""",64.667,1,E
