rank,player,Avg,Total Distance (feet),# of Attempts,Relative to par
1,Zach Johnson,"3' 2""",3.167,1,-1
2,Charley Hoffman,"12' 0""",23.917,2,E
3,Tim Clark,"12' 8""",76.083,6,-2
4,Patrick Reed,"15' 3""",76.333,5,-1
5,J.B. Holmes,"17' 3""",68.833,4,+1
6,Kevin Streelman,"18' 1""",90.250,5,+2
7,Ben Martin,"19' 6""",136.250,7,E
8,Sangmoon Bae,"20' 3""",101.083,5,-2
9,Russell Henley,"20' 8""",124.083,6,-2
10,Camilo Villegas,"21' 9""",174.083,8,-1
11,Chesson Hadley,"22' 2""",66.500,3,-1
12,Chris Kirk,"22' 4""",66.917,3,-1
13,Brendon Todd,"23' 1""",115.500,5,E
14,Hunter Mahan,"23' 3""",232.333,10,E
15,Jason Day,"24' 6""",220.417,9,+2
16,Matt Every,"24' 7""",172.250,7,-1
17,Nick Taylor,"26' 3""",78.667,3,+1
18,Steven Bowditch,"26' 6""",79.417,3,-1
19,Matt Kuchar,"26' 7""",186.167,7,E
20,S.Y. Noh,"27' 1""",162.500,6,-1
21,Hideki Matsuyama,"27' 6""",192.250,7,E
22,Scott Stallings,"31' 3""",93.750,3,E
23,Geoff Ogilvy,"33' 0""",198.167,6,-1
24,Matt Jones,"33' 10""",135.250,4,+1
25,Ben Crane,"33' 11""",305.333,9,-4
26,Robert Streb,"34' 4""",274.333,8,-1
27,Brian Harman,"36' 10""",184.250,5,-1
28,Ryan Moore,"37' 7""",112.667,3,+2
29,Ángel Cabrera,"38' 5""",153.500,4,+1
30,Bubba Watson,"39' 11""",239.333,6,E
31,Billy Horschel,"41' 1""",41.083,1,-1
32,John Senden,"45' 3""",316.500,7,+2
33,Jimmy Walker,"52' 0""",104.000,2,E
