rank,player,Avg,Total Distance (feet),# of Attempts,Relative to par
1,Charley Hoffman,"4' 8""",4.667,1,E
2,Chesson Hadley,"6' 9""",6.750,1,-1
3,Tim Clark,"7' 9""",7.750,1,E
4,Chris Kirk,"10' 4""",10.333,1,-1
5,Bubba Watson,"11' 10""",11.833,1,-1
6,Brian Harman,"12' 7""",25.167,2,-1
7,Kevin Streelman,"13' 6""",26.917,2,+1
8,Matt Kuchar,"14' 5""",28.833,2,E
9,J.B. Holmes,"15' 7""",15.583,1,E
10,Robert Streb,"17' 4""",34.583,2,-1
11,Sangmoon Bae,"17' 6""",52.583,3,-2
12,Hideki Matsuyama,"22' 9""",45.417,2,E
13,Brendon Todd,"27' 7""",82.667,3,E
14,S.Y. Noh,"28' 6""",28.500,1,E
15,Ben Crane,"34' 4""",68.583,2,-1
16,Hunter Mahan,"35' 8""",35.667,1,E
17,Matt Jones,"35' 10""",35.833,1,E
18,Jason Day,"39' 9""",119.250,3,+1
19,Ryan Moore,"45' 4""",90.583,2,+1
20,Matt Every,"47' 2""",94.250,2,+1
