rank,player,Avg,Attempts,Total Distance (feet),Relative to par
1,Tim Clark,"6' 5""",2,12.833,-2.00
2,Nick Taylor,"12' 3""",1,12.250,E
3,Kevin Streelman,"14' 2""",3,42.417,+2.00
4,Billy Horschel,"16' 5""",2,32.833,E
5,Camilo Villegas,"23' 8""",2,47.250,E
6,Hunter Mahan,"23' 10""",5,119.250,+1.00
7,Brendon Todd,"28' 2""",4,112.583,+1.00
8,Matt Jones,"28' 11""",5,144.667,-1.00
9,Geoff Ogilvy,"31' 4""",3,94.083,E
10,Ben Crane,"31' 9""",6,190.583,-3.00
11,Bubba Watson,"32' 7""",4,130.417,E
12,Ben Martin,"33' 1""",5,165.500,E
13,Scott Stallings,"33' 5""",5,167.250,E
14,Sangmoon Bae,"33' 11""",6,203.583,-3.00
15,Hideki Matsuyama,"34' 1""",11,374.500,-2.00
16,Russell Henley,"34' 9""",4,138.917,E
17,Matt Kuchar,"34' 10""",6,209.083,-2.00
18,Charley Hoffman,"35' 0""",7,245.083,-2.00
19,Chesson Hadley,"36' 11""",4,147.750,+2.00
20,Jason Day,"37' 2""",8,297.417,E
21,John Senden,"43' 2""",2,86.333,E
22,Steven Bowditch,"45' 1""",7,315.750,E
23,Robert Streb,"47' 6""",5,237.500,+1.00
24,Patrick Reed,"49' 6""",5,247.667,-1.00
25,Jimmy Walker,"49' 11""",1,49.917,E
26,S.Y. Noh,"51' 7""",6,309.333,E
27,J.B. Holmes,"52' 8""",1,52.667,E
28,Ryan Moore,"56' 8""",2,113.333,E
29,Chris Kirk,"56' 10""",6,340.917,+1.00
30,Matt Every,"58' 5""",4,233.667,+3.00
31,Brian Harman,"66' 10""",5,334.250,-1.00
32,Ángel Cabrera,"67' 9""",3,203.250,+1.00
33,Zach Johnson,"107' 2""",1,107.167,+1.00
