rank,player,Avg,Total Distance (feet),# of Attempts,Relative to par
1,Zach Johnson,"3' 2""",3.167,1,-1
2,Charley Hoffman,"4' 8""",9.333,2,E
3,Patrick Reed,"6' 5""",6.417,1,E
4,Tim Clark,"9' 3""",18.500,2,-1
5,Chris Kirk,"10' 4""",10.333,1,-1
6,Chesson Hadley,"11' 9""",23.417,2,-1
7,Steven Bowditch,"12' 0""",23.917,2,-1
8,John Senden,"12' 1""",12.083,1,-1
9,Matt Kuchar,"12' 2""",36.500,3,E
10,Brian Harman,"12' 7""",25.167,2,-1
11,J.B. Holmes,"14' 10""",44.500,3,+1
12,Kevin Streelman,"16' 9""",50.250,3,+1
13,Bubba Watson,"18' 1""",54.250,3,-1
14,Sangmoon Bae,"18' 9""",93.583,5,-3
15,Hunter Mahan,"21' 5""",128.250,6,-1
16,S.Y. Noh,"22' 6""",44.917,2,E
17,Matt Jones,"22' 7""",67.833,3,-1
18,Nick Taylor,"25' 5""",76.250,3,E
19,Hideki Matsuyama,"25' 8""",154.083,6,-1
20,Brendon Todd,"26' 4""",105.250,4,E
21,Ben Crane,"26' 11""",107.750,4,-2
22,Jason Day,"28' 0""",140.083,5,E
23,Robert Streb,"32' 4""",226.083,7,-1
24,Matt Every,"32' 5""",129.750,4,E
25,Russell Henley,"35' 3""",141.000,4,-1
26,Scott Stallings,"38' 5""",38.417,1,E
27,Geoff Ogilvy,"40' 1""",40.083,1,E
28,Ryan Moore,"42' 4""",169.417,4,+1
29,Ben Martin,"49' 6""",99.000,2,+1
30,Jimmy Walker,"64' 8""",64.667,1,E
