rank,player,Avg,Total Distance (feet),# of Attempts,Relative to par
1,Billy Horschel,"39' 10""",39.833,1,-1
2,Tim Clark,"40' 5""",40.417,1,-1
3,Geoff Ogilvy,"48' 7""",48.583,1,-1
4,Chris Kirk,"51' 10""",103.583,2,-1
5,Charley Hoffman,"52' 5""",104.750,2,-1
6,Scott Stallings,"52' 10""",264.333,5,+1
7,Steven Bowditch,"55' 5""",387.833,7,E
8,Jimmy Walker,"58' 11""",176.833,3,-2
9,Brendon Todd,"62' 11""",314.583,5,E
10,S.Y. Noh,"66' 9""",266.917,4,-2
11,Hideki Matsuyama,"67' 7""",135.167,2,-2
12,Sangmoon Bae,"68' 11""",275.750,4,E
13,Camilo Villegas,"74' 4""",148.583,2,E
14,Russell Henley,"76' 10""",76.833,1,E
15,Matt Kuchar,"79' 8""",398.333,5,-1
16,Bubba Watson,"84' 3""",168.417,2,-1
17,Matt Every,"87' 7""",87.583,1,+1
18,Robert Streb,"91' 4""",91.333,1,+1
19,Hunter Mahan,"94' 7""",189.083,2,E
20,Nick Taylor,"100' 7""",100.583,1,E
21,Patrick Reed,"102' 1""",306.250,3,-3
22,Chesson Hadley,"102' 4""",102.333,1,E
22,John Senden,"102' 4""",102.333,1,E
24,Kevin Streelman,"102' 11""",102.917,1,E
25,Brian Harman,"104' 3""",208.417,2,E
26,Zach Johnson,"107' 2""",107.167,1,+1
27,Jason Day,"111' 4""",333.917,3,-2
28,Ben Martin,"111' 7""",111.583,1,E
29,Ryan Moore,"112' 9""",112.750,1,E
30,Ángel Cabrera,"118' 4""",118.333,1,E
