rank,player,Avg,Total Distance (feet),# of Attempts,Relative to par
1,Matt Kuchar,"3' 1""",3.083,1,E
2,Charley Hoffman,"6' 2""",6.167,1,-1
3,Jason Day,"7' 5""",14.833,2,E
4,Scott Stallings,"15' 10""",31.583,2,+1
5,Ángel Cabrera,"18' 4""",55.000,3,E
6,Ben Crane,"19' 3""",19.250,1,E
7,Sangmoon Bae,"20' 1""",60.333,3,-2
8,Russell Henley,"22' 1""",44.083,2,-1
9,Chris Kirk,"22' 7""",67.833,3,-1
9,Kevin Streelman,"22' 7""",22.583,1,E
11,Billy Horschel,"24' 9""",24.750,1,E
12,Matt Every,"26' 0""",77.917,3,+1
13,Steven Bowditch,"28' 7""",171.667,6,-1
14,Chesson Hadley,"31' 7""",94.667,3,+1
15,John Senden,"33' 10""",33.833,1,E
16,Hideki Matsuyama,"34' 4""",103.000,3,+1
17,Matt Jones,"36' 1""",72.083,2,E
18,Patrick Reed,"39' 4""",157.333,4,-1
19,Jimmy Walker,"46' 0""",138.083,3,E
20,Tim Clark,"49' 5""",49.417,1,+1
21,J.B. Holmes,"52' 8""",52.667,1,E
22,Robert Streb,"54' 6""",108.917,2,E
23,Zach Johnson,"55' 5""",55.417,1,E
24,Ryan Moore,"61' 2""",61.167,1,E
25,Ben Martin,"73' 9""",73.750,1,E
