rank,player,%,Total Birdies,Total Holes,GIR Rank
1,Daniel Chopra,31.94,23,72,9
1,Steve Stricker,31.94,23,72,6
3,Brandt Snedeker,30.56,22,72,22
4,Stephen Ames,29.17,21,72,19
4,Mark Calcavecchia,29.17,21,72,3
6,Ángel Cabrera,27.78,20,72,13
6,Mike Weir,27.78,20,72,11
8,Chad Campbell,26.39,19,72,3
8,Charles Howell III,26.39,19,72,13
8,Hunter Mahan,26.39,19,72,3
8,Rory Sabbatini,26.39,19,72,11
12,Justin Leonard,25.00,18,72,23
12,Nick Watney,25.00,18,72,1
14,Aaron Baddeley,23.61,17,72,19
14,Brian Bateman,23.61,17,72,13
14,Jonathan Byrd,23.61,17,72,26
14,Steve Flesch,23.61,17,72,23
14,Jim Furyk,23.61,17,72,9
14,George McNeill,23.61,17,72,26
20,Scott Verplank,22.22,16,72,13
20,Boo Weekley,22.22,16,72,28
22,Woody Austin,20.83,15,72,19
23,K.J. Choi,19.44,14,72,28
23,Zach Johnson,19.44,14,72,13
23,Vijay Singh,19.44,14,72,6
26,Fred Funk,18.06,13,72,6
26,Paul Goydos,18.06,13,72,31
26,Charley Hoffman,18.06,13,72,2
26,Henrik Stenson,18.06,13,72,23
30,Mark Wilson,16.67,12,72,13
31,Joe Ogilvie,15.28,11,72,28
