rank,player,Avg,Total Dist after Tee Shot,Total Tee Shots
1,Bryson DeChambeau,139.6,"301,590.000",60
2,Cameron Champ,141.4,"295,311.000",58
3,Sergio Garcia,150.2,"324,496.000",60
4,Dustin Johnson,152.9,"313,698.000",57
5,Adam Scott,153.2,"325,398.000",59
6,Xander Schauffele,153.7,"331,906.000",60
7,Tony Finau,154.1,"327,385.000",59
7,Carlos Ortiz,154.1,"332,778.000",60
9,Justin Thomas,156.4,"332,168.000",59
10,Jon Rahm,156.6,"332,568.000",59
11,Viktor Hovland,156.9,"338,938.000",60
12,Patrick Cantlay,158.6,"336,873.000",59
13,Sungjae Im,159.3,"344,056.000",60
14,Ryan Palmer,159.5,"338,778.000",59
15,Joaquin Niemann,159.7,"344,980.000",60
16,Lanto Griffin,161.0,"341,967.000",59
17,Harris English,161.2,"348,087.000",60
17,Scottie Scheffler,161.2,"342,328.000",59
19,Jason Kokrak,161.3,"342,656.000",59
20,Hideki Matsuyama,161.6,"348,957.000",60
21,Cameron Smith,162.4,"350,888.000",60
22,Daniel Berger,162.9,"351,813.000",60
23,Richy Werenski,163.0,"352,082.000",60
24,Patrick Reed,163.7,"353,659.000",60
25,Martin Laird,164.2,"354,747.000",60
26,Nick Taylor,164.5,"349,415.000",59
27,Collin Morikawa,165.4,"357,370.000",60
28,Hudson Swafford,165.6,"357,669.000",60
29,Billy Horschel,165.7,"357,886.000",60
30,Sebastián Muñoz,165.9,"358,381.000",60
31,Stewart Cink,166.2,"346,954.000",58
32,Mackenzie Hughes,168.1,"350,998.000",58
33,Andrew Landry,168.6,"358,109.000",59
34,Marc Leishman,170.6,"362,299.000",59
35,Michael Thompson,172.0,"359,206.000",58
36,Brian Gay,173.2,"367,890.000",59
37,Abraham Ancer,174.7,"371,061.000",59
38,Webb Simpson,176.6,"368,802.000",58
39,Kevin Kisner,176.7,"375,294.000",59
40,Kevin Na,177.9,"384,164.000",60
41,Robert Streb,178.3,"372,371.000",58
42,Brendon Todd,189.2,"408,636.000",60
