rank,player,Avg (Yards),Total Distance (inches),Number of Approach Shots
1,Joaquin Niemann,148.5,"187,155,000",35
2,Kevin Kisner,152.0,"246,317,000",45
3,Scottie Scheffler,153.8,"232,555,000",42
4,Jason Kokrak,154.4,"233,448,000",42
5,Justin Thomas,155.5,"223,943,000",40
6,Brian Gay,156.2,"253,121,000",45
6,Andrew Landry,156.2,"281,248,000",50
8,Jon Rahm,156.3,"230,706,000",41
9,Billy Horschel,156.5,"259,206,000",46
10,Lanto Griffin,156.7,"225,638,000",40
11,Hudson Swafford,156.8,"248,363,000",44
12,Abraham Ancer,156.9,"242,861,000",43
13,Sebastián Muñoz,157.2,"249,030,000",44
14,Carlos Ortiz,157.7,"272,589,000",48
14,Xander Schauffele,157.7,"238,451,000",42
16,Cameron Smith,158.6,"245,535,000",43
17,Robert Streb,159.1,"269,264,000",47
18,Webb Simpson,161.9,"244,749,000",42
19,Patrick Cantlay,162.1,"239,295,000",41
20,Martin Laird,162.4,"280,638,000",48
21,Nick Taylor,163.4,"288,178,000",49
22,Collin Morikawa,163.9,"247,861,000",42
23,Patrick Reed,164.4,"266,324,000",45
24,Kevin Na,164.5,"260,619,000",44
25,Ryan Palmer,165.2,"226,028,000",38
26,Harris English,166.1,"251,200,000",42
27,Marc Leishman,166.3,"311,253,000",52
28,Stewart Cink,166.8,"276,166,000",46
29,Mackenzie Hughes,166.9,"312,464,000",52
30,Cameron Champ,167.0,"270,527,000",45
31,Adam Scott,167.2,"288,860,000",48
32,Tony Finau,167.7,"259,642,000",43
33,Michael Thompson,168.4,"242,426,000",40
34,Sungjae Im,168.5,"254,704,000",42
35,Richy Werenski,169.1,"267,813,000",44
36,Hideki Matsuyama,169.9,"287,508,000",47
37,Daniel Berger,172.3,"279,137,000",45
38,Viktor Hovland,172.6,"298,284,000",48
38,Brendon Todd,172.6,"292,086,000",47
40,Dustin Johnson,172.9,"267,681,000",43
41,Sergio Garcia,173.0,"242,888,000",39
42,Bryson DeChambeau,180.6,"318,624,000",49
