rank,player,Distance,Tournament,Round- Course,Hole
1,Ryan Palmer,22,Sentry,1,9 - Par 5 -
2,Scottie Scheffler,22,Sentry,2,15 - Par 5
3,Cameron Smith,21,Sentry,4,17 - Par 4
4,Harris English,20,Sentry,1,9 - Par 5 -
5,Billy Horschel,19,Sentry,2,2 - Par 3 -
6,Joaquin Niemann,18,Sentry,4,3 - Par 4 -
7,Sergio Garcia,18,Sentry,1,5 - Par 5 -
8,Marc Leishman,15,Sentry,2,2 - Par 3 -
9,Patrick Reed,14,Sentry,3,5 - Par 5 -
10,Cameron Champ,13,Sentry,2,7 - Par 4 -
11,Webb Simpson,8,Sentry,4,1 - Par 4 -
12,Martin Laird,7,Sentry,3,4 - Par 4 -
13,Tony Finau,6,Sentry,3,8 - Par 3 -
