rank,player,Avg,Total Dist of Appr Shot,Total Holes
1,Kevin Kisner,154.9,"401,513.000",72
2,Brian Gay,156.1,"404,556.000",72
3,Andrew Landry,158.2,"410,119.000",72
4,Kevin Na,159.2,"407,026.000",71
5,Jason Kokrak,160.1,"409,170.000",71
6,Scottie Scheffler,161.9,"413,907.000",71
7,Abraham Ancer,164.5,"420,412.000",71
8,Cameron Smith,164.6,"426,770.000",72
9,Mackenzie Hughes,165.6,"429,234.000",72
10,Hudson Swafford,165.8,"429,763.000",72
11,Justin Thomas,166.1,"430,563.000",72
12,Marc Leishman,166.5,"425,588.000",71
13,Stewart Cink,167.0,"426,731.000",71
14,Webb Simpson,167.3,"433,710.000",72
15,Robert Streb,167.4,"421,794.000",70
16,Carlos Ortiz,167.9,"417,009.000",69
17,Patrick Reed,168.0,"423,462.000",70
18,Lanto Griffin,168.2,"435,981.000",72
19,Xander Schauffele,169.0,"437,996.000",72
20,Billy Horschel,169.1,"438,292.000",72
21,Brendon Todd,169.5,"439,383.000",72
22,Joaquin Niemann,169.9,"440,372.000",72
23,Martin Laird,171.1,"443,406.000",72
24,Michael Thompson,171.4,"438,029.000",71
25,Nick Taylor,171.6,"444,754.000",72
26,Tony Finau,171.8,"432,953.000",70
27,Jon Rahm,173.4,"443,173.000",71
28,Richy Werenski,173.8,"450,363.000",72
29,Hideki Matsuyama,174.0,"451,035.000",72
30,Sungjae Im,174.6,"452,445.000",72
31,Patrick Cantlay,175.1,"453,975.000",72
31,Sebastián Muñoz,175.1,"447,512.000",71
33,Adam Scott,175.7,"455,363.000",72
34,Sergio Garcia,175.9,"449,685.000",71
35,Viktor Hovland,176.0,"443,624.000",70
36,Daniel Berger,176.5,"457,399.000",72
36,Ryan Palmer,176.5,"457,596.000",72
38,Harris English,177.6,"460,338.000",72
39,Dustin Johnson,178.2,"461,773.000",72
39,Collin Morikawa,178.2,"461,845.000",72
41,Cameron Champ,185.6,"481,204.000",72
42,Bryson DeChambeau,187.2,"485,342.000",72
