rank,player,Avg (Yards),Total Distance (inches),Number of Approach Shots
1,Bryson DeChambeau,78.8,"5,674,000",2
2,Dustin Johnson,117.7,"21,184,000",5
3,Viktor Hovland,124.9,"22,485,000",5
4,Billy Horschel,135.1,"29,174,000",6
5,Jason Kokrak,141.8,"45,951,000",9
6,Harris English,144.2,"15,576,000",3
7,Martin Laird,145.6,"20,967,000",4
8,Justin Thomas,146.0,"21,019,000",4
9,Cameron Smith,146.3,"36,865,000",7
10,Cameron Champ,146.8,"36,985,000",7
11,Xander Schauffele,147.4,"31,837,000",6
12,Robert Streb,148.0,"37,287,000",7
13,Lanto Griffin,153.1,"38,583,000",7
14,Jon Rahm,154.4,"27,796,000",5
15,Marc Leishman,154.8,"11,142,000",2
16,Sebastián Muñoz,155.2,"27,933,000",5
17,Patrick Cantlay,160.1,"40,347,000",7
18,Andrew Landry,161.0,"46,368,000",8
19,Stewart Cink,161.5,"34,877,000",6
20,Sergio Garcia,165.2,"41,641,000",7
21,Daniel Berger,168.1,"24,213,000",4
22,Tony Finau,168.2,"42,390,000",7
23,Mackenzie Hughes,168.3,"48,469,000",8
24,Ryan Palmer,169.3,"36,567,000",6
25,Richy Werenski,170.4,"42,948,000",7
26,Kevin Na,171.7,"61,818,000",10
27,Hideki Matsuyama,172.5,"68,296,000",11
28,Carlos Ortiz,173.4,"37,460,000",6
29,Webb Simpson,174.7,"44,017,000",7
30,Collin Morikawa,175.9,"31,664,000",5
31,Kevin Kisner,177.5,"44,719,000",7
32,Hudson Swafford,179.7,"64,681,000",10
33,Nick Taylor,182.3,"32,813,000",5
34,Brian Gay,182.5,"45,994,000",7
35,Michael Thompson,188.1,"54,185,000",8
36,Sungjae Im,193.6,"34,848,000",5
36,Patrick Reed,193.6,"34,855,000",5
36,Scottie Scheffler,193.6,"41,809,000",6
39,Brendon Todd,195.0,"28,073,000",4
40,Abraham Ancer,196.5,"35,368,000",5
41,Joaquin Niemann,201.8,"43,586,000",6
42,Adam Scott,205.3,"29,557,000",4
