rank,player,%,Total 3 Putts,Total Holes (overall)
1,Jonas Blixt,.00,0,72
1,Dustin Johnson,.00,0,72
1,Kevin Kisner,.00,0,72
4,Patrick Cantlay,1.39,1,72
4,Adam Hadwin,1.39,1,72
6,Ryan Armour,2.78,2,72
6,Daniel Berger,2.78,2,72
6,Rickie Fowler,2.78,2,72
6,Si Woo Kim,2.78,2,72
6,Pat Perez,2.78,2,72
11,Wesley Bryan,4.17,3,72
11,Jason Dufner,4.17,3,72
11,Russell Henley,4.17,3,72
11,Billy Horschel,4.17,3,72
11,Marc Leishman,4.17,3,72
11,Hideki Matsuyama,4.17,3,72
11,Xander Schauffele,4.17,3,72
11,Jordan Spieth,4.17,3,72
11,Kyle Stanley,4.17,3,72
11,Chris Stroud,4.17,3,72
11,Hudson Swafford,4.17,3,72
11,Jhonattan Vegas,4.17,3,72
23,Bryson DeChambeau,5.56,4,72
23,Brian Harman,5.56,4,72
23,Patton Kizzire,5.56,4,72
23,Jon Rahm,5.56,4,72
23,Cameron Smith,5.56,4,72
23,Brendan Steele,5.56,4,72
23,Justin Thomas,5.56,4,72
30,Kevin Chappell,6.94,5,72
30,Austin Cook,6.94,5,72
30,Grayson Murray,6.94,5,72
30,D.A. Points,6.94,5,72
34,Brooks Koepka,8.33,6,72
