rank,player,Avg RTP
1,Patrick Fishburn,-1.000
1,Stephan Jaeger,-1.000
1,Ben Martin,-1.000
1,Matt McCarty,-1.000
1,Gary Woodland,-1.000
6,Keegan Bradley,-.500
6,Bud Cauley,-.500
6,Matt Kuchar,-.500
9,Taylor Dickson,-.333
9,Ryan Gerard,-.333
9,Greyson Sigg,-.333
12,Kurt Kitayama,-.250
12,Jackson Suber,-.250
14,Jesper Svensson,-.167
15,Harry Hall,-.143
16,Aaron Baddeley,E
16,Cristobal Del Solar,E
16,Thomas Detry,E
16,Nick Dunlap,E
16,Nico Echavarria,E
16,Brice Garnett,E
16,Doug Ghim,E
16,Lucas Glover,E
16,Ben Griffin,E
16,Brian Harman,E
16,Kensei Hirata,E
16,Lee Hodges,E
16,Rico Hoey,E
16,Charley Hoffman,E
16,Mark Hubbard,E
16,Tom Kim,E
16,Nate Lashley,E
16,David Lipsky,E
16,Luke List,E
16,Justin Lower,E
16,Robert MacIntyre,E
16,Hideki Matsuyama,E
16,Denny McCarthy,E
16,Maverick McNealy,E
16,Henrik Norlander,E
16,Vincent Norrman,E
16,Taylor Pendrith,E
16,Paul Peterson,E
16,Kevin Roy,E
16,Adam Schenk,E
16,Brandt Snedeker,E
16,J.J. Spaun,E
16,Sam Stevens,E
16,Kevin Streelman,E
16,Adam Svensson,E
16,Nick Taylor,E
16,Erik van Rooyen,E
53,Taylor Montgomery,+.143
54,Mac Meissner,+.250
54,Vince Whaley,+.250
56,Eric Cole,+.333
56,James Hahn,+.333
56,Chan Kim,+.333
56,Webb Simpson,+.333
56,Sahith Theegala,+.333
61,Adam Hadwin,+.500
61,Ben Kohles,+.500
61,Sam Ryder,+.500
64,Ryo Hisatsune,+1.000
64,Tom Hoge,+1.000
64,Zach Johnson,+1.000
64,Jeremy Paul,+1.000
64,Sepp Straka,+1.000
