rank,player,Avg RTP
1,Tom Hoge,-2.000
1,Hideki Matsuyama,-2.000
3,Lucas Glover,-1.500
3,Russell Henley,-1.500
3,Justin Lower,-1.500
3,Nick Taylor,-1.500
7,Paul Peterson,-1.333
8,Brice Garnett,-1.000
8,Ryan Gerard,-1.000
8,Adam Hadwin,-1.000
8,Kensei Hirata,-1.000
8,Ryo Hisatsune,-1.000
8,Charley Hoffman,-1.000
8,Zach Johnson,-1.000
8,Tom Kim,-1.000
8,Kurt Kitayama,-1.000
8,Ben Kohles,-1.000
8,Matt Kuchar,-1.000
8,Matt McCarty,-1.000
8,Maverick McNealy,-1.000
8,Mac Meissner,-1.000
8,Keith Mitchell,-1.000
8,C.T. Pan,-1.000
8,Andrew Putnam,-1.000
8,Sam Ryder,-1.000
8,Ben Silverman,-1.000
8,Webb Simpson,-1.000
8,Sepp Straka,-1.000
8,Kevin Streelman,-1.000
8,Sahith Theegala,-1.000
31,Mark Hubbard,-.667
31,Brandt Snedeker,-.667
33,Nick Dunlap,-.333
34,Aaron Baddeley,E
34,Thomas Detry,E
34,Taylor Dickson,E
34,Ben Martin,E
34,Denny McCarthy,E
34,Henrik Norlander,E
34,Greyson Sigg,E
34,Adam Svensson,E
34,Jesper Svensson,E
34,Erik van Rooyen,E
34,Vince Whaley,E
