rank,player,Avg RTP
1,Ryan Gerard,-.750
1,Harry Hall,-.750
3,Nico Echavarria,-.667
3,Kevin Streelman,-.667
5,Matt Kuchar,-.625
5,Alex Smalley,-.625
7,Bud Cauley,-.600
7,Russell Henley,-.600
9,Lee Hodges,-.571
10,Kensei Hirata,-.500
10,Zach Johnson,-.500
10,David Lipsky,-.500
10,Greyson Sigg,-.500
10,J.J. Spaun,-.500
10,Jackson Suber,-.500
10,Nick Taylor,-.500
17,Doug Ghim,-.400
17,Nate Lashley,-.400
17,Gary Woodland,-.400
20,Eric Cole,-.375
20,Tom Hoge,-.375
20,Luke List,-.375
20,Erik van Rooyen,-.375
24,Keegan Bradley,-.333
24,Thomas Detry,-.333
24,Rico Hoey,-.333
24,Robert MacIntyre,-.333
24,Ben Martin,-.333
24,Matt McCarty,-.333
24,Maverick McNealy,-.333
24,Adam Svensson,-.333
24,Jesper Svensson,-.333
33,Taylor Pendrith,-.286
33,Kevin Roy,-.286
33,Sepp Straka,-.286
36,Cristobal Del Solar,-.250
36,Patrick Fishburn,-.250
36,James Hahn,-.250
36,Hideki Matsuyama,-.250
36,Denny McCarthy,-.250
36,Taylor Montgomery,-.250
36,Jeremy Paul,-.250
36,Thomas Rosenmueller,-.250
36,Webb Simpson,-.250
45,Ben Silverman,-.222
46,Frankie Capan III,-.200
46,Lucas Glover,-.200
46,Charley Hoffman,-.200
46,Stephan Jaeger,-.200
46,Chan Kim,-.200
46,Tom Kim,-.200
46,Henrik Norlander,-.200
46,Brandt Snedeker,-.200
54,Sam Stevens,-.167
54,Sahith Theegala,-.167
56,Brian Harman,-.143
56,Kurt Kitayama,-.143
58,Brice Garnett,-.125
58,Ryo Hisatsune,-.125
60,Taylor Dickson,-.111
61,Nick Dunlap,E
61,Ben Griffin,E
61,Adam Hadwin,E
61,Mark Hubbard,E
61,Ben Kohles,E
61,Justin Lower,E
61,Mac Meissner,E
61,Keith Mitchell,E
61,Vincent Norrman,E
61,C.T. Pan,E
61,Andrew Putnam,E
61,Sam Ryder,E
61,Adam Schenk,E
74,Aaron Baddeley,+.333
75,Paul Peterson,+.500
75,Vince Whaley,+.500
