rank,player,Avg RTP
1,Denny McCarthy,-.600
2,Rico Hoey,-.417
3,Keith Mitchell,-.400
4,Eric Cole,-.333
4,Brice Garnett,-.333
6,Ryan Gerard,-.273
6,Matt McCarty,-.273
8,Russell Henley,-.250
8,Webb Simpson,-.250
10,Ben Kohles,-.231
10,Sepp Straka,-.231
12,Harry Hall,-.222
12,Hideki Matsuyama,-.222
12,Jackson Suber,-.222
15,Frankie Capan III,-.214
16,James Hahn,-.200
16,Justin Lower,-.200
16,Henrik Norlander,-.200
19,David Lipsky,-.188
20,Doug Ghim,-.182
20,Mark Hubbard,-.182
20,Maverick McNealy,-.182
23,Lucas Glover,-.167
23,Lee Hodges,-.167
25,Patrick Fishburn,-.154
25,Chan Kim,-.154
25,Nate Lashley,-.154
28,Nico Echavarria,-.125
28,J.J. Spaun,-.125
30,Keegan Bradley,-.111
30,Ben Griffin,-.111
30,Robert MacIntyre,-.111
30,Adam Schenk,-.111
30,Erik van Rooyen,-.111
35,Taylor Dickson,-.100
35,Vincent Norrman,-.100
35,Kevin Roy,-.100
35,Jesper Svensson,-.100
39,Thomas Detry,-.091
39,Jeremy Paul,-.091
39,Taylor Pendrith,-.091
39,Andrew Putnam,-.091
39,Thomas Rosenmueller,-.091
39,Nick Taylor,-.091
45,Kurt Kitayama,-.083
45,Mac Meissner,-.083
47,Adam Svensson,-.077
48,Gary Woodland,-.071
49,Nick Dunlap,E
49,Tom Hoge,E
49,Stephan Jaeger,E
49,Tom Kim,E
49,Matt Kuchar,E
49,Taylor Montgomery,E
49,Paul Peterson,E
49,Sahith Theegala,E
49,Vince Whaley,E
58,Sam Stevens,+.077
59,Aaron Baddeley,+.083
59,Kensei Hirata,+.083
59,Alex Smalley,+.083
62,Bud Cauley,+.091
63,Cristobal Del Solar,+.100
64,Brian Harman,+.111
64,C.T. Pan,+.111
66,Adam Hadwin,+.125
66,Sam Ryder,+.125
66,Ben Silverman,+.125
69,Greyson Sigg,+.167
70,Zach Johnson,+.200
71,Charley Hoffman,+.222
71,Ben Martin,+.222
71,Kevin Streelman,+.222
74,Ryo Hisatsune,+.250
74,Luke List,+.250
74,Brandt Snedeker,+.250
