rank,player,Avg RTP
1,Adam Hadwin,-.429
2,Mac Meissner,-.333
2,Sam Ryder,-.333
4,Denny McCarthy,-.313
5,James Hahn,-.308
6,Ben Silverman,-.286
7,Adam Svensson,-.273
8,Eric Cole,-.250
8,Nick Dunlap,-.250
8,Nico Echavarria,-.250
8,Adam Schenk,-.250
12,Paul Peterson,-.235
13,Frankie Capan III,-.231
13,C.T. Pan,-.231
13,J.J. Spaun,-.231
16,Keegan Bradley,-.222
16,Kensei Hirata,-.222
16,Robert MacIntyre,-.222
19,Zach Johnson,-.214
20,Cristobal Del Solar,-.200
21,Matt Kuchar,-.188
21,Brandt Snedeker,-.188
23,Vince Whaley,-.182
23,Gary Woodland,-.182
25,Lee Hodges,-.167
25,Ben Kohles,-.167
27,Brian Harman,-.154
27,Justin Lower,-.154
27,Jeremy Paul,-.154
30,Thomas Rosenmueller,-.133
31,Alex Smalley,-.125
32,Mark Hubbard,-.118
33,Harry Hall,-.111
33,Stephan Jaeger,-.111
33,Ben Martin,-.111
33,Sepp Straka,-.111
37,Charley Hoffman,-.100
38,Aaron Baddeley,-.077
39,Webb Simpson,-.071
39,Sam Stevens,-.071
41,Henrik Norlander,-.063
42,Brice Garnett,-.053
43,Lucas Glover,-.050
44,Bud Cauley,E
44,Patrick Fishburn,E
44,Ryan Gerard,E
44,Doug Ghim,E
44,Ben Griffin,E
44,Rico Hoey,E
44,Tom Kim,E
44,Nate Lashley,E
44,David Lipsky,E
44,Luke List,E
44,Hideki Matsuyama,E
44,Maverick McNealy,E
44,Keith Mitchell,E
44,Taylor Montgomery,E
44,Vincent Norrman,E
44,Taylor Pendrith,E
44,Andrew Putnam,E
44,Kevin Roy,E
44,Jackson Suber,E
44,Jesper Svensson,E
44,Nick Taylor,E
65,Kevin Streelman,+.050
66,Kurt Kitayama,+.077
66,Sahith Theegala,+.077
66,Erik van Rooyen,+.077
69,Ryo Hisatsune,+.091
70,Taylor Dickson,+.133
71,Chan Kim,+.143
72,Thomas Detry,+.154
73,Tom Hoge,+.182
74,Russell Henley,+.200
75,Matt McCarty,+.273
76,Greyson Sigg,+.417
