rank,player,Avg RTP
1,Eric Cole,-1.000
1,Taylor Dickson,-1.000
1,Mark Hubbard,-1.000
1,Kurt Kitayama,-1.000
1,Ben Martin,-1.000
1,C.T. Pan,-1.000
1,Adam Schenk,-1.000
1,Nick Taylor,-1.000
9,Lucas Glover,-.667
9,Henrik Norlander,-.667
11,Patrick Fishburn,-.500
11,Ryan Gerard,-.500
11,Ben Griffin,-.500
11,Adam Hadwin,-.500
11,Russell Henley,-.500
11,Lee Hodges,-.500
11,Denny McCarthy,-.500
11,Matt McCarty,-.500
11,Vincent Norrman,-.500
11,Paul Peterson,-.500
11,J.J. Spaun,-.500
11,Sepp Straka,-.500
11,Jesper Svensson,-.500
24,Keith Mitchell,-.429
25,Thomas Detry,-.400
26,Jackson Suber,-.375
27,Bud Cauley,-.333
27,Brice Garnett,-.333
27,Harry Hall,-.333
27,Kensei Hirata,-.333
27,Ryo Hisatsune,-.333
27,Ben Kohles,-.333
27,Luke List,-.333
27,Jeremy Paul,-.333
27,Taylor Pendrith,-.333
27,Sahith Theegala,-.333
37,Keegan Bradley,-.250
37,Nico Echavarria,-.250
37,Justin Lower,-.250
37,Thomas Rosenmueller,-.250
37,Adam Svensson,-.250
37,Gary Woodland,-.250
43,Charley Hoffman,-.200
43,Hideki Matsuyama,-.200
43,Vince Whaley,-.200
46,Zach Johnson,-.167
46,Kevin Roy,-.167
48,Doug Ghim,E
48,James Hahn,E
48,Rico Hoey,E
48,Tom Hoge,E
48,Stephan Jaeger,E
48,Chan Kim,E
48,Tom Kim,E
48,Matt Kuchar,E
48,Nate Lashley,E
48,Taylor Montgomery,E
48,Sam Ryder,E
48,Greyson Sigg,E
48,Webb Simpson,E
48,Alex Smalley,E
48,Brandt Snedeker,E
48,Kevin Streelman,E
48,Erik van Rooyen,E
65,Andrew Putnam,+.200
66,Nick Dunlap,+.250
66,Mac Meissner,+.250
68,Maverick McNealy,+.500
68,Ben Silverman,+.500
70,Aaron Baddeley,+1.000
