rank,player,Avg RTP
1,Eric Cole,-.615
2,Ben Martin,-.600
3,Russell Henley,-.556
3,Nick Taylor,-.556
5,Lee Hodges,-.545
6,Harry Hall,-.500
6,Kensei Hirata,-.500
6,David Lipsky,-.500
6,Alex Smalley,-.500
6,J.J. Spaun,-.500
6,Kevin Streelman,-.500
12,Bud Cauley,-.455
12,Tom Hoge,-.455
14,Ryan Gerard,-.444
15,Jackson Suber,-.417
16,Matt McCarty,-.400
17,Thomas Detry,-.375
17,Lucas Glover,-.375
17,Gary Woodland,-.375
20,C.T. Pan,-.364
21,Jesper Svensson,-.357
22,Nico Echavarria,-.333
22,Patrick Fishburn,-.333
22,Matt Kuchar,-.333
22,Denny McCarthy,-.333
22,Taylor Montgomery,-.333
22,Adam Schenk,-.333
22,Sepp Straka,-.333
29,Zach Johnson,-.308
29,Erik van Rooyen,-.308
31,Nate Lashley,-.300
31,Taylor Pendrith,-.300
33,Keegan Bradley,-.286
33,Stephan Jaeger,-.286
33,Greyson Sigg,-.286
36,Keith Mitchell,-.273
36,Webb Simpson,-.273
38,Taylor Dickson,-.250
38,Adam Hadwin,-.250
38,Kurt Kitayama,-.250
38,Jeremy Paul,-.250
42,Luke List,-.235
43,Cristobal Del Solar,-.222
43,Mark Hubbard,-.222
43,Maverick McNealy,-.222
43,Henrik Norlander,-.222
43,Thomas Rosenmueller,-.222
48,Kevin Roy,-.214
49,Rico Hoey,-.200
49,Hideki Matsuyama,-.200
49,Sahith Theegala,-.200
52,Charley Hoffman,-.188
53,Brice Garnett,-.182
53,Doug Ghim,-.182
53,Ryo Hisatsune,-.182
56,Frankie Capan III,-.167
56,Robert MacIntyre,-.167
56,Brandt Snedeker,-.167
59,Ben Griffin,-.125
59,Brian Harman,-.125
59,Ben Kohles,-.125
59,Sam Stevens,-.125
59,Adam Svensson,-.125
64,Vincent Norrman,-.111
64,Vince Whaley,-.111
66,Justin Lower,-.100
67,Chan Kim,-.091
67,Tom Kim,-.091
67,Ben Silverman,-.091
70,James Hahn,-.077
71,Paul Peterson,E
71,Sam Ryder,E
73,Andrew Putnam,+.143
74,Aaron Baddeley,+.167
75,Nick Dunlap,+.200
75,Mac Meissner,+.200
