rank,player,Avg RTP
1,Eric Cole,-1.000
1,Kensei Hirata,-1.000
1,Tom Hoge,-1.000
1,Mark Hubbard,-1.000
1,Maverick McNealy,-1.000
1,Taylor Montgomery,-1.000
1,Webb Simpson,-1.000
1,Alex Smalley,-1.000
1,Kevin Streelman,-1.000
10,C.T. Pan,-.667
10,Adam Schenk,-.667
12,Stephan Jaeger,-.600
13,Aaron Baddeley,-.500
13,Taylor Dickson,-.500
13,Lee Hodges,-.500
13,David Lipsky,-.500
13,Jackson Suber,-.500
13,Erik van Rooyen,-.500
13,Vince Whaley,-.500
13,Gary Woodland,-.500
21,Harry Hall,-.333
21,Nate Lashley,-.333
23,Keegan Bradley,E
23,Frankie Capan III,E
23,Cristobal Del Solar,E
23,Nico Echavarria,E
23,Patrick Fishburn,E
23,Ryan Gerard,E
23,Adam Hadwin,E
23,Brian Harman,E
23,Rico Hoey,E
23,Charley Hoffman,E
23,Zach Johnson,E
23,Chan Kim,E
23,Tom Kim,E
23,Kurt Kitayama,E
23,Ben Kohles,E
23,Hideki Matsuyama,E
23,Keith Mitchell,E
23,Vincent Norrman,E
23,Jeremy Paul,E
23,Thomas Rosenmueller,E
23,Kevin Roy,E
23,Sam Stevens,E
23,Jesper Svensson,E
23,Sahith Theegala,E
47,Matt Kuchar,+.333
47,Luke List,+.333
47,Robert MacIntyre,+.333
50,James Hahn,+.500
51,Henrik Norlander,+1.000
51,Adam Svensson,+1.000
