rank,player,Avg RTP
1,Nick Dunlap,-.667
2,Brian Harman,-.583
3,Ryo Hisatsune,-.571
4,Sam Ryder,-.500
5,Kurt Kitayama,-.429
6,Ben Griffin,-.400
6,Kevin Streelman,-.400
8,Ben Kohles,-.375
9,Bud Cauley,-.333
9,Patrick Fishburn,-.333
9,Adam Hadwin,-.333
9,Charley Hoffman,-.333
9,Chan Kim,-.333
9,Nate Lashley,-.333
9,Webb Simpson,-.333
9,Alex Smalley,-.333
17,Mark Hubbard,-.250
17,Ben Martin,-.250
17,Ben Silverman,-.250
17,Nick Taylor,-.250
21,Hideki Matsuyama,-.200
21,Mac Meissner,-.200
21,Erik van Rooyen,-.200
24,Maverick McNealy,-.167
24,Jackson Suber,-.167
26,Eric Cole,-.143
26,Lucas Glover,-.143
26,Adam Schenk,-.143
29,Taylor Dickson,-.125
29,Matt McCarty,-.125
31,Gary Woodland,-.111
32,Keegan Bradley,E
32,Thomas Detry,E
32,Nico Echavarria,E
32,Ryan Gerard,E
32,Stephan Jaeger,E
32,Zach Johnson,E
32,Matt Kuchar,E
32,David Lipsky,E
32,Luke List,E
32,Keith Mitchell,E
32,Taylor Montgomery,E
32,Taylor Pendrith,E
32,Andrew Putnam,E
32,Thomas Rosenmueller,E
32,Kevin Roy,E
32,Greyson Sigg,E
32,Brandt Snedeker,E
32,Sam Stevens,E
32,Sahith Theegala,E
32,Vince Whaley,E
52,Sepp Straka,+.111
53,Robert MacIntyre,+.125
54,Aaron Baddeley,+.167
54,Cristobal Del Solar,+.167
54,Kensei Hirata,+.167
54,Rico Hoey,+.167
54,Justin Lower,+.167
54,Vincent Norrman,+.167
54,C.T. Pan,+.167
61,Brice Garnett,+.200
61,Henrik Norlander,+.200
61,Jeremy Paul,+.200
61,J.J. Spaun,+.200
61,Jesper Svensson,+.200
66,Doug Ghim,+.250
66,James Hahn,+.250
66,Tom Hoge,+.250
69,Adam Svensson,+.286
70,Harry Hall,+.333
70,Russell Henley,+.333
70,Denny McCarthy,+.333
70,Paul Peterson,+.333
74,Frankie Capan III,+.400
74,Lee Hodges,+.400
76,Tom Kim,+.500
