rank,player,Avg RTP
1,Brice Garnett,-2.000
2,Nico Echavarria,-1.000
2,Russell Henley,-1.000
2,Lee Hodges,-1.000
2,Mark Hubbard,-1.000
2,Vincent Norrman,-1.000
2,Brandt Snedeker,-1.000
2,Sam Stevens,-1.000
2,Adam Svensson,-1.000
2,Jesper Svensson,-1.000
2,Sahith Theegala,-1.000
12,Paul Peterson,-.667
13,Aaron Baddeley,-.500
13,Zach Johnson,-.500
15,Frankie Capan III,E
15,Lucas Glover,E
15,Ben Kohles,E
15,Matt Kuchar,E
15,David Lipsky,E
15,Sam Ryder,E
21,Kensei Hirata,+1.000
22,Ryan Gerard,+2.000
