rank,player,Avg DTP,Total Distance (feet),# of Shots,Scrambling Rank
1,Keegan Bradley,"4' 1""",4.083,1,22
2,Ian Poulter,"4' 2""",25.083,6,33
3,Jon Rahm,"5' 5""",27.083,5,18
4,Billy Horschel,"6' 0""",18.000,3,19
5,Paul Casey,"6' 7""",33.083,5,23
6,Bryson DeChambeau,"7' 5""",37.000,5,3
7,Francesco Molinari,"7' 9""",46.667,6,24
8,Kevin Tway,"7' 10""",31.167,4,1
9,Charles Howell III,"7' 11""",55.250,7,10
9,"Ted Potter, Jr.","7' 11""",47.583,6,25
11,Dustin Johnson,"8' 1""",48.583,6,15
12,Matt Kuchar,"8' 5""",25.250,3,4
13,Brice Garnett,"8' 7""",43.000,5,14
14,Michael Kim,"8' 11""",53.583,6,21
15,Brooks Koepka,"9' 0""",53.833,6,30
16,Gary Woodland,"9' 3""",55.250,6,12
17,Justin Thomas,"9' 5""",28.250,3,16
18,Cameron Champ,"9' 10""",39.250,4,7
19,Andrew Landry,"10' 0""",29.917,3,29
20,Webb Simpson,"10' 4""",61.750,6,9
21,Scott Piercy,"10' 5""",20.833,2,20
21,Aaron Wise,"10' 5""",41.667,4,32
23,Brandt Snedeker,"10' 8""",42.583,4,11
24,Rory McIlroy,"11' 0""",43.917,4,12
24,Xander Schauffele,"11' 0""",54.917,5,8
26,Patton Kizzire,"11' 1""",55.500,5,2
27,Marc Leishman,"12' 1""",36.167,3,6
28,Bubba Watson,"13' 1""",52.417,4,25
29,Andrew Putnam,"14' 0""",83.833,6,17
30,Patrick Reed,"14' 8""",73.333,5,31
31,Jason Day,"15' 8""",62.750,4,25
32,Satoshi Kodaira,"15' 9""",62.917,4,25
33,Troy Merritt,"16' 2""",48.417,3,5
