rank,player,Avg DTP,Total Distance (feet),# of Shots,Scrambling Rank
1,Justin Thomas,"3' 0""",.327,9,16
2,Keegan Bradley,"3' 5""",.324,8,22
3,Dustin Johnson,"4' 4""",.884,17,15
4,Matt Kuchar,"4' 11""",.535,9,4
5,Kevin Tway,"5' 1""",.983,16,1
6,Brice Garnett,"5' 7""",1.348,20,14
7,Michael Kim,"5' 8""",1.698,25,21
8,Paul Casey,"5' 11""",.784,11,23
8,Brooks Koepka,"5' 11""",.923,13,30
8,Marc Leishman,"5' 11""",.990,14,6
11,Xander Schauffele,"6' 2""",1.253,17,8
12,Billy Horschel,"6' 3""",1.123,15,19
13,Ian Poulter,"6' 5""",.697,9,33
13,Brandt Snedeker,"6' 5""",1.224,16,11
15,Troy Merritt,"6' 7""",1.032,13,5
15,Scott Piercy,"6' 7""",1.504,19,20
17,Charles Howell III,"6' 9""",1.209,15,10
18,Jason Day,"6' 10""",1.145,14,25
18,Patrick Reed,"6' 10""",1.227,15,31
20,Andrew Landry,"7' 0""",1.087,13,29
21,Jon Rahm,"7' 1""",1.101,13,18
21,Aaron Wise,"7' 1""",1.185,14,32
23,Francesco Molinari,"7' 5""",1.157,13,24
24,Patton Kizzire,"7' 6""",.806,9,2
24,Bubba Watson,"7' 6""",1.258,14,25
26,"Ted Potter, Jr.","7' 10""",1.038,11,25
27,Rory McIlroy,"8' 0""",.765,8,12
28,Webb Simpson,"8' 1""",1.163,12,9
29,Gary Woodland,"8' 7""",1.861,18,12
30,Andrew Putnam,"8' 8""",1.348,13,17
31,Bryson DeChambeau,"9' 0""",1.945,18,3
32,Cameron Champ,"10' 1""",1.326,11,7
33,Satoshi Kodaira,"10' 5""",2.130,17,25
