rank,player,Avg DTP,Total Distance (feet),# of Shots,Scrambling Rank
1,Brooks Koepka,"3' 10""",15.167,4,30
2,Dustin Johnson,"4' 1""",45.167,11,15
3,Xander Schauffele,"5' 2""",31.167,6,8
4,Michael Kim,"6' 0""",47.917,8,21
5,Brandt Snedeker,"6' 2""",55.667,9,11
6,Brice Garnett,"6' 3""",31.417,5,14
7,Charles Howell III,"6' 7""",46.083,7,10
8,Jon Rahm,"6' 8""",20.000,3,18
9,Matt Kuchar,"7' 0""",21.000,3,4
9,Kevin Tway,"7' 0""",56.083,8,1
11,Ian Poulter,"7' 4""",51.500,7,33
12,Scott Piercy,"7' 5""",73.833,10,20
12,Patrick Reed,"7' 5""",66.500,9,31
14,Patton Kizzire,"7' 7""",52.833,7,2
14,Troy Merritt,"7' 7""",60.667,8,5
16,Andrew Landry,"7' 8""",69.000,9,29
17,Paul Casey,"8' 5""",33.750,4,23
18,Bubba Watson,"8' 6""",76.667,9,25
19,Jason Day,"8' 9""",34.917,4,25
20,Gary Woodland,"8' 10""",70.917,8,12
21,Andrew Putnam,"9' 3""",83.583,9,17
22,"Ted Potter, Jr.","9' 4""",83.833,9,25
23,Keegan Bradley,"9' 5""",112.583,12,22
24,Bryson DeChambeau,"9' 8""",125.667,13,3
25,Francesco Molinari,"9' 10""",88.250,9,24
26,Aaron Wise,"9' 11""",149.333,15,32
27,Marc Leishman,"10' 2""",60.833,6,6
28,Cameron Champ,"10' 3""",61.250,6,7
29,Rory McIlroy,"10' 4""",62.000,6,12
30,Webb Simpson,"10' 5""",52.250,5,9
31,Justin Thomas,"11' 6""",34.583,3,16
32,Billy Horschel,"11' 7""",69.667,6,19
33,Satoshi Kodaira,"17' 1""",102.583,6,25
