rank,player,Avg DTP,Total Distance (feet),# of Shots,Scrambling Rank
1,Dustin Johnson,"4' 3""",128.500,30,15
2,Matt Kuchar,"5' 4""",85.917,16,4
2,Ian Poulter,"5' 4""",91.083,17,33
2,Kevin Tway,"5' 4""",139.417,26,1
5,Paul Casey,"5' 9""",115.333,20,23
6,Michael Kim,"5' 10""",193.750,33,21
7,Jon Rahm,"6' 2""",136.417,22,18
8,Brooks Koepka,"6' 3""",163.000,26,30
8,Xander Schauffele,"6' 3""",137.917,22,8
10,Brice Garnett,"6' 4""",163.917,26,14
10,Charles Howell III,"6' 4""",176.750,28,10
10,Scott Piercy,"6' 4""",151.167,24,20
10,Brandt Snedeker,"6' 4""",182.750,29,11
14,Keegan Bradley,"6' 6""",168.917,26,22
14,Justin Thomas,"6' 6""",110.750,17,16
16,Jason Day,"6' 7""",152.250,23,25
17,Billy Horschel,"6' 10""",144.000,21,19
18,Troy Merritt,"7' 0""",182.917,26,5
19,"Ted Potter, Jr.","7' 2""",179.083,25,25
20,Marc Leishman,"7' 3""",131.083,18,6
21,Andrew Landry,"7' 6""",143.167,19,29
22,Patrick Reed,"7' 8""",192.083,25,31
23,Webb Simpson,"7' 9""",169.917,22,9
24,Gary Woodland,"7' 10""",156.667,20,12
25,Patton Kizzire,"8' 3""",198.667,24,2
26,Aaron Wise,"8' 4""",250.333,30,32
27,Bubba Watson,"8' 5""",176.167,21,25
28,Rory McIlroy,"8' 7""",188.417,22,12
28,Francesco Molinari,"8' 7""",265.167,31,24
30,Andrew Putnam,"8' 8""",217.583,25,17
31,Bryson DeChambeau,"9' 1""",244.333,27,3
32,Cameron Champ,"10' 6""",210.583,20,7
33,Satoshi Kodaira,"11' 1""",276.833,25,25
