rank,player,Avg DTP,Total Distance (feet),# of Shots,Scrambling Rank
1,Gary Woodland,"10""",1.583,2,12
2,Jason Day,"2' 9""",8.333,3,25
3,Ian Poulter,"3' 7""",21.583,6,33
4,Scott Piercy,"3' 10""",15.333,4,20
5,Brooks Koepka,"4' 3""",25.417,6,30
6,Dustin Johnson,"4' 5""",39.500,9,15
7,Charles Howell III,"5' 0""",25.083,5,10
8,Patrick Reed,"5' 4""",26.500,5,31
9,Kevin Tway,"5' 6""",38.667,7,1
10,Jon Rahm,"5' 11""",35.667,6,18
11,Michael Kim,"6' 1""",36.667,6,21
12,"Ted Potter, Jr.","6' 4""",50.417,8,25
13,Brandt Snedeker,"7' 6""",44.917,6,11
14,Brice Garnett,"7' 10""",15.583,2,14
15,Paul Casey,"8' 0""",16.000,2,23
15,Matt Kuchar,"8' 0""",40.167,5,4
17,Troy Merritt,"8' 3""",41.250,5,5
18,Xander Schauffele,"8' 7""",17.167,2,8
18,Webb Simpson,"8' 7""",60.167,7,9
20,Patton Kizzire,"8' 8""",86.500,10,2
21,Billy Horschel,"8' 9""",26.250,3,19
22,Keegan Bradley,"9' 1""",90.583,10,22
23,Bryson DeChambeau,"9' 3""",74.250,8,3
24,Andrew Putnam,"9' 9""",97.167,10,17
25,Rory McIlroy,"9' 11""",99.333,10,12
26,Francesco Molinari,"10' 1""",100.583,10,24
27,Cameron Champ,"10' 6""",63.000,6,7
27,Bubba Watson,"10' 6""",42.000,4,25
29,Aaron Wise,"11' 0""",120.833,11,32
30,Andrew Landry,"11' 9""",47.083,4,29
31,Justin Thomas,"11' 11""",83.500,7,16
32,Marc Leishman,"14' 6""",43.583,3,6
33,Satoshi Kodaira,"15' 5""",61.750,4,25
