rank,player,Avg dtp,Total Distance (Feet),Attempts
1,Jason Day,"3' 10""",50.333,13
2,Jon Rahm,"4' 6""",45.250,10
3,Kevin Tway,"4' 9""",75.833,16
4,Charles Howell III,"5' 3""",94.583,18
5,Matt Kuchar,"5' 7""",99.833,18
6,Brandt Snedeker,"5' 8""",112.917,20
7,Brice Garnett,"5' 9""",108.583,19
7,Webb Simpson,"5' 9""",86.333,15
9,Michael Kim,"6' 0""",162.667,27
10,Troy Merritt,"6' 2""",117.583,19
11,Keegan Bradley,"6' 3""",125.750,20
11,Marc Leishman,"6' 3""",81.667,13
13,Rory McIlroy,"6' 8""",53.500,8
14,Patrick Reed,"7' 2""",114.417,16
15,Andrew Putnam,"7' 3""",138.167,19
16,Scott Piercy,"7' 4""",131.417,18
17,Dustin Johnson,"7' 6""",105.250,14
18,Patton Kizzire,"7' 8""",114.500,15
18,Ian Poulter,"7' 8""",53.917,7
20,Francesco Molinari,"7' 11""",174.167,22
21,Bryson DeChambeau,"8' 0""",135.500,17
21,Xander Schauffele,"8' 0""",96.167,12
23,Paul Casey,"8' 3""",132.250,16
24,Justin Thomas,"8' 7""",68.500,8
25,Gary Woodland,"8' 10""",79.583,9
26,Aaron Wise,"8' 11""",160.917,18
27,Brooks Koepka,"9' 0""",125.667,14
28,Billy Horschel,"9' 11""",178.333,18
28,Andrew Landry,"9' 11""",138.750,14
30,"Ted Potter, Jr.","10' 5""",198.333,19
31,Bubba Watson,"10' 9""",150.417,14
32,Satoshi Kodaira,"11' 1""",199.417,18
33,Cameron Champ,"12' 11""",141.917,11
