rank,player,Avg DTP,Total Distance (feet),# of Shots,Scrambling Rank
1,Paul Casey,"2""",.167,1,23
2,Ian Poulter,"8""",.667,1,33
3,"Ted Potter, Jr.","10""",2.583,3,25
4,Gary Woodland,"1' 0""",2.000,2,12
5,Matt Kuchar,"1' 1""",3.167,3,4
5,Marc Leishman,"1' 1""",4.250,4,6
7,Aaron Wise,"1' 3""",5.083,4,32
8,Brandt Snedeker,"1' 4""",4.083,3,11
9,Scott Piercy,"1' 5""",7.250,5,20
10,Justin Thomas,"1' 6""",7.500,5,16
11,Dustin Johnson,"2' 0""",10.000,5,15
11,Bubba Watson,"2' 0""",6.083,3,25
13,Brice Garnett,"2' 4""",11.500,5,14
13,Troy Merritt,"2' 4""",11.833,5,5
15,Patrick Reed,"2' 5""",4.833,2,31
16,Jason Day,"2' 6""",7.583,3,25
17,Charles Howell III,"2' 7""",7.833,3,10
17,Jon Rahm,"2' 7""",13.083,5,18
19,Cameron Champ,"2' 11""",2.917,1,7
20,Rory McIlroy,"3' 1""",15.500,5,12
20,Webb Simpson,"3' 1""",6.167,2,9
22,Andrew Landry,"3' 2""",3.167,1,29
23,Kevin Tway,"3' 3""",12.917,4,1
24,Andrew Putnam,"3' 4""",16.583,5,17
25,Billy Horschel,"3' 6""",14.000,4,19
26,Michael Kim,"3' 8""",14.750,4,21
27,Francesco Molinari,"3' 9""",18.750,5,24
28,Keegan Bradley,"4' 1""",36.833,9,22
29,Xander Schauffele,"4' 7""",13.667,3,8
30,Satoshi Kodaira,"4' 8""",18.583,4,25
31,Brooks Koepka,"4' 9""",28.583,6,30
32,Bryson DeChambeau,"5' 6""",11.000,2,3
33,Patton Kizzire,"5' 10""",23.167,4,2
