rank,player,Avg DTP,Total Distance (feet),# of Shots,Scrambling Rank
1,Dustin Johnson,"3' 1""",24.750,8,15
2,Keegan Bradley,"3' 10""",15.417,4,22
3,Jason Day,"3' 11""",47.000,12,25
3,Kevin Tway,"3' 11""",39.250,10,1
5,Ian Poulter,"4' 7""",13.833,3,33
6,Xander Schauffele,"4' 9""",38.167,8,8
7,Paul Casey,"4' 10""",48.333,10,23
8,Michael Kim,"5' 2""",77.500,15,21
9,Matt Kuchar,"5' 3""",36.500,7,4
9,Patrick Reed,"5' 3""",47.417,9,31
11,Billy Horschel,"5' 4""",42.333,8,19
12,Webb Simpson,"5' 6""",49.750,9,9
13,Marc Leishman,"6' 0""",29.833,5,6
14,Charles Howell III,"6' 2""",67.583,11,10
14,Troy Merritt,"6' 2""",62.000,10,5
14,Brandt Snedeker,"6' 2""",80.417,13,11
17,"Ted Potter, Jr.","6' 5""",45.083,7,25
18,Brooks Koepka,"6' 7""",65.417,10,30
19,Andrew Putnam,"6' 9""",33.583,5,17
19,Justin Thomas,"6' 9""",40.417,6,16
21,Andrew Landry,"6' 10""",41.083,6,29
22,Scott Piercy,"7' 0""",49.250,7,20
23,Brice Garnett,"7' 1""",78.000,11,14
24,Gary Woodland,"7' 2""",28.500,4,12
25,Aaron Wise,"7' 9""",54.250,7,32
26,Bubba Watson,"8' 2""",41.000,5,25
27,Patton Kizzire,"8' 5""",67.167,8,2
27,Satoshi Kodaira,"8' 5""",92.750,11,25
29,Jon Rahm,"8' 6""",76.250,9,18
30,Rory McIlroy,"9' 7""",67.000,7,12
31,Bryson DeChambeau,"10' 1""",70.667,7,3
32,Francesco Molinari,"10' 2""",111.500,11,24
33,Cameron Champ,"11' 11""",107.167,9,7
