rank,player,Avg,Total Dist after GFG Shot,Total GFG Shots
1,Tom Hoge,15.8,"8,545.000",15
2,Adam Svensson,16.4,"6,488.000",11
3,Jon Rahm,19.8,"15,647.000",22
4,Max Homa,20.0,"10,796.000",15
4,Chez Reavie,20.0,"7,198.000",10
6,Sungjae Im,20.5,"14,036.000",19
7,Tom Kim,20.7,"14,891.000",20
8,Patrick Cantlay,21.1,"15,198.000",20
9,Will Zalatoris,21.6,"13,981.000",18
10,Collin Morikawa,21.7,"14,070.000",18
11,Tony Finau,21.8,"14,924.000",19
12,Adam Scott,22.5,"17,809.000",22
13,J.J. Spaun,22.9,"16,473.000",20
14,K.H. Lee,23.1,"13,325.000",16
15,Corey Conners,23.3,"15,962.000",19
15,Trey Mullinax,23.3,"15,920.000",19
17,Mackenzie Hughes,23.8,"17,149.000",20
18,Sam Burns,24.0,"13,799.000",16
19,Sepp Straka,24.1,"13,861.000",16
19,Cameron Young,24.1,"17,332.000",20
21,Sahith Theegala,24.2,"18,289.000",21
22,Matt Fitzpatrick,24.5,"18,531.000",21
23,Viktor Hovland,24.8,"19,642.000",22
23,Scottie Scheffler,24.8,"18,784.000",21
25,Luke List,24.9,"21,542.000",24
26,Ryan Brehm,25.3,"12,773.000",14
27,Brian Harman,25.4,"20,103.000",22
28,Justin Thomas,25.8,"18,580.000",20
29,Aaron Wise,26.0,"17,782.000",19
30,Jordan Spieth,26.7,"23,110.000",24
31,J.T. Poston,26.8,"16,397.000",17
32,Billy Horschel,27.0,"16,496.000",17
32,Hideki Matsuyama,27.0,"13,594.000",14
34,Russell Henley,27.3,"11,790.000",12
35,Scott Stallings,28.7,"20,659.000",20
36,Keegan Bradley,31.9,"19,510.000",17
37,Seamus Power,33.1,"19,091.000",16
38,Chad Ramey,34.3,"16,054.000",13
