rank,player,Avg,Distance (in inches),Attempts
1,Max Homa,244.4,"131,960",15
2,Adam Svensson,244.5,"96,831",11
3,J.T. Poston,248.7,"152,193",17
4,Tom Hoge,249.5,"134,710",15
5,Billy Horschel,250.1,"153,069",17
6,Trey Mullinax,250.5,"171,353",19
7,Hideki Matsuyama,251.1,"126,536",14
8,K.H. Lee,253.7,"146,149",16
9,Tony Finau,254.2,"173,870",19
10,Chad Ramey,257.5,"120,513",13
11,Will Zalatoris,258.9,"167,736",18
12,Russell Henley,259.6,"112,140",12
13,Collin Morikawa,260.6,"168,848",18
14,Sepp Straka,261.3,"150,482",16
15,Chez Reavie,261.6,"94,164",10
16,Sungjae Im,262.8,"179,723",19
17,Sam Burns,264.5,"152,344",16
18,Cameron Young,264.8,"190,627",20
19,Adam Scott,267.8,"212,093",22
20,Jon Rahm,268.3,"212,474",22
21,Viktor Hovland,269.4,"213,398",22
22,Mackenzie Hughes,270.0,"194,410",20
23,Aaron Wise,271.2,"185,514",19
24,Patrick Cantlay,271.9,"195,757",20
25,Scott Stallings,272.7,"196,371",20
26,Justin Thomas,272.8,"196,393",20
27,Tom Kim,273.1,"196,666",20
28,Keegan Bradley,274.9,"168,263",17
29,J.J. Spaun,275.9,"198,615",20
30,Corey Conners,278.3,"190,374",19
31,Seamus Power,278.5,"160,422",16
32,Jordan Spieth,279.2,"241,257",24
33,Scottie Scheffler,279.7,"211,490",21
34,Ryan Brehm,285.7,"143,987",14
35,Brian Harman,285.8,"226,326",22
36,Matt Fitzpatrick,287.3,"217,178",21
37,Luke List,288.1,"248,904",24
38,Sahith Theegala,292.5,"221,093",21
