rank,player,%,Successes,Attempts,RTP-Successes,RTP-Not going for the grn
1,Adam Svensson,72.73%,8,11,-8,E
2,Sungjae Im,57.89%,11,19,-11,-5.00
3,Tom Kim,50.00%,10,20,-12,-4.00
3,Chez Reavie,50.00%,5,10,-4,-2.00
5,Corey Conners,47.37%,9,19,-8,-1.00
6,Tom Hoge,46.67%,7,15,-9,-5.00
6,Max Homa,46.67%,7,15,-8,-2.00
8,K.H. Lee,43.75%,7,16,-8,-2.00
8,Sepp Straka,43.75%,7,16,-8,-4.00
10,J.T. Poston,41.18%,7,17,-8,-1.00
11,Patrick Cantlay,40.00%,8,20,-8,-3.00
12,Collin Morikawa,38.89%,7,18,-7,E
13,Scottie Scheffler,38.10%,8,21,-9,+2.00
14,Sam Burns,37.50%,6,16,-6,-2.00
15,Tony Finau,36.84%,7,19,-7,-2.00
15,Aaron Wise,36.84%,7,19,-7,-3.00
17,Brian Harman,36.36%,8,22,-8,-2.00
17,Jon Rahm,36.36%,8,22,-10,-2.00
19,Ryan Brehm,35.71%,5,14,-5,+3.00
19,Hideki Matsuyama,35.71%,5,14,-5,-4.00
21,Mackenzie Hughes,35.00%,7,20,-8,-1.00
21,J.J. Spaun,35.00%,7,20,-7,E
21,Scott Stallings,35.00%,7,20,-8,+2.00
21,Cameron Young,35.00%,7,20,-5,-2.00
25,Russell Henley,33.33%,4,12,-2,-5.00
25,Will Zalatoris,33.33%,6,18,-5,-4.00
27,Viktor Hovland,31.82%,7,22,-7,+1.00
27,Adam Scott,31.82%,7,22,-8,E
29,Seamus Power,31.25%,5,16,-6,-2.00
30,Jordan Spieth,29.17%,7,24,-9,E
31,Sahith Theegala,28.57%,6,21,-8,E
32,Trey Mullinax,26.32%,5,19,-5,-2.00
33,Justin Thomas,25.00%,5,20,-6,+1.00
34,Matt Fitzpatrick,23.81%,5,21,-5,-2.00
35,Billy Horschel,23.53%,4,17,-5,+1.00
36,Chad Ramey,23.08%,3,13,-3,-3.00
37,Keegan Bradley,17.65%,3,17,-1,+3.00
38,Luke List,16.67%,4,24,-6,E
