rank,player,%,Attempts,Non-Attempts
1,Viktor Hovland,100.00%,16,0
2,Adam Scott,93.75%,15,1
2,Jordan Spieth,93.75%,15,1
2,Will Zalatoris,93.75%,15,1
5,Tony Finau,87.50%,14,2
5,Brian Harman,87.50%,14,2
5,Mackenzie Hughes,87.50%,14,2
5,Luke List,87.50%,14,2
5,Trey Mullinax,87.50%,14,2
5,Jon Rahm,87.50%,14,2
5,Scottie Scheffler,87.50%,14,2
5,Cameron Young,87.50%,14,2
13,Patrick Cantlay,81.25%,13,3
13,Matt Fitzpatrick,81.25%,13,3
13,Tom Hoge,81.25%,13,3
13,Max Homa,81.25%,13,3
13,Billy Horschel,81.25%,13,3
13,Sungjae Im,81.25%,13,3
13,Tom Kim,81.25%,13,3
13,Hideki Matsuyama,81.25%,13,3
13,Collin Morikawa,81.25%,13,3
13,J.T. Poston,81.25%,13,3
13,Scott Stallings,81.25%,13,3
13,Sahith Theegala,81.25%,13,3
13,Justin Thomas,81.25%,13,3
13,Aaron Wise,81.25%,13,3
27,Corey Conners,75.00%,12,4
27,J.J. Spaun,75.00%,12,4
29,Keegan Bradley,68.75%,11,5
29,Sam Burns,68.75%,11,5
29,Russell Henley,68.75%,11,5
29,K.H. Lee,68.75%,11,5
29,Seamus Power,68.75%,11,5
29,Sepp Straka,68.75%,11,5
29,Adam Svensson,68.75%,11,5
36,Chad Ramey,62.50%,10,6
37,Ryan Brehm,56.25%,9,7
37,Chez Reavie,56.25%,9,7
