rank,player,%,# of Birdie or Better,Attempts,RTP-Successes,RTP-Not going for the grn
1,Adam Svensson,90.91%,10,11,-10,E
2,Tom Kim,85.00%,17,20,-19,-4.00
3,Jon Rahm,81.82%,18,22,-20,-2.00
4,Chez Reavie,80.00%,8,10,-8,-2.00
4,J.J. Spaun,80.00%,16,20,-16,E
6,Aaron Wise,78.95%,15,19,-15,-3.00
7,Collin Morikawa,77.78%,14,18,-15,E
8,Mackenzie Hughes,75.00%,15,20,-17,-1.00
8,K.H. Lee,75.00%,12,16,-13,-2.00
8,Cameron Young,75.00%,15,20,-15,-2.00
11,Sungjae Im,73.68%,14,19,-15,-5.00
12,Max Homa,73.33%,11,15,-12,-2.00
13,Will Zalatoris,72.22%,13,18,-13,-4.00
14,Hideki Matsuyama,71.43%,10,14,-10,-4.00
14,Scottie Scheffler,71.43%,15,21,-16,+2.00
16,Jordan Spieth,70.83%,17,24,-19,E
17,J.T. Poston,70.59%,12,17,-13,-1.00
18,Justin Thomas,70.00%,14,20,-15,+1.00
19,Tony Finau,68.42%,13,19,-13,-2.00
20,Viktor Hovland,68.18%,15,22,-15,+1.00
21,Patrick Cantlay,65.00%,13,20,-14,-3.00
21,Scott Stallings,65.00%,13,20,-14,+2.00
23,Ryan Brehm,64.29%,9,14,-9,+3.00
24,Brian Harman,63.64%,14,22,-14,-2.00
25,Corey Conners,63.16%,12,19,-12,-1.00
25,Trey Mullinax,63.16%,12,19,-12,-2.00
27,Luke List,62.50%,15,24,-17,E
27,Sepp Straka,62.50%,10,16,-11,-4.00
29,Tom Hoge,60.00%,9,15,-11,-5.00
30,Adam Scott,59.09%,13,22,-14,E
31,Sahith Theegala,57.14%,12,21,-14,E
32,Chad Ramey,53.85%,7,13,-7,-3.00
33,Matt Fitzpatrick,52.38%,11,21,-13,-2.00
34,Sam Burns,50.00%,8,16,-8,-2.00
34,Seamus Power,50.00%,8,16,-9,-2.00
36,Billy Horschel,47.06%,8,17,-9,+1.00
37,Russell Henley,41.67%,5,12,-5,-5.00
38,Keegan Bradley,23.53%,4,17,-4,+3.00
