rank,player,Avg,Total Strokes,Total Rounds
1,Scott Stallings,32.00,32,1
2,Chesson Hadley,33.00,33,1
2,Ben Martin,33.00,33,1
2,Robert Streb,33.00,33,1
2,Brendon Todd,33.00,33,1
6,Brian Harman,34.00,34,1
6,Russell Henley,34.00,34,1
6,Patrick Reed,34.00,34,1
6,John Senden,34.00,34,1
6,Jimmy Walker,34.00,34,1
11,Steven Bowditch,35.00,35,1
11,Tim Clark,35.00,35,1
11,Ben Crane,35.00,35,1
11,Matt Every,35.00,35,1
11,Charley Hoffman,35.00,35,1
11,J.B. Holmes,35.00,35,1
11,Billy Horschel,35.00,35,1
11,Zach Johnson,35.00,35,1
11,Matt Jones,35.00,35,1
11,Kevin Streelman,35.00,35,1
11,Camilo Villegas,35.00,35,1
22,Sangmoon Bae,36.00,36,1
22,Chris Kirk,36.00,36,1
22,Matt Kuchar,36.00,36,1
22,Hunter Mahan,36.00,36,1
22,Hideki Matsuyama,36.00,36,1
22,S.Y. Noh,36.00,36,1
22,Nick Taylor,36.00,36,1
29,Ángel Cabrera,37.00,37,1
29,Jason Day,37.00,37,1
29,Geoff Ogilvy,37.00,37,1
29,Bubba Watson,37.00,37,1
33,Ryan Moore,38.00,38,1
