rank,player,Avg,Total Strokes,Total Rounds
1,Jason Day,30.00,30,1
1,Chris Kirk,30.00,30,1
3,Russell Henley,31.00,31,1
4,Ángel Cabrera,32.00,32,1
5,Sangmoon Bae,33.00,33,1
5,Matt Every,33.00,33,1
5,Hunter Mahan,33.00,33,1
5,S.Y. Noh,33.00,33,1
5,Geoff Ogilvy,33.00,33,1
5,Patrick Reed,33.00,33,1
11,Brian Harman,34.00,34,1
11,Zach Johnson,34.00,34,1
11,Matt Kuchar,34.00,34,1
11,Ben Martin,34.00,34,1
15,Steven Bowditch,35.00,35,1
15,Chesson Hadley,35.00,35,1
15,Billy Horschel,35.00,35,1
15,Ryan Moore,35.00,35,1
15,Robert Streb,35.00,35,1
15,Nick Taylor,35.00,35,1
15,Bubba Watson,35.00,35,1
22,Tim Clark,36.00,36,1
22,Charley Hoffman,36.00,36,1
22,Matt Jones,36.00,36,1
22,Hideki Matsuyama,36.00,36,1
22,John Senden,36.00,36,1
27,Ben Crane,37.00,37,1
27,Kevin Streelman,37.00,37,1
27,Brendon Todd,37.00,37,1
27,Camilo Villegas,37.00,37,1
27,Jimmy Walker,37.00,37,1
32,J.B. Holmes,39.00,39,1
32,Scott Stallings,39.00,39,1
