rank,player,Avg,Total Strokes,Total Rounds
1,Hideki Matsuyama,33.00,33,1
1,Kevin Streelman,33.00,33,1
3,Jason Day,34.00,34,1
3,Matt Jones,34.00,34,1
3,Ryan Moore,34.00,34,1
6,Sangmoon Bae,35.00,35,1
6,Tim Clark,35.00,35,1
6,Matt Every,35.00,35,1
6,Chesson Hadley,35.00,35,1
6,J.B. Holmes,35.00,35,1
6,Hunter Mahan,35.00,35,1
6,Patrick Reed,35.00,35,1
6,Nick Taylor,35.00,35,1
6,Brendon Todd,35.00,35,1
6,Jimmy Walker,35.00,35,1
16,Steven Bowditch,36.00,36,1
16,Russell Henley,36.00,36,1
16,Billy Horschel,36.00,36,1
16,Zach Johnson,36.00,36,1
16,Matt Kuchar,36.00,36,1
16,Ben Martin,36.00,36,1
16,S.Y. Noh,36.00,36,1
16,Scott Stallings,36.00,36,1
16,Camilo Villegas,36.00,36,1
16,Bubba Watson,36.00,36,1
26,Ángel Cabrera,37.00,37,1
26,Brian Harman,37.00,37,1
26,Charley Hoffman,37.00,37,1
26,Robert Streb,37.00,37,1
30,John Senden,38.00,38,1
31,Ben Crane,39.00,39,1
31,Chris Kirk,39.00,39,1
33,Geoff Ogilvy,40.00,40,1
