rank,player,Low Rnd
1,Jason Day,30
1,Chris Kirk,30
3,Russell Henley,31
4,Ángel Cabrera,32
4,Charley Hoffman,32
4,Hideki Matsuyama,32
4,Scott Stallings,32
8,Sangmoon Bae,33
8,Ben Crane,33
8,Matt Every,33
8,Chesson Hadley,33
8,Zach Johnson,33
8,Hunter Mahan,33
8,Ben Martin,33
8,S.Y. Noh,33
8,Geoff Ogilvy,33
8,Patrick Reed,33
8,Robert Streb,33
8,Kevin Streelman,33
8,Brendon Todd,33
21,Brian Harman,34
21,Matt Jones,34
21,Matt Kuchar,34
21,Ryan Moore,34
21,John Senden,34
21,Jimmy Walker,34
21,Bubba Watson,34
28,Steven Bowditch,35
28,Tim Clark,35
28,J.B. Holmes,35
28,Billy Horschel,35
28,Nick Taylor,35
28,Camilo Villegas,35
