rank,player,Avg,Total Strokes,Total Rounds
1,Charley Hoffman,32.00,32,1
1,Hideki Matsuyama,32.00,32,1
3,Ben Crane,33.00,33,1
3,Zach Johnson,33.00,33,1
5,Russell Henley,34.00,34,1
5,Ryan Moore,34.00,34,1
5,Patrick Reed,34.00,34,1
5,Robert Streb,34.00,34,1
5,Bubba Watson,34.00,34,1
10,Jason Day,35.00,35,1
10,Matt Every,35.00,35,1
10,Matt Jones,35.00,35,1
10,Geoff Ogilvy,35.00,35,1
10,Brendon Todd,35.00,35,1
15,Sangmoon Bae,36.00,36,1
15,Tim Clark,36.00,36,1
15,Brian Harman,36.00,36,1
15,Billy Horschel,36.00,36,1
15,S.Y. Noh,36.00,36,1
15,Kevin Streelman,36.00,36,1
15,Camilo Villegas,36.00,36,1
15,Jimmy Walker,36.00,36,1
23,Chesson Hadley,37.00,37,1
23,Matt Kuchar,37.00,37,1
23,Hunter Mahan,37.00,37,1
23,Ben Martin,37.00,37,1
23,John Senden,37.00,37,1
23,Scott Stallings,37.00,37,1
29,Ángel Cabrera,38.00,38,1
29,J.B. Holmes,38.00,38,1
29,Nick Taylor,38.00,38,1
32,Steven Bowditch,39.00,39,1
33,Chris Kirk,40.00,40,1
