rank,player,Avg,Total Strokes,Total Holes
1,Russell Henley,33.75,135,4
2,Jason Day,34.00,136,4
2,Patrick Reed,34.00,136,4
4,Hideki Matsuyama,34.25,137,4
5,Matt Every,34.50,138,4
5,Zach Johnson,34.50,138,4
7,Robert Streb,34.75,139,4
8,Sangmoon Bae,35.00,140,4
8,Chesson Hadley,35.00,140,4
8,Charley Hoffman,35.00,140,4
8,Matt Jones,35.00,140,4
8,Ben Martin,35.00,140,4
8,Brendon Todd,35.00,140,4
14,Brian Harman,35.25,141,4
14,Hunter Mahan,35.25,141,4
14,Ryan Moore,35.25,141,4
14,S.Y. Noh,35.25,141,4
14,Kevin Streelman,35.25,141,4
19,Tim Clark,35.50,142,4
19,Billy Horschel,35.50,142,4
19,Jimmy Walker,35.50,142,4
19,Bubba Watson,35.50,142,4
23,Matt Kuchar,35.75,143,4
24,Ángel Cabrera,36.00,144,4
24,Ben Crane,36.00,144,4
24,Scott Stallings,36.00,144,4
24,Nick Taylor,36.00,144,4
24,Camilo Villegas,36.00,144,4
29,Steven Bowditch,36.25,145,4
29,Chris Kirk,36.25,145,4
29,Geoff Ogilvy,36.25,145,4
29,John Senden,36.25,145,4
33,J.B. Holmes,36.75,147,4
