rank,player,%
1,Boo Weekley,57.14
2,Chris Kirk,50.00
2,Adam Scott,50.00
4,Harris English,42.86
4,Brandt Snedeker,42.86
6,Woody Austin,40.00
6,Dustin Johnson,40.00
6,Michael Thompson,40.00
9,Russell Henley,38.46
10,Matt Kuchar,37.50
11,Jason Dufner,33.33
11,Ken Duke,33.33
11,Ryan Moore,33.33
14,Sangmoon Bae,30.00
14,Bill Haas,30.00
16,Patrick Reed,28.57
17,Martin Laird,25.00
17,D.A. Points,25.00
17,Kevin Streelman,25.00
17,Jimmy Walker,25.00
17,Gary Woodland,25.00
22,John Merrick,23.08
23,Scott Brown,21.43
24,Zach Johnson,20.00
25,Webb Simpson,16.67
26,Brian Gay,14.29
26,Billy Horschel,14.29
28,Derek Ernst,11.76
29,Jonas Blixt,11.11
30,Jordan Spieth,.00
