rank,player,Total
1,Jason Dufner,2
1,Ryan Moore,2
1,Kevin Streelman,2
1,Jimmy Walker,2
5,Sangmoon Bae,1
5,Brian Gay,1
5,Dustin Johnson,1
5,Zach Johnson,1
5,Martin Laird,1
5,Patrick Reed,1
5,Adam Scott,1
5,Brandt Snedeker,1
5,Boo Weekley,1
5,Gary Woodland,1
15,Woody Austin,0
15,Jonas Blixt,0
15,Scott Brown,0
15,Ken Duke,0
15,Harris English,0
15,Derek Ernst,0
15,Bill Haas,0
15,Russell Henley,0
15,Billy Horschel,0
15,Chris Kirk,0
15,Matt Kuchar,0
15,John Merrick,0
15,D.A. Points,0
15,Webb Simpson,0
15,Jordan Spieth,0
15,Michael Thompson,0
