rank,player,Avg (Yards),Total Distance (inches),Number of Approach Shots
1,William McGirt,112.0,"24,191,000",6
2,Justin Thomas,114.4,"12,355,000",3
3,Brandt Snedeker,133.5,"19,224,000",4
4,Cody Gribble,136.4,"44,201,000",9
5,Fabián Gómez,140.7,"30,399,000",6
6,Jim Herman,143.7,"31,031,000",6
7,Russell Knox,147.2,"42,403,000",8
8,Mackenzie Hughes,151.7,"54,619,000",10
9,Daniel Berger,157.4,"33,996,000",6
10,James Hahn,158.3,"56,989,000",10
11,Jason Day,158.6,"45,666,000",8
12,Tony Finau,159.4,"45,910,000",8
13,Greg Chalmers,162.2,"75,894,000",13
14,Si Woo Kim,164.7,"83,023,000",14
15,Hideki Matsuyama,166.3,"29,941,000",5
16,Billy Hurley III,166.4,"59,901,000",10
17,Charley Hoffman,166.7,"54,004,000",9
18,Patrick Reed,170.3,"49,041,000",8
19,Jason Dufner,174.2,"37,635,000",6
20,Jhonattan Vegas,177.3,"95,747,000",15
21,Jordan Spieth,178.6,"45,011,000",7
22,Brian Stuard,179.1,"32,231,000",5
23,Ryan Moore,181.4,"26,126,000",4
23,Jimmy Walker,181.4,"45,708,000",7
25,Rod Pampling,182.4,"45,968,000",7
26,Aaron Baddeley,182.7,"46,051,000",7
27,Pat Perez,183.3,"39,595,000",6
28,Bubba Watson,183.8,"66,177,000",10
29,Branden Grace,184.6,"86,387,000",13
30,Brendan Steele,208.0,"44,925,000",6
31,Dustin Johnson,216.6,"23,397,000",3
32,Vaughn Taylor,221.0,"55,682,000",7
