rank,player,Distance,Tournament,Round- Course,Hole
1,Ryan Moore,117,T of C,1,3 - Par 4 -
2,Patrick Reed,38,T of C,1,6 - Par 4 -
3,Bubba Watson,28,T of C,4,2 - Par 3 -
4,Mackenzie Hughes,23,T of C,4,14 - Par 4
5,Hideki Matsuyama,20,T of C,4,14 - Par 4
6,Charley Hoffman,20,T of C,4,4 - Par 4 -
7,Cody Gribble,15,T of C,1,8 - Par 3 -
9,Daniel Berger,10,T of C,1,2 - Par 3 -
11,James Hahn,8,T of C,3,15 - Par 5
13,Greg Chalmers,8,T of C,1,2 - Par 3 -
14,Brandt Snedeker,7,T of C,1,2 - Par 3 -
