rank,player,Avg (Yards),Total Distance (inches),Number of Approach Shots
1,Jimmy Walker,151.9,"109,372,000",20
2,Ryan Moore,152.2,"98,600,000",18
3,Greg Chalmers,152.9,"99,072,000",18
4,Brian Stuard,153.5,"77,349,000",14
5,Vaughn Taylor,156.9,"90,358,000",16
6,Jordan Spieth,158.1,"153,635,000",27
7,William McGirt,164.4,"130,210,000",22
8,Rod Pampling,168.6,"109,249,000",18
9,Bubba Watson,170.2,"110,313,000",18
10,Daniel Berger,171.7,"111,290,000",18
11,Jason Dufner,171.8,"111,312,000",18
12,Russell Knox,174.5,"138,231,000",22
13,James Hahn,175.7,"107,532,000",17
14,Justin Thomas,176.3,"165,062,000",26
15,Charley Hoffman,177.5,"134,184,000",21
16,Branden Grace,178.1,"89,755,000",14
17,Tony Finau,179.2,"135,455,000",21
18,Patrick Reed,179.8,"155,328,000",24
19,Brendan Steele,180.6,"130,060,000",20
20,Billy Hurley III,182.8,"85,544,000",13
21,Jason Day,182.9,"131,688,000",20
22,Pat Perez,183.7,"138,843,000",21
23,Mackenzie Hughes,184.1,"106,030,000",16
24,Jim Herman,184.5,"126,184,000",19
25,Cody Gribble,187.6,"155,332,000",23
26,Aaron Baddeley,192.1,"103,737,000",15
27,Hideki Matsuyama,195.5,"168,937,000",24
28,Dustin Johnson,199.2,"121,887,000",17
29,Fabián Gómez,199.9,"122,330,000",17
30,Jhonattan Vegas,207.8,"134,622,000",18
31,Brandt Snedeker,210.3,"128,704,000",17
32,Si Woo Kim,213.7,"138,470,000",18
