rank,player,Avg,Total Dist after Tee Shot,Total Tee Shots
1,Dustin Johnson,135.0,"291,707.000",60
2,Bubba Watson,135.9,"293,463.000",60
3,Tony Finau,138.2,"293,477.000",59
4,Justin Thomas,140.5,"303,503.000",60
5,Jason Day,144.7,"307,369.000",59
6,Jhonattan Vegas,146.2,"305,312.000",58
7,Branden Grace,148.5,"315,366.000",59
7,Hideki Matsuyama,148.5,"320,700.000",60
9,Jordan Spieth,149.1,"316,737.000",59
10,Charley Hoffman,149.3,"322,434.000",60
11,Patrick Reed,151.7,"322,281.000",59
12,Brendan Steele,151.9,"317,085.000",58
13,Jim Herman,152.3,"329,040.000",60
14,Si Woo Kim,155.5,"307,851.000",55
15,Mackenzie Hughes,155.6,"336,024.000",60
16,Jason Dufner,156.0,"336,867.000",60
17,Cody Gribble,156.4,"332,174.000",59
18,Brandt Snedeker,156.7,"338,568.000",60
19,Daniel Berger,157.0,"339,070.000",60
20,Aaron Baddeley,157.1,"339,425.000",60
21,William McGirt,157.5,"340,209.000",60
22,Jimmy Walker,158.0,"341,311.000",60
23,Pat Perez,160.4,"340,685.000",59
24,Rod Pampling,162.5,"351,103.000",60
25,Russell Knox,162.6,"351,172.000",60
26,James Hahn,164.0,"354,292.000",60
27,Greg Chalmers,165.3,"345,127.000",58
28,Fabián Gómez,165.6,"357,646.000",60
29,Vaughn Taylor,165.9,"358,279.000",60
30,Ryan Moore,167.7,"362,263.000",60
31,Brian Stuard,171.2,"369,731.000",60
32,Billy Hurley III,174.0,"369,478.000",59
