rank,player,Avg,Total Dist of Appr Shot,Total Holes
1,Jimmy Walker,147.9,"383,429.000",72
2,Justin Thomas,155.4,"397,192.000",71
3,Russell Knox,155.8,"398,228.000",71
4,Ryan Moore,156.7,"406,197.000",72
5,Charley Hoffman,158.9,"411,802.000",72
6,Jordan Spieth,159.2,"406,888.000",71
7,Pat Perez,159.3,"412,801.000",72
8,Branden Grace,159.5,"413,296.000",72
9,James Hahn,159.7,"413,989.000",72
10,Greg Chalmers,160.6,"416,352.000",72
10,Jason Day,160.6,"416,345.000",72
12,William McGirt,160.7,"416,598.000",72
13,Aaron Baddeley,161.5,"412,785.000",71
14,Jim Herman,162.2,"420,479.000",72
14,Brandt Snedeker,162.2,"420,447.000",72
16,Rod Pampling,163.8,"424,506.000",72
17,Billy Hurley III,164.7,"426,791.000",72
18,Hideki Matsuyama,165.3,"428,490.000",72
19,Cody Gribble,165.4,"422,859.000",71
20,Mackenzie Hughes,165.8,"429,847.000",72
21,Brian Stuard,166.6,"425,923.000",71
22,Brendan Steele,168.9,"431,753.000",71
23,Si Woo Kim,169.0,"432,011.000",71
24,Bubba Watson,169.4,"432,915.000",71
25,Tony Finau,169.8,"440,216.000",72
26,Patrick Reed,170.2,"441,036.000",72
27,Dustin Johnson,170.9,"442,923.000",72
28,Jason Dufner,171.6,"438,664.000",71
29,Jhonattan Vegas,172.0,"445,933.000",72
30,Fabián Gómez,172.4,"440,715.000",71
31,Daniel Berger,173.2,"448,939.000",72
32,Vaughn Taylor,175.1,"453,818.000",72
