rank,player,%,Attempts
1,Corey Conners,100.00,8
1,Joel Dahmen,100.00,8
1,Cam Davis,100.00,8
1,Rhein Gibson,100.00,8
1,Lanto Griffin,100.00,8
1,Emiliano Grillo,100.00,8
1,Brian Harman,100.00,8
1,Jerry Kelly,100.00,8
1,Kevin Kisner,100.00,8
1,Alex Noren,100.00,8
1,Rob Oppenheim,100.00,8
1,"Ted Potter, Jr.",100.00,8
1,Brandt Snedeker,100.00,8
1,D.J. Trahan,100.00,8
15,Daniel Berger,87.50,7
15,Keegan Bradley,87.50,7
15,Talor Gooch,87.50,7
15,Scott Harrington,87.50,7
15,Kramer Hickok,87.50,7
15,Harry Higgs,87.50,7
15,Rikuya Hoshino,87.50,7
15,Satoshi Kodaira,87.50,7
15,Hideki Matsuyama,87.50,7
15,Graeme McDowell,87.50,7
15,Joaquin Niemann,87.50,7
15,Pat Perez,87.50,7
15,Scott Piercy,87.50,7
15,Andrew Putnam,87.50,7
15,Patrick Rodgers,87.50,7
15,Sam Ryder,87.50,7
15,Chase Seiffert,87.50,7
15,Webb Simpson,87.50,7
15,Brendan Steele,87.50,7
15,Michael Thompson,87.50,7
15,Brendon Todd,87.50,7
15,Tim Wilkinson,87.50,7
37,Abraham Ancer,75.00,6
37,Mark Anderson,75.00,6
37,Tom Hoge,75.00,6
37,Charles Howell III,75.00,6
37,Sungjae Im,75.00,6
37,Zach Johnson,75.00,6
37,Matt Jones,75.00,6
37,Nate Lashley,75.00,6
37,Marc Leishman,75.00,6
37,Collin Morikawa,75.00,6
37,Matthew NeSmith,75.00,6
37,Henrik Norlander,75.00,6
37,Carlos Ortiz,75.00,6
37,Ryan Palmer,75.00,6
37,Rory Sabbatini,75.00,6
37,Cameron Smith,75.00,6
37,Brian Stuard,75.00,6
37,Hudson Swafford,75.00,6
37,Nick Taylor,75.00,6
37,Jimmy Walker,75.00,6
57,Zac Blair,62.50,5
57,Joseph Bramlett,62.50,5
57,Michael Gellerman,62.50,5
57,Bo Hoag,62.50,5
57,Mikumu Horikawa,62.50,5
57,Russell Knox,62.50,5
57,Ben Martin,62.50,5
57,Sepp Straka,62.50,5
57,Vaughn Taylor,62.50,5
66,Peter Malnati,50.00,4
