rank,player,Avg,Total Dist after GFG Shot,Total GFG Shots
1,Marc Leishman,7.4,"1,604.000",6
2,Michael Gellerman,10.7,"1,933.000",5
2,Ryan Palmer,10.7,"2,309.000",6
4,Scott Piercy,10.9,"2,757.000",7
5,Brendan Steele,11.3,"2,859.000",7
6,Matt Jones,11.6,"2,502.000",6
7,Henrik Norlander,11.7,"2,525.000",6
8,Cameron Smith,12.2,"2,634.000",6
9,Sepp Straka,12.5,"2,254.000",5
10,Cam Davis,12.6,"3,619.000",8
11,Mark Anderson,12.9,"2,793.000",6
11,Sungjae Im,12.9,"2,780.000",6
13,Chase Seiffert,13.7,"3,445.000",7
14,Vaughn Taylor,14.3,"2,565.000",5
15,Emiliano Grillo,14.8,"4,264.000",8
16,Peter Malnati,14.9,"2,152.000",4
17,Corey Conners,15.1,"4,339.000",8
17,Michael Thompson,15.1,"3,814.000",7
19,Alex Noren,15.2,"4,372.000",8
20,Rory Sabbatini,15.3,"3,298.000",6
21,Bo Hoag,15.4,"2,772.000",5
22,Zach Johnson,15.7,"3,394.000",6
22,Rob Oppenheim,15.7,"4,528.000",8
24,Abraham Ancer,15.9,"3,430.000",6
25,Joaquin Niemann,16.0,"4,041.000",7
26,Hideki Matsuyama,16.3,"4,120.000",7
27,Graeme McDowell,16.5,"4,168.000",7
27,Carlos Ortiz,16.5,"3,572.000",6
29,Pat Perez,16.7,"4,201.000",7
30,Keegan Bradley,16.8,"4,237.000",7
30,Lanto Griffin,16.8,"4,845.000",8
32,Nick Taylor,17.0,"3,676.000",6
33,Collin Morikawa,17.1,"3,692.000",6
33,Matthew NeSmith,17.1,"3,704.000",6
33,"Ted Potter, Jr.",17.1,"4,928.000",8
36,Sam Ryder,17.3,"4,366.000",7
37,Ben Martin,17.5,"3,146.000",5
38,Kramer Hickok,17.7,"4,472.000",7
39,Nate Lashley,17.9,"3,870.000",6
40,Patrick Rodgers,18.0,"4,544.000",7
41,Webb Simpson,18.3,"4,601.000",7
42,Brian Harman,18.4,"5,295.000",8
43,Andrew Putnam,18.8,"4,736.000",7
44,Tom Hoge,19.1,"4,117.000",6
45,Kevin Kisner,19.4,"5,586.000",8
46,Mikumu Horikawa,19.6,"3,526.000",5
47,Joseph Bramlett,19.7,"3,553.000",5
47,Joel Dahmen,19.7,"5,685.000",8
49,Rhein Gibson,20.3,"5,836.000",8
50,Hudson Swafford,20.6,"4,454.000",6
51,Harry Higgs,20.7,"5,228.000",7
52,Satoshi Kodaira,20.8,"5,248.000",7
53,Jimmy Walker,20.9,"4,505.000",6
54,Brian Stuard,21.1,"4,565.000",6
55,Brandt Snedeker,21.2,"6,099.000",8
56,Tim Wilkinson,21.6,"5,433.000",7
57,Daniel Berger,22.6,"5,684.000",7
58,Jerry Kelly,22.8,"6,558.000",8
59,D.J. Trahan,23.1,"6,650.000",8
60,Rikuya Hoshino,23.9,"6,019.000",7
61,Russell Knox,24.2,"4,359.000",5
62,Scott Harrington,25.1,"6,324.000",7
63,Charles Howell III,25.7,"5,551.000",6
64,Talor Gooch,25.8,"6,501.000",7
65,Zac Blair,26.4,"4,759.000",5
66,Brendon Todd,27.5,"6,939.000",7
