rank,player,%,Attempts,RTP-Going for the green,RTP-Not going for the grn
1,Corey Conners,100.00,8,-7,E
1,Joel Dahmen,100.00,8,-6,E
1,Cam Davis,100.00,8,-6,E
1,Rhein Gibson,100.00,8,-6,E
1,Lanto Griffin,100.00,8,-9,E
1,Emiliano Grillo,100.00,8,-8,E
1,Brian Harman,100.00,8,-6,E
1,Jerry Kelly,100.00,8,-6,E
1,Kevin Kisner,100.00,8,-6,E
1,Alex Noren,100.00,8,-6,E
1,Rob Oppenheim,100.00,8,-9,E
1,"Ted Potter, Jr.",100.00,8,-6,E
1,Brandt Snedeker,100.00,8,-5,E
1,D.J. Trahan,100.00,8,-3,E
15,Daniel Berger,87.50,7,-4,-1
15,Keegan Bradley,87.50,7,-6,E
15,Talor Gooch,87.50,7,-2,E
15,Scott Harrington,87.50,7,-4,E
15,Kramer Hickok,87.50,7,-5,E
15,Harry Higgs,87.50,7,-7,E
15,Rikuya Hoshino,87.50,7,-5,+1
15,Satoshi Kodaira,87.50,7,-4,+2
15,Hideki Matsuyama,87.50,7,-6,+2
15,Graeme McDowell,87.50,7,-6,-1
15,Joaquin Niemann,87.50,7,-4,E
15,Pat Perez,87.50,7,-4,E
15,Scott Piercy,87.50,7,-5,E
15,Andrew Putnam,87.50,7,-6,E
15,Patrick Rodgers,87.50,7,-5,+1
15,Sam Ryder,87.50,7,-5,+2
15,Chase Seiffert,87.50,7,-7,E
15,Webb Simpson,87.50,7,-5,E
15,Brendan Steele,87.50,7,-8,E
15,Michael Thompson,87.50,7,-7,E
15,Brendon Todd,87.50,7,-3,-1
15,Tim Wilkinson,87.50,7,-6,E
37,Abraham Ancer,75.00,6,-6,+1
37,Mark Anderson,75.00,6,-6,+1
37,Tom Hoge,75.00,6,-4,E
37,Charles Howell III,75.00,6,-4,-1
37,Sungjae Im,75.00,6,-4,-1
37,Zach Johnson,75.00,6,-4,-1
37,Matt Jones,75.00,6,-6,-1
37,Nate Lashley,75.00,6,-5,-1
37,Marc Leishman,75.00,6,-6,E
37,Collin Morikawa,75.00,6,-4,-1
37,Matthew NeSmith,75.00,6,-5,-1
37,Henrik Norlander,75.00,6,-6,-1
37,Carlos Ortiz,75.00,6,-5,+1
37,Ryan Palmer,75.00,6,-5,E
37,Rory Sabbatini,75.00,6,-7,E
37,Cameron Smith,75.00,6,-6,E
37,Brian Stuard,75.00,6,-3,-1
37,Hudson Swafford,75.00,6,-5,E
37,Nick Taylor,75.00,6,-3,-1
37,Jimmy Walker,75.00,6,-3,-2
57,Zac Blair,62.50,5,-3,-1
57,Joseph Bramlett,62.50,5,-3,E
57,Michael Gellerman,62.50,5,-4,-1
57,Bo Hoag,62.50,5,-5,-1
57,Mikumu Horikawa,62.50,5,-6,+2
57,Russell Knox,62.50,5,-4,E
57,Ben Martin,62.50,5,-4,-1
57,Sepp Straka,62.50,5,-5,E
57,Vaughn Taylor,62.50,5,-4,-1
66,Peter Malnati,50.00,4,-4,-1
