rank,player,%,Successes,Attempts,RTP-Successes,RTP-Not going for the grn
1,Marc Leishman,83.33,5,6,-5,E
1,Carlos Ortiz,83.33,5,6,-5,+1.00
3,Cam Davis,75.00,6,8,-5,E
3,Emiliano Grillo,75.00,6,8,-6,E
5,Keegan Bradley,71.43,5,7,-4,E
5,Kramer Hickok,71.43,5,7,-4,E
5,Hideki Matsuyama,71.43,5,7,-5,+2.00
5,Scott Piercy,71.43,5,7,-5,E
5,Brendan Steele,71.43,5,7,-6,E
5,Michael Thompson,71.43,5,7,-5,E
11,Abraham Ancer,66.67,4,6,-5,+1.00
11,Matt Jones,66.67,4,6,-4,-1.00
11,Collin Morikawa,66.67,4,6,-4,-1.00
14,Corey Conners,62.50,5,8,-5,E
14,Joel Dahmen,62.50,5,8,-5,E
14,Rhein Gibson,62.50,5,8,-4,E
14,Alex Noren,62.50,5,8,-5,E
18,Michael Gellerman,60.00,3,5,-3,-1.00
18,Bo Hoag,60.00,3,5,-3,-1.00
18,Mikumu Horikawa,60.00,3,5,-4,+2.00
18,Ben Martin,60.00,3,5,-3,-1.00
18,Sepp Straka,60.00,3,5,-3,E
23,Joaquin Niemann,57.14,4,7,-3,E
23,Pat Perez,57.14,4,7,-2,E
23,Chase Seiffert,57.14,4,7,-5,E
26,Mark Anderson,50.00,3,6,-4,+1.00
26,Lanto Griffin,50.00,4,8,-7,E
26,Sungjae Im,50.00,3,6,-2,-1.00
26,Zach Johnson,50.00,3,6,-3,-1.00
26,Nate Lashley,50.00,3,6,-3,-1.00
26,Peter Malnati,50.00,2,4,-3,-1.00
26,Matthew NeSmith,50.00,3,6,-3,-1.00
26,Henrik Norlander,50.00,3,6,-4,-1.00
26,Rob Oppenheim,50.00,4,8,-5,E
26,"Ted Potter, Jr.",50.00,4,8,-3,E
26,Rory Sabbatini,50.00,3,6,-4,E
26,Cameron Smith,50.00,3,6,-3,E
26,Hudson Swafford,50.00,3,6,-3,E
26,Jimmy Walker,50.00,3,6,-3,-2.00
40,Graeme McDowell,42.86,3,7,-4,-1.00
40,Patrick Rodgers,42.86,3,7,-2,+1.00
40,Sam Ryder,42.86,3,7,-3,+2.00
43,Zac Blair,40.00,2,5,-2,-1.00
43,Joseph Bramlett,40.00,2,5,-1,E
43,Russell Knox,40.00,2,5,-2,E
46,Kevin Kisner,37.50,3,8,-3,E
46,Brandt Snedeker,37.50,3,8,-3,E
48,Tom Hoge,33.33,2,6,-1,E
48,Ryan Palmer,33.33,2,6,-2,E
48,Brian Stuard,33.33,2,6,-2,-1.00
48,Nick Taylor,33.33,2,6,-2,-1.00
52,Daniel Berger,28.57,2,7,-2,-1.00
52,Talor Gooch,28.57,2,7,-2,E
52,Harry Higgs,28.57,2,7,-3,E
52,Rikuya Hoshino,28.57,2,7,-2,+1.00
52,Satoshi Kodaira,28.57,2,7,-2,+2.00
52,Andrew Putnam,28.57,2,7,-2,E
52,Webb Simpson,28.57,2,7,-2,E
52,Tim Wilkinson,28.57,2,7,-2,E
60,Brian Harman,25.00,2,8,-2,E
61,Vaughn Taylor,20.00,1,5,-1,-1.00
62,Scott Harrington,14.29,1,7,-2,E
62,Brendon Todd,14.29,1,7,-1,-1.00
64,D.J. Trahan,12.50,1,8,-1,E
65,Charles Howell III,.00,0,6,E,-1.00
65,Jerry Kelly,.00,0,8,E,E
