rank,player,Avg,Distance (in inches),Attempts
1,Cam Davis,196.6,"56,622.000",8
1,Hideki Matsuyama,196.6,"49,541.000",7
3,Joseph Bramlett,201.9,"36,340.000",5
4,Patrick Rodgers,202.5,"51,021.000",7
5,Rikuya Hoshino,202.7,"51,089.000",7
6,Alex Noren,204.3,"58,845.000",8
7,Marc Leishman,204.6,"44,185.000",6
7,Ryan Palmer,204.6,"44,203.000",6
9,Sungjae Im,205.8,"44,448.000",6
10,Sepp Straka,207.5,"37,352.000",5
11,Henrik Norlander,208.9,"45,117.000",6
12,Jimmy Walker,210.8,"45,538.000",6
13,Carlos Ortiz,210.9,"45,561.000",6
14,Lanto Griffin,211.1,"60,787.000",8
15,Scott Harrington,211.2,"53,214.000",7
16,Ben Martin,211.6,"38,091.000",5
17,Joaquin Niemann,211.9,"53,399.000",7
18,Sam Ryder,212.4,"53,531.000",7
19,Emiliano Grillo,213.0,"61,347.000",8
19,Harry Higgs,213.0,"53,664.000",7
21,Cameron Smith,213.9,"46,206.000",6
22,Rhein Gibson,214.0,"61,640.000",8
23,Matt Jones,214.4,"46,300.000",6
24,Collin Morikawa,215.5,"46,541.000",6
24,D.J. Trahan,215.5,"62,070.000",8
26,"Ted Potter, Jr.",216.6,"62,391.000",8
27,Brendan Steele,216.7,"54,599.000",7
28,Scott Piercy,217.0,"54,694.000",7
29,Brian Harman,217.2,"62,558.000",8
30,Rory Sabbatini,218.3,"47,154.000",6
31,Mark Anderson,218.6,"47,221.000",6
32,Keegan Bradley,220.2,"55,481.000",7
33,Charles Howell III,221.6,"47,871.000",6
34,Daniel Berger,222.0,"55,952.000",7
34,Webb Simpson,222.0,"55,937.000",7
36,Corey Conners,222.8,"64,168.000",8
37,Kramer Hickok,223.6,"56,355.000",7
38,Kevin Kisner,224.0,"64,505.000",8
39,Abraham Ancer,224.4,"48,465.000",6
40,Hudson Swafford,224.7,"48,528.000",6
41,Joel Dahmen,225.0,"64,805.000",8
41,Talor Gooch,225.0,"56,709.000",7
43,Nate Lashley,226.1,"48,831.000",6
44,Nick Taylor,226.9,"49,011.000",6
45,Chase Seiffert,227.1,"57,230.000",7
46,Pat Perez,228.3,"57,539.000",7
47,Rob Oppenheim,229.7,"66,143.000",8
48,Michael Gellerman,230.0,"41,396.000",5
49,Bo Hoag,230.2,"41,428.000",5
50,Brandt Snedeker,230.4,"66,354.000",8
51,Russell Knox,230.7,"41,524.000",5
52,Michael Thompson,231.7,"58,376.000",7
53,Matthew NeSmith,232.1,"50,143.000",6
54,Zach Johnson,232.3,"50,166.000",6
55,Mikumu Horikawa,234.0,"42,125.000",5
56,Satoshi Kodaira,235.3,"59,289.000",7
57,Vaughn Taylor,237.9,"42,824.000",5
58,Brendon Todd,238.3,"60,043.000",7
59,Tim Wilkinson,239.5,"60,363.000",7
60,Andrew Putnam,239.9,"60,455.000",7
61,Tom Hoge,241.7,"52,208.000",6
62,Graeme McDowell,244.1,"61,507.000",7
63,Jerry Kelly,247.6,"71,311.000",8
64,Brian Stuard,249.4,"53,866.000",6
65,Peter Malnati,253.2,"36,464.000",4
66,Zac Blair,253.7,"45,669.000",5
