rank,player,%,# of Birdie or Better,Attempts,RTP-Successes,RTP-Not going for the grn
1,Bo Hoag,100.00,5,5,-5,-1.00
1,Mikumu Horikawa,100.00,5,5,-6,+2.00
1,Marc Leishman,100.00,6,6,-6,E
1,Rob Oppenheim,100.00,8,8,-9,E
1,Rory Sabbatini,100.00,6,6,-7,E
1,Cameron Smith,100.00,6,6,-6,E
1,Sepp Straka,100.00,5,5,-5,E
8,Corey Conners,87.50,7,8,-7,E
8,Emiliano Grillo,87.50,7,8,-8,E
10,Keegan Bradley,85.71,6,7,-6,E
10,Harry Higgs,85.71,6,7,-7,E
10,Andrew Putnam,85.71,6,7,-6,E
10,Brendan Steele,85.71,6,7,-8,E
10,Michael Thompson,85.71,6,7,-7,E
10,Tim Wilkinson,85.71,6,7,-6,E
16,Abraham Ancer,83.33,5,6,-6,+1.00
16,Mark Anderson,83.33,5,6,-6,+1.00
16,Matt Jones,83.33,5,6,-6,-1.00
16,Collin Morikawa,83.33,5,6,-5,-1.00
16,Matthew NeSmith,83.33,5,6,-5,-1.00
16,Henrik Norlander,83.33,5,6,-6,-1.00
16,Carlos Ortiz,83.33,5,6,-5,+1.00
16,Ryan Palmer,83.33,5,6,-5,E
16,Hudson Swafford,83.33,5,6,-5,E
25,Michael Gellerman,80.00,4,5,-4,-1.00
25,Russell Knox,80.00,4,5,-4,E
25,Ben Martin,80.00,4,5,-4,-1.00
25,Vaughn Taylor,80.00,4,5,-4,-1.00
29,Cam Davis,75.00,6,8,-6,E
29,Rhein Gibson,75.00,6,8,-6,E
29,Lanto Griffin,75.00,6,8,-9,E
29,Brian Harman,75.00,6,8,-6,E
29,Jerry Kelly,75.00,6,8,-6,E
29,Kevin Kisner,75.00,6,8,-6,E
29,Peter Malnati,75.00,3,4,-4,-1.00
29,Alex Noren,75.00,6,8,-6,E
29,"Ted Potter, Jr.",75.00,6,8,-6,E
38,Kramer Hickok,71.43,5,7,-5,E
38,Rikuya Hoshino,71.43,5,7,-5,+1.00
38,Hideki Matsuyama,71.43,5,7,-6,+2.00
38,Graeme McDowell,71.43,5,7,-6,-1.00
38,Scott Piercy,71.43,5,7,-5,E
38,Patrick Rodgers,71.43,5,7,-5,+1.00
38,Sam Ryder,71.43,5,7,-5,+2.00
38,Chase Seiffert,71.43,5,7,-7,E
38,Webb Simpson,71.43,5,7,-5,E
47,Tom Hoge,66.67,4,6,-4,E
47,Charles Howell III,66.67,4,6,-4,-1.00
47,Sungjae Im,66.67,4,6,-4,-1.00
47,Zach Johnson,66.67,4,6,-4,-1.00
47,Nate Lashley,66.67,4,6,-5,-1.00
47,Jimmy Walker,66.67,4,6,-4,-2.00
53,Joel Dahmen,62.50,5,8,-6,E
53,Brandt Snedeker,62.50,5,8,-5,E
55,Zac Blair,60.00,3,5,-3,-1.00
55,Joseph Bramlett,60.00,3,5,-3,E
57,Daniel Berger,57.14,4,7,-4,-1.00
57,Satoshi Kodaira,57.14,4,7,-4,+2.00
57,Joaquin Niemann,57.14,4,7,-4,E
57,Pat Perez,57.14,4,7,-4,E
61,Brian Stuard,50.00,3,6,-3,-1.00
61,Nick Taylor,50.00,3,6,-3,-1.00
63,Scott Harrington,42.86,3,7,-4,E
63,Brendon Todd,42.86,3,7,-3,-1.00
65,D.J. Trahan,37.50,3,8,-3,E
66,Talor Gooch,28.57,2,7,-2,E
