rank,player,% under then over par,Total under then over Par,Under Par
1,Michael Bradley,.00,0,8
1,Bryce Molder,.00,0,20
1,Nick Watney,.00,0,19
1,Bubba Watson,.00,0,18
5,Aaron Baddeley,6.25,1,16
6,Scott Piercy,7.14,1,14
6,Mark Wilson,7.14,1,14
8,Martin Laird,7.69,2,26
9,Jonathan Byrd,8.70,2,23
9,Steve Stricker,8.70,2,23
11,K.J. Choi,9.52,2,21
11,Rory Sabbatini,9.52,2,21
13,Chris Kirk,10.00,2,20
14,Webb Simpson,10.53,2,19
15,Harrison Frazar,11.11,2,18
15,Johnson Wagner,11.11,2,18
17,Ben Crane,13.04,3,23
18,Kevin Na,13.33,2,15
18,Scott Stallings,13.33,2,15
20,Sean O'Hair,17.65,3,17
20,D.A. Points,17.65,3,17
22,Keegan Bradley,20.00,3,15
22,Jhonattan Vegas,20.00,2,10
24,Bill Haas,27.27,3,11
25,Brendan Steele,30.00,3,10
26,David Toms,30.77,4,13
27,Gary Woodland,31.25,5,16
