rank,player,% Makes Bogey,Bogeys,Holes Played
1,Webb Simpson,5.56,4,72
1,Steve Stricker,5.56,4,72
3,Nick Watney,6.94,5,72
4,Michael Bradley,8.33,6,72
4,Jonathan Byrd,8.33,6,72
4,Harrison Frazar,8.33,6,72
4,Scott Piercy,8.33,6,72
4,D.A. Points,8.33,6,72
9,Bill Haas,9.72,7,72
9,Bryce Molder,9.72,7,72
9,Johnson Wagner,9.72,7,72
9,Mark Wilson,9.72,7,72
13,Keegan Bradley,11.11,8,72
13,K.J. Choi,11.11,8,72
13,Chris Kirk,11.11,8,72
13,Martin Laird,11.11,8,72
13,Kevin Na,11.11,8,72
13,Sean O'Hair,11.11,8,72
19,Ben Crane,13.89,10,72
19,Rory Sabbatini,13.89,10,72
21,Jhonattan Vegas,15.28,11,72
21,Bubba Watson,15.28,11,72
23,Aaron Baddeley,16.67,12,72
24,Scott Stallings,18.06,13,72
25,Gary Woodland,19.44,14,72
26,Brendan Steele,22.22,16,72
27,David Toms,23.61,17,72
