rank,player,Birdie to Bogey Ratio,Total Birdies and Better,Total Bogeys and Worse
1,Steve Stricker,6.75,27,4
2,Webb Simpson,5.25,21,4
3,Jonathan Byrd,4.00,24,6
4,Nick Watney,3.80,19,5
5,Martin Laird,3.63,29,8
6,Harrison Frazar,3.33,20,6
7,D.A. Points,3.00,18,6
8,K.J. Choi,2.88,23,8
9,Bryce Molder,2.86,20,7
9,Johnson Wagner,2.86,20,7
11,Scott Piercy,2.83,17,6
12,Chris Kirk,2.63,21,8
13,Ben Crane,2.50,25,10
14,Rory Sabbatini,2.40,24,10
15,Kevin Na,2.38,19,8
15,Sean O'Hair,2.38,19,8
17,Mark Wilson,2.29,16,7
18,Keegan Bradley,2.25,18,8
19,Bill Haas,2.00,14,7
20,Bubba Watson,1.91,21,11
21,Michael Bradley,1.67,10,6
22,Aaron Baddeley,1.58,19,12
23,Scott Stallings,1.46,19,13
24,Gary Woodland,1.36,19,14
25,Jhonattan Vegas,1.09,12,11
26,David Toms,.82,14,17
27,Brendan Steele,.81,13,16
