rank,player,Average Bogeys per round,Total Bogeys,Rounds Played
1,Steve Stricker,.75,3,4
1,Nick Watney,.75,3,4
3,Webb Simpson,1.00,4,4
4,D.A. Points,1.25,5,4
4,Jhonattan Vegas,1.25,5,4
6,Michael Bradley,1.50,6,4
6,Jonathan Byrd,1.50,6,4
6,Harrison Frazar,1.50,6,4
6,Bryce Molder,1.50,6,4
6,Scott Piercy,1.50,6,4
6,Johnson Wagner,1.50,6,4
6,Mark Wilson,1.50,6,4
13,Keegan Bradley,1.75,7,4
13,Bill Haas,1.75,7,4
13,Martin Laird,1.75,7,4
13,Kevin Na,1.75,7,4
13,Sean O'Hair,1.75,7,4
18,K.J. Choi,2.00,8,4
18,Ben Crane,2.00,8,4
18,Chris Kirk,2.00,8,4
21,Rory Sabbatini,2.25,9,4
21,Bubba Watson,2.25,9,4
23,Aaron Baddeley,2.50,10,4
24,Scott Stallings,3.00,12,4
24,Gary Woodland,3.00,12,4
26,Brendan Steele,3.75,15,4
27,David Toms,4.00,16,4
