rank,player,Avg,Total Distance (feet),# of Attempts,Relative to par
1,Rory Sabbatini,"10' 6""",31.500,3,-2
2,Martin Laird,"12' 9""",51.083,4,-1
3,Michael Bradley,"13' 8""",27.333,2,E
4,Stephen Ames,"13' 9""",68.667,5,-1
5,Brian Gay,"14' 2""",70.667,5,-1
6,John Rollins,"15' 0""",74.917,5,+1
7,Bo Van Pelt,"15' 5""",46.333,3,-2
8,Sean O'Hair,"16' 2""",80.917,5,-2
9,Paul Casey,"17' 11""",125.250,7,-1
10,Nathan Green,"20' 0""",139.750,7,-2
11,Nick Watney,"20' 4""",183.333,9,-2
12,Matt Kuchar,"21' 6""",107.667,5,E
13,Ryan Moore,"21' 9""",43.417,2,E
14,Retief Goosen,"22' 6""",112.583,5,-1
15,Heath Slocum,"24' 7""",172.333,7,+1
16,Geoff Ogilvy,"25' 6""",178.500,7,E
17,Stewart Cink,"25' 7""",179.000,7,-2
18,Zach Johnson,"25' 9""",102.833,4,-2
19,Troy Matteson,"27' 7""",220.500,8,E
20,Ángel Cabrera,"28' 2""",141.000,5,-1
21,Jerry Kelly,"30' 4""",182.000,6,E
22,Pat Perez,"30' 7""",183.667,6,E
23,Dustin Johnson,"31' 2""",280.583,9,-1
24,Mark Wilson,"31' 5""",62.750,2,+1
25,Y.E. Yang,"32' 10""",196.750,6,E
26,Steve Stricker,"34' 4""",137.250,4,E
27,Lucas Glover,"36' 5""",145.667,4,+2
28,Kenny Perry,"37' 5""",262.000,7,+1
