rank,player,Avg,Total Distance (feet),# of Attempts,Relative to par
1,Nick Watney,"31' 5""",408.583,13,-3
2,Pat Perez,"32' 6""",130.000,4,-1
3,Retief Goosen,"32' 7""",293.167,9,E
4,Martin Laird,"35' 6""",390.583,11,-3
5,Lucas Glover,"37' 1""",370.917,10,-2
6,Bo Van Pelt,"38' 5""",345.917,9,-2
7,Ryan Moore,"39' 2""",313.583,8,E
8,Sean O'Hair,"39' 5""",433.750,11,-5
9,Brian Gay,"40' 2""",361.250,9,-3
10,John Rollins,"42' 9""",342.167,8,-2
11,Steve Stricker,"42' 11""",386.333,9,E
12,Stewart Cink,"43' 1""",517.333,12,-1
13,Y.E. Yang,"43' 4""",260.000,6,-2
14,Michael Bradley,"43' 5""",651.583,15,E
15,Troy Matteson,"45' 4""",453.583,10,-3
16,Rory Sabbatini,"47' 11""",383.083,8,-3
17,Kenny Perry,"49' 5""",444.833,9,E
18,Geoff Ogilvy,"51' 5""",513.917,10,E
19,Ángel Cabrera,"51' 7""",722.667,14,-3
20,Nathan Green,"51' 8""",568.500,11,E
21,Paul Casey,"52' 3""",731.000,14,-3
22,Stephen Ames,"52' 7""",315.250,6,-3
23,Matt Kuchar,"52' 9""",369.167,7,-1
24,Zach Johnson,"55' 1""",551.000,10,E
25,Dustin Johnson,"55' 7""",778.250,14,-1
26,Heath Slocum,"58' 3""",408.000,7,-1
27,Mark Wilson,"60' 1""",480.750,8,+2
28,Jerry Kelly,"71' 2""",782.500,11,E
