rank,player,Avg,Total Distance (feet),# of Attempts,Relative to par
1,John Rollins,"6' 4""",6.333,1,-1
2,Matt Kuchar,"13' 0""",13.000,1,E
3,Martin Laird,"14' 0""",14.000,1,-1
4,Geoff Ogilvy,"16' 11""",33.750,2,-1
5,Stephen Ames,"18' 8""",18.667,1,E
6,Rory Sabbatini,"22' 8""",45.333,2,+1
7,Y.E. Yang,"24' 5""",24.417,1,E
8,Ryan Moore,"26' 11""",80.750,3,E
9,Stewart Cink,"28' 2""",56.250,2,E
10,Brian Gay,"28' 6""",85.417,3,E
11,Bo Van Pelt,"29' 1""",116.417,4,-1
12,Michael Bradley,"30' 0""",210.167,7,+1
13,Nathan Green,"30' 1""",60.083,2,E
14,Lucas Glover,"30' 7""",91.833,3,+1
15,Sean O'Hair,"35' 3""",105.750,3,-1
16,Dustin Johnson,"36' 9""",36.750,1,E
17,Ángel Cabrera,"41' 3""",206.250,5,E
18,Retief Goosen,"41' 4""",165.250,4,+1
19,Nick Watney,"42' 4""",42.333,1,E
20,Steve Stricker,"48' 0""",96.000,2,E
21,Zach Johnson,"48' 10""",48.833,1,E
22,Kenny Perry,"50' 7""",353.917,7,E
23,Troy Matteson,"52' 8""",158.000,3,+1
24,Paul Casey,"54' 2""",216.583,4,E
25,Jerry Kelly,"61' 5""",184.250,3,E
26,Mark Wilson,"87' 11""",87.917,1,+1
