rank,player,Avg,Total Distance (feet),# of Attempts,Relative to par
1,Lucas Glover,"8' 9""",8.750,1,-1
2,Mark Wilson,"19' 1""",38.083,2,E
3,Pat Perez,"21' 5""",21.417,1,E
4,Geoff Ogilvy,"32' 10""",32.833,1,E
5,Nick Watney,"34' 1""",102.250,3,-1
6,Y.E. Yang,"35' 11""",35.917,1,-1
7,Zach Johnson,"36' 3""",36.250,1,E
8,John Rollins,"39' 6""",79.000,2,+1
9,Heath Slocum,"43' 0""",43.000,1,E
10,Ryan Moore,"46' 11""",93.750,2,E
11,Bo Van Pelt,"48' 11""",48.917,1,E
12,Paul Casey,"51' 2""",102.333,2,+1
13,Dustin Johnson,"51' 6""",206.000,4,-2
14,Michael Bradley,"53' 9""",53.750,1,+1
15,Troy Matteson,"58' 6""",233.833,4,-3
16,Matt Kuchar,"59' 1""",118.083,2,-1
17,Nathan Green,"62' 9""",62.750,1,+2
18,Ángel Cabrera,"63' 11""",191.667,3,-1
19,Martin Laird,"66' 5""",132.833,2,E
20,Stewart Cink,"77' 3""",154.417,2,E
21,Brian Gay,"77' 7""",77.583,1,-1
22,Sean O'Hair,"92' 2""",92.167,1,E
23,Rory Sabbatini,"103' 3""",103.250,1,-1
