rank,player,Avg,Total Distance (feet),# of Attempts,Relative to par
1,Nick Watney,"4' 1""",4.083,1,-1
2,Sean O'Hair,"5' 4""",10.583,2,-1
3,Mark Wilson,"5' 7""",5.583,1,E
4,Zach Johnson,"8' 2""",8.167,1,E
5,Martin Laird,"8' 7""",8.583,1,E
5,Rory Sabbatini,"8' 7""",17.083,2,-1
7,John Rollins,"9' 0""",17.917,2,E
8,Dustin Johnson,"17' 0""",17.000,1,-1
9,Nathan Green,"18' 7""",18.583,1,E
10,Ángel Cabrera,"18' 10""",56.583,3,-1
11,Brian Gay,"19' 11""",39.750,2,E
12,Matt Kuchar,"20' 6""",20.500,1,E
13,Jerry Kelly,"21' 6""",21.500,1,E
14,Michael Bradley,"21' 8""",21.667,1,E
15,Stephen Ames,"22' 3""",22.250,1,E
16,Paul Casey,"25' 9""",51.417,2,E
17,Y.E. Yang,"27' 6""",82.500,3,E
18,Geoff Ogilvy,"28' 1""",28.083,1,E
19,Pat Perez,"30' 11""",61.833,2,E
20,Heath Slocum,"32' 5""",97.333,3,+1
21,Troy Matteson,"34' 2""",68.250,2,E
22,Kenny Perry,"40' 8""",81.333,2,+1
23,Lucas Glover,"48' 9""",48.750,1,+1
