rank,player,Avg,Total Distance (feet),# of Attempts,Relative to par
1,Paul Casey,"14' 8""",14.667,1,E
2,Stephen Ames,"15' 0""",15.000,1,E
3,Bo Van Pelt,"17' 1""",17.083,1,-1
4,Steve Stricker,"22' 11""",45.833,2,E
5,Rory Sabbatini,"25' 1""",50.083,2,-1
6,Ángel Cabrera,"27' 4""",109.417,4,-1
7,Dustin Johnson,"29' 9""",59.417,2,E
8,Stewart Cink,"32' 4""",64.667,2,+1
9,Nick Watney,"38' 7""",77.083,2,-1
10,Sean O'Hair,"40' 4""",121.000,3,-3
11,Martin Laird,"41' 0""",205.000,5,-2
12,Lucas Glover,"41' 11""",125.833,3,-3
13,Zach Johnson,"46' 3""",138.750,3,+2
14,Brian Gay,"46' 4""",46.333,1,E
15,Geoff Ogilvy,"61' 3""",61.250,1,E
16,John Rollins,"62' 0""",185.917,3,-1
17,Jerry Kelly,"83' 1""",166.083,2,+1
18,Michael Bradley,"104' 1""",104.083,1,-1
