rank,player,Avg,Total Distance (feet),# of Attempts,Relative to par
1,Michael Bradley,"5' 8""",5.667,1,E
2,John Rollins,"8' 1""",8.083,1,E
3,Brian Gay,"10' 4""",30.917,3,-1
4,Martin Laird,"12' 11""",25.750,2,E
5,Nathan Green,"15' 9""",47.167,3,-2
6,Matt Kuchar,"17' 8""",35.250,2,E
7,Heath Slocum,"18' 8""",37.250,2,E
8,Paul Casey,"20' 5""",61.250,3,-1
9,Troy Matteson,"20' 7""",61.750,3,-1
10,Stephen Ames,"20' 11""",41.833,2,-1
11,Nick Watney,"23' 1""",115.500,5,E
12,Sean O'Hair,"23' 5""",70.333,3,-1
13,Ryan Moore,"23' 8""",23.667,1,E
14,Bo Van Pelt,"28' 3""",28.250,1,-1
15,Stewart Cink,"28' 5""",113.583,4,-1
16,Retief Goosen,"31' 6""",62.917,2,+1
17,Geoff Ogilvy,"32' 3""",96.750,3,+1
18,Steve Stricker,"34' 7""",103.750,3,E
19,Pat Perez,"37' 6""",75.000,2,E
20,Y.E. Yang,"38' 1""",114.250,3,E
21,Jerry Kelly,"44' 9""",89.417,2,E
22,Zach Johnson,"49' 2""",49.167,1,E
23,Kenny Perry,"52' 5""",52.417,1,E
24,Dustin Johnson,"53' 6""",214.000,4,+1
25,Mark Wilson,"57' 2""",57.167,1,+1
26,Lucas Glover,"71' 5""",71.417,1,+1
