rank,player,Avg,Total Distance (feet),# of Attempts,Relative to par
1,Mark Wilson,"5' 7""",5.583,1,E
2,Stephen Ames,"8' 11""",26.833,3,E
3,Bo Van Pelt,"9' 1""",18.083,2,-1
4,Rory Sabbatini,"10' 6""",31.500,3,-2
5,Dustin Johnson,"12' 1""",72.417,6,-2
6,Martin Laird,"12' 8""",25.333,2,-1
7,Paul Casey,"16' 0""",64.000,4,E
8,Retief Goosen,"16' 7""",49.667,3,-2
9,John Rollins,"16' 9""",66.833,4,+1
10,Nick Watney,"17' 0""",67.833,4,-2
11,Zach Johnson,"17' 11""",53.667,3,-2
12,Ryan Moore,"19' 9""",19.750,1,E
13,Brian Gay,"19' 11""",39.750,2,E
13,Sean O'Hair,"19' 11""",59.667,3,-1
15,Geoff Ogilvy,"20' 5""",81.750,4,-1
16,Michael Bradley,"21' 8""",21.667,1,E
17,Stewart Cink,"21' 10""",65.417,3,-1
18,Jerry Kelly,"23' 2""",92.583,4,E
19,Pat Perez,"23' 7""",118.083,5,-1
20,Matt Kuchar,"24' 2""",72.417,3,E
21,Lucas Glover,"24' 9""",74.250,3,+1
22,Heath Slocum,"27' 0""",135.083,5,+1
23,Y.E. Yang,"27' 6""",82.500,3,E
24,Ángel Cabrera,"28' 2""",141.000,5,-1
25,Steve Stricker,"33' 6""",33.500,1,E
26,Kenny Perry,"34' 11""",209.583,6,+1
27,Troy Matteson,"35' 7""",213.417,6,+2
28,Nathan Green,"35' 8""",178.167,5,E
