rank,player,Avg,Total Distance (feet),# of Attempts,Relative to par
1,Retief Goosen,"15' 2""",15.167,1,-1
2,Pat Perez,"33' 7""",33.583,1,-1
3,Lucas Glover,"41' 11""",41.917,1,E
4,Sean O'Hair,"44' 6""",44.500,1,E
5,Rory Sabbatini,"45' 10""",91.583,2,-1
6,Zach Johnson,"53' 9""",107.417,2,-1
7,Ryan Moore,"57' 9""",115.417,2,E
8,Michael Bradley,"60' 2""",240.583,4,-1
9,Nick Watney,"61' 3""",61.250,1,E
10,John Rollins,"62' 10""",62.833,1,-1
11,Stewart Cink,"64' 3""",128.417,2,-1
12,Bo Van Pelt,"67' 8""",135.250,2,+1
13,Jerry Kelly,"72' 3""",72.250,1,-1
14,Heath Slocum,"75' 9""",75.750,1,-1
15,Mark Wilson,"75' 10""",227.583,3,+1
16,Dustin Johnson,"76' 11""",153.833,2,E
17,Nathan Green,"80' 1""",240.333,3,-1
18,Geoff Ogilvy,"84' 6""",84.500,1,E
19,Paul Casey,"87' 6""",87.500,1,-1
20,Steve Stricker,"88' 2""",88.167,1,E
