rank,player,Avg,Total Distance (feet),# of Attempts,Relative to par
1,Martin Laird,"13' 0""",13.000,1,E
2,Retief Goosen,"21' 8""",65.000,3,-2
3,Pat Perez,"33' 7""",33.583,1,-1
4,Nick Watney,"35' 9""",71.417,2,-1
5,Lucas Glover,"36' 7""",73.083,2,E
6,Kenny Perry,"38' 6""",38.500,1,E
7,Sean O'Hair,"44' 6""",44.500,1,E
8,Michael Bradley,"55' 7""",277.917,5,-1
9,Ryan Moore,"57' 9""",115.417,2,E
10,Rory Sabbatini,"61' 6""",184.417,3,-2
11,John Rollins,"62' 10""",62.833,1,-1
12,Stewart Cink,"64' 3""",128.417,2,-1
13,Bo Van Pelt,"67' 8""",135.250,2,+1
14,Zach Johnson,"69' 6""",278.000,4,-2
15,Steve Stricker,"70' 5""",140.750,2,E
16,Mark Wilson,"74' 5""",297.583,4,E
17,Nathan Green,"79' 8""",398.500,5,E
18,Heath Slocum,"81' 11""",327.750,4,-1
19,Paul Casey,"84' 1""",336.167,4,-3
20,Y.E. Yang,"85' 5""",85.417,1,-1
21,Jerry Kelly,"85' 8""",342.750,4,-1
22,Dustin Johnson,"87' 4""",262.083,3,E
23,Geoff Ogilvy,"96' 5""",289.333,3,E
24,Matt Kuchar,"101' 5""",202.833,2,E
25,Ángel Cabrera,"107' 8""",215.333,2,-1
26,Stephen Ames,"119' 11""",239.750,2,-2
27,Brian Gay,"121' 0""",121.000,1,-1
