rank,player,Avg,Total Putts,Total Rounds,Low Total Putts
1,Patrick Reed,24.75,99,4,22
2,Ryan Palmer,28.25,113,4,27
3,Patrick Cantlay,28.50,114,4,27
3,Sebastián Muñoz,28.50,114,4,26
3,J.T. Poston,28.50,114,4,28
3,Chez Reavie,28.50,114,4,26
3,Matthew Wolff,28.50,114,4,26
8,Rickie Fowler,28.75,115,4,26
9,Dustin Johnson,29.00,116,4,27
9,Adam Long,29.00,116,4,28
11,J.B. Holmes,29.25,117,4,27
11,Collin Morikawa,29.25,117,4,27
11,Justin Thomas,29.25,117,4,27
14,Kevin Kisner,29.50,118,4,27
14,Graeme McDowell,29.50,118,4,27
14,Joaquin Niemann,29.50,118,4,29
14,Jon Rahm,29.50,118,4,28
14,Gary Woodland,29.50,118,4,28
19,Cameron Champ,29.75,119,4,27
20,Sung Kang,30.00,120,4,29
20,Matt Kuchar,30.00,120,4,30
22,Keith Mitchell,30.25,121,4,28
22,Brendon Todd,30.25,121,4,28
24,Lanto Griffin,30.50,122,4,28
24,Nate Lashley,30.50,122,4,28
24,Xander Schauffele,30.50,122,4,27
27,Tyler Duncan,30.75,123,4,30
28,Kevin Na,31.00,124,4,28
29,Paul Casey,31.25,125,4,27
30,Dylan Frittelli,31.50,126,4,29
30,Martin Trainer,31.50,126,4,29
32,Corey Conners,32.00,128,4,29
32,Jim Herman,32.00,128,4,30
32,Max Homa,32.00,128,4,30
