rank,player,% Made,Attempts,Putts Made
1,Robert Garrigus,3.33,3,1
1,Francesco Molinari,3.33,3,1
3,Jason Day,2.50,4,1
3,Anthony Kim,2.50,4,1
5,Bill Haas,2.00,5,1
6,Jim Furyk,1.67,6,1
6,Ryan Palmer,1.67,6,1
8,Stuart Appleby,.00,3,-
8,Arjun Atwal,.00,3,-
8,Cameron Beckman,.00,2,-
8,Matt Bettencourt,.00,5,-
8,Jason Bohn,.00,4,-
8,Jonathan Byrd,.00,5,-
8,Tim Clark,.00,4,-
8,Ben Crane,.00,2,-
8,Ernie Els,.00,5,-
8,Charley Hoffman,.00,3,-
8,Dustin Johnson,.00,5,-
8,Zach Johnson,.00,3,-
8,Matt Kuchar,.00,5,-
8,Derek Lamely,.00,4,-
8,Bill Lunde,.00,3,-
8,Hunter Mahan,.00,4,-
8,Graeme McDowell,.00,5,-
8,Rocco Mediate,.00,5,-
8,Carl Pettersson,.00,2,-
8,Ian Poulter,.00,2,-
8,Justin Rose,.00,4,-
8,Adam Scott,.00,4,-
8,Heath Slocum,.00,6,-
8,Steve Stricker,.00,3,-
8,Bubba Watson,.00,1,-
