rank,player,% Made,Attempts,Putts Made
1,Cameron Beckman,2.00,5,1
2,Arjun Atwal,1.43,7,1
2,Jason Day,1.43,7,1
2,Dustin Johnson,1.43,7,1
5,Stuart Appleby,1.11,9,1
6,Robert Garrigus,1.00,10,1
7,Ernie Els,.91,11,1
8,Charley Hoffman,.67,15,1
9,Hunter Mahan,.59,17,1
10,Matt Bettencourt,.00,6,-
10,Jason Bohn,.00,11,-
10,Jonathan Byrd,.00,11,-
10,Tim Clark,.00,11,-
10,Ben Crane,.00,18,-
10,Jim Furyk,.00,10,-
10,Bill Haas,.00,17,-
10,Zach Johnson,.00,9,-
10,Anthony Kim,.00,6,-
10,Matt Kuchar,.00,8,-
10,Derek Lamely,.00,13,-
10,Bill Lunde,.00,17,-
10,Graeme McDowell,.00,5,-
10,Rocco Mediate,.00,10,-
10,Francesco Molinari,.00,10,-
10,Ryan Palmer,.00,9,-
10,Carl Pettersson,.00,7,-
10,Ian Poulter,.00,11,-
10,Justin Rose,.00,5,-
10,Adam Scott,.00,11,-
10,Heath Slocum,.00,10,-
10,Steve Stricker,.00,10,-
10,Bubba Watson,.00,13,-
