rank,player,%,Attempts,Putts made
1,Jason Day,14.29,14,2
2,Robert Garrigus,11.76,17,2
3,Ben Crane,9.09,22,2
4,Ernie Els,8.70,23,2
5,Arjun Atwal,8.33,12,1
5,Cameron Beckman,8.33,12,1
7,Stuart Appleby,7.14,14,1
7,Anthony Kim,7.14,14,1
9,Francesco Molinari,6.67,15,1
10,Rocco Mediate,5.56,18,1
10,Ian Poulter,5.56,18,1
12,Tim Clark,5.26,19,1
12,Dustin Johnson,5.26,19,1
14,Jim Furyk,5.00,20,1
14,Charley Hoffman,5.00,20,1
16,Ryan Palmer,4.76,21,1
17,Hunter Mahan,4.55,22,1
18,Bill Haas,4.00,25,1
19,Jonathan Byrd,3.57,28,1
20,Matt Bettencourt,.00,18,-
20,Jason Bohn,.00,17,-
20,Zach Johnson,.00,16,-
20,Matt Kuchar,.00,16,-
20,Derek Lamely,.00,21,-
20,Bill Lunde,.00,25,-
20,Graeme McDowell,.00,17,-
20,Carl Pettersson,.00,13,-
20,Justin Rose,.00,13,-
20,Adam Scott,.00,20,-
20,Heath Slocum,.00,20,-
20,Steve Stricker,.00,18,-
20,Bubba Watson,.00,18,-
