rank,player,%,Attempts,Putts made
1,Stuart Appleby,33.33,6,2
1,Charley Hoffman,33.33,3,1
3,Jason Day,25.00,4,1
3,Graeme McDowell,25.00,8,2
3,Carl Pettersson,25.00,8,2
6,Adam Scott,20.00,5,1
7,Zach Johnson,14.29,7,1
8,Arjun Atwal,12.50,8,1
8,Tim Clark,12.50,8,1
8,Anthony Kim,12.50,8,1
11,Justin Rose,11.11,9,1
12,Ryan Palmer,9.09,11,1
13,Cameron Beckman,.00,5,-
13,Matt Bettencourt,.00,7,-
13,Jason Bohn,.00,5,-
13,Jonathan Byrd,.00,1,-
13,Ben Crane,.00,6,-
13,Ernie Els,.00,5,-
13,Jim Furyk,.00,7,-
13,Robert Garrigus,.00,8,-
13,Bill Haas,.00,8,-
13,Dustin Johnson,.00,3,-
13,Matt Kuchar,.00,6,-
13,Derek Lamely,.00,3,-
13,Bill Lunde,.00,8,-
13,Hunter Mahan,.00,2,-
13,Rocco Mediate,.00,2,-
13,Francesco Molinari,.00,4,-
13,Ian Poulter,.00,4,-
13,Heath Slocum,.00,7,-
13,Steve Stricker,.00,6,-
13,Bubba Watson,.00,2,-
