rank,player,% Made,Attempts,Putts Made
1,Ben Crane,10.00,2,2
2,Rocco Mediate,3.33,3,1
3,Tim Clark,2.50,4,1
4,Ian Poulter,2.00,5,1
5,Ernie Els,1.43,7,1
6,Jonathan Byrd,.83,12,1
7,Stuart Appleby,.00,2,-
7,Arjun Atwal,.00,2,-
7,Cameron Beckman,.00,5,-
7,Matt Bettencourt,.00,7,-
7,Jason Bohn,.00,2,-
7,Jason Day,.00,3,-
7,Jim Furyk,.00,4,-
7,Robert Garrigus,.00,4,-
7,Bill Haas,.00,3,-
7,Charley Hoffman,.00,2,-
7,Dustin Johnson,.00,7,-
7,Zach Johnson,.00,4,-
7,Anthony Kim,.00,4,-
7,Matt Kuchar,.00,3,-
7,Derek Lamely,.00,4,-
7,Bill Lunde,.00,5,-
7,Hunter Mahan,.00,1,-
7,Graeme McDowell,.00,7,-
7,Francesco Molinari,.00,2,-
7,Ryan Palmer,.00,6,-
7,Carl Pettersson,.00,4,-
7,Justin Rose,.00,4,-
7,Adam Scott,.00,5,-
7,Heath Slocum,.00,4,-
7,Steve Stricker,.00,5,-
7,Bubba Watson,.00,4,-
