rank,player,%,Attempts,Putts made
1,Dustin Johnson,40.00,5,2
1,Steve Stricker,40.00,5,2
3,Bill Haas,33.33,6,2
3,Zach Johnson,33.33,6,2
3,Bill Lunde,33.33,6,2
6,Bubba Watson,30.00,10,3
7,Francesco Molinari,27.27,11,3
8,Jason Bohn,25.00,8,2
8,Jason Day,25.00,4,1
8,Adam Scott,25.00,4,1
11,Stuart Appleby,22.22,9,2
11,Cameron Beckman,22.22,9,2
13,Jonathan Byrd,20.00,5,1
13,Anthony Kim,20.00,10,2
13,Graeme McDowell,20.00,5,1
13,Ryan Palmer,20.00,5,1
13,Heath Slocum,20.00,5,1
18,Ben Crane,14.29,7,1
18,Robert Garrigus,14.29,7,1
18,Matt Kuchar,14.29,7,1
21,Derek Lamely,12.50,8,1
21,Ian Poulter,12.50,8,1
21,Justin Rose,12.50,8,1
24,Carl Pettersson,11.11,9,1
25,Ernie Els,10.00,10,1
25,Jim Furyk,10.00,10,1
27,Tim Clark,8.33,12,1
28,Arjun Atwal,.00,9,-
28,Matt Bettencourt,.00,5,-
28,Charley Hoffman,.00,5,-
28,Hunter Mahan,.00,5,-
28,Rocco Mediate,.00,6,-
