rank,player,%,Attempts,Putts made
1,Cameron Beckman,62.50,8,5
2,Bubba Watson,60.00,5,3
3,Matt Bettencourt,46.15,13,6
4,Ben Crane,44.44,9,4
5,Ian Poulter,40.00,15,6
6,Arjun Atwal,37.50,8,3
6,Ernie Els,37.50,16,6
8,Graeme McDowell,36.36,11,4
9,Matt Kuchar,33.33,9,3
9,Derek Lamely,33.33,12,4
11,Charley Hoffman,30.77,13,4
11,Zach Johnson,30.77,13,4
13,Adam Scott,30.00,10,3
14,Carl Pettersson,28.57,7,2
14,Heath Slocum,28.57,14,4
16,Steve Stricker,27.27,11,3
17,Jason Bohn,25.00,12,3
17,Bill Haas,25.00,8,2
19,Jason Day,23.08,13,3
20,Tim Clark,22.22,9,2
21,Bill Lunde,20.00,10,2
22,Jim Furyk,18.18,11,2
23,Anthony Kim,16.67,12,2
24,Jonathan Byrd,14.29,7,1
24,Robert Garrigus,14.29,14,2
24,Ryan Palmer,14.29,7,1
27,Hunter Mahan,12.50,8,1
28,Dustin Johnson,11.11,9,1
28,Justin Rose,11.11,9,1
30,Stuart Appleby,9.09,11,1
31,Francesco Molinari,8.33,12,1
32,Rocco Mediate,.00,6,-
