rank,player,Hole outs
1,Russell Knox,3
2,David Hearn,2
2,Morgan Hoffmann,2
2,Troy Merritt,2
2,Jeff Overton,2
2,Scott Piercy,2
2,Rory Sabbatini,2
2,Boo Weekley,2
9,Sangmoon Bae,1
9,Daniel Berger,1
9,Zac Blair,1
9,Steven Bowditch,1
9,K.J. Choi,1
9,Tim Clark,1
9,Chad Collins,1
9,Jason Day,1
9,Derek Fathauer,1
9,Russell Henley,1
9,Max Homa,1
9,Scott Langley,1
9,Justin Leonard,1
9,Kevin Na,1
9,Pat Perez,1
9,Scott Pinckney,1
9,Roger Sloan,1
9,Shawn Stefani,1
9,Jhonattan Vegas,1
9,Jimmy Walker,1
