rank,player,Distance,Tournament,Round- Course,Hole
1,Geoff Ogilvy,211,Sony Open,1,4 - Par 3 -
2,Jhonattan Vegas,140,Sony Open,2,16 - Par 4
3,Max Homa,120,Sony Open,3,16 - Par 4
4,Boo Weekley,62,Sony Open,2,10 - Par 4
5,Morgan Hoffmann,42,Sony Open,3,10 - Par 4
6,Scott Pinckney,39,Sony Open,1,10 - Par 4
7,Pat Perez,28,Sony Open,2,6 - Par 4 -
8,Shawn Stefani,22,Sony Open,1,1 - Par 4 -
10,Luke Guthrie,19,Sony Open,1,7 - Par 3 -
11,Daniel Berger,18,Sony Open,3,15 - Par 4
13,Justin Leonard,15,Sony Open,4,4 - Par 3 -
14,Tom Gillis,15,Sony Open,2,11 - Par 3
15,Russell Henley,15,Sony Open,2,17 - Par 3
16,Troy Merritt,15,Sony Open,1,3 - Par 4 -
17,Billy Hurley III,15,Sony Open,2,8 - Par 4 -
18,Russell Knox,15,Sony Open,3,1 - Par 4 -
19,Lucas Glover,14,Sony Open,2,11 - Par 3
20,Derek Fathauer,13,Sony Open,2,15 - Par 4
21,Zac Blair,13,Sony Open,2,1 - Par 4 -
22,Chad Collins,12,Sony Open,1,10 - Par 4
23,George McNeill,12,Sony Open,1,9 - Par 5 -
24,Rory Sabbatini,12,Sony Open,4,2 - Par 4 -
25,Jeff Overton,11,Sony Open,1,6 - Par 4 -
26,Brian Stuard,10,Sony Open,2,4 - Par 3 -
28,David Hearn,10,Sony Open,4,4 - Par 3 -
30,Steven Bowditch,9,Sony Open,1,11 - Par 3
31,Jason Day,9,Sony Open,4,12 - Par 4
32,Yanwei Liu,9,Sony Open,2,14 - Par 4
33,William McGirt,9,Sony Open,3,18 - Par 5
35,Tim Clark,9,Sony Open,3,16 - Par 4
36,Steve Wheatcroft,9,Sony Open,1,2 - Par 4 -
37,Jimmy Walker,8,Sony Open,3,3 - Par 4 -
38,Kevin Na,8,Sony Open,1,11 - Par 3
39,John Daly,8,Sony Open,1,15 - Par 4
41,Roger Sloan,8,Sony Open,2,3 - Par 4 -
42,Sean O'Hair,7,Sony Open,2,15 - Par 4
43,Sangmoon Bae,7,Sony Open,1,11 - Par 3
44,Scott Piercy,6,Sony Open,2,1 - Par 4 -
45,K.J. Choi,6,Sony Open,4,17 - Par 3
46,Scott Langley,5,Sony Open,4,16 - Par 4
