rank,player,Avg,Total Strokes,Total Adjustment,Total Rounds
1,Patrick Reed,70.825,271,12.300,4
1,Jimmy Walker,70.825,271,12.300,4
3,Jason Day,71.075,272,12.300,4
3,Russell Henley,71.075,272,12.300,4
3,Hideki Matsuyama,71.075,272,12.300,4
6,Sangmoon Bae,71.575,274,12.300,4
7,Zach Johnson,71.825,275,12.300,4
8,Robert Streb,72.075,276,12.300,4
8,Brendon Todd,72.075,276,12.300,4
10,Bubba Watson,72.325,277,12.300,4
11,Matt Jones,72.575,278,12.300,4
11,Ben Martin,72.575,278,12.300,4
11,S.Y. Noh,72.575,278,12.300,4
14,Charley Hoffman,72.825,279,12.300,4
14,Chris Kirk,72.825,279,12.300,4
14,Scott Stallings,72.825,279,12.300,4
17,Brian Harman,73.075,280,12.300,4
17,Matt Kuchar,73.075,280,12.300,4
17,Hunter Mahan,73.075,280,12.300,4
20,Chesson Hadley,73.325,281,12.300,4
20,Ryan Moore,73.325,281,12.300,4
22,Steven Bowditch,73.575,282,12.300,4
22,Billy Horschel,73.575,282,12.300,4
22,Kevin Streelman,73.575,282,12.300,4
25,Tim Clark,73.825,283,12.300,4
25,John Senden,73.825,283,12.300,4
27,Matt Every,74.075,284,12.300,4
27,Geoff Ogilvy,74.075,284,12.300,4
29,Ángel Cabrera,74.575,286,12.300,4
29,Ben Crane,74.575,286,12.300,4
29,Nick Taylor,74.575,286,12.300,4
32,Camilo Villegas,74.825,287,12.300,4
33,J.B. Holmes,75.325,289,12.300,4
