rank,player,Avg,Total SG:ARG,Measured Rounds
1,Jordan Spieth,.898,3.592,4
2,Jimmy Walker,.712,2.848,4
3,Padraig Harrington,.630,2.522,4
4,Patrick Reed,.597,2.389,4
5,David Lingmerth,.522,2.088,4
6,Rickie Fowler,.480,1.921,4
7,Dustin Johnson,.396,1.585,4
8,James Hahn,.306,1.223,4
9,Smylie Kaufman,.162,.650,4
10,Steven Bowditch,.160,.641,4
11,Chris Kirk,.135,.539,4
12,Jason Day,.096,.383,4
13,Bubba Watson,.073,.293,4
14,Graeme McDowell,.055,.220,4
15,Peter Malnati,.037,.150,4
16,Danny Lee,-.012,-.048,4
17,Bill Haas,-.027,-.106,4
18,Brandt Snedeker,-.076,-.302,4
19,Davis Love III,-.096,-.384,4
20,Fabián Gómez,-.101,-.403,4
21,Russell Knox,-.146,-.582,4
22,Brooks Koepka,-.149,-.596,4
23,Matt Every,-.154,-.615,4
24,J.J. Henry,-.162,-.646,4
25,Zach Johnson,-.203,-.810,4
26,J.B. Holmes,-.264,-1.057,4
27,Alex Cejka,-.266,-1.063,4
28,Kevin Kisner,-.310,-1.241,4
29,Troy Merritt,-.644,-2.576,4
30,Justin Thomas,-.718,-2.871,4
31,Emiliano Grillo,-.724,-2.895,4
32,Scott Piercy,-1.210,-4.838,4
