rank,player,Avg,Total SG:Putting,Measured Rounds
1,Jordan Spieth,1.909,7.635,4
2,Brandt Snedeker,1.178,4.711,4
3,Steven Bowditch,1.094,4.377,4
3,Kevin Kisner,1.094,4.376,4
5,Jason Day,1.046,4.183,4
6,Brooks Koepka,.866,3.465,4
7,Scott Piercy,.766,3.064,4
8,Peter Malnati,.747,2.988,4
9,Matt Every,.604,2.414,4
10,Patrick Reed,.594,2.377,4
11,Alex Cejka,.508,2.030,4
12,David Lingmerth,.431,1.722,4
13,Troy Merritt,.298,1.193,4
14,Zach Johnson,.224,.897,4
15,Emiliano Grillo,.048,.193,4
16,Rickie Fowler,.036,.143,4
17,Jimmy Walker,-.137,-.548,4
18,Padraig Harrington,-.219,-.878,4
19,Smylie Kaufman,-.221,-.884,4
20,Danny Lee,-.232,-.929,4
21,Bill Haas,-.410,-1.639,4
22,Russell Knox,-.440,-1.760,4
23,Fabián Gómez,-.496,-1.986,4
24,J.B. Holmes,-.599,-2.396,4
25,Graeme McDowell,-.784,-3.138,4
26,J.J. Henry,-.867,-3.469,4
27,Justin Thomas,-.956,-3.823,4
28,Dustin Johnson,-1.053,-4.212,4
29,James Hahn,-1.075,-4.299,4
30,Davis Love III,-1.258,-5.033,4
31,Chris Kirk,-1.306,-5.224,4
32,Bubba Watson,-1.390,-5.560,4
