rank,player,Avg,Total SG:APP,Measured Rounds
1,Peter Malnati,1.322,5.287,4
2,Chris Kirk,1.053,4.211,4
3,Fabián Gómez,1.048,4.191,4
4,Justin Thomas,.985,3.939,4
5,Brandt Snedeker,.955,3.818,4
6,Jordan Spieth,.841,3.365,4
7,Troy Merritt,.784,3.136,4
8,Alex Cejka,.590,2.360,4
9,Brooks Koepka,.585,2.338,4
10,Patrick Reed,.582,2.328,4
11,Rickie Fowler,.493,1.973,4
12,Smylie Kaufman,.458,1.830,4
13,Padraig Harrington,.427,1.709,4
14,Zach Johnson,.419,1.677,4
15,Russell Knox,.361,1.443,4
16,Danny Lee,.343,1.371,4
17,Emiliano Grillo,.320,1.280,4
18,Jimmy Walker,.259,1.037,4
19,Bubba Watson,-.040,-.159,4
20,Bill Haas,-.191,-.765,4
21,Kevin Kisner,-.278,-1.113,4
22,Scott Piercy,-.374,-1.497,4
23,Davis Love III,-.672,-2.689,4
24,Graeme McDowell,-.674,-2.698,4
25,James Hahn,-.734,-2.935,4
26,Dustin Johnson,-.773,-3.092,4
27,Jason Day,-.899,-3.596,4
28,David Lingmerth,-.919,-3.675,4
29,Steven Bowditch,-.950,-3.800,4
30,J.B. Holmes,-1.066,-4.266,4
31,Matt Every,-1.746,-6.986,4
32,J.J. Henry,-2.508,-10.033,4
