rank,player,Avg,Total SG:ARG,Measured Rounds
1,Chris Kirk,0.883,3.533,4
2,Byeong Hun An,0.760,3.038,4
3,Patrick Rodgers,0.741,2.964,4
4,Matt Fitzpatrick,0.688,2.751,4
5,Hideki Matsuyama,0.686,2.745,4
6,Jason Day,0.662,2.648,4
7,J.T. Poston,0.635,2.539,4
8,Tommy Fleetwood,0.589,2.354,4
9,Tyrrell Hatton,0.465,1.861,4
10,Max Homa,0.438,1.752,4
11,Lucas Glover,0.407,1.627,4
11,Cameron Young,0.407,1.627,4
13,Justin Rose,0.398,1.593,4
14,Xander Schauffele,0.390,1.560,4
15,Brendon Todd,0.375,1.501,4
16,Vincent Norrman,0.371,1.485,4
17,Camilo Villegas,0.332,1.326,4
18,Tony Finau,0.303,1.212,4
19,Adam Schenk,0.292,1.169,4
20,Patrick Cantlay,0.280,1.120,4
21,Si Woo Kim,0.264,1.056,4
22,Sahith Theegala,0.247,0.989,4
23,Jordan Spieth,0.228,0.910,4
24,Nico Echavarria,0.212,0.848,4
25,Russell Henley,0.159,0.636,4
26,Wyndham Clark,0.131,0.524,4
26,Eric Cole,0.131,0.525,4
28,Collin Morikawa,0.125,0.500,4
29,Rickie Fowler,0.121,0.482,4
30,Adam Hadwin,0.113,0.452,4
31,Tom Kim,0.101,0.404,4
32,Scottie Scheffler,0.098,0.391,4
33,Davis Riley,0.094,0.375,4
34,Mackenzie Hughes,0.031,0.123,4
35,Brian Harman,0.005,0.019,4
36,Akshay Bhatia,-0.001,-0.005,4
37,Taylor Moore,-0.005,-0.022,4
38,Luke List,-0.015,-0.061,4
39,Denny McCarthy,-0.186,-0.746,4
40,Ludvig Åberg,-0.195,-0.782,4
41,Viktor Hovland,-0.210,-0.841,4
42,Matt Wallace,-0.211,-0.846,4
43,Sungjae Im,-0.227,-0.910,4
44,Keegan Bradley,-0.305,-1.221,4
45,Harris English,-0.320,-1.281,4
46,Corey Conners,-0.332,-1.327,4
47,Sepp Straka,-0.377,-1.508,4
48,Sam Burns,-0.404,-1.616,4
49,Kurt Kitayama,-0.551,-2.203,4
50,Erik van Rooyen,-0.644,-2.575,4
51,Adam Svensson,-0.697,-2.787,4
52,Emiliano Grillo,-0.781,-3.125,4
53,Tom Hoge,-0.845,-3.381,4
53,Andrew Putnam,-0.845,-3.379,4
55,Nick Hardy,-0.900,-3.601,4
56,Cam Davis,-0.909,-3.636,4
57,Nick Taylor,-0.923,-3.693,4
58,Seamus Power,-0.930,-3.720,4
59,Lee Hodges,-1.348,-5.391,4
