rank,player,Avg (Yards),Total Distance (inches),Number of Approach Shots
1,Marc Turnesa,118.6,"64,042,000",15
2,Greg Kraft,135.4,"68,223,000",14
3,Brian Gay,142.5,"71,810,000",14
4,Justin Leonard,147.0,"111,111,000",21
5,Ryuji Imada,153.7,"116,168,000",21
6,Richard Johnson,157.0,"96,062,000",17
7,Chez Reavie,166.4,"107,827,000",18
8,Zach Johnson,172.0,"123,823,000",20
9,Stewart Cink,172.2,"93,012,000",15
10,Vijay Singh,172.9,"136,925,000",22
11,Parker McLachlin,177.0,"108,306,000",17
12,Ryan Palmer,178.3,"102,712,000",16
13,Will MacKenzie,180.4,"129,888,000",20
14,K.J. Choi,180.6,"123,556,000",19
15,Daniel Chopra,185.3,"153,444,000",23
16,Cameron Beckman,186.0,"113,820,000",17
17,Ernie Els,188.8,"135,966,000",20
18,J.B. Holmes,191.0,"151,277,000",22
19,Carl Pettersson,191.1,"110,067,000",16
20,Sean O'Hair,192.0,"152,055,000",22
21,D.J. Trahan,193.4,"139,235,000",20
22,Andres Romero,193.5,"97,536,000",14
23,Steve Lowery,193.7,"160,384,000",23
24,Geoff Ogilvy,194.4,"195,951,000",28
25,Johnson Wagner,194.9,"126,290,000",18
26,Camilo Villegas,195.5,"154,846,000",22
27,Kenny Perry,197.6,"135,187,000",19
28,Trevor Immelman,201.5,"116,084,000",16
29,Boo Weekley,208.0,"149,781,000",20
30,Dustin Johnson,210.6,"181,944,000",24
31,Anthony Kim,217.9,"188,283,000",24
32,Adam Scott,220.8,"135,115,000",17
33,Davis Love III,230.3,"174,122,000",21
