rank,player,Avg (Yards),Total Distance (inches),Number of Approach Shots
1,Ryan Palmer,103.1,"44,538,000",12
2,Parker McLachlin,110.2,"19,839,000",5
3,Daniel Chopra,126.4,"63,701,000",14
4,Richard Johnson,127.4,"41,266,000",9
5,D.J. Trahan,132.0,"23,753,000",5
6,Ryuji Imada,137.2,"49,408,000",10
7,Justin Leonard,142.5,"20,519,000",4
8,Carl Pettersson,146.5,"31,648,000",6
9,Johnson Wagner,148.7,"26,762,000",5
10,Marc Turnesa,149.5,"91,467,000",17
11,Zach Johnson,150.7,"27,119,000",5
12,Kenny Perry,152.1,"21,907,000",4
13,Andres Romero,154.5,"77,859,000",14
14,J.B. Holmes,156.0,"72,987,000",13
15,Brian Gay,156.2,"22,495,000",4
16,Trevor Immelman,156.7,"56,416,000",10
17,K.J. Choi,157.4,"39,654,000",7
18,Steve Lowery,157.7,"56,786,000",10
19,Dustin Johnson,159.2,"40,126,000",7
20,Cameron Beckman,160.5,"51,987,000",9
21,Adam Scott,161.9,"52,464,000",9
22,Sean O'Hair,163.9,"35,399,000",6
23,Geoff Ogilvy,169.2,"30,461,000",5
24,Chez Reavie,171.0,"43,095,000",7
25,Camilo Villegas,177.6,"57,551,000",9
26,Boo Weekley,178.2,"44,899,000",7
27,Vijay Singh,178.4,"96,352,000",15
28,Davis Love III,182.4,"32,833,000",5
29,Stewart Cink,185.8,"53,504,000",8
30,Greg Kraft,192.8,"69,406,000",10
31,Anthony Kim,196.0,"49,401,000",7
32,Will MacKenzie,197.1,"35,482,000",5
33,Ernie Els,216.8,"46,838,000",6
