rank,player,Avg (Yards),Total Distance (inches),Number of Approach Shots
1,Cameron Beckman,139.6,"226,182,000",45
2,Chez Reavie,145.0,"245,388,000",47
3,Geoff Ogilvy,146.3,"205,344,000",39
4,Sean O'Hair,150.9,"238,990,000",44
5,Daniel Chopra,153.7,"188,092,000",34
6,Camilo Villegas,154.6,"228,169,000",41
7,Brian Gay,155.7,"302,680,000",54
8,Will MacKenzie,156.0,"258,385,000",46
9,Richard Johnson,156.3,"258,758,000",46
9,Justin Leonard,156.3,"264,494,000",47
11,Vijay Singh,156.4,"197,034,000",35
12,Trevor Immelman,156.6,"259,376,000",46
12,D.J. Trahan,156.6,"259,346,000",46
14,Zach Johnson,157.0,"259,949,000",46
15,Marc Turnesa,157.8,"227,262,000",40
16,Greg Kraft,160.0,"276,419,000",48
17,Anthony Kim,161.2,"237,916,000",41
18,Kenny Perry,161.5,"284,928,000",49
19,Steve Lowery,162.8,"222,751,000",38
20,Davis Love III,164.4,"272,268,000",46
21,Boo Weekley,165.6,"268,286,000",45
22,Johnson Wagner,167.4,"295,233,000",49
23,K.J. Choi,167.7,"271,673,000",45
24,Ryuji Imada,167.8,"241,574,000",40
25,Ryan Palmer,169.3,"255,927,000",42
26,Parker McLachlin,169.8,"287,358,000",47
27,Adam Scott,171.6,"284,159,000",46
28,Stewart Cink,176.3,"304,643,000",48
29,Dustin Johnson,176.4,"254,043,000",40
30,J.B. Holmes,177.2,"216,856,000",34
31,Andres Romero,182.1,"281,920,000",43
32,Ernie Els,183.7,"304,239,000",46
33,Carl Pettersson,183.8,"324,246,000",49
