rank,player,Low Rnd
1,Brian Gay,65
2,Billy Horschel,66
2,Dustin Johnson,66
2,Chris Kirk,66
2,Michael Thompson,66
6,Matt Kuchar,67
6,Ryan Moore,67
6,Patrick Reed,67
6,Jimmy Walker,67
10,Woody Austin,68
10,Scott Brown,68
12,Sangmoon Bae,69
12,Jonas Blixt,69
12,Harris English,69
12,Bill Haas,69
12,Brandt Snedeker,69
17,Ken Duke,70
17,Derek Ernst,70
17,Russell Henley,70
17,Martin Laird,70
17,Adam Scott,70
17,Boo Weekley,70
17,Gary Woodland,70
24,John Merrick,71
25,D.A. Points,73
