rank,player,Avg,Total Strokes,Tot. Early Rds.(1st tee)
1,Dustin Johnson,66.00,66,1
2,Chris Kirk,67.00,134,2
2,Matt Kuchar,67.00,67,1
2,Ryan Moore,67.00,67,1
5,Brian Gay,68.33,205,3
6,Patrick Reed,68.50,137,2
7,Billy Horschel,68.67,206,3
8,Brandt Snedeker,69.00,69,1
8,Michael Thompson,69.00,138,2
10,Harris English,69.50,139,2
11,Woody Austin,70.00,210,3
11,Ken Duke,70.00,70,1
11,Adam Scott,70.00,70,1
11,Gary Woodland,70.00,70,1
15,Sangmoon Bae,70.67,212,3
16,Martin Laird,70.75,283,4
17,Jonas Blixt,71.25,285,4
17,Jimmy Walker,71.25,285,4
19,Scott Brown,71.75,287,4
20,Bill Haas,72.00,216,3
21,Russell Henley,72.25,289,4
22,Boo Weekley,72.33,217,3
23,John Merrick,73.00,292,4
24,D.A. Points,73.33,220,3
25,Derek Ernst,75.25,301,4
