rank,player,Avg,Total Strokes,Total Rounds
1,Bart Bryant,36.00,36,1
1,Mark Calcavecchia,36.00,36,1
1,K.J. Choi,36.00,36,1
1,Lucas Glover,36.00,36,1
1,Ted Purdy,36.00,36,1
6,Stuart Appleby,37.00,37,1
6,Jason Bohn,37.00,37,1
6,Michael Campbell,37.00,37,1
6,Jim Furyk,37.00,37,1
6,Peter Lonard,37.00,37,1
6,Kenny Perry,37.00,37,1
6,"Wes Short, Jr.",37.00,37,1
13,Olin Browne,38.00,38,1
13,Sergio Garcia,38.00,38,1
13,Geoff Ogilvy,38.00,38,1
13,Vaughn Taylor,38.00,38,1
13,David Toms,38.00,38,1
18,Ben Crane,39.00,39,1
18,Robert Gamez,39.00,39,1
18,Justin Leonard,39.00,39,1
18,Vijay Singh,39.00,39,1
18,Heath Slocum,39.00,39,1
23,Brad Faxon,41.00,41,1
23,Fred Funk,41.00,41,1
23,Tim Petrovic,41.00,41,1
26,Sean O'Hair,42.00,42,1
27,Jason Gore,43.00,43,1
28,Carl Pettersson,45.00,45,1
