rank,player,Avg,Total Strokes,Total Holes
1,Stuart Appleby,35.50,142,4
2,Bart Bryant,36.00,144,4
2,Michael Campbell,36.00,144,4
2,Jim Furyk,36.00,144,4
2,Vijay Singh,36.00,144,4
6,Ted Purdy,36.50,146,4
6,Vaughn Taylor,36.50,146,4
8,Olin Browne,36.75,147,4
8,K.J. Choi,36.75,147,4
8,Sergio Garcia,36.75,147,4
8,Justin Leonard,36.75,147,4
8,Tim Petrovic,36.75,147,4
13,Mark Calcavecchia,37.00,148,4
13,"Wes Short, Jr.",37.00,148,4
13,David Toms,37.00,148,4
16,Lucas Glover,37.25,149,4
16,Kenny Perry,37.25,149,4
18,Peter Lonard,37.75,151,4
19,Ben Crane,38.00,152,4
19,Robert Gamez,38.00,152,4
19,Heath Slocum,38.00,152,4
22,Jason Bohn,38.25,153,4
22,Geoff Ogilvy,38.25,153,4
24,Brad Faxon,38.75,155,4
24,Carl Pettersson,38.75,155,4
26,Fred Funk,39.50,158,4
27,Jason Gore,40.25,161,4
28,Sean O'Hair,40.50,162,4
