rank,player,Avg,Total Strokes,Total Rounds
1,Lucas Glover,34.00,34,1
2,Sergio Garcia,35.00,35,1
3,Stuart Appleby,36.00,36,1
3,Michael Campbell,36.00,36,1
3,Jim Furyk,36.00,36,1
3,Robert Gamez,36.00,36,1
3,Justin Leonard,36.00,36,1
3,Tim Petrovic,36.00,36,1
3,Ted Purdy,36.00,36,1
10,Mark Calcavecchia,37.00,37,1
10,Sean O'Hair,37.00,37,1
10,Geoff Ogilvy,37.00,37,1
10,Vaughn Taylor,37.00,37,1
14,Olin Browne,38.00,38,1
14,Bart Bryant,38.00,38,1
14,Brad Faxon,38.00,38,1
14,Peter Lonard,38.00,38,1
14,Kenny Perry,38.00,38,1
14,Carl Pettersson,38.00,38,1
20,Jason Bohn,39.00,39,1
20,K.J. Choi,39.00,39,1
20,"Wes Short, Jr.",39.00,39,1
20,Vijay Singh,39.00,39,1
20,David Toms,39.00,39,1
25,Ben Crane,40.00,40,1
25,Fred Funk,40.00,40,1
25,Jason Gore,40.00,40,1
25,Heath Slocum,40.00,40,1
