rank,player,Avg,Total Strokes,Total Rounds
1,Vijay Singh,32.00,32,1
2,Bart Bryant,34.00,34,1
2,Michael Campbell,34.00,34,1
2,Vaughn Taylor,34.00,34,1
5,Stuart Appleby,35.00,35,1
5,Ben Crane,35.00,35,1
5,Brad Faxon,35.00,35,1
5,Tim Petrovic,35.00,35,1
9,Jim Furyk,36.00,36,1
9,Justin Leonard,36.00,36,1
11,Jason Bohn,37.00,37,1
11,Robert Gamez,37.00,37,1
11,Kenny Perry,37.00,37,1
11,Carl Pettersson,37.00,37,1
11,Heath Slocum,37.00,37,1
16,Olin Browne,38.00,38,1
16,K.J. Choi,38.00,38,1
16,Sergio Garcia,38.00,38,1
16,Peter Lonard,38.00,38,1
16,Ted Purdy,38.00,38,1
16,"Wes Short, Jr.",38.00,38,1
16,David Toms,38.00,38,1
23,Fred Funk,39.00,39,1
24,Mark Calcavecchia,40.00,40,1
24,Jason Gore,40.00,40,1
24,Geoff Ogilvy,40.00,40,1
27,Lucas Glover,41.00,41,1
28,Sean O'Hair,44.00,44,1
