rank,player,Avg,Total Strokes,Total Rounds
1,Olin Browne,33.00,33,1
1,David Toms,33.00,33,1
3,Stuart Appleby,34.00,34,1
3,K.J. Choi,34.00,34,1
3,"Wes Short, Jr.",34.00,34,1
3,Vijay Singh,34.00,34,1
7,Mark Calcavecchia,35.00,35,1
7,Jim Furyk,35.00,35,1
7,Tim Petrovic,35.00,35,1
7,Carl Pettersson,35.00,35,1
11,Bart Bryant,36.00,36,1
11,Sergio Garcia,36.00,36,1
11,Justin Leonard,36.00,36,1
11,Ted Purdy,36.00,36,1
11,Heath Slocum,36.00,36,1
16,Michael Campbell,37.00,37,1
16,Kenny Perry,37.00,37,1
16,Vaughn Taylor,37.00,37,1
19,Ben Crane,38.00,38,1
19,Fred Funk,38.00,38,1
19,Lucas Glover,38.00,38,1
19,Jason Gore,38.00,38,1
19,Peter Lonard,38.00,38,1
19,Geoff Ogilvy,38.00,38,1
25,Sean O'Hair,39.00,39,1
26,Jason Bohn,40.00,40,1
26,Robert Gamez,40.00,40,1
28,Brad Faxon,41.00,41,1
