rank,player,Avg,Total Strokes,Total 1st Tee Late Rounds
1,Dustin Johnson,67.00,268,4
2,Jon Rahm,69.00,276,4
3,Brian Harman,69.25,277,4
4,Rickie Fowler,69.50,278,4
4,Hideki Matsuyama,69.50,278,4
6,Marc Leishman,69.75,279,4
6,Jhonattan Vegas,69.75,279,4
8,Jason Dufner,70.33,211,3
9,Billy Horschel,70.67,212,3
9,Si Woo Kim,70.67,212,3
9,Pat Perez,70.67,212,3
12,Patrick Cantlay,71.00,213,3
12,Kevin Kisner,71.00,284,4
14,Jordan Spieth,71.33,214,3
15,Daniel Berger,72.00,144,2
15,Xander Schauffele,72.00,72,1
15,Chris Stroud,72.00,144,2
18,Kyle Stanley,72.50,145,2
19,Ryan Armour,73.00,73,1
19,Russell Henley,73.00,146,2
19,Justin Thomas,73.00,146,2
22,Brendan Steele,74.00,74,1
23,Brooks Koepka,78.00,78,1
