rank,player,Distance,Tournament,Round- Course,Hole
1,David Lipsky,193,Sony Open,2,13
2,Joseph Bramlett,182,Sony Open,2,6
3,K.H. Lee,154,Sony Open,3,12
4,Sam Stevens,40,Sony Open,1,18
5,Adam Svensson,35,Sony Open,4,10
6,Troy Merritt,31,Sony Open,1,17
7,Martin Trainer,30,Sony Open,2,14
8,Tyler Duncan,28,Sony Open,4,18
9,Keith Mitchell,22,Sony Open,2,13
10,Nick Hardy,21,Sony Open,2,17
11,Scott Stallings,20,Sony Open,3,14
12,Ben Griffin,20,Sony Open,1,16
13,Nate Lashley,20,Sony Open,2,12
14,Paul Barjon,19,Sony Open,1,3
15,Harris English,19,Sony Open,3,4
16,Zac Blair,19,Sony Open,2,9
17,Jacob Bridgeman,19,Sony Open,2,18
18,Aaron Rai,19,Sony Open,1,1
19,Russell Henley,18,Sony Open,3,4
20,Ben Silverman,16,Sony Open,3,4
21,Garrick Higgo,16,Sony Open,3,18
22,Davis Riley,16,Sony Open,2,16
23,Hunter Larson,16,Sony Open,1,8
24,Tyrrell Hatton,16,Sony Open,1,12
25,Charley Hoffman,15,Sony Open,4,8
26,Will Gordon,15,Sony Open,4,4
27,Lanto Griffin,15,Sony Open,3,12
28,Matt Wallace,12,Sony Open,2,2
29,Chandler Phillips,12,Sony Open,4,13
30,Ryo Hisatsune,11,Sony Open,3,1
31,Greyson Sigg,11,Sony Open,2,8
32,J.J. Spaun,11,Sony Open,2,7
33,Davis Thompson,11,Sony Open,4,1
34,Stewart Cink,10,Sony Open,2,3
35,Ryan Moore,10,Sony Open,2,9
36,Byeong Hun An,10,Sony Open,2,2
37,Matt NeSmith,9,Sony Open,1,12
38,Taylor Montgomery,8,Sony Open,3,3
39,Parker Coody,8,Sony Open,1,16
40,Justin Rose,7,Sony Open,4,16
41,Chris Kirk,7,Sony Open,1,5
42,C.T. Pan,7,Sony Open,1,12
43,Grayson Murray,7,Sony Open,3,5
43,Andrew Putnam,7,Sony Open,4,12
45,Nico Echavarria,7,Sony Open,4,4
46,Josh Teater,7,Sony Open,2,12
47,Keegan Bradley,6,Sony Open,2,17
47,Brian Harman,6,Sony Open,2,8
49,Akshay Bhatia,6,Sony Open,1,16
50,Michael Kim,6,Sony Open,4,16
50,Kurt Kitayama,6,Sony Open,1,15
52,Vince Whaley,6,Sony Open,2,8
53,Luke List,6,Sony Open,1,15
53,Brandon Wu,6,Sony Open,3,14
55,Alex Noren,5,Sony Open,2,15
56,Jake Knapp,5,Sony Open,2,1
57,Chad Ramey,5,Sony Open,1,12
58,J.T. Poston,5,Sony Open,2,5
59,Patton Kizzire,5,Sony Open,2,9
60,S.H. Kim,5,Sony Open,3,3
61,Alex Smalley,4,Sony Open,1,4
62,Brendon Todd,4,Sony Open,1,15
63,Martin Laird,4,Sony Open,2,11
