rank,player,Avg (Yards),Total Distance (inches),Number of Approach Shots
1,Nick Hardy,126.0,"40,830",9
2,Austin Eckroat,133.1,"43,112",9
3,Sam Stevens,134.4,"48,401",10
4,Hideki Matsuyama,138.8,"44,972",9
5,Ben Griffin,139.6,"40,206",8
6,Matt Wallace,141.6,"50,969",10
7,Jake Knapp,142.6,"51,330",10
8,Andrew Putnam,145.5,"15,717",3
9,Nick Taylor,147.3,"31,817",6
10,Matt NeSmith,148.3,"69,425",13
11,Garrick Higgo,149.5,"80,710",15
12,Michael Kim,150.4,"70,406",13
13,Justin Lower,152.4,"76,828",14
14,Stephan Jaeger,152.5,"49,399",9
15,Byeong Hun An,152.9,"38,538",7
16,S.H. Kim,153.6,"55,295",10
17,Matthieu Pavon,154.7,"33,410",6
17,Alejandro Tosti,154.7,"77,958",14
19,Patrick Rodgers,155.5,"33,594",6
20,Ludvig Åberg,156.0,"56,145",10
21,Chandler Phillips,157.1,"56,541",10
22,Norman Xiong,157.9,"68,230",12
23,Ryo Hisatsune,159.4,"45,920",8
24,Davis Thompson,159.7,"57,477",10
25,Justin Rose,160.1,"51,880",9
26,Keith Mitchell,160.7,"63,651",11
27,Cam Davis,161.5,"69,780",12
28,Taylor Pendrith,162.2,"17,515",3
29,Corey Conners,162.5,"52,660",9
30,Troy Merritt,163.3,"64,649",11
31,Webb Simpson,163.9,"53,109",9
32,Tyler Duncan,164.0,"53,130",9
32,Kurt Kitayama,164.0,"41,331",7
34,Martin Trainer,165.0,"65,358",11
35,Alex Noren,165.5,"41,714",7
36,Patton Kizzire,166.1,"41,845",7
36,Aaron Rai,166.1,"83,703",14
38,Charley Hoffman,166.3,"53,884",9
38,J.T. Poston,166.3,"29,935",5
40,Scott Stallings,166.5,"53,930",9
41,Si Woo Kim,166.6,"35,985",6
42,Tyrrell Hatton,167.6,"36,212",6
43,Joel Dahmen,168.2,"72,660",12
44,Adam Svensson,168.3,"42,422",7
45,Dylan Wu,168.6,"54,634",9
46,Will Gordon,169.6,"61,051",10
46,Ben Silverman,169.6,"24,418",4
48,Brendon Todd,169.9,"36,690",6
49,Stewart Cink,171.5,"49,403",8
50,Parker Coody,171.6,"92,683",15
51,Harry Hall,172.3,"62,014",10
52,Yuto Katsuragawa,172.9,"62,240",10
53,Seamus Power,174.6,"56,584",9
54,Harris English,174.9,"50,379",8
55,Zac Blair,175.4,"56,843",9
56,Nico Echavarria,175.6,"56,910",9
57,K.H. Lee,176.5,"57,187",9
58,Robert MacIntyre,176.8,"50,926",8
59,Grayson Murray,177.0,"25,494",4
60,Greyson Sigg,177.1,"50,992",8
61,Denny McCarthy,177.8,"64,000",10
61,Maverick McNealy,177.8,"51,209",8
63,Erik van Rooyen,178.0,"57,665",9
64,Emiliano Grillo,178.3,"51,348",8
65,Joseph Bramlett,179.3,"71,007",11
66,Billy Horschel,180.1,"45,391",7
67,Taylor Montgomery,181.5,"52,279",8
68,Luke List,182.5,"78,830",12
69,Ben Kohles,184.1,"53,031",8
70,Carl Yuan,184.9,"39,949",6
71,Akshay Bhatia,186.7,"67,204",10
72,Taiga Semikawa,187.8,"67,592",10
73,Lanto Griffin,187.9,"81,180",12
74,Robby Shelton,190.5,"75,453",11
75,Mark Hubbard,190.9,"61,848",9
76,Keegan Bradley,193.7,"34,864",5
77,Russell Henley,193.9,"48,872",7
78,Brandon Wu,195.4,"28,131",4
79,Brian Harman,196.6,"42,455",6
80,Eric Cole,196.7,"28,329",4
81,Chris Kirk,203.1,"58,484",8
