rank,player,Avg (Yards),Total Distance (inches),Number of Approach Shots
1,Seamus Power,136.6,"49,177",10
2,Yuto Katsuragawa,140.7,"60,775",12
3,Charley Hoffman,148.9,"91,132",17
4,Byeong Hun An,150.0,"124,205",23
5,Matt NeSmith,150.3,"70,332",13
6,Patton Kizzire,151.0,"97,857",18
7,K.H. Lee,155.4,"78,301",14
7,Martin Trainer,155.4,"67,117",12
9,Matt Wallace,157.5,"90,731",16
10,Corey Conners,158.6,"79,927",14
11,Russell Henley,158.8,"125,786",22
12,Michael Kim,159.1,"126,032",22
13,Dylan Wu,159.8,"97,793",17
14,Brendon Todd,160.0,"80,635",14
15,Sam Stevens,160.4,"115,461",20
16,Nick Taylor,161.0,"110,107",19
17,Chandler Phillips,161.3,"98,733",17
18,Robby Shelton,161.7,"110,569",19
19,Scott Stallings,162.5,"93,590",16
20,Jake Knapp,162.7,"81,977",14
21,Tyrrell Hatton,163.6,"94,259",16
22,Harry Hall,163.9,"112,084",19
22,Norman Xiong,163.9,"82,596",14
24,Cam Davis,164.8,"118,688",20
24,Brian Harman,164.8,"94,897",16
26,Akshay Bhatia,165.2,"130,856",22
27,Aaron Rai,165.5,"119,147",20
28,Nick Hardy,166.2,"119,692",20
29,Andrew Putnam,166.3,"95,793",16
30,Patrick Rodgers,166.6,"107,930",18
31,Joel Dahmen,167.3,"90,356",15
32,Emiliano Grillo,167.8,"132,860",22
33,Garrick Higgo,168.8,"91,129",15
33,Denny McCarthy,168.8,"133,678",22
35,Greyson Sigg,168.9,"72,957",12
36,Harris English,170.8,"129,149",21
37,Mark Hubbard,171.0,"92,330",15
38,Will Gordon,171.2,"110,917",18
38,Davis Thompson,171.2,"98,605",16
40,Robert MacIntyre,171.4,"92,547",15
41,Zac Blair,171.9,"105,210",17
42,Keegan Bradley,172.9,"130,710",21
43,Alejandro Tosti,173.1,"118,387",19
44,Justin Lower,173.4,"93,647",15
45,Nico Echavarria,174.4,"94,159",15
46,Taylor Montgomery,174.7,"125,772",20
46,Ben Silverman,174.7,"94,312",15
48,Hideki Matsuyama,175.8,"120,266",19
49,Adam Svensson,176.0,"95,028",15
50,Chris Kirk,176.1,"120,477",19
51,Kurt Kitayama,177.3,"108,536",17
52,Stephan Jaeger,177.6,"121,462",19
53,Maverick McNealy,177.7,"95,975",15
54,Lanto Griffin,178.0,"89,691",14
55,Carl Yuan,179.8,"135,932",21
56,Luke List,180.6,"97,514",15
57,Grayson Murray,180.7,"130,099",20
58,Troy Merritt,181.3,"137,095",21
59,Si Woo Kim,181.9,"85,130",13
60,Ludvig Åberg,182.0,"117,948",18
60,Matthieu Pavon,182.0,"117,926",18
62,Austin Eckroat,183.1,"125,212",19
63,Stewart Cink,183.2,"118,724",18
64,Erik van Rooyen,183.6,"99,170",15
65,Webb Simpson,183.8,"92,632",14
66,J.T. Poston,185.0,"133,220",20
67,Alex Noren,187.1,"94,297",14
68,Taylor Pendrith,190.3,"109,627",16
69,Parker Coody,190.8,"103,050",15
70,Billy Horschel,192.2,"124,531",18
71,Justin Rose,193.1,"104,270",15
72,Taiga Semikawa,193.4,"139,240",20
73,S.H. Kim,195.9,"133,984",19
74,Ben Kohles,196.0,"112,881",16
75,Brandon Wu,197.1,"113,521",16
76,Ben Griffin,197.2,"113,570",16
77,Tyler Duncan,199.1,"93,184",13
78,Eric Cole,203.6,"117,253",16
79,Keith Mitchell,204.1,"139,592",19
80,Ryo Hisatsune,204.8,"132,703",18
81,Joseph Bramlett,206.3,"118,832",16
