rank,player,Avg (Yards),Total Distance (inches),Number of Approach Shots
1,Sam Stevens,149.6,"226,235",42
2,Carl Yuan,154.3,"249,890",45
3,Brandon Wu,154.8,"289,863",52
4,Maverick McNealy,154.9,"273,309",49
5,Michael Kim,155.8,"207,563",37
6,Chris Kirk,156.3,"253,146",45
7,Parker Coody,156.7,"236,910",42
8,Cam Davis,157.1,"226,295",40
9,Brendon Todd,157.5,"294,853",52
10,Keegan Bradley,158.4,"262,341",46
11,Ryo Hisatsune,158.5,"262,435",46
12,K.H. Lee,158.6,"279,761",49
13,Lanto Griffin,158.8,"262,992",46
14,Ben Silverman,159.1,"303,491",53
15,Akshay Bhatia,159.5,"229,750",40
15,Hideki Matsuyama,159.5,"252,651",44
17,Grayson Murray,159.8,"276,061",48
18,Nico Echavarria,159.9,"270,599",47
19,Charley Hoffman,160.4,"265,548",46
19,Jake Knapp,160.4,"277,179",48
19,Keith Mitchell,160.4,"242,573",42
22,Matt Wallace,160.9,"266,493",46
23,Taylor Pendrith,161.0,"307,217",53
24,Byeong Hun An,161.3,"243,850",42
25,Yuto Katsuragawa,162.1,"291,724",50
26,Luke List,163.0,"264,100",45
27,Kurt Kitayama,163.1,"281,864",48
28,Alejandro Tosti,163.6,"229,687",39
29,Stephan Jaeger,163.9,"259,618",44
30,Stewart Cink,164.6,"272,640",46
31,Adam Svensson,165.0,"297,072",50
32,Austin Eckroat,165.1,"255,564",43
33,Matthieu Pavon,165.4,"285,853",48
34,Alex Noren,165.6,"304,051",51
35,Matt NeSmith,165.9,"274,699",46
36,Davis Thompson,166.1,"275,031",46
37,Justin Lower,166.3,"257,367",43
37,Greyson Sigg,166.3,"311,358",52
39,Ben Kohles,166.4,"287,607",48
40,Tyler Duncan,166.5,"299,677",50
41,Webb Simpson,166.6,"293,803",49
42,Eric Cole,166.7,"312,077",52
43,Joel Dahmen,166.8,"270,282",45
44,Corey Conners,167.2,"295,008",49
45,Aaron Rai,167.3,"228,845",38
46,J.T. Poston,167.4,"283,200",47
47,Robby Shelton,167.7,"253,574",42
48,Billy Horschel,168.2,"284,644",47
49,Chandler Phillips,168.3,"272,695",45
49,Justin Rose,168.3,"290,884",48
51,Taiga Semikawa,168.6,"254,940",42
52,Will Gordon,168.9,"267,614",44
53,Patrick Rodgers,169.1,"292,158",48
54,Andrew Putnam,169.3,"322,995",53
55,Russell Henley,169.8,"262,884",43
56,Harry Hall,170.0,"263,151",43
57,Nick Hardy,170.5,"263,867",43
58,Patton Kizzire,170.6,"288,670",47
58,Erik van Rooyen,170.6,"294,802",48
60,Harris English,170.7,"264,188",43
61,Denny McCarthy,170.8,"245,884",40
62,Brian Harman,171.0,"307,830",50
63,Ludvig Åberg,171.1,"271,089",44
64,S.H. Kim,171.2,"265,066",43
64,Seamus Power,171.2,"326,659",53
66,Norman Xiong,171.9,"284,743",46
67,Zac Blair,172.1,"285,045",46
67,Tyrrell Hatton,172.1,"309,772",50
69,Dylan Wu,172.5,"285,653",46
70,Ben Griffin,172.9,"292,540",47
70,Si Woo Kim,172.9,"329,840",53
72,Martin Trainer,173.3,"305,734",49
73,Taylor Montgomery,173.5,"274,776",44
74,Robert MacIntyre,174.1,"307,158",49
75,Troy Merritt,175.8,"253,207",40
76,Garrick Higgo,176.2,"260,011",41
77,Scott Stallings,176.7,"298,894",47
78,Nick Taylor,179.8,"304,218",47
79,Mark Hubbard,180.5,"311,843",48
80,Emiliano Grillo,180.6,"272,993",42
81,Joseph Bramlett,182.2,"295,083",45
