rank,player,Avg,Total Distance (feet),# of Attempts,Relative to par
1,Jeff Overton,"12' 10""",38.500,3,-2
2,Sangmoon Bae,"13' 4""",66.583,5,-4
3,Cameron Percy,"13' 8""",27.250,2,E
4,Erik Compton,"13' 11""",41.667,3,-1
5,David Mathis,"16' 0""",63.917,4,+1
6,John Rollins,"17' 6""",87.417,5,-2
7,Jimmy Walker,"17' 8""",52.917,3,E
8,Tim Clark,"17' 11""",107.250,6,E
9,Mark Anderson,"18' 2""",72.667,4,+1
9,Shawn Stefani,"18' 2""",72.500,4,-2
11,Vijay Singh,"18' 3""",73.000,4,-1
12,David Lingmerth,"19' 0""",38.000,2,-1
13,James Hahn,"19' 4""",77.167,4,-1
14,Scott Gardiner,"20' 9""",103.833,5,E
14,Nicholas Thompson,"20' 9""",62.167,3,E
16,Stephen Ames,"20' 10""",41.583,2,-1
17,Charlie Wi,"21' 5""",42.833,2,-1
18,Russell Henley,"22' 0""",110.000,5,E
19,Dean Wilson,"22' 9""",90.833,4,E
20,Ryan Palmer,"23' 5""",116.917,5,E
21,Ricky Barnes,"23' 7""",117.917,5,-1
22,Dicky Pride,"24' 1""",120.500,5,E
23,Keegan Bradley,"24' 11""",124.583,5,-1
24,Chris Kirk,"25' 0""",125.167,5,E
25,John Senden,"25' 6""",101.833,4,E
26,Tim Herron,"25' 7""",102.250,4,-1
26,Charles Howell III,"25' 7""",102.250,4,-2
28,Shane Bertsch,"26' 4""",184.417,7,E
29,Alistair Presnell,"26' 7""",212.417,8,E
30,Scott Langley,"27' 5""",192.167,7,E
31,Josh Teater,"27' 8""",165.833,6,-1
32,Pat Perez,"27' 10""",139.083,5,-2
33,Chad Campbell,"27' 11""",111.750,4,E
34,David Hearn,"28' 6""",85.583,3,E
34,Matt Jones,"28' 6""",170.917,6,-1
36,Brad Fritsch,"28' 10""",86.500,3,E
37,Robert Streb,"29' 3""",87.833,3,E
38,Tommy Gainey,"30' 2""",271.167,9,-1
39,Justin Hicks,"30' 5""",212.750,7,-1
40,Steven Bowditch,"30' 6""",244.000,8,+2
40,Danny Lee,"30' 6""",243.667,8,-3
42,Rory Sabbatini,"30' 7""",275.167,9,+1
43,Billy Horschel,"31' 0""",154.833,5,-1
44,Webb Simpson,"31' 5""",282.583,9,E
45,Peter Tomasulo,"31' 7""",63.083,2,E
46,Russ Cochran,"31' 8""",95.083,3,E
47,Justin Leonard,"31' 9""",63.417,2,E
48,Doug LaBelle II,"32' 0""",63.917,2,E
49,John Daly,"32' 1""",160.417,5,+1
50,George McNeill,"32' 7""",228.000,7,+1
51,Harris English,"32' 8""",130.583,4,+1
52,Jeff Maggert,"33' 0""",33.000,1,E
53,John Huh,"33' 2""",232.083,7,+2
54,Brian Stuard,"33' 8""",33.667,1,-1
55,Brendon de Jonge,"34' 5""",137.667,4,E
56,Marc Leishman,"35' 2""",246.083,7,-1
57,Fabián Gómez,"35' 3""",246.667,7,+1
58,Lee Williams,"36' 7""",182.917,5,E
59,Matt Kuchar,"36' 10""",147.250,4,E
60,Morgan Hoffmann,"37' 11""",75.833,2,-1
61,D.H. Lee,"38' 8""",231.833,6,+3
62,Jason Kokrak,"39' 0""",77.917,2,E
62,Y.E. Yang,"39' 0""",156.083,4,E
64,Carl Pettersson,"39' 4""",196.750,5,+2
65,Kevin Streelman,"40' 8""",162.750,4,+1
66,Brian Gay,"41' 0""",369.167,9,E
67,Derek Ernst,"43' 1""",215.583,5,E
67,Scott Piercy,"43' 1""",215.333,5,+1
69,Henrik Norlander,"44' 2""",176.583,4,+2
70,Bart Bryant,"47' 7""",47.583,1,+1
71,Steve Marino,"50' 2""",200.500,4,+2
72,Kyle Stanley,"51' 6""",257.500,5,+1
73,Ben Kohles,"67' 9""",203.333,3,+1
