rank,player,Avg,Total Distance (feet),# of Attempts,Relative to par
1,Pat Perez,"6' 8""",20.000,3,-2
2,John Huh,"6' 9""",6.750,1,E
3,Mark Anderson,"7' 4""",22.083,3,-2
4,Shane Bertsch,"7' 9""",7.750,1,-1
5,Marc Leishman,"8' 3""",24.833,3,+1
6,Jason Kokrak,"8' 8""",8.667,1,-1
7,Matt Jones,"10' 9""",32.167,3,-2
8,Kevin Streelman,"10' 11""",21.833,2,-1
9,Lee Williams,"11' 2""",11.167,1,E
10,Nicholas Thompson,"11' 11""",71.583,6,-1
11,Tim Clark,"12' 0""",12.000,1,E
12,Brian Gay,"12' 3""",36.750,3,-1
13,Brendon de Jonge,"12' 9""",12.750,1,E
14,Chad Campbell,"12' 10""",25.583,2,+1
15,Russell Henley,"13' 10""",27.583,2,-1
16,Chris Kirk,"14' 2""",28.333,2,-1
16,Henrik Norlander,"14' 2""",28.250,2,+3
18,Rory Sabbatini,"14' 4""",42.917,3,-1
19,Justin Hicks,"14' 5""",28.833,2,E
20,Bart Bryant,"14' 8""",14.667,1,+1
21,Danny Lee,"14' 9""",29.417,2,-1
22,David Hearn,"14' 10""",29.667,2,E
23,James Hahn,"16' 0""",31.917,2,E
24,Scott Piercy,"16' 2""",16.167,1,E
25,Shawn Stefani,"16' 3""",81.083,5,-3
26,John Rollins,"16' 5""",49.333,3,+1
27,Charles Howell III,"16' 7""",33.167,2,-1
28,David Mathis,"17' 6""",52.583,3,E
29,Erik Compton,"18' 3""",36.500,2,-1
30,Doug LaBelle II,"18' 11""",56.833,3,+1
31,Harris English,"19' 0""",19.000,1,E
32,Cameron Percy,"19' 9""",98.750,5,+2
33,Y.E. Yang,"19' 11""",59.833,3,+1
34,Dicky Pride,"20' 3""",80.833,4,-1
35,Morgan Hoffmann,"20' 6""",81.833,4,+1
36,Derek Ernst,"20' 9""",82.917,4,-1
37,George McNeill,"21' 8""",43.250,2,E
38,Jeff Overton,"21' 9""",21.750,1,+1
39,Robert Streb,"23' 5""",70.167,3,-1
40,Hideto Tanihara,"23' 7""",118.083,5,+1
41,Kyle Stanley,"24' 3""",96.917,4,+2
42,Matt Kuchar,"24' 5""",73.250,3,E
43,Vijay Singh,"25' 1""",50.167,2,E
44,Brian Stuard,"26' 3""",78.667,3,+1
45,Steven Bowditch,"26' 8""",80.000,3,E
45,Scott Gardiner,"26' 8""",26.667,1,E
47,Charlie Wi,"27' 8""",83.083,3,E
48,Sangmoon Bae,"28' 3""",84.667,3,E
48,Carl Pettersson,"28' 3""",141.167,5,+2
50,D.H. Lee,"28' 6""",113.917,4,E
51,Keegan Bradley,"29' 3""",87.833,3,+3
52,Ryan Palmer,"30' 0""",180.167,6,+3
53,Billy Horschel,"30' 1""",60.167,2,+2
54,Josh Teater,"31' 5""",62.750,2,+2
55,John Senden,"32' 5""",97.250,3,E
56,Tim Herron,"33' 1""",66.167,2,-1
57,Ben Kohles,"33' 5""",100.333,3,+2
57,Jeff Maggert,"33' 5""",100.333,3,+1
59,Stephen Ames,"35' 3""",105.667,3,-1
60,Tommy Gainey,"35' 8""",142.750,4,+2
61,Jimmy Walker,"37' 0""",74.000,2,E
62,David Lingmerth,"38' 4""",76.583,2,E
63,Ricky Barnes,"38' 10""",38.833,1,E
63,Fabián Gómez,"38' 10""",116.500,3,+1
65,Justin Leonard,"39' 3""",117.833,3,+2
66,John Daly,"41' 11""",251.250,6,+5
67,Peter Tomasulo,"54' 9""",54.750,1,+1
68,Webb Simpson,"65' 2""",65.167,1,E
69,Dean Wilson,"74' 2""",74.167,1,+1
70,Alistair Presnell,"96' 8""",96.667,1,E
