rank,player,Avg,Total Distance (feet),# of Attempts,Relative to par
1,Lee Williams,"4' 6""",4.500,1,-1
2,Sangmoon Bae,"7' 2""",14.333,2,+1
3,George McNeill,"8' 4""",8.333,1,E
4,Tim Clark,"9' 0""",9.000,1,+1
5,David Hearn,"10' 0""",10.000,1,+1
6,Tim Herron,"10' 5""",20.750,2,E
7,Chad Campbell,"11' 6""",22.917,2,-1
8,Matt Kuchar,"11' 11""",11.917,1,E
9,Tommy Gainey,"12' 2""",24.333,2,-1
10,Scott Langley,"14' 11""",59.750,4,-1
11,John Huh,"15' 1""",15.083,1,-1
12,John Daly,"17' 9""",88.750,5,E
13,Dean Wilson,"18' 0""",18.000,1,E
14,Webb Simpson,"19' 3""",77.083,4,+1
15,Russell Henley,"19' 7""",39.083,2,E
15,Carl Pettersson,"19' 7""",97.917,5,-1
17,Mark Anderson,"19' 10""",19.833,1,-1
18,Ryan Palmer,"20' 4""",81.250,4,E
18,John Rollins,"20' 4""",20.333,1,E
20,Keegan Bradley,"20' 8""",41.333,2,E
20,Peter Tomasulo,"20' 8""",20.667,1,E
22,Danny Lee,"20' 9""",41.417,2,-1
23,Kyle Stanley,"21' 0""",42.000,2,E
24,Hideto Tanihara,"21' 1""",21.083,1,E
25,Steven Bowditch,"21' 3""",21.250,1,E
25,Kevin Streelman,"21' 3""",21.250,1,E
27,David Lingmerth,"22' 0""",65.917,3,-1
28,Brendon de Jonge,"22' 11""",22.917,1,+1
29,Brian Stuard,"23' 5""",23.417,1,E
30,Scott Piercy,"23' 7""",70.750,3,E
30,Vijay Singh,"23' 7""",70.833,3,E
32,Pat Perez,"23' 11""",23.917,1,E
33,Justin Leonard,"24' 1""",24.083,1,E
34,Doug LaBelle II,"24' 7""",24.583,1,-1
35,Jeff Overton,"25' 5""",76.333,3,E
36,Fabián Gómez,"28' 8""",28.667,1,E
37,Jason Kokrak,"28' 10""",57.667,2,E
38,Brad Fritsch,"30' 5""",60.750,2,E
39,Rory Sabbatini,"30' 10""",30.833,1,E
40,Charles Howell III,"31' 3""",62.500,2,E
41,Dicky Pride,"31' 9""",63.417,2,E
42,Steve Marino,"33' 5""",66.750,2,+1
43,Shawn Stefani,"35' 10""",71.667,2,E
44,Josh Teater,"37' 1""",74.167,2,+1
45,Chris Kirk,"37' 6""",75.000,2,E
46,Morgan Hoffmann,"38' 7""",38.583,1,+1
47,Ben Kohles,"38' 8""",38.667,1,E
48,Jimmy Walker,"38' 9""",116.167,3,E
49,Charlie Wi,"41' 6""",41.500,1,E
50,Billy Horschel,"42' 4""",42.333,1,E
51,Erik Compton,"42' 5""",84.833,2,E
52,Shane Bertsch,"44' 0""",44.000,1,E
53,Bart Bryant,"45' 7""",45.583,1,E
54,Cameron Percy,"49' 11""",99.750,2,E
55,Jeff Maggert,"54' 8""",109.333,2,+1
56,Harris English,"58' 2""",116.250,2,-1
57,Scott Gardiner,"62' 6""",187.583,3,+2
58,Russ Cochran,"64' 5""",128.750,2,+1
