rank,player,Avg,Total Distance (feet),# of Attempts,Relative to par
1,Lee Williams,"4' 6""",4.500,1,-1
2,Brian Gay,"8' 0""",16.000,2,-1
3,Marc Leishman,"8' 3""",24.833,3,+1
4,Mark Anderson,"10' 6""",41.917,4,-3
4,Tim Clark,"10' 6""",21.000,2,+1
6,John Huh,"10' 11""",21.833,2,-1
7,Pat Perez,"11' 0""",43.917,4,-2
8,Chad Campbell,"12' 2""",48.500,4,E
9,Matt Jones,"13' 0""",26.000,2,-1
9,Nicholas Thompson,"13' 0""",64.833,5,E
11,David Hearn,"13' 3""",39.667,3,+1
12,Henrik Norlander,"14' 2""",28.250,2,+3
13,Justin Hicks,"14' 5""",28.833,2,E
14,Scott Langley,"14' 11""",59.750,4,-1
15,Kevin Streelman,"15' 3""",30.500,2,-1
16,George McNeill,"17' 2""",51.583,3,E
17,John Rollins,"17' 5""",69.667,4,+1
18,Danny Lee,"17' 9""",70.833,4,-2
19,Brendon de Jonge,"17' 10""",35.667,2,+1
20,Y.E. Yang,"19' 3""",38.500,2,+1
21,Sangmoon Bae,"19' 10""",99.000,5,+1
22,Russell Henley,"20' 1""",60.333,3,E
23,Doug LaBelle II,"20' 4""",81.417,4,E
24,Peter Tomasulo,"20' 8""",20.667,1,E
25,Matt Kuchar,"21' 4""",85.167,4,E
26,Tim Herron,"21' 9""",86.917,4,-1
26,Scott Piercy,"21' 9""",86.917,4,E
28,Shawn Stefani,"21' 10""",152.750,7,-3
29,Jason Kokrak,"22' 1""",66.333,3,-1
30,David Mathis,"22' 4""",44.667,2,E
31,Rory Sabbatini,"22' 9""",68.333,3,E
32,James Hahn,"23' 1""",23.083,1,E
33,Kyle Stanley,"23' 2""",138.917,6,+2
33,Hideto Tanihara,"23' 2""",139.167,6,+1
35,Robert Streb,"23' 5""",70.167,3,-1
36,Charles Howell III,"23' 11""",95.667,4,-1
37,Morgan Hoffmann,"24' 1""",120.417,5,+2
37,Dicky Pride,"24' 1""",144.250,6,-1
39,Vijay Singh,"24' 2""",121.000,5,E
40,Jeff Overton,"24' 6""",98.083,4,+1
41,Steven Bowditch,"25' 4""",101.250,4,E
42,Brian Stuard,"25' 6""",102.083,4,+1
43,Derek Ernst,"25' 9""",77.250,3,E
44,Keegan Bradley,"25' 10""",129.167,5,+3
44,Carl Pettersson,"25' 10""",232.667,9,+1
46,Shane Bertsch,"25' 11""",51.750,2,-1
47,Ryan Palmer,"27' 7""",248.333,9,+2
48,Tommy Gainey,"27' 10""",167.083,6,+1
49,Chris Kirk,"28' 0""",84.000,3,-1
50,Webb Simpson,"28' 5""",142.250,5,+1
51,D.H. Lee,"28' 6""",113.917,4,E
52,David Lingmerth,"28' 11""",115.750,4,E
53,Bart Bryant,"30' 2""",60.250,2,+1
54,Brad Fritsch,"30' 5""",60.750,2,E
55,John Daly,"30' 11""",340.000,11,+5
56,Charlie Wi,"31' 2""",124.583,4,E
57,Cameron Percy,"31' 7""",189.250,6,+1
58,John Senden,"32' 5""",97.250,3,E
59,Steve Marino,"33' 5""",66.750,2,+1
60,Billy Horschel,"34' 2""",102.500,3,+2
61,Josh Teater,"34' 3""",136.917,4,+3
62,Ben Kohles,"34' 9""",139.000,4,+2
63,Erik Compton,"35' 4""",106.083,3,E
64,Justin Leonard,"35' 6""",141.917,4,+2
65,Fabián Gómez,"36' 4""",145.167,4,+1
66,Jimmy Walker,"38' 0""",190.167,5,E
67,Ricky Barnes,"38' 10""",38.833,1,E
68,Harris English,"45' 1""",135.250,3,-1
69,Dean Wilson,"46' 1""",92.167,2,+1
70,Stephen Ames,"47' 8""",95.333,2,E
71,Jeff Maggert,"50' 3""",200.917,4,+2
72,Scott Gardiner,"53' 7""",214.250,4,+2
73,Russ Cochran,"64' 5""",128.750,2,+1
