rank,player,Avg,Total Distance (feet),# of Attempts,Relative to par
1,David Hearn,"14' 2""",14.167,1,E
2,John Huh,"16' 8""",33.250,2,E
3,Chris Kirk,"22' 9""",22.750,1,E
4,Ben Kohles,"24' 4""",24.333,1,-1
5,Shane Bertsch,"25' 6""",76.417,3,-1
6,Dean Wilson,"27' 3""",136.083,5,-1
7,Mark Anderson,"28' 3""",141.250,5,E
8,Scott Gardiner,"28' 5""",56.750,2,-1
9,Brian Gay,"28' 7""",57.083,2,E
10,Ricky Barnes,"28' 10""",144.333,5,E
11,Dicky Pride,"29' 11""",29.917,1,E
12,John Senden,"30' 3""",60.500,2,E
13,Henrik Norlander,"30' 5""",91.250,3,E
14,Tim Clark,"30' 11""",92.833,3,E
15,Rory Sabbatini,"31' 4""",156.750,5,-1
16,Morgan Hoffmann,"31' 6""",126.083,4,-4
17,Jeff Overton,"31' 7""",63.083,2,E
18,Steve Marino,"33' 1""",132.417,4,-2
19,Vijay Singh,"33' 10""",169.250,5,-1
20,Charlie Wi,"34' 1""",102.167,3,E
21,Stephen Ames,"35' 8""",178.417,5,E
22,Scott Piercy,"36' 1""",144.250,4,-2
23,Carl Pettersson,"36' 5""",218.417,6,+2
24,Cameron Percy,"37' 2""",185.917,5,-1
25,Tim Herron,"38' 7""",154.167,4,+1
26,Brian Stuard,"38' 9""",232.667,6,-2
27,David Mathis,"39' 8""",238.083,6,+1
28,Jason Kokrak,"40' 10""",204.000,5,+2
29,Jimmy Walker,"41' 3""",206.417,5,-3
30,Ryan Palmer,"41' 5""",165.583,4,+1
31,Doug LaBelle II,"42' 5""",212.000,5,+1
32,Derek Ernst,"42' 10""",171.417,4,-1
33,Brad Fritsch,"43' 5""",260.250,6,E
34,Russ Cochran,"43' 9""",175.083,4,E
35,Sangmoon Bae,"44' 3""",398.167,9,E
36,Hideto Tanihara,"46' 3""",370.167,8,+2
37,Peter Tomasulo,"47' 2""",141.583,3,+1
38,Marc Leishman,"48' 9""",341.167,7,-1
39,Erik Compton,"49' 1""",294.417,6,E
40,Matt Jones,"49' 3""",98.417,2,+3
41,Shawn Stefani,"50' 3""",301.667,6,+1
42,Justin Leonard,"51' 0""",458.917,9,+1
43,Scott Langley,"51' 6""",154.583,3,E
44,Jeff Maggert,"52' 6""",104.917,2,+1
45,Justin Hicks,"52' 8""",263.167,5,+1
46,David Lingmerth,"52' 11""",211.667,4,+1
47,Steven Bowditch,"53' 6""",160.500,3,E
48,Kyle Stanley,"53' 7""",267.917,5,+2
49,Alistair Presnell,"53' 9""",161.167,3,-2
50,Charles Howell III,"54' 1""",162.333,3,+1
51,Kevin Streelman,"54' 3""",54.250,1,E
52,Pat Perez,"54' 11""",274.583,5,E
53,James Hahn,"55' 2""",275.833,5,+4
54,Matt Kuchar,"55' 6""",277.667,5,-2
55,Fabián Gómez,"55' 9""",111.500,2,E
56,Billy Horschel,"55' 11""",111.833,2,+1
56,Y.E. Yang,"55' 11""",391.167,7,+3
58,George McNeill,"56' 6""",282.500,5,E
59,Harris English,"57' 3""",343.500,6,E
60,Nicholas Thompson,"59' 0""",177.083,3,+2
61,Keegan Bradley,"59' 6""",178.500,3,E
62,Danny Lee,"60' 0""",119.917,2,-1
63,Josh Teater,"61' 1""",61.083,1,+1
64,D.H. Lee,"61' 9""",308.917,5,+2
65,Lee Williams,"62' 11""",251.583,4,E
66,John Daly,"64' 3""",192.833,3,E
67,Russell Henley,"70' 4""",140.583,2,-1
68,Bart Bryant,"72' 11""",145.833,2,+1
69,Brendon de Jonge,"74' 3""",222.750,3,+2
70,Chad Campbell,"75' 10""",227.500,3,+1
71,Tommy Gainey,"81' 2""",81.167,1,E
72,Robert Streb,"86' 9""",346.833,4,+2
