rank,player,Avg,Total Distance (feet),# of Attempts,Relative to par
1,Marc Leishman,"5' 4""",10.667,2,-1
1,Rory Sabbatini,"5' 4""",5.333,1,E
3,Pat Perez,"6' 8""",20.000,3,-2
4,Matt Kuchar,"7' 7""",7.583,1,E
5,Shane Bertsch,"7' 9""",7.750,1,-1
6,Jason Kokrak,"8' 8""",8.667,1,-1
7,Chris Kirk,"9' 0""",9.000,1,-1
8,Mark Anderson,"10' 1""",10.083,1,E
9,Doug LaBelle II,"11' 1""",11.083,1,+1
10,John Rollins,"11' 9""",11.750,1,E
11,David Hearn,"12' 0""",12.000,1,+1
12,Danny Lee,"12' 6""",12.500,1,-1
13,Nicholas Thompson,"12' 8""",37.917,3,+1
14,Matt Jones,"13' 0""",26.000,2,-1
15,Dicky Pride,"13' 6""",13.500,1,-1
16,Henrik Norlander,"14' 4""",14.333,1,+1
17,Fabián Gómez,"14' 9""",29.500,2,E
18,John Senden,"14' 10""",14.833,1,E
19,Derek Ernst,"15' 4""",15.333,1,E
20,Justin Hicks,"15' 10""",15.833,1,E
21,Shawn Stefani,"16' 4""",32.583,2,-1
22,Chad Campbell,"18' 1""",18.083,1,E
23,Y.E. Yang,"19' 3""",38.500,2,+1
24,Stephen Ames,"19' 4""",19.333,1,E
25,Morgan Hoffmann,"19' 5""",38.833,2,+1
26,D.H. Lee,"20' 1""",40.083,2,E
27,Charles Howell III,"20' 4""",20.333,1,E
28,Russell Henley,"21' 3""",21.250,1,E
29,Jeff Overton,"21' 9""",21.750,1,+1
30,David Mathis,"22' 4""",44.667,2,E
31,Cameron Percy,"22' 5""",89.500,4,+1
32,Vijay Singh,"22' 8""",22.667,1,E
33,Hideto Tanihara,"23' 9""",71.333,3,E
34,George McNeill,"25' 2""",25.167,1,E
35,Steven Bowditch,"26' 6""",53.000,2,E
36,Scott Gardiner,"26' 8""",26.667,1,E
37,Billy Horschel,"30' 1""",60.167,2,+2
38,Tommy Gainey,"31' 4""",94.000,3,E
39,Robert Streb,"31' 10""",31.833,1,E
40,Keegan Bradley,"36' 10""",73.583,2,+3
41,Charlie Wi,"40' 1""",80.083,2,+1
42,Sangmoon Bae,"40' 5""",40.417,1,E
43,Justin Leonard,"43' 2""",86.333,2,+2
44,Jeff Maggert,"45' 6""",45.500,1,+1
45,John Daly,"49' 9""",248.667,5,+6
46,Brian Stuard,"51' 2""",51.167,1,E
47,Ryan Palmer,"53' 6""",106.917,2,+1
48,Ben Kohles,"59' 8""",59.667,1,+1
