rank,player,Avg,Total Distance (feet),# of Attempts,Relative to par
1,John Daly,"2' 7""",2.583,1,-1
2,Charlie Wi,"3' 0""",3.000,1,-1
3,Mark Anderson,"6' 0""",12.000,2,-2
4,John Huh,"6' 9""",6.750,1,E
5,Chad Campbell,"7' 6""",7.500,1,+1
6,Brian Gay,"8' 0""",16.000,2,-1
7,Kevin Streelman,"9' 3""",9.250,1,-1
8,Tim Clark,"12' 0""",12.000,1,E
9,Brendon de Jonge,"12' 9""",12.750,1,E
10,Charles Howell III,"12' 10""",12.833,1,-1
11,Justin Hicks,"13' 0""",13.000,1,E
12,Nicholas Thompson,"13' 6""",26.917,2,-1
13,Brian Stuard,"13' 9""",27.500,2,+1
14,Henrik Norlander,"13' 11""",13.917,1,+2
15,Marc Leishman,"14' 2""",14.167,1,+2
16,Keegan Bradley,"14' 3""",14.250,1,E
17,Bart Bryant,"14' 8""",14.667,1,+1
18,Scott Piercy,"16' 2""",16.167,1,E
18,Shawn Stefani,"16' 2""",48.500,3,-2
20,Danny Lee,"16' 11""",16.917,1,E
21,David Hearn,"17' 8""",17.667,1,-1
22,George McNeill,"18' 1""",18.083,1,E
23,John Rollins,"18' 10""",37.583,2,+1
24,Harris English,"19' 0""",19.000,1,E
25,Robert Streb,"19' 2""",38.333,2,-1
26,Ryan Palmer,"20' 1""",60.167,3,+1
27,Ben Kohles,"20' 4""",40.667,2,+1
28,Erik Compton,"21' 3""",21.250,1,E
29,Morgan Hoffmann,"21' 6""",43.000,2,E
30,Sangmoon Bae,"22' 2""",44.250,2,E
31,Dicky Pride,"22' 5""",67.333,3,E
32,Doug LaBelle II,"22' 11""",45.750,2,E
33,James Hahn,"23' 1""",23.083,1,E
34,Hideto Tanihara,"23' 5""",46.750,2,+1
35,Kyle Stanley,"24' 3""",96.917,4,+2
36,Steven Bowditch,"27' 0""",27.000,1,E
37,Vijay Singh,"27' 6""",27.500,1,E
38,Derek Ernst,"31' 0""",61.917,2,E
39,Josh Teater,"31' 5""",62.750,2,+2
40,Justin Leonard,"31' 6""",31.500,1,E
41,Rory Sabbatini,"32' 2""",32.167,1,E
42,Matt Kuchar,"32' 10""",65.667,2,E
43,Tim Herron,"33' 1""",66.167,2,-1
44,Carl Pettersson,"33' 8""",134.750,4,+2
45,D.H. Lee,"36' 11""",73.833,2,E
46,Jimmy Walker,"37' 0""",74.000,2,E
47,Ricky Barnes,"38' 10""",38.833,1,E
48,John Senden,"41' 3""",82.417,2,E
49,Jeff Maggert,"46' 1""",46.083,1,E
50,Tommy Gainey,"48' 9""",48.750,1,+2
51,David Lingmerth,"49' 10""",49.833,1,+1
52,Webb Simpson,"65' 2""",65.167,1,E
53,Dean Wilson,"74' 2""",74.167,1,+1
54,Stephen Ames,"76' 0""",76.000,1,E
55,Fabián Gómez,"87' 0""",87.000,1,+1
