rank,player,Avg,Total Distance (feet),# of Attempts,Relative to par
1,Matt Kuchar,"13' 3""",13.250,1,-1
2,John Senden,"18' 9""",18.750,1,-1
3,Keegan Bradley,"36' 11""",36.917,1,-1
4,Justin Leonard,"42' 3""",42.250,1,E
5,Shane Bertsch,"43' 0""",43.000,1,E
6,Kevin Streelman,"45' 2""",45.167,1,-1
7,Erik Compton,"53' 9""",161.250,3,E
8,D.H. Lee,"54' 6""",54.500,1,-1
9,Mark Anderson,"57' 6""",114.917,2,-2
10,John Huh,"59' 8""",119.333,2,-2
11,Charlie Wi,"60' 11""",60.917,1,-1
12,Rory Sabbatini,"61' 10""",61.833,1,-1
13,Bart Bryant,"64' 7""",64.583,1,-1
14,Alistair Presnell,"67' 1""",134.083,2,-1
15,Jeff Overton,"71' 2""",71.167,1,-1
16,Peter Tomasulo,"73' 2""",73.167,1,-1
17,John Rollins,"74' 7""",74.583,1,E
18,Chris Kirk,"76' 0""",76.000,1,-2
19,Fabián Gómez,"77' 4""",77.333,1,E
20,Ben Kohles,"79' 10""",159.583,2,-1
21,Brendon de Jonge,"80' 6""",80.500,1,E
22,Charles Howell III,"83' 7""",83.583,1,-1
23,Jimmy Walker,"96' 1""",96.083,1,-1
24,Tim Herron,"96' 10""",193.667,2,-1
25,Vijay Singh,"99' 9""",99.750,1,E
26,Billy Horschel,"100' 11""",201.833,2,-1
27,Y.E. Yang,"101' 4""",101.333,1,E
28,Hideto Tanihara,"109' 2""",109.167,1,-1
29,Jeff Maggert,"117' 4""",117.333,1,-1
30,Justin Hicks,"118' 0""",118.000,1,E
31,Dean Wilson,"123' 11""",123.917,1,E
32,Marc Leishman,"126' 2""",126.167,1,E
