rank,player,Avg,Total Distance (feet),# of Attempts,Relative to par
1,Derek Ernst,"6' 6""",6.500,1,-2
2,Doug LaBelle II,"21' 10""",21.833,1,-1
3,Shawn Stefani,"33' 6""",33.500,1,-1
4,John Rollins,"36' 3""",72.500,2,+1
5,Fabián Gómez,"38' 5""",38.417,1,E
6,Vijay Singh,"38' 10""",77.583,2,-1
7,Webb Simpson,"41' 7""",41.583,1,-1
8,Kevin Streelman,"41' 8""",83.250,2,-1
9,Matt Jones,"41' 11""",83.750,2,-1
10,Erik Compton,"43' 0""",86.000,2,+1
11,Jason Kokrak,"45' 5""",90.833,2,-2
12,Henrik Norlander,"45' 7""",45.583,1,-1
13,Steven Bowditch,"46' 9""",46.750,1,-1
14,David Hearn,"48' 7""",48.583,1,E
15,James Hahn,"51' 1""",102.167,2,-1
15,Peter Tomasulo,"51' 1""",51.083,1,-1
17,D.H. Lee,"52' 7""",210.417,4,-4
18,Lee Williams,"52' 8""",158.000,3,-1
19,Brad Fritsch,"54' 10""",109.583,2,-2
20,Justin Leonard,"55' 9""",55.750,1,-1
21,Danny Lee,"56' 3""",225.000,4,-1
22,David Lingmerth,"56' 4""",168.917,3,-1
23,Ben Kohles,"56' 5""",56.417,1,E
24,Rory Sabbatini,"57' 10""",173.417,3,+1
25,Billy Horschel,"59' 1""",118.083,2,+1
26,Tim Herron,"59' 3""",236.917,4,-3
27,Tommy Gainey,"59' 4""",177.917,3,E
28,Matt Kuchar,"59' 7""",238.167,4,-1
28,Kyle Stanley,"59' 7""",178.667,3,-2
30,Brendon de Jonge,"59' 10""",239.333,4,-3
31,Ricky Barnes,"60' 9""",303.583,5,-2
32,Josh Teater,"61' 3""",183.833,3,-2
33,Justin Hicks,"61' 5""",61.417,1,E
34,Pat Perez,"62' 8""",187.917,3,E
35,Keegan Bradley,"62' 11""",125.750,2,E
36,Scott Gardiner,"65' 6""",130.917,2,E
37,Harris English,"65' 8""",131.250,2,-1
38,Sangmoon Bae,"66' 2""",132.250,2,E
39,Shane Bertsch,"66' 8""",266.583,4,-4
40,Tim Clark,"71' 2""",426.833,6,-5
41,Dicky Pride,"71' 7""",286.167,4,-2
42,Russell Henley,"72' 8""",145.333,2,E
43,Morgan Hoffmann,"72' 11""",72.917,1,E
43,Carl Pettersson,"72' 11""",218.750,3,E
45,Jeff Overton,"73' 7""",220.833,3,-1
46,Mark Anderson,"75' 6""",75.500,1,+1
47,Bart Bryant,"78' 6""",235.417,3,-1
48,Steve Marino,"79' 3""",237.667,3,E
49,Scott Piercy,"82' 8""",82.667,1,+1
50,Russ Cochran,"83' 11""",335.667,4,E
51,Nicholas Thompson,"86' 11""",86.917,1,E
52,Marc Leishman,"87' 10""",175.583,2,-1
53,Cameron Percy,"88' 10""",266.583,3,+1
54,Jimmy Walker,"94' 5""",94.417,1,E
55,Stephen Ames,"95' 2""",190.333,2,+1
56,Chad Campbell,"95' 7""",95.583,1,E
57,Jeff Maggert,"97' 3""",194.417,2,+1
58,Alistair Presnell,"104' 1""",208.083,2,+2
59,Robert Streb,"122' 11""",122.917,1,E
60,Ryan Palmer,"126' 10""",126.833,1,-1
61,George McNeill,"131' 1""",131.083,1,E
