rank,player,Avg,Total Strokes,Total Rounds
1,Jon Rahm,61.00,61,1
1,Justin Thomas,61.00,61,1
3,Matt Jones,62.00,62,1
4,Cameron Smith,64.00,64,1
5,Max Homa,65.00,65,1
5,Sungjae Im,65.00,65,1
5,Marc Leishman,65.00,65,1
8,Daniel Berger,66.00,66,1
8,Patrick Cantlay,66.00,66,1
8,Cam Davis,66.00,66,1
8,Kevin Kisner,66.00,66,1
8,Patrick Reed,66.00,66,1
13,Stewart Cink,67.00,67,1
13,Bryson DeChambeau,67.00,67,1
13,Talor Gooch,67.00,67,1
13,Collin Morikawa,67.00,67,1
17,Sam Burns,68.00,68,1
17,Harris English,68.00,68,1
17,Lucas Herbert,68.00,68,1
17,Hideki Matsuyama,68.00,68,1
17,Kevin Na,68.00,68,1
17,Xander Schauffele,68.00,68,1
17,Jordan Spieth,68.00,68,1
24,Joel Dahmen,69.00,69,1
24,Tony Finau,69.00,69,1
24,Garrick Higgo,69.00,69,1
24,Si Woo Kim,69.00,69,1
24,K.H. Lee,69.00,69,1
24,Seamus Power,69.00,69,1
30,Lucas Glover,70.00,70,1
30,Billy Horschel,70.00,70,1
30,Phil Mickelson,70.00,70,1
30,Erik van Rooyen,70.00,70,1
34,Abraham Ancer,71.00,71,1
35,Brooks Koepka,72.00,72,1
35,Jason Kokrak,72.00,72,1
37,Viktor Hovland,73.00,73,1
38,Branden Grace,74.00,74,1
