rank,player,Avg,Total Strokes,Total Rounds
1,Cameron Smith,65.00,65,1
2,Daniel Berger,66.00,66,1
2,Patrick Cantlay,66.00,66,1
2,Jon Rahm,66.00,66,1
5,Sungjae Im,67.00,67,1
5,Kevin Na,67.00,67,1
5,Erik van Rooyen,67.00,67,1
8,Joel Dahmen,68.00,68,1
8,Talor Gooch,68.00,68,1
8,Garrick Higgo,68.00,68,1
8,Brooks Koepka,68.00,68,1
8,Collin Morikawa,68.00,68,1
13,Stewart Cink,69.00,69,1
13,Cam Davis,69.00,69,1
13,Bryson DeChambeau,69.00,69,1
13,Branden Grace,69.00,69,1
13,Lucas Herbert,69.00,69,1
13,Viktor Hovland,69.00,69,1
13,Kevin Kisner,69.00,69,1
13,Marc Leishman,69.00,69,1
13,Hideki Matsuyama,69.00,69,1
13,Xander Schauffele,69.00,69,1
23,Tony Finau,70.00,70,1
23,Matt Jones,70.00,70,1
25,Si Woo Kim,71.00,71,1
25,Phil Mickelson,71.00,71,1
25,Seamus Power,71.00,71,1
25,Jordan Spieth,71.00,71,1
29,Abraham Ancer,72.00,72,1
29,Sam Burns,72.00,72,1
29,Max Homa,72.00,72,1
29,Billy Horschel,72.00,72,1
29,Jason Kokrak,72.00,72,1
29,K.H. Lee,72.00,72,1
35,Harris English,73.00,73,1
36,Lucas Glover,74.00,74,1
36,Patrick Reed,74.00,74,1
36,Justin Thomas,74.00,74,1
