rank,player,%
1,Daniel Berger,100.00
1,Patrick Cantlay,100.00
1,Cam Davis,100.00
1,Harris English,100.00
1,Tony Finau,100.00
1,Lucas Glover,100.00
1,Talor Gooch,100.00
1,Branden Grace,100.00
1,Billy Horschel,100.00
1,Viktor Hovland,100.00
1,Matt Jones,100.00
1,Kevin Kisner,100.00
1,Jason Kokrak,100.00
1,K.H. Lee,100.00
1,Phil Mickelson,100.00
1,Collin Morikawa,100.00
1,Seamus Power,100.00
1,Jon Rahm,100.00
1,Xander Schauffele,100.00
1,Cameron Smith,100.00
1,Jordan Spieth,100.00
1,Justin Thomas,100.00
1,Erik van Rooyen,100.00
24,Abraham Ancer,.00
24,Sam Burns,.00
24,Stewart Cink,.00
24,Joel Dahmen,.00
24,Bryson DeChambeau,.00
24,Lucas Herbert,.00
24,Garrick Higgo,.00
24,Max Homa,.00
24,Sungjae Im,.00
24,Si Woo Kim,.00
24,Brooks Koepka,.00
24,Marc Leishman,.00
24,Hideki Matsuyama,.00
24,Kevin Na,.00
24,Patrick Reed,.00
