rank,player,Avg,Total Strokes,Total Rounds
1,Matt Jones,61.00,61,1
2,Collin Morikawa,62.00,62,1
3,Tony Finau,65.00,65,1
3,Kevin Kisner,65.00,65,1
3,Cameron Smith,65.00,65,1
3,Justin Thomas,65.00,65,1
7,Cam Davis,66.00,66,1
7,Billy Horschel,66.00,66,1
7,Jon Rahm,66.00,66,1
7,Xander Schauffele,66.00,66,1
7,Jordan Spieth,66.00,66,1
12,Patrick Cantlay,67.00,67,1
12,Harris English,67.00,67,1
12,Talor Gooch,67.00,67,1
12,Branden Grace,67.00,67,1
12,Viktor Hovland,67.00,67,1
12,K.H. Lee,67.00,67,1
12,Seamus Power,67.00,67,1
19,Max Homa,68.00,68,1
19,Marc Leishman,68.00,68,1
19,Phil Mickelson,68.00,68,1
19,Kevin Na,68.00,68,1
19,Patrick Reed,68.00,68,1
24,Daniel Berger,69.00,69,1
24,Sam Burns,69.00,69,1
24,Lucas Glover,69.00,69,1
24,Sungjae Im,69.00,69,1
24,Brooks Koepka,69.00,69,1
24,Hideki Matsuyama,69.00,69,1
24,Erik van Rooyen,69.00,69,1
31,Abraham Ancer,70.00,70,1
31,Garrick Higgo,70.00,70,1
31,Si Woo Kim,70.00,70,1
34,Stewart Cink,71.00,71,1
34,Joel Dahmen,71.00,71,1
34,Jason Kokrak,71.00,71,1
37,Bryson DeChambeau,72.00,72,1
38,Lucas Herbert,74.00,74,1
