rank,player,%,Greens Hit,# of Holes
1,Ryuji Imada,92.59,25,27
2,Pat Perez,91.67,22,24
3,Geoff Ogilvy,90.91,20,22
3,David Toms,90.91,20,22
5,K.J. Choi,90.32,28,31
6,Brett Quigley,90.00,18,20
7,Bart Bryant,88.89,24,27
7,Andrew Buckle,88.89,24,27
9,Will MacKenzie,88.46,23,26
9,Daisuke Maruyama,88.46,23,26
11,Daniel Chopra,88.00,22,25
12,Jim Furyk,87.88,29,33
13,Bo Van Pelt,87.50,21,24
14,Doug LaBelle II,87.10,27,31
15,Shane Bertsch,86.67,26,30
16,Rory Sabbatini,86.36,19,22
17,John Senden,86.21,25,29
18,Tadd Fujikawa,85.71,24,28
18,J.J. Henry,85.71,24,28
18,Craig Kanada,85.71,24,28
21,Ted Purdy,85.19,23,27
22,Luke Donald,84.85,28,33
23,Jeff Quinney,84.38,27,32
24,Steve Marino,84.21,16,19
25,Paul Azinger,84.00,21,25
26,Trevor Immelman,83.87,26,31
27,Brian Gay,82.76,24,29
28,George McNeill,82.61,19,23
29,Boo Weekley,82.14,23,28
30,Charles Howell III,81.82,18,22
31,Jason Dufner,80.77,21,26
32,Jeff Maggert,79.41,27,34
33,Cameron Beckman,79.31,23,29
33,Harrison Frazar,79.31,23,29
35,Cliff Kresge,78.57,22,28
35,Yusaku Miyazato,78.57,22,28
37,Paul Goydos,78.38,29,37
38,Chad Campbell,78.26,18,23
39,Eric Axley,77.78,21,27
39,Briny Baird,77.78,21,27
41,John Rollins,77.42,24,31
42,Johnson Wagner,77.14,27,35
43,Tom Lehman,76.92,20,26
44,John Daly,76.47,13,17
44,Steve Lowery,76.47,26,34
44,Tim Petrovic,76.47,13,17
47,Steve Stricker,76.19,16,21
48,Glen Day,75.86,22,29
49,Bubba Watson,75.00,18,24
50,Jerry Kelly,73.68,28,38
51,Rod Pampling,73.08,19,26
52,Troy Matteson,72.41,21,29
52,Jeff Sluman,72.41,21,29
52,Kaname Yokoo,72.41,21,29
55,J.P. Hayes,72.22,13,18
56,Joe Daley,71.88,23,32
57,Robert Garrigus,71.43,15,21
57,Michael Putnam,71.43,20,28
59,Jesper Parnevik,70.97,22,31
60,Robert Allenby,70.83,17,24
60,Davis Love III,70.83,17,24
60,Jarrod Lyle,70.83,17,24
63,Rich Beem,70.37,19,27
63,Nathan Green,70.37,19,27
65,Craig Lile,69.23,18,26
65,Kenny Perry,69.23,18,26
67,David Branshaw,68.97,20,29
68,Gavin Coles,67.65,23,34
69,Ken Duke,66.67,18,27
69,Heath Slocum,66.67,18,27
71,Vijay Singh,65.52,19,29
72,Azuma Yano,64.00,16,25
