rank,player,%,Greens Hit,# Holes,Relative/Par
1,Paul Azinger,100.0,3,3,-3.00
1,Shane Bertsch,100.0,5,5,-3.00
1,David Branshaw,100.0,2,2,-1.00
1,Gavin Coles,100.0,5,5,-2.00
1,John Daly,100.0,4,4,E
1,Jim Furyk,100.0,1,1,E
1,Paul Goydos,100.0,2,2,E
1,Charles Howell III,100.0,2,2,-2.00
1,George McNeill,100.0,2,2,-1.00
1,Heath Slocum,100.0,2,2,E
1,Jeff Sluman,100.0,2,2,-1.00
1,Kaname Yokoo,100.0,3,3,-1.00
13,Tadd Fujikawa,87.5,7,8,-4.00
14,Daisuke Maruyama,83.3,5,6,-3.00
14,Boo Weekley,83.3,5,6,-1.00
16,Cameron Beckman,80.0,4,5,-1.00
16,Rory Sabbatini,80.0,4,5,-1.00
16,Steve Stricker,80.0,4,5,-1.00
19,Robert Allenby,77.8,7,9,-1.00
20,Ted Purdy,75.0,3,4,-1.00
20,David Toms,75.0,3,4,E
20,Azuma Yano,75.0,3,4,-1.00
23,Glen Day,66.7,2,3,-1.00
23,Jason Dufner,66.7,2,3,E
23,Nathan Green,66.7,4,6,-1.00
23,Ryuji Imada,66.7,4,6,E
23,Trevor Immelman,66.7,2,3,-1.00
23,Jerry Kelly,66.7,2,3,-2.00
23,Brett Quigley,66.7,2,3,-1.00
23,Johnson Wagner,66.7,2,3,-2.00
31,Briny Baird,60.0,3,5,-1.00
31,Jesper Parnevik,60.0,3,5,E
33,Pat Perez,57.1,4,7,-1.00
33,John Rollins,57.1,4,7,-1.00
35,Jarrod Lyle,55.6,5,9,-3.00
36,Bart Bryant,50.0,1,2,E
36,Andrew Buckle,50.0,2,4,-1.00
36,Chad Campbell,50.0,2,4,E
36,Luke Donald,50.0,1,2,E
36,Craig Kanada,50.0,1,2,-1.00
36,Cliff Kresge,50.0,2,4,E
36,Davis Love III,50.0,3,6,+1.00
36,Steve Lowery,50.0,1,2,E
36,Rod Pampling,50.0,1,2,E
36,Kenny Perry,50.0,2,4,E
36,Jeff Quinney,50.0,1,2,-1.00
47,Vijay Singh,42.9,3,7,-2.00
48,Harrison Frazar,40.0,2,5,E
48,J.J. Henry,40.0,2,5,-2.00
48,Jeff Maggert,40.0,2,5,+1.00
48,Michael Putnam,40.0,2,5,E
52,K.J. Choi,33.3,1,3,-1.00
52,Daniel Chopra,33.3,2,6,E
52,Ken Duke,33.3,1,3,-1.00
52,J.P. Hayes,33.3,1,3,-1.00
52,Will MacKenzie,33.3,1,3,E
52,Tim Petrovic,33.3,1,3,E
52,Bubba Watson,33.3,1,3,E
59,Steve Marino,25.0,1,4,E
59,Bo Van Pelt,25.0,1,4,E
61,Eric Axley,20.0,1,5,E
61,Tom Lehman,20.0,1,5,E
61,Craig Lile,20.0,1,5,-1.00
64,Rich Beem,.0,0,2,E
64,Joe Daley,.0,0,1,E
64,Robert Garrigus,.0,0,4,E
64,Doug LaBelle II,.0,0,1,E
64,Yusaku Miyazato,.0,0,1,E
64,John Senden,.0,0,2,E
