rank,player,%,Greens Hit,Total Holes,Relative to par
1,Jim Furyk,81.25,13,16,-0.08
2,John Senden,80.95,17,21,-0.12
3,Kenny Perry,80.00,8,10,E
4,Jeff Quinney,77.78,14,18,-0.14
4,Johnson Wagner,77.78,14,18,-0.07
6,Craig Kanada,76.19,16,21,-0.19
7,Ken Duke,75.00,15,20,E
7,Tom Lehman,75.00,12,16,+0.08
7,Jeff Maggert,75.00,9,12,-0.11
10,Vijay Singh,72.73,8,11,-0.25
11,Brian Gay,72.22,13,18,-0.31
11,Steve Lowery,72.22,13,18,-0.15
13,Andrew Buckle,71.43,10,14,-0.50
14,Paul Azinger,70.00,14,20,-0.07
15,Jesper Parnevik,69.23,9,13,-0.33
16,Will MacKenzie,68.75,11,16,+0.09
16,Ted Purdy,68.75,11,16,E
16,Michael Putnam,68.75,11,16,-0.18
19,Bart Bryant,66.67,16,24,-0.13
19,K.J. Choi,66.67,10,15,-0.10
19,Daniel Chopra,66.67,12,18,E
19,Gavin Coles,66.67,12,18,-0.17
19,Luke Donald,66.67,14,21,-0.21
19,Ryuji Imada,66.67,10,15,-0.10
19,Steve Marino,66.67,10,15,-0.10
19,Jeff Sluman,66.67,12,18,-0.33
27,Paul Goydos,64.71,11,17,-0.18
27,Geoff Ogilvy,64.71,11,17,E
29,J.P. Hayes,64.29,9,14,-0.22
29,Trevor Immelman,64.29,9,14,-0.22
29,Pat Perez,64.29,9,14,-0.33
32,Rod Pampling,63.64,7,11,-0.43
33,Troy Matteson,63.16,12,19,-0.25
33,Heath Slocum,63.16,12,19,-0.17
35,Robert Allenby,62.50,10,16,-0.10
35,Eric Axley,62.50,10,16,-0.20
35,Charles Howell III,62.50,10,16,-0.30
38,Steve Stricker,61.54,8,13,-0.38
38,Kaname Yokoo,61.54,8,13,-0.38
40,Bo Van Pelt,61.11,11,18,-0.09
41,Daisuke Maruyama,60.87,14,23,-0.21
42,Shane Bertsch,60.00,9,15,-0.11
42,Glen Day,60.00,12,20,-0.17
42,Robert Garrigus,60.00,6,10,-0.17
42,Azuma Yano,60.00,9,15,-0.22
46,Briny Baird,57.14,8,14,E
46,Jason Dufner,57.14,8,14,-0.38
46,John Rollins,57.14,8,14,+0.25
49,Davis Love III,56.52,13,23,+0.08
50,Doug LaBelle II,56.00,14,25,E
51,Jerry Kelly,55.56,10,18,-0.10
51,George McNeill,55.56,10,18,-0.40
53,J.J. Henry,54.55,6,11,E
53,David Toms,54.55,6,11,-0.17
55,Bubba Watson,53.85,7,13,-0.14
56,Harrison Frazar,53.33,8,15,-0.13
57,David Branshaw,52.94,9,17,-0.11
57,Tim Petrovic,52.94,9,17,+0.11
59,Joe Daley,52.63,10,19,-0.10
60,Cameron Beckman,50.00,6,12,E
60,Nathan Green,50.00,9,18,-0.22
60,Rory Sabbatini,50.00,9,18,E
60,Boo Weekley,50.00,6,12,E
64,Chad Campbell,48.15,13,27,-0.08
65,Craig Lile,47.37,9,19,-0.11
66,Jarrod Lyle,46.67,7,15,E
67,Cliff Kresge,46.15,6,13,-0.33
68,Rich Beem,42.86,6,14,-0.33
69,John Daly,41.18,7,17,-0.14
70,Tadd Fujikawa,40.00,6,15,-0.17
71,Yusaku Miyazato,37.50,6,16,E
72,Brett Quigley,36.36,4,11,-0.25
