rank,player,%,Greens Hit,Total Holes,Relative to par
1,Cameron Beckman,100.00,2,2,-0.50
1,Rich Beem,100.00,3,3,E
1,Shane Bertsch,100.00,5,5,-0.40
1,Bart Bryant,100.00,3,3,E
1,Joe Daley,100.00,1,1,-1.00
1,John Daly,100.00,4,4,+0.25
1,Robert Garrigus,100.00,3,3,-0.33
1,Paul Goydos,100.00,3,3,-0.33
1,J.P. Hayes,100.00,3,3,-0.33
1,J.J. Henry,100.00,2,2,E
1,Ryuji Imada,100.00,3,3,E
1,Craig Kanada,100.00,2,2,-0.50
1,Jerry Kelly,100.00,1,1,E
1,Tom Lehman,100.00,2,2,E
1,Jarrod Lyle,100.00,3,3,-0.67
1,Will MacKenzie,100.00,1,1,E
1,George McNeill,100.00,1,1,E
1,Rod Pampling,100.00,4,4,E
1,Pat Perez,100.00,5,5,-0.60
1,Tim Petrovic,100.00,3,3,-0.67
1,Ted Purdy,100.00,2,2,-0.50
1,Heath Slocum,100.00,1,1,E
1,Jeff Sluman,100.00,2,2,-0.50
1,Steve Stricker,100.00,2,2,-0.50
1,David Toms,100.00,3,3,E
1,Bo Van Pelt,100.00,5,5,-0.20
1,Azuma Yano,100.00,2,2,-0.50
28,Tadd Fujikawa,87.50,7,8,-0.14
29,Brett Quigley,85.71,6,7,-0.83
30,Glen Day,83.33,5,6,-0.40
30,Jeff Maggert,83.33,5,6,-0.20
30,Steve Marino,83.33,5,6,-0.20
30,Vijay Singh,83.33,5,6,-0.20
34,Chad Campbell,80.00,4,5,E
34,Kenny Perry,80.00,4,5,+0.25
36,Robert Allenby,75.00,3,4,-0.67
36,Eric Axley,75.00,3,4,-0.67
36,Cliff Kresge,75.00,3,4,-1.00
36,Jeff Quinney,75.00,3,4,E
40,K.J. Choi,66.67,2,3,-0.50
40,Daniel Chopra,66.67,2,3,E
40,Gavin Coles,66.67,2,3,-0.50
40,Ken Duke,66.67,2,3,E
40,Jim Furyk,66.67,2,3,-0.50
40,Steve Lowery,66.67,2,3,E
40,Jesper Parnevik,66.67,2,3,E
40,John Rollins,66.67,2,3,E
40,Rory Sabbatini,66.67,2,3,E
40,John Senden,66.67,2,3,-1.00
40,Boo Weekley,66.67,4,6,-0.25
51,Bubba Watson,62.50,5,8,-0.60
52,Davis Love III,60.00,3,5,E
52,Johnson Wagner,60.00,3,5,-0.33
54,Geoff Ogilvy,57.14,4,7,-0.50
55,Luke Donald,50.00,1,2,-1.00
55,Charles Howell III,50.00,1,2,-1.00
55,Trevor Immelman,50.00,1,2,E
55,Troy Matteson,50.00,1,2,E
55,Kaname Yokoo,50.00,2,4,E
60,Jason Dufner,40.00,2,5,-0.50
61,Briny Baird,33.33,1,3,-1.00
61,Andrew Buckle,33.33,1,3,E
61,Yusaku Miyazato,33.33,1,3,E
64,David Branshaw,.00,0,1,E
64,Brian Gay,.00,0,2,E
64,Doug LaBelle II,.00,0,2,E
64,Michael Putnam,.00,0,1,E
