rank,player,%,Greens Hit,Total Holes,Relative to par
1,John Daly,100.00,4,4,-0.25
1,Doug LaBelle II,100.00,8,8,-0.13
3,Will MacKenzie,85.71,6,7,-0.17
4,Robert Allenby,83.33,5,6,+0.20
4,John Rollins,83.33,5,6,+0.20
6,Jerry Kelly,80.00,8,10,-0.13
7,Tadd Fujikawa,77.78,7,9,E
8,Cliff Kresge,75.00,6,8,E
9,Joe Daley,72.73,8,11,-0.13
10,Boo Weekley,71.43,5,7,-0.40
11,Trevor Immelman,66.67,4,6,-0.25
11,Daisuke Maruyama,66.67,6,9,E
11,Yusaku Miyazato,66.67,4,6,-0.25
11,Pat Perez,66.67,4,6,E
15,Jeff Sluman,63.64,7,11,+0.29
16,Shane Bertsch,62.50,5,8,E
16,Harrison Frazar,62.50,5,8,+0.40
16,Robert Garrigus,62.50,5,8,-0.20
16,Craig Kanada,62.50,5,8,-0.40
16,Tom Lehman,62.50,5,8,+0.40
16,Jeff Maggert,62.50,5,8,+0.20
16,Steve Stricker,62.50,5,8,E
23,Andrew Buckle,60.00,6,10,+0.17
23,K.J. Choi,60.00,3,5,E
23,Troy Matteson,60.00,3,5,+0.33
23,Michael Putnam,60.00,6,10,+0.17
23,Vijay Singh,60.00,3,5,E
28,Eric Axley,57.14,4,7,E
28,Chad Campbell,57.14,4,7,-0.25
28,Jason Dufner,57.14,4,7,+0.25
28,Charles Howell III,57.14,4,7,E
28,Steve Lowery,57.14,4,7,-0.25
28,Jarrod Lyle,57.14,4,7,-0.25
28,John Senden,57.14,4,7,+0.25
28,David Toms,57.14,4,7,-0.25
36,Ryuji Imada,55.56,5,9,+0.20
36,Jesper Parnevik,55.56,5,9,-0.20
38,Ken Duke,50.00,4,8,E
38,Jim Furyk,50.00,4,8,-0.25
38,J.P. Hayes,50.00,4,8,E
38,Davis Love III,50.00,3,6,E
38,George McNeill,50.00,3,6,-0.33
38,Rod Pampling,50.00,5,10,-0.20
38,Ted Purdy,50.00,3,6,E
38,Johnson Wagner,50.00,4,8,E
46,David Branshaw,45.45,5,11,E
47,Daniel Chopra,44.44,4,9,E
47,Tim Petrovic,44.44,4,9,+0.25
47,Brett Quigley,44.44,4,9,E
47,Rory Sabbatini,44.44,4,9,E
51,Glen Day,42.86,3,7,-0.33
51,Craig Lile,42.86,3,7,E
51,Heath Slocum,42.86,3,7,+0.33
51,Bubba Watson,42.86,3,7,E
55,Paul Azinger,40.00,4,10,+0.25
55,Brian Gay,40.00,4,10,E
57,Bart Bryant,37.50,3,8,E
57,Luke Donald,37.50,3,8,E
57,Paul Goydos,37.50,3,8,-0.33
57,Azuma Yano,37.50,3,8,E
61,Gavin Coles,33.33,4,12,E
61,Steve Marino,33.33,2,6,E
61,Jeff Quinney,33.33,3,9,-0.33
64,Kaname Yokoo,30.00,3,10,E
65,Kenny Perry,28.57,2,7,-0.50
66,Nathan Green,27.27,3,11,E
67,Rich Beem,25.00,2,8,E
68,Briny Baird,22.22,2,9,-0.50
68,Bo Van Pelt,22.22,2,9,E
70,Cameron Beckman,12.50,1,8,E
71,J.J. Henry,.00,0,7,E
71,Geoff Ogilvy,.00,0,4,E
