rank,player,%,Greens Hit,Total Holes,Relative to par
1,Paul Azinger,100.00,9,9,-0.67
1,Rich Beem,100.00,11,11,-0.73
1,Shane Bertsch,100.00,12,12,-0.50
1,John Daly,100.00,17,17,-0.53
1,Harrison Frazar,100.00,11,11,-0.82
1,J.J. Henry,100.00,7,7,-0.57
1,Ryuji Imada,100.00,11,11,-0.45
1,Tom Lehman,100.00,9,9,-0.33
1,Craig Lile,100.00,7,7,-0.71
1,Jarrod Lyle,100.00,10,10,-1.00
1,Daisuke Maruyama,100.00,8,8,-0.88
1,George McNeill,100.00,11,11,-0.91
1,Rod Pampling,100.00,11,11,-0.55
1,Pat Perez,100.00,12,12,-0.58
1,Ted Purdy,100.00,11,11,-0.64
1,Steve Stricker,100.00,9,9,-0.78
1,Bo Van Pelt,100.00,13,13,-0.54
1,Azuma Yano,100.00,8,8,-0.50
19,Steve Marino,93.33,14,15,-0.71
20,Brett Quigley,92.31,12,13,-0.75
21,Robert Allenby,91.67,11,12,-0.91
21,Tadd Fujikawa,91.67,11,12,-0.36
21,John Rollins,91.67,11,12,-0.45
24,Charles Howell III,90.91,10,11,-0.90
24,Steve Lowery,90.91,10,11,-0.50
24,Troy Matteson,90.91,10,11,-0.80
24,Jesper Parnevik,90.91,10,11,-0.40
24,Rory Sabbatini,90.91,10,11,-0.80
24,John Senden,90.91,10,11,-0.80
30,David Branshaw,90.00,9,10,-1.00
30,Bart Bryant,90.00,9,10,-0.33
30,Glen Day,90.00,9,10,-0.33
30,Ken Duke,90.00,9,10,-0.56
30,Paul Goydos,90.00,9,10,-0.67
30,J.P. Hayes,90.00,9,10,-0.67
30,Craig Kanada,90.00,9,10,-0.78
30,Cliff Kresge,90.00,9,10,-1.00
30,Will MacKenzie,90.00,9,10,-0.67
30,Tim Petrovic,90.00,9,10,-0.78
30,David Toms,90.00,9,10,-0.44
41,K.J. Choi,88.89,8,9,-0.88
41,Jim Furyk,88.89,8,9,-0.63
41,Heath Slocum,88.89,8,9,-0.63
41,Jeff Sluman,88.89,8,9,-0.88
45,Cameron Beckman,87.50,7,8,-0.14
45,Joe Daley,87.50,7,8,-0.71
45,Luke Donald,87.50,7,8,-1.00
45,Nathan Green,87.50,7,8,-0.86
45,Jerry Kelly,87.50,7,8,-0.71
45,Boo Weekley,87.50,14,16,-0.71
51,Vijay Singh,86.67,13,15,-0.54
52,Robert Garrigus,85.71,12,14,-0.42
53,Eric Axley,84.62,11,13,-0.64
53,Kenny Perry,84.62,11,13,-0.18
55,Trevor Immelman,83.33,10,12,-0.10
55,Jeff Maggert,83.33,10,12,-0.50
55,Johnson Wagner,83.33,10,12,-0.40
58,Kaname Yokoo,80.00,8,10,-0.38
59,Jason Dufner,78.57,11,14,-0.73
60,Andrew Buckle,77.78,7,9,-0.43
60,Daniel Chopra,77.78,7,9,-0.71
62,Chad Campbell,76.92,10,13,-0.40
62,Yusaku Miyazato,76.92,10,13,-0.50
64,Briny Baird,75.00,9,12,-0.33
64,Doug LaBelle II,75.00,6,8,-0.83
64,Bubba Watson,75.00,15,20,-0.67
67,Davis Love III,72.73,8,11,-0.50
67,Michael Putnam,72.73,8,11,-0.75
67,Jeff Quinney,72.73,8,11,-0.50
70,Brian Gay,71.43,5,7,-0.60
71,Geoff Ogilvy,69.23,9,13,-0.78
72,Gavin Coles,37.50,3,8,-0.33
