rank,player,%,Greens Hit,Total Holes,Relative to par
1,Robert Allenby,100.00,8,8,-1.00
1,Paul Azinger,100.00,9,9,-0.67
1,Rich Beem,100.00,8,8,-1.00
1,Shane Bertsch,100.00,7,7,-0.57
1,David Branshaw,100.00,9,9,-1.00
1,Andrew Buckle,100.00,6,6,-0.50
1,K.J. Choi,100.00,6,6,-1.00
1,John Daly,100.00,13,13,-0.77
1,Glen Day,100.00,4,4,-0.25
1,Luke Donald,100.00,6,6,-1.00
1,Jason Dufner,100.00,9,9,-0.78
1,Ken Duke,100.00,7,7,-0.71
1,Harrison Frazar,100.00,11,11,-0.82
1,Tadd Fujikawa,100.00,4,4,-0.75
1,Jim Furyk,100.00,6,6,-0.67
1,Brian Gay,100.00,5,5,-0.60
1,J.J. Henry,100.00,5,5,-0.80
1,Charles Howell III,100.00,9,9,-0.89
1,Ryuji Imada,100.00,8,8,-0.63
1,Cliff Kresge,100.00,6,6,-1.00
1,Doug LaBelle II,100.00,6,6,-0.83
1,Tom Lehman,100.00,7,7,-0.43
1,Craig Lile,100.00,7,7,-0.71
1,Steve Lowery,100.00,8,8,-0.63
1,Jarrod Lyle,100.00,7,7,-1.14
1,Steve Marino,100.00,9,9,-1.00
1,Daisuke Maruyama,100.00,8,8,-0.88
1,Troy Matteson,100.00,9,9,-0.89
1,George McNeill,100.00,10,10,-1.00
1,Rod Pampling,100.00,7,7,-0.86
1,Jesper Parnevik,100.00,8,8,-0.50
1,Pat Perez,100.00,7,7,-0.57
1,Ted Purdy,100.00,9,9,-0.67
1,Brett Quigley,100.00,6,6,-0.67
1,John Rollins,100.00,9,9,-0.56
1,Rory Sabbatini,100.00,8,8,-1.00
1,John Senden,100.00,8,8,-0.75
1,Steve Stricker,100.00,7,7,-0.86
1,Bo Van Pelt,100.00,8,8,-0.75
1,Johnson Wagner,100.00,7,7,-0.43
1,Boo Weekley,100.00,10,10,-0.90
1,Azuma Yano,100.00,6,6,-0.50
1,Kaname Yokoo,100.00,6,6,-0.50
44,Trevor Immelman,90.00,9,10,-0.11
44,Yusaku Miyazato,90.00,9,10,-0.56
46,Eric Axley,88.89,8,9,-0.63
46,Briny Baird,88.89,8,9,-0.25
46,Will MacKenzie,88.89,8,9,-0.75
46,Vijay Singh,88.89,8,9,-0.75
50,Nathan Green,87.50,7,8,-0.86
50,Craig Kanada,87.50,7,8,-0.86
50,Kenny Perry,87.50,7,8,-0.43
50,Heath Slocum,87.50,7,8,-0.71
54,Bart Bryant,85.71,6,7,-0.50
54,Joe Daley,85.71,6,7,-0.67
54,Paul Goydos,85.71,6,7,-0.83
54,J.P. Hayes,85.71,6,7,-0.83
54,Jerry Kelly,85.71,6,7,-0.83
54,Tim Petrovic,85.71,6,7,-0.83
54,Jeff Sluman,85.71,6,7,-1.00
54,David Toms,85.71,6,7,-0.67
62,Cameron Beckman,83.33,5,6,E
62,Daniel Chopra,83.33,5,6,-1.00
62,Davis Love III,83.33,5,6,-0.80
62,Jeff Maggert,83.33,5,6,-0.80
62,Geoff Ogilvy,83.33,5,6,-1.00
62,Bubba Watson,83.33,10,12,-0.70
68,Robert Garrigus,81.82,9,11,-0.44
69,Michael Putnam,80.00,8,10,-0.75
70,Chad Campbell,75.00,6,8,-0.67
71,Jeff Quinney,71.43,5,7,-0.80
72,Gavin Coles,20.00,1,5,E
