rank,player,%,Greens Hit,# of holes
1,Ken Duke,72.41,21,29
1,Heath Slocum,72.41,21,29
3,John Daly,69.23,27,39
4,Robert Allenby,68.75,22,32
5,Paul Goydos,68.42,13,19
6,Tadd Fujikawa,67.86,19,28
7,Paul Azinger,67.74,21,31
8,Johnson Wagner,66.67,14,21
9,Azuma Yano,64.52,20,31
10,Cameron Beckman,62.96,17,27
10,John Senden,62.96,17,27
10,Vijay Singh,62.96,17,27
13,Steve Marino,62.16,23,37
14,Bart Bryant,62.07,18,29
14,Ryuji Imada,62.07,18,29
14,Ted Purdy,62.07,18,29
17,Charles Howell III,61.76,21,34
18,Jim Furyk,60.87,14,23
19,Trevor Immelman,60.00,15,25
19,Rod Pampling,60.00,18,30
19,Jesper Parnevik,60.00,15,25
19,Kenny Perry,60.00,18,30
19,John Rollins,60.00,15,25
24,Bo Van Pelt,59.38,19,32
25,Glen Day,59.26,16,27
26,Daniel Chopra,58.06,18,31
27,J.P. Hayes,57.89,22,38
28,Shane Bertsch,57.69,15,26
29,Steve Stricker,57.14,20,35
29,Boo Weekley,57.14,16,28
31,Jason Dufner,56.67,17,30
31,Tom Lehman,56.67,17,30
33,Luke Donald,56.52,13,23
34,Pat Perez,56.25,18,32
35,K.J. Choi,56.00,14,25
36,Rory Sabbatini,55.88,19,34
37,David Branshaw,55.56,15,27
38,Nathan Green,55.17,16,29
39,Steve Lowery,54.55,12,22
39,Jeff Maggert,54.55,12,22
41,Robert Garrigus,54.29,19,35
42,J.J. Henry,53.57,15,28
42,Craig Kanada,53.57,15,28
42,Cliff Kresge,53.57,15,28
45,Bubba Watson,53.13,17,32
46,Andrew Buckle,51.72,15,29
47,Tim Petrovic,51.28,20,39
48,Jerry Kelly,50.00,9,18
48,Craig Lile,50.00,15,30
48,Jarrod Lyle,50.00,16,32
48,Michael Putnam,50.00,14,28
48,Jeff Quinney,50.00,12,24
53,George McNeill,48.48,16,33
54,Briny Baird,48.28,14,29
55,Harrison Frazar,48.15,13,27
55,Jeff Sluman,48.15,13,27
55,Kaname Yokoo,48.15,13,27
58,Geoff Ogilvy,47.06,16,34
59,Davis Love III,46.88,15,32
60,Will MacKenzie,46.67,14,30
61,Yusaku Miyazato,46.43,13,28
62,Eric Axley,44.83,13,29
62,Rich Beem,44.83,13,29
64,Doug LaBelle II,44.00,11,25
65,Daisuke Maruyama,43.33,13,30
66,Chad Campbell,42.42,14,33
67,Joe Daley,41.67,10,24
67,Brett Quigley,41.67,15,36
69,Gavin Coles,40.91,9,22
70,David Toms,38.24,13,34
71,Troy Matteson,33.33,9,27
72,Brian Gay,22.22,6,27
