rank,player,%,Greens Hit,Total Holes,Relative to par
1,Cameron Beckman,81.25,13,16,-0.08
2,Briny Baird,78.57,11,14,-0.09
2,Rich Beem,78.57,11,14,-0.09
2,Tadd Fujikawa,78.57,11,14,-0.27
5,K.J. Choi,76.47,13,17,-0.23
5,Heath Slocum,76.47,13,17,-0.23
7,Jason Dufner,75.00,9,12,-0.33
7,Jesper Parnevik,75.00,9,12,-0.11
7,Azuma Yano,75.00,12,16,+0.17
10,Michael Putnam,73.33,11,15,-0.18
11,David Branshaw,72.73,8,11,-0.13
12,Jeff Quinney,69.23,9,13,-0.11
12,Bo Van Pelt,69.23,9,13,-0.11
14,Shane Bertsch,68.75,11,16,-0.27
14,Bart Bryant,68.75,11,16,-0.27
16,Luke Donald,66.67,8,12,-0.25
16,Robert Garrigus,66.67,10,15,E
16,George McNeill,66.67,10,15,E
19,Paul Azinger,64.71,11,17,-0.36
20,Jarrod Lyle,64.29,9,14,+0.11
20,Yusaku Miyazato,64.29,9,14,-0.44
20,Brett Quigley,64.29,9,14,+0.11
23,Chad Campbell,63.64,7,11,-0.43
24,Joe Daley,63.16,12,19,E
25,John Daly,61.54,8,13,E
25,Harrison Frazar,61.54,8,13,E
25,John Senden,61.54,8,13,-0.13
25,Johnson Wagner,61.54,8,13,+0.13
29,Ted Purdy,61.11,11,18,-0.27
30,Robert Allenby,60.00,9,15,-0.22
30,Rory Sabbatini,60.00,9,15,-0.33
32,Brian Gay,58.82,10,17,E
33,Daniel Chopra,58.33,7,12,-0.14
33,J.J. Henry,58.33,7,12,-0.14
33,Doug LaBelle II,58.33,7,12,-0.43
33,Rod Pampling,58.33,7,12,+0.14
37,Ryuji Imada,57.89,11,19,-0.09
38,Steve Marino,57.14,8,14,+0.13
38,Tim Petrovic,57.14,12,21,-0.42
38,Steve Stricker,57.14,12,21,-0.42
41,Craig Kanada,56.25,9,16,-0.33
42,Nathan Green,53.85,7,13,-0.14
42,Bubba Watson,53.85,7,13,-0.14
44,Andrew Buckle,52.94,9,17,-0.11
44,Jim Furyk,52.94,9,17,E
46,Craig Lile,52.63,10,19,-0.20
46,Pat Perez,52.63,10,19,-0.10
48,Paul Goydos,50.00,7,14,-0.43
48,Tom Lehman,50.00,6,12,E
48,Davis Love III,50.00,6,12,E
48,Steve Lowery,50.00,7,14,-0.29
48,Jeff Maggert,50.00,8,16,-0.25
48,Vijay Singh,50.00,7,14,-0.14
48,David Toms,50.00,11,22,-0.36
55,Kaname Yokoo,47.37,9,19,E
56,John Rollins,47.06,8,17,-0.13
57,Glen Day,46.67,7,15,E
57,Charles Howell III,46.67,7,15,-0.43
59,Gavin Coles,44.44,8,18,-0.13
60,Daisuke Maruyama,42.86,6,14,-0.33
61,Boo Weekley,41.67,5,12,-0.20
62,Trevor Immelman,40.00,6,15,-0.50
62,Jerry Kelly,40.00,6,15,-0.17
62,Geoff Ogilvy,40.00,6,15,-0.33
65,Will MacKenzie,38.89,7,18,-0.29
66,Ken Duke,38.46,5,13,-0.40
66,Kenny Perry,38.46,5,13,E
66,Jeff Sluman,38.46,5,13,-0.20
69,Eric Axley,33.33,4,12,-0.50
70,Cliff Kresge,29.41,5,17,E
70,Troy Matteson,29.41,5,17,E
72,J.P. Hayes,23.53,4,17,-0.25
