rank,player,%,Greens Hit,Total Holes,Relative to par
1,Paul Azinger,100.00,3,3,-0.33
1,Bart Bryant,100.00,2,2,-0.50
1,Gavin Coles,100.00,4,4,E
1,Joe Daley,100.00,1,1,-1.00
1,John Daly,100.00,9,9,-0.11
1,Glen Day,100.00,5,5,E
1,Trevor Immelman,100.00,5,5,-0.20
1,Jerry Kelly,100.00,7,7,-0.71
1,Cliff Kresge,100.00,5,5,E
1,Tom Lehman,100.00,5,5,-0.20
1,Craig Lile,100.00,6,6,-0.50
1,George McNeill,100.00,6,6,-0.17
1,Tim Petrovic,100.00,3,3,-0.33
1,Brett Quigley,100.00,9,9,-0.22
1,Rory Sabbatini,100.00,6,6,-0.50
1,John Senden,100.00,4,4,E
17,Briny Baird,88.89,8,9,-0.38
18,Steve Lowery,87.50,7,8,-0.43
18,Boo Weekley,87.50,7,8,E
20,K.J. Choi,85.71,6,7,-0.17
20,Daniel Chopra,85.71,6,7,-0.33
20,Jim Furyk,85.71,6,7,-0.67
20,J.J. Henry,85.71,12,14,-0.17
20,John Rollins,85.71,6,7,-0.67
20,Steve Stricker,85.71,6,7,-0.33
26,Paul Goydos,83.33,5,6,E
26,Craig Kanada,83.33,5,6,-0.60
26,Davis Love III,83.33,5,6,-0.40
26,Azuma Yano,83.33,5,6,E
30,Shane Bertsch,80.00,4,5,-0.50
30,Andrew Buckle,80.00,8,10,-0.13
30,Luke Donald,80.00,8,10,-0.25
30,Tadd Fujikawa,80.00,4,5,-0.50
30,Jeff Maggert,80.00,4,5,-0.25
30,Geoff Ogilvy,80.00,4,5,-0.50
30,Pat Perez,80.00,4,5,-0.50
30,Johnson Wagner,80.00,4,5,E
38,Jeff Sluman,77.78,7,9,-0.57
38,Bubba Watson,77.78,7,9,-0.14
40,Robert Garrigus,75.00,6,8,-0.33
40,Doug LaBelle II,75.00,6,8,-0.33
40,Will MacKenzie,75.00,3,4,E
40,Troy Matteson,75.00,3,4,-0.33
44,Robert Allenby,71.43,5,7,-0.20
44,Jason Dufner,71.43,5,7,E
44,J.P. Hayes,71.43,5,7,E
44,Charles Howell III,71.43,5,7,-0.60
44,Heath Slocum,71.43,5,7,-0.40
49,Steve Marino,70.00,7,10,-0.29
50,Eric Axley,66.67,8,12,-0.25
50,Cameron Beckman,66.67,2,3,E
50,David Branshaw,66.67,6,9,-0.50
50,Chad Campbell,66.67,2,3,E
50,Yusaku Miyazato,66.67,6,9,-0.17
50,Jeff Quinney,66.67,4,6,E
50,Vijay Singh,66.67,2,3,-0.50
50,Bo Van Pelt,66.67,2,3,E
58,Kenny Perry,62.50,5,8,-0.20
58,Ted Purdy,62.50,5,8,-0.20
60,Rich Beem,60.00,3,5,E
60,Jarrod Lyle,60.00,3,5,-0.33
60,Kaname Yokoo,60.00,3,5,E
63,Brian Gay,57.14,4,7,-0.50
64,Ken Duke,50.00,3,6,E
64,Nathan Green,50.00,3,6,+0.33
64,Ryuji Imada,50.00,2,4,E
64,Daisuke Maruyama,50.00,2,4,E
64,Rod Pampling,50.00,5,10,-0.20
64,Michael Putnam,50.00,3,6,-0.33
70,Jesper Parnevik,40.00,2,5,-1.00
71,David Toms,33.33,1,3,-1.00
72,Harrison Frazar,28.57,2,7,E
