rank,player,%,Greens Hit,Total Holes,Relative to par
1,Paul Azinger,100.00,12,12,-0.58
1,John Daly,100.00,26,26,-0.38
1,Tom Lehman,100.00,14,14,-0.29
1,Craig Lile,100.00,13,13,-0.62
1,George McNeill,100.00,17,17,-0.65
6,Brett Quigley,95.45,21,22,-0.52
7,Shane Bertsch,94.12,16,17,-0.50
7,Pat Perez,94.12,16,17,-0.56
7,Rory Sabbatini,94.12,16,17,-0.69
10,Steve Stricker,93.75,15,16,-0.60
10,Bo Van Pelt,93.75,15,16,-0.47
12,Glen Day,93.33,14,15,-0.21
12,Jerry Kelly,93.33,14,15,-0.71
12,Cliff Kresge,93.33,14,15,-0.64
12,John Senden,93.33,14,15,-0.57
16,Azuma Yano,92.86,13,14,-0.31
17,Tim Petrovic,92.31,12,13,-0.67
18,Bart Bryant,91.67,11,12,-0.36
19,J.J. Henry,90.48,19,21,-0.32
20,Steve Lowery,89.47,17,19,-0.47
20,John Rollins,89.47,17,19,-0.53
22,Joe Daley,88.89,8,9,-0.75
23,Tadd Fujikawa,88.24,15,17,-0.40
23,Trevor Immelman,88.24,15,17,-0.13
25,Rich Beem,87.50,14,16,-0.57
25,K.J. Choi,87.50,14,16,-0.57
25,Jim Furyk,87.50,14,16,-0.64
25,Paul Goydos,87.50,14,16,-0.43
25,Craig Kanada,87.50,14,16,-0.71
25,Boo Weekley,87.50,21,24,-0.48
31,Ryuji Imada,86.67,13,15,-0.38
31,Jarrod Lyle,86.67,13,15,-0.85
31,Troy Matteson,86.67,13,15,-0.69
34,Will MacKenzie,85.71,12,14,-0.50
35,Robert Allenby,84.21,16,19,-0.69
35,Ted Purdy,84.21,16,19,-0.50
37,Steve Marino,84.00,21,25,-0.57
38,Luke Donald,83.33,15,18,-0.60
38,Charles Howell III,83.33,15,18,-0.80
38,Daisuke Maruyama,83.33,10,12,-0.70
38,Vijay Singh,83.33,15,18,-0.53
38,Jeff Sluman,83.33,15,18,-0.73
43,J.P. Hayes,82.35,14,17,-0.43
43,Jeff Maggert,82.35,14,17,-0.43
43,Johnson Wagner,82.35,14,17,-0.29
46,Cameron Beckman,81.82,9,11,-0.11
46,Robert Garrigus,81.82,18,22,-0.39
48,Daniel Chopra,81.25,13,16,-0.54
48,Heath Slocum,81.25,13,16,-0.54
50,Briny Baird,80.95,17,21,-0.35
51,David Branshaw,78.95,15,19,-0.80
51,Andrew Buckle,78.95,15,19,-0.27
53,David Toms,76.92,10,13,-0.50
54,Davis Love III,76.47,13,17,-0.46
55,Jason Dufner,76.19,16,21,-0.50
55,Rod Pampling,76.19,16,21,-0.44
55,Kenny Perry,76.19,16,21,-0.19
58,Eric Axley,76.00,19,25,-0.47
59,Bubba Watson,75.86,22,29,-0.50
60,Chad Campbell,75.00,12,16,-0.33
60,Ken Duke,75.00,12,16,-0.42
60,Doug LaBelle II,75.00,12,16,-0.58
60,Jesper Parnevik,75.00,12,16,-0.50
64,Kaname Yokoo,73.33,11,15,-0.27
65,Yusaku Miyazato,72.73,16,22,-0.38
66,Harrison Frazar,72.22,13,18,-0.69
66,Geoff Ogilvy,72.22,13,18,-0.69
68,Nathan Green,71.43,10,14,-0.50
69,Jeff Quinney,70.59,12,17,-0.33
70,Michael Putnam,64.71,11,17,-0.64
71,Brian Gay,64.29,9,14,-0.56
72,Gavin Coles,58.33,7,12,-0.14
