rank,player,%,Total Hit,Total Attempts,RTP Score
1,K.J. Choi,81.94,59,72,-14.00
2,Johnson Wagner,80.56,58,72,-8.00
3,Tadd Fujikawa,79.17,57,72,-14.00
3,Jeff Maggert,79.17,57,72,-11.00
3,John Senden,79.17,57,72,-14.00
6,Daniel Chopra,77.78,56,72,-14.00
6,Paul Goydos,77.78,56,72,-18.00
8,Bart Bryant,76.39,55,72,-11.00
8,John Daly,76.39,55,72,-12.00
8,Steve Stricker,76.39,55,72,-16.00
8,Azuma Yano,76.39,55,72,-9.00
12,Cameron Beckman,75.00,54,72,-4.00
12,Shane Bertsch,75.00,54,72,-14.00
12,Andrew Buckle,75.00,54,72,-10.00
12,Jim Furyk,75.00,54,72,-13.00
12,Craig Kanada,75.00,54,72,-18.00
12,Jerry Kelly,75.00,54,72,-14.00
12,Bo Van Pelt,75.00,54,72,-12.00
19,Robert Allenby,73.61,53,72,-15.00
19,Paul Azinger,73.61,53,72,-15.00
19,Luke Donald,73.61,53,72,-19.00
19,Robert Garrigus,73.61,53,72,-12.00
19,Ryuji Imada,73.61,53,72,-12.00
19,Doug LaBelle II,73.61,53,72,-14.00
19,Steve Lowery,73.61,53,72,-18.00
19,Jesper Parnevik,73.61,53,72,-17.00
19,Pat Perez,73.61,53,72,-16.00
19,John Rollins,73.61,53,72,-11.00
29,Jason Dufner,72.22,52,72,-15.00
29,Charles Howell III,72.22,52,72,-21.00
29,Will MacKenzie,72.22,52,72,-13.00
29,Ted Purdy,72.22,52,72,-12.00
29,Jeff Quinney,72.22,52,72,-9.00
29,Heath Slocum,72.22,52,72,-11.00
35,Gavin Coles,70.83,51,72,-5.00
35,Glen Day,70.83,51,72,-9.00
35,Harrison Frazar,70.83,51,72,-12.00
35,Steve Marino,70.83,51,72,-15.00
35,Boo Weekley,70.83,51,72,-17.00
40,Ken Duke,69.44,50,72,-10.00
40,Trevor Immelman,69.44,50,72,-9.00
40,Cliff Kresge,69.44,50,72,-12.00
40,Tom Lehman,69.44,50,72,-3.00
40,Daisuke Maruyama,69.44,50,72,-15.00
40,George McNeill,69.44,50,72,-18.00
40,Yusaku Miyazato,69.44,50,72,-12.00
40,Kenny Perry,69.44,50,72,-8.00
40,Rory Sabbatini,69.44,50,72,-15.00
49,Rich Beem,68.06,49,72,-14.00
49,J.J. Henry,68.06,49,72,-9.00
49,Geoff Ogilvy,68.06,49,72,-16.00
49,Rod Pampling,68.06,49,72,-12.00
49,Bubba Watson,68.06,49,72,-14.00
54,Eric Axley,66.67,48,72,-14.00
54,Briny Baird,66.67,48,72,-9.00
54,Craig Lile,66.67,48,72,-11.00
54,Michael Putnam,66.67,48,72,-10.00
54,Brett Quigley,66.67,48,72,-14.00
54,David Toms,66.67,48,72,-15.00
60,David Branshaw,65.28,47,72,-18.00
60,Chad Campbell,65.28,47,72,-12.00
60,Nathan Green,65.28,47,72,-11.00
60,Davis Love III,65.28,47,72,-5.00
60,Troy Matteson,65.28,47,72,-12.00
60,Tim Petrovic,65.28,47,72,-12.00
60,Vijay Singh,65.28,47,72,-14.00
60,Jeff Sluman,65.28,47,72,-16.00
68,Joe Daley,63.89,46,72,-10.00
68,Brian Gay,63.89,46,72,-10.00
68,J.P. Hayes,63.89,46,72,-9.00
68,Jarrod Lyle,63.89,46,72,-16.00
72,Kaname Yokoo,61.11,44,72,-6.00
