rank,player,%,Greens Hit,Total Holes,Relative to par
1,Paul Goydos,94.12,16,17,-0.31
2,Daniel Chopra,93.33,14,15,-0.29
3,Ryuji Imada,92.86,13,14,-0.38
4,Luke Donald,92.31,12,13,-0.42
5,Tadd Fujikawa,88.24,15,17,-0.13
6,Nathan Green,87.50,14,16,-0.21
7,Charles Howell III,86.67,13,15,-0.23
8,Ken Duke,84.62,11,13,-0.18
9,Paul Azinger,83.33,10,12,-0.40
9,Bart Bryant,83.33,10,12,-0.10
9,Gavin Coles,83.33,10,12,E
12,Jason Dufner,82.35,14,17,-0.07
12,Cliff Kresge,82.35,14,17,-0.07
14,Doug LaBelle II,81.82,9,11,-0.22
15,Cameron Beckman,80.00,20,25,-0.20
15,Jim Furyk,80.00,12,15,-0.17
17,Shane Bertsch,78.57,11,14,-0.09
17,Jeff Quinney,78.57,11,14,-0.09
19,Ted Purdy,76.92,10,13,-0.10
20,David Branshaw,75.00,9,12,-0.44
20,Andrew Buckle,75.00,9,12,-0.11
20,Trevor Immelman,75.00,15,20,-0.07
20,John Rollins,75.00,12,16,-0.17
20,David Toms,75.00,12,16,-0.33
20,Bo Van Pelt,75.00,12,16,-0.25
20,Johnson Wagner,75.00,12,16,-0.17
27,K.J. Choi,73.68,14,19,-0.14
28,Glen Day,73.33,11,15,-0.18
28,Pat Perez,73.33,11,15,-0.36
28,John Senden,73.33,11,15,-0.27
31,Geoff Ogilvy,72.22,13,18,-0.31
32,Daisuke Maruyama,71.43,10,14,-0.20
33,Will MacKenzie,70.59,12,17,-0.50
33,Rod Pampling,70.59,12,17,-0.17
35,J.J. Henry,70.00,14,20,-0.14
36,J.P. Hayes,68.75,11,16,+0.09
37,Jeff Maggert,68.42,13,19,-0.08
38,Jesper Parnevik,68.18,15,22,-0.47
39,Harrison Frazar,66.67,12,18,-0.25
40,Boo Weekley,64.71,11,17,-0.27
41,Jerry Kelly,64.29,9,14,-0.22
41,Yusaku Miyazato,64.29,9,14,-0.11
43,Chad Campbell,63.64,7,11,-0.14
43,Craig Kanada,63.64,7,11,E
43,Tim Petrovic,63.64,7,11,-0.14
46,Robert Allenby,62.50,10,16,-0.20
47,Kenny Perry,61.90,13,21,-0.15
48,Briny Baird,61.54,8,13,E
48,Craig Lile,61.54,8,13,-0.13
48,Rory Sabbatini,61.54,8,13,E
48,Heath Slocum,61.54,8,13,E
52,Jarrod Lyle,61.11,11,18,-0.45
53,John Daly,60.00,6,10,E
53,Kaname Yokoo,60.00,9,15,+0.11
55,Brian Gay,58.33,7,12,-0.14
55,Steve Marino,58.33,7,12,-0.29
57,Rich Beem,57.89,11,19,-0.09
57,Azuma Yano,57.89,11,19,-0.18
59,Joe Daley,57.14,8,14,-0.25
59,Steve Lowery,57.14,8,14,-0.38
59,Steve Stricker,57.14,8,14,+0.13
62,Eric Axley,54.55,6,11,-0.17
62,Vijay Singh,54.55,12,22,-0.17
64,Davis Love III,53.85,7,13,+0.14
64,Michael Putnam,53.85,7,13,E
66,George McNeill,53.33,8,15,-0.13
67,Robert Garrigus,50.00,8,16,-0.25
67,Bubba Watson,50.00,4,8,-0.25
69,Troy Matteson,43.75,7,16,-0.14
70,Tom Lehman,42.11,8,19,-0.13
71,Jeff Sluman,41.67,5,12,-0.20
72,Brett Quigley,35.71,5,14,-0.60
