rank,player,Avg,Total Dist. to Impact,Total Attempts
1,Charlie Beljan,277.4,277.4,1
2,Scott Stallings,271.7,543.4,2
3,Keegan Bradley,269.7,809.1,3
4,Rickie Fowler,267.7,803.2,3
5,Marc Leishman,266.7,533.4,2
6,George McNeill,263.7,263.7,1
7,Hunter Mahan,263.3,526.6,2
8,Webb Simpson,261.4,784.2,3
9,Kyle Stanley,259.1,777.2,3
10,Dustin Johnson,258.4,258.4,1
11,Nick Watney,257.0,514.0,2
12,Steve Stricker,256.5,512.9,2
13,Carl Pettersson,255.8,511.5,2
14,Bill Haas,254.2,508.4,2
15,Scott Piercy,253.9,507.7,2
16,Tommy Gainey,252.1,504.1,2
17,Matt Kuchar,251.5,754.6,3
18,Johnson Wagner,251.1,753.4,3
19,Jonas Blixt,250.8,752.5,3
20,Brandt Snedeker,248.6,497.3,2
21,Ben Curtis,246.8,493.5,2
22,Ian Poulter,242.7,485.4,2
23,Jason Dufner,241.2,482.4,2
24,Ryan Moore,240.4,721.1,3
25,Zach Johnson,236.2,236.2,1
26,"Ted Potter, Jr.",235.7,471.5,2
27,John Huh,234.6,469.1,2
