rank,player,Avg,Total Apex Range,Total Attempts
1,Charlie Beljan,207.7,207.7,1
2,Scott Stallings,203.2,609.6,3
3,Nick Watney,198.4,396.9,2
4,Dustin Johnson,196.6,393.2,2
5,George McNeill,195.0,390.0,2
6,Rickie Fowler,190.8,572.3,3
7,Keegan Bradley,190.2,570.7,3
8,Marc Leishman,189.5,378.9,2
9,Bill Haas,188.3,376.7,2
10,Webb Simpson,185.9,557.8,3
11,Carl Pettersson,184.8,369.5,2
12,Hunter Mahan,183.5,367.0,2
13,Steve Stricker,183.0,366.0,2
14,Kyle Stanley,182.8,548.3,3
15,Scott Piercy,180.8,361.6,2
16,Matt Kuchar,180.3,540.8,3
17,Bubba Watson,180.1,360.3,2
18,Brandt Snedeker,180.0,360.0,2
19,Jason Dufner,179.2,358.3,2
20,Jonas Blixt,176.8,530.3,3
21,Tommy Gainey,176.4,352.8,2
21,Ian Poulter,176.4,352.9,2
23,Johnson Wagner,174.1,522.3,3
24,Ryan Moore,171.4,514.2,3
25,Ben Curtis,166.6,499.8,3
26,Zach Johnson,166.1,166.1,1
27,"Ted Potter, Jr.",165.5,496.6,3
28,John Huh,159.1,318.1,2
