rank,player,Combined Rank,Carry Efficiency Rank,Total Dist. Effic. Rank
1,Webb Simpson,5,2,3
2,Hunter Mahan,8,1,7
3,Matt Kuchar,11,6,5
4,Jonas Blixt,13,4,9
5,Johnson Wagner,17,10,7
6,Ben Curtis,18,7,11
7,Rickie Fowler,19,5,14
7,Brandt Snedeker,19,15,4
9,Charlie Beljan,23,7,16
10,Kyle Stanley,24,18,6
10,Steve Stricker,24,3,21
12,"Ted Potter, Jr.",27,26,1
13,Marc Leishman,28,9,19
14,Tommy Gainey,30,17,13
14,Carl Pettersson,30,13,17
16,George McNeill,32,14,18
16,Ian Poulter,32,22,10
18,Jason Dufner,33,21,12
19,Keegan Bradley,34,11,23
20,Zach Johnson,37,12,25
21,Bill Haas,38,16,22
22,Ryan Moore,44,24,20
22,Scott Piercy,44,20,24
24,Scott Stallings,47,19,28
25,John Huh,49,23,26
26,Dustin Johnson,54,27,27
26,Nick Watney,54,25,29
