rank,player,Avg,Total Actual Hang Time,Total Attempts
1,Nick Watney,7.1,14.3,2
2,Marc Leishman,6.9,13.7,2
3,Zach Johnson,6.8,6.8,1
4,Jonas Blixt,6.7,20.1,3
5,Keegan Bradley,6.6,19.9,3
5,Rickie Fowler,6.6,19.8,3
7,Matt Kuchar,6.5,19.5,3
7,Hunter Mahan,6.5,13.1,2
7,Webb Simpson,6.5,19.4,3
10,Scott Stallings,6.4,19.1,3
10,Steve Stricker,6.4,12.8,2
12,Bill Haas,6.3,12.6,2
12,George McNeill,6.3,12.6,2
14,Carl Pettersson,6.2,12.4,2
15,Charlie Beljan,6.1,6.1,1
15,Brandt Snedeker,6.1,12.3,2
15,Johnson Wagner,6.1,18.2,3
18,Ben Curtis,6.0,18.1,3
18,Dustin Johnson,6.0,11.9,2
20,Jason Dufner,5.9,11.7,2
21,Tommy Gainey,5.8,11.6,2
22,Kyle Stanley,5.7,17.1,3
23,John Huh,5.6,11.2,2
23,Scott Piercy,5.6,11.3,2
25,Ryan Moore,5.4,16.3,3
26,Ian Poulter,5.3,10.5,2
27,"Ted Potter, Jr.",4.9,14.8,3
28,Bubba Watson,3.9,7.8,2
