rank,player,Avg,Total Vert. Launch Angle,Total Attempts
1,Zach Johnson,14.04,28.09,2
2,John Huh,14.00,41.99,3
3,Ben Curtis,13.51,54.02,4
4,Jonas Blixt,13.46,40.38,3
5,Hunter Mahan,13.26,39.77,3
6,Steve Stricker,12.80,38.40,3
7,Webb Simpson,12.75,38.25,3
8,Keegan Bradley,12.67,38.01,3
9,Johnson Wagner,12.22,36.65,3
10,Mark Wilson,12.01,12.01,1
11,Tommy Gainey,11.95,23.90,2
12,Kyle Stanley,11.81,35.44,3
13,Matt Kuchar,11.75,35.25,3
14,Rickie Fowler,11.51,34.52,3
15,Brandt Snedeker,11.35,34.06,3
16,Dustin Johnson,11.27,22.54,2
17,Carl Pettersson,11.17,33.52,3
18,Marc Leishman,11.05,22.10,2
19,George McNeill,11.04,22.09,2
20,Ryan Moore,10.93,32.79,3
21,Jason Dufner,10.57,31.71,3
22,Scott Piercy,10.48,31.43,3
23,Ian Poulter,10.26,30.79,3
24,Bubba Watson,9.76,19.51,2
25,Bill Haas,9.35,28.05,3
26,"Ted Potter, Jr.",9.29,27.88,3
27,Nick Watney,9.05,27.14,3
28,Charlie Beljan,8.86,8.86,1
29,Scott Stallings,6.39,19.16,3
