rank,player,Avg,Total Spin Speed,Total Attempts
1,Charlie Beljan,"5,498.0","5,498",1
2,Bubba Watson,"4,372.0","4,372",1
3,Bill Haas,"3,872.0","11,616",3
4,Nick Watney,"3,467.0","10,401",3
5,Scott Stallings,"3,266.7","9,800",3
6,Rickie Fowler,"3,132.3","9,397",3
7,Carl Pettersson,"3,017.0","9,051",3
8,Ben Curtis,"2,945.0","11,780",4
9,"Ted Potter, Jr.","2,929.5","5,859",2
10,Jason Dufner,"2,872.7","8,618",3
11,George McNeill,"2,818.5","5,637",2
12,Keegan Bradley,"2,789.0","8,367",3
13,Marc Leishman,"2,735.0","5,470",2
14,Jonas Blixt,"2,728.5","5,457",2
15,Webb Simpson,"2,689.0","8,067",3
16,Matt Kuchar,"2,678.3","8,035",3
17,Kyle Stanley,"2,650.5","5,301",2
18,Ryan Moore,"2,569.0","7,707",3
19,Dustin Johnson,"2,521.5","5,043",2
20,Brandt Snedeker,"2,387.0","7,161",3
21,Zach Johnson,"2,384.0","4,768",2
22,Hunter Mahan,"2,364.3","7,093",3
23,Scott Piercy,"2,356.7","7,070",3
24,Ian Poulter,"2,298.3","6,895",3
25,Mark Wilson,"2,236.0","2,236",1
26,Johnson Wagner,"2,125.0","6,375",3
27,Steve Stricker,"2,094.3","6,283",3
28,Tommy Gainey,"1,997.0","1,997",1
29,John Huh,"1,815.0","3,630",2
