rank,player,Avg,Total Club Head Speed,Total Attempts
1,Dustin Johnson,124.61,249.23,2
2,Scott Stallings,122.54,367.62,3
3,Bubba Watson,122.42,244.85,2
4,Charlie Beljan,120.86,120.86,1
5,Nick Watney,120.15,360.45,3
6,Keegan Bradley,119.23,357.69,3
7,George McNeill,118.36,236.71,2
8,Kyle Stanley,117.26,351.79,3
9,Marc Leishman,116.63,233.25,2
10,Scott Piercy,116.33,349.00,3
11,Rickie Fowler,116.18,348.55,3
12,Bill Haas,114.50,343.50,3
13,Tommy Gainey,113.99,227.98,2
14,Carl Pettersson,113.75,341.25,3
15,Webb Simpson,112.17,336.52,3
16,Brandt Snedeker,111.45,334.34,3
17,Hunter Mahan,111.38,334.13,3
18,Ian Poulter,111.05,333.16,3
19,Steve Stricker,110.78,332.35,3
20,Ryan Moore,110.60,331.79,3
21,"Ted Potter, Jr.",110.58,331.74,3
22,Johnson Wagner,110.23,330.70,3
23,Jason Dufner,110.01,330.03,3
24,Matt Kuchar,109.50,328.49,3
25,Jonas Blixt,108.82,326.47,3
26,John Huh,108.64,325.92,3
27,Ben Curtis,107.36,429.44,4
28,Mark Wilson,107.11,107.11,1
29,Zach Johnson,105.76,211.52,2
