rank,player,Status,Par 5 Avg,Total Par
1,Paul Casey,-13,4.19,80
1,Lucas Glover,-13,4.19,80
3,Retief Goosen,-12,4.25,80
3,Ryan Moore,-12,4.25,80
3,Geoff Ogilvy,-12,4.25,80
3,Rory Sabbatini,-12,4.25,80
7,Martin Laird,-11,4.31,80
7,John Rollins,-11,4.31,80
7,Nick Watney,-11,4.31,80
10,Stephen Ames,-10,4.38,80
10,Ángel Cabrera,-10,4.38,80
10,Zach Johnson,-10,4.38,80
10,Pat Perez,-10,4.38,80
14,Sean O'Hair,-8,4.50,80
14,Steve Stricker,-8,4.50,80
16,Brian Gay,-7,4.56,80
16,Dustin Johnson,-7,4.56,80
16,Matt Kuchar,-7,4.56,80
16,Troy Matteson,-7,4.56,80
16,Heath Slocum,-7,4.56,80
16,Y.E. Yang,-7,4.56,80
22,Kenny Perry,-6,4.63,80
23,Stewart Cink,-5,4.69,80
23,Jerry Kelly,-5,4.69,80
23,Bo Van Pelt,-5,4.69,80
26,Mark Wilson,-4,4.75,80
27,Michael Bradley,-1,4.94,80
27,Nathan Green,-1,4.94,80
