rank,player,Status,Par 3 Avg,Total Par
1,Michael Bradley,-3,2.75,36
1,Ryan Moore,-3,2.75,36
1,Geoff Ogilvy,-3,2.75,36
1,Kenny Perry,-3,2.75,36
5,Pat Perez,-2,2.83,36
6,Steve Stricker,-1,2.92,36
7,Ángel Cabrera,E,3.00,36
7,Lucas Glover,E,3.00,36
7,Retief Goosen,E,3.00,36
7,Nathan Green,E,3.00,36
7,Dustin Johnson,E,3.00,36
7,Matt Kuchar,E,3.00,36
7,Martin Laird,E,3.00,36
7,Bo Van Pelt,E,3.00,36
15,Paul Casey,+1,3.08,36
15,Brian Gay,+1,3.08,36
15,Heath Slocum,+1,3.08,36
15,Nick Watney,+1,3.08,36
19,Zach Johnson,+2,3.17,36
19,Sean O'Hair,+2,3.17,36
19,John Rollins,+2,3.17,36
19,Mark Wilson,+2,3.17,36
23,Stephen Ames,+3,3.25,36
23,Stewart Cink,+3,3.25,36
23,Troy Matteson,+3,3.25,36
23,Rory Sabbatini,+3,3.25,36
23,Y.E. Yang,+3,3.25,36
28,Jerry Kelly,+4,3.33,36
