rank,player,%,Par 5 Birdies or Better,Par 5 Holes
1,Retief Goosen,81.25,13,16
2,Geoff Ogilvy,75.00,12,16
2,John Rollins,75.00,12,16
2,Rory Sabbatini,75.00,12,16
2,Nick Watney,75.00,12,16
6,Paul Casey,68.75,11,16
6,Martin Laird,68.75,11,16
6,Ryan Moore,68.75,11,16
9,Stephen Ames,62.50,10,16
9,Ángel Cabrera,62.50,10,16
9,Lucas Glover,62.50,10,16
9,Zach Johnson,62.50,10,16
9,Sean O'Hair,62.50,10,16
9,Pat Perez,62.50,10,16
9,Y.E. Yang,62.50,10,16
16,Dustin Johnson,56.25,9,16
17,Stewart Cink,50.00,8,16
17,Troy Matteson,50.00,8,16
17,Steve Stricker,50.00,8,16
17,Bo Van Pelt,50.00,8,16
21,Brian Gay,43.75,7,16
21,Kenny Perry,43.75,7,16
21,Heath Slocum,43.75,7,16
24,Jerry Kelly,37.50,6,16
24,Matt Kuchar,37.50,6,16
26,Michael Bradley,31.25,5,16
26,Mark Wilson,31.25,5,16
28,Nathan Green,25.00,4,16
