rank,player,Status,Par 4 Avg,Total Par
1,Stewart Cink,-14,3.68,176
2,Matt Kuchar,-12,3.73,176
2,Sean O'Hair,-12,3.73,176
2,Rory Sabbatini,-12,3.73,176
5,Kenny Perry,-8,3.82,176
6,Martin Laird,-7,3.84,176
6,Geoff Ogilvy,-7,3.84,176
6,Y.E. Yang,-7,3.84,176
9,Dustin Johnson,-6,3.86,176
9,Steve Stricker,-6,3.86,176
11,Ángel Cabrera,-5,3.89,176
11,Retief Goosen,-5,3.89,176
11,Nathan Green,-5,3.89,176
11,John Rollins,-5,3.89,176
15,Zach Johnson,-4,3.91,176
15,Jerry Kelly,-4,3.91,176
17,Stephen Ames,-3,3.93,176
17,Paul Casey,-3,3.93,176
17,Brian Gay,-3,3.93,176
17,Pat Perez,-3,3.93,176
17,Nick Watney,-3,3.93,176
22,Ryan Moore,-2,3.95,176
23,Lucas Glover,-1,3.98,176
23,Troy Matteson,-1,3.98,176
25,Michael Bradley,E,4.00,176
25,Mark Wilson,E,4.00,176
27,Bo Van Pelt,+1,4.02,176
28,Heath Slocum,+4,4.09,176
