rank,player,Avg,Total Strokes,Total Holes
1,Paul Casey,4.19,67,16
1,Lucas Glover,4.19,67,16
3,Retief Goosen,4.25,68,16
3,Ryan Moore,4.25,68,16
3,Geoff Ogilvy,4.25,68,16
3,Rory Sabbatini,4.25,68,16
7,Martin Laird,4.31,69,16
7,John Rollins,4.31,69,16
7,Nick Watney,4.31,69,16
10,Stephen Ames,4.38,70,16
10,Ángel Cabrera,4.38,70,16
10,Zach Johnson,4.38,70,16
10,Pat Perez,4.38,70,16
14,Sean O'Hair,4.50,72,16
14,Steve Stricker,4.50,72,16
16,Brian Gay,4.56,73,16
16,Dustin Johnson,4.56,73,16
16,Matt Kuchar,4.56,73,16
16,Troy Matteson,4.56,73,16
16,Heath Slocum,4.56,73,16
16,Y.E. Yang,4.56,73,16
22,Kenny Perry,4.63,74,16
23,Stewart Cink,4.69,75,16
23,Jerry Kelly,4.69,75,16
23,Bo Van Pelt,4.69,75,16
26,Mark Wilson,4.75,76,16
27,Michael Bradley,4.94,79,16
27,Nathan Green,4.94,79,16
