rank,player,Avg,Total Strokes,Total Holes
1,Michael Bradley,2.75,33,12
1,Ryan Moore,2.75,33,12
1,Geoff Ogilvy,2.75,33,12
1,Kenny Perry,2.75,33,12
5,Pat Perez,2.83,34,12
6,Steve Stricker,2.92,35,12
7,Ángel Cabrera,3.00,36,12
7,Lucas Glover,3.00,36,12
7,Retief Goosen,3.00,36,12
7,Nathan Green,3.00,36,12
7,Dustin Johnson,3.00,36,12
7,Matt Kuchar,3.00,36,12
7,Martin Laird,3.00,36,12
7,Bo Van Pelt,3.00,36,12
15,Paul Casey,3.08,37,12
15,Brian Gay,3.08,37,12
15,Heath Slocum,3.08,37,12
15,Nick Watney,3.08,37,12
19,Zach Johnson,3.17,38,12
19,Sean O'Hair,3.17,38,12
19,John Rollins,3.17,38,12
19,Mark Wilson,3.17,38,12
23,Stephen Ames,3.25,39,12
23,Stewart Cink,3.25,39,12
23,Troy Matteson,3.25,39,12
23,Rory Sabbatini,3.25,39,12
23,Y.E. Yang,3.25,39,12
28,Jerry Kelly,3.33,40,12
