rank,player,%,Par 3 Birdies or Better,Par 3 Holes
1,Kenny Perry,41.67,5,12
2,Michael Bradley,33.33,4,12
2,Steve Stricker,33.33,4,12
4,Retief Goosen,25.00,3,12
4,Nathan Green,25.00,3,12
4,Dustin Johnson,25.00,3,12
4,Ryan Moore,25.00,3,12
4,Geoff Ogilvy,25.00,3,12
4,Pat Perez,25.00,3,12
10,Stephen Ames,16.67,2,12
10,Ángel Cabrera,16.67,2,12
10,Paul Casey,16.67,2,12
10,Lucas Glover,16.67,2,12
10,Matt Kuchar,16.67,2,12
10,Bo Van Pelt,16.67,2,12
10,Mark Wilson,16.67,2,12
10,Y.E. Yang,16.67,2,12
18,Stewart Cink,8.33,1,12
18,Brian Gay,8.33,1,12
18,Zach Johnson,8.33,1,12
18,Jerry Kelly,8.33,1,12
18,Troy Matteson,8.33,1,12
18,Rory Sabbatini,8.33,1,12
18,Heath Slocum,8.33,1,12
18,Nick Watney,8.33,1,12
26,Martin Laird,.00,0,12
26,Sean O'Hair,.00,0,12
26,John Rollins,.00,0,12
