rank,player,%,# of Saves,# of Bunkers
1,Patrick Cantlay,100.00%,1,1
1,Jason Day,100.00%,1,1
1,Nico Echavarria,100.00%,3,3
1,Matt Fitzpatrick,100.00%,1,1
1,Lucas Glover,100.00%,1,1
1,Viktor Hovland,100.00%,1,1
1,Justin Rose,100.00%,1,1
1,Jordan Spieth,100.00%,1,1
1,Brendon Todd,100.00%,1,1
10,Wyndham Clark,66.67%,2,3
11,Max Homa,50.00%,1,2
11,Hideki Matsuyama,50.00%,1,2
11,Andrew Putnam,50.00%,1,2
11,Camilo Villegas,50.00%,1,2
15,Seamus Power,25.00%,1,4
16,Ludvig Åberg,.00%,0,2
16,Akshay Bhatia,.00%,0,1
16,Keegan Bradley,.00%,0,2
16,Sam Burns,.00%,0,2
16,Cam Davis,.00%,0,1
16,Harris English,.00%,0,1
16,Tyrrell Hatton,.00%,0,1
16,Denny McCarthy,.00%,0,1
16,Vincent Norrman,.00%,0,1
16,Adam Svensson,.00%,0,1
16,Matt Wallace,.00%,0,1
16,Cameron Young,.00%,0,2
