rank,player,%,Successes,Attempts
1,Patrick Cantlay,100.00%,2,2
1,Lucas Glover,100.00%,5,5
1,Adam Hadwin,100.00%,5,5
1,Max Homa,100.00%,4,4
1,Viktor Hovland,100.00%,6,6
1,Chris Kirk,100.00%,6,6
1,Kurt Kitayama,100.00%,6,6
1,Collin Morikawa,100.00%,8,8
1,Patrick Rodgers,100.00%,4,4
1,Xander Schauffele,100.00%,2,2
11,Erik van Rooyen,91.67%,11,12
12,Eric Cole,90.00%,9,10
13,Brian Harman,85.71%,6,7
14,Si Woo Kim,83.33%,5,6
14,Taylor Moore,83.33%,5,6
16,Luke List,81.82%,9,11
17,Sam Burns,80.00%,8,10
17,J.T. Poston,80.00%,4,5
17,Nick Taylor,80.00%,4,5
20,Byeong Hun An,75.00%,6,8
20,Tyrrell Hatton,75.00%,6,8
20,Seamus Power,75.00%,3,4
20,Scottie Scheffler,75.00%,3,4
20,Jordan Spieth,75.00%,6,8
25,Akshay Bhatia,72.73%,8,11
26,Ludvig Åberg,71.43%,5,7
27,Cam Davis,70.00%,7,10
28,Wyndham Clark,66.67%,4,6
28,Jason Day,66.67%,4,6
28,Harris English,66.67%,4,6
28,Emiliano Grillo,66.67%,4,6
28,Nick Hardy,66.67%,2,3
28,Adam Schenk,66.67%,2,3
28,Sepp Straka,66.67%,4,6
28,Sahith Theegala,66.67%,4,6
28,Camilo Villegas,66.67%,6,9
37,Corey Conners,62.50%,5,8
37,Nico Echavarria,62.50%,5,8
37,Matt Fitzpatrick,62.50%,5,8
40,Andrew Putnam,60.00%,3,5
40,Brendon Todd,60.00%,6,10
42,Lee Hodges,57.14%,4,7
42,Cameron Young,57.14%,4,7
44,Mackenzie Hughes,55.56%,5,9
44,Denny McCarthy,55.56%,5,9
46,Tommy Fleetwood,54.55%,6,11
47,Tom Hoge,50.00%,3,6
47,Tom Kim,50.00%,2,4
47,Hideki Matsuyama,50.00%,4,8
47,Vincent Norrman,50.00%,3,6
47,Justin Rose,50.00%,3,6
47,Adam Svensson,50.00%,3,6
47,Matt Wallace,50.00%,2,4
54,Russell Henley,44.44%,4,9
55,Tony Finau,42.86%,3,7
56,Keegan Bradley,40.00%,2,5
57,Rickie Fowler,36.36%,4,11
58,Davis Riley,33.33%,2,6
59,Sungjae Im,.00%,0,2
