rank,player,%,Successes,Attempts
1,Ludvig Åberg,100.00%,3,3
1,Byeong Hun An,100.00%,3,3
1,Akshay Bhatia,100.00%,4,4
1,Keegan Bradley,100.00%,3,3
1,Sam Burns,100.00%,3,3
1,Wyndham Clark,100.00%,1,1
1,Eric Cole,100.00%,3,3
1,Corey Conners,100.00%,3,3
1,Jason Day,100.00%,1,1
1,Nico Echavarria,100.00%,3,3
1,Tony Finau,100.00%,1,1
1,Matt Fitzpatrick,100.00%,2,2
1,Rickie Fowler,100.00%,1,1
1,Lucas Glover,100.00%,2,2
1,Emiliano Grillo,100.00%,2,2
1,Adam Hadwin,100.00%,1,1
1,Brian Harman,100.00%,2,2
1,Lee Hodges,100.00%,2,2
1,Tom Hoge,100.00%,2,2
1,Max Homa,100.00%,2,2
1,Viktor Hovland,100.00%,2,2
1,Mackenzie Hughes,100.00%,1,1
1,Sungjae Im,100.00%,1,1
1,Chris Kirk,100.00%,1,1
1,Kurt Kitayama,100.00%,6,6
1,Luke List,100.00%,5,5
1,Hideki Matsuyama,100.00%,3,3
1,Denny McCarthy,100.00%,4,4
1,Taylor Moore,100.00%,2,2
1,Collin Morikawa,100.00%,3,3
1,J.T. Poston,100.00%,1,1
1,Seamus Power,100.00%,3,3
1,Patrick Rodgers,100.00%,1,1
1,Justin Rose,100.00%,2,2
1,Xander Schauffele,100.00%,1,1
1,Scottie Scheffler,100.00%,1,1
1,Adam Schenk,100.00%,3,3
1,Jordan Spieth,100.00%,4,4
1,Sepp Straka,100.00%,2,2
1,Adam Svensson,100.00%,1,1
1,Nick Taylor,100.00%,2,2
1,Sahith Theegala,100.00%,1,1
1,Brendon Todd,100.00%,6,6
1,Erik van Rooyen,100.00%,5,5
1,Matt Wallace,100.00%,3,3
46,Tommy Fleetwood,75.00%,3,4
46,Russell Henley,75.00%,3,4
46,Cameron Young,75.00%,3,4
49,Tyrrell Hatton,66.67%,2,3
50,Nick Hardy,50.00%,1,2
50,Andrew Putnam,50.00%,1,2
50,Davis Riley,50.00%,1,2
53,Patrick Cantlay,.00%,0,1
