rank,player,%,Successes,Attempts
1,Akshay Bhatia,100.00%,1,1
1,Sam Burns,100.00%,2,2
1,Patrick Cantlay,100.00%,2,2
1,Eric Cole,100.00%,1,1
1,Jason Day,100.00%,1,1
1,Matt Fitzpatrick,100.00%,2,2
1,Tyrrell Hatton,100.00%,1,1
1,Russell Henley,100.00%,1,1
1,Viktor Hovland,100.00%,2,2
1,Luke List,100.00%,3,3
1,Hideki Matsuyama,100.00%,1,1
1,J.T. Poston,100.00%,1,1
1,Justin Rose,100.00%,1,1
1,Jordan Spieth,100.00%,1,1
1,Adam Svensson,100.00%,1,1
1,Brendon Todd,100.00%,1,1
17,Tommy Fleetwood,66.67%,2,3
17,Tom Kim,66.67%,2,3
17,Xander Schauffele,66.67%,2,3
17,Camilo Villegas,66.67%,2,3
21,Wyndham Clark,50.00%,1,2
21,Nico Echavarria,50.00%,2,4
21,Rickie Fowler,50.00%,1,2
21,Brian Harman,50.00%,1,2
21,Max Homa,50.00%,1,2
21,Sungjae Im,50.00%,2,4
21,Si Woo Kim,50.00%,1,2
21,Denny McCarthy,50.00%,1,2
29,Matt Wallace,33.33%,1,3
30,Ludvig Åberg,25.00%,1,4
31,Seamus Power,20.00%,1,5
32,Cam Davis,.00%,0,1
32,Harris English,.00%,0,1
32,Tony Finau,.00%,0,1
32,Lee Hodges,.00%,0,2
32,Mackenzie Hughes,.00%,0,1
32,Kurt Kitayama,.00%,0,1
32,Taylor Moore,.00%,0,4
32,Collin Morikawa,.00%,0,1
32,Vincent Norrman,.00%,0,1
32,Davis Riley,.00%,0,1
32,Patrick Rodgers,.00%,0,1
32,Scottie Scheffler,.00%,0,1
32,Erik van Rooyen,.00%,0,1
32,Cameron Young,.00%,0,2
