rank,player,%,Successes,Attempts
1,Sam Burns,100.00%,8,8
1,Wyndham Clark,100.00%,3,3
1,Eric Cole,100.00%,6,6
1,Cam Davis,100.00%,6,6
1,Jason Day,100.00%,6,6
1,Lucas Glover,100.00%,4,4
1,Tyrrell Hatton,100.00%,6,6
1,Tom Hoge,100.00%,1,1
1,Kurt Kitayama,100.00%,2,2
1,Luke List,100.00%,6,6
1,Denny McCarthy,100.00%,3,3
1,Collin Morikawa,100.00%,4,4
1,Vincent Norrman,100.00%,4,4
1,J.T. Poston,100.00%,6,6
1,Seamus Power,100.00%,2,2
1,Xander Schauffele,100.00%,4,4
1,Jordan Spieth,100.00%,2,2
1,Sahith Theegala,100.00%,4,4
1,Matt Wallace,100.00%,2,2
20,Justin Rose,85.71%,6,7
21,Viktor Hovland,83.33%,5,6
21,Chris Kirk,83.33%,5,6
21,Erik van Rooyen,83.33%,5,6
24,Harris English,80.00%,4,5
24,Adam Hadwin,80.00%,4,5
24,Si Woo Kim,80.00%,8,10
24,Davis Riley,80.00%,4,5
28,Brian Harman,75.00%,6,8
28,Max Homa,75.00%,3,4
28,Tom Kim,75.00%,6,8
28,Cameron Young,75.00%,3,4
32,Akshay Bhatia,71.43%,5,7
32,Camilo Villegas,71.43%,5,7
34,Ludvig Åberg,66.67%,2,3
34,Matt Fitzpatrick,66.67%,2,3
34,Tommy Fleetwood,66.67%,2,3
34,Russell Henley,66.67%,4,6
34,Mackenzie Hughes,66.67%,4,6
34,Hideki Matsuyama,66.67%,6,9
34,Adam Schenk,66.67%,2,3
41,Patrick Rodgers,60.00%,3,5
41,Scottie Scheffler,60.00%,3,5
43,Nico Echavarria,57.14%,4,7
43,Adam Svensson,57.14%,4,7
45,Keegan Bradley,50.00%,1,2
45,Patrick Cantlay,50.00%,2,4
45,Corey Conners,50.00%,2,4
45,Tony Finau,50.00%,4,8
45,Rickie Fowler,50.00%,3,6
45,Emiliano Grillo,50.00%,3,6
45,Sungjae Im,50.00%,3,6
45,Andrew Putnam,50.00%,2,4
45,Nick Taylor,50.00%,3,6
45,Brendon Todd,50.00%,2,4
55,Taylor Moore,40.00%,2,5
55,Sepp Straka,40.00%,2,5
57,Byeong Hun An,33.33%,1,3
58,Lee Hodges,28.57%,2,7
59,Nick Hardy,.00%,0,1
