rank,player,%,# of Saves,# of Bunkers
1,Akshay Bhatia,100.00%,1,1
1,Patrick Cantlay,100.00%,1,1
1,Wyndham Clark,100.00%,1,1
1,Eric Cole,100.00%,1,1
1,Harris English,100.00%,1,1
1,Matt Fitzpatrick,100.00%,1,1
1,Tommy Fleetwood,100.00%,2,2
1,Tom Hoge,100.00%,1,1
1,Tom Kim,100.00%,1,1
1,Luke List,100.00%,1,1
1,Jordan Spieth,100.00%,2,2
1,Sahith Theegala,100.00%,1,1
13,Nico Echavarria,50.00%,1,2
13,Rickie Fowler,50.00%,1,2
13,Max Homa,50.00%,1,2
13,Viktor Hovland,50.00%,1,2
13,Si Woo Kim,50.00%,2,4
13,Collin Morikawa,50.00%,1,2
13,Xander Schauffele,50.00%,1,2
20,Mackenzie Hughes,33.33%,1,3
21,Tony Finau,.00%,0,1
21,Adam Hadwin,.00%,0,2
21,Sungjae Im,.00%,0,1
21,Kurt Kitayama,.00%,0,2
21,Denny McCarthy,.00%,0,1
21,Taylor Moore,.00%,0,1
21,Seamus Power,.00%,0,2
21,Davis Riley,.00%,0,1
21,Patrick Rodgers,.00%,0,1
21,Scottie Scheffler,.00%,0,1
21,Nick Taylor,.00%,0,1
21,Matt Wallace,.00%,0,1
