rank,player,%,# of Saves,# of Bunkers
1,Sam Burns,100.00%,2,2
1,Patrick Cantlay,100.00%,2,2
1,Wyndham Clark,100.00%,3,3
1,Matt Fitzpatrick,100.00%,1,1
1,Emiliano Grillo,100.00%,1,1
1,Adam Hadwin,100.00%,1,1
1,Tyrrell Hatton,100.00%,1,1
1,Russell Henley,100.00%,1,1
1,Si Woo Kim,100.00%,1,1
1,Luke List,100.00%,2,2
1,Hideki Matsuyama,100.00%,2,2
1,Denny McCarthy,100.00%,1,1
1,Collin Morikawa,100.00%,1,1
1,Seamus Power,100.00%,1,1
1,Andrew Putnam,100.00%,1,1
1,Davis Riley,100.00%,2,2
1,Adam Schenk,100.00%,1,1
1,Adam Svensson,100.00%,1,1
1,Nick Taylor,100.00%,1,1
1,Sahith Theegala,100.00%,1,1
1,Brendon Todd,100.00%,1,1
1,Camilo Villegas,100.00%,1,1
23,Sungjae Im,75.00%,3,4
24,Max Homa,66.67%,2,3
24,Patrick Rodgers,66.67%,2,3
24,Matt Wallace,66.67%,2,3
27,Ludvig Åberg,50.00%,2,4
27,Akshay Bhatia,50.00%,1,2
27,Corey Conners,50.00%,1,2
27,Brian Harman,50.00%,1,2
27,Tom Kim,50.00%,1,2
27,J.T. Poston,50.00%,1,2
27,Justin Rose,50.00%,1,2
34,Tommy Fleetwood,33.33%,1,3
34,Xander Schauffele,33.33%,1,3
34,Scottie Scheffler,33.33%,1,3
37,Keegan Bradley,.00%,0,1
37,Eric Cole,.00%,0,1
37,Cam Davis,.00%,0,1
37,Nico Echavarria,.00%,0,3
37,Lee Hodges,.00%,0,2
37,Viktor Hovland,.00%,0,1
37,Kurt Kitayama,.00%,0,1
37,Taylor Moore,.00%,0,3
37,Vincent Norrman,.00%,0,1
37,Jordan Spieth,.00%,0,1
37,Erik van Rooyen,.00%,0,1
37,Cameron Young,.00%,0,1
