rank,player,Birdie to Bogey Ratio,Total Birdies and Better,Total Bogeys and Worse
1,Jonathan Byrd,8.67,26,3
2,Graeme McDowell,6.75,27,4
3,Steve Stricker,6.00,24,4
4,Robert Garrigus,5.60,28,5
5,Bill Haas,4.50,18,4
6,Bill Lunde,4.25,17,4
7,Matt Kuchar,4.00,24,6
8,Jim Furyk,3.80,19,5
9,Carl Pettersson,3.71,26,7
10,Jason Day,3.67,22,6
11,Ryan Palmer,3.40,17,5
12,Matt Bettencourt,3.20,16,5
13,Ian Poulter,3.13,25,8
14,Anthony Kim,2.86,20,7
15,Dustin Johnson,2.78,25,9
16,Arjun Atwal,2.75,22,8
16,Justin Rose,2.75,22,8
18,Francesco Molinari,2.44,22,9
19,Tim Clark,2.38,19,8
20,Charley Hoffman,2.33,21,9
21,Ernie Els,2.25,18,8
22,Ben Crane,2.11,19,9
23,Zach Johnson,2.00,18,9
23,Adam Scott,2.00,20,10
23,Bubba Watson,2.00,24,12
26,Cameron Beckman,1.90,19,10
27,Jason Bohn,1.80,18,10
28,Hunter Mahan,1.73,19,11
29,Heath Slocum,1.67,15,9
30,Stuart Appleby,1.38,18,13
31,Derek Lamely,.94,15,16
32,Rocco Mediate,.88,15,17
