rank,player,% under then over par,Total under then over Par,Under Par
1,Matt Bettencourt,.00,0,15
1,Tim Clark,.00,0,19
1,Jason Day,.00,0,21
1,Jim Furyk,.00,0,18
1,Bill Haas,.00,0,17
1,Graeme McDowell,.00,0,27
1,Ryan Palmer,.00,0,15
8,Steve Stricker,4.35,1,23
9,Arjun Atwal,4.55,1,22
9,Matt Kuchar,4.55,1,22
11,Zach Johnson,6.25,1,16
12,Bill Lunde,7.14,1,14
13,Jonathan Byrd,8.00,2,25
13,Robert Garrigus,8.00,2,25
15,Dustin Johnson,8.70,2,23
16,Francesco Molinari,10.00,2,20
17,Charley Hoffman,10.53,2,19
17,Anthony Kim,10.53,2,19
19,Ernie Els,11.11,2,18
20,Hunter Mahan,11.76,2,17
21,Carl Pettersson,13.04,3,23
22,Heath Slocum,13.33,2,15
23,Ian Poulter,13.64,3,22
24,Justin Rose,16.67,3,18
25,Jason Bohn,17.65,3,17
25,Adam Scott,17.65,3,17
27,Bubba Watson,18.18,4,22
28,Cameron Beckman,22.22,4,18
28,Ben Crane,22.22,4,18
30,Derek Lamely,26.67,4,15
31,Rocco Mediate,28.57,4,14
32,Stuart Appleby,29.41,5,17
