rank,player,% Makes Bogey,Bogeys,Holes Played
1,Jonathan Byrd,4.17,3,72
2,Bill Haas,5.56,4,72
2,Bill Lunde,5.56,4,72
2,Graeme McDowell,5.56,4,72
2,Steve Stricker,5.56,4,72
6,Matt Bettencourt,6.94,5,72
6,Jim Furyk,6.94,5,72
6,Robert Garrigus,6.94,5,72
6,Ryan Palmer,6.94,5,72
10,Jason Day,8.33,6,72
10,Matt Kuchar,8.33,6,72
12,Anthony Kim,9.72,7,72
12,Carl Pettersson,9.72,7,72
14,Arjun Atwal,11.11,8,72
14,Tim Clark,11.11,8,72
14,Ernie Els,11.11,8,72
14,Ian Poulter,11.11,8,72
14,Justin Rose,11.11,8,72
19,Ben Crane,12.50,9,72
19,Charley Hoffman,12.50,9,72
19,Dustin Johnson,12.50,9,72
19,Zach Johnson,12.50,9,72
19,Francesco Molinari,12.50,9,72
19,Heath Slocum,12.50,9,72
25,Cameron Beckman,13.89,10,72
25,Jason Bohn,13.89,10,72
25,Adam Scott,13.89,10,72
28,Hunter Mahan,15.28,11,72
29,Bubba Watson,16.67,12,72
30,Stuart Appleby,18.06,13,72
31,Derek Lamely,22.22,16,72
32,Rocco Mediate,23.61,17,72
