rank,player,Birdie to Bogey Ratio,Total Birdies and Better,Total Bogeys and Worse
1,Dustin Johnson,4.00,20,5
2,Steve Stricker,3.75,15,4
3,Tommy Gainey,3.50,14,4
4,Rickie Fowler,2.80,14,5
5,Carl Pettersson,2.75,11,4
6,Bubba Watson,2.60,13,5
7,Webb Simpson,2.25,9,4
8,Keegan Bradley,2.14,15,7
9,Ian Poulter,2.00,10,5
9,Brandt Snedeker,2.00,18,9
9,Mark Wilson,2.00,8,4
12,Scott Stallings,1.71,12,7
13,J.J. Henry,1.50,9,6
13,Johnson Wagner,1.50,12,8
15,Jonas Blixt,1.43,10,7
16,Matt Kuchar,1.36,15,11
17,John Huh,1.33,8,6
17,Scott Piercy,1.33,12,9
19,Nick Watney,1.20,12,10
20,Ben Curtis,1.13,9,8
21,Jason Dufner,1.09,12,11
22,Zach Johnson,1.08,13,12
23,Marc Leishman,.92,11,12
24,Charlie Beljan,.85,11,13
25,Bill Haas,.83,5,6
26,Hunter Mahan,.82,9,11
27,"Ted Potter, Jr.",.73,8,11
28,George McNeill,.55,6,11
29,Kyle Stanley,.53,8,15
30,Ryan Moore,.45,5,11
