rank,player,% Makes Bogey,Bogeys,Holes Played
1,Tommy Gainey,7.41,4,54
1,Carl Pettersson,7.41,4,54
1,Webb Simpson,7.41,4,54
1,Steve Stricker,7.41,4,54
1,Mark Wilson,7.41,4,54
6,Rickie Fowler,9.26,5,54
6,Dustin Johnson,9.26,5,54
6,Ian Poulter,9.26,5,54
6,Bubba Watson,9.26,5,54
10,Bill Haas,11.11,6,54
10,J.J. Henry,11.11,6,54
10,John Huh,11.11,6,54
13,Jonas Blixt,12.96,7,54
13,Keegan Bradley,12.96,7,54
13,Scott Stallings,12.96,7,54
16,Ben Curtis,14.81,8,54
16,Johnson Wagner,14.81,8,54
18,Scott Piercy,16.67,9,54
18,Brandt Snedeker,16.67,9,54
20,Nick Watney,18.52,10,54
21,Jason Dufner,20.37,11,54
21,Matt Kuchar,20.37,11,54
21,Hunter Mahan,20.37,11,54
21,George McNeill,20.37,11,54
21,Ryan Moore,20.37,11,54
21,"Ted Potter, Jr.",20.37,11,54
27,Zach Johnson,22.22,12,54
27,Marc Leishman,22.22,12,54
29,Charlie Beljan,24.07,13,54
30,Kyle Stanley,27.78,15,54
