rank,player,% under then over par,Total under then over Par,Under Par
1,Bill Haas,.00,0,4
1,John Huh,.00,0,6
1,Carl Pettersson,.00,0,8
1,Ian Poulter,.00,0,7
1,Scott Stallings,.00,0,9
1,Mark Wilson,.00,0,8
7,Rickie Fowler,7.69,1,13
8,Matt Kuchar,8.33,1,12
9,Jonas Blixt,10.00,1,10
9,Scott Piercy,10.00,1,10
9,Nick Watney,10.00,1,10
12,Dustin Johnson,11.76,2,17
13,Steve Stricker,13.33,2,15
14,Webb Simpson,14.29,1,7
15,Tommy Gainey,15.38,2,13
16,George McNeill,16.67,1,6
16,Kyle Stanley,16.67,1,6
16,Bubba Watson,16.67,2,12
19,Jason Dufner,18.18,2,11
20,Marc Leishman,20.00,2,10
21,Ben Curtis,22.22,2,9
21,J.J. Henry,22.22,2,9
21,Hunter Mahan,22.22,2,9
24,Brandt Snedeker,23.53,4,17
25,Keegan Bradley,25.00,3,12
25,"Ted Potter, Jr.",25.00,2,8
27,Johnson Wagner,30.00,3,10
28,Zach Johnson,36.36,4,11
29,Charlie Beljan,40.00,4,10
29,Ryan Moore,40.00,2,5
