rank,player,%,Greens Hit,# of holes
1,D.J. Trahan,80.00,12,15
2,Keegan Bradley,75.00,12,16
2,Pat Perez,75.00,12,16
2,Vaughn Taylor,75.00,12,16
5,Sam Ryder,70.59,12,17
6,Joaquin Niemann,68.75,11,16
7,Daniel Berger,66.67,10,15
7,Kevin Kisner,66.67,12,18
9,Zac Blair,64.71,11,17
10,Hideki Matsuyama,60.87,14,23
11,Brian Harman,60.00,9,15
11,Marc Leishman,60.00,9,15
11,Rory Sabbatini,60.00,9,15
11,Brendan Steele,60.00,12,20
11,Hudson Swafford,60.00,12,20
16,Russell Knox,58.33,14,24
17,"Ted Potter, Jr.",57.69,15,26
18,Harry Higgs,57.14,8,14
18,Matt Jones,57.14,12,21
18,Webb Simpson,57.14,8,14
18,Brandt Snedeker,57.14,8,14
22,Sepp Straka,56.25,9,16
23,Alex Noren,55.56,10,18
24,Andrew Putnam,55.00,11,20
25,Collin Morikawa,54.17,13,24
26,Kramer Hickok,53.85,7,13
26,Carlos Ortiz,53.85,14,26
28,Emiliano Grillo,53.33,8,15
29,Joseph Bramlett,52.63,10,19
30,Lanto Griffin,52.38,11,21
30,Bo Hoag,52.38,11,21
30,Rob Oppenheim,52.38,11,21
33,Charles Howell III,52.17,12,23
33,Patrick Rodgers,52.17,12,23
35,Corey Conners,50.00,9,18
35,Talor Gooch,50.00,12,24
35,Graeme McDowell,50.00,11,22
35,Michael Thompson,50.00,8,16
35,Brendon Todd,50.00,6,12
40,Abraham Ancer,47.62,10,21
40,Rikuya Hoshino,47.62,10,21
42,Henrik Norlander,47.06,8,17
43,Mark Anderson,46.67,7,15
43,Joel Dahmen,46.67,7,15
45,Sungjae Im,46.15,6,13
46,Ryan Palmer,45.45,5,11
46,Nick Taylor,45.45,5,11
46,Jimmy Walker,45.45,10,22
49,Cameron Smith,45.00,9,20
50,Michael Gellerman,44.44,8,18
51,Mikumu Horikawa,43.75,7,16
51,Brian Stuard,43.75,7,16
53,Rhein Gibson,43.48,10,23
53,Matthew NeSmith,43.48,10,23
55,Scott Harrington,42.86,9,21
55,Chase Seiffert,42.86,6,14
57,Scott Piercy,41.18,7,17
58,Nate Lashley,40.00,8,20
59,Jerry Kelly,38.89,7,18
60,Tom Hoge,37.50,6,16
60,Tim Wilkinson,37.50,6,16
62,Ben Martin,35.71,5,14
63,Peter Malnati,32.14,9,28
64,Cam Davis,31.25,5,16
65,Satoshi Kodaira,28.57,6,21
66,Zach Johnson,27.78,5,18
