rank,player,%,Greens Hit,# of Holes
1,Russell Knox,96.88,31,32
2,Cam Davis,92.50,37,40
3,Michael Gellerman,92.11,35,38
4,Jerry Kelly,89.47,34,38
5,Cameron Smith,88.89,32,36
6,Jimmy Walker,88.24,30,34
7,Emiliano Grillo,87.80,36,41
8,Nick Taylor,86.67,39,45
9,Brendan Steele,86.11,31,36
10,Hideki Matsuyama,84.85,28,33
11,Corey Conners,84.21,32,38
12,Joseph Bramlett,83.78,31,37
13,Mark Anderson,82.93,34,41
14,Henrik Norlander,82.05,32,39
15,Charles Howell III,81.82,27,33
15,Patrick Rodgers,81.82,27,33
17,Collin Morikawa,81.25,26,32
18,Daniel Berger,80.49,33,41
19,Keegan Bradley,80.00,32,40
19,Bo Hoag,80.00,28,35
19,Tom Hoge,80.00,32,40
19,Carlos Ortiz,80.00,24,30
19,Michael Thompson,80.00,32,40
24,Sam Ryder,79.49,31,39
25,Graeme McDowell,79.41,27,34
26,Sungjae Im,79.07,34,43
27,Zach Johnson,78.95,30,38
28,Matthew NeSmith,78.79,26,33
29,Harry Higgs,78.57,33,42
29,Webb Simpson,78.57,33,42
29,Brandt Snedeker,78.57,33,42
32,Talor Gooch,78.13,25,32
33,Ryan Palmer,77.78,35,45
34,Joaquin Niemann,77.50,31,40
34,Brian Stuard,77.50,31,40
36,Rikuya Hoshino,77.14,27,35
37,Alex Noren,76.32,29,38
38,Ben Martin,76.19,32,42
39,Marc Leishman,75.61,31,41
39,D.J. Trahan,75.61,31,41
41,Nate Lashley,75.00,27,36
42,Abraham Ancer,74.29,26,35
42,Lanto Griffin,74.29,26,35
42,Satoshi Kodaira,74.29,26,35
45,"Ted Potter, Jr.",73.33,22,30
46,Tim Wilkinson,72.50,29,40
47,Peter Malnati,71.43,20,28
48,Kevin Kisner,71.05,27,38
49,Brian Harman,70.73,29,41
49,Rory Sabbatini,70.73,29,41
51,Brendon Todd,70.45,31,44
52,Scott Piercy,69.23,27,39
53,Chase Seiffert,69.05,29,42
54,Mikumu Horikawa,67.50,27,40
54,Pat Perez,67.50,27,40
54,Sepp Straka,67.50,27,40
57,Kramer Hickok,67.44,29,43
58,Andrew Putnam,66.67,24,36
58,Hudson Swafford,66.67,24,36
60,Scott Harrington,65.71,23,35
60,Matt Jones,65.71,23,35
60,Rob Oppenheim,65.71,23,35
63,Vaughn Taylor,62.50,25,40
64,Joel Dahmen,60.98,25,41
65,Zac Blair,58.97,23,39
66,Rhein Gibson,48.48,16,33
