rank,player,%,Greens Hit,Total Holes,Relative to par
1,Kevin Kisner,89.47,17,19,-0.06
2,Michael Gellerman,87.50,14,16,-0.29
3,Ryan Palmer,84.62,11,13,-0.36
4,Pat Perez,84.21,16,19,-0.19
5,Hideki Matsuyama,81.25,13,16,E
6,Joseph Bramlett,77.78,21,27,E
7,Abraham Ancer,76.47,13,17,E
7,Marc Leishman,76.47,13,17,E
9,Nick Taylor,75.00,12,16,-0.08
10,Brian Harman,72.22,13,18,E
10,Kramer Hickok,72.22,13,18,-0.15
10,"Ted Potter, Jr.",72.22,13,18,+0.08
13,Rob Oppenheim,70.59,12,17,-0.08
14,Harry Higgs,68.75,11,16,E
14,Charles Howell III,68.75,11,16,-0.27
16,Mark Anderson,66.67,10,15,-0.10
16,Rikuya Hoshino,66.67,12,18,+0.08
16,Jerry Kelly,66.67,14,21,-0.14
16,Matthew NeSmith,66.67,12,18,-0.08
16,Michael Thompson,66.67,10,15,-0.20
21,Brandt Snedeker,65.00,13,20,-0.31
22,Corey Conners,64.71,11,17,+0.09
23,Emiliano Grillo,64.29,9,14,-0.11
24,Keegan Bradley,63.16,12,19,E
24,Brendan Steele,63.16,12,19,-0.42
26,Joel Dahmen,61.90,13,21,E
26,Chase Seiffert,61.90,13,21,-0.15
28,Joaquin Niemann,61.54,8,13,-0.38
29,Tom Hoge,61.11,11,18,-0.09
29,Henrik Norlander,61.11,11,18,-0.27
29,Cameron Smith,61.11,11,18,-0.18
32,Cam Davis,60.00,9,15,-0.11
32,Bo Hoag,60.00,12,20,-0.08
32,Matt Jones,60.00,9,15,-0.11
35,Brendon Todd,59.09,13,22,-0.15
36,Lanto Griffin,58.82,10,17,-0.20
36,Rory Sabbatini,58.82,10,17,-0.10
38,Russell Knox,57.89,11,19,+0.09
38,Peter Malnati,57.89,11,19,-0.09
38,Jimmy Walker,57.89,11,19,+0.09
41,Daniel Berger,57.14,12,21,+0.08
41,Zach Johnson,57.14,12,21,+0.08
41,Nate Lashley,57.14,8,14,E
41,Tim Wilkinson,57.14,12,21,-0.08
45,Sungjae Im,56.25,9,16,E
45,Sam Ryder,56.25,9,16,E
45,Sepp Straka,56.25,9,16,E
48,Mikumu Horikawa,55.00,11,20,-0.18
48,Ben Martin,55.00,11,20,-0.09
50,Talor Gooch,54.17,13,24,-0.15
50,Andrew Putnam,54.17,13,24,+0.15
52,Rhein Gibson,53.85,7,13,+0.29
52,Scott Harrington,53.85,7,13,E
54,Patrick Rodgers,52.94,9,17,E
54,Brian Stuard,52.94,9,17,E
56,Vaughn Taylor,52.63,10,19,-0.30
57,Zac Blair,50.00,11,22,-0.09
57,Graeme McDowell,50.00,10,20,-0.10
57,Collin Morikawa,50.00,10,20,-0.30
57,Hudson Swafford,50.00,10,20,E
61,Alex Noren,47.62,10,21,-0.10
62,Webb Simpson,47.06,8,17,-0.50
62,D.J. Trahan,47.06,8,17,-0.38
64,Carlos Ortiz,46.15,6,13,-0.17
65,Satoshi Kodaira,43.75,7,16,-0.14
65,Scott Piercy,43.75,7,16,-0.43
