rank,player,%,Greens Hit,Total Holes,Relative to par
1,Mark Anderson,100.00,3,3,E
1,Keegan Bradley,100.00,2,2,-0.50
1,Joseph Bramlett,100.00,2,2,-0.50
1,Corey Conners,100.00,2,2,-0.50
1,Cam Davis,100.00,6,6,-0.17
1,Michael Gellerman,100.00,4,4,E
1,Talor Gooch,100.00,3,3,+0.33
1,Emiliano Grillo,100.00,2,2,E
1,Brian Harman,100.00,2,2,E
1,Scott Harrington,100.00,1,1,E
1,Bo Hoag,100.00,2,2,-0.50
1,Tom Hoge,100.00,1,1,E
1,Rikuya Hoshino,100.00,1,1,-1.00
1,Charles Howell III,100.00,2,2,E
1,Kevin Kisner,100.00,1,1,E
1,Russell Knox,100.00,4,4,E
1,Graeme McDowell,100.00,2,2,-0.50
1,Collin Morikawa,100.00,3,3,E
1,Alex Noren,100.00,3,3,-0.33
1,Henrik Norlander,100.00,5,5,-0.20
1,Rob Oppenheim,100.00,1,1,E
1,"Ted Potter, Jr.",100.00,2,2,+0.50
1,Andrew Putnam,100.00,1,1,E
1,Sam Ryder,100.00,4,4,-0.75
1,Rory Sabbatini,100.00,5,5,-0.20
1,Webb Simpson,100.00,3,3,-0.33
1,Brandt Snedeker,100.00,3,3,E
1,Brian Stuard,100.00,1,1,-1.00
1,Hudson Swafford,100.00,4,4,E
1,Vaughn Taylor,100.00,2,2,E
1,Michael Thompson,100.00,2,2,-0.50
1,D.J. Trahan,100.00,3,3,E
1,Tim Wilkinson,100.00,2,2,E
34,Marc Leishman,83.33,5,6,E
35,Scott Piercy,80.00,4,5,-0.25
35,Patrick Rodgers,80.00,4,5,-0.50
35,Sepp Straka,80.00,4,5,-0.25
38,Harry Higgs,75.00,3,4,E
38,Matt Jones,75.00,3,4,-0.33
38,Nate Lashley,75.00,3,4,-0.33
38,Cameron Smith,75.00,3,4,-0.33
38,Nick Taylor,75.00,3,4,-0.33
43,Joaquin Niemann,71.43,5,7,E
44,Daniel Berger,66.67,2,3,E
44,Zac Blair,66.67,2,3,E
44,Zach Johnson,66.67,2,3,-0.50
44,Peter Malnati,66.67,2,3,E
44,Brendon Todd,66.67,2,3,-0.50
49,Lanto Griffin,50.00,1,2,-1.00
49,Sungjae Im,50.00,1,2,E
49,Satoshi Kodaira,50.00,1,2,-1.00
49,Ben Martin,50.00,1,2,E
49,Carlos Ortiz,50.00,2,4,-0.50
49,Ryan Palmer,50.00,2,4,-0.50
49,Pat Perez,50.00,1,2,-1.00
56,Rhein Gibson,33.33,1,3,-1.00
56,Matthew NeSmith,33.33,1,3,E
56,Chase Seiffert,33.33,1,3,E
56,Jimmy Walker,33.33,1,3,E
60,Abraham Ancer,25.00,1,4,E
61,Joel Dahmen,.00,0,1,E
61,Mikumu Horikawa,.00,0,1,E
61,Brendan Steele,.00,0,1,E
