rank,player,%,Greens Hit,Total Holes,Relative to par
1,Russell Knox,91.30,21,23,-0.14
2,Mark Anderson,86.96,20,23,-0.15
3,Nick Taylor,84.62,22,26,-0.18
4,Daniel Berger,84.21,16,19,E
5,D.J. Trahan,82.61,19,23,-0.26
6,Brian Stuard,82.14,23,28,-0.04
7,Charles Howell III,81.25,13,16,+0.08
8,Jerry Kelly,80.95,17,21,-0.18
8,Carlos Ortiz,80.95,17,21,E
8,Brendon Todd,80.95,17,21,-0.12
11,Graeme McDowell,78.26,18,23,-0.28
12,Ben Martin,77.78,21,27,-0.14
13,Matt Jones,77.27,17,22,-0.12
13,Patrick Rodgers,77.27,17,22,-0.18
15,Chase Seiffert,76.47,13,17,-0.31
16,"Ted Potter, Jr.",76.19,16,21,-0.06
17,Hideki Matsuyama,75.00,12,16,-0.08
17,Sam Ryder,75.00,18,24,-0.17
19,Webb Simpson,73.91,17,23,-0.18
20,Lanto Griffin,73.68,14,19,+0.07
20,Satoshi Kodaira,73.68,14,19,-0.21
22,Keegan Bradley,72.73,16,22,-0.19
23,Corey Conners,72.22,13,18,-0.23
24,Scott Piercy,71.43,15,21,-0.07
25,Peter Malnati,70.00,14,20,E
25,Vaughn Taylor,70.00,14,20,-0.21
27,Rikuya Hoshino,69.57,16,23,-0.13
27,Collin Morikawa,69.57,16,23,E
27,Michael Thompson,69.57,16,23,-0.13
30,Talor Gooch,68.42,13,19,-0.08
30,Nate Lashley,68.42,13,19,E
30,Jimmy Walker,68.42,13,19,-0.15
33,Joseph Bramlett,68.00,17,25,-0.18
34,Bo Hoag,66.67,14,21,-0.14
34,Sungjae Im,66.67,16,24,-0.38
34,Cameron Smith,66.67,12,18,-0.25
37,Joaquin Niemann,65.38,17,26,+0.06
38,Matthew NeSmith,65.22,15,23,-0.20
38,Henrik Norlander,65.22,15,23,-0.13
38,Sepp Straka,65.22,15,23,-0.07
41,Michael Gellerman,65.00,13,20,+0.15
41,Harry Higgs,65.00,13,20,E
43,Zach Johnson,64.71,11,17,-0.27
43,Alex Noren,64.71,11,17,E
45,Tom Hoge,63.16,12,19,-0.08
46,Kramer Hickok,62.96,17,27,-0.24
47,Emiliano Grillo,62.50,15,24,-0.13
48,Rob Oppenheim,61.90,13,21,-0.08
48,Pat Perez,61.90,13,21,-0.15
50,Brandt Snedeker,61.11,11,18,-0.18
51,Rhein Gibson,60.00,15,25,-0.27
51,Scott Harrington,60.00,15,25,-0.07
51,Ryan Palmer,60.00,12,20,-0.08
54,Andrew Putnam,58.33,14,24,-0.14
55,Kevin Kisner,57.14,12,21,-0.25
56,Rory Sabbatini,56.52,13,23,-0.31
57,Brendan Steele,55.56,10,18,-0.40
58,Brian Harman,55.00,11,20,-0.27
59,Mikumu Horikawa,54.17,13,24,-0.08
60,Cam Davis,53.33,8,15,-0.13
61,Tim Wilkinson,52.63,10,19,-0.10
62,Joel Dahmen,52.38,11,21,-0.09
63,Marc Leishman,52.17,12,23,-0.08
64,Zac Blair,50.00,11,22,-0.18
64,Hudson Swafford,50.00,13,26,-0.31
66,Abraham Ancer,40.91,9,22,-0.11
