rank,player,%,Greens Hit,Total Holes,Relative to par
1,Keegan Bradley,100.00,11,11,-0.64
1,Joseph Bramlett,100.00,8,8,-0.50
1,Corey Conners,100.00,10,10,-0.80
1,Talor Gooch,100.00,10,10,-0.10
1,Emiliano Grillo,100.00,11,11,-0.73
1,Brian Harman,100.00,10,10,-0.60
1,Scott Harrington,100.00,9,9,-0.44
1,Bo Hoag,100.00,9,9,-0.78
1,Tom Hoge,100.00,8,8,-0.50
1,Rikuya Hoshino,100.00,9,9,-0.67
1,Charles Howell III,100.00,10,10,-0.50
1,Jerry Kelly,100.00,8,8,-0.75
1,Kevin Kisner,100.00,9,9,-0.67
1,Russell Knox,100.00,10,10,-0.40
1,Hideki Matsuyama,100.00,9,9,-0.67
1,Graeme McDowell,100.00,10,10,-0.80
1,Collin Morikawa,100.00,12,12,-0.33
1,Alex Noren,100.00,12,12,-0.67
1,Henrik Norlander,100.00,11,11,-0.64
1,Rob Oppenheim,100.00,9,9,-1.00
1,"Ted Potter, Jr.",100.00,11,11,-0.45
1,Andrew Putnam,100.00,9,9,-0.78
1,Sam Ryder,100.00,12,12,-0.67
1,Rory Sabbatini,100.00,12,12,-0.67
1,Webb Simpson,100.00,11,11,-0.55
1,Brandt Snedeker,100.00,12,12,-0.42
1,Vaughn Taylor,100.00,9,9,-0.56
1,Michael Thompson,100.00,9,9,-0.89
1,D.J. Trahan,100.00,11,11,-0.27
30,Cam Davis,93.75,15,16,-0.47
31,Marc Leishman,92.31,12,13,-0.50
31,Patrick Rodgers,92.31,12,13,-0.58
33,Daniel Berger,91.67,11,12,-0.45
33,Michael Gellerman,91.67,11,12,-0.45
33,Harry Higgs,91.67,11,12,-0.64
36,Cameron Smith,90.91,10,11,-0.80
36,Hudson Swafford,90.91,10,11,-0.50
36,Nick Taylor,90.91,10,11,-0.50
36,Tim Wilkinson,90.91,10,11,-0.70
40,Mark Anderson,90.00,9,10,-0.67
40,Joel Dahmen,90.00,9,10,-0.78
40,Zach Johnson,90.00,9,10,-0.56
40,Brendan Steele,90.00,9,10,-0.89
40,Sepp Straka,90.00,9,10,-0.67
45,Zac Blair,88.89,8,9,-0.50
45,Kramer Hickok,88.89,8,9,-0.63
45,Sungjae Im,88.89,8,9,-0.63
45,Satoshi Kodaira,88.89,8,9,-0.63
45,Ben Martin,88.89,8,9,-0.63
50,Joaquin Niemann,86.67,13,15,-0.31
51,Brian Stuard,85.71,6,7,-0.67
52,Scott Piercy,84.62,11,13,-0.55
53,Carlos Ortiz,83.33,10,12,-0.60
53,Pat Perez,83.33,10,12,-0.50
55,Nate Lashley,81.82,9,11,-0.67
55,Matthew NeSmith,81.82,9,11,-0.67
55,Ryan Palmer,81.82,9,11,-0.67
58,Matt Jones,75.00,9,12,-0.78
59,Abraham Ancer,72.73,8,11,-0.75
59,Rhein Gibson,72.73,8,11,-0.88
59,Lanto Griffin,72.73,8,11,-1.25
59,Brendon Todd,72.73,8,11,-0.63
59,Jimmy Walker,72.73,8,11,-0.63
64,Mikumu Horikawa,71.43,5,7,-1.20
65,Chase Seiffert,70.00,7,10,-1.00
66,Peter Malnati,62.50,5,8,-0.80
