rank,player,%,Greens Hit,Total Holes,Relative to par
1,Keegan Bradley,100.00,13,13,-0.54
1,Joseph Bramlett,100.00,10,10,-0.50
1,Corey Conners,100.00,14,14,-0.57
1,Emiliano Grillo,100.00,13,13,-0.69
1,Bo Hoag,100.00,12,12,-0.58
1,Kevin Kisner,100.00,15,15,-0.47
1,Graeme McDowell,100.00,12,12,-0.67
1,Alex Noren,100.00,17,17,-0.53
1,Henrik Norlander,100.00,12,12,-0.67
1,Andrew Putnam,100.00,11,11,-0.64
1,Sam Ryder,100.00,15,15,-0.60
1,Webb Simpson,100.00,13,13,-0.54
1,D.J. Trahan,100.00,13,13,-0.23
14,Cameron Smith,94.74,18,19,-0.67
15,Marc Leishman,94.44,17,18,-0.47
16,Collin Morikawa,93.33,14,15,-0.36
16,Brandt Snedeker,93.33,14,15,-0.36
18,Mark Anderson,92.86,13,14,-0.54
18,Daniel Berger,92.86,13,14,-0.38
18,Russell Knox,92.86,13,14,-0.38
18,Rory Sabbatini,92.86,13,14,-0.62
18,Hudson Swafford,92.86,13,14,-0.38
18,Nick Taylor,92.86,13,14,-0.46
24,Michael Gellerman,92.31,12,13,-0.50
25,Talor Gooch,91.67,11,12,-0.09
25,Ben Martin,91.67,11,12,-0.45
25,Tim Wilkinson,91.67,11,12,-0.73
28,Jerry Kelly,90.91,10,11,-0.70
28,Vaughn Taylor,90.91,10,11,-0.50
30,Hideki Matsuyama,89.47,17,19,-0.47
31,Brian Harman,88.24,15,17,-0.60
31,Joaquin Niemann,88.24,15,17,-0.20
31,Brendan Steele,88.24,15,17,-0.67
34,Cam Davis,85.71,18,21,-0.44
34,Tom Hoge,85.71,12,14,-0.50
34,Rikuya Hoshino,85.71,12,14,-0.50
34,Sungjae Im,85.71,12,14,-0.50
34,Zach Johnson,85.71,12,14,-0.58
39,Rob Oppenheim,84.62,11,13,-0.82
40,Charles Howell III,84.21,16,19,-0.31
41,Zac Blair,83.33,10,12,-0.30
41,Harry Higgs,83.33,15,18,-0.53
41,Carlos Ortiz,83.33,15,18,-0.60
44,Pat Perez,82.35,14,17,-0.43
44,Patrick Rodgers,82.35,14,17,-0.50
44,Michael Thompson,82.35,14,17,-0.57
47,Abraham Ancer,81.25,13,16,-0.62
47,Joel Dahmen,81.25,13,16,-0.62
47,Ryan Palmer,81.25,13,16,-0.62
47,"Ted Potter, Jr.",81.25,13,16,-0.54
51,Scott Harrington,80.00,16,20,-0.38
51,Matthew NeSmith,80.00,12,15,-0.50
51,Scott Piercy,80.00,12,15,-0.58
54,Sepp Straka,78.57,11,14,-0.55
55,Satoshi Kodaira,76.92,10,13,-0.70
56,Nate Lashley,76.47,13,17,-0.46
57,Brian Stuard,75.00,9,12,-0.56
58,Jimmy Walker,73.33,11,15,-0.73
59,Mikumu Horikawa,72.73,8,11,-0.88
60,Lanto Griffin,71.43,10,14,-1.10
60,Kramer Hickok,71.43,10,14,-0.40
62,Brendon Todd,69.23,9,13,-0.56
63,Chase Seiffert,64.29,9,14,-0.89
64,Matt Jones,63.16,12,19,-0.58
65,Rhein Gibson,56.25,9,16,-0.67
66,Peter Malnati,54.55,6,11,-0.67
