rank,player,%,Greens Hit,Total Holes,Relative to par
1,Emiliano Grillo,92.86,13,14,-0.15
2,Rory Sabbatini,91.67,11,12,E
3,Abraham Ancer,90.91,10,11,-0.30
4,Russell Knox,90.00,9,10,-0.11
5,Rob Oppenheim,88.89,8,9,-0.38
6,Andrew Putnam,87.50,7,8,-0.29
7,Sungjae Im,86.67,13,15,-0.23
7,Jimmy Walker,86.67,13,15,-0.08
9,Harry Higgs,85.71,12,14,-0.17
9,Vaughn Taylor,85.71,12,14,-0.42
11,Daniel Berger,84.62,11,13,-0.36
11,Brandt Snedeker,84.62,11,13,-0.18
13,Mikumu Horikawa,83.33,5,6,-0.20
13,Henrik Norlander,83.33,10,12,-0.30
15,Zac Blair,81.82,9,11,-0.44
15,Marc Leishman,81.82,9,11,-0.67
17,Cam Davis,81.25,13,16,-0.15
17,Charles Howell III,81.25,13,16,-0.31
19,Jerry Kelly,80.00,4,5,-0.25
20,Alex Noren,78.57,11,14,-0.09
21,Nate Lashley,76.92,10,13,-0.30
21,Brendan Steele,76.92,10,13,-0.20
23,Bo Hoag,75.00,12,16,-0.17
23,Zach Johnson,75.00,9,12,-0.11
25,Ryan Palmer,73.68,14,19,-0.14
26,Corey Conners,73.33,11,15,-0.55
26,Michael Gellerman,73.33,11,15,-0.27
26,D.J. Trahan,73.33,11,15,-0.09
26,Tim Wilkinson,73.33,11,15,E
30,Tom Hoge,72.73,8,11,-0.75
30,Joaquin Niemann,72.73,8,11,+0.13
30,Patrick Rodgers,72.73,8,11,E
30,Nick Taylor,72.73,8,11,-0.13
30,Michael Thompson,72.73,8,11,-0.13
35,Collin Morikawa,70.00,7,10,-0.29
35,Matthew NeSmith,70.00,7,10,-0.43
37,Keegan Bradley,69.23,9,13,-0.22
37,Webb Simpson,69.23,9,13,-0.56
39,"Ted Potter, Jr.",66.67,8,12,-0.50
39,Cameron Smith,66.67,8,12,-0.25
41,Chase Seiffert,64.71,11,17,-0.36
42,Mark Anderson,64.29,9,14,-0.33
43,Talor Gooch,63.64,7,11,-0.43
44,Lanto Griffin,63.16,12,19,-0.33
45,Joel Dahmen,62.50,5,8,-0.20
45,Peter Malnati,62.50,10,16,-0.30
45,Brendon Todd,62.50,5,8,-0.40
48,Satoshi Kodaira,61.54,8,13,+0.13
49,Hideki Matsuyama,60.00,9,15,-0.11
49,Carlos Ortiz,60.00,9,15,-0.22
49,Sepp Straka,60.00,9,15,-0.11
52,Sam Ryder,58.33,7,12,+0.14
53,Joseph Bramlett,57.14,4,7,E
53,Hudson Swafford,57.14,4,7,E
55,Rhein Gibson,54.55,6,11,-0.33
55,Brian Harman,54.55,6,11,-0.33
57,Matt Jones,53.85,7,13,-0.14
57,Kevin Kisner,53.85,7,13,-0.14
57,Scott Piercy,53.85,7,13,-0.14
60,Rikuya Hoshino,50.00,7,14,-0.14
60,Ben Martin,50.00,4,8,-0.75
62,Scott Harrington,44.44,4,9,-0.50
63,Kramer Hickok,42.86,3,7,+0.33
63,Pat Perez,42.86,3,7,E
63,Brian Stuard,42.86,3,7,-0.67
66,Graeme McDowell,36.36,4,11,-0.50
