rank,player,%,Greens Hit,Total Holes,Relative to par
1,Abraham Ancer,100.00,5,5,-0.40
1,Mark Anderson,100.00,4,4,-0.25
1,Daniel Berger,100.00,2,2,E
1,Keegan Bradley,100.00,2,2,E
1,Joseph Bramlett,100.00,2,2,-0.50
1,Corey Conners,100.00,4,4,E
1,Michael Gellerman,100.00,1,1,-1.00
1,Emiliano Grillo,100.00,2,2,-0.50
1,Bo Hoag,100.00,3,3,E
1,Kevin Kisner,100.00,6,6,-0.17
1,Marc Leishman,100.00,5,5,-0.40
1,Ben Martin,100.00,3,3,E
1,Graeme McDowell,100.00,2,2,E
1,Joaquin Niemann,100.00,2,2,+0.50
1,Alex Noren,100.00,5,5,-0.20
1,Henrik Norlander,100.00,1,1,-1.00
1,Andrew Putnam,100.00,2,2,E
1,Sam Ryder,100.00,3,3,-0.33
1,Webb Simpson,100.00,2,2,-0.50
1,Cameron Smith,100.00,8,8,-0.50
1,Hudson Swafford,100.00,3,3,E
1,Nick Taylor,100.00,3,3,-0.33
1,D.J. Trahan,100.00,2,2,E
1,Tim Wilkinson,100.00,1,1,-1.00
25,Brendan Steele,85.71,6,7,-0.33
26,Carlos Ortiz,83.33,5,6,-0.60
27,Sungjae Im,80.00,4,5,-0.25
27,Hideki Matsuyama,80.00,8,10,-0.25
27,Ryan Palmer,80.00,4,5,-0.50
27,Pat Perez,80.00,4,5,-0.25
31,Mikumu Horikawa,75.00,3,4,-0.33
31,Zach Johnson,75.00,3,4,-0.67
31,Russell Knox,75.00,3,4,-0.33
31,Matthew NeSmith,75.00,3,4,E
31,Jimmy Walker,75.00,3,4,-1.00
36,Brian Harman,71.43,5,7,-0.60
37,Zac Blair,66.67,2,3,+0.50
37,Joel Dahmen,66.67,4,6,-0.25
37,Lanto Griffin,66.67,2,3,-0.50
37,Harry Higgs,66.67,4,6,-0.25
37,Tom Hoge,66.67,4,6,-0.50
37,Charles Howell III,66.67,6,9,E
37,Jerry Kelly,66.67,2,3,-0.50
37,Nate Lashley,66.67,4,6,E
37,Collin Morikawa,66.67,2,3,-0.50
37,Brandt Snedeker,66.67,2,3,E
47,Scott Harrington,63.64,7,11,-0.29
48,Michael Thompson,62.50,5,8,E
49,Cam Davis,60.00,3,5,-0.33
49,Rikuya Hoshino,60.00,3,5,E
49,Brian Stuard,60.00,3,5,-0.33
52,Talor Gooch,50.00,1,2,E
52,Satoshi Kodaira,50.00,2,4,-1.00
52,Rob Oppenheim,50.00,2,4,E
52,Scott Piercy,50.00,1,2,-1.00
52,Patrick Rodgers,50.00,2,4,E
52,Rory Sabbatini,50.00,1,2,E
52,Chase Seiffert,50.00,2,4,-0.50
52,Sepp Straka,50.00,2,4,E
52,Vaughn Taylor,50.00,1,2,E
52,Brendon Todd,50.00,1,2,E
62,Matt Jones,42.86,3,7,E
63,Kramer Hickok,40.00,2,5,+0.50
63,"Ted Potter, Jr.",40.00,2,5,-1.00
65,Peter Malnati,33.33,1,3,E
66,Rhein Gibson,20.00,1,5,+1.00
