rank,player,%,Greens Hit,# Holes,Relative/Par
1,Zac Blair,100.0,4,4,-2.00
1,Keegan Bradley,100.0,3,3,E
1,Joel Dahmen,100.0,2,2,+1.00
1,Emiliano Grillo,100.0,1,1,E
1,Brian Harman,100.0,1,1,E
1,Harry Higgs,100.0,4,4,-1.00
1,Jerry Kelly,100.0,1,1,E
1,Kevin Kisner,100.0,4,4,-1.00
1,Satoshi Kodaira,100.0,1,1,E
1,Nate Lashley,100.0,3,3,-2.00
1,Marc Leishman,100.0,3,3,E
1,Graeme McDowell,100.0,1,1,-1.00
1,Rob Oppenheim,100.0,2,2,-1.00
1,Carlos Ortiz,100.0,1,1,E
1,Pat Perez,100.0,2,2,+1.00
1,Scott Piercy,100.0,2,2,-1.00
1,Andrew Putnam,100.0,4,4,-2.00
1,Rory Sabbatini,100.0,3,3,E
1,Chase Seiffert,100.0,1,1,E
1,Brendan Steele,100.0,2,2,-1.00
1,Hudson Swafford,100.0,1,1,-1.00
1,Vaughn Taylor,100.0,7,7,-3.00
1,Michael Thompson,100.0,3,3,E
1,Brendon Todd,100.0,1,1,E
25,Henrik Norlander,83.3,5,6,-2.00
26,Russell Knox,80.0,4,5,E
27,Daniel Berger,75.0,3,4,-2.00
27,Talor Gooch,75.0,3,4,-1.00
27,Charles Howell III,75.0,3,4,-2.00
27,Sungjae Im,75.0,3,4,E
31,Joseph Bramlett,66.7,2,3,E
31,Kramer Hickok,66.7,2,3,+1.00
31,Collin Morikawa,66.7,4,6,E
31,"Ted Potter, Jr.",66.7,2,3,-1.00
31,Patrick Rodgers,66.7,2,3,E
31,Sepp Straka,66.7,2,3,-1.00
31,Nick Taylor,66.7,2,3,-1.00
38,Bo Hoag,60.0,3,5,-1.00
38,Matt Jones,60.0,3,5,E
40,Peter Malnati,57.1,4,7,-1.00
41,Abraham Ancer,50.0,2,4,-1.00
41,Cam Davis,50.0,2,4,+1.00
41,Rhein Gibson,50.0,1,2,E
41,Lanto Griffin,50.0,1,2,+1.00
41,Scott Harrington,50.0,1,2,E
41,Tom Hoge,50.0,1,2,E
41,Zach Johnson,50.0,1,2,-1.00
41,Hideki Matsuyama,50.0,3,6,-1.00
41,Joaquin Niemann,50.0,1,2,+1.00
41,Ryan Palmer,50.0,1,2,-1.00
41,Brian Stuard,50.0,3,6,-2.00
52,Rikuya Hoshino,40.0,2,5,-1.00
53,Michael Gellerman,33.3,1,3,-1.00
53,Alex Noren,33.3,1,3,-1.00
53,Cameron Smith,33.3,1,3,E
53,Brandt Snedeker,33.3,1,3,E
53,Jimmy Walker,33.3,1,3,-1.00
58,Matthew NeSmith,25.0,1,4,-1.00
59,Mark Anderson,.0,0,1,E
59,Corey Conners,.0,0,1,E
59,Ben Martin,.0,0,2,E
59,Webb Simpson,.0,0,1,E
