rank,player,%,Greens Hit,Total Holes,Relative to par
1,Nick Taylor,80.00,48,60,-0.15
2,Michael Gellerman,75.86,44,58,-0.16
3,Russell Knox,75.41,46,61,-0.11
4,Mark Anderson,73.77,45,61,-0.16
5,Daniel Berger,73.33,44,60,-0.07
6,Hideki Matsuyama,72.58,45,62,-0.09
7,Charles Howell III,72.13,44,61,-0.14
8,Corey Conners,70.49,43,61,-0.19
8,D.J. Trahan,70.49,43,61,-0.19
10,Joseph Bramlett,70.31,45,64,-0.09
10,Jerry Kelly,70.31,45,64,-0.18
12,Ryan Palmer,70.00,42,60,-0.24
13,Sungjae Im,69.84,44,63,-0.23
14,Joaquin Niemann,69.64,39,56,-0.08
15,Emiliano Grillo,68.85,42,61,-0.17
15,Brendan Steele,68.85,42,61,-0.31
15,Jimmy Walker,68.85,42,61,-0.12
18,Harry Higgs,68.33,41,60,-0.07
18,Pat Perez,68.33,41,60,-0.12
18,Sam Ryder,68.33,41,60,-0.07
18,Cameron Smith,68.33,41,60,-0.27
22,Kevin Kisner,68.25,43,63,-0.14
23,Marc Leishman,67.80,40,59,-0.23
23,Carlos Ortiz,67.80,40,59,-0.15
25,Keegan Bradley,67.21,41,61,-0.12
26,Bo Hoag,66.67,42,63,-0.14
26,Webb Simpson,66.67,40,60,-0.33
28,Brian Stuard,66.15,43,65,-0.09
29,Tom Hoge,66.13,41,62,-0.24
29,Michael Thompson,66.13,41,62,-0.12
31,Matthew NeSmith,66.10,39,59,-0.18
31,Brandt Snedeker,66.10,39,59,-0.23
33,Lanto Griffin,65.57,40,61,-0.15
34,Cam Davis,64.81,35,54,-0.17
35,Rikuya Hoshino,64.52,40,62,-0.03
36,"Ted Potter, Jr.",63.93,39,61,-0.15
36,Brendon Todd,63.93,39,61,-0.18
38,Abraham Ancer,63.33,38,60,-0.16
38,Henrik Norlander,63.33,38,60,-0.26
40,Ben Martin,62.90,39,62,-0.18
40,Chase Seiffert,62.90,39,62,-0.28
40,Vaughn Taylor,62.90,39,62,-0.28
43,Alex Noren,62.71,37,59,-0.08
44,Patrick Rodgers,62.07,36,58,-0.08
45,Brian Harman,61.67,37,60,-0.22
45,Matt Jones,61.67,37,60,-0.11
45,Collin Morikawa,61.67,37,60,-0.16
45,Rory Sabbatini,61.67,37,60,-0.14
49,Andrew Putnam,61.29,38,62,-0.05
50,Nate Lashley,61.02,36,59,-0.08
51,Zach Johnson,60.66,37,61,-0.16
51,Sepp Straka,60.66,37,61,-0.05
51,Tim Wilkinson,60.66,37,61,-0.08
54,Mikumu Horikawa,60.32,38,63,-0.16
55,Peter Malnati,59.38,38,64,-0.13
56,Talor Gooch,59.02,36,61,-0.19
56,Graeme McDowell,59.02,36,61,-0.25
58,Rob Oppenheim,58.73,37,63,-0.14
59,Joel Dahmen,57.38,35,61,-0.14
60,Kramer Hickok,57.14,36,63,-0.11
61,Hudson Swafford,55.93,33,59,-0.15
62,Zac Blair,55.56,35,63,-0.17
63,Scott Harrington,53.97,34,63,-0.15
64,Satoshi Kodaira,53.33,32,60,-0.16
65,Scott Piercy,51.72,30,58,-0.20
66,Rhein Gibson,50.00,29,58,-0.10
