rank,player,%,Greens Hit,Total Holes,Relative to par
1,Rikuya Hoshino,100.00,2,2,+0.50
1,Joaquin Niemann,100.00,4,4,-0.75
1,Brendan Steele,100.00,4,4,E
1,Hudson Swafford,100.00,3,3,-0.33
5,Michael Gellerman,83.33,5,6,-0.20
6,Sam Ryder,80.00,4,5,E
6,Webb Simpson,80.00,4,5,E
8,Tom Hoge,75.00,6,8,E
8,Carlos Ortiz,75.00,3,4,E
8,Nick Taylor,75.00,3,4,E
8,D.J. Trahan,75.00,3,4,+0.33
12,Cam Davis,66.67,2,3,-0.50
12,Lanto Griffin,66.67,2,3,E
12,Mikumu Horikawa,66.67,6,9,-0.17
12,Sungjae Im,66.67,2,3,E
12,Sepp Straka,66.67,2,3,E
17,Pat Perez,62.50,5,8,+0.20
17,Brian Stuard,62.50,5,8,E
19,Daniel Berger,60.00,3,5,E
19,Hideki Matsuyama,60.00,3,5,E
19,Tim Wilkinson,60.00,3,5,E
22,Corey Conners,57.14,4,7,E
22,Jerry Kelly,57.14,8,14,-0.13
24,Brian Harman,50.00,2,4,E
24,Collin Morikawa,50.00,2,4,E
24,Matthew NeSmith,50.00,2,4,E
24,Andrew Putnam,50.00,2,4,E
24,Cameron Smith,50.00,2,4,E
24,Jimmy Walker,50.00,2,4,E
30,Emiliano Grillo,42.86,3,7,-0.33
31,Mark Anderson,40.00,2,5,+0.50
31,Zac Blair,40.00,2,5,E
31,Keegan Bradley,40.00,2,5,E
31,Joel Dahmen,40.00,2,5,-1.00
31,Talor Gooch,40.00,2,5,-0.50
31,Russell Knox,40.00,2,5,-0.50
31,Graeme McDowell,40.00,2,5,-0.50
31,Brandt Snedeker,40.00,2,5,-0.50
31,Michael Thompson,40.00,2,5,E
40,Brendon Todd,37.50,3,8,-0.33
41,Joseph Bramlett,33.33,1,3,E
41,Bo Hoag,33.33,1,3,-1.00
41,Matt Jones,33.33,1,3,E
41,Marc Leishman,33.33,1,3,E
41,Peter Malnati,33.33,2,6,-0.50
41,Ryan Palmer,33.33,1,3,-1.00
41,Rory Sabbatini,33.33,2,6,E
48,Zach Johnson,28.57,2,7,-0.50
48,Vaughn Taylor,28.57,2,7,E
50,Harry Higgs,25.00,1,4,E
50,Charles Howell III,25.00,1,4,E
50,Kevin Kisner,25.00,1,4,E
53,Abraham Ancer,20.00,1,5,E
53,Scott Harrington,20.00,1,5,E
55,Kramer Hickok,16.67,1,6,E
55,Henrik Norlander,16.67,1,6,-1.00
55,Rob Oppenheim,16.67,2,12,E
58,Nate Lashley,14.29,1,7,E
59,Satoshi Kodaira,12.50,1,8,E
60,Rhein Gibson,.00,0,4,E
60,Ben Martin,.00,0,4,E
60,Alex Noren,.00,0,2,E
60,Scott Piercy,.00,0,6,E
60,"Ted Potter, Jr.",.00,0,5,E
60,Patrick Rodgers,.00,0,4,E
60,Chase Seiffert,.00,0,3,E
