rank,player,%,Total Hit,Total Attempts,RTP Score
1,Emiliano Grillo,87.50,63,72,-19.00
2,Keegan Bradley,84.72,61,72,-15.00
3,Kevin Kisner,83.33,60,72,-17.00
3,Nick Taylor,83.33,60,72,-14.00
5,Corey Conners,81.94,59,72,-21.00
5,Russell Knox,81.94,59,72,-11.00
5,Hideki Matsuyama,81.94,59,72,-14.00
5,Joaquin Niemann,81.94,59,72,-11.00
9,Cam Davis,80.56,58,72,-18.00
9,Michael Gellerman,80.56,58,72,-15.00
9,Harry Higgs,80.56,58,72,-13.00
9,Bo Hoag,80.56,58,72,-15.00
9,Carlos Ortiz,80.56,58,72,-16.00
9,D.J. Trahan,80.56,58,72,-13.00
15,Daniel Berger,79.17,57,72,-10.00
15,Joseph Bramlett,79.17,57,72,-9.00
15,Lanto Griffin,79.17,57,72,-15.00
15,Sungjae Im,79.17,57,72,-17.00
15,Marc Leishman,79.17,57,72,-20.00
15,"Ted Potter, Jr.",79.17,57,72,-14.00
15,Sam Ryder,79.17,57,72,-14.00
15,Cameron Smith,79.17,57,72,-23.00
15,Brendan Steele,79.17,57,72,-24.00
15,Michael Thompson,79.17,57,72,-16.00
25,Mark Anderson,77.78,56,72,-15.00
25,Kramer Hickok,77.78,56,72,-14.00
25,Charles Howell III,77.78,56,72,-12.00
25,Henrik Norlander,77.78,56,72,-20.00
25,Ryan Palmer,77.78,56,72,-17.00
25,Pat Perez,77.78,56,72,-12.00
25,Sepp Straka,77.78,56,72,-13.00
32,Alex Noren,76.39,55,72,-16.00
32,Rob Oppenheim,76.39,55,72,-19.00
32,Brandt Snedeker,76.39,55,72,-18.00
32,Tim Wilkinson,76.39,55,72,-15.00
36,Collin Morikawa,75.00,54,72,-15.00
36,Webb Simpson,75.00,54,72,-22.00
36,Jimmy Walker,75.00,54,72,-13.00
39,Abraham Ancer,73.61,53,72,-16.00
39,Tom Hoge,73.61,53,72,-16.00
39,Jerry Kelly,73.61,53,72,-14.00
39,Nate Lashley,73.61,53,72,-10.00
39,Graeme McDowell,73.61,53,72,-22.00
39,Matthew NeSmith,73.61,53,72,-15.00
39,Patrick Rodgers,73.61,53,72,-13.00
39,Brian Stuard,73.61,53,72,-11.00
39,Vaughn Taylor,73.61,53,72,-16.00
48,Rikuya Hoshino,72.22,52,72,-9.00
48,Zach Johnson,72.22,52,72,-15.00
48,Andrew Putnam,72.22,52,72,-12.00
48,Rory Sabbatini,72.22,52,72,-15.00
48,Brendon Todd,72.22,52,72,-13.00
53,Joel Dahmen,70.83,51,72,-15.00
53,Chase Seiffert,70.83,51,72,-21.00
55,Talor Gooch,69.44,50,72,-10.00
55,Brian Harman,69.44,50,72,-17.00
55,Matt Jones,69.44,50,72,-12.00
55,Ben Martin,69.44,50,72,-15.00
59,Scott Piercy,68.06,49,72,-18.00
59,Hudson Swafford,68.06,49,72,-15.00
61,Zac Blair,66.67,48,72,-13.00
61,Rhein Gibson,66.67,48,72,-15.00
61,Peter Malnati,66.67,48,72,-11.00
64,Mikumu Horikawa,63.89,46,72,-14.00
65,Scott Harrington,62.50,45,72,-10.00
66,Satoshi Kodaira,61.11,44,72,-12.00
