rank,player,%,Greens Hit,Total Holes,Relative to par
1,Abraham Ancer,100.00,7,7,-0.86
1,Daniel Berger,100.00,9,9,-0.56
1,Zac Blair,100.00,6,6,-0.67
1,Keegan Bradley,100.00,9,9,-0.67
1,Joseph Bramlett,100.00,6,6,-0.50
1,Corey Conners,100.00,8,8,-0.88
1,Joel Dahmen,100.00,9,9,-0.78
1,Talor Gooch,100.00,7,7,-0.29
1,Emiliano Grillo,100.00,9,9,-0.89
1,Brian Harman,100.00,8,8,-0.75
1,Scott Harrington,100.00,8,8,-0.50
1,Harry Higgs,100.00,8,8,-0.88
1,Bo Hoag,100.00,7,7,-0.86
1,Tom Hoge,100.00,7,7,-0.57
1,Rikuya Hoshino,100.00,8,8,-0.63
1,Charles Howell III,100.00,8,8,-0.63
1,Sungjae Im,100.00,7,7,-0.71
1,Zach Johnson,100.00,7,7,-0.57
1,Jerry Kelly,100.00,8,8,-0.75
1,Kevin Kisner,100.00,8,8,-0.75
1,Russell Knox,100.00,6,6,-0.67
1,Satoshi Kodaira,100.00,7,7,-0.57
1,Marc Leishman,100.00,7,7,-0.86
1,Ben Martin,100.00,7,7,-0.71
1,Hideki Matsuyama,100.00,9,9,-0.67
1,Graeme McDowell,100.00,8,8,-0.88
1,Collin Morikawa,100.00,9,9,-0.44
1,Matthew NeSmith,100.00,8,8,-0.75
1,Joaquin Niemann,100.00,8,8,-0.50
1,Alex Noren,100.00,9,9,-0.78
1,Henrik Norlander,100.00,6,6,-1.00
1,Rob Oppenheim,100.00,8,8,-1.13
1,Carlos Ortiz,100.00,8,8,-0.63
1,Ryan Palmer,100.00,7,7,-0.71
1,"Ted Potter, Jr.",100.00,9,9,-0.67
1,Andrew Putnam,100.00,8,8,-0.88
1,Patrick Rodgers,100.00,8,8,-0.63
1,Sam Ryder,100.00,8,8,-0.63
1,Rory Sabbatini,100.00,7,7,-1.00
1,Webb Simpson,100.00,8,8,-0.63
1,Cameron Smith,100.00,7,7,-1.00
1,Brandt Snedeker,100.00,9,9,-0.56
1,Brendan Steele,100.00,9,9,-0.89
1,Sepp Straka,100.00,5,5,-1.00
1,Nick Taylor,100.00,7,7,-0.57
1,Vaughn Taylor,100.00,7,7,-0.71
1,Michael Thompson,100.00,7,7,-1.00
1,D.J. Trahan,100.00,8,8,-0.38
49,Cam Davis,90.00,9,10,-0.67
49,Pat Perez,90.00,9,10,-0.44
51,Kramer Hickok,88.89,8,9,-0.63
51,Tim Wilkinson,88.89,8,9,-0.88
53,Michael Gellerman,87.50,7,8,-0.71
53,Rhein Gibson,87.50,7,8,-0.86
53,Scott Piercy,87.50,7,8,-0.71
53,Jimmy Walker,87.50,7,8,-0.71
57,Mark Anderson,85.71,6,7,-1.00
57,Nate Lashley,85.71,6,7,-0.83
57,Chase Seiffert,85.71,6,7,-1.17
57,Hudson Swafford,85.71,6,7,-0.83
61,Mikumu Horikawa,83.33,5,6,-1.20
61,Brian Stuard,83.33,5,6,-0.60
63,Lanto Griffin,77.78,7,9,-1.29
64,Matt Jones,75.00,6,8,-1.00
64,Brendon Todd,75.00,6,8,-0.67
66,Peter Malnati,60.00,3,5,-1.33
