rank,player,Avg,Total Strokes,Total Rounds
1,Max Homa,32.00,32,1
1,Collin Morikawa,32.00,32,1
1,Scott Stallings,32.00,32,1
1,Justin Thomas,32.00,32,1
5,Sam Burns,33.00,33,1
5,Patrick Cantlay,33.00,33,1
5,Billy Horschel,33.00,33,1
5,Mackenzie Hughes,33.00,33,1
5,Sungjae Im,33.00,33,1
5,K.H. Lee,33.00,33,1
5,J.J. Spaun,33.00,33,1
5,Sepp Straka,33.00,33,1
13,Corey Conners,34.00,34,1
13,Tony Finau,34.00,34,1
13,Matt Fitzpatrick,34.00,34,1
13,Brian Harman,34.00,34,1
13,Tom Hoge,34.00,34,1
13,Tom Kim,34.00,34,1
13,Luke List,34.00,34,1
13,Trey Mullinax,34.00,34,1
13,J.T. Poston,34.00,34,1
13,Seamus Power,34.00,34,1
13,Scottie Scheffler,34.00,34,1
13,Cameron Young,34.00,34,1
13,Will Zalatoris,34.00,34,1
26,Ryan Brehm,35.00,35,1
26,Jon Rahm,35.00,35,1
26,Aaron Wise,35.00,35,1
29,Keegan Bradley,36.00,36,1
29,Russell Henley,36.00,36,1
29,Viktor Hovland,36.00,36,1
29,Hideki Matsuyama,36.00,36,1
29,Chad Ramey,36.00,36,1
29,Chez Reavie,36.00,36,1
29,Adam Scott,36.00,36,1
29,Jordan Spieth,36.00,36,1
37,Sahith Theegala,37.00,37,1
38,Adam Svensson,38.00,38,1
