rank,player,Avg,Total Strokes,Total Rounds
1,Luke List,32.00,32,1
1,Collin Morikawa,32.00,32,1
3,Tony Finau,33.00,33,1
3,Brian Harman,33.00,33,1
3,Billy Horschel,33.00,33,1
3,Seamus Power,33.00,33,1
3,Scottie Scheffler,33.00,33,1
3,Jordan Spieth,33.00,33,1
3,Adam Svensson,33.00,33,1
3,Justin Thomas,33.00,33,1
11,Keegan Bradley,34.00,34,1
11,Ryan Brehm,34.00,34,1
11,Russell Henley,34.00,34,1
11,Tom Kim,34.00,34,1
11,J.T. Poston,34.00,34,1
11,Chez Reavie,34.00,34,1
11,J.J. Spaun,34.00,34,1
11,Sepp Straka,34.00,34,1
19,Sam Burns,35.00,35,1
19,Patrick Cantlay,35.00,35,1
19,Corey Conners,35.00,35,1
19,Tom Hoge,35.00,35,1
19,Max Homa,35.00,35,1
19,Mackenzie Hughes,35.00,35,1
19,K.H. Lee,35.00,35,1
19,Trey Mullinax,35.00,35,1
19,Adam Scott,35.00,35,1
19,Sahith Theegala,35.00,35,1
19,Will Zalatoris,35.00,35,1
30,Hideki Matsuyama,36.00,36,1
30,Jon Rahm,36.00,36,1
30,Scott Stallings,36.00,36,1
30,Cameron Young,36.00,36,1
34,Matt Fitzpatrick,37.00,37,1
34,Sungjae Im,37.00,37,1
34,Aaron Wise,37.00,37,1
37,Viktor Hovland,39.00,39,1
37,Chad Ramey,39.00,39,1
