rank,player,Avg,Total Strokes,Total Holes
1,Luke List,32.75,131,4
1,Collin Morikawa,32.75,131,4
3,J.J. Spaun,33.00,132,4
4,Sam Burns,33.25,133,4
4,Tom Hoge,33.25,133,4
4,Seamus Power,33.25,133,4
7,Corey Conners,33.50,134,4
7,Mackenzie Hughes,33.50,134,4
7,Jon Rahm,33.50,134,4
7,Scottie Scheffler,33.50,134,4
7,Justin Thomas,33.50,134,4
7,Cameron Young,33.50,134,4
13,Tony Finau,33.75,135,4
13,Max Homa,33.75,135,4
13,K.H. Lee,33.75,135,4
13,Jordan Spieth,33.75,135,4
13,Sepp Straka,33.75,135,4
18,Sungjae Im,34.00,136,4
19,Ryan Brehm,34.25,137,4
19,Brian Harman,34.25,137,4
19,Billy Horschel,34.25,137,4
19,Tom Kim,34.25,137,4
19,Trey Mullinax,34.25,137,4
19,Scott Stallings,34.25,137,4
25,Keegan Bradley,34.50,138,4
25,Patrick Cantlay,34.50,138,4
25,Matt Fitzpatrick,34.50,138,4
25,Chez Reavie,34.50,138,4
25,Will Zalatoris,34.50,138,4
30,J.T. Poston,34.75,139,4
31,Russell Henley,35.00,140,4
32,Viktor Hovland,35.25,141,4
32,Adam Svensson,35.25,141,4
32,Sahith Theegala,35.25,141,4
35,Hideki Matsuyama,35.50,142,4
35,Adam Scott,35.50,142,4
37,Aaron Wise,36.00,144,4
38,Chad Ramey,37.00,148,4
