rank,player,Avg,Total Strokes,Total Rounds
1,Jon Rahm,31.00,31,1
1,J.J. Spaun,31.00,31,1
3,Ryan Brehm,32.00,32,1
3,Mackenzie Hughes,32.00,32,1
3,Jordan Spieth,32.00,32,1
3,Sahith Theegala,32.00,32,1
7,Sam Burns,33.00,33,1
7,Tom Hoge,33.00,33,1
7,Sungjae Im,33.00,33,1
7,Tom Kim,33.00,33,1
7,K.H. Lee,33.00,33,1
7,Trey Mullinax,33.00,33,1
7,Seamus Power,33.00,33,1
7,Scottie Scheffler,33.00,33,1
15,Corey Conners,34.00,34,1
15,Tony Finau,34.00,34,1
15,Matt Fitzpatrick,34.00,34,1
15,Russell Henley,34.00,34,1
15,Max Homa,34.00,34,1
15,Viktor Hovland,34.00,34,1
15,Luke List,34.00,34,1
15,Collin Morikawa,34.00,34,1
15,Sepp Straka,34.00,34,1
15,Aaron Wise,34.00,34,1
15,Cameron Young,34.00,34,1
26,Keegan Bradley,35.00,35,1
26,Patrick Cantlay,35.00,35,1
26,Brian Harman,35.00,35,1
26,Hideki Matsuyama,35.00,35,1
26,Scott Stallings,35.00,35,1
26,Adam Svensson,35.00,35,1
26,Justin Thomas,35.00,35,1
33,J.T. Poston,36.00,36,1
33,Chez Reavie,36.00,36,1
33,Adam Scott,36.00,36,1
33,Will Zalatoris,36.00,36,1
37,Chad Ramey,37.00,37,1
38,Billy Horschel,38.00,38,1
