rank,player,Avg,Total Strokes,Total Rounds
1,Cameron Young,30.00,30,1
2,Corey Conners,31.00,31,1
2,Tom Hoge,31.00,31,1
2,Luke List,31.00,31,1
5,Sam Burns,32.00,32,1
5,Viktor Hovland,32.00,32,1
5,Jon Rahm,32.00,32,1
5,Chez Reavie,32.00,32,1
9,Keegan Bradley,33.00,33,1
9,Matt Fitzpatrick,33.00,33,1
9,Billy Horschel,33.00,33,1
9,Sungjae Im,33.00,33,1
9,Collin Morikawa,33.00,33,1
9,Seamus Power,33.00,33,1
9,Will Zalatoris,33.00,33,1
16,Tony Finau,34.00,34,1
16,Max Homa,34.00,34,1
16,Mackenzie Hughes,34.00,34,1
16,K.H. Lee,34.00,34,1
16,Scottie Scheffler,34.00,34,1
16,J.J. Spaun,34.00,34,1
16,Jordan Spieth,34.00,34,1
16,Scott Stallings,34.00,34,1
16,Sepp Straka,34.00,34,1
16,Justin Thomas,34.00,34,1
26,Patrick Cantlay,35.00,35,1
26,Brian Harman,35.00,35,1
26,Hideki Matsuyama,35.00,35,1
26,Trey Mullinax,35.00,35,1
26,J.T. Poston,35.00,35,1
26,Adam Scott,35.00,35,1
26,Adam Svensson,35.00,35,1
33,Ryan Brehm,36.00,36,1
33,Russell Henley,36.00,36,1
33,Tom Kim,36.00,36,1
33,Chad Ramey,36.00,36,1
37,Sahith Theegala,37.00,37,1
38,Aaron Wise,38.00,38,1
