rank,player,Avg,Total Strokes,Total 1st Tee Late Rounds
1,Harrison Frazar,67.00,134,2
2,Steve Stricker,67.25,269,4
3,Martin Laird,68.00,272,4
4,Jonathan Byrd,68.25,273,4
4,Webb Simpson,68.25,273,4
6,Chris Kirk,68.50,137,2
7,Bryce Molder,69.00,207,3
7,Kevin Na,69.00,207,3
9,K.J. Choi,69.33,208,3
10,Ben Crane,69.50,139,2
10,Johnson Wagner,69.50,139,2
12,D.A. Points,69.67,209,3
13,Sean O'Hair,70.00,70,1
14,Rory Sabbatini,70.50,141,2
14,Nick Watney,70.50,141,2
16,Scott Piercy,71.00,71,1
17,Mark Wilson,71.50,143,2
18,Keegan Bradley,72.00,216,3
19,Bill Haas,73.00,73,1
19,Bubba Watson,73.00,146,2
19,Gary Woodland,73.00,73,1
22,Scott Stallings,74.00,74,1
23,Aaron Baddeley,74.50,149,2
24,Michael Bradley,75.00,75,1
25,David Toms,76.00,76,1
