rank,player,Low Rnd
1,Steve Stricker,63
2,Kevin Na,64
3,K.J. Choi,65
4,Harrison Frazar,66
5,Jonathan Byrd,67
5,Chris Kirk,67
5,Martin Laird,67
5,Bryce Molder,67
5,Johnson Wagner,67
10,Ben Crane,68
10,Rory Sabbatini,68
10,Webb Simpson,68
10,Nick Watney,68
14,Keegan Bradley,69
14,D.A. Points,69
16,Sean O'Hair,70
17,Scott Piercy,71
17,Mark Wilson,71
19,Bubba Watson,72
20,Bill Haas,73
20,Gary Woodland,73
22,Aaron Baddeley,74
22,Scott Stallings,74
24,Michael Bradley,75
25,David Toms,76
