rank,player,Value,Total Drv Rank,GIR Rank
1,Bill Haas,2,1,1
2,Martin Laird,5,2,3
2,Scott Piercy,5,2,3
4,Keegan Bradley,9,6,3
5,Jonathan Byrd,13,10,3
6,Michael Bradley,14,4,10
7,Harrison Frazar,17,4,13
7,Chris Kirk,17,7,10
9,Mark Wilson,19,16,3
10,Bubba Watson,23,10,13
11,D.A. Points,24,21,3
12,Nick Watney,25,12,13
13,Steve Stricker,26,13,13
14,Ben Crane,27,8,19
15,Webb Simpson,28,27,1
16,Bryce Molder,29,16,13
16,Scott Stallings,29,19,10
18,Sean O'Hair,33,24,9
19,Aaron Baddeley,34,8,26
20,Rory Sabbatini,35,16,19
21,David Toms,36,13,23
22,Brendan Steele,38,13,25
23,Gary Woodland,41,22,19
24,K.J. Choi,43,25,18
25,Kevin Na,45,22,23
25,Johnson Wagner,45,26,19
27,Jhonattan Vegas,46,19,27
