rank,player,%,Greens Hit,# Holes,Relative/Par
1,Bill Haas,87.50,63,72,-0.19
1,Webb Simpson,87.50,63,72,-0.35
3,Keegan Bradley,86.11,62,72,-0.24
3,Jonathan Byrd,86.11,62,72,-0.37
3,Martin Laird,86.11,62,72,-0.40
3,Scott Piercy,86.11,62,72,-0.26
3,D.A. Points,86.11,62,72,-0.27
3,Mark Wilson,86.11,62,72,-0.21
9,Sean O'Hair,84.72,61,72,-0.25
10,Michael Bradley,83.33,60,72,-0.17
10,Chris Kirk,83.33,60,72,-0.27
10,Scott Stallings,83.33,60,72,-0.23
13,Harrison Frazar,81.94,59,72,-0.36
13,Bryce Molder,81.94,59,72,-0.32
13,Steve Stricker,81.94,59,72,-0.44
13,Nick Watney,81.94,59,72,-0.31
13,Bubba Watson,81.94,59,72,-0.36
18,K.J. Choi,80.56,58,72,-0.34
19,Ben Crane,79.17,57,72,-0.39
19,Rory Sabbatini,79.17,57,72,-0.39
19,Johnson Wagner,79.17,57,72,-0.33
19,Gary Woodland,79.17,57,72,-0.30
23,Kevin Na,76.39,55,72,-0.35
23,David Toms,76.39,55,72,-0.11
25,Brendan Steele,75.00,54,72,-0.19
26,Aaron Baddeley,73.61,53,72,-0.30
27,Jhonattan Vegas,69.44,50,72,-0.18
