rank,player,%,Total Birdies,Total Holes
1,Tom Hoge,54.55,6,11
2,Webb Simpson,46.15,6,13
3,Marc Leishman,45.45,5,11
4,Corey Conners,42.86,6,14
5,Zac Blair,40.00,4,10
6,Ben Martin,37.50,3,8
7,Rhein Gibson,36.36,4,11
8,Vaughn Taylor,35.71,5,14
9,Abraham Ancer,33.33,4,12
9,Matthew NeSmith,33.33,3,9
9,Rob Oppenheim,33.33,3,9
9,"Ted Potter, Jr.",33.33,4,12
9,Andrew Putnam,33.33,3,9
14,Daniel Berger,30.77,4,13
15,Charles Howell III,29.41,5,17
16,Brian Stuard,28.57,2,7
17,Talor Gooch,27.27,3,11
17,Graeme McDowell,27.27,3,11
19,Harry Higgs,26.67,4,15
19,Sungjae Im,26.67,4,15
21,Cam Davis,25.00,4,16
21,Peter Malnati,25.00,4,16
21,Brendon Todd,25.00,2,8
24,Chase Seiffert,23.53,4,17
25,Kevin Kisner,23.08,3,13
25,Henrik Norlander,23.08,3,13
27,Lanto Griffin,22.22,4,18
27,Scott Harrington,22.22,2,9
29,Mark Anderson,21.43,3,14
29,Nate Lashley,21.43,3,14
31,Michael Gellerman,20.00,3,15
31,Jerry Kelly,20.00,1,5
31,Collin Morikawa,20.00,2,10
34,Hideki Matsuyama,18.75,3,16
35,Brian Harman,16.67,2,12
35,Mikumu Horikawa,16.67,1,6
35,Cameron Smith,16.67,2,12
38,Scott Piercy,15.38,2,13
38,Brandt Snedeker,15.38,2,13
38,Brendan Steele,15.38,2,13
38,Nick Taylor,15.38,2,13
42,Ryan Palmer,15.00,3,20
43,Keegan Bradley,14.29,2,14
43,Emiliano Grillo,14.29,2,14
43,Alex Noren,14.29,2,14
46,Bo Hoag,13.33,2,15
46,Carlos Ortiz,13.33,2,15
46,Sepp Straka,13.33,2,15
46,D.J. Trahan,13.33,2,15
46,Jimmy Walker,13.33,2,15
51,Joel Dahmen,12.50,1,8
51,Pat Perez,12.50,1,8
53,Russell Knox,11.11,1,9
54,Joaquin Niemann,9.09,1,11
54,Michael Thompson,9.09,1,11
56,Zach Johnson,8.33,1,12
56,Rory Sabbatini,8.33,1,12
58,Matt Jones,7.69,1,13
59,Rikuya Hoshino,7.14,1,14
60,Joseph Bramlett,.00,0,7
60,Kramer Hickok,.00,0,7
60,Satoshi Kodaira,.00,0,13
60,Patrick Rodgers,.00,0,11
60,Sam Ryder,.00,0,12
60,Hudson Swafford,.00,0,8
60,Tim Wilkinson,.00,0,15
