rank,player,Avg RTP
1,Keegan Bradley,-1.000
1,Ryan Palmer,-1.000
1,Sam Ryder,-1.000
1,Vaughn Taylor,-1.000
5,Brian Harman,-.500
5,Scott Harrington,-.500
5,Sungjae Im,-.500
8,Carlos Ortiz,-.375
9,Jimmy Walker,-.333
10,Marc Leishman,-.250
10,Alex Noren,-.250
10,"Ted Potter, Jr.",-.250
13,Matt Jones,-.200
14,Charles Howell III,-.143
15,Joel Dahmen,E
15,Cam Davis,E
15,Rhein Gibson,E
15,Lanto Griffin,E
15,Kramer Hickok,E
15,Harry Higgs,E
15,Mikumu Horikawa,E
15,Rikuya Hoshino,E
15,Kevin Kisner,E
15,Russell Knox,E
15,Hideki Matsuyama,E
15,Collin Morikawa,E
15,Matthew NeSmith,E
15,Henrik Norlander,E
15,Pat Perez,E
15,Andrew Putnam,E
15,Patrick Rodgers,E
15,Cameron Smith,E
15,Brendan Steele,E
15,Brian Stuard,E
15,Nick Taylor,E
15,Michael Thompson,E
15,D.J. Trahan,E
38,Bo Hoag,+.250
38,Joaquin Niemann,+.250
40,Tom Hoge,+.333
40,Rob Oppenheim,+.333
42,Talor Gooch,+.500
42,Zach Johnson,+.500
42,Nate Lashley,+.500
42,Peter Malnati,+.500
42,Graeme McDowell,+.500
42,Chase Seiffert,+.500
42,Tim Wilkinson,+.500
49,Abraham Ancer,+.667
49,Zac Blair,+.667
51,Satoshi Kodaira,+.750
51,Hudson Swafford,+.750
53,Mark Anderson,+1.000
53,Jerry Kelly,+1.000
53,Scott Piercy,+1.000
53,Rory Sabbatini,+1.000
53,Sepp Straka,+1.000
