rank,player,%,Total Birdies,Total Holes
1,Matt Jones,37.50,6,16
2,Ryan Palmer,33.33,3,9
3,Brendan Steele,31.25,5,16
4,Carlos Ortiz,30.43,7,23
5,Rhein Gibson,30.00,6,20
5,Henrik Norlander,30.00,3,10
5,Nick Taylor,30.00,3,10
8,Lanto Griffin,29.41,5,17
9,Daniel Berger,27.27,3,11
9,Keegan Bradley,27.27,3,11
11,Corey Conners,26.67,4,15
12,Bo Hoag,25.00,4,16
12,Pat Perez,25.00,3,12
14,Mark Anderson,23.08,3,13
15,Chase Seiffert,22.22,2,9
16,Joel Dahmen,20.00,2,10
16,Webb Simpson,20.00,2,10
16,Jimmy Walker,20.00,4,20
19,"Ted Potter, Jr.",19.05,4,21
20,Tim Wilkinson,18.75,3,16
21,Kramer Hickok,18.18,2,11
22,Scott Harrington,16.67,3,18
22,Rob Oppenheim,16.67,3,18
24,Patrick Rodgers,15.79,3,19
25,Mikumu Horikawa,15.38,2,13
25,Sepp Straka,15.38,2,13
25,D.J. Trahan,15.38,2,13
28,Graeme McDowell,15.00,3,20
29,Brian Harman,14.29,2,14
29,Kevin Kisner,14.29,2,14
31,Andrew Putnam,13.33,2,15
32,Abraham Ancer,12.50,2,16
32,Sungjae Im,12.50,1,8
32,Jerry Kelly,12.50,2,16
32,Satoshi Kodaira,12.50,2,16
32,Ben Martin,12.50,1,8
32,Hideki Matsuyama,12.50,2,16
32,Cameron Smith,12.50,2,16
32,Hudson Swafford,12.50,2,16
32,Vaughn Taylor,12.50,1,8
41,Matthew NeSmith,11.76,2,17
42,Charles Howell III,11.11,2,18
43,Brandt Snedeker,10.00,1,10
43,Brendon Todd,10.00,1,10
45,Marc Leishman,9.09,1,11
46,Zac Blair,8.33,1,12
46,Cam Davis,8.33,1,12
48,Emiliano Grillo,7.69,1,13
48,Joaquin Niemann,7.69,1,13
48,Rory Sabbatini,7.69,1,13
51,Joseph Bramlett,7.14,1,14
51,Rikuya Hoshino,7.14,1,14
51,Zach Johnson,7.14,1,14
51,Alex Noren,7.14,1,14
51,Scott Piercy,7.14,1,14
56,Russell Knox,6.25,1,16
57,Collin Morikawa,5.88,1,17
57,Sam Ryder,5.88,1,17
59,Talor Gooch,5.26,1,19
59,Peter Malnati,5.26,1,19
61,Michael Gellerman,.00,0,14
61,Harry Higgs,.00,0,9
61,Tom Hoge,.00,0,12
61,Nate Lashley,.00,0,13
61,Brian Stuard,.00,0,8
61,Michael Thompson,.00,0,14
