rank,player,Avg RTP
1,Lanto Griffin,-1.000
1,Brian Stuard,-1.000
3,Sam Ryder,-.750
4,Patrick Rodgers,-.667
5,Joseph Bramlett,-.500
5,Bo Hoag,-.500
5,Zach Johnson,-.500
5,Nate Lashley,-.500
5,Graeme McDowell,-.500
5,Michael Thompson,-.500
11,Cameron Smith,-.333
11,Brendon Todd,-.333
13,Cam Davis,-.250
13,Joaquin Niemann,-.250
13,Webb Simpson,-.250
16,Henrik Norlander,-.200
16,Scott Piercy,-.200
16,Rory Sabbatini,-.200
16,Sepp Straka,-.200
20,Mark Anderson,E
20,Daniel Berger,E
20,Keegan Bradley,E
20,Corey Conners,E
20,Joel Dahmen,E
20,Rhein Gibson,E
20,Emiliano Grillo,E
20,Brian Harman,E
20,Scott Harrington,E
20,Harry Higgs,E
20,Rikuya Hoshino,E
20,Charles Howell III,E
20,Sungjae Im,E
20,Kevin Kisner,E
20,Russell Knox,E
20,Peter Malnati,E
20,Collin Morikawa,E
20,Alex Noren,E
20,Carlos Ortiz,E
20,Pat Perez,E
20,Brandt Snedeker,E
20,Hudson Swafford,E
20,Nick Taylor,E
20,Tim Wilkinson,E
44,Zac Blair,+.333
44,Ryan Palmer,+.333
44,Vaughn Taylor,+.333
47,Michael Gellerman,+.400
47,Marc Leishman,+.400
49,Talor Gooch,+.500
49,Ben Martin,+.500
49,D.J. Trahan,+.500
49,Jimmy Walker,+.500
53,Chase Seiffert,+.667
54,Abraham Ancer,+1.000
54,Tom Hoge,+1.000
54,Mikumu Horikawa,+1.000
54,Matt Jones,+1.000
54,Matthew NeSmith,+1.000
54,Rob Oppenheim,+1.000
54,"Ted Potter, Jr.",+1.000
54,Brendan Steele,+1.000
62,Satoshi Kodaira,+1.500
63,Jerry Kelly,+2.000
