rank,player,Avg RTP
1,Graeme McDowell,-.250
2,Cameron Smith,-.245
3,Michael Thompson,-.182
4,Webb Simpson,-.180
5,Sam Ryder,-.164
6,Cam Davis,-.161
7,Ryan Palmer,-.145
8,Peter Malnati,-.143
8,Collin Morikawa,-.143
10,Matthew NeSmith,-.140
10,Rory Sabbatini,-.140
12,Charles Howell III,-.137
13,Joel Dahmen,-.136
14,Bo Hoag,-.130
15,Zach Johnson,-.123
16,Mark Anderson,-.121
16,Emiliano Grillo,-.121
16,Tom Hoge,-.121
19,Brandt Snedeker,-.119
20,Abraham Ancer,-.115
20,Lanto Griffin,-.115
20,Russell Knox,-.115
23,Kevin Kisner,-.111
24,Corey Conners,-.107
24,Tim Wilkinson,-.107
26,Michael Gellerman,-.105
26,Henrik Norlander,-.105
28,"Ted Potter, Jr.",-.104
29,Marc Leishman,-.100
30,Rob Oppenheim,-.096
31,Brendan Steele,-.093
32,Jerry Kelly,-.091
33,Joseph Bramlett,-.089
33,Joaquin Niemann,-.089
35,Brian Harman,-.088
35,Nate Lashley,-.088
37,Keegan Bradley,-.086
38,Harry Higgs,-.085
39,Sungjae Im,-.082
39,Patrick Rodgers,-.082
39,Chase Seiffert,-.082
39,Brendon Todd,-.082
43,Nick Taylor,-.081
44,Jimmy Walker,-.080
45,Hideki Matsuyama,-.078
46,Sepp Straka,-.069
47,Ben Martin,-.065
48,Rikuya Hoshino,-.058
49,Alex Noren,-.055
50,Vaughn Taylor,-.051
50,D.J. Trahan,-.051
52,Talor Gooch,-.041
52,Carlos Ortiz,-.041
54,Scott Piercy,-.036
54,Hudson Swafford,-.036
56,Brian Stuard,-.033
57,Scott Harrington,-.019
57,Matt Jones,-.019
59,Kramer Hickok,-.017
60,Zac Blair,E
60,Rhein Gibson,E
62,Daniel Berger,+.017
62,Pat Perez,+.017
64,Andrew Putnam,+.019
65,Mikumu Horikawa,+.034
66,Satoshi Kodaira,+.036
