rank,player,%,Total Birdies,Total Holes
1,Ryan Palmer,50.00,2,4
2,Henrik Norlander,42.86,3,7
3,Nick Taylor,40.00,2,5
4,Keegan Bradley,33.33,2,6
4,Joel Dahmen,33.33,1,3
4,Rhein Gibson,33.33,2,6
4,Kramer Hickok,33.33,2,6
8,Carlos Ortiz,30.00,3,10
9,Lanto Griffin,27.27,3,11
10,Matt Jones,25.00,1,4
10,Rob Oppenheim,25.00,1,4
10,"Ted Potter, Jr.",25.00,3,12
10,Andrew Putnam,25.00,1,4
10,Jimmy Walker,25.00,2,8
15,Zach Johnson,20.00,1,5
15,Pat Perez,20.00,2,10
15,Scott Piercy,20.00,1,5
15,Patrick Rodgers,20.00,2,10
15,Rory Sabbatini,20.00,1,5
15,Chase Seiffert,20.00,1,5
15,D.J. Trahan,20.00,2,10
22,Kevin Kisner,18.18,2,11
23,Zac Blair,16.67,1,6
23,Collin Morikawa,16.67,1,6
23,Alex Noren,16.67,1,6
26,Satoshi Kodaira,15.38,2,13
27,Abraham Ancer,14.29,1,7
27,Mark Anderson,14.29,1,7
27,Joseph Bramlett,14.29,1,7
27,Cam Davis,14.29,1,7
27,Talor Gooch,14.29,1,7
27,Brian Harman,14.29,1,7
27,Mikumu Horikawa,14.29,1,7
27,Jerry Kelly,14.29,1,7
27,Sepp Straka,14.29,1,7
27,Tim Wilkinson,14.29,1,7
37,Charles Howell III,12.50,1,8
37,Matthew NeSmith,12.50,1,8
37,Brendan Steele,12.50,1,8
37,Vaughn Taylor,12.50,1,8
41,Hideki Matsuyama,10.00,1,10
42,Peter Malnati,8.33,1,12
43,Daniel Berger,.00,0,4
43,Corey Conners,.00,0,3
43,Michael Gellerman,.00,0,6
43,Emiliano Grillo,.00,0,5
43,Scott Harrington,.00,0,9
43,Harry Higgs,.00,0,3
43,Bo Hoag,.00,0,6
43,Tom Hoge,.00,0,3
43,Rikuya Hoshino,.00,0,4
43,Sungjae Im,.00,0,3
43,Russell Knox,.00,0,7
43,Nate Lashley,.00,0,10
43,Marc Leishman,.00,0,7
43,Ben Martin,.00,0,2
43,Graeme McDowell,.00,0,10
43,Joaquin Niemann,.00,0,3
43,Sam Ryder,.00,0,12
43,Webb Simpson,.00,0,4
43,Cameron Smith,.00,0,6
43,Brandt Snedeker,.00,0,3
43,Brian Stuard,.00,0,2
43,Hudson Swafford,.00,0,7
43,Michael Thompson,.00,0,3
43,Brendon Todd,.00,0,5
