rank,player,%,Total Birdies,Total Holes
1,Bo Hoag,75.00,6,8
2,Cam Davis,66.67,4,6
2,Joaquin Niemann,66.67,6,9
4,Joseph Bramlett,60.00,3,5
4,Marc Leishman,60.00,3,5
4,Andrew Putnam,60.00,6,10
4,Brendan Steele,60.00,6,10
4,Sepp Straka,60.00,3,5
9,Joel Dahmen,58.33,7,12
10,Rikuya Hoshino,57.14,4,7
10,Matt Jones,57.14,4,7
10,Cameron Smith,57.14,4,7
13,Abraham Ancer,55.56,5,9
13,Harry Higgs,55.56,5,9
13,Chase Seiffert,55.56,5,9
13,Hudson Swafford,55.56,5,9
17,Corey Conners,50.00,7,14
17,Michael Gellerman,50.00,6,12
17,Kevin Kisner,50.00,6,12
17,Graeme McDowell,50.00,6,12
17,Matthew NeSmith,50.00,5,10
17,Henrik Norlander,50.00,5,10
17,Ryan Palmer,50.00,4,8
17,Rory Sabbatini,50.00,4,8
17,Brandt Snedeker,50.00,6,12
17,Tim Wilkinson,50.00,6,12
27,Michael Thompson,46.15,6,13
28,Rhein Gibson,45.45,5,11
28,Brian Harman,45.45,5,11
28,Zach Johnson,45.45,5,11
31,Keegan Bradley,44.44,4,9
31,Lanto Griffin,44.44,4,9
31,Russell Knox,44.44,4,9
31,Ben Martin,44.44,4,9
35,Mikumu Horikawa,42.86,6,14
35,Carlos Ortiz,42.86,3,7
35,Patrick Rodgers,42.86,3,7
38,Rob Oppenheim,42.11,8,19
39,Mark Anderson,41.67,5,12
39,Emiliano Grillo,41.67,5,12
39,Kramer Hickok,41.67,5,12
39,Webb Simpson,41.67,5,12
43,Charles Howell III,40.00,4,10
43,Nate Lashley,40.00,4,10
43,Peter Malnati,40.00,4,10
46,Jerry Kelly,38.10,8,21
47,Sungjae Im,37.50,3,8
47,Collin Morikawa,37.50,3,8
47,Alex Noren,37.50,3,8
50,"Ted Potter, Jr.",36.36,4,11
50,Sam Ryder,36.36,4,11
50,Vaughn Taylor,36.36,4,11
53,Hideki Matsuyama,33.33,3,9
54,Satoshi Kodaira,30.77,4,13
55,Zac Blair,30.00,3,10
55,Scott Piercy,30.00,3,10
57,Tom Hoge,28.57,4,14
58,Daniel Berger,27.27,3,11
58,D.J. Trahan,27.27,3,11
60,Brendon Todd,26.67,4,15
61,Scott Harrington,25.00,2,8
61,Pat Perez,25.00,3,12
61,Brian Stuard,25.00,3,12
61,Jimmy Walker,25.00,2,8
65,Talor Gooch,20.00,2,10
65,Nick Taylor,20.00,2,10
