rank,player,Avg RTP
1,Michael Gellerman,-1.000
1,Tim Wilkinson,-1.000
3,Tom Hoge,-.667
3,Zach Johnson,-.667
5,Joseph Bramlett,-.500
5,Marc Leishman,-.500
5,Pat Perez,-.500
5,Scott Piercy,-.500
5,Webb Simpson,-.500
5,Jimmy Walker,-.500
11,Abraham Ancer,-.400
12,Joel Dahmen,-.333
12,Cam Davis,-.333
12,Lanto Griffin,-.333
12,Jerry Kelly,-.333
12,Hideki Matsuyama,-.333
12,Collin Morikawa,-.333
12,Nick Taylor,-.333
19,Scott Harrington,-.286
19,Brendan Steele,-.286
21,Mark Anderson,-.250
21,Ryan Palmer,-.250
21,"Ted Potter, Jr.",-.250
24,Brian Harman,-.200
24,Harry Higgs,-.200
24,Kevin Kisner,-.200
24,Russell Knox,-.200
28,Cameron Smith,-.125
29,Daniel Berger,E
29,Keegan Bradley,E
29,Corey Conners,E
29,Talor Gooch,E
29,Emiliano Grillo,E
29,Bo Hoag,E
29,Rikuya Hoshino,E
29,Charles Howell III,E
29,Sungjae Im,E
29,Matt Jones,E
29,Nate Lashley,E
29,Peter Malnati,E
29,Ben Martin,E
29,Graeme McDowell,E
29,Matthew NeSmith,E
29,Andrew Putnam,E
29,Patrick Rodgers,E
29,Sam Ryder,E
29,Rory Sabbatini,E
29,Chase Seiffert,E
29,Brandt Snedeker,E
29,Sepp Straka,E
29,Brian Stuard,E
29,Hudson Swafford,E
29,Vaughn Taylor,E
29,Michael Thompson,E
29,D.J. Trahan,E
56,Kramer Hickok,+.250
56,Satoshi Kodaira,+.250
58,Alex Noren,+.333
58,Rob Oppenheim,+.333
58,Carlos Ortiz,+.333
61,Zac Blair,+.500
61,Brendon Todd,+.500
63,Mikumu Horikawa,+.667
63,Joaquin Niemann,+.667
65,Rhein Gibson,+1.000
