rank,player,Avg RTP
1,Zac Blair,-.500
1,Rhein Gibson,-.500
1,Talor Gooch,-.500
1,Webb Simpson,-.500
5,Pat Perez,-.333
5,D.J. Trahan,-.333
7,Corey Conners,-.250
7,Charles Howell III,-.250
9,"Ted Potter, Jr.",-.200
10,Daniel Berger,E
10,Keegan Bradley,E
10,Joseph Bramlett,E
10,Cam Davis,E
10,Michael Gellerman,E
10,Lanto Griffin,E
10,Emiliano Grillo,E
10,Brian Harman,E
10,Scott Harrington,E
10,Kramer Hickok,E
10,Bo Hoag,E
10,Tom Hoge,E
10,Rikuya Hoshino,E
10,Sungjae Im,E
10,Zach Johnson,E
10,Kevin Kisner,E
10,Russell Knox,E
10,Satoshi Kodaira,E
10,Nate Lashley,E
10,Peter Malnati,E
10,Hideki Matsuyama,E
10,Collin Morikawa,E
10,Matthew NeSmith,E
10,Alex Noren,E
10,Rob Oppenheim,E
10,Cameron Smith,E
10,Brandt Snedeker,E
10,Brendan Steele,E
10,Sepp Straka,E
10,Vaughn Taylor,E
10,Jimmy Walker,E
41,Graeme McDowell,+.200
42,Abraham Ancer,+.250
42,Patrick Rodgers,+.250
44,Matt Jones,+.333
44,Rory Sabbatini,+.333
44,Michael Thompson,+.333
47,Sam Ryder,+.400
48,Ryan Palmer,+.500
48,Scott Piercy,+.500
48,Chase Seiffert,+.500
48,Tim Wilkinson,+.500
52,Harry Higgs,+1.000
52,Joaquin Niemann,+1.000
52,Carlos Ortiz,+1.000
52,Brian Stuard,+1.000
52,Nick Taylor,+1.000
