rank,player,Avg RTP
1,Daniel Berger,-1.000
1,Joseph Bramlett,-1.000
1,Cam Davis,-1.000
1,Lanto Griffin,-1.000
1,Rikuya Hoshino,-1.000
1,Rory Sabbatini,-1.000
1,Cameron Smith,-1.000
1,Jimmy Walker,-1.000
9,Kevin Kisner,-.667
10,Mark Anderson,-.500
10,Rhein Gibson,-.500
10,Hideki Matsuyama,-.500
10,Ryan Palmer,-.500
10,Brendan Steele,-.500
15,Carlos Ortiz,-.333
15,D.J. Trahan,-.333
17,Zac Blair,E
17,Kramer Hickok,E
17,Harry Higgs,E
17,Mikumu Horikawa,E
17,Jerry Kelly,E
17,Russell Knox,E
17,Peter Malnati,E
17,Collin Morikawa,E
17,Henrik Norlander,E
17,Scott Piercy,E
17,"Ted Potter, Jr.",E
17,Webb Simpson,E
17,Brandt Snedeker,E
17,Sepp Straka,E
17,Vaughn Taylor,E
17,Brendon Todd,E
33,Emiliano Grillo,+.250
33,Rob Oppenheim,+.250
35,Corey Conners,+.333
35,Joel Dahmen,+.333
35,Talor Gooch,+.333
38,Scott Harrington,+.500
38,Zach Johnson,+.500
38,Satoshi Kodaira,+.500
38,Alex Noren,+.500
42,Nate Lashley,+.667
43,Michael Gellerman,+1.000
43,Brian Harman,+1.000
43,Brian Stuard,+1.000
43,Hudson Swafford,+1.000
47,Charles Howell III,+2.000
47,Ben Martin,+2.000
47,Graeme McDowell,+2.000
47,Sam Ryder,+2.000
47,Nick Taylor,+2.000
47,Michael Thompson,+2.000
