rank,player,%,Total Birdies,Total Holes
1,Hudson Swafford,32.00,8,25
2,Sungjae Im,30.43,7,23
3,Brendan Steele,29.41,5,17
4,Graeme McDowell,26.09,6,23
4,D.J. Trahan,26.09,6,23
6,Patrick Rodgers,25.00,6,24
6,Chase Seiffert,25.00,4,16
8,Hideki Matsuyama,23.53,4,17
8,Cameron Smith,23.53,4,17
10,Rory Sabbatini,20.83,5,24
11,Tom Hoge,20.00,4,20
11,"Ted Potter, Jr.",20.00,4,20
11,Jimmy Walker,20.00,4,20
14,Keegan Bradley,19.05,4,21
15,Kramer Hickok,18.52,5,27
16,Zac Blair,18.18,4,22
17,Zach Johnson,17.65,3,17
18,Mark Anderson,17.39,4,23
18,Rikuya Hoshino,17.39,4,23
18,Russell Knox,17.39,4,23
18,Matthew NeSmith,17.39,4,23
18,Webb Simpson,17.39,4,23
23,Corey Conners,16.67,3,18
23,Brandt Snedeker,16.67,3,18
23,Tim Wilkinson,16.67,3,18
26,Nick Taylor,16.00,4,25
27,Talor Gooch,15.79,3,19
27,Satoshi Kodaira,15.79,3,19
29,Brian Harman,15.00,3,20
29,Rob Oppenheim,15.00,3,20
29,Vaughn Taylor,15.00,3,20
32,Rhein Gibson,14.81,4,27
33,Bo Hoag,14.29,3,21
33,Jerry Kelly,14.29,3,21
33,Kevin Kisner,14.29,3,21
33,Ben Martin,14.29,4,28
33,Brendon Todd,14.29,3,21
38,Matt Jones,13.64,3,22
38,Carlos Ortiz,13.64,3,22
38,Scott Piercy,13.64,3,22
41,Michael Thompson,13.04,3,23
42,Cam Davis,12.50,2,16
42,Sam Ryder,12.50,3,24
44,Joseph Bramlett,11.54,3,26
45,Daniel Berger,10.53,2,19
45,Peter Malnati,10.53,2,19
47,Brian Stuard,10.34,3,29
48,Michael Gellerman,10.00,2,20
48,Lanto Griffin,10.00,2,20
48,Ryan Palmer,10.00,2,20
51,Harry Higgs,9.52,2,21
51,Pat Perez,9.52,2,21
53,Abraham Ancer,9.09,2,22
53,Collin Morikawa,9.09,2,22
53,Sepp Straka,9.09,2,22
56,Mikumu Horikawa,8.70,2,23
56,Henrik Norlander,8.70,2,23
58,Emiliano Grillo,8.33,2,24
58,Marc Leishman,8.33,2,24
58,Andrew Putnam,8.33,2,24
61,Scott Harrington,8.00,2,25
61,Joaquin Niemann,8.00,2,25
63,Alex Noren,5.88,1,17
64,Joel Dahmen,4.76,1,21
65,Charles Howell III,.00,0,16
65,Nate Lashley,.00,0,19
