rank,player,Avg RTP
1,Keegan Bradley,-1.000
1,Henrik Norlander,-1.000
1,Chase Seiffert,-1.000
4,Lanto Griffin,-.500
4,Hideki Matsuyama,-.500
4,Joaquin Niemann,-.500
4,Pat Perez,-.500
4,Nick Taylor,-.500
9,Brendan Steele,-.333
10,Daniel Berger,-.250
10,Graeme McDowell,-.250
12,Hudson Swafford,-.200
13,Abraham Ancer,E
13,Michael Gellerman,E
13,Brian Harman,E
13,Scott Harrington,E
13,Kramer Hickok,E
13,Bo Hoag,E
13,Tom Hoge,E
13,Mikumu Horikawa,E
13,Sungjae Im,E
13,Zach Johnson,E
13,Matt Jones,E
13,Kevin Kisner,E
13,Ben Martin,E
13,Scott Piercy,E
13,"Ted Potter, Jr.",E
13,Rory Sabbatini,E
13,Brian Stuard,E
13,Brendon Todd,E
31,Joseph Bramlett,+.143
32,Collin Morikawa,+.167
32,Andrew Putnam,+.167
32,Sepp Straka,+.167
32,Jimmy Walker,+.167
36,Cam Davis,+.200
37,Charles Howell III,+.250
37,Marc Leishman,+.250
37,Brandt Snedeker,+.250
40,Talor Gooch,+.286
41,Corey Conners,+.333
41,Joel Dahmen,+.333
41,Rhein Gibson,+.333
41,Rikuya Hoshino,+.333
41,Jerry Kelly,+.333
41,Peter Malnati,+.333
41,Matthew NeSmith,+.333
41,Alex Noren,+.333
41,Cameron Smith,+.333
50,Tim Wilkinson,+.400
51,Patrick Rodgers,+.429
52,Zac Blair,+.500
52,Nate Lashley,+.500
52,Sam Ryder,+.500
55,Russell Knox,+.600
56,Webb Simpson,+.667
57,Mark Anderson,+.750
58,Emiliano Grillo,+1.000
58,Harry Higgs,+1.000
58,Satoshi Kodaira,+1.000
58,Rob Oppenheim,+1.000
58,Carlos Ortiz,+1.000
58,Vaughn Taylor,+1.000
58,D.J. Trahan,+1.000
