rank,player,%,Total Birdies,Total Holes
1,Cameron Smith,35.85,19,53
2,Michael Gellerman,31.58,18,57
3,Webb Simpson,31.15,19,61
4,Graeme McDowell,30.77,16,52
5,Tom Hoge,29.31,17,58
6,Brendan Steele,27.78,15,54
7,Cam Davis,26.79,15,56
8,Collin Morikawa,26.53,13,49
9,Sungjae Im,26.23,16,61
10,Brian Harman,24.56,14,57
11,Jerry Kelly,23.64,13,55
11,Sam Ryder,23.64,13,55
11,Michael Thompson,23.64,13,55
14,Marc Leishman,23.33,14,60
15,Corey Conners,23.21,13,56
15,Joaquin Niemann,23.21,13,56
17,Abraham Ancer,23.08,12,52
17,Lanto Griffin,23.08,12,52
19,Chase Seiffert,22.95,14,61
20,"Ted Potter, Jr.",22.92,11,48
21,Zach Johnson,22.81,13,57
21,Henrik Norlander,22.81,13,57
23,Ryan Palmer,22.58,14,62
24,Emiliano Grillo,22.41,13,58
25,Kevin Kisner,22.22,12,54
26,Harry Higgs,22.03,13,59
26,Brandt Snedeker,22.03,13,59
28,Matthew NeSmith,22.00,11,50
29,Alex Noren,21.82,12,55
29,Hudson Swafford,21.82,12,55
31,Scott Piercy,21.43,12,56
32,Rob Oppenheim,21.15,11,52
33,Rory Sabbatini,21.05,12,57
34,Ben Martin,20.97,13,62
35,Mark Anderson,20.69,12,58
36,Rhein Gibson,20.41,10,49
36,Peter Malnati,20.41,10,49
38,Kramer Hickok,20.34,12,59
38,Vaughn Taylor,20.34,12,59
38,D.J. Trahan,20.34,12,59
41,Jimmy Walker,20.00,10,50
42,Brendon Todd,19.67,12,61
43,Tim Wilkinson,19.64,11,56
44,Charles Howell III,19.61,10,51
44,Hideki Matsuyama,19.61,10,51
46,Russell Knox,19.23,10,52
47,Pat Perez,18.97,11,58
48,Zac Blair,18.64,11,59
48,Mikumu Horikawa,18.64,11,59
50,Bo Hoag,18.52,10,54
51,Talor Gooch,18.37,9,49
51,Patrick Rodgers,18.37,9,49
53,Nick Taylor,17.74,11,62
54,Rikuya Hoshino,17.31,9,52
55,Keegan Bradley,17.24,10,58
55,Sepp Straka,17.24,10,58
57,Joel Dahmen,16.95,10,59
58,Brian Stuard,16.67,10,60
59,Satoshi Kodaira,16.36,9,55
60,Carlos Ortiz,16.33,8,49
61,Joseph Bramlett,16.07,9,56
62,Nate Lashley,15.79,9,57
63,Matt Jones,15.38,8,52
64,Andrew Putnam,15.09,8,53
65,Daniel Berger,13.79,8,58
66,Scott Harrington,13.21,7,53
