rank,player,Avg RTP
1,Collin Morikawa,-.333
2,Ryan Palmer,-.286
3,Charles Howell III,-.250
4,Lanto Griffin,-.231
5,Cameron Smith,-.214
6,Michael Gellerman,-.200
7,Mark Anderson,-.182
8,Carlos Ortiz,-.154
9,Cam Davis,-.133
9,Emiliano Grillo,-.133
9,Marc Leishman,-.133
12,Tim Wilkinson,-.125
13,Brandt Snedeker,-.118
14,Joaquin Niemann,-.091
15,Matthew NeSmith,-.071
16,Peter Malnati,-.063
16,Henrik Norlander,-.063
16,Pat Perez,-.063
16,Rory Sabbatini,-.063
20,Alex Noren,-.056
21,Brendon Todd,-.048
22,Abraham Ancer,E
22,Joseph Bramlett,E
22,Scott Harrington,E
22,Harry Higgs,E
22,Bo Hoag,E
22,Matt Jones,E
22,Kevin Kisner,E
22,Rob Oppenheim,E
22,"Ted Potter, Jr.",E
22,Sam Ryder,E
22,Brendan Steele,E
22,Brian Stuard,E
22,Nick Taylor,E
22,Michael Thompson,E
36,Keegan Bradley,+.050
37,Zac Blair,+.053
37,Talor Gooch,+.053
39,Brian Harman,+.059
39,Jerry Kelly,+.059
41,Joel Dahmen,+.063
41,D.J. Trahan,+.063
43,Rikuya Hoshino,+.067
43,Graeme McDowell,+.067
45,Sepp Straka,+.077
46,Patrick Rodgers,+.083
47,Vaughn Taylor,+.105
48,Chase Seiffert,+.118
49,Tom Hoge,+.125
49,Satoshi Kodaira,+.125
49,Ben Martin,+.125
52,Kramer Hickok,+.133
52,Sungjae Im,+.133
54,Corey Conners,+.143
54,Russell Knox,+.143
54,Nate Lashley,+.143
54,Webb Simpson,+.143
58,Mikumu Horikawa,+.150
59,Hideki Matsuyama,+.167
60,Hudson Swafford,+.200
61,Daniel Berger,+.222
62,Scott Piercy,+.231
63,Zach Johnson,+.263
64,Rhein Gibson,+.273
64,Jimmy Walker,+.273
66,Andrew Putnam,+.294
