rank,player,%,Total Birdies,Total Holes
1,Sam Ryder,62.50,5,8
2,Cameron Smith,42.86,6,14
2,Brian Stuard,42.86,3,7
4,Joseph Bramlett,40.00,2,5
4,Jimmy Walker,40.00,4,10
6,Henrik Norlander,37.50,3,8
7,Zach Johnson,36.36,4,11
8,Brian Harman,33.33,3,9
8,Nick Taylor,33.33,3,9
8,Brendon Todd,33.33,2,6
8,Tim Wilkinson,33.33,2,6
12,Satoshi Kodaira,30.00,3,10
12,Alex Noren,30.00,3,10
12,Ryan Palmer,30.00,3,10
15,Graeme McDowell,28.57,2,7
15,Carlos Ortiz,28.57,4,14
15,Webb Simpson,28.57,2,7
18,Lanto Griffin,25.00,2,8
19,Scott Harrington,23.08,3,13
20,Michael Gellerman,22.22,2,9
20,Rhein Gibson,22.22,2,9
20,Tom Hoge,22.22,2,9
20,Sungjae Im,22.22,2,9
20,Scott Piercy,22.22,2,9
20,"Ted Potter, Jr.",22.22,2,9
26,Joel Dahmen,20.00,2,10
26,Bo Hoag,20.00,2,10
26,Jerry Kelly,20.00,1,5
26,Pat Perez,20.00,2,10
26,Andrew Putnam,20.00,1,5
26,Patrick Rodgers,20.00,2,10
32,Abraham Ancer,16.67,2,12
32,Emiliano Grillo,16.67,1,6
32,Marc Leishman,16.67,2,12
32,Brendan Steele,16.67,2,12
36,Cam Davis,15.38,2,13
36,Charles Howell III,15.38,2,13
36,Matt Jones,15.38,2,13
36,Nate Lashley,15.38,2,13
40,Daniel Berger,14.29,1,7
40,Keegan Bradley,14.29,1,7
40,Kevin Kisner,14.29,1,7
40,Hideki Matsuyama,14.29,2,14
40,Vaughn Taylor,14.29,1,7
45,Mark Anderson,12.50,1,8
45,Mikumu Horikawa,12.50,1,8
45,Ben Martin,12.50,1,8
48,Zac Blair,11.11,1,9
48,Corey Conners,11.11,1,9
48,Rikuya Hoshino,11.11,1,9
48,Rory Sabbatini,11.11,1,9
52,Russell Knox,10.00,1,10
52,Collin Morikawa,10.00,1,10
52,Chase Seiffert,10.00,1,10
52,Michael Thompson,10.00,1,10
56,Matthew NeSmith,9.09,1,11
56,Sepp Straka,9.09,1,11
58,Harry Higgs,8.33,1,12
58,Joaquin Niemann,8.33,1,12
60,Talor Gooch,.00,0,5
60,Kramer Hickok,.00,0,7
60,Peter Malnati,.00,0,8
60,Rob Oppenheim,.00,0,8
60,Brandt Snedeker,.00,0,8
60,Hudson Swafford,.00,0,10
60,D.J. Trahan,.00,0,6
