rank,player,%,Total Birdies,Total Holes
1,Ryan Palmer,35.71,5,14
2,Michael Gellerman,31.25,5,16
2,Lanto Griffin,31.25,5,16
4,Brendan Steele,30.00,6,20
5,Joaquin Niemann,28.57,4,14
5,Pat Perez,28.57,6,21
7,Collin Morikawa,27.27,6,22
8,Emiliano Grillo,25.00,4,16
9,Cameron Smith,23.81,5,21
10,Matt Jones,23.53,4,17
10,Henrik Norlander,23.53,4,17
10,Webb Simpson,23.53,4,17
13,Scott Piercy,22.22,4,18
14,Alex Noren,21.74,5,23
15,Carlos Ortiz,21.43,3,14
16,Kramer Hickok,21.05,4,19
16,Sepp Straka,21.05,4,19
18,Nick Taylor,20.00,3,15
19,Cam Davis,19.05,4,21
19,Brandt Snedeker,19.05,4,21
21,Charles Howell III,18.75,3,16
22,D.J. Trahan,17.65,3,17
23,Rory Sabbatini,15.79,3,19
24,Brian Harman,15.00,3,20
24,Marc Leishman,15.00,3,20
24,Vaughn Taylor,15.00,3,20
27,Harry Higgs,14.29,2,14
27,Mikumu Horikawa,14.29,3,21
27,Michael Thompson,14.29,2,14
27,Tim Wilkinson,14.29,3,21
31,Mark Anderson,13.33,2,15
32,Abraham Ancer,11.76,2,17
32,Sam Ryder,11.76,2,17
34,Talor Gooch,11.11,3,27
35,Kevin Kisner,10.53,2,19
35,Peter Malnati,10.53,2,19
35,Ben Martin,10.53,2,19
35,Graeme McDowell,10.53,2,19
35,Chase Seiffert,10.53,2,19
35,Jimmy Walker,10.53,2,19
41,Jerry Kelly,10.00,2,20
41,"Ted Potter, Jr.",10.00,2,20
41,Hudson Swafford,10.00,2,20
44,Keegan Bradley,9.52,2,21
45,Daniel Berger,9.09,2,22
45,Brendon Todd,9.09,2,22
47,Rhein Gibson,7.14,1,14
48,Joseph Bramlett,6.90,2,29
49,Nate Lashley,6.25,1,16
49,Hideki Matsuyama,6.25,1,16
49,Rob Oppenheim,6.25,1,16
52,Scott Harrington,5.88,1,17
52,Sungjae Im,5.88,1,17
52,Satoshi Kodaira,5.88,1,17
52,Brian Stuard,5.88,1,17
56,Bo Hoag,5.56,1,18
56,Tom Hoge,5.56,1,18
56,Rikuya Hoshino,5.56,1,18
56,Matthew NeSmith,5.56,1,18
60,Patrick Rodgers,5.26,1,19
61,Zac Blair,4.76,1,21
61,Joel Dahmen,4.76,1,21
61,Zach Johnson,4.76,1,21
61,Russell Knox,4.76,1,21
65,Corey Conners,.00,0,17
65,Andrew Putnam,.00,0,24
