rank,player,Avg RTP
1,Tom Hoge,-.556
2,Corey Conners,-.500
2,Graeme McDowell,-.500
2,Webb Simpson,-.500
5,Marc Leishman,-.455
6,Matthew NeSmith,-.400
7,Daniel Berger,-.375
7,Rob Oppenheim,-.375
9,Peter Malnati,-.364
10,Scott Harrington,-.333
10,"Ted Potter, Jr.",-.333
12,Abraham Ancer,-.286
12,Talor Gooch,-.286
14,Rhein Gibson,-.250
14,Ben Martin,-.250
14,Cameron Smith,-.250
14,Vaughn Taylor,-.250
14,Brendon Todd,-.250
19,Cam Davis,-.231
19,Harry Higgs,-.231
21,Michael Gellerman,-.200
21,Kevin Kisner,-.200
21,Henrik Norlander,-.200
21,Brandt Snedeker,-.200
25,Emiliano Grillo,-.182
26,Mikumu Horikawa,-.167
26,Russell Knox,-.167
26,Collin Morikawa,-.167
29,Nate Lashley,-.154
30,Bo Hoag,-.143
31,Chase Seiffert,-.133
32,Zac Blair,-.125
32,Joel Dahmen,-.125
32,Michael Thompson,-.125
35,Joaquin Niemann,-.111
35,Alex Noren,-.111
35,Scott Piercy,-.111
35,Andrew Putnam,-.111
35,Rory Sabbatini,-.111
40,Rikuya Hoshino,-.100
40,Zach Johnson,-.100
42,Charles Howell III,-.091
43,Lanto Griffin,-.083
43,Jimmy Walker,-.083
45,Mark Anderson,-.071
46,Ryan Palmer,-.056
47,Keegan Bradley,E
47,Joseph Bramlett,E
47,Brian Harman,E
47,Sungjae Im,E
47,Jerry Kelly,E
47,Hideki Matsuyama,E
47,Carlos Ortiz,E
47,Patrick Rodgers,E
47,Sam Ryder,E
47,Sepp Straka,E
47,D.J. Trahan,E
47,Tim Wilkinson,E
59,Brendan Steele,+.100
60,Hudson Swafford,+.125
61,Nick Taylor,+.167
62,Satoshi Kodaira,+.200
63,Matt Jones,+.222
64,Brian Stuard,+.250
65,Kramer Hickok,+.400
66,Pat Perez,+1.000
