rank,player,Avg RTP
1,Peter Malnati,-1.333
2,Michael Gellerman,-1.000
2,Jerry Kelly,-1.000
2,Kevin Kisner,-1.000
2,Russell Knox,-1.000
2,Graeme McDowell,-1.000
2,Matthew NeSmith,-1.000
2,Rob Oppenheim,-1.000
2,Pat Perez,-1.000
2,Andrew Putnam,-1.000
2,Brian Stuard,-1.000
2,Michael Thompson,-1.000
13,Zac Blair,-.667
13,Tim Wilkinson,-.667
15,Tom Hoge,-.333
16,Daniel Berger,E
16,Charles Howell III,E
16,Zach Johnson,E
16,Satoshi Kodaira,E
16,Brandt Snedeker,E
16,Nick Taylor,E
