rank,player,Avg RTP
1,Jimmy Walker,-.267
2,Sungjae Im,-.263
3,D.J. Trahan,-.238
4,Graeme McDowell,-.235
5,Zach Johnson,-.231
6,Satoshi Kodaira,-.200
7,Hudson Swafford,-.190
8,Hideki Matsuyama,-.188
9,Rikuya Hoshino,-.176
9,Jerry Kelly,-.176
11,Rory Sabbatini,-.167
11,Chase Seiffert,-.167
11,Nick Taylor,-.167
14,Cameron Smith,-.154
15,Russell Knox,-.150
16,Keegan Bradley,-.133
17,Michael Thompson,-.118
18,Kramer Hickok,-.115
19,Matthew NeSmith,-.111
19,Patrick Rodgers,-.111
21,Webb Simpson,-.100
22,Mark Anderson,-.095
23,Sam Ryder,-.091
23,Sepp Straka,-.091
25,Ben Martin,-.083
26,Brendan Steele,-.077
27,Vaughn Taylor,-.063
28,Ryan Palmer,-.059
28,"Ted Potter, Jr.",-.059
30,Joseph Bramlett,-.045
31,Abraham Ancer,E
31,Zac Blair,E
31,Joel Dahmen,E
31,Rhein Gibson,E
31,Talor Gooch,E
31,Brian Harman,E
31,Bo Hoag,E
31,Tom Hoge,E
31,Matt Jones,E
31,Kevin Kisner,E
31,Nate Lashley,E
31,Rob Oppenheim,E
31,Carlos Ortiz,E
31,Pat Perez,E
31,Scott Piercy,E
31,Andrew Putnam,E
31,Brian Stuard,E
48,Henrik Norlander,+.048
49,Brendon Todd,+.050
50,Daniel Berger,+.059
51,Lanto Griffin,+.067
51,Charles Howell III,+.067
53,Cam Davis,+.071
54,Peter Malnati,+.091
55,Emiliano Grillo,+.100
55,Joaquin Niemann,+.100
57,Collin Morikawa,+.118
57,Alex Noren,+.118
59,Corey Conners,+.143
59,Scott Harrington,+.143
59,Marc Leishman,+.143
62,Mikumu Horikawa,+.167
63,Brandt Snedeker,+.231
64,Harry Higgs,+.250
64,Tim Wilkinson,+.250
66,Michael Gellerman,+.308
