rank,player,Avg RTP
1,Lanto Griffin,-.375
2,Brendan Steele,-.357
3,Daniel Berger,-.273
4,Pat Perez,-.250
5,Kevin Kisner,-.143
6,Corey Conners,-.133
7,Hideki Matsuyama,-.125
8,Keegan Bradley,-.111
9,"Ted Potter, Jr.",-.105
10,Kramer Hickok,-.100
10,Henrik Norlander,-.100
12,D.J. Trahan,-.091
13,Matt Jones,-.083
14,Bo Hoag,-.071
15,Rhein Gibson,-.053
16,Mikumu Horikawa,E
16,Sungjae Im,E
16,Rob Oppenheim,E
16,Ryan Palmer,E
16,Andrew Putnam,E
16,Chase Seiffert,E
16,Webb Simpson,E
16,Brendon Todd,E
24,Patrick Rodgers,+.053
25,Cameron Smith,+.067
26,Joseph Bramlett,+.071
26,Rikuya Hoshino,+.071
26,Matthew NeSmith,+.071
29,Scott Piercy,+.077
29,Hudson Swafford,+.077
31,Mark Anderson,+.083
32,Cam Davis,+.091
32,Tom Hoge,+.091
34,Joel Dahmen,+.100
34,Brandt Snedeker,+.100
36,Scott Harrington,+.111
36,Peter Malnati,+.111
36,Carlos Ortiz,+.111
39,Brian Harman,+.143
39,Collin Morikawa,+.143
39,Vaughn Taylor,+.143
39,Tim Wilkinson,+.143
43,Abraham Ancer,+.154
43,Emiliano Grillo,+.154
45,Zach Johnson,+.167
45,Graeme McDowell,+.167
45,Alex Noren,+.167
45,Rory Sabbatini,+.167
49,Jimmy Walker,+.176
50,Zac Blair,+.200
50,Marc Leishman,+.200
52,Russell Knox,+.214
53,Joaquin Niemann,+.222
54,Jerry Kelly,+.250
54,Ben Martin,+.250
54,Sepp Straka,+.250
57,Charles Howell III,+.267
58,Talor Gooch,+.278
59,Michael Gellerman,+.286
59,Satoshi Kodaira,+.286
59,Nick Taylor,+.286
62,Sam Ryder,+.294
63,Harry Higgs,+.333
64,Brian Stuard,+.375
65,Nate Lashley,+.417
66,Michael Thompson,+.500
