rank,player,Avg RTP
1,Ryan Palmer,-.500
2,Lanto Griffin,-.364
3,Kramer Hickok,-.333
4,Rob Oppenheim,-.250
4,"Ted Potter, Jr.",-.250
4,Andrew Putnam,-.250
7,Pat Perez,-.200
7,Scott Piercy,-.200
7,D.J. Trahan,-.200
10,Kevin Kisner,-.182
11,Keegan Bradley,-.167
12,Henrik Norlander,-.143
13,Matthew NeSmith,-.125
13,Brendan Steele,-.125
13,Jimmy Walker,-.125
16,Hideki Matsuyama,-.100
17,Daniel Berger,E
17,Joseph Bramlett,E
17,Corey Conners,E
17,Cam Davis,E
17,Harry Higgs,E
17,Rikuya Hoshino,E
17,Collin Morikawa,E
17,Alex Noren,E
17,Patrick Rodgers,E
17,Webb Simpson,E
17,Brandt Snedeker,E
17,Brian Stuard,E
17,Vaughn Taylor,E
30,Peter Malnati,+.083
31,Carlos Ortiz,+.100
32,Brian Harman,+.143
32,Mikumu Horikawa,+.143
32,Russell Knox,+.143
35,Zac Blair,+.167
35,Rhein Gibson,+.167
37,Emiliano Grillo,+.200
37,Zach Johnson,+.200
37,Rory Sabbatini,+.200
37,Chase Seiffert,+.200
37,Nick Taylor,+.200
37,Brendon Todd,+.200
43,Scott Harrington,+.222
44,Satoshi Kodaira,+.231
45,Matt Jones,+.250
46,Abraham Ancer,+.286
46,Talor Gooch,+.286
46,Hudson Swafford,+.286
46,Tim Wilkinson,+.286
50,Joel Dahmen,+.333
50,Tom Hoge,+.333
50,Sungjae Im,+.333
50,Joaquin Niemann,+.333
50,Sam Ryder,+.333
50,Cameron Smith,+.333
56,Charles Howell III,+.375
57,Nate Lashley,+.400
57,Graeme McDowell,+.400
59,Jerry Kelly,+.429
59,Marc Leishman,+.429
59,Sepp Straka,+.429
62,Michael Gellerman,+.500
62,Bo Hoag,+.500
64,Mark Anderson,+.571
65,Michael Thompson,+.667
66,Ben Martin,+1.000
