rank,player,Avg RTP
1,Daniel Berger,-1.000
1,Joseph Bramlett,-1.000
1,Cam Davis,-1.000
1,Rikuya Hoshino,-1.000
1,Matt Jones,-1.000
1,Rory Sabbatini,-1.000
1,Cameron Smith,-1.000
8,Lanto Griffin,-.750
9,Andrew Putnam,-.667
10,Brendan Steele,-.600
11,Abraham Ancer,-.500
11,Kevin Kisner,-.500
11,Carlos Ortiz,-.500
11,Ryan Palmer,-.500
11,Sepp Straka,-.500
16,Rhein Gibson,-.400
17,Mark Anderson,-.333
17,Kramer Hickok,-.333
17,Hideki Matsuyama,-.333
17,Matthew NeSmith,-.333
21,D.J. Trahan,-.250
22,Bo Hoag,-.200
23,Rob Oppenheim,-.143
24,Zac Blair,E
24,Keegan Bradley,E
24,Corey Conners,E
24,Joel Dahmen,E
24,Harry Higgs,E
24,Tom Hoge,E
24,Mikumu Horikawa,E
24,Jerry Kelly,E
24,Russell Knox,E
24,Satoshi Kodaira,E
24,Peter Malnati,E
24,Collin Morikawa,E
24,Henrik Norlander,E
24,Scott Piercy,E
24,"Ted Potter, Jr.",E
24,Patrick Rodgers,E
24,Webb Simpson,E
24,Brandt Snedeker,E
24,Vaughn Taylor,E
24,Brendon Todd,E
24,Tim Wilkinson,E
45,Emiliano Grillo,+.167
45,Scott Harrington,+.167
47,Talor Gooch,+.200
48,Zach Johnson,+.333
48,Graeme McDowell,+.333
48,Hudson Swafford,+.333
48,Jimmy Walker,+.333
52,Sam Ryder,+.400
53,Brian Harman,+.500
53,Alex Noren,+.500
53,Brian Stuard,+.500
56,Nate Lashley,+.667
56,Nick Taylor,+.667
58,Michael Gellerman,+1.000
58,Ben Martin,+1.000
58,Michael Thompson,+1.000
61,Charles Howell III,+1.500
