rank,player,Avg RTP
1,Emiliano Grillo,-1.333
2,Abraham Ancer,-1.000
2,Lanto Griffin,-1.000
2,Bo Hoag,-1.000
2,Chase Seiffert,-1.000
2,Sepp Straka,-1.000
7,Henrik Norlander,-.750
7,Ryan Palmer,-.750
9,Joaquin Niemann,-.714
10,Zach Johnson,-.667
10,Matt Jones,-.667
10,Kevin Kisner,-.667
10,Russell Knox,-.667
10,Ben Martin,-.667
10,Collin Morikawa,-.667
16,Cam Davis,-.600
16,Brandt Snedeker,-.600
18,Brian Harman,-.571
19,Keegan Bradley,-.500
19,Joseph Bramlett,-.500
19,Joel Dahmen,-.500
19,Talor Gooch,-.500
19,Mikumu Horikawa,-.500
19,Charles Howell III,-.500
19,Marc Leishman,-.500
19,Matthew NeSmith,-.500
19,Alex Noren,-.500
19,"Ted Potter, Jr.",-.500
19,Andrew Putnam,-.500
19,Sam Ryder,-.500
19,Webb Simpson,-.500
19,Hudson Swafford,-.500
19,Michael Thompson,-.500
19,Tim Wilkinson,-.500
35,Corey Conners,-.429
36,Harry Higgs,-.400
36,Cameron Smith,-.400
38,Rob Oppenheim,-.333
38,Carlos Ortiz,-.333
38,Brendan Steele,-.333
41,Michael Gellerman,-.286
42,Rhein Gibson,-.250
42,Rikuya Hoshino,-.250
42,Sungjae Im,-.250
42,Nate Lashley,-.250
42,Nick Taylor,-.250
42,Vaughn Taylor,-.250
48,Kramer Hickok,-.200
48,Hideki Matsuyama,-.200
50,Tom Hoge,-.143
51,Mark Anderson,E
51,Daniel Berger,E
51,Zac Blair,E
51,Scott Harrington,E
51,Jerry Kelly,E
51,Satoshi Kodaira,E
51,Peter Malnati,E
51,Graeme McDowell,E
51,Pat Perez,E
51,Scott Piercy,E
51,Brian Stuard,E
51,Brendon Todd,E
51,D.J. Trahan,E
51,Jimmy Walker,E
65,Patrick Rodgers,+.333
65,Rory Sabbatini,+.333
