rank,player,Avg RTP
1,Keegan Bradley,-1.000
1,Satoshi Kodaira,-1.000
1,Ryan Palmer,-1.000
4,Alex Noren,-.500
4,Nick Taylor,-.500
6,Matt Jones,-.333
7,Abraham Ancer,E
7,Cam Davis,E
7,Talor Gooch,E
7,Lanto Griffin,E
7,Charles Howell III,E
7,Russell Knox,E
7,Marc Leishman,E
7,Peter Malnati,E
7,Graeme McDowell,E
7,Collin Morikawa,E
7,Matthew NeSmith,E
7,Joaquin Niemann,E
7,Carlos Ortiz,E
7,"Ted Potter, Jr.",E
7,Andrew Putnam,E
7,Cameron Smith,E
7,Brendan Steele,E
7,D.J. Trahan,E
7,Jimmy Walker,E
26,Zac Blair,+.500
26,Zach Johnson,+.500
26,Rob Oppenheim,+.500
29,Mikumu Horikawa,+1.000
29,Scott Piercy,+1.000
29,Hudson Swafford,+1.000
