rank,player,Avg RTP
1,Ryan Palmer,-1.000
1,Vaughn Taylor,-1.000
3,Alex Noren,-.500
4,Charles Howell III,-.333
4,Jimmy Walker,-.333
6,Matt Jones,-.250
7,Keegan Bradley,E
7,Cam Davis,E
7,Talor Gooch,E
7,Lanto Griffin,E
7,Kramer Hickok,E
7,Tom Hoge,E
7,Russell Knox,E
7,Satoshi Kodaira,E
7,Marc Leishman,E
7,Peter Malnati,E
7,Collin Morikawa,E
7,Carlos Ortiz,E
7,"Ted Potter, Jr.",E
7,Andrew Putnam,E
7,Cameron Smith,E
7,Brendan Steele,E
7,Nick Taylor,E
7,D.J. Trahan,E
25,Joaquin Niemann,+.250
26,Matthew NeSmith,+.333
26,Rob Oppenheim,+.333
28,Zac Blair,+.500
28,Bo Hoag,+.500
28,Zach Johnson,+.500
28,Graeme McDowell,+.500
28,Chase Seiffert,+.500
28,Tim Wilkinson,+.500
34,Abraham Ancer,+.667
35,Mark Anderson,+1.000
35,Rhein Gibson,+1.000
35,Mikumu Horikawa,+1.000
35,Nate Lashley,+1.000
35,Scott Piercy,+1.000
35,Rory Sabbatini,+1.000
35,Sepp Straka,+1.000
35,Hudson Swafford,+1.000
