rank,player,Avg RTP
1,Carlos Ortiz,-1.000
1,Ryan Palmer,-1.000
1,Sam Ryder,-1.000
4,Brian Harman,-.500
4,Scott Harrington,-.500
4,Mikumu Horikawa,-.500
4,Sungjae Im,-.500
4,"Ted Potter, Jr.",-.500
9,Marc Leishman,-.333
10,Joel Dahmen,E
10,Cam Davis,E
10,Rhein Gibson,E
10,Kramer Hickok,E
10,Harry Higgs,E
10,Bo Hoag,E
10,Rikuya Hoshino,E
10,Charles Howell III,E
10,Matt Jones,E
10,Kevin Kisner,E
10,Hideki Matsuyama,E
10,Alex Noren,E
10,Henrik Norlander,E
10,Rob Oppenheim,E
10,Pat Perez,E
10,Andrew Putnam,E
10,Patrick Rodgers,E
10,Cameron Smith,E
10,Brendan Steele,E
10,Brian Stuard,E
10,Hudson Swafford,E
10,Michael Thompson,E
10,D.J. Trahan,E
33,Tom Hoge,+.500
33,Zach Johnson,+.500
33,Nate Lashley,+.500
36,Zac Blair,+1.000
36,Talor Gooch,+1.000
36,Jerry Kelly,+1.000
36,Peter Malnati,+1.000
36,Rory Sabbatini,+1.000
36,Sepp Straka,+1.000
42,Satoshi Kodaira,+1.500
