rank,player,Avg RTP
1,Pat Perez,-.500
1,Brendan Steele,-.500
3,Daniel Berger,-.429
4,Mark Anderson,-.333
4,Lanto Griffin,-.333
6,Bo Hoag,-.300
7,Matt Jones,-.250
7,Marc Leishman,-.250
9,Sungjae Im,-.200
9,Brendon Todd,-.200
11,Corey Conners,-.167
11,Hideki Matsuyama,-.167
13,Cameron Smith,-.100
14,Rhein Gibson,-.071
15,Keegan Bradley,E
15,Joel Dahmen,E
15,Scott Harrington,E
15,Tom Hoge,E
15,Mikumu Horikawa,E
15,Charles Howell III,E
15,Kevin Kisner,E
15,Ben Martin,E
15,Graeme McDowell,E
15,Henrik Norlander,E
15,Chase Seiffert,E
15,Webb Simpson,E
27,Carlos Ortiz,+.077
28,Andrew Putnam,+.091
29,Rikuya Hoshino,+.100
30,Jerry Kelly,+.111
30,"Ted Potter, Jr.",+.111
30,Patrick Rodgers,+.111
30,Tim Wilkinson,+.111
34,Michael Gellerman,+.125
34,Emiliano Grillo,+.125
34,Alex Noren,+.125
37,Joseph Bramlett,+.143
37,Brian Harman,+.143
37,Peter Malnati,+.143
37,Rob Oppenheim,+.143
37,Brandt Snedeker,+.143
42,Sepp Straka,+.167
43,Collin Morikawa,+.182
44,Cam Davis,+.200
44,Kramer Hickok,+.200
44,Joaquin Niemann,+.200
44,Ryan Palmer,+.200
44,Sam Ryder,+.200
44,Nick Taylor,+.200
50,Abraham Ancer,+.222
50,Zach Johnson,+.222
50,Russell Knox,+.222
50,Hudson Swafford,+.222
54,Talor Gooch,+.250
54,Rory Sabbatini,+.250
54,Jimmy Walker,+.250
57,Zac Blair,+.333
57,Satoshi Kodaira,+.333
57,Matthew NeSmith,+.333
57,Scott Piercy,+.333
57,D.J. Trahan,+.333
62,Michael Thompson,+.455
63,Harry Higgs,+.500
63,Brian Stuard,+.500
65,Nate Lashley,+.667
