rank,player,Avg RTP
1,Zac Blair,-1.000
1,Graeme McDowell,-1.000
1,Matthew NeSmith,-1.000
1,Alex Noren,-1.000
1,Andrew Putnam,-1.000
1,Cameron Smith,-1.000
1,Nick Taylor,-1.000
1,Tim Wilkinson,-1.000
9,Daniel Berger,-.500
9,Bo Hoag,-.500
11,Joel Dahmen,-.333
11,Michael Gellerman,-.333
13,Abraham Ancer,E
13,Keegan Bradley,E
13,Joseph Bramlett,E
13,Cam Davis,E
13,Emiliano Grillo,E
13,Scott Harrington,E
13,Kramer Hickok,E
13,Harry Higgs,E
13,Mikumu Horikawa,E
13,Sungjae Im,E
13,Zach Johnson,E
13,Matt Jones,E
13,Nate Lashley,E
13,Marc Leishman,E
13,Collin Morikawa,E
13,Henrik Norlander,E
13,Carlos Ortiz,E
13,Ryan Palmer,E
13,Scott Piercy,E
13,Patrick Rodgers,E
13,Sam Ryder,E
13,Rory Sabbatini,E
13,Webb Simpson,E
13,Brandt Snedeker,E
13,Brendan Steele,E
13,Vaughn Taylor,E
13,Jimmy Walker,E
40,Hideki Matsuyama,+.333
40,Pat Perez,+.333
42,Lanto Griffin,+.500
42,Rikuya Hoshino,+.500
42,Peter Malnati,+.500
45,Corey Conners,+1.000
45,Ben Martin,+1.000
45,Brian Stuard,+1.000
48,Hudson Swafford,+2.000
