rank,player,Avg RTP
1,Matt Jones,-2.000
1,Hideki Matsuyama,-2.000
3,Harry Higgs,-1.500
3,Brendan Steele,-1.500
5,Corey Conners,-1.000
5,Joel Dahmen,-1.000
5,Michael Gellerman,-1.000
5,Bo Hoag,-1.000
5,Charles Howell III,-1.000
5,Satoshi Kodaira,-1.000
5,Nate Lashley,-1.000
5,Marc Leishman,-1.000
5,Matthew NeSmith,-1.000
5,Patrick Rodgers,-1.000
5,Sam Ryder,-1.000
5,Cameron Smith,-1.000
5,Hudson Swafford,-1.000
5,Michael Thompson,-1.000
5,Jimmy Walker,-1.000
20,Mikumu Horikawa,-.750
20,Zach Johnson,-.750
20,Rory Sabbatini,-.750
23,Kramer Hickok,-.667
23,Tom Hoge,-.667
23,Jerry Kelly,-.667
23,Graeme McDowell,-.667
23,Scott Piercy,-.667
23,Brendon Todd,-.667
29,Brandt Snedeker,-.600
30,Keegan Bradley,-.500
30,Rhein Gibson,-.500
30,Talor Gooch,-.500
30,Brian Harman,-.500
30,Joaquin Niemann,-.500
30,Vaughn Taylor,-.500
36,Mark Anderson,-.333
36,Emiliano Grillo,-.333
36,"Ted Potter, Jr.",-.333
39,Abraham Ancer,-.250
39,Brian Stuard,-.250
39,Tim Wilkinson,-.250
42,Chase Seiffert,-.200
43,Daniel Berger,E
43,Lanto Griffin,E
43,Kevin Kisner,E
43,Peter Malnati,E
43,Collin Morikawa,E
43,Rob Oppenheim,E
43,Ryan Palmer,E
43,Pat Perez,E
43,Andrew Putnam,E
43,Webb Simpson,E
43,Nick Taylor,E
43,D.J. Trahan,E
55,Zac Blair,+.250
