rank,player,Avg RTP
1,Rob Oppenheim,-1.500
2,Daniel Berger,-1.000
2,Corey Conners,-1.000
2,Joel Dahmen,-1.000
2,Emiliano Grillo,-1.000
2,Kramer Hickok,-1.000
2,Matt Jones,-1.000
2,Carlos Ortiz,-1.000
2,Brendan Steele,-1.000
2,Sepp Straka,-1.000
2,Brendon Todd,-1.000
12,Andrew Putnam,-.667
13,Abraham Ancer,-.500
13,Satoshi Kodaira,-.500
15,Bo Hoag,-.200
16,Mark Anderson,E
16,Zac Blair,E
16,Keegan Bradley,E
16,Rhein Gibson,E
16,Talor Gooch,E
16,Lanto Griffin,E
16,Brian Harman,E
16,Scott Harrington,E
16,Mikumu Horikawa,E
16,Zach Johnson,E
16,Russell Knox,E
16,Hideki Matsuyama,E
16,Graeme McDowell,E
16,Matthew NeSmith,E
16,Scott Piercy,E
16,"Ted Potter, Jr.",E
16,Patrick Rodgers,E
16,Sam Ryder,E
16,Brian Stuard,E
16,Hudson Swafford,E
16,Nick Taylor,E
16,Vaughn Taylor,E
16,D.J. Trahan,E
16,Tim Wilkinson,E
40,Jerry Kelly,+.333
41,Michael Thompson,+.500
42,Charles Howell III,+1.000
42,Jimmy Walker,+1.000
