rank,player,%,Total Birdies,Total Holes
1,Pat Perez,50.00,1,2
1,Brendan Steele,50.00,4,8
3,Daniel Berger,42.86,3,7
4,Matt Jones,41.67,5,12
5,Bo Hoag,40.00,4,10
6,Mark Anderson,33.33,2,6
6,Corey Conners,33.33,4,12
6,Lanto Griffin,33.33,2,6
6,Scott Harrington,33.33,3,9
6,Webb Simpson,33.33,2,6
11,Carlos Ortiz,30.77,4,13
12,Graeme McDowell,30.00,3,10
13,Rhein Gibson,28.57,4,14
14,Marc Leishman,25.00,1,4
14,Chase Seiffert,25.00,1,4
16,Hudson Swafford,22.22,2,9
16,Tim Wilkinson,22.22,2,9
18,Keegan Bradley,20.00,1,5
18,Sungjae Im,20.00,1,5
18,Ryan Palmer,20.00,1,5
18,Sam Ryder,20.00,1,5
18,Cameron Smith,20.00,2,10
18,Nick Taylor,20.00,1,5
18,Brendon Todd,20.00,1,5
25,Mikumu Horikawa,16.67,1,6
25,Ben Martin,16.67,1,6
25,Hideki Matsuyama,16.67,1,6
25,Sepp Straka,16.67,1,6
25,Jimmy Walker,16.67,2,12
30,Joel Dahmen,14.29,1,7
30,Brian Harman,14.29,1,7
30,Rob Oppenheim,14.29,2,14
30,Brandt Snedeker,14.29,1,7
34,Emiliano Grillo,12.50,1,8
35,Abraham Ancer,11.11,1,9
35,Jerry Kelly,11.11,1,9
35,Russell Knox,11.11,1,9
35,Matthew NeSmith,11.11,1,9
35,"Ted Potter, Jr.",11.11,1,9
35,Patrick Rodgers,11.11,1,9
41,Rikuya Hoshino,10.00,1,10
41,Charles Howell III,10.00,1,10
41,Joaquin Niemann,10.00,1,10
44,Andrew Putnam,9.09,1,11
45,Zac Blair,.00,0,6
45,Joseph Bramlett,.00,0,7
45,Cam Davis,.00,0,5
45,Michael Gellerman,.00,0,8
45,Talor Gooch,.00,0,12
45,Kramer Hickok,.00,0,5
45,Harry Higgs,.00,0,6
45,Tom Hoge,.00,0,9
45,Zach Johnson,.00,0,9
45,Kevin Kisner,.00,0,3
45,Satoshi Kodaira,.00,0,3
45,Nate Lashley,.00,0,3
45,Peter Malnati,.00,0,7
45,Collin Morikawa,.00,0,11
45,Alex Noren,.00,0,8
45,Henrik Norlander,.00,0,3
45,Scott Piercy,.00,0,9
45,Rory Sabbatini,.00,0,8
45,Brian Stuard,.00,0,6
45,Michael Thompson,.00,0,11
45,D.J. Trahan,.00,0,3
