rank,player,% Made,Attempts,Putts made
1,Aaron Baddeley,100.00,4,4
1,Chad Campbell,100.00,3,3
1,Steve Flesch,100.00,5,5
1,Charles Howell III,100.00,4,4
1,Zach Johnson,100.00,6,6
1,Henrik Stenson,100.00,1,1
1,Nick Watney,100.00,7,7
1,Boo Weekley,100.00,2,2
1,Mark Wilson,100.00,3,3
10,Steve Stricker,87.50,8,7
11,Daniel Chopra,85.71,7,6
12,Jonathan Byrd,83.33,6,5
12,Jim Furyk,83.33,6,5
14,Woody Austin,80.00,5,4
14,Ángel Cabrera,80.00,5,4
14,George McNeill,80.00,5,4
17,Brian Bateman,77.78,9,7
18,Stephen Ames,75.00,4,3
18,Paul Goydos,75.00,8,6
18,Charley Hoffman,75.00,4,3
18,Hunter Mahan,75.00,4,3
22,Joe Ogilvie,71.43,7,5
23,Mark Calcavecchia,66.67,6,4
23,K.J. Choi,66.67,3,2
23,Justin Leonard,66.67,3,2
23,Vijay Singh,66.67,6,4
27,Fred Funk,57.14,7,4
28,Rory Sabbatini,55.56,9,5
28,Brandt Snedeker,55.56,9,5
30,Scott Verplank,50.00,6,3
31,Mike Weir,.00,1,0
