rank,player,% Made,Attempts,Putts made
1,Daniel Chopra,20.00,25,5
2,Rory Sabbatini,11.76,17,2
3,Hunter Mahan,11.54,26,3
4,Justin Leonard,6.67,15,1
4,Joe Ogilvie,6.67,30,2
6,Steve Stricker,5.56,18,1
7,Stephen Ames,5.26,19,1
8,Brandt Snedeker,5.00,20,1
9,Boo Weekley,4.55,22,1
10,Woody Austin,4.17,24,1
11,Mark Wilson,3.85,26,1
12,Brian Bateman,3.57,28,1
13,Nick Watney,3.03,33,1
14,Aaron Baddeley,.00,22,-
14,Jonathan Byrd,.00,20,-
14,Ángel Cabrera,.00,21,-
14,Mark Calcavecchia,.00,20,-
14,Chad Campbell,.00,15,-
14,K.J. Choi,.00,26,-
14,Steve Flesch,.00,17,-
14,Fred Funk,.00,20,-
14,Jim Furyk,.00,19,-
14,Paul Goydos,.00,21,-
14,Charley Hoffman,.00,27,-
14,Charles Howell III,.00,18,-
14,Zach Johnson,.00,22,-
14,George McNeill,.00,18,-
14,Vijay Singh,.00,18,-
14,Henrik Stenson,.00,23,-
14,Scott Verplank,.00,19,-
14,Mike Weir,.00,20,-
