rank,player,Putts Made
1,Daniel Chopra,9.0
2,Stephen Ames,3.0
2,Hunter Mahan,3.0
2,Steve Stricker,3.0
2,Nick Watney,3.0
6,Jonathan Byrd,2.0
6,Mark Calcavecchia,2.0
6,Chad Campbell,2.0
6,Fred Funk,2.0
6,Justin Leonard,2.0
6,Joe Ogilvie,2.0
6,Rory Sabbatini,2.0
6,Brandt Snedeker,2.0
6,Boo Weekley,2.0
15,Woody Austin,1.0
15,Aaron Baddeley,1.0
15,Brian Bateman,1.0
15,K.J. Choi,1.0
15,Jim Furyk,1.0
15,Vijay Singh,1.0
15,Henrik Stenson,1.0
15,Mark Wilson,1.0
23,Ángel Cabrera,.0
23,Steve Flesch,.0
23,Paul Goydos,.0
23,Charley Hoffman,.0
23,Charles Howell III,.0
23,Zach Johnson,.0
23,George McNeill,.0
23,Scott Verplank,.0
23,Mike Weir,.0
