rank,player,% Made,Attempts,Putts made
1,Brian Bateman,100.00,7,7
1,Jonathan Byrd,100.00,8,8
1,Daniel Chopra,100.00,7,7
1,Fred Funk,100.00,8,8
1,Jim Furyk,100.00,6,6
1,Charley Hoffman,100.00,9,9
1,Zach Johnson,100.00,7,7
1,Hunter Mahan,100.00,3,3
1,George McNeill,100.00,4,4
1,Joe Ogilvie,100.00,7,7
1,Rory Sabbatini,100.00,6,6
1,Brandt Snedeker,100.00,11,11
1,Henrik Stenson,100.00,13,13
1,Nick Watney,100.00,7,7
1,Boo Weekley,100.00,7,7
1,Mike Weir,100.00,11,11
17,Stephen Ames,91.67,12,11
18,Ángel Cabrera,90.91,11,10
18,Mark Wilson,90.91,11,10
20,Vijay Singh,90.00,10,9
21,Aaron Baddeley,88.89,9,8
21,Justin Leonard,88.89,9,8
23,Woody Austin,87.50,8,7
24,Paul Goydos,85.71,14,12
24,Charles Howell III,85.71,7,6
24,Steve Stricker,85.71,7,6
27,Steve Flesch,83.33,6,5
28,Mark Calcavecchia,80.00,5,4
28,K.J. Choi,80.00,10,8
30,Chad Campbell,77.78,9,7
31,Scott Verplank,75.00,4,3
