rank,player,% Made,Attempts,Putts made
1,Charles Howell III,100.00,5,5
2,Aaron Baddeley,83.33,6,5
3,Paul Goydos,75.00,4,3
4,Jonathan Byrd,66.67,3,2
4,Ángel Cabrera,66.67,3,2
4,Mike Weir,66.67,3,2
7,K.J. Choi,60.00,5,3
7,Justin Leonard,60.00,5,3
9,Nick Watney,57.14,7,4
10,Stephen Ames,50.00,8,4
10,George McNeill,50.00,6,3
10,Joe Ogilvie,50.00,4,2
10,Brandt Snedeker,50.00,4,2
10,Henrik Stenson,50.00,6,3
10,Steve Stricker,50.00,6,3
10,Boo Weekley,50.00,4,2
17,Woody Austin,40.00,5,2
18,Brian Bateman,33.33,3,1
18,Chad Campbell,33.33,3,1
18,Vijay Singh,33.33,3,1
21,Hunter Mahan,25.00,4,1
21,Rory Sabbatini,25.00,4,1
23,Mark Calcavecchia,.00,1,0
23,Daniel Chopra,.00,1,0
23,Steve Flesch,.00,1,0
23,Fred Funk,.00,1,0
23,Jim Furyk,.00,2,0
23,Charley Hoffman,.00,3,0
23,Scott Verplank,.00,3,0
23,Mark Wilson,.00,3,0
