rank,player,% Made,Attempts,Putts made
1,Daniel Chopra,100.00,1,1
1,Jim Furyk,100.00,3,3
1,Zach Johnson,100.00,2,2
1,Nick Watney,100.00,2,2
5,Rory Sabbatini,85.71,7,6
6,Chad Campbell,66.67,3,2
6,Steve Flesch,66.67,6,4
6,Fred Funk,66.67,3,2
6,Henrik Stenson,66.67,6,4
10,Mark Calcavecchia,60.00,5,3
10,Charles Howell III,60.00,5,3
10,Brandt Snedeker,60.00,5,3
13,Stephen Ames,50.00,4,2
13,Aaron Baddeley,50.00,4,2
13,Jonathan Byrd,50.00,2,1
13,Steve Stricker,50.00,2,1
17,Scott Verplank,40.00,5,2
18,Paul Goydos,33.33,3,1
18,Justin Leonard,33.33,3,1
18,Joe Ogilvie,33.33,3,1
18,Vijay Singh,33.33,3,1
22,Boo Weekley,25.00,4,1
23,Hunter Mahan,20.00,5,1
24,Woody Austin,.00,3,0
24,Brian Bateman,.00,3,0
24,Ángel Cabrera,.00,1,0
24,K.J. Choi,.00,3,0
24,Charley Hoffman,.00,2,0
24,George McNeill,.00,2,0
24,Mike Weir,.00,2,0
24,Mark Wilson,.00,1,0
