rank,player,% Made,Attempts,Putts made
1,Stephen Ames,100.00,36,36
1,Woody Austin,100.00,46,46
1,Aaron Baddeley,100.00,43,43
1,Brian Bateman,100.00,43,43
1,Chad Campbell,100.00,48,48
1,K.J. Choi,100.00,48,48
1,Daniel Chopra,100.00,43,43
1,Fred Funk,100.00,44,44
1,Jim Furyk,100.00,49,49
1,Paul Goydos,100.00,39,39
1,Charley Hoffman,100.00,53,53
1,Charles Howell III,100.00,42,42
1,Zach Johnson,100.00,47,47
1,Justin Leonard,100.00,43,43
1,Hunter Mahan,100.00,49,49
1,Rory Sabbatini,100.00,47,47
1,Vijay Singh,100.00,49,49
1,Scott Verplank,100.00,48,48
1,Nick Watney,100.00,41,41
1,Boo Weekley,100.00,52,52
1,Mike Weir,100.00,45,45
1,Mark Wilson,100.00,47,47
23,Joe Ogilvie,97.96,49,48
24,Ángel Cabrera,97.92,48,47
24,Steve Flesch,97.92,48,47
26,Jonathan Byrd,97.87,47,46
27,Steve Stricker,97.67,43,42
28,Brandt Snedeker,97.56,41,40
29,George McNeill,95.83,48,46
30,Mark Calcavecchia,95.56,45,43
31,Henrik Stenson,95.24,42,40
