rank,player,% Made,Attempts,Putts made
1,Mike Weir,50.00,14,7
2,Scott Verplank,44.44,9,4
3,Justin Leonard,42.86,14,6
4,Woody Austin,40.00,10,4
4,Brandt Snedeker,40.00,10,4
6,Fred Funk,35.71,14,5
7,Ángel Cabrera,33.33,9,3
7,Jim Furyk,33.33,9,3
9,Rory Sabbatini,30.77,13,4
10,Steve Stricker,30.00,10,3
11,Aaron Baddeley,28.57,14,4
11,Charles Howell III,28.57,14,4
13,Hunter Mahan,27.27,11,3
14,Mark Wilson,26.67,15,4
15,Brian Bateman,25.00,12,3
15,Mark Calcavecchia,25.00,8,2
17,Jonathan Byrd,23.08,13,3
18,Paul Goydos,21.43,14,3
18,Henrik Stenson,21.43,14,3
20,Chad Campbell,18.75,16,3
21,Nick Watney,18.18,11,2
22,Daniel Chopra,16.67,12,2
23,Boo Weekley,15.38,13,2
24,Zach Johnson,14.29,14,2
24,George McNeill,14.29,7,1
26,Vijay Singh,12.50,8,1
27,K.J. Choi,9.09,11,1
28,Charley Hoffman,7.69,13,1
29,Stephen Ames,.00,4,-
29,Steve Flesch,.00,11,-
29,Joe Ogilvie,.00,8,-
