rank,player,% Made,Attempts,Putts made
1,Daniel Chopra,66.67,6,4
1,Nick Watney,66.67,3,2
3,Stephen Ames,40.00,5,2
4,Jonathan Byrd,33.33,6,2
5,Chad Campbell,28.57,7,2
6,Fred Funk,20.00,10,2
7,Steve Stricker,18.18,11,2
8,Mark Calcavecchia,16.67,12,2
8,K.J. Choi,16.67,6,1
8,Brandt Snedeker,16.67,6,1
8,Henrik Stenson,16.67,6,1
12,Aaron Baddeley,14.29,7,1
12,Boo Weekley,14.29,7,1
14,Justin Leonard,12.50,8,1
15,Jim Furyk,11.11,9,1
16,Vijay Singh,10.00,10,1
17,Woody Austin,.00,7,-
17,Brian Bateman,.00,1,-
17,Ángel Cabrera,.00,4,-
17,Steve Flesch,.00,8,-
17,Paul Goydos,.00,5,-
17,Charley Hoffman,.00,5,-
17,Charles Howell III,.00,6,-
17,Zach Johnson,.00,7,-
17,Hunter Mahan,.00,9,-
17,George McNeill,.00,6,-
17,Joe Ogilvie,.00,6,-
17,Rory Sabbatini,.00,8,-
17,Scott Verplank,.00,7,-
17,Mike Weir,.00,8,-
17,Mark Wilson,.00,5,-
