rank,player,Putts Made
1,Daniel Chopra,13.0
2,Justin Leonard,10.0
2,Mike Weir,10.0
4,Hunter Mahan,8.0
5,Stephen Ames,7.0
5,Woody Austin,7.0
5,Chad Campbell,7.0
5,Fred Funk,7.0
5,Charles Howell III,7.0
5,Steve Stricker,7.0
11,K.J. Choi,6.0
11,Jim Furyk,6.0
11,Rory Sabbatini,6.0
11,Brandt Snedeker,6.0
15,Aaron Baddeley,5.0
15,Jonathan Byrd,5.0
15,Ángel Cabrera,5.0
15,Henrik Stenson,5.0
15,Nick Watney,5.0
15,Boo Weekley,5.0
15,Mark Wilson,5.0
22,Brian Bateman,4.0
22,Mark Calcavecchia,4.0
22,Scott Verplank,4.0
25,Paul Goydos,3.0
25,Zach Johnson,3.0
25,George McNeill,3.0
25,Joe Ogilvie,3.0
29,Steve Flesch,2.0
29,Vijay Singh,2.0
31,Charley Hoffman,1.0
