rank,player,% Made,Attempts,Putts made
1,Stephen Ames,100.00,4,4
1,Chad Campbell,100.00,2,2
1,K.J. Choi,100.00,5,5
1,Paul Goydos,100.00,6,6
1,Zach Johnson,100.00,3,3
1,Brandt Snedeker,100.00,2,2
1,Henrik Stenson,100.00,3,3
1,Scott Verplank,100.00,3,3
1,Boo Weekley,100.00,1,1
10,Brian Bateman,85.71,7,6
11,Woody Austin,80.00,5,4
11,Steve Stricker,80.00,5,4
13,Mark Calcavecchia,75.00,8,6
14,Steve Flesch,71.43,7,5
15,Jim Furyk,66.67,3,2
15,Charley Hoffman,66.67,3,2
15,Charles Howell III,66.67,3,2
15,Justin Leonard,66.67,3,2
15,Hunter Mahan,66.67,3,2
15,George McNeill,66.67,6,4
15,Nick Watney,66.67,3,2
22,Fred Funk,57.14,7,4
23,Jonathan Byrd,50.00,4,2
23,Joe Ogilvie,50.00,4,2
23,Mark Wilson,50.00,6,3
26,Vijay Singh,42.86,7,3
27,Daniel Chopra,33.33,3,1
27,Rory Sabbatini,33.33,3,1
27,Mike Weir,33.33,3,1
30,Ángel Cabrera,25.00,4,1
