rank,player,% Made,Attempts,Putts made
1,Charles Howell III,100.00,2,2
1,Zach Johnson,100.00,1,1
1,Hunter Mahan,100.00,4,4
1,Henrik Stenson,100.00,2,2
5,George McNeill,75.00,4,3
6,Aaron Baddeley,66.67,3,2
6,Mike Weir,66.67,3,2
8,Mark Calcavecchia,60.00,5,3
9,Scott Verplank,57.14,7,4
10,Stephen Ames,50.00,2,1
10,Brian Bateman,50.00,2,1
10,Chad Campbell,50.00,2,1
10,Steve Flesch,50.00,2,1
10,Fred Funk,50.00,4,2
10,Justin Leonard,50.00,2,1
10,Nick Watney,50.00,2,1
17,Woody Austin,33.33,3,1
17,Jonathan Byrd,33.33,3,1
17,Jim Furyk,33.33,3,1
17,Charley Hoffman,33.33,3,1
17,Brandt Snedeker,33.33,3,1
17,Steve Stricker,33.33,3,1
23,Ángel Cabrera,.00,2,0
23,K.J. Choi,.00,1,0
23,Daniel Chopra,.00,2,0
23,Paul Goydos,.00,2,0
23,Rory Sabbatini,.00,1,0
23,Vijay Singh,.00,1,0
23,Boo Weekley,.00,2,0
23,Mark Wilson,.00,2,0
