rank,player,%,Attempts,Putts made
1,Zach Johnson,81.82,11,9
2,Aaron Baddeley,75.00,16,12
3,Charles Howell III,70.59,17,12
4,Paul Goydos,66.67,18,12
4,Nick Watney,66.67,18,12
6,Steve Flesch,65.00,20,13
7,Mark Calcavecchia,64.00,25,16
8,Stephen Ames,62.50,24,15
8,Brandt Snedeker,62.50,16,10
10,Henrik Stenson,61.90,21,13
11,Jonathan Byrd,57.14,14,8
11,K.J. Choi,57.14,14,8
13,Steve Stricker,56.25,16,9
14,Scott Verplank,56.00,25,14
15,George McNeill,55.56,27,15
16,Chad Campbell,53.85,13,7
17,Justin Leonard,53.33,15,8
18,Fred Funk,52.94,17,9
18,Hunter Mahan,52.94,17,9
20,Brian Bateman,50.00,22,11
21,Joe Ogilvie,47.37,19,9
22,Woody Austin,47.06,17,8
22,Rory Sabbatini,47.06,17,8
24,Jim Furyk,46.15,13,6
25,Charley Hoffman,42.86,14,6
25,Mike Weir,42.86,14,6
27,Vijay Singh,40.00,20,8
27,Boo Weekley,40.00,15,6
29,Ángel Cabrera,38.46,13,5
30,Daniel Chopra,37.50,8,3
31,Mark Wilson,35.29,17,6
