rank,player,% Made,Attempts,Putts made
1,K.J. Choi,50.00,8,4
2,Mike Weir,37.50,8,3
3,Stephen Ames,33.33,12,4
3,Hunter Mahan,33.33,6,2
5,Steve Flesch,28.57,7,2
6,Charles Howell III,25.00,12,3
6,Justin Leonard,25.00,8,2
6,Joe Ogilvie,25.00,4,1
9,Woody Austin,22.22,9,2
9,Daniel Chopra,22.22,9,2
9,George McNeill,22.22,9,2
12,Jim Furyk,16.67,12,2
13,Ángel Cabrera,14.29,14,2
13,Chad Campbell,14.29,14,2
15,Henrik Stenson,12.50,8,1
15,Steve Stricker,12.50,8,1
17,Boo Weekley,11.11,9,1
18,Zach Johnson,9.09,11,1
19,Aaron Baddeley,.00,6,-
19,Brian Bateman,.00,8,-
19,Jonathan Byrd,.00,4,-
19,Mark Calcavecchia,.00,6,-
19,Fred Funk,.00,11,-
19,Paul Goydos,.00,7,-
19,Charley Hoffman,.00,9,-
19,Rory Sabbatini,.00,9,-
19,Vijay Singh,.00,11,-
19,Brandt Snedeker,.00,7,-
19,Scott Verplank,.00,6,-
19,Nick Watney,.00,9,-
19,Mark Wilson,.00,9,-
