rank,player,% Made,Attempts,Putts made
1,Zach Johnson,100.00,13,13
1,Henrik Stenson,100.00,14,14
1,Nick Watney,100.00,14,14
1,Boo Weekley,100.00,9,9
5,Jonathan Byrd,92.86,14,13
5,Daniel Chopra,92.86,14,13
5,Mark Wilson,92.86,14,13
8,Aaron Baddeley,92.31,13,12
8,Charley Hoffman,92.31,13,12
10,Jim Furyk,91.67,12,11
10,Mike Weir,91.67,12,11
12,Steve Flesch,90.91,11,10
12,Charles Howell III,90.91,11,10
14,George McNeill,88.89,9,8
15,Stephen Ames,87.50,16,14
15,Brian Bateman,87.50,16,14
15,Ángel Cabrera,87.50,16,14
18,Steve Stricker,86.67,15,13
19,Hunter Mahan,85.71,7,6
19,Joe Ogilvie,85.71,14,12
21,Woody Austin,84.62,13,11
22,Chad Campbell,83.33,12,10
22,Justin Leonard,83.33,12,10
24,Paul Goydos,81.82,22,18
25,Vijay Singh,81.25,16,13
26,Fred Funk,80.00,15,12
26,Brandt Snedeker,80.00,20,16
28,K.J. Choi,76.92,13,10
29,Rory Sabbatini,73.33,15,11
30,Mark Calcavecchia,72.73,11,8
31,Scott Verplank,60.00,10,6
