rank,player,% Made,Attempts,Putts made
1,Zach Johnson,97.18,71,69
2,Aaron Baddeley,93.06,72,67
3,Nick Watney,91.78,73,67
4,Charles Howell III,91.43,70,64
5,Daniel Chopra,90.77,65,59
6,Jonathan Byrd,89.33,75,67
7,Jim Furyk,89.19,74,66
8,Chad Campbell,89.04,73,65
9,Charley Hoffman,88.75,80,71
10,Steve Flesch,88.61,79,70
11,Boo Weekley,88.16,76,67
12,K.J. Choi,88.00,75,66
13,Hunter Mahan,87.67,73,64
14,Paul Goydos,87.34,79,69
15,Mike Weir,87.32,71,62
16,Justin Leonard,87.14,70,61
17,Henrik Stenson,87.01,77,67
18,Steve Stricker,86.49,74,64
19,Ángel Cabrera,85.71,77,66
19,Brandt Snedeker,85.71,77,66
21,Stephen Ames,85.53,76,65
21,Woody Austin,85.53,76,65
21,Fred Funk,85.53,76,65
24,Mark Wilson,84.62,78,66
25,Joe Ogilvie,84.15,82,69
26,Brian Bateman,83.95,81,68
27,Rory Sabbatini,83.54,79,66
28,Mark Calcavecchia,82.72,81,67
29,Vijay Singh,82.35,85,70
30,George McNeill,82.14,84,69
31,Scott Verplank,81.93,83,68
