rank,player,% Made,Attempts,Putts Made
1,Daniel Chopra,25.00,52,13
2,Justin Leonard,22.22,45,10
3,Mike Weir,20.00,50,10
4,Stephen Ames,17.50,40,7
5,Hunter Mahan,15.38,52,8
6,Steve Stricker,14.89,47,7
7,Woody Austin,14.00,50,7
7,Charles Howell III,14.00,50,7
9,Brandt Snedeker,13.95,43,6
10,Chad Campbell,13.46,52,7
11,Rory Sabbatini,12.77,47,6
12,Fred Funk,12.73,55,7
13,Jim Furyk,12.24,49,6
14,K.J. Choi,11.76,51,6
15,Jonathan Byrd,11.63,43,5
16,Ángel Cabrera,10.42,48,5
17,Aaron Baddeley,10.20,49,5
18,Henrik Stenson,9.80,51,5
18,Boo Weekley,9.80,51,5
20,Scott Verplank,9.76,41,4
21,Mark Wilson,9.09,55,5
22,Nick Watney,8.93,56,5
23,Mark Calcavecchia,8.70,46,4
24,Brian Bateman,8.16,49,4
25,George McNeill,7.50,40,3
26,Paul Goydos,6.38,47,3
27,Joe Ogilvie,6.25,48,3
28,Zach Johnson,5.56,54,3
29,Steve Flesch,4.65,43,2
30,Vijay Singh,4.26,47,2
31,Charley Hoffman,1.85,54,1
