rank,player,% Made,Attempts,Putts made
1,Mark Calcavecchia,54.55,33,18
2,Brandt Snedeker,53.85,26,14
3,Stephen Ames,53.57,28,15
4,Aaron Baddeley,53.33,30,16
5,Scott Verplank,52.94,34,18
6,Charles Howell III,51.61,31,16
7,Justin Leonard,48.28,29,14
7,Nick Watney,48.28,29,14
9,George McNeill,47.06,34,16
10,Paul Goydos,46.88,32,15
11,Mike Weir,46.43,28,13
12,Steve Stricker,46.15,26,12
13,Henrik Stenson,45.71,35,16
14,Fred Funk,45.16,31,14
15,Woody Austin,44.44,27,12
16,Zach Johnson,44.00,25,11
17,Hunter Mahan,42.86,28,12
18,Steve Flesch,41.94,31,13
19,Brian Bateman,41.18,34,14
20,Jim Furyk,40.91,22,9
21,Jonathan Byrd,40.74,27,11
22,Rory Sabbatini,40.00,30,12
23,Ángel Cabrera,36.36,22,8
24,K.J. Choi,36.00,25,9
25,Chad Campbell,34.48,29,10
26,Joe Ogilvie,33.33,27,9
27,Vijay Singh,32.14,28,9
28,Mark Wilson,31.25,32,10
29,Boo Weekley,28.57,28,8
30,Charley Hoffman,25.93,27,7
31,Daniel Chopra,25.00,20,5
