rank,player,% Made,Attempts,Putts made
1,Woody Austin,100.00,1,1
1,Aaron Baddeley,100.00,3,3
1,Jonathan Byrd,100.00,2,2
1,Daniel Chopra,100.00,1,1
1,Charley Hoffman,100.00,3,3
1,Hunter Mahan,100.00,1,1
1,Brandt Snedeker,100.00,2,2
8,Steve Flesch,75.00,4,3
8,Nick Watney,75.00,4,3
10,Scott Verplank,71.43,7,5
11,Stephen Ames,66.67,6,4
11,Ángel Cabrera,66.67,3,2
11,Mark Calcavecchia,66.67,6,4
11,Paul Goydos,66.67,3,2
15,Zach Johnson,60.00,5,3
15,Mark Wilson,60.00,5,3
17,George McNeill,55.56,9,5
18,Fred Funk,50.00,2,1
18,Justin Leonard,50.00,2,1
18,Joe Ogilvie,50.00,8,4
18,Vijay Singh,50.00,6,3
18,Boo Weekley,50.00,4,2
23,Brian Bateman,42.86,7,3
24,Chad Campbell,33.33,3,1
24,Mike Weir,33.33,3,1
26,Henrik Stenson,25.00,4,1
27,Jim Furyk,.00,2,0
27,Charles Howell III,.00,2,0
27,Rory Sabbatini,.00,2,0
