rank,player,% Made,Attempts,Putts made
1,Zach Johnson,87.50,16,14
1,Nick Watney,87.50,16,14
3,Aaron Baddeley,81.82,11,9
4,Steve Stricker,80.00,15,12
5,Steve Flesch,77.27,22,17
6,Daniel Chopra,75.00,12,9
6,Paul Goydos,75.00,20,15
8,Chad Campbell,72.73,11,8
9,Stephen Ames,72.22,18,13
10,Jonathan Byrd,71.43,14,10
10,Jim Furyk,71.43,14,10
12,Mark Calcavecchia,68.00,25,17
13,Charley Hoffman,66.67,12,8
13,Brandt Snedeker,66.67,18,12
15,Woody Austin,64.29,14,9
15,Charles Howell III,64.29,14,9
15,Henrik Stenson,64.29,14,9
18,K.J. Choi,63.64,11,7
19,Scott Verplank,61.90,21,13
20,Brian Bateman,61.54,26,16
21,Mark Wilson,60.00,15,9
22,George McNeill,59.09,22,13
23,Fred Funk,57.89,19,11
24,Rory Sabbatini,57.14,21,12
25,Justin Leonard,54.55,11,6
25,Joe Ogilvie,54.55,22,12
25,Boo Weekley,54.55,11,6
28,Ángel Cabrera,53.85,13,7
28,Hunter Mahan,53.85,13,7
30,Vijay Singh,50.00,22,11
31,Mike Weir,22.22,9,2
