rank,player,%,Attempts,Putts made
1,Zach Johnson,100.00,60,60
1,Nick Watney,100.00,55,55
1,Boo Weekley,100.00,61,61
4,Charley Hoffman,98.48,66,65
5,Jim Furyk,98.36,61,60
5,Mark Wilson,98.36,61,60
7,Daniel Chopra,98.25,57,56
7,Mike Weir,98.25,57,56
9,Aaron Baddeley,98.21,56,55
9,Hunter Mahan,98.21,56,55
11,Charles Howell III,98.11,53,52
12,Jonathan Byrd,96.72,61,59
13,Chad Campbell,96.67,60,58
14,Woody Austin,96.61,59,57
14,Brian Bateman,96.61,59,57
14,Steve Flesch,96.61,59,57
17,Henrik Stenson,96.43,56,54
18,Justin Leonard,96.36,55,53
19,Stephen Ames,96.15,52,50
20,Vijay Singh,95.38,65,62
21,Ángel Cabrera,95.31,64,61
22,Joe Ogilvie,95.24,63,60
23,K.J. Choi,95.08,61,58
24,Fred Funk,94.92,59,56
25,Steve Stricker,94.83,58,55
26,George McNeill,94.74,57,54
27,Rory Sabbatini,93.55,62,58
28,Paul Goydos,93.44,61,57
29,Scott Verplank,93.10,58,54
30,Brandt Snedeker,91.80,61,56
31,Mark Calcavecchia,91.07,56,51
