rank,player,Total,Total (for all distances),Pct of all 1-putts
1,Woody Austin,15,32,46.9
2,Zach Johnson,12,26,46.2
3,David Toms,10,24,41.7
4,Stewart Cink,9,29,31.0
4,Ernie Els,9,25,36.0
4,Mark Hensby,9,23,39.1
4,Adam Scott,9,27,33.3
4,Heath Slocum,9,23,39.1
4,Andre Stolz,9,24,37.5
4,Vaughn Taylor,9,25,36.0
11,Chad Campbell,8,19,42.1
11,John Daly,8,22,36.4
11,Steve Flesch,8,24,33.3
11,Rod Pampling,8,23,34.8
15,Fred Funk,7,18,38.9
15,Brent Geiberger,7,23,30.4
15,Todd Hamilton,7,23,30.4
15,Jonathan Kaye,7,30,23.3
19,Jonathan Byrd,6,27,22.2
19,Carlos Franco,6,22,27.3
19,Retief Goosen,6,26,23.1
19,Mike Weir,6,27,22.2
23,Bart Bryant,5,23,21.7
23,Vijay Singh,5,26,19.2
25,Stephen Ames,4,22,18.2
25,Ryan Palmer,4,21,19.0
25,Joey Sindelar,4,23,17.4
25,Tiger Woods,4,23,17.4
29,Stuart Appleby,3,26,11.5
30,Sergio Garcia,2,19,10.5
30,Craig Parry,2,22,9.1
