rank,player,%,# of 1 putts,# of holes
1,Woody Austin,44.44,32,72
2,Jonathan Kaye,41.67,30,72
3,Stewart Cink,40.28,29,72
4,Jonathan Byrd,37.50,27,72
4,Adam Scott,37.50,27,72
4,Mike Weir,37.50,27,72
7,Stuart Appleby,36.11,26,72
7,Retief Goosen,36.11,26,72
7,Zach Johnson,36.11,26,72
7,Vijay Singh,36.11,26,72
11,Ernie Els,34.72,25,72
11,Vaughn Taylor,34.72,25,72
13,Steve Flesch,33.33,24,72
13,Andre Stolz,33.33,24,72
13,David Toms,33.33,24,72
16,Bart Bryant,31.94,23,72
16,Brent Geiberger,31.94,23,72
16,Todd Hamilton,31.94,23,72
16,Mark Hensby,31.94,23,72
16,Rod Pampling,31.94,23,72
16,Joey Sindelar,31.94,23,72
16,Heath Slocum,31.94,23,72
16,Tiger Woods,31.94,23,72
24,Stephen Ames,30.56,22,72
24,John Daly,30.56,22,72
24,Carlos Franco,30.56,22,72
24,Craig Parry,30.56,22,72
28,Ryan Palmer,29.17,21,72
29,Chad Campbell,26.39,19,72
29,Sergio Garcia,26.39,19,72
31,Fred Funk,25.00,18,72
