rank,player,%,# of 1 putts,# of holes
1,Woody Austin,55.56,10,18
2,Jonathan Byrd,50.00,9,18
2,Jonathan Kaye,50.00,9,18
4,Craig Parry,44.44,8,18
4,Heath Slocum,44.44,8,18
4,Vaughn Taylor,44.44,8,18
7,Stuart Appleby,38.89,7,18
7,Bart Bryant,38.89,7,18
7,Stewart Cink,38.89,7,18
7,Steve Flesch,38.89,7,18
7,Zach Johnson,38.89,7,18
7,Rod Pampling,38.89,7,18
7,Vijay Singh,38.89,7,18
7,Andre Stolz,38.89,7,18
15,Chad Campbell,33.33,6,18
15,Ernie Els,33.33,6,18
15,Joey Sindelar,33.33,6,18
18,Stephen Ames,27.78,5,18
18,Carlos Franco,27.78,5,18
18,Todd Hamilton,27.78,5,18
18,Ryan Palmer,27.78,5,18
18,Tiger Woods,27.78,5,18
23,Sergio Garcia,22.22,4,18
23,Brent Geiberger,22.22,4,18
23,Retief Goosen,22.22,4,18
23,Mark Hensby,22.22,4,18
23,Adam Scott,22.22,4,18
23,Mike Weir,22.22,4,18
29,John Daly,16.67,3,18
29,David Toms,16.67,3,18
31,Fred Funk,11.11,2,18
