rank,player,Total,Total (for all distances),Pct of all 1-putts
1,Stephen Ames,4,22,18.2
1,Bart Bryant,4,23,17.4
3,Stuart Appleby,3,26,11.5
3,Zach Johnson,3,26,11.5
3,Craig Parry,3,22,13.6
3,Adam Scott,3,27,11.1
7,Stewart Cink,2,29,6.9
7,Ernie Els,2,25,8.0
7,Jonathan Kaye,2,30,6.7
7,Ryan Palmer,2,21,9.5
7,Vijay Singh,2,26,7.7
7,Heath Slocum,2,23,8.7
7,Andre Stolz,2,24,8.3
14,Woody Austin,1,32,3.1
14,Jonathan Byrd,1,27,3.7
14,Chad Campbell,1,19,5.3
14,Steve Flesch,1,24,4.2
14,Carlos Franco,1,22,4.5
14,Fred Funk,1,18,5.6
14,Brent Geiberger,1,23,4.3
14,Mark Hensby,1,23,4.3
14,Rod Pampling,1,23,4.3
14,Joey Sindelar,1,23,4.3
14,David Toms,1,24,4.2
