rank,player,Total,Total (for all distances),Pct of all 1-putts
1,Retief Goosen,18,26,69.2
2,Jonathan Byrd,15,27,55.6
3,Joey Sindelar,14,23,60.9
4,Stewart Cink,13,29,44.8
4,Sergio Garcia,13,19,68.4
4,Jonathan Kaye,13,30,43.3
4,Ryan Palmer,13,21,61.9
4,Vijay Singh,13,26,50.0
4,Mike Weir,13,27,48.1
4,Tiger Woods,13,23,56.5
11,Mark Hensby,12,23,52.2
12,Stephen Ames,11,22,50.0
12,John Daly,11,22,50.0
12,Todd Hamilton,11,23,47.8
12,Rod Pampling,11,23,47.8
12,Andre Stolz,11,24,45.8
17,Woody Austin,10,32,31.3
17,Steve Flesch,10,24,41.7
17,Brent Geiberger,10,23,43.5
17,Zach Johnson,10,26,38.5
17,Vaughn Taylor,10,25,40.0
17,David Toms,10,24,41.7
23,Stuart Appleby,9,26,34.6
23,Carlos Franco,9,22,40.9
23,Craig Parry,9,22,40.9
26,Adam Scott,8,27,29.6
27,Bart Bryant,7,23,30.4
27,Chad Campbell,7,19,36.8
27,Fred Funk,7,18,38.9
27,Heath Slocum,7,23,30.4
31,Ernie Els,4,25,16.0
