rank,player,%,# of 1 putts,# of holes
1,Zach Johnson,50.00,9,18
1,Adam Scott,50.00,9,18
1,David Toms,50.00,9,18
4,Woody Austin,44.44,8,18
4,Brent Geiberger,44.44,8,18
4,Retief Goosen,44.44,8,18
7,Jonathan Byrd,38.89,7,18
7,John Daly,38.89,7,18
7,Ernie Els,38.89,7,18
7,Sergio Garcia,38.89,7,18
7,Tiger Woods,38.89,7,18
12,Stuart Appleby,33.33,6,18
12,Stewart Cink,33.33,6,18
12,Todd Hamilton,33.33,6,18
12,Mark Hensby,33.33,6,18
12,Jonathan Kaye,33.33,6,18
12,Rod Pampling,33.33,6,18
12,Craig Parry,33.33,6,18
12,Andre Stolz,33.33,6,18
20,Bart Bryant,27.78,5,18
20,Steve Flesch,27.78,5,18
20,Carlos Franco,27.78,5,18
23,Stephen Ames,22.22,4,18
23,Chad Campbell,22.22,4,18
23,Fred Funk,22.22,4,18
23,Ryan Palmer,22.22,4,18
23,Joey Sindelar,22.22,4,18
23,Vijay Singh,22.22,4,18
23,Vaughn Taylor,22.22,4,18
23,Mike Weir,22.22,4,18
31,Heath Slocum,11.11,2,18
