rank,player,%,# of 1 putts,# of holes
1,Mike Weir,77.78,14,18
2,Retief Goosen,61.11,11,18
3,Stewart Cink,50.00,9,18
3,Joey Sindelar,50.00,9,18
3,Vijay Singh,50.00,9,18
6,Mark Hensby,44.44,8,18
6,Vaughn Taylor,44.44,8,18
6,David Toms,44.44,8,18
9,Jonathan Byrd,38.89,7,18
9,Ernie Els,38.89,7,18
9,Steve Flesch,38.89,7,18
9,Carlos Franco,38.89,7,18
9,Sergio Garcia,38.89,7,18
9,Todd Hamilton,38.89,7,18
9,Jonathan Kaye,38.89,7,18
9,Heath Slocum,38.89,7,18
17,Stuart Appleby,33.33,6,18
17,Woody Austin,33.33,6,18
17,John Daly,33.33,6,18
17,Zach Johnson,33.33,6,18
17,Ryan Palmer,33.33,6,18
17,Rod Pampling,33.33,6,18
23,Stephen Ames,27.78,5,18
23,Bart Bryant,27.78,5,18
23,Chad Campbell,27.78,5,18
23,Brent Geiberger,27.78,5,18
23,Adam Scott,27.78,5,18
28,Fred Funk,22.22,4,18
29,Craig Parry,16.67,3,18
29,Andre Stolz,16.67,3,18
29,Tiger Woods,16.67,3,18
