rank,player,Total,Total (for all distances),Pct of all 1-putts
1,Stuart Appleby,8,26,30.8
2,Ernie Els,7,25,28.0
3,Jonathan Kaye,6,30,20.0
3,Craig Parry,6,22,27.3
3,Vijay Singh,6,26,23.1
6,Bart Bryant,5,23,21.7
6,Adam Scott,5,27,18.5
6,Mike Weir,5,27,18.5
6,Tiger Woods,5,23,21.7
10,Woody Austin,4,32,12.5
10,Stewart Cink,4,29,13.8
10,Steve Flesch,4,24,16.7
10,Carlos Franco,4,22,18.2
10,Brent Geiberger,4,23,17.4
10,Todd Hamilton,4,23,17.4
10,Heath Slocum,4,23,17.4
17,Fred Funk,3,18,16.7
17,Joey Sindelar,3,23,13.0
17,Vaughn Taylor,3,25,12.0
20,Stephen Ames,2,22,9.1
20,Jonathan Byrd,2,27,7.4
20,John Daly,2,22,9.1
20,Sergio Garcia,2,19,10.5
20,Retief Goosen,2,26,7.7
20,Rod Pampling,2,23,8.7
20,David Toms,2,24,8.3
27,Mark Hensby,1,23,4.3
27,Ryan Palmer,1,21,4.8
27,Andre Stolz,1,24,4.2
