rank,player,Total,Total (for all distances),Pct of all 1-putts
1,Stuart Appleby,3,26,11.5
1,Jonathan Byrd,3,27,11.1
3,Bart Bryant,2,23,8.7
3,Chad Campbell,2,19,10.5
3,Craig Parry,2,22,9.1
3,Adam Scott,2,27,7.4
3,Mike Weir,2,27,7.4
8,Woody Austin,1,32,3.1
8,John Daly,1,22,4.5
8,Ernie Els,1,25,4.0
8,Sergio Garcia,1,19,5.3
8,Brent Geiberger,1,23,4.3
8,Todd Hamilton,1,23,4.3
8,Zach Johnson,1,26,3.8
8,Rod Pampling,1,23,4.3
8,Joey Sindelar,1,23,4.3
8,Heath Slocum,1,23,4.3
8,Tiger Woods,1,23,4.3
