rank,player,%,# of 1 putts,# of holes
1,Adam Scott,50.00,9,18
2,Stephen Ames,44.44,8,18
2,Woody Austin,44.44,8,18
2,Fred Funk,44.44,8,18
2,Jonathan Kaye,44.44,8,18
2,Andre Stolz,44.44,8,18
2,Tiger Woods,44.44,8,18
8,Stuart Appleby,38.89,7,18
8,Stewart Cink,38.89,7,18
10,Bart Bryant,33.33,6,18
10,John Daly,33.33,6,18
10,Brent Geiberger,33.33,6,18
10,Ryan Palmer,33.33,6,18
10,Vijay Singh,33.33,6,18
10,Heath Slocum,33.33,6,18
16,Ernie Els,27.78,5,18
16,Steve Flesch,27.78,5,18
16,Carlos Franco,27.78,5,18
16,Todd Hamilton,27.78,5,18
16,Mark Hensby,27.78,5,18
16,Craig Parry,27.78,5,18
16,Vaughn Taylor,27.78,5,18
16,Mike Weir,27.78,5,18
24,Jonathan Byrd,22.22,4,18
24,Chad Campbell,22.22,4,18
24,Zach Johnson,22.22,4,18
24,Rod Pampling,22.22,4,18
24,Joey Sindelar,22.22,4,18
24,David Toms,22.22,4,18
30,Retief Goosen,16.67,3,18
31,Sergio Garcia,5.56,1,18
