rank,player,Distance,Year/Tourn#,Round,Hole
1,Bart Bryant,"69' 10""",Mercedes Champ,4,2 - Par 3 -
2,Jonathan Byrd,"56' 11""",Mercedes Champ,4,7 - Par 4 -
3,Zach Johnson,"53' 3""",Mercedes Champ,1,8 - Par 3 -
4,Heath Slocum,"50' 4""",Mercedes Champ,1,5 - Par 5 -
5,Sergio Garcia,"43' 9""",Mercedes Champ,1,11 - Par 3
6,Chad Campbell,"42' 0""",Mercedes Champ,4,17 - Par 4
8,Stuart Appleby,"39' 4""",Mercedes Champ,3,13 - Par 4
9,John Daly,"37' 8""",Mercedes Champ,3,15 - Par 5
10,Stephen Ames,"36' 1""",Mercedes Champ,1,15 - Par 5
11,Fred Funk,"34' 2""",Mercedes Champ,1,13 - Par 4
13,Joey Sindelar,"31' 0""",Mercedes Champ,4,12 - Par 4
15,Tiger Woods,"30' 11""",Mercedes Champ,3,13 - Par 4
16,Todd Hamilton,"30' 6""",Mercedes Champ,2,13 - Par 4
17,Rod Pampling,"29' 10""",Mercedes Champ,2,10 - Par 4
18,Brent Geiberger,"29' 6""",Mercedes Champ,3,11 - Par 3
20,Mike Weir,"28' 7""",Mercedes Champ,2,11 - Par 3
21,Craig Parry,"28' 5""",Mercedes Champ,4,11 - Par 3
23,Adam Scott,"28' 3""",Mercedes Champ,3,16 - Par 4
28,Ernie Els,"25' 8""",Mercedes Champ,3,2 - Par 3 -
29,Woody Austin,"25' 8""",Mercedes Champ,4,9 - Par 5 -
30,Carlos Franco,"25' 0""",Mercedes Champ,2,4 - Par 4 -
31,Jonathan Kaye,"24' 10""",Mercedes Champ,2,7 - Par 4 -
33,Vaughn Taylor,"24' 5""",Mercedes Champ,3,1 - Par 4 -
35,David Toms,"23' 8""",Mercedes Champ,1,17 - Par 4
39,Andre Stolz,"22' 10""",Mercedes Champ,2,6 - Par 4 -
40,Stewart Cink,"22' 9""",Mercedes Champ,1,7 - Par 4 -
47,Steve Flesch,"21' 2""",Mercedes Champ,3,1 - Par 4 -
48,Mark Hensby,"21' 2""",Mercedes Champ,1,6 - Par 4 -
49,Ryan Palmer,"20' 8""",Mercedes Champ,2,14 - Par 4
80,Vijay Singh,"16' 7""",Mercedes Champ,2,1 - Par 4 -
101,Retief Goosen,"14' 9""",Mercedes Champ,2,17 - Par 4
