rank,player,%,Successes,Attempts
1,Arjun Atwal,100.00,1,1
1,Matt Bettencourt,100.00,3,3
1,Jonathan Byrd,100.00,3,3
1,Jim Furyk,100.00,1,1
1,Bill Lunde,100.00,1,1
1,Graeme McDowell,100.00,1,1
1,Carl Pettersson,100.00,2,2
1,Steve Stricker,100.00,2,2
9,Jason Day,75.00,3,4
9,Charley Hoffman,75.00,3,4
9,Hunter Mahan,75.00,3,4
12,Jason Bohn,50.00,1,2
12,Ben Crane,50.00,1,2
12,Ernie Els,50.00,1,2
12,Anthony Kim,50.00,1,2
12,Rocco Mediate,50.00,1,2
12,Francesco Molinari,50.00,2,4
12,Ian Poulter,50.00,1,2
12,Justin Rose,50.00,1,2
20,Stuart Appleby,42.86,3,7
21,Adam Scott,40.00,2,5
22,Cameron Beckman,33.33,2,6
22,Robert Garrigus,33.33,1,3
22,Dustin Johnson,33.33,1,3
22,Zach Johnson,33.33,1,3
22,Derek Lamely,33.33,1,3
27,Matt Kuchar,.00,0,2
27,Ryan Palmer,.00,0,2
27,Heath Slocum,.00,0,1
27,Bubba Watson,.00,0,3
