rank,player,%,Successes,Attempts
1,Cameron Beckman,100.00,5,5
1,Jason Day,100.00,5,5
1,Jim Furyk,100.00,3,3
1,Robert Garrigus,100.00,1,1
1,Steve Stricker,100.00,3,3
6,Bill Haas,85.71,6,7
7,Jonathan Byrd,75.00,3,4
7,Matt Kuchar,75.00,3,4
7,Ryan Palmer,75.00,3,4
10,Arjun Atwal,66.67,2,3
10,Dustin Johnson,66.67,2,3
10,Anthony Kim,66.67,2,3
10,Francesco Molinari,66.67,4,6
10,Adam Scott,66.67,2,3
15,Ben Crane,60.00,3,5
16,Matt Bettencourt,50.00,2,4
16,Charley Hoffman,50.00,1,2
16,Bill Lunde,50.00,3,6
16,Carl Pettersson,50.00,3,6
16,Bubba Watson,50.00,1,2
21,Tim Clark,40.00,2,5
21,Zach Johnson,40.00,2,5
21,Hunter Mahan,40.00,2,5
21,Ian Poulter,40.00,2,5
25,Jason Bohn,33.33,1,3
25,Graeme McDowell,33.33,1,3
25,Rocco Mediate,33.33,2,6
25,Justin Rose,33.33,1,3
29,Derek Lamely,28.57,2,7
30,Stuart Appleby,20.00,1,5
31,Ernie Els,.00,0,1
31,Heath Slocum,.00,0,3
