rank,player,%,# of Saves,# of Bunkers
1,Arjun Atwal,100.00,2,2
1,Jonathan Byrd,100.00,2,2
1,Tim Clark,100.00,2,2
1,Ben Crane,100.00,1,1
1,Jason Day,100.00,1,1
1,Robert Garrigus,100.00,1,1
1,Charley Hoffman,100.00,1,1
1,Heath Slocum,100.00,1,1
9,Zach Johnson,50.00,1,2
9,Matt Kuchar,50.00,1,2
9,Justin Rose,50.00,1,2
12,Stuart Appleby,.00,0,1
12,Matt Bettencourt,.00,0,1
12,Bill Haas,.00,0,1
12,Hunter Mahan,.00,0,1
12,Graeme McDowell,.00,0,1
12,Rocco Mediate,.00,0,3
12,Francesco Molinari,.00,0,1
12,Ian Poulter,.00,0,2
12,Adam Scott,.00,0,2
12,Steve Stricker,.00,0,1
12,Bubba Watson,.00,0,1
