rank,player,%,Successes,Attempts
1,Jonathan Byrd,100.00,5,5
1,Jason Day,100.00,7,7
1,Ernie Els,100.00,1,1
1,Graeme McDowell,100.00,2,2
1,Carl Pettersson,100.00,8,8
1,Justin Rose,100.00,2,2
7,Francesco Molinari,85.71,6,7
8,Jim Furyk,83.33,5,6
9,Charley Hoffman,80.00,4,5
9,Matt Kuchar,80.00,4,5
9,Ryan Palmer,80.00,4,5
12,Steve Stricker,66.67,4,6
13,Anthony Kim,60.00,3,5
14,Dustin Johnson,57.14,4,7
14,Rocco Mediate,57.14,4,7
16,Arjun Atwal,50.00,2,4
16,Cameron Beckman,50.00,5,10
16,Jason Bohn,50.00,2,4
16,Bill Haas,50.00,1,2
16,Derek Lamely,50.00,2,4
16,Bill Lunde,50.00,2,4
16,Adam Scott,50.00,2,4
23,Ian Poulter,42.86,3,7
24,Matt Bettencourt,40.00,2,5
25,Stuart Appleby,33.33,3,9
25,Zach Johnson,33.33,2,6
25,Hunter Mahan,33.33,1,3
28,Ben Crane,25.00,1,4
29,Heath Slocum,20.00,1,5
29,Bubba Watson,20.00,1,5
31,Tim Clark,.00,0,4
31,Robert Garrigus,.00,0,1
