rank,player,%,Successes,Attempts
1,Cameron Beckman,100.00,1,1
1,Tim Clark,100.00,2,2
1,Ben Crane,100.00,1,1
1,Robert Garrigus,100.00,1,1
1,Steve Stricker,100.00,1,1
6,Jason Day,75.00,3,4
7,Jonathan Byrd,66.67,2,3
8,Adam Scott,50.00,1,2
9,Hunter Mahan,33.33,1,3
9,Francesco Molinari,33.33,1,3
11,Stuart Appleby,25.00,1,4
12,Arjun Atwal,.00,0,2
12,Matt Bettencourt,.00,0,1
12,Bill Haas,.00,0,1
12,Dustin Johnson,.00,0,1
12,Zach Johnson,.00,0,1
12,Matt Kuchar,.00,0,1
12,Derek Lamely,.00,0,1
12,Graeme McDowell,.00,0,1
12,Rocco Mediate,.00,0,3
12,Ian Poulter,.00,0,1
12,Justin Rose,.00,0,2
12,Heath Slocum,.00,0,1
12,Bubba Watson,.00,0,1
