rank,player,Avg,Total Distance (feet),# of Attempts,Relative to par
1,Matt Kuchar,"1' 8""",1.667,1,+1
2,Matt Bettencourt,"3' 1""",3.083,1,-1
3,Shigeki Maruyama,"6' 8""",6.667,1,+1
4,Kevin Na,"6' 9""",13.500,2,-1
5,Jason Dufner,"7' 0""",7.000,1,+1
6,Nate Smith,"7' 7""",7.583,1,-1
7,Jarrod Lyle,"9' 3""",27.750,3,-2
8,John Merrick,"9' 7""",19.167,2,-1
9,Jason Bohn,"10' 4""",20.667,2,-1
10,Tim Clark,"10' 8""",64.167,6,-1
11,Freddie Jacobson,"10' 9""",32.167,3,-1
12,Cameron Beckman,"11' 3""",11.250,1,E
13,Brian Gay,"11' 7""",46.250,4,E
14,Stuart Appleby,"11' 8""",23.250,2,E
15,Arjun Atwal,"12' 4""",24.583,2,-2
16,Anthony Kim,"12' 7""",37.750,3,-1
17,Kevin Chappell,"12' 8""",12.667,1,+2
17,Alex Prugh,"12' 8""",25.250,2,E
19,WC Liang,"13' 6""",67.583,5,-1
20,Chris Riley,"13' 9""",68.667,5,E
21,Jonathan Byrd,"14' 0""",28.000,2,E
22,Webb Simpson,"14' 5""",28.750,2,E
23,Steve Stricker,"15' 5""",30.750,2,+1
24,Michael Connell,"15' 7""",15.583,1,+1
25,Daniel Summerhays,"15' 11""",47.667,3,+2
26,Davis Love III,"16' 7""",16.583,1,E
27,Brandt Jobe,"16' 10""",16.833,1,-1
28,Charlie Wi,"17' 9""",35.417,2,+2
29,Matt McQuillan,"18' 6""",55.500,3,+2
30,Chris Kirk,"19' 2""",19.167,1,E
31,Ernie Els,"20' 1""",60.250,3,E
32,Ryan Palmer,"22' 1""",22.083,1,E
33,D.J. Brigman,"22' 4""",44.583,2,E
34,Jeff Overton,"22' 11""",22.917,1,E
35,Jerry Kelly,"23' 9""",23.750,1,E
36,Spencer Levin,"24' 3""",48.500,2,E
37,Jesper Parnevik,"30' 7""",61.167,2,+2
38,Roland Thatcher,"31' 8""",31.667,1,-1
39,Michael Sim,"36' 11""",73.833,2,+1
40,Mark Wilson,"45' 6""",45.500,1,E
41,Tag Ridings,"53' 7""",107.167,2,+1
