rank,player,Avg,Total Distance (feet),# of Attempts,Relative to par
1,Marc Leishman,"11' 3""",11.250,1,-1
2,Spencer Levin,"19' 10""",39.583,2,-2
3,Brendon de Jonge,"20' 6""",20.500,1,-1
4,Jason Day,"21' 7""",64.833,3,-5
5,Brandt Jobe,"24' 8""",24.667,1,-1
6,Brian Gay,"27' 9""",111.083,4,-2
7,Nate Smith,"29' 4""",58.583,2,-1
8,Jeff Overton,"30' 10""",61.667,2,-2
9,Chris Riley,"31' 1""",93.167,3,-3
10,Rory Sabbatini,"32' 4""",97.000,3,-2
11,Matt McQuillan,"35' 10""",107.500,3,-1
12,Colt Knost,"36' 6""",73.000,2,E
13,Kevin Na,"36' 9""",36.750,1,-1
14,John Senden,"37' 0""",73.917,2,-2
15,Chris DiMarco,"37' 7""",150.417,4,-2
16,Jonathan Byrd,"39' 3""",78.500,2,-2
17,Steven Bowditch,"40' 6""",40.500,1,-2
18,Steve Stricker,"42' 9""",85.500,2,-3
19,Michael Connell,"44' 8""",44.667,1,-1
19,Charlie Wi,"44' 8""",89.250,2,+1
21,Aaron Baddeley,"44' 10""",89.667,2,-1
22,D.J. Brigman,"45' 2""",45.167,1,-1
23,Jarrod Lyle,"45' 3""",45.250,1,-1
24,Boo Weekley,"49' 8""",99.333,2,-2
25,Jerry Kelly,"50' 6""",201.833,4,-1
26,Roland Thatcher,"55' 11""",111.833,2,-2
27,Ernie Els,"58' 2""",116.250,2,-2
28,Stuart Appleby,"58' 3""",116.417,2,-1
29,Tim Clark,"61' 4""",183.917,3,-1
30,Justin Rose,"61' 5""",184.333,3,-3
31,Tag Ridings,"62' 10""",62.833,1,-1
32,Alex Prugh,"66' 6""",66.500,1,E
33,Jimmy Walker,"68' 11""",68.917,1,-1
34,Michael Sim,"70' 7""",141.167,2,-1
35,Mark Wilson,"71' 9""",143.500,2,E
36,Billy Mayfair,"77' 2""",308.583,4,-2
37,Chad Campbell,"85' 0""",85.000,1,E
38,Chris Kirk,"87' 7""",87.583,1,-1
39,Shigeki Maruyama,"94' 9""",94.750,1,+1
40,Jesper Parnevik,"113' 11""",113.917,1,E
