rank,player,Avg,Total Distance (feet),# of Attempts,Relative to par
1,Marc Leishman,"26' 7""",26.583,1,-1
2,Charlie Wi,"33' 2""",33.167,1,-1
3,Webb Simpson,"35' 10""",35.833,1,-1
4,Kevin Na,"36' 5""",36.417,1,-1
5,Boo Weekley,"39' 7""",79.167,2,-2
6,Chad Campbell,"40' 5""",40.417,1,-1
7,Ryan Palmer,"41' 6""",82.917,2,-2
8,Chris DiMarco,"43' 8""",87.333,2,-1
9,Jarrod Lyle,"48' 2""",48.167,1,E
10,Jeff Overton,"48' 5""",48.417,1,-1
11,Arjun Atwal,"49' 2""",49.167,1,-1
11,Chris Riley,"49' 2""",49.167,1,E
13,Anthony Kim,"51' 11""",51.917,1,E
14,Matt Kuchar,"54' 5""",108.833,2,-2
15,Roland Thatcher,"54' 9""",109.417,2,-2
16,Freddie Jacobson,"55' 8""",55.667,1,-1
17,Kevin Chappell,"57' 0""",57.000,1,E
18,Colt Knost,"58' 10""",58.833,1,E
19,Steven Bowditch,"59' 10""",119.667,2,-1
20,Stuart Appleby,"62' 3""",62.250,1,-1
20,WC Liang,"62' 3""",62.250,1,-1
22,Nate Smith,"65' 3""",65.250,1,-1
23,Jason Dufner,"66' 3""",66.250,1,-1
24,Michael Connell,"66' 5""",66.417,1,-1
25,Spencer Levin,"67' 10""",135.583,2,-2
26,Brandt Jobe,"68' 4""",68.333,1,-1
27,John Merrick,"70' 1""",210.167,3,-2
28,Jerry Kelly,"72' 7""",290.417,4,-1
29,Cameron Beckman,"76' 8""",76.667,1,-1
30,Brian Gay,"76' 9""",383.667,5,-4
31,Justin Rose,"81' 4""",81.333,1,-1
32,Jason Bohn,"82' 2""",164.333,2,-1
32,Mark Wilson,"82' 2""",164.250,2,-2
34,Steve Stricker,"83' 8""",167.250,2,-1
35,Michael Sim,"84' 2""",168.250,2,-2
36,Jonathan Byrd,"89' 3""",178.500,2,E
37,Brendon de Jonge,"89' 11""",179.833,2,E
38,Daniel Summerhays,"90' 3""",270.667,3,-1
39,Jason Day,"98' 6""",98.500,1,E
40,Matt McQuillan,"103' 2""",103.167,1,E
41,Rory Sabbatini,"129' 2""",129.167,1,E
42,D.J. Brigman,"142' 11""",142.917,1,-1
