rank,player,Avg,Total Distance (feet),# of Attempts,GIR Rank
1,Tim Clark,"24' 7""","1,767.583",72,Under
2,Davis Love III,"25' 10""","1,861.500",72,Under
3,Chris Riley,"27' 3""","1,960.083",72,Under
4,Cameron Beckman,"28' 9""","2,071.500",72,Under
5,Ernie Els,"29' 1""","2,095.667",72,Under
6,Chris Kirk,"29' 5""","2,117.667",72,Under
7,Boo Weekley,"30' 3""","2,180.417",72,Under
8,Charlie Wi,"30' 7""","2,201.000",72,Under
9,Stuart Appleby,"30' 11""","2,228.667",72,Under
9,Anthony Kim,"30' 11""","2,227.417",72,Under
11,Aaron Baddeley,"31' 0""","2,233.167",72,Under
11,Chad Campbell,"31' 0""","2,229.250",72,Under
13,Daniel Summerhays,"31' 3""","2,247.583",72,Under
14,Brandt Jobe,"31' 7""","2,272.083",72,Under
14,Ryan Palmer,"31' 7""","2,272.000",72,Even
16,Jeff Overton,"32' 1""","2,312.417",72,Under
17,Jerry Kelly,"32' 4""","2,328.833",72,Under
18,Jason Bohn,"32' 5""","2,333.750",72,Under
18,Chris DiMarco,"32' 5""","2,331.000",72,Under
20,Steve Marino,"32' 6""","2,341.583",72,Under
21,Alex Prugh,"32' 7""","2,344.583",72,Under
22,Kevin Chappell,"32' 8""","2,352.167",72,Under
23,Spencer Levin,"32' 11""","2,337.833",71,Under
24,Jarrod Lyle,"33' 3""","2,395.333",72,Under
25,Matt Kuchar,"33' 4""","2,397.250",72,Under
26,Marc Leishman,"33' 7""","2,420.833",72,Under
27,Brian Gay,"33' 8""","2,422.417",72,Under
28,Steve Stricker,"33' 9""","2,427.250",72,Under
29,Roland Thatcher,"33' 10""","2,436.250",72,Under
30,Freddie Jacobson,"34' 3""","2,464.167",72,Under
31,Jonathan Byrd,"34' 4""","2,470.667",72,Under
32,Colt Knost,"34' 9""","2,502.417",72,Under
33,Tag Ridings,"34' 11""","2,511.500",72,Under
34,Rory Sabbatini,"35' 0""","2,519.417",72,Under
35,Mark Wilson,"35' 2""","2,530.917",72,Under
36,Shigeki Maruyama,"35' 3""","2,539.583",72,Under
37,John Senden,"35' 5""","2,548.417",72,Under
38,Brendon de Jonge,"35' 8""","2,570.250",72,Under
38,Billy Mayfair,"35' 8""","2,568.083",72,Under
40,Jimmy Walker,"35' 9""","2,571.833",72,Under
41,D.J. Brigman,"36' 0""","2,591.167",72,Under
42,Nate Smith,"36' 6""","2,625.500",72,Under
43,Jason Day,"36' 7""","2,634.167",72,Under
43,Webb Simpson,"36' 7""","2,631.583",72,Under
45,Arjun Atwal,"36' 10""","2,653.250",72,Under
46,Justin Rose,"37' 2""","2,677.500",72,Under
47,Michael Connell,"38' 0""","2,736.167",72,Under
48,Matt McQuillan,"38' 2""","2,746.417",72,Over
49,Steven Bowditch,"38' 3""","2,755.167",72,Under
50,Jason Dufner,"38' 5""","2,767.000",72,Over
51,Matt Bettencourt,"38' 9""","2,790.833",72,Under
52,John Merrick,"38' 11""","2,802.000",72,Under
53,Kevin Na,"39' 4""","2,833.417",72,Under
54,Michael Sim,"39' 5""","2,840.500",72,Over
55,WC Liang,"40' 2""","2,889.250",72,Under
56,Jesper Parnevik,"42' 2""","3,037.667",72,Over
