rank,player,Avg,Total Distance (feet),# of Attempts,Relative to par
1,Jonathan Byrd,"2' 4""",2.333,1,E
2,Arjun Atwal,"5' 6""",5.500,1,E
3,Jason Bohn,"5' 9""",11.500,2,-1
4,Spencer Levin,"7' 2""",21.417,3,-1
5,Jason Day,"8' 0""",15.917,2,-2
6,Chad Campbell,"8' 6""",8.500,1,-1
7,Alex Prugh,"10' 9""",43.000,4,-2
8,Brian Gay,"10' 11""",10.917,1,+1
9,Jeff Overton,"11' 7""",23.167,2,E
10,Steven Bowditch,"11' 9""",11.750,1,-1
11,Ernie Els,"12' 10""",51.250,4,-1
11,Jimmy Walker,"12' 10""",12.833,1,E
13,Mark Wilson,"13' 4""",40.000,3,-1
14,Justin Rose,"13' 9""",13.750,1,E
15,Kevin Chappell,"13' 11""",55.667,4,-1
16,Steve Marino,"14' 2""",70.667,5,-2
17,Cameron Beckman,"15' 7""",77.750,5,+4
18,D.J. Brigman,"17' 0""",34.000,2,-1
19,Aaron Baddeley,"17' 3""",103.500,6,-2
20,Daniel Summerhays,"17' 5""",17.417,1,E
21,Michael Connell,"18' 4""",18.333,1,E
22,Tim Clark,"18' 7""",18.583,1,+1
23,Nate Smith,"18' 9""",37.417,2,-1
24,Tag Ridings,"18' 10""",94.000,5,-1
25,Roland Thatcher,"18' 11""",37.750,2,-1
26,Chris Riley,"19' 5""",58.250,3,-1
27,Chris Kirk,"19' 8""",39.333,2,E
28,Chris DiMarco,"20' 1""",20.083,1,E
29,Marc Leishman,"20' 5""",40.833,2,E
30,Jason Dufner,"21' 9""",86.917,4,-1
31,Brandt Jobe,"22' 2""",44.250,2,E
31,John Senden,"22' 2""",44.333,2,E
33,Steve Stricker,"23' 4""",46.583,2,+1
34,Matt Bettencourt,"24' 7""",98.417,4,E
35,Boo Weekley,"25' 3""",25.250,1,-1
36,Matt Kuchar,"28' 1""",28.083,1,+1
37,Billy Mayfair,"31' 1""",31.083,1,+1
38,Matt McQuillan,"31' 3""",31.250,1,+1
39,Brendon de Jonge,"33' 2""",33.167,1,E
40,Anthony Kim,"36' 3""",36.250,1,E
41,WC Liang,"42' 5""",42.417,1,E
42,Ryan Palmer,"69' 5""",69.417,1,+1
