rank,player,Avg,Total Distance (feet),# of Attempts,Relative to par
1,Freddie Jacobson,"1' 11""",1.917,1,-1
2,Kevin Chappell,"3' 0""",3.000,1,-1
3,Tim Clark,"4' 9""",14.250,3,-2
4,Boo Weekley,"4' 10""",14.583,3,-1
5,Jarrod Lyle,"4' 11""",4.917,1,E
6,Jerry Kelly,"5' 3""",10.500,2,-2
7,Anthony Kim,"5' 4""",21.333,4,-1
8,Michael Connell,"5' 6""",10.917,2,-1
9,Brandt Jobe,"5' 7""",16.667,3,-1
10,Ernie Els,"5' 8""",5.667,1,-1
10,WC Liang,"5' 8""",5.667,1,E
12,Spencer Levin,"6' 1""",12.167,2,-1
13,John Senden,"6' 2""",6.167,1,E
14,Jason Dufner,"6' 7""",13.167,2,-2
15,Chris DiMarco,"7' 3""",21.667,3,-1
16,Chad Campbell,"7' 7""",15.167,2,-1
16,Rory Sabbatini,"7' 7""",15.083,2,-1
18,Colt Knost,"8' 3""",8.250,1,-1
19,Cameron Beckman,"8' 4""",8.333,1,-1
20,Shigeki Maruyama,"8' 5""",8.417,1,-1
21,Roland Thatcher,"8' 9""",17.417,2,-2
22,Daniel Summerhays,"8' 11""",8.917,1,-1
23,Ryan Palmer,"9' 1""",27.250,3,-2
24,Stuart Appleby,"9' 8""",19.250,2,-1
25,Aaron Baddeley,"9' 10""",9.833,1,-1
26,Kevin Na,"10' 0""",20.000,2,-1
27,Matt Bettencourt,"10' 1""",20.167,2,-1
28,Davis Love III,"10' 3""",30.833,3,E
29,Justin Rose,"10' 6""",31.417,3,-1
30,Marc Leishman,"10' 10""",21.583,2,E
31,Steve Stricker,"11' 5""",34.167,3,-1
32,Tag Ridings,"11' 6""",23.000,2,E
33,Webb Simpson,"12' 7""",75.417,6,+1
33,Mark Wilson,"12' 7""",12.583,1,-1
35,Nate Smith,"12' 9""",12.750,1,E
36,Jonathan Byrd,"13' 8""",13.667,1,E
37,Chris Kirk,"14' 5""",14.417,1,-1
38,Billy Mayfair,"15' 11""",31.833,2,+1
39,Matt Kuchar,"16' 4""",32.667,2,-1
40,Jason Bohn,"16' 9""",50.333,3,+1
41,John Merrick,"17' 9""",17.750,1,-1
42,Chris Riley,"19' 6""",38.917,2,-1
43,Steve Marino,"21' 2""",42.250,2,+1
44,Jason Day,"21' 4""",42.583,2,E
45,Matt McQuillan,"25' 0""",49.917,2,E
46,Jimmy Walker,"26' 6""",26.500,1,E
47,Steven Bowditch,"27' 6""",54.917,2,E
47,Michael Sim,"27' 6""",54.917,2,+1
49,Brendon de Jonge,"27' 10""",27.833,1,+1
50,Jeff Overton,"28' 8""",57.333,2,+2
51,Jesper Parnevik,"32' 0""",96.083,3,+1
52,Alex Prugh,"38' 2""",76.250,2,E
