rank,player,Avg,Total Distance (feet),# of Attempts,Relative to par
1,Shigeki Maruyama,"7' 7""",15.083,2,E
1,Rory Sabbatini,"7' 7""",15.083,2,-1
3,Chad Campbell,"7' 11""",23.667,3,-2
4,Jarrod Lyle,"8' 2""",32.667,4,-2
5,Colt Knost,"8' 3""",8.250,1,-1
6,Kevin Na,"8' 5""",33.500,4,-2
7,Freddie Jacobson,"8' 6""",34.083,4,-2
8,Tim Clark,"9' 8""",97.000,10,-2
9,Arjun Atwal,"10' 0""",30.083,3,-2
9,Boo Weekley,"10' 0""",39.833,4,-2
11,Chris DiMarco,"10' 5""",41.750,4,-1
12,Stuart Appleby,"10' 8""",42.500,4,-1
13,Jonathan Byrd,"11' 0""",44.000,4,E
14,Michael Connell,"11' 3""",44.833,4,E
15,Justin Rose,"11' 4""",45.167,4,-1
16,Brian Gay,"11' 5""",57.167,5,+1
16,Jerry Kelly,"11' 5""",34.250,3,-2
18,Jason Bohn,"11' 9""",82.500,7,-1
18,Spencer Levin,"11' 9""",82.083,7,-2
20,Davis Love III,"11' 10""",47.417,4,E
21,Kevin Chappell,"11' 11""",71.333,6,E
21,Anthony Kim,"11' 11""",95.333,8,-2
23,John Merrick,"12' 4""",36.917,3,-2
24,Brandt Jobe,"13' 0""",77.750,6,-2
24,Webb Simpson,"13' 0""",104.167,8,+1
26,Cameron Beckman,"13' 11""",97.333,7,+3
27,Nate Smith,"14' 5""",57.750,4,-2
28,Jason Day,"14' 8""",58.500,4,-2
28,Ernie Els,"14' 8""",117.167,8,-2
30,Daniel Summerhays,"14' 10""",74.000,5,+1
31,Jason Dufner,"15' 4""",107.083,7,-2
32,Matt Kuchar,"15' 7""",62.417,4,+1
32,Marc Leishman,"15' 7""",62.417,4,E
34,Steve Stricker,"15' 11""",111.500,7,+1
35,Aaron Baddeley,"16' 2""",113.333,7,-3
35,Steve Marino,"16' 2""",112.917,7,-1
37,WC Liang,"16' 6""",115.667,7,-1
38,Chris Riley,"16' 7""",165.833,10,-2
39,John Senden,"16' 10""",50.500,3,E
40,Roland Thatcher,"17' 4""",86.833,5,-4
41,Matt Bettencourt,"17' 5""",121.667,7,-2
42,Charlie Wi,"17' 9""",35.417,2,+2
43,Alex Prugh,"18' 1""",144.500,8,-2
44,Chris Kirk,"18' 3""",72.917,4,-1
45,Mark Wilson,"19' 7""",98.083,5,-2
46,D.J. Brigman,"19' 8""",78.583,4,-1
46,Jimmy Walker,"19' 8""",39.333,2,E
48,Jeff Overton,"20' 8""",103.417,5,+2
49,Billy Mayfair,"21' 0""",62.917,3,+2
50,Steven Bowditch,"22' 3""",66.667,3,-1
51,Matt McQuillan,"22' 9""",136.667,6,+3
52,Ryan Palmer,"23' 9""",118.750,5,-1
53,Tag Ridings,"24' 11""",224.167,9,E
54,Brendon de Jonge,"30' 6""",61.000,2,+1
55,Jesper Parnevik,"31' 5""",157.250,5,+3
56,Michael Sim,"32' 2""",128.750,4,+2
