rank,player,Avg,Total Distance (feet),# of Attempts,Relative to par
1,Spencer Levin,"13' 1""",13.083,1,-1
2,Zac Blair,"26' 7""",53.083,2,-1
3,J.J. Henry,"31' 11""",31.917,1,-1
4,Chad Campbell,"69' 8""",69.667,1,-1
5,Brendon de Jonge,"70' 6""",140.917,2,-2
6,Kyle Reifers,"70' 10""",70.833,1,-1
7,John Senden,"79' 11""",79.917,1,E
8,Tim Clark,"88' 2""",88.167,1,E
9,Ben Martin,"92' 2""",92.167,1,-1
10,Marc Leishman,"100' 1""",200.083,2,-1
11,Kevin Kisner,"102' 9""",102.750,1,-1
12,Tim Wilkinson,"121' 11""",121.917,1,E
13,Stewart Cink,"131' 8""",131.667,1,E
14,Harris English,"145' 0""",145.000,1,-1
