rank,player,Avg,Total Distance (feet),# of Attempts,GIR Rank
1,Kevin Na,"25' 10""","1,860.417",72,Under
2,Nick Mason,"28' 1""","2,022.333",72,Under
3,Emiliano Grillo,"28' 8""","2,063.250",72,Under
4,Spencer Levin,"28' 11""","2,082.917",72,Under
4,Adam Scott,"28' 11""","2,082.000",72,Under
6,Fabián Gómez,"29' 3""","2,107.000",72,Under
7,Chez Reavie,"29' 5""","2,117.750",72,Under
8,Fred Funk,"29' 10""","2,146.583",72,Under
9,K.J. Choi,"30' 0""","2,162.917",72,Under
10,Tim Clark,"30' 3""","2,180.083",72,Under
11,Hudson Swafford,"30' 4""","2,182.250",72,Under
12,William McGirt,"30' 5""","2,191.500",72,Under
13,Robert Garrigus,"30' 7""","2,200.000",72,Under
13,Webb Simpson,"30' 7""","2,200.250",72,Under
15,David Lingmerth,"30' 11""","2,228.917",72,Under
16,Greg Owen,"31' 1""","2,235.417",72,Under
17,Luke Donald,"31' 3""","2,248.333",72,Under
17,Michael Thompson,"31' 3""","2,249.833",72,Under
19,Morgan Hoffmann,"31' 4""","2,254.000",72,Under
19,Daniel Summerhays,"31' 4""","2,256.833",72,Under
21,Jason Gore,"31' 5""","2,259.417",72,Under
21,Matt Kuchar,"31' 5""","2,259.667",72,Under
23,Graham DeLaet,"31' 7""","2,272.250",72,Under
24,Tony Finau,"31' 11""","2,297.500",72,Under
24,Jerry Kelly,"31' 11""","2,297.833",72,Under
26,Shane Bertsch,"32' 0""","2,302.917",72,Under
26,James Hahn,"32' 0""","2,306.167",72,Under
26,Steve Stricker,"32' 0""","2,302.417",72,Under
29,Danny Lee,"32' 2""","2,314.667",72,Under
29,John Senden,"32' 2""","2,314.667",72,Under
31,Kyle Reifers,"32' 4""","2,330.583",72,Under
31,Gary Woodland,"32' 4""","2,325.750",72,Under
33,Scott Piercy,"32' 5""","2,336.333",72,Under
34,Si Woo Kim,"32' 6""","2,337.667",72,Under
35,Zach Johnson,"32' 8""","2,350.917",72,Under
36,Stewart Cink,"32' 11""","2,369.500",72,Under
36,Nick Taylor,"32' 11""","2,367.917",72,Under
38,Jason Dufner,"33' 0""","2,373.500",72,Under
39,Daniel Berger,"33' 4""","2,401.667",72,Under
39,Mark Hubbard,"33' 4""","2,400.000",72,Under
41,Kyle Stanley,"33' 5""","2,405.417",72,Under
42,Brian Harman,"33' 7""","2,416.583",72,Under
42,Jimmy Walker,"33' 7""","2,419.583",72,Under
44,Lucas Glover,"34' 1""","2,451.917",72,Under
45,Daisuke Kataoka,"34' 3""","2,464.583",72,Under
46,Charles Howell III,"34' 5""","2,480.500",72,Under
46,Jeff Overton,"34' 5""","2,480.917",72,Under
48,Marc Leishman,"34' 6""","2,481.250",72,Under
49,Kevin Kisner,"34' 10""","2,507.333",72,Under
50,Zac Blair,"35' 0""","2,520.583",72,Under
50,Sean O'Hair,"35' 0""","2,520.583",72,Under
50,Brandt Snedeker,"35' 0""","2,519.500",72,Under
53,Thomas Aiken,"35' 2""","2,530.250",72,Under
54,Steve Wheatcroft,"35' 9""","2,571.000",72,Under
54,Tim Wilkinson,"35' 9""","2,574.083",72,Under
56,John Huh,"35' 10""","2,582.417",72,Under
56,Yusaku Miyazato,"35' 10""","2,579.667",72,Under
58,Ricky Barnes,"35' 11""","2,584.250",72,Under
59,Shawn Stefani,"36' 1""","2,595.583",72,Under
59,Tyrone Van Aswegen,"36' 1""","2,600.000",72,Under
61,Ryan Palmer,"36' 2""","2,601.833",72,Under
62,S.Y. Noh,"36' 4""","2,616.167",72,Under
63,Hideto Tanihara,"36' 5""","2,619.083",72,Under
64,Brendon de Jonge,"36' 9""","2,645.750",72,Under
64,Padraig Harrington,"36' 9""","2,643.333",72,Under
66,Jamie Lovemark,"37' 2""","2,678.833",72,Under
67,Harris English,"37' 5""","2,694.417",72,Under
68,Adam Hadwin,"38' 2""","2,747.250",72,Under
69,Ben Martin,"38' 8""","2,785.500",72,Under
70,J.J. Henry,"38' 9""","2,789.167",72,Under
71,Francesco Molinari,"39' 7""","2,850.500",72,Under
72,Chad Campbell,"39' 9""","2,864.250",72,Under
73,Harold Varner III,"41' 0""","2,953.750",72,Under
74,Vijay Singh,"42' 7""","3,065.750",72,Under
