rank,player,Avg,Total Distance (feet),# of Attempts,Relative to par
1,Gary Woodland,"2' 1""",2.083,1,-1
2,Padraig Harrington,"2' 2""",4.333,2,-2
3,Si Woo Kim,"2' 9""",5.500,2,-2
4,Charles Howell III,"3' 6""",3.500,1,-1
5,Vijay Singh,"4' 4""",4.333,1,-1
6,S.Y. Noh,"4' 10""",4.833,1,-1
7,Kevin Kisner,"5' 0""",5.000,1,-1
8,Mark Hubbard,"5' 5""",5.417,1,-1
9,Sean O'Hair,"6' 0""",6.000,1,-1
10,Emiliano Grillo,"6' 9""",6.750,1,-1
11,Michael Thompson,"7' 1""",14.167,2,E
12,Webb Simpson,"7' 3""",7.250,1,E
13,Tyrone Van Aswegen,"7' 8""",15.333,2,E
14,Fred Funk,"8' 3""",16.417,2,-1
15,Ryan Palmer,"8' 4""",8.333,1,E
15,Scott Piercy,"8' 4""",24.917,3,-3
17,Brendon de Jonge,"8' 6""",8.500,1,-1
18,Jason Gore,"8' 7""",25.750,3,-1
19,Jeff Overton,"9' 2""",27.417,3,-1
20,Matt Kuchar,"9' 3""",9.250,1,E
21,Robert Garrigus,"9' 6""",19.000,2,+1
21,Fabián Gómez,"9' 6""",37.833,4,-1
21,James Hahn,"9' 6""",28.417,3,+1
21,Ben Martin,"9' 6""",18.917,2,+1
25,Chad Campbell,"9' 8""",19.333,2,E
26,Daniel Berger,"10' 3""",10.250,1,+1
27,Luke Donald,"10' 7""",31.750,3,-1
28,Jason Dufner,"10' 8""",21.250,2,-1
29,Nick Mason,"10' 10""",32.417,3,-1
30,Shane Bertsch,"10' 11""",10.917,1,+1
30,Zach Johnson,"10' 11""",32.750,3,E
32,Steve Stricker,"11' 8""",23.250,2,-1
33,Kevin Na,"12' 4""",24.667,2,E
34,Hudson Swafford,"13' 5""",80.333,6,-2
35,Harris English,"13' 8""",27.250,2,E
35,Lucas Glover,"13' 8""",41.083,3,E
35,Yusaku Miyazato,"13' 8""",13.667,1,E
38,William McGirt,"15' 1""",15.083,1,E
39,Thomas Aiken,"15' 2""",15.167,1,E
40,Stewart Cink,"15' 3""",30.500,2,E
41,Zac Blair,"15' 7""",46.667,3,E
42,Brian Harman,"15' 9""",47.250,3,E
42,Kyle Reifers,"15' 9""",15.750,1,E
44,Shawn Stefani,"16' 0""",16.000,1,E
44,Daniel Summerhays,"16' 0""",16.000,1,-1
44,Harold Varner III,"16' 0""",47.917,3,E
47,K.J. Choi,"16' 7""",33.167,2,E
48,Greg Owen,"16' 10""",33.667,2,E
49,Nick Taylor,"17' 7""",70.417,4,E
50,Danny Lee,"18' 5""",36.750,2,-2
51,Tim Clark,"18' 6""",37.000,2,-1
51,Brandt Snedeker,"18' 6""",18.500,1,E
53,Adam Hadwin,"18' 11""",56.750,3,+1
54,Graham DeLaet,"19' 4""",58.000,3,-1
54,Francesco Molinari,"19' 4""",38.583,2,E
56,Kyle Stanley,"20' 8""",20.667,1,E
57,Jerry Kelly,"20' 11""",20.917,1,-1
58,Morgan Hoffmann,"21' 5""",64.167,3,E
59,Steve Wheatcroft,"22' 6""",22.500,1,E
60,Marc Leishman,"22' 7""",45.083,2,+1
61,Ricky Barnes,"24' 5""",24.417,1,-1
62,John Senden,"25' 8""",25.667,1,+1
63,Spencer Levin,"26' 5""",26.417,1,+1
64,Tony Finau,"29' 9""",89.250,3,+3
65,Daisuke Kataoka,"30' 2""",90.583,3,-1
66,Hideto Tanihara,"45' 6""",45.500,1,E
