rank,player,Avg,Total Distance (feet),# of Attempts,Relative to par
1,Daniel Summerhays,"10' 11""",21.750,2,-3
2,Lucas Glover,"18' 6""",18.500,1,-1
3,Shane Bertsch,"23' 5""",23.417,1,-1
4,Steve Stricker,"25' 1""",25.083,1,-1
5,Kevin Kisner,"28' 10""",28.833,1,-1
6,Jimmy Walker,"30' 4""",30.333,1,-1
7,Ricky Barnes,"31' 5""",31.417,1,-1
8,Nick Taylor,"34' 6""",68.917,2,-2
9,Zach Johnson,"41' 2""",41.167,1,-1
10,Jason Dufner,"41' 3""",82.417,2,-2
11,Daisuke Kataoka,"41' 4""",41.333,1,-1
12,Yusaku Miyazato,"46' 6""",46.500,1,E
13,James Hahn,"47' 1""",47.083,1,-1
14,Emiliano Grillo,"47' 8""",47.667,1,-1
15,Harris English,"49' 3""",49.250,1,-1
16,Hudson Swafford,"49' 7""",49.583,1,-1
17,Scott Piercy,"50' 8""",50.667,1,-1
18,Nick Mason,"52' 6""",104.917,2,-2
19,Michael Thompson,"55' 1""",110.167,2,-2
20,Daniel Berger,"55' 9""",55.750,1,-1
21,Padraig Harrington,"59' 7""",119.167,2,-1
22,Hideto Tanihara,"60' 5""",120.833,2,-2
23,J.J. Henry,"64' 6""",129.000,2,-1
24,Francesco Molinari,"68' 2""",136.250,2,-2
25,K.J. Choi,"72' 3""",72.250,1,-1
26,Kyle Reifers,"73' 8""",147.333,2,-2
27,Kevin Na,"76' 9""",76.750,1,E
28,David Lingmerth,"78' 0""",78.000,1,-1
29,Kyle Stanley,"78' 8""",157.250,2,E
30,Zac Blair,"81' 6""",162.917,2,-1
31,Graham DeLaet,"81' 10""",163.583,2,-2
32,Danny Lee,"82' 0""",82.000,1,-1
33,Jason Gore,"85' 0""",85.000,1,E
34,Jerry Kelly,"85' 5""",85.417,1,-1
34,Spencer Levin,"85' 5""",85.417,1,-1
36,Shawn Stefani,"92' 6""",92.500,1,E
37,Brandt Snedeker,"92' 10""",185.667,2,-1
38,Matt Kuchar,"97' 2""",97.167,1,-1
39,Thomas Aiken,"103' 5""",103.417,1,-1
40,Jeff Overton,"116' 3""",116.250,1,+1
41,Sean O'Hair,"129' 1""",129.083,1,E
