rank,player,Avg,Total Distance (feet),# of Attempts,Relative to par
1,Matt Kuchar,"7' 8""",30.500,4,-1
2,Jamie Lovemark,"8' 1""",32.333,4,-2
3,S.Y. Noh,"8' 2""",32.500,4,-3
4,Padraig Harrington,"9' 5""",65.917,7,-2
4,Adam Scott,"9' 5""",47.250,5,-2
6,Stewart Cink,"9' 7""",76.917,8,-4
6,Steve Stricker,"9' 7""",57.667,6,-3
8,Chez Reavie,"9' 10""",59.167,6,-1
9,Jason Dufner,"10' 0""",49.917,5,-3
10,Zach Johnson,"10' 7""",73.917,7,-1
10,Kyle Reifers,"10' 7""",53.000,5,-1
12,Jeff Overton,"10' 10""",75.583,7,-2
13,Brandt Snedeker,"11' 4""",45.167,4,-1
14,Brendon de Jonge,"11' 5""",22.750,2,-1
14,Spencer Levin,"11' 5""",57.167,5,+1
16,Gary Woodland,"11' 6""",57.583,5,-2
17,Tyrone Van Aswegen,"11' 7""",57.833,5,-2
18,Webb Simpson,"11' 8""",46.667,4,-3
19,Chad Campbell,"11' 9""",58.667,5,-2
19,Mark Hubbard,"11' 9""",70.583,6,-4
21,Graham DeLaet,"11' 10""",94.500,8,-4
21,Fred Funk,"11' 10""",118.417,10,-3
21,James Hahn,"11' 10""",94.667,8,-1
24,Michael Thompson,"12' 0""",35.917,3,E
25,Si Woo Kim,"12' 2""",97.583,8,-4
26,Ben Martin,"12' 3""",73.667,6,E
27,Harris English,"12' 6""",87.667,7,-2
27,Robert Garrigus,"12' 6""",62.667,5,E
27,Nick Mason,"12' 6""",112.583,9,-4
30,Hudson Swafford,"12' 9""",101.750,8,-3
31,Daniel Summerhays,"12' 11""",77.250,6,-2
32,Tim Clark,"13' 0""",142.667,11,-7
32,Lucas Glover,"13' 0""",64.833,5,E
34,Fabián Gómez,"13' 1""",117.500,9,-4
34,William McGirt,"13' 1""",78.583,6,E
36,David Lingmerth,"13' 5""",40.333,3,E
36,Kevin Na,"13' 5""",107.000,8,+1
38,Luke Donald,"13' 6""",80.917,6,+1
38,Nick Taylor,"13' 6""",80.917,6,-1
40,Jason Gore,"13' 7""",122.083,9,+1
40,John Senden,"13' 7""",136.167,10,-2
42,J.J. Henry,"14' 1""",28.083,2,E
43,Shawn Stefani,"14' 3""",71.250,5,-1
44,Kevin Kisner,"14' 6""",58.083,4,-2
44,Marc Leishman,"14' 6""",57.917,4,E
46,Greg Owen,"14' 7""",43.667,3,-1
47,Vijay Singh,"14' 8""",73.500,5,-1
48,K.J. Choi,"15' 0""",135.167,9,E
48,Danny Lee,"15' 0""",90.167,6,-3
50,Scott Piercy,"15' 1""",180.500,12,-5
51,Zac Blair,"15' 5""",76.917,5,E
52,Emiliano Grillo,"15' 11""",47.833,3,-2
53,Kyle Stanley,"16' 0""",127.917,8,-2
54,Jerry Kelly,"16' 8""",99.833,6,-2
55,Sean O'Hair,"17' 2""",51.417,3,-2
56,Harold Varner III,"17' 3""",137.750,8,-3
56,Tim Wilkinson,"17' 3""",34.500,2,E
58,Jimmy Walker,"17' 4""",86.667,5,-2
59,Charles Howell III,"17' 8""",159.083,9,-5
60,Daniel Berger,"17' 11""",71.500,4,+1
60,John Huh,"17' 11""",53.750,3,+1
60,Steve Wheatcroft,"17' 11""",107.500,6,-1
63,Francesco Molinari,"19' 3""",77.083,4,-1
64,Adam Hadwin,"20' 5""",122.500,6,E
64,Daisuke Kataoka,"20' 5""",163.500,8,+1
64,Ryan Palmer,"20' 5""",183.583,9,+1
67,Yusaku Miyazato,"21' 0""",167.833,8,-1
68,Ricky Barnes,"21' 1""",105.583,5,-1
69,Brian Harman,"21' 9""",174.167,8,+1
70,Shane Bertsch,"22' 0""",153.750,7,-2
71,Thomas Aiken,"24' 9""",123.917,5,+1
72,Tony Finau,"26' 3""",131.167,5,+3
73,Hideto Tanihara,"30' 5""",152.000,5,-2
74,Morgan Hoffmann,"33' 7""",201.667,6,+2
