rank,player,Avg,Total Distance (feet),# of Attempts,Relative to par
1,Francesco Molinari,"2' 4""",2.333,1,-1
2,Matt Kuchar,"3' 0""",3.000,1,-1
3,Marc Leishman,"5' 6""",5.500,1,-1
4,Tyrone Van Aswegen,"5' 7""",11.083,2,-1
5,Kyle Reifers,"6' 0""",6.000,1,E
6,Hideto Tanihara,"7' 11""",7.917,1,E
7,Nick Taylor,"8' 2""",8.167,1,-1
8,Graham DeLaet,"8' 5""",33.583,4,-2
8,Jamie Lovemark,"8' 5""",16.833,2,-1
10,S.Y. Noh,"9' 3""",27.667,3,-2
11,Greg Owen,"10' 0""",10.000,1,-1
12,Stewart Cink,"10' 1""",40.333,4,-3
12,Tim Clark,"10' 1""",40.250,4,-4
14,Mark Hubbard,"10' 8""",42.583,4,-3
15,Fred Funk,"10' 9""",42.833,4,E
15,Hudson Swafford,"10' 9""",21.417,2,-1
17,Chez Reavie,"11' 1""",22.167,2,-2
18,Jason Dufner,"11' 3""",22.500,2,-1
19,Lucas Glover,"11' 11""",23.750,2,E
19,Adam Scott,"11' 11""",35.667,3,-1
21,Harris English,"12' 1""",60.417,5,-2
22,Brandt Snedeker,"12' 2""",24.333,2,E
23,Padraig Harrington,"12' 4""",49.333,4,E
24,Chad Campbell,"13' 1""",39.333,3,-2
24,Nick Mason,"13' 1""",65.417,5,-3
26,Zach Johnson,"13' 2""",26.333,2,-1
26,Webb Simpson,"13' 2""",39.417,3,-3
28,Shane Bertsch,"13' 3""",53.000,4,-2
29,Jeff Overton,"13' 4""",40.000,3,-2
30,William McGirt,"13' 6""",27.000,2,E
31,Ben Martin,"13' 8""",54.750,4,-1
32,Gary Woodland,"13' 11""",55.500,4,-1
33,Jerry Kelly,"14' 0""",28.000,2,E
33,Steve Stricker,"14' 0""",28.000,2,-1
35,Kyle Stanley,"14' 2""",28.250,2,-1
36,Brendon de Jonge,"14' 3""",14.250,1,E
36,Scott Piercy,"14' 3""",99.917,7,-2
38,Luke Donald,"14' 4""",28.583,2,+2
38,Daniel Summerhays,"14' 4""",43.083,3,E
40,Tim Wilkinson,"14' 9""",14.750,1,E
41,John Senden,"15' 0""",59.917,4,-1
42,Jason Gore,"15' 1""",45.333,3,E
43,Zac Blair,"15' 2""",30.250,2,E
44,Shawn Stefani,"15' 3""",45.833,3,-1
45,Danny Lee,"15' 9""",47.250,3,E
46,Fabián Gómez,"15' 11""",79.667,5,-3
46,David Lingmerth,"15' 11""",31.750,2,E
48,J.J. Henry,"16' 2""",16.167,1,E
49,Daisuke Kataoka,"16' 5""",65.583,4,+1
50,Steve Wheatcroft,"17' 0""",85.000,5,-1
51,Jimmy Walker,"17' 1""",68.417,4,-2
52,Vijay Singh,"17' 4""",69.167,4,E
53,Ricky Barnes,"17' 6""",52.500,3,+1
54,Kevin Kisner,"17' 8""",53.083,3,-1
55,John Huh,"17' 11""",53.750,3,+1
56,Harold Varner III,"18' 0""",89.833,5,-3
57,K.J. Choi,"18' 3""",91.083,5,+2
58,James Hahn,"18' 5""",36.833,2,E
59,Robert Garrigus,"18' 11""",37.833,2,E
60,Si Woo Kim,"19' 1""",76.417,4,-1
61,Thomas Aiken,"20' 0""",59.917,3,-1
62,Tony Finau,"21' 0""",41.917,2,E
63,Charles Howell III,"21' 6""",150.667,7,-3
64,Adam Hadwin,"21' 11""",65.750,3,-1
64,Yusaku Miyazato,"21' 11""",109.500,5,E
66,Sean O'Hair,"22' 9""",45.417,2,-1
67,Ryan Palmer,"23' 1""",138.667,6,+2
68,Daniel Berger,"23' 7""",47.167,2,E
69,Brian Harman,"25' 5""",126.917,5,+1
70,Emiliano Grillo,"28' 7""",28.583,1,E
71,Morgan Hoffmann,"34' 5""",34.417,1,E
72,Kevin Na,"51' 0""",51.000,1,E
