rank,player,Avg,Total Distance (feet),# of Attempts,Relative to par
1,Brandt Snedeker,"2' 4""",2.333,1,-1
1,Nick Taylor,"2' 4""",2.333,1,E
3,Graham DeLaet,"2' 11""",2.917,1,-1
4,Stewart Cink,"3' 1""",6.083,2,-1
5,Steve Stricker,"3' 3""",6.417,2,-1
6,Charles Howell III,"4' 11""",4.917,1,-1
7,K.J. Choi,"5' 6""",10.917,2,-2
8,Robert Garrigus,"5' 10""",5.833,1,-1
8,Adam Scott,"5' 10""",11.583,2,-1
10,Jason Dufner,"6' 2""",6.167,1,-1
10,Danny Lee,"6' 2""",6.167,1,-1
12,Kevin Na,"6' 3""",31.333,5,+1
13,Daisuke Kataoka,"7' 4""",7.333,1,+1
13,Marc Leishman,"7' 4""",7.333,1,E
15,Zach Johnson,"7' 5""",14.833,2,E
16,Spencer Levin,"7' 8""",30.750,4,E
17,Jamie Lovemark,"7' 9""",15.500,2,-1
18,Si Woo Kim,"7' 10""",15.667,2,-1
19,Jeff Overton,"8' 2""",8.167,1,+1
20,David Lingmerth,"8' 7""",8.583,1,E
21,Daniel Summerhays,"9' 1""",18.167,2,-1
22,Matt Kuchar,"9' 2""",18.250,2,E
23,Chez Reavie,"9' 3""",37.000,4,+1
24,Shawn Stefani,"9' 5""",9.417,1,E
25,James Hahn,"9' 10""",29.417,3,-2
26,John Senden,"10' 1""",50.583,5,-2
27,Kyle Reifers,"10' 5""",31.250,3,-1
28,J.J. Henry,"11' 11""",11.917,1,E
29,William McGirt,"12' 2""",36.500,3,E
30,Padraig Harrington,"12' 3""",12.250,1,E
31,Emiliano Grillo,"12' 6""",12.500,1,-1
32,Tim Clark,"13' 1""",65.417,5,-2
33,Daniel Berger,"14' 1""",14.083,1,E
34,Nick Mason,"14' 9""",14.750,1,E
35,Fred Funk,"14' 10""",59.167,4,-2
36,Kyle Stanley,"15' 10""",79.000,5,-1
37,Jason Gore,"17' 0""",51.000,3,+2
37,Jerry Kelly,"17' 0""",50.917,3,-1
39,Jimmy Walker,"18' 3""",18.250,1,E
40,Ryan Palmer,"18' 4""",36.583,2,-1
41,Tim Wilkinson,"19' 9""",19.750,1,E
42,Luke Donald,"20' 7""",20.583,1,E
43,Michael Thompson,"21' 9""",21.750,1,E
44,Yusaku Miyazato,"22' 4""",44.667,2,-1
45,Mark Hubbard,"22' 7""",22.583,1,E
46,Scott Piercy,"27' 10""",55.667,2,E
47,Ricky Barnes,"28' 8""",28.667,1,-1
48,Tyrone Van Aswegen,"31' 5""",31.417,1,-1
49,Hideto Tanihara,"32' 10""",98.583,3,-2
50,Francesco Molinari,"36' 2""",36.167,1,E
51,Shane Bertsch,"44' 11""",89.833,2,-1
52,Thomas Aiken,"48' 10""",48.833,1,+2
53,Morgan Hoffmann,"51' 7""",103.083,2,+2
