rank,player,Avg,Total Distance (feet),# of Attempts,Relative to par
1,Webb Simpson,"9' 5""",9.417,1,E
2,Tim Wilkinson,"13' 0""",13.000,1,-1
3,Gary Woodland,"16' 0""",16.000,1,-1
4,Shane Bertsch,"16' 10""",16.833,1,-1
5,Ben Martin,"24' 1""",24.083,1,-1
6,Daisuke Kataoka,"24' 4""",72.917,3,-4
7,Jerry Kelly,"24' 11""",24.917,1,-1
8,Steve Stricker,"29' 3""",29.250,1,-1
9,Michael Thompson,"32' 0""",32.000,1,-1
10,John Senden,"36' 1""",72.167,2,-1
11,Graham DeLaet,"36' 11""",36.917,1,-1
12,K.J. Choi,"37' 6""",37.500,1,-1
13,Fred Funk,"37' 7""",187.917,5,-2
14,Mark Hubbard,"37' 10""",113.417,3,-3
15,Kyle Stanley,"39' 0""",39.000,1,E
16,Zac Blair,"39' 4""",39.333,1,E
17,William McGirt,"40' 9""",40.750,1,-1
18,Chez Reavie,"43' 10""",87.583,2,-1
19,Robert Garrigus,"44' 5""",44.417,1,-1
20,Sean O'Hair,"45' 4""",90.667,2,-2
21,Brendon de Jonge,"45' 7""",45.583,1,-1
21,John Huh,"45' 7""",45.583,1,-1
23,Tim Clark,"46' 6""",139.583,3,-1
24,Hideto Tanihara,"48' 5""",48.417,1,E
25,Tyrone Van Aswegen,"49' 8""",148.917,3,-3
26,Nick Mason,"55' 8""",55.667,1,E
27,Greg Owen,"55' 9""",167.250,3,-3
28,Luke Donald,"55' 10""",167.500,3,-1
29,Adam Hadwin,"65' 10""",131.667,2,-2
30,James Hahn,"67' 4""",67.333,1,E
31,Francesco Molinari,"68' 3""",68.250,1,-1
32,Chad Campbell,"72' 7""",72.583,1,-1
33,Padraig Harrington,"72' 8""",145.333,2,-1
34,Jimmy Walker,"80' 1""",80.083,1,-1
35,Jason Dufner,"80' 2""",80.167,1,-1
36,Kevin Kisner,"83' 3""",83.250,1,-1
37,Brian Harman,"84' 6""",84.500,1,E
38,Spencer Levin,"84' 8""",84.667,1,+1
39,Jamie Lovemark,"91' 6""",182.917,2,E
40,Jason Gore,"93' 11""",93.917,1,-1
41,Scott Piercy,"99' 11""",99.917,1,E
