rank,player,%,# of 1 putts,# of holes
1,Stephen Ames,41.67,30,72
1,Brandt Snedeker,41.67,30,72
3,Daniel Chopra,40.28,29,72
4,Justin Leonard,38.89,28,72
5,Jonathan Byrd,36.11,26,72
5,George McNeill,36.11,26,72
7,Aaron Baddeley,34.72,25,72
8,Steve Flesch,33.33,24,72
8,Mike Weir,33.33,24,72
10,Woody Austin,31.94,23,72
10,Jim Furyk,31.94,23,72
10,Hunter Mahan,31.94,23,72
13,Ángel Cabrera,30.56,22,72
13,Chad Campbell,30.56,22,72
13,K.J. Choi,30.56,22,72
13,Charles Howell III,30.56,22,72
13,Henrik Stenson,30.56,22,72
13,Steve Stricker,30.56,22,72
13,Scott Verplank,30.56,22,72
20,Mark Calcavecchia,29.17,21,72
20,Paul Goydos,29.17,21,72
22,Zach Johnson,27.78,20,72
22,Rory Sabbatini,27.78,20,72
22,Boo Weekley,27.78,20,72
25,Fred Funk,26.39,19,72
26,Joe Ogilvie,25.00,18,72
27,Brian Bateman,23.61,17,72
27,Nick Watney,23.61,17,72
29,Vijay Singh,22.22,16,72
30,Charley Hoffman,19.44,14,72
30,Mark Wilson,19.44,14,72
