rank,player,Total,Total (for all distances),Pct of all 1-putts
1,Stephen Ames,4,30,13.3
1,K.J. Choi,4,22,18.2
3,Charles Howell III,3,22,13.6
3,Mike Weir,3,24,12.5
5,Woody Austin,2,23,8.7
5,Ángel Cabrera,2,22,9.1
5,Chad Campbell,2,22,9.1
5,Daniel Chopra,2,29,6.9
5,Steve Flesch,2,24,8.3
5,Jim Furyk,2,23,8.7
5,Justin Leonard,2,28,7.1
5,Hunter Mahan,2,23,8.7
5,George McNeill,2,26,7.7
14,Zach Johnson,1,20,5.0
14,Joe Ogilvie,1,18,5.6
14,Henrik Stenson,1,22,4.5
14,Steve Stricker,1,22,4.5
14,Boo Weekley,1,20,5.0
