rank,player,%,# of 1 putts,# of holes
1,Aaron Baddeley,50.00,9,18
2,Jonathan Byrd,44.44,8,18
2,Brandt Snedeker,44.44,8,18
4,Woody Austin,38.89,7,18
4,Daniel Chopra,38.89,7,18
4,Justin Leonard,38.89,7,18
4,Henrik Stenson,38.89,7,18
8,Fred Funk,33.33,6,18
8,Charles Howell III,33.33,6,18
8,Steve Stricker,33.33,6,18
8,Scott Verplank,33.33,6,18
8,Nick Watney,33.33,6,18
13,Ángel Cabrera,27.78,5,18
13,Hunter Mahan,27.78,5,18
13,George McNeill,27.78,5,18
13,Joe Ogilvie,27.78,5,18
13,Mike Weir,27.78,5,18
18,Stephen Ames,22.22,4,18
18,Chad Campbell,22.22,4,18
18,Steve Flesch,22.22,4,18
18,Jim Furyk,22.22,4,18
18,Vijay Singh,22.22,4,18
23,Mark Calcavecchia,16.67,3,18
23,Zach Johnson,16.67,3,18
23,Rory Sabbatini,16.67,3,18
23,Boo Weekley,16.67,3,18
23,Mark Wilson,16.67,3,18
28,K.J. Choi,11.11,2,18
28,Paul Goydos,11.11,2,18
30,Brian Bateman,5.56,1,18
