rank,player,Total,Total (for all distances),Pct of all 1-putts
1,Jonathan Byrd,16,26,61.5
1,Brandt Snedeker,16,30,53.3
3,Stephen Ames,15,30,50.0
4,Ángel Cabrera,13,22,59.1
4,Daniel Chopra,13,29,44.8
6,Steve Flesch,12,24,50.0
6,Jim Furyk,12,23,52.2
6,George McNeill,12,26,46.2
6,Mike Weir,12,24,50.0
10,K.J. Choi,11,22,50.0
10,Justin Leonard,11,28,39.3
10,Steve Stricker,11,22,50.0
10,Boo Weekley,11,20,55.0
14,Aaron Baddeley,10,25,40.0
14,Zach Johnson,10,20,50.0
16,Woody Austin,9,23,39.1
16,Charley Hoffman,9,14,64.3
16,Joe Ogilvie,9,18,50.0
19,Brian Bateman,8,17,47.1
19,Chad Campbell,8,22,36.4
19,Paul Goydos,8,21,38.1
19,Hunter Mahan,8,23,34.8
19,Rory Sabbatini,8,20,40.0
19,Vijay Singh,8,16,50.0
25,Mark Wilson,7,14,50.0
26,Scott Verplank,6,22,27.3
27,Mark Calcavecchia,5,21,23.8
27,Charles Howell III,5,22,22.7
27,Henrik Stenson,5,22,22.7
27,Nick Watney,5,17,29.4
31,Fred Funk,4,19,21.1
