rank,player,Total,Total (for all distances),Pct of all 1-putts
1,Mark Calcavecchia,12,21,57.1
1,Henrik Stenson,12,22,54.5
1,Scott Verplank,12,22,54.5
4,Charles Howell III,11,22,50.0
4,George McNeill,11,26,42.3
6,Aaron Baddeley,10,25,40.0
6,Steve Flesch,10,24,41.7
6,Paul Goydos,10,21,47.6
9,Stephen Ames,8,30,26.7
9,Fred Funk,8,19,42.1
9,Hunter Mahan,8,23,34.8
9,Brandt Snedeker,8,30,26.7
9,Nick Watney,8,17,47.1
14,Woody Austin,7,23,30.4
14,Chad Campbell,7,22,31.8
14,Zach Johnson,7,20,35.0
14,Justin Leonard,7,28,25.0
18,Jonathan Byrd,6,26,23.1
18,Joe Ogilvie,6,18,33.3
18,Rory Sabbatini,6,20,30.0
18,Vijay Singh,6,16,37.5
22,Brian Bateman,5,17,29.4
22,K.J. Choi,5,22,22.7
22,Jim Furyk,5,23,21.7
25,Ángel Cabrera,4,22,18.2
25,Charley Hoffman,4,14,28.6
25,Steve Stricker,4,22,18.2
25,Boo Weekley,4,20,20.0
25,Mike Weir,4,24,16.7
30,Daniel Chopra,3,29,10.3
30,Mark Wilson,3,14,21.4
