rank,player,Total,Total (for all distances),Pct of all 1-putts
1,Justin Leonard,6,28,21.4
2,Fred Funk,5,19,26.3
2,Mike Weir,5,24,20.8
4,Woody Austin,4,23,17.4
4,Aaron Baddeley,4,25,16.0
4,Rory Sabbatini,4,20,20.0
4,Brandt Snedeker,4,30,13.3
4,Scott Verplank,4,22,18.2
9,Brian Bateman,3,17,17.6
9,Ángel Cabrera,3,22,13.6
9,Chad Campbell,3,22,13.6
9,Jim Furyk,3,23,13.0
9,Paul Goydos,3,21,14.3
9,Charles Howell III,3,22,13.6
9,Henrik Stenson,3,22,13.6
9,Steve Stricker,3,22,13.6
9,Mark Wilson,3,14,21.4
18,Jonathan Byrd,2,26,7.7
18,Mark Calcavecchia,2,21,9.5
18,Daniel Chopra,2,29,6.9
18,Zach Johnson,2,20,10.0
18,Hunter Mahan,2,23,8.7
18,Boo Weekley,2,20,10.0
24,K.J. Choi,1,22,4.5
24,Charley Hoffman,1,14,7.1
24,George McNeill,1,26,3.8
24,Vijay Singh,1,16,6.3
24,Nick Watney,1,17,5.9
