rank,player,%,# of 1 putts,# of holes
1,Stephen Ames,55.56,10,18
2,K.J. Choi,44.44,8,18
2,Daniel Chopra,44.44,8,18
2,Justin Leonard,44.44,8,18
2,Rory Sabbatini,44.44,8,18
6,Hunter Mahan,38.89,7,18
6,Brandt Snedeker,38.89,7,18
6,Henrik Stenson,38.89,7,18
6,Steve Stricker,38.89,7,18
10,Aaron Baddeley,33.33,6,18
10,Chad Campbell,33.33,6,18
10,Steve Flesch,33.33,6,18
10,Charles Howell III,33.33,6,18
10,Boo Weekley,33.33,6,18
10,Mike Weir,33.33,6,18
16,Brian Bateman,27.78,5,18
16,Jonathan Byrd,27.78,5,18
16,Jim Furyk,27.78,5,18
16,Paul Goydos,27.78,5,18
16,Charley Hoffman,27.78,5,18
16,Zach Johnson,27.78,5,18
16,George McNeill,27.78,5,18
16,Scott Verplank,27.78,5,18
24,Woody Austin,22.22,4,18
24,Ángel Cabrera,22.22,4,18
24,Vijay Singh,22.22,4,18
24,Mark Wilson,22.22,4,18
28,Mark Calcavecchia,16.67,3,18
28,Fred Funk,16.67,3,18
28,Joe Ogilvie,16.67,3,18
28,Nick Watney,16.67,3,18
