rank,player,%,# of 1 putts,# of holes
1,Stephen Ames,61.11,11,18
2,Mark Calcavecchia,50.00,9,18
2,Zach Johnson,50.00,9,18
2,George McNeill,50.00,9,18
2,Brandt Snedeker,50.00,9,18
6,Joe Ogilvie,44.44,8,18
6,Mike Weir,44.44,8,18
8,Brian Bateman,38.89,7,18
8,Ángel Cabrera,38.89,7,18
10,Chad Campbell,33.33,6,18
10,Daniel Chopra,33.33,6,18
10,Jim Furyk,33.33,6,18
10,Justin Leonard,33.33,6,18
14,Woody Austin,27.78,5,18
14,Aaron Baddeley,27.78,5,18
14,Steve Flesch,27.78,5,18
14,Fred Funk,27.78,5,18
14,Paul Goydos,27.78,5,18
14,Charley Hoffman,27.78,5,18
14,Charles Howell III,27.78,5,18
14,Henrik Stenson,27.78,5,18
14,Scott Verplank,27.78,5,18
23,Jonathan Byrd,22.22,4,18
23,K.J. Choi,22.22,4,18
23,Hunter Mahan,22.22,4,18
23,Vijay Singh,22.22,4,18
23,Steve Stricker,22.22,4,18
23,Mark Wilson,22.22,4,18
29,Rory Sabbatini,16.67,3,18
30,Nick Watney,11.11,2,18
30,Boo Weekley,11.11,2,18
