rank,player,Distance,Year/Tourn#,Round,Hole
1,Rory Sabbatini,"67' 2""",Mercedes-Benz,4,13 - Par 4
2,Joe Ogilvie,"61' 5""",Mercedes-Benz,1,17 - Par 4
4,Daniel Chopra,"44' 7""",Mercedes-Benz,4,2 - Par 3 -
5,Steve Stricker,"37' 7""",Mercedes-Benz,1,6 - Par 4 -
6,Mark Wilson,"36' 2""",Mercedes-Benz,2,7 - Par 4 -
8,Hunter Mahan,"35' 1""",Mercedes-Benz,3,13 - Par 4
9,Boo Weekley,"34' 10""",Mercedes-Benz,4,5 - Par 5 -
10,Woody Austin,"34' 2""",Mercedes-Benz,4,11 - Par 3
12,Nick Watney,"30' 11""",Mercedes-Benz,1,17 - Par 4
14,Stephen Ames,"27' 9""",Mercedes-Benz,1,1 - Par 4 -
15,Brian Bateman,"27' 5""",Mercedes-Benz,2,17 - Par 4
16,Justin Leonard,"27' 2""",Mercedes-Benz,3,8 - Par 3 -
21,Brandt Snedeker,"25' 8""",Mercedes-Benz,1,14 - Par 4
22,Mark Calcavecchia,"24' 4""",Mercedes-Benz,2,2 - Par 3 -
25,Aaron Baddeley,"23' 5""",Mercedes-Benz,4,8 - Par 3 -
26,K.J. Choi,"23' 2""",Mercedes-Benz,3,6 - Par 4 -
27,Jonathan Byrd,"23' 1""",Mercedes-Benz,1,8 - Par 3 -
29,Chad Campbell,"22' 11""",Mercedes-Benz,1,2 - Par 3 -
30,Fred Funk,"22' 9""",Mercedes-Benz,4,10 - Par 4
34,Jim Furyk,"22' 2""",Mercedes-Benz,3,8 - Par 3 -
36,Henrik Stenson,"21' 7""",Mercedes-Benz,3,17 - Par 4
46,Vijay Singh,"20' 2""",Mercedes-Benz,3,1 - Par 4 -
50,Steve Flesch,"19' 0""",Mercedes-Benz,2,2 - Par 3 -
55,Mike Weir,"18' 7""",Mercedes-Benz,2,6 - Par 4 -
56,George McNeill,"18' 6""",Mercedes-Benz,4,6 - Par 4 -
64,Ángel Cabrera,"17' 0""",Mercedes-Benz,2,7 - Par 4 -
66,Charles Howell III,"16' 11""",Mercedes-Benz,3,9 - Par 5 -
84,Zach Johnson,"15' 4""",Mercedes-Benz,1,1 - Par 4 -
89,Scott Verplank,"14' 6""",Mercedes-Benz,1,10 - Par 4
92,Charley Hoffman,"14' 4""",Mercedes-Benz,4,16 - Par 4
93,Paul Goydos,"14' 3""",Mercedes-Benz,3,17 - Par 4
