rank,player,%,Total 3 Putts,Total Holes
1,Daniel Berger,5.56,1,18
1,Rickie Fowler,5.56,1,18
1,Adam Hadwin,5.56,1,18
1,Billy Horschel,5.56,1,18
1,Marc Leishman,5.56,1,18
1,Hideki Matsuyama,5.56,1,18
1,D.A. Points,5.56,1,18
1,Xander Schauffele,5.56,1,18
1,Cameron Smith,5.56,1,18
1,Brendan Steele,5.56,1,18
1,Chris Stroud,5.56,1,18
1,Justin Thomas,5.56,1,18
13,Ryan Armour,11.11,2,18
13,Wesley Bryan,11.11,2,18
13,Austin Cook,11.11,2,18
13,Bryson DeChambeau,11.11,2,18
13,Brian Harman,11.11,2,18
13,Patton Kizzire,11.11,2,18
13,Jon Rahm,11.11,2,18
13,Jhonattan Vegas,11.11,2,18
21,Grayson Murray,16.67,3,18
