rank,player,%,Total 3 Putts,Total Holes
1,Wesley Bryan,5.56,1,18
1,Patrick Cantlay,5.56,1,18
1,Austin Cook,5.56,1,18
1,Bryson DeChambeau,5.56,1,18
1,Jason Dufner,5.56,1,18
1,Rickie Fowler,5.56,1,18
1,Si Woo Kim,5.56,1,18
1,Brooks Koepka,5.56,1,18
1,Hideki Matsuyama,5.56,1,18
1,Grayson Murray,5.56,1,18
1,Kyle Stanley,5.56,1,18
1,Brendan Steele,5.56,1,18
1,Justin Thomas,5.56,1,18
1,Jhonattan Vegas,5.56,1,18
15,Kevin Chappell,11.11,2,18
15,Russell Henley,11.11,2,18
15,Pat Perez,11.11,2,18
15,Jon Rahm,11.11,2,18
15,Xander Schauffele,11.11,2,18
15,Cameron Smith,11.11,2,18
21,D.A. Points,16.67,3,18
21,Jordan Spieth,16.67,3,18
