rank,player,%,Total 3 Putts,Attempts,2 Putt or Better %
1,Ryan Armour,.00,0,12,100.00
1,Daniel Berger,.00,0,8,100.00
1,Jonas Blixt,.00,0,15,100.00
1,Wesley Bryan,.00,0,6,100.00
1,Patrick Cantlay,.00,0,14,100.00
1,Kevin Chappell,.00,0,9,100.00
1,Austin Cook,.00,0,9,100.00
1,Bryson DeChambeau,.00,0,10,100.00
1,Jason Dufner,.00,0,11,100.00
1,Rickie Fowler,.00,0,7,100.00
1,Adam Hadwin,.00,0,12,100.00
1,Brian Harman,.00,0,9,100.00
1,Russell Henley,.00,0,16,100.00
1,Billy Horschel,.00,0,9,100.00
1,Dustin Johnson,.00,0,11,100.00
1,Si Woo Kim,.00,0,10,100.00
1,Kevin Kisner,.00,0,9,100.00
1,Patton Kizzire,.00,0,6,100.00
1,Brooks Koepka,.00,0,12,100.00
1,Marc Leishman,.00,0,10,100.00
1,Hideki Matsuyama,.00,0,13,100.00
1,Grayson Murray,.00,0,11,100.00
1,Pat Perez,.00,0,12,100.00
1,Jon Rahm,.00,0,8,100.00
1,Xander Schauffele,.00,0,7,100.00
1,Cameron Smith,.00,0,14,100.00
1,Jordan Spieth,.00,0,8,100.00
1,Brendan Steele,.00,0,7,100.00
1,Chris Stroud,.00,0,11,100.00
1,Hudson Swafford,.00,0,11,100.00
1,Justin Thomas,.00,0,9,100.00
1,Jhonattan Vegas,.00,0,13,100.00
33,D.A. Points,16.67,2,12,83.33
33,Kyle Stanley,16.67,1,6,83.33
