rank,player,Total 3 putts > 25',Total 3 Putts
1,Kevin Chappell,5,5
1,Austin Cook,5,5
3,Bryson DeChambeau,4,4
3,Brian Harman,4,4
3,Patton Kizzire,4,4
3,Brooks Koepka,4,6
3,Grayson Murray,4,5
3,Jon Rahm,4,4
3,Cameron Smith,4,4
3,Brendan Steele,4,4
11,Wesley Bryan,3,3
11,Jason Dufner,3,3
11,Russell Henley,3,3
11,Billy Horschel,3,3
11,Marc Leishman,3,3
11,D.A. Points,3,5
11,Jordan Spieth,3,3
11,Chris Stroud,3,3
11,Hudson Swafford,3,3
11,Jhonattan Vegas,3,3
21,Ryan Armour,2,2
21,Daniel Berger,2,2
21,Rickie Fowler,2,2
21,Si Woo Kim,2,2
21,Hideki Matsuyama,2,3
21,Pat Perez,2,2
21,Xander Schauffele,2,3
21,Kyle Stanley,2,3
21,Justin Thomas,2,4
30,Patrick Cantlay,1,1
