rank,player,%,Total 3 Putts,Attempts,2 Putt or Better %
1,Jonas Blixt,.00,0,11,100.00
1,Adam Hadwin,.00,0,18,100.00
1,Dustin Johnson,.00,0,18,100.00
1,Kevin Kisner,.00,0,23,100.00
5,Patrick Cantlay,5.88,1,17,94.12
6,Kyle Stanley,8.00,2,25,92.00
7,Daniel Berger,9.09,2,22,90.91
8,Rickie Fowler,10.00,2,20,90.00
9,Xander Schauffele,10.53,2,19,89.47
9,Justin Thomas,10.53,2,19,89.47
11,Billy Horschel,10.71,3,28,89.29
12,Pat Perez,11.76,2,17,88.24
13,Jason Dufner,12.00,3,25,88.00
14,Ryan Armour,12.50,2,16,87.50
14,Si Woo Kim,12.50,2,16,87.50
14,Hideki Matsuyama,12.50,2,16,87.50
17,Patton Kizzire,14.29,4,28,85.71
18,D.A. Points,15.00,3,20,85.00
19,Wesley Bryan,15.79,3,19,84.21
19,Jhonattan Vegas,15.79,3,19,84.21
21,Brendan Steele,16.00,4,25,84.00
22,Bryson DeChambeau,16.67,4,24,83.33
22,Russell Henley,16.67,3,18,83.33
24,Marc Leishman,17.65,3,17,82.35
24,Hudson Swafford,17.65,3,17,82.35
26,Brian Harman,18.18,4,22,81.82
26,Jon Rahm,18.18,4,22,81.82
28,Grayson Murray,20.00,4,20,80.00
28,Cameron Smith,20.00,4,20,80.00
28,Jordan Spieth,20.00,3,15,80.00
28,Chris Stroud,20.00,3,15,80.00
32,Austin Cook,23.81,5,21,76.19
33,Brooks Koepka,25.00,4,16,75.00
34,Kevin Chappell,27.78,5,18,72.22
