rank,player,Total,Distance Rank,Accuracy Rank
1,Vijay Singh,5,3,2
2,Shaun Micheel,11,5,6
3,Stuart Appleby,14,8,6
4,Darren Clarke,17,15,2
5,Shigeki Maruyama,18,10,8
6,Davis Love III,19,11,8
7,Justin Leonard,20,12,8
8,Tiger Woods,23,1,22
9,Kenny Perry,24,2,22
10,Kirk Triplett,25,24,1
11,Craig Stadler,27,14,13
12,J.L. Lewis,28,6,22
13,Retief Goosen,29,27,2
14,Chad Campbell,30,22,8
14,Jim Furyk,30,28,2
16,Mike Weir,31,16,15
17,Tommy Armour III,33,6,27
17,Jonathan Kaye,33,25,8
19,Fred Couples,34,4,30
19,Peter Jacobsen,34,19,15
21,Ben Crane,35,13,22
22,Ernie Els,36,9,27
22,Steve Flesch,36,17,19
22,Frank Lickliter II,36,21,15
25,Adam Scott,37,18,19
26,John Huston,41,26,15
27,Scott Hoch,42,23,19
28,Bob Tway,43,30,13
29,Ben Curtis,48,19,29
30,Rory Sabbatini,51,29,22
