rank,player,%,# of Saves,# of Bunkers
1,Tim Clark,100.00,2,2
1,Ben Crane,100.00,3,3
1,Matt Every,100.00,3,3
1,Brian Harman,100.00,2,2
1,Matt Jones,100.00,1,1
1,Ryan Moore,100.00,1,1
1,Geoff Ogilvy,100.00,1,1
1,John Senden,100.00,2,2
1,Robert Streb,100.00,1,1
1,Kevin Streelman,100.00,1,1
1,Nick Taylor,100.00,1,1
1,Camilo Villegas,100.00,2,2
1,Jimmy Walker,100.00,1,1
14,Charley Hoffman,66.67,2,3
15,Steven Bowditch,50.00,1,2
15,Ángel Cabrera,50.00,2,4
15,Chris Kirk,50.00,1,2
15,Hideki Matsuyama,50.00,1,2
15,S.Y. Noh,50.00,2,4
20,Bubba Watson,25.00,1,4
21,Chesson Hadley,.00,0,1
21,J.B. Holmes,.00,0,3
21,Zach Johnson,.00,0,2
21,Matt Kuchar,.00,0,1
21,Hunter Mahan,.00,0,1
21,Ben Martin,.00,0,1
