rank,player,%,Successes,Attempts
1,Steven Bowditch,100.00,1,1
1,Tim Clark,100.00,1,1
1,Matt Every,100.00,2,2
1,Brian Harman,100.00,2,2
1,Billy Horschel,100.00,1,1
1,Ben Martin,100.00,1,1
1,Ryan Moore,100.00,3,3
1,John Senden,100.00,2,2
1,Scott Stallings,100.00,1,1
1,Robert Streb,100.00,1,1
1,Kevin Streelman,100.00,1,1
1,Nick Taylor,100.00,2,2
13,Chris Kirk,66.67,2,3
13,Hideki Matsuyama,66.67,2,3
13,S.Y. Noh,66.67,2,3
16,Ben Crane,50.00,2,4
16,Charley Hoffman,50.00,1,2
16,Zach Johnson,50.00,1,2
16,Matt Jones,50.00,1,2
16,Camilo Villegas,50.00,1,2
21,Bubba Watson,40.00,2,5
22,Ángel Cabrera,33.33,1,3
23,J.B. Holmes,25.00,1,4
24,Jason Day,.00,0,1
24,Chesson Hadley,.00,0,3
24,Matt Kuchar,.00,0,2
