rank,player,%,Successes,Attempts
1,Billy Horschel,100.00,6,6
1,Matt Kuchar,100.00,3,3
1,Hunter Mahan,100.00,2,2
1,Jimmy Walker,100.00,2,2
5,Patrick Reed,87.50,7,8
6,Ryan Moore,80.00,4,5
6,Brendon Todd,80.00,4,5
6,Bubba Watson,80.00,4,5
9,J.B. Holmes,75.00,3,4
10,Zach Johnson,66.67,2,3
10,Hideki Matsuyama,66.67,2,3
10,John Senden,66.67,2,3
10,Nick Taylor,66.67,4,6
14,Sangmoon Bae,60.00,3,5
14,Ángel Cabrera,60.00,3,5
14,Ben Martin,60.00,3,5
14,Robert Streb,60.00,3,5
18,Camilo Villegas,55.56,5,9
19,Jason Day,50.00,1,2
19,Brian Harman,50.00,3,6
19,Russell Henley,50.00,2,4
19,Charley Hoffman,50.00,1,2
19,Geoff Ogilvy,50.00,2,4
19,Kevin Streelman,50.00,2,4
25,Matt Every,42.86,3,7
25,Matt Jones,42.86,3,7
25,Chris Kirk,42.86,3,7
28,Tim Clark,40.00,2,5
29,Steven Bowditch,33.33,2,6
29,Ben Crane,33.33,2,6
31,Scott Stallings,25.00,1,4
32,Chesson Hadley,.00,0,1
32,S.Y. Noh,.00,0,1
