rank,player,%,Successes,Attempts
1,Sangmoon Bae,100.00,1,1
1,Steven Bowditch,100.00,3,3
1,Ángel Cabrera,100.00,2,2
1,Jason Day,100.00,2,2
1,Matt Every,100.00,3,3
1,Brian Harman,100.00,3,3
1,Charley Hoffman,100.00,2,2
1,J.B. Holmes,100.00,1,1
1,Zach Johnson,100.00,2,2
1,Matt Jones,100.00,3,3
1,Chris Kirk,100.00,2,2
1,Matt Kuchar,100.00,2,2
1,Hunter Mahan,100.00,2,2
1,Hideki Matsuyama,100.00,2,2
1,Geoff Ogilvy,100.00,1,1
1,Patrick Reed,100.00,3,3
1,John Senden,100.00,2,2
1,Scott Stallings,100.00,2,2
1,Robert Streb,100.00,1,1
1,Kevin Streelman,100.00,2,2
1,Nick Taylor,100.00,5,5
1,Brendon Todd,100.00,4,4
1,Jimmy Walker,100.00,2,2
24,Ben Crane,80.00,4,5
24,Ryan Moore,80.00,4,5
26,Chesson Hadley,75.00,3,4
27,Ben Martin,66.67,2,3
27,Bubba Watson,66.67,2,3
29,Russell Henley,50.00,1,2
29,Camilo Villegas,50.00,2,4
31,S.Y. Noh,33.33,1,3
