rank,player,%,Successes,Attempts
1,Steven Bowditch,100.00,5,5
1,Ben Martin,100.00,2,2
1,Geoff Ogilvy,100.00,1,1
1,Camilo Villegas,100.00,4,4
5,Matt Every,85.71,6,7
6,Ben Crane,83.33,5,6
6,Robert Streb,83.33,5,6
6,Jimmy Walker,83.33,5,6
9,Hunter Mahan,80.00,4,5
9,Ryan Moore,80.00,4,5
9,Patrick Reed,80.00,4,5
9,Bubba Watson,80.00,8,10
13,Chris Kirk,77.78,7,9
14,Billy Horschel,75.00,3,4
14,Hideki Matsuyama,75.00,3,4
14,S.Y. Noh,75.00,3,4
17,Matt Kuchar,71.43,5,7
18,Kevin Streelman,70.00,7,10
19,Ángel Cabrera,66.67,6,9
19,Chesson Hadley,66.67,2,3
19,Russell Henley,66.67,2,3
22,Tim Clark,62.50,5,8
23,Zach Johnson,60.00,3,5
23,John Senden,60.00,3,5
25,Charley Hoffman,57.14,4,7
26,Nick Taylor,50.00,2,4
26,Brendon Todd,50.00,2,4
28,Matt Jones,42.86,3,7
29,Brian Harman,40.00,2,5
30,J.B. Holmes,37.50,3,8
31,Sangmoon Bae,33.33,1,3
31,Scott Stallings,33.33,1,3
33,Jason Day,.00,0,2
