rank,player,%,Successes,Attempts
1,Sangmoon Bae,100.00,1,1
1,Billy Horschel,100.00,4,4
1,Chris Kirk,100.00,1,1
1,Hideki Matsuyama,100.00,2,2
1,Ryan Moore,100.00,2,2
1,Patrick Reed,100.00,3,3
7,Matt Every,66.67,2,3
7,J.B. Holmes,66.67,2,3
7,Matt Kuchar,66.67,2,3
7,John Senden,66.67,2,3
7,Scott Stallings,66.67,2,3
7,Camilo Villegas,66.67,4,6
13,Brian Harman,60.00,3,5
13,S.Y. Noh,60.00,3,5
15,Steven Bowditch,50.00,1,2
15,Ángel Cabrera,50.00,1,2
15,Ben Crane,50.00,1,2
15,Jason Day,50.00,1,2
15,Russell Henley,50.00,1,2
15,Charley Hoffman,50.00,1,2
15,Hunter Mahan,50.00,1,2
15,Ben Martin,50.00,2,4
15,Geoff Ogilvy,50.00,3,6
15,Robert Streb,50.00,1,2
15,Nick Taylor,50.00,4,8
26,Bubba Watson,25.00,1,4
27,Tim Clark,.00,0,4
27,Zach Johnson,.00,0,2
27,Kevin Streelman,.00,0,2
27,Brendon Todd,.00,0,1
27,Jimmy Walker,.00,0,1
