rank,player,%,Successes,Attempts
1,K.J. Choi,100.00,1,1
1,Will MacKenzie,100.00,1,1
3,Brian Gay,66.67,2,3
3,Anthony Kim,66.67,2,3
3,Greg Kraft,66.67,2,3
3,Adam Scott,66.67,2,3
7,Ernie Els,50.00,1,2
7,Ryuji Imada,50.00,2,4
7,Dustin Johnson,50.00,1,2
7,Richard Johnson,50.00,1,2
7,Parker McLachlin,50.00,1,2
7,Sean O'Hair,50.00,1,2
7,Ryan Palmer,50.00,1,2
7,Andres Romero,50.00,1,2
7,D.J. Trahan,50.00,1,2
7,Johnson Wagner,50.00,1,2
17,Daniel Chopra,33.33,1,3
17,Geoff Ogilvy,33.33,1,3
19,Steve Lowery,25.00,1,4
20,Cameron Beckman,.00,0,1
20,Stewart Cink,.00,0,1
20,J.B. Holmes,.00,0,4
20,Zach Johnson,.00,0,1
20,Davis Love III,.00,0,1
20,Kenny Perry,.00,0,1
20,Vijay Singh,.00,0,2
20,Marc Turnesa,.00,0,3
20,Camilo Villegas,.00,0,1
