rank,player,%,Successes,Attempts
1,Justin Leonard,100.00,2,2
1,Davis Love III,100.00,2,2
1,Sean O'Hair,100.00,2,2
1,Camilo Villegas,100.00,3,3
5,Brian Gay,85.71,6,7
6,Ernie Els,80.00,4,5
6,Kenny Perry,80.00,4,5
8,Vijay Singh,75.00,6,8
9,Stewart Cink,66.67,6,9
9,Trevor Immelman,66.67,6,9
9,Geoff Ogilvy,66.67,2,3
9,Ryan Palmer,66.67,4,6
9,Andres Romero,66.67,4,6
9,Johnson Wagner,66.67,2,3
15,Richard Johnson,62.50,5,8
16,Zach Johnson,60.00,6,10
16,Will MacKenzie,60.00,3,5
16,Carl Pettersson,60.00,6,10
19,Adam Scott,57.14,4,7
20,Ryuji Imada,50.00,2,4
20,Dustin Johnson,50.00,1,2
20,Anthony Kim,50.00,2,4
20,Steve Lowery,50.00,3,6
20,Marc Turnesa,50.00,5,10
20,Boo Weekley,50.00,1,2
26,Cameron Beckman,37.50,3,8
27,K.J. Choi,33.33,1,3
27,J.B. Holmes,33.33,2,6
27,Greg Kraft,33.33,2,6
27,Parker McLachlin,33.33,1,3
31,D.J. Trahan,25.00,1,4
32,Daniel Chopra,16.67,1,6
33,Chez Reavie,.00,0,2
