rank,player,%,Successes,Attempts
1,K.J. Choi,100.00,3,3
1,Anthony Kim,100.00,3,3
1,Parker McLachlin,100.00,1,1
1,Kenny Perry,100.00,4,4
5,Brian Gay,85.71,6,7
6,Richard Johnson,83.33,5,6
6,Greg Kraft,83.33,5,6
6,Carl Pettersson,83.33,5,6
9,Stewart Cink,80.00,4,5
9,Geoff Ogilvy,80.00,4,5
9,Chez Reavie,80.00,4,5
12,Camilo Villegas,75.00,3,4
12,Boo Weekley,75.00,3,4
14,Ernie Els,72.73,8,11
15,Will MacKenzie,66.67,2,3
15,Sean O'Hair,66.67,4,6
15,Adam Scott,66.67,2,3
18,Trevor Immelman,60.00,3,5
18,Dustin Johnson,60.00,3,5
18,Andres Romero,60.00,6,10
21,Ryuji Imada,57.14,4,7
21,Zach Johnson,57.14,4,7
21,Ryan Palmer,57.14,4,7
24,Steve Lowery,55.56,5,9
25,Davis Love III,50.00,1,2
25,D.J. Trahan,50.00,1,2
25,Marc Turnesa,50.00,2,4
25,Johnson Wagner,50.00,1,2
29,Cameron Beckman,25.00,1,4
29,Daniel Chopra,25.00,2,8
29,J.B. Holmes,25.00,1,4
32,Vijay Singh,20.00,1,5
33,Justin Leonard,.00,0,1
