rank,player,%,# of Saves,# of Bunkers
1,K.J. Choi,100.00,1,1
1,Anthony Kim,100.00,1,1
1,Greg Kraft,100.00,1,1
1,Will MacKenzie,100.00,1,1
1,Chez Reavie,100.00,1,1
1,Boo Weekley,100.00,1,1
7,Brian Gay,66.67,2,3
8,Ernie Els,50.00,1,2
8,Dustin Johnson,50.00,1,2
8,Richard Johnson,50.00,1,2
8,Steve Lowery,50.00,1,2
8,Geoff Ogilvy,50.00,1,2
8,Carl Pettersson,50.00,1,2
8,Andres Romero,50.00,1,2
8,Vijay Singh,50.00,1,2
16,Daniel Chopra,33.33,1,3
16,Ryuji Imada,33.33,1,3
18,Cameron Beckman,.00,0,1
18,Stewart Cink,.00,0,2
18,J.B. Holmes,.00,0,2
18,Zach Johnson,.00,0,1
18,Davis Love III,.00,0,1
18,Sean O'Hair,.00,0,2
18,Adam Scott,.00,0,1
