rank,player,%,Successes,Attempts
1,Ernie Els,100.00,1,1
1,Justin Leonard,100.00,2,2
1,Will MacKenzie,100.00,3,3
1,Sean O'Hair,100.00,1,1
5,Vijay Singh,83.33,5,6
6,Ryan Palmer,80.00,4,5
6,Johnson Wagner,80.00,4,5
8,Trevor Immelman,75.00,3,4
9,Zach Johnson,66.67,2,3
9,Steve Lowery,66.67,2,3
9,Marc Turnesa,66.67,4,6
9,Boo Weekley,66.67,2,3
13,Adam Scott,62.50,5,8
14,Brian Gay,60.00,3,5
15,Dustin Johnson,50.00,1,2
15,Anthony Kim,50.00,3,6
15,Davis Love III,50.00,1,2
15,Parker McLachlin,50.00,3,6
15,Kenny Perry,50.00,1,2
15,Carl Pettersson,50.00,1,2
15,Andres Romero,50.00,1,2
22,Greg Kraft,40.00,2,5
23,Cameron Beckman,33.33,1,3
23,K.J. Choi,33.33,2,6
23,Daniel Chopra,33.33,1,3
23,J.B. Holmes,33.33,1,3
23,Ryuji Imada,33.33,1,3
23,D.J. Trahan,33.33,1,3
23,Camilo Villegas,33.33,1,3
30,Stewart Cink,.00,0,2
30,Richard Johnson,.00,0,3
30,Geoff Ogilvy,.00,0,1
30,Chez Reavie,.00,0,2
