rank,player,%,Successes,Attempts
1,Cameron Beckman,100.00,1,1
1,Daniel Chopra,100.00,3,3
1,Stewart Cink,100.00,1,1
1,Ernie Els,100.00,2,2
1,Ryuji Imada,100.00,1,1
1,Dustin Johnson,100.00,2,2
1,Anthony Kim,100.00,1,1
1,Greg Kraft,100.00,1,1
1,Justin Leonard,100.00,2,2
1,Davis Love III,100.00,1,1
1,Parker McLachlin,100.00,2,2
1,Geoff Ogilvy,100.00,1,1
1,Kenny Perry,100.00,1,1
1,Carl Pettersson,100.00,1,1
1,Chez Reavie,100.00,1,1
1,D.J. Trahan,100.00,1,1
1,Marc Turnesa,100.00,1,1
1,Camilo Villegas,100.00,1,1
19,K.J. Choi,50.00,1,2
19,Vijay Singh,50.00,1,2
21,Richard Johnson,.00,0,2
21,Adam Scott,.00,0,1
21,Johnson Wagner,.00,0,2
