rank,player,Avg,Total Spin Speed,Total Attempts
1,Troy Merritt,"3,595.8","14,383",4
2,Chris Kirk,"3,107.8","12,431",4
3,Padraig Harrington,"3,046.5","6,093",2
4,Bill Haas,"3,032.8","12,131",4
5,Rickie Fowler,"2,991.0","8,973",3
6,Patrick Reed,"2,939.0","8,817",3
7,Davis Love III,"2,869.3","8,608",3
8,J.B. Holmes,"2,780.8","11,123",4
9,David Lingmerth,"2,773.8","11,095",4
10,Fabián Gómez,"2,758.7","8,276",3
11,Dustin Johnson,"2,753.0","11,012",4
12,Emiliano Grillo,"2,740.7","8,222",3
13,Brooks Koepka,"2,684.7","8,054",3
14,Jordan Spieth,"2,671.8","10,687",4
15,Graeme McDowell,"2,671.5","5,343",2
16,Peter Malnati,"2,641.7","7,925",3
17,Brandt Snedeker,"2,572.0","10,288",4
18,Smylie Kaufman,"2,555.7","7,667",3
19,Kevin Kisner,"2,521.7","7,565",3
20,James Hahn,"2,490.0","9,960",4
21,Jimmy Walker,"2,485.0","7,455",3
22,Alex Cejka,"2,459.7","7,379",3
23,Danny Lee,"2,441.0","7,323",3
24,Zach Johnson,"2,416.5","4,833",2
25,Russell Knox,"2,395.5","4,791",2
26,Bubba Watson,"2,366.5","4,733",2
27,Steven Bowditch,"2,328.3","9,313",4
28,J.J. Henry,"2,327.3","6,982",3
29,Justin Thomas,"2,313.8","9,255",4
30,Matt Every,"2,237.3","6,712",3
31,Scott Piercy,"2,146.8","8,587",4
32,Jason Day,"1,856.7","5,570",3
