rank,player,Combined Rank,Carry Efficiency Rank,Total Dist. Effic. Rank
1,Dustin Johnson,3,2,1
2,Jordan Spieth,4,1,3
3,J.B. Holmes,12,6,6
4,James Hahn,13,3,10
4,Bubba Watson,13,11,2
6,Jason Day,14,4,10
7,Kevin Kisner,15,10,5
8,Scott Piercy,16,4,12
9,Zach Johnson,19,7,12
9,Justin Thomas,19,12,7
11,Rickie Fowler,22,7,15
11,Brandt Snedeker,22,13,9
13,Graeme McDowell,24,16,8
14,Danny Lee,29,15,14
14,David Lingmerth,29,9,20
14,Peter Malnati,29,14,15
17,Padraig Harrington,30,26,4
18,Alex Cejka,36,19,17
19,J.J. Henry,40,18,22
20,Davis Love III,45,26,19
21,Fabián Gómez,46,23,23
22,Chris Kirk,47,17,30
22,Troy Merritt,47,23,24
24,Russell Knox,48,30,18
25,Matt Every,49,28,21
25,Jimmy Walker,49,22,27
27,Bill Haas,52,20,32
27,Smylie Kaufman,52,21,31
29,Brooks Koepka,53,25,28
30,Steven Bowditch,54,29,25
31,Patrick Reed,57,31,26
32,Emiliano Grillo,61,32,29
