rank,player,Avg,Total Dist. to Impact,Total Attempts
1,Dustin Johnson,299.3,898.0,3
2,Bubba Watson,294.2,882.7,3
3,J.B. Holmes,294.1,"1,176.6",4
4,Brooks Koepka,292.0,"1,167.9",4
5,Jason Day,289.6,"1,158.5",4
6,Rickie Fowler,289.3,"1,157.2",4
7,Smylie Kaufman,285.8,"1,143.2",4
8,Justin Thomas,285.6,"1,142.5",4
9,Scott Piercy,280.3,"1,121.2",4
10,Jordan Spieth,277.6,"1,110.3",4
11,James Hahn,275.8,"1,103.2",4
12,Steven Bowditch,275.4,"1,101.5",4
13,Bill Haas,271.6,814.8,3
14,Brandt Snedeker,271.1,"1,084.2",4
15,Kevin Kisner,269.9,809.7,3
16,Patrick Reed,269.7,"1,078.8",4
17,Jimmy Walker,269.0,807.0,3
18,Danny Lee,268.6,805.9,3
19,David Lingmerth,267.9,"1,071.8",4
20,Fabián Gómez,267.1,"1,068.3",4
21,Peter Malnati,266.5,"1,066.0",4
22,Davis Love III,266.0,798.1,3
23,Graeme McDowell,265.2,530.4,2
24,Matt Every,264.4,793.3,3
25,Emiliano Grillo,263.0,788.9,3
26,Troy Merritt,262.8,"1,051.3",4
27,Chris Kirk,261.6,784.7,3
28,J.J. Henry,261.4,784.2,3
29,Zach Johnson,258.4,516.8,2
30,Alex Cejka,258.2,"1,032.7",4
31,Russell Knox,254.1,"1,016.5",4
32,Padraig Harrington,253.1,506.2,2
