rank,player,Avg,Total Club Head Speed,Total Attempts
1,Brooks Koepka,124.66,498.65,4
2,Smylie Kaufman,121.51,486.03,4
3,Bubba Watson,121.09,363.28,3
4,J.B. Holmes,120.61,482.42,4
5,Dustin Johnson,120.46,481.85,4
6,Steven Bowditch,119.14,476.57,4
7,Rickie Fowler,118.73,474.92,4
8,Jason Day,118.34,473.38,4
9,Justin Thomas,117.84,471.35,4
10,Patrick Reed,117.63,470.53,4
11,Bill Haas,115.39,461.57,4
12,Emiliano Grillo,115.03,345.08,3
13,Jimmy Walker,114.57,458.27,4
14,Scott Piercy,114.55,458.20,4
15,Davis Love III,113.91,341.73,3
16,Fabián Gómez,113.72,454.87,4
17,Matt Every,113.29,339.88,3
18,Brandt Snedeker,112.15,448.58,4
19,James Hahn,112.08,448.33,4
20,Troy Merritt,111.88,447.54,4
21,Danny Lee,111.53,446.12,4
22,Graeme McDowell,111.08,333.25,3
23,Kevin Kisner,111.01,333.03,3
24,Peter Malnati,110.90,443.59,4
25,Russell Knox,110.52,442.07,4
26,J.J. Henry,110.37,331.11,3
27,Jordan Spieth,110.08,440.34,4
28,David Lingmerth,109.99,439.97,4
29,Chris Kirk,109.62,438.49,4
30,Alex Cejka,109.37,437.47,4
31,Padraig Harrington,108.37,216.75,2
32,Zach Johnson,106.88,320.63,3
