rank,player,Avg,Total Apex Range,Total Attempts
1,Dustin Johnson,205.1,820.3,4
2,Bubba Watson,201.8,605.5,3
3,Brooks Koepka,201.4,805.5,4
4,J.B. Holmes,201.2,804.9,4
5,Smylie Kaufman,196.4,785.7,4
6,Rickie Fowler,194.7,778.9,4
7,Justin Thomas,191.0,763.9,4
8,Jason Day,190.5,761.9,4
9,Steven Bowditch,188.3,753.4,4
10,Scott Piercy,187.1,748.5,4
11,Fabián Gómez,185.3,741.1,4
12,Patrick Reed,185.2,740.6,4
13,James Hahn,185.1,740.5,4
14,Jordan Spieth,183.9,735.4,4
15,Bill Haas,183.7,735.0,4
16,Brandt Snedeker,183.6,734.3,4
16,Jimmy Walker,183.6,734.3,4
18,Troy Merritt,182.0,728.1,4
19,David Lingmerth,181.9,727.7,4
20,Davis Love III,181.8,545.5,3
21,Peter Malnati,181.2,724.9,4
22,Graeme McDowell,180.8,542.4,3
23,Danny Lee,179.2,537.5,3
24,Kevin Kisner,179.1,537.2,3
25,Emiliano Grillo,177.2,531.5,3
26,J.J. Henry,177.0,531.1,3
27,Matt Every,176.9,530.7,3
28,Chris Kirk,176.4,705.4,4
29,Alex Cejka,173.8,695.0,4
30,Zach Johnson,173.7,521.1,3
31,Russell Knox,173.5,694.0,4
32,Padraig Harrington,168.9,337.8,2
