rank,player,Avg RTP
1,Rory Sabbatini,-.356
2,Chad Campbell,-.279
3,Stewart Cink,-.225
3,Peter Lonard,-.225
5,David Toms,-.220
6,Charles Warren,-.214
7,David Duval,-.195
8,Jerry Kelly,-.186
9,Jim Furyk,-.179
10,Will MacKenzie,-.175
11,Nathan Green,-.171
11,Vijay Singh,-.171
13,Richard Johnson,-.159
13,Steve Jones,-.159
15,Brad Faxon,-.152
16,Jay Haas,-.143
16,Jerry Smith,-.143
18,David Branshaw,-.140
19,Carl Pettersson,-.136
20,Hunter Mahan,-.122
21,J.B. Holmes,-.120
22,Jason Bohn,-.111
22,Jeff Gove,-.111
24,Mark Calcavecchia,-.109
25,Adam Scott,-.106
26,Ryuji Imada,-.105
26,Bo Van Pelt,-.105
28,Loren Roberts,-.098
29,Paul Goydos,-.096
30,Jesper Parnevik,-.095
31,Camilo Villegas,-.093
32,Tommy Armour III,-.089
33,Craig Barlow,-.087
34,Michael Allen,-.086
35,Rich Beem,-.085
36,Dudley Hart,-.081
37,Robert Gamez,-.078
38,Charles Howell III,-.075
39,Bubba Watson,-.073
40,Brent Geiberger,-.071
40,Arron Oberholser,-.071
42,Aaron Baddeley,-.068
43,K.J. Choi,-.067
44,Troy Matteson,-.054
44,Parker McLachlin,-.054
44,Roger Tambellini,-.054
47,Stuart Appleby,-.049
47,Todd Fischer,-.049
47,Jon Mills,-.049
50,Tom Byrum,-.044
51,Jeff Maggert,-.043
52,Ron Whittaker,-.038
53,Joe Durant,-.036
54,Bubba Dickerson,-.027
55,Woody Austin,-.025
56,Shane Bertsch,-.024
56,Joe Ogilvie,-.024
58,Tom Lehman,-.022
58,Shigeki Maruyama,-.022
60,Olin Browne,-.021
61,Arjun Atwal,E
61,Bill Haas,E
61,Jonathan Kaye,E
61,Thomas Levet,E
61,Jeff Overton,E
61,Chris Riley,E
67,Fred Funk,+.020
67,Billy Mayfair,+.020
69,Vaughn Taylor,+.021
70,Mathew Goggin,+.023
70,Jeff Sluman,+.023
72,Daniel Chopra,+.026
72,John Riegger,+.026
74,Vance Veazey,+.047
75,Henrik Bjornstad,+.049
75,Carlos Franco,+.049
77,Alex Cejka,+.067
77,Hidemichi Tanaka,+.067
79,Paul Azinger,+.081
80,Kaname Yokoo,+.116
81,James Driscoll,+.125
82,Patrick Sheehan,+.150
