rank,player,Avg RTP
1,David Toms,-.600
2,John Riegger,-.462
3,Bubba Watson,-.429
4,Tom Byrum,-.400
5,Vance Veazey,-.200
6,Adam Scott,-.167
6,Jerry Smith,-.167
8,Shane Bertsch,-.125
8,Robert Gamez,-.125
10,Tommy Armour III,-.111
10,Tom Lehman,-.111
12,Jason Bohn,-.100
13,Arjun Atwal,-.091
13,Nathan Green,-.091
15,Troy Matteson,-.077
15,Patrick Sheehan,-.077
17,Carl Pettersson,-.071
18,Stuart Appleby,-.067
19,Woody Austin,E
19,Paul Azinger,E
19,David Branshaw,E
19,Mark Calcavecchia,E
19,K.J. Choi,E
19,Joe Durant,E
19,Carlos Franco,E
19,Fred Funk,E
19,Jim Furyk,E
19,Dudley Hart,E
19,J.B. Holmes,E
19,Shigeki Maruyama,E
19,Billy Mayfair,E
19,Chris Riley,E
19,Vijay Singh,E
19,Vaughn Taylor,E
19,Camilo Villegas,E
19,Ron Whittaker,E
37,Rory Sabbatini,+.059
38,Chad Campbell,+.067
38,Alex Cejka,+.067
40,Jeff Maggert,+.071
41,Brent Geiberger,+.077
42,Arron Oberholser,+.083
43,Paul Goydos,+.100
44,Ryuji Imada,+.111
44,Jesper Parnevik,+.111
46,Charles Howell III,+.118
47,Stewart Cink,+.125
47,Jonathan Kaye,+.125
47,Charles Warren,+.125
50,Joe Ogilvie,+.143
50,Loren Roberts,+.143
52,Bill Haas,+.154
53,Bubba Dickerson,+.176
53,Todd Fischer,+.176
55,Parker McLachlin,+.182
55,Kaname Yokoo,+.182
57,Jeff Gove,+.188
58,Jeff Sluman,+.200
59,Roger Tambellini,+.214
60,Rich Beem,+.222
60,Jeff Overton,+.222
60,Bo Van Pelt,+.222
63,David Duval,+.231
64,Peter Lonard,+.235
65,Henrik Bjornstad,+.250
65,Hidemichi Tanaka,+.250
67,Aaron Baddeley,+.273
67,Jerry Kelly,+.273
67,Thomas Levet,+.273
70,Hunter Mahan,+.286
71,Will MacKenzie,+.300
72,Craig Barlow,+.308
73,Michael Allen,+.333
73,Brad Faxon,+.333
75,Steve Jones,+.364
76,Daniel Chopra,+.385
77,Mathew Goggin,+.400
77,Jay Haas,+.400
77,Jon Mills,+.400
80,Richard Johnson,+.462
81,Olin Browne,+.500
82,James Driscoll,+.538
