rank,player,Avg RTP
1,Tom Byrum,-1.000
1,Mark Calcavecchia,-1.000
1,Chad Campbell,-1.000
1,David Duval,-1.000
1,Paul Goydos,-1.000
1,Bill Haas,-1.000
1,Jay Haas,-1.000
1,Billy Mayfair,-1.000
1,Joe Ogilvie,-1.000
1,Jeff Sluman,-1.000
11,Craig Barlow,-.667
12,Tommy Armour III,-.500
12,Jason Bohn,-.500
12,Jeff Gove,-.500
12,Ryuji Imada,-.500
12,Troy Matteson,-.500
12,Jeff Overton,-.500
12,Charles Warren,-.500
12,Bubba Watson,-.500
20,Rich Beem,-.333
20,John Riegger,-.333
22,Tom Lehman,-.200
23,J.B. Holmes,-.167
24,Woody Austin,E
24,Aaron Baddeley,E
24,Shane Bertsch,E
24,David Branshaw,E
24,Stewart Cink,E
24,Joe Durant,E
24,Brad Faxon,E
24,Todd Fischer,E
24,Jim Furyk,E
24,Brent Geiberger,E
24,Nathan Green,E
24,Richard Johnson,E
24,Jonathan Kaye,E
24,Thomas Levet,E
24,Peter Lonard,E
24,Jeff Maggert,E
24,Parker McLachlin,E
24,Jon Mills,E
24,Arron Oberholser,E
24,Carl Pettersson,E
24,Loren Roberts,E
24,Rory Sabbatini,E
24,Vijay Singh,E
24,Jerry Smith,E
24,Roger Tambellini,E
24,David Toms,E
24,Bo Van Pelt,E
24,Kaname Yokoo,E
52,Stuart Appleby,+.250
52,James Driscoll,+.250
54,Paul Azinger,+.333
54,Henrik Bjornstad,+.333
54,Shigeki Maruyama,+.333
54,Hidemichi Tanaka,+.333
58,Arjun Atwal,+.500
59,Bubba Dickerson,+.600
59,Vaughn Taylor,+.600
61,K.J. Choi,+1.000
61,Carlos Franco,+1.000
61,Chris Riley,+1.000
61,Vance Veazey,+1.000
61,Camilo Villegas,+1.000
61,Ron Whittaker,+1.000
67,Olin Browne,+1.500
