rank,player,Avg RTP
1,Steve Jones,-1.000
1,Jerry Smith,-1.000
3,Shane Bertsch,-.667
3,Troy Matteson,-.667
5,Woody Austin,-.600
5,Peter Lonard,-.600
5,Kaname Yokoo,-.600
8,Jason Bohn,-.500
8,Todd Fischer,-.500
8,Mathew Goggin,-.500
8,Jay Haas,-.500
8,Tom Lehman,-.500
8,Will MacKenzie,-.500
8,Hunter Mahan,-.500
8,Jesper Parnevik,-.500
8,Chris Riley,-.500
8,Loren Roberts,-.500
8,David Toms,-.500
8,Ron Whittaker,-.500
20,Patrick Sheehan,-.400
21,Michael Allen,-.333
21,Mark Calcavecchia,-.333
21,Daniel Chopra,-.333
21,Jim Furyk,-.333
21,Paul Goydos,-.333
21,Richard Johnson,-.333
21,Shigeki Maruyama,-.333
21,Joe Ogilvie,-.333
21,Rory Sabbatini,-.333
30,David Duval,-.286
30,Bill Haas,-.286
32,Olin Browne,-.250
32,Chad Campbell,-.250
32,K.J. Choi,-.250
32,Carl Pettersson,-.250
32,Vaughn Taylor,-.250
37,Stuart Appleby,-.200
37,David Branshaw,-.200
37,Bubba Dickerson,-.200
37,Joe Durant,-.200
37,Charles Howell III,-.200
37,Bo Van Pelt,-.200
37,Vance Veazey,-.200
44,Alex Cejka,-.167
44,Thomas Levet,-.167
46,James Driscoll,-.125
46,J.B. Holmes,-.125
48,Tommy Armour III,E
48,Paul Azinger,E
48,Craig Barlow,E
48,Rich Beem,E
48,Tom Byrum,E
48,Brad Faxon,E
48,Carlos Franco,E
48,Fred Funk,E
48,Robert Gamez,E
48,Brent Geiberger,E
48,Jeff Gove,E
48,Nathan Green,E
48,Jonathan Kaye,E
48,Jerry Kelly,E
48,Jeff Maggert,E
48,Parker McLachlin,E
48,Jon Mills,E
48,Jeff Overton,E
48,Adam Scott,E
48,Vijay Singh,E
48,Jeff Sluman,E
48,Camilo Villegas,E
48,Charles Warren,E
71,Dudley Hart,+.200
72,Roger Tambellini,+.250
72,Hidemichi Tanaka,+.250
74,Henrik Bjornstad,+.333
74,Ryuji Imada,+.333
76,Bubba Watson,+.400
77,Arron Oberholser,+.500
78,Arjun Atwal,+.667
78,Billy Mayfair,+.667
80,Aaron Baddeley,+1.000
