rank,player,Avg RTP
1,Will MacKenzie,-2.000
2,Arjun Atwal,-1.000
2,Jeff Gove,-1.000
2,Billy Mayfair,-1.000
2,Jesper Parnevik,-1.000
2,Patrick Sheehan,-1.000
7,Troy Matteson,-.667
8,Stuart Appleby,-.500
8,Henrik Bjornstad,-.500
8,Alex Cejka,-.500
8,K.J. Choi,-.500
8,Dudley Hart,-.500
8,Adam Scott,-.500
8,Hidemichi Tanaka,-.500
8,Bubba Watson,-.500
16,Carlos Franco,-.400
17,Mathew Goggin,-.333
17,Nathan Green,-.333
17,Jon Mills,-.333
17,Jeff Overton,-.333
21,Shane Bertsch,-.250
22,Loren Roberts,-.200
22,Camilo Villegas,-.200
24,Bo Van Pelt,-.167
25,Tommy Armour III,E
25,Rich Beem,E
25,Jason Bohn,E
25,David Branshaw,E
25,Chad Campbell,E
25,Stewart Cink,E
25,James Driscoll,E
25,David Duval,E
25,Jay Haas,E
25,J.B. Holmes,E
25,Richard Johnson,E
25,Steve Jones,E
25,Jonathan Kaye,E
25,Tom Lehman,E
25,Hunter Mahan,E
25,Parker McLachlin,E
25,Arron Oberholser,E
25,Rory Sabbatini,E
25,Vijay Singh,E
25,Jerry Smith,E
25,Roger Tambellini,E
25,Vance Veazey,E
25,Charles Warren,E
48,Brad Faxon,+.167
48,Bill Haas,+.167
48,Thomas Levet,+.167
48,Carl Pettersson,+.167
52,Woody Austin,+.200
53,Daniel Chopra,+.250
53,John Riegger,+.250
55,Paul Azinger,+.333
55,Aaron Baddeley,+.333
55,Craig Barlow,+.333
55,Olin Browne,+.333
55,Todd Fischer,+.333
55,Brent Geiberger,+.333
55,Vaughn Taylor,+.333
62,Michael Allen,+.400
63,Tom Byrum,+.500
63,Jerry Kelly,+.500
63,Shigeki Maruyama,+.500
63,Chris Riley,+.500
63,Jeff Sluman,+.500
63,Ron Whittaker,+.500
69,Robert Gamez,+.667
70,Bubba Dickerson,+1.000
70,Joe Durant,+1.000
70,Paul Goydos,+1.000
70,Ryuji Imada,+1.000
70,Peter Lonard,+1.000
