rank,player,%,Total Birdies,Total Holes
1,David Toms,50.00,8,16
2,Vaughn Taylor,36.36,8,22
3,Chris Riley,35.29,6,17
4,Nathan Green,32.00,8,25
5,Billy Mayfair,31.82,7,22
6,Stuart Appleby,29.63,8,27
6,Carlos Franco,29.63,8,27
6,Vijay Singh,29.63,8,27
9,Ron Whittaker,29.41,5,17
10,Joe Durant,26.67,4,15
11,Fred Funk,26.32,5,19
12,Tommy Armour III,26.09,6,23
13,Brent Geiberger,25.93,7,27
14,John Riegger,25.81,8,31
15,Carl Pettersson,25.00,6,24
15,Patrick Sheehan,25.00,7,28
17,Shane Bertsch,24.00,6,25
18,Olin Browne,23.81,5,21
18,Jonathan Kaye,23.81,5,21
20,Daniel Chopra,23.33,7,30
21,Alex Cejka,23.08,6,26
21,K.J. Choi,23.08,6,26
23,Tom Byrum,22.73,5,22
24,Dudley Hart,22.58,7,31
25,Roger Tambellini,21.88,7,32
26,Mark Calcavecchia,21.74,5,23
27,Chad Campbell,21.43,6,28
28,Tom Lehman,20.83,5,24
29,Paul Azinger,20.59,7,34
30,Rich Beem,20.00,4,20
31,Loren Roberts,19.35,6,31
32,Arron Oberholser,19.23,5,26
33,Jeff Overton,19.05,4,21
33,Vance Veazey,19.05,4,21
35,Mathew Goggin,18.18,4,22
36,Henrik Bjornstad,17.86,5,28
36,Will MacKenzie,17.86,5,28
38,Craig Barlow,17.39,4,23
38,Steve Jones,17.39,4,23
40,Jay Haas,17.24,5,29
41,Arjun Atwal,16.67,4,24
41,James Driscoll,16.67,5,30
41,Troy Matteson,16.67,5,30
44,Adam Scott,15.79,3,19
45,Michael Allen,15.63,5,32
46,Rory Sabbatini,15.38,4,26
46,Bubba Watson,15.38,4,26
48,Hunter Mahan,14.81,4,27
48,Charles Warren,14.81,4,27
48,Kaname Yokoo,14.81,4,27
51,Stewart Cink,14.29,4,28
51,Thomas Levet,14.29,3,21
51,Shigeki Maruyama,14.29,3,21
54,Jerry Smith,13.64,3,22
55,Woody Austin,13.33,4,30
55,Jim Furyk,13.33,2,15
55,Ryuji Imada,13.33,4,30
58,Jason Bohn,12.90,4,31
58,Todd Fischer,12.90,4,31
60,Jeff Gove,12.50,3,24
61,Richard Johnson,12.00,3,25
61,Jesper Parnevik,12.00,3,25
63,Robert Gamez,11.11,2,18
64,Charles Howell III,10.34,3,29
64,Peter Lonard,10.34,3,29
66,Bubba Dickerson,9.68,3,31
67,Bo Van Pelt,9.09,3,33
68,Jerry Kelly,8.70,2,23
68,Jeff Maggert,8.70,2,23
68,Hidemichi Tanaka,8.70,2,23
71,David Duval,8.33,2,24
71,Jeff Sluman,8.33,2,24
73,Bill Haas,8.00,2,25
73,Jon Mills,8.00,2,25
73,Camilo Villegas,8.00,2,25
76,Aaron Baddeley,7.69,2,26
77,Parker McLachlin,7.41,2,27
78,Joe Ogilvie,7.14,2,28
79,Paul Goydos,5.88,1,17
80,David Branshaw,5.56,1,18
80,J.B. Holmes,5.56,1,18
82,Brad Faxon,2.63,1,38
