rank,player,Avg RTP
1,Chris Riley,-1.000
2,David Toms,-.750
3,Brent Geiberger,-.667
4,Billy Mayfair,-.500
5,Stewart Cink,-.400
6,Henrik Bjornstad,-.333
6,Alex Cejka,-.333
6,Jeff Overton,-.333
6,John Riegger,-.333
6,Vijay Singh,-.333
6,Ron Whittaker,-.333
12,Tom Byrum,-.250
12,Mark Calcavecchia,-.250
12,Chad Campbell,-.250
12,Daniel Chopra,-.250
12,Jonathan Kaye,-.250
12,Arron Oberholser,-.250
18,Carl Pettersson,-.222
19,Adam Scott,-.200
20,Stuart Appleby,-.182
21,Paul Azinger,-.167
21,Richard Johnson,-.167
21,Jerry Smith,-.167
24,Patrick Sheehan,-.143
25,Todd Fischer,-.125
26,Bubba Watson,-.077
27,Tommy Armour III,E
27,Shane Bertsch,E
27,Olin Browne,E
27,Brad Faxon,E
27,Fred Funk,E
27,Robert Gamez,E
27,Jeff Gove,E
27,Paul Goydos,E
27,Nathan Green,E
27,Jay Haas,E
27,J.B. Holmes,E
27,Ryuji Imada,E
27,Jerry Kelly,E
27,Shigeki Maruyama,E
27,Jesper Parnevik,E
27,Loren Roberts,E
27,Vaughn Taylor,E
27,Kaname Yokoo,E
45,Troy Matteson,+.100
46,Rory Sabbatini,+.125
47,Jason Bohn,+.143
47,Charles Howell III,+.143
47,Hunter Mahan,+.143
47,Roger Tambellini,+.143
51,David Duval,+.167
51,Dudley Hart,+.167
51,Jon Mills,+.167
51,Bo Van Pelt,+.167
51,Charles Warren,+.167
56,Michael Allen,+.200
56,Arjun Atwal,+.200
56,Peter Lonard,+.200
59,Aaron Baddeley,+.250
59,David Branshaw,+.250
59,Mathew Goggin,+.250
59,Parker McLachlin,+.250
59,Vance Veazey,+.250
64,James Driscoll,+.286
64,Carlos Franco,+.286
64,Camilo Villegas,+.286
67,Woody Austin,+.333
67,K.J. Choi,+.333
67,Bill Haas,+.333
67,Tom Lehman,+.333
67,Jeff Maggert,+.333
67,Joe Ogilvie,+.333
73,Bubba Dickerson,+.375
73,Will MacKenzie,+.375
73,Jeff Sluman,+.375
76,Rich Beem,+.400
76,Joe Durant,+.400
76,Steve Jones,+.400
79,Craig Barlow,+.500
79,Jim Furyk,+.500
81,Thomas Levet,+.667
82,Hidemichi Tanaka,+1.000
