rank,player,%,Total Birdies,Total Holes
1,David Toms,35.71,5,14
2,Tom Byrum,33.33,4,12
2,Brent Geiberger,33.33,5,15
2,Rory Sabbatini,33.33,6,18
2,Vijay Singh,33.33,6,18
6,Tommy Armour III,31.25,5,16
7,Peter Lonard,29.41,5,17
8,Jesper Parnevik,28.57,4,14
9,Stewart Cink,26.67,4,15
10,Daniel Chopra,22.22,4,18
11,James Driscoll,21.43,3,14
11,Richard Johnson,21.43,3,14
11,Parker McLachlin,21.43,3,14
14,Steve Jones,20.00,3,15
14,Tom Lehman,20.00,3,15
14,Adam Scott,20.00,3,15
14,Jerry Smith,20.00,4,20
18,Paul Azinger,18.75,3,16
18,Charles Warren,18.75,3,16
20,David Duval,17.65,3,17
21,Hunter Mahan,16.67,2,12
21,Jon Mills,16.67,2,12
21,Camilo Villegas,16.67,3,18
24,Olin Browne,15.79,3,19
24,Troy Matteson,15.79,3,19
26,Woody Austin,15.38,2,13
26,David Branshaw,15.38,2,13
26,Jonathan Kaye,15.38,2,13
26,Carl Pettersson,15.38,2,13
26,Chris Riley,15.38,2,13
31,Loren Roberts,15.00,3,20
31,Roger Tambellini,15.00,3,20
33,Dudley Hart,14.29,2,14
34,Chad Campbell,13.33,2,15
34,Jim Furyk,13.33,2,15
34,Ryuji Imada,13.33,2,15
37,Nathan Green,13.04,3,23
38,Stuart Appleby,12.50,2,16
38,K.J. Choi,12.50,2,16
38,Will MacKenzie,12.50,2,16
38,Billy Mayfair,12.50,2,16
38,Vaughn Taylor,12.50,2,16
38,Bo Van Pelt,12.50,2,16
44,Michael Allen,11.76,2,17
44,Arjun Atwal,11.76,2,17
44,Carlos Franco,11.76,2,17
44,Robert Gamez,11.76,2,17
44,Jeff Overton,11.76,2,17
49,Jay Haas,11.11,2,18
49,Vance Veazey,11.11,2,18
49,Kaname Yokoo,11.11,2,18
52,Mark Calcavecchia,10.53,2,19
52,Bubba Dickerson,10.53,2,19
54,Jerry Kelly,10.00,2,20
55,Mathew Goggin,7.69,1,13
55,Jeff Sluman,7.69,1,13
57,Henrik Bjornstad,7.14,1,14
57,Joe Durant,7.14,1,14
59,Todd Fischer,6.67,1,15
59,Charles Howell III,6.67,1,15
59,Thomas Levet,6.67,1,15
59,Hidemichi Tanaka,6.67,1,15
59,Ron Whittaker,6.67,1,15
64,Shane Bertsch,6.25,1,16
64,Joe Ogilvie,6.25,1,16
66,Alex Cejka,5.88,1,17
66,John Riegger,5.88,1,17
68,Paul Goydos,5.56,1,18
68,J.B. Holmes,5.56,1,18
68,Jeff Maggert,5.56,1,18
68,Arron Oberholser,5.56,1,18
72,Aaron Baddeley,5.26,1,19
73,Brad Faxon,5.00,1,20
74,Craig Barlow,.00,0,11
74,Rich Beem,.00,0,10
74,Jason Bohn,.00,0,14
74,Fred Funk,.00,0,18
74,Jeff Gove,.00,0,13
74,Bill Haas,.00,0,14
74,Shigeki Maruyama,.00,0,14
74,Patrick Sheehan,.00,0,14
74,Bubba Watson,.00,0,14
