rank,player,%,Total Birdies,Total Holes
1,Rory Sabbatini,40.00,18,45
2,Charles Warren,33.33,14,42
3,Stewart Cink,32.50,13,40
3,Peter Lonard,32.50,13,40
5,David Duval,31.71,13,41
6,Tommy Armour III,31.11,14,45
7,Jerry Smith,30.61,15,49
8,David Toms,30.00,15,50
9,Carl Pettersson,29.55,13,44
10,Ryuji Imada,28.95,11,38
11,Chad Campbell,27.91,12,43
12,Brad Faxon,27.27,9,33
13,Hunter Mahan,26.83,11,41
13,Bubba Watson,26.83,11,41
15,Jerry Kelly,25.58,11,43
16,Will MacKenzie,25.00,10,40
17,Dudley Hart,24.32,9,37
18,David Branshaw,24.00,12,50
19,Vaughn Taylor,23.40,11,47
20,Camilo Villegas,23.26,10,43
21,Jim Furyk,23.21,13,56
22,Ron Whittaker,23.08,12,52
23,Richard Johnson,22.73,10,44
23,Steve Jones,22.73,10,44
25,Woody Austin,22.50,9,40
26,Nathan Green,21.95,9,41
27,Jeff Overton,21.74,10,46
28,Bubba Dickerson,21.62,8,37
28,Troy Matteson,21.62,8,37
30,Jay Haas,21.43,9,42
30,Arron Oberholser,21.43,9,42
30,Jesper Parnevik,21.43,9,42
33,Paul Goydos,21.15,11,52
34,Bo Van Pelt,21.05,8,38
35,Jonathan Kaye,20.93,9,43
36,Olin Browne,20.83,10,48
37,Tom Byrum,20.00,9,45
37,Chris Riley,20.00,11,55
39,Todd Fischer,19.51,8,41
39,Vijay Singh,19.51,8,41
41,Rich Beem,19.15,9,47
42,Brent Geiberger,19.05,8,42
43,Kaname Yokoo,18.60,8,43
44,Daniel Chopra,18.42,7,38
45,J.B. Holmes,18.00,9,50
46,Patrick Sheehan,17.50,7,40
47,Craig Barlow,17.39,8,46
47,Mark Calcavecchia,17.39,8,46
49,Michael Allen,17.14,6,35
50,Stuart Appleby,17.07,7,41
50,Jon Mills,17.07,7,41
52,Arjun Atwal,17.02,8,47
52,Jeff Maggert,17.02,8,47
52,Adam Scott,17.02,8,47
55,Jason Bohn,16.67,6,36
55,Joe Ogilvie,16.67,7,42
57,Joe Durant,16.36,9,55
58,Billy Mayfair,16.33,8,49
59,Parker McLachlin,16.22,6,37
60,Aaron Baddeley,15.91,7,44
60,Mathew Goggin,15.91,7,44
62,Alex Cejka,15.56,7,45
62,K.J. Choi,15.56,7,45
62,Tom Lehman,15.56,7,45
65,Shigeki Maruyama,15.22,7,46
66,Charles Howell III,15.00,6,40
67,Loren Roberts,14.63,6,41
68,Shane Bertsch,14.29,6,42
69,Bill Haas,13.95,6,43
69,Vance Veazey,13.95,6,43
71,Robert Gamez,13.73,7,51
72,Jeff Sluman,13.64,6,44
73,Jeff Gove,13.33,6,45
74,John Riegger,12.82,5,39
75,James Driscoll,12.50,5,40
76,Henrik Bjornstad,12.20,5,41
76,Carlos Franco,12.20,5,41
78,Fred Funk,11.76,6,51
79,Paul Azinger,10.81,4,37
79,Roger Tambellini,10.81,4,37
81,Thomas Levet,10.42,5,48
82,Hidemichi Tanaka,4.44,2,45
