rank,player,Avg RTP
1,David Toms,-.500
2,Bubba Watson,-.235
3,Carlos Franco,-.227
4,Nathan Green,-.182
5,K.J. Choi,-.160
5,Vijay Singh,-.160
7,Tom Byrum,-.150
8,Will MacKenzie,-.143
8,Vaughn Taylor,-.143
10,Carl Pettersson,-.136
11,John Riegger,-.133
12,Stuart Appleby,-.130
13,Shane Bertsch,-.120
14,Billy Mayfair,-.111
15,Chad Campbell,-.087
15,Kaname Yokoo,-.087
17,Patrick Sheehan,-.083
18,Dudley Hart,-.074
19,Chris Riley,-.067
19,Adam Scott,-.067
21,Fred Funk,-.059
22,Rich Beem,-.056
23,Jeff Overton,-.053
24,Arjun Atwal,-.050
25,Tommy Armour III,-.048
26,Arron Oberholser,-.045
27,Joe Ogilvie,-.043
28,Brent Geiberger,-.038
29,Paul Azinger,-.033
30,Mark Calcavecchia,E
30,Daniel Chopra,E
30,Robert Gamez,E
30,Jonathan Kaye,E
30,Tom Lehman,E
30,Troy Matteson,E
30,Parker McLachlin,E
30,Loren Roberts,E
30,Vance Veazey,E
30,Ron Whittaker,E
40,Ryuji Imada,+.038
41,Henrik Bjornstad,+.040
42,Bill Haas,+.043
42,Charles Warren,+.043
44,Craig Barlow,+.048
44,Rory Sabbatini,+.048
44,Hidemichi Tanaka,+.048
47,Olin Browne,+.053
47,Thomas Levet,+.053
49,Jim Furyk,+.071
50,Jason Bohn,+.074
51,Joe Durant,+.077
52,Alex Cejka,+.087
53,Jeff Maggert,+.095
53,Jesper Parnevik,+.095
55,Jeff Gove,+.100
56,Jeff Sluman,+.111
57,Woody Austin,+.120
58,Stewart Cink,+.125
59,Charles Howell III,+.130
59,Camilo Villegas,+.130
61,Roger Tambellini,+.138
61,Bo Van Pelt,+.138
63,David Branshaw,+.143
63,Mathew Goggin,+.143
65,Todd Fischer,+.148
66,Jon Mills,+.150
67,James Driscoll,+.154
68,Steve Jones,+.158
68,Jerry Kelly,+.158
70,Jerry Smith,+.167
71,Michael Allen,+.179
72,J.B. Holmes,+.188
73,Shigeki Maruyama,+.211
74,Richard Johnson,+.227
75,Bubba Dickerson,+.231
76,David Duval,+.250
76,Hunter Mahan,+.250
78,Brad Faxon,+.257
79,Jay Haas,+.259
80,Aaron Baddeley,+.273
81,Peter Lonard,+.296
82,Paul Goydos,+.313
