rank,player,%,Total Birdies,Total Holes
1,David Toms,60.00,3,5
2,John Riegger,46.15,6,13
3,Bubba Watson,42.86,3,7
4,Tom Byrum,40.00,2,5
4,Shigeki Maruyama,40.00,2,5
4,Chris Riley,40.00,4,10
4,Vance Veazey,40.00,2,5
8,Tommy Armour III,33.33,3,9
8,Joe Durant,33.33,2,6
8,Adam Scott,33.33,2,6
8,Jerry Smith,33.33,2,6
8,Vaughn Taylor,33.33,4,12
13,Carlos Franco,29.41,5,17
14,Paul Azinger,28.57,2,7
14,Carl Pettersson,28.57,4,14
14,Roger Tambellini,28.57,4,14
14,Ron Whittaker,28.57,2,7
18,Woody Austin,27.27,3,11
18,Nathan Green,27.27,3,11
20,Shane Bertsch,25.00,4,16
20,Henrik Bjornstad,25.00,2,8
20,Fred Funk,25.00,3,12
23,Patrick Sheehan,23.08,3,13
24,Rich Beem,22.22,2,9
24,K.J. Choi,22.22,2,9
24,Tom Lehman,22.22,2,9
27,Stuart Appleby,20.00,3,15
27,Alex Cejka,20.00,3,15
27,Billy Mayfair,20.00,1,5
30,Charles Warren,18.75,3,16
31,Arjun Atwal,18.18,2,11
32,Bubba Dickerson,17.65,3,17
32,Rory Sabbatini,17.65,3,17
34,Michael Allen,16.67,3,18
34,David Branshaw,16.67,1,6
34,Dudley Hart,16.67,2,12
34,Vijay Singh,16.67,2,12
34,Camilo Villegas,16.67,1,6
39,Craig Barlow,15.38,2,13
39,Brent Geiberger,15.38,2,13
39,Troy Matteson,15.38,2,13
42,Mark Calcavecchia,14.29,1,7
42,Jeff Maggert,14.29,2,14
42,Hunter Mahan,14.29,2,14
45,Chad Campbell,13.33,2,15
46,Stewart Cink,12.50,2,16
46,Robert Gamez,12.50,1,8
46,Jeff Gove,12.50,2,16
46,Jonathan Kaye,12.50,1,8
50,Todd Fischer,11.76,2,17
50,Charles Howell III,11.76,2,17
50,Peter Lonard,11.76,2,17
53,Jim Furyk,11.11,1,9
53,Ryuji Imada,11.11,2,18
55,Jason Bohn,10.00,1,10
55,Olin Browne,10.00,1,10
55,Mathew Goggin,10.00,1,10
55,Paul Goydos,10.00,1,10
55,Will MacKenzie,10.00,1,10
60,Aaron Baddeley,9.09,1,11
60,Steve Jones,9.09,1,11
60,Thomas Levet,9.09,1,11
63,Arron Oberholser,8.33,1,12
63,Hidemichi Tanaka,8.33,1,12
65,David Duval,7.69,1,13
65,Bill Haas,7.69,1,13
67,Joe Ogilvie,7.14,1,14
67,Loren Roberts,7.14,1,14
69,Jay Haas,6.67,1,15
69,Jeff Sluman,6.67,1,15
71,Bo Van Pelt,5.56,1,18
72,Daniel Chopra,.00,0,13
72,James Driscoll,.00,0,13
72,Brad Faxon,.00,0,15
72,J.B. Holmes,.00,0,2
72,Richard Johnson,.00,0,13
72,Jerry Kelly,.00,0,11
72,Parker McLachlin,.00,0,11
72,Jon Mills,.00,0,10
72,Jeff Overton,.00,0,9
72,Jesper Parnevik,.00,0,9
72,Kaname Yokoo,.00,0,11
