rank,player,Avg RTP
1,Rory Sabbatini,-.417
2,Peter Lonard,-.308
2,David Toms,-.308
4,Steve Jones,-.300
5,Bo Van Pelt,-.273
6,Brent Geiberger,-.200
6,Parker McLachlin,-.200
8,Arjun Atwal,-.182
8,Tom Lehman,-.182
10,Tommy Armour III,-.167
10,Tom Byrum,-.167
12,Jay Haas,-.143
12,Jerry Kelly,-.143
14,Olin Browne,-.133
15,Ryuji Imada,-.100
16,Chad Campbell,-.091
16,James Driscoll,-.091
16,Richard Johnson,-.091
16,Jesper Parnevik,-.091
16,Chris Riley,-.091
16,Adam Scott,-.091
22,Michael Allen,-.083
22,K.J. Choi,-.083
22,Stewart Cink,-.083
22,Todd Fischer,-.083
22,Vijay Singh,-.083
22,Hidemichi Tanaka,-.083
28,Jim Furyk,-.077
28,Charles Warren,-.077
30,Loren Roberts,-.071
31,Woody Austin,E
31,Rich Beem,E
31,Jason Bohn,E
31,Alex Cejka,E
31,Bubba Dickerson,E
31,Robert Gamez,E
31,Nathan Green,E
31,Thomas Levet,E
31,Will MacKenzie,E
31,Roger Tambellini,E
31,Camilo Villegas,E
42,Aaron Baddeley,+.071
42,J.B. Holmes,+.071
42,Jerry Smith,+.071
45,Carlos Franco,+.077
45,Fred Funk,+.077
45,Jeff Maggert,+.077
45,Troy Matteson,+.077
45,Joe Ogilvie,+.077
50,Mark Calcavecchia,+.083
50,Dudley Hart,+.083
52,David Branshaw,+.091
52,Jeff Gove,+.091
52,Bill Haas,+.091
52,Charles Howell III,+.091
52,Shigeki Maruyama,+.091
52,Carl Pettersson,+.091
58,Paul Azinger,+.100
58,Joe Durant,+.100
58,Mathew Goggin,+.100
58,Jon Mills,+.100
62,Stuart Appleby,+.125
63,Jeff Overton,+.154
63,Vance Veazey,+.154
63,Ron Whittaker,+.154
66,Henrik Bjornstad,+.167
66,David Duval,+.167
66,Billy Mayfair,+.167
66,Arron Oberholser,+.167
66,John Riegger,+.167
71,Craig Barlow,+.182
71,Shane Bertsch,+.182
71,Brad Faxon,+.182
71,Jeff Sluman,+.182
75,Hunter Mahan,+.200
76,Paul Goydos,+.231
77,Bubba Watson,+.250
78,Patrick Sheehan,+.273
79,Jonathan Kaye,+.300
79,Vaughn Taylor,+.300
81,Daniel Chopra,+.417
82,Kaname Yokoo,+.500
