rank,player,%,Total Birdies,Total Holes
1,David Toms,45.45,5,11
2,Stuart Appleby,41.67,5,12
3,Daniel Chopra,41.18,7,17
4,Vijay Singh,40.00,6,15
4,Vaughn Taylor,40.00,4,10
6,Olin Browne,36.36,4,11
7,Brent Geiberger,35.71,5,14
7,Nathan Green,35.71,5,14
9,Billy Mayfair,35.29,6,17
10,Jeff Overton,33.33,4,12
11,Chad Campbell,30.77,4,13
11,Jonathan Kaye,30.77,4,13
13,Carlos Franco,30.00,3,10
13,Ron Whittaker,30.00,3,10
15,James Driscoll,29.41,5,17
15,Loren Roberts,29.41,5,17
17,Fred Funk,28.57,2,7
17,Jay Haas,28.57,4,14
17,Arron Oberholser,28.57,4,14
17,Chris Riley,28.57,2,7
21,Alex Cejka,27.27,3,11
22,Patrick Sheehan,26.67,4,15
23,Dudley Hart,26.32,5,19
24,Mark Calcavecchia,25.00,4,16
24,Mathew Goggin,25.00,3,12
24,Richard Johnson,25.00,3,12
24,Steve Jones,25.00,3,12
24,Kaname Yokoo,25.00,4,16
29,K.J. Choi,23.53,4,17
30,Shane Bertsch,22.22,2,9
30,Joe Durant,22.22,2,9
30,Will MacKenzie,22.22,4,18
33,Tommy Armour III,21.43,3,14
34,Craig Barlow,20.00,2,10
34,Tom Lehman,20.00,3,15
34,Thomas Levet,20.00,2,10
34,Carl Pettersson,20.00,2,10
38,Jesper Parnevik,18.75,3,16
39,Paul Azinger,18.52,5,27
40,Rich Beem,18.18,2,11
41,Tom Byrum,17.65,3,17
41,Troy Matteson,17.65,3,17
43,Stewart Cink,16.67,2,12
43,Jim Furyk,16.67,1,6
43,Ryuji Imada,16.67,2,12
43,Jerry Kelly,16.67,2,12
43,Roger Tambellini,16.67,3,18
48,Arjun Atwal,15.38,2,13
48,Hunter Mahan,15.38,2,13
50,Henrik Bjornstad,15.00,3,20
51,Michael Allen,14.29,2,14
51,Jason Bohn,14.29,3,21
51,Todd Fischer,14.29,2,14
54,Jon Mills,13.33,2,15
54,Bo Van Pelt,13.33,2,15
56,Jeff Gove,12.50,1,8
56,Parker McLachlin,12.50,2,16
56,Vance Veazey,12.50,2,16
59,John Riegger,11.11,2,18
59,Rory Sabbatini,11.11,1,9
59,Jeff Sluman,11.11,1,9
62,Robert Gamez,10.00,1,10
63,David Duval,9.09,1,11
63,Hidemichi Tanaka,9.09,1,11
63,Charles Warren,9.09,1,11
66,Bill Haas,8.33,1,12
66,Charles Howell III,8.33,1,12
66,Peter Lonard,8.33,1,12
69,Adam Scott,7.69,1,13
70,Joe Ogilvie,7.14,1,14
71,Aaron Baddeley,6.67,1,15
72,J.B. Holmes,6.25,1,16
72,Shigeki Maruyama,6.25,1,16
72,Jerry Smith,6.25,1,16
75,Woody Austin,5.26,1,19
75,Camilo Villegas,5.26,1,19
75,Bubba Watson,5.26,1,19
78,Brad Faxon,4.35,1,23
79,David Branshaw,.00,0,12
79,Bubba Dickerson,.00,0,14
79,Paul Goydos,.00,0,7
79,Jeff Maggert,.00,0,9
