rank,player,Avg RTP
1,Will MacKenzie,-1.333
2,Jim Furyk,-1.000
2,Jeff Gove,-1.000
2,David Toms,-1.000
5,Patrick Sheehan,-.833
6,Nathan Green,-.714
7,Arjun Atwal,-.667
7,Billy Mayfair,-.667
9,John Riegger,-.625
10,Shane Bertsch,-.556
11,Stuart Appleby,-.500
11,K.J. Choi,-.500
11,Fred Funk,-.500
11,Roger Tambellini,-.500
11,Bubba Watson,-.500
11,Kaname Yokoo,-.500
17,Jonathan Kaye,-.400
17,Troy Matteson,-.400
19,Loren Roberts,-.375
20,Mark Calcavecchia,-.333
20,Joe Durant,-.333
20,Carlos Franco,-.333
20,Mathew Goggin,-.333
20,J.B. Holmes,-.333
20,Tom Lehman,-.333
20,Vijay Singh,-.333
27,Olin Browne,-.286
28,Rich Beem,-.250
28,Henrik Bjornstad,-.250
28,Jason Bohn,-.250
28,Charles Howell III,-.250
28,Joe Ogilvie,-.250
28,Jeff Overton,-.250
28,Adam Scott,-.250
28,Jerry Smith,-.250
36,Tommy Armour III,-.200
36,Alex Cejka,-.200
36,Richard Johnson,-.200
36,Jerry Kelly,-.200
36,Shigeki Maruyama,-.200
36,Arron Oberholser,-.200
36,Vaughn Taylor,-.200
43,Dudley Hart,-.167
43,Steve Jones,-.167
43,Chris Riley,-.167
43,Camilo Villegas,-.167
47,Tom Byrum,-.143
47,James Driscoll,-.143
49,Paul Azinger,-.125
49,Todd Fischer,-.125
49,Bill Haas,-.125
49,Jay Haas,-.125
53,Woody Austin,E
53,Craig Barlow,E
53,David Branshaw,E
53,Daniel Chopra,E
53,Stewart Cink,E
53,David Duval,E
53,Brent Geiberger,E
53,Thomas Levet,E
53,Parker McLachlin,E
53,Jon Mills,E
53,Carl Pettersson,E
53,Rory Sabbatini,E
53,Hidemichi Tanaka,E
53,Bo Van Pelt,E
53,Vance Veazey,E
53,Charles Warren,E
53,Ron Whittaker,E
70,Brad Faxon,+.125
71,Hunter Mahan,+.167
72,Aaron Baddeley,+.222
72,Peter Lonard,+.222
74,Michael Allen,+.250
74,Chad Campbell,+.250
74,Paul Goydos,+.250
77,Bubba Dickerson,+.333
77,Jeff Sluman,+.333
79,Robert Gamez,+.400
80,Ryuji Imada,+.500
81,Jesper Parnevik,+.667
82,Jeff Maggert,+1.000
