rank,player,Avg RTP
1,Camilo Villegas,-1.333
2,Craig Barlow,-.750
2,Vijay Singh,-.750
4,Aaron Baddeley,-.667
4,David Duval,-.667
4,Jeff Gove,-.667
7,J.B. Holmes,-.600
8,Stuart Appleby,-.500
8,Rory Sabbatini,-.500
8,Bo Van Pelt,-.500
8,Charles Warren,-.500
12,Joe Durant,-.444
13,Brad Faxon,-.429
13,Steve Jones,-.429
13,Hunter Mahan,-.429
16,Chad Campbell,-.400
16,Stewart Cink,-.400
16,Richard Johnson,-.400
16,Jonathan Kaye,-.400
16,Vaughn Taylor,-.400
21,Chris Riley,-.375
22,Michael Allen,-.333
22,Carlos Franco,-.333
22,Mathew Goggin,-.333
22,Dudley Hart,-.333
22,Troy Matteson,-.333
22,Arron Oberholser,-.333
22,Jesper Parnevik,-.333
22,Jerry Smith,-.333
22,Roger Tambellini,-.333
31,Robert Gamez,-.286
32,David Branshaw,-.250
32,Todd Fischer,-.250
32,Paul Goydos,-.250
32,Will MacKenzie,-.250
32,Jeff Maggert,-.250
32,Vance Veazey,-.250
38,Billy Mayfair,-.222
39,Jason Bohn,-.200
39,Daniel Chopra,-.200
39,Jon Mills,-.200
39,Loren Roberts,-.200
43,David Toms,-.167
43,Ron Whittaker,-.167
45,Rich Beem,-.143
45,Olin Browne,-.143
45,K.J. Choi,-.143
45,Carl Pettersson,-.143
49,Ryuji Imada,-.125
49,Jerry Kelly,-.125
49,Thomas Levet,-.125
52,Jim Furyk,-.083
53,Tommy Armour III,E
53,Arjun Atwal,E
53,Woody Austin,E
53,Mark Calcavecchia,E
53,Bubba Dickerson,E
53,James Driscoll,E
53,Brent Geiberger,E
53,Nathan Green,E
53,Bill Haas,E
53,Charles Howell III,E
53,Peter Lonard,E
53,Shigeki Maruyama,E
53,Joe Ogilvie,E
53,John Riegger,E
53,Jeff Sluman,E
53,Bubba Watson,E
53,Kaname Yokoo,E
70,Fred Funk,+.125
71,Patrick Sheehan,+.143
72,Tom Lehman,+.167
72,Parker McLachlin,+.167
74,Henrik Bjornstad,+.200
74,Jay Haas,+.200
74,Jeff Overton,+.200
74,Hidemichi Tanaka,+.200
78,Alex Cejka,+.286
79,Adam Scott,+.333
80,Shane Bertsch,+.400
80,Tom Byrum,+.400
82,Paul Azinger,+.500
