rank,player,Avg RTP
1,Stuart Appleby,-1.000
1,Chris Riley,-1.000
1,Ron Whittaker,-1.000
4,Jerry Smith,-.667
5,Henrik Bjornstad,-.333
5,Chad Campbell,-.333
5,Patrick Sheehan,-.333
5,Bubba Watson,-.333
9,Woody Austin,E
9,Aaron Baddeley,E
9,Mark Calcavecchia,E
9,Bubba Dickerson,E
9,Joe Durant,E
9,David Duval,E
9,Todd Fischer,E
9,Carlos Franco,E
9,Robert Gamez,E
9,Brent Geiberger,E
9,Jeff Gove,E
9,Jay Haas,E
9,J.B. Holmes,E
9,Richard Johnson,E
9,Jerry Kelly,E
9,Peter Lonard,E
9,Will MacKenzie,E
9,Hunter Mahan,E
9,Troy Matteson,E
9,Arron Oberholser,E
9,Jeff Overton,E
9,Jesper Parnevik,E
9,Adam Scott,E
9,Vijay Singh,E
9,Bo Van Pelt,E
9,Kaname Yokoo,E
35,Charles Howell III,+.250
35,Jon Mills,+.250
37,Arjun Atwal,+.333
37,Dudley Hart,+.333
39,Michael Allen,+.500
39,Brad Faxon,+.500
39,Thomas Levet,+.500
39,Parker McLachlin,+.500
39,Loren Roberts,+.500
39,Jeff Sluman,+.500
45,Joe Ogilvie,+.667
45,Charles Warren,+.667
47,Craig Barlow,+1.000
47,Rich Beem,+1.000
47,Jason Bohn,+1.000
47,Daniel Chopra,+1.000
47,James Driscoll,+1.000
47,Mathew Goggin,+1.000
47,Rory Sabbatini,+1.000
47,Hidemichi Tanaka,+1.000
47,Vance Veazey,+1.000
47,Camilo Villegas,+1.000
