rank,player,Avg RTP
1,Will MacKenzie,-2.000
2,John Riegger,-1.500
3,Craig Barlow,-1.000
3,Rich Beem,-1.000
3,Shane Bertsch,-1.000
3,Mark Calcavecchia,-1.000
3,Bubba Dickerson,-1.000
3,Joe Durant,-1.000
3,Jim Furyk,-1.000
3,Jeff Gove,-1.000
3,Nathan Green,-1.000
3,Bill Haas,-1.000
3,J.B. Holmes,-1.000
3,Richard Johnson,-1.000
3,Tom Lehman,-1.000
3,Chris Riley,-1.000
3,Loren Roberts,-1.000
3,Vaughn Taylor,-1.000
3,David Toms,-1.000
20,Patrick Sheehan,-.750
21,Paul Azinger,-.667
21,Jonathan Kaye,-.667
21,Jerry Kelly,-.667
21,Shigeki Maruyama,-.667
21,Roger Tambellini,-.667
26,Stuart Appleby,-.500
26,Woody Austin,-.500
26,Tom Byrum,-.500
26,K.J. Choi,-.500
26,Steve Jones,-.500
26,Billy Mayfair,-.500
26,Carl Pettersson,-.500
26,Vijay Singh,-.500
26,Kaname Yokoo,-.500
35,James Driscoll,-.400
36,Tommy Armour III,-.333
36,Jason Bohn,-.333
36,Daniel Chopra,-.333
36,Mathew Goggin,-.333
36,Jay Haas,-.333
36,Arron Oberholser,-.333
36,Jerry Smith,-.333
36,Ron Whittaker,-.333
44,Todd Fischer,-.250
44,Charles Howell III,-.250
44,Joe Ogilvie,-.250
47,Peter Lonard,-.167
48,Michael Allen,E
48,Arjun Atwal,E
48,Aaron Baddeley,E
48,Henrik Bjornstad,E
48,David Branshaw,E
48,Olin Browne,E
48,Stewart Cink,E
48,David Duval,E
48,Brad Faxon,E
48,Carlos Franco,E
48,Fred Funk,E
48,Robert Gamez,E
48,Paul Goydos,E
48,Troy Matteson,E
48,Parker McLachlin,E
48,Jeff Overton,E
48,Adam Scott,E
48,Jeff Sluman,E
48,Camilo Villegas,E
48,Charles Warren,E
68,Chad Campbell,+.333
68,Ryuji Imada,+.333
68,Hidemichi Tanaka,+.333
71,Dudley Hart,+.500
71,Hunter Mahan,+.500
71,Jon Mills,+.500
71,Bo Van Pelt,+.500
75,Alex Cejka,+1.000
76,Jesper Parnevik,+1.500
