rank,player,%,Total Birdies,Total Holes
1,Aaron Baddeley,38.46,5,13
2,Nathan Green,33.33,4,12
2,Vaughn Taylor,33.33,6,18
4,Stuart Appleby,30.77,4,13
5,Michael Allen,28.57,4,14
5,David Toms,28.57,4,14
5,Charles Warren,28.57,4,14
8,Chad Campbell,25.00,3,12
8,Adam Scott,25.00,3,12
8,Bubba Watson,25.00,3,12
11,Rich Beem,23.53,4,17
11,Rory Sabbatini,23.53,4,17
13,Mark Calcavecchia,23.08,3,13
14,Charles Howell III,22.73,5,22
15,Tommy Armour III,21.43,3,14
16,Ron Whittaker,20.83,5,24
17,Stewart Cink,20.00,5,25
17,Todd Fischer,20.00,3,15
17,Mathew Goggin,20.00,5,25
17,Hunter Mahan,20.00,3,15
21,Billy Mayfair,19.05,4,21
22,Jerry Kelly,18.75,3,16
23,David Duval,18.18,2,11
24,Shane Bertsch,17.65,3,17
24,Carlos Franco,17.65,3,17
26,Jason Bohn,16.67,2,12
26,J.B. Holmes,16.67,2,12
26,Thomas Levet,16.67,2,12
26,Arron Oberholser,16.67,2,12
30,Fred Funk,15.79,3,19
30,Jim Furyk,15.79,3,19
30,Shigeki Maruyama,15.79,3,19
33,Arjun Atwal,15.38,2,13
33,Vijay Singh,15.38,2,13
35,Woody Austin,14.29,2,14
35,Troy Matteson,14.29,2,14
35,Joe Ogilvie,14.29,2,14
38,Tom Byrum,13.64,3,22
39,Bubba Dickerson,13.33,2,15
39,Jon Mills,13.33,2,15
39,Kaname Yokoo,13.33,2,15
42,Jay Haas,13.04,3,23
43,David Branshaw,12.50,2,16
43,Dudley Hart,12.50,2,16
43,Carl Pettersson,12.50,2,16
43,Patrick Sheehan,12.50,2,16
47,Olin Browne,11.76,2,17
47,Robert Gamez,11.76,2,17
47,Parker McLachlin,11.76,2,17
47,Jerry Smith,11.76,2,17
51,Daniel Chopra,11.11,2,18
51,Richard Johnson,11.11,2,18
51,Steve Jones,11.11,2,18
51,Hidemichi Tanaka,11.11,2,18
55,Ryuji Imada,10.53,2,19
55,Loren Roberts,10.53,2,19
55,Jeff Sluman,10.53,2,19
58,Jeff Maggert,10.00,2,20
59,Henrik Bjornstad,9.52,2,21
60,Peter Lonard,9.09,1,11
61,Bill Haas,8.33,1,12
62,Jeff Overton,7.69,1,13
63,James Driscoll,7.14,1,14
63,Joe Durant,7.14,1,14
63,Jonathan Kaye,7.14,1,14
63,Will MacKenzie,7.14,1,14
63,Roger Tambellini,7.14,1,14
68,Alex Cejka,6.67,1,15
68,Jeff Gove,6.67,1,15
70,Paul Azinger,5.88,1,17
70,Brad Faxon,5.88,1,17
70,John Riegger,5.88,1,17
73,Paul Goydos,5.00,1,20
73,Chris Riley,5.00,1,20
75,K.J. Choi,4.76,1,21
75,Jesper Parnevik,4.76,1,21
77,Vance Veazey,4.55,1,22
78,Craig Barlow,.00,0,11
78,Brent Geiberger,.00,0,14
78,Tom Lehman,.00,0,14
78,Bo Van Pelt,.00,0,16
78,Camilo Villegas,.00,0,15
