rank,player,%,Total Birdies,Total Holes
1,Bubba Watson,61.54,8,13
2,Carl Pettersson,53.85,7,13
3,Vance Veazey,44.44,4,9
4,Dudley Hart,42.11,8,19
5,Nathan Green,38.46,5,13
5,Camilo Villegas,38.46,5,13
7,Jeff Overton,35.71,5,14
8,Rory Sabbatini,30.77,4,13
9,Paul Goydos,28.57,4,14
9,Ryuji Imada,28.57,4,14
9,Arron Oberholser,28.57,6,21
12,K.J. Choi,27.27,3,11
13,Stewart Cink,26.67,4,15
14,David Branshaw,26.32,5,19
14,Jonathan Kaye,26.32,5,19
16,Tommy Armour III,25.00,5,20
16,Chad Campbell,25.00,5,20
16,Will MacKenzie,25.00,4,16
16,Chris Riley,25.00,4,16
16,Jerry Smith,25.00,4,16
21,Daniel Chopra,23.53,4,17
22,Jerry Kelly,23.08,3,13
22,Vaughn Taylor,23.08,3,13
24,Charles Warren,22.22,4,18
25,Shane Bertsch,21.43,3,14
25,Alex Cejka,21.43,3,14
25,Robert Gamez,21.43,3,14
28,Olin Browne,20.00,2,10
28,Brad Faxon,20.00,2,10
28,Jim Furyk,20.00,3,15
28,J.B. Holmes,20.00,2,10
28,Bo Van Pelt,20.00,3,15
33,Jon Mills,18.75,3,16
34,Craig Barlow,18.18,4,22
34,Ron Whittaker,18.18,2,11
36,Peter Lonard,17.65,3,17
36,Shigeki Maruyama,17.65,3,17
38,David Toms,17.39,4,23
39,Paul Azinger,16.67,2,12
39,Joe Durant,16.67,3,18
39,Carlos Franco,16.67,2,12
39,Tom Lehman,16.67,3,18
43,Arjun Atwal,15.79,3,19
43,Jason Bohn,15.79,3,19
43,Vijay Singh,15.79,3,19
46,Rich Beem,15.38,2,13
46,Brent Geiberger,15.38,2,13
46,Billy Mayfair,15.38,2,13
46,Kaname Yokoo,15.38,2,13
50,Tom Byrum,14.29,2,14
50,Bubba Dickerson,14.29,1,7
50,Fred Funk,14.29,2,14
50,John Riegger,14.29,2,14
50,Patrick Sheehan,14.29,2,14
50,Jeff Sluman,14.29,2,14
56,Henrik Bjornstad,13.33,2,15
56,Roger Tambellini,13.33,2,15
58,Todd Fischer,12.50,2,16
59,Woody Austin,11.76,2,17
59,Mark Calcavecchia,11.76,2,17
61,Aaron Baddeley,11.11,2,18
62,Jesper Parnevik,10.53,2,19
63,Jay Haas,9.09,1,11
64,Charles Howell III,8.33,1,12
65,Mathew Goggin,7.69,1,13
65,Jeff Gove,7.69,1,13
65,Troy Matteson,7.69,1,13
68,David Duval,6.67,1,15
68,Richard Johnson,6.67,1,15
68,Joe Ogilvie,6.67,1,15
71,Steve Jones,6.25,1,16
72,Michael Allen,5.88,1,17
72,Thomas Levet,5.88,1,17
72,Hunter Mahan,5.88,1,17
75,Bill Haas,5.56,1,18
75,Parker McLachlin,5.56,1,18
77,Adam Scott,5.26,1,19
78,Stuart Appleby,.00,0,15
78,James Driscoll,.00,0,13
78,Jeff Maggert,.00,0,10
78,Loren Roberts,.00,0,11
78,Hidemichi Tanaka,.00,0,16
