rank,player,Avg RTP
1,Chris Riley,-2.000
2,Mark Calcavecchia,-1.000
2,Daniel Chopra,-1.000
2,David Toms,-1.000
5,Brent Geiberger,-.800
6,Chad Campbell,-.667
7,Paul Azinger,-.500
7,Tom Byrum,-.500
7,K.J. Choi,-.500
7,Carlos Franco,-.500
7,John Riegger,-.500
7,Adam Scott,-.500
7,Vijay Singh,-.500
7,Vaughn Taylor,-.500
15,Jason Bohn,-.333
15,Patrick Sheehan,-.333
17,Carl Pettersson,-.286
18,Todd Fischer,-.250
18,Jeff Overton,-.250
20,Jeff Gove,-.200
21,Michael Allen,E
21,Arjun Atwal,E
21,Craig Barlow,E
21,Rich Beem,E
21,Shane Bertsch,E
21,Olin Browne,E
21,Alex Cejka,E
21,Stewart Cink,E
21,James Driscoll,E
21,David Duval,E
21,Brad Faxon,E
21,Fred Funk,E
21,Robert Gamez,E
21,Mathew Goggin,E
21,Paul Goydos,E
21,Bill Haas,E
21,Dudley Hart,E
21,J.B. Holmes,E
21,Charles Howell III,E
21,Ryuji Imada,E
21,Richard Johnson,E
21,Jonathan Kaye,E
21,Jeff Maggert,E
21,Shigeki Maruyama,E
21,Billy Mayfair,E
21,Parker McLachlin,E
21,Jon Mills,E
21,Arron Oberholser,E
21,Jesper Parnevik,E
21,Rory Sabbatini,E
21,Jeff Sluman,E
21,Charles Warren,E
21,Bubba Watson,E
21,Kaname Yokoo,E
55,Stuart Appleby,+.143
55,Troy Matteson,+.143
57,Camilo Villegas,+.200
58,Hunter Mahan,+.250
58,Joe Ogilvie,+.250
60,Joe Durant,+.333
60,Peter Lonard,+.333
62,Roger Tambellini,+.400
63,Bubba Dickerson,+.500
63,Steve Jones,+.500
63,Tom Lehman,+.500
63,Will MacKenzie,+.500
63,Jerry Smith,+.500
63,Bo Van Pelt,+.500
69,Aaron Baddeley,+1.000
69,Jim Furyk,+1.000
69,Thomas Levet,+1.000
72,Woody Austin,+2.000
