rank,player,Avg RTP
1,Carl Pettersson,-.500
1,Vance Veazey,-.500
1,Bubba Watson,-.500
4,Aaron Baddeley,-.333
4,Olin Browne,-.333
4,Tom Byrum,-.333
4,Mark Calcavecchia,-.333
4,Nathan Green,-.333
4,Ron Whittaker,-.333
10,Dudley Hart,-.273
11,Stewart Cink,-.250
11,Will MacKenzie,-.250
11,Billy Mayfair,-.250
14,Arjun Atwal,-.200
14,David Branshaw,-.200
14,Robert Gamez,-.200
14,Roger Tambellini,-.200
18,Craig Barlow,-.182
18,Tom Lehman,-.182
20,Ryuji Imada,-.167
20,John Riegger,-.167
22,Alex Cejka,-.125
22,Vijay Singh,-.125
24,Woody Austin,-.111
25,Stuart Appleby,E
25,Tommy Armour III,E
25,Paul Azinger,E
25,Shane Bertsch,E
25,Chad Campbell,E
25,K.J. Choi,E
25,Daniel Chopra,E
25,Bubba Dickerson,E
25,Todd Fischer,E
25,Carlos Franco,E
25,Paul Goydos,E
25,Richard Johnson,E
25,Jerry Kelly,E
25,Thomas Levet,E
25,Jeff Maggert,E
25,Shigeki Maruyama,E
25,Troy Matteson,E
25,Parker McLachlin,E
25,Arron Oberholser,E
25,Joe Ogilvie,E
25,Jeff Overton,E
25,Chris Riley,E
25,Adam Scott,E
25,Jeff Sluman,E
25,Jerry Smith,E
25,Hidemichi Tanaka,E
25,David Toms,E
25,Charles Warren,E
25,Kaname Yokoo,E
54,Jason Bohn,+.100
55,Bill Haas,+.143
56,Jeff Gove,+.167
56,Jonathan Kaye,+.167
56,Jesper Parnevik,+.167
59,Rich Beem,+.200
59,Steve Jones,+.200
59,Jon Mills,+.200
59,Loren Roberts,+.200
59,Rory Sabbatini,+.200
64,Jim Furyk,+.250
64,Bo Van Pelt,+.250
64,Camilo Villegas,+.250
67,Charles Howell III,+.286
68,James Driscoll,+.333
68,Joe Durant,+.333
68,Brent Geiberger,+.333
68,J.B. Holmes,+.333
72,Michael Allen,+.375
72,David Duval,+.375
72,Peter Lonard,+.375
75,Hunter Mahan,+.400
76,Patrick Sheehan,+.429
77,Henrik Bjornstad,+.500
77,Fred Funk,+.500
77,Jay Haas,+.500
77,Vaughn Taylor,+.500
81,Brad Faxon,+.800
