rank,player,Avg RTP
1,Olin Browne,-1.000
1,Joe Durant,-1.000
1,Todd Fischer,-1.000
1,Brent Geiberger,-1.000
1,Nathan Green,-1.000
1,Thomas Levet,-1.000
7,Fred Funk,-.667
8,Shane Bertsch,-.500
8,Alex Cejka,-.500
8,Loren Roberts,-.500
11,Michael Allen,E
11,Tommy Armour III,E
11,Paul Azinger,E
11,Mark Calcavecchia,E
11,Stewart Cink,E
11,Brad Faxon,E
11,Jay Haas,E
11,Richard Johnson,E
11,Will MacKenzie,E
11,Chris Riley,E
11,Jeff Sluman,E
22,James Driscoll,+1.000
22,Jeff Maggert,+1.000
