rank,player,%,Total Birdies,Total Holes
1,Jerry Smith,50.00,6,12
1,David Toms,50.00,6,12
3,Chris Riley,44.44,4,9
4,Daniel Chopra,42.86,3,7
4,Jay Haas,42.86,3,7
6,Ron Whittaker,40.00,4,10
7,Chad Campbell,37.50,6,16
7,Paul Goydos,37.50,3,8
9,Alex Cejka,35.71,5,14
10,Fred Funk,33.33,3,9
10,Jim Furyk,33.33,3,9
10,John Riegger,33.33,3,9
13,Woody Austin,30.77,4,13
13,Henrik Bjornstad,30.77,4,13
13,Mark Calcavecchia,30.77,4,13
16,Shane Bertsch,30.00,3,10
16,K.J. Choi,30.00,3,10
16,Steve Jones,30.00,3,10
16,Billy Mayfair,30.00,3,10
20,Troy Matteson,29.41,5,17
21,Jason Bohn,28.57,4,14
21,Patrick Sheehan,28.57,4,14
23,Brent Geiberger,27.78,5,18
24,Stuart Appleby,27.27,6,22
24,Jeff Maggert,27.27,3,11
26,Hunter Mahan,26.67,4,15
27,David Duval,26.32,5,19
27,Will MacKenzie,26.32,5,19
29,Tom Byrum,25.00,3,12
29,Stewart Cink,25.00,2,8
29,Rory Sabbatini,25.00,4,16
29,Kaname Yokoo,25.00,4,16
33,Jeff Overton,23.53,4,17
34,Brad Faxon,22.22,2,9
34,Loren Roberts,22.22,2,9
36,Bill Haas,21.43,3,14
36,Peter Lonard,21.43,3,14
36,Carl Pettersson,21.43,3,14
36,Charles Warren,21.43,3,14
40,Tommy Armour III,20.00,2,10
40,Olin Browne,20.00,2,10
40,Richard Johnson,20.00,3,15
40,Tom Lehman,20.00,3,15
44,Ryuji Imada,18.18,2,11
45,Joe Ogilvie,17.65,3,17
46,Michael Allen,16.67,2,12
46,Adam Scott,16.67,3,18
48,Charles Howell III,15.38,2,13
48,Vijay Singh,15.38,2,13
48,Bo Van Pelt,15.38,2,13
51,Rich Beem,15.00,3,20
52,Arjun Atwal,14.29,2,14
52,Craig Barlow,14.29,2,14
52,Joe Durant,14.29,2,14
52,Todd Fischer,14.29,2,14
52,Vaughn Taylor,14.29,2,14
57,Bubba Dickerson,13.64,3,22
57,J.B. Holmes,13.64,3,22
57,Bubba Watson,13.64,3,22
60,Roger Tambellini,13.33,2,15
61,Jesper Parnevik,12.50,1,8
61,Jeff Sluman,12.50,2,16
61,Vance Veazey,12.50,2,16
64,Carlos Franco,11.76,2,17
65,Jerry Kelly,11.11,1,9
65,Arron Oberholser,11.11,1,9
67,James Driscoll,10.00,2,20
67,Mathew Goggin,10.00,1,10
69,Jeff Gove,9.52,2,21
70,Hidemichi Tanaka,9.09,1,11
71,Thomas Levet,8.33,1,12
71,Shigeki Maruyama,8.33,1,12
73,David Branshaw,7.69,1,13
73,Dudley Hart,7.69,1,13
75,Paul Azinger,6.67,1,15
75,Jonathan Kaye,6.67,1,15
77,Aaron Baddeley,.00,0,9
77,Robert Gamez,.00,0,12
77,Nathan Green,.00,0,11
77,Parker McLachlin,.00,0,11
77,Jon Mills,.00,0,19
77,Camilo Villegas,.00,0,17
