rank,player,Avg RTP
1,Stuart Appleby,-1.000
1,Olin Browne,-1.000
1,Fred Funk,-1.000
1,Paul Goydos,-1.000
1,Will MacKenzie,-1.000
1,Troy Matteson,-1.000
1,Jerry Smith,-1.000
1,Bubba Watson,-1.000
9,Jim Furyk,-.667
10,Henrik Bjornstad,-.500
10,Chad Campbell,-.500
10,Brad Faxon,-.500
10,Jay Haas,-.500
10,Charles Warren,-.500
10,Ron Whittaker,-.500
16,Shane Bertsch,-.333
16,Vijay Singh,-.333
16,David Toms,-.333
19,David Duval,-.250
19,Adam Scott,-.250
21,Michael Allen,E
21,Woody Austin,E
21,Aaron Baddeley,E
21,Rich Beem,E
21,Jason Bohn,E
21,David Branshaw,E
21,Tom Byrum,E
21,Mark Calcavecchia,E
21,Alex Cejka,E
21,K.J. Choi,E
21,Stewart Cink,E
21,Bubba Dickerson,E
21,Todd Fischer,E
21,Carlos Franco,E
21,Robert Gamez,E
21,Jeff Gove,E
21,Nathan Green,E
21,J.B. Holmes,E
21,Richard Johnson,E
21,Jerry Kelly,E
21,Thomas Levet,E
21,Peter Lonard,E
21,Jeff Maggert,E
21,Billy Mayfair,E
21,Parker McLachlin,E
21,Joe Ogilvie,E
21,Jeff Overton,E
21,John Riegger,E
21,Chris Riley,E
21,Loren Roberts,E
21,Rory Sabbatini,E
21,Jeff Sluman,E
21,Roger Tambellini,E
21,Hidemichi Tanaka,E
21,Vaughn Taylor,E
21,Vance Veazey,E
57,Arjun Atwal,+.250
57,Brent Geiberger,+.250
59,Craig Barlow,+.333
59,Mathew Goggin,+.333
59,Camilo Villegas,+.333
62,Bill Haas,+.500
62,Steve Jones,+.500
62,Tom Lehman,+.500
62,Hunter Mahan,+.500
62,Jon Mills,+.500
67,Jonathan Kaye,+.750
68,Paul Azinger,+1.000
68,James Driscoll,+1.000
68,Charles Howell III,+1.000
68,Arron Oberholser,+1.000
68,Patrick Sheehan,+1.000
