rank,player,Avg RTP
1,Camilo Villegas,-1.333
2,Aaron Baddeley,-.667
2,David Duval,-.667
2,Paul Goydos,-.667
2,Vijay Singh,-.667
6,Jeff Gove,-.600
7,Craig Barlow,-.571
8,Stuart Appleby,-.500
8,J.B. Holmes,-.500
8,Charles Warren,-.500
11,Chad Campbell,-.400
11,Jonathan Kaye,-.400
13,Carlos Franco,-.333
13,Mathew Goggin,-.333
13,Dudley Hart,-.333
13,Richard Johnson,-.333
13,Carl Pettersson,-.333
13,Roger Tambellini,-.333
13,David Toms,-.333
13,Bo Van Pelt,-.333
21,Joe Durant,-.286
22,K.J. Choi,-.250
22,Will MacKenzie,-.250
22,Hunter Mahan,-.250
22,Loren Roberts,-.250
22,Rory Sabbatini,-.250
27,Daniel Chopra,-.200
27,Robert Gamez,-.200
27,Jon Mills,-.200
27,Jesper Parnevik,-.200
31,David Branshaw,-.167
31,Ryuji Imada,-.167
33,Thomas Levet,-.143
34,Michael Allen,E
34,Tommy Armour III,E
34,Woody Austin,E
34,Rich Beem,E
34,Jason Bohn,E
34,Stewart Cink,E
34,James Driscoll,E
34,Brad Faxon,E
34,Todd Fischer,E
34,Bill Haas,E
34,Charles Howell III,E
34,Steve Jones,E
34,Jerry Kelly,E
34,Troy Matteson,E
34,Billy Mayfair,E
34,Arron Oberholser,E
34,Joe Ogilvie,E
34,Chris Riley,E
34,Patrick Sheehan,E
34,Jeff Sluman,E
34,Jerry Smith,E
34,Vaughn Taylor,E
34,Vance Veazey,E
34,Bubba Watson,E
58,Mark Calcavecchia,+.167
58,Jim Furyk,+.167
58,Jeff Maggert,+.167
58,Kaname Yokoo,+.167
62,Henrik Bjornstad,+.200
62,Brent Geiberger,+.200
62,Tom Lehman,+.200
65,Olin Browne,+.250
65,Bubba Dickerson,+.250
65,Hidemichi Tanaka,+.250
68,Peter Lonard,+.333
68,Adam Scott,+.333
68,Ron Whittaker,+.333
71,Parker McLachlin,+.400
71,John Riegger,+.400
73,Arjun Atwal,+.500
73,Paul Azinger,+.500
73,Shane Bertsch,+.500
73,Alex Cejka,+.500
73,Fred Funk,+.500
73,Nathan Green,+.500
73,Shigeki Maruyama,+.500
73,Jeff Overton,+.500
81,Tom Byrum,+.667
82,Jay Haas,+1.000
