rank,player,Avg RTP
1,Dudley Hart,-.667
2,Carl Pettersson,-.625
3,Bubba Watson,-.571
4,Ryuji Imada,-.500
4,Vance Veazey,-.500
6,Jonathan Kaye,-.444
7,Chad Campbell,-.400
7,Brad Faxon,-.400
7,Jerry Kelly,-.400
10,Peter Lonard,-.375
10,Camilo Villegas,-.375
12,Henrik Bjornstad,-.333
12,David Branshaw,-.333
12,Bubba Dickerson,-.333
12,Brent Geiberger,-.333
12,Nathan Green,-.333
12,Jeff Overton,-.333
12,Jerry Smith,-.333
19,Arron Oberholser,-.308
20,Daniel Chopra,-.286
20,Jon Mills,-.286
20,Bo Van Pelt,-.286
23,Jim Furyk,-.273
24,Rory Sabbatini,-.250
25,K.J. Choi,-.222
25,Stewart Cink,-.222
27,Paul Azinger,-.200
27,David Duval,-.200
27,Paul Goydos,-.200
27,Charles Howell III,-.200
27,Will MacKenzie,-.200
32,Jesper Parnevik,-.182
33,Ron Whittaker,-.167
34,Shane Bertsch,-.143
34,Jeff Gove,-.143
34,Jeff Sluman,-.143
37,Rich Beem,-.125
37,Robert Gamez,-.125
37,Jay Haas,-.125
37,Parker McLachlin,-.125
41,Tom Byrum,-.111
41,Roger Tambellini,-.111
43,Craig Barlow,-.100
43,Vijay Singh,-.100
45,Fred Funk,-.091
45,Shigeki Maruyama,-.091
45,Adam Scott,-.091
48,Arjun Atwal,-.071
49,David Toms,-.067
50,Stuart Appleby,E
50,Jason Bohn,E
50,Mark Calcavecchia,E
50,Bill Haas,E
50,J.B. Holmes,E
50,Richard Johnson,E
50,Steve Jones,E
50,Tom Lehman,E
50,Jeff Maggert,E
50,Hunter Mahan,E
50,Loren Roberts,E
50,Vaughn Taylor,E
50,Charles Warren,E
63,Aaron Baddeley,+.067
64,Thomas Levet,+.071
65,Tommy Armour III,+.077
66,Chris Riley,+.083
67,Joe Ogilvie,+.125
67,John Riegger,+.125
69,Joe Durant,+.133
70,Olin Browne,+.143
70,Patrick Sheehan,+.143
70,Hidemichi Tanaka,+.143
73,Alex Cejka,+.167
73,Carlos Franco,+.167
73,Mathew Goggin,+.167
76,Kaname Yokoo,+.200
77,Todd Fischer,+.250
77,Billy Mayfair,+.250
79,Woody Austin,+.286
80,Michael Allen,+.333
80,Troy Matteson,+.333
82,James Driscoll,+.667
