rank,player,Avg RTP
1,Brad Faxon,-1.000
1,Jonathan Kaye,-1.000
1,Jeff Overton,-1.000
1,Charles Warren,-1.000
5,Stuart Appleby,-.667
5,Billy Mayfair,-.667
7,Alex Cejka,-.500
7,Daniel Chopra,-.500
7,Stewart Cink,-.500
7,Richard Johnson,-.500
7,Arron Oberholser,-.500
7,Loren Roberts,-.500
7,Roger Tambellini,-.500
7,David Toms,-.500
15,Rory Sabbatini,-.333
16,Michael Allen,E
16,Tommy Armour III,E
16,Arjun Atwal,E
16,Woody Austin,E
16,Paul Azinger,E
16,Aaron Baddeley,E
16,Jason Bohn,E
16,Olin Browne,E
16,Tom Byrum,E
16,Mark Calcavecchia,E
16,James Driscoll,E
16,Todd Fischer,E
16,Fred Funk,E
16,Jim Furyk,E
16,Nathan Green,E
16,Jay Haas,E
16,Dudley Hart,E
16,J.B. Holmes,E
16,Charles Howell III,E
16,Ryuji Imada,E
16,Jerry Kelly,E
16,Tom Lehman,E
16,Peter Lonard,E
16,Hunter Mahan,E
16,Shigeki Maruyama,E
16,Troy Matteson,E
16,Joe Ogilvie,E
16,Jesper Parnevik,E
16,Carl Pettersson,E
16,John Riegger,E
16,Chris Riley,E
16,Adam Scott,E
16,Jerry Smith,E
16,Bo Van Pelt,E
16,Vance Veazey,E
16,Camilo Villegas,E
16,Bubba Watson,E
16,Ron Whittaker,E
16,Kaname Yokoo,E
55,David Branshaw,+.250
56,Bubba Dickerson,+.333
56,David Duval,+.333
56,Jeff Gove,+.333
56,Steve Jones,+.333
60,Chad Campbell,+.500
60,Bill Haas,+.500
60,Will MacKenzie,+.500
60,Jeff Sluman,+.500
64,Craig Barlow,+1.000
64,Rich Beem,+1.000
64,Joe Durant,+1.000
64,Jeff Maggert,+1.000
64,Patrick Sheehan,+1.000
64,Vaughn Taylor,+1.000
70,Carlos Franco,+1.500
71,K.J. Choi,+2.000
