rank,player,Avg RTP
1,Aaron Baddeley,-.500
1,Nathan Green,-.500
3,Charles Warren,-.444
4,Rory Sabbatini,-.364
5,Mark Calcavecchia,-.333
5,Stewart Cink,-.333
5,Bubba Dickerson,-.333
8,Adam Scott,-.300
9,Stuart Appleby,-.286
9,Tommy Armour III,-.286
9,Hunter Mahan,-.286
12,Jerry Kelly,-.273
13,Michael Allen,-.250
13,David Toms,-.250
15,Charles Howell III,-.231
16,Chad Campbell,-.222
16,J.B. Holmes,-.222
18,Rich Beem,-.200
18,Shane Bertsch,-.200
18,Brad Faxon,-.200
18,Bubba Watson,-.200
22,Vaughn Taylor,-.182
23,David Duval,-.167
23,Richard Johnson,-.167
25,Jim Furyk,-.154
26,Arjun Atwal,-.143
26,Arron Oberholser,-.143
26,John Riegger,-.143
26,Vijay Singh,-.143
26,Roger Tambellini,-.143
31,Billy Mayfair,-.133
32,Jon Mills,-.125
33,Jeff Overton,-.111
34,Paul Azinger,-.100
34,Jay Haas,-.100
36,David Branshaw,-.091
36,Todd Fischer,-.091
36,Loren Roberts,-.091
39,Robert Gamez,-.071
39,Mathew Goggin,-.071
39,Shigeki Maruyama,-.071
42,Paul Goydos,-.063
42,Steve Jones,-.063
44,Woody Austin,E
44,Jason Bohn,E
44,Olin Browne,E
44,Tom Byrum,E
44,Daniel Chopra,E
44,Joe Durant,E
44,Carlos Franco,E
44,Brent Geiberger,E
44,Jeff Gove,E
44,Dudley Hart,E
44,Jonathan Kaye,E
44,Will MacKenzie,E
44,Jeff Maggert,E
44,Troy Matteson,E
44,Parker McLachlin,E
44,Joe Ogilvie,E
44,Carl Pettersson,E
44,Hidemichi Tanaka,E
44,Ron Whittaker,E
63,Jeff Sluman,+.059
64,Fred Funk,+.071
64,Jerry Smith,+.071
66,Kaname Yokoo,+.091
67,Alex Cejka,+.100
67,K.J. Choi,+.100
69,Ryuji Imada,+.111
69,Tom Lehman,+.111
69,Camilo Villegas,+.111
72,Henrik Bjornstad,+.125
72,Bill Haas,+.125
74,Thomas Levet,+.143
75,James Driscoll,+.167
75,Peter Lonard,+.167
75,Jesper Parnevik,+.167
78,Chris Riley,+.222
78,Patrick Sheehan,+.222
80,Craig Barlow,+.250
81,Vance Veazey,+.364
82,Bo Van Pelt,+.400
