rank,player,Avg RTP
1,Joe Durant,-.500
1,Jeff Sluman,-.500
1,David Toms,-.500
4,Stuart Appleby,-.333
5,Thomas Levet,-.250
6,Fred Funk,-.200
7,Henrik Bjornstad,-.182
8,Rich Beem,-.167
8,Vaughn Taylor,-.167
10,Parker McLachlin,-.143
11,Will MacKenzie,-.125
12,Jeff Maggert,-.100
13,Michael Allen,E
13,Tommy Armour III,E
13,Tom Byrum,E
13,Chad Campbell,E
13,K.J. Choi,E
13,Carlos Franco,E
13,Robert Gamez,E
13,Brent Geiberger,E
13,Peter Lonard,E
13,Arron Oberholser,E
13,Joe Ogilvie,E
13,Carl Pettersson,E
13,Hidemichi Tanaka,E
13,Bubba Watson,E
13,Ron Whittaker,E
13,Kaname Yokoo,E
29,Ryuji Imada,+.100
30,Vance Veazey,+.111
31,Charles Howell III,+.125
31,Loren Roberts,+.125
33,Patrick Sheehan,+.143
34,Arjun Atwal,+.167
34,Woody Austin,+.167
34,Billy Mayfair,+.167
34,Jon Mills,+.167
34,Vijay Singh,+.167
34,Bo Van Pelt,+.167
40,Jim Furyk,+.200
40,Mathew Goggin,+.200
40,Tom Lehman,+.200
40,Shigeki Maruyama,+.200
40,Rory Sabbatini,+.200
45,Jesper Parnevik,+.222
45,John Riegger,+.222
47,James Driscoll,+.250
47,Brad Faxon,+.250
47,Nathan Green,+.250
47,Bill Haas,+.250
47,Jonathan Kaye,+.250
47,Charles Warren,+.250
53,Shane Bertsch,+.286
53,Bubba Dickerson,+.286
55,Stewart Cink,+.308
56,David Duval,+.333
56,J.B. Holmes,+.333
56,Jerry Smith,+.333
56,Camilo Villegas,+.333
60,Jay Haas,+.385
61,Daniel Chopra,+.400
61,Jeff Gove,+.400
63,Paul Azinger,+.429
63,Hunter Mahan,+.429
65,Aaron Baddeley,+.500
65,David Branshaw,+.500
65,Mark Calcavecchia,+.500
65,Todd Fischer,+.500
65,Paul Goydos,+.500
65,Dudley Hart,+.500
65,Richard Johnson,+.500
65,Steve Jones,+.500
65,Jerry Kelly,+.500
65,Jeff Overton,+.500
65,Chris Riley,+.500
65,Adam Scott,+.500
77,Olin Browne,+.600
77,Alex Cejka,+.600
77,Troy Matteson,+.600
80,Roger Tambellini,+.714
81,Craig Barlow,+1.000
81,Jason Bohn,+1.000
