rank,player,Avg RTP
1,Jonathan Kaye,-1.000
2,Stuart Appleby,-.750
3,Alex Cejka,-.667
4,Stewart Cink,-.500
4,Jeff Overton,-.500
4,Chris Riley,-.500
4,Jerry Smith,-.500
4,David Toms,-.500
9,Henrik Bjornstad,-.333
9,Richard Johnson,-.333
9,Ron Whittaker,-.333
12,Billy Mayfair,-.250
13,Bubba Watson,-.111
14,Tommy Armour III,E
14,Woody Austin,E
14,Paul Azinger,E
14,Aaron Baddeley,E
14,Tom Byrum,E
14,Mark Calcavecchia,E
14,Chad Campbell,E
14,Daniel Chopra,E
14,Bubba Dickerson,E
14,Brad Faxon,E
14,Todd Fischer,E
14,Fred Funk,E
14,Jim Furyk,E
14,Robert Gamez,E
14,Brent Geiberger,E
14,Paul Goydos,E
14,Jay Haas,E
14,J.B. Holmes,E
14,Jerry Kelly,E
14,Tom Lehman,E
14,Peter Lonard,E
14,Hunter Mahan,E
14,Shigeki Maruyama,E
14,Troy Matteson,E
14,Arron Oberholser,E
14,Jesper Parnevik,E
14,Carl Pettersson,E
14,John Riegger,E
14,Loren Roberts,E
14,Patrick Sheehan,E
14,Roger Tambellini,E
14,Bo Van Pelt,E
46,Charles Howell III,+.167
47,Rory Sabbatini,+.200
48,Michael Allen,+.250
48,Arjun Atwal,+.250
48,David Branshaw,+.250
48,David Duval,+.250
48,Jeff Gove,+.250
48,Dudley Hart,+.250
48,Ryuji Imada,+.250
48,Steve Jones,+.250
48,Parker McLachlin,+.250
48,Adam Scott,+.250
48,Vance Veazey,+.250
48,Charles Warren,+.250
48,Kaname Yokoo,+.250
61,Nathan Green,+.333
62,Jon Mills,+.400
62,Joe Ogilvie,+.400
64,Will MacKenzie,+.429
65,Jason Bohn,+.500
65,Olin Browne,+.500
65,James Driscoll,+.500
65,Joe Durant,+.500
65,Bill Haas,+.500
65,Thomas Levet,+.500
65,Vijay Singh,+.500
65,Jeff Sluman,+.500
65,Camilo Villegas,+.500
74,Carlos Franco,+.600
75,Craig Barlow,+1.000
75,Rich Beem,+1.000
75,Mathew Goggin,+1.000
75,Jeff Maggert,+1.000
75,Hidemichi Tanaka,+1.000
75,Vaughn Taylor,+1.000
81,K.J. Choi,+2.000
