rank,player,Avg RTP
1,Troy Matteson,-.667
1,Jerry Smith,-.667
3,Paul Goydos,-.600
3,Jay Haas,-.600
5,Will MacKenzie,-.571
6,Jesper Parnevik,-.500
7,Woody Austin,-.429
7,Jason Bohn,-.429
7,Chad Campbell,-.429
7,Jim Furyk,-.429
7,Joe Ogilvie,-.429
7,Kaname Yokoo,-.429
13,Shane Bertsch,-.375
13,Peter Lonard,-.375
13,David Toms,-.375
16,Mark Calcavecchia,-.333
16,Daniel Chopra,-.333
16,David Duval,-.333
19,Ron Whittaker,-.286
20,Brad Faxon,-.250
20,Richard Johnson,-.250
20,Hunter Mahan,-.250
20,Rory Sabbatini,-.250
20,Charles Warren,-.250
25,Fred Funk,-.200
25,Bill Haas,-.200
25,Carl Pettersson,-.200
25,John Riegger,-.200
25,Loren Roberts,-.200
25,Jeff Sluman,-.200
31,Michael Allen,-.167
31,Tommy Armour III,-.167
31,Todd Fischer,-.167
31,Chris Riley,-.167
31,Patrick Sheehan,-.167
31,Bo Van Pelt,-.167
37,Tom Byrum,-.143
38,David Branshaw,-.125
38,J.B. Holmes,-.125
38,Thomas Levet,-.125
38,Jeff Overton,-.125
38,Vijay Singh,-.125
43,Craig Barlow,-.111
43,Alex Cejka,-.111
43,Joe Durant,-.111
46,Stuart Appleby,-.100
46,Rich Beem,-.100
48,Jeff Gove,-.091
48,Adam Scott,-.091
50,Henrik Bjornstad,E
50,K.J. Choi,E
50,Stewart Cink,E
50,Robert Gamez,E
50,Mathew Goggin,E
50,Nathan Green,E
50,Charles Howell III,E
50,Ryuji Imada,E
50,Steve Jones,E
50,Jerry Kelly,E
50,Tom Lehman,E
50,Jeff Maggert,E
50,Shigeki Maruyama,E
50,Parker McLachlin,E
50,Vance Veazey,E
50,Bubba Watson,E
66,James Driscoll,+.077
67,Brent Geiberger,+.091
67,Jon Mills,+.091
69,Carlos Franco,+.125
70,Olin Browne,+.143
70,Roger Tambellini,+.143
72,Bubba Dickerson,+.167
73,Vaughn Taylor,+.182
74,Dudley Hart,+.200
74,Billy Mayfair,+.200
76,Paul Azinger,+.250
76,Aaron Baddeley,+.250
76,Hidemichi Tanaka,+.250
76,Camilo Villegas,+.250
80,Jonathan Kaye,+.375
81,Arjun Atwal,+.444
82,Arron Oberholser,+.500
