rank,player,Avg RTP
1,Michael Allen,-1.000
1,Jason Bohn,-1.000
1,Mark Calcavecchia,-1.000
1,Stewart Cink,-1.000
1,Bubba Dickerson,-1.000
1,Joe Durant,-1.000
1,Todd Fischer,-1.000
1,Robert Gamez,-1.000
1,Jeff Gove,-1.000
1,Jay Haas,-1.000
1,Steve Jones,-1.000
1,Peter Lonard,-1.000
1,Troy Matteson,-1.000
1,Parker McLachlin,-1.000
1,Arron Oberholser,-1.000
1,Jeff Overton,-1.000
1,Jesper Parnevik,-1.000
1,John Riegger,-1.000
1,Rory Sabbatini,-1.000
1,Vijay Singh,-1.000
1,Jerry Smith,-1.000
1,Vaughn Taylor,-1.000
1,Vance Veazey,-1.000
1,Kaname Yokoo,-1.000
25,Olin Browne,-.667
25,Brad Faxon,-.667
25,Hunter Mahan,-.667
25,Ron Whittaker,-.667
29,Rich Beem,-.500
29,David Branshaw,-.500
29,Brent Geiberger,-.500
29,Nathan Green,-.500
29,Richard Johnson,-.500
29,Jerry Kelly,-.500
29,Jeff Maggert,-.500
36,Jim Furyk,-.400
36,Chris Riley,-.400
38,Fred Funk,-.333
39,Arjun Atwal,-.250
40,Tommy Armour III,E
40,Shane Bertsch,E
40,Tom Byrum,E
40,Alex Cejka,E
40,K.J. Choi,E
40,Paul Goydos,E
40,Charles Howell III,E
40,Ryuji Imada,E
40,Tom Lehman,E
40,Shigeki Maruyama,E
40,Joe Ogilvie,E
40,Loren Roberts,E
40,Jeff Sluman,E
40,Hidemichi Tanaka,E
40,David Toms,E
55,Patrick Sheehan,+.500
56,Carl Pettersson,+1.000
