rank,player,Avg,Total Strokes,Total 1st Tee Late Rounds
1,Jordan Spieth,65.50,262,4
2,Patrick Reed,67.50,270,4
3,Brooks Koepka,67.75,271,4
3,Brandt Snedeker,67.75,271,4
5,Rickie Fowler,68.00,272,4
6,Padraig Harrington,68.33,205,3
7,Fabián Gómez,69.00,207,3
7,Kevin Kisner,69.00,276,4
7,Peter Malnati,69.00,138,2
10,Steven Bowditch,69.25,277,4
11,Smylie Kaufman,69.33,208,3
12,Danny Lee,69.50,278,4
13,Jason Day,70.00,70,1
13,Dustin Johnson,70.00,210,3
13,David Lingmerth,70.00,70,1
13,Bubba Watson,70.00,210,3
17,Bill Haas,70.33,211,3
18,Chris Kirk,71.00,71,1
18,Scott Piercy,71.00,71,1
18,Jimmy Walker,71.00,142,2
21,J.B. Holmes,71.50,143,2
22,Matt Every,73.00,146,2
22,Justin Thomas,73.00,73,1
24,Zach Johnson,75.00,75,1
