rank,player,Avg,Total Strokes,Total Rounds
1,Rickie Fowler,67.00,67,1
1,Padraig Harrington,67.00,67,1
1,Brandt Snedeker,67.00,67,1
1,Jordan Spieth,67.00,67,1
5,Smylie Kaufman,68.00,68,1
6,Dustin Johnson,69.00,69,1
6,Peter Malnati,69.00,69,1
6,Patrick Reed,69.00,69,1
9,Bill Haas,70.00,70,1
9,David Lingmerth,70.00,70,1
11,Fabián Gómez,71.00,71,1
11,Kevin Kisner,71.00,71,1
11,Brooks Koepka,71.00,71,1
14,Steven Bowditch,72.00,72,1
14,Danny Lee,72.00,72,1
14,Jimmy Walker,72.00,72,1
