rank,player,Low Rnd
1,Brooks Koepka,63
2,Jordan Spieth,64
3,Kevin Kisner,65
3,Patrick Reed,65
3,Brandt Snedeker,65
6,Fabián Gómez,66
7,Steven Bowditch,67
7,Rickie Fowler,67
7,Padraig Harrington,67
7,J.B. Holmes,67
7,Danny Lee,67
12,Matt Every,68
12,Dustin Johnson,68
12,Smylie Kaufman,68
12,Bubba Watson,68
16,Peter Malnati,69
17,Jason Day,70
17,Bill Haas,70
17,David Lingmerth,70
17,Jimmy Walker,70
21,Chris Kirk,71
21,Scott Piercy,71
23,Justin Thomas,73
24,Zach Johnson,75
