rank,player,%,Par or Better,Missed GIR
1,Patrick Reed,90.91,10,11
2,Fabián Gómez,90.00,9,10
3,Jordan Spieth,83.33,10,12
4,Rickie Fowler,80.00,8,10
5,David Lingmerth,76.47,13,17
6,Bill Haas,73.33,11,15
7,Steven Bowditch,64.71,11,17
8,Graeme McDowell,64.29,9,14
9,Alex Cejka,63.64,7,11
9,Bubba Watson,63.64,7,11
11,Russell Knox,62.50,5,8
11,Peter Malnati,62.50,10,16
11,Brandt Snedeker,62.50,5,8
14,Scott Piercy,61.11,11,18
15,Dustin Johnson,60.00,9,15
15,Danny Lee,60.00,9,15
17,Padraig Harrington,58.33,7,12
18,Jason Day,57.14,8,14
19,Smylie Kaufman,55.56,5,9
19,Brooks Koepka,55.56,5,9
21,J.B. Holmes,53.33,8,15
21,Zach Johnson,53.33,8,15
21,Kevin Kisner,53.33,8,15
24,James Hahn,52.00,13,25
25,Matt Every,50.00,8,16
25,Emiliano Grillo,50.00,6,12
25,Chris Kirk,50.00,5,10
25,Davis Love III,50.00,9,18
25,Jimmy Walker,50.00,8,16
30,J.J. Henry,47.06,8,17
30,Justin Thomas,47.06,8,17
32,Troy Merritt,42.86,6,14
