rank,player,%,# Saves,# Bunkers,Total O/U Par
1,Rickie Fowler,100.00,2,2,-2.00
1,Fabián Gómez,100.00,2,2,E
1,Padraig Harrington,100.00,3,3,-1.00
1,Russell Knox,100.00,1,1,E
1,David Lingmerth,100.00,3,3,-1.00
1,Brandt Snedeker,100.00,2,2,-1.00
1,Jordan Spieth,100.00,1,1,-1.00
8,Davis Love III,75.00,3,4,-1.00
9,Zach Johnson,66.67,2,3,+1.00
9,Chris Kirk,66.67,2,3,-1.00
11,Matt Every,57.14,4,7,-1.00
12,Dustin Johnson,50.00,2,4,+1.00
12,Smylie Kaufman,50.00,1,2,E
12,Danny Lee,50.00,1,2,E
12,Scott Piercy,50.00,2,4,+1.00
12,Justin Thomas,50.00,2,4,+1.00
12,Jimmy Walker,50.00,2,4,E
18,Bubba Watson,37.50,3,8,E
19,Emiliano Grillo,33.33,2,6,+3.00
19,Brooks Koepka,33.33,1,3,+1.00
21,Graeme McDowell,25.00,1,4,E
22,Steven Bowditch,.00,0,1,E
22,Jason Day,.00,0,2,+2.00
22,Bill Haas,.00,0,3,+2.00
22,James Hahn,.00,0,1,+1.00
22,J.J. Henry,.00,0,2,+1.00
22,J.B. Holmes,.00,0,2,E
22,Kevin Kisner,.00,0,1,+1.00
22,Peter Malnati,.00,0,2,+1.00
22,Troy Merritt,.00,0,2,+1.00
22,Patrick Reed,.00,0,1,E
