rank,player,%,Successes,Attempts
1,Rickie Fowler,100.00,1,1
1,Fabián Gómez,100.00,2,2
1,Dustin Johnson,100.00,1,1
1,Patrick Reed,100.00,1,1
1,Jordan Spieth,100.00,1,1
6,Padraig Harrington,66.67,2,3
7,Bill Haas,50.00,2,4
7,Brandt Snedeker,50.00,1,2
9,J.B. Holmes,40.00,2,5
9,Davis Love III,40.00,2,5
9,Graeme McDowell,40.00,2,5
9,Scott Piercy,40.00,2,5
9,Bubba Watson,40.00,2,5
14,Emiliano Grillo,33.33,1,3
14,Danny Lee,33.33,1,3
14,David Lingmerth,33.33,1,3
17,James Hahn,28.57,2,7
18,Smylie Kaufman,25.00,1,4
18,Russell Knox,25.00,1,4
18,Peter Malnati,25.00,1,4
21,Alex Cejka,20.00,1,5
21,J.J. Henry,20.00,1,5
23,Troy Merritt,16.67,1,6
23,Jimmy Walker,16.67,1,6
25,Steven Bowditch,.00,0,2
25,Jason Day,.00,0,3
25,Matt Every,.00,0,3
25,Zach Johnson,.00,0,3
25,Chris Kirk,.00,0,3
25,Kevin Kisner,.00,0,1
25,Brooks Koepka,.00,0,1
25,Justin Thomas,.00,0,2
