rank,player,Avg,Total Putts,Total Rounds
1,Hideki Matsuyama,27.00,27,1
2,Cody Gribble,28.00,28,1
2,William McGirt,28.00,28,1
4,Tony Finau,29.00,29,1
4,Ryan Moore,29.00,29,1
4,Pat Perez,29.00,29,1
4,Brendan Steele,29.00,29,1
4,Justin Thomas,29.00,29,1
9,Greg Chalmers,30.00,30,1
9,Fabián Gómez,30.00,30,1
9,James Hahn,30.00,30,1
9,Billy Hurley III,30.00,30,1
9,Dustin Johnson,30.00,30,1
9,Si Woo Kim,30.00,30,1
9,Patrick Reed,30.00,30,1
9,Brandt Snedeker,30.00,30,1
9,Brian Stuard,30.00,30,1
18,Branden Grace,31.00,31,1
18,Russell Knox,31.00,31,1
18,Jordan Spieth,31.00,31,1
18,Vaughn Taylor,31.00,31,1
18,Jhonattan Vegas,31.00,31,1
23,Aaron Baddeley,33.00,33,1
23,Jason Day,33.00,33,1
23,Charley Hoffman,33.00,33,1
23,Mackenzie Hughes,33.00,33,1
23,Jimmy Walker,33.00,33,1
23,Bubba Watson,33.00,33,1
29,Daniel Berger,34.00,34,1
29,Jason Dufner,34.00,34,1
29,Jim Herman,34.00,34,1
29,Rod Pampling,34.00,34,1
