rank,player,Avg,Total 2 Putts,Total Rounds
1,Mackenzie Hughes,12.75,51,4
1,Pat Perez,12.75,51,4
3,Branden Grace,12.50,50,4
3,Dustin Johnson,12.50,50,4
5,Jim Herman,12.25,49,4
5,Brian Stuard,12.25,49,4
7,Aaron Baddeley,12.00,48,4
7,Jimmy Walker,12.00,48,4
9,Daniel Berger,11.50,46,4
9,Jason Day,11.50,46,4
9,Brandt Snedeker,11.50,46,4
9,Vaughn Taylor,11.50,46,4
9,Jhonattan Vegas,11.50,46,4
9,Bubba Watson,11.50,46,4
15,Fabián Gómez,11.25,45,4
15,James Hahn,11.25,45,4
15,Russell Knox,11.25,45,4
15,Hideki Matsuyama,11.25,45,4
15,Ryan Moore,11.25,45,4
15,Patrick Reed,11.25,45,4
21,Billy Hurley III,10.75,43,4
21,Rod Pampling,10.75,43,4
23,Tony Finau,10.50,42,4
23,Jordan Spieth,10.50,42,4
23,Brendan Steele,10.50,42,4
23,Justin Thomas,10.50,42,4
27,Cody Gribble,10.25,41,4
27,Si Woo Kim,10.25,41,4
27,William McGirt,10.25,41,4
30,Jason Dufner,10.00,40,4
31,Greg Chalmers,9.75,39,4
31,Charley Hoffman,9.75,39,4
