rank,player,Avg,Total 3 Putts,Total Rounds
1,Billy Hurley III,1.75,7,4
2,Rod Pampling,1.50,6,4
2,Jhonattan Vegas,1.50,6,4
2,Bubba Watson,1.50,6,4
5,Jason Dufner,1.25,5,4
5,Tony Finau,1.25,5,4
5,Charley Hoffman,1.25,5,4
8,Branden Grace,1.00,4,4
8,James Hahn,1.00,4,4
10,Aaron Baddeley,.75,3,4
10,Daniel Berger,.75,3,4
10,Greg Chalmers,.75,3,4
10,Jason Day,.75,3,4
10,Jim Herman,.75,3,4
10,William McGirt,.75,3,4
10,Ryan Moore,.75,3,4
10,Brendan Steele,.75,3,4
10,Brian Stuard,.75,3,4
10,Vaughn Taylor,.75,3,4
20,Fabián Gómez,.50,2,4
20,Mackenzie Hughes,.50,2,4
20,Dustin Johnson,.50,2,4
20,Si Woo Kim,.50,2,4
20,Russell Knox,.50,2,4
20,Hideki Matsuyama,.50,2,4
20,Brandt Snedeker,.50,2,4
20,Jordan Spieth,.50,2,4
20,Justin Thomas,.50,2,4
29,Cody Gribble,.25,1,4
29,Pat Perez,.25,1,4
29,Patrick Reed,.25,1,4
29,Jimmy Walker,.25,1,4
