rank,player,Avg,Total Putts,Total Rounds
1,Jordan Spieth,27.00,27,1
2,Cody Gribble,28.00,28,1
2,James Hahn,28.00,28,1
2,Charley Hoffman,28.00,28,1
5,Aaron Baddeley,29.00,29,1
5,Greg Chalmers,29.00,29,1
5,Jason Day,29.00,29,1
5,Jim Herman,29.00,29,1
5,Billy Hurley III,29.00,29,1
5,Patrick Reed,29.00,29,1
5,Brandt Snedeker,29.00,29,1
12,Branden Grace,30.00,30,1
12,Si Woo Kim,30.00,30,1
12,William McGirt,30.00,30,1
12,Justin Thomas,30.00,30,1
12,Bubba Watson,30.00,30,1
17,Russell Knox,31.00,31,1
17,Hideki Matsuyama,31.00,31,1
17,Brian Stuard,31.00,31,1
17,Vaughn Taylor,31.00,31,1
17,Jhonattan Vegas,31.00,31,1
22,Mackenzie Hughes,32.00,32,1
22,Rod Pampling,32.00,32,1
22,Pat Perez,32.00,32,1
22,Brendan Steele,32.00,32,1
22,Jimmy Walker,32.00,32,1
27,Daniel Berger,33.00,33,1
27,Jason Dufner,33.00,33,1
27,Tony Finau,33.00,33,1
27,Fabián Gómez,33.00,33,1
27,Ryan Moore,33.00,33,1
32,Dustin Johnson,34.00,34,1
