rank,player,Avg,Total Putts,Total Rounds
1,Russell Knox,27.00,27,1
1,Jordan Spieth,27.00,27,1
3,Jason Dufner,28.00,28,1
3,Cody Gribble,28.00,28,1
3,Brendan Steele,28.00,28,1
6,Tony Finau,29.00,29,1
6,Fabián Gómez,29.00,29,1
6,Hideki Matsuyama,29.00,29,1
6,Jimmy Walker,29.00,29,1
10,Daniel Berger,30.00,30,1
10,Si Woo Kim,30.00,30,1
10,Rod Pampling,30.00,30,1
10,Brandt Snedeker,30.00,30,1
10,Justin Thomas,30.00,30,1
15,Greg Chalmers,31.00,31,1
15,James Hahn,31.00,31,1
15,Charley Hoffman,31.00,31,1
15,Ryan Moore,31.00,31,1
15,Patrick Reed,31.00,31,1
15,Vaughn Taylor,31.00,31,1
21,Jason Day,32.00,32,1
21,Pat Perez,32.00,32,1
23,Aaron Baddeley,33.00,33,1
23,Dustin Johnson,33.00,33,1
23,Brian Stuard,33.00,33,1
23,Bubba Watson,33.00,33,1
27,Jim Herman,34.00,34,1
27,Mackenzie Hughes,34.00,34,1
27,William McGirt,34.00,34,1
30,Branden Grace,35.00,35,1
30,Jhonattan Vegas,35.00,35,1
32,Billy Hurley III,36.00,36,1
