rank,player,Avg,Total Putts,Total Rounds
1,Daniel Berger,26.00,26,1
1,Greg Chalmers,26.00,26,1
1,Mackenzie Hughes,26.00,26,1
4,Cody Gribble,27.00,27,1
4,Charley Hoffman,27.00,27,1
4,Si Woo Kim,27.00,27,1
7,Patrick Reed,28.00,28,1
7,Jimmy Walker,28.00,28,1
9,Fabián Gómez,29.00,29,1
9,Dustin Johnson,29.00,29,1
9,Ryan Moore,29.00,29,1
9,Justin Thomas,29.00,29,1
13,Jason Day,30.00,30,1
13,Jason Dufner,30.00,30,1
13,Jim Herman,30.00,30,1
13,William McGirt,30.00,30,1
13,Vaughn Taylor,30.00,30,1
18,Aaron Baddeley,31.00,31,1
18,Rod Pampling,31.00,31,1
18,Brendan Steele,31.00,31,1
21,Russell Knox,32.00,32,1
21,Hideki Matsuyama,32.00,32,1
21,Pat Perez,32.00,32,1
21,Brandt Snedeker,32.00,32,1
21,Bubba Watson,32.00,32,1
26,Tony Finau,33.00,33,1
26,Jordan Spieth,33.00,33,1
26,Brian Stuard,33.00,33,1
26,Jhonattan Vegas,33.00,33,1
30,Branden Grace,34.00,34,1
30,Billy Hurley III,34.00,34,1
32,James Hahn,35.00,35,1
