rank,player,%,Number of Times,Attempts,Avg RTP Score
1,Rory Sabbatini,22.2,4,18,+2.50
2,Martin Laird,33.3,6,18,+1.67
3,Nick Watney,36.8,7,19,E
4,Aaron Baddeley,38.1,8,21,-1.25
5,Scott Piercy,41.2,7,17,E
6,Bill Haas,41.7,5,12,+2.00
7,David Toms,46.7,7,15,+4.29
8,Bubba Watson,47.1,8,17,+3.75
9,Sean O'Hair,47.6,10,21,-2.00
10,Kevin Na,52.6,10,19,-1.00
10,Scott Stallings,52.6,10,19,+2.00
10,Steve Stricker,52.6,10,19,-2.00
13,Keegan Bradley,52.9,9,17,-2.22
13,Bryce Molder,52.9,9,17,-1.11
15,Mark Wilson,53.3,8,15,-1.25
16,Johnson Wagner,54.2,13,24,-0.77
17,Chris Kirk,58.3,7,12,-2.86
18,Michael Bradley,58.8,10,17,+2.00
18,D.A. Points,58.8,10,17,+2.00
20,Gary Woodland,59.1,13,22,-0.77
21,Webb Simpson,60.9,14,23,-0.71
22,Ben Crane,61.1,11,18,E
23,Jonathan Byrd,62.5,10,16,E
24,Brendan Steele,63.2,12,19,E
25,Harrison Frazar,63.6,14,22,-0.71
26,K.J. Choi,66.7,14,21,+2.86
27,Jhonattan Vegas,68.2,15,22,E
