rank,player,%,Number of Times,Attempts,Avg RTP Score
1,Jhonattan Vegas,31.8,7,22,+5.71
2,K.J. Choi,33.3,7,21,-4.29
3,Harrison Frazar,36.4,8,22,-2.50
4,Brendan Steele,36.8,7,19,+1.43
5,Jonathan Byrd,37.5,6,16,-3.33
6,Ben Crane,38.9,7,18,-4.29
7,Webb Simpson,39.1,9,23,-1.11
8,Gary Woodland,40.9,9,22,+7.78
9,Michael Bradley,41.2,7,17,-1.43
9,D.A. Points,41.2,7,17,-4.29
11,Chris Kirk,41.7,5,12,E
12,Johnson Wagner,45.8,11,24,-4.55
13,Mark Wilson,46.7,7,15,E
14,Keegan Bradley,47.1,8,17,-2.50
14,Bryce Molder,47.1,8,17,-3.75
16,Kevin Na,47.4,9,19,-1.11
16,Scott Stallings,47.4,9,19,-2.22
16,Steve Stricker,47.4,9,19,-3.33
19,Sean O'Hair,52.4,11,21,+2.73
20,Bubba Watson,52.9,9,17,+2.22
21,David Toms,53.3,8,15,-1.25
22,Bill Haas,58.3,7,12,+1.43
23,Scott Piercy,58.8,10,17,-2.00
24,Aaron Baddeley,61.9,13,21,+0.77
25,Nick Watney,63.2,12,19,+0.83
26,Martin Laird,66.7,12,18,-0.83
27,Rory Sabbatini,77.8,14,18,+1.43
