rank,player,%,Total Right rough,Possible Fwys,Relative to par
1,Mark Wilson,8.33,5,60,-0.20
2,Bryce Molder,10.17,6,59,-0.50
3,Chris Kirk,11.67,7,60,-0.43
4,Harrison Frazar,11.86,7,59,-0.14
5,Jonathan Byrd,13.33,8,60,-0.25
5,K.J. Choi,13.33,8,60,-0.50
5,Ben Crane,13.33,8,60,-0.50
5,Kevin Na,13.33,8,60,-0.25
5,D.A. Points,13.33,8,60,-0.38
5,Steve Stricker,13.33,8,60,-0.25
5,David Toms,13.33,8,60,-0.13
12,Jhonattan Vegas,13.56,8,59,-0.13
13,Gary Woodland,13.79,8,58,-0.13
14,Michael Bradley,15.00,9,60,-0.22
14,Bill Haas,15.00,9,60,+0.11
14,Brendan Steele,15.00,9,60,-0.11
17,Webb Simpson,16.67,10,60,-0.20
17,Johnson Wagner,16.67,10,60,-0.50
19,Aaron Baddeley,18.33,11,60,-0.09
19,Keegan Bradley,18.33,11,60,-0.27
19,Rory Sabbatini,18.33,11,60,-0.27
19,Nick Watney,18.33,11,60,-0.27
23,Scott Piercy,20.00,12,60,-0.17
24,Sean O'Hair,21.67,13,60,-0.08
25,Bubba Watson,22.03,13,59,-0.15
26,Scott Stallings,23.33,14,60,-0.21
27,Martin Laird,25.00,15,60,-0.27
