rank,player,%,Total Fairway Bunkers,Possible Fwys,Relative to par
1,Aaron Baddeley,.0,0,60,E
1,Jonathan Byrd,.0,0,60,E
1,Bill Haas,.0,0,60,E
1,Martin Laird,.0,0,60,E
1,Sean O'Hair,.0,0,60,E
1,Scott Piercy,.0,0,60,E
1,D.A. Points,.0,0,60,E
1,Webb Simpson,.0,0,60,E
1,Scott Stallings,.0,0,60,E
1,Bubba Watson,.0,0,59,E
1,Gary Woodland,.0,0,58,E
12,Keegan Bradley,1.7,1,60,E
12,Michael Bradley,1.7,1,60,+1.000
12,K.J. Choi,1.7,1,60,+1.000
12,Ben Crane,1.7,1,60,+2.000
12,David Toms,1.7,1,60,E
12,Jhonattan Vegas,1.7,1,59,E
12,Nick Watney,1.7,1,60,E
19,Chris Kirk,3.3,2,60,+0.500
19,Kevin Na,3.3,2,60,E
19,Brendan Steele,3.3,2,60,+1.000
19,Mark Wilson,3.3,2,60,E
23,Harrison Frazar,3.4,2,59,E
23,Bryce Molder,3.4,2,59,E
25,Rory Sabbatini,5.0,3,60,E
26,Steve Stricker,6.7,4,60,E
26,Johnson Wagner,6.7,4,60,+0.500
