rank,player,RTP Score
1,K.J. Choi,-.500
1,Ben Crane,-.500
1,Bryce Molder,-.500
1,Johnson Wagner,-.500
5,Chris Kirk,-.429
6,D.A. Points,-.375
7,Keegan Bradley,-.273
7,Rory Sabbatini,-.273
7,Nick Watney,-.273
10,Martin Laird,-.267
11,Jonathan Byrd,-.250
11,Kevin Na,-.250
11,Steve Stricker,-.250
14,Michael Bradley,-.222
15,Scott Stallings,-.214
16,Webb Simpson,-.200
16,Mark Wilson,-.200
18,Scott Piercy,-.167
19,Bubba Watson,-.154
20,Harrison Frazar,-.143
21,David Toms,-.125
21,Jhonattan Vegas,-.125
21,Gary Woodland,-.125
24,Brendan Steele,-.111
25,Aaron Baddeley,-.091
26,Sean O'Hair,-.077
27,Bill Haas,+.111
