rank,player,%,Fairways Hit,Possible Fairways
1,Bill Haas,75.00,45,60
1,David Toms,75.00,45,60
1,Mark Wilson,75.00,45,60
4,Chris Kirk,73.33,44,60
5,Jonathan Byrd,70.00,42,60
6,Michael Bradley,68.33,41,60
6,Bryce Molder,68.33,41,60
6,Kevin Na,68.33,41,60
6,Scott Piercy,68.33,41,60
6,D.A. Points,68.33,41,60
11,Rory Sabbatini,66.67,40,60
11,Steve Stricker,66.67,40,60
13,Ben Crane,65.00,39,60
13,Nick Watney,65.00,39,60
15,Brendan Steele,63.33,38,60
16,Aaron Baddeley,61.67,37,60
16,Keegan Bradley,61.67,37,60
16,K.J. Choi,61.67,37,60
16,Harrison Frazar,61.67,37,60
16,Martin Laird,61.67,37,60
21,Johnson Wagner,60.00,36,60
22,Sean O'Hair,58.33,35,60
23,Scott Stallings,56.67,34,60
23,Bubba Watson,56.67,34,60
25,Webb Simpson,55.00,33,60
25,Gary Woodland,55.00,33,60
27,Jhonattan Vegas,53.33,32,60
