rank,player,RTP Score
1,Chris Kirk,-.333
1,Kevin Na,-.333
3,Johnson Wagner,-.300
4,Steve Stricker,-.286
5,Gary Woodland,-.250
6,Keegan Bradley,-.200
6,Ben Crane,-.200
6,Brendan Steele,-.200
6,Mark Wilson,-.200
10,Jhonattan Vegas,-.182
11,Harrison Frazar,-.154
12,Aaron Baddeley,-.125
13,Bryce Molder,-.111
13,Sean O'Hair,-.111
15,Webb Simpson,-.063
16,Jonathan Byrd,E
16,Bill Haas,E
16,Scott Piercy,E
16,Rory Sabbatini,E
16,Scott Stallings,E
16,Nick Watney,E
22,Michael Bradley,+.111
22,D.A. Points,+.111
24,Bubba Watson,+.143
25,Martin Laird,+.167
26,K.J. Choi,+.231
27,David Toms,+.500
