rank,player,%,Fairways Hit,Possible Fairways,Relative to Par
1,Bill Haas,75.00,45,60,-0.27
1,David Toms,75.00,45,60,+0.02
1,Mark Wilson,75.00,45,60,-0.22
4,Chris Kirk,73.33,44,60,-0.23
5,Jonathan Byrd,70.00,42,60,-0.40
6,Bryce Molder,69.49,41,59,-0.29
7,Michael Bradley,68.33,41,60,-0.15
7,Kevin Na,68.33,41,60,-0.29
7,Scott Piercy,68.33,41,60,-0.24
7,D.A. Points,68.33,41,60,-0.29
7,Rory Sabbatini,68.33,41,60,-0.24
12,Steve Stricker,66.67,40,60,-0.50
13,Ben Crane,65.00,39,60,-0.18
13,Nick Watney,65.00,39,60,-0.31
15,Brendan Steele,63.33,38,60,-0.08
16,Harrison Frazar,62.71,37,59,-0.35
17,Aaron Baddeley,61.67,37,60,-0.19
17,Keegan Bradley,61.67,37,60,-0.19
17,K.J. Choi,61.67,37,60,-0.41
17,Martin Laird,61.67,37,60,-0.54
21,Johnson Wagner,60.00,36,60,-0.22
22,Sean O'Hair,58.33,35,60,-0.26
23,Bubba Watson,57.63,34,59,-0.38
24,Gary Woodland,56.90,33,58,-0.21
25,Scott Stallings,56.67,34,60,-0.21
26,Webb Simpson,55.00,33,60,-0.45
27,Jhonattan Vegas,54.24,32,59,-0.13
