rank,player,%,Total Rough,Possible Fwys,Relative to par
1,Mark Wilson,16.67,10,60,-2.00
2,Bill Haas,21.67,13,60,+0.77
2,Chris Kirk,21.67,13,60,-3.85
2,Rory Sabbatini,21.67,13,60,-2.31
5,Kevin Na,23.33,14,60,-2.86
5,David Toms,23.33,14,60,+1.43
7,Steve Stricker,25.00,15,60,-2.67
8,Bryce Molder,25.42,15,59,-2.67
9,D.A. Points,28.33,17,60,-1.18
9,Nick Watney,28.33,17,60,-1.76
11,Michael Bradley,30.00,18,60,-0.56
11,Jonathan Byrd,30.00,18,60,-1.11
11,Ben Crane,30.00,18,60,-3.33
14,Aaron Baddeley,31.67,19,60,-1.05
14,Scott Piercy,31.67,19,60,-1.05
14,Brendan Steele,31.67,19,60,-1.58
17,Jhonattan Vegas,32.20,19,59,-1.58
18,Johnson Wagner,33.33,20,60,-4.00
19,Harrison Frazar,33.90,20,59,-1.50
19,Bubba Watson,33.90,20,59,-0.50
21,Gary Woodland,34.48,20,58,-2.00
22,Keegan Bradley,35.00,21,60,-2.38
22,K.J. Choi,35.00,21,60,-0.48
22,Martin Laird,35.00,21,60,-1.43
25,Sean O'Hair,36.67,22,60,-0.91
26,Scott Stallings,38.33,23,60,-1.30
27,Webb Simpson,43.33,26,60,-1.15
