rank,player,%,# Hit,Total Attempts
1,Keegan Bradley,96.67,58,60
1,Martin Laird,96.67,58,60
1,Scott Piercy,96.67,58,60
1,D.A. Points,96.67,58,60
1,Webb Simpson,96.67,58,60
6,Jonathan Byrd,95.00,57,60
6,Bill Haas,95.00,57,60
6,Chris Kirk,95.00,57,60
6,Scott Stallings,95.00,57,60
6,David Toms,95.00,57,60
6,Mark Wilson,95.00,57,60
12,Ben Crane,93.33,56,60
12,Nick Watney,93.33,56,60
14,Kevin Na,91.67,55,60
14,Sean O'Hair,91.67,55,60
14,Steve Stricker,91.67,55,60
17,Michael Bradley,90.00,54,60
17,K.J. Choi,90.00,54,60
17,Harrison Frazar,90.00,54,60
17,Bryce Molder,90.00,54,60
17,Brendan Steele,90.00,54,60
17,Johnson Wagner,90.00,54,60
17,Bubba Watson,90.00,54,60
24,Rory Sabbatini,88.33,53,60
25,Gary Woodland,86.67,52,60
26,Aaron Baddeley,85.00,51,60
26,Jhonattan Vegas,85.00,51,60
