rank,player,%,Total Left rough,Possible Fwys,Relative to par
1,Rory Sabbatini,3.33,2,60,E
2,Bill Haas,6.67,4,60,E
3,Mark Wilson,8.33,5,60,-0.20
4,Chris Kirk,10.00,6,60,-0.33
4,Martin Laird,10.00,6,60,+0.17
4,Kevin Na,10.00,6,60,-0.33
4,David Toms,10.00,6,60,+0.50
4,Nick Watney,10.00,6,60,E
9,Scott Piercy,11.67,7,60,E
9,Steve Stricker,11.67,7,60,-0.29
11,Bubba Watson,11.86,7,59,+0.14
12,Aaron Baddeley,13.33,8,60,-0.13
13,Michael Bradley,15.00,9,60,+0.11
13,Sean O'Hair,15.00,9,60,-0.11
13,D.A. Points,15.00,9,60,+0.11
13,Scott Stallings,15.00,9,60,E
17,Bryce Molder,15.25,9,59,-0.11
18,Keegan Bradley,16.67,10,60,-0.20
18,Jonathan Byrd,16.67,10,60,E
18,Ben Crane,16.67,10,60,-0.20
18,Brendan Steele,16.67,10,60,-0.20
18,Johnson Wagner,16.67,10,60,-0.30
23,Jhonattan Vegas,18.64,11,59,-0.18
24,Gary Woodland,20.69,12,58,-0.25
25,K.J. Choi,21.67,13,60,+0.23
26,Harrison Frazar,22.03,13,59,-0.15
27,Webb Simpson,26.67,16,60,-0.06
