rank,player,Avg,Total Distance (Feet),Total Strokes
1,Jonathan Byrd,"9' 9""",155.417,16
2,Webb Simpson,"10' 2""",224.167,22
3,Johnson Wagner,"11' 5""",273.750,24
4,Nick Watney,"11' 9""",199.917,17
5,D.A. Points,"12' 0""",192.250,16
6,Ben Crane,"12' 1""",204.917,17
7,Scott Piercy,"12' 2""",207.500,17
8,Keegan Bradley,"12' 4""",209.417,17
9,David Toms,"12' 8""",189.500,15
10,Mark Wilson,"12' 10""",166.417,13
11,Kevin Na,"13' 9""",247.667,18
12,Sean O'Hair,"14' 0""",265.500,19
12,Steve Stricker,"14' 0""",266.417,19
14,K.J. Choi,"14' 8""",307.917,21
15,Martin Laird,"14' 11""",253.000,17
16,Michael Bradley,"15' 4""",260.250,17
17,Chris Kirk,"17' 11""",215.083,12
18,Bryce Molder,"18' 11""",340.833,18
19,Brendan Steele,"19' 1""",362.000,19
20,Bill Haas,"19' 10""",218.500,11
21,Harrison Frazar,"22' 1""",507.000,23
22,Aaron Baddeley,"22' 2""",443.667,20
23,Scott Stallings,"23' 11""",430.167,18
24,Jhonattan Vegas,"24' 3""",485.500,20
25,Gary Woodland,"24' 4""",462.083,19
26,Rory Sabbatini,"25' 4""",431.000,17
27,Bubba Watson,"25' 8""",410.917,16
