rank,player,%,Total Missed,Total Fwys,Relative to par
1,Michael Bradley,.00,0,60,E
1,Jonathan Byrd,.00,0,60,E
1,Harrison Frazar,.00,0,59,E
1,Scott Piercy,.00,0,60,E
1,David Toms,.00,0,60,E
1,Johnson Wagner,.00,0,60,E
7,Keegan Bradley,1.67,1,60,-1.00
7,K.J. Choi,1.67,1,60,E
7,Chris Kirk,1.67,1,60,E
7,Webb Simpson,1.67,1,60,+1.00
7,Brendan Steele,1.67,1,60,+1.00
7,Steve Stricker,1.67,1,60,E
13,Bryce Molder,1.69,1,59,-1.00
14,Ben Crane,3.33,2,60,+0.50
14,Bill Haas,3.33,2,60,+1.00
14,Martin Laird,3.33,2,60,+1.00
14,D.A. Points,3.33,2,60,E
18,Kevin Na,5.00,3,60,+0.67
18,Sean O'Hair,5.00,3,60,+0.67
18,Rory Sabbatini,5.00,3,60,+0.67
18,Scott Stallings,5.00,3,60,+0.67
18,Nick Watney,5.00,3,60,+1.00
18,Mark Wilson,5.00,3,60,+0.33
24,Aaron Baddeley,6.67,4,60,+0.50
25,Bubba Watson,8.47,5,59,+0.20
26,Gary Woodland,8.62,5,58,+1.60
27,Jhonattan Vegas,11.86,7,59,+1.29
