rank,player,%,Successes,Attempts
1,Stephen Ames,100.00,1,1
1,Stuart Appleby,100.00,2,2
1,Woody Austin,100.00,1,1
1,Jonathan Byrd,100.00,2,2
1,Chad Campbell,100.00,2,2
1,Stewart Cink,100.00,2,2
1,John Daly,100.00,3,3
1,Steve Flesch,100.00,1,1
1,Sergio Garcia,100.00,3,3
1,Brent Geiberger,100.00,3,3
1,Retief Goosen,100.00,1,1
1,Todd Hamilton,100.00,2,2
1,Mark Hensby,100.00,3,3
1,Zach Johnson,100.00,1,1
1,Ryan Palmer,100.00,2,2
1,Rod Pampling,100.00,2,2
1,Craig Parry,100.00,1,1
1,Adam Scott,100.00,1,1
1,Joey Sindelar,100.00,4,4
1,Vijay Singh,100.00,2,2
1,Heath Slocum,100.00,1,1
1,Andre Stolz,100.00,3,3
1,Vaughn Taylor,100.00,1,1
1,David Toms,100.00,1,1
1,Tiger Woods,100.00,3,3
26,Fred Funk,75.00,3,4
26,Jonathan Kaye,75.00,3,4
26,Mike Weir,75.00,3,4
29,Bart Bryant,50.00,2,4
29,Carlos Franco,50.00,1,2
