rank,player,%,Successes,Attempts
1,Bart Bryant,100.00,2,2
1,Rod Pampling,100.00,2,2
1,Vijay Singh,100.00,2,2
4,Stuart Appleby,75.00,3,4
4,Woody Austin,75.00,3,4
4,Chad Campbell,75.00,3,4
4,Brent Geiberger,75.00,3,4
4,Zach Johnson,75.00,3,4
4,Craig Parry,75.00,3,4
4,Joey Sindelar,75.00,3,4
4,Andre Stolz,75.00,3,4
12,Ernie Els,66.67,2,3
12,Fred Funk,66.67,2,3
12,Heath Slocum,66.67,2,3
15,Stephen Ames,50.00,2,4
15,Jonathan Byrd,50.00,1,2
15,Stewart Cink,50.00,1,2
15,Adam Scott,50.00,1,2
15,Vaughn Taylor,50.00,1,2
15,David Toms,50.00,1,2
21,John Daly,33.33,1,3
21,Steve Flesch,33.33,1,3
21,Carlos Franco,33.33,1,3
21,Jonathan Kaye,33.33,1,3
25,Mike Weir,25.00,1,4
26,Sergio Garcia,.00,0,1
26,Todd Hamilton,.00,0,4
26,Ryan Palmer,.00,0,2
