rank,player,%,Successes,Attempts
1,Brent Geiberger,100.00,1,1
1,Ryan Palmer,100.00,1,1
1,Heath Slocum,100.00,5,5
4,Stephen Ames,66.67,2,3
4,Woody Austin,66.67,2,3
6,Chad Campbell,50.00,1,2
6,Carlos Franco,50.00,1,2
6,Retief Goosen,50.00,1,2
6,Zach Johnson,50.00,1,2
6,Rod Pampling,50.00,1,2
6,Joey Sindelar,50.00,1,2
12,Adam Scott,40.00,2,5
13,Steve Flesch,33.33,1,3
14,Bart Bryant,.00,0,1
14,Jonathan Byrd,.00,0,1
14,John Daly,.00,0,1
14,Ernie Els,.00,0,1
14,Fred Funk,.00,0,1
14,Sergio Garcia,.00,0,1
14,Todd Hamilton,.00,0,2
14,Mark Hensby,.00,0,1
14,Jonathan Kaye,.00,0,1
14,Andre Stolz,.00,0,1
