rank,player,%,# of Saves,# of Bunkers
1,Chad Campbell,100.00,1,1
1,Carlos Franco,100.00,1,1
1,Brent Geiberger,100.00,1,1
1,Ryan Palmer,100.00,1,1
1,Joey Sindelar,100.00,1,1
1,Heath Slocum,100.00,3,3
1,Mike Weir,100.00,1,1
8,Woody Austin,75.00,3,4
9,Stephen Ames,66.67,2,3
9,Retief Goosen,66.67,2,3
11,Zach Johnson,50.00,1,2
12,Steve Flesch,33.33,1,3
12,Sergio Garcia,33.33,1,3
14,Adam Scott,25.00,1,4
15,Jonathan Byrd,.00,0,1
15,John Daly,.00,0,1
15,Todd Hamilton,.00,0,1
15,Mark Hensby,.00,0,1
15,Jonathan Kaye,.00,0,1
15,Rod Pampling,.00,0,2
15,Vijay Singh,.00,0,1
15,Andre Stolz,.00,0,1
15,Vaughn Taylor,.00,0,1
