rank,player,%,Successes,Attempts
1,Chad Campbell,100.00,1,1
1,Craig Parry,100.00,4,4
1,Vijay Singh,100.00,4,4
1,Vaughn Taylor,100.00,4,4
1,David Toms,100.00,5,5
6,Heath Slocum,85.71,6,7
7,Retief Goosen,83.33,10,12
7,Jonathan Kaye,83.33,5,6
7,Mike Weir,83.33,5,6
10,Stephen Ames,80.00,4,5
10,Carlos Franco,80.00,4,5
12,Ryan Palmer,77.78,7,9
13,Fred Funk,75.00,3,4
13,Brent Geiberger,75.00,3,4
15,Todd Hamilton,71.43,5,7
15,Zach Johnson,71.43,5,7
17,Stuart Appleby,66.67,2,3
17,Stewart Cink,66.67,4,6
17,Joey Sindelar,66.67,2,3
17,Tiger Woods,66.67,2,3
21,Adam Scott,57.14,4,7
22,Woody Austin,50.00,5,10
22,Bart Bryant,50.00,1,2
22,Jonathan Byrd,50.00,3,6
22,Steve Flesch,50.00,5,10
22,Mark Hensby,50.00,4,8
27,Rod Pampling,42.86,3,7
28,Ernie Els,33.33,1,3
28,Sergio Garcia,33.33,1,3
28,Andre Stolz,33.33,2,6
31,John Daly,20.00,1,5
