rank,player,%,Successes,Attempts
1,Stewart Cink,100.00,2,2
1,Fred Funk,100.00,3,3
1,David Toms,100.00,3,3
4,Andre Stolz,80.00,4,5
5,Bart Bryant,75.00,3,4
5,Chad Campbell,75.00,3,4
5,Jonathan Kaye,75.00,3,4
8,Stuart Appleby,66.67,2,3
8,Brent Geiberger,66.67,4,6
8,Vijay Singh,66.67,2,3
8,Vaughn Taylor,66.67,2,3
12,Zach Johnson,60.00,3,5
12,Ryan Palmer,60.00,3,5
12,Joey Sindelar,60.00,3,5
15,Woody Austin,57.14,4,7
15,Steve Flesch,57.14,4,7
17,Stephen Ames,50.00,3,6
17,Jonathan Byrd,50.00,3,6
17,Retief Goosen,50.00,1,2
17,Todd Hamilton,50.00,2,4
17,Rod Pampling,50.00,3,6
17,Adam Scott,50.00,1,2
23,Carlos Franco,42.86,3,7
23,Mike Weir,42.86,3,7
25,John Daly,40.00,2,5
25,Ernie Els,40.00,2,5
27,Mark Hensby,20.00,1,5
28,Craig Parry,.00,0,2
28,Heath Slocum,.00,0,3
28,Tiger Woods,.00,0,1
