rank,player,Avg (Yards),Total Distance (inches),Number of Approach Shots
1,Collin Morikawa,99.0,"7,129",2
2,Nick Dunlap,106.2,"22,931",6
3,Will Zalatoris,111.4,"8,018",2
4,Sungjae Im,111.9,"16,108",4
5,Peter Malnati,121.7,"35,050",8
6,Sepp Straka,129.1,"32,535",7
7,Corey Conners,131.3,"18,910",4
8,Tom Hoge,132.4,"4,767",1
9,Patton Kizzire,133.3,"33,580",7
10,Adam Hadwin,135.1,"34,043",7
11,Thomas Detry,135.5,"19,518",4
12,Billy Horschel,137.7,"34,699",7
13,Jake Knapp,140.9,"50,728",10
14,Tony Finau,146.6,"10,554",2
15,Xander Schauffele,148.3,"26,702",5
16,Adam Scott,148.8,"42,859",8
17,Robert MacIntyre,149.3,"26,865",5
18,Max Homa,150.7,"16,276",3
19,Patrick Cantlay,152.7,"49,480",9
20,Sam Burns,155.5,"27,990",5
21,J.T. Poston,155.6,"50,411",9
22,Chris Kirk,156.3,"39,375",7
23,Brice Garnett,156.5,"33,799",6
24,Nico Echavarria,157.3,"22,654",4
25,Stephan Jaeger,159.1,"51,558",9
26,Matthieu Pavon,159.4,"34,428",6
27,Matt Fitzpatrick,160.9,"52,147",9
28,Keegan Bradley,163.5,"29,427",5
29,Viktor Hovland,164.3,"41,393",7
30,Justin Thomas,164.5,"29,608",5
31,Hideki Matsuyama,164.7,"11,855",2
32,Kevin Yu,165.0,"29,706",5
33,Jhonattan Vegas,165.1,"35,656",6
34,Max Greyserman,167.5,"30,143",5
35,Harry Hall,167.6,"36,192",6
36,Si Woo Kim,168.4,"48,499",8
37,Brian Harman,169.3,"79,255",13
38,Taylor Pendrith,169.9,"30,573",5
39,Akshay Bhatia,170.1,"24,496",4
39,Eric Cole,170.1,"36,752",6
41,Davis Thompson,170.6,"36,841",6
42,Wyndham Clark,177.2,"38,278",6
43,Christiaan Bezuidenhout,178.5,"32,121",5
44,Ludvig Åberg,180.0,"32,392",5
45,Aaron Rai,180.1,"45,375",7
46,Matt McCarty,180.3,"45,432",7
47,Rafael Campos,180.7,"52,039",8
48,Chris Gotterup,185.2,"53,334",8
49,Cameron Young,187.2,"40,432",6
50,Russell Henley,187.5,"47,251",7
51,Austin Eckroat,188.6,"54,308",8
52,Denny McCarthy,188.8,"27,183",4
53,Cam Davis,194.7,"49,054",7
54,Maverick McNealy,197.9,"21,369",3
55,Byeong Hun An,199.9,"21,589",3
56,Nick Taylor,201.5,"58,035",8
57,Sahith Theegala,219.4,"55,280",7
58,Jason Day,223.3,"24,115",3
