rank,player,Avg (Yards),Total Distance (inches),Number of Approach Shots
1,Stephan Jaeger,145.7,"204,513",39
2,Cameron Young,147.3,"201,568",38
3,Patrick Cantlay,147.7,"175,486",33
4,Davis Thompson,149.9,"221,196",41
5,Viktor Hovland,150.3,"238,131",44
6,Wyndham Clark,150.6,"211,399",39
7,Russell Henley,151.0,"222,838",41
8,Matt Fitzpatrick,152.4,"186,590",34
9,Maverick McNealy,152.5,"225,054",41
10,Denny McCarthy,152.6,"263,719",48
11,Peter Malnati,154.2,"244,266",44
12,Adam Hadwin,155.0,"217,579",39
13,Ludvig Åberg,156.0,"224,595",40
14,Xander Schauffele,156.1,"241,672",43
15,Sungjae Im,156.3,"202,597",36
16,Harry Hall,156.4,"213,948",38
17,Collin Morikawa,156.7,"208,762",37
18,Thomas Detry,157.3,"226,445",40
18,Brice Garnett,157.3,"277,443",49
20,Matthieu Pavon,159.8,"276,051",48
21,Tony Finau,159.9,"282,054",49
22,Austin Eckroat,160.0,"207,368",36
23,Byeong Hun An,160.2,"265,292",46
24,Patton Kizzire,160.4,"265,606",46
25,Si Woo Kim,160.6,"231,290",40
26,Billy Horschel,160.7,"271,870",47
26,Will Zalatoris,160.7,"271,948",47
28,Max Homa,160.9,"248,996",43
29,Max Greyserman,161.2,"237,873",41
30,Adam Scott,162.4,"204,588",35
31,Akshay Bhatia,163.0,"281,692",48
32,Matt McCarty,163.8,"288,859",49
33,Eric Cole,164.3,"301,661",51
34,Keegan Bradley,164.7,"254,930",43
35,Rafael Campos,164.8,"255,035",43
36,Chris Gotterup,165.0,"255,474",43
36,Sepp Straka,165.0,"219,767",37
38,Tom Hoge,165.1,"279,407",47
39,Nick Dunlap,165.3,"303,517",51
40,J.T. Poston,165.5,"226,383",38
41,Jhonattan Vegas,166.5,"215,726",36
42,Aaron Rai,167.1,"228,573",38
43,Sam Burns,167.2,"234,747",39
44,Corey Conners,168.1,"242,030",40
44,Kevin Yu,168.1,"272,382",45
46,Christiaan Bezuidenhout,169.5,"305,175",50
47,Nick Taylor,172.0,"284,910",46
48,Justin Thomas,173.2,"249,402",40
49,Robert MacIntyre,173.3,"255,856",41
50,Nico Echavarria,173.4,"280,970",45
51,Jake Knapp,173.5,"256,109",41
52,Chris Kirk,174.1,"257,035",41
53,Brian Harman,177.0,"261,252",41
54,Cam Davis,177.4,"217,122",34
55,Taylor Pendrith,178.9,"257,614",40
56,Sahith Theegala,179.2,"264,492",41
57,Jason Day,179.3,"335,720",52
58,Hideki Matsuyama,181.3,"228,426",35
