rank,player,Distance,Tournament,Round- Course,Hole
1,Taylor Pendrith,203,Sentry,4,5
2,Hideki Matsuyama,107,Sentry,4,3
3,Davis Thompson,82,Sentry,2,12
4,Patton Kizzire,66,Sentry,1,18
5,Tom Hoge,23,Sentry,1,4
6,Peter Malnati,18,Sentry,1,2
7,Patrick Cantlay,13,Sentry,2,12
8,Harry Hall,12,Sentry,2,17
9,Cam Davis,12,Sentry,3,14
10,Cameron Young,11,Sentry,3,7
11,Robert MacIntyre,11,Sentry,1,16
12,Ludvig Åberg,11,Sentry,4,17
13,Denny McCarthy,10,Sentry,4,13
14,Sahith Theegala,9,Sentry,4,7
15,Matt McCarty,7,Sentry,4,17
16,Rafael Campos,6,Sentry,4,15
17,Jake Knapp,5,Sentry,4,4
