rank,player,Avg (Yards),Total Distance (inches),Number of Approach Shots
1,Rafael Campos,144.5,"98,842",19
2,Adam Scott,156.7,"163,589",29
3,Tom Hoge,159.0,"137,346",24
4,Hideki Matsuyama,159.8,"201,311",35
5,Harry Hall,161.4,"162,662",28
6,Patton Kizzire,166.0,"113,546",19
7,Nico Echavarria,166.1,"125,607",21
8,Will Zalatoris,168.3,"133,318",22
9,Cameron Young,169.9,"171,274",28
10,Kevin Yu,170.2,"122,519",20
11,Brice Garnett,172.4,"105,497",17
12,Sepp Straka,172.5,"173,876",28
13,Max Greyserman,173.2,"162,088",26
13,Collin Morikawa,173.2,"205,779",33
15,Russell Henley,173.9,"150,245",24
16,Stephan Jaeger,175.3,"151,443",24
17,Nick Taylor,175.6,"113,761",18
18,Cam Davis,176.0,"190,130",30
19,Chris Gotterup,177.0,"133,835",21
20,Eric Cole,177.8,"96,026",15
21,Matt McCarty,179.0,"103,130",16
22,Nick Dunlap,179.2,"96,754",15
23,Austin Eckroat,179.7,"181,172",28
24,Taylor Pendrith,180.3,"168,785",26
25,Tony Finau,180.7,"136,573",21
26,Sungjae Im,181.7,"209,309",32
27,Denny McCarthy,182.7,"124,993",19
28,Jhonattan Vegas,184.4,"199,193",30
29,Wyndham Clark,185.4,"180,199",27
30,Adam Hadwin,185.6,"167,045",25
30,Jake Knapp,185.6,"133,633",20
32,Matt Fitzpatrick,185.7,"193,867",29
33,Corey Conners,186.6,"181,404",27
34,Ludvig Åberg,188.2,"182,900",27
35,Sam Burns,188.8,"190,343",28
36,Maverick McNealy,189.7,"184,350",27
37,Sahith Theegala,190.1,"157,364",23
38,Thomas Detry,190.2,"191,738",28
38,Robert MacIntyre,190.2,"178,006",26
40,Max Homa,191.5,"165,459",24
41,Peter Malnati,191.8,"124,278",18
42,Christiaan Bezuidenhout,193.8,"118,581",17
43,J.T. Poston,194.7,"168,231",24
44,Chris Kirk,195.7,"155,018",22
45,Justin Thomas,197.0,"184,409",26
46,Keegan Bradley,197.4,"170,559",24
47,Aaron Rai,199.9,"194,307",27
48,Akshay Bhatia,200.2,"144,133",20
49,Brian Harman,200.5,"122,727",17
50,Byeong Hun An,201.5,"159,566",22
51,Billy Horschel,201.9,"130,833",18
52,Jason Day,203.1,"124,310",17
53,Viktor Hovland,205.0,"154,963",21
54,Si Woo Kim,207.1,"178,898",24
55,Davis Thompson,211.4,"175,004",23
56,Patrick Cantlay,212.8,"222,190",29
57,Matthieu Pavon,217.6,"133,198",17
58,Xander Schauffele,223.4,"185,004",23
