rank,player,%,Greens Hit,# Holes,Relative/Par
1,Lucas Glover,87.50,63,72,-0.32
2,Joseph Bramlett,86.11,62,72,-0.27
2,Corey Conners,86.11,62,72,-0.31
4,Russell Knox,84.72,61,72,-0.34
4,Kyle Stanley,84.72,61,72,-0.26
6,Jason Kokrak,81.94,59,72,-0.27
6,Adam Svensson,81.94,59,72,-0.36
8,Russell Henley,80.56,58,72,-0.48
8,Charles Howell III,80.56,58,72,-0.28
8,Davis Riley,80.56,58,72,-0.40
11,Kevin Kisner,79.17,57,72,-0.40
11,Satoshi Kodaira,79.17,57,72,-0.30
11,Henrik Norlander,79.17,57,72,-0.28
11,Erik van Rooyen,79.17,57,72,-0.37
15,Christiaan Bezuidenhout,77.78,56,72,-0.39
15,Cam Davis,77.78,56,72,-0.32
15,Brett Drewitt,77.78,56,72,-0.16
15,Billy Horschel,77.78,56,72,-0.30
15,Si Woo Kim,77.78,56,72,-0.21
15,Jim Knous,77.78,56,72,-0.29
15,Justin Lower,77.78,56,72,-0.21
15,Keith Mitchell,77.78,56,72,-0.30
15,Seamus Power,77.78,56,72,-0.38
15,Greyson Sigg,77.78,56,72,-0.30
25,Keegan Bradley,76.39,55,72,-0.36
25,Kramer Hickok,76.39,55,72,-0.35
25,Haotong Li,76.39,55,72,-0.36
25,Keita Nakajima,76.39,55,72,-0.31
25,Dylan Wu,76.39,55,72,-0.33
30,Ryan Armour,75.00,54,72,-0.33
30,Paul Barjon,75.00,54,72,-0.33
30,Talor Gooch,75.00,54,72,-0.33
30,Ben Kohles,75.00,54,72,-0.37
30,Matt Kuchar,75.00,54,72,-0.31
30,Hudson Swafford,75.00,54,72,-0.28
36,Chris Kirk,73.61,53,72,-0.32
36,Hideki Matsuyama,73.61,53,72,-0.47
36,Maverick McNealy,73.61,53,72,-0.38
36,Kevin Na,73.61,53,72,-0.38
36,Michael Thompson,73.61,53,72,-0.38
41,Hayden Buckley,72.22,52,72,-0.35
41,Stewart Cink,72.22,52,72,-0.37
41,K.H. Lee,72.22,52,72,-0.29
41,Denny McCarthy,72.22,52,72,-0.25
41,Ryan Palmer,72.22,52,72,-0.40
41,J.T. Poston,72.22,52,72,-0.33
41,Andrew Putnam,72.22,52,72,-0.33
41,Brandt Snedeker,72.22,52,72,-0.31
49,Kevin Chappell,70.83,51,72,-0.35
49,Luke Donald,70.83,51,72,-0.35
49,Jim Furyk,70.83,51,72,-0.33
49,Patton Kizzire,70.83,51,72,-0.35
49,Marc Leishman,70.83,51,72,-0.27
49,Vaughn Taylor,70.83,51,72,-0.29
55,Sepp Straka,69.44,50,72,-0.36
56,Wesley Bryan,68.06,49,72,-0.39
56,Sam Ryder,68.06,49,72,-0.37
58,Brian Harman,66.67,48,72,-0.25
58,Webb Simpson,66.67,48,72,-0.23
58,Kevin Tway,66.67,48,72,-0.33
61,Vince Whaley,65.28,47,72,-0.43
62,Brendon Todd,63.89,46,72,-0.35
63,Harris English,62.50,45,72,-0.40
63,Jimmy Walker,62.50,45,72,-0.22
65,Sahith Theegala,59.72,43,72,-0.37
