rank,player,Value,Total Drv Rank,GIR Rank
1,Russell Henley,10,2,8
2,Davis Riley,12,4,8
3,Charles Howell III,15,7,8
4,Russell Knox,16,12,4
4,Kyle Stanley,16,12,4
6,Seamus Power,19,4,15
7,Lucas Glover,23,22,1
8,Si Woo Kim,25,10,15
9,Brett Drewitt,27,12,15
10,Jason Kokrak,32,26,6
11,Billy Horschel,34,19,15
12,Joseph Bramlett,35,33,2
13,Hudson Swafford,36,6,30
14,Kevin Kisner,37,26,11
14,Jim Knous,37,22,15
14,Maverick McNealy,37,1,36
14,Erik van Rooyen,37,26,11
18,Paul Barjon,39,9,30
19,Greyson Sigg,40,25,15
20,Corey Conners,41,39,2
21,Keegan Bradley,42,17,25
21,Keita Nakajima,42,17,25
23,Hayden Buckley,44,3,41
23,Hideki Matsuyama,44,8,36
23,Dylan Wu,44,19,25
26,Christiaan Bezuidenhout,46,31,15
26,Kramer Hickok,46,21,25
28,Chris Kirk,51,15,36
29,Ryan Palmer,52,11,41
30,Talor Gooch,54,24,30
30,Satoshi Kodaira,54,43,11
32,Denny McCarthy,56,15,41
33,Adam Svensson,59,53,6
34,Ryan Armour,63,33,30
34,Cam Davis,63,48,15
34,Matt Kuchar,63,33,30
37,Justin Lower,66,51,15
38,Stewart Cink,67,26,41
39,Keith Mitchell,68,53,15
40,Henrik Norlander,69,58,11
41,K.H. Lee,71,30,41
42,Ben Kohles,73,43,30
43,J.T. Poston,74,33,41
43,Andrew Putnam,74,33,41
45,Kevin Na,85,49,36
46,Haotong Li,88,63,25
46,Brandt Snedeker,88,47,41
48,Vaughn Taylor,89,40,49
49,Webb Simpson,90,32,58
50,Kevin Chappell,91,42,49
50,Michael Thompson,91,55,36
52,Patton Kizzire,92,43,49
53,Vince Whaley,94,33,61
54,Sam Ryder,96,40,56
55,Marc Leishman,99,50,49
56,Jim Furyk,100,51,49
57,Sepp Straka,101,46,55
58,Wesley Bryan,111,55,56
59,Luke Donald,113,64,49
60,Kevin Tway,118,60,58
61,Brendon Todd,119,57,62
62,Brian Harman,120,62,58
63,Harris English,122,59,63
64,Sahith Theegala,126,61,65
65,Jimmy Walker,128,65,63
