rank,player,Distance,Tournament,Round- Course,Hole
1,Padraig Harrington,166,Sony Open,2,5 - Par 4 -
2,Kyle Reifers,146,Sony Open,1,15 - Par 4
3,Greg Owen,144,Sony Open,1,12 - Par 4
4,Mark Hubbard,125,Sony Open,1,15 - Par 4
5,Si Woo Kim,92,Sony Open,1,13 - Par 4
6,Steve Stricker,69,Sony Open,3,10 - Par 4
7,Brandt Snedeker,45,Sony Open,1,10 - Par 4
8,Graeme McDowell,39,Sony Open,1,1 - Par 4 -
9,Satoshi Kodaira,31,Sony Open,1,5 - Par 4 -
10,Daniel Berger,28,Sony Open,2,6 - Par 4 -
12,S.Y. Noh,21,Sony Open,4,9 - Par 5 -
13,Fred Funk,18,Sony Open,2,9 - Par 5 -
14,Brian Harman,18,Sony Open,4,18 - Par 5
15,Luke Donald,18,Sony Open,1,1 - Par 4 -
17,Daisuke Kataoka,16,Sony Open,4,9 - Par 5 -
18,Ryo Ishikawa,16,Sony Open,1,10 - Par 4
19,Russell Knox,15,Sony Open,2,12 - Par 4
20,K.J. Choi,15,Sony Open,4,2 - Par 4 -
21,Alex Cejka,15,Sony Open,2,14 - Par 4
23,Stewart Cink,15,Sony Open,4,8 - Par 4 -
24,Adam Hadwin,14,Sony Open,4,15 - Par 4
25,Robert Garrigus,12,Sony Open,2,9 - Par 5 -
26,Fabián Gómez,12,Sony Open,3,6 - Par 4 -
27,Tom Hoge,12,Sony Open,1,3 - Par 4 -
28,Harris English,12,Sony Open,2,10 - Par 4
31,Shawn Stefani,11,Sony Open,2,13 - Par 4
32,Emiliano Grillo,11,Sony Open,1,8 - Par 4 -
34,Jason Dufner,11,Sony Open,2,3 - Par 4 -
36,Whee Kim,10,Sony Open,1,10 - Par 4
37,Hudson Swafford,9,Sony Open,1,11 - Par 3
38,Jeff Overton,9,Sony Open,3,8 - Par 4 -
39,Spencer Levin,9,Sony Open,3,8 - Par 4 -
41,Scott Piercy,9,Sony Open,1,2 - Par 4 -
42,Tim Clark,8,Sony Open,1,12 - Par 4
43,Ryan Palmer,8,Sony Open,1,8 - Par 4 -
44,Zac Blair,8,Sony Open,1,2 - Par 4 -
45,Kevin Na,8,Sony Open,3,2 - Par 4 -
46,Johnson Wagner,8,Sony Open,1,12 - Par 4
48,Peter Malnati,8,Sony Open,3,8 - Par 4 -
51,Scott Stallings,7,Sony Open,2,2 - Par 4 -
52,Davis Love III,7,Sony Open,1,11 - Par 3
53,Webb Simpson,7,Sony Open,1,15 - Par 4
54,Chris Kirk,7,Sony Open,2,15 - Par 4
55,Gary Woodland,7,Sony Open,1,1 - Par 4 -
56,Chez Reavie,7,Sony Open,2,12 - Par 4
57,Hideto Tanihara,7,Sony Open,4,3 - Par 4 -
58,Jimmy Walker,7,Sony Open,4,6 - Par 4 -
61,Jonas Blixt,6,Sony Open,1,16 - Par 4
62,Marc Leishman,6,Sony Open,2,15 - Par 4
63,Charles Howell III,6,Sony Open,2,10 - Par 4
64,Carlos Ortiz,6,Sony Open,1,16 - Par 4
65,Zach Johnson,5,Sony Open,4,6 - Par 4 -
66,John Huh,5,Sony Open,3,12 - Par 4
67,Danny Lee,5,Sony Open,4,10 - Par 4
68,Garrett Okamura,5,Sony Open,2,6 - Par 4 -
69,Yusaku Miyazato,5,Sony Open,1,11 - Par 3
70,Jerry Kelly,5,Sony Open,1,8 - Par 4 -
72,Tim Wilkinson,5,Sony Open,1,12 - Par 4
