rank,player,Hole outs
1,Si Woo Kim,3
2,Zac Blair,2
2,Fred Funk,2
2,Fabián Gómez,2
2,Brian Harman,2
2,Padraig Harrington,2
2,Greg Owen,2
2,Brandt Snedeker,2
2,Hudson Swafford,2
2,Tim Wilkinson,2
11,Daniel Berger,1
11,K.J. Choi,1
11,Stewart Cink,1
11,Tim Clark,1
11,Luke Donald,1
11,Jason Dufner,1
11,Harris English,1
11,Robert Garrigus,1
11,Emiliano Grillo,1
11,Adam Hadwin,1
11,Charles Howell III,1
11,Mark Hubbard,1
11,John Huh,1
11,Zach Johnson,1
11,Daisuke Kataoka,1
11,Jerry Kelly,1
11,Danny Lee,1
11,Marc Leishman,1
11,Spencer Levin,1
11,Yusaku Miyazato,1
11,Kevin Na,1
11,S.Y. Noh,1
11,Jeff Overton,1
11,Ryan Palmer,1
11,Scott Piercy,1
11,Chez Reavie,1
11,Kyle Reifers,1
11,Webb Simpson,1
11,Shawn Stefani,1
11,Steve Stricker,1
11,Hideto Tanihara,1
11,Jimmy Walker,1
11,Gary Woodland,1
