rank,player,Avg (Yards),Total Distance (inches),Number of Approach Shots
1,Morgan Hoffmann,110.6,"31,859,000",8
2,Jason Gore,127.6,"50,542,000",11
3,Robert Garrigus,138.6,"29,932,000",6
4,Chez Reavie,139.8,"25,159,000",5
5,Nick Mason,143.0,"46,336,000",9
6,Fred Funk,143.6,"56,868,000",11
7,Tony Finau,144.2,"46,733,000",9
8,Francesco Molinari,145.1,"52,242,000",10
9,Shane Bertsch,146.1,"26,289,000",5
10,Matt Kuchar,147.3,"58,321,000",11
11,Ryan Palmer,149.4,"48,409,000",9
12,David Lingmerth,150.4,"37,908,000",7
13,Marc Leishman,150.6,"37,942,000",7
14,Stewart Cink,150.8,"54,289,000",10
15,Sean O'Hair,151.8,"54,650,000",10
16,William McGirt,151.9,"43,743,000",8
17,John Senden,152.1,"54,770,000",10
18,John Huh,154.0,"44,359,000",8
19,Fabián Gómez,155.0,"39,062,000",7
20,K.J. Choi,155.5,"44,776,000",8
21,Kyle Reifers,156.1,"50,570,000",9
22,Hideto Tanihara,156.2,"56,235,000",10
23,Daisuke Kataoka,156.3,"45,025,000",8
24,Steve Stricker,157.3,"67,973,000",12
25,Kevin Na,157.5,"45,355,000",8
26,Nick Taylor,157.6,"68,104,000",12
27,Harris English,157.9,"62,522,000",11
28,Jason Dufner,158.9,"57,211,000",10
29,Adam Scott,159.2,"45,851,000",8
30,Harold Varner III,161.9,"69,925,000",12
31,Gary Woodland,162.0,"23,323,000",4
32,Vijay Singh,162.3,"58,431,000",10
33,Kyle Stanley,163.2,"41,118,000",7
34,Brian Harman,163.3,"41,142,000",7
35,Hudson Swafford,163.4,"47,047,000",8
36,Kevin Kisner,163.6,"35,342,000",6
37,Jimmy Walker,166.3,"35,914,000",6
38,Tim Wilkinson,166.6,"53,977,000",9
39,Scott Piercy,166.8,"48,052,000",8
40,Thomas Aiken,168.7,"60,738,000",10
40,Tim Clark,168.7,"42,520,000",7
42,Lucas Glover,168.9,"48,656,000",8
43,S.Y. Noh,169.1,"54,796,000",9
44,Daniel Berger,169.3,"42,661,000",7
45,Mark Hubbard,170.4,"67,488,000",11
46,Padraig Harrington,170.7,"61,449,000",10
46,J.J. Henry,170.7,"55,295,000",9
48,Adam Hadwin,171.1,"80,071,000",13
49,James Hahn,172.2,"49,601,000",8
50,Jeff Overton,172.9,"49,783,000",8
51,Jamie Lovemark,173.9,"56,328,000",9
52,Si Woo Kim,175.2,"31,539,000",5
53,Daniel Summerhays,176.0,"50,697,000",8
54,Charles Howell III,176.3,"50,766,000",8
55,Ricky Barnes,177.6,"57,529,000",9
56,Luke Donald,178.9,"51,522,000",8
57,Emiliano Grillo,180.7,"65,060,000",10
58,Yusaku Miyazato,181.2,"84,806,000",13
59,Chad Campbell,181.6,"65,385,000",10
60,Spencer Levin,181.7,"52,342,000",8
61,Jerry Kelly,181.9,"19,648,000",3
62,Ben Martin,182.6,"72,327,000",11
63,Brandt Snedeker,182.7,"13,154,000",2
64,Webb Simpson,184.7,"59,855,000",9
65,Greg Owen,184.8,"59,879,000",9
66,Zach Johnson,186.8,"40,344,000",6
67,Danny Lee,188.5,"54,299,000",8
68,Graham DeLaet,189.1,"54,449,000",8
69,Brendon de Jonge,192.1,"41,504,000",6
70,Steve Wheatcroft,192.6,"55,465,000",8
71,Shawn Stefani,193.2,"41,733,000",6
72,Tyrone Van Aswegen,197.9,"64,128,000",9
73,Zac Blair,199.8,"28,765,000",4
74,Michael Thompson,200.8,"57,825,000",8
