rank,player,Avg,Total 2 Putts,Total Rounds
1,Stephen Ames,13.75,55,4
2,Troy Matteson,13.25,53,4
3,John Rollins,13.00,52,4
4,Ryan Moore,12.50,50,4
5,Zach Johnson,12.25,49,4
6,Kenny Perry,11.75,47,4
7,Dustin Johnson,11.50,46,4
7,Matt Kuchar,11.50,46,4
7,Bo Van Pelt,11.50,46,4
10,Michael Bradley,11.25,45,4
10,Ángel Cabrera,11.25,45,4
10,Retief Goosen,11.25,45,4
10,Heath Slocum,11.25,45,4
14,Paul Casey,11.00,44,4
14,Nick Watney,11.00,44,4
14,Y.E. Yang,11.00,44,4
17,Lucas Glover,10.75,43,4
17,Jerry Kelly,10.75,43,4
17,Steve Stricker,10.75,43,4
20,Mark Wilson,10.50,42,4
21,Nathan Green,10.25,41,4
21,Martin Laird,10.25,41,4
21,Geoff Ogilvy,10.25,41,4
21,Pat Perez,10.25,41,4
25,Brian Gay,10.00,40,4
25,Rory Sabbatini,10.00,40,4
27,Sean O'Hair,9.75,39,4
28,Stewart Cink,8.75,35,4
