rank,player,Avg,Total Putts,Total Rounds
1,Michael Bradley,26.00,26,1
1,Y.E. Yang,26.00,26,1
3,Retief Goosen,28.00,28,1
3,Steve Stricker,28.00,28,1
5,Stewart Cink,29.00,29,1
5,Ryan Moore,29.00,29,1
5,Geoff Ogilvy,29.00,29,1
5,Heath Slocum,29.00,29,1
5,Mark Wilson,29.00,29,1
10,Dustin Johnson,30.00,30,1
10,Zach Johnson,30.00,30,1
10,Jerry Kelly,30.00,30,1
10,Sean O'Hair,30.00,30,1
10,Kenny Perry,30.00,30,1
10,Bo Van Pelt,30.00,30,1
10,Nick Watney,30.00,30,1
17,Paul Casey,31.00,31,1
17,Brian Gay,31.00,31,1
17,Matt Kuchar,31.00,31,1
20,Ángel Cabrera,32.00,32,1
20,Troy Matteson,32.00,32,1
20,Pat Perez,32.00,32,1
20,John Rollins,32.00,32,1
20,Rory Sabbatini,32.00,32,1
25,Martin Laird,33.00,33,1
26,Stephen Ames,34.00,34,1
26,Nathan Green,34.00,34,1
28,Lucas Glover,35.00,35,1
