rank,player,Avg,Total 3 Putts,Total Rounds
1,Stewart Cink,1.50,6,4
1,Lucas Glover,1.50,6,4
1,Pat Perez,1.50,6,4
4,Y.E. Yang,1.25,5,4
5,Michael Bradley,1.00,4,4
5,Martin Laird,1.00,4,4
5,Sean O'Hair,1.00,4,4
5,Rory Sabbatini,1.00,4,4
5,Mark Wilson,1.00,4,4
10,Jerry Kelly,.75,3,4
10,Troy Matteson,.75,3,4
10,Heath Slocum,.75,3,4
10,Steve Stricker,.75,3,4
10,Nick Watney,.75,3,4
15,Stephen Ames,.50,2,4
15,Ángel Cabrera,.50,2,4
15,Paul Casey,.50,2,4
15,Brian Gay,.50,2,4
15,Zach Johnson,.50,2,4
20,Dustin Johnson,.25,1,4
20,Ryan Moore,.25,1,4
20,Geoff Ogilvy,.25,1,4
20,Kenny Perry,.25,1,4
20,John Rollins,.25,1,4
20,Bo Van Pelt,.25,1,4
