rank,player,Avg,Total Putts,Total Rounds
1,Nathan Green,25.00,25,1
2,Ángel Cabrera,28.00,28,1
2,Paul Casey,28.00,28,1
2,Lucas Glover,28.00,28,1
2,Geoff Ogilvy,28.00,28,1
6,Brian Gay,29.00,29,1
6,Retief Goosen,29.00,29,1
6,Matt Kuchar,29.00,29,1
6,Martin Laird,29.00,29,1
6,Kenny Perry,29.00,29,1
6,Bo Van Pelt,29.00,29,1
12,Dustin Johnson,30.00,30,1
12,Jerry Kelly,30.00,30,1
12,John Rollins,30.00,30,1
12,Nick Watney,30.00,30,1
12,Mark Wilson,30.00,30,1
17,Stewart Cink,31.00,31,1
17,Ryan Moore,31.00,31,1
19,Pat Perez,32.00,32,1
19,Y.E. Yang,32.00,32,1
21,Stephen Ames,33.00,33,1
21,Rory Sabbatini,33.00,33,1
21,Heath Slocum,33.00,33,1
24,Michael Bradley,34.00,34,1
24,Zach Johnson,34.00,34,1
24,Sean O'Hair,34.00,34,1
27,Steve Stricker,35.00,35,1
28,Troy Matteson,36.00,36,1
