rank,player,Avg,Total Putts,Total Rounds
1,Ángel Cabrera,26.00,26,1
2,Nathan Green,27.00,27,1
2,Sean O'Hair,27.00,27,1
2,Geoff Ogilvy,27.00,27,1
2,Rory Sabbatini,27.00,27,1
6,Brian Gay,28.00,28,1
6,Lucas Glover,28.00,28,1
6,Heath Slocum,28.00,28,1
9,Martin Laird,29.00,29,1
9,John Rollins,29.00,29,1
11,Zach Johnson,30.00,30,1
11,Kenny Perry,30.00,30,1
13,Stephen Ames,31.00,31,1
13,Paul Casey,31.00,31,1
13,Stewart Cink,31.00,31,1
13,Jerry Kelly,31.00,31,1
13,Matt Kuchar,31.00,31,1
13,Troy Matteson,31.00,31,1
13,Ryan Moore,31.00,31,1
13,Pat Perez,31.00,31,1
13,Steve Stricker,31.00,31,1
13,Nick Watney,31.00,31,1
13,Mark Wilson,31.00,31,1
24,Michael Bradley,32.00,32,1
24,Retief Goosen,32.00,32,1
24,Dustin Johnson,32.00,32,1
24,Bo Van Pelt,32.00,32,1
24,Y.E. Yang,32.00,32,1
