rank,player,Avg,Total Putts,Total Rounds
1,Steve Stricker,26.00,26,1
2,Matt Kuchar,27.00,27,1
2,Rory Sabbatini,27.00,27,1
4,Brian Gay,28.00,28,1
4,Retief Goosen,28.00,28,1
4,Dustin Johnson,28.00,28,1
4,Sean O'Hair,28.00,28,1
8,Paul Casey,29.00,29,1
8,Jerry Kelly,29.00,29,1
10,Stewart Cink,30.00,30,1
10,Nathan Green,30.00,30,1
10,Martin Laird,30.00,30,1
10,Pat Perez,30.00,30,1
14,Zach Johnson,31.00,31,1
14,Troy Matteson,31.00,31,1
14,Geoff Ogilvy,31.00,31,1
14,Bo Van Pelt,31.00,31,1
14,Nick Watney,31.00,31,1
19,Kenny Perry,32.00,32,1
19,Mark Wilson,32.00,32,1
21,Stephen Ames,33.00,33,1
21,Michael Bradley,33.00,33,1
21,Ryan Moore,33.00,33,1
21,Heath Slocum,33.00,33,1
25,Ángel Cabrera,34.00,34,1
25,John Rollins,34.00,34,1
27,Y.E. Yang,35.00,35,1
28,Lucas Glover,36.00,36,1
