rank,player,Avg RTP,Total Holes,Total RTP
1,Sam Burns,E,1,E
1,Collin Morikawa,E,4,E
1,Seamus Power,E,10,E
1,Jon Rahm,E,6,E
1,J.J. Spaun,E,2,E
1,Sepp Straka,E,3,E
1,Justin Thomas,E,1,E
8,Matt Fitzpatrick,+.125,8,+1.00
9,Corey Conners,+.167,6,+1.00
9,Mackenzie Hughes,+.167,6,+1.00
9,J.T. Poston,+.167,6,+1.00
9,Will Zalatoris,+.167,6,+1.00
13,Tony Finau,+.200,10,+2.00
13,Trey Mullinax,+.200,5,+1.00
15,Brian Harman,+.222,9,+2.00
15,Sungjae Im,+.222,9,+2.00
17,Patrick Cantlay,+.250,4,+1.00
18,Keegan Bradley,+.333,3,+1.00
18,Max Homa,+.333,3,+1.00
18,Tom Kim,+.333,6,+2.00
18,Hideki Matsuyama,+.333,6,+2.00
18,Scottie Scheffler,+.333,6,+2.00
18,Scott Stallings,+.333,6,+2.00
24,Russell Henley,+.400,5,+2.00
24,Chad Ramey,+.400,5,+2.00
24,Adam Scott,+.400,5,+2.00
27,Luke List,+.429,7,+3.00
28,Aaron Wise,+.444,9,+4.00
29,Chez Reavie,+.600,5,+3.00
29,Jordan Spieth,+.600,5,+3.00
29,Adam Svensson,+.600,5,+3.00
32,Tom Hoge,+.667,3,+2.00
32,Viktor Hovland,+.667,9,+6.00
32,Sahith Theegala,+.667,6,+4.00
32,Cameron Young,+.667,3,+2.00
36,Ryan Brehm,+1.000,2,+2.00
36,K.H. Lee,+1.000,1,+1.00
