rank,player,Avg RTP,Total Holes,Total RTP
1,Corey Conners,E,1,E
1,Luke List,E,1,E
1,Jordan Spieth,E,2,E
1,Adam Svensson,E,1,E
1,Will Zalatoris,E,1,E
6,Hideki Matsuyama,+.250,4,+1.00
7,Seamus Power,+.333,3,+1.00
8,K.H. Lee,+.400,5,+2.00
9,Tony Finau,+.500,2,+1.00
10,Ryan Brehm,+.667,3,+2.00
10,Matt Fitzpatrick,+.667,3,+2.00
12,Keegan Bradley,+.800,5,+4.00
13,Sam Burns,+.857,7,+6.00
13,Billy Horschel,+.857,7,+6.00
15,Brian Harman,+1.000,1,+1.00
15,Russell Henley,+1.000,1,+1.00
15,Tom Hoge,+1.000,3,+3.00
15,Viktor Hovland,+1.000,2,+2.00
15,Sungjae Im,+1.000,2,+2.00
15,Collin Morikawa,+1.000,1,+1.00
15,Trey Mullinax,+1.000,1,+1.00
15,Jon Rahm,+1.000,1,+1.00
15,Chez Reavie,+1.000,1,+1.00
15,Scottie Scheffler,+1.000,2,+2.00
15,Adam Scott,+1.000,3,+3.00
15,J.J. Spaun,+1.000,2,+2.00
15,Scott Stallings,+1.000,5,+5.00
15,Aaron Wise,+1.000,2,+2.00
29,Mackenzie Hughes,+1.200,5,+6.00
30,Sahith Theegala,+1.333,3,+4.00
31,Patrick Cantlay,+1.500,2,+3.00
31,Sepp Straka,+1.500,4,+6.00
31,Justin Thomas,+1.500,4,+6.00
31,Cameron Young,+1.500,2,+3.00
35,Chad Ramey,+1.600,5,+8.00
36,Max Homa,+2.000,1,+2.00
