rank,player,Avg RTP,Total Holes,Total RTP
1,Trey Mullinax,E,8,E
2,Matt Fitzpatrick,+.125,8,+1.00
2,Will Zalatoris,+.125,8,+1.00
4,Brian Harman,+.167,6,+1.00
5,Hideki Matsuyama,+.250,8,+2.00
6,Seamus Power,+.286,7,+2.00
7,Keegan Bradley,+.333,3,+1.00
7,Tony Finau,+.333,9,+3.00
7,Billy Horschel,+.333,3,+1.00
7,Jordan Spieth,+.333,6,+2.00
11,Russell Henley,+.400,5,+2.00
11,Tom Hoge,+.400,5,+2.00
11,Scottie Scheffler,+.400,5,+2.00
14,Adam Svensson,+.429,7,+3.00
15,Patrick Cantlay,+.500,4,+2.00
15,Max Homa,+.500,4,+2.00
15,Tom Kim,+.500,6,+3.00
15,Luke List,+.500,4,+2.00
15,Collin Morikawa,+.500,2,+1.00
15,J.T. Poston,+.500,4,+2.00
15,Adam Scott,+.500,4,+2.00
22,Sahith Theegala,+.571,7,+4.00
22,Aaron Wise,+.571,7,+4.00
24,Ryan Brehm,+.600,5,+3.00
24,Corey Conners,+.600,5,+3.00
24,Mackenzie Hughes,+.600,5,+3.00
24,Scott Stallings,+.600,5,+3.00
28,J.J. Spaun,+.667,3,+2.00
29,Viktor Hovland,+.714,7,+5.00
29,K.H. Lee,+.714,7,+5.00
31,Chez Reavie,+.750,4,+3.00
32,Sam Burns,+1.000,4,+4.00
32,Sungjae Im,+1.000,3,+3.00
32,Jon Rahm,+1.000,2,+2.00
32,Chad Ramey,+1.000,7,+7.00
32,Sepp Straka,+1.000,4,+4.00
32,Justin Thomas,+1.000,3,+3.00
32,Cameron Young,+1.000,6,+6.00
