rank,player,Avg RTP,Total Holes,Total RTP
1,Keegan Bradley,E,1,E
1,Matt Fitzpatrick,E,2,E
1,Scottie Scheffler,E,1,E
1,J.J. Spaun,E,2,E
5,Jordan Spieth,+.125,8,+1.00
6,Brian Harman,+.250,4,+1.00
7,Trey Mullinax,+.286,7,+2.00
8,Ryan Brehm,+.333,3,+1.00
8,Tom Hoge,+.333,3,+1.00
8,Hideki Matsuyama,+.333,3,+1.00
11,Adam Svensson,+.400,5,+2.00
11,Justin Thomas,+.400,5,+2.00
13,Patrick Cantlay,+.500,4,+2.00
13,Russell Henley,+.500,2,+1.00
13,Max Homa,+.500,4,+2.00
13,Viktor Hovland,+.500,2,+1.00
13,Mackenzie Hughes,+.500,2,+1.00
13,Adam Scott,+.500,4,+2.00
13,Sepp Straka,+.500,2,+1.00
20,Sam Burns,+.600,5,+3.00
20,Tom Kim,+.600,5,+3.00
22,Billy Horschel,+.667,3,+2.00
22,Collin Morikawa,+.667,3,+2.00
22,Chez Reavie,+.667,3,+2.00
22,Cameron Young,+.667,3,+2.00
22,Will Zalatoris,+.667,3,+2.00
27,Chad Ramey,+.750,4,+3.00
28,J.T. Poston,+.800,5,+4.00
29,Sungjae Im,+1.000,1,+1.00
29,K.H. Lee,+1.000,2,+2.00
29,Seamus Power,+1.000,3,+3.00
29,Jon Rahm,+1.000,3,+3.00
29,Scott Stallings,+1.000,2,+2.00
29,Aaron Wise,+1.000,1,+1.00
35,Luke List,+1.500,2,+3.00
36,Corey Conners,+2.000,1,+2.00
