rank,player,Avg,Total SG:OTT,Measured Rounds
1,Jason Day,1.350,5.398,4
2,Bubba Watson,1.334,5.334,4
3,Charley Hoffman,.997,3.987,4
4,Hideki Matsuyama,.966,3.862,4
5,J.B. Holmes,.764,3.055,4
6,Sangmoon Bae,.718,2.870,4
7,Brian Harman,.704,2.817,4
8,John Senden,.449,1.796,4
9,Patrick Reed,.424,1.695,4
10,Billy Horschel,.394,1.577,4
11,Russell Henley,.362,1.449,4
12,Hunter Mahan,.269,1.076,4
13,Kevin Streelman,.240,.959,4
14,Nick Taylor,.060,.241,4
15,Robert Streb,.059,.235,4
16,Geoff Ogilvy,.029,.115,4
17,Jimmy Walker,-.011,-.044,4
18,Scott Stallings,-.044,-.174,4
19,Zach Johnson,-.056,-.224,4
20,Matt Jones,-.103,-.413,4
21,S.Y. Noh,-.186,-.745,4
22,Ryan Moore,-.315,-1.258,4
23,Ben Martin,-.326,-1.305,4
24,Steven Bowditch,-.360,-1.438,4
25,Matt Kuchar,-.475,-1.898,4
26,Brendon Todd,-.567,-2.267,4
27,Chesson Hadley,-.628,-2.513,4
28,Ángel Cabrera,-.668,-2.672,4
29,Chris Kirk,-.960,-3.838,4
30,Ben Crane,-.985,-3.938,4
31,Tim Clark,-1.015,-4.060,4
32,Camilo Villegas,-1.063,-4.250,4
33,Matt Every,-1.104,-4.417,4
