rank,player,Avg,Total Ball Speed,Total Attempts
1,Bubba Watson,184.41,737.65,4
2,J.B. Holmes,175.91,703.64,4
3,Patrick Reed,175.23,700.92,4
4,Jimmy Walker,175.17,700.69,4
5,Scott Stallings,174.29,697.16,4
6,S.Y. Noh,174.02,696.07,4
7,Russell Henley,173.95,695.82,4
8,Robert Streb,173.72,694.90,4
9,Jason Day,173.56,694.23,4
10,Ángel Cabrera,173.05,519.16,3
11,Charley Hoffman,171.87,687.47,4
12,Hideki Matsuyama,171.01,684.05,4
13,John Senden,169.97,679.89,4
14,Ben Martin,169.25,677.00,4
15,Steven Bowditch,169.09,676.36,4
16,Matt Jones,168.57,674.26,4
17,Geoff Ogilvy,168.40,673.62,4
18,Billy Horschel,168.26,673.04,4
19,Chesson Hadley,168.13,672.51,4
20,Hunter Mahan,168.02,672.09,4
21,Camilo Villegas,167.60,670.41,4
22,Sangmoon Bae,167.49,669.96,4
23,Chris Kirk,166.63,666.53,4
24,Kevin Streelman,166.49,665.94,4
25,Matt Every,165.39,661.57,4
26,Ryan Moore,165.00,660.02,4
27,Nick Taylor,162.96,651.85,4
28,Brian Harman,162.81,651.25,4
29,Matt Kuchar,162.78,651.11,4
30,Brendon Todd,160.02,640.07,4
31,Zach Johnson,159.76,639.05,4
32,Ben Crane,157.19,628.75,4
33,Tim Clark,153.67,614.70,4
