rank,player,Total,Distance Rank,Accuracy Rank
1,Russell Henley,13,5,8
2,J.B. Holmes,14,6,8
3,Charley Hoffman,16,8,8
4,Nick Taylor,17,9,8
5,Chesson Hadley,19,11,8
6,Scott Stallings,20,3,17
7,Camilo Villegas,21,13,8
8,Brian Harman,22,16,6
9,John Senden,26,18,8
9,Kevin Streelman,26,22,4
11,Jason Day,27,2,25
11,Zach Johnson,27,26,1
13,Bubba Watson,28,1,27
14,Patrick Reed,31,4,27
15,S.Y. Noh,32,12,20
16,Billy Horschel,33,25,8
16,Ryan Moore,33,31,2
18,Brendon Todd,34,30,4
19,Tim Clark,35,32,3
19,Hunter Mahan,35,10,25
19,Hideki Matsuyama,35,15,20
22,Chris Kirk,37,29,8
22,Robert Streb,37,7,30
22,Jimmy Walker,37,17,20
25,Sangmoon Bae,38,21,17
25,Ángel Cabrera,38,18,20
25,Geoff Ogilvy,38,18,20
28,Ben Crane,40,33,7
29,Matt Jones,44,27,17
30,Matt Kuchar,47,14,33
31,Matt Every,54,24,30
32,Steven Bowditch,55,23,32
32,Ben Martin,55,28,27
