rank,player,%,Successes,Attempts
1,Stephen Ames,100.00,3,3
1,Daniel Chopra,100.00,2,2
1,Steve Stricker,100.00,3,3
1,Scott Verplank,100.00,2,2
1,Mike Weir,100.00,2,2
6,Justin Leonard,77.78,7,9
7,Mark Calcavecchia,75.00,3,4
7,Henrik Stenson,75.00,3,4
9,Brandt Snedeker,71.43,5,7
10,Woody Austin,66.67,2,3
10,Hunter Mahan,66.67,2,3
10,Vijay Singh,66.67,2,3
10,Mark Wilson,66.67,2,3
14,Jonathan Byrd,60.00,6,10
14,Fred Funk,60.00,3,5
16,Steve Flesch,50.00,2,4
16,Jim Furyk,50.00,2,4
16,Paul Goydos,50.00,2,4
16,Nick Watney,50.00,2,4
20,Aaron Baddeley,42.86,3,7
20,Zach Johnson,42.86,3,7
20,Joe Ogilvie,42.86,3,7
23,George McNeill,40.00,2,5
24,K.J. Choi,33.33,1,3
24,Boo Weekley,33.33,3,9
26,Ángel Cabrera,25.00,1,4
26,Rory Sabbatini,25.00,2,8
28,Brian Bateman,.00,0,4
28,Charley Hoffman,.00,0,1
28,Charles Howell III,.00,0,2
