rank,player,%,Successes,Attempts
1,Hunter Mahan,100.00,2,2
2,Stephen Ames,75.00,3,4
3,Fred Funk,66.67,2,3
4,Daniel Chopra,60.00,3,5
5,Chad Campbell,50.00,1,2
5,Vijay Singh,50.00,1,2
5,Brandt Snedeker,50.00,2,4
5,Mike Weir,50.00,1,2
9,Justin Leonard,40.00,2,5
10,Aaron Baddeley,33.33,1,3
10,Zach Johnson,33.33,1,3
10,Joe Ogilvie,33.33,2,6
10,Henrik Stenson,33.33,1,3
10,Steve Stricker,33.33,1,3
15,George McNeill,28.57,2,7
16,Mark Wilson,25.00,1,4
17,K.J. Choi,14.29,1,7
17,Steve Flesch,14.29,1,7
17,Paul Goydos,14.29,1,7
20,Woody Austin,.00,0,2
20,Brian Bateman,.00,0,1
20,Jonathan Byrd,.00,0,5
20,Ángel Cabrera,.00,0,4
20,Mark Calcavecchia,.00,0,1
20,Jim Furyk,.00,0,2
20,Charley Hoffman,.00,0,2
20,Charles Howell III,.00,0,1
20,Rory Sabbatini,.00,0,4
20,Scott Verplank,.00,0,3
20,Nick Watney,.00,0,1
20,Boo Weekley,.00,0,6
