rank,player,%,# Saves,# Bunkers,Total O/U Par
1,Ángel Cabrera,100.00,1,1,E
1,Justin Leonard,100.00,2,2,E
1,Rory Sabbatini,100.00,1,1,E
1,Scott Verplank,100.00,1,1,E
5,Mike Weir,66.67,2,3,+1.00
6,Jonathan Byrd,50.00,1,2,+1.00
6,Chad Campbell,50.00,1,2,+1.00
6,Paul Goydos,50.00,2,4,+2.00
6,Henrik Stenson,50.00,1,2,+1.00
10,Woody Austin,33.33,1,3,+1.00
10,Charles Howell III,33.33,1,3,+3.00
10,George McNeill,33.33,1,3,+3.00
10,Joe Ogilvie,33.33,1,3,+2.00
14,Aaron Baddeley,.00,0,1,E
14,Mark Calcavecchia,.00,0,1,+2.00
14,K.J. Choi,.00,0,2,+2.00
14,Charley Hoffman,.00,0,1,+1.00
14,Hunter Mahan,.00,0,1,+1.00
14,Boo Weekley,.00,0,2,+2.00
