rank,player,%,Par or Better,Missed GIR
1,Stephen Ames,84.62,11,13
2,Jim Furyk,80.00,8,10
3,Vijay Singh,77.78,7,9
4,Hunter Mahan,75.00,6,8
5,Justin Leonard,73.33,11,15
6,Brandt Snedeker,71.43,10,14
7,Daniel Chopra,70.00,7,10
8,Woody Austin,69.23,9,13
9,Mike Weir,63.64,7,11
10,Aaron Baddeley,61.54,8,13
11,Nick Watney,60.00,3,5
12,Ángel Cabrera,58.33,7,12
13,Jonathan Byrd,56.25,9,16
14,Fred Funk,55.56,5,9
14,Steve Stricker,55.56,5,9
16,Henrik Stenson,53.33,8,15
17,Mark Calcavecchia,50.00,4,8
17,Chad Campbell,50.00,4,8
17,Charles Howell III,50.00,6,12
17,Scott Verplank,50.00,6,12
21,Joe Ogilvie,47.06,8,17
22,Steve Flesch,46.67,7,15
23,George McNeill,43.75,7,16
24,Charley Hoffman,42.86,3,7
25,Zach Johnson,41.67,5,12
25,Mark Wilson,41.67,5,12
27,K.J. Choi,41.18,7,17
28,Paul Goydos,38.89,7,18
29,Rory Sabbatini,36.36,4,11
30,Boo Weekley,35.29,6,17
31,Brian Bateman,25.00,3,12
