rank,player,% Made,Attempts,Putts Made
1,Rory Sabbatini,2.00,10,2
2,Daniel Chopra,1.18,17,2
3,Steve Stricker,.91,11,1
4,Joe Ogilvie,.67,15,1
5,Mark Wilson,.56,18,1
6,Stephen Ames,.00,9,-
6,Woody Austin,.00,9,-
6,Aaron Baddeley,.00,8,-
6,Brian Bateman,.00,18,-
6,Jonathan Byrd,.00,7,-
6,Ángel Cabrera,.00,6,-
6,Mark Calcavecchia,.00,12,-
6,Chad Campbell,.00,7,-
6,K.J. Choi,.00,11,-
6,Steve Flesch,.00,8,-
6,Fred Funk,.00,12,-
6,Jim Furyk,.00,14,-
6,Paul Goydos,.00,12,-
6,Charley Hoffman,.00,18,-
6,Charles Howell III,.00,11,-
6,Zach Johnson,.00,9,-
6,Justin Leonard,.00,7,-
6,Hunter Mahan,.00,13,-
6,George McNeill,.00,10,-
6,Vijay Singh,.00,13,-
6,Brandt Snedeker,.00,12,-
6,Henrik Stenson,.00,10,-
6,Scott Verplank,.00,7,-
6,Nick Watney,.00,16,-
6,Boo Weekley,.00,13,-
6,Mike Weir,.00,9,-
