rank,player,%,Attempts,Putts made
1,Woody Austin,57.14,7,4
2,Scott Verplank,42.86,7,3
3,Fred Funk,40.00,10,4
4,Ángel Cabrera,37.50,8,3
4,Brandt Snedeker,37.50,8,3
6,Mike Weir,36.36,11,4
7,Jim Furyk,33.33,9,3
7,Steve Stricker,33.33,9,3
9,Brian Bateman,30.00,10,3
9,Rory Sabbatini,30.00,10,3
11,Charles Howell III,27.27,11,3
11,Mark Wilson,27.27,11,3
13,Aaron Baddeley,25.00,12,3
13,Mark Calcavecchia,25.00,8,2
13,Justin Leonard,25.00,12,3
16,Hunter Mahan,22.22,9,2
16,Henrik Stenson,22.22,9,2
18,Chad Campbell,21.43,14,3
19,George McNeill,20.00,5,1
19,Boo Weekley,20.00,5,1
21,Jonathan Byrd,18.18,11,2
21,Daniel Chopra,18.18,11,2
21,Paul Goydos,18.18,11,2
21,Zach Johnson,18.18,11,2
25,Vijay Singh,12.50,8,1
26,K.J. Choi,10.00,10,1
26,Nick Watney,10.00,10,1
28,Charley Hoffman,8.33,12,1
29,Stephen Ames,.00,2,-
29,Steve Flesch,.00,9,-
29,Joe Ogilvie,.00,6,-
