rank,player,%,Attempts,Putts made
1,K.J. Choi,50.00,8,4
2,Mike Weir,37.50,8,3
3,Stephen Ames,36.36,11,4
4,Steve Flesch,33.33,6,2
4,Hunter Mahan,33.33,6,2
4,Joe Ogilvie,33.33,3,1
7,Woody Austin,28.57,7,2
7,Justin Leonard,28.57,7,2
9,Charles Howell III,25.00,12,3
9,George McNeill,25.00,8,2
11,Daniel Chopra,22.22,9,2
12,Jim Furyk,18.18,11,2
13,Ángel Cabrera,15.38,13,2
14,Chad Campbell,14.29,14,2
15,Henrik Stenson,12.50,8,1
15,Steve Stricker,12.50,8,1
15,Boo Weekley,12.50,8,1
18,Zach Johnson,8.33,12,1
19,Aaron Baddeley,.00,6,-
19,Brian Bateman,.00,7,-
19,Jonathan Byrd,.00,4,-
19,Mark Calcavecchia,.00,4,-
19,Fred Funk,.00,10,-
19,Paul Goydos,.00,5,-
19,Charley Hoffman,.00,7,-
19,Rory Sabbatini,.00,8,-
19,Vijay Singh,.00,11,-
19,Brandt Snedeker,.00,7,-
19,Scott Verplank,.00,5,-
19,Nick Watney,.00,10,-
19,Mark Wilson,.00,8,-
