rank,player,%,Attempts,Putts made
1,Nick Watney,100.00,2,2
2,Daniel Chopra,75.00,4,3
3,Stephen Ames,40.00,5,2
3,Jonathan Byrd,40.00,5,2
5,Chad Campbell,28.57,7,2
6,Brandt Snedeker,25.00,4,1
6,Henrik Stenson,25.00,4,1
8,Fred Funk,20.00,10,2
9,Steve Stricker,18.18,11,2
10,K.J. Choi,16.67,6,1
11,Mark Calcavecchia,15.38,13,2
12,Aaron Baddeley,14.29,7,1
13,Justin Leonard,12.50,8,1
14,Jim Furyk,11.11,9,1
15,Vijay Singh,10.00,10,1
16,Woody Austin,.00,7,-
16,Brian Bateman,.00,1,-
16,Ángel Cabrera,.00,4,-
16,Steve Flesch,.00,7,-
16,Paul Goydos,.00,4,-
16,Charley Hoffman,.00,4,-
16,Charles Howell III,.00,5,-
16,Zach Johnson,.00,6,-
16,Hunter Mahan,.00,9,-
16,George McNeill,.00,6,-
16,Joe Ogilvie,.00,6,-
16,Rory Sabbatini,.00,8,-
16,Scott Verplank,.00,7,-
16,Boo Weekley,.00,6,-
16,Mike Weir,.00,9,-
16,Mark Wilson,.00,5,-
