rank,player,% Made,Attempts,Putts Made
1,Daniel Chopra,4.00,5,2
2,Boo Weekley,3.33,3,1
3,Nick Watney,1.67,6,1
4,Hunter Mahan,1.43,7,1
5,Stephen Ames,.00,3,-
5,Woody Austin,.00,5,-
5,Aaron Baddeley,.00,3,-
5,Brian Bateman,.00,3,-
5,Jonathan Byrd,.00,5,-
5,Ángel Cabrera,.00,6,-
5,Mark Calcavecchia,.00,3,-
5,Chad Campbell,.00,2,-
5,K.J. Choi,.00,4,-
5,Steve Flesch,.00,4,-
5,Fred Funk,.00,5,-
5,Jim Furyk,.00,1,-
5,Paul Goydos,.00,4,-
5,Charley Hoffman,.00,5,-
5,Charles Howell III,.00,3,-
5,Zach Johnson,.00,3,-
5,Justin Leonard,.00,5,-
5,George McNeill,.00,3,-
5,Joe Ogilvie,.00,6,-
5,Rory Sabbatini,.00,2,-
5,Brandt Snedeker,.00,4,-
5,Henrik Stenson,.00,4,-
5,Steve Stricker,.00,2,-
5,Scott Verplank,.00,7,-
5,Mike Weir,.00,4,-
5,Mark Wilson,.00,2,-
