rank,player,%,Attempts,Putts made
1,Daniel Chopra,20.00,25,5
2,Rory Sabbatini,12.50,16,2
3,Hunter Mahan,11.54,26,3
4,Joe Ogilvie,7.14,28,2
5,Justin Leonard,6.67,15,1
6,Steve Stricker,5.88,17,1
7,Stephen Ames,5.26,19,1
7,Brandt Snedeker,5.26,19,1
9,Boo Weekley,5.00,20,1
10,Mark Wilson,4.17,24,1
11,Brian Bateman,3.57,28,1
12,Nick Watney,3.23,31,1
13,Woody Austin,.00,22,-
13,Aaron Baddeley,.00,20,-
13,Jonathan Byrd,.00,18,-
13,Ángel Cabrera,.00,19,-
13,Mark Calcavecchia,.00,18,-
13,Chad Campbell,.00,14,-
13,K.J. Choi,.00,21,-
13,Steve Flesch,.00,15,-
13,Fred Funk,.00,20,-
13,Jim Furyk,.00,19,-
13,Paul Goydos,.00,20,-
13,Charley Hoffman,.00,27,-
13,Charles Howell III,.00,17,-
13,Zach Johnson,.00,19,-
13,George McNeill,.00,17,-
13,Vijay Singh,.00,18,-
13,Henrik Stenson,.00,22,-
13,Scott Verplank,.00,19,-
13,Mike Weir,.00,18,-
