rank,player,Avg DTP,Total Distance (feet),# of Shots,Scrambling Rank
1,Jordan Spieth,"5' 5""",27.250,5,23
2,Dustin Johnson,"5' 6""",38.417,7,6
3,Wesley Bryan,"5' 11""",29.500,5,30
4,Ryan Armour,"6' 9""",54.250,8,19
5,Daniel Berger,"7' 2""",49.917,7,16
5,Cameron Smith,"7' 2""",50.333,7,6
7,Brooks Koepka,"8' 5""",33.750,4,26
8,Austin Cook,"8' 7""",51.333,6,33
8,Hudson Swafford,"8' 7""",59.833,7,16
10,Jonas Blixt,"8' 8""",86.250,10,26
11,Chris Stroud,"8' 9""",78.500,9,9
12,Jhonattan Vegas,"9' 1""",63.667,7,21
13,Kevin Kisner,"9' 2""",36.583,4,26
14,Kyle Stanley,"9' 6""",94.667,10,31
15,Si Woo Kim,"10' 3""",61.500,6,3
16,Grayson Murray,"10' 4""",72.500,7,15
17,Xander Schauffele,"10' 5""",83.583,8,10
18,Rickie Fowler,"10' 9""",42.917,4,2
19,Adam Hadwin,"10' 10""",75.583,7,25
20,Billy Horschel,"12' 1""",72.667,6,16
21,Brian Harman,"13' 2""",78.833,6,1
21,Marc Leishman,"13' 2""",39.417,3,6
23,Patton Kizzire,"13' 11""",111.583,8,12
24,D.A. Points,"14' 6""",87.167,6,22
25,Justin Thomas,"14' 7""",116.500,8,31
26,Russell Henley,"15' 1""",105.667,7,24
27,Pat Perez,"15' 4""",61.333,4,13
28,Jason Dufner,"15' 11""",63.500,4,19
29,Jon Rahm,"16' 3""",48.750,3,3
30,Kevin Chappell,"17' 8""",123.417,7,5
31,Bryson DeChambeau,"18' 9""",168.667,9,34
32,Hideki Matsuyama,"19' 6""",136.667,7,13
33,Patrick Cantlay,"20' 3""",141.917,7,11
34,Brendan Steele,"22' 2""",111.000,5,26
