rank,player,Avg DTP,Total Distance (feet),# of Shots,Scrambling Rank
1,Marc Leishman,"1' 10""",7.167,4,6
2,Rickie Fowler,"4' 10""",48.333,10,2
3,Pat Perez,"5' 2""",46.750,9,13
4,Brian Harman,"5' 3""",31.667,6,1
5,Cameron Smith,"5' 4""",32.083,6,6
6,Si Woo Kim,"5' 6""",60.833,11,3
7,Jon Rahm,"6' 0""",89.417,15,3
8,Daniel Berger,"6' 1""",60.917,10,16
9,Jordan Spieth,"6' 3""",43.917,7,23
10,Grayson Murray,"6' 4""",94.667,15,15
11,Jhonattan Vegas,"6' 5""",76.750,12,21
12,Jonas Blixt,"6' 8""",66.917,10,26
13,Hudson Swafford,"7' 0""",90.500,13,16
14,Russell Henley,"7' 5""",88.500,12,24
15,Dustin Johnson,"7' 8""",106.750,14,6
15,Xander Schauffele,"7' 8""",145.000,19,10
17,Adam Hadwin,"7' 9""",70.083,9,25
18,Chris Stroud,"8' 3""",82.583,10,9
19,Patton Kizzire,"8' 11""",116.083,13,12
20,Brendan Steele,"9' 1""",109.417,12,26
21,Ryan Armour,"9' 9""",58.417,6,19
22,Kevin Kisner,"10' 3""",92.250,9,26
23,Jason Dufner,"10' 4""",61.833,6,19
23,Brooks Koepka,"10' 4""",197.083,19,26
23,D.A. Points,"10' 4""",113.417,11,22
26,Kevin Chappell,"10' 6""",147.417,14,5
27,Kyle Stanley,"10' 9""",139.583,13,31
28,Patrick Cantlay,"10' 11""",163.583,15,11
28,Bryson DeChambeau,"10' 11""",207.333,19,34
30,Hideki Matsuyama,"11' 2""",123.083,11,13
31,Austin Cook,"11' 3""",67.250,6,33
32,Justin Thomas,"11' 8""",162.917,14,31
33,Billy Horschel,"12' 3""",171.167,14,16
34,Wesley Bryan,"16' 10""",151.833,9,30
