rank,player,Avg DTP,Total Distance (feet),# of Shots,Scrambling Rank
1,Rickie Fowler,"5' 9""",57.417,10,2
1,Jordan Spieth,"5' 9""",40.417,7,23
3,Brian Harman,"6' 0""",54.083,9,1
4,Pat Perez,"6' 3""",37.333,6,13
5,Patton Kizzire,"6' 6""",12.917,2,12
6,Jonas Blixt,"6' 11""",69.500,10,26
6,Cameron Smith,"6' 11""",20.667,3,6
8,Si Woo Kim,"7' 0""",34.917,5,3
9,Kevin Chappell,"7' 1""",56.417,8,5
10,Jon Rahm,"7' 3""",79.750,11,3
11,Adam Hadwin,"7' 5""",52.083,7,25
12,Dustin Johnson,"7' 7""",99.083,13,6
12,Chris Stroud,"7' 7""",60.583,8,9
14,Russell Henley,"7' 8""",69.000,9,24
15,Hideki Matsuyama,"7' 11""",78.917,10,13
15,Justin Thomas,"7' 11""",71.000,9,31
17,Wesley Bryan,"8' 0""",63.833,8,30
18,Jason Dufner,"8' 2""",73.750,9,19
19,Daniel Berger,"8' 3""",66.250,8,16
20,Kevin Kisner,"8' 4""",66.833,8,26
21,Patrick Cantlay,"8' 5""",109.583,13,11
22,Hudson Swafford,"8' 7""",60.167,7,16
23,Marc Leishman,"8' 9""",87.750,10,6
24,Grayson Murray,"8' 10""",79.750,9,15
25,Billy Horschel,"9' 1""",99.583,11,16
26,Jhonattan Vegas,"9' 4""",65.250,7,21
27,Ryan Armour,"9' 10""",68.750,7,19
28,Bryson DeChambeau,"9' 11""",59.250,6,34
29,Brooks Koepka,"10' 2""",122.167,12,26
30,Austin Cook,"10' 11""",98.333,9,33
31,D.A. Points,"11' 8""",104.750,9,22
32,Brendan Steele,"12' 1""",108.667,9,26
33,Kyle Stanley,"13' 0""",91.167,7,31
34,Xander Schauffele,"14' 10""",44.583,3,10
