rank,player,Avg DTP,Total Distance (feet),# of Shots,Scrambling Rank
1,Jason Dufner,"1' 8""",1.667,1,19
2,Si Woo Kim,"2' 7""",5.167,2,3
3,Jonas Blixt,"3' 5""",13.750,4,26
3,Patrick Cantlay,"3' 5""",3.417,1,11
5,Jhonattan Vegas,"4' 10""",4.833,1,21
6,Chris Stroud,"5' 1""",20.333,4,9
7,Brian Harman,"5' 2""",20.667,4,1
8,Kyle Stanley,"5' 10""",23.417,4,31
9,Justin Thomas,"6' 3""",18.667,3,31
10,Cameron Smith,"7' 6""",37.500,5,6
11,Dustin Johnson,"7' 8""",38.333,5,6
12,Adam Hadwin,"7' 11""",23.667,3,25
13,Daniel Berger,"8' 3""",8.250,1,16
13,Rickie Fowler,"8' 3""",41.250,5,2
15,Xander Schauffele,"8' 8""",34.667,4,10
15,Jordan Spieth,"8' 8""",34.667,4,23
17,Kevin Chappell,"8' 11""",26.667,3,5
18,Wesley Bryan,"9' 2""",27.417,3,30
19,Billy Horschel,"10' 2""",20.333,2,16
20,Brooks Koepka,"10' 8""",53.417,5,26
21,Ryan Armour,"11' 0""",21.917,2,19
22,Pat Perez,"11' 5""",22.750,2,13
23,Marc Leishman,"12' 7""",50.250,4,6
24,D.A. Points,"12' 10""",64.083,5,22
25,Bryson DeChambeau,"12' 11""",38.667,3,34
26,Grayson Murray,"13' 1""",26.083,2,15
27,Austin Cook,"14' 11""",59.667,4,33
28,Jon Rahm,"16' 6""",32.917,2,3
29,Brendan Steele,"17' 11""",35.833,2,26
30,Kevin Kisner,"18' 4""",18.333,1,26
31,Patton Kizzire,"20' 5""",20.417,1,12
32,Hudson Swafford,"25' 11""",25.917,1,16
33,Russell Henley,"26' 0""",77.917,3,24
34,Hideki Matsuyama,"32' 1""",32.083,1,13
