rank,player,Avg dtp,Total Distance (Feet),Attempts
1,Brian Harman,"4' 1""",49.333,12
2,Hideki Matsuyama,"5' 8""",90.167,16
3,Chris Stroud,"5' 10""",127.667,22
4,Cameron Smith,"6' 1""",78.583,13
5,Jhonattan Vegas,"6' 6""",123.000,19
6,Marc Leishman,"6' 7""",98.917,15
6,Pat Perez,"6' 7""",98.250,15
8,Si Woo Kim,"6' 8""",113.250,17
9,Billy Horschel,"6' 9""",94.250,14
9,Grayson Murray,"6' 9""",114.083,17
11,Patton Kizzire,"6' 10""",116.833,17
12,Brooks Koepka,"6' 11""",159.667,23
13,Daniel Berger,"7' 0""",91.500,13
13,Hudson Swafford,"7' 0""",83.917,12
15,Patrick Cantlay,"7' 5""",140.583,19
16,Jordan Spieth,"7' 9""",85.083,11
17,Jonas Blixt,"8' 2""",188.250,23
18,Russell Henley,"8' 3""",156.083,19
18,Brendan Steele,"8' 3""",156.750,19
20,Kevin Chappell,"8' 4""",158.917,19
20,Xander Schauffele,"8' 4""",225.083,27
22,Dustin Johnson,"8' 5""",134.083,16
23,D.A. Points,"8' 6""",152.250,18
24,Bryson DeChambeau,"9' 6""",171.583,18
25,Jon Rahm,"9' 8""",163.667,17
26,Adam Hadwin,"9' 10""",196.500,20
27,Kyle Stanley,"9' 11""",158.750,16
28,Ryan Armour,"10' 1""",171.917,17
28,Jason Dufner,"10' 1""",151.500,15
30,Justin Thomas,"11' 1""",155.083,14
31,Rickie Fowler,"11' 7""",150.667,13
32,Austin Cook,"12' 7""",163.917,13
33,Kevin Kisner,"13' 11""",292.750,21
34,Wesley Bryan,"15' 9""",268.167,17
