rank,player,Avg DTP,Total Distance (feet),# of Shots,Scrambling Rank
1,Rickie Fowler,"5' 3""",141.917,27,2
2,Jordan Spieth,"5' 11""",129.583,22,23
3,Si Woo Kim,"6' 2""",159.500,26,3
4,Daniel Berger,"6' 3""",144.667,23,16
5,Cameron Smith,"6' 8""",139.417,21,6
6,Chris Stroud,"6' 10""",204.000,30,9
7,Jonas Blixt,"6' 11""",236.000,34,26
7,Jon Rahm,"6' 11""",201.167,29,3
9,Jhonattan Vegas,"7' 0""",210.167,30,21
10,Brian Harman,"7' 1""",184.250,26,1
11,Dustin Johnson,"7' 3""",238.750,33,6
12,Ryan Armour,"7' 5""",162.667,22,19
13,Marc Leishman,"7' 6""",179.083,24,6
13,Grayson Murray,"7' 6""",225.667,30,15
13,Hudson Swafford,"7' 6""",180.500,24,16
16,Adam Hadwin,"7' 8""",199.417,26,25
17,Xander Schauffele,"8' 1""",274.833,34,10
18,Kevin Kisner,"8' 2""",188.000,23,26
19,Patton Kizzire,"8' 4""",175.833,21,12
20,Jason Dufner,"8' 5""",193.667,23,19
21,Pat Perez,"8' 6""",195.250,23,13
22,Brooks Koepka,"8' 8""",329.083,38,26
23,Kyle Stanley,"8' 10""",246.333,28,31
24,Billy Horschel,"8' 11""",222.333,25,16
25,Wesley Bryan,"9' 0""",243.167,27,30
25,Hideki Matsuyama,"9' 0""",278.500,31,13
27,Kevin Chappell,"9' 2""",257.667,28,5
28,Austin Cook,"9' 4""",234.250,25,33
29,Russell Henley,"9' 5""",244.250,26,24
29,Justin Thomas,"9' 5""",274.250,29,31
31,D.A. Points,"9' 9""",262.833,27,22
32,Bryson DeChambeau,"9' 10""",295.583,30,34
33,Patrick Cantlay,"9' 11""",296.417,30,11
34,Brendan Steele,"11' 3""",302.750,27,26
