rank,player,Avg DTP,Total Distance (feet),# of Shots,Scrambling Rank
1,Billy Horschel,"3' 3""",.313,8,16
2,Jordan Spieth,"4' 8""",.612,11,23
3,Rickie Fowler,"4' 9""",.628,11,2
4,Wesley Bryan,"4' 10""",.694,12,30
5,Patton Kizzire,"5' 7""",.472,7,12
6,Ryan Armour,"5' 11""",.988,14,19
7,Brooks Koepka,"6' 1""",.943,13,26
8,Bryson DeChambeau,"6' 2""",.595,8,34
9,Daniel Berger,"6' 4""",.906,12,16
10,Hudson Swafford,"6' 5""",.769,10,16
11,Chris Stroud,"6' 6""",1.092,14,9
12,Hideki Matsuyama,"6' 7""",1.348,17,13
12,Jon Rahm,"6' 7""",.946,12,3
14,Kevin Kisner,"6' 8""",.885,11,26
15,Dustin Johnson,"6' 11""",1.080,13,6
16,Cameron Smith,"7' 0""",.838,10,6
17,Kevin Chappell,"7' 7""",1.003,11,5
18,Jonas Blixt,"7' 8""",1.739,19,26
18,Austin Cook,"7' 8""",1.200,13,33
18,Russell Henley,"7' 8""",.920,10,24
21,Marc Leishman,"7' 9""",1.402,15,6
21,D.A. Points,"7' 9""",1.024,11,22
21,Justin Thomas,"7' 9""",1.112,12,31
24,Kyle Stanley,"8' 1""",.966,10,31
24,Jhonattan Vegas,"8' 1""",1.358,14,21
26,Si Woo Kim,"8' 2""",1.079,11,3
27,Grayson Murray,"8' 7""",1.232,12,15
28,Brian Harman,"8' 8""",1.554,15,1
29,Jason Dufner,"8' 10""",1.487,14,19
30,Adam Hadwin,"9' 2""",1.205,11,25
31,Patrick Cantlay,"9' 3""",1.553,14,11
32,Xander Schauffele,"9' 6""",1.139,10,10
33,Pat Perez,"11' 2""",1.472,11,13
34,Brendan Steele,"12' 1""",1.890,13,26
