rank,player,Avg DTP,Total Distance (feet),# of Shots,Scrambling Rank
1,D.A. Points,"2""",.167,1,22
2,Cameron Smith,"1' 0""",2.000,2,6
3,Kevin Kisner,"1' 1""",2.167,2,26
4,Jhonattan Vegas,"1' 9""",3.500,2,21
5,Jason Dufner,"1' 10""",5.500,3,19
6,Ryan Armour,"1' 11""",3.750,2,19
6,Bryson DeChambeau,"1' 11""",11.500,6,34
8,Jon Rahm,"2' 0""",8.000,4,3
9,Patton Kizzire,"2' 1""",8.250,4,12
10,Wesley Bryan,"2' 2""",8.500,4,30
11,Rickie Fowler,"2' 4""",11.833,5,2
12,Dustin Johnson,"2' 6""",4.917,2,6
12,Jordan Spieth,"2' 6""",2.500,1,23
14,Adam Hadwin,"2' 8""",8.083,3,25
14,Marc Leishman,"2' 8""",15.750,6,6
16,Patrick Cantlay,"2' 9""",8.167,3,11
16,Xander Schauffele,"2' 9""",13.583,5,10
18,Kevin Chappell,"2' 10""",14.250,5,5
19,Si Woo Kim,"2' 11""",14.500,5,3
19,Grayson Murray,"2' 11""",20.167,7,15
19,Chris Stroud,"2' 11""",11.500,4,9
22,Austin Cook,"3' 0""",3.000,1,33
23,Brooks Koepka,"3' 1""",12.250,4,26
24,Hideki Matsuyama,"3' 2""",12.500,4,13
24,Brendan Steele,"3' 2""",6.250,2,26
26,Hudson Swafford,"3' 4""",6.583,2,16
27,Daniel Berger,"3' 8""",3.667,1,16
28,Russell Henley,"3' 9""",18.833,5,24
29,Pat Perez,"3' 10""",23.167,6,13
30,Kyle Stanley,"4' 2""",8.250,2,31
31,Brian Harman,"4' 3""",17.000,4,1
32,Jonas Blixt,"5' 0""",25.000,5,26
33,Justin Thomas,"6' 11""",27.500,4,31
