rank,player,Avg,Total Distance (feet),# of Attempts,Relative to par
1,Henrik Norlander,"6' 5""",6.417,1,-1
2,Kevin Kisner,"15' 1""",30.167,2,E
3,Vaughn Taylor,"15' 6""",15.500,1,+1
4,Mikumu Horikawa,"15' 10""",15.833,1,E
5,Lanto Griffin,"16' 2""",32.333,2,-1
6,Chase Seiffert,"19' 3""",19.250,1,-1
7,Pat Perez,"20' 0""",79.833,4,-2
8,Brendon Todd,"23' 1""",23.083,1,E
9,Nick Taylor,"26' 11""",53.750,2,-1
10,Hideki Matsuyama,"28' 3""",56.500,2,-1
11,Joaquin Niemann,"32' 4""",64.667,2,-1
12,Michael Gellerman,"32' 5""",32.417,1,E
13,Hudson Swafford,"32' 8""",163.333,5,-1
14,Zac Blair,"33' 8""",67.250,2,+1
15,Satoshi Kodaira,"34' 4""",34.333,1,+1
16,"Ted Potter, Jr.","34' 5""",171.917,5,E
17,Rob Oppenheim,"35' 4""",70.583,2,+2
18,Graeme McDowell,"36' 4""",145.250,4,-1
19,Brian Harman,"38' 0""",114.083,3,E
20,Rory Sabbatini,"39' 3""",78.500,2,E
21,Marc Leishman,"40' 4""",161.417,4,+1
22,Charles Howell III,"40' 10""",163.417,4,+1
23,Tom Hoge,"41' 7""",83.167,2,E
24,Jerry Kelly,"41' 9""",125.250,3,+1
25,Keegan Bradley,"42' 9""",42.750,1,-1
26,Harry Higgs,"44' 8""",44.667,1,+1
27,Sungjae Im,"46' 7""",93.083,2,E
28,Scott Harrington,"48' 6""",145.500,3,E
29,Cam Davis,"48' 7""",242.750,5,+1
30,Alex Noren,"49' 1""",147.250,3,+1
31,Scott Piercy,"50' 4""",251.667,5,E
32,Sam Ryder,"50' 7""",202.417,4,+2
33,Webb Simpson,"51' 1""",153.333,3,+2
34,Jimmy Walker,"51' 3""",307.250,6,+1
35,Sepp Straka,"51' 7""",309.583,6,+1
36,Abraham Ancer,"52' 9""",158.250,3,E
37,Talor Gooch,"53' 2""",371.917,7,+2
38,Cameron Smith,"53' 6""",320.917,6,+2
39,Daniel Berger,"54' 2""",216.583,4,-1
40,Joseph Bramlett,"54' 11""",384.583,7,+1
41,Peter Malnati,"55' 3""",165.833,3,+1
42,Corey Conners,"57' 0""",171.000,3,+1
43,Brendan Steele,"57' 6""",172.583,3,-1
44,Rhein Gibson,"58' 9""",176.333,3,+1
45,Mark Anderson,"58' 11""",235.667,4,+3
46,Rikuya Hoshino,"59' 6""",178.500,3,+1
47,Andrew Putnam,"60' 2""",361.000,6,+1
48,Kramer Hickok,"61' 1""",183.333,3,E
49,Matt Jones,"61' 3""",244.833,4,E
50,Collin Morikawa,"61' 7""",369.417,6,+1
51,Russell Knox,"63' 10""",319.000,5,+3
52,Carlos Ortiz,"66' 2""",66.167,1,+1
53,Tim Wilkinson,"66' 10""",334.000,5,+2
54,Brandt Snedeker,"66' 11""",267.583,4,+1
55,Joel Dahmen,"73' 0""",218.917,3,+1
56,Patrick Rodgers,"75' 0""",525.250,7,+3
57,Ben Martin,"76' 5""",152.833,2,E
58,Nate Lashley,"82' 9""",165.500,2,+1
59,Zach Johnson,"91' 6""",182.917,2,E
60,D.J. Trahan,"94' 10""",94.833,1,+1
61,Brian Stuard,"96' 4""",96.333,1,E
62,Matthew NeSmith,"107' 1""",321.167,3,+1
63,Bo Hoag,"110' 0""",220.000,2,E
64,Emiliano Grillo,"122' 10""",122.833,1,+1
