rank,player,Avg,Total Distance (feet),# of Attempts,Relative to par
1,Kramer Hickok,"19' 3""",19.250,1,E
2,Nick Taylor,"21' 9""",21.750,1,E
3,Sam Ryder,"22' 0""",43.917,2,E
4,D.J. Trahan,"24' 10""",49.583,2,E
5,Matthew NeSmith,"26' 3""",131.417,5,+1
6,Webb Simpson,"26' 5""",79.333,3,-1
7,Rob Oppenheim,"27' 1""",108.417,4,-1
8,Lanto Griffin,"30' 8""",122.500,4,-2
9,Daniel Berger,"31' 4""",62.583,2,E
10,Corey Conners,"31' 8""",126.667,4,-2
11,Ryan Palmer,"31' 10""",95.500,3,+1
11,Brendan Steele,"31' 10""",127.250,4,-1
13,Keegan Bradley,"32' 1""",160.333,5,E
14,Brandt Snedeker,"32' 7""",130.167,4,E
15,Patrick Rodgers,"32' 10""",164.333,5,-3
16,Chase Seiffert,"33' 11""",135.750,4,E
17,Vaughn Taylor,"34' 9""",104.167,3,E
18,Cameron Smith,"35' 7""",142.250,4,E
19,Jimmy Walker,"37' 3""",186.250,5,+1
20,Ben Martin,"38' 10""",155.333,4,E
21,Satoshi Kodaira,"39' 6""",158.000,4,E
22,Brian Harman,"39' 10""",199.167,5,+2
23,Rikuya Hoshino,"40' 5""",202.000,5,+1
24,Scott Piercy,"40' 6""",80.917,2,E
25,Emiliano Grillo,"40' 8""",162.667,4,E
26,Rhein Gibson,"40' 10""",244.750,6,+1
27,Brian Stuard,"40' 11""",122.667,3,+1
28,Russell Knox,"41' 4""",82.667,2,E
29,Cam Davis,"41' 11""",83.750,2,+1
30,Hideki Matsuyama,"42' 6""",42.500,1,E
31,Marc Leishman,"42' 8""",128.083,3,+2
32,Hudson Swafford,"43' 5""",173.667,4,+1
33,Kevin Kisner,"43' 10""",175.250,4,E
33,Pat Perez,"43' 10""",87.667,2,E
35,Graeme McDowell,"44' 3""",265.500,6,+2
36,Zac Blair,"44' 5""",133.333,3,+1
37,Peter Malnati,"44' 8""",312.833,7,E
38,Scott Harrington,"45' 3""",181.083,4,+2
38,Charles Howell III,"45' 3""",45.250,1,+1
40,Andrew Putnam,"45' 7""",182.250,4,+1
41,"Ted Potter, Jr.","47' 7""",142.833,3,E
42,Matt Jones,"47' 8""",143.083,3,-1
43,Mikumu Horikawa,"48' 6""",242.417,5,+1
44,Brendon Todd,"48' 11""",48.917,1,E
45,Jerry Kelly,"49' 4""",197.167,4,+2
46,Zach Johnson,"50' 1""",150.167,3,E
47,Sungjae Im,"50' 10""",152.500,3,+1
48,Talor Gooch,"51' 1""",153.250,3,+2
49,Michael Gellerman,"51' 4""",307.917,6,+2
50,Nate Lashley,"51' 5""",205.750,4,+1
51,Carlos Ortiz,"52' 4""",366.500,7,+3
52,Rory Sabbatini,"52' 11""",264.500,5,+1
53,Abraham Ancer,"53' 8""",214.667,4,+2
53,Tim Wilkinson,"53' 8""",322.000,6,-1
55,Mark Anderson,"54' 4""",108.583,2,E
56,Tom Hoge,"55' 10""",279.250,5,E
57,Joaquin Niemann,"55' 11""",279.583,5,+1
58,Bo Hoag,"57' 6""",229.833,4,E
59,Collin Morikawa,"58' 4""",233.417,4,+1
60,Michael Thompson,"59' 10""",299.167,5,+3
61,Harry Higgs,"60' 6""",181.500,3,E
62,Joseph Bramlett,"72' 9""",290.833,4,+1
63,Henrik Norlander,"82' 4""",164.667,2,E
