rank,player,Avg,Total Distance (feet),# of Attempts,Relative to par
1,Kevin Kisner,"45' 11""",45.917,1,E
2,Graeme McDowell,"52' 3""",52.250,1,-1
3,Peter Malnati,"62' 1""",62.083,1,E
4,Matthew NeSmith,"72' 6""",72.500,1,-1
5,Scott Piercy,"75' 9""",75.750,1,E
6,Jerry Kelly,"78' 1""",156.083,2,-1
7,Emiliano Grillo,"90' 0""",90.000,1,+1
8,Webb Simpson,"93' 8""",93.667,1,E
9,Ben Martin,"109' 5""",109.417,1,E
10,Talor Gooch,"112' 6""",112.500,1,E
11,Tom Hoge,"116' 3""",116.250,1,E
12,Brendon Todd,"118' 2""",236.250,2,+1
13,Scott Harrington,"136' 7""",136.583,1,-1
14,Russell Knox,"161' 6""",161.500,1,E
