rank,player,Avg,Total Distance (feet),# of Attempts,Relative to par
1,Vaughn Taylor,"2' 4""",2.333,1,-1
2,Jimmy Walker,"8' 8""",17.250,2,-1
3,Bo Hoag,"8' 10""",17.667,2,+1
4,Nick Taylor,"10' 9""",10.750,1,+1
4,Tim Wilkinson,"10' 9""",21.417,2,+1
6,Chase Seiffert,"11' 3""",22.500,2,+1
7,Kramer Hickok,"13' 6""",13.500,1,E
8,Satoshi Kodaira,"16' 6""",16.500,1,+1
9,Carlos Ortiz,"18' 4""",18.333,1,E
10,Joaquin Niemann,"18' 7""",37.083,2,+1
11,Graeme McDowell,"18' 9""",18.750,1,+1
12,Abraham Ancer,"21' 4""",42.667,2,+2
13,Charles Howell III,"21' 7""",43.167,2,-1
14,Mark Anderson,"24' 3""",24.250,1,+1
15,Brendan Steele,"28' 1""",28.083,1,E
16,Matthew NeSmith,"29' 9""",29.750,1,E
17,Tom Hoge,"32' 9""",32.750,1,E
18,Sepp Straka,"34' 0""",34.000,1,+1
19,"Ted Potter, Jr.","34' 3""",34.250,1,E
20,Matt Jones,"44' 11""",44.917,1,E
