rank,player,Avg,Total Distance (feet),# of Attempts,Relative to par
1,Vaughn Taylor,"2' 4""",2.333,1,-1
2,Nate Lashley,"7' 10""",7.833,1,+1
3,Bo Hoag,"8' 10""",17.667,2,+1
4,Nick Taylor,"10' 2""",30.583,3,E
5,Tim Wilkinson,"10' 9""",21.417,2,+1
6,Chase Seiffert,"11' 3""",22.500,2,+1
7,Satoshi Kodaira,"11' 5""",22.833,2,E
8,Ryan Palmer,"12' 11""",12.917,1,-1
9,Kramer Hickok,"13' 6""",13.500,1,E
10,Collin Morikawa,"14' 5""",43.167,3,E
11,Keegan Bradley,"16' 3""",32.417,2,E
12,Jimmy Walker,"16' 7""",49.750,3,-1
13,Abraham Ancer,"17' 1""",51.167,3,+2
14,Mikumu Horikawa,"17' 3""",17.250,1,+1
15,Carlos Ortiz,"19' 9""",98.833,5,E
16,Marc Leishman,"20' 0""",20.000,1,E
16,Graeme McDowell,"20' 0""",40.000,2,+1
18,Zac Blair,"20' 2""",40.250,2,+1
19,Rhein Gibson,"20' 8""",20.667,1,+1
20,Russell Knox,"21' 6""",42.917,2,E
21,Joaquin Niemann,"21' 8""",86.500,4,+1
22,Charles Howell III,"22' 10""",68.500,3,-1
23,Alex Noren,"23' 0""",45.917,2,-1
24,Talor Gooch,"24' 2""",24.167,1,E
25,Mark Anderson,"24' 3""",24.250,1,+1
26,Rob Oppenheim,"24' 6""",73.500,3,+1
27,Brendan Steele,"26' 9""",53.417,2,E
28,D.J. Trahan,"27' 3""",54.417,2,E
29,Hudson Swafford,"30' 1""",90.333,3,+3
30,Scott Piercy,"30' 9""",30.750,1,+1
31,Cameron Smith,"32' 4""",32.333,1,E
32,Tom Hoge,"32' 9""",32.750,1,E
33,Zach Johnson,"32' 11""",65.750,2,+1
34,Sepp Straka,"34' 0""",34.000,1,+1
35,Lanto Griffin,"34' 1""",34.083,1,E
36,Matt Jones,"36' 7""",146.250,4,-1
37,Andrew Putnam,"37' 8""",37.667,1,E
38,"Ted Potter, Jr.","39' 7""",79.083,2,E
39,Cam Davis,"42' 4""",42.333,1,E
40,Matthew NeSmith,"53' 0""",159.083,3,+1
41,Rory Sabbatini,"85' 8""",85.667,1,+1
42,Peter Malnati,"104' 5""",104.417,1,E
