rank,player,Avg,Total Distance (feet),# of Attempts,Relative to par
1,Keegan Bradley,"6' 1""",6.083,1,-1
2,Satoshi Kodaira,"6' 4""",6.333,1,-1
3,Abraham Ancer,"8' 6""",8.500,1,E
4,Nick Taylor,"9' 11""",19.833,2,-1
5,Ryan Palmer,"12' 11""",12.917,1,-1
6,Mikumu Horikawa,"17' 3""",17.250,1,+1
7,Collin Morikawa,"17' 11""",17.917,1,E
8,Marc Leishman,"20' 0""",20.000,1,E
9,Zac Blair,"20' 2""",40.250,2,+1
9,Carlos Ortiz,"20' 2""",80.500,4,E
11,Graeme McDowell,"21' 3""",21.250,1,E
12,Alex Noren,"23' 0""",45.917,2,-1
13,Talor Gooch,"24' 2""",24.167,1,E
14,Joaquin Niemann,"24' 9""",49.417,2,E
15,Charles Howell III,"25' 4""",25.333,1,E
15,Brendan Steele,"25' 4""",25.333,1,E
17,D.J. Trahan,"27' 3""",54.417,2,E
18,Hudson Swafford,"30' 1""",90.333,3,+3
19,Scott Piercy,"30' 9""",30.750,1,+1
20,Cameron Smith,"32' 4""",32.333,1,E
21,Jimmy Walker,"32' 6""",32.500,1,E
22,Zach Johnson,"32' 11""",65.750,2,+1
23,Matt Jones,"33' 9""",101.333,3,-1
24,Russell Knox,"33' 10""",33.833,1,E
25,Lanto Griffin,"34' 1""",34.083,1,E
26,Rob Oppenheim,"34' 8""",69.333,2,+1
27,Andrew Putnam,"37' 8""",37.667,1,E
28,Cam Davis,"42' 4""",42.333,1,E
29,"Ted Potter, Jr.","44' 10""",44.833,1,E
30,Peter Malnati,"104' 5""",104.417,1,E
31,Matthew NeSmith,"110' 2""",110.167,1,E
