rank,player,Avg,Total Distance (feet),# of Attempts,Relative to par
1,Tim Wilkinson,"11' 7""",11.583,1,E
2,Cam Davis,"12' 8""",12.667,1,-1
3,Cameron Smith,"36' 8""",36.667,1,-1
4,Sam Ryder,"37' 0""",185.083,5,+2
5,Ryan Palmer,"37' 5""",74.750,2,-1
6,Vaughn Taylor,"38' 8""",77.333,2,E
7,Joseph Bramlett,"42' 2""",42.167,1,-1
8,Matt Jones,"42' 11""",42.917,1,-1
9,Brendan Steele,"43' 4""",216.500,5,-3
10,Collin Morikawa,"44' 3""",44.250,1,E
11,Carlos Ortiz,"47' 11""",191.583,4,-2
12,Harry Higgs,"49' 7""",49.583,1,E
13,Zac Blair,"50' 11""",101.750,2,E
14,Emiliano Grillo,"52' 11""",317.333,6,+1
15,Zach Johnson,"56' 4""",169.083,3,+1
16,Charles Howell III,"58' 9""",117.500,2,+3
17,Satoshi Kodaira,"59' 5""",237.500,4,E
18,"Ted Potter, Jr.","62' 4""",249.417,4,E
19,Nate Lashley,"62' 6""",187.417,3,+2
20,Andrew Putnam,"63' 0""",189.000,3,-2
21,Peter Malnati,"63' 8""",191.000,3,E
22,Sepp Straka,"63' 9""",127.417,2,-1
23,Henrik Norlander,"64' 3""",321.167,5,E
24,Talor Gooch,"65' 4""",326.667,5,+1
25,Webb Simpson,"65' 7""",131.167,2,E
26,Keegan Bradley,"66' 8""",66.667,1,E
27,Rob Oppenheim,"67' 1""",469.500,7,-1
28,Kevin Kisner,"68' 2""",272.667,4,-2
29,Mark Anderson,"69' 2""",414.833,6,-2
30,Joel Dahmen,"70' 1""",280.167,4,E
31,D.J. Trahan,"70' 2""",280.667,4,-1
32,Hudson Swafford,"71' 3""",213.667,3,+1
33,Alex Noren,"71' 5""",142.833,2,+1
34,Scott Piercy,"72' 1""",288.333,4,E
35,Matthew NeSmith,"73' 9""",221.333,3,-1
36,Jerry Kelly,"75' 3""",601.917,8,E
37,Daniel Berger,"75' 8""",151.250,2,-2
38,Graeme McDowell,"77' 5""",232.250,3,+1
39,Corey Conners,"77' 6""",309.917,4,E
40,Abraham Ancer,"78' 6""",156.917,2,-1
41,Brian Harman,"79' 4""",158.667,2,+1
42,Bo Hoag,"80' 2""",400.833,5,-1
43,Rhein Gibson,"80' 10""",404.250,5,-2
44,Brian Stuard,"82' 11""",165.750,2,+1
45,Kramer Hickok,"83' 2""",249.583,3,-1
46,Russell Knox,"83' 5""",417.000,5,E
47,Lanto Griffin,"84' 0""",336.083,4,-3
48,Mikumu Horikawa,"86' 6""",345.833,4,E
49,Brendon Todd,"86' 8""",693.583,8,E
50,Hideki Matsuyama,"88' 6""",265.500,3,-1
51,Michael Thompson,"92' 11""",278.833,3,+3
52,Rory Sabbatini,"93' 1""",93.083,1,-1
53,Ben Martin,"94' 6""",189.000,2,+2
54,Scott Harrington,"99' 7""",597.500,6,+1
55,Patrick Rodgers,"105' 5""",210.750,2,E
56,Nick Taylor,"109' 9""",329.250,3,+2
57,Michael Gellerman,"110' 10""",221.583,2,+2
58,Tom Hoge,"116' 3""",116.250,1,E
59,Brandt Snedeker,"117' 2""",117.167,1,E
60,Jimmy Walker,"132' 11""",398.833,3,+1
61,Rikuya Hoshino,"142' 2""",142.167,1,-1
