rank,player,Avg,Total Distance (feet),# of Attempts,Relative to par
1,Sepp Straka,"8' 4""",8.333,1,E
2,Rob Oppenheim,"10' 3""",10.250,1,E
3,Bo Hoag,"15' 1""",15.083,1,E
4,Zac Blair,"16' 6""",33.000,2,-1
5,Keegan Bradley,"19' 2""",38.333,2,E
6,Tom Hoge,"20' 8""",20.667,1,E
7,Ryan Palmer,"21' 5""",42.750,2,+1
8,Brian Harman,"21' 7""",43.167,2,E
9,Collin Morikawa,"25' 10""",77.583,3,E
10,Lanto Griffin,"26' 1""",156.250,6,E
11,Zach Johnson,"26' 10""",53.667,2,E
12,Alex Noren,"27' 8""",138.417,5,E
13,Pat Perez,"28' 7""",85.667,3,-1
14,Emiliano Grillo,"29' 2""",58.250,2,E
15,Sungjae Im,"29' 4""",29.333,1,E
15,"Ted Potter, Jr.","29' 4""",146.750,5,-1
17,Matt Jones,"29' 5""",88.250,3,+1
18,Carlos Ortiz,"30' 8""",91.917,3,+3
19,Joseph Bramlett,"31' 4""",62.583,2,E
20,Webb Simpson,"32' 5""",64.833,2,-1
21,Cam Davis,"33' 4""",66.667,2,E
22,Joaquin Niemann,"34' 6""",69.000,2,+2
23,Kramer Hickok,"34' 11""",69.833,2,E
24,Daniel Berger,"35' 4""",106.083,3,E
25,Michael Gellerman,"36' 2""",181.000,5,E
26,Talor Gooch,"37' 8""",75.250,2,-1
27,Scott Harrington,"39' 3""",117.667,3,E
28,Nick Taylor,"39' 4""",39.333,1,+1
29,D.J. Trahan,"39' 6""",118.583,3,-1
30,Graeme McDowell,"40' 0""",199.833,5,+1
31,Michael Thompson,"41' 2""",123.500,3,+1
32,Scott Piercy,"41' 10""",83.667,2,+1
33,Harry Higgs,"42' 9""",85.417,2,+2
34,Charles Howell III,"42' 10""",171.333,4,-1
35,Hideki Matsuyama,"42' 11""",128.750,3,E
36,Patrick Rodgers,"44' 8""",178.667,4,+1
37,Corey Conners,"45' 3""",181.083,4,-1
38,Rikuya Hoshino,"46' 4""",138.917,3,E
38,Vaughn Taylor,"46' 4""",46.333,1,E
40,Abraham Ancer,"47' 0""",187.917,4,+1
40,Rhein Gibson,"47' 0""",94.000,2,-1
42,Rory Sabbatini,"47' 2""",141.417,3,+1
43,Peter Malnati,"47' 5""",189.667,4,E
44,Tim Wilkinson,"50' 1""",100.167,2,+1
45,Jimmy Walker,"50' 10""",152.583,3,E
46,Kevin Kisner,"51' 8""",155.083,3,E
47,Russell Knox,"53' 9""",107.500,2,E
48,Nate Lashley,"54' 11""",54.917,1,E
49,Sam Ryder,"57' 7""",288.083,5,+2
50,Matthew NeSmith,"58' 5""",175.250,3,E
51,Cameron Smith,"58' 6""",175.500,3,E
52,Chase Seiffert,"60' 2""",120.250,2,+1
53,Brandt Snedeker,"63' 3""",63.250,1,E
54,Satoshi Kodaira,"72' 2""",216.500,3,E
55,Brendan Steele,"75' 11""",75.917,1,E
56,Brian Stuard,"79' 0""",79.000,1,+1
