rank,player,Avg,Total Distance (feet),# of Attempts,Relative to par
1,Cam Davis,"12' 8""",12.667,1,-1
2,Vaughn Taylor,"31' 5""",31.417,1,E
3,Cameron Smith,"36' 8""",36.667,1,-1
4,Ryan Palmer,"37' 5""",74.750,2,-1
5,Webb Simpson,"37' 6""",37.500,1,E
6,Talor Gooch,"40' 7""",121.833,3,+1
7,Brendan Steele,"40' 8""",162.667,4,-2
8,Charles Howell III,"42' 0""",42.000,1,+2
9,Joseph Bramlett,"42' 2""",42.167,1,-1
10,Zac Blair,"43' 7""",43.583,1,E
11,Collin Morikawa,"44' 3""",44.250,1,E
12,Russell Knox,"44' 4""",88.667,2,E
13,Carlos Ortiz,"45' 4""",135.917,3,-1
14,Jerry Kelly,"46' 6""",139.417,3,E
15,"Ted Potter, Jr.","47' 11""",95.833,2,E
16,Zach Johnson,"48' 6""",97.000,2,+1
17,Emiliano Grillo,"48' 10""",195.417,4,+1
18,Harry Higgs,"49' 7""",49.583,1,E
19,Sepp Straka,"51' 8""",51.667,1,E
20,Mark Anderson,"53' 2""",212.583,4,-2
21,Mikumu Horikawa,"54' 3""",54.250,1,E
22,Daniel Berger,"56' 10""",56.833,1,-1
23,Brian Harman,"61' 1""",61.083,1,+1
24,Nate Lashley,"62' 6""",187.417,3,+2
25,Sam Ryder,"63' 11""",63.917,1,+2
26,Satoshi Kodaira,"64' 0""",128.000,2,+1
27,Henrik Norlander,"64' 3""",321.167,5,E
28,Peter Malnati,"64' 6""",128.917,2,E
29,Hudson Swafford,"64' 9""",64.750,1,+1
30,Joel Dahmen,"69' 2""",207.417,3,+1
31,D.J. Trahan,"70' 4""",211.000,3,-1
32,Brendon Todd,"70' 11""",354.583,5,E
33,Alex Noren,"71' 5""",142.833,2,+1
34,Lanto Griffin,"71' 7""",214.667,3,-3
35,Rob Oppenheim,"72' 10""",291.333,4,+1
36,Kramer Hickok,"73' 1""",146.167,2,E
37,Kevin Kisner,"75' 7""",226.750,3,-2
38,Scott Piercy,"76' 7""",153.167,2,E
39,Rhein Gibson,"78' 1""",312.417,4,-2
40,Ben Martin,"79' 7""",79.583,1,+2
41,Scott Harrington,"87' 8""",350.750,4,+2
42,Corey Conners,"87' 10""",263.417,3,+1
43,Rory Sabbatini,"93' 1""",93.083,1,-1
44,Jimmy Walker,"93' 8""",93.667,1,-1
45,Graeme McDowell,"94' 4""",94.333,1,+2
46,Hideki Matsuyama,"101' 9""",203.500,2,-1
47,Michael Gellerman,"110' 10""",221.583,2,+2
48,Brandt Snedeker,"117' 2""",117.167,1,E
49,Brian Stuard,"121' 1""",121.083,1,+1
50,Nick Taylor,"130' 1""",130.083,1,+2
51,Rikuya Hoshino,"142' 2""",142.167,1,-1
52,Michael Thompson,"143' 4""",143.333,1,+2
