rank,player,Avg,Total Distance (feet),# of Attempts,Relative to par
1,Vaughn Taylor,"2' 4""",2.333,1,-1
2,Keegan Bradley,"6' 1""",6.083,1,-1
3,Sam Ryder,"7' 11""",7.917,1,-1
4,Nick Taylor,"10' 2""",30.583,3,E
5,Tim Wilkinson,"10' 9""",21.417,2,+1
6,Chase Seiffert,"11' 3""",22.500,2,+1
7,Carlos Ortiz,"14' 7""",116.583,8,-3
8,Jimmy Walker,"16' 7""",49.750,3,-1
9,Ryan Palmer,"17' 0""",34.000,2,-2
10,Abraham Ancer,"17' 1""",51.167,3,+2
11,Collin Morikawa,"17' 11""",17.917,1,E
12,Kramer Hickok,"18' 10""",37.583,2,E
13,Graeme McDowell,"20' 0""",40.000,2,+1
14,Harry Higgs,"20' 3""",40.500,2,E
15,Joaquin Niemann,"21' 8""",86.500,4,+1
16,Kevin Kisner,"21' 11""",21.917,1,E
17,Marc Leishman,"22' 1""",88.250,4,-1
18,D.J. Trahan,"22' 4""",67.000,3,E
19,Joel Dahmen,"22' 6""",67.417,3,E
20,Rikuya Hoshino,"22' 10""",45.667,2,E
21,Mikumu Horikawa,"23' 11""",71.833,3,E
22,Mark Anderson,"24' 3""",24.250,1,+1
23,Henrik Norlander,"24' 9""",49.500,2,E
24,Hideki Matsuyama,"25' 0""",174.833,7,E
25,Bo Hoag,"25' 4""",101.250,4,+1
26,Jerry Kelly,"25' 7""",25.583,1,+1
27,Sungjae Im,"26' 1""",52.083,2,-1
28,Charles Howell III,"26' 3""",183.500,7,-1
29,Zach Johnson,"26' 8""",106.583,4,+2
29,Alex Noren,"26' 8""",106.667,4,-1
31,Andrew Putnam,"28' 10""",57.583,2,E
32,Rory Sabbatini,"29' 0""",29.000,1,+1
33,Rhein Gibson,"29' 10""",89.417,3,E
34,Brendan Steele,"29' 11""",89.750,3,E
35,Tom Hoge,"30' 5""",91.167,3,+1
36,Scott Piercy,"30' 9""",30.750,1,+1
36,Cameron Smith,"30' 9""",61.500,2,E
38,Zac Blair,"31' 1""",93.167,3,+2
39,Satoshi Kodaira,"32' 4""",129.333,4,+3
40,Pat Perez,"32' 5""",97.250,3,E
41,Russell Knox,"33' 10""",33.833,1,E
42,Lanto Griffin,"34' 1""",34.083,1,E
43,"Ted Potter, Jr.","34' 11""",139.667,4,-1
44,Hudson Swafford,"35' 10""",143.417,4,+3
45,Rob Oppenheim,"36' 3""",108.750,3,+1
46,Brian Harman,"36' 6""",72.917,2,-1
47,Matt Jones,"38' 2""",190.833,5,-1
48,Cam Davis,"40' 5""",80.833,2,E
49,Scott Harrington,"40' 9""",81.417,2,-1
50,Sepp Straka,"42' 0""",167.917,4,+4
51,Talor Gooch,"44' 9""",89.417,2,+1
52,Patrick Rodgers,"49' 10""",49.833,1,E
53,Nate Lashley,"51' 4""",102.583,2,+1
54,Brian Stuard,"62' 4""",62.333,1,E
55,Michael Thompson,"66' 1""",198.167,3,E
56,Matthew NeSmith,"70' 0""",139.917,2,E
57,Peter Malnati,"91' 8""",183.250,2,+1
