rank,player,%,Attempts,Non-Attempts
1,Robert Garrigus,93.75,15,1
2,Dustin Johnson,87.50,14,2
2,Ryan Palmer,87.50,14,2
2,Adam Scott,87.50,14,2
2,Bubba Watson,87.50,14,2
6,Stuart Appleby,81.25,13,3
6,Ernie Els,81.25,13,3
6,Charley Hoffman,81.25,13,3
6,Justin Rose,81.25,13,3
10,Arjun Atwal,75.00,12,4
10,Jason Bohn,75.00,12,4
10,Jason Day,75.00,12,4
10,Bill Haas,75.00,12,4
10,Anthony Kim,75.00,12,4
10,Derek Lamely,75.00,12,4
10,Hunter Mahan,75.00,12,4
17,Cameron Beckman,68.75,11,5
17,Matt Bettencourt,68.75,11,5
17,Zach Johnson,68.75,11,5
17,Bill Lunde,68.75,11,5
17,Steve Stricker,68.75,11,5
22,Jonathan Byrd,62.50,10,6
22,Matt Kuchar,62.50,10,6
22,Graeme McDowell,62.50,10,6
22,Carl Pettersson,62.50,10,6
26,Jim Furyk,56.25,9,7
26,Francesco Molinari,56.25,9,7
26,Ian Poulter,56.25,9,7
29,Ben Crane,50.00,8,8
30,Heath Slocum,43.75,7,9
31,Tim Clark,37.50,6,10
31,Rocco Mediate,37.50,6,10
