rank,player,Avg,Total Dist after GFG Shot,Total GFG Shots
1,Ian Poulter,15.5,"6,139.000",11
2,Jonathan Byrd,19.6,"8,448.000",12
3,Robert Garrigus,20.3,"16,830.000",23
4,Carl Pettersson,20.4,"7,347.000",10
5,Tim Clark,20.8,"4,497.000",6
6,Rocco Mediate,22.4,"4,838.000",6
7,Francesco Molinari,22.8,"9,027.000",11
7,Adam Scott,22.8,"15,601.000",19
9,Jason Bohn,22.9,"9,902.000",12
9,Graeme McDowell,22.9,"12,389.000",15
11,Anthony Kim,23.5,"14,391.000",17
12,Matt Bettencourt,23.8,"13,701.000",16
13,Charley Hoffman,25.0,"15,276.000",17
14,Matt Kuchar,25.1,"13,530.000",15
15,Bill Haas,25.2,"12,681.000",14
15,Ryan Palmer,25.2,"17,239.000",19
15,Steve Stricker,25.2,"9,961.000",11
18,Ernie Els,25.5,"14,677.000",16
18,Derek Lamely,25.5,"13,755.000",15
20,Arjun Atwal,26.7,"15,388.000",16
20,Hunter Mahan,26.7,"14,411.000",15
22,Bill Lunde,29.6,"12,788.000",12
23,Stuart Appleby,29.7,"17,121.000",16
24,Bubba Watson,29.9,"22,592.000",21
25,Jason Day,30.3,"15,259.000",14
26,Justin Rose,30.5,"19,758.000",18
27,Jim Furyk,30.7,"12,146.000",11
28,Ben Crane,34.3,"12,336.000",10
29,Heath Slocum,37.0,"10,645.000",8
30,Zach Johnson,41.2,"16,312.000",11
31,Cameron Beckman,44.0,"18,995.000",12
32,Dustin Johnson,53.9,"48,520.000",25
