rank,player,%,# of Birdie or Better,Attempts,RTP-Successes,RTP-Not going for the grn
1,Rocco Mediate,100.00,6,6,-7,+6.00
2,Jonathan Byrd,83.33,10,12,-10,-4.00
2,Tim Clark,83.33,5,6,-5,-5.00
4,Ian Poulter,81.82,9,11,-10,-6.00
5,Bill Haas,78.57,11,14,-13,E
6,Graeme McDowell,73.33,11,15,-11,-3.00
7,Justin Rose,72.22,13,18,-14,-1.00
8,Matt Bettencourt,68.75,11,16,-12,+1.00
9,Adam Scott,68.42,13,19,-13,+1.00
10,Bill Lunde,66.67,8,12,-8,-3.00
11,Robert Garrigus,65.22,15,23,-16,E
12,Dustin Johnson,64.00,16,25,-17,-1.00
13,Jim Furyk,63.64,7,11,-7,-3.00
13,Steve Stricker,63.64,7,11,-7,-4.00
15,Ryan Palmer,63.16,12,19,-12,E
16,Arjun Atwal,62.50,10,16,-10,-1.00
17,Matt Kuchar,60.00,9,15,-9,-6.00
17,Derek Lamely,60.00,9,15,-9,+1.00
17,Hunter Mahan,60.00,9,15,-9,-1.00
17,Carl Pettersson,60.00,6,10,-7,-6.00
21,Charley Hoffman,58.82,10,17,-10,+1.00
22,Bubba Watson,57.14,12,21,-13,+1.00
23,Francesco Molinari,54.55,6,11,-6,-7.00
24,Anthony Kim,52.94,9,17,-9,-2.00
25,Ben Crane,50.00,5,10,-5,E
25,Jason Day,50.00,7,14,-7,-5.00
27,Stuart Appleby,43.75,7,16,-7,-1.00
27,Ernie Els,43.75,7,16,-7,-1.00
29,Cameron Beckman,41.67,5,12,-5,-2.00
29,Jason Bohn,41.67,5,12,-6,-4.00
31,Zach Johnson,36.36,4,11,-4,-7.00
32,Heath Slocum,25.00,2,8,-2,-5.00
