rank,player,%,Attempts,Non-Attempts,RTP-Going for the green,RTP-Not going for the grn
1,Robert Garrigus,92.00,23,2,-16,E
1,Dustin Johnson,92.00,23,2,-12,-1
3,Bubba Watson,80.00,20,5,-12,+1
4,Ryan Palmer,76.00,19,6,-12,E
4,Adam Scott,76.00,19,6,-12,+1
6,Justin Rose,72.00,18,7,-11,-1
7,Charley Hoffman,68.00,17,8,-9,+1
7,Anthony Kim,68.00,17,8,-9,-2
9,Stuart Appleby,64.00,16,9,-4,-1
9,Matt Bettencourt,64.00,16,9,-12,+1
9,Ernie Els,64.00,16,9,-6,-1
12,Arjun Atwal,60.00,15,10,-10,-1
12,Matt Kuchar,60.00,15,10,-9,-6
12,Derek Lamely,60.00,15,10,-9,+1
12,Hunter Mahan,60.00,15,10,-7,-1
12,Graeme McDowell,60.00,15,10,-11,-3
17,Jason Day,56.00,14,11,-7,-5
17,Bill Haas,56.00,14,11,-13,E
19,Cameron Beckman,48.00,12,13,-3,-2
19,Jason Bohn,48.00,12,13,-6,-4
19,Jonathan Byrd,48.00,12,13,-10,-4
19,Bill Lunde,48.00,12,13,-8,-3
23,Jim Furyk,44.00,11,14,-7,-3
23,Zach Johnson,44.00,11,14,-2,-7
23,Francesco Molinari,44.00,11,14,-6,-7
23,Ian Poulter,44.00,11,14,-10,-6
23,Steve Stricker,44.00,11,14,-7,-4
28,Ben Crane,40.00,10,15,-3,E
28,Carl Pettersson,40.00,10,15,-6,-6
30,Heath Slocum,32.00,8,17,-2,-5
31,Tim Clark,24.00,6,19,-5,-5
31,Rocco Mediate,24.00,6,19,-7,+6
