rank,player,%,Successes,Attempts,RTP-Successes,RTP-Not going for the grn
1,Ian Poulter,54.55,6,11,-7,-6.00
2,Jonathan Byrd,50.00,6,12,-6,-4.00
3,Bill Haas,42.86,6,14,-7,E
4,Jason Bohn,41.67,5,12,-4,-4.00
5,Robert Garrigus,39.13,9,23,-9,E
6,Matt Bettencourt,37.50,6,16,-5,+1.00
7,Charley Hoffman,35.29,6,17,-6,+1.00
8,Tim Clark,33.33,2,6,-2,-5.00
8,Matt Kuchar,33.33,5,15,-5,-6.00
8,Derek Lamely,33.33,5,15,-4,+1.00
8,Bill Lunde,33.33,4,12,-4,-3.00
8,Rocco Mediate,33.33,2,6,-3,+6.00
13,Adam Scott,31.58,6,19,-5,+1.00
14,Ernie Els,31.25,5,16,-4,-1.00
15,Ben Crane,30.00,3,10,-3,E
15,Carl Pettersson,30.00,3,10,-4,-6.00
17,Anthony Kim,29.41,5,17,-4,-2.00
18,Dustin Johnson,28.00,7,25,-8,-1.00
19,Jim Furyk,27.27,3,11,-3,-3.00
19,Francesco Molinari,27.27,3,11,-3,-7.00
19,Steve Stricker,27.27,3,11,-2,-4.00
22,Graeme McDowell,26.67,4,15,-3,-3.00
23,Stuart Appleby,25.00,4,16,-4,-1.00
23,Arjun Atwal,25.00,4,16,-4,-1.00
25,Bubba Watson,23.81,5,21,-5,+1.00
26,Ryan Palmer,21.05,4,19,-4,E
27,Hunter Mahan,20.00,3,15,-3,-1.00
28,Jason Day,14.29,2,14,-2,-5.00
29,Heath Slocum,12.50,1,8,-1,-5.00
30,Justin Rose,11.11,2,18,-3,-1.00
31,Cameron Beckman,8.33,1,12,E,-2.00
32,Zach Johnson,.00,0,11,E,-7.00
