rank,player,Avg DTP,Total Distance (feet),# of Shots,Scrambling Rank
1,Charles Howell III,"11""",3.750,4,28
2,Parker McLachlin,"1' 2""",6.000,5,14
2,Vijay Singh,"1' 2""",7.000,6,43
4,Dudley Hart,"1' 4""",6.667,5,36
5,J.B. Holmes,"1' 5""",11.500,8,16
6,Carlos Franco,"1' 7""",9.583,6,21
6,Patrick Sheehan,"1' 7""",16.000,10,95
8,Stuart Appleby,"1' 8""",15.167,9,3
8,Jim Furyk,"1' 8""",18.500,11,47
8,Loren Roberts,"1' 8""",9.917,6,27
11,Shane Bertsch,"1' 10""",10.833,6,9
11,Jesper Parnevik,"1' 10""",18.250,10,70
13,Roger Tambellini,"1' 11""",5.667,3,66
14,Stewart Cink,"2' 0""",15.917,8,12
15,Aaron Baddeley,"2' 2""",24.083,11,49
15,Paul Goydos,"2' 2""",10.750,5,75
15,Charles Warren,"2' 2""",10.667,5,30
18,Craig Barlow,"2' 4""",16.083,7,77
18,Rich Beem,"2' 4""",18.833,8,113
18,Bill Haas,"2' 4""",20.750,9,7
21,Michael Allen,"2' 6""",7.583,3,56
21,Jeff Gove,"2' 6""",4.917,2,31
23,Jerry Kelly,"2' 7""",12.833,5,6
23,Hidemichi Tanaka,"2' 7""",12.917,5,17
23,Vance Veazey,"2' 7""",15.500,6,79
26,Alex Cejka,"2' 8""",29.500,11,28
26,Mathew Goggin,"2' 8""",29.000,11,95
26,Troy Matteson,"2' 8""",10.583,4,21
29,Jonathan Kaye,"2' 9""",16.333,6,89
29,Adam Scott,"2' 9""",19.167,7,14
29,Vaughn Taylor,"2' 9""",19.333,7,111
32,Nathan Green,"2' 10""",14.000,5,1
32,Chris Riley,"2' 10""",31.500,11,49
32,Rory Sabbatini,"2' 10""",16.917,6,4
35,Paul Azinger,"2' 11""",20.333,7,21
35,Daniel Chopra,"2' 11""",17.583,6,121
35,Richard Johnson,"2' 11""",14.750,5,26
38,Steve Jones,"3' 0""",24.250,8,63
39,Tom Byrum,"3' 1""",21.833,7,5
39,Jeff Maggert,"3' 1""",24.417,8,59
41,Todd Fischer,"3' 2""",22.333,7,76
42,Jay Haas,"3' 4""",26.750,8,79
43,Bubba Dickerson,"3' 5""",23.750,7,61
43,James Driscoll,"3' 5""",10.333,3,115
43,Shigeki Maruyama,"3' 5""",34.333,10,49
46,Arjun Atwal,"3' 6""",17.333,5,19
46,Mark Calcavecchia,"3' 6""",17.667,5,55
46,Thomas Levet,"3' 6""",28.250,8,13
46,Hunter Mahan,"3' 6""",28.083,8,127
46,David Toms,"3' 6""",31.500,9,74
51,Henrik Bjornstad,"3' 8""",18.417,5,91
51,David Branshaw,"3' 8""",36.250,10,64
51,Brent Geiberger,"3' 8""",18.250,5,59
54,Peter Lonard,"3' 9""",22.500,6,33
55,Jason Bohn,"3' 11""",35.250,9,20
56,John Riegger,"4' 0""",39.667,10,36
56,Bo Van Pelt,"4' 0""",23.917,6,71
58,Joe Durant,"4' 2""",29.000,7,66
58,Will MacKenzie,"4' 2""",29.000,7,57
60,Olin Browne,"4' 3""",55.417,13,107
61,Jon Mills,"4' 4""",39.167,9,36
62,Woody Austin,"4' 5""",30.833,7,92
63,Billy Mayfair,"4' 6""",27.083,6,95
63,Joe Ogilvie,"4' 6""",31.333,7,9
65,Jerry Smith,"4' 7""",13.750,3,31
66,K.J. Choi,"4' 8""",28.167,6,49
66,Tom Lehman,"4' 8""",41.917,9,61
68,Brad Faxon,"4' 9""",47.083,10,72
69,Chad Campbell,"4' 10""",24.000,5,2
69,Jeff Overton,"4' 10""",28.750,6,57
71,Ryuji Imada,"4' 11""",39.333,8,8
71,Jeff Sluman,"4' 11""",58.833,12,48
73,Arron Oberholser,"5' 0""",35.250,7,49
73,Camilo Villegas,"5' 0""",35.167,7,95
75,Robert Gamez,"5' 3""",31.583,6,42
76,Carl Pettersson,"6' 1""",12.167,2,136
77,David Duval,"6' 7""",46.167,7,79
78,Ron Whittaker,"7' 8""",38.500,5,95
79,Tommy Armour III,"7' 9""",46.583,6,112
80,Kaname Yokoo,"8' 7""",60.000,7,92
81,Fred Funk,"10' 3""",41.000,4,108
82,Bubba Watson,"10' 9""",10.750,1,43
