rank,player,Average Bogeys per round,Total Bogeys,Rounds Played
1,Rickie Fowler,1.00,4,4
2,Dustin Johnson,1.25,5,4
3,Marc Leishman,1.50,6,4
3,Hudson Swafford,1.50,6,4
5,Daniel Berger,1.75,7,4
5,Patrick Cantlay,1.75,7,4
5,Brian Harman,1.75,7,4
5,Billy Horschel,1.75,7,4
5,Si Woo Kim,1.75,7,4
5,Pat Perez,1.75,7,4
5,Cameron Smith,1.75,7,4
12,Ryan Armour,2.00,8,4
12,Jason Dufner,2.00,8,4
12,Hideki Matsuyama,2.00,8,4
12,Jordan Spieth,2.00,8,4
12,Justin Thomas,2.00,8,4
17,Patton Kizzire,2.25,9,4
17,Grayson Murray,2.25,9,4
17,Jon Rahm,2.25,9,4
20,Jonas Blixt,2.50,10,4
20,Kevin Chappell,2.50,10,4
20,Russell Henley,2.50,10,4
20,Kevin Kisner,2.50,10,4
24,Adam Hadwin,2.75,11,4
24,Chris Stroud,2.75,11,4
24,Jhonattan Vegas,2.75,11,4
27,Brooks Koepka,3.00,12,4
27,Xander Schauffele,3.00,12,4
27,Kyle Stanley,3.00,12,4
30,Austin Cook,3.25,13,4
30,D.A. Points,3.25,13,4
30,Brendan Steele,3.25,13,4
33,Wesley Bryan,3.50,14,4
34,Bryson DeChambeau,3.75,15,4
