rank,player,Birdie to Bogey Ratio,Total Birdies and Better,Total Bogeys and Worse
1,Dustin Johnson,5.20,26,5
2,Rickie Fowler,3.80,19,5
3,Marc Leishman,3.17,19,6
4,Brian Harman,3.00,21,7
5,Pat Perez,2.88,23,8
6,Hideki Matsuyama,2.63,21,8
7,Si Woo Kim,2.57,18,7
8,Jon Rahm,2.56,23,9
9,Daniel Berger,2.38,19,8
9,Billy Horschel,2.38,19,8
9,Jordan Spieth,2.38,19,8
12,Patrick Cantlay,2.25,18,8
12,Jason Dufner,2.25,18,8
12,Cameron Smith,2.25,18,8
15,Jhonattan Vegas,2.00,22,11
16,Chris Stroud,1.91,21,11
17,Patton Kizzire,1.90,19,10
18,Ryan Armour,1.89,17,9
19,Russell Henley,1.82,20,11
20,Kevin Kisner,1.73,19,11
21,Justin Thomas,1.58,19,12
22,Hudson Swafford,1.56,14,9
23,Kevin Chappell,1.55,17,11
24,Grayson Murray,1.45,16,11
25,Austin Cook,1.36,19,14
26,Xander Schauffele,1.33,16,12
27,Bryson DeChambeau,1.31,21,16
28,Wesley Bryan,1.25,20,16
29,Jonas Blixt,1.21,17,14
30,Brendan Steele,1.14,16,14
31,Kyle Stanley,1.00,12,12
32,Adam Hadwin,.92,11,12
33,D.A. Points,.67,10,15
34,Brooks Koepka,.53,9,17
