rank,player,% Makes Bogey,Bogeys,Holes Played
1,Rickie Fowler,6.94,5,72
1,Dustin Johnson,6.94,5,72
3,Marc Leishman,8.33,6,72
4,Brian Harman,9.72,7,72
4,Si Woo Kim,9.72,7,72
6,Daniel Berger,11.11,8,72
6,Patrick Cantlay,11.11,8,72
6,Jason Dufner,11.11,8,72
6,Billy Horschel,11.11,8,72
6,Hideki Matsuyama,11.11,8,72
6,Pat Perez,11.11,8,72
6,Cameron Smith,11.11,8,72
6,Jordan Spieth,11.11,8,72
14,Ryan Armour,12.50,9,72
14,Jon Rahm,12.50,9,72
14,Hudson Swafford,12.50,9,72
17,Patton Kizzire,13.89,10,72
18,Kevin Chappell,15.28,11,72
18,Russell Henley,15.28,11,72
18,Kevin Kisner,15.28,11,72
18,Grayson Murray,15.28,11,72
18,Chris Stroud,15.28,11,72
18,Jhonattan Vegas,15.28,11,72
24,Adam Hadwin,16.67,12,72
24,Xander Schauffele,16.67,12,72
24,Kyle Stanley,16.67,12,72
24,Justin Thomas,16.67,12,72
28,Jonas Blixt,19.44,14,72
28,Austin Cook,19.44,14,72
28,Brendan Steele,19.44,14,72
31,D.A. Points,20.83,15,72
32,Wesley Bryan,22.22,16,72
32,Bryson DeChambeau,22.22,16,72
34,Brooks Koepka,23.61,17,72
