rank,player,% under then over par,Total under then over Par,Under Par
1,Rickie Fowler,.00,0,16
1,Russell Henley,.00,0,17
1,Cameron Smith,.00,0,16
4,Dustin Johnson,4.35,1,23
5,Hideki Matsuyama,5.00,1,20
6,Brian Harman,5.26,1,19
7,Kevin Chappell,5.88,1,17
7,Jason Dufner,5.88,1,17
7,Marc Leishman,5.88,1,17
10,Brendan Steele,6.25,1,16
11,Patrick Cantlay,6.67,1,15
12,Grayson Murray,7.14,1,14
13,Adam Hadwin,10.00,1,10
14,Jordan Spieth,10.53,2,19
15,Jhonattan Vegas,11.11,2,18
16,Billy Horschel,11.76,2,17
16,Si Woo Kim,11.76,2,17
16,Kevin Kisner,11.76,2,17
19,Xander Schauffele,12.50,2,16
19,Justin Thomas,12.50,2,16
21,Pat Perez,14.29,3,21
21,Jon Rahm,14.29,3,21
23,Wesley Bryan,16.67,3,18
24,Austin Cook,17.65,3,17
25,Hudson Swafford,18.18,2,11
26,Jonas Blixt,18.75,3,16
27,Ryan Armour,20.00,3,15
28,Bryson DeChambeau,21.05,4,19
29,Patton Kizzire,25.00,4,16
30,Kyle Stanley,27.27,3,11
31,Daniel Berger,29.41,5,17
32,D.A. Points,33.33,3,9
33,Chris Stroud,35.00,7,20
34,Brooks Koepka,37.50,3,8
