rank,player,Distance,Tournament,Round- Course,Hole
1,Shaun Micheel,198,Sony Open,2,17 - Par 3
2,Cameron Tringale,170,Sony Open,2,1 - Par 4 -
3,Stuart Appleby,163,Sony Open,1,16 - Par 4
4,Tony Finau,131,Sony Open,2,3 - Par 4 -
5,Scott Stallings,54,Sony Open,2,13 - Par 4
7,Rory Sabbatini,25,Sony Open,4,2 - Par 4 -
8,Chad Collins,24,Sony Open,2,5 - Par 4 -
9,Keegan Bradley,23,Sony Open,1,18 - Par 5
10,Josh Teater,22,Sony Open,1,6 - Par 4 -
11,Duffy Waldorf,21,Sony Open,2,13 - Par 4
12,Dave Eichelberger,20,Sony Open,2,4 - Par 3 -
14,Camilo Villegas,17,Sony Open,2,15 - Par 4
16,Brian Gay,14,Sony Open,4,6 - Par 4 -
17,Doug LaBelle II,13,Sony Open,2,8 - Par 4 -
18,Kevin Na,13,Sony Open,3,6 - Par 4 -
19,Mark Wilson,12,Sony Open,3,3 - Par 4 -
20,Shigeki Maruyama,12,Sony Open,2,7 - Par 3 -
21,Ernie Els,12,Sony Open,2,2 - Par 4 -
22,Justin Leonard,11,Sony Open,1,6 - Par 4 -
23,D.J. Trahan,11,Sony Open,2,6 - Par 4 -
24,Chris Riley,10,Sony Open,1,16 - Par 4
25,Kevin Kisner,10,Sony Open,2,2 - Par 4 -
26,John Senden,10,Sony Open,2,13 - Par 4
27,WC Liang,10,Sony Open,1,3 - Par 4 -
28,Aaron Baddeley,10,Sony Open,3,17 - Par 3
29,Nathan Green,9,Sony Open,1,15 - Par 4
30,Alex Prugh,9,Sony Open,1,8 - Par 4 -
31,Scott Gutschewski,9,Sony Open,1,9 - Par 5 -
33,Tag Ridings,8,Sony Open,3,14 - Par 4
34,Steven Bowditch,8,Sony Open,3,16 - Par 4
35,Jimmy Walker,7,Sony Open,4,16 - Par 4
37,Jason Day,5,Sony Open,4,3 - Par 4 -
40,Billy Mayfair,4,Sony Open,4,10 - Par 4
