rank,player,Avg (Yards),Total Distance (inches),Number of Approach Shots
1,Tag Ridings,127.7,"41,366,000",9
2,Aaron Baddeley,130.3,"51,589,000",11
3,Cameron Beckman,134.1,"62,757,000",13
4,Steve Marino,136.5,"29,475,000",6
5,Jeff Overton,139.0,"35,024,000",7
6,Steve Stricker,145.6,"36,680,000",7
7,Chris DiMarco,151.3,"49,011,000",9
8,Charlie Wi,152.1,"71,183,000",13
9,Tim Clark,154.1,"22,190,000",4
10,Jonathan Byrd,155.2,"39,113,000",7
11,Anthony Kim,155.5,"39,195,000",7
12,Webb Simpson,156.1,"44,963,000",8
13,Matt Kuchar,156.4,"33,773,000",6
14,Kevin Na,156.6,"45,096,000",8
15,Ernie Els,157.9,"51,146,000",9
16,Stuart Appleby,158.1,"45,523,000",8
17,Michael Connell,159.0,"62,980,000",11
18,Davis Love III,159.3,"22,932,000",4
19,Chris Kirk,160.6,"46,256,000",8
20,Boo Weekley,160.9,"52,126,000",9
21,D.J. Brigman,162.0,"64,146,000",11
22,Matt McQuillan,162.2,"75,896,000",13
23,Michael Sim,162.4,"81,830,000",14
24,Ryan Palmer,162.6,"52,695,000",9
25,Chad Campbell,163.8,"47,163,000",8
26,Jesper Parnevik,164.5,"100,676,000",17
27,Shigeki Maruyama,164.8,"65,248,000",11
28,Billy Mayfair,165.1,"71,312,000",12
29,Matt Bettencourt,165.6,"23,845,000",4
30,Freddie Jacobson,166.0,"53,795,000",9
31,Daniel Summerhays,166.6,"53,994,000",9
32,Brendon de Jonge,169.3,"54,843,000",9
33,Jason Dufner,169.6,"103,824,000",17
34,Roland Thatcher,169.9,"55,055,000",9
35,WC Liang,170.2,"85,759,000",14
36,Justin Rose,170.4,"36,812,000",6
37,Jason Day,170.7,"73,752,000",12
38,Rory Sabbatini,170.8,"49,195,000",8
39,Nate Smith,173.0,"56,047,000",9
40,Brian Gay,173.3,"49,905,000",8
41,Marc Leishman,173.4,"62,409,000",10
42,Jason Bohn,173.6,"62,492,000",10
43,Alex Prugh,173.8,"56,315,000",9
44,John Merrick,175.1,"37,815,000",6
45,Kevin Chappell,177.1,"82,890,000",13
46,Steven Bowditch,179.2,"64,518,000",10
47,Brandt Jobe,180.6,"58,530,000",9
48,Colt Knost,181.7,"71,955,000",11
49,Jimmy Walker,182.1,"26,229,000",4
50,Jarrod Lyle,182.2,"65,594,000",10
51,John Senden,188.3,"67,805,000",10
52,Arjun Atwal,189.0,"81,660,000",12
53,Chris Riley,189.9,"47,863,000",7
54,Spencer Levin,191.5,"75,824,000",11
55,Jerry Kelly,192.3,"34,615,000",5
56,Mark Wilson,193.6,"34,854,000",5
