rank,player,Distance,Year/Tourn#,Round,Hole
1,Scott Piercy,"58' 8""",Hyundai T of C,1,17 - Par 4
2,Ben Crane,"54' 3""",Hyundai T of C,1,11 - Par 3
3,Nick Watney,"51' 0""",Hyundai T of C,2,17 - Par 4
4,Rory Sabbatini,"45' 5""",Hyundai T of C,3,7 - Par 4 -
5,Jhonattan Vegas,"43' 8""",Hyundai T of C,3,7 - Par 4 -
6,Harrison Frazar,"42' 9""",Hyundai T of C,2,8 - Par 3 -
7,Mark Wilson,"40' 9""",Hyundai T of C,3,4 - Par 4 -
8,Gary Woodland,"40' 4""",Hyundai T of C,1,7 - Par 4 -
9,Bill Haas,"39' 7""",Hyundai T of C,3,7 - Par 4 -
10,Webb Simpson,"39' 5""",Hyundai T of C,4,5 - Par 5 -
11,Michael Bradley,"38' 0""",Hyundai T of C,1,8 - Par 3 -
12,Scott Stallings,"37' 1""",Hyundai T of C,3,3 - Par 4 -
13,Bryce Molder,"35' 9""",Hyundai T of C,1,13 - Par 4
14,Johnson Wagner,"35' 7""",Hyundai T of C,4,6 - Par 4 -
15,Sean O'Hair,"33' 11""",Hyundai T of C,1,12 - Par 4
16,Martin Laird,"32' 11""",Hyundai T of C,2,6 - Par 4 -
17,Keegan Bradley,"32' 11""",Hyundai T of C,4,13 - Par 4
18,D.A. Points,"31' 0""",Hyundai T of C,4,7 - Par 4 -
19,Steve Stricker,"30' 5""",Hyundai T of C,1,11 - Par 3
20,Aaron Baddeley,"30' 4""",Hyundai T of C,4,16 - Par 4
21,Jonathan Byrd,"29' 5""",Hyundai T of C,1,16 - Par 4
22,Bubba Watson,"25' 10""",Hyundai T of C,3,2 - Par 3 -
23,Chris Kirk,"25' 8""",Hyundai T of C,4,11 - Par 3
24,K.J. Choi,"22' 0""",Hyundai T of C,4,1 - Par 4 -
25,David Toms,"20' 9""",Hyundai T of C,4,17 - Par 4
26,Kevin Na,"19' 3""",Hyundai T of C,3,18 - Par 5
27,Brendan Steele,"16' 3""",Hyundai T of C,3,7 - Par 4 -
