rank,player,Total,Total (for all distances),Pct of all 1-putts
1,Johnson Wagner,7,28,25.0
2,Bryce Molder,5,25,20.0
2,Kevin Na,5,25,20.0
2,Webb Simpson,5,24,20.8
2,Steve Stricker,5,31,16.1
6,Ben Crane,4,30,13.3
6,Chris Kirk,4,29,13.8
6,Sean O'Hair,4,21,19.0
6,Rory Sabbatini,4,29,13.8
6,Nick Watney,4,25,16.0
11,Michael Bradley,3,14,21.4
11,Harrison Frazar,3,26,11.5
11,D.A. Points,3,21,14.3
11,Gary Woodland,3,18,16.7
15,Aaron Baddeley,2,25,8.0
15,Jonathan Byrd,2,27,7.4
15,K.J. Choi,2,27,7.4
15,Martin Laird,2,28,7.1
15,Scott Stallings,2,16,12.5
15,Brendan Steele,2,20,10.0
21,Bill Haas,1,13,7.7
21,Scott Piercy,1,18,5.6
21,David Toms,1,21,4.8
21,Bubba Watson,1,14,7.1
21,Mark Wilson,1,20,5.0
