rank,player,Total,Total (for all distances),Pct of all 1-putts
1,Jonathan Byrd,5,27,18.5
2,Rory Sabbatini,4,29,13.8
2,Johnson Wagner,4,28,14.3
4,Ben Crane,3,30,10.0
4,Bryce Molder,3,25,12.0
4,Scott Piercy,3,18,16.7
4,Webb Simpson,3,24,12.5
4,Mark Wilson,3,20,15.0
9,Michael Bradley,2,14,14.3
9,Harrison Frazar,2,26,7.7
9,Bill Haas,2,13,15.4
9,D.A. Points,2,21,9.5
13,Aaron Baddeley,1,25,4.0
13,Keegan Bradley,1,18,5.6
13,Chris Kirk,1,29,3.4
13,Martin Laird,1,28,3.6
13,Sean O'Hair,1,21,4.8
13,Scott Stallings,1,16,6.3
13,Steve Stricker,1,31,3.2
13,Jhonattan Vegas,1,21,4.8
13,Nick Watney,1,25,4.0
13,Bubba Watson,1,14,7.1
13,Gary Woodland,1,18,5.6
