rank,player,%,# of 1 putts,# of holes
1,K.J. Choi,55.56,10,18
2,Jonathan Byrd,50.00,9,18
2,Johnson Wagner,50.00,9,18
4,Aaron Baddeley,44.44,8,18
4,Chris Kirk,44.44,8,18
4,Martin Laird,44.44,8,18
4,Bryce Molder,44.44,8,18
4,David Toms,44.44,8,18
9,Kevin Na,38.89,7,18
9,Sean O'Hair,38.89,7,18
11,Bill Haas,33.33,6,18
11,Rory Sabbatini,33.33,6,18
11,Webb Simpson,33.33,6,18
11,Brendan Steele,33.33,6,18
11,Steve Stricker,33.33,6,18
11,Nick Watney,33.33,6,18
11,Bubba Watson,33.33,6,18
18,Keegan Bradley,27.78,5,18
18,Ben Crane,27.78,5,18
18,Harrison Frazar,27.78,5,18
18,Scott Piercy,27.78,5,18
18,Jhonattan Vegas,27.78,5,18
23,Michael Bradley,22.22,4,18
23,Scott Stallings,22.22,4,18
23,Mark Wilson,22.22,4,18
23,Gary Woodland,22.22,4,18
27,D.A. Points,16.67,3,18
