rank,player,Total,Total (for all distances),Pct of all 1-putts
1,K.J. Choi,17,27,63.0
2,Ben Crane,16,30,53.3
2,Steve Stricker,16,31,51.6
4,Harrison Frazar,13,26,50.0
4,Chris Kirk,13,29,44.8
4,Rory Sabbatini,13,29,44.8
7,Jonathan Byrd,12,27,44.4
7,David Toms,12,21,57.1
7,Gary Woodland,12,18,66.7
10,Brendan Steele,11,20,55.0
10,Johnson Wagner,11,28,39.3
12,Kevin Na,10,25,40.0
12,Nick Watney,10,25,40.0
14,Aaron Baddeley,9,25,36.0
14,Martin Laird,9,28,32.1
14,Bryce Molder,9,25,36.0
14,Sean O'Hair,9,21,42.9
14,Scott Piercy,9,18,50.0
14,Jhonattan Vegas,9,21,42.9
20,Keegan Bradley,8,18,44.4
20,D.A. Points,8,21,38.1
20,Bubba Watson,8,14,57.1
20,Mark Wilson,8,20,40.0
24,Bill Haas,7,13,53.8
25,Scott Stallings,6,16,37.5
26,Webb Simpson,5,24,20.8
27,Michael Bradley,3,14,21.4
