rank,player,Avg,Total 1 Putts,Total Rounds
1,Steve Stricker,7.75,31,4
2,Ben Crane,7.50,30,4
3,Chris Kirk,7.25,29,4
3,Rory Sabbatini,7.25,29,4
5,Martin Laird,7.00,28,4
5,Johnson Wagner,7.00,28,4
7,Jonathan Byrd,6.75,27,4
7,K.J. Choi,6.75,27,4
9,Harrison Frazar,6.50,26,4
10,Aaron Baddeley,6.25,25,4
10,Bryce Molder,6.25,25,4
10,Kevin Na,6.25,25,4
10,Nick Watney,6.25,25,4
14,Webb Simpson,6.00,24,4
15,Sean O'Hair,5.25,21,4
15,D.A. Points,5.25,21,4
15,David Toms,5.25,21,4
15,Jhonattan Vegas,5.25,21,4
19,Brendan Steele,5.00,20,4
19,Mark Wilson,5.00,20,4
21,Keegan Bradley,4.50,18,4
21,Scott Piercy,4.50,18,4
21,Gary Woodland,4.50,18,4
24,Scott Stallings,4.00,16,4
25,Michael Bradley,3.50,14,4
25,Bubba Watson,3.50,14,4
27,Bill Haas,3.25,13,4
