rank,player,%,# of 1 putts,# of holes
1,Steve Stricker,55.56,10,18
2,Chris Kirk,50.00,9,18
3,Webb Simpson,44.44,8,18
4,Kevin Na,38.89,7,18
4,Rory Sabbatini,38.89,7,18
4,Nick Watney,38.89,7,18
7,Ben Crane,33.33,6,18
7,Martin Laird,33.33,6,18
7,D.A. Points,33.33,6,18
10,Aaron Baddeley,27.78,5,18
10,Harrison Frazar,27.78,5,18
10,David Toms,27.78,5,18
10,Johnson Wagner,27.78,5,18
10,Mark Wilson,27.78,5,18
15,Keegan Bradley,22.22,4,18
15,Bryce Molder,22.22,4,18
15,Sean O'Hair,22.22,4,18
15,Bubba Watson,22.22,4,18
15,Gary Woodland,22.22,4,18
20,Jonathan Byrd,16.67,3,18
20,K.J. Choi,16.67,3,18
20,Scott Stallings,16.67,3,18
20,Brendan Steele,16.67,3,18
24,Michael Bradley,11.11,2,18
24,Bill Haas,11.11,2,18
24,Scott Piercy,11.11,2,18
24,Jhonattan Vegas,11.11,2,18
