rank,player,Total,Total (for all distances),Pct of all 1-putts
1,Ben Crane,3,30,10.0
1,Harrison Frazar,3,26,11.5
1,D.A. Points,3,21,14.3
1,Scott Stallings,3,16,18.8
5,Jonathan Byrd,2,27,7.4
5,Kevin Na,2,25,8.0
5,Scott Piercy,2,18,11.1
5,Nick Watney,2,25,8.0
9,Aaron Baddeley,1,25,4.0
9,Keegan Bradley,1,18,5.6
9,Michael Bradley,1,14,7.1
9,K.J. Choi,1,27,3.7
9,Chris Kirk,1,29,3.4
9,Martin Laird,1,28,3.6
9,Bryce Molder,1,25,4.0
9,Sean O'Hair,1,21,4.8
9,Webb Simpson,1,24,4.2
9,Brendan Steele,1,20,5.0
9,Steve Stricker,1,31,3.2
9,David Toms,1,21,4.8
9,Jhonattan Vegas,1,21,4.8
9,Johnson Wagner,1,28,3.6
9,Bubba Watson,1,14,7.1
9,Mark Wilson,1,20,5.0
