rank,player,%,# of 1 putts,# of holes
1,Ben Crane,44.44,8,18
1,Rory Sabbatini,44.44,8,18
3,Jonathan Byrd,38.89,7,18
3,K.J. Choi,38.89,7,18
3,Harrison Frazar,38.89,7,18
3,D.A. Points,38.89,7,18
3,Steve Stricker,38.89,7,18
8,Michael Bradley,33.33,6,18
8,Bryce Molder,33.33,6,18
8,Scott Piercy,33.33,6,18
8,Webb Simpson,33.33,6,18
8,Jhonattan Vegas,33.33,6,18
13,Aaron Baddeley,27.78,5,18
13,Chris Kirk,27.78,5,18
13,Martin Laird,27.78,5,18
13,Sean O'Hair,27.78,5,18
13,Scott Stallings,27.78,5,18
13,Brendan Steele,27.78,5,18
13,Johnson Wagner,27.78,5,18
13,Nick Watney,27.78,5,18
13,Gary Woodland,27.78,5,18
22,David Toms,22.22,4,18
23,Keegan Bradley,16.67,3,18
23,Kevin Na,16.67,3,18
23,Mark Wilson,16.67,3,18
26,Bill Haas,11.11,2,18
26,Bubba Watson,11.11,2,18
