rank,player,Avg,Total Actual Hang Time,Total Attempts
1,Andrew Landry,7.0,21.0,3
2,Bryson DeChambeau,6.9,20.8,3
2,Aaron Wise,6.9,13.7,2
4,Keegan Bradley,6.7,20.2,3
4,Patton Kizzire,6.7,20.0,3
4,Rory McIlroy,6.7,20.0,3
4,Justin Thomas,6.7,13.4,2
8,Jon Rahm,6.6,19.7,3
8,Gary Woodland,6.6,19.9,3
10,Satoshi Kodaira,6.5,19.6,3
10,Brooks Koepka,6.5,19.4,3
10,Xander Schauffele,6.5,19.6,3
13,Jason Day,6.4,19.2,3
13,Brice Garnett,6.4,19.1,3
13,Matt Kuchar,6.4,19.2,3
13,Troy Merritt,6.4,19.1,3
13,Bubba Watson,6.4,12.7,2
18,Francesco Molinari,6.3,18.9,3
19,Billy Horschel,6.2,12.3,2
19,Dustin Johnson,6.2,12.4,2
19,Patrick Reed,6.2,18.7,3
22,Scott Piercy,6.1,6.1,1
22,Andrew Putnam,6.1,18.2,3
22,Webb Simpson,6.1,18.4,3
22,Brandt Snedeker,6.1,18.2,3
26,Ian Poulter,6.0,17.9,3
27,Charles Howell III,5.9,17.8,3
27,Marc Leishman,5.9,17.6,3
29,Paul Casey,5.8,17.5,3
29,Cameron Champ,5.8,17.5,3
31,Kevin Tway,5.3,16.0,3
32,"Ted Potter, Jr.",5.1,10.2,2
