rank,player,Combined Rank,Carry Efficiency Rank,Total Dist. Effic. Rank
1,Jason Day,2,1,1
2,Andrew Landry,10,4,6
2,Scott Piercy,10,8,2
4,Matt Kuchar,11,6,5
5,Keegan Bradley,14,2,12
6,Brandt Snedeker,15,11,4
7,Francesco Molinari,16,5,11
8,Jon Rahm,20,13,7
8,Aaron Wise,20,3,17
10,Dustin Johnson,21,7,14
11,Brice Garnett,23,15,8
12,Charles Howell III,26,10,16
13,Rory McIlroy,29,9,20
14,"Ted Potter, Jr.",35,32,3
15,Ian Poulter,36,27,9
16,Gary Woodland,37,18,19
17,Patrick Reed,39,29,10
17,Webb Simpson,39,17,22
19,Marc Leishman,40,25,15
20,Brooks Koepka,42,13,29
20,Troy Merritt,42,16,26
22,Bryson DeChambeau,43,12,31
22,Kevin Tway,43,30,13
24,Satoshi Kodaira,44,23,21
24,Xander Schauffele,44,19,25
26,Paul Casey,45,28,17
27,Cameron Champ,47,24,23
28,Justin Thomas,49,22,27
29,Billy Horschel,50,26,24
29,Bubba Watson,50,20,30
31,Patton Kizzire,52,20,32
32,Andrew Putnam,59,31,28
