rank,player,Avg,Total Smash Factor,Total Attempts,Highest Value,Lowest Value
1,Paul Casey,1.513,4.540,3,1.516,1.510
1,Jason Day,1.513,4.538,3,1.515,1.510
3,Cameron Champ,1.512,4.537,3,1.522,1.503
3,Dustin Johnson,1.512,3.023,2,1.512,1.511
3,"Ted Potter, Jr.",1.512,3.024,2,1.518,1.506
3,Ian Poulter,1.512,4.536,3,1.513,1.510
7,Bubba Watson,1.511,3.021,2,1.511,1.510
8,Andrew Landry,1.510,4.529,3,1.512,1.507
8,Aaron Wise,1.510,3.020,2,1.512,1.508
10,Matt Kuchar,1.509,4.527,3,1.513,1.502
11,Scott Piercy,1.507,1.507,1,1.507,1.507
12,Brice Garnett,1.506,4.518,3,1.507,1.505
13,Keegan Bradley,1.505,4.516,3,1.509,1.503
14,Justin Thomas,1.502,3.003,2,1.504,1.499
15,Charles Howell III,1.500,4.499,3,1.506,1.492
16,Marc Leishman,1.498,4.493,3,1.514,1.473
17,Gary Woodland,1.497,4.492,3,1.508,1.487
18,Francesco Molinari,1.496,4.488,3,1.512,1.467
19,Webb Simpson,1.488,4.464,3,1.507,1.469
20,Bryson DeChambeau,1.484,4.453,3,1.503,1.474
20,Troy Merritt,1.484,4.453,3,1.502,1.472
20,Kevin Tway,1.484,4.452,3,1.501,1.468
23,Patton Kizzire,1.483,4.449,3,1.504,1.464
24,Patrick Reed,1.482,4.445,3,1.494,1.472
25,Jon Rahm,1.480,4.440,3,1.487,1.470
26,Xander Schauffele,1.477,4.431,3,1.490,1.461
27,Satoshi Kodaira,1.476,4.428,3,1.496,1.459
27,Brandt Snedeker,1.476,4.429,3,1.513,1.446
29,Billy Horschel,1.474,2.947,2,1.479,1.468
30,Rory McIlroy,1.471,4.412,3,1.473,1.466
31,Brooks Koepka,1.470,4.411,3,1.478,1.461
32,Andrew Putnam,1.467,4.400,3,1.483,1.444
