rank,player,Avg,Total Vert. Launch Angle,Total Attempts
1,Billy Horschel,14.35,2.869,2
2,Francesco Molinari,14.21,42.63,3
3,Andrew Landry,13.27,39.81,3
4,Scott Piercy,13.18,13.18,1
5,Brandt Snedeker,12.81,38.44,3
6,Satoshi Kodaira,12.74,38.22,3
7,Matt Kuchar,12.68,38.04,3
8,Jason Day,12.61,37.83,3
9,Webb Simpson,12.49,37.48,3
10,Keegan Bradley,12.24,36.72,3
11,Jon Rahm,11.92,35.77,3
12,Xander Schauffele,11.66,34.97,3
13,"Ted Potter, Jr.",11.38,22.76,2
14,Patton Kizzire,11.37,34.11,3
15,Aaron Wise,11.31,22.62,2
16,Brooks Koepka,11.27,33.80,3
17,Brice Garnett,11.21,33.62,3
18,Dustin Johnson,10.94,21.87,2
19,Bryson DeChambeau,10.93,32.78,3
20,Gary Woodland,10.86,32.59,3
21,Rory McIlroy,10.46,31.38,3
22,Justin Thomas,10.34,20.69,2
23,Troy Merritt,9.83,29.48,3
24,Bubba Watson,9.82,19.63,2
25,Marc Leishman,9.71,29.13,3
26,Paul Casey,9.61,28.84,3
26,Kevin Tway,9.61,28.83,3
28,Patrick Reed,9.57,28.71,3
29,Charles Howell III,9.49,28.48,3
30,Ian Poulter,8.23,24.68,3
31,Andrew Putnam,7.57,22.70,3
32,Cameron Champ,6.94,20.82,3
