rank,player,Avg,Total Apex Height,Total Attempts
1,Bryson DeChambeau,"128' 8""","385' 11""",3
2,Brooks Koepka,"127' 4""","382' 0""",3
3,Andrew Landry,"125' 4""","376' 0""",3
4,Jason Day,"124' 8""","373' 11""",3
5,Francesco Molinari,"124' 2""","372' 7""",3
6,Keegan Bradley,"124' 1""","372' 3""",3
7,Rory McIlroy,"121' 3""","363' 10""",3
8,Gary Woodland,"116' 9""","350' 3""",3
9,Aaron Wise,"116' 5""","232' 10""",2
10,Justin Thomas,"112' 4""","224' 7""",2
11,Xander Schauffele,"112' 0""","336' 1""",3
12,Patton Kizzire,"111' 2""","333' 6""",3
13,Jon Rahm,"110' 2""","330' 7""",3
14,Billy Horschel,"108' 0""","216' 0""",2
15,Satoshi Kodaira,"107' 9""","323' 4""",3
16,Matt Kuchar,"105' 11""","317' 8""",3
17,Bubba Watson,"105' 10""","211' 9""",2
18,Dustin Johnson,"105' 2""","210' 5""",2
19,Webb Simpson,"101' 3""","303' 9""",3
20,Brice Garnett,"100' 9""","302' 2""",3
21,Brandt Snedeker,"98' 8""","296' 0""",3
22,Troy Merritt,"98' 7""","295' 9""",3
23,Scott Piercy,"96' 9""","96' 9""",1
24,Patrick Reed,"94' 3""","282' 10""",3
25,Cameron Champ,"88' 7""","265' 10""",3
26,Charles Howell III,"87' 11""","263' 9""",3
27,Marc Leishman,"87' 7""","262' 9""",3
28,Paul Casey,"85' 10""","257' 5""",3
29,Kevin Tway,"85' 9""","257' 3""",3
30,Andrew Putnam,"85' 2""","255' 6""",3
31,Ian Poulter,"80' 5""","241' 4""",3
32,"Ted Potter, Jr.","73' 3""","146' 5""",2
