rank,player,Avg,Total Spin Speed,Total Attempts
1,Andrew Putnam,"3,003.3","9,010",3
2,Brice Garnett,"2,957.0","8,871",3
3,Cameron Champ,"2,941.0","2,941",1
4,Patton Kizzire,"2,904.5","5,809",2
5,Justin Thomas,"2,897.0","2,897",1
6,Brooks Koepka,"2,852.0","2,852",1
7,Rory McIlroy,"2,828.5","5,657",2
8,Troy Merritt,"2,792.3","8,377",3
9,Francesco Molinari,"2,681.3","8,044",3
10,Patrick Reed,"2,620.0","7,860",3
11,Bryson DeChambeau,"2,587.0","5,174",2
12,Andrew Landry,"2,545.0","7,635",3
13,Charles Howell III,"2,539.7","7,619",3
14,Ian Poulter,"2,525.0","5,050",2
15,Gary Woodland,"2,496.3","7,489",3
16,Webb Simpson,"2,488.0","4,976",2
17,Aaron Wise,"2,476.5","4,953",2
18,Keegan Bradley,"2,448.7","7,346",3
19,Bubba Watson,"2,382.0","4,764",2
20,Satoshi Kodaira,"2,345.3","7,036",3
21,Jon Rahm,"2,272.3","6,817",3
22,Jason Day,"2,264.7","6,794",3
23,Xander Schauffele,"2,252.0","6,756",3
24,Matt Kuchar,"2,221.3","6,664",3
25,Paul Casey,"2,168.3","6,505",3
26,Kevin Tway,"2,161.5","4,323",2
27,Marc Leishman,"2,116.0","6,348",3
28,Brandt Snedeker,"2,036.0","4,072",2
29,Dustin Johnson,"1,865.0","3,730",2
30,Billy Horschel,"1,682.0","1,682",1
31,"Ted Potter, Jr.","1,670.0","1,670",1
