rank,player,Avg,Total Club Head Speed,Total Attempts
1,Cameron Champ,128.03,"38,410",3
2,Kevin Tway,122.63,"36,789",3
3,Rory McIlroy,122.18,"36,655",3
4,Brooks Koepka,122.09,"36,627",3
5,Gary Woodland,120.52,"36,155",3
6,Xander Schauffele,119.33,"35,800",3
7,Justin Thomas,119.16,"23,831",2
8,Bryson DeChambeau,119.13,"35,739",3
9,Bubba Watson,118.72,"23,744",2
10,Dustin Johnson,117.60,"23,521",2
11,Jason Day,116.85,"35,056",3
12,Jon Rahm,116.70,"35,009",3
13,Aaron Wise,116.38,"23,275",2
14,Patrick Reed,116.36,"34,908",3
15,Charles Howell III,116.25,"34,874",3
16,Marc Leishman,116.23,"34,868",3
17,Paul Casey,115.08,"34,525",3
18,Troy Merritt,113.53,"34,058",3
19,Patton Kizzire,113.30,"33,989",3
20,Scott Piercy,113.11,"11,311",1
21,Keegan Bradley,112.66,"33,799",3
22,Andrew Putnam,112.35,"33,706",3
23,Ian Poulter,112.33,"33,700",3
24,Billy Horschel,112.19,"22,437",2
25,Francesco Molinari,111.11,"33,332",3
26,Satoshi Kodaira,110.53,"33,158",3
27,Webb Simpson,109.94,"32,981",3
28,Brandt Snedeker,109.79,"32,936",3
29,"Ted Potter, Jr.",109.21,"21,841",2
30,Andrew Landry,109.06,"32,718",3
31,Brice Garnett,108.76,"32,629",3
32,Matt Kuchar,107.43,"32,229",3
