rank,player,Avg,Total Apex Range,Total Attempts
1,Cameron Champ,217.0,651.0,3
2,Rory McIlroy,204.0,612.1,3
3,Brooks Koepka,203.6,610.9,3
4,Bryson DeChambeau,199.8,599.4,3
5,Gary Woodland,197.7,593.1,3
6,Jason Day,197.5,592.6,3
7,Bubba Watson,196.0,391.9,2
8,Aaron Wise,195.9,391.8,2
9,Dustin Johnson,193.8,387.7,2
10,Justin Thomas,193.3,386.6,2
11,Xander Schauffele,193.2,579.5,3
12,Keegan Bradley,192.7,578.1,3
13,Kevin Tway,190.6,571.8,3
14,Charles Howell III,190.5,571.6,3
15,Jon Rahm,189.6,568.7,3
16,Troy Merritt,186.9,560.6,3
17,Patrick Reed,185.9,557.6,3
18,Marc Leishman,184.8,554.4,3
19,Patton Kizzire,184.1,552.4,3
20,Francesco Molinari,182.7,548.0,3
21,Paul Casey,182.4,547.2,3
22,Andrew Landry,182.2,546.5,3
23,Ian Poulter,182.1,546.2,3
24,Andrew Putnam,180.9,542.6,3
25,Scott Piercy,179.8,179.8,1
26,Brice Garnett,177.2,531.7,3
27,Matt Kuchar,176.5,529.4,3
28,Webb Simpson,175.0,524.9,3
28,Brandt Snedeker,175.0,524.9,3
30,Satoshi Kodaira,174.1,522.3,3
31,Billy Horschel,171.7,343.5,2
32,"Ted Potter, Jr.",163.7,327.5,2
