rank,player,Avg,Total Dist. to Impact,Total Attempts
1,Cameron Champ,297.8,893.5,3
2,Rory McIlroy,294.2,882.7,3
3,Jason Day,292.6,877.9,3
4,Brooks Koepka,292.2,876.5,3
5,Aaron Wise,288.3,576.6,2
6,Dustin Johnson,287.8,575.7,2
7,Bryson DeChambeau,285.4,856.1,3
8,Gary Woodland,285.2,855.7,3
9,Xander Schauffele,282.3,846.9,3
10,Bubba Watson,280.6,561.1,2
11,Kevin Tway,280.5,841.6,3
12,Keegan Bradley,279.3,838.0,3
13,Jon Rahm,279.2,837.7,3
14,Justin Thomas,279.0,558.0,2
15,Charles Howell III,278.0,556.1,2
16,Scott Piercy,274.0,274.0,1
17,Francesco Molinari,273.0,819.1,3
18,Marc Leishman,270.2,810.5,3
19,Troy Merritt,270.0,810.1,3
20,Andrew Landry,268.7,806.1,3
21,Patton Kizzire,267.7,803.1,3
22,Patrick Reed,267.3,801.8,3
23,Paul Casey,265.0,794.9,3
24,Brandt Snedeker,263.8,791.5,3
25,Matt Kuchar,263.3,789.8,3
26,Webb Simpson,261.1,783.3,3
27,Ian Poulter,260.5,781.6,3
28,Billy Horschel,260.2,520.5,2
29,Brice Garnett,259.0,776.9,3
30,Satoshi Kodaira,257.9,773.8,3
31,Andrew Putnam,253.8,761.5,3
32,"Ted Potter, Jr.",243.3,486.7,2
