rank,player,Total,Total (for all distances),Pct of all 1-putts
1,Si Woo Kim,13,26,50.0
2,Marc Leishman,12,26,46.2
2,Cameron Smith,12,35,34.3
4,Patrick Reed,11,30,36.7
5,Billy Horschel,10,34,29.4
5,Phil Mickelson,10,26,38.5
5,Justin Thomas,10,30,33.3
8,Patrick Cantlay,9,30,30.0
8,Harris English,9,26,34.6
8,Max Homa,9,27,33.3
8,Viktor Hovland,9,26,34.6
8,Kevin Kisner,9,34,26.5
8,K.H. Lee,9,25,36.0
14,Tony Finau,8,26,30.8
14,Lucas Glover,8,24,33.3
14,Garrick Higgo,8,24,33.3
14,Collin Morikawa,8,30,26.7
14,Jordan Spieth,8,27,29.6
14,Erik van Rooyen,8,27,29.6
20,Talor Gooch,7,26,26.9
20,Branden Grace,7,22,31.8
20,Hideki Matsuyama,7,24,29.2
20,Kevin Na,7,30,23.3
20,Seamus Power,7,25,28.0
25,Abraham Ancer,6,26,23.1
25,Daniel Berger,6,31,19.4
25,Sam Burns,6,25,24.0
25,Stewart Cink,6,20,30.0
25,Bryson DeChambeau,6,30,20.0
25,Lucas Herbert,6,27,22.2
25,Sungjae Im,6,26,23.1
32,Matt Jones,5,32,15.6
32,Brooks Koepka,5,28,17.9
32,Jason Kokrak,5,20,25.0
32,Xander Schauffele,5,28,17.9
36,Joel Dahmen,4,29,13.8
36,Cam Davis,4,21,19.0
36,Jon Rahm,4,29,13.8
