rank,player,Total,Total (for all distances),Pct of all 1-putts
1,Joel Dahmen,3,29,10.3
1,Jason Kokrak,3,20,15.0
1,Cameron Smith,3,35,8.6
4,Stewart Cink,2,20,10.0
4,Cam Davis,2,21,9.5
4,Garrick Higgo,2,24,8.3
4,Sungjae Im,2,26,7.7
4,Matt Jones,2,32,6.3
4,Brooks Koepka,2,28,7.1
10,Abraham Ancer,1,26,3.8
10,Sam Burns,1,25,4.0
10,Patrick Cantlay,1,30,3.3
10,Bryson DeChambeau,1,30,3.3
10,Harris English,1,26,3.8
10,Talor Gooch,1,26,3.8
10,Branden Grace,1,22,4.5
10,Billy Horschel,1,34,2.9
10,Kevin Kisner,1,34,2.9
10,K.H. Lee,1,25,4.0
10,Marc Leishman,1,26,3.8
10,Jon Rahm,1,29,3.4
10,Patrick Reed,1,30,3.3
10,Xander Schauffele,1,28,3.6
10,Jordan Spieth,1,27,3.7
10,Justin Thomas,1,30,3.3
10,Erik van Rooyen,1,27,3.7
