rank,player,%,# of 1 putts,# of holes
1,Patrick Cantlay,61.11,11,18
2,Cameron Smith,55.56,10,18
3,Daniel Berger,50.00,9,18
3,Matt Jones,50.00,9,18
3,Brooks Koepka,50.00,9,18
3,Kevin Na,50.00,9,18
7,Erik van Rooyen,44.44,8,18
8,Sam Burns,38.89,7,18
8,Bryson DeChambeau,38.89,7,18
8,Tony Finau,38.89,7,18
8,Billy Horschel,38.89,7,18
8,Sungjae Im,38.89,7,18
8,Kevin Kisner,38.89,7,18
8,Collin Morikawa,38.89,7,18
8,Jon Rahm,38.89,7,18
16,Joel Dahmen,33.33,6,18
16,Lucas Glover,33.33,6,18
16,Talor Gooch,33.33,6,18
16,Garrick Higgo,33.33,6,18
16,Max Homa,33.33,6,18
16,Viktor Hovland,33.33,6,18
16,Marc Leishman,33.33,6,18
16,Seamus Power,33.33,6,18
16,Xander Schauffele,33.33,6,18
16,Justin Thomas,33.33,6,18
26,Abraham Ancer,27.78,5,18
26,Cam Davis,27.78,5,18
26,Harris English,27.78,5,18
26,Branden Grace,27.78,5,18
26,Lucas Herbert,27.78,5,18
26,Jason Kokrak,27.78,5,18
26,K.H. Lee,27.78,5,18
26,Patrick Reed,27.78,5,18
26,Jordan Spieth,27.78,5,18
35,Stewart Cink,22.22,4,18
35,Si Woo Kim,22.22,4,18
35,Hideki Matsuyama,22.22,4,18
35,Phil Mickelson,22.22,4,18
