rank,player,Total,Total (for all distances),Pct of all 1-putts
1,Lucas Herbert,7,27,25.9
2,Kevin Kisner,6,34,17.6
2,Phil Mickelson,6,26,23.1
2,Collin Morikawa,6,30,20.0
5,Garrick Higgo,5,24,20.8
5,Max Homa,5,27,18.5
5,Viktor Hovland,5,26,19.2
5,Sungjae Im,5,26,19.2
5,Patrick Reed,5,30,16.7
5,Xander Schauffele,5,28,17.9
11,Daniel Berger,4,31,12.9
11,Cam Davis,4,21,19.0
11,Talor Gooch,4,26,15.4
11,Branden Grace,4,22,18.2
11,Matt Jones,4,32,12.5
11,Kevin Na,4,30,13.3
11,Jon Rahm,4,29,13.8
11,Erik van Rooyen,4,27,14.8
19,Abraham Ancer,3,26,11.5
19,Sam Burns,3,25,12.0
19,Patrick Cantlay,3,30,10.0
19,Joel Dahmen,3,29,10.3
19,Billy Horschel,3,34,8.8
19,Si Woo Kim,3,26,11.5
19,Hideki Matsuyama,3,24,12.5
19,Seamus Power,3,25,12.0
19,Cameron Smith,3,35,8.6
19,Jordan Spieth,3,27,11.1
29,Bryson DeChambeau,2,30,6.7
29,Harris English,2,26,7.7
29,Lucas Glover,2,24,8.3
29,Brooks Koepka,2,28,7.1
29,Jason Kokrak,2,20,10.0
29,Marc Leishman,2,26,7.7
29,Justin Thomas,2,30,6.7
36,Stewart Cink,1,20,5.0
36,Tony Finau,1,26,3.8
36,K.H. Lee,1,25,4.0
