rank,player,%,# of 1 putts,# of holes
1,Jon Rahm,66.67,12,18
2,Sungjae Im,55.56,10,18
2,Patrick Reed,55.56,10,18
4,Stewart Cink,50.00,9,18
4,Bryson DeChambeau,50.00,9,18
4,Kevin Kisner,50.00,9,18
4,Kevin Na,50.00,9,18
4,Xander Schauffele,50.00,9,18
4,Cameron Smith,50.00,9,18
4,Justin Thomas,50.00,9,18
11,Daniel Berger,44.44,8,18
11,Patrick Cantlay,44.44,8,18
11,Talor Gooch,44.44,8,18
11,Max Homa,44.44,8,18
11,Billy Horschel,44.44,8,18
11,Viktor Hovland,44.44,8,18
11,K.H. Lee,44.44,8,18
11,Collin Morikawa,44.44,8,18
11,Jordan Spieth,44.44,8,18
20,Joel Dahmen,38.89,7,18
20,Harris English,38.89,7,18
20,Matt Jones,38.89,7,18
20,Brooks Koepka,38.89,7,18
20,Phil Mickelson,38.89,7,18
25,Tony Finau,33.33,6,18
25,Si Woo Kim,33.33,6,18
25,Marc Leishman,33.33,6,18
25,Hideki Matsuyama,33.33,6,18
25,Erik van Rooyen,33.33,6,18
30,Abraham Ancer,27.78,5,18
30,Sam Burns,27.78,5,18
30,Lucas Glover,27.78,5,18
30,Seamus Power,27.78,5,18
34,Cam Davis,22.22,4,18
34,Lucas Herbert,22.22,4,18
34,Garrick Higgo,22.22,4,18
34,Jason Kokrak,22.22,4,18
38,Branden Grace,16.67,3,18
