rank,player,%,# of 1 putts,# of holes
1,Lucas Herbert,61.11,11,18
2,Abraham Ancer,55.56,10,18
2,Joel Dahmen,55.56,10,18
2,Collin Morikawa,55.56,10,18
5,Harris English,50.00,9,18
5,Garrick Higgo,50.00,9,18
5,Billy Horschel,50.00,9,18
5,Matt Jones,50.00,9,18
5,Kevin Kisner,50.00,9,18
5,Justin Thomas,50.00,9,18
11,Cam Davis,44.44,8,18
11,Bryson DeChambeau,44.44,8,18
11,Cameron Smith,44.44,8,18
11,Jordan Spieth,44.44,8,18
15,Daniel Berger,38.89,7,18
15,Patrick Cantlay,38.89,7,18
15,Tony Finau,38.89,7,18
15,Lucas Glover,38.89,7,18
15,Talor Gooch,38.89,7,18
15,Branden Grace,38.89,7,18
15,Si Woo Kim,38.89,7,18
15,Brooks Koepka,38.89,7,18
15,K.H. Lee,38.89,7,18
15,Phil Mickelson,38.89,7,18
15,Kevin Na,38.89,7,18
15,Patrick Reed,38.89,7,18
15,Xander Schauffele,38.89,7,18
15,Erik van Rooyen,38.89,7,18
29,Viktor Hovland,33.33,6,18
29,Marc Leishman,33.33,6,18
29,Jon Rahm,33.33,6,18
32,Sam Burns,27.78,5,18
32,Hideki Matsuyama,27.78,5,18
32,Seamus Power,27.78,5,18
35,Max Homa,22.22,4,18
35,Sungjae Im,22.22,4,18
35,Jason Kokrak,22.22,4,18
38,Stewart Cink,16.67,3,18
