rank,player,Avg,Total 1 Putts,Total Rounds
1,Cameron Smith,8.75,35,4
2,Billy Horschel,8.50,34,4
2,Kevin Kisner,8.50,34,4
4,Matt Jones,8.00,32,4
5,Daniel Berger,7.75,31,4
6,Patrick Cantlay,7.50,30,4
6,Bryson DeChambeau,7.50,30,4
6,Collin Morikawa,7.50,30,4
6,Kevin Na,7.50,30,4
6,Patrick Reed,7.50,30,4
6,Justin Thomas,7.50,30,4
12,Joel Dahmen,7.25,29,4
12,Jon Rahm,7.25,29,4
14,Brooks Koepka,7.00,28,4
14,Xander Schauffele,7.00,28,4
16,Lucas Herbert,6.75,27,4
16,Max Homa,6.75,27,4
16,Jordan Spieth,6.75,27,4
16,Erik van Rooyen,6.75,27,4
20,Abraham Ancer,6.50,26,4
20,Harris English,6.50,26,4
20,Tony Finau,6.50,26,4
20,Talor Gooch,6.50,26,4
20,Viktor Hovland,6.50,26,4
20,Sungjae Im,6.50,26,4
20,Si Woo Kim,6.50,26,4
20,Marc Leishman,6.50,26,4
20,Phil Mickelson,6.50,26,4
29,Sam Burns,6.25,25,4
29,K.H. Lee,6.25,25,4
29,Seamus Power,6.25,25,4
32,Lucas Glover,6.00,24,4
32,Garrick Higgo,6.00,24,4
32,Hideki Matsuyama,6.00,24,4
35,Branden Grace,5.50,22,4
36,Cam Davis,5.25,21,4
37,Stewart Cink,5.00,20,4
37,Jason Kokrak,5.00,20,4
