rank,player,Distance,Year/Tourn#,Round,Hole
1,Billy Horschel,"57' 0""",Sentry,4,5
2,Matt Jones,"51' 8""",Sentry,4,17
3,Kevin Kisner,"47' 10""",Sentry,3,11
4,Jason Kokrak,"46' 4""",Sentry,1,18
5,Cameron Smith,"44' 5""",Sentry,1,5
6,Justin Thomas,"43' 5""",Sentry,3,5
7,Erik van Rooyen,"41' 3""",Sentry,3,6
8,Stewart Cink,"39' 6""",Sentry,1,14
9,Brooks Koepka,"39' 3""",Sentry,2,7
10,Patrick Reed,"37' 4""",Sentry,2,2
11,Patrick Cantlay,"36' 3""",Sentry,1,15
12,Joel Dahmen,"36' 2""",Sentry,3,11
13,Bryson DeChambeau,"36' 1""",Sentry,3,13
14,Abraham Ancer,"35' 3""",Sentry,2,7
15,Cam Davis,"34' 8""",Sentry,2,3
16,Sam Burns,"34' 4""",Sentry,2,7
17,Xander Schauffele,"33' 7""",Sentry,4,18
18,Marc Leishman,"32' 0""",Sentry,4,8
19,K.H. Lee,"29' 0""",Sentry,1,17
20,Jon Rahm,"28' 10""",Sentry,3,17
21,Branden Grace,"28' 7""",Sentry,1,5
22,Jordan Spieth,"27' 1""",Sentry,1,16
23,Sungjae Im,"26' 6""",Sentry,4,18
24,Talor Gooch,"26' 4""",Sentry,1,7
25,Garrick Higgo,"26' 0""",Sentry,1,7
26,Harris English,"25' 4""",Sentry,4,7
27,Collin Morikawa,"23' 11""",Sentry,3,13
28,Seamus Power,"23' 3""",Sentry,2,6
29,Max Homa,"23' 0""",Sentry,4,15
30,Lucas Glover,"22' 7""",Sentry,2,1
31,Tony Finau,"21' 5""",Sentry,3,13
32,Hideki Matsuyama,"20' 11""",Sentry,2,16
33,Phil Mickelson,"20' 10""",Sentry,3,10
34,Si Woo Kim,"20' 9""",Sentry,4,8
35,Viktor Hovland,"18' 5""",Sentry,4,18
36,Kevin Na,"16' 5""",Sentry,1,5
37,Lucas Herbert,"16' 3""",Sentry,4,10
38,Daniel Berger,"15' 7""",Sentry,2,15
