rank,player,%,# of 1 putts,# of holes
1,Billy Horschel,55.56,10,18
2,Max Homa,50.00,9,18
2,Si Woo Kim,50.00,9,18
2,Kevin Kisner,50.00,9,18
2,Hideki Matsuyama,50.00,9,18
2,Seamus Power,50.00,9,18
7,Sam Burns,44.44,8,18
7,Marc Leishman,44.44,8,18
7,Phil Mickelson,44.44,8,18
7,Patrick Reed,44.44,8,18
7,Cameron Smith,44.44,8,18
12,Daniel Berger,38.89,7,18
12,Branden Grace,38.89,7,18
12,Lucas Herbert,38.89,7,18
12,Matt Jones,38.89,7,18
12,Jason Kokrak,38.89,7,18
17,Abraham Ancer,33.33,6,18
17,Joel Dahmen,33.33,6,18
17,Bryson DeChambeau,33.33,6,18
17,Tony Finau,33.33,6,18
17,Lucas Glover,33.33,6,18
17,Viktor Hovland,33.33,6,18
17,Xander Schauffele,33.33,6,18
17,Jordan Spieth,33.33,6,18
17,Justin Thomas,33.33,6,18
17,Erik van Rooyen,33.33,6,18
27,Harris English,27.78,5,18
27,Talor Gooch,27.78,5,18
27,Garrick Higgo,27.78,5,18
27,Sungjae Im,27.78,5,18
27,Brooks Koepka,27.78,5,18
27,K.H. Lee,27.78,5,18
27,Collin Morikawa,27.78,5,18
27,Kevin Na,27.78,5,18
35,Patrick Cantlay,22.22,4,18
35,Stewart Cink,22.22,4,18
35,Cam Davis,22.22,4,18
35,Jon Rahm,22.22,4,18
