rank,player,Total,Total (for all distances),Pct of all 1-putts
1,Daniel Berger,20,31,64.5
2,Bryson DeChambeau,18,30,60.0
2,Brooks Koepka,18,28,64.3
4,Joel Dahmen,17,29,58.6
4,Billy Horschel,17,34,50.0
4,Kevin Na,17,30,56.7
7,Patrick Cantlay,16,30,53.3
7,Matt Jones,16,32,50.0
7,Kevin Kisner,16,34,47.1
10,Jon Rahm,15,29,51.7
11,Talor Gooch,14,26,53.8
11,Xander Schauffele,14,28,50.0
11,Cameron Smith,14,35,40.0
11,Jordan Spieth,14,27,51.9
11,Justin Thomas,14,30,46.7
16,Abraham Ancer,13,26,50.0
16,Harris English,13,26,50.0
16,Lucas Glover,13,24,54.2
16,Lucas Herbert,13,27,48.1
16,K.H. Lee,13,25,52.0
21,Sam Burns,12,25,48.0
21,Tony Finau,12,26,46.2
21,Hideki Matsuyama,12,24,50.0
21,Collin Morikawa,12,30,40.0
21,Seamus Power,12,25,48.0
21,Erik van Rooyen,12,27,44.4
27,Max Homa,11,27,40.7
27,Viktor Hovland,11,26,42.3
27,Sungjae Im,11,26,42.3
30,Marc Leishman,10,26,38.5
30,Patrick Reed,10,30,33.3
32,Stewart Cink,9,20,45.0
32,Cam Davis,9,21,42.9
32,Jason Kokrak,9,20,45.0
35,Garrick Higgo,8,24,33.3
35,Si Woo Kim,8,26,30.8
35,Phil Mickelson,8,26,30.8
38,Branden Grace,7,22,31.8
