rank,player,Total,Total (for all distances),Pct of all 1-putts
1,Branden Grace,3,22,13.6
2,Tony Finau,2,26,7.7
2,Billy Horschel,2,34,5.9
2,Xander Schauffele,2,28,7.1
2,Cameron Smith,2,35,5.7
6,Abraham Ancer,1,26,3.8
6,Patrick Cantlay,1,30,3.3
6,Bryson DeChambeau,1,30,3.3
6,Harris English,1,26,3.8
6,Lucas Glover,1,24,4.2
6,Max Homa,1,27,3.7
6,Matt Jones,1,32,3.1
6,Si Woo Kim,1,26,3.8
6,Kevin Kisner,1,34,2.9
6,K.H. Lee,1,25,4.0
6,Marc Leishman,1,26,3.8
6,Hideki Matsuyama,1,24,4.2
6,Phil Mickelson,1,26,3.8
6,Collin Morikawa,1,30,3.3
6,Seamus Power,1,25,4.0
6,Jon Rahm,1,29,3.4
6,Justin Thomas,1,30,3.3
