rank,player,Total,Total (for all distances),Pct of all 1-putts
1,Matt Jones,4,32,12.5
1,Jon Rahm,4,29,13.8
3,Sam Burns,3,25,12.0
3,Tony Finau,3,26,11.5
3,Collin Morikawa,3,30,10.0
3,Patrick Reed,3,30,10.0
7,Abraham Ancer,2,26,7.7
7,Stewart Cink,2,20,10.0
7,Joel Dahmen,2,29,6.9
7,Cam Davis,2,21,9.5
7,Bryson DeChambeau,2,30,6.7
7,Sungjae Im,2,26,7.7
7,Kevin Na,2,30,6.7
7,Seamus Power,2,25,8.0
7,Justin Thomas,2,30,6.7
7,Erik van Rooyen,2,27,7.4
17,Daniel Berger,1,31,3.2
17,Lucas Herbert,1,27,3.7
17,Garrick Higgo,1,24,4.2
17,Max Homa,1,27,3.7
17,Billy Horschel,1,34,2.9
17,Viktor Hovland,1,26,3.8
17,Si Woo Kim,1,26,3.8
17,Kevin Kisner,1,34,2.9
17,Brooks Koepka,1,28,3.6
17,Jason Kokrak,1,20,5.0
17,Hideki Matsuyama,1,24,4.2
17,Phil Mickelson,1,26,3.8
17,Xander Schauffele,1,28,3.6
17,Cameron Smith,1,35,2.9
17,Jordan Spieth,1,27,3.7
