rank,player,Distance,Tournament,Round,Hole,Course
1,Davis Love III,476,Mercedes Champ,4,18,656
2,Rory Sabbatini,448,Mercedes Champ,4,18,656
3,Darren Clarke,446,Mercedes Champ,4,18,656
4,Stuart Appleby,433,Mercedes Champ,4,18,656
5,Ernie Els,429,Mercedes Champ,4,18,656
6,Chad Campbell,426,Mercedes Champ,3,18,656
7,Tiger Woods,425,Mercedes Champ,4,18,656
8,Jonathan Kaye,421,Mercedes Champ,2,6,656
8,J.L. Lewis,421,Mercedes Champ,4,6,656
10,Tommy Armour III,420,Mercedes Champ,3,6,656
10,Shigeki Maruyama,420,Mercedes Champ,4,18,656
10,Kenny Perry,420,Mercedes Champ,3,6,656
10,Mike Weir,420,Mercedes Champ,4,6,656
14,Shaun Micheel,419,Mercedes Champ,4,18,656
15,Vijay Singh,417,Mercedes Champ,3,6,656
16,Fred Couples,416,Mercedes Champ,1,18,656
16,Peter Jacobsen,416,Mercedes Champ,1,18,656
16,Frank Lickliter II,416,Mercedes Champ,4,18,656
16,Craig Stadler,416,Mercedes Champ,4,18,656
20,Retief Goosen,413,Mercedes Champ,2,6,656
21,Ben Crane,410,Mercedes Champ,4,18,656
21,Justin Leonard,410,Mercedes Champ,1,18,656
21,Adam Scott,410,Mercedes Champ,4,18,656
24,John Huston,408,Mercedes Champ,2,18,656
24,Kirk Triplett,408,Mercedes Champ,3,6,656
26,Ben Curtis,407,Mercedes Champ,2,6,656
26,Bob Tway,407,Mercedes Champ,3,6,656
28,Steve Flesch,393,Mercedes Champ,4,18,656
29,Jim Furyk,391,Mercedes Champ,4,18,656
30,Scott Hoch,382,Mercedes Champ,2,18,656
