rank,player,%,Total Drives for 300+,Total Drives - Overall,Relative to Par
1,Tiger Woods,56.67,34,60,-0.353
2,Davis Love III,48.33,29,60,-0.172
3,Vijay Singh,45.00,27,60,-0.370
4,Tommy Armour III,43.33,26,60,-0.038
4,Fred Couples,43.33,26,60,-0.346
6,Ernie Els,41.67,25,60,-0.080
7,Stuart Appleby,40.00,24,60,-0.542
8,Shaun Micheel,38.33,23,60,-0.174
8,Adam Scott,38.33,23,60,E
10,Ben Crane,36.67,22,60,-0.091
10,Peter Jacobsen,36.67,22,60,-0.364
10,Kenny Perry,36.67,22,60,-0.045
13,Justin Leonard,35.00,21,60,-0.095
13,Kirk Triplett,35.00,21,60,-0.190
15,Jonathan Kaye,33.33,20,60,-0.350
15,Craig Stadler,33.33,20,60,+0.100
17,Jim Furyk,31.67,19,60,-0.053
17,Retief Goosen,31.67,19,60,-0.105
17,Shigeki Maruyama,31.67,19,60,-0.105
20,Chad Campbell,30.00,18,60,-0.167
20,Darren Clarke,30.00,18,60,-0.500
20,Steve Flesch,30.00,18,60,-0.222
20,John Huston,30.00,18,60,+0.056
20,J.L. Lewis,30.00,18,60,-0.278
20,Frank Lickliter II,30.00,18,60,+0.056
20,Bob Tway,30.00,18,60,+0.056
27,Ben Curtis,28.33,17,60,-0.059
27,Rory Sabbatini,28.33,17,60,E
29,Scott Hoch,25.00,15,60,-0.200
29,Mike Weir,25.00,15,60,-0.067
