rank,player,%,Total Drives for 300-320,Total Drvs - overall,Relative to par
1,Tiger Woods,62.50,5,8,+3.40
2,Fred Couples,50.00,4,8,+3.00
3,Stuart Appleby,37.50,3,8,+3.33
3,Kenny Perry,37.50,3,8,+2.33
3,Vijay Singh,37.50,3,8,+2.00
6,Ernie Els,25.00,2,8,+1.50
6,Justin Leonard,25.00,2,8,+1.00
6,Davis Love III,25.00,2,8,+3.00
6,Shigeki Maruyama,25.00,2,8,+3.50
6,Shaun Micheel,25.00,2,8,+1.50
6,Adam Scott,25.00,2,8,+3.00
12,Tommy Armour III,12.50,1,8,+2.00
12,Darren Clarke,12.50,1,8,+5.00
12,Retief Goosen,12.50,1,8,+3.00
12,John Huston,12.50,1,8,-2.00
12,J.L. Lewis,12.50,1,8,+2.00
17,Chad Campbell,.00,0,8,E
17,Ben Crane,.00,0,8,E
17,Ben Curtis,.00,0,8,E
17,Steve Flesch,.00,0,8,E
17,Jim Furyk,.00,0,8,E
17,Scott Hoch,.00,0,8,E
17,Peter Jacobsen,.00,0,8,E
17,Jonathan Kaye,.00,0,8,E
17,Frank Lickliter II,.00,0,8,E
17,Rory Sabbatini,.00,0,8,E
17,Craig Stadler,.00,0,8,E
17,Kirk Triplett,.00,0,8,E
17,Bob Tway,.00,0,8,E
17,Mike Weir,.00,0,8,E
