rank,player,All Drives,Total Distance,# of Drives
1,Tiger Woods,308.8,"18,525",60
2,Vijay Singh,307.3,"18,436",60
3,Ernie Els,307.0,"18,421",60
4,Davis Love III,304.8,"18,288",60
5,Fred Couples,303.3,"18,195",60
6,Stuart Appleby,301.0,"18,061",60
7,Darren Clarke,298.3,"17,901",60
8,Tommy Armour III,297.1,"17,826",60
9,Kenny Perry,297.0,"17,819",60
10,Shaun Micheel,295.9,"17,756",60
11,Rory Sabbatini,294.4,"17,665",60
12,Craig Stadler,294.3,"17,657",60
13,Adam Scott,293.1,"17,589",60
14,Jonathan Kaye,293.0,"17,580",60
15,Shigeki Maruyama,292.6,"17,553",60
16,Mike Weir,292.5,"17,547",60
17,J.L. Lewis,291.9,"17,515",60
17,Kirk Triplett,291.9,"17,517",60
19,Ben Crane,291.0,"17,461",60
20,Peter Jacobsen,290.0,"17,402",60
21,Justin Leonard,289.7,"17,385",60
22,Chad Campbell,288.1,"17,288",60
23,Ben Curtis,288.0,"17,281",60
24,Frank Lickliter II,287.9,"17,274",60
25,John Huston,286.9,"17,215",60
26,Steve Flesch,285.2,"17,110",60
27,Retief Goosen,285.0,"17,098",60
28,Jim Furyk,283.6,"17,017",60
29,Scott Hoch,282.1,"16,926",60
30,Bob Tway,280.2,"16,814",60
