rank,player,%,Total Drives for 280-300,Total Drvs - overall,Relative to par
1,Craig Stadler,75.00,6,8,E
2,Chad Campbell,62.50,5,8,+0.20
2,Ben Crane,62.50,5,8,-0.40
2,J.L. Lewis,62.50,5,8,-0.60
5,Ben Curtis,50.00,4,8,-0.25
5,Ernie Els,50.00,4,8,E
5,Steve Flesch,50.00,4,8,-0.50
5,Jonathan Kaye,50.00,4,8,-0.50
5,Shigeki Maruyama,50.00,4,8,-0.50
5,Shaun Micheel,50.00,4,8,-1.00
5,Kenny Perry,50.00,4,8,-0.25
5,Rory Sabbatini,50.00,4,8,+0.25
5,Vijay Singh,50.00,4,8,-0.75
5,Kirk Triplett,50.00,4,8,-0.50
15,Stuart Appleby,37.50,3,8,E
15,Tommy Armour III,37.50,3,8,E
15,Darren Clarke,37.50,3,8,E
15,Fred Couples,37.50,3,8,+0.33
15,Retief Goosen,37.50,3,8,-0.67
15,Scott Hoch,37.50,3,8,-0.67
15,Mike Weir,37.50,3,8,E
22,Peter Jacobsen,25.00,2,8,-0.50
22,Justin Leonard,25.00,2,8,E
22,Frank Lickliter II,25.00,2,8,-1.00
22,Davis Love III,25.00,2,8,+0.50
26,Jim Furyk,12.50,1,8,E
26,John Huston,12.50,1,8,-1.00
26,Adam Scott,12.50,1,8,-1.00
26,Bob Tway,12.50,1,8,E
26,Tiger Woods,12.50,1,8,+1.00
