rank,player,%,Total Drives for 240-260,Total Drvs - overall,Relative to par
1,John Huston,50.00,4,8,-0.25
2,Jim Furyk,37.50,3,8,-0.67
2,Jonathan Kaye,37.50,3,8,E
4,Ernie Els,25.00,2,8,-1.00
4,Retief Goosen,25.00,2,8,+0.50
4,Scott Hoch,25.00,2,8,E
4,Davis Love III,25.00,2,8,E
4,Rory Sabbatini,25.00,2,8,-0.50
4,Bob Tway,25.00,2,8,-0.50
10,Stuart Appleby,12.50,1,8,-1.00
10,Tommy Armour III,12.50,1,8,E
10,Chad Campbell,12.50,1,8,E
10,Ben Curtis,12.50,1,8,-1.00
10,Steve Flesch,12.50,1,8,E
10,Peter Jacobsen,12.50,1,8,E
10,Justin Leonard,12.50,1,8,E
10,Frank Lickliter II,12.50,1,8,E
10,Adam Scott,12.50,1,8,-1.00
10,Craig Stadler,12.50,1,8,E
10,Kirk Triplett,12.50,1,8,+1.00
21,Darren Clarke,.00,0,8,E
21,Fred Couples,.00,0,8,E
21,Ben Crane,.00,0,8,E
21,J.L. Lewis,.00,0,8,E
21,Shigeki Maruyama,.00,0,8,E
21,Shaun Micheel,.00,0,8,E
21,Kenny Perry,.00,0,8,E
21,Vijay Singh,.00,0,8,E
21,Mike Weir,.00,0,8,E
21,Tiger Woods,.00,0,8,E
