rank,player,%,Total Drives for 320+,Total Drives - Overall,Relative to Par
1,Tommy Armour III,33.33,20,60,-0.200
1,Davis Love III,33.33,20,60,-0.150
3,Vijay Singh,31.67,19,60,-0.474
3,Tiger Woods,31.67,19,60,-0.368
5,Stuart Appleby,30.00,18,60,-0.444
5,Fred Couples,30.00,18,60,-0.500
5,Ben Crane,30.00,18,60,-0.056
8,Ernie Els,26.67,16,60,-0.063
8,Shaun Micheel,26.67,16,60,-0.063
10,Jim Furyk,25.00,15,60,+0.067
10,Peter Jacobsen,25.00,15,60,-0.400
10,Frank Lickliter II,25.00,15,60,E
10,Shigeki Maruyama,25.00,15,60,-0.133
10,Kenny Perry,25.00,15,60,-0.133
10,Rory Sabbatini,25.00,15,60,-0.067
10,Adam Scott,25.00,15,60,+0.133
10,Craig Stadler,25.00,15,60,E
10,Mike Weir,25.00,15,60,-0.067
19,Chad Campbell,23.33,14,60,-0.214
19,Darren Clarke,23.33,14,60,-0.571
19,Steve Flesch,23.33,14,60,-0.286
19,Retief Goosen,23.33,14,60,-0.143
19,Kirk Triplett,23.33,14,60,-0.286
19,Bob Tway,23.33,14,60,+0.143
25,John Huston,21.67,13,60,-0.154
25,Jonathan Kaye,21.67,13,60,-0.385
25,J.L. Lewis,21.67,13,60,-0.385
28,Scott Hoch,20.00,12,60,-0.250
29,Justin Leonard,18.33,11,60,-0.091
30,Ben Curtis,16.67,10,60,-0.100
