rank,player,%,Total Drives for <= 240,Total Drives - Overall,Relative to Par
1,Chad Campbell,21.67,13,60,-0.077
1,Bob Tway,21.67,13,60,+0.154
3,Jim Furyk,20.00,12,60,E
4,Retief Goosen,18.33,11,60,-0.182
5,Steve Flesch,16.67,10,60,+0.300
6,Peter Jacobsen,15.00,9,60,E
6,Jonathan Kaye,15.00,9,60,+0.111
6,Kenny Perry,15.00,9,60,E
9,Scott Hoch,13.33,8,60,-0.125
10,Ben Crane,11.67,7,60,-0.143
10,John Huston,11.67,7,60,-0.143
10,Shigeki Maruyama,11.67,7,60,E
10,Shaun Micheel,11.67,7,60,-0.143
10,Rory Sabbatini,11.67,7,60,-0.286
15,Tommy Armour III,10.00,6,60,E
15,Darren Clarke,10.00,6,60,-0.500
15,J.L. Lewis,10.00,6,60,+0.833
15,Mike Weir,10.00,6,60,E
19,Kirk Triplett,8.33,5,60,-0.400
20,Justin Leonard,6.67,4,60,-0.250
20,Adam Scott,6.67,4,60,+0.250
22,Ben Curtis,5.00,3,60,+0.333
22,Frank Lickliter II,5.00,3,60,+0.333
22,Davis Love III,5.00,3,60,-0.333
22,Vijay Singh,5.00,3,60,E
26,Stuart Appleby,3.33,2,60,-0.500
26,Craig Stadler,3.33,2,60,E
26,Tiger Woods,3.33,2,60,-0.500
29,Ernie Els,1.67,1,60,E
30,Fred Couples,.00,0,60,E
