rank,player,%,Total Drives for 300-320,Total Drives - Overall,Relative to Par
1,Tiger Woods,25.00,15,60,-0.333
2,Justin Leonard,16.67,10,60,-0.100
3,Ernie Els,15.00,9,60,-0.111
3,Davis Love III,15.00,9,60,-0.222
5,Fred Couples,13.33,8,60,E
5,Adam Scott,13.33,8,60,-0.250
5,Vijay Singh,13.33,8,60,-0.125
8,Ben Curtis,11.67,7,60,E
8,Peter Jacobsen,11.67,7,60,-0.286
8,Jonathan Kaye,11.67,7,60,-0.286
8,Shaun Micheel,11.67,7,60,-0.429
8,Kenny Perry,11.67,7,60,+0.143
8,Kirk Triplett,11.67,7,60,E
14,Stuart Appleby,10.00,6,60,-0.833
14,Tommy Armour III,10.00,6,60,+0.500
16,Retief Goosen,8.33,5,60,E
16,John Huston,8.33,5,60,+0.600
16,J.L. Lewis,8.33,5,60,E
16,Craig Stadler,8.33,5,60,+0.400
20,Chad Campbell,6.67,4,60,E
20,Darren Clarke,6.67,4,60,-0.250
20,Ben Crane,6.67,4,60,-0.250
20,Steve Flesch,6.67,4,60,E
20,Jim Furyk,6.67,4,60,-0.500
20,Shigeki Maruyama,6.67,4,60,E
20,Bob Tway,6.67,4,60,-0.250
27,Scott Hoch,5.00,3,60,E
27,Frank Lickliter II,5.00,3,60,+0.333
29,Rory Sabbatini,3.33,2,60,+0.500
30,Mike Weir,.00,0,60,E
