rank,player,%,Total Drives for 300+,Total Drvs - overall,Relative to par
1,Tiger Woods,87.50,7,8,-0.71
2,Fred Couples,50.00,4,8,-0.75
3,Stuart Appleby,37.50,3,8,-1.00
3,Tommy Armour III,37.50,3,8,-0.33
3,Davis Love III,37.50,3,8,-1.00
3,Kenny Perry,37.50,3,8,-0.33
3,Vijay Singh,37.50,3,8,-0.33
8,Ernie Els,25.00,2,8,-1.00
8,Justin Leonard,25.00,2,8,-0.50
8,Shigeki Maruyama,25.00,2,8,E
8,Shaun Micheel,25.00,2,8,E
8,Adam Scott,25.00,2,8,-0.50
13,Darren Clarke,12.50,1,8,E
13,Retief Goosen,12.50,1,8,E
13,John Huston,12.50,1,8,E
13,J.L. Lewis,12.50,1,8,-1.00
17,Chad Campbell,.00,0,8,E
17,Ben Crane,.00,0,8,E
17,Ben Curtis,.00,0,8,E
17,Steve Flesch,.00,0,8,E
17,Jim Furyk,.00,0,8,E
17,Scott Hoch,.00,0,8,E
17,Peter Jacobsen,.00,0,8,E
17,Jonathan Kaye,.00,0,8,E
17,Frank Lickliter II,.00,0,8,E
17,Rory Sabbatini,.00,0,8,E
17,Craig Stadler,.00,0,8,E
17,Kirk Triplett,.00,0,8,E
17,Bob Tway,.00,0,8,E
17,Mike Weir,.00,0,8,E
