rank,player,Avg,Total Distance,Total Drives
1,Tiger Woods,311.1,"2,489",8
2,Kenny Perry,297.1,"2,377",8
3,Vijay Singh,294.9,"2,359",8
4,Fred Couples,293.6,"2,349",8
5,Shaun Micheel,290.5,"2,324",8
6,Tommy Armour III,288.5,"2,308",8
6,J.L. Lewis,288.5,"2,308",8
8,Stuart Appleby,288.3,"2,306",8
9,Ernie Els,286.9,"2,295",8
10,Shigeki Maruyama,286.5,"2,292",8
11,Davis Love III,284.9,"2,279",8
12,Justin Leonard,283.9,"2,271",8
13,Ben Crane,283.0,"2,264",8
14,Craig Stadler,282.9,"2,263",8
15,Darren Clarke,280.9,"2,247",8
16,Mike Weir,278.3,"2,226",8
17,Steve Flesch,277.0,"2,216",8
18,Adam Scott,274.9,"2,199",8
19,Ben Curtis,273.8,"2,190",8
19,Peter Jacobsen,273.8,"2,190",8
21,Frank Lickliter II,272.6,"2,181",8
22,Chad Campbell,271.4,"2,171",8
23,Scott Hoch,270.5,"2,164",8
24,Kirk Triplett,270.1,"2,161",8
25,Jonathan Kaye,269.9,"2,159",8
26,John Huston,268.3,"2,146",8
27,Retief Goosen,267.6,"2,141",8
28,Jim Furyk,263.8,"2,110",8
29,Rory Sabbatini,260.3,"2,082",8
30,Bob Tway,258.1,"2,065",8
