rank,player,%,Total Drives for <= 240,Total Drvs - overall,Relative to par
1,Chad Campbell,25.00,2,8,E
1,Rory Sabbatini,25.00,2,8,E
1,Bob Tway,25.00,2,8,E
4,Tommy Armour III,12.50,1,8,E
4,Ben Curtis,12.50,1,8,+1.00
4,Jim Furyk,12.50,1,8,E
4,Retief Goosen,12.50,1,8,-1.00
4,Davis Love III,12.50,1,8,E
4,Adam Scott,12.50,1,8,-1.00
4,Kirk Triplett,12.50,1,8,+1.00
11,Stuart Appleby,.00,0,8,E
11,Darren Clarke,.00,0,8,E
11,Fred Couples,.00,0,8,E
11,Ben Crane,.00,0,8,E
11,Ernie Els,.00,0,8,E
11,Steve Flesch,.00,0,8,E
11,Scott Hoch,.00,0,8,E
11,John Huston,.00,0,8,E
11,Peter Jacobsen,.00,0,8,E
11,Jonathan Kaye,.00,0,8,E
11,Justin Leonard,.00,0,8,E
11,J.L. Lewis,.00,0,8,E
11,Frank Lickliter II,.00,0,8,E
11,Shigeki Maruyama,.00,0,8,E
11,Shaun Micheel,.00,0,8,E
11,Kenny Perry,.00,0,8,E
11,Vijay Singh,.00,0,8,E
11,Craig Stadler,.00,0,8,E
11,Mike Weir,.00,0,8,E
11,Tiger Woods,.00,0,8,E
