rank,player,%,Total Drives for 320+,Total Drvs - overall,Relative to par
1,Tommy Armour III,25.00,2,8,E
1,Tiger Woods,25.00,2,8,-1.00
3,Davis Love III,12.50,1,8,-1.00
4,Stuart Appleby,.00,0,8,E
4,Chad Campbell,.00,0,8,E
4,Darren Clarke,.00,0,8,E
4,Fred Couples,.00,0,8,E
4,Ben Crane,.00,0,8,E
4,Ben Curtis,.00,0,8,E
4,Ernie Els,.00,0,8,E
4,Steve Flesch,.00,0,8,E
4,Jim Furyk,.00,0,8,E
4,Retief Goosen,.00,0,8,E
4,Scott Hoch,.00,0,8,E
4,John Huston,.00,0,8,E
4,Peter Jacobsen,.00,0,8,E
4,Jonathan Kaye,.00,0,8,E
4,Justin Leonard,.00,0,8,E
4,J.L. Lewis,.00,0,8,E
4,Frank Lickliter II,.00,0,8,E
4,Shigeki Maruyama,.00,0,8,E
4,Shaun Micheel,.00,0,8,E
4,Kenny Perry,.00,0,8,E
4,Rory Sabbatini,.00,0,8,E
4,Adam Scott,.00,0,8,E
4,Vijay Singh,.00,0,8,E
4,Craig Stadler,.00,0,8,E
4,Kirk Triplett,.00,0,8,E
4,Bob Tway,.00,0,8,E
4,Mike Weir,.00,0,8,E
