rank,player,%,Total Drives for 260-280,Total Drvs - overall,Relative to par
1,Peter Jacobsen,62.50,5,8,+0.20
1,Frank Lickliter II,62.50,5,8,+0.20
1,Mike Weir,62.50,5,8,-0.60
4,Darren Clarke,50.00,4,8,-0.50
5,Ben Crane,37.50,3,8,E
5,Steve Flesch,37.50,3,8,-0.67
5,Jim Furyk,37.50,3,8,+0.33
5,Scott Hoch,37.50,3,8,E
5,Justin Leonard,37.50,3,8,+0.33
5,Adam Scott,37.50,3,8,-0.67
5,Bob Tway,37.50,3,8,E
12,Ben Curtis,25.00,2,8,-0.50
12,John Huston,25.00,2,8,E
12,J.L. Lewis,25.00,2,8,-0.50
12,Shigeki Maruyama,25.00,2,8,-0.50
12,Shaun Micheel,25.00,2,8,E
12,Kirk Triplett,25.00,2,8,-0.50
18,Stuart Appleby,12.50,1,8,E
18,Fred Couples,12.50,1,8,E
18,Retief Goosen,12.50,1,8,-1.00
18,Jonathan Kaye,12.50,1,8,-1.00
18,Kenny Perry,12.50,1,8,E
18,Vijay Singh,12.50,1,8,E
18,Craig Stadler,12.50,1,8,-1.00
25,Tommy Armour III,.00,0,8,E
25,Chad Campbell,.00,0,8,E
25,Ernie Els,.00,0,8,E
25,Davis Love III,.00,0,8,E
25,Rory Sabbatini,.00,0,8,E
25,Tiger Woods,.00,0,8,E
