rank,player,%,Total Drives for 280-300,Total Drives - Overall,Relative to Par
1,Ernie Els,41.67,25,60,E
2,Rory Sabbatini,31.67,19,60,+0.158
3,Vijay Singh,30.00,18,60,-0.722
4,Kenny Perry,28.33,17,60,-0.235
5,Darren Clarke,26.67,16,60,E
6,Scott Hoch,25.00,15,60,-0.467
6,Mike Weir,25.00,15,60,-0.067
8,Stuart Appleby,23.33,14,60,-0.143
8,Jonathan Kaye,23.33,14,60,-0.214
8,J.L. Lewis,23.33,14,60,-0.143
8,Shigeki Maruyama,23.33,14,60,-0.357
12,Chad Campbell,21.67,13,60,E
12,Steve Flesch,21.67,13,60,-0.154
12,Shaun Micheel,21.67,13,60,-0.308
12,Craig Stadler,21.67,13,60,-0.077
16,Tiger Woods,20.00,12,60,-0.167
17,Ben Curtis,18.33,11,60,E
17,Justin Leonard,18.33,11,60,-0.182
19,Fred Couples,16.67,10,60,-0.100
19,Frank Lickliter II,16.67,10,60,-0.500
21,Tommy Armour III,15.00,9,60,-0.222
21,Ben Crane,15.00,9,60,-0.556
21,Kirk Triplett,15.00,9,60,-0.556
24,Jim Furyk,13.33,8,60,-0.375
24,Davis Love III,13.33,8,60,-0.250
24,Adam Scott,13.33,8,60,-0.500
24,Bob Tway,13.33,8,60,-0.375
28,Retief Goosen,11.67,7,60,-0.286
28,Peter Jacobsen,11.67,7,60,-0.143
30,John Huston,10.00,6,60,-0.333
