rank,player,%,Total Drives for 240-260,Total Drives - Overall,Relative to Par
1,John Huston,25.00,15,60,+0.133
2,Ben Curtis,23.33,14,60,E
2,Frank Lickliter II,23.33,14,60,+0.143
2,Kirk Triplett,23.33,14,60,-0.357
5,Justin Leonard,21.67,13,60,-0.154
5,Bob Tway,21.67,13,60,E
7,Jim Furyk,20.00,12,60,-0.417
7,Scott Hoch,20.00,12,60,-0.250
7,Craig Stadler,20.00,12,60,+0.083
10,Stuart Appleby,18.33,11,60,-0.545
10,Shigeki Maruyama,18.33,11,60,+0.091
12,Retief Goosen,16.67,10,60,-0.300
12,Peter Jacobsen,16.67,10,60,-0.100
12,Jonathan Kaye,16.67,10,60,E
12,J.L. Lewis,16.67,10,60,-0.100
12,Adam Scott,16.67,10,60,-0.300
17,Davis Love III,15.00,9,60,-0.333
17,Mike Weir,15.00,9,60,+0.333
19,Tommy Armour III,13.33,8,60,-0.125
19,Chad Campbell,13.33,8,60,+0.125
19,Ben Crane,13.33,8,60,-0.375
19,Steve Flesch,13.33,8,60,-0.125
23,Shaun Micheel,11.67,7,60,+0.143
23,Rory Sabbatini,11.67,7,60,-0.143
25,Darren Clarke,10.00,6,60,E
25,Ernie Els,10.00,6,60,-0.167
25,Tiger Woods,10.00,6,60,E
28,Fred Couples,8.33,5,60,+0.600
28,Kenny Perry,8.33,5,60,-0.200
28,Vijay Singh,8.33,5,60,-0.400
