rank,player,Avg,Total Strokes,Total 1st Tee Late Rounds
1,Stuart Appleby,71.00,284,4
1,Vijay Singh,71.00,284,4
3,Vaughn Taylor,71.50,143,2
4,Jim Furyk,72.00,288,4
5,Lucas Glover,72.33,217,3
6,Michael Campbell,72.50,290,4
7,Sergio Garcia,73.25,293,4
8,Justin Leonard,74.00,222,3
8,Kenny Perry,74.00,74,1
8,Tim Petrovic,74.00,74,1
8,Ted Purdy,74.00,148,2
12,Bart Bryant,74.33,223,3
12,David Toms,74.33,223,3
14,Peter Lonard,74.50,149,2
15,"Wes Short, Jr.",74.67,224,3
16,Mark Calcavecchia,75.33,226,3
16,Geoff Ogilvy,75.33,226,3
18,Fred Funk,76.00,76,1
19,Olin Browne,77.33,232,3
20,Jason Bohn,78.00,78,1
21,Heath Slocum,81.00,81,1
22,Carl Pettersson,85.00,85,1
