rank,player,%,# of 1 putts,# of holes
1,Cameron Young,72.22%,13,18
2,Austin Eckroat,55.56%,10,18
2,Tony Finau,55.56%,10,18
2,Sepp Straka,55.56%,10,18
2,Will Zalatoris,55.56%,10,18
6,Viktor Hovland,50.00%,9,18
6,Jake Knapp,50.00%,9,18
6,Maverick McNealy,50.00%,9,18
9,Akshay Bhatia,44.44%,8,18
9,Rafael Campos,44.44%,8,18
9,Cam Davis,44.44%,8,18
9,Thomas Detry,44.44%,8,18
9,Harry Hall,44.44%,8,18
9,Tom Hoge,44.44%,8,18
9,Collin Morikawa,44.44%,8,18
16,Ludvig Åberg,38.89%,7,18
16,Christiaan Bezuidenhout,38.89%,7,18
16,Patrick Cantlay,38.89%,7,18
16,Brice Garnett,38.89%,7,18
16,Adam Hadwin,38.89%,7,18
16,Brian Harman,38.89%,7,18
16,Russell Henley,38.89%,7,18
16,Sungjae Im,38.89%,7,18
16,Si Woo Kim,38.89%,7,18
16,Hideki Matsuyama,38.89%,7,18
16,Matt McCarty,38.89%,7,18
16,J.T. Poston,38.89%,7,18
16,Aaron Rai,38.89%,7,18
16,Justin Thomas,38.89%,7,18
16,Jhonattan Vegas,38.89%,7,18
31,Corey Conners,33.33%,6,18
31,Jason Day,33.33%,6,18
31,Matt Fitzpatrick,33.33%,6,18
31,Max Greyserman,33.33%,6,18
31,Billy Horschel,33.33%,6,18
31,Chris Kirk,33.33%,6,18
31,Patton Kizzire,33.33%,6,18
31,Denny McCarthy,33.33%,6,18
31,Matthieu Pavon,33.33%,6,18
31,Nick Taylor,33.33%,6,18
41,Byeong Hun An,27.78%,5,18
41,Wyndham Clark,27.78%,5,18
41,Eric Cole,27.78%,5,18
41,Stephan Jaeger,27.78%,5,18
41,Adam Scott,27.78%,5,18
46,Keegan Bradley,22.22%,4,18
46,Sam Burns,22.22%,4,18
46,Nico Echavarria,22.22%,4,18
46,Chris Gotterup,22.22%,4,18
46,Max Homa,22.22%,4,18
46,Peter Malnati,22.22%,4,18
46,Taylor Pendrith,22.22%,4,18
46,Xander Schauffele,22.22%,4,18
46,Sahith Theegala,22.22%,4,18
46,Kevin Yu,22.22%,4,18
56,Nick Dunlap,16.67%,3,18
56,Davis Thompson,16.67%,3,18
58,Robert MacIntyre,11.11%,2,18
