rank,player,Total,Total (for all distances),Pct of all 1-putts
1,Si Woo Kim,20,36,55.6
2,Byeong Hun An,17,26,65.4
2,Chris Kirk,17,29,58.6
2,Patton Kizzire,17,26,65.4
2,Matthieu Pavon,17,30,56.7
2,Cameron Young,17,38,44.7
7,Brice Garnett,16,25,64.0
7,Sungjae Im,16,35,45.7
7,Stephan Jaeger,16,29,55.2
7,Hideki Matsuyama,16,35,45.7
11,Thomas Detry,15,33,45.5
11,Collin Morikawa,15,34,44.1
11,Adam Scott,15,29,51.7
11,Kevin Yu,15,30,50.0
15,Viktor Hovland,14,27,51.9
15,Nick Taylor,14,25,56.0
17,Eric Cole,13,27,48.1
17,Max Greyserman,13,28,46.4
17,Billy Horschel,13,22,59.1
17,Peter Malnati,13,27,48.1
17,Matt McCarty,13,25,52.0
17,J.T. Poston,13,27,48.1
23,Christiaan Bezuidenhout,12,28,42.9
23,Rafael Campos,12,23,52.2
23,Wyndham Clark,12,28,42.9
23,Russell Henley,12,26,46.2
23,Taylor Pendrith,12,25,48.0
23,Justin Thomas,12,29,41.4
23,Jhonattan Vegas,12,27,44.4
30,Akshay Bhatia,11,30,36.7
30,Nico Echavarria,11,29,37.9
30,Adam Hadwin,11,32,34.4
30,Denny McCarthy,11,23,47.8
30,Sahith Theegala,11,23,47.8
35,Ludvig Åberg,10,30,33.3
35,Sam Burns,10,31,32.3
35,Patrick Cantlay,10,28,35.7
35,Cam Davis,10,31,32.3
35,Harry Hall,10,28,35.7
35,Max Homa,10,25,40.0
35,Aaron Rai,10,28,35.7
35,Davis Thompson,10,23,43.5
43,Austin Eckroat,9,30,30.0
43,Matt Fitzpatrick,9,29,31.0
43,Chris Gotterup,9,23,39.1
43,Brian Harman,9,22,40.9
43,Tom Hoge,9,26,34.6
43,Jake Knapp,9,23,39.1
43,Xander Schauffele,9,22,40.9
50,Keegan Bradley,8,23,34.8
50,Jason Day,8,20,40.0
50,Maverick McNealy,8,26,30.8
50,Sepp Straka,8,27,29.6
50,Will Zalatoris,8,25,32.0
55,Corey Conners,7,27,25.9
55,Nick Dunlap,7,18,38.9
55,Tony Finau,7,27,25.9
58,Robert MacIntyre,6,18,33.3
