rank,player,Total,Total (for all distances),Pct of all 1-putts
1,Will Zalatoris,5,25,20.0
2,Cameron Young,3,38,7.9
3,Akshay Bhatia,2,30,6.7
3,Keegan Bradley,2,23,8.7
3,Sam Burns,2,31,6.5
3,Wyndham Clark,2,28,7.1
3,Cam Davis,2,31,6.5
3,Chris Gotterup,2,23,8.7
3,Max Greyserman,2,28,7.1
3,Adam Hadwin,2,32,6.3
3,Tom Hoge,2,26,7.7
3,Chris Kirk,2,29,6.9
3,Hideki Matsuyama,2,35,5.7
3,Taylor Pendrith,2,25,8.0
3,J.T. Poston,2,27,7.4
3,Jhonattan Vegas,2,27,7.4
17,Christiaan Bezuidenhout,1,28,3.6
17,Thomas Detry,1,33,3.0
17,Nico Echavarria,1,29,3.4
17,Austin Eckroat,1,30,3.3
17,Tony Finau,1,27,3.7
17,Matt Fitzpatrick,1,29,3.4
17,Brice Garnett,1,25,4.0
17,Russell Henley,1,26,3.8
17,Peter Malnati,1,27,3.7
17,Matt McCarty,1,25,4.0
17,Sahith Theegala,1,23,4.3
17,Justin Thomas,1,29,3.4
