rank,player,Total,Total (for all distances),Pct of all 1-putts
1,Sam Burns,14,31,45.2
1,Maverick McNealy,14,26,53.8
3,Adam Hadwin,13,32,40.6
3,Sungjae Im,13,35,37.1
5,Ludvig Åberg,12,30,40.0
5,Eric Cole,12,27,44.4
5,Sepp Straka,12,27,44.4
8,Cam Davis,11,31,35.5
8,Nico Echavarria,11,29,37.9
8,Austin Eckroat,11,30,36.7
8,Matt Fitzpatrick,11,29,37.9
8,Si Woo Kim,11,36,30.6
8,Aaron Rai,11,28,39.3
14,Thomas Detry,10,33,30.3
14,Stephan Jaeger,10,29,34.5
16,Akshay Bhatia,9,30,30.0
16,Patrick Cantlay,9,28,32.1
16,Wyndham Clark,9,28,32.1
16,Tony Finau,9,27,33.3
16,Harry Hall,9,28,32.1
16,Brian Harman,9,22,40.9
16,Russell Henley,9,26,34.6
16,Max Homa,9,25,36.0
16,Viktor Hovland,9,27,33.3
16,Collin Morikawa,9,34,26.5
16,Taylor Pendrith,9,25,36.0
16,Xander Schauffele,9,22,40.9
16,Adam Scott,9,29,31.0
16,Cameron Young,9,38,23.7
16,Kevin Yu,9,30,30.0
16,Will Zalatoris,9,25,36.0
32,Max Greyserman,8,28,28.6
32,Tom Hoge,8,26,30.8
32,Billy Horschel,8,22,36.4
32,Matt McCarty,8,25,32.0
32,Matthieu Pavon,8,30,26.7
32,Justin Thomas,8,29,27.6
32,Jhonattan Vegas,8,27,29.6
39,Christiaan Bezuidenhout,7,28,25.0
39,Corey Conners,7,27,25.9
39,Jason Day,7,20,35.0
39,Jake Knapp,7,23,30.4
39,Hideki Matsuyama,7,35,20.0
39,J.T. Poston,7,27,25.9
39,Nick Taylor,7,25,28.0
39,Davis Thompson,7,23,30.4
47,Keegan Bradley,6,23,26.1
47,Chris Kirk,6,29,20.7
47,Patton Kizzire,6,26,23.1
47,Sahith Theegala,6,23,26.1
51,Rafael Campos,5,23,21.7
51,Chris Gotterup,5,23,21.7
51,Robert MacIntyre,5,18,27.8
51,Peter Malnati,5,27,18.5
55,Byeong Hun An,4,26,15.4
55,Nick Dunlap,4,18,22.2
55,Denny McCarthy,4,23,17.4
58,Brice Garnett,3,25,12.0
