rank,player,Total,Total (for all distances),Pct of all 1-putts
1,Akshay Bhatia,7,30,23.3
2,Ludvig Åberg,6,30,20.0
2,Christiaan Bezuidenhout,6,28,21.4
2,Thomas Detry,6,33,18.2
2,Harry Hall,6,28,21.4
2,Robert MacIntyre,6,18,33.3
2,Hideki Matsuyama,6,35,17.1
2,Sepp Straka,6,27,22.2
2,Justin Thomas,6,29,20.7
10,Patrick Cantlay,5,28,17.9
10,Cam Davis,5,31,16.1
10,Matt Fitzpatrick,5,29,17.2
10,Max Greyserman,5,28,17.9
10,Jake Knapp,5,23,21.7
10,Peter Malnati,5,27,18.5
10,Denny McCarthy,5,23,21.7
10,Collin Morikawa,5,34,14.7
10,Cameron Young,5,38,13.2
19,Sam Burns,4,31,12.9
19,Wyndham Clark,4,28,14.3
19,Jason Day,4,20,20.0
19,Nick Dunlap,4,18,22.2
19,Austin Eckroat,4,30,13.3
19,Tony Finau,4,27,14.8
19,Adam Hadwin,4,32,12.5
19,Matthieu Pavon,4,30,13.3
19,Aaron Rai,4,28,14.3
19,Kevin Yu,4,30,13.3
29,Byeong Hun An,3,26,11.5
29,Rafael Campos,3,23,13.0
29,Corey Conners,3,27,11.1
29,Chris Gotterup,3,23,13.0
29,Russell Henley,3,26,11.5
29,Tom Hoge,3,26,11.5
29,Maverick McNealy,3,26,11.5
29,J.T. Poston,3,27,11.1
29,Nick Taylor,3,25,12.0
29,Jhonattan Vegas,3,27,11.1
39,Keegan Bradley,2,23,8.7
39,Nico Echavarria,2,29,6.9
39,Brice Garnett,2,25,8.0
39,Viktor Hovland,2,27,7.4
39,Sungjae Im,2,35,5.7
39,Stephan Jaeger,2,29,6.9
39,Chris Kirk,2,29,6.9
39,Matt McCarty,2,25,8.0
39,Xander Schauffele,2,22,9.1
39,Adam Scott,2,29,6.9
39,Sahith Theegala,2,23,8.7
39,Davis Thompson,2,23,8.7
39,Will Zalatoris,2,25,8.0
52,Eric Cole,1,27,3.7
52,Max Homa,1,25,4.0
52,Si Woo Kim,1,36,2.8
52,Patton Kizzire,1,26,3.8
52,Taylor Pendrith,1,25,4.0
