rank,player,Total,Total (for all distances),Pct of all 1-putts
1,Corey Conners,4,27,14.8
1,Si Woo Kim,4,36,11.1
3,Sungjae Im,3,35,8.6
3,Peter Malnati,3,27,11.1
3,Hideki Matsuyama,3,35,8.6
3,Aaron Rai,3,28,10.7
7,Keegan Bradley,2,23,8.7
7,Nick Dunlap,2,18,11.1
7,Tony Finau,2,27,7.4
7,Chris Gotterup,2,23,8.7
7,Adam Hadwin,2,32,6.3
7,Harry Hall,2,28,7.1
7,Max Homa,2,25,8.0
7,Jake Knapp,2,23,8.7
7,J.T. Poston,2,27,7.4
7,Adam Scott,2,29,6.9
17,Christiaan Bezuidenhout,1,28,3.6
17,Sam Burns,1,31,3.2
17,Rafael Campos,1,23,4.3
17,Patrick Cantlay,1,28,3.6
17,Wyndham Clark,1,28,3.6
17,Eric Cole,1,27,3.7
17,Jason Day,1,20,5.0
17,Nico Echavarria,1,29,3.4
17,Austin Eckroat,1,30,3.3
17,Brice Garnett,1,25,4.0
17,Brian Harman,1,22,4.5
17,Russell Henley,1,26,3.8
17,Billy Horschel,1,22,4.5
17,Chris Kirk,1,29,3.4
17,Robert MacIntyre,1,18,5.6
17,Denny McCarthy,1,23,4.3
17,Matt McCarty,1,25,4.0
17,Maverick McNealy,1,26,3.8
17,Collin Morikawa,1,34,2.9
17,Matthieu Pavon,1,30,3.3
17,Xander Schauffele,1,22,4.5
17,Sahith Theegala,1,23,4.3
17,Justin Thomas,1,29,3.4
17,Davis Thompson,1,23,4.3
17,Jhonattan Vegas,1,27,3.7
17,Cameron Young,1,38,2.6
