rank,player,%,# of 1 putts,# of holes
1,Peter Malnati,61.11%,11,18
2,Adam Hadwin,55.56%,10,18
2,Hideki Matsuyama,55.56%,10,18
2,Matt McCarty,55.56%,10,18
2,J.T. Poston,55.56%,10,18
6,Sam Burns,50.00%,9,18
6,Wyndham Clark,50.00%,9,18
6,Austin Eckroat,50.00%,9,18
6,Si Woo Kim,50.00%,9,18
10,Akshay Bhatia,44.44%,8,18
10,Keegan Bradley,44.44%,8,18
10,Eric Cole,44.44%,8,18
10,Cam Davis,44.44%,8,18
10,Thomas Detry,44.44%,8,18
10,Nico Echavarria,44.44%,8,18
10,Matt Fitzpatrick,44.44%,8,18
10,Max Greyserman,44.44%,8,18
10,Harry Hall,44.44%,8,18
10,Sungjae Im,44.44%,8,18
10,Stephan Jaeger,44.44%,8,18
10,Chris Kirk,44.44%,8,18
10,Collin Morikawa,44.44%,8,18
10,Taylor Pendrith,44.44%,8,18
10,Adam Scott,44.44%,8,18
10,Kevin Yu,44.44%,8,18
26,Byeong Hun An,38.89%,7,18
26,Tony Finau,38.89%,7,18
26,Chris Gotterup,38.89%,7,18
26,Russell Henley,38.89%,7,18
26,Tom Hoge,38.89%,7,18
26,Robert MacIntyre,38.89%,7,18
26,Denny McCarthy,38.89%,7,18
26,Sepp Straka,38.89%,7,18
34,Ludvig Åberg,33.33%,6,18
34,Christiaan Bezuidenhout,33.33%,6,18
34,Corey Conners,33.33%,6,18
34,Max Homa,33.33%,6,18
34,Viktor Hovland,33.33%,6,18
34,Patton Kizzire,33.33%,6,18
34,Maverick McNealy,33.33%,6,18
34,Matthieu Pavon,33.33%,6,18
34,Xander Schauffele,33.33%,6,18
34,Davis Thompson,33.33%,6,18
34,Jhonattan Vegas,33.33%,6,18
34,Cameron Young,33.33%,6,18
46,Rafael Campos,27.78%,5,18
46,Jason Day,27.78%,5,18
46,Billy Horschel,27.78%,5,18
46,Aaron Rai,27.78%,5,18
46,Nick Taylor,27.78%,5,18
46,Sahith Theegala,27.78%,5,18
46,Will Zalatoris,27.78%,5,18
53,Patrick Cantlay,22.22%,4,18
53,Brice Garnett,22.22%,4,18
53,Brian Harman,22.22%,4,18
53,Justin Thomas,22.22%,4,18
57,Jake Knapp,16.67%,3,18
58,Nick Dunlap,11.11%,2,18
