rank,player,Total,Total (for all distances),Pct of all 1-putts
1,Corey Conners,6,27,22.2
2,Austin Eckroat,4,30,13.3
2,Tony Finau,4,27,14.8
2,Tom Hoge,4,26,15.4
2,Collin Morikawa,4,34,11.8
6,Keegan Bradley,3,23,13.0
6,Patrick Cantlay,3,28,10.7
6,Cam Davis,3,31,9.7
6,Nico Echavarria,3,29,10.3
6,Matt Fitzpatrick,3,29,10.3
6,Brian Harman,3,22,13.6
6,Max Homa,3,25,12.0
6,Davis Thompson,3,23,13.0
6,Cameron Young,3,38,7.9
15,Ludvig Åberg,2,30,6.7
15,Byeong Hun An,2,26,7.7
15,Rafael Campos,2,23,8.7
15,Brice Garnett,2,25,8.0
15,Chris Gotterup,2,23,8.7
15,Viktor Hovland,2,27,7.4
15,Patton Kizzire,2,26,7.7
15,Denny McCarthy,2,23,8.7
15,Sahith Theegala,2,23,8.7
15,Kevin Yu,2,30,6.7
25,Christiaan Bezuidenhout,1,28,3.6
25,Akshay Bhatia,1,30,3.3
25,Thomas Detry,1,33,3.0
25,Nick Dunlap,1,18,5.6
25,Harry Hall,1,28,3.6
25,Sungjae Im,1,35,2.9
25,Stephan Jaeger,1,29,3.4
25,Chris Kirk,1,29,3.4
25,Hideki Matsuyama,1,35,2.9
25,Taylor Pendrith,1,25,4.0
25,Xander Schauffele,1,22,4.5
25,Adam Scott,1,29,3.4
25,Sepp Straka,1,27,3.7
25,Nick Taylor,1,25,4.0
25,Justin Thomas,1,29,3.4
25,Jhonattan Vegas,1,27,3.7
25,Will Zalatoris,1,25,4.0
