rank,player,Distance,Year/Tourn#,Round,Hole
1,Sungjae Im,"59' 10""",Sentry,3,5
2,Jake Knapp,"57' 5""",Sentry,3,5
3,Davis Thompson,"55' 11""",Sentry,2,5
4,Harry Hall,"54' 4""",Sentry,3,5
5,Rafael Campos,"54' 0""",Sentry,1,18
6,Chris Kirk,"52' 10""",Sentry,3,5
7,Russell Henley,"47' 4""",Sentry,2,3
8,Aaron Rai,"46' 8""",Sentry,4,15
9,Max Homa,"46' 6""",Sentry,2,10
10,Brice Garnett,"43' 2""",Sentry,3,8
11,Corey Conners,"42' 10""",Sentry,2,15
12,Matt McCarty,"42' 5""",Sentry,2,11
13,Davis Riley,"38' 7""",Sentry,1,12
14,Adam Hadwin,"37' 8""",Sentry,4,7
15,Si Woo Kim,"36' 1""",Sentry,4,17
16,Chris Gotterup,"35' 9""",Sentry,3,17
17,Hideki Matsuyama,"34' 11""",Sentry,2,11
18,Keegan Bradley,"34' 3""",Sentry,2,1
19,Billy Horschel,"33' 11""",Sentry,3,4
20,Xander Schauffele,"33' 10""",Sentry,3,18
21,Tony Finau,"33' 5""",Sentry,1,5
22,Robert MacIntyre,"33' 4""",Sentry,2,18
23,Adam Scott,"33' 1""",Sentry,3,8
24,Jason Day,"31' 3""",Sentry,3,13
25,Patrick Cantlay,"31' 0""",Sentry,4,18
26,Matthieu Pavon,"30' 7""",Sentry,4,18
27,Sahith Theegala,"30' 2""",Sentry,3,5
28,Nico Echavarria,"29' 5""",Sentry,4,18
29,Denny McCarthy,"28' 11""",Sentry,1,15
30,Maverick McNealy,"28' 10""",Sentry,4,7
31,Sam Burns,"28' 4""",Sentry,1,1
32,Cameron Young,"28' 2""",Sentry,3,16
33,Christiaan Bezuidenhout,"28' 1""",Sentry,3,15
34,Wyndham Clark,"28' 0""",Sentry,1,17
34,Eric Cole,"28' 0""",Sentry,3,3
36,Peter Malnati,"27' 4""",Sentry,3,17
37,Nick Dunlap,"26' 11""",Sentry,1,4
38,Justin Thomas,"26' 10""",Sentry,2,10
39,J.T. Poston,"26' 3""",Sentry,3,3
40,Jhonattan Vegas,"26' 2""",Sentry,3,8
41,Austin Eckroat,"25' 10""",Sentry,2,18
41,Collin Morikawa,"25' 10""",Sentry,3,5
43,Brian Harman,"25' 8""",Sentry,3,15
44,Tom Hoge,"25' 0""",Sentry,4,11
45,Will Zalatoris,"24' 11""",Sentry,1,3
46,Max Greyserman,"24' 3""",Sentry,1,6
47,Thomas Detry,"23' 2""",Sentry,3,1
48,Matt Fitzpatrick,"22' 8""",Sentry,1,3
49,Taylor Pendrith,"22' 4""",Sentry,4,14
50,Akshay Bhatia,"21' 9""",Sentry,4,3
51,Cam Davis,"21' 2""",Sentry,2,7
52,Kevin Yu,"19' 6""",Sentry,3,4
53,Patton Kizzire,"19' 3""",Sentry,1,9
54,Stephan Jaeger,"18' 9""",Sentry,4,5
55,Ludvig Åberg,"18' 0""",Sentry,3,18
56,Nick Taylor,"17' 0""",Sentry,4,10
57,Viktor Hovland,"16' 11""",Sentry,2,14
58,Sepp Straka,"16' 8""",Sentry,2,12
59,Byeong Hun An,"16' 3""",Sentry,4,10
