rank,player,%,# of 1 putts,# of holes
1,Sungjae Im,66.67%,12,18
2,Si Woo Kim,61.11%,11,18
3,Christiaan Bezuidenhout,55.56%,10,18
3,Patrick Cantlay,55.56%,10,18
3,Nico Echavarria,55.56%,10,18
3,Adam Scott,55.56%,10,18
7,Ludvig Åberg,50.00%,9,18
7,Nick Dunlap,50.00%,9,18
7,Chris Kirk,50.00%,9,18
7,Patton Kizzire,50.00%,9,18
7,Hideki Matsuyama,50.00%,9,18
7,Collin Morikawa,50.00%,9,18
7,Matthieu Pavon,50.00%,9,18
7,Aaron Rai,50.00%,9,18
15,Thomas Detry,44.44%,8,18
15,Matt Fitzpatrick,44.44%,8,18
15,Stephan Jaeger,44.44%,8,18
15,Xander Schauffele,44.44%,8,18
15,Sepp Straka,44.44%,8,18
15,Cameron Young,44.44%,8,18
15,Kevin Yu,44.44%,8,18
15,Will Zalatoris,44.44%,8,18
23,Sam Burns,38.89%,7,18
23,Wyndham Clark,38.89%,7,18
23,Eric Cole,38.89%,7,18
23,Corey Conners,38.89%,7,18
23,Max Greyserman,38.89%,7,18
23,Harry Hall,38.89%,7,18
23,Russell Henley,38.89%,7,18
23,Max Homa,38.89%,7,18
23,Viktor Hovland,38.89%,7,18
23,Taylor Pendrith,38.89%,7,18
23,Justin Thomas,38.89%,7,18
23,Davis Thompson,38.89%,7,18
35,Cam Davis,33.33%,6,18
35,Austin Eckroat,33.33%,6,18
35,Tony Finau,33.33%,6,18
35,Adam Hadwin,33.33%,6,18
35,Peter Malnati,33.33%,6,18
35,Nick Taylor,33.33%,6,18
35,Jhonattan Vegas,33.33%,6,18
42,Byeong Hun An,27.78%,5,18
42,Akshay Bhatia,27.78%,5,18
42,Keegan Bradley,27.78%,5,18
42,Rafael Campos,27.78%,5,18
42,Brice Garnett,27.78%,5,18
42,Brian Harman,27.78%,5,18
42,Tom Hoge,27.78%,5,18
42,Billy Horschel,27.78%,5,18
42,Denny McCarthy,27.78%,5,18
42,Maverick McNealy,27.78%,5,18
42,J.T. Poston,27.78%,5,18
42,Sahith Theegala,27.78%,5,18
54,Chris Gotterup,22.22%,4,18
54,Jake Knapp,22.22%,4,18
56,Jason Day,16.67%,3,18
56,Robert MacIntyre,16.67%,3,18
56,Matt McCarty,16.67%,3,18
