rank,player,Avg,Total 1 Putts,Total Rounds
1,Cameron Young,9.50,38,4
2,Si Woo Kim,9.00,36,4
3,Sungjae Im,8.75,35,4
3,Hideki Matsuyama,8.75,35,4
5,Collin Morikawa,8.50,34,4
6,Thomas Detry,8.25,33,4
7,Adam Hadwin,8.00,32,4
8,Sam Burns,7.75,31,4
8,Cam Davis,7.75,31,4
10,Ludvig Åberg,7.50,30,4
10,Akshay Bhatia,7.50,30,4
10,Austin Eckroat,7.50,30,4
10,Matthieu Pavon,7.50,30,4
10,Kevin Yu,7.50,30,4
15,Nico Echavarria,7.25,29,4
15,Matt Fitzpatrick,7.25,29,4
15,Stephan Jaeger,7.25,29,4
15,Chris Kirk,7.25,29,4
15,Adam Scott,7.25,29,4
15,Justin Thomas,7.25,29,4
21,Christiaan Bezuidenhout,7.00,28,4
21,Patrick Cantlay,7.00,28,4
21,Wyndham Clark,7.00,28,4
21,Max Greyserman,7.00,28,4
21,Harry Hall,7.00,28,4
21,Aaron Rai,7.00,28,4
27,Eric Cole,6.75,27,4
27,Corey Conners,6.75,27,4
27,Tony Finau,6.75,27,4
27,Viktor Hovland,6.75,27,4
27,Peter Malnati,6.75,27,4
27,J.T. Poston,6.75,27,4
27,Sepp Straka,6.75,27,4
27,Jhonattan Vegas,6.75,27,4
35,Byeong Hun An,6.50,26,4
35,Russell Henley,6.50,26,4
35,Tom Hoge,6.50,26,4
35,Patton Kizzire,6.50,26,4
35,Maverick McNealy,6.50,26,4
40,Brice Garnett,6.25,25,4
40,Max Homa,6.25,25,4
40,Matt McCarty,6.25,25,4
40,Taylor Pendrith,6.25,25,4
40,Nick Taylor,6.25,25,4
40,Will Zalatoris,6.25,25,4
46,Keegan Bradley,5.75,23,4
46,Rafael Campos,5.75,23,4
46,Chris Gotterup,5.75,23,4
46,Jake Knapp,5.75,23,4
46,Denny McCarthy,5.75,23,4
46,Sahith Theegala,5.75,23,4
46,Davis Thompson,5.75,23,4
53,Brian Harman,5.50,22,4
53,Billy Horschel,5.50,22,4
53,Xander Schauffele,5.50,22,4
56,Jason Day,5.00,20,4
57,Nick Dunlap,4.50,18,4
57,Robert MacIntyre,4.50,18,4
