rank,player,%,Total 3 Putts,Total Holes (overall)
1,Bubba Watson,.00,0,72
2,Webb Simpson,1.39,1,72
3,Harrison Frazar,2.78,2,72
3,Nick Watney,2.78,2,72
5,Michael Bradley,4.17,3,72
5,Jonathan Byrd,4.17,3,72
5,K.J. Choi,4.17,3,72
5,Martin Laird,4.17,3,72
5,Bryce Molder,4.17,3,72
5,Kevin Na,4.17,3,72
5,Sean O'Hair,4.17,3,72
5,Scott Piercy,4.17,3,72
5,D.A. Points,4.17,3,72
5,Rory Sabbatini,4.17,3,72
5,Steve Stricker,4.17,3,72
5,Johnson Wagner,4.17,3,72
5,Mark Wilson,4.17,3,72
5,Gary Woodland,4.17,3,72
19,Aaron Baddeley,5.56,4,72
20,Keegan Bradley,6.94,5,72
20,Ben Crane,6.94,5,72
20,Bill Haas,6.94,5,72
20,Scott Stallings,6.94,5,72
24,Chris Kirk,8.33,6,72
24,Brendan Steele,8.33,6,72
26,Jhonattan Vegas,9.72,7,72
27,David Toms,11.11,8,72
