rank,player,Avg,Total Putts,Total Rounds,Low Total Putts
1,Steve Stricker,28.50,114,4,26
2,Martin Laird,29.25,117,4,27
3,Rory Sabbatini,29.50,118,4,29
4,Ben Crane,29.75,119,4,25
4,Chris Kirk,29.75,119,4,28
4,Johnson Wagner,29.75,119,4,28
7,Jonathan Byrd,30.00,120,4,28
7,K.J. Choi,30.00,120,4,27
7,Harrison Frazar,30.00,120,4,28
7,Bryce Molder,30.00,120,4,28
7,Kevin Na,30.00,120,4,28
12,Aaron Baddeley,30.25,121,4,28
12,Webb Simpson,30.25,121,4,28
12,Nick Watney,30.25,121,4,29
15,Sean O'Hair,31.00,124,4,30
16,D.A. Points,31.50,126,4,29
17,Keegan Bradley,31.75,127,4,29
17,Scott Piercy,31.75,127,4,29
17,Mark Wilson,31.75,127,4,28
20,Brendan Steele,32.00,128,4,30
21,Gary Woodland,32.25,129,4,31
22,Jhonattan Vegas,32.50,130,4,29
22,Bubba Watson,32.50,130,4,30
24,Michael Bradley,32.75,131,4,30
24,David Toms,32.75,131,4,30
26,Scott Stallings,33.25,133,4,32
27,Bill Haas,34.00,136,4,31
