rank,player,%,Successes,Attempts
1,Aaron Baddeley,100.00,2,2
1,Keegan Bradley,100.00,1,1
1,Michael Bradley,100.00,1,1
1,Jonathan Byrd,100.00,2,2
1,K.J. Choi,100.00,1,1
1,Ben Crane,100.00,2,2
1,Harrison Frazar,100.00,3,3
1,Bill Haas,100.00,1,1
1,Chris Kirk,100.00,2,2
1,Martin Laird,100.00,1,1
1,Bryce Molder,100.00,3,3
1,Sean O'Hair,100.00,1,1
1,Scott Piercy,100.00,2,2
1,D.A. Points,100.00,3,3
1,Webb Simpson,100.00,3,3
1,Scott Stallings,100.00,1,1
1,Steve Stricker,100.00,2,2
1,David Toms,100.00,2,2
1,Johnson Wagner,100.00,2,2
1,Nick Watney,100.00,2,2
21,Jhonattan Vegas,80.00,4,5
22,Rory Sabbatini,75.00,3,4
23,Kevin Na,66.67,2,3
24,Brendan Steele,50.00,1,2
24,Bubba Watson,50.00,1,2
24,Gary Woodland,50.00,1,2
