rank,player,%,Successes,Attempts
1,Keegan Bradley,100.00,1,1
1,Chris Kirk,100.00,2,2
1,Martin Laird,100.00,1,1
1,Jhonattan Vegas,100.00,6,6
5,Steve Stricker,85.71,6,7
6,Nick Watney,75.00,3,4
7,Ben Crane,66.67,2,3
7,Scott Stallings,66.67,2,3
7,Johnson Wagner,66.67,4,6
7,Mark Wilson,66.67,4,6
7,Gary Woodland,66.67,2,3
12,K.J. Choi,60.00,3,5
12,Kevin Na,60.00,3,5
12,David Toms,60.00,3,5
15,Aaron Baddeley,50.00,1,2
15,Michael Bradley,50.00,3,6
15,Jonathan Byrd,50.00,1,2
15,Scott Piercy,50.00,1,2
15,Brendan Steele,50.00,1,2
20,Sean O'Hair,33.33,1,3
20,D.A. Points,33.33,1,3
20,Bubba Watson,33.33,1,3
23,Rory Sabbatini,25.00,1,4
24,Bill Haas,.00,0,1
24,Webb Simpson,.00,0,2
