rank,player,%,Successes,Attempts
1,Keegan Bradley,100.00,2,2
1,Jonathan Byrd,100.00,3,3
1,Bill Haas,100.00,4,4
1,Steve Stricker,100.00,6,6
5,Kevin Na,83.33,5,6
6,Chris Kirk,75.00,3,4
7,Johnson Wagner,71.43,5,7
7,Nick Watney,71.43,5,7
9,Bryce Molder,70.00,7,10
10,Michael Bradley,66.67,2,3
10,Jhonattan Vegas,66.67,6,9
12,Harrison Frazar,60.00,3,5
12,D.A. Points,60.00,3,5
12,Webb Simpson,60.00,3,5
15,Aaron Baddeley,57.14,4,7
15,K.J. Choi,57.14,4,7
15,Mark Wilson,57.14,4,7
18,Ben Crane,50.00,3,6
18,Scott Piercy,50.00,3,6
18,Rory Sabbatini,50.00,3,6
21,Gary Woodland,37.50,3,8
22,Martin Laird,33.33,1,3
22,Sean O'Hair,33.33,2,6
22,Brendan Steele,33.33,1,3
25,Scott Stallings,25.00,1,4
26,David Toms,20.00,1,5
26,Bubba Watson,20.00,1,5
