rank,player,%,Successes,Attempts
1,Keegan Bradley,100.00,5,5
1,Kevin Na,100.00,5,5
1,Sean O'Hair,100.00,2,2
1,D.A. Points,100.00,2,2
1,Rory Sabbatini,100.00,2,2
1,Webb Simpson,100.00,2,2
1,Nick Watney,100.00,3,3
8,Chris Kirk,71.43,5,7
9,Michael Bradley,66.67,2,3
9,K.J. Choi,66.67,4,6
9,Bryce Molder,66.67,2,3
9,Steve Stricker,66.67,2,3
13,Ben Crane,60.00,3,5
14,Scott Piercy,50.00,2,4
14,David Toms,50.00,3,6
14,Jhonattan Vegas,50.00,2,4
14,Johnson Wagner,50.00,1,2
18,Aaron Baddeley,45.45,5,11
19,Harrison Frazar,42.86,3,7
20,Bill Haas,40.00,2,5
20,Martin Laird,40.00,2,5
22,Brendan Steele,33.33,2,6
22,Gary Woodland,33.33,1,3
24,Jonathan Byrd,25.00,1,4
25,Scott Stallings,16.67,1,6
26,Bubba Watson,.00,0,4
