rank,player,%,Successes,Attempts
1,Aaron Baddeley,100.00,1,1
1,Keegan Bradley,100.00,1,1
1,K.J. Choi,100.00,1,1
1,Chris Kirk,100.00,1,1
5,Johnson Wagner,66.67,2,3
6,Jonathan Byrd,50.00,1,2
6,Brendan Steele,50.00,1,2
6,Steve Stricker,50.00,1,2
6,Nick Watney,50.00,1,2
10,Ben Crane,33.33,1,3
11,Michael Bradley,.00,0,1
11,Harrison Frazar,.00,0,1
11,Martin Laird,.00,0,2
11,Kevin Na,.00,0,2
11,D.A. Points,.00,0,1
11,David Toms,.00,0,1
11,Jhonattan Vegas,.00,0,2
11,Bubba Watson,.00,0,1
11,Mark Wilson,.00,0,1
