rank,player,%,Greens Hit,# Holes,Relative/Par
1,Jeff Klauk,79.17,57,72,-0.21
2,Ernie Els,77.78,56,72,-0.18
3,Ted Purdy,76.39,55,72,-0.18
3,Chris Stroud,76.39,55,72,-0.20
5,Steve Stricker,75.00,54,72,-0.17
6,Bob Estes,73.61,53,72,-0.30
6,Tim Herron,73.61,53,72,-0.28
6,Charles Howell III,73.61,53,72,-0.30
6,Ryuji Imada,73.61,53,72,-0.17
6,Troy Matteson,73.61,53,72,-0.26
6,George McNeill,73.61,53,72,-0.21
12,Zach Johnson,72.22,52,72,-0.38
12,Kenny Perry,72.22,52,72,-0.13
12,Scott Piercy,72.22,52,72,-0.29
12,Scott Sterling,72.22,52,72,-0.21
16,Glen Day,70.83,51,72,-0.20
16,D.J. Trahan,70.83,51,72,-0.27
18,Briny Baird,69.44,50,72,-0.24
18,Tim Clark,69.44,50,72,-0.28
18,Marc Leishman,69.44,50,72,-0.28
18,Shigeki Maruyama,69.44,50,72,-0.26
18,Andres Romero,69.44,50,72,-0.18
18,Webb Simpson,69.44,50,72,-0.24
18,Boo Weekley,69.44,50,72,-0.26
25,Michael Allen,68.06,49,72,-0.29
25,Alex Cejka,68.06,49,72,-0.33
25,Stewart Cink,68.06,49,72,-0.27
25,Tommy Gainey,68.06,49,72,-0.33
25,Steve Marino,68.06,49,72,-0.31
25,Greg Owen,68.06,49,72,-0.29
25,David Toms,68.06,49,72,-0.37
32,Brian Gay,66.67,48,72,-0.38
32,Richard Johnson,66.67,48,72,-0.19
32,Cliff Kresge,66.67,48,72,-0.25
32,Michael Letzig,66.67,48,72,-0.23
32,David Mathis,66.67,48,72,-0.23
32,Sean O'Hair,66.67,48,72,-0.38
32,Adam Scott,66.67,48,72,-0.40
32,Jimmy Walker,66.67,48,72,-0.27
40,K.J. Choi,65.28,47,72,-0.32
40,Jerry Kelly,65.28,47,72,-0.26
40,Spencer Levin,65.28,47,72,-0.15
40,Kevin Na,65.28,47,72,-0.40
40,Geoff Ogilvy,65.28,47,72,-0.28
40,Brendon Todd,65.28,47,72,-0.26
46,Matt Bettencourt,63.89,46,72,-0.22
46,Bart Bryant,63.89,46,72,-0.30
46,Wil Collins,63.89,46,72,-0.28
46,Brian Davis,63.89,46,72,-0.33
46,Tag Ridings,63.89,46,72,-0.22
46,Kevin Streelman,63.89,46,72,-0.24
46,Tim Wilkinson,63.89,46,72,-0.20
46,Casey Wittenberg,63.89,46,72,-0.24
54,Arjun Atwal,62.50,45,72,-0.24
54,Tadd Fujikawa,62.50,45,72,-0.31
54,Nathan Green,62.50,45,72,-0.33
57,Luke Donald,61.11,44,72,-0.41
57,Joe Durant,61.11,44,72,-0.32
57,Jarrod Lyle,61.11,44,72,-0.18
57,D.A. Points,61.11,44,72,-0.20
57,Hideto Tanihara,61.11,44,72,-0.30
57,Azuma Yano,61.11,44,72,-0.39
63,Harrison Frazar,59.72,43,72,-0.28
63,Troy Kelly,59.72,43,72,-0.33
63,Steve Lowery,59.72,43,72,-0.28
63,Jeff Overton,59.72,43,72,-0.21
63,Tom Pernice Jr.,59.72,43,72,-0.19
63,Chez Reavie,59.72,43,72,-0.28
63,Rory Sabbatini,59.72,43,72,-0.37
70,Bill Haas,58.33,42,72,-0.36
70,John Merrick,58.33,42,72,-0.24
70,Arron Oberholser,58.33,42,72,-0.33
73,Cameron Beckman,56.94,41,72,-0.32
73,Tim Petrovic,56.94,41,72,-0.24
75,Junpei Takayama,55.56,40,72,-0.20
76,Paul Azinger,54.17,39,72,-0.15
76,Matthew Borchert,54.17,39,72,-0.26
78,Jeff Quinney,48.61,35,72,-0.20
