rank,player,Value,Total Drv Rank,GIR Rank
1,Ted Purdy,9,6,3
2,George McNeill,11,5,6
2,Chris Stroud,11,8,3
4,Kenny Perry,14,2,12
5,D.J. Trahan,17,1,16
6,Charles Howell III,18,12,6
7,Zach Johnson,19,7,12
8,Ernie Els,24,22,2
8,Troy Matteson,24,18,6
10,Boo Weekley,27,9,18
11,Jeff Klauk,28,27,1
11,Webb Simpson,28,10,18
11,David Toms,28,3,25
14,Tim Clark,33,15,18
14,Bob Estes,33,27,6
16,Sean O'Hair,35,3,32
17,Stewart Cink,38,13,25
18,Steve Marino,40,15,25
18,Greg Owen,40,15,25
20,Scott Piercy,44,32,12
21,Michael Allen,45,20,25
22,Alex Cejka,48,23,25
23,Michael Letzig,50,18,32
24,Briny Baird,56,38,18
25,K.J. Choi,65,25,40
26,Brian Gay,66,34,32
26,Kevin Na,66,26,40
28,Kevin Streelman,67,21,46
29,Richard Johnson,68,36,32
29,Marc Leishman,68,50,18
31,Adam Scott,70,38,32
32,Glen Day,71,55,16
32,Geoff Ogilvy,71,31,40
32,Azuma Yano,71,14,57
35,Andres Romero,72,54,18
36,Tommy Gainey,74,49,25
37,Tim Herron,75,69,6
38,Jerry Kelly,76,36,40
39,Ryuji Imada,77,71,6
39,Cliff Kresge,77,45,32
41,Bart Bryant,78,32,46
42,Scott Sterling,79,67,12
42,Steve Stricker,79,74,5
44,Bill Haas,81,11,70
45,Brendon Todd,82,42,40
46,D.A. Points,87,30,57
47,Shigeki Maruyama,88,70,18
48,Tadd Fujikawa,89,35,54
48,Tag Ridings,89,43,46
50,Jimmy Walker,91,59,32
51,Harrison Frazar,92,29,63
52,Arron Oberholser,93,23,70
53,Hideto Tanihara,95,38,57
54,Casey Wittenberg,96,50,46
55,Spencer Levin,97,57,40
55,David Mathis,97,65,32
57,Jarrod Lyle,98,41,57
58,Joe Durant,100,43,57
59,Luke Donald,102,45,57
60,Matt Bettencourt,105,59,46
60,Brian Davis,105,59,46
62,Jeff Overton,108,45,63
63,Troy Kelly,111,48,63
64,Tim Wilkinson,114,68,46
65,Chez Reavie,115,52,63
66,Wil Collins,118,72,46
66,Nathan Green,118,64,54
68,John Merrick,127,57,70
69,Rory Sabbatini,128,65,63
70,Jeff Quinney,130,52,78
71,Arjun Atwal,131,77,54
71,Matthew Borchert,131,55,76
73,Tim Petrovic,135,62,73
74,Tom Pernice Jr.,137,74,63
75,Junpei Takayama,138,63,75
76,Steve Lowery,141,78,63
77,Cameron Beckman,146,73,73
78,Paul Azinger,152,76,76
