rank,player,Avg,Total SG:OTT,Measured Rounds
1,Boo Weekley,1.326,5.305,4
2,Geoff Ogilvy,.988,3.953,4
3,Sean O'Hair,.839,3.357,4
4,Kenny Perry,.720,2.878,4
5,Anthony Kim,.668,2.671,4
6,J.B. Holmes,.651,2.605,4
7,Dustin Johnson,.640,2.561,4
8,Ernie Els,.589,2.355,4
9,Camilo Villegas,.585,2.338,4
10,D.J. Trahan,.572,2.289,4
11,Davis Love III,.558,2.233,4
12,Adam Scott,.531,2.125,4
13,Andres Romero,.479,1.917,4
14,K.J. Choi,.369,1.476,4
15,Vijay Singh,.351,1.402,4
16,Stewart Cink,.079,.315,4
17,Carl Pettersson,.042,.168,4
18,Justin Leonard,-.042,-.169,4
19,Will MacKenzie,-.150,-.600,4
20,Ryuji Imada,-.165,-.658,4
21,Steve Lowery,-.199,-.796,4
22,Trevor Immelman,-.316,-1.263,4
23,Johnson Wagner,-.323,-1.290,4
24,Parker McLachlin,-.352,-1.409,4
25,Daniel Chopra,-.367,-1.468,4
26,Zach Johnson,-.446,-1.784,4
27,Chez Reavie,-.497,-1.987,4
28,Richard Johnson,-.814,-3.254,4
29,Brian Gay,-.864,-3.454,4
30,Cameron Beckman,-.870,-3.481,4
31,Ryan Palmer,-1.135,-4.541,4
32,Greg Kraft,-1.217,-4.867,4
33,Marc Turnesa,-2.229,-8.916,4
