rank,player,Total,Distance Rank,Accuracy Rank
1,Boo Weekley,16,3,13
2,Dustin Johnson,17,4,13
2,Anthony Kim,17,9,8
4,K.J. Choi,18,15,3
5,D.J. Trahan,20,15,5
6,Carl Pettersson,23,5,18
6,Vijay Singh,23,17,6
8,Davis Love III,24,6,18
8,Kenny Perry,24,11,13
10,Cameron Beckman,25,12,13
11,Stewart Cink,26,8,18
11,Steve Lowery,26,22,4
13,Chez Reavie,28,27,1
14,Geoff Ogilvy,29,21,8
15,Justin Leonard,30,24,6
16,J.B. Holmes,31,1,30
16,Adam Scott,31,23,8
18,Ernie Els,32,2,30
18,Trevor Immelman,32,19,13
20,Zach Johnson,33,25,8
21,Brian Gay,34,33,1
22,Daniel Chopra,35,7,28
23,Will MacKenzie,36,14,22
24,Camilo Villegas,39,13,26
25,Richard Johnson,40,32,8
25,Ryan Palmer,40,18,22
27,Andres Romero,43,10,33
28,Greg Kraft,47,29,18
29,Parker McLachlin,48,26,22
29,Sean O'Hair,48,20,28
31,Ryuji Imada,53,31,22
32,Marc Turnesa,55,28,27
33,Johnson Wagner,60,30,30
