rank,player,Avg,Total Ball Speed,Total Attempts
1,J.B. Holmes,179.36,"1,434.89",8
2,Dustin Johnson,176.32,"1,410.56",8
3,Andres Romero,174.56,"1,396.46",8
4,Adam Scott,171.61,"1,372.86",8
5,Sean O'Hair,171.55,"1,372.43",8
6,Boo Weekley,170.39,"1,363.16",8
7,Anthony Kim,170.07,"1,360.57",8
8,Davis Love III,168.88,"1,351.07",8
9,Camilo Villegas,168.69,"1,349.52",8
10,Stewart Cink,167.89,"1,343.14",8
11,Johnson Wagner,166.40,"1,164.83",7
12,Ernie Els,166.01,"1,328.09",8
13,Daniel Chopra,165.82,"1,492.41",9
14,D.J. Trahan,165.76,"1,326.10",8
15,Vijay Singh,165.67,"1,325.37",8
16,Geoff Ogilvy,165.25,"1,321.98",8
17,Will MacKenzie,164.59,"1,316.75",8
18,Ryan Palmer,164.33,"1,150.29",7
19,Ryuji Imada,163.19,"1,142.33",7
20,Trevor Immelman,163.13,"1,305.04",8
21,Parker McLachlin,162.69,"1,301.52",8
22,Kenny Perry,162.29,"1,298.35",8
23,Steve Lowery,160.55,"1,284.37",8
24,Justin Leonard,160.26,"1,282.12",8
25,Carl Pettersson,159.91,"1,119.37",7
26,Cameron Beckman,159.48,"1,116.34",7
27,Zach Johnson,159.14,"1,273.10",8
28,K.J. Choi,158.94,"1,271.49",8
29,Richard Johnson,158.12,"1,106.83",7
30,Greg Kraft,156.02,"1,092.12",7
31,Marc Turnesa,153.79,"1,230.30",8
32,Chez Reavie,153.07,"1,224.59",8
33,Brian Gay,151.92,"1,063.42",7
