rank,player,%,Greens Hit,Total Holes,Relative to par
1,Lanto Griffin,100.00,6,6,-0.17
1,Ryan Palmer,100.00,7,7,-0.14
1,Jon Rahm,100.00,8,8,-0.25
1,Xander Schauffele,100.00,6,6,E
5,Sebastián Muñoz,88.89,8,9,-0.25
6,Martin Laird,87.50,7,8,-0.29
7,Daniel Berger,85.71,6,7,-0.17
7,Justin Thomas,85.71,6,7,-0.50
9,Harris English,83.33,5,6,E
10,Bryson DeChambeau,80.00,4,5,E
10,Sergio Garcia,80.00,4,5,E
10,Adam Scott,80.00,4,5,E
13,Robert Streb,76.92,10,13,-0.10
14,Stewart Cink,75.00,6,8,E
15,Sungjae Im,71.43,5,7,E
15,Carlos Ortiz,71.43,5,7,E
15,Brendon Todd,71.43,10,14,-0.20
18,Webb Simpson,70.00,7,10,-0.14
19,Patrick Cantlay,66.67,4,6,+0.25
19,Cameron Champ,66.67,4,6,E
19,Tony Finau,66.67,4,6,E
19,Joaquin Niemann,66.67,6,9,-0.33
19,Richy Werenski,66.67,6,9,-0.17
24,Viktor Hovland,63.64,7,11,-0.14
24,Kevin Kisner,63.64,7,11,E
24,Cameron Smith,63.64,7,11,-0.43
27,Marc Leishman,62.50,5,8,E
27,Scottie Scheffler,62.50,5,8,-0.20
29,Abraham Ancer,60.00,6,10,-0.33
30,Dustin Johnson,57.14,4,7,-0.50
31,Billy Horschel,54.55,6,11,-0.33
31,Mackenzie Hughes,54.55,6,11,E
33,Brian Gay,50.00,5,10,-0.60
33,Jason Kokrak,50.00,4,8,-0.25
33,Andrew Landry,50.00,4,8,E
33,Collin Morikawa,50.00,4,8,-0.25
37,Kevin Na,46.15,6,13,+0.17
38,Hideki Matsuyama,42.86,3,7,E
38,Patrick Reed,42.86,3,7,E
38,Michael Thompson,42.86,6,14,E
41,Hudson Swafford,33.33,2,6,E
42,Nick Taylor,20.00,2,10,-0.50
