rank,player,%,Greens Hit,Total Holes,Relative to par
1,Daniel Berger,100.00,5,5,E
1,Bryson DeChambeau,100.00,2,2,-0.50
1,Lanto Griffin,100.00,8,8,-0.50
1,Billy Horschel,100.00,9,9,-0.11
1,Sungjae Im,100.00,5,5,-0.40
1,Andrew Landry,100.00,8,8,-0.25
1,Collin Morikawa,100.00,8,8,-0.25
1,Joaquin Niemann,100.00,5,5,-0.40
1,Ryan Palmer,100.00,7,7,-0.43
1,Adam Scott,100.00,5,5,-0.40
1,Cameron Smith,100.00,8,8,-0.25
1,Richy Werenski,100.00,8,8,E
13,Jason Kokrak,90.91,10,11,-0.10
14,Nick Taylor,90.00,9,10,-0.22
15,Dustin Johnson,88.89,8,9,-0.50
15,Jon Rahm,88.89,8,9,-0.25
15,Robert Streb,88.89,8,9,-0.25
18,Harris English,87.50,7,8,-0.29
18,Hideki Matsuyama,87.50,7,8,-0.14
20,Viktor Hovland,85.71,6,7,E
20,Carlos Ortiz,85.71,6,7,-0.50
22,Stewart Cink,83.33,5,6,-0.20
22,Brendon Todd,83.33,5,6,-0.80
24,Cameron Champ,80.00,4,5,-0.50
24,Sergio Garcia,80.00,4,5,-0.50
24,Webb Simpson,80.00,4,5,-0.25
27,Patrick Cantlay,77.78,7,9,-0.57
27,Brian Gay,77.78,7,9,-0.43
27,Scottie Scheffler,77.78,7,9,-0.29
30,Tony Finau,75.00,6,8,-0.50
30,Mackenzie Hughes,75.00,6,8,-0.33
30,Patrick Reed,75.00,6,8,-0.17
30,Hudson Swafford,75.00,6,8,-0.50
34,Kevin Kisner,71.43,5,7,-0.80
35,Kevin Na,70.00,7,10,-0.43
36,Abraham Ancer,66.67,4,6,-0.50
36,Martin Laird,66.67,4,6,-0.25
36,Marc Leishman,66.67,4,6,E
36,Michael Thompson,66.67,6,9,-0.17
40,Sebastián Muñoz,62.50,5,8,-0.20
41,Xander Schauffele,60.00,3,5,-0.33
42,Justin Thomas,33.33,2,6,E
