rank,player,%,Greens Hit,Total Holes,Relative to par
1,Viktor Hovland,100.00,22,22,-0.50
1,Mackenzie Hughes,100.00,18,18,-0.39
1,Sungjae Im,100.00,24,24,-0.67
1,Marc Leishman,100.00,18,18,-0.67
1,Adam Scott,100.00,23,23,-0.48
1,Webb Simpson,100.00,18,18,-0.72
1,Richy Werenski,100.00,21,21,-0.62
8,Sergio Garcia,96.00,24,25,-0.75
9,Justin Thomas,95.83,23,24,-0.78
10,Daniel Berger,95.45,21,22,-0.67
10,Collin Morikawa,95.45,21,22,-0.62
10,Ryan Palmer,95.45,21,22,-1.00
13,Nick Taylor,95.00,19,20,-0.63
14,Jason Kokrak,94.74,18,19,-0.61
14,Scottie Scheffler,94.74,18,19,-0.83
16,Stewart Cink,94.44,17,18,-0.47
17,Brian Gay,94.12,16,17,-0.69
18,Brendon Todd,93.75,15,16,-0.60
19,Kevin Kisner,93.33,14,15,-0.64
20,Cameron Champ,92.86,26,28,-0.58
20,Kevin Na,92.86,13,14,-0.62
22,Joaquin Niemann,91.30,21,23,-0.67
22,Xander Schauffele,91.30,21,23,-0.86
24,Harris English,90.91,20,22,-0.85
24,Dustin Johnson,90.91,20,22,-0.60
26,Sebastián Muñoz,90.00,18,20,-0.78
26,Carlos Ortiz,90.00,18,20,-0.50
28,Bryson DeChambeau,89.66,26,29,-0.62
29,Abraham Ancer,89.47,17,19,-0.71
29,Martin Laird,89.47,17,19,-0.59
31,Jon Rahm,87.50,21,24,-0.76
32,Patrick Cantlay,86.96,20,23,-0.80
32,Billy Horschel,86.96,20,23,-0.60
34,Tony Finau,85.00,17,20,-0.53
34,Lanto Griffin,85.00,17,20,-0.59
34,Hideki Matsuyama,85.00,17,20,-0.76
34,Hudson Swafford,85.00,17,20,-0.65
38,Michael Thompson,84.62,11,13,-0.82
39,Patrick Reed,84.21,16,19,-0.81
40,Robert Streb,83.33,15,18,-0.53
41,Cameron Smith,81.82,18,22,-0.61
42,Andrew Landry,81.25,13,16,-0.54
