rank,player,%,Total Hit,Total Attempts,RTP Score
1,Daniel Berger,102.78,74,72,-28.00
2,Adam Scott,101.39,73,72,-22.00
3,Bryson DeChambeau,100.00,72,72,-31.00
4,Marc Leishman,97.22,70,72,-20.00
4,Collin Morikawa,97.22,70,72,-28.00
4,Ryan Palmer,97.22,70,72,-35.00
7,Cameron Champ,95.83,69,72,-27.00
7,Harris English,95.83,69,72,-31.00
7,Sungjae Im,95.83,69,72,-32.00
7,Dustin Johnson,95.83,69,72,-30.00
7,Justin Thomas,95.83,69,72,-33.00
12,Sebastián Muñoz,94.44,68,72,-27.00
12,Richy Werenski,94.44,68,72,-23.00
14,Joaquin Niemann,93.06,67,72,-34.00
15,Sergio Garcia,91.67,66,72,-27.00
15,Viktor Hovland,91.67,66,72,-20.00
15,Jon Rahm,91.67,66,72,-29.00
18,Lanto Griffin,90.28,65,72,-32.00
18,Billy Horschel,90.28,65,72,-20.00
20,Xander Schauffele,88.89,64,72,-29.00
20,Webb Simpson,88.89,64,72,-28.00
22,Abraham Ancer,86.11,62,72,-26.00
22,Carlos Ortiz,86.11,62,72,-18.00
22,Robert Streb,86.11,62,72,-18.00
25,Patrick Reed,84.72,61,72,-25.00
25,Scottie Scheffler,84.72,61,72,-27.00
27,Patrick Cantlay,83.33,60,72,-28.00
27,Stewart Cink,83.33,60,72,-20.00
27,Jason Kokrak,83.33,60,72,-18.00
27,Martin Laird,83.33,60,72,-20.00
27,Cameron Smith,83.33,60,72,-25.00
32,Mackenzie Hughes,81.94,59,72,-13.00
32,Hudson Swafford,81.94,59,72,-23.00
32,Michael Thompson,81.94,59,72,-27.00
35,Kevin Kisner,80.56,58,72,-20.00
35,Andrew Landry,80.56,58,72,-15.00
35,Kevin Na,80.56,58,72,-18.00
35,Nick Taylor,80.56,58,72,-22.00
39,Tony Finau,79.17,57,72,-21.00
39,Brian Gay,79.17,57,72,-20.00
39,Hideki Matsuyama,79.17,57,72,-17.00
39,Brendon Todd,79.17,57,72,-21.00
