rank,player,%,Greens Hit,# Holes,Relative/Par
1,Cameron Champ,100.0,2,2,-1.00
1,Harris English,100.0,1,1,E
1,Tony Finau,100.0,1,1,-1.00
1,Sergio Garcia,100.0,1,1,E
1,Brian Gay,100.0,1,1,E
1,Mackenzie Hughes,100.0,1,1,E
1,Kevin Kisner,100.0,3,3,-1.00
1,Marc Leishman,100.0,1,1,-1.00
1,Collin Morikawa,100.0,2,2,E
1,Kevin Na,100.0,1,1,E
1,Carlos Ortiz,100.0,1,1,E
1,Patrick Reed,100.0,1,1,E
1,Adam Scott,100.0,1,1,E
1,Webb Simpson,100.0,1,1,E
1,Hudson Swafford,100.0,1,1,E
1,Nick Taylor,100.0,1,1,E
1,Richy Werenski,100.0,2,2,+1.00
18,Dustin Johnson,50.0,1,2,E
18,Jason Kokrak,50.0,1,2,E
18,Cameron Smith,50.0,1,2,+1.00
18,Justin Thomas,50.0,1,2,E
22,Stewart Cink,33.3,1,3,E
22,Jon Rahm,33.3,1,3,E
24,Lanto Griffin,25.0,1,4,E
25,Abraham Ancer,.0,0,1,E
25,Patrick Cantlay,.0,0,1,E
25,Viktor Hovland,.0,0,1,E
25,Sebastián Muñoz,.0,0,1,E
25,Joaquin Niemann,.0,0,1,E
25,Xander Schauffele,.0,0,1,E
25,Michael Thompson,.0,0,2,E
25,Brendon Todd,.0,0,2,E
