rank,player,%,Greens Hit,Total Holes,Relative to par
1,Harris English,100.00,11,11,-0.27
1,Billy Horschel,100.00,12,12,E
1,Adam Scott,100.00,11,11,-0.27
4,Patrick Reed,90.00,9,10,E
5,Marc Leishman,86.67,13,15,-0.08
6,Michael Thompson,83.33,10,12,-0.60
7,Kevin Na,81.82,9,11,-0.11
8,Brian Gay,80.00,8,10,-0.13
9,Brendon Todd,78.57,11,14,-0.18
10,Dustin Johnson,77.78,7,9,-0.43
10,Jason Kokrak,77.78,7,9,-0.43
12,Tony Finau,76.92,10,13,-0.20
12,Joaquin Niemann,76.92,10,13,-0.40
12,Scottie Scheffler,76.92,10,13,-0.10
12,Robert Streb,76.92,10,13,-0.20
12,Justin Thomas,76.92,10,13,-0.20
17,Nick Taylor,76.47,13,17,-0.08
18,Patrick Cantlay,75.00,9,12,-0.11
18,Bryson DeChambeau,75.00,12,16,-0.17
20,Daniel Berger,72.73,8,11,-0.13
20,Cameron Champ,72.73,8,11,E
20,Richy Werenski,72.73,8,11,-0.13
23,Stewart Cink,71.43,5,7,-0.40
24,Sungjae Im,70.00,7,10,-0.29
24,Ryan Palmer,70.00,7,10,E
26,Mackenzie Hughes,69.23,9,13,E
27,Abraham Ancer,68.75,11,16,E
28,Sebastián Muñoz,66.67,8,12,-0.13
28,Webb Simpson,66.67,10,15,-0.20
28,Cameron Smith,66.67,8,12,E
31,Kevin Kisner,64.29,9,14,-0.22
32,Sergio Garcia,63.64,7,11,-0.29
32,Jon Rahm,63.64,7,11,+0.29
34,Carlos Ortiz,62.50,10,16,-0.10
35,Hudson Swafford,61.54,8,13,-0.13
36,Andrew Landry,60.00,9,15,-0.22
37,Lanto Griffin,58.33,7,12,-0.57
37,Martin Laird,58.33,7,12,E
39,Collin Morikawa,57.14,8,14,+0.13
40,Xander Schauffele,50.00,4,8,E
41,Hideki Matsuyama,45.45,5,11,+0.20
42,Viktor Hovland,37.50,3,8,E
