rank,player,%,Greens Hit,Total Holes,Relative to par
1,Adam Scott,92.86,39,42,-0.21
2,Harris English,87.23,41,47,-0.27
3,Daniel Berger,86.96,40,46,-0.10
4,Billy Horschel,84.78,39,46,-0.13
5,Dustin Johnson,81.40,35,43,-0.31
5,Joaquin Niemann,81.40,35,43,-0.31
5,Ryan Palmer,81.40,35,43,-0.17
8,Jon Rahm,79.07,34,43,-0.15
9,Robert Streb,78.26,36,46,-0.14
10,Carlos Ortiz,78.05,32,41,-0.16
11,Cameron Champ,77.78,28,36,-0.11
12,Tony Finau,76.74,33,43,-0.24
12,Xander Schauffele,76.74,33,43,-0.18
14,Marc Leishman,76.60,36,47,-0.03
14,Collin Morikawa,76.60,36,47,-0.19
14,Richy Werenski,76.60,36,47,-0.08
17,Justin Thomas,75.61,31,41,-0.26
18,Sergio Garcia,75.00,30,40,-0.07
18,Lanto Griffin,75.00,36,48,-0.36
18,Martin Laird,75.00,33,44,-0.15
21,Webb Simpson,73.91,34,46,-0.24
22,Sungjae Im,73.81,31,42,-0.26
23,Sebastián Muñoz,73.33,33,45,-0.12
24,Patrick Cantlay,72.73,32,44,-0.19
25,Kevin Na,72.55,37,51,-0.11
26,Patrick Reed,72.34,34,47,-0.18
27,Viktor Hovland,72.09,31,43,-0.10
28,Mackenzie Hughes,71.74,33,46,-0.09
29,Stewart Cink,71.43,30,42,-0.27
30,Michael Thompson,71.15,37,52,-0.27
30,Brendon Todd,71.15,37,52,-0.24
32,Jason Kokrak,71.11,32,45,-0.16
33,Brian Gay,70.83,34,48,-0.21
33,Kevin Kisner,70.83,34,48,-0.24
35,Cameron Smith,68.89,31,45,-0.19
36,Andrew Landry,68.09,32,47,-0.13
36,Scottie Scheffler,68.09,32,47,-0.22
38,Abraham Ancer,66.67,32,48,-0.25
39,Hudson Swafford,65.96,31,47,-0.13
40,Bryson DeChambeau,65.79,25,38,-0.20
41,Nick Taylor,64.58,31,48,-0.16
42,Hideki Matsuyama,60.00,27,45,E
