rank,player,%,Greens Hit,# of holes
1,Harris English,100.00,10,10
1,Billy Horschel,100.00,8,8
1,Richy Werenski,100.00,12,12
4,Sungjae Im,90.00,9,10
5,Daniel Berger,87.50,7,8
5,Collin Morikawa,87.50,7,8
7,Joaquin Niemann,83.33,15,18
8,Cameron Champ,82.14,23,28
9,Sergio Garcia,81.82,9,11
9,Carlos Ortiz,81.82,9,11
11,Tony Finau,80.00,12,15
12,Adam Scott,78.95,15,19
13,Patrick Reed,77.78,7,9
14,Ryan Palmer,76.92,10,13
15,Patrick Cantlay,75.00,12,16
15,Viktor Hovland,75.00,12,16
17,Stewart Cink,73.33,11,15
18,Cameron Smith,72.73,8,11
19,Nick Taylor,70.59,12,17
20,Jason Kokrak,70.00,7,10
21,Webb Simpson,68.75,11,16
22,Bryson DeChambeau,66.67,14,21
22,Dustin Johnson,66.67,12,18
22,Martin Laird,66.67,6,9
22,Andrew Landry,66.67,6,9
22,Sebastián Muñoz,66.67,6,9
22,Kevin Na,66.67,6,9
28,Hideki Matsuyama,64.29,9,14
29,Brian Gay,63.64,7,11
30,Kevin Kisner,62.50,5,8
31,Mackenzie Hughes,61.54,8,13
31,Marc Leishman,61.54,8,13
31,Jon Rahm,61.54,8,13
34,Scottie Scheffler,60.00,9,15
34,Hudson Swafford,60.00,3,5
34,Justin Thomas,60.00,12,20
37,Robert Streb,57.14,4,7
38,Xander Schauffele,53.33,8,15
39,Lanto Griffin,50.00,7,14
39,Brendon Todd,50.00,4,8
41,Michael Thompson,45.45,5,11
42,Abraham Ancer,33.33,2,6
