rank,player,%,Greens Hit,Total Holes,Relative to par
1,Abraham Ancer,100.00,4,4,-0.50
1,Daniel Berger,100.00,4,4,-0.75
1,Dustin Johnson,100.00,5,5,-0.20
1,Hideki Matsuyama,100.00,6,6,-0.17
1,Collin Morikawa,100.00,3,3,-1.00
1,Ryan Palmer,100.00,6,6,-0.50
1,Jon Rahm,100.00,3,3,-0.67
1,Patrick Reed,100.00,5,5,-0.60
1,Robert Streb,100.00,5,5,-0.40
1,Justin Thomas,100.00,6,6,-0.33
1,Richy Werenski,100.00,4,4,-0.50
12,Martin Laird,88.89,8,9,-0.38
13,Andrew Landry,87.50,7,8,-0.14
14,Carlos Ortiz,85.71,6,7,-0.17
14,Michael Thompson,85.71,6,7,-0.67
16,Cameron Champ,83.33,5,6,E
16,Tony Finau,83.33,5,6,-0.60
16,Brian Gay,83.33,5,6,-0.20
16,Sungjae Im,83.33,5,6,-0.40
16,Jason Kokrak,83.33,5,6,-0.20
16,Sebastián Muñoz,83.33,5,6,-0.40
16,Joaquin Niemann,83.33,5,6,-0.60
16,Xander Schauffele,83.33,5,6,-0.20
16,Adam Scott,83.33,5,6,E
16,Webb Simpson,83.33,5,6,-0.20
26,Stewart Cink,80.00,8,10,-0.25
26,Bryson DeChambeau,80.00,4,5,-0.25
26,Viktor Hovland,80.00,4,5,-0.50
26,Scottie Scheffler,80.00,4,5,-0.25
26,Cameron Smith,80.00,4,5,-0.50
26,Hudson Swafford,80.00,4,5,-0.75
32,Brendon Todd,75.00,3,4,-0.67
33,Lanto Griffin,66.67,2,3,-0.50
33,Billy Horschel,66.67,2,3,E
33,Marc Leishman,66.67,4,6,-0.25
36,Kevin Kisner,62.50,5,8,-0.60
37,Sergio Garcia,57.14,4,7,-0.25
38,Patrick Cantlay,50.00,2,4,E
38,Mackenzie Hughes,50.00,3,6,-0.33
38,Kevin Na,50.00,3,6,-0.67
41,Harris English,33.33,1,3,E
41,Nick Taylor,33.33,1,3,-1.00
