rank,player,%,Greens Hit,# of Holes
1,Adam Scott,97.56,40,41
2,Ryan Palmer,93.62,44,47
3,Dustin Johnson,92.86,39,42
4,Daniel Berger,92.31,48,52
5,Collin Morikawa,90.38,47,52
6,Justin Thomas,90.00,36,40
7,Jon Rahm,89.36,42,47
8,Xander Schauffele,88.89,40,45
9,Richy Werenski,87.50,42,48
10,Scottie Scheffler,86.67,39,45
11,Brendon Todd,86.54,45,52
12,Martin Laird,86.27,44,51
13,Sungjae Im,86.00,43,50
14,Joaquin Niemann,85.71,36,42
15,Marc Leishman,85.11,40,47
16,Viktor Hovland,84.09,37,44
17,Abraham Ancer,83.33,45,54
18,Robert Streb,83.02,44,53
19,Harris English,82.00,41,50
20,Webb Simpson,81.82,36,44
21,Carlos Ortiz,81.63,40,49
22,Billy Horschel,80.77,42,52
23,Lanto Griffin,80.43,37,46
24,Sebastián Muñoz,80.39,41,51
25,Sergio Garcia,79.59,39,49
26,Patrick Cantlay,79.55,35,44
27,Bryson DeChambeau,79.49,31,39
28,Hideki Matsuyama,78.26,36,46
29,Cameron Champ,78.13,25,32
30,Jason Kokrak,78.00,39,50
31,Stewart Cink,77.78,35,45
31,Tony Finau,77.78,35,45
33,Brian Gay,77.55,38,49
33,Michael Thompson,77.55,38,49
35,Kevin Kisner,76.92,40,52
36,Mackenzie Hughes,76.60,36,47
37,Andrew Landry,76.47,39,51
38,Cameron Smith,75.51,37,49
39,Hudson Swafford,74.55,41,55
40,Kevin Na,74.51,38,51
40,Patrick Reed,74.51,38,51
42,Nick Taylor,74.42,32,43
