rank,player,%,Greens Hit,Total Holes,Relative to par
1,Daniel Berger,100.00,13,13,-0.15
1,Dustin Johnson,100.00,9,9,-0.22
1,Joaquin Niemann,100.00,9,9,-0.22
1,Carlos Ortiz,100.00,6,6,E
1,Hudson Swafford,100.00,10,10,E
6,Harris English,90.91,10,11,-0.40
6,Viktor Hovland,90.91,10,11,-0.20
6,Kevin Kisner,90.91,10,11,-0.20
6,Kevin Na,90.91,10,11,-0.20
6,Richy Werenski,90.91,10,11,-0.10
11,Sergio Garcia,90.00,9,10,+0.11
11,Sungjae Im,90.00,9,10,-0.33
11,Michael Thompson,90.00,9,10,-0.22
14,Mackenzie Hughes,88.89,8,9,-0.25
14,Martin Laird,88.89,8,9,-0.25
14,Collin Morikawa,88.89,8,9,-0.25
14,Jon Rahm,88.89,8,9,-0.25
18,Billy Horschel,87.50,7,8,-0.29
18,Marc Leishman,87.50,7,8,+0.14
20,Cameron Champ,85.71,6,7,-0.17
20,Tony Finau,85.71,6,7,-0.17
22,Ryan Palmer,83.33,10,12,-0.20
22,Patrick Reed,83.33,10,12,-0.40
24,Webb Simpson,80.00,8,10,-0.50
24,Robert Streb,80.00,4,5,E
26,Abraham Ancer,77.78,7,9,-0.43
26,Sebastián Muñoz,77.78,7,9,-0.14
26,Adam Scott,77.78,7,9,-0.14
29,Jason Kokrak,75.00,6,8,+0.17
29,Hideki Matsuyama,75.00,6,8,E
29,Brendon Todd,75.00,6,8,-0.17
32,Xander Schauffele,73.33,11,15,-0.36
33,Justin Thomas,71.43,5,7,-0.40
34,Stewart Cink,70.00,7,10,-0.29
34,Scottie Scheffler,70.00,7,10,-0.43
36,Patrick Cantlay,66.67,4,6,-0.25
36,Andrew Landry,66.67,4,6,E
38,Cameron Smith,62.50,5,8,-0.20
39,Lanto Griffin,61.54,8,13,E
40,Brian Gay,60.00,6,10,-0.33
40,Nick Taylor,60.00,3,5,-0.33
42,Bryson DeChambeau,37.50,3,8,-0.33
