rank,player,%,Greens Hit,Total Holes,Relative to par
1,Richy Werenski,100.00,25,25,-0.60
2,Sungjae Im,96.67,29,30,-0.62
2,Justin Thomas,96.67,29,30,-0.69
4,Adam Scott,96.55,28,29,-0.39
5,Ryan Palmer,96.43,27,28,-0.89
6,Viktor Hovland,96.30,26,27,-0.50
7,Daniel Berger,96.15,25,26,-0.68
8,Collin Morikawa,96.00,24,25,-0.67
9,Webb Simpson,95.83,23,24,-0.61
10,Dustin Johnson,92.59,25,27,-0.52
11,Jason Kokrak,92.00,23,25,-0.52
12,Marc Leishman,91.67,22,24,-0.59
12,Scottie Scheffler,91.67,22,24,-0.73
14,Abraham Ancer,91.30,21,23,-0.67
14,Brian Gay,91.30,21,23,-0.57
16,Cameron Champ,91.18,31,34,-0.48
17,Brendon Todd,90.00,18,20,-0.61
18,Joaquin Niemann,89.66,26,29,-0.65
18,Xander Schauffele,89.66,26,29,-0.73
20,Stewart Cink,89.29,25,28,-0.40
20,Martin Laird,89.29,25,28,-0.52
22,Carlos Ortiz,88.89,24,27,-0.42
22,Jon Rahm,88.89,24,27,-0.75
24,Hideki Matsuyama,88.46,23,26,-0.61
24,Sebastián Muñoz,88.46,23,26,-0.70
26,Bryson DeChambeau,88.24,30,34,-0.57
27,Sergio Garcia,87.50,28,32,-0.68
27,Mackenzie Hughes,87.50,21,24,-0.38
27,Patrick Reed,87.50,21,24,-0.76
30,Robert Streb,86.96,20,23,-0.50
30,Nick Taylor,86.96,20,23,-0.65
32,Michael Thompson,85.00,17,20,-0.76
33,Tony Finau,84.62,22,26,-0.55
33,Billy Horschel,84.62,22,26,-0.55
35,Harris English,84.00,21,25,-0.81
35,Hudson Swafford,84.00,21,25,-0.67
37,Andrew Landry,83.33,20,24,-0.40
38,Lanto Griffin,82.61,19,23,-0.58
38,Kevin Kisner,82.61,19,23,-0.63
40,Patrick Cantlay,81.48,22,27,-0.73
40,Cameron Smith,81.48,22,27,-0.59
42,Kevin Na,80.00,16,20,-0.63
