rank,player,%,Greens Hit,Total Holes,Relative to par
1,Richy Werenski,100.00,33,33,-0.45
2,Sungjae Im,97.14,34,35,-0.59
2,Ryan Palmer,97.14,34,35,-0.79
4,Adam Scott,97.06,33,34,-0.39
5,Collin Morikawa,96.97,32,33,-0.56
6,Daniel Berger,96.77,30,31,-0.57
7,Viktor Hovland,94.12,32,34,-0.41
8,Webb Simpson,93.10,27,29,-0.56
9,Dustin Johnson,91.67,33,36,-0.52
9,Jason Kokrak,91.67,33,36,-0.39
11,Joaquin Niemann,91.18,31,34,-0.61
12,Cameron Champ,89.74,35,39,-0.49
13,Bryson DeChambeau,88.89,32,36,-0.56
13,Jon Rahm,88.89,32,36,-0.63
15,Billy Horschel,88.57,31,35,-0.42
16,Brendon Todd,88.46,23,26,-0.65
17,Stewart Cink,88.24,30,34,-0.37
17,Hideki Matsuyama,88.24,30,34,-0.50
17,Carlos Ortiz,88.24,30,34,-0.43
20,Scottie Scheffler,87.88,29,33,-0.62
20,Nick Taylor,87.88,29,33,-0.52
22,Brian Gay,87.50,28,32,-0.54
22,Andrew Landry,87.50,28,32,-0.36
22,Robert Streb,87.50,28,32,-0.43
25,Lanto Griffin,87.10,27,31,-0.56
26,Marc Leishman,86.67,26,30,-0.50
27,Sergio Garcia,86.49,32,37,-0.66
28,Abraham Ancer,86.21,25,29,-0.64
29,Justin Thomas,86.11,31,36,-0.65
30,Cameron Smith,85.71,30,35,-0.50
31,Martin Laird,85.29,29,34,-0.48
31,Xander Schauffele,85.29,29,34,-0.69
33,Harris English,84.85,28,33,-0.68
34,Mackenzie Hughes,84.38,27,32,-0.37
34,Patrick Reed,84.38,27,32,-0.63
36,Tony Finau,82.35,28,34,-0.54
36,Sebastián Muñoz,82.35,28,34,-0.61
38,Hudson Swafford,81.82,27,33,-0.63
39,Patrick Cantlay,80.56,29,36,-0.69
40,Kevin Kisner,80.00,24,30,-0.67
41,Michael Thompson,79.31,23,29,-0.61
42,Kevin Na,76.67,23,30,-0.57
