rank,player,Avg RTP
1,Scott Langley,-.667
1,Jeff Maggert,-.667
3,Ricky Barnes,-.600
4,Matt Jones,-.500
5,Tommy Gainey,-.429
6,Brendon de Jonge,-.400
6,Justin Hicks,-.400
6,Pat Perez,-.400
9,Bart Bryant,-.333
9,Tim Clark,-.333
9,Brian Gay,-.333
9,Henrik Norlander,-.333
13,Erik Compton,-.250
13,Jeff Overton,-.250
15,John Daly,-.200
15,Kyle Stanley,-.200
17,Tim Herron,-.167
17,Ben Kohles,-.167
17,John Senden,-.167
17,Kevin Streelman,-.167
17,Dean Wilson,-.167
22,Chad Campbell,-.143
22,Derek Ernst,-.143
22,David Hearn,-.143
22,Matt Kuchar,-.143
26,Stephen Ames,E
26,Sangmoon Bae,E
26,Shane Bertsch,E
26,Steven Bowditch,E
26,Keegan Bradley,E
26,Russ Cochran,E
26,Harris English,E
26,Brad Fritsch,E
26,Russell Henley,E
26,Morgan Hoffmann,E
26,Billy Horschel,E
26,Charles Howell III,E
26,Doug LaBelle II,E
26,D.H. Lee,E
26,Justin Leonard,E
26,David Mathis,E
26,Ryan Palmer,E
26,Cameron Percy,E
26,John Rollins,E
26,Vijay Singh,E
26,Shawn Stefani,E
26,Brian Stuard,E
26,Hideto Tanihara,E
26,Josh Teater,E
26,Y.E. Yang,E
51,Dicky Pride,+.125
52,Scott Gardiner,+.143
53,John Huh,+.167
53,Alistair Presnell,+.167
53,Lee Williams,+.167
56,Carl Pettersson,+.200
56,Scott Piercy,+.200
56,Nicholas Thompson,+.200
56,Charlie Wi,+.200
60,James Hahn,+.250
60,Marc Leishman,+.250
60,Steve Marino,+.250
60,Rory Sabbatini,+.250
64,Chris Kirk,+.333
64,David Lingmerth,+.333
64,George McNeill,+.333
64,Webb Simpson,+.333
68,Peter Tomasulo,+.400
68,Jimmy Walker,+.400
70,Mark Anderson,+.500
70,Fabián Gómez,+.500
70,Jason Kokrak,+.500
70,Robert Streb,+.500
74,Danny Lee,+.750
