rank,player,Avg RTP
1,Scott Piercy,-1.500
2,Stephen Ames,-1.000
2,Keegan Bradley,-1.000
2,Fabián Gómez,-1.000
2,Russell Henley,-1.000
2,Doug LaBelle II,-1.000
2,Marc Leishman,-1.000
8,Alistair Presnell,-.857
8,Webb Simpson,-.857
10,James Hahn,-.800
11,Harris English,-.750
12,Charles Howell III,-.714
13,Russ Cochran,-.667
13,Tim Herron,-.667
13,Morgan Hoffmann,-.667
13,Henrik Norlander,-.667
13,Ryan Palmer,-.667
13,Pat Perez,-.667
13,Shawn Stefani,-.667
20,Sangmoon Bae,-.600
21,Chad Campbell,-.500
21,Derek Ernst,-.500
21,Tommy Gainey,-.500
21,Scott Gardiner,-.500
21,Justin Hicks,-.500
21,Justin Leonard,-.500
21,Carl Pettersson,-.500
21,Dicky Pride,-.500
21,Robert Streb,-.500
21,Josh Teater,-.500
21,Jimmy Walker,-.500
21,Dean Wilson,-.500
33,Kyle Stanley,-.400
34,Mark Anderson,-.333
34,Brendon de Jonge,-.333
34,John Huh,-.333
34,Chris Kirk,-.333
34,Jason Kokrak,-.333
34,Peter Tomasulo,-.333
40,Billy Horschel,-.250
40,Matt Kuchar,-.250
40,Steve Marino,-.250
40,George McNeill,-.250
40,Cameron Percy,-.250
40,John Rollins,-.250
40,John Senden,-.250
47,Ricky Barnes,E
47,Shane Bertsch,E
47,Tim Clark,E
47,John Daly,E
47,Brian Gay,E
47,Matt Jones,E
47,Ben Kohles,E
47,D.H. Lee,E
47,Danny Lee,E
47,David Lingmerth,E
47,Jeff Maggert,E
47,David Mathis,E
47,Rory Sabbatini,E
47,Kevin Streelman,E
47,Hideto Tanihara,E
47,Nicholas Thompson,E
47,Y.E. Yang,E
64,David Hearn,+.200
65,Erik Compton,+.250
65,Lee Williams,+.250
67,Brad Fritsch,+.333
68,Scott Langley,+.500
68,Jeff Overton,+.500
70,Steven Bowditch,+.667
70,Charlie Wi,+.667
72,Bart Bryant,+1.000
