rank,player,Avg RTP
1,Jeff Maggert,-.714
2,Scott Langley,-.700
3,Ricky Barnes,-.600
4,Tim Clark,-.500
4,Brian Gay,-.500
4,Justin Hicks,-.500
4,Matt Jones,-.500
4,John Senden,-.500
4,Y.E. Yang,-.500
10,Bart Bryant,-.455
11,Tommy Gainey,-.429
12,Jeff Overton,-.400
12,Pat Perez,-.400
12,Dean Wilson,-.400
15,Matt Kuchar,-.375
16,Brian Stuard,-.333
17,Brendon de Jonge,-.286
17,Henrik Norlander,-.286
19,Chad Campbell,-.250
19,Erik Compton,-.250
19,David Hearn,-.250
22,David Mathis,-.231
23,D.H. Lee,-.222
24,Stephen Ames,-.200
24,John Daly,-.200
24,Russell Henley,-.200
24,Cameron Percy,-.200
24,Kyle Stanley,-.200
29,Tim Herron,-.167
29,Ben Kohles,-.167
29,Kevin Streelman,-.167
32,Steven Bowditch,-.125
33,Lee Williams,-.111
34,Derek Ernst,-.100
34,Dicky Pride,-.100
36,Doug LaBelle II,-.091
37,Sangmoon Bae,E
37,Keegan Bradley,E
37,Russ Cochran,E
37,Harris English,E
37,Brad Fritsch,E
37,Scott Gardiner,E
37,Morgan Hoffmann,E
37,Billy Horschel,E
37,Charles Howell III,E
37,Justin Leonard,E
37,David Lingmerth,E
37,George McNeill,E
37,Ryan Palmer,E
37,Alistair Presnell,E
37,John Rollins,E
37,Vijay Singh,E
37,Shawn Stefani,E
37,Hideto Tanihara,E
37,Josh Teater,E
37,Nicholas Thompson,E
37,Charlie Wi,E
58,John Huh,+.125
59,Shane Bertsch,+.167
60,Mark Anderson,+.200
60,Carl Pettersson,+.200
60,Scott Piercy,+.200
63,James Hahn,+.250
63,Marc Leishman,+.250
63,Steve Marino,+.250
63,Rory Sabbatini,+.250
67,Fabián Gómez,+.286
68,Chris Kirk,+.333
68,Webb Simpson,+.333
70,Peter Tomasulo,+.400
70,Jimmy Walker,+.400
72,Jason Kokrak,+.500
72,Robert Streb,+.500
74,Danny Lee,+.750
