rank,player,Avg RTP
1,Chris Kirk,-.667
2,Josh Teater,-.538
3,Scott Gardiner,-.455
4,Jeff Overton,-.429
5,Hideto Tanihara,-.385
6,Chad Campbell,-.333
6,Ben Kohles,-.333
8,George McNeill,-.286
9,Matt Kuchar,-.273
9,Rory Sabbatini,-.273
9,Charlie Wi,-.273
12,Scott Langley,-.250
12,Scott Piercy,-.250
12,Vijay Singh,-.250
12,Peter Tomasulo,-.250
16,Charles Howell III,-.235
17,Marc Leishman,-.231
18,Stephen Ames,-.222
18,Tim Clark,-.222
20,Harris English,-.200
20,D.H. Lee,-.200
20,John Rollins,-.200
23,Russell Henley,-.188
24,Pat Perez,-.182
24,Webb Simpson,-.182
24,Y.E. Yang,-.182
27,Ricky Barnes,-.167
27,Tommy Gainey,-.167
29,Shane Bertsch,-.154
29,Erik Compton,-.154
29,Jason Kokrak,-.154
29,Danny Lee,-.154
33,Matt Jones,-.143
33,Brian Stuard,-.143
35,Nicholas Thompson,-.125
36,Derek Ernst,-.111
37,Dicky Pride,-.100
38,Brendon de Jonge,-.091
38,James Hahn,-.091
38,Billy Horschel,-.091
38,David Lingmerth,-.091
38,John Senden,-.091
38,Dean Wilson,-.091
44,Morgan Hoffmann,-.083
44,Justin Leonard,-.083
46,Cameron Percy,-.077
47,Brad Fritsch,-.071
48,Bart Bryant,-.067
49,Mark Anderson,E
49,Steven Bowditch,E
49,John Daly,E
49,Brian Gay,E
49,Fabián Gómez,E
49,Tim Herron,E
49,John Huh,E
49,Ryan Palmer,E
49,Carl Pettersson,E
49,Alistair Presnell,E
49,Kevin Streelman,E
49,Jimmy Walker,E
61,Jeff Maggert,+.077
61,Henrik Norlander,+.077
61,Kyle Stanley,+.077
61,Shawn Stefani,+.077
65,Steve Marino,+.083
66,Justin Hicks,+.091
67,David Hearn,+.100
67,Doug LaBelle II,+.100
67,Lee Williams,+.100
70,Keegan Bradley,+.143
71,Russ Cochran,+.182
72,David Mathis,+.250
73,Sangmoon Bae,+.273
74,Robert Streb,+.364
