rank,player,Avg RTP
1,Tim Herron,-1.000
1,Charles Howell III,-1.000
1,Doug LaBelle II,-1.000
4,Matt Jones,-.833
5,Steve Marino,-.800
6,Erik Compton,-.667
6,John Senden,-.667
6,Lee Williams,-.667
9,Tim Clark,-.625
9,David Hearn,-.625
11,Scott Langley,-.571
11,David Mathis,-.571
13,Russell Henley,-.500
13,Matt Kuchar,-.500
13,David Lingmerth,-.500
13,Ryan Palmer,-.500
13,Charlie Wi,-.500
18,Scott Piercy,-.444
19,Scott Gardiner,-.429
19,John Huh,-.429
19,Chris Kirk,-.429
19,Webb Simpson,-.429
19,Kevin Streelman,-.429
24,Bart Bryant,-.400
24,Russ Cochran,-.400
24,Carl Pettersson,-.400
24,Alistair Presnell,-.400
24,Jimmy Walker,-.400
29,Chad Campbell,-.333
29,John Daly,-.333
29,Brendon de Jonge,-.333
29,Tommy Gainey,-.333
29,Fabián Gómez,-.333
29,Nicholas Thompson,-.333
35,Shane Bertsch,-.286
35,Harris English,-.286
35,Brian Gay,-.286
35,Ben Kohles,-.286
35,Marc Leishman,-.286
35,Pat Perez,-.286
35,Y.E. Yang,-.286
42,Billy Horschel,-.250
42,Danny Lee,-.250
44,Justin Leonard,-.200
44,John Rollins,-.200
44,Kyle Stanley,-.200
47,Ricky Barnes,-.167
47,Keegan Bradley,-.167
47,Justin Hicks,-.167
50,Vijay Singh,-.143
51,Dean Wilson,-.125
52,Brad Fritsch,-.111
52,Henrik Norlander,-.111
54,Peter Tomasulo,-.077
55,Stephen Ames,E
55,Mark Anderson,E
55,Sangmoon Bae,E
55,Steven Bowditch,E
55,James Hahn,E
55,Morgan Hoffmann,E
55,Jason Kokrak,E
55,D.H. Lee,E
55,Jeff Maggert,E
55,George McNeill,E
55,Jeff Overton,E
55,Cameron Percy,E
55,Dicky Pride,E
55,Robert Streb,E
55,Josh Teater,E
70,Derek Ernst,+.200
71,Shawn Stefani,+.250
71,Brian Stuard,+.250
73,Hideto Tanihara,+.375
