rank,player,Avg RTP
1,Matt Kuchar,-2.000
1,George McNeill,-2.000
3,John Senden,-1.500
4,Brian Stuard,-1.333
5,Stephen Ames,-1.000
5,Bart Bryant,-1.000
5,Chad Campbell,-1.000
5,Tim Clark,-1.000
5,Scott Gardiner,-1.000
5,Brian Gay,-1.000
5,Russell Henley,-1.000
5,Justin Hicks,-1.000
5,David Lingmerth,-1.000
5,Jeff Overton,-1.000
5,Cameron Percy,-1.000
5,Dicky Pride,-1.000
5,Dean Wilson,-1.000
5,Y.E. Yang,-1.000
19,David Mathis,-.500
19,Lee Williams,-.500
21,Brendon de Jonge,E
21,Billy Horschel,E
21,Charles Howell III,E
21,John Huh,E
21,D.H. Lee,E
21,Henrik Norlander,E
21,Charlie Wi,E
28,Shane Bertsch,+1.000
