rank,player,Avg RTP
1,Lee Williams,-1.000
2,Mark Anderson,-.750
3,Shane Bertsch,-.500
3,Brian Gay,-.500
3,John Huh,-.500
3,Matt Jones,-.500
3,Danny Lee,-.500
3,Pat Perez,-.500
3,Kevin Streelman,-.500
10,Shawn Stefani,-.429
11,Harris English,-.333
11,Chris Kirk,-.333
11,Jason Kokrak,-.333
11,Robert Streb,-.333
15,Tim Herron,-.250
15,Charles Howell III,-.250
15,Scott Langley,-.250
18,Dicky Pride,-.167
19,Stephen Ames,E
19,Ricky Barnes,E
19,Steven Bowditch,E
19,Chad Campbell,E
19,Erik Compton,E
19,Derek Ernst,E
19,Brad Fritsch,E
19,James Hahn,E
19,Russell Henley,E
19,Justin Hicks,E
19,Matt Kuchar,E
19,Doug LaBelle II,E
19,D.H. Lee,E
19,David Lingmerth,E
19,David Mathis,E
19,George McNeill,E
19,Scott Piercy,E
19,Rory Sabbatini,E
19,John Senden,E
19,Vijay Singh,E
19,Nicholas Thompson,E
19,Peter Tomasulo,E
19,Jimmy Walker,E
19,Charlie Wi,E
43,Carl Pettersson,+.111
44,Tommy Gainey,+.167
44,Cameron Percy,+.167
44,Hideto Tanihara,+.167
47,Sangmoon Bae,+.200
47,Webb Simpson,+.200
49,Ryan Palmer,+.222
50,Fabián Gómez,+.250
50,Jeff Overton,+.250
50,John Rollins,+.250
50,Brian Stuard,+.250
54,David Hearn,+.333
54,Marc Leishman,+.333
54,Kyle Stanley,+.333
57,Morgan Hoffmann,+.400
58,John Daly,+.455
59,Bart Bryant,+.500
59,Tim Clark,+.500
59,Russ Cochran,+.500
59,Brendon de Jonge,+.500
59,Scott Gardiner,+.500
59,Ben Kohles,+.500
59,Justin Leonard,+.500
59,Jeff Maggert,+.500
59,Steve Marino,+.500
59,Dean Wilson,+.500
59,Y.E. Yang,+.500
70,Keegan Bradley,+.600
71,Billy Horschel,+.667
72,Josh Teater,+.750
73,Henrik Norlander,+1.500
