rank,player,Avg RTP
1,Derek Ernst,-2.000
2,Shane Bertsch,-1.000
2,Steven Bowditch,-1.000
2,Brad Fritsch,-1.000
2,Jason Kokrak,-1.000
2,Doug LaBelle II,-1.000
2,D.H. Lee,-1.000
2,Justin Leonard,-1.000
2,Henrik Norlander,-1.000
2,Ryan Palmer,-1.000
2,Webb Simpson,-1.000
2,Shawn Stefani,-1.000
2,Peter Tomasulo,-1.000
14,Tim Clark,-.833
15,Brendon de Jonge,-.750
15,Tim Herron,-.750
17,Kyle Stanley,-.667
17,Josh Teater,-.667
19,Harris English,-.500
19,James Hahn,-.500
19,Matt Jones,-.500
19,Marc Leishman,-.500
19,Dicky Pride,-.500
19,Vijay Singh,-.500
19,Kevin Streelman,-.500
26,Ricky Barnes,-.400
27,Bart Bryant,-.333
27,David Lingmerth,-.333
27,Jeff Overton,-.333
27,Lee Williams,-.333
31,Matt Kuchar,-.250
31,Danny Lee,-.250
33,Sangmoon Bae,E
33,Keegan Bradley,E
33,Chad Campbell,E
33,Russ Cochran,E
33,Tommy Gainey,E
33,Scott Gardiner,E
33,Fabián Gómez,E
33,David Hearn,E
33,Russell Henley,E
33,Justin Hicks,E
33,Morgan Hoffmann,E
33,Ben Kohles,E
33,Steve Marino,E
33,George McNeill,E
33,Pat Perez,E
33,Carl Pettersson,E
33,Robert Streb,E
33,Nicholas Thompson,E
33,Jimmy Walker,E
52,Cameron Percy,+.333
52,Rory Sabbatini,+.333
54,Stephen Ames,+.500
54,Erik Compton,+.500
54,Billy Horschel,+.500
54,Jeff Maggert,+.500
54,John Rollins,+.500
59,Mark Anderson,+1.000
59,Scott Piercy,+1.000
59,Alistair Presnell,+1.000
