rank,player,Avg RTP
1,Justin Hicks,-.571
2,Marc Leishman,-.500
2,Dicky Pride,-.500
4,Russell Henley,-.467
5,Rory Sabbatini,-.444
6,Keegan Bradley,-.429
6,John Rollins,-.429
8,Russ Cochran,-.417
8,Chris Kirk,-.417
10,Matt Kuchar,-.400
11,Harris English,-.375
12,Brad Fritsch,-.364
13,Jason Kokrak,-.333
13,Doug LaBelle II,-.333
13,Josh Teater,-.333
16,Matt Jones,-.286
17,Mark Anderson,-.273
17,David Hearn,-.273
17,Billy Horschel,-.273
17,Carl Pettersson,-.273
21,John Daly,-.250
21,D.H. Lee,-.250
21,Justin Leonard,-.250
21,Jeff Maggert,-.250
21,Scott Piercy,-.250
21,Kyle Stanley,-.250
27,David Lingmerth,-.231
28,Shane Bertsch,-.222
28,Fabián Gómez,-.222
28,David Mathis,-.222
31,Sangmoon Bae,-.200
31,Steven Bowditch,-.200
31,John Huh,-.200
31,Hideto Tanihara,-.200
35,Tim Clark,-.167
35,Scott Langley,-.167
35,Danny Lee,-.167
35,Alistair Presnell,-.167
35,Robert Streb,-.167
40,Brendon de Jonge,-.143
40,Henrik Norlander,-.143
40,Cameron Percy,-.143
40,John Senden,-.143
44,Ricky Barnes,-.125
44,Bart Bryant,-.125
44,Brian Stuard,-.125
44,Nicholas Thompson,-.125
48,Peter Tomasulo,-.111
48,Charlie Wi,-.111
50,Jimmy Walker,-.100
50,Lee Williams,-.100
52,Erik Compton,-.091
52,Tommy Gainey,-.091
52,Brian Gay,-.091
52,Ben Kohles,-.091
52,Jeff Overton,-.091
52,Y.E. Yang,-.091
58,Scott Gardiner,-.067
59,Stephen Ames,E
59,Chad Campbell,E
59,Morgan Hoffmann,E
59,Charles Howell III,E
59,Steve Marino,E
59,George McNeill,E
59,Pat Perez,E
59,Webb Simpson,E
59,Vijay Singh,E
59,Shawn Stefani,E
59,Dean Wilson,E
70,James Hahn,+.111
71,Tim Herron,+.125
71,Ryan Palmer,+.125
73,Kevin Streelman,+.143
74,Derek Ernst,+.214
