rank,player,Avg RTP
1,Brian Stuard,-1.000
2,Sangmoon Bae,-.800
3,Jeff Overton,-.667
4,Stephen Ames,-.500
4,Morgan Hoffmann,-.500
4,Charles Howell III,-.500
4,David Lingmerth,-.500
4,Shawn Stefani,-.500
4,Charlie Wi,-.500
10,Pat Perez,-.400
10,John Rollins,-.400
12,Danny Lee,-.375
13,Erik Compton,-.333
14,James Hahn,-.250
14,Tim Herron,-.250
14,Vijay Singh,-.250
17,Ricky Barnes,-.200
17,Keegan Bradley,-.200
17,Billy Horschel,-.200
20,Matt Jones,-.167
20,Josh Teater,-.167
22,Justin Hicks,-.143
22,Marc Leishman,-.143
24,Tommy Gainey,-.111
25,Shane Bertsch,E
25,Chad Campbell,E
25,Tim Clark,E
25,Russ Cochran,E
25,Brendon de Jonge,E
25,Derek Ernst,E
25,Brad Fritsch,E
25,Scott Gardiner,E
25,Brian Gay,E
25,David Hearn,E
25,Russell Henley,E
25,Chris Kirk,E
25,Jason Kokrak,E
25,Matt Kuchar,E
25,Doug LaBelle II,E
25,Scott Langley,E
25,Justin Leonard,E
25,Jeff Maggert,E
25,Ryan Palmer,E
25,Cameron Percy,E
25,Alistair Presnell,E
25,Dicky Pride,E
25,John Senden,E
25,Webb Simpson,E
25,Robert Streb,E
25,Nicholas Thompson,E
25,Peter Tomasulo,E
25,Jimmy Walker,E
25,Lee Williams,E
25,Dean Wilson,E
25,Y.E. Yang,E
56,Rory Sabbatini,+.111
57,Fabián Gómez,+.143
57,George McNeill,+.143
59,John Daly,+.200
59,Scott Piercy,+.200
59,Kyle Stanley,+.200
62,Mark Anderson,+.250
62,Steven Bowditch,+.250
62,Harris English,+.250
62,David Mathis,+.250
62,Kevin Streelman,+.250
67,John Huh,+.286
68,Ben Kohles,+.333
69,Carl Pettersson,+.400
70,D.H. Lee,+.500
70,Steve Marino,+.500
70,Henrik Norlander,+.500
73,Bart Bryant,+1.000
