rank,player,Avg RTP
1,Scott Langley,-1.000
1,Steve Marino,-1.000
1,David Mathis,-1.000
1,Webb Simpson,-1.000
5,Erik Compton,-.667
6,Russ Cochran,-.500
6,Chris Kirk,-.500
6,Ben Kohles,-.500
6,Jason Kokrak,-.500
6,Marc Leishman,-.500
6,David Lingmerth,-.500
6,Scott Piercy,-.500
6,Jimmy Walker,-.500
6,Lee Williams,-.500
15,Brian Gay,-.333
15,Danny Lee,-.333
15,Ryan Palmer,-.333
15,Hideto Tanihara,-.333
19,John Daly,-.250
20,Mark Anderson,E
20,Steven Bowditch,E
20,Keegan Bradley,E
20,Bart Bryant,E
20,Brad Fritsch,E
20,Tommy Gainey,E
20,Scott Gardiner,E
20,Fabián Gómez,E
20,David Hearn,E
20,Justin Hicks,E
20,John Huh,E
20,Justin Leonard,E
20,Jeff Maggert,E
20,George McNeill,E
20,Henrik Norlander,E
20,Carl Pettersson,E
20,Kyle Stanley,E
20,Robert Streb,E
20,Kevin Streelman,E
20,Brian Stuard,E
20,Josh Teater,E
20,Peter Tomasulo,E
42,James Hahn,+.500
42,Jeff Overton,+.500
44,Stephen Ames,+1.000
44,Dicky Pride,+1.000
44,Shawn Stefani,+1.000
44,Dean Wilson,+1.000
