rank,player,Avg RTP
1,Stephen Ames,-1.000
1,Keegan Bradley,-1.000
1,Bart Bryant,-1.000
1,Fabián Gómez,-1.000
1,Tim Herron,-1.000
1,Justin Hicks,-1.000
1,Morgan Hoffmann,-1.000
1,Matt Jones,-1.000
1,Matt Kuchar,-1.000
1,Doug LaBelle II,-1.000
1,Scott Langley,-1.000
1,Pat Perez,-1.000
1,Carl Pettersson,-1.000
1,Dicky Pride,-1.000
1,Kyle Stanley,-1.000
1,Charlie Wi,-1.000
17,Lee Williams,-.800
18,Tim Clark,-.667
18,Webb Simpson,-.667
20,Chad Campbell,-.500
20,Russ Cochran,-.500
20,Russell Henley,-.500
20,John Huh,-.500
20,David Lingmerth,-.500
20,Jeff Overton,-.500
20,Scott Piercy,-.500
20,Alistair Presnell,-.500
20,John Senden,-.500
20,Kevin Streelman,-.500
20,Peter Tomasulo,-.500
20,Dean Wilson,-.500
32,Ricky Barnes,-.333
32,Shane Bertsch,-.333
32,Brian Gay,-.333
32,David Hearn,-.333
32,David Mathis,-.333
32,Josh Teater,-.333
38,Sangmoon Bae,E
38,Erik Compton,E
38,John Daly,E
38,Brendon de Jonge,E
38,Harris English,E
38,Billy Horschel,E
38,Chris Kirk,E
38,D.H. Lee,E
38,Marc Leishman,E
38,Justin Leonard,E
38,Henrik Norlander,E
38,Cameron Percy,E
38,Vijay Singh,E
38,Y.E. Yang,E
52,George McNeill,+1.000
52,Brian Stuard,+1.000
52,Hideto Tanihara,+1.000
