rank,player,Avg RTP
1,Danny Lee,-.500
1,Scott Piercy,-.500
3,Chris Kirk,-.429
3,Jeff Overton,-.429
5,Y.E. Yang,-.385
6,Tim Clark,-.375
6,Russell Henley,-.375
8,Brian Stuard,-.353
9,Steven Bowditch,-.333
9,Scott Gardiner,-.333
9,David Lingmerth,-.333
9,David Mathis,-.333
13,Kevin Streelman,-.308
14,Justin Leonard,-.273
14,Robert Streb,-.273
16,David Hearn,-.250
16,Henrik Norlander,-.250
16,Ryan Palmer,-.250
19,Matt Kuchar,-.222
19,Vijay Singh,-.222
19,Josh Teater,-.222
19,Peter Tomasulo,-.222
23,Erik Compton,-.200
23,Dicky Pride,-.200
25,Stephen Ames,-.188
25,Bart Bryant,-.188
27,Shane Bertsch,-.182
27,Chad Campbell,-.182
29,Pat Perez,-.167
30,Fabián Gómez,-.154
30,Justin Hicks,-.154
32,Brendon de Jonge,-.143
32,John Huh,-.143
32,D.H. Lee,-.143
32,Kyle Stanley,-.143
32,Jimmy Walker,-.143
37,Jeff Maggert,-.133
38,Mark Anderson,-.125
38,Brad Fritsch,-.125
38,John Rollins,-.125
41,Charles Howell III,-.111
41,Marc Leishman,-.111
41,Shawn Stefani,-.111
41,Lee Williams,-.111
45,Scott Langley,-.100
45,Charlie Wi,-.100
47,Steve Marino,-.091
48,George McNeill,-.083
49,Russ Cochran,-.077
50,Tim Herron,-.071
51,Doug LaBelle II,-.059
52,Sangmoon Bae,E
52,Ricky Barnes,E
52,Harris English,E
52,Derek Ernst,E
52,Tommy Gainey,E
52,Brian Gay,E
52,Billy Horschel,E
52,John Senden,E
52,Webb Simpson,E
52,Hideto Tanihara,E
52,Nicholas Thompson,E
63,Ben Kohles,+.077
64,James Hahn,+.083
64,Rory Sabbatini,+.083
66,Morgan Hoffmann,+.100
67,Keegan Bradley,+.111
68,Cameron Percy,+.125
69,Matt Jones,+.167
69,Alistair Presnell,+.167
69,Dean Wilson,+.167
72,Carl Pettersson,+.250
73,Jason Kokrak,+.273
74,John Daly,+.333
