rank,player,Avg RTP
1,Chris Kirk,-2.000
2,Mark Anderson,-1.000
2,Keegan Bradley,-1.000
2,Bart Bryant,-1.000
2,Charles Howell III,-1.000
2,John Huh,-1.000
2,Matt Kuchar,-1.000
2,D.H. Lee,-1.000
2,Jeff Maggert,-1.000
2,Jeff Overton,-1.000
2,Rory Sabbatini,-1.000
2,John Senden,-1.000
2,Kevin Streelman,-1.000
2,Hideto Tanihara,-1.000
2,Peter Tomasulo,-1.000
2,Jimmy Walker,-1.000
2,Charlie Wi,-1.000
18,Tim Herron,-.500
18,Billy Horschel,-.500
18,Ben Kohles,-.500
18,Alistair Presnell,-.500
22,Shane Bertsch,E
22,Erik Compton,E
22,Brendon de Jonge,E
22,Fabián Gómez,E
22,Justin Hicks,E
22,Marc Leishman,E
22,Justin Leonard,E
22,John Rollins,E
22,Vijay Singh,E
22,Dean Wilson,E
22,Y.E. Yang,E
