rank,player,Avg RTP
1,Mark Anderson,-1.000
1,John Huh,-1.000
1,Doug LaBelle II,-1.000
1,Lee Williams,-1.000
5,Chad Campbell,-.500
5,Harris English,-.500
5,Tommy Gainey,-.500
5,Danny Lee,-.500
9,David Lingmerth,-.333
10,Scott Langley,-.250
11,Carl Pettersson,-.200
12,Shane Bertsch,E
12,Steven Bowditch,E
12,Keegan Bradley,E
12,Bart Bryant,E
12,Erik Compton,E
12,John Daly,E
12,Brad Fritsch,E
12,Fabián Gómez,E
12,Russell Henley,E
12,Tim Herron,E
12,Billy Horschel,E
12,Charles Howell III,E
12,Chris Kirk,E
12,Ben Kohles,E
12,Jason Kokrak,E
12,Matt Kuchar,E
12,Justin Leonard,E
12,George McNeill,E
12,Jeff Overton,E
12,Ryan Palmer,E
12,Cameron Percy,E
12,Pat Perez,E
12,Scott Piercy,E
12,Dicky Pride,E
12,John Rollins,E
12,Rory Sabbatini,E
12,Vijay Singh,E
12,Kyle Stanley,E
12,Shawn Stefani,E
12,Kevin Streelman,E
12,Brian Stuard,E
12,Hideto Tanihara,E
12,Peter Tomasulo,E
12,Jimmy Walker,E
12,Charlie Wi,E
12,Dean Wilson,E
48,Webb Simpson,+.250
49,Sangmoon Bae,+.500
49,Russ Cochran,+.500
49,Jeff Maggert,+.500
49,Steve Marino,+.500
49,Josh Teater,+.500
54,Scott Gardiner,+.667
55,Tim Clark,+1.000
55,Brendon de Jonge,+1.000
55,David Hearn,+1.000
55,Morgan Hoffmann,+1.000
