rank,player,Avg RTP
1,Webb Simpson,-.500
2,Peter Tomasulo,-.400
2,Charlie Wi,-.400
4,Dicky Pride,-.333
4,Nicholas Thompson,-.333
6,Marc Leishman,-.286
7,Sangmoon Bae,-.250
7,Tim Clark,-.250
7,Russell Henley,-.250
7,Brian Stuard,-.250
11,Keegan Bradley,-.200
11,David Mathis,-.200
11,Y.E. Yang,-.200
14,Ricky Barnes,-.167
14,Ben Kohles,-.167
14,Jimmy Walker,-.167
17,John Huh,-.143
18,Brian Gay,-.111
18,Charles Howell III,-.111
18,Pat Perez,-.111
21,Cameron Percy,-.100
22,Russ Cochran,E
22,John Daly,E
22,Harris English,E
22,Brad Fritsch,E
22,Matt Jones,E
22,Scott Langley,E
22,Justin Leonard,E
22,Jeff Maggert,E
22,Steve Marino,E
22,George McNeill,E
22,Ryan Palmer,E
22,Carl Pettersson,E
22,John Rollins,E
22,Vijay Singh,E
22,Hideto Tanihara,E
22,Josh Teater,E
38,Kevin Streelman,+.100
39,Steven Bowditch,+.125
39,John Senden,+.125
39,Dean Wilson,+.125
42,David Hearn,+.143
42,Chris Kirk,+.143
44,Mark Anderson,+.167
44,Tommy Gainey,+.167
44,Justin Hicks,+.167
44,Matt Kuchar,+.167
44,Danny Lee,+.167
44,David Lingmerth,+.167
44,Alistair Presnell,+.167
51,Derek Ernst,+.200
51,Jason Kokrak,+.200
51,D.H. Lee,+.200
51,Kyle Stanley,+.200
55,James Hahn,+.222
56,Brendon de Jonge,+.250
56,Scott Gardiner,+.250
56,Morgan Hoffmann,+.250
56,Henrik Norlander,+.250
56,Jeff Overton,+.250
56,Shawn Stefani,+.250
62,Scott Piercy,+.286
63,Stephen Ames,+.333
63,Fabián Gómez,+.333
63,Tim Herron,+.333
63,Billy Horschel,+.333
67,Bart Bryant,+.400
67,Rory Sabbatini,+.400
69,Lee Williams,+.500
70,Doug LaBelle II,+.600
71,Shane Bertsch,+.667
71,Erik Compton,+.667
71,Robert Streb,+.667
74,Chad Campbell,+.750
