rank,player,Avg RTP
1,Erik Compton,-1.000
1,Brendon de Jonge,-1.000
1,David Hearn,-1.000
1,Tim Herron,-1.000
1,Charles Howell III,-1.000
1,Justin Leonard,-1.000
1,John Senden,-1.000
8,Matt Jones,-.800
9,Steve Marino,-.750
10,John Daly,-.667
10,Ryan Palmer,-.667
10,Kevin Streelman,-.667
10,Y.E. Yang,-.667
14,Tim Clark,-.600
14,Scott Gardiner,-.600
16,Tommy Gainey,-.500
16,Russell Henley,-.500
16,John Huh,-.500
16,Chris Kirk,-.500
16,David Lingmerth,-.500
16,David Mathis,-.500
16,Carl Pettersson,-.500
16,Lee Williams,-.500
24,Harris English,-.400
24,Scott Piercy,-.400
26,James Hahn,-.333
26,Alistair Presnell,-.333
26,Nicholas Thompson,-.333
26,Jimmy Walker,-.333
30,Billy Horschel,-.286
31,Shane Bertsch,-.250
31,Marc Leishman,-.250
31,George McNeill,-.250
34,Brad Fritsch,-.200
34,Danny Lee,-.200
34,John Rollins,-.200
34,Vijay Singh,-.200
38,Pat Perez,-.167
39,Henrik Norlander,-.143
40,Stephen Ames,E
40,Mark Anderson,E
40,Sangmoon Bae,E
40,Ricky Barnes,E
40,Steven Bowditch,E
40,Keegan Bradley,E
40,Bart Bryant,E
40,Chad Campbell,E
40,Russ Cochran,E
40,Brian Gay,E
40,Fabián Gómez,E
40,Justin Hicks,E
40,Ben Kohles,E
40,Matt Kuchar,E
40,Scott Langley,E
40,D.H. Lee,E
40,Jeff Maggert,E
40,Jeff Overton,E
40,Cameron Percy,E
40,Dicky Pride,E
40,Webb Simpson,E
40,Kyle Stanley,E
40,Shawn Stefani,E
40,Robert Streb,E
40,Brian Stuard,E
40,Peter Tomasulo,E
40,Charlie Wi,E
40,Dean Wilson,E
68,Jason Kokrak,+.143
69,Josh Teater,+.167
70,Derek Ernst,+.200
71,Morgan Hoffmann,+.250
72,Hideto Tanihara,+.667
