rank,player,Avg RTP
1,Shane Bertsch,-1.000
1,Chris Kirk,-1.000
1,Jason Kokrak,-1.000
1,Danny Lee,-1.000
1,Dicky Pride,-1.000
6,Pat Perez,-.667
7,Matt Jones,-.500
7,Marc Leishman,-.500
7,Shawn Stefani,-.500
10,Stephen Ames,E
10,Mark Anderson,E
10,Sangmoon Bae,E
10,Steven Bowditch,E
10,Chad Campbell,E
10,Derek Ernst,E
10,Tommy Gainey,E
10,Scott Gardiner,E
10,Fabián Gómez,E
10,Russell Henley,E
10,Justin Hicks,E
10,Charles Howell III,E
10,Matt Kuchar,E
10,D.H. Lee,E
10,David Mathis,E
10,George McNeill,E
10,John Rollins,E
10,Rory Sabbatini,E
10,John Senden,E
10,Vijay Singh,E
10,Robert Streb,E
10,Brian Stuard,E
10,Hideto Tanihara,E
33,Cameron Percy,+.250
34,Nicholas Thompson,+.333
35,Morgan Hoffmann,+.500
35,Ryan Palmer,+.500
35,Charlie Wi,+.500
35,Y.E. Yang,+.500
39,David Hearn,+1.000
39,Billy Horschel,+1.000
39,Ben Kohles,+1.000
39,Doug LaBelle II,+1.000
39,Justin Leonard,+1.000
39,Jeff Maggert,+1.000
39,Henrik Norlander,+1.000
39,Jeff Overton,+1.000
47,John Daly,+1.200
48,Keegan Bradley,+1.500
