rank,player,Avg RTP
1,Mark Anderson,-1.000
1,John Daly,-1.000
1,David Hearn,-1.000
1,Charles Howell III,-1.000
1,Kevin Streelman,-1.000
1,Charlie Wi,-1.000
7,Shawn Stefani,-.667
8,Brian Gay,-.500
8,Tim Herron,-.500
8,Robert Streb,-.500
8,Nicholas Thompson,-.500
12,Stephen Ames,E
12,Sangmoon Bae,E
12,Ricky Barnes,E
12,Steven Bowditch,E
12,Keegan Bradley,E
12,Tim Clark,E
12,Erik Compton,E
12,Brendon de Jonge,E
12,Harris English,E
12,Derek Ernst,E
12,James Hahn,E
12,Justin Hicks,E
12,Morgan Hoffmann,E
12,John Huh,E
12,Matt Kuchar,E
12,Doug LaBelle II,E
12,D.H. Lee,E
12,Danny Lee,E
12,Justin Leonard,E
12,Jeff Maggert,E
12,George McNeill,E
12,Scott Piercy,E
12,Dicky Pride,E
12,Rory Sabbatini,E
12,John Senden,E
12,Webb Simpson,E
12,Vijay Singh,E
12,Jimmy Walker,E
40,Ryan Palmer,+.333
41,Ben Kohles,+.500
41,Carl Pettersson,+.500
41,John Rollins,+.500
41,Kyle Stanley,+.500
41,Brian Stuard,+.500
41,Hideto Tanihara,+.500
47,Bart Bryant,+1.000
47,Chad Campbell,+1.000
47,Fabián Gómez,+1.000
47,David Lingmerth,+1.000
47,Josh Teater,+1.000
47,Dean Wilson,+1.000
53,Tommy Gainey,+2.000
53,Marc Leishman,+2.000
53,Henrik Norlander,+2.000
