rank,player,Avg RTP
1,J.B. Holmes,-1.000
2,Patrick Sheehan,-.750
3,James Driscoll,-.250
4,Parker McLachlin,-.200
5,Briny Baird,-.167
6,Brad Adamonis,E
6,Cameron Beckman,E
6,Chad Campbell,E
6,K.J. Choi,E
6,Bob Estes,E
6,Fred Funk,E
6,Dudley Hart,E
6,Dustin Johnson,E
6,Jerry Kelly,E
6,Tom Lehman,E
6,Steve Lowery,E
6,Jeff Maggert,E
6,John Mallinger,E
6,Daisuke Maruyama,E
6,Shigeki Maruyama,E
6,Yusaku Miyazato,E
6,Chez Reavie,E
6,Heath Slocum,E
6,Vaughn Taylor,E
6,Mark Wilson,E
26,Matt Jones,+.125
26,Pat Perez,+.125
28,Matt Kuchar,+.167
29,Daniel Chopra,+.250
29,Robert Gamez,+.250
29,Jesper Parnevik,+.250
29,Y.E. Yang,+.250
33,Bubba Watson,+.286
34,Stephen Ames,+.333
34,Brian Gay,+.333
34,George McNeill,+.333
34,Kiyoshi Miyazato,+.333
34,Scott Sterling,+.333
34,Steve Stricker,+.333
34,Tim Wilkinson,+.333
41,Martin Laird,+.400
41,John Merrick,+.400
43,Chad Collins,+.429
44,Jason Allred,+.500
44,Paul Azinger,+.500
44,Shane Bertsch,+.500
44,Jim Furyk,+.500
44,WC Liang,+.500
44,Troy Matteson,+.500
44,Tom Pernice Jr.,+.500
44,Kevin Streelman,+.500
44,Jimmy Walker,+.500
53,Alejandro Cañizares,+.571
54,Sean O'Hair,+.600
54,Carl Pettersson,+.600
54,Rory Sabbatini,+.600
57,Zach Johnson,+.667
57,Steve Marino,+.667
57,Jim McGovern,+.667
57,Jay Williamson,+.667
61,Vijay Singh,+.800
62,J.P. Hayes,+1.000
62,Spencer Levin,+1.000
62,Kevin Na,+1.000
62,John Riegger,+1.000
62,Mitsuhiro Tateyama,+1.000
67,Mark Calcavecchia,+2.000
