rank,player,Avg RTP
1,K.J. Choi,-.571
1,Jesper Parnevik,-.571
3,Steve Marino,-.500
3,Pat Perez,-.500
3,Scott Sterling,-.500
3,Y.E. Yang,-.500
7,Sean O'Hair,-.444
8,Troy Matteson,-.429
9,Paul Azinger,-.375
9,George McNeill,-.375
11,Kevin Streelman,-.364
12,Stephen Ames,-.333
12,J.B. Holmes,-.333
12,Matt Jones,-.333
12,Doug LaBelle II,-.333
12,Kevin Na,-.333
12,Tim Wilkinson,-.333
18,Dustin Johnson,-.300
19,Shigeki Maruyama,-.286
19,Vijay Singh,-.286
19,Jay Williamson,-.286
22,Alejandro Cañizares,-.250
22,James Driscoll,-.250
22,Martin Laird,-.250
22,Rory Sabbatini,-.250
22,Bubba Watson,-.250
27,Cameron Beckman,-.222
28,Chad Campbell,-.200
28,Jim Furyk,-.200
28,J.P. Hayes,-.200
28,Tom Pernice Jr.,-.200
32,Steve Lowery,-.167
33,Kiyoshi Miyazato,-.143
33,John Riegger,-.143
33,Jimmy Walker,-.143
36,Patrick Sheehan,-.125
37,Jason Allred,E
37,Mark Calcavecchia,E
37,Daniel Chopra,E
37,Bob Estes,E
37,Robert Gamez,E
37,Zach Johnson,E
37,Jerry Kelly,E
37,Matt Kuchar,E
37,John Merrick,E
37,Heath Slocum,E
37,Mitsuhiro Tateyama,E
48,Parker McLachlin,+.083
49,John Mallinger,+.091
49,Mark Wilson,+.091
51,Brad Adamonis,+.100
52,Brian Gay,+.125
52,Tom Lehman,+.125
52,Carl Pettersson,+.125
55,Spencer Levin,+.143
55,Yusaku Miyazato,+.143
55,Steve Stricker,+.143
58,Briny Baird,+.200
58,Shane Bertsch,+.200
60,WC Liang,+.250
60,Chez Reavie,+.250
60,Vaughn Taylor,+.250
63,Jeff Maggert,+.286
63,Jim McGovern,+.286
65,Chad Collins,+.333
65,Fred Funk,+.333
67,Daisuke Maruyama,+.429
68,Dudley Hart,+.667
