rank,player,Avg RTP
1,Rory Sabbatini,-.667
2,Fred Funk,-.500
2,Jim McGovern,-.500
2,Steve Stricker,-.500
5,Zach Johnson,-.455
6,Robert Gamez,-.444
6,J.P. Hayes,-.444
6,Vaughn Taylor,-.444
9,Daisuke Maruyama,-.429
10,Shigeki Maruyama,-.375
11,Stephen Ames,-.333
11,Jerry Kelly,-.333
11,Kevin Na,-.333
11,Vijay Singh,-.333
11,Tim Wilkinson,-.333
16,Jason Allred,-.300
16,Shane Bertsch,-.300
16,Tom Lehman,-.300
19,Paul Azinger,-.286
19,Daniel Chopra,-.286
21,Dudley Hart,-.250
22,WC Liang,-.222
22,Pat Perez,-.222
22,Tom Pernice Jr.,-.222
22,Chez Reavie,-.222
26,Chad Campbell,-.200
26,Chad Collins,-.200
26,James Driscoll,-.200
26,Jeff Maggert,-.200
26,Bubba Watson,-.200
31,Heath Slocum,-.182
32,Jim Furyk,-.167
32,Matt Jones,-.167
32,Parker McLachlin,-.167
35,Mark Calcavecchia,-.143
35,K.J. Choi,-.143
35,Yusaku Miyazato,-.143
35,Sean O'Hair,-.143
35,Patrick Sheehan,-.143
35,Kevin Streelman,-.143
35,Mark Wilson,-.143
42,Matt Kuchar,-.111
42,Steve Lowery,-.111
44,Brian Gay,-.077
45,Cameron Beckman,E
45,Alejandro Cañizares,E
45,Bob Estes,E
45,Dustin Johnson,E
45,Martin Laird,E
45,Spencer Levin,E
45,Troy Matteson,E
45,George McNeill,E
45,John Merrick,E
45,Jesper Parnevik,E
45,Carl Pettersson,E
45,Scott Sterling,E
45,Mitsuhiro Tateyama,E
45,Jimmy Walker,E
45,Jay Williamson,E
45,Y.E. Yang,E
61,John Riegger,+.091
62,Doug LaBelle II,+.143
62,Kiyoshi Miyazato,+.143
64,Brad Adamonis,+.167
65,Briny Baird,+.200
65,John Mallinger,+.200
65,Steve Marino,+.200
68,J.B. Holmes,+.600
