rank,player,Avg RTP
1,Alejandro Cañizares,-1.000
1,Carl Pettersson,-1.000
1,Steve Stricker,-1.000
4,Kevin Na,-.500
4,Mark Wilson,-.500
6,Robert Gamez,-.333
7,Daniel Chopra,-.250
8,Jason Allred,E
8,Cameron Beckman,E
8,K.J. Choi,E
8,James Driscoll,E
8,Bob Estes,E
8,Fred Funk,E
8,Brian Gay,E
8,J.B. Holmes,E
8,Dustin Johnson,E
8,Zach Johnson,E
8,Doug LaBelle II,E
8,Spencer Levin,E
8,WC Liang,E
8,Steve Lowery,E
8,John Mallinger,E
8,Troy Matteson,E
8,Jim McGovern,E
8,Parker McLachlin,E
8,George McNeill,E
8,Kiyoshi Miyazato,E
8,Yusaku Miyazato,E
8,Sean O'Hair,E
8,Pat Perez,E
8,Tom Pernice Jr.,E
8,Chez Reavie,E
8,Rory Sabbatini,E
8,Vijay Singh,E
8,Heath Slocum,E
8,Scott Sterling,E
8,Kevin Streelman,E
8,Mitsuhiro Tateyama,E
8,Vaughn Taylor,E
8,Bubba Watson,E
8,Jay Williamson,E
8,Y.E. Yang,E
43,Shigeki Maruyama,+.250
44,Dudley Hart,+.500
45,Briny Baird,+.750
46,Brad Adamonis,+1.000
46,Paul Azinger,+1.000
46,Mark Calcavecchia,+1.000
46,Chad Collins,+1.000
46,Martin Laird,+1.000
46,Jesper Parnevik,+1.000
46,Tim Wilkinson,+1.000
53,Patrick Sheehan,+1.500
