rank,player,Avg RTP
1,Fred Funk,-1.000
1,John Mallinger,-1.000
1,Steve Marino,-1.000
1,Troy Matteson,-1.000
1,Sean O'Hair,-1.000
1,Heath Slocum,-1.000
1,Vaughn Taylor,-1.000
8,Parker McLachlin,-.750
8,Jesper Parnevik,-.750
10,Paul Azinger,-.667
10,Tom Lehman,-.667
10,Jay Williamson,-.667
13,Matt Jones,-.600
13,Martin Laird,-.600
13,Carl Pettersson,-.600
13,Patrick Sheehan,-.600
17,Mark Calcavecchia,-.500
17,Chad Campbell,-.500
17,K.J. Choi,-.500
17,James Driscoll,-.500
17,J.B. Holmes,-.500
17,Jerry Kelly,-.500
17,WC Liang,-.500
17,George McNeill,-.500
17,Pat Perez,-.500
17,Steve Stricker,-.500
17,Tim Wilkinson,-.500
28,Kevin Na,-.429
29,Dustin Johnson,-.400
30,Alejandro Cañizares,-.333
30,John Merrick,-.333
30,Kiyoshi Miyazato,-.333
33,Vijay Singh,-.250
33,Jimmy Walker,-.250
35,J.P. Hayes,-.200
36,Brad Adamonis,E
36,Stephen Ames,E
36,Briny Baird,E
36,Shane Bertsch,E
36,Robert Gamez,E
36,Matt Kuchar,E
36,Doug LaBelle II,E
36,Spencer Levin,E
36,Jeff Maggert,E
36,Shigeki Maruyama,E
36,Jim McGovern,E
36,John Riegger,E
36,Scott Sterling,E
36,Mitsuhiro Tateyama,E
36,Bubba Watson,E
36,Y.E. Yang,E
52,Daniel Chopra,+.250
52,Chad Collins,+.250
52,Yusaku Miyazato,+.250
55,Jason Allred,+.286
56,Jim Furyk,+.333
56,Tom Pernice Jr.,+.333
56,Rory Sabbatini,+.333
59,Cameron Beckman,+.400
59,Brian Gay,+.400
61,Chez Reavie,+.500
61,Kevin Streelman,+.500
63,Bob Estes,+.600
64,Zach Johnson,+.667
64,Daisuke Maruyama,+.667
66,Dudley Hart,+.750
67,Mark Wilson,+1.000
