rank,player,Avg RTP
1,Briny Baird,-1.000
1,Robert Gamez,-1.000
1,Tom Lehman,-1.000
1,Sean O'Hair,-1.000
1,Jesper Parnevik,-1.000
1,Tom Pernice Jr.,-1.000
1,Jay Williamson,-1.000
8,Cameron Beckman,-.667
8,Steve Marino,-.667
8,Tim Wilkinson,-.667
11,Mark Calcavecchia,-.500
11,Chad Campbell,-.500
11,K.J. Choi,-.500
11,Bob Estes,-.500
11,J.B. Holmes,-.500
11,Dustin Johnson,-.500
11,Matt Kuchar,-.500
11,Shigeki Maruyama,-.500
11,George McNeill,-.500
11,Mitsuhiro Tateyama,-.500
21,Martin Laird,-.333
21,Pat Perez,-.333
23,Vijay Singh,-.250
24,Stephen Ames,E
24,Paul Azinger,E
24,Shane Bertsch,E
24,Chad Collins,E
24,James Driscoll,E
24,Fred Funk,E
24,Jim Furyk,E
24,Brian Gay,E
24,Zach Johnson,E
24,Doug LaBelle II,E
24,Steve Lowery,E
24,Troy Matteson,E
24,Jim McGovern,E
24,Parker McLachlin,E
24,Kiyoshi Miyazato,E
24,Yusaku Miyazato,E
24,Carl Pettersson,E
24,Rory Sabbatini,E
24,Steve Stricker,E
24,Jimmy Walker,E
24,Bubba Watson,E
45,Heath Slocum,+.200
46,John Mallinger,+.250
47,Brad Adamonis,+.333
47,Spencer Levin,+.333
47,Jeff Maggert,+.333
50,WC Liang,+.500
50,Daisuke Maruyama,+.500
50,Patrick Sheehan,+.500
53,Alejandro Cañizares,+1.000
53,Dudley Hart,+1.000
53,Jerry Kelly,+1.000
53,Scott Sterling,+1.000
53,Vaughn Taylor,+1.000
53,Mark Wilson,+1.000
