rank,player,Avg RTP
1,Brad Adamonis,-.500
1,K.J. Choi,-.500
1,Spencer Levin,-.500
1,Heath Slocum,-.500
5,Chad Campbell,-.333
5,Fred Funk,-.333
5,Jim Furyk,-.333
5,Tom Lehman,-.333
9,Bob Estes,-.250
9,Doug LaBelle II,-.250
9,Tom Pernice Jr.,-.250
9,Kevin Streelman,-.250
13,Jason Allred,-.200
13,Daniel Chopra,-.200
13,Jerry Kelly,-.200
13,Daisuke Maruyama,-.200
13,George McNeill,-.200
18,Carl Pettersson,-.167
18,Bubba Watson,-.167
20,Alejandro Cañizares,-.143
21,Dudley Hart,-.125
21,Dustin Johnson,-.125
23,J.B. Holmes,-.100
24,Stephen Ames,E
24,Paul Azinger,E
24,Briny Baird,E
24,Mark Calcavecchia,E
24,Chad Collins,E
24,James Driscoll,E
24,J.P. Hayes,E
24,Matt Jones,E
24,Matt Kuchar,E
24,Jeff Maggert,E
24,John Mallinger,E
24,Steve Marino,E
24,Shigeki Maruyama,E
24,Parker McLachlin,E
24,John Merrick,E
24,Kevin Na,E
24,Jesper Parnevik,E
24,John Riegger,E
24,Mitsuhiro Tateyama,E
24,Vaughn Taylor,E
24,Jimmy Walker,E
24,Tim Wilkinson,E
46,Steve Lowery,+.100
47,WC Liang,+.200
47,Troy Matteson,+.200
47,Jim McGovern,+.200
47,Steve Stricker,+.200
51,Patrick Sheehan,+.250
51,Scott Sterling,+.250
53,Vijay Singh,+.286
54,Robert Gamez,+.333
54,Pat Perez,+.333
54,Jay Williamson,+.333
57,Sean O'Hair,+.400
58,Cameron Beckman,+.500
58,Brian Gay,+.500
58,Yusaku Miyazato,+.500
58,Rory Sabbatini,+.500
62,Shane Bertsch,+.667
62,Mark Wilson,+.667
64,Zach Johnson,+.750
65,Martin Laird,+1.000
65,Chez Reavie,+1.000
65,Y.E. Yang,+1.000
