rank,player,Avg RTP
1,John Mallinger,-.500
2,Kevin Na,-.333
3,K.J. Choi,-.250
3,Jerry Kelly,-.250
5,John Merrick,-.222
6,Daniel Chopra,-.200
6,Yusaku Miyazato,-.200
8,Matt Jones,-.167
8,Vijay Singh,-.167
10,Spencer Levin,-.143
11,Doug LaBelle II,-.111
12,Briny Baird,E
12,Shane Bertsch,E
12,Alejandro Cañizares,E
12,Chad Collins,E
12,James Driscoll,E
12,Fred Funk,E
12,Shigeki Maruyama,E
12,Jim McGovern,E
12,Parker McLachlin,E
12,George McNeill,E
12,Jesper Parnevik,E
12,Pat Perez,E
12,Carl Pettersson,E
12,Kevin Streelman,E
12,Tim Wilkinson,E
27,Jimmy Walker,+.125
28,Daisuke Maruyama,+.143
29,Steve Lowery,+.167
29,Jeff Maggert,+.167
29,Heath Slocum,+.167
29,Scott Sterling,+.167
29,Mitsuhiro Tateyama,+.167
34,Stephen Ames,+.200
34,Tom Pernice Jr.,+.200
34,Vaughn Taylor,+.200
37,Jim Furyk,+.250
37,Sean O'Hair,+.250
37,Rory Sabbatini,+.250
37,Steve Stricker,+.250
37,Jay Williamson,+.250
42,Brad Adamonis,+.286
42,Brian Gay,+.286
42,J.P. Hayes,+.286
45,Paul Azinger,+.333
45,Dudley Hart,+.333
45,Dustin Johnson,+.333
45,Zach Johnson,+.333
45,WC Liang,+.333
45,Chez Reavie,+.333
45,Bubba Watson,+.333
52,Kiyoshi Miyazato,+.375
53,Martin Laird,+.400
53,Patrick Sheehan,+.400
53,Y.E. Yang,+.400
56,Bob Estes,+.429
57,Jason Allred,+.500
57,Cameron Beckman,+.500
57,Mark Calcavecchia,+.500
57,Chad Campbell,+.500
57,Tom Lehman,+.500
57,Steve Marino,+.500
57,Troy Matteson,+.500
57,Mark Wilson,+.500
65,Robert Gamez,+.600
65,Matt Kuchar,+.600
65,John Riegger,+.600
68,J.B. Holmes,+.833
