rank,player,Avg RTP
1,Fred Funk,-2.000
1,Kevin Na,-2.000
3,Brad Adamonis,-1.000
3,Chad Campbell,-1.000
3,Brian Gay,-1.000
3,J.P. Hayes,-1.000
3,Zach Johnson,-1.000
3,Jerry Kelly,-1.000
3,Tom Lehman,-1.000
3,Jeff Maggert,-1.000
3,John Mallinger,-1.000
3,Jim McGovern,-1.000
3,Parker McLachlin,-1.000
3,Yusaku Miyazato,-1.000
3,Sean O'Hair,-1.000
3,Jesper Parnevik,-1.000
3,Tom Pernice Jr.,-1.000
3,Patrick Sheehan,-1.000
3,Steve Stricker,-1.000
3,Mitsuhiro Tateyama,-1.000
21,Shane Bertsch,-.500
21,Robert Gamez,-.500
21,Matt Kuchar,-.500
21,WC Liang,-.500
21,Shigeki Maruyama,-.500
21,John Riegger,-.500
21,Mark Wilson,-.500
28,Alejandro Cañizares,-.333
28,Doug LaBelle II,-.333
28,Heath Slocum,-.333
31,Jason Allred,E
31,Steve Lowery,E
31,George McNeill,E
31,Kiyoshi Miyazato,E
31,Chez Reavie,E
31,Kevin Streelman,E
37,Cameron Beckman,+.333
38,Bob Estes,+1.000
38,Steve Marino,+1.000
