rank,player,Avg RTP
1,Chad Campbell,-1.000
1,Tom Pernice Jr.,-1.000
1,Scott Sterling,-1.000
1,Jimmy Walker,-1.000
5,Troy Matteson,-.750
6,K.J. Choi,-.667
6,Doug LaBelle II,-.667
6,Patrick Sheehan,-.667
9,Alejandro Cañizares,-.500
9,Jim Furyk,-.500
9,J.B. Holmes,-.500
9,Matt Jones,-.500
9,Kevin Na,-.500
9,Jesper Parnevik,-.500
9,Pat Perez,-.500
9,Rory Sabbatini,-.500
9,Heath Slocum,-.500
9,Jay Williamson,-.500
9,Y.E. Yang,-.500
20,Kevin Streelman,-.400
21,Stephen Ames,-.333
21,Paul Azinger,-.333
21,James Driscoll,-.333
21,Spencer Levin,-.333
21,Steve Marino,-.333
21,Parker McLachlin,-.333
21,George McNeill,-.333
21,Bubba Watson,-.333
29,Dustin Johnson,-.286
30,Brad Adamonis,-.250
30,Cameron Beckman,-.250
30,Mark Calcavecchia,-.250
30,J.P. Hayes,-.250
30,Shigeki Maruyama,-.250
35,Jerry Kelly,-.200
35,John Mallinger,-.200
35,John Merrick,-.200
35,Sean O'Hair,-.200
35,John Riegger,-.200
40,Jason Allred,E
40,Daniel Chopra,E
40,Robert Gamez,E
40,Brian Gay,E
40,Zach Johnson,E
40,Matt Kuchar,E
40,Martin Laird,E
40,Steve Lowery,E
40,Carl Pettersson,E
40,Vijay Singh,E
40,Vaughn Taylor,E
40,Tim Wilkinson,E
40,Mark Wilson,E
53,WC Liang,+.200
54,Bob Estes,+.250
54,Daisuke Maruyama,+.250
54,Yusaku Miyazato,+.250
54,Steve Stricker,+.250
58,Shane Bertsch,+.286
59,Jeff Maggert,+.333
59,Chez Reavie,+.333
61,Briny Baird,+.500
61,Jim McGovern,+.500
63,Tom Lehman,+.600
64,Fred Funk,+.667
65,Chad Collins,+1.000
