rank,player,Avg RTP
1,Shane Bertsch,-1.000
2,Steve Stricker,-.750
3,Carl Pettersson,-.600
4,Stephen Ames,-.500
4,Pat Perez,-.500
6,Vijay Singh,-.375
7,Steve Marino,-.333
7,Troy Matteson,-.333
9,Spencer Levin,-.250
9,George McNeill,-.250
9,Tom Pernice Jr.,-.250
12,Brian Gay,-.200
12,WC Liang,-.200
12,Daisuke Maruyama,-.200
12,Jay Williamson,-.200
16,Brad Adamonis,E
16,Cameron Beckman,E
16,Chad Campbell,E
16,Alejandro Cañizares,E
16,K.J. Choi,E
16,Daniel Chopra,E
16,Chad Collins,E
16,Bob Estes,E
16,Fred Funk,E
16,Zach Johnson,E
16,Matt Kuchar,E
16,Steve Lowery,E
16,Jeff Maggert,E
16,John Mallinger,E
16,Jim McGovern,E
16,Parker McLachlin,E
16,John Merrick,E
16,Kiyoshi Miyazato,E
16,Yusaku Miyazato,E
16,Kevin Na,E
16,Jesper Parnevik,E
16,John Riegger,E
16,Heath Slocum,E
16,Scott Sterling,E
16,Kevin Streelman,E
16,Mitsuhiro Tateyama,E
16,Vaughn Taylor,E
16,Jimmy Walker,E
16,Tim Wilkinson,E
16,Mark Wilson,E
16,Y.E. Yang,E
47,James Driscoll,+.111
47,Bubba Watson,+.111
49,Jason Allred,+.143
49,Briny Baird,+.143
49,Dustin Johnson,+.143
52,Robert Gamez,+.250
52,J.B. Holmes,+.250
52,Matt Jones,+.250
55,Doug LaBelle II,+.333
55,Chez Reavie,+.333
57,Sean O'Hair,+.375
58,Rory Sabbatini,+.400
59,Shigeki Maruyama,+.429
60,Mark Calcavecchia,+.500
60,J.P. Hayes,+.500
62,Paul Azinger,+.571
63,Martin Laird,+.667
64,Dudley Hart,+1.000
64,Tom Lehman,+1.000
66,Patrick Sheehan,+1.250
