rank,player,Avg RTP
1,James Driscoll,-.400
2,J.B. Holmes,-.364
3,Scott Sterling,-.357
4,John Riegger,-.300
5,Rory Sabbatini,-.273
6,Steve Marino,-.250
7,Troy Matteson,-.231
8,Doug LaBelle II,-.214
8,Kevin Na,-.214
8,Heath Slocum,-.214
11,Steve Stricker,-.182
12,Chad Campbell,-.167
12,Y.E. Yang,-.167
14,Kiyoshi Miyazato,-.154
15,John Mallinger,-.143
16,Matt Jones,-.133
17,Brad Adamonis,-.111
17,Yusaku Miyazato,-.111
19,Stephen Ames,-.100
19,Alejandro Cañizares,-.100
21,Dudley Hart,-.091
21,Steve Lowery,-.091
21,Jeff Maggert,-.091
21,Mark Wilson,-.091
25,J.P. Hayes,-.083
25,Spencer Levin,-.083
25,Jim McGovern,-.083
25,George McNeill,-.083
25,Sean O'Hair,-.083
25,Tom Pernice Jr.,-.083
25,Carl Pettersson,-.083
32,Chad Collins,-.077
32,John Merrick,-.077
32,Vaughn Taylor,-.077
35,Matt Kuchar,-.071
36,Bubba Watson,-.059
37,Paul Azinger,E
37,Cameron Beckman,E
37,K.J. Choi,E
37,Jim Furyk,E
37,Brian Gay,E
37,Martin Laird,E
37,Tom Lehman,E
37,WC Liang,E
37,Shigeki Maruyama,E
37,Jesper Parnevik,E
37,Vijay Singh,E
37,Jay Williamson,E
49,Fred Funk,+.063
49,Chez Reavie,+.063
51,Zach Johnson,+.071
51,Jimmy Walker,+.071
53,Patrick Sheehan,+.077
54,Daniel Chopra,+.091
54,Robert Gamez,+.091
54,Dustin Johnson,+.091
54,Jerry Kelly,+.091
58,Pat Perez,+.100
58,Tim Wilkinson,+.100
60,Mark Calcavecchia,+.133
61,Shane Bertsch,+.143
62,Bob Estes,+.154
63,Parker McLachlin,+.214
64,Jason Allred,+.250
65,Briny Baird,+.300
65,Kevin Streelman,+.300
65,Mitsuhiro Tateyama,+.300
68,Daisuke Maruyama,+.333
