rank,player,Avg RTP
1,Cameron Beckman,-.333
2,WC Liang,-.300
2,Rory Sabbatini,-.300
4,Daisuke Maruyama,-.250
4,George McNeill,-.250
6,Robert Gamez,-.231
7,K.J. Choi,-.222
8,Chez Reavie,-.200
9,Chad Collins,-.182
9,Jeff Maggert,-.182
9,Mark Wilson,-.182
12,Stephen Ames,-.167
12,Parker McLachlin,-.167
12,Kevin Na,-.167
15,Paul Azinger,-.143
15,Brian Gay,-.143
15,Yusaku Miyazato,-.143
18,Dudley Hart,-.111
18,Y.E. Yang,-.111
20,Daniel Chopra,-.100
20,Pat Perez,-.100
22,Jason Allred,-.091
23,Brad Adamonis,-.077
23,Bob Estes,-.077
23,J.B. Holmes,-.077
23,Steve Lowery,-.077
27,Jerry Kelly,-.071
28,Briny Baird,-.067
28,Zach Johnson,-.067
30,Mark Calcavecchia,E
30,James Driscoll,E
30,Matt Jones,E
30,Matt Kuchar,E
30,Shigeki Maruyama,E
30,Troy Matteson,E
30,John Merrick,E
30,John Riegger,E
30,Patrick Sheehan,E
30,Scott Sterling,E
30,Kevin Streelman,E
30,Mitsuhiro Tateyama,E
30,Tim Wilkinson,E
30,Jay Williamson,E
44,Kiyoshi Miyazato,+.059
45,Chad Campbell,+.067
46,Doug LaBelle II,+.071
47,Heath Slocum,+.077
48,Shane Bertsch,+.083
48,Jim Furyk,+.083
50,Steve Marino,+.091
50,Sean O'Hair,+.091
52,Dustin Johnson,+.111
53,Vaughn Taylor,+.125
54,Jimmy Walker,+.133
55,Martin Laird,+.143
55,Steve Stricker,+.143
55,Bubba Watson,+.143
58,J.P. Hayes,+.154
59,Alejandro Cañizares,+.167
60,Spencer Levin,+.200
60,John Mallinger,+.200
60,Jim McGovern,+.200
60,Tom Pernice Jr.,+.200
64,Jesper Parnevik,+.250
65,Tom Lehman,+.267
66,Fred Funk,+.333
67,Vijay Singh,+.357
68,Carl Pettersson,+.444
