rank,player,Avg RTP
1,Jim Furyk,-.500
1,Steve Stricker,-.500
3,Matt Jones,-.250
3,Mark Wilson,-.250
5,George McNeill,-.200
6,Jerry Kelly,-.182
7,Parker McLachlin,-.167
8,Vijay Singh,-.133
9,K.J. Choi,-.125
9,Spencer Levin,-.125
9,Jesper Parnevik,-.125
12,Daniel Chopra,-.071
13,Briny Baird,E
13,Alejandro Cañizares,E
13,Fred Funk,E
13,Doug LaBelle II,E
13,Tom Lehman,E
13,Steve Lowery,E
13,John Mallinger,E
13,Daisuke Maruyama,E
13,Kiyoshi Miyazato,E
13,Pat Perez,E
13,Carl Pettersson,E
13,Kevin Streelman,E
13,Tim Wilkinson,E
13,Y.E. Yang,E
27,Jim McGovern,+.091
27,John Merrick,+.091
29,Jason Allred,+.100
29,Chad Campbell,+.100
29,James Driscoll,+.100
29,Dustin Johnson,+.100
33,J.B. Holmes,+.111
33,Jeff Maggert,+.111
35,Steve Marino,+.125
36,Brad Adamonis,+.143
36,Heath Slocum,+.143
38,Shigeki Maruyama,+.167
38,Troy Matteson,+.167
38,Vaughn Taylor,+.167
41,WC Liang,+.182
41,Patrick Sheehan,+.182
41,Scott Sterling,+.182
41,Jimmy Walker,+.182
45,Chad Collins,+.200
45,Bob Estes,+.200
45,Martin Laird,+.200
45,Yusaku Miyazato,+.200
49,Matt Kuchar,+.231
49,Kevin Na,+.231
51,Sean O'Hair,+.300
52,Mitsuhiro Tateyama,+.308
53,Stephen Ames,+.333
53,Paul Azinger,+.333
53,Shane Bertsch,+.333
56,Dudley Hart,+.375
57,Brian Gay,+.400
57,Tom Pernice Jr.,+.400
57,Bubba Watson,+.400
60,Rory Sabbatini,+.438
61,Mark Calcavecchia,+.500
61,John Riegger,+.500
63,Cameron Beckman,+.556
63,Zach Johnson,+.556
63,Chez Reavie,+.556
66,Robert Gamez,+.667
66,J.P. Hayes,+.667
68,Jay Williamson,+.857
