rank,player,Avg RTP
1,Steve Lowery,-1.000
1,Steve Marino,-1.000
1,Pat Perez,-1.000
1,Vijay Singh,-1.000
5,Paul Azinger,-.667
5,Sean O'Hair,-.667
7,Tom Lehman,-.500
7,Y.E. Yang,-.500
9,Stephen Ames,-.400
10,Alejandro Cañizares,-.333
10,Kiyoshi Miyazato,-.333
10,Kevin Streelman,-.333
10,Tim Wilkinson,-.333
14,Shane Bertsch,E
14,Daniel Chopra,E
14,Chad Collins,E
14,Fred Funk,E
14,Jim Furyk,E
14,J.P. Hayes,E
14,J.B. Holmes,E
14,Dustin Johnson,E
14,Matt Jones,E
14,Jerry Kelly,E
14,Doug LaBelle II,E
14,WC Liang,E
14,Jeff Maggert,E
14,Shigeki Maruyama,E
14,Troy Matteson,E
14,George McNeill,E
14,Kevin Na,E
14,Jesper Parnevik,E
14,Chez Reavie,E
14,John Riegger,E
14,Rory Sabbatini,E
14,Patrick Sheehan,E
14,Heath Slocum,E
14,Steve Stricker,E
14,Vaughn Taylor,E
14,Jimmy Walker,E
14,Mark Wilson,E
41,Brian Gay,+.200
42,John Merrick,+.250
43,Tom Pernice Jr.,+.333
44,Briny Baird,+.500
44,Cameron Beckman,+.500
44,Chad Campbell,+.500
44,Dudley Hart,+.500
44,John Mallinger,+.500
44,Jim McGovern,+.500
44,Jay Williamson,+.500
51,Parker McLachlin,+.750
52,Robert Gamez,+1.000
52,Matt Kuchar,+1.000
52,Spencer Levin,+1.000
52,Daisuke Maruyama,+1.000
52,Carl Pettersson,+1.000
52,Mitsuhiro Tateyama,+1.000
58,Mark Calcavecchia,+2.000
