rank,player,Avg RTP
1,Fred Funk,-2.000
2,Matt Jones,-1.500
3,Paul Azinger,-1.000
3,K.J. Choi,-1.000
3,Martin Laird,-1.000
3,Steve Marino,-1.000
3,Jim McGovern,-1.000
3,Sean O'Hair,-1.000
3,Jesper Parnevik,-1.000
3,Pat Perez,-1.000
3,Carl Pettersson,-1.000
3,Vijay Singh,-1.000
3,Steve Stricker,-1.000
14,Parker McLachlin,-.750
15,Brad Adamonis,-.500
15,Jason Allred,-.500
15,Mark Calcavecchia,-.500
15,Yusaku Miyazato,-.500
15,Patrick Sheehan,-.500
15,Tim Wilkinson,-.500
21,Kevin Na,-.400
22,Briny Baird,-.333
23,Cameron Beckman,E
23,Alejandro Cañizares,E
23,Robert Gamez,E
23,J.P. Hayes,E
23,Dustin Johnson,E
23,Matt Kuchar,E
23,Doug LaBelle II,E
23,Spencer Levin,E
23,Shigeki Maruyama,E
23,Rory Sabbatini,E
23,Jimmy Walker,E
34,Chad Collins,+1.000
34,Bob Estes,+1.000
34,Jim Furyk,+1.000
34,Brian Gay,+1.000
34,Jay Williamson,+1.000
