rank,player,Avg RTP
1,Rory Sabbatini,-.667
2,Jason Allred,-.556
3,Zach Johnson,-.500
3,Jerry Kelly,-.500
3,Jimmy Walker,-.500
6,Brian Gay,-.444
6,Dudley Hart,-.444
8,J.B. Holmes,-.400
8,Spencer Levin,-.400
8,Carl Pettersson,-.400
11,Chad Collins,-.375
12,Paul Azinger,-.364
13,Cameron Beckman,-.333
13,Chad Campbell,-.333
13,Bob Estes,-.333
13,George McNeill,-.333
13,Chez Reavie,-.333
13,Jay Williamson,-.333
13,Mark Wilson,-.333
13,Y.E. Yang,-.333
21,Shane Bertsch,-.308
21,Tom Pernice Jr.,-.308
23,Jim Furyk,-.300
24,K.J. Choi,-.286
24,Steve Marino,-.286
24,Sean O'Hair,-.286
27,Fred Funk,-.250
27,Troy Matteson,-.250
27,Mitsuhiro Tateyama,-.250
30,Martin Laird,-.231
30,Vaughn Taylor,-.231
32,Alejandro Cañizares,-.222
32,Tom Lehman,-.222
32,WC Liang,-.222
35,Dustin Johnson,-.200
35,Doug LaBelle II,-.200
35,Jeff Maggert,-.200
35,Patrick Sheehan,-.200
35,Vijay Singh,-.200
35,Tim Wilkinson,-.200
41,Pat Perez,-.182
42,Matt Kuchar,-.167
42,Steve Lowery,-.167
42,Parker McLachlin,-.167
42,Bubba Watson,-.167
46,Mark Calcavecchia,-.154
46,Daisuke Maruyama,-.154
48,Shigeki Maruyama,-.143
48,Yusaku Miyazato,-.143
48,Kevin Streelman,-.143
51,Steve Stricker,-.125
52,Brad Adamonis,-.111
52,John Riegger,-.111
52,Heath Slocum,-.111
55,Briny Baird,-.100
56,Stephen Ames,-.083
57,J.P. Hayes,E
57,Matt Jones,E
57,Jim McGovern,E
57,John Merrick,E
57,Kiyoshi Miyazato,E
57,Scott Sterling,E
63,Robert Gamez,+.071
64,Daniel Chopra,+.125
64,Kevin Na,+.125
64,Jesper Parnevik,+.125
67,John Mallinger,+.143
68,James Driscoll,+.250
