rank,player,Avg RTP
1,Jay Williamson,-2.000
2,Brad Adamonis,-1.000
2,Shane Bertsch,-1.000
2,Alejandro Cañizares,-1.000
2,Jim Furyk,-1.000
2,Jerry Kelly,-1.000
2,Tom Lehman,-1.000
2,John Mallinger,-1.000
2,Troy Matteson,-1.000
2,John Merrick,-1.000
2,Kevin Na,-1.000
2,Jesper Parnevik,-1.000
2,Carl Pettersson,-1.000
2,Rory Sabbatini,-1.000
2,Patrick Sheehan,-1.000
2,Vijay Singh,-1.000
17,Kiyoshi Miyazato,-.500
18,Jason Allred,E
18,Stephen Ames,E
18,Fred Funk,E
18,Robert Gamez,E
18,Matt Jones,E
18,WC Liang,E
18,Jeff Maggert,E
18,Shigeki Maruyama,E
18,George McNeill,E
18,Pat Perez,E
18,Tom Pernice Jr.,E
18,Chez Reavie,E
18,Scott Sterling,E
31,Zach Johnson,+.500
