rank,player,Avg RTP
1,Shane Bertsch,-1.000
1,Brian Gay,-1.000
1,Pat Perez,-1.000
1,Y.E. Yang,-1.000
5,Briny Baird,-.667
5,Steve Stricker,-.667
7,Vijay Singh,-.600
8,Stephen Ames,-.500
8,Spencer Levin,-.500
8,Troy Matteson,-.500
8,Jesper Parnevik,-.500
8,Carl Pettersson,-.500
8,Tim Wilkinson,-.500
14,WC Liang,-.333
14,Steve Marino,-.333
14,George McNeill,-.333
14,Tom Pernice Jr.,-.333
18,Brad Adamonis,-.250
19,Chad Collins,-.200
19,Yusaku Miyazato,-.200
21,Cameron Beckman,E
21,K.J. Choi,E
21,Bob Estes,E
21,Zach Johnson,E
21,Matt Kuchar,E
21,Steve Lowery,E
21,Jeff Maggert,E
21,John Mallinger,E
21,Jim McGovern,E
21,Parker McLachlin,E
21,John Merrick,E
21,Kiyoshi Miyazato,E
21,Chez Reavie,E
21,John Riegger,E
21,Heath Slocum,E
21,Scott Sterling,E
21,Kevin Streelman,E
21,Mitsuhiro Tateyama,E
21,Vaughn Taylor,E
21,Jimmy Walker,E
21,Jay Williamson,E
42,James Driscoll,+.167
42,Matt Jones,+.167
44,Bubba Watson,+.200
45,Jason Allred,+.250
45,Chad Campbell,+.250
45,J.P. Hayes,+.250
45,J.B. Holmes,+.250
45,Mark Wilson,+.250
50,Mark Calcavecchia,+.333
50,Alejandro Cañizares,+.333
50,Daniel Chopra,+.333
50,Daisuke Maruyama,+.333
54,Sean O'Hair,+.429
55,Dustin Johnson,+.500
55,Doug LaBelle II,+.500
55,Martin Laird,+.500
55,Kevin Na,+.500
55,Rory Sabbatini,+.500
60,Paul Azinger,+.571
61,Shigeki Maruyama,+.667
62,Tom Lehman,+1.000
62,Patrick Sheehan,+1.000
64,Dudley Hart,+1.250
65,Robert Gamez,+2.000
