rank,player,Avg RTP
1,Dustin Johnson,-1.000
1,WC Liang,-1.000
1,Steve Marino,-1.000
1,George McNeill,-1.000
1,Heath Slocum,-1.000
1,Vaughn Taylor,-1.000
1,Jay Williamson,-1.000
8,Parker McLachlin,-.750
9,Paul Azinger,-.500
9,Chad Campbell,-.500
9,J.B. Holmes,-.500
9,Tom Lehman,-.500
9,Jesper Parnevik,-.500
14,Martin Laird,-.333
14,Jimmy Walker,-.333
16,Alejandro Cañizares,E
16,K.J. Choi,E
16,Chad Collins,E
16,James Driscoll,E
16,J.P. Hayes,E
16,Matt Jones,E
16,Jerry Kelly,E
16,Matt Kuchar,E
16,Spencer Levin,E
16,Shigeki Maruyama,E
16,John Merrick,E
16,Kiyoshi Miyazato,E
16,Kevin Na,E
16,Carl Pettersson,E
16,John Riegger,E
16,Patrick Sheehan,E
16,Scott Sterling,E
16,Steve Stricker,E
16,Mitsuhiro Tateyama,E
16,Bubba Watson,E
16,Y.E. Yang,E
37,Daniel Chopra,+.250
37,Brian Gay,+.250
39,Jim McGovern,+.333
40,Cameron Beckman,+.500
40,Bob Estes,+.500
40,Tom Pernice Jr.,+.500
40,Vijay Singh,+.500
40,Kevin Streelman,+.500
45,Dudley Hart,+.750
46,Brad Adamonis,+1.000
46,Jason Allred,+1.000
46,Briny Baird,+1.000
46,Shane Bertsch,+1.000
46,Jim Furyk,+1.000
46,Zach Johnson,+1.000
46,Daisuke Maruyama,+1.000
46,Yusaku Miyazato,+1.000
46,Chez Reavie,+1.000
46,Mark Wilson,+1.000
56,Rory Sabbatini,+2.000
