rank,player,Avg RTP
1,Parker McLachlin,-.304
2,K.J. Choi,-.235
3,Fred Funk,-.231
3,John Mallinger,-.231
5,Jerry Kelly,-.222
6,Matt Jones,-.125
7,Doug LaBelle II,-.105
8,James Driscoll,-.095
9,Dustin Johnson,-.087
9,Carl Pettersson,-.087
11,George McNeill,-.071
11,Heath Slocum,-.071
13,Jesper Parnevik,-.056
14,John Merrick,-.048
15,Daniel Chopra,-.045
16,Kevin Na,-.043
17,Tom Lehman,E
17,Spencer Levin,E
17,Patrick Sheehan,E
17,Vaughn Taylor,E
21,Shigeki Maruyama,+.042
22,Alejandro Cañizares,+.043
23,Pat Perez,+.045
24,J.B. Holmes,+.048
25,Brad Adamonis,+.056
26,Jeff Maggert,+.067
26,Steve Stricker,+.067
28,Kevin Streelman,+.071
29,Chad Campbell,+.083
30,Jimmy Walker,+.087
31,Bubba Watson,+.091
32,Briny Baird,+.095
33,Steve Lowery,+.100
33,Steve Marino,+.100
35,Tim Wilkinson,+.111
36,Yusaku Miyazato,+.118
37,Daisuke Maruyama,+.125
38,J.P. Hayes,+.133
38,Tom Pernice Jr.,+.133
40,Mitsuhiro Tateyama,+.136
41,Paul Azinger,+.143
42,Stephen Ames,+.154
43,Vijay Singh,+.160
44,Jim Furyk,+.167
44,Jay Williamson,+.167
46,Martin Laird,+.176
47,Troy Matteson,+.182
48,WC Liang,+.188
49,Jason Allred,+.190
50,Kiyoshi Miyazato,+.200
51,Jim McGovern,+.214
52,Dudley Hart,+.217
53,Robert Gamez,+.222
54,Chad Collins,+.227
54,Bob Estes,+.227
54,Scott Sterling,+.227
57,Matt Kuchar,+.250
58,Shane Bertsch,+.273
59,Brian Gay,+.286
59,Mark Wilson,+.286
61,Sean O'Hair,+.313
62,Y.E. Yang,+.318
63,Mark Calcavecchia,+.333
63,Chez Reavie,+.333
65,Cameron Beckman,+.400
66,Rory Sabbatini,+.412
67,John Riegger,+.500
68,Zach Johnson,+.533
