rank,player,Avg RTP
1,Briny Baird,-1.000
1,Spencer Levin,-1.000
1,WC Liang,-1.000
1,John Mallinger,-1.000
1,Pat Perez,-1.000
1,John Riegger,-1.000
1,Steve Stricker,-1.000
8,Vijay Singh,-.667
9,Steve Marino,-.500
9,Troy Matteson,-.500
9,Tim Wilkinson,-.500
9,Jay Williamson,-.500
13,Carl Pettersson,-.333
14,Brad Adamonis,E
14,Jason Allred,E
14,Mark Calcavecchia,E
14,K.J. Choi,E
14,Chad Collins,E
14,J.P. Hayes,E
14,Martin Laird,E
14,Jeff Maggert,E
14,Daisuke Maruyama,E
14,Shigeki Maruyama,E
14,George McNeill,E
14,John Merrick,E
14,Kiyoshi Miyazato,E
14,Kevin Streelman,E
14,Mitsuhiro Tateyama,E
14,Vaughn Taylor,E
30,James Driscoll,+.333
30,Yusaku Miyazato,+.333
30,Bubba Watson,+.333
33,Daniel Chopra,+.500
33,J.B. Holmes,+.500
33,Matt Kuchar,+.500
33,Kevin Na,+.500
33,Sean O'Hair,+.500
33,Rory Sabbatini,+.500
33,Mark Wilson,+.500
40,Paul Azinger,+.750
41,Dudley Hart,+1.000
41,Matt Jones,+1.000
41,Doug LaBelle II,+1.000
41,Chez Reavie,+1.000
41,Patrick Sheehan,+1.000
46,Robert Gamez,+2.000
