rank,player,Avg DTP,Total Distance (feet),# of Shots,Scrambling Rank
1,Bo Hoag,"3' 0""",6.000,2,12
2,Hudson Swafford,"3' 3""",16.333,5,40
2,Vaughn Taylor,"3' 3""",9.667,3,20
4,Cameron Smith,"4' 0""",20.167,5,20
5,Harry Higgs,"4' 1""",20.500,5,55
6,Joseph Bramlett,"4' 2""",8.250,2,18
7,Russell Knox,"4' 7""",13.750,3,37
8,Cam Davis,"4' 8""",9.250,2,9
9,Tom Hoge,"4' 10""",24.083,5,29
10,Zac Blair,"5' 0""",25.167,5,25
11,Graeme McDowell,"5' 2""",31.000,6,27
12,Hideki Matsuyama,"5' 7""",33.333,6,5
13,Ryan Palmer,"5' 8""",16.917,3,20
13,Rory Sabbatini,"5' 8""",51.000,9,29
15,Brian Stuard,"5' 9""",28.667,5,46
16,Kevin Kisner,"5' 10""",23.250,4,4
16,Pat Perez,"5' 10""",34.833,6,41
18,Peter Malnati,"5' 11""",53.250,9,2
19,Zach Johnson,"6' 0""",42.167,7,8
19,Collin Morikawa,"6' 0""",30.167,5,6
21,Sepp Straka,"6' 1""",24.167,4,16
22,Keegan Bradley,"6' 2""",36.750,6,15
23,Brian Harman,"6' 4""",50.333,8,52
24,Satoshi Kodaira,"6' 9""",101.000,15,48
24,"Ted Potter, Jr.","6' 9""",40.333,6,1
26,Daniel Berger,"6' 10""",34.083,5,32
27,Rikuya Hoshino,"7' 0""",63.333,9,6
27,Brendon Todd,"7' 0""",35.167,5,11
29,Abraham Ancer,"7' 2""",43.000,6,50
30,Andrew Putnam,"7' 3""",65.083,9,33
31,Talor Gooch,"7' 5""",51.667,7,43
31,Nate Lashley,"7' 5""",37.000,5,36
33,Sungjae Im,"7' 7""",22.750,3,47
33,Tim Wilkinson,"7' 7""",91.000,12,33
35,Charles Howell III,"7' 8""",53.750,7,10
36,Joel Dahmen,"7' 11""",39.667,5,3
37,Rhein Gibson,"8' 1""",72.750,9,12
37,Jimmy Walker,"8' 1""",16.083,2,49
39,Webb Simpson,"8' 2""",65.417,8,41
40,Alex Noren,"8' 4""",16.583,2,29
41,Rob Oppenheim,"8' 7""",68.667,8,27
42,Ben Martin,"8' 8""",69.500,8,33
42,Michael Thompson,"8' 8""",113.083,13,58
44,Mark Anderson,"8' 9""",43.750,5,45
44,Lanto Griffin,"8' 9""",52.250,6,20
46,Marc Leishman,"9' 0""",44.833,5,55
46,Brandt Snedeker,"9' 0""",44.833,5,20
48,Mikumu Horikawa,"9' 1""",63.500,7,54
48,Carlos Ortiz,"9' 1""",36.167,4,61
50,Nick Taylor,"9' 4""",46.583,5,64
51,Corey Conners,"9' 5""",75.500,8,59
52,Emiliano Grillo,"10' 2""",60.750,6,62
53,Michael Gellerman,"10' 3""",30.750,3,63
54,Scott Harrington,"10' 8""",53.333,5,25
55,Henrik Norlander,"10' 10""",140.833,13,51
56,Sam Ryder,"11' 2""",100.667,9,18
56,Brendan Steele,"11' 2""",11.167,1,60
58,Matthew NeSmith,"11' 6""",91.917,8,37
58,Patrick Rodgers,"11' 6""",80.250,7,37
60,Kramer Hickok,"11' 9""",58.917,5,12
61,Scott Piercy,"12' 3""",73.250,6,44
62,Jerry Kelly,"12' 5""",74.583,6,66
63,Chase Seiffert,"13' 9""",27.500,2,65
64,Joaquin Niemann,"15' 7""",46.750,3,55
65,Matt Jones,"16' 5""",65.500,4,16
66,D.J. Trahan,"24' 10""",74.500,3,53
