rank,player,Avg DTP,Total Distance (feet),# of Shots,Scrambling Rank
1,Charles Howell III,"3' 7""",28.333,8,10
2,Brian Stuard,"3' 10""",34.750,9,46
2,Tim Wilkinson,"3' 10""",34.750,9,33
4,Bo Hoag,"4' 1""",40.667,10,12
4,Matt Jones,"4' 1""",69.167,17,16
4,Brendan Steele,"4' 1""",44.833,11,60
7,Ryan Palmer,"4' 4""",48.083,11,20
7,Brendon Todd,"4' 4""",43.167,10,11
9,Talor Gooch,"4' 5""",56.917,13,43
9,Peter Malnati,"4' 5""",35.083,8,2
11,Hideki Matsuyama,"4' 6""",31.250,7,5
11,Rob Oppenheim,"4' 6""",49.500,11,27
13,Joel Dahmen,"4' 7""",50.417,11,3
14,Lanto Griffin,"4' 8""",51.417,11,20
14,Collin Morikawa,"4' 8""",51.583,11,6
16,Sepp Straka,"4' 9""",66.583,14,16
17,Zac Blair,"4' 10""",72.083,15,25
17,Michael Thompson,"4' 10""",24.250,5,58
19,Cam Davis,"4' 11""",69.333,14,9
19,Satoshi Kodaira,"4' 11""",39.250,8,48
21,Cameron Smith,"5' 2""",72.250,14,20
22,Joaquin Niemann,"5' 3""",62.500,12,55
23,Abraham Ancer,"5' 4""",53.167,10,50
23,Alex Noren,"5' 4""",80.083,15,29
23,Sam Ryder,"5' 4""",42.333,8,18
26,Patrick Rodgers,"5' 5""",65.417,12,37
27,Kramer Hickok,"5' 6""",60.667,11,12
28,"Ted Potter, Jr.","5' 8""",45.250,8,1
28,Webb Simpson,"5' 8""",45.333,8,41
28,Jimmy Walker,"5' 8""",79.250,14,49
31,D.J. Trahan,"5' 9""",68.917,12,53
32,Rhein Gibson,"5' 11""",83.083,14,12
32,Rory Sabbatini,"5' 11""",41.500,7,29
34,Brandt Snedeker,"6' 0""",60.083,10,20
35,Keegan Bradley,"6' 1""",48.417,8,15
35,Vaughn Taylor,"6' 1""",102.750,17,20
37,Joseph Bramlett,"6' 2""",67.500,11,18
38,Scott Piercy,"6' 4""",101.750,16,44
39,Rikuya Hoshino,"6' 5""",57.833,9,6
39,Marc Leishman,"6' 5""",45.167,7,55
39,Henrik Norlander,"6' 5""",38.583,6,51
42,Chase Seiffert,"6' 7""",85.750,13,65
43,Kevin Kisner,"6' 8""",80.333,12,4
43,Nick Taylor,"6' 8""",26.667,4,64
45,Daniel Berger,"6' 9""",67.083,10,32
45,Jerry Kelly,"6' 9""",80.833,12,66
45,Graeme McDowell,"6' 9""",67.833,10,27
45,Pat Perez,"6' 9""",101.250,15,41
49,Mikumu Horikawa,"6' 11""",104.333,15,54
49,Ben Martin,"6' 11""",96.500,14,33
51,Nate Lashley,"7' 0""",77.333,11,36
52,Zach Johnson,"7' 1""",77.667,11,8
53,Corey Conners,"7' 3""",58.083,8,59
53,Hudson Swafford,"7' 3""",108.917,15,40
55,Scott Harrington,"7' 4""",139.167,19,25
56,Andrew Putnam,"7' 5""",96.417,13,33
57,Emiliano Grillo,"7' 11""",55.250,7,62
58,Michael Gellerman,"8' 1""",64.750,8,63
59,Brian Harman,"8' 5""",118.000,14,52
60,Tom Hoge,"8' 6""",110.000,13,29
61,Sungjae Im,"8' 7""",111.750,13,47
62,Harry Higgs,"9' 0""",72.250,8,55
63,Russell Knox,"10' 0""",89.750,9,37
64,Carlos Ortiz,"10' 11""",87.500,8,61
65,Mark Anderson,"11' 0""",87.750,8,45
66,Matthew NeSmith,"11' 2""",122.417,11,37
