rank,player,Avg DTP,Total Distance (feet),# of Shots,Scrambling Rank
1,Sam Ryder,"2' 7""",2.583,1,18
2,Zach Johnson,"2' 8""",5.333,2,8
3,Mark Anderson,"5' 0""",14.917,3,45
4,Collin Morikawa,"5' 4""",10.583,2,6
5,Chase Seiffert,"5' 7""",5.583,1,65
6,Hudson Swafford,"5' 10""",11.667,2,40
7,Cam Davis,"6' 0""",6.000,1,9
8,Peter Malnati,"6' 2""",6.167,1,2
9,"Ted Potter, Jr.","6' 5""",12.750,2,1
10,Charles Howell III,"6' 7""",19.833,3,10
11,Nate Lashley,"6' 8""",20.000,3,36
11,D.J. Trahan,"6' 8""",33.250,5,53
13,Tom Hoge,"6' 9""",6.750,1,29
14,Lanto Griffin,"7' 5""",14.750,2,20
15,Tim Wilkinson,"7' 8""",7.667,1,33
16,Rob Oppenheim,"7' 10""",23.417,3,27
17,Henrik Norlander,"8' 0""",8.000,1,51
18,Kevin Kisner,"8' 1""",24.333,3,4
19,Rhein Gibson,"8' 2""",32.500,4,12
19,Brian Stuard,"8' 2""",32.667,4,46
21,Brendan Steele,"8' 3""",16.417,2,60
22,Matthew NeSmith,"8' 4""",16.583,2,37
23,Patrick Rodgers,"9' 0""",36.000,4,37
24,Satoshi Kodaira,"9' 1""",18.167,2,48
24,Rory Sabbatini,"9' 1""",27.250,3,29
26,Michael Gellerman,"9' 4""",18.583,2,63
27,Matt Jones,"9' 5""",37.500,4,16
28,Joseph Bramlett,"9' 7""",28.667,3,18
29,Russell Knox,"9' 8""",38.667,4,37
29,Alex Noren,"9' 8""",58.167,6,29
31,Rikuya Hoshino,"10' 2""",20.250,2,6
32,Kramer Hickok,"10' 3""",71.583,7,12
32,Webb Simpson,"10' 3""",20.500,2,41
34,Michael Thompson,"10' 9""",21.417,2,58
35,Scott Harrington,"11' 1""",55.583,5,25
36,Jimmy Walker,"11' 3""",33.750,3,49
37,Joaquin Niemann,"11' 6""",11.500,1,55
38,Joel Dahmen,"11' 7""",46.417,4,3
39,Cameron Smith,"11' 8""",11.667,1,20
40,Nick Taylor,"11' 11""",23.750,2,64
41,Brandt Snedeker,"12' 0""",71.917,6,20
42,Bo Hoag,"12' 5""",61.917,5,12
42,Scott Piercy,"12' 5""",24.750,2,44
44,Carlos Ortiz,"13' 1""",13.083,1,61
45,Hideki Matsuyama,"13' 4""",13.333,1,5
45,Graeme McDowell,"13' 4""",66.750,5,27
47,Daniel Berger,"13' 6""",40.583,3,32
48,Jerry Kelly,"13' 9""",55.083,4,66
49,Brian Harman,"15' 0""",45.083,3,52
49,Marc Leishman,"15' 0""",15.000,1,55
51,Sungjae Im,"15' 1""",15.083,1,47
52,Vaughn Taylor,"15' 5""",30.750,2,20
53,Corey Conners,"15' 7""",46.750,3,59
53,Ben Martin,"15' 7""",31.083,2,33
55,Zac Blair,"16' 2""",48.417,3,25
56,Harry Higgs,"17' 3""",34.417,2,55
56,Mikumu Horikawa,"17' 3""",51.667,3,54
56,Brendon Todd,"17' 3""",103.417,6,11
59,Talor Gooch,"21' 0""",105.000,5,43
60,Emiliano Grillo,"24' 6""",73.417,3,62
61,Abraham Ancer,"29' 7""",59.167,2,50
