rank,player,Avg DTP,Total Distance (feet),# of Shots,Scrambling Rank
1,Patrick Rodgers,"8""",.667,1,37
2,Hideki Matsuyama,"9""",2.250,3,5
3,Russell Knox,"10""",.833,1,37
4,Jimmy Walker,"1' 0""",1.000,1,49
5,Bo Hoag,"1' 3""",3.833,3,12
5,Chase Seiffert,"1' 3""",5.083,4,65
7,Kevin Kisner,"1' 5""",8.417,6,4
7,Webb Simpson,"1' 5""",5.583,4,41
7,Hudson Swafford,"1' 5""",8.250,6,40
7,Michael Thompson,"1' 5""",2.833,2,58
11,Joseph Bramlett,"1' 6""",3.000,2,18
12,Lanto Griffin,"1' 8""",6.750,4,20
12,Peter Malnati,"1' 8""",11.750,7,2
14,Joel Dahmen,"1' 9""",13.917,8,3
14,Cam Davis,"1' 9""",3.500,2,9
14,Rikuya Hoshino,"1' 9""",7.083,4,6
17,Matthew NeSmith,"1' 10""",5.583,3,37
18,Joaquin Niemann,"1' 11""",5.667,3,55
18,Henrik Norlander,"1' 11""",3.750,2,51
18,Rob Oppenheim,"1' 11""",7.667,4,27
21,Marc Leishman,"2' 0""",9.833,5,55
21,Sepp Straka,"2' 0""",14.167,7,16
23,Emiliano Grillo,"2' 2""",6.417,3,62
23,Zach Johnson,"2' 2""",11.000,5,8
25,Scott Harrington,"2' 4""",7.083,3,25
25,Pat Perez,"2' 4""",7.083,3,41
25,Brian Stuard,"2' 4""",9.250,4,46
28,Tim Wilkinson,"2' 5""",9.583,4,33
29,Graeme McDowell,"2' 6""",12.583,5,27
29,Sam Ryder,"2' 6""",7.500,3,18
31,Talor Gooch,"2' 7""",10.167,4,43
32,Abraham Ancer,"2' 8""",15.917,6,50
32,Nate Lashley,"2' 8""",13.417,5,36
34,Brandt Snedeker,"3' 0""",6.000,2,20
35,Sungjae Im,"3' 1""",9.250,3,47
35,Brendan Steele,"3' 1""",15.417,5,60
37,Daniel Berger,"3' 2""",9.417,3,32
37,Rhein Gibson,"3' 2""",19.167,6,12
37,Ryan Palmer,"3' 2""",28.750,9,20
40,Collin Morikawa,"3' 3""",13.083,4,6
41,Charles Howell III,"3' 5""",10.250,3,10
42,Brian Harman,"3' 6""",10.417,3,52
42,Harry Higgs,"3' 6""",24.583,7,55
44,Tom Hoge,"3' 7""",14.250,4,29
45,Mark Anderson,"3' 8""",11.000,3,45
45,D.J. Trahan,"3' 8""",11.083,3,53
47,Kramer Hickok,"3' 9""",26.083,7,12
48,Zac Blair,"3' 10""",15.333,4,25
49,"Ted Potter, Jr.","3' 11""",27.333,7,1
50,Keegan Bradley,"4' 0""",27.917,7,15
50,Rory Sabbatini,"4' 0""",20.167,5,29
52,Jerry Kelly,"4' 1""",12.250,3,66
52,Carlos Ortiz,"4' 1""",20.250,5,61
54,Scott Piercy,"4' 2""",20.917,5,44
55,Andrew Putnam,"4' 5""",35.167,8,33
56,Nick Taylor,"4' 6""",18.083,4,64
56,Vaughn Taylor,"4' 6""",8.917,2,20
58,Michael Gellerman,"5' 4""",21.333,4,63
59,Satoshi Kodaira,"5' 9""",28.833,5,48
60,Mikumu Horikawa,"6' 0""",11.917,2,54
61,Alex Noren,"6' 5""",6.417,1,29
62,Brendon Todd,"10' 0""",50.167,5,11
63,Cameron Smith,"12' 11""",25.750,2,20
64,Ben Martin,"14' 1""",14.083,1,33
