rank,player,%,Attempts,Putts made
1,Chad Campbell,98.36,61,60
2,Jim Furyk,98.25,57,56
3,Adam Scott,98.21,56,55
4,Scott Hoch,98.11,53,52
5,Retief Goosen,98.00,50,49
6,Ben Crane,97.92,48,47
7,J.L. Lewis,96.67,60,58
8,Ernie Els,96.61,59,57
9,Davis Love III,96.49,57,55
10,Mike Weir,96.36,55,53
11,Jonathan Kaye,96.30,54,52
12,Frank Lickliter II,96.00,50,48
12,Vijay Singh,96.00,50,48
14,Tommy Armour III,95.74,47,45
15,Justin Leonard,94.92,59,56
16,Darren Clarke,94.64,56,53
17,Kirk Triplett,94.44,54,51
18,Bob Tway,93.85,65,61
19,Steve Flesch,93.44,61,57
20,Kenny Perry,93.10,58,54
21,Shigeki Maruyama,92.45,53,49
22,Stuart Appleby,91.67,48,44
23,Fred Couples,90.63,64,58
24,Shaun Micheel,90.32,62,56
25,Tiger Woods,90.16,61,55
26,Ben Curtis,89.83,59,53
26,Peter Jacobsen,89.83,59,53
28,Craig Stadler,89.09,55,49
29,Rory Sabbatini,89.06,64,57
30,John Huston,88.14,59,52
