rank,player,% Made,Attempts,Putts made
1,Stuart Appleby,65.71,35,23
2,Craig Stadler,57.58,33,19
3,Ben Crane,56.76,37,21
4,Kirk Triplett,54.55,33,18
5,Retief Goosen,54.05,37,20
6,Tommy Armour III,53.06,49,26
7,Peter Jacobsen,51.52,33,17
8,Ben Curtis,51.35,37,19
9,Vijay Singh,50.00,40,20
10,John Huston,48.57,35,17
11,Shigeki Maruyama,47.62,42,20
12,Frank Lickliter II,46.88,32,15
13,Darren Clarke,46.67,30,14
14,Jim Furyk,45.45,33,15
14,Davis Love III,45.45,33,15
16,Adam Scott,44.44,27,12
17,Scott Hoch,44.12,34,15
18,Steve Flesch,43.33,30,13
19,Tiger Woods,42.86,28,12
20,Rory Sabbatini,41.94,31,13
21,Fred Couples,41.38,29,12
21,J.L. Lewis,41.38,29,12
23,Jonathan Kaye,40.00,35,14
23,Shaun Micheel,40.00,30,12
25,Justin Leonard,36.84,38,14
26,Ernie Els,35.48,31,11
26,Kenny Perry,35.48,31,11
28,Mike Weir,35.14,37,13
29,Bob Tway,32.35,34,11
30,Chad Campbell,29.41,34,10
