rank,player,% Made,Attempts,Putts made
1,Retief Goosen,91.67,72,66
2,Frank Lickliter II,89.71,68,61
3,Steve Flesch,87.84,74,65
4,Stuart Appleby,87.32,71,62
5,Davis Love III,87.18,78,68
6,Scott Hoch,86.67,75,65
6,Adam Scott,86.67,75,65
8,Ben Crane,86.30,73,63
9,Jim Furyk,85.71,77,66
9,Bob Tway,85.71,77,66
11,Kirk Triplett,85.51,69,59
12,J.L. Lewis,84.81,79,67
13,Tommy Armour III,84.00,75,63
13,Tiger Woods,84.00,75,63
15,Jonathan Kaye,83.56,73,61
16,Peter Jacobsen,83.54,79,66
17,Craig Stadler,82.67,75,62
18,Kenny Perry,82.05,78,64
19,Justin Leonard,81.93,83,68
20,Vijay Singh,81.25,80,65
21,Chad Campbell,80.95,84,68
22,Shaun Micheel,80.77,78,63
23,Ben Curtis,80.72,83,67
24,Darren Clarke,80.52,77,62
25,Fred Couples,80.23,86,69
26,Ernie Els,80.00,80,64
27,Mike Weir,79.01,81,64
28,Shigeki Maruyama,78.57,84,66
29,Rory Sabbatini,78.05,82,64
30,John Huston,75.58,86,65
