rank,player,Putts Made
1,Kirk Triplett,13.0
2,Jonathan Kaye,11.0
2,Frank Lickliter II,11.0
4,Stuart Appleby,10.0
5,Ben Crane,9.0
5,Shaun Micheel,9.0
5,Craig Stadler,9.0
8,Tommy Armour III,8.0
8,Darren Clarke,8.0
8,Rory Sabbatini,8.0
8,Mike Weir,8.0
8,Tiger Woods,8.0
13,Ernie Els,7.0
13,Steve Flesch,7.0
13,Scott Hoch,7.0
13,John Huston,7.0
13,Kenny Perry,7.0
18,Jim Furyk,6.0
18,Peter Jacobsen,6.0
18,Shigeki Maruyama,6.0
18,Adam Scott,6.0
18,Vijay Singh,6.0
18,Bob Tway,6.0
24,Ben Curtis,5.0
24,Retief Goosen,5.0
26,Davis Love III,4.0
27,Chad Campbell,3.0
27,Fred Couples,3.0
27,Justin Leonard,3.0
27,J.L. Lewis,3.0
