rank,player,% Made,Attempts,Putts made
1,Jonathan Kaye,13.64,22,3
2,Frank Lickliter II,12.00,25,3
3,Mike Weir,11.11,18,2
4,Fred Couples,10.00,20,2
4,Kenny Perry,10.00,20,2
6,Peter Jacobsen,9.09,22,2
7,Ernie Els,8.70,23,2
8,Shaun Micheel,8.00,25,2
9,Stuart Appleby,5.88,17,1
9,Shigeki Maruyama,5.88,17,1
11,Craig Stadler,5.56,18,1
12,Darren Clarke,5.26,19,1
13,Steve Flesch,5.00,20,1
14,Rory Sabbatini,4.76,21,1
15,Chad Campbell,4.55,22,1
15,John Huston,4.55,22,1
15,Tiger Woods,4.55,22,1
18,Ben Crane,4.17,24,1
18,Scott Hoch,4.17,24,1
20,Tommy Armour III,.00,21,-
20,Ben Curtis,.00,24,-
20,Jim Furyk,.00,29,-
20,Retief Goosen,.00,16,-
20,Justin Leonard,.00,15,-
20,J.L. Lewis,.00,15,-
20,Davis Love III,.00,17,-
20,Adam Scott,.00,13,-
20,Vijay Singh,.00,17,-
20,Kirk Triplett,.00,15,-
20,Bob Tway,.00,11,-
