rank,player,% Made,Attempts,Putts made
1,Jim Furyk,100.00,14,14
1,Adam Scott,100.00,14,14
3,Tommy Armour III,94.12,17,16
3,Retief Goosen,94.12,17,16
5,Chad Campbell,93.75,16,15
6,Scott Hoch,92.86,14,13
7,Ben Crane,92.31,13,12
8,Frank Lickliter II,91.67,12,11
8,Mike Weir,91.67,12,11
10,J.L. Lewis,89.47,19,17
11,Davis Love III,87.50,16,14
12,Ernie Els,86.67,15,13
13,Steve Flesch,86.36,22,19
14,Bob Tway,84.62,13,11
15,Vijay Singh,83.33,12,10
16,Darren Clarke,80.00,15,12
16,Jonathan Kaye,80.00,10,8
16,Shigeki Maruyama,80.00,15,12
19,Stuart Appleby,78.95,19,15
20,Justin Leonard,78.57,14,11
21,Kirk Triplett,76.92,13,10
22,Kenny Perry,73.33,15,11
23,Tiger Woods,72.73,22,16
24,John Huston,70.59,17,12
25,Rory Sabbatini,69.57,23,16
26,Peter Jacobsen,68.75,16,11
27,Ben Curtis,68.42,19,13
27,Shaun Micheel,68.42,19,13
29,Craig Stadler,66.67,18,12
30,Fred Couples,64.29,14,9
