rank,player,Putts Made
1,Frank Lickliter II,5.0
2,Jonathan Kaye,4.0
3,Stuart Appleby,3.0
3,John Huston,3.0
3,Shaun Micheel,3.0
3,Vijay Singh,3.0
3,Tiger Woods,3.0
8,Darren Clarke,2.0
8,Fred Couples,2.0
8,Ben Crane,2.0
8,Ernie Els,2.0
8,Retief Goosen,2.0
8,Peter Jacobsen,2.0
8,Shigeki Maruyama,2.0
8,Kenny Perry,2.0
8,Adam Scott,2.0
8,Craig Stadler,2.0
8,Mike Weir,2.0
19,Chad Campbell,1.0
19,Steve Flesch,1.0
19,Jim Furyk,1.0
19,Scott Hoch,1.0
19,Davis Love III,1.0
19,Rory Sabbatini,1.0
19,Kirk Triplett,1.0
26,Tommy Armour III,.0
26,Ben Curtis,.0
26,Justin Leonard,.0
26,J.L. Lewis,.0
26,Bob Tway,.0
