rank,player,% Made,Attempts,Putts made
1,Tommy Armour III,86.36,22,19
2,Adam Scott,82.61,23,19
3,Retief Goosen,80.95,21,17
4,Stuart Appleby,76.00,25,19
5,Frank Lickliter II,75.00,16,12
5,Davis Love III,75.00,24,18
7,Ben Crane,72.73,22,16
8,Shigeki Maruyama,71.43,28,20
9,Steve Flesch,68.18,22,15
10,Craig Stadler,66.67,21,14
10,Bob Tway,66.67,12,8
12,J.L. Lewis,64.29,14,9
13,Scott Hoch,63.64,22,14
14,Tiger Woods,63.16,19,12
15,Kirk Triplett,62.50,16,10
16,Chad Campbell,61.11,18,11
16,Jim Furyk,61.11,18,11
16,Peter Jacobsen,61.11,18,11
19,Kenny Perry,60.87,23,14
20,Ben Curtis,60.71,28,17
21,Justin Leonard,60.00,20,12
22,Fred Couples,59.26,27,16
23,Shaun Micheel,59.09,22,13
24,Darren Clarke,58.33,12,7
24,Jonathan Kaye,58.33,12,7
26,Vijay Singh,57.69,26,15
27,John Huston,57.14,28,16
28,Mike Weir,54.55,22,12
29,Rory Sabbatini,50.00,26,13
30,Ernie Els,47.83,23,11
