rank,player,%,Attempts,Putts made
1,Stuart Appleby,78.26,23,18
2,Retief Goosen,77.27,22,17
3,Frank Lickliter II,72.22,18,13
4,Peter Jacobsen,65.00,20,13
4,Craig Stadler,65.00,20,13
6,Tommy Armour III,64.29,28,18
7,Ben Crane,64.00,25,16
8,Davis Love III,61.90,21,13
9,Steve Flesch,61.54,13,8
10,Scott Hoch,59.09,22,13
11,Ben Curtis,58.33,24,14
12,Tiger Woods,57.14,14,8
13,Vijay Singh,56.67,30,17
14,Shigeki Maruyama,54.84,31,17
15,Kirk Triplett,53.33,15,8
16,Adam Scott,52.63,19,10
17,Fred Couples,50.00,22,11
17,Jim Furyk,50.00,20,10
17,Justin Leonard,50.00,24,12
17,Kenny Perry,50.00,20,10
21,John Huston,48.15,27,13
22,Jonathan Kaye,47.37,19,9
22,J.L. Lewis,47.37,19,9
24,Shaun Micheel,43.75,16,7
25,Darren Clarke,42.86,21,9
26,Mike Weir,42.31,26,11
27,Bob Tway,41.67,12,5
28,Rory Sabbatini,38.89,18,7
29,Chad Campbell,34.78,23,8
30,Ernie Els,33.33,21,7
