rank,player,% Made,Attempts,Putts made
1,Tommy Armour III,100.00,1,1
1,Retief Goosen,100.00,3,3
1,Jonathan Kaye,100.00,3,3
1,J.L. Lewis,100.00,1,1
1,Frank Lickliter II,100.00,3,3
1,Craig Stadler,100.00,5,5
7,Ben Curtis,87.50,8,7
8,Justin Leonard,80.00,5,4
8,Shigeki Maruyama,80.00,5,4
10,Stuart Appleby,75.00,4,3
10,Kirk Triplett,75.00,4,3
12,Peter Jacobsen,71.43,7,5
13,Bob Tway,66.67,6,4
13,Tiger Woods,66.67,3,2
15,Steve Flesch,60.00,5,3
16,Kenny Perry,57.14,7,4
17,Darren Clarke,50.00,2,1
17,Shaun Micheel,50.00,6,3
17,Rory Sabbatini,50.00,8,4
17,Adam Scott,50.00,2,1
21,Fred Couples,42.86,7,3
22,Mike Weir,40.00,5,2
23,Davis Love III,33.33,3,1
23,Vijay Singh,33.33,6,2
25,John Huston,28.57,7,2
26,Chad Campbell,25.00,4,1
26,Ben Crane,25.00,4,1
26,Scott Hoch,25.00,8,2
29,Ernie Els,20.00,5,1
30,Jim Furyk,16.67,6,1
