rank,player,% Made,Attempts,Putts made
1,Darren Clarke,55.56,9,5
1,Kirk Triplett,55.56,18,10
3,John Huston,50.00,8,4
4,Rory Sabbatini,46.15,13,6
4,Craig Stadler,46.15,13,6
6,Stuart Appleby,41.67,12,5
6,Ben Crane,41.67,12,5
8,Ernie Els,40.00,10,4
9,Ben Curtis,38.46,13,5
9,Jim Furyk,38.46,13,5
11,Tommy Armour III,38.10,21,8
12,Shaun Micheel,35.71,14,5
13,Jonathan Kaye,31.25,16,5
14,Peter Jacobsen,30.77,13,4
15,J.L. Lewis,30.00,10,3
15,Vijay Singh,30.00,10,3
17,Steve Flesch,29.41,17,5
18,Tiger Woods,28.57,14,4
19,Shigeki Maruyama,27.27,11,3
19,Bob Tway,27.27,22,6
21,Adam Scott,25.00,8,2
22,Retief Goosen,20.00,15,3
23,Chad Campbell,18.18,11,2
23,Mike Weir,18.18,11,2
25,Scott Hoch,16.67,12,2
25,Davis Love III,16.67,12,2
27,Fred Couples,14.29,7,1
27,Justin Leonard,14.29,14,2
27,Frank Lickliter II,14.29,14,2
30,Kenny Perry,9.09,11,1
