rank,player,% Made,Attempts,Putts made
1,Stuart Appleby,66.67,3,2
2,Vijay Singh,60.00,5,3
3,Frank Lickliter II,33.33,6,2
3,Tiger Woods,33.33,6,2
5,Jonathan Kaye,25.00,4,1
5,Adam Scott,25.00,8,2
7,Retief Goosen,22.22,9,2
7,John Huston,22.22,9,2
9,Darren Clarke,20.00,5,1
9,Jim Furyk,20.00,5,1
9,Shigeki Maruyama,20.00,5,1
9,Kirk Triplett,20.00,5,1
13,Davis Love III,16.67,6,1
14,Ben Crane,14.29,7,1
15,Craig Stadler,12.50,8,1
16,Shaun Micheel,11.11,9,1
17,Tommy Armour III,.00,2,-
17,Chad Campbell,.00,6,-
17,Fred Couples,.00,7,-
17,Ben Curtis,.00,2,-
17,Ernie Els,.00,3,-
17,Steve Flesch,.00,5,-
17,Scott Hoch,.00,4,-
17,Peter Jacobsen,.00,5,-
17,Justin Leonard,.00,5,-
17,J.L. Lewis,.00,8,-
17,Kenny Perry,.00,4,-
17,Rory Sabbatini,.00,7,-
17,Bob Tway,.00,5,-
17,Mike Weir,.00,4,-
