rank,player,% Made,Attempts,Putts made
1,Stuart Appleby,100.00,6,6
1,Jim Furyk,100.00,1,1
1,Peter Jacobsen,100.00,2,2
1,Davis Love III,100.00,6,6
1,Shaun Micheel,100.00,2,2
1,Adam Scott,100.00,3,3
7,Retief Goosen,85.71,7,6
7,Scott Hoch,85.71,7,6
9,Ben Crane,80.00,10,8
9,J.L. Lewis,80.00,5,4
11,Tommy Armour III,77.78,9,7
12,Steve Flesch,75.00,4,3
12,Frank Lickliter II,75.00,4,3
12,Craig Stadler,75.00,4,3
15,Chad Campbell,71.43,7,5
15,Shigeki Maruyama,71.43,7,5
17,Tiger Woods,66.67,3,2
18,Vijay Singh,62.50,8,5
19,Darren Clarke,60.00,5,3
20,Mike Weir,57.14,7,4
21,Fred Couples,50.00,10,5
21,Ernie Els,50.00,8,4
21,John Huston,50.00,6,3
21,Jonathan Kaye,50.00,4,2
21,Justin Leonard,50.00,6,3
21,Kenny Perry,50.00,6,3
21,Bob Tway,50.00,2,1
28,Ben Curtis,40.00,5,2
29,Kirk Triplett,33.33,3,1
30,Rory Sabbatini,.00,4,0
