rank,player,% Made,Attempts,Putts made
1,Tommy Armour III,100.00,5,5
1,Ben Crane,100.00,5,5
1,Jim Furyk,100.00,6,6
1,Retief Goosen,100.00,6,6
1,Scott Hoch,100.00,4,4
1,Adam Scott,100.00,9,9
7,Ernie Els,85.71,7,6
8,Chad Campbell,83.33,6,5
8,Mike Weir,83.33,6,5
10,John Huston,80.00,10,8
11,Davis Love III,77.78,9,7
11,Shigeki Maruyama,77.78,9,7
13,Fred Couples,75.00,8,6
13,Steve Flesch,75.00,12,9
13,Frank Lickliter II,75.00,4,3
13,Bob Tway,75.00,4,3
17,Kenny Perry,71.43,7,5
17,Vijay Singh,71.43,7,5
19,Justin Leonard,66.67,6,4
19,J.L. Lewis,66.67,3,2
19,Shaun Micheel,66.67,12,8
22,Rory Sabbatini,63.64,11,7
23,Stuart Appleby,60.00,10,6
24,Ben Curtis,58.33,12,7
25,Kirk Triplett,57.14,7,4
26,Tiger Woods,55.56,9,5
27,Darren Clarke,50.00,4,2
27,Peter Jacobsen,50.00,4,2
27,Jonathan Kaye,50.00,2,1
30,Craig Stadler,44.44,9,4
