rank,player,% Made,Attempts,Putts Made
1,Kirk Triplett,29.55,44,13
2,Stuart Appleby,25.64,39,10
3,Jonathan Kaye,21.15,52,11
4,Darren Clarke,20.00,40,8
5,Mike Weir,19.51,41,8
6,Craig Stadler,19.15,47,9
7,Frank Lickliter II,18.97,58,11
8,Ben Crane,18.00,50,9
9,John Huston,17.07,41,7
10,Shaun Micheel,16.98,53,9
11,Tommy Armour III,16.67,48,8
11,Tiger Woods,16.67,48,8
13,Rory Sabbatini,16.00,50,8
14,Ernie Els,15.91,44,7
15,Vijay Singh,15.79,38,6
16,Scott Hoch,14.29,49,7
17,Shigeki Maruyama,13.95,43,6
18,Kenny Perry,13.73,51,7
19,Steve Flesch,13.46,52,7
20,Peter Jacobsen,13.04,46,6
20,Adam Scott,13.04,46,6
22,Jim Furyk,12.00,50,6
22,Bob Tway,12.00,50,6
24,Retief Goosen,11.11,45,5
25,Ben Curtis,10.42,48,5
26,Davis Love III,9.76,41,4
27,J.L. Lewis,6.98,43,3
28,Fred Couples,6.67,45,3
28,Justin Leonard,6.67,45,3
30,Chad Campbell,6.52,46,3
