rank,player,% Made,Attempts,Putts made
1,Mike Weir,50.00,8,4
2,Scott Hoch,44.44,9,4
3,Kirk Triplett,33.33,6,2
4,Frank Lickliter II,30.77,13,4
5,Stuart Appleby,28.57,7,2
5,Ben Crane,28.57,7,2
7,Kenny Perry,25.00,16,4
8,Jonathan Kaye,20.00,10,2
8,Shaun Micheel,20.00,5,1
10,Davis Love III,16.67,6,1
10,Tiger Woods,16.67,6,1
12,Darren Clarke,14.29,7,1
13,Ernie Els,12.50,8,1
13,Craig Stadler,12.50,8,1
15,Adam Scott,11.76,17,2
16,Rory Sabbatini,11.11,9,1
17,Steve Flesch,10.00,10,1
17,Shigeki Maruyama,10.00,10,1
19,Justin Leonard,9.09,11,1
20,Tommy Armour III,.00,4,-
20,Chad Campbell,.00,7,-
20,Fred Couples,.00,11,-
20,Ben Curtis,.00,9,-
20,Jim Furyk,.00,3,-
20,Retief Goosen,.00,5,-
20,John Huston,.00,2,-
20,Peter Jacobsen,.00,6,-
20,J.L. Lewis,.00,10,-
20,Vijay Singh,.00,6,-
20,Bob Tway,.00,12,-
