rank,player,% Made,Attempts,Putts made
1,Stuart Appleby,100.00,9,9
1,Chad Campbell,100.00,10,10
1,Steve Flesch,100.00,10,10
1,Jim Furyk,100.00,8,8
1,Frank Lickliter II,100.00,8,8
1,Davis Love III,100.00,7,7
1,Adam Scott,100.00,5,5
1,Vijay Singh,100.00,5,5
1,Kirk Triplett,100.00,6,6
1,Mike Weir,100.00,6,6
11,J.L. Lewis,93.75,16,15
12,Tommy Armour III,91.67,12,11
13,Darren Clarke,90.91,11,10
13,Retief Goosen,90.91,11,10
15,Scott Hoch,90.00,10,9
16,Craig Stadler,88.89,9,8
16,Bob Tway,88.89,9,8
18,Ben Crane,87.50,8,7
18,Ernie Els,87.50,8,7
18,Jonathan Kaye,87.50,8,7
18,Justin Leonard,87.50,8,7
22,Ben Curtis,85.71,7,6
23,Tiger Woods,84.62,13,11
24,Shigeki Maruyama,83.33,6,5
25,Peter Jacobsen,75.00,12,9
25,Kenny Perry,75.00,8,6
25,Rory Sabbatini,75.00,12,9
28,Shaun Micheel,71.43,7,5
29,John Huston,57.14,7,4
30,Fred Couples,50.00,6,3
