rank,player,% Made,Attempts,Putts made
1,Jim Furyk,100.00,3,3
2,Vijay Singh,80.00,5,4
3,Retief Goosen,75.00,4,3
4,Ben Crane,66.67,6,4
4,Ben Curtis,66.67,3,2
6,Stuart Appleby,60.00,5,3
7,John Huston,50.00,8,4
7,J.L. Lewis,50.00,2,1
7,Frank Lickliter II,50.00,4,2
7,Davis Love III,50.00,2,1
7,Rory Sabbatini,50.00,2,1
7,Kirk Triplett,50.00,2,1
13,Fred Couples,33.33,3,1
13,Justin Leonard,33.33,6,2
13,Shigeki Maruyama,33.33,6,2
13,Kenny Perry,33.33,3,1
13,Craig Stadler,33.33,3,1
18,Tommy Armour III,25.00,4,1
19,Darren Clarke,20.00,5,1
20,Chad Campbell,.00,6,0
20,Ernie Els,.00,2,0
20,Scott Hoch,.00,1,0
20,Peter Jacobsen,.00,1,0
20,Jonathan Kaye,.00,3,0
20,Shaun Micheel,.00,2,0
20,Adam Scott,.00,2,0
20,Bob Tway,.00,3,0
20,Mike Weir,.00,4,0
20,Tiger Woods,.00,1,0
