rank,player,% Made,Attempts,Putts made
1,Darren Clarke,100.00,1,1
1,Fred Couples,100.00,2,2
1,Kirk Triplett,100.00,2,2
4,Tommy Armour III,85.71,7,6
5,Stuart Appleby,80.00,5,4
6,Tiger Woods,75.00,4,3
7,Ben Crane,66.67,3,2
7,Scott Hoch,66.67,3,2
7,Davis Love III,66.67,6,4
7,Kenny Perry,66.67,3,2
7,Rory Sabbatini,66.67,3,2
7,Adam Scott,66.67,9,6
7,Craig Stadler,66.67,3,2
14,Jim Furyk,60.00,5,3
14,John Huston,60.00,5,3
14,Frank Lickliter II,60.00,5,3
14,Vijay Singh,60.00,5,3
18,Shigeki Maruyama,57.14,7,4
19,Retief Goosen,40.00,5,2
19,Peter Jacobsen,40.00,5,2
19,J.L. Lewis,40.00,5,2
22,Ben Curtis,33.33,3,1
22,Jonathan Kaye,33.33,3,1
22,Justin Leonard,33.33,3,1
25,Mike Weir,25.00,4,1
26,Chad Campbell,.00,1,0
26,Ernie Els,.00,3,0
26,Steve Flesch,.00,1,0
26,Shaun Micheel,.00,2,0
