rank,player,% Made,Attempts,Putts made
1,Retief Goosen,100.00,3,3
1,Scott Hoch,100.00,3,3
1,John Huston,100.00,1,1
1,Frank Lickliter II,100.00,2,2
5,Peter Jacobsen,80.00,5,4
6,Stuart Appleby,66.67,3,2
6,Ernie Els,66.67,3,2
6,Steve Flesch,66.67,3,2
6,Mike Weir,66.67,6,4
10,Ben Crane,50.00,2,1
10,Jonathan Kaye,50.00,6,3
10,Justin Leonard,50.00,4,2
10,Shaun Micheel,50.00,4,2
10,Vijay Singh,50.00,6,3
15,Tommy Armour III,42.86,7,3
16,Chad Campbell,40.00,5,2
16,Ben Curtis,40.00,5,2
16,Jim Furyk,40.00,5,2
16,Craig Stadler,40.00,5,2
20,Darren Clarke,37.50,8,3
21,Shigeki Maruyama,33.33,6,2
21,Tiger Woods,33.33,3,1
23,Davis Love III,25.00,4,1
23,Kirk Triplett,25.00,4,1
25,J.L. Lewis,16.67,6,1
26,Kenny Perry,.00,1,0
26,Rory Sabbatini,.00,1,0
26,Adam Scott,.00,3,0
26,Bob Tway,.00,1,0
