rank,player,% Made,Attempts,Putts made
1,Stuart Appleby,100.00,29,29
1,Chad Campbell,100.00,45,45
1,Darren Clarke,100.00,41,41
1,Ben Crane,100.00,35,35
1,Ben Curtis,100.00,40,40
1,Ernie Els,100.00,44,44
1,Retief Goosen,100.00,33,33
1,Scott Hoch,100.00,39,39
1,Jonathan Kaye,100.00,44,44
1,Justin Leonard,100.00,45,45
1,J.L. Lewis,100.00,41,41
1,Davis Love III,100.00,41,41
1,Shaun Micheel,100.00,43,43
1,Kenny Perry,100.00,43,43
1,Rory Sabbatini,100.00,41,41
1,Vijay Singh,100.00,38,38
1,Craig Stadler,100.00,37,37
1,Kirk Triplett,100.00,41,41
1,Tiger Woods,100.00,39,39
20,Fred Couples,98.00,50,49
21,Jim Furyk,97.67,43,42
21,Peter Jacobsen,97.67,43,42
21,Mike Weir,97.67,43,42
24,Adam Scott,97.62,42,41
25,Steve Flesch,97.44,39,38
26,Frank Lickliter II,97.37,38,37
26,Shigeki Maruyama,97.37,38,37
28,Tommy Armour III,96.67,30,29
29,Bob Tway,96.15,52,50
30,John Huston,95.24,42,40
