rank,player,%,Greens Hit,# of holes
1,Justin Rose,82.14,23,28
2,Webb Simpson,81.82,18,22
3,Chez Reavie,81.25,13,16
4,Hudson Swafford,80.77,21,26
5,William McGirt,78.95,15,19
6,Justin Thomas,77.42,24,31
7,Kyle Stanley,76.47,13,17
8,Jordan Spieth,75.00,18,24
8,Shawn Stefani,75.00,12,16
10,Jim Herman,73.91,17,23
10,Gary Woodland,73.91,17,23
12,Kevin Na,73.33,22,30
13,Miguel Tabuena,72.73,16,22
14,Sean O'Hair,71.43,15,21
15,Stewart Cink,70.97,22,31
16,Y.E. Yang,70.83,17,24
17,Robert Streb,68.97,20,29
18,Fabián Gómez,66.67,12,18
18,Billy Horschel,66.67,18,27
18,Luke List,66.67,16,24
18,Richy Werenski,66.67,16,24
22,Daniel Berger,65.22,15,23
22,John Huh,65.22,15,23
24,Zac Blair,64.71,11,17
24,Brian Gay,64.71,11,17
26,Ryan Brehm,64.29,18,28
27,Scott Piercy,64.00,16,25
28,Tony Finau,63.64,14,22
29,Russell Knox,63.16,12,19
30,Branden Grace,62.50,15,24
30,Zach Johnson,62.50,15,24
30,Rory Sabbatini,62.50,10,16
33,J.T. Poston,62.07,18,29
34,Billy Hurley III,61.54,16,26
34,Michael Thompson,61.54,16,26
36,Jamie Lovemark,60.71,17,28
37,Pat Perez,60.00,18,30
38,Russell Henley,58.82,10,17
39,David Lingmerth,58.62,17,29
40,Peter Malnati,58.06,18,31
40,Cameron Smith,58.06,18,31
42,Scott Brown,57.89,11,19
43,Vijay Singh,57.58,19,33
44,James Hahn,57.14,12,21
45,Daniel Summerhays,56.67,17,30
45,Tim Wilkinson,56.67,17,30
47,Hideki Matsuyama,56.52,13,23
48,Seamus Power,55.88,19,34
49,Kevin Kisner,54.55,12,22
50,Rod Pampling,54.17,13,24
51,Andres Gonzales,53.85,14,26
52,Bill Haas,52.63,10,19
53,Kelly Kraft,52.38,11,21
53,Vaughn Taylor,52.38,11,21
55,Satoshi Kodaira,52.17,12,23
56,Jared Sawada,52.00,13,25
57,Michael Kim,50.00,12,24
57,Trey Mullinax,50.00,12,24
57,Ollie Schniederjans,50.00,11,22
57,Hideto Tanihara,50.00,12,24
61,Mackenzie Hughes,48.28,14,29
61,Marc Leishman,48.28,14,29
63,Bryson DeChambeau,48.00,12,25
64,Ben Martin,47.37,9,19
64,Brian Stuard,47.37,9,19
66,Charles Howell III,46.15,12,26
67,Brian Harman,45.83,11,24
68,Bryce Molder,45.16,14,31
69,Henrik Norlander,43.48,10,23
70,Ken Duke,42.42,14,33
71,Jon Curran,42.11,8,19
72,Gonzalo Fernandez-Castaño,40.74,11,27
73,Jason Bohn,35.29,6,17
