rank,player,%,Greens Hit,Total Holes,Relative to par
1,Jon Curran,100.00,13,13,-0.46
1,Jim Herman,100.00,14,14,-0.71
1,John Huh,100.00,14,14,-0.64
1,Michael Kim,100.00,15,15,-0.67
1,Satoshi Kodaira,100.00,15,15,-0.47
1,William McGirt,100.00,13,13,-0.54
1,Sean O'Hair,100.00,22,22,-0.41
1,Chez Reavie,100.00,13,13,-0.69
1,Cameron Smith,100.00,16,16,-0.69
1,Jordan Spieth,100.00,20,20,-0.70
1,Shawn Stefani,100.00,13,13,-0.46
1,Richy Werenski,100.00,17,17,-0.53
1,Gary Woodland,100.00,14,14,-0.71
14,Justin Thomas,95.65,22,23,-0.91
15,Charles Howell III,95.00,19,20,-0.79
15,Marc Leishman,95.00,19,20,-0.63
17,David Lingmerth,94.44,17,18,-0.59
17,Justin Rose,94.44,17,18,-0.59
17,Rory Sabbatini,94.44,17,18,-0.59
17,Daniel Summerhays,94.44,17,18,-0.59
21,Fabián Gómez,94.12,16,17,-0.69
22,Rod Pampling,93.75,15,16,-0.73
22,Jared Sawada,93.75,15,16,-0.53
22,Kyle Stanley,93.75,15,16,-0.67
25,Jason Bohn,93.33,14,15,-0.93
25,Stewart Cink,93.33,14,15,-0.57
25,Brian Gay,93.33,14,15,-0.64
25,Luke List,93.33,14,15,-0.71
25,Peter Malnati,93.33,14,15,-0.64
25,Pat Perez,93.33,14,15,-0.57
25,Scott Piercy,93.33,14,15,-0.43
25,J.T. Poston,93.33,14,15,-0.57
25,Seamus Power,93.33,14,15,-0.57
34,Branden Grace,92.86,13,14,-0.77
34,Bill Haas,92.86,13,14,-0.69
36,Billy Hurley III,92.31,12,13,-0.67
36,Brian Stuard,92.31,12,13,-0.67
38,Michael Thompson,91.67,11,12,-1.00
39,Tony Finau,90.91,20,22,-0.65
39,Trey Mullinax,90.91,20,22,-0.65
41,Russell Henley,88.89,16,18,-0.69
41,Kevin Kisner,88.89,16,18,-0.69
43,Brian Harman,88.24,15,17,-0.53
43,Henrik Norlander,88.24,15,17,-0.53
43,Vijay Singh,88.24,15,17,-0.47
46,Ryan Brehm,87.50,14,16,-0.43
46,Andres Gonzales,87.50,14,16,-0.71
46,Kevin Na,87.50,14,16,-0.50
46,Miguel Tabuena,87.50,14,16,-0.79
46,Y.E. Yang,87.50,14,16,-0.71
51,Billy Horschel,86.67,13,15,-0.46
51,Mackenzie Hughes,86.67,13,15,-0.69
51,Kelly Kraft,86.67,13,15,-0.62
54,Ken Duke,85.71,12,14,-0.50
54,Jamie Lovemark,85.71,18,21,-0.67
54,Webb Simpson,85.71,12,14,-0.58
57,Zach Johnson,84.62,11,13,-0.82
57,Tim Wilkinson,84.62,11,13,-0.91
59,James Hahn,84.21,16,19,-0.69
60,Ollie Schniederjans,83.33,20,24,-0.50
61,Hideki Matsuyama,82.35,14,17,-0.57
62,Daniel Berger,81.25,13,16,-0.85
62,Hudson Swafford,81.25,13,16,-0.69
64,Bryson DeChambeau,80.00,16,20,-0.69
64,Hideto Tanihara,80.00,12,15,-0.75
64,Vaughn Taylor,80.00,12,15,-0.42
67,Scott Brown,77.78,14,18,-0.50
67,Robert Streb,77.78,14,18,-0.57
69,Zac Blair,75.00,12,16,-0.42
69,Russell Knox,75.00,12,16,-0.67
69,Ben Martin,75.00,15,20,-0.53
69,Bryce Molder,75.00,9,12,-0.56
73,Gonzalo Fernandez-Castaño,70.59,12,17,-0.67
