rank,player,%,Greens Hit,Total Holes,Relative to par
1,William McGirt,94.12,16,17,-0.25
1,Henrik Norlander,94.12,16,17,-0.44
3,Zach Johnson,93.75,15,16,-0.27
4,Sean O'Hair,93.33,14,15,-0.07
4,Rod Pampling,93.33,14,15,-0.21
4,Rory Sabbatini,93.33,14,15,-0.07
4,Jordan Spieth,93.33,14,15,-0.29
8,Tony Finau,92.86,13,14,-0.15
8,Webb Simpson,92.86,13,14,-0.38
10,Jon Curran,92.31,12,13,-0.33
10,Vaughn Taylor,92.31,12,13,-0.25
12,Scott Piercy,90.00,9,10,-0.56
13,Russell Knox,89.47,17,19,-0.35
13,Chez Reavie,89.47,17,19,-0.41
15,Russell Henley,88.89,16,18,-0.25
16,Justin Rose,88.24,15,17,-0.20
17,Tim Wilkinson,87.50,14,16,-0.21
18,Michael Kim,86.67,13,15,-0.46
18,Richy Werenski,86.67,13,15,-0.23
20,Kelly Kraft,85.71,12,14,-0.17
20,Bryce Molder,85.71,12,14,-0.50
22,Brian Gay,84.62,11,13,-0.27
22,Mackenzie Hughes,84.62,11,13,-0.27
24,Cameron Smith,83.33,10,12,-0.40
25,Zac Blair,80.00,12,15,-0.42
25,Jason Bohn,80.00,8,10,-0.25
25,Branden Grace,80.00,8,10,-0.13
25,Jim Herman,80.00,16,20,-0.19
25,Kyle Stanley,80.00,12,15,-0.17
25,Shawn Stefani,80.00,12,15,-0.08
25,Michael Thompson,80.00,12,15,-0.33
32,Luke List,78.95,15,19,-0.53
33,James Hahn,78.57,11,14,-0.27
33,Gary Woodland,78.57,11,14,-0.36
35,Fabián Gómez,76.92,10,13,-0.10
35,Andres Gonzales,76.92,10,13,-0.10
35,Billy Hurley III,76.92,10,13,-0.50
38,Billy Horschel,75.00,12,16,-0.08
38,Jamie Lovemark,75.00,9,12,-0.11
38,Vijay Singh,75.00,9,12,-0.11
38,Miguel Tabuena,75.00,12,16,-0.17
42,Scott Brown,73.33,11,15,-0.45
42,Gonzalo Fernandez-Castaño,73.33,11,15,-0.27
42,Justin Thomas,73.33,11,15,-0.27
45,Trey Mullinax,70.59,12,17,-0.33
46,Robert Streb,70.00,7,10,-0.43
47,Bill Haas,69.23,9,13,-0.33
47,Pat Perez,69.23,9,13,-0.22
49,Ryan Brehm,68.75,11,16,-0.36
49,Stewart Cink,68.75,11,16,-0.36
49,Charles Howell III,68.75,11,16,E
52,Satoshi Kodaira,66.67,8,12,-0.38
52,Marc Leishman,66.67,8,12,+0.13
52,Kevin Na,66.67,12,18,-0.42
52,Daniel Summerhays,66.67,10,15,-0.20
56,Hideto Tanihara,64.71,11,17,-0.18
57,J.T. Poston,64.29,9,14,-0.44
58,Ken Duke,62.50,10,16,-0.20
58,Ben Martin,62.50,10,16,-0.50
58,Seamus Power,62.50,10,16,-0.20
61,Brian Harman,61.11,11,18,-0.27
62,David Lingmerth,60.00,6,10,-0.17
62,Jared Sawada,60.00,9,15,-0.22
62,Ollie Schniederjans,60.00,6,10,-0.17
62,Y.E. Yang,60.00,9,15,-0.56
66,Daniel Berger,58.33,7,12,E
66,Kevin Kisner,58.33,7,12,-0.29
66,Peter Malnati,58.33,7,12,-0.29
66,Brian Stuard,58.33,7,12,-0.71
70,Hudson Swafford,57.14,8,14,E
71,John Huh,55.56,5,9,-0.40
71,Hideki Matsuyama,55.56,5,9,-0.40
73,Bryson DeChambeau,50.00,6,12,-0.17
