rank,player,%,Greens Hit,Total Holes,Relative to par
1,Tony Finau,92.31,12,13,-0.17
2,Gary Woodland,90.91,10,11,-0.10
3,Hudson Swafford,88.89,8,9,-0.25
4,Russell Knox,84.62,11,13,-0.09
4,Shawn Stefani,84.62,11,13,E
4,Tim Wilkinson,84.62,11,13,-0.09
7,Ollie Schniederjans,83.33,10,12,-0.30
8,Scott Brown,77.78,7,9,-0.14
8,Bill Haas,77.78,7,9,-0.43
8,Richy Werenski,77.78,7,9,-0.29
11,Chez Reavie,76.92,10,13,-0.10
12,Zac Blair,75.00,9,12,+0.11
12,Brian Gay,75.00,9,12,-0.11
12,Russell Henley,75.00,9,12,E
12,Jordan Spieth,75.00,9,12,-0.22
16,Sean O'Hair,73.33,11,15,-0.36
16,Robert Streb,73.33,11,15,-0.27
18,Michael Thompson,71.43,10,14,-0.30
19,Daniel Berger,70.59,12,17,-0.17
20,Gonzalo Fernandez-Castaño,70.00,7,10,+0.14
20,Justin Rose,70.00,7,10,E
22,Jim Herman,69.23,9,13,-0.22
22,Rory Sabbatini,69.23,9,13,-0.22
22,Miguel Tabuena,69.23,9,13,-0.33
25,Ryan Brehm,66.67,10,15,-0.30
25,Billy Horschel,66.67,8,12,-0.25
25,Ben Martin,66.67,6,9,E
25,Cameron Smith,66.67,10,15,-0.10
29,Mackenzie Hughes,64.71,11,17,-0.27
30,Branden Grace,64.29,9,14,-0.22
30,David Lingmerth,64.29,9,14,-0.22
30,Hideki Matsuyama,64.29,9,14,-0.11
30,Scott Piercy,64.29,9,14,+0.11
34,Stewart Cink,63.64,7,11,-0.14
34,Charles Howell III,63.64,7,11,-0.29
36,Jamie Lovemark,63.16,12,19,-0.33
37,Jon Curran,61.54,8,13,E
37,Rod Pampling,61.54,8,13,E
37,Seamus Power,61.54,8,13,-0.13
37,Vaughn Taylor,61.54,8,13,-0.50
41,Jason Bohn,60.00,9,15,E
41,Billy Hurley III,60.00,9,15,E
41,Kevin Kisner,60.00,6,10,E
41,Kelly Kraft,60.00,9,15,-0.22
41,Luke List,60.00,6,10,-0.33
41,Henrik Norlander,60.00,9,15,-0.22
41,Brian Stuard,60.00,9,15,-0.33
41,Y.E. Yang,60.00,9,15,-0.33
49,Michael Kim,58.33,7,12,-0.14
50,John Huh,57.14,8,14,E
51,Marc Leishman,56.25,9,16,-0.22
52,Kyle Stanley,55.56,5,9,+0.20
53,Bryson DeChambeau,54.55,6,11,-0.17
54,Kevin Na,53.85,7,13,-0.29
54,Vijay Singh,53.85,7,13,-0.43
56,Brian Harman,50.00,6,12,-0.17
56,Zach Johnson,50.00,6,12,-0.33
56,Satoshi Kodaira,50.00,7,14,-0.14
56,J.T. Poston,50.00,6,12,-0.17
56,Jared Sawada,50.00,7,14,-0.14
56,Webb Simpson,50.00,6,12,-0.33
56,Hideto Tanihara,50.00,7,14,-0.14
56,Justin Thomas,50.00,5,10,-0.80
64,Andres Gonzales,45.45,5,11,-0.20
65,Trey Mullinax,44.44,4,9,E
66,Daniel Summerhays,42.86,6,14,-0.33
67,Peter Malnati,41.67,5,12,-0.40
67,William McGirt,41.67,5,12,-0.40
69,Bryce Molder,41.18,7,17,-0.29
70,Fabián Gómez,40.00,4,10,E
71,Ken Duke,35.29,6,17,E
72,Pat Perez,27.27,3,11,-0.33
73,James Hahn,25.00,3,12,E
