rank,player,%,Greens Hit,Total Holes,Relative to par
1,Daniel Berger,100.00,3,3,-0.67
1,Jason Bohn,100.00,1,1,E
1,Scott Brown,100.00,3,3,-0.67
1,Jon Curran,100.00,1,1,E
1,Tony Finau,100.00,1,1,E
1,Brian Gay,100.00,3,3,-0.33
1,Branden Grace,100.00,2,2,-0.50
1,Bill Haas,100.00,1,1,-1.00
1,Russell Henley,100.00,1,1,-1.00
1,Jim Herman,100.00,1,1,-2.00
1,Billy Horschel,100.00,1,1,E
1,Charles Howell III,100.00,3,3,-1.00
1,Mackenzie Hughes,100.00,1,1,-1.00
1,Michael Kim,100.00,1,1,-1.00
1,Kevin Kisner,100.00,1,1,E
1,Russell Knox,100.00,1,1,-1.00
1,Satoshi Kodaira,100.00,2,2,E
1,Marc Leishman,100.00,2,2,-0.50
1,David Lingmerth,100.00,4,4,E
1,Jamie Lovemark,100.00,2,2,E
1,Ben Martin,100.00,1,1,-1.00
1,Hideki Matsuyama,100.00,1,1,E
1,William McGirt,100.00,1,1,E
1,Kevin Na,100.00,3,3,E
1,Henrik Norlander,100.00,4,4,E
1,Sean O'Hair,100.00,5,5,E
1,Scott Piercy,100.00,3,3,-0.33
1,Seamus Power,100.00,1,1,E
1,Chez Reavie,100.00,1,1,-1.00
1,Justin Rose,100.00,1,1,E
1,Rory Sabbatini,100.00,2,2,E
1,Jared Sawada,100.00,1,1,E
1,Vijay Singh,100.00,2,2,E
1,Cameron Smith,100.00,4,4,-0.75
1,Jordan Spieth,100.00,4,4,-0.50
1,Kyle Stanley,100.00,1,1,E
1,Shawn Stefani,100.00,1,1,E
1,Robert Streb,100.00,2,2,-0.50
1,Daniel Summerhays,100.00,3,3,-0.67
1,Hudson Swafford,100.00,1,1,-1.00
1,Miguel Tabuena,100.00,1,1,-1.00
1,Hideto Tanihara,100.00,1,1,-1.00
1,Vaughn Taylor,100.00,4,4,-0.25
1,Justin Thomas,100.00,4,4,-0.75
1,Michael Thompson,100.00,2,2,-0.50
46,Fabián Gómez,75.00,3,4,-0.33
46,Brian Harman,75.00,3,4,-0.67
46,Ollie Schniederjans,75.00,3,4,-0.67
49,Bryson DeChambeau,66.67,2,3,-0.50
49,Zach Johnson,66.67,2,3,-1.00
49,Kelly Kraft,66.67,2,3,-0.50
49,Bryce Molder,66.67,2,3,E
53,Zac Blair,50.00,2,4,-0.50
53,Ken Duke,50.00,1,2,E
53,Billy Hurley III,50.00,1,2,-1.00
53,Trey Mullinax,50.00,1,2,E
57,Andres Gonzales,.00,0,1,E
57,James Hahn,.00,0,1,E
57,Pat Perez,.00,0,1,E
57,Brian Stuard,.00,0,1,E
57,Tim Wilkinson,.00,0,1,E
