rank,player,%,Greens Hit,Total Holes,Relative to par
1,Jordan Spieth,94.12,16,17,-0.25
2,John Huh,88.46,23,26,-0.09
3,Satoshi Kodaira,85.71,18,21,-0.28
4,Daniel Summerhays,84.62,11,13,-0.18
5,Daniel Berger,84.21,16,19,-0.31
5,Chez Reavie,84.21,16,19,-0.06
5,Miguel Tabuena,84.21,16,19,-0.19
8,Sean O'Hair,83.33,10,12,-0.40
9,Jim Herman,82.35,14,17,-0.29
9,Y.E. Yang,82.35,14,17,-0.07
11,Brian Gay,81.82,18,22,-0.22
11,Kevin Kisner,81.82,18,22,-0.28
11,Shawn Stefani,81.82,18,22,-0.33
14,Ollie Schniederjans,81.25,13,16,-0.08
15,Billy Hurley III,80.95,17,21,-0.18
15,Zach Johnson,80.95,17,21,-0.41
17,Hudson Swafford,80.77,21,26,-0.33
18,Branden Grace,80.00,20,25,-0.35
18,Kyle Stanley,80.00,20,25,-0.20
20,Justin Thomas,78.95,15,19,-0.20
21,Jamie Lovemark,78.57,11,14,-0.36
22,Webb Simpson,78.26,18,23,-0.22
23,Rod Pampling,77.78,14,18,E
24,Fabián Gómez,77.27,17,22,-0.12
25,Henrik Norlander,76.92,10,13,-0.40
25,Gary Woodland,76.92,20,26,-0.25
27,Robert Streb,76.19,16,21,-0.13
28,Hideki Matsuyama,76.00,19,25,-0.32
29,Kelly Kraft,75.00,15,20,-0.33
29,Cameron Smith,75.00,15,20,-0.13
31,Vaughn Taylor,73.91,17,23,-0.12
32,Ben Martin,73.68,14,19,-0.21
32,Rory Sabbatini,73.68,14,19,-0.36
34,Russell Knox,73.33,11,15,-0.18
34,Kevin Na,73.33,11,15,-0.45
36,Bryson DeChambeau,72.73,16,22,-0.31
36,William McGirt,72.73,16,22,-0.13
38,Zac Blair,72.22,13,18,-0.31
38,James Hahn,72.22,13,18,-0.31
40,Bill Haas,72.00,18,25,-0.17
41,Ken Duke,71.43,10,14,-0.30
42,Luke List,70.00,14,20,-0.07
43,Richy Werenski,69.57,16,23,-0.19
44,Hideto Tanihara,68.75,11,16,-0.27
45,Stewart Cink,68.18,15,22,-0.13
45,Billy Horschel,68.18,15,22,+0.07
45,Scott Piercy,68.18,15,22,-0.13
45,Brian Stuard,68.18,15,22,-0.13
49,David Lingmerth,66.67,14,21,-0.29
49,Michael Thompson,66.67,14,21,-0.29
51,Jon Curran,65.00,13,20,-0.15
52,Gonzalo Fernandez-Castaño,64.71,11,17,-0.36
52,Brian Harman,64.71,11,17,-0.36
52,Russell Henley,64.71,11,17,E
52,Marc Leishman,64.71,11,17,-0.36
56,Tony Finau,64.29,9,14,-0.11
57,Justin Rose,63.64,14,22,-0.29
58,Mackenzie Hughes,63.16,12,19,-0.08
59,Andres Gonzales,61.90,13,21,-0.38
60,Peter Malnati,60.00,12,20,-0.25
61,Pat Perez,59.26,16,27,-0.06
62,Scott Brown,59.09,13,22,E
63,Ryan Brehm,58.82,10,17,-0.30
63,Bryce Molder,58.82,10,17,-0.50
65,Vijay Singh,57.89,11,19,-0.18
65,Tim Wilkinson,57.89,11,19,-0.36
67,Trey Mullinax,57.14,8,14,E
68,Jason Bohn,56.52,13,23,-0.15
69,Seamus Power,55.00,11,20,-0.18
70,J.T. Poston,52.38,11,21,-0.18
71,Michael Kim,47.62,10,21,E
72,Charles Howell III,47.37,9,19,-0.33
73,Jared Sawada,44.44,8,18,-0.25
