rank,player,%,Greens Hit,Total Holes,Relative to par
1,Scott Brown,100.00,12,12,-0.58
1,Jon Curran,100.00,10,10,-0.60
1,Jim Herman,100.00,12,12,-0.75
1,Charles Howell III,100.00,14,14,-0.93
1,John Huh,100.00,11,11,-0.73
1,Michael Kim,100.00,9,9,-0.89
1,Kevin Kisner,100.00,13,13,-0.77
1,Satoshi Kodaira,100.00,11,11,-0.55
1,Marc Leishman,100.00,16,16,-0.69
1,William McGirt,100.00,11,11,-0.64
1,Sean O'Hair,100.00,16,16,-0.44
1,Rod Pampling,100.00,11,11,-0.73
1,J.T. Poston,100.00,11,11,-0.55
1,Chez Reavie,100.00,11,11,-0.64
1,Rory Sabbatini,100.00,13,13,-0.62
1,Jared Sawada,100.00,11,11,-0.73
1,Vijay Singh,100.00,12,12,-0.50
1,Cameron Smith,100.00,12,12,-0.75
1,Jordan Spieth,100.00,15,15,-0.80
1,Kyle Stanley,100.00,12,12,-0.75
1,Shawn Stefani,100.00,12,12,-0.42
1,Robert Streb,100.00,13,13,-0.62
1,Daniel Summerhays,100.00,12,12,-0.75
1,Hudson Swafford,100.00,11,11,-0.82
1,Vaughn Taylor,100.00,12,12,-0.42
1,Justin Thomas,100.00,17,17,-1.00
1,Richy Werenski,100.00,12,12,-0.58
1,Gary Woodland,100.00,11,11,-0.82
29,Tony Finau,93.33,14,15,-0.93
29,Justin Rose,93.33,14,15,-0.64
31,David Lingmerth,92.86,13,14,-0.69
31,Trey Mullinax,92.86,13,14,-0.85
31,Pat Perez,92.86,13,14,-0.62
31,Scott Piercy,92.86,13,14,-0.46
31,Seamus Power,92.86,13,14,-0.62
36,Stewart Cink,92.31,12,13,-0.58
36,Bryson DeChambeau,92.31,12,13,-0.67
36,Ken Duke,92.31,12,13,-0.50
36,Fabián Gómez,92.31,12,13,-0.75
40,Jason Bohn,91.67,11,12,-1.00
40,Brian Gay,91.67,11,12,-0.64
40,Branden Grace,91.67,11,12,-0.82
40,Bill Haas,91.67,11,12,-0.73
40,James Hahn,91.67,11,12,-0.73
40,Billy Horschel,91.67,11,12,-0.45
40,Mackenzie Hughes,91.67,11,12,-0.73
40,Zach Johnson,91.67,11,12,-0.82
40,Luke List,91.67,11,12,-0.82
40,Kevin Na,91.67,11,12,-0.55
40,Webb Simpson,91.67,11,12,-0.64
51,Andres Gonzales,90.91,10,11,-0.70
51,Billy Hurley III,90.91,10,11,-0.70
51,Peter Malnati,90.91,10,11,-0.70
51,Ben Martin,90.91,10,11,-0.60
51,Brian Stuard,90.91,10,11,-0.80
51,Miguel Tabuena,90.91,10,11,-0.80
51,Michael Thompson,90.91,10,11,-1.00
51,Tim Wilkinson,90.91,10,11,-1.00
59,Ollie Schniederjans,88.89,16,18,-0.63
60,Jamie Lovemark,88.24,15,17,-0.73
61,Ryan Brehm,85.71,12,14,-0.50
61,Henrik Norlander,85.71,12,14,-0.58
63,Daniel Berger,84.62,11,13,-0.91
63,Russell Henley,84.62,11,13,-0.73
65,Brian Harman,83.33,10,12,-0.70
65,Kelly Kraft,83.33,10,12,-0.60
65,Hideki Matsuyama,83.33,10,12,-0.80
68,Bryce Molder,81.82,9,11,-0.56
68,Hideto Tanihara,81.82,9,11,-0.89
70,Y.E. Yang,80.00,8,10,-0.88
71,Russell Knox,76.92,10,13,-0.80
72,Zac Blair,75.00,9,12,-0.44
73,Gonzalo Fernandez-Castaño,70.00,7,10,-0.71
