rank,player,%,Greens Hit,# of Holes
1,Jordan Spieth,100.00,32,32
2,Sean O'Hair,97.14,34,35
3,Henrik Norlander,93.94,31,33
4,Rod Pampling,93.75,30,32
5,Jamie Lovemark,92.86,26,28
6,Chez Reavie,92.50,37,40
7,Cameron Smith,92.00,23,25
8,Tony Finau,91.18,31,34
9,Michael Kim,90.63,29,32
9,Richy Werenski,90.63,29,32
11,Charles Howell III,90.00,27,30
11,Rory Sabbatini,90.00,36,40
13,Brian Gay,89.74,35,39
13,Russell Henley,89.74,35,39
15,Kelly Kraft,88.57,31,35
16,Daniel Summerhays,88.46,23,26
17,Bryce Molder,88.00,22,25
17,Justin Thomas,88.00,22,25
19,John Huh,87.88,29,33
19,Satoshi Kodaira,87.88,29,33
21,Branden Grace,87.50,28,32
22,Billy Hurley III,86.67,26,30
23,Jon Curran,86.49,32,37
23,Russell Knox,86.49,32,37
23,William McGirt,86.49,32,37
26,Ollie Schniederjans,85.29,29,34
27,Mackenzie Hughes,85.19,23,27
27,Marc Leishman,85.19,23,27
29,Shawn Stefani,85.00,34,40
30,Hideki Matsuyama,84.85,28,33
30,Gary Woodland,84.85,28,33
32,Tim Wilkinson,84.62,22,26
33,Zach Johnson,84.38,27,32
33,Luke List,84.38,27,32
33,Trey Mullinax,84.38,27,32
36,Ken Duke,82.61,19,23
37,Miguel Tabuena,82.35,28,34
38,Justin Rose,82.14,23,28
39,Kyle Stanley,82.05,32,39
40,Seamus Power,81.82,18,22
41,Bill Haas,81.08,30,37
41,Ben Martin,81.08,30,37
43,Andres Gonzales,80.00,24,30
43,James Hahn,80.00,28,35
43,Vaughn Taylor,80.00,28,35
43,Michael Thompson,80.00,24,30
47,Kevin Kisner,79.41,27,34
48,Jim Herman,78.79,26,33
49,Brian Harman,78.13,25,32
50,Robert Streb,77.78,21,27
51,Bryson DeChambeau,77.42,24,31
51,Scott Piercy,77.42,24,31
53,Jason Bohn,76.92,30,39
53,Pat Perez,76.92,20,26
55,Webb Simpson,76.47,26,34
56,Fabián Gómez,76.32,29,38
57,Stewart Cink,76.00,19,25
58,Gonzalo Fernandez-Castaño,75.86,22,29
59,Hideto Tanihara,75.00,24,32
59,Y.E. Yang,75.00,24,32
61,David Lingmerth,74.07,20,27
62,Vijay Singh,73.91,17,23
63,Brian Stuard,72.97,27,37
64,Billy Horschel,72.41,21,29
65,Ryan Brehm,71.43,20,28
66,J.T. Poston,70.37,19,27
67,Scott Brown,70.27,26,37
68,Hudson Swafford,70.00,21,30
69,Daniel Berger,69.70,23,33
70,Zac Blair,69.23,27,39
70,Kevin Na,69.23,18,26
72,Peter Malnati,68.00,17,25
73,Jared Sawada,67.74,21,31
