rank,player,%,Greens Hit,Total Holes,Relative to par
1,Scott Brown,100.00,9,9,-0.56
1,Jon Curran,100.00,9,9,-0.67
1,Bryson DeChambeau,100.00,10,10,-0.70
1,Ken Duke,100.00,11,11,-0.55
1,Fabián Gómez,100.00,9,9,-0.89
1,Andres Gonzales,100.00,10,10,-0.70
1,James Hahn,100.00,11,11,-0.73
1,Jim Herman,100.00,11,11,-0.64
1,Charles Howell III,100.00,11,11,-0.91
1,John Huh,100.00,11,11,-0.73
1,Billy Hurley III,100.00,9,9,-0.67
1,Zach Johnson,100.00,9,9,-0.78
1,Michael Kim,100.00,8,8,-0.88
1,Kevin Kisner,100.00,12,12,-0.83
1,Satoshi Kodaira,100.00,9,9,-0.67
1,Marc Leishman,100.00,14,14,-0.71
1,William McGirt,100.00,10,10,-0.70
1,Trey Mullinax,100.00,12,12,-0.92
1,Sean O'Hair,100.00,11,11,-0.64
1,Rod Pampling,100.00,11,11,-0.73
1,Pat Perez,100.00,13,13,-0.62
1,J.T. Poston,100.00,11,11,-0.55
1,Chez Reavie,100.00,10,10,-0.60
1,Rory Sabbatini,100.00,11,11,-0.73
1,Jared Sawada,100.00,10,10,-0.80
1,Vijay Singh,100.00,10,10,-0.60
1,Cameron Smith,100.00,8,8,-0.75
1,Jordan Spieth,100.00,11,11,-0.91
1,Kyle Stanley,100.00,11,11,-0.82
1,Shawn Stefani,100.00,11,11,-0.45
1,Robert Streb,100.00,11,11,-0.64
1,Brian Stuard,100.00,10,10,-0.80
1,Daniel Summerhays,100.00,9,9,-0.78
1,Hudson Swafford,100.00,10,10,-0.80
1,Vaughn Taylor,100.00,8,8,-0.50
1,Justin Thomas,100.00,13,13,-1.08
1,Richy Werenski,100.00,12,12,-0.58
1,Tim Wilkinson,100.00,10,10,-1.00
1,Gary Woodland,100.00,11,11,-0.82
40,Tony Finau,92.86,13,14,-1.00
40,Justin Rose,92.86,13,14,-0.69
40,Ollie Schniederjans,92.86,13,14,-0.62
43,Stewart Cink,92.31,12,13,-0.58
43,Seamus Power,92.31,12,13,-0.67
45,Luke List,91.67,11,12,-0.82
45,Webb Simpson,91.67,11,12,-0.64
47,Jason Bohn,90.91,10,11,-1.10
47,Bill Haas,90.91,10,11,-0.70
47,Billy Horschel,90.91,10,11,-0.50
47,Mackenzie Hughes,90.91,10,11,-0.70
47,Peter Malnati,90.91,10,11,-0.70
47,Scott Piercy,90.91,10,11,-0.50
53,Branden Grace,90.00,9,10,-0.89
53,David Lingmerth,90.00,9,10,-1.00
53,Ben Martin,90.00,9,10,-0.56
53,Miguel Tabuena,90.00,9,10,-0.78
57,Brian Gay,88.89,8,9,-0.75
57,Kelly Kraft,88.89,8,9,-0.63
57,Kevin Na,88.89,8,9,-0.75
57,Michael Thompson,88.89,8,9,-1.13
61,Zac Blair,87.50,7,8,-0.43
61,Brian Harman,87.50,7,8,-0.71
61,Bryce Molder,87.50,7,8,-0.71
64,Jamie Lovemark,86.67,13,15,-0.85
65,Ryan Brehm,85.71,12,14,-0.50
66,Russell Henley,83.33,10,12,-0.70
67,Hideki Matsuyama,81.82,9,11,-0.89
68,Daniel Berger,80.00,8,10,-1.00
68,Henrik Norlander,80.00,8,10,-0.88
68,Hideto Tanihara,80.00,8,10,-0.88
68,Y.E. Yang,80.00,8,10,-0.88
72,Russell Knox,75.00,9,12,-0.78
73,Gonzalo Fernandez-Castaño,70.00,7,10,-0.71
