rank,player,%,Greens Hit,# Holes,Relative/Par
1,Tony Finau,100.0,1,1,E
1,Andres Gonzales,100.0,4,4,E
1,Bill Haas,100.0,6,6,-3.00
1,Billy Hurley III,100.0,2,2,-1.00
1,Kevin Kisner,100.0,1,1,E
1,David Lingmerth,100.0,2,2,E
1,Peter Malnati,100.0,3,3,E
1,Henrik Norlander,100.0,1,1,E
1,Chez Reavie,100.0,5,5,-2.00
1,Justin Rose,100.0,2,2,E
1,Webb Simpson,100.0,5,5,-2.00
1,Vijay Singh,100.0,2,2,E
1,Shawn Stefani,100.0,1,1,E
1,Hudson Swafford,100.0,3,3,E
1,Vaughn Taylor,100.0,3,3,E
1,Michael Thompson,100.0,3,3,-3.00
1,Y.E. Yang,100.0,3,3,-2.00
18,J.T. Poston,85.7,6,7,-2.00
19,Russell Henley,83.3,5,6,-1.00
20,Brian Harman,80.0,4,5,-1.00
20,Jordan Spieth,80.0,4,5,E
20,Robert Streb,80.0,4,5,-1.00
20,Justin Thomas,80.0,4,5,-2.00
24,Daniel Berger,75.0,3,4,-4.00
24,Stewart Cink,75.0,3,4,-1.00
24,Mackenzie Hughes,75.0,3,4,-2.00
24,Zach Johnson,75.0,3,4,-2.00
24,Russell Knox,75.0,3,4,-1.00
29,Ryan Brehm,66.7,2,3,-1.00
29,Fabián Gómez,66.7,2,3,-1.00
29,Jim Herman,66.7,4,6,-2.00
29,Billy Horschel,66.7,2,3,E
29,Tim Wilkinson,66.7,2,3,E
34,Jon Curran,60.0,3,5,-1.00
34,Branden Grace,60.0,3,5,-1.00
34,Kyle Stanley,60.0,3,5,E
34,Daniel Summerhays,60.0,3,5,-4.00
38,Zac Blair,50.0,1,2,E
38,Scott Brown,50.0,1,2,-1.00
38,Ken Duke,50.0,5,10,-1.00
38,Charles Howell III,50.0,2,4,-1.00
38,Marc Leishman,50.0,2,4,-1.00
38,Ben Martin,50.0,2,4,-1.00
38,William McGirt,50.0,2,4,-1.00
38,Sean O'Hair,50.0,2,4,-1.00
38,Pat Perez,50.0,1,2,E
38,Scott Piercy,50.0,1,2,E
38,Rory Sabbatini,50.0,3,6,E
38,Jared Sawada,50.0,3,6,E
38,Ollie Schniederjans,50.0,1,2,E
38,Cameron Smith,50.0,2,4,-1.00
38,Brian Stuard,50.0,1,2,-1.00
53,Bryce Molder,44.4,4,9,-3.00
54,James Hahn,40.0,2,5,-1.00
54,Michael Kim,40.0,2,5,E
54,Hideki Matsuyama,40.0,2,5,E
57,Jason Bohn,33.3,1,3,+1.00
57,John Huh,33.3,1,3,E
57,Kevin Na,33.3,1,3,E
57,Seamus Power,33.3,1,3,E
57,Hideto Tanihara,33.3,1,3,-1.00
62,Kelly Kraft,25.0,1,4,-1.00
62,Jamie Lovemark,25.0,1,4,E
62,Trey Mullinax,25.0,1,4,-1.00
62,Rod Pampling,25.0,1,4,E
66,Bryson DeChambeau,20.0,1,5,-1.00
67,Brian Gay,.0,0,1,E
67,Luke List,.0,0,2,E
