rank,player,%,Total Hit,Total Attempts,RTP Score
1,Chez Reavie,97.22,70,72,-23.00
2,Jordan Spieth,95.83,69,72,-29.00
3,Sean O'Hair,91.67,66,72,-21.00
3,Justin Rose,91.67,66,72,-25.00
3,Kyle Stanley,91.67,66,72,-17.00
3,Justin Thomas,91.67,66,72,-35.00
7,Russell Henley,90.28,65,72,-17.00
7,Jim Herman,90.28,65,72,-22.00
7,Shawn Stefani,90.28,65,72,-15.00
7,Gary Woodland,90.28,65,72,-25.00
11,Tony Finau,88.89,64,72,-20.00
11,Rory Sabbatini,88.89,64,72,-18.00
13,John Huh,87.50,63,72,-18.00
13,Kevin Kisner,87.50,63,72,-26.00
13,Kelly Kraft,87.50,63,72,-19.00
13,Ollie Schniederjans,87.50,63,72,-22.00
17,Branden Grace,86.11,62,72,-20.00
17,Zach Johnson,86.11,62,72,-25.00
17,Russell Knox,86.11,62,72,-20.00
17,Luke List,86.11,62,72,-26.00
17,Scott Piercy,86.11,62,72,-17.00
17,Hudson Swafford,86.11,62,72,-24.00
23,Daniel Berger,84.72,61,72,-21.00
23,Brian Gay,84.72,61,72,-18.00
23,Bill Haas,84.72,61,72,-21.00
23,Billy Hurley III,84.72,61,72,-19.00
23,Webb Simpson,84.72,61,72,-22.00
23,Cameron Smith,84.72,61,72,-21.00
23,Brian Stuard,84.72,61,72,-21.00
30,Stewart Cink,83.33,60,72,-18.00
30,Jamie Lovemark,83.33,60,72,-23.00
30,Hideki Matsuyama,83.33,60,72,-24.00
30,Henrik Norlander,83.33,60,72,-27.00
30,Daniel Summerhays,83.33,60,72,-17.00
30,Richy Werenski,83.33,60,72,-19.00
36,Zac Blair,81.94,59,72,-10.00
36,Charles Howell III,81.94,59,72,-24.00
36,Ben Martin,81.94,59,72,-18.00
36,William McGirt,81.94,59,72,-19.00
36,Rod Pampling,81.94,59,72,-16.00
36,Hideto Tanihara,81.94,59,72,-22.00
36,Tim Wilkinson,81.94,59,72,-21.00
43,Billy Horschel,80.56,58,72,-10.00
43,Michael Kim,80.56,58,72,-24.00
45,Mackenzie Hughes,79.17,57,72,-21.00
45,Satoshi Kodaira,79.17,57,72,-17.00
45,Marc Leishman,79.17,57,72,-19.00
45,Robert Streb,79.17,57,72,-19.00
45,Vaughn Taylor,79.17,57,72,-16.00
50,Ryan Brehm,77.78,56,72,-19.00
50,Trey Mullinax,77.78,56,72,-22.00
50,Seamus Power,77.78,56,72,-15.00
50,Jared Sawada,77.78,56,72,-18.00
50,Miguel Tabuena,77.78,56,72,-19.00
50,Michael Thompson,77.78,56,72,-24.00
50,Y.E. Yang,77.78,56,72,-20.00
57,Jon Curran,76.39,55,72,-15.00
57,David Lingmerth,76.39,55,72,-18.00
57,Kevin Na,76.39,55,72,-24.00
60,Scott Brown,75.00,54,72,-17.00
60,Gonzalo Fernandez-Castaño,75.00,54,72,-21.00
60,Vijay Singh,75.00,54,72,-14.00
63,Bryson DeChambeau,73.61,53,72,-21.00
63,James Hahn,73.61,53,72,-19.00
63,Brian Harman,73.61,53,72,-18.00
63,Pat Perez,73.61,53,72,-13.00
67,Peter Malnati,72.22,52,72,-20.00
68,Jason Bohn,70.83,51,72,-18.00
68,Fabián Gómez,70.83,51,72,-15.00
68,Bryce Molder,70.83,51,72,-22.00
68,J.T. Poston,70.83,51,72,-14.00
72,Ken Duke,69.44,50,72,-11.00
72,Andres Gonzales,69.44,50,72,-18.00
