rank,player,%,Greens Hit,Total Holes,Relative to par
1,Sean O'Hair,83.64,46,55,-0.26
2,Jordan Spieth,82.46,47,57,-0.26
3,Chez Reavie,81.97,50,61,-0.24
4,Russell Henley,81.36,48,59,-0.17
5,Tony Finau,78.95,45,57,-0.07
6,Gary Woodland,78.69,48,61,-0.23
7,Shawn Stefani,78.33,47,60,-0.15
8,Rory Sabbatini,77.97,46,59,-0.22
9,Justin Rose,77.19,44,57,-0.23
10,Kyle Stanley,76.67,46,60,-0.11
11,Brian Gay,76.27,45,59,-0.22
11,Branden Grace,76.27,45,59,-0.20
11,Jim Herman,76.27,45,59,-0.24
14,Russell Knox,75.86,44,58,-0.20
15,Miguel Tabuena,75.00,45,60,-0.22
16,Zach Johnson,74.58,44,59,-0.30
16,Cameron Smith,74.58,44,59,-0.18
18,Henrik Norlander,74.55,41,55,-0.39
19,Billy Hurley III,73.77,45,61,-0.20
20,Ollie Schniederjans,73.58,39,53,-0.13
21,Kelly Kraft,73.33,44,60,-0.23
21,Webb Simpson,73.33,44,60,-0.23
21,Richy Werenski,73.33,44,60,-0.23
24,William McGirt,72.13,44,61,-0.18
24,Rod Pampling,72.13,44,61,-0.11
24,Hudson Swafford,72.13,44,61,-0.20
27,Satoshi Kodaira,71.67,43,60,-0.23
28,Luke List,71.19,42,59,-0.29
29,Y.E. Yang,70.97,44,62,-0.25
30,Jamie Lovemark,70.91,39,55,-0.28
30,Justin Thomas,70.91,39,55,-0.33
32,John Huh,70.49,43,61,-0.14
33,Zac Blair,70.00,42,60,-0.14
33,Bill Haas,70.00,42,60,-0.24
33,Billy Horschel,70.00,42,60,-0.05
33,Michael Thompson,70.00,42,60,-0.29
33,Tim Wilkinson,70.00,42,60,-0.21
38,Daniel Berger,69.49,41,59,-0.17
38,Stewart Cink,69.49,41,59,-0.17
40,Jon Curran,68.85,42,61,-0.17
41,Mackenzie Hughes,67.80,40,59,-0.20
41,Hideki Matsuyama,67.80,40,59,-0.23
43,Michael Kim,66.67,42,63,-0.24
43,Scott Piercy,66.67,38,57,-0.18
43,Vaughn Taylor,66.67,40,60,-0.25
46,Kevin Kisner,66.10,39,59,-0.21
46,Robert Streb,66.10,39,59,-0.21
48,David Lingmerth,66.07,37,56,-0.22
49,Daniel Summerhays,65.00,39,60,-0.18
50,Kevin Na,64.41,38,59,-0.42
51,Ben Martin,63.93,39,61,-0.23
52,Gonzalo Fernandez-Castaño,63.33,38,60,-0.24
53,Ryan Brehm,63.16,36,57,-0.31
54,Scott Brown,62.71,37,59,-0.19
55,Marc Leishman,62.50,35,56,-0.17
56,Hideto Tanihara,62.30,38,61,-0.21
57,Charles Howell III,62.07,36,58,-0.19
58,Fabián Gómez,61.02,36,59,-0.14
59,Andres Gonzales,60.66,37,61,-0.24
60,Trey Mullinax,60.34,35,58,-0.17
60,Seamus Power,60.34,35,58,-0.14
62,Jason Bohn,60.00,36,60,-0.17
62,James Hahn,60.00,36,60,-0.28
64,Bryson DeChambeau,59.32,35,59,-0.29
65,Brian Stuard,59.02,36,61,-0.28
66,Pat Perez,58.62,34,58,-0.12
67,J.T. Poston,58.33,35,60,-0.23
68,Peter Malnati,57.38,35,61,-0.26
69,Brian Harman,56.67,34,60,-0.26
69,Vijay Singh,56.67,34,60,-0.21
71,Bryce Molder,53.33,32,60,-0.41
71,Jared Sawada,53.33,32,60,-0.16
73,Ken Duke,52.54,31,59,-0.13
