rank,player,%,Greens Hit,Total Holes,Relative to par
1,Jason Bohn,100.00,3,3,-0.67
1,Ryan Brehm,100.00,2,2,E
1,Stewart Cink,100.00,2,2,-0.50
1,Jon Curran,100.00,3,3,E
1,Brian Gay,100.00,3,3,-0.67
1,Fabián Gómez,100.00,4,4,-0.50
1,Branden Grace,100.00,2,2,-0.50
1,Bill Haas,100.00,2,2,-0.50
1,Brian Harman,100.00,5,5,-0.20
1,Russell Henley,100.00,5,5,-0.60
1,Jim Herman,100.00,2,2,-0.50
1,John Huh,100.00,3,3,-0.33
1,Billy Hurley III,100.00,2,2,-0.50
1,Michael Kim,100.00,6,6,-0.33
1,Satoshi Kodaira,100.00,4,4,-0.25
1,Kelly Kraft,100.00,3,3,-0.67
1,David Lingmerth,100.00,4,4,-0.25
1,Luke List,100.00,3,3,-0.33
1,Peter Malnati,100.00,4,4,-0.50
1,William McGirt,100.00,2,2,E
1,Henrik Norlander,100.00,3,3,-0.33
1,Sean O'Hair,100.00,6,6,-0.33
1,Pat Perez,100.00,1,1,E
1,Scott Piercy,100.00,1,1,E
1,Seamus Power,100.00,1,1,E
1,Chez Reavie,100.00,2,2,-1.00
1,Justin Rose,100.00,3,3,-0.33
1,Cameron Smith,100.00,4,4,-0.50
1,Jordan Spieth,100.00,5,5,-0.40
1,Shawn Stefani,100.00,1,1,-1.00
1,Brian Stuard,100.00,2,2,E
1,Michael Thompson,100.00,1,1,-1.00
1,Richy Werenski,100.00,5,5,-0.40
1,Gary Woodland,100.00,3,3,-0.33
1,Y.E. Yang,100.00,6,6,-0.50
36,Trey Mullinax,87.50,7,8,-0.29
37,Tony Finau,85.71,6,7,E
38,Charles Howell III,83.33,5,6,-0.40
38,Daniel Summerhays,83.33,5,6,-0.20
38,Justin Thomas,83.33,5,6,-0.60
41,Andres Gonzales,80.00,4,5,-0.75
41,Hideki Matsuyama,80.00,4,5,E
41,Rod Pampling,80.00,4,5,-0.75
41,Rory Sabbatini,80.00,4,5,-0.50
41,Jared Sawada,80.00,4,5,E
41,Miguel Tabuena,80.00,4,5,-0.75
47,Zac Blair,75.00,3,4,-0.33
47,Marc Leishman,75.00,3,4,-0.33
47,Jamie Lovemark,75.00,3,4,-0.33
47,Kevin Na,75.00,3,4,-0.33
47,J.T. Poston,75.00,3,4,-0.67
47,Kyle Stanley,75.00,3,4,-0.33
47,Hideto Tanihara,75.00,3,4,-0.33
54,Gonzalo Fernandez-Castaño,71.43,5,7,-0.60
54,James Hahn,71.43,5,7,-0.60
56,Daniel Berger,66.67,2,3,-0.50
56,Billy Horschel,66.67,2,3,-0.50
56,Mackenzie Hughes,66.67,2,3,-0.50
56,Russell Knox,66.67,2,3,E
56,Ollie Schniederjans,66.67,4,6,E
61,Kevin Kisner,60.00,3,5,-0.33
61,Vijay Singh,60.00,3,5,-0.33
63,Bryson DeChambeau,57.14,4,7,-0.75
64,Ben Martin,55.56,5,9,-0.40
65,Webb Simpson,50.00,1,2,E
65,Tim Wilkinson,50.00,1,2,E
67,Hudson Swafford,40.00,2,5,E
68,Scott Brown,33.33,2,6,E
69,Robert Streb,20.00,1,5,E
70,Ken Duke,.00,0,1,E
70,Zach Johnson,.00,0,1,E
70,Bryce Molder,.00,0,1,E
70,Vaughn Taylor,.00,0,3,E
