rank,player,%,Total Birdies,Total Holes,GIR Rank
1,Sungjae Im,47.22%,34,72,19
2,Sahith Theegala,43.06%,31,72,6
3,Chris Kirk,41.67%,30,72,19
3,Jordan Spieth,41.67%,30,72,19
5,Byeong Hun An,40.28%,29,72,34
6,Jason Day,38.89%,28,72,26
6,Adam Hadwin,38.89%,28,72,13
6,Brian Harman,38.89%,28,72,41
6,Scottie Scheffler,38.89%,28,72,1
10,Akshay Bhatia,37.50%,27,72,41
10,Max Homa,37.50%,27,72,13
10,J.T. Poston,37.50%,27,72,13
10,Sepp Straka,37.50%,27,72,6
14,Patrick Cantlay,36.11%,26,72,6
14,Eric Cole,36.11%,26,72,41
14,Nico Echavarria,36.11%,26,72,51
14,Matt Fitzpatrick,36.11%,26,72,34
14,Tyrrell Hatton,36.11%,26,72,26
14,Patrick Rodgers,36.11%,26,72,3
20,Harris English,34.72%,25,72,26
20,Tony Finau,34.72%,25,72,34
20,Rickie Fowler,34.72%,25,72,41
20,Mackenzie Hughes,34.72%,25,72,34
20,Taylor Moore,34.72%,25,72,26
20,Collin Morikawa,34.72%,25,72,13
20,Justin Rose,34.72%,25,72,41
20,Brendon Todd,34.72%,25,72,48
20,Cameron Young,34.72%,25,72,34
29,Ludvig Åberg,33.33%,24,72,48
29,Tom Hoge,33.33%,24,72,17
29,Viktor Hovland,33.33%,24,72,26
29,Luke List,33.33%,24,72,57
29,Davis Riley,33.33%,24,72,51
29,Xander Schauffele,33.33%,24,72,3
29,Adam Svensson,33.33%,24,72,19
29,Erik van Rooyen,33.33%,24,72,51
37,Cam Davis,31.94%,23,72,41
37,Lucas Glover,31.94%,23,72,6
37,Kurt Kitayama,31.94%,23,72,26
37,Andrew Putnam,31.94%,23,72,3
41,Keegan Bradley,30.56%,22,72,19
41,Wyndham Clark,30.56%,22,72,6
41,Corey Conners,30.56%,22,72,6
41,Emiliano Grillo,30.56%,22,72,41
41,Si Woo Kim,30.56%,22,72,34
41,Denny McCarthy,30.56%,22,72,26
41,Adam Schenk,30.56%,22,72,6
48,Sam Burns,29.17%,21,72,51
48,Tommy Fleetwood,29.17%,21,72,57
48,Matt Wallace,29.17%,21,72,19
51,Nick Hardy,27.78%,20,72,2
51,Russell Henley,27.78%,20,72,48
51,Seamus Power,27.78%,20,72,26
54,Nick Taylor,26.39%,19,72,19
55,Camilo Villegas,25.00%,18,72,59
56,Lee Hodges,23.61%,17,72,34
56,Tom Kim,23.61%,17,72,17
56,Hideki Matsuyama,23.61%,17,72,51
59,Vincent Norrman,20.83%,15,72,51
