rank,player,Avg,Total Strokes,Total Adjustment,Total Rounds
1,Chris Kirk,70.386,263,18.544,4
2,Sahith Theegala,70.636,264,18.544,4
3,Jordan Spieth,70.886,265,18.544,4
4,Byeong Hun An,71.136,266,18.544,4
5,Brian Harman,71.386,267,18.544,4
5,Sungjae Im,71.386,267,18.544,4
5,Collin Morikawa,71.386,267,18.544,4
5,J.T. Poston,71.386,267,18.544,4
5,Scottie Scheffler,71.386,267,18.544,4
10,Jason Day,71.636,268,18.544,4
10,Xander Schauffele,71.636,268,18.544,4
12,Patrick Cantlay,71.886,269,18.544,4
12,Sepp Straka,71.886,269,18.544,4
14,Akshay Bhatia,72.136,270,18.544,4
14,Eric Cole,72.136,270,18.544,4
14,Harris English,72.136,270,18.544,4
14,Matt Fitzpatrick,72.136,270,18.544,4
14,Adam Hadwin,72.136,270,18.544,4
14,Tyrrell Hatton,72.136,270,18.544,4
14,Max Homa,72.136,270,18.544,4
14,Patrick Rodgers,72.136,270,18.544,4
22,Viktor Hovland,72.386,271,18.544,4
22,Luke List,72.386,271,18.544,4
22,Erik van Rooyen,72.386,271,18.544,4
25,Nico Echavarria,72.636,272,18.544,4
25,Mackenzie Hughes,72.636,272,18.544,4
25,Si Woo Kim,72.636,272,18.544,4
25,Taylor Moore,72.636,272,18.544,4
29,Wyndham Clark,72.886,273,18.544,4
29,Lucas Glover,72.886,273,18.544,4
29,Kurt Kitayama,72.886,273,18.544,4
29,Adam Schenk,72.886,273,18.544,4
33,Sam Burns,73.136,274,18.544,4
33,Corey Conners,73.136,274,18.544,4
33,Adam Svensson,73.136,274,18.544,4
33,Brendon Todd,73.136,274,18.544,4
33,Cameron Young,73.136,274,18.544,4
38,Tony Finau,73.386,275,18.544,4
38,Tom Hoge,73.386,275,18.544,4
40,Andrew Putnam,73.636,276,18.544,4
40,Justin Rose,73.636,276,18.544,4
40,Matt Wallace,73.636,276,18.544,4
43,Emiliano Grillo,73.886,277,18.544,4
43,Denny McCarthy,73.886,277,18.544,4
45,Keegan Bradley,74.136,278,18.544,4
45,Tom Kim,74.136,278,18.544,4
47,Ludvig Åberg,74.386,279,18.544,4
47,Tommy Fleetwood,74.386,279,18.544,4
47,Nick Hardy,74.386,279,18.544,4
50,Seamus Power,74.636,280,18.544,4
50,Camilo Villegas,74.636,280,18.544,4
52,Cam Davis,74.886,281,18.544,4
52,Russell Henley,74.886,281,18.544,4
52,Davis Riley,74.886,281,18.544,4
52,Nick Taylor,74.886,281,18.544,4
56,Rickie Fowler,75.136,282,18.544,4
57,Lee Hodges,75.386,283,18.544,4
58,Hideki Matsuyama,75.636,284,18.544,4
59,Vincent Norrman,76.136,286,18.544,4
