rank,player,Avg,# of Birdies,Total Rounds
1,Sungjae Im,8.50,34,4
2,Sahith Theegala,7.75,31,4
3,Chris Kirk,7.50,30,4
3,Jordan Spieth,7.50,30,4
5,Adam Hadwin,7.00,28,4
6,Byeong Hun An,6.75,27,4
6,Akshay Bhatia,6.75,27,4
6,Jason Day,6.75,27,4
6,Max Homa,6.75,27,4
6,Scottie Scheffler,6.75,27,4
11,Eric Cole,6.50,26,4
11,J.T. Poston,6.50,26,4
11,Sepp Straka,6.50,26,4
14,Patrick Cantlay,6.25,25,4
14,Rickie Fowler,6.25,25,4
14,Brian Harman,6.25,25,4
14,Mackenzie Hughes,6.25,25,4
14,Patrick Rodgers,6.25,25,4
14,Justin Rose,6.25,25,4
20,Ludvig Åberg,6.00,24,4
20,Nico Echavarria,6.00,24,4
20,Matt Fitzpatrick,6.00,24,4
20,Tyrrell Hatton,6.00,24,4
20,Collin Morikawa,6.00,24,4
20,Davis Riley,6.00,24,4
20,Cameron Young,6.00,24,4
27,Cam Davis,5.75,23,4
27,Lucas Glover,5.75,23,4
27,Tom Hoge,5.75,23,4
27,Taylor Moore,5.75,23,4
27,Andrew Putnam,5.75,23,4
27,Xander Schauffele,5.75,23,4
27,Adam Svensson,5.75,23,4
27,Brendon Todd,5.75,23,4
27,Erik van Rooyen,5.75,23,4
36,Tony Finau,5.50,22,4
36,Emiliano Grillo,5.50,22,4
36,Viktor Hovland,5.50,22,4
36,Kurt Kitayama,5.50,22,4
36,Luke List,5.50,22,4
36,Denny McCarthy,5.50,22,4
42,Keegan Bradley,5.25,21,4
42,Wyndham Clark,5.25,21,4
42,Corey Conners,5.25,21,4
42,Harris English,5.25,21,4
42,Tommy Fleetwood,5.25,21,4
42,Si Woo Kim,5.25,21,4
42,Adam Schenk,5.25,21,4
49,Nick Hardy,5.00,20,4
49,Russell Henley,5.00,20,4
49,Matt Wallace,5.00,20,4
52,Sam Burns,4.75,19,4
53,Seamus Power,4.50,18,4
53,Nick Taylor,4.50,18,4
53,Camilo Villegas,4.50,18,4
56,Lee Hodges,4.25,17,4
57,Hideki Matsuyama,4.00,16,4
58,Vincent Norrman,3.75,15,4
59,Tom Kim,3.50,14,4
