rank,player,%,# of 1 putts,# of holes
1,Ian Poulter,50.00,9,18
2,Jason Dufner,44.44,8,18
3,Rickie Fowler,38.89,7,18
3,"Ted Potter, Jr.",38.89,7,18
5,Keegan Bradley,33.33,6,18
5,J.J. Henry,33.33,6,18
5,Dustin Johnson,33.33,6,18
5,Hunter Mahan,33.33,6,18
5,Carl Pettersson,33.33,6,18
5,Scott Piercy,33.33,6,18
5,Brandt Snedeker,33.33,6,18
5,Scott Stallings,33.33,6,18
5,Mark Wilson,33.33,6,18
14,Charlie Beljan,27.78,5,18
14,Jonas Blixt,27.78,5,18
14,Ben Curtis,27.78,5,18
14,Ryan Moore,27.78,5,18
14,Webb Simpson,27.78,5,18
14,Nick Watney,27.78,5,18
20,Tommy Gainey,22.22,4,18
20,Matt Kuchar,22.22,4,18
20,Kyle Stanley,22.22,4,18
20,Steve Stricker,22.22,4,18
20,Johnson Wagner,22.22,4,18
25,Zach Johnson,16.67,3,18
25,Marc Leishman,16.67,3,18
27,Bill Haas,11.11,2,18
27,George McNeill,11.11,2,18
27,Bubba Watson,11.11,2,18
30,John Huh,5.56,1,18
