rank,player,%,# of 1 putts,# of holes
1,Steve Stricker,44.44,8,18
2,Jonas Blixt,38.89,7,18
2,Matt Kuchar,38.89,7,18
4,Tommy Gainey,33.33,6,18
4,Hunter Mahan,33.33,6,18
4,"Ted Potter, Jr.",33.33,6,18
4,Brandt Snedeker,33.33,6,18
4,Johnson Wagner,33.33,6,18
4,Nick Watney,33.33,6,18
10,Keegan Bradley,27.78,5,18
10,Dustin Johnson,27.78,5,18
10,Zach Johnson,27.78,5,18
10,Marc Leishman,27.78,5,18
10,Scott Piercy,27.78,5,18
10,Scott Stallings,27.78,5,18
16,Rickie Fowler,22.22,4,18
16,Bill Haas,22.22,4,18
16,John Huh,22.22,4,18
16,George McNeill,22.22,4,18
16,Carl Pettersson,22.22,4,18
16,Ian Poulter,22.22,4,18
16,Webb Simpson,22.22,4,18
16,Bubba Watson,22.22,4,18
24,Charlie Beljan,16.67,3,18
24,Ben Curtis,16.67,3,18
24,J.J. Henry,16.67,3,18
27,Jason Dufner,11.11,2,18
27,Ryan Moore,11.11,2,18
27,Kyle Stanley,11.11,2,18
27,Mark Wilson,11.11,2,18
