rank,player,Total,Total (for all distances),Pct of all 1-putts
1,Ian Poulter,3,21,14.3
2,J.J. Henry,2,13,15.4
2,Marc Leishman,2,13,15.4
2,Hunter Mahan,2,15,13.3
2,Webb Simpson,2,13,15.4
6,Jonas Blixt,1,15,6.7
6,Keegan Bradley,1,13,7.7
6,Ben Curtis,1,13,7.7
6,Rickie Fowler,1,18,5.6
6,Tommy Gainey,1,14,7.1
6,Dustin Johnson,1,15,6.7
6,"Ted Potter, Jr.",1,17,5.9
6,Scott Stallings,1,13,7.7
6,Kyle Stanley,1,11,9.1
6,Steve Stricker,1,16,6.3
6,Johnson Wagner,1,13,7.7
6,Nick Watney,1,14,7.1
6,Bubba Watson,1,13,7.7
6,Mark Wilson,1,13,7.7
