rank,player,Total,Total (for all distances),Pct of all 1-putts
1,Rickie Fowler,7,18,38.9
1,Matt Kuchar,7,18,38.9
1,Marc Leishman,7,13,53.8
1,Ian Poulter,7,21,33.3
5,Jonas Blixt,6,15,40.0
5,Jason Dufner,6,16,37.5
5,Ryan Moore,6,11,54.5
5,Johnson Wagner,6,13,46.2
9,Tommy Gainey,5,14,35.7
9,Bill Haas,5,10,50.0
9,Scott Stallings,5,13,38.5
9,Nick Watney,5,14,35.7
9,Bubba Watson,5,13,38.5
9,Mark Wilson,5,13,38.5
15,Charlie Beljan,4,15,26.7
15,J.J. Henry,4,13,30.8
15,John Huh,4,8,50.0
15,Hunter Mahan,4,15,26.7
15,"Ted Potter, Jr.",4,17,23.5
15,Webb Simpson,4,13,30.8
15,Kyle Stanley,4,11,36.4
22,Ben Curtis,3,13,23.1
22,George McNeill,3,8,37.5
22,Scott Piercy,3,16,18.8
22,Brandt Snedeker,3,19,15.8
22,Steve Stricker,3,16,18.8
27,Carl Pettersson,2,12,16.7
28,Keegan Bradley,1,13,7.7
28,Dustin Johnson,1,15,6.7
28,Zach Johnson,1,12,8.3
