rank,player,%,# of 1 putts,# of holes
1,Ian Poulter,44.44,8,18
2,Charlie Beljan,38.89,7,18
2,Rickie Fowler,38.89,7,18
2,Matt Kuchar,38.89,7,18
2,Brandt Snedeker,38.89,7,18
2,Bubba Watson,38.89,7,18
7,Jason Dufner,33.33,6,18
8,Ben Curtis,27.78,5,18
8,Marc Leishman,27.78,5,18
8,Scott Piercy,27.78,5,18
8,Kyle Stanley,27.78,5,18
8,Mark Wilson,27.78,5,18
13,Tommy Gainey,22.22,4,18
13,Bill Haas,22.22,4,18
13,J.J. Henry,22.22,4,18
13,Dustin Johnson,22.22,4,18
13,Zach Johnson,22.22,4,18
13,Ryan Moore,22.22,4,18
13,"Ted Potter, Jr.",22.22,4,18
13,Webb Simpson,22.22,4,18
13,Steve Stricker,22.22,4,18
22,Jonas Blixt,16.67,3,18
22,John Huh,16.67,3,18
22,Hunter Mahan,16.67,3,18
22,Johnson Wagner,16.67,3,18
22,Nick Watney,16.67,3,18
27,Keegan Bradley,11.11,2,18
27,George McNeill,11.11,2,18
27,Carl Pettersson,11.11,2,18
27,Scott Stallings,11.11,2,18
