rank,player,Total,Total (for all distances),Pct of all 1-putts
1,Keegan Bradley,5,13,38.5
2,Charlie Beljan,3,15,20.0
2,Zach Johnson,3,12,25.0
2,Matt Kuchar,3,18,16.7
2,Scott Piercy,3,16,18.8
2,"Ted Potter, Jr.",3,17,17.6
2,Brandt Snedeker,3,19,15.8
2,Kyle Stanley,3,11,27.3
2,Mark Wilson,3,13,23.1
10,Jason Dufner,2,16,12.5
10,Rickie Fowler,2,18,11.1
10,Tommy Gainey,2,14,14.3
10,J.J. Henry,2,13,15.4
10,Dustin Johnson,2,15,13.3
10,Ian Poulter,2,21,9.5
10,Scott Stallings,2,13,15.4
10,Steve Stricker,2,16,12.5
10,Johnson Wagner,2,13,15.4
19,Ben Curtis,1,13,7.7
19,Marc Leishman,1,13,7.7
19,Hunter Mahan,1,15,6.7
19,George McNeill,1,8,12.5
19,Ryan Moore,1,11,9.1
19,Carl Pettersson,1,12,8.3
19,Webb Simpson,1,13,7.7
19,Nick Watney,1,14,7.1
