rank,player,Total,Total (for all distances),Pct of all 1-putts
1,Dustin Johnson,11,15,73.3
2,Scott Piercy,10,16,62.5
3,Brandt Snedeker,9,19,47.4
4,Charlie Beljan,8,15,53.3
4,Ben Curtis,8,13,61.5
4,Hunter Mahan,8,15,53.3
4,Carl Pettersson,8,12,66.7
4,"Ted Potter, Jr.",8,17,47.1
4,Ian Poulter,8,21,38.1
4,Steve Stricker,8,16,50.0
11,Jason Dufner,7,16,43.8
11,Rickie Fowler,7,18,38.9
11,Matt Kuchar,7,18,38.9
14,Jonas Blixt,6,15,40.0
14,Zach Johnson,6,12,50.0
14,Bubba Watson,6,13,46.2
17,Keegan Bradley,5,13,38.5
17,Tommy Gainey,5,14,35.7
17,Bill Haas,5,10,50.0
17,Webb Simpson,5,13,38.5
17,Scott Stallings,5,13,38.5
17,Nick Watney,5,14,35.7
23,J.J. Henry,4,13,30.8
23,George McNeill,4,8,50.0
23,Ryan Moore,4,11,36.4
26,John Huh,3,8,37.5
26,Marc Leishman,3,13,23.1
26,Kyle Stanley,3,11,27.3
26,Johnson Wagner,3,13,23.1
26,Mark Wilson,3,13,23.1
