rank,player,Distance,Year/Tourn#,Round,Hole
1,Nick Watney,"68' 1""",Hyundai T of C,1,18 - Par 5
2,"Ted Potter, Jr.","43' 8""",Hyundai T of C,1,17 - Par 4
3,Brandt Snedeker,"37' 3""",Hyundai T of C,3,4 - Par 4 -
4,Jonas Blixt,"36' 5""",Hyundai T of C,1,8 - Par 3 -
5,Tommy Gainey,"34' 7""",Hyundai T of C,1,12 - Par 4
6,Zach Johnson,"33' 7""",Hyundai T of C,2,7 - Par 4 -
7,Johnson Wagner,"33' 0""",Hyundai T of C,2,2 - Par 3 -
8,Mark Wilson,"29' 8""",Hyundai T of C,1,10 - Par 4
9,Bubba Watson,"28' 4""",Hyundai T of C,3,5 - Par 5 -
10,Ian Poulter,"26' 11""",Hyundai T of C,3,16 - Par 4
11,Jason Dufner,"25' 9""",Hyundai T of C,3,6 - Par 4 -
12,J.J. Henry,"25' 1""",Hyundai T of C,3,3 - Par 4 -
13,Carl Pettersson,"24' 10""",Hyundai T of C,1,1 - Par 4 -
14,John Huh,"24' 4""",Hyundai T of C,2,3 - Par 4 -
15,Steve Stricker,"24' 0""",Hyundai T of C,3,2 - Par 3 -
16,Rickie Fowler,"22' 9""",Hyundai T of C,1,16 - Par 4
17,Keegan Bradley,"22' 5""",Hyundai T of C,1,6 - Par 4 -
18,Matt Kuchar,"20' 8""",Hyundai T of C,2,17 - Par 4
19,Webb Simpson,"20' 8""",Hyundai T of C,1,10 - Par 4
20,Dustin Johnson,"19' 0""",Hyundai T of C,1,4 - Par 4 -
21,Marc Leishman,"17' 0""",Hyundai T of C,2,6 - Par 4 -
22,Hunter Mahan,"15' 10""",Hyundai T of C,2,3 - Par 4 -
23,Scott Stallings,"15' 9""",Hyundai T of C,2,5 - Par 5 -
24,Ben Curtis,"15' 1""",Hyundai T of C,3,14 - Par 4
25,Kyle Stanley,"15' 1""",Hyundai T of C,1,5 - Par 5 -
26,Charlie Beljan,"14' 5""",Hyundai T of C,3,4 - Par 4 -
27,George McNeill,"13' 6""",Hyundai T of C,1,17 - Par 4
28,Scott Piercy,"13' 3""",Hyundai T of C,3,3 - Par 4 -
29,Ryan Moore,"11' 0""",Hyundai T of C,1,17 - Par 4
30,Bill Haas,"8' 3""",Hyundai T of C,3,17 - Par 4
