rank,player,Avg,Total 1 Putts,Total Rounds
1,Ian Poulter,7.00,21,3
2,Brandt Snedeker,6.33,19,3
3,Rickie Fowler,6.00,18,3
3,Matt Kuchar,6.00,18,3
5,"Ted Potter, Jr.",5.67,17,3
6,Jason Dufner,5.33,16,3
6,Scott Piercy,5.33,16,3
6,Steve Stricker,5.33,16,3
9,Charlie Beljan,5.00,15,3
9,Jonas Blixt,5.00,15,3
9,Dustin Johnson,5.00,15,3
9,Hunter Mahan,5.00,15,3
13,Tommy Gainey,4.67,14,3
13,Nick Watney,4.67,14,3
15,Keegan Bradley,4.33,13,3
15,Ben Curtis,4.33,13,3
15,J.J. Henry,4.33,13,3
15,Marc Leishman,4.33,13,3
15,Webb Simpson,4.33,13,3
15,Scott Stallings,4.33,13,3
15,Johnson Wagner,4.33,13,3
15,Bubba Watson,4.33,13,3
15,Mark Wilson,4.33,13,3
24,Zach Johnson,4.00,12,3
24,Carl Pettersson,4.00,12,3
26,Ryan Moore,3.67,11,3
26,Kyle Stanley,3.67,11,3
28,Bill Haas,3.33,10,3
29,John Huh,2.67,8,3
29,George McNeill,2.67,8,3
