rank,player,%,Total Drives for <= 240,Total Drvs - overall,Relative to par
1,Scott Brown,12.50,1,8,+1.00
1,Ken Duke,12.50,1,8,E
1,Harris English,12.50,1,8,+1.00
1,Brian Gay,12.50,1,8,+1.00
1,Russell Henley,12.50,1,8,E
1,Zach Johnson,12.50,1,8,E
1,John Merrick,12.50,1,8,-1.00
1,Ryan Moore,12.50,1,8,E
9,Woody Austin,.00,0,8,E
9,Sangmoon Bae,.00,0,8,E
9,Jonas Blixt,.00,0,8,E
9,Jason Dufner,.00,0,8,E
9,Derek Ernst,.00,0,8,E
9,Bill Haas,.00,0,8,E
9,Billy Horschel,.00,0,8,E
9,Dustin Johnson,.00,0,8,E
9,Chris Kirk,.00,0,8,E
9,Matt Kuchar,.00,0,8,E
9,Martin Laird,.00,0,8,E
9,D.A. Points,.00,0,8,E
9,Patrick Reed,.00,0,8,E
9,Adam Scott,.00,0,8,E
9,Webb Simpson,.00,0,8,E
9,Brandt Snedeker,.00,0,8,E
9,Jordan Spieth,.00,0,8,E
9,Kevin Streelman,.00,0,8,E
9,Michael Thompson,.00,0,8,E
9,Jimmy Walker,.00,0,8,E
9,Boo Weekley,.00,0,8,E
9,Gary Woodland,.00,0,8,E
