rank,player,%,Total Drives for 300-320,Total Drives - Overall,Relative to Par
1,Dustin Johnson,25.00,15,60,-0.200
2,Jason Dufner,15.00,9,60,-0.111
2,Ken Duke,15.00,9,60,+0.111
2,Harris English,15.00,9,60,-0.333
2,Adam Scott,15.00,9,60,E
2,Jimmy Walker,15.00,9,60,+0.333
7,Chris Kirk,13.33,8,60,-0.125
7,Matt Kuchar,13.33,8,60,-0.250
7,Martin Laird,13.33,8,60,+0.125
7,Patrick Reed,13.33,8,60,E
7,Boo Weekley,13.33,8,60,E
7,Gary Woodland,13.33,8,60,-0.125
13,Zach Johnson,11.67,7,60,-0.571
13,John Merrick,11.67,7,60,E
15,Bill Haas,10.00,6,60,-0.167
15,Billy Horschel,10.00,6,60,+0.500
15,D.A. Points,10.00,6,60,E
15,Webb Simpson,10.00,6,60,+0.167
15,Michael Thompson,10.00,6,60,+0.333
20,Woody Austin,8.33,5,60,-0.200
20,Sangmoon Bae,8.33,5,60,+0.200
20,Jonas Blixt,8.33,5,60,-0.400
20,Derek Ernst,8.33,5,60,E
20,Brian Gay,8.33,5,60,+0.400
20,Jordan Spieth,8.33,5,60,-0.200
26,Scott Brown,6.67,4,60,E
26,Russell Henley,6.67,4,60,E
26,Brandt Snedeker,6.67,4,60,E
26,Kevin Streelman,6.67,4,60,-0.500
30,Ryan Moore,5.00,3,60,-0.333
