rank,player,%,Total Drives for 300+,Total Drives - Overall,Relative to Par
1,Dustin Johnson,55.00,33,60,-0.182
2,Harris English,41.67,25,60,-0.320
3,Adam Scott,40.00,24,60,-0.042
4,Patrick Reed,36.67,22,60,-0.136
4,Jimmy Walker,36.67,22,60,+0.091
6,Gary Woodland,35.00,21,60,-0.286
7,Jordan Spieth,33.33,20,60,-0.150
7,Boo Weekley,33.33,20,60,E
9,Martin Laird,31.67,19,60,+0.053
10,Chris Kirk,28.33,17,60,-0.118
10,Webb Simpson,28.33,17,60,-0.059
12,Sangmoon Bae,25.00,15,60,E
12,Bill Haas,25.00,15,60,E
12,Billy Horschel,25.00,15,60,E
12,John Merrick,25.00,15,60,+0.133
12,Ryan Moore,25.00,15,60,-0.067
17,Derek Ernst,23.33,14,60,-0.071
18,Russell Henley,21.67,13,60,E
18,Matt Kuchar,21.67,13,60,-0.385
18,Brandt Snedeker,21.67,13,60,-0.154
18,Kevin Streelman,21.67,13,60,-0.231
22,Jason Dufner,20.00,12,60,-0.167
22,Zach Johnson,20.00,12,60,-0.500
22,D.A. Points,20.00,12,60,+0.083
22,Michael Thompson,20.00,12,60,E
26,Woody Austin,18.33,11,60,-0.182
27,Scott Brown,16.67,10,60,+0.100
27,Ken Duke,16.67,10,60,+0.100
29,Jonas Blixt,15.00,9,60,E
30,Brian Gay,8.33,5,60,+0.400
