rank,player,%,Total Drives for 300-320,Total Drvs - overall,Relative to par
1,Harris English,25.00,2,8,+2.00
1,Dustin Johnson,25.00,2,8,+2.00
1,Martin Laird,25.00,2,8,+3.50
1,Gary Woodland,25.00,2,8,+3.50
5,Derek Ernst,12.50,1,8,E
5,Chris Kirk,12.50,1,8,E
5,D.A. Points,12.50,1,8,+1.00
5,Adam Scott,12.50,1,8,+3.00
9,Woody Austin,.00,0,8,E
9,Sangmoon Bae,.00,0,8,E
9,Jonas Blixt,.00,0,8,E
9,Scott Brown,.00,0,8,E
9,Jason Dufner,.00,0,8,E
9,Ken Duke,.00,0,8,E
9,Brian Gay,.00,0,8,E
9,Bill Haas,.00,0,8,E
9,Russell Henley,.00,0,8,E
9,Billy Horschel,.00,0,8,E
9,Zach Johnson,.00,0,8,E
9,Matt Kuchar,.00,0,8,E
9,John Merrick,.00,0,8,E
9,Ryan Moore,.00,0,8,E
9,Patrick Reed,.00,0,8,E
9,Webb Simpson,.00,0,8,E
9,Brandt Snedeker,.00,0,8,E
9,Jordan Spieth,.00,0,8,E
9,Kevin Streelman,.00,0,8,E
9,Michael Thompson,.00,0,8,E
9,Jimmy Walker,.00,0,8,E
9,Boo Weekley,.00,0,8,E
