rank,player,%,Total Drives for 240-260,Total Drives - Overall,Relative to Par
1,Brian Gay,25.00,15,60,-0.400
2,Jason Dufner,23.33,14,60,-0.286
2,Ken Duke,23.33,14,60,-0.214
4,D.A. Points,21.67,13,60,E
4,Boo Weekley,21.67,13,60,-0.154
6,Scott Brown,20.00,12,60,-0.250
6,Zach Johnson,20.00,12,60,-0.167
6,Chris Kirk,20.00,12,60,+0.083
9,Woody Austin,18.33,11,60,-0.182
9,Sangmoon Bae,18.33,11,60,-0.273
9,Billy Horschel,18.33,11,60,-0.545
9,Brandt Snedeker,18.33,11,60,-0.273
13,Russell Henley,16.67,10,60,-0.200
13,Matt Kuchar,16.67,10,60,-0.400
13,Jordan Spieth,16.67,10,60,-0.100
16,Harris English,15.00,9,60,-0.111
16,Ryan Moore,15.00,9,60,E
18,Jonas Blixt,13.33,8,60,+0.250
18,Bill Haas,13.33,8,60,E
18,Dustin Johnson,13.33,8,60,E
18,Webb Simpson,13.33,8,60,E
18,Kevin Streelman,13.33,8,60,E
18,Michael Thompson,13.33,8,60,+0.250
24,Gary Woodland,11.67,7,60,-0.429
25,Derek Ernst,10.00,6,60,+0.167
25,Jimmy Walker,10.00,6,60,+0.167
27,Martin Laird,8.33,5,60,+0.400
27,John Merrick,8.33,5,60,+0.400
27,Patrick Reed,8.33,5,60,E
30,Adam Scott,6.67,4,60,-0.250
