rank,player,%,Total Drives for 280-300,Total Drvs - overall,Relative to par
1,Russell Henley,62.50,5,8,+0.80
2,Sangmoon Bae,50.00,4,8,-0.25
2,Jason Dufner,50.00,4,8,-0.25
2,Bill Haas,50.00,4,8,-0.25
2,Matt Kuchar,50.00,4,8,-0.25
2,John Merrick,50.00,4,8,-0.50
2,Jordan Spieth,50.00,4,8,-0.75
2,Michael Thompson,50.00,4,8,-0.75
2,Boo Weekley,50.00,4,8,-0.75
10,Jonas Blixt,37.50,3,8,-0.67
10,Martin Laird,37.50,3,8,-0.33
10,Ryan Moore,37.50,3,8,-1.00
10,Patrick Reed,37.50,3,8,E
10,Adam Scott,37.50,3,8,-0.67
15,Woody Austin,25.00,2,8,E
15,Billy Horschel,25.00,2,8,+0.50
15,Dustin Johnson,25.00,2,8,E
15,Zach Johnson,25.00,2,8,E
15,Chris Kirk,25.00,2,8,-0.50
15,Webb Simpson,25.00,2,8,-1.00
15,Brandt Snedeker,25.00,2,8,-0.50
15,Jimmy Walker,25.00,2,8,-1.00
15,Gary Woodland,25.00,2,8,-0.50
24,Scott Brown,12.50,1,8,+1.00
24,Derek Ernst,12.50,1,8,+1.00
24,Brian Gay,12.50,1,8,E
24,D.A. Points,12.50,1,8,-1.00
24,Kevin Streelman,12.50,1,8,+1.00
29,Ken Duke,.00,0,8,E
29,Harris English,.00,0,8,E
