rank,player,%,Total Drives for 260-280,Total Drives - Overall,Relative to Par
1,Matt Kuchar,41.67,25,60,-0.280
2,Ken Duke,35.00,21,60,-0.333
3,Scott Brown,33.33,20,60,-0.350
3,Zach Johnson,33.33,20,60,-0.500
5,Woody Austin,31.67,19,60,-0.421
6,Brian Gay,30.00,18,60,+0.056
7,Billy Horschel,28.33,17,60,-0.588
8,Patrick Reed,26.67,16,60,-0.125
8,Brandt Snedeker,26.67,16,60,-0.438
10,Sangmoon Bae,25.00,15,60,-0.133
10,John Merrick,25.00,15,60,-0.267
10,D.A. Points,25.00,15,60,-0.267
10,Webb Simpson,25.00,15,60,-0.400
10,Jimmy Walker,25.00,15,60,-0.533
15,Jonas Blixt,23.33,14,60,-0.357
15,Jason Dufner,23.33,14,60,-0.857
15,Derek Ernst,23.33,14,60,-0.214
18,Chris Kirk,21.67,13,60,-0.538
18,Martin Laird,21.67,13,60,-0.308
18,Adam Scott,21.67,13,60,-0.231
18,Kevin Streelman,21.67,13,60,-0.538
22,Ryan Moore,20.00,12,60,-0.583
22,Michael Thompson,20.00,12,60,-0.500
22,Boo Weekley,20.00,12,60,-0.167
25,Russell Henley,18.33,11,60,-0.455
25,Jordan Spieth,18.33,11,60,-0.091
25,Gary Woodland,18.33,11,60,E
28,Harris English,16.67,10,60,-0.400
28,Dustin Johnson,16.67,10,60,-0.200
30,Bill Haas,15.00,9,60,-0.222
