rank,player,%,Total Drives for 280-300,Total Drives - Overall,Relative to Par
1,Martin Laird,35.00,21,60,-0.524
2,Jonas Blixt,33.33,20,60,-0.050
2,Russell Henley,33.33,20,60,E
4,Bill Haas,30.00,18,60,-0.278
4,Michael Thompson,30.00,18,60,-0.278
6,Kevin Streelman,28.33,17,60,-0.176
7,Sangmoon Bae,26.67,16,60,-0.250
7,Scott Brown,26.67,16,60,+0.125
7,Jason Dufner,26.67,16,60,+0.125
7,John Merrick,26.67,16,60,-0.125
7,Jordan Spieth,26.67,16,60,-0.625
12,Derek Ernst,23.33,14,60,+0.357
12,Webb Simpson,23.33,14,60,-0.643
12,Gary Woodland,23.33,14,60,-0.429
15,Adam Scott,21.67,13,60,-0.615
15,Boo Weekley,21.67,13,60,-0.308
17,Ryan Moore,20.00,12,60,-0.250
17,Patrick Reed,20.00,12,60,-0.417
19,Woody Austin,18.33,11,60,-0.091
19,Brian Gay,18.33,11,60,-0.182
19,Matt Kuchar,18.33,11,60,-0.182
19,D.A. Points,18.33,11,60,+0.273
19,Jimmy Walker,18.33,11,60,-0.455
24,Chris Kirk,16.67,10,60,-0.500
24,Brandt Snedeker,16.67,10,60,E
26,Harris English,15.00,9,60,-0.333
26,Billy Horschel,15.00,9,60,+0.222
26,Zach Johnson,15.00,9,60,+0.111
29,Dustin Johnson,11.67,7,60,-0.857
30,Ken Duke,6.67,4,60,E
