rank,player,All Drives,Total Distance,# of Drives
1,Dustin Johnson,303.4,"18,205",60
2,Martin Laird,294.4,"17,663",60
3,Jordan Spieth,293.2,"17,593",60
4,Adam Scott,293.1,"17,584",60
5,Patrick Reed,291.9,"17,515",60
6,Gary Woodland,289.9,"17,397",60
7,Harris English,289.8,"17,387",60
8,Jimmy Walker,289.5,"17,368",60
9,Boo Weekley,287.6,"17,257",60
10,Webb Simpson,285.9,"17,154",60
11,Sangmoon Bae,284.9,"17,095",60
12,Bill Haas,282.8,"16,970",60
13,John Merrick,281.1,"16,868",60
14,Chris Kirk,280.8,"16,847",60
15,Scott Brown,280.7,"16,841",60
16,Matt Kuchar,280.6,"16,833",60
17,Russell Henley,280.5,"16,830",60
18,Billy Horschel,279.3,"16,758",60
19,Kevin Streelman,277.5,"16,652",60
20,Jason Dufner,277.0,"16,620",60
21,Jonas Blixt,276.9,"16,612",60
22,Michael Thompson,276.6,"16,593",60
23,Brandt Snedeker,276.0,"16,561",60
24,Derek Ernst,275.9,"16,553",60
25,Ryan Moore,275.6,"16,539",60
26,Zach Johnson,274.3,"16,460",60
27,D.A. Points,274.0,"16,439",60
28,Woody Austin,273.6,"16,416",60
29,Brian Gay,264.9,"15,896",60
30,Ken Duke,264.8,"15,887",60
