rank,player,Distance,Tournament,Round,Hole,Course
1,Webb Simpson,397,Hyundai T of C,4,7,656
2,Jordan Spieth,396,Hyundai T of C,4,7,656
3,Scott Brown,390,Hyundai T of C,4,7,656
4,Derek Ernst,388,Hyundai T of C,4,17,656
5,Jimmy Walker,387,Hyundai T of C,4,17,656
6,Martin Laird,385,Hyundai T of C,4,12,656
8,Gary Woodland,381,Hyundai T of C,2,7,656
9,Dustin Johnson,380,Hyundai T of C,3,12,656
13,Patrick Reed,375,Hyundai T of C,4,17,656
15,D.A. Points,374,Hyundai T of C,4,7,656
17,Sangmoon Bae,373,Hyundai T of C,4,12,656
17,Michael Thompson,373,Hyundai T of C,4,12,656
20,Harris English,372,Hyundai T of C,4,12,656
23,Bill Haas,370,Hyundai T of C,4,12,656
24,Chris Kirk,369,Hyundai T of C,4,12,656
28,John Merrick,364,Hyundai T of C,4,7,656
33,Brandt Snedeker,361,Hyundai T of C,4,12,656
34,Jonas Blixt,360,Hyundai T of C,2,1,656
34,Adam Scott,360,Hyundai T of C,3,6,656
47,Kevin Streelman,358,Hyundai T of C,2,1,656
47,Boo Weekley,358,Hyundai T of C,4,7,656
55,Billy Horschel,356,Hyundai T of C,4,1,656
59,Ryan Moore,355,Hyundai T of C,4,1,656
65,Woody Austin,354,Hyundai T of C,3,1,656
65,Russell Henley,354,Hyundai T of C,4,1,656
71,Matt Kuchar,353,Hyundai T of C,4,7,656
137,Jason Dufner,339,Hyundai T of C,3,7,656
155,Zach Johnson,334,Hyundai T of C,4,12,656
266,Ken Duke,320,Hyundai T of C,2,7,656
266,Brian Gay,320,Hyundai T of C,4,7,656
