rank,player,%,Total Drives for <= 240,Total Drives - Overall,Relative to Par
1,Derek Ernst,20.00,12,60,+0.083
1,Ryan Moore,20.00,12,60,+0.083
3,Ken Duke,18.33,11,60,-0.273
3,Brian Gay,18.33,11,60,-0.091
5,Bill Haas,16.67,10,60,-0.100
5,Brandt Snedeker,16.67,10,60,+0.100
5,Michael Thompson,16.67,10,60,-0.100
8,Jonas Blixt,15.00,9,60,-0.111
8,John Merrick,15.00,9,60,-0.222
8,D.A. Points,15.00,9,60,-0.111
8,Kevin Streelman,15.00,9,60,-0.222
12,Woody Austin,13.33,8,60,-0.125
12,Billy Horschel,13.33,8,60,E
12,Chris Kirk,13.33,8,60,+0.125
15,Harris English,11.67,7,60,+0.286
15,Zach Johnson,11.67,7,60,E
15,Gary Woodland,11.67,7,60,+0.286
18,Russell Henley,10.00,6,60,E
18,Adam Scott,10.00,6,60,-0.167
18,Webb Simpson,10.00,6,60,-0.333
18,Jimmy Walker,10.00,6,60,+0.333
22,Patrick Reed,8.33,5,60,E
23,Jason Dufner,6.67,4,60,E
24,Sangmoon Bae,5.00,3,60,-0.333
24,Jordan Spieth,5.00,3,60,-0.333
26,Scott Brown,3.33,2,60,+0.500
26,Dustin Johnson,3.33,2,60,E
26,Martin Laird,3.33,2,60,E
26,Boo Weekley,3.33,2,60,+0.500
30,Matt Kuchar,1.67,1,60,E
