rank,player,%,Total Drives for 320+,Total Drives - Overall,Relative to Par
1,Dustin Johnson,30.00,18,60,-0.167
2,Harris English,26.67,16,60,-0.313
3,Adam Scott,25.00,15,60,-0.067
3,Jordan Spieth,25.00,15,60,-0.133
5,Patrick Reed,23.33,14,60,-0.214
6,Jimmy Walker,21.67,13,60,-0.077
6,Gary Woodland,21.67,13,60,-0.385
8,Ryan Moore,20.00,12,60,E
8,Boo Weekley,20.00,12,60,E
10,Martin Laird,18.33,11,60,E
10,Webb Simpson,18.33,11,60,-0.182
12,Sangmoon Bae,16.67,10,60,-0.100
13,Derek Ernst,15.00,9,60,-0.111
13,Bill Haas,15.00,9,60,+0.111
13,Russell Henley,15.00,9,60,E
13,Billy Horschel,15.00,9,60,-0.333
13,Chris Kirk,15.00,9,60,-0.111
13,Brandt Snedeker,15.00,9,60,-0.222
13,Kevin Streelman,15.00,9,60,-0.111
20,John Merrick,13.33,8,60,+0.250
21,Woody Austin,10.00,6,60,-0.167
21,Scott Brown,10.00,6,60,+0.167
21,D.A. Points,10.00,6,60,+0.167
21,Michael Thompson,10.00,6,60,-0.333
25,Zach Johnson,8.33,5,60,-0.400
25,Matt Kuchar,8.33,5,60,-0.600
27,Jonas Blixt,6.67,4,60,+0.500
28,Jason Dufner,5.00,3,60,-0.333
29,Ken Duke,1.67,1,60,E
30,Brian Gay,.00,0,60,E
