rank,player,%,Total Drives for 320+,Total Drvs - overall,Relative to par
1,Harris English,25.00,2,8,-0.50
1,Dustin Johnson,25.00,2,8,-0.50
3,Jimmy Walker,12.50,1,8,-2.00
4,Woody Austin,.00,0,8,E
4,Sangmoon Bae,.00,0,8,E
4,Jonas Blixt,.00,0,8,E
4,Scott Brown,.00,0,8,E
4,Jason Dufner,.00,0,8,E
4,Ken Duke,.00,0,8,E
4,Derek Ernst,.00,0,8,E
4,Brian Gay,.00,0,8,E
4,Bill Haas,.00,0,8,E
4,Russell Henley,.00,0,8,E
4,Billy Horschel,.00,0,8,E
4,Zach Johnson,.00,0,8,E
4,Chris Kirk,.00,0,8,E
4,Matt Kuchar,.00,0,8,E
4,Martin Laird,.00,0,8,E
4,John Merrick,.00,0,8,E
4,Ryan Moore,.00,0,8,E
4,D.A. Points,.00,0,8,E
4,Patrick Reed,.00,0,8,E
4,Adam Scott,.00,0,8,E
4,Webb Simpson,.00,0,8,E
4,Brandt Snedeker,.00,0,8,E
4,Jordan Spieth,.00,0,8,E
4,Kevin Streelman,.00,0,8,E
4,Michael Thompson,.00,0,8,E
4,Boo Weekley,.00,0,8,E
4,Gary Woodland,.00,0,8,E
