rank,player,Avg,Total Distance,Total Drives
1,Dustin Johnson,297.0,"2,376",8
2,Harris English,288.6,"2,309",8
3,Adam Scott,287.8,"2,302",8
4,Martin Laird,285.9,"2,287",8
5,Gary Woodland,285.1,"2,281",8
6,Jimmy Walker,283.4,"2,267",8
7,Michael Thompson,275.9,"2,207",8
8,Jordan Spieth,275.1,"2,201",8
9,Bill Haas,274.9,"2,199",8
10,Patrick Reed,274.6,"2,197",8
11,Sangmoon Bae,274.1,"2,193",8
12,Boo Weekley,273.9,"2,191",8
13,Russell Henley,273.0,"2,184",8
14,Matt Kuchar,272.3,"2,178",8
15,Jonas Blixt,272.1,"2,177",8
16,Derek Ernst,271.9,"2,175",8
17,John Merrick,271.6,"2,173",8
18,Webb Simpson,269.4,"2,155",8
19,Billy Horschel,268.8,"2,150",8
20,Jason Dufner,268.5,"2,148",8
21,D.A. Points,268.3,"2,146",8
22,Chris Kirk,267.4,"2,139",8
23,Zach Johnson,267.0,"2,136",8
24,Kevin Streelman,265.4,"2,123",8
25,Brandt Snedeker,265.1,"2,121",8
26,Scott Brown,264.3,"2,114",8
26,Ryan Moore,264.3,"2,114",8
28,Woody Austin,262.1,"2,097",8
29,Brian Gay,260.0,"2,080",8
30,Ken Duke,258.6,"2,069",8
