rank,player,%,Total Drives for 240-260,Total Drvs - overall,Relative to par
1,Woody Austin,50.00,4,8,E
1,Jason Dufner,50.00,4,8,-0.25
1,Chris Kirk,50.00,4,8,-0.25
4,Derek Ernst,37.50,3,8,+0.67
4,Brian Gay,37.50,3,8,-0.67
4,Bill Haas,37.50,3,8,+0.33
4,Billy Horschel,37.50,3,8,-1.00
4,Matt Kuchar,37.50,3,8,-0.33
4,Ryan Moore,37.50,3,8,-0.33
4,D.A. Points,37.50,3,8,-0.33
4,Brandt Snedeker,37.50,3,8,-0.33
12,Sangmoon Bae,25.00,2,8,E
12,Jonas Blixt,25.00,2,8,E
12,Scott Brown,25.00,2,8,-0.50
12,Ken Duke,25.00,2,8,-0.50
12,Dustin Johnson,25.00,2,8,-0.50
12,Zach Johnson,25.00,2,8,E
12,John Merrick,25.00,2,8,E
12,Webb Simpson,25.00,2,8,+0.50
12,Jordan Spieth,25.00,2,8,E
12,Kevin Streelman,25.00,2,8,E
12,Michael Thompson,25.00,2,8,E
12,Boo Weekley,25.00,2,8,E
24,Harris English,12.50,1,8,E
24,Russell Henley,12.50,1,8,+1.00
26,Martin Laird,.00,0,8,E
26,Patrick Reed,.00,0,8,E
26,Adam Scott,.00,0,8,E
26,Jimmy Walker,.00,0,8,E
26,Gary Woodland,.00,0,8,E
