rank,player,%,Successes,Attempts
1,Retief Goosen,100.00,1,1
1,John Huston,100.00,6,6
1,Vijay Singh,100.00,6,6
4,Peter Jacobsen,85.71,6,7
5,J.L. Lewis,83.33,5,6
6,Scott Hoch,80.00,4,5
6,Justin Leonard,80.00,4,5
6,Kirk Triplett,80.00,4,5
9,Adam Scott,75.00,3,4
10,Rory Sabbatini,71.43,5,7
11,Tommy Armour III,66.67,6,9
11,Davis Love III,66.67,6,9
11,Shigeki Maruyama,66.67,6,9
11,Shaun Micheel,66.67,2,3
11,Bob Tway,66.67,2,3
16,Darren Clarke,60.00,3,5
16,Ben Crane,60.00,3,5
18,Stuart Appleby,57.14,4,7
18,Steve Flesch,57.14,4,7
20,Chad Campbell,50.00,2,4
20,Fred Couples,50.00,3,6
20,Craig Stadler,50.00,5,10
20,Mike Weir,50.00,3,6
24,Ben Curtis,40.00,2,5
25,Jonathan Kaye,33.33,2,6
25,Kenny Perry,33.33,1,3
27,Ernie Els,25.00,1,4
28,Frank Lickliter II,20.00,1,5
29,Jim Furyk,.00,0,1
29,Tiger Woods,.00,0,5
