rank,player,%,Successes,Attempts
1,Jim Furyk,100.00,1,1
1,Scott Hoch,100.00,2,2
1,John Huston,100.00,1,1
1,J.L. Lewis,100.00,3,3
1,Adam Scott,100.00,1,1
1,Vijay Singh,100.00,2,2
7,Stuart Appleby,50.00,1,2
7,Steve Flesch,50.00,1,2
7,Peter Jacobsen,50.00,3,6
7,Davis Love III,50.00,1,2
11,Tommy Armour III,40.00,2,5
12,Darren Clarke,20.00,1,5
12,Kirk Triplett,20.00,1,5
14,Chad Campbell,.00,0,1
14,Ben Crane,.00,0,2
14,Ben Curtis,.00,0,4
14,Ernie Els,.00,0,1
14,Jonathan Kaye,.00,0,1
14,Justin Leonard,.00,0,2
14,Frank Lickliter II,.00,0,3
14,Shigeki Maruyama,.00,0,1
14,Shaun Micheel,.00,0,1
14,Kenny Perry,.00,0,2
14,Rory Sabbatini,.00,0,1
14,Craig Stadler,.00,0,3
14,Bob Tway,.00,0,2
14,Mike Weir,.00,0,1
