rank,player,%,Successes,Attempts
1,Stuart Appleby,100.00,3,3
1,Darren Clarke,100.00,1,1
1,Fred Couples,100.00,1,1
1,Ben Crane,100.00,1,1
1,Ben Curtis,100.00,1,1
1,Steve Flesch,100.00,1,1
1,Retief Goosen,100.00,3,3
1,Scott Hoch,100.00,1,1
1,Jonathan Kaye,100.00,1,1
1,J.L. Lewis,100.00,2,2
1,Frank Lickliter II,100.00,1,1
1,Davis Love III,100.00,2,2
1,Shaun Micheel,100.00,1,1
1,Kenny Perry,100.00,3,3
1,Rory Sabbatini,100.00,1,1
1,Vijay Singh,100.00,4,4
1,Kirk Triplett,100.00,4,4
1,Tiger Woods,100.00,2,2
19,Justin Leonard,75.00,3,4
20,Ernie Els,66.67,2,3
20,Adam Scott,66.67,2,3
20,Mike Weir,66.67,2,3
23,Peter Jacobsen,50.00,1,2
23,Craig Stadler,50.00,1,2
23,Bob Tway,50.00,2,4
26,Tommy Armour III,.00,0,1
26,John Huston,.00,0,1
