rank,player,%,# of Saves,# of Bunkers
1,Jim Furyk,100.00,2,2
1,Scott Hoch,100.00,2,2
1,John Huston,100.00,1,1
1,J.L. Lewis,100.00,1,1
1,Adam Scott,100.00,1,1
1,Vijay Singh,100.00,2,2
7,Tommy Armour III,50.00,1,2
7,Steve Flesch,50.00,1,2
7,Frank Lickliter II,50.00,1,2
7,Kirk Triplett,50.00,1,2
11,Kenny Perry,33.33,1,3
12,Stuart Appleby,.00,0,1
12,Darren Clarke,.00,0,1
12,Fred Couples,.00,0,2
12,Ben Crane,.00,0,2
12,Ben Curtis,.00,0,2
12,Ernie Els,.00,0,2
12,Peter Jacobsen,.00,0,1
12,Jonathan Kaye,.00,0,1
12,Justin Leonard,.00,0,1
12,Davis Love III,.00,0,1
12,Rory Sabbatini,.00,0,1
12,Craig Stadler,.00,0,3
12,Bob Tway,.00,0,1
12,Mike Weir,.00,0,1
