rank,player,%,Successes,Attempts
1,Ben Crane,100.00,2,2
1,Steve Flesch,100.00,1,1
1,Jim Furyk,100.00,2,2
1,Scott Hoch,100.00,2,2
1,Vijay Singh,100.00,1,1
6,Retief Goosen,83.33,5,6
7,Bob Tway,80.00,4,5
8,Stuart Appleby,75.00,3,4
8,Kenny Perry,75.00,3,4
10,Shaun Micheel,66.67,2,3
11,Tommy Armour III,60.00,3,5
11,Mike Weir,60.00,3,5
13,Chad Campbell,50.00,3,6
13,Fred Couples,50.00,1,2
13,Peter Jacobsen,50.00,3,6
13,Jonathan Kaye,50.00,1,2
13,J.L. Lewis,50.00,1,2
13,Frank Lickliter II,50.00,2,4
13,Shigeki Maruyama,50.00,1,2
20,John Huston,40.00,2,5
21,Darren Clarke,33.33,1,3
21,Justin Leonard,33.33,1,3
21,Adam Scott,33.33,1,3
21,Craig Stadler,33.33,1,3
25,Ben Curtis,25.00,1,4
25,Rory Sabbatini,25.00,1,4
27,Ernie Els,.00,0,3
27,Davis Love III,.00,0,1
27,Kirk Triplett,.00,0,2
