rank,player,%,Successes,Attempts
1,Darren Clarke,100.00,2,2
1,Scott Hoch,100.00,3,3
1,Shaun Micheel,100.00,2,2
1,Vijay Singh,100.00,5,5
1,Craig Stadler,100.00,2,2
6,Tommy Armour III,83.33,5,6
6,Steve Flesch,83.33,5,6
8,Retief Goosen,80.00,4,5
9,Stuart Appleby,71.43,5,7
10,Jonathan Kaye,66.67,2,3
10,Davis Love III,66.67,2,3
10,Kirk Triplett,66.67,2,3
13,Rory Sabbatini,60.00,3,5
14,Chad Campbell,50.00,1,2
14,Peter Jacobsen,50.00,2,4
14,Justin Leonard,50.00,2,4
14,J.L. Lewis,50.00,3,6
14,Frank Lickliter II,50.00,3,6
14,Bob Tway,50.00,2,4
20,John Huston,42.86,3,7
20,Shigeki Maruyama,42.86,3,7
22,Fred Couples,40.00,2,5
22,Adam Scott,40.00,2,5
24,Jim Furyk,33.33,1,3
24,Kenny Perry,33.33,1,3
24,Mike Weir,33.33,1,3
27,Ben Curtis,.00,0,5
27,Ernie Els,.00,0,4
27,Tiger Woods,.00,0,4
