rank,player,Avg,Total Strokes,Total Early Rounds
1,Matt Kuchar,67.00,67,1
1,Martin Laird,67.00,67,1
1,Kenny Perry,67.00,67,1
1,Rory Sabbatini,67.00,201,3
5,Stewart Cink,68.00,68,1
5,Retief Goosen,68.00,136,2
5,John Rollins,68.00,68,1
5,Steve Stricker,68.00,204,3
9,Dustin Johnson,69.00,69,1
9,Ryan Moore,69.00,69,1
11,Zach Johnson,69.33,208,3
11,Pat Perez,69.33,208,3
13,Paul Casey,69.50,139,2
13,Nathan Green,69.50,139,2
15,Brian Gay,70.33,211,3
15,Y.E. Yang,70.33,211,3
17,Stephen Ames,70.50,282,4
18,Heath Slocum,71.67,215,3
19,Troy Matteson,71.75,287,4
20,Michael Bradley,72.00,288,4
20,Bo Van Pelt,72.00,288,4
22,Mark Wilson,72.50,290,4
23,Jerry Kelly,74.00,148,2
