rank,player,Avg RTP,Total Holes,Total RTP
1,Jason Dufner,E,7,E
1,Michael Thompson,E,6,E
3,Webb Simpson,+.143,7,+1.00
3,Jordan Spieth,+.143,7,+1.00
5,Ken Duke,+.167,6,+1.00
5,Boo Weekley,+.167,6,+1.00
7,Billy Horschel,+.200,5,+1.00
8,Zach Johnson,+.222,9,+2.00
9,Jonas Blixt,+.250,8,+2.00
10,Harris English,+.286,7,+2.00
10,Brandt Snedeker,+.286,7,+2.00
12,Kevin Streelman,+.333,9,+3.00
13,Bill Haas,+.375,8,+3.00
14,D.A. Points,+.385,13,+5.00
15,Woody Austin,+.429,7,+3.00
15,Brian Gay,+.429,7,+3.00
17,Derek Ernst,+.455,11,+5.00
18,Chris Kirk,+.500,6,+3.00
18,Adam Scott,+.500,8,+4.00
20,Sangmoon Bae,+.556,9,+5.00
21,Matt Kuchar,+.571,7,+4.00
22,Ryan Moore,+.600,5,+3.00
22,Gary Woodland,+.600,5,+3.00
24,Scott Brown,+.625,8,+5.00
25,Russell Henley,+.667,9,+6.00
25,John Merrick,+.667,6,+4.00
27,Martin Laird,+.714,7,+5.00
27,Patrick Reed,+.714,7,+5.00
29,Jimmy Walker,+.875,8,+7.00
30,Dustin Johnson,+1.000,5,+5.00
