rank,player,Avg RTP,Total Holes,Total RTP
1,Harris English,E,3,E
1,Bill Haas,E,4,E
1,Zach Johnson,E,4,E
1,Patrick Reed,E,2,E
1,Jordan Spieth,E,5,E
6,Matt Kuchar,+.200,5,+1.00
7,John Merrick,+.250,4,+1.00
7,Jimmy Walker,+.250,4,+1.00
9,Jonas Blixt,+.333,3,+1.00
9,Kevin Streelman,+.333,3,+1.00
11,Woody Austin,+.400,5,+2.00
11,Adam Scott,+.400,5,+2.00
11,Brandt Snedeker,+.400,5,+2.00
14,Sangmoon Bae,+.500,4,+2.00
14,Jason Dufner,+.500,2,+1.00
14,Dustin Johnson,+.500,4,+2.00
14,Ryan Moore,+.500,4,+2.00
14,Webb Simpson,+.500,2,+1.00
14,Boo Weekley,+.500,2,+1.00
14,Gary Woodland,+.500,2,+1.00
21,Martin Laird,+.571,7,+4.00
22,Ken Duke,+.600,5,+3.00
22,Derek Ernst,+.600,5,+3.00
22,Michael Thompson,+.600,5,+3.00
25,Scott Brown,+.667,3,+2.00
25,Brian Gay,+.667,3,+2.00
27,Russell Henley,+.714,7,+5.00
28,D.A. Points,+.750,4,+3.00
29,Chris Kirk,+1.000,1,+1.00
