rank,player,Avg RTP,Total Holes,Total RTP
1,Michael Thompson,-.250,4,-1.00
2,Matt Kuchar,E,1,E
2,Jordan Spieth,E,1,E
4,Ken Duke,+.250,4,+1.00
5,Brian Gay,+.333,3,+1.00
5,Bill Haas,+.333,3,+1.00
7,Jonas Blixt,+.400,5,+2.00
8,Sangmoon Bae,+.500,4,+2.00
8,Jason Dufner,+.500,2,+1.00
8,Harris English,+.500,2,+1.00
8,Martin Laird,+.500,4,+2.00
8,Ryan Moore,+.500,4,+2.00
8,Adam Scott,+.500,4,+2.00
14,Woody Austin,+.571,7,+4.00
14,Chris Kirk,+.571,7,+4.00
16,Brandt Snedeker,+.600,5,+3.00
17,Dustin Johnson,+.667,3,+2.00
18,Derek Ernst,+.778,9,+7.00
19,Billy Horschel,+.800,5,+4.00
20,Patrick Reed,+.833,6,+5.00
21,Scott Brown,+.857,7,+6.00
21,Kevin Streelman,+.857,7,+6.00
23,Russell Henley,+1.000,5,+5.00
23,Zach Johnson,+1.000,2,+2.00
23,John Merrick,+1.000,6,+6.00
23,D.A. Points,+1.000,5,+5.00
23,Webb Simpson,+1.000,1,+1.00
23,Gary Woodland,+1.000,6,+6.00
29,Jimmy Walker,+1.286,7,+9.00
