rank,player,Avg RTP,Total Holes,Total RTP
1,Jason Dufner,E,8,E
1,Zach Johnson,E,7,E
1,Brandt Snedeker,E,6,E
1,Kevin Streelman,E,5,E
1,Michael Thompson,E,3,E
6,Jonas Blixt,+.083,12,+1.00
7,Webb Simpson,+.222,9,+2.00
8,Billy Horschel,+.250,4,+1.00
8,Chris Kirk,+.250,4,+1.00
8,Patrick Reed,+.250,4,+1.00
11,Sangmoon Bae,+.273,11,+3.00
12,Harris English,+.286,7,+2.00
12,Adam Scott,+.286,7,+2.00
14,Woody Austin,+.333,6,+2.00
15,Boo Weekley,+.400,5,+2.00
16,Ken Duke,+.500,4,+2.00
16,Derek Ernst,+.500,8,+4.00
16,Martin Laird,+.500,4,+2.00
16,John Merrick,+.500,6,+3.00
16,Jordan Spieth,+.500,4,+2.00
16,Gary Woodland,+.500,4,+2.00
22,Bill Haas,+.571,7,+4.00
22,D.A. Points,+.571,7,+4.00
24,Brian Gay,+.600,5,+3.00
24,Matt Kuchar,+.600,10,+6.00
24,Jimmy Walker,+.600,5,+3.00
27,Scott Brown,+.667,6,+4.00
28,Dustin Johnson,+.750,4,+3.00
28,Ryan Moore,+.750,4,+3.00
30,Russell Henley,+1.000,3,+3.00
