rank,player,Value,Attempts,Total Distance (Feet)
1,Tony Finau,"1' 8""",44,72.167
2,Dustin Johnson,"1' 9""",46,79.250
3,Patrick Cantlay,"1' 11""",41,78.500
3,Stewart Cink,"1' 11""",42,79.667
3,Kevin Kisner,"1' 11""",40,77.417
3,Andrew Landry,"1' 11""",47,90.500
3,Jon Rahm,"1' 11""",42,81.333
3,Scottie Scheffler,"1' 11""",41,79.833
3,Cameron Smith,"1' 11""",40,77.333
10,Martin Laird,"2' 0""",43,87.167
10,Webb Simpson,"2' 0""",46,90.583
12,Harris English,"2' 1""",42,87.750
12,Sergio Garcia,"2' 1""",42,86.667
12,Lanto Griffin,"2' 1""",44,92.000
12,Sungjae Im,"2' 1""",46,96.167
12,Joaquin Niemann,"2' 1""",39,82.083
12,Patrick Reed,"2' 1""",43,89.583
12,Adam Scott,"2' 1""",53,108.417
19,Cameron Champ,"2' 2""",53,116.667
19,Hideki Matsuyama,"2' 2""",48,103.167
19,Sebastián Muñoz,"2' 2""",45,98.417
19,Carlos Ortiz,"2' 2""",50,109.750
19,Ryan Palmer,"2' 2""",42,90.750
19,Robert Streb,"2' 2""",48,104.667
19,Justin Thomas,"2' 2""",40,85.333
26,Bryson DeChambeau,"2' 3""",44,98.500
26,Billy Horschel,"2' 3""",46,101.917
26,Xander Schauffele,"2' 3""",43,95.917
26,Brendon Todd,"2' 3""",37,83.333
26,Richy Werenski,"2' 3""",50,110.667
31,Abraham Ancer,"2' 4""",36,83.083
31,Viktor Hovland,"2' 4""",47,107.833
31,Mackenzie Hughes,"2' 4""",49,116.333
34,Daniel Berger,"2' 5""",49,117.500
34,Brian Gay,"2' 5""",41,98.833
34,Marc Leishman,"2' 5""",48,114.167
34,Collin Morikawa,"2' 5""",42,101.167
34,Kevin Na,"2' 5""",47,115.167
34,Hudson Swafford,"2' 5""",47,115.333
34,Michael Thompson,"2' 5""",38,93.167
41,Nick Taylor,"2' 7""",41,105.083
42,Jason Kokrak,"2' 8""",41,109.917
