rank,player,Avg,Tot Dist (ft),Tot Eagles Putts Made.,Longest Made (ft),Shortest Made (ft)
1,Kevin Kisner,"55' 3""",55.250,1,55,55
2,Mackenzie Hughes,"36' 1""",36.083,1,36,36
3,Webb Simpson,"34' 9""",34.750,1,35,35
4,Xander Schauffele,"30' 0""",89.917,3,82,2
5,Hideki Matsuyama,"24' 5""",24.417,1,24,24
6,Michael Thompson,"23' 11""",47.750,2,25,23
7,Sungjae Im,"23' 9""",23.750,1,24,24
8,Jason Kokrak,"22' 11""",22.917,1,23,23
9,Sergio Garcia,"16' 10""",16.833,1,17,17
9,Hudson Swafford,"16' 10""",16.833,1,17,17
11,Ryan Palmer,"14' 0""",27.917,2,24,4
12,Justin Thomas,"12' 7""",12.583,1,13,13
13,Tony Finau,"11' 7""",11.583,1,12,12
14,Brian Gay,"8' 8""",8.667,1,9,9
15,Patrick Reed,"6' 0""",6.000,1,6,6
16,Bryson DeChambeau,"5' 11""",5.917,1,6,6
17,Billy Horschel,"5' 2""",5.167,1,5,5
