rank,player,Avg,Distance (feet),Total Putts
1,Patrick Reed,"31' 0""","1,178.333",38
2,Lanto Griffin,"30' 5""","1,155.167",38
3,Patrick Cantlay,"29' 9""","1,012.083",34
4,Daniel Berger,"29' 5""","1,353.833",46
5,Webb Simpson,"28' 11""","1,129.083",39
6,Kevin Na,"28' 10""","1,095.917",38
6,Jon Rahm,"28' 10""","1,067.417",37
8,Joaquin Niemann,"28' 8""",975.417,34
9,Ryan Palmer,"28' 5""","1,051.250",37
10,Xander Schauffele,"28' 3""","1,044.500",37
10,Hudson Swafford,"28' 3""","1,072.583",38
12,Harris English,"28' 2""","1,097.833",39
13,Kevin Kisner,"28' 1""",926.000,33
13,Martin Laird,"28' 1""","1,094.750",39
15,Richy Werenski,"27' 7""","1,187.667",43
16,Collin Morikawa,"27' 0""",998.667,37
16,Scottie Scheffler,"27' 0""",919.250,34
16,Adam Scott,"27' 0""","1,268.000",47
16,Nick Taylor,"27' 0""",944.917,35
20,Carlos Ortiz,"26' 9""","1,175.750",44
21,Abraham Ancer,"26' 8""",852.000,32
22,Billy Horschel,"26' 4""","1,079.417",41
23,Brendon Todd,"25' 11""",882.000,34
24,Sungjae Im,"25' 10""","1,033.667",40
24,Marc Leishman,"25' 10""","1,112.083",43
26,Brian Gay,"25' 5""",862.833,34
27,Cameron Smith,"25' 4""",886.583,35
28,Michael Thompson,"25' 3""",832.333,33
29,Justin Thomas,"25' 2""",881.250,35
30,Dustin Johnson,"24' 11""","1,047.917",42
31,Sebastián Muñoz,"24' 9""",965.333,39
32,Cameron Champ,"24' 8""","1,160.500",47
32,Robert Streb,"24' 8""","1,036.333",42
34,Bryson DeChambeau,"24' 2""",968.000,40
34,Viktor Hovland,"24' 2""",992.333,41
36,Andrew Landry,"24' 0""",935.833,39
37,Jason Kokrak,"23' 2""",765.083,33
38,Hideki Matsuyama,"23' 0""",895.917,39
39,Stewart Cink,"22' 11""",846.667,37
40,Mackenzie Hughes,"22' 10""",937.250,41
41,Sergio Garcia,"22' 1""",750.000,34
42,Tony Finau,"22' 0""",793.333,36
