rank,player,Avg,Distance (Feet),Total Putts
1,Justin Thomas,"74' 3""",148.417,2
2,Nick Taylor,"71' 0""",71.000,1
3,Stewart Cink,"68' 5""",68.417,1
4,Sungjae Im,"66' 7""",66.583,1
5,Cameron Champ,"65' 2""",65.167,1
6,Robert Streb,"63' 8""",63.667,1
7,Mackenzie Hughes,"63' 1""",126.083,2
8,Adam Scott,"60' 6""",181.500,3
9,Webb Simpson,"58' 1""",58.083,1
10,Daniel Berger,"57' 1""",171.333,3
11,Ryan Palmer,"56' 10""",56.833,1
12,Cameron Smith,"54' 0""",108.000,2
13,Andrew Landry,"53' 10""",107.667,2
14,Billy Horschel,"52' 9""",158.167,3
15,Xander Schauffele,"52' 8""",105.333,2
16,Marc Leishman,"52' 5""",209.583,4
17,Sergio Garcia,"52' 2""",260.750,5
18,Collin Morikawa,"52' 0""",156.000,3
19,Kevin Kisner,"51' 2""",51.167,1
20,Sebastián Muñoz,"50' 6""",100.917,2
21,Carlos Ortiz,"49' 11""",49.917,1
22,Tony Finau,"49' 9""",49.750,1
23,Michael Thompson,"48' 9""",97.417,2
24,Brian Gay,"47' 3""",94.500,2
24,Richy Werenski,"47' 3""",141.667,3
26,Bryson DeChambeau,"46' 5""",92.750,2
27,Hideki Matsuyama,"45' 11""",45.917,1
28,Joaquin Niemann,"45' 3""",90.417,2
29,Patrick Cantlay,"45' 2""",90.333,2
30,Abraham Ancer,"44' 11""",44.917,1
30,Jon Rahm,"44' 11""",89.750,2
32,Scottie Scheffler,"44' 6""",44.500,1
33,Jason Kokrak,"41' 11""",83.833,2
34,Viktor Hovland,"41' 2""",82.250,2
35,Brendon Todd,"40' 0""",40.000,1
36,Kevin Na,"30' 3""",60.417,2
37,Martin Laird,"23' 7""",23.583,1
38,Hudson Swafford,"23' 2""",23.167,1
