rank,player,Avg,Distance (Feet),Total Putts
1,Hudson Swafford,"12' 10""",167.333,13
2,Michael Thompson,"12' 9""",241.833,19
3,Harris English,"12' 4""",271.500,22
4,Patrick Cantlay,"11' 8""",210.500,18
5,Tony Finau,"11' 7""",220.333,19
5,Billy Horschel,"11' 7""",197.167,17
5,Sebastián Muñoz,"11' 7""",173.500,15
8,Andrew Landry,"11' 6""",126.417,11
9,Stewart Cink,"11' 2""",190.167,17
10,Kevin Kisner,"10' 9""",204.667,19
11,Martin Laird,"10' 8""",191.417,18
12,Lanto Griffin,"10' 5""",177.500,17
13,Cameron Smith,"10' 4""",165.000,16
14,Richy Werenski,"10' 2""",152.417,15
15,Xander Schauffele,"10' 1""",201.000,20
16,Sergio Garcia,"9' 10""",177.583,18
17,Brendon Todd,"9' 9""",194.417,20
18,Bryson DeChambeau,"9' 8""",126.083,13
19,Webb Simpson,"9' 7""",163.167,17
20,Abraham Ancer,"9' 3""",184.500,20
21,Mackenzie Hughes,"9' 1""",99.667,11
22,Collin Morikawa,"8' 10""",176.167,20
23,Jason Kokrak,"8' 8""",165.333,19
23,Adam Scott,"8' 8""",147.750,17
25,Robert Streb,"8' 7""",111.750,13
26,Brian Gay,"8' 6""",162.250,19
27,Scottie Scheffler,"8' 2""",146.917,18
28,Viktor Hovland,"8' 1""",112.667,14
28,Kevin Na,"8' 1""",104.667,13
28,Patrick Reed,"8' 1""",129.083,16
31,Carlos Ortiz,"7' 10""",93.750,12
32,Daniel Berger,"7' 7""",121.500,16
32,Nick Taylor,"7' 7""",113.250,15
34,Hideki Matsuyama,"7' 6""",74.917,10
35,Ryan Palmer,"7' 1""",162.833,23
36,Justin Thomas,"7' 0""",160.833,23
37,Cameron Champ,"6' 11""",76.000,11
37,Sungjae Im,"6' 11""",131.917,19
39,Joaquin Niemann,"6' 3""",156.583,25
40,Dustin Johnson,"5' 11""",106.917,18
41,Jon Rahm,"5' 8""",107.167,19
42,Marc Leishman,"4' 7""",50.750,11
