rank,player,Distance in Inches
1,Michael Thompson,67
2,Harris English,65
3,Brendon Todd,59
4,Abraham Ancer,58
4,Lanto Griffin,58
6,Patrick Cantlay,56
7,Stewart Cink,55
7,Xander Schauffele,55
9,Tony Finau,54
9,Brian Gay,54
9,Billy Horschel,54
9,Martin Laird,54
9,Hudson Swafford,54
14,Kevin Kisner,53
15,Jason Kokrak,50
15,Sebastián Muñoz,50
15,Cameron Smith,50
15,Justin Thomas,50
19,Collin Morikawa,48
20,Nick Taylor,47
20,Richy Werenski,47
22,Sergio Garcia,46
22,Patrick Reed,46
24,Bryson DeChambeau,45
24,Ryan Palmer,45
24,Webb Simpson,45
27,Scottie Scheffler,44
28,Andrew Landry,43
28,Kevin Na,43
28,Joaquin Niemann,43
31,Daniel Berger,42
31,Jon Rahm,42
31,Adam Scott,42
31,Robert Streb,42
35,Viktor Hovland,41
36,Mackenzie Hughes,40
36,Carlos Ortiz,40
38,Sungjae Im,39
39,Cameron Champ,36
40,Dustin Johnson,35
40,Hideki Matsuyama,35
42,Marc Leishman,33
