rank,player,Avg,Distance (Feet),Total Putts
1,Harris English,"10' 2""",295.417,29
2,Billy Horschel,"9' 8""",240.917,25
3,Michael Thompson,"9' 5""",320.000,34
4,Tony Finau,"9' 3""",249.167,27
4,Lanto Griffin,"9' 3""",250.500,27
6,Patrick Cantlay,"8' 9""",270.000,31
7,Stewart Cink,"8' 7""",257.417,30
8,Xander Schauffele,"8' 5""",244.583,29
8,Adam Scott,"8' 5""",159.417,19
8,Hudson Swafford,"8' 5""",210.500,25
11,Martin Laird,"8' 4""",234.000,28
12,Richy Werenski,"8' 3""",181.750,22
13,Brendon Todd,"8' 0""",279.500,35
14,Sebastián Muñoz,"7' 10""",210.500,27
15,Brian Gay,"7' 9""",240.000,31
16,Kevin Kisner,"7' 8""",244.750,32
17,Abraham Ancer,"7' 6""",269.333,36
18,Jason Kokrak,"7' 4""",227.167,31
19,Sergio Garcia,"7' 3""",203.167,28
19,Andrew Landry,"7' 3""",181.167,25
19,Webb Simpson,"7' 3""",182.250,25
22,Cameron Smith,"7' 2""",221.083,31
23,Justin Thomas,"7' 1""",226.750,32
24,Daniel Berger,"6' 9""",155.333,23
25,Collin Morikawa,"6' 8""",199.750,30
26,Patrick Reed,"6' 7""",184.750,28
26,Robert Streb,"6' 7""",157.583,24
28,Bryson DeChambeau,"6' 5""",179.333,28
29,Ryan Palmer,"6' 4""",182.500,29
30,Mackenzie Hughes,"6' 3""",143.250,23
30,Scottie Scheffler,"6' 3""",186.417,30
32,Viktor Hovland,"6' 2""",154.583,25
32,Carlos Ortiz,"6' 2""",134.917,22
34,Jon Rahm,"6' 1""",182.833,30
35,Kevin Na,"6' 0""",143.667,24
36,Nick Taylor,"5' 11""",183.667,31
37,Sungjae Im,"5' 9""",150.083,26
38,Joaquin Niemann,"5' 8""",181.167,32
39,Cameron Champ,"5' 6""",98.583,18
40,Dustin Johnson,"5' 0""",128.917,26
41,Hideki Matsuyama,"4' 9""",114.417,24
42,Marc Leishman,"4' 4""",100.000,23
