rank,player,%,Total Drives for 300+,Total Drives - Overall,Relative to Par
1,Taylor Moore,65.00%,39,60,-0.436
2,Patrick Cantlay,61.67%,37,60,-0.405
2,Patrick Rodgers,61.67%,37,60,-0.459
2,Cameron Young,61.67%,37,60,-0.351
5,Wyndham Clark,60.00%,36,60,-0.389
6,Sam Burns,58.33%,35,60,-0.371
6,Matt Fitzpatrick,58.33%,35,60,-0.457
6,Viktor Hovland,58.33%,35,60,-0.457
6,Xander Schauffele,58.33%,35,60,-0.343
10,Ludvig Åberg,56.67%,34,60,-0.265
10,Nick Hardy,56.67%,34,60,-0.206
10,Max Homa,56.67%,34,60,-0.353
10,Davis Riley,56.67%,34,60,-0.382
14,Jason Day,55.00%,33,60,-0.485
14,Kurt Kitayama,55.00%,33,60,-0.212
14,Scottie Scheffler,55.00%,33,60,-0.424
14,Matt Wallace,55.00%,33,60,-0.303
18,Byeong Hun An,53.33%,32,60,-0.375
18,Tyrrell Hatton,53.33%,32,60,-0.375
18,Vincent Norrman,53.33%,32,60,-0.219
18,Adam Schenk,53.33%,32,60,-0.375
18,Jordan Spieth,53.33%,32,60,-0.438
18,Sahith Theegala,53.33%,32,60,-0.313
18,Erik van Rooyen,53.33%,32,60,-0.313
25,Akshay Bhatia,51.67%,31,60,-0.258
25,Corey Conners,51.67%,31,60,-0.419
25,Tony Finau,51.67%,31,60,-0.258
25,Tommy Fleetwood,51.67%,31,60,-0.097
25,Collin Morikawa,51.67%,31,60,-0.452
30,Keegan Bradley,50.00%,30,60,-0.133
30,Harris English,50.00%,30,60,-0.300
30,Adam Hadwin,50.00%,30,60,-0.500
30,Sungjae Im,50.00%,30,60,-0.567
34,Cam Davis,48.33%,29,60,-0.414
34,Lucas Glover,48.33%,29,60,-0.172
34,Emiliano Grillo,48.33%,29,60,-0.379
34,Brian Harman,48.33%,29,60,-0.379
34,Tom Hoge,48.33%,29,60,-0.276
34,Si Woo Kim,48.33%,29,60,-0.207
34,Luke List,48.33%,29,60,-0.276
34,Hideki Matsuyama,48.33%,29,60,-0.172
34,J.T. Poston,48.33%,29,60,-0.379
34,Sepp Straka,48.33%,29,60,-0.379
34,Adam Svensson,48.33%,29,60,-0.379
45,Eric Cole,46.67%,28,60,-0.143
45,Rickie Fowler,46.67%,28,60,E
45,Lee Hodges,46.67%,28,60,-0.143
45,Chris Kirk,46.67%,28,60,-0.500
45,Denny McCarthy,46.67%,28,60,-0.286
50,Mackenzie Hughes,43.33%,26,60,-0.308
50,Tom Kim,43.33%,26,60,-0.231
50,Justin Rose,43.33%,26,60,-0.269
53,Seamus Power,41.67%,25,60,-0.160
53,Nick Taylor,41.67%,25,60,-0.120
55,Nico Echavarria,40.00%,24,60,-0.417
55,Russell Henley,40.00%,24,60,E
55,Camilo Villegas,40.00%,24,60,-0.250
58,Brendon Todd,38.33%,23,60,-0.348
59,Andrew Putnam,35.00%,21,60,-0.095
