rank,player,%,Total Drives for 320+,Total Drvs - overall,Relative to par
1,Ludvig Åberg,12.50%,1,8,-1.00
1,Wyndham Clark,12.50%,1,8,E
1,Cam Davis,12.50%,1,8,-1.00
1,Nick Hardy,12.50%,1,8,E
1,Viktor Hovland,12.50%,1,8,-1.00
1,Luke List,12.50%,1,8,E
1,Davis Riley,12.50%,1,8,-1.00
1,Patrick Rodgers,12.50%,1,8,-1.00
1,Justin Rose,12.50%,1,8,-1.00
10,Byeong Hun An,.00%,0,8,E
10,Akshay Bhatia,.00%,0,8,E
10,Keegan Bradley,.00%,0,8,E
10,Sam Burns,.00%,0,8,E
10,Patrick Cantlay,.00%,0,8,E
10,Eric Cole,.00%,0,8,E
10,Corey Conners,.00%,0,8,E
10,Jason Day,.00%,0,8,E
10,Nico Echavarria,.00%,0,8,E
10,Harris English,.00%,0,8,E
10,Tony Finau,.00%,0,8,E
10,Matt Fitzpatrick,.00%,0,8,E
10,Tommy Fleetwood,.00%,0,8,E
10,Rickie Fowler,.00%,0,8,E
10,Lucas Glover,.00%,0,8,E
10,Emiliano Grillo,.00%,0,8,E
10,Adam Hadwin,.00%,0,8,E
10,Brian Harman,.00%,0,8,E
10,Tyrrell Hatton,.00%,0,8,E
10,Russell Henley,.00%,0,8,E
10,Lee Hodges,.00%,0,8,E
10,Tom Hoge,.00%,0,8,E
10,Max Homa,.00%,0,8,E
10,Mackenzie Hughes,.00%,0,8,E
10,Sungjae Im,.00%,0,8,E
10,Si Woo Kim,.00%,0,8,E
10,Tom Kim,.00%,0,8,E
10,Chris Kirk,.00%,0,8,E
10,Kurt Kitayama,.00%,0,8,E
10,Hideki Matsuyama,.00%,0,8,E
10,Denny McCarthy,.00%,0,8,E
10,Taylor Moore,.00%,0,8,E
10,Collin Morikawa,.00%,0,8,E
10,Vincent Norrman,.00%,0,8,E
10,J.T. Poston,.00%,0,8,E
10,Seamus Power,.00%,0,8,E
10,Andrew Putnam,.00%,0,8,E
10,Xander Schauffele,.00%,0,8,E
10,Scottie Scheffler,.00%,0,8,E
10,Adam Schenk,.00%,0,8,E
10,Jordan Spieth,.00%,0,8,E
10,Sepp Straka,.00%,0,8,E
10,Adam Svensson,.00%,0,8,E
10,Nick Taylor,.00%,0,8,E
10,Sahith Theegala,.00%,0,8,E
10,Brendon Todd,.00%,0,8,E
10,Erik van Rooyen,.00%,0,8,E
10,Camilo Villegas,.00%,0,8,E
10,Matt Wallace,.00%,0,8,E
10,Cameron Young,.00%,0,8,E
