rank,player,%,Total Drives for 240-260,Total Drvs - overall,Relative to par
1,Russell Henley,50.00%,4,8,-0.25
2,Mackenzie Hughes,25.00%,2,8,E
2,Andrew Putnam,25.00%,2,8,E
4,Ludvig Åberg,12.50%,1,8,+1.00
4,Akshay Bhatia,12.50%,1,8,-1.00
4,Patrick Cantlay,12.50%,1,8,E
4,Corey Conners,12.50%,1,8,E
4,Nico Echavarria,12.50%,1,8,E
4,Harris English,12.50%,1,8,+1.00
4,Rickie Fowler,12.50%,1,8,+2.00
4,Adam Hadwin,12.50%,1,8,+1.00
4,Nick Hardy,12.50%,1,8,E
4,Brian Harman,12.50%,1,8,E
4,Lee Hodges,12.50%,1,8,E
4,Tom Hoge,12.50%,1,8,E
4,Max Homa,12.50%,1,8,+1.00
4,Si Woo Kim,12.50%,1,8,E
4,Tom Kim,12.50%,1,8,+1.00
4,Hideki Matsuyama,12.50%,1,8,E
4,Denny McCarthy,12.50%,1,8,+1.00
4,Collin Morikawa,12.50%,1,8,E
4,Davis Riley,12.50%,1,8,-1.00
4,Xander Schauffele,12.50%,1,8,E
4,Scottie Scheffler,12.50%,1,8,E
4,Sepp Straka,12.50%,1,8,-1.00
4,Nick Taylor,12.50%,1,8,E
4,Brendon Todd,12.50%,1,8,-1.00
4,Camilo Villegas,12.50%,1,8,+1.00
4,Matt Wallace,12.50%,1,8,E
30,Byeong Hun An,.00%,0,8,E
30,Keegan Bradley,.00%,0,8,E
30,Sam Burns,.00%,0,8,E
30,Wyndham Clark,.00%,0,8,E
30,Eric Cole,.00%,0,8,E
30,Cam Davis,.00%,0,8,E
30,Jason Day,.00%,0,8,E
30,Tony Finau,.00%,0,8,E
30,Matt Fitzpatrick,.00%,0,8,E
30,Tommy Fleetwood,.00%,0,8,E
30,Lucas Glover,.00%,0,8,E
30,Emiliano Grillo,.00%,0,8,E
30,Tyrrell Hatton,.00%,0,8,E
30,Viktor Hovland,.00%,0,8,E
30,Sungjae Im,.00%,0,8,E
30,Chris Kirk,.00%,0,8,E
30,Kurt Kitayama,.00%,0,8,E
30,Luke List,.00%,0,8,E
30,Taylor Moore,.00%,0,8,E
30,Vincent Norrman,.00%,0,8,E
30,J.T. Poston,.00%,0,8,E
30,Seamus Power,.00%,0,8,E
30,Patrick Rodgers,.00%,0,8,E
30,Justin Rose,.00%,0,8,E
30,Adam Schenk,.00%,0,8,E
30,Jordan Spieth,.00%,0,8,E
30,Adam Svensson,.00%,0,8,E
30,Sahith Theegala,.00%,0,8,E
30,Erik van Rooyen,.00%,0,8,E
30,Cameron Young,.00%,0,8,E
