rank,player,%,Total Drives for <= 240,Total Drvs - overall,Relative to par
1,Rickie Fowler,12.50%,1,8,E
1,Lucas Glover,12.50%,1,8,E
1,Tyrrell Hatton,12.50%,1,8,+3.00
1,Sungjae Im,12.50%,1,8,+1.00
1,Chris Kirk,12.50%,1,8,+1.00
1,Denny McCarthy,12.50%,1,8,+1.00
1,Brendon Todd,12.50%,1,8,E
1,Camilo Villegas,12.50%,1,8,E
9,Ludvig Åberg,.00%,0,8,E
9,Byeong Hun An,.00%,0,8,E
9,Akshay Bhatia,.00%,0,8,E
9,Keegan Bradley,.00%,0,8,E
9,Sam Burns,.00%,0,8,E
9,Patrick Cantlay,.00%,0,8,E
9,Wyndham Clark,.00%,0,8,E
9,Eric Cole,.00%,0,8,E
9,Corey Conners,.00%,0,8,E
9,Cam Davis,.00%,0,8,E
9,Jason Day,.00%,0,8,E
9,Nico Echavarria,.00%,0,8,E
9,Harris English,.00%,0,8,E
9,Tony Finau,.00%,0,8,E
9,Matt Fitzpatrick,.00%,0,8,E
9,Tommy Fleetwood,.00%,0,8,E
9,Emiliano Grillo,.00%,0,8,E
9,Adam Hadwin,.00%,0,8,E
9,Nick Hardy,.00%,0,8,E
9,Brian Harman,.00%,0,8,E
9,Russell Henley,.00%,0,8,E
9,Lee Hodges,.00%,0,8,E
9,Tom Hoge,.00%,0,8,E
9,Max Homa,.00%,0,8,E
9,Viktor Hovland,.00%,0,8,E
9,Mackenzie Hughes,.00%,0,8,E
9,Si Woo Kim,.00%,0,8,E
9,Tom Kim,.00%,0,8,E
9,Kurt Kitayama,.00%,0,8,E
9,Luke List,.00%,0,8,E
9,Hideki Matsuyama,.00%,0,8,E
9,Taylor Moore,.00%,0,8,E
9,Collin Morikawa,.00%,0,8,E
9,Vincent Norrman,.00%,0,8,E
9,J.T. Poston,.00%,0,8,E
9,Seamus Power,.00%,0,8,E
9,Andrew Putnam,.00%,0,8,E
9,Davis Riley,.00%,0,8,E
9,Patrick Rodgers,.00%,0,8,E
9,Justin Rose,.00%,0,8,E
9,Xander Schauffele,.00%,0,8,E
9,Scottie Scheffler,.00%,0,8,E
9,Adam Schenk,.00%,0,8,E
9,Jordan Spieth,.00%,0,8,E
9,Sepp Straka,.00%,0,8,E
9,Adam Svensson,.00%,0,8,E
9,Nick Taylor,.00%,0,8,E
9,Sahith Theegala,.00%,0,8,E
9,Erik van Rooyen,.00%,0,8,E
9,Matt Wallace,.00%,0,8,E
9,Cameron Young,.00%,0,8,E
