rank,player,%,Total Drives for 320+,Total Drives - Overall,Relative to Par
1,Patrick Rodgers,48.33%,29,60,-0.483
2,Wyndham Clark,45.00%,27,60,-0.296
2,Sahith Theegala,45.00%,27,60,-0.222
2,Cameron Young,45.00%,27,60,-0.370
5,Viktor Hovland,43.33%,26,60,-0.462
5,Erik van Rooyen,43.33%,26,60,-0.385
7,Chris Kirk,41.67%,25,60,-0.480
7,Luke List,41.67%,25,60,-0.240
7,Taylor Moore,41.67%,25,60,-0.400
7,Scottie Scheffler,41.67%,25,60,-0.360
11,Patrick Cantlay,40.00%,24,60,-0.333
11,Corey Conners,40.00%,24,60,-0.417
11,Cam Davis,40.00%,24,60,-0.375
11,Matt Fitzpatrick,40.00%,24,60,-0.333
11,Jordan Spieth,40.00%,24,60,-0.375
11,Matt Wallace,40.00%,24,60,-0.292
17,Ludvig Åberg,38.33%,23,60,-0.217
17,Byeong Hun An,38.33%,23,60,-0.348
17,Tony Finau,38.33%,23,60,-0.217
17,Emiliano Grillo,38.33%,23,60,-0.391
17,Nick Hardy,38.33%,23,60,-0.043
17,Brian Harman,38.33%,23,60,-0.391
17,Tyrrell Hatton,38.33%,23,60,-0.478
17,Lee Hodges,38.33%,23,60,-0.174
17,Sungjae Im,38.33%,23,60,-0.522
17,Si Woo Kim,38.33%,23,60,-0.174
17,J.T. Poston,38.33%,23,60,-0.391
17,Xander Schauffele,38.33%,23,60,-0.348
29,Akshay Bhatia,36.67%,22,60,-0.364
29,Keegan Bradley,36.67%,22,60,-0.182
29,Jason Day,36.67%,22,60,-0.455
29,Rickie Fowler,36.67%,22,60,+0.045
29,Lucas Glover,36.67%,22,60,-0.136
29,Adam Hadwin,36.67%,22,60,-0.455
29,Vincent Norrman,36.67%,22,60,-0.182
36,Sam Burns,35.00%,21,60,-0.333
36,Harris English,35.00%,21,60,-0.429
36,Tom Hoge,35.00%,21,60,-0.238
36,Max Homa,35.00%,21,60,-0.381
36,Tom Kim,35.00%,21,60,-0.190
36,Denny McCarthy,35.00%,21,60,-0.286
36,Davis Riley,35.00%,21,60,-0.524
36,Justin Rose,35.00%,21,60,-0.238
36,Sepp Straka,35.00%,21,60,-0.381
36,Adam Svensson,35.00%,21,60,-0.429
36,Nick Taylor,35.00%,21,60,-0.143
47,Tommy Fleetwood,33.33%,20,60,-0.050
47,Russell Henley,33.33%,20,60,E
47,Hideki Matsuyama,33.33%,20,60,-0.150
47,Collin Morikawa,33.33%,20,60,-0.200
47,Adam Schenk,33.33%,20,60,-0.300
52,Mackenzie Hughes,31.67%,19,60,-0.316
52,Kurt Kitayama,31.67%,19,60,-0.263
52,Seamus Power,31.67%,19,60,-0.211
55,Nico Echavarria,30.00%,18,60,-0.444
55,Andrew Putnam,30.00%,18,60,-0.167
55,Brendon Todd,30.00%,18,60,-0.333
58,Eric Cole,28.33%,17,60,-0.235
58,Camilo Villegas,28.33%,17,60,-0.294
