rank,player,All Drives,Total Distance,# of Drives
1,Wyndham Clark,326.2,"19,571",60
2,Patrick Rodgers,325.8,"19,550",60
2,Cameron Young,325.8,"19,549",60
4,Viktor Hovland,323.5,"19,411",60
5,Scottie Scheffler,322.9,"19,376",60
6,Tony Finau,321.6,"19,296",60
7,Sahith Theegala,321.2,"19,273",60
8,Xander Schauffele,320.6,"19,237",60
9,Jordan Spieth,320.0,"19,199",60
10,Matt Fitzpatrick,319.8,"19,188",60
11,Patrick Cantlay,319.7,"19,179",60
12,Taylor Moore,319.3,"19,158",60
12,Adam Schenk,319.3,"19,160",60
14,Max Homa,318.5,"19,108",60
15,Ludvig Åberg,318.3,"19,095",60
16,Chris Kirk,318.1,"19,088",60
17,Byeong Hun An,318.0,"19,078",60
18,Akshay Bhatia,317.8,"19,071",60
19,Matt Wallace,317.3,"19,040",60
20,Cam Davis,317.1,"19,024",60
20,Davis Riley,317.1,"19,025",60
22,Erik van Rooyen,317.0,"19,022",60
23,Luke List,316.9,"19,011",60
24,Sam Burns,316.6,"18,998",60
25,Sungjae Im,316.5,"18,990",60
26,Tyrrell Hatton,315.9,"18,954",60
27,Corey Conners,315.2,"18,914",60
28,Vincent Norrman,315.1,"18,908",60
29,Collin Morikawa,314.9,"18,896",60
30,Nick Hardy,314.8,"18,890",60
31,Keegan Bradley,314.6,"18,878",60
32,Kurt Kitayama,314.0,"18,842",60
33,Harris English,313.9,"18,832",60
33,Lee Hodges,313.9,"18,836",60
35,J.T. Poston,312.6,"18,756",60
36,Jason Day,312.2,"18,730",60
36,Tommy Fleetwood,312.2,"18,733",60
38,Adam Hadwin,312.1,"18,728",60
39,Hideki Matsuyama,312.0,"18,722",60
40,Brian Harman,311.8,"18,709",60
41,Emiliano Grillo,311.1,"18,669",60
42,Nico Echavarria,309.9,"18,594",60
43,Sepp Straka,309.8,"18,590",60
44,Mackenzie Hughes,309.1,"18,547",60
45,Rickie Fowler,308.3,"18,497",60
45,Justin Rose,308.3,"18,500",60
47,Denny McCarthy,307.9,"18,472",60
48,Tom Kim,307.8,"18,469",60
49,Si Woo Kim,307.5,"18,452",60
49,Seamus Power,307.5,"18,450",60
51,Nick Taylor,307.2,"18,434",60
52,Lucas Glover,307.1,"18,427",60
53,Tom Hoge,307.0,"18,418",60
54,Eric Cole,305.9,"18,354",60
55,Adam Svensson,305.0,"18,301",60
56,Russell Henley,303.3,"18,197",60
57,Camilo Villegas,300.4,"18,024",60
58,Andrew Putnam,298.8,"17,930",60
59,Brendon Todd,298.3,"17,901",60
