rank,player,Distance,Tournament,Round,Hole,Course
1,Max Homa,477,Sentry,3,7,656
2,Cameron Young,470,Sentry,3,7,656
3,Lucas Glover,465,Sentry,3,7,656
4,Taylor Moore,464,Sentry,3,7,656
5,Harris English,463,Sentry,3,7,656
6,Sahith Theegala,452,Sentry,3,7,656
7,Collin Morikawa,451,Sentry,3,18,656
8,Andrew Putnam,443,Sentry,3,7,656
9,Adam Schenk,441,Sentry,3,18,656
10,Akshay Bhatia,440,Sentry,3,7,656
11,Ludvig Åberg,437,Sentry,3,18,656
12,Byeong Hun An,434,Sentry,2,6,656
13,Kurt Kitayama,431,Sentry,3,12,656
13,Brendon Todd,431,Sentry,3,7,656
15,Viktor Hovland,430,Sentry,3,12,656
16,Scottie Scheffler,429,Sentry,3,12,656
17,Adam Hadwin,428,Sentry,1,6,656
17,Chris Kirk,428,Sentry,3,12,656
17,Denny McCarthy,428,Sentry,3,7,656
17,Seamus Power,428,Sentry,3,7,656
17,Patrick Rodgers,428,Sentry,2,6,656
17,Xander Schauffele,428,Sentry,1,7,656
23,Corey Conners,427,Sentry,3,7,656
23,Cam Davis,427,Sentry,3,18,656
23,Emiliano Grillo,427,Sentry,3,18,656
23,Sungjae Im,427,Sentry,3,7,656
27,Tony Finau,426,Sentry,3,12,656
27,Matt Wallace,426,Sentry,3,12,656
29,Russell Henley,425,Sentry,3,7,656
29,Camilo Villegas,425,Sentry,3,18,656
31,Wyndham Clark,424,Sentry,3,7,656
32,Keegan Bradley,423,Sentry,3,7,656
32,Adam Svensson,423,Sentry,3,7,656
34,Tommy Fleetwood,422,Sentry,1,18,656
34,Tom Kim,422,Sentry,3,18,656
36,Luke List,421,Sentry,2,6,656
36,Davis Riley,421,Sentry,1,7,656
38,Patrick Cantlay,418,Sentry,3,18,656
38,Lee Hodges,418,Sentry,3,18,656
40,Jason Day,417,Sentry,3,7,656
41,Sam Burns,416,Sentry,1,18,656
42,Nico Echavarria,415,Sentry,3,7,656
42,Erik van Rooyen,415,Sentry,3,7,656
44,Matt Fitzpatrick,413,Sentry,1,6,656
45,J.T. Poston,412,Sentry,2,18,656
46,Rickie Fowler,411,Sentry,1,7,656
47,Nick Hardy,410,Sentry,3,18,656
47,Nick Taylor,410,Sentry,1,12,656
49,Hideki Matsuyama,409,Sentry,1,7,656
49,Vincent Norrman,409,Sentry,1,18,656
51,Tyrrell Hatton,408,Sentry,3,12,656
51,Sepp Straka,408,Sentry,1,18,656
53,Eric Cole,407,Sentry,2,18,656
53,Jordan Spieth,407,Sentry,1,7,656
55,Justin Rose,406,Sentry,1,18,656
56,Si Woo Kim,405,Sentry,3,7,656
57,Brian Harman,401,Sentry,2,18,656
57,Mackenzie Hughes,401,Sentry,2,18,656
59,Tom Hoge,397,Sentry,3,12,656
