rank,player,%,Total Drives for 300-320,Total Drives - Overall,Relative to Par
1,Sam Burns,23.33%,14,60,-0.429
1,Kurt Kitayama,23.33%,14,60,-0.143
1,Taylor Moore,23.33%,14,60,-0.500
4,Patrick Cantlay,21.67%,13,60,-0.538
4,Max Homa,21.67%,13,60,-0.308
4,Davis Riley,21.67%,13,60,-0.154
7,Xander Schauffele,20.00%,12,60,-0.333
7,Adam Schenk,20.00%,12,60,-0.500
9,Ludvig Åberg,18.33%,11,60,-0.364
9,Eric Cole,18.33%,11,60,E
9,Jason Day,18.33%,11,60,-0.545
9,Matt Fitzpatrick,18.33%,11,60,-0.727
9,Tommy Fleetwood,18.33%,11,60,-0.182
9,Nick Hardy,18.33%,11,60,-0.545
9,Collin Morikawa,18.33%,11,60,-0.909
16,Vincent Norrman,16.67%,10,60,-0.300
16,Cameron Young,16.67%,10,60,-0.300
18,Byeong Hun An,15.00%,9,60,-0.444
18,Akshay Bhatia,15.00%,9,60,E
18,Wyndham Clark,15.00%,9,60,-0.667
18,Harris English,15.00%,9,60,E
18,Tyrrell Hatton,15.00%,9,60,-0.111
18,Viktor Hovland,15.00%,9,60,-0.444
18,Hideki Matsuyama,15.00%,9,60,-0.222
18,Matt Wallace,15.00%,9,60,-0.333
26,Keegan Bradley,13.33%,8,60,E
26,Tony Finau,13.33%,8,60,-0.375
26,Adam Hadwin,13.33%,8,60,-0.625
26,Tom Hoge,13.33%,8,60,-0.375
26,Patrick Rodgers,13.33%,8,60,-0.375
26,Scottie Scheffler,13.33%,8,60,-0.625
26,Jordan Spieth,13.33%,8,60,-0.625
26,Sepp Straka,13.33%,8,60,-0.375
26,Adam Svensson,13.33%,8,60,-0.250
35,Corey Conners,11.67%,7,60,-0.429
35,Lucas Glover,11.67%,7,60,-0.286
35,Mackenzie Hughes,11.67%,7,60,-0.286
35,Sungjae Im,11.67%,7,60,-0.714
35,Denny McCarthy,11.67%,7,60,-0.286
35,Camilo Villegas,11.67%,7,60,-0.143
41,Nico Echavarria,10.00%,6,60,-0.333
41,Rickie Fowler,10.00%,6,60,-0.167
41,Emiliano Grillo,10.00%,6,60,-0.333
41,Brian Harman,10.00%,6,60,-0.333
41,Si Woo Kim,10.00%,6,60,-0.333
41,J.T. Poston,10.00%,6,60,-0.333
41,Seamus Power,10.00%,6,60,E
41,Erik van Rooyen,10.00%,6,60,E
49,Cam Davis,8.33%,5,60,-0.600
49,Lee Hodges,8.33%,5,60,E
49,Tom Kim,8.33%,5,60,-0.400
49,Justin Rose,8.33%,5,60,-0.400
49,Sahith Theegala,8.33%,5,60,-0.800
49,Brendon Todd,8.33%,5,60,-0.400
55,Russell Henley,6.67%,4,60,E
55,Luke List,6.67%,4,60,-0.500
55,Nick Taylor,6.67%,4,60,E
58,Chris Kirk,5.00%,3,60,-0.667
58,Andrew Putnam,5.00%,3,60,+0.333
