rank,player,Avg,Total Distance,Total Drives
1,Wyndham Clark,303.3,"2,426",8
2,Viktor Hovland,300.5,"2,404",8
3,Taylor Moore,298.8,"2,390",8
4,Patrick Rodgers,297.6,"2,381",8
5,Ludvig Åberg,297.4,"2,379",8
6,Sam Burns,297.0,"2,376",8
7,Vincent Norrman,295.9,"2,367",8
8,Kurt Kitayama,293.1,"2,345",8
9,Cam Davis,292.4,"2,339",8
10,Adam Schenk,292.3,"2,338",8
11,Jason Day,292.1,"2,337",8
11,Matt Fitzpatrick,292.1,"2,337",8
13,Xander Schauffele,291.9,"2,335",8
14,Cameron Young,291.1,"2,329",8
15,Nick Hardy,290.8,"2,326",8
16,Davis Riley,290.3,"2,322",8
17,Scottie Scheffler,289.9,"2,319",8
18,Justin Rose,289.8,"2,318",8
18,Sahith Theegala,289.8,"2,318",8
20,Max Homa,289.3,"2,314",8
21,Byeong Hun An,289.1,"2,313",8
22,Erik van Rooyen,288.8,"2,310",8
23,Eric Cole,288.6,"2,309",8
24,Jordan Spieth,288.5,"2,308",8
25,Hideki Matsuyama,288.4,"2,307",8
26,Lee Hodges,288.3,"2,306",8
27,Luke List,287.9,"2,303",8
28,Patrick Cantlay,287.6,"2,301",8
29,Keegan Bradley,286.5,"2,292",8
29,Tony Finau,286.5,"2,292",8
31,Adam Svensson,286.4,"2,291",8
32,Harris English,286.1,"2,289",8
33,Tom Hoge,285.0,"2,280",8
34,Matt Wallace,284.0,"2,272",8
35,Akshay Bhatia,283.9,"2,271",8
35,Tommy Fleetwood,283.9,"2,271",8
37,J.T. Poston,283.6,"2,269",8
38,Corey Conners,283.1,"2,265",8
39,Tyrrell Hatton,283.0,"2,264",8
40,Chris Kirk,281.8,"2,254",8
41,Sungjae Im,281.5,"2,252",8
42,Seamus Power,281.4,"2,251",8
43,Emiliano Grillo,281.1,"2,249",8
43,Adam Hadwin,281.1,"2,249",8
45,Tom Kim,280.5,"2,244",8
46,Sepp Straka,280.0,"2,240",8
47,Collin Morikawa,279.5,"2,236",8
48,Mackenzie Hughes,278.9,"2,231",8
49,Brian Harman,278.6,"2,229",8
50,Nico Echavarria,276.1,"2,209",8
51,Nick Taylor,275.9,"2,207",8
52,Andrew Putnam,275.8,"2,206",8
53,Lucas Glover,275.0,"2,200",8
54,Si Woo Kim,273.6,"2,189",8
55,Denny McCarthy,273.5,"2,188",8
56,Rickie Fowler,272.0,"2,176",8
57,Camilo Villegas,268.6,"2,149",8
58,Russell Henley,267.5,"2,140",8
59,Brendon Todd,266.0,"2,128",8
