rank,player,%,Total Drives for 280-300,Total Drives - Overall,Relative to Par
1,Eric Cole,30.00%,18,60,-0.500
2,Nico Echavarria,28.33%,17,60,-0.059
2,Tyrrell Hatton,28.33%,17,60,-0.471
2,Russell Henley,28.33%,17,60,-0.412
2,Justin Rose,28.33%,17,60,-0.412
6,Cam Davis,26.67%,16,60,-0.188
6,Mackenzie Hughes,26.67%,16,60,-0.250
6,Tom Kim,26.67%,16,60,-0.250
6,Seamus Power,26.67%,16,60,-0.375
6,Adam Schenk,26.67%,16,60,-0.375
6,Cameron Young,26.67%,16,60,-0.500
12,Keegan Bradley,25.00%,15,60,-0.533
12,Lee Hodges,25.00%,15,60,-0.400
12,Davis Riley,25.00%,15,60,-0.067
12,Patrick Rodgers,25.00%,15,60,-0.333
12,Scottie Scheffler,25.00%,15,60,-0.600
17,Wyndham Clark,23.33%,14,60,-0.286
17,Tony Finau,23.33%,14,60,-0.643
17,Adam Hadwin,23.33%,14,60,-0.214
17,Viktor Hovland,23.33%,14,60,-0.357
17,Sungjae Im,23.33%,14,60,-0.143
17,Kurt Kitayama,23.33%,14,60,-0.500
17,Jordan Spieth,23.33%,14,60,-0.357
24,Ludvig Åberg,21.67%,13,60,-0.538
24,Byeong Hun An,21.67%,13,60,-0.615
24,Chris Kirk,21.67%,13,60,-0.462
24,Luke List,21.67%,13,60,-0.385
24,J.T. Poston,21.67%,13,60,-0.692
24,Xander Schauffele,21.67%,13,60,-0.462
24,Nick Taylor,21.67%,13,60,-0.462
24,Sahith Theegala,21.67%,13,60,-0.615
24,Matt Wallace,21.67%,13,60,-0.231
33,Sam Burns,20.00%,12,60,-0.083
33,Corey Conners,20.00%,12,60,-0.167
33,Harris English,20.00%,12,60,-0.500
33,Matt Fitzpatrick,20.00%,12,60,-0.417
33,Tommy Fleetwood,20.00%,12,60,-0.333
33,Denny McCarthy,20.00%,12,60,-0.583
33,Collin Morikawa,20.00%,12,60,-0.333
33,Vincent Norrman,20.00%,12,60,-0.083
33,Andrew Putnam,20.00%,12,60,-0.333
42,Akshay Bhatia,18.33%,11,60,-0.455
42,Jason Day,18.33%,11,60,-0.636
42,Emiliano Grillo,18.33%,11,60,-0.091
42,Nick Hardy,18.33%,11,60,-0.455
42,Brian Harman,18.33%,11,60,-0.636
42,Tom Hoge,18.33%,11,60,-0.545
42,Si Woo Kim,18.33%,11,60,-0.727
42,Hideki Matsuyama,18.33%,11,60,-0.364
42,Brendon Todd,18.33%,11,60,-0.273
42,Erik van Rooyen,18.33%,11,60,-0.727
52,Max Homa,16.67%,10,60,-0.400
52,Sepp Straka,16.67%,10,60,-0.500
52,Adam Svensson,16.67%,10,60,-0.300
52,Camilo Villegas,16.67%,10,60,-0.400
56,Patrick Cantlay,15.00%,9,60,-0.667
56,Rickie Fowler,15.00%,9,60,-0.444
58,Taylor Moore,13.33%,8,60,-0.250
59,Lucas Glover,6.67%,4,60,-1.000
