rank,player,%,Total Drives for 240-260,Total Drives - Overall,Relative to Par
1,Camilo Villegas,20.00%,12,60,-0.250
2,Russell Henley,16.67%,10,60,-0.100
2,Brendon Todd,16.67%,10,60,E
4,Nico Echavarria,13.33%,8,60,-0.250
4,Brian Harman,13.33%,8,60,E
4,Si Woo Kim,13.33%,8,60,-0.125
4,Andrew Putnam,13.33%,8,60,-0.375
8,Keegan Bradley,11.67%,7,60,+0.143
8,Lucas Glover,11.67%,7,60,-0.429
8,Mackenzie Hughes,11.67%,7,60,-0.143
11,Rickie Fowler,10.00%,6,60,+0.500
11,Adam Hadwin,10.00%,6,60,+0.333
11,Collin Morikawa,10.00%,6,60,E
11,Seamus Power,10.00%,6,60,E
11,Adam Svensson,10.00%,6,60,E
11,Nick Taylor,10.00%,6,60,E
17,Byeong Hun An,8.33%,5,60,-0.400
17,Corey Conners,8.33%,5,60,E
17,Matt Fitzpatrick,8.33%,5,60,+0.200
17,Tommy Fleetwood,8.33%,5,60,E
17,Emiliano Grillo,8.33%,5,60,+0.400
17,Lee Hodges,8.33%,5,60,E
17,Tom Hoge,8.33%,5,60,+0.200
17,Max Homa,8.33%,5,60,E
17,Hideki Matsuyama,8.33%,5,60,-0.400
17,Denny McCarthy,8.33%,5,60,+0.200
17,J.T. Poston,8.33%,5,60,-0.200
17,Sepp Straka,8.33%,5,60,+0.400
29,Eric Cole,6.67%,4,60,-0.250
29,Tony Finau,6.67%,4,60,+0.250
29,Tyrrell Hatton,6.67%,4,60,-0.500
29,Justin Rose,6.67%,4,60,-0.500
29,Xander Schauffele,6.67%,4,60,E
29,Jordan Spieth,6.67%,4,60,-0.750
35,Akshay Bhatia,5.00%,3,60,-0.667
35,Sam Burns,5.00%,3,60,E
35,Patrick Cantlay,5.00%,3,60,-0.333
35,Sungjae Im,5.00%,3,60,-0.333
35,Tom Kim,5.00%,3,60,+0.333
35,Chris Kirk,5.00%,3,60,E
35,Taylor Moore,5.00%,3,60,-0.333
35,Vincent Norrman,5.00%,3,60,+0.333
35,Davis Riley,5.00%,3,60,E
35,Scottie Scheffler,5.00%,3,60,E
35,Sahith Theegala,5.00%,3,60,-0.667
35,Erik van Rooyen,5.00%,3,60,+0.333
35,Matt Wallace,5.00%,3,60,-0.333
48,Ludvig Åberg,3.33%,2,60,+0.500
48,Wyndham Clark,3.33%,2,60,E
48,Cam Davis,3.33%,2,60,-0.500
48,Jason Day,3.33%,2,60,E
48,Harris English,3.33%,2,60,E
48,Nick Hardy,3.33%,2,60,+0.500
48,Luke List,3.33%,2,60,E
48,Patrick Rodgers,3.33%,2,60,E
48,Cameron Young,3.33%,2,60,+2.000
57,Kurt Kitayama,1.67%,1,60,E
57,Adam Schenk,1.67%,1,60,E
59,Viktor Hovland,.00%,0,60,-
