rank,player,%,Total Drives for 280-300,Total Drvs - overall,Relative to par
1,Keegan Bradley,75.00%,6,8,-0.83
1,Eric Cole,75.00%,6,8,-0.67
1,Cam Davis,75.00%,6,8,-0.67
1,Tony Finau,75.00%,6,8,-0.67
1,Tyrrell Hatton,75.00%,6,8,-0.50
1,Sahith Theegala,75.00%,6,8,-0.67
1,Matt Wallace,75.00%,6,8,-0.17
8,Wyndham Clark,62.50%,5,8,-0.40
8,Lee Hodges,62.50%,5,8,-0.60
8,Kurt Kitayama,62.50%,5,8,-0.60
8,Patrick Rodgers,62.50%,5,8,-0.80
8,Justin Rose,62.50%,5,8,-0.40
8,Scottie Scheffler,62.50%,5,8,-1.20
8,Adam Schenk,62.50%,5,8,-1.00
8,Cameron Young,62.50%,5,8,-1.00
16,Ludvig Åberg,50.00%,4,8,-0.75
16,Patrick Cantlay,50.00%,4,8,-0.75
16,Nico Echavarria,50.00%,4,8,-0.50
16,Harris English,50.00%,4,8,-1.00
16,Matt Fitzpatrick,50.00%,4,8,-1.00
16,Tom Kim,50.00%,4,8,-0.75
16,Chris Kirk,50.00%,4,8,-0.75
16,Luke List,50.00%,4,8,-0.75
16,Hideki Matsuyama,50.00%,4,8,-1.00
16,Vincent Norrman,50.00%,4,8,-0.75
16,Seamus Power,50.00%,4,8,-0.75
16,Andrew Putnam,50.00%,4,8,-0.25
16,Xander Schauffele,50.00%,4,8,-0.50
16,Jordan Spieth,50.00%,4,8,-0.50
16,Erik van Rooyen,50.00%,4,8,-0.50
31,Byeong Hun An,37.50%,3,8,-0.33
31,Sam Burns,37.50%,3,8,E
31,Jason Day,37.50%,3,8,-0.67
31,Rickie Fowler,37.50%,3,8,-0.67
31,Emiliano Grillo,37.50%,3,8,E
31,Brian Harman,37.50%,3,8,-1.33
31,Russell Henley,37.50%,3,8,-0.67
31,Viktor Hovland,37.50%,3,8,-1.00
31,Si Woo Kim,37.50%,3,8,-0.67
31,Collin Morikawa,37.50%,3,8,-1.00
31,J.T. Poston,37.50%,3,8,-0.67
31,Adam Svensson,37.50%,3,8,-1.00
31,Brendon Todd,37.50%,3,8,-0.67
31,Camilo Villegas,37.50%,3,8,-0.33
45,Akshay Bhatia,25.00%,2,8,-0.50
45,Tommy Fleetwood,25.00%,2,8,-1.00
45,Lucas Glover,25.00%,2,8,-1.00
45,Adam Hadwin,25.00%,2,8,-1.00
45,Nick Hardy,25.00%,2,8,-1.00
45,Tom Hoge,25.00%,2,8,-1.00
45,Max Homa,25.00%,2,8,-0.50
45,Mackenzie Hughes,25.00%,2,8,-0.50
45,Sungjae Im,25.00%,2,8,-0.50
45,Denny McCarthy,25.00%,2,8,-1.00
45,Taylor Moore,25.00%,2,8,-0.50
45,Davis Riley,25.00%,2,8,-0.50
45,Sepp Straka,25.00%,2,8,-1.00
45,Nick Taylor,25.00%,2,8,-1.00
59,Corey Conners,12.50%,1,8,E
