rank,player,%,Total Drives for <= 240,Total Drives - Overall,Relative to Par
1,Lucas Glover,8.33%,5,60,E
2,Rickie Fowler,6.67%,4,60,-0.250
2,Tom Hoge,6.67%,4,60,E
2,Denny McCarthy,6.67%,4,60,+1.250
2,Andrew Putnam,6.67%,4,60,E
2,Justin Rose,6.67%,4,60,+0.750
2,Adam Svensson,6.67%,4,60,E
2,Camilo Villegas,6.67%,4,60,E
9,Jason Day,5.00%,3,60,+0.333
9,Russell Henley,5.00%,3,60,-0.333
9,Tom Kim,5.00%,3,60,E
9,Chris Kirk,5.00%,3,60,E
9,Taylor Moore,5.00%,3,60,-0.333
9,J.T. Poston,5.00%,3,60,-0.333
9,Seamus Power,5.00%,3,60,E
9,Brendon Todd,5.00%,3,60,E
17,Eric Cole,3.33%,2,60,-0.500
17,Cam Davis,3.33%,2,60,+1.000
17,Harris English,3.33%,2,60,E
17,Tommy Fleetwood,3.33%,2,60,-0.500
17,Emiliano Grillo,3.33%,2,60,E
17,Adam Hadwin,3.33%,2,60,E
17,Tyrrell Hatton,3.33%,2,60,+1.500
17,Si Woo Kim,3.33%,2,60,+0.500
17,Kurt Kitayama,3.33%,2,60,E
17,Jordan Spieth,3.33%,2,60,E
17,Nick Taylor,3.33%,2,60,E
28,Byeong Hun An,1.67%,1,60,-1.000
28,Sam Burns,1.67%,1,60,-1.000
28,Corey Conners,1.67%,1,60,E
28,Mackenzie Hughes,1.67%,1,60,E
28,Sungjae Im,1.67%,1,60,+1.000
28,Luke List,1.67%,1,60,E
28,Patrick Rodgers,1.67%,1,60,-1.000
28,Xander Schauffele,1.67%,1,60,E
28,Scottie Scheffler,1.67%,1,60,-1.000
28,Adam Schenk,1.67%,1,60,E
28,Sepp Straka,1.67%,1,60,E
28,Sahith Theegala,1.67%,1,60,E
28,Matt Wallace,1.67%,1,60,E
28,Cameron Young,1.67%,1,60,E
42,Ludvig Åberg,.00%,0,60,-
42,Akshay Bhatia,.00%,0,60,-
42,Keegan Bradley,.00%,0,60,-
42,Patrick Cantlay,.00%,0,60,-
42,Wyndham Clark,.00%,0,60,-
42,Nico Echavarria,.00%,0,60,-
42,Tony Finau,.00%,0,60,-
42,Matt Fitzpatrick,.00%,0,60,-
42,Nick Hardy,.00%,0,60,-
42,Brian Harman,.00%,0,60,-
42,Lee Hodges,.00%,0,60,-
42,Max Homa,.00%,0,60,-
42,Viktor Hovland,.00%,0,60,-
42,Hideki Matsuyama,.00%,0,60,-
42,Collin Morikawa,.00%,0,60,-
42,Vincent Norrman,.00%,0,60,-
42,Davis Riley,.00%,0,60,-
42,Erik van Rooyen,.00%,0,60,-
