rank,player,%,Total Drives for 260-280,Total Drvs - overall,Relative to par
1,Nick Taylor,62.50%,5,8,-0.60
2,Tommy Fleetwood,50.00%,4,8,E
2,Lucas Glover,50.00%,4,8,-0.75
2,Emiliano Grillo,50.00%,4,8,-0.50
2,Brian Harman,50.00%,4,8,-1.00
2,Si Woo Kim,50.00%,4,8,-0.50
2,Seamus Power,50.00%,4,8,-0.25
8,Byeong Hun An,37.50%,3,8,-0.33
8,Akshay Bhatia,37.50%,3,8,-0.67
8,Corey Conners,37.50%,3,8,-1.00
8,Nico Echavarria,37.50%,3,8,-1.00
8,Rickie Fowler,37.50%,3,8,-0.67
8,Adam Hadwin,37.50%,3,8,E
8,Sungjae Im,37.50%,3,8,-0.67
8,Luke List,37.50%,3,8,E
8,Denny McCarthy,37.50%,3,8,-0.33
8,Collin Morikawa,37.50%,3,8,-0.67
8,J.T. Poston,37.50%,3,8,E
8,Sepp Straka,37.50%,3,8,-1.00
8,Brendon Todd,37.50%,3,8,-1.33
8,Camilo Villegas,37.50%,3,8,+0.33
22,Keegan Bradley,25.00%,2,8,E
22,Harris English,25.00%,2,8,-1.00
22,Tony Finau,25.00%,2,8,-0.50
22,Nick Hardy,25.00%,2,8,-0.50
22,Tom Hoge,25.00%,2,8,-0.50
22,Max Homa,25.00%,2,8,-0.50
22,Mackenzie Hughes,25.00%,2,8,-0.50
22,Tom Kim,25.00%,2,8,-1.50
22,Chris Kirk,25.00%,2,8,-1.00
22,Andrew Putnam,25.00%,2,8,-1.00
22,Davis Riley,25.00%,2,8,-1.00
22,Justin Rose,25.00%,2,8,E
22,Jordan Spieth,25.00%,2,8,+1.00
22,Adam Svensson,25.00%,2,8,-0.50
22,Erik van Rooyen,25.00%,2,8,+0.50
37,Sam Burns,12.50%,1,8,E
37,Patrick Cantlay,12.50%,1,8,-1.00
37,Eric Cole,12.50%,1,8,-1.00
37,Cam Davis,12.50%,1,8,E
37,Jason Day,12.50%,1,8,-1.00
37,Matt Fitzpatrick,12.50%,1,8,E
37,Russell Henley,12.50%,1,8,-1.00
37,Lee Hodges,12.50%,1,8,+1.00
37,Viktor Hovland,12.50%,1,8,E
37,Kurt Kitayama,12.50%,1,8,-1.00
37,Hideki Matsuyama,12.50%,1,8,E
37,Taylor Moore,12.50%,1,8,-1.00
37,Vincent Norrman,12.50%,1,8,E
37,Patrick Rodgers,12.50%,1,8,E
37,Adam Schenk,12.50%,1,8,E
37,Sahith Theegala,12.50%,1,8,E
37,Matt Wallace,12.50%,1,8,+1.00
37,Cameron Young,12.50%,1,8,E
55,Ludvig Åberg,.00%,0,8,E
55,Wyndham Clark,.00%,0,8,E
55,Tyrrell Hatton,.00%,0,8,E
55,Xander Schauffele,.00%,0,8,E
55,Scottie Scheffler,.00%,0,8,E
