rank,player,Avg,Total Strokes,Total Holes
1,Jimmy Walker,32.25,129,4
2,Sangmoon Bae,33.50,134,4
2,Chris Kirk,33.50,134,4
4,Hideki Matsuyama,33.75,135,4
4,Patrick Reed,33.75,135,4
4,Scott Stallings,33.75,135,4
4,Bubba Watson,33.75,135,4
8,Jason Day,34.00,136,4
8,Brendon Todd,34.00,136,4
10,Steven Bowditch,34.25,137,4
10,Russell Henley,34.25,137,4
10,Zach Johnson,34.25,137,4
10,Matt Kuchar,34.25,137,4
10,S.Y. Noh,34.25,137,4
10,Robert Streb,34.25,137,4
16,Matt Jones,34.50,138,4
16,Ben Martin,34.50,138,4
16,John Senden,34.50,138,4
19,Brian Harman,34.75,139,4
19,Charley Hoffman,34.75,139,4
19,Hunter Mahan,34.75,139,4
19,Geoff Ogilvy,34.75,139,4
23,Billy Horschel,35.00,140,4
23,Ryan Moore,35.00,140,4
25,Tim Clark,35.25,141,4
25,Chesson Hadley,35.25,141,4
25,Kevin Streelman,35.25,141,4
28,Ángel Cabrera,35.50,142,4
28,Ben Crane,35.50,142,4
28,J.B. Holmes,35.50,142,4
28,Nick Taylor,35.50,142,4
32,Camilo Villegas,35.75,143,4
33,Matt Every,36.50,146,4
