rank,player,Avg,Total Strokes,Total Rounds
1,Sangmoon Bae,30.00,30,1
2,Russell Henley,31.00,31,1
3,Chris Kirk,32.00,32,1
3,Matt Kuchar,32.00,32,1
5,Jason Day,33.00,33,1
5,Zach Johnson,33.00,33,1
5,Ryan Moore,33.00,33,1
5,Patrick Reed,33.00,33,1
5,Nick Taylor,33.00,33,1
5,Jimmy Walker,33.00,33,1
5,Bubba Watson,33.00,33,1
12,Steven Bowditch,34.00,34,1
12,Ángel Cabrera,34.00,34,1
12,J.B. Holmes,34.00,34,1
12,Matt Jones,34.00,34,1
12,Ben Martin,34.00,34,1
12,Hideki Matsuyama,34.00,34,1
12,John Senden,34.00,34,1
12,Robert Streb,34.00,34,1
12,Kevin Streelman,34.00,34,1
21,Tim Clark,35.00,35,1
21,Charley Hoffman,35.00,35,1
21,Hunter Mahan,35.00,35,1
21,S.Y. Noh,35.00,35,1
21,Geoff Ogilvy,35.00,35,1
21,Scott Stallings,35.00,35,1
27,Brian Harman,36.00,36,1
27,Brendon Todd,36.00,36,1
27,Camilo Villegas,36.00,36,1
30,Chesson Hadley,37.00,37,1
30,Billy Horschel,37.00,37,1
32,Matt Every,38.00,38,1
33,Ben Crane,39.00,39,1
