rank,player,Avg,Total Strokes,Total Rounds
1,Brian Harman,31.00,31,1
2,Jason Day,32.00,32,1
2,Chris Kirk,32.00,32,1
2,Jimmy Walker,32.00,32,1
5,Zach Johnson,33.00,33,1
5,Matt Jones,33.00,33,1
5,Scott Stallings,33.00,33,1
8,Steven Bowditch,34.00,34,1
8,Charley Hoffman,34.00,34,1
8,Matt Kuchar,34.00,34,1
8,Hideki Matsuyama,34.00,34,1
8,Patrick Reed,34.00,34,1
8,Robert Streb,34.00,34,1
8,Brendon Todd,34.00,34,1
15,Tim Clark,35.00,35,1
15,Ben Crane,35.00,35,1
15,Chesson Hadley,35.00,35,1
15,Billy Horschel,35.00,35,1
15,Ben Martin,35.00,35,1
15,S.Y. Noh,35.00,35,1
15,John Senden,35.00,35,1
15,Bubba Watson,35.00,35,1
23,Russell Henley,36.00,36,1
23,Hunter Mahan,36.00,36,1
23,Ryan Moore,36.00,36,1
23,Geoff Ogilvy,36.00,36,1
23,Kevin Streelman,36.00,36,1
28,Sangmoon Bae,37.00,37,1
28,Matt Every,37.00,37,1
28,J.B. Holmes,37.00,37,1
28,Nick Taylor,37.00,37,1
32,Ángel Cabrera,38.00,38,1
32,Camilo Villegas,38.00,38,1
