rank,player,Low Rnd
1,Sangmoon Bae,30
2,Brian Harman,31
2,Russell Henley,31
4,Tim Clark,32
4,Jason Day,32
4,Chris Kirk,32
4,Matt Kuchar,32
4,Brendon Todd,32
4,Jimmy Walker,32
4,Bubba Watson,32
11,Chesson Hadley,33
11,J.B. Holmes,33
11,Zach Johnson,33
11,Matt Jones,33
11,Hideki Matsuyama,33
11,Ryan Moore,33
11,S.Y. Noh,33
11,Patrick Reed,33
11,Scott Stallings,33
11,Nick Taylor,33
21,Steven Bowditch,34
21,Ángel Cabrera,34
21,Ben Crane,34
21,Charley Hoffman,34
21,Billy Horschel,34
21,Hunter Mahan,34
21,Ben Martin,34
21,Geoff Ogilvy,34
21,John Senden,34
21,Robert Streb,34
21,Kevin Streelman,34
21,Camilo Villegas,34
33,Matt Every,35
