rank,player,%,Greens Hit,Total Holes,Relative to par
1,Matt McCarty,92.31%,12,13,E
2,Justin Lower,90.91%,10,11,-0.20
3,Tom Kim,90.00%,9,10,E
4,Bud Cauley,84.62%,11,13,+0.09
4,Ryan Gerard,84.62%,11,13,-0.09
6,Mark Hubbard,83.33%,10,12,E
6,Robert MacIntyre,83.33%,10,12,-0.10
8,Keith Mitchell,81.82%,9,11,-0.22
9,Russell Henley,80.00%,12,15,-0.33
9,Gary Woodland,80.00%,12,15,-0.17
11,J.J. Spaun,78.57%,11,14,-0.27
11,Nick Taylor,78.57%,11,14,-0.18
13,Keegan Bradley,77.78%,7,9,E
14,C.T. Pan,76.92%,10,13,+0.10
14,Paul Peterson,76.92%,10,13,-0.10
16,Sahith Theegala,76.47%,13,17,E
17,Zach Johnson,75.00%,9,12,E
17,Andrew Putnam,75.00%,12,16,E
19,Nate Lashley,73.33%,11,15,E
20,Kevin Streelman,72.73%,8,11,E
21,Chan Kim,72.22%,13,18,-0.15
22,Ben Kohles,71.43%,10,14,-0.60
22,Alex Smalley,71.43%,10,14,E
24,Eric Cole,70.59%,12,17,-0.50
24,Stephan Jaeger,70.59%,12,17,-0.08
24,David Lipsky,70.59%,12,17,-0.17
27,Taylor Pendrith,70.00%,7,10,-0.14
27,Erik van Rooyen,70.00%,7,10,-0.14
29,Brian Harman,69.23%,9,13,E
29,Ben Martin,69.23%,9,13,+0.11
29,Henrik Norlander,69.23%,9,13,-0.11
32,Lucas Glover,66.67%,8,12,-0.25
32,James Hahn,66.67%,8,12,-0.13
32,Rico Hoey,66.67%,8,12,-0.25
32,Sam Stevens,66.67%,10,15,+0.10
36,Adam Svensson,65.00%,13,20,-0.15
37,Charley Hoffman,63.64%,7,11,-0.14
38,Nick Dunlap,62.50%,10,16,-0.20
39,Nico Echavarria,61.54%,8,13,-0.13
39,Adam Hadwin,61.54%,8,13,E
41,Aaron Baddeley,61.11%,11,18,-0.18
41,Jeremy Paul,61.11%,11,18,E
43,Taylor Montgomery,60.00%,9,15,+0.11
43,Webb Simpson,60.00%,6,10,-0.33
43,Jackson Suber,60.00%,6,10,-0.17
46,Thomas Rosenmueller,58.82%,10,17,-0.30
47,Cristobal Del Solar,58.33%,7,12,E
48,Tom Hoge,57.14%,8,14,-0.38
48,Mac Meissner,57.14%,8,14,-0.38
50,Adam Schenk,55.56%,5,9,E
51,Vince Whaley,54.55%,6,11,E
52,Doug Ghim,53.85%,7,13,E
52,Matt Kuchar,53.85%,7,13,-0.14
54,Kurt Kitayama,53.33%,8,15,-0.13
54,Denny McCarthy,53.33%,8,15,-0.50
56,Sepp Straka,52.94%,9,17,-0.33
57,Patrick Fishburn,50.00%,10,20,-0.20
57,Brice Garnett,50.00%,6,12,-0.50
57,Ben Griffin,50.00%,6,12,-0.33
57,Vincent Norrman,50.00%,6,12,-0.33
57,Sam Ryder,50.00%,5,10,+0.20
62,Frankie Capan III,47.06%,8,17,E
62,Greyson Sigg,47.06%,8,17,-0.38
64,Ryo Hisatsune,46.67%,7,15,-0.14
65,Taylor Dickson,46.15%,6,13,-0.33
65,Lee Hodges,46.15%,6,13,-0.67
65,Kevin Roy,46.15%,6,13,E
68,Hideki Matsuyama,45.45%,5,11,-0.20
68,Maverick McNealy,45.45%,5,11,-0.60
70,Kensei Hirata,42.86%,6,14,E
71,Thomas Detry,41.67%,5,12,-0.20
72,Brandt Snedeker,40.00%,4,10,E
72,Jesper Svensson,40.00%,4,10,-0.25
74,Harry Hall,38.46%,5,13,E
75,Ben Silverman,30.77%,4,13,E
76,Luke List,25.00%,3,12,-0.33
