rank,player,%,Greens Hit,# of holes
1,Andrew Putnam,78.95%,15,19
2,Ryan Gerard,75.00%,18,24
3,Stephan Jaeger,74.07%,20,27
3,J.J. Spaun,74.07%,20,27
5,Matt McCarty,73.91%,17,23
6,Taylor Pendrith,73.68%,14,19
7,Mac Meissner,72.00%,18,25
8,Keegan Bradley,71.43%,15,21
8,Nick Taylor,71.43%,15,21
10,Chan Kim,70.83%,17,24
11,Sam Stevens,70.37%,19,27
12,Charley Hoffman,69.23%,18,26
13,Cristobal Del Solar,66.67%,20,30
13,Lee Hodges,66.67%,14,21
13,Tom Hoge,66.67%,18,27
13,Tom Kim,66.67%,18,27
13,Robert MacIntyre,66.67%,16,24
13,Jesper Svensson,66.67%,18,27
19,Nico Echavarria,65.38%,17,26
19,Adam Schenk,65.38%,17,26
21,Ben Martin,65.00%,13,20
21,Thomas Rosenmueller,65.00%,13,20
21,Sahith Theegala,65.00%,13,20
24,Zach Johnson,64.71%,11,17
25,Bud Cauley,63.64%,14,22
25,Justin Lower,63.64%,14,22
27,Brandt Snedeker,63.16%,12,19
27,Kevin Streelman,63.16%,12,19
27,Gary Woodland,63.16%,12,19
30,Kurt Kitayama,62.50%,15,24
30,Taylor Montgomery,62.50%,20,32
32,Matt Kuchar,61.11%,11,18
33,Taylor Dickson,60.87%,14,23
33,Nate Lashley,60.87%,14,23
35,James Hahn,60.71%,17,28
36,Luke List,60.00%,15,25
36,Adam Svensson,60.00%,15,25
38,Ben Griffin,59.26%,16,27
39,Thomas Detry,59.09%,13,22
39,Erik van Rooyen,59.09%,13,22
41,Doug Ghim,58.33%,14,24
42,Sam Ryder,57.69%,15,26
43,Brice Garnett,57.14%,8,14
43,Rico Hoey,57.14%,12,21
43,Henrik Norlander,57.14%,8,14
43,Jeremy Paul,57.14%,12,21
43,Alex Smalley,57.14%,12,21
48,Brian Harman,56.52%,13,23
49,Ryo Hisatsune,56.00%,14,25
49,Hideki Matsuyama,56.00%,14,25
49,Vincent Norrman,56.00%,14,25
52,Denny McCarthy,55.17%,16,29
53,Kevin Roy,55.00%,11,20
54,Nick Dunlap,53.57%,15,28
55,Jackson Suber,53.13%,17,32
56,Russell Henley,52.94%,9,17
56,Paul Peterson,52.94%,9,17
58,Patrick Fishburn,52.17%,12,23
59,Keith Mitchell,52.00%,13,25
60,Eric Cole,50.00%,11,22
60,Adam Hadwin,50.00%,14,28
60,Kensei Hirata,50.00%,8,16
60,Mark Hubbard,50.00%,8,16
60,Maverick McNealy,50.00%,11,22
60,Greyson Sigg,50.00%,10,20
66,Harry Hall,48.48%,16,33
67,David Lipsky,48.00%,12,25
68,Frankie Capan III,47.83%,11,23
69,C.T. Pan,47.62%,10,21
70,Lucas Glover,46.67%,7,15
71,Vince Whaley,46.43%,13,28
72,Webb Simpson,45.83%,11,24
73,Sepp Straka,42.86%,6,14
74,Ben Silverman,41.67%,10,24
75,Aaron Baddeley,40.74%,11,27
76,Ben Kohles,37.50%,6,16
