rank,player,%,Greens Hit,Total Holes,Relative to par
1,Zach Johnson,88.89%,16,18,-0.25
2,Frankie Capan III,88.24%,15,17,-0.27
2,Sam Stevens,88.24%,15,17,-0.13
4,Luke List,85.71%,12,14,E
5,Andrew Putnam,82.61%,19,23,-0.11
6,J.J. Spaun,82.35%,14,17,-0.21
7,Denny McCarthy,80.95%,17,21,-0.47
8,Keegan Bradley,80.00%,16,20,-0.25
8,Adam Hadwin,80.00%,8,10,-0.38
10,Eric Cole,78.57%,11,14,-0.45
10,Nico Echavarria,78.57%,11,14,-0.45
10,Jeremy Paul,78.57%,11,14,E
13,Justin Lower,76.47%,13,17,-0.23
13,Mac Meissner,76.47%,13,17,-0.38
15,Ben Kohles,76.00%,19,25,-0.21
16,Patrick Fishburn,75.00%,9,12,+0.22
16,Mark Hubbard,75.00%,15,20,-0.27
16,Nate Lashley,75.00%,12,16,-0.08
16,Taylor Montgomery,75.00%,12,16,-0.25
16,Vincent Norrman,75.00%,12,16,-0.08
21,Charley Hoffman,73.33%,11,15,E
22,Harry Hall,72.73%,8,11,E
22,Ben Martin,72.73%,16,22,-0.31
22,Alex Smalley,72.73%,16,22,-0.19
25,Tom Kim,72.22%,13,18,E
26,Ryo Hisatsune,71.43%,10,14,-0.10
26,Brandt Snedeker,71.43%,15,21,-0.27
28,Thomas Detry,70.59%,12,17,E
28,Ryan Gerard,70.59%,12,17,-0.25
30,Nick Dunlap,70.00%,14,20,-0.29
30,Henrik Norlander,70.00%,14,20,-0.07
30,Webb Simpson,70.00%,14,20,E
33,Brian Harman,69.57%,16,23,-0.19
34,Lucas Glover,69.23%,18,26,-0.28
34,Ben Griffin,69.23%,9,13,E
36,Taylor Pendrith,68.75%,11,16,+0.09
37,Lee Hodges,68.42%,13,19,-0.23
38,Brice Garnett,68.18%,15,22,-0.13
38,Paul Peterson,68.18%,15,22,-0.27
38,Nick Taylor,68.18%,15,22,-0.20
41,Kevin Streelman,68.00%,17,25,-0.06
42,Sepp Straka,66.67%,12,18,-0.17
43,Matt Kuchar,65.00%,13,20,-0.15
43,Thomas Rosenmueller,65.00%,13,20,-0.15
45,Bud Cauley,64.71%,11,17,E
45,James Hahn,64.71%,11,17,-0.27
45,Matt McCarty,64.71%,11,17,+0.09
48,Robert MacIntyre,64.29%,9,14,-0.33
48,Kevin Roy,64.29%,9,14,-0.11
50,Kensei Hirata,63.64%,14,22,-0.36
50,Stephan Jaeger,63.64%,7,11,-0.29
52,Taylor Dickson,63.16%,12,19,E
52,Chan Kim,63.16%,12,19,+0.08
52,Adam Schenk,63.16%,12,19,-0.33
55,David Lipsky,62.50%,10,16,-0.10
56,Jackson Suber,61.54%,8,13,-0.13
57,Adam Svensson,61.11%,11,18,-0.27
58,Cristobal Del Solar,60.00%,9,15,-0.22
58,Tom Hoge,60.00%,12,20,+0.08
58,Hideki Matsuyama,60.00%,12,20,-0.08
58,Sam Ryder,60.00%,12,20,-0.50
58,Gary Woodland,60.00%,9,15,-0.33
63,Kurt Kitayama,58.82%,10,17,-0.10
63,C.T. Pan,58.82%,10,17,-0.20
65,Rico Hoey,57.89%,11,19,-0.18
65,Vince Whaley,57.89%,11,19,-0.36
67,Doug Ghim,57.14%,12,21,-0.08
67,Greyson Sigg,57.14%,8,14,+0.13
69,Aaron Baddeley,55.56%,10,18,-0.20
69,Maverick McNealy,55.56%,10,18,-0.10
71,Ben Silverman,53.85%,7,13,-0.29
72,Keith Mitchell,50.00%,7,14,E
72,Sahith Theegala,50.00%,9,18,E
72,Erik van Rooyen,50.00%,9,18,-0.11
75,Jesper Svensson,42.86%,6,14,-0.33
76,Russell Henley,41.67%,5,12,-0.20
