rank,player,%,Greens Hit,Total Holes,Relative to par
1,Aaron Baddeley,100.00%,3,3,E
1,Thomas Detry,100.00%,5,5,-0.20
1,Ryan Gerard,100.00%,7,7,-0.57
1,Lucas Glover,100.00%,6,6,-0.17
1,Russell Henley,100.00%,6,6,-0.50
1,Kensei Hirata,100.00%,3,3,-0.33
1,Rico Hoey,100.00%,5,5,-0.20
1,Tom Kim,100.00%,7,7,-0.14
1,Hideki Matsuyama,100.00%,5,5,-0.40
1,Denny McCarthy,100.00%,7,7,-0.14
1,Matt McCarty,100.00%,7,7,-0.43
1,Vincent Norrman,100.00%,5,5,-0.20
1,Andrew Putnam,100.00%,2,2,E
1,Thomas Rosenmueller,100.00%,4,4,-0.25
1,Greyson Sigg,100.00%,7,7,-0.43
1,Ben Silverman,100.00%,9,9,-0.22
1,Sepp Straka,100.00%,7,7,-0.29
18,Keegan Bradley,91.67%,11,12,-0.45
18,Taylor Dickson,91.67%,11,12,-0.27
18,Charley Hoffman,91.67%,11,12,-0.09
21,Kurt Kitayama,90.91%,10,11,-0.20
21,Gary Woodland,90.91%,10,11,-0.50
23,Matt Kuchar,90.00%,9,10,-0.67
23,Robert MacIntyre,90.00%,9,10,-0.22
23,Taylor Pendrith,90.00%,9,10,-0.22
23,Nick Taylor,90.00%,9,10,-0.44
27,Brice Garnett,88.89%,8,9,-0.13
27,Ben Griffin,88.89%,8,9,E
27,Maverick McNealy,88.89%,8,9,-0.38
27,Kevin Roy,88.89%,8,9,-0.25
31,Alex Smalley,87.50%,7,8,-0.71
31,Sam Stevens,87.50%,7,8,-0.14
31,Sahith Theegala,87.50%,7,8,-0.14
34,Bud Cauley,85.71%,6,7,-0.67
34,Nate Lashley,85.71%,6,7,-0.33
34,Ben Martin,85.71%,6,7,-0.50
37,James Hahn,84.62%,11,13,-0.27
38,Nico Echavarria,83.33%,5,6,-0.40
38,Doug Ghim,83.33%,5,6,-0.40
38,Zach Johnson,83.33%,5,6,-0.60
38,Mac Meissner,83.33%,5,6,+0.20
38,C.T. Pan,83.33%,5,6,E
38,Adam Svensson,83.33%,5,6,-0.20
44,Chan Kim,81.82%,9,11,E
44,Taylor Montgomery,81.82%,9,11,E
46,Patrick Fishburn,80.00%,4,5,-0.50
46,Adam Hadwin,80.00%,4,5,E
46,Luke List,80.00%,8,10,-0.38
46,Jesper Svensson,80.00%,12,15,-0.50
46,Vince Whaley,80.00%,4,5,E
51,Justin Lower,77.78%,7,9,E
51,Jeremy Paul,77.78%,7,9,-0.29
51,Erik van Rooyen,77.78%,7,9,-0.57
54,Eric Cole,75.00%,9,12,-0.33
54,Ben Kohles,75.00%,3,4,E
56,Harry Hall,72.73%,8,11,-0.75
56,Lee Hodges,72.73%,8,11,-0.50
56,J.J. Spaun,72.73%,8,11,-0.50
59,Sam Ryder,71.43%,5,7,+0.20
59,Adam Schenk,71.43%,5,7,E
59,Brandt Snedeker,71.43%,5,7,-0.20
62,Brian Harman,70.00%,7,10,-0.14
62,Tom Hoge,70.00%,7,10,-0.29
64,Cristobal Del Solar,69.23%,9,13,-0.33
65,Frankie Capan III,66.67%,4,6,-0.25
65,Nick Dunlap,66.67%,2,3,E
65,Henrik Norlander,66.67%,4,6,-0.25
65,Webb Simpson,66.67%,8,12,-0.25
65,Jackson Suber,66.67%,4,6,-0.75
70,Ryo Hisatsune,63.64%,7,11,-0.14
71,Mark Hubbard,60.00%,6,10,-0.17
71,David Lipsky,60.00%,3,5,-0.67
73,Stephan Jaeger,50.00%,3,6,-0.67
73,Keith Mitchell,50.00%,2,4,E
73,Paul Peterson,50.00%,1,2,E
76,Kevin Streelman,42.86%,3,7,-0.67
