rank,player,%,Greens Hit,# of Holes
1,Nate Lashley,96.97%,32,33
2,J.J. Spaun,96.55%,28,29
3,Ben Kohles,95.00%,38,40
4,Jeremy Paul,94.29%,33,35
4,Nick Taylor,94.29%,33,35
6,Webb Simpson,93.75%,30,32
7,Charley Hoffman,93.33%,28,30
8,Tom Kim,93.10%,27,29
9,Taylor Pendrith,91.89%,34,37
10,Alex Smalley,91.43%,32,35
11,Harry Hall,91.30%,21,23
12,Sepp Straka,90.48%,38,42
13,Vincent Norrman,90.32%,28,31
14,Greyson Sigg,88.89%,32,36
15,C.T. Pan,88.57%,31,35
16,Eric Cole,88.24%,30,34
17,Ben Silverman,87.50%,28,32
18,Adam Svensson,87.10%,27,31
19,Matt Kuchar,86.84%,33,38
20,Brandt Snedeker,86.49%,32,37
21,Aaron Baddeley,86.21%,25,29
22,Sahith Theegala,86.11%,31,36
23,Keegan Bradley,85.71%,30,35
23,Adam Hadwin,85.71%,24,28
25,Thomas Detry,85.29%,29,34
25,Erik van Rooyen,85.29%,29,34
27,Cristobal Del Solar,84.62%,22,26
27,Zach Johnson,84.62%,33,39
27,Paul Peterson,84.62%,33,39
30,Ryan Gerard,84.38%,27,32
30,Chan Kim,84.38%,27,32
32,Luke List,83.87%,26,31
32,Hideki Matsuyama,83.87%,26,31
32,Mac Meissner,83.87%,26,31
32,Keith Mitchell,83.87%,26,31
36,Gary Woodland,83.78%,31,37
37,Henrik Norlander,83.33%,35,42
37,Kevin Roy,83.33%,30,36
37,Adam Schenk,83.33%,25,30
40,Lucas Glover,82.93%,34,41
41,Sam Stevens,82.76%,24,29
42,Bud Cauley,82.35%,28,34
43,Nick Dunlap,82.14%,23,28
44,Russell Henley,82.05%,32,39
45,Patrick Fishburn,81.82%,27,33
45,Brian Harman,81.82%,27,33
45,Matt McCarty,81.82%,27,33
48,Denny McCarthy,81.48%,22,27
49,Robert MacIntyre,81.25%,26,32
50,Andrew Putnam,81.08%,30,37
51,Ryo Hisatsune,80.65%,25,31
51,David Lipsky,80.65%,25,31
53,Nico Echavarria,80.00%,24,30
53,Rico Hoey,80.00%,28,35
55,Justin Lower,79.41%,27,34
55,Maverick McNealy,79.41%,27,34
57,Ben Griffin,79.31%,23,29
57,Stephan Jaeger,79.31%,23,29
59,Brice Garnett,78.57%,33,42
59,James Hahn,78.57%,22,28
59,Vince Whaley,78.57%,22,28
62,Kurt Kitayama,78.13%,25,32
63,Ben Martin,77.78%,28,36
64,Kensei Hirata,77.50%,31,40
64,Mark Hubbard,77.50%,31,40
66,Sam Ryder,76.67%,23,30
67,Frankie Capan III,75.76%,25,33
68,Thomas Rosenmueller,75.00%,27,36
68,Jackson Suber,75.00%,18,24
70,Lee Hodges,74.29%,26,35
71,Kevin Streelman,72.97%,27,37
72,Taylor Montgomery,70.83%,17,24
73,Jesper Svensson,68.97%,20,29
74,Taylor Dickson,66.67%,22,33
75,Doug Ghim,65.63%,21,32
76,Tom Hoge,65.52%,19,29
