rank,player,%,Greens Hit,# Holes,Relative/Par
1,Frankie Capan III,100.0%,4,4,-4.00
1,Thomas Detry,100.0%,3,3,E
1,Brice Garnett,100.0%,3,3,E
1,Ryan Gerard,100.0%,3,3,-2.00
1,Russell Henley,100.0%,4,4,-1.00
1,Rico Hoey,100.0%,6,6,E
1,Kurt Kitayama,100.0%,1,1,E
1,Ben Kohles,100.0%,3,3,-1.00
1,Matt Kuchar,100.0%,4,4,-1.00
1,Ben Martin,100.0%,1,1,E
1,Matt McCarty,100.0%,5,5,-1.00
1,Henrik Norlander,100.0%,1,1,-1.00
1,C.T. Pan,100.0%,4,4,-3.00
1,Paul Peterson,100.0%,3,3,E
1,Andrew Putnam,100.0%,4,4,-1.00
1,Thomas Rosenmueller,100.0%,3,3,E
1,Kevin Roy,100.0%,2,2,-1.00
1,Brandt Snedeker,100.0%,8,8,-2.00
1,Sam Stevens,100.0%,4,4,E
1,Nick Taylor,100.0%,4,4,-2.00
1,Sahith Theegala,100.0%,3,3,-1.00
1,Gary Woodland,100.0%,1,1,E
23,Nico Echavarria,88.9%,8,9,-5.00
24,James Hahn,87.5%,7,8,-4.00
25,Chan Kim,85.7%,6,7,-3.00
26,Zach Johnson,83.3%,5,6,-1.00
26,Tom Kim,83.3%,5,6,-2.00
26,J.J. Spaun,83.3%,5,6,-5.00
26,Kevin Streelman,83.3%,5,6,-3.00
26,Erik van Rooyen,83.3%,5,6,-1.00
31,Ryo Hisatsune,81.8%,9,11,-2.00
32,Doug Ghim,80.0%,4,5,+1.00
32,Mac Meissner,80.0%,4,5,-2.00
32,Greyson Sigg,80.0%,4,5,-1.00
32,Adam Svensson,80.0%,4,5,-1.00
32,Jesper Svensson,80.0%,4,5,-1.00
37,Keegan Bradley,75.0%,6,8,-1.00
37,Bud Cauley,75.0%,3,4,-1.00
37,Cristobal Del Solar,75.0%,3,4,E
37,Harry Hall,75.0%,3,4,-1.00
37,Brian Harman,75.0%,3,4,E
37,Keith Mitchell,75.0%,3,4,-1.00
37,Vincent Norrman,75.0%,3,4,-1.00
37,Adam Schenk,75.0%,3,4,-3.00
45,Justin Lower,71.4%,5,7,-2.00
46,Adam Hadwin,66.7%,4,6,E
46,Stephan Jaeger,66.7%,2,3,E
46,Nate Lashley,66.7%,2,3,E
46,Maverick McNealy,66.7%,4,6,-1.00
46,Taylor Montgomery,66.7%,4,6,-2.00
46,Jeremy Paul,66.7%,4,6,-1.00
52,Eric Cole,60.0%,3,5,-1.00
52,Patrick Fishburn,60.0%,6,10,-1.00
52,Kensei Hirata,60.0%,3,5,-1.00
52,Robert MacIntyre,60.0%,3,5,-1.00
52,Denny McCarthy,60.0%,3,5,E
52,Jackson Suber,60.0%,3,5,E
58,Lee Hodges,57.1%,4,7,-3.00
59,Lucas Glover,50.0%,1,2,E
59,Ben Griffin,50.0%,2,4,-1.00
59,Charley Hoffman,50.0%,2,4,+1.00
59,Taylor Pendrith,50.0%,2,4,E
59,Sam Ryder,50.0%,1,2,E
59,Sepp Straka,50.0%,1,2,E
65,Luke List,42.9%,3,7,-2.00
66,David Lipsky,40.0%,2,5,-1.00
66,Vince Whaley,40.0%,2,5,-1.00
68,Aaron Baddeley,33.3%,1,3,E
68,Nick Dunlap,33.3%,1,3,E
68,Tom Hoge,33.3%,2,6,-2.00
68,Hideki Matsuyama,33.3%,1,3,E
72,Mark Hubbard,20.0%,1,5,-1.00
73,Webb Simpson,16.7%,1,6,E
74,Taylor Dickson,.0%,0,3,E
74,Ben Silverman,.0%,0,3,E
74,Alex Smalley,.0%,0,2,E
