rank,player,%,Greens Hit,Total Holes,Relative to par
1,Ben Kohles,100.00%,6,6,-0.17
1,Henrik Norlander,100.00%,6,6,+0.17
3,Sam Ryder,87.50%,7,8,-0.29
4,Greyson Sigg,85.71%,6,7,E
4,Nick Taylor,85.71%,6,7,-0.17
6,Charley Hoffman,83.33%,5,6,E
6,Hideki Matsuyama,83.33%,5,6,+0.40
8,Stephan Jaeger,80.00%,4,5,-0.25
9,Sam Stevens,75.00%,3,4,E
9,Sahith Theegala,75.00%,3,4,-0.33
11,Thomas Detry,71.43%,5,7,E
11,Adam Hadwin,71.43%,5,7,E
11,Mac Meissner,71.43%,5,7,-0.40
11,Adam Schenk,71.43%,5,7,-0.20
11,Alex Smalley,71.43%,5,7,+0.20
11,Sepp Straka,71.43%,5,7,E
11,Kevin Streelman,71.43%,5,7,-0.40
18,Nick Dunlap,66.67%,6,9,-0.50
18,Brian Harman,66.67%,4,6,-0.25
18,Luke List,66.67%,4,6,E
18,Erik van Rooyen,66.67%,4,6,-0.25
22,Andrew Putnam,62.50%,5,8,E
22,Brandt Snedeker,62.50%,5,8,E
24,Thomas Rosenmueller,60.00%,3,5,E
24,J.J. Spaun,60.00%,3,5,E
26,Eric Cole,57.14%,4,7,E
26,Cristobal Del Solar,57.14%,4,7,+0.25
26,Harry Hall,57.14%,4,7,+0.50
26,Ryo Hisatsune,57.14%,4,7,+0.25
26,Jackson Suber,57.14%,4,7,E
26,Adam Svensson,57.14%,4,7,E
32,Nico Echavarria,50.00%,3,6,E
32,Patrick Fishburn,50.00%,3,6,-0.33
32,Ryan Gerard,50.00%,4,8,-0.25
32,Lucas Glover,50.00%,3,6,E
32,Ben Griffin,50.00%,4,8,-0.25
32,Russell Henley,50.00%,4,8,E
32,Kensei Hirata,50.00%,3,6,+0.33
32,Chan Kim,50.00%,4,8,-0.25
32,Nate Lashley,50.00%,4,8,E
32,David Lipsky,50.00%,4,8,E
32,Keith Mitchell,50.00%,2,4,E
32,Taylor Montgomery,50.00%,3,6,-0.33
32,Jeremy Paul,50.00%,2,4,+0.50
32,Taylor Pendrith,50.00%,2,4,+0.50
46,Taylor Dickson,44.44%,4,9,E
46,Justin Lower,44.44%,4,9,-0.50
46,Vincent Norrman,44.44%,4,9,E
49,Aaron Baddeley,42.86%,3,7,E
49,Frankie Capan III,42.86%,3,7,E
49,Ben Martin,42.86%,3,7,+0.33
49,Maverick McNealy,42.86%,3,7,E
49,Kevin Roy,42.86%,3,7,+0.33
49,Ben Silverman,42.86%,3,7,E
55,Tom Hoge,37.50%,3,8,-0.33
55,Matt Kuchar,37.50%,3,8,E
55,Denny McCarthy,37.50%,3,8,E
55,Paul Peterson,37.50%,3,8,+0.33
59,Keegan Bradley,33.33%,2,6,E
59,Bud Cauley,33.33%,2,6,-0.50
59,Mark Hubbard,33.33%,2,6,-0.50
59,Zach Johnson,33.33%,3,9,E
63,C.T. Pan,30.00%,3,10,E
64,Rico Hoey,28.57%,2,7,E
64,Robert MacIntyre,28.57%,2,7,+0.50
64,Matt McCarty,28.57%,2,7,E
67,Doug Ghim,25.00%,2,8,+0.50
67,Kurt Kitayama,25.00%,1,4,E
69,Brice Garnett,22.22%,2,9,-0.50
69,Gary Woodland,22.22%,2,9,E
71,James Hahn,20.00%,1,5,-1.00
71,Lee Hodges,20.00%,1,5,-1.00
73,Tom Kim,16.67%,1,6,-1.00
73,Jesper Svensson,16.67%,1,6,+1.00
75,Webb Simpson,14.29%,1,7,E
75,Vince Whaley,14.29%,1,7,E
