rank,player,%,Greens Hit,Total Holes,Relative to par
1,Bud Cauley,100.00%,7,7,-0.86
1,Nick Dunlap,100.00%,8,8,-0.63
1,Nico Echavarria,100.00%,8,8,-0.75
1,Patrick Fishburn,100.00%,10,10,-0.50
1,Brice Garnett,100.00%,6,6,-1.17
1,Ryan Gerard,100.00%,7,7,-0.86
1,Doug Ghim,100.00%,6,6,-0.67
1,Adam Hadwin,100.00%,7,7,-0.71
1,James Hahn,100.00%,5,5,-1.20
1,Harry Hall,100.00%,11,11,-0.64
1,Brian Harman,100.00%,9,9,-0.78
1,Russell Henley,100.00%,6,6,-1.00
1,Rico Hoey,100.00%,9,9,-0.78
1,Charley Hoffman,100.00%,9,9,-0.78
1,Tom Hoge,100.00%,6,6,-1.33
1,Zach Johnson,100.00%,7,7,-0.71
1,Chan Kim,100.00%,8,8,-0.88
1,Tom Kim,100.00%,11,11,-0.45
1,Kurt Kitayama,100.00%,11,11,-0.73
1,Ben Kohles,100.00%,9,9,-0.56
1,Matt Kuchar,100.00%,9,9,-0.44
1,Nate Lashley,100.00%,10,10,-0.70
1,David Lipsky,100.00%,8,8,-0.75
1,Ben Martin,100.00%,7,7,-0.71
1,Hideki Matsuyama,100.00%,9,9,-1.00
1,Denny McCarthy,100.00%,6,6,-0.67
1,Maverick McNealy,100.00%,10,10,-0.60
1,Keith Mitchell,100.00%,11,11,-0.45
1,Taylor Montgomery,100.00%,10,10,-0.80
1,Henrik Norlander,100.00%,8,8,-0.75
1,Vincent Norrman,100.00%,9,9,-0.56
1,C.T. Pan,100.00%,10,10,-0.80
1,Jeremy Paul,100.00%,9,9,-0.56
1,Taylor Pendrith,100.00%,9,9,-0.67
1,Paul Peterson,100.00%,8,8,-1.00
1,Andrew Putnam,100.00%,5,5,-1.00
1,Sam Ryder,100.00%,8,8,-0.75
1,Adam Schenk,100.00%,10,10,-0.60
1,Ben Silverman,100.00%,7,7,-0.86
1,Webb Simpson,100.00%,7,7,-1.00
1,Alex Smalley,100.00%,9,9,-0.78
1,Brandt Snedeker,100.00%,6,6,-0.83
1,J.J. Spaun,100.00%,6,6,-0.50
1,Sam Stevens,100.00%,8,8,-0.75
1,Sepp Straka,100.00%,8,8,-0.88
1,Kevin Streelman,100.00%,6,6,-0.83
1,Jackson Suber,100.00%,7,7,-1.29
1,Nick Taylor,100.00%,7,7,-1.00
1,Sahith Theegala,100.00%,9,9,-0.78
1,Erik van Rooyen,100.00%,9,9,-0.67
1,Vince Whaley,100.00%,10,10,-0.60
1,Gary Woodland,100.00%,10,10,-0.40
53,Robert MacIntyre,92.31%,12,13,-0.75
54,Frankie Capan III,91.67%,11,12,-0.73
55,Cristobal Del Solar,90.91%,10,11,-0.50
55,Stephan Jaeger,90.91%,10,11,-0.60
57,Luke List,90.00%,9,10,-0.44
58,Kensei Hirata,88.89%,8,9,-1.00
58,Lee Hodges,88.89%,8,9,-1.00
58,Mark Hubbard,88.89%,8,9,-0.88
58,Matt McCarty,88.89%,8,9,-0.75
62,Aaron Baddeley,87.50%,7,8,-0.71
62,Eric Cole,87.50%,7,8,-0.43
62,Kevin Roy,87.50%,7,8,-0.86
65,Taylor Dickson,85.71%,6,7,-0.67
65,Ryo Hisatsune,85.71%,6,7,-1.17
65,Mac Meissner,85.71%,6,7,-0.50
65,Thomas Rosenmueller,85.71%,6,7,-0.67
65,Adam Svensson,85.71%,6,7,-0.83
70,Keegan Bradley,83.33%,5,6,-0.80
70,Justin Lower,83.33%,5,6,-1.20
70,Greyson Sigg,83.33%,5,6,-0.60
73,Ben Griffin,77.78%,7,9,-0.86
73,Jesper Svensson,77.78%,7,9,-1.14
75,Thomas Detry,75.00%,6,8,-1.00
76,Lucas Glover,71.43%,5,7,-1.00
