rank,player,%,Greens Hit,Total Holes,Relative to par
1,Brice Garnett,100.00%,11,11,-0.18
1,Matt Kuchar,100.00%,11,11,-0.36
1,Jeremy Paul,100.00%,13,13,-0.15
1,J.J. Spaun,100.00%,15,15,-0.33
1,Adam Svensson,100.00%,9,9,-0.33
6,Brandt Snedeker,94.44%,17,18,-0.24
7,Nate Lashley,92.31%,12,13,-0.08
7,Andrew Putnam,92.31%,12,13,-0.33
9,Sahith Theegala,91.67%,11,12,-0.18
10,Nick Taylor,90.91%,10,11,-0.30
11,Ben Kohles,88.89%,8,9,+0.13
12,Taylor Pendrith,88.24%,15,17,-0.33
13,Cristobal Del Solar,84.62%,11,13,-0.27
13,Charley Hoffman,84.62%,11,13,-0.09
13,Stephan Jaeger,84.62%,11,13,-0.45
13,Kevin Roy,84.62%,11,13,-0.27
13,Erik van Rooyen,84.62%,11,13,-0.36
18,Thomas Detry,82.35%,14,17,-0.36
18,Ben Griffin,82.35%,14,17,-0.43
18,Tom Kim,82.35%,14,17,-0.21
18,Vincent Norrman,82.35%,14,17,-0.29
18,Adam Schenk,82.35%,14,17,-0.29
23,Lucas Glover,81.82%,9,11,-0.33
23,Brian Harman,81.82%,9,11,-0.11
23,Jesper Svensson,81.82%,9,11,-0.22
26,Mac Meissner,81.25%,13,16,-0.31
26,Henrik Norlander,81.25%,13,16,-0.15
26,Paul Peterson,81.25%,13,16,-0.23
29,Aaron Baddeley,78.57%,11,14,-0.27
29,Ryo Hisatsune,78.57%,11,14,-0.18
29,C.T. Pan,78.57%,11,14,-0.27
29,Kevin Streelman,78.57%,11,14,-0.18
33,Luke List,76.92%,10,13,+0.10
33,Webb Simpson,76.92%,10,13,-0.60
35,Ryan Gerard,76.47%,13,17,-0.08
35,David Lipsky,76.47%,13,17,-0.31
37,Nick Dunlap,75.00%,9,12,-0.33
37,Sepp Straka,75.00%,9,12,-0.11
39,Russell Henley,73.68%,14,19,-0.29
39,Ben Silverman,73.68%,14,19,-0.21
41,Bud Cauley,73.33%,11,15,E
41,Kensei Hirata,73.33%,11,15,-0.45
41,Sam Ryder,73.33%,11,15,-0.09
44,Lee Hodges,72.73%,8,11,E
45,Greyson Sigg,72.22%,13,18,-0.38
46,Gary Woodland,71.43%,5,7,+0.20
47,Tom Hoge,69.23%,9,13,-0.11
48,Hideki Matsuyama,68.75%,11,16,-0.18
48,Sam Stevens,68.75%,11,16,-0.18
50,Keegan Bradley,66.67%,10,15,-0.30
50,Frankie Capan III,66.67%,8,12,-0.13
50,Eric Cole,66.67%,6,9,-0.33
50,Nico Echavarria,66.67%,14,21,-0.29
50,Doug Ghim,66.67%,8,12,-0.13
50,James Hahn,66.67%,10,15,-0.10
50,Zach Johnson,66.67%,10,15,-0.10
50,Chan Kim,66.67%,2,3,-0.50
50,Ben Martin,66.67%,8,12,+0.13
50,Denny McCarthy,66.67%,8,12,-0.25
50,Thomas Rosenmueller,66.67%,10,15,-0.20
61,Rico Hoey,64.71%,11,17,-0.09
62,Harry Hall,64.29%,9,14,-0.67
62,Justin Lower,64.29%,9,14,-0.22
62,Robert MacIntyre,64.29%,9,14,E
62,Maverick McNealy,64.29%,9,14,-0.56
66,Alex Smalley,62.50%,5,8,-0.20
67,Matt McCarty,61.54%,8,13,+0.13
68,Keith Mitchell,61.11%,11,18,-0.36
69,Taylor Dickson,60.00%,6,10,-0.17
69,Patrick Fishburn,60.00%,9,15,-0.44
71,Adam Hadwin,56.52%,13,23,-0.15
72,Jackson Suber,52.63%,10,19,-0.10
73,Mark Hubbard,46.15%,6,13,-0.33
74,Taylor Montgomery,45.45%,5,11,-0.40
75,Vince Whaley,42.86%,6,14,-0.17
76,Kurt Kitayama,37.50%,3,8,E
