rank,player,%,Greens Hit,Total Holes,Relative to par
1,J.J. Spaun,82.26%,51,62,-0.29
2,Andrew Putnam,80.65%,50,62,-0.12
3,Nick Taylor,79.69%,51,64,-0.25
4,Ben Kohles,79.31%,46,58,-0.22
5,Charley Hoffman,78.95%,45,57,-0.07
6,Taylor Pendrith,77.19%,44,57,-0.14
7,Sam Stevens,76.67%,46,60,-0.09
8,Nate Lashley,76.27%,45,59,-0.09
9,Tom Kim,75.86%,44,58,-0.11
9,Jeremy Paul,75.86%,44,58,-0.07
11,Ryan Gerard,75.81%,47,62,-0.21
12,Henrik Norlander,75.41%,46,61,-0.09
13,Keegan Bradley,74.19%,46,62,-0.26
14,Mac Meissner,73.33%,44,60,-0.30
15,Alex Smalley,72.88%,43,59,-0.19
15,Sahith Theegala,72.88%,43,59,-0.09
17,Lucas Glover,72.13%,44,61,-0.25
18,Brandt Snedeker,71.88%,46,64,-0.20
19,Zach Johnson,71.67%,43,60,-0.19
19,Justin Lower,71.67%,43,60,-0.21
21,Brian Harman,71.43%,45,63,-0.13
22,Eric Cole,71.19%,42,59,-0.38
23,Stephan Jaeger,71.15%,37,52,-0.30
24,Bud Cauley,70.69%,41,58,-0.10
24,Thomas Detry,70.69%,41,58,-0.17
26,Matt McCarty,70.18%,40,57,-0.03
27,Adam Svensson,70.00%,42,60,-0.21
28,Ben Griffin,69.49%,41,59,-0.22
28,Vincent Norrman,69.49%,41,59,-0.20
28,Adam Schenk,69.49%,41,59,-0.22
31,Matt Kuchar,69.35%,43,62,-0.30
32,Ben Martin,68.85%,42,61,-0.12
32,Paul Peterson,68.85%,42,61,-0.17
32,Sepp Straka,68.85%,42,61,-0.19
35,Kevin Streelman,68.75%,44,64,-0.16
36,Robert MacIntyre,68.42%,39,57,-0.13
37,Nick Dunlap,68.33%,41,60,-0.29
37,Nico Echavarria,68.33%,41,60,-0.29
37,Russell Henley,68.33%,41,60,-0.29
40,Denny McCarthy,68.25%,43,63,-0.35
41,Erik van Rooyen,67.86%,38,56,-0.29
42,Chan Kim,67.80%,40,59,-0.08
43,Luke List,67.27%,37,55,-0.08
44,Cristobal Del Solar,66.67%,40,60,-0.18
44,Brice Garnett,66.67%,42,63,-0.21
44,David Lipsky,66.67%,42,63,-0.21
44,Sam Ryder,66.67%,40,60,-0.18
44,Greyson Sigg,66.67%,42,63,-0.24
44,Gary Woodland,66.67%,38,57,-0.24
50,James Hahn,66.13%,41,62,-0.22
51,Kevin Roy,66.07%,37,56,-0.14
52,Thomas Rosenmueller,65.57%,40,61,-0.20
53,Adam Hadwin,65.52%,38,58,-0.13
53,Hideki Matsuyama,65.52%,38,58,-0.11
55,C.T. Pan,65.00%,39,60,-0.10
56,Frankie Capan III,64.41%,38,59,-0.16
56,Taylor Montgomery,64.41%,38,59,-0.13
58,Ryo Hisatsune,63.93%,39,61,-0.10
58,Mark Hubbard,63.93%,39,61,-0.21
60,Aaron Baddeley,63.33%,38,60,-0.18
61,Webb Simpson,62.90%,39,62,-0.26
62,Taylor Dickson,61.90%,39,63,-0.15
63,Kensei Hirata,61.67%,37,60,-0.27
63,Rico Hoey,61.67%,37,60,-0.16
65,Lee Hodges,61.02%,36,59,-0.33
66,Keith Mitchell,60.78%,31,51,-0.19
67,Harry Hall,60.71%,34,56,-0.29
68,Ben Silverman,60.66%,37,61,-0.19
69,Patrick Fishburn,60.34%,35,58,-0.20
70,Tom Hoge,60.00%,39,65,-0.15
71,Maverick McNealy,59.32%,35,59,-0.34
72,Kurt Kitayama,58.18%,32,55,-0.13
72,Jackson Suber,58.18%,32,55,-0.19
74,Jesper Svensson,57.14%,32,56,-0.31
75,Doug Ghim,56.67%,34,60,-0.09
76,Vince Whaley,50.00%,28,56,-0.18
