rank,player,%,Total Hit,Total Attempts,RTP Score
1,Charley Hoffman,87.50%,63,72,-14.00
1,Taylor Pendrith,87.50%,63,72,-16.00
1,Andrew Putnam,87.50%,63,72,-14.00
1,J.J. Spaun,87.50%,63,72,-20.00
5,Nate Lashley,86.11%,62,72,-16.00
6,Nick Taylor,84.72%,61,72,-23.00
7,Bud Cauley,83.33%,60,72,-17.00
7,Ben Kohles,83.33%,60,72,-18.00
7,Robert MacIntyre,83.33%,60,72,-21.00
7,Henrik Norlander,83.33%,60,72,-15.00
7,Alex Smalley,83.33%,60,72,-19.00
12,Zach Johnson,81.94%,59,72,-18.00
12,Jeremy Paul,81.94%,59,72,-11.00
12,Sam Stevens,81.94%,59,72,-14.00
15,Ryan Gerard,80.56%,58,72,-18.00
15,Brian Harman,80.56%,58,72,-17.00
15,Paul Peterson,80.56%,58,72,-21.00
18,Keegan Bradley,79.17%,57,72,-19.00
18,Tom Kim,79.17%,57,72,-11.00
18,Matt McCarty,79.17%,57,72,-13.00
18,Mac Meissner,79.17%,57,72,-19.00
22,Chan Kim,77.78%,56,72,-14.00
22,Kevin Roy,77.78%,56,72,-18.00
22,Adam Schenk,77.78%,56,72,-19.00
22,Sahith Theegala,77.78%,56,72,-15.00
22,Gary Woodland,77.78%,56,72,-16.00
27,Patrick Fishburn,76.39%,55,72,-20.00
27,Lucas Glover,76.39%,55,72,-20.00
27,Mark Hubbard,76.39%,55,72,-22.00
27,Justin Lower,76.39%,55,72,-18.00
27,Brandt Snedeker,76.39%,55,72,-16.00
27,Sepp Straka,76.39%,55,72,-19.00
27,Erik van Rooyen,76.39%,55,72,-21.00
34,Eric Cole,75.00%,54,72,-24.00
34,Cristobal Del Solar,75.00%,54,72,-15.00
34,Thomas Detry,75.00%,54,72,-18.00
34,Nico Echavarria,75.00%,54,72,-21.00
34,Harry Hall,75.00%,54,72,-25.00
34,Rico Hoey,75.00%,54,72,-17.00
34,Stephan Jaeger,75.00%,54,72,-21.00
34,Matt Kuchar,75.00%,54,72,-18.00
34,Luke List,75.00%,54,72,-10.00
34,Ben Martin,75.00%,54,72,-15.00
34,Denny McCarthy,75.00%,54,72,-23.00
34,Vincent Norrman,75.00%,54,72,-15.00
34,Adam Svensson,75.00%,54,72,-17.00
47,Brice Garnett,73.61%,53,72,-19.00
47,Russell Henley,73.61%,53,72,-23.00
47,Kurt Kitayama,73.61%,53,72,-19.00
47,Hideki Matsuyama,73.61%,53,72,-15.00
47,Keith Mitchell,73.61%,53,72,-16.00
47,C.T. Pan,73.61%,53,72,-16.00
47,Sam Ryder,73.61%,53,72,-16.00
47,Webb Simpson,73.61%,53,72,-22.00
47,Kevin Streelman,73.61%,53,72,-14.00
56,Nick Dunlap,72.22%,52,72,-18.00
56,Ben Griffin,72.22%,52,72,-19.00
56,Adam Hadwin,72.22%,52,72,-12.00
56,James Hahn,72.22%,52,72,-20.00
56,Kensei Hirata,72.22%,52,72,-23.00
56,Lee Hodges,72.22%,52,72,-25.00
56,David Lipsky,72.22%,52,72,-15.00
56,Thomas Rosenmueller,72.22%,52,72,-15.00
64,Frankie Capan III,70.83%,51,72,-16.00
64,Ryo Hisatsune,70.83%,51,72,-15.00
64,Taylor Montgomery,70.83%,51,72,-14.00
64,Greyson Sigg,70.83%,51,72,-14.00
68,Ben Silverman,69.44%,50,72,-16.00
69,Aaron Baddeley,68.06%,49,72,-14.00
69,Jackson Suber,68.06%,49,72,-23.00
71,Taylor Dickson,66.67%,48,72,-13.00
71,Doug Ghim,66.67%,48,72,-10.00
71,Tom Hoge,66.67%,48,72,-16.00
71,Maverick McNealy,66.67%,48,72,-20.00
75,Jesper Svensson,65.28%,47,72,-23.00
76,Vince Whaley,61.11%,44,72,-14.00
