rank,player,%,Greens Hit,Total Holes,Relative to par
1,Ryan Gerard,100.00%,17,17,-0.65
1,Rico Hoey,100.00%,17,17,-0.41
1,Tom Kim,100.00%,19,19,-0.32
1,Hideki Matsuyama,100.00%,19,19,-0.63
1,Denny McCarthy,100.00%,15,15,-0.40
1,Andrew Putnam,100.00%,12,12,-0.42
1,Sepp Straka,100.00%,17,17,-0.59
8,Kurt Kitayama,96.43%,27,28,-0.48
9,Charley Hoffman,96.30%,26,27,-0.35
10,Gary Woodland,96.15%,25,26,-0.44
11,Taylor Pendrith,95.83%,23,24,-0.39
12,Bud Cauley,95.24%,20,21,-0.60
12,Alex Smalley,95.24%,20,21,-0.60
14,Matt Kuchar,95.00%,19,20,-0.53
14,Ben Silverman,95.00%,19,20,-0.42
16,Patrick Fishburn,94.74%,18,19,-0.50
16,Nate Lashley,94.74%,18,19,-0.50
18,Brice Garnett,94.44%,17,18,-0.53
18,Adam Hadwin,94.44%,17,18,-0.41
18,Zach Johnson,94.44%,17,18,-0.53
18,Ben Martin,94.44%,17,18,-0.71
18,Vincent Norrman,94.44%,17,18,-0.41
18,C.T. Pan,94.44%,17,18,-0.59
18,Nick Taylor,94.44%,17,18,-0.71
25,Russell Henley,94.12%,16,17,-0.75
26,Ben Kohles,93.75%,15,16,-0.40
26,Greyson Sigg,93.75%,15,16,-0.40
28,Kensei Hirata,93.33%,14,15,-0.71
29,Aaron Baddeley,92.31%,12,13,-0.42
29,Paul Peterson,92.31%,12,13,-0.75
31,Robert MacIntyre,92.00%,23,25,-0.48
32,Chan Kim,91.67%,22,24,-0.36
33,Keegan Bradley,90.91%,20,22,-0.50
34,Matt McCarty,90.48%,19,21,-0.58
35,Taylor Dickson,90.00%,18,20,-0.44
35,Sahith Theegala,90.00%,18,20,-0.56
35,Vince Whaley,90.00%,18,20,-0.39
38,Sam Stevens,89.47%,17,19,-0.47
39,Nico Echavarria,88.89%,16,18,-0.56
39,Doug Ghim,88.89%,16,18,-0.38
41,Lucas Glover,88.24%,15,17,-0.60
41,Mac Meissner,88.24%,15,17,-0.13
41,Henrik Norlander,88.24%,15,17,-0.60
41,Sam Ryder,88.24%,15,17,-0.33
41,Adam Svensson,88.24%,15,17,-0.47
46,Keith Mitchell,88.00%,22,25,-0.41
46,Kevin Roy,88.00%,22,25,-0.45
48,Taylor Montgomery,87.50%,21,24,-0.38
49,Jeremy Paul,86.96%,20,23,-0.40
50,Thomas Rosenmueller,86.67%,13,15,-0.46
51,James Hahn,86.36%,19,22,-0.58
51,Maverick McNealy,86.36%,19,22,-0.47
53,Nick Dunlap,85.71%,12,14,-0.42
53,David Lipsky,85.71%,12,14,-0.58
53,J.J. Spaun,85.71%,18,21,-0.44
56,Justin Lower,85.00%,17,20,-0.41
56,Adam Schenk,85.00%,17,20,-0.41
58,Harry Hall,84.62%,22,26,-0.68
58,Luke List,84.62%,22,26,-0.36
60,Brian Harman,84.21%,16,19,-0.50
61,Eric Cole,83.33%,20,24,-0.50
61,Thomas Detry,83.33%,15,18,-0.60
61,Lee Hodges,83.33%,20,24,-0.65
61,Jesper Svensson,83.33%,25,30,-0.68
65,Stephan Jaeger,82.61%,19,23,-0.58
66,Tom Hoge,82.35%,14,17,-0.71
67,Webb Simpson,80.95%,17,21,-0.53
67,Jackson Suber,80.95%,17,21,-0.94
69,Brandt Snedeker,80.00%,12,15,-0.50
69,Erik van Rooyen,80.00%,20,25,-0.50
71,Cristobal Del Solar,79.17%,19,24,-0.42
72,Frankie Capan III,78.95%,15,19,-0.60
73,Ryo Hisatsune,76.19%,16,21,-0.56
73,Mark Hubbard,76.19%,16,21,-0.56
75,Kevin Streelman,73.33%,11,15,-0.64
76,Ben Griffin,72.73%,16,22,-0.44
