rank,player,Average Bogeys per round,Total Bogeys,Rounds Played
1,Scott Hoch,.75,3,4
2,Jim Furyk,1.00,4,4
3,Darren Clarke,1.25,5,4
3,J.L. Lewis,1.25,5,4
3,Vijay Singh,1.25,5,4
3,Bob Tway,1.25,5,4
7,Retief Goosen,1.50,6,4
8,Stuart Appleby,1.75,7,4
8,Ben Crane,1.75,7,4
10,Jonathan Kaye,2.00,8,4
10,Justin Leonard,2.00,8,4
10,Tiger Woods,2.00,8,4
13,Chad Campbell,2.25,9,4
13,Davis Love III,2.25,9,4
13,Shigeki Maruyama,2.25,9,4
13,Adam Scott,2.25,9,4
13,Kirk Triplett,2.25,9,4
18,Tommy Armour III,2.50,10,4
18,Ernie Els,2.50,10,4
18,Steve Flesch,2.50,10,4
18,Peter Jacobsen,2.50,10,4
18,Kenny Perry,2.50,10,4
23,Rory Sabbatini,2.75,11,4
24,Shaun Micheel,3.00,12,4
24,Mike Weir,3.00,12,4
26,Fred Couples,3.25,13,4
26,John Huston,3.25,13,4
28,Frank Lickliter II,3.50,14,4
29,Craig Stadler,4.00,16,4
30,Ben Curtis,4.25,17,4
