rank,player,% under then over par,Total under then over Par,Under Par
1,Chad Campbell,.00,0,11
1,Ben Crane,.00,0,15
1,Steve Flesch,.00,0,13
1,Jim Furyk,.00,0,15
1,J.L. Lewis,.00,0,10
1,Kenny Perry,.00,0,13
1,Rory Sabbatini,.00,0,10
1,Bob Tway,.00,0,10
9,Vijay Singh,4.55,1,22
10,Retief Goosen,5.56,1,18
11,Scott Hoch,5.88,1,17
12,Tiger Woods,8.70,2,23
13,Darren Clarke,10.53,2,19
14,Davis Love III,11.11,2,18
15,Stuart Appleby,11.54,3,26
16,Shaun Micheel,11.76,2,17
17,Jonathan Kaye,12.50,2,16
18,Justin Leonard,14.29,2,14
18,Shigeki Maruyama,14.29,2,14
18,Kirk Triplett,14.29,3,21
21,Ben Curtis,16.67,2,12
21,Peter Jacobsen,16.67,2,12
21,Frank Lickliter II,16.67,2,12
24,Mike Weir,18.75,3,16
25,Craig Stadler,21.43,3,14
26,Ernie Els,22.22,4,18
27,Tommy Armour III,23.08,3,13
28,John Huston,23.53,4,17
29,Adam Scott,23.81,5,21
30,Fred Couples,33.33,4,12
