rank,player,Birdie to Bogey Ratio,Total Birdies and Better,Total Bogeys and Worse
1,Vijay Singh,5.20,26,5
2,Scott Hoch,4.75,19,4
3,Stuart Appleby,4.14,29,7
4,Darren Clarke,3.83,23,6
5,Retief Goosen,3.33,20,6
6,Jim Furyk,3.00,15,5
7,Tiger Woods,2.60,26,10
8,Kirk Triplett,2.50,25,10
9,Ben Crane,2.43,17,7
10,Adam Scott,2.30,23,10
11,Davis Love III,2.22,20,9
12,Jonathan Kaye,2.00,18,9
13,Justin Leonard,1.88,15,8
14,J.L. Lewis,1.86,13,7
15,Shigeki Maruyama,1.60,16,10
16,Shaun Micheel,1.58,19,12
17,Ernie Els,1.57,22,14
18,Tommy Armour III,1.50,15,10
18,Steve Flesch,1.50,15,10
18,Peter Jacobsen,1.50,15,10
18,Kenny Perry,1.50,15,10
22,Mike Weir,1.36,19,14
23,Chad Campbell,1.33,12,9
24,Bob Tway,1.25,10,8
25,John Huston,1.18,20,17
26,Fred Couples,1.15,15,13
27,Rory Sabbatini,1.09,12,11
28,Craig Stadler,.94,16,17
29,Frank Lickliter II,.93,14,15
30,Ben Curtis,.71,12,17
