rank,player,Avg,# of Birdies,Total Rounds
1,Dustin Johnson,6.00,18,3
2,Brandt Snedeker,5.67,17,3
3,Keegan Bradley,4.67,14,3
3,Tommy Gainey,4.67,14,3
3,Matt Kuchar,4.67,14,3
3,Steve Stricker,4.67,14,3
7,Rickie Fowler,4.33,13,3
8,Jason Dufner,4.00,12,3
8,Zach Johnson,4.00,12,3
8,Scott Stallings,4.00,12,3
8,Johnson Wagner,4.00,12,3
8,Bubba Watson,4.00,12,3
13,Charlie Beljan,3.67,11,3
13,Marc Leishman,3.67,11,3
13,Carl Pettersson,3.67,11,3
13,Scott Piercy,3.67,11,3
13,Nick Watney,3.67,11,3
18,Jonas Blixt,3.33,10,3
18,Ian Poulter,3.33,10,3
20,Ben Curtis,3.00,9,3
20,J.J. Henry,3.00,9,3
20,Hunter Mahan,3.00,9,3
20,Webb Simpson,3.00,9,3
24,John Huh,2.67,8,3
24,"Ted Potter, Jr.",2.67,8,3
24,Kyle Stanley,2.67,8,3
24,Mark Wilson,2.67,8,3
28,George McNeill,2.00,6,3
29,Bill Haas,1.67,5,3
29,Ryan Moore,1.67,5,3
