rank,player,%,Total Birdies,Total Holes,GIR Rank
1,Dustin Johnson,37.04,20,54,2
2,Brandt Snedeker,33.33,18,54,7
3,Keegan Bradley,27.78,15,54,7
3,Matt Kuchar,27.78,15,54,19
3,Steve Stricker,27.78,15,54,3
6,Rickie Fowler,25.93,14,54,19
6,Tommy Gainey,25.93,14,54,1
8,Zach Johnson,24.07,13,54,7
8,Bubba Watson,24.07,13,54,3
10,Jason Dufner,22.22,12,54,25
10,Scott Piercy,22.22,12,54,25
10,Scott Stallings,22.22,12,54,15
10,Johnson Wagner,22.22,12,54,13
10,Nick Watney,22.22,12,54,13
15,Charlie Beljan,20.37,11,54,19
15,Marc Leishman,20.37,11,54,19
15,Carl Pettersson,20.37,11,54,7
18,Jonas Blixt,18.52,10,54,15
18,Ian Poulter,18.52,10,54,27
20,Ben Curtis,16.67,9,54,15
20,J.J. Henry,16.67,9,54,3
20,Hunter Mahan,16.67,9,54,29
20,Webb Simpson,16.67,9,54,3
24,John Huh,14.81,8,54,7
24,"Ted Potter, Jr.",14.81,8,54,30
24,Kyle Stanley,14.81,8,54,15
24,Mark Wilson,14.81,8,54,12
28,George McNeill,11.11,6,54,19
29,Bill Haas,9.26,5,54,19
29,Ryan Moore,9.26,5,54,28
