rank,player,Distance,Tournament,Round- Course,Hole
1,Davis Love III,118,Sony Open,4,16 - Par 4
2,Henrik Bjornstad,87,Sony Open,2,9 - Par 5 -
3,Brian Stuard,57,Sony Open,3,15 - Par 4
4,Justin Rose,29,Sony Open,4,13 - Par 4
5,Cameron Beckman,29,Sony Open,1,5 - Par 4 -
6,Justin Leonard,23,Sony Open,2,2 - Par 4 -
7,Mark Calcavecchia,23,Sony Open,1,7 - Par 3 -
8,David Toms,21,Sony Open,2,13 - Par 4
9,Jeff Quinney,20,Sony Open,1,7 - Par 3 -
10,Rory Sabbatini,19,Sony Open,1,10 - Par 4
11,John Daly,18,Sony Open,1,12 - Par 4
12,Richard Johnson,18,Sony Open,1,6 - Par 4 -
13,Daisuke Maruyama,18,Sony Open,2,3 - Par 4 -
14,Carl Pettersson,15,Sony Open,4,7 - Par 3 -
15,Jason Dufner,15,Sony Open,1,15 - Par 4
16,Billy Horschel,13,Sony Open,2,13 - Par 4
17,Omar Uresti,13,Sony Open,1,15 - Par 4
18,Michael Letzig,13,Sony Open,2,17 - Par 3
19,Nicholas Thompson,12,Sony Open,1,13 - Par 4
20,K.J. Choi,12,Sony Open,4,13 - Par 4
23,Chez Reavie,11,Sony Open,2,16 - Par 4
24,Roger Tambellini,10,Sony Open,2,14 - Par 4
25,Michael Allen,10,Sony Open,1,9 - Par 5 -
27,Kevin Johnson,10,Sony Open,4,12 - Par 4
28,Steve Stricker,9,Sony Open,2,6 - Par 4 -
30,Brian Gay,9,Sony Open,2,15 - Par 4
31,T.J. Kua,9,Sony Open,1,13 - Par 4
37,John Rollins,7,Sony Open,2,17 - Par 3
38,Ernie Els,7,Sony Open,1,5 - Par 4 -
39,Aaron Goldberg,7,Sony Open,3,8 - Par 4 -
40,Jeff Klauk,7,Sony Open,1,12 - Par 4
41,Chris Riley,6,Sony Open,1,8 - Par 4 -
42,Scott McCarron,6,Sony Open,2,2 - Par 4 -
43,Martin Flores,6,Sony Open,4,6 - Par 4 -
45,Nathan Green,6,Sony Open,2,2 - Par 4 -
46,Brian Davis,6,Sony Open,2,15 - Par 4
47,Dustin Johnson,6,Sony Open,3,18 - Par 5
48,Tadd Fujikawa,6,Sony Open,2,8 - Par 4 -
50,WC Liang,6,Sony Open,4,14 - Par 4
51,Kevin Na,5,Sony Open,1,9 - Par 5 -
52,Chris Tidland,5,Sony Open,4,11 - Par 3
53,David Lutterus,4,Sony Open,4,10 - Par 4
