rank,player,Hole outs
1,Brian Stuard,3
2,Michael Allen,2
2,Henrik Bjornstad,2
2,Mark Calcavecchia,2
2,Brian Gay,2
2,Richard Johnson,2
2,Carl Pettersson,2
2,Justin Rose,2
9,K.J. Choi,1
9,Brian Davis,1
9,Jason Dufner,1
9,Ernie Els,1
9,Martin Flores,1
9,Nathan Green,1
9,Dustin Johnson,1
9,Kevin Johnson,1
9,Jeff Klauk,1
9,WC Liang,1
9,Davis Love III,1
9,David Lutterus,1
9,Kevin Na,1
9,Jeff Quinney,1
9,John Rollins,1
9,Rory Sabbatini,1
9,Steve Stricker,1
9,Roger Tambellini,1
9,Chris Tidland,1
9,David Toms,1
9,Omar Uresti,1
