rank,player,%,Par 4 Birdies or Better,Par 4 Holes
1,Vijay Singh,18.18,8,44
2,Stuart Appleby,15.91,7,44
2,Jason Bohn,15.91,7,44
2,Geoff Ogilvy,15.91,7,44
2,Kenny Perry,15.91,7,44
6,Bart Bryant,13.64,6,44
6,Brad Faxon,13.64,6,44
6,Lucas Glover,13.64,6,44
6,Sean O'Hair,13.64,6,44
6,Vaughn Taylor,13.64,6,44
6,David Toms,13.64,6,44
12,Olin Browne,11.36,5,44
12,Michael Campbell,11.36,5,44
12,Justin Leonard,11.36,5,44
12,Tim Petrovic,11.36,5,44
12,Carl Pettersson,11.36,5,44
12,Ted Purdy,11.36,5,44
12,"Wes Short, Jr.",11.36,5,44
12,Heath Slocum,11.36,5,44
20,Mark Calcavecchia,9.09,4,44
20,Jim Furyk,9.09,4,44
20,Robert Gamez,9.09,4,44
20,Jason Gore,9.09,4,44
24,Sergio Garcia,6.82,3,44
24,Peter Lonard,6.82,3,44
26,K.J. Choi,4.55,2,44
26,Ben Crane,4.55,2,44
26,Fred Funk,4.55,2,44
