rank,player,Avg,Total Strokes,Total Holes
1,Lucas Glover,4.31,69,16
2,Stuart Appleby,4.50,72,16
3,K.J. Choi,4.56,73,16
3,Sergio Garcia,4.56,73,16
5,Mark Calcavecchia,4.63,74,16
5,Jim Furyk,4.63,74,16
5,Robert Gamez,4.63,74,16
5,Vijay Singh,4.63,74,16
9,Geoff Ogilvy,4.69,75,16
9,Ted Purdy,4.69,75,16
11,Michael Campbell,4.75,76,16
11,Peter Lonard,4.75,76,16
11,Vaughn Taylor,4.75,76,16
14,Bart Bryant,4.81,77,16
14,David Toms,4.81,77,16
16,Jason Bohn,4.88,78,16
16,Tim Petrovic,4.88,78,16
16,"Wes Short, Jr.",4.88,78,16
19,Justin Leonard,4.94,79,16
19,Carl Pettersson,4.94,79,16
21,Kenny Perry,5.00,80,16
22,Olin Browne,5.06,81,16
23,Ben Crane,5.13,82,16
23,Brad Faxon,5.13,82,16
23,Jason Gore,5.13,82,16
23,Heath Slocum,5.13,82,16
27,Sean O'Hair,5.31,85,16
28,Fred Funk,5.38,86,16
