rank,player,%,Par 3 Birdies or Better,Par 3 Holes
1,Sergio Garcia,25.00,3,12
1,Tim Petrovic,25.00,3,12
1,Heath Slocum,25.00,3,12
4,Olin Browne,16.67,2,12
4,Michael Campbell,16.67,2,12
4,K.J. Choi,16.67,2,12
4,Ben Crane,16.67,2,12
4,Jim Furyk,16.67,2,12
4,"Wes Short, Jr.",16.67,2,12
10,Mark Calcavecchia,8.33,1,12
10,Brad Faxon,8.33,1,12
10,Robert Gamez,8.33,1,12
10,Lucas Glover,8.33,1,12
10,Peter Lonard,8.33,1,12
10,Kenny Perry,8.33,1,12
10,Ted Purdy,8.33,1,12
10,Vijay Singh,8.33,1,12
10,Vaughn Taylor,8.33,1,12
19,Stuart Appleby,.00,0,12
19,Jason Bohn,.00,0,12
19,Bart Bryant,.00,0,12
19,Fred Funk,.00,0,12
19,Jason Gore,.00,0,12
19,Justin Leonard,.00,0,12
19,Sean O'Hair,.00,0,12
19,Geoff Ogilvy,.00,0,12
19,Carl Pettersson,.00,0,12
19,David Toms,.00,0,12
