rank,player,Avg,Total Strokes,Total Holes
1,Michael Campbell,3.00,36,12
1,Sergio Garcia,3.00,36,12
1,Tim Petrovic,3.00,36,12
4,Jim Furyk,3.08,37,12
4,Vijay Singh,3.08,37,12
6,Olin Browne,3.17,38,12
6,Brad Faxon,3.17,38,12
6,Peter Lonard,3.17,38,12
6,Kenny Perry,3.17,38,12
10,K.J. Choi,3.25,39,12
10,Ben Crane,3.25,39,12
10,Lucas Glover,3.25,39,12
10,Justin Leonard,3.25,39,12
10,"Wes Short, Jr.",3.25,39,12
10,Heath Slocum,3.25,39,12
10,Vaughn Taylor,3.25,39,12
17,Stuart Appleby,3.33,40,12
17,Bart Bryant,3.33,40,12
17,Ted Purdy,3.33,40,12
20,Jason Bohn,3.42,41,12
20,Robert Gamez,3.42,41,12
20,David Toms,3.42,41,12
23,Geoff Ogilvy,3.50,42,12
24,Jason Gore,3.58,43,12
24,Sean O'Hair,3.58,43,12
24,Carl Pettersson,3.58,43,12
27,Mark Calcavecchia,3.67,44,12
27,Fred Funk,3.67,44,12
