rank,player,Status,Par 3 Avg,Total Par
1,Michael Campbell,E,3.00,36
1,Sergio Garcia,E,3.00,36
1,Tim Petrovic,E,3.00,36
4,Jim Furyk,+1,3.08,36
4,Vijay Singh,+1,3.08,36
6,Olin Browne,+2,3.17,36
6,Brad Faxon,+2,3.17,36
6,Peter Lonard,+2,3.17,36
6,Kenny Perry,+2,3.17,36
10,K.J. Choi,+3,3.25,36
10,Ben Crane,+3,3.25,36
10,Lucas Glover,+3,3.25,36
10,Justin Leonard,+3,3.25,36
10,"Wes Short, Jr.",+3,3.25,36
10,Heath Slocum,+3,3.25,36
10,Vaughn Taylor,+3,3.25,36
17,Stuart Appleby,+4,3.33,36
17,Bart Bryant,+4,3.33,36
17,Ted Purdy,+4,3.33,36
20,Jason Bohn,+5,3.42,36
20,Robert Gamez,+5,3.42,36
20,David Toms,+5,3.42,36
23,Geoff Ogilvy,+6,3.50,36
24,Jason Gore,+7,3.58,36
24,Sean O'Hair,+7,3.58,36
24,Carl Pettersson,+7,3.58,36
27,Mark Calcavecchia,+8,3.67,36
27,Fred Funk,+8,3.67,36
