rank,player,Status,Par 5 Avg,Total Par
1,Lucas Glover,-11,4.31,80
2,Stuart Appleby,-8,4.50,80
3,K.J. Choi,-7,4.56,80
3,Sergio Garcia,-7,4.56,80
5,Mark Calcavecchia,-6,4.63,80
5,Jim Furyk,-6,4.63,80
5,Robert Gamez,-6,4.63,80
5,Vijay Singh,-6,4.63,80
9,Geoff Ogilvy,-5,4.69,80
9,Ted Purdy,-5,4.69,80
11,Michael Campbell,-4,4.75,80
11,Peter Lonard,-4,4.75,80
11,Vaughn Taylor,-4,4.75,80
14,Bart Bryant,-3,4.81,80
14,David Toms,-3,4.81,80
16,Jason Bohn,-2,4.88,80
16,Tim Petrovic,-2,4.88,80
16,"Wes Short, Jr.",-2,4.88,80
19,Justin Leonard,-1,4.94,80
19,Carl Pettersson,-1,4.94,80
21,Kenny Perry,E,5.00,80
22,Olin Browne,+1,5.06,80
23,Ben Crane,+2,5.13,80
23,Brad Faxon,+2,5.13,80
23,Jason Gore,+2,5.13,80
23,Heath Slocum,+2,5.13,80
27,Sean O'Hair,+5,5.31,80
28,Fred Funk,+6,5.38,80
