rank,player,%,Par 5 Birdies or Better,Par 5 Holes
1,Lucas Glover,68.75,11,16
2,Vijay Singh,56.25,9,16
3,Stuart Appleby,50.00,8,16
3,Michael Campbell,50.00,8,16
5,K.J. Choi,43.75,7,16
5,Jim Furyk,43.75,7,16
5,Sergio Garcia,43.75,7,16
5,Geoff Ogilvy,43.75,7,16
9,Mark Calcavecchia,37.50,6,16
9,Robert Gamez,37.50,6,16
9,Carl Pettersson,37.50,6,16
9,Ted Purdy,37.50,6,16
9,Vaughn Taylor,37.50,6,16
9,David Toms,37.50,6,16
15,Jason Bohn,31.25,5,16
15,Olin Browne,31.25,5,16
15,Bart Bryant,31.25,5,16
15,Peter Lonard,31.25,5,16
15,Tim Petrovic,31.25,5,16
20,Ben Crane,25.00,4,16
20,Sean O'Hair,25.00,4,16
20,"Wes Short, Jr.",25.00,4,16
23,Brad Faxon,18.75,3,16
23,Jason Gore,18.75,3,16
23,Justin Leonard,18.75,3,16
23,Kenny Perry,18.75,3,16
27,Fred Funk,6.25,1,16
27,Heath Slocum,6.25,1,16
