rank,player,Avg,Total Strokes,Total Holes
1,Stuart Appleby,3.91,172,44
2,Vijay Singh,3.93,173,44
3,Vaughn Taylor,3.98,175,44
4,Justin Leonard,4.00,176,44
5,Jim Furyk,4.02,177,44
6,Bart Bryant,4.05,178,44
6,Michael Campbell,4.05,178,44
8,Jason Bohn,4.09,180,44
8,"Wes Short, Jr.",4.09,180,44
8,David Toms,4.09,180,44
11,Mark Calcavecchia,4.11,181,44
11,Geoff Ogilvy,4.11,181,44
13,Olin Browne,4.14,182,44
13,Fred Funk,4.14,182,44
13,Peter Lonard,4.14,182,44
16,Lucas Glover,4.16,183,44
16,Tim Petrovic,4.16,183,44
16,Carl Pettersson,4.16,183,44
19,Sergio Garcia,4.18,184,44
19,Kenny Perry,4.18,184,44
21,Robert Gamez,4.23,186,44
22,Heath Slocum,4.27,188,44
23,Ben Crane,4.30,189,44
23,Brad Faxon,4.30,189,44
25,K.J. Choi,4.32,190,44
25,Sean O'Hair,4.32,190,44
27,Ted Purdy,4.34,191,44
28,Jason Gore,4.43,195,44
