rank,player,Status,Par 4 Avg,Total Par
1,Stuart Appleby,-4,3.91,176
2,Vijay Singh,-3,3.93,176
3,Vaughn Taylor,-1,3.98,176
4,Justin Leonard,E,4.00,176
5,Jim Furyk,+1,4.02,176
6,Bart Bryant,+2,4.05,176
6,Michael Campbell,+2,4.05,176
8,Jason Bohn,+4,4.09,176
8,"Wes Short, Jr.",+4,4.09,176
8,David Toms,+4,4.09,176
11,Mark Calcavecchia,+5,4.11,176
11,Geoff Ogilvy,+5,4.11,176
13,Olin Browne,+6,4.14,176
13,Fred Funk,+6,4.14,176
13,Peter Lonard,+6,4.14,176
16,Lucas Glover,+7,4.16,176
16,Tim Petrovic,+7,4.16,176
16,Carl Pettersson,+7,4.16,176
19,Sergio Garcia,+8,4.18,176
19,Kenny Perry,+8,4.18,176
21,Robert Gamez,+10,4.23,176
22,Heath Slocum,+12,4.27,176
23,Ben Crane,+13,4.30,176
23,Brad Faxon,+13,4.30,176
25,K.J. Choi,+14,4.32,176
25,Sean O'Hair,+14,4.32,176
27,Ted Purdy,+15,4.34,176
28,Jason Gore,+19,4.43,176
