rank,player,Avg,Distance (Feet),Total Putts
1,Aaron Baddeley,"60' 10""",121.583,2
2,Boo Weekley,"57' 3""",171.750,3
3,Joe Ogilvie,"56' 4""",225.167,4
4,George McNeill,"55' 0""",220.083,4
5,Steve Flesch,"54' 1""",108.167,2
6,K.J. Choi,"53' 10""",215.333,4
6,Zach Johnson,"53' 10""",53.833,1
8,Daniel Chopra,"53' 8""",107.250,2
9,Nick Watney,"53' 1""",106.083,2
10,Fred Funk,"49' 5""",296.250,6
11,Jim Furyk,"49' 3""",98.500,2
12,Brandt Snedeker,"48' 11""",293.417,6
13,Stephen Ames,"47' 10""",95.583,2
14,Woody Austin,"47' 8""",238.250,5
14,Henrik Stenson,"47' 8""",285.917,6
16,Paul Goydos,"47' 4""",142.000,3
17,Scott Verplank,"46' 3""",92.417,2
18,Charley Hoffman,"46' 1""",184.167,4
18,Mark Wilson,"46' 1""",138.167,3
20,Vijay Singh,"43' 8""",174.583,4
21,Ángel Cabrera,"42' 6""",212.417,5
22,Chad Campbell,"42' 2""",126.417,3
23,Steve Stricker,"42' 0""",42.000,1
24,Hunter Mahan,"41' 3""",164.833,4
25,Mark Calcavecchia,"37' 1""",222.333,6
26,Mike Weir,"36' 9""",36.750,1
27,Justin Leonard,"33' 6""",33.500,1
28,Brian Bateman,"33' 2""",99.500,3
29,Rory Sabbatini,"11' 11""",23.833,2
