rank,player,Value,Attempts,Total Distance (Feet)
1,Chad Campbell,"1' 10""",50,93.167
1,Justin Leonard,"1' 10""",43,79.417
3,Scott Verplank,"2' 0""",50,101.333
4,Daniel Chopra,"2' 1""",43,89.583
4,Jim Furyk,"2' 1""",49,104.000
6,Jonathan Byrd,"2' 2""",46,98.833
6,Zach Johnson,"2' 2""",52,112.083
8,Steve Flesch,"2' 3""",48,108.500
8,Charles Howell III,"2' 3""",49,109.667
8,Vijay Singh,"2' 3""",56,123.833
8,Steve Stricker,"2' 3""",49,109.917
12,Ángel Cabrera,"2' 4""",49,114.917
12,K.J. Choi,"2' 4""",50,116.000
12,Charley Hoffman,"2' 4""",58,135.000
15,Fred Funk,"2' 5""",53,127.083
15,Hunter Mahan,"2' 5""",49,118.917
15,George McNeill,"2' 5""",46,109.667
15,Rory Sabbatini,"2' 5""",52,125.250
19,Paul Goydos,"2' 6""",51,128.583
19,Joe Ogilvie,"2' 6""",54,133.333
19,Boo Weekley,"2' 6""",52,129.750
19,Mike Weir,"2' 6""",48,120.667
23,Aaron Baddeley,"2' 7""",47,122.583
23,Brian Bateman,"2' 7""",55,140.500
25,Woody Austin,"2' 8""",49,131.417
26,Mark Wilson,"2' 9""",57,157.000
27,Stephen Ames,"2' 11""",42,123.583
27,Brandt Snedeker,"2' 11""",42,122.167
27,Henrik Stenson,"2' 11""",50,146.167
30,Mark Calcavecchia,"3' 4""",50,165.417
30,Nick Watney,"3' 4""",55,182.667
