rank,player,Avg,Distance (feet),Total Putts
1,Daniel Chopra,"28' 11""","1,126.417",39
2,Brian Bateman,"28' 2""","1,238.500",44
3,Nick Watney,"27' 8""","1,411.583",51
4,Mark Wilson,"27' 0""","1,242.833",46
5,Paul Goydos,"26' 9""","1,017.500",38
5,Joe Ogilvie,"26' 9""","1,149.667",43
7,Jim Furyk,"26' 8""","1,198.250",45
8,Hunter Mahan,"26' 7""","1,171.250",44
9,Charley Hoffman,"26' 2""","1,336.250",51
10,Boo Weekley,"26' 0""","1,012.500",39
11,K.J. Choi,"25' 11""",983.250,38
12,Charles Howell III,"24' 10""","1,067.500",43
12,Zach Johnson,"24' 10""","1,117.000",45
14,Brandt Snedeker,"24' 9""",790.750,32
15,George McNeill,"24' 8""",888.333,36
16,Stephen Ames,"24' 5""",927.583,38
17,Mike Weir,"24' 3""","1,043.083",43
18,Aaron Baddeley,"24' 0""",984.917,41
19,Jonathan Byrd,"23' 10""",977.417,41
20,Woody Austin,"23' 9""",974.000,41
20,Justin Leonard,"23' 9""",925.750,39
22,Steve Stricker,"23' 8""","1,040.167",44
23,Fred Funk,"23' 1""","1,016.333",44
24,Mark Calcavecchia,"22' 9""",932.667,41
24,Rory Sabbatini,"22' 9""",976.833,43
26,Steve Flesch,"22' 7""",902.833,40
26,Vijay Singh,"22' 7""","1,128.417",50
26,Henrik Stenson,"22' 7""",858.750,38
26,Scott Verplank,"22' 7""",947.833,42
30,Ángel Cabrera,"22' 6""",901.500,40
31,Chad Campbell,"21' 8""",953.083,44
