rank,player,Avg,Distance (Feet),Total Putts
1,Joe Ogilvie,"17' 1""",136.500,8
2,Daniel Chopra,"15' 8""",328.167,21
3,Rory Sabbatini,"13' 10""",221.500,16
4,Hunter Mahan,"13' 1""",209.083,16
5,Fred Funk,"11' 0""",142.750,13
6,Steve Stricker,"10' 10""",183.667,17
7,Stephen Ames,"10' 9""",203.750,19
8,Justin Leonard,"10' 7""",180.417,17
9,K.J. Choi,"10' 4""",144.250,14
10,Nick Watney,"10' 3""",143.167,14
11,Mark Wilson,"9' 10""",97.917,10
12,Chad Campbell,"9' 9""",175.000,18
13,Woody Austin,"9' 7""",124.250,13
13,Charles Howell III,"9' 7""",153.167,16
15,Mark Calcavecchia,"9' 3""",156.667,17
15,Henrik Stenson,"9' 3""",120.667,13
17,Aaron Baddeley,"9' 1""",144.667,16
18,Mike Weir,"8' 11""",151.583,17
19,Jim Furyk,"8' 9""",131.750,15
20,Brian Bateman,"8' 6""",110.917,13
21,Boo Weekley,"8' 5""",109.583,13
22,George McNeill,"8' 3""",132.500,16
23,Scott Verplank,"7' 11""",126.667,16
24,Vijay Singh,"7' 10""",70.667,9
25,Jonathan Byrd,"7' 7""",113.750,15
25,Brandt Snedeker,"7' 7""",152.250,20
27,Ángel Cabrera,"7' 1""",112.750,16
27,Steve Flesch,"7' 1""",106.583,15
29,Zach Johnson,"7' 0""",97.750,14
30,Paul Goydos,"6' 8""",86.833,13
31,Charley Hoffman,"5' 6""",54.583,10
