rank,player,Avg,Distance (feet),Total Putts
1,Aaron Baddeley,"60' 10""",1.459,2
2,Boo Weekley,"57' 3""",2.061,3
3,Joe Ogilvie,"56' 4""",2.702,4
4,George McNeill,"55' 0""",2.641,4
5,Steve Flesch,"54' 1""",1.298,2
6,Zach Johnson,"53' 10""",.646,1
7,Daniel Chopra,"53' 8""",1.287,2
8,Nick Watney,"53' 1""",1.273,2
9,K.J. Choi,"49' 6""",1.782,3
10,Fred Funk,"49' 5""",3.555,6
11,Jim Furyk,"49' 3""",1.182,2
12,Brandt Snedeker,"48' 11""",3.521,6
13,Stephen Ames,"47' 10""",1.147,2
14,Woody Austin,"47' 8""",2.859,5
14,Henrik Stenson,"47' 8""",3.431,6
16,Paul Goydos,"47' 4""",1.704,3
17,Scott Verplank,"46' 3""",1.109,2
18,Charley Hoffman,"46' 1""",2.210,4
18,Mark Wilson,"46' 1""",1.658,3
20,Vijay Singh,"43' 8""",2.095,4
21,Mark Calcavecchia,"43' 7""",2.614,5
22,Ángel Cabrera,"42' 8""",2.049,4
23,Steve Stricker,"42' 0""",.504,1
24,Hunter Mahan,"41' 3""",1.978,4
25,Chad Campbell,"39' 2""",.939,2
26,Mike Weir,"36' 9""",.441,1
27,Justin Leonard,"33' 6""",.402,1
28,Brian Bateman,"33' 2""",1.194,3
29,Rory Sabbatini,"11' 11""",.286,2
