rank,player,Distance in Inches
1,Daniel Chopra,74
2,Stephen Ames,60
3,Rory Sabbatini,58
4,Hunter Mahan,56
5,Justin Leonard,53
5,Steve Stricker,53
7,Charles Howell III,51
7,Nick Watney,51
9,Brandt Snedeker,49
9,Mike Weir,49
11,Aaron Baddeley,48
11,Henrik Stenson,48
13,Mark Calcavecchia,47
14,Joe Ogilvie,46
15,Woody Austin,45
15,Chad Campbell,45
15,Fred Funk,45
18,K.J. Choi,44
18,Boo Weekley,44
20,Scott Verplank,43
21,Brian Bateman,42
21,Jonathan Byrd,42
21,Jim Furyk,42
21,George McNeill,42
25,Paul Goydos,41
25,Mark Wilson,41
27,Ángel Cabrera,39
28,Steve Flesch,38
29,Zach Johnson,37
30,Vijay Singh,34
31,Charley Hoffman,29
