rank,player,Avg,Distance (Feet),Total Putts
1,Daniel Chopra,"12' 11""",374.000,29
2,Rory Sabbatini,"11' 10""",236.250,20
3,Hunter Mahan,"10' 7""",243.583,23
4,Steve Stricker,"9' 6""",208.167,22
5,Joe Ogilvie,"9' 5""",169.750,18
6,Fred Funk,"9' 4""",177.667,19
6,Nick Watney,"9' 4""",158.667,17
8,Chad Campbell,"8' 7""",188.583,22
8,Charles Howell III,"8' 7""",189.417,22
10,Justin Leonard,"8' 6""",237.250,28
11,Mark Wilson,"8' 4""",116.833,14
12,Henrik Stenson,"8' 3""",182.250,22
13,Stephen Ames,"8' 1""",243.250,30
13,Boo Weekley,"8' 1""",161.250,20
15,Woody Austin,"8' 0""",183.667,23
15,Mark Calcavecchia,"8' 0""",167.250,21
17,K.J. Choi,"7' 9""",171.000,22
18,Brian Bateman,"7' 8""",130.333,17
19,Mike Weir,"7' 6""",179.917,24
20,Scott Verplank,"7' 5""",163.417,22
21,Aaron Baddeley,"7' 4""",182.750,25
22,Jim Furyk,"6' 11""",158.583,23
23,Brandt Snedeker,"6' 6""",195.500,30
24,George McNeill,"6' 5""",166.250,26
25,Paul Goydos,"6' 4""",132.917,21
26,Ángel Cabrera,"6' 2""",135.917,22
27,Vijay Singh,"5' 11""",95.250,16
28,Jonathan Byrd,"5' 10""",151.750,26
29,Zach Johnson,"5' 9""",114.667,20
30,Steve Flesch,"5' 6""",132.917,24
31,Charley Hoffman,"4' 5""",62.083,14
