rank,player,Avg,Distance (Feet),Total Putts
1,Jonathan Kaye,"13' 0""",299.667,23
2,Frank Lickliter II,"12' 0""",288.917,24
3,Shaun Micheel,"10' 11""",228.833,21
4,Kenny Perry,"10' 9""",194.083,18
5,Shigeki Maruyama,"10' 4""",217.583,21
6,Ben Crane,"10' 2""",244.250,24
7,Darren Clarke,"9' 9""",243.667,25
8,Craig Stadler,"9' 8""",222.583,23
9,Scott Hoch,"9' 6""",209.667,22
10,Peter Jacobsen,"9' 5""",217.167,23
11,Tiger Woods,"9' 4""",205.667,22
12,Stuart Appleby,"9' 3""",334.000,36
13,Rory Sabbatini,"8' 9""",175.417,20
14,Mike Weir,"8' 7""",239.250,28
15,Jim Furyk,"8' 5""",160.250,19
15,John Huston,"8' 5""",243.250,29
17,Adam Scott,"8' 4""",199.167,24
18,Ernie Els,"7' 8""",168.750,22
18,Vijay Singh,"7' 8""",238.167,31
20,Retief Goosen,"7' 7""",211.833,28
20,Kirk Triplett,"7' 7""",258.083,34
22,Tommy Armour III,"7' 4""",162.167,22
22,Fred Couples,"7' 4""",138.833,19
24,Steve Flesch,"7' 3""",159.083,22
25,Ben Curtis,"7' 1""",148.417,21
26,Chad Campbell,"6' 10""",109.333,16
27,Justin Leonard,"6' 6""",123.083,19
28,Davis Love III,"6' 3""",175.917,28
29,Bob Tway,"6' 1""",109.250,18
30,J.L. Lewis,"4' 10""",101.333,21
