rank,player,Avg,Distance (Feet),Total Putts
1,Justin Leonard,"61' 5""",306.917,5
2,Scott Hoch,"55' 10""",111.583,2
3,Frank Lickliter II,"50' 10""",304.750,6
4,Adam Scott,"49' 4""",148.083,3
5,Tiger Woods,"48' 11""",146.750,3
6,Ernie Els,"47' 9""",191.000,4
7,John Huston,"44' 11""",404.000,9
8,Ben Curtis,"43' 2""",345.000,8
9,Vijay Singh,"41' 7""",291.250,7
10,Retief Goosen,"41' 2""",123.500,3
11,Jonathan Kaye,"39' 8""",158.667,4
12,Chad Campbell,"38' 6""",153.833,4
12,Rory Sabbatini,"38' 6""",307.833,8
14,Jim Furyk,"37' 10""",75.667,2
15,Mike Weir,"36' 2""",217.167,6
16,Tommy Armour III,"35' 11""",107.833,3
17,Steve Flesch,"35' 7""",142.417,4
18,Fred Couples,"35' 4""",211.833,6
19,Kenny Perry,"34' 10""",174.000,5
20,Peter Jacobsen,"34' 4""",137.250,4
21,Craig Stadler,"34' 0""",102.000,3
22,Shaun Micheel,"33' 6""",268.083,8
23,J.L. Lewis,"32' 10""",98.583,3
24,Ben Crane,"32' 4""",97.083,3
25,Davis Love III,"30' 10""",92.417,3
26,Stuart Appleby,"28' 6""",56.917,2
27,Shigeki Maruyama,"27' 6""",110.083,4
28,Kirk Triplett,"25' 9""",77.167,3
29,Darren Clarke,"10' 3""",20.417,2
30,Bob Tway,"6' 5""",6.417,1
