rank,player,Distance in Inches
1,Frank Lickliter II,72
2,Stuart Appleby,71
3,Jonathan Kaye,67
4,Ben Crane,64
5,Shigeki Maruyama,59
6,Darren Clarke,58
6,Shaun Micheel,58
6,Craig Stadler,58
6,Kirk Triplett,58
10,John Huston,57
11,Tommy Armour III,56
11,Scott Hoch,56
11,Mike Weir,56
14,Vijay Singh,55
14,Tiger Woods,55
16,Peter Jacobsen,54
16,Kenny Perry,54
18,Retief Goosen,53
19,Adam Scott,51
20,Steve Flesch,50
20,Rory Sabbatini,50
22,Ernie Els,47
22,Jim Furyk,47
22,Davis Love III,47
25,Ben Curtis,43
26,Fred Couples,42
26,Justin Leonard,42
28,Chad Campbell,39
29,J.L. Lewis,38
30,Bob Tway,36
