rank,player,Avg,Distance (Feet),Total Putts
1,Jonathan Kaye,"15' 2""",242.000,16
2,Frank Lickliter II,"14' 9""",191.583,13
3,Shaun Micheel,"13' 5""",200.750,15
4,Kenny Perry,"13' 3""",158.917,12
4,Craig Stadler,"13' 3""",185.000,14
6,Peter Jacobsen,"12' 8""",152.333,12
7,Shigeki Maruyama,"12' 6""",162.250,13
8,Ben Crane,"12' 2""",206.583,17
9,Darren Clarke,"11' 7""",185.833,16
9,Rory Sabbatini,"11' 7""",127.667,11
11,Stuart Appleby,"11' 4""",260.417,23
12,Mike Weir,"11' 2""",178.000,16
13,Scott Hoch,"11' 1""",166.750,15
14,John Huston,"10' 3""",195.500,19
15,Tiger Woods,"10' 2""",192.917,19
16,Vijay Singh,"9' 9""",205.333,21
17,Adam Scott,"9' 6""",170.750,18
18,Tommy Armour III,"9' 4""",102.333,11
19,Jim Furyk,"9' 1""",127.667,14
20,Ernie Els,"9' 0""",153.583,17
21,Retief Goosen,"8' 10""",150.583,17
22,Ben Curtis,"8' 8""",95.000,11
23,Justin Leonard,"8' 7""",94.083,11
24,Kirk Triplett,"8' 0""",192.417,24
25,Steve Flesch,"7' 11""",102.500,13
26,Chad Campbell,"7' 5""",74.083,10
27,Bob Tway,"7' 2""",71.583,10
28,Fred Couples,"6' 10""",88.667,13
29,Davis Love III,"6' 5""",96.333,15
30,J.L. Lewis,"5' 0""",50.083,10
