rank,player,Avg,Distance (feet),Total Putts
1,Justin Leonard,"61' 5""",3.683,5
2,Tiger Woods,"60' 1""",1.441,2
3,Scott Hoch,"55' 10""",1.339,2
4,Frank Lickliter II,"50' 10""",3.657,6
5,Adam Scott,"49' 4""",1.777,3
6,Ernie Els,"47' 9""",2.292,4
7,J.L. Lewis,"47' 5""",1.138,2
8,John Huston,"44' 11""",4.848,9
9,Ben Curtis,"43' 2""",4.140,8
10,Vijay Singh,"41' 7""",3.495,7
11,Retief Goosen,"41' 2""",1.482,3
12,Mike Weir,"40' 2""",2.411,5
13,Jonathan Kaye,"39' 8""",1.904,4
14,Chad Campbell,"38' 6""",1.846,4
14,Rory Sabbatini,"38' 6""",3.694,8
16,Tommy Armour III,"35' 11""",1.294,3
17,Steve Flesch,"35' 7""",1.709,4
18,Fred Couples,"35' 4""",2.542,6
19,Shigeki Maruyama,"35' 2""",1.266,3
20,Kenny Perry,"34' 10""",2.088,5
21,Peter Jacobsen,"34' 4""",1.647,4
22,Craig Stadler,"34' 0""",1.224,3
23,Shaun Micheel,"33' 6""",3.217,8
24,Ben Crane,"32' 4""",1.165,3
25,Davis Love III,"30' 10""",1.109,3
26,Stuart Appleby,"28' 6""",.683,2
27,Kirk Triplett,"25' 9""",.926,3
28,Jim Furyk,"23' 11""",.287,1
29,Darren Clarke,"11' 4""",.136,1
