rank,player,Avg,Total Strokes,Total Rounds
1,Nick Watney,68.00,68,1
2,Daniel Chopra,69.00,69,1
3,Aaron Baddeley,70.00,70,1
3,Jonathan Byrd,70.00,70,1
3,Ángel Cabrera,70.00,70,1
6,Brandt Snedeker,71.00,71,1
6,Mike Weir,71.00,71,1
8,Stephen Ames,72.00,72,1
8,Steve Flesch,72.00,72,1
8,Rory Sabbatini,72.00,72,1
11,Woody Austin,73.00,73,1
11,Justin Leonard,73.00,73,1
11,Hunter Mahan,73.00,73,1
11,Steve Stricker,73.00,73,1
11,Scott Verplank,73.00,73,1
16,Jim Furyk,74.00,74,1
16,Charles Howell III,74.00,74,1
16,George McNeill,74.00,74,1
16,Vijay Singh,74.00,74,1
16,Mark Wilson,74.00,74,1
21,Mark Calcavecchia,75.00,75,1
21,Chad Campbell,75.00,75,1
21,Fred Funk,75.00,75,1
21,Charley Hoffman,75.00,75,1
21,Joe Ogilvie,75.00,75,1
26,Brian Bateman,76.00,76,1
26,Zach Johnson,76.00,76,1
26,Henrik Stenson,76.00,76,1
29,K.J. Choi,79.00,79,1
30,Boo Weekley,80.00,80,1
31,Paul Goydos,81.00,81,1
