rank,player,Avg,Total Strokes,Total Rounds
1,Mark Calcavecchia,66.00,66,1
2,Stephen Ames,67.00,67,1
2,Zach Johnson,67.00,67,1
2,Mike Weir,67.00,67,1
5,Chad Campbell,68.00,68,1
5,Justin Leonard,68.00,68,1
7,Jonathan Byrd,69.00,69,1
7,George McNeill,69.00,69,1
7,Brandt Snedeker,69.00,69,1
7,Steve Stricker,69.00,69,1
11,Brian Bateman,70.00,70,1
11,Steve Flesch,70.00,70,1
11,Jim Furyk,70.00,70,1
11,Charles Howell III,70.00,70,1
11,Vijay Singh,70.00,70,1
11,Scott Verplank,70.00,70,1
17,Aaron Baddeley,71.00,71,1
17,Ángel Cabrera,71.00,71,1
17,Fred Funk,71.00,71,1
20,Daniel Chopra,72.00,72,1
20,Charley Hoffman,72.00,72,1
20,Hunter Mahan,72.00,72,1
20,Nick Watney,72.00,72,1
20,Mark Wilson,72.00,72,1
25,Paul Goydos,73.00,73,1
25,Joe Ogilvie,73.00,73,1
27,Woody Austin,74.00,74,1
27,Rory Sabbatini,74.00,74,1
27,Boo Weekley,74.00,74,1
30,K.J. Choi,75.00,75,1
30,Henrik Stenson,75.00,75,1
