rank,player,Avg,Total Strokes,Total Rounds
1,Jim Furyk,66.00,66,1
2,Daniel Chopra,67.00,67,1
2,Paul Goydos,67.00,67,1
2,Vijay Singh,67.00,67,1
2,Nick Watney,67.00,67,1
6,Chad Campbell,68.00,68,1
6,Charles Howell III,68.00,68,1
6,Steve Stricker,68.00,68,1
6,Boo Weekley,68.00,68,1
6,Mike Weir,68.00,68,1
11,Woody Austin,69.00,69,1
11,Jonathan Byrd,69.00,69,1
11,K.J. Choi,69.00,69,1
11,Justin Leonard,69.00,69,1
11,Hunter Mahan,69.00,69,1
11,Rory Sabbatini,69.00,69,1
17,Stephen Ames,70.00,70,1
17,Ángel Cabrera,70.00,70,1
17,Charley Hoffman,70.00,70,1
17,Brandt Snedeker,70.00,70,1
21,Mark Calcavecchia,71.00,71,1
21,Steve Flesch,71.00,71,1
21,Zach Johnson,71.00,71,1
24,Brian Bateman,72.00,72,1
24,Fred Funk,72.00,72,1
24,George McNeill,72.00,72,1
24,Scott Verplank,72.00,72,1
28,Aaron Baddeley,73.00,73,1
28,Henrik Stenson,73.00,73,1
28,Mark Wilson,73.00,73,1
31,Joe Ogilvie,74.00,74,1
