rank,player,%
1,Stephen Ames,100.00
1,Woody Austin,100.00
1,Aaron Baddeley,100.00
1,Brian Bateman,100.00
1,Mark Calcavecchia,100.00
1,K.J. Choi,100.00
1,Daniel Chopra,100.00
1,Jim Furyk,100.00
1,Charley Hoffman,100.00
1,Charles Howell III,100.00
1,Hunter Mahan,100.00
1,Rory Sabbatini,100.00
1,Henrik Stenson,100.00
1,Steve Stricker,100.00
1,Scott Verplank,100.00
1,Nick Watney,100.00
1,Boo Weekley,100.00
1,Mike Weir,100.00
19,Jonathan Byrd,.00
19,Ángel Cabrera,.00
19,Chad Campbell,.00
19,Steve Flesch,.00
19,Fred Funk,.00
19,Paul Goydos,.00
19,Zach Johnson,.00
19,Justin Leonard,.00
19,George McNeill,.00
19,Joe Ogilvie,.00
19,Vijay Singh,.00
19,Brandt Snedeker,.00
19,Mark Wilson,.00
