rank,player,Avg,Total Strokes,Total Rounds
1,Hunter Mahan,64.00,64,1
1,Steve Stricker,64.00,64,1
3,Stephen Ames,66.00,66,1
3,Daniel Chopra,66.00,66,1
3,Boo Weekley,66.00,66,1
6,Aaron Baddeley,67.00,67,1
6,Charles Howell III,67.00,67,1
8,Mark Calcavecchia,68.00,68,1
8,Jim Furyk,68.00,68,1
8,Henrik Stenson,68.00,68,1
11,K.J. Choi,69.00,69,1
11,Justin Leonard,69.00,69,1
11,Rory Sabbatini,69.00,69,1
14,Woody Austin,70.00,70,1
14,Brian Bateman,70.00,70,1
14,Chad Campbell,70.00,70,1
14,Charley Hoffman,70.00,70,1
14,Vijay Singh,70.00,70,1
14,Brandt Snedeker,70.00,70,1
14,Mike Weir,70.00,70,1
21,Ángel Cabrera,71.00,71,1
21,Scott Verplank,71.00,71,1
21,Nick Watney,71.00,71,1
24,Fred Funk,72.00,72,1
24,Mark Wilson,72.00,72,1
26,Paul Goydos,73.00,73,1
26,Zach Johnson,73.00,73,1
28,Jonathan Byrd,74.00,74,1
28,Steve Flesch,74.00,74,1
28,Joe Ogilvie,74.00,74,1
31,George McNeill,75.00,75,1
