rank,player,Avg,Total SG:Putting,Measured Rounds
1,Bryson DeChambeau,1.826,7.304,4
2,Andrew Putnam,1.698,6.791,4
3,Xander Schauffele,1.341,5.363,4
4,Cameron Champ,1.188,4.750,4
5,Patton Kizzire,1.037,4.148,4
6,Troy Merritt,.851,3.404,4
7,Gary Woodland,.825,3.298,4
8,Marc Leishman,.815,3.261,4
9,Jason Day,.518,2.073,4
10,Dustin Johnson,.406,1.622,4
11,Rory McIlroy,.352,1.407,4
12,Andrew Landry,.274,1.095,4
13,Brice Garnett,.176,.703,4
14,Brandt Snedeker,.092,.367,4
15,Paul Casey,.073,.290,4
16,Francesco Molinari,-.003,-.014,4
17,Kevin Tway,-.034,-.138,4
18,Scott Piercy,-.042,-.167,4
19,Michael Kim,-.065,-.259,4
20,Charles Howell III,-.068,-.272,4
21,Justin Thomas,-.190,-.762,4
22,Matt Kuchar,-.233,-.931,4
23,Satoshi Kodaira,-.294,-1.178,4
24,Brooks Koepka,-.382,-1.530,4
25,"Ted Potter, Jr.",-.501,-2.004,4
26,Webb Simpson,-.521,-2.083,4
27,Aaron Wise,-.563,-2.251,4
28,Jon Rahm,-.589,-2.356,4
29,Ian Poulter,-1.083,-4.334,4
30,Billy Horschel,-1.120,-4.482,4
31,Patrick Reed,-1.141,-4.563,4
32,Keegan Bradley,-1.782,-7.129,4
33,Bubba Watson,-2.859,-11.435,4
