rank,player,Avg,Total SG:APP,Measured Rounds
1,Justin Thomas,2.715,10.862,4
2,Webb Simpson,1.817,7.269,4
3,Gary Woodland,1.382,5.527,4
4,Xander Schauffele,1.188,4.752,4
5,Marc Leishman,1.162,4.647,4
6,Jon Rahm,1.006,4.026,4
7,Michael Kim,.557,2.229,4
8,Patton Kizzire,.443,1.773,4
9,Rory McIlroy,.346,1.385,4
10,Andrew Putnam,.343,1.374,4
11,Keegan Bradley,.302,1.207,4
12,Paul Casey,.301,1.205,4
13,Ian Poulter,.220,.879,4
14,Brooks Koepka,.078,.312,4
15,Kevin Tway,.077,.309,4
16,Cameron Champ,-.060,-.240,4
17,Matt Kuchar,-.065,-.258,4
18,Bubba Watson,-.097,-.388,4
19,Dustin Johnson,-.207,-.827,4
20,Charles Howell III,-.391,-1.563,4
21,Andrew Landry,-.497,-1.988,4
22,Bryson DeChambeau,-.543,-2.171,4
23,"Ted Potter, Jr.",-.553,-2.213,4
24,Troy Merritt,-.564,-2.254,4
25,Brandt Snedeker,-.625,-2.499,4
26,Scott Piercy,-.639,-2.555,4
27,Billy Horschel,-.763,-3.050,4
28,Brice Garnett,-.841,-3.365,4
29,Jason Day,-.981,-3.922,4
30,Patrick Reed,-1.043,-4.173,4
31,Satoshi Kodaira,-1.235,-4.938,4
32,Aaron Wise,-1.395,-5.580,4
33,Francesco Molinari,-1.440,-5.760,4
