rank,player,%,Greens Hit,# Holes,Relative/Par
1,Boo Weekley,88.89,64,72,-0.11
2,Brian Gay,83.33,60,72,-0.28
2,Billy Horschel,83.33,60,72,-0.35
2,Dustin Johnson,83.33,60,72,-0.35
2,Jordan Spieth,83.33,60,72,-0.33
2,Michael Thompson,83.33,60,72,-0.20
2,Gary Woodland,83.33,60,72,-0.33
8,Chris Kirk,81.94,59,72,-0.29
8,Ryan Moore,81.94,59,72,-0.34
10,Ken Duke,80.56,58,72,-0.28
10,Harris English,80.56,58,72,-0.28
10,Webb Simpson,80.56,58,72,-0.34
13,Jason Dufner,79.17,57,72,-0.33
13,Bill Haas,79.17,57,72,-0.18
13,Martin Laird,79.17,57,72,-0.30
13,Patrick Reed,79.17,57,72,-0.32
17,Zach Johnson,77.78,56,72,-0.38
18,Russell Henley,76.39,55,72,-0.31
18,Matt Kuchar,76.39,55,72,-0.40
18,John Merrick,76.39,55,72,-0.18
21,Scott Brown,75.00,54,72,-0.33
21,Adam Scott,75.00,54,72,-0.39
21,Brandt Snedeker,75.00,54,72,-0.31
21,Kevin Streelman,75.00,54,72,-0.43
25,Woody Austin,73.61,53,72,-0.36
26,Sangmoon Bae,69.44,50,72,-0.34
26,D.A. Points,69.44,50,72,-0.24
26,Jimmy Walker,69.44,50,72,-0.44
29,Jonas Blixt,68.06,49,72,-0.33
30,Derek Ernst,66.67,48,72,-0.15
