rank,player,Value,Total Drv Rank,GIR Rank
1,Michael Thompson,3,1,2
1,Boo Weekley,3,2,1
3,Billy Horschel,9,7,2
4,Gary Woodland,12,10,2
5,Harris English,18,8,10
6,Bill Haas,19,6,13
7,Dustin Johnson,20,18,2
8,Jason Dufner,21,8,13
8,Russell Henley,21,3,18
8,Jordan Spieth,21,19,2
11,Matt Kuchar,22,4,18
12,Zach Johnson,28,11,17
12,Martin Laird,28,15,13
14,Brian Gay,32,30,2
14,John Merrick,32,14,18
16,Ryan Moore,33,25,8
16,Patrick Reed,33,20,13
16,Adam Scott,33,12,21
16,Kevin Streelman,33,12,21
20,Webb Simpson,34,24,10
21,Derek Ernst,35,5,30
21,Chris Kirk,35,27,8
23,Scott Brown,36,15,21
23,Ken Duke,36,26,10
25,Sangmoon Bae,43,17,26
26,Brandt Snedeker,44,23,21
27,Jimmy Walker,46,20,26
28,D.A. Points,48,22,26
29,Woody Austin,52,27,25
30,Jonas Blixt,56,27,29
