rank,player,Avg RTP
1,Vijay Singh,-.132
2,Michael Campbell,-.102
3,Sergio Garcia,-.075
4,Stuart Appleby,-.071
5,Jim Furyk,-.063
6,Vaughn Taylor,-.052
7,Bart Bryant,-.036
8,Lucas Glover,-.020
9,Justin Leonard,E
9,Geoff Ogilvy,E
11,Tim Petrovic,+.049
12,Robert Gamez,+.053
13,Mark Calcavecchia,+.055
14,David Toms,+.057
15,"Wes Short, Jr.",+.059
16,Peter Lonard,+.069
17,K.J. Choi,+.071
18,Olin Browne,+.082
19,Ted Purdy,+.111
20,Jason Bohn,+.123
21,Ben Crane,+.156
22,Kenny Perry,+.175
23,Brad Faxon,+.182
24,Heath Slocum,+.208
25,Jason Gore,+.234
26,Carl Pettersson,+.245
27,Sean O'Hair,+.264
28,Fred Funk,+.270
