rank,player,%,Total Birdies,Total Holes
1,Vijay Singh,28.57,6,21
2,Jim Furyk,26.32,5,19
3,Bart Bryant,21.21,7,33
4,Sergio Garcia,20.00,4,20
4,Vaughn Taylor,20.00,5,25
6,Stuart Appleby,19.05,4,21
7,Jason Bohn,18.52,5,27
7,Robert Gamez,18.52,5,27
9,Brad Faxon,17.39,4,23
10,K.J. Choi,17.24,5,29
11,Olin Browne,16.67,4,24
12,Geoff Ogilvy,15.79,3,19
13,Ted Purdy,15.38,4,26
14,Tim Petrovic,14.29,3,21
15,Lucas Glover,13.04,3,23
15,Sean O'Hair,13.04,3,23
15,Kenny Perry,13.04,3,23
18,David Toms,12.50,3,24
19,Justin Leonard,12.12,4,33
20,Fred Funk,12.00,3,25
20,Peter Lonard,12.00,3,25
20,Heath Slocum,12.00,3,25
23,Ben Crane,11.54,3,26
24,Mark Calcavecchia,9.52,2,21
25,Jason Gore,9.09,2,22
26,Carl Pettersson,8.70,2,23
27,Michael Campbell,5.26,1,19
28,"Wes Short, Jr.",4.00,1,25
