rank,player,Avg RTP
1,Stuart Appleby,-.750
2,Kenny Perry,-.333
3,Sergio Garcia,-.167
4,Jason Bohn,E
4,Mark Calcavecchia,E
4,K.J. Choi,E
4,Ben Crane,E
4,Brad Faxon,E
4,Fred Funk,E
4,Jim Furyk,E
4,Lucas Glover,E
4,Peter Lonard,E
4,Tim Petrovic,E
4,Ted Purdy,E
4,Vijay Singh,E
16,David Toms,+.143
17,Robert Gamez,+.167
18,Vaughn Taylor,+.200
19,Heath Slocum,+.222
20,Olin Browne,+.250
20,Justin Leonard,+.250
22,"Wes Short, Jr.",+.400
23,Bart Bryant,+.429
24,Michael Campbell,+.500
24,Carl Pettersson,+.500
26,Geoff Ogilvy,+.600
27,Sean O'Hair,+.833
28,Jason Gore,+1.000
