rank,player,%,Total Birdies,Total Holes
1,Kenny Perry,66.67,2,3
2,Sean O'Hair,50.00,2,4
2,David Toms,50.00,3,6
4,Vijay Singh,40.00,2,5
5,Stuart Appleby,33.33,2,6
6,Mark Calcavecchia,28.57,2,7
6,Carl Pettersson,28.57,2,7
8,Sergio Garcia,20.00,1,5
8,Lucas Glover,20.00,1,5
10,Ted Purdy,16.67,1,6
10,Heath Slocum,16.67,1,6
12,Brad Faxon,14.29,1,7
12,Jason Gore,14.29,1,7
14,Ben Crane,12.50,1,8
15,Jason Bohn,.00,0,3
15,Olin Browne,.00,0,1
15,Bart Bryant,.00,0,4
15,Michael Campbell,.00,0,6
15,K.J. Choi,.00,0,4
15,Fred Funk,.00,0,3
15,Jim Furyk,.00,0,1
15,Robert Gamez,.00,0,5
15,Justin Leonard,.00,0,4
15,Peter Lonard,.00,0,5
15,Geoff Ogilvy,.00,0,5
15,Tim Petrovic,.00,0,4
15,"Wes Short, Jr.",.00,0,6
15,Vaughn Taylor,.00,0,5
