rank,player,Avg RTP
1,Sergio Garcia,-.375
2,Stuart Appleby,-.200
3,Vijay Singh,-.143
4,Michael Campbell,-.111
5,K.J. Choi,-.100
6,Lucas Glover,-.091
7,Ted Purdy,E
7,"Wes Short, Jr.",E
7,Heath Slocum,E
10,Robert Gamez,+.111
11,Olin Browne,+.200
11,Justin Leonard,+.200
13,Bart Bryant,+.222
13,Mark Calcavecchia,+.222
13,Ben Crane,+.222
13,Kenny Perry,+.222
17,Jim Furyk,+.250
18,Vaughn Taylor,+.273
19,Brad Faxon,+.300
19,Peter Lonard,+.300
21,Jason Bohn,+.333
21,Tim Petrovic,+.333
23,Fred Funk,+.364
24,Geoff Ogilvy,+.375
25,Sean O'Hair,+.400
26,Jason Gore,+.429
26,David Toms,+.429
28,Carl Pettersson,+.714
