rank,player,Avg RTP
1,Olin Browne,-1.000
1,Ben Crane,-1.000
1,Brad Faxon,-1.000
1,Jim Furyk,-1.000
1,Robert Gamez,-1.000
1,Lucas Glover,-1.000
1,Jason Gore,-1.000
1,Justin Leonard,-1.000
9,Sergio Garcia,-.667
9,Geoff Ogilvy,-.667
11,Stuart Appleby,-.500
11,Mark Calcavecchia,-.500
11,Michael Campbell,-.500
11,Tim Petrovic,-.500
11,Vijay Singh,-.500
11,David Toms,-.500
17,Jason Bohn,-.333
17,Peter Lonard,-.333
17,Vaughn Taylor,-.333
20,Bart Bryant,E
20,K.J. Choi,E
20,Fred Funk,E
20,Sean O'Hair,E
20,Kenny Perry,E
20,Ted Purdy,E
20,"Wes Short, Jr.",E
20,Heath Slocum,E
28,Carl Pettersson,+.250
