rank,player,Avg RTP
1,Tim Petrovic,-.250
2,K.J. Choi,-.200
2,Brad Faxon,-.200
2,Fred Funk,-.200
5,Bart Bryant,-.143
6,Stuart Appleby,E
6,Olin Browne,E
6,Mark Calcavecchia,E
6,Michael Campbell,E
6,Ben Crane,E
6,Jim Furyk,E
6,Sergio Garcia,E
6,Justin Leonard,E
6,Geoff Ogilvy,E
6,Kenny Perry,E
6,Carl Pettersson,E
6,"Wes Short, Jr.",E
6,Vijay Singh,E
19,Peter Lonard,+.125
20,Vaughn Taylor,+.167
21,Jason Gore,+.200
21,Ted Purdy,+.200
23,Sean O'Hair,+.250
23,Heath Slocum,+.250
25,Robert Gamez,+.333
26,David Toms,+.400
27,Jason Bohn,+.571
28,Lucas Glover,+.800
