rank,player,%,Total Birdies,Total Holes
1,Kenny Perry,30.00,3,10
2,Brad Faxon,28.57,2,7
3,Stuart Appleby,22.22,2,9
3,Heath Slocum,22.22,2,9
5,Tim Petrovic,16.67,2,12
5,David Toms,16.67,2,12
7,Robert Gamez,14.29,1,7
8,Vijay Singh,12.50,1,8
9,Mark Calcavecchia,11.11,1,9
9,Justin Leonard,11.11,1,9
11,"Wes Short, Jr.",10.00,1,10
12,Geoff Ogilvy,9.09,1,11
12,Carl Pettersson,9.09,1,11
14,Ben Crane,7.69,1,13
15,Olin Browne,7.14,1,14
16,Jim Furyk,6.67,1,15
17,Jason Bohn,.00,0,9
17,Bart Bryant,.00,0,8
17,Michael Campbell,.00,0,5
17,K.J. Choi,.00,0,8
17,Fred Funk,.00,0,12
17,Sergio Garcia,.00,0,8
17,Lucas Glover,.00,0,7
17,Jason Gore,.00,0,5
17,Peter Lonard,.00,0,11
17,Sean O'Hair,.00,0,9
17,Ted Purdy,.00,0,5
17,Vaughn Taylor,.00,0,10
