rank,player,Avg RTP
1,Vijay Singh,-.667
2,Jim Furyk,-.400
2,Peter Lonard,-.400
4,Vaughn Taylor,-.333
5,Robert Gamez,-.286
6,Jason Bohn,-.250
6,David Toms,-.250
8,Bart Bryant,-.200
8,Sergio Garcia,-.200
8,Jason Gore,-.200
11,Stuart Appleby,E
11,Mark Calcavecchia,E
11,Ben Crane,E
11,Fred Funk,E
11,Lucas Glover,E
11,Geoff Ogilvy,E
11,Tim Petrovic,E
11,Carl Pettersson,E
11,"Wes Short, Jr.",E
20,K.J. Choi,+.083
21,Brad Faxon,+.200
21,Heath Slocum,+.200
23,Justin Leonard,+.286
24,Michael Campbell,+.333
24,Kenny Perry,+.333
26,Olin Browne,+.500
27,Sean O'Hair,+.667
28,Ted Purdy,+1.000
