rank,player,Avg RTP
1,Tim Petrovic,-.111
2,Olin Browne,E
2,Michael Campbell,E
2,Sergio Garcia,E
2,Vijay Singh,E
2,David Toms,E
7,Stuart Appleby,+.111
7,Peter Lonard,+.111
9,Justin Leonard,+.143
9,"Wes Short, Jr.",+.143
11,Bart Bryant,+.167
12,Kenny Perry,+.182
13,Jason Gore,+.222
14,Jason Bohn,+.250
14,Ben Crane,+.250
14,Jim Furyk,+.250
17,Heath Slocum,+.286
17,Vaughn Taylor,+.286
19,Mark Calcavecchia,+.333
19,Geoff Ogilvy,+.333
21,K.J. Choi,+.375
21,Lucas Glover,+.375
21,Carl Pettersson,+.375
24,Fred Funk,+.500
25,Brad Faxon,+.545
26,Sean O'Hair,+.571
26,Ted Purdy,+.571
28,Robert Gamez,+.600
