rank,player,Avg RTP
1,Mark Calcavecchia,-.250
1,Jim Furyk,-.250
3,Stuart Appleby,-.167
4,Jason Bohn,E
4,Michael Campbell,E
4,Brad Faxon,E
4,Robert Gamez,E
4,Lucas Glover,E
4,Peter Lonard,E
4,Geoff Ogilvy,E
4,Kenny Perry,E
4,Tim Petrovic,E
4,Vaughn Taylor,E
14,Justin Leonard,+.143
14,Vijay Singh,+.143
14,Heath Slocum,+.143
17,Ben Crane,+.200
17,"Wes Short, Jr.",+.200
19,K.J. Choi,+.250
20,Olin Browne,+.286
20,Sergio Garcia,+.286
22,Fred Funk,+.333
23,Bart Bryant,+.429
23,Carl Pettersson,+.429
23,David Toms,+.429
26,Ted Purdy,+.667
27,Jason Gore,+1.000
28,Sean O'Hair,+1.400
