rank,player,Avg RTP
1,Jason Bohn,-1.000
1,Olin Browne,-1.000
1,Bart Bryant,-1.000
1,"Wes Short, Jr.",-1.000
5,Lucas Glover,-.750
5,Geoff Ogilvy,-.750
7,Carl Pettersson,-.667
7,Vijay Singh,-.667
7,David Toms,-.667
10,Stuart Appleby,-.500
10,Mark Calcavecchia,-.500
10,Sean O'Hair,-.500
13,Jim Furyk,-.333
13,Robert Gamez,-.333
13,Ted Purdy,-.333
13,Vaughn Taylor,-.333
17,Michael Campbell,E
17,Ben Crane,E
17,Sergio Garcia,E
17,Jason Gore,E
17,Justin Leonard,E
17,Peter Lonard,E
17,Kenny Perry,E
17,Tim Petrovic,E
25,Heath Slocum,+.250
26,Brad Faxon,+.333
27,Fred Funk,+1.000
