rank,player,%,Total Birdies,Total Holes
1,Lucas Glover,48.15,13,27
2,Vijay Singh,37.50,9,24
3,"Wes Short, Jr.",36.84,7,19
4,Geoff Ogilvy,36.00,9,25
5,Michael Campbell,35.71,10,28
6,Stuart Appleby,34.78,8,23
7,Jason Bohn,31.82,7,22
8,Olin Browne,31.58,6,19
8,K.J. Choi,31.58,6,19
10,Ted Purdy,28.00,7,25
11,Sergio Garcia,27.27,6,22
11,Carl Pettersson,27.27,6,22
13,Vaughn Taylor,26.09,6,23
13,David Toms,26.09,6,23
15,Mark Calcavecchia,25.00,6,24
16,Sean O'Hair,24.00,6,25
17,Jim Furyk,21.74,5,23
18,Tim Petrovic,20.83,5,24
19,Bart Bryant,20.00,3,15
19,Robert Gamez,20.00,4,20
21,Justin Leonard,18.75,3,16
22,Kenny Perry,17.39,4,23
23,Peter Lonard,15.00,3,20
24,Jason Gore,13.04,3,23
24,Heath Slocum,13.04,3,23
26,Ben Crane,11.76,2,17
27,Brad Faxon,9.09,2,22
28,Fred Funk,.00,0,18
