rank,player,Avg RTP
1,Jim Furyk,-.235
2,Vijay Singh,-.222
3,Sergio Garcia,-.154
4,Vaughn Taylor,-.150
5,Bart Bryant,-.136
6,Geoff Ogilvy,-.091
7,Robert Gamez,-.063
8,Peter Lonard,-.056
9,Justin Leonard,-.038
10,Stuart Appleby,E
10,Olin Browne,E
10,K.J. Choi,E
10,Ben Crane,E
10,Brad Faxon,E
10,Fred Funk,E
10,Carl Pettersson,E
17,"Wes Short, Jr.",+.056
18,Michael Campbell,+.083
18,David Toms,+.083
20,Mark Calcavecchia,+.091
21,Tim Petrovic,+.111
22,Kenny Perry,+.125
23,Heath Slocum,+.154
24,Jason Bohn,+.158
25,Lucas Glover,+.167
26,Jason Gore,+.188
27,Ted Purdy,+.235
28,Sean O'Hair,+.250
