rank,player,%,Total Birdies,Total Holes
1,Stuart Appleby,41.67,5,12
2,Kenny Perry,37.50,3,8
3,Mark Calcavecchia,27.27,3,11
4,Brad Faxon,25.00,3,12
5,Heath Slocum,23.08,3,13
5,David Toms,23.08,3,13
7,Sean O'Hair,22.22,2,9
8,Carl Pettersson,21.43,3,14
9,Jim Furyk,20.00,1,5
10,K.J. Choi,16.67,2,12
10,Ted Purdy,16.67,2,12
10,Vijay Singh,16.67,2,12
13,Olin Browne,12.50,1,8
14,Jason Bohn,11.11,1,9
14,Ben Crane,11.11,2,18
16,Michael Campbell,9.09,1,11
16,Justin Leonard,9.09,1,11
16,Vaughn Taylor,9.09,1,11
19,Sergio Garcia,8.33,1,12
19,Geoff Ogilvy,8.33,1,12
21,Lucas Glover,6.25,1,16
21,Jason Gore,6.25,1,16
21,"Wes Short, Jr.",6.25,1,16
24,Bart Bryant,.00,0,11
24,Fred Funk,.00,0,6
24,Robert Gamez,.00,0,11
24,Peter Lonard,.00,0,8
24,Tim Petrovic,.00,0,5
