rank,player,%,Total Birdies,Total Holes
1,Stuart Appleby,50.00,3,6
2,Brad Faxon,40.00,2,5
3,Heath Slocum,28.57,2,7
4,Mark Calcavecchia,25.00,1,4
4,K.J. Choi,25.00,2,8
4,Jim Furyk,25.00,1,4
7,Michael Campbell,20.00,1,5
7,Kenny Perry,20.00,1,5
9,Jason Bohn,16.67,1,6
9,Ted Purdy,16.67,1,6
9,Vaughn Taylor,16.67,1,6
12,Olin Browne,14.29,1,7
12,Justin Leonard,14.29,1,7
12,Geoff Ogilvy,14.29,1,7
12,Carl Pettersson,14.29,1,7
16,Ben Crane,10.00,1,10
16,"Wes Short, Jr.",10.00,1,10
18,Bart Bryant,.00,0,7
18,Fred Funk,.00,0,3
18,Robert Gamez,.00,0,6
18,Sergio Garcia,.00,0,7
18,Lucas Glover,.00,0,11
18,Jason Gore,.00,0,9
18,Peter Lonard,.00,0,3
18,Sean O'Hair,.00,0,5
18,Tim Petrovic,.00,0,1
18,Vijay Singh,.00,0,7
18,David Toms,.00,0,7
