rank,player,Avg RTP
1,Mark Calcavecchia,-.667
2,Stuart Appleby,-.333
3,Bart Bryant,E
3,Michael Campbell,E
3,K.J. Choi,E
3,Jim Furyk,E
3,Robert Gamez,E
3,Lucas Glover,E
3,Jason Gore,E
3,Peter Lonard,E
3,Sean O'Hair,E
3,Carl Pettersson,E
3,Vijay Singh,E
3,Vaughn Taylor,E
15,"Wes Short, Jr.",+.200
16,Sergio Garcia,+.250
17,Ben Crane,+.333
17,Fred Funk,+.333
19,Jason Bohn,+.500
19,Justin Leonard,+.500
21,Ted Purdy,+.750
22,Olin Browne,+1.000
22,Brad Faxon,+1.000
22,Geoff Ogilvy,+1.000
22,Kenny Perry,+1.000
22,Tim Petrovic,+1.000
22,Heath Slocum,+1.000
22,David Toms,+1.000
