rank,player,Avg RTP
1,Brad Faxon,-.500
2,Jim Furyk,-.333
2,Lucas Glover,-.333
4,Justin Leonard,-.273
4,Vaughn Taylor,-.273
6,Olin Browne,-.250
6,Sergio Garcia,-.250
8,Geoff Ogilvy,-.125
9,Bart Bryant,-.100
10,Stuart Appleby,E
10,Michael Campbell,E
10,K.J. Choi,E
10,Ben Crane,E
10,Robert Gamez,E
10,Peter Lonard,E
10,Sean O'Hair,E
10,Carl Pettersson,E
10,Vijay Singh,E
10,Heath Slocum,E
10,David Toms,E
21,Ted Purdy,+.100
22,Fred Funk,+.143
22,Kenny Perry,+.143
22,"Wes Short, Jr.",+.143
25,Mark Calcavecchia,+.167
26,Jason Bohn,+.250
27,Tim Petrovic,+.333
28,Jason Gore,+.500
