rank,player,Avg RTP
1,Kenny Perry,-.667
2,Sean O'Hair,-.500
3,Vijay Singh,-.400
4,Stuart Appleby,-.333
5,Carl Pettersson,-.286
6,Sergio Garcia,-.200
7,David Toms,-.167
8,Bart Bryant,E
8,Mark Calcavecchia,E
8,Ben Crane,E
8,Fred Funk,E
8,Jim Furyk,E
8,Lucas Glover,E
8,Peter Lonard,E
8,Vaughn Taylor,E
16,Jason Gore,+.143
17,Michael Campbell,+.167
17,Ted Purdy,+.167
17,"Wes Short, Jr.",+.167
20,K.J. Choi,+.250
20,Justin Leonard,+.250
22,Brad Faxon,+.286
23,Jason Bohn,+.333
23,Heath Slocum,+.333
25,Robert Gamez,+.400
26,Tim Petrovic,+.500
27,Olin Browne,+1.000
27,Geoff Ogilvy,+1.000
