rank,player,%,Total Birdies,Total Holes
1,Lucas Glover,30.61,15,49
2,Michael Campbell,26.53,13,49
3,Vijay Singh,26.42,14,53
4,Sergio Garcia,22.64,12,53
5,Vaughn Taylor,20.69,12,58
6,Tim Petrovic,19.67,12,61
7,Bart Bryant,19.64,11,56
8,Geoff Ogilvy,19.61,10,51
9,Robert Gamez,19.30,11,57
10,Jim Furyk,19.05,12,63
11,Ted Purdy,18.52,10,54
12,Olin Browne,18.03,11,61
13,Stuart Appleby,16.07,9,56
13,K.J. Choi,16.07,9,56
15,Jason Bohn,15.79,9,57
16,"Wes Short, Jr.",15.69,8,51
17,Peter Lonard,15.52,9,58
18,David Toms,15.09,8,53
19,Mark Calcavecchia,14.55,8,55
20,Ben Crane,13.33,6,45
21,Brad Faxon,12.73,7,55
22,Kenny Perry,12.28,7,57
23,Justin Leonard,11.48,7,61
24,Sean O'Hair,11.32,6,53
24,Carl Pettersson,11.32,6,53
24,Heath Slocum,11.32,6,53
27,Jason Gore,8.51,4,47
28,Fred Funk,4.76,3,63
