rank,player,Avg RTP
1,Vijay Singh,-.350
2,Lucas Glover,-.316
3,Michael Campbell,-.250
3,K.J. Choi,-.250
3,Sergio Garcia,-.250
6,Stuart Appleby,-.222
7,Mark Calcavecchia,-.182
8,Ted Purdy,-.174
9,Geoff Ogilvy,-.167
10,Olin Browne,-.056
11,Jim Furyk,-.048
11,Vaughn Taylor,-.048
13,Robert Gamez,E
13,Peter Lonard,E
13,"Wes Short, Jr.",E
13,David Toms,E
17,Tim Petrovic,+.050
17,Heath Slocum,+.050
19,Bart Bryant,+.067
19,Justin Leonard,+.067
21,Sean O'Hair,+.100
22,Jason Bohn,+.105
23,Brad Faxon,+.158
23,Kenny Perry,+.158
25,Ben Crane,+.200
25,Jason Gore,+.200
27,Carl Pettersson,+.211
28,Fred Funk,+.333
