rank,player,Avg RTP
1,Jim Furyk,-.500
1,Kenny Perry,-.500
3,Brad Faxon,-.333
3,Carl Pettersson,-.333
5,Stuart Appleby,E
5,Jason Bohn,E
5,Olin Browne,E
5,Bart Bryant,E
5,Robert Gamez,E
5,Justin Leonard,E
5,Peter Lonard,E
5,Tim Petrovic,E
5,"Wes Short, Jr.",E
5,Vijay Singh,E
5,Heath Slocum,E
5,Vaughn Taylor,E
5,David Toms,E
18,Ben Crane,+.333
19,Mark Calcavecchia,+.500
19,Jason Gore,+.500
21,Geoff Ogilvy,+.667
22,K.J. Choi,+1.000
22,Sergio Garcia,+1.000
22,Lucas Glover,+1.000
22,Ted Purdy,+1.000
