rank,player,%,Total Birdies,Total Holes
1,Ben Crane,50.00,2,4
1,Jim Furyk,50.00,2,4
1,Vaughn Taylor,50.00,2,4
4,Michael Campbell,28.57,2,7
5,Brad Faxon,25.00,1,4
5,Robert Gamez,25.00,1,4
5,Sergio Garcia,25.00,2,8
5,Jason Gore,25.00,2,8
5,Peter Lonard,25.00,1,4
10,Lucas Glover,20.00,1,5
10,Geoff Ogilvy,20.00,1,5
10,Tim Petrovic,20.00,1,5
10,Ted Purdy,20.00,1,5
10,"Wes Short, Jr.",20.00,1,5
15,Bart Bryant,16.67,1,6
15,Carl Pettersson,16.67,1,6
15,Vijay Singh,16.67,1,6
18,Stuart Appleby,.00,0,7
18,Jason Bohn,.00,0,4
18,Olin Browne,.00,0,5
18,Mark Calcavecchia,.00,0,5
18,K.J. Choi,.00,0,6
18,Fred Funk,.00,0,4
18,Justin Leonard,.00,0,3
18,Sean O'Hair,.00,0,5
18,Kenny Perry,.00,0,4
18,Heath Slocum,.00,0,5
18,David Toms,.00,0,3
