rank,player,Avg RTP
1,K.J. Choi,-.600
2,Michael Campbell,-.500
2,Peter Lonard,-.500
2,Vaughn Taylor,-.500
5,Ted Purdy,-.429
6,Mark Calcavecchia,-.400
7,Vijay Singh,-.375
8,Geoff Ogilvy,-.333
9,Jim Furyk,-.250
10,Olin Browne,-.167
10,Sean O'Hair,-.167
10,Tim Petrovic,-.167
13,Stuart Appleby,E
13,Bart Bryant,E
13,Brad Faxon,E
13,Lucas Glover,E
13,Justin Leonard,E
13,Carl Pettersson,E
13,Heath Slocum,E
13,David Toms,E
21,Jason Bohn,+.167
22,Fred Funk,+.200
22,Jason Gore,+.200
22,Kenny Perry,+.200
22,"Wes Short, Jr.",+.200
26,Sergio Garcia,+.333
27,Robert Gamez,+.400
28,Ben Crane,+.500
