rank,player,%,Total Birdies,Total Holes
1,Tim Petrovic,20.00,2,10
2,Mark Calcavecchia,16.67,2,12
2,Michael Campbell,16.67,2,12
2,Peter Lonard,16.67,2,12
5,Sean O'Hair,12.50,1,8
6,Lucas Glover,11.11,1,9
6,Heath Slocum,11.11,1,9
6,David Toms,11.11,1,9
9,Olin Browne,10.00,1,10
9,Carl Pettersson,10.00,1,10
11,Stuart Appleby,8.33,1,12
11,Kenny Perry,8.33,1,12
11,"Wes Short, Jr.",8.33,1,12
11,Vijay Singh,8.33,1,12
15,Sergio Garcia,7.69,1,13
16,Brad Faxon,6.67,1,15
17,Jason Bohn,.00,0,10
17,Bart Bryant,.00,0,9
17,K.J. Choi,.00,0,9
17,Ben Crane,.00,0,7
17,Fred Funk,.00,0,11
17,Jim Furyk,.00,0,9
17,Robert Gamez,.00,0,13
17,Jason Gore,.00,0,11
17,Justin Leonard,.00,0,11
17,Geoff Ogilvy,.00,0,10
17,Ted Purdy,.00,0,11
17,Vaughn Taylor,.00,0,9
