rank,player,Avg RTP
1,Stuart Appleby,-1.000
1,Kenny Perry,-1.000
3,Jason Bohn,-.333
3,Mark Calcavecchia,-.333
3,Ben Crane,-.333
3,David Toms,-.333
7,Vijay Singh,-.200
8,K.J. Choi,E
8,Brad Faxon,E
8,Jim Furyk,E
8,Sergio Garcia,E
8,Lucas Glover,E
8,Peter Lonard,E
8,Tim Petrovic,E
8,Vaughn Taylor,E
16,Robert Gamez,+.250
16,Geoff Ogilvy,+.250
18,Michael Campbell,+.333
18,Justin Leonard,+.333
18,Ted Purdy,+.333
21,Bart Bryant,+.400
22,Olin Browne,+.500
22,Sean O'Hair,+.500
22,"Wes Short, Jr.",+.500
22,Heath Slocum,+.500
26,Carl Pettersson,+.750
27,Jason Gore,+1.500
