rank,player,Avg RTP
1,Vaughn Taylor,-.500
2,Lucas Glover,-.333
3,Jim Furyk,-.250
3,Robert Gamez,-.250
3,Peter Lonard,-.250
6,Michael Campbell,-.200
6,Tim Petrovic,-.200
8,Bart Bryant,-.167
9,Stuart Appleby,E
9,Jason Bohn,E
9,Ben Crane,E
9,Brad Faxon,E
9,Sergio Garcia,E
9,Justin Leonard,E
9,"Wes Short, Jr.",E
9,Vijay Singh,E
9,David Toms,E
18,K.J. Choi,+.200
18,Sean O'Hair,+.200
20,Jason Gore,+.250
20,Kenny Perry,+.250
22,Carl Pettersson,+.333
23,Mark Calcavecchia,+.400
23,Ted Purdy,+.400
25,Olin Browne,+.500
25,Geoff Ogilvy,+.500
27,Fred Funk,+.667
28,Heath Slocum,+1.000
