rank,player,Avg DTP,Total Distance (feet),# of Shots,Scrambling Rank
1,Billy Horschel,"6""",1.583,3,41
2,Patrick Cantlay,"7""",1.083,2,50
2,Jhonattan Vegas,"7""",.583,1,41
4,J.T. Poston,"9""",.750,1,50
5,Max Homa,"10""",1.667,2,18
5,Hideki Matsuyama,"10""",1.667,2,3
7,Chris Gotterup,"1' 2""",2.333,2,58
8,Peter Malnati,"1' 4""",4.083,3,29
9,Chris Kirk,"1' 5""",5.583,4,33
10,Si Woo Kim,"1' 6""",7.500,5,23
11,Akshay Bhatia,"1' 7""",4.833,3,5
11,Stephan Jaeger,"1' 7""",1.583,1,35
13,Harry Hall,"1' 8""",4.917,3,29
13,Matthieu Pavon,"1' 8""",9.917,6,17
13,Sahith Theegala,"1' 8""",6.583,4,41
16,Xander Schauffele,"1' 9""",5.167,3,26
16,Sepp Straka,"1' 9""",1.750,1,54
16,Will Zalatoris,"1' 9""",1.750,1,18
19,Sungjae Im,"1' 10""",5.417,3,12
19,Denny McCarthy,"1' 10""",9.000,5,9
19,Taylor Pendrith,"1' 10""",1.833,1,54
22,Ludvig Åberg,"1' 11""",3.750,2,12
23,Keegan Bradley,"2' 1""",6.333,3,34
23,Jason Day,"2' 1""",4.167,2,27
23,Russell Henley,"2' 1""",6.167,3,36
23,Cameron Young,"2' 1""",4.083,2,16
27,Byeong Hun An,"2' 2""",2.167,1,12
28,Adam Scott,"2' 3""",6.750,3,48
29,Corey Conners,"2' 4""",2.333,1,49
29,Austin Eckroat,"2' 4""",4.583,2,53
31,Wyndham Clark,"2' 5""",12.250,5,40
31,Collin Morikawa,"2' 5""",9.583,4,4
33,Nick Dunlap,"2' 6""",5.000,2,18
33,Brice Garnett,"2' 6""",4.917,2,8
35,Patton Kizzire,"2' 8""",13.333,5,28
35,Robert MacIntyre,"2' 8""",7.917,3,29
37,Nico Echavarria,"2' 11""",11.583,4,10
38,Viktor Hovland,"3' 2""",19.083,6,37
39,Adam Hadwin,"3' 3""",9.667,3,24
40,Sam Burns,"3' 4""",6.583,2,38
41,Tony Finau,"3' 5""",6.833,2,2
42,Eric Cole,"3' 6""",10.583,3,11
43,Tom Hoge,"3' 8""",14.750,4,1
44,Matt Fitzpatrick,"3' 9""",11.333,3,41
45,Thomas Detry,"3' 11""",3.917,1,6
46,Maverick McNealy,"4' 0""",7.917,2,18
47,Brian Harman,"4' 1""",12.250,3,54
47,Matt McCarty,"4' 1""",8.083,2,24
47,Nick Taylor,"4' 1""",16.167,4,18
50,Christiaan Bezuidenhout,"4' 4""",13.000,3,6
51,Kevin Yu,"5' 2""",31.000,6,15
52,Justin Thomas,"5' 6""",5.500,1,29
53,Jake Knapp,"5' 9""",22.917,4,52
54,Max Greyserman,"7' 7""",7.583,1,39
