rank,player,Avg DTP,Total Distance (feet),# of Shots,Scrambling Rank
1,Austin Eckroat,"3' 1""",6.167,2,53
2,Jason Day,"4' 0""",4.000,1,27
3,Stephan Jaeger,"4' 6""",13.500,3,35
4,Matt McCarty,"4' 10""",9.583,2,24
5,Si Woo Kim,"4' 11""",9.833,2,23
6,Patton Kizzire,"5' 2""",25.667,5,28
6,Denny McCarthy,"5' 2""",15.500,3,9
8,Collin Morikawa,"5' 3""",20.917,4,4
9,Adam Scott,"5' 4""",15.917,3,48
10,Matt Fitzpatrick,"5' 7""",5.583,1,41
11,Sam Burns,"5' 8""",5.667,1,38
12,Thomas Detry,"5' 9""",11.417,2,6
13,Sungjae Im,"5' 10""",11.583,2,12
14,Sahith Theegala,"5' 11""",17.750,3,41
15,Brian Harman,"6' 2""",18.500,3,54
16,Robert MacIntyre,"6' 9""",6.750,1,29
17,Christiaan Bezuidenhout,"7' 0""",13.917,2,6
18,Nico Echavarria,"7' 1""",21.167,3,10
19,Akshay Bhatia,"7' 2""",7.167,1,5
20,Eric Cole,"7' 5""",44.250,6,11
20,Viktor Hovland,"7' 5""",7.417,1,37
22,Rafael Campos,"7' 10""",7.833,1,54
23,Jake Knapp,"8' 0""",23.917,3,52
24,Peter Malnati,"8' 2""",8.167,1,29
25,Brice Garnett,"8' 3""",8.250,1,8
26,Patrick Cantlay,"8' 7""",17.083,2,50
27,Tony Finau,"8' 9""",8.750,1,2
28,Davis Thompson,"8' 10""",17.667,2,41
29,Jhonattan Vegas,"9' 5""",9.417,1,41
30,Wyndham Clark,"9' 8""",9.667,1,40
31,Ludvig Åberg,"9' 10""",39.250,4,12
32,Russell Henley,"10' 1""",10.083,1,36
33,Kevin Yu,"10' 4""",20.583,2,15
34,Max Greyserman,"10' 11""",10.917,1,39
35,J.T. Poston,"11' 3""",33.667,3,50
36,Xander Schauffele,"11' 9""",11.750,1,26
37,Maverick McNealy,"12' 3""",36.833,3,18
38,Sepp Straka,"12' 5""",12.417,1,54
39,Taylor Pendrith,"12' 8""",63.167,5,54
40,Justin Thomas,"13' 0""",64.917,5,29
41,Billy Horschel,"13' 7""",13.583,1,41
42,Matthieu Pavon,"13' 11""",27.750,2,17
43,Harry Hall,"14' 7""",14.583,1,29
44,Adam Hadwin,"14' 8""",14.667,1,24
45,Keegan Bradley,"20' 5""",61.167,3,34
46,Nick Dunlap,"21' 9""",43.417,2,18
47,Chris Kirk,"24' 6""",24.500,1,33
