rank,player,Avg DTP,Total Distance (feet),# of Shots,Scrambling Rank
1,Collin Morikawa,"3' 2""",15.667,5,4
2,Brice Garnett,"3' 11""",15.583,4,8
3,Cameron Young,"4' 6""",49.833,11,16
4,Patton Kizzire,"4' 8""",32.917,7,28
5,Si Woo Kim,"6' 1""",42.750,7,23
6,Thomas Detry,"6' 5""",57.500,9,6
7,Denny McCarthy,"6' 6""",45.250,7,9
8,Keegan Bradley,"6' 7""",33.083,5,34
9,Adam Scott,"6' 10""",34.000,5,48
10,Adam Hadwin,"6' 11""",27.750,4,24
11,Max Homa,"7' 0""",28.000,4,18
12,Justin Thomas,"7' 6""",60.167,8,29
13,J.T. Poston,"7' 9""",62.000,8,50
13,Davis Thompson,"7' 9""",15.417,2,41
15,Corey Conners,"7' 10""",15.667,2,49
16,Jason Day,"7' 11""",63.083,8,27
17,Byeong Hun An,"8' 0""",72.250,9,12
17,Harry Hall,"8' 0""",40.000,5,29
19,Nico Echavarria,"8' 5""",67.583,8,10
19,Tom Hoge,"8' 5""",50.500,6,1
21,Wyndham Clark,"8' 6""",85.000,10,40
21,Cam Davis,"8' 6""",68.083,8,41
23,Matt McCarty,"8' 9""",87.833,10,24
24,Peter Malnati,"8' 10""",52.917,6,29
25,Robert MacIntyre,"9' 2""",45.917,5,29
26,Kevin Yu,"9' 4""",65.333,7,15
27,Ludvig Åberg,"9' 5""",28.250,3,12
27,Aaron Rai,"9' 5""",56.250,6,41
29,Sam Burns,"9' 7""",86.167,9,38
29,Russell Henley,"9' 7""",57.583,6,36
31,Christiaan Bezuidenhout,"9' 9""",107.000,11,6
31,Will Zalatoris,"9' 9""",58.417,6,18
33,Patrick Cantlay,"10' 0""",90.250,9,50
34,Sahith Theegala,"10' 5""",104.083,10,41
35,Viktor Hovland,"10' 6""",73.417,7,37
36,Max Greyserman,"10' 7""",95.500,9,39
37,Akshay Bhatia,"10' 9""",53.833,5,5
37,Maverick McNealy,"10' 9""",53.833,5,18
37,Sepp Straka,"10' 9""",64.250,6,54
40,Brian Harman,"10' 10""",43.417,4,54
41,Matthieu Pavon,"11' 0""",87.917,8,17
42,Jake Knapp,"11' 3""",101.417,9,52
43,Chris Kirk,"11' 4""",113.583,10,33
44,Xander Schauffele,"11' 10""",82.833,7,26
45,Chris Gotterup,"12' 3""",61.167,5,58
46,Nick Dunlap,"12' 5""",74.250,6,18
47,Sungjae Im,"12' 7""",113.000,9,12
47,Nick Taylor,"12' 7""",50.250,4,18
49,Billy Horschel,"12' 8""",88.583,7,41
50,Taylor Pendrith,"13' 3""",53.083,4,54
51,Matt Fitzpatrick,"13' 5""",120.583,9,41
52,Tony Finau,"13' 9""",68.917,5,2
53,Rafael Campos,"14' 9""",73.833,5,54
54,Eric Cole,"15' 7""",108.833,7,11
54,Jhonattan Vegas,"15' 7""",77.750,5,41
56,Stephan Jaeger,"16' 6""",82.667,5,35
57,Hideki Matsuyama,"17' 3""",86.250,5,3
58,Austin Eckroat,"20' 0""",59.917,3,53
