rank,player,Avg DTP,Total Distance (feet),# of Shots,Scrambling Rank
1,Harry Hall,"2' 3""",11.250,5,29
2,Brian Harman,"2' 8""",8.000,3,54
3,Adam Hadwin,"2' 10""",16.833,6,24
4,Rafael Campos,"3' 2""",12.500,4,54
5,Chris Gotterup,"3' 3""",9.833,3,58
5,Cameron Young,"3' 3""",36.167,11,16
7,J.T. Poston,"3' 4""",23.333,7,50
8,Viktor Hovland,"3' 7""",14.333,4,37
9,Corey Conners,"3' 9""",3.750,1,49
9,Matt Fitzpatrick,"3' 9""",15.000,4,41
11,Nick Dunlap,"4' 0""",15.917,4,18
12,Chris Kirk,"4' 1""",24.417,6,33
12,Matthieu Pavon,"4' 1""",36.417,9,17
14,Brice Garnett,"4' 2""",37.417,9,8
15,Sam Burns,"4' 5""",17.667,4,38
16,Hideki Matsuyama,"4' 6""",31.333,7,3
17,Byeong Hun An,"4' 8""",32.417,7,12
18,Kevin Yu,"4' 10""",28.917,6,15
19,Cam Davis,"5' 0""",35.000,7,41
19,Taylor Pendrith,"5' 0""",30.000,6,54
21,Ludvig Åberg,"5' 2""",41.167,8,12
21,Jason Day,"5' 2""",25.917,5,27
21,Thomas Detry,"5' 2""",51.417,10,6
24,Davis Thompson,"5' 4""",32.083,6,41
24,Will Zalatoris,"5' 4""",21.167,4,18
26,Collin Morikawa,"5' 6""",16.417,3,4
27,Denny McCarthy,"5' 8""",28.417,5,9
27,Adam Scott,"5' 8""",39.500,7,48
29,Max Greyserman,"5' 9""",52.000,9,39
29,Max Homa,"5' 9""",23.000,4,18
31,Nico Echavarria,"5' 11""",47.583,8,10
32,Eric Cole,"6' 0""",59.583,10,11
33,Tony Finau,"6' 2""",37.167,6,2
34,Jake Knapp,"6' 3""",49.667,8,52
35,Billy Horschel,"6' 5""",32.250,5,41
36,Russell Henley,"6' 6""",45.417,7,36
37,Wyndham Clark,"6' 7""",59.167,9,40
37,Xander Schauffele,"6' 7""",19.750,3,26
39,Aaron Rai,"6' 9""",47.083,7,41
40,Sungjae Im,"6' 10""",88.417,13,12
40,Sepp Straka,"6' 10""",34.250,5,54
42,Si Woo Kim,"7' 0""",70.333,10,23
43,Akshay Bhatia,"7' 2""",64.333,9,5
44,Robert MacIntyre,"7' 3""",28.917,4,29
44,Matt McCarty,"7' 3""",80.000,11,24
46,Patton Kizzire,"7' 4""",51.333,7,28
46,Maverick McNealy,"7' 4""",65.917,9,18
48,Patrick Cantlay,"7' 5""",89.250,12,50
49,Nick Taylor,"8' 1""",40.583,5,18
50,Sahith Theegala,"8' 3""",41.083,5,41
51,Christiaan Bezuidenhout,"8' 6""",50.917,6,6
52,Jhonattan Vegas,"8' 7""",60.167,7,41
53,Peter Malnati,"9' 2""",91.667,10,29
54,Justin Thomas,"9' 9""",77.833,8,29
55,Keegan Bradley,"10' 1""",60.417,6,34
56,Stephan Jaeger,"11' 4""",90.583,8,35
57,Austin Eckroat,"11' 11""",71.583,6,53
58,Tom Hoge,"12' 1""",12.083,1,1
