rank,player,Avg DTP,Total Distance (feet),# of Shots,Scrambling Rank
1,Adam Scott,"3' 10""",.415,9,48
2,Russell Henley,"3' 11""",.466,10,36
3,Sungjae Im,"4' 2""",.605,12,12
4,Chris Kirk,"4' 4""",.780,15,33
4,Hideki Matsuyama,"4' 4""",.628,12,3
6,Matthieu Pavon,"4' 6""",.762,14,17
6,Xander Schauffele,"4' 6""",.377,7,26
8,J.T. Poston,"4' 7""",.601,11,50
9,Eric Cole,"5' 0""",.840,14,11
9,Thomas Detry,"5' 0""",.602,10,6
11,Wyndham Clark,"5' 1""",.794,13,40
12,Patrick Cantlay,"5' 3""",.757,12,50
12,Max Homa,"5' 3""",.820,13,18
12,Si Woo Kim,"5' 3""",1.072,17,23
12,Justin Thomas,"5' 3""",.443,7,29
16,Viktor Hovland,"5' 5""",.910,14,37
17,Harry Hall,"5' 7""",1.011,15,29
18,Cam Davis,"5' 8""",.744,11,41
18,Maverick McNealy,"5' 8""",.475,7,18
20,Christiaan Bezuidenhout,"5' 9""",.831,12,6
20,Rafael Campos,"5' 9""",.482,7,54
20,Matt McCarty,"5' 9""",.620,9,24
23,Sepp Straka,"5' 10""",.632,9,54
24,Billy Horschel,"5' 11""",1.065,15,41
25,Stephan Jaeger,"6' 1""",1.095,15,35
26,Cameron Young,"6' 2""",1.039,14,16
27,Jhonattan Vegas,"6' 5""",.694,9,41
28,Keegan Bradley,"6' 6""",.932,12,34
28,Nick Taylor,"6' 6""",1.485,19,18
30,Kevin Yu,"6' 7""",1.342,17,15
31,Ludvig Åberg,"6' 8""",1.282,16,12
32,Brice Garnett,"6' 10""",1.233,15,8
33,Nick Dunlap,"6' 11""",.828,10,18
34,Jason Day,"7' 0""",1.173,14,27
35,Akshay Bhatia,"7' 1""",1.352,16,5
35,Matt Fitzpatrick,"7' 1""",.848,10,41
35,Adam Hadwin,"7' 1""",1.278,15,24
38,Peter Malnati,"7' 2""",1.629,19,29
39,Aaron Rai,"7' 3""",1.394,16,41
40,Collin Morikawa,"7' 5""",.534,6,4
41,Jake Knapp,"7' 9""",1.023,11,52
42,Max Greyserman,"7' 11""",1.137,12,39
43,Tony Finau,"8' 1""",1.265,13,2
44,Sam Burns,"8' 2""",1.277,13,38
45,Sahith Theegala,"8' 4""",1.204,12,41
46,Chris Gotterup,"8' 5""",1.308,13,58
47,Austin Eckroat,"8' 6""",1.229,12,53
48,Davis Thompson,"8' 8""",1.455,14,41
49,Corey Conners,"8' 9""",1.257,12,49
49,Brian Harman,"8' 9""",1.369,13,54
51,Nico Echavarria,"8' 11""",1.068,10,10
52,Patton Kizzire,"9' 3""",1.437,13,28
53,Robert MacIntyre,"9' 5""",.900,8,29
54,Byeong Hun An,"9' 6""",1.589,14,12
55,Denny McCarthy,"9' 10""",1.296,11,9
55,Taylor Pendrith,"9' 10""",1.534,13,54
57,Will Zalatoris,"10' 8""",1.413,11,18
58,Tom Hoge,"10' 11""",1.044,8,1
