rank,player,Avg DTP,Total Distance (feet),# of Shots,Scrambling Rank
1,Brice Garnett,"2' 5""",2.417,1,8
2,Matt McCarty,"4' 1""",12.250,3,24
3,Tom Hoge,"4' 5""",17.750,4,1
4,Sungjae Im,"5' 1""",15.250,3,12
5,Will Zalatoris,"5' 5""",27.000,5,18
6,Adam Scott,"5' 6""",38.250,7,48
7,Aaron Rai,"5' 7""",39.167,7,41
8,Justin Thomas,"6' 3""",43.500,7,29
9,Wyndham Clark,"6' 4""",31.833,5,40
10,Thomas Detry,"6' 7""",46.167,7,6
10,Viktor Hovland,"6' 7""",46.333,7,37
12,Patton Kizzire,"7' 2""",57.167,8,28
13,Rafael Campos,"7' 5""",44.500,6,54
14,J.T. Poston,"7' 6""",60.000,8,50
15,Max Homa,"7' 7""",45.667,6,18
15,Cameron Young,"7' 7""",52.833,7,16
17,Si Woo Kim,"7' 8""",30.500,4,23
17,Sahith Theegala,"7' 8""",69.083,9,41
19,Jason Day,"7' 9""",62.250,8,27
20,Stephan Jaeger,"7' 11""",63.000,8,35
21,Nick Dunlap,"8' 1""",56.750,7,18
21,Peter Malnati,"8' 1""",48.333,6,29
23,Maverick McNealy,"8' 2""",24.500,3,18
24,Christiaan Bezuidenhout,"8' 3""",91.083,11,6
24,Russell Henley,"8' 3""",41.333,5,36
26,Cam Davis,"8' 5""",76.000,9,41
27,Collin Morikawa,"8' 6""",50.917,6,4
28,Keegan Bradley,"8' 8""",43.167,5,34
29,Hideki Matsuyama,"8' 9""",34.833,4,3
29,Nick Taylor,"8' 9""",52.250,6,18
31,Robert MacIntyre,"8' 10""",26.417,3,29
32,Ludvig Åberg,"8' 11""",62.500,7,12
33,Max Greyserman,"9' 2""",73.417,8,39
34,Billy Horschel,"9' 3""",83.167,9,41
35,Tony Finau,"9' 4""",37.417,4,2
35,Harry Hall,"9' 4""",83.750,9,29
37,Patrick Cantlay,"9' 6""",57.000,6,50
38,Corey Conners,"9' 9""",87.917,9,49
39,Sepp Straka,"9' 10""",88.833,9,54
40,Sam Burns,"9' 11""",119.167,12,38
41,Adam Hadwin,"10' 0""",59.750,6,24
42,Kevin Yu,"10' 11""",98.000,9,15
43,Davis Thompson,"11' 2""",111.917,10,41
44,Chris Gotterup,"11' 3""",101.083,9,58
44,Taylor Pendrith,"11' 3""",89.667,8,54
46,Xander Schauffele,"11' 7""",34.750,3,26
47,Brian Harman,"11' 11""",95.583,8,54
48,Akshay Bhatia,"12' 2""",60.667,5,5
48,Austin Eckroat,"12' 2""",72.833,6,53
50,Eric Cole,"12' 8""",101.167,8,11
51,Byeong Hun An,"12' 10""",102.833,8,12
51,Denny McCarthy,"12' 10""",77.083,6,9
53,Jhonattan Vegas,"13' 8""",54.667,4,41
54,Chris Kirk,"13' 11""",111.167,8,33
55,Jake Knapp,"14' 2""",99.333,7,52
56,Matthieu Pavon,"14' 7""",87.333,6,17
57,Nico Echavarria,"14' 10""",89.167,6,10
58,Matt Fitzpatrick,"16' 1""",128.500,8,41
