rank,player,Avg DTP,Total Distance (feet),# of Shots,Scrambling Rank
1,Adam Scott,"5' 0""",84.500,17,48
2,Collin Morikawa,"5' 5""",81.083,15,4
2,Cameron Young,"5' 5""",136.417,25,16
4,Si Woo Kim,"5' 6""",141.917,26,23
5,Thomas Detry,"5' 8""",119.083,21,6
5,Max Homa,"5' 8""",96.333,17,18
7,Russell Henley,"6' 3""",106.500,17,36
8,Brice Garnett,"6' 4""",126.583,20,8
9,Harry Hall,"6' 7""",138.833,21,29
10,Wyndham Clark,"6' 8""",160.833,24,40
10,J.T. Poston,"6' 8""",145.750,22,50
12,Cam Davis,"6' 10""",130.083,19,41
13,Viktor Hovland,"7' 1""",156.667,22,37
13,Matt McCarty,"7' 1""",149.083,21,24
15,Jason Day,"7' 2""",164.833,23,27
15,Patton Kizzire,"7' 2""",178.333,25,28
17,Patrick Cantlay,"7' 5""",170.417,23,50
17,Adam Hadwin,"7' 5""",148.917,20,24
19,Matthieu Pavon,"7' 6""",179.167,24,17
20,Ludvig Åberg,"7' 7""",174.333,23,12
20,Christiaan Bezuidenhout,"7' 7""",190.167,25,6
20,Sungjae Im,"7' 7""",175.000,23,12
20,Peter Malnati,"7' 7""",196.833,26,29
20,Nick Taylor,"7' 7""",174.000,23,18
20,Kevin Yu,"7' 7""",197.750,26,15
26,Chris Kirk,"7' 10""",203.083,26,33
27,Akshay Bhatia,"7' 11""",173.667,22,5
28,Denny McCarthy,"8' 0""",168.750,21,9
29,Sepp Straka,"8' 1""",129.333,16,54
29,Justin Thomas,"8' 1""",162.000,20,29
31,Stephan Jaeger,"8' 2""",187.417,23,35
31,Hideki Matsuyama,"8' 2""",138.583,17,3
33,Eric Cole,"8' 3""",223.083,27,11
34,Billy Horschel,"8' 4""",190.917,23,41
34,Aaron Rai,"8' 4""",191.667,23,41
36,Xander Schauffele,"8' 5""",126.000,15,26
37,Nico Echavarria,"8' 6""",177.750,21,10
38,Keegan Bradley,"8' 7""",171.917,20,34
38,Sam Burns,"8' 7""",198.250,23,38
38,Corey Conners,"8' 7""",120.417,14,49
38,Davis Thompson,"8' 7""",154.333,18,41
42,Maverick McNealy,"8' 8""",130.250,15,18
43,Brian Harman,"8' 10""",176.000,20,54
44,Byeong Hun An,"8' 11""",204.667,23,12
44,Sahith Theegala,"8' 11""",222.167,25,41
46,Robert MacIntyre,"9' 1""",127.667,14,29
47,Max Greyserman,"9' 2""",201.167,22,39
47,Jake Knapp,"9' 2""",210.583,23,52
49,Rafael Campos,"9' 4""",121.833,13,54
50,Chris Gotterup,"9' 5""",170.167,18,58
51,Tony Finau,"9' 8""",183.083,19,2
51,Jhonattan Vegas,"9' 8""",145.000,15,41
53,Matt Fitzpatrick,"9' 10""",196.833,20,41
53,Tom Hoge,"9' 10""",137.500,14,1
55,Austin Eckroat,"9' 11""",168.500,17,53
56,Nick Dunlap,"10' 4""",186.667,18,18
56,Will Zalatoris,"10' 4""",176.167,17,18
58,Taylor Pendrith,"11' 1""",244.083,22,54
