rank,player,%,Greens Hit,Total Holes,Relative to par
1,Jonathan Byrd,100.00,8,8,+0.13
2,Webb Simpson,88.89,8,9,-0.38
3,Bill Haas,83.33,5,6,E
3,Scott Stallings,83.33,5,6,E
5,Chris Kirk,75.00,6,8,+0.33
5,Rory Sabbatini,75.00,6,8,-0.33
5,Steve Stricker,75.00,6,8,+0.17
8,Keegan Bradley,71.43,5,7,+0.20
9,Kevin Na,70.00,7,10,-0.43
9,Nick Watney,70.00,7,10,-0.14
11,Bryce Molder,69.23,9,13,+0.11
11,D.A. Points,69.23,9,13,-0.22
13,Aaron Baddeley,66.67,4,6,E
13,K.J. Choi,66.67,6,9,-0.33
13,Martin Laird,66.67,6,9,E
16,Harrison Frazar,62.50,5,8,-0.40
16,Scott Piercy,62.50,5,8,E
16,Gary Woodland,62.50,5,8,E
19,David Toms,60.00,6,10,-0.17
19,Johnson Wagner,60.00,6,10,-0.17
19,Bubba Watson,60.00,6,10,-0.17
22,Sean O'Hair,57.14,4,7,E
23,Michael Bradley,50.00,4,8,E
23,Ben Crane,50.00,5,10,-0.20
25,Jhonattan Vegas,44.44,4,9,+0.25
26,Brendan Steele,38.46,5,13,+0.40
27,Mark Wilson,37.50,3,8,E
