rank,player,%,Greens Hit,# of Holes
1,Sean O'Hair,97.14,34,35
2,Michael Bradley,95.12,39,41
3,Bubba Watson,94.12,32,34
4,Bill Haas,93.33,42,45
4,Mark Wilson,93.33,42,45
6,Bryce Molder,92.68,38,41
7,Martin Laird,91.89,34,37
8,D.A. Points,90.24,37,41
9,K.J. Choi,89.19,33,37
9,Harrison Frazar,89.19,33,37
11,Chris Kirk,88.64,39,44
12,Scott Stallings,88.24,30,34
13,Jonathan Byrd,88.10,37,42
14,Rory Sabbatini,87.50,35,40
14,Steve Stricker,87.50,35,40
16,Keegan Bradley,86.49,32,37
17,Scott Piercy,85.37,35,41
18,Gary Woodland,84.85,28,33
19,Nick Watney,84.62,33,39
20,Ben Crane,82.05,32,39
21,Webb Simpson,81.82,27,33
22,Brendan Steele,81.58,31,38
23,Johnson Wagner,80.56,29,36
24,Kevin Na,80.49,33,41
25,David Toms,80.00,36,45
26,Aaron Baddeley,75.68,28,37
27,Jhonattan Vegas,75.00,24,32
