rank,player,%,Greens Hit,Total Holes,Relative to par
1,Sean O'Hair,97.37,37,38,-0.43
2,Mark Wilson,97.14,34,35,-0.35
3,Martin Laird,95.83,46,48,-0.54
4,Keegan Bradley,95.00,38,40,-0.45
5,Gary Woodland,94.74,36,38,-0.50
6,Scott Stallings,93.62,44,47,-0.36
7,Scott Piercy,92.50,37,40,-0.35
8,Michael Bradley,92.31,36,39,-0.19
8,K.J. Choi,92.31,36,39,-0.42
8,Nick Watney,92.31,36,39,-0.42
11,Bill Haas,90.70,39,43,-0.28
11,Bubba Watson,90.70,39,43,-0.49
13,D.A. Points,90.48,38,42,-0.39
14,Ben Crane,89.74,35,39,-0.57
14,Bryce Molder,89.74,35,39,-0.49
14,Webb Simpson,89.74,35,39,-0.46
17,David Toms,89.19,33,37,-0.21
18,Jonathan Byrd,88.10,37,42,-0.57
19,Chris Kirk,87.50,35,40,-0.46
20,Brendan Steele,86.84,33,38,-0.36
21,Rory Sabbatini,85.37,35,41,-0.54
22,Harrison Frazar,84.78,39,46,-0.41
23,Johnson Wagner,84.62,33,39,-0.48
24,Kevin Na,82.35,28,34,-0.46
25,Steve Stricker,82.05,32,39,-0.63
26,Jhonattan Vegas,80.95,34,42,-0.26
27,Aaron Baddeley,70.45,31,44,-0.48
