rank,player,%,Total Hit,Total Attempts,RTP Score
1,Webb Simpson,90.28,65,72,-22.00
2,Keegan Bradley,88.89,64,72,-15.00
2,Sean O'Hair,88.89,64,72,-16.00
2,D.A. Points,88.89,64,72,-17.00
5,Bill Haas,87.50,63,72,-12.00
5,Chris Kirk,87.50,63,72,-17.00
5,Martin Laird,87.50,63,72,-26.00
5,Scott Piercy,87.50,63,72,-16.00
5,Mark Wilson,87.50,63,72,-13.00
10,Michael Bradley,86.11,62,72,-10.00
10,Jonathan Byrd,86.11,62,72,-23.00
12,Harrison Frazar,84.72,61,72,-21.00
13,Rory Sabbatini,83.33,60,72,-20.00
13,Scott Stallings,83.33,60,72,-14.00
13,Steve Stricker,83.33,60,72,-27.00
16,Ben Crane,81.94,59,72,-22.00
16,Bryce Molder,81.94,59,72,-19.00
16,Johnson Wagner,81.94,59,72,-18.00
16,Nick Watney,81.94,59,72,-18.00
16,Bubba Watson,81.94,59,72,-21.00
21,K.J. Choi,80.56,58,72,-20.00
22,Gary Woodland,79.17,57,72,-17.00
23,Aaron Baddeley,77.78,56,72,-17.00
23,Kevin Na,77.78,56,72,-18.00
23,Brendan Steele,77.78,56,72,-9.00
26,David Toms,76.39,55,72,-6.00
27,Jhonattan Vegas,70.83,51,72,-9.00
