rank,player,%,Greens Hit,# of holes
1,Webb Simpson,92.59,25,27
2,Keegan Bradley,91.30,21,23
2,Martin Laird,91.30,21,23
4,Scott Piercy,89.47,17,19
4,D.A. Points,89.47,17,19
6,Scott Stallings,88.46,23,26
7,Jonathan Byrd,83.33,15,18
8,Chris Kirk,81.25,13,16
9,Ben Crane,80.95,17,21
9,Nick Watney,80.95,17,21
11,Bill Haas,80.00,12,15
11,Sean O'Hair,80.00,20,25
11,David Toms,80.00,12,15
11,Mark Wilson,80.00,12,15
15,Bubba Watson,76.92,20,26
16,Steve Stricker,75.00,15,20
16,Johnson Wagner,75.00,18,24
18,K.J. Choi,73.91,17,23
18,Harrison Frazar,73.91,17,23
20,Kevin Na,73.68,14,19
21,Brendan Steele,72.73,16,22
22,Gary Woodland,70.37,19,27
23,Michael Bradley,68.42,13,19
23,Bryce Molder,68.42,13,19
25,Jhonattan Vegas,67.86,19,28
26,Rory Sabbatini,65.00,13,20
27,Aaron Baddeley,60.87,14,23
