rank,player,%,Greens Hit,Total Holes,Relative to par
1,Keegan Bradley,100.00,7,7,+0.14
1,Bill Haas,100.00,15,15,-0.20
1,Sean O'Hair,100.00,6,6,-0.17
1,Mark Wilson,100.00,14,14,-0.36
5,David Toms,92.31,12,13,-0.17
6,Jonathan Byrd,91.67,11,12,-0.45
7,Steve Stricker,90.91,10,11,-0.30
8,Webb Simpson,90.00,9,10,-0.11
8,Brendan Steele,90.00,9,10,E
10,D.A. Points,86.67,13,15,-0.23
11,K.J. Choi,84.62,11,13,+0.09
11,Johnson Wagner,84.62,11,13,-0.36
11,Gary Woodland,84.62,11,13,E
14,Harrison Frazar,81.82,9,11,-0.11
15,Bryce Molder,80.00,12,15,-0.17
15,Scott Stallings,80.00,8,10,E
15,Jhonattan Vegas,80.00,8,10,+0.13
18,Michael Bradley,77.78,7,9,E
18,Ben Crane,77.78,7,9,-0.43
18,Scott Piercy,77.78,7,9,-0.29
21,Nick Watney,76.92,10,13,-0.10
22,Chris Kirk,75.00,6,8,-0.50
22,Martin Laird,75.00,6,8,-0.17
22,Kevin Na,75.00,9,12,E
25,Aaron Baddeley,66.67,6,9,-0.17
25,Rory Sabbatini,66.67,8,12,-0.13
27,Bubba Watson,60.00,3,5,E
