rank,player,%,Greens Hit,Total Holes,Relative to par
1,Aaron Baddeley,100.00,6,6,-0.17
1,Michael Bradley,100.00,7,7,-0.29
1,Johnson Wagner,100.00,5,5,E
1,Mark Wilson,100.00,6,6,-0.17
1,Gary Woodland,100.00,4,4,E
6,Bill Haas,83.33,5,6,E
6,Webb Simpson,83.33,5,6,-0.40
8,Ben Crane,80.00,4,5,-0.25
8,Kevin Na,80.00,4,5,E
8,Steve Stricker,80.00,4,5,-0.50
8,Bubba Watson,80.00,4,5,E
12,Scott Piercy,75.00,6,8,-0.33
12,D.A. Points,75.00,3,4,E
12,Brendan Steele,75.00,3,4,E
15,Jonathan Byrd,71.43,5,7,-0.40
16,Keegan Bradley,66.67,4,6,E
16,Harrison Frazar,66.67,2,3,-0.50
16,Martin Laird,66.67,2,3,E
19,Sean O'Hair,62.50,5,8,E
20,Rory Sabbatini,60.00,3,5,-0.33
20,Nick Watney,60.00,3,5,E
22,Scott Stallings,50.00,2,4,E
22,David Toms,50.00,3,6,E
24,Chris Kirk,40.00,2,5,-1.00
25,Jhonattan Vegas,37.50,3,8,-0.33
26,K.J. Choi,33.33,2,6,+0.50
27,Bryce Molder,25.00,1,4,E
