rank,player,%,Greens Hit,Total Holes,Relative to par
1,Martin Laird,100.00,31,31,-0.65
1,Bryce Molder,100.00,18,18,-0.67
1,Sean O'Hair,100.00,22,22,-0.45
1,Scott Piercy,100.00,23,23,-0.35
1,D.A. Points,100.00,19,19,-0.58
1,Scott Stallings,100.00,30,30,-0.43
1,Nick Watney,100.00,22,22,-0.55
1,Mark Wilson,100.00,17,17,-0.35
1,Gary Woodland,100.00,22,22,-0.77
10,Bubba Watson,96.43,27,28,-0.63
11,Ben Crane,96.00,24,25,-0.63
12,Michael Bradley,95.24,20,21,-0.35
13,Brendan Steele,95.00,19,20,-0.47
14,K.J. Choi,94.74,18,19,-0.72
15,Keegan Bradley,92.59,25,27,-0.64
15,Rory Sabbatini,92.59,25,27,-0.72
17,Chris Kirk,92.31,24,26,-0.50
18,Webb Simpson,91.67,22,24,-0.55
19,Jonathan Byrd,90.00,18,20,-0.50
20,Kevin Na,89.47,17,19,-0.71
20,Johnson Wagner,89.47,17,19,-0.59
22,Jhonattan Vegas,88.46,23,26,-0.43
23,David Toms,85.71,12,14,-0.42
24,Harrison Frazar,84.00,21,25,-0.57
25,Bill Haas,81.82,18,22,-0.44
25,Steve Stricker,81.82,18,22,-0.83
27,Aaron Baddeley,69.23,18,26,-0.72
