rank,player,%,Greens Hit,Total Holes,Relative to par
1,Bill Haas,100.00,7,7,-0.14
1,D.A. Points,100.00,6,6,+0.17
1,Webb Simpson,100.00,6,6,E
1,Jhonattan Vegas,100.00,3,3,E
1,Nick Watney,100.00,7,7,-0.14
6,Bryce Molder,90.00,9,10,-0.22
6,Sean O'Hair,90.00,9,10,+0.11
6,Mark Wilson,90.00,9,10,-0.11
9,Scott Piercy,88.89,8,9,E
10,Rory Sabbatini,85.71,6,7,+0.33
11,Chris Kirk,83.33,10,12,E
12,Aaron Baddeley,80.00,4,5,E
12,Bubba Watson,80.00,4,5,E
14,Michael Bradley,75.00,6,8,-0.17
14,Harrison Frazar,75.00,3,4,E
14,Brendan Steele,75.00,6,8,-0.17
14,David Toms,75.00,6,8,+0.17
18,Steve Stricker,72.73,8,11,-0.25
19,Keegan Bradley,71.43,5,7,+0.20
20,Jonathan Byrd,66.67,4,6,E
20,Ben Crane,66.67,6,9,+0.17
20,Martin Laird,66.67,2,3,E
23,K.J. Choi,63.64,7,11,-0.29
24,Gary Woodland,62.50,5,8,+0.20
25,Kevin Na,60.00,6,10,E
25,Johnson Wagner,60.00,6,10,-0.17
27,Scott Stallings,50.00,2,4,E
