rank,player,%,Greens Hit,Total Holes,Relative to par
1,K.J. Choi,100.00,7,7,-0.29
1,Chris Kirk,100.00,7,7,E
1,Scott Piercy,100.00,6,6,-0.17
1,Steve Stricker,100.00,9,9,-0.33
5,Keegan Bradley,90.91,10,11,E
5,Harrison Frazar,90.91,10,11,-0.20
5,Mark Wilson,90.91,10,11,+0.10
8,Webb Simpson,90.00,9,10,-0.11
9,Jonathan Byrd,88.89,8,9,-0.13
10,Ben Crane,87.50,7,8,-0.14
10,Brendan Steele,87.50,7,8,+0.14
10,Johnson Wagner,87.50,7,8,-0.14
13,Sean O'Hair,85.71,6,7,E
13,D.A. Points,85.71,6,7,-0.17
13,Jhonattan Vegas,85.71,6,7,E
16,Bryce Molder,83.33,5,6,-0.20
16,Kevin Na,83.33,10,12,-0.30
18,Aaron Baddeley,80.00,8,10,E
19,Bill Haas,77.78,7,9,E
19,Rory Sabbatini,77.78,7,9,-0.29
19,David Toms,77.78,7,9,+0.14
19,Gary Woodland,77.78,7,9,E
23,Martin Laird,75.00,6,8,E
24,Michael Bradley,70.00,7,10,E
24,Scott Stallings,70.00,7,10,+0.29
26,Nick Watney,66.67,6,9,-0.17
26,Bubba Watson,66.67,6,9,-0.17
