rank,player,%,Greens Hit,Total Holes,Relative to par
1,Keegan Bradley,100.00,6,6,-0.33
1,Michael Bradley,100.00,9,9,E
1,K.J. Choi,100.00,7,7,-0.43
1,Bill Haas,100.00,6,6,E
1,Martin Laird,100.00,9,9,-0.44
1,Rory Sabbatini,100.00,2,2,E
1,Nick Watney,100.00,4,4,-0.50
1,Gary Woodland,100.00,3,3,-0.33
9,Harrison Frazar,90.00,9,10,-0.33
9,Sean O'Hair,90.00,9,10,-0.56
9,David Toms,90.00,9,10,E
9,Bubba Watson,90.00,9,10,-0.22
13,Scott Piercy,87.50,7,8,-0.43
14,Scott Stallings,85.71,6,7,-0.50
15,Chris Kirk,83.33,5,6,-0.20
15,Bryce Molder,83.33,5,6,-0.60
17,Jonathan Byrd,80.00,8,10,-0.88
17,Ben Crane,80.00,4,5,-0.50
17,Webb Simpson,80.00,4,5,-0.75
20,Aaron Baddeley,77.78,7,9,-0.14
21,D.A. Points,75.00,6,8,-0.17
21,Mark Wilson,75.00,3,4,-0.33
23,Johnson Wagner,71.43,5,7,-0.40
24,Kevin Na,66.67,2,3,-0.50
24,Steve Stricker,66.67,4,6,-0.50
26,Brendan Steele,62.50,5,8,-0.60
27,Jhonattan Vegas,50.00,3,6,E
