rank,player,Avg,Total Strokes,Total Rounds
1,Cameron Champ,32.00,32,1
2,Bryson DeChambeau,33.00,33,1
2,Xander Schauffele,33.00,33,1
2,Brandt Snedeker,33.00,33,1
5,Keegan Bradley,34.00,34,1
5,Paul Casey,34.00,34,1
5,Ian Poulter,34.00,34,1
5,Aaron Wise,34.00,34,1
9,Charles Howell III,35.00,35,1
9,Brooks Koepka,35.00,35,1
9,Rory McIlroy,35.00,35,1
9,Webb Simpson,35.00,35,1
9,Justin Thomas,35.00,35,1
9,Kevin Tway,35.00,35,1
15,Jason Day,36.00,36,1
15,Troy Merritt,36.00,36,1
15,Francesco Molinari,36.00,36,1
15,Scott Piercy,36.00,36,1
15,"Ted Potter, Jr.",36.00,36,1
15,Jon Rahm,36.00,36,1
15,Patrick Reed,36.00,36,1
15,Gary Woodland,36.00,36,1
23,Billy Horschel,37.00,37,1
23,Michael Kim,37.00,37,1
23,Patton Kizzire,37.00,37,1
23,Andrew Putnam,37.00,37,1
27,Satoshi Kodaira,38.00,38,1
27,Matt Kuchar,38.00,38,1
27,Andrew Landry,38.00,38,1
27,Marc Leishman,38.00,38,1
31,Dustin Johnson,39.00,39,1
31,Bubba Watson,39.00,39,1
33,Brice Garnett,40.00,40,1
