rank,player,Avg,Total Strokes,Total Rounds
1,Xander Schauffele,31.00,31,1
1,Webb Simpson,31.00,31,1
3,Justin Thomas,32.00,32,1
4,Jason Day,33.00,33,1
4,Bryson DeChambeau,33.00,33,1
4,Brice Garnett,33.00,33,1
4,Satoshi Kodaira,33.00,33,1
8,Charles Howell III,34.00,34,1
8,Dustin Johnson,34.00,34,1
8,Patton Kizzire,34.00,34,1
8,Brooks Koepka,34.00,34,1
8,Marc Leishman,34.00,34,1
8,Rory McIlroy,34.00,34,1
8,Scott Piercy,34.00,34,1
8,Ian Poulter,34.00,34,1
8,Andrew Putnam,34.00,34,1
8,Jon Rahm,34.00,34,1
8,Gary Woodland,34.00,34,1
19,Paul Casey,35.00,35,1
19,Cameron Champ,35.00,35,1
19,Billy Horschel,35.00,35,1
19,Michael Kim,35.00,35,1
19,Matt Kuchar,35.00,35,1
24,Keegan Bradley,36.00,36,1
24,Andrew Landry,36.00,36,1
24,Troy Merritt,36.00,36,1
24,Francesco Molinari,36.00,36,1
24,"Ted Potter, Jr.",36.00,36,1
24,Patrick Reed,36.00,36,1
24,Kevin Tway,36.00,36,1
24,Bubba Watson,36.00,36,1
32,Brandt Snedeker,37.00,37,1
33,Aaron Wise,39.00,39,1
