rank,player,Avg,Total Strokes,Total Rounds
1,Kevin Tway,31.00,31,1
2,Webb Simpson,32.00,32,1
3,Dustin Johnson,33.00,33,1
3,Patton Kizzire,33.00,33,1
3,Andrew Putnam,33.00,33,1
6,Marc Leishman,34.00,34,1
6,Gary Woodland,34.00,34,1
8,Bryson DeChambeau,35.00,35,1
8,Billy Horschel,35.00,35,1
8,Rory McIlroy,35.00,35,1
8,Troy Merritt,35.00,35,1
8,Patrick Reed,35.00,35,1
8,Xander Schauffele,35.00,35,1
8,Justin Thomas,35.00,35,1
8,Aaron Wise,35.00,35,1
16,Paul Casey,36.00,36,1
16,Cameron Champ,36.00,36,1
16,Jason Day,36.00,36,1
16,Brice Garnett,36.00,36,1
16,Charles Howell III,36.00,36,1
16,Andrew Landry,36.00,36,1
16,Francesco Molinari,36.00,36,1
16,"Ted Potter, Jr.",36.00,36,1
16,Ian Poulter,36.00,36,1
16,Jon Rahm,36.00,36,1
16,Brandt Snedeker,36.00,36,1
16,Bubba Watson,36.00,36,1
28,Matt Kuchar,37.00,37,1
28,Scott Piercy,37.00,37,1
30,Michael Kim,38.00,38,1
31,Keegan Bradley,39.00,39,1
31,Satoshi Kodaira,39.00,39,1
31,Brooks Koepka,39.00,39,1
