rank,player,Avg,Total Strokes,Total Rounds
1,Paul Casey,32.00,32,1
1,Rory McIlroy,32.00,32,1
3,Keegan Bradley,33.00,33,1
3,"Ted Potter, Jr.",33.00,33,1
3,Gary Woodland,33.00,33,1
6,Charles Howell III,34.00,34,1
6,Dustin Johnson,34.00,34,1
6,Troy Merritt,34.00,34,1
6,Scott Piercy,34.00,34,1
6,Patrick Reed,34.00,34,1
6,Xander Schauffele,34.00,34,1
6,Brandt Snedeker,34.00,34,1
6,Kevin Tway,34.00,34,1
6,Aaron Wise,34.00,34,1
15,Billy Horschel,35.00,35,1
15,Brooks Koepka,35.00,35,1
15,Andrew Landry,35.00,35,1
15,Marc Leishman,35.00,35,1
15,Andrew Putnam,35.00,35,1
20,Bryson DeChambeau,36.00,36,1
20,Brice Garnett,36.00,36,1
20,Patton Kizzire,36.00,36,1
20,Satoshi Kodaira,36.00,36,1
20,Matt Kuchar,36.00,36,1
20,Ian Poulter,36.00,36,1
20,Jon Rahm,36.00,36,1
20,Justin Thomas,36.00,36,1
28,Francesco Molinari,37.00,37,1
28,Webb Simpson,37.00,37,1
28,Bubba Watson,37.00,37,1
31,Cameron Champ,38.00,38,1
32,Michael Kim,39.00,39,1
33,Jason Day,41.00,41,1
