rank,player,Avg,Total Strokes,Total Holes
1,Xander Schauffele,33.25,133,4
2,Webb Simpson,33.75,135,4
3,Rory McIlroy,34.00,136,4
3,Kevin Tway,34.00,136,4
5,Paul Casey,34.25,137,4
5,Bryson DeChambeau,34.25,137,4
5,Gary Woodland,34.25,137,4
8,Justin Thomas,34.50,138,4
9,Charles Howell III,34.75,139,4
9,Andrew Putnam,34.75,139,4
11,Dustin Johnson,35.00,140,4
11,Patton Kizzire,35.00,140,4
11,Ian Poulter,35.00,140,4
11,Brandt Snedeker,35.00,140,4
15,Cameron Champ,35.25,141,4
15,Marc Leishman,35.25,141,4
15,Troy Merritt,35.25,141,4
15,Scott Piercy,35.25,141,4
15,"Ted Potter, Jr.",35.25,141,4
15,Patrick Reed,35.25,141,4
21,Keegan Bradley,35.50,142,4
21,Billy Horschel,35.50,142,4
21,Jon Rahm,35.50,142,4
21,Aaron Wise,35.50,142,4
25,Brooks Koepka,35.75,143,4
26,Brice Garnett,36.25,145,4
26,Andrew Landry,36.25,145,4
26,Francesco Molinari,36.25,145,4
29,Jason Day,36.50,146,4
29,Satoshi Kodaira,36.50,146,4
29,Matt Kuchar,36.50,146,4
32,Bubba Watson,37.00,148,4
33,Michael Kim,37.25,149,4
