rank,player,Low Rnd
1,Xander Schauffele,31
1,Webb Simpson,31
1,Kevin Tway,31
4,Paul Casey,32
4,Cameron Champ,32
4,Rory McIlroy,32
4,Justin Thomas,32
8,Keegan Bradley,33
8,Jason Day,33
8,Bryson DeChambeau,33
8,Brice Garnett,33
8,Dustin Johnson,33
8,Patton Kizzire,33
8,Satoshi Kodaira,33
8,"Ted Potter, Jr.",33
8,Andrew Putnam,33
8,Brandt Snedeker,33
8,Gary Woodland,33
19,Charles Howell III,34
19,Brooks Koepka,34
19,Marc Leishman,34
19,Troy Merritt,34
19,Scott Piercy,34
19,Ian Poulter,34
19,Jon Rahm,34
19,Patrick Reed,34
19,Aaron Wise,34
28,Billy Horschel,35
28,Michael Kim,35
28,Matt Kuchar,35
28,Andrew Landry,35
32,Francesco Molinari,36
32,Bubba Watson,36
