rank,player,Total,Total (for all distances),Pct of all 1-putts
1,Chris Kirk,9,29,31.0
2,Matt Every,8,33,24.2
2,Russell Henley,8,22,36.4
4,Jason Day,6,27,22.2
4,S.Y. Noh,6,25,24.0
4,Nick Taylor,6,25,24.0
7,Matt Jones,5,26,19.2
7,Ben Martin,5,24,20.8
7,Patrick Reed,5,29,17.2
7,Robert Streb,5,24,20.8
11,Sangmoon Bae,4,25,16.0
11,Tim Clark,4,28,14.3
11,Zach Johnson,4,33,12.1
11,Hunter Mahan,4,17,23.5
11,Brendon Todd,4,29,13.8
11,Camilo Villegas,4,24,16.7
11,Bubba Watson,4,29,13.8
18,Ben Crane,3,30,10.0
18,Brian Harman,3,29,10.3
18,Billy Horschel,3,21,14.3
18,Matt Kuchar,3,28,10.7
18,Ryan Moore,3,27,11.1
18,Scott Stallings,3,20,15.0
18,Kevin Streelman,3,23,13.0
25,Ángel Cabrera,2,21,9.5
25,Charley Hoffman,2,22,9.1
25,J.B. Holmes,2,22,9.1
25,John Senden,2,25,8.0
29,Hideki Matsuyama,1,30,3.3
29,Geoff Ogilvy,1,24,4.2
29,Jimmy Walker,1,26,3.8
