rank,player,%,# of 1 putts,# of holes
1,Ben Crane,66.67,12,18
2,Charley Hoffman,55.56,10,18
3,John Senden,50.00,9,18
4,Tim Clark,44.44,8,18
4,Matt Every,44.44,8,18
4,Hideki Matsuyama,44.44,8,18
4,Ryan Moore,44.44,8,18
4,S.Y. Noh,44.44,8,18
4,Patrick Reed,44.44,8,18
4,Camilo Villegas,44.44,8,18
11,Steven Bowditch,38.89,7,18
11,Brian Harman,38.89,7,18
11,Billy Horschel,38.89,7,18
11,Matt Jones,38.89,7,18
11,Geoff Ogilvy,38.89,7,18
11,Brendon Todd,38.89,7,18
11,Jimmy Walker,38.89,7,18
11,Bubba Watson,38.89,7,18
19,Jason Day,33.33,6,18
19,Zach Johnson,33.33,6,18
21,Sangmoon Bae,27.78,5,18
21,Russell Henley,27.78,5,18
21,J.B. Holmes,27.78,5,18
21,Chris Kirk,27.78,5,18
21,Scott Stallings,27.78,5,18
21,Robert Streb,27.78,5,18
27,Ángel Cabrera,22.22,4,18
27,Matt Kuchar,22.22,4,18
27,Kevin Streelman,22.22,4,18
27,Nick Taylor,22.22,4,18
31,Chesson Hadley,16.67,3,18
31,Hunter Mahan,16.67,3,18
31,Ben Martin,16.67,3,18
