rank,player,Distance,Year/Tourn#,Round,Hole
1,Tim Clark,"61' 8""",Hyundai T of C,1,2 - Par 3 -
2,Patrick Reed,"60' 0""",Hyundai T of C,3,1 - Par 4 -
3,Nick Taylor,"56' 7""",Hyundai T of C,1,7 - Par 4 -
4,Billy Horschel,"46' 9""",Hyundai T of C,4,4 - Par 4 -
5,S.Y. Noh,"44' 8""",Hyundai T of C,1,5 - Par 5 -
6,Steven Bowditch,"43' 10""",Hyundai T of C,4,7 - Par 4 -
8,Jason Day,"39' 7""",Hyundai T of C,4,7 - Par 4 -
9,Ben Crane,"38' 2""",Hyundai T of C,1,16 - Par 4
10,Geoff Ogilvy,"36' 10""",Hyundai T of C,4,17 - Par 4
12,Ryan Moore,"34' 5""",Hyundai T of C,4,5 - Par 5 -
13,Chesson Hadley,"33' 6""",Hyundai T of C,4,4 - Par 4 -
14,Matt Jones,"31' 8""",Hyundai T of C,3,12 - Par 4
15,Brian Harman,"31' 0""",Hyundai T of C,1,16 - Par 4
17,Charley Hoffman,"29' 11""",Hyundai T of C,2,15 - Par 5
19,Ángel Cabrera,"29' 3""",Hyundai T of C,2,3 - Par 4 -
21,J.B. Holmes,"28' 8""",Hyundai T of C,3,15 - Par 5
22,Russell Henley,"28' 3""",Hyundai T of C,4,17 - Par 4
24,Hideki Matsuyama,"27' 6""",Hyundai T of C,4,7 - Par 4 -
25,Kevin Streelman,"27' 4""",Hyundai T of C,4,11 - Par 3
27,Robert Streb,"27' 3""",Hyundai T of C,1,18 - Par 5
30,Zach Johnson,"26' 6""",Hyundai T of C,2,11 - Par 3
33,Chris Kirk,"25' 3""",Hyundai T of C,2,8 - Par 3 -
37,Matt Kuchar,"23' 8""",Hyundai T of C,4,7 - Par 4 -
41,Jimmy Walker,"23' 0""",Hyundai T of C,4,4 - Par 4 -
43,Scott Stallings,"22' 5""",Hyundai T of C,1,3 - Par 4 -
44,Ben Martin,"22' 2""",Hyundai T of C,1,6 - Par 4 -
55,John Senden,"19' 10""",Hyundai T of C,4,2 - Par 3 -
60,Sangmoon Bae,"18' 9""",Hyundai T of C,1,6 - Par 4 -
65,Bubba Watson,"18' 2""",Hyundai T of C,3,4 - Par 4 -
79,Matt Every,"16' 7""",Hyundai T of C,2,12 - Par 4
95,Kevin Stadler,"15' 4""",Hyundai T of C,1,13 - Par 4
96,Camilo Villegas,"15' 2""",Hyundai T of C,3,18 - Par 5
138,Hunter Mahan,"12' 8""",Hyundai T of C,3,8 - Par 3 -
148,Brendon Todd,"12' 4""",Hyundai T of C,2,2 - Par 3 -
