rank,player,%,# of 1 putts,# of holes
1,Matt Every,50.00,9,18
1,J.B. Holmes,50.00,9,18
1,Nick Taylor,50.00,9,18
1,Brendon Todd,50.00,9,18
5,Steven Bowditch,44.44,8,18
5,Brian Harman,44.44,8,18
5,Zach Johnson,44.44,8,18
5,Matt Kuchar,44.44,8,18
5,Kevin Streelman,44.44,8,18
10,Sangmoon Bae,38.89,7,18
10,Ángel Cabrera,38.89,7,18
10,Russell Henley,38.89,7,18
10,Ryan Moore,38.89,7,18
10,Patrick Reed,38.89,7,18
10,John Senden,38.89,7,18
10,Robert Streb,38.89,7,18
17,Chesson Hadley,33.33,6,18
17,Billy Horschel,33.33,6,18
17,Matt Jones,33.33,6,18
17,Chris Kirk,33.33,6,18
17,Ben Martin,33.33,6,18
17,Hideki Matsuyama,33.33,6,18
17,Scott Stallings,33.33,6,18
17,Bubba Watson,33.33,6,18
25,Ben Crane,27.78,5,18
25,Jason Day,27.78,5,18
25,S.Y. Noh,27.78,5,18
25,Geoff Ogilvy,27.78,5,18
25,Camilo Villegas,27.78,5,18
25,Jimmy Walker,27.78,5,18
31,Tim Clark,22.22,4,18
31,Charley Hoffman,22.22,4,18
33,Hunter Mahan,16.67,3,18
