rank,player,Total,Total (for all distances),Pct of all 1-putts
1,Matt Every,18,33,54.5
2,Zach Johnson,17,33,51.5
2,Hideki Matsuyama,17,30,56.7
4,Patrick Reed,16,29,55.2
5,Ryan Moore,15,27,55.6
6,Brian Harman,14,29,48.3
7,Matt Kuchar,13,28,46.4
7,Brendon Todd,13,29,44.8
9,Ben Crane,12,30,40.0
9,Geoff Ogilvy,12,24,50.0
9,John Senden,12,25,48.0
12,Steven Bowditch,11,25,44.0
12,Tim Clark,11,28,39.3
12,Jason Day,11,27,40.7
12,Chesson Hadley,11,20,55.0
12,Charley Hoffman,11,22,50.0
12,J.B. Holmes,11,22,50.0
12,Chris Kirk,11,29,37.9
12,Robert Streb,11,24,45.8
12,Jimmy Walker,11,26,42.3
12,Bubba Watson,11,29,37.9
22,Ángel Cabrera,10,21,47.6
22,Matt Jones,10,26,38.5
22,Kevin Streelman,10,23,43.5
22,Nick Taylor,10,25,40.0
22,Camilo Villegas,10,24,41.7
27,Ben Martin,9,24,37.5
28,Billy Horschel,8,21,38.1
28,S.Y. Noh,8,25,32.0
30,Hunter Mahan,7,17,41.2
30,Scott Stallings,7,20,35.0
32,Sangmoon Bae,6,25,24.0
32,Russell Henley,6,22,27.3
