rank,player,Total,Total (for all distances),Pct of all 1-putts
1,Brendon Todd,12,29,41.4
2,Bubba Watson,11,29,37.9
3,Sangmoon Bae,10,25,40.0
3,Jimmy Walker,10,26,38.5
5,Steven Bowditch,9,25,36.0
5,Tim Clark,9,28,32.1
5,Brian Harman,9,29,31.0
5,Matt Kuchar,9,28,32.1
5,Hideki Matsuyama,9,30,30.0
5,S.Y. Noh,9,25,36.0
5,Camilo Villegas,9,24,37.5
12,Ben Crane,8,30,26.7
12,Charley Hoffman,8,22,36.4
12,Zach Johnson,8,33,24.2
12,John Senden,8,25,32.0
16,J.B. Holmes,7,22,31.8
16,Billy Horschel,7,21,33.3
16,Matt Jones,7,26,26.9
16,Chris Kirk,7,29,24.1
16,Geoff Ogilvy,7,24,29.2
16,Scott Stallings,7,20,35.0
16,Robert Streb,7,24,29.2
16,Kevin Streelman,7,23,30.4
16,Nick Taylor,7,25,28.0
25,Jason Day,6,27,22.2
25,Matt Every,6,33,18.2
25,Chesson Hadley,6,20,30.0
25,Hunter Mahan,6,17,35.3
25,Ryan Moore,6,27,22.2
30,Ben Martin,5,24,20.8
30,Patrick Reed,5,29,17.2
32,Ángel Cabrera,4,21,19.0
32,Russell Henley,4,22,18.2
