rank,player,%,# of 1 putts,# of holes
1,Hideki Matsuyama,55.56,10,18
2,Patrick Reed,50.00,9,18
2,Brendon Todd,50.00,9,18
2,Jimmy Walker,50.00,9,18
2,Bubba Watson,50.00,9,18
6,Tim Clark,44.44,8,18
6,Camilo Villegas,44.44,8,18
8,Matt Every,38.89,7,18
8,Zach Johnson,38.89,7,18
8,Matt Jones,38.89,7,18
8,Chris Kirk,38.89,7,18
8,Matt Kuchar,38.89,7,18
8,Robert Streb,38.89,7,18
8,Kevin Streelman,38.89,7,18
15,Sangmoon Bae,33.33,6,18
15,Brian Harman,33.33,6,18
15,Ben Martin,33.33,6,18
15,S.Y. Noh,33.33,6,18
19,Ángel Cabrera,27.78,5,18
19,Ben Crane,27.78,5,18
19,Jason Day,27.78,5,18
19,Russell Henley,27.78,5,18
19,Hunter Mahan,27.78,5,18
19,Ryan Moore,27.78,5,18
19,Geoff Ogilvy,27.78,5,18
19,Scott Stallings,27.78,5,18
19,Nick Taylor,27.78,5,18
28,Steven Bowditch,22.22,4,18
28,Chesson Hadley,22.22,4,18
28,J.B. Holmes,22.22,4,18
28,John Senden,22.22,4,18
32,Charley Hoffman,16.67,3,18
32,Billy Horschel,16.67,3,18
