rank,player,Avg,Total 1 Putts,Total Rounds
1,Matt Every,8.25,33,4
1,Zach Johnson,8.25,33,4
3,Ben Crane,7.50,30,4
3,Hideki Matsuyama,7.50,30,4
5,Brian Harman,7.25,29,4
5,Chris Kirk,7.25,29,4
5,Patrick Reed,7.25,29,4
5,Brendon Todd,7.25,29,4
5,Bubba Watson,7.25,29,4
10,Tim Clark,7.00,28,4
10,Matt Kuchar,7.00,28,4
12,Jason Day,6.75,27,4
12,Ryan Moore,6.75,27,4
14,Matt Jones,6.50,26,4
14,Jimmy Walker,6.50,26,4
16,Sangmoon Bae,6.25,25,4
16,Steven Bowditch,6.25,25,4
16,S.Y. Noh,6.25,25,4
16,John Senden,6.25,25,4
16,Nick Taylor,6.25,25,4
21,Ben Martin,6.00,24,4
21,Geoff Ogilvy,6.00,24,4
21,Robert Streb,6.00,24,4
21,Camilo Villegas,6.00,24,4
25,Kevin Streelman,5.75,23,4
26,Russell Henley,5.50,22,4
26,Charley Hoffman,5.50,22,4
26,J.B. Holmes,5.50,22,4
29,Ángel Cabrera,5.25,21,4
29,Billy Horschel,5.25,21,4
31,Chesson Hadley,5.00,20,4
31,Scott Stallings,5.00,20,4
33,Hunter Mahan,4.25,17,4
