rank,player,Total,Total (for all distances),Pct of all 1-putts
1,Ben Crane,4,30,13.3
2,Steven Bowditch,2,25,8.0
2,Ángel Cabrera,2,21,9.5
2,Chesson Hadley,2,20,10.0
2,Brian Harman,2,29,6.9
2,Russell Henley,2,22,9.1
2,Billy Horschel,2,21,9.5
2,S.Y. Noh,2,25,8.0
2,Geoff Ogilvy,2,24,8.3
2,Nick Taylor,2,25,8.0
11,Tim Clark,1,28,3.6
11,Jason Day,1,27,3.7
11,Charley Hoffman,1,22,4.5
11,J.B. Holmes,1,22,4.5
11,Zach Johnson,1,33,3.0
11,Matt Jones,1,26,3.8
11,Chris Kirk,1,29,3.4
11,Hideki Matsuyama,1,30,3.3
11,Ryan Moore,1,27,3.7
11,Patrick Reed,1,29,3.4
11,Robert Streb,1,24,4.2
11,Kevin Streelman,1,23,4.3
