rank,player,Total,Total (for all distances),Pct of all 1-putts
1,Sangmoon Bae,5,25,20.0
2,Steven Bowditch,3,25,12.0
2,Ángel Cabrera,3,21,14.3
2,Zach Johnson,3,33,9.1
2,Ben Martin,3,24,12.5
2,John Senden,3,25,12.0
2,Bubba Watson,3,29,10.3
8,Tim Clark,2,28,7.1
8,Ryan Moore,2,27,7.4
8,Geoff Ogilvy,2,24,8.3
8,Patrick Reed,2,29,6.9
8,Scott Stallings,2,20,10.0
8,Jimmy Walker,2,26,7.7
14,Ben Crane,1,30,3.3
14,Jason Day,1,27,3.7
14,Matt Every,1,33,3.0
14,J.B. Holmes,1,22,4.5
14,Billy Horschel,1,21,4.8
14,Matt Jones,1,26,3.8
14,Chris Kirk,1,29,3.4
14,Matt Kuchar,1,28,3.6
14,Hideki Matsuyama,1,30,3.3
14,Kevin Streelman,1,23,4.3
14,Camilo Villegas,1,24,4.2
