rank,player,%,# of 1 putts,# of holes
1,Zach Johnson,66.67,12,18
2,Jason Day,61.11,11,18
2,Chris Kirk,61.11,11,18
4,Matt Every,50.00,9,18
4,Matt Kuchar,50.00,9,18
4,Ben Martin,50.00,9,18
7,Tim Clark,44.44,8,18
7,Ben Crane,44.44,8,18
7,Brian Harman,44.44,8,18
10,Sangmoon Bae,38.89,7,18
10,Chesson Hadley,38.89,7,18
10,Ryan Moore,38.89,7,18
10,Geoff Ogilvy,38.89,7,18
10,Nick Taylor,38.89,7,18
10,Bubba Watson,38.89,7,18
16,Steven Bowditch,33.33,6,18
16,Matt Jones,33.33,6,18
16,Hunter Mahan,33.33,6,18
16,Hideki Matsuyama,33.33,6,18
16,S.Y. Noh,33.33,6,18
21,Ángel Cabrera,27.78,5,18
21,Russell Henley,27.78,5,18
21,Charley Hoffman,27.78,5,18
21,Billy Horschel,27.78,5,18
21,Patrick Reed,27.78,5,18
21,John Senden,27.78,5,18
21,Robert Streb,27.78,5,18
21,Jimmy Walker,27.78,5,18
29,J.B. Holmes,22.22,4,18
29,Scott Stallings,22.22,4,18
29,Kevin Streelman,22.22,4,18
29,Brendon Todd,22.22,4,18
33,Camilo Villegas,16.67,3,18
