rank,player,%,Attempts,Putts made
1,Patrick Reed,50.00,4,2
2,Charley Hoffman,33.33,12,4
3,Ryan Moore,30.00,10,3
3,Jimmy Walker,30.00,10,3
5,Mackenzie Hughes,28.57,7,2
6,Greg Chalmers,25.00,4,1
6,Cody Gribble,25.00,8,2
6,Rod Pampling,25.00,8,2
6,Pat Perez,25.00,8,2
6,Bubba Watson,25.00,8,2
11,Brian Stuard,22.22,9,2
11,Justin Thomas,22.22,9,2
13,Tony Finau,20.00,5,1
13,Si Woo Kim,20.00,5,1
15,Billy Hurley III,16.67,6,1
16,Aaron Baddeley,14.29,7,1
16,Jason Dufner,14.29,7,1
18,Brendan Steele,12.50,8,1
19,Daniel Berger,11.11,9,1
20,William McGirt,10.00,10,1
21,Jason Day,.00,8,-
21,Fabián Gómez,.00,8,-
21,Branden Grace,.00,8,-
21,James Hahn,.00,6,-
21,Jim Herman,.00,7,-
21,Dustin Johnson,.00,10,-
21,Russell Knox,.00,7,-
21,Hideki Matsuyama,.00,7,-
21,Brandt Snedeker,.00,7,-
21,Jordan Spieth,.00,4,-
21,Vaughn Taylor,.00,8,-
21,Jhonattan Vegas,.00,3,-
