rank,player,% Made,Attempts,Putts Made
1,Aaron Baddeley,5.00,2,1
2,Charley Hoffman,3.33,3,1
3,Jim Herman,1.67,6,1
4,Daniel Berger,.00,4,-
4,Greg Chalmers,.00,2,-
4,Jason Day,.00,5,-
4,Jason Dufner,.00,1,-
4,Tony Finau,.00,5,-
4,Fabián Gómez,.00,4,-
4,Branden Grace,.00,2,-
4,Cody Gribble,.00,3,-
4,James Hahn,.00,6,-
4,Mackenzie Hughes,.00,2,-
4,Billy Hurley III,.00,4,-
4,Dustin Johnson,.00,3,-
4,Si Woo Kim,.00,5,-
4,Russell Knox,.00,1,-
4,Hideki Matsuyama,.00,2,-
4,William McGirt,.00,4,-
4,Ryan Moore,.00,6,-
4,Rod Pampling,.00,2,-
4,Pat Perez,.00,7,-
4,Patrick Reed,.00,3,-
4,Brandt Snedeker,.00,1,-
4,Jordan Spieth,.00,4,-
4,Brendan Steele,.00,5,-
4,Brian Stuard,.00,2,-
4,Vaughn Taylor,.00,4,-
4,Justin Thomas,.00,5,-
4,Jhonattan Vegas,.00,2,-
4,Jimmy Walker,.00,7,-
4,Bubba Watson,.00,5,-
