rank,player,%,Attempts,Putts made
1,Brian Stuard,11.76,17,2
2,Jimmy Walker,10.53,19,2
3,Cody Gribble,10.00,20,2
4,Jason Dufner,9.09,22,2
4,Jordan Spieth,9.09,22,2
6,Charley Hoffman,8.33,12,1
7,Jim Herman,7.69,26,2
8,Brandt Snedeker,6.67,15,1
9,Brendan Steele,5.88,17,1
9,Vaughn Taylor,5.88,17,1
11,Aaron Baddeley,5.56,18,1
11,Dustin Johnson,5.56,18,1
13,James Hahn,5.00,20,1
13,Mackenzie Hughes,5.00,20,1
13,Ryan Moore,5.00,20,1
13,Justin Thomas,5.00,20,1
17,Daniel Berger,4.76,21,1
17,Bubba Watson,4.76,21,1
19,Billy Hurley III,4.17,24,1
20,Pat Perez,3.57,28,1
21,Greg Chalmers,.00,15,-
21,Jason Day,.00,18,-
21,Tony Finau,.00,22,-
21,Fabián Gómez,.00,18,-
21,Branden Grace,.00,16,-
21,Si Woo Kim,.00,15,-
21,Russell Knox,.00,21,-
21,Hideki Matsuyama,.00,17,-
21,William McGirt,.00,21,-
21,Rod Pampling,.00,21,-
21,Patrick Reed,.00,12,-
21,Jhonattan Vegas,.00,16,-
