rank,player,% Made,Attempts,Putts Made
1,Dustin Johnson,2.50,4,1
2,Ryan Moore,2.00,5,1
2,Brandt Snedeker,2.00,5,1
2,Brian Stuard,2.00,5,1
2,Jimmy Walker,2.00,5,1
2,Bubba Watson,2.00,5,1
7,Jason Dufner,1.67,6,1
7,Mackenzie Hughes,1.67,6,1
7,Billy Hurley III,1.67,6,1
7,Justin Thomas,1.67,6,1
11,Jim Herman,1.25,8,1
12,Aaron Baddeley,.00,6,-
12,Daniel Berger,.00,4,-
12,Greg Chalmers,.00,4,-
12,Jason Day,.00,2,-
12,Tony Finau,.00,4,-
12,Fabián Gómez,.00,3,-
12,Branden Grace,.00,4,-
12,Cody Gribble,.00,6,-
12,James Hahn,.00,2,-
12,Charley Hoffman,.00,4,-
12,Si Woo Kim,.00,2,-
12,Russell Knox,.00,6,-
12,Hideki Matsuyama,.00,4,-
12,William McGirt,.00,7,-
12,Rod Pampling,.00,5,-
12,Pat Perez,.00,5,-
12,Patrick Reed,.00,3,-
12,Jordan Spieth,.00,3,-
12,Brendan Steele,.00,4,-
12,Vaughn Taylor,.00,4,-
12,Jhonattan Vegas,.00,4,-
