rank,player,% Made,Attempts,Putts Made
1,Cody Gribble,1.82,11,2
2,Jimmy Walker,1.43,7,1
3,Jordan Spieth,1.33,15,2
4,Brendan Steele,1.25,8,1
5,Vaughn Taylor,1.11,9,1
6,Brian Stuard,1.00,10,1
7,James Hahn,.83,12,1
8,Daniel Berger,.77,13,1
9,Jason Dufner,.67,15,1
10,Pat Perez,.63,16,1
11,Aaron Baddeley,.00,10,-
11,Greg Chalmers,.00,9,-
11,Jason Day,.00,11,-
11,Tony Finau,.00,13,-
11,Fabián Gómez,.00,11,-
11,Branden Grace,.00,10,-
11,Jim Herman,.00,12,-
11,Charley Hoffman,.00,5,-
11,Mackenzie Hughes,.00,12,-
11,Billy Hurley III,.00,14,-
11,Dustin Johnson,.00,11,-
11,Si Woo Kim,.00,8,-
11,Russell Knox,.00,14,-
11,Hideki Matsuyama,.00,11,-
11,William McGirt,.00,10,-
11,Ryan Moore,.00,9,-
11,Rod Pampling,.00,14,-
11,Patrick Reed,.00,6,-
11,Brandt Snedeker,.00,9,-
11,Justin Thomas,.00,9,-
11,Jhonattan Vegas,.00,10,-
11,Bubba Watson,.00,11,-
