rank,player,%,Attempts,Putts made
1,Cody Gribble,50.00,8,4
2,Jason Dufner,46.15,13,6
3,William McGirt,45.45,11,5
4,Tony Finau,44.44,9,4
5,Fabián Gómez,42.86,14,6
5,Pat Perez,42.86,7,3
5,Vaughn Taylor,42.86,14,6
8,Jason Day,40.00,5,2
9,Patrick Reed,35.71,14,5
10,Brendan Steele,30.77,13,4
11,Hideki Matsuyama,30.00,10,3
12,Branden Grace,28.57,14,4
12,Charley Hoffman,28.57,7,2
12,Si Woo Kim,28.57,7,2
15,Rod Pampling,27.27,11,3
16,Jim Herman,25.00,8,2
17,Greg Chalmers,23.08,13,3
17,Mackenzie Hughes,23.08,13,3
19,Russell Knox,16.67,6,1
20,Daniel Berger,15.38,13,2
20,Ryan Moore,15.38,13,2
22,James Hahn,12.50,8,1
22,Jordan Spieth,12.50,8,1
22,Jimmy Walker,12.50,8,1
25,Aaron Baddeley,11.11,9,1
25,Billy Hurley III,11.11,9,1
27,Justin Thomas,10.00,10,1
28,Dustin Johnson,9.09,11,1
28,Brandt Snedeker,9.09,11,1
30,Jhonattan Vegas,8.33,12,1
31,Brian Stuard,7.14,14,1
32,Bubba Watson,.00,8,-
