rank,player,Avg,Total Strokes,Total Rounds
1,Cameron Young,64.00,64,1
2,Mackenzie Hughes,65.00,65,1
2,Will Zalatoris,65.00,65,1
4,Viktor Hovland,66.00,66,1
5,Corey Conners,67.00,67,1
5,Sepp Straka,67.00,67,1
7,Chez Reavie,68.00,68,1
7,Adam Svensson,68.00,68,1
9,Sam Burns,69.00,69,1
9,Billy Horschel,69.00,69,1
9,Trey Mullinax,69.00,69,1
9,Adam Scott,69.00,69,1
13,Keegan Bradley,70.00,70,1
13,Russell Henley,70.00,70,1
13,Seamus Power,70.00,70,1
13,Scott Stallings,70.00,70,1
13,Justin Thomas,70.00,70,1
18,Chad Ramey,71.00,71,1
19,Sahith Theegala,72.00,72,1
20,Ryan Brehm,78.00,78,1
