rank,player,Avg,Total Strokes,Total Early Rounds
1,Collin Morikawa,64.00,64,1
1,J.J. Spaun,64.00,64,1
3,Sungjae Im,65.00,65,1
3,Luke List,65.00,65,1
5,Tom Hoge,66.00,66,1
6,Max Homa,66.50,133,2
7,Tony Finau,67.00,67,1
7,Hideki Matsuyama,67.00,67,1
9,Mackenzie Hughes,67.33,202,3
10,Corey Conners,67.50,135,2
11,Will Zalatoris,67.67,203,3
12,Billy Horschel,68.00,204,3
12,Viktor Hovland,68.00,136,2
12,K.H. Lee,68.00,68,1
15,Cameron Young,68.25,273,4
16,Scott Stallings,68.33,205,3
16,Sepp Straka,68.33,205,3
18,Patrick Cantlay,68.67,206,3
19,Brian Harman,69.00,69,1
19,Seamus Power,69.00,138,2
19,Adam Scott,69.00,207,3
19,Justin Thomas,69.00,207,3
23,Trey Mullinax,69.50,278,4
24,Sam Burns,70.25,281,4
25,Russell Henley,70.33,211,3
25,Sahith Theegala,70.33,211,3
27,Keegan Bradley,71.00,213,3
28,Chez Reavie,71.25,285,4
29,Ryan Brehm,71.33,214,3
30,Adam Svensson,71.75,287,4
31,Chad Ramey,72.50,290,4
