rank,player,Avg,Total Strokes,Total Rounds
1,Collin Morikawa,64.00,64,1
1,J.J. Spaun,64.00,64,1
3,Tom Hoge,66.00,66,1
3,Mackenzie Hughes,66.00,66,1
5,Tony Finau,67.00,67,1
5,Hideki Matsuyama,67.00,67,1
5,Scott Stallings,67.00,67,1
5,Sahith Theegala,67.00,67,1
9,Ryan Brehm,68.00,68,1
9,K.H. Lee,68.00,68,1
9,Seamus Power,68.00,68,1
12,Trey Mullinax,69.00,69,1
13,Sam Burns,70.00,70,1
13,Patrick Cantlay,70.00,70,1
13,Adam Scott,70.00,70,1
13,Cameron Young,70.00,70,1
17,Chad Ramey,71.00,71,1
17,Chez Reavie,71.00,71,1
17,Adam Svensson,71.00,71,1
