rank,player,Low Rnd
1,Max Homa,63
2,Billy Horschel,64
2,Collin Morikawa,64
2,J.J. Spaun,64
2,Cameron Young,64
6,Mackenzie Hughes,65
6,Sungjae Im,65
6,Luke List,65
6,Will Zalatoris,65
10,Patrick Cantlay,66
10,Tom Hoge,66
10,Viktor Hovland,66
13,Sam Burns,67
13,Corey Conners,67
13,Tony Finau,67
13,Hideki Matsuyama,67
13,Scott Stallings,67
13,Sepp Straka,67
13,Sahith Theegala,67
13,Justin Thomas,67
21,Ryan Brehm,68
21,K.H. Lee,68
21,Seamus Power,68
21,Chez Reavie,68
21,Adam Scott,68
21,Adam Svensson,68
27,Brian Harman,69
27,Trey Mullinax,69
29,Keegan Bradley,70
29,Russell Henley,70
31,Chad Ramey,71
