rank,player,Avg,Total Strokes,Total Rounds
1,Luke List,65.00,65,1
2,Corey Conners,68.00,68,1
2,Adam Scott,68.00,68,1
4,Brian Harman,69.00,69,1
4,Will Zalatoris,69.00,69,1
6,Keegan Bradley,70.00,70,1
6,Patrick Cantlay,70.00,70,1
6,Russell Henley,70.00,70,1
6,Max Homa,70.00,70,1
6,Trey Mullinax,70.00,70,1
6,Sepp Straka,70.00,70,1
6,Adam Svensson,70.00,70,1
6,Justin Thomas,70.00,70,1
6,Cameron Young,70.00,70,1
15,Billy Horschel,71.00,71,1
16,Chez Reavie,73.00,73,1
17,Sam Burns,75.00,75,1
18,Chad Ramey,76.00,76,1
