rank,player,%,Par 4 Birdies or Better,Par 4 Holes
1,Brandt Snedeker,27.27,12,44
2,Daniel Chopra,25.00,11,44
2,Steve Stricker,25.00,11,44
4,Mark Calcavecchia,22.73,10,44
4,Chad Campbell,22.73,10,44
4,Steve Flesch,22.73,10,44
4,Rory Sabbatini,22.73,10,44
8,Ángel Cabrera,20.45,9,44
8,Fred Funk,20.45,9,44
8,Charles Howell III,20.45,9,44
8,Justin Leonard,20.45,9,44
8,George McNeill,20.45,9,44
8,Henrik Stenson,20.45,9,44
8,Scott Verplank,20.45,9,44
15,Stephen Ames,18.18,8,44
15,Jonathan Byrd,18.18,8,44
15,Zach Johnson,18.18,8,44
15,Hunter Mahan,18.18,8,44
15,Nick Watney,18.18,8,44
20,Woody Austin,15.91,7,44
20,Aaron Baddeley,15.91,7,44
20,Brian Bateman,15.91,7,44
20,Paul Goydos,15.91,7,44
20,Vijay Singh,15.91,7,44
20,Mike Weir,15.91,7,44
26,K.J. Choi,13.64,6,44
26,Boo Weekley,13.64,6,44
26,Mark Wilson,13.64,6,44
29,Jim Furyk,11.36,5,44
29,Charley Hoffman,11.36,5,44
31,Joe Ogilvie,6.82,3,44
