rank,player,Avg,Total Strokes,Total Holes
1,Steve Stricker,3.75,165,44
2,Daniel Chopra,3.82,168,44
2,Brandt Snedeker,3.82,168,44
4,Stephen Ames,3.89,171,44
4,Aaron Baddeley,3.89,171,44
4,Mark Calcavecchia,3.89,171,44
4,Jim Furyk,3.89,171,44
4,Zach Johnson,3.89,171,44
4,Vijay Singh,3.89,171,44
4,Nick Watney,3.89,171,44
11,Jonathan Byrd,3.91,172,44
11,Charles Howell III,3.91,172,44
11,Justin Leonard,3.91,172,44
11,Hunter Mahan,3.91,172,44
15,Steve Flesch,3.93,173,44
15,Fred Funk,3.93,173,44
15,Rory Sabbatini,3.93,173,44
15,Mike Weir,3.93,173,44
19,Chad Campbell,3.95,174,44
19,George McNeill,3.95,174,44
19,Henrik Stenson,3.95,174,44
22,Woody Austin,3.98,175,44
22,Ángel Cabrera,3.98,175,44
22,Scott Verplank,3.98,175,44
25,K.J. Choi,4.00,176,44
26,Mark Wilson,4.02,177,44
27,Brian Bateman,4.05,178,44
27,Charley Hoffman,4.05,178,44
27,Boo Weekley,4.05,178,44
30,Paul Goydos,4.07,179,44
31,Joe Ogilvie,4.11,181,44
