rank,player,Status,Par 5 Avg,Total Par
1,Mike Weir,-13,4.19,80
2,Charles Howell III,-10,4.38,80
2,Hunter Mahan,-10,4.38,80
4,Stephen Ames,-9,4.44,80
4,Steve Stricker,-9,4.44,80
4,Nick Watney,-9,4.44,80
4,Boo Weekley,-9,4.44,80
8,Ángel Cabrera,-8,4.50,80
8,Mark Calcavecchia,-8,4.50,80
8,Jim Furyk,-8,4.50,80
11,Brian Bateman,-7,4.56,80
11,Chad Campbell,-7,4.56,80
11,Daniel Chopra,-7,4.56,80
11,Charley Hoffman,-7,4.56,80
11,Justin Leonard,-7,4.56,80
16,Woody Austin,-6,4.63,80
16,Vijay Singh,-6,4.63,80
16,Brandt Snedeker,-6,4.63,80
19,Aaron Baddeley,-5,4.69,80
19,Jonathan Byrd,-5,4.69,80
19,Joe Ogilvie,-5,4.69,80
19,Scott Verplank,-5,4.69,80
23,Mark Wilson,-4,4.75,80
24,Steve Flesch,-3,4.81,80
24,Fred Funk,-3,4.81,80
24,Rory Sabbatini,-3,4.81,80
27,K.J. Choi,-2,4.88,80
27,Paul Goydos,-2,4.88,80
27,Zach Johnson,-2,4.88,80
30,Henrik Stenson,-1,4.94,80
31,George McNeill,+1,5.06,80
