rank,player,Avg,Total Strokes,Total Holes
1,Stephen Ames,2.75,33,12
1,Daniel Chopra,2.75,33,12
3,Chad Campbell,2.83,34,12
3,Justin Leonard,2.83,34,12
3,Rory Sabbatini,2.83,34,12
6,Aaron Baddeley,2.92,35,12
6,Jonathan Byrd,2.92,35,12
6,Ángel Cabrera,2.92,35,12
6,Jim Furyk,2.92,35,12
6,George McNeill,2.92,35,12
11,Charley Hoffman,3.00,36,12
11,Hunter Mahan,3.00,36,12
11,Vijay Singh,3.00,36,12
11,Scott Verplank,3.00,36,12
11,Nick Watney,3.00,36,12
11,Mike Weir,3.00,36,12
17,Woody Austin,3.08,37,12
17,Brian Bateman,3.08,37,12
17,Mark Calcavecchia,3.08,37,12
17,Steve Flesch,3.08,37,12
17,Paul Goydos,3.08,37,12
17,Charles Howell III,3.08,37,12
23,K.J. Choi,3.17,38,12
23,Zach Johnson,3.17,38,12
23,Brandt Snedeker,3.17,38,12
23,Steve Stricker,3.17,38,12
23,Mark Wilson,3.17,38,12
28,Henrik Stenson,3.25,39,12
28,Boo Weekley,3.25,39,12
30,Fred Funk,3.33,40,12
30,Joe Ogilvie,3.33,40,12
