rank,player,%,Par 5 Birdies or Better,Par 5 Holes
1,Mike Weir,75.00,12,16
2,Stephen Ames,62.50,10,16
2,Mark Calcavecchia,62.50,10,16
2,Steve Stricker,62.50,10,16
5,Brian Bateman,56.25,9,16
5,Ángel Cabrera,56.25,9,16
5,Jim Furyk,56.25,9,16
5,Charles Howell III,56.25,9,16
5,Hunter Mahan,56.25,9,16
5,Nick Watney,56.25,9,16
11,Brandt Snedeker,50.00,8,16
11,Boo Weekley,50.00,8,16
13,Woody Austin,43.75,7,16
13,Aaron Baddeley,43.75,7,16
13,Jonathan Byrd,43.75,7,16
13,Chad Campbell,43.75,7,16
13,K.J. Choi,43.75,7,16
13,Daniel Chopra,43.75,7,16
13,Charley Hoffman,43.75,7,16
13,Justin Leonard,43.75,7,16
13,Joe Ogilvie,43.75,7,16
13,Rory Sabbatini,43.75,7,16
23,Vijay Singh,37.50,6,16
23,Scott Verplank,37.50,6,16
23,Mark Wilson,37.50,6,16
26,Steve Flesch,31.25,5,16
26,Paul Goydos,31.25,5,16
28,Fred Funk,25.00,4,16
28,Zach Johnson,25.00,4,16
28,George McNeill,25.00,4,16
31,Henrik Stenson,12.50,2,16
