rank,player,Avg,Total Strokes,Total Holes
1,Mike Weir,4.19,67,16
2,Charles Howell III,4.38,70,16
2,Hunter Mahan,4.38,70,16
4,Stephen Ames,4.44,71,16
4,Steve Stricker,4.44,71,16
4,Nick Watney,4.44,71,16
4,Boo Weekley,4.44,71,16
8,Ángel Cabrera,4.50,72,16
8,Mark Calcavecchia,4.50,72,16
8,Jim Furyk,4.50,72,16
11,Brian Bateman,4.56,73,16
11,Chad Campbell,4.56,73,16
11,Daniel Chopra,4.56,73,16
11,Charley Hoffman,4.56,73,16
11,Justin Leonard,4.56,73,16
16,Woody Austin,4.63,74,16
16,Vijay Singh,4.63,74,16
16,Brandt Snedeker,4.63,74,16
19,Aaron Baddeley,4.69,75,16
19,Jonathan Byrd,4.69,75,16
19,Joe Ogilvie,4.69,75,16
19,Scott Verplank,4.69,75,16
23,Mark Wilson,4.75,76,16
24,Steve Flesch,4.81,77,16
24,Fred Funk,4.81,77,16
24,Rory Sabbatini,4.81,77,16
27,K.J. Choi,4.88,78,16
27,Paul Goydos,4.88,78,16
27,Zach Johnson,4.88,78,16
30,Henrik Stenson,4.94,79,16
31,George McNeill,5.06,81,16
