rank,player,Status,Par 3 Avg,Total Par
1,Stephen Ames,-3,2.75,36
1,Daniel Chopra,-3,2.75,36
3,Chad Campbell,-2,2.83,36
3,Justin Leonard,-2,2.83,36
3,Rory Sabbatini,-2,2.83,36
6,Aaron Baddeley,-1,2.92,36
6,Jonathan Byrd,-1,2.92,36
6,Ángel Cabrera,-1,2.92,36
6,Jim Furyk,-1,2.92,36
6,George McNeill,-1,2.92,36
11,Charley Hoffman,E,3.00,36
11,Hunter Mahan,E,3.00,36
11,Vijay Singh,E,3.00,36
11,Scott Verplank,E,3.00,36
11,Nick Watney,E,3.00,36
11,Mike Weir,E,3.00,36
17,Woody Austin,+1,3.08,36
17,Brian Bateman,+1,3.08,36
17,Mark Calcavecchia,+1,3.08,36
17,Steve Flesch,+1,3.08,36
17,Paul Goydos,+1,3.08,36
17,Charles Howell III,+1,3.08,36
23,K.J. Choi,+2,3.17,36
23,Zach Johnson,+2,3.17,36
23,Brandt Snedeker,+2,3.17,36
23,Steve Stricker,+2,3.17,36
23,Mark Wilson,+2,3.17,36
28,Henrik Stenson,+3,3.25,36
28,Boo Weekley,+3,3.25,36
30,Fred Funk,+4,3.33,36
30,Joe Ogilvie,+4,3.33,36
