rank,player,%,Par 3 Birdies or Better,Par 3 Holes
1,Daniel Chopra,41.67,5,12
2,George McNeill,33.33,4,12
3,Stephen Ames,25.00,3,12
3,Aaron Baddeley,25.00,3,12
3,Jim Furyk,25.00,3,12
6,Jonathan Byrd,16.67,2,12
6,Ángel Cabrera,16.67,2,12
6,Chad Campbell,16.67,2,12
6,Steve Flesch,16.67,2,12
6,Zach Johnson,16.67,2,12
6,Justin Leonard,16.67,2,12
6,Hunter Mahan,16.67,2,12
6,Rory Sabbatini,16.67,2,12
6,Brandt Snedeker,16.67,2,12
6,Henrik Stenson,16.67,2,12
6,Steve Stricker,16.67,2,12
6,Boo Weekley,16.67,2,12
18,Woody Austin,8.33,1,12
18,Brian Bateman,8.33,1,12
18,Mark Calcavecchia,8.33,1,12
18,K.J. Choi,8.33,1,12
18,Paul Goydos,8.33,1,12
18,Charley Hoffman,8.33,1,12
18,Charles Howell III,8.33,1,12
18,Joe Ogilvie,8.33,1,12
18,Vijay Singh,8.33,1,12
18,Scott Verplank,8.33,1,12
18,Nick Watney,8.33,1,12
18,Mike Weir,8.33,1,12
30,Fred Funk,.00,0,12
30,Mark Wilson,.00,0,12
