rank,player,Avg RTP
1,Tommy Gainey,-1.000
1,Casey Wittenberg,-1.000
3,K.J. Choi,-.667
4,Charles Howell III,-.500
4,Tim Petrovic,-.500
6,Tim Herron,-.400
7,Bart Bryant,-.333
7,Bill Haas,-.333
7,Richard Johnson,-.333
7,John Merrick,-.333
7,Andres Romero,-.333
7,Rory Sabbatini,-.333
7,Steve Stricker,-.333
7,Chris Stroud,-.333
15,Ryuji Imada,-.250
15,Michael Letzig,-.250
15,Adam Scott,-.250
18,Michael Allen,E
18,Arjun Atwal,E
18,Briny Baird,E
18,Cameron Beckman,E
18,Matt Bettencourt,E
18,Alex Cejka,E
18,Tim Clark,E
18,Glen Day,E
18,Luke Donald,E
18,Brian Gay,E
18,Nathan Green,E
18,Zach Johnson,E
18,Troy Kelly,E
18,Jeff Klauk,E
18,Cliff Kresge,E
18,Steve Lowery,E
18,Shigeki Maruyama,E
18,David Mathis,E
18,George McNeill,E
18,Sean O'Hair,E
18,Arron Oberholser,E
18,Geoff Ogilvy,E
18,Jeff Overton,E
18,Greg Owen,E
18,Tom Pernice Jr.,E
18,Ted Purdy,E
18,Tag Ridings,E
18,Webb Simpson,E
18,Junpei Takayama,E
18,Brendon Todd,E
18,David Toms,E
18,Jimmy Walker,E
18,Boo Weekley,E
18,Azuma Yano,E
52,Wil Collins,+.333
52,Tadd Fujikawa,+.333
52,Marc Leishman,+.333
52,Kevin Streelman,+.333
56,Stewart Cink,+.500
56,Brian Davis,+.500
56,Joe Durant,+.500
56,Ernie Els,+.500
56,Bob Estes,+.500
56,Kenny Perry,+.500
56,Tim Wilkinson,+.500
63,Paul Azinger,+1.000
63,Matthew Borchert,+1.000
63,Harrison Frazar,+1.000
63,Jerry Kelly,+1.000
63,Troy Matteson,+1.000
63,Scott Piercy,+1.000
63,D.J. Trahan,+1.000
