rank,player,Avg RTP
1,Adam Scott,-.250
1,Webb Simpson,-.250
1,D.J. Trahan,-.250
1,Tim Wilkinson,-.250
5,Harrison Frazar,-.200
5,Ryuji Imada,-.200
5,Michael Letzig,-.200
8,John Merrick,-.125
9,Stewart Cink,-.100
10,Michael Allen,E
10,Briny Baird,E
10,Cameron Beckman,E
10,Alex Cejka,E
10,Glen Day,E
10,Joe Durant,E
10,Ernie Els,E
10,Brian Gay,E
10,Nathan Green,E
10,Tim Herron,E
10,Jarrod Lyle,E
10,Shigeki Maruyama,E
10,Troy Matteson,E
10,George McNeill,E
10,Arron Oberholser,E
10,Greg Owen,E
10,Ted Purdy,E
10,Jeff Quinney,E
10,Chez Reavie,E
10,Kevin Streelman,E
10,Steve Stricker,E
10,Chris Stroud,E
10,Brendon Todd,E
10,David Toms,E
34,Hideto Tanihara,+.100
35,Jeff Overton,+.143
35,Scott Sterling,+.143
37,Geoff Ogilvy,+.167
37,Scott Piercy,+.167
37,D.A. Points,+.167
40,Rory Sabbatini,+.182
41,Tadd Fujikawa,+.200
41,Steve Lowery,+.200
41,Jimmy Walker,+.200
41,Boo Weekley,+.200
41,Azuma Yano,+.200
46,Matthew Borchert,+.250
46,Bill Haas,+.250
46,Spencer Levin,+.250
46,Tag Ridings,+.250
50,Tom Pernice Jr.,+.273
51,Bob Estes,+.286
52,Arjun Atwal,+.300
53,Matt Bettencourt,+.333
53,Charles Howell III,+.333
53,Richard Johnson,+.333
53,Zach Johnson,+.333
53,Jerry Kelly,+.333
53,Jeff Klauk,+.333
53,Marc Leishman,+.333
53,Sean O'Hair,+.333
53,Junpei Takayama,+.333
53,Casey Wittenberg,+.333
63,Troy Kelly,+.375
63,David Mathis,+.375
65,K.J. Choi,+.400
65,Luke Donald,+.400
65,Tommy Gainey,+.400
65,Andres Romero,+.400
69,Paul Azinger,+.429
70,Wil Collins,+.444
71,Bart Bryant,+.500
71,Tim Clark,+.500
71,Cliff Kresge,+.500
71,Steve Marino,+.500
71,Kenny Perry,+.500
71,Tim Petrovic,+.500
77,Brian Davis,+.600
78,Kevin Na,+.667
