rank,player,Avg RTP
1,Hideto Tanihara,-1.000
2,Brian Davis,-.750
3,Jimmy Walker,-.667
4,Matt Bettencourt,-.600
4,Bart Bryant,-.600
4,Joe Durant,-.600
4,Greg Owen,-.600
8,Arjun Atwal,-.500
8,Paul Azinger,-.500
8,Geoff Ogilvy,-.500
8,Scott Piercy,-.500
12,Charles Howell III,-.429
12,Zach Johnson,-.429
12,Ted Purdy,-.429
12,David Toms,-.429
16,K.J. Choi,-.400
16,Jerry Kelly,-.400
16,Troy Matteson,-.400
16,D.A. Points,-.400
16,Azuma Yano,-.400
21,Michael Letzig,-.333
21,John Merrick,-.333
21,Arron Oberholser,-.333
21,Tag Ridings,-.333
21,Brendon Todd,-.333
26,Tim Clark,-.286
26,Brian Gay,-.286
26,Steve Marino,-.286
29,Stewart Cink,-.250
29,Bob Estes,-.250
29,Tadd Fujikawa,-.250
29,Chez Reavie,-.250
33,Glen Day,-.200
33,Spencer Levin,-.200
33,Andres Romero,-.200
33,D.J. Trahan,-.200
33,Boo Weekley,-.200
38,Luke Donald,-.167
38,Tommy Gainey,-.167
38,Sean O'Hair,-.167
38,Kevin Streelman,-.167
42,Nathan Green,-.143
42,Cliff Kresge,-.143
42,Tim Wilkinson,-.143
45,Alex Cejka,-.125
46,Jeff Overton,-.111
46,Adam Scott,-.111
48,Troy Kelly,-.100
49,Michael Allen,E
49,Wil Collins,E
49,Bill Haas,E
49,Tim Herron,E
49,Richard Johnson,E
49,Jeff Klauk,E
49,Marc Leishman,E
49,Steve Lowery,E
49,Shigeki Maruyama,E
49,George McNeill,E
49,Kevin Na,E
49,Tom Pernice Jr.,E
49,Kenny Perry,E
49,Rory Sabbatini,E
49,Webb Simpson,E
49,Scott Sterling,E
49,Steve Stricker,E
66,Briny Baird,+.143
66,Ernie Els,+.143
68,Harrison Frazar,+.167
68,Jeff Quinney,+.167
70,David Mathis,+.200
71,Casey Wittenberg,+.250
72,Cameron Beckman,+.286
73,Jarrod Lyle,+.333
73,Tim Petrovic,+.333
73,Chris Stroud,+.333
76,Ryuji Imada,+.400
77,Matthew Borchert,+.500
78,Junpei Takayama,+.600
