rank,player,Avg RTP
1,Zach Johnson,-.444
2,Rory Sabbatini,-.353
3,Brian Gay,-.278
4,Jeff Quinney,-.267
5,Tim Herron,-.250
6,Hideto Tanihara,-.222
7,Stewart Cink,-.214
7,Cliff Kresge,-.214
9,Jeff Overton,-.200
9,Azuma Yano,-.200
11,Adam Scott,-.188
12,Charles Howell III,-.182
12,D.J. Trahan,-.182
14,Harrison Frazar,-.167
15,Cameron Beckman,-.154
15,Steve Marino,-.154
15,Kevin Streelman,-.154
15,Chris Stroud,-.154
19,Bob Estes,-.143
19,David Mathis,-.143
19,Tim Wilkinson,-.143
22,Wil Collins,-.133
22,Troy Matteson,-.133
22,Scott Piercy,-.133
25,Kevin Na,-.125
25,Ted Purdy,-.125
27,Nathan Green,-.118
28,Shigeki Maruyama,-.111
29,Jerry Kelly,-.100
29,Chez Reavie,-.100
31,Paul Azinger,-.091
32,Marc Leishman,-.083
32,Geoff Ogilvy,-.083
34,Troy Kelly,-.077
35,Arjun Atwal,-.071
35,Matt Bettencourt,-.071
35,Brian Davis,-.071
35,Brendon Todd,-.071
35,Jimmy Walker,-.071
40,Luke Donald,-.067
40,George McNeill,-.067
42,Bart Bryant,-.063
43,Tadd Fujikawa,-.059
43,Tim Petrovic,-.059
45,Jeff Klauk,-.053
46,Glen Day,E
46,Joe Durant,E
46,Bill Haas,E
46,Michael Letzig,E
46,Arron Oberholser,E
46,Tom Pernice Jr.,E
46,Tag Ridings,E
46,Scott Sterling,E
46,Steve Stricker,E
46,David Toms,E
46,Casey Wittenberg,E
57,Tommy Gainey,+.067
57,Jarrod Lyle,+.067
57,Boo Weekley,+.067
60,Briny Baird,+.071
60,Webb Simpson,+.071
62,K.J. Choi,+.083
62,Ryuji Imada,+.083
62,Steve Lowery,+.083
65,Andres Romero,+.100
66,Kenny Perry,+.118
66,Junpei Takayama,+.118
68,John Merrick,+.133
68,Greg Owen,+.133
70,Spencer Levin,+.150
71,Tim Clark,+.154
72,Michael Allen,+.167
73,Ernie Els,+.182
74,Richard Johnson,+.214
74,Sean O'Hair,+.214
76,Alex Cejka,+.231
77,D.A. Points,+.250
78,Matthew Borchert,+.267
