rank,player,Avg RTP
1,Briny Baird,-1.000
2,Nathan Green,-.500
2,Zach Johnson,-.500
2,Geoff Ogilvy,-.500
2,Azuma Yano,-.500
6,Cameron Beckman,-.333
6,Matt Bettencourt,-.333
6,Jerry Kelly,-.333
6,Troy Kelly,-.333
6,Kevin Na,-.333
6,Scott Sterling,-.333
6,Tim Wilkinson,-.333
6,Casey Wittenberg,-.333
14,Jarrod Lyle,-.250
14,Adam Scott,-.250
14,Steve Stricker,-.250
17,Paul Azinger,-.200
17,Matthew Borchert,-.200
17,Cliff Kresge,-.200
20,Tommy Gainey,-.167
21,Greg Owen,-.143
22,Arjun Atwal,E
22,Bart Bryant,E
22,Alex Cejka,E
22,Stewart Cink,E
22,Tim Clark,E
22,Wil Collins,E
22,Brian Davis,E
22,Glen Day,E
22,Luke Donald,E
22,Ernie Els,E
22,Bob Estes,E
22,Tadd Fujikawa,E
22,Brian Gay,E
22,Bill Haas,E
22,Ryuji Imada,E
22,Richard Johnson,E
22,Jeff Klauk,E
22,Marc Leishman,E
22,Michael Letzig,E
22,Spencer Levin,E
22,Steve Marino,E
22,David Mathis,E
22,Sean O'Hair,E
22,Scott Piercy,E
22,D.A. Points,E
22,Ted Purdy,E
22,Chez Reavie,E
22,Tag Ridings,E
22,Rory Sabbatini,E
22,Webb Simpson,E
22,Chris Stroud,E
22,Junpei Takayama,E
22,Hideto Tanihara,E
22,Brendon Todd,E
22,Jimmy Walker,E
57,Kevin Streelman,+.111
58,Harrison Frazar,+.167
58,Kenny Perry,+.167
60,Joe Durant,+.250
60,Jeff Overton,+.250
60,D.J. Trahan,+.250
63,K.J. Choi,+.333
63,Tim Herron,+.333
63,George McNeill,+.333
63,John Merrick,+.333
63,Tom Pernice Jr.,+.333
63,Jeff Quinney,+.333
63,David Toms,+.333
70,Michael Allen,+.400
70,Steve Lowery,+.400
72,Boo Weekley,+.500
73,Andres Romero,+.556
74,Tim Petrovic,+.667
75,Arron Oberholser,+2.000
