rank,player,Avg RTP
1,Andres Romero,-.500
2,Ernie Els,-.467
3,Troy Kelly,-.375
4,Charles Howell III,-.333
4,Chris Stroud,-.333
6,Luke Donald,-.286
6,Sean O'Hair,-.286
8,Stewart Cink,-.273
8,George McNeill,-.273
10,Paul Azinger,-.222
11,Kevin Na,-.214
11,Scott Sterling,-.214
11,David Toms,-.214
14,Michael Allen,-.200
14,Bob Estes,-.200
14,Tommy Gainey,-.200
14,Steve Marino,-.200
14,Arron Oberholser,-.200
19,Briny Baird,-.188
19,Brian Gay,-.188
21,Harrison Frazar,-.182
22,Shigeki Maruyama,-.167
23,Zach Johnson,-.158
24,David Mathis,-.154
24,Chez Reavie,-.154
24,Adam Scott,-.154
27,Matthew Borchert,-.143
27,Michael Letzig,-.143
27,Tom Pernice Jr.,-.143
30,Ryuji Imada,-.133
31,Hideto Tanihara,-.125
32,Jerry Kelly,-.111
32,Scott Piercy,-.111
32,Junpei Takayama,-.111
35,Joe Durant,-.091
36,Glen Day,-.083
36,Tim Herron,-.083
36,Jeff Klauk,-.083
36,Cliff Kresge,-.083
40,Alex Cejka,-.077
40,Richard Johnson,-.077
40,Greg Owen,-.077
40,Boo Weekley,-.077
44,Kevin Streelman,-.071
45,Casey Wittenberg,-.067
46,Geoff Ogilvy,-.063
47,D.J. Trahan,-.056
48,Cameron Beckman,E
48,Tim Clark,E
48,Wil Collins,E
48,Brian Davis,E
48,Nathan Green,E
48,Bill Haas,E
48,Marc Leishman,E
48,Spencer Levin,E
48,Steve Lowery,E
48,Troy Matteson,E
48,Jeff Overton,E
48,Tim Petrovic,E
48,D.A. Points,E
48,Rory Sabbatini,E
48,Brendon Todd,E
48,Jimmy Walker,E
64,Kenny Perry,+.071
65,Webb Simpson,+.083
66,Tadd Fujikawa,+.100
66,Tim Wilkinson,+.100
68,Matt Bettencourt,+.111
68,Steve Stricker,+.111
70,Tag Ridings,+.125
71,Jarrod Lyle,+.133
72,Azuma Yano,+.154
73,K.J. Choi,+.182
74,Ted Purdy,+.231
75,Arjun Atwal,+.250
75,John Merrick,+.250
75,Jeff Quinney,+.250
78,Bart Bryant,+.267
