rank,player,Avg RTP
1,Bill Haas,-.875
2,Shigeki Maruyama,-.714
2,Casey Wittenberg,-.714
4,D.J. Trahan,-.500
5,Michael Allen,-.444
5,Steve Lowery,-.444
5,Tim Petrovic,-.444
8,Tommy Gainey,-.429
8,Tag Ridings,-.429
10,Scott Piercy,-.400
10,Webb Simpson,-.400
10,Boo Weekley,-.400
13,Michael Letzig,-.375
13,Kenny Perry,-.375
15,Arron Oberholser,-.364
15,Azuma Yano,-.364
17,Marc Leishman,-.333
17,David Toms,-.333
19,Tim Clark,-.300
19,Kevin Na,-.300
19,Ted Purdy,-.300
19,Brendon Todd,-.300
23,Cameron Beckman,-.286
23,Ernie Els,-.286
23,Troy Matteson,-.286
23,Andres Romero,-.286
27,K.J. Choi,-.250
27,Zach Johnson,-.250
29,Brian Gay,-.231
30,Bob Estes,-.222
30,Charles Howell III,-.222
30,Jeff Klauk,-.222
30,Scott Sterling,-.222
34,Tim Herron,-.200
34,Richard Johnson,-.200
34,Jeff Overton,-.200
34,Greg Owen,-.200
38,Tim Wilkinson,-.182
39,John Merrick,-.167
40,Harrison Frazar,-.143
40,Nathan Green,-.143
40,George McNeill,-.143
43,Arjun Atwal,-.125
43,Briny Baird,-.125
43,Matt Bettencourt,-.125
43,Steve Stricker,-.125
47,Cliff Kresge,-.111
48,Brian Davis,-.100
48,Glen Day,-.100
48,Jerry Kelly,-.100
51,Ryuji Imada,-.091
51,Jeff Quinney,-.091
53,Alex Cejka,-.083
54,Paul Azinger,E
54,Matthew Borchert,E
54,Bart Bryant,E
54,Stewart Cink,E
54,Wil Collins,E
54,Luke Donald,E
54,Joe Durant,E
54,Tadd Fujikawa,E
54,Spencer Levin,E
54,Steve Marino,E
54,Sean O'Hair,E
54,Geoff Ogilvy,E
54,Tom Pernice Jr.,E
54,Chez Reavie,E
54,Rory Sabbatini,E
54,Chris Stroud,E
54,Junpei Takayama,E
54,Jimmy Walker,E
72,D.A. Points,+.067
73,David Mathis,+.143
73,Hideto Tanihara,+.143
75,Adam Scott,+.167
76,Troy Kelly,+.200
77,Jarrod Lyle,+.286
78,Kevin Streelman,+.400
