rank,player,Avg RTP
1,Bill Haas,-.667
1,Shigeki Maruyama,-.667
3,Casey Wittenberg,-.600
4,Azuma Yano,-.429
5,Tommy Gainey,-.400
5,Scott Piercy,-.400
5,Tag Ridings,-.400
5,D.J. Trahan,-.400
9,Michael Allen,-.375
9,Ted Purdy,-.375
11,Marc Leishman,-.333
11,Michael Letzig,-.333
11,Kenny Perry,-.333
11,Webb Simpson,-.333
15,Brendon Todd,-.300
16,Ernie Els,-.286
17,Jeff Overton,-.250
17,Scott Sterling,-.250
19,Kevin Na,-.222
20,Tim Herron,-.200
20,Tim Petrovic,-.200
22,Harrison Frazar,-.167
22,Zach Johnson,-.167
22,Steve Lowery,-.167
22,Troy Matteson,-.167
26,K.J. Choi,-.143
26,Jeff Klauk,-.143
26,Boo Weekley,-.143
29,Bob Estes,-.125
29,Charles Howell III,-.125
29,Greg Owen,-.125
29,Steve Stricker,-.125
29,David Toms,-.125
34,Brian Gay,-.111
34,Arron Oberholser,-.111
36,Arjun Atwal,E
36,Paul Azinger,E
36,Cameron Beckman,E
36,Matthew Borchert,E
36,Stewart Cink,E
36,Tim Clark,E
36,Tadd Fujikawa,E
36,Ryuji Imada,E
36,Richard Johnson,E
36,Cliff Kresge,E
36,Spencer Levin,E
36,Steve Marino,E
36,George McNeill,E
36,John Merrick,E
36,Geoff Ogilvy,E
36,Jeff Quinney,E
36,Chez Reavie,E
36,Andres Romero,E
36,Rory Sabbatini,E
36,Chris Stroud,E
36,Tim Wilkinson,E
57,D.A. Points,+.077
58,Bart Bryant,+.100
59,Joe Durant,+.111
60,Alex Cejka,+.125
60,Wil Collins,+.125
60,Glen Day,+.125
60,Sean O'Hair,+.125
64,Brian Davis,+.143
64,Luke Donald,+.143
64,Jerry Kelly,+.143
64,Jimmy Walker,+.143
68,Briny Baird,+.167
68,Matt Bettencourt,+.167
68,Tom Pernice Jr.,+.167
71,Nathan Green,+.200
71,Troy Kelly,+.200
71,Junpei Takayama,+.200
74,David Mathis,+.333
74,Hideto Tanihara,+.333
76,Adam Scott,+.400
76,Kevin Streelman,+.400
78,Jarrod Lyle,+.500
