rank,player,Avg RTP
1,Arron Oberholser,-2.000
2,Steve Lowery,-1.500
3,Michael Allen,-1.000
3,Arjun Atwal,-1.000
3,Matt Bettencourt,-1.000
3,K.J. Choi,-1.000
3,Tim Clark,-1.000
3,Brian Davis,-1.000
3,Glen Day,-1.000
3,Joe Durant,-1.000
3,Tommy Gainey,-1.000
3,Nathan Green,-1.000
3,Bill Haas,-1.000
3,Ryuji Imada,-1.000
3,Zach Johnson,-1.000
3,Jeff Klauk,-1.000
3,Michael Letzig,-1.000
3,Shigeki Maruyama,-1.000
3,Kevin Na,-1.000
3,Kenny Perry,-1.000
3,Tim Petrovic,-1.000
3,Jeff Quinney,-1.000
3,Tag Ridings,-1.000
3,Andres Romero,-1.000
3,Webb Simpson,-1.000
3,Hideto Tanihara,-1.000
3,D.J. Trahan,-1.000
3,Boo Weekley,-1.000
3,Casey Wittenberg,-1.000
30,Brian Gay,-.667
30,Richard Johnson,-.667
32,Wil Collins,-.500
32,Jerry Kelly,-.500
32,Cliff Kresge,-.500
32,John Merrick,-.500
32,Tom Pernice Jr.,-.500
37,Alex Cejka,-.333
37,Tim Wilkinson,-.333
39,Bart Bryant,E
39,Luke Donald,E
39,Tadd Fujikawa,E
39,Jarrod Lyle,E
39,Jeff Overton,E
39,D.A. Points,E
39,Ted Purdy,E
39,Chez Reavie,E
39,Scott Sterling,E
39,Azuma Yano,E
