rank,player,Avg RTP
1,Paul Azinger,-1.000
1,Brian Davis,-1.000
1,Luke Donald,-1.000
1,Bob Estes,-1.000
1,Zach Johnson,-1.000
1,Marc Leishman,-1.000
1,Greg Owen,-1.000
1,Adam Scott,-1.000
1,Jimmy Walker,-1.000
1,Azuma Yano,-1.000
11,Joe Durant,-.667
11,Charles Howell III,-.667
13,Bart Bryant,-.500
13,Stewart Cink,-.500
13,Jerry Kelly,-.500
13,Geoff Ogilvy,-.500
13,David Toms,-.500
13,Boo Weekley,-.500
19,Tim Herron,-.333
19,Michael Letzig,-.333
19,D.A. Points,-.333
19,D.J. Trahan,-.333
23,Michael Allen,E
23,Arjun Atwal,E
23,Briny Baird,E
23,Matt Bettencourt,E
23,Matthew Borchert,E
23,Tim Clark,E
23,Tadd Fujikawa,E
23,Bill Haas,E
23,Ryuji Imada,E
23,Cliff Kresge,E
23,Spencer Levin,E
23,Steve Lowery,E
23,Jarrod Lyle,E
23,Steve Marino,E
23,David Mathis,E
23,Troy Matteson,E
23,George McNeill,E
23,John Merrick,E
23,Kevin Na,E
23,Sean O'Hair,E
23,Arron Oberholser,E
23,Kenny Perry,E
23,Tim Petrovic,E
23,Scott Piercy,E
23,Andres Romero,E
23,Scott Sterling,E
23,Kevin Streelman,E
23,Brendon Todd,E
23,Tim Wilkinson,E
23,Casey Wittenberg,E
53,Alex Cejka,+.333
53,Shigeki Maruyama,+.333
53,Rory Sabbatini,+.333
56,Ernie Els,+.500
56,Jeff Klauk,+.500
58,Cameron Beckman,+1.000
58,Wil Collins,+1.000
58,Harrison Frazar,+1.000
58,Troy Kelly,+1.000
58,Jeff Quinney,+1.000
58,Webb Simpson,+1.000
58,Steve Stricker,+1.000
58,Junpei Takayama,+1.000
66,Tommy Gainey,+2.000
