rank,player,Avg RTP
1,Briny Baird,-1.000
1,Nathan Green,-1.000
1,Tag Ridings,-1.000
1,Brendon Todd,-1.000
5,Steve Lowery,-.500
5,Kevin Na,-.500
5,Scott Sterling,-.500
8,Andres Romero,-.333
9,Paul Azinger,E
9,Cameron Beckman,E
9,Matthew Borchert,E
9,K.J. Choi,E
9,Brian Davis,E
9,Luke Donald,E
9,Ernie Els,E
9,Tadd Fujikawa,E
9,Bill Haas,E
9,Richard Johnson,E
9,Jerry Kelly,E
9,Marc Leishman,E
9,Steve Marino,E
9,Shigeki Maruyama,E
9,George McNeill,E
9,Sean O'Hair,E
9,Arron Oberholser,E
9,Geoff Ogilvy,E
9,Jeff Overton,E
9,Tim Petrovic,E
9,Scott Piercy,E
9,Adam Scott,E
9,Webb Simpson,E
9,Boo Weekley,E
9,Tim Wilkinson,E
34,David Mathis,+.250
35,Harrison Frazar,+.333
36,Arjun Atwal,+.500
36,Matt Bettencourt,+.500
36,Troy Kelly,+.500
36,Casey Wittenberg,+.500
40,Tommy Gainey,+1.000
40,Kenny Perry,+1.000
40,D.A. Points,+1.000
40,Ted Purdy,+1.000
40,Jeff Quinney,+1.000
40,Azuma Yano,+1.000
46,Kevin Streelman,+2.000
