rank,player,Avg RTP
1,Cameron Beckman,-2.000
2,Matt Bettencourt,-1.000
2,Bart Bryant,-1.000
2,Tim Clark,-1.000
2,Glen Day,-1.000
2,Bob Estes,-1.000
2,Nathan Green,-1.000
2,Charles Howell III,-1.000
2,David Mathis,-1.000
2,Troy Matteson,-1.000
2,George McNeill,-1.000
2,Arron Oberholser,-1.000
2,Andres Romero,-1.000
2,Adam Scott,-1.000
2,Junpei Takayama,-1.000
2,Boo Weekley,-1.000
2,Tim Wilkinson,-1.000
18,Brian Davis,-.500
18,Sean O'Hair,-.500
18,Greg Owen,-.500
18,Azuma Yano,-.500
22,Joe Durant,E
22,Harrison Frazar,E
22,Tommy Gainey,E
22,Zach Johnson,E
22,Jeff Klauk,E
22,Spencer Levin,E
22,Steve Lowery,E
22,Steve Marino,E
22,Kenny Perry,E
22,Tim Petrovic,E
22,Chez Reavie,E
22,Tag Ridings,E
22,Chris Stroud,E
