rank,player,Avg RTP
1,Arjun Atwal,-1.000
1,Tim Clark,-1.000
1,Jeff Klauk,-1.000
1,John Merrick,-1.000
1,Andres Romero,-1.000
1,Hideto Tanihara,-1.000
1,Brendon Todd,-1.000
8,Bart Bryant,-.667
8,Brian Davis,-.667
8,Arron Oberholser,-.667
11,Matt Bettencourt,-.500
11,Zach Johnson,-.500
11,Michael Letzig,-.500
11,Sean O'Hair,-.500
11,D.A. Points,-.500
11,David Toms,-.500
17,Alex Cejka,-.333
17,K.J. Choi,-.333
17,Tadd Fujikawa,-.333
17,Brian Gay,-.333
17,Cliff Kresge,-.333
17,Spencer Levin,-.333
17,Rory Sabbatini,-.333
24,Chez Reavie,-.250
25,Cameron Beckman,E
25,Wil Collins,E
25,Glen Day,E
25,Joe Durant,E
25,Harrison Frazar,E
25,Nathan Green,E
25,Richard Johnson,E
25,Jerry Kelly,E
25,Troy Kelly,E
25,Marc Leishman,E
25,Jarrod Lyle,E
25,Kevin Na,E
25,Tom Pernice Jr.,E
25,Kenny Perry,E
25,Ted Purdy,E
25,Jeff Quinney,E
25,Tag Ridings,E
25,Webb Simpson,E
25,Scott Sterling,E
25,Kevin Streelman,E
25,Boo Weekley,E
25,Tim Wilkinson,E
47,Steve Lowery,+.333
48,Briny Baird,+.500
48,Luke Donald,+.500
48,Chris Stroud,+.500
48,Casey Wittenberg,+.500
52,Matthew Borchert,+1.000
52,Tim Herron,+1.000
52,Ryuji Imada,+1.000
52,Tim Petrovic,+1.000
52,Adam Scott,+1.000
52,Junpei Takayama,+1.000
58,David Mathis,+2.000
