rank,player,Avg RTP
1,Cameron Beckman,-.800
2,Wil Collins,-.600
3,K.J. Choi,-.462
4,Bart Bryant,-.455
5,Arjun Atwal,-.429
6,Luke Donald,-.400
6,Brian Gay,-.400
6,D.A. Points,-.400
9,Jarrod Lyle,-.375
9,Chez Reavie,-.375
11,Paul Azinger,-.333
11,Tim Clark,-.333
11,Brian Davis,-.333
11,Kevin Na,-.333
11,Tom Pernice Jr.,-.333
16,Matthew Borchert,-.300
16,Alex Cejka,-.300
16,Webb Simpson,-.300
19,Ted Purdy,-.273
20,Marc Leishman,-.250
20,Steve Marino,-.250
20,John Merrick,-.250
20,David Toms,-.250
20,D.J. Trahan,-.250
20,Tim Wilkinson,-.250
20,Azuma Yano,-.250
27,Michael Allen,-.222
27,Sean O'Hair,-.222
29,George McNeill,-.214
30,Briny Baird,-.200
30,Bob Estes,-.200
30,Ryuji Imada,-.200
30,Cliff Kresge,-.200
30,Steve Lowery,-.200
30,Chris Stroud,-.200
36,Matt Bettencourt,-.167
36,Jeff Klauk,-.167
36,Scott Sterling,-.167
36,Steve Stricker,-.167
40,Spencer Levin,-.143
40,Arron Oberholser,-.143
40,Adam Scott,-.143
40,Jimmy Walker,-.143
44,Nathan Green,-.125
44,Scott Piercy,-.125
44,Kevin Streelman,-.125
47,Kenny Perry,-.111
48,Troy Matteson,-.100
49,Charles Howell III,-.091
50,Bill Haas,-.083
51,Tadd Fujikawa,-.077
51,Tim Herron,-.077
53,Glen Day,E
53,Joe Durant,E
53,Ernie Els,E
53,Harrison Frazar,E
53,Tommy Gainey,E
53,Zach Johnson,E
53,Jerry Kelly,E
53,Michael Letzig,E
53,Shigeki Maruyama,E
53,Geoff Ogilvy,E
53,Jeff Overton,E
53,Greg Owen,E
53,Tim Petrovic,E
53,Andres Romero,E
53,Rory Sabbatini,E
53,Boo Weekley,E
69,Hideto Tanihara,+.083
70,Richard Johnson,+.111
70,Junpei Takayama,+.111
72,Casey Wittenberg,+.143
73,Stewart Cink,+.154
74,David Mathis,+.167
74,Tag Ridings,+.167
76,Jeff Quinney,+.200
77,Troy Kelly,+.400
78,Brendon Todd,+.500
