rank,player,Avg RTP
1,Cameron Beckman,-1.000
1,Stewart Cink,-1.000
1,Tim Clark,-1.000
1,Ernie Els,-1.000
1,Harrison Frazar,-1.000
1,Tadd Fujikawa,-1.000
1,Steve Marino,-1.000
1,Troy Matteson,-1.000
1,Adam Scott,-1.000
1,Kevin Streelman,-1.000
1,Hideto Tanihara,-1.000
1,Boo Weekley,-1.000
13,Wil Collins,-.500
13,Ryuji Imada,-.500
13,Zach Johnson,-.500
13,Spencer Levin,-.500
13,Kevin Na,-.500
13,Chez Reavie,-.500
19,K.J. Choi,-.333
20,Michael Allen,E
20,Briny Baird,E
20,Matt Bettencourt,E
20,Matthew Borchert,E
20,Nathan Green,E
20,Tim Herron,E
20,Richard Johnson,E
20,Troy Kelly,E
20,Jeff Klauk,E
20,Marc Leishman,E
20,Jarrod Lyle,E
20,Shigeki Maruyama,E
20,David Mathis,E
20,John Merrick,E
20,Sean O'Hair,E
20,Geoff Ogilvy,E
20,Jeff Overton,E
20,Tom Pernice Jr.,E
20,Rory Sabbatini,E
20,Brendon Todd,E
20,Tim Wilkinson,E
20,Casey Wittenberg,E
20,Azuma Yano,E
43,Jeff Quinney,+.500
44,Arjun Atwal,+1.000
44,Paul Azinger,+1.000
44,Bob Estes,+1.000
44,Cliff Kresge,+1.000
48,Tag Ridings,+2.000
