rank,player,Avg RTP
1,Stewart Cink,-1.000
1,Tim Clark,-1.000
1,Scott Piercy,-1.000
4,Bob Estes,-.667
5,Briny Baird,-.500
5,Nathan Green,-.500
5,Bill Haas,-.500
5,Jeff Klauk,-.500
9,Tim Herron,-.333
9,Marc Leishman,-.333
11,Steve Marino,-.250
12,Arron Oberholser,-.200
12,Brendon Todd,-.200
14,David Mathis,-.167
15,Paul Azinger,E
15,Cameron Beckman,E
15,Bart Bryant,E
15,K.J. Choi,E
15,Glen Day,E
15,Joe Durant,E
15,Tadd Fujikawa,E
15,Brian Gay,E
15,Ryuji Imada,E
15,Zach Johnson,E
15,Jerry Kelly,E
15,Steve Lowery,E
15,Jarrod Lyle,E
15,Troy Matteson,E
15,George McNeill,E
15,John Merrick,E
15,Sean O'Hair,E
15,Geoff Ogilvy,E
15,Jeff Overton,E
15,Tom Pernice Jr.,E
15,Kenny Perry,E
15,Tim Petrovic,E
15,Andres Romero,E
15,Webb Simpson,E
15,Steve Stricker,E
15,Boo Weekley,E
41,Shigeki Maruyama,+.143
42,Junpei Takayama,+.200
42,Tim Wilkinson,+.200
44,Richard Johnson,+.250
44,Kevin Streelman,+.250
46,Matt Bettencourt,+.286
47,Matthew Borchert,+.333
47,Luke Donald,+.333
47,Ernie Els,+.333
47,Troy Kelly,+.333
47,Ted Purdy,+.333
47,Adam Scott,+.333
53,Harrison Frazar,+.400
53,Kevin Na,+.400
53,Casey Wittenberg,+.400
56,Michael Allen,+.500
56,Wil Collins,+.500
56,Cliff Kresge,+.500
56,D.A. Points,+.500
56,Tag Ridings,+.500
56,Scott Sterling,+.500
62,Jeff Quinney,+.600
63,Brian Davis,+.667
63,Jimmy Walker,+.667
65,Arjun Atwal,+.750
66,Michael Letzig,+1.000
66,Spencer Levin,+1.000
66,Greg Owen,+1.000
66,Hideto Tanihara,+1.000
66,Azuma Yano,+1.000
71,Tommy Gainey,+1.200
