rank,player,Avg RTP
1,Sean O'Hair,-1.000
2,Marc Leishman,-.500
2,Kevin Na,-.500
2,Boo Weekley,-.500
5,Jimmy Walker,-.400
6,Richard Johnson,-.250
6,Webb Simpson,-.250
8,Jerry Kelly,-.200
8,Cliff Kresge,-.200
8,Steve Stricker,-.200
11,Scott Sterling,-.143
12,Briny Baird,E
12,Stewart Cink,E
12,Tim Clark,E
12,Wil Collins,E
12,Luke Donald,E
12,Bob Estes,E
12,Tadd Fujikawa,E
12,Tommy Gainey,E
12,Ryuji Imada,E
12,Zach Johnson,E
12,Jeff Klauk,E
12,Steve Lowery,E
12,Jarrod Lyle,E
12,David Mathis,E
12,George McNeill,E
12,Greg Owen,E
12,Kenny Perry,E
12,Scott Piercy,E
12,Jeff Quinney,E
12,Kevin Streelman,E
12,Hideto Tanihara,E
12,David Toms,E
12,Azuma Yano,E
35,Cameron Beckman,+.167
35,Harrison Frazar,+.167
35,Nathan Green,+.167
35,John Merrick,+.167
35,Chez Reavie,+.167
40,Arjun Atwal,+.200
40,Bill Haas,+.200
40,Shigeki Maruyama,+.200
43,Troy Matteson,+.222
44,Paul Azinger,+.250
44,Tim Herron,+.250
44,Troy Kelly,+.250
44,Tom Pernice Jr.,+.250
44,Ted Purdy,+.250
44,Casey Wittenberg,+.250
50,Matt Bettencourt,+.333
50,Matthew Borchert,+.333
50,Bart Bryant,+.333
50,Ernie Els,+.333
50,Spencer Levin,+.333
50,Steve Marino,+.333
50,Tag Ridings,+.333
50,Rory Sabbatini,+.333
50,Chris Stroud,+.333
59,K.J. Choi,+.400
59,Geoff Ogilvy,+.400
61,Brian Gay,+.500
61,Andres Romero,+.500
61,Brendon Todd,+.500
61,Tim Wilkinson,+.500
65,Michael Allen,+.600
65,D.A. Points,+.600
67,Charles Howell III,+.667
67,Tim Petrovic,+.667
69,Arron Oberholser,+.714
70,D.J. Trahan,+.750
71,Jeff Overton,+.800
72,Alex Cejka,+1.000
72,Brian Davis,+1.000
72,Michael Letzig,+1.000
72,Junpei Takayama,+1.000
