rank,player,Avg RTP
1,Matt Bettencourt,-1.000
1,Wil Collins,-1.000
1,Joe Durant,-1.000
1,Webb Simpson,-1.000
1,Hideto Tanihara,-1.000
6,Scott Piercy,-.667
7,Tommy Gainey,-.600
7,Ted Purdy,-.600
9,Arjun Atwal,-.500
9,Alex Cejka,-.500
9,K.J. Choi,-.500
9,Jerry Kelly,-.500
9,Troy Matteson,-.500
9,John Merrick,-.500
9,Geoff Ogilvy,-.500
9,Tag Ridings,-.500
9,Kevin Streelman,-.500
9,Brendon Todd,-.500
9,Jimmy Walker,-.500
9,Tim Wilkinson,-.500
21,Steve Marino,-.400
22,Glen Day,-.333
22,Luke Donald,-.333
22,Steve Lowery,-.333
22,David Mathis,-.333
22,Greg Owen,-.333
22,David Toms,-.333
28,Tim Clark,-.250
28,Brian Gay,-.250
28,Charles Howell III,-.250
28,Zach Johnson,-.250
28,Troy Kelly,-.250
28,Azuma Yano,-.250
34,Nathan Green,-.200
34,Shigeki Maruyama,-.200
34,Adam Scott,-.200
34,Steve Stricker,-.200
38,Jeff Overton,-.111
39,Michael Allen,E
39,Paul Azinger,E
39,Briny Baird,E
39,Stewart Cink,E
39,Ernie Els,E
39,Bob Estes,E
39,Harrison Frazar,E
39,Bill Haas,E
39,Ryuji Imada,E
39,Richard Johnson,E
39,Jeff Klauk,E
39,Cliff Kresge,E
39,Michael Letzig,E
39,George McNeill,E
39,Sean O'Hair,E
39,Arron Oberholser,E
39,Kenny Perry,E
39,Tim Petrovic,E
39,Jeff Quinney,E
39,Andres Romero,E
39,Rory Sabbatini,E
39,Chris Stroud,E
39,D.J. Trahan,E
39,Boo Weekley,E
63,Cameron Beckman,+.200
64,Marc Leishman,+.250
65,Junpei Takayama,+.333
66,Jarrod Lyle,+.667
