rank,player,Avg RTP
1,Ernie Els,-1.000
2,Stuart Appleby,-.875
3,Adam Scott,-.800
4,J.L. Lewis,-.667
4,Davis Love III,-.667
4,Vijay Singh,-.667
4,Mike Weir,-.667
8,Darren Clarke,-.500
8,John Huston,-.500
8,Frank Lickliter II,-.500
8,Kirk Triplett,-.500
8,Bob Tway,-.500
13,Retief Goosen,-.444
14,Shaun Micheel,-.429
15,Scott Hoch,-.400
15,Peter Jacobsen,-.400
15,Shigeki Maruyama,-.400
15,Craig Stadler,-.400
15,Tiger Woods,-.400
20,Steve Flesch,-.375
21,Chad Campbell,-.333
21,Ben Crane,-.333
23,Kenny Perry,-.167
24,Tommy Armour III,-.143
25,Fred Couples,E
25,Jim Furyk,E
25,Justin Leonard,E
28,Ben Curtis,+.125
29,Rory Sabbatini,+.200
30,Jonathan Kaye,+.250
