rank,player,%,Total Birdies,Total Holes
1,Scott Hoch,100.00,1,1
1,Shigeki Maruyama,100.00,2,2
1,Mike Weir,100.00,1,1
4,Vijay Singh,66.67,2,3
5,Ben Crane,50.00,1,2
5,John Huston,50.00,2,4
7,Stuart Appleby,40.00,2,5
7,Tiger Woods,40.00,2,5
9,Shaun Micheel,33.33,1,3
9,Adam Scott,33.33,1,3
11,Steve Flesch,25.00,1,4
11,Jonathan Kaye,25.00,1,4
13,Davis Love III,20.00,1,5
13,Kenny Perry,20.00,1,5
13,Kirk Triplett,20.00,1,5
16,Tommy Armour III,16.67,1,6
16,Jim Furyk,16.67,1,6
18,Fred Couples,.00,0,4
18,Ben Curtis,.00,0,1
18,Ernie Els,.00,0,3
18,Retief Goosen,.00,0,2
18,Peter Jacobsen,.00,0,3
18,Justin Leonard,.00,0,1
18,J.L. Lewis,.00,0,2
18,Frank Lickliter II,.00,0,6
18,Rory Sabbatini,.00,0,5
18,Craig Stadler,.00,0,2
18,Bob Tway,.00,0,1
