rank,player,Avg RTP
1,Ernie Els,-1.000
1,Adam Scott,-1.000
3,Kirk Triplett,-.750
4,Peter Jacobsen,-.500
5,Retief Goosen,-.333
5,Vijay Singh,-.333
7,Jim Furyk,-.250
8,Stuart Appleby,-.200
8,Kenny Perry,-.200
10,Chad Campbell,-.143
11,Darren Clarke,E
11,Ben Crane,E
11,Scott Hoch,E
11,John Huston,E
11,Justin Leonard,E
11,Davis Love III,E
11,Shigeki Maruyama,E
11,Shaun Micheel,E
11,Rory Sabbatini,E
11,Bob Tway,E
21,Jonathan Kaye,+.125
22,Frank Lickliter II,+.200
22,Craig Stadler,+.200
24,Steve Flesch,+.250
24,J.L. Lewis,+.250
24,Tiger Woods,+.250
27,Tommy Armour III,+.333
27,Ben Curtis,+.333
27,Mike Weir,+.333
