rank,player,Avg RTP
1,Darren Clarke,-1.000
1,Justin Leonard,-1.000
3,Steve Flesch,-.333
4,Stuart Appleby,E
4,Tommy Armour III,E
4,Chad Campbell,E
4,Fred Couples,E
4,Ben Crane,E
4,Ernie Els,E
4,Retief Goosen,E
4,Peter Jacobsen,E
4,Shigeki Maruyama,E
4,Adam Scott,E
4,Kirk Triplett,E
15,Frank Lickliter II,+.200
16,Jim Furyk,+.333
17,J.L. Lewis,+.500
17,Rory Sabbatini,+.500
17,Mike Weir,+.500
20,Ben Curtis,+1.000
20,Jonathan Kaye,+1.000
20,Davis Love III,+1.000
20,Shaun Micheel,+1.000
20,Craig Stadler,+1.000
