rank,player,%,Total Birdies,Total Holes
1,Vijay Singh,66.67,4,6
2,Tiger Woods,50.00,5,10
3,John Huston,45.45,5,11
4,Darren Clarke,44.44,4,9
5,Ben Crane,42.86,6,14
6,Scott Hoch,41.67,5,12
6,Adam Scott,41.67,5,12
6,Craig Stadler,41.67,5,12
9,Stuart Appleby,40.00,4,10
9,Jonathan Kaye,40.00,4,10
11,Ben Curtis,36.36,4,11
11,Justin Leonard,36.36,4,11
13,Ernie Els,33.33,3,9
13,Shigeki Maruyama,33.33,3,9
13,Shaun Micheel,33.33,3,9
13,Kirk Triplett,33.33,2,6
17,Kenny Perry,31.25,5,16
18,Steve Flesch,28.57,4,14
19,Bob Tway,27.27,3,11
20,Davis Love III,22.22,2,9
21,Peter Jacobsen,16.67,2,12
21,Rory Sabbatini,16.67,2,12
21,Mike Weir,16.67,2,12
24,Fred Couples,15.38,2,13
25,Chad Campbell,11.11,1,9
26,Jim Furyk,10.00,1,10
27,Tommy Armour III,7.69,1,13
28,Frank Lickliter II,6.25,1,16
29,Retief Goosen,.00,0,7
29,J.L. Lewis,.00,0,11
