rank,player,Avg RTP
1,Scott Hoch,-.412
2,Kirk Triplett,-.391
3,Vijay Singh,-.333
4,Adam Scott,-.316
5,Craig Stadler,-.308
6,Darren Clarke,-.267
7,Tommy Armour III,-.231
8,Stuart Appleby,-.222
8,Frank Lickliter II,-.222
10,Tiger Woods,-.214
11,Jim Furyk,-.211
11,Shaun Micheel,-.211
13,Steve Flesch,-.200
14,Jonathan Kaye,-.188
14,Davis Love III,-.188
16,Mike Weir,-.167
17,Justin Leonard,-.143
18,Ben Crane,-.125
19,Peter Jacobsen,-.105
19,Shigeki Maruyama,-.105
21,Ernie Els,-.077
21,Rory Sabbatini,-.077
23,Retief Goosen,-.071
24,Ben Curtis,E
25,Fred Couples,+.059
26,Chad Campbell,+.067
27,Kenny Perry,+.125
28,Bob Tway,+.143
29,John Huston,+.214
30,J.L. Lewis,+.333
