rank,player,%,Total Birdies,Total Holes
1,Stuart Appleby,45.65,21,46
2,Kirk Triplett,41.67,20,48
3,Ernie Els,41.03,16,39
4,Vijay Singh,39.53,17,43
5,Adam Scott,38.10,16,42
6,Darren Clarke,37.78,17,45
7,Tiger Woods,33.33,12,36
8,Shaun Micheel,31.11,14,45
9,Scott Hoch,30.95,13,42
9,Mike Weir,30.95,13,42
11,Retief Goosen,29.17,14,48
12,J.L. Lewis,28.57,12,42
12,Davis Love III,28.57,12,42
14,Frank Lickliter II,27.50,11,40
15,Peter Jacobsen,27.27,12,44
16,Jim Furyk,26.09,12,46
17,Ben Crane,23.81,10,42
17,Steve Flesch,23.81,10,42
19,Fred Couples,23.68,9,38
20,Shigeki Maruyama,22.22,10,45
21,Tommy Armour III,21.95,9,41
22,John Huston,21.43,9,42
23,Jonathan Kaye,19.57,9,46
24,Rory Sabbatini,19.51,8,41
24,Craig Stadler,19.51,8,41
26,Justin Leonard,18.18,8,44
27,Ben Curtis,15.00,6,40
28,Kenny Perry,14.63,6,41
29,Chad Campbell,10.64,5,47
30,Bob Tway,8.89,4,45
