rank,player,Avg RTP
1,Stuart Appleby,-1.000
1,Jonathan Kaye,-1.000
3,Ben Curtis,-.333
4,Tommy Armour III,E
4,Darren Clarke,E
4,Ben Crane,E
4,Ernie Els,E
4,Scott Hoch,E
4,Justin Leonard,E
4,J.L. Lewis,E
4,Davis Love III,E
4,Adam Scott,E
4,Bob Tway,E
14,Chad Campbell,+.200
15,Steve Flesch,+.250
15,Mike Weir,+.250
17,Peter Jacobsen,+.333
17,Frank Lickliter II,+.333
17,Craig Stadler,+.333
20,Fred Couples,+.500
20,Retief Goosen,+.500
20,Rory Sabbatini,+.500
23,Shigeki Maruyama,+.667
24,John Huston,+1.000
24,Shaun Micheel,+1.000
24,Kirk Triplett,+1.000
24,Tiger Woods,+1.000
