rank,player,Avg RTP
1,Scott Hoch,-1.000
1,Shigeki Maruyama,-1.000
1,Mike Weir,-1.000
4,Vijay Singh,-.667
5,Ben Crane,-.500
6,Stuart Appleby,-.400
7,Steve Flesch,-.250
7,Jonathan Kaye,-.250
9,Tiger Woods,-.200
10,Tommy Armour III,E
10,Ben Curtis,E
10,Ernie Els,E
10,Jim Furyk,E
10,Retief Goosen,E
10,Peter Jacobsen,E
10,Justin Leonard,E
10,J.L. Lewis,E
10,Shaun Micheel,E
10,Adam Scott,E
10,Bob Tway,E
21,Davis Love III,+.200
21,Kenny Perry,+.200
21,Rory Sabbatini,+.200
21,Kirk Triplett,+.200
25,John Huston,+.250
26,Frank Lickliter II,+.333
27,Fred Couples,+.500
27,Craig Stadler,+.500
