rank,player,Avg RTP
1,Vijay Singh,-1.000
2,Tiger Woods,-.750
3,Ben Crane,-.429
4,Justin Leonard,-.400
5,Kenny Perry,-.375
6,Shigeki Maruyama,-.333
6,Craig Stadler,-.333
8,Stuart Appleby,-.250
8,Steve Flesch,-.250
10,Ernie Els,-.200
11,Retief Goosen,E
11,Scott Hoch,E
11,John Huston,E
11,Shaun Micheel,E
11,Adam Scott,E
11,Kirk Triplett,E
11,Bob Tway,E
11,Mike Weir,E
19,J.L. Lewis,+.167
20,Tommy Armour III,+.200
20,Ben Curtis,+.200
20,Jim Furyk,+.200
23,Darren Clarke,+.333
23,Peter Jacobsen,+.333
23,Rory Sabbatini,+.333
26,Frank Lickliter II,+.375
27,Chad Campbell,+.500
28,Fred Couples,+.667
28,Davis Love III,+.667
30,Jonathan Kaye,+1.000
