rank,player,Avg RTP
1,Ben Crane,-1.000
1,Ben Curtis,-1.000
1,Ernie Els,-1.000
1,Jim Furyk,-1.000
1,Scott Hoch,-1.000
1,Shigeki Maruyama,-1.000
1,Shaun Micheel,-1.000
1,Adam Scott,-1.000
1,Craig Stadler,-1.000
1,Bob Tway,-1.000
11,John Huston,-.750
12,Darren Clarke,-.667
12,Justin Leonard,-.667
12,Vijay Singh,-.667
12,Tiger Woods,-.667
16,Tommy Armour III,-.500
16,Kenny Perry,-.500
16,Kirk Triplett,-.500
16,Mike Weir,-.500
20,Stuart Appleby,-.400
21,Fred Couples,E
21,Jonathan Kaye,E
21,Davis Love III,E
24,Rory Sabbatini,+.500
