rank,player,Avg RTP
1,Shaun Micheel,-.667
1,Tiger Woods,-.667
3,Stuart Appleby,-.600
4,Davis Love III,-.500
4,Rory Sabbatini,-.500
4,Adam Scott,-.500
4,Vijay Singh,-.500
8,Ernie Els,-.444
9,Retief Goosen,-.400
10,J.L. Lewis,-.375
11,Kenny Perry,-.333
12,Ben Crane,-.250
13,Fred Couples,-.200
13,Frank Lickliter II,-.200
15,Jonathan Kaye,-.167
15,Bob Tway,-.167
17,Ben Curtis,E
17,Steve Flesch,E
17,Jim Furyk,E
17,Scott Hoch,E
17,John Huston,E
17,Peter Jacobsen,E
17,Shigeki Maruyama,E
17,Mike Weir,E
25,Darren Clarke,+.200
26,Tommy Armour III,+.250
26,Craig Stadler,+.250
26,Kirk Triplett,+.250
29,Justin Leonard,+.400
