rank,player,%,Total Birdies,Total Holes
1,Adam Scott,71.43,10,14
2,Ernie Els,70.59,12,17
3,Stuart Appleby,68.42,13,19
4,Vijay Singh,66.67,12,18
5,Tiger Woods,61.54,8,13
6,Darren Clarke,55.00,11,20
7,Kirk Triplett,53.33,8,15
8,J.L. Lewis,52.63,10,19
9,Fred Couples,50.00,8,16
9,Ben Crane,50.00,6,12
9,Davis Love III,50.00,8,16
9,Shaun Micheel,50.00,8,16
13,John Huston,47.06,8,17
14,Shigeki Maruyama,46.67,7,15
15,Retief Goosen,42.86,9,21
15,Mike Weir,42.86,6,14
17,Scott Hoch,41.18,7,17
18,Frank Lickliter II,40.00,6,15
19,Steve Flesch,36.84,7,19
20,Tommy Armour III,33.33,5,15
20,Peter Jacobsen,33.33,5,15
22,Jim Furyk,29.41,5,17
23,Craig Stadler,28.57,4,14
24,Jonathan Kaye,27.78,5,18
24,Kenny Perry,27.78,5,18
24,Bob Tway,27.78,5,18
27,Ben Curtis,26.32,5,19
28,Justin Leonard,23.53,4,17
28,Rory Sabbatini,23.53,4,17
30,Chad Campbell,18.75,3,16
