rank,player,%,Total Birdies,Total Holes
1,Ernie Els,100.00,1,1
1,Adam Scott,100.00,3,3
3,Kirk Triplett,75.00,3,4
4,Peter Jacobsen,50.00,1,2
5,John Huston,44.44,4,9
6,Stuart Appleby,40.00,2,5
7,Scott Hoch,28.57,2,7
8,Retief Goosen,25.00,2,8
8,Vijay Singh,25.00,1,4
10,Darren Clarke,20.00,1,5
10,Jim Furyk,20.00,1,5
12,Kenny Perry,16.67,1,6
12,Rory Sabbatini,16.67,1,6
14,Bob Tway,14.29,1,7
15,Chad Campbell,12.50,1,8
16,Jonathan Kaye,9.09,1,11
17,Tommy Armour III,.00,0,7
17,Fred Couples,.00,0,3
17,Ben Crane,.00,0,5
17,Ben Curtis,.00,0,4
17,Steve Flesch,.00,0,9
17,Justin Leonard,.00,0,2
17,J.L. Lewis,.00,0,5
17,Frank Lickliter II,.00,0,6
17,Davis Love III,.00,0,5
17,Shigeki Maruyama,.00,0,4
17,Shaun Micheel,.00,0,6
17,Craig Stadler,.00,0,6
17,Mike Weir,.00,0,5
17,Tiger Woods,.00,0,4
