rank,player,Avg RTP
1,Peter Jacobsen,-.500
1,Jonathan Kaye,-.500
3,Ben Crane,-.333
3,Tiger Woods,-.333
5,Darren Clarke,-.250
6,Jim Furyk,-.200
6,Vijay Singh,-.200
8,Fred Couples,-.167
9,Stuart Appleby,E
9,Tommy Armour III,E
9,Steve Flesch,E
9,Scott Hoch,E
9,John Huston,E
9,Justin Leonard,E
9,Frank Lickliter II,E
9,Davis Love III,E
9,Shigeki Maruyama,E
9,Shaun Micheel,E
9,Kenny Perry,E
20,Chad Campbell,+.167
21,Rory Sabbatini,+.250
21,Kirk Triplett,+.250
23,Craig Stadler,+.286
24,Ben Curtis,+.333
24,Retief Goosen,+.333
24,Adam Scott,+.333
24,Mike Weir,+.333
28,J.L. Lewis,+.400
29,Ernie Els,+.429
30,Bob Tway,+.800
