rank,player,Avg RTP
1,Darren Clarke,-.800
2,Scott Hoch,-.500
2,Jonathan Kaye,-.500
4,Stuart Appleby,-.400
5,Rory Sabbatini,-.250
6,Jim Furyk,-.200
7,Vijay Singh,-.167
8,Tommy Armour III,E
8,Ben Curtis,E
8,Ernie Els,E
8,Steve Flesch,E
8,John Huston,E
8,Peter Jacobsen,E
8,J.L. Lewis,E
8,Frank Lickliter II,E
8,Davis Love III,E
17,Ben Crane,+.143
18,Justin Leonard,+.200
18,Kenny Perry,+.200
18,Tiger Woods,+.200
21,Chad Campbell,+.250
21,Retief Goosen,+.250
21,Shaun Micheel,+.250
21,Adam Scott,+.250
21,Kirk Triplett,+.250
26,Shigeki Maruyama,+.286
27,Fred Couples,+.333
27,Craig Stadler,+.333
27,Mike Weir,+.333
30,Bob Tway,+.400
