rank,player,Avg RTP
1,Craig Stadler,-.400
2,Jim Furyk,-.375
2,Adam Scott,-.375
4,Rory Sabbatini,-.333
4,Vijay Singh,-.333
6,Darren Clarke,-.286
6,Ernie Els,-.286
8,Ben Crane,-.250
8,Jonathan Kaye,-.250
10,Scott Hoch,-.167
11,Frank Lickliter II,-.143
12,Mike Weir,-.125
13,Justin Leonard,-.111
13,Kirk Triplett,-.111
15,Stuart Appleby,E
15,Fred Couples,E
15,Ben Curtis,E
15,Steve Flesch,E
15,Retief Goosen,E
15,Peter Jacobsen,E
15,J.L. Lewis,E
15,Davis Love III,E
15,Shigeki Maruyama,E
15,Tiger Woods,E
25,Chad Campbell,+.143
25,John Huston,+.143
27,Kenny Perry,+.167
28,Shaun Micheel,+.200
29,Bob Tway,+.222
30,Tommy Armour III,+.500
