rank,player,Avg RTP
1,Fred Couples,-1.500
1,Tiger Woods,-1.500
3,Stuart Appleby,-1.000
3,Tommy Armour III,-1.000
3,Ben Crane,-1.000
3,J.L. Lewis,-1.000
3,Adam Scott,-1.000
3,Kirk Triplett,-1.000
9,Vijay Singh,-.750
10,Darren Clarke,-.667
10,Justin Leonard,-.667
10,Frank Lickliter II,-.667
10,Shigeki Maruyama,-.667
14,Peter Jacobsen,-.600
15,Ernie Els,-.500
15,Jim Furyk,-.500
15,Retief Goosen,-.500
18,Shaun Micheel,-.333
18,Kenny Perry,-.333
20,Steve Flesch,-.250
20,Jonathan Kaye,-.250
20,Craig Stadler,-.250
23,Chad Campbell,E
23,Ben Curtis,E
23,Scott Hoch,E
23,Davis Love III,E
23,Rory Sabbatini,E
23,Bob Tway,E
29,Mike Weir,+.333
30,John Huston,+1.000
