rank,player,Avg RTP
1,Ben Crane,-1.500
2,Ben Curtis,-1.000
2,Ernie Els,-1.000
2,Adam Scott,-1.000
2,Craig Stadler,-1.000
6,Scott Hoch,-.800
6,John Huston,-.800
8,Vijay Singh,-.750
8,Bob Tway,-.750
10,Darren Clarke,-.667
10,Jonathan Kaye,-.667
10,Justin Leonard,-.667
10,Shigeki Maruyama,-.667
10,Kirk Triplett,-.667
10,Tiger Woods,-.667
16,Tommy Armour III,-.500
16,Steve Flesch,-.500
16,Frank Lickliter II,-.500
16,Davis Love III,-.500
20,Stuart Appleby,-.400
21,Shaun Micheel,-.333
21,Mike Weir,-.333
23,Jim Furyk,-.250
24,Kenny Perry,-.167
25,Chad Campbell,E
25,Rory Sabbatini,E
27,Fred Couples,+.200
