rank,player,Avg RTP
1,Stuart Appleby,-.400
2,Kenny Perry,-.375
3,Ben Crane,-.300
4,Justin Leonard,-.286
5,Tiger Woods,-.250
6,Ernie Els,-.143
7,Craig Stadler,-.111
8,Ben Curtis,E
8,Steve Flesch,E
8,Scott Hoch,E
8,Jonathan Kaye,E
8,Adam Scott,E
8,Bob Tway,E
14,Tommy Armour III,+.111
15,J.L. Lewis,+.125
16,Mike Weir,+.143
17,Shigeki Maruyama,+.167
18,Jim Furyk,+.200
18,Frank Lickliter II,+.200
20,Darren Clarke,+.250
20,Retief Goosen,+.250
22,Chad Campbell,+.286
23,John Huston,+.333
23,Peter Jacobsen,+.333
25,Rory Sabbatini,+.400
26,Davis Love III,+.500
26,Shaun Micheel,+.500
26,Kirk Triplett,+.500
29,Fred Couples,+.600
