rank,player,Avg RTP
1,Frank Lickliter II,-.667
2,Kirk Triplett,-.545
3,Retief Goosen,-.500
3,Craig Stadler,-.500
5,Steve Flesch,-.400
5,Tiger Woods,-.400
7,Scott Hoch,-.375
8,Stuart Appleby,-.333
8,Tommy Armour III,-.333
10,Shaun Micheel,-.300
10,Vijay Singh,-.300
12,Davis Love III,-.286
13,Ben Crane,-.200
13,Jonathan Kaye,-.200
15,Justin Leonard,-.143
15,Mike Weir,-.143
17,Jim Furyk,-.125
17,Shigeki Maruyama,-.125
17,Adam Scott,-.125
20,Darren Clarke,E
20,John Huston,E
20,Peter Jacobsen,E
20,Rory Sabbatini,E
20,Bob Tway,E
25,Fred Couples,+.083
26,Chad Campbell,+.143
27,Ernie Els,+.200
28,Ben Curtis,+.286
29,Kenny Perry,+.500
30,J.L. Lewis,+1.000
