rank,player,%,Total Birdies,Total Holes
1,Kirk Triplett,100.00,1,1
2,Vijay Singh,66.67,2,3
3,Tiger Woods,60.00,3,5
4,Ernie Els,50.00,3,6
4,Jonathan Kaye,50.00,3,6
4,Craig Stadler,50.00,5,10
7,Darren Clarke,44.44,4,9
7,Adam Scott,44.44,4,9
9,John Huston,42.86,3,7
10,Ben Crane,41.67,5,12
11,Stuart Appleby,40.00,2,5
11,Ben Curtis,40.00,4,10
11,Justin Leonard,40.00,4,10
14,Scott Hoch,36.36,4,11
14,Kenny Perry,36.36,4,11
16,Shaun Micheel,33.33,2,6
17,Steve Flesch,30.00,3,10
17,Bob Tway,30.00,3,10
19,Rory Sabbatini,28.57,2,7
20,Davis Love III,25.00,1,4
21,Fred Couples,22.22,2,9
21,Peter Jacobsen,22.22,2,9
23,Shigeki Maruyama,14.29,1,7
24,Chad Campbell,11.11,1,9
25,Frank Lickliter II,10.00,1,10
26,Mike Weir,9.09,1,11
27,Tommy Armour III,.00,0,7
27,Jim Furyk,.00,0,4
27,Retief Goosen,.00,0,5
27,J.L. Lewis,.00,0,9
