rank,player,Avg RTP
1,Chad Campbell,-1.000
1,Scott Hoch,-1.000
1,Davis Love III,-1.000
4,Ben Curtis,-.667
4,Adam Scott,-.667
4,Kirk Triplett,-.667
7,Darren Clarke,-.500
7,Shaun Micheel,-.500
7,Kenny Perry,-.500
7,Vijay Singh,-.500
11,Tommy Armour III,-.400
11,Peter Jacobsen,-.400
13,Shigeki Maruyama,-.333
13,Mike Weir,-.333
15,Tiger Woods,-.250
16,Justin Leonard,-.200
17,Craig Stadler,-.167
18,Stuart Appleby,E
18,Ernie Els,E
18,Steve Flesch,E
18,Jim Furyk,E
18,Jonathan Kaye,E
18,J.L. Lewis,E
18,Rory Sabbatini,E
18,Bob Tway,E
26,Frank Lickliter II,+.200
27,Ben Crane,+.333
28,Retief Goosen,+.500
29,John Huston,+1.000
