rank,player,Avg RTP
1,Vijay Singh,-.600
2,Adam Scott,-.571
3,Stuart Appleby,-.500
3,Darren Clarke,-.500
3,Scott Hoch,-.500
6,Bob Tway,-.429
7,Ben Curtis,-.333
8,Ben Crane,-.286
9,Ernie Els,-.250
10,Jonathan Kaye,-.222
11,Jim Furyk,-.200
12,Justin Leonard,-.167
12,Davis Love III,-.167
14,Tommy Armour III,-.125
15,John Huston,-.111
16,Steve Flesch,E
16,Peter Jacobsen,E
16,J.L. Lewis,E
16,Shigeki Maruyama,E
16,Kenny Perry,E
16,Rory Sabbatini,E
16,Kirk Triplett,E
16,Mike Weir,E
16,Tiger Woods,E
25,Frank Lickliter II,+.125
26,Chad Campbell,+.143
26,Shaun Micheel,+.143
28,Craig Stadler,+.167
29,Retief Goosen,+.200
30,Fred Couples,+.300
