rank,player,Avg RTP
1,Stuart Appleby,-.786
2,Adam Scott,-.700
2,Tiger Woods,-.700
4,Vijay Singh,-.643
5,Fred Couples,-.636
6,J.L. Lewis,-.632
7,Ernie Els,-.625
8,Davis Love III,-.500
9,Retief Goosen,-.476
10,Shaun Micheel,-.462
11,Kirk Triplett,-.417
12,Darren Clarke,-.353
13,Peter Jacobsen,-.333
13,Frank Lickliter II,-.333
13,Shigeki Maruyama,-.333
16,Ben Crane,-.300
17,Mike Weir,-.273
18,Chad Campbell,-.267
19,Scott Hoch,-.250
19,Kenny Perry,-.250
21,Steve Flesch,-.235
22,Craig Stadler,-.154
23,Bob Tway,-.143
24,Jonathan Kaye,-.133
25,John Huston,-.083
26,Tommy Armour III,-.077
26,Jim Furyk,-.077
26,Rory Sabbatini,-.077
29,Ben Curtis,+.059
30,Justin Leonard,+.071
