rank,player,%,Total Birdies,Total Holes
1,Stuart Appleby,60.00,3,5
1,Darren Clarke,60.00,3,5
3,Scott Hoch,50.00,1,2
4,Peter Jacobsen,33.33,2,6
4,Jonathan Kaye,33.33,1,3
6,Jim Furyk,20.00,1,5
6,Retief Goosen,20.00,1,5
6,Rory Sabbatini,20.00,1,5
6,Tiger Woods,20.00,1,5
10,Vijay Singh,16.67,1,6
11,Tommy Armour III,.00,0,3
11,Chad Campbell,.00,0,4
11,Fred Couples,.00,0,4
11,Ben Crane,.00,0,7
11,Ben Curtis,.00,0,2
11,Ernie Els,.00,0,2
11,Steve Flesch,.00,0,3
11,John Huston,.00,0,7
11,Justin Leonard,.00,0,6
11,J.L. Lewis,.00,0,4
11,Frank Lickliter II,.00,0,1
11,Davis Love III,.00,0,2
11,Shigeki Maruyama,.00,0,7
11,Shaun Micheel,.00,0,4
11,Kenny Perry,.00,0,6
11,Adam Scott,.00,0,5
11,Craig Stadler,.00,0,3
11,Kirk Triplett,.00,0,5
11,Bob Tway,.00,0,5
11,Mike Weir,.00,0,3
