rank,player,Avg RTP
1,Shaun Micheel,-1.000
1,Mike Weir,-1.000
3,Ben Crane,-.750
4,Tiger Woods,-.667
5,Craig Stadler,-.600
6,Stuart Appleby,-.500
6,Ernie Els,-.500
6,Shigeki Maruyama,-.500
9,Kenny Perry,-.375
10,Ben Curtis,-.333
11,Steve Flesch,E
11,Jim Furyk,E
11,Retief Goosen,E
11,Scott Hoch,E
11,John Huston,E
11,Justin Leonard,E
11,J.L. Lewis,E
11,Frank Lickliter II,E
11,Rory Sabbatini,E
11,Adam Scott,E
11,Bob Tway,E
22,Tommy Armour III,+.333
23,Davis Love III,+.500
24,Peter Jacobsen,+.667
25,Chad Campbell,+1.000
25,Darren Clarke,+1.000
25,Fred Couples,+1.000
