rank,player,Avg RTP
1,Vijay Singh,-.395
2,Stuart Appleby,-.370
3,Darren Clarke,-.333
4,Kirk Triplett,-.313
5,Adam Scott,-.310
6,Scott Hoch,-.262
7,Tiger Woods,-.250
8,Davis Love III,-.238
9,Ernie Els,-.231
10,Retief Goosen,-.229
11,Peter Jacobsen,-.227
12,Shaun Micheel,-.200
13,Frank Lickliter II,-.175
14,Jim Furyk,-.174
15,Fred Couples,-.158
16,Ben Crane,-.143
17,Jonathan Kaye,-.130
18,Steve Flesch,-.119
18,J.L. Lewis,-.119
20,Shigeki Maruyama,-.089
21,Mike Weir,-.071
22,Tommy Armour III,-.049
22,Rory Sabbatini,-.049
22,Craig Stadler,-.049
25,Justin Leonard,-.045
26,Chad Campbell,-.043
27,Kenny Perry,-.024
28,John Huston,+.048
29,Ben Curtis,+.075
30,Bob Tway,+.111
