rank,player,%,Attempts
1,Tag Ridings,100.00,8
2,Matt Bettencourt,87.50,7
2,Brian Davis,87.50,7
2,Ernie Els,87.50,7
2,Harrison Frazar,87.50,7
2,Bill Haas,87.50,7
2,Steve Marino,87.50,7
2,Troy Matteson,87.50,7
2,George McNeill,87.50,7
2,Sean O'Hair,87.50,7
2,Greg Owen,87.50,7
2,Andres Romero,87.50,7
2,Steve Stricker,87.50,7
2,Chris Stroud,87.50,7
2,Jimmy Walker,87.50,7
2,Azuma Yano,87.50,7
17,Michael Allen,75.00,6
17,Matthew Borchert,75.00,6
17,Alex Cejka,75.00,6
17,K.J. Choi,75.00,6
17,Tim Clark,75.00,6
17,Wil Collins,75.00,6
17,Tadd Fujikawa,75.00,6
17,Tommy Gainey,75.00,6
17,Charles Howell III,75.00,6
17,Zach Johnson,75.00,6
17,Jerry Kelly,75.00,6
17,Troy Kelly,75.00,6
17,Jeff Klauk,75.00,6
17,Michael Letzig,75.00,6
17,John Merrick,75.00,6
17,Kevin Na,75.00,6
17,Kenny Perry,75.00,6
17,Tim Petrovic,75.00,6
17,Scott Piercy,75.00,6
17,D.A. Points,75.00,6
17,Ted Purdy,75.00,6
17,Adam Scott,75.00,6
17,Webb Simpson,75.00,6
17,Scott Sterling,75.00,6
17,Hideto Tanihara,75.00,6
17,D.J. Trahan,75.00,6
17,Boo Weekley,75.00,6
44,Arjun Atwal,62.50,5
44,Briny Baird,62.50,5
44,Cameron Beckman,62.50,5
44,Stewart Cink,62.50,5
44,Glen Day,62.50,5
44,Joe Durant,62.50,5
44,Bob Estes,62.50,5
44,Brian Gay,62.50,5
44,Tim Herron,62.50,5
44,Ryuji Imada,62.50,5
44,Richard Johnson,62.50,5
44,Cliff Kresge,62.50,5
44,Marc Leishman,62.50,5
44,Spencer Levin,62.50,5
44,Arron Oberholser,62.50,5
44,Geoff Ogilvy,62.50,5
44,Jeff Overton,62.50,5
44,Rory Sabbatini,62.50,5
44,Kevin Streelman,62.50,5
44,Junpei Takayama,62.50,5
44,David Toms,62.50,5
44,Casey Wittenberg,62.50,5
66,Bart Bryant,50.00,4
66,Luke Donald,50.00,4
66,Nathan Green,50.00,4
66,Steve Lowery,50.00,4
66,Jarrod Lyle,50.00,4
66,Shigeki Maruyama,50.00,4
66,Tom Pernice Jr.,50.00,4
66,Jeff Quinney,50.00,4
66,Chez Reavie,50.00,4
66,Brendon Todd,50.00,4
66,Tim Wilkinson,50.00,4
77,David Mathis,37.50,3
78,Paul Azinger,25.00,2
