rank,player,Avg,Total Dist after GFG Shot,Total GFG Shots
1,Jimmy Walker,9.8,"2,834.000",8
2,Bob Estes,12.6,"2,259.000",5
3,Ted Purdy,13.0,"2,800.000",6
4,Tim Wilkinson,14.1,"2,026.000",4
5,Troy Kelly,14.4,"4,160.000",8
6,Briny Baird,15.1,"2,718.000",5
7,Sean O'Hair,15.2,"4,915.000",9
8,Nathan Green,15.5,"2,230.000",4
9,Boo Weekley,15.7,"3,966.000",7
10,Bill Haas,15.8,"4,540.000",8
10,Casey Wittenberg,15.8,"3,982.000",7
12,D.J. Trahan,15.9,"4,583.000",8
13,Cameron Beckman,16.2,"4,087.000",7
13,Kevin Na,16.2,"4,079.000",7
15,Tadd Fujikawa,16.4,"4,123.000",7
16,Charles Howell III,16.6,"4,793.000",8
17,David Mathis,16.7,"2,398.000",4
18,Tommy Gainey,16.8,"4,824.000",8
19,Andres Romero,17.0,"5,524.000",9
20,Webb Simpson,17.1,"4,922.000",8
21,Michael Allen,17.4,"3,767.000",6
22,Bart Bryant,17.5,"3,157.000",5
23,Tim Clark,17.6,"5,077.000",8
23,Zach Johnson,17.6,"3,798.000",6
25,D.A. Points,17.7,"3,830.000",6
26,Stewart Cink,17.8,"4,498.000",7
27,Jarrod Lyle,18.0,"3,898.000",6
27,Kevin Streelman,18.0,"4,547.000",7
29,Brendon Todd,18.3,"3,286.000",5
29,Azuma Yano,18.3,"4,622.000",7
31,Matt Bettencourt,18.4,"5,963.000",9
32,Ernie Els,18.6,"6,042.000",9
33,Scott Piercy,18.9,"4,765.000",7
34,Marc Leishman,19.0,"4,797.000",7
35,Glen Day,19.1,"4,116.000",6
36,Shigeki Maruyama,19.3,"3,476.000",5
37,Troy Matteson,19.4,"6,293.000",9
37,Chris Stroud,19.4,"6,273.000",9
39,Junpei Takayama,19.6,"4,223.000",6
40,Kenny Perry,19.7,"5,671.000",8
41,Adam Scott,20.1,"5,789.000",8
42,Steve Stricker,20.3,"6,566.000",9
42,David Toms,20.3,"5,126.000",7
44,Steve Marino,20.4,"6,615.000",9
45,K.J. Choi,20.5,"5,903.000",8
46,Geoff Ogilvy,20.6,"4,446.000",6
47,Greg Owen,20.8,"6,738.000",9
48,Michael Letzig,21.0,"5,287.000",7
49,Luke Donald,21.3,"3,841.000",5
49,Tag Ridings,21.3,"8,426.000",11
51,Cliff Kresge,21.5,"5,422.000",7
51,Hideto Tanihara,21.5,"6,178.000",8
53,George McNeill,21.6,"7,793.000",10
53,John Merrick,21.6,"5,452.000",7
55,Jeff Overton,21.7,"5,479.000",7
56,Spencer Levin,21.8,"4,706.000",6
56,Arron Oberholser,21.8,"4,702.000",6
58,Harrison Frazar,22.0,"6,341.000",8
59,Steve Lowery,22.1,"3,979.000",5
60,Tim Petrovic,22.4,"6,462.000",8
61,Brian Gay,22.5,"4,046.000",5
62,Rory Sabbatini,22.6,"5,684.000",7
63,Tim Herron,22.7,"5,716.000",7
64,Brian Davis,22.9,"7,404.000",9
65,Alex Cejka,23.0,"6,635.000",8
65,Joe Durant,23.0,"4,959.000",6
67,Jeff Klauk,23.4,"5,885.000",7
68,Richard Johnson,23.6,"5,943.000",7
69,Scott Sterling,24.5,"6,181.000",7
70,Jerry Kelly,24.6,"6,205.000",7
71,Chez Reavie,25.3,"4,561.000",5
72,Ryuji Imada,25.7,"5,544.000",6
73,Matthew Borchert,25.9,"6,518.000",7
74,Paul Azinger,26.8,"3,855.000",4
75,Tom Pernice Jr.,28.0,"4,034.000",4
76,Jeff Quinney,28.4,"4,083.000",4
77,Arjun Atwal,28.9,"6,253.000",6
78,Wil Collins,32.1,"8,097.000",7
