rank,player,%,# of Birdie or Better,Attempts,RTP-Successes,RTP-Not going for the grn
1,Alex Cejka,100.00,8,8,-8,-1.00
1,Luke Donald,100.00,5,5,-5,-2.00
1,Bob Estes,100.00,5,5,-5,-1.00
1,Nathan Green,100.00,4,4,-4,-3.00
1,Kevin Na,100.00,7,7,-8,E
1,Rory Sabbatini,100.00,7,7,-7,-1.00
1,Adam Scott,100.00,8,8,-8,-2.00
1,Boo Weekley,100.00,7,7,-7,-2.00
9,Andres Romero,88.89,8,9,-9,E
10,K.J. Choi,87.50,7,8,-7,+1.00
10,Tim Clark,87.50,7,8,-7,-1.00
10,Bill Haas,87.50,7,8,-10,E
10,Charles Howell III,87.50,7,8,-8,+1.00
10,Jimmy Walker,87.50,7,8,-8,E
15,Cliff Kresge,85.71,6,7,-6,-1.00
15,Marc Leishman,85.71,6,7,-6,-1.00
15,David Toms,85.71,6,7,-8,-1.00
18,Michael Allen,83.33,5,6,-5,-1.00
18,Glen Day,83.33,5,6,-6,+1.00
18,Ryuji Imada,83.33,5,6,-5,-1.00
18,Junpei Takayama,83.33,5,6,-5,-1.00
22,Briny Baird,80.00,4,5,-5,-1.00
22,Brian Gay,80.00,4,5,-4,-2.00
22,Shigeki Maruyama,80.00,4,5,-4,E
25,Brian Davis,77.78,7,9,-7,E
25,Sean O'Hair,77.78,7,9,-8,-1.00
27,Harrison Frazar,75.00,6,8,-6,+1.00
27,Tommy Gainey,75.00,6,8,-7,E
27,Troy Kelly,75.00,6,8,-7,E
27,David Mathis,75.00,3,4,-3,-3.00
27,Tom Pernice Jr.,75.00,3,4,-3,E
27,Jeff Quinney,75.00,3,4,-3,-1.00
27,D.J. Trahan,75.00,6,8,-6,-2.00
27,Tim Wilkinson,75.00,3,4,-3,-2.00
35,Cameron Beckman,71.43,5,7,-7,E
35,Wil Collins,71.43,5,7,-5,-2.00
35,Tadd Fujikawa,71.43,5,7,-5,-1.00
35,Jeff Klauk,71.43,5,7,-5,E
35,Michael Letzig,71.43,5,7,-5,E
35,Scott Piercy,71.43,5,7,-5,E
35,Casey Wittenberg,71.43,5,7,-6,E
42,Arjun Atwal,66.67,4,6,-4,+1.00
42,Joe Durant,66.67,4,6,-4,-2.00
42,Ernie Els,66.67,6,9,-6,E
42,Zach Johnson,66.67,4,6,-6,-2.00
42,Troy Matteson,66.67,6,9,-7,E
42,Arron Oberholser,66.67,4,6,-5,-3.00
42,Geoff Ogilvy,66.67,4,6,-5,-2.00
42,Greg Owen,66.67,6,9,-7,-1.00
42,Ted Purdy,66.67,4,6,-5,E
51,Tim Petrovic,62.50,5,8,-5,-1.00
51,Webb Simpson,62.50,5,8,-5,-1.00
51,Hideto Tanihara,62.50,5,8,-5,-1.00
54,Bart Bryant,60.00,3,5,-3,-1.00
54,Steve Lowery,60.00,3,5,-4,+1.00
56,Stewart Cink,57.14,4,7,-4,-1.00
56,Richard Johnson,57.14,4,7,-4,E
56,Jerry Kelly,57.14,4,7,-4,-1.00
56,Jeff Overton,57.14,4,7,-5,-1.00
56,Kevin Streelman,57.14,4,7,-4,E
56,Azuma Yano,57.14,4,7,-5,+1.00
62,Matt Bettencourt,55.56,5,9,-5,E
62,Steve Marino,55.56,5,9,-5,E
64,Tag Ridings,54.55,6,11,-6,E
65,Jarrod Lyle,50.00,3,6,-4,E
65,George McNeill,50.00,5,10,-6,E
67,Steve Stricker,44.44,4,9,-4,E
67,Chris Stroud,44.44,4,9,-6,E
69,Matthew Borchert,42.86,3,7,-3,E
69,Tim Herron,42.86,3,7,-3,-3.00
71,Chez Reavie,40.00,2,5,-2,-1.00
71,Brendon Todd,40.00,2,5,-3,-3.00
73,Kenny Perry,37.50,3,8,-3,-1.00
74,Spencer Levin,33.33,2,6,-2,-1.00
74,D.A. Points,33.33,2,6,-2,-1.00
76,John Merrick,28.57,2,7,-2,-1.00
76,Scott Sterling,28.57,2,7,-2,-1.00
78,Paul Azinger,25.00,1,4,-1,+1.00
