rank,player,%,Successes,Attempts,RTP-Successes,RTP-Not going for the grn
1,Bob Estes,80.00,4,5,-4,-1.00
2,Nathan Green,75.00,3,4,-3,-3.00
3,Ted Purdy,66.67,4,6,-4,E
4,Tim Clark,62.50,5,8,-5,-1.00
4,Bill Haas,62.50,5,8,-8,E
4,D.J. Trahan,62.50,5,8,-5,-2.00
4,Jimmy Walker,62.50,5,8,-6,E
8,Briny Baird,60.00,3,5,-4,-1.00
8,Brian Gay,60.00,3,5,-3,-2.00
10,Cameron Beckman,57.14,4,7,-6,E
10,Stewart Cink,57.14,4,7,-4,-1.00
12,Sean O'Hair,55.56,5,9,-6,-1.00
13,Joe Durant,50.00,3,6,-3,-2.00
13,Charles Howell III,50.00,4,8,-5,+1.00
13,Zach Johnson,50.00,3,6,-5,-2.00
13,Geoff Ogilvy,50.00,3,6,-3,-2.00
13,D.A. Points,50.00,3,6,-1,-1.00
13,Webb Simpson,50.00,4,8,-4,-1.00
13,Tim Wilkinson,50.00,2,4,-2,-2.00
20,Ernie Els,44.44,4,9,-4,E
20,Andres Romero,44.44,4,9,-5,E
22,Tadd Fujikawa,42.86,3,7,-3,-1.00
22,Kevin Na,42.86,3,7,-4,E
22,Scott Piercy,42.86,3,7,-3,E
22,Rory Sabbatini,42.86,3,7,-3,-1.00
22,Kevin Streelman,42.86,3,7,-3,E
27,Bart Bryant,40.00,2,5,-2,-1.00
27,Brendon Todd,40.00,2,5,-3,-3.00
29,Alex Cejka,37.50,3,8,-3,-1.00
29,K.J. Choi,37.50,3,8,-3,+1.00
29,Tommy Gainey,37.50,3,8,-4,E
29,Adam Scott,37.50,3,8,-3,-2.00
29,Hideto Tanihara,37.50,3,8,-3,-1.00
34,Tag Ridings,36.36,4,11,-4,E
35,Michael Allen,33.33,2,6,-2,-1.00
35,Brian Davis,33.33,3,9,-3,E
35,Glen Day,33.33,2,6,-3,+1.00
35,Jarrod Lyle,33.33,2,6,-3,E
35,Steve Marino,33.33,3,9,-3,E
35,Troy Matteson,33.33,3,9,-4,E
35,Arron Oberholser,33.33,2,6,-3,-3.00
35,Greg Owen,33.33,3,9,-4,-1.00
35,Steve Stricker,33.33,3,9,-3,E
35,Chris Stroud,33.33,3,9,-5,E
45,George McNeill,30.00,3,10,-4,E
46,Tim Herron,28.57,2,7,-2,-3.00
46,Jerry Kelly,28.57,2,7,-2,-1.00
46,Jeff Klauk,28.57,2,7,-2,E
46,Marc Leishman,28.57,2,7,-2,-1.00
46,Michael Letzig,28.57,2,7,-2,E
46,John Merrick,28.57,2,7,-1,-1.00
46,Jeff Overton,28.57,2,7,-3,-1.00
46,David Toms,28.57,2,7,-3,-1.00
46,Boo Weekley,28.57,2,7,-2,-2.00
46,Azuma Yano,28.57,2,7,-3,+1.00
56,Paul Azinger,25.00,1,4,-1,+1.00
56,Harrison Frazar,25.00,2,8,-2,+1.00
56,Troy Kelly,25.00,2,8,-3,E
56,David Mathis,25.00,1,4,-1,-3.00
56,Tom Pernice Jr.,25.00,1,4,-1,E
56,Kenny Perry,25.00,2,8,-2,-1.00
56,Jeff Quinney,25.00,1,4,-1,-1.00
63,Matt Bettencourt,22.22,2,9,-2,E
64,Luke Donald,20.00,1,5,-1,-2.00
64,Steve Lowery,20.00,1,5,-2,+1.00
64,Chez Reavie,20.00,1,5,-1,-1.00
67,Arjun Atwal,16.67,1,6,-1,+1.00
67,Ryuji Imada,16.67,1,6,-1,-1.00
67,Junpei Takayama,16.67,1,6,-1,-1.00
70,Matthew Borchert,14.29,1,7,-1,E
70,Wil Collins,14.29,1,7,-1,-2.00
70,Richard Johnson,14.29,1,7,-1,E
70,Cliff Kresge,14.29,1,7,-1,-1.00
70,Scott Sterling,14.29,1,7,-1,-1.00
70,Casey Wittenberg,14.29,1,7,-1,E
76,Tim Petrovic,12.50,1,8,-1,-1.00
77,Spencer Levin,.00,0,6,E,-1.00
77,Shigeki Maruyama,.00,0,5,E,E
