rank,player,%,Attempts,RTP-Going for the green,RTP-Not going for the grn
1,Tag Ridings,100.00,10,-6,E
2,Matt Bettencourt,90.00,9,-5,E
2,Brian Davis,90.00,9,-7,E
2,Ernie Els,90.00,9,-6,E
2,Steve Marino,90.00,9,-5,E
2,Troy Matteson,90.00,9,-7,E
2,George McNeill,90.00,9,-6,E
2,Sean O'Hair,90.00,9,-8,-1
2,Greg Owen,90.00,9,-7,-1
2,Andres Romero,90.00,9,-9,E
2,Steve Stricker,90.00,9,-4,E
2,Chris Stroud,90.00,9,-6,E
13,Alex Cejka,80.00,8,-8,-1
13,K.J. Choi,80.00,8,-7,+1
13,Tim Clark,80.00,8,-7,-1
13,Harrison Frazar,80.00,8,-6,+1
13,Tommy Gainey,80.00,8,-7,E
13,Bill Haas,80.00,8,-10,E
13,Charles Howell III,80.00,8,-8,+1
13,Troy Kelly,80.00,8,-7,E
13,Kenny Perry,80.00,8,-3,-1
13,Tim Petrovic,80.00,8,-5,-1
13,Adam Scott,80.00,8,-8,-2
13,Webb Simpson,80.00,8,-5,-1
13,Hideto Tanihara,80.00,8,-5,-1
13,D.J. Trahan,80.00,8,-6,-2
13,Jimmy Walker,80.00,8,-8,E
28,Cameron Beckman,70.00,7,-7,E
28,Matthew Borchert,70.00,7,-3,E
28,Stewart Cink,70.00,7,-4,-1
28,Wil Collins,70.00,7,-5,-2
28,Tadd Fujikawa,70.00,7,-5,-1
28,Tim Herron,70.00,7,-3,-3
28,Richard Johnson,70.00,7,-4,E
28,Jerry Kelly,70.00,7,-4,-1
28,Jeff Klauk,70.00,7,-5,E
28,Cliff Kresge,70.00,7,-6,-1
28,Marc Leishman,70.00,7,-6,-1
28,Michael Letzig,70.00,7,-5,E
28,John Merrick,70.00,7,-2,-1
28,Kevin Na,70.00,7,-8,E
28,Jeff Overton,70.00,7,-5,-1
28,Scott Piercy,70.00,7,-5,E
28,Rory Sabbatini,70.00,7,-7,-1
28,Scott Sterling,70.00,7,-2,-1
28,Kevin Streelman,70.00,7,-4,E
28,David Toms,70.00,7,-8,-1
28,Boo Weekley,70.00,7,-7,-2
28,Casey Wittenberg,70.00,7,-6,E
28,Azuma Yano,70.00,7,-5,+1
51,Michael Allen,60.00,6,-5,-1
51,Arjun Atwal,60.00,6,-4,+1
51,Glen Day,60.00,6,-6,+1
51,Joe Durant,60.00,6,-3,-2
51,Ryuji Imada,60.00,6,-5,-1
51,Zach Johnson,60.00,6,-6,-2
51,Spencer Levin,60.00,6,-2,-1
51,Jarrod Lyle,60.00,6,-4,E
51,Arron Oberholser,60.00,6,-5,-3
51,Geoff Ogilvy,60.00,6,-5,-2
51,D.A. Points,60.00,6,-2,-1
51,Ted Purdy,60.00,6,-5,E
51,Junpei Takayama,60.00,6,-5,-1
64,Briny Baird,50.00,5,-5,-1
64,Bart Bryant,50.00,5,-3,-1
64,Luke Donald,50.00,5,-5,-2
64,Bob Estes,50.00,5,-5,-1
64,Brian Gay,50.00,5,-4,-2
64,Steve Lowery,50.00,5,-4,+1
64,Shigeki Maruyama,50.00,5,-4,E
64,Chez Reavie,50.00,5,-2,-1
64,Brendon Todd,50.00,5,-3,-3
73,Paul Azinger,40.00,4,-1,+1
73,Nathan Green,40.00,4,-4,-3
73,David Mathis,40.00,4,-3,-3
73,Tom Pernice Jr.,40.00,4,-3,E
73,Jeff Quinney,40.00,4,-3,-1
73,Tim Wilkinson,40.00,4,-3,-2
