rank,player,%,Greens Hit,Total Holes,Relative to par
1,Corey Conners,83.33,10,12,+0.10
1,Adam Long,83.33,10,12,E
3,Gary Woodland,80.00,8,10,-0.25
4,Jim Herman,77.78,7,9,E
4,Dustin Johnson,77.78,7,9,-0.14
6,Lanto Griffin,72.73,8,11,-0.13
7,Joaquin Niemann,70.00,7,10,E
7,Xander Schauffele,70.00,7,10,E
9,Patrick Cantlay,66.67,8,12,-0.38
9,Nate Lashley,66.67,8,12,E
11,Matt Kuchar,64.29,9,14,+0.11
12,Tyler Duncan,63.64,7,11,-0.14
12,J.T. Poston,63.64,7,11,-0.14
14,Chez Reavie,61.54,8,13,-0.13
15,Rickie Fowler,60.00,6,10,-0.33
15,Ryan Palmer,60.00,6,10,E
15,Martin Trainer,60.00,6,10,+0.17
18,Graeme McDowell,57.14,8,14,-0.25
19,Sung Kang,55.56,5,9,+0.40
19,Collin Morikawa,55.56,5,9,E
21,Max Homa,54.55,6,11,-0.17
22,Paul Casey,50.00,4,8,+0.50
22,Cameron Champ,50.00,4,8,E
22,Dylan Frittelli,50.00,6,12,+0.33
25,Brendon Todd,46.15,6,13,E
26,Keith Mitchell,45.45,5,11,-0.40
26,Jon Rahm,45.45,5,11,E
28,Sebastián Muñoz,44.44,4,9,E
28,Patrick Reed,44.44,4,9,-0.25
28,Justin Thomas,44.44,4,9,-0.25
28,Matthew Wolff,44.44,4,9,-0.25
32,Kevin Na,40.00,4,10,+0.25
33,J.B. Holmes,30.77,4,13,E
34,Kevin Kisner,27.27,3,11,E
