rank,player,%,Greens Hit,# Holes,Relative/Par
1,Paul Casey,100.0,3,3,+1.00
1,Rickie Fowler,100.0,1,1,E
1,Jim Herman,100.0,1,1,E
1,Max Homa,100.0,1,1,-1.00
1,Dustin Johnson,100.0,2,2,-1.00
6,Tyler Duncan,66.7,2,3,E
6,Kevin Kisner,66.7,2,3,E
6,Keith Mitchell,66.7,2,3,-1.00
6,Jon Rahm,66.7,2,3,E
6,Brendon Todd,66.7,2,3,-1.00
11,Cameron Champ,50.0,1,2,E
11,Dylan Frittelli,50.0,2,4,-1.00
11,Matt Kuchar,50.0,1,2,-1.00
11,Chez Reavie,50.0,1,2,E
11,Patrick Reed,50.0,1,2,-1.00
11,Justin Thomas,50.0,1,2,E
11,Martin Trainer,50.0,1,2,E
11,Gary Woodland,50.0,1,2,E
19,Lanto Griffin,.0,0,2,E
19,J.B. Holmes,.0,0,1,E
19,Sung Kang,.0,0,1,E
19,Nate Lashley,.0,0,1,E
19,Adam Long,.0,0,1,E
19,Graeme McDowell,.0,0,1,E
19,Collin Morikawa,.0,0,1,E
19,Sebastián Muñoz,.0,0,1,E
19,Joaquin Niemann,.0,0,2,E
19,Xander Schauffele,.0,0,1,E
