rank,player,%,Greens Hit,Total Holes,Relative to par
1,Max Homa,88.89,8,9,E
2,Corey Conners,83.33,5,6,+0.60
3,Xander Schauffele,80.00,8,10,-0.13
3,Brendon Todd,80.00,8,10,E
5,Justin Thomas,78.57,11,14,-0.36
6,Joaquin Niemann,75.00,9,12,E
7,Jon Rahm,72.73,8,11,-0.13
8,Dylan Frittelli,71.43,10,14,E
9,J.T. Poston,69.23,9,13,-0.11
10,Dustin Johnson,66.67,8,12,-0.25
11,Graeme McDowell,63.64,7,11,-0.14
12,Nate Lashley,62.50,5,8,-0.20
13,Jim Herman,61.54,8,13,E
13,Adam Long,61.54,8,13,-0.13
15,Patrick Cantlay,60.00,6,10,-0.33
15,Tyler Duncan,60.00,6,10,E
15,Kevin Kisner,60.00,6,10,-0.17
18,Keith Mitchell,55.56,5,9,-0.20
19,Ryan Palmer,54.55,6,11,+0.17
20,Sebastián Muñoz,53.85,7,13,+0.14
21,Gary Woodland,50.00,7,14,-0.29
22,J.B. Holmes,46.15,6,13,E
22,Kevin Na,46.15,6,13,E
24,Paul Casey,45.45,5,11,+0.20
24,Collin Morikawa,45.45,5,11,E
24,Martin Trainer,45.45,5,11,+0.20
27,Cameron Champ,44.44,4,9,E
27,Rickie Fowler,44.44,4,9,E
29,Matt Kuchar,42.86,6,14,-0.17
30,Lanto Griffin,41.67,5,12,E
31,Chez Reavie,40.00,4,10,E
32,Sung Kang,35.71,5,14,-0.20
33,Patrick Reed,33.33,4,12,+0.25
33,Matthew Wolff,33.33,4,12,-0.25
