rank,player,%,Total Hit,Total Attempts,RTP Score
1,Xander Schauffele,93.06,67,72,-17.00
2,Corey Conners,88.89,64,72,-12.00
3,Jon Rahm,86.11,62,72,-16.00
3,Justin Thomas,86.11,62,72,-28.00
5,Max Homa,83.33,60,72,-12.00
6,Paul Casey,81.94,59,72,-15.00
6,Rickie Fowler,81.94,59,72,-16.00
6,Lanto Griffin,81.94,59,72,-12.00
6,Dustin Johnson,81.94,59,72,-21.00
6,Gary Woodland,81.94,59,72,-18.00
11,Patrick Cantlay,80.56,58,72,-20.00
11,Cameron Champ,80.56,58,72,-20.00
11,Graeme McDowell,80.56,58,72,-12.00
11,Joaquin Niemann,80.56,58,72,-20.00
15,Jim Herman,79.17,57,72,-11.00
15,Matt Kuchar,79.17,57,72,-11.00
15,Nate Lashley,79.17,57,72,-13.00
15,Collin Morikawa,79.17,57,72,-21.00
15,Matthew Wolff,79.17,57,72,-21.00
20,Tyler Duncan,77.78,56,72,-12.00
20,Kevin Kisner,77.78,56,72,-15.00
20,Ryan Palmer,77.78,56,72,-19.00
23,Sung Kang,73.61,53,72,-13.00
23,Adam Long,73.61,53,72,-11.00
23,Sebastián Muñoz,73.61,53,72,-18.00
23,J.T. Poston,73.61,53,72,-17.00
27,Brendon Todd,72.22,52,72,-6.00
28,Dylan Frittelli,70.83,51,72,-6.00
28,Kevin Na,70.83,51,72,-8.00
30,Keith Mitchell,69.44,50,72,-15.00
30,Martin Trainer,69.44,50,72,-9.00
32,J.B. Holmes,68.06,49,72,-12.00
32,Chez Reavie,68.06,49,72,-11.00
34,Patrick Reed,66.67,48,72,-24.00
