rank,player,%,Greens Hit,# of Holes
1,Xander Schauffele,86.96,40,46
2,Cameron Champ,84.09,37,44
3,Patrick Cantlay,83.33,40,48
4,Lanto Griffin,82.00,41,50
5,Corey Conners,81.63,40,49
6,Joaquin Niemann,80.85,38,47
6,Justin Thomas,80.85,38,47
8,Jon Rahm,80.39,41,51
9,Max Homa,79.63,43,54
10,Keith Mitchell,79.07,34,43
11,Nate Lashley,78.85,41,52
12,Rickie Fowler,78.72,37,47
13,Jim Herman,78.43,40,51
13,Matt Kuchar,78.43,40,51
13,Gary Woodland,78.43,40,51
16,Paul Casey,78.26,36,46
16,Kevin Na,78.26,36,46
18,Collin Morikawa,78.18,43,55
19,Adam Long,78.00,39,50
20,Sebastián Muñoz,77.78,35,45
21,Dustin Johnson,76.60,36,47
21,Sung Kang,76.60,36,47
21,Graeme McDowell,76.60,36,47
24,J.T. Poston,75.56,34,45
25,Tyler Duncan,73.08,38,52
25,Ryan Palmer,73.08,38,52
27,Matthew Wolff,70.83,34,48
28,Brendon Todd,69.81,37,53
29,Chez Reavie,69.64,39,56
30,Kevin Kisner,69.23,36,52
31,J.B. Holmes,66.67,30,45
32,Dylan Frittelli,66.00,33,50
33,Patrick Reed,65.91,29,44
34,Martin Trainer,62.50,25,40
