rank,player,%,Greens Hit,Total Holes,Relative to par
1,Collin Morikawa,100.00,16,16,-0.63
1,Sebastián Muñoz,100.00,19,19,-0.53
1,J.T. Poston,100.00,17,17,-0.53
4,Xander Schauffele,95.65,22,23,-0.59
5,Corey Conners,95.24,20,21,-0.55
6,Justin Thomas,93.75,15,16,-0.67
7,Kevin Kisner,93.33,14,15,-0.50
8,Kevin Na,92.86,13,14,-0.62
9,Jon Rahm,91.30,21,23,-0.48
10,Chez Reavie,90.91,10,11,-0.50
10,Brendon Todd,90.91,10,11,-0.40
12,Paul Casey,90.48,19,21,-0.58
13,Patrick Reed,89.47,17,19,-0.76
14,Graeme McDowell,88.89,16,18,-0.31
15,Lanto Griffin,88.24,15,17,-0.67
15,Dustin Johnson,88.24,15,17,-0.67
17,Gary Woodland,87.50,21,24,-0.57
18,Sung Kang,86.96,20,23,-0.55
19,Matt Kuchar,85.71,12,14,-0.67
20,Adam Long,84.21,16,19,-0.56
20,Joaquin Niemann,84.21,16,19,-0.75
22,Cameron Champ,84.00,21,25,-0.57
23,Martin Trainer,83.33,15,18,-0.53
24,Ryan Palmer,82.35,14,17,-0.79
25,Patrick Cantlay,81.25,13,16,-0.46
26,Dylan Frittelli,80.00,12,15,-0.33
26,J.B. Holmes,80.00,16,20,-0.31
28,Keith Mitchell,78.95,15,19,-0.53
29,Max Homa,78.57,11,14,-0.45
30,Jim Herman,77.78,14,18,-0.36
31,Tyler Duncan,75.00,12,16,-0.42
31,Nate Lashley,75.00,12,16,-0.58
33,Matthew Wolff,73.91,17,23,-0.65
34,Rickie Fowler,72.22,13,18,-0.69
