rank,player,%,Greens Hit,Total Holes,Relative to par
1,Corey Conners,94.29,33,35,-0.39
1,Justin Thomas,94.29,33,35,-0.39
3,Paul Casey,91.89,34,37,-0.41
3,Xander Schauffele,91.89,34,37,-0.44
5,Sung Kang,88.89,32,36,-0.41
6,Cameron Champ,88.57,31,35,-0.48
6,Collin Morikawa,88.57,31,35,-0.58
8,Brendon Todd,88.46,23,26,-0.30
9,Patrick Cantlay,87.10,27,31,-0.52
10,Chez Reavie,86.21,25,29,-0.32
11,Max Homa,86.11,31,36,-0.23
12,Graeme McDowell,85.71,24,28,-0.29
12,Kevin Na,85.71,24,28,-0.42
14,Jon Rahm,85.37,35,41,-0.37
15,Lanto Griffin,84.85,28,33,-0.36
15,Sebastián Muñoz,84.85,28,33,-0.43
17,J.T. Poston,84.38,27,32,-0.48
18,Ryan Palmer,83.87,26,31,-0.58
19,Kevin Kisner,82.35,28,34,-0.25
20,Matt Kuchar,82.14,23,28,-0.39
21,Dustin Johnson,81.08,30,37,-0.47
22,Nate Lashley,80.65,25,31,-0.36
23,Gary Woodland,79.41,27,34,-0.44
24,Jim Herman,78.13,25,32,-0.36
24,Matthew Wolff,78.13,25,32,-0.48
26,Joaquin Niemann,76.47,26,34,-0.50
26,Patrick Reed,76.47,26,34,-0.58
28,Tyler Duncan,75.00,21,28,-0.43
28,Dylan Frittelli,75.00,21,28,-0.24
28,Martin Trainer,75.00,24,32,-0.33
31,Keith Mitchell,72.73,24,33,-0.38
32,J.B. Holmes,71.88,23,32,-0.35
32,Adam Long,71.88,23,32,-0.39
34,Rickie Fowler,71.05,27,38,-0.52
