rank,player,%,Greens Hit,Total Holes,Relative to par
1,Jim Herman,100.00,7,7,-0.29
1,Dustin Johnson,100.00,6,6,-0.33
1,Kevin Kisner,100.00,10,10,-0.30
1,Matt Kuchar,100.00,10,10,E
1,Jon Rahm,100.00,3,3,E
6,Patrick Cantlay,90.91,10,11,E
7,Rickie Fowler,87.50,7,8,+0.29
7,Dylan Frittelli,87.50,7,8,E
7,J.B. Holmes,87.50,7,8,-0.29
10,Kevin Na,85.71,6,7,E
11,Ryan Palmer,81.82,9,11,-0.22
12,Tyler Duncan,80.00,12,15,-0.08
12,Gary Woodland,80.00,4,5,E
14,Keith Mitchell,77.78,7,9,-0.14
14,Collin Morikawa,77.78,7,9,E
14,Joaquin Niemann,77.78,7,9,-0.29
17,Max Homa,75.00,6,8,E
17,Sung Kang,75.00,6,8,+0.17
19,Justin Thomas,71.43,5,7,-0.80
20,Xander Schauffele,70.00,7,10,-0.14
21,Cameron Champ,66.67,6,9,-0.17
21,Adam Long,66.67,4,6,E
21,Sebastián Muñoz,66.67,6,9,-0.33
21,J.T. Poston,66.67,6,9,-0.17
21,Martin Trainer,66.67,6,9,+0.17
26,Chez Reavie,63.64,7,11,-0.14
27,Paul Casey,62.50,5,8,E
27,Lanto Griffin,62.50,5,8,+0.20
29,Matthew Wolff,61.54,8,13,-0.13
30,Patrick Reed,60.00,6,10,-0.50
31,Corey Conners,55.56,5,9,E
32,Nate Lashley,50.00,6,12,E
32,Graeme McDowell,50.00,5,10,E
34,Brendon Todd,46.67,7,15,E
