rank,player,%,Greens Hit,Total Holes,Relative to par
1,Collin Morikawa,100.00,24,24,-0.54
2,Justin Thomas,95.83,23,24,-0.48
3,J.T. Poston,95.65,22,23,-0.55
4,Chez Reavie,94.44,17,18,-0.41
5,Kevin Na,94.12,16,17,-0.50
6,Corey Conners,92.86,26,28,-0.46
6,Xander Schauffele,92.86,26,28,-0.54
8,Paul Casey,92.00,23,25,-0.52
9,Graeme McDowell,90.48,19,21,-0.32
10,Sung Kang,89.66,26,29,-0.50
11,Jon Rahm,88.89,24,27,-0.42
12,Patrick Cantlay,87.50,21,24,-0.48
12,Brendon Todd,87.50,14,16,-0.36
14,Lanto Griffin,86.96,20,23,-0.50
15,Kevin Kisner,86.36,19,22,-0.37
16,Sebastián Muñoz,85.71,24,28,-0.50
17,Cameron Champ,85.19,23,27,-0.52
17,Max Homa,85.19,23,27,-0.30
19,Matt Kuchar,84.21,16,19,-0.56
20,Patrick Reed,82.76,24,29,-0.58
21,Ryan Palmer,82.61,19,23,-0.68
22,Dylan Frittelli,82.35,14,17,-0.29
23,Dustin Johnson,82.14,23,28,-0.57
24,Nate Lashley,80.95,17,21,-0.47
24,Martin Trainer,80.95,17,21,-0.47
26,J.B. Holmes,80.00,20,25,-0.40
26,Keith Mitchell,80.00,20,25,-0.40
26,Gary Woodland,80.00,24,30,-0.50
29,Jim Herman,78.57,22,28,-0.36
30,Adam Long,76.92,20,26,-0.45
31,Tyler Duncan,75.00,15,20,-0.53
31,Joaquin Niemann,75.00,21,28,-0.62
31,Matthew Wolff,75.00,21,28,-0.52
34,Rickie Fowler,66.67,16,24,-0.69
