rank,player,%,Greens Hit,Total Holes,Relative to par
1,Xander Schauffele,77.27,34,44,-0.03
2,Dustin Johnson,75.61,31,41,-0.19
3,Patrick Cantlay,75.56,34,45,-0.24
4,Joaquin Niemann,74.42,32,43,-0.13
5,Jim Herman,72.73,32,44,-0.09
5,Max Homa,72.73,32,44,-0.03
7,Corey Conners,72.09,31,43,+0.13
8,Rickie Fowler,70.83,34,48,-0.12
9,Justin Thomas,70.21,33,47,-0.36
10,Lanto Griffin,69.39,34,49,E
11,Tyler Duncan,69.23,36,52,-0.06
11,Matt Kuchar,69.23,36,52,-0.03
13,Gary Woodland,68.29,28,41,-0.11
14,Dylan Frittelli,67.31,35,52,E
15,Nate Lashley,66.67,34,51,-0.09
15,Jon Rahm,66.67,30,45,-0.13
17,Ryan Palmer,65.96,31,47,-0.10
18,Adam Long,65.91,29,44,-0.03
19,Cameron Champ,63.41,26,41,-0.15
20,Kevin Kisner,62.00,31,50,-0.19
21,Brendon Todd,61.82,34,55,E
22,Collin Morikawa,61.70,29,47,-0.17
23,Sebastián Muñoz,60.47,26,43,-0.12
24,Paul Casey,59.57,28,47,+0.04
25,Graeme McDowell,59.18,29,49,-0.17
25,Kevin Na,59.18,29,49,E
27,Sung Kang,58.14,25,43,+0.08
28,J.T. Poston,57.45,27,47,-0.15
29,Chez Reavie,54.72,29,53,-0.10
30,Keith Mitchell,53.33,24,45,-0.21
31,J.B. Holmes,53.19,25,47,-0.16
31,Martin Trainer,53.19,25,47,+0.16
33,Matthew Wolff,52.27,23,44,-0.22
34,Patrick Reed,44.19,19,43,-0.32
