rank,player,%,Greens Hit,Total Holes,Relative to par
1,Patrick Cantlay,100.00,8,8,-0.50
1,Paul Casey,100.00,4,4,-0.25
1,Cameron Champ,100.00,2,2,E
1,Dylan Frittelli,100.00,2,2,E
1,Sung Kang,100.00,6,6,-0.33
1,Nate Lashley,100.00,5,5,-0.20
1,Graeme McDowell,100.00,3,3,-0.33
1,Collin Morikawa,100.00,8,8,-0.38
1,Kevin Na,100.00,3,3,E
1,Chez Reavie,100.00,7,7,-0.29
1,Justin Thomas,100.00,8,8,-0.13
12,Max Homa,92.31,12,13,-0.17
13,Corey Conners,85.71,6,7,-0.17
14,Lanto Griffin,83.33,5,6,E
14,Keith Mitchell,83.33,5,6,E
14,Ryan Palmer,83.33,5,6,-0.40
14,J.T. Poston,83.33,5,6,-0.60
18,Jim Herman,80.00,8,10,-0.38
18,J.B. Holmes,80.00,4,5,-0.75
18,Matt Kuchar,80.00,4,5,-0.25
18,Xander Schauffele,80.00,4,5,-0.25
18,Brendon Todd,80.00,4,5,-0.25
18,Matthew Wolff,80.00,4,5,E
24,Tyler Duncan,75.00,3,4,-1.00
24,Jon Rahm,75.00,3,4,E
26,Dustin Johnson,72.73,8,11,-0.38
27,Kevin Kisner,71.43,5,7,E
28,Patrick Reed,70.00,7,10,-0.14
29,Martin Trainer,66.67,2,3,E
30,Adam Long,57.14,4,7,E
31,Sebastián Muñoz,55.56,5,9,-0.40
31,Joaquin Niemann,55.56,5,9,-0.20
33,Rickie Fowler,50.00,3,6,-0.67
33,Gary Woodland,50.00,3,6,E
