rank,player,%,Greens Hit,Total Holes,Relative to par
1,Lanto Griffin,100.00,8,8,E
2,Rickie Fowler,85.71,6,7,-0.17
3,J.B. Holmes,83.33,5,6,-0.40
4,Patrick Cantlay,80.00,4,5,+0.25
4,Matt Kuchar,80.00,4,5,-0.25
4,Xander Schauffele,80.00,4,5,+0.50
7,Nate Lashley,77.78,7,9,-0.14
8,Gary Woodland,75.00,6,8,+0.17
9,Dylan Frittelli,71.43,5,7,-0.20
9,Collin Morikawa,71.43,5,7,E
9,Sebastián Muñoz,71.43,5,7,-0.40
12,Joaquin Niemann,66.67,4,6,-0.50
13,Jim Herman,63.64,7,11,E
14,Tyler Duncan,62.50,5,8,+0.20
14,Kevin Na,62.50,5,8,+0.20
16,Dustin Johnson,60.00,3,5,E
16,Sung Kang,60.00,3,5,E
18,Cameron Champ,57.14,4,7,E
18,Max Homa,57.14,4,7,E
18,Adam Long,57.14,4,7,E
18,Graeme McDowell,57.14,4,7,-0.25
18,Brendon Todd,57.14,4,7,+0.50
23,Jon Rahm,50.00,3,6,E
23,Justin Thomas,50.00,3,6,-0.33
23,Matthew Wolff,50.00,3,6,-0.33
26,Corey Conners,44.44,4,9,+0.25
27,Kevin Kisner,42.86,3,7,-0.67
27,Ryan Palmer,42.86,3,7,E
27,Patrick Reed,42.86,3,7,-0.67
30,Paul Casey,37.50,3,8,E
30,Keith Mitchell,37.50,3,8,E
32,Chez Reavie,25.00,2,8,E
33,Martin Trainer,16.67,1,6,+1.00
34,J.T. Poston,.00,0,5,E
