rank,player,%,Greens Hit,# of holes
1,Collin Morikawa,80.00,4,5
2,Xander Schauffele,78.57,11,14
3,Tyler Duncan,75.00,6,8
3,Kevin Kisner,75.00,6,8
5,Corey Conners,72.73,8,11
6,Paul Casey,71.43,10,14
7,Dustin Johnson,69.23,9,13
7,Justin Thomas,69.23,9,13
9,J.B. Holmes,66.67,10,15
9,Jon Rahm,66.67,6,9
11,Martin Trainer,65.00,13,20
12,Ryan Palmer,62.50,5,8
13,Rickie Fowler,61.54,8,13
13,Sung Kang,61.54,8,13
15,Dylan Frittelli,60.00,6,10
15,Lanto Griffin,60.00,6,10
15,Sebastián Muñoz,60.00,9,15
15,J.T. Poston,60.00,9,15
19,Matthew Wolff,58.33,7,12
20,Brendon Todd,57.14,4,7
21,Patrick Reed,56.25,9,16
22,Jim Herman,55.56,5,9
22,Matt Kuchar,55.56,5,9
24,Patrick Cantlay,50.00,6,12
24,Chez Reavie,50.00,2,4
26,Joaquin Niemann,46.15,6,13
27,Gary Woodland,44.44,4,9
28,Cameron Champ,43.75,7,16
29,Kevin Na,42.86,6,14
30,Keith Mitchell,41.18,7,17
31,Graeme McDowell,38.46,5,13
32,Nate Lashley,37.50,3,8
33,Max Homa,33.33,2,6
34,Adam Long,20.00,2,10
