rank,player,%,Greens Hit,Total Holes,Relative to par
1,Cameron Champ,100.00,8,8,-0.38
1,Corey Conners,100.00,7,7,-0.14
1,Matthew Wolff,100.00,4,4,-0.25
4,Paul Casey,91.67,11,12,-0.18
5,Justin Thomas,90.91,10,11,-0.20
6,Brendon Todd,90.00,9,10,-0.22
7,Max Homa,88.89,8,9,E
7,Xander Schauffele,88.89,8,9,-0.13
9,Ryan Palmer,87.50,7,8,-0.29
10,Patrick Cantlay,85.71,6,7,-0.67
10,Sung Kang,85.71,6,7,E
12,Joaquin Niemann,83.33,5,6,E
13,Lanto Griffin,80.00,8,10,E
13,Nate Lashley,80.00,8,10,-0.13
13,Sebastián Muñoz,80.00,4,5,E
16,Rickie Fowler,78.57,11,14,-0.27
16,Jon Rahm,78.57,11,14,-0.27
18,Dustin Johnson,77.78,7,9,-0.14
18,Matt Kuchar,77.78,7,9,E
20,Tyler Duncan,75.00,6,8,-0.17
20,Jim Herman,75.00,3,4,-0.33
20,Kevin Kisner,75.00,9,12,E
20,Gary Woodland,75.00,3,4,E
24,Kevin Na,72.73,8,11,-0.25
24,Chez Reavie,72.73,8,11,-0.13
26,Graeme McDowell,71.43,5,7,-0.20
27,Dylan Frittelli,63.64,7,11,-0.14
27,Collin Morikawa,63.64,7,11,-0.71
27,Martin Trainer,63.64,7,11,E
30,J.T. Poston,55.56,5,9,-0.20
31,Adam Long,50.00,3,6,E
31,Keith Mitchell,50.00,4,8,-0.25
33,J.B. Holmes,42.86,3,7,E
34,Patrick Reed,40.00,2,5,-0.50
