rank,player,%,Greens Hit,Total Holes,Relative to par
1,Jimmy Walker,100.00,10,10,-0.10
2,Jason Day,90.00,9,10,-0.22
3,Hideki Matsuyama,77.78,7,9,E
4,Steven Bowditch,76.92,10,13,-0.30
4,Billy Horschel,76.92,10,13,-0.10
4,Patrick Reed,76.92,10,13,-0.10
7,Sangmoon Bae,72.73,8,11,-0.25
8,Russell Henley,70.00,7,10,E
9,Chesson Hadley,69.23,9,13,E
9,Matt Jones,69.23,9,13,-0.11
9,S.Y. Noh,69.23,9,13,-0.11
9,Geoff Ogilvy,69.23,9,13,E
13,Hunter Mahan,66.67,8,12,+0.13
13,Ryan Moore,66.67,8,12,E
15,Tim Clark,64.71,11,17,-0.09
15,Brendon Todd,64.71,11,17,-0.27
17,Charley Hoffman,63.64,7,11,+0.14
17,Chris Kirk,63.64,7,11,-0.29
17,Ben Martin,63.64,7,11,E
17,Robert Streb,63.64,7,11,-0.14
21,Brian Harman,60.00,9,15,-0.22
22,Ángel Cabrera,58.33,7,12,E
22,John Senden,58.33,7,12,-0.14
24,Nick Taylor,57.14,8,14,E
25,Bubba Watson,54.55,6,11,E
26,Kevin Streelman,53.85,7,13,-0.29
26,Camilo Villegas,53.85,7,13,E
28,Ben Crane,50.00,8,16,-0.25
28,Matt Every,50.00,8,16,-0.25
28,Zach Johnson,50.00,7,14,+0.14
31,Matt Kuchar,46.15,6,13,-0.67
32,Scott Stallings,42.86,6,14,-0.17
33,J.B. Holmes,40.00,4,10,E
