rank,player,%,Greens Hit,# Holes,Relative/Par
1,Charley Hoffman,100.0,1,1,E
1,Matt Jones,100.0,2,2,E
1,Hunter Mahan,100.0,1,1,E
1,Ryan Moore,100.0,1,1,E
1,S.Y. Noh,100.0,1,1,E
1,Patrick Reed,100.0,1,1,-1.00
1,Scott Stallings,100.0,1,1,-1.00
1,Robert Streb,100.0,1,1,-1.00
9,Chesson Hadley,66.7,2,3,E
9,Geoff Ogilvy,66.7,2,3,-1.00
11,Matt Every,50.0,1,2,-1.00
11,Jimmy Walker,50.0,1,2,E
13,Nick Taylor,33.3,1,3,E
14,Steven Bowditch,.0,0,1,E
14,Ángel Cabrera,.0,0,2,E
14,Ben Crane,.0,0,1,E
14,Brian Harman,.0,0,1,E
14,Russell Henley,.0,0,1,E
14,Billy Horschel,.0,0,2,E
14,Ben Martin,.0,0,1,E
14,John Senden,.0,0,1,E
14,Kevin Streelman,.0,0,1,E
14,Camilo Villegas,.0,0,3,E
