rank,player,%,Greens Hit,Total Holes,Relative to par
1,Chesson Hadley,97.06,33,34,-0.36
2,Zach Johnson,96.97,32,33,-0.56
2,Chris Kirk,96.97,32,33,-0.50
4,Charley Hoffman,95.24,40,42,-0.40
5,Matt Kuchar,95.12,39,41,-0.23
6,Matt Jones,94.44,34,36,-0.44
7,Hunter Mahan,93.18,41,44,-0.29
8,Sangmoon Bae,93.02,40,43,-0.38
8,Russell Henley,93.02,40,43,-0.48
8,Hideki Matsuyama,93.02,40,43,-0.48
11,Geoff Ogilvy,92.68,38,41,-0.42
12,Kevin Streelman,92.31,36,39,-0.31
13,Brendon Todd,92.11,35,38,-0.40
14,Scott Stallings,91.89,34,37,-0.56
15,Tim Clark,91.67,33,36,-0.45
16,Billy Horschel,90.48,38,42,-0.26
17,Jason Day,90.00,36,40,-0.61
17,Robert Streb,90.00,36,40,-0.50
19,Matt Every,89.19,33,37,-0.52
20,Ben Crane,87.88,29,33,-0.45
21,J.B. Holmes,87.80,36,41,-0.39
21,S.Y. Noh,87.80,36,41,-0.56
23,Jimmy Walker,87.50,35,40,-0.51
24,Patrick Reed,85.71,36,42,-0.58
24,John Senden,85.71,36,42,-0.42
26,Steven Bowditch,85.29,29,34,-0.38
27,Ryan Moore,83.78,31,37,-0.45
28,Nick Taylor,83.33,30,36,-0.37
29,Ben Martin,82.93,34,41,-0.41
30,Camilo Villegas,81.58,31,38,-0.35
31,Ángel Cabrera,81.08,30,37,-0.53
32,Brian Harman,80.00,36,45,-0.47
33,Bubba Watson,77.27,34,44,-0.53
