rank,player,%,Total Hit,Total Attempts,RTP Score
1,Sangmoon Bae,91.67,66,72,-20.00
2,Jason Day,90.28,65,72,-25.00
2,Jimmy Walker,90.28,65,72,-22.00
4,Russell Henley,87.50,63,72,-24.00
4,Billy Horschel,87.50,63,72,-10.00
4,Hunter Mahan,87.50,63,72,-15.00
4,Hideki Matsuyama,87.50,63,72,-22.00
8,Charley Hoffman,86.11,62,72,-19.00
9,Tim Clark,84.72,61,72,-15.00
9,Ben Martin,84.72,61,72,-20.00
9,Brendon Todd,84.72,61,72,-21.00
12,Chesson Hadley,83.33,60,72,-18.00
12,Matt Jones,83.33,60,72,-20.00
12,S.Y. Noh,83.33,60,72,-23.00
12,Geoff Ogilvy,83.33,60,72,-17.00
12,Robert Streb,83.33,60,72,-20.00
17,Patrick Reed,81.94,59,72,-23.00
17,John Senden,81.94,59,72,-18.00
17,Scott Stallings,81.94,59,72,-22.00
20,Zach Johnson,80.56,58,72,-23.00
20,Matt Kuchar,80.56,58,72,-17.00
20,Ryan Moore,80.56,58,72,-16.00
20,Kevin Streelman,80.56,58,72,-16.00
24,Steven Bowditch,79.17,57,72,-15.00
24,Chris Kirk,79.17,57,72,-24.00
26,Ángel Cabrera,77.78,56,72,-16.00
26,Brian Harman,77.78,56,72,-19.00
26,Nick Taylor,77.78,56,72,-12.00
26,Camilo Villegas,77.78,56,72,-11.00
30,J.B. Holmes,76.39,55,72,-14.00
31,Ben Crane,75.00,54,72,-14.00
31,Bubba Watson,75.00,54,72,-21.00
33,Matt Every,72.22,52,72,-19.00
