rank,player,%,Greens Hit,Total Holes,Relative to par
1,Matt Kuchar,100.00,28,28,-0.29
2,Chesson Hadley,96.43,27,28,-0.41
2,Zach Johnson,96.43,27,28,-0.59
2,Matt Jones,96.43,27,28,-0.52
5,Chris Kirk,96.30,26,27,-0.58
6,Sangmoon Bae,94.44,34,36,-0.38
6,Russell Henley,94.44,34,36,-0.47
8,Hunter Mahan,94.12,32,34,-0.38
9,Charley Hoffman,93.94,31,33,-0.48
10,Billy Horschel,93.33,28,30,-0.36
10,John Senden,93.33,28,30,-0.57
10,Scott Stallings,93.33,28,30,-0.57
13,Brendon Todd,92.86,26,28,-0.46
14,Steven Bowditch,92.59,25,27,-0.44
14,Kevin Streelman,92.59,25,27,-0.32
16,Hideki Matsuyama,91.18,31,34,-0.48
17,Robert Streb,90.91,30,33,-0.53
18,Ben Crane,90.48,19,21,-0.42
18,Camilo Villegas,90.48,19,21,-0.42
20,S.Y. Noh,90.00,27,30,-0.59
21,Geoff Ogilvy,89.29,25,28,-0.56
22,Jason Day,88.57,31,35,-0.65
22,J.B. Holmes,88.57,31,35,-0.45
24,Ángel Cabrera,88.00,22,25,-0.59
24,Ben Martin,88.00,22,25,-0.45
26,Jimmy Walker,86.67,26,30,-0.62
27,Matt Every,86.21,25,29,-0.52
27,Nick Taylor,86.21,25,29,-0.40
29,Tim Clark,85.71,18,21,-0.50
30,Patrick Reed,85.29,29,34,-0.59
31,Brian Harman,83.87,26,31,-0.58
32,Ryan Moore,83.33,20,24,-0.60
33,Bubba Watson,80.56,29,36,-0.55
