rank,player,%,Greens Hit,Total Holes,Relative to par
1,Steven Bowditch,100.00,7,7,E
1,Jason Day,100.00,8,8,-0.13
1,Ben Martin,100.00,9,9,-0.22
1,Patrick Reed,100.00,4,4,E
1,Scott Stallings,100.00,9,9,E
1,Robert Streb,100.00,7,7,E
7,Geoff Ogilvy,87.50,7,8,-0.14
7,Jimmy Walker,87.50,7,8,-0.29
9,Sangmoon Bae,85.71,6,7,-0.17
9,Tim Clark,85.71,6,7,E
9,S.Y. Noh,85.71,6,7,-0.17
12,Hunter Mahan,83.33,5,6,-0.20
12,Hideki Matsuyama,83.33,5,6,E
12,Kevin Streelman,83.33,5,6,-0.20
15,Camilo Villegas,81.82,9,11,-0.11
16,Bubba Watson,80.00,8,10,-0.25
17,J.B. Holmes,77.78,7,9,E
17,Billy Horschel,77.78,7,9,+0.14
17,Chris Kirk,77.78,7,9,-0.29
17,Ryan Moore,77.78,7,9,-0.14
17,John Senden,77.78,7,9,-0.14
22,Matt Jones,76.92,10,13,-0.10
23,Ángel Cabrera,75.00,6,8,E
23,Charley Hoffman,75.00,6,8,-0.17
25,Brian Harman,71.43,5,7,-0.20
26,Chesson Hadley,70.00,7,10,-0.43
26,Russell Henley,70.00,7,10,-0.29
26,Brendon Todd,70.00,7,10,-0.29
29,Matt Every,66.67,6,9,+0.17
29,Zach Johnson,66.67,6,9,-0.17
31,Ben Crane,60.00,3,5,E
31,Nick Taylor,60.00,6,10,E
33,Matt Kuchar,50.00,4,8,-0.25
