rank,player,%,Greens Hit,Total Holes,Relative to par
1,Steven Bowditch,100.00,20,20,-0.50
1,Matt Jones,100.00,20,20,-0.55
1,Matt Kuchar,100.00,24,24,-0.33
1,Hunter Mahan,100.00,24,24,-0.46
5,Sangmoon Bae,96.00,24,25,-0.50
6,Jimmy Walker,95.65,22,23,-0.59
7,Chesson Hadley,95.45,21,22,-0.52
7,Geoff Ogilvy,95.45,21,22,-0.57
7,John Senden,95.45,21,22,-0.62
7,Robert Streb,95.45,21,22,-0.71
11,Kevin Streelman,95.24,20,21,-0.35
12,Zach Johnson,94.44,17,18,-0.71
12,Chris Kirk,94.44,17,18,-0.71
14,Ben Crane,92.31,12,13,-0.33
14,Charley Hoffman,92.31,24,26,-0.50
16,Billy Horschel,92.00,23,25,-0.39
17,Scott Stallings,91.30,21,23,-0.62
18,Ángel Cabrera,90.48,19,21,-0.63
18,Hideki Matsuyama,90.48,19,21,-0.63
20,Nick Taylor,90.00,18,20,-0.44
21,Camilo Villegas,89.47,17,19,-0.41
22,Ryan Moore,88.89,16,18,-0.63
22,Brendon Todd,88.89,16,18,-0.63
24,Jason Day,88.46,23,26,-0.70
24,J.B. Holmes,88.46,23,26,-0.57
26,Russell Henley,88.24,15,17,-0.67
27,Ben Martin,86.96,20,23,-0.45
27,S.Y. Noh,86.96,20,23,-0.75
29,Matt Every,86.36,19,22,-0.58
30,Bubba Watson,85.71,24,28,-0.63
31,Patrick Reed,84.00,21,25,-0.67
32,Brian Harman,83.33,20,24,-0.55
33,Tim Clark,78.57,11,14,-0.45
