rank,player,%,Greens Hit,Total Holes,Relative to par
1,Sangmoon Bae,100.00,6,6,+0.17
1,Russell Henley,100.00,4,4,-0.50
1,Ben Martin,100.00,6,6,-0.33
1,Scott Stallings,100.00,3,3,-0.33
1,Camilo Villegas,100.00,5,5,+0.20
6,Ryan Moore,85.71,6,7,E
6,Robert Streb,85.71,6,7,-0.17
8,Hideki Matsuyama,83.33,5,6,-0.60
8,John Senden,83.33,5,6,E
10,Ángel Cabrera,80.00,4,5,E
10,Zach Johnson,80.00,4,5,-0.25
10,S.Y. Noh,80.00,4,5,+0.25
10,Patrick Reed,80.00,4,5,E
10,Kevin Streelman,80.00,4,5,-0.25
10,Bubba Watson,80.00,4,5,-0.25
16,J.B. Holmes,77.78,7,9,E
17,Tim Clark,75.00,3,4,E
17,Jimmy Walker,75.00,6,8,-0.17
19,Jason Day,71.43,5,7,E
19,Hunter Mahan,71.43,5,7,-0.40
21,Brian Harman,66.67,2,3,E
21,Billy Horschel,66.67,2,3,E
23,Steven Bowditch,60.00,3,5,+0.33
23,Chesson Hadley,60.00,3,5,-0.33
23,Nick Taylor,60.00,3,5,E
26,Chris Kirk,50.00,4,8,-0.25
26,Matt Kuchar,50.00,3,6,-0.33
26,Brendon Todd,50.00,1,2,-1.00
29,Geoff Ogilvy,40.00,2,5,E
30,Ben Crane,33.33,2,6,+0.50
30,Matt Every,33.33,1,3,E
30,Charley Hoffman,33.33,1,3,E
33,Matt Jones,25.00,1,4,-1.00
