rank,player,%,Greens Hit,Total Holes,Relative to par
1,Tim Clark,100.00,7,7,-0.57
1,Chesson Hadley,100.00,6,6,E
1,Russell Henley,100.00,19,19,-0.32
1,Charley Hoffman,100.00,7,7,-0.43
1,Billy Horschel,100.00,5,5,-0.20
1,Zach Johnson,100.00,10,10,-0.40
1,Chris Kirk,100.00,9,9,-0.33
1,Matt Kuchar,100.00,4,4,E
1,Ben Martin,100.00,2,2,-0.50
1,S.Y. Noh,100.00,7,7,-0.14
1,Scott Stallings,100.00,7,7,-0.43
1,Brendon Todd,100.00,10,10,-0.20
1,Camilo Villegas,100.00,2,2,-0.50
14,Hideki Matsuyama,92.31,12,13,-0.25
15,Sangmoon Bae,90.91,10,11,-0.10
16,Jason Day,88.89,8,9,-0.50
16,J.B. Holmes,88.89,8,9,-0.13
16,Patrick Reed,88.89,8,9,-0.38
19,Ben Crane,87.50,7,8,-0.57
19,Matt Jones,87.50,7,8,-0.43
19,John Senden,87.50,7,8,-0.43
22,Matt Every,85.71,6,7,-0.33
22,Brian Harman,85.71,6,7,-0.67
24,Kevin Streelman,83.33,5,6,-0.20
25,Robert Streb,81.82,9,11,-0.11
26,Hunter Mahan,80.00,8,10,-0.13
27,Nick Taylor,77.78,7,9,-0.29
28,Ángel Cabrera,75.00,3,4,-0.33
29,Steven Bowditch,71.43,5,7,-0.20
30,Ryan Moore,66.67,4,6,-0.50
30,Geoff Ogilvy,66.67,4,6,-0.50
32,Bubba Watson,62.50,5,8,-0.20
33,Jimmy Walker,57.14,4,7,-0.75
