rank,player,%,Greens Hit,Total Holes,Relative to par
1,Tim Clark,100.00,15,15,-0.40
1,Jason Day,100.00,5,5,-0.40
1,Matt Every,100.00,8,8,-0.50
1,Chesson Hadley,100.00,6,6,-0.17
1,Charley Hoffman,100.00,9,9,-0.11
1,Zach Johnson,100.00,5,5,-0.40
1,Chris Kirk,100.00,6,6,-0.17
1,Hideki Matsuyama,100.00,9,9,-0.44
1,Geoff Ogilvy,100.00,13,13,-0.15
10,Kevin Streelman,91.67,11,12,-0.27
11,Hunter Mahan,90.00,9,10,E
11,Brendon Todd,90.00,9,10,-0.22
11,Jimmy Walker,90.00,9,10,-0.22
14,Matt Jones,87.50,7,8,-0.14
14,Patrick Reed,87.50,7,8,-0.57
16,Sangmoon Bae,85.71,6,7,-0.33
16,Russell Henley,85.71,6,7,-0.50
16,Scott Stallings,85.71,6,7,-0.50
16,Robert Streb,85.71,6,7,-0.33
20,Matt Kuchar,84.62,11,13,-0.09
20,Ryan Moore,84.62,11,13,-0.18
22,Ben Crane,83.33,10,12,-0.50
22,J.B. Holmes,83.33,5,6,E
22,Billy Horschel,83.33,10,12,E
25,S.Y. Noh,81.82,9,11,-0.44
26,Ben Martin,75.00,12,16,-0.33
27,Brian Harman,71.43,10,14,-0.20
27,Nick Taylor,71.43,5,7,-0.20
29,Camilo Villegas,70.59,12,17,-0.25
30,Ángel Cabrera,66.67,8,12,-0.38
30,John Senden,66.67,8,12,+0.13
32,Bubba Watson,62.50,5,8,-0.40
33,Steven Bowditch,57.14,4,7,E
