rank,player,%,Greens Hit,# of holes
1,Geoff Ogilvy,94.44,17,18
2,Sangmoon Bae,94.12,16,17
3,Charley Hoffman,93.75,15,16
4,Hunter Mahan,89.47,17,19
5,Billy Horschel,87.50,14,16
6,Jason Day,84.21,16,19
7,Kevin Streelman,83.33,10,12
8,Matt Jones,82.35,14,17
9,Ben Martin,80.00,16,20
9,Patrick Reed,80.00,16,20
11,Matt Kuchar,78.26,18,23
12,Tim Clark,77.78,7,9
13,Chesson Hadley,75.00,12,16
13,Russell Henley,75.00,12,16
15,Ben Crane,73.33,11,15
16,Steven Bowditch,72.73,16,22
17,S.Y. Noh,72.22,13,18
18,Matt Every,71.43,15,21
18,Zach Johnson,71.43,5,7
18,Robert Streb,71.43,15,21
21,Scott Stallings,70.59,12,17
22,Bubba Watson,70.00,14,20
23,Hideki Matsuyama,66.67,12,18
23,Jimmy Walker,66.67,12,18
25,J.B. Holmes,62.50,10,16
25,Chris Kirk,62.50,10,16
25,John Senden,62.50,10,16
25,Nick Taylor,62.50,10,16
29,Brendon Todd,58.33,7,12
30,Ángel Cabrera,55.56,10,18
31,Ryan Moore,50.00,4,8
31,Camilo Villegas,50.00,8,16
33,Brian Harman,42.86,6,14
