rank,player,%,Greens Hit,# of Holes
1,Hideki Matsuyama,95.24,40,42
1,Jimmy Walker,95.24,40,42
3,Russell Henley,90.91,40,44
3,Billy Horschel,90.91,40,44
5,Sangmoon Bae,90.70,39,43
6,Jason Day,90.24,37,41
7,Brendon Todd,89.58,43,48
8,Charley Hoffman,88.64,39,44
8,Chris Kirk,88.64,39,44
10,Matt Jones,88.37,38,43
11,S.Y. Noh,88.10,37,42
12,Hunter Mahan,87.80,36,41
13,John Senden,86.36,38,44
14,Tim Clark,86.27,44,51
15,Scott Stallings,86.05,37,43
16,Ángel Cabrera,85.71,36,42
17,Kevin Streelman,85.42,41,48
18,Ben Martin,85.00,34,40
19,Brian Harman,84.78,39,46
20,Robert Streb,84.62,33,39
21,Chesson Hadley,84.09,37,44
21,J.B. Holmes,84.09,37,44
21,Camilo Villegas,84.09,37,44
24,Zach Johnson,83.02,44,53
25,Matt Kuchar,81.08,30,37
26,Nick Taylor,79.55,35,44
27,Ryan Moore,78.85,41,52
28,Patrick Reed,77.50,31,40
28,Bubba Watson,77.50,31,40
30,Matt Every,76.92,30,39
31,Steven Bowditch,76.32,29,38
32,Geoff Ogilvy,76.19,32,42
33,Ben Crane,75.56,34,45
