rank,player,%,Greens Hit,Total Holes,Relative to par
1,Sangmoon Bae,100.00,5,5,-0.60
1,Jason Day,100.00,6,6,E
1,Brian Harman,100.00,2,2,+0.50
1,Billy Horschel,100.00,5,5,-0.20
1,Hunter Mahan,100.00,2,2,E
1,Scott Stallings,100.00,6,6,E
1,Brendon Todd,100.00,5,5,-0.20
8,Chesson Hadley,87.50,7,8,-0.14
9,Ben Crane,83.33,10,12,E
9,Matt Jones,83.33,5,6,-0.40
11,Zach Johnson,81.82,9,11,-0.44
12,Matt Every,80.00,4,5,-0.25
12,Ben Martin,80.00,4,5,-0.25
12,Ryan Moore,80.00,4,5,-0.25
15,Ángel Cabrera,75.00,6,8,E
15,Russell Henley,75.00,3,4,-0.33
15,Charley Hoffman,75.00,6,8,-0.50
15,Matt Kuchar,75.00,3,4,-0.33
15,Geoff Ogilvy,75.00,3,4,E
15,Camilo Villegas,75.00,3,4,-0.33
21,Chris Kirk,71.43,5,7,-0.40
22,Steven Bowditch,70.00,7,10,-0.29
23,John Senden,66.67,2,3,E
23,Robert Streb,66.67,4,6,E
23,Nick Taylor,66.67,4,6,E
23,Jimmy Walker,66.67,4,6,-0.25
27,Tim Clark,62.50,5,8,-0.20
27,Hideki Matsuyama,62.50,5,8,E
29,S.Y. Noh,60.00,3,5,-0.33
30,Kevin Streelman,55.56,5,9,-0.20
31,Patrick Reed,50.00,4,8,-0.25
31,Bubba Watson,50.00,1,2,E
33,J.B. Holmes,33.33,1,3,E
