rank,player,%,Greens Hit,# Holes,Relative/Par
1,Jordan Spieth,84.72,61,72,-0.31
2,Tom Hoge,83.33,60,72,-0.35
3,Ryan Blaum,80.56,58,72,-0.28
4,James Hahn,79.17,57,72,-0.39
4,Russell Knox,79.17,57,72,-0.32
4,Chez Reavie,79.17,57,72,-0.30
7,Sam Ryder,77.78,56,72,-0.27
8,Brian Harman,76.39,55,72,-0.40
8,Zach Johnson,76.39,55,72,-0.36
8,Kevin Kisner,76.39,55,72,-0.33
8,Nicholas Lindheim,76.39,55,72,-0.31
8,Scott Piercy,76.39,55,72,-0.33
8,Sam Saunders,76.39,55,72,-0.44
8,J.J. Spaun,76.39,55,72,-0.29
15,Ryan Armour,75.00,54,72,-0.31
15,Keegan Bradley,75.00,54,72,-0.26
15,Jonathan Byrd,75.00,54,72,-0.33
15,Tony Finau,75.00,54,72,-0.33
15,Ryan Palmer,75.00,54,72,-0.24
15,Andrew Putnam,75.00,54,72,-0.22
15,Hudson Swafford,75.00,54,72,-0.33
15,Gary Woodland,75.00,54,72,-0.41
23,Austin Cook,73.61,53,72,-0.30
23,Brandon Harkins,73.61,53,72,-0.28
23,Charles Howell III,73.61,53,72,-0.28
23,Jerry Kelly,73.61,53,72,-0.25
23,Si Woo Kim,73.61,53,72,-0.28
23,Patton Kizzire,73.61,53,72,-0.45
23,Ben Martin,73.61,53,72,-0.40
23,John Peterson,73.61,53,72,-0.38
23,Rory Sabbatini,73.61,53,72,-0.23
23,Webb Simpson,73.61,53,72,-0.43
23,Kyle Stanley,73.61,53,72,-0.38
23,Brian Stuard,73.61,53,72,-0.40
35,Daniel Berger,72.22,52,72,-0.38
35,Chris Kirk,72.22,52,72,-0.35
35,Nate Lashley,72.22,52,72,-0.33
35,Keith Mitchell,72.22,52,72,-0.27
35,Adam Schenk,72.22,52,72,-0.31
35,Cameron Smith,72.22,52,72,-0.35
41,Stewart Cink,70.83,51,72,-0.31
41,Jason Dufner,70.83,51,72,-0.41
41,Shugo Imahira,70.83,51,72,-0.29
41,Jason Kokrak,70.83,51,72,-0.24
41,William McGirt,70.83,51,72,-0.18
41,Kevin Tway,70.83,51,72,-0.24
47,Scott Brown,69.44,50,72,-0.26
47,Xander Schauffele,69.44,50,72,-0.34
47,Ollie Schniederjans,69.44,50,72,-0.50
47,Justin Thomas,69.44,50,72,-0.34
47,Xinjun Zhang,69.44,50,72,-0.26
52,Blayne Barber,68.06,49,72,-0.29
52,Dominic Bozzelli,68.06,49,72,-0.35
52,Joel Dahmen,68.06,49,72,-0.24
52,Emiliano Grillo,68.06,49,72,-0.35
52,Matt Jones,68.06,49,72,-0.31
52,Colt Knost,68.06,49,72,-0.20
52,Jonathan Randolph,68.06,49,72,-0.24
59,Corey Conners,66.67,48,72,-0.33
59,Stephan Jaeger,66.67,48,72,-0.25
59,Conrad Shindler,66.67,48,72,-0.31
62,Wesley Bryan,65.28,47,72,-0.36
62,Roberto Díaz,65.28,47,72,-0.30
62,Marc Leishman,65.28,47,72,-0.30
65,Lanto Griffin,63.89,46,72,-0.26
65,Daisuke Kataoka,63.89,46,72,-0.41
65,D.A. Points,63.89,46,72,-0.33
65,Tyrone Van Aswegen,63.89,46,72,-0.24
69,Steve Allan,62.50,45,72,-0.31
69,Harris English,62.50,45,72,-0.33
69,Matt Every,62.50,45,72,-0.31
69,Brian Gay,62.50,45,72,-0.36
69,Seamus Power,62.50,45,72,-0.31
74,Talor Gooch,61.11,44,72,-0.45
75,Vaughn Taylor,59.72,43,72,-0.30
76,John Oda,54.17,39,72,-0.33
