rank,player,Value,Total Drv Rank,GIR Rank
1,Tom Hoge,4,2,2
2,J.J. Spaun,10,2,8
3,Brian Harman,12,4,8
3,Sam Ryder,12,5,7
5,Jordan Spieth,15,14,1
6,Scott Piercy,16,8,8
6,Hudson Swafford,16,1,15
8,James Hahn,25,21,4
9,Sam Saunders,26,18,8
10,Austin Cook,28,5,23
10,Chez Reavie,28,24,4
12,Ryan Armour,29,14,15
13,Charles Howell III,30,7,23
14,Gary Woodland,31,16,15
15,Si Woo Kim,33,10,23
16,Zach Johnson,38,30,8
17,Tony Finau,39,24,15
17,Kevin Kisner,39,31,8
19,Nate Lashley,47,12,35
20,Kyle Stanley,49,26,23
21,Russell Knox,50,46,4
21,Brian Stuard,50,27,23
23,Ryan Palmer,53,38,15
24,Jason Dufner,54,13,41
25,Keegan Bradley,56,41,15
25,Xander Schauffele,56,9,47
27,Cameron Smith,58,23,35
28,Nicholas Lindheim,59,51,8
29,Ryan Blaum,60,57,3
30,Jerry Kelly,62,39,23
31,Rory Sabbatini,66,43,23
32,Blayne Barber,69,17,52
33,Emiliano Grillo,70,18,52
34,Andrew Putnam,72,57,15
35,Webb Simpson,73,50,23
36,Matt Jones,74,22,52
36,Chris Kirk,74,39,35
38,Justin Thomas,75,28,47
39,Kevin Tway,76,35,41
40,Shugo Imahira,77,36,41
41,Keith Mitchell,79,44,35
42,Matt Every,80,11,69
43,Jason Kokrak,83,42,41
44,John Peterson,84,61,23
44,Jonathan Randolph,84,32,52
46,Brandon Harkins,85,62,23
47,Jonathan Byrd,86,71,15
47,Adam Schenk,86,51,35
49,Ben Martin,88,65,23
50,Daniel Berger,89,54,35
50,Colt Knost,89,37,52
52,Patton Kizzire,90,67,23
53,Stephan Jaeger,91,32,59
54,William McGirt,92,51,41
55,Vaughn Taylor,95,20,75
56,Brian Gay,98,29,69
57,Stewart Cink,101,60,41
58,Dominic Bozzelli,107,55,52
59,Corey Conners,108,49,59
60,John Oda,110,34,76
61,D.A. Points,111,46,65
62,Ollie Schniederjans,113,66,47
63,Harris English,115,46,69
64,Scott Brown,117,70,47
64,Roberto Díaz,117,55,62
66,Talor Gooch,118,44,74
67,Xinjun Zhang,120,73,47
68,Joel Dahmen,121,69,52
69,Daisuke Kataoka,122,57,65
70,Conrad Shindler,123,64,59
71,Marc Leishman,124,62,62
72,Wesley Bryan,129,67,62
73,Tyrone Van Aswegen,140,75,65
74,Lanto Griffin,141,76,65
74,Seamus Power,141,72,69
76,Steve Allan,143,74,69
