rank,player,%,Greens Hit,Total Holes,Relative to par
1,Paul Azinger,100.00,14,14,-0.50
1,Rich Beem,100.00,12,12,-0.50
1,Jonathan Byrd,100.00,15,15,-0.47
1,Tom Byrum,100.00,11,11,-0.64
1,Daniel Chopra,100.00,12,12,-0.42
1,Brian Gay,100.00,13,13,-0.46
1,Charles Howell III,100.00,12,12,-0.75
1,Peter Jacobsen,100.00,12,12,-0.67
1,Tom Lehman,100.00,15,15,-0.47
1,Billy Mayfair,100.00,11,11,-0.36
1,Shaun Micheel,100.00,14,14,-0.57
1,Greg Owen,100.00,12,12,-0.58
1,Pat Perez,100.00,11,11,-0.36
1,Rob Rashell,100.00,11,11,-0.45
1,Chris Riley,100.00,13,13,-0.54
1,Craig Stadler,100.00,13,13,-0.62
17,Sean O'Hair,94.44,17,18,-0.29
17,Charles Warren,94.44,17,18,-0.41
19,Jonathan Kaye,94.12,16,17,-0.38
20,Hank Kuehne,93.75,15,16,-0.40
20,Adam Scott,93.75,15,16,-0.53
20,Vijay Singh,93.75,15,16,-0.80
23,Ernie Els,93.33,14,15,-0.93
24,Franklin Langham,92.31,12,13,-0.58
24,Jesper Parnevik,92.31,12,13,-0.33
24,Jeff Sluman,92.31,12,13,-0.58
27,David Toms,91.67,11,12,-0.64
27,Duffy Waldorf,91.67,11,12,-0.55
29,D.J. Brigman,90.91,10,11,-0.50
29,Bob Estes,90.91,10,11,-0.50
29,Jim Furyk,90.91,10,11,-0.70
29,Ryuji Imada,90.91,10,11,-0.30
33,Jeff Maggert,90.00,9,10,-0.67
33,Sean Murphy,90.00,9,10,-0.67
35,Joe Durant,86.67,13,15,-0.54
35,Tim Herron,86.67,13,15,-0.62
37,Woody Austin,85.71,12,14,-0.58
37,Chad Campbell,85.71,12,14,-0.75
37,Andrew Magee,85.71,12,14,-0.92
37,Shigeki Maruyama,85.71,12,14,-0.58
37,Justin Rose,85.71,12,14,-0.25
42,Jason Bohn,84.62,11,13,-0.73
42,John Cook,84.62,11,13,-0.27
42,Ben Crane,84.62,11,13,-0.73
42,Steve Flesch,84.62,11,13,-0.64
42,Todd Hamilton,84.62,11,13,-0.55
42,Dick Mast,84.62,11,13,-0.55
42,Ryan Palmer,84.62,11,13,-0.91
42,Craig Parry,84.62,11,13,-0.64
42,Nick Watney,84.62,11,13,-0.64
51,Tommy Armour III,83.33,10,12,-0.70
51,Luke Donald,83.33,10,12,-0.60
51,Loren Roberts,83.33,10,12,-0.50
51,Rory Sabbatini,83.33,10,12,-0.60
55,Bart Bryant,81.82,9,11,-0.78
55,Brent Geiberger,81.82,9,11,-0.78
55,Dean Wilson,81.82,9,11,-0.44
58,Paul Gow,81.25,13,16,-0.15
59,Greg Meyer,80.00,12,15,-0.25
59,D.J. Trahan,80.00,12,15,-0.50
61,Steve Allan,78.57,11,14,-0.55
61,Briny Baird,78.57,11,14,-0.55
61,Stewart Cink,78.57,11,14,-0.45
61,Tom Pernice Jr.,78.57,11,14,-0.27
61,D.A. Points,78.57,11,14,-0.09
61,John Riegger,78.57,11,14,-0.73
67,Zach Johnson,76.92,10,13,-0.50
67,Steve Jones,76.92,10,13,-0.20
67,Brett Quigley,76.92,10,13,-0.60
70,Larry Mize,72.73,8,11,-0.75
71,Retief Goosen,72.22,13,18,-0.77
72,Arron Oberholser,70.59,12,17,-0.33
73,Heath Slocum,69.23,9,13,-0.67
74,Jason Allred,66.67,10,15,-0.40
75,Robert Gamez,64.29,9,14,-0.89
75,Tom Kite,64.29,9,14,-0.22
75,Joey Snyder III,64.29,9,14,-0.44
78,Omar Uresti,53.85,7,13,-0.71
