rank,player,%,Greens Hit,Total Holes,Relative to par
1,Loren Roberts,91.67,11,12,-0.27
2,Jason Allred,86.36,19,22,-0.42
3,Tom Lehman,82.35,14,17,+0.07
4,Steve Flesch,81.82,18,22,-0.06
5,Bart Bryant,80.95,17,21,-0.18
6,D.A. Points,77.78,14,18,-0.14
7,Steve Allan,77.27,17,22,-0.12
8,Jason Bohn,76.92,10,13,-0.30
9,Duffy Waldorf,76.19,16,21,E
10,Greg Owen,76.00,19,25,-0.26
11,Pat Perez,73.91,17,23,-0.12
12,Luke Donald,73.33,11,15,-0.18
12,Brian Gay,73.33,11,15,-0.27
14,Joe Durant,72.73,16,22,-0.19
15,Jeff Maggert,71.43,15,21,-0.27
16,Robert Gamez,70.00,14,20,-0.29
16,Vijay Singh,70.00,14,20,-0.07
18,Sean Murphy,69.57,16,23,-0.25
19,John Cook,68.75,11,16,E
20,Jim Furyk,68.42,13,19,E
20,Franklin Langham,68.42,13,19,-0.31
20,Ryan Palmer,68.42,13,19,-0.15
23,D.J. Trahan,68.18,15,22,-0.13
24,Brent Geiberger,66.67,14,21,E
24,Paul Gow,66.67,8,12,E
24,Andrew Magee,66.67,10,15,E
24,Arron Oberholser,66.67,12,18,-0.17
24,Brett Quigley,66.67,14,21,-0.36
24,Adam Scott,66.67,14,21,-0.07
24,Charles Warren,66.67,12,18,-0.25
31,Charles Howell III,65.00,13,20,-0.08
31,Peter Jacobsen,65.00,13,20,-0.15
31,Hank Kuehne,65.00,13,20,-0.15
31,John Riegger,65.00,13,20,-0.08
35,Justin Rose,64.00,16,25,-0.31
36,Rich Beem,63.64,14,22,E
36,Stewart Cink,63.64,14,22,-0.29
38,Zach Johnson,63.16,12,19,-0.08
38,Chris Riley,63.16,12,19,-0.25
38,Jeff Sluman,63.16,12,19,-0.08
41,D.J. Brigman,62.50,15,24,-0.47
42,Briny Baird,61.90,13,21,-0.15
42,Bob Estes,61.90,13,21,-0.23
42,Joey Snyder III,61.90,13,21,-0.08
45,Larry Mize,61.54,8,13,-0.25
45,Omar Uresti,61.54,8,13,E
47,Steve Jones,61.11,11,18,-0.18
48,Tom Kite,60.87,14,23,-0.14
48,Shaun Micheel,60.87,14,23,-0.14
48,Dean Wilson,60.87,14,23,-0.36
51,Chad Campbell,60.00,15,25,-0.20
51,Shigeki Maruyama,60.00,9,15,E
51,Dick Mast,60.00,12,20,-0.25
54,Billy Mayfair,59.09,13,22,-0.23
55,Jonathan Byrd,58.82,10,17,-0.20
55,Jonathan Kaye,58.82,10,17,-0.10
55,Greg Meyer,58.82,10,17,+0.10
58,David Toms,58.33,14,24,-0.29
59,Woody Austin,57.89,11,19,-0.09
59,Craig Parry,57.89,11,19,-0.18
59,Heath Slocum,57.89,11,19,-0.27
62,Todd Hamilton,57.14,8,14,-0.38
62,Tom Pernice Jr.,57.14,12,21,-0.08
64,Tim Herron,56.25,9,16,-0.11
65,Retief Goosen,55.00,11,20,-0.09
66,Daniel Chopra,54.55,12,22,-0.08
67,Tom Byrum,52.94,9,17,-0.22
67,Rob Rashell,52.94,9,17,E
67,Craig Stadler,52.94,9,17,-0.22
70,Paul Azinger,52.63,10,19,-0.40
71,Tommy Armour III,52.38,11,21,-0.18
71,Jesper Parnevik,52.38,11,21,-0.36
73,Sean O'Hair,50.00,8,16,-0.13
74,Ben Crane,47.62,10,21,-0.30
74,Rory Sabbatini,47.62,10,21,-0.10
74,Nick Watney,47.62,10,21,-0.10
77,Ernie Els,37.50,6,16,-0.33
78,Ryuji Imada,34.78,8,23,-0.50
