rank,player,%,Greens Hit,Total Holes,Relative to par
1,Chad Campbell,86.67,13,15,-0.15
2,Bart Bryant,80.00,16,20,-0.19
3,Justin Rose,78.95,15,19,E
4,Shigeki Maruyama,76.19,16,21,-0.13
5,Ernie Els,73.33,11,15,-0.36
5,Ryan Palmer,73.33,11,15,-0.27
7,Sean Murphy,70.00,14,20,-0.07
8,Ryuji Imada,68.75,11,16,+0.18
9,Rory Sabbatini,68.42,13,19,-0.08
10,Paul Gow,66.67,12,18,-0.17
10,Charles Howell III,66.67,14,21,-0.07
10,Shaun Micheel,66.67,12,18,-0.33
13,Robert Gamez,64.71,11,17,-0.09
13,Tom Pernice Jr.,64.71,11,17,-0.36
15,Tom Byrum,63.64,14,22,-0.29
16,Daniel Chopra,63.16,12,19,-0.08
16,Greg Owen,63.16,12,19,+0.17
16,David Toms,63.16,12,19,-0.17
16,Nick Watney,63.16,12,19,-0.17
20,Luke Donald,62.50,15,24,-0.07
20,Craig Parry,62.50,15,24,E
22,Tom Lehman,61.90,13,21,-0.15
23,D.J. Trahan,61.54,8,13,-0.25
24,Paul Azinger,61.11,11,18,E
24,D.J. Brigman,61.11,11,18,-0.09
24,Steve Flesch,61.11,11,18,-0.09
27,Brent Geiberger,60.87,14,23,E
28,John Cook,60.00,12,20,-0.17
28,Greg Meyer,60.00,12,20,-0.25
30,Retief Goosen,58.82,10,17,E
30,Joey Snyder III,58.82,10,17,E
32,Larry Mize,58.33,14,24,+0.07
32,Omar Uresti,58.33,14,24,-0.21
34,Joe Durant,57.89,11,19,E
34,Dick Mast,57.89,11,19,-0.09
34,Arron Oberholser,57.89,11,19,E
37,Andrew Magee,57.14,12,21,E
37,Vijay Singh,57.14,8,14,-0.13
39,Steve Jones,56.52,13,23,E
39,Jeff Maggert,56.52,13,23,-0.23
41,Zach Johnson,55.56,10,18,-0.30
42,Stewart Cink,55.00,11,20,-0.36
42,Peter Jacobsen,55.00,11,20,+0.09
42,Jesper Parnevik,55.00,11,20,-0.18
45,Steve Allan,54.55,6,11,-0.33
45,Tim Herron,54.55,12,22,-0.17
47,Tommy Armour III,53.33,8,15,E
47,Tom Kite,53.33,8,15,-0.50
49,Brett Quigley,52.94,9,17,-0.44
50,Jason Bohn,52.38,11,21,-0.18
51,Todd Hamilton,52.17,12,23,-0.33
52,Loren Roberts,51.85,14,27,-0.07
53,Woody Austin,50.00,8,16,-0.38
53,Brian Gay,50.00,12,24,-0.33
53,Billy Mayfair,50.00,12,24,-0.17
53,Heath Slocum,50.00,11,22,-0.09
53,Duffy Waldorf,50.00,8,16,E
58,Bob Estes,48.00,12,25,-0.42
58,Jeff Sluman,48.00,12,25,-0.25
60,Briny Baird,47.62,10,21,E
60,Jonathan Byrd,47.62,10,21,-0.10
62,Jason Allred,47.06,8,17,E
62,Sean O'Hair,47.06,8,17,-0.13
64,Hank Kuehne,45.00,9,20,E
64,Rob Rashell,45.00,9,20,E
66,Rich Beem,44.44,8,18,-0.25
66,Franklin Langham,44.44,8,18,E
66,Pat Perez,44.44,8,18,-0.13
66,Adam Scott,44.44,8,18,E
70,Jim Furyk,44.00,11,25,-0.09
71,Chris Riley,41.67,10,24,-0.20
72,Dean Wilson,41.18,7,17,E
73,Jonathan Kaye,40.91,9,22,-0.11
74,Ben Crane,40.00,8,20,E
75,John Riegger,31.58,6,19,-0.33
76,D.A. Points,30.00,6,20,-0.33
77,Craig Stadler,25.00,5,20,E
78,Charles Warren,22.22,4,18,-0.25
