rank,player,%,Greens Hit,Total Holes,Relative to par
1,Paul Azinger,100.00,12,12,-0.42
1,Rich Beem,100.00,9,9,-0.56
1,D.J. Brigman,100.00,9,9,-0.67
1,Jonathan Byrd,100.00,10,10,-0.60
1,Tom Byrum,100.00,8,8,-0.63
1,Chad Campbell,100.00,9,9,-0.78
1,Daniel Chopra,100.00,9,9,-0.56
1,Luke Donald,100.00,9,9,-0.67
1,Ernie Els,100.00,13,13,-1.00
1,Bob Estes,100.00,9,9,-0.56
1,Brian Gay,100.00,7,7,-0.43
1,Tim Herron,100.00,11,11,-0.64
1,Charles Howell III,100.00,11,11,-0.82
1,Peter Jacobsen,100.00,9,9,-0.78
1,Jonathan Kaye,100.00,9,9,-0.56
1,Tom Lehman,100.00,11,11,-0.55
1,Dick Mast,100.00,7,7,-0.57
1,Billy Mayfair,100.00,9,9,-0.44
1,Shaun Micheel,100.00,10,10,-0.70
1,Sean Murphy,100.00,6,6,-0.83
1,Sean O'Hair,100.00,9,9,-0.56
1,Greg Owen,100.00,9,9,-0.78
1,Jesper Parnevik,100.00,9,9,-0.56
1,Craig Parry,100.00,8,8,-0.75
1,Pat Perez,100.00,11,11,-0.36
1,Rob Rashell,100.00,9,9,-0.56
1,Chris Riley,100.00,12,12,-0.58
1,Loren Roberts,100.00,8,8,-0.63
1,Rory Sabbatini,100.00,6,6,-1.00
1,Vijay Singh,100.00,12,12,-0.92
1,Craig Stadler,100.00,11,11,-0.73
1,Charles Warren,100.00,11,11,-0.45
33,Jeff Sluman,91.67,11,12,-0.64
34,Ben Crane,90.91,10,11,-0.80
34,Retief Goosen,90.91,10,11,-1.00
34,David Toms,90.91,10,11,-0.70
37,Hank Kuehne,90.00,9,10,-0.33
37,Franklin Langham,90.00,9,10,-0.56
37,Adam Scott,90.00,9,10,-0.78
40,Tommy Armour III,88.89,8,9,-0.75
40,Steve Flesch,88.89,8,9,-0.75
40,Todd Hamilton,88.89,8,9,-0.75
40,Jeff Maggert,88.89,8,9,-0.75
40,Shigeki Maruyama,88.89,8,9,-0.75
40,Tom Pernice Jr.,88.89,8,9,-0.25
40,Duffy Waldorf,88.89,8,9,-0.63
40,Nick Watney,88.89,8,9,-0.88
48,Briny Baird,87.50,7,8,-0.86
48,Jim Furyk,87.50,7,8,-1.00
48,Robert Gamez,87.50,7,8,-0.86
48,Paul Gow,87.50,7,8,-0.43
48,Steve Jones,87.50,7,8,-0.29
48,Greg Meyer,87.50,7,8,-0.29
54,John Cook,85.71,6,7,-0.33
54,Ryuji Imada,85.71,6,7,-0.33
54,Larry Mize,85.71,6,7,-0.67
57,Andrew Magee,83.33,10,12,-1.00
57,John Riegger,83.33,10,12,-0.80
59,Steve Allan,81.82,9,11,-0.67
59,Joe Durant,81.82,9,11,-0.67
59,D.J. Trahan,81.82,9,11,-0.56
62,Woody Austin,80.00,8,10,-0.75
62,Jason Bohn,80.00,8,10,-1.00
62,Bart Bryant,80.00,8,10,-0.88
62,Ryan Palmer,80.00,8,10,-0.88
62,Brett Quigley,80.00,8,10,-0.75
62,Justin Rose,80.00,8,10,-0.50
62,Heath Slocum,80.00,8,10,-0.63
69,Brent Geiberger,77.78,7,9,-1.00
69,Joey Snyder III,77.78,7,9,-0.57
69,Dean Wilson,77.78,7,9,-0.57
72,Stewart Cink,75.00,9,12,-0.44
73,Zach Johnson,72.73,8,11,-0.63
74,Tom Kite,71.43,5,7,-0.40
75,Arron Oberholser,70.00,7,10,-0.43
76,Jason Allred,66.67,8,12,-0.63
76,D.A. Points,66.67,6,9,-0.33
76,Omar Uresti,66.67,6,9,-0.83
