rank,player,%,Greens Hit,# of holes
1,Greg Owen,69.57,16,23
2,Jonathan Byrd,66.67,20,30
3,Charles Howell III,64.29,18,28
4,Craig Stadler,59.09,13,22
5,D.J. Brigman,58.33,14,24
6,Larry Mize,57.89,11,19
7,Jesper Parnevik,57.14,20,35
8,Tom Lehman,56.00,14,25
9,Sean O'Hair,54.84,17,31
9,Nick Watney,54.84,17,31
11,Zach Johnson,53.85,14,26
11,Rob Rashell,53.85,14,26
11,Duffy Waldorf,53.85,14,26
14,Steve Jones,52.94,9,17
15,Briny Baird,52.63,10,19
16,Brent Geiberger,52.00,13,25
17,Retief Goosen,51.72,15,29
18,Jason Allred,50.00,15,30
18,Woody Austin,50.00,14,28
18,Daniel Chopra,50.00,15,30
18,Ernie Els,50.00,15,30
18,Brian Gay,50.00,11,22
18,Franklin Langham,50.00,12,24
18,Greg Meyer,50.00,14,28
18,Shaun Micheel,50.00,10,20
18,Vijay Singh,50.00,13,26
27,Jonathan Kaye,48.15,13,27
28,Tommy Armour III,47.83,11,23
28,Shigeki Maruyama,47.83,11,23
28,Craig Parry,47.83,11,23
31,Jeff Sluman,47.37,9,19
32,Steve Allan,46.88,15,32
33,Joe Durant,46.67,7,15
33,Brett Quigley,46.67,14,30
35,Paul Azinger,46.43,13,28
35,Ryuji Imada,46.43,13,28
37,Luke Donald,46.15,12,26
37,Adam Scott,46.15,12,26
39,Joey Snyder III,45.83,11,24
40,Sean Murphy,45.71,16,35
41,Pat Perez,45.00,9,20
42,Jason Bohn,44.83,13,29
42,John Cook,44.83,13,29
44,Billy Mayfair,44.00,11,25
44,Ryan Palmer,44.00,11,25
44,D.J. Trahan,44.00,11,25
47,Robert Gamez,42.86,9,21
47,Hank Kuehne,42.86,12,28
47,D.A. Points,42.86,12,28
47,Justin Rose,42.86,9,21
51,Stewart Cink,42.31,11,26
51,Arron Oberholser,42.31,11,26
53,Chad Campbell,41.67,10,24
54,Rich Beem,41.18,14,34
55,Peter Jacobsen,40.91,9,22
55,Charles Warren,40.91,9,22
57,Todd Hamilton,40.74,11,27
57,Rory Sabbatini,40.74,11,27
59,John Riegger,40.63,13,32
60,Steve Flesch,40.00,10,25
60,Tim Herron,40.00,10,25
62,Jim Furyk,39.13,9,23
62,Paul Gow,39.13,9,23
64,Omar Uresti,38.89,7,18
65,Tom Pernice Jr.,38.46,10,26
66,Tom Kite,37.93,11,29
67,Andrew Magee,37.04,10,27
68,Chris Riley,35.00,7,20
69,Bob Estes,32.00,8,25
70,David Toms,30.43,7,23
71,Tom Byrum,30.00,6,20
72,Ben Crane,29.63,8,27
73,Jeff Maggert,27.78,5,18
73,Loren Roberts,27.78,5,18
75,Heath Slocum,26.09,6,23
75,Dean Wilson,26.09,6,23
77,Dick Mast,25.93,7,27
78,Bart Bryant,25.00,3,12
