rank,player,%,Greens Hit,# of Holes
1,Paul Azinger,89.29,25,28
2,Bart Bryant,88.64,39,44
3,Justin Rose,85.71,30,35
4,Vijay Singh,83.33,25,30
5,Charles Howell III,82.14,23,28
6,Rich Beem,81.82,18,22
7,Ernie Els,80.77,21,26
7,Brett Quigley,80.77,21,26
9,Steve Flesch,80.65,25,31
9,Tom Lehman,80.65,25,31
9,Ryan Palmer,80.65,25,31
12,Tom Byrum,80.56,29,36
13,Arron Oberholser,80.00,24,30
13,Adam Scott,80.00,24,30
15,Peter Jacobsen,79.41,27,34
16,Andrew Magee,79.31,23,29
17,Shigeki Maruyama,78.79,26,33
18,Hank Kuehne,78.57,22,28
19,Pat Perez,77.78,28,36
20,Bob Estes,77.42,24,31
21,Stewart Cink,76.67,23,30
22,Sean O'Hair,76.00,19,25
23,Todd Hamilton,75.86,22,29
23,Dick Mast,75.86,22,29
25,Greg Owen,75.76,25,33
25,David Toms,75.76,25,33
27,Chad Campbell,75.00,24,32
28,Robert Gamez,74.29,26,35
29,Tim Herron,74.19,23,31
29,D.J. Trahan,74.19,23,31
31,Jason Bohn,74.07,20,27
31,Retief Goosen,74.07,20,27
33,Loren Roberts,73.68,28,38
34,Zach Johnson,73.33,22,30
34,Tom Pernice Jr.,73.33,22,30
36,Joe Durant,73.17,30,41
37,Daniel Chopra,73.08,19,26
38,Dean Wilson,72.73,24,33
39,Jonathan Kaye,72.41,21,29
40,Shaun Micheel,72.22,26,36
41,Joey Snyder III,71.88,23,32
42,Sean Murphy,71.43,15,21
42,D.A. Points,71.43,20,28
44,Steve Allan,70.83,17,24
45,Charles Warren,70.59,24,34
46,John Cook,70.37,19,27
46,Tom Kite,70.37,19,27
48,Jeff Sluman,70.27,26,37
49,Luke Donald,70.00,21,30
50,Tommy Armour III,69.70,23,33
50,Craig Parry,69.70,23,33
50,Heath Slocum,69.70,23,33
53,Chris Riley,69.44,25,36
54,Steve Jones,69.23,27,39
55,Franklin Langham,68.75,22,32
56,Omar Uresti,68.42,26,38
57,Nick Watney,68.00,17,25
58,Woody Austin,67.86,19,28
58,Greg Meyer,67.86,19,28
60,Brent Geiberger,67.74,21,31
60,Billy Mayfair,67.74,21,31
62,Jim Furyk,66.67,22,33
62,Paul Gow,66.67,22,33
62,Rob Rashell,66.67,20,30
62,John Riegger,66.67,16,24
62,Duffy Waldorf,66.67,20,30
67,Jeff Maggert,65.79,25,38
68,Ben Crane,65.52,19,29
69,Jason Allred,65.38,17,26
70,Briny Baird,62.16,23,37
71,Rory Sabbatini,62.07,18,29
72,Jonathan Byrd,61.54,16,26
73,Larry Mize,59.46,22,37
74,Brian Gay,58.82,20,34
75,Ryuji Imada,57.14,16,28
75,Jesper Parnevik,57.14,12,21
77,D.J. Brigman,56.25,18,32
78,Craig Stadler,50.00,17,34
