rank,player,%,Greens Hit,Total Holes,Relative to par
1,Bart Bryant,75.81,47,62,-0.17
2,Justin Rose,71.67,43,60,-0.12
3,Greg Owen,68.85,42,61,-0.07
4,Shigeki Maruyama,68.33,41,60,-0.17
5,Tom Lehman,66.67,40,60,-0.13
6,Chad Campbell,65.57,40,61,-0.20
7,D.J. Trahan,64.91,37,57,-0.11
8,Arron Oberholser,64.52,40,62,-0.18
9,Joe Durant,63.79,37,58,-0.05
10,Charles Howell III,63.33,38,60,-0.13
10,Ryan Palmer,63.33,38,60,-0.24
12,Brett Quigley,62.90,39,62,-0.21
13,Luke Donald,62.71,37,59,-0.16
13,Adam Scott,62.71,37,59,-0.03
15,Vijay Singh,62.07,36,58,-0.14
16,Ernie Els,61.82,34,55,-0.24
17,Stewart Cink,61.67,37,60,-0.32
18,Steve Flesch,61.29,38,62,-0.11
18,Larry Mize,61.29,38,62,-0.11
18,Duffy Waldorf,61.29,38,62,-0.03
21,Franklin Langham,61.02,36,59,-0.25
21,Jeff Sluman,61.02,36,59,-0.08
23,D.J. Brigman,60.66,37,61,-0.16
23,Peter Jacobsen,60.66,37,61,-0.03
25,Craig Parry,60.32,38,63,-0.13
26,Jason Bohn,60.00,36,60,-0.17
26,Loren Roberts,60.00,36,60,-0.22
26,Omar Uresti,60.00,36,60,-0.06
29,Retief Goosen,59.65,34,57,-0.06
30,Steve Jones,59.38,38,64,-0.16
30,Sean Murphy,59.38,38,64,-0.21
32,Jonathan Byrd,59.32,35,59,-0.11
32,John Cook,59.32,35,59,-0.11
34,Robert Gamez,59.02,36,61,-0.19
34,Brent Geiberger,59.02,36,61,-0.06
34,Pat Perez,59.02,36,61,-0.14
34,D.A. Points,59.02,36,61,-0.11
38,Woody Austin,58.62,34,58,-0.21
39,Zach Johnson,58.33,35,60,-0.11
39,Shaun Micheel,58.33,35,60,-0.20
39,David Toms,58.33,35,60,-0.23
42,Briny Baird,58.06,36,62,-0.11
42,Joey Snyder III,58.06,36,62,+0.03
44,Jonathan Kaye,57.38,35,61,-0.17
45,Paul Gow,56.90,33,58,-0.12
46,Paul Azinger,56.67,34,60,-0.24
46,Andrew Magee,56.67,34,60,-0.06
46,Greg Meyer,56.67,34,60,-0.12
49,Rich Beem,56.45,35,62,-0.17
49,Tom Byrum,56.45,35,62,-0.23
49,Dick Mast,56.45,35,62,-0.23
49,Billy Mayfair,56.45,35,62,-0.11
49,Tom Pernice Jr.,56.45,35,62,-0.17
54,Hank Kuehne,55.93,33,59,-0.18
54,Nick Watney,55.93,33,59,-0.12
56,Brian Gay,55.74,34,61,-0.21
56,Tim Herron,55.74,34,61,-0.18
56,Jeff Maggert,55.74,34,61,-0.24
59,Bob Estes,55.56,35,63,-0.26
60,Jason Allred,55.17,32,58,-0.22
61,Daniel Chopra,55.00,33,60,-0.12
61,Rob Rashell,55.00,33,60,-0.03
63,Jim Furyk,54.84,34,62,-0.09
64,Steve Allan,54.24,32,59,-0.13
64,Sean O'Hair,54.24,32,59,-0.13
66,Tommy Armour III,54.10,33,61,-0.21
67,Dean Wilson,53.33,32,60,-0.19
68,Todd Hamilton,53.23,33,62,-0.21
68,Rory Sabbatini,53.23,33,62,-0.18
70,Tom Kite,52.46,32,61,-0.16
71,Charles Warren,51.67,31,60,-0.26
72,Heath Slocum,50.85,30,59,-0.13
73,Jesper Parnevik,50.00,31,62,-0.16
73,Chris Riley,50.00,29,58,-0.21
75,Ryuji Imada,48.39,30,62,-0.13
76,John Riegger,48.33,29,60,-0.28
77,Ben Crane,45.76,27,59,-0.22
78,Craig Stadler,45.00,27,60,-0.19
