rank,player,%,Total Hit,Total Attempts,RTP Score
1,Bart Bryant,80.56,58,72,-15.00
2,Tom Lehman,79.17,57,72,-13.00
2,Shigeki Maruyama,79.17,57,72,-16.00
2,Duffy Waldorf,79.17,57,72,-5.00
5,Greg Owen,76.39,55,72,-9.00
5,Justin Rose,76.39,55,72,-10.00
5,Jeff Sluman,76.39,55,72,-11.00
8,Joe Durant,75.00,54,72,-9.00
8,Ernie Els,75.00,54,72,-20.00
8,Vijay Singh,75.00,54,72,-17.00
11,Tom Byrum,73.61,53,72,-15.00
11,Charles Howell III,73.61,53,72,-15.00
11,Peter Jacobsen,73.61,53,72,-9.00
11,Franklin Langham,73.61,53,72,-11.00
15,Daniel Chopra,72.22,52,72,-7.00
15,Brent Geiberger,72.22,52,72,-8.00
15,Craig Parry,72.22,52,72,-12.00
15,Brett Quigley,72.22,52,72,-16.00
15,Adam Scott,72.22,52,72,-10.00
15,David Toms,72.22,52,72,-18.00
15,D.J. Trahan,72.22,52,72,-10.00
22,Tommy Armour III,70.83,51,72,-15.00
22,Jonathan Byrd,70.83,51,72,-11.00
22,Stewart Cink,70.83,51,72,-16.00
22,Luke Donald,70.83,51,72,-12.00
22,Robert Gamez,70.83,51,72,-17.00
22,Tim Herron,70.83,51,72,-12.00
22,Jeff Maggert,70.83,51,72,-15.00
22,Shaun Micheel,70.83,51,72,-14.00
22,Pat Perez,70.83,51,72,-9.00
22,Loren Roberts,70.83,51,72,-13.00
32,Jason Allred,69.44,50,72,-15.00
32,Jason Bohn,69.44,50,72,-13.00
32,Chad Campbell,69.44,50,72,-15.00
32,Retief Goosen,69.44,50,72,-12.00
32,Arron Oberholser,69.44,50,72,-11.00
32,Ryan Palmer,69.44,50,72,-17.00
38,Woody Austin,68.06,49,72,-13.00
38,Paul Azinger,68.06,49,72,-15.00
38,D.J. Brigman,68.06,49,72,-12.00
38,Steve Flesch,68.06,49,72,-10.00
38,Jim Furyk,68.06,49,72,-8.00
38,Brian Gay,68.06,49,72,-12.00
38,Jonathan Kaye,68.06,49,72,-10.00
38,Billy Mayfair,68.06,49,72,-9.00
38,Larry Mize,68.06,49,72,-12.00
38,Joey Snyder III,68.06,49,72,-5.00
38,Charles Warren,68.06,49,72,-13.00
49,John Cook,66.67,48,72,-6.00
49,Paul Gow,66.67,48,72,-5.00
49,Steve Jones,66.67,48,72,-8.00
49,Andrew Magee,66.67,48,72,-13.00
49,Dick Mast,66.67,48,72,-14.00
49,Sean Murphy,66.67,48,72,-14.00
49,Tom Pernice Jr.,66.67,48,72,-8.00
49,Rob Rashell,66.67,48,72,-9.00
49,Chris Riley,66.67,48,72,-14.00
58,Briny Baird,65.28,47,72,-10.00
58,Rich Beem,65.28,47,72,-12.00
58,Tom Kite,65.28,47,72,-5.00
58,Sean O'Hair,65.28,47,72,-9.00
58,D.A. Points,65.28,47,72,-6.00
58,Rory Sabbatini,65.28,47,72,-13.00
58,Omar Uresti,65.28,47,72,-5.00
65,Bob Estes,63.89,46,72,-14.00
65,Zach Johnson,63.89,46,72,-10.00
65,Hank Kuehne,63.89,46,72,-10.00
65,Craig Stadler,63.89,46,72,-15.00
65,Nick Watney,63.89,46,72,-12.00
70,Steve Allan,62.50,45,72,-10.00
70,Todd Hamilton,62.50,45,72,-13.00
70,Greg Meyer,62.50,45,72,-7.00
70,Jesper Parnevik,62.50,45,72,-12.00
70,Heath Slocum,62.50,45,72,-12.00
75,Ben Crane,58.33,42,72,-14.00
75,John Riegger,58.33,42,72,-17.00
75,Dean Wilson,58.33,42,72,-11.00
78,Ryuji Imada,56.94,41,72,-7.00
