rank,player,%,Greens Hit,Total Holes,Relative to par
1,Paul Azinger,100.00,12,12,-0.42
1,Rich Beem,100.00,9,9,-0.56
1,Jonathan Byrd,100.00,11,11,-0.55
1,Tom Byrum,100.00,10,10,-0.60
1,Daniel Chopra,100.00,12,12,-0.42
1,Bob Estes,100.00,9,9,-0.56
1,Brian Gay,100.00,11,11,-0.45
1,Tim Herron,100.00,11,11,-0.64
1,Charles Howell III,100.00,12,12,-0.75
1,Peter Jacobsen,100.00,11,11,-0.73
1,Tom Lehman,100.00,12,12,-0.50
1,Dick Mast,100.00,9,9,-0.56
1,Billy Mayfair,100.00,10,10,-0.40
1,Shaun Micheel,100.00,12,12,-0.67
1,Sean O'Hair,100.00,12,12,-0.42
1,Greg Owen,100.00,10,10,-0.70
1,Jesper Parnevik,100.00,10,10,-0.60
1,Craig Parry,100.00,9,9,-0.67
1,Pat Perez,100.00,11,11,-0.36
1,Rob Rashell,100.00,11,11,-0.45
1,Chris Riley,100.00,13,13,-0.54
1,Vijay Singh,100.00,14,14,-0.86
1,Craig Stadler,100.00,12,12,-0.67
1,Charles Warren,100.00,12,12,-0.42
25,Ernie Els,93.33,14,15,-0.93
26,Hank Kuehne,91.67,11,12,-0.36
26,Adam Scott,91.67,11,12,-0.73
26,Jeff Sluman,91.67,11,12,-0.64
29,Jonathan Kaye,90.91,10,11,-0.50
29,Greg Meyer,90.91,10,11,-0.20
29,David Toms,90.91,10,11,-0.70
29,Nick Watney,90.91,10,11,-0.70
33,Tommy Armour III,90.00,9,10,-0.67
33,D.J. Brigman,90.00,9,10,-0.67
33,Chad Campbell,90.00,9,10,-0.78
33,Steve Flesch,90.00,9,10,-0.67
33,Ryuji Imada,90.00,9,10,-0.33
33,Franklin Langham,90.00,9,10,-0.56
33,Tom Pernice Jr.,90.00,9,10,-0.22
33,Duffy Waldorf,90.00,9,10,-0.56
41,Jim Furyk,88.89,8,9,-0.88
41,Todd Hamilton,88.89,8,9,-0.75
41,Jeff Maggert,88.89,8,9,-0.75
44,Steve Jones,87.50,7,8,-0.29
44,Sean Murphy,87.50,7,8,-0.71
46,Joe Durant,85.71,12,14,-0.58
47,Woody Austin,84.62,11,13,-0.64
48,Steve Allan,83.33,10,12,-0.60
48,Ben Crane,83.33,10,12,-0.80
48,Luke Donald,83.33,10,12,-0.60
48,Andrew Magee,83.33,10,12,-1.00
48,Shigeki Maruyama,83.33,10,12,-0.70
48,John Riegger,83.33,10,12,-0.80
48,Loren Roberts,83.33,10,12,-0.50
55,Jason Bohn,81.82,9,11,-0.89
55,John Cook,81.82,9,11,-0.33
55,Robert Gamez,81.82,9,11,-0.89
55,Brent Geiberger,81.82,9,11,-0.78
55,Ryan Palmer,81.82,9,11,-0.89
55,Justin Rose,81.82,9,11,-0.44
55,Heath Slocum,81.82,9,11,-0.67
62,Briny Baird,80.00,8,10,-0.75
62,Bart Bryant,80.00,8,10,-0.88
62,Brett Quigley,80.00,8,10,-0.75
62,Rory Sabbatini,80.00,8,10,-0.75
62,Joey Snyder III,80.00,8,10,-0.50
62,Dean Wilson,80.00,8,10,-0.50
68,Retief Goosen,78.57,11,14,-0.91
68,D.J. Trahan,78.57,11,14,-0.55
70,Larry Mize,77.78,7,9,-0.71
71,Stewart Cink,75.00,9,12,-0.44
71,Paul Gow,75.00,9,12,-0.22
71,Zach Johnson,75.00,9,12,-0.56
74,Jason Allred,71.43,10,14,-0.40
75,Tom Kite,70.00,7,10,-0.29
75,Arron Oberholser,70.00,7,10,-0.43
75,D.A. Points,70.00,7,10,-0.29
78,Omar Uresti,58.33,7,12,-0.71
