rank,player,%,Greens Hit,Total Holes,Relative to par
1,Adam Scott,83.33,5,6,+0.20
2,Jonathan Byrd,75.00,6,8,+0.17
2,Ernie Els,75.00,6,8,E
4,Sean O'Hair,66.67,6,9,-0.17
4,Justin Rose,66.67,4,6,E
4,Jeff Sluman,66.67,6,9,E
7,Joe Durant,62.50,5,8,+0.40
7,Jonathan Kaye,62.50,5,8,-0.40
9,Stewart Cink,61.54,8,13,-0.25
10,Briny Baird,60.00,6,10,E
10,Bart Bryant,60.00,6,10,-0.17
10,Peter Jacobsen,60.00,9,15,+0.11
10,Craig Parry,60.00,6,10,E
14,D.A. Points,57.14,8,14,E
15,Franklin Langham,56.25,9,16,E
16,Woody Austin,54.55,6,11,-0.33
16,Craig Stadler,54.55,6,11,E
18,Ben Crane,53.85,7,13,-0.43
18,Larry Mize,53.85,7,13,-0.14
20,Rob Rashell,53.33,8,15,-0.13
20,Duffy Waldorf,53.33,8,15,E
22,Paul Azinger,50.00,5,10,E
22,Chad Campbell,50.00,5,10,-0.40
22,Daniel Chopra,50.00,5,10,E
22,Luke Donald,50.00,6,12,E
22,Bob Estes,50.00,6,12,-0.17
22,Steve Jones,50.00,6,12,-0.33
22,Billy Mayfair,50.00,5,10,+0.20
22,Arron Oberholser,50.00,5,10,-0.60
22,Chris Riley,50.00,4,8,E
22,Heath Slocum,50.00,6,12,E
22,Joey Snyder III,50.00,4,8,+0.25
22,Omar Uresti,50.00,7,14,+0.14
34,D.J. Trahan,46.15,6,13,E
35,D.J. Brigman,45.45,5,11,+0.20
35,Ryan Palmer,45.45,5,11,E
35,David Toms,45.45,5,11,E
38,Tim Herron,44.44,4,9,E
38,Brett Quigley,44.44,4,9,E
38,Nick Watney,44.44,4,9,E
41,Dick Mast,43.75,7,16,-0.29
41,Loren Roberts,43.75,7,16,-0.29
43,Retief Goosen,42.86,3,7,-0.33
43,Shigeki Maruyama,42.86,6,14,-0.33
45,Rich Beem,41.67,5,12,E
46,Tom Kite,41.18,7,17,+0.14
47,Hank Kuehne,40.00,2,5,E
47,Pat Perez,40.00,4,10,-0.25
49,Robert Gamez,38.46,5,13,E
49,John Riegger,38.46,5,13,-0.60
49,Dean Wilson,38.46,5,13,-0.20
52,Tom Byrum,37.50,6,16,E
52,Vijay Singh,37.50,3,8,E
52,Charles Warren,37.50,3,8,-0.33
55,Jim Furyk,36.36,4,11,-0.25
55,Greg Meyer,36.36,4,11,E
57,Steve Flesch,35.71,5,14,-0.20
58,Brian Gay,33.33,5,15,E
58,Paul Gow,33.33,6,18,-0.17
58,Andrew Magee,33.33,4,12,E
58,Jesper Parnevik,33.33,3,9,E
62,Steve Allan,30.77,4,13,+0.25
62,Jason Bohn,30.77,4,13,+0.25
62,Zach Johnson,30.77,4,13,E
65,Tom Lehman,30.00,3,10,E
65,Tom Pernice Jr.,30.00,3,10,+0.33
65,Rory Sabbatini,30.00,3,10,E
68,John Cook,28.57,4,14,E
69,Jason Allred,27.27,3,11,E
69,Tommy Armour III,27.27,3,11,-0.33
69,Brent Geiberger,27.27,3,11,E
72,Greg Owen,25.00,2,8,E
73,Ryuji Imada,23.08,3,13,+0.33
73,Sean Murphy,23.08,3,13,E
75,Charles Howell III,22.22,2,9,-0.50
76,Jeff Maggert,20.00,2,10,E
77,Shaun Micheel,18.18,2,11,E
78,Todd Hamilton,16.67,2,12,E
