rank,player,%,Greens Hit,Total Holes,Relative to par
1,Woody Austin,100.00,1,1,E
1,Paul Azinger,100.00,2,2,-1.00
1,Rich Beem,100.00,3,3,-0.33
1,Jason Bohn,100.00,2,2,E
1,D.J. Brigman,100.00,1,1,+1.00
1,Bart Bryant,100.00,1,1,E
1,Jonathan Byrd,100.00,4,4,-0.25
1,Tom Byrum,100.00,1,1,-1.00
1,Stewart Cink,100.00,2,2,-0.50
1,John Cook,100.00,2,2,E
1,Ben Crane,100.00,1,1,E
1,Joe Durant,100.00,1,1,E
1,Jim Furyk,100.00,2,2,E
1,Brian Gay,100.00,2,2,-0.50
1,Paul Gow,100.00,4,4,E
1,Ryuji Imada,100.00,1,1,E
1,Peter Jacobsen,100.00,1,1,E
1,Zach Johnson,100.00,1,1,E
1,Jonathan Kaye,100.00,6,6,-0.17
1,Hank Kuehne,100.00,4,4,-0.50
1,Franklin Langham,100.00,3,3,-0.67
1,Tom Lehman,100.00,3,3,-0.33
1,Andrew Magee,100.00,2,2,-0.50
1,Jeff Maggert,100.00,1,1,E
1,Shigeki Maruyama,100.00,2,2,E
1,Billy Mayfair,100.00,1,1,E
1,Shaun Micheel,100.00,2,2,E
1,Sean Murphy,100.00,2,2,-0.50
1,Greg Owen,100.00,2,2,E
1,Ryan Palmer,100.00,2,2,-1.00
1,D.A. Points,100.00,4,4,+0.25
1,Justin Rose,100.00,3,3,+0.33
1,Rory Sabbatini,100.00,2,2,E
1,Adam Scott,100.00,4,4,E
1,Jeff Sluman,100.00,1,1,E
1,Craig Stadler,100.00,1,1,E
1,David Toms,100.00,1,1,E
1,D.J. Trahan,100.00,1,1,E
1,Duffy Waldorf,100.00,2,2,-0.50
1,Dean Wilson,100.00,1,1,E
41,Sean O'Hair,83.33,5,6,E
41,Charles Warren,83.33,5,6,-0.40
43,Briny Baird,75.00,3,4,E
43,Chad Campbell,75.00,3,4,-0.67
43,Todd Hamilton,75.00,3,4,E
46,Arron Oberholser,71.43,5,7,-0.20
47,Steve Flesch,66.67,2,3,-0.50
47,Jesper Parnevik,66.67,2,3,+1.00
47,Brett Quigley,66.67,2,3,E
50,Steve Jones,60.00,3,5,E
51,Steve Allan,50.00,1,2,E
51,Tommy Armour III,50.00,1,2,-1.00
51,Bob Estes,50.00,1,2,E
51,Retief Goosen,50.00,2,4,E
51,Tim Herron,50.00,2,4,-0.50
51,Tom Kite,50.00,2,4,E
51,Dick Mast,50.00,2,4,-0.50
51,Greg Meyer,50.00,2,4,-0.50
51,Larry Mize,50.00,1,2,-1.00
51,Craig Parry,50.00,2,4,-0.50
51,Tom Pernice Jr.,50.00,2,4,-0.50
51,John Riegger,50.00,1,2,E
51,Vijay Singh,50.00,1,2,E
51,Nick Watney,50.00,1,2,E
65,Joey Snyder III,25.00,1,4,E
66,Jason Allred,.00,0,1,E
66,Robert Gamez,.00,0,3,E
66,Heath Slocum,.00,0,2,E
66,Omar Uresti,.00,0,1,E
