rank,player,%,Greens Hit,Total Holes,Relative to par
1,Steve Allan,100.00,1,1,E
1,Jason Allred,100.00,2,2,+0.50
1,Tommy Armour III,100.00,1,1,E
1,Woody Austin,100.00,3,3,-0.33
1,Jason Bohn,100.00,1,1,E
1,Jonathan Byrd,100.00,1,1,E
1,Tom Byrum,100.00,2,2,-0.50
1,Daniel Chopra,100.00,3,3,E
1,Joe Durant,100.00,3,3,-0.33
1,Steve Flesch,100.00,1,1,E
1,Jim Furyk,100.00,1,1,E
1,Brian Gay,100.00,4,4,-0.50
1,Brent Geiberger,100.00,2,2,E
1,Charles Howell III,100.00,1,1,E
1,Ryuji Imada,100.00,3,3,-0.33
1,Peter Jacobsen,100.00,2,2,-0.50
1,Zach Johnson,100.00,1,1,E
1,Hank Kuehne,100.00,2,2,-0.50
1,Tom Lehman,100.00,1,1,E
1,Dick Mast,100.00,2,2,-0.50
1,Billy Mayfair,100.00,1,1,E
1,Greg Meyer,100.00,3,3,E
1,Shaun Micheel,100.00,2,2,-0.50
1,Sean O'Hair,100.00,3,3,E
1,Greg Owen,100.00,1,1,E
1,Ryan Palmer,100.00,1,1,-1.00
1,Jesper Parnevik,100.00,1,1,-1.00
1,Craig Parry,100.00,1,1,E
1,Tom Pernice Jr.,100.00,1,1,E
1,D.A. Points,100.00,1,1,E
1,Rob Rashell,100.00,2,2,E
1,Chris Riley,100.00,1,1,E
1,Justin Rose,100.00,1,1,E
1,Adam Scott,100.00,2,2,-0.50
1,Vijay Singh,100.00,2,2,-0.50
1,Heath Slocum,100.00,1,1,-1.00
1,Joey Snyder III,100.00,1,1,E
1,Craig Stadler,100.00,1,1,E
1,Duffy Waldorf,100.00,1,1,E
1,Charles Warren,100.00,1,1,E
1,Nick Watney,100.00,2,2,E
1,Dean Wilson,100.00,1,1,E
43,John Cook,75.00,3,4,-0.33
44,Robert Gamez,66.67,2,3,-1.00
44,Tom Kite,66.67,2,3,E
44,Shigeki Maruyama,66.67,2,3,-0.50
44,D.J. Trahan,66.67,2,3,-0.50
48,Briny Baird,50.00,1,2,E
48,Ernie Els,50.00,1,2,E
48,Paul Gow,50.00,2,4,+0.50
48,Jonathan Kaye,50.00,1,2,E
48,Larry Mize,50.00,1,2,-1.00
48,Sean Murphy,50.00,1,2,E
48,Loren Roberts,50.00,2,4,E
48,Rory Sabbatini,50.00,2,4,E
56,Luke Donald,33.33,1,3,E
56,Retief Goosen,33.33,1,3,E
56,Omar Uresti,33.33,1,3,E
59,D.J. Brigman,.00,0,1,E
59,Chad Campbell,.00,0,1,E
59,Ben Crane,.00,0,1,E
