rank,player,%,Total 3 Putts,Total Holes (overall)
1,Bob Tway,1.39,1,72
2,Stuart Appleby,2.78,2,72
2,Darren Clarke,2.78,2,72
2,Jim Furyk,2.78,2,72
2,Scott Hoch,2.78,2,72
6,Tommy Armour III,4.17,3,72
6,Ben Crane,4.17,3,72
6,Retief Goosen,4.17,3,72
6,J.L. Lewis,4.17,3,72
6,Davis Love III,4.17,3,72
6,Adam Scott,4.17,3,72
6,Craig Stadler,4.17,3,72
6,Kirk Triplett,4.17,3,72
6,Tiger Woods,4.17,3,72
15,Chad Campbell,5.56,4,72
15,Ernie Els,5.56,4,72
15,Steve Flesch,5.56,4,72
15,Peter Jacobsen,5.56,4,72
15,Jonathan Kaye,5.56,4,72
15,Shigeki Maruyama,5.56,4,72
21,Justin Leonard,6.94,5,72
21,Kenny Perry,6.94,5,72
23,Fred Couples,8.33,6,72
23,Frank Lickliter II,8.33,6,72
23,Mike Weir,8.33,6,72
26,Vijay Singh,9.72,7,72
27,Ben Curtis,11.11,8,72
27,Shaun Micheel,11.11,8,72
27,Rory Sabbatini,11.11,8,72
30,John Huston,13.89,10,72
