rank,player,Avg,Total 1 Putts,Total Rounds
1,Patrick Reed,11.25,45,4
2,Rickie Fowler,8.00,32,4
2,Matthew Wolff,8.00,32,4
4,Sebastián Muñoz,7.75,31,4
4,Ryan Palmer,7.75,31,4
4,Chez Reavie,7.75,31,4
7,Patrick Cantlay,7.50,30,4
7,Dustin Johnson,7.50,30,4
9,Cameron Champ,7.25,29,4
9,Lanto Griffin,7.25,29,4
9,Collin Morikawa,7.25,29,4
9,J.T. Poston,7.25,29,4
13,Justin Thomas,7.00,28,4
14,J.B. Holmes,6.75,27,4
14,Brendon Todd,6.75,27,4
16,Adam Long,6.50,26,4
16,Graeme McDowell,6.50,26,4
16,Joaquin Niemann,6.50,26,4
16,Xander Schauffele,6.50,26,4
16,Gary Woodland,6.50,26,4
21,Paul Casey,6.25,25,4
21,Kevin Kisner,6.25,25,4
21,Nate Lashley,6.25,25,4
24,Sung Kang,6.00,24,4
24,Matt Kuchar,6.00,24,4
24,Kevin Na,6.00,24,4
24,Jon Rahm,6.00,24,4
28,Keith Mitchell,5.75,23,4
28,Martin Trainer,5.75,23,4
30,Dylan Frittelli,5.25,21,4
30,Jim Herman,5.25,21,4
32,Corey Conners,4.75,19,4
32,Tyler Duncan,4.75,19,4
32,Max Homa,4.75,19,4
