rank,player,%,# of 1 putts,# of holes
1,Patrick Reed,61.11,11,18
2,Dustin Johnson,55.56,10,18
3,Patrick Cantlay,50.00,9,18
3,Rickie Fowler,50.00,9,18
3,Lanto Griffin,50.00,9,18
3,J.B. Holmes,50.00,9,18
3,J.T. Poston,50.00,9,18
3,Justin Thomas,50.00,9,18
3,Gary Woodland,50.00,9,18
10,Cameron Champ,44.44,8,18
10,Nate Lashley,44.44,8,18
10,Collin Morikawa,44.44,8,18
10,Brendon Todd,44.44,8,18
14,Tyler Duncan,38.89,7,18
14,Dylan Frittelli,38.89,7,18
14,Adam Long,38.89,7,18
14,Keith Mitchell,38.89,7,18
14,Joaquin Niemann,38.89,7,18
14,Ryan Palmer,38.89,7,18
14,Jon Rahm,38.89,7,18
14,Chez Reavie,38.89,7,18
14,Matthew Wolff,38.89,7,18
23,Paul Casey,33.33,6,18
23,Sung Kang,33.33,6,18
23,Sebastián Muñoz,33.33,6,18
23,Kevin Na,33.33,6,18
23,Martin Trainer,33.33,6,18
28,Graeme McDowell,27.78,5,18
28,Xander Schauffele,27.78,5,18
30,Corey Conners,22.22,4,18
30,Kevin Kisner,22.22,4,18
30,Matt Kuchar,22.22,4,18
33,Max Homa,16.67,3,18
34,Jim Herman,11.11,2,18
