rank,player,Distance,Year/Tourn#,Round,Hole
1,Kevin Kisner,"49' 11""",Sentry,3,13 - Par 4
2,Gary Woodland,"49' 6""",Sentry,2,15 - Par 5
3,J.B. Holmes,"42' 3""",Sentry,2,10 - Par 4
4,Dustin Johnson,"41' 9""",Sentry,2,5 - Par 5 -
5,Patrick Reed,"41' 2""",Sentry,2,4 - Par 4 -
6,Chez Reavie,"40' 9""",Sentry,3,7 - Par 4 -
7,Patrick Cantlay,"40' 7""",Sentry,3,7 - Par 4 -
8,Lanto Griffin,"40' 6""",Sentry,3,15 - Par 5
9,Max Homa,"38' 10""",Sentry,2,2 - Par 3 -
10,Graeme McDowell,"37' 1""",Sentry,2,17 - Par 4
11,J.T. Poston,"37' 1""",Sentry,1,17 - Par 4
12,Cameron Champ,"35' 5""",Sentry,1,11 - Par 3
13,Collin Morikawa,"31' 10""",Sentry,1,10 - Par 4
14,Joaquin Niemann,"30' 10""",Sentry,2,16 - Par 4
15,Matt Kuchar,"27' 3""",Sentry,2,15 - Par 5
16,Ryan Palmer,"27' 1""",Sentry,4,8 - Par 3 -
17,Sebastián Muñoz,"27' 0""",Sentry,2,1 - Par 4 -
18,Adam Long,"26' 3""",Sentry,2,1 - Par 4 -
19,Justin Thomas,"25' 11""",Sentry,2,1 - Par 4 -
20,Rickie Fowler,"24' 5""",Sentry,4,2 - Par 3 -
21,Dylan Frittelli,"23' 1""",Sentry,1,18 - Par 5
22,Jon Rahm,"23' 0""",Sentry,1,8 - Par 3 -
23,Keith Mitchell,"22' 11""",Sentry,3,3 - Par 4 -
24,Matthew Wolff,"21' 8""",Sentry,4,10 - Par 4
25,Brendon Todd,"21' 2""",Sentry,1,16 - Par 4
26,Xander Schauffele,"21' 0""",Sentry,4,13 - Par 4
27,Corey Conners,"19' 8""",Sentry,1,9 - Par 5 -
28,Kevin Na,"17' 0""",Sentry,1,15 - Par 5
29,Sung Kang,"16' 5""",Sentry,2,4 - Par 4 -
30,Nate Lashley,"16' 5""",Sentry,4,11 - Par 3
31,Paul Casey,"15' 10""",Sentry,3,14 - Par 4
32,Jim Herman,"15' 8""",Sentry,2,13 - Par 4
33,Martin Trainer,"15' 8""",Sentry,4,6 - Par 4 -
34,Tyler Duncan,"14' 0""",Sentry,1,6 - Par 4 -
