rank,player,Total,Total (for all distances),Pct of all 1-putts
1,Dustin Johnson,4,30,13.3
1,J.T. Poston,4,29,13.8
3,Patrick Cantlay,3,30,10.0
3,Dylan Frittelli,3,21,14.3
3,Ryan Palmer,3,31,9.7
3,Gary Woodland,3,26,11.5
7,Corey Conners,2,19,10.5
7,J.B. Holmes,2,27,7.4
7,Kevin Kisner,2,25,8.0
7,Matt Kuchar,2,24,8.3
7,Nate Lashley,2,25,8.0
7,Adam Long,2,26,7.7
7,Graeme McDowell,2,26,7.7
7,Sebastián Muñoz,2,31,6.5
7,Patrick Reed,2,45,4.4
7,Justin Thomas,2,28,7.1
7,Matthew Wolff,2,32,6.3
18,Paul Casey,1,25,4.0
18,Cameron Champ,1,29,3.4
18,Jim Herman,1,21,4.8
18,Max Homa,1,19,5.3
18,Sung Kang,1,24,4.2
18,Keith Mitchell,1,23,4.3
18,Kevin Na,1,24,4.2
18,Brendon Todd,1,27,3.7
18,Martin Trainer,1,23,4.3
