rank,player,%,# of 1 putts,# of holes
1,Patrick Reed,61.11,11,18
2,Cameron Champ,55.56,10,18
2,Ryan Palmer,55.56,10,18
2,Chez Reavie,55.56,10,18
5,Paul Casey,50.00,9,18
6,Dustin Johnson,44.44,8,18
6,Kevin Kisner,44.44,8,18
8,Patrick Cantlay,38.89,7,18
8,Dylan Frittelli,38.89,7,18
8,Lanto Griffin,38.89,7,18
8,Matt Kuchar,38.89,7,18
8,Nate Lashley,38.89,7,18
8,Keith Mitchell,38.89,7,18
8,Kevin Na,38.89,7,18
8,Joaquin Niemann,38.89,7,18
8,J.T. Poston,38.89,7,18
8,Justin Thomas,38.89,7,18
18,Rickie Fowler,33.33,6,18
18,Jim Herman,33.33,6,18
18,Max Homa,33.33,6,18
18,Sung Kang,33.33,6,18
18,Brendon Todd,33.33,6,18
18,Matthew Wolff,33.33,6,18
18,Gary Woodland,33.33,6,18
25,Tyler Duncan,27.78,5,18
25,Graeme McDowell,27.78,5,18
25,Collin Morikawa,27.78,5,18
25,Sebastián Muñoz,27.78,5,18
25,Jon Rahm,27.78,5,18
30,Xander Schauffele,22.22,4,18
31,Corey Conners,16.67,3,18
31,Adam Long,16.67,3,18
31,Martin Trainer,16.67,3,18
34,J.B. Holmes,11.11,2,18
