rank,player,Total,Total (for all distances),Pct of all 1-putts
1,Joaquin Niemann,6,26,23.1
2,Corey Conners,5,19,26.3
2,Matt Kuchar,5,24,20.8
2,Chez Reavie,5,31,16.1
2,Patrick Reed,5,45,11.1
2,Xander Schauffele,5,26,19.2
7,Dustin Johnson,4,30,13.3
7,Kevin Kisner,4,25,16.0
7,Collin Morikawa,4,29,13.8
7,Sebastián Muñoz,4,31,12.9
11,Paul Casey,3,25,12.0
11,Rickie Fowler,3,32,9.4
11,Lanto Griffin,3,29,10.3
11,Keith Mitchell,3,23,13.0
11,Kevin Na,3,24,12.5
11,J.T. Poston,3,29,10.3
17,Patrick Cantlay,2,30,6.7
17,Cameron Champ,2,29,6.9
17,Tyler Duncan,2,19,10.5
17,Jim Herman,2,21,9.5
17,J.B. Holmes,2,27,7.4
17,Nate Lashley,2,25,8.0
17,Adam Long,2,26,7.7
17,Graeme McDowell,2,26,7.7
17,Jon Rahm,2,24,8.3
17,Justin Thomas,2,28,7.1
17,Matthew Wolff,2,32,6.3
28,Dylan Frittelli,1,21,4.8
28,Max Homa,1,19,5.3
28,Sung Kang,1,24,4.2
28,Ryan Palmer,1,31,3.2
28,Brendon Todd,1,27,3.7
28,Gary Woodland,1,26,3.8
