rank,player,%,# of 1 putts,# of holes
1,Patrick Reed,66.67,12,18
2,Rickie Fowler,55.56,10,18
2,Graeme McDowell,55.56,10,18
2,Matthew Wolff,55.56,10,18
5,Sebastián Muñoz,50.00,9,18
6,Adam Long,44.44,8,18
6,Ryan Palmer,44.44,8,18
6,Xander Schauffele,44.44,8,18
9,Patrick Cantlay,38.89,7,18
9,Jim Herman,38.89,7,18
9,J.B. Holmes,38.89,7,18
9,Matt Kuchar,38.89,7,18
9,Collin Morikawa,38.89,7,18
9,Chez Reavie,38.89,7,18
15,Cameron Champ,33.33,6,18
15,Lanto Griffin,33.33,6,18
15,Dustin Johnson,33.33,6,18
15,Kevin Kisner,33.33,6,18
15,Nate Lashley,33.33,6,18
15,Joaquin Niemann,33.33,6,18
15,J.T. Poston,33.33,6,18
15,Justin Thomas,33.33,6,18
15,Brendon Todd,33.33,6,18
15,Martin Trainer,33.33,6,18
25,Corey Conners,27.78,5,18
25,Sung Kang,27.78,5,18
25,Jon Rahm,27.78,5,18
28,Paul Casey,22.22,4,18
28,Dylan Frittelli,22.22,4,18
28,Max Homa,22.22,4,18
28,Gary Woodland,22.22,4,18
32,Tyler Duncan,16.67,3,18
32,Keith Mitchell,16.67,3,18
34,Kevin Na,11.11,2,18
