rank,player,Total,Total (for all distances),Pct of all 1-putts
1,Rickie Fowler,12,32,37.5
1,Nate Lashley,12,25,48.0
1,Sebastián Muñoz,12,31,38.7
4,Collin Morikawa,11,29,37.9
5,Cameron Champ,10,29,34.5
5,Sung Kang,10,24,41.7
5,Justin Thomas,10,28,35.7
8,Patrick Cantlay,9,30,30.0
8,Jim Herman,9,21,42.9
8,Chez Reavie,9,31,29.0
8,Patrick Reed,9,45,20.0
8,Brendon Todd,9,27,33.3
8,Matthew Wolff,9,32,28.1
14,Paul Casey,8,25,32.0
14,Tyler Duncan,8,19,42.1
14,Kevin Kisner,8,25,32.0
14,Ryan Palmer,8,31,25.8
18,Adam Long,7,26,26.9
18,Keith Mitchell,7,23,30.4
18,Jon Rahm,7,24,29.2
18,Xander Schauffele,7,26,26.9
18,Gary Woodland,7,26,26.9
23,Dylan Frittelli,6,21,28.6
23,J.B. Holmes,6,27,22.2
23,Max Homa,6,19,31.6
23,Dustin Johnson,6,30,20.0
23,Graeme McDowell,6,26,23.1
23,Kevin Na,6,24,25.0
23,Joaquin Niemann,6,26,23.1
23,J.T. Poston,6,29,20.7
31,Martin Trainer,5,23,21.7
32,Corey Conners,4,19,21.1
32,Lanto Griffin,4,29,13.8
32,Matt Kuchar,4,24,16.7
