rank,player,Total,Total (for all distances),Pct of all 1-putts
1,Patrick Reed,25,45,55.6
2,Lanto Griffin,18,29,62.1
3,Ryan Palmer,17,31,54.8
3,Martin Trainer,17,23,73.9
3,Matthew Wolff,17,32,53.1
6,Chez Reavie,16,31,51.6
7,Cameron Champ,15,29,51.7
7,Rickie Fowler,15,32,46.9
7,J.B. Holmes,15,27,55.6
7,Graeme McDowell,15,26,57.7
7,Brendon Todd,15,27,55.6
12,Adam Long,14,26,53.8
12,Kevin Na,14,24,58.3
12,J.T. Poston,14,29,48.3
12,Jon Rahm,14,24,58.3
16,Patrick Cantlay,13,30,43.3
16,Paul Casey,13,25,52.0
16,Collin Morikawa,13,29,44.8
16,Xander Schauffele,13,26,50.0
20,Dustin Johnson,12,30,40.0
20,Sung Kang,12,24,50.0
20,Joaquin Niemann,12,26,46.2
20,Justin Thomas,12,28,42.9
20,Gary Woodland,12,26,46.2
25,Keith Mitchell,11,23,47.8
25,Sebastián Muñoz,11,31,35.5
27,Dylan Frittelli,10,21,47.6
27,Max Homa,10,19,52.6
27,Kevin Kisner,10,25,40.0
27,Matt Kuchar,10,24,41.7
31,Tyler Duncan,9,19,47.4
31,Jim Herman,9,21,42.9
31,Nate Lashley,9,25,36.0
34,Corey Conners,8,19,42.1
