rank,player,%,# of 1 putts,# of holes
1,Sebastián Muñoz,61.11,11,18
1,Patrick Reed,61.11,11,18
3,J.B. Holmes,50.00,9,18
3,Collin Morikawa,50.00,9,18
3,Kevin Na,50.00,9,18
3,Xander Schauffele,50.00,9,18
3,Matthew Wolff,50.00,9,18
8,Adam Long,44.44,8,18
8,Martin Trainer,44.44,8,18
10,Patrick Cantlay,38.89,7,18
10,Corey Conners,38.89,7,18
10,Rickie Fowler,38.89,7,18
10,Lanto Griffin,38.89,7,18
10,Sung Kang,38.89,7,18
10,Kevin Kisner,38.89,7,18
10,J.T. Poston,38.89,7,18
10,Jon Rahm,38.89,7,18
10,Chez Reavie,38.89,7,18
10,Brendon Todd,38.89,7,18
10,Gary Woodland,38.89,7,18
21,Paul Casey,33.33,6,18
21,Jim Herman,33.33,6,18
21,Max Homa,33.33,6,18
21,Dustin Johnson,33.33,6,18
21,Matt Kuchar,33.33,6,18
21,Graeme McDowell,33.33,6,18
21,Keith Mitchell,33.33,6,18
21,Joaquin Niemann,33.33,6,18
21,Ryan Palmer,33.33,6,18
21,Justin Thomas,33.33,6,18
31,Cameron Champ,27.78,5,18
32,Tyler Duncan,22.22,4,18
32,Nate Lashley,22.22,4,18
34,Dylan Frittelli,16.67,3,18
