rank,player,Avg,Total Ball Speed,Total Attempts
1,Bryson DeChambeau,192.87,771.50,4
2,Cameron Champ,191.15,"1,338.05",7
3,Lanto Griffin,179.41,"1,255.89",7
4,Adam Scott,179.30,"1,255.12",7
5,Justin Thomas,178.81,"1,072.84",6
6,Dustin Johnson,178.24,712.96,4
7,Joaquin Niemann,176.87,884.34,5
8,Tony Finau,176.63,706.54,4
9,Xander Schauffele,176.43,"1,058.57",6
10,Jon Rahm,176.28,705.11,4
11,Hudson Swafford,176.06,"1,056.34",6
12,Sergio Garcia,175.66,"1,229.61",7
13,Scottie Scheffler,174.50,872.52,5
14,Jason Kokrak,174.36,"1,220.50",7
15,Stewart Cink,174.16,"1,219.09",7
16,Patrick Cantlay,174.15,"1,219.02",7
17,Harris English,174.14,"1,044.84",6
18,Carlos Ortiz,173.89,869.43,5
19,Daniel Berger,173.39,"1,040.37",6
20,Sebastián Muñoz,172.45,"1,034.72",6
21,Viktor Hovland,172.37,"1,206.61",7
22,Hideki Matsuyama,171.81,"1,202.65",7
23,Ryan Palmer,171.75,"1,030.47",6
24,Sungjae Im,171.47,"1,028.81",6
25,Cameron Smith,171.07,"1,197.51",7
26,Martin Laird,170.70,"1,024.18",6
27,Marc Leishman,170.68,"1,024.06",6
28,Billy Horschel,170.66,"1,023.93",6
29,Patrick Reed,170.57,"1,023.42",6
30,Mackenzie Hughes,169.83,"1,188.82",7
31,Robert Streb,169.76,"1,018.57",6
32,Richy Werenski,169.72,"1,188.05",7
33,Collin Morikawa,168.86,"1,013.14",6
34,Nick Taylor,166.26,831.30,5
35,Abraham Ancer,165.86,"1,161.04",7
36,Webb Simpson,165.72,"1,160.02",7
37,Kevin Na,165.57,827.86,5
38,Michael Thompson,163.75,982.50,6
39,Andrew Landry,163.48,980.87,6
40,Kevin Kisner,163.36,"1,143.55",7
41,Brian Gay,162.74,"1,139.19",7
42,Brendon Todd,156.39,938.32,6
