rank,player,Total,Distance Rank,Accuracy Rank
1,Hudson Swafford,12,11,1
2,Billy Horschel,19,15,4
3,Sergio Garcia,23,6,17
4,Jason Kokrak,24,10,14
5,Cameron Smith,25,8,17
6,Daniel Berger,26,22,4
7,Lanto Griffin,32,5,27
8,Martin Laird,33,24,9
8,Collin Morikawa,33,29,4
10,Sebastián Muñoz,37,28,9
11,Abraham Ancer,38,36,2
11,Tony Finau,38,9,29
11,Carlos Ortiz,38,21,17
11,Jon Rahm,38,15,23
15,Harris English,39,25,14
16,Dustin Johnson,41,4,37
16,Xander Schauffele,41,12,29
16,Richy Werenski,41,19,22
19,Bryson DeChambeau,42,1,41
19,Andrew Landry,42,33,9
19,Adam Scott,42,3,39
22,Stewart Cink,43,14,29
22,Patrick Reed,43,34,9
22,Robert Streb,43,40,3
25,Cameron Champ,44,2,42
26,Kevin Kisner,45,41,4
26,Hideki Matsuyama,45,18,27
28,Viktor Hovland,46,13,33
28,Sungjae Im,46,32,14
28,Marc Leishman,46,23,23
28,Kevin Na,46,37,9
28,Brendon Todd,46,42,4
33,Justin Thomas,47,7,40
34,Mackenzie Hughes,49,26,23
35,Patrick Cantlay,53,20,33
36,Joaquin Niemann,54,17,37
36,Ryan Palmer,54,31,23
36,Michael Thompson,54,37,17
39,Brian Gay,56,39,17
40,Scottie Scheffler,59,30,29
41,Nick Taylor,63,27,36
42,Webb Simpson,68,35,33
