rank,player,Avg,Total SG:OTT,Measured Rounds
1,Bryson DeChambeau,1.626,6.504,4
2,Sergio Garcia,1.093,4.373,4
3,Carlos Ortiz,.907,3.630,4
4,Xander Schauffele,.831,3.323,4
5,Viktor Hovland,.715,2.862,4
6,Daniel Berger,.707,2.827,4
7,Sungjae Im,.662,2.650,4
8,Harris English,.635,2.541,4
9,Tony Finau,.540,2.162,4
10,Sebastián Muñoz,.496,1.985,4
11,Billy Horschel,.492,1.970,4
12,Collin Morikawa,.412,1.649,4
13,Patrick Cantlay,.334,1.337,4
14,Martin Laird,.312,1.250,4
15,Patrick Reed,.300,1.202,4
16,Richy Werenski,.261,1.044,4
17,Hudson Swafford,.260,1.039,4
18,Hideki Matsuyama,.225,.900,4
19,Ryan Palmer,.221,.884,4
20,Jon Rahm,.213,.852,4
21,Cameron Smith,.206,.824,4
22,Adam Scott,.174,.695,4
23,Cameron Champ,.130,.519,4
24,Joaquin Niemann,.085,.340,4
25,Scottie Scheffler,-.166,-.664,4
26,Dustin Johnson,-.230,-.919,4
27,Marc Leishman,-.239,-.955,4
28,Lanto Griffin,-.241,-.964,4
29,Nick Taylor,-.278,-1.113,4
30,Andrew Landry,-.367,-1.468,4
31,Jason Kokrak,-.389,-1.555,4
32,Justin Thomas,-.478,-1.910,4
33,Kevin Na,-.506,-2.025,4
34,Abraham Ancer,-.587,-2.349,4
34,Mackenzie Hughes,-.587,-2.346,4
36,Stewart Cink,-.733,-2.930,4
37,Brian Gay,-.766,-3.065,4
38,Kevin Kisner,-.875,-3.501,4
39,Robert Streb,-1.214,-4.856,4
40,Michael Thompson,-1.237,-4.949,4
41,Brendon Todd,-1.294,-5.177,4
42,Webb Simpson,-1.651,-6.602,4
