rank,player,%,Attempts,Putts made
1,Brendon Todd,71.43%,7,5
2,Justin Rose,66.67%,6,4
3,Mackenzie Hughes,60.00%,5,3
4,Taylor Moore,57.14%,7,4
5,Tony Finau,55.56%,9,5
6,Sam Burns,50.00%,6,3
6,Patrick Cantlay,50.00%,10,5
6,Tyrrell Hatton,50.00%,8,4
6,Matt Wallace,50.00%,10,5
10,Harris English,46.15%,13,6
11,Adam Svensson,45.45%,11,5
12,Emiliano Grillo,44.44%,9,4
13,Matt Fitzpatrick,42.86%,7,3
13,Sungjae Im,42.86%,7,3
15,Akshay Bhatia,41.67%,12,5
15,Keegan Bradley,41.67%,12,5
17,Corey Conners,40.00%,10,4
18,Nico Echavarria,38.46%,13,5
19,Russell Henley,37.50%,8,3
19,J.T. Poston,37.50%,8,3
19,Camilo Villegas,37.50%,16,6
22,Ludvig Åberg,33.33%,12,4
22,Jason Day,33.33%,6,2
22,Luke List,33.33%,9,3
22,Andrew Putnam,33.33%,12,4
22,Scottie Scheffler,33.33%,9,3
22,Sahith Theegala,33.33%,9,3
22,Erik van Rooyen,33.33%,3,1
29,Brian Harman,30.77%,13,4
30,Tom Hoge,30.00%,10,3
31,Si Woo Kim,28.57%,7,2
31,Hideki Matsuyama,28.57%,7,2
33,Nick Hardy,27.78%,18,5
34,Cam Davis,27.27%,11,3
34,Xander Schauffele,27.27%,11,3
36,Denny McCarthy,26.67%,15,4
37,Byeong Hun An,25.00%,8,2
37,Viktor Hovland,25.00%,8,2
39,Rickie Fowler,22.22%,9,2
39,Adam Hadwin,22.22%,9,2
39,Jordan Spieth,22.22%,9,2
42,Max Homa,21.43%,14,3
43,Vincent Norrman,20.00%,5,1
43,Patrick Rodgers,20.00%,10,2
43,Sepp Straka,20.00%,10,2
46,Chris Kirk,18.75%,16,3
47,Eric Cole,16.67%,6,1
47,Kurt Kitayama,16.67%,12,2
49,Davis Riley,14.29%,7,1
50,Lucas Glover,12.50%,8,1
50,Tom Kim,12.50%,8,1
52,Tommy Fleetwood,11.11%,9,1
53,Cameron Young,10.00%,10,1
54,Wyndham Clark,7.69%,13,1
54,Collin Morikawa,7.69%,13,1
54,Adam Schenk,7.69%,13,1
54,Nick Taylor,7.69%,13,1
58,Lee Hodges,.00%,7,0
58,Seamus Power,.00%,9,0
