rank,player,% Made,Attempts,Putts Made
1,Tony Finau,6.67%,3,2
2,Adam Hadwin,5.00%,2,1
2,Sungjae Im,5.00%,2,1
2,Si Woo Kim,5.00%,2,1
2,Andrew Putnam,5.00%,2,1
2,Davis Riley,5.00%,2,1
2,Cameron Young,5.00%,2,1
8,Denny McCarthy,3.33%,3,1
8,Seamus Power,3.33%,3,1
8,Sahith Theegala,3.33%,3,1
8,Brendon Todd,3.33%,3,1
8,Camilo Villegas,3.33%,3,1
13,Ludvig Åberg,2.50%,4,1
13,Corey Conners,2.50%,4,1
15,Tommy Fleetwood,2.00%,5,1
15,Tom Kim,2.00%,5,1
17,Kurt Kitayama,1.43%,7,1
18,Byeong Hun An,.00%,6,0
18,Akshay Bhatia,.00%,2,0
18,Keegan Bradley,.00%,3,0
18,Sam Burns,.00%,2,0
18,Patrick Cantlay,.00%,5,0
18,Wyndham Clark,.00%,4,0
18,Eric Cole,.00%,2,0
18,Cam Davis,.00%,5,0
18,Jason Day,.00%,2,0
18,Nico Echavarria,.00%,1,0
18,Harris English,.00%,3,0
18,Matt Fitzpatrick,.00%,2,0
18,Rickie Fowler,.00%,2,0
18,Lucas Glover,.00%,3,0
18,Emiliano Grillo,.00%,7,0
18,Nick Hardy,.00%,5,0
18,Brian Harman,.00%,3,0
18,Tyrrell Hatton,.00%,2,0
18,Russell Henley,.00%,4,0
18,Lee Hodges,.00%,1,0
18,Tom Hoge,.00%,5,0
18,Max Homa,.00%,5,0
18,Viktor Hovland,.00%,4,0
18,Mackenzie Hughes,.00%,3,0
18,Chris Kirk,.00%,3,0
18,Luke List,.00%,3,0
18,Hideki Matsuyama,.00%,3,0
18,Taylor Moore,.00%,3,0
18,Vincent Norrman,.00%,4,0
18,J.T. Poston,.00%,5,0
18,Patrick Rodgers,.00%,3,0
18,Justin Rose,.00%,6,0
18,Xander Schauffele,.00%,5,0
18,Scottie Scheffler,.00%,4,0
18,Adam Schenk,.00%,4,0
18,Jordan Spieth,.00%,3,0
18,Sepp Straka,.00%,3,0
18,Adam Svensson,.00%,5,0
18,Nick Taylor,.00%,5,0
18,Erik van Rooyen,.00%,2,0
18,Matt Wallace,.00%,4,0
