rank,player,%,Attempts,Putts made
1,Nick Taylor,66.67%,3,2
2,Sungjae Im,60.00%,5,3
3,Viktor Hovland,50.00%,4,2
3,Chris Kirk,50.00%,2,1
3,Denny McCarthy,50.00%,4,2
3,Sahith Theegala,50.00%,2,1
7,Eric Cole,44.44%,9,4
8,Erik van Rooyen,37.50%,8,3
9,Cam Davis,33.33%,6,2
9,Nico Echavarria,33.33%,3,1
9,Brian Harman,33.33%,6,2
9,Scottie Scheffler,33.33%,9,3
9,Adam Schenk,33.33%,3,1
14,Emiliano Grillo,28.57%,7,2
15,Harris English,25.00%,4,1
15,Si Woo Kim,25.00%,8,2
15,Luke List,25.00%,4,1
15,Davis Riley,25.00%,4,1
15,Matt Wallace,25.00%,12,3
20,Collin Morikawa,20.00%,5,1
20,Adam Svensson,20.00%,5,1
20,Camilo Villegas,20.00%,5,1
23,Tom Hoge,18.18%,11,2
24,Tommy Fleetwood,16.67%,6,1
24,Tyrrell Hatton,16.67%,6,1
24,Lee Hodges,16.67%,6,1
24,Xander Schauffele,16.67%,6,1
28,Wyndham Clark,14.29%,7,1
28,Sepp Straka,14.29%,7,1
30,Matt Fitzpatrick,12.50%,8,1
31,Sam Burns,11.11%,9,1
31,Rickie Fowler,11.11%,9,1
31,Max Homa,11.11%,9,1
31,Tom Kim,11.11%,9,1
35,Ludvig Åberg,.00%,3,0
35,Byeong Hun An,.00%,3,0
35,Akshay Bhatia,.00%,4,0
35,Keegan Bradley,.00%,6,0
35,Patrick Cantlay,.00%,5,0
35,Corey Conners,.00%,8,0
35,Jason Day,.00%,5,0
35,Tony Finau,.00%,7,0
35,Lucas Glover,.00%,4,0
35,Adam Hadwin,.00%,4,0
35,Nick Hardy,.00%,3,0
35,Russell Henley,.00%,6,0
35,Mackenzie Hughes,.00%,9,0
35,Kurt Kitayama,.00%,6,0
35,Hideki Matsuyama,.00%,5,0
35,Taylor Moore,.00%,8,0
35,Vincent Norrman,.00%,8,0
35,J.T. Poston,.00%,5,0
35,Seamus Power,.00%,6,0
35,Andrew Putnam,.00%,5,0
35,Patrick Rodgers,.00%,5,0
35,Justin Rose,.00%,4,0
35,Jordan Spieth,.00%,4,0
35,Brendon Todd,.00%,6,0
35,Cameron Young,.00%,2,0
