rank,player,%,Attempts,Putts made
1,Jason Day,60.00%,5,3
2,Nico Echavarria,55.56%,9,5
3,Byeong Hun An,50.00%,4,2
3,Sam Burns,50.00%,8,4
3,Tony Finau,50.00%,2,1
3,Kurt Kitayama,50.00%,4,2
3,Seamus Power,50.00%,8,4
8,Luke List,42.86%,7,3
8,Sahith Theegala,42.86%,7,3
10,Adam Hadwin,40.00%,10,4
10,Brian Harman,40.00%,10,4
12,Eric Cole,37.50%,8,3
13,Akshay Bhatia,33.33%,9,3
13,Harris English,33.33%,6,2
13,Davis Riley,33.33%,6,2
13,Erik van Rooyen,33.33%,12,4
17,Rickie Fowler,30.00%,10,3
18,Chris Kirk,28.57%,7,2
18,Scottie Scheffler,28.57%,7,2
18,Jordan Spieth,28.57%,7,2
21,Collin Morikawa,27.27%,11,3
22,Nick Hardy,25.00%,8,2
22,Tyrrell Hatton,25.00%,8,2
22,Tom Hoge,25.00%,8,2
22,J.T. Poston,25.00%,8,2
22,Nick Taylor,25.00%,4,1
22,Camilo Villegas,25.00%,4,1
28,Sungjae Im,22.22%,9,2
28,Taylor Moore,22.22%,9,2
28,Justin Rose,22.22%,9,2
31,Adam Svensson,21.43%,14,3
32,Wyndham Clark,20.00%,10,2
32,Corey Conners,20.00%,5,1
32,Matt Fitzpatrick,20.00%,5,1
32,Tommy Fleetwood,20.00%,5,1
32,Xander Schauffele,20.00%,10,2
37,Viktor Hovland,18.18%,11,2
38,Ludvig Åberg,16.67%,6,1
38,Lucas Glover,16.67%,6,1
38,Lee Hodges,16.67%,6,1
38,Max Homa,16.67%,6,1
38,Mackenzie Hughes,16.67%,6,1
38,Denny McCarthy,16.67%,6,1
44,Tom Kim,14.29%,14,2
44,Adam Schenk,14.29%,7,1
46,Keegan Bradley,12.50%,8,1
46,Brendon Todd,12.50%,8,1
46,Cameron Young,12.50%,8,1
49,Patrick Cantlay,11.11%,9,1
49,Emiliano Grillo,11.11%,9,1
49,Russell Henley,11.11%,9,1
49,Andrew Putnam,11.11%,9,1
53,Hideki Matsuyama,10.00%,10,1
54,Cam Davis,.00%,1,0
54,Si Woo Kim,.00%,7,0
54,Vincent Norrman,.00%,6,0
54,Patrick Rodgers,.00%,9,0
54,Sepp Straka,.00%,6,0
54,Matt Wallace,.00%,7,0
