rank,player,% Made,Attempts,Putts Made
1,Harris English,1.82%,11,2
2,Viktor Hovland,1.25%,16,2
3,Jordan Spieth,1.11%,9,1
4,Taylor Moore,1.00%,10,1
4,Vincent Norrman,1.00%,10,1
4,Camilo Villegas,1.00%,10,1
7,Corey Conners,.91%,11,1
7,Tommy Fleetwood,.91%,11,1
9,Keegan Bradley,.77%,13,1
9,Adam Hadwin,.77%,13,1
9,Luke List,.77%,13,1
12,Seamus Power,.71%,14,1
12,Patrick Rodgers,.71%,14,1
14,J.T. Poston,.67%,15,1
15,Davis Riley,.56%,18,1
16,Ludvig Åberg,.00%,9,0
16,Byeong Hun An,.00%,9,0
16,Akshay Bhatia,.00%,12,0
16,Sam Burns,.00%,7,0
16,Patrick Cantlay,.00%,13,0
16,Wyndham Clark,.00%,8,0
16,Eric Cole,.00%,10,0
16,Cam Davis,.00%,15,0
16,Jason Day,.00%,15,0
16,Nico Echavarria,.00%,8,0
16,Tony Finau,.00%,9,0
16,Matt Fitzpatrick,.00%,10,0
16,Rickie Fowler,.00%,8,0
16,Lucas Glover,.00%,10,0
16,Emiliano Grillo,.00%,7,0
16,Nick Hardy,.00%,14,0
16,Brian Harman,.00%,7,0
16,Tyrrell Hatton,.00%,7,0
16,Russell Henley,.00%,7,0
16,Lee Hodges,.00%,12,0
16,Tom Hoge,.00%,9,0
16,Max Homa,.00%,8,0
16,Mackenzie Hughes,.00%,17,0
16,Sungjae Im,.00%,10,0
16,Si Woo Kim,.00%,12,0
16,Tom Kim,.00%,8,0
16,Chris Kirk,.00%,8,0
16,Kurt Kitayama,.00%,13,0
16,Hideki Matsuyama,.00%,7,0
16,Denny McCarthy,.00%,11,0
16,Collin Morikawa,.00%,9,0
16,Andrew Putnam,.00%,12,0
16,Justin Rose,.00%,10,0
16,Xander Schauffele,.00%,14,0
16,Scottie Scheffler,.00%,12,0
16,Adam Schenk,.00%,11,0
16,Sepp Straka,.00%,14,0
16,Adam Svensson,.00%,7,0
16,Nick Taylor,.00%,14,0
16,Sahith Theegala,.00%,12,0
16,Brendon Todd,.00%,13,0
16,Erik van Rooyen,.00%,14,0
16,Matt Wallace,.00%,6,0
16,Cameron Young,.00%,11,0
