rank,player,%,Attempts,Putts made
1,Jordan Spieth,28.57%,21,6
2,Andrew Putnam,15.00%,20,3
3,Harris English,14.29%,21,3
3,Brian Harman,14.29%,14,2
5,Camilo Villegas,11.76%,17,2
5,Cameron Young,11.76%,17,2
7,Tony Finau,10.53%,19,2
7,Sahith Theegala,10.53%,19,2
9,Wyndham Clark,10.00%,20,2
9,Corey Conners,10.00%,20,2
9,Tommy Fleetwood,10.00%,20,2
12,Adam Hadwin,9.52%,21,2
12,Viktor Hovland,9.52%,21,2
12,Seamus Power,9.52%,21,2
15,Patrick Rodgers,9.09%,22,2
16,Davis Riley,8.70%,23,2
17,Nico Echavarria,8.33%,12,1
18,Kurt Kitayama,8.00%,25,2
19,Ludvig Åberg,7.69%,13,1
20,Brendon Todd,6.25%,16,1
21,Eric Cole,5.88%,17,1
21,Russell Henley,5.88%,17,1
21,Tom Hoge,5.88%,17,1
21,Sungjae Im,5.88%,17,1
21,Si Woo Kim,5.88%,17,1
21,Tom Kim,5.88%,17,1
21,Adam Svensson,5.88%,17,1
28,Keegan Bradley,5.56%,18,1
28,Matt Fitzpatrick,5.56%,18,1
28,Denny McCarthy,5.56%,18,1
31,Akshay Bhatia,5.26%,19,1
31,Emiliano Grillo,5.26%,19,1
31,Taylor Moore,5.26%,19,1
34,Luke List,5.00%,20,1
34,Vincent Norrman,5.00%,20,1
36,Sepp Straka,4.76%,21,1
37,Justin Rose,4.55%,22,1
37,Adam Schenk,4.55%,22,1
37,Nick Taylor,4.55%,22,1
40,J.T. Poston,4.35%,23,1
41,Byeong Hun An,.00%,23,0
41,Sam Burns,.00%,15,0
41,Patrick Cantlay,.00%,27,0
41,Cam Davis,.00%,26,0
41,Jason Day,.00%,19,0
41,Rickie Fowler,.00%,13,0
41,Lucas Glover,.00%,15,0
41,Nick Hardy,.00%,28,0
41,Tyrrell Hatton,.00%,17,0
41,Lee Hodges,.00%,16,0
41,Max Homa,.00%,14,0
41,Mackenzie Hughes,.00%,22,0
41,Chris Kirk,.00%,15,0
41,Hideki Matsuyama,.00%,14,0
41,Collin Morikawa,.00%,13,0
41,Xander Schauffele,.00%,21,0
41,Scottie Scheffler,.00%,17,0
41,Erik van Rooyen,.00%,17,0
41,Matt Wallace,.00%,13,0
