rank,player,Total,Distance Rank,Accuracy Rank
1,Rickie Fowler,14,11,3
2,Brendan Steele,18,9,9
2,Hudson Swafford,18,6,12
4,Dustin Johnson,20,2,18
5,Kevin Chappell,22,10,12
5,Pat Perez,22,21,1
7,Daniel Berger,26,22,4
7,Bryson DeChambeau,26,17,9
9,Jason Dufner,27,22,5
9,Justin Thomas,27,1,26
11,Patton Kizzire,31,16,15
12,Russell Henley,32,20,12
13,Ryan Armour,33,32,1
13,Brian Harman,33,27,6
13,Jon Rahm,33,7,26
16,Si Woo Kim,34,25,9
17,Marc Leishman,35,13,22
17,Grayson Murray,35,3,32
17,Jordan Spieth,35,17,18
20,Kevin Kisner,36,30,6
20,Xander Schauffele,36,5,31
22,Adam Hadwin,37,29,8
22,Billy Horschel,37,19,18
24,Brooks Koepka,38,4,34
24,Cameron Smith,38,15,23
24,Jhonattan Vegas,38,12,26
27,Austin Cook,39,24,15
28,Hideki Matsuyama,41,8,33
29,Patrick Cantlay,44,14,30
29,Kyle Stanley,44,26,18
31,D.A. Points,49,34,15
32,Jonas Blixt,54,31,23
32,Chris Stroud,54,28,26
34,Wesley Bryan,56,33,23
