rank,player,Avg,Total Ball Speed,Total Attempts
1,Dustin Johnson,182.15,728.61,4
2,Jhonattan Vegas,181.03,543.08,3
3,Jon Rahm,177.72,533.15,3
4,Brooks Koepka,177.48,709.92,4
5,Justin Thomas,177.44,709.75,4
6,Grayson Murray,177.19,708.78,4
7,Kevin Chappell,176.54,706.16,4
8,Hideki Matsuyama,175.88,703.52,4
9,Hudson Swafford,175.46,350.91,2
10,Xander Schauffele,174.64,523.93,3
11,Brendan Steele,174.43,697.74,4
12,Rickie Fowler,174.09,348.18,2
13,Marc Leishman,173.42,693.69,4
14,Jordan Spieth,171.96,687.86,4
15,Bryson DeChambeau,171.73,686.93,4
16,Patton Kizzire,171.21,684.85,4
17,Daniel Berger,170.61,682.45,4
18,Patrick Cantlay,170.27,340.54,2
19,Kyle Stanley,169.81,679.24,4
20,Adam Hadwin,169.60,508.80,3
21,Cameron Smith,169.36,508.08,3
22,Pat Perez,168.86,675.42,4
23,Billy Horschel,167.40,669.60,4
24,Russell Henley,167.20,668.80,4
25,Si Woo Kim,166.37,665.47,4
26,Jason Dufner,166.35,499.06,3
27,Jonas Blixt,165.89,663.55,4
28,Chris Stroud,165.64,662.58,4
29,Brian Harman,164.34,657.37,4
30,Kevin Kisner,164.13,492.40,3
31,Austin Cook,163.30,653.20,4
32,D.A. Points,162.94,325.88,2
33,Wesley Bryan,161.86,485.59,3
34,Ryan Armour,160.57,642.28,4
