rank,player,Avg,Total SG:OTT,Measured Rounds
1,Dustin Johnson,2.225,8.902,4
2,Kevin Chappell,1.388,5.554,4
3,Jon Rahm,1.128,4.513,4
4,Patrick Cantlay,.753,3.012,4
5,Daniel Berger,.743,2.974,4
6,Brendan Steele,.616,2.466,4
7,Bryson DeChambeau,.553,2.213,4
8,Kyle Stanley,.542,2.170,4
9,Rickie Fowler,.527,2.109,4
10,Jhonattan Vegas,.502,2.009,4
11,Xander Schauffele,.448,1.794,4
12,Justin Thomas,.382,1.529,4
13,Marc Leishman,.292,1.170,4
14,Russell Henley,.226,.903,4
15,Si Woo Kim,.219,.876,4
16,Cameron Smith,.212,.847,4
17,Hideki Matsuyama,.176,.703,4
18,Grayson Murray,.138,.553,4
19,Pat Perez,.079,.316,4
20,Patton Kizzire,.053,.214,4
21,Jordan Spieth,.016,.066,4
22,Brian Harman,-.051,-.205,4
23,Jason Dufner,-.175,-.701,4
24,Hudson Swafford,-.255,-1.021,4
25,Ryan Armour,-.314,-1.254,4
26,Austin Cook,-.349,-1.394,4
27,Billy Horschel,-.370,-1.478,4
28,Adam Hadwin,-.422,-1.688,4
29,Kevin Kisner,-.809,-3.234,4
30,Brooks Koepka,-.954,-3.817,4
31,Chris Stroud,-1.189,-4.755,4
32,D.A. Points,-1.405,-5.620,4
33,Jonas Blixt,-2.103,-8.412,4
34,Wesley Bryan,-2.826,-11.303,4
