rank,player,Avg,Total Strokes,Total Holes
1,Jordan Spieth,3.70,163,44
2,Patrick Reed,3.77,166,44
2,Brandt Snedeker,3.77,166,44
4,Brooks Koepka,3.80,167,44
4,Jimmy Walker,3.80,167,44
6,Fabián Gómez,3.82,168,44
6,J.B. Holmes,3.82,168,44
8,Rickie Fowler,3.84,169,44
8,Zach Johnson,3.84,169,44
8,Kevin Kisner,3.84,169,44
8,Peter Malnati,3.84,169,44
12,Steven Bowditch,3.86,170,44
12,Emiliano Grillo,3.86,170,44
14,Alex Cejka,3.89,171,44
14,Jason Day,3.89,171,44
14,Padraig Harrington,3.89,171,44
14,David Lingmerth,3.89,171,44
14,Bubba Watson,3.89,171,44
19,Dustin Johnson,3.91,172,44
20,Smylie Kaufman,3.93,173,44
20,Scott Piercy,3.93,173,44
20,Justin Thomas,3.93,173,44
23,Bill Haas,3.95,174,44
23,Danny Lee,3.95,174,44
25,Chris Kirk,3.98,175,44
25,Davis Love III,3.98,175,44
27,Troy Merritt,4.00,176,44
28,Graeme McDowell,4.02,177,44
29,Matt Every,4.05,178,44
30,J.J. Henry,4.07,179,44
30,Russell Knox,4.07,179,44
32,James Hahn,4.20,185,44
