rank,player,%,Par 5 Birdies or Better,Par 5 Holes
1,Jordan Spieth,87.50,14,16
2,Rickie Fowler,81.25,13,16
2,Smylie Kaufman,81.25,13,16
4,Danny Lee,75.00,12,16
5,Dustin Johnson,68.75,11,16
5,Bubba Watson,68.75,11,16
7,Jason Day,62.50,10,16
7,Bill Haas,62.50,10,16
7,Padraig Harrington,62.50,10,16
7,Chris Kirk,62.50,10,16
7,Peter Malnati,62.50,10,16
7,Troy Merritt,62.50,10,16
7,Patrick Reed,62.50,10,16
7,Brandt Snedeker,62.50,10,16
7,Jimmy Walker,62.50,10,16
16,Fabián Gómez,56.25,9,16
16,Emiliano Grillo,56.25,9,16
16,Russell Knox,56.25,9,16
16,Brooks Koepka,56.25,9,16
16,Scott Piercy,56.25,9,16
16,Justin Thomas,56.25,9,16
22,Steven Bowditch,50.00,8,16
22,Zach Johnson,50.00,8,16
22,David Lingmerth,50.00,8,16
22,Davis Love III,50.00,8,16
26,Matt Every,43.75,7,16
26,James Hahn,43.75,7,16
26,J.B. Holmes,43.75,7,16
26,Kevin Kisner,43.75,7,16
26,Graeme McDowell,43.75,7,16
31,Alex Cejka,37.50,6,16
32,J.J. Henry,18.75,3,16
