rank,player,Avg,Total Strokes,Total Holes
1,Jordan Spieth,4.00,64,16
2,Rickie Fowler,4.13,66,16
2,Danny Lee,4.13,66,16
4,Smylie Kaufman,4.19,67,16
5,Dustin Johnson,4.31,69,16
6,Bill Haas,4.38,70,16
6,Padraig Harrington,4.38,70,16
6,Brooks Koepka,4.38,70,16
6,Peter Malnati,4.38,70,16
6,Troy Merritt,4.38,70,16
6,Patrick Reed,4.38,70,16
6,Justin Thomas,4.38,70,16
6,Bubba Watson,4.38,70,16
14,Jason Day,4.44,71,16
14,Fabián Gómez,4.44,71,16
14,Russell Knox,4.44,71,16
14,Scott Piercy,4.44,71,16
14,Brandt Snedeker,4.44,71,16
19,Emiliano Grillo,4.50,72,16
19,Zach Johnson,4.50,72,16
19,Chris Kirk,4.50,72,16
19,Kevin Kisner,4.50,72,16
19,David Lingmerth,4.50,72,16
19,Jimmy Walker,4.50,72,16
25,Graeme McDowell,4.56,73,16
26,Steven Bowditch,4.63,74,16
26,Alex Cejka,4.63,74,16
26,Matt Every,4.63,74,16
26,James Hahn,4.63,74,16
30,J.B. Holmes,4.69,75,16
30,Davis Love III,4.69,75,16
32,J.J. Henry,5.00,80,16
