rank,player,Status,Par 5 Avg,Total Par
1,Jordan Spieth,-16,4.00,.80
2,Rickie Fowler,-14,4.13,.80
2,Danny Lee,-14,4.13,.80
4,Smylie Kaufman,-13,4.19,.80
5,Dustin Johnson,-11,4.31,.80
6,Bill Haas,-10,4.38,.80
6,Padraig Harrington,-10,4.38,.80
6,Brooks Koepka,-10,4.38,.80
6,Peter Malnati,-10,4.38,.80
6,Troy Merritt,-10,4.38,.80
6,Patrick Reed,-10,4.38,.80
6,Justin Thomas,-10,4.38,.80
6,Bubba Watson,-10,4.38,.80
14,Jason Day,-9,4.44,.80
14,Fabián Gómez,-9,4.44,.80
14,Russell Knox,-9,4.44,.80
14,Scott Piercy,-9,4.44,.80
14,Brandt Snedeker,-9,4.44,.80
19,Emiliano Grillo,-8,4.50,.80
19,Zach Johnson,-8,4.50,.80
19,Chris Kirk,-8,4.50,.80
19,Kevin Kisner,-8,4.50,.80
19,David Lingmerth,-8,4.50,.80
19,Jimmy Walker,-8,4.50,.80
25,Graeme McDowell,-7,4.56,.80
26,Steven Bowditch,-6,4.63,.80
26,Alex Cejka,-6,4.63,.80
26,Matt Every,-6,4.63,.80
26,James Hahn,-6,4.63,.80
30,J.B. Holmes,-5,4.69,.80
30,Davis Love III,-5,4.69,.80
32,J.J. Henry,E,5.00,.80
