rank,player,Status,Par 4 Avg,Total Par
1,Jordan Spieth,-13,3.70,1.76
2,Patrick Reed,-10,3.77,1.76
2,Brandt Snedeker,-10,3.77,1.76
4,Brooks Koepka,-9,3.80,1.76
4,Jimmy Walker,-9,3.80,1.76
6,Fabián Gómez,-8,3.82,1.76
6,J.B. Holmes,-8,3.82,1.76
8,Rickie Fowler,-7,3.84,1.76
8,Zach Johnson,-7,3.84,1.76
8,Kevin Kisner,-7,3.84,1.76
8,Peter Malnati,-7,3.84,1.76
12,Steven Bowditch,-6,3.86,1.76
12,Emiliano Grillo,-6,3.86,1.76
14,Alex Cejka,-5,3.89,1.76
14,Jason Day,-5,3.89,1.76
14,Padraig Harrington,-5,3.89,1.76
14,David Lingmerth,-5,3.89,1.76
14,Bubba Watson,-5,3.89,1.76
19,Dustin Johnson,-4,3.91,1.76
20,Smylie Kaufman,-3,3.93,1.76
20,Scott Piercy,-3,3.93,1.76
20,Justin Thomas,-3,3.93,1.76
23,Bill Haas,-2,3.95,1.76
23,Danny Lee,-2,3.95,1.76
25,Chris Kirk,-1,3.98,1.76
25,Davis Love III,-1,3.98,1.76
27,Troy Merritt,E,4.00,1.76
28,Graeme McDowell,+1,4.02,1.76
29,Matt Every,+2,4.05,1.76
30,J.J. Henry,+3,4.07,1.76
30,Russell Knox,+3,4.07,1.76
32,James Hahn,+9,4.20,1.76
