rank,player,%,Par 3 Birdies or Better,Par 3 Holes
1,Steven Bowditch,33.33,4,12
2,Jason Day,25.00,3,12
2,Padraig Harrington,25.00,3,12
2,Kevin Kisner,25.00,3,12
2,Brooks Koepka,25.00,3,12
2,David Lingmerth,25.00,3,12
2,Troy Merritt,25.00,3,12
2,Brandt Snedeker,25.00,3,12
2,Jordan Spieth,25.00,3,12
10,Matt Every,16.67,2,12
10,Dustin Johnson,16.67,2,12
10,Russell Knox,16.67,2,12
10,Patrick Reed,16.67,2,12
10,Justin Thomas,16.67,2,12
15,Alex Cejka,8.33,1,12
15,Rickie Fowler,8.33,1,12
15,Fabián Gómez,8.33,1,12
15,Emiliano Grillo,8.33,1,12
15,Bill Haas,8.33,1,12
15,James Hahn,8.33,1,12
15,J.B. Holmes,8.33,1,12
15,Smylie Kaufman,8.33,1,12
15,Danny Lee,8.33,1,12
15,Davis Love III,8.33,1,12
15,Peter Malnati,8.33,1,12
15,Scott Piercy,8.33,1,12
15,Jimmy Walker,8.33,1,12
15,Bubba Watson,8.33,1,12
29,J.J. Henry,.00,0,12
29,Zach Johnson,.00,0,12
29,Chris Kirk,.00,0,12
29,Graeme McDowell,.00,0,12
