rank,player,Avg,Total Strokes,Total Holes
1,Steven Bowditch,2.75,33,12
2,Padraig Harrington,2.83,34,12
2,Russell Knox,2.83,34,12
2,Brooks Koepka,2.83,34,12
2,Troy Merritt,2.83,34,12
2,Patrick Reed,2.83,34,12
2,Brandt Snedeker,2.83,34,12
8,Jason Day,2.92,35,12
8,Matt Every,2.92,35,12
8,Kevin Kisner,2.92,35,12
8,David Lingmerth,2.92,35,12
8,Jordan Spieth,2.92,35,12
13,Alex Cejka,3.00,36,12
13,Fabián Gómez,3.00,36,12
13,Bill Haas,3.00,36,12
13,James Hahn,3.00,36,12
13,J.J. Henry,3.00,36,12
13,Dustin Johnson,3.00,36,12
13,Chris Kirk,3.00,36,12
13,Peter Malnati,3.00,36,12
13,Bubba Watson,3.00,36,12
22,Rickie Fowler,3.08,37,12
23,Emiliano Grillo,3.17,38,12
23,Smylie Kaufman,3.17,38,12
23,Danny Lee,3.17,38,12
23,Davis Love III,3.17,38,12
23,Graeme McDowell,3.17,38,12
23,Justin Thomas,3.17,38,12
23,Jimmy Walker,3.17,38,12
30,Scott Piercy,3.25,39,12
31,J.B. Holmes,3.33,40,12
31,Zach Johnson,3.33,40,12
