rank,player,%,Par 4 Birdies or Better,Par 4 Holes
1,Zach Johnson,31.82,14,44
1,Kevin Kisner,31.82,14,44
3,Brooks Koepka,29.55,13,44
3,Jordan Spieth,29.55,13,44
3,Jimmy Walker,29.55,13,44
6,J.B. Holmes,27.27,12,44
6,Peter Malnati,27.27,12,44
8,Steven Bowditch,25.00,11,44
8,Fabián Gómez,25.00,11,44
8,Emiliano Grillo,25.00,11,44
8,Brandt Snedeker,25.00,11,44
8,Bubba Watson,25.00,11,44
13,Alex Cejka,22.73,10,44
13,Jason Day,22.73,10,44
13,Matt Every,22.73,10,44
13,Smylie Kaufman,22.73,10,44
13,Davis Love III,22.73,10,44
13,Scott Piercy,22.73,10,44
13,Patrick Reed,22.73,10,44
13,Justin Thomas,22.73,10,44
21,Rickie Fowler,20.45,9,44
21,Dustin Johnson,20.45,9,44
21,Danny Lee,20.45,9,44
21,David Lingmerth,20.45,9,44
25,Padraig Harrington,18.18,8,44
26,Chris Kirk,15.91,7,44
26,Graeme McDowell,15.91,7,44
26,Troy Merritt,15.91,7,44
29,Bill Haas,13.64,6,44
30,J.J. Henry,11.36,5,44
31,James Hahn,9.09,4,44
31,Russell Knox,9.09,4,44
