rank,player,Avg RTP,Total Holes,Total RTP
1,Peter Lonard,+.111,9,+1.00
2,Mark Calcavecchia,+.182,11,+2.00
3,Ben Crane,+.200,5,+1.00
3,Heath Slocum,+.200,5,+1.00
5,Justin Leonard,+.222,9,+2.00
6,Geoff Ogilvy,+.250,4,+1.00
6,Vaughn Taylor,+.250,4,+1.00
8,Stuart Appleby,+.286,7,+2.00
8,Lucas Glover,+.286,7,+2.00
10,Michael Campbell,+.333,9,+3.00
10,Robert Gamez,+.333,9,+3.00
12,Jim Furyk,+.400,5,+2.00
12,Sergio Garcia,+.400,5,+2.00
14,K.J. Choi,+.417,12,+5.00
15,David Toms,+.429,7,+3.00
16,"Wes Short, Jr.",+.444,9,+4.00
17,Jason Bohn,+.455,11,+5.00
18,Fred Funk,+.462,13,+6.00
19,Brad Faxon,+.500,10,+5.00
19,Tim Petrovic,+.500,6,+3.00
21,Olin Browne,+.556,9,+5.00
21,Ted Purdy,+.556,9,+5.00
23,Sean O'Hair,+.583,12,+7.00
24,Carl Pettersson,+.625,8,+5.00
25,Bart Bryant,+.667,3,+2.00
25,Kenny Perry,+.667,9,+6.00
27,Vijay Singh,+.800,5,+4.00
28,Jason Gore,+.875,8,+7.00
