rank,player,Avg RTP,Total Holes,Total RTP
1,Peter Lonard,+.125,8,+1.00
2,Stuart Appleby,+.250,8,+2.00
3,Justin Leonard,+.273,11,+3.00
4,Sergio Garcia,+.286,7,+2.00
5,Mark Calcavecchia,+.333,12,+4.00
6,Tim Petrovic,+.400,10,+4.00
6,Vijay Singh,+.400,5,+2.00
6,Vaughn Taylor,+.400,5,+2.00
9,K.J. Choi,+.444,9,+4.00
10,Jason Bohn,+.462,13,+6.00
11,Michael Campbell,+.500,10,+5.00
11,Lucas Glover,+.500,10,+5.00
13,Fred Funk,+.545,11,+6.00
14,"Wes Short, Jr.",+.556,9,+5.00
15,Ben Crane,+.611,18,+11.00
16,David Toms,+.636,11,+7.00
17,Kenny Perry,+.667,9,+6.00
18,Sean O'Hair,+.688,16,+11.00
19,Robert Gamez,+.692,13,+9.00
20,Jim Furyk,+.750,4,+3.00
21,Olin Browne,+.800,10,+8.00
21,Geoff Ogilvy,+.800,5,+4.00
23,Brad Faxon,+.833,6,+5.00
24,Carl Pettersson,+.846,13,+11.00
25,Bart Bryant,+1.000,1,+1.00
25,Jason Gore,+1.000,9,+9.00
25,Heath Slocum,+1.000,8,+8.00
28,Ted Purdy,+1.111,9,+10.00
