rank,player,Avg RTP,Total Holes,Total RTP
1,Stuart Appleby,+.400,5,+2.00
2,Tim Petrovic,+.500,8,+4.00
3,Vaughn Taylor,+.600,5,+3.00
4,Olin Browne,+.667,9,+6.00
4,Bart Bryant,+.667,6,+4.00
4,Michael Campbell,+.667,6,+4.00
4,Fred Funk,+.667,9,+6.00
4,Justin Leonard,+.667,6,+4.00
4,Peter Lonard,+.667,6,+4.00
4,David Toms,+.667,6,+4.00
11,Jason Bohn,+.750,8,+6.00
11,Mark Calcavecchia,+.750,4,+3.00
11,Kenny Perry,+.750,4,+3.00
11,Ted Purdy,+.750,8,+6.00
15,Robert Gamez,+.889,9,+8.00
16,Brad Faxon,+.929,14,+13.00
17,Jim Furyk,+1.000,2,+2.00
17,Sergio Garcia,+1.000,3,+3.00
17,Geoff Ogilvy,+1.000,8,+8.00
17,Carl Pettersson,+1.000,7,+7.00
17,"Wes Short, Jr.",+1.000,3,+3.00
17,Heath Slocum,+1.000,7,+7.00
23,Ben Crane,+1.111,9,+10.00
24,Lucas Glover,+1.250,4,+5.00
24,Vijay Singh,+1.250,4,+5.00
26,K.J. Choi,+1.333,6,+8.00
27,Jason Gore,+1.364,11,+15.00
28,Sean O'Hair,+1.778,9,+16.00
