rank,player,Avg RTP,Total Holes,Total RTP
1,Stuart Appleby,E,5,E
1,Vijay Singh,E,2,E
3,Sergio Garcia,+.200,5,+1.00
4,Jason Gore,+.375,8,+3.00
5,Ben Crane,+.400,15,+6.00
5,Brad Faxon,+.400,10,+4.00
5,Peter Lonard,+.400,10,+4.00
5,Vaughn Taylor,+.400,5,+2.00
9,Justin Leonard,+.429,7,+3.00
10,Lucas Glover,+.444,9,+4.00
11,"Wes Short, Jr.",+.455,11,+5.00
12,Jason Bohn,+.500,4,+2.00
12,Michael Campbell,+.500,6,+3.00
12,K.J. Choi,+.500,6,+3.00
12,Fred Funk,+.500,4,+2.00
16,Sean O'Hair,+.556,9,+5.00
17,Geoff Ogilvy,+.571,7,+4.00
18,Tim Petrovic,+.615,13,+8.00
19,Jim Furyk,+.625,8,+5.00
20,Mark Calcavecchia,+.667,6,+4.00
21,Carl Pettersson,+.700,10,+7.00
22,Robert Gamez,+.714,7,+5.00
22,Kenny Perry,+.714,7,+5.00
22,David Toms,+.714,7,+5.00
25,Olin Browne,+.750,8,+6.00
26,Bart Bryant,+1.000,4,+4.00
26,Heath Slocum,+1.000,5,+5.00
28,Ted Purdy,+1.125,8,+9.00
