rank,player,%,# of 1 putts,# of holes
1,Michael Kim,66.67,12,18
2,Bryson DeChambeau,50.00,9,18
3,Cameron Champ,44.44,8,18
3,Jason Day,44.44,8,18
3,Xander Schauffele,44.44,8,18
3,Kevin Tway,44.44,8,18
7,Keegan Bradley,38.89,7,18
7,Paul Casey,38.89,7,18
7,Patton Kizzire,38.89,7,18
7,Marc Leishman,38.89,7,18
7,Rory McIlroy,38.89,7,18
7,Francesco Molinari,38.89,7,18
7,Gary Woodland,38.89,7,18
14,Charles Howell III,33.33,6,18
14,Matt Kuchar,33.33,6,18
14,Scott Piercy,33.33,6,18
14,Webb Simpson,33.33,6,18
14,Brandt Snedeker,33.33,6,18
19,Brice Garnett,27.78,5,18
19,Billy Horschel,27.78,5,18
19,Dustin Johnson,27.78,5,18
19,Brooks Koepka,27.78,5,18
19,Andrew Landry,27.78,5,18
19,"Ted Potter, Jr.",27.78,5,18
19,Andrew Putnam,27.78,5,18
19,Patrick Reed,27.78,5,18
19,Bubba Watson,27.78,5,18
19,Aaron Wise,27.78,5,18
29,Satoshi Kodaira,22.22,4,18
29,Troy Merritt,22.22,4,18
29,Ian Poulter,22.22,4,18
29,Jon Rahm,22.22,4,18
29,Justin Thomas,22.22,4,18
