rank,player,Distance,Year/Tourn#,Round,Hole
1,Brice Garnett,"71' 4""",Sentry,2,13 - Par 4
2,Gary Woodland,"63' 11""",Sentry,3,15 - Par 5
3,Jon Rahm,"62' 10""",Sentry,3,13 - Par 4
4,Satoshi Kodaira,"53' 9""",Sentry,3,7 - Par 4 -
5,Dustin Johnson,"53' 5""",Sentry,3,11 - Par 3
6,Jason Day,"50' 11""",Sentry,3,13 - Par 4
7,Cameron Champ,"50' 3""",Sentry,4,11 - Par 3
8,Bryson DeChambeau,"43' 0""",Sentry,3,13 - Par 4
9,Keegan Bradley,"40' 9""",Sentry,2,7 - Par 4 -
10,Matt Kuchar,"40' 8""",Sentry,2,10 - Par 4
11,Scott Piercy,"35' 7""",Sentry,3,6 - Par 4 -
12,Xander Schauffele,"30' 3""",Sentry,2,2 - Par 3 -
13,Marc Leishman,"29' 6""",Sentry,2,11 - Par 3
14,Bubba Watson,"29' 4""",Sentry,3,17 - Par 4
15,Patton Kizzire,"27' 1""",Sentry,1,6 - Par 4 -
16,Charles Howell III,"27' 0""",Sentry,1,13 - Par 4
17,Andrew Landry,"25' 2""",Sentry,3,10 - Par 4
18,Kevin Tway,"24' 6""",Sentry,2,14 - Par 4
19,Brooks Koepka,"24' 3""",Sentry,4,4 - Par 4 -
20,Troy Merritt,"23' 11""",Sentry,4,13 - Par 4
21,Patrick Reed,"22' 8""",Sentry,3,3 - Par 4 -
22,Webb Simpson,"22' 7""",Sentry,4,9 - Par 5 -
23,Andrew Putnam,"21' 11""",Sentry,3,3 - Par 4 -
24,Ian Poulter,"20' 10""",Sentry,1,16 - Par 4
25,Brandt Snedeker,"19' 7""",Sentry,3,16 - Par 4
26,Aaron Wise,"19' 7""",Sentry,2,14 - Par 4
27,Francesco Molinari,"17' 8""",Sentry,1,15 - Par 5
28,Billy Horschel,"16' 9""",Sentry,2,3 - Par 4 -
29,Paul Casey,"14' 6""",Sentry,2,15 - Par 5
30,Justin Thomas,"14' 3""",Sentry,3,18 - Par 5
31,Michael Kim,"13' 7""",Sentry,4,12 - Par 4
32,"Ted Potter, Jr.","12' 4""",Sentry,2,6 - Par 4 -
33,Rory McIlroy,"11' 5""",Sentry,3,4 - Par 4 -
