rank,player,Total,Total (for all distances),Pct of all 1-putts
1,Cameron Champ,6,25,24.0
2,Jason Day,3,27,11.1
2,Marc Leishman,3,26,11.5
2,Gary Woodland,3,24,12.5
5,Brice Garnett,2,25,8.0
5,Scott Piercy,2,27,7.4
7,Keegan Bradley,1,17,5.9
7,Bryson DeChambeau,1,31,3.2
7,Charles Howell III,1,28,3.6
7,Dustin Johnson,1,32,3.1
7,Patton Kizzire,1,28,3.6
7,Satoshi Kodaira,1,22,4.5
7,Matt Kuchar,1,24,4.2
7,Andrew Landry,1,25,4.0
7,Jon Rahm,1,22,4.5
7,Xander Schauffele,1,26,3.8
7,Bubba Watson,1,20,5.0
