rank,player,%,# of 1 putts,# of holes
1,Dustin Johnson,61.11,11,18
2,Paul Casey,55.56,10,18
2,Troy Merritt,55.56,10,18
4,Andrew Putnam,44.44,8,18
4,Brandt Snedeker,44.44,8,18
6,Michael Kim,38.89,7,18
6,Patton Kizzire,38.89,7,18
6,Satoshi Kodaira,38.89,7,18
6,Matt Kuchar,38.89,7,18
6,Marc Leishman,38.89,7,18
6,Scott Piercy,38.89,7,18
12,Bryson DeChambeau,33.33,6,18
12,Brice Garnett,33.33,6,18
12,Charles Howell III,33.33,6,18
12,Brooks Koepka,33.33,6,18
12,Andrew Landry,33.33,6,18
12,Rory McIlroy,33.33,6,18
12,"Ted Potter, Jr.",33.33,6,18
12,Jon Rahm,33.33,6,18
12,Patrick Reed,33.33,6,18
12,Xander Schauffele,33.33,6,18
12,Kevin Tway,33.33,6,18
12,Aaron Wise,33.33,6,18
12,Gary Woodland,33.33,6,18
25,Jason Day,27.78,5,18
25,Ian Poulter,27.78,5,18
25,Justin Thomas,27.78,5,18
25,Bubba Watson,27.78,5,18
29,Billy Horschel,22.22,4,18
29,Francesco Molinari,22.22,4,18
29,Webb Simpson,22.22,4,18
32,Keegan Bradley,16.67,3,18
32,Cameron Champ,16.67,3,18
