rank,player,Total,Total (for all distances),Pct of all 1-putts
1,Dustin Johnson,22,32,68.8
1,Michael Kim,22,35,62.9
3,Kevin Tway,20,30,66.7
4,Charles Howell III,17,28,60.7
5,Billy Horschel,16,20,80.0
6,Patrick Reed,15,24,62.5
6,Webb Simpson,15,24,62.5
6,Brandt Snedeker,15,26,57.7
9,Troy Merritt,14,28,50.0
9,Francesco Molinari,14,26,53.8
11,Paul Casey,13,26,50.0
11,Matt Kuchar,13,24,54.2
11,Marc Leishman,13,26,50.0
11,Scott Piercy,13,27,48.1
11,"Ted Potter, Jr.",13,24,54.2
11,Andrew Putnam,13,32,40.6
11,Xander Schauffele,13,26,50.0
11,Justin Thomas,13,24,54.2
11,Bubba Watson,13,20,65.0
20,Brice Garnett,12,25,48.0
20,Brooks Koepka,12,24,50.0
20,Jon Rahm,12,22,54.5
23,Keegan Bradley,10,17,58.8
23,Cameron Champ,10,25,40.0
23,Jason Day,10,27,37.0
23,Patton Kizzire,10,28,35.7
23,Andrew Landry,10,25,40.0
28,Ian Poulter,9,21,42.9
29,Satoshi Kodaira,8,22,36.4
29,Rory McIlroy,8,18,44.4
29,Aaron Wise,8,21,38.1
29,Gary Woodland,8,24,33.3
33,Bryson DeChambeau,7,31,22.6
