rank,player,%,# of 1 putts,# of holes
1,Bryson DeChambeau,66.67,12,18
2,Dustin Johnson,55.56,10,18
2,Andrew Putnam,55.56,10,18
2,Kevin Tway,55.56,10,18
5,Marc Leishman,50.00,9,18
5,Patrick Reed,50.00,9,18
7,Cameron Champ,44.44,8,18
7,Jason Day,44.44,8,18
7,Michael Kim,44.44,8,18
7,Andrew Landry,44.44,8,18
7,Francesco Molinari,44.44,8,18
12,Scott Piercy,38.89,7,18
12,Ian Poulter,38.89,7,18
12,Justin Thomas,38.89,7,18
12,Aaron Wise,38.89,7,18
12,Gary Woodland,38.89,7,18
17,Keegan Bradley,33.33,6,18
17,Brice Garnett,33.33,6,18
17,Billy Horschel,33.33,6,18
17,Charles Howell III,33.33,6,18
17,Brooks Koepka,33.33,6,18
17,Matt Kuchar,33.33,6,18
17,Troy Merritt,33.33,6,18
24,Patton Kizzire,27.78,5,18
24,"Ted Potter, Jr.",27.78,5,18
24,Jon Rahm,27.78,5,18
24,Xander Schauffele,27.78,5,18
24,Webb Simpson,27.78,5,18
29,Paul Casey,22.22,4,18
29,Satoshi Kodaira,22.22,4,18
29,Brandt Snedeker,22.22,4,18
29,Bubba Watson,22.22,4,18
33,Rory McIlroy,11.11,2,18
