rank,player,%,# of 1 putts,# of holes
1,Charles Howell III,55.56,10,18
2,Patton Kizzire,50.00,9,18
2,Andrew Putnam,50.00,9,18
2,Webb Simpson,50.00,9,18
5,Brice Garnett,44.44,8,18
5,Michael Kim,44.44,8,18
5,Troy Merritt,44.44,8,18
5,"Ted Potter, Jr.",44.44,8,18
5,Brandt Snedeker,44.44,8,18
5,Justin Thomas,44.44,8,18
11,Satoshi Kodaira,38.89,7,18
11,Brooks Koepka,38.89,7,18
11,Francesco Molinari,38.89,7,18
11,Scott Piercy,38.89,7,18
11,Jon Rahm,38.89,7,18
11,Xander Schauffele,38.89,7,18
17,Cameron Champ,33.33,6,18
17,Jason Day,33.33,6,18
17,Dustin Johnson,33.33,6,18
17,Andrew Landry,33.33,6,18
17,Kevin Tway,33.33,6,18
17,Bubba Watson,33.33,6,18
23,Paul Casey,27.78,5,18
23,Billy Horschel,27.78,5,18
23,Matt Kuchar,27.78,5,18
23,Ian Poulter,27.78,5,18
27,Bryson DeChambeau,22.22,4,18
27,Patrick Reed,22.22,4,18
27,Gary Woodland,22.22,4,18
30,Marc Leishman,16.67,3,18
30,Rory McIlroy,16.67,3,18
30,Aaron Wise,16.67,3,18
33,Keegan Bradley,5.56,1,18
