rank,player,Total,Total (for all distances),Pct of all 1-putts
1,Aaron Wise,4,21,19.0
2,Andrew Landry,3,25,12.0
2,Andrew Putnam,3,32,9.4
2,Brandt Snedeker,3,26,11.5
5,Cameron Champ,2,25,8.0
6,Keegan Bradley,1,17,5.9
6,Jason Day,1,27,3.7
6,Brice Garnett,1,25,4.0
6,Billy Horschel,1,20,5.0
6,Charles Howell III,1,28,3.6
6,Dustin Johnson,1,32,3.1
6,Patton Kizzire,1,28,3.6
6,Brooks Koepka,1,24,4.2
6,Marc Leishman,1,26,3.8
6,Francesco Molinari,1,26,3.8
6,Ian Poulter,1,21,4.8
6,Patrick Reed,1,24,4.2
6,Xander Schauffele,1,26,3.8
6,Bubba Watson,1,20,5.0
6,Gary Woodland,1,24,4.2
