rank,player,Total,Total (for all distances),Pct of all 1-putts
1,Bryson DeChambeau,14,31,45.2
2,Andrew Putnam,10,32,31.3
3,Michael Kim,9,35,25.7
3,Satoshi Kodaira,9,22,40.9
3,Andrew Landry,9,25,36.0
3,Troy Merritt,9,28,32.1
3,Scott Piercy,9,27,33.3
3,Ian Poulter,9,21,42.9
3,Jon Rahm,9,22,40.9
10,Paul Casey,8,26,30.8
10,Jason Day,8,27,29.6
10,Charles Howell III,8,28,28.6
10,Brooks Koepka,8,24,33.3
10,Marc Leishman,8,26,30.8
10,Kevin Tway,8,30,26.7
16,Brice Garnett,7,25,28.0
16,Patton Kizzire,7,28,25.0
16,Rory McIlroy,7,18,38.9
16,"Ted Potter, Jr.",7,24,29.2
16,Xander Schauffele,7,26,26.9
16,Justin Thomas,7,24,29.2
22,Cameron Champ,6,25,24.0
22,Matt Kuchar,6,24,25.0
22,Brandt Snedeker,6,26,23.1
22,Aaron Wise,6,21,28.6
22,Gary Woodland,6,24,25.0
27,Dustin Johnson,5,32,15.6
27,Francesco Molinari,5,26,19.2
29,Keegan Bradley,3,17,17.6
29,Patrick Reed,3,24,12.5
29,Webb Simpson,3,24,12.5
29,Bubba Watson,3,20,15.0
33,Billy Horschel,2,20,10.0
