rank,player,Avg,Total 1 Putts,Total Rounds
1,Michael Kim,8.75,35,4
2,Dustin Johnson,8.00,32,4
2,Andrew Putnam,8.00,32,4
4,Bryson DeChambeau,7.75,31,4
5,Kevin Tway,7.50,30,4
6,Charles Howell III,7.00,28,4
6,Patton Kizzire,7.00,28,4
6,Troy Merritt,7.00,28,4
9,Jason Day,6.75,27,4
9,Scott Piercy,6.75,27,4
11,Paul Casey,6.50,26,4
11,Marc Leishman,6.50,26,4
11,Francesco Molinari,6.50,26,4
11,Xander Schauffele,6.50,26,4
11,Brandt Snedeker,6.50,26,4
16,Cameron Champ,6.25,25,4
16,Brice Garnett,6.25,25,4
16,Andrew Landry,6.25,25,4
19,Brooks Koepka,6.00,24,4
19,Matt Kuchar,6.00,24,4
19,"Ted Potter, Jr.",6.00,24,4
19,Patrick Reed,6.00,24,4
19,Webb Simpson,6.00,24,4
19,Justin Thomas,6.00,24,4
19,Gary Woodland,6.00,24,4
26,Satoshi Kodaira,5.50,22,4
26,Jon Rahm,5.50,22,4
28,Ian Poulter,5.25,21,4
28,Aaron Wise,5.25,21,4
30,Billy Horschel,5.00,20,4
30,Bubba Watson,5.00,20,4
32,Rory McIlroy,4.50,18,4
33,Keegan Bradley,4.25,17,4
