rank,player,Total,Total (for all distances),Pct of all 1-putts
1,Bryson DeChambeau,8,31,25.8
2,Patton Kizzire,6,28,21.4
2,Francesco Molinari,6,26,23.1
4,Paul Casey,5,26,19.2
4,Andrew Putnam,5,32,15.6
4,Webb Simpson,5,24,20.8
4,Gary Woodland,5,24,20.8
8,Jason Day,4,27,14.8
8,Michael Kim,4,35,11.4
8,Satoshi Kodaira,4,22,18.2
8,Matt Kuchar,4,24,16.7
8,Troy Merritt,4,28,14.3
8,"Ted Potter, Jr.",4,24,16.7
8,Xander Schauffele,4,26,15.4
8,Justin Thomas,4,24,16.7
16,Brice Garnett,3,25,12.0
16,Dustin Johnson,3,32,9.4
16,Rory McIlroy,3,18,16.7
16,Scott Piercy,3,27,11.1
16,Patrick Reed,3,24,12.5
16,Aaron Wise,3,21,14.3
22,Keegan Bradley,2,17,11.8
22,Brooks Koepka,2,24,8.3
22,Andrew Landry,2,25,8.0
22,Brandt Snedeker,2,26,7.7
22,Bubba Watson,2,20,10.0
27,Cameron Champ,1,25,4.0
27,Billy Horschel,1,20,5.0
27,Charles Howell III,1,28,3.6
27,Ian Poulter,1,21,4.8
27,Kevin Tway,1,30,3.3
