rank,player,Avg,Total Distance (feet),# of Attempts,Relative to par
1,Bill Haas,"19' 9""",19.750,1,-1
2,Brandt Snedeker,"31' 11""",95.750,3,-2
3,Kevin Kisner,"35' 11""",71.750,2,-1
4,Davis Love III,"38' 0""",38.000,1,-1
5,Jordan Spieth,"44' 0""",132.000,3,-1
6,Jason Day,"47' 6""",142.417,3,+1
7,Justin Thomas,"48' 8""",146.083,3,E
8,Rickie Fowler,"51' 8""",51.667,1,-1
9,James Hahn,"52' 8""",158.000,3,-2
10,Peter Malnati,"55' 3""",110.500,2,E
11,Jimmy Walker,"59' 6""",119.000,2,-2
12,Russell Knox,"61' 2""",183.417,3,-1
13,Steven Bowditch,"64' 5""",257.667,4,E
14,Padraig Harrington,"65' 2""",195.583,3,-4
15,Brooks Koepka,"67' 5""",269.500,4,-1
16,Matt Every,"70' 11""",70.917,1,-1
17,Patrick Reed,"71' 2""",284.583,4,-2
18,Troy Merritt,"73' 9""",147.417,2,-2
19,Bubba Watson,"78' 7""",314.417,4,E
20,Smylie Kaufman,"88' 6""",265.500,3,-1
21,Alex Cejka,"90' 2""",90.167,1,-1
22,Dustin Johnson,"113' 4""",113.333,1,E
23,Danny Lee,"122' 5""",122.417,1,-1
24,J.B. Holmes,"126' 0""",126.000,1,+1
25,Scott Piercy,"152' 4""",152.333,1,E
