rank,player,Avg,Total Distance (feet),# of Attempts,Relative to par
1,Bubba Watson,"6' 2""",6.167,1,E
2,Jimmy Walker,"6' 8""",13.333,2,-2
3,Justin Thomas,"7' 4""",14.583,2,-1
4,James Hahn,"10' 6""",21.000,2,E
5,Rickie Fowler,"14' 4""",42.917,3,E
6,Emiliano Grillo,"15' 11""",47.833,3,-1
7,Steven Bowditch,"16' 2""",16.167,1,+1
8,Chris Kirk,"18' 11""",18.917,1,E
9,Graeme McDowell,"19' 3""",38.500,2,-1
10,Zach Johnson,"20' 0""",60.083,3,+2
11,Jason Day,"22' 10""",45.667,2,-1
12,Troy Merritt,"23' 1""",23.083,1,E
13,Jordan Spieth,"24' 4""",24.333,1,E
14,Brandt Snedeker,"24' 6""",97.917,4,-1
15,Alex Cejka,"25' 3""",50.417,2,E
16,Smylie Kaufman,"28' 1""",28.083,1,-1
16,Kevin Kisner,"28' 1""",84.333,3,E
18,Brooks Koepka,"41' 6""",124.500,3,E
19,Patrick Reed,"50' 3""",50.250,1,E
20,Russell Knox,"75' 5""",75.417,1,E
