rank,player,Avg,Total Distance (feet),# of Attempts,Relative to par
1,Davis Love III,"9' 1""",9.083,1,-1
2,Patrick Reed,"13' 9""",13.750,1,E
3,Jason Day,"21' 6""",43.000,2,E
4,David Lingmerth,"23' 5""",46.750,2,E
5,Justin Thomas,"25' 5""",25.417,1,-1
6,Kevin Kisner,"28' 11""",28.917,1,E
7,Rickie Fowler,"31' 1""",62.083,2,E
8,Alex Cejka,"32' 1""",32.083,1,E
9,Danny Lee,"33' 0""",33.000,1,E
10,Chris Kirk,"33' 8""",33.667,1,E
11,Emiliano Grillo,"34' 1""",34.083,1,E
12,Dustin Johnson,"35' 3""",246.500,7,-1
13,Bubba Watson,"36' 9""",183.750,5,-3
14,Scott Piercy,"39' 1""",78.083,2,E
15,Bill Haas,"39' 2""",78.333,2,E
16,Steven Bowditch,"40' 1""",40.083,1,E
17,Jordan Spieth,"42' 1""",84.167,2,E
18,Russell Knox,"43' 5""",86.833,2,E
19,Brandt Snedeker,"53' 0""",159.000,3,E
20,J.B. Holmes,"56' 9""",113.417,2,+1
21,Fabián Gómez,"68' 3""",68.250,1,E
22,Smylie Kaufman,"72' 8""",72.667,1,E
23,Jimmy Walker,"87' 2""",174.333,2,+1
