rank,player,Avg,Total Distance (feet),# of Attempts,Relative to par
1,Russell Knox,"12' 10""",12.833,1,E
2,Alex Cejka,"15' 6""",30.917,2,-1
3,Graeme McDowell,"16' 10""",16.833,1,E
4,Smylie Kaufman,"18' 6""",18.500,1,E
5,Peter Malnati,"20' 11""",20.917,1,E
6,Jimmy Walker,"22' 11""",22.917,1,E
7,Fabián Gómez,"24' 6""",49.000,2,E
8,Zach Johnson,"30' 0""",30.000,1,E
9,Davis Love III,"30' 7""",61.167,2,+2
10,Jason Day,"33' 4""",66.583,2,E
11,Jordan Spieth,"35' 4""",35.333,1,E
12,James Hahn,"35' 5""",106.250,3,E
13,Danny Lee,"35' 6""",35.500,1,E
14,Rickie Fowler,"36' 10""",110.500,3,-1
15,Scott Piercy,"38' 7""",115.750,3,-1
16,Steven Bowditch,"42' 1""",84.083,2,E
17,Kevin Kisner,"47' 9""",143.250,3,+1
18,Brooks Koepka,"47' 11""",95.750,2,E
19,J.J. Henry,"48' 1""",192.333,4,-1
20,David Lingmerth,"51' 6""",51.500,1,E
21,J.B. Holmes,"51' 7""",154.667,3,+3
22,Patrick Reed,"53' 3""",106.500,2,+1
23,Chris Kirk,"54' 4""",217.417,4,E
24,Bubba Watson,"93' 10""",93.833,1,+1
