rank,player,Avg,Total Distance (feet),# of Attempts,Relative to par
1,Bubba Watson,"2' 8""",2.667,1,-1
2,J.B. Holmes,"2' 11""",2.917,1,-1
3,Padraig Harrington,"15' 5""",15.417,1,E
4,Justin Thomas,"20' 1""",80.250,4,-1
5,Peter Malnati,"20' 5""",81.667,4,-1
6,James Hahn,"20' 8""",20.667,1,E
7,Dustin Johnson,"20' 10""",20.833,1,E
8,Brandt Snedeker,"21' 8""",43.250,2,-1
9,Brooks Koepka,"23' 6""",47.000,2,-1
10,Graeme McDowell,"23' 10""",47.667,2,+2
10,Troy Merritt,"23' 10""",119.000,5,+1
12,Chris Kirk,"25' 0""",50.000,2,E
13,Jordan Spieth,"27' 0""",107.833,4,E
14,Smylie Kaufman,"27' 4""",82.083,3,E
15,Scott Piercy,"27' 6""",55.000,2,E
16,Kevin Kisner,"28' 6""",85.417,3,-1
17,Matt Every,"29' 2""",174.917,6,+1
18,Fabián Gómez,"29' 3""",87.667,3,-1
19,Russell Knox,"29' 7""",29.583,1,E
20,Jimmy Walker,"30' 10""",61.667,2,E
21,Rickie Fowler,"33' 7""",67.167,2,E
22,Davis Love III,"35' 10""",71.583,2,E
23,J.J. Henry,"36' 6""",73.000,2,E
24,Zach Johnson,"37' 1""",111.167,3,+2
25,Emiliano Grillo,"37' 6""",75.000,2,+1
26,David Lingmerth,"38' 6""",38.500,1,E
27,Bill Haas,"49' 5""",148.333,3,E
28,Danny Lee,"61' 0""",244.083,4,+1
29,Alex Cejka,"64' 8""",194.083,3,+1
