rank,player,Avg,Attempts,Total Distance (feet),Relative to par
1,Davis Love III,"9' 1""",1,9.083,-1.00
2,Danny Lee,"18' 2""",1,18.167,E
3,Peter Malnati,"24' 8""",9,221.667,-4.00
4,Kevin Kisner,"26' 0""",10,260.333,-2.00
5,Alex Cejka,"28' 0""",5,139.917,-3.00
6,Rickie Fowler,"28' 9""",5,143.833,-1.00
7,Zach Johnson,"29' 6""",6,177.000,E
8,Russell Knox,"30' 6""",4,122.083,E
9,Graeme McDowell,"31' 5""",4,125.667,+2.00
10,Bubba Watson,"31' 7""",10,316.167,E
11,Justin Thomas,"32' 9""",7,229.250,-1.00
12,James Hahn,"32' 10""",5,164.000,-2.00
13,Troy Merritt,"33' 7""",4,134.333,E
14,Bill Haas,"34' 5""",7,240.917,-1.00
15,J.J. Henry,"34' 11""",2,69.833,E
16,Dustin Johnson,"35' 2""",12,421.833,-2.00
17,Chris Kirk,"35' 3""",7,247.000,-3.00
18,Emiliano Grillo,"36' 6""",4,146.083,E
19,Brooks Koepka,"38' 1""",7,266.583,+1.00
20,Jason Day,"39' 7""",9,356.417,E
21,Steven Bowditch,"41' 5""",4,165.750,E
22,David Lingmerth,"42' 1""",2,84.167,E
23,Brandt Snedeker,"43' 0""",5,214.917,-1.00
24,Matt Every,"43' 10""",3,131.583,E
25,Jordan Spieth,"46' 2""",4,184.500,E
26,J.B. Holmes,"53' 7""",4,214.167,E
27,Patrick Reed,"54' 9""",11,601.833,-1.00
28,Smylie Kaufman,"62' 3""",4,248.917,-2.00
29,Jimmy Walker,"65' 9""",3,197.250,+1.00
30,Fabián Gómez,"68' 3""",1,68.250,E
31,Scott Piercy,"68' 7""",4,274.167,-1.00
32,Padraig Harrington,"71' 2""",4,284.583,-1.00
