rank,player,Avg,Total Distance (feet),# of Attempts,Relative to par
1,Rickie Fowler,"17' 9""",17.750,1,E
2,Chris Kirk,"53' 1""",106.167,2,-1
3,Davis Love III,"72' 6""",144.917,2,+1
4,Justin Thomas,"73' 10""",147.667,2,-1
5,Jason Day,"78' 7""",78.583,1,-1
6,Brooks Koepka,"90' 3""",90.250,1,E
7,J.B. Holmes,"91' 7""",91.583,1,E
8,Zach Johnson,"96' 2""",96.167,1,-1
9,Danny Lee,"96' 8""",96.667,1,+1
10,Graeme McDowell,"98' 6""",98.500,1,E
11,Padraig Harrington,"101' 0""",302.917,3,+1
12,David Lingmerth,"147' 5""",147.417,1,E
