rank,player,Avg,Total Distance (feet),# of Attempts,Relative to par
1,Zach Johnson,"26' 11""",26.917,1,-1
2,Smylie Kaufman,"34' 11""",69.833,2,+1
3,Dustin Johnson,"38' 4""",229.750,6,E
4,Jason Day,"41' 1""",205.583,5,-1
5,Padraig Harrington,"52' 3""",156.667,3,+1
6,Scott Piercy,"52' 4""",209.250,4,E
7,Matt Every,"58' 5""",58.417,1,E
8,Bubba Watson,"63' 4""",189.917,3,+1
9,David Lingmerth,"64' 2""",64.167,1,+1
10,Jordan Spieth,"67' 5""",67.417,1,E
11,Graeme McDowell,"68' 3""",68.250,1,+2
12,James Hahn,"70' 5""",70.417,1,E
13,Patrick Reed,"70' 9""",212.250,3,-1
14,Troy Merritt,"72' 0""",72.000,1,E
15,Brooks Koepka,"80' 8""",80.667,1,E
16,Chris Kirk,"88' 9""",177.500,2,E
17,J.B. Holmes,"96' 10""",96.833,1,E
