rank,player,Avg,Total Distance (feet),# of Attempts,Relative to par
1,Chris Kirk,"3' 10""",3.833,1,-1
1,Kevin Kisner,"3' 10""",7.583,2,-2
3,Zach Johnson,"4' 9""",4.750,1,E
4,Brooks Koepka,"6' 2""",6.167,1,+1
5,James Hahn,"8' 8""",25.917,3,-2
6,Smylie Kaufman,"8' 9""",8.750,1,E
7,Alex Cejka,"11' 0""",33.083,3,-1
8,Peter Malnati,"12' 0""",72.083,6,-2
9,Jason Day,"12' 5""",12.417,1,E
10,Scott Piercy,"12' 10""",12.833,1,E
11,Bubba Watson,"15' 0""",59.917,4,E
12,Danny Lee,"15' 7""",31.083,2,-1
13,Bill Haas,"16' 3""",48.833,3,-1
14,Justin Thomas,"20' 8""",61.917,3,E
15,Russell Knox,"23' 11""",23.917,1,E
16,Davis Love III,"24' 3""",24.250,1,+1
17,Matt Every,"25' 4""",50.583,2,E
18,J.B. Holmes,"27' 2""",54.250,2,E
19,Rickie Fowler,"28' 2""",28.167,1,E
20,Jimmy Walker,"30' 0""",30.000,1,+1
21,Dustin Johnson,"31' 10""",127.333,4,-1
22,Steven Bowditch,"35' 5""",35.417,1,E
23,J.J. Henry,"42' 1""",42.083,1,E
24,Emiliano Grillo,"70' 6""",70.500,1,E
