rank,player,Avg,Total Distance (feet),# of Attempts,Relative to par
1,Bill Haas,"19' 9""",19.750,1,-1
2,Kevin Kisner,"35' 11""",71.750,2,-1
3,Rickie Fowler,"42' 9""",128.333,3,-1
4,Jordan Spieth,"44' 0""",132.000,3,-1
5,Brandt Snedeker,"50' 7""",202.167,4,-3
6,Chris Kirk,"53' 1""",106.167,2,-1
7,Justin Thomas,"57' 5""",344.250,6,-2
8,Davis Love III,"61' 0""",182.917,3,E
9,Russell Knox,"61' 2""",183.417,3,-1
10,Peter Malnati,"62' 7""",187.750,3,E
11,Steven Bowditch,"64' 5""",257.667,4,E
12,James Hahn,"66' 9""",266.917,4,-3
13,Jason Day,"67' 2""",335.917,5,+1
14,Jimmy Walker,"68' 1""",204.333,3,-3
15,Matt Every,"70' 11""",70.917,1,-1
16,Brooks Koepka,"71' 11""",359.750,5,-1
17,Troy Merritt,"73' 9""",147.417,2,-2
18,Bubba Watson,"78' 7""",314.417,4,E
19,Patrick Reed,"82' 4""",411.583,5,-2
20,Padraig Harrington,"83' 1""",498.500,6,-3
21,Smylie Kaufman,"88' 6""",265.500,3,-1
22,Alex Cejka,"90' 2""",90.167,1,-1
23,Zach Johnson,"90' 3""",180.417,2,-1
24,Graeme McDowell,"98' 6""",98.500,1,E
25,J.B. Holmes,"108' 10""",217.583,2,+1
26,Danny Lee,"109' 7""",219.083,2,E
27,Dustin Johnson,"113' 4""",113.333,1,E
28,David Lingmerth,"147' 5""",147.417,1,E
29,Scott Piercy,"152' 4""",152.333,1,E
