rank,player,Avg,Total Distance (feet),# of Attempts,Relative to par
1,James Hahn,"11' 3""",67.583,6,-2
2,Bubba Watson,"11' 6""",68.750,6,-1
3,Padraig Harrington,"15' 5""",15.417,1,E
3,Peter Malnati,"15' 5""",153.750,10,-3
5,Justin Thomas,"17' 5""",156.750,9,-2
6,Chris Kirk,"18' 2""",72.750,4,-1
7,J.B. Holmes,"19' 1""",57.167,3,-1
8,Jason Day,"19' 4""",58.083,3,-1
9,Jimmy Walker,"21' 0""",105.000,5,-1
10,Graeme McDowell,"21' 7""",86.167,4,+1
11,Kevin Kisner,"22' 2""",177.333,8,-3
12,Scott Piercy,"22' 7""",67.833,3,E
13,Rickie Fowler,"23' 1""",138.250,6,E
14,Brandt Snedeker,"23' 6""",141.167,6,-2
15,Troy Merritt,"23' 8""",142.083,6,+1
16,Smylie Kaufman,"23' 9""",118.917,5,-1
17,Zach Johnson,"25' 2""",176.000,7,+4
18,Steven Bowditch,"25' 10""",51.583,2,+1
19,Jordan Spieth,"26' 5""",132.167,5,E
20,Matt Every,"28' 2""",225.500,8,+1
21,Fabián Gómez,"29' 3""",87.667,3,-1
22,Brooks Koepka,"29' 7""",177.667,6,E
23,Dustin Johnson,"29' 8""",148.167,5,-1
24,Davis Love III,"31' 11""",95.833,3,+1
25,Emiliano Grillo,"32' 3""",193.333,6,E
26,Bill Haas,"32' 10""",197.167,6,-1
27,Alex Cejka,"34' 8""",277.583,8,E
28,J.J. Henry,"38' 4""",115.083,3,E
29,David Lingmerth,"38' 6""",38.500,1,E
30,Russell Knox,"43' 0""",128.917,3,E
31,Danny Lee,"45' 10""",275.167,6,E
32,Patrick Reed,"50' 3""",50.250,1,E
