rank,player,Avg,Total Distance (feet),# of Attempts,Relative to par
1,Fabián Gómez,"34' 2""",204.917,6,-1
2,Emiliano Grillo,"36' 4""",109.083,3,+1
2,Peter Malnati,"36' 4""",290.333,8,-1
4,Kevin Kisner,"36' 7""",329.333,9,-1
5,Rickie Fowler,"36' 10""",368.083,10,-2
6,Matt Every,"38' 0""",304.250,8,E
7,Jordan Spieth,"38' 10""",426.750,11,-1
8,Davis Love III,"40' 7""",324.750,8,+1
9,Dustin Johnson,"40' 8""",610.417,15,-1
10,Justin Thomas,"40' 11""",449.917,11,-4
11,Bill Haas,"41' 1""",246.417,6,-1
12,Troy Merritt,"42' 4""",338.417,8,-1
13,J.J. Henry,"44' 3""",265.333,6,-1
14,Russell Knox,"44' 8""",312.667,7,-1
15,Brandt Snedeker,"44' 11""",404.417,9,-4
16,Graeme McDowell,"46' 3""",231.250,5,+4
17,Jason Day,"46' 6""",651.083,14,E
18,Alex Cejka,"49' 7""",347.250,7,-1
19,Zach Johnson,"49' 9""",348.500,7,E
20,Smylie Kaufman,"50' 10""",508.583,10,E
20,Scott Piercy,"50' 10""",610.417,12,-1
22,James Hahn,"51' 7""",464.250,9,-3
23,Chris Kirk,"53' 2""",584.750,11,-1
24,Steven Bowditch,"54' 7""",381.833,7,E
25,Bubba Watson,"56' 1""",784.583,14,-2
26,Jimmy Walker,"57' 11""",463.250,8,-2
27,David Lingmerth,"58' 1""",348.333,6,+1
28,Brooks Koepka,"58' 4""",583.167,10,-2
29,J.B. Holmes,"65' 1""",585.417,9,+4
30,Danny Lee,"66' 6""",531.667,8,+1
31,Padraig Harrington,"67' 1""",670.583,10,-2
32,Patrick Reed,"67' 8""",744.083,11,-2
