rank,player,%,Total Drives for 240-260,Total Drvs - overall,Relative to par
1,Abraham Ancer,25.00,2,8,E
1,Branden Grace,25.00,2,8,E
1,Phil Mickelson,25.00,2,8,+0.50
1,Patrick Reed,25.00,2,8,E
5,Harris English,12.50,1,8,E
5,Lucas Glover,12.50,1,8,+1.00
5,Matt Jones,12.50,1,8,E
5,Si Woo Kim,12.50,1,8,E
5,Hideki Matsuyama,12.50,1,8,E
5,Collin Morikawa,12.50,1,8,+1.00
5,Kevin Na,12.50,1,8,E
5,Erik van Rooyen,12.50,1,8,-1.00
13,Daniel Berger,.00,0,8,E
13,Sam Burns,.00,0,8,E
13,Patrick Cantlay,.00,0,8,E
13,Stewart Cink,.00,0,8,E
13,Joel Dahmen,.00,0,8,E
13,Cam Davis,.00,0,8,E
13,Bryson DeChambeau,.00,0,8,E
13,Tony Finau,.00,0,8,E
13,Talor Gooch,.00,0,8,E
13,Lucas Herbert,.00,0,8,E
13,Garrick Higgo,.00,0,8,E
13,Max Homa,.00,0,8,E
13,Billy Horschel,.00,0,8,E
13,Viktor Hovland,.00,0,8,E
13,Sungjae Im,.00,0,8,E
13,Kevin Kisner,.00,0,8,E
13,Brooks Koepka,.00,0,8,E
13,Jason Kokrak,.00,0,8,E
13,K.H. Lee,.00,0,8,E
13,Marc Leishman,.00,0,8,E
13,Seamus Power,.00,0,8,E
13,Jon Rahm,.00,0,8,E
13,Xander Schauffele,.00,0,8,E
13,Cameron Smith,.00,0,8,E
13,Jordan Spieth,.00,0,8,E
13,Justin Thomas,.00,0,8,E
