rank,player,%,Total Drives for 240-260,Total Drives - Overall,Relative to Par
1,Patrick Reed,20.00,12,60,-0.250
2,Kevin Kisner,15.00,9,60,E
3,Abraham Ancer,13.33,8,60,+0.250
3,Branden Grace,13.33,8,60,-0.250
5,Kevin Na,11.67,7,60,-0.286
6,Daniel Berger,10.00,6,60,E
6,Lucas Glover,10.00,6,60,+0.333
6,Si Woo Kim,10.00,6,60,+0.167
6,Collin Morikawa,10.00,6,60,-0.167
10,Bryson DeChambeau,8.33,5,60,-0.400
10,Erik van Rooyen,8.33,5,60,-0.400
12,Sam Burns,6.67,4,60,-0.500
12,Max Homa,6.67,4,60,E
12,Billy Horschel,6.67,4,60,E
12,Marc Leishman,6.67,4,60,-0.500
12,Phil Mickelson,6.67,4,60,+0.250
17,Joel Dahmen,5.00,3,60,E
17,Lucas Herbert,5.00,3,60,+0.333
17,Jason Kokrak,5.00,3,60,-0.667
17,K.H. Lee,5.00,3,60,+0.333
17,Hideki Matsuyama,5.00,3,60,E
17,Jordan Spieth,5.00,3,60,-0.333
17,Justin Thomas,5.00,3,60,+0.667
24,Cam Davis,3.33,2,60,E
24,Harris English,3.33,2,60,E
24,Tony Finau,3.33,2,60,+0.500
24,Talor Gooch,3.33,2,60,E
24,Garrick Higgo,3.33,2,60,E
24,Viktor Hovland,3.33,2,60,E
24,Sungjae Im,3.33,2,60,E
24,Matt Jones,3.33,2,60,E
24,Cameron Smith,3.33,2,60,-0.500
33,Brooks Koepka,1.67,1,60,+1.000
33,Jon Rahm,1.67,1,60,E
33,Xander Schauffele,1.67,1,60,+1.000
36,Patrick Cantlay,.00,0,60,-
36,Stewart Cink,.00,0,60,-
36,Seamus Power,.00,0,60,-
