rank,player,Avg,Total Distance,Total Drives
1,Bryson DeChambeau,311.0,"2,488",8
2,Garrick Higgo,307.4,"2,459",8
3,Sam Burns,304.4,"2,435",8
4,Cameron Smith,302.6,"2,421",8
5,Justin Thomas,302.5,"2,420",8
6,Viktor Hovland,300.6,"2,405",8
7,Cam Davis,298.4,"2,387",8
8,Brooks Koepka,297.4,"2,379",8
9,Lucas Herbert,296.5,"2,372",8
10,Jon Rahm,296.0,"2,368",8
11,Stewart Cink,295.3,"2,362",8
11,Max Homa,295.3,"2,362",8
11,Seamus Power,295.3,"2,362",8
14,Erik van Rooyen,293.5,"2,348",8
15,Jordan Spieth,293.4,"2,347",8
16,Patrick Cantlay,292.4,"2,339",8
17,Sungjae Im,292.3,"2,338",8
18,K.H. Lee,292.0,"2,336",8
19,Talor Gooch,291.3,"2,330",8
20,Collin Morikawa,290.5,"2,324",8
21,Tony Finau,290.0,"2,320",8
22,Marc Leishman,289.8,"2,318",8
23,Matt Jones,289.0,"2,312",8
24,Xander Schauffele,288.5,"2,308",8
25,Daniel Berger,287.4,"2,299",8
26,Lucas Glover,286.9,"2,295",8
27,Si Woo Kim,286.8,"2,294",8
28,Harris English,286.4,"2,291",8
29,Phil Mickelson,286.3,"2,290",8
30,Joel Dahmen,284.1,"2,273",8
31,Branden Grace,283.8,"2,270",8
32,Billy Horschel,283.6,"2,269",8
33,Jason Kokrak,283.4,"2,267",8
34,Hideki Matsuyama,279.8,"2,238",8
35,Kevin Na,278.3,"2,226",8
36,Abraham Ancer,276.1,"2,209",8
37,Kevin Kisner,273.4,"2,187",8
38,Patrick Reed,271.8,"2,174",8
