rank,player,%,Total Drives for 280-300,Total Drvs - overall,Relative to par
1,Billy Horschel,62.50,5,8,-0.40
1,Brooks Koepka,62.50,5,8,-0.60
3,Abraham Ancer,50.00,4,8,-0.75
3,Sam Burns,50.00,4,8,E
3,Joel Dahmen,50.00,4,8,-0.75
3,Cam Davis,50.00,4,8,-0.75
3,Garrick Higgo,50.00,4,8,-0.75
3,Si Woo Kim,50.00,4,8,-0.50
3,Marc Leishman,50.00,4,8,-0.50
3,Hideki Matsuyama,50.00,4,8,-0.50
3,Xander Schauffele,50.00,4,8,-0.75
3,Cameron Smith,50.00,4,8,-0.75
3,Jordan Spieth,50.00,4,8,-0.75
14,Daniel Berger,37.50,3,8,-0.67
14,Bryson DeChambeau,37.50,3,8,+0.33
14,Tony Finau,37.50,3,8,-0.67
14,Viktor Hovland,37.50,3,8,-0.67
14,Kevin Kisner,37.50,3,8,-1.00
14,Jason Kokrak,37.50,3,8,-0.33
14,Phil Mickelson,37.50,3,8,-1.00
14,Collin Morikawa,37.50,3,8,-1.00
14,Kevin Na,37.50,3,8,-0.67
14,Seamus Power,37.50,3,8,-0.33
14,Patrick Reed,37.50,3,8,-0.67
14,Erik van Rooyen,37.50,3,8,-0.33
26,Patrick Cantlay,25.00,2,8,-1.50
26,Harris English,25.00,2,8,-0.50
26,Lucas Glover,25.00,2,8,-0.50
26,Talor Gooch,25.00,2,8,-0.50
26,Branden Grace,25.00,2,8,E
26,Lucas Herbert,25.00,2,8,-1.00
26,Max Homa,25.00,2,8,E
26,Matt Jones,25.00,2,8,E
26,K.H. Lee,25.00,2,8,-1.00
26,Jon Rahm,25.00,2,8,E
26,Justin Thomas,25.00,2,8,E
37,Stewart Cink,12.50,1,8,E
37,Sungjae Im,12.50,1,8,E
