rank,player,%,Total Drives for <= 240,Total Drives - Overall,Relative to Par
1,Harris English,11.67,7,60,+0.143
2,Kevin Kisner,10.00,6,60,-0.500
3,Branden Grace,8.33,5,60,E
4,Bryson DeChambeau,6.67,4,60,-0.750
4,Talor Gooch,6.67,4,60,+0.250
4,Max Homa,6.67,4,60,E
7,Sam Burns,5.00,3,60,E
7,Kevin Na,5.00,3,60,E
9,Abraham Ancer,3.33,2,60,-0.500
9,Lucas Glover,3.33,2,60,E
9,Jason Kokrak,3.33,2,60,+0.500
9,Hideki Matsuyama,3.33,2,60,-1.000
13,Daniel Berger,1.67,1,60,-1.000
13,Cam Davis,1.67,1,60,E
13,Patrick Reed,1.67,1,60,+2.000
13,Xander Schauffele,1.67,1,60,+1.000
13,Justin Thomas,1.67,1,60,E
13,Erik van Rooyen,1.67,1,60,E
19,Patrick Cantlay,.00,0,60,-
19,Stewart Cink,.00,0,60,-
19,Joel Dahmen,.00,0,60,-
19,Tony Finau,.00,0,60,-
19,Lucas Herbert,.00,0,60,-
19,Garrick Higgo,.00,0,60,-
19,Billy Horschel,.00,0,60,-
19,Viktor Hovland,.00,0,60,-
19,Sungjae Im,.00,0,60,-
19,Matt Jones,.00,0,60,-
19,Si Woo Kim,.00,0,60,-
19,Brooks Koepka,.00,0,60,-
19,K.H. Lee,.00,0,60,-
19,Marc Leishman,.00,0,60,-
19,Phil Mickelson,.00,0,60,-
19,Collin Morikawa,.00,0,60,-
19,Seamus Power,.00,0,60,-
19,Jon Rahm,.00,0,60,-
19,Cameron Smith,.00,0,60,-
19,Jordan Spieth,.00,0,60,-
