rank,player,%,Total Drives for 300+,Total Drvs - overall,Relative to par
1,Justin Thomas,62.50,5,8,E
2,Sam Burns,50.00,4,8,-0.75
2,Stewart Cink,50.00,4,8,-0.50
2,Bryson DeChambeau,50.00,4,8,-1.00
2,Garrick Higgo,50.00,4,8,-0.25
2,Viktor Hovland,50.00,4,8,-0.75
2,Sungjae Im,50.00,4,8,-0.75
2,Seamus Power,50.00,4,8,-1.00
2,Jon Rahm,50.00,4,8,-1.00
2,Cameron Smith,50.00,4,8,-0.75
11,Patrick Cantlay,37.50,3,8,-0.67
11,Talor Gooch,37.50,3,8,-0.67
11,Lucas Herbert,37.50,3,8,-1.00
11,Max Homa,37.50,3,8,-1.33
11,Matt Jones,37.50,3,8,-1.33
11,K.H. Lee,37.50,3,8,-0.67
11,Collin Morikawa,37.50,3,8,-0.67
11,Erik van Rooyen,37.50,3,8,-1.00
19,Daniel Berger,25.00,2,8,-1.50
19,Cam Davis,25.00,2,8,-1.50
19,Harris English,25.00,2,8,-0.50
19,Tony Finau,25.00,2,8,-0.50
19,Lucas Glover,25.00,2,8,-0.50
19,Branden Grace,25.00,2,8,-1.00
19,Si Woo Kim,25.00,2,8,-1.00
19,Brooks Koepka,25.00,2,8,E
19,Marc Leishman,25.00,2,8,-1.00
19,Phil Mickelson,25.00,2,8,-1.00
19,Xander Schauffele,25.00,2,8,-0.50
19,Jordan Spieth,25.00,2,8,-0.50
31,Jason Kokrak,12.50,1,8,-1.00
32,Abraham Ancer,.00,0,8,E
32,Joel Dahmen,.00,0,8,E
32,Billy Horschel,.00,0,8,E
32,Kevin Kisner,.00,0,8,E
32,Hideki Matsuyama,.00,0,8,E
32,Kevin Na,.00,0,8,E
32,Patrick Reed,.00,0,8,E
