rank,player,%,Total Drives for 300+,Total Drives - Overall,Relative to Par
1,Bryson DeChambeau,66.67,40,60,-0.325
2,Justin Thomas,58.33,35,60,-0.400
3,Tony Finau,53.33,32,60,-0.344
3,Garrick Higgo,53.33,32,60,-0.219
3,Sungjae Im,53.33,32,60,-0.406
3,Cameron Smith,53.33,32,60,-0.469
7,Matt Jones,51.67,31,60,-0.645
7,Jon Rahm,51.67,31,60,-0.613
9,Sam Burns,50.00,30,60,-0.267
9,Viktor Hovland,50.00,30,60,-0.233
9,Brooks Koepka,50.00,30,60,-0.167
12,Collin Morikawa,48.33,29,60,-0.345
13,Cam Davis,46.67,28,60,-0.357
13,Erik van Rooyen,46.67,28,60,-0.286
15,Max Homa,45.00,27,60,-0.370
15,K.H. Lee,45.00,27,60,-0.148
15,Marc Leishman,45.00,27,60,-0.296
18,Patrick Cantlay,43.33,26,60,-0.269
18,Stewart Cink,43.33,26,60,-0.192
18,Talor Gooch,43.33,26,60,-0.462
18,Seamus Power,43.33,26,60,-0.385
18,Jordan Spieth,43.33,26,60,-0.192
23,Daniel Berger,41.67,25,60,-0.240
23,Lucas Glover,41.67,25,60,-0.160
23,Branden Grace,41.67,25,60,-0.240
23,Lucas Herbert,41.67,25,60,-0.240
23,Si Woo Kim,41.67,25,60,-0.240
23,Jason Kokrak,41.67,25,60,-0.160
23,Phil Mickelson,41.67,25,60,-0.200
30,Patrick Reed,40.00,24,60,-0.167
30,Xander Schauffele,40.00,24,60,-0.333
32,Billy Horschel,36.67,22,60,-0.182
32,Hideki Matsuyama,36.67,22,60,-0.182
34,Abraham Ancer,35.00,21,60,-0.190
34,Joel Dahmen,35.00,21,60,-0.190
36,Harris English,33.33,20,60,-0.500
36,Kevin Na,33.33,20,60,-0.100
38,Kevin Kisner,26.67,16,60,-0.188
