rank,player,%,Total Drives for 300-320,Total Drives - Overall,Relative to Par
1,Justin Thomas,21.67,13,60,-0.231
2,Daniel Berger,20.00,12,60,-0.167
2,Sam Burns,20.00,12,60,-0.167
2,Bryson DeChambeau,20.00,12,60,-0.500
2,Tony Finau,20.00,12,60,-0.583
2,Sungjae Im,20.00,12,60,-0.417
2,Collin Morikawa,20.00,12,60,-0.417
2,Jon Rahm,20.00,12,60,-0.750
2,Cameron Smith,20.00,12,60,-0.583
10,Garrick Higgo,18.33,11,60,-0.455
10,Erik van Rooyen,18.33,11,60,-0.364
12,Cam Davis,15.00,9,60,-0.778
12,Matt Jones,15.00,9,60,-0.667
12,Brooks Koepka,15.00,9,60,-0.222
15,Stewart Cink,13.33,8,60,-0.375
15,Viktor Hovland,13.33,8,60,-0.625
15,Jason Kokrak,13.33,8,60,-0.125
15,Marc Leishman,13.33,8,60,-0.125
15,Seamus Power,13.33,8,60,-0.625
20,Joel Dahmen,11.67,7,60,-0.571
20,Branden Grace,11.67,7,60,E
20,K.H. Lee,11.67,7,60,-0.143
20,Patrick Reed,11.67,7,60,E
24,Talor Gooch,10.00,6,60,-0.667
24,Hideki Matsuyama,10.00,6,60,E
26,Abraham Ancer,8.33,5,60,-0.200
26,Lucas Glover,8.33,5,60,E
26,Lucas Herbert,8.33,5,60,-0.400
26,Si Woo Kim,8.33,5,60,E
26,Phil Mickelson,8.33,5,60,-0.400
26,Xander Schauffele,8.33,5,60,-0.200
26,Jordan Spieth,8.33,5,60,-0.400
33,Patrick Cantlay,6.67,4,60,-0.500
33,Max Homa,6.67,4,60,-1.000
33,Billy Horschel,6.67,4,60,-0.250
36,Kevin Kisner,5.00,3,60,E
36,Kevin Na,5.00,3,60,-0.667
38,Harris English,3.33,2,60,-0.500
