rank,player,%,Total Drives for 260-280,Total Drvs - overall,Relative to par
1,Kevin Kisner,62.50,5,8,-0.40
2,Joel Dahmen,50.00,4,8,-0.25
2,Jason Kokrak,50.00,4,8,E
2,Kevin Na,50.00,4,8,-0.50
5,Daniel Berger,37.50,3,8,-0.33
5,Patrick Cantlay,37.50,3,8,E
5,Stewart Cink,37.50,3,8,E
5,Harris English,37.50,3,8,+1.00
5,Tony Finau,37.50,3,8,-0.33
5,Lucas Glover,37.50,3,8,-0.33
5,Talor Gooch,37.50,3,8,E
5,Lucas Herbert,37.50,3,8,E
5,Max Homa,37.50,3,8,-0.33
5,Billy Horschel,37.50,3,8,+0.33
5,Sungjae Im,37.50,3,8,+0.33
5,K.H. Lee,37.50,3,8,E
5,Hideki Matsuyama,37.50,3,8,-0.67
5,Patrick Reed,37.50,3,8,-0.67
19,Abraham Ancer,25.00,2,8,+0.50
19,Cam Davis,25.00,2,8,-0.50
19,Branden Grace,25.00,2,8,-0.50
19,Matt Jones,25.00,2,8,E
19,Marc Leishman,25.00,2,8,-0.50
19,Jon Rahm,25.00,2,8,E
19,Xander Schauffele,25.00,2,8,-0.50
19,Jordan Spieth,25.00,2,8,E
27,Bryson DeChambeau,12.50,1,8,+1.00
27,Viktor Hovland,12.50,1,8,+1.00
27,Si Woo Kim,12.50,1,8,+1.00
27,Brooks Koepka,12.50,1,8,E
27,Phil Mickelson,12.50,1,8,E
27,Collin Morikawa,12.50,1,8,E
27,Seamus Power,12.50,1,8,E
27,Justin Thomas,12.50,1,8,E
27,Erik van Rooyen,12.50,1,8,E
36,Sam Burns,.00,0,8,E
36,Garrick Higgo,.00,0,8,E
36,Cameron Smith,.00,0,8,E
