rank,player,%,Total Drives for 280-300,Total Drives - Overall,Relative to Par
1,Garrick Higgo,36.67,22,60,-0.364
1,Brooks Koepka,36.67,22,60,-0.500
3,Cameron Smith,35.00,21,60,-0.667
4,Patrick Cantlay,33.33,20,60,-0.600
5,Stewart Cink,31.67,19,60,-0.474
5,Lucas Herbert,31.67,19,60,-0.368
5,Xander Schauffele,31.67,19,60,-0.579
8,Cam Davis,30.00,18,60,-0.667
8,Jason Kokrak,30.00,18,60,-0.167
8,Jordan Spieth,30.00,18,60,-0.500
8,Justin Thomas,30.00,18,60,-0.611
12,Sam Burns,28.33,17,60,-0.471
12,Joel Dahmen,28.33,17,60,-0.353
12,Max Homa,28.33,17,60,-0.176
12,Phil Mickelson,28.33,17,60,-0.529
12,Seamus Power,28.33,17,60,-0.353
17,Si Woo Kim,26.67,16,60,-0.625
17,Jon Rahm,26.67,16,60,-0.250
19,Viktor Hovland,25.00,15,60,-0.533
20,Abraham Ancer,23.33,14,60,-0.500
20,Harris English,23.33,14,60,-0.286
20,Billy Horschel,23.33,14,60,-0.286
20,Sungjae Im,23.33,14,60,-0.429
20,Matt Jones,23.33,14,60,-0.429
20,K.H. Lee,23.33,14,60,-0.571
20,Hideki Matsuyama,23.33,14,60,-0.643
20,Collin Morikawa,23.33,14,60,-0.714
28,Daniel Berger,21.67,13,60,-0.692
28,Tony Finau,21.67,13,60,-0.538
28,Kevin Kisner,21.67,13,60,-0.538
28,Patrick Reed,21.67,13,60,-0.692
28,Erik van Rooyen,21.67,13,60,-0.231
33,Talor Gooch,20.00,12,60,-0.667
33,Marc Leishman,20.00,12,60,-0.417
35,Lucas Glover,18.33,11,60,-0.455
35,Branden Grace,18.33,11,60,-0.273
37,Bryson DeChambeau,15.00,9,60,-0.111
37,Kevin Na,15.00,9,60,-0.778
