rank,player,%,Total Drives for 320+,Total Drvs - overall,Relative to par
1,Bryson DeChambeau,50.00,4,8,-1.00
2,Sam Burns,25.00,2,8,-1.00
2,Lucas Herbert,25.00,2,8,-1.00
2,Garrick Higgo,25.00,2,8,E
2,Viktor Hovland,25.00,2,8,E
2,Justin Thomas,25.00,2,8,-1.00
7,Patrick Cantlay,12.50,1,8,-1.00
7,Cam Davis,12.50,1,8,-1.00
7,Harris English,12.50,1,8,-1.00
7,Lucas Glover,12.50,1,8,E
7,Branden Grace,12.50,1,8,-1.00
7,Max Homa,12.50,1,8,-2.00
7,Matt Jones,12.50,1,8,-2.00
7,Brooks Koepka,12.50,1,8,E
7,K.H. Lee,12.50,1,8,-1.00
7,Marc Leishman,12.50,1,8,-1.00
7,Phil Mickelson,12.50,1,8,-1.00
7,Jon Rahm,12.50,1,8,-1.00
7,Cameron Smith,12.50,1,8,-1.00
7,Jordan Spieth,12.50,1,8,-1.00
7,Erik van Rooyen,12.50,1,8,-1.00
22,Abraham Ancer,.00,0,8,E
22,Daniel Berger,.00,0,8,E
22,Stewart Cink,.00,0,8,E
22,Joel Dahmen,.00,0,8,E
22,Tony Finau,.00,0,8,E
22,Talor Gooch,.00,0,8,E
22,Billy Horschel,.00,0,8,E
22,Sungjae Im,.00,0,8,E
22,Si Woo Kim,.00,0,8,E
22,Kevin Kisner,.00,0,8,E
22,Jason Kokrak,.00,0,8,E
22,Hideki Matsuyama,.00,0,8,E
22,Collin Morikawa,.00,0,8,E
22,Kevin Na,.00,0,8,E
22,Seamus Power,.00,0,8,E
22,Patrick Reed,.00,0,8,E
22,Xander Schauffele,.00,0,8,E
