rank,player,%,Total Drives for 320+,Total Drives - Overall,Relative to Par
1,Bryson DeChambeau,46.67,28,60,-0.250
2,Max Homa,38.33,23,60,-0.261
3,Patrick Cantlay,36.67,22,60,-0.227
3,Viktor Hovland,36.67,22,60,-0.091
3,Matt Jones,36.67,22,60,-0.636
3,Justin Thomas,36.67,22,60,-0.500
7,Garrick Higgo,35.00,21,60,-0.095
7,Brooks Koepka,35.00,21,60,-0.143
7,Jordan Spieth,35.00,21,60,-0.143
10,Tony Finau,33.33,20,60,-0.200
10,Lucas Glover,33.33,20,60,-0.200
10,Talor Gooch,33.33,20,60,-0.400
10,Lucas Herbert,33.33,20,60,-0.200
10,Sungjae Im,33.33,20,60,-0.400
10,Si Woo Kim,33.33,20,60,-0.300
10,K.H. Lee,33.33,20,60,-0.150
10,Phil Mickelson,33.33,20,60,-0.150
10,Cameron Smith,33.33,20,60,-0.400
19,Cam Davis,31.67,19,60,-0.158
19,Marc Leishman,31.67,19,60,-0.368
19,Jon Rahm,31.67,19,60,-0.526
19,Xander Schauffele,31.67,19,60,-0.368
23,Sam Burns,30.00,18,60,-0.333
23,Stewart Cink,30.00,18,60,-0.111
23,Harris English,30.00,18,60,-0.500
23,Branden Grace,30.00,18,60,-0.333
23,Billy Horschel,30.00,18,60,-0.167
23,Seamus Power,30.00,18,60,-0.278
29,Jason Kokrak,28.33,17,60,-0.176
29,Collin Morikawa,28.33,17,60,-0.294
29,Kevin Na,28.33,17,60,E
29,Patrick Reed,28.33,17,60,-0.235
29,Erik van Rooyen,28.33,17,60,-0.235
34,Abraham Ancer,26.67,16,60,-0.188
34,Hideki Matsuyama,26.67,16,60,-0.250
36,Joel Dahmen,23.33,14,60,E
37,Daniel Berger,21.67,13,60,-0.308
37,Kevin Kisner,21.67,13,60,-0.231
