rank,player,All Drives,Total Distance,# of Drives
1,Bryson DeChambeau,315.8,"18,951",60
2,Garrick Higgo,315.0,"18,902",60
3,Justin Thomas,313.2,"18,794",60
4,Jon Rahm,313.1,"18,786",60
4,Cameron Smith,313.1,"18,788",60
6,Matt Jones,312.3,"18,739",60
7,Tony Finau,311.4,"18,682",60
8,Brooks Koepka,311.1,"18,664",60
9,Patrick Cantlay,311.0,"18,657",60
10,Sungjae Im,310.9,"18,654",60
11,Viktor Hovland,309.3,"18,558",60
12,Seamus Power,308.2,"18,492",60
13,Lucas Herbert,307.5,"18,451",60
14,Jordan Spieth,307.3,"18,439",60
15,Xander Schauffele,306.2,"18,371",60
16,Max Homa,305.4,"18,327",60
17,Stewart Cink,304.9,"18,296",60
17,Cam Davis,304.9,"18,296",60
19,Marc Leishman,304.8,"18,285",60
20,Sam Burns,304.5,"18,273",60
21,Phil Mickelson,304.1,"18,246",60
22,Collin Morikawa,303.3,"18,199",60
23,K.H. Lee,303.2,"18,193",60
24,Si Woo Kim,302.9,"18,175",60
25,Lucas Glover,302.1,"18,128",60
25,Erik van Rooyen,302.1,"18,125",60
27,Jason Kokrak,301.9,"18,111",60
28,Talor Gooch,301.5,"18,087",60
29,Hideki Matsuyama,300.5,"18,028",60
30,Billy Horschel,300.1,"18,005",60
31,Daniel Berger,298.6,"17,919",60
32,Joel Dahmen,298.4,"17,907",60
33,Patrick Reed,298.1,"17,885",60
34,Branden Grace,297.0,"17,818",60
35,Harris English,293.6,"17,616",60
36,Abraham Ancer,293.5,"17,611",60
37,Kevin Na,290.1,"17,405",60
38,Kevin Kisner,283.7,"17,023",60
