rank,player,Avg,Total Distance (feet),# of Attempts,Relative to par
1,Justin Leonard,"12' 3""",61.250,5,-2
2,Vijay Singh,"12' 6""",12.500,1,-1
3,Shigeki Maruyama,"12' 10""",38.500,3,-1
4,Kirk Triplett,"13' 8""",13.667,1,E
5,Bob Tway,"15' 3""",61.083,4,E
5,Tiger Woods,"15' 3""",60.833,4,-3
7,Stuart Appleby,"17' 3""",68.833,4,-1
8,Kenny Perry,"18' 2""",145.167,8,-3
9,Ben Crane,"18' 4""",128.500,7,-3
10,Shaun Micheel,"19' 3""",38.500,2,E
11,Peter Jacobsen,"20' 1""",120.250,6,+2
12,Ben Curtis,"20' 4""",101.500,5,+1
13,J.L. Lewis,"21' 3""",127.333,6,+1
14,Steve Flesch,"22' 5""",89.583,4,-1
15,Mike Weir,"24' 10""",74.417,3,E
16,Rory Sabbatini,"26' 1""",78.167,3,+1
17,Craig Stadler,"26' 10""",161.083,6,-2
18,Ernie Els,"28' 2""",140.917,5,-1
19,Tommy Armour III,"29' 4""",146.667,5,+1
20,Jim Furyk,"33' 0""",164.833,5,+1
20,Adam Scott,"33' 0""",165.167,5,E
22,Frank Lickliter II,"34' 0""",271.833,8,+3
23,Scott Hoch,"34' 3""",68.417,2,E
24,Retief Goosen,"36' 1""",72.083,2,E
25,Fred Couples,"36' 6""",109.417,3,+2
26,John Huston,"41' 6""",82.917,2,E
27,Davis Love III,"43' 1""",129.333,3,+2
28,Chad Campbell,"53' 10""",107.583,2,+1
29,Darren Clarke,"54' 11""",164.833,3,+1
30,Jonathan Kaye,"77' 3""",77.250,1,+1
