rank,player,Avg,Total Distance (feet),# of Attempts,Relative to par
1,Frank Lickliter II,"27' 6""",54.917,2,E
2,Tiger Woods,"29' 2""",58.333,2,+1
3,John Huston,"29' 11""",29.917,1,+1
4,Ernie Els,"33' 10""",33.833,1,E
5,Tommy Armour III,"50' 5""",50.417,1,E
6,Peter Jacobsen,"63' 1""",63.083,1,-1
7,Craig Stadler,"65' 3""",65.250,1,E
8,Shaun Micheel,"75' 2""",75.167,1,-1
9,Davis Love III,"78' 3""",78.250,1,-1
10,Steve Flesch,"92' 6""",184.917,2,-1
11,Jonathan Kaye,"94' 5""",94.417,1,E
12,Rory Sabbatini,"166' 11""",166.917,1,-1
