rank,player,Avg,Total Distance (feet),# of Attempts,Relative to par
1,Justin Leonard,"39' 8""",118.917,3,-2
2,Ben Crane,"46' 4""",92.667,2,-3
3,Mike Weir,"47' 9""",143.333,3,-1
4,Shaun Micheel,"52' 1""",156.250,3,-1
5,Steve Flesch,"53' 3""",106.417,2,-1
6,Tiger Woods,"54' 7""",163.833,3,-2
7,Craig Stadler,"57' 3""",57.250,1,-1
8,Rory Sabbatini,"59' 9""",239.000,4,E
9,Tommy Armour III,"61' 4""",122.583,2,-1
10,Scott Hoch,"61' 11""",309.667,5,-4
11,Vijay Singh,"65' 1""",260.417,4,-3
12,Stuart Appleby,"65' 9""",328.833,5,-2
13,Adam Scott,"67' 6""",269.833,4,-4
14,Fred Couples,"70' 5""",352.000,5,+1
15,Bob Tway,"70' 7""",282.333,4,-3
16,Kirk Triplett,"72' 6""",217.417,3,-2
17,Frank Lickliter II,"73' 0""",145.917,2,-1
18,Shigeki Maruyama,"74' 4""",223.000,3,-2
19,John Huston,"76' 2""",380.917,5,-4
20,Kenny Perry,"76' 3""",457.333,6,-1
21,Ernie Els,"77' 5""",77.417,1,-1
22,Ben Curtis,"90' 7""",181.167,2,-2
23,Darren Clarke,"91' 2""",273.417,3,-2
24,Davis Love III,"95' 11""",191.833,2,-1
25,Jim Furyk,"97' 8""",390.667,4,-1
26,Chad Campbell,"105' 0""",105.000,1,E
27,Jonathan Kaye,"108' 2""",324.417,3,-2
