rank,player,Avg,Total Distance (feet),# of Attempts,Relative to par
1,Ben Crane,"15' 6""",15.500,1,-2
2,Mike Weir,"35' 4""",35.333,1,E
3,Steve Flesch,"53' 3""",106.417,2,-1
4,Scott Hoch,"53' 11""",107.833,2,-2
5,Rory Sabbatini,"59' 4""",118.667,2,-1
6,Adam Scott,"60' 9""",182.250,3,-3
7,Shaun Micheel,"71' 1""",142.083,2,E
8,Frank Lickliter II,"73' 0""",145.917,2,-1
9,Bob Tway,"80' 5""",160.833,2,-2
10,Shigeki Maruyama,"87' 4""",87.333,1,E
11,Fred Couples,"87' 6""",262.417,3,+1
12,Jim Furyk,"91' 3""",182.500,2,E
13,Kirk Triplett,"93' 2""",93.167,1,-1
14,Jonathan Kaye,"96' 6""",96.500,1,-1
15,Chad Campbell,"105' 0""",105.000,1,E
16,Kenny Perry,"115' 4""",230.583,2,+1
17,Ben Curtis,"123' 5""",123.417,1,-1
