rank,player,Avg,Total Distance (feet),# of Attempts,Relative to par
1,Stuart Appleby,"7' 9""",7.750,1,-1
2,Jonathan Kaye,"8' 1""",8.083,1,-1
3,Ernie Els,"16' 11""",33.750,2,E
4,Ben Curtis,"19' 1""",57.250,3,-1
5,Shaun Micheel,"19' 10""",39.667,2,+2
6,Peter Jacobsen,"20' 3""",60.833,3,+1
7,Tommy Armour III,"23' 6""",93.917,4,E
7,J.L. Lewis,"23' 6""",47.000,2,E
9,Scott Hoch,"24' 9""",74.250,3,E
10,Frank Lickliter II,"25' 1""",75.167,3,+1
11,Adam Scott,"25' 3""",50.417,2,E
12,Rory Sabbatini,"25' 6""",51.000,2,+1
13,Steve Flesch,"25' 10""",103.417,4,+1
14,Fred Couples,"26' 7""",53.167,2,+1
15,Craig Stadler,"31' 2""",93.583,3,+1
16,Kirk Triplett,"34' 1""",34.083,1,+1
17,Chad Campbell,"35' 2""",175.833,5,+1
18,Retief Goosen,"35' 9""",71.500,2,+1
19,Ben Crane,"38' 8""",116.083,3,E
20,Shigeki Maruyama,"39' 5""",118.333,3,+2
21,Mike Weir,"39' 9""",158.833,4,+1
22,John Huston,"41' 4""",41.333,1,+1
23,Davis Love III,"43' 3""",43.250,1,E
24,Bob Tway,"45' 3""",90.500,2,E
25,Tiger Woods,"45' 6""",45.500,1,+1
26,Darren Clarke,"50' 2""",50.167,1,E
27,Justin Leonard,"79' 4""",158.583,2,E
