rank,player,Avg,Total Distance (feet),# of Attempts,Relative to par
1,Tommy Armour III,"14' 2""",14.167,1,E
2,Kenny Perry,"17' 0""",17.000,1,E
3,Darren Clarke,"18' 3""",36.417,2,-1
4,John Huston,"18' 9""",37.500,2,+1
5,Steve Flesch,"19' 5""",19.417,1,E
6,Rory Sabbatini,"23' 10""",23.833,1,E
7,Craig Stadler,"26' 1""",26.083,1,+1
8,Fred Couples,"26' 2""",52.333,2,+1
9,Vijay Singh,"27' 2""",27.167,1,E
10,Scott Hoch,"27' 4""",54.667,2,-1
11,Ben Crane,"29' 6""",59.000,2,+1
12,Mike Weir,"30' 10""",61.667,2,E
13,Frank Lickliter II,"37' 1""",37.083,1,+1
14,Jonathan Kaye,"39' 4""",118.083,3,+1
15,Retief Goosen,"39' 10""",79.667,2,E
16,Shaun Micheel,"42' 5""",42.417,1,+1
17,Ben Curtis,"43' 5""",43.417,1,+1
18,J.L. Lewis,"43' 8""",43.667,1,E
19,Bob Tway,"54' 6""",54.500,1,E
20,Jim Furyk,"68' 5""",68.417,1,E
21,Chad Campbell,"72' 9""",72.750,1,E
22,Davis Love III,"77' 2""",154.333,2,+1
