rank,player,Avg,Total Distance (feet),# of Attempts,Relative to par
1,Mike Weir,"2' 6""",2.500,1,-1
2,Shigeki Maruyama,"6' 1""",12.167,2,-1
3,Ben Crane,"10' 1""",40.333,4,-3
4,Tiger Woods,"12' 8""",38.000,3,-2
5,Justin Leonard,"12' 9""",38.167,3,E
6,Ben Curtis,"13' 9""",41.333,3,-1
7,Stuart Appleby,"13' 11""",27.750,2,-1
8,Steve Flesch,"14' 8""",14.667,1,E
9,Bob Tway,"15' 3""",61.083,4,E
10,Shaun Micheel,"15' 10""",15.833,1,-1
11,J.L. Lewis,"16' 6""",66.083,4,E
12,Kenny Perry,"18' 2""",145.167,8,-3
13,Retief Goosen,"22' 9""",22.750,1,E
14,Craig Stadler,"24' 8""",123.500,5,-3
15,Jim Furyk,"27' 5""",54.833,2,E
16,Peter Jacobsen,"28' 8""",86.000,3,+2
17,Frank Lickliter II,"29' 9""",59.500,2,E
18,Ernie Els,"30' 1""",60.083,2,-1
19,Fred Couples,"30' 7""",61.083,2,+2
20,Scott Hoch,"34' 3""",68.417,2,E
21,Rory Sabbatini,"37' 11""",37.917,1,E
22,John Huston,"41' 6""",82.917,2,E
23,Adam Scott,"41' 8""",125.083,3,E
24,Tommy Armour III,"42' 5""",127.250,3,+1
25,Darren Clarke,"51' 8""",103.333,2,+2
26,Chad Campbell,"53' 5""",53.417,1,+1
27,Davis Love III,"62' 2""",124.333,2,+1
