rank,player,Avg,Total Distance (feet),# of Attempts,Relative to par
1,Shaun Micheel,"14' 2""",14.167,1,-1
2,Justin Leonard,"39' 8""",118.917,3,-2
3,Fred Couples,"44' 10""",89.583,2,E
4,Mike Weir,"54' 0""",108.000,2,-1
5,Tiger Woods,"54' 7""",163.833,3,-2
6,Kenny Perry,"56' 8""",226.750,4,-2
7,Scott Hoch,"56' 9""",113.417,2,-2
8,Craig Stadler,"57' 3""",57.250,1,-1
9,Ben Curtis,"57' 9""",57.750,1,-1
10,Rory Sabbatini,"60' 2""",120.333,2,+1
11,Jim Furyk,"61' 1""",61.083,1,-1
12,Tommy Armour III,"61' 4""",122.583,2,-1
13,Kirk Triplett,"62' 2""",124.250,2,-1
14,Bob Tway,"63' 4""",63.333,1,-1
15,Stuart Appleby,"65' 9""",328.833,5,-2
16,Shigeki Maruyama,"67' 10""",135.667,2,-2
16,Vijay Singh,"67' 10""",203.583,3,-2
18,Ben Crane,"77' 2""",77.167,1,-1
19,Ernie Els,"77' 5""",77.417,1,-1
20,John Huston,"78' 10""",315.333,4,-3
21,Jonathan Kaye,"79' 1""",79.083,1,E
22,Adam Scott,"87' 7""",87.583,1,-1
23,Davis Love III,"89' 1""",89.083,1,E
24,Darren Clarke,"91' 2""",273.417,3,-2
