rank,player,Avg,Total Distance (feet),# of Attempts,Relative to par
1,Stuart Appleby,"15' 4""",76.583,5,-2
2,Kenny Perry,"18' 2""",145.167,8,-3
3,Shaun Micheel,"19' 7""",78.167,4,+2
4,Ben Curtis,"19' 10""",158.750,8,E
5,Peter Jacobsen,"20' 1""",181.083,9,+3
6,Tiger Woods,"20' 11""",83.500,4,-1
7,J.L. Lewis,"21' 10""",174.333,8,+1
8,Kirk Triplett,"23' 11""",47.750,2,+1
9,Steve Flesch,"24' 2""",193.000,8,E
10,Ben Crane,"24' 6""",244.583,10,-3
11,Ernie Els,"24' 11""",174.667,7,-1
12,Bob Tway,"25' 3""",151.583,6,E
13,Rory Sabbatini,"25' 10""",129.167,5,+2
14,Shigeki Maruyama,"26' 2""",156.833,6,+1
15,Tommy Armour III,"26' 9""",240.583,9,+1
16,Craig Stadler,"28' 4""",254.667,9,-1
17,Scott Hoch,"28' 6""",142.667,5,E
18,Adam Scott,"30' 10""",215.583,7,E
19,Justin Leonard,"31' 5""",219.833,7,-2
20,Fred Couples,"32' 6""",162.583,5,+3
21,Frank Lickliter II,"32' 11""",328.917,10,+2
22,Jim Furyk,"33' 0""",164.833,5,+1
23,Mike Weir,"33' 4""",233.250,7,+1
24,Retief Goosen,"35' 11""",143.583,4,+1
25,Chad Campbell,"40' 6""",283.417,7,+2
26,John Huston,"41' 5""",124.250,3,+1
27,Jonathan Kaye,"42' 8""",85.333,2,E
28,Davis Love III,"43' 2""",172.583,4,+2
29,Darren Clarke,"53' 9""",215.000,4,+1
