rank,player,Avg,Total Distance (feet),# of Attempts,Relative to par
1,Davis Love III,"5' 0""",5.000,1,+1
2,Tommy Armour III,"9' 9""",19.417,2,E
3,Peter Jacobsen,"11' 5""",34.250,3,E
4,Justin Leonard,"11' 7""",23.083,2,-2
5,Kirk Triplett,"13' 8""",13.667,1,E
6,Adam Scott,"20' 1""",40.083,2,E
7,Rory Sabbatini,"20' 2""",40.250,2,+1
8,Stuart Appleby,"20' 7""",41.083,2,E
9,Shaun Micheel,"22' 8""",22.667,1,+1
10,Steve Flesch,"25' 0""",74.917,3,-1
11,Shigeki Maruyama,"26' 4""",26.333,1,E
12,Ernie Els,"26' 11""",80.833,3,E
13,Ben Crane,"29' 5""",88.167,3,E
14,Ben Curtis,"30' 1""",60.167,2,+2
15,J.L. Lewis,"30' 8""",61.250,2,+1
16,Mike Weir,"36' 0""",71.917,2,+1
17,Jim Furyk,"36' 8""",110.000,3,+1
18,Craig Stadler,"37' 7""",37.583,1,+1
19,Frank Lickliter II,"38' 10""",194.250,5,+1
20,Fred Couples,"48' 4""",48.333,1,E
21,Retief Goosen,"49' 4""",49.333,1,E
22,Chad Campbell,"54' 2""",54.167,1,E
23,Darren Clarke,"61' 6""",61.500,1,-1
24,Jonathan Kaye,"77' 3""",77.250,1,+1
