rank,player,Avg,Attempts,Total Distance (feet),Relative to par
1,Peter Jacobsen,"11' 5""",3,34.250,E
2,Bob Tway,"15' 7""",1,15.583,E
3,Justin Leonard,"16' 9""",1,16.750,E
4,Tiger Woods,"21' 9""",5,108.750,-1.00
5,Ben Crane,"21' 10""",2,43.583,-1.00
6,Ben Curtis,"27' 5""",1,27.417,E
7,J.L. Lewis,"29' 8""",2,59.333,E
8,Frank Lickliter II,"33' 4""",6,200.083,+2.00
9,Tommy Armour III,"36' 4""",6,218.083,E
10,Mike Weir,"37' 1""",1,37.083,-1.00
11,Ernie Els,"39' 3""",3,117.667,E
12,Craig Stadler,"40' 2""",2,80.333,+1.00
13,Rory Sabbatini,"43' 4""",5,216.667,+1.00
14,Steve Flesch,"47' 10""",4,191.333,-1.00
15,Stuart Appleby,"49' 0""",5,245.083,-2.00
16,Shaun Micheel,"52' 11""",3,158.667,E
17,John Huston,"53' 9""",4,215.083,+1.00
18,Jonathan Kaye,"54' 5""",4,217.667,-1.00
19,Adam Scott,"55' 5""",3,166.250,E
20,Kirk Triplett,"56' 4""",5,281.833,+1.00
21,Retief Goosen,"57' 4""",2,114.667,E
22,Jim Furyk,"58' 11""",6,353.583,E
23,Fred Couples,"63' 9""",4,254.833,+2.00
24,Shigeki Maruyama,"67' 10""",2,135.667,-2.00
24,Vijay Singh,"67' 10""",3,203.583,-2.00
26,Davis Love III,"69' 5""",5,347.250,+1.00
27,Kenny Perry,"73' 10""",5,369.000,+1.00
28,Scott Hoch,"106' 5""",1,106.417,-1.00
