rank,player,%,Total Drives for 320+,Total Drvs - overall,Relative to par
1,Cameron Champ,12.50,1,8,E
1,Keith Mitchell,12.50,1,8,E
1,Jon Rahm,12.50,1,8,-1.00
1,Martin Trainer,12.50,1,8,-1.00
1,Matthew Wolff,12.50,1,8,E
6,Patrick Cantlay,.00,0,8,E
6,Paul Casey,.00,0,8,E
6,Corey Conners,.00,0,8,E
6,Tyler Duncan,.00,0,8,E
6,Rickie Fowler,.00,0,8,E
6,Dylan Frittelli,.00,0,8,E
6,Lanto Griffin,.00,0,8,E
6,Jim Herman,.00,0,8,E
6,J.B. Holmes,.00,0,8,E
6,Max Homa,.00,0,8,E
6,Dustin Johnson,.00,0,8,E
6,Sung Kang,.00,0,8,E
6,Kevin Kisner,.00,0,8,E
6,Matt Kuchar,.00,0,8,E
6,Nate Lashley,.00,0,8,E
6,Adam Long,.00,0,8,E
6,Graeme McDowell,.00,0,8,E
6,Collin Morikawa,.00,0,8,E
6,Sebastián Muñoz,.00,0,8,E
6,Kevin Na,.00,0,8,E
6,Joaquin Niemann,.00,0,8,E
6,Ryan Palmer,.00,0,8,E
6,J.T. Poston,.00,0,8,E
6,Chez Reavie,.00,0,8,E
6,Patrick Reed,.00,0,8,E
6,Xander Schauffele,.00,0,8,E
6,Justin Thomas,.00,0,8,E
6,Brendon Todd,.00,0,8,E
6,Gary Woodland,.00,0,8,E
