rank,player,%,Total Drives for 300+,Total Drvs - overall,Relative to par
1,Cameron Champ,50.00,4,8,-0.25
2,Matthew Wolff,37.50,3,8,-0.33
3,J.B. Holmes,25.00,2,8,E
3,Martin Trainer,25.00,2,8,-1.00
5,Paul Casey,12.50,1,8,-1.00
5,Keith Mitchell,12.50,1,8,E
5,Joaquin Niemann,12.50,1,8,-1.00
5,Jon Rahm,12.50,1,8,-1.00
5,Xander Schauffele,12.50,1,8,E
5,Gary Woodland,12.50,1,8,-1.00
11,Patrick Cantlay,.00,0,8,E
11,Corey Conners,.00,0,8,E
11,Tyler Duncan,.00,0,8,E
11,Rickie Fowler,.00,0,8,E
11,Dylan Frittelli,.00,0,8,E
11,Lanto Griffin,.00,0,8,E
11,Jim Herman,.00,0,8,E
11,Max Homa,.00,0,8,E
11,Dustin Johnson,.00,0,8,E
11,Sung Kang,.00,0,8,E
11,Kevin Kisner,.00,0,8,E
11,Matt Kuchar,.00,0,8,E
11,Nate Lashley,.00,0,8,E
11,Adam Long,.00,0,8,E
11,Graeme McDowell,.00,0,8,E
11,Collin Morikawa,.00,0,8,E
11,Sebastián Muñoz,.00,0,8,E
11,Kevin Na,.00,0,8,E
11,Ryan Palmer,.00,0,8,E
11,J.T. Poston,.00,0,8,E
11,Chez Reavie,.00,0,8,E
11,Patrick Reed,.00,0,8,E
11,Justin Thomas,.00,0,8,E
11,Brendon Todd,.00,0,8,E
