rank,player,%,Total Drives for <= 240,Total Drvs - overall,Relative to par
1,Dylan Frittelli,50.00,4,8,E
2,Jim Herman,37.50,3,8,-0.33
2,Kevin Na,37.50,3,8,+0.67
2,Ryan Palmer,37.50,3,8,-0.33
2,Brendon Todd,37.50,3,8,E
6,Tyler Duncan,25.00,2,8,E
6,Lanto Griffin,25.00,2,8,+0.50
6,J.B. Holmes,25.00,2,8,-0.50
6,Matt Kuchar,25.00,2,8,E
6,Sebastián Muñoz,25.00,2,8,-0.50
6,Chez Reavie,25.00,2,8,+0.50
6,Patrick Reed,25.00,2,8,E
6,Matthew Wolff,25.00,2,8,+0.50
14,Kevin Kisner,12.50,1,8,E
14,Nate Lashley,12.50,1,8,E
14,Graeme McDowell,12.50,1,8,E
14,Collin Morikawa,12.50,1,8,E
14,Joaquin Niemann,12.50,1,8,E
14,Martin Trainer,12.50,1,8,E
20,Patrick Cantlay,.00,0,8,E
20,Paul Casey,.00,0,8,E
20,Cameron Champ,.00,0,8,E
20,Corey Conners,.00,0,8,E
20,Rickie Fowler,.00,0,8,E
20,Max Homa,.00,0,8,E
20,Dustin Johnson,.00,0,8,E
20,Sung Kang,.00,0,8,E
20,Adam Long,.00,0,8,E
20,Keith Mitchell,.00,0,8,E
20,J.T. Poston,.00,0,8,E
20,Jon Rahm,.00,0,8,E
20,Xander Schauffele,.00,0,8,E
20,Justin Thomas,.00,0,8,E
20,Gary Woodland,.00,0,8,E
