rank,player,%,Total Drives for 300+,Total Drives - Overall,Relative to Par
1,Cameron Champ,53.33,32,60,-0.063
2,Matthew Wolff,48.33,29,60,-0.310
3,Gary Woodland,41.67,25,60,-0.040
4,Jon Rahm,40.00,24,60,-0.042
4,Martin Trainer,40.00,24,60,+0.042
6,Dustin Johnson,38.33,23,60,-0.130
7,Lanto Griffin,36.67,22,60,-0.318
7,Sung Kang,36.67,22,60,-0.091
7,Keith Mitchell,36.67,22,60,+0.136
7,Xander Schauffele,36.67,22,60,-0.136
11,Paul Casey,35.00,21,60,-0.095
11,Sebastián Muñoz,35.00,21,60,+0.095
11,Joaquin Niemann,35.00,21,60,-0.238
11,Patrick Reed,35.00,21,60,-0.048
11,Justin Thomas,35.00,21,60,+0.048
16,Patrick Cantlay,33.33,20,60,-0.200
16,Rickie Fowler,33.33,20,60,-0.200
16,Jim Herman,33.33,20,60,+0.100
16,Ryan Palmer,33.33,20,60,+0.200
20,Tyler Duncan,31.67,19,60,-0.053
20,J.B. Holmes,31.67,19,60,+0.211
20,Kevin Kisner,31.67,19,60,+0.211
20,Adam Long,31.67,19,60,E
20,J.T. Poston,31.67,19,60,-0.105
25,Corey Conners,30.00,18,60,+0.111
25,Dylan Frittelli,30.00,18,60,E
25,Max Homa,30.00,18,60,+0.111
25,Nate Lashley,30.00,18,60,-0.111
25,Collin Morikawa,30.00,18,60,-0.056
30,Graeme McDowell,28.33,17,60,-0.235
31,Kevin Na,25.00,15,60,E
31,Chez Reavie,25.00,15,60,-0.200
33,Matt Kuchar,20.00,12,60,E
34,Brendon Todd,18.33,11,60,+0.182
