rank,player,All Drives,Total Distance,# of Drives
1,Cameron Champ,305.9,"18,352",60
2,Dustin Johnson,300.9,"18,052",60
3,Matthew Wolff,298.8,"17,927",60
4,Xander Schauffele,296.5,"17,788",60
5,Jon Rahm,295.6,"17,736",60
6,Martin Trainer,294.9,"17,694",60
7,Sung Kang,293.6,"17,619",60
8,Justin Thomas,293.0,"17,582",60
9,Gary Woodland,292.6,"17,556",60
10,Paul Casey,292.4,"17,542",60
11,Keith Mitchell,288.9,"17,331",60
12,Rickie Fowler,287.9,"17,275",60
12,Joaquin Niemann,287.9,"17,274",60
12,Patrick Reed,287.9,"17,273",60
15,Ryan Palmer,287.3,"17,235",60
16,Sebastián Muñoz,286.8,"17,209",60
17,Collin Morikawa,286.6,"17,195",60
18,Lanto Griffin,286.5,"17,189",60
19,Patrick Cantlay,286.4,"17,183",60
20,Corey Conners,284.1,"17,044",60
21,J.B. Holmes,283.6,"17,015",60
22,Max Homa,283.5,"17,009",60
23,J.T. Poston,282.5,"16,951",60
24,Kevin Kisner,279.3,"16,757",60
25,Jim Herman,278.9,"16,736",60
26,Adam Long,278.2,"16,689",60
27,Tyler Duncan,276.0,"16,561",60
28,Dylan Frittelli,275.4,"16,525",60
29,Graeme McDowell,275.1,"16,508",60
30,Nate Lashley,274.7,"16,483",60
31,Kevin Na,271.2,"16,270",60
32,Matt Kuchar,270.9,"16,252",60
33,Chez Reavie,265.5,"15,930",60
34,Brendon Todd,264.9,"15,895",60
