rank,player,%,Total Drives for 260-280,Total Drvs - overall,Relative to par
1,J.T. Poston,62.50,5,8,-0.20
2,Adam Long,50.00,4,8,E
2,Graeme McDowell,50.00,4,8,+0.25
2,Sebastián Muñoz,50.00,4,8,-0.75
5,Paul Casey,37.50,3,8,-0.33
5,Cameron Champ,37.50,3,8,E
5,Corey Conners,37.50,3,8,-0.67
5,Rickie Fowler,37.50,3,8,-0.67
5,Dylan Frittelli,37.50,3,8,+0.33
5,Kevin Kisner,37.50,3,8,-0.33
5,Matt Kuchar,37.50,3,8,-0.67
5,Kevin Na,37.50,3,8,-0.67
5,Ryan Palmer,37.50,3,8,-0.33
5,Patrick Reed,37.50,3,8,+0.33
5,Justin Thomas,37.50,3,8,E
5,Martin Trainer,37.50,3,8,+0.33
17,Patrick Cantlay,25.00,2,8,+0.50
17,Tyler Duncan,25.00,2,8,E
17,Jim Herman,25.00,2,8,-0.50
17,J.B. Holmes,25.00,2,8,E
17,Max Homa,25.00,2,8,+0.50
17,Dustin Johnson,25.00,2,8,E
17,Sung Kang,25.00,2,8,-0.50
17,Nate Lashley,25.00,2,8,-0.50
17,Keith Mitchell,25.00,2,8,E
17,Collin Morikawa,25.00,2,8,E
17,Joaquin Niemann,25.00,2,8,E
17,Jon Rahm,25.00,2,8,E
17,Chez Reavie,25.00,2,8,+1.00
17,Xander Schauffele,25.00,2,8,-0.50
17,Brendon Todd,25.00,2,8,-1.00
32,Lanto Griffin,12.50,1,8,+1.00
32,Matthew Wolff,12.50,1,8,E
32,Gary Woodland,12.50,1,8,E
