rank,player,%,Total Drives for 280-300,Total Drives - Overall,Relative to Par
1,Dustin Johnson,31.67,19,60,E
2,Xander Schauffele,25.00,15,60,-0.400
3,Collin Morikawa,23.33,14,60,-0.357
4,Gary Woodland,21.67,13,60,-0.308
5,Patrick Cantlay,20.00,12,60,-0.333
5,Paul Casey,20.00,12,60,E
5,J.B. Holmes,20.00,12,60,+0.250
8,Rickie Fowler,18.33,11,60,-0.182
8,Max Homa,18.33,11,60,-0.545
8,Sung Kang,18.33,11,60,-0.182
8,Justin Thomas,18.33,11,60,-0.364
12,Ryan Palmer,15.00,9,60,-0.556
12,Jon Rahm,15.00,9,60,-0.222
14,Cameron Champ,13.33,8,60,E
14,Corey Conners,13.33,8,60,-0.250
14,Matt Kuchar,13.33,8,60,-0.250
14,Patrick Reed,13.33,8,60,-0.500
14,Brendon Todd,13.33,8,60,+0.375
19,Kevin Kisner,11.67,7,60,E
19,Keith Mitchell,11.67,7,60,+0.143
19,Kevin Na,11.67,7,60,+0.286
19,Martin Trainer,11.67,7,60,E
19,Matthew Wolff,11.67,7,60,-0.286
24,Joaquin Niemann,10.00,6,60,-0.167
24,J.T. Poston,10.00,6,60,-0.333
24,Chez Reavie,10.00,6,60,+0.333
27,Tyler Duncan,8.33,5,60,-0.400
27,Jim Herman,8.33,5,60,E
27,Graeme McDowell,8.33,5,60,E
27,Sebastián Muñoz,8.33,5,60,-0.400
31,Lanto Griffin,6.67,4,60,-0.250
32,Dylan Frittelli,5.00,3,60,E
32,Nate Lashley,5.00,3,60,E
32,Adam Long,5.00,3,60,E
