rank,player,%,Total Drives for 280-300,Total Drvs - overall,Relative to par
1,Dustin Johnson,62.50,5,8,+0.20
2,Gary Woodland,50.00,4,8,-0.75
3,Patrick Cantlay,37.50,3,8,E
3,Lanto Griffin,37.50,3,8,-0.33
3,Max Homa,37.50,3,8,-0.67
3,Sung Kang,37.50,3,8,E
3,Collin Morikawa,37.50,3,8,-0.67
3,Jon Rahm,37.50,3,8,-0.33
3,Xander Schauffele,37.50,3,8,-0.67
3,Justin Thomas,37.50,3,8,-1.00
11,Paul Casey,25.00,2,8,E
11,Rickie Fowler,25.00,2,8,-0.50
11,Kevin Kisner,25.00,2,8,-0.50
11,Keith Mitchell,25.00,2,8,E
11,Martin Trainer,25.00,2,8,E
16,Corey Conners,12.50,1,8,E
16,Tyler Duncan,12.50,1,8,-1.00
16,Dylan Frittelli,12.50,1,8,-1.00
16,Jim Herman,12.50,1,8,E
16,J.B. Holmes,12.50,1,8,+1.00
16,Adam Long,12.50,1,8,-1.00
16,Graeme McDowell,12.50,1,8,-1.00
16,Sebastián Muñoz,12.50,1,8,E
16,Ryan Palmer,12.50,1,8,-1.00
16,Patrick Reed,12.50,1,8,-1.00
16,Matthew Wolff,12.50,1,8,-1.00
27,Cameron Champ,.00,0,8,E
27,Matt Kuchar,.00,0,8,E
27,Nate Lashley,.00,0,8,E
27,Kevin Na,.00,0,8,E
27,Joaquin Niemann,.00,0,8,E
27,J.T. Poston,.00,0,8,E
27,Chez Reavie,.00,0,8,E
27,Brendon Todd,.00,0,8,E
