rank,player,Distance,Tournament,Round,Hole,Course
1,Lanto Griffin,429,Sentry,1,7,656
2,Jon Rahm,415,Sentry,4,7,656
3,Cameron Champ,413,Sentry,1,7,656
4,Justin Thomas,409,Sentry,4,12,656
5,Gary Woodland,400,Sentry,4,12,656
6,Matthew Wolff,399,Sentry,1,12,656
7,Rickie Fowler,398,Sentry,1,12,656
8,Paul Casey,397,Sentry,1,12,656
8,Martin Trainer,397,Sentry,4,17,656
10,Sung Kang,396,Sentry,4,7,656
11,Joaquin Niemann,390,Sentry,1,7,656
12,Nate Lashley,384,Sentry,4,1,656
13,Keith Mitchell,383,Sentry,4,12,656
13,Patrick Reed,383,Sentry,2,17,656
15,Ryan Palmer,378,Sentry,4,17,656
16,Xander Schauffele,377,Sentry,1,18,656
17,Kevin Kisner,376,Sentry,1,12,656
18,Dustin Johnson,374,Sentry,4,12,656
19,Tyler Duncan,373,Sentry,1,6,656
19,J.B. Holmes,373,Sentry,1,17,656
19,Kevin Na,373,Sentry,3,7,656
22,Patrick Cantlay,372,Sentry,4,7,656
22,Max Homa,372,Sentry,4,7,656
24,J.T. Poston,371,Sentry,4,7,656
25,Corey Conners,368,Sentry,1,12,656
25,Adam Long,368,Sentry,1,17,656
25,Collin Morikawa,368,Sentry,4,7,656
28,Dylan Frittelli,366,Sentry,1,18,656
28,Graeme McDowell,366,Sentry,1,1,656
30,Sebastián Muñoz,364,Sentry,1,1,656
31,Jim Herman,360,Sentry,4,1,656
31,Matt Kuchar,360,Sentry,1,1,656
33,Brendon Todd,359,Sentry,1,1,656
34,Chez Reavie,352,Sentry,1,1,656
