rank,player,%,Total Drives for 300-320,Total Drives - Overall,Relative to Par
1,Chez Reavie,18.33,11,60,-0.273
2,Cameron Champ,16.67,10,60,-0.100
2,Gary Woodland,16.67,10,60,-0.100
4,J.B. Holmes,15.00,9,60,-0.111
4,J.T. Poston,15.00,9,60,-0.444
4,Matthew Wolff,15.00,9,60,-0.333
7,Tyler Duncan,13.33,8,60,-0.125
7,Kevin Kisner,13.33,8,60,+0.250
7,Nate Lashley,13.33,8,60,E
10,Corey Conners,11.67,7,60,-0.143
10,Dylan Frittelli,11.67,7,60,+0.143
10,Graeme McDowell,11.67,7,60,-0.286
10,Keith Mitchell,11.67,7,60,-0.286
10,Collin Morikawa,11.67,7,60,-0.143
15,Patrick Cantlay,10.00,6,60,E
15,Adam Long,10.00,6,60,E
15,Kevin Na,10.00,6,60,E
15,Jon Rahm,10.00,6,60,E
15,Brendon Todd,10.00,6,60,E
20,Max Homa,8.33,5,60,+0.400
20,Dustin Johnson,8.33,5,60,-0.600
20,Matt Kuchar,8.33,5,60,E
20,Xander Schauffele,8.33,5,60,E
24,Rickie Fowler,6.67,4,60,E
24,Jim Herman,6.67,4,60,-0.250
24,Sung Kang,6.67,4,60,E
24,Joaquin Niemann,6.67,4,60,-0.250
24,Ryan Palmer,6.67,4,60,+0.250
24,Patrick Reed,6.67,4,60,-0.250
30,Justin Thomas,5.00,3,60,-0.667
30,Martin Trainer,5.00,3,60,+0.333
32,Paul Casey,3.33,2,60,-0.500
32,Lanto Griffin,3.33,2,60,-0.500
34,Sebastián Muñoz,1.67,1,60,E
