rank,player,%,Total Drives for 260-280,Total Drives - Overall,Relative to Par
1,Joaquin Niemann,26.67,16,60,-0.250
1,J.T. Poston,26.67,16,60,-0.250
1,Jon Rahm,26.67,16,60,-0.500
1,Martin Trainer,26.67,16,60,+0.063
5,Collin Morikawa,25.00,15,60,-0.267
5,Sebastián Muñoz,25.00,15,60,-0.267
7,Patrick Cantlay,23.33,14,60,-0.357
7,Dylan Frittelli,23.33,14,60,+0.286
7,Nate Lashley,23.33,14,60,-0.429
7,Adam Long,23.33,14,60,+0.071
7,Ryan Palmer,23.33,14,60,-0.214
12,Corey Conners,21.67,13,60,-0.385
12,Rickie Fowler,21.67,13,60,-0.308
12,Max Homa,21.67,13,60,E
12,Matt Kuchar,21.67,13,60,-0.308
12,Keith Mitchell,21.67,13,60,E
12,Justin Thomas,21.67,13,60,-0.231
18,Dustin Johnson,20.00,12,60,-0.333
18,Sung Kang,20.00,12,60,-0.167
20,Paul Casey,18.33,11,60,-0.364
20,Lanto Griffin,18.33,11,60,-0.091
20,Graeme McDowell,18.33,11,60,+0.273
20,Patrick Reed,18.33,11,60,E
20,Xander Schauffele,18.33,11,60,-0.364
25,Cameron Champ,16.67,10,60,-0.400
25,J.B. Holmes,16.67,10,60,-0.100
25,Kevin Kisner,16.67,10,60,-0.400
25,Brendon Todd,16.67,10,60,-0.300
29,Tyler Duncan,15.00,9,60,E
30,Jim Herman,13.33,8,60,-0.500
30,Kevin Na,13.33,8,60,-0.125
32,Matthew Wolff,11.67,7,60,-0.286
33,Chez Reavie,10.00,6,60,+0.167
33,Gary Woodland,10.00,6,60,-0.500
