rank,player,%,Total Drives for 320+,Total Drives - Overall,Relative to Par
1,Cameron Champ,36.67,22,60,-0.045
2,Martin Trainer,35.00,21,60,E
3,Lanto Griffin,33.33,20,60,-0.300
3,Sebastián Muñoz,33.33,20,60,+0.100
3,Matthew Wolff,33.33,20,60,-0.300
6,Paul Casey,31.67,19,60,-0.053
7,Dustin Johnson,30.00,18,60,E
7,Sung Kang,30.00,18,60,-0.111
7,Jon Rahm,30.00,18,60,-0.056
7,Justin Thomas,30.00,18,60,+0.167
11,Joaquin Niemann,28.33,17,60,-0.235
11,Patrick Reed,28.33,17,60,E
11,Xander Schauffele,28.33,17,60,-0.176
14,Rickie Fowler,26.67,16,60,-0.250
14,Jim Herman,26.67,16,60,+0.188
14,Ryan Palmer,26.67,16,60,+0.188
17,Keith Mitchell,25.00,15,60,+0.333
17,Gary Woodland,25.00,15,60,E
19,Patrick Cantlay,23.33,14,60,-0.286
20,Max Homa,21.67,13,60,E
20,Adam Long,21.67,13,60,E
22,Corey Conners,18.33,11,60,+0.273
22,Tyler Duncan,18.33,11,60,E
22,Dylan Frittelli,18.33,11,60,-0.091
22,Kevin Kisner,18.33,11,60,+0.182
22,Collin Morikawa,18.33,11,60,E
27,J.B. Holmes,16.67,10,60,+0.500
27,Nate Lashley,16.67,10,60,-0.200
27,Graeme McDowell,16.67,10,60,-0.200
27,J.T. Poston,16.67,10,60,+0.200
31,Kevin Na,15.00,9,60,E
32,Matt Kuchar,11.67,7,60,E
33,Brendon Todd,8.33,5,60,+0.400
34,Chez Reavie,6.67,4,60,E
