rank,player,%,Total Drives for 240-260,Total Drvs - overall,Relative to par
1,Nate Lashley,62.50,5,8,+0.20
2,Corey Conners,50.00,4,8,-0.25
2,Joaquin Niemann,50.00,4,8,-0.25
2,Chez Reavie,50.00,4,8,-0.75
5,Patrick Cantlay,37.50,3,8,+0.33
5,Tyler Duncan,37.50,3,8,E
5,Rickie Fowler,37.50,3,8,E
5,Max Homa,37.50,3,8,+0.33
5,Sung Kang,37.50,3,8,E
5,Matt Kuchar,37.50,3,8,E
5,Adam Long,37.50,3,8,E
5,Keith Mitchell,37.50,3,8,-0.33
5,J.T. Poston,37.50,3,8,E
5,Brendon Todd,37.50,3,8,E
15,Paul Casey,25.00,2,8,+0.50
15,Lanto Griffin,25.00,2,8,E
15,Jim Herman,25.00,2,8,+0.50
15,Kevin Kisner,25.00,2,8,E
15,Graeme McDowell,25.00,2,8,E
15,Collin Morikawa,25.00,2,8,+0.50
15,Kevin Na,25.00,2,8,E
15,Jon Rahm,25.00,2,8,E
15,Patrick Reed,25.00,2,8,-1.00
15,Xander Schauffele,25.00,2,8,E
15,Justin Thomas,25.00,2,8,+0.50
15,Gary Woodland,25.00,2,8,E
27,Cameron Champ,12.50,1,8,E
27,J.B. Holmes,12.50,1,8,E
27,Dustin Johnson,12.50,1,8,E
27,Sebastián Muñoz,12.50,1,8,E
27,Ryan Palmer,12.50,1,8,E
27,Matthew Wolff,12.50,1,8,E
33,Dylan Frittelli,.00,0,8,E
33,Martin Trainer,.00,0,8,E
