rank,player,Avg,Total Distance,Total Drives
1,Cameron Champ,292.9,"2,343",8
2,Martin Trainer,279.8,"2,238",8
3,Dustin Johnson,279.4,"2,235",8
3,Jon Rahm,279.4,"2,235",8
5,Keith Mitchell,277.8,"2,222",8
6,Gary Woodland,277.5,"2,220",8
7,Xander Schauffele,277.1,"2,217",8
8,Matthew Wolff,276.6,"2,213",8
9,Paul Casey,275.0,"2,200",8
10,Sung Kang,272.5,"2,180",8
11,Justin Thomas,271.5,"2,172",8
12,Max Homa,270.0,"2,160",8
13,Rickie Fowler,269.6,"2,157",8
14,J.B. Holmes,269.5,"2,156",8
15,Kevin Kisner,268.5,"2,148",8
16,Patrick Cantlay,265.9,"2,127",8
17,Collin Morikawa,264.6,"2,117",8
18,Sebastián Muñoz,264.1,"2,113",8
19,J.T. Poston,263.6,"2,109",8
20,Lanto Griffin,263.1,"2,105",8
21,Adam Long,262.4,"2,099",8
22,Corey Conners,262.3,"2,098",8
23,Graeme McDowell,261.1,"2,089",8
24,Patrick Reed,259.9,"2,079",8
25,Ryan Palmer,259.1,"2,073",8
26,Joaquin Niemann,256.4,"2,051",8
27,Jim Herman,253.5,"2,028",8
28,Dylan Frittelli,252.6,"2,021",8
29,Matt Kuchar,252.3,"2,018",8
30,Tyler Duncan,251.6,"2,013",8
31,Nate Lashley,249.9,"1,999",8
32,Chez Reavie,249.5,"1,996",8
33,Brendon Todd,247.5,"1,980",8
34,Kevin Na,247.4,"1,979",8
