rank,player,%,Greens Hit,Total Holes,Relative to par
1,Parker Coody,100.00%,12,12,-0.08
1,Dylan Wu,100.00%,16,16,-0.13
3,Chandler Phillips,92.31%,12,13,-0.17
3,Patrick Rodgers,92.31%,12,13,-0.17
5,Akshay Bhatia,90.00%,9,10,-0.33
6,Yuto Katsuragawa,87.50%,14,16,-0.36
6,Davis Thompson,87.50%,14,16,-0.50
8,Chris Kirk,85.00%,17,20,-0.24
9,Alex Noren,84.21%,16,19,-0.19
10,Billy Horschel,83.33%,10,12,-0.10
10,Norman Xiong,83.33%,10,12,E
12,Adam Svensson,82.35%,14,17,-0.14
13,Martin Trainer,81.25%,13,16,-0.08
14,Stewart Cink,80.00%,8,10,E
14,Emiliano Grillo,80.00%,12,15,-0.50
14,Robby Shelton,80.00%,12,15,-0.42
14,Sam Stevens,80.00%,12,15,-0.25
18,Will Gordon,78.57%,11,14,-0.18
18,Si Woo Kim,78.57%,11,14,-0.36
18,Maverick McNealy,78.57%,11,14,-0.18
18,Keith Mitchell,78.57%,11,14,E
18,Matt NeSmith,78.57%,11,14,-0.27
18,Andrew Putnam,78.57%,11,14,-0.27
18,Aaron Rai,78.57%,11,14,-0.36
18,Matt Wallace,78.57%,11,14,-0.09
26,Zac Blair,77.78%,7,9,E
26,Kurt Kitayama,77.78%,14,18,-0.21
28,Ryo Hisatsune,76.92%,10,13,-0.40
28,Justin Lower,76.92%,10,13,-0.30
28,Scott Stallings,76.92%,10,13,-0.30
31,Seamus Power,76.47%,13,17,-0.23
32,Russell Henley,75.00%,12,16,-0.42
32,Nick Taylor,75.00%,12,16,-0.50
32,Erik van Rooyen,75.00%,12,16,-0.17
35,Cam Davis,73.33%,11,15,-0.64
36,Taylor Montgomery,72.22%,13,18,-0.38
37,Corey Conners,70.59%,12,17,-0.08
37,Matthieu Pavon,70.59%,12,17,-0.08
39,Joseph Bramlett,70.00%,7,10,E
40,Lanto Griffin,69.23%,9,13,-0.33
40,K.H. Lee,69.23%,9,13,-0.11
40,J.T. Poston,69.23%,9,13,-0.22
40,Greyson Sigg,69.23%,9,13,-0.11
44,Harry Hall,68.75%,11,16,-0.36
44,Michael Kim,68.75%,11,16,E
44,Luke List,68.75%,11,16,-0.18
44,Webb Simpson,68.75%,11,16,-0.09
48,Byeong Hun An,66.67%,8,12,-0.25
48,Joel Dahmen,66.67%,10,15,-0.40
48,Ben Griffin,66.67%,14,21,-0.36
48,Patton Kizzire,66.67%,10,15,-0.20
48,Grayson Murray,66.67%,8,12,-0.13
48,Justin Rose,66.67%,10,15,-0.10
48,Taiga Semikawa,66.67%,8,12,-0.38
48,Alejandro Tosti,66.67%,10,15,-0.30
48,Carl Yuan,66.67%,8,12,-0.50
57,Garrick Higgo,64.71%,11,17,-0.45
58,Robert MacIntyre,64.29%,9,14,-0.22
59,Keegan Bradley,63.64%,7,11,-0.29
59,Eric Cole,63.64%,7,11,-0.29
61,Nick Hardy,63.16%,12,19,-0.42
62,Harris English,61.54%,8,13,-0.25
63,Ludvig Åberg,61.11%,11,18,-0.36
64,Nico Echavarria,60.00%,6,10,-0.17
64,Charley Hoffman,60.00%,9,15,-0.44
64,Hideki Matsuyama,60.00%,9,15,E
67,Brian Harman,58.33%,7,12,-0.43
67,Ben Silverman,58.33%,7,12,-0.14
69,Stephan Jaeger,57.14%,8,14,-0.38
69,Taylor Pendrith,57.14%,8,14,-0.13
69,Brandon Wu,57.14%,8,14,-0.13
72,Tyler Duncan,55.56%,10,18,-0.10
73,S.H. Kim,54.55%,6,11,-0.67
73,Troy Merritt,54.55%,6,11,-0.17
75,Mark Hubbard,53.85%,7,13,-0.29
76,Austin Eckroat,53.33%,8,15,-0.13
76,Jake Knapp,53.33%,8,15,-0.25
78,Ben Kohles,50.00%,6,12,E
79,Brendon Todd,46.67%,7,15,-0.29
80,Tyrrell Hatton,40.00%,4,10,-0.50
80,Denny McCarthy,40.00%,4,10,-0.25
