rank,player,%,Greens Hit,Total Holes,Relative to par
1,Joel Dahmen,100.00%,8,8,+0.13
2,Michael Kim,83.33%,5,6,-0.60
2,Webb Simpson,83.33%,5,6,E
4,Nico Echavarria,71.43%,5,7,-0.40
4,Aaron Rai,71.43%,5,7,+0.20
4,Norman Xiong,71.43%,5,7,-0.20
7,Akshay Bhatia,66.67%,4,6,+0.25
7,Corey Conners,66.67%,4,6,E
7,Austin Eckroat,66.67%,4,6,-0.25
7,Jake Knapp,66.67%,4,6,E
7,Denny McCarthy,66.67%,4,6,E
7,Maverick McNealy,66.67%,6,9,E
7,Troy Merritt,66.67%,6,9,E
7,Keith Mitchell,66.67%,4,6,E
7,Taylor Pendrith,66.67%,4,6,E
7,J.T. Poston,66.67%,4,6,E
7,Adam Svensson,66.67%,6,9,E
18,Harry Hall,62.50%,5,8,-0.20
18,Mark Hubbard,62.50%,5,8,E
18,Yuto Katsuragawa,62.50%,5,8,E
18,Chris Kirk,62.50%,5,8,+0.20
18,Greyson Sigg,62.50%,5,8,+0.20
18,Dylan Wu,62.50%,5,8,E
24,Byeong Hun An,60.00%,3,5,E
24,Nick Hardy,60.00%,3,5,E
24,S.H. Kim,60.00%,6,10,-0.17
24,Andrew Putnam,60.00%,6,10,E
28,Emiliano Grillo,58.33%,7,12,+0.14
29,Ludvig Åberg,57.14%,4,7,E
29,Will Gordon,57.14%,4,7,E
29,Ben Griffin,57.14%,4,7,+0.25
29,Lanto Griffin,57.14%,4,7,+0.25
29,Si Woo Kim,57.14%,4,7,E
29,Taylor Montgomery,57.14%,4,7,E
29,Brandon Wu,57.14%,4,7,-0.25
36,Ryo Hisatsune,55.56%,5,9,E
36,Robby Shelton,55.56%,5,9,+0.20
36,Ben Silverman,55.56%,5,9,-0.40
39,Zac Blair,54.55%,6,11,+0.17
40,Harris English,50.00%,3,6,-0.67
40,Billy Horschel,50.00%,4,8,-0.25
40,Luke List,50.00%,4,8,E
43,Russell Henley,45.45%,5,11,+0.20
44,Stephan Jaeger,44.44%,4,9,-0.25
44,Ben Kohles,44.44%,4,9,-0.25
44,Justin Lower,44.44%,4,9,-0.50
44,Scott Stallings,44.44%,4,9,+0.50
48,Eric Cole,42.86%,3,7,-0.33
48,Tyrrell Hatton,42.86%,3,7,E
50,Robert MacIntyre,40.00%,4,10,+0.25
50,Hideki Matsuyama,40.00%,2,5,E
50,Nick Taylor,40.00%,4,10,E
50,Alejandro Tosti,40.00%,2,5,-0.50
50,Erik van Rooyen,40.00%,2,5,-0.50
55,Cam Davis,37.50%,3,8,E
55,Kurt Kitayama,37.50%,3,8,-0.33
57,Davis Thompson,36.36%,4,11,-0.25
58,Keegan Bradley,33.33%,3,9,-0.33
58,Garrick Higgo,33.33%,2,6,E
58,Matthieu Pavon,33.33%,3,9,-0.33
58,Seamus Power,33.33%,2,6,+0.50
58,Martin Trainer,33.33%,2,6,+0.50
58,Carl Yuan,33.33%,2,6,E
64,Patton Kizzire,28.57%,2,7,E
64,Brendon Todd,28.57%,2,7,-0.50
66,Charley Hoffman,27.27%,3,11,E
66,Matt NeSmith,27.27%,3,11,E
68,Tyler Duncan,25.00%,2,8,E
68,Patrick Rodgers,25.00%,1,4,E
68,Matt Wallace,25.00%,2,8,-0.50
71,Justin Rose,22.22%,2,9,E
72,Parker Coody,20.00%,1,5,E
72,K.H. Lee,20.00%,1,5,E
72,Sam Stevens,20.00%,1,5,E
75,Joseph Bramlett,16.67%,1,6,E
75,Alex Noren,16.67%,1,6,E
75,Taiga Semikawa,16.67%,1,6,+1.00
78,Stewart Cink,12.50%,1,8,-1.00
78,Brian Harman,12.50%,1,8,-1.00
78,Chandler Phillips,12.50%,1,8,E
81,Grayson Murray,.00%,0,4,E
