rank,player,%,Greens Hit,# of Holes
1,Corey Conners,91.89%,34,37
2,Hideki Matsuyama,90.32%,28,31
3,Erik van Rooyen,90.00%,27,30
4,Patrick Rodgers,89.66%,26,29
5,Harris English,89.47%,34,38
6,Ben Griffin,89.29%,25,28
6,Scott Stallings,89.29%,25,28
8,Charley Hoffman,88.89%,24,27
8,Adam Svensson,88.89%,32,36
8,Nick Taylor,88.89%,24,27
8,Dylan Wu,88.89%,32,36
12,Parker Coody,88.00%,22,25
13,Matt Wallace,86.96%,20,23
14,S.H. Kim,86.67%,26,30
14,Kurt Kitayama,86.67%,26,30
16,Brandon Wu,86.49%,32,37
17,Robert MacIntyre,86.36%,19,22
17,Taylor Pendrith,86.36%,19,22
19,Ludvig Åberg,86.21%,25,29
20,Webb Simpson,85.71%,24,28
21,Justin Lower,85.29%,29,34
22,Stewart Cink,85.19%,23,27
23,Billy Horschel,85.00%,34,40
24,Alex Noren,84.62%,33,39
24,Matthieu Pavon,84.62%,22,26
24,Andrew Putnam,84.62%,33,39
27,Chandler Phillips,84.38%,27,32
28,Tyler Duncan,84.21%,32,38
29,Luke List,83.87%,26,31
29,Taylor Montgomery,83.87%,26,31
31,Akshay Bhatia,83.78%,31,37
31,Ben Kohles,83.78%,31,37
33,Will Gordon,83.33%,30,36
33,Stephan Jaeger,83.33%,30,36
33,Greyson Sigg,83.33%,30,36
36,Keegan Bradley,82.86%,29,35
37,Ryo Hisatsune,82.76%,24,29
37,Michael Kim,82.76%,24,29
39,Zac Blair,82.50%,33,40
40,Nick Hardy,82.14%,23,28
41,Alejandro Tosti,81.82%,27,33
42,Grayson Murray,81.58%,31,38
43,J.T. Poston,81.25%,26,32
44,Robby Shelton,81.08%,30,37
45,Aaron Rai,80.95%,34,42
46,Brian Harman,80.77%,21,26
47,Yuto Katsuragawa,80.65%,25,31
48,Tyrrell Hatton,80.00%,24,30
48,Matt NeSmith,80.00%,20,25
50,Byeong Hun An,79.41%,27,34
50,Martin Trainer,79.41%,27,34
52,Carl Yuan,78.95%,30,38
53,Cam Davis,78.79%,26,33
53,Russell Henley,78.79%,26,33
53,Norman Xiong,78.79%,26,33
56,Maverick McNealy,78.57%,22,28
57,Lanto Griffin,78.38%,29,37
57,Emiliano Grillo,78.38%,29,37
59,Sam Stevens,78.26%,18,23
60,Chris Kirk,78.13%,25,32
61,Austin Eckroat,78.05%,32,41
62,Joel Dahmen,77.78%,28,36
63,Justin Rose,77.14%,27,35
63,Taiga Semikawa,77.14%,27,35
65,Eric Cole,76.92%,30,39
65,Keith Mitchell,76.92%,20,26
67,Seamus Power,76.47%,26,34
68,Harry Hall,75.86%,22,29
68,Garrick Higgo,75.86%,22,29
68,Davis Thompson,75.86%,22,29
71,Si Woo Kim,75.00%,30,40
72,Patton Kizzire,74.36%,29,39
72,Brendon Todd,74.36%,29,39
74,Denny McCarthy,74.07%,20,27
75,Ben Silverman,73.33%,22,30
76,Nico Echavarria,72.97%,27,37
77,K.H. Lee,72.73%,24,33
78,Mark Hubbard,70.97%,22,31
79,Jake Knapp,69.23%,18,26
80,Joseph Bramlett,68.97%,20,29
81,Troy Merritt,68.57%,24,35
