rank,player,%,Greens Hit,Total Holes,Relative to par
1,Akshay Bhatia,100.00%,11,11,-0.73
1,Zac Blair,100.00%,11,11,-0.82
1,Keegan Bradley,100.00%,10,10,-1.00
1,Stewart Cink,100.00%,11,11,-0.91
1,Corey Conners,100.00%,8,8,-0.63
1,Parker Coody,100.00%,8,8,-1.13
1,Cam Davis,100.00%,11,11,-0.82
1,Austin Eckroat,100.00%,10,10,-0.70
1,Harris English,100.00%,12,12,-0.50
1,Will Gordon,100.00%,8,8,-0.63
1,Ben Griffin,100.00%,10,10,-0.90
1,Lanto Griffin,100.00%,7,7,-0.71
1,Emiliano Grillo,100.00%,9,9,-0.89
1,Harry Hall,100.00%,11,11,-0.73
1,Russell Henley,100.00%,9,9,-0.89
1,Garrick Higgo,100.00%,11,11,-0.82
1,Ryo Hisatsune,100.00%,10,10,-1.00
1,Charley Hoffman,100.00%,8,8,-0.50
1,Billy Horschel,100.00%,11,11,-0.82
1,Mark Hubbard,100.00%,10,10,-0.70
1,Stephan Jaeger,100.00%,12,12,-0.83
1,Yuto Katsuragawa,100.00%,5,5,-0.60
1,Si Woo Kim,100.00%,12,12,-0.50
1,Jake Knapp,100.00%,9,9,-0.67
1,Ben Kohles,100.00%,9,9,-0.67
1,K.H. Lee,100.00%,10,10,-0.70
1,Justin Lower,100.00%,6,6,-0.67
1,Hideki Matsuyama,100.00%,10,10,-0.90
1,Denny McCarthy,100.00%,10,10,-0.80
1,Troy Merritt,100.00%,9,9,-0.78
1,Keith Mitchell,100.00%,12,12,-0.83
1,Grayson Murray,100.00%,10,10,-1.10
1,Matt NeSmith,100.00%,9,9,-0.56
1,Alex Noren,100.00%,10,10,-0.60
1,Taylor Pendrith,100.00%,8,8,-0.63
1,Seamus Power,100.00%,11,11,-0.36
1,Andrew Putnam,100.00%,7,7,-0.57
1,Patrick Rodgers,100.00%,12,12,-0.92
1,Justin Rose,100.00%,10,10,-0.80
1,Taiga Semikawa,100.00%,14,14,-0.71
1,Greyson Sigg,100.00%,9,9,-0.56
1,Webb Simpson,100.00%,11,11,-0.82
1,Adam Svensson,100.00%,11,11,-0.91
1,Davis Thompson,100.00%,7,7,-0.43
1,Brendon Todd,100.00%,8,8,-0.75
1,Martin Trainer,100.00%,11,11,-0.55
1,Brandon Wu,100.00%,10,10,-0.60
1,Dylan Wu,100.00%,10,10,-0.60
1,Carl Yuan,100.00%,9,9,-0.89
50,Ludvig Åberg,91.67%,11,12,-0.73
50,Eric Cole,91.67%,11,12,-0.73
50,Tyler Duncan,91.67%,11,12,-0.64
50,S.H. Kim,91.67%,11,12,-0.73
50,Luke List,91.67%,11,12,-0.73
50,Chandler Phillips,91.67%,11,12,-0.36
50,J.T. Poston,91.67%,11,12,-0.82
57,Byeong Hun An,90.91%,10,11,-0.90
57,Tyrrell Hatton,90.91%,10,11,-0.60
57,Matthieu Pavon,90.91%,10,11,-0.90
57,Scott Stallings,90.91%,10,11,-0.60
57,Erik van Rooyen,90.91%,10,11,-0.90
62,Joel Dahmen,90.00%,9,10,-0.67
62,Michael Kim,90.00%,9,10,-0.89
62,Patton Kizzire,90.00%,9,10,-0.78
62,Aaron Rai,90.00%,9,10,-0.78
62,Sam Stevens,90.00%,9,10,-0.89
62,Norman Xiong,90.00%,9,10,-0.56
68,Brian Harman,88.89%,8,9,-0.75
68,Ben Silverman,88.89%,8,9,-0.75
70,Maverick McNealy,87.50%,7,8,-0.86
70,Robby Shelton,87.50%,7,8,-0.71
70,Nick Taylor,87.50%,7,8,-0.86
70,Matt Wallace,87.50%,7,8,-1.14
74,Nico Echavarria,85.71%,6,7,-0.50
75,Nick Hardy,83.33%,10,12,-0.70
76,Chris Kirk,80.00%,8,10,-0.75
76,Kurt Kitayama,80.00%,8,10,-0.50
76,Robert MacIntyre,80.00%,8,10,-0.50
76,Taylor Montgomery,80.00%,8,10,-0.75
76,Alejandro Tosti,80.00%,8,10,-0.63
81,Joseph Bramlett,75.00%,9,12,-0.67
