rank,player,%,Greens Hit,# of holes
1,Grayson Murray,83.33%,15,18
2,Si Woo Kim,81.25%,13,16
3,Chris Kirk,79.17%,19,24
4,Dylan Wu,75.00%,15,20
5,Akshay Bhatia,73.68%,14,19
6,Seamus Power,72.73%,16,22
7,Keegan Bradley,66.67%,14,21
7,Matthieu Pavon,66.67%,20,30
7,Taiga Semikawa,66.67%,14,21
7,Sam Stevens,66.67%,22,33
7,Matt Wallace,66.67%,22,33
12,Ben Silverman,65.38%,17,26
12,Erik van Rooyen,65.38%,17,26
14,Will Gordon,65.00%,13,20
14,Greyson Sigg,65.00%,13,20
16,Emiliano Grillo,63.16%,12,19
17,Ryo Hisatsune,62.96%,17,27
18,Stewart Cink,62.07%,18,29
19,Taylor Pendrith,61.76%,21,34
20,Parker Coody,61.29%,19,31
21,Carl Yuan,61.11%,11,18
22,K.H. Lee,60.87%,14,23
23,Joel Dahmen,60.00%,12,20
23,Keith Mitchell,60.00%,18,30
23,Adam Svensson,60.00%,12,20
26,Davis Thompson,59.26%,16,27
27,Martin Trainer,59.09%,13,22
28,Eric Cole,58.82%,10,17
28,Alex Noren,58.82%,10,17
28,Brendon Todd,58.82%,10,17
31,Nick Taylor,58.62%,17,29
32,Chandler Phillips,58.33%,14,24
32,J.T. Poston,58.33%,14,24
34,Nico Echavarria,57.89%,11,19
35,Russell Henley,56.52%,13,23
35,Alejandro Tosti,56.52%,13,23
37,Zac Blair,56.25%,9,16
38,Mark Hubbard,56.00%,14,25
38,Hideki Matsuyama,56.00%,14,25
38,Taylor Montgomery,56.00%,14,25
41,Harris English,55.56%,10,18
41,Harry Hall,55.56%,15,27
41,Patrick Rodgers,55.56%,15,27
44,Stephan Jaeger,55.00%,11,20
45,Byeong Hun An,54.55%,12,22
45,Justin Lower,54.55%,12,22
47,Kurt Kitayama,53.85%,14,26
48,Ben Griffin,53.57%,15,28
48,Nick Hardy,53.57%,15,28
48,Maverick McNealy,53.57%,15,28
48,Webb Simpson,53.57%,15,28
48,Scott Stallings,53.57%,15,28
53,Jake Knapp,53.33%,16,30
54,Andrew Putnam,52.94%,9,17
55,Lanto Griffin,52.63%,10,19
55,Robby Shelton,52.63%,10,19
55,Brandon Wu,52.63%,10,19
58,Troy Merritt,52.38%,11,21
58,Justin Rose,52.38%,11,21
60,Norman Xiong,52.17%,12,23
61,Ludvig Åberg,51.85%,14,27
61,Joseph Bramlett,51.85%,14,27
61,Garrick Higgo,51.85%,14,27
64,Tyler Duncan,50.00%,9,18
64,Brian Harman,50.00%,15,30
64,Billy Horschel,50.00%,8,16
64,Aaron Rai,50.00%,7,14
68,Matt NeSmith,48.39%,15,31
69,Yuto Katsuragawa,48.00%,12,25
70,Corey Conners,47.37%,9,19
71,Robert MacIntyre,47.06%,16,34
72,S.H. Kim,46.15%,12,26
73,Michael Kim,44.44%,12,27
74,Luke List,44.00%,11,25
75,Tyrrell Hatton,42.31%,11,26
76,Denny McCarthy,41.38%,12,29
77,Patton Kizzire,41.18%,7,17
78,Austin Eckroat,40.00%,6,15
79,Charley Hoffman,37.93%,11,29
80,Ben Kohles,36.84%,7,19
81,Cam Davis,34.78%,8,23
