rank,player,%,Greens Hit,Total Holes,Relative to par
1,Ludvig Åberg,100.00%,4,4,-0.50
1,Keegan Bradley,100.00%,1,1,E
1,Stewart Cink,100.00%,2,2,-0.50
1,Eric Cole,100.00%,1,1,E
1,Corey Conners,100.00%,3,3,-0.67
1,Parker Coody,100.00%,2,2,-0.50
1,Cam Davis,100.00%,4,4,-0.50
1,Tyler Duncan,100.00%,1,1,E
1,Nico Echavarria,100.00%,3,3,+0.33
1,Harris English,100.00%,3,3,-0.67
1,Lanto Griffin,100.00%,3,3,E
1,Emiliano Grillo,100.00%,1,1,-1.00
1,Harry Hall,100.00%,1,1,E
1,Nick Hardy,100.00%,2,2,-1.00
1,Brian Harman,100.00%,1,1,-1.00
1,Tyrrell Hatton,100.00%,1,1,E
1,Russell Henley,100.00%,1,1,E
1,Ryo Hisatsune,100.00%,2,2,E
1,Billy Horschel,100.00%,1,1,E
1,Mark Hubbard,100.00%,2,2,-0.50
1,Stephan Jaeger,100.00%,3,3,E
1,Yuto Katsuragawa,100.00%,2,2,-0.50
1,Michael Kim,100.00%,1,1,-1.00
1,S.H. Kim,100.00%,2,2,-0.50
1,Chris Kirk,100.00%,4,4,-0.25
1,Kurt Kitayama,100.00%,2,2,E
1,Ben Kohles,100.00%,2,2,-0.50
1,Luke List,100.00%,2,2,-0.50
1,Justin Lower,100.00%,3,3,+0.33
1,Robert MacIntyre,100.00%,1,1,-1.00
1,Denny McCarthy,100.00%,1,1,-1.00
1,Maverick McNealy,100.00%,6,6,-0.17
1,Troy Merritt,100.00%,2,2,E
1,Grayson Murray,100.00%,4,4,-0.50
1,Matt NeSmith,100.00%,1,1,-1.00
1,Alex Noren,100.00%,1,1,E
1,Matthieu Pavon,100.00%,3,3,-0.33
1,Taylor Pendrith,100.00%,5,5,-0.20
1,Chandler Phillips,100.00%,2,2,-0.50
1,Patrick Rodgers,100.00%,1,1,-1.00
1,Justin Rose,100.00%,2,2,-1.00
1,Robby Shelton,100.00%,3,3,-0.33
1,Greyson Sigg,100.00%,2,2,E
1,Ben Silverman,100.00%,2,2,E
1,Brendon Todd,100.00%,4,4,-0.50
1,Alejandro Tosti,100.00%,4,4,-0.50
1,Matt Wallace,100.00%,3,3,-0.33
1,Brandon Wu,100.00%,1,1,E
1,Dylan Wu,100.00%,2,2,-0.50
1,Norman Xiong,100.00%,1,1,E
1,Carl Yuan,100.00%,5,5,-0.20
52,Sam Stevens,80.00%,4,5,-0.50
53,Charley Hoffman,75.00%,3,4,-0.33
53,Hideki Matsuyama,75.00%,3,4,-0.33
55,Austin Eckroat,66.67%,2,3,-0.50
55,Will Gordon,66.67%,2,3,-0.50
55,Patton Kizzire,66.67%,2,3,E
55,K.H. Lee,66.67%,2,3,-1.00
55,Andrew Putnam,66.67%,2,3,E
55,Davis Thompson,66.67%,2,3,-0.50
61,Byeong Hun An,60.00%,3,5,-0.33
62,Joseph Bramlett,50.00%,1,2,E
62,Taylor Montgomery,50.00%,1,2,E
62,Nick Taylor,50.00%,1,2,E
65,Jake Knapp,40.00%,2,5,E
65,Keith Mitchell,40.00%,2,5,E
67,Akshay Bhatia,.00%,0,1,E
67,Ben Griffin,.00%,0,1,E
67,Si Woo Kim,.00%,0,1,E
67,Martin Trainer,.00%,0,1,E
