rank,player,%,Greens Hit,Total Holes,Relative to par
1,Zac Blair,100.00%,12,12,-0.75
1,Corey Conners,100.00%,19,19,-0.53
1,Harris English,100.00%,20,20,-0.60
1,Russell Henley,100.00%,14,14,-0.64
1,Garrick Higgo,100.00%,13,13,-0.77
1,Billy Horschel,100.00%,17,17,-0.65
1,Mark Hubbard,100.00%,14,14,-0.64
1,Ben Kohles,100.00%,14,14,-0.57
1,Denny McCarthy,100.00%,15,15,-0.80
1,Troy Merritt,100.00%,14,14,-0.64
1,Alex Noren,100.00%,14,14,-0.50
1,Seamus Power,100.00%,14,14,-0.29
1,Webb Simpson,100.00%,18,18,-0.50
1,Brandon Wu,100.00%,15,15,-0.47
1,Dylan Wu,100.00%,16,16,-0.63
16,Carl Yuan,95.65%,22,23,-0.45
17,Grayson Murray,95.45%,21,22,-0.76
17,Taiga Semikawa,95.45%,21,22,-0.57
19,Keegan Bradley,94.44%,17,18,-0.71
19,Hideki Matsuyama,94.44%,17,18,-0.71
21,Ryo Hisatsune,94.12%,16,17,-0.69
21,Matthieu Pavon,94.12%,16,17,-0.69
23,Harry Hall,93.75%,15,16,-0.60
23,Justin Rose,93.75%,15,16,-0.67
23,Ben Silverman,93.75%,15,16,-0.40
23,Adam Svensson,93.75%,15,16,-0.73
27,Justin Lower,93.33%,14,15,-0.29
27,Matt NeSmith,93.33%,14,15,-0.43
27,Norman Xiong,93.33%,14,15,-0.43
30,Joel Dahmen,92.86%,13,14,-0.54
30,Greyson Sigg,92.86%,13,14,-0.38
30,Brendon Todd,92.86%,13,14,-0.62
33,Emiliano Grillo,92.31%,12,13,-0.92
34,Stephan Jaeger,91.30%,21,23,-0.48
34,Taylor Pendrith,91.30%,21,23,-0.38
36,Stewart Cink,90.48%,19,21,-0.68
36,Patrick Rodgers,90.48%,19,21,-0.74
36,Erik van Rooyen,90.48%,19,21,-0.63
39,Cam Davis,90.00%,18,20,-0.67
39,Tyrrell Hatton,90.00%,18,20,-0.44
41,Ludvig Åberg,89.47%,17,19,-0.59
41,Charley Hoffman,89.47%,17,19,-0.47
43,Scott Stallings,88.24%,15,17,-0.60
44,Akshay Bhatia,87.50%,14,16,-0.71
44,Lanto Griffin,87.50%,14,16,-0.43
44,Michael Kim,87.50%,14,16,-0.86
44,Maverick McNealy,87.50%,14,16,-0.50
44,Alejandro Tosti,87.50%,21,24,-0.48
44,Matt Wallace,87.50%,14,16,-0.71
50,Tyler Duncan,86.67%,13,15,-0.54
50,Nico Echavarria,86.67%,13,15,-0.31
50,Ben Griffin,86.67%,13,15,-0.69
50,Robby Shelton,86.67%,13,15,-0.62
50,Nick Taylor,86.67%,13,15,-0.69
55,Chandler Phillips,86.36%,19,22,-0.47
56,Will Gordon,85.71%,12,14,-0.67
56,Patton Kizzire,85.71%,18,21,-0.67
58,Eric Cole,85.00%,17,20,-0.53
58,Parker Coody,85.00%,17,20,-0.65
58,Nick Hardy,85.00%,17,20,-0.71
58,K.H. Lee,85.00%,17,20,-0.59
62,Andrew Putnam,84.62%,11,13,-0.45
62,Davis Thompson,84.62%,11,13,-0.45
64,Martin Trainer,84.21%,16,19,-0.50
65,Keith Mitchell,83.33%,20,24,-0.65
65,J.T. Poston,83.33%,15,18,-0.80
65,Aaron Rai,83.33%,15,18,-0.60
68,Austin Eckroat,82.35%,14,17,-0.57
68,Chris Kirk,82.35%,14,17,-0.57
68,Robert MacIntyre,82.35%,14,17,-0.43
71,Luke List,81.82%,18,22,-0.56
72,Brian Harman,81.25%,13,16,-0.62
72,Taylor Montgomery,81.25%,13,16,-0.54
74,S.H. Kim,78.95%,15,19,-0.67
75,Yuto Katsuragawa,78.57%,11,14,-0.36
76,Sam Stevens,76.92%,20,26,-0.60
77,Byeong Hun An,75.00%,21,28,-0.62
77,Kurt Kitayama,75.00%,15,20,-0.33
79,Jake Knapp,72.73%,16,22,-0.44
80,Si Woo Kim,72.22%,13,18,-0.46
81,Joseph Bramlett,70.59%,12,17,-0.50
