rank,player,%,Greens Hit,Total Holes,Relative to par
1,Zac Blair,100.00%,11,11,-0.82
1,Keegan Bradley,100.00%,11,11,-0.91
1,Stewart Cink,100.00%,13,13,-0.85
1,Corey Conners,100.00%,11,11,-0.64
1,Parker Coody,100.00%,10,10,-1.00
1,Cam Davis,100.00%,15,15,-0.73
1,Harris English,100.00%,15,15,-0.53
1,Lanto Griffin,100.00%,10,10,-0.50
1,Emiliano Grillo,100.00%,10,10,-0.90
1,Harry Hall,100.00%,12,12,-0.67
1,Russell Henley,100.00%,10,10,-0.80
1,Garrick Higgo,100.00%,11,11,-0.82
1,Ryo Hisatsune,100.00%,12,12,-0.83
1,Billy Horschel,100.00%,12,12,-0.75
1,Mark Hubbard,100.00%,12,12,-0.67
1,Stephan Jaeger,100.00%,15,15,-0.67
1,Yuto Katsuragawa,100.00%,7,7,-0.57
1,Ben Kohles,100.00%,11,11,-0.64
1,Justin Lower,100.00%,9,9,-0.33
1,Denny McCarthy,100.00%,11,11,-0.82
1,Troy Merritt,100.00%,11,11,-0.64
1,Grayson Murray,100.00%,14,14,-0.93
1,Matt NeSmith,100.00%,10,10,-0.60
1,Alex Noren,100.00%,11,11,-0.55
1,Taylor Pendrith,100.00%,13,13,-0.46
1,Seamus Power,100.00%,11,11,-0.36
1,Patrick Rodgers,100.00%,13,13,-0.92
1,Justin Rose,100.00%,12,12,-0.83
1,Taiga Semikawa,100.00%,14,14,-0.71
1,Greyson Sigg,100.00%,11,11,-0.45
1,Webb Simpson,100.00%,11,11,-0.82
1,Adam Svensson,100.00%,11,11,-0.91
1,Brendon Todd,100.00%,12,12,-0.67
1,Brandon Wu,100.00%,11,11,-0.55
1,Dylan Wu,100.00%,12,12,-0.58
1,Carl Yuan,100.00%,14,14,-0.64
37,Ludvig Åberg,93.75%,15,16,-0.67
38,S.H. Kim,92.86%,13,14,-0.69
38,Luke List,92.86%,13,14,-0.69
38,Hideki Matsuyama,92.86%,13,14,-0.77
38,Maverick McNealy,92.86%,13,14,-0.54
38,Matthieu Pavon,92.86%,13,14,-0.77
38,Chandler Phillips,92.86%,13,14,-0.38
44,Eric Cole,92.31%,12,13,-0.67
44,Tyler Duncan,92.31%,12,13,-0.58
44,Austin Eckroat,92.31%,12,13,-0.67
44,Si Woo Kim,92.31%,12,13,-0.50
44,K.H. Lee,92.31%,12,13,-0.75
49,Akshay Bhatia,91.67%,11,12,-0.73
49,Tyrrell Hatton,91.67%,11,12,-0.55
49,Charley Hoffman,91.67%,11,12,-0.45
49,J.T. Poston,91.67%,11,12,-0.82
49,Martin Trainer,91.67%,11,12,-0.55
54,Will Gordon,90.91%,10,11,-0.60
54,Ben Griffin,90.91%,10,11,-0.90
54,Michael Kim,90.91%,10,11,-0.90
54,Robby Shelton,90.91%,10,11,-0.60
54,Ben Silverman,90.91%,10,11,-0.60
54,Scott Stallings,90.91%,10,11,-0.60
54,Erik van Rooyen,90.91%,10,11,-0.90
54,Matt Wallace,90.91%,10,11,-0.90
54,Norman Xiong,90.91%,10,11,-0.50
63,Joel Dahmen,90.00%,9,10,-0.67
63,Nico Echavarria,90.00%,9,10,-0.22
63,Brian Harman,90.00%,9,10,-0.78
63,Andrew Putnam,90.00%,9,10,-0.44
63,Aaron Rai,90.00%,9,10,-0.78
63,Davis Thompson,90.00%,9,10,-0.44
69,Sam Stevens,86.67%,13,15,-0.77
70,Nick Hardy,85.71%,12,14,-0.75
70,Chris Kirk,85.71%,12,14,-0.58
70,Alejandro Tosti,85.71%,12,14,-0.58
73,Patton Kizzire,84.62%,11,13,-0.64
74,Kurt Kitayama,83.33%,10,12,-0.40
75,Keith Mitchell,82.35%,14,17,-0.71
76,Robert MacIntyre,81.82%,9,11,-0.56
77,Byeong Hun An,81.25%,13,16,-0.77
78,Nick Taylor,80.00%,8,10,-0.75
79,Jake Knapp,78.57%,11,14,-0.55
80,Taylor Montgomery,75.00%,9,12,-0.67
81,Joseph Bramlett,71.43%,10,14,-0.60
