rank,player,%,Greens Hit,Total Holes,Relative to par
1,Chris Kirk,77.59%,45,58,-0.20
2,Greyson Sigg,76.67%,46,60,-0.07
2,Dylan Wu,76.67%,46,60,-0.17
4,Billy Horschel,76.27%,45,59,-0.18
5,Erik van Rooyen,75.41%,46,61,-0.15
6,Nick Taylor,74.19%,46,62,-0.28
7,Grayson Murray,74.14%,43,58,-0.16
8,Adam Svensson,73.77%,45,61,-0.11
9,Akshay Bhatia,73.33%,44,60,-0.25
10,Si Woo Kim,72.88%,43,59,-0.14
10,J.T. Poston,72.88%,43,59,-0.23
12,Justin Lower,72.58%,45,62,-0.18
13,Matthieu Pavon,72.41%,42,58,-0.21
14,Corey Conners,72.13%,44,61,-0.16
14,Brandon Wu,72.13%,44,61,-0.23
16,Hideki Matsuyama,71.93%,41,57,-0.20
17,Kurt Kitayama,71.19%,42,59,-0.24
17,Taylor Pendrith,71.19%,42,59,-0.24
19,Austin Eckroat,70.69%,41,58,-0.24
20,Will Gordon,70.49%,43,61,-0.14
20,Emiliano Grillo,70.49%,43,61,-0.28
20,Aaron Rai,70.49%,43,61,-0.21
23,Taylor Montgomery,70.00%,42,60,-0.21
23,Alex Noren,70.00%,42,60,-0.14
25,Harris English,69.64%,39,56,-0.28
26,Joel Dahmen,69.35%,43,62,-0.16
26,Andrew Putnam,69.35%,43,62,-0.23
28,Keegan Bradley,68.85%,42,61,-0.24
28,Ben Griffin,68.85%,42,61,-0.17
28,Robby Shelton,68.85%,42,61,-0.21
28,Norman Xiong,68.85%,42,61,-0.14
32,Michael Kim,68.42%,39,57,-0.26
33,Matt Wallace,68.33%,41,60,-0.07
34,Byeong Hun An,67.86%,38,56,-0.24
34,Chandler Phillips,67.86%,38,56,-0.26
36,Stewart Cink,67.80%,40,59,-0.15
37,Zac Blair,67.21%,41,61,-0.15
37,Parker Coody,67.21%,41,61,E
37,Nico Echavarria,67.21%,41,61,-0.27
37,Seamus Power,67.21%,41,61,-0.02
37,Ben Silverman,67.21%,41,61,-0.12
37,Scott Stallings,67.21%,41,61,-0.17
43,Yuto Katsuragawa,66.67%,42,63,-0.17
43,Ben Kohles,66.67%,40,60,-0.23
43,Luke List,66.67%,38,57,-0.13
43,Webb Simpson,66.67%,40,60,-0.08
43,Martin Trainer,66.67%,40,60,-0.03
43,Carl Yuan,66.67%,38,57,-0.32
49,Eric Cole,66.10%,39,59,-0.21
49,Tyler Duncan,66.10%,39,59,-0.10
49,Ryo Hisatsune,66.10%,39,59,-0.18
52,Ludvig Åberg,66.07%,37,56,-0.24
53,K.H. Lee,65.52%,38,58,-0.21
53,Patrick Rodgers,65.52%,38,58,-0.18
55,Keith Mitchell,65.45%,36,55,-0.14
56,Stephan Jaeger,64.91%,37,57,-0.22
56,Sam Stevens,64.91%,37,57,-0.22
58,Davis Thompson,64.52%,40,62,-0.25
59,Harry Hall,64.41%,38,59,-0.26
60,Maverick McNealy,63.79%,37,58,-0.16
60,Taiga Semikawa,63.79%,37,58,-0.22
62,Lanto Griffin,62.90%,39,62,-0.15
63,Mark Hubbard,62.71%,37,59,-0.16
63,Patton Kizzire,62.71%,37,59,-0.27
63,Brendon Todd,62.71%,37,59,-0.16
66,S.H. Kim,62.50%,35,56,-0.26
67,Robert MacIntyre,62.30%,38,61,-0.21
68,Nick Hardy,62.07%,36,58,-0.25
69,Charley Hoffman,61.67%,37,60,-0.30
70,Russell Henley,61.29%,38,62,-0.29
71,Alejandro Tosti,60.71%,34,56,-0.29
72,Joseph Bramlett,60.34%,35,58,-0.29
73,Troy Merritt,60.00%,36,60,-0.28
74,Matt NeSmith,59.68%,37,62,-0.11
75,Jake Knapp,59.65%,34,57,-0.18
76,Brian Harman,59.02%,36,61,-0.25
77,Cam Davis,58.18%,32,55,-0.34
78,Tyrrell Hatton,57.63%,34,59,-0.26
78,Denny McCarthy,57.63%,34,59,-0.32
78,Justin Rose,57.63%,34,59,-0.12
81,Garrick Higgo,55.00%,33,60,-0.27
