rank,player,%,Greens Hit,Total Holes,Relative to par
1,Zac Blair,100.00%,1,1,E
1,Corey Conners,100.00%,8,8,-0.38
1,Joel Dahmen,100.00%,4,4,-0.25
1,Harris English,100.00%,5,5,-0.80
1,Russell Henley,100.00%,4,4,-0.25
1,Garrick Higgo,100.00%,2,2,-0.50
1,Billy Horschel,100.00%,5,5,-0.40
1,Mark Hubbard,100.00%,2,2,-0.50
1,Ben Kohles,100.00%,3,3,-0.33
1,Hideki Matsuyama,100.00%,4,4,-0.50
1,Denny McCarthy,100.00%,4,4,-0.75
1,Troy Merritt,100.00%,3,3,-0.67
1,Taylor Montgomery,100.00%,4,4,-0.25
1,Alex Noren,100.00%,3,3,-0.33
1,Matthieu Pavon,100.00%,3,3,-0.33
1,Seamus Power,100.00%,3,3,E
1,Ben Silverman,100.00%,5,5,E
1,Webb Simpson,100.00%,7,7,E
1,Nick Taylor,100.00%,5,5,-0.60
1,Brandon Wu,100.00%,4,4,-0.25
1,Dylan Wu,100.00%,4,4,-0.75
1,Norman Xiong,100.00%,4,4,-0.25
23,Alejandro Tosti,90.00%,9,10,-0.33
23,Erik van Rooyen,90.00%,9,10,-0.33
25,Carl Yuan,88.89%,8,9,-0.13
26,Tyrrell Hatton,87.50%,7,8,-0.29
26,Patton Kizzire,87.50%,7,8,-0.71
26,Grayson Murray,87.50%,7,8,-0.43
26,Taiga Semikawa,87.50%,7,8,-0.29
30,Keegan Bradley,85.71%,6,7,-0.33
30,Charley Hoffman,85.71%,6,7,-0.50
30,Keith Mitchell,85.71%,6,7,-0.50
33,Nick Hardy,83.33%,5,6,-0.60
33,Justin Lower,83.33%,5,6,-0.20
33,Robert MacIntyre,83.33%,5,6,-0.20
33,Scott Stallings,83.33%,5,6,-0.60
37,Nico Echavarria,80.00%,4,5,-0.50
37,Ryo Hisatsune,80.00%,4,5,-0.25
37,Michael Kim,80.00%,4,5,-0.75
37,Matt NeSmith,80.00%,4,5,E
37,Taylor Pendrith,80.00%,8,10,-0.25
37,Adam Svensson,80.00%,4,5,-0.25
37,Matt Wallace,80.00%,4,5,-0.25
44,Akshay Bhatia,75.00%,3,4,-0.67
44,Stewart Cink,75.00%,6,8,-0.33
44,Ben Griffin,75.00%,3,4,E
44,Harry Hall,75.00%,3,4,-0.33
44,Stephan Jaeger,75.00%,6,8,E
44,Chandler Phillips,75.00%,6,8,-0.67
44,Aaron Rai,75.00%,6,8,-0.33
44,Patrick Rodgers,75.00%,6,8,-0.33
44,Justin Rose,75.00%,3,4,E
44,Robby Shelton,75.00%,3,4,-0.67
54,Eric Cole,71.43%,5,7,-0.20
54,K.H. Lee,71.43%,5,7,-0.20
54,Martin Trainer,71.43%,5,7,-0.40
57,Parker Coody,70.00%,7,10,-0.14
58,Ludvig Åberg,66.67%,2,3,E
58,Byeong Hun An,66.67%,8,12,-0.38
58,Joseph Bramlett,66.67%,2,3,E
58,Will Gordon,66.67%,2,3,-1.00
58,Lanto Griffin,66.67%,4,6,-0.25
58,Emiliano Grillo,66.67%,2,3,-1.00
58,Brian Harman,66.67%,4,6,-0.25
58,Chris Kirk,66.67%,2,3,-0.50
58,J.T. Poston,66.67%,4,6,-0.75
58,Andrew Putnam,66.67%,2,3,-0.50
58,Greyson Sigg,66.67%,2,3,E
58,Davis Thompson,66.67%,2,3,-0.50
70,Sam Stevens,63.64%,7,11,-0.29
71,Kurt Kitayama,62.50%,5,8,-0.20
71,Jake Knapp,62.50%,5,8,-0.20
71,Luke List,62.50%,5,8,-0.20
74,Cam Davis,60.00%,3,5,-0.33
75,Yuto Katsuragawa,57.14%,4,7,E
76,Tyler Duncan,50.00%,1,2,E
76,Austin Eckroat,50.00%,2,4,E
76,Maverick McNealy,50.00%,1,2,E
76,Brendon Todd,50.00%,1,2,E
80,S.H. Kim,40.00%,2,5,-0.50
81,Si Woo Kim,20.00%,1,5,E
