rank,player,%,Greens Hit,Total Holes,Relative to par
1,Si Woo Kim,92.31%,12,13,-0.08
2,Austin Eckroat,91.67%,11,12,-0.36
3,Tyler Duncan,90.00%,9,10,E
3,Chris Kirk,90.00%,9,10,-0.33
5,Kurt Kitayama,88.89%,8,9,E
6,Greyson Sigg,88.24%,15,17,-0.07
7,Hideki Matsuyama,87.50%,14,16,-0.14
8,Ben Kohles,86.67%,13,15,-0.23
8,Erik van Rooyen,86.67%,13,15,E
10,Grayson Murray,82.35%,14,17,-0.07
11,Keegan Bradley,81.82%,9,11,-0.22
11,Matthieu Pavon,81.82%,9,11,-0.11
13,Byeong Hun An,80.00%,8,10,-0.13
14,Corey Conners,78.57%,11,14,-0.18
15,Brendon Todd,77.27%,17,22,-0.12
16,Parker Coody,76.92%,10,13,+0.20
16,Will Gordon,76.92%,10,13,+0.20
16,Adam Svensson,76.92%,10,13,E
19,Ben Griffin,75.00%,12,16,-0.08
19,Andrew Putnam,75.00%,12,16,-0.17
19,Brandon Wu,75.00%,12,16,-0.25
22,Chandler Phillips,72.73%,8,11,-0.25
22,Sam Stevens,72.73%,8,11,-0.38
24,Taylor Pendrith,72.22%,13,18,-0.38
25,Zac Blair,71.43%,15,21,-0.20
25,Stewart Cink,71.43%,10,14,-0.10
25,Patton Kizzire,71.43%,10,14,-0.40
25,Justin Lower,71.43%,10,14,-0.20
25,Taiga Semikawa,71.43%,10,14,-0.10
30,Seamus Power,70.59%,12,17,+0.08
30,Robby Shelton,70.59%,12,17,-0.08
32,Ludvig Åberg,70.00%,7,10,-0.14
32,Charley Hoffman,70.00%,7,10,E
34,Robert MacIntyre,69.23%,9,13,-0.33
34,Davis Thompson,69.23%,9,13,-0.22
34,Carl Yuan,69.23%,9,13,-0.22
37,Eric Cole,68.75%,11,16,-0.18
37,Nick Taylor,68.75%,11,16,-0.18
39,J.T. Poston,68.42%,13,19,-0.15
40,Emiliano Grillo,66.67%,8,12,-0.13
40,Luke List,66.67%,8,12,E
40,Keith Mitchell,66.67%,6,9,E
40,Alex Noren,66.67%,8,12,-0.13
40,Ben Silverman,66.67%,8,12,E
45,Matt Wallace,64.71%,11,17,-0.09
46,Nico Echavarria,64.29%,9,14,-0.33
46,Billy Horschel,64.29%,9,14,-0.22
46,Taylor Montgomery,64.29%,9,14,-0.11
46,Patrick Rodgers,64.29%,9,14,-0.22
46,Scott Stallings,64.29%,9,14,+0.11
51,Stephan Jaeger,63.64%,7,11,E
51,Yuto Katsuragawa,63.64%,7,11,+0.14
53,Joel Dahmen,62.50%,10,16,+0.10
54,Cam Davis,61.54%,8,13,-0.13
54,Lanto Griffin,61.54%,8,13,-0.38
56,Dylan Wu,61.11%,11,18,-0.09
57,Martin Trainer,60.00%,9,15,+0.11
58,Brian Harman,58.82%,10,17,-0.20
59,Harris English,57.14%,8,14,E
59,S.H. Kim,57.14%,8,14,-0.13
59,K.H. Lee,57.14%,8,14,E
59,Denny McCarthy,57.14%,8,14,-0.13
59,Aaron Rai,57.14%,8,14,-0.13
64,Joseph Bramlett,56.25%,9,16,-0.44
65,Mark Hubbard,55.56%,10,18,+0.20
66,Harry Hall,53.85%,7,13,E
67,Akshay Bhatia,53.33%,8,15,-0.38
67,Nick Hardy,53.33%,8,15,+0.13
69,Webb Simpson,52.94%,9,17,-0.33
70,Russell Henley,50.00%,7,14,-0.43
70,Ryo Hisatsune,50.00%,7,14,E
70,Michael Kim,50.00%,8,16,-0.13
70,Troy Merritt,50.00%,10,20,-0.10
70,Norman Xiong,50.00%,7,14,E
75,Tyrrell Hatton,46.67%,7,15,E
75,Maverick McNealy,46.67%,7,15,-0.14
75,Matt NeSmith,46.67%,7,15,E
78,Alejandro Tosti,46.15%,6,13,-0.33
79,Justin Rose,45.45%,5,11,-0.20
80,Jake Knapp,41.67%,5,12,-0.20
81,Garrick Higgo,37.50%,6,16,-0.17
