rank,player,%,Successes,Attempts
1,Joaquin Niemann,100.00,4,4
2,Lanto Griffin,85.71,6,7
3,Matthew Wolff,83.33,5,6
4,Rickie Fowler,75.00,3,4
4,Patrick Reed,75.00,9,12
6,Jon Rahm,71.43,5,7
7,Gary Woodland,66.67,4,6
8,Matt Kuchar,62.50,5,8
9,Dustin Johnson,60.00,3,5
10,Cameron Champ,57.14,4,7
11,J.T. Poston,54.55,6,11
12,Corey Conners,50.00,3,6
12,Sung Kang,50.00,5,10
12,Kevin Kisner,50.00,2,4
12,Nate Lashley,50.00,2,4
12,Martin Trainer,50.00,6,12
17,Sebastián Muñoz,44.44,4,9
17,Ryan Palmer,44.44,4,9
19,Max Homa,42.86,3,7
20,Jim Herman,40.00,2,5
20,Adam Long,40.00,4,10
20,Kevin Na,40.00,2,5
20,Chez Reavie,40.00,4,10
24,Dylan Frittelli,33.33,2,6
24,Justin Thomas,33.33,1,3
24,Brendon Todd,33.33,2,6
27,J.B. Holmes,28.57,2,7
28,Keith Mitchell,27.27,3,11
29,Patrick Cantlay,25.00,1,4
29,Tyler Duncan,25.00,1,4
29,Collin Morikawa,25.00,2,8
32,Graeme McDowell,20.00,1,5
33,Paul Casey,.00,0,5
