rank,player,%,# Saves,# Bunkers,Total O/U Par
1,Patrick Cantlay,100.00,1,1,E
1,Collin Morikawa,100.00,3,3,-1.00
1,Brendon Todd,100.00,1,1,E
1,Matthew Wolff,100.00,3,3,E
5,Patrick Reed,80.00,4,5,+3.00
6,Dylan Frittelli,75.00,3,4,-1.00
7,Rickie Fowler,66.67,4,6,+1.00
7,Matt Kuchar,66.67,2,3,E
7,J.T. Poston,66.67,2,3,E
7,Chez Reavie,66.67,4,6,+3.00
7,Justin Thomas,66.67,2,3,E
12,Cameron Champ,60.00,3,5,E
12,Lanto Griffin,60.00,3,5,E
12,J.B. Holmes,60.00,3,5,E
12,Gary Woodland,60.00,3,5,+2.00
16,Tyler Duncan,50.00,1,2,E
16,Graeme McDowell,50.00,2,4,+1.00
16,Xander Schauffele,50.00,1,2,E
19,Ryan Palmer,40.00,2,5,+2.00
20,Kevin Na,37.50,3,8,+4.00
21,Jim Herman,33.33,1,3,+2.00
21,Kevin Kisner,33.33,1,3,+1.00
21,Joaquin Niemann,33.33,1,3,+1.00
24,Paul Casey,25.00,1,4,+2.00
24,Adam Long,25.00,1,4,+1.00
24,Keith Mitchell,25.00,1,4,+3.00
27,Sung Kang,14.29,1,7,+3.00
28,Corey Conners,.00,0,1,E
28,Max Homa,.00,0,1,+1.00
28,Dustin Johnson,.00,0,3,+4.00
28,Nate Lashley,.00,0,1,+1.00
28,Sebastián Muñoz,.00,0,2,+1.00
28,Jon Rahm,.00,0,2,+1.00
28,Martin Trainer,.00,0,1,+2.00
