rank,player,%,Successes,Attempts
1,Xander Schauffele,100.00,2,2
2,Paul Casey,75.00,3,4
2,Patrick Reed,75.00,3,4
4,Dylan Frittelli,71.43,5,7
5,Lanto Griffin,66.67,2,3
5,Dustin Johnson,66.67,4,6
5,Matt Kuchar,66.67,2,3
8,Collin Morikawa,50.00,1,2
8,Jon Rahm,50.00,2,4
10,Tyler Duncan,42.86,3,7
11,Patrick Cantlay,40.00,2,5
11,J.B. Holmes,40.00,2,5
11,Max Homa,40.00,2,5
11,Sebastián Muñoz,40.00,2,5
15,Nate Lashley,33.33,1,3
15,Graeme McDowell,33.33,1,3
15,J.T. Poston,33.33,2,6
15,Gary Woodland,33.33,1,3
19,Brendon Todd,25.00,1,4
19,Matthew Wolff,25.00,1,4
21,Kevin Kisner,20.00,1,5
21,Adam Long,20.00,1,5
21,Ryan Palmer,20.00,1,5
21,Justin Thomas,20.00,1,5
25,Martin Trainer,18.18,2,11
26,Corey Conners,16.67,1,6
27,Cameron Champ,14.29,1,7
28,Rickie Fowler,.00,0,1
28,Jim Herman,.00,0,5
28,Sung Kang,.00,0,1
28,Keith Mitchell,.00,0,8
28,Kevin Na,.00,0,6
28,Joaquin Niemann,.00,0,4
28,Chez Reavie,.00,0,4
