rank,player,%,Par or Better,Missed GIR
1,Xander Schauffele,91.67,11,12
2,Lanto Griffin,83.33,15,18
3,Patrick Reed,82.76,24,29
4,Rickie Fowler,77.27,17,22
5,Brendon Todd,75.00,18,24
5,Matthew Wolff,75.00,21,28
7,Jon Rahm,72.22,13,18
8,Matt Kuchar,70.00,14,20
8,Gary Woodland,70.00,14,20
10,Chez Reavie,65.38,17,26
11,J.T. Poston,65.22,15,23
12,Patrick Cantlay,64.71,11,17
13,Joaquin Niemann,63.16,12,19
14,Nate Lashley,61.90,13,21
15,Cameron Champ,60.87,14,23
15,Dylan Frittelli,60.87,14,23
15,Adam Long,60.87,14,23
18,Corey Conners,60.00,9,15
19,Kevin Kisner,59.09,13,22
20,Max Homa,58.82,10,17
21,Graeme McDowell,58.33,14,24
22,Paul Casey,57.14,12,21
23,Dustin Johnson,55.56,10,18
24,Sebastián Muñoz,54.55,12,22
24,Ryan Palmer,54.55,12,22
26,Collin Morikawa,52.63,10,19
27,Tyler Duncan,52.38,11,21
28,J.B. Holmes,51.85,14,27
29,Martin Trainer,50.00,15,30
30,Kevin Na,48.15,13,27
31,Sung Kang,47.62,10,21
32,Justin Thomas,43.75,7,16
33,Jim Herman,38.89,7,18
34,Keith Mitchell,28.57,8,28
