rank,player,Avg,Total Strokes,Total 1st Tee Late Rounds
1,Adam Scott,69.00,138,2
2,J.J. Henry,69.50,139,2
3,Vijay Singh,69.67,209,3
4,Trevor Immelman,70.67,212,3
5,Rory Sabbatini,71.00,142,2
6,Luke Donald,71.33,214,3
6,Davis Love III,71.33,214,3
8,Joe Durant,71.50,143,2
9,Will MacKenzie,71.67,215,3
10,Stephen Ames,71.75,287,4
11,Stuart Appleby,72.00,216,3
11,Chris Couch,72.00,288,4
11,J.B. Holmes,72.00,216,3
11,Troy Matteson,72.00,144,2
15,K.J. Choi,72.33,217,3
16,Jim Furyk,73.50,147,2
16,Kirk Triplett,73.50,147,2
18,Geoff Ogilvy,74.00,148,2
18,Rod Pampling,74.00,74,1
18,Brett Wetterich,74.00,148,2
21,Tim Herron,75.00,75,1
21,David Toms,75.00,75,1
23,Aaron Baddeley,77.00,77,1
23,Chad Campbell,77.00,77,1
