rank,player,Low Rnd
1,J.J. Henry,68
1,Trevor Immelman,68
1,Davis Love III,68
4,Stephen Ames,69
4,K.J. Choi,69
4,Adam Scott,69
4,Vijay Singh,69
4,Brett Wetterich,69
9,Chris Couch,70
9,Will MacKenzie,70
9,Troy Matteson,70
12,Stuart Appleby,71
12,Luke Donald,71
12,Joe Durant,71
12,Jim Furyk,71
12,J.B. Holmes,71
12,Rory Sabbatini,71
18,Aaron Baddeley,72
18,Kirk Triplett,72
20,Geoff Ogilvy,74
20,Rod Pampling,74
22,Eric Axley,75
22,Chad Campbell,75
22,Tim Herron,75
22,David Toms,75
26,D.J. Trahan,77
27,Ben Curtis,78
27,Dean Wilson,78
