rank,player,Avg,# of Putts,# of Holes
1,Matt Jones,1.472,106,72
2,Billy Horschel,1.500,108,72
2,Cameron Smith,1.500,108,72
4,Kevin Kisner,1.542,111,72
5,Bryson DeChambeau,1.569,113,72
5,Sungjae Im,1.569,113,72
7,Patrick Cantlay,1.583,114,72
7,Jon Rahm,1.583,114,72
9,Daniel Berger,1.597,115,72
9,Lucas Herbert,1.597,115,72
9,Collin Morikawa,1.597,115,72
9,Kevin Na,1.597,115,72
9,Patrick Reed,1.597,115,72
9,Xander Schauffele,1.597,115,72
9,Justin Thomas,1.597,115,72
16,Talor Gooch,1.625,117,72
16,Max Homa,1.625,117,72
16,Brooks Koepka,1.625,117,72
16,Jordan Spieth,1.625,117,72
16,Erik van Rooyen,1.625,117,72
21,Abraham Ancer,1.639,118,72
21,Harris English,1.639,118,72
21,Si Woo Kim,1.639,118,72
21,Marc Leishman,1.639,118,72
25,Sam Burns,1.653,119,72
25,Joel Dahmen,1.653,119,72
25,Cam Davis,1.653,119,72
25,Phil Mickelson,1.653,119,72
25,Seamus Power,1.653,119,72
30,Tony Finau,1.667,120,72
30,K.H. Lee,1.667,120,72
30,Hideki Matsuyama,1.667,120,72
33,Stewart Cink,1.681,121,72
34,Viktor Hovland,1.708,123,72
35,Branden Grace,1.722,124,72
35,Garrick Higgo,1.722,124,72
37,Jason Kokrak,1.736,125,72
38,Lucas Glover,1.764,127,72
