rank,player,Avg,GIR Putts,Greens Hit,Birdie Conversion
1,Matt Jones,1.541,94,61,46.55
2,Cameron Smith,1.548,96,62,54.10
3,Collin Morikawa,1.619,102,63,46.03
4,Kevin Kisner,1.621,94,58,48.28
5,Justin Thomas,1.623,99,61,50.82
6,Patrick Reed,1.633,98,60,45.00
7,Xander Schauffele,1.644,97,59,44.83
8,Patrick Cantlay,1.656,101,61,44.26
9,Billy Horschel,1.660,88,53,34.62
10,Jon Rahm,1.662,108,65,49.23
11,Brooks Koepka,1.672,97,58,40.35
12,Daniel Berger,1.677,104,62,43.55
13,Kevin Na,1.683,101,60,38.33
14,Bryson DeChambeau,1.685,91,54,42.59
15,Sungjae Im,1.689,103,61,38.33
15,Phil Mickelson,1.689,103,61,36.07
17,Marc Leishman,1.698,107,63,42.86
18,Erik van Rooyen,1.700,102,60,36.67
19,Si Woo Kim,1.705,104,61,36.07
20,Talor Gooch,1.712,101,59,34.48
21,Jordan Spieth,1.717,103,60,36.67
22,Tony Finau,1.721,105,61,42.62
23,Hideki Matsuyama,1.726,107,62,37.10
24,K.H. Lee,1.733,104,60,33.33
25,Max Homa,1.737,99,57,42.11
26,Seamus Power,1.738,106,61,36.07
27,Lucas Herbert,1.745,89,51,41.18
28,Cam Davis,1.746,103,59,40.68
29,Sam Burns,1.750,105,60,36.67
30,Branden Grace,1.754,107,61,36.07
31,Joel Dahmen,1.759,102,58,41.38
32,Stewart Cink,1.762,111,63,30.16
33,Harris English,1.772,101,57,33.33
34,Garrick Higgo,1.783,107,60,40.00
35,Abraham Ancer,1.788,93,52,36.54
36,Viktor Hovland,1.793,104,58,39.66
37,Jason Kokrak,1.800,99,55,30.91
38,Lucas Glover,1.862,108,58,34.48
