rank,player,%,# Birdies,Greens Hit
1,Cameron Smith,54.10,33,61
2,Justin Thomas,50.82,31,61
3,Jon Rahm,49.23,32,65
4,Kevin Kisner,48.28,28,58
5,Matt Jones,46.55,27,58
6,Collin Morikawa,46.03,29,63
7,Patrick Reed,45.00,27,60
8,Xander Schauffele,44.83,26,58
9,Patrick Cantlay,44.26,27,61
10,Daniel Berger,43.55,27,62
11,Marc Leishman,42.86,27,63
12,Tony Finau,42.62,26,61
13,Bryson DeChambeau,42.59,23,54
14,Max Homa,42.11,24,57
15,Joel Dahmen,41.38,24,58
16,Lucas Herbert,41.18,21,51
17,Cam Davis,40.68,24,59
18,Brooks Koepka,40.35,23,57
19,Garrick Higgo,40.00,24,60
20,Viktor Hovland,39.66,23,58
21,Sungjae Im,38.33,23,60
21,Kevin Na,38.33,23,60
23,Hideki Matsuyama,37.10,23,62
24,Sam Burns,36.67,22,60
24,Jordan Spieth,36.67,22,60
24,Erik van Rooyen,36.67,22,60
27,Abraham Ancer,36.54,19,52
28,Branden Grace,36.07,22,61
28,Si Woo Kim,36.07,22,61
28,Phil Mickelson,36.07,22,61
28,Seamus Power,36.07,22,61
32,Billy Horschel,34.62,18,52
33,Lucas Glover,34.48,20,58
33,Talor Gooch,34.48,20,58
35,Harris English,33.33,19,57
35,K.H. Lee,33.33,20,60
37,Jason Kokrak,30.91,17,55
38,Stewart Cink,30.16,19,63
