rank,player,Total
1,Matt Jones,13.8
2,Max Homa,16.8
3,Lucas Herbert,18.3
4,Jordan Spieth,21.8
5,Kevin Kisner,24.0
6,Marc Leishman,24.2
7,Si Woo Kim,24.4
8,Cam Davis,24.7
9,Patrick Cantlay,25.9
10,Sungjae Im,26.8
11,Cameron Smith,27.0
12,Seamus Power,27.5
13,Erik van Rooyen,27.8
14,Xander Schauffele,29.8
15,Sam Burns,30.9
16,Hideki Matsuyama,31.0
17,Jon Rahm,33.2
18,Patrick Reed,33.4
19,Billy Horschel,39.4
20,K.H. Lee,42.8
21,Bryson DeChambeau,43.8
22,Justin Thomas,43.9
23,Harris English,46.4
24,Kevin Na,47.3
25,Phil Mickelson,47.8
26,Talor Gooch,48.1
27,Collin Morikawa,49.1
28,Jason Kokrak,51.0
29,Tony Finau,51.8
30,Garrick Higgo,52.3
31,Daniel Berger,53.2
32,Viktor Hovland,55.6
33,Stewart Cink,55.7
34,Abraham Ancer,56.4
35,Joel Dahmen,58.4
36,Lucas Glover,58.8
37,Branden Grace,59.8
38,Brooks Koepka,60.9
