rank,player,Value,Attempts(<= 5'),Tot Made (>=20'),Tot Made (<= 5')
1,Cameron Smith,110.20,49,5,49
2,Xander Schauffele,105.45,55,3,55
3,Branden Grace,105.36,56,5,54
4,Jason Kokrak,105.17,58,3,58
5,Matt Jones,103.92,51,3,50
6,Sungjae Im,103.85,52,2,52
7,Cam Davis,103.77,53,2,53
7,Billy Horschel,103.77,53,3,52
7,Kevin Kisner,103.77,53,2,53
10,Patrick Cantlay,103.64,55,2,55
10,Garrick Higgo,103.64,55,3,54
12,Jon Rahm,103.51,57,2,57
13,Si Woo Kim,101.92,52,1,52
14,Max Homa,101.89,53,1,53
15,Marc Leishman,101.82,55,2,54
16,Bryson DeChambeau,101.72,58,2,57
16,Jordan Spieth,101.72,58,1,58
18,Tony Finau,101.69,59,2,58
19,Joel Dahmen,101.67,60,3,58
20,Abraham Ancer,100.00,58,2,56
20,Sam Burns,100.00,58,1,57
20,Stewart Cink,100.00,60,2,58
20,Harris English,100.00,58,2,56
20,Brooks Koepka,100.00,61,2,59
20,K.H. Lee,100.00,60,2,58
20,Hideki Matsuyama,100.00,59,1,58
20,Phil Mickelson,100.00,53,1,52
20,Seamus Power,100.00,58,1,57
20,Justin Thomas,100.00,57,2,55
30,Daniel Berger,98.33,60,0,59
30,Talor Gooch,98.33,60,1,58
32,Erik van Rooyen,98.25,57,1,55
33,Patrick Reed,98.00,50,1,48
34,Kevin Na,96.61,59,0,57
35,Viktor Hovland,96.49,57,0,55
35,Collin Morikawa,96.49,57,1,54
37,Lucas Herbert,96.36,55,0,53
38,Lucas Glover,92.31,65,1,59
