rank,player,% Made,Attempts,Putts made
1,Keegan Bradley,100.00%,3,3
1,Ryan Brehm,100.00%,7,7
1,Sam Burns,100.00%,7,7
1,Patrick Cantlay,100.00%,8,8
1,Corey Conners,100.00%,9,9
1,Tony Finau,100.00%,5,5
1,Matt Fitzpatrick,100.00%,5,5
1,Tom Hoge,100.00%,6,6
1,Max Homa,100.00%,5,5
1,Billy Horschel,100.00%,4,4
1,Viktor Hovland,100.00%,7,7
1,Mackenzie Hughes,100.00%,11,11
1,Sungjae Im,100.00%,4,4
1,K.H. Lee,100.00%,4,4
1,Luke List,100.00%,4,4
1,Trey Mullinax,100.00%,6,6
1,Jon Rahm,100.00%,5,5
1,Chez Reavie,100.00%,7,7
1,Scottie Scheffler,100.00%,9,9
1,Adam Scott,100.00%,7,7
1,Jordan Spieth,100.00%,7,7
1,Scott Stallings,100.00%,6,6
1,Sepp Straka,100.00%,5,5
1,Sahith Theegala,100.00%,10,10
1,Cameron Young,100.00%,6,6
26,J.T. Poston,91.67%,12,11
27,Collin Morikawa,90.91%,11,10
27,Seamus Power,90.91%,11,10
29,Russell Henley,88.89%,9,8
29,Hideki Matsuyama,88.89%,9,8
29,Will Zalatoris,88.89%,9,8
32,J.J. Spaun,85.71%,7,6
32,Aaron Wise,85.71%,7,6
34,Tom Kim,83.33%,6,5
34,Chad Ramey,83.33%,6,5
36,Brian Harman,75.00%,8,6
36,Adam Svensson,75.00%,8,6
38,Justin Thomas,71.43%,7,5
