rank,player,% Made,Attempts,Putts made
1,Keegan Bradley,100.00%,7,7
1,Sam Burns,100.00%,9,9
1,Max Homa,100.00%,7,7
1,Billy Horschel,100.00%,9,9
1,K.H. Lee,100.00%,10,10
1,Scott Stallings,100.00%,11,11
7,Mackenzie Hughes,94.12%,17,16
7,Seamus Power,94.12%,17,16
9,Aaron Wise,93.75%,16,15
10,Tom Hoge,93.33%,15,14
10,J.J. Spaun,93.33%,15,14
10,Sahith Theegala,93.33%,15,14
13,Corey Conners,92.86%,14,13
13,Hideki Matsuyama,92.86%,14,13
15,Patrick Cantlay,91.67%,12,11
15,Collin Morikawa,91.67%,12,11
15,Chez Reavie,91.67%,12,11
18,Sepp Straka,90.91%,11,10
19,Tom Kim,90.00%,10,9
19,Jon Rahm,90.00%,10,9
21,Tony Finau,88.89%,9,8
21,Matt Fitzpatrick,88.89%,9,8
21,Jordan Spieth,88.89%,9,8
24,Sungjae Im,87.50%,8,7
25,Viktor Hovland,85.71%,14,12
25,Trey Mullinax,85.71%,14,12
27,Chad Ramey,84.62%,13,11
27,Scottie Scheffler,84.62%,13,11
29,Adam Scott,83.33%,12,10
30,Luke List,81.82%,11,9
31,Russell Henley,80.00%,15,12
31,J.T. Poston,80.00%,15,12
31,Adam Svensson,80.00%,15,12
31,Justin Thomas,80.00%,10,8
35,Will Zalatoris,78.57%,14,11
36,Ryan Brehm,76.92%,13,10
37,Brian Harman,71.43%,14,10
38,Cameron Young,61.11%,18,11
