rank,player,% Made,Attempts,Putts Made
1,Luke List,13.04%,23,3
2,Matt Fitzpatrick,12.00%,25,3
3,Cameron Young,11.54%,26,3
4,Patrick Cantlay,10.71%,28,3
4,Collin Morikawa,10.71%,28,3
4,Jon Rahm,10.71%,28,3
7,Ryan Brehm,10.34%,29,3
7,Scottie Scheffler,10.34%,29,3
9,Max Homa,8.33%,24,2
10,Tom Kim,8.00%,25,2
11,Chad Ramey,7.69%,26,2
12,Billy Horschel,7.41%,27,2
13,Tony Finau,7.14%,28,2
13,J.T. Poston,7.14%,28,2
13,Scott Stallings,7.14%,28,2
16,Seamus Power,6.90%,29,2
17,Sam Burns,6.45%,31,2
18,Jordan Spieth,6.25%,16,1
19,Viktor Hovland,5.00%,20,1
19,Trey Mullinax,5.00%,20,1
21,Will Zalatoris,4.76%,21,1
22,Adam Scott,4.35%,23,1
23,Sahith Theegala,4.00%,25,1
24,Sungjae Im,3.85%,26,1
25,K.H. Lee,3.70%,27,1
25,Sepp Straka,3.70%,27,1
25,Aaron Wise,3.70%,27,1
28,Chez Reavie,3.45%,29,1
29,Corey Conners,3.33%,30,1
30,Russell Henley,3.23%,31,1
31,Keegan Bradley,.00%,27,0
31,Brian Harman,.00%,25,0
31,Tom Hoge,.00%,23,0
31,Mackenzie Hughes,.00%,29,0
31,Hideki Matsuyama,.00%,25,0
31,J.J. Spaun,.00%,25,0
31,Adam Svensson,.00%,32,0
31,Justin Thomas,.00%,24,0
