rank,player,% Made,Attempts,Putts made
1,Tom Hoge,100.00%,3,3
1,K.H. Lee,100.00%,3,3
1,Trey Mullinax,100.00%,1,1
1,Chad Ramey,100.00%,1,1
1,Chez Reavie,100.00%,1,1
1,J.J. Spaun,100.00%,4,4
1,Justin Thomas,100.00%,4,4
1,Will Zalatoris,100.00%,4,4
9,Jordan Spieth,75.00%,4,3
10,Sam Burns,66.67%,3,2
10,Matt Fitzpatrick,66.67%,3,2
10,Brian Harman,66.67%,3,2
10,Russell Henley,66.67%,6,4
10,Seamus Power,66.67%,3,2
10,Sahith Theegala,66.67%,3,2
10,Cameron Young,66.67%,3,2
17,Keegan Bradley,50.00%,4,2
17,Max Homa,50.00%,2,1
17,Billy Horschel,50.00%,6,3
17,Viktor Hovland,50.00%,2,1
17,Mackenzie Hughes,50.00%,2,1
17,Luke List,50.00%,2,1
17,Collin Morikawa,50.00%,2,1
17,Jon Rahm,50.00%,4,2
17,Adam Scott,50.00%,2,1
17,Aaron Wise,50.00%,2,1
27,Hideki Matsuyama,40.00%,5,2
28,Patrick Cantlay,33.33%,6,2
28,Sungjae Im,33.33%,3,1
28,Adam Svensson,33.33%,3,1
31,Ryan Brehm,25.00%,4,1
31,J.T. Poston,25.00%,4,1
31,Scottie Scheffler,25.00%,4,1
31,Scott Stallings,25.00%,4,1
35,Corey Conners,.00%,1,0
35,Tony Finau,.00%,1,0
35,Tom Kim,.00%,2,0
35,Sepp Straka,.00%,2,0
