rank,player,% Made,Attempts,Putts made
1,Brian Harman,100.00%,2,2
1,Max Homa,100.00%,1,1
1,Jon Rahm,100.00%,1,1
1,Scottie Scheffler,100.00%,3,3
1,J.J. Spaun,100.00%,2,2
1,Scott Stallings,100.00%,2,2
7,Patrick Cantlay,75.00%,4,3
7,J.T. Poston,75.00%,4,3
7,Jordan Spieth,75.00%,4,3
7,Sepp Straka,75.00%,4,3
11,Sam Burns,66.67%,6,4
11,Corey Conners,66.67%,6,4
11,Chez Reavie,66.67%,3,2
11,Aaron Wise,66.67%,3,2
15,Billy Horschel,60.00%,5,3
16,Tony Finau,50.00%,2,1
16,Matt Fitzpatrick,50.00%,2,1
16,Tom Hoge,50.00%,2,1
16,Sungjae Im,50.00%,2,1
16,Tom Kim,50.00%,4,2
16,K.H. Lee,50.00%,4,2
16,Luke List,50.00%,6,3
16,Collin Morikawa,50.00%,6,3
16,Trey Mullinax,50.00%,4,2
16,Seamus Power,50.00%,2,1
26,Ryan Brehm,33.33%,3,1
26,Chad Ramey,33.33%,6,2
26,Adam Svensson,33.33%,3,1
29,Cameron Young,25.00%,4,1
30,Keegan Bradley,20.00%,5,1
31,Russell Henley,.00%,4,0
31,Hideki Matsuyama,.00%,2,0
31,Adam Scott,.00%,3,0
31,Sahith Theegala,.00%,2,0
