rank,player,% Made,Attempts,Putts made
1,Russell Henley,50.00%,4,2
2,Collin Morikawa,42.86%,7,3
3,Sam Burns,37.50%,8,3
3,Tom Hoge,37.50%,8,3
5,Jon Rahm,30.00%,10,3
6,Hideki Matsuyama,28.57%,7,2
7,Matt Fitzpatrick,27.27%,11,3
7,Viktor Hovland,27.27%,11,3
9,Justin Thomas,25.00%,8,2
10,Will Zalatoris,23.08%,13,3
11,Chez Reavie,22.22%,18,4
11,Aaron Wise,22.22%,9,2
13,Keegan Bradley,20.00%,10,2
13,Tony Finau,20.00%,5,1
15,Brian Harman,16.67%,6,1
15,Max Homa,16.67%,12,2
15,Sahith Theegala,16.67%,6,1
18,Corey Conners,14.29%,7,1
18,Scott Stallings,14.29%,7,1
20,Luke List,12.50%,8,1
20,Trey Mullinax,12.50%,8,1
20,Seamus Power,12.50%,8,1
23,Sungjae Im,11.11%,9,1
23,Adam Scott,11.11%,9,1
23,Sepp Straka,11.11%,9,1
26,Ryan Brehm,10.00%,10,1
27,K.H. Lee,9.09%,11,1
27,Chad Ramey,9.09%,11,1
27,J.J. Spaun,9.09%,11,1
30,Patrick Cantlay,0.00%,9,0
30,Billy Horschel,0.00%,7,0
30,Mackenzie Hughes,0.00%,6,0
30,Tom Kim,0.00%,8,0
30,J.T. Poston,0.00%,8,0
30,Scottie Scheffler,0.00%,4,0
30,Jordan Spieth,0.00%,8,0
30,Adam Svensson,0.00%,9,0
30,Cameron Young,0.00%,7,0
