rank,player,Putts Made
1,Collin Morikawa,14.0
2,Jon Rahm,11.0
3,Cameron Young,10.0
4,Ryan Brehm,9.0
4,Tony Finau,9.0
4,Matt Fitzpatrick,9.0
4,Viktor Hovland,9.0
4,Scott Stallings,9.0
4,Justin Thomas,9.0
4,Aaron Wise,9.0
4,Will Zalatoris,9.0
12,Sam Burns,8.0
12,Corey Conners,8.0
12,Max Homa,8.0
12,Sungjae Im,8.0
12,K.H. Lee,8.0
12,Hideki Matsuyama,8.0
12,J.T. Poston,8.0
12,Scottie Scheffler,8.0
20,Patrick Cantlay,7.0
20,Chez Reavie,7.0
20,Jordan Spieth,7.0
20,Sepp Straka,7.0
24,Keegan Bradley,6.0
24,Tom Hoge,6.0
24,Tom Kim,6.0
24,Chad Ramey,6.0
28,Luke List,5.0
28,Seamus Power,5.0
30,Brian Harman,4.0
30,Russell Henley,4.0
30,Billy Horschel,4.0
30,Mackenzie Hughes,4.0
30,Trey Mullinax,4.0
30,J.J. Spaun,4.0
30,Adam Svensson,4.0
37,Adam Scott,3.0
37,Sahith Theegala,3.0
