rank,player,% Made,Attempts,Putts Made
1,Collin Morikawa,27.45%,51,14
2,Jon Rahm,23.91%,46,11
3,Cameron Young,22.73%,44,10
4,Viktor Hovland,20.00%,45,9
5,Tony Finau,19.57%,46,9
5,Matt Fitzpatrick,19.57%,46,9
7,Hideki Matsuyama,19.05%,42,8
8,Justin Thomas,18.75%,48,9
8,Aaron Wise,18.75%,48,9
10,Scott Stallings,18.37%,49,9
11,Scottie Scheffler,18.18%,44,8
12,Will Zalatoris,17.65%,51,9
13,Max Homa,17.39%,46,8
14,Jordan Spieth,17.07%,41,7
15,Ryan Brehm,16.98%,53,9
16,Corey Conners,16.33%,49,8
16,Sungjae Im,16.33%,49,8
16,J.T. Poston,16.33%,49,8
19,Sam Burns,15.38%,52,8
19,K.H. Lee,15.38%,52,8
21,Patrick Cantlay,15.22%,46,7
22,Tom Hoge,14.63%,41,6
23,Tom Kim,14.29%,42,6
24,Chad Ramey,13.95%,43,6
25,Luke List,13.89%,36,5
26,Sepp Straka,13.73%,51,7
27,Chez Reavie,12.73%,55,7
28,Keegan Bradley,12.50%,48,6
29,Seamus Power,11.11%,45,5
30,Brian Harman,10.00%,40,4
31,Russell Henley,9.76%,41,4
32,Billy Horschel,9.52%,42,4
33,Mackenzie Hughes,9.09%,44,4
33,Trey Mullinax,9.09%,44,4
35,J.J. Spaun,8.16%,49,4
36,Adam Scott,7.89%,38,3
37,Adam Svensson,7.84%,51,4
38,Sahith Theegala,6.82%,44,3
