rank,player,%,Attempts,Putts made
1,Will Zalatoris,81.82%,11,9
2,J.J. Spaun,80.00%,15,12
3,Trey Mullinax,78.57%,14,11
4,Brian Harman,76.47%,17,13
5,Sam Burns,75.00%,20,15
6,Sepp Straka,73.33%,15,11
7,Seamus Power,71.43%,21,15
8,K.H. Lee,70.59%,17,12
8,Cameron Young,70.59%,17,12
10,J.T. Poston,69.23%,13,9
11,Tom Hoge,68.42%,19,13
11,Max Homa,68.42%,19,13
11,Jordan Spieth,68.42%,19,13
14,Mackenzie Hughes,64.71%,17,11
15,Matt Fitzpatrick,64.29%,14,9
16,Billy Horschel,61.54%,26,16
17,Ryan Brehm,57.89%,19,11
18,Patrick Cantlay,57.14%,14,8
18,Jon Rahm,57.14%,14,8
20,Scott Stallings,56.25%,16,9
20,Justin Thomas,56.25%,16,9
22,Scottie Scheffler,55.56%,18,10
23,Collin Morikawa,53.85%,13,7
24,Tony Finau,53.33%,15,8
25,Hideki Matsuyama,52.94%,17,9
26,Corey Conners,52.63%,19,10
27,Sungjae Im,50.00%,16,8
27,Luke List,50.00%,20,10
27,Aaron Wise,50.00%,16,8
30,Tom Kim,47.62%,21,10
31,Chad Ramey,47.37%,19,9
32,Viktor Hovland,46.15%,13,6
33,Sahith Theegala,44.44%,18,8
34,Russell Henley,43.48%,23,10
35,Keegan Bradley,40.91%,22,9
36,Chez Reavie,35.71%,14,5
37,Adam Svensson,35.29%,17,6
38,Adam Scott,35.00%,20,7
