rank,player,% Made,Attempts,Putts made
1,J.J. Spaun,94.44%,72,68
2,Trey Mullinax,93.15%,73,68
3,Sepp Straka,92.86%,70,65
4,Sam Burns,92.75%,69,64
4,K.H. Lee,92.75%,69,64
6,Will Zalatoris,92.65%,68,63
7,Max Homa,91.30%,69,63
8,Matt Fitzpatrick,91.18%,68,62
9,Mackenzie Hughes,90.54%,74,67
10,Tom Hoge,90.41%,73,66
11,Seamus Power,90.28%,72,65
12,Patrick Cantlay,90.14%,71,64
12,J.T. Poston,90.14%,71,64
14,Scott Stallings,90.00%,70,63
15,Jon Rahm,89.71%,68,61
16,Brian Harman,89.47%,76,68
17,Collin Morikawa,89.23%,65,58
18,Tony Finau,88.73%,71,63
19,Hideki Matsuyama,87.67%,73,64
19,Jordan Spieth,87.67%,73,64
21,Sungjae Im,87.50%,72,63
21,Aaron Wise,87.50%,72,63
23,Viktor Hovland,87.32%,71,62
24,Billy Horschel,87.18%,78,68
25,Justin Thomas,87.14%,70,61
26,Chez Reavie,86.67%,75,65
27,Corey Conners,86.49%,74,64
27,Scottie Scheffler,86.49%,74,64
29,Sahith Theegala,86.25%,80,69
30,Ryan Brehm,85.14%,74,63
31,Chad Ramey,84.62%,78,66
32,Tom Kim,84.42%,77,65
33,Cameron Young,83.78%,74,62
34,Luke List,83.75%,80,67
35,Keegan Bradley,83.33%,78,65
36,Adam Svensson,82.93%,82,68
37,Adam Scott,82.14%,84,69
38,Russell Henley,80.00%,85,68
