rank,player,% Made,Attempts,Putts made
1,Collin Morikawa,50.00%,4,2
2,Cameron Young,42.86%,7,3
3,Jon Rahm,40.00%,5,2
4,Ryan Brehm,37.50%,8,3
5,Luke List,33.33%,9,3
6,Chad Ramey,28.57%,7,2
7,Scottie Scheffler,25.00%,4,1
8,Patrick Cantlay,16.67%,6,1
8,K.H. Lee,16.67%,6,1
8,Sahith Theegala,16.67%,6,1
8,Aaron Wise,16.67%,6,1
12,Sam Burns,14.29%,7,1
12,Billy Horschel,14.29%,7,1
12,Adam Scott,14.29%,7,1
12,Scott Stallings,14.29%,7,1
16,Corey Conners,12.50%,8,1
17,Tony Finau,11.11%,9,1
17,Matt Fitzpatrick,11.11%,9,1
19,Keegan Bradley,0.00%,9,0
19,Brian Harman,0.00%,8,0
19,Russell Henley,0.00%,7,0
19,Tom Hoge,0.00%,6,0
19,Max Homa,0.00%,2,0
19,Viktor Hovland,0.00%,7,0
19,Mackenzie Hughes,0.00%,7,0
19,Sungjae Im,0.00%,7,0
19,Tom Kim,0.00%,4,0
19,Hideki Matsuyama,0.00%,11,0
19,Trey Mullinax,0.00%,5,0
19,J.T. Poston,0.00%,3,0
19,Seamus Power,0.00%,7,0
19,Chez Reavie,0.00%,7,0
19,J.J. Spaun,0.00%,1,0
19,Jordan Spieth,0.00%,5,0
19,Sepp Straka,0.00%,7,0
19,Adam Svensson,0.00%,7,0
19,Justin Thomas,0.00%,7,0
19,Will Zalatoris,0.00%,4,0
