rank,player,% Made,Attempts,Putts made
1,Matt Fitzpatrick,100.00%,2,2
1,Tom Hoge,100.00%,1,1
1,Hideki Matsuyama,100.00%,2,2
1,Will Zalatoris,100.00%,1,1
5,Sam Burns,80.00%,5,4
6,K.H. Lee,75.00%,4,3
7,Cameron Young,66.67%,3,2
8,Billy Horschel,60.00%,5,3
8,Luke List,60.00%,5,3
10,Tony Finau,50.00%,6,3
10,Max Homa,50.00%,8,4
10,Scott Stallings,50.00%,2,1
10,Aaron Wise,50.00%,2,1
14,Mackenzie Hughes,40.00%,5,2
15,Tom Kim,33.33%,6,2
15,Seamus Power,33.33%,3,1
15,Adam Scott,33.33%,6,2
15,J.J. Spaun,33.33%,3,1
15,Jordan Spieth,33.33%,3,1
15,Sahith Theegala,33.33%,6,2
21,Adam Svensson,25.00%,4,1
22,Russell Henley,20.00%,5,1
23,Viktor Hovland,16.67%,6,1
24,Keegan Bradley,.00%,2,0
24,Ryan Brehm,.00%,1,0
24,Patrick Cantlay,.00%,1,0
24,Corey Conners,.00%,4,0
24,Brian Harman,.00%,1,0
24,Sungjae Im,.00%,3,0
24,Collin Morikawa,.00%,1,0
24,Trey Mullinax,.00%,1,0
24,Jon Rahm,.00%,1,0
24,Chad Ramey,.00%,1,0
24,Chez Reavie,.00%,3,0
24,Scottie Scheffler,.00%,2,0
24,Justin Thomas,.00%,2,0
