rank,player,% Made,Attempts,Putts made
1,Ryan Brehm,100.00%,5,5
1,Patrick Cantlay,100.00%,2,2
1,Tony Finau,100.00%,3,3
1,Matt Fitzpatrick,100.00%,2,2
1,Max Homa,100.00%,3,3
1,Viktor Hovland,100.00%,3,3
1,Mackenzie Hughes,100.00%,6,6
1,Sungjae Im,100.00%,3,3
1,Luke List,100.00%,2,2
1,Collin Morikawa,100.00%,1,1
1,Trey Mullinax,100.00%,6,6
1,J.T. Poston,100.00%,4,4
1,J.J. Spaun,100.00%,4,4
1,Scott Stallings,100.00%,2,2
1,Sepp Straka,100.00%,5,5
1,Cameron Young,100.00%,3,3
17,Seamus Power,87.50%,8,7
18,Brian Harman,85.71%,7,6
19,Jon Rahm,83.33%,6,5
20,Sam Burns,80.00%,5,4
20,Russell Henley,80.00%,5,4
22,Corey Conners,75.00%,4,3
22,Sahith Theegala,75.00%,4,3
24,Tom Hoge,71.43%,7,5
25,Billy Horschel,66.67%,3,2
25,Tom Kim,66.67%,6,4
25,Jordan Spieth,66.67%,3,2
25,Will Zalatoris,66.67%,3,2
29,K.H. Lee,60.00%,5,3
29,Aaron Wise,60.00%,5,3
31,Chad Ramey,57.14%,7,4
32,Keegan Bradley,50.00%,4,2
32,Scottie Scheffler,50.00%,6,3
32,Adam Scott,50.00%,4,2
32,Adam Svensson,50.00%,4,2
32,Justin Thomas,50.00%,8,4
37,Hideki Matsuyama,40.00%,5,2
38,Chez Reavie,25.00%,4,1
