rank,player,% Made,Attempts,Putts made
1,Keegan Bradley,100.00%,4,4
1,Sam Burns,100.00%,2,2
1,Max Homa,100.00%,2,2
1,Billy Horschel,100.00%,5,5
1,Tom Kim,100.00%,4,4
1,K.H. Lee,100.00%,6,6
1,Hideki Matsuyama,100.00%,5,5
1,Collin Morikawa,100.00%,1,1
1,Seamus Power,100.00%,6,6
1,J.J. Spaun,100.00%,8,8
1,Scott Stallings,100.00%,5,5
1,Justin Thomas,100.00%,3,3
1,Aaron Wise,100.00%,9,9
14,Tom Hoge,88.89%,9,8
15,Chad Ramey,85.71%,7,6
15,Adam Svensson,85.71%,7,6
17,Mackenzie Hughes,83.33%,6,5
17,Sepp Straka,83.33%,6,5
19,Corey Conners,80.00%,5,4
19,Jon Rahm,80.00%,5,4
19,Chez Reavie,80.00%,5,4
19,Sahith Theegala,80.00%,5,4
23,Patrick Cantlay,75.00%,4,3
23,Tony Finau,75.00%,4,3
23,Matt Fitzpatrick,75.00%,4,3
23,Sungjae Im,75.00%,4,3
23,Trey Mullinax,75.00%,8,6
28,Viktor Hovland,71.43%,7,5
28,Luke List,71.43%,7,5
30,Brian Harman,66.67%,6,4
30,Russell Henley,66.67%,6,4
32,Adam Scott,60.00%,5,3
32,Will Zalatoris,60.00%,5,3
34,Ryan Brehm,50.00%,6,3
34,Scottie Scheffler,50.00%,4,2
34,Jordan Spieth,50.00%,2,1
37,Cameron Young,41.67%,12,5
38,J.T. Poston,33.33%,3,1
