rank,player,% Made,Attempts,Putts made
1,Matt Fitzpatrick,12.50%,16,2
2,Tom Kim,9.52%,21,2
3,Patrick Cantlay,9.09%,22,2
3,Max Homa,9.09%,22,2
3,Seamus Power,9.09%,22,2
3,Jordan Spieth,9.09%,11,1
7,J.T. Poston,8.00%,25,2
7,Scottie Scheffler,8.00%,25,2
9,Viktor Hovland,7.69%,13,1
10,Trey Mullinax,6.67%,15,1
11,Will Zalatoris,5.88%,17,1
12,Tony Finau,5.26%,19,1
12,Sungjae Im,5.26%,19,1
14,Billy Horschel,5.00%,20,1
14,Sepp Straka,5.00%,20,1
16,Scott Stallings,4.76%,21,1
17,Chez Reavie,4.55%,22,1
18,Jon Rahm,4.35%,23,1
19,Sam Burns,4.17%,24,1
19,Russell Henley,4.17%,24,1
19,Collin Morikawa,4.17%,24,1
22,Keegan Bradley,0.00%,18,0
22,Ryan Brehm,0.00%,21,0
22,Corey Conners,0.00%,22,0
22,Brian Harman,0.00%,17,0
22,Tom Hoge,0.00%,17,0
22,Mackenzie Hughes,0.00%,22,0
22,K.H. Lee,0.00%,21,0
22,Luke List,0.00%,14,0
22,Hideki Matsuyama,0.00%,14,0
22,Chad Ramey,0.00%,19,0
22,Adam Scott,0.00%,16,0
22,J.J. Spaun,0.00%,24,0
22,Adam Svensson,0.00%,25,0
22,Sahith Theegala,0.00%,19,0
22,Justin Thomas,0.00%,17,0
22,Aaron Wise,0.00%,21,0
22,Cameron Young,0.00%,19,0
