rank,player,%,Attempts,Putts made
1,Keegan Bradley,100.00%,56,56
1,Sam Burns,100.00%,49,49
1,Max Homa,100.00%,50,50
1,Billy Horschel,100.00%,52,52
1,K.H. Lee,100.00%,52,52
1,Scott Stallings,100.00%,54,54
7,Sahith Theegala,98.39%,62,61
8,Chez Reavie,98.36%,61,60
9,Patrick Cantlay,98.25%,57,56
9,Mackenzie Hughes,98.25%,57,56
9,J.J. Spaun,98.25%,57,56
12,Tony Finau,98.21%,56,55
12,Sungjae Im,98.21%,56,55
12,Tom Kim,98.21%,56,55
12,Hideki Matsuyama,98.21%,56,55
12,Aaron Wise,98.21%,56,55
17,Corey Conners,98.18%,55,54
17,Sepp Straka,98.18%,55,54
19,Matt Fitzpatrick,98.15%,54,53
19,Tom Hoge,98.15%,54,53
19,Jon Rahm,98.15%,54,53
22,Collin Morikawa,98.08%,52,51
23,Seamus Power,98.04%,51,50
24,Adam Scott,96.88%,64,62
25,Trey Mullinax,96.61%,59,57
25,Chad Ramey,96.61%,59,57
27,Viktor Hovland,96.55%,58,56
28,Scottie Scheffler,96.43%,56,54
29,Justin Thomas,96.30%,54,52
30,Adam Svensson,95.38%,65,62
31,Luke List,95.00%,60,57
32,J.T. Poston,94.83%,58,55
33,Will Zalatoris,94.74%,57,54
34,Ryan Brehm,94.55%,55,52
35,Jordan Spieth,94.44%,54,51
36,Russell Henley,93.55%,62,58
37,Brian Harman,93.22%,59,55
38,Cameron Young,87.72%,57,50
