rank,player,% Made,Attempts,Putts made
1,J.J. Spaun,93.75%,16,15
2,Max Homa,90.91%,11,10
3,Seamus Power,85.71%,21,18
4,Sepp Straka,84.21%,19,16
5,Patrick Cantlay,81.82%,11,9
6,Mackenzie Hughes,81.25%,16,13
7,Trey Mullinax,80.00%,20,16
7,Scott Stallings,80.00%,15,12
9,Brian Harman,78.95%,19,15
10,Sam Burns,78.57%,14,11
11,Billy Horschel,75.00%,20,15
11,Viktor Hovland,75.00%,12,9
11,K.H. Lee,75.00%,16,12
11,J.T. Poston,75.00%,12,9
15,Corey Conners,73.68%,19,14
16,Sungjae Im,71.43%,14,10
16,Jon Rahm,71.43%,14,10
16,Jordan Spieth,71.43%,14,10
16,Aaron Wise,71.43%,21,15
20,Tom Hoge,70.83%,24,17
21,Tom Kim,70.59%,17,12
22,Scottie Scheffler,68.75%,16,11
23,Tony Finau,66.67%,12,8
23,Hideki Matsuyama,66.67%,15,10
25,Ryan Brehm,65.00%,20,13
26,Collin Morikawa,63.64%,11,7
26,Will Zalatoris,63.64%,11,7
28,Matt Fitzpatrick,61.54%,13,8
28,Justin Thomas,61.54%,13,8
30,Adam Svensson,58.82%,17,10
31,Chad Ramey,58.33%,24,14
32,Sahith Theegala,57.14%,14,8
33,Cameron Young,56.52%,23,13
34,Keegan Bradley,55.00%,20,11
34,Luke List,55.00%,20,11
36,Chez Reavie,53.33%,15,8
37,Russell Henley,50.00%,18,9
38,Adam Scott,41.18%,17,7
