rank,player,% Made,Attempts,Putts made
1,Cameron Young,63.64%,11,7
2,Jon Rahm,62.50%,8,5
3,Hideki Matsuyama,60.00%,10,6
4,Corey Conners,50.00%,12,6
4,Collin Morikawa,50.00%,16,8
4,Chad Ramey,50.00%,6,3
4,Aaron Wise,50.00%,12,6
8,Tony Finau,46.15%,13,6
8,J.T. Poston,46.15%,13,6
10,Scottie Scheffler,45.45%,11,5
11,Patrick Cantlay,44.44%,9,4
11,Mackenzie Hughes,44.44%,9,4
11,Tom Kim,44.44%,9,4
14,Justin Thomas,43.75%,16,7
15,Sungjae Im,42.86%,14,6
15,K.H. Lee,42.86%,14,6
15,Scott Stallings,42.86%,14,6
18,Max Homa,40.00%,10,4
18,Adam Svensson,40.00%,10,4
20,Keegan Bradley,36.36%,11,4
21,Ryan Brehm,35.71%,14,5
21,Viktor Hovland,35.71%,14,5
23,Jordan Spieth,35.29%,17,6
24,Brian Harman,33.33%,9,3
24,Sepp Straka,33.33%,15,5
26,Matt Fitzpatrick,30.00%,10,3
26,Tom Hoge,30.00%,10,3
28,Will Zalatoris,29.41%,17,5
29,Billy Horschel,25.00%,8,2
29,Seamus Power,25.00%,8,2
29,Chez Reavie,25.00%,8,2
32,Sam Burns,23.08%,13,3
32,J.J. Spaun,23.08%,13,3
34,Luke List,20.00%,5,1
35,Russell Henley,16.67%,6,1
35,Adam Scott,16.67%,6,1
37,Trey Mullinax,12.50%,16,2
38,Sahith Theegala,7.69%,13,1
