rank,player,Putts Made
1,Ryan Brehm,3.0
1,Patrick Cantlay,3.0
1,Matt Fitzpatrick,3.0
1,Luke List,3.0
1,Collin Morikawa,3.0
1,Jon Rahm,3.0
1,Scottie Scheffler,3.0
1,Cameron Young,3.0
9,Sam Burns,2.0
9,Tony Finau,2.0
9,Max Homa,2.0
9,Billy Horschel,2.0
9,Tom Kim,2.0
9,J.T. Poston,2.0
9,Seamus Power,2.0
9,Chad Ramey,2.0
9,Scott Stallings,2.0
18,Corey Conners,1.0
18,Russell Henley,1.0
18,Viktor Hovland,1.0
18,Sungjae Im,1.0
18,K.H. Lee,1.0
18,Trey Mullinax,1.0
18,Chez Reavie,1.0
18,Adam Scott,1.0
18,Jordan Spieth,1.0
18,Sepp Straka,1.0
18,Sahith Theegala,1.0
18,Aaron Wise,1.0
18,Will Zalatoris,1.0
31,Keegan Bradley,.0
31,Brian Harman,.0
31,Tom Hoge,.0
31,Mackenzie Hughes,.0
31,Hideki Matsuyama,.0
31,J.J. Spaun,.0
31,Adam Svensson,.0
31,Justin Thomas,.0
