rank,player,% Made,Attempts,Putts made
1,Keegan Bradley,100.00%,49,49
1,Ryan Brehm,100.00%,42,42
1,Sam Burns,100.00%,40,40
1,Patrick Cantlay,100.00%,45,45
1,Corey Conners,100.00%,41,41
1,Tony Finau,100.00%,47,47
1,Matt Fitzpatrick,100.00%,45,45
1,Brian Harman,100.00%,45,45
1,Tom Hoge,100.00%,39,39
1,Max Homa,100.00%,43,43
1,Billy Horschel,100.00%,43,43
1,Viktor Hovland,100.00%,44,44
1,Mackenzie Hughes,100.00%,40,40
1,Sungjae Im,100.00%,48,48
1,Tom Kim,100.00%,46,46
1,K.H. Lee,100.00%,42,42
1,Hideki Matsuyama,100.00%,42,42
1,Collin Morikawa,100.00%,40,40
1,Trey Mullinax,100.00%,45,45
1,J.T. Poston,100.00%,43,43
1,Seamus Power,100.00%,34,34
1,Jon Rahm,100.00%,44,44
1,Chad Ramey,100.00%,46,46
1,Chez Reavie,100.00%,49,49
1,Scottie Scheffler,100.00%,43,43
1,Adam Scott,100.00%,52,52
1,J.J. Spaun,100.00%,42,42
1,Scott Stallings,100.00%,43,43
1,Sepp Straka,100.00%,44,44
1,Adam Svensson,100.00%,50,50
1,Sahith Theegala,100.00%,47,47
1,Justin Thomas,100.00%,44,44
1,Aaron Wise,100.00%,40,40
1,Cameron Young,100.00%,39,39
1,Will Zalatoris,100.00%,43,43
36,Luke List,97.96%,49,48
37,Russell Henley,97.87%,47,46
38,Jordan Spieth,95.56%,45,43
