rank,player,Avg,Total Apex Height,Total Attempts
1,Bryson DeChambeau,"143' 5""","573' 7""",4
2,Jason Kokrak,"125' 0""","875' 1""",7
3,Dustin Johnson,"124' 0""","496' 2""",4
4,Webb Simpson,"123' 10""","866' 7""",7
5,Sergio Garcia,"120' 0""","840' 2""",7
6,Cameron Smith,"119' 4""","835' 1""",7
7,Viktor Hovland,"118' 8""","830' 9""",7
8,Stewart Cink,"118' 0""","825' 9""",7
8,Hideki Matsuyama,"118' 0""","825' 9""",7
10,Abraham Ancer,"113' 10""","796' 10""",7
11,Kevin Kisner,"113' 4""","793' 1""",7
12,Mackenzie Hughes,"113' 0""","791' 1""",7
13,Andrew Landry,"112' 8""","676' 2""",6
14,Billy Horschel,"110' 8""","664' 0""",6
15,Richy Werenski,"108' 0""","755' 11""",7
16,Xander Schauffele,"106' 10""","640' 10""",6
17,Carlos Ortiz,"106' 3""","531' 2""",5
18,Michael Thompson,"106' 2""","636' 11""",6
19,Ryan Palmer,"106' 1""","636' 6""",6
20,Brian Gay,"105' 4""","737' 2""",7
21,Justin Thomas,"105' 1""","630' 6""",6
22,Kevin Na,"104' 5""","521' 11""",5
23,Sebastián Muñoz,"104' 2""","625' 0""",6
24,Adam Scott,"103' 7""","725' 0""",7
25,Jon Rahm,"102' 6""","410' 1""",4
26,Patrick Cantlay,"100' 5""","702' 11""",7
27,Hudson Swafford,"98' 3""","589' 3""",6
28,Sungjae Im,"96' 11""","581' 6""",6
29,Brendon Todd,"96' 0""","575' 9""",6
30,Nick Taylor,"95' 10""","479' 0""",5
31,Harris English,"95' 5""","572' 6""",6
32,Cameron Champ,"92' 5""","647' 2""",7
33,Martin Laird,"92' 3""","553' 5""",6
34,Robert Streb,"92' 0""","552' 1""",6
35,Marc Leishman,"90' 5""","542' 4""",6
36,Patrick Reed,"90' 0""","540' 2""",6
37,Tony Finau,"89' 11""","359' 6""",4
38,Daniel Berger,"88' 2""","528' 11""",6
39,Collin Morikawa,"87' 5""","524' 7""",6
40,Scottie Scheffler,"79' 2""","395' 9""",5
41,Lanto Griffin,"75' 4""","527' 3""",7
42,Joaquin Niemann,"71' 7""","357' 11""",5
