rank,player,Combined Rank,Carry Efficiency Rank,Total Dist. Effic. Rank
1,Andrew Landry,2,1,1
2,Cameron Smith,4,2,2
3,Michael Thompson,11,7,4
4,Webb Simpson,12,5,7
5,Dustin Johnson,13,3,10
5,Jason Kokrak,13,4,9
7,Billy Horschel,15,9,6
8,Adam Scott,16,13,3
8,Richy Werenski,16,11,5
10,Hideki Matsuyama,20,6,14
11,Viktor Hovland,21,8,13
12,Mackenzie Hughes,22,10,12
13,Nick Taylor,30,22,8
14,Stewart Cink,32,14,18
15,Abraham Ancer,34,17,17
15,Marc Leishman,34,23,11
17,Bryson DeChambeau,35,19,16
18,Brian Gay,36,18,18
18,Carlos Ortiz,36,11,25
20,Kevin Kisner,37,16,21
21,Sergio Garcia,39,15,24
21,Martin Laird,39,24,15
23,Kevin Na,42,20,22
24,Jon Rahm,48,21,27
25,Hudson Swafford,49,27,22
26,Patrick Cantlay,52,26,26
27,Xander Schauffele,57,25,32
27,Justin Thomas,57,28,29
29,Lanto Griffin,60,40,20
30,Harris English,62,29,33
31,Daniel Berger,63,33,30
31,Sebastián Muñoz,63,32,31
33,Cameron Champ,65,30,35
34,Brendon Todd,67,31,36
35,Tony Finau,70,36,34
35,Joaquin Niemann,70,42,28
37,Collin Morikawa,72,35,37
38,Ryan Palmer,76,34,42
39,Sungjae Im,77,38,39
39,Robert Streb,77,37,40
41,Patrick Reed,79,39,40
41,Scottie Scheffler,79,41,38
