rank,player,Avg,Total Spin Speed,Total Attempts
1,Cameron Champ,"3,043.0","9,129",3
2,Abraham Ancer,"2,960.6","14,803",5
3,Kevin Na,"2,893.3","11,573",4
4,Robert Streb,"2,865.8","14,329",5
5,Harris English,"2,792.0","13,960",5
6,Sebastián Muñoz,"2,744.2","13,721",5
7,Xander Schauffele,"2,718.4","13,592",5
8,Michael Thompson,"2,657.0","15,942",6
9,Sungjae Im,"2,630.7","15,784",6
10,Sergio Garcia,"2,628.5","15,771",6
11,Cameron Smith,"2,619.0","15,714",6
12,Webb Simpson,"2,613.7","15,682",6
13,Martin Laird,"2,590.8","15,545",6
14,Marc Leishman,"2,538.8","10,155",4
15,Daniel Berger,"2,537.7","15,226",6
16,Stewart Cink,"2,532.3","15,194",6
17,Billy Horschel,"2,527.8","12,639",5
18,Joaquin Niemann,"2,515.7","7,547",3
19,Brendon Todd,"2,509.8","10,039",4
20,Bryson DeChambeau,"2,464.5","4,929",2
21,Kevin Kisner,"2,446.8","14,681",6
22,Hudson Swafford,"2,440.5","14,643",6
23,Patrick Reed,"2,433.0","14,598",6
24,Justin Thomas,"2,416.2","12,081",5
25,Mackenzie Hughes,"2,413.7","14,482",6
26,Carlos Ortiz,"2,371.2","11,856",5
27,Hideki Matsuyama,"2,370.2","11,851",5
28,Viktor Hovland,"2,318.3","13,910",6
29,Brian Gay,"2,300.8","11,504",5
30,Dustin Johnson,"2,286.5","9,146",4
31,Lanto Griffin,"2,285.6","15,999",7
32,Tony Finau,"2,269.0","2,269",1
33,Nick Taylor,"2,250.4","11,252",5
34,Richy Werenski,"2,248.3","15,738",7
35,Collin Morikawa,"2,219.0","8,876",4
36,Patrick Cantlay,"2,214.0","13,284",6
37,Andrew Landry,"2,191.8","10,959",5
38,Scottie Scheffler,"2,175.3","8,701",4
39,Adam Scott,"2,148.8","10,744",5
40,Jason Kokrak,"2,064.5","12,387",6
41,Ryan Palmer,"2,046.4","10,232",5
42,Jon Rahm,"2,009.5","4,019",2
