rank,player,Avg,Total Actual Hang Time,Total Attempts
1,Jason Kokrak,6.7,47.1,7
1,Hideki Matsuyama,6.7,47.1,7
1,Webb Simpson,6.7,47.0,7
4,Bryson DeChambeau,6.6,26.3,4
5,Abraham Ancer,6.5,45.6,7
5,Sergio Garcia,6.5,45.5,7
5,Viktor Hovland,6.5,45.8,7
5,Kevin Kisner,6.5,45.6,7
5,Xander Schauffele,6.5,38.8,6
5,Richy Werenski,6.5,45.3,7
11,Billy Horschel,6.4,38.3,6
11,Sungjae Im,6.4,38.4,6
11,Kevin Na,6.4,32.2,5
11,Ryan Palmer,6.4,38.2,6
15,Brian Gay,6.3,44.0,7
15,Andrew Landry,6.3,37.8,6
15,Sebastián Muñoz,6.3,38.0,6
15,Cameron Smith,6.3,44.0,7
15,Michael Thompson,6.3,37.7,6
20,Stewart Cink,6.2,43.5,7
20,Mackenzie Hughes,6.2,43.4,7
20,Justin Thomas,6.2,36.9,6
20,Brendon Todd,6.2,37.0,6
24,Harris English,6.1,36.6,6
24,Dustin Johnson,6.1,24.3,4
24,Patrick Reed,6.1,36.7,6
27,Tony Finau,6.0,23.9,4
27,Adam Scott,6.0,42.0,7
27,Hudson Swafford,6.0,36.1,6
27,Nick Taylor,6.0,29.9,5
31,Patrick Cantlay,5.9,41.2,7
31,Cameron Champ,5.9,41.1,7
31,Martin Laird,5.9,35.4,6
31,Marc Leishman,5.9,35.7,6
31,Collin Morikawa,5.9,35.4,6
31,Robert Streb,5.9,35.4,6
37,Carlos Ortiz,5.8,28.8,5
37,Jon Rahm,5.8,23.0,4
39,Lanto Griffin,5.6,39.1,7
40,Joaquin Niemann,5.5,27.4,5
40,Scottie Scheffler,5.5,27.3,5
42,Daniel Berger,5.4,32.1,6
