rank,player,Avg,Total Club Head Speed,Total Attempts
1,Bryson DeChambeau,134.54,538.17,4
2,Cameron Champ,129.08,903.59,7
3,Sergio Garcia,120.59,844.11,7
4,Lanto Griffin,120.07,840.49,7
5,Adam Scott,119.99,839.95,7
6,Hudson Swafford,119.30,715.82,6
7,Xander Schauffele,119.21,715.26,6
8,Dustin Johnson,119.11,476.42,4
9,Justin Thomas,118.94,713.63,6
10,Joaquin Niemann,118.77,593.83,5
11,Scottie Scheffler,118.18,590.90,5
12,Jon Rahm,117.93,471.70,4
13,Tony Finau,117.86,471.46,4
14,Ryan Palmer,117.36,704.19,6
15,Carlos Ortiz,117.10,585.50,5
16,Sebastián Muñoz,116.99,701.94,6
17,Daniel Berger,116.54,699.22,6
18,Patrick Reed,116.52,699.10,6
19,Stewart Cink,116.50,815.47,7
20,Patrick Cantlay,116.33,814.32,7
21,Collin Morikawa,116.32,697.93,6
22,Jason Kokrak,116.17,813.17,7
23,Sungjae Im,116.15,696.91,6
24,Harris English,116.12,696.72,6
25,Hideki Matsuyama,115.67,809.69,7
26,Viktor Hovland,115.50,808.49,7
27,Martin Laird,114.81,688.86,6
28,Robert Streb,114.64,687.85,6
29,Cameron Smith,113.95,797.63,7
30,Billy Horschel,113.80,682.82,6
31,Marc Leishman,113.71,682.24,6
32,Nick Taylor,113.59,567.97,5
33,Richy Werenski,113.38,793.65,7
34,Mackenzie Hughes,113.09,791.62,7
35,Abraham Ancer,112.02,784.14,7
36,Kevin Na,111.95,559.75,5
37,Kevin Kisner,111.37,779.62,7
38,Webb Simpson,110.76,775.29,7
39,Brian Gay,110.57,774.01,7
40,Michael Thompson,109.08,654.49,6
41,Andrew Landry,108.83,652.98,6
42,Brendon Todd,105.28,631.67,6
