rank,player,Avg,Total Apex Range,Total Attempts
1,Cameron Champ,215.1,"1,505.9",7
2,Bryson DeChambeau,208.6,834.5,4
3,Dustin Johnson,198.6,794.2,4
4,Sergio Garcia,198.1,"1,386.9",7
5,Xander Schauffele,196.4,"1,178.3",6
6,Adam Scott,193.9,"1,357.0",7
7,Hideki Matsuyama,191.7,"1,341.8",7
8,Stewart Cink,190.2,"1,331.2",7
8,Hudson Swafford,190.2,"1,141.0",6
10,Cameron Smith,189.8,"1,328.7",7
11,Carlos Ortiz,189.4,947.0,5
12,Justin Thomas,189.0,"1,134.1",6
13,Jason Kokrak,188.2,"1,317.7",7
14,Viktor Hovland,187.9,"1,315.6",7
15,Harris English,187.7,"1,126.3",6
16,Jon Rahm,187.5,750.0,4
17,Martin Laird,186.8,"1,121.1",6
18,Patrick Cantlay,186.5,"1,305.4",7
19,Tony Finau,186.1,744.4,4
20,Marc Leishman,185.9,"1,115.5",6
21,Lanto Griffin,185.5,"1,298.2",7
22,Richy Werenski,185.3,"1,297.2",7
23,Kevin Na,184.6,922.8,5
24,Sebastián Muñoz,184.2,"1,105.4",6
25,Sungjae Im,184.0,"1,104.1",6
25,Collin Morikawa,184.0,"1,104.0",6
27,Billy Horschel,183.7,"1,102.1",6
28,Mackenzie Hughes,183.5,"1,284.7",7
29,Webb Simpson,183.1,"1,282.0",7
30,Ryan Palmer,183.0,"1,098.0",6
31,Abraham Ancer,181.5,"1,270.3",7
32,Robert Streb,181.4,"1,088.4",6
33,Patrick Reed,181.2,"1,087.1",6
34,Joaquin Niemann,180.6,903.0,5
35,Daniel Berger,180.1,"1,080.8",6
36,Scottie Scheffler,179.4,897.0,5
37,Nick Taylor,178.1,890.4,5
38,Andrew Landry,177.7,"1,066.1",6
39,Kevin Kisner,177.2,"1,240.1",7
40,Michael Thompson,175.3,"1,051.6",6
41,Brian Gay,173.0,"1,210.7",7
42,Brendon Todd,165.1,990.5,6
