rank,player,Avg,Total Dist. to Impact,Total Attempts
1,Bryson DeChambeau,311.4,"1,245.5",4
2,Cameron Champ,290.7,"2,035.1",7
3,Dustin Johnson,289.0,"1,155.9",4
4,Adam Scott,281.8,"1,972.4",7
5,Sergio Garcia,281.5,"1,970.7",7
6,Jason Kokrak,278.6,"1,950.0",7
7,Cameron Smith,277.0,"1,938.7",7
8,Carlos Ortiz,275.2,"1,375.8",5
9,Hideki Matsuyama,274.4,"1,920.5",7
10,Viktor Hovland,273.0,"1,911.3",7
11,Xander Schauffele,272.8,"1,637.0",6
12,Stewart Cink,272.6,"1,908.3",7
13,Hudson Swafford,272.4,"1,634.4",6
14,Jon Rahm,271.6,"1,086.2",4
15,Justin Thomas,269.4,"1,616.5",6
16,Billy Horschel,268.5,"1,611.3",6
17,Richy Werenski,266.5,"1,865.4",7
18,Mackenzie Hughes,266.4,"1,864.8",7
19,Patrick Cantlay,266.0,"1,862.3",7
20,Andrew Landry,265.7,"1,594.4",6
21,Webb Simpson,265.5,"1,858.3",7
22,Martin Laird,263.0,"1,577.7",6
23,Sebastián Muñoz,262.5,"1,575.2",6
24,Harris English,261.9,"1,571.1",6
25,Tony Finau,261.8,"1,047.1",4
26,Nick Taylor,261.4,"1,307.0",5
27,Ryan Palmer,261.3,"1,567.9",6
28,Abraham Ancer,261.1,"1,827.4",7
28,Marc Leishman,261.1,"1,566.4",6
30,Lanto Griffin,261.0,"1,827.1",7
31,Daniel Berger,259.9,"1,559.3",6
31,Kevin Kisner,259.9,"1,819.0",7
33,Kevin Na,258.8,"1,293.9",5
34,Collin Morikawa,258.6,"1,551.3",6
35,Michael Thompson,258.0,"1,548.1",6
36,Scottie Scheffler,256.8,"1,284.0",5
37,Brian Gay,256.2,"1,793.7",7
38,Sungjae Im,256.0,"1,535.9",6
39,Joaquin Niemann,254.6,"1,273.2",5
40,Patrick Reed,253.4,"1,520.6",6
41,Robert Streb,253.3,"1,519.7",6
42,Brendon Todd,236.5,"1,419.1",6
