rank,player,Avg,Total Vert. Launch Angle,Total Attempts
1,Andrew Landry,13.79,82.74,6
2,Jason Kokrak,13.65,95.55,7
3,Webb Simpson,13.20,92.42,7
4,Brian Gay,13.16,92.13,7
5,Kevin Kisner,12.90,90.30,7
6,Michael Thompson,12.77,76.63,6
7,Mackenzie Hughes,12.53,87.68,7
8,Viktor Hovland,12.26,85.85,7
9,Richy Werenski,12.02,84.14,7
10,Dustin Johnson,11.97,47.89,4
11,Bryson DeChambeau,11.96,47.83,4
12,Cameron Smith,11.77,82.38,7
13,Billy Horschel,11.72,70.35,6
14,Nick Taylor,11.68,58.39,5
15,Abraham Ancer,11.66,81.64,7
16,Stewart Cink,11.54,80.77,7
17,Brendon Todd,11.51,69.06,6
18,Hideki Matsuyama,11.48,80.38,7
19,Ryan Palmer,11.03,66.18,6
20,Carlos Ortiz,10.85,54.27,5
21,Jon Rahm,10.74,42.97,4
22,Sergio Garcia,10.62,74.33,7
23,Justin Thomas,10.42,62.54,6
24,Sebastián Muñoz,10.34,62.06,6
25,Patrick Cantlay,10.23,71.63,7
26,Adam Scott,10.20,71.39,7
27,Kevin Na,10.06,50.31,5
28,Daniel Berger,9.93,59.57,6
29,Xander Schauffele,9.41,56.48,6
30,Hudson Swafford,9.39,56.34,6
31,Patrick Reed,9.27,55.65,6
32,Sungjae Im,9.09,54.54,6
33,Marc Leishman,8.88,53.26,6
34,Martin Laird,8.85,53.08,6
35,Scottie Scheffler,8.66,43.30,5
36,Harris English,8.62,51.70,6
37,Robert Streb,8.44,50.67,6
38,Collin Morikawa,8.37,50.23,6
39,Lanto Griffin,7.16,50.12,7
40,Tony Finau,7.12,28.48,4
41,Joaquin Niemann,6.52,32.58,5
42,Cameron Champ,4.30,30.10,7
