rank,player,Avg,Total Strokes,Total Rounds
1,Justin Thomas,32.00,32,1
2,Tyler Duncan,33.00,33,1
2,Collin Morikawa,33.00,33,1
4,Joaquin Niemann,34.00,34,1
4,J.T. Poston,34.00,34,1
4,Patrick Reed,34.00,34,1
4,Brendon Todd,34.00,34,1
4,Matthew Wolff,34.00,34,1
9,Patrick Cantlay,35.00,35,1
9,Rickie Fowler,35.00,35,1
9,Dylan Frittelli,35.00,35,1
9,Matt Kuchar,35.00,35,1
9,Graeme McDowell,35.00,35,1
9,Ryan Palmer,35.00,35,1
9,Jon Rahm,35.00,35,1
9,Xander Schauffele,35.00,35,1
17,Paul Casey,36.00,36,1
17,Cameron Champ,36.00,36,1
17,Kevin Kisner,36.00,36,1
20,Corey Conners,37.00,37,1
20,Max Homa,37.00,37,1
20,Dustin Johnson,37.00,37,1
20,Sung Kang,37.00,37,1
20,Nate Lashley,37.00,37,1
20,Sebastián Muñoz,37.00,37,1
20,Martin Trainer,37.00,37,1
20,Gary Woodland,37.00,37,1
28,Lanto Griffin,38.00,38,1
28,Jim Herman,38.00,38,1
28,Adam Long,38.00,38,1
28,Kevin Na,38.00,38,1
28,Chez Reavie,38.00,38,1
33,Keith Mitchell,40.00,40,1
34,J.B. Holmes,41.00,41,1
