rank,player,Avg,Total Strokes,Total Rounds
1,Patrick Reed,33.00,33,1
2,Patrick Cantlay,34.00,34,1
2,Rickie Fowler,34.00,34,1
2,Xander Schauffele,34.00,34,1
5,Collin Morikawa,35.00,35,1
5,Ryan Palmer,35.00,35,1
5,Justin Thomas,35.00,35,1
5,Matthew Wolff,35.00,35,1
5,Gary Woodland,35.00,35,1
10,Corey Conners,36.00,36,1
10,Joaquin Niemann,36.00,36,1
12,Cameron Champ,37.00,37,1
12,Dustin Johnson,37.00,37,1
12,Sung Kang,37.00,37,1
12,Nate Lashley,37.00,37,1
12,Adam Long,37.00,37,1
12,Sebastián Muñoz,37.00,37,1
12,Kevin Na,37.00,37,1
12,Jon Rahm,37.00,37,1
12,Chez Reavie,37.00,37,1
21,Paul Casey,38.00,38,1
21,Tyler Duncan,38.00,38,1
21,Lanto Griffin,38.00,38,1
21,J.B. Holmes,38.00,38,1
21,Max Homa,38.00,38,1
21,Matt Kuchar,38.00,38,1
21,Graeme McDowell,38.00,38,1
21,J.T. Poston,38.00,38,1
21,Brendon Todd,38.00,38,1
30,Dylan Frittelli,40.00,40,1
30,Jim Herman,40.00,40,1
30,Kevin Kisner,40.00,40,1
33,Keith Mitchell,42.00,42,1
34,Martin Trainer,44.00,44,1
