rank,player,Avg,Total Strokes,Total Holes
1,Collin Morikawa,34.50,138,4
1,Patrick Reed,34.50,138,4
3,Xander Schauffele,34.75,139,4
4,Rickie Fowler,35.25,141,4
4,Jon Rahm,35.25,141,4
4,Justin Thomas,35.25,141,4
4,Gary Woodland,35.25,141,4
8,Matthew Wolff,35.50,142,4
9,Patrick Cantlay,35.75,143,4
9,J.T. Poston,35.75,143,4
11,Paul Casey,36.00,144,4
12,Nate Lashley,36.25,145,4
12,Graeme McDowell,36.25,145,4
12,Joaquin Niemann,36.25,145,4
15,Cameron Champ,36.50,146,4
15,Tyler Duncan,36.50,146,4
15,Kevin Kisner,36.50,146,4
18,Max Homa,36.75,147,4
18,Matt Kuchar,36.75,147,4
18,Chez Reavie,36.75,147,4
21,Corey Conners,37.00,148,4
21,Ryan Palmer,37.00,148,4
23,Lanto Griffin,37.25,149,4
23,Dustin Johnson,37.25,149,4
23,Brendon Todd,37.25,149,4
26,Sung Kang,37.50,150,4
26,Adam Long,37.50,150,4
28,Sebastián Muñoz,37.75,151,4
29,Dylan Frittelli,38.25,153,4
29,Jim Herman,38.25,153,4
29,J.B. Holmes,38.25,153,4
29,Kevin Na,38.25,153,4
33,Keith Mitchell,38.75,155,4
34,Martin Trainer,39.50,158,4
