rank,player,Avg,Total Strokes,Total Rounds
1,Paul Casey,34.00,34,1
1,Cameron Champ,34.00,34,1
1,Tyler Duncan,34.00,34,1
1,J.T. Poston,34.00,34,1
5,Max Homa,35.00,35,1
5,Kevin Kisner,35.00,35,1
5,Collin Morikawa,35.00,35,1
5,Jon Rahm,35.00,35,1
5,Matthew Wolff,35.00,35,1
5,Gary Woodland,35.00,35,1
11,Lanto Griffin,36.00,36,1
11,Nate Lashley,36.00,36,1
11,Sebastián Muñoz,36.00,36,1
11,Xander Schauffele,36.00,36,1
15,Rickie Fowler,37.00,37,1
15,Matt Kuchar,37.00,37,1
15,Patrick Reed,37.00,37,1
18,Dylan Frittelli,38.00,38,1
18,Dustin Johnson,38.00,38,1
18,Adam Long,38.00,38,1
18,Chez Reavie,38.00,38,1
18,Justin Thomas,38.00,38,1
18,Martin Trainer,38.00,38,1
24,Patrick Cantlay,39.00,39,1
24,Corey Conners,39.00,39,1
24,Jim Herman,39.00,39,1
24,J.B. Holmes,39.00,39,1
24,Sung Kang,39.00,39,1
24,Graeme McDowell,39.00,39,1
24,Keith Mitchell,39.00,39,1
24,Joaquin Niemann,39.00,39,1
24,Brendon Todd,39.00,39,1
33,Ryan Palmer,41.00,41,1
34,Kevin Na,42.00,42,1
