rank,player,Low Rnd
1,Justin Thomas,32
2,Tyler Duncan,33
2,Graeme McDowell,33
2,Collin Morikawa,33
2,Patrick Reed,33
6,Patrick Cantlay,34
6,Paul Casey,34
6,Cameron Champ,34
6,Rickie Fowler,34
6,Keith Mitchell,34
6,Joaquin Niemann,34
6,J.T. Poston,34
6,Jon Rahm,34
6,Chez Reavie,34
6,Xander Schauffele,34
6,Brendon Todd,34
6,Matthew Wolff,34
6,Gary Woodland,34
19,Dylan Frittelli,35
19,J.B. Holmes,35
19,Max Homa,35
19,Kevin Kisner,35
19,Matt Kuchar,35
19,Nate Lashley,35
19,Ryan Palmer,35
26,Corey Conners,36
26,Lanto Griffin,36
26,Jim Herman,36
26,Sebastián Muñoz,36
26,Kevin Na,36
31,Dustin Johnson,37
31,Sung Kang,37
31,Adam Long,37
31,Martin Trainer,37
