rank,player,Avg,Total Distance (feet),# of Attempts,Relative to par
1,Ryan Gerard,"5' 6""",10.917,2,-1
2,Mark Hubbard,"7' 4""",7.333,1,-1
3,Kurt Kitayama,"7' 6""",14.917,2,-2
4,Eric Cole,"8' 3""",32.833,4,-4
5,Ben Martin,"8' 6""",34.000,4,-4
6,Sepp Straka,"8' 7""",17.083,2,-1
7,Nick Taylor,"9' 3""",9.250,1,-1
8,Matt Kuchar,"10' 2""",10.167,1,E
9,Kensei Hirata,"10' 8""",32.083,3,-1
10,Taylor Dickson,"11' 1""",11.083,1,-1
11,Lee Hodges,"11' 10""",23.583,2,-1
12,Russell Henley,"11' 11""",47.583,4,-2
12,Adam Svensson,"11' 11""",47.500,4,-1
14,Zach Johnson,"12' 1""",72.250,6,-1
14,Chan Kim,"12' 1""",48.250,4,E
16,Lucas Glover,"12' 2""",36.500,3,-2
16,Adam Hadwin,"12' 2""",48.750,4,-2
18,Henrik Norlander,"12' 3""",36.667,3,-2
19,Stephan Jaeger,"12' 8""",50.667,4,E
20,Jesper Svensson,"12' 9""",50.833,4,-2
21,Brice Garnett,"12' 11""",38.667,3,-1
22,Hideki Matsuyama,"13' 5""",66.917,5,-1
23,Tom Kim,"13' 8""",13.667,1,E
24,Denny McCarthy,"14' 2""",28.333,2,-1
25,Greyson Sigg,"14' 3""",42.833,3,E
26,Tom Hoge,"14' 7""",14.583,1,E
26,Taylor Pendrith,"14' 7""",43.750,3,-1
26,Kevin Roy,"14' 7""",87.667,6,-1
29,Adam Schenk,"14' 8""",14.667,1,-1
30,Vincent Norrman,"14' 10""",29.667,2,-1
30,Jackson Suber,"14' 10""",118.583,8,-3
32,Justin Lower,"14' 11""",59.500,4,-1
33,Sahith Theegala,"15' 1""",45.333,3,-1
34,Keegan Bradley,"15' 3""",61.083,4,-1
34,Luke List,"15' 3""",91.250,6,-2
36,Ryo Hisatsune,"15' 7""",46.833,3,-1
36,Alex Smalley,"15' 7""",46.833,3,E
38,Charley Hoffman,"15' 9""",78.583,5,-1
39,James Hahn,"16' 1""",48.250,3,E
40,J.J. Spaun,"16' 5""",32.833,2,-1
41,Mac Meissner,"16' 7""",66.333,4,+1
42,Doug Ghim,"16' 8""",100.083,6,E
43,Webb Simpson,"17' 2""",34.250,2,E
44,Thomas Rosenmueller,"17' 4""",69.417,4,-1
45,Keith Mitchell,"17' 5""",122.000,7,-3
46,Jeremy Paul,"17' 8""",53.083,3,-1
46,Gary Woodland,"17' 8""",70.667,4,-1
48,Ben Kohles,"18' 3""",54.750,3,-1
49,Sam Ryder,"18' 4""",18.333,1,E
50,Paul Peterson,"19' 0""",38.000,2,-1
51,Matt McCarty,"19' 1""",76.417,4,-2
52,Patrick Fishburn,"19' 4""",77.250,4,-2
53,Nick Dunlap,"19' 10""",79.333,4,+1
54,Aaron Baddeley,"20' 4""",20.333,1,+1
55,Kevin Streelman,"20' 10""",41.667,2,E
56,Vince Whaley,"20' 11""",104.667,5,-1
57,Brandt Snedeker,"21' 7""",21.583,1,E
58,Nico Echavarria,"22' 11""",91.583,4,-1
59,Bud Cauley,"23' 3""",139.417,6,-2
60,Harry Hall,"23' 9""",71.333,3,-1
60,Erik van Rooyen,"23' 9""",71.250,3,E
62,Rico Hoey,"24' 1""",24.083,1,E
62,Nate Lashley,"24' 1""",48.167,2,E
64,Ben Griffin,"24' 2""",48.250,2,-1
65,Thomas Detry,"24' 8""",123.417,5,-2
66,Andrew Putnam,"29' 6""",147.667,5,+1
67,C.T. Pan,"32' 11""",65.750,2,-2
68,Ben Silverman,"41' 7""",83.083,2,+1
69,Maverick McNealy,"43' 9""",87.417,2,+1
70,Taylor Montgomery,"46' 5""",139.333,3,E
