rank,player,Avg,Total Distance (feet),# of Attempts,Relative to par
1,Kensei Hirata,"8' 10""",17.583,2,-1
2,Nico Echavarria,"9' 4""",28.083,3,-2
3,Lee Hodges,"10' 3""",71.583,7,-4
4,Jackson Suber,"10' 10""",21.667,2,-1
5,Sepp Straka,"11' 1""",77.500,7,-2
6,Eric Cole,"11' 3""",90.167,8,-3
7,Taylor Montgomery,"11' 8""",46.667,4,-1
8,Greyson Sigg,"11' 10""",47.167,4,-2
9,Rico Hoey,"11' 11""",35.750,3,-1
10,Denny McCarthy,"12' 1""",48.417,4,-1
11,Ryan Gerard,"12' 6""",49.833,4,-3
12,Harry Hall,"13' 3""",53.000,4,-3
13,Russell Henley,"13' 6""",67.333,5,-3
14,Zach Johnson,"14' 0""",83.750,6,-3
15,Paul Peterson,"14' 2""",28.333,2,+1
16,Lucas Glover,"14' 3""",71.083,5,-1
16,J.J. Spaun,"14' 3""",85.250,6,-3
18,Nick Taylor,"14' 4""",114.667,8,-4
19,Kevin Roy,"14' 11""",104.667,7,-2
20,Frankie Capan III,"15' 0""",74.833,5,-1
21,Taylor Pendrith,"15' 1""",105.833,7,-2
22,Alex Smalley,"15' 9""",126.167,8,-5
23,Erik van Rooyen,"15' 10""",126.750,8,-3
24,Webb Simpson,"16' 1""",128.667,8,-2
24,Brandt Snedeker,"16' 1""",80.333,5,-1
26,Matt Kuchar,"16' 4""",130.417,8,-5
27,Robert MacIntyre,"16' 9""",150.750,9,-3
28,Keegan Bradley,"16' 10""",151.583,9,-3
28,Matt McCarty,"16' 10""",100.750,6,-2
28,Thomas Rosenmueller,"16' 10""",67.167,4,-1
28,Sam Ryder,"16' 10""",84.333,5,E
32,Jeremy Paul,"17' 1""",136.583,8,-2
33,Nick Dunlap,"17' 3""",17.250,1,E
34,Doug Ghim,"17' 6""",87.667,5,-2
35,Tom Hoge,"18' 5""",147.583,8,-3
36,Maverick McNealy,"18' 7""",111.250,6,-2
37,Chan Kim,"19' 1""",95.333,5,-1
38,Sam Stevens,"19' 2""",114.750,6,-1
39,Taylor Dickson,"19' 3""",173.417,9,-1
40,Ben Silverman,"19' 5""",174.500,9,-2
41,Luke List,"19' 7""",156.417,8,-3
41,Henrik Norlander,"19' 7""",98.083,5,-1
43,James Hahn,"19' 9""",158.083,8,-2
43,Ben Kohles,"19' 9""",59.167,3,E
45,Justin Lower,"20' 7""",123.583,6,E
46,Stephan Jaeger,"20' 10""",104.083,5,-1
47,Mark Hubbard,"20' 11""",146.333,7,E
47,Nate Lashley,"20' 11""",104.667,5,-2
47,Ben Martin,"20' 11""",125.667,6,-2
50,Bud Cauley,"21' 1""",105.417,5,-3
51,Brian Harman,"21' 3""",148.750,7,-1
52,Thomas Detry,"22' 1""",66.250,3,-1
52,Hideki Matsuyama,"22' 1""",88.250,4,-1
54,Aaron Baddeley,"22' 2""",66.583,3,+1
54,Tom Kim,"22' 2""",110.750,5,-1
56,Adam Svensson,"22' 3""",66.833,3,-1
57,Sahith Theegala,"22' 6""",134.833,6,-1
58,Gary Woodland,"22' 9""",227.083,10,-4
59,C.T. Pan,"23' 1""",138.583,6,E
60,Charley Hoffman,"23' 2""",231.750,10,-2
61,David Lipsky,"24' 1""",48.167,2,-1
62,Vincent Norrman,"24' 6""",147.167,6,E
63,Cristobal Del Solar,"25' 1""",200.583,8,-2
64,Kevin Streelman,"25' 2""",75.417,3,-2
65,Ben Griffin,"25' 4""",152.000,6,E
65,Keith Mitchell,"25' 4""",76.083,3,E
67,Kurt Kitayama,"25' 5""",177.667,7,-1
68,Andrew Putnam,"26' 1""",52.167,2,E
69,Ryo Hisatsune,"26' 8""",213.417,8,-1
70,Patrick Fishburn,"26' 9""",106.833,4,-1
71,Adam Schenk,"27' 7""",137.833,5,E
72,Brice Garnett,"29' 4""",234.500,8,-1
73,Adam Hadwin,"29' 10""",59.583,2,E
74,Mac Meissner,"31' 1""",31.083,1,E
75,Vince Whaley,"34' 7""",69.167,2,+1
76,Jesper Svensson,"35' 3""",317.500,9,-3
