rank,player,Avg,Total Distance (feet),# of Attempts,Relative to par
1,Alex Smalley,"4' 2""",4.167,1,-1
2,Tom Hoge,"4' 5""",8.833,2,-2
3,Eric Cole,"4' 6""",4.500,1,-1
4,Aaron Baddeley,"4' 8""",9.333,2,-1
5,Kensei Hirata,"5' 2""",5.167,1,-1
6,Sam Stevens,"5' 3""",10.417,2,E
7,Rico Hoey,"5' 7""",5.583,1,E
8,Kevin Roy,"6' 0""",6.000,1,E
9,Taylor Montgomery,"6' 1""",12.167,2,-2
10,Jackson Suber,"6' 2""",12.333,2,-1
11,Thomas Rosenmueller,"7' 0""",7.000,1,E
12,Webb Simpson,"7' 7""",7.583,1,-1
13,Stephan Jaeger,"7' 8""",38.250,5,-3
14,Mark Hubbard,"8' 0""",8.000,1,-1
15,Zach Johnson,"8' 4""",8.333,1,E
16,Keegan Bradley,"8' 9""",8.750,1,E
17,Maverick McNealy,"9' 4""",9.333,1,-1
18,Kevin Streelman,"9' 9""",9.750,1,-1
19,Adam Schenk,"9' 11""",29.667,3,-2
20,Kurt Kitayama,"10' 4""",31.000,3,E
21,Gary Woodland,"10' 5""",20.750,2,-1
22,Lee Hodges,"10' 10""",21.667,2,-1
23,Frankie Capan III,"11' 3""",11.250,1,E
23,Cristobal Del Solar,"11' 3""",11.250,1,E
25,Luke List,"11' 6""",34.500,3,+1
26,Chan Kim,"11' 9""",23.417,2,E
27,Vincent Norrman,"11' 10""",11.833,1,E
28,C.T. Pan,"12' 1""",36.333,3,-2
29,Keith Mitchell,"12' 6""",12.500,1,E
30,Erik van Rooyen,"12' 9""",25.500,2,-1
31,Ben Kohles,"12' 11""",25.833,2,E
32,Nate Lashley,"13' 2""",39.500,3,-1
33,David Lipsky,"13' 10""",27.667,2,-1
34,Ryan Gerard,"14' 2""",42.500,3,E
35,Charley Hoffman,"15' 3""",15.250,1,E
36,Harry Hall,"15' 10""",47.583,3,-1
37,Adam Hadwin,"17' 9""",35.500,2,E
37,Jesper Svensson,"17' 9""",17.750,1,E
39,Henrik Norlander,"18' 2""",18.167,1,+1
40,Hideki Matsuyama,"18' 3""",18.250,1,E
41,Matt Kuchar,"19' 8""",59.000,3,+1
42,Taylor Dickson,"19' 11""",39.833,2,-1
43,Patrick Fishburn,"20' 11""",20.917,1,E
44,Brian Harman,"21' 4""",21.333,1,E
44,Sahith Theegala,"21' 4""",21.333,1,E
46,Jeremy Paul,"21' 5""",21.417,1,E
47,Nico Echavarria,"22' 6""",44.917,2,E
48,James Hahn,"23' 0""",45.917,2,+1
48,Vince Whaley,"23' 0""",46.000,2,-1
50,Tom Kim,"23' 9""",118.917,5,E
51,Robert MacIntyre,"26' 1""",78.333,3,+1
52,Adam Svensson,"54' 6""",54.500,1,+1
