rank,player,Avg,Total Distance (feet),# of Attempts,Relative to par
1,Tom Hoge,"14' 5""",14.417,1,-2
2,Thomas Detry,"16' 5""",16.417,1,E
3,Ryo Hisatsune,"16' 9""",16.750,1,-1
4,Lucas Glover,"21' 3""",42.417,2,-3
5,Sahith Theegala,"22' 11""",22.917,1,-1
6,Hideki Matsuyama,"23' 0""",23.000,1,-2
7,Paul Peterson,"24' 7""",73.750,3,-4
8,Russell Henley,"26' 2""",52.250,2,-3
9,Ben Kohles,"30' 9""",30.750,1,-1
10,Denny McCarthy,"33' 5""",33.417,1,E
11,Vince Whaley,"35' 4""",35.333,1,E
12,Ben Silverman,"35' 9""",71.500,2,-2
13,C.T. Pan,"38' 11""",77.833,2,-2
14,Nick Taylor,"39' 7""",79.167,2,-3
15,Brice Garnett,"40' 0""",79.917,2,-2
16,Webb Simpson,"40' 4""",40.333,1,-1
17,Kensei Hirata,"40' 6""",121.417,3,-3
17,Zach Johnson,"40' 6""",80.917,2,-2
19,Justin Lower,"41' 5""",82.833,2,-3
20,Sepp Straka,"43' 7""",87.167,2,-2
21,Aaron Baddeley,"44' 9""",44.750,1,E
22,Henrik Norlander,"45' 1""",90.083,2,E
23,Mac Meissner,"47' 10""",47.833,1,-1
24,Ben Martin,"49' 4""",98.667,2,E
25,Tom Kim,"50' 10""",101.667,2,-2
26,Maverick McNealy,"51' 8""",51.667,1,-1
27,Ryan Gerard,"52' 7""",105.083,2,-2
28,Adam Hadwin,"52' 9""",52.750,1,-1
29,Kurt Kitayama,"53' 8""",53.667,1,-1
30,Greyson Sigg,"55' 11""",55.917,1,E
31,Erik van Rooyen,"56' 7""",56.583,1,E
32,Andrew Putnam,"57' 6""",57.500,1,-1
33,Kevin Streelman,"58' 5""",175.250,3,-3
34,Matt Kuchar,"63' 5""",63.417,1,-1
35,Nick Dunlap,"64' 9""",194.167,3,-1
36,Mark Hubbard,"67' 11""",203.833,3,-2
37,Charley Hoffman,"70' 6""",70.500,1,-1
38,Brandt Snedeker,"74' 0""",222.083,3,-2
39,Keith Mitchell,"77' 9""",77.750,1,-1
40,Sam Ryder,"81' 1""",81.083,1,-1
41,Adam Svensson,"83' 1""",83.083,1,E
42,Jesper Svensson,"86' 6""",86.500,1,E
43,Matt McCarty,"89' 6""",89.500,1,-1
44,Taylor Dickson,"104' 4""",104.333,1,E
