rank,player,Avg,Total Distance (feet),# of Attempts,Relative to par
1,Brice Garnett,"25' 5""",25.417,1,-2
2,Lee Hodges,"28' 2""",28.167,1,-1
3,Matt Kuchar,"28' 9""",28.750,1,E
4,Ben Kohles,"28' 10""",28.833,1,E
5,Sahith Theegala,"33' 2""",33.167,1,-1
6,Sam Stevens,"33' 6""",33.500,1,-1
7,Paul Peterson,"40' 5""",121.333,3,-2
8,Mark Hubbard,"45' 7""",45.583,1,-1
9,Zach Johnson,"52' 9""",105.500,2,-1
10,Russell Henley,"54' 3""",108.500,2,-2
11,Vincent Norrman,"56' 2""",224.500,4,-4
12,Frankie Capan III,"58' 10""",58.833,1,E
13,Aaron Baddeley,"65' 7""",131.083,2,-1
14,Sam Ryder,"69' 8""",69.667,1,E
15,Brandt Snedeker,"78' 7""",78.583,1,-1
16,Ryan Gerard,"83' 0""",83.000,1,+2
17,Lucas Glover,"83' 9""",83.750,1,E
18,Nico Echavarria,"87' 6""",87.500,1,-1
19,Kensei Hirata,"98' 5""",98.417,1,+1
20,Adam Svensson,"101' 4""",101.333,1,-1
21,David Lipsky,"121' 4""",121.333,1,E
22,Jesper Svensson,"136' 4""",136.333,1,-1
