rank,player,Avg (Yards),Total Distance (inches),Number of Approach Shots
1,Vaughn Taylor,142.0,"30,677,000",6
2,Gonzalo Fernandez-Castaño,148.6,"64,184,000",12
3,Pat Perez,149.4,"48,421,000",9
4,Jason Bohn,149.5,"69,962,000",13
5,Andres Gonzales,150.1,"37,834,000",7
6,Daniel Summerhays,151.9,"38,275,000",7
7,Satoshi Kodaira,152.0,"43,771,000",8
8,Tim Wilkinson,152.5,"49,415,000",9
9,Jim Herman,153.3,"27,597,000",5
10,Hideto Tanihara,154.8,"44,585,000",8
11,Miguel Tabuena,156.7,"73,358,000",13
12,Kevin Kisner,157.7,"39,736,000",7
12,Luke List,157.7,"39,729,000",7
14,Zach Johnson,158.1,"28,465,000",5
15,Mackenzie Hughes,159.0,"45,802,000",8
16,Bryson DeChambeau,159.2,"45,847,000",8
17,Hudson Swafford,159.4,"28,700,000",5
18,James Hahn,159.9,"51,817,000",9
19,Billy Horschel,160.3,"57,702,000",10
20,Charles Howell III,161.5,"34,889,000",6
21,David Lingmerth,161.6,"46,554,000",8
22,Ken Duke,161.8,"64,091,000",11
22,Hideki Matsuyama,161.8,"40,771,000",7
24,Russell Knox,162.1,"35,009,000",6
25,Trey Mullinax,162.2,"52,556,000",9
26,Ben Martin,162.4,"46,783,000",8
27,Stewart Cink,163.2,"41,116,000",7
28,Kelly Kraft,164.4,"53,258,000",9
29,Rory Sabbatini,164.8,"53,387,000",9
30,Branden Grace,164.9,"41,560,000",7
31,Cameron Smith,165.1,"53,487,000",9
32,Bryce Molder,165.2,"89,189,000",15
33,Brian Stuard,165.4,"53,600,000",9
34,Seamus Power,166.0,"35,852,000",6
35,Scott Brown,166.9,"66,079,000",11
36,Russell Henley,170.1,"24,489,000",4
37,Jared Sawada,170.5,"73,651,000",12
38,J.T. Poston,171.6,"61,761,000",10
39,Ollie Schniederjans,171.9,"37,129,000",6
40,Michael Kim,172.2,"43,400,000",7
41,Henrik Norlander,172.6,"62,124,000",10
42,Justin Rose,172.7,"31,089,000",5
43,Marc Leishman,172.8,"37,316,000",6
44,John Huh,173.3,"18,711,000",3
45,Kyle Stanley,175.1,"37,825,000",6
46,Gary Woodland,175.6,"25,285,000",4
47,Shawn Stefani,176.6,"38,135,000",6
48,Sean O'Hair,177.0,"31,857,000",5
48,Y.E. Yang,177.0,"50,978,000",8
50,Richy Werenski,178.7,"64,317,000",10
51,William McGirt,178.8,"45,057,000",7
52,Robert Streb,179.8,"51,774,000",8
53,Vijay Singh,180.9,"71,656,000",11
54,Kevin Na,181.2,"78,298,000",12
55,Fabián Gómez,181.4,"71,833,000",11
56,Daniel Berger,182.0,"78,610,000",12
57,Chez Reavie,183.0,"39,530,000",6
58,Brian Gay,183.3,"26,400,000",4
59,Zac Blair,184.8,"53,226,000",8
60,Brian Harman,185.6,"33,399,000",5
61,Scott Piercy,187.6,"67,519,000",10
62,Jon Curran,190.2,"68,470,000",10
63,Peter Malnati,190.4,"47,987,000",7
64,Justin Thomas,190.6,"34,305,000",5
65,Jamie Lovemark,191.4,"27,557,000",4
66,Billy Hurley III,192.3,"34,615,000",5
66,Rod Pampling,192.3,"76,170,000",11
68,Ryan Brehm,195.7,"70,437,000",10
69,Michael Thompson,196.4,"70,697,000",10
70,Webb Simpson,199.5,"50,281,000",7
71,Bill Haas,203.2,"36,572,000",5
72,Jordan Spieth,207.2,"37,295,000",5
73,Tony Finau,212.7,"61,264,000",8
