rank,player,Distance,Tournament,Round- Course,Hole
1,Chez Reavie,197,Sony Open,4,17 - Par 3
2,Kevin Na,146,Sony Open,3,12 - Par 4
3,Bryson DeChambeau,123,Sony Open,1,5 - Par 4 -
4,Jim Herman,79,Sony Open,3,18 - Par 5
5,Jared Sawada,63,Sony Open,2,10 - Par 4
6,Justin Thomas,34,Sony Open,1,10 - Par 4
7,Zach Johnson,29,Sony Open,2,18 - Par 5
8,Scott Piercy,28,Sony Open,2,16 - Par 4
9,Bryce Molder,28,Sony Open,4,13 - Par 4
10,John Huh,26,Sony Open,4,13 - Par 4
11,David Lingmerth,26,Sony Open,4,9 - Par 5 -
12,Stewart Cink,24,Sony Open,2,14 - Par 4
13,Bill Haas,18,Sony Open,4,18 - Par 5
14,Justin Rose,16,Sony Open,4,15 - Par 4
15,Michael Kim,14,Sony Open,1,8 - Par 4 -
17,Ken Duke,13,Sony Open,1,16 - Par 4
18,Carl Pettersson,13,Sony Open,2,11 - Par 3
20,Daniel Summerhays,12,Sony Open,1,12 - Par 4
21,Bob Estes,12,Sony Open,1,14 - Par 4
22,David Hearn,12,Sony Open,1,5 - Par 4 -
23,Seamus Power,12,Sony Open,3,1 - Par 4 -
24,Kevin Kisner,11,Sony Open,3,17 - Par 3
25,Wesley Bryan,11,Sony Open,1,8 - Par 4 -
27,John Peterson,10,Sony Open,1,6 - Par 4 -
28,Daniel Berger,9,Sony Open,1,11 - Par 3
29,Mackenzie Hughes,8,Sony Open,2,4 - Par 3 -
31,Boo Weekley,8,Sony Open,1,14 - Par 4
34,James Hahn,7,Sony Open,3,3 - Par 4 -
35,Ben Martin,7,Sony Open,4,2 - Par 4 -
36,Hideto Tanihara,7,Sony Open,4,10 - Par 4
37,Charles Howell III,7,Sony Open,4,11 - Par 3
38,Scott Brown,7,Sony Open,3,11 - Par 3
40,Matt Every,7,Sony Open,1,6 - Par 4 -
41,Nick Taylor,7,Sony Open,1,15 - Par 4
42,Webb Simpson,6,Sony Open,1,18 - Par 5
43,Hudson Swafford,6,Sony Open,1,8 - Par 4 -
44,Harris English,6,Sony Open,1,16 - Par 4
45,J.T. Poston,5,Sony Open,3,2 - Par 4 -
48,Russell Knox,5,Sony Open,4,17 - Par 3
50,Brian Harman,4,Sony Open,3,6 - Par 4 -
