rank,player,Hole outs
1,Kevin Kisner,3
1,Bryce Molder,3
3,Scott Piercy,2
3,Justin Rose,2
3,Webb Simpson,2
3,Justin Thomas,2
7,Daniel Berger,1
7,Scott Brown,1
7,Stewart Cink,1
7,Bryson DeChambeau,1
7,Ken Duke,1
7,Bill Haas,1
7,James Hahn,1
7,Brian Harman,1
7,Jim Herman,1
7,Charles Howell III,1
7,Mackenzie Hughes,1
7,John Huh,1
7,Zach Johnson,1
7,Michael Kim,1
7,Russell Knox,1
7,David Lingmerth,1
7,Ben Martin,1
7,Kevin Na,1
7,J.T. Poston,1
7,Seamus Power,1
7,Chez Reavie,1
7,Jared Sawada,1
7,Daniel Summerhays,1
7,Hudson Swafford,1
7,Hideto Tanihara,1
