rank,player,%,Total Drives for 240-260,Total Drives - Overall,Relative to Par
1,Ben Crane,28.33,17,60,-0.235
2,Webb Simpson,26.67,16,60,-0.125
3,Mark Wilson,25.00,15,60,-0.267
4,Kevin Na,23.33,14,60,E
4,Steve Stricker,23.33,14,60,-0.143
6,Bryce Molder,21.67,13,60,-0.385
6,Rory Sabbatini,21.67,13,60,-0.077
6,Johnson Wagner,21.67,13,60,-0.077
9,K.J. Choi,20.00,12,60,E
9,Nick Watney,20.00,12,60,-0.167
11,Bill Haas,18.33,11,60,E
11,Sean O'Hair,18.33,11,60,+0.182
13,Harrison Frazar,16.67,10,60,+0.200
13,Brendan Steele,16.67,10,60,+0.100
15,Scott Piercy,15.00,9,60,+0.111
16,Aaron Baddeley,13.33,8,60,-0.125
16,Jonathan Byrd,13.33,8,60,-0.125
16,David Toms,13.33,8,60,+0.250
16,Gary Woodland,13.33,8,60,+0.625
20,Chris Kirk,11.67,7,60,-0.143
20,D.A. Points,11.67,7,60,-0.429
20,Scott Stallings,11.67,7,60,+0.429
23,Martin Laird,10.00,6,60,+0.167
23,Bubba Watson,10.00,6,60,+0.500
25,Michael Bradley,8.33,5,60,E
26,Keegan Bradley,5.00,3,60,-0.667
26,Jhonattan Vegas,5.00,3,60,+0.667
