rank,player,%,Total Drives for <= 240,Total Drives - Overall,Relative to Par
1,David Toms,26.67,16,60,+0.188
2,Michael Bradley,25.00,15,60,E
3,Scott Piercy,23.33,14,60,E
4,Keegan Bradley,21.67,13,60,-0.154
4,Kevin Na,21.67,13,60,-0.077
6,K.J. Choi,20.00,12,60,-0.167
6,Mark Wilson,20.00,12,60,E
8,Jonathan Byrd,18.33,11,60,-0.182
8,Bryce Molder,18.33,11,60,-0.273
8,Brendan Steele,18.33,11,60,+0.273
11,Chris Kirk,16.67,10,60,+0.300
11,D.A. Points,16.67,10,60,E
11,Rory Sabbatini,16.67,10,60,E
11,Steve Stricker,16.67,10,60,-0.300
11,Jhonattan Vegas,16.67,10,60,+0.800
11,Johnson Wagner,16.67,10,60,E
17,Sean O'Hair,15.00,9,60,-0.111
17,Nick Watney,15.00,9,60,+0.111
17,Gary Woodland,15.00,9,60,+0.222
20,Bill Haas,13.33,8,60,+0.125
21,Aaron Baddeley,8.33,5,60,+0.600
22,Harrison Frazar,6.67,4,60,-0.250
22,Webb Simpson,6.67,4,60,E
24,Ben Crane,5.00,3,60,+0.667
25,Bubba Watson,1.67,1,60,+2.000
26,Martin Laird,.00,0,60,E
26,Scott Stallings,.00,0,60,E
