rank,player,%,Total Drives for <= 240,Total Drvs - overall,Relative to par
1,Keegan Bradley,25.00,2,8,E
1,K.J. Choi,25.00,2,8,E
1,Kevin Na,25.00,2,8,E
1,D.A. Points,25.00,2,8,E
1,Mark Wilson,25.00,2,8,E
6,Aaron Baddeley,12.50,1,8,+2.00
6,Michael Bradley,12.50,1,8,E
6,Jonathan Byrd,12.50,1,8,+1.00
6,Bryce Molder,12.50,1,8,E
6,Rory Sabbatini,12.50,1,8,+1.00
6,David Toms,12.50,1,8,E
6,Johnson Wagner,12.50,1,8,E
13,Ben Crane,.00,0,8,E
13,Harrison Frazar,.00,0,8,E
13,Bill Haas,.00,0,8,E
13,Chris Kirk,.00,0,8,E
13,Martin Laird,.00,0,8,E
13,Sean O'Hair,.00,0,8,E
13,Scott Piercy,.00,0,8,E
13,Webb Simpson,.00,0,8,E
13,Scott Stallings,.00,0,8,E
13,Brendan Steele,.00,0,8,E
13,Steve Stricker,.00,0,8,E
13,Jhonattan Vegas,.00,0,8,E
13,Nick Watney,.00,0,8,E
13,Bubba Watson,.00,0,8,E
13,Gary Woodland,.00,0,8,E
