rank,player,%,Total Drives for 260-280,Total Drvs - overall,Relative to par
1,Chris Kirk,62.50,5,8,-0.20
2,Aaron Baddeley,50.00,4,8,+0.25
2,Ben Crane,50.00,4,8,+0.75
2,Martin Laird,50.00,4,8,-0.25
2,Bubba Watson,50.00,4,8,E
6,Harrison Frazar,37.50,3,8,-0.67
6,Bill Haas,37.50,3,8,-0.33
6,Kevin Na,37.50,3,8,-0.33
6,David Toms,37.50,3,8,-0.33
10,Keegan Bradley,25.00,2,8,+0.50
10,Michael Bradley,25.00,2,8,E
10,Bryce Molder,25.00,2,8,E
10,Webb Simpson,25.00,2,8,-0.50
10,Scott Stallings,25.00,2,8,-0.50
10,Brendan Steele,25.00,2,8,-0.50
10,Jhonattan Vegas,25.00,2,8,+0.50
10,Johnson Wagner,25.00,2,8,-0.50
10,Nick Watney,25.00,2,8,-1.00
10,Gary Woodland,25.00,2,8,-1.00
20,Jonathan Byrd,12.50,1,8,E
20,Sean O'Hair,12.50,1,8,E
20,D.A. Points,12.50,1,8,-1.00
20,Rory Sabbatini,12.50,1,8,-1.00
20,Mark Wilson,12.50,1,8,E
25,K.J. Choi,.00,0,8,E
25,Scott Piercy,.00,0,8,E
25,Steve Stricker,.00,0,8,E
