rank,player,All Drives,Total Distance,# of Drives
1,Bubba Watson,316.9,"19,016",60
2,Scott Stallings,315.7,"18,945",60
3,Martin Laird,312.3,"18,738",60
4,Aaron Baddeley,306.2,"18,373",60
5,Harrison Frazar,304.9,"18,296",60
6,Jhonattan Vegas,304.4,"18,266",60
7,Keegan Bradley,303.7,"18,223",60
8,Gary Woodland,301.1,"18,066",60
9,Bill Haas,300.4,"18,026",60
10,Sean O'Hair,299.7,"17,979",60
11,Chris Kirk,299.6,"17,978",60
12,Webb Simpson,296.6,"17,796",60
13,Scott Piercy,295.9,"17,757",60
14,Rory Sabbatini,294.4,"17,664",60
15,Ben Crane,293.8,"17,625",60
16,Nick Watney,293.5,"17,612",60
17,Steve Stricker,292.7,"17,562",60
18,Michael Bradley,292.5,"17,552",60
19,Brendan Steele,292.3,"17,539",60
20,Jonathan Byrd,292.2,"17,534",60
21,K.J. Choi,289.1,"17,347",60
22,D.A. Points,288.0,"17,278",60
23,Johnson Wagner,287.9,"17,273",60
24,Bryce Molder,285.8,"17,146",60
25,Mark Wilson,283.6,"17,018",60
26,Kevin Na,283.1,"16,986",60
27,David Toms,278.6,"16,714",60
