rank,player,%,Total Drives for 320+,Total Drives - Overall,Relative to Par
1,Bubba Watson,41.67,25,60,-0.320
2,Keegan Bradley,40.00,24,60,-0.042
2,Martin Laird,40.00,24,60,-0.208
2,Jhonattan Vegas,40.00,24,60,-0.125
5,Harrison Frazar,38.33,23,60,-0.261
5,Chris Kirk,38.33,23,60,-0.261
5,Scott Stallings,38.33,23,60,-0.043
8,Jonathan Byrd,36.67,22,60,-0.182
8,Sean O'Hair,36.67,22,60,-0.227
8,Scott Piercy,36.67,22,60,-0.273
11,Aaron Baddeley,35.00,21,60,-0.381
11,Michael Bradley,35.00,21,60,-0.190
11,Bill Haas,35.00,21,60,-0.238
11,Webb Simpson,35.00,21,60,-0.333
15,Rory Sabbatini,33.33,20,60,-0.250
15,Brendan Steele,33.33,20,60,-0.200
17,K.J. Choi,31.67,19,60,-0.368
17,Ben Crane,31.67,19,60,-0.421
17,Steve Stricker,31.67,19,60,-0.421
17,Nick Watney,31.67,19,60,-0.211
17,Gary Woodland,31.67,19,60,-0.263
22,Johnson Wagner,30.00,18,60,-0.333
23,Kevin Na,28.33,17,60,-0.588
23,D.A. Points,28.33,17,60,-0.176
25,Bryce Molder,26.67,16,60,-0.188
26,Mark Wilson,25.00,15,60,-0.067
27,David Toms,20.00,12,60,-0.083
