rank,player,%,Total Drives for 300-320,Total Drives - Overall,Relative to Par
1,Harrison Frazar,13.33,8,60,-0.375
2,Gary Woodland,11.67,7,60,-0.571
3,Bubba Watson,10.00,6,60,-0.167
4,Aaron Baddeley,8.33,5,60,-0.200
4,Martin Laird,8.33,5,60,-0.800
4,Bryce Molder,8.33,5,60,+0.400
4,Jhonattan Vegas,8.33,5,60,E
4,Nick Watney,8.33,5,60,-0.400
9,Brendan Steele,6.67,4,60,E
9,David Toms,6.67,4,60,-0.250
9,Johnson Wagner,6.67,4,60,E
12,Michael Bradley,5.00,3,60,E
12,Sean O'Hair,5.00,3,60,-0.333
12,D.A. Points,5.00,3,60,-0.333
12,Scott Stallings,5.00,3,60,E
12,Mark Wilson,5.00,3,60,E
17,Keegan Bradley,3.33,2,60,E
17,Bill Haas,3.33,2,60,-0.500
17,Kevin Na,3.33,2,60,E
17,Rory Sabbatini,3.33,2,60,+1.500
17,Steve Stricker,3.33,2,60,-0.500
22,K.J. Choi,1.67,1,60,E
22,Ben Crane,1.67,1,60,E
22,Chris Kirk,1.67,1,60,+1.000
22,Scott Piercy,1.67,1,60,-1.000
22,Webb Simpson,1.67,1,60,E
27,Jonathan Byrd,.00,0,60,E
