rank,player,%,Total Drives for 280-300,Total Drives - Overall,Relative to Par
1,Martin Laird,20.00,12,60,-0.667
1,Scott Stallings,20.00,12,60,-0.417
1,Bubba Watson,20.00,12,60,-0.417
4,Aaron Baddeley,18.33,11,60,-0.545
4,Scott Piercy,18.33,11,60,-0.273
4,David Toms,18.33,11,60,+0.182
7,Sean O'Hair,16.67,10,60,-0.300
7,Steve Stricker,16.67,10,60,-0.700
9,Keegan Bradley,15.00,9,60,-0.778
9,Bill Haas,15.00,9,60,-0.111
9,D.A. Points,15.00,9,60,-0.111
9,Rory Sabbatini,15.00,9,60,-0.667
13,Ben Crane,13.33,8,60,-0.375
13,Webb Simpson,13.33,8,60,-0.500
13,Nick Watney,13.33,8,60,-0.250
13,Gary Woodland,13.33,8,60,E
17,Michael Bradley,11.67,7,60,-0.143
17,K.J. Choi,11.67,7,60,-0.429
17,Harrison Frazar,11.67,7,60,-0.571
20,Bryce Molder,10.00,6,60,-0.833
20,Jhonattan Vegas,10.00,6,60,E
20,Mark Wilson,10.00,6,60,-0.167
23,Brendan Steele,8.33,5,60,-0.200
24,Jonathan Byrd,6.67,4,60,-0.250
24,Johnson Wagner,6.67,4,60,E
26,Chris Kirk,5.00,3,60,-0.667
27,Kevin Na,3.33,2,60,-0.500
