rank,player,%,Total Drives for 300+,Total Drvs - overall,Relative to par
1,Bubba Watson,50.00,4,8,-0.50
2,Martin Laird,37.50,3,8,-0.67
2,Jhonattan Vegas,37.50,3,8,-0.67
2,Gary Woodland,37.50,3,8,-0.33
5,Aaron Baddeley,25.00,2,8,-0.50
5,Keegan Bradley,25.00,2,8,-0.50
5,Harrison Frazar,25.00,2,8,-0.50
8,Scott Stallings,12.50,1,8,E
8,Brendan Steele,12.50,1,8,E
8,Nick Watney,12.50,1,8,E
11,Michael Bradley,.00,0,8,E
11,Jonathan Byrd,.00,0,8,E
11,K.J. Choi,.00,0,8,E
11,Ben Crane,.00,0,8,E
11,Bill Haas,.00,0,8,E
11,Chris Kirk,.00,0,8,E
11,Bryce Molder,.00,0,8,E
11,Kevin Na,.00,0,8,E
11,Sean O'Hair,.00,0,8,E
11,Scott Piercy,.00,0,8,E
11,D.A. Points,.00,0,8,E
11,Rory Sabbatini,.00,0,8,E
11,Webb Simpson,.00,0,8,E
11,Steve Stricker,.00,0,8,E
11,David Toms,.00,0,8,E
11,Johnson Wagner,.00,0,8,E
11,Mark Wilson,.00,0,8,E
