rank,player,Avg,Total Distance,Total Drives
1,Bubba Watson,296.4,"2,371",8
2,Jhonattan Vegas,293.4,"2,347",8
3,Martin Laird,285.3,"2,282",8
4,Harrison Frazar,281.5,"2,252",8
5,Keegan Bradley,279.0,"2,232",8
6,Scott Stallings,276.1,"2,209",8
7,Aaron Baddeley,276.0,"2,208",8
7,Gary Woodland,276.0,"2,208",8
9,Bill Haas,275.6,"2,205",8
10,Ben Crane,273.0,"2,184",8
11,Brendan Steele,272.0,"2,176",8
12,Nick Watney,270.1,"2,161",8
13,Scott Piercy,269.6,"2,157",8
14,Michael Bradley,269.1,"2,153",8
15,Steve Stricker,268.3,"2,146",8
16,Sean O'Hair,268.1,"2,145",8
17,Rory Sabbatini,265.9,"2,127",8
18,Chris Kirk,264.6,"2,117",8
19,Jonathan Byrd,264.0,"2,112",8
20,Webb Simpson,263.8,"2,110",8
21,Johnson Wagner,262.3,"2,098",8
22,Bryce Molder,262.0,"2,096",8
23,K.J. Choi,261.9,"2,095",8
24,D.A. Points,261.4,"2,091",8
25,David Toms,258.8,"2,070",8
26,Kevin Na,255.6,"2,045",8
27,Mark Wilson,250.6,"2,005",8
