rank,player,%,Total Drives for 240-260,Total Drvs - overall,Relative to par
1,Mark Wilson,62.50,5,8,-0.20
2,Sean O'Hair,50.00,4,8,+0.50
2,Scott Piercy,50.00,4,8,+0.25
2,Webb Simpson,50.00,4,8,-0.25
2,Steve Stricker,50.00,4,8,-0.25
6,Jonathan Byrd,37.50,3,8,-0.33
6,Chris Kirk,37.50,3,8,-0.33
6,Bryce Molder,37.50,3,8,E
6,Kevin Na,37.50,3,8,-0.33
6,Rory Sabbatini,37.50,3,8,E
6,Scott Stallings,37.50,3,8,E
6,Brendan Steele,37.50,3,8,E
6,David Toms,37.50,3,8,-0.33
6,Johnson Wagner,37.50,3,8,+0.33
6,Nick Watney,37.50,3,8,E
6,Gary Woodland,37.50,3,8,+0.33
17,Michael Bradley,25.00,2,8,E
17,K.J. Choi,25.00,2,8,-0.50
17,Bill Haas,25.00,2,8,-0.50
17,D.A. Points,25.00,2,8,E
21,Ben Crane,12.50,1,8,+1.00
21,Harrison Frazar,12.50,1,8,E
23,Aaron Baddeley,.00,0,8,E
23,Keegan Bradley,.00,0,8,E
23,Martin Laird,.00,0,8,E
23,Jhonattan Vegas,.00,0,8,E
23,Bubba Watson,.00,0,8,E
