rank,player,%,Total Drives for 260-280,Total Drives - Overall,Relative to Par
1,Chris Kirk,26.67,16,60,-0.563
2,Jonathan Byrd,25.00,15,60,-0.733
2,Scott Stallings,25.00,15,60,-0.333
4,D.A. Points,23.33,14,60,-0.429
5,Martin Laird,21.67,13,60,-0.385
6,Ben Crane,20.00,12,60,+0.250
6,Kevin Na,20.00,12,60,-0.167
6,Jhonattan Vegas,20.00,12,60,-0.250
9,Johnson Wagner,18.33,11,60,-0.636
10,Aaron Baddeley,16.67,10,60,+0.600
10,Webb Simpson,16.67,10,60,-0.400
10,Brendan Steele,16.67,10,60,-0.200
10,Bubba Watson,16.67,10,60,-0.200
14,Keegan Bradley,15.00,9,60,-0.111
14,Michael Bradley,15.00,9,60,-0.111
14,K.J. Choi,15.00,9,60,-0.333
14,Bill Haas,15.00,9,60,-0.333
14,Bryce Molder,15.00,9,60,-0.333
14,David Toms,15.00,9,60,-0.222
14,Mark Wilson,15.00,9,60,-0.556
14,Gary Woodland,15.00,9,60,-0.222
22,Harrison Frazar,13.33,8,60,-0.500
23,Nick Watney,11.67,7,60,-0.429
24,Rory Sabbatini,10.00,6,60,-0.333
25,Sean O'Hair,8.33,5,60,-0.200
25,Steve Stricker,8.33,5,60,-0.600
27,Scott Piercy,5.00,3,60,-1.000
