rank,player,Distance,Tournament,Round,Hole,Course
1,Gary Woodland,450,Hyundai T of C,1,18,656
2,Bubba Watson,427,Hyundai T of C,1,12,656
3,Keegan Bradley,421,Hyundai T of C,2,18,656
3,Michael Bradley,421,Hyundai T of C,2,7,656
5,Martin Laird,420,Hyundai T of C,1,12,656
6,Sean O'Hair,415,Hyundai T of C,3,18,656
6,Jhonattan Vegas,415,Hyundai T of C,2,12,656
8,Johnson Wagner,414,Hyundai T of C,4,7,656
9,Steve Stricker,411,Hyundai T of C,2,7,656
10,Aaron Baddeley,409,Hyundai T of C,2,18,656
10,Webb Simpson,409,Hyundai T of C,3,7,656
12,Harrison Frazar,408,Hyundai T of C,2,7,656
12,Rory Sabbatini,408,Hyundai T of C,1,7,656
14,Kevin Na,404,Hyundai T of C,1,18,656
15,Nick Watney,403,Hyundai T of C,3,12,656
16,Scott Piercy,402,Hyundai T of C,3,12,656
17,Chris Kirk,401,Hyundai T of C,3,18,656
17,Scott Stallings,401,Hyundai T of C,1,12,656
19,Bill Haas,400,Hyundai T of C,1,7,656
20,Bryce Molder,399,Hyundai T of C,1,7,656
21,Brendan Steele,398,Hyundai T of C,2,6,656
22,D.A. Points,396,Hyundai T of C,1,7,656
22,Mark Wilson,396,Hyundai T of C,1,7,656
24,Jonathan Byrd,395,Hyundai T of C,2,18,656
24,K.J. Choi,395,Hyundai T of C,1,7,656
26,Ben Crane,388,Hyundai T of C,4,7,656
27,David Toms,375,Hyundai T of C,3,7,656
