rank,player,%,Total Drives for 280-300,Total Drvs - overall,Relative to par
1,K.J. Choi,50.00,4,8,-1.00
1,Scott Piercy,50.00,4,8,-0.25
1,Steve Stricker,50.00,4,8,-1.00
4,Michael Bradley,37.50,3,8,-0.33
4,Jonathan Byrd,37.50,3,8,-0.33
4,Ben Crane,37.50,3,8,-0.67
4,Bill Haas,37.50,3,8,-0.33
4,Sean O'Hair,37.50,3,8,-1.00
4,D.A. Points,37.50,3,8,-0.33
4,Rory Sabbatini,37.50,3,8,-1.00
4,Jhonattan Vegas,37.50,3,8,E
12,Keegan Bradley,25.00,2,8,-0.50
12,Harrison Frazar,25.00,2,8,-1.00
12,Bryce Molder,25.00,2,8,-0.50
12,Webb Simpson,25.00,2,8,-0.50
12,Scott Stallings,25.00,2,8,+0.50
12,Brendan Steele,25.00,2,8,-0.50
12,Johnson Wagner,25.00,2,8,-0.50
12,Nick Watney,25.00,2,8,E
20,Aaron Baddeley,12.50,1,8,E
20,Martin Laird,12.50,1,8,-1.00
20,David Toms,12.50,1,8,+1.00
23,Chris Kirk,.00,0,8,E
23,Kevin Na,.00,0,8,E
23,Bubba Watson,.00,0,8,E
23,Mark Wilson,.00,0,8,E
23,Gary Woodland,.00,0,8,E
