rank,player,%,Total Drives for 320+,Total Drvs - overall,Relative to par
1,Keegan Bradley,12.50,1,8,-1.00
1,Martin Laird,12.50,1,8,E
1,Jhonattan Vegas,12.50,1,8,-1.00
1,Bubba Watson,12.50,1,8,-1.00
5,Aaron Baddeley,.00,0,8,E
5,Michael Bradley,.00,0,8,E
5,Jonathan Byrd,.00,0,8,E
5,K.J. Choi,.00,0,8,E
5,Ben Crane,.00,0,8,E
5,Harrison Frazar,.00,0,8,E
5,Bill Haas,.00,0,8,E
5,Chris Kirk,.00,0,8,E
5,Bryce Molder,.00,0,8,E
5,Kevin Na,.00,0,8,E
5,Sean O'Hair,.00,0,8,E
5,Scott Piercy,.00,0,8,E
5,D.A. Points,.00,0,8,E
5,Rory Sabbatini,.00,0,8,E
5,Webb Simpson,.00,0,8,E
5,Scott Stallings,.00,0,8,E
5,Brendan Steele,.00,0,8,E
5,Steve Stricker,.00,0,8,E
5,David Toms,.00,0,8,E
5,Johnson Wagner,.00,0,8,E
5,Nick Watney,.00,0,8,E
5,Mark Wilson,.00,0,8,E
5,Gary Woodland,.00,0,8,E
