rank,player,Avg,Total Apex Range,Total Attempts
1,Bryson DeChambeau,212.5,"1,062.3",5
2,Brooks Koepka,198.0,396.0,2
3,Lucas Herbert,195.6,782.5,4
4,Stewart Cink,194.7,584.1,3
5,Justin Thomas,193.0,965.0,5
6,Garrick Higgo,192.4,577.2,3
7,K.H. Lee,191.9,959.7,5
8,Sam Burns,190.8,954.2,5
9,Jon Rahm,190.7,762.7,4
10,Tony Finau,190.4,761.6,4
11,Jordan Spieth,187.6,750.4,4
12,Cam Davis,186.5,745.8,4
13,Cameron Smith,186.4,932.2,5
14,Xander Schauffele,185.9,557.7,3
15,Jason Kokrak,185.4,741.5,4
16,Max Homa,185.0,739.8,4
17,Seamus Power,184.0,735.8,4
18,Matt Jones,183.5,917.4,5
19,Phil Mickelson,183.1,732.6,4
20,Joel Dahmen,182.8,548.4,3
20,Sungjae Im,182.8,731.3,4
22,Erik van Rooyen,182.7,548.0,3
23,Harris English,180.5,721.9,4
23,Hideki Matsuyama,180.5,721.9,4
25,Kevin Kisner,180.4,360.9,2
26,Marc Leishman,179.8,719.0,4
27,Lucas Glover,179.1,537.2,3
28,Patrick Cantlay,177.0,884.9,5
29,Daniel Berger,175.8,703.2,4
29,Si Woo Kim,175.8,527.4,3
31,Billy Horschel,175.3,"1,051.6",6
32,Collin Morikawa,175.1,525.3,3
33,Kevin Na,174.6,698.5,4
34,Talor Gooch,174.5,349.0,2
35,Patrick Reed,173.8,869.0,5
36,Branden Grace,170.1,510.3,3
37,Viktor Hovland,169.8,339.7,2
38,Abraham Ancer,166.1,332.2,2
