rank,player,Avg,Total Dist. to Impact,Total Attempts
1,Bryson DeChambeau,298.2,"1,490.8",5
2,Brooks Koepka,287.8,575.6,2
3,Justin Thomas,280.4,"1,402.0",5
4,Garrick Higgo,278.4,835.3,3
5,Jon Rahm,278.0,"1,112.2",4
6,Cam Davis,277.6,"1,110.6",4
7,Stewart Cink,276.8,830.4,3
8,Cameron Smith,275.6,"1,377.9",5
9,Sam Burns,275.2,"1,375.8",5
10,K.H. Lee,274.7,"1,373.4",5
11,Jordan Spieth,270.6,"1,082.6",4
12,Jason Kokrak,270.0,"1,080.1",4
13,Lucas Herbert,269.4,"1,077.4",4
14,Tony Finau,268.8,"1,075.4",4
15,Sungjae Im,266.8,"1,067.3",4
16,Xander Schauffele,266.3,798.8,3
17,Erik van Rooyen,265.0,795.1,3
18,Phil Mickelson,264.7,"1,058.6",4
19,Seamus Power,264.4,"1,057.5",4
20,Hideki Matsuyama,262.8,"1,051.2",4
21,Joel Dahmen,262.4,787.2,3
22,Billy Horschel,262.1,"1,572.6",6
23,Marc Leishman,260.1,"1,040.4",4
24,Collin Morikawa,259.8,779.3,3
25,Patrick Cantlay,259.3,"1,296.6",5
25,Max Homa,259.3,"1,037.2",4
27,Si Woo Kim,258.5,775.5,3
28,Matt Jones,258.4,"1,291.9",5
29,Lucas Glover,257.4,772.3,3
30,Talor Gooch,257.1,514.3,2
31,Kevin Kisner,255.4,510.8,2
32,Kevin Na,254.1,"1,016.2",4
33,Harris English,253.5,"1,013.8",4
34,Viktor Hovland,251.2,502.4,2
35,Daniel Berger,249.7,999.0,4
36,Abraham Ancer,247.6,495.2,2
37,Patrick Reed,243.0,"1,215.2",5
38,Branden Grace,241.1,723.4,3
