rank,player,Avg,Total Club Head Speed,Total Attempts
1,Bryson DeChambeau,133.37,533.47,4
2,Lucas Herbert,122.72,490.89,4
3,Brooks Koepka,120.27,240.53,2
4,Jon Rahm,119.14,357.42,3
5,Max Homa,118.96,475.86,4
6,Garrick Higgo,118.80,356.39,3
7,Tony Finau,118.32,354.97,3
8,Talor Gooch,118.13,236.26,2
9,Daniel Berger,117.80,353.39,3
10,Cam Davis,117.39,352.18,3
11,Stewart Cink,116.99,233.97,2
12,Xander Schauffele,116.86,350.58,3
13,Cameron Smith,116.52,466.06,4
14,Matt Jones,116.26,581.30,5
15,Seamus Power,116.17,348.51,3
16,Sungjae Im,116.06,348.19,3
17,Justin Thomas,116.02,580.11,5
18,Patrick Cantlay,116.00,348.01,3
19,Erik van Rooyen,115.84,347.52,3
20,Sam Burns,115.78,578.90,5
21,Jason Kokrak,115.27,461.07,4
22,Jordan Spieth,115.18,460.72,4
23,Harris English,114.68,344.04,3
24,Marc Leishman,114.54,458.17,4
25,K.H. Lee,114.45,572.24,5
25,Collin Morikawa,114.45,343.35,3
27,Viktor Hovland,114.36,114.36,1
28,Patrick Reed,114.23,456.93,4
29,Hideki Matsuyama,113.98,341.94,3
30,Phil Mickelson,113.96,341.88,3
31,Si Woo Kim,113.83,341.49,3
32,Billy Horschel,113.52,567.62,5
33,Branden Grace,112.80,112.80,1
34,Kevin Na,112.37,449.49,4
35,Lucas Glover,112.13,336.38,3
36,Joel Dahmen,111.11,333.33,3
37,Kevin Kisner,110.57,221.13,2
38,Abraham Ancer,107.62,215.25,2
