rank,player,Combined Rank,Carry Efficiency Rank,Total Dist. Effic. Rank
1,Cam Davis,7,6,1
2,Sam Burns,8,4,4
3,Justin Thomas,9,1,8
4,Garrick Higgo,12,10,2
5,Joel Dahmen,17,8,9
5,Brooks Koepka,17,3,14
5,Jon Rahm,17,12,5
5,Cameron Smith,17,6,11
9,Stewart Cink,19,5,14
10,Lucas Glover,22,19,3
11,K.H. Lee,23,2,21
12,Billy Horschel,28,15,13
12,Sungjae Im,28,18,10
12,Jason Kokrak,28,11,17
15,Marc Leishman,31,24,7
16,Kevin Kisner,32,14,18
17,Jordan Spieth,33,9,24
18,Seamus Power,34,22,12
19,Phil Mickelson,35,13,22
20,Viktor Hovland,38,32,6
21,Hideki Matsuyama,39,16,23
22,Collin Morikawa,42,26,16
23,Si Woo Kim,43,24,19
24,Abraham Ancer,45,17,28
25,Xander Schauffele,48,21,27
26,Erik van Rooyen,50,20,30
27,Kevin Na,53,27,26
28,Patrick Cantlay,54,29,25
29,Tony Finau,56,23,33
30,Daniel Berger,57,38,19
31,Matt Jones,58,30,28
32,Bryson DeChambeau,63,28,35
33,Harris English,65,31,34
33,Max Homa,65,34,31
35,Talor Gooch,67,35,32
36,Lucas Herbert,71,33,38
37,Branden Grace,73,36,37
37,Patrick Reed,73,37,36
