rank,player,Avg,Total Vert. Launch Angle,Total Attempts
1,Jason Kokrak,12.72,50.88,4
2,Viktor Hovland,12.61,25.23,2
3,Billy Horschel,12.59,75.52,6
4,Abraham Ancer,12.52,25.05,2
5,Cam Davis,12.51,50.05,4
6,Erik van Rooyen,12.25,36.76,3
7,Cameron Smith,11.94,59.69,5
8,Jon Rahm,11.84,47.35,4
9,Phil Mickelson,11.80,47.18,4
10,Kevin Kisner,11.40,22.80,2
11,Hideki Matsuyama,11.29,45.16,4
12,Justin Thomas,11.12,55.60,5
13,Sam Burns,10.93,54.67,5
14,K.H. Lee,10.83,54.15,5
15,Kevin Na,10.81,43.22,4
16,Joel Dahmen,10.75,32.26,3
17,Bryson DeChambeau,10.63,53.13,5
18,Brooks Koepka,10.43,20.85,2
19,Collin Morikawa,10.38,31.15,3
20,Sungjae Im,10.35,41.39,4
21,Tony Finau,10.28,41.13,4
22,Marc Leishman,10.25,41.02,4
23,Jordan Spieth,10.15,40.62,4
24,Xander Schauffele,10.13,30.38,3
25,Stewart Cink,10.09,30.28,3
26,Garrick Higgo,9.94,29.81,3
27,Talor Gooch,9.80,19.59,2
28,Lucas Glover,9.31,27.92,3
29,Si Woo Kim,9.22,27.66,3
30,Seamus Power,8.97,35.88,4
31,Patrick Cantlay,8.83,44.14,5
32,Harris English,8.73,34.93,4
33,Daniel Berger,8.64,34.54,4
34,Patrick Reed,8.15,40.77,5
35,Branden Grace,8.00,24.01,3
36,Matt Jones,7.68,38.40,5
37,Max Homa,6.74,26.98,4
38,Lucas Herbert,6.63,26.53,4
