rank,player,Avg,Total Spin Speed,Total Attempts
1,Bryson DeChambeau,"3,138.4","15,692",5
2,Max Homa,"3,094.0","3,094",1
3,Brooks Koepka,"3,079.0","3,079",1
4,Lucas Herbert,"2,873.7","8,621",3
5,Patrick Reed,"2,861.2","14,306",5
6,Talor Gooch,"2,762.0","2,762",1
7,Tony Finau,"2,723.8","10,895",4
8,Stewart Cink,"2,674.0","8,022",3
9,Kevin Kisner,"2,655.5","5,311",2
10,K.H. Lee,"2,614.3","10,457",4
11,Kevin Na,"2,602.0","7,806",3
12,Harris English,"2,580.0","7,740",3
13,Jon Rahm,"2,535.0","2,535",1
14,Seamus Power,"2,521.3","7,564",3
15,Sam Burns,"2,517.6","12,588",5
16,Jason Kokrak,"2,507.3","10,029",4
17,Branden Grace,"2,492.0","4,984",2
18,Sungjae Im,"2,471.3","9,885",4
19,Patrick Cantlay,"2,469.5","4,939",2
20,Joel Dahmen,"2,448.0","4,896",2
21,Justin Thomas,"2,429.5","9,718",4
22,Daniel Berger,"2,426.7","7,280",3
23,Cam Davis,"2,381.0","9,524",4
24,Hideki Matsuyama,"2,375.5","9,502",4
25,Xander Schauffele,"2,343.0","2,343",1
26,Viktor Hovland,"2,331.0","2,331",1
27,Matt Jones,"2,311.5","9,246",4
28,Lucas Glover,"2,290.5","4,581",2
29,Jordan Spieth,"2,228.7","6,686",3
30,Cameron Smith,"2,187.5","4,375",2
31,Marc Leishman,"2,121.3","6,364",3
32,Si Woo Kim,"2,101.0","6,303",3
33,Billy Horschel,"2,094.8","8,379",4
34,Garrick Higgo,"2,079.3","6,238",3
35,Erik van Rooyen,"2,058.0","2,058",1
36,Collin Morikawa,"2,020.7","6,062",3
37,Phil Mickelson,"1,980.5","3,961",2
38,Abraham Ancer,"1,870.0","1,870",1
