rank,player,Avg,Total Actual Hang Time,Total Attempts
1,Bryson DeChambeau,7.5,37.7,5
2,Tony Finau,7.1,28.4,4
3,Kevin Kisner,6.6,13.2,2
4,Stewart Cink,6.5,19.5,3
5,Sam Burns,6.4,31.8,5
6,Lucas Herbert,6.2,25.0,4
6,Brooks Koepka,6.2,12.3,2
6,K.H. Lee,6.2,30.9,5
9,Jason Kokrak,6.1,24.6,4
9,Marc Leishman,6.1,24.3,4
11,Garrick Higgo,6.0,18.1,3
11,Patrick Reed,6.0,29.8,5
13,Joel Dahmen,5.9,17.7,3
13,Lucas Glover,5.9,17.6,3
15,Harris English,5.8,23.4,4
16,Cam Davis,5.7,22.8,4
16,Erik van Rooyen,5.7,17.0,3
18,Sungjae Im,5.6,22.3,4
18,Jordan Spieth,5.6,22.5,4
20,Cameron Smith,5.5,27.3,5
21,Matt Jones,5.4,26.8,5
21,Xander Schauffele,5.4,16.3,3
21,Justin Thomas,5.4,27.0,5
24,Abraham Ancer,5.3,10.6,2
24,Patrick Cantlay,5.3,26.7,5
24,Seamus Power,5.3,21.2,4
27,Branden Grace,5.2,15.7,3
27,Kevin Na,5.2,20.6,4
29,Billy Horschel,5.1,30.7,6
29,Phil Mickelson,5.1,20.2,4
29,Jon Rahm,5.1,20.3,4
32,Collin Morikawa,5.0,15.1,3
33,Si Woo Kim,4.9,14.8,3
34,Daniel Berger,4.8,19.2,4
34,Max Homa,4.8,19.2,4
34,Hideki Matsuyama,4.8,19.4,4
37,Viktor Hovland,4.5,9.0,2
38,Talor Gooch,3.0,6.0,2
