rank,player,%,Attempts,RTP-Going for the green,RTP-Not going for the grn
1,Ángel Cabrera,100.00,8,-8,E
1,Mark Calcavecchia,100.00,8,-3,E
1,Tim Clark,100.00,8,-4,E
1,Ernie Els,100.00,8,-6,E
1,Retief Goosen,100.00,8,-7,E
1,Paul Goydos,100.00,8,-4,E
1,Dustin Johnson,100.00,8,-9,E
1,Tom Lehman,100.00,8,-5,E
1,Davis Love III,100.00,8,-5,E
1,Nick O'Hern,100.00,8,-6,E
1,Corey Pavin,100.00,8,-6,E
1,Vijay Singh,100.00,8,-9,E
1,Bubba Watson,100.00,8,-8,E
1,Y.E. Yang,100.00,8,-6,E
15,Robert Allenby,87.50,7,-4,-1
15,Stephen Ames,87.50,7,-4,E
15,Woody Austin,87.50,7,-7,E
15,K.J. Choi,87.50,7,-5,-1
15,Brian Davis,87.50,7,-4,E
15,Graham DeLaet,87.50,7,-6,+1
15,Jason Dufner,87.50,7,-5,E
15,Nathan Green,87.50,7,-7,-1
15,Charles Howell III,87.50,7,-5,E
15,Marc Leishman,87.50,7,-6,E
15,Troy Matteson,87.50,7,-6,+2
15,Troy Merritt,87.50,7,-5,E
15,Joe Ogilvie,87.50,7,-6,E
15,John Rollins,87.50,7,-5,E
15,Justin Rose,87.50,7,-5,-1
15,Rory Sabbatini,87.50,7,-6,E
15,Steve Stricker,87.50,7,-6,E
15,Brian Stuard,87.50,7,-4,E
15,Roger Tambellini,87.50,7,-5,E
15,David Toms,87.50,7,-4,-1
15,Dean Wilson,87.50,7,-2,E
36,Briny Baird,75.00,6,-5,-1
36,Ricky Barnes,75.00,6,-5,E
36,Henrik Bjornstad,75.00,6,-4,E
36,Chad Campbell,75.00,6,-4,-1
36,Jim Carter,75.00,6,-4,-1
36,Stewart Cink,75.00,6,-5,E
36,Chad Collins,75.00,6,-6,E
36,Martin Flores,75.00,6,-4,E
36,Ryuji Imada,75.00,6,-4,-1
36,Kevin Johnson,75.00,6,-4,+2
36,Richard Johnson,75.00,6,-5,-1
36,Zach Johnson,75.00,6,-4,E
36,Jeff Klauk,75.00,6,-4,E
36,WC Liang,75.00,6,-6,-1
36,David Lutterus,75.00,6,-4,-1
36,Jeff Maggert,75.00,6,-2,E
36,John Merrick,75.00,6,-5,-2
36,Kevin Na,75.00,6,-4,E
36,Ryuichi Oda,75.00,6,-3,E
36,Pat Perez,75.00,6,-6,+1
36,Carl Pettersson,75.00,6,-1,-1
36,Jeff Quinney,75.00,6,-5,E
36,Chris Tidland,75.00,6,-4,E
36,Omar Uresti,75.00,6,-5,+1
36,Boo Weekley,75.00,6,-5,+1
36,Mark Wilson,75.00,6,-3,E
62,Blake Adams,62.50,5,-3,-1
62,Michael Allen,62.50,5,-4,-1
62,Shane Bertsch,62.50,5,-4,-1
62,Jason Day,62.50,5,-4,-1
62,Tom Gillis,62.50,5,-4,-1
67,Bob Estes,50.00,4,-3,-1
67,Spencer Levin,50.00,4,-1,E
67,Ryan Palmer,50.00,4,-4,-1
70,Rich Barcelo,37.50,3,-3,E
71,Brian Gay,25.00,2,-1,-2
