rank,player,Avg,Total Dist after GFG Shot,Total GFG Shots
1,Pat Perez,8.8,"1,897.000",6
2,Chad Collins,10.5,"2,269.000",6
3,WC Liang,10.7,"2,314.000",6
4,Jason Dufner,11.4,"2,877.000",7
5,Jeff Quinney,12.0,"2,599.000",6
6,Rich Barcelo,13.2,"1,426.000",3
7,Y.E. Yang,13.9,"3,999.000",8
8,Rory Sabbatini,14.4,"3,625.000",7
9,Tom Gillis,14.6,"2,623.000",5
10,Woody Austin,14.9,"3,757.000",7
11,K.J. Choi,15.1,"3,799.000",7
12,John Merrick,15.2,"3,821.000",7
13,Boo Weekley,15.5,"3,342.000",6
14,Nathan Green,15.6,"3,930.000",7
15,Ernie Els,15.7,"4,523.000",8
16,Spencer Levin,15.9,"2,296.000",4
17,Troy Matteson,16.1,"4,625.000",8
18,Graham DeLaet,16.3,"4,703.000",8
19,Briny Baird,16.5,"3,556.000",6
20,Stephen Ames,16.6,"4,195.000",7
21,Ryuji Imada,16.9,"3,652.000",6
22,Zach Johnson,17.0,"3,668.000",6
23,Richard Johnson,17.1,"3,687.000",6
24,Justin Rose,17.2,"4,344.000",7
25,Joe Ogilvie,17.3,"4,355.000",7
26,Chad Campbell,17.5,"3,773.000",6
26,Dustin Johnson,17.5,"6,307.000",10
26,Davis Love III,17.5,"5,030.000",8
29,Henrik Bjornstad,17.6,"3,798.000",6
30,Mark Wilson,17.8,"3,845.000",6
31,Jeff Maggert,18.2,"3,935.000",6
32,Blake Adams,18.5,"3,328.000",5
32,Tom Lehman,18.5,"5,326.000",8
34,Corey Pavin,18.6,"5,348.000",8
35,Chris Tidland,18.8,"4,063.000",6
36,Michael Allen,18.9,"3,397.000",5
37,Charles Howell III,19.1,"4,819.000",7
38,Martin Flores,19.3,"4,852.000",7
39,David Lutterus,19.6,"4,239.000",6
40,Bob Estes,19.7,"2,835.000",4
40,Kevin Johnson,19.7,"4,249.000",6
40,Kevin Na,19.7,"4,251.000",6
43,Jim Carter,19.8,"4,276.000",6
44,Troy Merritt,20.1,"5,787.000",8
45,Jeff Klauk,20.3,"4,382.000",6
46,Paul Goydos,20.4,"5,880.000",8
47,Omar Uresti,20.9,"4,524.000",6
48,Ryan Palmer,21.1,"3,798.000",5
49,Ricky Barnes,21.7,"4,682.000",6
49,David Toms,21.7,"5,471.000",7
51,Nick O'Hern,21.8,"6,290.000",8
51,Carl Pettersson,21.8,"4,710.000",6
53,Vijay Singh,22.0,"7,905.000",10
54,Retief Goosen,22.2,"7,194.000",9
55,Ángel Cabrera,22.5,"8,082.000",10
56,Brian Davis,23.0,"5,787.000",7
57,Robert Allenby,23.3,"5,870.000",7
58,Ryuichi Oda,23.8,"5,146.000",6
59,Steve Stricker,24.2,"6,092.000",7
60,Marc Leishman,24.5,"7,064.000",8
61,Shane Bertsch,24.8,"4,455.000",5
62,Bubba Watson,25.4,"10,952.000",12
63,John Rollins,25.5,"7,353.000",8
64,Mark Calcavecchia,25.6,"7,372.000",8
65,Brian Stuard,26.0,"6,543.000",7
66,Tim Clark,26.1,"7,517.000",8
67,Roger Tambellini,26.4,"6,646.000",7
67,Dean Wilson,26.4,"6,662.000",7
69,Stewart Cink,27.0,"6,802.000",7
70,Jason Day,27.1,"5,859.000",6
71,Brian Gay,31.6,"2,278.000",2
