rank,player,%,# of Birdie or Better,Attempts,RTP-Successes,RTP-Not going for the grn
1,Rich Barcelo,100.00,3,3,-3,E
1,Chad Collins,100.00,6,6,-6,E
1,Pat Perez,100.00,6,6,-6,+1.00
4,Woody Austin,85.71,6,7,-7,E
4,Nathan Green,85.71,6,7,-7,-1.00
4,Rory Sabbatini,85.71,6,7,-6,E
4,Steve Stricker,85.71,6,7,-6,E
4,Roger Tambellini,85.71,6,7,-6,E
9,Ricky Barnes,83.33,5,6,-5,E
9,Kevin Johnson,83.33,5,6,-5,+2.00
9,Richard Johnson,83.33,5,6,-5,-1.00
9,Jeff Quinney,83.33,5,6,-5,E
9,Boo Weekley,83.33,5,6,-5,+1.00
14,Michael Allen,80.00,4,5,-4,-1.00
14,Shane Bertsch,80.00,4,5,-4,-1.00
14,Tom Gillis,80.00,4,5,-4,-1.00
14,Dustin Johnson,80.00,8,10,-9,E
14,Ryan Palmer,80.00,4,5,-4,-1.00
19,Retief Goosen,77.78,7,9,-7,E
20,Graham DeLaet,75.00,6,8,-6,+1.00
20,Ernie Els,75.00,6,8,-6,E
20,Bob Estes,75.00,3,4,-3,-1.00
20,Troy Matteson,75.00,6,8,-6,+2.00
20,Nick O'Hern,75.00,6,8,-6,E
20,Corey Pavin,75.00,6,8,-6,E
20,Y.E. Yang,75.00,6,8,-7,E
27,Jason Dufner,71.43,5,7,-5,E
27,Charles Howell III,71.43,5,7,-5,E
27,John Merrick,71.43,5,7,-5,-2.00
27,Justin Rose,71.43,5,7,-5,-1.00
31,Ángel Cabrera,70.00,7,10,-8,E
31,Vijay Singh,70.00,7,10,-9,E
33,Briny Baird,66.67,4,6,-5,-1.00
33,Henrik Bjornstad,66.67,4,6,-4,E
33,Chad Campbell,66.67,4,6,-4,-1.00
33,Jim Carter,66.67,4,6,-4,-1.00
33,Jason Day,66.67,4,6,-4,-1.00
33,Ryuji Imada,66.67,4,6,-4,-1.00
33,Zach Johnson,66.67,4,6,-4,E
33,WC Liang,66.67,4,6,-6,-1.00
33,David Lutterus,66.67,4,6,-4,-1.00
33,Kevin Na,66.67,4,6,-4,E
33,Chris Tidland,66.67,4,6,-4,E
33,Omar Uresti,66.67,4,6,-5,+1.00
45,Tom Lehman,62.50,5,8,-5,E
45,Marc Leishman,62.50,5,8,-6,E
45,Davis Love III,62.50,5,8,-5,E
45,Troy Merritt,62.50,5,8,-5,E
45,John Rollins,62.50,5,8,-5,E
50,Blake Adams,60.00,3,5,-3,-1.00
51,Bubba Watson,58.33,7,12,-8,E
52,Robert Allenby,57.14,4,7,-4,-1.00
52,Stephen Ames,57.14,4,7,-4,E
52,Stewart Cink,57.14,4,7,-5,E
52,Brian Davis,57.14,4,7,-4,E
52,Joe Ogilvie,57.14,4,7,-6,E
52,Brian Stuard,57.14,4,7,-4,E
52,David Toms,57.14,4,7,-4,-1.00
59,Mark Calcavecchia,50.00,4,8,-4,E
59,Tim Clark,50.00,4,8,-4,E
59,Brian Gay,50.00,1,2,-1,-2.00
59,Paul Goydos,50.00,4,8,-4,E
59,Jeff Klauk,50.00,3,6,-4,E
59,Ryuichi Oda,50.00,3,6,-3,E
59,Mark Wilson,50.00,3,6,-3,E
66,K.J. Choi,42.86,3,7,-5,-1.00
66,Martin Flores,42.86,3,7,-4,E
68,Jeff Maggert,33.33,2,6,-2,E
68,Carl Pettersson,33.33,2,6,-2,-1.00
70,Dean Wilson,28.57,2,7,-2,E
71,Spencer Levin,25.00,1,4,-1,E
