rank,player,%,Successes,Attempts,RTP-Successes,RTP-Not going for the grn
1,Graham DeLaet,62.50,5,8,-5,+1.00
1,Ernie Els,62.50,5,8,-5,E
1,Troy Matteson,62.50,5,8,-5,+2.00
4,Tom Gillis,60.00,3,5,-3,-1.00
5,Stephen Ames,57.14,4,7,-3,E
5,K.J. Choi,57.14,4,7,-4,-1.00
7,Briny Baird,50.00,3,6,-4,-1.00
7,Henrik Bjornstad,50.00,3,6,-3,E
7,Chad Campbell,50.00,3,6,-3,-1.00
7,Chad Collins,50.00,3,6,-3,E
7,WC Liang,50.00,3,6,-5,-1.00
7,David Lutterus,50.00,3,6,-3,-1.00
7,Jeff Quinney,50.00,3,6,-3,E
7,Vijay Singh,50.00,5,10,-7,E
7,Chris Tidland,50.00,3,6,-3,E
7,Boo Weekley,50.00,3,6,-3,+1.00
7,Y.E. Yang,50.00,4,8,-5,E
18,Retief Goosen,44.44,4,9,-4,E
19,Woody Austin,42.86,3,7,-4,E
19,Nathan Green,42.86,3,7,-4,-1.00
19,Justin Rose,42.86,3,7,-3,-1.00
19,Steve Stricker,42.86,3,7,-3,E
19,Roger Tambellini,42.86,3,7,-3,E
24,Dustin Johnson,40.00,4,10,-4,E
24,Ryan Palmer,40.00,2,5,-2,-1.00
26,Paul Goydos,37.50,3,8,-3,E
26,Davis Love III,37.50,3,8,-3,E
26,Troy Merritt,37.50,3,8,-2,E
26,Corey Pavin,37.50,3,8,-3,E
30,Rich Barcelo,33.33,1,3,-1,E
30,Ricky Barnes,33.33,2,6,-2,E
30,Ryuji Imada,33.33,2,6,-2,-1.00
30,Jeff Maggert,33.33,2,6,-2,E
30,Kevin Na,33.33,2,6,-2,E
30,Pat Perez,33.33,2,6,-2,+1.00
30,Carl Pettersson,33.33,2,6,-1,-1.00
30,Omar Uresti,33.33,2,6,-3,+1.00
30,Bubba Watson,33.33,4,12,-5,E
30,Mark Wilson,33.33,2,6,-2,E
40,Ángel Cabrera,30.00,3,10,-4,E
41,Brian Davis,28.57,2,7,-2,E
41,Jason Dufner,28.57,2,7,-2,E
41,Martin Flores,28.57,2,7,-3,E
41,Charles Howell III,28.57,2,7,-2,E
41,John Merrick,28.57,2,7,-2,-2.00
41,Joe Ogilvie,28.57,2,7,-4,E
41,Rory Sabbatini,28.57,2,7,-2,E
48,Bob Estes,25.00,1,4,-1,-1.00
48,Tom Lehman,25.00,2,8,-2,E
48,Marc Leishman,25.00,2,8,-3,E
48,Spencer Levin,25.00,1,4,-1,E
48,Nick O'Hern,25.00,2,8,-2,E
48,John Rollins,25.00,2,8,-2,E
54,Blake Adams,20.00,1,5,-1,-1.00
54,Michael Allen,20.00,1,5,-1,-1.00
54,Shane Bertsch,20.00,1,5,-1,-1.00
57,Jim Carter,16.67,1,6,-1,-1.00
57,Richard Johnson,16.67,1,6,-1,-1.00
57,Zach Johnson,16.67,1,6,-1,E
57,Jeff Klauk,16.67,1,6,-2,E
57,Ryuichi Oda,16.67,1,6,-1,E
62,Robert Allenby,14.29,1,7,-1,-1.00
62,Stewart Cink,14.29,1,7,-2,E
62,Brian Stuard,14.29,1,7,-1,E
65,Mark Calcavecchia,12.50,1,8,-1,E
66,Tim Clark,.00,0,8,E,E
66,Jason Day,.00,0,6,E,-1.00
66,Brian Gay,.00,0,2,E,-2.00
66,Kevin Johnson,.00,0,6,E,+2.00
66,David Toms,.00,0,7,E,-1.00
66,Dean Wilson,.00,0,7,E,E
