rank,player,%,Attempts
1,Ángel Cabrera,100.00,8
1,Mark Calcavecchia,100.00,8
1,Tim Clark,100.00,8
1,Ernie Els,100.00,8
1,Retief Goosen,100.00,8
1,Paul Goydos,100.00,8
1,Dustin Johnson,100.00,8
1,Tom Lehman,100.00,8
1,Davis Love III,100.00,8
1,Nick O'Hern,100.00,8
1,Corey Pavin,100.00,8
1,Vijay Singh,100.00,8
1,Bubba Watson,100.00,8
1,Y.E. Yang,100.00,8
15,Robert Allenby,87.50,7
15,Stephen Ames,87.50,7
15,Woody Austin,87.50,7
15,K.J. Choi,87.50,7
15,Brian Davis,87.50,7
15,Graham DeLaet,87.50,7
15,Jason Dufner,87.50,7
15,Nathan Green,87.50,7
15,Charles Howell III,87.50,7
15,Marc Leishman,87.50,7
15,Troy Matteson,87.50,7
15,Troy Merritt,87.50,7
15,Joe Ogilvie,87.50,7
15,John Rollins,87.50,7
15,Justin Rose,87.50,7
15,Rory Sabbatini,87.50,7
15,Steve Stricker,87.50,7
15,Brian Stuard,87.50,7
15,Roger Tambellini,87.50,7
15,David Toms,87.50,7
15,Dean Wilson,87.50,7
36,Briny Baird,75.00,6
36,Ricky Barnes,75.00,6
36,Henrik Bjornstad,75.00,6
36,Chad Campbell,75.00,6
36,Jim Carter,75.00,6
36,Stewart Cink,75.00,6
36,Chad Collins,75.00,6
36,Martin Flores,75.00,6
36,Ryuji Imada,75.00,6
36,Kevin Johnson,75.00,6
36,Richard Johnson,75.00,6
36,Zach Johnson,75.00,6
36,Jeff Klauk,75.00,6
36,WC Liang,75.00,6
36,David Lutterus,75.00,6
36,Jeff Maggert,75.00,6
36,John Merrick,75.00,6
36,Kevin Na,75.00,6
36,Ryuichi Oda,75.00,6
36,Pat Perez,75.00,6
36,Carl Pettersson,75.00,6
36,Jeff Quinney,75.00,6
36,Chris Tidland,75.00,6
36,Omar Uresti,75.00,6
36,Boo Weekley,75.00,6
36,Mark Wilson,75.00,6
62,Blake Adams,62.50,5
62,Michael Allen,62.50,5
62,Shane Bertsch,62.50,5
62,Jason Day,62.50,5
62,Tom Gillis,62.50,5
67,Bob Estes,50.00,4
67,Spencer Levin,50.00,4
67,Ryan Palmer,50.00,4
70,Rich Barcelo,37.50,3
71,Brian Gay,25.00,2
