rank,player,%,Successes,Attempts
1,K.J. Choi,100.00,1,1
1,Brian Gay,100.00,1,1
1,Justin Leonard,100.00,1,1
1,Sean O'Hair,100.00,2,2
1,Johnson Wagner,100.00,2,2
6,Richard Johnson,83.33,5,6
7,Ernie Els,50.00,1,2
7,Zach Johnson,50.00,2,4
7,Adam Scott,50.00,2,4
10,Stewart Cink,42.86,3,7
10,Greg Kraft,42.86,3,7
12,Cameron Beckman,40.00,2,5
12,Carl Pettersson,40.00,2,5
12,Andres Romero,40.00,2,5
15,Marc Turnesa,36.36,4,11
16,Ryuji Imada,33.33,2,6
16,Will MacKenzie,33.33,1,3
16,Geoff Ogilvy,33.33,1,3
16,D.J. Trahan,33.33,1,3
20,Davis Love III,25.00,1,4
21,Ryan Palmer,12.50,1,8
22,J.B. Holmes,11.11,1,9
23,Daniel Chopra,.00,0,6
23,Trevor Immelman,.00,0,1
23,Dustin Johnson,.00,0,3
23,Anthony Kim,.00,0,1
23,Steve Lowery,.00,0,3
23,Parker McLachlin,.00,0,2
23,Kenny Perry,.00,0,1
23,Chez Reavie,.00,0,1
23,Vijay Singh,.00,0,2
23,Camilo Villegas,.00,0,2
23,Boo Weekley,.00,0,1
