rank,player,%,# Saves,# Bunkers,Total O/U Par
1,K.J. Choi,100.00,2,2,-1.00
1,Chez Reavie,100.00,1,1,-1.00
1,Boo Weekley,100.00,1,1,-1.00
4,Brian Gay,66.67,2,3,+2.00
4,Anthony Kim,66.67,2,3,+1.00
4,Parker McLachlin,66.67,2,3,E
7,Ernie Els,50.00,1,2,+1.00
7,Ryuji Imada,50.00,3,6,+2.00
7,Richard Johnson,50.00,1,2,E
7,Greg Kraft,50.00,2,4,+1.00
7,Will MacKenzie,50.00,1,2,E
7,Carl Pettersson,50.00,1,2,-1.00
7,Andres Romero,50.00,1,2,+1.00
7,Adam Scott,50.00,2,4,+1.00
7,D.J. Trahan,50.00,1,2,+1.00
7,Johnson Wagner,50.00,1,2,+1.00
17,Daniel Chopra,33.33,1,3,+2.00
17,Sean O'Hair,33.33,1,3,+1.00
17,Geoff Ogilvy,33.33,1,3,+2.00
17,Ryan Palmer,33.33,1,3,+2.00
17,Vijay Singh,33.33,1,3,+2.00
22,Dustin Johnson,25.00,1,4,+2.00
22,Steve Lowery,25.00,1,4,+5.00
24,J.B. Holmes,20.00,1,5,+3.00
25,Cameron Beckman,.00,0,1,+1.00
25,Stewart Cink,.00,0,3,+1.00
25,Zach Johnson,.00,0,1,+2.00
25,Davis Love III,.00,0,1,+1.00
25,Kenny Perry,.00,0,2,+1.00
25,Marc Turnesa,.00,0,3,+3.00
25,Camilo Villegas,.00,0,1,+1.00
