rank,player,%,Par or Better,Missed GIR
1,Sean O'Hair,77.78,7,9
2,Brian Gay,76.92,10,13
3,Ernie Els,75.00,12,16
4,Justin Leonard,71.43,5,7
5,Kenny Perry,66.67,6,9
6,Anthony Kim,63.64,7,11
6,Johnson Wagner,63.64,7,11
8,Boo Weekley,62.50,5,8
9,Trevor Immelman,60.00,6,10
9,Will MacKenzie,60.00,6,10
9,Geoff Ogilvy,60.00,6,10
9,Carl Pettersson,60.00,9,15
13,Richard Johnson,58.82,10,17
14,Greg Kraft,57.89,11,19
15,Zach Johnson,57.14,8,14
16,Adam Scott,56.25,9,16
17,Chez Reavie,55.56,5,9
18,K.J. Choi,53.85,7,13
19,Stewart Cink,53.33,8,15
20,Dustin Johnson,50.00,6,12
20,Camilo Villegas,50.00,5,10
22,Marc Turnesa,47.83,11,23
23,Ryuji Imada,47.06,8,17
24,Vijay Singh,46.67,7,15
25,Parker McLachlin,46.15,6,13
26,Andres Romero,45.00,9,20
27,Davis Love III,44.44,4,9
27,D.J. Trahan,44.44,4,9
29,Steve Lowery,43.75,7,16
30,Ryan Palmer,42.86,9,21
31,Cameron Beckman,35.71,5,14
32,Daniel Chopra,30.00,6,20
33,J.B. Holmes,16.67,3,18
