rank,player,% Made,Attempts,Putts made
1,Sungjae Im,92.86%,14,13
2,Corey Conners,87.50%,16,14
2,Thomas Detry,87.50%,16,14
4,Wyndham Clark,86.67%,15,13
5,Patton Kizzire,85.71%,14,12
6,Matthieu Pavon,83.33%,18,15
7,Austin Eckroat,82.35%,17,14
7,Peter Malnati,82.35%,17,14
9,Tony Finau,81.82%,11,9
10,Ludvig Åberg,80.95%,21,17
11,Eric Cole,80.00%,20,16
11,Collin Morikawa,80.00%,15,12
13,Robert MacIntyre,78.57%,14,11
14,Aaron Rai,77.78%,18,14
15,Hideki Matsuyama,76.92%,13,10
16,Chris Gotterup,76.47%,17,13
17,Rafael Campos,76.19%,21,16
18,Jason Day,75.00%,16,12
18,Max Greyserman,75.00%,20,15
18,Adam Hadwin,75.00%,16,12
18,Cameron Young,75.00%,16,12
22,Russell Henley,73.68%,19,14
22,Viktor Hovland,73.68%,19,14
22,Stephan Jaeger,73.68%,19,14
25,Sam Burns,73.33%,15,11
25,Nick Dunlap,73.33%,15,11
25,Nico Echavarria,73.33%,15,11
25,Matt McCarty,73.33%,15,11
25,Justin Thomas,73.33%,15,11
30,Maverick McNealy,71.43%,14,10
30,Taylor Pendrith,71.43%,14,10
30,Sepp Straka,71.43%,21,15
30,Jhonattan Vegas,71.43%,14,10
34,Sahith Theegala,70.59%,17,12
35,Patrick Cantlay,69.23%,13,9
35,Si Woo Kim,69.23%,13,9
37,Christiaan Bezuidenhout,68.75%,16,11
37,Will Zalatoris,68.75%,16,11
39,Adam Scott,68.42%,19,13
40,Matt Fitzpatrick,68.18%,22,15
41,Billy Horschel,66.67%,15,10
41,Jake Knapp,66.67%,9,6
41,J.T. Poston,66.67%,21,14
44,Nick Taylor,65.22%,23,15
45,Brice Garnett,64.29%,14,9
45,Chris Kirk,64.29%,14,9
47,Cam Davis,63.64%,22,14
47,Kevin Yu,63.64%,22,14
49,Xander Schauffele,62.50%,16,10
50,Brian Harman,60.00%,15,9
51,Byeong Hun An,58.33%,12,7
51,Tom Hoge,58.33%,12,7
51,Max Homa,58.33%,12,7
54,Harry Hall,57.89%,19,11
55,Denny McCarthy,54.55%,11,6
56,Akshay Bhatia,53.85%,13,7
56,Keegan Bradley,53.85%,13,7
58,Davis Thompson,52.94%,17,9
