rank,player,% Made,Attempts,Putts made
1,Akshay Bhatia,100.00%,1,1
1,Keegan Bradley,100.00%,2,2
1,Sam Burns,100.00%,1,1
1,Rafael Campos,100.00%,1,1
1,Patrick Cantlay,100.00%,3,3
1,Wyndham Clark,100.00%,3,3
1,Eric Cole,100.00%,5,5
1,Corey Conners,100.00%,2,2
1,Nick Dunlap,100.00%,5,5
1,Nico Echavarria,100.00%,1,1
1,Tony Finau,100.00%,4,4
1,Viktor Hovland,100.00%,3,3
1,Patton Kizzire,100.00%,3,3
1,Jake Knapp,100.00%,1,1
1,Collin Morikawa,100.00%,2,2
1,J.T. Poston,100.00%,4,4
17,Harry Hall,85.71%,7,6
18,Sungjae Im,83.33%,6,5
18,Cameron Young,83.33%,6,5
20,Thomas Detry,80.00%,5,4
20,Adam Hadwin,80.00%,5,4
20,Billy Horschel,80.00%,5,4
20,Stephan Jaeger,80.00%,5,4
20,Robert MacIntyre,80.00%,5,4
20,Sepp Straka,80.00%,5,4
26,Jason Day,75.00%,4,3
26,Matt Fitzpatrick,75.00%,4,3
26,Chris Gotterup,75.00%,4,3
26,Peter Malnati,75.00%,4,3
26,Justin Thomas,75.00%,4,3
31,Christiaan Bezuidenhout,66.67%,3,2
31,Brice Garnett,66.67%,3,2
31,Matt McCarty,66.67%,3,2
31,Aaron Rai,66.67%,3,2
31,Adam Scott,66.67%,3,2
36,Chris Kirk,60.00%,5,3
36,Jhonattan Vegas,60.00%,5,3
36,Kevin Yu,60.00%,5,3
39,Nick Taylor,57.14%,7,4
40,Cam Davis,50.00%,6,3
40,Max Greyserman,50.00%,2,1
40,Russell Henley,50.00%,6,3
40,Tom Hoge,50.00%,4,2
40,Max Homa,50.00%,4,2
40,Hideki Matsuyama,50.00%,2,1
40,Denny McCarthy,50.00%,4,2
40,Xander Schauffele,50.00%,2,1
40,Davis Thompson,50.00%,4,2
49,Sahith Theegala,40.00%,5,2
50,Ludvig Åberg,33.33%,3,1
50,Si Woo Kim,33.33%,3,1
50,Maverick McNealy,33.33%,3,1
50,Matthieu Pavon,33.33%,3,1
50,Taylor Pendrith,33.33%,3,1
55,Brian Harman,25.00%,4,1
56,Byeong Hun An,.00%,3,0
56,Will Zalatoris,.00%,2,0
