rank,player,% Made,Attempts,Putts made
1,Corey Conners,100.00%,3,3
1,Thomas Detry,100.00%,3,3
1,Austin Eckroat,100.00%,3,3
1,Chris Gotterup,100.00%,4,4
1,Russell Henley,100.00%,2,2
1,Tom Hoge,100.00%,2,2
1,Sungjae Im,100.00%,4,4
1,Chris Kirk,100.00%,3,3
1,Patton Kizzire,100.00%,3,3
1,Robert MacIntyre,100.00%,1,1
1,Matthieu Pavon,100.00%,4,4
1,Taylor Pendrith,100.00%,4,4
1,Justin Thomas,100.00%,4,4
1,Davis Thompson,100.00%,6,6
1,Jhonattan Vegas,100.00%,3,3
1,Will Zalatoris,100.00%,6,6
17,Max Greyserman,85.71%,7,6
17,Si Woo Kim,85.71%,7,6
19,Christiaan Bezuidenhout,83.33%,6,5
19,Viktor Hovland,83.33%,6,5
19,Peter Malnati,83.33%,6,5
19,Maverick McNealy,83.33%,6,5
23,Wyndham Clark,80.00%,5,4
23,Brian Harman,80.00%,5,4
23,Matt McCarty,80.00%,5,4
23,Sepp Straka,80.00%,5,4
23,Sahith Theegala,80.00%,5,4
28,Ludvig Åberg,77.78%,9,7
29,Matt Fitzpatrick,75.00%,8,6
29,Adam Hadwin,75.00%,4,3
29,Hideki Matsuyama,75.00%,4,3
29,Cameron Young,75.00%,4,3
33,Sam Burns,71.43%,7,5
33,Eric Cole,71.43%,7,5
35,Byeong Hun An,66.67%,3,2
35,Akshay Bhatia,66.67%,3,2
35,Keegan Bradley,66.67%,3,2
35,Rafael Campos,66.67%,3,2
35,Tony Finau,66.67%,3,2
35,Stephan Jaeger,66.67%,6,4
35,Collin Morikawa,66.67%,6,4
35,Aaron Rai,66.67%,6,4
35,Xander Schauffele,66.67%,6,4
44,Nick Dunlap,60.00%,5,3
44,Max Homa,60.00%,5,3
44,Jake Knapp,60.00%,5,3
47,Patrick Cantlay,50.00%,4,2
47,Cam Davis,50.00%,8,4
47,Jason Day,50.00%,2,1
47,Nico Echavarria,50.00%,2,1
47,Brice Garnett,50.00%,2,1
47,Denny McCarthy,50.00%,2,1
47,J.T. Poston,50.00%,4,2
47,Adam Scott,50.00%,4,2
47,Nick Taylor,50.00%,4,2
47,Kevin Yu,50.00%,6,3
57,Harry Hall,20.00%,5,1
