rank,player,% Made,Attempts,Putts made
1,Ludvig Åberg,100.00%,6,6
1,Byeong Hun An,100.00%,4,4
1,Christiaan Bezuidenhout,100.00%,3,3
1,Akshay Bhatia,100.00%,3,3
1,Sam Burns,100.00%,4,4
1,Wyndham Clark,100.00%,5,5
1,Eric Cole,100.00%,3,3
1,Cam Davis,100.00%,5,5
1,Thomas Detry,100.00%,5,5
1,Nick Dunlap,100.00%,3,3
1,Matt Fitzpatrick,100.00%,6,6
1,Chris Gotterup,100.00%,4,4
1,Max Greyserman,100.00%,7,7
1,Harry Hall,100.00%,2,2
1,Russell Henley,100.00%,5,5
1,Tom Hoge,100.00%,1,1
1,Max Homa,100.00%,2,2
1,Viktor Hovland,100.00%,2,2
1,Sungjae Im,100.00%,2,2
1,Stephan Jaeger,100.00%,4,4
1,Jake Knapp,100.00%,1,1
1,Robert MacIntyre,100.00%,4,4
1,Maverick McNealy,100.00%,2,2
1,Matthieu Pavon,100.00%,4,4
1,Aaron Rai,100.00%,4,4
1,Adam Scott,100.00%,8,8
1,Sahith Theegala,100.00%,5,5
1,Jhonattan Vegas,100.00%,2,2
1,Kevin Yu,100.00%,5,5
1,Will Zalatoris,100.00%,2,2
31,Jason Day,88.89%,9,8
32,Nico Echavarria,85.71%,7,6
32,Austin Eckroat,85.71%,7,6
32,Peter Malnati,85.71%,7,6
32,Sepp Straka,85.71%,7,6
36,Patton Kizzire,83.33%,6,5
36,Matt McCarty,83.33%,6,5
38,Brice Garnett,80.00%,5,4
38,Hideki Matsuyama,80.00%,5,4
38,Collin Morikawa,80.00%,5,4
38,Justin Thomas,80.00%,5,4
38,Cameron Young,80.00%,5,4
43,Rafael Campos,78.57%,14,11
44,Xander Schauffele,75.00%,4,3
44,Nick Taylor,75.00%,8,6
46,Corey Conners,71.43%,7,5
46,Billy Horschel,71.43%,7,5
48,Tony Finau,66.67%,3,2
48,Adam Hadwin,66.67%,3,2
48,Brian Harman,66.67%,3,2
48,Si Woo Kim,66.67%,3,2
48,Denny McCarthy,66.67%,3,2
48,Taylor Pendrith,66.67%,6,4
54,Keegan Bradley,60.00%,5,3
54,J.T. Poston,60.00%,10,6
56,Chris Kirk,50.00%,6,3
57,Davis Thompson,.00%,2,0
