rank,player,% Made,Attempts,Putts made
1,Sam Burns,100.00%,2,2
2,Will Zalatoris,62.50%,8,5
3,Cameron Young,50.00%,6,3
4,Akshay Bhatia,40.00%,5,2
4,Chris Kirk,40.00%,5,2
6,Nico Echavarria,33.33%,3,1
6,Matt Fitzpatrick,33.33%,3,1
6,Max Greyserman,33.33%,6,2
6,Jhonattan Vegas,33.33%,6,2
10,Cam Davis,28.57%,7,2
10,Chris Gotterup,28.57%,7,2
10,J.T. Poston,28.57%,7,2
13,Wyndham Clark,25.00%,8,2
13,Adam Hadwin,25.00%,8,2
13,Justin Thomas,25.00%,4,1
16,Keegan Bradley,20.00%,10,2
16,Tony Finau,20.00%,5,1
16,Russell Henley,20.00%,5,1
16,Hideki Matsuyama,20.00%,10,2
16,Taylor Pendrith,20.00%,10,2
21,Tom Hoge,18.18%,11,2
22,Thomas Detry,16.67%,6,1
22,Sahith Theegala,16.67%,6,1
24,Peter Malnati,14.29%,7,1
25,Christiaan Bezuidenhout,12.50%,8,1
25,Austin Eckroat,12.50%,8,1
27,Brice Garnett,11.11%,9,1
28,Matt McCarty,9.09%,11,1
29,Ludvig Åberg,0.00%,3,0
29,Byeong Hun An,0.00%,5,0
29,Rafael Campos,0.00%,2,0
29,Patrick Cantlay,0.00%,1,0
29,Eric Cole,0.00%,6,0
29,Corey Conners,0.00%,5,0
29,Jason Day,0.00%,8,0
29,Nick Dunlap,0.00%,6,0
29,Harry Hall,0.00%,5,0
29,Brian Harman,0.00%,3,0
29,Max Homa,0.00%,4,0
29,Billy Horschel,0.00%,7,0
29,Viktor Hovland,0.00%,8,0
29,Sungjae Im,0.00%,3,0
29,Si Woo Kim,0.00%,3,0
29,Patton Kizzire,0.00%,6,0
29,Jake Knapp,0.00%,5,0
29,Robert MacIntyre,0.00%,4,0
29,Denny McCarthy,0.00%,9,0
29,Maverick McNealy,0.00%,6,0
29,Collin Morikawa,0.00%,7,0
29,Matthieu Pavon,0.00%,6,0
29,Aaron Rai,0.00%,1,0
29,Xander Schauffele,0.00%,9,0
29,Adam Scott,0.00%,5,0
29,Sepp Straka,0.00%,6,0
29,Nick Taylor,0.00%,6,0
29,Davis Thompson,0.00%,7,0
29,Kevin Yu,0.00%,6,0
