rank,player,% Made,Attempts,Putts made
1,Akshay Bhatia,70.00%,10,7
2,Harry Hall,66.67%,9,6
2,Hideki Matsuyama,66.67%,9,6
2,J.T. Poston,66.67%,6,4
5,Matt Fitzpatrick,62.50%,8,5
6,Thomas Detry,60.00%,10,6
7,Collin Morikawa,55.56%,9,5
8,Ludvig Åberg,54.55%,11,6
9,Christiaan Bezuidenhout,50.00%,12,6
9,Patrick Cantlay,50.00%,12,6
9,Matthieu Pavon,50.00%,8,4
12,Cam Davis,45.45%,11,5
13,Sam Burns,44.44%,9,4
14,Cameron Young,41.67%,12,5
15,Sepp Straka,40.00%,15,6
15,Kevin Yu,40.00%,10,4
17,Max Greyserman,38.46%,13,5
17,Peter Malnati,38.46%,13,5
19,Robert MacIntyre,37.50%,16,6
20,Jason Day,36.36%,11,4
20,Austin Eckroat,36.36%,11,4
20,Tony Finau,36.36%,11,4
20,Adam Hadwin,36.36%,11,4
24,Denny McCarthy,35.29%,17,6
25,Wyndham Clark,33.33%,12,4
25,Tom Hoge,33.33%,9,3
25,Nick Taylor,33.33%,9,3
25,Justin Thomas,33.33%,18,6
29,Jake Knapp,31.25%,16,5
30,Chris Gotterup,30.00%,10,3
30,Russell Henley,30.00%,10,3
32,Rafael Campos,27.27%,11,3
32,Jhonattan Vegas,27.27%,11,3
34,Byeong Hun An,25.00%,12,3
34,Nick Dunlap,25.00%,16,4
34,Brice Garnett,25.00%,8,2
34,Viktor Hovland,25.00%,8,2
38,Aaron Rai,23.81%,21,5
39,Corey Conners,23.08%,13,3
39,Maverick McNealy,23.08%,13,3
41,Matt McCarty,22.22%,9,2
41,Adam Scott,22.22%,9,2
41,Davis Thompson,22.22%,9,2
41,Will Zalatoris,22.22%,9,2
45,Sahith Theegala,20.00%,10,2
46,Keegan Bradley,18.18%,11,2
46,Sungjae Im,18.18%,11,2
46,Chris Kirk,18.18%,11,2
46,Taylor Pendrith,18.18%,11,2
50,Stephan Jaeger,16.67%,12,2
51,Nico Echavarria,14.29%,14,2
51,Xander Schauffele,14.29%,14,2
53,Patton Kizzire,12.50%,8,1
54,Max Homa,11.11%,9,1
55,Si Woo Kim,10.00%,10,1
56,Eric Cole,7.69%,13,1
57,Brian Harman,0.00%,11,0
57,Billy Horschel,0.00%,4,0
