rank,player,% Made,Attempts,Putts made
1,Byeong Hun An,100.00%,2,2
1,Christiaan Bezuidenhout,100.00%,1,1
1,Cam Davis,100.00%,2,2
1,Max Greyserman,100.00%,2,2
1,Hideki Matsuyama,100.00%,3,3
1,Maverick McNealy,100.00%,2,2
1,Matthieu Pavon,100.00%,1,1
8,Keegan Bradley,80.00%,5,4
9,Austin Eckroat,75.00%,4,3
9,Jake Knapp,75.00%,4,3
11,Sam Burns,66.67%,9,6
11,Sungjae Im,66.67%,6,4
11,Collin Morikawa,66.67%,3,2
11,Xander Schauffele,66.67%,3,2
11,Justin Thomas,66.67%,3,2
11,Kevin Yu,66.67%,3,2
17,Adam Hadwin,60.00%,5,3
17,Max Homa,60.00%,5,3
17,Davis Thompson,60.00%,5,3
20,Brian Harman,57.14%,7,4
20,Si Woo Kim,57.14%,7,4
22,Nick Dunlap,50.00%,2,1
22,Nico Echavarria,50.00%,2,1
22,Tony Finau,50.00%,4,2
22,Matt Fitzpatrick,50.00%,2,1
22,Chris Gotterup,50.00%,2,1
22,Harry Hall,50.00%,2,1
22,Tom Hoge,50.00%,2,1
22,Viktor Hovland,50.00%,2,1
22,Chris Kirk,50.00%,2,1
22,Aaron Rai,50.00%,2,1
22,Sepp Straka,50.00%,4,2
22,Sahith Theegala,50.00%,2,1
22,Cameron Young,50.00%,2,1
22,Will Zalatoris,50.00%,4,2
36,Akshay Bhatia,42.86%,7,3
37,Eric Cole,40.00%,5,2
37,Matt McCarty,40.00%,5,2
37,Adam Scott,40.00%,5,2
40,Ludvig Åberg,33.33%,6,2
40,Wyndham Clark,33.33%,3,1
40,Thomas Detry,33.33%,3,1
40,Taylor Pendrith,33.33%,3,1
40,Jhonattan Vegas,33.33%,3,1
45,Jason Day,25.00%,4,1
45,Peter Malnati,25.00%,4,1
47,Patrick Cantlay,.00%,2,0
47,Brice Garnett,.00%,2,0
47,Russell Henley,.00%,2,0
47,Billy Horschel,.00%,1,0
47,Stephan Jaeger,.00%,2,0
47,Patton Kizzire,.00%,4,0
47,Robert MacIntyre,.00%,2,0
47,Denny McCarthy,.00%,1,0
47,J.T. Poston,.00%,1,0
