rank,player,Putts Made
1,Hideki Matsuyama,5.0
1,Will Zalatoris,5.0
3,Keegan Bradley,4.0
3,Corey Conners,4.0
3,Chris Gotterup,4.0
3,Adam Hadwin,4.0
3,Si Woo Kim,4.0
3,Peter Malnati,4.0
3,J.T. Poston,4.0
3,Cameron Young,4.0
11,Sam Burns,3.0
11,Wyndham Clark,3.0
11,Tony Finau,3.0
11,Sungjae Im,3.0
11,Chris Kirk,3.0
11,Aaron Rai,3.0
11,Jhonattan Vegas,3.0
18,Christiaan Bezuidenhout,2.0
18,Akshay Bhatia,2.0
18,Cam Davis,2.0
18,Nick Dunlap,2.0
18,Nico Echavarria,2.0
18,Austin Eckroat,2.0
18,Brice Garnett,2.0
18,Max Greyserman,2.0
18,Harry Hall,2.0
18,Russell Henley,2.0
18,Tom Hoge,2.0
18,Max Homa,2.0
18,Jake Knapp,2.0
18,Matt McCarty,2.0
18,Taylor Pendrith,2.0
18,Adam Scott,2.0
18,Sahith Theegala,2.0
18,Justin Thomas,2.0
36,Rafael Campos,1.0
36,Patrick Cantlay,1.0
36,Eric Cole,1.0
36,Jason Day,1.0
36,Thomas Detry,1.0
36,Matt Fitzpatrick,1.0
36,Brian Harman,1.0
36,Billy Horschel,1.0
36,Robert MacIntyre,1.0
36,Denny McCarthy,1.0
36,Maverick McNealy,1.0
36,Collin Morikawa,1.0
36,Matthieu Pavon,1.0
36,Xander Schauffele,1.0
36,Davis Thompson,1.0
51,Ludvig Åberg,.0
51,Byeong Hun An,.0
51,Viktor Hovland,.0
51,Stephan Jaeger,.0
51,Patton Kizzire,.0
51,Sepp Straka,.0
51,Nick Taylor,.0
51,Kevin Yu,.0
