rank,player,% Made,Attempts,Putts made
1,Si Woo Kim,33.33%,12,4
2,Hideki Matsuyama,18.75%,16,3
3,Sungjae Im,15.79%,19,3
3,Aaron Rai,15.79%,19,3
5,Corey Conners,15.38%,26,4
6,Peter Malnati,13.64%,22,3
7,Keegan Bradley,11.76%,17,2
7,Harry Hall,11.76%,17,2
9,Denny McCarthy,11.11%,9,1
10,Adam Hadwin,10.53%,19,2
11,Adam Scott,10.00%,20,2
12,Tony Finau,9.09%,22,2
12,Max Homa,9.09%,22,2
12,J.T. Poston,9.09%,22,2
15,Jake Knapp,8.33%,24,2
16,Chris Gotterup,8.00%,25,2
17,Nick Dunlap,7.69%,26,2
18,Eric Cole,6.25%,16,1
19,Wyndham Clark,5.88%,17,1
19,Austin Eckroat,5.88%,17,1
19,Collin Morikawa,5.88%,17,1
22,Chris Kirk,5.56%,18,1
22,Justin Thomas,5.56%,18,1
22,Cameron Young,5.56%,18,1
25,Brian Harman,5.26%,19,1
25,Matthieu Pavon,5.26%,19,1
27,Brice Garnett,5.00%,20,1
27,Sahith Theegala,5.00%,20,1
27,Jhonattan Vegas,5.00%,20,1
30,Nico Echavarria,4.76%,21,1
30,Matt McCarty,4.76%,21,1
30,Xander Schauffele,4.76%,21,1
33,Sam Burns,4.55%,22,1
33,Maverick McNealy,4.55%,22,1
35,Patrick Cantlay,4.35%,23,1
35,Jason Day,4.35%,23,1
37,Christiaan Bezuidenhout,4.17%,24,1
37,Russell Henley,4.17%,24,1
39,Billy Horschel,4.00%,25,1
39,Davis Thompson,4.00%,25,1
41,Rafael Campos,3.85%,26,1
42,Robert MacIntyre,3.70%,27,1
43,Ludvig Åberg,0.00%,20,0
43,Byeong Hun An,0.00%,18,0
43,Akshay Bhatia,0.00%,24,0
43,Cam Davis,0.00%,17,0
43,Thomas Detry,0.00%,19,0
43,Matt Fitzpatrick,0.00%,22,0
43,Max Greyserman,0.00%,22,0
43,Tom Hoge,0.00%,20,0
43,Viktor Hovland,0.00%,19,0
43,Stephan Jaeger,0.00%,20,0
43,Patton Kizzire,0.00%,16,0
43,Taylor Pendrith,0.00%,19,0
43,Sepp Straka,0.00%,19,0
43,Nick Taylor,0.00%,18,0
43,Kevin Yu,0.00%,15,0
43,Will Zalatoris,0.00%,22,0
