rank,player,% Made,Attempts,Putts Made
1,Si Woo Kim,26.67%,15,4
2,Hideki Matsuyama,19.23%,26,5
3,Cameron Young,16.67%,24,4
3,Will Zalatoris,16.67%,30,5
5,Aaron Rai,15.00%,20,3
6,Keegan Bradley,14.81%,27,4
6,Adam Hadwin,14.81%,27,4
8,Peter Malnati,13.79%,29,4
8,J.T. Poston,13.79%,29,4
10,Sungjae Im,13.64%,22,3
11,Chris Kirk,13.04%,23,3
12,Corey Conners,12.90%,31,4
13,Sam Burns,12.50%,24,3
13,Chris Gotterup,12.50%,32,4
15,Wyndham Clark,12.00%,25,3
16,Jhonattan Vegas,11.54%,26,3
17,Tony Finau,11.11%,27,3
18,Harry Hall,9.09%,22,2
18,Justin Thomas,9.09%,22,2
20,Cam Davis,8.33%,24,2
20,Nico Echavarria,8.33%,24,2
22,Austin Eckroat,8.00%,25,2
22,Adam Scott,8.00%,25,2
24,Max Homa,7.69%,26,2
24,Sahith Theegala,7.69%,26,2
26,Max Greyserman,7.14%,28,2
27,Akshay Bhatia,6.90%,29,2
27,Brice Garnett,6.90%,29,2
27,Russell Henley,6.90%,29,2
27,Jake Knapp,6.90%,29,2
27,Taylor Pendrith,6.90%,29,2
32,Tom Hoge,6.45%,31,2
33,Christiaan Bezuidenhout,6.25%,32,2
33,Nick Dunlap,6.25%,32,2
33,Matt McCarty,6.25%,32,2
36,Denny McCarthy,5.56%,18,1
37,Eric Cole,4.55%,22,1
37,Brian Harman,4.55%,22,1
39,Patrick Cantlay,4.17%,24,1
39,Collin Morikawa,4.17%,24,1
41,Thomas Detry,4.00%,25,1
41,Matt Fitzpatrick,4.00%,25,1
41,Matthieu Pavon,4.00%,25,1
44,Rafael Campos,3.57%,28,1
44,Maverick McNealy,3.57%,28,1
46,Xander Schauffele,3.33%,30,1
47,Jason Day,3.23%,31,1
47,Robert MacIntyre,3.23%,31,1
49,Billy Horschel,3.13%,32,1
49,Davis Thompson,3.13%,32,1
51,Ludvig Åberg,.00%,23,0
51,Byeong Hun An,.00%,23,0
51,Viktor Hovland,.00%,27,0
51,Stephan Jaeger,.00%,20,0
51,Patton Kizzire,.00%,22,0
51,Sepp Straka,.00%,25,0
51,Nick Taylor,.00%,24,0
51,Kevin Yu,.00%,21,0
