rank,player,% Made,Attempts,Putts made
1,Ludvig Åberg,100.00%,35,35
1,Byeong Hun An,100.00%,46,46
1,Christiaan Bezuidenhout,100.00%,44,44
1,Akshay Bhatia,100.00%,44,44
1,Keegan Bradley,100.00%,47,47
1,Rafael Campos,100.00%,41,41
1,Wyndham Clark,100.00%,43,43
1,Eric Cole,100.00%,46,46
1,Corey Conners,100.00%,40,40
1,Cam Davis,100.00%,34,34
1,Jason Day,100.00%,47,47
1,Thomas Detry,100.00%,38,38
1,Nick Dunlap,100.00%,46,46
1,Nico Echavarria,100.00%,41,41
1,Tony Finau,100.00%,44,44
1,Matt Fitzpatrick,100.00%,37,37
1,Brice Garnett,100.00%,49,49
1,Chris Gotterup,100.00%,47,47
1,Adam Hadwin,100.00%,41,41
1,Harry Hall,100.00%,44,44
1,Brian Harman,100.00%,49,49
1,Tom Hoge,100.00%,46,46
1,Max Homa,100.00%,46,46
1,Billy Horschel,100.00%,51,51
1,Viktor Hovland,100.00%,44,44
1,Sungjae Im,100.00%,42,42
1,Stephan Jaeger,100.00%,39,39
1,Si Woo Kim,100.00%,46,46
1,Chris Kirk,100.00%,44,44
1,Patton Kizzire,100.00%,45,45
1,Jake Knapp,100.00%,50,50
1,Robert MacIntyre,100.00%,45,45
1,Peter Malnati,100.00%,40,40
1,Hideki Matsuyama,100.00%,37,37
1,Denny McCarthy,100.00%,47,47
1,Matt McCarty,100.00%,49,49
1,Maverick McNealy,100.00%,45,45
1,Collin Morikawa,100.00%,43,43
1,Matthieu Pavon,100.00%,43,43
1,Taylor Pendrith,100.00%,44,44
1,Xander Schauffele,100.00%,44,44
1,Adam Scott,100.00%,48,48
1,Sepp Straka,100.00%,40,40
1,Nick Taylor,100.00%,45,45
1,Sahith Theegala,100.00%,46,46
1,Justin Thomas,100.00%,43,43
1,Davis Thompson,100.00%,46,46
1,Jhonattan Vegas,100.00%,47,47
1,Cameron Young,100.00%,39,39
1,Will Zalatoris,100.00%,44,44
51,Russell Henley,97.92%,48,47
52,Kevin Yu,97.87%,47,46
53,Patrick Cantlay,97.73%,44,43
53,J.T. Poston,97.73%,44,43
53,Aaron Rai,97.73%,44,43
56,Austin Eckroat,97.56%,41,40
56,Max Greyserman,97.56%,41,40
58,Sam Burns,97.37%,38,37
