rank,player,% Made,Attempts,Putts made
1,Christiaan Bezuidenhout,100.00%,2,2
1,Patrick Cantlay,100.00%,1,1
1,Eric Cole,100.00%,1,1
1,Corey Conners,100.00%,1,1
1,Nico Echavarria,100.00%,5,5
1,Matt Fitzpatrick,100.00%,2,2
1,Tom Hoge,100.00%,2,2
1,Max Homa,100.00%,2,2
1,Sungjae Im,100.00%,1,1
1,Stephan Jaeger,100.00%,2,2
1,Taylor Pendrith,100.00%,3,3
1,Aaron Rai,100.00%,1,1
1,Xander Schauffele,100.00%,1,1
1,Davis Thompson,100.00%,2,2
1,Cameron Young,100.00%,1,1
16,Akshay Bhatia,75.00%,4,3
17,Jason Day,66.67%,3,2
17,Russell Henley,66.67%,3,2
19,Adam Hadwin,60.00%,5,3
19,Adam Scott,60.00%,5,3
21,Maverick McNealy,55.56%,9,5
22,Ludvig Åberg,50.00%,4,2
22,Byeong Hun An,50.00%,2,1
22,Sam Burns,50.00%,2,1
22,Rafael Campos,50.00%,4,2
22,Tony Finau,50.00%,2,1
22,Viktor Hovland,50.00%,4,2
22,Matt McCarty,50.00%,2,1
22,Sepp Straka,50.00%,2,1
22,Justin Thomas,50.00%,2,1
31,Wyndham Clark,40.00%,5,2
32,Billy Horschel,37.50%,8,3
33,Thomas Detry,33.33%,3,1
33,Austin Eckroat,33.33%,3,1
33,Collin Morikawa,33.33%,3,1
33,Sahith Theegala,33.33%,3,1
37,Will Zalatoris,28.57%,7,2
38,Harry Hall,25.00%,4,1
38,Chris Kirk,25.00%,4,1
38,Matthieu Pavon,25.00%,4,1
41,Cam Davis,16.67%,6,1
42,Keegan Bradley,.00%,2,0
42,Brice Garnett,.00%,2,0
42,Chris Gotterup,.00%,3,0
42,Brian Harman,.00%,5,0
42,Patton Kizzire,.00%,1,0
42,Jake Knapp,.00%,2,0
42,Robert MacIntyre,.00%,2,0
42,Peter Malnati,.00%,1,0
42,Hideki Matsuyama,.00%,2,0
42,Denny McCarthy,.00%,5,0
42,J.T. Poston,.00%,4,0
42,Nick Taylor,.00%,2,0
42,Jhonattan Vegas,.00%,2,0
42,Kevin Yu,.00%,2,0
