rank,player,% Made,Attempts,Putts made
1,Corey Conners,96.72%,61,59
2,Sungjae Im,94.29%,70,66
3,Nick Dunlap,92.86%,70,65
3,Nico Echavarria,92.86%,70,65
5,Christiaan Bezuidenhout,92.65%,68,63
6,Cameron Young,92.19%,64,59
7,Byeong Hun An,91.78%,73,67
8,Max Greyserman,91.55%,71,65
8,Taylor Pendrith,91.55%,71,65
10,Thomas Detry,91.43%,70,64
10,Aaron Rai,91.43%,70,64
12,Tom Hoge,91.18%,68,62
12,Collin Morikawa,91.18%,68,62
14,Tony Finau,91.04%,67,61
15,Eric Cole,90.91%,77,70
16,Stephan Jaeger,90.67%,75,68
16,Xander Schauffele,90.67%,75,68
18,Matthieu Pavon,90.54%,74,67
19,Si Woo Kim,90.41%,73,66
20,Rafael Campos,90.28%,72,65
21,Jake Knapp,90.14%,71,64
21,Robert MacIntyre,90.14%,71,64
23,Justin Thomas,90.00%,70,63
24,Austin Eckroat,89.86%,69,62
25,Peter Malnati,89.71%,68,61
26,Patrick Cantlay,89.55%,67,60
27,Viktor Hovland,89.47%,76,68
27,Maverick McNealy,89.47%,76,68
29,Patton Kizzire,89.33%,75,67
29,Matt McCarty,89.33%,75,67
31,Hideki Matsuyama,89.23%,65,58
32,Wyndham Clark,89.04%,73,65
33,Adam Hadwin,88.89%,72,64
33,Sahith Theegala,88.89%,72,64
35,Matt Fitzpatrick,88.73%,71,63
36,Jason Day,88.16%,76,67
36,Russell Henley,88.16%,76,67
38,Max Homa,88.00%,75,66
38,Chris Kirk,88.00%,75,66
40,Sam Burns,87.84%,74,65
40,Sepp Straka,87.84%,74,65
40,Jhonattan Vegas,87.84%,74,65
43,Chris Gotterup,87.50%,72,63
44,Keegan Bradley,87.32%,71,62
45,Brice Garnett,86.84%,76,66
46,Davis Thompson,86.67%,75,65
47,Ludvig Åberg,86.30%,73,63
48,Nick Taylor,86.08%,79,68
49,Adam Scott,85.90%,78,67
50,Billy Horschel,85.54%,83,71
51,Akshay Bhatia,84.93%,73,62
51,Denny McCarthy,84.93%,73,62
53,Will Zalatoris,84.21%,76,64
54,Harry Hall,83.56%,73,61
55,J.T. Poston,83.12%,77,64
56,Kevin Yu,82.50%,80,66
57,Cam Davis,82.43%,74,61
58,Brian Harman,80.95%,84,68
