rank,player,% Made,Attempts,Putts made
1,Ludvig Åberg,100.00%,3,3
1,Corey Conners,100.00%,4,4
1,Tony Finau,100.00%,1,1
1,Sungjae Im,100.00%,2,2
1,Hideki Matsuyama,100.00%,2,2
1,Collin Morikawa,100.00%,2,2
1,Taylor Pendrith,100.00%,1,1
8,Matthieu Pavon,85.71%,7,6
9,Aaron Rai,80.00%,5,4
10,Adam Hadwin,75.00%,4,3
10,Nick Taylor,75.00%,4,3
12,Austin Eckroat,71.43%,7,5
13,Rafael Campos,66.67%,3,2
13,Patrick Cantlay,66.67%,6,4
13,Cam Davis,66.67%,3,2
13,Thomas Detry,66.67%,3,2
13,Brian Harman,66.67%,3,2
13,Russell Henley,66.67%,6,4
13,Maverick McNealy,66.67%,3,2
13,J.T. Poston,66.67%,3,2
21,Eric Cole,60.00%,5,3
21,Nico Echavarria,60.00%,5,3
23,Byeong Hun An,50.00%,2,1
23,Wyndham Clark,50.00%,2,1
23,Brice Garnett,50.00%,4,2
23,Viktor Hovland,50.00%,8,4
23,Stephan Jaeger,50.00%,4,2
23,Patton Kizzire,50.00%,2,1
23,Jake Knapp,50.00%,2,1
23,Robert MacIntyre,50.00%,4,2
23,Denny McCarthy,50.00%,2,1
23,Xander Schauffele,50.00%,4,2
23,Sahith Theegala,50.00%,2,1
23,Jhonattan Vegas,50.00%,4,2
23,Kevin Yu,50.00%,6,3
23,Will Zalatoris,50.00%,6,3
37,Chris Gotterup,40.00%,5,2
37,Harry Hall,40.00%,5,2
37,Tom Hoge,40.00%,5,2
40,Sam Burns,33.33%,3,1
40,Billy Horschel,33.33%,3,1
42,Christiaan Bezuidenhout,25.00%,4,1
42,Max Greyserman,25.00%,4,1
42,Adam Scott,25.00%,4,1
42,Sepp Straka,25.00%,4,1
46,Davis Thompson,20.00%,5,1
47,Akshay Bhatia,16.67%,6,1
48,Keegan Bradley,.00%,3,0
48,Jason Day,.00%,1,0
48,Nick Dunlap,.00%,2,0
48,Matt Fitzpatrick,.00%,4,0
48,Max Homa,.00%,1,0
48,Matt McCarty,.00%,1,0
48,Justin Thomas,.00%,2,0
48,Cameron Young,.00%,1,0
