rank,player,% Made,Attempts,Putts made
1,Cam Davis,75.00%,4,3
2,Cameron Young,60.00%,5,3
3,Corey Conners,46.15%,13,6
4,Tom Hoge,44.44%,9,4
5,Davis Thompson,37.50%,8,3
6,Austin Eckroat,36.36%,11,4
6,Collin Morikawa,36.36%,11,4
8,Ludvig Åberg,33.33%,6,2
8,Nico Echavarria,33.33%,9,3
8,Viktor Hovland,33.33%,6,2
11,Keegan Bradley,30.00%,10,3
12,Tony Finau,28.57%,14,4
12,Kevin Yu,28.57%,7,2
14,Patrick Cantlay,27.27%,11,3
14,Brian Harman,27.27%,11,3
14,Max Homa,27.27%,11,3
17,Akshay Bhatia,25.00%,4,1
17,Taylor Pendrith,25.00%,4,1
17,Sepp Straka,25.00%,4,1
20,Rafael Campos,22.22%,9,2
20,Brice Garnett,22.22%,9,2
20,Stephan Jaeger,22.22%,9,2
20,Patton Kizzire,22.22%,9,2
24,Matt Fitzpatrick,21.43%,14,3
25,Byeong Hun An,20.00%,10,2
25,Xander Schauffele,20.00%,5,1
25,Adam Scott,20.00%,5,1
25,Sahith Theegala,20.00%,10,2
25,Will Zalatoris,20.00%,5,1
30,Chris Gotterup,18.18%,11,2
31,Christiaan Bezuidenhout,16.67%,6,1
31,Sungjae Im,16.67%,6,1
31,Justin Thomas,16.67%,6,1
34,Denny McCarthy,15.38%,13,2
35,Thomas Detry,14.29%,7,1
35,Chris Kirk,14.29%,7,1
35,Hideki Matsuyama,14.29%,7,1
35,Jhonattan Vegas,14.29%,7,1
39,Harry Hall,10.00%,10,1
39,Nick Taylor,10.00%,10,1
41,Si Woo Kim,9.09%,11,1
42,Nick Dunlap,8.33%,12,1
43,Sam Burns,0.00%,8,0
43,Wyndham Clark,0.00%,6,0
43,Eric Cole,0.00%,6,0
43,Jason Day,0.00%,7,0
43,Max Greyserman,0.00%,5,0
43,Adam Hadwin,0.00%,5,0
43,Russell Henley,0.00%,5,0
43,Billy Horschel,0.00%,4,0
43,Jake Knapp,0.00%,5,0
43,Robert MacIntyre,0.00%,8,0
43,Peter Malnati,0.00%,3,0
43,Matt McCarty,0.00%,4,0
43,Maverick McNealy,0.00%,2,0
43,Matthieu Pavon,0.00%,7,0
43,J.T. Poston,0.00%,7,0
43,Aaron Rai,0.00%,7,0
