rank,player,% Made,Attempts,Putts made
1,Ludvig Åberg,100.00%,7,7
1,Byeong Hun An,100.00%,11,11
1,Christiaan Bezuidenhout,100.00%,5,5
1,Akshay Bhatia,100.00%,5,5
1,Keegan Bradley,100.00%,4,4
1,Sam Burns,100.00%,10,10
1,Rafael Campos,100.00%,6,6
1,Patrick Cantlay,100.00%,7,7
1,Eric Cole,100.00%,5,5
1,Corey Conners,100.00%,4,4
1,Cam Davis,100.00%,10,10
1,Thomas Detry,100.00%,10,10
1,Nick Dunlap,100.00%,7,7
1,Nico Echavarria,100.00%,7,7
1,Austin Eckroat,100.00%,4,4
1,Matt Fitzpatrick,100.00%,8,8
1,Max Greyserman,100.00%,8,8
1,Adam Hadwin,100.00%,5,5
1,Harry Hall,100.00%,4,4
1,Russell Henley,100.00%,4,4
1,Tom Hoge,100.00%,6,6
1,Viktor Hovland,100.00%,7,7
1,Stephan Jaeger,100.00%,13,13
1,Si Woo Kim,100.00%,7,7
1,Chris Kirk,100.00%,11,11
1,Robert MacIntyre,100.00%,8,8
1,Peter Malnati,100.00%,6,6
1,Denny McCarthy,100.00%,9,9
1,Matt McCarty,100.00%,4,4
1,Maverick McNealy,100.00%,6,6
1,Collin Morikawa,100.00%,4,4
1,Taylor Pendrith,100.00%,7,7
1,J.T. Poston,100.00%,7,7
1,Aaron Rai,100.00%,5,5
1,Xander Schauffele,100.00%,11,11
1,Adam Scott,100.00%,1,1
1,Sepp Straka,100.00%,7,7
1,Sahith Theegala,100.00%,4,4
1,Davis Thompson,100.00%,5,5
1,Cameron Young,100.00%,6,6
1,Will Zalatoris,100.00%,5,5
42,Patton Kizzire,90.91%,11,10
43,Brice Garnett,88.89%,9,8
43,Nick Taylor,88.89%,9,8
45,Billy Horschel,87.50%,8,7
45,Matthieu Pavon,87.50%,8,7
45,Jhonattan Vegas,87.50%,8,7
48,Wyndham Clark,85.71%,7,6
48,Sungjae Im,85.71%,7,6
48,Justin Thomas,85.71%,7,6
51,Jason Day,83.33%,6,5
51,Tony Finau,83.33%,6,5
51,Jake Knapp,83.33%,6,5
54,Max Homa,80.00%,10,8
54,Hideki Matsuyama,80.00%,10,8
56,Brian Harman,75.00%,8,6
57,Chris Gotterup,66.67%,3,2
57,Kevin Yu,66.67%,6,4
