rank,player,%,Attempts,Putts made
1,Corey Conners,100.00%,10,10
2,Sungjae Im,84.21%,19,16
3,Nico Echavarria,73.33%,15,11
4,Tony Finau,71.43%,14,10
4,Taylor Pendrith,71.43%,14,10
4,Cameron Young,71.43%,14,10
7,Austin Eckroat,70.59%,17,12
7,Aaron Rai,70.59%,17,12
9,Eric Cole,69.57%,23,16
9,Adam Hadwin,69.57%,23,16
11,Hideki Matsuyama,69.23%,13,9
12,Christiaan Bezuidenhout,68.75%,16,11
12,Collin Morikawa,68.75%,16,11
14,Matthieu Pavon,68.42%,19,13
15,Max Greyserman,66.67%,15,10
15,Justin Thomas,66.67%,15,10
17,Viktor Hovland,65.22%,23,15
17,Maverick McNealy,65.22%,23,15
19,Thomas Detry,64.71%,17,11
19,Si Woo Kim,64.71%,17,11
21,Nick Dunlap,64.29%,14,9
22,Sam Burns,63.64%,22,14
22,Rafael Campos,63.64%,11,7
22,Davis Thompson,63.64%,22,14
25,Stephan Jaeger,63.16%,19,12
26,Patrick Cantlay,62.50%,16,10
26,Xander Schauffele,62.50%,16,10
28,Wyndham Clark,61.11%,18,11
29,Ludvig Åberg,60.00%,25,15
29,Matt Fitzpatrick,60.00%,20,12
29,Tom Hoge,60.00%,15,9
29,Peter Malnati,60.00%,15,9
29,Sepp Straka,60.00%,20,12
34,Max Homa,58.82%,17,10
35,Russell Henley,57.89%,19,11
36,Chris Kirk,57.14%,14,8
36,Jake Knapp,57.14%,14,8
38,Matt McCarty,56.25%,16,9
39,Chris Gotterup,55.56%,18,10
40,Patton Kizzire,53.85%,13,7
41,Keegan Bradley,53.33%,15,8
42,Nick Taylor,52.94%,17,9
42,Sahith Theegala,52.94%,17,9
42,Jhonattan Vegas,52.94%,17,9
45,Will Zalatoris,52.00%,25,13
46,Byeong Hun An,50.00%,12,6
46,Jason Day,50.00%,14,7
46,Robert MacIntyre,50.00%,14,7
46,J.T. Poston,50.00%,16,8
46,Kevin Yu,50.00%,22,11
51,Cam Davis,48.00%,25,12
52,Harry Hall,47.83%,23,11
53,Akshay Bhatia,47.62%,21,10
53,Adam Scott,47.62%,21,10
55,Billy Horschel,47.06%,17,8
56,Brian Harman,45.83%,24,11
57,Brice Garnett,38.46%,13,5
58,Denny McCarthy,28.57%,14,4
