rank,player,% Made,Attempts,Putts Made
1,Cameron Young,29.27%,41,12
2,Hideki Matsuyama,28.57%,42,12
3,Cam Davis,25.64%,39,10
4,Akshay Bhatia,23.26%,43,10
5,Corey Conners,22.81%,57,13
6,Collin Morikawa,22.73%,44,10
7,Harry Hall,21.95%,41,9
8,Patrick Cantlay,21.28%,47,10
8,Austin Eckroat,21.28%,47,10
10,Tony Finau,21.15%,52,11
11,Ludvig Åberg,20.00%,40,8
11,Peter Malnati,20.00%,45,9
13,Justin Thomas,19.57%,46,9
14,Matt Fitzpatrick,19.15%,47,9
15,Thomas Detry,19.05%,42,8
15,J.T. Poston,19.05%,42,8
17,Keegan Bradley,18.75%,48,9
17,Denny McCarthy,18.75%,48,9
19,Adam Hadwin,18.60%,43,8
20,Tom Hoge,18.37%,49,9
21,Will Zalatoris,18.18%,44,8
22,Christiaan Bezuidenhout,18.00%,50,9
23,Sam Burns,17.07%,41,7
24,Chris Gotterup,16.98%,53,9
25,Si Woo Kim,16.67%,36,6
25,Aaron Rai,16.67%,48,8
27,Wyndham Clark,16.28%,43,7
28,Sepp Straka,15.91%,44,7
28,Jhonattan Vegas,15.91%,44,7
30,Kevin Yu,15.79%,38,6
31,Sungjae Im,15.38%,39,6
32,Max Greyserman,15.22%,46,7
33,Nico Echavarria,14.89%,47,7
34,Chris Kirk,14.63%,41,6
35,Jake Knapp,14.00%,50,7
36,Brice Garnett,13.04%,46,6
36,Max Homa,13.04%,46,6
36,Sahith Theegala,13.04%,46,6
39,Adam Scott,12.82%,39,5
40,Robert MacIntyre,12.73%,55,7
41,Rafael Campos,12.50%,48,6
41,Matthieu Pavon,12.50%,40,5
43,Davis Thompson,12.24%,49,6
44,Nick Dunlap,11.67%,60,7
45,Russell Henley,11.36%,44,5
45,Taylor Pendrith,11.36%,44,5
47,Byeong Hun An,11.11%,45,5
48,Jason Day,10.20%,49,5
49,Viktor Hovland,9.76%,41,4
49,Stephan Jaeger,9.76%,41,4
51,Maverick McNealy,9.30%,43,4
51,Nick Taylor,9.30%,43,4
53,Brian Harman,9.09%,44,4
54,Matt McCarty,8.89%,45,4
55,Xander Schauffele,8.16%,49,4
56,Patton Kizzire,7.69%,39,3
57,Eric Cole,4.88%,41,2
58,Billy Horschel,2.50%,40,1
