rank,player,%,Attempts,Putts made
1,Ludvig Åberg,100.00%,48,48
1,Byeong Hun An,100.00%,61,61
1,Christiaan Bezuidenhout,100.00%,52,52
1,Akshay Bhatia,100.00%,52,52
1,Eric Cole,100.00%,54,54
1,Cam Davis,100.00%,49,49
1,Thomas Detry,100.00%,53,53
1,Nick Dunlap,100.00%,56,56
1,Matt Fitzpatrick,100.00%,51,51
1,Harry Hall,100.00%,50,50
1,Tom Hoge,100.00%,53,53
1,Viktor Hovland,100.00%,53,53
1,Stephan Jaeger,100.00%,56,56
1,Robert MacIntyre,100.00%,57,57
1,Maverick McNealy,100.00%,53,53
1,Adam Scott,100.00%,57,57
1,Sahith Theegala,100.00%,55,55
1,Will Zalatoris,100.00%,51,51
19,Denny McCarthy,98.31%,59,58
19,Matt McCarty,98.31%,59,58
19,Xander Schauffele,98.31%,59,58
22,Russell Henley,98.25%,57,56
22,Jake Knapp,98.25%,57,56
22,Jhonattan Vegas,98.25%,57,56
25,Max Greyserman,98.21%,56,55
25,Si Woo Kim,98.21%,56,55
27,Wyndham Clark,98.18%,55,54
27,Nico Echavarria,98.18%,55,54
27,Matthieu Pavon,98.18%,55,54
30,Chris Gotterup,98.15%,54,53
30,Sepp Straka,98.15%,54,53
32,Peter Malnati,98.11%,53,52
32,Aaron Rai,98.11%,53,52
34,Sam Burns,98.08%,52,51
34,Collin Morikawa,98.08%,52,51
36,Patrick Cantlay,98.04%,51,50
36,Sungjae Im,98.04%,51,50
38,Cameron Young,98.00%,50,49
39,Adam Hadwin,97.96%,49,48
40,Brice Garnett,96.83%,63,61
41,Jason Day,96.77%,62,60
41,Patton Kizzire,96.77%,62,60
43,Max Homa,96.55%,58,56
44,Taylor Pendrith,96.49%,57,55
45,Keegan Bradley,96.43%,56,54
46,Justin Thomas,96.36%,55,53
47,Tony Finau,96.23%,53,51
47,Davis Thompson,96.23%,53,51
49,Austin Eckroat,96.15%,52,50
50,Corey Conners,96.08%,51,49
51,Billy Horschel,95.45%,66,63
52,Nick Taylor,95.16%,62,59
53,Rafael Campos,95.08%,61,58
53,Chris Kirk,95.08%,61,58
55,Brian Harman,95.00%,60,57
56,Kevin Yu,94.83%,58,55
57,Hideki Matsuyama,94.23%,52,49
58,J.T. Poston,91.80%,61,56
