rank,player,Putts Made
1,Corey Conners,13.0
2,Hideki Matsuyama,12.0
2,Cameron Young,12.0
4,Tony Finau,11.0
5,Akshay Bhatia,10.0
5,Patrick Cantlay,10.0
5,Cam Davis,10.0
5,Austin Eckroat,10.0
5,Collin Morikawa,10.0
10,Christiaan Bezuidenhout,9.0
10,Keegan Bradley,9.0
10,Matt Fitzpatrick,9.0
10,Chris Gotterup,9.0
10,Harry Hall,9.0
10,Tom Hoge,9.0
10,Peter Malnati,9.0
10,Denny McCarthy,9.0
10,Justin Thomas,9.0
19,Ludvig Åberg,8.0
19,Thomas Detry,8.0
19,Adam Hadwin,8.0
19,J.T. Poston,8.0
19,Aaron Rai,8.0
19,Will Zalatoris,8.0
25,Sam Burns,7.0
25,Wyndham Clark,7.0
25,Nick Dunlap,7.0
25,Nico Echavarria,7.0
25,Max Greyserman,7.0
25,Jake Knapp,7.0
25,Robert MacIntyre,7.0
25,Sepp Straka,7.0
25,Jhonattan Vegas,7.0
34,Rafael Campos,6.0
34,Brice Garnett,6.0
34,Max Homa,6.0
34,Sungjae Im,6.0
34,Si Woo Kim,6.0
34,Chris Kirk,6.0
34,Sahith Theegala,6.0
34,Davis Thompson,6.0
34,Kevin Yu,6.0
43,Byeong Hun An,5.0
43,Jason Day,5.0
43,Russell Henley,5.0
43,Matthieu Pavon,5.0
43,Taylor Pendrith,5.0
43,Adam Scott,5.0
49,Brian Harman,4.0
49,Viktor Hovland,4.0
49,Stephan Jaeger,4.0
49,Matt McCarty,4.0
49,Maverick McNealy,4.0
49,Xander Schauffele,4.0
49,Nick Taylor,4.0
56,Patton Kizzire,3.0
57,Eric Cole,2.0
58,Billy Horschel,1.0
