rank,player,% Made,Attempts,Putts made
1,Ludvig Åberg,100.00%,13,13
1,Byeong Hun An,100.00%,15,15
1,Christiaan Bezuidenhout,100.00%,8,8
1,Akshay Bhatia,100.00%,8,8
1,Sam Burns,100.00%,14,14
1,Patrick Cantlay,100.00%,7,7
1,Eric Cole,100.00%,8,8
1,Cam Davis,100.00%,15,15
1,Thomas Detry,100.00%,15,15
1,Nick Dunlap,100.00%,10,10
1,Matt Fitzpatrick,100.00%,14,14
1,Max Greyserman,100.00%,15,15
1,Harry Hall,100.00%,6,6
1,Russell Henley,100.00%,9,9
1,Tom Hoge,100.00%,7,7
1,Viktor Hovland,100.00%,9,9
1,Stephan Jaeger,100.00%,17,17
1,Robert MacIntyre,100.00%,12,12
1,Maverick McNealy,100.00%,8,8
1,Aaron Rai,100.00%,9,9
1,Adam Scott,100.00%,9,9
1,Sahith Theegala,100.00%,9,9
1,Will Zalatoris,100.00%,7,7
24,Xander Schauffele,93.33%,15,14
25,Nico Echavarria,92.86%,14,13
25,Sepp Straka,92.86%,14,13
27,Peter Malnati,92.31%,13,12
28,Wyndham Clark,91.67%,12,11
28,Denny McCarthy,91.67%,12,11
28,Matthieu Pavon,91.67%,12,11
31,Austin Eckroat,90.91%,11,10
31,Cameron Young,90.91%,11,10
33,Si Woo Kim,90.00%,10,9
33,Matt McCarty,90.00%,10,9
33,Jhonattan Vegas,90.00%,10,9
36,Sungjae Im,88.89%,9,8
36,Collin Morikawa,88.89%,9,8
38,Patton Kizzire,88.24%,17,15
39,Adam Hadwin,87.50%,8,7
40,Jason Day,86.67%,15,13
41,Brice Garnett,85.71%,14,12
41,Chris Gotterup,85.71%,7,6
41,Jake Knapp,85.71%,7,6
44,Rafael Campos,85.00%,20,17
45,Taylor Pendrith,84.62%,13,11
46,Max Homa,83.33%,12,10
46,Justin Thomas,83.33%,12,10
48,Chris Kirk,82.35%,17,14
48,Nick Taylor,82.35%,17,14
50,Corey Conners,81.82%,11,9
50,Kevin Yu,81.82%,11,9
52,Billy Horschel,80.00%,15,12
52,Hideki Matsuyama,80.00%,15,12
54,Keegan Bradley,77.78%,9,7
54,Tony Finau,77.78%,9,7
56,J.T. Poston,76.47%,17,13
57,Brian Harman,72.73%,11,8
58,Davis Thompson,71.43%,7,5
