rank,player,%,Greens Hit,Total Holes,Relative to par
1,Stuart Appleby,100.00,2,2,-0.50
1,Arjun Atwal,100.00,1,1,E
1,Jonathan Byrd,100.00,6,6,-0.17
1,Ben Crane,100.00,13,13,-0.23
1,Jim Furyk,100.00,8,8,-0.25
1,Robert Garrigus,100.00,2,2,E
1,Bill Haas,100.00,5,5,-0.40
1,Dustin Johnson,100.00,4,4,-0.25
1,Anthony Kim,100.00,6,6,-0.17
1,Matt Kuchar,100.00,2,2,-0.50
1,Bill Lunde,100.00,1,1,-1.00
1,Ryan Palmer,100.00,2,2,E
1,Adam Scott,100.00,4,4,E
1,Bubba Watson,100.00,1,1,-1.00
15,Ernie Els,83.33,5,6,E
16,Steve Stricker,81.82,9,11,-0.33
17,Tim Clark,80.00,4,5,-0.25
17,Charley Hoffman,80.00,4,5,-0.50
19,Rocco Mediate,77.78,7,9,E
20,Cameron Beckman,75.00,3,4,-0.67
20,Matt Bettencourt,75.00,3,4,E
20,Heath Slocum,75.00,3,4,E
23,Zach Johnson,71.43,5,7,-0.40
24,Jason Bohn,66.67,2,3,E
24,Jason Day,66.67,4,6,-0.25
24,Hunter Mahan,66.67,2,3,E
24,Graeme McDowell,66.67,4,6,E
24,Francesco Molinari,66.67,4,6,-0.25
24,Ian Poulter,66.67,2,3,E
30,Justin Rose,50.00,3,6,E
31,Derek Lamely,40.00,2,5,E
32,Carl Pettersson,.00,0,1,E
