rank,player,%,Greens Hit,Total Holes,Relative to par
1,Stuart Appleby,100.00,7,7,-0.29
1,Arjun Atwal,100.00,9,9,-0.22
1,Cameron Beckman,100.00,11,11,-0.09
1,Jason Bohn,100.00,8,8,-0.25
1,Jim Furyk,100.00,8,8,E
1,Charley Hoffman,100.00,7,7,-0.43
1,Dustin Johnson,100.00,10,10,-0.30
1,Anthony Kim,100.00,8,8,-0.50
1,Graeme McDowell,100.00,11,11,-0.45
1,Ian Poulter,100.00,8,8,-0.50
1,Justin Rose,100.00,9,9,-0.56
1,Adam Scott,100.00,11,11,-0.18
1,Heath Slocum,100.00,8,8,-0.13
1,Bubba Watson,100.00,11,11,-0.27
15,Tim Clark,94.12,16,17,-0.31
16,Matt Kuchar,92.86,13,14,-0.46
17,Rocco Mediate,88.89,8,9,-0.13
18,Jonathan Byrd,85.71,6,7,-0.50
18,Ernie Els,85.71,6,7,-0.50
18,Robert Garrigus,85.71,6,7,-0.33
18,Zach Johnson,85.71,6,7,-0.50
18,Carl Pettersson,85.71,12,14,-0.58
23,Matt Bettencourt,84.62,11,13,-0.09
23,Bill Haas,84.62,11,13,-0.09
25,Francesco Molinari,83.33,5,6,-0.40
26,Jason Day,80.00,4,5,-0.25
26,Derek Lamely,80.00,8,10,-0.13
28,Hunter Mahan,77.78,7,9,-0.43
28,Ryan Palmer,77.78,7,9,-0.29
30,Ben Crane,71.43,5,7,-0.20
30,Steve Stricker,71.43,5,7,-0.80
32,Bill Lunde,70.59,12,17,-0.17
