rank,player,%,Greens Hit,Total Holes,Relative to par
1,Matt Bettencourt,100.00,8,8,-0.13
1,Ben Crane,100.00,10,10,-0.40
1,Jason Day,100.00,5,5,-0.20
1,Ernie Els,100.00,14,14,-0.21
1,Robert Garrigus,100.00,11,11,-0.64
1,Charley Hoffman,100.00,5,5,-0.60
1,Hunter Mahan,100.00,12,12,-0.08
1,Graeme McDowell,100.00,9,9,-0.22
1,Carl Pettersson,100.00,10,10,-0.30
1,Justin Rose,100.00,8,8,-0.13
1,Steve Stricker,100.00,14,14,-0.29
1,Bubba Watson,100.00,3,3,-0.33
13,Jason Bohn,94.12,16,17,-0.06
14,Zach Johnson,93.75,15,16,-0.27
15,Rocco Mediate,92.31,12,13,-0.33
16,Bill Lunde,90.91,10,11,-0.30
17,Matt Kuchar,90.00,9,10,-0.11
18,Francesco Molinari,86.67,13,15,-0.38
18,Heath Slocum,86.67,13,15,-0.31
20,Bill Haas,85.71,6,7,-0.17
21,Jim Furyk,84.62,11,13,-0.27
22,Jonathan Byrd,81.82,9,11,-0.56
22,Ryan Palmer,81.82,9,11,E
22,Adam Scott,81.82,9,11,-0.22
25,Dustin Johnson,80.00,4,5,E
25,Derek Lamely,80.00,8,10,-0.38
27,Cameron Beckman,78.57,11,14,-0.64
27,Ian Poulter,78.57,11,14,-0.45
29,Anthony Kim,77.78,7,9,-0.14
30,Tim Clark,76.92,10,13,-0.10
31,Arjun Atwal,73.33,11,15,-0.18
32,Stuart Appleby,69.23,9,13,-0.33
