rank,player,%,Greens Hit,Total Holes,Relative to par
1,Jason Bohn,100.00,23,23,-0.48
1,Jim Furyk,100.00,24,24,-0.33
1,Graeme McDowell,100.00,32,32,-0.63
1,Ian Poulter,100.00,24,24,-0.67
1,Heath Slocum,100.00,26,26,-0.31
6,Bubba Watson,97.56,40,41,-0.48
7,Dustin Johnson,97.30,36,37,-0.58
8,Robert Garrigus,97.14,34,35,-0.65
9,Anthony Kim,96.88,31,32,-0.45
9,Matt Kuchar,96.88,31,32,-0.55
9,Justin Rose,96.88,31,32,-0.61
12,Tim Clark,96.55,28,29,-0.50
12,Adam Scott,96.55,28,29,-0.54
14,Jonathan Byrd,96.43,27,28,-0.56
15,Cameron Beckman,96.00,24,25,-0.25
16,Francesco Molinari,95.65,22,23,-0.50
17,Charley Hoffman,93.94,31,33,-0.48
18,Bill Haas,93.75,30,32,-0.47
19,Arjun Atwal,93.10,27,29,-0.56
20,Ernie Els,92.59,25,27,-0.36
21,Matt Bettencourt,91.18,31,34,-0.48
22,Steve Stricker,90.91,20,22,-0.65
23,Ryan Palmer,90.63,29,32,-0.48
24,Hunter Mahan,90.32,28,31,-0.46
25,Ben Crane,90.00,18,20,-0.17
25,Zach Johnson,90.00,18,20,-0.56
27,Jason Day,88.24,30,34,-0.47
27,Carl Pettersson,88.24,30,34,-0.60
29,Derek Lamely,86.67,26,30,-0.42
30,Stuart Appleby,86.21,25,29,-0.40
31,Bill Lunde,85.29,29,34,-0.38
32,Rocco Mediate,73.91,17,23,-0.59
