rank,player,%,Greens Hit,Total Holes,Relative to par
1,Bill Lunde,89.47,34,38,-0.15
2,Ben Crane,88.24,45,51,-0.24
3,Ernie Els,86.67,39,45,-0.15
4,Robert Garrigus,86.49,32,37,-0.22
5,Graeme McDowell,85.00,34,40,-0.18
6,Jason Bohn,84.78,39,46,-0.10
7,Ryan Palmer,84.62,33,39,-0.06
8,Steve Stricker,84.00,42,50,-0.24
9,Tim Clark,83.72,36,43,-0.08
10,Jim Furyk,83.33,40,48,-0.18
11,Ian Poulter,82.61,38,46,-0.24
12,Heath Slocum,82.22,37,45,-0.16
13,Carl Pettersson,81.08,30,37,-0.20
14,Zach Johnson,80.00,40,50,-0.20
14,Anthony Kim,80.00,32,40,-0.06
16,Jonathan Byrd,79.55,35,44,-0.29
17,Hunter Mahan,79.49,31,39,-0.03
17,Justin Rose,79.49,31,39,-0.06
19,Bill Haas,77.50,31,40,-0.16
20,Bubba Watson,76.92,20,26,-0.20
21,Francesco Molinari,75.51,37,49,-0.16
22,Matt Kuchar,74.36,29,39,-0.24
23,Dustin Johnson,74.19,23,31,-0.09
24,Charley Hoffman,73.68,28,38,-0.18
25,Arjun Atwal,73.17,30,41,-0.23
26,Rocco Mediate,72.92,35,48,-0.03
27,Adam Scott,70.73,29,41,E
28,Matt Bettencourt,70.27,26,37,-0.08
28,Jason Day,70.27,26,37,-0.15
30,Stuart Appleby,70.00,28,40,-0.29
31,Derek Lamely,68.29,28,41,-0.07
32,Cameron Beckman,63.64,28,44,-0.39
