rank,player,%,Greens Hit,# Holes,Relative/Par
1,Jason Bohn,100.0,1,1,+1.00
1,Jonathan Byrd,100.0,1,1,E
1,Ben Crane,100.0,1,1,-1.00
1,Charley Hoffman,100.0,1,1,E
1,Anthony Kim,100.0,1,1,E
1,Ryan Palmer,100.0,1,1,E
1,Carl Pettersson,100.0,1,1,-1.00
1,Steve Stricker,100.0,3,3,-1.00
9,Matt Bettencourt,66.7,2,3,E
9,Adam Scott,66.7,2,3,E
11,Cameron Beckman,50.0,1,2,-1.00
11,Tim Clark,50.0,1,2,E
11,Justin Rose,50.0,1,2,+1.00
14,Stuart Appleby,.0,0,1,E
14,Arjun Atwal,.0,0,2,E
14,Jason Day,.0,0,1,E
14,Ernie Els,.0,0,1,E
14,Robert Garrigus,.0,0,1,E
14,Hunter Mahan,.0,0,1,E
14,Rocco Mediate,.0,0,1,E
14,Francesco Molinari,.0,0,1,E
14,Ian Poulter,.0,0,1,E
