rank,player,%,Greens Hit,Total Holes,Relative to par
1,Arjun Atwal,100.00,6,6,E
1,Robert Garrigus,100.00,6,6,E
1,Anthony Kim,100.00,7,7,-0.29
1,Bill Lunde,100.00,7,7,-0.14
1,Ian Poulter,100.00,8,8,-0.13
1,Heath Slocum,100.00,4,4,-0.25
1,Bubba Watson,100.00,7,7,E
8,Jim Furyk,88.89,8,9,-0.13
8,Ryan Palmer,88.89,8,9,-0.25
10,Ben Crane,87.50,7,8,E
10,Carl Pettersson,87.50,7,8,-0.14
12,Jason Day,85.71,6,7,-0.17
12,Ernie Els,85.71,6,7,E
12,Hunter Mahan,85.71,6,7,-0.33
12,Francesco Molinari,85.71,6,7,-0.33
12,Justin Rose,85.71,6,7,-0.17
17,Cameron Beckman,83.33,5,6,-0.20
17,Tim Clark,83.33,5,6,E
17,Graeme McDowell,83.33,5,6,-0.20
17,Steve Stricker,83.33,5,6,-0.40
21,Jonathan Byrd,77.78,7,9,-0.29
22,Jason Bohn,75.00,6,8,-0.50
22,Bill Haas,75.00,6,8,-0.33
22,Matt Kuchar,75.00,6,8,-0.17
22,Derek Lamely,75.00,6,8,E
26,Stuart Appleby,71.43,5,7,-0.60
26,Dustin Johnson,71.43,5,7,+0.20
26,Zach Johnson,71.43,5,7,E
29,Charley Hoffman,70.00,7,10,E
30,Matt Bettencourt,66.67,4,6,-0.25
31,Rocco Mediate,50.00,3,6,E
31,Adam Scott,50.00,5,10,E
