rank,player,%,Greens Hit,# of Holes
1,Graeme McDowell,95.74,45,47
2,Anthony Kim,95.65,44,46
3,Robert Garrigus,94.87,37,39
4,Ernie Els,93.75,45,48
5,Dustin Johnson,92.31,36,39
6,Tim Clark,91.84,45,49
6,Bill Haas,91.84,45,49
6,Bubba Watson,91.84,45,49
9,Ryan Palmer,91.49,43,47
10,Bill Lunde,91.30,42,46
11,Jonathan Byrd,89.58,43,48
12,Ian Poulter,89.13,41,46
13,Ben Crane,88.46,46,52
13,Jim Furyk,88.46,46,52
15,Jason Bohn,88.37,38,43
16,Matt Bettencourt,88.10,37,42
17,Steve Stricker,88.00,44,50
18,Hunter Mahan,87.50,42,48
19,Stuart Appleby,87.18,34,39
20,Matt Kuchar,85.11,40,47
20,Justin Rose,85.11,40,47
22,Charley Hoffman,83.72,36,43
23,Zach Johnson,83.33,45,54
24,Francesco Molinari,82.69,43,52
25,Jason Day,82.61,38,46
26,Carl Pettersson,82.22,37,45
27,Heath Slocum,82.00,41,50
28,Adam Scott,81.25,39,48
29,Arjun Atwal,78.05,32,41
30,Cameron Beckman,76.92,30,39
31,Derek Lamely,76.74,33,43
32,Rocco Mediate,75.51,37,49
