rank,player,%,Greens Hit,# of holes
1,Ben Crane,100.00,8,8
1,Jim Furyk,100.00,8,8
1,Heath Slocum,100.00,10,10
4,Graeme McDowell,92.31,12,13
5,Bill Haas,90.91,10,11
6,Robert Garrigus,90.48,19,21
7,Steve Stricker,90.00,9,10
8,Justin Rose,84.62,11,13
9,Jonathan Byrd,83.33,10,12
9,Zach Johnson,83.33,5,6
9,Adam Scott,83.33,10,12
12,Jason Bohn,82.35,14,17
13,Tim Clark,81.82,9,11
14,Carl Pettersson,80.00,12,15
15,Bill Lunde,78.57,11,14
16,Matt Kuchar,76.92,10,13
17,Charley Hoffman,76.47,13,17
18,Dustin Johnson,76.19,16,21
19,Hunter Mahan,75.00,9,12
19,Francesco Molinari,75.00,6,8
21,Arjun Atwal,73.68,14,19
22,Anthony Kim,71.43,10,14
22,Ian Poulter,71.43,10,14
24,Ryan Palmer,69.23,9,13
25,Cameron Beckman,66.67,14,21
25,Matt Bettencourt,66.67,12,18
25,Ernie Els,66.67,8,12
28,Derek Lamely,64.71,11,17
29,Jason Day,64.29,9,14
30,Rocco Mediate,63.64,7,11
30,Bubba Watson,63.64,7,11
32,Stuart Appleby,57.14,12,21
