rank,player,%,Total Hit,Total Attempts,RTP Score
1,Robert Garrigus,91.67,66,72,-29.00
1,Graeme McDowell,91.67,66,72,-26.00
3,Jim Furyk,90.28,65,72,-16.00
4,Jonathan Byrd,88.89,64,72,-26.00
4,Tim Clark,88.89,64,72,-17.00
4,Ben Crane,88.89,64,72,-14.00
4,Ernie Els,88.89,64,72,-15.00
4,Anthony Kim,88.89,64,72,-16.00
4,Bill Lunde,88.89,64,72,-16.00
10,Jason Bohn,87.50,63,72,-15.00
10,Ryan Palmer,87.50,63,72,-16.00
10,Ian Poulter,87.50,63,72,-24.00
10,Justin Rose,87.50,63,72,-20.00
10,Heath Slocum,87.50,63,72,-14.00
10,Steve Stricker,87.50,63,72,-22.00
16,Bill Haas,86.11,62,72,-19.00
17,Matt Kuchar,84.72,61,72,-24.00
17,Hunter Mahan,84.72,61,72,-14.00
19,Dustin Johnson,83.33,60,72,-24.00
19,Francesco Molinari,83.33,60,72,-18.00
19,Carl Pettersson,83.33,60,72,-24.00
19,Adam Scott,83.33,60,72,-16.00
19,Bubba Watson,83.33,60,72,-23.00
24,Matt Bettencourt,81.94,59,72,-17.00
24,Charley Hoffman,81.94,59,72,-20.00
26,Jason Day,80.56,58,72,-20.00
26,Zach Johnson,80.56,58,72,-18.00
28,Arjun Atwal,79.17,57,72,-22.00
29,Derek Lamely,77.78,56,72,-12.00
30,Stuart Appleby,76.39,55,72,-18.00
31,Cameron Beckman,75.00,54,72,-17.00
32,Rocco Mediate,73.61,53,72,-11.00
