rank,player,%,Greens Hit,Total Holes,Relative to par
1,Graeme McDowell,100.00,41,41,-0.54
2,Robert Garrigus,97.83,45,46,-0.64
3,Bubba Watson,97.73,43,44,-0.47
4,Jason Bohn,97.50,39,40,-0.31
4,Justin Rose,97.50,39,40,-0.51
6,Dustin Johnson,95.24,40,42,-0.53
6,Matt Kuchar,95.24,40,42,-0.45
8,Ernie Els,95.12,39,41,-0.31
8,Heath Slocum,95.12,39,41,-0.31
10,Charley Hoffman,94.74,36,38,-0.50
11,Jim Furyk,94.59,35,37,-0.31
12,Steve Stricker,94.44,34,36,-0.50
13,Ben Crane,93.33,28,30,-0.25
14,Hunter Mahan,93.02,40,43,-0.35
15,Matt Bettencourt,92.86,39,42,-0.41
16,Anthony Kim,92.68,38,41,-0.39
17,Adam Scott,92.50,37,40,-0.46
18,Jonathan Byrd,92.31,36,39,-0.56
18,Bill Haas,92.31,36,39,-0.42
20,Francesco Molinari,92.11,35,38,-0.46
20,Ian Poulter,92.11,35,38,-0.60
22,Zach Johnson,91.67,33,36,-0.42
23,Carl Pettersson,90.91,40,44,-0.53
24,Tim Clark,90.48,38,42,-0.39
25,Cameron Beckman,89.74,35,39,-0.37
25,Jason Day,89.74,35,39,-0.43
27,Ryan Palmer,88.37,38,43,-0.37
28,Bill Lunde,86.67,39,45,-0.36
29,Arjun Atwal,86.36,38,44,-0.45
30,Derek Lamely,85.00,34,40,-0.41
31,Stuart Appleby,80.95,34,42,-0.38
32,Rocco Mediate,80.56,29,36,-0.48
