rank,player,Total
1,Lucas Glover,17
1,Vijay Singh,17
3,Michael Campbell,15
4,Stuart Appleby,14
4,Geoff Ogilvy,14
6,Jim Furyk,13
6,Sergio Garcia,13
6,Tim Petrovic,13
6,Vaughn Taylor,13
10,Jason Bohn,12
10,Olin Browne,12
10,Ted Purdy,12
10,David Toms,12
14,Bart Bryant,11
14,K.J. Choi,11
14,Robert Gamez,11
14,Kenny Perry,11
14,"Wes Short, Jr.",11
19,Mark Calcavecchia,10
19,Brad Faxon,10
19,Sean O'Hair,10
22,Peter Lonard,9
22,Carl Pettersson,9
22,Heath Slocum,9
25,Ben Crane,8
25,Justin Leonard,8
27,Jason Gore,7
28,Fred Funk,3
