rank,player,Total
1,Carl Pettersson,2
2,Stuart Appleby,1
2,Mark Calcavecchia,1
2,Lucas Glover,1
2,Vijay Singh,1
6,Jason Bohn,0
6,Olin Browne,0
6,Bart Bryant,0
6,Michael Campbell,0
6,K.J. Choi,0
6,Ben Crane,0
6,Brad Faxon,0
6,Fred Funk,0
6,Jim Furyk,0
6,Robert Gamez,0
6,Sergio Garcia,0
6,Jason Gore,0
6,Justin Leonard,0
6,Peter Lonard,0
6,Sean O'Hair,0
6,Geoff Ogilvy,0
6,Kenny Perry,0
6,Tim Petrovic,0
6,Ted Purdy,0
6,"Wes Short, Jr.",0
6,Heath Slocum,0
6,Vaughn Taylor,0
6,David Toms,0
