rank,player,%
1,Jim Furyk,44.44
1,Vijay Singh,44.44
3,Vaughn Taylor,36.36
4,Geoff Ogilvy,35.29
5,Stuart Appleby,28.57
6,Lucas Glover,26.67
7,K.J. Choi,25.00
8,David Toms,23.53
9,Sergio Garcia,23.08
10,Jason Bohn,22.22
11,Bart Bryant,21.43
12,Brad Faxon,20.00
13,Mark Calcavecchia,18.75
13,Tim Petrovic,18.75
13,"Wes Short, Jr.",18.75
16,Michael Campbell,18.18
17,Olin Browne,16.67
17,Sean O'Hair,16.67
19,Kenny Perry,15.00
20,Carl Pettersson,13.04
21,Robert Gamez,12.50
21,Jason Gore,12.50
21,Ted Purdy,12.50
24,Heath Slocum,12.00
25,Fred Funk,10.53
26,Ben Crane,10.00
27,Peter Lonard,9.09
28,Justin Leonard,.00
