rank,player,Avg RTP
1,Alex Cejka,-1.000
1,Matt Every,-1.000
1,Bill Haas,-1.000
1,Troy Merritt,-1.000
1,Jimmy Walker,-1.000
6,James Hahn,-.750
6,Brandt Snedeker,-.750
8,Padraig Harrington,-.500
8,Zach Johnson,-.500
8,Chris Kirk,-.500
8,Kevin Kisner,-.500
12,Patrick Reed,-.400
13,Rickie Fowler,-.333
13,Smylie Kaufman,-.333
13,Russell Knox,-.333
13,Jordan Spieth,-.333
13,Justin Thomas,-.333
18,Brooks Koepka,-.200
19,Steven Bowditch,E
19,Dustin Johnson,E
19,Danny Lee,E
19,David Lingmerth,E
19,Davis Love III,E
19,Peter Malnati,E
19,Graeme McDowell,E
19,Scott Piercy,E
19,Bubba Watson,E
28,Jason Day,+.200
29,J.B. Holmes,+.500
