rank,player,Avg RTP
1,Jordan Spieth,-1.500
2,Steven Bowditch,-1.000
2,J.B. Holmes,-1.000
2,Dustin Johnson,-1.000
2,Zach Johnson,-1.000
2,Smylie Kaufman,-1.000
2,Russell Knox,-1.000
2,Patrick Reed,-1.000
2,Bubba Watson,-1.000
10,Danny Lee,-.667
11,Rickie Fowler,-.500
11,Bill Haas,-.500
11,Padraig Harrington,-.500
11,David Lingmerth,-.500
11,Troy Merritt,-.500
16,Fabián Gómez,-.400
17,Matt Every,-.333
17,Emiliano Grillo,-.333
17,J.J. Henry,-.333
17,Graeme McDowell,-.333
17,Scott Piercy,-.333
17,Brandt Snedeker,-.333
23,Peter Malnati,-.250
24,Alex Cejka,E
24,Kevin Kisner,E
24,Davis Love III,E
27,James Hahn,+.500
27,Jimmy Walker,+.500
29,Chris Kirk,+1.000
