rank,player,Avg RTP
1,Jordan Spieth,-.684
2,Brooks Koepka,-.563
3,Patrick Reed,-.556
4,Jason Day,-.545
5,J.B. Holmes,-.500
5,Dustin Johnson,-.500
7,Danny Lee,-.429
8,Zach Johnson,-.421
9,Smylie Kaufman,-.412
10,David Lingmerth,-.381
11,Rickie Fowler,-.368
11,Bill Haas,-.368
13,Russell Knox,-.333
14,Kevin Kisner,-.294
15,Fabián Gómez,-.217
16,Brandt Snedeker,-.211
17,Emiliano Grillo,-.208
18,Graeme McDowell,-.200
19,Alex Cejka,-.190
19,Matt Every,-.190
19,Davis Love III,-.190
22,Steven Bowditch,-.188
23,Troy Merritt,-.182
24,Peter Malnati,-.174
25,James Hahn,-.158
25,Scott Piercy,-.158
27,Padraig Harrington,-.150
28,Jimmy Walker,-.118
29,Bubba Watson,-.100
30,Chris Kirk,E
30,Justin Thomas,E
32,J.J. Henry,+.053
