rank,player,Avg RTP
1,Jordan Spieth,-.750
2,Brooks Koepka,-.636
3,Jason Day,-.500
4,Zach Johnson,-.455
5,Bill Haas,-.417
5,Patrick Reed,-.417
7,Alex Cejka,-.364
8,Kevin Kisner,-.333
9,Peter Malnati,-.308
10,Graeme McDowell,-.300
11,Matt Every,-.273
11,James Hahn,-.273
11,J.B. Holmes,-.273
14,Brandt Snedeker,-.250
15,Rickie Fowler,-.222
15,Scott Piercy,-.222
17,Padraig Harrington,-.200
18,Smylie Kaufman,-.182
18,David Lingmerth,-.182
20,Davis Love III,-.143
21,Chris Kirk,-.111
21,Danny Lee,-.111
23,Jimmy Walker,-.091
24,Russell Knox,-.083
25,Steven Bowditch,E
25,Fabián Gómez,E
25,Emiliano Grillo,E
25,Dustin Johnson,E
25,Troy Merritt,E
25,Bubba Watson,E
31,J.J. Henry,+.200
31,Justin Thomas,+.200
