rank,player,Avg RTP
1,Kevin Kisner,-.375
2,Jason Day,-.333
2,Fabián Gómez,-.333
2,James Hahn,-.333
2,J.B. Holmes,-.333
2,Brandt Snedeker,-.333
7,Peter Malnati,-.300
8,Chris Kirk,-.250
9,Justin Thomas,-.222
10,Dustin Johnson,-.200
10,Smylie Kaufman,-.200
10,Jimmy Walker,-.200
13,Bill Haas,-.167
13,Bubba Watson,-.167
15,Alex Cejka,E
15,Rickie Fowler,E
15,Emiliano Grillo,E
15,Padraig Harrington,E
15,J.J. Henry,E
15,Russell Knox,E
15,Brooks Koepka,E
15,Danny Lee,E
15,David Lingmerth,E
15,Scott Piercy,E
15,Patrick Reed,E
15,Jordan Spieth,E
27,Matt Every,+.125
28,Troy Merritt,+.167
29,Graeme McDowell,+.250
30,Davis Love III,+.333
31,Steven Bowditch,+.500
32,Zach Johnson,+.571
