rank,player,%,Total Birdies,Total Holes
1,Jordan Spieth,44.44,24,54
2,Kevin Kisner,40.82,20,49
3,Brooks Koepka,35.29,18,51
4,Zach Johnson,35.09,20,57
5,J.B. Holmes,33.33,17,51
5,Smylie Kaufman,33.33,17,51
7,Danny Lee,32.73,18,55
8,Rickie Fowler,32.69,17,52
9,Steven Bowditch,32.20,19,59
10,Patrick Reed,32.08,17,53
11,Bubba Watson,31.82,14,44
12,Dustin Johnson,31.11,14,45
13,David Lingmerth,30.00,18,60
14,Troy Merritt,29.63,16,54
14,Scott Piercy,29.63,16,54
16,Jason Day,29.55,13,44
17,Brandt Snedeker,29.41,15,51
18,Matt Every,28.85,15,52
18,Jimmy Walker,28.85,15,52
20,Emiliano Grillo,28.81,17,59
21,Peter Malnati,28.00,14,50
22,Fabián Gómez,26.67,16,60
23,Justin Thomas,25.53,12,47
24,Bill Haas,25.00,15,60
24,Davis Love III,25.00,14,56
26,Padraig Harrington,24.56,14,57
27,Russell Knox,23.73,14,59
28,Chris Kirk,21.82,12,55
29,Alex Cejka,20.37,11,54
30,Graeme McDowell,19.30,11,57
31,James Hahn,13.21,7,53
32,J.J. Henry,10.00,6,60
