rank,player,Avg RTP
1,Kevin Kisner,-.538
2,Jordan Spieth,-.529
3,Troy Merritt,-.429
3,Scott Piercy,-.429
5,Matt Every,-.421
6,Jimmy Walker,-.385
7,Steven Bowditch,-.350
8,Rickie Fowler,-.333
8,Fabián Gómez,-.333
8,Emiliano Grillo,-.333
8,J.B. Holmes,-.333
8,Zach Johnson,-.333
8,Bubba Watson,-.333
14,Patrick Reed,-.286
14,Justin Thomas,-.286
16,Bill Haas,-.278
17,Brandt Snedeker,-.231
18,Padraig Harrington,-.222
18,Smylie Kaufman,-.222
20,Dustin Johnson,-.214
21,Danny Lee,-.211
21,Graeme McDowell,-.211
23,Jason Day,-.200
23,Chris Kirk,-.200
25,Davis Love III,-.190
26,Brooks Koepka,-.176
27,Peter Malnati,-.143
28,Alex Cejka,-.125
28,David Lingmerth,-.125
30,Russell Knox,-.045
31,J.J. Henry,E
32,James Hahn,+.400
