rank,player,Avg RTP
1,Davis Love III,-1.000
2,Alex Cejka,-.600
3,Smylie Kaufman,-.500
4,Peter Malnati,-.444
5,Chris Kirk,-.429
6,James Hahn,-.400
7,Padraig Harrington,-.250
7,Scott Piercy,-.250
9,Rickie Fowler,-.200
9,Kevin Kisner,-.200
9,Brandt Snedeker,-.200
12,Dustin Johnson,-.167
13,Bill Haas,-.143
13,Justin Thomas,-.143
15,Patrick Reed,-.091
16,Steven Bowditch,E
16,Jason Day,E
16,Matt Every,E
16,Fabián Gómez,E
16,Emiliano Grillo,E
16,J.J. Henry,E
16,J.B. Holmes,E
16,Zach Johnson,E
16,Russell Knox,E
16,Danny Lee,E
16,David Lingmerth,E
16,Troy Merritt,E
16,Jordan Spieth,E
16,Bubba Watson,E
30,Brooks Koepka,+.143
31,Jimmy Walker,+.333
32,Graeme McDowell,+.500
