rank,player,%,Total Birdies,Total Holes
1,Jimmy Walker,45.45,5,11
2,Peter Malnati,40.00,6,15
2,Brandt Snedeker,40.00,6,15
4,James Hahn,35.71,5,14
5,Bubba Watson,31.58,6,19
6,Justin Thomas,31.25,5,16
7,Alex Cejka,30.77,4,13
8,Padraig Harrington,30.00,3,10
9,Kevin Kisner,26.67,4,15
10,Smylie Kaufman,25.00,3,12
11,Jason Day,23.53,4,17
12,Chris Kirk,23.08,3,13
12,Patrick Reed,23.08,3,13
14,Steven Bowditch,22.22,2,9
14,Bill Haas,22.22,2,9
14,Davis Love III,22.22,2,9
17,Matt Every,20.00,2,10
17,Dustin Johnson,20.00,4,20
17,Danny Lee,20.00,2,10
17,Troy Merritt,20.00,2,10
21,Fabián Gómez,16.67,1,6
21,Zach Johnson,16.67,2,12
23,Scott Piercy,15.38,2,13
24,Rickie Fowler,14.29,2,14
24,Emiliano Grillo,14.29,1,7
24,J.J. Henry,14.29,1,7
27,Brooks Koepka,13.33,2,15
28,Graeme McDowell,12.50,1,8
29,Russell Knox,10.00,1,10
30,J.B. Holmes,9.09,1,11
31,Jordan Spieth,8.33,1,12
32,David Lingmerth,.00,0,7
