rank,player,%,Total Birdies,Total Holes
1,Kevin Kisner,50.00,3,6
2,Bubba Watson,38.46,5,13
3,David Lingmerth,37.50,3,8
3,Justin Thomas,37.50,3,8
5,Dustin Johnson,35.71,5,14
6,Troy Merritt,33.33,2,6
7,Padraig Harrington,30.00,3,10
8,Smylie Kaufman,28.57,2,7
9,Jason Day,25.00,2,8
9,Danny Lee,25.00,2,8
11,Russell Knox,22.22,2,9
11,Jimmy Walker,22.22,2,9
13,Matt Every,16.67,1,6
13,James Hahn,16.67,1,6
13,Scott Piercy,16.67,2,12
16,Steven Bowditch,15.38,2,13
17,Emiliano Grillo,14.29,1,7
17,Brooks Koepka,14.29,1,7
19,Patrick Reed,12.50,1,8
20,J.J. Henry,11.11,1,9
20,Davis Love III,11.11,1,9
22,Rickie Fowler,10.00,1,10
22,Brandt Snedeker,10.00,1,10
24,Alex Cejka,.00,0,9
24,Fabián Gómez,.00,0,9
24,Bill Haas,.00,0,11
24,J.B. Holmes,.00,0,9
24,Zach Johnson,.00,0,5
24,Chris Kirk,.00,0,7
24,Peter Malnati,.00,0,5
24,Graeme McDowell,.00,0,8
24,Jordan Spieth,.00,0,9
