rank,player,Avg RTP
1,Jordan Spieth,-.750
2,J.B. Holmes,-.667
2,Brandt Snedeker,-.667
4,Steven Bowditch,-.625
5,Matt Every,-.500
5,Bubba Watson,-.500
7,Kevin Kisner,-.400
8,Danny Lee,-.364
9,Jason Day,-.333
9,Rickie Fowler,-.333
9,Emiliano Grillo,-.333
9,Chris Kirk,-.333
9,Brooks Koepka,-.333
14,Bill Haas,-.286
15,Davis Love III,-.273
16,Patrick Reed,-.250
17,Troy Merritt,-.200
18,Fabián Gómez,-.167
18,Zach Johnson,-.167
20,Padraig Harrington,-.111
20,David Lingmerth,-.111
22,Russell Knox,-.091
22,Graeme McDowell,-.091
24,Alex Cejka,E
24,Dustin Johnson,E
24,Smylie Kaufman,E
24,Scott Piercy,E
24,Justin Thomas,E
29,J.J. Henry,+.100
30,Peter Malnati,+.250
31,James Hahn,+.500
32,Jimmy Walker,+1.000
