rank,player,Avg RTP
1,Smylie Kaufman,-1.000
1,Peter Malnati,-1.000
1,Jordan Spieth,-1.000
4,Patrick Reed,-.600
5,Matt Every,-.500
5,Fabián Gómez,-.500
5,Emiliano Grillo,-.500
5,Padraig Harrington,-.500
5,Scott Piercy,-.500
5,Justin Thomas,-.500
5,Jimmy Walker,-.500
12,J.B. Holmes,-.429
13,Jason Day,-.333
13,Rickie Fowler,-.333
13,Dustin Johnson,-.333
13,Chris Kirk,-.333
17,Zach Johnson,-.200
17,Bubba Watson,-.200
19,Steven Bowditch,E
19,Alex Cejka,E
19,Bill Haas,E
19,Russell Knox,E
19,Brooks Koepka,E
19,Danny Lee,E
19,David Lingmerth,E
19,Davis Love III,E
19,Brandt Snedeker,E
28,J.J. Henry,+.500
29,James Hahn,+1.000
