rank,player,Avg RTP
1,Smylie Kaufman,-.500
1,Chris Kirk,-.500
1,Danny Lee,-.500
4,Peter Malnati,-.429
5,James Hahn,-.400
6,Alex Cejka,-.333
6,Jason Day,-.333
6,Bill Haas,-.333
6,Kevin Kisner,-.333
6,Graeme McDowell,-.333
6,Brandt Snedeker,-.333
6,Jimmy Walker,-.333
13,Emiliano Grillo,-.250
14,Dustin Johnson,-.200
14,Justin Thomas,-.200
16,Matt Every,E
16,Rickie Fowler,E
16,J.J. Henry,E
16,J.B. Holmes,E
16,Russell Knox,E
16,David Lingmerth,E
16,Troy Merritt,E
16,Scott Piercy,E
16,Patrick Reed,E
16,Jordan Spieth,E
16,Bubba Watson,E
27,Brooks Koepka,+.200
28,Zach Johnson,+.400
29,Steven Bowditch,+.500
30,Davis Love III,+1.000
