rank,player,Avg RTP
1,Jordan Spieth,-.444
2,Kevin Kisner,-.347
3,Patrick Reed,-.340
4,Brooks Koepka,-.314
5,Danny Lee,-.273
6,Rickie Fowler,-.269
7,Zach Johnson,-.263
8,J.B. Holmes,-.255
9,Jason Day,-.250
9,Matt Every,-.250
11,Steven Bowditch,-.237
12,Brandt Snedeker,-.235
13,Bubba Watson,-.227
14,David Lingmerth,-.217
15,Troy Merritt,-.204
16,Fabián Gómez,-.200
16,Dustin Johnson,-.200
16,Peter Malnati,-.200
19,Padraig Harrington,-.193
20,Bill Haas,-.183
21,Smylie Kaufman,-.176
22,Emiliano Grillo,-.169
22,Russell Knox,-.169
24,Jimmy Walker,-.154
25,Scott Piercy,-.148
26,Davis Love III,-.125
27,Graeme McDowell,-.123
28,Alex Cejka,-.111
29,Justin Thomas,-.106
30,Chris Kirk,-.091
31,J.J. Henry,+.033
32,James Hahn,+.094
