rank,player,%,Total Birdies,Total Holes
1,Davis Love III,100.00,1,1
2,Alex Cejka,60.00,3,5
3,Peter Malnati,55.56,5,9
4,Padraig Harrington,50.00,2,4
4,Smylie Kaufman,50.00,2,4
6,Chris Kirk,42.86,3,7
7,James Hahn,40.00,2,5
8,Matt Every,33.33,1,3
9,Kevin Kisner,30.00,3,10
10,Steven Bowditch,25.00,1,4
10,Emiliano Grillo,25.00,1,4
10,J.B. Holmes,25.00,1,4
10,Dustin Johnson,25.00,3,12
10,Scott Piercy,25.00,1,4
15,Jason Day,22.22,2,9
16,Rickie Fowler,20.00,1,5
16,Brandt Snedeker,20.00,1,5
16,Bubba Watson,20.00,2,10
19,Patrick Reed,18.18,2,11
20,Zach Johnson,16.67,1,6
21,Bill Haas,14.29,1,7
21,Justin Thomas,14.29,1,7
23,Fabián Gómez,.00,0,1
23,J.J. Henry,.00,0,2
23,Russell Knox,.00,0,4
23,Brooks Koepka,.00,0,7
23,Danny Lee,.00,0,1
23,David Lingmerth,.00,0,2
23,Graeme McDowell,.00,0,4
23,Troy Merritt,.00,0,4
23,Jordan Spieth,.00,0,4
23,Jimmy Walker,.00,0,3
