rank,player,Avg RTP
1,Steven Bowditch,-.375
2,Alex Cejka,-.333
2,Zach Johnson,-.333
2,Chris Kirk,-.333
2,Kevin Kisner,-.333
2,Brooks Koepka,-.333
7,Rickie Fowler,-.300
8,Brandt Snedeker,-.286
9,Peter Malnati,-.250
10,Bubba Watson,-.222
11,Patrick Reed,-.200
12,Jordan Spieth,-.143
13,Jason Day,-.125
14,Fabián Gómez,-.111
15,Justin Thomas,-.091
16,Matt Every,E
16,Padraig Harrington,E
16,Russell Knox,E
16,Danny Lee,E
16,David Lingmerth,E
16,Davis Love III,E
16,Graeme McDowell,E
16,Troy Merritt,E
16,Jimmy Walker,E
25,Dustin Johnson,+.100
26,Bill Haas,+.111
26,Smylie Kaufman,+.111
28,Emiliano Grillo,+.143
28,J.J. Henry,+.143
30,James Hahn,+.200
31,Scott Piercy,+.250
32,J.B. Holmes,+.286
