rank,player,Avg RTP
1,Chris Kirk,-1.000
1,Kevin Kisner,-1.000
3,James Hahn,-.667
4,Danny Lee,-.500
5,Alex Cejka,-.333
5,Bill Haas,-.333
5,Peter Malnati,-.333
8,Dustin Johnson,-.250
9,Steven Bowditch,E
9,Jason Day,E
9,Matt Every,E
9,Rickie Fowler,E
9,Emiliano Grillo,E
9,J.J. Henry,E
9,J.B. Holmes,E
9,Zach Johnson,E
9,Smylie Kaufman,E
9,Russell Knox,E
9,Scott Piercy,E
9,Justin Thomas,E
9,Bubba Watson,E
22,Brooks Koepka,+1.000
22,Davis Love III,+1.000
22,Jimmy Walker,+1.000
