rank,player,%,Total Birdies,Total Holes
1,Steven Bowditch,50.00,4,8
2,Zach Johnson,42.86,3,7
2,Brandt Snedeker,42.86,3,7
4,Chris Kirk,37.50,3,8
5,Alex Cejka,33.33,2,6
5,Kevin Kisner,33.33,2,6
5,Bubba Watson,33.33,4,12
8,Rickie Fowler,30.00,3,10
8,Brooks Koepka,30.00,3,10
10,Smylie Kaufman,27.27,3,11
11,Davis Love III,25.00,1,4
11,Peter Malnati,25.00,1,4
11,Scott Piercy,25.00,3,12
11,Patrick Reed,25.00,2,8
11,Jordan Spieth,25.00,2,8
11,Justin Thomas,25.00,3,12
17,Jason Day,23.08,3,13
18,Fabián Gómez,22.22,2,9
19,Dustin Johnson,18.75,3,16
20,Matt Every,16.67,1,6
20,David Lingmerth,16.67,1,6
22,Emiliano Grillo,14.29,1,7
22,Graeme McDowell,14.29,1,7
22,Troy Merritt,14.29,1,7
25,J.B. Holmes,12.50,1,8
25,Danny Lee,12.50,1,8
27,Bill Haas,11.11,1,9
28,James Hahn,.00,0,6
28,Padraig Harrington,.00,0,7
28,J.J. Henry,.00,0,7
28,Russell Knox,.00,0,5
28,Jimmy Walker,.00,0,8
