rank,player,Avg RTP
1,Scott Piercy,-.714
2,Kevin Kisner,-.625
3,Zach Johnson,-.571
4,Troy Merritt,-.556
5,Jimmy Walker,-.500
6,Fabián Gómez,-.429
7,Jordan Spieth,-.417
8,Alex Cejka,-.400
9,Graeme McDowell,-.375
9,Justin Thomas,-.375
9,Bubba Watson,-.375
12,Matt Every,-.333
12,Rickie Fowler,-.333
14,Emiliano Grillo,-.300
14,Bill Haas,-.300
16,Steven Bowditch,-.222
16,Peter Malnati,-.222
18,Padraig Harrington,-.200
18,J.J. Henry,-.200
20,Smylie Kaufman,-.167
21,David Lingmerth,-.143
22,J.B. Holmes,-.125
22,Patrick Reed,-.125
22,Brandt Snedeker,-.125
25,Brooks Koepka,-.111
25,Davis Love III,-.111
27,Jason Day,E
27,Dustin Johnson,E
27,Chris Kirk,E
27,Russell Knox,E
27,Danny Lee,E
32,James Hahn,+.167
