rank,player,%,Total Birdies,Total Holes
1,Kevin Kisner,45.83,11,24
2,Jordan Spieth,40.91,9,22
3,Jimmy Walker,40.00,8,20
4,J.B. Holmes,38.10,8,21
5,Scott Piercy,35.29,6,17
6,Steven Bowditch,34.78,8,23
7,Fabián Gómez,33.33,6,18
7,Bubba Watson,33.33,7,21
9,Matt Every,32.14,9,28
10,Peter Malnati,31.03,9,29
11,Troy Merritt,30.77,8,26
12,Emiliano Grillo,29.17,7,24
12,Patrick Reed,29.17,7,24
14,Smylie Kaufman,28.00,7,25
15,Brandt Snedeker,27.27,6,22
16,Bill Haas,26.92,7,26
17,Justin Thomas,26.09,6,23
18,Jason Day,25.00,5,20
18,Padraig Harrington,25.00,5,20
20,Zach Johnson,24.14,7,29
21,Danny Lee,24.00,6,25
22,Dustin Johnson,23.81,5,21
23,Graeme McDowell,23.08,6,26
24,Alex Cejka,22.22,6,27
24,Rickie Fowler,22.22,4,18
26,David Lingmerth,21.43,6,28
27,Chris Kirk,21.05,4,19
28,Brooks Koepka,19.23,5,26
28,Davis Love III,19.23,5,26
30,James Hahn,11.54,3,26
30,J.J. Henry,11.54,3,26
32,Russell Knox,7.69,2,26
