rank,player,Avg RTP
1,Padraig Harrington,-1.333
2,Alex Cejka,-1.000
2,Matt Every,-1.000
2,Rickie Fowler,-1.000
2,Bill Haas,-1.000
2,Danny Lee,-1.000
2,Davis Love III,-1.000
2,Troy Merritt,-1.000
2,Jimmy Walker,-1.000
10,James Hahn,-.667
10,Brandt Snedeker,-.667
12,Kevin Kisner,-.500
12,Patrick Reed,-.500
14,Smylie Kaufman,-.333
14,Russell Knox,-.333
14,Jordan Spieth,-.333
17,Brooks Koepka,-.250
18,Steven Bowditch,E
18,Dustin Johnson,E
18,Peter Malnati,E
18,Scott Piercy,E
18,Justin Thomas,E
18,Bubba Watson,E
24,Jason Day,+.333
25,J.B. Holmes,+1.000
