rank,player,Avg RTP
1,Kevin Kisner,-.600
2,David Lingmerth,-.500
3,Troy Merritt,-.400
4,Danny Lee,-.333
5,Padraig Harrington,-.300
6,Dustin Johnson,-.286
6,Russell Knox,-.286
8,Bubba Watson,-.250
9,Matt Every,-.200
10,Emiliano Grillo,-.167
11,Brooks Koepka,-.143
11,Patrick Reed,-.143
11,Brandt Snedeker,-.143
11,Justin Thomas,-.143
11,Jimmy Walker,-.143
16,J.J. Henry,-.125
17,Scott Piercy,-.100
18,Steven Bowditch,-.083
19,Jason Day,E
19,Rickie Fowler,E
19,Fabián Gómez,E
19,J.B. Holmes,E
19,Peter Malnati,E
24,Bill Haas,+.111
25,Davis Love III,+.125
26,Jordan Spieth,+.143
27,James Hahn,+.167
27,Chris Kirk,+.167
29,Smylie Kaufman,+.200
30,Alex Cejka,+.250
30,Graeme McDowell,+.250
32,Zach Johnson,+.800
