rank,player,Avg RTP
1,J.B. Holmes,-1.000
1,Dustin Johnson,-1.000
3,Smylie Kaufman,-.750
4,Jason Day,-.667
5,David Lingmerth,-.625
6,Danny Lee,-.600
7,Rickie Fowler,-.500
7,Fabián Gómez,-.500
7,Patrick Reed,-.500
10,Jordan Spieth,-.444
11,Russell Knox,-.400
11,Davis Love III,-.400
13,Troy Merritt,-.375
14,Justin Thomas,-.333
14,Jimmy Walker,-.333
16,Zach Johnson,-.286
17,Emiliano Grillo,-.231
18,Bill Haas,-.200
18,Kevin Kisner,-.200
20,James Hahn,-.167
20,Padraig Harrington,-.167
22,Chris Kirk,-.100
23,Alex Cejka,E
23,Matt Every,E
23,J.J. Henry,E
23,Brooks Koepka,E
23,Graeme McDowell,E
23,Brandt Snedeker,E
23,Bubba Watson,E
30,Peter Malnati,+.167
31,Scott Piercy,+.500
