rank,player,Avg RTP
1,Alex Cejka,-.500
2,Rickie Fowler,-.333
2,Scott Piercy,-.333
4,J.J. Henry,-.250
5,Steven Bowditch,E
5,Jason Day,E
5,Fabián Gómez,E
5,James Hahn,E
5,Zach Johnson,E
5,Smylie Kaufman,E
5,Chris Kirk,E
5,Russell Knox,E
5,Brooks Koepka,E
5,Danny Lee,E
5,David Lingmerth,E
5,Peter Malnati,E
5,Graeme McDowell,E
5,Jordan Spieth,E
5,Jimmy Walker,E
20,Kevin Kisner,+.333
21,Patrick Reed,+.500
22,J.B. Holmes,+1.000
22,Davis Love III,+1.000
22,Bubba Watson,+1.000
