rank,player,%,Total Birdies,Total Holes
1,Peter Malnati,60.00,3,5
2,Brandt Snedeker,40.00,2,5
3,Jordan Spieth,33.33,2,6
4,Zach Johnson,30.00,3,10
5,Fabián Gómez,25.00,2,8
6,Alex Cejka,20.00,1,5
6,Dustin Johnson,20.00,1,5
8,Rickie Fowler,16.67,1,6
8,J.B. Holmes,16.67,1,6
8,Scott Piercy,16.67,1,6
11,Jimmy Walker,14.29,1,7
12,J.J. Henry,12.50,1,8
13,James Hahn,10.00,1,10
13,Chris Kirk,10.00,1,10
13,Kevin Kisner,10.00,1,10
16,Steven Bowditch,.00,0,5
16,Jason Day,.00,0,6
16,Matt Every,.00,0,2
16,Emiliano Grillo,.00,0,4
16,Bill Haas,.00,0,4
16,Padraig Harrington,.00,0,4
16,Smylie Kaufman,.00,0,2
16,Russell Knox,.00,0,6
16,Brooks Koepka,.00,0,3
16,Danny Lee,.00,0,2
16,David Lingmerth,.00,0,3
16,Davis Love III,.00,0,4
16,Graeme McDowell,.00,0,4
16,Troy Merritt,.00,0,3
16,Patrick Reed,.00,0,4
16,Justin Thomas,.00,0,1
16,Bubba Watson,.00,0,3
