rank,player,%,Total Birdies,Total Holes
1,Jordan Spieth,62.96,17,27
2,Brooks Koepka,61.54,16,26
3,Jason Day,54.17,13,24
4,Rickie Fowler,50.00,14,28
4,Dustin Johnson,50.00,8,16
6,Danny Lee,46.43,13,28
6,Jimmy Walker,46.43,13,28
8,Smylie Kaufman,44.44,12,27
9,Zach Johnson,42.86,9,21
9,Davis Love III,42.86,12,28
9,Patrick Reed,42.86,12,28
9,Brandt Snedeker,42.86,12,28
13,Russell Knox,42.31,11,26
14,Padraig Harrington,41.94,13,31
15,Bill Haas,40.91,9,22
16,Emiliano Grillo,40.00,12,30
17,Fabián Gómez,39.29,11,28
18,Steven Bowditch,39.13,9,23
19,J.B. Holmes,37.04,10,27
19,David Lingmerth,37.04,10,27
21,Peter Malnati,34.48,10,29
22,Chris Kirk,32.14,9,28
22,Justin Thomas,32.14,9,28
24,Alex Cejka,32.00,8,25
24,Scott Piercy,32.00,8,25
26,Kevin Kisner,30.43,7,23
26,Bubba Watson,30.43,7,23
28,Troy Merritt,30.00,9,30
29,Matt Every,29.63,8,27
30,James Hahn,29.17,7,24
31,Graeme McDowell,26.92,7,26
32,J.J. Henry,14.29,3,21
