rank,player,Avg,Total Strokes,Total Rounds
1,Pat Perez,66.00,66,1
1,Jordan Spieth,66.00,66,1
1,Chris Stroud,66.00,66,1
4,Jason Dufner,68.00,68,1
4,Brian Harman,68.00,68,1
4,Dustin Johnson,68.00,68,1
7,Russell Henley,69.00,69,1
7,Marc Leishman,69.00,69,1
9,Daniel Berger,70.00,70,1
9,Wesley Bryan,70.00,70,1
9,Patrick Cantlay,70.00,70,1
9,Kevin Chappell,70.00,70,1
9,Kevin Kisner,70.00,70,1
9,Hideki Matsuyama,70.00,70,1
9,Jon Rahm,70.00,70,1
9,Cameron Smith,70.00,70,1
9,Jhonattan Vegas,70.00,70,1
18,Jonas Blixt,71.00,71,1
18,Rickie Fowler,71.00,71,1
18,Billy Horschel,71.00,71,1
18,Si Woo Kim,71.00,71,1
22,Patton Kizzire,72.00,72,1
22,Xander Schauffele,72.00,72,1
22,Hudson Swafford,72.00,72,1
25,Ryan Armour,73.00,73,1
25,Bryson DeChambeau,73.00,73,1
27,Austin Cook,74.00,74,1
27,Brooks Koepka,74.00,74,1
27,Grayson Murray,74.00,74,1
27,Brendan Steele,74.00,74,1
31,Adam Hadwin,75.00,75,1
31,Kyle Stanley,75.00,75,1
31,Justin Thomas,75.00,75,1
34,D.A. Points,76.00,76,1
