rank,player,Avg,Total Strokes,Total Rounds
1,Dustin Johnson,66.00,66,1
1,Jon Rahm,66.00,66,1
3,Daniel Berger,68.00,68,1
3,Rickie Fowler,68.00,68,1
3,Cameron Smith,68.00,68,1
6,Jason Dufner,69.00,69,1
6,Brian Harman,69.00,69,1
6,Patton Kizzire,69.00,69,1
6,Grayson Murray,69.00,69,1
10,Ryan Armour,70.00,70,1
10,Kevin Chappell,70.00,70,1
10,Austin Cook,70.00,70,1
10,Billy Horschel,70.00,70,1
10,Xander Schauffele,70.00,70,1
10,Jordan Spieth,70.00,70,1
16,Bryson DeChambeau,71.00,71,1
16,Pat Perez,71.00,71,1
16,Jhonattan Vegas,71.00,71,1
19,Patrick Cantlay,72.00,72,1
19,Russell Henley,72.00,72,1
19,Si Woo Kim,72.00,72,1
19,Kevin Kisner,72.00,72,1
19,Hideki Matsuyama,72.00,72,1
19,Chris Stroud,72.00,72,1
25,Kyle Stanley,73.00,73,1
26,Adam Hadwin,74.00,74,1
26,D.A. Points,74.00,74,1
26,Brendan Steele,74.00,74,1
29,Jonas Blixt,75.00,75,1
29,Justin Thomas,75.00,75,1
31,Wesley Bryan,76.00,76,1
31,Marc Leishman,76.00,76,1
31,Hudson Swafford,76.00,76,1
34,Brooks Koepka,78.00,78,1
