rank,player,%
1,Jonas Blixt,100.00
1,Wesley Bryan,100.00
1,Austin Cook,100.00
1,Rickie Fowler,100.00
1,Brian Harman,100.00
1,Russell Henley,100.00
1,Dustin Johnson,100.00
1,Si Woo Kim,100.00
1,Patton Kizzire,100.00
1,Brooks Koepka,100.00
1,Marc Leishman,100.00
1,Hideki Matsuyama,100.00
1,Grayson Murray,100.00
1,Pat Perez,100.00
1,D.A. Points,100.00
1,Jon Rahm,100.00
1,Cameron Smith,100.00
1,Jordan Spieth,100.00
1,Hudson Swafford,100.00
1,Justin Thomas,100.00
21,Ryan Armour,.00
21,Daniel Berger,.00
21,Patrick Cantlay,.00
21,Kevin Chappell,.00
21,Bryson DeChambeau,.00
21,Jason Dufner,.00
21,Adam Hadwin,.00
21,Billy Horschel,.00
21,Kevin Kisner,.00
21,Xander Schauffele,.00
21,Kyle Stanley,.00
21,Brendan Steele,.00
21,Chris Stroud,.00
21,Jhonattan Vegas,.00
