rank,player,Avg,Total Strokes,Total Rounds
1,Marc Leishman,67.00,67,1
2,Brian Harman,68.00,68,1
2,Jhonattan Vegas,68.00,68,1
4,Rickie Fowler,69.00,69,1
4,Dustin Johnson,69.00,69,1
4,Si Woo Kim,69.00,69,1
7,Patrick Cantlay,70.00,70,1
7,Billy Horschel,70.00,70,1
7,Kevin Kisner,70.00,70,1
7,Hideki Matsuyama,70.00,70,1
7,Kyle Stanley,70.00,70,1
12,Ryan Armour,71.00,71,1
12,Jason Dufner,71.00,71,1
12,Jon Rahm,71.00,71,1
12,Brendan Steele,71.00,71,1
12,Justin Thomas,71.00,71,1
17,Patton Kizzire,72.00,72,1
17,Pat Perez,72.00,72,1
17,Xander Schauffele,72.00,72,1
17,Chris Stroud,72.00,72,1
17,Hudson Swafford,72.00,72,1
22,Daniel Berger,73.00,73,1
22,Bryson DeChambeau,73.00,73,1
22,Adam Hadwin,73.00,73,1
25,Wesley Bryan,74.00,74,1
25,Kevin Chappell,74.00,74,1
25,Austin Cook,74.00,74,1
25,Russell Henley,74.00,74,1
25,Grayson Murray,74.00,74,1
30,Cameron Smith,75.00,75,1
30,Jordan Spieth,75.00,75,1
32,D.A. Points,76.00,76,1
33,Jonas Blixt,77.00,77,1
34,Brooks Koepka,78.00,78,1
