rank,player,Avg,Total Strokes,Total Rounds
1,Dustin Johnson,65.00,65,1
2,Hideki Matsuyama,66.00,66,1
3,Marc Leishman,67.00,67,1
3,Justin Thomas,67.00,67,1
5,Russell Henley,69.00,69,1
5,Si Woo Kim,69.00,69,1
5,Pat Perez,69.00,69,1
5,Jon Rahm,69.00,69,1
5,Jordan Spieth,69.00,69,1
10,Jonas Blixt,70.00,70,1
10,Wesley Bryan,70.00,70,1
10,Austin Cook,70.00,70,1
10,Rickie Fowler,70.00,70,1
10,Patton Kizzire,70.00,70,1
10,Hudson Swafford,70.00,70,1
10,Jhonattan Vegas,70.00,70,1
17,Ryan Armour,71.00,71,1
17,Daniel Berger,71.00,71,1
17,Patrick Cantlay,71.00,71,1
17,Billy Horschel,71.00,71,1
17,Grayson Murray,71.00,71,1
17,Cameron Smith,71.00,71,1
23,Kevin Chappell,72.00,72,1
23,Bryson DeChambeau,72.00,72,1
23,Adam Hadwin,72.00,72,1
23,Brian Harman,72.00,72,1
23,Kevin Kisner,72.00,72,1
23,Brendan Steele,72.00,72,1
23,Chris Stroud,72.00,72,1
30,D.A. Points,73.00,73,1
31,Jason Dufner,74.00,74,1
31,Xander Schauffele,74.00,74,1
31,Kyle Stanley,74.00,74,1
34,Brooks Koepka,75.00,75,1
