rank,player,Distance,Tournament,Round- Course,Hole
1,James Hahn,193,Sony Open,2,9 - Par 5 -
2,Chad Collins,182,Sony Open,2,1 - Par 4 -
3,Brian Gay,61,Sony Open,3,10 - Par 4
4,Toshinori Muto,39,Sony Open,1,12 - Par 4
5,Kevin Kisner,32,Sony Open,1,6 - Par 4 -
6,Charles Howell III,28,Sony Open,2,10 - Par 4
7,Jim Herman,27,Sony Open,1,6 - Par 4 -
8,Billy Hurley III,26,Sony Open,3,9 - Par 5 -
9,Kevin Foley,26,Sony Open,1,9 - Par 5 -
10,Matt Every,24,Sony Open,4,15 - Par 4
11,Will Wilcox,24,Sony Open,2,1 - Par 4 -
12,Stewart Cink,22,Sony Open,2,4 - Par 3 -
13,Scott Langley,22,Sony Open,2,1 - Par 4 -
14,Peter Malnati,20,Sony Open,4,18 - Par 5
15,Brice Garnett,20,Sony Open,1,18 - Par 5
16,D.A. Points,19,Sony Open,3,1 - Par 4 -
18,Mark Wilson,19,Sony Open,1,7 - Par 3 -
19,John Rollins,18,Sony Open,4,1 - Par 4 -
20,John Peterson,17,Sony Open,3,1 - Par 4 -
21,Russell Knox,17,Sony Open,2,15 - Par 4
22,Retief Goosen,17,Sony Open,1,6 - Par 4 -
23,Briny Baird,17,Sony Open,2,15 - Par 4
24,Ryan Palmer,16,Sony Open,4,18 - Par 5
25,Harris English,16,Sony Open,3,14 - Par 4
26,Boo Weekley,15,Sony Open,3,16 - Par 4
28,Hudson Swafford,14,Sony Open,2,15 - Par 4
29,Tim Wilkinson,13,Sony Open,4,1 - Par 4 -
30,Brian Stuard,13,Sony Open,3,16 - Par 4
32,Miguel Angel Carballo,13,Sony Open,2,8 - Par 4 -
33,Jason Dufner,12,Sony Open,3,4 - Par 3 -
34,Robert Streb,12,Sony Open,3,9 - Par 5 -
35,Jason Kokrak,12,Sony Open,1,2 - Par 4 -
36,Alex Aragon,11,Sony Open,2,4 - Par 3 -
37,Robert Allenby,10,Sony Open,3,1 - Par 4 -
38,Michael Putnam,10,Sony Open,4,6 - Par 4 -
40,Bud Cauley,10,Sony Open,2,10 - Par 4
41,"Ted Potter, Jr.",9,Sony Open,1,18 - Par 5
43,D.H. Lee,9,Sony Open,2,9 - Par 5 -
44,John Daly,9,Sony Open,4,2 - Par 4 -
45,Brian Harman,9,Sony Open,2,1 - Par 4 -
46,Matt Kuchar,9,Sony Open,2,6 - Par 4 -
48,Jeff Overton,8,Sony Open,3,12 - Par 4
49,Derek Tolan,8,Sony Open,1,14 - Par 4
50,Marc Leishman,8,Sony Open,3,8 - Par 4 -
51,Paul Goydos,8,Sony Open,4,6 - Par 4 -
53,Mark Anderson,7,Sony Open,2,6 - Par 4 -
55,Chris Stroud,7,Sony Open,1,11 - Par 3
57,Andrew Svoboda,6,Sony Open,2,12 - Par 4
61,Hyung-Sung Kim,5,Sony Open,2,11 - Par 3
62,Derek Ernst,5,Sony Open,2,2 - Par 4 -
63,Ken Duke,5,Sony Open,3,10 - Par 4
