rank,player,Hole outs
1,Chad Collins,2
1,Matt Every,2
1,Brice Garnett,2
1,Paul Goydos,2
1,Matt Kuchar,2
1,Marc Leishman,2
1,Peter Malnati,2
1,Jeff Overton,2
1,D.A. Points,2
1,Will Wilcox,2
11,Robert Allenby,1
11,Stewart Cink,1
11,John Daly,1
11,Jason Dufner,1
11,Harris English,1
11,Brian Gay,1
11,Retief Goosen,1
11,James Hahn,1
11,Brian Harman,1
11,Charles Howell III,1
11,Billy Hurley III,1
11,Hyung-Sung Kim,1
11,Jason Kokrak,1
11,Ryan Palmer,1
11,John Peterson,1
11,Michael Putnam,1
11,John Rollins,1
11,Robert Streb,1
11,Chris Stroud,1
11,Brian Stuard,1
11,Hudson Swafford,1
11,Derek Tolan,1
11,Boo Weekley,1
11,Tim Wilkinson,1
11,Mark Wilson,1
