rank,player,Low Rnd
1,Collin Morikawa,30
2,Max Homa,31
2,Billy Horschel,31
2,Mackenzie Hughes,31
2,Hideki Matsuyama,31
2,Jon Rahm,31
2,Aaron Wise,31
8,Tony Finau,32
8,Matt Fitzpatrick,32
8,Sungjae Im,32
8,Tom Kim,32
8,J.T. Poston,32
8,Scott Stallings,32
8,Will Zalatoris,32
15,Ryan Brehm,33
15,Patrick Cantlay,33
15,Corey Conners,33
15,Brian Harman,33
15,Tom Hoge,33
15,Viktor Hovland,33
15,K.H. Lee,33
15,Luke List,33
15,Scottie Scheffler,33
15,Adam Scott,33
15,J.J. Spaun,33
15,Jordan Spieth,33
15,Sepp Straka,33
15,Adam Svensson,33
29,Sam Burns,34
29,Russell Henley,34
29,Trey Mullinax,34
29,Chad Ramey,34
29,Cameron Young,34
34,Keegan Bradley,35
34,Seamus Power,35
34,Chez Reavie,35
34,Sahith Theegala,35
34,Justin Thomas,35
