rank,player,Avg,Total Strokes,Total Holes
1,Jon Rahm,32.75,131,4
1,Aaron Wise,32.75,131,4
3,Matt Fitzpatrick,33.25,133,4
3,Tom Kim,33.25,133,4
5,Max Homa,33.50,134,4
5,Viktor Hovland,33.50,134,4
5,Hideki Matsuyama,33.50,134,4
5,Will Zalatoris,33.50,134,4
9,Patrick Cantlay,34.00,136,4
9,Tony Finau,34.00,136,4
9,Tom Hoge,34.00,136,4
9,K.H. Lee,34.00,136,4
9,Collin Morikawa,34.00,136,4
14,Brian Harman,34.25,137,4
14,Sungjae Im,34.25,137,4
14,J.T. Poston,34.25,137,4
14,Scottie Scheffler,34.25,137,4
14,Adam Scott,34.25,137,4
19,J.J. Spaun,34.50,138,4
19,Jordan Spieth,34.50,138,4
21,Cameron Young,34.75,139,4
22,Russell Henley,35.00,140,4
22,Scott Stallings,35.00,140,4
24,Corey Conners,35.25,141,4
24,Luke List,35.25,141,4
24,Trey Mullinax,35.25,141,4
24,Sepp Straka,35.25,141,4
24,Sahith Theegala,35.25,141,4
29,Mackenzie Hughes,35.50,142,4
29,Chad Ramey,35.50,142,4
31,Billy Horschel,35.75,143,4
31,Justin Thomas,35.75,143,4
33,Seamus Power,36.00,144,4
34,Keegan Bradley,36.25,145,4
35,Adam Svensson,36.50,146,4
36,Chez Reavie,36.75,147,4
37,Ryan Brehm,37.00,148,4
37,Sam Burns,37.00,148,4
