rank,player,Avg,Total Strokes,Total Rounds
1,Max Homa,31.00,31,1
1,Billy Horschel,31.00,31,1
1,Hideki Matsuyama,31.00,31,1
4,Matt Fitzpatrick,32.00,32,1
4,Sungjae Im,32.00,32,1
4,Jon Rahm,32.00,32,1
7,Ryan Brehm,33.00,33,1
7,Patrick Cantlay,33.00,33,1
7,Brian Harman,33.00,33,1
7,Collin Morikawa,33.00,33,1
11,Sam Burns,34.00,34,1
11,Tom Hoge,34.00,34,1
11,Viktor Hovland,34.00,34,1
11,Tom Kim,34.00,34,1
11,K.H. Lee,34.00,34,1
11,J.T. Poston,34.00,34,1
17,Tony Finau,35.00,35,1
17,Russell Henley,35.00,35,1
17,Scottie Scheffler,35.00,35,1
17,Jordan Spieth,35.00,35,1
17,Sepp Straka,35.00,35,1
17,Sahith Theegala,35.00,35,1
17,Justin Thomas,35.00,35,1
17,Aaron Wise,35.00,35,1
17,Cameron Young,35.00,35,1
17,Will Zalatoris,35.00,35,1
27,Luke List,36.00,36,1
27,Trey Mullinax,36.00,36,1
27,Seamus Power,36.00,36,1
27,Chad Ramey,36.00,36,1
27,Adam Scott,36.00,36,1
27,J.J. Spaun,36.00,36,1
27,Scott Stallings,36.00,36,1
34,Keegan Bradley,37.00,37,1
34,Chez Reavie,37.00,37,1
36,Corey Conners,38.00,38,1
36,Mackenzie Hughes,38.00,38,1
38,Adam Svensson,40.00,40,1
