rank,player,Avg,Total Strokes,Total Rounds
1,Mackenzie Hughes,31.00,31,1
1,Jon Rahm,31.00,31,1
1,Aaron Wise,31.00,31,1
4,Tony Finau,32.00,32,1
4,Max Homa,32.00,32,1
4,Tom Kim,32.00,32,1
4,Will Zalatoris,32.00,32,1
8,Patrick Cantlay,33.00,33,1
8,Tom Hoge,33.00,33,1
8,K.H. Lee,33.00,33,1
8,Sepp Straka,33.00,33,1
8,Adam Svensson,33.00,33,1
13,Russell Henley,34.00,34,1
13,Viktor Hovland,34.00,34,1
13,Trey Mullinax,34.00,34,1
13,Adam Scott,34.00,34,1
13,Cameron Young,34.00,34,1
18,Brian Harman,35.00,35,1
18,Luke List,35.00,35,1
18,Chad Ramey,35.00,35,1
18,J.J. Spaun,35.00,35,1
18,Jordan Spieth,35.00,35,1
18,Sahith Theegala,35.00,35,1
24,Corey Conners,36.00,36,1
24,Billy Horschel,36.00,36,1
24,J.T. Poston,36.00,36,1
24,Chez Reavie,36.00,36,1
24,Scottie Scheffler,36.00,36,1
24,Scott Stallings,36.00,36,1
24,Justin Thomas,36.00,36,1
31,Keegan Bradley,37.00,37,1
31,Sam Burns,37.00,37,1
31,Matt Fitzpatrick,37.00,37,1
31,Sungjae Im,37.00,37,1
31,Hideki Matsuyama,37.00,37,1
31,Seamus Power,37.00,37,1
37,Collin Morikawa,39.00,39,1
38,Ryan Brehm,42.00,42,1
