rank,player,Avg,Total Strokes,Total Rounds
1,Collin Morikawa,30.00,30,1
2,Matt Fitzpatrick,32.00,32,1
2,Tom Kim,32.00,32,1
2,Hideki Matsuyama,32.00,32,1
2,J.T. Poston,32.00,32,1
2,Scott Stallings,32.00,32,1
2,Aaron Wise,32.00,32,1
8,Tony Finau,33.00,33,1
8,Brian Harman,33.00,33,1
8,Tom Hoge,33.00,33,1
8,Viktor Hovland,33.00,33,1
8,Sungjae Im,33.00,33,1
8,Jon Rahm,33.00,33,1
8,Scottie Scheffler,33.00,33,1
8,J.J. Spaun,33.00,33,1
8,Will Zalatoris,33.00,33,1
17,Corey Conners,34.00,34,1
17,Mackenzie Hughes,34.00,34,1
17,Chad Ramey,34.00,34,1
17,Adam Scott,34.00,34,1
21,Keegan Bradley,35.00,35,1
21,Patrick Cantlay,35.00,35,1
21,Russell Henley,35.00,35,1
21,K.H. Lee,35.00,35,1
21,Seamus Power,35.00,35,1
21,Chez Reavie,35.00,35,1
21,Jordan Spieth,35.00,35,1
21,Sahith Theegala,35.00,35,1
21,Justin Thomas,35.00,35,1
30,Ryan Brehm,36.00,36,1
30,Max Homa,36.00,36,1
30,Trey Mullinax,36.00,36,1
30,Adam Svensson,36.00,36,1
30,Cameron Young,36.00,36,1
35,Sam Burns,37.00,37,1
35,Luke List,37.00,37,1
35,Sepp Straka,37.00,37,1
38,Billy Horschel,38.00,38,1
