rank,player,Avg,Total Strokes,Total Rounds
1,Matt Fitzpatrick,32.00,32,1
2,Corey Conners,33.00,33,1
2,Viktor Hovland,33.00,33,1
2,Luke List,33.00,33,1
2,Scottie Scheffler,33.00,33,1
2,Adam Scott,33.00,33,1
2,Jordan Spieth,33.00,33,1
2,Aaron Wise,33.00,33,1
9,K.H. Lee,34.00,34,1
9,Hideki Matsuyama,34.00,34,1
9,Collin Morikawa,34.00,34,1
9,J.J. Spaun,34.00,34,1
9,Cameron Young,34.00,34,1
9,Will Zalatoris,34.00,34,1
15,Patrick Cantlay,35.00,35,1
15,Max Homa,35.00,35,1
15,Sungjae Im,35.00,35,1
15,Tom Kim,35.00,35,1
15,Trey Mullinax,35.00,35,1
15,J.T. Poston,35.00,35,1
15,Jon Rahm,35.00,35,1
22,Keegan Bradley,36.00,36,1
22,Tony Finau,36.00,36,1
22,Brian Harman,36.00,36,1
22,Russell Henley,36.00,36,1
22,Tom Hoge,36.00,36,1
22,Seamus Power,36.00,36,1
22,Scott Stallings,36.00,36,1
22,Sepp Straka,36.00,36,1
22,Sahith Theegala,36.00,36,1
31,Ryan Brehm,37.00,37,1
31,Chad Ramey,37.00,37,1
31,Adam Svensson,37.00,37,1
31,Justin Thomas,37.00,37,1
35,Billy Horschel,38.00,38,1
36,Mackenzie Hughes,39.00,39,1
36,Chez Reavie,39.00,39,1
38,Sam Burns,40.00,40,1
