rank,player,% Made,Attempts,Putts made
1,Padraig Harrington,100.00,1,1
1,Chris Kirk,100.00,1,1
1,Danny Lee,100.00,5,5
1,Brandt Snedeker,100.00,1,1
5,Fabián Gómez,75.00,4,3
5,Peter Malnati,75.00,4,3
7,Alex Cejka,66.67,3,2
7,Dustin Johnson,66.67,3,2
7,Smylie Kaufman,66.67,3,2
7,David Lingmerth,66.67,6,4
7,Troy Merritt,66.67,3,2
12,Emiliano Grillo,60.00,5,3
12,Zach Johnson,60.00,5,3
14,Matt Every,50.00,4,2
14,Rickie Fowler,50.00,4,2
14,J.J. Henry,50.00,2,1
14,J.B. Holmes,50.00,4,2
14,Jordan Spieth,50.00,2,1
14,Justin Thomas,50.00,2,1
14,Jimmy Walker,50.00,2,1
21,Steven Bowditch,40.00,5,2
21,Jason Day,40.00,5,2
21,Russell Knox,40.00,5,2
21,Brooks Koepka,40.00,5,2
21,Davis Love III,40.00,5,2
26,Scott Piercy,28.57,7,2
27,Patrick Reed,25.00,4,1
28,Bill Haas,20.00,5,1
28,James Hahn,20.00,5,1
30,Bubba Watson,16.67,6,1
31,Kevin Kisner,.00,1,0
31,Graeme McDowell,.00,3,0
