rank,player,%,Attempts,Putts made
1,Steven Bowditch,100.00,53,53
1,Brooks Koepka,100.00,55,55
1,Peter Malnati,100.00,52,52
1,Scott Piercy,100.00,57,57
1,Patrick Reed,100.00,61,61
1,Justin Thomas,100.00,59,59
7,Padraig Harrington,98.33,60,59
8,Jason Day,98.28,58,57
9,Bill Haas,98.25,57,56
9,Smylie Kaufman,98.25,57,56
11,Emiliano Grillo,98.21,56,55
11,Jordan Spieth,98.21,56,55
13,J.B. Holmes,98.18,55,54
14,Troy Merritt,98.11,53,52
14,Brandt Snedeker,98.11,53,52
16,Chris Kirk,96.92,65,63
17,Russell Knox,96.83,63,61
17,Davis Love III,96.83,63,61
19,Graeme McDowell,96.55,58,56
20,James Hahn,96.49,57,55
21,Matt Every,96.43,56,54
22,David Lingmerth,96.36,55,53
23,Rickie Fowler,95.24,63,60
23,Bubba Watson,95.24,63,60
25,Alex Cejka,95.08,61,58
26,Jimmy Walker,94.83,58,55
27,Dustin Johnson,93.75,64,60
28,Zach Johnson,93.44,61,57
29,Danny Lee,92.98,57,53
30,Kevin Kisner,92.86,56,52
31,J.J. Henry,90.48,63,57
32,Fabián Gómez,90.32,62,56
