rank,player,% Made,Attempts,Putts made
1,Brandt Snedeker,94.44,72,68
2,Jason Day,92.96,71,66
3,Troy Merritt,91.78,73,67
4,Brooks Koepka,91.67,72,66
5,Jordan Spieth,91.43,70,64
6,Chris Kirk,89.87,79,71
7,Jimmy Walker,89.74,78,70
8,Steven Bowditch,89.04,73,65
9,Alex Cejka,88.16,76,67
9,Rickie Fowler,88.16,76,67
11,Emiliano Grillo,88.00,75,66
11,Graeme McDowell,88.00,75,66
13,Scott Piercy,87.84,74,65
13,Patrick Reed,87.84,74,65
15,Padraig Harrington,86.84,76,66
16,Peter Malnati,86.49,74,64
17,Kevin Kisner,86.30,73,63
18,David Lingmerth,85.92,71,61
19,Russell Knox,85.90,78,67
20,Fabián Gómez,85.71,77,66
21,Zach Johnson,85.53,76,65
22,Matt Every,85.14,74,63
23,Bill Haas,84.15,82,69
24,J.B. Holmes,84.00,75,63
25,J.J. Henry,83.33,78,65
25,Smylie Kaufman,83.33,78,65
27,Justin Thomas,82.72,81,67
28,Dustin Johnson,82.50,80,66
29,Danny Lee,82.05,78,64
30,Davis Love III,81.93,83,68
31,James Hahn,81.61,87,71
32,Bubba Watson,80.72,83,67
