rank,player,% Made,Attempts,Putts made
1,Steven Bowditch,100.00,9,9
1,Jason Day,100.00,11,11
1,Matt Every,100.00,6,6
1,Emiliano Grillo,100.00,13,13
1,James Hahn,100.00,3,3
1,Padraig Harrington,100.00,8,8
1,J.B. Holmes,100.00,7,7
1,Chris Kirk,100.00,8,8
1,Russell Knox,100.00,5,5
1,Brooks Koepka,100.00,10,10
1,David Lingmerth,100.00,9,9
1,Peter Malnati,100.00,9,9
1,Troy Merritt,100.00,9,9
1,Scott Piercy,100.00,10,10
1,Patrick Reed,100.00,4,4
1,Justin Thomas,100.00,8,8
1,Bubba Watson,100.00,8,8
18,Rickie Fowler,88.89,9,8
18,Danny Lee,88.89,9,8
18,Davis Love III,88.89,9,8
18,Graeme McDowell,88.89,9,8
18,Jordan Spieth,88.89,9,8
23,Brandt Snedeker,87.50,8,7
24,Bill Haas,85.71,7,6
25,Dustin Johnson,81.82,11,9
26,Zach Johnson,80.00,10,8
27,Fabián Gómez,77.78,9,7
28,Alex Cejka,75.00,4,3
28,Smylie Kaufman,75.00,4,3
30,Kevin Kisner,72.73,11,8
31,Jimmy Walker,71.43,7,5
32,J.J. Henry,66.67,6,4
