rank,player,% Made,Attempts,Putts made
1,Matt Every,46.67,15,7
2,Steven Bowditch,45.45,11,5
2,David Lingmerth,45.45,11,5
4,Scott Piercy,41.67,12,5
5,Alex Cejka,40.00,5,2
5,Jordan Spieth,40.00,5,2
7,Danny Lee,35.71,14,5
8,Peter Malnati,35.29,17,6
9,Rickie Fowler,33.33,6,2
9,Emiliano Grillo,33.33,12,4
9,Kevin Kisner,33.33,9,3
12,Dustin Johnson,30.00,10,3
13,Davis Love III,28.57,7,2
14,Zach Johnson,27.27,11,3
14,Bubba Watson,27.27,11,3
16,Graeme McDowell,26.67,15,4
17,Fabián Gómez,25.00,12,3
17,Bill Haas,25.00,8,2
19,Jason Day,22.22,9,2
19,Patrick Reed,22.22,9,2
21,J.J. Henry,21.43,14,3
22,J.B. Holmes,20.00,15,3
23,Padraig Harrington,18.75,16,3
24,Smylie Kaufman,18.18,11,2
25,Troy Merritt,15.38,13,2
25,Justin Thomas,15.38,13,2
27,Brooks Koepka,13.33,15,2
28,Brandt Snedeker,10.00,10,1
29,James Hahn,.00,6,-
29,Chris Kirk,.00,8,-
29,Russell Knox,.00,8,-
29,Jimmy Walker,.00,9,-
