rank,player,% Made,Attempts,Putts made
1,Alex Cejka,100.00,2,2
1,Jason Day,100.00,3,3
1,Fabián Gómez,100.00,3,3
1,Emiliano Grillo,100.00,3,3
1,James Hahn,100.00,7,7
1,Chris Kirk,100.00,4,4
1,Kevin Kisner,100.00,3,3
1,Brooks Koepka,100.00,4,4
1,Troy Merritt,100.00,4,4
1,Scott Piercy,100.00,3,3
1,Jordan Spieth,100.00,4,4
12,Jimmy Walker,88.89,9,8
13,Steven Bowditch,85.71,7,6
13,Brandt Snedeker,85.71,7,6
15,Bill Haas,83.33,6,5
15,Peter Malnati,83.33,6,5
17,Graeme McDowell,80.00,5,4
17,Justin Thomas,80.00,5,4
19,Dustin Johnson,75.00,4,3
20,Padraig Harrington,66.67,3,2
20,Patrick Reed,66.67,3,2
22,Matt Every,60.00,5,3
22,J.J. Henry,60.00,5,3
24,Rickie Fowler,50.00,6,3
24,J.B. Holmes,50.00,4,2
24,Russell Knox,50.00,4,2
24,Danny Lee,50.00,4,2
24,Davis Love III,50.00,2,1
29,Zach Johnson,33.33,3,1
29,David Lingmerth,33.33,3,1
29,Bubba Watson,33.33,3,1
32,Smylie Kaufman,.00,3,0
