rank,player,% Made,Attempts,Putts made
1,Steven Bowditch,100.00,3,3
1,Bill Haas,100.00,2,2
1,J.B. Holmes,100.00,2,2
1,Smylie Kaufman,100.00,5,5
1,Brooks Koepka,100.00,7,7
1,Peter Malnati,100.00,7,7
1,Scott Piercy,100.00,6,6
1,Patrick Reed,100.00,5,5
1,Brandt Snedeker,100.00,8,8
1,Jordan Spieth,100.00,4,4
1,Justin Thomas,100.00,4,4
12,Padraig Harrington,87.50,8,7
13,Jimmy Walker,83.33,6,5
14,Alex Cejka,80.00,10,8
14,Jason Day,80.00,5,4
14,Emiliano Grillo,80.00,5,4
14,Zach Johnson,80.00,10,8
14,Davis Love III,80.00,5,4
14,Graeme McDowell,80.00,5,4
20,Troy Merritt,75.00,4,3
21,Rickie Fowler,66.67,6,4
21,Dustin Johnson,66.67,6,4
21,Danny Lee,66.67,6,4
21,David Lingmerth,66.67,6,4
25,Chris Kirk,60.00,5,3
25,Russell Knox,60.00,5,3
27,Bubba Watson,57.14,7,4
28,James Hahn,50.00,4,2
28,Kevin Kisner,50.00,2,1
30,J.J. Henry,42.86,7,3
31,Fabián Gómez,40.00,5,2
32,Matt Every,.00,2,0
