rank,player,% Made,Attempts,Putts Made
1,Kevin Kisner,22.50,40,9
2,Matt Every,20.45,44,9
3,David Lingmerth,19.57,46,9
4,Peter Malnati,19.51,41,8
5,Danny Lee,19.05,42,8
6,Steven Bowditch,17.07,41,7
6,Jordan Spieth,17.07,41,7
8,Scott Piercy,16.67,42,7
8,Patrick Reed,16.67,42,7
10,J.B. Holmes,16.33,49,8
11,Zach Johnson,15.91,44,7
12,Dustin Johnson,14.29,42,6
12,Smylie Kaufman,14.29,49,7
14,J.J. Henry,13.73,51,7
15,Brooks Koepka,13.04,46,6
16,Fabián Gómez,12.77,47,6
17,Emiliano Grillo,12.24,49,6
18,Bubba Watson,11.90,42,5
19,Graeme McDowell,11.76,51,6
20,Padraig Harrington,11.36,44,5
21,Alex Cejka,10.64,47,5
21,Jason Day,10.64,47,5
21,Troy Merritt,10.64,47,5
24,Justin Thomas,9.76,41,4
25,Russell Knox,9.62,52,5
26,Rickie Fowler,8.70,46,4
27,Brandt Snedeker,8.00,50,4
28,Davis Love III,7.32,41,3
29,Bill Haas,7.14,42,3
30,James Hahn,2.78,36,1
31,Jimmy Walker,2.70,37,1
32,Chris Kirk,2.17,46,1
