rank,player,% Made,Attempts,Putts made
1,Rickie Fowler,100.00,1,1
1,J.J. Henry,100.00,1,1
1,Brooks Koepka,100.00,1,1
1,Brandt Snedeker,100.00,1,1
1,Bubba Watson,100.00,1,1
6,Kevin Kisner,75.00,4,3
7,Troy Merritt,66.67,3,2
7,Scott Piercy,66.67,3,2
9,Alex Cejka,50.00,6,3
9,Jason Day,50.00,2,1
9,James Hahn,50.00,4,2
9,Zach Johnson,50.00,2,1
9,Chris Kirk,50.00,2,1
9,Jordan Spieth,50.00,4,2
15,J.B. Holmes,33.33,3,1
15,Jimmy Walker,33.33,3,1
17,Matt Every,25.00,4,1
17,Bill Haas,25.00,4,1
17,Danny Lee,25.00,4,1
20,Davis Love III,20.00,5,1
20,Peter Malnati,20.00,5,1
22,Steven Bowditch,.00,2,0
22,Fabián Gómez,.00,1,0
22,Emiliano Grillo,.00,1,0
22,Padraig Harrington,.00,3,0
22,Dustin Johnson,.00,3,0
22,Smylie Kaufman,.00,2,0
22,Russell Knox,.00,2,0
22,David Lingmerth,.00,1,0
22,Graeme McDowell,.00,1,0
22,Patrick Reed,.00,2,0
22,Justin Thomas,.00,5,0
