rank,player,Putts Made
1,Matt Every,9.0
1,Kevin Kisner,9.0
1,David Lingmerth,9.0
4,J.B. Holmes,8.0
4,Danny Lee,8.0
4,Peter Malnati,8.0
7,Steven Bowditch,7.0
7,J.J. Henry,7.0
7,Zach Johnson,7.0
7,Smylie Kaufman,7.0
7,Scott Piercy,7.0
7,Patrick Reed,7.0
7,Jordan Spieth,7.0
14,Fabián Gómez,6.0
14,Emiliano Grillo,6.0
14,Dustin Johnson,6.0
14,Brooks Koepka,6.0
14,Graeme McDowell,6.0
19,Alex Cejka,5.0
19,Jason Day,5.0
19,Padraig Harrington,5.0
19,Russell Knox,5.0
19,Troy Merritt,5.0
19,Bubba Watson,5.0
25,Rickie Fowler,4.0
25,Brandt Snedeker,4.0
25,Justin Thomas,4.0
28,Bill Haas,3.0
28,Davis Love III,3.0
30,James Hahn,1.0
30,Chris Kirk,1.0
30,Jimmy Walker,1.0
