rank,player,% Made,Attempts,Putts made
1,Brandt Snedeker,58.62,29,17
2,Jordan Spieth,57.89,19,11
3,Alex Cejka,55.00,20,11
4,Steven Bowditch,54.84,31,17
5,Kevin Kisner,53.85,26,14
6,Jimmy Walker,51.72,29,15
7,Troy Merritt,51.52,33,17
8,Jason Day,50.00,22,11
9,Matt Every,48.48,33,16
10,Emiliano Grillo,48.39,31,15
11,Fabián Gómez,48.15,27,13
11,David Lingmerth,48.15,27,13
13,Rickie Fowler,47.37,19,9
14,Peter Malnati,46.15,39,18
15,Danny Lee,45.71,35,16
16,Bill Haas,45.45,33,15
17,Scott Piercy,44.83,29,13
18,James Hahn,44.44,36,16
19,Graeme McDowell,43.75,32,14
20,Zach Johnson,42.31,26,11
21,Brooks Koepka,40.63,32,13
22,J.J. Henry,37.93,29,11
23,Chris Kirk,36.36,22,8
24,Dustin Johnson,34.62,26,9
25,Smylie Kaufman,34.38,32,11
26,J.B. Holmes,34.29,35,12
27,Davis Love III,33.33,27,9
28,Bubba Watson,32.26,31,10
29,Padraig Harrington,31.25,32,10
30,Justin Thomas,28.57,35,10
31,Patrick Reed,27.27,22,6
32,Russell Knox,26.09,23,6
