rank,player,% Made,Attempts,Putts made
1,J.B. Holmes,50.00,8,4
1,Kevin Kisner,50.00,8,4
3,Patrick Reed,37.50,8,3
4,Danny Lee,30.00,10,3
5,Matt Every,28.57,7,2
5,Smylie Kaufman,28.57,7,2
5,Troy Merritt,28.57,7,2
8,Fabián Gómez,25.00,8,2
8,Dustin Johnson,25.00,8,2
8,Zach Johnson,25.00,4,1
8,Brooks Koepka,25.00,8,2
8,Scott Piercy,25.00,4,1
13,Emiliano Grillo,20.00,10,2
14,Rickie Fowler,16.67,6,1
14,Padraig Harrington,16.67,6,1
14,J.J. Henry,16.67,6,1
14,David Lingmerth,16.67,6,1
14,Peter Malnati,16.67,6,1
14,Jordan Spieth,16.67,6,1
20,Alex Cejka,14.29,14,2
20,James Hahn,14.29,7,1
20,Russell Knox,14.29,7,1
20,Justin Thomas,14.29,7,1
24,Bubba Watson,11.11,9,1
25,Graeme McDowell,10.00,10,1
26,Chris Kirk,8.33,12,1
27,Steven Bowditch,.00,6,-
27,Jason Day,.00,7,-
27,Bill Haas,.00,4,-
27,Davis Love III,.00,7,-
27,Brandt Snedeker,.00,6,-
27,Jimmy Walker,.00,5,-
