rank,player,Putts Made
1,Russell Knox,4.0
1,Jordan Spieth,4.0
3,Jason Day,3.0
3,J.J. Henry,3.0
3,Zach Johnson,3.0
3,Smylie Kaufman,3.0
3,David Lingmerth,3.0
3,Brandt Snedeker,3.0
9,Steven Bowditch,2.0
9,Kevin Kisner,2.0
9,Brooks Koepka,2.0
9,Patrick Reed,2.0
13,Alex Cejka,1.0
13,Rickie Fowler,1.0
13,Fabián Gómez,1.0
13,Bill Haas,1.0
13,Padraig Harrington,1.0
13,J.B. Holmes,1.0
13,Dustin Johnson,1.0
13,Davis Love III,1.0
13,Peter Malnati,1.0
13,Graeme McDowell,1.0
13,Troy Merritt,1.0
13,Scott Piercy,1.0
13,Justin Thomas,1.0
13,Jimmy Walker,1.0
13,Bubba Watson,1.0
28,Matt Every,.0
28,Emiliano Grillo,.0
28,James Hahn,.0
28,Chris Kirk,.0
28,Danny Lee,.0
