rank,player,% Made,Attempts,Putts made
1,Brandt Snedeker,91.30,23,21
2,Emiliano Grillo,82.35,17,14
3,Peter Malnati,80.95,21,17
4,Padraig Harrington,80.00,15,12
4,Jimmy Walker,80.00,20,16
6,Brooks Koepka,78.95,19,15
7,Chris Kirk,76.92,13,10
8,Alex Cejka,76.47,17,13
9,Troy Merritt,75.00,20,15
9,Jordan Spieth,75.00,12,9
11,Steven Bowditch,73.68,19,14
12,Jason Day,73.33,15,11
13,Graeme McDowell,72.22,18,13
14,Fabián Gómez,66.67,15,10
15,Zach Johnson,65.22,23,15
16,Bill Haas,64.71,17,11
17,David Lingmerth,63.16,19,12
18,Davis Love III,62.50,16,10
19,Patrick Reed,61.54,13,8
20,Scott Piercy,61.11,18,11
21,Smylie Kaufman,60.00,20,12
22,J.J. Henry,58.82,17,10
23,Danny Lee,57.14,21,12
24,J.B. Holmes,56.25,16,9
25,James Hahn,55.56,27,15
25,Dustin Johnson,55.56,18,10
27,Justin Thomas,55.00,20,11
28,Kevin Kisner,54.55,11,6
29,Russell Knox,53.33,15,8
30,Rickie Fowler,52.94,17,9
31,Matt Every,50.00,14,7
32,Bubba Watson,38.89,18,7
