rank,player,% Made,Attempts,Putts made
1,Jason Day,100.00,1,1
1,Rickie Fowler,100.00,1,1
1,Danny Lee,100.00,2,2
1,Troy Merritt,100.00,1,1
1,Jordan Spieth,100.00,2,2
1,Justin Thomas,100.00,1,1
1,Jimmy Walker,100.00,3,3
8,Kevin Kisner,75.00,4,3
9,Brandt Snedeker,66.67,3,2
10,Steven Bowditch,50.00,2,1
10,Alex Cejka,50.00,2,1
10,Matt Every,50.00,2,1
10,Fabián Gómez,50.00,4,2
10,Bill Haas,50.00,6,3
10,Smylie Kaufman,50.00,4,2
10,Brooks Koepka,50.00,4,2
10,Scott Piercy,50.00,2,1
18,Bubba Watson,37.50,8,3
19,James Hahn,33.33,3,1
19,Padraig Harrington,33.33,6,2
19,J.B. Holmes,33.33,3,1
19,Russell Knox,33.33,3,1
19,Peter Malnati,33.33,3,1
19,Graeme McDowell,33.33,3,1
19,Patrick Reed,33.33,3,1
26,Emiliano Grillo,16.67,6,1
27,J.J. Henry,.00,4,0
27,Dustin Johnson,.00,1,0
27,Chris Kirk,.00,4,0
27,David Lingmerth,.00,2,0
27,Davis Love III,.00,4,0
