rank,player,% Made,Attempts,Putts made
1,Steven Bowditch,100.00,12,12
1,J.B. Holmes,100.00,9,9
1,Brooks Koepka,100.00,17,17
1,Peter Malnati,100.00,16,16
1,Scott Piercy,100.00,16,16
1,Patrick Reed,100.00,9,9
1,Justin Thomas,100.00,12,12
8,Emiliano Grillo,94.44,18,17
9,Jason Day,93.75,16,15
9,Padraig Harrington,93.75,16,15
9,Brandt Snedeker,93.75,16,15
12,Troy Merritt,92.31,13,12
12,Jordan Spieth,92.31,13,12
14,Bill Haas,88.89,9,8
14,Smylie Kaufman,88.89,9,8
16,David Lingmerth,86.67,15,13
17,Davis Love III,85.71,14,12
17,Graeme McDowell,85.71,14,12
19,Chris Kirk,84.62,13,11
20,Rickie Fowler,80.00,15,12
20,Zach Johnson,80.00,20,16
20,Russell Knox,80.00,10,8
20,Danny Lee,80.00,15,12
20,Bubba Watson,80.00,15,12
25,Alex Cejka,78.57,14,11
26,Jimmy Walker,76.92,13,10
27,Dustin Johnson,76.47,17,13
28,Matt Every,75.00,8,6
29,James Hahn,71.43,7,5
30,Kevin Kisner,69.23,13,9
31,Fabián Gómez,64.29,14,9
32,J.J. Henry,53.85,13,7
