rank,player,% Made,Attempts,Putts made
1,Steven Bowditch,100.00,41,41
1,Alex Cejka,100.00,47,47
1,Jason Day,100.00,42,42
1,Matt Every,100.00,48,48
1,Rickie Fowler,100.00,48,48
1,Emiliano Grillo,100.00,38,38
1,Bill Haas,100.00,48,48
1,James Hahn,100.00,50,50
1,Padraig Harrington,100.00,44,44
1,J.J. Henry,100.00,50,50
1,Dustin Johnson,100.00,47,47
1,Zach Johnson,100.00,41,41
1,Smylie Kaufman,100.00,48,48
1,Chris Kirk,100.00,52,52
1,Kevin Kisner,100.00,43,43
1,Russell Knox,100.00,53,53
1,Brooks Koepka,100.00,38,38
1,David Lingmerth,100.00,40,40
1,Davis Love III,100.00,49,49
1,Peter Malnati,100.00,36,36
1,Graeme McDowell,100.00,44,44
1,Troy Merritt,100.00,40,40
1,Scott Piercy,100.00,41,41
1,Patrick Reed,100.00,52,52
1,Brandt Snedeker,100.00,37,37
1,Jordan Spieth,100.00,43,43
1,Justin Thomas,100.00,47,47
1,Jimmy Walker,100.00,45,45
1,Bubba Watson,100.00,48,48
30,Fabián Gómez,97.92,48,47
31,J.B. Holmes,97.83,46,45
32,Danny Lee,97.62,42,41
