rank,player,% Made,Attempts,Putts Made
1,Jordan Spieth,13.33,30,4
2,Russell Knox,10.81,37,4
3,Zach Johnson,10.34,29,3
3,David Lingmerth,10.34,29,3
5,Jason Day,9.68,31,3
5,J.J. Henry,9.68,31,3
5,Smylie Kaufman,9.68,31,3
8,Brandt Snedeker,8.82,34,3
9,Kevin Kisner,8.70,23,2
9,Brooks Koepka,8.70,23,2
11,Steven Bowditch,8.33,24,2
12,Patrick Reed,8.00,25,2
13,Peter Malnati,5.56,18,1
14,Justin Thomas,4.76,21,1
15,Padraig Harrington,4.55,22,1
15,Bubba Watson,4.55,22,1
17,Jimmy Walker,4.35,23,1
18,Dustin Johnson,4.17,24,1
19,J.B. Holmes,3.85,26,1
19,Graeme McDowell,3.85,26,1
19,Scott Piercy,3.85,26,1
22,Fabián Gómez,3.70,27,1
22,Davis Love III,3.70,27,1
22,Troy Merritt,3.70,27,1
25,Alex Cejka,3.57,28,1
26,Bill Haas,3.33,30,1
27,Rickie Fowler,2.94,34,1
28,Matt Every,.00,22,-
28,Emiliano Grillo,.00,27,-
28,James Hahn,.00,23,-
28,Chris Kirk,.00,26,-
28,Danny Lee,.00,18,-
