rank,player,%,Attempts,Putts made
1,Brandt Snedeker,84.21,19,16
2,Troy Merritt,75.00,20,15
2,Jimmy Walker,75.00,20,15
4,Jason Day,69.23,13,9
5,Fabián Gómez,66.67,15,10
6,Kevin Kisner,64.71,17,11
6,Brooks Koepka,64.71,17,11
8,Jordan Spieth,64.29,14,9
9,Steven Bowditch,60.00,20,12
9,Alex Cejka,60.00,15,9
11,Graeme McDowell,58.82,17,10
12,Emiliano Grillo,57.89,19,11
13,Chris Kirk,57.14,14,8
14,Peter Malnati,54.55,22,12
15,Rickie Fowler,53.85,13,7
16,James Hahn,53.33,30,16
16,J.J. Henry,53.33,15,8
16,Zach Johnson,53.33,15,8
19,Danny Lee,52.38,21,11
20,Bill Haas,52.00,25,13
21,Matt Every,50.00,18,9
21,David Lingmerth,50.00,16,8
23,Scott Piercy,47.06,17,8
24,J.B. Holmes,45.00,20,9
25,Padraig Harrington,43.75,16,7
26,Smylie Kaufman,42.86,21,9
27,Russell Knox,40.00,15,6
28,Dustin Johnson,37.50,16,6
29,Justin Thomas,36.36,22,8
30,Davis Love III,35.00,20,7
30,Bubba Watson,35.00,20,7
32,Patrick Reed,30.77,13,4
