rank,player,% Made,Attempts,Putts made
1,David Lingmerth,37.50,8,3
2,Jason Day,33.33,6,2
3,Zach Johnson,25.00,4,1
4,Steven Bowditch,20.00,5,1
4,J.J. Henry,20.00,5,1
4,Smylie Kaufman,20.00,5,1
4,Jimmy Walker,20.00,5,1
8,Padraig Harrington,16.67,6,1
8,J.B. Holmes,16.67,6,1
8,Brandt Snedeker,16.67,6,1
11,Scott Piercy,14.29,7,1
12,Peter Malnati,12.50,8,1
13,Russell Knox,10.00,10,1
13,Graeme McDowell,10.00,10,1
15,Alex Cejka,.00,9,-
15,Matt Every,.00,6,-
15,Rickie Fowler,.00,5,-
15,Fabián Gómez,.00,1,-
15,Emiliano Grillo,.00,4,-
15,Bill Haas,.00,4,-
15,James Hahn,.00,4,-
15,Dustin Johnson,.00,6,-
15,Chris Kirk,.00,8,-
15,Kevin Kisner,.00,4,-
15,Brooks Koepka,.00,7,-
15,Danny Lee,.00,4,-
15,Davis Love III,.00,7,-
15,Troy Merritt,.00,9,-
15,Patrick Reed,.00,6,-
15,Jordan Spieth,.00,3,-
15,Justin Thomas,.00,5,-
15,Bubba Watson,.00,8,-
