rank,player,Avg RTP,Total Holes,Total RTP
1,K.J. Choi,E,1,E
1,Brian Gay,E,1,E
1,Justin Leonard,E,1,E
1,Sean O'Hair,E,2,E
1,Johnson Wagner,E,2,E
6,Richard Johnson,+.167,6,+1.00
7,Ernie Els,+.500,2,+1.00
7,Zach Johnson,+.500,4,+2.00
9,Greg Kraft,+.571,7,+4.00
10,Cameron Beckman,+.600,5,+3.00
10,Carl Pettersson,+.600,5,+3.00
10,Andres Romero,+.600,5,+3.00
13,Ryuji Imada,+.667,6,+4.00
13,Geoff Ogilvy,+.667,3,+2.00
13,D.J. Trahan,+.667,3,+2.00
16,Marc Turnesa,+.727,11,+8.00
17,Adam Scott,+.750,4,+3.00
18,Stewart Cink,+.857,7,+6.00
19,Ryan Palmer,+.875,8,+7.00
20,Trevor Immelman,+1.000,1,+1.00
20,Anthony Kim,+1.000,1,+1.00
20,Davis Love III,+1.000,4,+4.00
20,Will MacKenzie,+1.000,3,+3.00
20,Kenny Perry,+1.000,1,+1.00
20,Chez Reavie,+1.000,1,+1.00
20,Boo Weekley,+1.000,1,+1.00
27,J.B. Holmes,+1.111,9,+10.00
28,Daniel Chopra,+1.500,6,+9.00
28,Parker McLachlin,+1.500,2,+3.00
28,Vijay Singh,+1.500,2,+3.00
28,Camilo Villegas,+1.500,2,+3.00
32,Dustin Johnson,+1.667,3,+5.00
33,Steve Lowery,+2.333,3,+7.00
