rank,player,Avg RTP,Total Holes,Total RTP
1,Sean O'Hair,E,2,E
2,Chez Reavie,+.167,6,+1.00
3,Anthony Kim,+.250,4,+1.00
4,Ernie Els,+.286,7,+2.00
4,Marc Turnesa,+.286,7,+2.00
6,K.J. Choi,+.333,6,+2.00
6,Carl Pettersson,+.333,3,+1.00
8,Greg Kraft,+.375,8,+3.00
9,Steve Lowery,+.400,5,+2.00
9,Johnson Wagner,+.400,5,+2.00
11,Brian Gay,+.500,2,+1.00
11,Dustin Johnson,+.500,8,+4.00
11,Zach Johnson,+.500,2,+1.00
11,Will MacKenzie,+.500,2,+1.00
11,Geoff Ogilvy,+.500,2,+1.00
11,D.J. Trahan,+.500,2,+1.00
17,Andres Romero,+.571,7,+4.00
18,Richard Johnson,+.600,5,+3.00
18,Boo Weekley,+.600,5,+3.00
20,Cameron Beckman,+.667,3,+2.00
21,Ryuji Imada,+.714,7,+5.00
22,Adam Scott,+.750,4,+3.00
23,J.B. Holmes,+.833,6,+5.00
24,Stewart Cink,+1.000,5,+5.00
24,Trevor Immelman,+1.000,1,+1.00
24,Justin Leonard,+1.000,1,+1.00
24,Davis Love III,+1.000,5,+5.00
24,Parker McLachlin,+1.000,3,+3.00
24,Ryan Palmer,+1.000,9,+9.00
24,Vijay Singh,+1.000,5,+5.00
24,Camilo Villegas,+1.000,5,+5.00
32,Daniel Chopra,+1.125,8,+9.00
