rank,player,Avg RTP,Total Holes,Total RTP
1,K.J. Choi,E,3,E
1,Richard Johnson,E,6,E
1,Anthony Kim,E,3,E
1,Parker McLachlin,E,1,E
1,Kenny Perry,E,4,E
1,Chez Reavie,E,5,E
7,Greg Kraft,+.167,6,+1.00
7,Carl Pettersson,+.167,6,+1.00
9,Stewart Cink,+.200,5,+1.00
9,Geoff Ogilvy,+.200,5,+1.00
11,Camilo Villegas,+.250,4,+1.00
11,Boo Weekley,+.250,4,+1.00
13,Ernie Els,+.273,11,+3.00
14,Brian Gay,+.286,7,+2.00
15,Will MacKenzie,+.333,3,+1.00
15,Sean O'Hair,+.333,6,+2.00
15,Adam Scott,+.333,3,+1.00
18,Trevor Immelman,+.400,5,+2.00
18,Andres Romero,+.400,10,+4.00
20,Steve Lowery,+.444,9,+4.00
21,Davis Love III,+.500,2,+1.00
21,D.J. Trahan,+.500,2,+1.00
21,Marc Turnesa,+.500,4,+2.00
21,Johnson Wagner,+.500,2,+1.00
25,Ryuji Imada,+.571,7,+4.00
25,Zach Johnson,+.571,7,+4.00
25,Ryan Palmer,+.571,7,+4.00
28,Dustin Johnson,+.600,5,+3.00
29,Cameron Beckman,+.750,4,+3.00
29,Daniel Chopra,+.750,8,+6.00
29,J.B. Holmes,+.750,4,+3.00
32,Justin Leonard,+1.000,1,+1.00
32,Vijay Singh,+1.000,5,+5.00
