rank,player,Avg RTP,Total Holes,Total RTP
1,Ernie Els,E,1,E
1,Justin Leonard,E,2,E
1,Will MacKenzie,E,3,E
1,Sean O'Hair,E,1,E
5,Vijay Singh,+.167,6,+1.00
6,Johnson Wagner,+.200,5,+1.00
7,Trevor Immelman,+.250,4,+1.00
8,Zach Johnson,+.333,3,+1.00
8,Marc Turnesa,+.333,6,+2.00
10,Adam Scott,+.375,8,+3.00
11,Brian Gay,+.400,5,+2.00
11,Ryan Palmer,+.400,5,+2.00
13,Dustin Johnson,+.500,2,+1.00
13,Anthony Kim,+.500,6,+3.00
13,Davis Love III,+.500,2,+1.00
13,Parker McLachlin,+.500,6,+3.00
13,Kenny Perry,+.500,2,+1.00
13,Carl Pettersson,+.500,2,+1.00
13,Andres Romero,+.500,2,+1.00
20,Greg Kraft,+.600,5,+3.00
21,Cameron Beckman,+.667,3,+2.00
21,K.J. Choi,+.667,6,+4.00
21,Daniel Chopra,+.667,3,+2.00
21,J.B. Holmes,+.667,3,+2.00
21,Ryuji Imada,+.667,3,+2.00
21,Steve Lowery,+.667,3,+2.00
21,D.J. Trahan,+.667,3,+2.00
21,Camilo Villegas,+.667,3,+2.00
21,Boo Weekley,+.667,3,+2.00
30,Stewart Cink,+1.000,2,+2.00
30,Richard Johnson,+1.000,3,+3.00
30,Geoff Ogilvy,+1.000,1,+1.00
30,Chez Reavie,+1.000,2,+2.00
