rank,player,%,Total Birdies,Total Holes
1,Webb Simpson,50.00,5,10
2,Harris English,36.36,4,11
3,Martin Laird,33.33,3,9
3,Collin Morikawa,33.33,3,9
3,Patrick Reed,33.33,4,12
6,Abraham Ancer,30.00,3,10
6,Bryson DeChambeau,30.00,3,10
6,Sungjae Im,30.00,3,10
6,Scottie Scheffler,30.00,3,10
6,Michael Thompson,30.00,3,10
11,Richy Werenski,27.27,3,11
12,Xander Schauffele,26.67,4,15
13,Billy Horschel,25.00,2,8
13,Ryan Palmer,25.00,3,12
13,Justin Thomas,25.00,2,8
16,Mackenzie Hughes,22.22,2,9
16,Dustin Johnson,22.22,2,9
16,Jason Kokrak,22.22,2,9
16,Joaquin Niemann,22.22,2,9
16,Jon Rahm,22.22,2,9
21,Stewart Cink,20.00,2,10
22,Brian Gay,18.18,2,11
22,Viktor Hovland,18.18,2,11
22,Kevin Kisner,18.18,2,11
22,Kevin Na,18.18,2,11
22,Adam Scott,18.18,2,11
27,Patrick Cantlay,16.67,1,6
27,Nick Taylor,16.67,1,6
29,Daniel Berger,15.38,2,13
30,Andrew Landry,14.29,1,7
31,Cameron Champ,12.50,1,8
31,Tony Finau,12.50,1,8
31,Cameron Smith,12.50,1,8
31,Brendon Todd,12.50,1,8
35,Sebastián Muñoz,11.11,1,9
36,Sergio Garcia,10.00,1,10
36,Hudson Swafford,10.00,1,10
38,Lanto Griffin,.00,0,14
38,Marc Leishman,.00,0,8
38,Hideki Matsuyama,.00,0,8
38,Carlos Ortiz,.00,0,6
38,Robert Streb,.00,0,5
