rank,player,%,Total Birdies,Total Holes
1,Jason Kokrak,50.00,5,10
1,Michael Thompson,50.00,6,12
3,Joaquin Niemann,46.15,6,13
4,Sergio Garcia,38.46,5,13
5,Lanto Griffin,33.33,4,12
5,Dustin Johnson,33.33,3,9
7,Harris English,27.27,3,11
7,Adam Scott,27.27,3,11
9,Stewart Cink,25.00,2,8
10,Xander Schauffele,22.22,2,9
11,Justin Thomas,21.43,3,14
12,Sungjae Im,20.00,2,10
13,Daniel Berger,16.67,2,12
13,Bryson DeChambeau,16.67,3,18
13,Billy Horschel,16.67,2,12
13,Sebastián Muñoz,16.67,2,12
17,Tony Finau,15.38,2,13
17,Scottie Scheffler,15.38,2,13
19,Patrick Cantlay,14.29,2,14
19,Kevin Kisner,14.29,2,14
19,Robert Streb,14.29,2,14
19,Brendon Todd,14.29,2,14
23,Andrew Landry,13.33,2,15
23,Marc Leishman,13.33,2,15
23,Webb Simpson,13.33,2,15
26,Carlos Ortiz,11.76,2,17
27,Brian Gay,10.00,1,10
28,Kevin Na,9.09,1,11
28,Richy Werenski,9.09,1,11
30,Cameron Champ,8.33,1,12
30,Martin Laird,8.33,1,12
30,Jon Rahm,8.33,1,12
30,Hudson Swafford,8.33,1,12
34,Mackenzie Hughes,7.14,1,14
35,Abraham Ancer,6.67,1,15
36,Nick Taylor,5.88,1,17
37,Viktor Hovland,.00,0,7
37,Hideki Matsuyama,.00,0,11
37,Collin Morikawa,.00,0,14
37,Ryan Palmer,.00,0,11
37,Patrick Reed,.00,0,10
37,Cameron Smith,.00,0,12
