rank,player,%,Total Birdies,Total Holes
1,Brendon Todd,52.94,9,17
2,Ryan Palmer,50.00,8,16
3,Daniel Berger,46.15,6,13
4,Abraham Ancer,41.18,7,17
4,Sungjae Im,41.18,7,17
6,Kevin Kisner,40.91,9,22
6,Kevin Na,40.91,9,22
8,Brian Gay,39.13,9,23
9,Tony Finau,36.84,7,19
10,Sergio Garcia,35.29,6,17
10,Joaquin Niemann,35.29,6,17
10,Patrick Reed,35.29,6,17
13,Lanto Griffin,33.33,5,15
13,Collin Morikawa,33.33,5,15
13,Scottie Scheffler,33.33,7,21
16,Cameron Smith,31.82,7,22
17,Hudson Swafford,31.58,6,19
18,Richy Werenski,31.25,5,16
19,Justin Thomas,30.00,6,20
20,Patrick Cantlay,29.41,5,17
20,Marc Leishman,29.41,5,17
22,Dustin Johnson,27.78,5,18
22,Jon Rahm,27.78,5,18
22,Webb Simpson,27.78,5,18
22,Nick Taylor,27.78,5,18
22,Michael Thompson,27.78,5,18
27,Stewart Cink,25.00,5,20
27,Xander Schauffele,25.00,4,16
27,Adam Scott,25.00,4,16
30,Hideki Matsuyama,23.53,4,17
31,Bryson DeChambeau,23.08,3,13
32,Andrew Landry,22.73,5,22
33,Martin Laird,22.22,4,18
33,Sebastián Muñoz,22.22,4,18
35,Harris English,21.43,3,14
36,Carlos Ortiz,21.05,4,19
37,Mackenzie Hughes,20.00,4,20
38,Robert Streb,19.05,4,21
39,Viktor Hovland,17.65,3,17
40,Jason Kokrak,17.39,4,23
41,Billy Horschel,15.00,3,20
42,Cameron Champ,11.11,2,18
