rank,player,Avg RTP
1,Justin Thomas,-.688
2,Ryan Palmer,-.684
3,Sergio Garcia,-.667
4,Jon Rahm,-.650
5,Scottie Scheffler,-.643
6,Harris English,-.600
7,Xander Schauffele,-.563
8,Bryson DeChambeau,-.556
9,Martin Laird,-.529
10,Sebastián Muñoz,-.474
11,Webb Simpson,-.450
12,Abraham Ancer,-.429
13,Lanto Griffin,-.400
13,Billy Horschel,-.400
13,Collin Morikawa,-.400
13,Adam Scott,-.400
17,Daniel Berger,-.389
17,Patrick Cantlay,-.389
17,Cameron Smith,-.389
20,Brian Gay,-.375
20,Marc Leishman,-.375
22,Nick Taylor,-.368
23,Dustin Johnson,-.353
24,Joaquin Niemann,-.350
24,Hudson Swafford,-.350
26,Cameron Champ,-.333
26,Sungjae Im,-.333
28,Brendon Todd,-.318
29,Jason Kokrak,-.313
30,Tony Finau,-.308
31,Patrick Reed,-.286
32,Michael Thompson,-.278
33,Hideki Matsuyama,-.263
34,Robert Streb,-.208
35,Andrew Landry,-.188
36,Stewart Cink,-.176
37,Kevin Kisner,-.167
38,Viktor Hovland,-.158
39,Carlos Ortiz,-.143
40,Richy Werenski,-.111
41,Mackenzie Hughes,-.105
42,Kevin Na,-.050
