rank,player,%,Total Birdies,Total Holes
1,Cameron Smith,80.00,4,5
2,Brendon Todd,66.67,2,3
3,Ryan Palmer,60.00,3,5
4,Daniel Berger,50.00,1,2
4,Bryson DeChambeau,50.00,2,4
4,Harris English,50.00,1,2
7,Justin Thomas,42.86,3,7
8,Dustin Johnson,40.00,2,5
8,Richy Werenski,40.00,2,5
10,Brian Gay,33.33,1,3
10,Hideki Matsuyama,33.33,1,3
10,Sebastián Muñoz,33.33,1,3
10,Jon Rahm,33.33,1,3
10,Scottie Scheffler,33.33,1,3
15,Viktor Hovland,25.00,1,4
15,Sungjae Im,25.00,1,4
17,Stewart Cink,20.00,1,5
17,Jason Kokrak,20.00,1,5
19,Tony Finau,16.67,1,6
19,Adam Scott,16.67,1,6
21,Xander Schauffele,14.29,1,7
22,Patrick Cantlay,12.50,1,8
23,Abraham Ancer,.00,0,3
23,Cameron Champ,.00,0,9
23,Sergio Garcia,.00,0,4
23,Lanto Griffin,.00,0,3
23,Billy Horschel,.00,0,3
23,Mackenzie Hughes,.00,0,1
23,Kevin Kisner,.00,0,1
23,Martin Laird,.00,0,3
23,Andrew Landry,.00,0,3
23,Marc Leishman,.00,0,5
23,Collin Morikawa,.00,0,2
23,Kevin Na,.00,0,3
23,Joaquin Niemann,.00,0,9
23,Carlos Ortiz,.00,0,4
23,Patrick Reed,.00,0,2
23,Webb Simpson,.00,0,5
23,Hudson Swafford,.00,0,2
23,Nick Taylor,.00,0,3
23,Michael Thompson,.00,0,2
