rank,player,%,Total Birdies,Total Holes
1,Joaquin Niemann,50.00,26,52
2,Justin Thomas,41.51,22,53
3,Sergio Garcia,41.38,24,58
4,Lanto Griffin,40.68,24,59
5,Harris English,38.71,24,62
6,Webb Simpson,38.60,22,57
7,Xander Schauffele,38.18,21,55
8,Ryan Palmer,36.84,21,57
8,Jon Rahm,36.84,21,57
10,Collin Morikawa,35.48,22,62
11,Michael Thompson,35.00,21,60
12,Abraham Ancer,34.85,23,66
13,Sungjae Im,34.43,21,61
14,Patrick Cantlay,33.93,19,56
15,Scottie Scheffler,33.33,19,57
16,Nick Taylor,31.48,17,54
17,Martin Laird,31.15,19,61
18,Patrick Reed,31.03,18,58
19,Dustin Johnson,30.91,17,55
20,Daniel Berger,30.65,19,62
20,Brian Gay,30.65,19,62
22,Cameron Champ,30.23,13,43
23,Adam Scott,30.19,16,53
24,Sebastián Muñoz,29.82,17,57
25,Bryson DeChambeau,29.79,14,47
26,Kevin Kisner,29.69,19,64
27,Tony Finau,29.41,15,51
28,Billy Horschel,28.81,17,59
29,Stewart Cink,28.57,16,56
29,Brendon Todd,28.57,18,63
31,Kevin Na,28.33,17,60
32,Jason Kokrak,27.87,17,61
33,Cameron Smith,27.59,16,58
34,Richy Werenski,26.79,15,56
35,Hudson Swafford,26.47,18,68
36,Viktor Hovland,24.07,13,54
37,Robert Streb,23.44,15,64
38,Carlos Ortiz,21.82,12,55
39,Marc Leishman,20.34,12,59
40,Mackenzie Hughes,20.00,12,60
41,Andrew Landry,19.35,12,62
42,Hideki Matsuyama,18.97,11,58
