rank,player,Avg RTP
1,Daniel Berger,-1.000
1,Bryson DeChambeau,-1.000
1,Sebastián Muñoz,-1.000
1,Ryan Palmer,-1.000
1,Xander Schauffele,-1.000
1,Adam Scott,-1.000
1,Cameron Smith,-1.000
8,Cameron Champ,-.667
9,Viktor Hovland,-.500
9,Marc Leishman,-.500
9,Justin Thomas,-.500
12,Stewart Cink,E
12,Billy Horschel,E
12,Dustin Johnson,E
12,Jason Kokrak,E
12,Nick Taylor,E
12,Richy Werenski,E
18,Jon Rahm,+.500
18,Scottie Scheffler,+.500
20,Tony Finau,+.667
21,Carlos Ortiz,+1.000
21,Michael Thompson,+1.000
