rank,player,%,Total Birdies,Total Holes
1,Justin Thomas,65.00,13,20
2,Ryan Palmer,62.50,15,24
3,Jon Rahm,60.00,15,25
4,Harris English,58.33,14,24
4,Sebastián Muñoz,58.33,14,24
6,Patrick Cantlay,57.14,12,21
7,Joaquin Niemann,56.52,13,23
8,Collin Morikawa,54.17,13,24
9,Sergio Garcia,52.38,11,21
9,Xander Schauffele,52.38,11,21
11,Cameron Smith,52.17,12,23
12,Abraham Ancer,50.00,11,22
12,Scottie Scheffler,50.00,9,18
14,Billy Horschel,48.00,12,25
15,Daniel Berger,47.83,11,23
16,Bryson DeChambeau,47.62,10,21
17,Lanto Griffin,47.06,8,17
18,Cameron Champ,45.83,11,24
18,Dustin Johnson,45.83,11,24
20,Martin Laird,45.45,10,22
21,Hudson Swafford,45.00,9,20
22,Sungjae Im,40.91,9,22
22,Webb Simpson,40.91,9,22
24,Adam Scott,40.00,8,20
25,Nick Taylor,39.13,9,23
25,Richy Werenski,39.13,9,23
27,Brian Gay,38.89,7,18
28,Jason Kokrak,36.84,7,19
28,Marc Leishman,36.84,7,19
30,Robert Streb,36.00,9,25
31,Andrew Landry,35.29,6,17
32,Tony Finau,35.00,7,20
33,Hideki Matsuyama,34.78,8,23
34,Viktor Hovland,34.62,9,26
35,Kevin Kisner,33.33,6,18
35,Patrick Reed,33.33,6,18
35,Brendon Todd,33.33,8,24
38,Michael Thompson,30.43,7,23
39,Carlos Ortiz,30.00,6,20
40,Stewart Cink,28.57,6,21
41,Kevin Na,23.81,5,21
42,Mackenzie Hughes,17.39,4,23
