rank,player,Avg RTP
1,Joaquin Niemann,-1.000
2,Brendon Todd,-.750
3,Sergio Garcia,-.600
3,Kevin Kisner,-.600
3,Ryan Palmer,-.600
6,Abraham Ancer,-.500
6,Patrick Cantlay,-.500
6,Brian Gay,-.500
6,Lanto Griffin,-.500
6,Adam Scott,-.500
6,Cameron Smith,-.500
12,Dustin Johnson,-.429
13,Cameron Champ,-.400
14,Harris English,-.333
14,Billy Horschel,-.333
14,Andrew Landry,-.333
14,Xander Schauffele,-.333
14,Webb Simpson,-.333
19,Mackenzie Hughes,-.286
19,Collin Morikawa,-.286
19,Kevin Na,-.286
19,Carlos Ortiz,-.286
19,Jon Rahm,-.286
19,Nick Taylor,-.286
25,Daniel Berger,-.250
25,Sungjae Im,-.250
25,Robert Streb,-.250
28,Hudson Swafford,-.222
29,Martin Laird,-.200
29,Richy Werenski,-.200
31,Stewart Cink,-.167
31,Patrick Reed,-.167
33,Jason Kokrak,-.143
34,Scottie Scheffler,-.125
35,Bryson DeChambeau,E
35,Tony Finau,E
35,Viktor Hovland,E
35,Marc Leishman,E
35,Hideki Matsuyama,E
35,Sebastián Muñoz,E
35,Justin Thomas,E
35,Michael Thompson,E
