rank,player,Avg RTP
1,Brian Gay,-1.000
1,Justin Thomas,-1.000
1,Brendon Todd,-1.000
4,Sungjae Im,-.500
4,Joaquin Niemann,-.500
4,Jon Rahm,-.500
4,Michael Thompson,-.500
8,Dustin Johnson,-.333
8,Webb Simpson,-.333
10,Abraham Ancer,E
10,Daniel Berger,E
10,Patrick Cantlay,E
10,Cameron Champ,E
10,Stewart Cink,E
10,Bryson DeChambeau,E
10,Harris English,E
10,Sergio Garcia,E
10,Lanto Griffin,E
10,Billy Horschel,E
10,Viktor Hovland,E
10,Mackenzie Hughes,E
10,Martin Laird,E
10,Marc Leishman,E
10,Collin Morikawa,E
10,Sebastián Muñoz,E
10,Kevin Na,E
10,Carlos Ortiz,E
10,Ryan Palmer,E
10,Patrick Reed,E
10,Xander Schauffele,E
10,Scottie Scheffler,E
10,Cameron Smith,E
10,Richy Werenski,E
34,Nick Taylor,+.500
35,Tony Finau,+.667
36,Adam Scott,+.750
37,Andrew Landry,+1.000
38,Jason Kokrak,+2.000
