rank,player,Avg RTP
1,Webb Simpson,-.571
2,Bryson DeChambeau,-.429
3,Patrick Reed,-.400
4,Martin Laird,-.375
4,Scottie Scheffler,-.375
6,Xander Schauffele,-.364
7,Abraham Ancer,-.333
7,Harris English,-.333
7,Billy Horschel,-.333
10,Mackenzie Hughes,-.286
10,Kevin Na,-.286
12,Sungjae Im,-.250
12,Collin Morikawa,-.250
12,Nick Taylor,-.250
12,Richy Werenski,-.250
16,Kevin Kisner,-.222
17,Viktor Hovland,-.200
17,Dustin Johnson,-.200
17,Adam Scott,-.200
20,Daniel Berger,-.182
21,Jon Rahm,-.167
22,Sebastián Muñoz,-.143
23,Stewart Cink,-.125
23,Michael Thompson,-.125
25,Ryan Palmer,-.111
26,Patrick Cantlay,E
26,Tony Finau,E
26,Andrew Landry,E
26,Joaquin Niemann,E
26,Carlos Ortiz,E
26,Cameron Smith,E
26,Hudson Swafford,E
26,Brendon Todd,E
34,Sergio Garcia,+.111
35,Hideki Matsuyama,+.125
36,Marc Leishman,+.143
37,Robert Streb,+.200
38,Brian Gay,+.222
39,Jason Kokrak,+.250
40,Justin Thomas,+.286
41,Lanto Griffin,+.375
42,Cameron Champ,+.400
