rank,player,Avg RTP
1,Patrick Reed,-1.500
2,Abraham Ancer,-1.000
2,Patrick Cantlay,-1.000
2,Cameron Champ,-1.000
2,Harris English,-1.000
2,Sergio Garcia,-1.000
2,Brian Gay,-1.000
2,Lanto Griffin,-1.000
2,Billy Horschel,-1.000
2,Kevin Kisner,-1.000
2,Jason Kokrak,-1.000
2,Martin Laird,-1.000
2,Joaquin Niemann,-1.000
2,Jon Rahm,-1.000
2,Xander Schauffele,-1.000
2,Nick Taylor,-1.000
17,Ryan Palmer,-.750
18,Sungjae Im,-.667
18,Sebastián Muñoz,-.667
18,Scottie Scheffler,-.667
18,Adam Scott,-.667
18,Webb Simpson,-.667
18,Robert Streb,-.667
24,Tony Finau,-.500
24,Andrew Landry,-.500
24,Hideki Matsuyama,-.500
24,Collin Morikawa,-.500
24,Justin Thomas,-.500
29,Daniel Berger,-.333
29,Hudson Swafford,-.333
31,Stewart Cink,E
31,Viktor Hovland,E
31,Mackenzie Hughes,E
31,Dustin Johnson,E
31,Marc Leishman,E
31,Carlos Ortiz,E
31,Cameron Smith,E
31,Brendon Todd,E
31,Richy Werenski,E
