rank,player,Avg RTP
1,Collin Morikawa,-1.000
1,Joaquin Niemann,-1.000
3,Daniel Berger,-.667
3,Jon Rahm,-.667
3,Richy Werenski,-.667
6,Patrick Reed,-.600
6,Hudson Swafford,-.600
8,Michael Thompson,-.571
9,Abraham Ancer,-.500
9,Bryson DeChambeau,-.500
9,Tony Finau,-.500
9,Lanto Griffin,-.500
9,Nick Taylor,-.500
14,Viktor Hovland,-.400
14,Sebastián Muñoz,-.400
14,Kevin Na,-.400
14,Ryan Palmer,-.400
14,Xander Schauffele,-.400
14,Robert Streb,-.400
14,Brendon Todd,-.400
21,Sungjae Im,-.333
21,Martin Laird,-.333
21,Justin Thomas,-.333
24,Stewart Cink,-.250
24,Kevin Kisner,-.250
24,Scottie Scheffler,-.250
24,Cameron Smith,-.250
28,Sergio Garcia,-.200
28,Brian Gay,-.200
28,Dustin Johnson,-.200
28,Marc Leishman,-.200
28,Hideki Matsuyama,-.200
33,Carlos Ortiz,-.167
34,Andrew Landry,-.125
35,Patrick Cantlay,E
35,Cameron Champ,E
35,Billy Horschel,E
35,Jason Kokrak,E
35,Adam Scott,E
35,Webb Simpson,E
41,Mackenzie Hughes,+.167
42,Harris English,+.333
