rank,player,Avg RTP
1,Harris English,-.500
1,Sungjae Im,-.500
1,Marc Leishman,-.500
1,Ryan Palmer,-.500
1,Scottie Scheffler,-.500
1,Brendon Todd,-.500
7,Tony Finau,-.333
7,Andrew Landry,-.333
9,Hideki Matsuyama,-.250
10,Stewart Cink,-.200
10,Justin Thomas,-.200
12,Abraham Ancer,E
12,Daniel Berger,E
12,Patrick Cantlay,E
12,Sergio Garcia,E
12,Brian Gay,E
12,Dustin Johnson,E
12,Kevin Kisner,E
12,Jason Kokrak,E
12,Collin Morikawa,E
12,Sebastián Muñoz,E
12,Kevin Na,E
12,Joaquin Niemann,E
12,Carlos Ortiz,E
12,Jon Rahm,E
12,Patrick Reed,E
12,Adam Scott,E
12,Cameron Smith,E
12,Robert Streb,E
12,Nick Taylor,E
12,Michael Thompson,E
32,Bryson DeChambeau,+.200
32,Richy Werenski,+.200
34,Cameron Champ,+.333
35,Viktor Hovland,+.500
35,Mackenzie Hughes,+.500
35,Martin Laird,+.500
35,Xander Schauffele,+.500
35,Webb Simpson,+.500
40,Billy Horschel,+.800
