rank,player,Avg RTP
1,Bryson DeChambeau,-.400
1,Justin Thomas,-.400
3,Dustin Johnson,-.375
4,Sungjae Im,-.333
5,Stewart Cink,-.250
5,Marc Leishman,-.250
7,Brendon Todd,-.200
8,Brian Gay,-.167
9,Sebastián Muñoz,-.143
10,Scottie Scheffler,-.100
11,Joaquin Niemann,-.091
12,Abraham Ancer,E
12,Daniel Berger,E
12,Patrick Cantlay,E
12,Cameron Champ,E
12,Harris English,E
12,Lanto Griffin,E
12,Viktor Hovland,E
12,Mackenzie Hughes,E
12,Jon Rahm,E
12,Patrick Reed,E
12,Xander Schauffele,E
12,Cameron Smith,E
12,Robert Streb,E
12,Michael Thompson,E
26,Adam Scott,+.077
27,Kevin Na,+.125
28,Billy Horschel,+.143
28,Hideki Matsuyama,+.143
30,Andrew Landry,+.167
30,Nick Taylor,+.167
30,Richy Werenski,+.167
33,Webb Simpson,+.182
34,Ryan Palmer,+.222
35,Tony Finau,+.250
36,Sergio Garcia,+.333
36,Kevin Kisner,+.333
36,Jason Kokrak,+.333
39,Martin Laird,+.400
40,Collin Morikawa,+.500
40,Carlos Ortiz,+.500
40,Hudson Swafford,+.500
