rank,player,Avg RTP
1,Jason Kokrak,-.500
2,Joaquin Niemann,-.455
2,Michael Thompson,-.455
4,Adam Scott,-.400
5,Dustin Johnson,-.375
6,Justin Thomas,-.333
7,Harris English,-.300
7,Lanto Griffin,-.300
9,Bryson DeChambeau,-.188
10,Sergio Garcia,-.167
11,Tony Finau,-.125
11,Sungjae Im,-.125
13,Brian Gay,-.111
13,Webb Simpson,-.111
15,Nick Taylor,-.100
16,Patrick Cantlay,-.091
17,Daniel Berger,-.083
17,Andrew Landry,-.083
17,Brendon Todd,-.083
20,Marc Leishman,-.077
21,Cameron Champ,E
21,Stewart Cink,E
21,Billy Horschel,E
21,Viktor Hovland,E
21,Kevin Kisner,E
21,Collin Morikawa,E
21,Sebastián Muñoz,E
21,Kevin Na,E
21,Carlos Ortiz,E
21,Patrick Reed,E
21,Xander Schauffele,E
21,Robert Streb,E
21,Hudson Swafford,E
21,Richy Werenski,E
35,Mackenzie Hughes,+.083
36,Martin Laird,+.100
37,Abraham Ancer,+.133
38,Jon Rahm,+.182
38,Cameron Smith,+.182
40,Scottie Scheffler,+.200
41,Hideki Matsuyama,+.250
41,Ryan Palmer,+.250
