rank,player,Avg RTP
1,Marc Leishman,-.800
2,Sungjae Im,-.333
2,Justin Thomas,-.333
4,Joaquin Niemann,-.286
5,Patrick Cantlay,-.250
5,Stewart Cink,-.250
5,Dustin Johnson,-.250
8,Andrew Landry,-.200
9,Cameron Champ,-.125
9,Scottie Scheffler,-.125
11,Bryson DeChambeau,-.100
12,Abraham Ancer,E
12,Daniel Berger,E
12,Harris English,E
12,Brian Gay,E
12,Lanto Griffin,E
12,Mackenzie Hughes,E
12,Kevin Kisner,E
12,Collin Morikawa,E
12,Sebastián Muñoz,E
12,Patrick Reed,E
12,Robert Streb,E
12,Michael Thompson,E
12,Brendon Todd,E
25,Adam Scott,+.143
26,Hideki Matsuyama,+.167
27,Kevin Na,+.200
27,Nick Taylor,+.200
29,Jon Rahm,+.250
30,Tony Finau,+.286
30,Viktor Hovland,+.286
30,Webb Simpson,+.286
33,Billy Horschel,+.333
33,Martin Laird,+.333
33,Xander Schauffele,+.333
36,Richy Werenski,+.400
37,Sergio Garcia,+.500
37,Jason Kokrak,+.500
37,Cameron Smith,+.500
40,Carlos Ortiz,+.600
41,Ryan Palmer,+.800
