rank,player,%,Total Birdies,Total Holes
1,Lanto Griffin,57.14,8,14
2,Cameron Champ,50.00,5,10
3,Carlos Ortiz,42.86,3,7
4,Collin Morikawa,40.00,4,10
4,Joaquin Niemann,40.00,4,10
4,Justin Thomas,40.00,4,10
7,Stewart Cink,33.33,4,12
7,Viktor Hovland,33.33,3,9
9,Sungjae Im,30.77,4,13
9,Patrick Reed,30.77,4,13
11,Tony Finau,30.00,3,10
12,Patrick Cantlay,28.57,4,14
12,Jon Rahm,28.57,2,7
12,Webb Simpson,28.57,2,7
12,Cameron Smith,28.57,2,7
16,Xander Schauffele,27.27,3,11
16,Richy Werenski,27.27,3,11
18,Harris English,25.00,3,12
18,Dustin Johnson,25.00,3,12
18,Marc Leishman,25.00,3,12
18,Nick Taylor,25.00,2,8
18,Michael Thompson,25.00,2,8
23,Ryan Palmer,22.22,2,9
23,Scottie Scheffler,22.22,2,9
25,Adam Scott,21.43,3,14
26,Bryson DeChambeau,20.00,2,10
26,Sergio Garcia,20.00,2,10
26,Jason Kokrak,20.00,2,10
26,Robert Streb,20.00,1,5
30,Daniel Berger,18.18,2,11
30,Martin Laird,18.18,2,11
32,Mackenzie Hughes,16.67,1,6
33,Hideki Matsuyama,15.38,2,13
34,Abraham Ancer,14.29,1,7
34,Billy Horschel,14.29,1,7
34,Kevin Kisner,14.29,1,7
37,Sebastián Muñoz,12.50,1,8
38,Brendon Todd,11.11,1,9
39,Brian Gay,10.00,1,10
40,Hudson Swafford,9.09,1,11
41,Andrew Landry,.00,0,11
41,Kevin Na,.00,0,6
