rank,player,Avg RTP
1,Joaquin Niemann,-.404
2,Xander Schauffele,-.382
3,Justin Thomas,-.358
4,Harris English,-.355
5,Ryan Palmer,-.351
6,Sergio Garcia,-.345
7,Webb Simpson,-.333
8,Bryson DeChambeau,-.319
9,Jon Rahm,-.316
10,Collin Morikawa,-.306
11,Lanto Griffin,-.305
12,Adam Scott,-.302
13,Patrick Reed,-.293
14,Scottie Scheffler,-.281
15,Sungjae Im,-.279
15,Martin Laird,-.279
17,Dustin Johnson,-.273
18,Patrick Cantlay,-.268
19,Michael Thompson,-.267
20,Nick Taylor,-.259
21,Abraham Ancer,-.258
21,Daniel Berger,-.258
23,Brendon Todd,-.238
24,Billy Horschel,-.237
25,Tony Finau,-.235
26,Sebastián Muñoz,-.228
27,Kevin Kisner,-.219
28,Richy Werenski,-.196
29,Brian Gay,-.194
30,Cameron Smith,-.190
31,Marc Leishman,-.186
32,Viktor Hovland,-.185
33,Jason Kokrak,-.164
34,Cameron Champ,-.163
35,Stewart Cink,-.161
36,Kevin Na,-.150
37,Hudson Swafford,-.147
38,Carlos Ortiz,-.145
39,Robert Streb,-.094
40,Mackenzie Hughes,-.083
41,Andrew Landry,-.081
42,Hideki Matsuyama,-.052
