rank,player,%,Total Birdies,Total Holes
1,Marc Leishman,80.00,4,5
2,Patrick Cantlay,50.00,2,4
2,Dustin Johnson,50.00,2,4
4,Andrew Landry,40.00,2,5
5,Sungjae Im,33.33,1,3
5,Justin Thomas,33.33,2,6
5,Brendon Todd,33.33,1,3
8,Joaquin Niemann,28.57,2,7
8,Adam Scott,28.57,2,7
10,Daniel Berger,25.00,1,4
10,Cameron Champ,25.00,2,8
10,Stewart Cink,25.00,1,4
10,Scottie Scheffler,25.00,2,8
10,Michael Thompson,25.00,1,4
15,Bryson DeChambeau,20.00,2,10
16,Hideki Matsuyama,16.67,1,6
17,Webb Simpson,14.29,1,7
18,Abraham Ancer,.00,0,1
18,Harris English,.00,0,3
18,Tony Finau,.00,0,7
18,Sergio Garcia,.00,0,2
18,Brian Gay,.00,0,4
18,Lanto Griffin,.00,0,3
18,Billy Horschel,.00,0,6
18,Viktor Hovland,.00,0,7
18,Mackenzie Hughes,.00,0,4
18,Kevin Kisner,.00,0,3
18,Jason Kokrak,.00,0,2
18,Martin Laird,.00,0,3
18,Collin Morikawa,.00,0,2
18,Sebastián Muñoz,.00,0,6
18,Kevin Na,.00,0,5
18,Carlos Ortiz,.00,0,5
18,Ryan Palmer,.00,0,5
18,Jon Rahm,.00,0,4
18,Patrick Reed,.00,0,4
18,Xander Schauffele,.00,0,3
18,Cameron Smith,.00,0,4
18,Robert Streb,.00,0,4
18,Nick Taylor,.00,0,10
18,Richy Werenski,.00,0,5
