rank,player,Avg RTP
1,Joaquin Niemann,-.750
2,Ryan Palmer,-.538
3,Daniel Berger,-.500
3,Sergio Garcia,-.500
3,Brendon Todd,-.500
6,Abraham Ancer,-.462
7,Brian Gay,-.444
7,Xander Schauffele,-.444
7,Richy Werenski,-.444
10,Lanto Griffin,-.417
10,Nick Taylor,-.417
12,Kevin Kisner,-.389
13,Patrick Reed,-.385
14,Justin Thomas,-.364
15,Sungjae Im,-.357
15,Collin Morikawa,-.357
17,Kevin Na,-.353
17,Scottie Scheffler,-.353
19,Bryson DeChambeau,-.333
20,Dustin Johnson,-.308
20,Jon Rahm,-.308
22,Cameron Smith,-.286
23,Hudson Swafford,-.278
24,Patrick Cantlay,-.273
25,Adam Scott,-.267
25,Michael Thompson,-.267
27,Cameron Champ,-.250
27,Martin Laird,-.250
29,Billy Horschel,-.231
29,Webb Simpson,-.231
31,Tony Finau,-.200
31,Sebastián Muñoz,-.200
31,Carlos Ortiz,-.200
34,Robert Streb,-.188
35,Andrew Landry,-.176
36,Viktor Hovland,-.167
37,Marc Leishman,-.154
38,Stewart Cink,-.143
39,Mackenzie Hughes,-.125
40,Jason Kokrak,-.105
41,Harris English,-.091
41,Hideki Matsuyama,-.091
