rank,player,Avg RTP
1,Bryson DeChambeau,-1.000
1,Sungjae Im,-1.000
1,Dustin Johnson,-1.000
1,Scottie Scheffler,-1.000
5,Tony Finau,-.500
5,Brendon Todd,-.500
7,Hideki Matsuyama,-.333
8,Abraham Ancer,E
8,Patrick Cantlay,E
8,Harris English,E
8,Brian Gay,E
8,Mackenzie Hughes,E
8,Kevin Kisner,E
8,Jason Kokrak,E
8,Andrew Landry,E
8,Collin Morikawa,E
8,Sebastián Muñoz,E
8,Kevin Na,E
8,Joaquin Niemann,E
8,Ryan Palmer,E
8,Jon Rahm,E
8,Patrick Reed,E
8,Adam Scott,E
8,Robert Streb,E
8,Nick Taylor,E
8,Justin Thomas,E
8,Michael Thompson,E
28,Billy Horschel,+.333
28,Viktor Hovland,+.333
30,Richy Werenski,+.500
31,Webb Simpson,+.667
32,Daniel Berger,+1.000
32,Cameron Champ,+1.000
32,Martin Laird,+1.000
32,Xander Schauffele,+1.000
32,Cameron Smith,+1.000
