rank,player,Avg RTP
1,Harris English,-1.000
1,Andrew Landry,-1.000
1,Marc Leishman,-1.000
1,Cameron Smith,-1.000
5,Abraham Ancer,E
5,Daniel Berger,E
5,Tony Finau,E
5,Sungjae Im,E
5,Kevin Kisner,E
5,Martin Laird,E
5,Sebastián Muñoz,E
5,Joaquin Niemann,E
5,Carlos Ortiz,E
5,Xander Schauffele,E
5,Robert Streb,E
5,Nick Taylor,E
5,Justin Thomas,E
5,Richy Werenski,E
19,Cameron Champ,+.500
19,Bryson DeChambeau,+.500
21,Viktor Hovland,+1.000
21,Dustin Johnson,+1.000
23,Billy Horschel,+2.000
