rank,player,Avg RTP
1,Sergio Garcia,-1.000
1,Xander Schauffele,-1.000
1,Richy Werenski,-1.000
4,Scottie Scheffler,-.800
5,Daniel Berger,-.667
5,Ryan Palmer,-.667
5,Nick Taylor,-.667
8,Justin Thomas,-.600
9,Brian Gay,-.571
10,Sungjae Im,-.500
10,Marc Leishman,-.500
10,Patrick Reed,-.500
13,Abraham Ancer,-.400
13,Kevin Kisner,-.400
13,Kevin Na,-.400
13,Adam Scott,-.400
13,Webb Simpson,-.400
13,Brendon Todd,-.400
19,Bryson DeChambeau,-.333
19,Mackenzie Hughes,-.333
19,Sebastián Muñoz,-.333
19,Joaquin Niemann,-.333
23,Billy Horschel,-.200
24,Jason Kokrak,-.143
25,Patrick Cantlay,E
25,Stewart Cink,E
25,Harris English,E
25,Tony Finau,E
25,Lanto Griffin,E
25,Viktor Hovland,E
25,Dustin Johnson,E
25,Martin Laird,E
25,Andrew Landry,E
25,Hideki Matsuyama,E
25,Collin Morikawa,E
25,Carlos Ortiz,E
25,Jon Rahm,E
25,Cameron Smith,E
25,Hudson Swafford,E
25,Michael Thompson,E
41,Robert Streb,+.333
