rank,player,Avg RTP
1,Xander Schauffele,-1.200
2,Bryson DeChambeau,-1.000
2,Sergio Garcia,-1.000
2,Billy Horschel,-1.000
2,Martin Laird,-1.000
2,Ryan Palmer,-1.000
2,Webb Simpson,-1.000
2,Nick Taylor,-1.000
2,Justin Thomas,-1.000
2,Michael Thompson,-1.000
11,Collin Morikawa,-.833
11,Jon Rahm,-.833
13,Daniel Berger,-.800
13,Sebastián Muñoz,-.800
15,Jason Kokrak,-.750
16,Harris English,-.714
17,Patrick Cantlay,-.667
17,Viktor Hovland,-.667
17,Sungjae Im,-.667
17,Dustin Johnson,-.667
17,Kevin Kisner,-.667
17,Joaquin Niemann,-.667
17,Brendon Todd,-.667
24,Cameron Champ,-.500
24,Stewart Cink,-.500
24,Brian Gay,-.500
24,Mackenzie Hughes,-.500
24,Marc Leishman,-.500
24,Carlos Ortiz,-.500
24,Hudson Swafford,-.500
24,Richy Werenski,-.500
32,Tony Finau,-.400
32,Hideki Matsuyama,-.400
34,Robert Streb,-.333
35,Patrick Reed,-.250
36,Abraham Ancer,E
36,Lanto Griffin,E
36,Andrew Landry,E
36,Kevin Na,E
36,Adam Scott,E
36,Cameron Smith,E
