rank,player,Avg RTP
1,Ryan Palmer,-.625
1,Scottie Scheffler,-.625
3,Justin Thomas,-.556
4,Harris English,-.500
5,Cameron Smith,-.455
6,Dustin Johnson,-.429
7,Abraham Ancer,-.333
7,Brian Gay,-.333
7,Jon Rahm,-.333
7,Adam Scott,-.333
7,Hudson Swafford,-.333
12,Sergio Garcia,-.286
12,Marc Leishman,-.286
12,Xander Schauffele,-.286
12,Webb Simpson,-.286
12,Michael Thompson,-.286
17,Cameron Champ,-.250
17,Tony Finau,-.250
17,Jason Kokrak,-.250
20,Nick Taylor,-.222
21,Billy Horschel,-.200
21,Sebastián Muñoz,-.200
21,Joaquin Niemann,-.200
21,Brendon Todd,-.200
25,Daniel Berger,-.143
25,Mackenzie Hughes,-.143
25,Martin Laird,-.143
25,Andrew Landry,-.143
29,Stewart Cink,-.111
29,Kevin Kisner,-.111
31,Hideki Matsuyama,-.100
32,Patrick Cantlay,E
32,Bryson DeChambeau,E
32,Lanto Griffin,E
32,Sungjae Im,E
32,Collin Morikawa,E
32,Kevin Na,E
32,Patrick Reed,E
32,Richy Werenski,E
40,Carlos Ortiz,+.167
41,Viktor Hovland,+.182
41,Robert Streb,+.182
