rank,player,Avg RTP
1,Bryson DeChambeau,-1.000
1,Sergio Garcia,-1.000
1,Viktor Hovland,-1.000
1,Sebastián Muñoz,-1.000
1,Justin Thomas,-1.000
6,Lanto Griffin,-.750
7,Martin Laird,-.714
8,Collin Morikawa,-.667
8,Scottie Scheffler,-.667
8,Adam Scott,-.667
8,Cameron Smith,-.667
12,Abraham Ancer,-.600
12,Jon Rahm,-.600
14,Robert Streb,-.571
15,Harris English,-.500
15,Marc Leishman,-.500
15,Hideki Matsuyama,-.500
18,Sungjae Im,-.400
19,Webb Simpson,-.375
19,Brendon Todd,-.375
21,Daniel Berger,-.333
21,Billy Horschel,-.333
21,Carlos Ortiz,-.333
21,Ryan Palmer,-.333
21,Hudson Swafford,-.333
26,Brian Gay,-.250
26,Dustin Johnson,-.250
28,Patrick Cantlay,-.200
28,Stewart Cink,-.200
30,Andrew Landry,-.167
31,Kevin Na,-.125
32,Cameron Champ,E
32,Tony Finau,E
32,Joaquin Niemann,E
32,Patrick Reed,E
32,Xander Schauffele,E
32,Nick Taylor,E
32,Michael Thompson,E
32,Richy Werenski,E
40,Kevin Kisner,+.200
41,Jason Kokrak,+.333
42,Mackenzie Hughes,+.500
