rank,player,%,Greens Hit,Total Holes,Relative to par
1,Ian Poulter,90.91,10,11,-0.10
2,Rory McIlroy,87.50,7,8,-0.14
3,Keegan Bradley,80.00,12,15,E
3,Billy Horschel,80.00,8,10,E
5,Cameron Champ,77.78,7,9,+0.14
5,Bryson DeChambeau,77.78,7,9,E
5,Brooks Koepka,77.78,7,9,+0.29
5,Gary Woodland,77.78,7,9,E
9,Satoshi Kodaira,75.00,12,16,-0.17
9,Justin Thomas,75.00,9,12,-0.11
11,Dustin Johnson,66.67,6,9,E
11,Patrick Reed,66.67,6,9,E
13,Andrew Putnam,64.29,9,14,-0.22
14,Brandt Snedeker,61.54,8,13,E
15,Matt Kuchar,60.00,9,15,E
16,Andrew Landry,58.33,7,12,+0.14
17,"Ted Potter, Jr.",57.14,8,14,E
17,Kevin Tway,57.14,4,7,E
19,Paul Casey,55.56,5,9,-0.60
19,Jason Day,55.56,5,9,-0.20
21,Xander Schauffele,54.55,6,11,-0.50
21,Webb Simpson,54.55,6,11,-0.17
23,Marc Leishman,50.00,5,10,+0.20
23,Troy Merritt,50.00,5,10,E
23,Jon Rahm,50.00,4,8,E
23,Bubba Watson,50.00,4,8,+0.50
23,Aaron Wise,50.00,5,10,+0.20
28,Brice Garnett,41.67,5,12,E
28,Patton Kizzire,41.67,5,12,E
28,Scott Piercy,41.67,5,12,+0.40
31,Charles Howell III,33.33,3,9,E
31,Francesco Molinari,33.33,5,15,E
33,Michael Kim,31.25,5,16,-0.40
