rank,player,%,Greens Hit,Total Holes,Relative to par
1,Cameron Champ,100.00,5,5,E
1,Jason Day,100.00,4,4,-0.25
1,Rory McIlroy,100.00,8,8,E
1,Webb Simpson,100.00,6,6,-0.17
5,Paul Casey,90.00,9,10,E
6,Brice Garnett,88.89,8,9,E
6,Ian Poulter,88.89,8,9,E
8,Marc Leishman,85.71,12,14,-0.08
8,Jon Rahm,85.71,6,7,-0.17
8,Xander Schauffele,85.71,6,7,-0.50
11,Dustin Johnson,83.33,5,6,-0.40
12,Matt Kuchar,81.82,9,11,E
13,Andrew Landry,80.00,8,10,-0.38
13,Brandt Snedeker,80.00,12,15,-0.33
13,Gary Woodland,80.00,8,10,-0.25
16,Francesco Molinari,77.78,7,9,E
16,"Ted Potter, Jr.",77.78,7,9,-0.14
16,Andrew Putnam,77.78,7,9,-0.43
16,Justin Thomas,77.78,7,9,-0.14
20,Patrick Reed,75.00,6,8,+0.17
21,Bryson DeChambeau,71.43,5,7,+0.20
21,Brooks Koepka,71.43,5,7,-0.20
21,Aaron Wise,71.43,5,7,-0.40
24,Billy Horschel,70.00,7,10,E
25,Charles Howell III,62.50,5,8,E
25,Bubba Watson,62.50,5,8,E
27,Scott Piercy,58.33,7,12,-0.29
28,Troy Merritt,57.14,4,7,E
29,Keegan Bradley,54.55,6,11,-0.17
29,Satoshi Kodaira,54.55,6,11,-0.33
31,Michael Kim,50.00,3,6,-0.67
31,Patton Kizzire,50.00,3,6,E
33,Kevin Tway,33.33,3,9,-0.33
