rank,player,%,Greens Hit,Total Holes,Relative to par
1,Marc Leishman,100.00,4,4,-0.25
1,Rory McIlroy,100.00,6,6,-0.17
1,Jon Rahm,100.00,5,5,E
1,Gary Woodland,100.00,5,5,-0.40
5,Andrew Landry,87.50,7,8,E
5,Webb Simpson,87.50,7,8,-0.43
5,Bubba Watson,87.50,7,8,-0.29
8,Patrick Reed,85.71,6,7,E
9,Ian Poulter,83.33,5,6,-0.20
10,Satoshi Kodaira,80.00,8,10,+0.38
10,Scott Piercy,80.00,4,5,-0.25
10,Xander Schauffele,80.00,8,10,-0.13
10,Justin Thomas,80.00,4,5,E
14,Paul Casey,77.78,7,9,-0.43
14,Billy Horschel,77.78,7,9,-0.14
14,Matt Kuchar,77.78,7,9,-0.29
17,Troy Merritt,76.92,10,13,-0.20
18,Cameron Champ,75.00,3,4,E
18,Brooks Koepka,75.00,3,4,E
20,Jason Day,71.43,5,7,-0.20
20,Patton Kizzire,71.43,5,7,-0.20
22,Charles Howell III,66.67,6,9,-0.17
22,Michael Kim,66.67,6,9,E
22,Aaron Wise,66.67,4,6,+0.25
25,Francesco Molinari,60.00,3,5,E
25,Kevin Tway,60.00,3,5,-0.33
27,Andrew Putnam,57.14,4,7,-0.25
28,Bryson DeChambeau,55.56,5,9,-0.40
28,Brice Garnett,55.56,5,9,-0.20
30,Dustin Johnson,50.00,2,4,E
31,Keegan Bradley,44.44,4,9,+0.25
31,"Ted Potter, Jr.",44.44,4,9,-0.25
33,Brandt Snedeker,42.86,3,7,E
