rank,player,%,Greens Hit,# of holes
1,Rory McIlroy,90.48,19,21
2,Jon Rahm,85.71,12,14
3,Ian Poulter,83.33,10,12
4,Billy Horschel,81.25,13,16
5,Brice Garnett,77.78,7,9
6,Paul Casey,76.92,10,13
6,Xander Schauffele,76.92,10,13
6,Webb Simpson,76.92,10,13
9,Patton Kizzire,73.33,11,15
9,Troy Merritt,73.33,11,15
11,Brandt Snedeker,72.73,8,11
12,Aaron Wise,71.43,10,14
13,"Ted Potter, Jr.",69.23,9,13
14,Bubba Watson,68.75,11,16
15,Cameron Champ,68.18,15,22
16,Francesco Molinari,66.67,8,12
16,Scott Piercy,66.67,6,9
16,Patrick Reed,66.67,10,15
16,Gary Woodland,66.67,6,9
20,Dustin Johnson,65.00,13,20
21,Marc Leishman,63.64,7,11
22,Kevin Tway,63.16,12,19
23,Brooks Koepka,62.50,15,24
24,Bryson DeChambeau,60.00,9,15
24,Matt Kuchar,60.00,6,10
26,Charles Howell III,58.33,7,12
27,Keegan Bradley,50.00,5,10
27,Jason Day,50.00,6,12
27,Andrew Putnam,50.00,9,18
27,Justin Thomas,50.00,4,8
31,Andrew Landry,45.45,5,11
32,Satoshi Kodaira,40.00,2,5
33,Michael Kim,23.08,6,26
