rank,player,%,Greens Hit,Total Holes,Relative to par
1,Keegan Bradley,100.00,4,4,E
1,Jason Day,100.00,9,9,-0.44
1,Dustin Johnson,100.00,6,6,-0.17
1,Satoshi Kodaira,100.00,7,7,-0.14
1,Brooks Koepka,100.00,5,5,E
1,Ian Poulter,100.00,8,8,-0.25
1,Brandt Snedeker,100.00,5,5,-0.20
1,Bubba Watson,100.00,7,7,+0.14
1,Gary Woodland,100.00,4,4,-0.25
10,Kevin Tway,90.91,10,11,-0.30
11,Andrew Landry,90.00,9,10,-0.22
12,Justin Thomas,88.89,8,9,-0.13
13,Patton Kizzire,87.50,7,8,-0.14
13,Jon Rahm,87.50,7,8,-0.29
15,Charles Howell III,85.71,6,7,-0.17
16,Matt Kuchar,83.33,5,6,-0.40
16,Andrew Putnam,83.33,5,6,-0.40
16,Xander Schauffele,83.33,5,6,E
19,Troy Merritt,81.82,9,11,-0.11
20,Cameron Champ,80.00,8,10,-0.25
20,Michael Kim,80.00,4,5,+0.25
20,"Ted Potter, Jr.",80.00,4,5,-0.50
23,Brice Garnett,77.78,7,9,-0.43
23,Scott Piercy,77.78,7,9,-0.43
25,Aaron Wise,75.00,3,4,-0.33
26,Bryson DeChambeau,71.43,5,7,E
27,Billy Horschel,66.67,6,9,-0.33
27,Rory McIlroy,66.67,2,3,E
27,Webb Simpson,66.67,4,6,-0.25
30,Paul Casey,60.00,3,5,+0.33
31,Marc Leishman,57.14,4,7,-0.50
31,Francesco Molinari,57.14,4,7,-0.50
33,Patrick Reed,40.00,2,5,E
