rank,player,%,Total Hit,Total Attempts,RTP Score
1,Rory McIlroy,100.00,72,72,-25.00
2,Gary Woodland,97.22,70,72,-31.00
3,Xander Schauffele,95.83,69,72,-33.00
3,Justin Thomas,95.83,69,72,-30.00
5,Ian Poulter,93.06,67,72,-20.00
6,Cameron Champ,91.67,66,72,-24.00
6,Jon Rahm,91.67,66,72,-23.00
8,Jason Day,90.28,65,72,-29.00
8,Marc Leishman,90.28,65,72,-29.00
8,Bubba Watson,90.28,65,72,-12.00
11,Paul Casey,87.50,63,72,-26.00
11,Patton Kizzire,87.50,63,72,-18.00
13,Dustin Johnson,86.11,62,72,-26.00
14,Charles Howell III,83.33,60,72,-19.00
14,Brooks Koepka,83.33,60,72,-22.00
14,Troy Merritt,83.33,60,72,-17.00
14,Webb Simpson,83.33,60,72,-21.00
14,Aaron Wise,83.33,60,72,-19.00
19,Keegan Bradley,81.94,59,72,-15.00
19,Andrew Landry,81.94,59,72,-17.00
19,Kevin Tway,81.94,59,72,-18.00
22,Bryson DeChambeau,80.56,58,72,-20.00
22,Billy Horschel,80.56,58,72,-11.00
22,Matt Kuchar,80.56,58,72,-17.00
25,Patrick Reed,79.17,57,72,-14.00
26,Brice Garnett,77.78,56,72,-15.00
26,Scott Piercy,77.78,56,72,-18.00
26,"Ted Potter, Jr.",77.78,56,72,-14.00
29,Andrew Putnam,76.39,55,72,-18.00
29,Brandt Snedeker,76.39,55,72,-12.00
31,Satoshi Kodaira,75.00,54,72,-9.00
31,Francesco Molinari,75.00,54,72,-14.00
33,Michael Kim,55.56,40,72,-15.00
