rank,player,%,Greens Hit,Total Holes,Relative to par
1,Gary Woodland,94.87,37,39,-0.54
2,Jason Day,94.44,34,36,-0.59
3,Jon Rahm,92.68,38,41,-0.47
4,Justin Thomas,92.50,37,40,-0.51
5,Ian Poulter,92.31,36,39,-0.39
6,Xander Schauffele,91.89,34,37,-0.62
7,Cameron Champ,90.00,36,40,-0.42
8,Brice Garnett,88.89,32,36,-0.31
9,Patton Kizzire,88.57,31,35,-0.32
10,Rory McIlroy,88.37,38,43,-0.42
11,Bubba Watson,87.80,36,41,-0.22
12,Matt Kuchar,86.11,31,36,-0.32
12,Andrew Landry,86.11,31,36,-0.39
12,"Ted Potter, Jr.",86.11,31,36,-0.39
15,Dustin Johnson,85.71,36,42,-0.56
15,Webb Simpson,85.71,30,35,-0.43
17,Aaron Wise,85.37,35,41,-0.46
18,Marc Leishman,83.33,35,42,-0.54
18,Francesco Molinari,83.33,30,36,-0.33
20,Brooks Koepka,82.93,34,41,-0.50
21,Paul Casey,81.58,31,38,-0.35
21,Bryson DeChambeau,81.58,31,38,-0.32
21,Scott Piercy,81.58,31,38,-0.48
24,Brandt Snedeker,81.08,30,37,-0.37
25,Charles Howell III,79.49,31,39,-0.39
26,Patrick Reed,78.95,30,38,-0.40
27,Billy Horschel,78.38,29,37,-0.28
28,Kevin Tway,78.05,32,41,-0.38
29,Andrew Putnam,77.78,28,36,-0.43
30,Troy Merritt,77.14,27,35,-0.37
31,Michael Kim,76.92,20,26,-0.45
32,Keegan Bradley,75.76,25,33,-0.48
33,Satoshi Kodaira,72.73,24,33,-0.29
