rank,player,%,Greens Hit,Total Holes,Relative to par
1,Rory McIlroy,91.67,33,36,-0.06
2,Ian Poulter,85.37,35,41,-0.06
3,Justin Thomas,79.49,31,39,-0.13
4,Marc Leishman,79.07,34,43,-0.12
4,Gary Woodland,79.07,34,43,-0.18
6,Cameron Champ,77.14,27,35,-0.11
7,Webb Simpson,76.19,32,42,-0.19
8,Xander Schauffele,75.61,31,41,-0.29
9,Jon Rahm,75.00,27,36,-0.04
9,Patrick Reed,75.00,30,40,E
11,Andrew Landry,74.42,32,43,-0.19
12,Paul Casey,73.81,31,42,-0.26
13,Billy Horschel,71.11,32,45,E
14,Bryson DeChambeau,70.73,29,41,-0.24
15,Bubba Watson,69.23,27,39,E
16,Dustin Johnson,68.57,24,35,-0.17
17,Andrew Putnam,68.18,30,44,-0.30
18,Satoshi Kodaira,68.00,34,50,-0.12
19,Brooks Koepka,67.65,23,34,-0.04
20,Brandt Snedeker,66.67,32,48,-0.13
20,Kevin Tway,66.67,26,39,-0.19
22,Troy Merritt,65.91,29,44,-0.14
23,Charles Howell III,65.85,27,41,-0.15
24,Patton Kizzire,65.12,28,43,-0.21
25,Jason Day,64.86,24,37,-0.13
26,Matt Kuchar,64.44,29,45,-0.07
27,Brice Garnett,63.64,28,44,-0.11
28,Keegan Bradley,63.27,31,49,E
29,"Ted Potter, Jr.",62.22,28,45,-0.07
30,Aaron Wise,61.11,22,36,E
31,Scott Piercy,60.87,28,46,-0.04
32,Francesco Molinari,57.14,24,42,-0.13
33,Michael Kim,41.67,20,48,-0.30
