rank,player,%,Greens Hit,Total Holes,Relative to par
1,Patton Kizzire,100.00,21,21,-0.43
1,Scott Piercy,100.00,17,17,-0.59
1,Justin Thomas,100.00,22,22,-0.77
1,Gary Woodland,100.00,25,25,-0.68
5,Jon Rahm,96.15,25,26,-0.60
6,Xander Schauffele,95.83,23,24,-0.78
7,Francesco Molinari,95.00,19,20,-0.42
8,Brice Garnett,94.44,17,18,-0.41
9,Bubba Watson,92.31,24,26,-0.38
10,Cameron Champ,92.00,23,25,-0.57
11,Jason Day,91.30,21,23,-0.71
12,"Ted Potter, Jr.",90.91,20,22,-0.45
12,Ian Poulter,90.91,20,22,-0.60
14,Marc Leishman,90.48,19,21,-0.84
14,Kevin Tway,90.48,19,21,-0.42
16,Aaron Wise,90.00,27,30,-0.48
17,Matt Kuchar,89.47,17,19,-0.47
18,Billy Horschel,88.89,16,18,-0.38
19,Patrick Reed,88.00,22,25,-0.59
20,Bryson DeChambeau,87.50,21,24,-0.52
20,Andrew Landry,87.50,14,16,-0.50
20,Rory McIlroy,87.50,28,32,-0.57
23,Webb Simpson,86.96,20,23,-0.55
24,Michael Kim,86.67,13,15,-0.62
25,Keegan Bradley,83.33,15,18,-0.73
25,Charles Howell III,83.33,20,24,-0.55
25,Dustin Johnson,83.33,25,30,-0.68
28,Brooks Koepka,82.76,24,29,-0.67
29,Paul Casey,82.61,19,23,-0.63
30,Troy Merritt,82.35,14,17,-0.64
31,Brandt Snedeker,76.47,13,17,-0.46
32,Andrew Putnam,76.19,16,21,-0.44
33,Satoshi Kodaira,73.33,11,15,-0.36
