rank,player,%,Greens Hit,# of Holes
1,Justin Thomas,92.31,48,52
2,Gary Woodland,92.16,47,51
3,Rory McIlroy,89.74,35,39
4,Cameron Champ,89.47,34,38
5,Bubba Watson,88.64,39,44
6,Ian Poulter,87.50,42,48
7,Jon Rahm,86.96,40,46
8,Marc Leishman,85.71,42,49
9,Jason Day,85.42,41,48
10,Xander Schauffele,85.11,40,47
11,Andrew Landry,83.67,41,49
12,Kevin Tway,82.93,34,41
13,Dustin Johnson,82.50,33,40
14,Patton Kizzire,82.22,37,45
15,Charles Howell III,81.25,39,48
16,Webb Simpson,80.85,38,47
17,Brooks Koepka,80.56,29,36
18,Aaron Wise,80.43,37,46
19,Scott Piercy,80.39,41,51
20,Michael Kim,79.41,27,34
21,Andrew Putnam,78.57,33,42
22,Satoshi Kodaira,78.18,43,55
23,Keegan Bradley,78.00,39,50
23,Matt Kuchar,78.00,39,50
25,Bryson DeChambeau,77.78,35,45
25,Troy Merritt,77.78,35,45
27,"Ted Potter, Jr.",76.60,36,47
28,Patrick Reed,75.56,34,45
29,Paul Casey,74.47,35,47
30,Billy Horschel,72.73,32,44
31,Brice Garnett,72.55,37,51
32,Francesco Molinari,70.83,34,48
33,Brandt Snedeker,69.39,34,49
