rank,player,%,Greens Hit,Total Holes,Relative to par
1,Brice Garnett,87.50,7,8,-0.14
1,Rory McIlroy,87.50,7,8,E
1,Andrew Putnam,87.50,7,8,-0.43
4,Troy Merritt,85.71,6,7,-0.33
4,Justin Thomas,85.71,6,7,-0.17
4,Bubba Watson,85.71,6,7,E
7,Cameron Champ,81.82,9,11,-0.33
7,Patrick Reed,81.82,9,11,-0.11
9,Jon Rahm,80.00,8,10,E
9,Kevin Tway,80.00,8,10,-0.13
11,Charles Howell III,77.78,7,9,-0.14
11,Patton Kizzire,77.78,7,9,-0.43
11,Scott Piercy,77.78,7,9,+0.14
11,"Ted Potter, Jr.",77.78,7,9,+0.14
11,Xander Schauffele,77.78,7,9,E
16,Paul Casey,75.00,6,8,-0.17
16,Andrew Landry,75.00,6,8,-0.33
16,Marc Leishman,75.00,6,8,-0.50
16,Ian Poulter,75.00,6,8,+0.17
16,Gary Woodland,75.00,9,12,-0.22
21,Billy Horschel,72.73,8,11,+0.13
21,Webb Simpson,72.73,8,11,-0.13
23,Jason Day,70.00,7,10,E
23,Francesco Molinari,70.00,7,10,-0.43
25,Keegan Bradley,66.67,6,9,E
26,Bryson DeChambeau,62.50,5,8,-0.60
26,Satoshi Kodaira,62.50,5,8,-0.60
26,Brandt Snedeker,62.50,5,8,E
29,Dustin Johnson,60.00,6,10,-0.33
29,Brooks Koepka,60.00,6,10,-0.33
29,Aaron Wise,60.00,3,5,-0.33
32,Matt Kuchar,50.00,3,6,E
33,Michael Kim,36.36,4,11,-0.25
