rank,player,%,Greens Hit,Total Holes,Relative to par
1,Gary Woodland,100.00,29,29,-0.62
2,Justin Thomas,96.77,30,31,-0.60
3,Patton Kizzire,96.55,28,29,-0.36
4,Jon Rahm,94.12,32,34,-0.53
5,Bubba Watson,93.94,31,33,-0.26
6,Jason Day,93.75,30,32,-0.63
7,Ian Poulter,93.33,28,30,-0.50
7,Xander Schauffele,93.33,28,30,-0.64
9,Scott Piercy,92.31,24,26,-0.54
10,Kevin Tway,90.63,29,32,-0.38
11,Brice Garnett,88.89,24,27,-0.42
11,"Ted Potter, Jr.",88.89,24,27,-0.46
13,Cameron Champ,88.57,31,35,-0.48
14,Andrew Landry,88.46,23,26,-0.39
15,Aaron Wise,88.24,30,34,-0.47
16,Matt Kuchar,88.00,22,25,-0.45
17,Keegan Bradley,86.36,19,22,-0.58
18,Dustin Johnson,86.11,31,36,-0.58
19,Rory McIlroy,85.71,30,35,-0.53
20,Brooks Koepka,85.29,29,34,-0.55
21,Francesco Molinari,85.19,23,27,-0.43
22,Michael Kim,85.00,17,20,-0.41
23,Bryson DeChambeau,83.87,26,31,-0.42
23,Charles Howell III,83.87,26,31,-0.46
25,Webb Simpson,82.76,24,29,-0.50
26,Marc Leishman,82.14,23,28,-0.78
26,Troy Merritt,82.14,23,28,-0.43
28,Satoshi Kodaira,81.82,18,22,-0.28
28,Brandt Snedeker,81.82,18,22,-0.39
30,Billy Horschel,81.48,22,27,-0.36
31,Patrick Reed,80.00,24,30,-0.54
32,Paul Casey,78.57,22,28,-0.50
33,Andrew Putnam,77.78,21,27,-0.43
