rank,player,%,Greens Hit,# Holes,Relative/Par
1,Michael Kim,100.0,2,2,E
1,Patton Kizzire,100.0,1,1,E
1,Satoshi Kodaira,100.0,1,1,+2.00
1,Troy Merritt,100.0,2,2,E
1,Scott Piercy,100.0,1,1,-1.00
1,Ian Poulter,100.0,2,2,E
1,Xander Schauffele,100.0,2,2,E
1,Justin Thomas,100.0,1,1,+1.00
9,Gary Woodland,66.7,2,3,-1.00
10,Keegan Bradley,50.0,1,2,E
10,Paul Casey,50.0,1,2,E
10,Brice Garnett,50.0,1,2,-1.00
10,Billy Horschel,50.0,1,2,E
10,Charles Howell III,50.0,1,2,E
15,Bryson DeChambeau,.0,0,1,E
15,Dustin Johnson,.0,0,1,E
15,Brooks Koepka,.0,0,1,E
15,Matt Kuchar,.0,0,1,E
15,Andrew Landry,.0,0,1,E
15,Francesco Molinari,.0,0,1,E
15,Andrew Putnam,.0,0,2,E
15,Patrick Reed,.0,0,1,E
15,Brandt Snedeker,.0,0,1,E
15,Kevin Tway,.0,0,1,E
