rank,player,Avg,Total Distance (feet),# of Attempts,Relative to par
1,Hideki Matsuyama,"6' 11""",27.583,4,-2
2,Joel Dahmen,"7' 3""",28.833,4,-1
3,Taylor Montgomery,"7' 8""",30.750,4,-2
4,Andrew Putnam,"8' 7""",17.167,2,-2
4,Davis Thompson,"8' 7""",17.083,2,-1
6,Byeong Hun An,"8' 8""",60.417,7,-4
7,Ben Kohles,"8' 11""",17.750,2,-1
8,Nick Taylor,"9' 9""",38.917,4,-2
9,Harris English,"10' 6""",52.417,5,-4
10,Martin Trainer,"10' 8""",53.500,5,-2
11,Matt Wallace,"11' 2""",11.167,1,-1
12,Garrick Higgo,"11' 5""",22.750,2,E
12,Justin Rose,"11' 5""",34.333,3,E
12,Adam Svensson,"11' 5""",45.500,4,-1
15,Billy Horschel,"11' 9""",58.750,5,-2
15,Denny McCarthy,"11' 9""",35.167,3,-2
17,Keith Mitchell,"11' 11""",47.500,4,-2
18,Mark Hubbard,"12' 7""",25.167,2,-1
18,Patton Kizzire,"12' 7""",88.333,7,-3
20,Scott Stallings,"12' 10""",64.083,5,-3
20,Erik van Rooyen,"12' 10""",89.583,7,-2
22,Grayson Murray,"13' 0""",65.167,5,-3
23,Robert MacIntyre,"13' 1""",52.250,4,E
24,Brendon Todd,"13' 2""",26.333,2,E
25,Tyrrell Hatton,"13' 3""",92.500,7,-3
26,Russell Henley,"14' 4""",57.167,4,-1
27,Seamus Power,"14' 5""",28.833,2,+1
28,Maverick McNealy,"14' 10""",14.833,1,E
29,Corey Conners,"15' 0""",105.000,7,-3
29,Parker Coody,"15' 0""",45.000,3,-1
29,Webb Simpson,"15' 0""",90.167,6,-1
32,Ludvig Åberg,"15' 1""",30.083,2,E
33,Tyler Duncan,"15' 7""",15.583,1,E
34,Dylan Wu,"15' 8""",62.667,4,-3
35,Yuto Katsuragawa,"15' 9""",78.917,5,E
35,Troy Merritt,"15' 9""",47.250,3,-1
37,Chandler Phillips,"16' 3""",97.417,6,-4
37,Robby Shelton,"16' 3""",64.917,4,-2
39,Justin Lower,"16' 4""",81.583,5,-1
40,Joseph Bramlett,"16' 8""",50.000,3,+1
41,Alex Noren,"16' 9""",50.167,3,-1
42,Nico Echavarria,"16' 10""",67.167,4,-2
43,Keegan Bradley,"17' 0""",85.167,5,-2
44,J.T. Poston,"17' 2""",103.083,6,-4
45,Kurt Kitayama,"17' 3""",121.000,7,-2
46,Matt NeSmith,"17' 7""",70.333,4,-1
47,Charley Hoffman,"17' 10""",107.083,6,-3
48,Lanto Griffin,"17' 11""",71.500,4,-1
48,Matthieu Pavon,"17' 11""",53.833,3,-1
50,Michael Kim,"18' 0""",89.917,5,-3
51,Brandon Wu,"18' 4""",73.250,4,-1
52,Luke List,"18' 8""",130.583,7,E
53,Taiga Semikawa,"18' 10""",112.750,6,-1
53,Norman Xiong,"18' 10""",75.417,4,-1
55,Nick Hardy,"18' 11""",151.250,8,E
56,Emiliano Grillo,"19' 1""",57.333,3,-2
57,K.H. Lee,"19' 3""",115.417,6,E
58,Brian Harman,"19' 6""",97.417,5,-2
59,Sam Stevens,"19' 10""",99.167,5,E
60,Akshay Bhatia,"20' 6""",81.917,4,-2
61,S.H. Kim,"21' 2""",84.500,4,-1
61,Aaron Rai,"21' 2""",148.250,7,-3
63,Harry Hall,"21' 4""",85.417,4,-1
64,Stephan Jaeger,"21' 6""",85.833,4,-1
65,Chris Kirk,"22' 1""",66.333,3,-1
66,Ben Silverman,"22' 5""",112.167,5,E
67,Alejandro Tosti,"22' 8""",181.083,8,-3
68,Cam Davis,"22' 11""",91.667,4,E
69,Jake Knapp,"23' 0""",91.833,4,+1
69,Taylor Pendrith,"23' 0""",161.083,7,-1
71,Austin Eckroat,"23' 4""",93.417,4,E
72,Ben Griffin,"24' 0""",72.083,3,+1
73,Eric Cole,"25' 6""",153.083,6,-1
74,Ryo Hisatsune,"26' 6""",26.500,1,E
75,Carl Yuan,"27' 5""",137.250,5,-1
76,Stewart Cink,"28' 6""",171.167,6,E
77,Patrick Rodgers,"29' 8""",29.667,1,E
78,Will Gordon,"31' 1""",93.250,3,-2
79,Greyson Sigg,"34' 0""",67.917,2,E
80,Zac Blair,"42' 2""",84.250,2,+2
81,Si Woo Kim,"42' 11""",171.750,4,+1
