rank,player,Avg,Total Distance (feet),# of Attempts,Relative to par
1,Grayson Murray,"1' 4""",1.333,1,-1
2,Justin Rose,"1' 7""",1.583,1,E
3,S.H. Kim,"2' 2""",2.167,1,+1
4,Joel Dahmen,"2' 3""",2.250,1,-1
5,Luke List,"2' 6""",2.500,1,E
6,Ben Kohles,"3' 5""",3.417,1,E
7,Russell Henley,"3' 6""",6.917,2,-2
8,Stewart Cink,"4' 1""",4.083,1,-1
9,Adam Svensson,"4' 3""",4.250,1,-1
10,Zac Blair,"5' 11""",11.833,2,-2
11,Martin Trainer,"6' 0""",6.000,1,+1
12,Matthieu Pavon,"6' 2""",6.167,1,E
13,Harry Hall,"6' 4""",6.333,1,-1
13,Alex Noren,"6' 4""",6.333,1,E
15,Keegan Bradley,"6' 5""",6.417,1,-1
16,Patrick Rodgers,"6' 6""",13.000,2,-2
17,Nico Echavarria,"6' 10""",6.833,1,E
18,J.T. Poston,"7' 6""",7.500,1,E
19,Austin Eckroat,"8' 0""",8.000,1,+2
20,Michael Kim,"8' 3""",33.083,4,-2
21,Chris Kirk,"8' 5""",8.417,1,E
22,Garrick Higgo,"9' 2""",9.167,1,E
22,Hideki Matsuyama,"9' 2""",9.167,1,E
24,Stephan Jaeger,"9' 6""",9.500,1,-1
25,Greyson Sigg,"10' 6""",21.000,2,-1
26,Ben Silverman,"10' 8""",32.083,3,-2
27,Dylan Wu,"10' 10""",21.583,2,-1
28,Matt NeSmith,"11' 4""",34.000,3,-2
29,Robby Shelton,"11' 7""",11.583,1,-1
30,Norman Xiong,"12' 2""",24.333,2,-1
31,Sam Stevens,"12' 3""",24.417,2,-1
32,Cam Davis,"12' 5""",12.417,1,E
33,Billy Horschel,"12' 7""",12.583,1,-1
34,Byeong Hun An,"12' 11""",38.750,3,-1
35,Matt Wallace,"13' 7""",27.083,2,E
36,Yuto Katsuragawa,"13' 10""",13.833,1,-1
37,Kurt Kitayama,"14' 3""",14.250,1,E
38,Si Woo Kim,"15' 0""",15.000,1,E
39,Seamus Power,"15' 5""",30.750,2,E
40,Taiga Semikawa,"15' 6""",15.500,1,-1
41,Scott Stallings,"15' 8""",31.250,2,E
42,Brendon Todd,"15' 9""",15.750,1,E
43,Emiliano Grillo,"15' 10""",15.833,1,-1
44,Patton Kizzire,"16' 3""",16.250,1,-1
45,Akshay Bhatia,"18' 0""",54.000,3,-1
46,Webb Simpson,"18' 1""",36.083,2,-1
47,Andrew Putnam,"18' 3""",36.500,2,E
48,Ryo Hisatsune,"18' 11""",37.833,2,-1
49,Denny McCarthy,"20' 8""",20.667,1,-1
50,Maverick McNealy,"21' 3""",21.250,1,E
51,Chandler Phillips,"21' 9""",43.500,2,E
52,Brandon Wu,"24' 11""",74.667,3,E
