rank,player,Avg,Total Distance (feet),# of Attempts,Relative to par
1,Matthieu Pavon,"4' 9""",4.750,1,-1
2,Matt Wallace,"8' 3""",8.250,1,-2
3,Byeong Hun An,"13' 7""",13.583,1,-1
4,Nick Hardy,"14' 5""",14.417,1,-1
5,Joel Dahmen,"16' 8""",16.667,1,-1
6,Stewart Cink,"34' 6""",34.500,1,-1
7,Grayson Murray,"35' 3""",70.500,2,-2
8,Ben Griffin,"35' 6""",35.500,1,-1
9,Billy Horschel,"35' 9""",35.750,1,-1
10,Tyler Duncan,"37' 4""",37.333,1,-1
11,Scott Stallings,"37' 6""",75.000,2,-2
12,Maverick McNealy,"38' 4""",38.333,1,-1
13,Corey Conners,"40' 10""",40.833,1,E
14,Patton Kizzire,"42' 3""",42.250,1,E
15,Parker Coody,"42' 8""",42.667,1,-1
16,Harry Hall,"43' 6""",130.583,3,-2
17,Brian Harman,"43' 11""",43.917,1,-1
18,Cam Davis,"45' 2""",45.167,1,-1
19,Taylor Montgomery,"47' 1""",47.083,1,-1
20,Garrick Higgo,"48' 10""",48.833,1,-2
21,Greyson Sigg,"50' 7""",101.167,2,E
22,Webb Simpson,"50' 9""",101.500,2,-1
23,Keith Mitchell,"53' 10""",161.583,3,-3
24,Michael Kim,"57' 4""",114.583,2,-2
25,Ludvig Åberg,"58' 2""",58.167,1,E
26,Emiliano Grillo,"60' 10""",60.833,1,-1
27,Taiga Semikawa,"63' 4""",63.333,1,-1
28,Brandon Wu,"65' 6""",65.500,1,E
29,Ryo Hisatsune,"67' 2""",67.167,1,-1
30,Troy Merritt,"67' 3""",134.417,2,E
31,Sam Stevens,"68' 8""",68.667,1,-1
32,Alex Noren,"68' 9""",68.750,1,-1
33,Zac Blair,"68' 10""",68.833,1,E
34,Will Gordon,"71' 11""",71.917,1,E
35,Chandler Phillips,"72' 6""",145.000,2,E
36,Martin Trainer,"73' 4""",146.583,2,+1
37,Tyrrell Hatton,"74' 3""",74.250,1,-1
38,J.T. Poston,"80' 11""",80.917,1,-1
39,Ben Silverman,"81' 0""",242.917,3,-1
40,Joseph Bramlett,"87' 0""",87.000,1,+1
41,Kurt Kitayama,"90' 3""",90.250,1,E
42,Norman Xiong,"94' 9""",94.750,1,E
43,Ben Kohles,"96' 0""",192.000,2,E
