rank,player,Avg,Total Distance (feet),# of Attempts,Relative to par
1,Tyler Duncan,"2' 11""",2.917,1,E
2,Joseph Bramlett,"4' 9""",4.750,1,E
3,Yuto Katsuragawa,"5' 0""",5.000,1,-1
3,Brandon Wu,"5' 0""",5.000,1,E
5,Taylor Montgomery,"5' 5""",5.417,1,E
6,Michael Kim,"6' 1""",12.083,2,E
7,Grayson Murray,"6' 8""",26.500,4,-2
8,Nick Hardy,"7' 4""",14.583,2,-2
9,Brian Harman,"7' 7""",15.167,2,-1
10,Emiliano Grillo,"8' 0""",8.000,1,-1
11,Stewart Cink,"8' 3""",16.500,2,-1
12,Greyson Sigg,"8' 4""",16.667,2,E
13,Cam Davis,"9' 3""",36.917,4,-2
14,Billy Horschel,"9' 4""",9.333,1,E
15,S.H. Kim,"9' 5""",18.833,2,-1
15,Jake Knapp,"9' 5""",28.333,3,E
15,K.H. Lee,"9' 5""",37.667,4,-2
18,Chris Kirk,"9' 11""",19.750,2,E
19,Matt NeSmith,"10' 5""",10.417,1,-1
20,Russell Henley,"10' 11""",10.917,1,E
20,Davis Thompson,"10' 11""",21.833,2,E
22,Keegan Bradley,"11' 3""",22.417,2,E
23,Will Gordon,"11' 7""",23.083,2,-1
24,Harris English,"11' 9""",35.167,3,-2
25,Corey Conners,"11' 11""",23.750,2,-1
25,Robby Shelton,"11' 11""",23.750,2,-1
27,Ben Kohles,"12' 1""",12.083,1,E
28,Charley Hoffman,"12' 2""",48.750,4,-1
29,Brendon Todd,"12' 5""",49.500,4,-2
30,Carl Yuan,"12' 9""",50.833,4,E
31,Stephan Jaeger,"13' 6""",13.500,1,E
32,Luke List,"13' 10""",27.667,2,-1
32,Justin Rose,"13' 10""",27.667,2,-2
34,Mark Hubbard,"14' 7""",29.083,2,-1
35,Troy Merritt,"15' 2""",30.333,2,E
36,Denny McCarthy,"15' 11""",15.917,1,-1
37,Alejandro Tosti,"16' 2""",48.417,3,-1
38,Hideki Matsuyama,"16' 4""",49.000,3,-1
38,Patrick Rodgers,"16' 4""",16.333,1,-1
40,Maverick McNealy,"17' 1""",85.250,5,-1
41,Harry Hall,"17' 5""",34.833,2,+1
42,Ludvig Åberg,"17' 7""",52.667,3,-1
43,Austin Eckroat,"19' 5""",38.750,2,-1
43,Matthieu Pavon,"19' 5""",58.333,3,-1
45,Matt Wallace,"20' 3""",40.417,2,-1
46,Dylan Wu,"20' 8""",62.000,3,E
47,Ryo Hisatsune,"21' 9""",65.250,3,E
48,Justin Lower,"22' 2""",66.417,3,+1
49,Lanto Griffin,"23' 3""",69.833,3,E
50,Sam Stevens,"23' 9""",142.500,6,-1
51,Chandler Phillips,"23' 10""",47.667,2,-1
52,Eric Cole,"23' 11""",23.917,1,E
53,Taylor Pendrith,"24' 11""",24.917,1,E
54,Byeong Hun An,"26' 11""",134.667,5,-1
55,Andrew Putnam,"27' 6""",55.000,2,E
55,Nick Taylor,"27' 6""",82.500,3,+2
57,Keith Mitchell,"28' 6""",113.917,4,-1
58,Kurt Kitayama,"31' 2""",62.250,2,E
59,Nico Echavarria,"31' 4""",93.917,3,+1
60,Ben Silverman,"32' 11""",65.750,2,E
61,Patton Kizzire,"33' 2""",66.333,2,E
62,Norman Xiong,"34' 5""",34.417,1,E
63,Alex Noren,"40' 2""",40.167,1,E
64,Akshay Bhatia,"53' 3""",53.250,1,E
65,Si Woo Kim,"59' 0""",59.000,1,+1
