rank,player,Avg,Total Distance (feet),# of Attempts,Relative to par
1,S.H. Kim,"8' 2""",8.167,1,-1
2,Corey Conners,"39' 6""",39.500,1,E
3,Tyler Duncan,"45' 3""",45.250,1,-1
4,Hideki Matsuyama,"59' 8""",59.667,1,-1
5,Nick Taylor,"73' 6""",73.500,1,E
6,Dylan Wu,"78' 11""",78.917,1,E
7,Davis Thompson,"79' 10""",159.583,2,-2
8,Norman Xiong,"89' 0""",89.000,1,E
9,Justin Lower,"94' 4""",94.333,1,-1
10,Garrick Higgo,"101' 1""",101.083,1,-1
11,Brandon Wu,"106' 5""",106.417,1,-1
12,Joseph Bramlett,"107' 3""",214.500,2,E
13,Emiliano Grillo,"120' 2""",120.167,1,E
