rank,player,Avg RTP
1,K.J. Choi,-.500
2,Aaron Baddeley,-.333
2,Bubba Watson,-.333
4,Johnson Wagner,-.250
5,Steve Stricker,-.200
6,Bill Haas,-.167
6,Brendan Steele,-.167
6,Nick Watney,-.167
9,Michael Bradley,E
9,Harrison Frazar,E
9,Martin Laird,E
9,Bryce Molder,E
9,Sean O'Hair,E
9,Scott Piercy,E
9,D.A. Points,E
9,Webb Simpson,E
9,Scott Stallings,E
9,Jhonattan Vegas,E
9,Mark Wilson,E
20,Keegan Bradley,+.167
20,Kevin Na,+.167
22,Chris Kirk,+.222
23,Jonathan Byrd,+.250
24,Ben Crane,+.286
25,Rory Sabbatini,+.333
26,David Toms,+.400
27,Gary Woodland,+.429
