rank,player,%,Total Birdies,Total Holes
1,Ben Crane,57.14,4,7
2,K.J. Choi,50.00,3,6
3,D.A. Points,42.86,3,7
3,Steve Stricker,42.86,3,7
5,Jonathan Byrd,40.00,2,5
5,Rory Sabbatini,40.00,4,10
5,Johnson Wagner,40.00,4,10
8,Chris Kirk,33.33,1,3
8,Bryce Molder,33.33,2,6
10,Brendan Steele,28.57,2,7
10,David Toms,28.57,2,7
12,Martin Laird,27.27,3,11
12,Nick Watney,27.27,3,11
14,Michael Bradley,25.00,2,8
15,Webb Simpson,22.22,2,9
15,Scott Stallings,22.22,2,9
17,Aaron Baddeley,20.00,2,10
17,Kevin Na,20.00,2,10
17,Scott Piercy,20.00,2,10
17,Jhonattan Vegas,20.00,1,5
17,Mark Wilson,20.00,1,5
22,Keegan Bradley,14.29,1,7
22,Harrison Frazar,14.29,1,7
22,Bill Haas,14.29,1,7
25,Sean O'Hair,.00,0,8
25,Bubba Watson,.00,0,6
25,Gary Woodland,.00,0,7
