rank,player,Avg RTP
1,Jonathan Byrd,-.556
2,Chris Kirk,-.429
3,Mark Wilson,-.273
4,Ben Crane,-.250
5,Bryce Molder,-.200
5,Steve Stricker,-.200
7,Bill Haas,-.182
8,Nick Watney,-.167
9,Rory Sabbatini,-.143
9,Webb Simpson,-.143
11,Harrison Frazar,-.125
12,D.A. Points,-.091
13,Keegan Bradley,E
13,Michael Bradley,E
13,K.J. Choi,E
13,Scott Piercy,E
13,Brendan Steele,E
13,David Toms,E
13,Bubba Watson,E
20,Kevin Na,+.091
21,Johnson Wagner,+.125
22,Martin Laird,+.250
22,Scott Stallings,+.250
22,Gary Woodland,+.250
25,Jhonattan Vegas,+.333
26,Sean O'Hair,+.500
27,Aaron Baddeley,+.571
