rank,player,%,Total Birdies,Total Holes
1,Jonathan Byrd,52.00,13,25
1,Martin Laird,52.00,13,25
3,Ben Crane,47.62,10,21
4,Steve Stricker,39.13,9,23
5,Sean O'Hair,38.10,8,21
6,Webb Simpson,36.36,8,22
7,Bryce Molder,30.00,9,30
8,David Toms,29.41,10,34
9,Chris Kirk,29.17,7,24
10,Johnson Wagner,28.57,8,28
10,Mark Wilson,28.57,8,28
12,Scott Stallings,27.27,6,22
13,Rory Sabbatini,25.93,7,27
14,Kevin Na,25.00,6,24
14,Brendan Steele,25.00,6,24
16,Nick Watney,23.08,6,26
17,K.J. Choi,21.74,5,23
18,Keegan Bradley,21.05,4,19
19,Harrison Frazar,20.00,6,30
19,D.A. Points,20.00,5,25
21,Scott Piercy,19.05,4,21
22,Gary Woodland,17.39,4,23
23,Bill Haas,16.00,4,25
24,Aaron Baddeley,13.33,4,30
25,Bubba Watson,10.00,2,20
26,Michael Bradley,8.33,2,24
27,Jhonattan Vegas,4.55,1,22
