rank,player,Avg RTP
1,Martin Laird,-.600
1,Webb Simpson,-.600
3,Harrison Frazar,-.500
4,Rory Sabbatini,-.429
5,Jonathan Byrd,-.400
5,Scott Stallings,-.400
7,Michael Bradley,-.375
7,Scott Piercy,-.375
9,Steve Stricker,-.333
9,Bubba Watson,-.333
11,Aaron Baddeley,-.286
11,Ben Crane,-.286
11,Chris Kirk,-.286
11,D.A. Points,-.286
15,Keegan Bradley,-.250
15,Kevin Na,-.250
15,Gary Woodland,-.250
18,Mark Wilson,-.167
19,Bryce Molder,E
19,Sean O'Hair,E
19,Brendan Steele,E
19,Johnson Wagner,E
19,Nick Watney,E
24,Bill Haas,+.143
24,Jhonattan Vegas,+.143
26,K.J. Choi,+.167
26,David Toms,+.167
