rank,player,%,Total Birdies,Total Holes
1,Martin Laird,50.00,23,46
2,Steve Stricker,41.18,21,51
3,Jonathan Byrd,40.00,22,55
3,Webb Simpson,40.00,18,45
5,K.J. Choi,35.42,17,48
6,Rory Sabbatini,32.08,17,53
7,Ben Crane,31.37,16,51
8,Kevin Na,30.77,16,52
9,Bubba Watson,30.43,14,46
10,Scott Stallings,29.27,12,41
11,Harrison Frazar,29.17,14,48
12,Bryce Molder,28.85,15,52
13,Scott Piercy,28.00,14,50
13,Nick Watney,28.00,14,50
15,Chris Kirk,27.27,15,55
16,Aaron Baddeley,27.08,13,48
16,Johnson Wagner,27.08,13,48
18,Keegan Bradley,26.67,12,45
19,Sean O'Hair,26.53,13,49
20,D.A. Points,24.53,13,53
21,Gary Woodland,24.49,12,49
22,Mark Wilson,23.21,13,56
23,Bill Haas,21.43,12,56
23,David Toms,21.43,12,56
25,Jhonattan Vegas,17.39,8,46
26,Brendan Steele,16.33,8,49
27,Michael Bradley,13.46,7,52
