rank,player,Avg RTP
1,Gary Woodland,-1.000
2,Chris Kirk,-.500
3,Bryce Molder,-.250
4,Michael Bradley,E
4,Jonathan Byrd,E
4,Bill Haas,E
4,Martin Laird,E
4,Kevin Na,E
4,Scott Stallings,E
4,Steve Stricker,E
4,David Toms,E
4,Johnson Wagner,E
4,Nick Watney,E
4,Mark Wilson,E
15,Scott Piercy,+.250
15,Webb Simpson,+.250
17,K.J. Choi,+.333
18,Sean O'Hair,+.400
19,Harrison Frazar,+.500
19,Bubba Watson,+.500
21,Ben Crane,+.667
21,D.A. Points,+.667
23,Aaron Baddeley,+1.000
23,Keegan Bradley,+1.000
23,Rory Sabbatini,+1.000
23,Brendan Steele,+1.000
