rank,player,Avg RTP
1,Steve Stricker,-.400
2,Bill Haas,-.333
2,Sean O'Hair,-.333
4,Bryce Molder,-.200
4,Kevin Na,-.200
4,Scott Piercy,-.200
7,K.J. Choi,-.167
7,Harrison Frazar,-.167
7,Webb Simpson,-.167
7,Nick Watney,-.167
7,Gary Woodland,-.167
12,Bubba Watson,-.125
13,Aaron Baddeley,E
13,Keegan Bradley,E
13,Michael Bradley,E
13,Jonathan Byrd,E
13,Ben Crane,E
13,Chris Kirk,E
13,Martin Laird,E
13,D.A. Points,E
13,Rory Sabbatini,E
13,Johnson Wagner,E
23,David Toms,+.143
24,Brendan Steele,+.333
25,Mark Wilson,+.429
26,Scott Stallings,+.500
27,Jhonattan Vegas,+.600
