rank,player,Avg RTP
1,K.J. Choi,-.500
1,Johnson Wagner,-.500
3,Ben Crane,-.429
3,D.A. Points,-.429
3,Steve Stricker,-.429
6,Jonathan Byrd,-.400
7,Chris Kirk,-.333
7,Bryce Molder,-.333
9,David Toms,-.286
10,Martin Laird,-.273
11,Michael Bradley,-.250
12,Scott Stallings,-.222
13,Scott Piercy,-.200
13,Jhonattan Vegas,-.200
15,Harrison Frazar,-.143
15,Brendan Steele,-.143
17,Webb Simpson,-.111
18,Kevin Na,-.100
18,Rory Sabbatini,-.100
20,Aaron Baddeley,E
20,Keegan Bradley,E
20,Mark Wilson,E
23,Nick Watney,+.091
24,Sean O'Hair,+.125
25,Bill Haas,+.143
25,Gary Woodland,+.143
27,Bubba Watson,+.333
