rank,player,Avg RTP
1,K.J. Choi,-.667
1,Ben Crane,-.667
3,Jonathan Byrd,-.500
3,Martin Laird,-.500
3,Rory Sabbatini,-.500
6,Webb Simpson,-.400
6,Brendan Steele,-.400
6,Steve Stricker,-.400
6,Johnson Wagner,-.400
10,Bryce Molder,-.333
10,Scott Stallings,-.333
12,D.A. Points,-.250
13,Keegan Bradley,-.200
14,Michael Bradley,-.167
15,Harrison Frazar,-.143
16,Aaron Baddeley,E
16,Bill Haas,E
16,Chris Kirk,E
16,Kevin Na,E
16,Sean O'Hair,E
16,Scott Piercy,E
16,Jhonattan Vegas,E
16,Nick Watney,E
16,Bubba Watson,E
16,Mark Wilson,E
16,Gary Woodland,E
27,David Toms,+.143
