rank,player,Avg RTP
1,Steve Stricker,-.412
2,Webb Simpson,-.378
3,Martin Laird,-.370
4,Jonathan Byrd,-.309
5,K.J. Choi,-.292
6,Rory Sabbatini,-.283
7,Bryce Molder,-.231
7,Kevin Na,-.231
9,Harrison Frazar,-.229
10,Keegan Bradley,-.222
11,Scott Piercy,-.220
11,Nick Watney,-.220
13,D.A. Points,-.189
14,Chris Kirk,-.164
15,Bill Haas,-.161
16,Bubba Watson,-.152
17,Sean O'Hair,-.143
18,Ben Crane,-.137
19,Johnson Wagner,-.125
19,Mark Wilson,-.125
21,Aaron Baddeley,-.104
22,Michael Bradley,-.077
23,Scott Stallings,-.049
24,David Toms,+.018
25,Gary Woodland,+.020
26,Brendan Steele,+.041
27,Jhonattan Vegas,+.065
