rank,player,%,Total Birdies,Total Holes
1,Rory Sabbatini,55.00,11,20
2,K.J. Choi,54.17,13,24
3,Bubba Watson,46.43,13,28
4,Steve Stricker,45.83,11,24
5,Aaron Baddeley,45.00,9,20
5,Harrison Frazar,45.00,9,20
7,Gary Woodland,44.00,11,25
8,Kevin Na,42.11,8,19
9,Keegan Bradley,41.67,10,24
10,Chris Kirk,40.91,9,22
11,Ben Crane,40.00,10,25
12,Johnson Wagner,38.10,8,21
13,Bryce Molder,36.36,8,22
13,Nick Watney,36.36,8,22
15,Scott Stallings,35.71,10,28
16,Martin Laird,33.33,9,27
16,Scott Piercy,33.33,8,24
16,Webb Simpson,33.33,8,24
16,Mark Wilson,33.33,5,15
20,Jhonattan Vegas,32.14,9,28
21,Sean O'Hair,31.82,7,22
22,D.A. Points,30.77,8,26
23,Bill Haas,30.43,7,23
24,Jonathan Byrd,29.17,7,24
25,David Toms,23.08,3,13
26,Brendan Steele,18.52,5,27
27,Michael Bradley,15.00,3,20
