rank,player,Avg RTP
1,Webb Simpson,-.500
2,Bryce Molder,-.417
3,Rory Sabbatini,-.375
4,Nick Watney,-.300
5,K.J. Choi,-.273
5,Jhonattan Vegas,-.273
7,Jonathan Byrd,-.250
8,Kevin Na,-.222
8,Bubba Watson,-.222
10,Aaron Baddeley,-.200
11,Mark Wilson,-.143
12,Ben Crane,-.125
13,Chris Kirk,-.111
14,D.A. Points,-.100
14,Steve Stricker,-.100
14,Johnson Wagner,-.100
17,Gary Woodland,-.083
18,Keegan Bradley,E
18,Harrison Frazar,E
18,Scott Stallings,E
18,David Toms,E
22,Bill Haas,+.125
22,Martin Laird,+.125
24,Sean O'Hair,+.143
25,Scott Piercy,+.167
26,Michael Bradley,+.333
27,Brendan Steele,+.400
