rank,player,Avg RTP
1,Jonathan Byrd,-.600
2,Keegan Bradley,-.556
3,Martin Laird,-.474
4,Steve Stricker,-.400
5,Bryce Molder,-.300
6,Chris Kirk,-.294
7,Webb Simpson,-.250
8,Rory Sabbatini,-.222
9,Mark Wilson,-.217
10,Sean O'Hair,-.214
10,Nick Watney,-.214
12,K.J. Choi,-.182
13,Harrison Frazar,-.167
14,Scott Piercy,-.154
15,Kevin Na,-.118
15,D.A. Points,-.118
17,Bill Haas,-.111
18,David Toms,-.080
19,Michael Bradley,-.067
20,Brendan Steele,E
20,Johnson Wagner,E
20,Bubba Watson,E
23,Scott Stallings,+.077
24,Ben Crane,+.083
25,Aaron Baddeley,+.250
26,Jhonattan Vegas,+.385
26,Gary Woodland,+.385
