rank,player,Avg RTP
1,Aaron Baddeley,-1.000
1,Keegan Bradley,-1.000
1,Jonathan Byrd,-1.000
1,Harrison Frazar,-1.000
1,Chris Kirk,-1.000
1,Sean O'Hair,-1.000
1,Scott Piercy,-1.000
1,Rory Sabbatini,-1.000
9,Kevin Na,-.667
10,K.J. Choi,-.500
10,Ben Crane,-.500
12,Scott Stallings,-.333
13,Jhonattan Vegas,-.250
13,Johnson Wagner,-.250
15,Michael Bradley,E
15,Martin Laird,E
15,Bryce Molder,E
15,D.A. Points,E
15,Webb Simpson,E
15,Gary Woodland,E
21,Brendan Steele,+.200
22,Bubba Watson,+.500
23,David Toms,+1.000
