rank,player,Avg RTP
1,Keegan Bradley,-1.333
2,Martin Laird,-1.000
2,D.A. Points,-1.000
2,Steve Stricker,-1.000
5,Sean O'Hair,-.667
6,K.J. Choi,-.500
6,Kevin Na,-.500
6,Scott Stallings,-.500
9,Rory Sabbatini,-.375
10,David Toms,-.333
11,Michael Bradley,-.250
12,Chris Kirk,-.167
12,Bryce Molder,-.167
14,Mark Wilson,-.125
15,Aaron Baddeley,E
15,Jonathan Byrd,E
15,Harrison Frazar,E
15,Bill Haas,E
15,Webb Simpson,E
15,Nick Watney,E
21,Brendan Steele,+.250
22,Jhonattan Vegas,+.333
22,Johnson Wagner,+.333
22,Bubba Watson,+.333
25,Ben Crane,+.667
26,Scott Piercy,+1.000
26,Gary Woodland,+1.000
