rank,player,Avg RTP
1,Aaron Baddeley,-1.500
1,Harrison Frazar,-1.500
3,Ben Crane,-1.000
3,Martin Laird,-1.000
3,Scott Piercy,-1.000
3,Rory Sabbatini,-1.000
3,Steve Stricker,-1.000
8,Bill Haas,-.750
8,Scott Stallings,-.750
10,Michael Bradley,-.667
10,Webb Simpson,-.667
10,Bubba Watson,-.667
10,Mark Wilson,-.667
14,K.J. Choi,-.500
14,Brendan Steele,-.500
14,Johnson Wagner,-.500
17,Kevin Na,-.333
17,David Toms,-.333
17,Nick Watney,-.333
20,Jonathan Byrd,-.250
21,D.A. Points,-.200
22,Chris Kirk,E
22,Bryce Molder,E
22,Sean O'Hair,E
22,Jhonattan Vegas,E
22,Gary Woodland,E
