rank,player,%,Total Birdies,Total Holes
1,Rory Sabbatini,50.00,1,2
2,Steve Stricker,42.86,3,7
3,Chris Kirk,40.00,2,5
4,Ben Crane,33.33,3,9
4,Sean O'Hair,33.33,3,9
4,Gary Woodland,33.33,4,12
7,Mark Wilson,28.57,2,7
8,Johnson Wagner,27.27,3,11
9,Aaron Baddeley,25.00,2,8
10,Harrison Frazar,23.08,3,13
11,Keegan Bradley,22.22,2,9
12,Scott Stallings,18.18,2,11
13,Kevin Na,16.67,1,6
14,Jhonattan Vegas,15.38,2,13
15,K.J. Choi,14.29,2,14
15,Scott Piercy,14.29,1,7
17,Bryce Molder,12.50,1,8
18,Brendan Steele,11.11,1,9
19,D.A. Points,10.00,1,10
20,Webb Simpson,7.69,1,13
21,Michael Bradley,.00,0,9
21,Jonathan Byrd,.00,0,10
21,Bill Haas,.00,0,5
21,Martin Laird,.00,0,7
21,David Toms,.00,0,7
21,Nick Watney,.00,0,7
21,Bubba Watson,.00,0,6
