rank,player,%,Total Birdies,Total Holes
1,Aaron Baddeley,25.00,1,4
1,Brendan Steele,25.00,2,8
3,Bryce Molder,20.00,2,10
4,K.J. Choi,18.18,2,11
4,Steve Stricker,18.18,2,11
4,Mark Wilson,18.18,2,11
7,Bubba Watson,16.67,1,6
8,Bill Haas,14.29,1,7
8,D.A. Points,14.29,1,7
8,Nick Watney,14.29,1,7
11,Michael Bradley,12.50,1,8
11,Gary Woodland,12.50,1,8
13,Johnson Wagner,11.11,1,9
14,Kevin Na,10.00,1,10
15,Chris Kirk,8.33,1,12
16,Keegan Bradley,.00,0,8
16,Jonathan Byrd,.00,0,6
16,Ben Crane,.00,0,10
16,Harrison Frazar,.00,0,4
16,Martin Laird,.00,0,3
16,Sean O'Hair,.00,0,10
16,Scott Piercy,.00,0,9
16,Rory Sabbatini,.00,0,8
16,Webb Simpson,.00,0,7
16,Scott Stallings,.00,0,4
16,David Toms,.00,0,8
16,Jhonattan Vegas,.00,0,3
