rank,player,Avg RTP
1,Sean O'Hair,-.800
2,Bryce Molder,-.750
3,Jonathan Byrd,-.700
4,Steve Stricker,-.667
5,Kevin Na,-.500
5,Scott Piercy,-.500
5,Webb Simpson,-.500
5,Nick Watney,-.500
9,Martin Laird,-.444
10,Keegan Bradley,-.333
10,Harrison Frazar,-.333
10,Johnson Wagner,-.333
13,K.J. Choi,-.250
13,Chris Kirk,-.250
13,Brendan Steele,-.250
13,Mark Wilson,-.250
17,Bubba Watson,-.143
18,Aaron Baddeley,E
18,Michael Bradley,E
18,Ben Crane,E
18,Bill Haas,E
18,D.A. Points,E
18,Rory Sabbatini,E
18,Scott Stallings,E
18,David Toms,E
18,Gary Woodland,E
27,Jhonattan Vegas,+.500
