rank,player,Avg RTP
1,K.J. Choi,-1.000
2,Johnson Wagner,-.500
3,Ben Crane,-.333
3,D.A. Points,-.333
5,Steve Stricker,-.250
6,Harrison Frazar,-.167
7,Kevin Na,-.125
8,Aaron Baddeley,E
8,Keegan Bradley,E
8,Michael Bradley,E
8,Jonathan Byrd,E
8,Chris Kirk,E
8,Bryce Molder,E
8,Sean O'Hair,E
8,Scott Piercy,E
8,Rory Sabbatini,E
8,Webb Simpson,E
8,Brendan Steele,E
8,David Toms,E
8,Jhonattan Vegas,E
8,Bubba Watson,E
8,Mark Wilson,E
23,Scott Stallings,+.250
23,Gary Woodland,+.250
25,Nick Watney,+.400
26,Bill Haas,+.500
27,Martin Laird,+.600
