rank,player,%,Total Birdies,Total Holes
1,Ben Crane,43.75,7,16
2,Steve Stricker,42.86,6,14
3,Rory Sabbatini,41.67,5,12
4,Chris Kirk,37.50,3,8
5,Johnson Wagner,33.33,7,21
6,K.J. Choi,25.00,5,20
6,Mark Wilson,25.00,3,12
8,D.A. Points,23.53,4,17
9,Aaron Baddeley,22.22,4,18
10,Bryce Molder,21.43,3,14
11,Gary Woodland,21.05,4,19
12,Harrison Frazar,20.00,4,20
12,Scott Stallings,20.00,4,20
14,Keegan Bradley,18.75,3,16
14,Kevin Na,18.75,3,16
14,Brendan Steele,18.75,3,16
17,Sean O'Hair,17.65,3,17
17,Scott Piercy,17.65,3,17
19,Martin Laird,16.67,3,18
19,Jhonattan Vegas,16.67,3,18
19,Nick Watney,16.67,3,18
22,David Toms,14.29,2,14
23,Webb Simpson,13.64,3,22
24,Jonathan Byrd,13.33,2,15
25,Michael Bradley,11.76,2,17
26,Bill Haas,8.33,1,12
27,Bubba Watson,.00,0,12
