rank,player,Avg RTP
1,K.J. Choi,-1.000
1,Kevin Na,-1.000
1,Johnson Wagner,-1.000
1,Gary Woodland,-1.000
5,Rory Sabbatini,-.800
6,Webb Simpson,-.667
6,Steve Stricker,-.667
8,D.A. Points,-.600
9,Keegan Bradley,-.500
9,Harrison Frazar,-.500
9,Bill Haas,-.500
9,Chris Kirk,-.500
9,Martin Laird,-.500
9,Nick Watney,-.500
15,Ben Crane,-.429
16,Jhonattan Vegas,-.400
17,Aaron Baddeley,-.333
17,Sean O'Hair,-.333
17,Scott Stallings,-.333
20,Michael Bradley,-.250
20,Mark Wilson,-.250
22,Jonathan Byrd,-.143
23,Scott Piercy,-.125
24,Brendan Steele,E
24,David Toms,E
26,Bryce Molder,+.250
26,Bubba Watson,+.250
