rank,player,Avg RTP
1,Rory Sabbatini,-.563
2,Webb Simpson,-.529
3,K.J. Choi,-.500
4,Steve Stricker,-.478
5,Kevin Na,-.438
6,Aaron Baddeley,-.400
7,Ben Crane,-.333
7,Jhonattan Vegas,-.333
9,Nick Watney,-.316
10,Martin Laird,-.313
11,Johnson Wagner,-.294
12,D.A. Points,-.286
13,Harrison Frazar,-.278
14,Keegan Bradley,-.267
14,Scott Stallings,-.267
14,Mark Wilson,-.267
17,Bill Haas,-.263
17,Scott Piercy,-.263
17,Gary Woodland,-.263
20,Bryce Molder,-.235
21,Chris Kirk,-.200
22,Jonathan Byrd,-.190
23,Bubba Watson,-.188
24,Sean O'Hair,-.133
25,David Toms,-.083
26,Michael Bradley,E
27,Brendan Steele,+.111
