rank,player,Avg RTP
1,Steve Stricker,-1.000
2,Scott Piercy,-.667
2,Mark Wilson,-.667
4,Johnson Wagner,-.500
5,Ben Crane,-.250
5,Martin Laird,-.250
5,D.A. Points,-.250
8,Jonathan Byrd,E
8,Harrison Frazar,E
8,Bill Haas,E
8,Chris Kirk,E
8,Bryce Molder,E
8,Kevin Na,E
8,Sean O'Hair,E
8,Webb Simpson,E
8,Scott Stallings,E
8,Brendan Steele,E
8,David Toms,E
8,Nick Watney,E
8,Gary Woodland,E
21,Aaron Baddeley,+.250
22,K.J. Choi,+.286
23,Keegan Bradley,+.333
23,Michael Bradley,+.333
23,Rory Sabbatini,+.333
26,Jhonattan Vegas,+.500
26,Bubba Watson,+.500
