rank,player,Avg,Total Strokes,Total Rounds
1,Patrick Reed,66.00,66,1
2,Patrick Cantlay,68.00,68,1
3,Rickie Fowler,69.00,69,1
3,Dustin Johnson,69.00,69,1
3,Justin Thomas,69.00,69,1
6,Sebastián Muñoz,70.00,70,1
6,Joaquin Niemann,70.00,70,1
6,Xander Schauffele,70.00,70,1
9,J.B. Holmes,71.00,71,1
9,Adam Long,71.00,71,1
9,Collin Morikawa,71.00,71,1
9,Ryan Palmer,71.00,71,1
13,Cameron Champ,72.00,72,1
13,Lanto Griffin,72.00,72,1
13,Graeme McDowell,72.00,72,1
13,Jon Rahm,72.00,72,1
13,Gary Woodland,72.00,72,1
18,Corey Conners,73.00,73,1
18,J.T. Poston,73.00,73,1
18,Matthew Wolff,73.00,73,1
21,Max Homa,74.00,74,1
21,Sung Kang,74.00,74,1
23,Paul Casey,75.00,75,1
23,Tyler Duncan,75.00,75,1
23,Dylan Frittelli,75.00,75,1
23,Matt Kuchar,75.00,75,1
23,Kevin Na,75.00,75,1
23,Chez Reavie,75.00,75,1
23,Brendon Todd,75.00,75,1
30,Kevin Kisner,76.00,76,1
31,Nate Lashley,77.00,77,1
32,Jim Herman,78.00,78,1
33,Keith Mitchell,81.00,81,1
34,Martin Trainer,82.00,82,1
