rank,player,Avg,Total Strokes,Total Rounds
1,Tyler Duncan,68.00,68,1
1,Kevin Kisner,68.00,68,1
3,Paul Casey,69.00,69,1
3,Cameron Champ,69.00,69,1
3,Jim Herman,69.00,69,1
3,Justin Thomas,69.00,69,1
3,Gary Woodland,69.00,69,1
8,Collin Morikawa,70.00,70,1
8,Jon Rahm,70.00,70,1
10,Max Homa,71.00,71,1
10,Dustin Johnson,71.00,71,1
10,Matt Kuchar,71.00,71,1
10,Nate Lashley,71.00,71,1
10,J.T. Poston,71.00,71,1
10,Xander Schauffele,71.00,71,1
10,Matthew Wolff,71.00,71,1
17,Lanto Griffin,72.00,72,1
17,Sebastián Muñoz,72.00,72,1
19,Patrick Cantlay,73.00,73,1
19,Dylan Frittelli,73.00,73,1
19,Sung Kang,73.00,73,1
19,Keith Mitchell,73.00,73,1
19,Chez Reavie,73.00,73,1
24,Corey Conners,74.00,74,1
24,Rickie Fowler,74.00,74,1
24,Joaquin Niemann,74.00,74,1
24,Patrick Reed,74.00,74,1
24,Brendon Todd,74.00,74,1
29,Adam Long,75.00,75,1
29,Ryan Palmer,75.00,75,1
31,J.B. Holmes,76.00,76,1
31,Graeme McDowell,76.00,76,1
33,Kevin Na,77.00,77,1
33,Martin Trainer,77.00,77,1
