rank,player,%
1,Patrick Cantlay,100.00
1,Cameron Champ,100.00
1,Corey Conners,100.00
1,Rickie Fowler,100.00
1,Dylan Frittelli,100.00
1,Lanto Griffin,100.00
1,J.B. Holmes,100.00
1,Dustin Johnson,100.00
1,Adam Long,100.00
1,Graeme McDowell,100.00
1,Sebastián Muñoz,100.00
1,Kevin Na,100.00
1,Joaquin Niemann,100.00
1,Ryan Palmer,100.00
1,Patrick Reed,100.00
1,Xander Schauffele,100.00
1,Justin Thomas,100.00
1,Martin Trainer,100.00
19,Paul Casey,.00
19,Tyler Duncan,.00
19,Jim Herman,.00
19,Max Homa,.00
19,Sung Kang,.00
19,Kevin Kisner,.00
19,Matt Kuchar,.00
19,Nate Lashley,.00
19,Keith Mitchell,.00
19,Collin Morikawa,.00
19,J.T. Poston,.00
19,Jon Rahm,.00
19,Chez Reavie,.00
19,Brendon Todd,.00
19,Matthew Wolff,.00
19,Gary Woodland,.00
