rank,player,Avg,Total Strokes,Total Rounds
1,Joaquin Niemann,66.00,66,1
2,Justin Thomas,67.00,67,1
3,Rickie Fowler,68.00,68,1
3,Matt Kuchar,68.00,68,1
5,Patrick Cantlay,69.00,69,1
5,Tyler Duncan,69.00,69,1
5,Jon Rahm,69.00,69,1
5,Xander Schauffele,69.00,69,1
5,Matthew Wolff,69.00,69,1
10,J.T. Poston,70.00,70,1
11,Lanto Griffin,71.00,71,1
11,Nate Lashley,71.00,71,1
11,Collin Morikawa,71.00,71,1
11,Ryan Palmer,71.00,71,1
11,Brendon Todd,71.00,71,1
16,Dylan Frittelli,72.00,72,1
16,Dustin Johnson,72.00,72,1
16,Sung Kang,72.00,72,1
16,Kevin Kisner,72.00,72,1
16,Sebastián Muñoz,72.00,72,1
16,Patrick Reed,72.00,72,1
22,Cameron Champ,73.00,73,1
22,Corey Conners,73.00,73,1
22,Jim Herman,73.00,73,1
22,Gary Woodland,73.00,73,1
26,Paul Casey,74.00,74,1
26,Adam Long,74.00,74,1
26,Graeme McDowell,74.00,74,1
26,Chez Reavie,74.00,74,1
26,Martin Trainer,74.00,74,1
31,Max Homa,75.00,75,1
32,Keith Mitchell,76.00,76,1
32,Kevin Na,76.00,76,1
34,J.B. Holmes,78.00,78,1
