rank,player,Avg,Total Strokes,Total Rounds
1,Patrick Reed,66.00,66,1
2,Xander Schauffele,68.00,68,1
3,Graeme McDowell,69.00,69,1
3,Gary Woodland,69.00,69,1
5,Corey Conners,70.00,70,1
6,Patrick Cantlay,71.00,71,1
6,Rickie Fowler,71.00,71,1
6,Lanto Griffin,71.00,71,1
6,J.B. Holmes,71.00,71,1
6,Dustin Johnson,71.00,71,1
6,Nate Lashley,71.00,71,1
6,Adam Long,71.00,71,1
6,Collin Morikawa,71.00,71,1
6,J.T. Poston,71.00,71,1
6,Chez Reavie,71.00,71,1
16,Paul Casey,72.00,72,1
16,Max Homa,72.00,72,1
16,Kevin Kisner,72.00,72,1
16,Keith Mitchell,72.00,72,1
16,Joaquin Niemann,72.00,72,1
16,Ryan Palmer,72.00,72,1
16,Matthew Wolff,72.00,72,1
23,Jim Herman,73.00,73,1
23,Sung Kang,73.00,73,1
23,Jon Rahm,73.00,73,1
23,Justin Thomas,73.00,73,1
27,Cameron Champ,74.00,74,1
27,Matt Kuchar,74.00,74,1
27,Kevin Na,74.00,74,1
27,Brendon Todd,74.00,74,1
31,Sebastián Muñoz,75.00,75,1
32,Dylan Frittelli,77.00,77,1
32,Martin Trainer,77.00,77,1
34,Tyler Duncan,78.00,78,1
