rank,player,Avg RTP
1,Corey Conners,-.417
2,J.T. Poston,-.357
2,"Ted Potter, Jr.",-.357
4,Keith Mitchell,-.353
5,Brandon Harkins,-.333
5,Charles Howell III,-.333
5,Andrew Putnam,-.333
5,Hudson Swafford,-.333
9,Kevin Kisner,-.313
10,Scott Langley,-.304
11,Stephan Jaeger,-.300
12,Hideki Matsuyama,-.292
13,Dominic Bozzelli,-.286
13,Matt Kuchar,-.286
15,Sebastián Muñoz,-.278
16,Roger Sloan,-.267
16,Kyle Stanley,-.267
18,Chez Reavie,-.250
18,Brandt Snedeker,-.250
18,Justin Thomas,-.250
21,Scott Brown,-.235
21,Emiliano Grillo,-.235
21,Danny Lee,-.235
21,Carlos Ortiz,-.235
25,Jimmy Walker,-.214
26,Adam Hadwin,-.190
27,Davis Love III,-.182
28,Patrick Reed,-.167
28,Johnson Wagner,-.167
28,Y.E. Yang,-.167
31,Tyler Duncan,-.143
31,José de Jesús Rodríguez,-.143
33,Michael Thompson,-.136
34,Ryan Armour,-.125
34,Chase Wright,-.125
36,Sung Kang,-.118
36,Marc Leishman,-.118
38,Jim Herman,-.111
38,Sam Saunders,-.111
40,Harris English,-.095
41,Hank Lebioda,-.091
42,Matt Jones,-.083
43,Brice Garnett,-.077
44,Jim Knous,-.063
44,Adam Svensson,-.063
46,Yuki Inamori,-.059
46,Russell Knox,-.059
48,Bryson DeChambeau,-.056
49,Wes Roach,-.053
49,Brian Stuard,-.053
51,Ian Poulter,-.043
52,Abraham Ancer,E
52,Ryan Blaum,E
52,Joel Dahmen,E
52,Dylan Frittelli,E
52,Russell Henley,E
52,Sungjae Im,E
52,Shugo Imahira,E
52,Anirban Lahiri,E
52,Scott Piercy,E
52,Alex Prugh,E
52,Rory Sabbatini,E
52,Cameron Smith,E
64,Patton Kizzire,+.083
65,Keegan Bradley,+.118
65,Fabián Gómez,+.118
65,Rikuya Hoshino,+.118
68,Brian Gay,+.143
69,Julián Etulain,+.167
70,Stewart Cink,+.250
71,Trey Mullinax,+.300
