rank,player,Avg RTP
1,Harris English,-1.000
1,Russell Henley,-1.000
1,Yuki Inamori,-1.000
1,Hank Lebioda,-1.000
1,J.T. Poston,-1.000
6,Brian Stuard,-.800
7,Danny Lee,-.750
7,Scott Piercy,-.750
9,Emiliano Grillo,-.667
9,"Ted Potter, Jr.",-.667
9,Patrick Reed,-.667
9,Brandt Snedeker,-.667
13,Ryan Blaum,-.500
13,Dominic Bozzelli,-.500
13,Jim Herman,-.500
13,Matt Jones,-.500
13,Carlos Ortiz,-.500
13,Cameron Smith,-.500
19,Alex Prugh,-.400
19,Sam Saunders,-.400
19,Adam Svensson,-.400
22,Keegan Bradley,-.333
22,Stewart Cink,-.333
22,Brice Garnett,-.333
25,Abraham Ancer,-.286
26,Corey Conners,-.250
26,Dylan Frittelli,-.250
26,Charles Howell III,-.250
26,Sung Kang,-.250
26,José de Jesús Rodríguez,-.250
31,Ryan Armour,E
31,Scott Brown,E
31,Joel Dahmen,E
31,Tyler Duncan,E
31,Julián Etulain,E
31,Brian Gay,E
31,Fabián Gómez,E
31,Adam Hadwin,E
31,Brandon Harkins,E
31,Sungjae Im,E
31,Shugo Imahira,E
31,Stephan Jaeger,E
31,Jim Knous,E
31,Russell Knox,E
31,Matt Kuchar,E
31,Scott Langley,E
31,Marc Leishman,E
31,Sebastián Muñoz,E
31,Ian Poulter,E
31,Andrew Putnam,E
31,Chez Reavie,E
31,Rory Sabbatini,E
31,Roger Sloan,E
31,Hudson Swafford,E
31,Justin Thomas,E
31,Johnson Wagner,E
31,Jimmy Walker,E
31,Chase Wright,E
31,Y.E. Yang,E
60,Kyle Stanley,+.250
60,Michael Thompson,+.250
62,Rikuya Hoshino,+.500
62,Kevin Kisner,+.500
64,Wes Roach,+.667
65,Anirban Lahiri,+1.000
65,Trey Mullinax,+1.000
