rank,player,Avg RTP
1,Tyler Duncan,-.857
2,Sung Kang,-.600
2,Alex Prugh,-.600
2,Brian Stuard,-.600
5,Sebastián Muñoz,-.571
6,Andrew Putnam,-.545
7,Scott Brown,-.500
7,Joel Dahmen,-.500
7,Hideki Matsuyama,-.500
7,Brandt Snedeker,-.500
7,Kyle Stanley,-.500
12,Dylan Frittelli,-.444
12,Fabián Gómez,-.444
14,Brian Gay,-.429
14,Emiliano Grillo,-.429
14,Shugo Imahira,-.429
14,Y.E. Yang,-.429
18,Sungjae Im,-.400
19,Davis Love III,-.375
20,Stewart Cink,-.333
20,Stephan Jaeger,-.333
20,Russell Knox,-.333
20,Carlos Ortiz,-.333
20,Scott Piercy,-.333
20,Rory Sabbatini,-.333
26,Abraham Ancer,-.300
26,Scott Langley,-.300
28,Matt Kuchar,-.286
28,Roger Sloan,-.286
30,Ryan Armour,-.250
30,Hank Lebioda,-.250
30,Ian Poulter,-.250
33,Brice Garnett,-.200
33,Patrick Reed,-.200
33,Wes Roach,-.200
36,Keegan Bradley,-.167
36,Rikuya Hoshino,-.167
36,José de Jesús Rodríguez,-.167
36,Hudson Swafford,-.167
36,Chase Wright,-.167
41,Matt Jones,-.143
42,Chez Reavie,-.111
43,Ryan Blaum,E
43,Dominic Bozzelli,E
43,Corey Conners,E
43,Bryson DeChambeau,E
43,Brandon Harkins,E
43,Russell Henley,E
43,Jim Knous,E
43,Anirban Lahiri,E
43,Marc Leishman,E
43,Trey Mullinax,E
43,J.T. Poston,E
43,Cameron Smith,E
43,Adam Svensson,E
43,Jimmy Walker,E
57,Yuki Inamori,+.125
58,Michael Thompson,+.167
59,Jim Herman,+.200
59,Kevin Kisner,+.200
59,Patton Kizzire,+.200
59,"Ted Potter, Jr.",+.200
63,Harris English,+.250
63,Julián Etulain,+.250
63,Charles Howell III,+.250
63,Justin Thomas,+.250
67,Adam Hadwin,+.333
67,Keith Mitchell,+.333
69,Danny Lee,+.600
69,Johnson Wagner,+.600
71,Sam Saunders,+.667
