rank,player,Avg RTP
1,Joel Dahmen,-1.000
1,Stephan Jaeger,-1.000
3,Ryan Armour,-.500
3,Kyle Stanley,-.500
5,Jim Knous,-.333
5,Brandt Snedeker,-.333
7,Justin Thomas,-.286
8,Shugo Imahira,-.250
9,Marc Leishman,-.200
10,Trey Mullinax,-.167
11,Ryan Blaum,E
11,Dominic Bozzelli,E
11,Keegan Bradley,E
11,Scott Brown,E
11,Stewart Cink,E
11,Corey Conners,E
11,Julián Etulain,E
11,Dylan Frittelli,E
11,Fabián Gómez,E
11,Russell Henley,E
11,Jim Herman,E
11,Rikuya Hoshino,E
11,Charles Howell III,E
11,Sung Kang,E
11,Russell Knox,E
11,Anirban Lahiri,E
11,Scott Langley,E
11,Davis Love III,E
11,Hideki Matsuyama,E
11,Keith Mitchell,E
11,Sebastián Muñoz,E
11,Carlos Ortiz,E
11,Alex Prugh,E
11,Patrick Reed,E
11,José de Jesús Rodríguez,E
11,Rory Sabbatini,E
11,Sam Saunders,E
11,Roger Sloan,E
11,Cameron Smith,E
11,Hudson Swafford,E
41,Jimmy Walker,+.143
42,Tyler Duncan,+.250
42,Harris English,+.250
42,Emiliano Grillo,+.250
42,Danny Lee,+.250
46,Bryson DeChambeau,+.333
46,Brice Garnett,+.333
46,Matt Jones,+.333
49,Adam Hadwin,+.500
49,Sungjae Im,+.500
49,Kevin Kisner,+.500
49,Hank Lebioda,+.500
49,Johnson Wagner,+.500
54,Brandon Harkins,+.600
55,Patton Kizzire,+1.000
55,J.T. Poston,+1.000
55,Wes Roach,+1.000
55,Y.E. Yang,+1.000
