rank,player,Avg RTP
1,Joel Dahmen,-1.000
1,Shugo Imahira,-1.000
1,Brandt Snedeker,-1.000
4,Stephan Jaeger,-.500
4,Alex Prugh,-.500
4,Rory Sabbatini,-.500
7,Justin Thomas,-.400
8,José de Jesús Rodríguez,-.333
8,Sam Saunders,-.333
10,Ryan Armour,E
10,Keegan Bradley,E
10,Stewart Cink,E
10,Tyler Duncan,E
10,Julián Etulain,E
10,Brice Garnett,E
10,Fabián Gómez,E
10,Russell Henley,E
10,Sung Kang,E
10,Jim Knous,E
10,Russell Knox,E
10,Anirban Lahiri,E
10,Danny Lee,E
10,Marc Leishman,E
10,Davis Love III,E
10,Hideki Matsuyama,E
10,Trey Mullinax,E
10,Sebastián Muñoz,E
10,Carlos Ortiz,E
10,Patrick Reed,E
10,Jimmy Walker,E
31,Brandon Harkins,+.333
32,Bryson DeChambeau,+.500
32,Harris English,+.500
34,Emiliano Grillo,+.667
35,Matt Jones,+1.000
35,Patton Kizzire,+1.000
35,Hank Lebioda,+1.000
35,Wes Roach,+1.000
35,Michael Thompson,+1.000
