rank,player,Avg RTP
1,Matt Kuchar,-2.000
2,J.T. Poston,-1.500
3,Corey Conners,-1.000
3,Brice Garnett,-1.000
3,Rikuya Hoshino,-1.000
3,Jim Knous,-1.000
3,Davis Love III,-1.000
3,Chez Reavie,-1.000
3,Kyle Stanley,-1.000
3,Hudson Swafford,-1.000
11,Ryan Armour,E
11,Dominic Bozzelli,E
11,Keegan Bradley,E
11,Adam Hadwin,E
11,Russell Henley,E
11,Shugo Imahira,E
11,Yuki Inamori,E
11,Stephan Jaeger,E
11,Patton Kizzire,E
11,Carlos Ortiz,E
11,"Ted Potter, Jr.",E
11,José de Jesús Rodríguez,E
11,Brian Stuard,E
24,Fabián Gómez,+.500
25,Brian Gay,+1.000
25,Kevin Kisner,+1.000
25,Justin Thomas,+1.000
