rank,player,Avg RTP
1,Dominic Bozzelli,-.750
2,Chez Reavie,-.714
2,Rory Sabbatini,-.714
4,Julián Etulain,-.625
5,Andrew Putnam,-.600
6,Brian Gay,-.556
7,Ian Poulter,-.500
8,Cameron Smith,-.455
9,Hank Lebioda,-.444
10,Patton Kizzire,-.417
11,Ryan Blaum,-.400
11,Brandon Harkins,-.400
11,Matt Kuchar,-.400
11,Anirban Lahiri,-.400
11,Sam Saunders,-.400
16,Adam Hadwin,-.375
17,Kevin Kisner,-.364
17,Jim Knous,-.364
19,Bryson DeChambeau,-.357
20,Rikuya Hoshino,-.333
20,Shugo Imahira,-.333
20,Hideki Matsuyama,-.333
23,J.T. Poston,-.313
24,Brice Garnett,-.308
24,Adam Svensson,-.308
26,Corey Conners,-.300
26,Emiliano Grillo,-.300
28,Davis Love III,-.294
29,Ryan Armour,-.286
29,Joel Dahmen,-.286
29,Patrick Reed,-.286
29,Roger Sloan,-.286
33,Charles Howell III,-.273
33,Sung Kang,-.273
33,Brandt Snedeker,-.273
36,Tyler Duncan,-.250
36,Fabián Gómez,-.250
36,Alex Prugh,-.250
36,Justin Thomas,-.250
36,Michael Thompson,-.250
41,Stewart Cink,-.222
41,Matt Jones,-.222
41,Sebastián Muñoz,-.222
41,"Ted Potter, Jr.",-.222
45,Brian Stuard,-.214
46,Russell Knox,-.200
46,Hudson Swafford,-.200
48,Jimmy Walker,-.182
49,Sungjae Im,-.167
49,Danny Lee,-.167
49,Trey Mullinax,-.167
49,Wes Roach,-.167
49,José de Jesús Rodríguez,-.167
54,Yuki Inamori,-.154
55,Keith Mitchell,-.143
56,Scott Brown,-.111
56,Jim Herman,-.111
56,Marc Leishman,-.111
56,Johnson Wagner,-.111
60,Dylan Frittelli,-.100
60,Kyle Stanley,-.100
62,Keegan Bradley,-.071
62,Chase Wright,-.071
64,Russell Henley,E
64,Scott Langley,E
64,Carlos Ortiz,E
64,Scott Piercy,E
64,Y.E. Yang,E
69,Abraham Ancer,+.059
70,Harris English,+.167
70,Stephan Jaeger,+.167
