rank,player,Avg RTP
1,Charles Howell III,-1.000
1,Danny Lee,-1.000
1,Marc Leishman,-1.000
1,Wes Roach,-1.000
1,Jimmy Walker,-1.000
6,Bryson DeChambeau,-.667
6,Trey Mullinax,-.667
8,Joel Dahmen,-.600
9,Keith Mitchell,-.571
10,Keegan Bradley,-.500
10,Julián Etulain,-.500
10,Brian Gay,-.500
10,Russell Knox,-.500
10,Patrick Reed,-.500
15,Hank Lebioda,-.400
16,Scott Brown,-.375
17,Brice Garnett,-.333
17,Brandon Harkins,-.333
17,Chase Wright,-.333
20,Patton Kizzire,-.250
20,Anirban Lahiri,-.250
20,Johnson Wagner,-.250
20,Y.E. Yang,-.250
24,Dominic Bozzelli,-.200
24,Hideki Matsuyama,-.200
26,Sung Kang,-.167
27,Stewart Cink,E
27,Corey Conners,E
27,Harris English,E
27,Emiliano Grillo,E
27,Adam Hadwin,E
27,Sungjae Im,E
27,Yuki Inamori,E
27,Kevin Kisner,E
27,Matt Kuchar,E
27,Scott Langley,E
27,Sebastián Muñoz,E
27,Scott Piercy,E
27,Alex Prugh,E
27,Roger Sloan,E
27,Kyle Stanley,E
27,Brian Stuard,E
27,Justin Thomas,E
27,Michael Thompson,E
45,Matt Jones,+.250
46,J.T. Poston,+.333
46,Rory Sabbatini,+.333
46,Sam Saunders,+.333
46,Adam Svensson,+.333
50,Stephan Jaeger,+.500
50,Carlos Ortiz,+.500
50,"Ted Potter, Jr.",+.500
50,José de Jesús Rodríguez,+.500
54,Ryan Blaum,+.667
54,Jim Knous,+.667
56,Jim Herman,+1.000
56,Rikuya Hoshino,+1.000
56,Shugo Imahira,+1.000
56,Brandt Snedeker,+1.000
