rank,player,Avg RTP
1,Marc Leishman,-.600
2,Bryson DeChambeau,-.313
3,Harris English,-.263
4,Stewart Cink,-.227
5,Abraham Ancer,-.222
6,Danny Lee,-.214
7,Keith Mitchell,-.190
8,Matt Kuchar,-.182
9,Patton Kizzire,-.167
10,Davis Love III,-.154
11,Sung Kang,-.143
11,Hudson Swafford,-.143
13,Keegan Bradley,-.125
14,Trey Mullinax,-.120
15,Corey Conners,-.111
16,Charles Howell III,-.105
16,Cameron Smith,-.105
18,Jimmy Walker,-.095
19,Ian Poulter,-.091
20,Stephan Jaeger,-.087
21,Emiliano Grillo,-.083
22,Jim Herman,-.077
23,Ryan Armour,-.067
23,Anirban Lahiri,-.067
23,Sam Saunders,-.067
26,Shugo Imahira,-.056
27,Scott Brown,-.053
28,Julián Etulain,-.043
29,Joel Dahmen,E
29,Dylan Frittelli,E
29,Brian Gay,E
29,Yuki Inamori,E
29,Matt Jones,E
29,Russell Knox,E
29,Carlos Ortiz,E
29,J.T. Poston,E
29,"Ted Potter, Jr.",E
29,Andrew Putnam,E
29,Chez Reavie,E
29,Patrick Reed,E
29,Roger Sloan,E
29,Kyle Stanley,E
29,Brian Stuard,E
29,Justin Thomas,E
29,Chase Wright,E
46,Brandon Harkins,+.038
47,Johnson Wagner,+.042
48,Jim Knous,+.043
49,Brandt Snedeker,+.045
50,Rory Sabbatini,+.050
51,Rikuya Hoshino,+.067
52,Russell Henley,+.071
52,Wes Roach,+.071
54,Y.E. Yang,+.077
55,Fabián Gómez,+.083
56,Brice Garnett,+.091
57,Scott Piercy,+.100
58,Dominic Bozzelli,+.107
59,Hank Lebioda,+.111
60,Adam Hadwin,+.125
60,Sungjae Im,+.125
62,Ryan Blaum,+.133
62,Scott Langley,+.133
64,Kevin Kisner,+.136
65,Sebastián Muñoz,+.143
66,Hideki Matsuyama,+.176
67,Michael Thompson,+.200
68,Alex Prugh,+.222
69,José de Jesús Rodríguez,+.235
70,Adam Svensson,+.267
71,Tyler Duncan,+.467
