rank,player,Avg RTP
1,Marc Leishman,-.500
2,Stewart Cink,-.429
3,Davis Love III,-.333
3,Justin Thomas,-.333
5,Matt Kuchar,-.250
5,Danny Lee,-.250
5,Sam Saunders,-.250
5,Roger Sloan,-.250
9,Anirban Lahiri,-.200
10,Kevin Kisner,-.182
11,Hideki Matsuyama,-.143
12,Keith Mitchell,-.133
13,Brian Stuard,-.125
14,Bryson DeChambeau,-.111
15,Jim Herman,-.100
15,Cameron Smith,-.100
17,Abraham Ancer,E
17,Scott Brown,E
17,Corey Conners,E
17,Dylan Frittelli,E
17,Fabián Gómez,E
17,Emiliano Grillo,E
17,Russell Henley,E
17,Charles Howell III,E
17,Yuki Inamori,E
17,Matt Jones,E
17,Patton Kizzire,E
17,Russell Knox,E
17,Ian Poulter,E
17,Alex Prugh,E
17,Chez Reavie,E
17,José de Jesús Rodríguez,E
17,Johnson Wagner,E
34,Keegan Bradley,+.083
34,Stephan Jaeger,+.083
36,Dominic Bozzelli,+.091
36,Trey Mullinax,+.091
38,Joel Dahmen,+.100
38,Brice Garnett,+.100
38,Sung Kang,+.100
38,Chase Wright,+.100
42,Julián Etulain,+.111
42,Brian Gay,+.111
42,Jimmy Walker,+.111
45,"Ted Potter, Jr.",+.143
46,Harris English,+.167
46,Adam Hadwin,+.167
46,Sebastián Muñoz,+.167
46,J.T. Poston,+.167
50,Rikuya Hoshino,+.182
51,Sungjae Im,+.200
51,Patrick Reed,+.200
51,Hudson Swafford,+.200
54,Carlos Ortiz,+.222
55,Brandon Harkins,+.250
55,Scott Langley,+.250
55,Rory Sabbatini,+.250
55,Kyle Stanley,+.250
59,Ryan Armour,+.286
59,Shugo Imahira,+.286
61,Brandt Snedeker,+.300
61,Michael Thompson,+.300
63,Jim Knous,+.333
63,Andrew Putnam,+.333
63,Y.E. Yang,+.333
66,Tyler Duncan,+.400
66,Wes Roach,+.400
68,Adam Svensson,+.444
69,Hank Lebioda,+.500
70,Ryan Blaum,+.600
71,Scott Piercy,+.750
