rank,player,Avg RTP
1,Sung Kang,-2.000
2,Ryan Blaum,-1.000
2,Keegan Bradley,-1.000
2,Scott Brown,-1.000
2,Tyler Duncan,-1.000
2,Brian Gay,-1.000
2,Emiliano Grillo,-1.000
2,Rikuya Hoshino,-1.000
2,Sungjae Im,-1.000
2,Russell Knox,-1.000
2,Hank Lebioda,-1.000
2,Carlos Ortiz,-1.000
2,"Ted Potter, Jr.",-1.000
2,Chez Reavie,-1.000
2,Brandt Snedeker,-1.000
2,Michael Thompson,-1.000
17,Brian Stuard,-.750
18,Scott Langley,-.500
18,Andrew Putnam,-.500
20,Ryan Armour,E
20,Corey Conners,E
20,Julián Etulain,E
20,Adam Hadwin,E
20,Jim Herman,E
20,Charles Howell III,E
20,Yuki Inamori,E
20,Kevin Kisner,E
20,Davis Love III,E
20,Sebastián Muñoz,E
20,Scott Piercy,E
20,J.T. Poston,E
20,Kyle Stanley,E
33,Fabián Gómez,+1.000
33,Wes Roach,+1.000
