rank,player,Avg RTP
1,Sung Kang,-1.000
1,Marc Leishman,-1.000
3,Charles Howell III,-.500
3,Adam Svensson,-.500
5,Kyle Stanley,-.333
5,Justin Thomas,-.333
7,Ryan Blaum,-.250
7,Stewart Cink,-.250
7,Jim Herman,-.250
7,Andrew Putnam,-.250
11,Ian Poulter,-.200
11,Brandt Snedeker,-.200
13,Russell Knox,-.167
14,Johnson Wagner,-.143
15,Brandon Harkins,-.125
15,"Ted Potter, Jr.",-.125
17,Scott Brown,E
17,Corey Conners,E
17,Bryson DeChambeau,E
17,Harris English,E
17,Dylan Frittelli,E
17,Sungjae Im,E
17,Shugo Imahira,E
17,Yuki Inamori,E
17,Patton Kizzire,E
17,Anirban Lahiri,E
17,Scott Langley,E
17,Danny Lee,E
17,Carlos Ortiz,E
17,Scott Piercy,E
17,J.T. Poston,E
17,Alex Prugh,E
17,Patrick Reed,E
17,Wes Roach,E
17,Sam Saunders,E
17,Roger Sloan,E
17,Hudson Swafford,E
38,Brian Gay,+.143
38,Trey Mullinax,+.143
38,Chez Reavie,+.143
38,Cameron Smith,+.143
42,Brice Garnett,+.167
42,Stephan Jaeger,+.167
42,Davis Love III,+.167
45,Michael Thompson,+.200
45,Y.E. Yang,+.200
47,Jim Knous,+.222
48,Abraham Ancer,+.250
48,Ryan Armour,+.250
48,Keegan Bradley,+.250
48,Fabián Gómez,+.250
48,Emiliano Grillo,+.250
48,Russell Henley,+.250
48,Matt Jones,+.250
48,Matt Kuchar,+.250
48,Jimmy Walker,+.250
57,Joel Dahmen,+.333
57,Rikuya Hoshino,+.333
57,Hideki Matsuyama,+.333
57,Brian Stuard,+.333
57,Chase Wright,+.333
62,Kevin Kisner,+.400
62,José de Jesús Rodríguez,+.400
64,Dominic Bozzelli,+.429
65,Tyler Duncan,+.500
65,Julián Etulain,+.500
65,Adam Hadwin,+.500
65,Keith Mitchell,+.500
65,Sebastián Muñoz,+.500
70,Hank Lebioda,+.667
71,Rory Sabbatini,+1.000
