rank,player,Avg RTP
1,Abraham Ancer,-1.000
1,Stewart Cink,-1.000
1,Cameron Smith,-1.000
1,Brian Stuard,-1.000
1,Jimmy Walker,-1.000
6,Hudson Swafford,-.667
7,Charles Howell III,-.600
8,Joel Dahmen,-.500
8,Tyler Duncan,-.500
8,Brian Gay,-.500
8,Adam Hadwin,-.500
8,Jim Herman,-.500
8,Sungjae Im,-.500
8,Jim Knous,-.500
8,Anirban Lahiri,-.500
8,Marc Leishman,-.500
8,Davis Love III,-.500
8,Carlos Ortiz,-.500
8,Rory Sabbatini,-.500
8,Michael Thompson,-.500
21,Corey Conners,-.455
22,Matt Jones,-.429
22,Sebastián Muñoz,-.429
22,"Ted Potter, Jr.",-.429
25,Russell Henley,-.400
26,Fabián Gómez,-.333
26,Shugo Imahira,-.333
26,Yuki Inamori,-.333
26,Stephan Jaeger,-.333
26,Patton Kizzire,-.333
26,Patrick Reed,-.333
26,José de Jesús Rodríguez,-.333
26,Brandt Snedeker,-.333
34,Russell Knox,-.286
34,Chez Reavie,-.286
36,Ryan Armour,-.250
36,Scott Brown,-.250
36,Scott Langley,-.250
36,Andrew Putnam,-.250
36,Wes Roach,-.250
36,Johnson Wagner,-.250
36,Chase Wright,-.250
43,Emiliano Grillo,-.200
43,Matt Kuchar,-.200
43,Danny Lee,-.200
46,Julián Etulain,-.167
46,Rikuya Hoshino,-.167
46,Trey Mullinax,-.167
46,Kyle Stanley,-.167
46,Justin Thomas,-.167
46,Y.E. Yang,-.167
52,Bryson DeChambeau,E
52,Harris English,E
52,Kevin Kisner,E
52,Keith Mitchell,E
52,J.T. Poston,E
52,Ian Poulter,E
52,Alex Prugh,E
52,Sam Saunders,E
52,Roger Sloan,E
61,Scott Piercy,+.125
62,Dylan Frittelli,+.250
62,Adam Svensson,+.250
64,Dominic Bozzelli,+.333
64,Brice Garnett,+.333
66,Brandon Harkins,+.400
67,Hideki Matsuyama,+.500
68,Ryan Blaum,+.667
