rank,player,Avg RTP
1,Joel Dahmen,-1.000
1,Brandon Harkins,-1.000
1,Stephan Jaeger,-1.000
1,José de Jesús Rodríguez,-1.000
1,Brandt Snedeker,-1.000
6,Rory Sabbatini,-.500
7,Keegan Bradley,E
7,Stewart Cink,E
7,Tyler Duncan,E
7,Brice Garnett,E
7,Fabián Gómez,E
7,Sung Kang,E
7,Anirban Lahiri,E
7,Marc Leishman,E
7,Davis Love III,E
7,Hideki Matsuyama,E
7,Trey Mullinax,E
7,Sebastián Muñoz,E
7,Carlos Ortiz,E
7,Alex Prugh,E
7,Sam Saunders,E
7,Justin Thomas,E
7,Jimmy Walker,E
24,Bryson DeChambeau,+.500
25,Emiliano Grillo,+1.000
25,Wes Roach,+1.000
