rank,player,Avg RTP
1,Tyler Duncan,-.800
2,Sebastián Muñoz,-.667
3,Alex Prugh,-.600
4,Fabián Gómez,-.571
4,Kyle Stanley,-.571
6,Andrew Putnam,-.556
7,Joel Dahmen,-.500
7,Wes Roach,-.500
9,Y.E. Yang,-.429
10,Scott Brown,-.400
10,Brian Stuard,-.400
12,Scott Piercy,-.375
13,Stewart Cink,-.333
13,Brian Gay,-.333
13,Shugo Imahira,-.333
13,Stephan Jaeger,-.333
13,Davis Love III,-.333
13,Hideki Matsuyama,-.333
13,Rory Sabbatini,-.333
20,Abraham Ancer,-.300
21,Ryan Armour,-.286
22,Emiliano Grillo,-.250
22,Sungjae Im,-.250
22,Sung Kang,-.250
22,Russell Knox,-.250
22,Ian Poulter,-.250
27,Brice Garnett,-.200
27,Patrick Reed,-.200
27,Roger Sloan,-.200
30,Dylan Frittelli,-.167
30,Matt Kuchar,-.167
30,Scott Langley,-.167
30,José de Jesús Rodríguez,-.167
30,Chase Wright,-.167
35,Matt Jones,-.143
36,Dominic Bozzelli,E
36,Keegan Bradley,E
36,Bryson DeChambeau,E
36,Brandon Harkins,E
36,Russell Henley,E
36,Rikuya Hoshino,E
36,Jim Knous,E
36,Anirban Lahiri,E
36,Hank Lebioda,E
36,Marc Leishman,E
36,Trey Mullinax,E
36,Carlos Ortiz,E
36,J.T. Poston,E
36,Cameron Smith,E
36,Brandt Snedeker,E
36,Adam Svensson,E
36,Hudson Swafford,E
36,Jimmy Walker,E
54,Jim Herman,+.143
55,Ryan Blaum,+.167
55,Yuki Inamori,+.167
57,Patton Kizzire,+.200
58,Harris English,+.250
58,Kevin Kisner,+.250
58,Justin Thomas,+.250
61,Corey Conners,+.333
61,Julián Etulain,+.333
61,Charles Howell III,+.333
61,Keith Mitchell,+.333
61,Chez Reavie,+.333
66,Michael Thompson,+.400
67,Adam Hadwin,+.500
67,"Ted Potter, Jr.",+.500
69,Danny Lee,+.600
69,Johnson Wagner,+.600
71,Sam Saunders,+.667
