rank,player,Avg RTP
1,Ryan Blaum,-1.000
1,Russell Knox,-1.000
1,Carlos Ortiz,-1.000
4,Kevin Kisner,-.750
5,Stewart Cink,-.667
6,Ryan Armour,-.500
6,Joel Dahmen,-.500
6,Harris English,-.500
6,Fabián Gómez,-.500
6,Jim Herman,-.500
6,Patton Kizzire,-.500
6,Danny Lee,-.500
6,Chez Reavie,-.500
14,Sung Kang,-.400
15,Keegan Bradley,-.333
15,Corey Conners,-.333
15,Brian Stuard,-.333
18,Rory Sabbatini,-.250
18,Chase Wright,-.250
20,Bryson DeChambeau,-.200
20,Keith Mitchell,-.200
22,Brian Gay,-.167
22,José de Jesús Rodríguez,-.167
24,Abraham Ancer,E
24,Scott Brown,E
24,Tyler Duncan,E
24,Julián Etulain,E
24,Emiliano Grillo,E
24,Adam Hadwin,E
24,Charles Howell III,E
24,Shugo Imahira,E
24,Yuki Inamori,E
24,Stephan Jaeger,E
24,Matt Jones,E
24,Jim Knous,E
24,Matt Kuchar,E
24,Hank Lebioda,E
24,Marc Leishman,E
24,Davis Love III,E
24,Hideki Matsuyama,E
24,Sebastián Muñoz,E
24,J.T. Poston,E
24,"Ted Potter, Jr.",E
24,Ian Poulter,E
24,Andrew Putnam,E
24,Sam Saunders,E
24,Cameron Smith,E
24,Adam Svensson,E
24,Hudson Swafford,E
24,Michael Thompson,E
24,Jimmy Walker,E
24,Y.E. Yang,E
53,Johnson Wagner,+.167
54,Brice Garnett,+.200
55,Roger Sloan,+.250
56,Sungjae Im,+.333
56,Patrick Reed,+.333
56,Wes Roach,+.333
56,Brandt Snedeker,+.333
60,Justin Thomas,+.400
61,Brandon Harkins,+.500
62,Trey Mullinax,+.600
62,Alex Prugh,+.600
62,Kyle Stanley,+.600
65,Dominic Bozzelli,+.667
65,Scott Langley,+.667
67,Rikuya Hoshino,+1.000
67,Anirban Lahiri,+1.000
