rank,player,Avg RTP
1,Harris English,-1.000
1,Brice Garnett,-1.000
1,Sung Kang,-1.000
1,Anirban Lahiri,-1.000
1,Davis Love III,-1.000
1,Trey Mullinax,-1.000
1,Carlos Ortiz,-1.000
1,Ian Poulter,-1.000
1,Wes Roach,-1.000
1,Adam Svensson,-1.000
11,Matt Kuchar,-.667
12,Dominic Bozzelli,-.500
12,Brian Gay,-.500
12,Cameron Smith,-.500
15,Corey Conners,-.333
16,Ryan Armour,E
16,Ryan Blaum,E
16,Bryson DeChambeau,E
16,Tyler Duncan,E
16,Dylan Frittelli,E
16,Fabián Gómez,E
16,Adam Hadwin,E
16,Russell Henley,E
16,Jim Herman,E
16,Rikuya Hoshino,E
16,Yuki Inamori,E
16,Stephan Jaeger,E
16,Patton Kizzire,E
16,Russell Knox,E
16,Scott Langley,E
16,Scott Piercy,E
16,J.T. Poston,E
16,Alex Prugh,E
16,José de Jesús Rodríguez,E
16,Roger Sloan,E
16,Kyle Stanley,E
16,Hudson Swafford,E
16,Y.E. Yang,E
39,Jimmy Walker,+.333
40,Jim Knous,+.500
40,Keith Mitchell,+.500
