rank,player,Avg RTP
1,Abraham Ancer,-1.000
1,Stewart Cink,-1.000
1,Bryson DeChambeau,-1.000
1,Harris English,-1.000
1,Adam Hadwin,-1.000
1,Brandon Harkins,-1.000
1,Charles Howell III,-1.000
1,Shugo Imahira,-1.000
1,Danny Lee,-1.000
1,Ian Poulter,-1.000
1,Justin Thomas,-1.000
12,Rory Sabbatini,-.667
12,Brandt Snedeker,-.667
14,Keegan Bradley,-.500
14,Yuki Inamori,-.500
14,Scott Langley,-.500
14,Davis Love III,-.500
14,Trey Mullinax,-.500
14,Sebastián Muñoz,-.500
14,Andrew Putnam,-.500
14,Jimmy Walker,-.500
22,Dominic Bozzelli,-.333
22,Stephan Jaeger,-.333
22,Cameron Smith,-.333
25,Rikuya Hoshino,-.250
25,Jim Knous,-.250
27,Corey Conners,E
27,Joel Dahmen,E
27,Julián Etulain,E
27,Dylan Frittelli,E
27,Brian Gay,E
27,Emiliano Grillo,E
27,Russell Henley,E
27,Kevin Kisner,E
27,Patton Kizzire,E
27,Russell Knox,E
27,Hideki Matsuyama,E
27,Keith Mitchell,E
27,Carlos Ortiz,E
27,Scott Piercy,E
27,J.T. Poston,E
27,"Ted Potter, Jr.",E
27,Patrick Reed,E
27,José de Jesús Rodríguez,E
27,Kyle Stanley,E
27,Michael Thompson,E
27,Johnson Wagner,E
27,Chase Wright,E
49,Ryan Armour,+.333
50,Brice Garnett,+.500
50,Jim Herman,+.500
52,Ryan Blaum,+1.000
52,Fabián Gómez,+1.000
52,Alex Prugh,+1.000
52,Wes Roach,+1.000
52,Adam Svensson,+1.000
57,Tyler Duncan,+2.000
