rank,player,Avg RTP
1,Sam Saunders,-1.500
2,Abraham Ancer,-1.000
2,Emiliano Grillo,-1.000
2,Matt Kuchar,-1.000
5,Trey Mullinax,-.750
6,Alex Prugh,-.500
6,Justin Thomas,-.500
8,Russell Henley,-.333
8,Stephan Jaeger,-.333
8,Anirban Lahiri,-.333
8,Davis Love III,-.333
8,Keith Mitchell,-.333
8,Carlos Ortiz,-.333
8,Cameron Smith,-.333
15,Bryson DeChambeau,-.250
15,Marc Leishman,-.250
15,Rory Sabbatini,-.250
18,Matt Jones,-.200
18,Hudson Swafford,-.200
20,Julián Etulain,-.167
21,Ryan Armour,E
21,Dominic Bozzelli,E
21,Stewart Cink,E
21,Brice Garnett,E
21,Brian Gay,E
21,Fabián Gómez,E
21,Adam Hadwin,E
21,Jim Herman,E
21,Rikuya Hoshino,E
21,Sungjae Im,E
21,Shugo Imahira,E
21,Patton Kizzire,E
21,Jim Knous,E
21,Danny Lee,E
21,"Ted Potter, Jr.",E
21,Patrick Reed,E
21,Roger Sloan,E
21,Kyle Stanley,E
21,Brian Stuard,E
21,Jimmy Walker,E
21,Y.E. Yang,E
42,Sung Kang,+.125
43,Brandt Snedeker,+.143
44,Brandon Harkins,+.200
44,Kevin Kisner,+.200
44,Chez Reavie,+.200
47,Scott Langley,+.250
47,Hank Lebioda,+.250
47,Wes Roach,+.250
47,Johnson Wagner,+.250
51,Ryan Blaum,+.333
51,Harris English,+.333
51,Scott Piercy,+.333
51,J.T. Poston,+.333
55,Charles Howell III,+.375
56,Andrew Putnam,+.400
56,Adam Svensson,+.400
58,Corey Conners,+.500
58,Tyler Duncan,+.500
58,Yuki Inamori,+.500
58,Russell Knox,+.500
58,Hideki Matsuyama,+.500
58,Sebastián Muñoz,+.500
58,Ian Poulter,+.500
65,Joel Dahmen,+.667
65,Michael Thompson,+.667
67,Scott Brown,+1.000
67,José de Jesús Rodríguez,+1.000
