rank,player,Avg RTP
1,Ryan Armour,-1.000
1,Emiliano Grillo,-1.000
1,Stephan Jaeger,-1.000
1,Matt Jones,-1.000
5,Jim Knous,-.500
5,Marc Leishman,-.500
5,Kyle Stanley,-.500
8,Trey Mullinax,-.250
9,Ryan Blaum,E
9,Dominic Bozzelli,E
9,Keegan Bradley,E
9,Scott Brown,E
9,Stewart Cink,E
9,Corey Conners,E
9,Bryson DeChambeau,E
9,Harris English,E
9,Julián Etulain,E
9,Dylan Frittelli,E
9,Jim Herman,E
9,Rikuya Hoshino,E
9,Charles Howell III,E
9,Shugo Imahira,E
9,Sung Kang,E
9,Anirban Lahiri,E
9,Scott Langley,E
9,Hideki Matsuyama,E
9,Keith Mitchell,E
9,Carlos Ortiz,E
9,Roger Sloan,E
9,Cameron Smith,E
9,Brandt Snedeker,E
9,Hudson Swafford,E
9,Justin Thomas,E
34,Danny Lee,+.333
34,Rory Sabbatini,+.333
34,Sam Saunders,+.333
34,Jimmy Walker,+.333
38,Tyler Duncan,+.500
38,Adam Hadwin,+.500
38,Sungjae Im,+.500
38,Kevin Kisner,+.500
38,Hank Lebioda,+.500
38,Alex Prugh,+.500
38,Johnson Wagner,+.500
45,Brice Garnett,+1.000
45,Brandon Harkins,+1.000
45,J.T. Poston,+1.000
45,José de Jesús Rodríguez,+1.000
45,Y.E. Yang,+1.000
