rank,player,Avg RTP
1,Abraham Ancer,-1.000
1,Charles Howell III,-1.000
1,Danny Lee,-1.000
1,Marc Leishman,-1.000
1,Ian Poulter,-1.000
1,Chez Reavie,-1.000
1,Hudson Swafford,-1.000
8,Jimmy Walker,-.800
9,Bryson DeChambeau,-.750
10,Harris English,-.714
11,Matt Kuchar,-.667
11,Davis Love III,-.667
13,Trey Mullinax,-.600
14,Stewart Cink,-.500
14,Keith Mitchell,-.500
14,Andrew Putnam,-.500
17,Joel Dahmen,-.429
17,Julián Etulain,-.429
17,Brandon Harkins,-.429
20,Keegan Bradley,-.400
20,Hank Lebioda,-.400
22,Scott Brown,-.375
23,Adam Hadwin,-.333
23,Sebastián Muñoz,-.333
23,J.T. Poston,-.333
23,Wes Roach,-.333
23,Cameron Smith,-.333
23,Kyle Stanley,-.333
29,Shugo Imahira,-.250
29,Yuki Inamori,-.250
29,Russell Knox,-.250
29,Anirban Lahiri,-.250
29,Scott Langley,-.250
29,Patrick Reed,-.250
29,Chase Wright,-.250
29,Y.E. Yang,-.250
37,Dominic Bozzelli,-.222
38,Corey Conners,-.200
38,Johnson Wagner,-.200
40,Brice Garnett,-.167
40,Rikuya Hoshino,-.167
40,Sung Kang,-.167
40,Patton Kizzire,-.167
40,Hideki Matsuyama,-.167
40,Rory Sabbatini,-.167
40,Roger Sloan,-.167
47,Dylan Frittelli,E
47,Brian Gay,E
47,Emiliano Grillo,E
47,Russell Henley,E
47,Sungjae Im,E
47,Stephan Jaeger,E
47,Jim Knous,E
47,Scott Piercy,E
47,Brandt Snedeker,E
47,Brian Stuard,E
47,Justin Thomas,E
47,Michael Thompson,E
59,Ryan Armour,+.250
59,Fabián Gómez,+.250
59,Matt Jones,+.250
59,Kevin Kisner,+.250
59,"Ted Potter, Jr.",+.250
59,Alex Prugh,+.250
59,José de Jesús Rodríguez,+.250
66,Carlos Ortiz,+.333
66,Sam Saunders,+.333
68,Adam Svensson,+.429
69,Jim Herman,+.667
70,Ryan Blaum,+.750
71,Tyler Duncan,+2.000
