rank,player,Avg RTP
1,Sungjae Im,-.636
2,Matt Kuchar,-.444
3,Keegan Bradley,-.429
4,Sebastián Muñoz,-.400
5,Scott Piercy,-.333
6,Marc Leishman,-.313
7,Adam Svensson,-.300
7,Hudson Swafford,-.300
9,Wes Roach,-.273
9,Y.E. Yang,-.273
11,Abraham Ancer,-.250
11,Patton Kizzire,-.250
11,Sam Saunders,-.250
14,Charles Howell III,-.222
15,Justin Thomas,-.200
16,Davis Love III,-.182
16,Trey Mullinax,-.182
18,Bryson DeChambeau,-.167
18,Dylan Frittelli,-.167
20,Andrew Putnam,-.143
20,José de Jesús Rodríguez,-.143
20,Johnson Wagner,-.143
23,Corey Conners,-.125
23,Brice Garnett,-.125
23,Stephan Jaeger,-.125
23,Sung Kang,-.125
27,Patrick Reed,-.111
28,Stewart Cink,-.100
28,Russell Henley,-.100
28,Hank Lebioda,-.100
28,Alex Prugh,-.100
28,Rory Sabbatini,-.100
33,J.T. Poston,-.091
33,Ian Poulter,-.091
35,Dominic Bozzelli,E
35,Joel Dahmen,E
35,Harris English,E
35,Fabián Gómez,E
35,Emiliano Grillo,E
35,Adam Hadwin,E
35,Brandon Harkins,E
35,Shugo Imahira,E
35,Yuki Inamori,E
35,Matt Jones,E
35,Jim Knous,E
35,Anirban Lahiri,E
35,Hideki Matsuyama,E
35,Kyle Stanley,E
35,Michael Thompson,E
35,Jimmy Walker,E
51,Ryan Armour,+.100
51,Brian Stuard,+.100
53,Tyler Duncan,+.111
53,Brian Gay,+.111
53,Jim Herman,+.111
53,Carlos Ortiz,+.111
57,Ryan Blaum,+.125
57,Rikuya Hoshino,+.125
59,Julián Etulain,+.143
59,Keith Mitchell,+.143
61,Russell Knox,+.167
62,Chase Wright,+.182
63,Cameron Smith,+.200
64,Scott Brown,+.250
64,Scott Langley,+.250
64,Roger Sloan,+.250
67,Danny Lee,+.286
67,Chez Reavie,+.286
67,Brandt Snedeker,+.286
70,"Ted Potter, Jr.",+.333
71,Kevin Kisner,+.375
