rank,player,Avg,Distance (Feet),Total Putts
1,Cody Gribble,"10' 9""",279.000,26
2,Jason Dufner,"10' 2""",264.417,26
3,Jim Herman,"10' 1""",202.417,20
4,Mackenzie Hughes,"10' 0""",170.500,17
5,Jimmy Walker,"9' 9""",224.583,23
6,Jordan Spieth,"9' 0""",251.917,28
7,Brian Stuard,"8' 10""",175.917,20
8,Pat Perez,"8' 9""",175.167,20
9,Brendan Steele,"8' 4""",224.417,27
10,Charley Hoffman,"8' 3""",214.500,26
11,Daniel Berger,"8' 1""",177.250,22
11,Rod Pampling,"8' 1""",185.667,23
13,Vaughn Taylor,"8' 0""",176.833,22
14,William McGirt,"7' 11""",214.750,27
14,Ryan Moore,"7' 11""",182.167,23
16,Patrick Reed,"7' 10""",196.500,25
17,Justin Thomas,"7' 9""",217.750,28
18,Bubba Watson,"7' 4""",132.333,18
19,James Hahn,"7' 3""",158.667,22
19,Billy Hurley III,"7' 3""",158.583,22
21,Jason Day,"7' 1""",163.167,23
22,Branden Grace,"6' 11""",125.083,18
23,Fabián Gómez,"6' 9""",169.167,25
24,Jhonattan Vegas,"6' 5""",128.750,20
25,Aaron Baddeley,"6' 2""",128.833,21
25,Greg Chalmers,"6' 2""",179.167,29
25,Si Woo Kim,"6' 2""",179.417,29
25,Brandt Snedeker,"6' 2""",142.250,23
29,Tony Finau,"6' 1""",152.583,25
29,Hideki Matsuyama,"6' 1""",139.250,23
31,Russell Knox,"6' 0""",149.083,25
32,Dustin Johnson,"4' 11""",98.167,20
