rank,player,Avg,Distance (Feet),Total Putts
1,Si Woo Kim,"61' 6""",122.917,2
2,Fabián Gómez,"60' 7""",121.083,2
3,Dustin Johnson,"59' 5""",118.750,2
4,Patrick Reed,"56' 0""",56.000,1
5,Jhonattan Vegas,"52' 10""",316.750,6
6,Bubba Watson,"51' 4""",308.083,6
7,Rod Pampling,"49' 8""",298.167,6
8,Jason Day,"49' 1""",147.250,3
9,Vaughn Taylor,"47' 11""",143.833,3
10,Ryan Moore,"46' 8""",139.917,3
11,James Hahn,"46' 6""",185.833,4
12,Aaron Baddeley,"46' 5""",139.167,3
13,Branden Grace,"45' 0""",179.833,4
13,Cody Gribble,"45' 0""",45.000,1
15,Tony Finau,"44' 1""",220.417,5
16,Charley Hoffman,"43' 0""",214.833,5
17,Brian Stuard,"42' 3""",126.750,3
18,Billy Hurley III,"40' 9""",285.500,7
19,Justin Thomas,"40' 0""",79.917,2
20,Jim Herman,"38' 3""",114.667,3
20,Hideki Matsuyama,"38' 3""",76.500,2
22,William McGirt,"37' 11""",113.667,3
23,Pat Perez,"37' 4""",37.333,1
24,Jordan Spieth,"35' 0""",69.917,2
25,Daniel Berger,"34' 2""",102.417,3
26,Brandt Snedeker,"33' 11""",67.833,2
27,Brendan Steele,"32' 10""",98.500,3
28,Mackenzie Hughes,"32' 1""",64.083,2
29,Russell Knox,"31' 8""",63.333,2
30,Jason Dufner,"31' 7""",157.750,5
31,Greg Chalmers,"31' 3""",93.750,3
32,Jimmy Walker,"23' 2""",23.167,1
