rank,player,Avg,Distance (Feet),Total Putts
1,Cody Gribble,"14' 2""",226.000,16
2,Jason Dufner,"14' 1""",197.333,14
3,Mackenzie Hughes,"13' 2""",131.917,10
4,Brendan Steele,"13' 0""",169.500,13
5,Vaughn Taylor,"12' 1""",144.583,12
6,Jim Herman,"11' 10""",166.000,14
6,Brian Stuard,"11' 10""",153.917,13
8,Jimmy Walker,"11' 3""",190.583,17
9,Charley Hoffman,"11' 0""",186.417,17
10,Jordan Spieth,"10' 11""",229.333,21
11,Pat Perez,"10' 9""",150.333,14
12,Daniel Berger,"10' 8""",128.167,12
13,James Hahn,"10' 1""",120.917,12
13,Rod Pampling,"10' 1""",151.417,15
15,Billy Hurley III,"9' 7""",86.167,9
15,Patrick Reed,"9' 7""",172.167,18
17,Ryan Moore,"9' 3""",129.000,14
18,Jason Day,"8' 11""",124.250,14
19,William McGirt,"8' 10""",167.667,19
20,Branden Grace,"8' 9""",96.167,11
20,Bubba Watson,"8' 9""",104.500,12
22,Justin Thomas,"8' 8""",190.750,22
23,Fabián Gómez,"8' 4""",116.583,14
24,Brandt Snedeker,"8' 1""",104.917,13
25,Greg Chalmers,"7' 9""",124.083,16
26,Aaron Baddeley,"7' 8""",107.667,14
27,Jhonattan Vegas,"7' 1""",105.833,15
28,Si Woo Kim,"7' 0""",104.500,15
28,Hideki Matsuyama,"7' 0""",119.583,17
30,Tony Finau,"6' 11""",110.833,16
31,Dustin Johnson,"6' 7""",72.083,11
32,Russell Knox,"6' 6""",110.000,17
