rank,player,Value,Attempts,Total Distance (Feet)
1,Jimmy Walker,"1' 9""",49,83.833
2,Brian Stuard,"1' 10""",52,96.333
3,James Hahn,"1' 11""",49,94.333
3,Vaughn Taylor,"1' 11""",49,94.083
5,Jason Day,"2' 0""",49,96.833
5,Ryan Moore,"2' 0""",48,95.333
7,Mackenzie Hughes,"2' 1""",53,111.750
7,Dustin Johnson,"2' 1""",52,108.167
7,Pat Perez,"2' 1""",52,107.500
7,Bubba Watson,"2' 1""",52,107.083
11,Daniel Berger,"2' 2""",49,106.167
11,Russell Knox,"2' 2""",47,102.917
11,Patrick Reed,"2' 2""",46,98.000
14,Charley Hoffman,"2' 3""",44,99.167
14,Si Woo Kim,"2' 3""",43,96.917
14,William McGirt,"2' 3""",45,100.250
14,Jordan Spieth,"2' 3""",44,98.083
14,Brendan Steele,"2' 3""",45,102.667
19,Tony Finau,"2' 4""",47,108.417
19,Branden Grace,"2' 4""",54,123.833
21,Greg Chalmers,"2' 5""",42,100.417
21,Fabián Gómez,"2' 5""",47,115.500
21,Brandt Snedeker,"2' 5""",48,117.917
21,Jhonattan Vegas,"2' 5""",52,125.583
25,Aaron Baddeley,"2' 6""",51,125.667
25,Cody Gribble,"2' 6""",42,104.500
25,Justin Thomas,"2' 6""",44,109.833
28,Jason Dufner,"2' 7""",46,119.167
28,Hideki Matsuyama,"2' 7""",47,123.083
30,Jim Herman,"2' 8""",52,138.500
31,Billy Hurley III,"2' 10""",50,140.333
32,Rod Pampling,"2' 11""",49,144.833
