rank,player,Avg,Distance (feet),Total Putts
1,Pat Perez,"28' 10""","1,327.500",46
2,Cody Gribble,"27' 8""",939.583,34
3,Russell Knox,"27' 6""","1,072.917",39
4,Fabián Gómez,"26' 11""","1,076.750",40
5,Jordan Spieth,"26' 6""",979.000,37
6,Jim Herman,"25' 10""","1,163.500",45
7,Hideki Matsuyama,"25' 9""","1,081.667",42
8,Mackenzie Hughes,"25' 5""","1,092.917",43
9,Billy Hurley III,"25' 4""","1,013.583",40
10,James Hahn,"24' 8""",985.833,40
10,Si Woo Kim,"24' 8""",740.750,30
12,Jason Day,"24' 5""","1,025.583",42
13,Tony Finau,"24' 4""",923.667,38
13,Ryan Moore,"24' 4""","1,044.750",43
15,William McGirt,"24' 1""",986.417,41
16,Aaron Baddeley,"23' 11""","1,003.917",42
16,Daniel Berger,"23' 11""","1,074.500",45
18,Jason Dufner,"23' 10""",882.917,37
19,Dustin Johnson,"23' 9""","1,141.000",48
20,Justin Thomas,"23' 2""",901.917,39
21,Vaughn Taylor,"23' 1""",969.333,42
22,Jhonattan Vegas,"23' 0""",849.667,37
23,Jimmy Walker,"22' 9""",979.500,43
24,Greg Chalmers,"22' 8""",726.583,32
24,Brandt Snedeker,"22' 8""",975.167,43
26,Rod Pampling,"22' 7""",924.917,41
26,Patrick Reed,"22' 7""",927.083,41
28,Brian Stuard,"21' 10""",981.833,45
29,Brendan Steele,"21' 6""",858.333,40
30,Bubba Watson,"21' 1""",842.833,40
31,Branden Grace,"21' 0""",901.333,43
32,Charley Hoffman,"19' 3""",616.000,32
