rank,player,Distance in Inches
1,Cody Gribble,66
2,Jason Dufner,58
3,Jordan Spieth,57
4,Jim Herman,53
5,Brendan Steele,52
5,Justin Thomas,52
7,Jimmy Walker,51
8,Charley Hoffman,50
8,William McGirt,50
10,Patrick Reed,49
11,Rod Pampling,48
12,Mackenzie Hughes,47
13,Pat Perez,46
14,Daniel Berger,45
14,Greg Chalmers,45
14,Ryan Moore,45
14,Vaughn Taylor,45
18,Fabián Gómez,44
18,Billy Hurley III,44
18,Si Woo Kim,44
18,Hideki Matsuyama,44
22,Brandt Snedeker,43
23,Brian Stuard,42
24,Aaron Baddeley,41
24,Russell Knox,41
26,Jason Day,40
26,Tony Finau,40
28,James Hahn,39
29,Branden Grace,38
29,Jhonattan Vegas,38
31,Bubba Watson,35
32,Dustin Johnson,33
