rank,player,Value,Total Drv Rank,GIR Rank
1,Tommy Gainey,2,1,1
2,Carl Pettersson,10,3,7
3,Keegan Bradley,12,5,7
3,Steve Stricker,12,9,3
5,Brandt Snedeker,15,8,7
6,J.J. Henry,16,13,3
6,Bubba Watson,16,13,3
8,Kyle Stanley,17,2,15
9,Dustin Johnson,20,18,2
10,Jonas Blixt,21,6,15
11,Mark Wilson,23,11,12
12,Scott Stallings,26,11,15
13,Webb Simpson,27,24,3
14,Scott Piercy,29,4,25
14,Nick Watney,29,16,13
16,Jason Dufner,31,6,25
16,Johnson Wagner,31,18,13
18,Zach Johnson,34,27,7
19,Charlie Beljan,35,16,19
19,John Huh,35,28,7
21,Rickie Fowler,37,18,19
22,"Ted Potter, Jr.",39,9,30
23,Ian Poulter,40,13,27
24,Bill Haas,41,22,19
24,Matt Kuchar,41,22,19
26,George McNeill,44,25,19
27,Ben Curtis,45,30,15
28,Ryan Moore,46,18,28
29,Marc Leishman,48,29,19
30,Hunter Mahan,55,26,29
