rank,player,%,Greens Hit,# Holes,Relative/Par
1,Tommy Gainey,90.74,49,54,-0.24
2,Dustin Johnson,88.89,48,54,-0.40
3,J.J. Henry,87.04,47,54,-0.15
3,Webb Simpson,87.04,47,54,-0.15
3,Steve Stricker,87.04,47,54,-0.32
3,Bubba Watson,87.04,47,54,-0.26
7,Keegan Bradley,85.19,46,54,-0.28
7,John Huh,85.19,46,54,-0.11
7,Zach Johnson,85.19,46,54,-0.20
7,Carl Pettersson,85.19,46,54,-0.20
7,Brandt Snedeker,85.19,46,54,-0.35
12,Mark Wilson,83.33,45,54,-0.16
13,Johnson Wagner,81.48,44,54,-0.18
13,Nick Watney,81.48,44,54,-0.20
15,Jonas Blixt,79.63,43,54,-0.16
15,Ben Curtis,79.63,43,54,-0.09
15,Scott Stallings,79.63,43,54,-0.23
15,Kyle Stanley,79.63,43,54,+0.05
19,Charlie Beljan,77.78,42,54,-0.10
19,Rickie Fowler,77.78,42,54,-0.33
19,Bill Haas,77.78,42,54,-0.02
19,Matt Kuchar,77.78,42,54,-0.31
19,Marc Leishman,77.78,42,54,-0.14
19,George McNeill,77.78,42,54,-0.02
25,Jason Dufner,75.93,41,54,-0.20
25,Scott Piercy,75.93,41,54,-0.12
27,Ian Poulter,72.22,39,54,-0.21
28,Ryan Moore,70.37,38,54,-0.08
29,Hunter Mahan,66.67,36,54,-0.14
30,"Ted Potter, Jr.",64.81,35,54,-0.09
