rank,player,Avg DTP,Total Distance (feet),# of Shots,Scrambling Rank
1,Patrick Reed,"3' 8""",.529,12,248
2,Bill Haas,"5' 1""",.609,10,44
2,Brandt Snedeker,"5' 1""",.670,11,71
4,Jonas Blixt,"5' 8""",.746,11,82
4,Webb Simpson,"5' 8""",.407,6,9
6,Derek Ernst,"5' 9""",.553,8,220
7,Adam Scott,"5' 11""",.568,8,68
8,Zach Johnson,"6' 0""",.647,9,58
9,Dustin Johnson,"6' 1""",.585,8,173
10,Woody Austin,"6' 2""",.888,12,166
10,Scott Brown,"6' 2""",.735,10,106
12,Billy Horschel,"6' 3""",.826,11,203
13,Harris English,"6' 4""",.529,7,29
14,Ryan Moore,"6' 8""",.481,6,145
15,Jordan Spieth,"6' 9""",.646,8,77
16,John Merrick,"7' 3""",.955,11,208
17,Gary Woodland,"7' 7""",1.096,12,209
18,Chris Kirk,"7' 9""",.747,8,54
19,Michael Thompson,"7' 10""",.943,10,41
19,Boo Weekley,"7' 10""",.471,5,189
21,Ken Duke,"8' 1""",.974,10,115
21,D.A. Points,"8' 1""",.682,7,168
23,Jimmy Walker,"8' 3""",1.291,13,92
24,Kevin Streelman,"9' 0""",.863,8,83
25,Martin Laird,"9' 4""",1.117,10,150
26,Jason Dufner,"10' 0""",1.202,10,63
27,Matt Kuchar,"11' 2""",1.210,9,17
28,Sangmoon Bae,"11' 3""",1.083,8,150
29,Brian Gay,"12' 4""",.890,6,22
30,Russell Henley,"17' 1""",1.437,7,202
