rank,player,Avg DTP,Total Distance (feet),# of Shots,Scrambling Rank
1,Michael Thompson,"10""",.833,1,41
2,Bill Haas,"1' 9""",1.750,1,44
3,Jimmy Walker,"2' 0""",2.000,1,92
4,Zach Johnson,"2' 1""",2.083,1,58
5,Scott Brown,"2' 7""",2.583,1,106
6,Jason Dufner,"3' 2""",12.667,4,63
7,Matt Kuchar,"4' 7""",18.167,4,17
8,Adam Scott,"5' 1""",15.333,3,68
9,Brandt Snedeker,"5' 7""",11.083,2,71
10,Ryan Moore,"6' 8""",6.667,1,145
11,Ken Duke,"7' 1""",7.083,1,115
11,Webb Simpson,"7' 1""",35.417,5,9
13,Sangmoon Bae,"7' 3""",57.750,8,150
14,D.A. Points,"7' 4""",7.333,1,168
15,Harris English,"8' 7""",8.583,1,29
16,Martin Laird,"10' 5""",10.417,1,150
17,Kevin Streelman,"11' 6""",45.833,4,83
18,Gary Woodland,"13' 0""",26.000,2,209
19,Dustin Johnson,"14' 7""",43.667,3,173
19,Jordan Spieth,"14' 7""",43.667,3,77
21,Derek Ernst,"15' 1""",60.167,4,220
22,Jonas Blixt,"15' 8""",62.500,4,82
23,Billy Horschel,"18' 9""",56.333,3,203
24,Woody Austin,"20' 8""",20.667,1,166
25,John Merrick,"22' 5""",67.333,3,208
26,Boo Weekley,"25' 3""",25.250,1,189
27,Brian Gay,"26' 1""",52.083,2,22
