rank,player,Avg DTP,Total Distance (feet),# of Shots,Scrambling Rank
1,Jason Dufner,"3' 5""",23.667,7,63
2,Zach Johnson,"3' 9""",33.667,9,58
3,Chris Kirk,"4' 7""",32.333,7,54
4,Brandt Snedeker,"5' 3""",36.750,7,71
4,Gary Woodland,"5' 3""",42.083,8,209
6,D.A. Points,"5' 5""",86.500,16,168
6,Jordan Spieth,"5' 5""",48.417,9,77
8,Kevin Streelman,"5' 9""",51.750,9,83
9,Scott Brown,"6' 8""",86.500,13,106
9,Martin Laird,"6' 8""",46.667,7,150
11,Harris English,"7' 3""",79.333,11,29
12,Bill Haas,"7' 4""",66.000,9,44
13,Matt Kuchar,"7' 6""",75.167,10,17
14,Ken Duke,"7' 10""",62.750,8,115
14,Webb Simpson,"7' 10""",70.167,9,9
16,Jonas Blixt,"8' 0""",95.500,12,82
17,Ryan Moore,"8' 7""",68.417,8,145
18,Jimmy Walker,"8' 9""",78.583,9,92
19,Woody Austin,"9' 0""",63.167,7,166
20,Russell Henley,"9' 5""",122.833,13,202
20,Dustin Johnson,"9' 5""",56.250,6,173
22,John Merrick,"9' 6""",95.167,10,208
23,Derek Ernst,"9' 8""",106.167,11,220
24,Sangmoon Bae,"10' 0""",150.583,15,150
25,Brian Gay,"10' 2""",81.417,8,22
26,Billy Horschel,"10' 3""",81.667,8,203
27,Boo Weekley,"10' 4""",123.500,12,189
28,Adam Scott,"11' 6""",138.083,12,68
28,Michael Thompson,"11' 6""",80.333,7,41
30,Patrick Reed,"14' 9""",147.167,10,248
