rank,player,Avg dtp,Total Distance (Feet),Attempts
1,Zach Johnson,"3' 1""",43.417,14
2,Jason Dufner,"4' 8""",65.750,14
3,Jordan Spieth,"5' 2""",56.667,11
4,Bill Haas,"5' 4""",75.083,14
5,Jonas Blixt,"5' 11""",117.500,20
6,Kevin Streelman,"6' 1""",90.667,15
7,D.A. Points,"6' 4""",133.500,21
8,Scott Brown,"6' 6""",84.167,13
9,Brandt Snedeker,"7' 1""",113.250,16
10,Patrick Reed,"7' 3""",79.583,11
11,Adam Scott,"7' 7""",128.750,17
12,Harris English,"7' 8""",107.417,14
12,Boo Weekley,"7' 8""",61.333,8
14,Jimmy Walker,"8' 0""",136.583,17
15,Woody Austin,"8' 2""",138.250,17
16,Matt Kuchar,"8' 5""",143.250,17
17,Michael Thompson,"8' 6""",101.583,12
18,Sangmoon Bae,"8' 8""",173.750,20
19,Webb Simpson,"9' 0""",125.667,14
20,Derek Ernst,"9' 4""",187.000,20
21,Ryan Moore,"9' 8""",105.917,11
22,Ken Duke,"10' 3""",132.750,13
22,Billy Horschel,"10' 3""",112.583,11
24,Martin Laird,"11' 1""",165.917,15
25,Dustin Johnson,"11' 5""",114.083,10
26,Chris Kirk,"12' 2""",122.000,10
27,John Merrick,"13' 4""",200.500,15
28,Gary Woodland,"14' 8""",161.500,11
29,Brian Gay,"16' 6""",181.167,11
30,Russell Henley,"18' 5""",295.000,16
