rank,player,Avg DTP,Total Distance (feet),# of Shots,Scrambling Rank
1,Bill Haas,"3' 7""",17.833,5,44
2,Harris English,"5' 0""",15.083,3,29
3,Scott Brown,"5' 1""",30.583,6,106
3,Brandt Snedeker,"5' 1""",25.333,5,71
5,Billy Horschel,"5' 2""",25.667,5,203
6,Zach Johnson,"6' 1""",36.500,6,58
6,Patrick Reed,"6' 1""",42.333,7,248
6,Jimmy Walker,"6' 1""",42.333,7,92
9,Gary Woodland,"6' 3""",43.583,7,209
10,Michael Thompson,"7' 2""",57.417,8,41
11,Chris Kirk,"7' 3""",36.417,5,54
12,Martin Laird,"7' 6""",74.667,10,150
13,Boo Weekley,"7' 8""",30.750,4,189
14,Matt Kuchar,"7' 9""",54.000,7,17
14,Webb Simpson,"7' 9""",38.833,5,9
16,D.A. Points,"7' 10""",46.750,6,168
17,Derek Ernst,"7' 11""",55.250,7,220
17,Jordan Spieth,"7' 11""",71.417,9,77
19,Adam Scott,"8' 4""",91.667,11,68
20,Woody Austin,"8' 10""",52.917,6,166
21,Kevin Streelman,"9' 2""",45.917,5,83
22,Ryan Moore,"9' 7""",48.000,5,145
23,Jason Dufner,"10' 1""",50.500,5,63
24,Ken Duke,"10' 5""",72.917,7,115
25,John Merrick,"10' 6""",83.667,8,208
26,Dustin Johnson,"11' 0""",55.000,5,173
27,Jonas Blixt,"11' 1""",44.333,4,82
28,Sangmoon Bae,"11' 8""",105.167,9,150
29,Brian Gay,"15' 2""",91.000,6,22
30,Russell Henley,"18' 7""",148.917,8,202
