rank,player,Avg DTP,Total Distance (feet),# of Shots,Scrambling Rank
1,D.A. Points,"6' 3""",37.667,6,168
2,Brandt Snedeker,"6' 7""",52.917,8,71
3,Zach Johnson,"7' 4""",29.250,4,58
4,Jason Dufner,"7' 6""",52.417,7,63
4,Ken Duke,"7' 6""",44.750,6,115
4,Ryan Moore,"7' 6""",30.083,4,145
7,Scott Brown,"7' 8""",68.917,9,106
8,Jordan Spieth,"7' 10""",39.333,5,77
9,Matt Kuchar,"8' 9""",52.333,6,17
10,Bill Haas,"8' 10""",52.833,6,44
11,Russell Henley,"9' 5""",37.500,4,202
12,John Merrick,"9' 7""",86.333,9,208
13,Gary Woodland,"9' 8""",96.417,10,209
14,Martin Laird,"9' 10""",59.167,6,150
15,Jonas Blixt,"10' 2""",101.750,10,82
15,Billy Horschel,"10' 2""",101.250,10,203
17,Harris English,"10' 8""",63.917,6,29
18,Chris Kirk,"10' 9""",43.000,4,54
19,Woody Austin,"10' 10""",76.000,7,166
20,Dustin Johnson,"11' 5""",34.250,3,173
21,Michael Thompson,"12' 0""",83.833,7,41
22,Jimmy Walker,"12' 2""",73.167,6,92
23,Derek Ernst,"12' 9""",102.250,8,220
24,Patrick Reed,"13' 6""",107.750,8,248
25,Boo Weekley,"13' 10""",82.917,6,189
26,Kevin Streelman,"14' 0""",98.083,7,83
27,Sangmoon Bae,"14' 11""",89.417,6,150
28,Adam Scott,"16' 10""",67.333,4,68
29,Brian Gay,"17' 8""",70.583,4,22
