rank,player,%
1,Vijay Singh,100.00
2,Tiger Woods,75.00
3,Woody Austin,66.67
4,Jonathan Kaye,60.00
5,Zach Johnson,50.00
5,Vaughn Taylor,50.00
7,Rod Pampling,42.86
8,Adam Scott,40.00
9,Mike Weir,37.50
10,Carlos Franco,35.71
11,Stuart Appleby,33.33
11,Ernie Els,33.33
11,Sergio Garcia,33.33
14,Brent Geiberger,28.57
14,Joey Sindelar,28.57
16,Ryan Palmer,27.27
17,Heath Slocum,25.00
17,David Toms,25.00
19,Andre Stolz,22.22
20,John Daly,18.18
21,Retief Goosen,16.67
22,Bart Bryant,14.29
23,Stephen Ames,12.50
24,Jonathan Byrd,11.11
25,Todd Hamilton,10.00
25,Mark Hensby,10.00
27,Steve Flesch,9.09
28,Chad Campbell,.00
28,Stewart Cink,.00
28,Fred Funk,.00
28,Craig Parry,.00
