rank,player,Total
1,Vijay Singh,2
2,Stuart Appleby,1
2,Jonathan Byrd,1
2,Chad Campbell,1
2,John Daly,1
2,Carlos Franco,1
2,Jonathan Kaye,1
2,Ryan Palmer,1
2,Andre Stolz,1
2,Mike Weir,1
11,Stephen Ames,0
11,Woody Austin,0
11,Bart Bryant,0
11,Stewart Cink,0
11,Ernie Els,0
11,Steve Flesch,0
11,Fred Funk,0
11,Sergio Garcia,0
11,Brent Geiberger,0
11,Retief Goosen,0
11,Todd Hamilton,0
11,Mark Hensby,0
11,Zach Johnson,0
11,Rod Pampling,0
11,Craig Parry,0
11,Adam Scott,0
11,Joey Sindelar,0
11,Heath Slocum,0
11,Vaughn Taylor,0
11,David Toms,0
11,Tiger Woods,0
