rank,player,Avg,Total Strokes,Tot. Early Rds.(1st tee)
1,Olin Browne,69.00,69,1
2,Bart Bryant,72.00,72,1
2,Justin Leonard,72.00,72,1
2,Geoff Ogilvy,72.00,72,1
5,Mark Calcavecchia,73.00,73,1
5,"Wes Short, Jr.",73.00,73,1
7,Carl Pettersson,73.33,220,3
8,Peter Lonard,73.50,147,2
8,Vaughn Taylor,73.50,147,2
10,Jason Bohn,73.67,221,3
11,Lucas Glover,74.00,74,1
12,Tim Petrovic,74.33,223,3
13,David Toms,75.00,75,1
14,Robert Gamez,75.25,301,4
15,K.J. Choi,75.50,302,4
16,Kenny Perry,76.00,228,3
16,Heath Slocum,76.00,228,3
18,Brad Faxon,77.25,309,4
19,Ben Crane,77.50,310,4
20,Fred Funk,78.67,236,3
21,Ted Purdy,79.00,158,2
22,Sean O'Hair,79.50,318,4
23,Jason Gore,80.00,320,4
