rank,player,%,Attempts
1,Bubba Watson,100.00,16
2,Daniel Berger,93.75,15
2,Jason Dufner,93.75,15
2,Fabián Gómez,93.75,15
2,Rod Pampling,93.75,15
2,Brendan Steele,93.75,15
7,Aaron Baddeley,87.50,14
7,Tony Finau,87.50,14
7,Cody Gribble,87.50,14
7,Dustin Johnson,87.50,14
7,Hideki Matsuyama,87.50,14
7,Patrick Reed,87.50,14
7,Brandt Snedeker,87.50,14
7,Jordan Spieth,87.50,14
15,Jason Day,81.25,13
15,James Hahn,81.25,13
15,Jim Herman,81.25,13
15,Charley Hoffman,81.25,13
15,Russell Knox,81.25,13
15,Pat Perez,81.25,13
21,Branden Grace,75.00,12
21,Mackenzie Hughes,75.00,12
21,William McGirt,75.00,12
21,Justin Thomas,75.00,12
21,Jimmy Walker,75.00,12
26,Billy Hurley III,68.75,11
26,Ryan Moore,68.75,11
26,Vaughn Taylor,68.75,11
26,Jhonattan Vegas,68.75,11
30,Greg Chalmers,62.50,10
30,Si Woo Kim,62.50,10
30,Brian Stuard,62.50,10
