rank,player,%,Attempts,Non-Attempts,RTP-Going for the green,RTP-Not going for the grn
1,Bubba Watson,95.65,22,1,-6,E
2,Daniel Berger,82.61,19,4,-7,+2
2,Tony Finau,82.61,19,4,-13,+2
2,Dustin Johnson,82.61,19,4,-13,E
2,Patrick Reed,82.61,19,4,-11,-2
2,Brendan Steele,82.61,19,4,-11,+1
7,Jason Dufner,78.26,18,5,-6,+1
7,Hideki Matsuyama,78.26,18,5,-16,E
7,Jhonattan Vegas,78.26,18,5,-9,+1
10,Fabián Gómez,73.91,17,6,-9,+1
10,Cody Gribble,73.91,17,6,-13,+1
10,Jordan Spieth,73.91,17,6,-9,-2
13,Jason Day,69.57,16,7,-12,E
13,Branden Grace,69.57,16,7,-3,+3
13,Jim Herman,69.57,16,7,-6,+1
13,Charley Hoffman,69.57,16,7,-3,+1
13,Mackenzie Hughes,69.57,16,7,-8,-1
13,Brandt Snedeker,69.57,16,7,-10,+3
13,Justin Thomas,69.57,16,7,-9,E
20,Aaron Baddeley,65.22,15,8,-7,-2
20,Rod Pampling,65.22,15,8,-7,-2
20,Vaughn Taylor,65.22,15,8,-2,+1
23,Si Woo Kim,60.87,14,9,-12,+7
23,William McGirt,60.87,14,9,-8,-2
25,James Hahn,56.52,13,10,-9,-1
25,Russell Knox,56.52,13,10,-10,-2
25,Pat Perez,56.52,13,10,-12,E
28,Greg Chalmers,52.17,12,11,-5,-3
28,Billy Hurley III,52.17,12,11,-8,-1
28,Brian Stuard,52.17,12,11,-4,E
28,Jimmy Walker,52.17,12,11,-7,-6
32,Ryan Moore,47.83,11,12,-7,-4
