rank,player,Avg,Distance (in inches),Attempts
1,Pat Perez,227.2,"106,343.000",13
2,Ryan Moore,228.9,"90,638.000",11
3,James Hahn,230.9,"108,054.000",13
4,Rod Pampling,231.7,"125,122.000",15
5,Jimmy Walker,236.8,"102,288.000",12
6,Charley Hoffman,237.1,"136,598.000",16
7,Justin Thomas,237.2,"136,648.000",16
8,Russell Knox,237.4,"111,092.000",13
9,Branden Grace,237.8,"136,980.000",16
10,Brandt Snedeker,238.9,"137,589.000",16
11,Brendan Steele,240.2,"164,329.000",19
12,Jordan Spieth,241.8,"147,963.000",17
13,Jason Day,241.9,"148,071.000",17
14,Si Woo Kim,242.4,"122,156.000",14
15,Billy Hurley III,243.5,"105,210.000",12
16,Cody Gribble,245.6,"150,337.000",17
17,Patrick Reed,245.8,"168,129.000",19
18,Aaron Baddeley,246.3,"133,009.000",15
19,Daniel Berger,246.8,"168,835.000",19
20,Fabián Gómez,248.1,"151,828.000",17
21,Mackenzie Hughes,248.2,"142,978.000",16
22,Brian Stuard,248.9,"107,520.000",12
23,Dustin Johnson,251.1,"189,816.000",21
24,Hideki Matsuyama,251.2,"162,803.000",18
25,Jason Dufner,251.9,"163,239.000",18
26,Jim Herman,252.0,"145,145.000",16
27,Bubba Watson,253.6,"200,877.000",22
28,Tony Finau,254.5,"183,218.000",20
29,Greg Chalmers,256.6,"110,866.000",12
30,William McGirt,258.2,"130,132.000",14
31,Vaughn Taylor,266.9,"144,106.000",15
32,Jhonattan Vegas,267.4,"173,244.000",18
