rank,player,Avg,Total Dist after GFG Shot,Total GFG Shots
1,Dustin Johnson,19.2,"14,546.000",21
2,Pat Perez,19.4,"9,061.000",13
2,Jimmy Walker,19.4,"8,362.000",12
4,Billy Hurley III,19.6,"8,473.000",12
5,James Hahn,19.7,"9,240.000",13
6,Branden Grace,19.9,"11,453.000",16
6,Jordan Spieth,19.9,"12,170.000",17
8,Jason Day,20.2,"12,355.000",17
9,Tony Finau,20.3,"14,591.000",20
10,Patrick Reed,21.7,"14,829.000",19
11,Si Woo Kim,22.0,"11,106.000",14
12,Hideki Matsuyama,22.2,"14,385.000",18
12,Ryan Moore,22.2,"8,784.000",11
14,Brandt Snedeker,22.9,"13,202.000",16
15,Jhonattan Vegas,23.1,"14,984.000",18
16,Justin Thomas,23.3,"13,449.000",16
17,Daniel Berger,24.0,"16,426.000",19
18,Cody Gribble,24.2,"14,812.000",17
19,William McGirt,24.3,"12,267.000",14
20,Jason Dufner,24.4,"15,803.000",18
20,Charley Hoffman,24.4,"14,060.000",16
22,Mackenzie Hughes,24.6,"14,150.000",16
23,Aaron Baddeley,25.0,"13,501.000",15
23,Brendan Steele,25.0,"17,121.000",19
25,Rod Pampling,25.2,"13,634.000",15
26,Jim Herman,25.4,"14,649.000",16
27,Bubba Watson,25.7,"20,344.000",22
28,Russell Knox,25.9,"12,120.000",13
29,Vaughn Taylor,26.6,"14,339.000",15
30,Brian Stuard,27.9,"12,054.000",12
31,Greg Chalmers,29.6,"12,784.000",12
32,Fabián Gómez,31.7,"19,392.000",17
