rank,player,%,Successes,Attempts,RTP-Successes,RTP-Not going for the grn
1,Pat Perez,61.54,8,13,-9,E
2,Jordan Spieth,47.06,8,17,-8,-2.00
3,Ryan Moore,45.45,5,11,-5,-4.00
4,Brendan Steele,42.11,8,19,-9,+1.00
5,Billy Hurley III,41.67,5,12,-4,-1.00
6,Jason Day,41.18,7,17,-8,E
7,Jason Dufner,38.89,7,18,-4,+1.00
8,James Hahn,38.46,5,13,-4,-1.00
8,Russell Knox,38.46,5,13,-5,-2.00
10,Dustin Johnson,38.10,8,21,-8,E
11,Jim Herman,37.50,6,16,-5,+1.00
11,Charley Hoffman,37.50,6,16,-2,+1.00
11,Justin Thomas,37.50,6,16,-6,E
14,Tony Finau,35.00,7,20,-7,+2.00
15,Jimmy Walker,33.33,4,12,-5,-6.00
16,Mackenzie Hughes,31.25,5,16,-4,-1.00
17,Si Woo Kim,28.57,4,14,-3,+7.00
18,Hideki Matsuyama,27.78,5,18,-5,E
18,Jhonattan Vegas,27.78,5,18,-3,+1.00
20,Bubba Watson,27.27,6,22,-4,E
21,Rod Pampling,26.67,4,15,-3,-2.00
21,Vaughn Taylor,26.67,4,15,-3,+1.00
23,Daniel Berger,26.32,5,19,-5,+2.00
23,Patrick Reed,26.32,5,19,-5,-2.00
25,Brandt Snedeker,25.00,4,16,-3,+3.00
26,Fabián Gómez,23.53,4,17,-3,+1.00
26,Cody Gribble,23.53,4,17,-5,+1.00
28,William McGirt,21.43,3,14,-3,-2.00
29,Aaron Baddeley,20.00,3,15,-1,-2.00
30,Branden Grace,18.75,3,16,-3,+3.00
31,Brian Stuard,16.67,2,12,-1,E
32,Greg Chalmers,8.33,1,12,-1,-3.00
