rank,player,Avg,Total Putts,Total Rounds
1,Chez Reavie,26.00,26,1
1,Patrick Reed,26.00,26,1
3,Paul Casey,27.00,27,1
3,Cameron Champ,27.00,27,1
3,Ryan Palmer,27.00,27,1
6,Dustin Johnson,28.00,28,1
6,Kevin Kisner,28.00,28,1
6,Gary Woodland,28.00,28,1
9,Adam Long,29.00,29,1
9,Keith Mitchell,29.00,29,1
9,Joaquin Niemann,29.00,29,1
9,J.T. Poston,29.00,29,1
9,Jon Rahm,29.00,29,1
14,Patrick Cantlay,30.00,30,1
14,Tyler Duncan,30.00,30,1
14,Sung Kang,30.00,30,1
14,Matt Kuchar,30.00,30,1
14,Kevin Na,30.00,30,1
14,Justin Thomas,30.00,30,1
14,Matthew Wolff,30.00,30,1
21,Dylan Frittelli,31.00,31,1
21,Lanto Griffin,31.00,31,1
21,Jim Herman,31.00,31,1
21,Max Homa,31.00,31,1
21,Nate Lashley,31.00,31,1
21,Graeme McDowell,31.00,31,1
21,Brendon Todd,31.00,31,1
28,Rickie Fowler,32.00,32,1
28,J.B. Holmes,32.00,32,1
28,Collin Morikawa,32.00,32,1
28,Sebastián Muñoz,32.00,32,1
32,Xander Schauffele,33.00,33,1
33,Corey Conners,34.00,34,1
34,Martin Trainer,35.00,35,1
