rank,player,Avg,Total Putts,Total Rounds
1,Patrick Reed,22.00,22,1
2,Rickie Fowler,26.00,26,1
2,Sebastián Muñoz,26.00,26,1
2,Matthew Wolff,26.00,26,1
5,Patrick Cantlay,27.00,27,1
5,Graeme McDowell,27.00,27,1
5,Ryan Palmer,27.00,27,1
8,Adam Long,28.00,28,1
8,J.T. Poston,28.00,28,1
10,Chez Reavie,29.00,29,1
11,J.B. Holmes,30.00,30,1
11,Dustin Johnson,30.00,30,1
11,Kevin Kisner,30.00,30,1
11,Matt Kuchar,30.00,30,1
11,Collin Morikawa,30.00,30,1
11,Joaquin Niemann,30.00,30,1
11,Xander Schauffele,30.00,30,1
11,Justin Thomas,30.00,30,1
11,Martin Trainer,30.00,30,1
20,Cameron Champ,31.00,31,1
20,Tyler Duncan,31.00,31,1
20,Dylan Frittelli,31.00,31,1
20,Jim Herman,31.00,31,1
20,Sung Kang,31.00,31,1
20,Nate Lashley,31.00,31,1
26,Corey Conners,32.00,32,1
26,Jon Rahm,32.00,32,1
26,Brendon Todd,32.00,32,1
29,Lanto Griffin,33.00,33,1
29,Max Homa,33.00,33,1
29,Gary Woodland,33.00,33,1
32,Keith Mitchell,34.00,34,1
33,Kevin Na,35.00,35,1
34,Paul Casey,36.00,36,1
