rank,player,Avg,Total 3 Putts,Total Rounds
1,Lanto Griffin,1.75,7,4
2,Paul Casey,1.50,6,4
3,Corey Conners,1.25,5,4
3,Dylan Frittelli,1.25,5,4
3,Jim Herman,1.25,5,4
3,Martin Trainer,1.25,5,4
7,Cameron Champ,1.00,4,4
7,Kevin Na,1.00,4,4
7,Xander Schauffele,1.00,4,4
7,Brendon Todd,1.00,4,4
11,Rickie Fowler,.75,3,4
11,Max Homa,.75,3,4
11,Nate Lashley,.75,3,4
11,Sebastián Muñoz,.75,3,4
11,Chez Reavie,.75,3,4
16,Patrick Cantlay,.50,2,4
16,Tyler Duncan,.50,2,4
16,J.B. Holmes,.50,2,4
16,Dustin Johnson,.50,2,4
16,Sung Kang,.50,2,4
16,Matt Kuchar,.50,2,4
16,Adam Long,.50,2,4
16,Graeme McDowell,.50,2,4
16,Keith Mitchell,.50,2,4
16,Collin Morikawa,.50,2,4
16,Ryan Palmer,.50,2,4
16,Jon Rahm,.50,2,4
16,Patrick Reed,.50,2,4
16,Matthew Wolff,.50,2,4
16,Gary Woodland,.50,2,4
31,Kevin Kisner,.25,1,4
31,J.T. Poston,.25,1,4
31,Justin Thomas,.25,1,4
