rank,player,Avg,Total Putts,Total Rounds
1,Patrick Reed,25.00,25,1
2,Sebastián Muñoz,26.00,26,1
3,J.B. Holmes,27.00,27,1
3,Kevin Kisner,27.00,27,1
3,Collin Morikawa,27.00,27,1
3,Xander Schauffele,27.00,27,1
3,Matthew Wolff,27.00,27,1
8,Keith Mitchell,28.00,28,1
8,Kevin Na,28.00,28,1
8,Jon Rahm,28.00,28,1
11,Corey Conners,29.00,29,1
11,Sung Kang,29.00,29,1
11,Adam Long,29.00,29,1
11,J.T. Poston,29.00,29,1
11,Chez Reavie,29.00,29,1
11,Martin Trainer,29.00,29,1
11,Gary Woodland,29.00,29,1
18,Patrick Cantlay,30.00,30,1
18,Rickie Fowler,30.00,30,1
18,Lanto Griffin,30.00,30,1
18,Jim Herman,30.00,30,1
18,Max Homa,30.00,30,1
18,Matt Kuchar,30.00,30,1
18,Joaquin Niemann,30.00,30,1
18,Ryan Palmer,30.00,30,1
18,Justin Thomas,30.00,30,1
18,Brendon Todd,30.00,30,1
28,Paul Casey,31.00,31,1
28,Dustin Johnson,31.00,31,1
28,Graeme McDowell,31.00,31,1
31,Cameron Champ,32.00,32,1
31,Tyler Duncan,32.00,32,1
31,Nate Lashley,32.00,32,1
34,Dylan Frittelli,35.00,35,1
