rank,player,%,# of Birdie or Better,Attempts,RTP-Successes,RTP-Not going for the grn
1,Keegan Bradley,100.00%,4,4,-4,-1.00
1,Nico Echavarria,100.00%,6,6,-6,E
1,Doug Ghim,100.00%,4,4,-4,+2.00
1,James Hahn,100.00%,5,5,-6,-1.00
1,Ryo Hisatsune,100.00%,7,7,-8,E
1,Tom Hoge,100.00%,4,4,-6,-1.00
1,Robert MacIntyre,100.00%,9,9,-9,E
1,Andrew Putnam,100.00%,4,4,-4,-2.00
1,Webb Simpson,100.00%,6,6,-6,-2.00
1,Jackson Suber,100.00%,6,6,-8,-2.00
11,Brian Harman,87.50%,7,8,-7,E
11,Kurt Kitayama,87.50%,7,8,-8,E
11,Hideki Matsuyama,87.50%,7,8,-9,E
11,Paul Peterson,87.50%,7,8,-8,E
15,Bud Cauley,85.71%,6,7,-6,E
15,Rico Hoey,85.71%,6,7,-7,E
15,Mark Hubbard,85.71%,6,7,-6,E
15,Chan Kim,85.71%,6,7,-7,E
15,Nate Lashley,85.71%,6,7,-6,-1.00
15,C.T. Pan,85.71%,6,7,-6,+1.00
15,Kevin Roy,85.71%,6,7,-6,E
15,Ben Silverman,85.71%,6,7,-6,+1.00
15,Sam Stevens,85.71%,6,7,-6,-1.00
15,Jesper Svensson,85.71%,6,7,-7,E
15,Nick Taylor,85.71%,6,7,-7,-1.00
15,Sahith Theegala,85.71%,6,7,-6,E
27,Brice Garnett,83.33%,5,6,-7,+1.00
27,Harry Hall,83.33%,5,6,-6,E
27,Russell Henley,83.33%,5,6,-6,-1.00
27,Lee Hodges,83.33%,5,6,-6,-2.00
27,Justin Lower,83.33%,5,6,-6,E
27,Vincent Norrman,83.33%,5,6,-6,-1.00
27,Brandt Snedeker,83.33%,5,6,-5,E
27,Vince Whaley,83.33%,5,6,-5,E
35,Ryan Gerard,80.00%,4,5,-5,E
35,Adam Hadwin,80.00%,4,5,-5,E
35,Zach Johnson,80.00%,4,5,-4,-1.00
35,Kevin Streelman,80.00%,4,5,-4,-1.00
39,Frankie Capan III,75.00%,6,8,-7,E
39,Ben Griffin,75.00%,6,8,-6,E
39,Kensei Hirata,75.00%,6,8,-7,E
39,Charley Hoffman,75.00%,6,8,-7,E
39,Henrik Norlander,75.00%,6,8,-6,E
39,Thomas Rosenmueller,75.00%,3,4,-3,-1.00
39,Sam Ryder,75.00%,6,8,-6,E
39,Sepp Straka,75.00%,6,8,-7,E
47,Thomas Detry,71.43%,5,7,-5,-1.00
47,Matt McCarty,71.43%,5,7,-5,-1.00
47,Erik van Rooyen,71.43%,5,7,-5,E
50,Tom Kim,66.67%,4,6,-4,E
50,Ben Martin,66.67%,4,6,-5,-2.00
50,Denny McCarthy,66.67%,4,6,-4,-1.00
50,Adam Svensson,66.67%,4,6,-5,+1.00
54,Cristobal Del Solar,62.50%,5,8,-5,E
54,Nick Dunlap,62.50%,5,8,-5,E
54,Ben Kohles,62.50%,5,8,-5,E
54,Maverick McNealy,62.50%,5,8,-5,E
54,Taylor Montgomery,62.50%,5,8,-6,-1.00
54,Taylor Pendrith,62.50%,5,8,-6,E
54,Alex Smalley,62.50%,5,8,-6,E
61,Taylor Dickson,60.00%,3,5,-3,-1.00
61,Stephan Jaeger,60.00%,3,5,-3,-2.00
61,David Lipsky,60.00%,3,5,-4,-2.00
64,Aaron Baddeley,57.14%,4,7,-4,+1.00
64,Patrick Fishburn,57.14%,4,7,-4,-1.00
64,Lucas Glover,57.14%,4,7,-5,E
64,Luke List,57.14%,4,7,-4,E
64,Mac Meissner,57.14%,4,7,-4,E
64,Jeremy Paul,57.14%,4,7,-5,E
64,Adam Schenk,57.14%,4,7,-4,E
71,Matt Kuchar,50.00%,3,6,-3,-1.00
71,Keith Mitchell,50.00%,4,8,-5,-1.00
71,Greyson Sigg,50.00%,3,6,-3,E
71,J.J. Spaun,50.00%,3,6,-3,-2.00
75,Gary Woodland,37.50%,3,8,-3,E
76,Eric Cole,20.00%,1,5,-1,-2.00
