rank,player,%,Attempts,Non-Attempts
1,Cristobal Del Solar,100.00%,8,0
1,Nick Dunlap,100.00%,8,0
1,Ben Griffin,100.00%,8,0
1,Brian Harman,100.00%,8,0
1,Kensei Hirata,100.00%,8,0
1,Charley Hoffman,100.00%,8,0
1,Kurt Kitayama,100.00%,8,0
1,Ben Kohles,100.00%,8,0
1,Robert MacIntyre,100.00%,8,0
1,Hideki Matsuyama,100.00%,8,0
1,Maverick McNealy,100.00%,8,0
1,Henrik Norlander,100.00%,8,0
1,Taylor Pendrith,100.00%,8,0
1,Paul Peterson,100.00%,8,0
1,Sam Ryder,100.00%,8,0
1,Alex Smalley,100.00%,8,0
1,Sepp Straka,100.00%,8,0
1,Gary Woodland,100.00%,8,0
19,Aaron Baddeley,87.50%,7,1
19,Frankie Capan III,87.50%,7,1
19,Bud Cauley,87.50%,7,1
19,Thomas Detry,87.50%,7,1
19,Patrick Fishburn,87.50%,7,1
19,Lucas Glover,87.50%,7,1
19,Ryo Hisatsune,87.50%,7,1
19,Rico Hoey,87.50%,7,1
19,Mark Hubbard,87.50%,7,1
19,Chan Kim,87.50%,7,1
19,Nate Lashley,87.50%,7,1
19,Luke List,87.50%,7,1
19,Matt McCarty,87.50%,7,1
19,Mac Meissner,87.50%,7,1
19,Keith Mitchell,87.50%,7,1
19,Taylor Montgomery,87.50%,7,1
19,C.T. Pan,87.50%,7,1
19,Jeremy Paul,87.50%,7,1
19,Kevin Roy,87.50%,7,1
19,Adam Schenk,87.50%,7,1
19,Ben Silverman,87.50%,7,1
19,Sam Stevens,87.50%,7,1
19,Jesper Svensson,87.50%,7,1
19,Nick Taylor,87.50%,7,1
19,Erik van Rooyen,87.50%,7,1
44,Nico Echavarria,75.00%,6,2
44,Brice Garnett,75.00%,6,2
44,Harry Hall,75.00%,6,2
44,Russell Henley,75.00%,6,2
44,Lee Hodges,75.00%,6,2
44,Matt Kuchar,75.00%,6,2
44,Justin Lower,75.00%,6,2
44,Ben Martin,75.00%,6,2
44,Denny McCarthy,75.00%,6,2
44,Vincent Norrman,75.00%,6,2
44,Greyson Sigg,75.00%,6,2
44,Webb Simpson,75.00%,6,2
44,Brandt Snedeker,75.00%,6,2
44,J.J. Spaun,75.00%,6,2
44,Jackson Suber,75.00%,6,2
44,Adam Svensson,75.00%,6,2
44,Sahith Theegala,75.00%,6,2
44,Vince Whaley,75.00%,6,2
62,Eric Cole,62.50%,5,3
62,Taylor Dickson,62.50%,5,3
62,Ryan Gerard,62.50%,5,3
62,Adam Hadwin,62.50%,5,3
62,James Hahn,62.50%,5,3
62,Stephan Jaeger,62.50%,5,3
62,Zach Johnson,62.50%,5,3
62,Tom Kim,62.50%,5,3
62,David Lipsky,62.50%,5,3
62,Kevin Streelman,62.50%,5,3
72,Keegan Bradley,50.00%,4,4
72,Doug Ghim,50.00%,4,4
72,Tom Hoge,50.00%,4,4
72,Andrew Putnam,50.00%,4,4
72,Thomas Rosenmueller,50.00%,4,4
