rank,player,Avg,Total Dist after GFG Shot,Total GFG Shots
1,Jackson Suber,7.4,"1,607.000",6
2,Tom Hoge,8.3,"1,192.000",4
3,Charley Hoffman,10.8,"3,103.000",8
4,Rico Hoey,10.9,"2,742.000",7
5,Harry Hall,11.7,"2,517.000",6
6,Webb Simpson,11.9,"2,562.000",6
7,Paul Peterson,12.1,"3,478.000",8
8,Bud Cauley,12.8,"3,224.000",7
9,Nate Lashley,13.0,"3,272.000",7
10,Kurt Kitayama,13.2,"3,789.000",8
11,Chan Kim,13.5,"3,390.000",7
12,Thomas Rosenmueller,13.9,"2,008.000",4
13,Kevin Roy,14.1,"3,544.000",7
14,James Hahn,14.4,"2,597.000",5
15,Adam Hadwin,14.5,"2,615.000",5
15,Robert MacIntyre,14.5,"4,711.000",9
15,Vince Whaley,14.5,"3,133.000",6
18,Sahith Theegala,14.9,"3,762.000",7
19,Ryan Gerard,15.0,"2,692.000",5
19,Brian Harman,15.0,"4,330.000",8
21,Lee Hodges,15.1,"3,262.000",6
22,Zach Johnson,15.2,"2,744.000",5
23,Russell Henley,15.3,"3,294.000",6
24,Doug Ghim,15.4,"2,224.000",4
25,Denny McCarthy,15.7,"3,381.000",6
25,Adam Schenk,15.7,"3,960.000",7
27,Kensei Hirata,16.1,"4,648.000",8
28,Mark Hubbard,16.3,"4,113.000",7
28,Sepp Straka,16.3,"4,708.000",8
30,Maverick McNealy,16.4,"4,721.000",8
31,Nico Echavarria,16.9,"3,655.000",6
31,Justin Lower,16.9,"3,658.000",6
33,Ryo Hisatsune,17.2,"4,330.000",7
34,Brice Garnett,17.4,"3,751.000",6
35,Hideki Matsuyama,17.5,"5,030.000",8
35,Ben Silverman,17.5,"4,410.000",7
37,Lucas Glover,17.7,"4,448.000",7
38,Henrik Norlander,17.8,"5,121.000",8
38,Sam Stevens,17.8,"4,487.000",7
40,Adam Svensson,18.0,"3,881.000",6
41,Taylor Montgomery,18.1,"5,227.000",8
42,Aaron Baddeley,18.2,"4,580.000",7
43,Jeremy Paul,18.3,"4,601.000",7
44,Kevin Streelman,18.4,"3,306.000",5
45,Vincent Norrman,18.6,"4,015.000",6
46,Patrick Fishburn,18.9,"4,764.000",7
47,Nick Taylor,19.1,"4,811.000",7
48,Brandt Snedeker,19.3,"4,171.000",6
49,Ben Martin,19.5,"4,222.000",6
50,Taylor Dickson,19.7,"3,540.000",5
50,Gary Woodland,19.7,"5,675.000",8
52,J.J. Spaun,19.8,"4,287.000",6
53,Cristobal Del Solar,20.1,"5,778.000",8
54,Matt McCarty,20.3,"5,123.000",7
55,Mac Meissner,20.6,"5,180.000",7
55,Andrew Putnam,20.6,"2,961.000",4
57,Ben Griffin,21.1,"6,078.000",8
58,Erik van Rooyen,21.3,"5,378.000",7
59,Thomas Detry,21.4,"5,401.000",7
60,Nick Dunlap,21.8,"6,283.000",8
60,Greyson Sigg,21.8,"4,712.000",6
62,C.T. Pan,22.5,"5,660.000",7
63,Matt Kuchar,22.9,"4,946.000",6
63,Luke List,22.9,"5,766.000",7
65,Eric Cole,23.0,"4,146.000",5
65,Taylor Pendrith,23.0,"6,633.000",8
67,Keegan Bradley,23.4,"3,363.000",4
68,Alex Smalley,23.9,"6,869.000",8
69,Tom Kim,25.1,"5,425.000",6
70,Keith Mitchell,25.9,"7,468.000",8
71,Jesper Svensson,27.1,"6,828.000",7
72,David Lipsky,29.6,"5,328.000",5
73,Stephan Jaeger,29.7,"5,354.000",5
74,Frankie Capan III,30.9,"8,897.000",8
75,Sam Ryder,40.1,"11,542.000",8
76,Ben Kohles,45.3,"13,046.000",8
