rank,player,Avg,Distance (in inches),Attempts
1,Charley Hoffman,170.8,"49,192",8
2,Jackson Suber,183.2,"39,568",6
3,Doug Ghim,190.7,"27,460",4
4,Alex Smalley,191.6,"55,170",8
5,Tom Hoge,192.9,"27,772",4
6,Harry Hall,198.9,"42,959",6
7,Adam Schenk,199.7,"50,316",7
8,Nate Lashley,200.6,"50,552",7
9,Taylor Pendrith,203.4,"58,591",8
10,Maverick McNealy,203.7,"58,679",8
11,Gary Woodland,204.7,"58,963",8
12,Kevin Roy,205.5,"51,789",7
13,Thomas Detry,206.4,"52,023",7
14,Webb Simpson,207.1,"44,742",6
15,Bud Cauley,207.4,"52,265",7
16,Cristobal Del Solar,207.5,"59,768",8
17,James Hahn,208.0,"37,440",5
18,Rico Hoey,208.8,"52,606",7
19,Erik van Rooyen,209.0,"52,673",7
20,Eric Cole,209.8,"37,772",5
21,Luke List,210.5,"53,055",7
22,Jeremy Paul,211.7,"53,341",7
23,Kurt Kitayama,212.1,"61,083",8
24,Keegan Bradley,213.2,"30,706",4
25,Thomas Rosenmueller,214.6,"30,902",4
26,Ryan Gerard,215.5,"38,788",5
27,J.J. Spaun,215.8,"46,610",6
27,Sam Stevens,215.8,"54,382",7
29,Mac Meissner,215.9,"54,413",7
30,Chan Kim,216.3,"54,496",7
31,Brian Harman,218.9,"63,045",8
32,Henrik Norlander,219.1,"63,090",8
33,Vince Whaley,219.5,"47,415",6
34,Sepp Straka,219.6,"63,244",8
35,Lee Hodges,220.2,"47,555",6
36,Adam Hadwin,221.6,"39,882",5
37,Ben Griffin,221.7,"63,862",8
38,Matt McCarty,223.1,"56,224",7
39,Ryo Hisatsune,223.2,"56,234",7
40,Kensei Hirata,223.3,"64,317",8
41,Ben Silverman,223.9,"56,423",7
42,Stephan Jaeger,224.3,"40,376",5
43,Hideki Matsuyama,224.6,"64,673",8
44,Denny McCarthy,225.4,"48,682",6
45,Greyson Sigg,225.7,"48,755",6
46,Adam Svensson,226.3,"48,872",6
47,Sam Ryder,226.8,"65,317",8
48,Taylor Montgomery,226.9,"65,345",8
49,Nick Taylor,227.9,"57,419",7
50,Robert MacIntyre,228.0,"73,862",9
51,Keith Mitchell,228.3,"65,747",8
52,Mark Hubbard,228.6,"57,611",7
53,Taylor Dickson,229.1,"41,234",5
54,Ben Kohles,229.5,"66,091",8
54,C.T. Pan,229.5,"57,839",7
56,Jesper Svensson,230.1,"57,990",7
57,Nick Dunlap,230.6,"66,427",8
58,Ben Martin,230.7,"49,829",6
59,Sahith Theegala,231.1,"58,230",7
60,Lucas Glover,231.2,"58,255",7
61,Kevin Streelman,231.7,"41,706",5
62,Patrick Fishburn,233.7,"58,890",7
63,David Lipsky,235.0,"42,291",5
64,Nico Echavarria,236.9,"51,173",6
65,Brandt Snedeker,239.3,"51,687",6
66,Frankie Capan III,240.6,"69,306",8
67,Aaron Baddeley,241.8,"60,933",7
68,Andrew Putnam,242.1,"34,857",4
69,Paul Peterson,243.7,"70,177",8
70,Zach Johnson,244.1,"43,931",5
71,Brice Garnett,245.0,"52,929",6
72,Justin Lower,246.2,"53,169",6
73,Tom Kim,247.3,"53,427",6
74,Russell Henley,248.4,"53,664",6
75,Matt Kuchar,251.7,"54,368",6
76,Vincent Norrman,253.5,"54,762",6
