rank,player,Avg,Total Distance (feet),# of Attempts,Relative to par
1,Pat Perez,"6' 6""",6.500,1,E
2,Luke List,"6' 9""",13.500,2,-2
3,Kelly Kraft,"7' 3""",43.583,6,-2
4,Peter Malnati,"7' 11""",23.833,3,-1
5,Ken Duke,"8' 3""",41.250,5,-2
6,Michael Kim,"8' 6""",68.083,8,-2
7,Russell Henley,"9' 5""",66.000,7,-5
8,Webb Simpson,"9' 8""",28.917,3,-1
8,Kyle Stanley,"9' 8""",38.667,4,-2
10,Stewart Cink,"9' 9""",9.750,1,E
11,Marc Leishman,"10' 2""",71.250,7,-4
12,Kevin Na,"10' 4""",41.333,4,-1
13,Justin Thomas,"10' 11""",87.250,8,-6
14,Richy Werenski,"11' 0""",65.833,6,-1
15,Cameron Smith,"11' 4""",112.917,10,-5
16,Daniel Berger,"11' 6""",46.000,4,-3
17,Rod Pampling,"11' 7""",46.417,4,-3
18,Zach Johnson,"11' 9""",46.917,4,E
19,Andres Gonzales,"11' 11""",59.500,5,-2
20,Chez Reavie,"12' 1""",48.333,4,-3
21,J.T. Poston,"12' 3""",48.833,4,-3
21,Y.E. Yang,"12' 3""",48.917,4,-2
23,Hudson Swafford,"12' 7""",62.833,5,-2
24,Miguel Tabuena,"12' 9""",101.917,8,-3
25,Jordan Spieth,"12' 10""",115.167,9,-4
26,James Hahn,"13' 2""",66.000,5,-3
27,Kevin Kisner,"13' 5""",107.000,8,-1
28,Ben Martin,"13' 6""",54.083,4,-2
29,Billy Hurley III,"13' 8""",40.917,3,-2
30,Jason Bohn,"13' 11""",125.500,9,E
30,William McGirt,"13' 11""",69.583,5,E
32,Henrik Norlander,"14' 0""",56.083,4,-1
33,Russell Knox,"14' 1""",84.333,6,E
34,Gonzalo Fernandez-Castaño,"14' 3""",127.917,9,-1
35,Fabián Gómez,"14' 5""",72.250,5,-2
35,Charles Howell III,"14' 5""",144.250,10,-4
35,Sean O'Hair,"14' 5""",158.833,11,-2
35,Jared Sawada,"14' 5""",57.500,4,-1
39,Jon Curran,"14' 7""",72.750,5,-1
39,Ollie Schniederjans,"14' 7""",131.083,9,-4
41,Hideto Tanihara,"15' 0""",60.000,4,-4
42,Jamie Lovemark,"15' 3""",106.500,7,-2
43,Tony Finau,"15' 4""",107.167,7,E
44,Zac Blair,"15' 8""",125.583,8,-1
44,Trey Mullinax,"15' 8""",156.917,10,-1
46,Jim Herman,"15' 9""",78.667,5,-1
47,John Huh,"15' 10""",47.500,3,-1
48,Shawn Stefani,"15' 11""",31.833,2,-1
49,Bryson DeChambeau,"16' 1""",96.250,6,-3
50,Billy Horschel,"16' 2""",80.667,5,-1
51,Vaughn Taylor,"16' 3""",81.333,5,+2
52,Bill Haas,"16' 4""",65.333,4,-2
53,Rory Sabbatini,"16' 6""",115.583,7,-1
54,Brian Gay,"17' 2""",85.917,5,-2
55,Bryce Molder,"17' 3""",17.250,1,E
55,Brian Stuard,"17' 3""",69.083,4,-2
57,Daniel Summerhays,"18' 0""",108.167,6,-2
58,Branden Grace,"18' 1""",72.333,4,-2
59,Scott Piercy,"18' 2""",36.333,2,E
60,Gary Woodland,"18' 11""",56.750,3,-1
61,David Lingmerth,"19' 6""",117.167,6,+3
62,Michael Thompson,"19' 9""",39.417,2,-1
63,Brian Harman,"19' 10""",158.750,8,-2
64,Justin Rose,"20' 8""",41.250,2,E
65,Mackenzie Hughes,"22' 1""",88.333,4,-2
66,Vijay Singh,"22' 2""",132.750,6,E
67,Satoshi Kodaira,"22' 6""",89.917,4,E
68,Robert Streb,"23' 2""",162.167,7,-2
69,Scott Brown,"23' 5""",187.167,8,E
70,Hideki Matsuyama,"24' 5""",122.250,5,E
71,Ryan Brehm,"33' 7""",67.083,2,E
72,Tim Wilkinson,"73' 5""",73.417,1,+1
