rank,player,Avg,Total Distance (feet),# of Attempts,GIR Rank
1,Chez Reavie,"27' 11""","2,012.417",72,Under
2,Justin Rose,"28' 3""","2,036.083",72,Under
3,Cameron Smith,"28' 9""","2,042.750",71,Under
4,Hideki Matsuyama,"28' 10""","2,049.583",71,Under
5,Jordan Spieth,"28' 11""","2,084.333",72,Under
6,Justin Thomas,"29' 1""","2,096.667",72,Under
7,Billy Hurley III,"29' 11""","2,151.583",72,Under
8,Zach Johnson,"30' 1""","2,166.500",72,Under
9,Russell Knox,"30' 7""","2,199.750",72,Under
9,Henrik Norlander,"30' 7""","2,204.333",72,Under
9,Rory Sabbatini,"30' 7""","2,204.750",72,Under
12,Brian Gay,"30' 8""","2,209.333",72,Under
13,Kevin Na,"31' 2""","2,242.167",72,Under
14,Brian Stuard,"31' 3""","2,251.500",72,Under
14,Hudson Swafford,"31' 3""","2,248.333",72,Under
16,Billy Horschel,"31' 4""","2,256.000",72,Under
16,John Huh,"31' 4""","2,253.250",72,Under
18,Michael Kim,"31' 5""","2,262.250",72,Under
19,William McGirt,"31' 6""","2,268.083",72,Under
20,Zac Blair,"31' 7""","2,273.333",72,Under
20,Jason Bohn,"31' 7""","2,272.000",72,Under
20,Jim Herman,"31' 7""","2,271.500",72,Under
23,Branden Grace,"31' 8""","2,277.917",72,Under
24,Scott Piercy,"31' 9""","2,284.000",72,Under
25,Russell Henley,"31' 11""","2,299.417",72,Under
26,Gonzalo Fernandez-Castaño,"32' 3""","2,323.250",72,Under
27,Luke List,"32' 4""","2,293.667",71,Under
27,Vaughn Taylor,"32' 4""","2,293.250",71,Under
27,Y.E. Yang,"32' 4""","2,326.083",72,Under
30,Jon Curran,"32' 7""","2,347.750",72,Under
31,Richy Werenski,"32' 8""","2,350.833",72,Under
32,Daniel Berger,"33' 0""","2,376.750",72,Under
33,Kelly Kraft,"33' 1""","2,379.750",72,Under
34,Satoshi Kodaira,"33' 2""","2,390.500",72,Under
35,Ollie Schniederjans,"33' 3""","2,394.667",72,Under
35,Gary Woodland,"33' 3""","2,394.167",72,Under
37,Kyle Stanley,"33' 4""","2,399.833",72,Under
38,Scott Brown,"33' 5""","2,403.667",72,Under
39,Kevin Kisner,"33' 7""","2,415.917",72,Under
39,Daniel Summerhays,"33' 7""","2,420.917",72,Under
41,David Lingmerth,"33' 8""","2,425.083",72,Under
41,Sean O'Hair,"33' 8""","2,425.000",72,Under
43,Ryan Brehm,"33' 10""","2,435.500",72,Under
44,Miguel Tabuena,"33' 11""","2,409.083",71,Under
45,Bryson DeChambeau,"34' 4""","2,439.500",71,Under
45,Ken Duke,"34' 4""","2,473.833",72,Even
45,Hideto Tanihara,"34' 4""","2,470.833",72,Under
48,Marc Leishman,"34' 7""","2,490.250",72,Under
49,Jamie Lovemark,"34' 8""","2,497.250",72,Under
50,Ben Martin,"34' 9""","2,503.500",72,Under
51,Brian Harman,"35' 3""","2,540.833",72,Under
51,Charles Howell III,"35' 3""","2,540.500",72,Under
53,Tony Finau,"35' 9""","2,572.417",72,Under
53,Mackenzie Hughes,"35' 9""","2,575.917",72,Under
55,Robert Streb,"35' 11""","2,551.417",71,Under
56,Rod Pampling,"36' 1""","2,599.500",72,Under
57,Andres Gonzales,"36' 2""","2,603.000",72,Under
58,Vijay Singh,"36' 4""","2,614.917",72,Under
59,Michael Thompson,"36' 5""","2,619.667",72,Under
60,Webb Simpson,"36' 6""","2,628.750",72,Under
61,Fabián Gómez,"36' 9""","2,609.750",71,Under
62,Shawn Stefani,"37' 2""","2,678.000",72,Under
63,Jared Sawada,"37' 3""","2,647.167",71,Under
64,James Hahn,"37' 5""","2,693.250",72,Under
64,Trey Mullinax,"37' 5""","2,691.750",72,Under
64,Tim Wilkinson,"37' 5""","2,691.333",72,Under
67,J.T. Poston,"37' 11""","2,730.167",72,Under
68,Seamus Power,"38' 4""","2,721.750",71,Under
69,Bill Haas,"39' 0""","2,809.750",72,Under
70,Stewart Cink,"39' 4""","2,833.667",72,Under
71,Bryce Molder,"39' 10""","2,869.417",72,Under
72,Peter Malnati,"41' 0""","2,912.667",71,Under
73,Pat Perez,"42' 2""","3,034.917",72,Under
