rank,player,Avg,Total Distance (feet),# of Attempts,Relative to par
1,Richy Werenski,"2' 0""",2.000,1,E
2,Daniel Berger,"2' 3""",4.500,2,-2
3,Michael Kim,"4' 1""",8.167,2,E
4,Jim Herman,"4' 3""",8.417,2,E
5,Mackenzie Hughes,"5' 0""",5.000,1,-1
6,Ollie Schniederjans,"5' 3""",10.500,2,-2
7,Robert Streb,"5' 7""",5.583,1,-1
8,Miguel Tabuena,"6' 9""",6.750,1,-1
9,Shawn Stefani,"7' 9""",7.750,1,E
10,Cameron Smith,"7' 11""",23.833,3,-2
11,Kelly Kraft,"8' 0""",23.917,3,-1
11,Marc Leishman,"8' 0""",15.917,2,-1
13,Billy Hurley III,"8' 4""",8.333,1,-1
14,Russell Henley,"8' 10""",8.833,1,-1
15,Charles Howell III,"9' 1""",27.333,3,-3
16,Jordan Spieth,"9' 3""",27.833,3,-1
17,Trey Mullinax,"9' 5""",18.750,2,+1
18,Kyle Stanley,"9' 10""",9.833,1,E
19,Daniel Summerhays,"10' 6""",20.917,2,-2
20,Jared Sawada,"10' 8""",10.667,1,E
21,Hudson Swafford,"10' 9""",10.750,1,-1
22,Justin Thomas,"11' 4""",11.333,1,-1
23,Scott Brown,"11' 6""",34.500,3,-2
24,Zach Johnson,"12' 0""",24.000,2,-2
25,Kevin Kisner,"12' 1""",24.167,2,+1
26,Andres Gonzales,"12' 3""",12.250,1,+1
27,Gonzalo Fernandez-Castaño,"12' 4""",24.583,2,+2
28,Kevin Na,"12' 8""",12.667,1,E
29,Brian Gay,"12' 9""",12.750,1,E
30,Ken Duke,"13' 8""",27.250,2,+1
31,Scott Piercy,"13' 11""",13.917,1,E
32,Satoshi Kodaira,"14' 1""",14.083,1,E
33,William McGirt,"14' 8""",14.667,1,E
34,Branden Grace,"14' 9""",29.500,2,-1
35,Russell Knox,"15' 0""",29.917,2,E
36,Billy Horschel,"15' 2""",15.167,1,E
37,Zac Blair,"16' 5""",65.500,4,E
37,Brian Harman,"16' 5""",82.000,5,-2
39,Bill Haas,"17' 1""",17.083,1,-1
39,Rory Sabbatini,"17' 1""",34.167,2,E
41,Bryson DeChambeau,"17' 2""",34.333,2,-1
42,Bryce Molder,"17' 3""",17.250,1,E
43,Sean O'Hair,"17' 11""",71.583,4,E
44,Vijay Singh,"19' 3""",38.417,2,+1
45,Michael Thompson,"19' 9""",39.417,2,-1
46,Jason Bohn,"20' 8""",20.667,1,E
47,Justin Rose,"20' 11""",20.917,1,E
48,David Lingmerth,"21' 1""",42.083,2,E
49,Chez Reavie,"22' 1""",22.083,1,-1
50,Henrik Norlander,"22' 2""",44.250,2,E
51,Vaughn Taylor,"24' 0""",48.000,2,-1
52,Jamie Lovemark,"26' 8""",53.333,2,E
53,Hideki Matsuyama,"42' 5""",42.417,1,E
54,Tim Wilkinson,"73' 5""",73.417,1,+1
