rank,player,Avg,Total Distance (feet),# of Attempts,Relative to par
1,Richy Werenski,"2' 0""",2.000,1,E
2,Daniel Berger,"2' 3""",4.500,2,-1.00
3,Michael Kim,"4' 1""",8.167,2,E
4,Hideto Tanihara,"4' 6""",4.500,1,-1.00
5,Mackenzie Hughes,"5' 0""",5.000,1,-1.00
6,Jared Sawada,"5' 4""",10.667,2,-1.00
7,Marc Leishman,"6' 8""",26.500,4,-0.75
8,Webb Simpson,"6' 9""",6.750,1,E
9,Robert Streb,"7' 6""",14.917,2,-1.00
10,Shawn Stefani,"7' 9""",7.750,1,E
11,Pat Perez,"8' 0""",16.000,2,+0.50
12,Billy Hurley III,"8' 4""",8.333,1,-1.00
13,Kelly Kraft,"8' 7""",34.250,4,E
14,Andres Gonzales,"8' 8""",17.250,2,+0.50
15,James Hahn,"8' 9""",8.750,1,-1.00
15,Russell Henley,"8' 9""",17.417,2,-1.00
15,Jordan Spieth,"8' 9""",34.917,4,-0.50
18,Cameron Smith,"9' 0""",54.000,6,-0.50
19,Fabián Gómez,"9' 2""",9.167,1,E
20,J.T. Poston,"9' 10""",9.833,1,-1.00
20,Kyle Stanley,"9' 10""",9.833,1,E
22,Justin Thomas,"10' 0""",30.083,3,-0.67
23,Gary Woodland,"10' 4""",10.333,1,-1.00
24,Kevin Kisner,"10' 5""",41.750,4,+0.25
25,Hudson Swafford,"10' 9""",10.750,1,-1.00
26,Charles Howell III,"11' 1""",55.333,5,-0.40
26,John Huh,"11' 1""",11.083,1,E
26,Daniel Summerhays,"11' 1""",33.333,3,-0.67
29,William McGirt,"11' 5""",22.750,2,E
30,Tony Finau,"11' 6""",11.500,1,E
30,Jim Herman,"11' 6""",34.500,3,E
30,Brian Stuard,"11' 6""",34.500,3,-0.67
33,Peter Malnati,"11' 8""",23.333,2,-0.50
34,Ken Duke,"11' 11""",71.333,6,-0.33
35,Zach Johnson,"12' 0""",24.000,2,-1.00
36,Kevin Na,"12' 8""",12.667,1,E
37,Jon Curran,"13' 6""",40.417,3,-0.33
38,Ollie Schniederjans,"14' 1""",70.250,5,-0.40
39,Trey Mullinax,"14' 4""",42.917,3,+0.33
40,Satoshi Kodaira,"14' 5""",28.833,2,+0.50
41,Russell Knox,"14' 8""",58.500,4,E
42,Branden Grace,"14' 9""",29.500,2,-0.50
43,Zac Blair,"14' 11""",89.667,6,E
44,Jamie Lovemark,"15' 0""",74.917,5,-0.40
45,Scott Brown,"15' 3""",60.917,4,-0.50
45,Brian Gay,"15' 3""",30.500,2,E
45,Miguel Tabuena,"15' 3""",45.833,3,-0.33
48,Gonzalo Fernandez-Castaño,"15' 7""",46.750,3,+1.00
49,Brian Harman,"16' 5""",82.000,5,-0.40
49,Sean O'Hair,"16' 5""",98.583,6,-0.17
51,David Lingmerth,"16' 8""",50.083,3,+0.33
52,Bryson DeChambeau,"17' 2""",34.333,2,-0.50
53,Bryce Molder,"17' 3""",17.250,1,E
54,Jason Bohn,"18' 0""",71.917,4,E
54,Seamus Power,"18' 0""",18.000,1,+1.00
56,Chez Reavie,"18' 1""",36.167,2,-0.50
57,Ryan Brehm,"18' 4""",18.333,1,E
58,Rory Sabbatini,"19' 2""",57.583,3,E
59,Vaughn Taylor,"19' 7""",58.750,3,E
60,Bill Haas,"19' 8""",39.250,2,-0.50
60,Billy Horschel,"19' 8""",39.250,2,E
60,Vijay Singh,"19' 8""",58.917,3,+0.33
63,Michael Thompson,"19' 9""",39.417,2,-0.50
64,Justin Rose,"20' 8""",41.250,2,E
65,Hideki Matsuyama,"21' 5""",42.833,2,-0.50
66,Henrik Norlander,"22' 2""",44.250,2,E
67,Scott Piercy,"23' 9""",94.917,4,E
68,Tim Wilkinson,"73' 5""",73.417,1,+1.00
