rank,player,Avg,Total Distance (feet),# of Attempts,Relative to par
1,Brian Gay,"18' 1""",36.083,2,-3
2,Russell Henley,"18' 4""",18.333,1,-1
3,Robert Streb,"19' 2""",19.167,1,E
4,Justin Rose,"19' 10""",19.833,1,-1
5,Daniel Berger,"20' 7""",20.583,1,-1
6,Jon Curran,"24' 10""",24.833,1,-1
7,Scott Brown,"30' 11""",30.917,1,E
8,Ben Martin,"31' 3""",62.500,2,-1
9,Zach Johnson,"32' 11""",32.917,1,-1
10,Brian Stuard,"33' 0""",33.000,1,-1
11,Mackenzie Hughes,"34' 6""",34.500,1,-1
12,Chez Reavie,"35' 5""",35.417,1,-1
13,Miguel Tabuena,"38' 8""",38.667,1,-1
14,Luke List,"41' 7""",41.583,1,-1
15,Gary Woodland,"42' 4""",42.333,1,-1
16,Rod Pampling,"42' 8""",42.667,1,-1
17,Scott Piercy,"46' 9""",46.750,1,-1
18,Ryan Brehm,"47' 6""",47.500,1,E
19,Brian Harman,"51' 4""",51.333,1,-1
20,Billy Hurley III,"53' 9""",53.750,1,-1
21,Andres Gonzales,"55' 2""",55.167,1,-1
22,Kyle Stanley,"55' 5""",55.417,1,-1
23,Cameron Smith,"55' 7""",55.583,1,E
24,Tim Wilkinson,"62' 2""",62.167,1,-1
25,Vaughn Taylor,"62' 9""",62.750,1,-1
26,Charles Howell III,"67' 11""",135.750,2,-2
27,Satoshi Kodaira,"75' 4""",75.333,1,-1
28,Jamie Lovemark,"82' 8""",82.667,1,E
29,David Lingmerth,"88' 11""",88.917,1,-1
30,Jim Herman,"89' 0""",89.000,1,E
31,Webb Simpson,"96' 10""",96.833,1,-1
32,Richy Werenski,"106' 8""",106.667,1,-1
33,Peter Malnati,"121' 1""",121.083,1,E
