rank,player,Avg,Total Distance (feet),# of Attempts,Relative to par
1,Kelly Kraft,"4' 8""",9.333,2,-2
2,Henrik Norlander,"5' 11""",11.833,2,-1
3,Chez Reavie,"6' 1""",12.167,2,-2
4,Luke List,"6' 9""",13.500,2,-2
5,Peter Malnati,"7' 4""",14.583,2,-1
6,Kevin Na,"9' 7""",28.667,3,-1
6,Kyle Stanley,"9' 7""",28.833,3,-2
8,Stewart Cink,"9' 9""",9.750,1,E
8,Russell Henley,"9' 9""",48.583,5,-3
10,Michael Kim,"10' 0""",59.917,6,-2
11,Jason Bohn,"10' 9""",53.583,5,E
12,Webb Simpson,"11' 1""",22.167,2,-1
13,Miguel Tabuena,"11' 3""",56.083,5,-2
14,Vaughn Taylor,"11' 4""",22.583,2,+2
15,Justin Thomas,"11' 5""",57.167,5,-4
16,Zach Johnson,"11' 6""",22.917,2,+2
17,Rod Pampling,"11' 7""",46.417,4,-3
18,Andres Gonzales,"11' 10""",47.250,4,-3
19,Sean O'Hair,"12' 1""",60.250,5,-1
20,Y.E. Yang,"12' 3""",48.917,4,-2
21,Richy Werenski,"12' 9""",63.833,5,-1
22,Russell Knox,"12' 11""",25.833,2,E
23,J.T. Poston,"13' 0""",39.000,3,-2
23,Hudson Swafford,"13' 0""",52.083,4,-1
25,Bill Haas,"13' 1""",26.083,2,-1
26,James Hahn,"13' 2""",66.000,5,-3
27,Gonzalo Fernandez-Castaño,"13' 6""",81.167,6,-4
27,Ben Martin,"13' 6""",54.083,4,-2
29,Billy Horschel,"13' 10""",41.417,3,-1
30,Cameron Smith,"14' 10""",74.250,5,-1
31,Marc Leishman,"14' 11""",44.750,3,-1
32,Bryson DeChambeau,"15' 6""",61.917,4,-2
33,William McGirt,"15' 7""",46.833,3,E
34,Fabián Gómez,"15' 9""",63.083,4,-2
35,John Huh,"15' 10""",47.500,3,-1
35,Jamie Lovemark,"15' 10""",31.583,2,E
37,Tony Finau,"15' 11""",95.667,6,E
38,Jordan Spieth,"16' 1""",80.250,5,-2
39,Zac Blair,"16' 2""",48.417,3,-1
39,Jon Curran,"16' 2""",32.333,2,E
41,Trey Mullinax,"16' 3""",114.000,7,-2
41,Rory Sabbatini,"16' 3""",81.417,5,-1
43,Billy Hurley III,"16' 4""",32.583,2,-1
43,Kevin Kisner,"16' 4""",65.250,4,-2
45,Charles Howell III,"17' 9""",88.917,5,-2
46,Brian Gay,"18' 6""",55.417,3,-2
46,Hideto Tanihara,"18' 6""",55.500,3,-3
48,Brian Stuard,"18' 9""",37.500,2,E
49,Ollie Schniederjans,"18' 10""",94.083,5,-1
50,Gary Woodland,"18' 11""",56.750,3,-1
51,Hideki Matsuyama,"20' 0""",79.833,4,E
52,Daniel Berger,"20' 9""",41.500,2,-1
53,Branden Grace,"21' 5""",42.833,2,-1
54,Daniel Summerhays,"21' 10""",87.250,4,E
55,Jim Herman,"22' 1""",44.167,2,-1
56,David Lingmerth,"22' 4""",67.083,3,+2
57,Scott Piercy,"22' 5""",22.417,1,E
58,Jared Sawada,"23' 5""",46.833,2,+1
59,Shawn Stefani,"24' 1""",24.083,1,-1
60,Vijay Singh,"24' 7""",73.833,3,-1
61,Satoshi Kodaira,"25' 3""",75.833,3,E
62,Brian Harman,"25' 7""",76.750,3,E
63,Mackenzie Hughes,"27' 9""",83.333,3,-1
64,Robert Streb,"29' 5""",147.250,5,E
65,Scott Brown,"31' 7""",126.250,4,+2
66,Ryan Brehm,"48' 9""",48.750,1,E
