rank,player,Avg,Total Distance (feet),# of Attempts,Relative to par
1,Jared Sawada,"0""",0,1,-2
2,Hideto Tanihara,"4' 6""",4.500,1,-1
3,Ken Duke,"4' 8""",14.000,3,-3
4,Marc Leishman,"5' 4""",10.583,2,-2
5,Pat Perez,"6' 6""",6.500,1,E
6,Webb Simpson,"6' 9""",6.750,1,E
7,Jordan Spieth,"7' 1""",7.083,1,-1
8,Jamie Lovemark,"7' 2""",21.583,3,-2
9,Cameron Smith,"7' 5""",14.833,2,-2
10,David Lingmerth,"8' 0""",8.000,1,+1
11,William McGirt,"8' 1""",8.083,1,E
12,Russell Henley,"8' 7""",8.583,1,-1
13,Kevin Kisner,"8' 10""",17.583,2,E
14,Fabián Gómez,"9' 2""",9.167,1,E
15,Peter Malnati,"9' 3""",9.250,1,E
16,Robert Streb,"9' 4""",9.333,1,-1
17,Justin Thomas,"9' 5""",18.750,2,-1
18,J.T. Poston,"9' 10""",9.833,1,-1
19,Kelly Kraft,"10' 4""",10.333,1,+1
20,Vaughn Taylor,"10' 9""",10.750,1,+1
21,Tony Finau,"11' 6""",11.500,1,E
22,Zac Blair,"11' 8""",11.667,1,E
23,Ollie Schniederjans,"13' 3""",26.500,2,-1
24,Jon Curran,"13' 6""",40.417,3,-1
24,Sean O'Hair,"13' 6""",27.000,2,-1
26,Charles Howell III,"14' 0""",28.000,2,+1
27,Chez Reavie,"14' 1""",14.083,1,E
28,Russell Knox,"14' 4""",28.583,2,E
29,Brian Stuard,"15' 10""",31.583,2,-2
30,Jason Bohn,"17' 1""",51.250,3,E
31,Brian Gay,"17' 9""",17.750,1,E
32,Ryan Brehm,"18' 4""",18.333,1,E
33,Miguel Tabuena,"19' 7""",39.083,2,E
34,Justin Rose,"20' 4""",20.333,1,E
35,Vijay Singh,"20' 6""",20.500,1,E
36,Gonzalo Fernandez-Castaño,"22' 2""",22.167,1,+1
36,Bill Haas,"22' 2""",22.167,1,E
38,Billy Horschel,"24' 1""",24.083,1,E
39,Trey Mullinax,"24' 2""",24.167,1,E
40,Jim Herman,"26' 1""",26.083,1,E
41,Scott Brown,"26' 5""",26.417,1,E
