rank,player,Avg,Total Distance (feet),# of Attempts,Relative to par
1,Michael Thompson,"7' 0""",7.000,1,-2
2,Michael Kim,"7' 2""",7.167,1,-1
3,Hideto Tanihara,"21' 6""",21.500,1,-1
4,Hideki Matsuyama,"29' 5""",29.417,1,-1
5,Trey Mullinax,"29' 10""",29.833,1,-1
6,Jared Sawada,"30' 5""",91.167,3,-2
7,Chez Reavie,"40' 5""",40.417,1,E
8,William McGirt,"43' 8""",43.667,1,-1
9,Mackenzie Hughes,"44' 0""",44.000,1,-1
10,Andres Gonzales,"46' 4""",92.667,2,-2
11,Peter Malnati,"48' 0""",48.000,1,-1
12,Tim Wilkinson,"50' 2""",50.167,1,-1
13,Brian Stuard,"54' 10""",54.833,1,-1
14,Rory Sabbatini,"55' 7""",55.583,1,E
15,Russell Henley,"59' 1""",59.083,1,-1
16,Zac Blair,"60' 0""",60.000,1,-1
17,Jason Bohn,"64' 5""",193.167,3,-2
18,Seamus Power,"66' 1""",66.083,1,-1
19,Bryce Molder,"71' 8""",71.667,1,-1
20,Miguel Tabuena,"71' 11""",143.750,2,-2
21,Henrik Norlander,"79' 4""",79.333,1,-1
22,Russell Knox,"82' 2""",82.167,1,-1
23,Kyle Stanley,"83' 7""",167.083,2,-1
24,Vaughn Taylor,"84' 3""",168.500,2,-1
25,Jon Curran,"85' 10""",85.833,1,E
26,Ryan Brehm,"87' 2""",87.167,1,-1
27,David Lingmerth,"93' 6""",93.500,1,E
28,Brian Gay,"94' 2""",94.167,1,E
29,Satoshi Kodaira,"96' 10""",96.833,1,E
30,James Hahn,"97' 1""",97.083,1,E
31,Kelly Kraft,"97' 11""",97.917,1,E
32,Robert Streb,"107' 10""",107.833,1,-1
33,Bill Haas,"111' 11""",111.917,1,E
