rank,player,Avg,Total Strokes,Total Rounds
1,Sungjae Im,62.00,62,1
1,Hideki Matsuyama,62.00,62,1
1,Collin Morikawa,62.00,62,1
4,Christiaan Bezuidenhout,63.00,63,1
4,Max Greyserman,63.00,63,1
6,Cam Davis,64.00,64,1
6,Adam Scott,64.00,64,1
8,Ludvig Åberg,65.00,65,1
8,Patrick Cantlay,65.00,65,1
8,Thomas Detry,65.00,65,1
8,Si Woo Kim,65.00,65,1
8,Will Zalatoris,65.00,65,1
13,Sam Burns,66.00,66,1
13,Nico Echavarria,66.00,66,1
13,Tony Finau,66.00,66,1
13,Matt Fitzpatrick,66.00,66,1
13,Harry Hall,66.00,66,1
13,Aaron Rai,66.00,66,1
13,Xander Schauffele,66.00,66,1
13,Nick Taylor,66.00,66,1
13,Jhonattan Vegas,66.00,66,1
22,Akshay Bhatia,67.00,67,1
22,Max Homa,67.00,67,1
22,Patton Kizzire,67.00,67,1
22,Taylor Pendrith,67.00,67,1
22,Sepp Straka,67.00,67,1
22,Sahith Theegala,67.00,67,1
28,Eric Cole,68.00,68,1
28,Jason Day,68.00,68,1
28,Nick Dunlap,68.00,68,1
28,Austin Eckroat,68.00,68,1
28,Adam Hadwin,68.00,68,1
28,Russell Henley,68.00,68,1
28,Tom Hoge,68.00,68,1
28,Viktor Hovland,68.00,68,1
28,Chris Kirk,68.00,68,1
28,Justin Thomas,68.00,68,1
28,Davis Thompson,68.00,68,1
28,Cameron Young,68.00,68,1
40,Byeong Hun An,69.00,69,1
40,Wyndham Clark,69.00,69,1
40,Corey Conners,69.00,69,1
40,Brice Garnett,69.00,69,1
40,Billy Horschel,69.00,69,1
40,Robert MacIntyre,69.00,69,1
40,Maverick McNealy,69.00,69,1
40,Matthieu Pavon,69.00,69,1
48,Keegan Bradley,70.00,70,1
48,Brian Harman,70.00,70,1
48,Jake Knapp,70.00,70,1
48,Kevin Yu,70.00,70,1
52,Rafael Campos,71.00,71,1
52,Chris Gotterup,71.00,71,1
52,Stephan Jaeger,71.00,71,1
52,Denny McCarthy,71.00,71,1
52,Matt McCarty,71.00,71,1
52,J.T. Poston,71.00,71,1
58,Peter Malnati,73.00,73,1
