rank,player,%
1,Ludvig Åberg,100.00%
1,Byeong Hun An,100.00%
1,Akshay Bhatia,100.00%
1,Keegan Bradley,100.00%
1,Sam Burns,100.00%
1,Patrick Cantlay,100.00%
1,Wyndham Clark,100.00%
1,Corey Conners,100.00%
1,Thomas Detry,100.00%
1,Nick Dunlap,100.00%
1,Nico Echavarria,100.00%
1,Austin Eckroat,100.00%
1,Tony Finau,100.00%
1,Chris Gotterup,100.00%
1,Brian Harman,100.00%
1,Russell Henley,100.00%
1,Max Homa,100.00%
1,Sungjae Im,100.00%
1,Stephan Jaeger,100.00%
1,Si Woo Kim,100.00%
1,Jake Knapp,100.00%
1,Robert MacIntyre,100.00%
1,Hideki Matsuyama,100.00%
1,Maverick McNealy,100.00%
1,Collin Morikawa,100.00%
1,Matthieu Pavon,100.00%
1,Taylor Pendrith,100.00%
1,Aaron Rai,100.00%
1,Xander Schauffele,100.00%
1,Nick Taylor,100.00%
1,Sahith Theegala,100.00%
1,Justin Thomas,100.00%
1,Davis Thompson,100.00%
1,Jhonattan Vegas,100.00%
1,Cameron Young,100.00%
1,Kevin Yu,100.00%
37,Christiaan Bezuidenhout,.00%
37,Rafael Campos,.00%
37,Eric Cole,.00%
37,Cam Davis,.00%
37,Jason Day,.00%
37,Matt Fitzpatrick,.00%
37,Brice Garnett,.00%
37,Max Greyserman,.00%
37,Adam Hadwin,.00%
37,Harry Hall,.00%
37,Tom Hoge,.00%
37,Billy Horschel,.00%
37,Viktor Hovland,.00%
37,Chris Kirk,.00%
37,Patton Kizzire,.00%
37,Peter Malnati,.00%
37,Denny McCarthy,.00%
37,Matt McCarty,.00%
37,J.T. Poston,.00%
37,Adam Scott,.00%
37,Sepp Straka,.00%
37,Will Zalatoris,.00%
