rank,player,Avg,Total Strokes,Total Rounds
1,Tom Hoge,64.00,64,1
2,Hideki Matsuyama,65.00,65,1
2,Will Zalatoris,65.00,65,1
4,Corey Conners,66.00,66,1
4,Collin Morikawa,66.00,66,1
4,Cameron Young,66.00,66,1
7,Thomas Detry,67.00,67,1
7,Tony Finau,67.00,67,1
7,Adam Hadwin,67.00,67,1
10,Austin Eckroat,68.00,68,1
10,Harry Hall,68.00,68,1
10,Maverick McNealy,68.00,68,1
10,Aaron Rai,68.00,68,1
10,Adam Scott,68.00,68,1
10,Jhonattan Vegas,68.00,68,1
16,Ludvig Åberg,69.00,69,1
16,Keegan Bradley,69.00,69,1
16,Wyndham Clark,69.00,69,1
16,Brice Garnett,69.00,69,1
16,Max Homa,69.00,69,1
16,Sungjae Im,69.00,69,1
16,Sepp Straka,69.00,69,1
23,Byeong Hun An,70.00,70,1
23,Jason Day,70.00,70,1
23,Max Greyserman,70.00,70,1
23,Russell Henley,70.00,70,1
23,Viktor Hovland,70.00,70,1
23,Patton Kizzire,70.00,70,1
23,Robert MacIntyre,70.00,70,1
30,Akshay Bhatia,71.00,71,1
30,Nico Echavarria,71.00,71,1
30,Taylor Pendrith,71.00,71,1
30,Justin Thomas,71.00,71,1
34,Sam Burns,72.00,72,1
34,Rafael Campos,72.00,72,1
34,Chris Gotterup,72.00,72,1
34,Billy Horschel,72.00,72,1
34,Stephan Jaeger,72.00,72,1
34,Jake Knapp,72.00,72,1
34,Xander Schauffele,72.00,72,1
41,Christiaan Bezuidenhout,73.00,73,1
41,Cam Davis,73.00,73,1
41,Matt Fitzpatrick,73.00,73,1
41,Denny McCarthy,73.00,73,1
41,Nick Taylor,73.00,73,1
41,Kevin Yu,73.00,73,1
47,Patrick Cantlay,74.00,74,1
47,Eric Cole,74.00,74,1
47,Chris Kirk,74.00,74,1
47,Peter Malnati,74.00,74,1
47,Matt McCarty,74.00,74,1
47,Matthieu Pavon,74.00,74,1
47,J.T. Poston,74.00,74,1
54,Brian Harman,75.00,75,1
55,Nick Dunlap,76.00,76,1
55,Si Woo Kim,76.00,76,1
55,Sahith Theegala,76.00,76,1
58,Davis Thompson,78.00,78,1
