rank,player,Avg,Total Strokes,Total Rounds
1,Justin Thomas,63.00,63,1
2,Ludvig Åberg,64.00,64,1
3,Sam Burns,65.00,65,1
3,Sungjae Im,65.00,65,1
3,Hideki Matsuyama,65.00,65,1
3,Jhonattan Vegas,65.00,65,1
7,Akshay Bhatia,66.00,66,1
7,Robert MacIntyre,66.00,66,1
7,Aaron Rai,66.00,66,1
7,Sahith Theegala,66.00,66,1
11,Byeong Hun An,67.00,67,1
11,Corey Conners,67.00,67,1
11,Austin Eckroat,67.00,67,1
11,Stephan Jaeger,67.00,67,1
11,Si Woo Kim,67.00,67,1
11,Collin Morikawa,67.00,67,1
11,Taylor Pendrith,67.00,67,1
11,Xander Schauffele,67.00,67,1
11,Davis Thompson,67.00,67,1
20,Keegan Bradley,68.00,68,1
20,Patrick Cantlay,68.00,68,1
20,Nico Echavarria,68.00,68,1
20,Matt Fitzpatrick,68.00,68,1
20,Chris Gotterup,68.00,68,1
20,Russell Henley,68.00,68,1
20,Max Homa,68.00,68,1
20,Maverick McNealy,68.00,68,1
20,Matthieu Pavon,68.00,68,1
20,Cameron Young,68.00,68,1
20,Kevin Yu,68.00,68,1
31,Wyndham Clark,69.00,69,1
31,Cam Davis,69.00,69,1
31,Tony Finau,69.00,69,1
31,Tom Hoge,69.00,69,1
31,J.T. Poston,69.00,69,1
31,Nick Taylor,69.00,69,1
37,Jason Day,70.00,70,1
37,Adam Hadwin,70.00,70,1
37,Harry Hall,70.00,70,1
37,Brian Harman,70.00,70,1
37,Viktor Hovland,70.00,70,1
37,Chris Kirk,70.00,70,1
37,Denny McCarthy,70.00,70,1
37,Adam Scott,70.00,70,1
37,Sepp Straka,70.00,70,1
46,Thomas Detry,71.00,71,1
46,Nick Dunlap,71.00,71,1
46,Jake Knapp,71.00,71,1
49,Christiaan Bezuidenhout,72.00,72,1
49,Brice Garnett,72.00,72,1
49,Max Greyserman,72.00,72,1
49,Billy Horschel,72.00,72,1
49,Patton Kizzire,72.00,72,1
49,Matt McCarty,72.00,72,1
55,Rafael Campos,73.00,73,1
55,Eric Cole,73.00,73,1
55,Peter Malnati,73.00,73,1
55,Will Zalatoris,73.00,73,1
