rank,player,Avg,Total Strokes,Total Early Rounds
1,Stuart Appleby,66.00,66,1
2,Darren Clarke,67.00,67,1
3,Kirk Triplett,68.00,68,1
4,Adam Scott,68.50,137,2
5,Ben Crane,70.00,140,2
5,Retief Goosen,70.00,70,1
5,Jonathan Kaye,70.00,210,3
5,J.L. Lewis,70.00,70,1
5,Shaun Micheel,70.00,70,1
5,Tiger Woods,70.00,70,1
11,Jim Furyk,71.00,71,1
12,Steve Flesch,71.33,214,3
12,Peter Jacobsen,71.33,214,3
12,Kenny Perry,71.33,214,3
15,Ernie Els,71.67,215,3
15,Shigeki Maruyama,71.67,215,3
17,Tommy Armour III,71.75,287,4
17,Chad Campbell,71.75,287,4
19,Justin Leonard,72.00,144,2
20,Mike Weir,72.50,145,2
21,Rory Sabbatini,72.67,218,3
22,Frank Lickliter II,73.33,220,3
23,Craig Stadler,73.50,294,4
23,Bob Tway,73.50,294,4
25,John Huston,73.67,221,3
26,Ben Curtis,74.25,297,4
27,Fred Couples,75.00,75,1
