rank,player,Low Rnd
1,Chad Campbell,65
2,Stuart Appleby,66
2,Ben Crane,66
2,Jonathan Kaye,66
5,Darren Clarke,67
6,Kenny Perry,68
6,Adam Scott,68
6,Craig Stadler,68
6,Kirk Triplett,68
10,John Huston,69
10,Shigeki Maruyama,69
12,Tommy Armour III,70
12,Ben Curtis,70
12,Ernie Els,70
12,Steve Flesch,70
12,Retief Goosen,70
12,Peter Jacobsen,70
12,J.L. Lewis,70
12,Frank Lickliter II,70
12,Shaun Micheel,70
12,Rory Sabbatini,70
12,Mike Weir,70
12,Tiger Woods,70
24,Jim Furyk,71
24,Justin Leonard,71
26,Bob Tway,72
27,Fred Couples,75
