rank,player,Avg,Total Distance (feet),# of Attempts,Relative to par
1,Russell Henley,"7""",.583,1,-1
2,Jim Herman,"13' 1""",26.167,2,-1
3,Lanto Griffin,"13' 4""",26.583,2,E
4,Ryan Armour,"15' 3""",15.250,1,E
5,Martin Trainer,"17' 9""",35.500,2,E
6,Marc Leishman,"18' 7""",55.750,3,-2
7,Harry Higgs,"18' 10""",56.583,3,-1
8,Brendon Todd,"19' 1""",76.417,4,-1
9,Adam Scott,"19' 6""",156.250,8,-2
10,Brian Stuard,"20' 10""",83.167,4,-1
11,Troy Merritt,"20' 11""",125.417,6,E
12,Nick Taylor,"22' 0""",22.000,1,E
13,Carlos Ortiz,"23' 5""",93.500,4,+1
14,Patton Kizzire,"23' 7""",94.167,4,E
15,Kramer Hickok,"24' 7""",98.167,4,-1
16,Joaquin Niemann,"25' 5""",127.083,5,E
17,Jason Kokrak,"26' 1""",130.583,5,E
18,Nick Hardy,"26' 4""",78.917,3,E
19,Si Woo Kim,"27' 5""",54.833,2,E
20,Aaron Baddeley,"27' 9""",83.333,3,E
20,Harris English,"27' 9""",55.417,2,+1
22,Kevin Na,"28' 7""",200.167,7,-2
23,Charles Howell III,"28' 10""",57.667,2,E
24,Ryan Palmer,"29' 0""",232.083,8,E
25,Charley Hoffman,"29' 1""",174.583,6,-1
26,Brian Gay,"29' 6""",177.000,6,+1
27,Zach Johnson,"30' 1""",60.083,2,-1
27,Peter Malnati,"30' 1""",30.083,1,E
29,Jim Furyk,"30' 7""",183.500,6,-1
30,Sebastián Muñoz,"30' 9""",153.750,5,-1
31,Nelson Ledesma,"30' 11""",154.417,5,-1
32,K.J. Choi,"31' 5""",62.833,2,E
32,Kevin Kisner,"31' 5""",188.250,6,-2
34,Mike Weir,"32' 2""",64.250,2,E
35,Robby Shelton,"32' 9""",65.500,2,E
36,Sungjae Im,"33' 3""",133.083,4,E
37,Cameron Smith,"34' 0""",238.083,7,+2
38,Jerry Kelly,"34' 1""",102.167,3,E
39,Scott Brown,"34' 2""",68.250,2,-1
40,Anirban Lahiri,"34' 6""",172.500,5,+1
41,Sergio Garcia,"35' 3""",105.750,3,E
42,Billy Horschel,"35' 5""",177.083,5,-1
43,Emiliano Grillo,"35' 6""",106.500,3,-1
44,Hudson Swafford,"36' 11""",147.750,4,+1
45,Brendan Steele,"37' 0""",111.083,3,E
46,Robert Streb,"37' 6""",187.500,5,+1
47,James Hahn,"37' 10""",75.583,2,+1
48,Austin Cook,"38' 9""",271.500,7,+2
48,Jamie Lovemark,"38' 9""",116.167,3,E
50,Michael Thompson,"39' 3""",156.833,4,E
51,Mackenzie Hughes,"39' 4""",236.000,6,-2
52,Sepp Straka,"39' 10""",119.417,3,E
53,Vaughn Taylor,"40' 1""",40.083,1,E
54,Matt Jones,"40' 9""",244.417,6,-2
55,Chris Baker,"41' 2""",206.000,5,E
56,Stewart Cink,"42' 3""",84.500,2,E
57,Chez Reavie,"43' 10""",263.083,6,+2
58,Cam Davis,"44' 5""",177.583,4,+3
59,Webb Simpson,"45' 5""",272.583,6,E
60,Wesley Bryan,"46' 11""",187.583,4,E
61,Collin Morikawa,"47' 0""",93.917,2,E
62,Michael Kim,"47' 3""",236.250,5,+1
63,Brice Garnett,"48' 5""",96.833,2,+1
64,Chris Kirk,"49' 7""",198.333,4,E
65,Hideki Matsuyama,"51' 11""",155.750,3,E
66,Daniel Berger,"54' 9""",219.083,4,-1
67,Ryosuke Kinoshita,"57' 3""",114.417,2,E
68,Pat Perez,"65' 5""",196.250,3,E
69,Keith Mitchell,"79' 10""",159.667,2,-1
