rank,player,Avg,Total Distance (feet),# of Attempts,Relative to par
1,Charles Howell III,"11' 3""",11.250,1,E
2,Sepp Straka,"15' 9""",15.750,1,-1
3,Kevin Kisner,"21' 9""",21.750,1,-1
4,Stewart Cink,"25' 5""",101.500,4,E
5,Harry Higgs,"26' 4""",131.583,5,+1
6,Martin Trainer,"27' 3""",54.417,2,+1
7,Robert Streb,"27' 4""",27.333,1,E
8,Patton Kizzire,"28' 3""",84.667,3,-1
9,Jason Kokrak,"28' 7""",85.833,3,+1
10,Webb Simpson,"29' 6""",117.917,4,-2
11,Pat Perez,"31' 0""",61.917,2,E
12,Jim Herman,"31' 5""",31.417,1,E
13,Aaron Baddeley,"32' 3""",96.833,3,+2
14,Chris Kirk,"32' 5""",64.833,2,+1
15,Lanto Griffin,"34' 10""",139.250,4,-1
15,Collin Morikawa,"34' 10""",208.750,6,-1
17,Anirban Lahiri,"34' 11""",69.750,2,-2
18,Charley Hoffman,"35' 0""",35.000,1,E
19,Jamie Lovemark,"36' 3""",145.000,4,+1
20,Wesley Bryan,"37' 6""",187.583,5,-2
21,Matt Jones,"38' 0""",189.833,5,-2
22,Billy Horschel,"38' 3""",76.417,2,E
23,Ryan Armour,"38' 10""",116.417,3,E
24,Nick Hardy,"39' 10""",119.583,3,-1
25,Cam Davis,"40' 1""",120.167,3,-1
26,Brice Garnett,"42' 1""",252.250,6,-2
27,Russell Henley,"43' 3""",86.417,2,E
28,Adam Scott,"43' 8""",43.667,1,E
28,Brendon Todd,"43' 8""",218.167,5,E
30,James Hahn,"44' 1""",176.417,4,+1
31,Kramer Hickok,"45' 1""",135.250,3,E
32,Ryosuke Kinoshita,"47' 8""",286.083,6,-1
33,Emiliano Grillo,"48' 0""",192.000,4,-2
34,Hudson Swafford,"48' 1""",144.250,3,-1
35,Jim Furyk,"48' 4""",96.583,2,E
36,Mackenzie Hughes,"48' 8""",146.083,3,E
37,Austin Cook,"48' 11""",195.500,4,E
38,Ryan Palmer,"49' 2""",147.500,3,+2
39,Sergio Garcia,"49' 10""",149.417,3,-2
40,Sungjae Im,"51' 2""",51.167,1,+1
41,Satoshi Kodaira,"51' 4""",205.417,4,+1
42,K.J. Choi,"52' 8""",316.167,6,+1
43,Mark Hubbard,"52' 9""",105.500,2,+1
44,Zach Johnson,"53' 5""",160.250,3,E
45,Nick Taylor,"56' 4""",168.917,3,E
46,Michael Thompson,"56' 8""",169.917,3,E
47,Brendan Steele,"56' 9""",227.083,4,+2
48,Nelson Ledesma,"58' 8""",293.167,5,+2
49,K.H. Lee,"59' 4""",237.250,4,E
50,Daniel Berger,"60' 7""",181.750,3,E
51,Robby Shelton,"60' 9""",182.167,3,E
52,Michael Kim,"61' 1""",488.750,8,E
53,Joaquin Niemann,"61' 5""",122.833,2,-1
54,Troy Merritt,"64' 6""",128.917,2,E
55,Jerry Kelly,"65' 1""",195.167,3,+3
56,Peter Malnati,"67' 10""",406.750,6,+3
57,Marc Leishman,"70' 11""",283.667,4,E
58,Sebastián Muñoz,"71' 6""",214.500,3,E
59,Kevin Na,"77' 6""",77.500,1,-1
60,Vaughn Taylor,"78' 0""",78.000,1,E
61,Scott Brown,"82' 1""",164.167,2,E
62,Si Woo Kim,"82' 8""",82.667,1,+1
63,Brian Stuard,"87' 2""",87.167,1,+1
64,Brian Harman,"88' 10""",88.833,1,E
65,Carlos Ortiz,"96' 3""",96.250,1,E
