rank,player,Avg,Total Distance (feet),# of Attempts,Relative to par
1,Martin Trainer,"10' 8""",10.667,1,-1
2,Russell Henley,"27' 8""",27.667,1,-1
3,Brian Stuard,"30' 3""",30.250,1,-1
4,Chez Reavie,"36' 8""",36.667,1,-1
5,Sebastián Muñoz,"49' 9""",49.750,1,E
6,Harry Higgs,"52' 1""",104.167,2,-2
7,Ryan Armour,"52' 3""",52.250,1,-1
8,Austin Cook,"54' 4""",54.333,1,-1
8,Anirban Lahiri,"54' 4""",54.333,1,-1
10,K.H. Lee,"69' 1""",138.083,2,-2
11,Pat Perez,"76' 2""",76.167,1,+1
12,Chris Kirk,"78' 7""",78.583,1,-1
13,Brendon Todd,"79' 8""",79.667,1,E
14,Sungjae Im,"82' 9""",82.750,1,E
15,Collin Morikawa,"94' 6""",94.500,1,E
16,Sergio Garcia,"97' 0""",97.000,1,-1
17,Mackenzie Hughes,"131' 9""",131.750,1,-1
