rank,player,Avg,Total Distance (feet),# of Attempts,Relative to par
1,Satoshi Kodaira,"15' 10""",15.833,1,-1
2,Brendan Steele,"19' 2""",38.333,2,-1
3,Robby Shelton,"23' 10""",71.500,3,-1
4,Chris Kirk,"23' 11""",71.667,3,-1
5,Matt Jones,"24' 10""",149.000,6,E
6,Jerry Kelly,"27' 3""",136.250,5,+2
7,Vaughn Taylor,"28' 6""",113.917,4,+2
8,Charley Hoffman,"28' 7""",85.833,3,E
9,Zach Johnson,"29' 2""",116.750,4,E
10,Harris English,"29' 5""",147.167,5,-1
11,Scott Brown,"29' 7""",177.667,6,-1
12,Stewart Cink,"30' 4""",60.583,2,-1
13,Jim Furyk,"30' 5""",60.833,2,-1
14,Adam Scott,"30' 11""",61.750,2,E
15,Chez Reavie,"31' 1""",62.083,2,E
16,Joaquin Niemann,"31' 8""",158.333,5,-2
17,Troy Merritt,"31' 9""",63.417,2,+1
18,K.J. Choi,"32' 7""",130.333,4,+1
19,Brendon Todd,"33' 2""",132.583,4,-1
20,James Hahn,"33' 6""",167.417,5,-2
21,Harry Higgs,"33' 9""",67.417,2,-1
22,Anirban Lahiri,"34' 1""",307.000,9,-3
23,Lanto Griffin,"34' 5""",275.167,8,-2
24,Sungjae Im,"35' 9""",71.417,2,E
25,Cameron Smith,"36' 0""",216.167,6,+1
26,Wesley Bryan,"36' 2""",144.583,4,-2
27,Charles Howell III,"36' 3""",181.250,5,E
28,Emiliano Grillo,"36' 6""",109.500,3,-1
29,Jamie Lovemark,"37' 0""",110.917,3,-2
30,Michael Thompson,"37' 1""",148.167,4,E
31,Nick Hardy,"37' 5""",224.417,6,-1
32,Ryosuke Kinoshita,"37' 8""",113.083,3,E
33,Russell Henley,"37' 10""",151.417,4,E
34,Webb Simpson,"37' 11""",37.917,1,E
35,Sepp Straka,"38' 1""",228.333,6,+1
36,Kevin Na,"39' 0""",116.917,3,+2
37,Mike Weir,"39' 2""",274.333,7,-1
38,Cam Davis,"39' 6""",197.583,5,+2
39,Marc Leishman,"39' 9""",198.833,5,-1
40,Austin Cook,"39' 11""",79.750,2,E
40,Brian Harman,"39' 11""",79.750,2,E
42,Sergio Garcia,"40' 5""",202.167,5,+1
43,Mackenzie Hughes,"41' 2""",164.667,4,E
44,Si Woo Kim,"41' 10""",209.083,5,E
45,Peter Malnati,"42' 10""",85.583,2,-1
46,Carlos Ortiz,"42' 11""",171.500,4,E
47,Kramer Hickok,"43' 5""",130.167,3,+1
48,Ryan Armour,"43' 8""",218.417,5,-1
48,Sebastián Muñoz,"43' 8""",261.917,6,-1
50,Ryan Palmer,"43' 11""",131.750,3,+1
51,Billy Horschel,"44' 1""",220.250,5,+1
52,Chris Baker,"44' 3""",221.333,5,E
53,Keith Mitchell,"47' 3""",283.500,6,+1
54,Martin Trainer,"47' 5""",426.667,9,-1
55,Collin Morikawa,"48' 0""",144.083,3,E
56,Pat Perez,"48' 11""",97.833,2,E
57,Patton Kizzire,"49' 11""",99.750,2,+1
58,Michael Kim,"50' 9""",152.333,3,+2
59,Nick Taylor,"51' 5""",308.250,6,+1
60,Daniel Berger,"51' 8""",206.583,4,+1
61,Brian Gay,"52' 1""",312.250,6,+3
62,Jason Kokrak,"52' 7""",210.417,4,+1
63,Hudson Swafford,"53' 2""",212.667,4,E
64,K.H. Lee,"60' 0""",120.000,2,-1
65,Hideki Matsuyama,"61' 7""",123.083,2,+1
66,Jim Herman,"63' 9""",382.250,6,+4
67,Robert Streb,"65' 5""",392.250,6,+2
68,Brian Stuard,"65' 11""",263.583,4,E
69,Aaron Baddeley,"72' 5""",144.750,2,+2
70,Mark Hubbard,"87' 11""",351.583,4,E
