rank,player,Avg,Total Distance (feet),# of Attempts,Relative to par
1,K.J. Choi,"3' 2""",3.167,1,-1
2,Zach Johnson,"4' 6""",4.500,1,E
3,Marc Leishman,"8' 0""",8.000,1,-1
4,Sebastián Muñoz,"8' 6""",8.500,1,-1
5,Scott Brown,"10' 0""",10.000,1,E
6,Satoshi Kodaira,"15' 11""",15.917,1,E
6,Robert Streb,"15' 11""",31.750,2,-1
8,Hideki Matsuyama,"16' 1""",32.083,2,E
9,Emiliano Grillo,"16' 4""",16.333,1,E
10,Collin Morikawa,"16' 9""",16.750,1,+2
11,Mackenzie Hughes,"18' 3""",18.250,1,+1
12,K.H. Lee,"18' 8""",18.667,1,E
13,Mark Hubbard,"19' 8""",19.667,1,-1
14,Chris Kirk,"20' 7""",41.167,2,E
14,Jamie Lovemark,"20' 7""",41.083,2,E
16,Ryan Armour,"21' 8""",21.667,1,+2
17,Michael Thompson,"21' 9""",21.750,1,-1
18,Wesley Bryan,"21' 10""",43.667,2,+1
19,Robby Shelton,"22' 11""",91.667,4,-2
20,Charley Hoffman,"23' 4""",46.583,2,-1
21,Brian Harman,"23' 5""",46.750,2,+1
22,Stewart Cink,"24' 10""",49.667,2,-1
23,Cameron Smith,"26' 5""",52.750,2,E
24,Brian Stuard,"26' 9""",26.750,1,E
25,Cam Davis,"28' 6""",57.000,2,E
26,Mike Weir,"29' 11""",29.917,1,E
27,Billy Horschel,"30' 0""",30.000,1,E
28,Patton Kizzire,"30' 1""",90.167,3,-1
29,Jerry Kelly,"32' 9""",32.750,1,+1
30,Martin Trainer,"33' 3""",99.833,3,+1
31,Vaughn Taylor,"33' 7""",33.583,1,E
32,Brian Gay,"34' 1""",34.083,1,E
33,Chez Reavie,"36' 2""",72.333,2,E
34,Joaquin Niemann,"36' 6""",182.583,5,-1
35,Michael Kim,"37' 2""",37.167,1,E
36,Lanto Griffin,"38' 11""",77.833,2,-1
37,Sungjae Im,"44' 2""",44.167,1,+1
38,Harry Higgs,"55' 0""",110.000,2,+2
39,Adam Scott,"57' 9""",57.750,1,E
40,Sepp Straka,"58' 10""",58.833,1,-1
