rank,player,Avg,Total Distance (feet),# of Attempts,Relative to par
1,Kramer Hickok,"11' 11""",11.917,1,E
2,Cameron Smith,"12' 9""",12.750,1,-1
3,Brian Gay,"19' 3""",19.250,1,E
4,Daniel Berger,"21' 8""",21.667,1,-1
5,Sungjae Im,"26' 10""",26.833,1,-1
6,Keith Mitchell,"29' 6""",29.500,1,-1
7,Cam Davis,"31' 0""",62.000,2,-2
8,Chris Kirk,"31' 7""",31.583,1,E
9,Kevin Na,"34' 5""",103.333,3,-2
10,Russell Henley,"35' 8""",71.250,2,-1
11,Hudson Swafford,"38' 10""",38.833,1,E
12,Jason Kokrak,"39' 0""",39.000,1,-1
13,Anirban Lahiri,"40' 1""",160.333,4,E
14,K.H. Lee,"40' 8""",40.667,1,E
15,Chez Reavie,"41' 6""",82.917,2,E
16,Si Woo Kim,"42' 7""",170.250,4,-5
17,Aaron Baddeley,"43' 3""",43.250,1,-1
18,Ryan Palmer,"45' 0""",180.000,4,-3
19,Harry Higgs,"45' 5""",45.417,1,-1
20,Jamie Lovemark,"47' 6""",237.417,5,+3
21,Adam Scott,"47' 8""",95.250,2,+1
22,K.J. Choi,"48' 5""",96.833,2,-1
23,Zach Johnson,"48' 6""",96.917,2,E
24,Michael Thompson,"49' 5""",148.250,3,E
25,Pat Perez,"50' 1""",50.083,1,E
26,Nick Taylor,"51' 1""",102.083,2,-1
27,Sepp Straka,"51' 3""",51.250,1,E
28,Charley Hoffman,"51' 8""",206.667,4,-2
29,Sebastián Muñoz,"51' 10""",207.333,4,-1
30,Mark Hubbard,"52' 0""",155.917,3,+1
31,Scott Brown,"52' 7""",105.083,2,-2
32,Patton Kizzire,"56' 1""",336.583,6,-4
33,Satoshi Kodaira,"59' 4""",118.667,2,+1
34,Peter Malnati,"59' 5""",297.083,5,-1
35,Nick Hardy,"59' 7""",119.167,2,-1
36,Michael Kim,"60' 6""",181.417,3,-1
36,Robert Streb,"60' 6""",120.917,2,E
38,Wesley Bryan,"61' 2""",183.417,3,-1
39,Brice Garnett,"61' 11""",123.750,2,E
40,Brian Harman,"64' 8""",194.083,3,+2
40,Brendon Todd,"64' 8""",64.667,1,E
42,Jerry Kelly,"65' 2""",130.250,2,-1
43,Kevin Kisner,"66' 1""",132.167,2,+1
44,Harris English,"66' 8""",266.583,4,E
45,Ryosuke Kinoshita,"68' 2""",272.750,4,E
46,Emiliano Grillo,"68' 8""",137.250,2,E
47,Lanto Griffin,"68' 10""",68.833,1,E
48,Mike Weir,"73' 4""",146.667,2,+1
49,Hideki Matsuyama,"74' 1""",148.167,2,+1
50,Troy Merritt,"74' 8""",149.333,2,E
51,Robby Shelton,"75' 1""",300.167,4,+1
52,Marc Leishman,"76' 0""",151.917,2,-1
53,Jim Furyk,"78' 8""",157.250,2,E
54,Stewart Cink,"80' 8""",80.667,1,+1
55,Charles Howell III,"80' 10""",242.417,3,-1
56,Mackenzie Hughes,"84' 11""",254.667,3,-1
57,Brendan Steele,"85' 3""",170.417,2,+1
58,Austin Cook,"87' 3""",87.250,1,E
59,Chris Baker,"96' 1""",96.083,1,+1
60,Sergio Garcia,"98' 1""",98.083,1,E
61,Jim Herman,"98' 9""",98.750,1,+1
62,Webb Simpson,"104' 1""",104.083,1,E
63,Matt Jones,"105' 6""",105.500,1,E
64,Billy Horschel,"109' 10""",109.833,1,E
65,James Hahn,"153' 11""",153.917,1,E
