rank,player,Avg,Total Distance (feet),# of Attempts,Relative to par
1,Peter Malnati,"1' 5""",1.417,1,-1
2,Nick Taylor,"5' 6""",5.500,1,-1
3,Hideki Matsuyama,"5' 9""",11.417,2,-1
4,K.J. Choi,"5' 10""",5.833,1,+1
5,Harry Higgs,"12' 4""",12.333,1,E
6,Billy Horschel,"12' 9""",12.750,1,E
7,Michael Kim,"12' 10""",12.833,1,E
8,Robby Shelton,"13' 7""",13.583,1,E
9,Chris Kirk,"16' 4""",16.333,1,E
10,Cameron Smith,"16' 7""",49.750,3,E
11,Sergio Garcia,"16' 11""",50.750,3,-2
12,Charles Howell III,"18' 2""",18.167,1,E
13,Jamie Lovemark,"18' 3""",54.667,3,E
14,Hudson Swafford,"19' 8""",39.333,2,E
15,Sebastián Muñoz,"23' 0""",23.000,1,E
16,Cam Davis,"23' 3""",23.250,1,E
17,Jim Herman,"23' 5""",23.417,1,-1
18,Charley Hoffman,"24' 1""",72.167,3,+1
19,Nelson Ledesma,"24' 8""",123.250,5,-2
20,K.H. Lee,"25' 2""",100.500,4,+1
21,Si Woo Kim,"28' 4""",56.583,2,-1
22,Robert Streb,"29' 11""",59.750,2,E
23,Scott Brown,"31' 4""",62.667,2,E
23,Zach Johnson,"31' 4""",62.583,2,-1
25,Anirban Lahiri,"31' 8""",126.750,4,+1
26,Sepp Straka,"31' 9""",31.750,1,E
27,Patton Kizzire,"32' 8""",65.333,2,-1
28,Wesley Bryan,"33' 1""",99.167,3,-1
29,Austin Cook,"34' 3""",34.250,1,E
30,Carlos Ortiz,"34' 8""",104.083,3,E
31,Mackenzie Hughes,"35' 6""",70.917,2,-1
32,Aaron Baddeley,"35' 11""",35.917,1,E
33,Pat Perez,"36' 0""",36.000,1,-1
34,Joaquin Niemann,"37' 1""",37.083,1,E
35,Jerry Kelly,"38' 11""",77.833,2,E
36,Martin Trainer,"39' 5""",78.833,2,E
37,Keith Mitchell,"41' 7""",83.167,2,+1
38,Troy Merritt,"42' 9""",128.333,3,E
39,Collin Morikawa,"43' 0""",43.000,1,+1
40,Russell Henley,"43' 7""",174.333,4,-1
41,Kevin Kisner,"45' 3""",45.250,1,E
42,Jason Kokrak,"48' 5""",96.833,2,+1
43,Lanto Griffin,"48' 7""",145.667,3,+1
44,Stewart Cink,"51' 0""",152.917,3,-1
45,Kevin Na,"51' 10""",51.833,1,E
46,Ryan Palmer,"53' 1""",159.250,3,+1
47,Harris English,"61' 11""",123.833,2,E
48,Vaughn Taylor,"64' 8""",64.667,1,E
