rank,player,Avg,Total Distance (feet),# of Attempts,Relative to par
1,K.J. Choi,"3' 2""",3.167,1,-1
2,Kevin Kisner,"3' 4""",3.333,1,+1
3,James Hahn,"3' 7""",3.583,1,E
4,Austin Cook,"3' 10""",3.833,1,E
5,Zach Johnson,"4' 6""",4.500,1,E
6,Marc Leishman,"8' 3""",16.417,2,-2
7,Sebastián Muñoz,"8' 6""",8.500,1,-1
8,Matt Jones,"8' 7""",8.583,1,E
9,Scott Brown,"10' 0""",10.000,1,E
10,Chris Baker,"10' 9""",10.750,1,E
10,Keith Mitchell,"10' 9""",10.750,1,E
12,Si Woo Kim,"15' 7""",15.583,1,E
13,Robert Streb,"15' 11""",31.750,2,-1
14,Hideki Matsuyama,"16' 1""",32.083,2,E
15,Emiliano Grillo,"16' 4""",16.333,1,E
16,Collin Morikawa,"16' 9""",16.750,1,+2
17,Mackenzie Hughes,"18' 3""",18.250,1,+1
18,K.H. Lee,"18' 8""",18.667,1,E
19,Brian Harman,"18' 11""",56.667,3,+2
20,Jamie Lovemark,"19' 2""",57.500,3,E
21,Mark Hubbard,"19' 8""",19.667,1,-1
22,Stewart Cink,"19' 11""",59.833,3,-1
23,Brendon Todd,"20' 0""",39.917,2,-1
24,Chris Kirk,"20' 7""",41.167,2,E
25,Nick Hardy,"21' 0""",42.000,2,+1
26,Ryan Armour,"21' 8""",21.667,1,+2
27,Michael Thompson,"21' 9""",21.750,1,-1
28,Wesley Bryan,"21' 10""",43.667,2,+1
29,Cameron Smith,"22' 0""",66.083,3,E
30,Robby Shelton,"22' 11""",91.667,4,-2
31,Charley Hoffman,"23' 4""",46.583,2,-1
32,Satoshi Kodaira,"23' 8""",47.250,2,+2
33,Vaughn Taylor,"24' 2""",48.250,2,+2
34,Chez Reavie,"25' 9""",77.333,3,+1
35,Brian Stuard,"26' 9""",26.750,1,E
36,Cam Davis,"28' 6""",57.000,2,E
36,Sungjae Im,"28' 6""",56.917,2,+1
38,Mike Weir,"29' 11""",29.917,1,E
39,Billy Horschel,"30' 0""",30.000,1,E
40,Patton Kizzire,"30' 1""",90.167,3,-1
41,Martin Trainer,"33' 3""",99.833,3,+1
42,Brian Gay,"34' 1""",34.083,1,E
43,Nelson Ledesma,"35' 4""",35.333,1,E
44,Joaquin Niemann,"36' 6""",182.583,5,-1
45,Michael Kim,"37' 2""",37.167,1,E
46,Daniel Berger,"37' 9""",37.750,1,E
47,Lanto Griffin,"38' 11""",77.833,2,-1
48,Sergio Garcia,"39' 0""",39.000,1,E
49,Jason Kokrak,"47' 1""",47.083,1,E
50,Adam Scott,"57' 9""",57.750,1,E
51,Sepp Straka,"58' 10""",58.833,1,-1
52,Jerry Kelly,"59' 3""",118.500,2,+2
53,Harry Higgs,"60' 3""",180.750,3,+3
54,Kramer Hickok,"68' 9""",68.750,1,E
