rank,player,Avg,Total Distance (feet),# of Attempts,Relative to par
1,Scott Brown,"10' 11""",10.917,1,E
2,K.J. Choi,"18' 1""",18.083,1,E
3,Harris English,"22' 2""",22.167,1,-1
4,Emiliano Grillo,"24' 1""",24.083,1,E
5,Lanto Griffin,"30' 5""",30.417,1,-1
6,Sebastián Muñoz,"33' 7""",33.583,1,+1
7,Kevin Na,"35' 2""",70.250,2,-2
8,Sungjae Im,"38' 3""",38.250,1,E
9,Brian Harman,"41' 10""",41.833,1,-1
10,Daniel Berger,"42' 7""",42.583,1,E
11,Vaughn Taylor,"43' 3""",86.500,2,E
12,Brice Garnett,"44' 1""",88.083,2,-1
13,Russell Henley,"44' 5""",44.417,1,-1
14,Charles Howell III,"44' 8""",44.667,1,-1
15,Nelson Ledesma,"45' 2""",45.167,1,-1
16,Satoshi Kodaira,"47' 9""",47.750,1,-1
17,Carlos Ortiz,"48' 7""",48.583,1,E
18,Mike Weir,"50' 8""",151.917,3,+1
19,Aaron Baddeley,"53' 2""",319.167,6,-1
20,Sepp Straka,"53' 4""",106.583,2,E
21,Hudson Swafford,"53' 11""",107.750,2,-2
22,Pat Perez,"54' 9""",109.500,2,-1
23,Jerry Kelly,"58' 1""",174.167,3,E
24,Chez Reavie,"66' 9""",66.750,1,E
25,Chris Baker,"66' 10""",66.833,1,E
26,Robby Shelton,"69' 4""",69.333,1,E
27,Zach Johnson,"69' 5""",277.500,4,+2
28,Sergio Garcia,"70' 11""",70.917,1,E
29,Troy Merritt,"71' 5""",142.833,2,E
30,Jason Kokrak,"72' 8""",72.667,1,-1
31,Mackenzie Hughes,"72' 10""",145.667,2,E
32,Brendan Steele,"75' 4""",150.583,2,-1
33,Wesley Bryan,"76' 10""",76.833,1,-1
34,Michael Thompson,"77' 0""",77.000,1,E
35,Charley Hoffman,"79' 5""",79.417,1,E
36,Kramer Hickok,"80' 8""",80.667,1,E
37,Chris Kirk,"83' 0""",166.000,2,-1
38,Stewart Cink,"85' 4""",85.333,1,-1
39,Mark Hubbard,"86' 3""",86.250,1,-2
40,Collin Morikawa,"86' 9""",86.750,1,-1
41,Robert Streb,"88' 0""",88.000,1,E
42,Peter Malnati,"88' 4""",176.583,2,E
43,Billy Horschel,"90' 4""",90.333,1,E
44,Anirban Lahiri,"94' 2""",94.167,1,E
45,Si Woo Kim,"100' 5""",100.417,1,-1
46,K.H. Lee,"100' 9""",201.417,2,E
47,Jamie Lovemark,"101' 6""",101.500,1,E
48,Michael Kim,"113' 3""",226.417,2,+1
49,Jim Herman,"115' 4""",115.333,1,E
50,Austin Cook,"118' 6""",118.500,1,E
51,Nick Taylor,"119' 5""",119.417,1,+1
52,Ryan Palmer,"137' 0""",137.000,1,E
