rank,player,Avg,Total Distance (feet),# of Attempts,Relative to par
1,Peter Malnati,"1' 5""",1.417,1,-1
2,K.J. Choi,"4' 6""",9.000,2,E
3,Nick Taylor,"5' 6""",5.500,1,-1
4,Marc Leishman,"8' 3""",16.417,2,-2
5,Matt Jones,"8' 7""",8.583,1,E
6,Chris Baker,"10' 9""",10.750,1,E
7,Hideki Matsuyama,"10' 11""",43.500,4,-1
8,Sebastián Muñoz,"15' 9""",31.500,2,-1
9,Emiliano Grillo,"16' 4""",16.333,1,E
10,Charles Howell III,"18' 2""",18.167,1,E
11,Jamie Lovemark,"18' 8""",112.167,6,E
12,Austin Cook,"19' 1""",38.083,2,E
13,Chris Kirk,"19' 2""",57.500,3,E
14,Cameron Smith,"19' 4""",115.833,6,E
15,Mark Hubbard,"19' 8""",19.667,1,-1
15,Hudson Swafford,"19' 8""",39.333,2,E
17,Brendon Todd,"20' 0""",39.917,2,-1
18,Nick Hardy,"21' 0""",42.000,2,+1
19,Robby Shelton,"21' 1""",105.250,5,-2
20,Billy Horschel,"21' 5""",42.750,2,E
21,Ryan Armour,"21' 8""",21.667,1,+2
22,Michael Thompson,"21' 9""",21.750,1,-1
23,Zach Johnson,"22' 4""",67.083,3,-1
24,Sergio Garcia,"22' 5""",89.750,4,-2
25,Robert Streb,"22' 11""",91.500,4,-1
26,Brian Harman,"23' 5""",46.750,2,+1
26,Jim Herman,"23' 5""",23.417,1,-1
28,Satoshi Kodaira,"23' 8""",47.250,2,+2
29,Charley Hoffman,"23' 9""",118.750,5,E
30,K.H. Lee,"23' 10""",119.167,5,+1
31,Si Woo Kim,"24' 1""",72.167,3,-1
32,Scott Brown,"24' 3""",72.667,3,E
33,Kevin Kisner,"24' 4""",48.583,2,+1
34,Michael Kim,"25' 0""",50.000,2,E
35,Chez Reavie,"25' 9""",77.333,3,+1
36,Nelson Ledesma,"26' 5""",158.583,6,-2
37,Cam Davis,"26' 9""",80.250,3,E
37,Brian Stuard,"26' 9""",26.750,1,E
39,Sungjae Im,"28' 6""",56.917,2,+1
40,Wesley Bryan,"28' 7""",142.833,5,E
41,Mackenzie Hughes,"29' 9""",89.167,3,E
42,Collin Morikawa,"29' 11""",59.750,2,+3
42,Mike Weir,"29' 11""",29.917,1,E
44,Patton Kizzire,"31' 1""",155.500,5,-2
45,Keith Mitchell,"31' 4""",93.917,3,+1
46,Anirban Lahiri,"31' 8""",126.750,4,+1
47,Brian Gay,"34' 1""",34.083,1,E
48,Carlos Ortiz,"34' 8""",104.083,3,E
49,Stewart Cink,"35' 6""",212.750,6,-2
50,Martin Trainer,"35' 9""",178.667,5,+1
51,Aaron Baddeley,"35' 11""",35.917,1,E
52,Pat Perez,"36' 0""",36.000,1,-1
53,Joaquin Niemann,"36' 7""",219.667,6,-1
54,Vaughn Taylor,"37' 8""",112.917,3,+2
55,Troy Merritt,"42' 9""",128.333,3,E
56,Russell Henley,"43' 7""",174.333,4,-1
57,Lanto Griffin,"44' 8""",223.500,5,E
58,Sepp Straka,"45' 4""",90.583,2,-1
59,Harry Higgs,"48' 3""",193.083,4,+3
60,Jason Kokrak,"48' 5""",96.833,2,+1
61,Jerry Kelly,"49' 1""",196.333,4,+2
62,Kevin Na,"51' 10""",51.833,1,E
63,Ryan Palmer,"53' 1""",159.250,3,+1
64,Adam Scott,"57' 9""",57.750,1,E
65,Harris English,"61' 11""",123.833,2,E
66,Kramer Hickok,"68' 9""",68.750,1,E
