rank,player,Avg,Total Distance (feet),# of Attempts,Relative to par
1,Kevin Kisner,"3' 4""",3.333,1,+1
2,Austin Cook,"3' 10""",3.833,1,E
3,Chez Reavie,"5' 0""",5.000,1,+1
4,Marc Leishman,"8' 5""",8.417,1,-1
5,Matt Jones,"8' 7""",8.583,1,E
6,Stewart Cink,"10' 2""",10.167,1,E
7,Chris Baker,"10' 9""",10.750,1,E
7,Keith Mitchell,"10' 9""",10.750,1,E
9,Sungjae Im,"12' 9""",12.750,1,E
10,Cameron Smith,"13' 4""",13.333,1,E
11,Vaughn Taylor,"14' 8""",14.667,1,+2
12,Si Woo Kim,"15' 7""",15.583,1,E
13,Jamie Lovemark,"16' 5""",16.417,1,E
14,Brendon Todd,"20' 0""",39.917,2,-1
15,Nick Hardy,"21' 0""",42.000,2,+1
16,Satoshi Kodaira,"31' 4""",31.333,1,+2
17,Nelson Ledesma,"35' 4""",35.333,1,E
18,Sergio Garcia,"39' 0""",39.000,1,E
19,Kramer Hickok,"68' 9""",68.750,1,E
20,Harry Higgs,"70' 9""",70.750,1,+1
21,Jerry Kelly,"85' 9""",85.750,1,+1
