rank,player,Avg RTP,Total Holes,Total RTP
1,Shigeki Maruyama,+.200,5,+1.00
2,Jonathan Byrd,+.250,4,+1.00
3,Harrison Frazar,+.333,3,+1.00
4,Woody Austin,+.400,5,+2.00
4,Duffy Waldorf,+.400,5,+2.00
6,Craig Barlow,+.429,7,+3.00
6,Carlos Franco,+.429,7,+3.00
6,Brad Lardon,+.429,7,+3.00
9,Stephen Ames,+.500,4,+2.00
9,Ben Crane,+.500,2,+1.00
9,Retief Goosen,+.500,2,+1.00
9,Charles Howell III,+.500,4,+2.00
9,Frank Lickliter II,+.500,6,+3.00
9,Davis Love III,+.500,2,+1.00
9,Jesper Parnevik,+.500,8,+4.00
9,Ted Purdy,+.500,2,+1.00
17,Arjun Atwal,+.571,7,+4.00
17,Danny Briggs,+.571,7,+4.00
17,Hideto Tanihara,+.571,7,+4.00
20,Tom Carter,+.625,8,+5.00
21,Steve Allan,+.667,6,+4.00
21,Tommy Armour III,+.667,3,+2.00
21,Aaron Baddeley,+.667,6,+4.00
21,John Huston,+.667,6,+4.00
21,Peter Jacobsen,+.667,3,+2.00
21,Jerry Kelly,+.667,3,+2.00
21,Ryan Palmer,+.667,6,+4.00
21,John Riegger,+.667,3,+2.00
21,Hidemichi Tanaka,+.667,9,+6.00
30,Tom Lehman,+.714,7,+5.00
30,Tjaart van der Walt,+.714,7,+5.00
32,Pat Bates,+.750,4,+3.00
32,Jeff Brehaut,+.750,4,+3.00
32,Fred Funk,+.750,4,+3.00
32,David Ishii,+.750,4,+3.00
32,Bobby Kalinowski,+.750,4,+3.00
32,Shaun Micheel,+.750,4,+3.00
32,Scott Simpson,+.750,8,+6.00
32,Bo Van Pelt,+.750,8,+6.00
40,Michael Allen,+.800,5,+4.00
40,Briny Baird,+.800,5,+4.00
40,Russ Cochran,+.800,5,+4.00
40,Jason Dufner,+.800,5,+4.00
40,Brian Gay,+.800,5,+4.00
40,Mark Hensby,+.800,5,+4.00
40,Tim Herron,+.800,5,+4.00
40,Rod Pampling,+.800,5,+4.00
40,Brenden Pappas,+.800,5,+4.00
40,Corey Pavin,+.800,5,+4.00
40,John Senden,+.800,5,+4.00
40,Heath Slocum,+.800,5,+4.00
52,John Maginnes,+.833,6,+5.00
52,Kevin Na,+.833,6,+5.00
54,Bob Burns,+.857,7,+6.00
54,Joe Ogilvie,+.857,7,+6.00
56,Lucas Glover,+.900,10,+9.00
57,Craig Bowden,+1.000,1,+1.00
57,D.J. Brigman,+1.000,4,+4.00
57,Olin Browne,+1.000,4,+4.00
57,Bart Bryant,+1.000,4,+4.00
57,Luke Donald,+1.000,3,+3.00
57,Ken Duke,+1.000,6,+6.00
57,Ernie Els,+1.000,1,+1.00
57,Richard Johnson,+1.000,5,+5.00
57,Kenichi Kuboya,+1.000,5,+5.00
57,Pat Perez,+1.000,3,+3.00
57,Chris Riley,+1.000,6,+6.00
57,Loren Roberts,+1.000,10,+10.00
57,Omar Uresti,+1.000,3,+3.00
70,Todd Fischer,+1.200,5,+6.00
70,Vijay Singh,+1.200,5,+6.00
72,Robert Gamez,+1.250,8,+10.00
72,Jonathan Kaye,+1.250,8,+10.00
74,Brent Geiberger,+1.333,6,+8.00
75,Cameron Beckman,+1.400,5,+7.00
76,Paul Azinger,+1.500,2,+3.00
76,Joe Durant,+1.500,2,+3.00
78,Jason Bohn,+1.667,3,+5.00
79,Andre Stolz,+1.750,4,+7.00
