rank,player,Avg RTP,Total Holes,Total RTP
1,Mark Hensby,-.167,6,-1.00
2,Michael Allen,E,8,E
2,Brian Gay,E,9,E
2,Retief Goosen,E,12,E
2,John Huston,E,8,E
2,Davis Love III,E,14,E
2,Jesper Parnevik,E,7,E
8,Kenichi Kuboya,+.091,11,+1.00
9,Cameron Beckman,+.100,10,+1.00
10,Ernie Els,+.111,9,+1.00
10,Shaun Micheel,+.111,9,+1.00
10,Bo Van Pelt,+.111,9,+1.00
13,Paul Azinger,+.125,8,+1.00
13,Aaron Baddeley,+.125,8,+1.00
13,Peter Jacobsen,+.125,8,+1.00
16,Harrison Frazar,+.143,7,+1.00
16,John Riegger,+.143,7,+1.00
18,Craig Bowden,+.182,11,+2.00
18,Rod Pampling,+.182,11,+2.00
18,Tjaart van der Walt,+.182,11,+2.00
21,D.J. Brigman,+.200,5,+1.00
21,Carlos Franco,+.200,5,+1.00
21,Jerry Kelly,+.200,5,+1.00
21,Joe Ogilvie,+.200,10,+2.00
21,Ryan Palmer,+.200,10,+2.00
26,Steve Allan,+.222,9,+2.00
26,Jason Dufner,+.222,9,+2.00
26,Frank Lickliter II,+.222,9,+2.00
26,Chris Riley,+.222,9,+2.00
30,Jonathan Byrd,+.231,13,+3.00
31,Tommy Armour III,+.250,12,+3.00
31,Jeff Brehaut,+.250,12,+3.00
31,Bob Burns,+.250,12,+3.00
31,Bobby Kalinowski,+.250,16,+4.00
31,Jonathan Kaye,+.250,8,+2.00
36,Luke Donald,+.273,11,+3.00
37,Charles Howell III,+.286,7,+2.00
38,Brent Geiberger,+.300,10,+3.00
38,Pat Perez,+.300,10,+3.00
38,Hideto Tanihara,+.300,10,+3.00
41,Ben Crane,+.308,13,+4.00
41,Todd Fischer,+.308,13,+4.00
41,Scott Simpson,+.308,13,+4.00
44,Joe Durant,+.333,6,+2.00
44,Brenden Pappas,+.333,12,+4.00
44,Corey Pavin,+.333,6,+2.00
44,Loren Roberts,+.333,9,+3.00
44,Andre Stolz,+.333,12,+4.00
49,Jason Bohn,+.364,11,+4.00
49,Shigeki Maruyama,+.364,11,+4.00
49,Heath Slocum,+.364,11,+4.00
52,Stephen Ames,+.375,8,+3.00
52,Woody Austin,+.375,8,+3.00
54,John Senden,+.400,5,+2.00
55,Briny Baird,+.429,7,+3.00
55,Brad Lardon,+.429,7,+3.00
57,Pat Bates,+.444,9,+4.00
57,Robert Gamez,+.444,9,+4.00
57,Duffy Waldorf,+.444,9,+4.00
60,David Ishii,+.455,11,+5.00
60,John Maginnes,+.455,11,+5.00
62,Danny Briggs,+.500,2,+1.00
62,Bart Bryant,+.500,10,+5.00
62,Tom Carter,+.500,14,+7.00
62,Russ Cochran,+.500,8,+4.00
62,Fred Funk,+.500,8,+4.00
62,Tim Herron,+.500,10,+5.00
62,Richard Johnson,+.500,10,+5.00
62,Tom Lehman,+.500,6,+3.00
62,Ted Purdy,+.500,8,+4.00
62,Hidemichi Tanaka,+.500,8,+4.00
62,Omar Uresti,+.500,8,+4.00
73,Ken Duke,+.556,9,+5.00
74,Craig Barlow,+.625,8,+5.00
74,Olin Browne,+.625,8,+5.00
74,Lucas Glover,+.625,8,+5.00
77,Kevin Na,+.667,6,+4.00
78,Arjun Atwal,+.700,10,+7.00
79,Vijay Singh,+.778,9,+7.00
