rank,player,Avg RTP,Total Holes,Total RTP
1,Craig Barlow,E,3,E
1,Jeff Brehaut,E,3,E
1,Ken Duke,E,2,E
1,Joe Durant,E,2,E
1,Ernie Els,E,3,E
1,Tim Herron,E,2,E
1,Jerry Kelly,E,2,E
1,Frank Lickliter II,E,2,E
1,Shigeki Maruyama,E,1,E
1,Rod Pampling,E,5,E
1,Vijay Singh,E,1,E
1,Omar Uresti,E,6,E
1,Bo Van Pelt,E,3,E
14,Peter Jacobsen,+.167,6,+1.00
14,Scott Simpson,+.167,6,+1.00
16,Shaun Micheel,+.200,5,+1.00
16,Corey Pavin,+.200,5,+1.00
16,Chris Riley,+.200,5,+1.00
19,Cameron Beckman,+.222,9,+2.00
20,Bart Bryant,+.250,4,+1.00
20,Charles Howell III,+.250,4,+1.00
20,David Ishii,+.250,4,+1.00
23,Steve Allan,+.333,6,+2.00
23,Aaron Baddeley,+.333,3,+1.00
23,Briny Baird,+.333,6,+2.00
23,Bob Burns,+.333,3,+1.00
23,Jonathan Byrd,+.333,3,+1.00
23,Robert Gamez,+.333,3,+1.00
23,Brent Geiberger,+.333,3,+1.00
23,Retief Goosen,+.333,3,+1.00
23,John Huston,+.333,3,+1.00
23,Brad Lardon,+.333,3,+1.00
23,John Riegger,+.333,6,+2.00
34,Tom Carter,+.375,8,+3.00
34,Loren Roberts,+.375,8,+3.00
36,Jason Bohn,+.400,5,+2.00
36,Ryan Palmer,+.400,5,+2.00
36,Tjaart van der Walt,+.400,5,+2.00
39,Richard Johnson,+.429,7,+3.00
40,Paul Azinger,+.444,9,+4.00
41,Craig Bowden,+.500,4,+2.00
41,Ben Crane,+.500,2,+1.00
41,Luke Donald,+.500,2,+1.00
41,Todd Fischer,+.500,6,+3.00
41,Brian Gay,+.500,4,+2.00
41,Mark Hensby,+.500,6,+3.00
41,Kevin Na,+.500,4,+2.00
41,Joe Ogilvie,+.500,4,+2.00
41,Brenden Pappas,+.500,2,+1.00
41,Jesper Parnevik,+.500,4,+2.00
41,John Senden,+.500,4,+2.00
41,Andre Stolz,+.500,2,+1.00
53,D.J. Brigman,+.556,9,+5.00
54,Bobby Kalinowski,+.571,7,+4.00
55,Russ Cochran,+.600,5,+3.00
55,Pat Perez,+.600,5,+3.00
57,Woody Austin,+.667,3,+2.00
57,Pat Bates,+.667,3,+2.00
57,Carlos Franco,+.667,3,+2.00
57,Harrison Frazar,+.667,3,+2.00
57,Ted Purdy,+.667,3,+2.00
57,Hidemichi Tanaka,+.667,3,+2.00
57,Hideto Tanihara,+.667,6,+4.00
64,Danny Briggs,+.750,4,+3.00
65,Tom Lehman,+.833,6,+5.00
65,Duffy Waldorf,+.833,6,+5.00
67,Tommy Armour III,+1.000,4,+4.00
67,Arjun Atwal,+1.000,2,+2.00
67,Olin Browne,+1.000,5,+5.00
67,Jason Dufner,+1.000,2,+2.00
67,Fred Funk,+1.000,1,+1.00
67,Lucas Glover,+1.000,2,+2.00
67,Jonathan Kaye,+1.000,3,+3.00
67,Kenichi Kuboya,+1.000,2,+2.00
67,Davis Love III,+1.000,2,+2.00
67,Heath Slocum,+1.000,3,+3.00
