rank,player,Avg RTP,Total Holes,Total RTP
1,Paul Azinger,-.111,9,-1.00
2,Russ Cochran,E,5,E
2,Frank Lickliter II,E,6,E
2,Corey Pavin,E,5,E
5,Woody Austin,+.100,10,+1.00
6,Jerry Kelly,+.111,9,+1.00
7,Ernie Els,+.125,8,+1.00
8,Charles Howell III,+.143,7,+1.00
9,Shaun Micheel,+.154,13,+2.00
10,Michael Allen,+.167,6,+1.00
10,Retief Goosen,+.167,12,+2.00
12,Harrison Frazar,+.231,13,+3.00
13,Tommy Armour III,+.250,4,+1.00
13,Brian Gay,+.250,8,+2.00
13,Davis Love III,+.250,12,+3.00
13,John Riegger,+.250,8,+2.00
13,Duffy Waldorf,+.250,8,+2.00
18,Brenden Pappas,+.267,15,+4.00
19,Craig Bowden,+.286,7,+2.00
19,Peter Jacobsen,+.286,7,+2.00
21,Jonathan Byrd,+.300,10,+3.00
21,Hidemichi Tanaka,+.300,10,+3.00
23,David Ishii,+.308,13,+4.00
24,Steve Allan,+.333,15,+5.00
24,Danny Briggs,+.333,9,+3.00
24,Ben Crane,+.333,9,+3.00
24,Joe Durant,+.333,6,+2.00
24,Fred Funk,+.333,3,+1.00
24,Brad Lardon,+.333,6,+2.00
30,Ryan Palmer,+.357,14,+5.00
31,Jeff Brehaut,+.364,11,+4.00
31,Shigeki Maruyama,+.364,11,+4.00
31,Rod Pampling,+.364,11,+4.00
31,Jesper Parnevik,+.364,11,+4.00
35,Aaron Baddeley,+.375,8,+3.00
36,Pat Bates,+.400,5,+2.00
36,Chris Riley,+.400,10,+4.00
36,Tjaart van der Walt,+.400,10,+4.00
39,Pat Perez,+.429,7,+3.00
39,Ted Purdy,+.429,14,+6.00
39,Bo Van Pelt,+.429,7,+3.00
42,Scott Simpson,+.444,9,+4.00
42,Omar Uresti,+.444,9,+4.00
44,Carlos Franco,+.455,11,+5.00
45,Todd Fischer,+.462,13,+6.00
46,Arjun Atwal,+.500,10,+5.00
46,Bart Bryant,+.500,6,+3.00
46,Bob Burns,+.500,12,+6.00
46,Jason Dufner,+.500,8,+4.00
46,Vijay Singh,+.500,12,+6.00
46,Hideto Tanihara,+.500,14,+7.00
52,Loren Roberts,+.538,13,+7.00
53,Briny Baird,+.556,9,+5.00
53,Joe Ogilvie,+.556,9,+5.00
55,Stephen Ames,+.571,7,+4.00
55,Mark Hensby,+.571,14,+8.00
55,Richard Johnson,+.571,7,+4.00
58,Luke Donald,+.600,10,+6.00
58,Tim Herron,+.600,10,+6.00
60,Cameron Beckman,+.615,13,+8.00
61,D.J. Brigman,+.625,16,+10.00
61,Ken Duke,+.625,8,+5.00
61,Kenichi Kuboya,+.625,8,+5.00
64,Kevin Na,+.636,11,+7.00
65,Craig Barlow,+.667,9,+6.00
65,Jason Bohn,+.667,9,+6.00
65,Brent Geiberger,+.667,12,+8.00
65,Heath Slocum,+.667,6,+4.00
69,John Senden,+.714,7,+5.00
70,Bobby Kalinowski,+.727,11,+8.00
71,John Huston,+.750,4,+3.00
72,Tom Carter,+.769,13,+10.00
73,John Maginnes,+.778,9,+7.00
74,Olin Browne,+.800,10,+8.00
74,Tom Lehman,+.800,5,+4.00
76,Robert Gamez,+.846,13,+11.00
77,Lucas Glover,+.875,16,+14.00
78,Jonathan Kaye,+.889,9,+8.00
79,Andre Stolz,+1.143,7,+8.00
