rank,player,RTP Score
1,Tiger Woods,-.625
2,Vijay Singh,-.600
3,Kirk Triplett,-.500
4,Ben Crane,-.462
5,Kenny Perry,-.417
6,Stuart Appleby,-.400
7,Scott Hoch,-.364
8,Davis Love III,-.333
9,Bob Tway,-.300
10,John Huston,-.250
11,Darren Clarke,-.200
12,Justin Leonard,-.182
13,Ben Curtis,-.167
13,Adam Scott,-.167
15,Tommy Armour III,-.125
16,Steve Flesch,-.111
17,Craig Stadler,-.091
17,Mike Weir,-.091
19,Jim Furyk,E
19,Jonathan Kaye,E
19,J.L. Lewis,E
19,Rory Sabbatini,E
23,Shaun Micheel,+.167
24,Ernie Els,+.182
24,Peter Jacobsen,+.182
26,Retief Goosen,+.200
27,Frank Lickliter II,+.250
27,Shigeki Maruyama,+.250
29,Fred Couples,+.273
30,Chad Campbell,+.300
