rank,player,%,Total Right rough,Possible Fwys,Relative to par
1,Darren Clarke,3.33,2,60,E
2,Chad Campbell,5.00,3,60,-1.00
2,Justin Leonard,5.00,3,60,E
2,Craig Stadler,5.00,3,60,-0.33
5,Scott Hoch,6.67,4,60,-0.50
5,Peter Jacobsen,6.67,4,60,E
5,Mike Weir,6.67,4,60,-0.75
8,Ben Crane,8.33,5,60,E
8,Ben Curtis,8.33,5,60,E
8,Adam Scott,8.33,5,60,-0.20
11,Ernie Els,10.00,6,60,E
11,Steve Flesch,10.00,6,60,-0.17
11,John Huston,10.00,6,60,-0.33
11,Jonathan Kaye,10.00,6,60,-0.50
11,Frank Lickliter II,10.00,6,60,-0.17
11,Kenny Perry,10.00,6,60,+0.17
11,Vijay Singh,10.00,6,60,-0.50
11,Bob Tway,10.00,6,60,+0.67
19,Stuart Appleby,11.67,7,60,-0.43
19,Jim Furyk,11.67,7,60,-0.29
19,Retief Goosen,11.67,7,60,-0.29
19,J.L. Lewis,11.67,7,60,E
19,Davis Love III,11.67,7,60,-0.14
19,Shigeki Maruyama,11.67,7,60,-0.43
19,Shaun Micheel,11.67,7,60,-0.29
26,Tommy Armour III,13.33,8,60,E
26,Fred Couples,13.33,8,60,-0.13
26,Rory Sabbatini,13.33,8,60,+0.13
29,Kirk Triplett,15.00,9,60,+0.11
30,Tiger Woods,16.67,10,60,+0.10
