rank,player,%,# Hit,Total Attempts
1,Shigeki Maruyama,96.67,58,60
1,Kirk Triplett,96.67,58,60
1,Mike Weir,96.67,58,60
4,Jim Furyk,95.00,57,60
4,Scott Hoch,95.00,57,60
4,Justin Leonard,95.00,57,60
4,Shaun Micheel,95.00,57,60
4,Vijay Singh,95.00,57,60
9,Steve Flesch,93.33,56,60
9,Retief Goosen,93.33,56,60
9,Jonathan Kaye,93.33,56,60
9,Kenny Perry,93.33,56,60
13,Darren Clarke,91.67,55,60
13,Ben Crane,91.67,55,60
13,John Huston,91.67,55,60
13,J.L. Lewis,91.67,55,60
13,Adam Scott,91.67,55,60
13,Bob Tway,91.67,55,60
19,Stuart Appleby,90.00,54,60
19,Chad Campbell,90.00,54,60
19,Ben Curtis,90.00,54,60
19,Ernie Els,90.00,54,60
19,Peter Jacobsen,90.00,54,60
19,Davis Love III,90.00,54,60
19,Rory Sabbatini,90.00,54,60
19,Tiger Woods,90.00,54,60
27,Fred Couples,88.33,53,60
28,Tommy Armour III,86.67,52,60
28,Craig Stadler,86.67,52,60
30,Frank Lickliter II,85.00,51,60
