rank,player,%,Total Rough,Possible Fwys,Relative to par
1,Jim Furyk,18.33,11,60,-1.82
1,Vijay Singh,18.33,11,60,-5.45
1,Kirk Triplett,18.33,11,60,E
4,Stuart Appleby,20.00,12,60,-4.17
4,Darren Clarke,20.00,12,60,-1.67
4,Retief Goosen,20.00,12,60,-0.83
7,Chad Campbell,21.67,13,60,E
7,Jonathan Kaye,21.67,13,60,-2.31
7,Davis Love III,21.67,13,60,-2.31
7,Shaun Micheel,21.67,13,60,-0.77
11,John Huston,23.33,14,60,-2.86
11,Justin Leonard,23.33,14,60,-1.43
11,Frank Lickliter II,23.33,14,60,+0.71
11,Craig Stadler,23.33,14,60,-1.43
15,Steve Flesch,25.00,15,60,-1.33
15,Scott Hoch,25.00,15,60,-4.00
15,Peter Jacobsen,25.00,15,60,+1.33
15,Shigeki Maruyama,25.00,15,60,-0.67
15,Mike Weir,25.00,15,60,-2.67
20,Tommy Armour III,26.67,16,60,-0.63
20,Bob Tway,26.67,16,60,+0.63
22,Ben Curtis,28.33,17,60,-1.18
22,Ernie Els,28.33,17,60,+1.18
22,J.L. Lewis,28.33,17,60,E
22,Rory Sabbatini,28.33,17,60,+0.59
22,Adam Scott,28.33,17,60,-1.76
27,Ben Crane,30.00,18,60,-3.33
27,Kenny Perry,30.00,18,60,-2.22
27,Tiger Woods,30.00,18,60,-2.22
30,Fred Couples,31.67,19,60,+1.05
