rank,player,%,Fairways Hit,Possible Fairways,Relative to Par
1,Kirk Triplett,80.00,48,60,-0.35
2,Darren Clarke,78.33,47,60,-0.34
2,Jim Furyk,78.33,47,60,-0.17
2,Retief Goosen,78.33,47,60,-0.23
2,Vijay Singh,78.33,47,60,-0.40
6,Stuart Appleby,76.67,46,60,-0.41
6,Shaun Micheel,76.67,46,60,-0.17
8,Chad Campbell,75.00,45,60,-0.07
8,Jonathan Kaye,75.00,45,60,-0.13
8,Justin Leonard,75.00,45,60,-0.11
8,Davis Love III,75.00,45,60,-0.29
8,Shigeki Maruyama,75.00,45,60,-0.09
13,Craig Stadler,73.33,44,60,+0.05
13,Bob Tway,73.33,44,60,+0.05
15,John Huston,71.67,43,60,+0.09
15,Peter Jacobsen,71.67,43,60,-0.26
15,Frank Lickliter II,71.67,43,60,-0.12
15,Mike Weir,71.67,43,60,-0.02
19,Ben Crane,70.00,42,60,-0.14
19,Steve Flesch,70.00,42,60,-0.14
19,Scott Hoch,70.00,42,60,-0.26
19,Adam Scott,70.00,42,60,-0.29
23,J.L. Lewis,68.33,41,60,-0.17
23,Kenny Perry,68.33,41,60,E
23,Rory Sabbatini,68.33,41,60,-0.05
23,Tiger Woods,68.33,41,60,-0.32
27,Tommy Armour III,66.67,40,60,-0.05
27,Ernie Els,66.67,40,60,-0.18
29,Ben Curtis,63.33,38,60,+0.03
30,Fred Couples,61.67,37,60,-0.19
