rank,player,%,Total Fairway Bunkers,Possible Fwys,Relative to par
1,Tommy Armour III,.0,0,60,E
1,Darren Clarke,.0,0,60,E
1,Ben Crane,.0,0,60,E
1,Retief Goosen,.0,0,60,E
1,John Huston,.0,0,60,E
1,Jonathan Kaye,.0,0,60,E
1,Frank Lickliter II,.0,0,60,E
1,Davis Love III,.0,0,60,E
1,Shigeki Maruyama,.0,0,60,E
1,Shaun Micheel,.0,0,60,E
1,Kenny Perry,.0,0,60,E
1,Rory Sabbatini,.0,0,60,E
1,Kirk Triplett,.0,0,60,E
1,Bob Tway,.0,0,60,E
1,Tiger Woods,.0,0,60,E
16,Stuart Appleby,1.7,1,60,+1.000
16,Chad Campbell,1.7,1,60,E
16,Fred Couples,1.7,1,60,E
16,Jim Furyk,1.7,1,60,E
16,Peter Jacobsen,1.7,1,60,E
16,Justin Leonard,1.7,1,60,E
16,J.L. Lewis,1.7,1,60,E
16,Adam Scott,1.7,1,60,+1.000
16,Vijay Singh,1.7,1,60,+1.000
16,Craig Stadler,1.7,1,60,+1.000
16,Mike Weir,1.7,1,60,E
27,Ben Curtis,3.3,2,60,+0.500
27,Ernie Els,3.3,2,60,+0.500
27,Steve Flesch,3.3,2,60,+0.500
30,Scott Hoch,5.0,3,60,+0.333
