rank,player,RTP Score
1,Chad Campbell,-1.000
2,Mike Weir,-.750
3,Scott Hoch,-.500
3,Jonathan Kaye,-.500
3,Vijay Singh,-.500
6,Stuart Appleby,-.429
6,Shigeki Maruyama,-.429
8,John Huston,-.333
8,Craig Stadler,-.333
10,Jim Furyk,-.286
10,Retief Goosen,-.286
10,Shaun Micheel,-.286
13,Adam Scott,-.200
14,Steve Flesch,-.167
14,Frank Lickliter II,-.167
16,Davis Love III,-.143
17,Fred Couples,-.125
18,Tommy Armour III,E
18,Darren Clarke,E
18,Ben Crane,E
18,Ben Curtis,E
18,Ernie Els,E
18,Peter Jacobsen,E
18,Justin Leonard,E
18,J.L. Lewis,E
26,Tiger Woods,+.100
27,Kirk Triplett,+.111
28,Rory Sabbatini,+.125
29,Kenny Perry,+.167
30,Bob Tway,+.667
