rank,player,%,Total Missed,Total Fwys,Relative to par
1,Ben Crane,.00,0,60,E
1,Scott Hoch,.00,0,60,E
1,Justin Leonard,.00,0,60,E
1,Shigeki Maruyama,.00,0,60,E
1,Adam Scott,.00,0,60,E
1,Bob Tway,.00,0,60,E
7,Stuart Appleby,1.67,1,60,+1.00
7,Chad Campbell,1.67,1,60,E
7,Darren Clarke,1.67,1,60,+1.00
7,Ernie Els,1.67,1,60,E
7,Steve Flesch,1.67,1,60,+1.00
7,Jim Furyk,1.67,1,60,+1.00
7,Retief Goosen,1.67,1,60,E
7,Peter Jacobsen,1.67,1,60,+1.00
7,J.L. Lewis,1.67,1,60,+2.00
7,Shaun Micheel,1.67,1,60,E
7,Kenny Perry,1.67,1,60,-1.00
7,Vijay Singh,1.67,1,60,-1.00
7,Craig Stadler,1.67,1,60,E
7,Kirk Triplett,1.67,1,60,E
7,Mike Weir,1.67,1,60,E
7,Tiger Woods,1.67,1,60,+2.00
23,Jonathan Kaye,3.33,2,60,E
23,Davis Love III,3.33,2,60,+1.00
23,Rory Sabbatini,3.33,2,60,+0.50
26,Fred Couples,5.00,3,60,E
26,Ben Curtis,5.00,3,60,+1.00
26,John Huston,5.00,3,60,+0.33
26,Frank Lickliter II,5.00,3,60,+1.00
30,Tommy Armour III,6.67,4,60,-0.50
