rank,player,Value,Tourn/Course,Round
1,Rory Sabbatini,63,SBS Championshi,4
2,Lucas Glover,65,SBS Championshi,2
3,Geoff Ogilvy,66,SBS Championshi,2
3,John Rollins,66,SBS Championshi,2
3,Steve Stricker,66,SBS Championshi,4
3,Y.E. Yang,66,SBS Championshi,3
7,Retief Goosen,67,SBS Championshi,3
7,Nathan Green,67,SBS Championshi,1
7,Dustin Johnson,67,SBS Championshi,1
7,Matt Kuchar,67,SBS Championshi,4
7,Martin Laird,67,SBS Championshi,1
7,Sean O'Hair,67,SBS Championshi,2
7,Pat Perez,67,SBS Championshi,3
7,Kenny Perry,67,SBS Championshi,2
7,Nick Watney,67,SBS Championshi,1
16,Ángel Cabrera,68,SBS Championshi,2
16,Stewart Cink,68,SBS Championshi,1
16,Zach Johnson,68,SBS Championshi,4
16,Ryan Moore,68,SBS Championshi,3
20,Stephen Ames,69,SBS Championshi,2
20,Paul Casey,69,SBS Championshi,4
20,Jerry Kelly,69,SBS Championshi,1
23,Brian Gay,70,SBS Championshi,4
23,Troy Matteson,70,SBS Championshi,2
23,Bo Van Pelt,70,SBS Championshi,2
23,Mark Wilson,70,SBS Championshi,3
27,Michael Bradley,71,SBS Championshi,3
27,Heath Slocum,71,SBS Championshi,3
