rank,player,Stroke Differential,Player's Score,Field Average Score
1,Geoff Ogilvy,+2.38,67.50,69.88
2,Rory Sabbatini,+2.13,67.75,69.88
3,Matt Kuchar,+1.63,68.25,69.88
4,Martin Laird,+1.38,68.50,69.88
4,Sean O'Hair,+1.38,68.50,69.88
6,Retief Goosen,+1.13,68.75,69.88
6,Ryan Moore,+1.13,68.75,69.88
6,Kenny Perry,+1.13,68.75,69.88
9,Stewart Cink,+.88,69.00,69.88
10,Ángel Cabrera,+.63,69.25,69.88
10,Paul Casey,+.63,69.25,69.88
10,Pat Perez,+.63,69.25,69.88
10,Steve Stricker,+.63,69.25,69.88
14,Lucas Glover,+.38,69.50,69.88
14,John Rollins,+.38,69.50,69.88
16,Dustin Johnson,+.13,69.75,69.88
16,Nick Watney,+.13,69.75,69.88
18,Zach Johnson,-.12,70.00,69.88
19,Y.E. Yang,-.37,70.25,69.88
20,Stephen Ames,-.62,70.50,69.88
21,Brian Gay,-.87,70.75,69.88
22,Nathan Green,-1.62,71.50,69.88
23,Jerry Kelly,-1.87,71.75,69.88
23,Troy Matteson,-1.87,71.75,69.88
25,Michael Bradley,-2.12,72.00,69.88
25,Bo Van Pelt,-2.12,72.00,69.88
27,Heath Slocum,-2.62,72.50,69.88
27,Mark Wilson,-2.62,72.50,69.88
