rank,player,Avg,Total Strokes,Total Rounds
1,Lucas Glover,65.50,131,2
2,John Rollins,67.00,134,2
3,Matt Kuchar,67.50,135,2
3,Martin Laird,67.50,135,2
3,Sean O'Hair,67.50,135,2
3,Geoff Ogilvy,67.50,135,2
7,Ángel Cabrera,68.00,136,2
8,Stewart Cink,68.50,137,2
8,Nathan Green,68.50,137,2
8,Ryan Moore,68.50,137,2
8,Kenny Perry,68.50,137,2
12,Dustin Johnson,69.00,138,2
12,Rory Sabbatini,69.00,138,2
12,Nick Watney,69.00,138,2
15,Paul Casey,69.50,139,2
15,Retief Goosen,69.50,139,2
15,Jerry Kelly,69.50,139,2
18,Stephen Ames,70.00,140,2
19,Zach Johnson,70.50,141,2
19,Pat Perez,70.50,141,2
21,Bo Van Pelt,71.00,142,2
22,Brian Gay,71.50,143,2
22,Troy Matteson,71.50,143,2
22,Steve Stricker,71.50,143,2
25,Y.E. Yang,72.00,144,2
26,Michael Bradley,72.50,145,2
26,Mark Wilson,72.50,145,2
28,Heath Slocum,73.00,146,2
