rank,player,Combined Rank,Carry Efficiency Rank,Total Dist. Effic. Rank
1,Dustin Johnson,4,3,1
2,Ryan Moore,5,1,4
3,Justin Thomas,7,5,2
4,James Hahn,11,4,7
5,Jason Day,13,10,3
5,Bubba Watson,13,7,6
7,Jordan Spieth,14,9,5
8,Brian Stuard,15,8,7
9,Billy Hurley III,21,11,10
10,Vaughn Taylor,23,14,9
11,Brandt Snedeker,25,12,13
12,Cody Gribble,26,2,24
13,Tony Finau,27,15,12
14,Russell Knox,29,15,14
14,William McGirt,29,6,23
16,Charley Hoffman,35,18,17
17,Pat Perez,37,17,20
18,Si Woo Kim,40,13,27
19,Greg Chalmers,41,25,16
20,Fabián Gómez,42,23,19
21,Aaron Baddeley,43,28,15
21,Branden Grace,43,32,11
23,Jason Dufner,44,18,26
23,Mackenzie Hughes,44,22,22
25,Brendan Steele,45,24,21
25,Jimmy Walker,45,27,18
27,Hideki Matsuyama,49,21,28
27,Patrick Reed,49,20,29
29,Rod Pampling,54,29,25
30,Jim Herman,58,26,32
31,Jhonattan Vegas,60,30,30
32,Daniel Berger,62,31,31
