rank,player,Avg,Total Actual Hang Time,Total Attempts
1,Cody Gribble,7.1,28.4,4
2,Pat Perez,6.8,27.1,4
3,Billy Hurley III,6.7,26.9,4
4,James Hahn,6.6,26.3,4
4,Bubba Watson,6.6,26.3,4
6,Jason Dufner,6.5,25.8,4
6,Patrick Reed,6.5,19.5,3
8,Tony Finau,6.4,19.3,3
8,Dustin Johnson,6.4,25.5,4
8,Hideki Matsuyama,6.4,25.7,4
8,William McGirt,6.4,25.7,4
12,Mackenzie Hughes,6.3,25.3,4
12,Brandt Snedeker,6.3,25.2,4
12,Brendan Steele,6.3,25.0,4
15,Jason Day,6.2,24.9,4
15,Jim Herman,6.2,24.8,4
15,Brian Stuard,6.2,24.7,4
15,Justin Thomas,6.2,18.7,3
19,Fabián Gómez,6.1,18.4,3
19,Si Woo Kim,6.1,24.4,4
19,Russell Knox,6.1,24.6,4
19,Jordan Spieth,6.1,24.5,4
23,Charley Hoffman,6.0,24.0,4
24,Daniel Berger,5.9,23.6,4
24,Ryan Moore,5.9,17.8,3
26,Greg Chalmers,5.8,23.2,4
27,Vaughn Taylor,5.7,22.9,4
27,Jhonattan Vegas,5.7,22.7,4
29,Aaron Baddeley,5.6,22.3,4
30,Rod Pampling,5.4,21.7,4
31,Jimmy Walker,5.3,15.9,3
32,Branden Grace,5.1,20.2,4
