rank,player,Avg,Total Apex Range,Total Attempts
1,Dustin Johnson,206.0,824.0,4
2,Bubba Watson,204.1,816.4,4
3,Tony Finau,202.9,608.7,3
4,Brendan Steele,196.1,784.3,4
5,Justin Thomas,195.6,586.9,3
6,Patrick Reed,195.2,585.7,3
7,Cody Gribble,194.5,777.9,4
8,Jhonattan Vegas,193.2,773.0,4
9,Hideki Matsuyama,190.4,761.8,4
10,Si Woo Kim,188.9,755.8,4
11,Daniel Berger,187.9,751.4,4
11,Jim Herman,187.9,751.4,4
13,Jason Day,187.7,750.7,4
14,Charley Hoffman,185.4,741.5,4
15,James Hahn,185.1,740.2,4
16,Pat Perez,184.4,737.5,4
17,Jason Dufner,184.3,737.1,4
18,Mackenzie Hughes,184.2,736.9,4
19,Aaron Baddeley,183.4,733.7,4
20,Fabián Gómez,182.1,546.3,3
21,William McGirt,180.3,721.2,4
22,Jordan Spieth,180.0,720.2,4
23,Russell Knox,179.3,717.1,4
24,Brandt Snedeker,178.1,712.4,4
25,Rod Pampling,175.2,700.8,4
26,Brian Stuard,174.0,696.1,4
27,Billy Hurley III,173.3,693.1,4
28,Greg Chalmers,172.9,691.4,4
29,Branden Grace,172.8,691.1,4
30,Jimmy Walker,172.5,517.5,3
31,Ryan Moore,169.7,509.1,3
32,Vaughn Taylor,168.5,674.2,4
