rank,player,Avg,Total Spin Speed,Total Attempts
1,Daniel Berger,"3,436.7","10,310",3
2,Patrick Reed,"3,414.0","3,414",1
3,William McGirt,"3,151.0","3,151",1
4,Jim Herman,"3,110.8","12,443",4
5,Tony Finau,"3,029.0","9,087",3
6,Pat Perez,"2,920.0","8,760",3
7,Russell Knox,"2,915.3","8,746",3
8,Jason Dufner,"2,875.0","2,875",1
9,Billy Hurley III,"2,800.5","11,202",4
10,Hideki Matsuyama,"2,778.5","5,557",2
11,Dustin Johnson,"2,740.5","5,481",2
12,Vaughn Taylor,"2,735.5","5,471",2
13,Rod Pampling,"2,723.0","2,723",1
14,Si Woo Kim,"2,704.5","10,818",4
15,James Hahn,"2,695.0","5,390",2
16,Aaron Baddeley,"2,674.0","2,674",1
17,Jordan Spieth,"2,638.0","5,276",2
18,Charley Hoffman,"2,608.5","5,217",2
19,Fabián Gómez,"2,517.5","5,035",2
20,Justin Thomas,"2,501.0","5,002",2
21,Bubba Watson,"2,480.0","9,920",4
22,Brian Stuard,"2,447.5","4,895",2
23,Cody Gribble,"2,431.0","4,862",2
24,Mackenzie Hughes,"2,374.5","4,749",2
25,Ryan Moore,"2,248.5","4,497",2
26,Jimmy Walker,"2,238.0","2,238",1
27,Jhonattan Vegas,"2,098.3","6,295",3
28,Brandt Snedeker,"2,091.0","4,182",2
29,Jason Day,"1,866.0","7,464",4
