rank,player,Avg,Total Dist. to Impact,Total Attempts
1,Dustin Johnson,302.1,906.4,3
2,Cody Gribble,295.3,885.8,3
3,Bubba Watson,293.8,"1,175.0",4
4,Tony Finau,291.2,873.6,3
5,Justin Thomas,286.9,860.6,3
6,Jason Day,280.2,840.7,3
7,Patrick Reed,279.2,558.5,2
8,Hideki Matsuyama,277.1,831.2,3
9,Brendan Steele,276.3,"1,105.3",4
10,Si Woo Kim,276.2,828.7,3
11,James Hahn,275.0,"1,100.1",4
12,Charley Hoffman,274.9,"1,099.6",4
13,Mackenzie Hughes,269.8,"1,079.2",4
14,Pat Perez,269.5,808.4,3
15,Ryan Moore,269.0,269.0,1
15,Jordan Spieth,269.0,"1,075.9",4
17,Brandt Snedeker,267.6,"1,070.4",4
18,William McGirt,267.5,802.6,3
19,Jason Dufner,265.7,"1,062.6",4
20,Fabián Gómez,264.0,792.0,3
21,Jhonattan Vegas,263.2,789.7,3
22,Jim Herman,262.2,786.6,3
23,Russell Knox,261.7,785.2,3
24,Brian Stuard,256.7,513.3,2
25,Aaron Baddeley,256.4,"1,025.5",4
26,Vaughn Taylor,256.2,"1,024.8",4
27,Daniel Berger,255.5,"1,022.1",4
28,Billy Hurley III,255.4,"1,021.4",4
29,Jimmy Walker,253.3,253.3,1
30,Rod Pampling,248.6,994.3,4
31,Greg Chalmers,244.0,487.9,2
32,Branden Grace,242.6,727.7,3
