rank,player,Avg,Total Vert. Launch Angle,Total Attempts
1,Cody Gribble,14.61,58.44,4
2,Vaughn Taylor,14.13,56.51,4
3,James Hahn,13.39,53.55,4
4,Brandt Snedeker,13.30,53.20,4
5,Jason Day,13.24,52.95,4
6,Pat Perez,12.94,51.75,4
7,Jordan Spieth,12.63,50.52,4
8,Brian Stuard,12.43,49.72,4
9,Billy Hurley III,12.42,49.67,4
10,Ryan Moore,12.41,37.23,3
11,Justin Thomas,11.97,47.89,4
12,Hideki Matsuyama,11.81,47.26,4
13,Charley Hoffman,11.72,46.88,4
14,William McGirt,11.32,45.29,4
15,Dustin Johnson,11.16,44.63,4
16,Mackenzie Hughes,11.07,44.27,4
16,Si Woo Kim,11.07,44.28,4
18,Tony Finau,10.71,42.84,4
19,Greg Chalmers,10.66,42.63,4
20,Jason Dufner,10.47,41.90,4
21,Russell Knox,10.45,41.82,4
22,Fabián Gómez,10.32,30.95,3
23,Bubba Watson,10.20,40.80,4
24,Rod Pampling,9.05,36.21,4
25,Patrick Reed,9.00,36.00,4
26,Jimmy Walker,8.86,35.44,4
27,Brendan Steele,8.70,34.78,4
28,Jhonattan Vegas,8.07,32.29,4
29,Jim Herman,8.03,32.13,4
30,Aaron Baddeley,6.88,27.54,4
31,Daniel Berger,5.70,22.79,4
32,Branden Grace,5.37,21.48,4
