rank,player,Avg,Total Club Head Speed,Total Attempts
1,Brendan Steele,122.59,490.36,4
2,Tony Finau,122.56,490.23,4
3,Dustin Johnson,122.02,488.09,4
4,Jhonattan Vegas,121.48,485.92,4
5,Bubba Watson,120.40,481.59,4
6,Daniel Berger,120.17,480.70,4
7,Jim Herman,118.68,474.73,4
8,Patrick Reed,118.56,474.25,4
9,Hideki Matsuyama,118.47,473.89,4
10,Cody Gribble,117.78,471.10,4
11,Charley Hoffman,117.28,469.10,4
12,Jason Day,116.90,467.59,4
13,Aaron Baddeley,116.77,467.06,4
14,Justin Thomas,116.27,465.07,4
15,Mackenzie Hughes,115.47,461.87,4
16,Branden Grace,114.61,458.42,4
17,Rod Pampling,114.53,458.10,4
18,Si Woo Kim,114.29,457.16,4
19,Pat Perez,113.80,455.18,4
20,Fabián Gómez,113.70,341.10,3
21,Jimmy Walker,113.41,453.62,4
22,Jason Dufner,113.34,453.37,4
23,James Hahn,111.87,447.49,4
24,Jordan Spieth,111.25,444.98,4
25,Brandt Snedeker,111.23,444.93,4
26,William McGirt,110.34,441.34,4
27,Russell Knox,110.31,441.24,4
28,Greg Chalmers,108.96,435.83,4
29,Vaughn Taylor,107.25,429.00,4
30,Brian Stuard,106.15,424.59,4
31,Billy Hurley III,106.11,424.45,4
32,Ryan Moore,105.89,317.66,3
