rank,player,%,Total Birdies,Total Holes,GIR Rank
1,Lucas Glover,25.00,18,72,8
1,Vijay Singh,25.00,18,72,3
3,Stuart Appleby,20.83,15,72,5
3,Michael Campbell,20.83,15,72,8
5,Geoff Ogilvy,19.44,14,72,6
6,Jim Furyk,18.06,13,72,4
6,Sergio Garcia,18.06,13,72,6
6,Tim Petrovic,18.06,13,72,22
6,Vaughn Taylor,18.06,13,72,1
10,Jason Bohn,16.67,12,72,12
10,Olin Browne,16.67,12,72,22
10,Ted Purdy,16.67,12,72,18
10,David Toms,16.67,12,72,12
14,Bart Bryant,15.28,11,72,1
14,Mark Calcavecchia,15.28,11,72,15
14,K.J. Choi,15.28,11,72,21
14,Robert Gamez,15.28,11,72,20
14,Kenny Perry,15.28,11,72,8
14,Carl Pettersson,15.28,11,72,15
14,"Wes Short, Jr.",15.28,11,72,17
21,Brad Faxon,13.89,10,72,27
21,Sean O'Hair,13.89,10,72,26
23,Peter Lonard,12.50,9,72,18
23,Heath Slocum,12.50,9,72,8
25,Ben Crane,11.11,8,72,28
25,Justin Leonard,11.11,8,72,12
27,Jason Gore,9.72,7,72,22
28,Fred Funk,4.17,3,72,22
