rank,player,Avg,Total Strokes,Total Adjustment,Total Rounds
1,Stuart Appleby,69.107,284,- 7.573,4
1,Vijay Singh,69.107,284,- 7.573,4
3,Jim Furyk,70.107,288,- 7.573,4
4,Michael Campbell,70.607,290,- 7.573,4
4,Vaughn Taylor,70.607,290,- 7.573,4
6,Lucas Glover,70.857,291,- 7.573,4
7,Sergio Garcia,71.357,293,- 7.573,4
8,Justin Leonard,71.607,294,- 7.573,4
9,Bart Bryant,71.857,295,- 7.573,4
10,Peter Lonard,72.107,296,- 7.573,4
11,Tim Petrovic,72.357,297,- 7.573,4
11,"Wes Short, Jr.",72.357,297,- 7.573,4
13,Geoff Ogilvy,72.607,298,- 7.573,4
13,David Toms,72.607,298,- 7.573,4
15,Jason Bohn,72.857,299,- 7.573,4
15,Mark Calcavecchia,72.857,299,- 7.573,4
17,Olin Browne,73.357,301,- 7.573,4
17,Robert Gamez,73.357,301,- 7.573,4
19,K.J. Choi,73.607,302,- 7.573,4
19,Kenny Perry,73.607,302,- 7.573,4
21,Carl Pettersson,74.357,305,- 7.573,4
22,Ted Purdy,74.607,306,- 7.573,4
23,Brad Faxon,75.357,309,- 7.573,4
23,Heath Slocum,75.357,309,- 7.573,4
25,Ben Crane,75.607,310,- 7.573,4
26,Fred Funk,76.107,312,- 7.573,4
27,Sean O'Hair,77.607,318,- 7.573,4
28,Jason Gore,78.107,320,- 7.573,4
