rank,player,Total,Total (for all distances),Pct of all 1-putts
1,Joaquin Niemann,20,32,62.5
2,Jon Rahm,18,30,60.0
2,Scottie Scheffler,18,30,60.0
2,Justin Thomas,18,32,56.3
5,Sergio Garcia,17,28,60.7
5,Dustin Johnson,17,26,65.4
5,Kevin Kisner,17,32,53.1
5,Hideki Matsuyama,17,24,70.8
5,Nick Taylor,17,31,54.8
5,Brendon Todd,17,35,48.6
11,Mackenzie Hughes,16,23,69.6
11,Ryan Palmer,16,29,55.2
11,Cameron Smith,16,31,51.6
14,Abraham Ancer,15,36,41.7
14,Sungjae Im,15,26,57.7
14,Marc Leishman,15,23,65.2
14,Collin Morikawa,15,30,50.0
18,Patrick Cantlay,14,31,45.2
18,Stewart Cink,14,30,46.7
18,Viktor Hovland,14,25,56.0
18,Sebastián Muñoz,14,27,51.9
18,Xander Schauffele,14,29,48.3
23,Bryson DeChambeau,13,28,46.4
23,Jason Kokrak,13,31,41.9
23,Carlos Ortiz,13,22,59.1
23,Patrick Reed,13,28,46.4
23,Webb Simpson,13,25,52.0
23,Robert Streb,13,24,54.2
29,Tony Finau,12,27,44.4
29,Brian Gay,12,31,38.7
29,Michael Thompson,12,34,35.3
32,Daniel Berger,11,23,47.8
32,Cameron Champ,11,18,61.1
32,Harris English,11,29,37.9
32,Martin Laird,11,28,39.3
32,Andrew Landry,11,25,44.0
32,Kevin Na,11,24,45.8
32,Hudson Swafford,11,25,44.0
39,Billy Horschel,9,25,36.0
39,Richy Werenski,9,22,40.9
41,Lanto Griffin,7,27,25.9
42,Adam Scott,5,19,26.3
