rank,player,%,# of 1 putts,# of holes
1,Abraham Ancer,72.22,13,18
2,Michael Thompson,55.56,10,18
3,Joaquin Niemann,50.00,9,18
3,Patrick Reed,50.00,9,18
3,Cameron Smith,50.00,9,18
3,Nick Taylor,50.00,9,18
7,Bryson DeChambeau,44.44,8,18
7,Harris English,44.44,8,18
7,Viktor Hovland,44.44,8,18
7,Sungjae Im,44.44,8,18
7,Kevin Kisner,44.44,8,18
7,Justin Thomas,44.44,8,18
7,Brendon Todd,44.44,8,18
14,Patrick Cantlay,38.89,7,18
14,Sergio Garcia,38.89,7,18
14,Jason Kokrak,38.89,7,18
14,Andrew Landry,38.89,7,18
14,Marc Leishman,38.89,7,18
14,Xander Schauffele,38.89,7,18
14,Robert Streb,38.89,7,18
21,Daniel Berger,33.33,6,18
21,Lanto Griffin,33.33,6,18
21,Billy Horschel,33.33,6,18
21,Martin Laird,33.33,6,18
21,Collin Morikawa,33.33,6,18
21,Ryan Palmer,33.33,6,18
21,Jon Rahm,33.33,6,18
21,Scottie Scheffler,33.33,6,18
21,Webb Simpson,33.33,6,18
21,Hudson Swafford,33.33,6,18
31,Stewart Cink,27.78,5,18
31,Brian Gay,27.78,5,18
31,Mackenzie Hughes,27.78,5,18
31,Kevin Na,27.78,5,18
31,Carlos Ortiz,27.78,5,18
36,Cameron Champ,22.22,4,18
36,Tony Finau,22.22,4,18
36,Dustin Johnson,22.22,4,18
36,Hideki Matsuyama,22.22,4,18
36,Sebastián Muñoz,22.22,4,18
36,Adam Scott,22.22,4,18
36,Richy Werenski,22.22,4,18
