rank,player,%,# of 1 putts,# of holes
1,Justin Thomas,55.56,10,18
2,Sebastián Muñoz,50.00,9,18
2,Jon Rahm,50.00,9,18
4,Abraham Ancer,44.44,8,18
4,Bryson DeChambeau,44.44,8,18
4,Tony Finau,44.44,8,18
4,Brian Gay,44.44,8,18
4,Lanto Griffin,44.44,8,18
4,Joaquin Niemann,44.44,8,18
4,Xander Schauffele,44.44,8,18
4,Brendon Todd,44.44,8,18
12,Patrick Cantlay,38.89,7,18
12,Dustin Johnson,38.89,7,18
12,Kevin Kisner,38.89,7,18
12,Jason Kokrak,38.89,7,18
12,Andrew Landry,38.89,7,18
12,Hideki Matsuyama,38.89,7,18
12,Collin Morikawa,38.89,7,18
12,Adam Scott,38.89,7,18
12,Hudson Swafford,38.89,7,18
12,Nick Taylor,38.89,7,18
12,Michael Thompson,38.89,7,18
23,Sergio Garcia,33.33,6,18
23,Mackenzie Hughes,33.33,6,18
23,Sungjae Im,33.33,6,18
23,Marc Leishman,33.33,6,18
23,Ryan Palmer,33.33,6,18
23,Patrick Reed,33.33,6,18
23,Scottie Scheffler,33.33,6,18
23,Webb Simpson,33.33,6,18
23,Richy Werenski,33.33,6,18
32,Stewart Cink,27.78,5,18
32,Harris English,27.78,5,18
32,Martin Laird,27.78,5,18
32,Carlos Ortiz,27.78,5,18
32,Cameron Smith,27.78,5,18
37,Daniel Berger,22.22,4,18
37,Cameron Champ,22.22,4,18
37,Billy Horschel,22.22,4,18
37,Viktor Hovland,22.22,4,18
37,Kevin Na,22.22,4,18
37,Robert Streb,22.22,4,18
