rank,player,Total,Total (for all distances),Pct of all 1-putts
1,Harris English,5,29,17.2
2,Collin Morikawa,4,30,13.3
2,Michael Thompson,4,34,11.8
4,Adam Scott,3,19,15.8
4,Cameron Smith,3,31,9.7
4,Brendon Todd,3,35,8.6
7,Abraham Ancer,2,36,5.6
7,Stewart Cink,2,30,6.7
7,Sergio Garcia,2,28,7.1
7,Brian Gay,2,31,6.5
7,Billy Horschel,2,25,8.0
7,Mackenzie Hughes,2,23,8.7
7,Jason Kokrak,2,31,6.5
7,Martin Laird,2,28,7.1
7,Patrick Reed,2,28,7.1
7,Hudson Swafford,2,25,8.0
7,Justin Thomas,2,32,6.3
18,Lanto Griffin,1,27,3.7
18,Andrew Landry,1,25,4.0
18,Kevin Na,1,24,4.2
18,Joaquin Niemann,1,32,3.1
18,Carlos Ortiz,1,22,4.5
18,Ryan Palmer,1,29,3.4
18,Xander Schauffele,1,29,3.4
18,Scottie Scheffler,1,30,3.3
18,Webb Simpson,1,25,4.0
18,Nick Taylor,1,31,3.2
18,Richy Werenski,1,22,4.5
