rank,player,Distance,Year/Tourn#,Round,Hole
1,Xander Schauffele,"81' 6""",Sentry,2,18 - Par 5
2,Patrick Cantlay,"59' 9""",Sentry,4,3 - Par 4 -
3,Kevin Kisner,"55' 3""",Sentry,3,5 - Par 5 -
4,Lanto Griffin,"50' 8""",Sentry,4,7 - Par 4 -
5,Sebastián Muñoz,"44' 8""",Sentry,4,3 - Par 4 -
6,Billy Horschel,"43' 5""",Sentry,4,2 - Par 3 -
7,Sergio Garcia,"41' 11""",Sentry,3,10 - Par 4
8,Tony Finau,"41' 5""",Sentry,3,10 - Par 4
9,Cameron Smith,"39' 3""",Sentry,3,2 - Par 3 -
10,Daniel Berger,"38' 8""",Sentry,1,1 - Par 4 -
11,Justin Thomas,"37' 5""",Sentry,1,13 - Par 4
12,Andrew Landry,"37' 0""",Sentry,4,8 - Par 3 -
13,Mackenzie Hughes,"36' 1""",Sentry,2,5 - Par 5 -
14,Jon Rahm,"34' 10""",Sentry,4,15 - Par 5
15,Webb Simpson,"34' 9""",Sentry,2,5 - Par 5 -
16,Bryson DeChambeau,"33' 2""",Sentry,2,8 - Par 3 -
17,Richy Werenski,"31' 4""",Sentry,3,3 - Par 4 -
18,Harris English,"29' 9""",Sentry,3,8 - Par 3 -
19,Hudson Swafford,"29' 7""",Sentry,2,13 - Par 4
20,Stewart Cink,"28' 8""",Sentry,3,1 - Par 4 -
21,Michael Thompson,"27' 11""",Sentry,3,9 - Par 5 -
22,Robert Streb,"27' 7""",Sentry,1,3 - Par 4 -
23,Martin Laird,"27' 0""",Sentry,1,17 - Par 4
24,Brian Gay,"26' 4""",Sentry,3,1 - Par 4 -
25,Viktor Hovland,"25' 10""",Sentry,1,10 - Par 4
26,Abraham Ancer,"25' 6""",Sentry,1,8 - Par 3 -
27,Brendon Todd,"25' 2""",Sentry,4,12 - Par 4
28,Carlos Ortiz,"24' 7""",Sentry,4,5 - Par 5 -
29,Hideki Matsuyama,"24' 5""",Sentry,4,5 - Par 5 -
30,Scottie Scheffler,"24' 5""",Sentry,2,4 - Par 4 -
31,Ryan Palmer,"23' 9""",Sentry,1,5 - Par 5 -
32,Sungjae Im,"23' 9""",Sentry,3,5 - Par 5 -
33,Jason Kokrak,"22' 11""",Sentry,1,15 - Par 5
34,Nick Taylor,"19' 11""",Sentry,1,11 - Par 3
35,Collin Morikawa,"19' 7""",Sentry,4,9 - Par 5 -
36,Patrick Reed,"19' 3""",Sentry,1,17 - Par 4
37,Adam Scott,"18' 11""",Sentry,4,7 - Par 4 -
38,Joaquin Niemann,"18' 5""",Sentry,1,11 - Par 3
39,Kevin Na,"17' 7""",Sentry,1,12 - Par 4
40,Cameron Champ,"14' 10""",Sentry,1,2 - Par 3 -
41,Marc Leishman,"13' 0""",Sentry,2,17 - Par 4
42,Dustin Johnson,"10' 7""",Sentry,3,13 - Par 4
