rank,player,Total,Total (for all distances),Pct of all 1-putts
1,Kevin Na,6,24,25.0
1,Richy Werenski,6,22,27.3
3,Bryson DeChambeau,5,28,17.9
3,Brian Gay,5,31,16.1
3,Lanto Griffin,5,27,18.5
3,Billy Horschel,5,25,20.0
3,Sungjae Im,5,26,19.2
3,Kevin Kisner,5,32,15.6
3,Ryan Palmer,5,29,17.2
3,Robert Streb,5,24,20.8
3,Nick Taylor,5,31,16.1
3,Brendon Todd,5,35,14.3
13,Abraham Ancer,4,36,11.1
13,Patrick Cantlay,4,31,12.9
13,Cameron Champ,4,18,22.2
13,Stewart Cink,4,30,13.3
13,Tony Finau,4,27,14.8
13,Joaquin Niemann,4,32,12.5
13,Jon Rahm,4,30,13.3
13,Scottie Scheffler,4,30,13.3
13,Justin Thomas,4,32,12.5
13,Michael Thompson,4,34,11.8
23,Harris English,3,29,10.3
23,Dustin Johnson,3,26,11.5
23,Andrew Landry,3,25,12.0
23,Collin Morikawa,3,30,10.0
23,Carlos Ortiz,3,22,13.6
23,Patrick Reed,3,28,10.7
23,Xander Schauffele,3,29,10.3
23,Adam Scott,3,19,15.8
23,Cameron Smith,3,31,9.7
32,Daniel Berger,2,23,8.7
32,Sergio Garcia,2,28,7.1
32,Viktor Hovland,2,25,8.0
32,Sebastián Muñoz,2,27,7.4
32,Webb Simpson,2,25,8.0
32,Hudson Swafford,2,25,8.0
38,Mackenzie Hughes,1,23,4.3
38,Jason Kokrak,1,31,3.2
38,Marc Leishman,1,23,4.3
38,Hideki Matsuyama,1,24,4.2
