rank,player,%,# of 1 putts,# of holes
1,Stewart Cink,61.11,11,18
2,Brian Gay,55.56,10,18
2,Brendon Todd,55.56,10,18
4,Dustin Johnson,50.00,9,18
4,Kevin Kisner,50.00,9,18
4,Jason Kokrak,50.00,9,18
4,Ryan Palmer,50.00,9,18
4,Jon Rahm,50.00,9,18
4,Patrick Reed,50.00,9,18
4,Xander Schauffele,50.00,9,18
4,Webb Simpson,50.00,9,18
4,Michael Thompson,50.00,9,18
13,Abraham Ancer,44.44,8,18
13,Daniel Berger,44.44,8,18
13,Sergio Garcia,44.44,8,18
13,Lanto Griffin,44.44,8,18
13,Billy Horschel,44.44,8,18
13,Martin Laird,44.44,8,18
13,Collin Morikawa,44.44,8,18
13,Kevin Na,44.44,8,18
13,Joaquin Niemann,44.44,8,18
13,Carlos Ortiz,44.44,8,18
13,Scottie Scheffler,44.44,8,18
13,Cameron Smith,44.44,8,18
13,Nick Taylor,44.44,8,18
26,Harris English,38.89,7,18
26,Tony Finau,38.89,7,18
26,Sebastián Muñoz,38.89,7,18
26,Robert Streb,38.89,7,18
26,Richy Werenski,38.89,7,18
31,Patrick Cantlay,33.33,6,18
31,Viktor Hovland,33.33,6,18
31,Andrew Landry,33.33,6,18
31,Justin Thomas,33.33,6,18
35,Cameron Champ,27.78,5,18
35,Bryson DeChambeau,27.78,5,18
35,Mackenzie Hughes,27.78,5,18
35,Sungjae Im,27.78,5,18
35,Marc Leishman,27.78,5,18
35,Hideki Matsuyama,27.78,5,18
41,Hudson Swafford,22.22,4,18
42,Adam Scott,16.67,3,18
