rank,player,Avg,Total 1 Putts,Total Rounds
1,Abraham Ancer,9.00,36,4
2,Brendon Todd,8.75,35,4
3,Michael Thompson,8.50,34,4
4,Kevin Kisner,8.00,32,4
4,Joaquin Niemann,8.00,32,4
4,Justin Thomas,8.00,32,4
7,Patrick Cantlay,7.75,31,4
7,Brian Gay,7.75,31,4
7,Jason Kokrak,7.75,31,4
7,Cameron Smith,7.75,31,4
7,Nick Taylor,7.75,31,4
12,Stewart Cink,7.50,30,4
12,Collin Morikawa,7.50,30,4
12,Jon Rahm,7.50,30,4
12,Scottie Scheffler,7.50,30,4
16,Harris English,7.25,29,4
16,Ryan Palmer,7.25,29,4
16,Xander Schauffele,7.25,29,4
19,Bryson DeChambeau,7.00,28,4
19,Sergio Garcia,7.00,28,4
19,Martin Laird,7.00,28,4
19,Patrick Reed,7.00,28,4
23,Tony Finau,6.75,27,4
23,Lanto Griffin,6.75,27,4
23,Sebastián Muñoz,6.75,27,4
26,Sungjae Im,6.50,26,4
26,Dustin Johnson,6.50,26,4
28,Billy Horschel,6.25,25,4
28,Viktor Hovland,6.25,25,4
28,Andrew Landry,6.25,25,4
28,Webb Simpson,6.25,25,4
28,Hudson Swafford,6.25,25,4
33,Hideki Matsuyama,6.00,24,4
33,Kevin Na,6.00,24,4
33,Robert Streb,6.00,24,4
36,Daniel Berger,5.75,23,4
36,Mackenzie Hughes,5.75,23,4
36,Marc Leishman,5.75,23,4
39,Carlos Ortiz,5.50,22,4
39,Richy Werenski,5.50,22,4
41,Adam Scott,4.75,19,4
42,Cameron Champ,4.50,18,4
