rank,player,Total,Total (for all distances),Pct of all 1-putts
1,Abraham Ancer,13,36,36.1
1,Lanto Griffin,13,27,48.1
1,Jason Kokrak,13,31,41.9
4,Martin Laird,12,28,42.9
5,Brian Gay,11,31,35.5
6,Patrick Cantlay,10,31,32.3
6,Patrick Reed,10,28,35.7
6,Xander Schauffele,10,29,34.5
6,Michael Thompson,10,34,29.4
10,Daniel Berger,9,23,39.1
10,Bryson DeChambeau,9,28,32.1
10,Andrew Landry,9,25,36.0
13,Kevin Kisner,8,32,25.0
13,Collin Morikawa,8,30,26.7
13,Sebastián Muñoz,8,27,29.6
13,Adam Scott,8,19,42.1
13,Cameron Smith,8,31,25.8
13,Nick Taylor,8,31,25.8
19,Tony Finau,7,27,25.9
19,Billy Horschel,7,25,28.0
19,Viktor Hovland,7,25,28.0
19,Marc Leishman,7,23,30.4
19,Joaquin Niemann,7,32,21.9
19,Jon Rahm,7,30,23.3
19,Webb Simpson,7,25,28.0
19,Hudson Swafford,7,25,28.0
19,Brendon Todd,7,35,20.0
28,Stewart Cink,6,30,20.0
28,Harris English,6,29,20.7
28,Dustin Johnson,6,26,23.1
28,Kevin Na,6,24,25.0
28,Ryan Palmer,6,29,20.7
28,Scottie Scheffler,6,30,20.0
28,Justin Thomas,6,32,18.8
35,Sergio Garcia,5,28,17.9
35,Sungjae Im,5,26,19.2
35,Hideki Matsuyama,5,24,20.8
35,Robert Streb,5,24,20.8
35,Richy Werenski,5,22,22.7
40,Carlos Ortiz,4,22,18.2
41,Cameron Champ,3,18,16.7
41,Mackenzie Hughes,3,23,13.0
