rank,player,%,# of 1 putts,# of holes
1,Patrick Cantlay,61.11,11,18
2,Scottie Scheffler,55.56,10,18
3,Stewart Cink,50.00,9,18
3,Harris English,50.00,9,18
3,Martin Laird,50.00,9,18
3,Collin Morikawa,50.00,9,18
3,Cameron Smith,50.00,9,18
3,Brendon Todd,50.00,9,18
9,Tony Finau,44.44,8,18
9,Brian Gay,44.44,8,18
9,Kevin Kisner,44.44,8,18
9,Jason Kokrak,44.44,8,18
9,Hideki Matsuyama,44.44,8,18
9,Ryan Palmer,44.44,8,18
9,Hudson Swafford,44.44,8,18
9,Justin Thomas,44.44,8,18
9,Michael Thompson,44.44,8,18
18,Abraham Ancer,38.89,7,18
18,Bryson DeChambeau,38.89,7,18
18,Sergio Garcia,38.89,7,18
18,Billy Horschel,38.89,7,18
18,Viktor Hovland,38.89,7,18
18,Mackenzie Hughes,38.89,7,18
18,Sungjae Im,38.89,7,18
18,Sebastián Muñoz,38.89,7,18
18,Kevin Na,38.89,7,18
18,Joaquin Niemann,38.89,7,18
18,Nick Taylor,38.89,7,18
29,Dustin Johnson,33.33,6,18
29,Jon Rahm,33.33,6,18
29,Robert Streb,33.33,6,18
32,Daniel Berger,27.78,5,18
32,Cameron Champ,27.78,5,18
32,Lanto Griffin,27.78,5,18
32,Andrew Landry,27.78,5,18
32,Marc Leishman,27.78,5,18
32,Xander Schauffele,27.78,5,18
32,Adam Scott,27.78,5,18
32,Richy Werenski,27.78,5,18
40,Carlos Ortiz,22.22,4,18
40,Patrick Reed,22.22,4,18
40,Webb Simpson,22.22,4,18
