rank,player,Total,Total (for all distances),Pct of all 1-putts
1,Tony Finau,3,27,11.1
2,Patrick Cantlay,2,31,6.5
2,Billy Horschel,2,25,8.0
2,Kevin Kisner,2,32,6.3
2,Sebastián Muñoz,2,27,7.4
2,Michael Thompson,2,34,5.9
7,Abraham Ancer,1,36,2.8
7,Daniel Berger,1,23,4.3
7,Stewart Cink,1,30,3.3
7,Bryson DeChambeau,1,28,3.6
7,Harris English,1,29,3.4
7,Sergio Garcia,1,28,3.6
7,Brian Gay,1,31,3.2
7,Lanto Griffin,1,27,3.7
7,Viktor Hovland,1,25,4.0
7,Mackenzie Hughes,1,23,4.3
7,Martin Laird,1,28,3.6
7,Andrew Landry,1,25,4.0
7,Jon Rahm,1,30,3.3
7,Xander Schauffele,1,29,3.4
7,Webb Simpson,1,25,4.0
7,Cameron Smith,1,31,3.2
7,Robert Streb,1,24,4.2
7,Hudson Swafford,1,25,4.0
7,Justin Thomas,1,32,3.1
7,Brendon Todd,1,35,2.9
7,Richy Werenski,1,22,4.5
