rank,player,Total,Total (for all distances),Pct of all 1-putts
1,Stewart Cink,3,30,10.0
1,Harris English,3,29,10.3
3,Jason Kokrak,2,31,6.5
3,Martin Laird,2,28,7.1
3,Hudson Swafford,2,25,8.0
3,Michael Thompson,2,34,5.9
3,Brendon Todd,2,35,5.7
8,Abraham Ancer,1,36,2.8
8,Patrick Cantlay,1,31,3.2
8,Tony Finau,1,27,3.7
8,Sergio Garcia,1,28,3.6
8,Viktor Hovland,1,25,4.0
8,Sungjae Im,1,26,3.8
8,Hideki Matsuyama,1,24,4.2
8,Sebastián Muñoz,1,27,3.7
8,Carlos Ortiz,1,22,4.5
8,Ryan Palmer,1,29,3.4
8,Scottie Scheffler,1,30,3.3
8,Webb Simpson,1,25,4.0
8,Justin Thomas,1,32,3.1
