rank,player,%,Fairways Hit,Possible Fairways
1,Jim Furyk,86.67,52,60
2,Olin Browne,83.33,50,60
2,Fred Funk,83.33,50,60
2,Justin Leonard,83.33,50,60
5,Tim Petrovic,81.67,49,60
6,David Toms,78.33,47,60
7,Stuart Appleby,76.67,46,60
7,Bart Bryant,76.67,46,60
7,Kenny Perry,76.67,46,60
7,Vaughn Taylor,76.67,46,60
11,Jason Bohn,75.00,45,60
11,Robert Gamez,75.00,45,60
11,Ted Purdy,75.00,45,60
14,Sergio Garcia,73.33,44,60
14,Carl Pettersson,73.33,44,60
16,Peter Lonard,71.67,43,60
16,Sean O'Hair,71.67,43,60
16,Geoff Ogilvy,71.67,43,60
19,Mark Calcavecchia,70.00,42,60
19,K.J. Choi,70.00,42,60
19,Vijay Singh,70.00,42,60
22,Michael Campbell,66.67,40,60
22,Brad Faxon,66.67,40,60
22,Heath Slocum,66.67,40,60
25,Lucas Glover,65.00,39,60
25,"Wes Short, Jr.",65.00,39,60
27,Ben Crane,63.33,38,60
28,Jason Gore,60.00,36,60
