rank,player,%,Total Fairway Bunkers,Possible Fwys,Relative to par
1,Jim Furyk,.0,0,60,E
1,Jason Gore,.0,0,60,E
1,Justin Leonard,.0,0,60,E
4,Stuart Appleby,1.7,1,60,E
4,Fred Funk,1.7,1,60,+1.000
4,Sergio Garcia,1.7,1,60,+1.000
4,Lucas Glover,1.7,1,60,E
4,"Wes Short, Jr.",1.7,1,60,E
4,Vijay Singh,1.7,1,60,E
4,Vaughn Taylor,1.7,1,60,E
4,David Toms,1.7,1,60,E
12,Jason Bohn,3.3,2,60,+0.500
12,Olin Browne,3.3,2,60,+0.500
12,Mark Calcavecchia,3.3,2,60,+0.500
12,Ben Crane,3.3,2,60,E
12,Geoff Ogilvy,3.3,2,60,E
12,Heath Slocum,3.3,2,60,+0.500
18,Michael Campbell,5.0,3,60,E
18,Brad Faxon,5.0,3,60,+1.000
18,Robert Gamez,5.0,3,60,+0.667
21,K.J. Choi,6.7,4,60,+1.000
21,Kenny Perry,6.7,4,60,+0.250
21,Tim Petrovic,6.7,4,60,+0.250
21,Carl Pettersson,6.7,4,60,+0.750
21,Ted Purdy,6.7,4,60,+0.750
26,Bart Bryant,8.3,5,60,+0.400
26,Peter Lonard,8.3,5,60,E
28,Sean O'Hair,10.0,6,60,+1.000
