rank,player,%,Fairways Hit,Possible Fairways,Relative to Par
1,Jim Furyk,88.33,53,60,-0.08
2,Olin Browne,85.00,51,60,+0.08
2,Justin Leonard,85.00,51,60,-0.04
2,Tim Petrovic,85.00,51,60,+0.02
5,Fred Funk,83.33,50,60,+0.16
6,Bart Bryant,78.33,47,60,-0.09
6,Kenny Perry,78.33,47,60,+0.17
6,David Toms,78.33,47,60,+0.02
9,Stuart Appleby,76.67,46,60,-0.24
9,Jason Bohn,76.67,46,60,-0.02
9,Sergio Garcia,76.67,46,60,-0.07
9,Geoff Ogilvy,76.67,46,60,-0.11
9,Vaughn Taylor,76.67,46,60,-0.13
14,Robert Gamez,75.00,45,60,-0.02
14,Carl Pettersson,75.00,45,60,+0.11
14,Ted Purdy,75.00,45,60,+0.07
17,Mark Calcavecchia,71.67,43,60,-0.07
17,K.J. Choi,71.67,43,60,-0.05
17,Peter Lonard,71.67,43,60,-0.02
17,Sean O'Hair,71.67,43,60,+0.14
17,Vijay Singh,71.67,43,60,-0.19
22,Heath Slocum,70.00,42,60,+0.17
23,Michael Campbell,68.33,41,60,-0.12
23,"Wes Short, Jr.",68.33,41,60,-0.02
25,Brad Faxon,66.67,40,60,+0.03
25,Lucas Glover,66.67,40,60,-0.13
27,Ben Crane,65.00,39,60,+0.23
28,Jason Gore,63.33,38,60,+0.16
