rank,player,RTP Score
1,Kenny Perry,-.667
2,Bart Bryant,-.500
2,Carl Pettersson,-.500
4,Stuart Appleby,-.200
5,Sergio Garcia,-.167
6,Lucas Glover,-.143
7,Mark Calcavecchia,E
7,Jim Furyk,E
7,Justin Leonard,E
7,Peter Lonard,E
7,Sean O'Hair,E
7,Vijay Singh,E
7,David Toms,E
14,Michael Campbell,+.125
15,Ben Crane,+.143
15,"Wes Short, Jr.",+.143
15,Vaughn Taylor,+.143
18,K.J. Choi,+.200
18,Fred Funk,+.200
18,Ted Purdy,+.200
18,Heath Slocum,+.200
22,Brad Faxon,+.333
23,Jason Bohn,+.400
24,Jason Gore,+.455
25,Robert Gamez,+.500
26,Geoff Ogilvy,+.667
27,Tim Petrovic,+.750
