rank,player,%,Total Missed,Total Fwys,Relative to par
1,Stuart Appleby,.00,0,60,E
1,Olin Browne,.00,0,60,E
1,Bart Bryant,.00,0,60,E
1,Jim Furyk,.00,0,60,E
1,Robert Gamez,.00,0,60,E
1,Sergio Garcia,.00,0,60,E
1,Lucas Glover,.00,0,60,E
1,Justin Leonard,.00,0,60,E
1,Tim Petrovic,.00,0,60,E
1,Carl Pettersson,.00,0,60,E
1,Ted Purdy,.00,0,60,E
1,"Wes Short, Jr.",.00,0,60,E
1,Vaughn Taylor,.00,0,60,E
14,Jason Bohn,1.67,1,60,E
14,K.J. Choi,1.67,1,60,+2.00
14,Ben Crane,1.67,1,60,+1.00
14,Fred Funk,1.67,1,60,E
14,Peter Lonard,1.67,1,60,E
14,Sean O'Hair,1.67,1,60,+3.00
14,Geoff Ogilvy,1.67,1,60,+1.00
14,Kenny Perry,1.67,1,60,+1.00
14,David Toms,1.67,1,60,E
23,Michael Campbell,3.33,2,60,+1.50
23,Jason Gore,3.33,2,60,+1.00
23,Vijay Singh,3.33,2,60,-0.50
26,Mark Calcavecchia,5.00,3,60,+0.33
26,Heath Slocum,5.00,3,60,+1.00
28,Brad Faxon,6.67,4,60,+1.75
