rank,player,%,Total Rough,Possible Fwys,Relative to par
1,Tim Petrovic,8.33,5,60,+6.00
2,Olin Browne,11.67,7,60,+2.86
2,Jim Furyk,11.67,7,60,-1.43
4,Bart Bryant,13.33,8,60,+1.25
4,Fred Funk,13.33,8,60,+3.75
4,Kenny Perry,13.33,8,60,-2.50
7,Justin Leonard,15.00,9,60,+1.11
8,Sean O'Hair,16.67,10,60,+4.00
9,Jason Bohn,18.33,11,60,+1.82
9,Peter Lonard,18.33,11,60,+2.73
9,Geoff Ogilvy,18.33,11,60,+3.64
9,Carl Pettersson,18.33,11,60,-1.82
9,Ted Purdy,18.33,11,60,+3.64
9,David Toms,18.33,11,60,E
15,Mark Calcavecchia,20.00,12,60,E
15,K.J. Choi,20.00,12,60,+2.50
15,Robert Gamez,20.00,12,60,+2.50
18,Stuart Appleby,21.67,13,60,-0.77
18,Brad Faxon,21.67,13,60,+3.08
18,Sergio Garcia,21.67,13,60,+2.31
18,Heath Slocum,21.67,13,60,+2.31
18,Vaughn Taylor,21.67,13,60,+0.77
23,Michael Campbell,23.33,14,60,E
23,Vijay Singh,23.33,14,60,E
25,Ben Crane,30.00,18,60,+2.78
25,"Wes Short, Jr.",30.00,18,60,+1.67
27,Lucas Glover,31.67,19,60,+0.53
28,Jason Gore,33.33,20,60,+6.50
