rank,player,%,Total Left rough,Possible Fwys,Relative to par
1,Tim Petrovic,1.67,1,60,E
2,Fred Funk,5.00,3,60,+0.67
3,Jim Furyk,6.67,4,60,-0.25
3,David Toms,6.67,4,60,E
5,Mark Calcavecchia,8.33,5,60,E
5,Sean O'Hair,8.33,5,60,+0.80
5,Kenny Perry,8.33,5,60,E
5,Carl Pettersson,8.33,5,60,+0.20
9,Jason Bohn,10.00,6,60,E
9,Bart Bryant,10.00,6,60,+0.33
9,Michael Campbell,10.00,6,60,-0.17
9,Robert Gamez,10.00,6,60,E
9,Justin Leonard,10.00,6,60,+0.17
9,Peter Lonard,10.00,6,60,+0.50
9,Ted Purdy,10.00,6,60,+0.50
9,Vijay Singh,10.00,6,60,E
9,Vaughn Taylor,10.00,6,60,E
18,Olin Browne,11.67,7,60,+0.29
18,K.J. Choi,11.67,7,60,+0.29
18,Brad Faxon,11.67,7,60,+0.29
18,Sergio Garcia,11.67,7,60,+0.57
22,Stuart Appleby,13.33,8,60,E
22,Geoff Ogilvy,13.33,8,60,+0.25
22,Heath Slocum,13.33,8,60,+0.25
25,Jason Gore,15.00,9,60,+0.89
26,Ben Crane,18.33,11,60,+0.36
26,"Wes Short, Jr.",18.33,11,60,+0.18
28,Lucas Glover,20.00,12,60,+0.17
