rank,player,%,Total Right rough,Possible Fwys,Relative to par
1,Olin Browne,.00,0,60,E
2,Bart Bryant,3.33,2,60,-0.50
3,Jim Furyk,5.00,3,60,E
3,Justin Leonard,5.00,3,60,E
3,Geoff Ogilvy,5.00,3,60,+0.67
3,Kenny Perry,5.00,3,60,-0.67
7,Tim Petrovic,6.67,4,60,+0.75
8,Stuart Appleby,8.33,5,60,-0.20
8,Jason Bohn,8.33,5,60,+0.40
8,K.J. Choi,8.33,5,60,+0.20
8,Fred Funk,8.33,5,60,+0.20
8,Peter Lonard,8.33,5,60,E
8,Sean O'Hair,8.33,5,60,E
8,Ted Purdy,8.33,5,60,+0.20
8,Heath Slocum,8.33,5,60,+0.20
16,Brad Faxon,10.00,6,60,+0.33
16,Robert Gamez,10.00,6,60,+0.50
16,Sergio Garcia,10.00,6,60,-0.17
16,Carl Pettersson,10.00,6,60,-0.50
20,Mark Calcavecchia,11.67,7,60,E
20,Ben Crane,11.67,7,60,+0.14
20,Lucas Glover,11.67,7,60,-0.14
20,"Wes Short, Jr.",11.67,7,60,+0.14
20,Vaughn Taylor,11.67,7,60,+0.14
20,David Toms,11.67,7,60,E
26,Michael Campbell,13.33,8,60,+0.13
26,Vijay Singh,13.33,8,60,E
28,Jason Gore,18.33,11,60,+0.45
