rank,player,%,# Hit,Total Attempts
1,Jim Furyk,96.67,58,60
1,David Toms,96.67,58,60
3,Justin Leonard,95.00,57,60
3,Vaughn Taylor,95.00,57,60
5,Stuart Appleby,93.33,56,60
5,Olin Browne,93.33,56,60
5,Bart Bryant,93.33,56,60
5,Fred Funk,93.33,56,60
5,Sergio Garcia,93.33,56,60
10,Lucas Glover,91.67,55,60
10,Peter Lonard,91.67,55,60
10,Geoff Ogilvy,91.67,55,60
10,Kenny Perry,91.67,55,60
10,Vijay Singh,91.67,55,60
15,Robert Gamez,90.00,54,60
16,Mark Calcavecchia,88.33,53,60
16,Carl Pettersson,88.33,53,60
16,"Wes Short, Jr.",88.33,53,60
16,Heath Slocum,88.33,53,60
20,Jason Bohn,86.67,52,60
20,Michael Campbell,86.67,52,60
20,Tim Petrovic,86.67,52,60
20,Ted Purdy,86.67,52,60
24,K.J. Choi,81.67,49,60
25,Jason Gore,80.00,48,60
25,Sean O'Hair,80.00,48,60
27,Brad Faxon,75.00,45,60
28,Ben Crane,73.33,44,60
