rank,player,RTP Score
1,Jim Furyk,-.250
2,Michael Campbell,-.167
3,Stuart Appleby,E
3,Jason Bohn,E
3,Mark Calcavecchia,E
3,Robert Gamez,E
3,Kenny Perry,E
3,Tim Petrovic,E
3,Vijay Singh,E
3,Vaughn Taylor,E
3,David Toms,E
12,Lucas Glover,+.167
12,Justin Leonard,+.167
14,"Wes Short, Jr.",+.182
15,Carl Pettersson,+.200
16,Geoff Ogilvy,+.250
16,Heath Slocum,+.250
18,Olin Browne,+.286
18,K.J. Choi,+.286
18,Brad Faxon,+.286
21,Bart Bryant,+.333
22,Ben Crane,+.364
23,Peter Lonard,+.500
23,Ted Purdy,+.500
25,Sergio Garcia,+.571
26,Fred Funk,+.667
27,Sean O'Hair,+.800
28,Jason Gore,+.889
