rank,player,Avg (Yards),Total Distance (inches),Number of Approach Shots
1,Taiga Semikawa,146.4,"210,765",40
2,Brian Harman,150.2,"264,885",49
3,Denny McCarthy,150.8,"266,035",49
4,Danny Lee,151.0,"244,577",45
5,Davis Thompson,152.2,"273,882",50
6,Nico Echavarria,152.3,"257,678",47
7,Brendan Steele,152.7,"252,915",46
8,Nick Hardy,152.9,"247,775",45
9,J.J. Spaun,153.8,"293,492",53
10,Si Woo Kim,154.0,"221,793",40
11,Ben Griffin,154.2,"277,527",50
12,Stewart Cink,154.4,"239,007",43
13,Chris Kirk,154.8,"234,093",42
13,Greyson Sigg,154.8,"239,580",43
13,Austin Smotherman,154.8,"256,390",46
16,Stephan Jaeger,155.6,"291,371",52
17,Ryan Palmer,155.7,"280,323",50
17,Justin Suh,155.7,"252,186",45
19,Austin Eckroat,156.2,"247,439",44
20,Cole Hammer,156.6,"248,078",44
21,Keita Nakajima,156.7,"270,854",48
22,Matt Kuchar,156.9,"265,536",47
23,Hayden Buckley,157.1,"265,887",47
24,Kurt Kitayama,157.2,"277,229",49
24,Kevin Yu,157.2,"220,747",39
26,Brendon Todd,157.7,"244,077",43
27,Andrew Putnam,158.0,"250,334",44
28,Eric Cole,158.2,"290,455",51
29,J.T. Poston,158.8,"268,610",47
30,Corey Conners,158.9,"286,091",50
31,Harry Hall,159.0,"240,347",42
32,Zac Blair,159.2,"240,682",42
32,Patton Kizzire,159.2,"257,953",45
34,Hideki Matsuyama,159.5,"275,543",48
35,David Lipsky,160.3,"248,116",43
35,Augusto Núñez,160.3,"242,448",42
35,Ben Taylor,160.3,"288,485",50
38,Chez Reavie,160.6,"289,032",50
39,Adam Scott,160.7,"254,553",44
40,K.H. Lee,161.0,"260,836",45
40,Doc Redman,161.0,"254,964",44
42,Brice Garnett,161.1,"220,405",38
43,Tyson Alexander,161.4,"249,793",43
43,Nate Lashley,161.4,"284,633",49
45,Andrew Novak,161.7,"291,121",50
46,Chad Ramey,161.8,"267,908",46
47,Zach Johnson,162.3,"298,031",51
48,Will Gordon,163.1,"275,989",47
49,S.H. Kim,163.4,"252,970",43
50,Adam Long,163.5,"264,808",45
51,Taylor Montgomery,164.1,"248,052",42
52,Nick Taylor,164.3,"266,234",45
53,Russell Henley,164.6,"278,451",47
54,Adam Svensson,164.9,"296,779",50
54,Kevin Tway,164.9,"284,915",48
56,Byeong Hun An,165.1,"273,385",46
57,Kazuki Higa,165.6,"274,202",46
58,Anders Albertson,166.3,"275,361",46
59,Russell Knox,167.1,"282,724",47
60,Cam Davis,167.4,"259,130",43
61,Maverick McNealy,167.6,"283,592",47
62,Tom Hoge,167.7,"265,665",44
63,Aaron Baddeley,167.8,"326,182",54
64,Kelly Kraft,168.0,"260,090",43
64,Michael Thompson,168.0,"290,250",48
66,MJ Daffue,169.2,"347,259",57
66,Ben Martin,169.2,"286,244",47
68,Adam Schenk,169.7,"317,736",52
69,Harris English,169.8,"268,929",44
70,Joseph Winslow,170.2,"245,104",40
71,Troy Merritt,170.3,"306,546",50
72,Brian Stuard,170.6,"307,164",50
73,Carl Yuan,173.9,"237,876",38
74,Joseph Bramlett,175.1,"334,158",53
75,Aaron Rai,176.8,"350,003",55
76,Ryan Brehm,177.9,"256,201",40
