rank,player,Hole outs
1,Adam Long,3
1,Brian Stuard,3
3,Austin Eckroat,2
3,Si Woo Kim,2
3,Taylor Montgomery,2
3,Adam Scott,2
3,Greyson Sigg,2
8,Tyson Alexander,1
8,Aaron Baddeley,1
8,Joseph Bramlett,1
8,Ryan Brehm,1
8,Hayden Buckley,1
8,Stewart Cink,1
8,Will Gordon,1
8,Cole Hammer,1
8,Nick Hardy,1
8,Kazuki Higa,1
8,Zach Johnson,1
8,S.H. Kim,1
8,Chris Kirk,1
8,Russell Knox,1
8,Kelly Kraft,1
8,K.H. Lee,1
8,Ben Martin,1
8,Andrew Novak,1
8,Chad Ramey,1
8,Chez Reavie,1
8,Adam Schenk,1
8,Justin Suh,1
8,Adam Svensson,1
8,Davis Thompson,1
8,Brendon Todd,1
