rank,player,Avg (Yards),Total Distance (inches),Number of Approach Shots
1,MJ Daffue,131.7,"52,171",11
2,Tom Hoge,137.9,"89,330",18
3,Aaron Rai,143.5,"56,816",11
4,Anders Albertson,146.3,"78,987",15
5,Ben Martin,147.3,"90,169",17
6,David Lipsky,147.9,"117,100",22
7,Doc Redman,149.4,"102,190",19
8,Russell Knox,149.9,"75,551",14
9,J.J. Spaun,150.5,"81,245",15
10,Brian Stuard,150.7,"70,522",13
11,Cam Davis,150.8,"97,690",18
12,Austin Smotherman,151.8,"81,995",15
13,Ben Griffin,152.2,"93,167",17
14,Chris Kirk,152.5,"126,309",23
15,J.T. Poston,152.7,"93,450",17
16,Russell Henley,152.8,"93,488",17
17,Will Gordon,153.3,"99,347",18
18,Patton Kizzire,153.6,"71,907",13
19,Zach Johnson,153.8,"60,912",11
20,Nick Taylor,155.5,"111,944",20
21,Kazuki Higa,156.0,"84,226",15
22,Brice Garnett,156.1,"123,650",22
23,Corey Conners,156.4,"95,721",17
24,Ryan Palmer,157.7,"90,820",16
25,Joseph Winslow,158.6,"108,481",19
26,Kelly Kraft,158.8,"97,160",17
27,Brian Harman,159.9,"92,109",16
28,Tyson Alexander,160.9,"110,086",19
29,Eric Cole,161.1,"75,386",13
30,Chad Ramey,161.6,"93,079",16
31,Hayden Buckley,162.2,"116,792",20
32,Augusto Núñez,162.3,"116,844",20
33,Ben Taylor,162.6,"105,384",18
34,Taiga Semikawa,162.7,"105,406",18
35,Adam Svensson,162.8,"87,926",15
35,Kevin Yu,162.8,"128,906",22
37,Harry Hall,163.2,"117,479",20
38,Keita Nakajima,163.6,"82,449",14
39,Taylor Montgomery,163.9,"123,908",21
40,S.H. Kim,164.0,"123,982",21
41,Adam Scott,164.6,"118,531",20
42,Andrew Novak,164.8,"100,875",17
42,Kevin Tway,164.8,"88,980",15
44,Nate Lashley,165.0,"106,911",18
45,Justin Suh,165.2,"107,023",18
46,Brendan Steele,165.3,"95,226",16
47,Greyson Sigg,165.8,"107,435",18
48,Cole Hammer,166.3,"101,776",17
49,Maverick McNealy,166.8,"114,066",19
50,Aaron Baddeley,167.4,"90,373",15
51,Stewart Cink,169.0,"121,712",20
52,Ryan Brehm,169.5,"115,922",19
53,Michael Thompson,170.5,"98,194",16
54,Chez Reavie,171.0,"92,342",15
55,Si Woo Kim,171.3,"154,182",25
56,Zac Blair,171.9,"117,564",19
56,Harris English,171.9,"92,838",15
58,Matt Kuchar,172.6,"118,045",19
59,Denny McCarthy,172.9,"99,573",16
60,Nico Echavarria,173.9,"118,944",19
61,Davis Thompson,174.5,"87,951",14
62,Hideki Matsuyama,175.1,"100,878",16
63,Stephan Jaeger,176.7,"95,428",15
64,Byeong Hun An,177.3,"127,670",20
65,Carl Yuan,177.7,"147,158",23
66,Danny Lee,178.5,"115,674",18
67,Brendon Todd,181.0,"136,830",21
68,Andrew Putnam,181.2,"136,988",21
69,Adam Long,183.2,"105,496",16
70,Troy Merritt,183.3,"85,784",13
71,Kurt Kitayama,185.4,"80,073",12
72,Nick Hardy,185.6,"106,930",16
73,Adam Schenk,189.6,"81,913",12
74,K.H. Lee,191.5,"131,020",19
75,Joseph Bramlett,194.4,"83,984",12
76,Austin Eckroat,195.6,"140,800",20
