rank,player,Avg (Yards),Total Distance (inches),Number of Approach Shots
1,Byeong Hun An,123.4,"26,655",6
2,Matt Kuchar,124.7,"26,927",6
3,Adam Svensson,132.1,"33,287",7
4,MJ Daffue,135.3,"19,484",4
5,Corey Conners,136.8,"24,626",5
6,Adam Schenk,140.5,"40,471",8
7,Brian Harman,140.9,"30,443",6
8,Brendan Steele,141.3,"50,876",10
9,Ryan Brehm,143.4,"67,133",13
10,J.J. Spaun,144.2,"20,766",4
11,J.T. Poston,146.2,"42,095",8
12,Kurt Kitayama,147.6,"53,139",10
13,Brendon Todd,150.9,"43,458",8
14,Stewart Cink,153.6,"49,757",9
15,Si Woo Kim,154.5,"38,938",7
15,Ben Taylor,154.5,"22,250",4
17,Cam Davis,154.8,"61,320",11
18,Andrew Novak,155.1,"27,922",5
19,Taiga Semikawa,155.3,"78,253",14
20,Patton Kizzire,155.8,"78,532",14
21,Kazuki Higa,156.1,"56,211",10
22,Nate Lashley,156.5,"28,165",5
23,Will Gordon,157.0,"39,564",7
24,Augusto Núñez,157.3,"56,617",10
25,Chad Ramey,157.9,"56,856",10
26,Joseph Winslow,159.0,"74,400",13
27,Troy Merritt,159.3,"51,597",9
28,Harry Hall,159.7,"51,756",9
28,Kevin Tway,159.7,"51,727",9
30,Harris English,159.9,"74,838",13
31,Austin Smotherman,160.2,"63,458",11
32,K.H. Lee,160.4,"46,203",8
33,Nico Echavarria,160.5,"34,676",6
34,Zach Johnson,164.0,"59,045",10
35,Kevin Yu,164.6,"65,175",11
36,Ben Griffin,165.5,"29,784",5
37,Tom Hoge,165.8,"59,673",10
38,Tyson Alexander,165.9,"59,725",10
38,Aaron Rai,165.9,"35,843",6
40,S.H. Kim,166.1,"47,848",8
41,Stephan Jaeger,166.6,"29,987",5
42,Justin Suh,167.8,"54,358",9
43,Ben Martin,168.3,"48,470",8
44,Maverick McNealy,169.2,"36,556",6
45,Doc Redman,171.9,"55,680",9
46,Russell Henley,172.1,"49,572",8
47,Aaron Baddeley,172.4,"18,623",3
48,Adam Long,172.7,"68,384",11
49,Nick Hardy,173.4,"68,684",11
50,Zac Blair,174.2,"68,980",11
51,Austin Eckroat,174.3,"50,196",8
52,Taylor Montgomery,174.5,"56,534",9
53,Eric Cole,175.1,"50,418",8
54,Chez Reavie,175.3,"44,172",7
55,Kelly Kraft,175.6,"75,839",12
56,Adam Scott,175.7,"50,612",8
57,Anders Albertson,175.9,"69,664",11
58,Hideki Matsuyama,178.0,"51,260",8
59,Russell Knox,178.7,"70,767",11
60,Hayden Buckley,179.2,"32,253",5
61,Joseph Bramlett,179.5,"38,781",6
62,Nick Taylor,181.1,"45,634",7
63,Davis Thompson,181.4,"52,243",8
64,David Lipsky,181.5,"45,746",7
65,Michael Thompson,182.5,"52,554",8
66,Chris Kirk,183.6,"46,263",7
67,Brice Garnett,184.1,"79,532",12
68,Greyson Sigg,184.3,"72,980",11
69,Keita Nakajima,184.9,"66,554",10
70,Ryan Palmer,187.4,"40,470",6
71,Brian Stuard,189.5,"61,393",9
72,Carl Yuan,190.6,"75,484",11
73,Cole Hammer,191.5,"68,922",10
74,Andrew Putnam,192.0,"48,384",7
75,Danny Lee,196.1,"63,552",9
76,Denny McCarthy,196.4,"49,483",7
