rank,player,Distance,Tournament,Round- Course,Hole
1,Ryan Armour,204,Sony Open,1,17
2,Adam Svensson,175,Sony Open,2,7
3,Hayden Buckley,133,Sony Open,3,10
4,Aaron Baddeley,130,Sony Open,1,2
5,Stewart Cink,106,Sony Open,3,16
6,Ryan Brehm,89,Sony Open,2,12
7,Nick Hardy,86,Sony Open,2,12
8,Adam Long,36,Sony Open,1,3
9,Will Gordon,29,Sony Open,3,17
10,Adam Schenk,22,Sony Open,3,18
11,Scott Piercy,22,Sony Open,1,16
12,Si Woo Kim,21,Sony Open,2,10
13,David Lingmerth,20,Sony Open,2,2
14,Davis Thompson,19,Sony Open,4,15
15,Zach Johnson,19,Sony Open,4,12
16,Tyson Alexander,16,Sony Open,2,5
17,Cole Hammer,16,Sony Open,4,4
18,Taylor Montgomery,14,Sony Open,4,6
19,Justin Suh,14,Sony Open,2,4
20,Chris Kirk,13,Sony Open,3,14
21,Chad Ramey,13,Sony Open,4,8
22,Joseph Bramlett,12,Sony Open,3,9
23,Andrew Novak,12,Sony Open,4,1
24,Jesse Mueller,12,Sony Open,1,2
25,Adam Scott,11,Sony Open,3,15
26,Greyson Sigg,11,Sony Open,2,1
27,Russell Knox,10,Sony Open,1,8
28,S.H. Kim,10,Sony Open,1,2
29,Brendon Todd,9,Sony Open,4,2
30,Chez Reavie,9,Sony Open,1,2
31,Ben Martin,9,Sony Open,3,4
32,K.H. Lee,9,Sony Open,1,15
33,Austin Eckroat,8,Sony Open,2,12
34,Brian Stuard,8,Sony Open,3,14
35,Scott Harrington,6,Sony Open,2,14
36,Jim Herman,6,Sony Open,2,11
37,Kazuki Higa,6,Sony Open,4,12
38,Kelly Kraft,6,Sony Open,2,15
39,Keegan Bradley,5,Sony Open,2,15
