rank,player,Avg,Distance (in inches),Attempts
1,Yuto Katsuragawa,196.4,"28,283",4
2,Michael Kim,206.1,"44,510",6
3,Brendon Todd,207.6,"37,362",5
3,Matt Wallace,207.6,"37,366",5
5,Charley Hoffman,207.9,"59,869",8
6,Ben Silverman,212.3,"38,216",5
7,Maverick McNealy,216.1,"46,678",6
8,Cam Davis,218.1,"70,668",9
9,Aaron Rai,221.3,"63,747",8
10,Russell Henley,224.8,"56,640",7
11,Akshay Bhatia,225.2,"56,745",7
12,Jake Knapp,225.6,"64,974",8
13,Hideki Matsuyama,225.9,"73,182",9
14,Lanto Griffin,227.2,"57,253",7
15,Robby Shelton,228.8,"57,657",7
16,Troy Merritt,230.7,"74,737",9
17,Byeong Hun An,231.4,"74,972",9
18,Webb Simpson,232.8,"75,440",9
19,Carl Yuan,232.9,"75,469",9
20,Corey Conners,234.3,"67,471",8
21,Patton Kizzire,236.9,"76,748",9
22,Nick Taylor,238.8,"68,786",8
23,Chris Kirk,239.2,"77,498",9
23,Norman Xiong,239.2,"68,896",8
25,Tyrrell Hatton,239.3,"77,520",9
26,Matthieu Pavon,239.7,"86,306",10
27,Parker Coody,240.2,"69,170",8
27,Matt NeSmith,240.2,"43,240",5
29,Keegan Bradley,240.4,"69,243",8
30,Davis Thompson,240.8,"52,016",6
31,Nico Echavarria,241.6,"52,182",6
32,Andrew Putnam,242.0,"43,568",5
33,Austin Eckroat,242.2,"78,481",9
34,K.H. Lee,243.4,"61,336",7
35,Brandon Wu,243.5,"61,366",7
36,Zac Blair,243.9,"61,463",7
37,Ben Kohles,244.1,"79,074",9
38,Adam Svensson,244.3,"70,348",8
39,Grayson Murray,244.9,"79,341",9
40,Dylan Wu,245.7,"70,772",8
41,Denny McCarthy,246.5,"79,879",9
41,Martin Trainer,246.5,"88,747",10
43,Stephan Jaeger,246.8,"97,718",11
44,Harris English,247.5,"98,016",11
45,Seamus Power,247.6,"62,405",7
46,Justin Lower,248.1,"53,595",6
47,Billy Horschel,248.8,"89,584",10
47,Patrick Rodgers,248.8,"89,560",10
49,Harry Hall,249.6,"71,891",8
50,Greyson Sigg,249.7,"53,938",6
51,Brian Harman,249.8,"80,951",9
52,J.T. Poston,250.0,"89,985",10
53,Will Gordon,250.5,"72,148",8
54,S.H. Kim,251.1,"99,423",11
55,Garrick Higgo,251.2,"90,422",10
56,Stewart Cink,251.4,"90,518",10
57,Si Woo Kim,251.8,"90,645",10
58,Luke List,253.2,"109,366",12
59,Justin Rose,254.0,"91,427",10
60,Joel Dahmen,254.2,"54,899",6
61,Erik van Rooyen,254.5,"100,782",11
62,Tyler Duncan,255.0,"91,813",10
62,Sam Stevens,255.0,"55,075",6
64,Eric Cole,255.4,"101,124",11
65,Chandler Phillips,258.0,"83,594",9
66,Mark Hubbard,258.3,"92,996",10
67,Emiliano Grillo,259.7,"74,803",8
67,Alejandro Tosti,259.7,"84,135",9
69,Scott Stallings,260.3,"74,958",8
70,Nick Hardy,260.6,"93,798",10
71,Taylor Montgomery,261.8,"94,259",10
72,Alex Noren,263.2,"75,813",8
73,Robert MacIntyre,265.1,"85,902",9
74,Ludvig Åberg,268.5,"106,330",11
75,Taylor Pendrith,268.7,"77,397",8
76,Kurt Kitayama,269.3,"77,553",8
77,Ryo Hisatsune,271.6,"87,998",9
78,Taiga Semikawa,273.4,"118,128",12
79,Ben Griffin,279.2,"100,499",10
80,Keith Mitchell,281.6,"111,509",11
81,Joseph Bramlett,290.4,"125,457",12
