rank,player,%,Attempts,Non-Attempts,RTP-Going for the green,RTP-Not going for the grn
1,Joseph Bramlett,100.00%,12,0,-4,E
1,Luke List,100.00%,12,0,-7,E
3,Eric Cole,91.67%,11,1,-7,E
3,Harris English,91.67%,11,1,-6,E
3,Stephan Jaeger,91.67%,11,1,-9,E
3,S.H. Kim,91.67%,11,1,-8,E
3,Keith Mitchell,91.67%,11,1,-10,-1
3,Erik van Rooyen,91.67%,11,1,-9,E
9,Ludvig Åberg,83.33%,10,2,-8,E
9,Stewart Cink,83.33%,10,2,-9,-1
9,Tyler Duncan,83.33%,10,2,-7,E
9,Garrick Higgo,83.33%,10,2,-9,E
9,Billy Horschel,83.33%,10,2,-8,-1
9,Mark Hubbard,83.33%,10,2,-7,-1
9,Si Woo Kim,83.33%,10,2,-6,+1
9,Taylor Montgomery,83.33%,10,2,-6,E
9,Matthieu Pavon,83.33%,10,2,-9,-1
9,J.T. Poston,83.33%,10,2,-9,E
9,Patrick Rodgers,83.33%,10,2,-9,-2
9,Justin Rose,83.33%,10,2,-8,-2
9,Taiga Semikawa,83.33%,10,2,-9,-1
9,Martin Trainer,83.33%,10,2,-5,-1
23,Byeong Hun An,75.00%,9,3,-6,-1
23,Cam Davis,75.00%,9,3,-9,E
23,Austin Eckroat,75.00%,9,3,-7,+2
23,Ben Griffin,75.00%,9,3,-9,E
23,Nick Hardy,75.00%,9,3,-7,E
23,Brian Harman,75.00%,9,3,-6,E
23,Tyrrell Hatton,75.00%,9,3,-6,E
23,Ryo Hisatsune,75.00%,9,3,-9,E
23,Chris Kirk,75.00%,9,3,-5,E
23,Patton Kizzire,75.00%,9,3,-6,-1
23,Ben Kohles,75.00%,9,3,-6,-1
23,Robert MacIntyre,75.00%,9,3,-3,-2
23,Hideki Matsuyama,75.00%,9,3,-8,-2
23,Denny McCarthy,75.00%,9,3,-7,-2
23,Troy Merritt,75.00%,9,3,-7,E
23,Grayson Murray,75.00%,9,3,-10,-2
23,Chandler Phillips,75.00%,9,3,-4,-1
23,Webb Simpson,75.00%,9,3,-8,E
23,Alejandro Tosti,75.00%,9,3,-5,+3
23,Carl Yuan,75.00%,9,3,-8,E
43,Keegan Bradley,66.67%,8,4,-8,-3
43,Corey Conners,66.67%,8,4,-5,-2
43,Parker Coody,66.67%,8,4,-9,E
43,Will Gordon,66.67%,8,4,-5,-2
43,Emiliano Grillo,66.67%,8,4,-7,-3
43,Harry Hall,66.67%,8,4,-6,-1
43,Charley Hoffman,66.67%,8,4,-4,E
43,Jake Knapp,66.67%,8,4,-5,E
43,Alex Noren,66.67%,8,4,-6,E
43,Taylor Pendrith,66.67%,8,4,-5,-3
43,Aaron Rai,66.67%,8,4,-7,+2
43,Scott Stallings,66.67%,8,4,-6,+1
43,Adam Svensson,66.67%,8,4,-9,+1
43,Nick Taylor,66.67%,8,4,-6,-1
43,Dylan Wu,66.67%,8,4,-5,-2
43,Norman Xiong,66.67%,8,4,-4,E
59,Akshay Bhatia,58.33%,7,5,-7,-2
59,Zac Blair,58.33%,7,5,-6,-3
59,Lanto Griffin,58.33%,7,5,-5,E
59,Russell Henley,58.33%,7,5,-6,-2
59,Kurt Kitayama,58.33%,7,5,-5,+1
59,K.H. Lee,58.33%,7,5,-7,-2
59,Seamus Power,58.33%,7,5,-2,-1
59,Robby Shelton,58.33%,7,5,-4,E
59,Brandon Wu,58.33%,7,5,-6,E
68,Joel Dahmen,50.00%,6,6,-5,+1
68,Nico Echavarria,50.00%,6,6,-2,E
68,Michael Kim,50.00%,6,6,-6,-2
68,Justin Lower,50.00%,6,6,-4,+1
68,Maverick McNealy,50.00%,6,6,-6,-1
68,Greyson Sigg,50.00%,6,6,-4,E
68,Sam Stevens,50.00%,6,6,-5,-2
68,Davis Thompson,50.00%,6,6,-3,+3
76,Matt NeSmith,41.67%,5,7,-3,-2
76,Andrew Putnam,41.67%,5,7,-4,-1
76,Ben Silverman,41.67%,5,7,-5,-2
76,Brendon Todd,41.67%,5,7,-5,-3
76,Matt Wallace,41.67%,5,7,-6,-4
81,Yuto Katsuragawa,33.33%,4,8,-2,-3
