rank,player,%,# of Birdie or Better,Attempts,RTP-Successes,RTP-Not going for the grn
1,Parker Coody,100.00%,8,8,-9,E
1,Michael Kim,100.00%,6,6,-6,-2.00
1,Maverick McNealy,100.00%,6,6,-6,-1.00
1,Grayson Murray,100.00%,9,9,-10,-2.00
1,Ben Silverman,100.00%,5,5,-5,-2.00
1,Matt Wallace,100.00%,5,5,-6,-4.00
7,Ryo Hisatsune,88.89%,8,9,-9,E
7,Hideki Matsuyama,88.89%,8,9,-8,-2.00
9,Keegan Bradley,87.50%,7,8,-8,-3.00
9,Adam Svensson,87.50%,7,8,-9,+1.00
11,Akshay Bhatia,85.71%,6,7,-7,-2.00
11,Brandon Wu,85.71%,6,7,-6,E
13,Joel Dahmen,83.33%,5,6,-5,+1.00
13,Sam Stevens,83.33%,5,6,-5,-2.00
15,Stewart Cink,80.00%,8,10,-9,-1.00
15,Billy Horschel,80.00%,8,10,-8,-1.00
15,J.T. Poston,80.00%,8,10,-9,E
15,Andrew Putnam,80.00%,4,5,-4,-1.00
15,Patrick Rodgers,80.00%,8,10,-9,-2.00
15,Justin Rose,80.00%,8,10,-8,-2.00
15,Brendon Todd,80.00%,4,5,-5,-3.00
22,Cam Davis,77.78%,7,9,-9,E
22,Austin Eckroat,77.78%,7,9,-7,+2.00
22,Denny McCarthy,77.78%,7,9,-7,-2.00
22,Troy Merritt,77.78%,7,9,-7,E
22,Webb Simpson,77.78%,7,9,-8,E
22,Carl Yuan,77.78%,7,9,-8,E
28,Emiliano Grillo,75.00%,6,8,-7,-3.00
28,Harry Hall,75.00%,6,8,-6,-1.00
28,Aaron Rai,75.00%,6,8,-7,+2.00
28,Taiga Semikawa,75.00%,9,12,-9,-1.00
32,Eric Cole,72.73%,8,11,-8,E
32,Stephan Jaeger,72.73%,8,11,-9,E
32,S.H. Kim,72.73%,8,11,-8,E
32,Keith Mitchell,72.73%,8,11,-10,-1.00
36,Zac Blair,71.43%,5,7,-6,-3.00
36,Lanto Griffin,71.43%,5,7,-5,E
36,Russell Henley,71.43%,5,7,-6,-2.00
39,Ben Griffin,70.00%,7,10,-9,E
39,Nick Hardy,70.00%,7,10,-7,E
39,Matthieu Pavon,70.00%,7,10,-9,-1.00
42,Byeong Hun An,66.67%,6,9,-7,-1.00
42,Chris Kirk,66.67%,6,9,-6,E
42,Ben Kohles,66.67%,6,9,-6,-1.00
42,Justin Lower,66.67%,4,6,-4,+1.00
42,Greyson Sigg,66.67%,4,6,-4,E
47,Erik van Rooyen,63.64%,7,11,-9,E
48,Will Gordon,62.50%,5,8,-5,-2.00
48,Jake Knapp,62.50%,5,8,-5,E
48,Alex Noren,62.50%,5,8,-6,E
48,Taylor Pendrith,62.50%,5,8,-5,-3.00
48,Scott Stallings,62.50%,5,8,-6,+1.00
48,Nick Taylor,62.50%,5,8,-6,-1.00
48,Dylan Wu,62.50%,5,8,-5,-2.00
55,Tyler Duncan,60.00%,6,10,-7,E
55,Garrick Higgo,60.00%,6,10,-9,E
55,Mark Hubbard,60.00%,6,10,-7,-1.00
55,Taylor Montgomery,60.00%,6,10,-6,E
55,Matt NeSmith,60.00%,3,5,-3,-2.00
60,Luke List,58.33%,7,12,-8,E
61,K.H. Lee,57.14%,4,7,-7,-2.00
61,Robby Shelton,57.14%,4,7,-4,E
63,Brian Harman,55.56%,5,9,-6,E
63,Patton Kizzire,55.56%,5,9,-6,-1.00
63,Alejandro Tosti,55.56%,5,9,-5,+3.00
66,Ludvig Åberg,54.55%,6,11,-8,E
66,Harris English,54.55%,6,11,-6,E
68,Corey Conners,50.00%,4,8,-5,-2.00
68,Nico Echavarria,50.00%,3,6,-3,E
68,Charley Hoffman,50.00%,4,8,-4,E
68,Yuto Katsuragawa,50.00%,2,4,-2,-3.00
68,Si Woo Kim,50.00%,5,10,-6,+1.00
68,Kurt Kitayama,50.00%,4,8,-5,+1.00
68,Davis Thompson,50.00%,3,6,-3,+3.00
68,Martin Trainer,50.00%,5,10,-5,-1.00
68,Norman Xiong,50.00%,4,8,-4,E
77,Tyrrell Hatton,44.44%,4,9,-6,E
77,Robert MacIntyre,44.44%,4,9,-4,-2.00
77,Chandler Phillips,44.44%,4,9,-4,-1.00
80,Joseph Bramlett,41.67%,5,12,-6,E
81,Seamus Power,28.57%,2,7,-2,-1.00
