rank,player,%,Successes,Attempts,RTP-Successes,RTP-Not going for the grn
1,Yuto Katsuragawa,75.00%,3,4,-2,-3.00
2,Akshay Bhatia,71.43%,5,7,-6,-2.00
3,Austin Eckroat,66.67%,6,9,-6,+2.00
3,Michael Kim,66.67%,4,6,-4,-2.00
3,Webb Simpson,66.67%,6,9,-7,E
6,Keegan Bradley,62.50%,5,8,-6,-3.00
6,Corey Conners,62.50%,5,8,-5,-2.00
8,Andrew Putnam,60.00%,3,5,-3,-1.00
8,Matt Wallace,60.00%,3,5,-4,-4.00
10,Zac Blair,57.14%,4,7,-3,-3.00
10,Robby Shelton,57.14%,4,7,-3,E
10,Brandon Wu,57.14%,4,7,-4,E
13,Byeong Hun An,55.56%,5,9,-6,-1.00
13,Tyrrell Hatton,55.56%,5,9,-5,E
13,Chris Kirk,55.56%,5,9,-5,E
13,Grayson Murray,55.56%,5,9,-6,-2.00
17,Ludvig Åberg,54.55%,6,11,-6,E
18,Will Gordon,50.00%,4,8,-4,-2.00
18,Emiliano Grillo,50.00%,4,8,-5,-3.00
18,Harry Hall,50.00%,4,8,-4,-1.00
18,Nick Hardy,50.00%,5,10,-5,E
18,Kurt Kitayama,50.00%,4,8,-3,+1.00
18,Maverick McNealy,50.00%,3,6,-3,-1.00
18,Aaron Rai,50.00%,4,8,-5,+2.00
18,Patrick Rodgers,50.00%,5,10,-6,-2.00
18,Scott Stallings,50.00%,4,8,-4,+1.00
18,Adam Svensson,50.00%,4,8,-5,+1.00
28,Stephan Jaeger,45.45%,5,11,-6,E
28,Keith Mitchell,45.45%,5,11,-7,-1.00
28,Erik van Rooyen,45.45%,5,11,-7,E
31,Cam Davis,44.44%,4,9,-6,E
31,Hideki Matsuyama,44.44%,4,9,-4,-2.00
31,Troy Merritt,44.44%,4,9,-4,E
31,Carl Yuan,44.44%,4,9,-5,E
35,K.H. Lee,42.86%,3,7,-6,-2.00
36,Luke List,41.67%,5,12,-5,E
37,Stewart Cink,40.00%,4,10,-5,-1.00
37,Ben Griffin,40.00%,4,10,-6,E
37,Garrick Higgo,40.00%,4,10,-6,E
37,Billy Horschel,40.00%,4,10,-4,-1.00
37,Mark Hubbard,40.00%,4,10,-5,-1.00
37,Si Woo Kim,40.00%,4,10,-5,+1.00
37,Taylor Montgomery,40.00%,4,10,-4,E
37,Matthieu Pavon,40.00%,4,10,-6,-1.00
37,Ben Silverman,40.00%,2,5,-2,-2.00
37,Brendon Todd,40.00%,2,5,-3,-3.00
37,Martin Trainer,40.00%,4,10,-3,-1.00
48,Charley Hoffman,37.50%,3,8,-3,E
48,Alex Noren,37.50%,3,8,-4,E
48,Nick Taylor,37.50%,3,8,-4,-1.00
48,Dylan Wu,37.50%,3,8,-3,-2.00
48,Norman Xiong,37.50%,3,8,-3,E
53,S.H. Kim,36.36%,4,11,-4,E
54,Joel Dahmen,33.33%,2,6,-2,+1.00
54,Brian Harman,33.33%,3,9,-4,E
54,Patton Kizzire,33.33%,3,9,-2,-1.00
54,Justin Lower,33.33%,2,6,-2,+1.00
54,Robert MacIntyre,33.33%,3,9,-3,-2.00
54,Denny McCarthy,33.33%,3,9,-3,-2.00
54,Sam Stevens,33.33%,2,6,-2,-2.00
54,Alejandro Tosti,33.33%,3,9,-2,+3.00
62,Tyler Duncan,30.00%,3,10,-3,E
62,J.T. Poston,30.00%,3,10,-4,E
62,Justin Rose,30.00%,3,10,-2,-2.00
65,Lanto Griffin,28.57%,2,7,-2,E
65,Russell Henley,28.57%,2,7,-3,-2.00
67,Eric Cole,27.27%,3,11,-3,E
67,Harris English,27.27%,3,11,-3,E
69,Joseph Bramlett,25.00%,3,12,-4,E
69,Parker Coody,25.00%,2,8,-3,E
69,Jake Knapp,25.00%,2,8,-2,E
69,Taylor Pendrith,25.00%,2,8,-2,-3.00
69,Taiga Semikawa,25.00%,3,12,-2,-1.00
74,Ryo Hisatsune,22.22%,2,9,-3,E
74,Ben Kohles,22.22%,2,9,-2,-1.00
74,Chandler Phillips,22.22%,2,9,-2,-1.00
77,Matt NeSmith,20.00%,1,5,-1,-2.00
78,Nico Echavarria,16.67%,1,6,-1,E
78,Greyson Sigg,16.67%,1,6,E,E
78,Davis Thompson,16.67%,1,6,-1,+3.00
81,Seamus Power,14.29%,1,7,-1,-1.00
