rank,player,Avg,Total Dist after GFG Shot,Total GFG Shots
1,Yuto Katsuragawa,11.5,"1,663.000",4
2,Maverick McNealy,13.1,"2,838.000",6
3,Corey Conners,13.9,"4,011.000",8
4,Michael Kim,14.1,"3,043.000",6
5,Will Gordon,15.0,"4,311.000",8
6,Andrew Putnam,15.1,"2,711.000",5
7,Ben Silverman,15.2,"2,743.000",5
8,Hideki Matsuyama,15.3,"4,965.000",9
9,Austin Eckroat,16.0,"5,192.000",9
9,Ben Griffin,16.0,"5,756.000",10
11,Grayson Murray,16.1,"5,207.000",9
12,Lanto Griffin,16.2,"4,084.000",7
13,Adam Svensson,16.3,"4,704.000",8
14,Matthieu Pavon,16.4,"5,911.000",10
15,Akshay Bhatia,16.6,"4,184.000",7
15,Brendon Todd,16.6,"2,991.000",5
17,Aaron Rai,16.7,"4,806.000",8
18,Parker Coody,16.8,"4,836.000",8
19,S.H. Kim,16.9,"6,708.000",11
20,Alex Noren,17.1,"4,935.000",8
21,Cam Davis,17.3,"5,607.000",9
21,Charley Hoffman,17.3,"4,993.000",8
23,Harry Hall,17.6,"5,055.000",8
24,Webb Simpson,17.7,"5,750.000",9
25,Si Woo Kim,17.9,"6,456.000",10
25,Chris Kirk,17.9,"5,792.000",9
27,Brandon Wu,18.1,"4,559.000",7
28,Byeong Hun An,18.3,"5,925.000",9
29,Tyrrell Hatton,18.5,"5,982.000",9
29,Taylor Montgomery,18.5,"6,677.000",10
31,Kurt Kitayama,18.7,"5,389.000",8
32,Nick Taylor,18.9,"5,453.000",8
33,Keegan Bradley,19.0,"5,475.000",8
34,Joel Dahmen,19.2,"4,145.000",6
34,Brian Harman,19.2,"6,233.000",9
34,Denny McCarthy,19.2,"6,213.000",9
34,Matt Wallace,19.2,"3,463.000",5
38,Zac Blair,19.4,"4,894.000",7
38,Nico Echavarria,19.4,"4,199.000",6
38,Taylor Pendrith,19.4,"5,578.000",8
41,Keith Mitchell,19.5,"7,739.000",11
42,Stephan Jaeger,19.6,"7,756.000",11
43,Luke List,19.8,"8,575.000",12
44,Russell Henley,19.9,"5,004.000",7
45,Chandler Phillips,20.0,"6,489.000",9
46,Martin Trainer,20.1,"7,222.000",10
47,Patrick Rodgers,20.3,"7,323.000",10
48,Ryo Hisatsune,20.4,"6,621.000",9
49,Eric Cole,20.5,"8,102.000",11
50,Nick Hardy,20.6,"7,433.000",10
51,Robby Shelton,20.8,"5,247.000",7
52,Mark Hubbard,21.3,"7,664.000",10
53,Troy Merritt,21.4,"6,934.000",9
54,Dylan Wu,21.6,"6,222.000",8
55,Scott Stallings,21.9,"6,299.000",8
56,K.H. Lee,22.0,"5,548.000",7
57,Harris English,22.6,"8,953.000",11
57,J.T. Poston,22.6,"8,151.000",10
57,Erik van Rooyen,22.6,"8,943.000",11
60,Ludvig Åberg,22.7,"9,003.000",11
60,Robert MacIntyre,22.7,"7,339.000",9
62,Carl Yuan,22.8,"7,386.000",9
63,Emiliano Grillo,23.2,"6,687.000",8
64,Jake Knapp,23.4,"6,746.000",8
65,Patton Kizzire,23.5,"7,604.000",9
65,Justin Lower,23.5,"5,071.000",6
65,Alejandro Tosti,23.5,"7,606.000",9
68,Ben Kohles,23.8,"7,705.000",9
69,Billy Horschel,23.9,"8,606.000",10
69,Taiga Semikawa,23.9,"10,337.000",12
71,Stewart Cink,24.1,"8,690.000",10
72,Justin Rose,24.4,"8,775.000",10
72,Greyson Sigg,24.4,"5,260.000",6
74,Garrick Higgo,24.7,"8,894.000",10
75,Tyler Duncan,25.0,"8,998.000",10
76,Matt NeSmith,25.2,"4,541.000",5
77,Norman Xiong,25.3,"7,292.000",8
78,Joseph Bramlett,25.9,"11,179.000",12
79,Davis Thompson,27.2,"5,873.000",6
80,Sam Stevens,30.4,"6,562.000",6
81,Seamus Power,31.7,"7,990.000",7
