rank,player,%,Attempts,Non-Attempts
1,Joseph Bramlett,100.00%,8,0
1,Stewart Cink,100.00%,8,0
1,Eric Cole,100.00%,8,0
1,Cam Davis,100.00%,8,0
1,Tyler Duncan,100.00%,8,0
1,Harris English,100.00%,8,0
1,Tyrrell Hatton,100.00%,8,0
1,Billy Horschel,100.00%,8,0
1,S.H. Kim,100.00%,8,0
1,Si Woo Kim,100.00%,8,0
1,Ben Kohles,100.00%,8,0
1,Luke List,100.00%,8,0
1,Hideki Matsuyama,100.00%,8,0
1,Troy Merritt,100.00%,8,0
1,J.T. Poston,100.00%,8,0
1,Aaron Rai,100.00%,8,0
1,Justin Rose,100.00%,8,0
1,Webb Simpson,100.00%,8,0
1,Erik van Rooyen,100.00%,8,0
20,Ludvig Åberg,87.50%,7,1
20,Byeong Hun An,87.50%,7,1
20,Corey Conners,87.50%,7,1
20,Austin Eckroat,87.50%,7,1
20,Nick Hardy,87.50%,7,1
20,Brian Harman,87.50%,7,1
20,Garrick Higgo,87.50%,7,1
20,Charley Hoffman,87.50%,7,1
20,Mark Hubbard,87.50%,7,1
20,Stephan Jaeger,87.50%,7,1
20,Chris Kirk,87.50%,7,1
20,Patton Kizzire,87.50%,7,1
20,Jake Knapp,87.50%,7,1
20,Denny McCarthy,87.50%,7,1
20,Keith Mitchell,87.50%,7,1
20,Taylor Montgomery,87.50%,7,1
20,Grayson Murray,87.50%,7,1
20,Matthieu Pavon,87.50%,7,1
20,Taiga Semikawa,87.50%,7,1
20,Nick Taylor,87.50%,7,1
20,Martin Trainer,87.50%,7,1
20,Dylan Wu,87.50%,7,1
20,Norman Xiong,87.50%,7,1
20,Carl Yuan,87.50%,7,1
44,Akshay Bhatia,75.00%,6,2
44,Zac Blair,75.00%,6,2
44,Keegan Bradley,75.00%,6,2
44,Parker Coody,75.00%,6,2
44,Will Gordon,75.00%,6,2
44,Lanto Griffin,75.00%,6,2
44,Emiliano Grillo,75.00%,6,2
44,Harry Hall,75.00%,6,2
44,Russell Henley,75.00%,6,2
44,Michael Kim,75.00%,6,2
44,K.H. Lee,75.00%,6,2
44,Maverick McNealy,75.00%,6,2
44,Chandler Phillips,75.00%,6,2
44,Patrick Rodgers,75.00%,6,2
44,Robby Shelton,75.00%,6,2
44,Adam Svensson,75.00%,6,2
44,Davis Thompson,75.00%,6,2
44,Alejandro Tosti,75.00%,6,2
44,Brandon Wu,75.00%,6,2
63,Nico Echavarria,62.50%,5,3
63,Ben Griffin,62.50%,5,3
63,Ryo Hisatsune,62.50%,5,3
63,Kurt Kitayama,62.50%,5,3
63,Justin Lower,62.50%,5,3
63,Robert MacIntyre,62.50%,5,3
63,Matt NeSmith,62.50%,5,3
63,Alex Noren,62.50%,5,3
63,Taylor Pendrith,62.50%,5,3
63,Seamus Power,62.50%,5,3
63,Greyson Sigg,62.50%,5,3
63,Ben Silverman,62.50%,5,3
63,Scott Stallings,62.50%,5,3
63,Brendon Todd,62.50%,5,3
63,Matt Wallace,62.50%,5,3
78,Joel Dahmen,50.00%,4,4
78,Yuto Katsuragawa,50.00%,4,4
78,Andrew Putnam,50.00%,4,4
78,Sam Stevens,50.00%,4,4
