rank,player,Combined Rank,Carry Efficiency Rank,Total Dist. Effic. Rank
1,Martin Laird,6,3,3
2,Mark Wilson,8,6,2
3,Steve Stricker,10,9,1
4,Brendan Steele,13,4,9
5,Chris Kirk,14,8,6
6,Harrison Frazar,15,1,14
6,D.A. Points,15,2,13
8,Scott Stallings,16,6,10
9,Ben Crane,17,12,5
9,Bill Haas,17,11,6
9,Scott Piercy,17,5,12
12,Bryce Molder,21,13,8
13,Jhonattan Vegas,26,10,16
14,Keegan Bradley,27,16,11
15,K.J. Choi,29,25,4
16,Aaron Baddeley,34,14,20
17,Michael Bradley,35,18,17
17,David Toms,35,20,15
19,Bubba Watson,36,17,19
20,Nick Watney,37,15,22
21,Sean O'Hair,39,19,20
21,Rory Sabbatini,39,21,18
23,Kevin Na,46,22,24
23,Johnson Wagner,46,23,23
25,Gary Woodland,49,24,25
