rank,player,Avg,Total Actual Hang Time,Total Attempts
1,Harrison Frazar,7.0,21.0,3
2,Ben Crane,6.7,26.9,4
2,Bill Haas,6.7,13.5,2
2,Chris Kirk,6.7,26.8,4
2,Scott Piercy,6.7,26.9,4
2,Brendan Steele,6.7,26.8,4
2,Nick Watney,6.7,26.9,4
8,Scott Stallings,6.6,26.6,4
8,Jhonattan Vegas,6.6,26.4,4
10,Keegan Bradley,6.5,25.9,4
10,Michael Bradley,6.5,26.1,4
10,Martin Laird,6.5,19.4,3
10,Mark Wilson,6.5,13.0,2
14,Aaron Baddeley,6.4,25.6,4
14,Kevin Na,6.4,25.7,4
14,Gary Woodland,6.4,19.1,3
17,Sean O'Hair,6.3,25.2,4
17,D.A. Points,6.3,12.6,2
17,Steve Stricker,6.3,6.3,1
17,Bubba Watson,6.3,25.3,4
21,Bryce Molder,6.2,25.0,4
22,Johnson Wagner,6.0,24.1,4
23,K.J. Choi,5.9,17.8,3
23,Rory Sabbatini,5.9,23.7,4
25,David Toms,5.8,17.3,3
