rank,player,Avg,Total Dist. to Impact,Total Attempts
1,Jhonattan Vegas,334.3,"1,003.0",3
2,Martin Laird,331.2,662.4,2
3,Bubba Watson,329.7,989.0,3
4,Harrison Frazar,329.6,988.7,3
4,Scott Stallings,329.6,"1,318.3",4
6,Scott Piercy,328.5,985.5,3
7,Aaron Baddeley,326.1,978.3,3
8,Nick Watney,323.4,"1,293.7",4
9,Bill Haas,322.4,644.9,2
10,Gary Woodland,321.7,643.4,2
11,Brendan Steele,315.5,946.5,3
12,Keegan Bradley,313.5,940.6,3
13,Chris Kirk,310.0,"1,239.9",4
14,Steve Stricker,308.6,308.6,1
15,Michael Bradley,306.9,"1,227.8",4
16,D.A. Points,303.9,607.7,2
17,Sean O'Hair,303.7,"1,215.0",4
18,Ben Crane,302.3,906.8,3
19,Kevin Na,300.5,"1,202.1",4
20,Bryce Molder,299.8,899.3,3
21,Mark Wilson,299.1,299.1,1
22,Rory Sabbatini,298.9,"1,195.6",4
23,Johnson Wagner,286.8,860.3,3
24,K.J. Choi,278.4,278.4,1
25,David Toms,274.4,823.1,3
