rank,player,Avg,Total Club Head Speed,Total Attempts
1,Gary Woodland,123.56,494.23,4
2,Bubba Watson,122.77,491.08,4
3,Jhonattan Vegas,120.28,481.12,4
4,Aaron Baddeley,119.05,476.21,4
5,Nick Watney,118.92,475.68,4
6,Scott Stallings,118.27,473.09,4
7,Martin Laird,117.66,352.99,3
8,Scott Piercy,117.33,469.33,4
9,Bill Haas,116.79,233.58,2
10,Harrison Frazar,116.12,348.36,3
11,Keegan Bradley,116.07,464.30,4
12,Michael Bradley,114.22,456.87,4
13,Kevin Na,113.44,453.76,4
14,Sean O'Hair,113.38,453.52,4
15,Brendan Steele,112.65,450.61,4
16,Rory Sabbatini,112.34,449.36,4
17,Chris Kirk,111.31,445.25,4
18,Steve Stricker,110.94,110.94,1
19,Ben Crane,110.18,440.73,4
20,Bryce Molder,109.59,438.35,4
21,K.J. Choi,109.43,328.28,3
22,Johnson Wagner,109.37,437.49,4
23,Mark Wilson,108.99,217.98,2
24,D.A. Points,107.88,215.77,2
25,David Toms,102.48,307.43,3
