rank,player,Avg,Total Vert. Launch Angle,Total Attempts
1,Scott Stallings,15.05,60.21,4
2,Chris Kirk,14.24,56.97,4
3,D.A. Points,14.22,28.44,2
4,Harrison Frazar,13.81,41.44,3
5,Brendan Steele,13.26,53.03,4
6,Scott Piercy,13.17,52.69,4
7,Ben Crane,13.12,52.50,4
8,David Toms,12.97,38.90,3
9,Gary Woodland,12.57,50.28,4
10,Mark Wilson,12.41,24.82,2
11,Steve Stricker,12.34,12.34,1
12,Rory Sabbatini,12.01,48.03,4
13,Keegan Bradley,11.75,47.02,4
14,Bryce Molder,11.38,45.53,4
15,Aaron Baddeley,10.70,42.78,4
16,Sean O'Hair,10.56,42.23,4
17,Bill Haas,10.47,20.95,2
18,Jhonattan Vegas,10.40,41.59,4
19,Johnson Wagner,10.26,41.04,4
20,Michael Bradley,10.23,40.93,4
21,K.J. Choi,10.05,30.15,3
22,Martin Laird,9.88,29.65,3
22,Kevin Na,9.88,39.54,4
24,Nick Watney,9.78,39.12,4
25,Bubba Watson,9.04,36.18,4
