rank,player,Putts Made
1,Patton Kizzire,11.0
2,Jason Day,10.0
2,Bryson DeChambeau,10.0
2,Gary Woodland,10.0
5,Cameron Champ,9.0
5,Andrew Putnam,9.0
7,Francesco Molinari,7.0
7,Xander Schauffele,7.0
7,Aaron Wise,7.0
10,Brice Garnett,6.0
10,Andrew Landry,6.0
10,Marc Leishman,6.0
10,Patrick Reed,6.0
10,Webb Simpson,6.0
15,Paul Casey,5.0
15,Dustin Johnson,5.0
15,Satoshi Kodaira,5.0
15,Brooks Koepka,5.0
15,Matt Kuchar,5.0
15,Troy Merritt,5.0
15,Scott Piercy,5.0
15,Brandt Snedeker,5.0
15,Justin Thomas,5.0
24,Keegan Bradley,4.0
24,Michael Kim,4.0
24,"Ted Potter, Jr.",4.0
24,Bubba Watson,4.0
28,Charles Howell III,3.0
28,Rory McIlroy,3.0
28,Ian Poulter,3.0
31,Billy Horschel,2.0
31,Jon Rahm,2.0
31,Kevin Tway,2.0
