rank,player,% Made,Attempts,Putts made
1,Bryson DeChambeau,100.00,10,10
1,Charles Howell III,100.00,13,13
1,Rory McIlroy,100.00,11,11
1,Francesco Molinari,100.00,11,11
1,"Ted Potter, Jr.",100.00,16,16
1,Andrew Putnam,100.00,10,10
1,Jon Rahm,100.00,10,10
1,Xander Schauffele,100.00,14,14
9,Dustin Johnson,93.75,16,15
10,Troy Merritt,92.86,14,13
10,Justin Thomas,92.86,14,13
12,Michael Kim,90.91,22,20
13,Satoshi Kodaira,90.00,10,9
13,Andrew Landry,90.00,10,9
15,Brice Garnett,88.89,9,8
15,Billy Horschel,88.89,18,16
15,Scott Piercy,88.89,9,8
15,Webb Simpson,88.89,18,16
19,Marc Leishman,87.50,16,14
20,Brooks Koepka,86.67,15,13
21,Brandt Snedeker,85.71,14,12
22,Cameron Champ,84.62,13,11
22,Ian Poulter,84.62,13,11
24,Kevin Tway,83.33,12,10
25,Matt Kuchar,81.25,16,13
26,Patrick Reed,80.00,15,12
26,Gary Woodland,80.00,10,8
28,Jason Day,76.92,13,10
28,Bubba Watson,76.92,13,10
30,Paul Casey,76.47,17,13
31,Patton Kizzire,75.00,16,12
32,Keegan Bradley,66.67,6,4
33,Aaron Wise,63.64,11,7
