rank,player,% Made,Attempts,Putts made
1,Cameron Champ,100.00,2,2
1,Brooks Koepka,100.00,1,1
1,Andrew Landry,100.00,3,3
1,Rory McIlroy,100.00,1,1
1,Troy Merritt,100.00,1,1
1,Xander Schauffele,100.00,1,1
1,Kevin Tway,100.00,3,3
1,Aaron Wise,100.00,3,3
9,Bryson DeChambeau,80.00,5,4
10,Jason Day,75.00,4,3
11,Charles Howell III,66.67,3,2
11,Michael Kim,66.67,3,2
11,Matt Kuchar,66.67,3,2
11,Scott Piercy,66.67,3,2
11,Andrew Putnam,66.67,6,4
16,Brice Garnett,60.00,5,3
16,Patton Kizzire,60.00,5,3
18,Billy Horschel,50.00,2,1
18,Marc Leishman,50.00,6,3
18,Francesco Molinari,50.00,2,1
18,Ian Poulter,50.00,8,4
18,Jon Rahm,50.00,2,1
18,Gary Woodland,50.00,2,1
24,"Ted Potter, Jr.",42.86,7,3
25,Keegan Bradley,33.33,3,1
25,Satoshi Kodaira,33.33,3,1
25,Justin Thomas,33.33,3,1
28,Brandt Snedeker,20.00,5,1
29,Paul Casey,.00,1,0
29,Dustin Johnson,.00,3,0
29,Patrick Reed,.00,1,0
29,Webb Simpson,.00,2,0
29,Bubba Watson,.00,8,0
