rank,player,% Made,Attempts,Putts made
1,Aaron Wise,57.14,7,4
2,Andrew Putnam,42.86,7,3
3,Brandt Snedeker,37.50,8,3
4,Cameron Champ,28.57,7,2
5,Andrew Landry,27.27,11,3
6,Patrick Reed,25.00,4,1
7,Brooks Koepka,20.00,5,1
7,Marc Leishman,20.00,5,1
7,Francesco Molinari,20.00,5,1
7,Xander Schauffele,20.00,5,1
11,Jason Day,16.67,6,1
11,Charles Howell III,16.67,6,1
11,Patton Kizzire,16.67,6,1
11,Ian Poulter,16.67,6,1
15,Brice Garnett,14.29,7,1
15,Gary Woodland,14.29,7,1
17,Keegan Bradley,12.50,8,1
17,Dustin Johnson,12.50,8,1
19,Billy Horschel,9.09,11,1
19,Bubba Watson,9.09,11,1
21,Paul Casey,.00,4,-
21,Bryson DeChambeau,.00,5,-
21,Michael Kim,.00,8,-
21,Satoshi Kodaira,.00,6,-
21,Matt Kuchar,.00,5,-
21,Rory McIlroy,.00,9,-
21,Troy Merritt,.00,7,-
21,Scott Piercy,.00,9,-
21,"Ted Potter, Jr.",.00,3,-
21,Jon Rahm,.00,13,-
21,Webb Simpson,.00,8,-
21,Justin Thomas,.00,8,-
21,Kevin Tway,.00,9,-
