rank,player,% Made,Attempts,Putts made
1,Cameron Champ,18.75,32,6
2,Jason Day,15.00,20,3
3,Gary Woodland,12.50,24,3
4,Marc Leishman,11.11,27,3
4,Jon Rahm,11.11,18,2
6,Brice Garnett,10.00,20,2
6,Scott Piercy,10.00,20,2
8,Andrew Landry,6.25,16,1
9,Dustin Johnson,5.88,17,1
10,Bryson DeChambeau,5.56,18,1
11,Bubba Watson,5.26,19,1
12,Satoshi Kodaira,5.00,20,1
12,Matt Kuchar,5.00,20,1
14,Patton Kizzire,4.76,21,1
15,Keegan Bradley,4.55,22,1
15,Charles Howell III,4.55,22,1
17,Xander Schauffele,4.17,24,1
18,Paul Casey,.00,19,-
18,Billy Horschel,.00,23,-
18,Michael Kim,.00,13,-
18,Brooks Koepka,.00,19,-
18,Rory McIlroy,.00,22,-
18,Troy Merritt,.00,16,-
18,Francesco Molinari,.00,15,-
18,"Ted Potter, Jr.",.00,17,-
18,Ian Poulter,.00,20,-
18,Andrew Putnam,.00,17,-
18,Patrick Reed,.00,20,-
18,Webb Simpson,.00,13,-
18,Brandt Snedeker,.00,21,-
18,Justin Thomas,.00,18,-
18,Kevin Tway,.00,16,-
18,Aaron Wise,.00,21,-
