rank,player,% Made,Attempts,Putts Made
1,Cameron Champ,17.65,34,6
2,Jason Day,14.29,28,4
3,Patton Kizzire,13.33,30,4
4,Gary Woodland,12.50,32,4
5,Marc Leishman,11.43,35,4
6,Jon Rahm,9.52,21,2
7,Scott Piercy,9.09,22,2
8,Brice Garnett,8.70,23,2
9,Bryson DeChambeau,7.69,26,2
10,Patrick Reed,7.41,27,2
11,Webb Simpson,5.56,18,1
12,Dustin Johnson,5.00,20,1
13,Andrew Putnam,4.55,22,1
14,Andrew Landry,4.35,23,1
15,Troy Merritt,4.17,24,1
16,Keegan Bradley,4.00,25,1
16,Brooks Koepka,4.00,25,1
16,Matt Kuchar,4.00,25,1
16,Kevin Tway,4.00,25,1
20,Charles Howell III,3.70,27,1
20,Satoshi Kodaira,3.70,27,1
20,Ian Poulter,3.70,27,1
20,Bubba Watson,3.70,27,1
24,Xander Schauffele,3.57,28,1
25,Paul Casey,.00,26,-
25,Billy Horschel,.00,28,-
25,Michael Kim,.00,15,-
25,Rory McIlroy,.00,32,-
25,Francesco Molinari,.00,24,-
25,"Ted Potter, Jr.",.00,23,-
25,Brandt Snedeker,.00,23,-
25,Justin Thomas,.00,21,-
25,Aaron Wise,.00,26,-
