rank,player,% Made,Attempts,Putts made
1,Patton Kizzire,100.00,1,1
1,Matt Kuchar,100.00,1,1
1,Brandt Snedeker,100.00,1,1
4,Paul Casey,83.33,6,5
5,Jon Rahm,75.00,4,3
6,Cameron Champ,66.67,3,2
6,Troy Merritt,66.67,3,2
6,Ian Poulter,66.67,3,2
9,Bubba Watson,60.00,5,3
10,Bryson DeChambeau,50.00,4,2
10,Brooks Koepka,50.00,6,3
10,Andrew Landry,50.00,2,1
10,Marc Leishman,50.00,4,2
10,"Ted Potter, Jr.",50.00,4,2
10,Justin Thomas,50.00,2,1
10,Kevin Tway,50.00,4,2
10,Gary Woodland,50.00,2,1
18,Jason Day,40.00,5,2
19,Charles Howell III,33.33,3,1
19,Scott Piercy,33.33,3,1
21,Keegan Bradley,25.00,4,1
21,Satoshi Kodaira,25.00,4,1
21,Rory McIlroy,25.00,4,1
21,Webb Simpson,25.00,4,1
25,Aaron Wise,20.00,5,1
26,Brice Garnett,.00,3,0
26,Billy Horschel,.00,2,0
26,Dustin Johnson,.00,1,0
26,Michael Kim,.00,2,0
26,Francesco Molinari,.00,1,0
26,Andrew Putnam,.00,3,0
26,Patrick Reed,.00,1,0
26,Xander Schauffele,.00,1,0
