rank,player,% Made,Attempts,Putts made
1,Gary Woodland,62.50,8,5
2,Michael Kim,57.14,7,4
3,Jason Day,50.00,10,5
3,Bryson DeChambeau,50.00,16,8
5,Patton Kizzire,46.15,13,6
6,Paul Casey,45.45,11,5
6,Andrew Putnam,45.45,11,5
8,Xander Schauffele,41.67,12,5
9,Francesco Molinari,40.00,15,6
10,Dustin Johnson,33.33,9,3
10,Troy Merritt,33.33,12,4
12,Webb Simpson,31.25,16,5
13,Satoshi Kodaira,28.57,14,4
14,Justin Thomas,27.78,18,5
15,Rory McIlroy,27.27,11,3
15,Scott Piercy,27.27,11,3
17,Matt Kuchar,25.00,16,4
17,Marc Leishman,25.00,4,1
17,"Ted Potter, Jr.",25.00,16,4
20,Brooks Koepka,21.43,14,3
20,Patrick Reed,21.43,14,3
22,Brice Garnett,20.00,15,3
22,Aaron Wise,20.00,15,3
24,Keegan Bradley,18.18,11,2
24,Bubba Watson,18.18,11,2
26,Billy Horschel,16.67,6,1
26,Kevin Tway,16.67,6,1
28,Andrew Landry,15.38,13,2
28,Brandt Snedeker,15.38,13,2
30,Charles Howell III,10.00,10,1
31,Cameron Champ,9.09,11,1
32,Ian Poulter,7.69,13,1
33,Jon Rahm,.00,11,-
