rank,player,% Made,Attempts,Putts made
1,Keegan Bradley,100.00,1,1
1,Paul Casey,100.00,10,10
1,Cameron Champ,100.00,3,3
1,Bryson DeChambeau,100.00,6,6
1,Brice Garnett,100.00,5,5
1,Billy Horschel,100.00,9,9
1,Charles Howell III,100.00,7,7
1,Dustin Johnson,100.00,9,9
1,Michael Kim,100.00,12,12
1,Andrew Landry,100.00,5,5
1,Rory McIlroy,100.00,6,6
1,Troy Merritt,100.00,3,3
1,Francesco Molinari,100.00,6,6
1,Scott Piercy,100.00,3,3
1,"Ted Potter, Jr.",100.00,11,11
1,Andrew Putnam,100.00,8,8
1,Jon Rahm,100.00,9,9
1,Xander Schauffele,100.00,8,8
1,Justin Thomas,100.00,6,6
1,Kevin Tway,100.00,6,6
1,Gary Woodland,100.00,5,5
22,Brandt Snedeker,90.00,10,9
23,Brooks Koepka,88.89,9,8
24,Marc Leishman,87.50,8,7
24,Ian Poulter,87.50,8,7
26,Patrick Reed,85.71,7,6
27,Satoshi Kodaira,83.33,6,5
28,Matt Kuchar,80.00,10,8
29,Webb Simpson,75.00,8,6
30,Jason Day,72.73,11,8
31,Bubba Watson,66.67,9,6
31,Aaron Wise,66.67,3,2
33,Patton Kizzire,63.64,11,7
