rank,player,% Made,Attempts,Putts made
1,Rory McIlroy,92.31,13,12
2,Xander Schauffele,86.67,15,13
3,Bryson DeChambeau,83.33,18,15
3,Troy Merritt,83.33,24,20
5,Kevin Tway,78.57,14,11
6,Cameron Champ,76.47,17,13
7,Jason Day,75.00,12,9
7,Charles Howell III,75.00,16,12
7,Francesco Molinari,75.00,20,15
7,Andrew Putnam,75.00,16,12
11,Brooks Koepka,73.68,19,14
12,Satoshi Kodaira,71.43,14,10
13,Patton Kizzire,70.59,17,12
13,Webb Simpson,70.59,17,12
15,Billy Horschel,68.75,16,11
15,Matt Kuchar,68.75,16,11
15,Andrew Landry,68.75,16,11
15,Justin Thomas,68.75,16,11
19,Dustin Johnson,66.67,18,12
19,Marc Leishman,66.67,18,12
19,Scott Piercy,66.67,21,14
19,Brandt Snedeker,66.67,18,12
23,Brice Garnett,64.71,17,11
24,Michael Kim,64.00,25,16
25,Aaron Wise,63.16,19,12
26,"Ted Potter, Jr.",60.00,20,12
27,Ian Poulter,55.00,20,11
28,Gary Woodland,52.38,21,11
29,Jon Rahm,50.00,12,6
30,Patrick Reed,44.44,18,8
31,Paul Casey,38.46,13,5
32,Keegan Bradley,33.33,18,6
33,Bubba Watson,28.57,14,4
