rank,player,Putts Made
1,Cameron Champ,6.0
2,Jason Day,4.0
2,Patton Kizzire,4.0
2,Marc Leishman,4.0
2,Gary Woodland,4.0
6,Bryson DeChambeau,2.0
6,Brice Garnett,2.0
6,Scott Piercy,2.0
6,Jon Rahm,2.0
6,Patrick Reed,2.0
11,Keegan Bradley,1.0
11,Charles Howell III,1.0
11,Dustin Johnson,1.0
11,Satoshi Kodaira,1.0
11,Brooks Koepka,1.0
11,Matt Kuchar,1.0
11,Andrew Landry,1.0
11,Troy Merritt,1.0
11,Ian Poulter,1.0
11,Andrew Putnam,1.0
11,Xander Schauffele,1.0
11,Webb Simpson,1.0
11,Kevin Tway,1.0
11,Bubba Watson,1.0
25,Paul Casey,.0
25,Billy Horschel,.0
25,Michael Kim,.0
25,Rory McIlroy,.0
25,Francesco Molinari,.0
25,"Ted Potter, Jr.",.0
25,Brandt Snedeker,.0
25,Justin Thomas,.0
25,Aaron Wise,.0
