rank,player,% Made,Attempts,Putts made
1,Keegan Bradley,100.00,58,58
1,Paul Casey,100.00,44,44
1,Brice Garnett,100.00,50,50
1,Charles Howell III,100.00,48,48
1,Dustin Johnson,100.00,45,45
1,Michael Kim,100.00,37,37
1,Patton Kizzire,100.00,40,40
1,Satoshi Kodaira,100.00,48,48
1,Matt Kuchar,100.00,44,44
1,Marc Leishman,100.00,42,42
1,Rory McIlroy,100.00,49,49
1,Troy Merritt,100.00,40,40
1,Scott Piercy,100.00,47,47
1,"Ted Potter, Jr.",100.00,43,43
1,Ian Poulter,100.00,48,48
1,Andrew Putnam,100.00,41,41
1,Jon Rahm,100.00,51,51
1,Patrick Reed,100.00,50,50
1,Xander Schauffele,100.00,40,40
1,Webb Simpson,100.00,45,45
1,Brandt Snedeker,100.00,43,43
1,Justin Thomas,100.00,46,46
1,Kevin Tway,100.00,50,50
1,Gary Woodland,100.00,43,43
25,Bubba Watson,98.15,54,53
26,Billy Horschel,98.00,50,49
27,Aaron Wise,97.96,49,48
28,Andrew Landry,97.92,48,47
29,Francesco Molinari,97.78,45,44
30,Cameron Champ,97.67,43,42
31,Brooks Koepka,97.56,41,40
32,Bryson DeChambeau,97.37,38,37
33,Jason Day,95.35,43,41
