rank,player,%,Attempts,Putts made
1,Charles Howell III,100.00,61,61
1,Rory McIlroy,100.00,60,60
1,"Ted Potter, Jr.",100.00,59,59
1,Andrew Putnam,100.00,51,51
1,Jon Rahm,100.00,61,61
1,Xander Schauffele,100.00,54,54
7,Dustin Johnson,98.36,61,60
8,Justin Thomas,98.33,60,59
9,Brice Garnett,98.31,59,58
10,Satoshi Kodaira,98.28,58,57
11,Francesco Molinari,98.21,56,55
11,Scott Piercy,98.21,56,55
13,Troy Merritt,98.15,54,53
14,Bryson DeChambeau,97.92,48,47
15,Keegan Bradley,96.88,64,62
16,Webb Simpson,96.83,63,61
17,Kevin Tway,96.77,62,60
18,Ian Poulter,96.72,61,59
19,Michael Kim,96.61,59,57
20,Andrew Landry,96.55,58,56
20,Marc Leishman,96.55,58,56
22,Brandt Snedeker,96.49,57,55
23,Gary Woodland,96.23,53,51
24,Billy Horschel,95.59,68,65
25,Patrick Reed,95.38,65,62
26,Matt Kuchar,95.00,60,57
27,Cameron Champ,94.64,56,53
27,Brooks Koepka,94.64,56,53
29,Bubba Watson,94.03,67,63
30,Paul Casey,93.44,61,57
31,Patton Kizzire,92.86,56,52
32,Aaron Wise,91.67,60,55
33,Jason Day,91.07,56,51
