rank,player,% Made,Attempts,Putts made
1,Cameron Champ,100.00,2,2
1,Bryson DeChambeau,100.00,6,6
1,Michael Kim,100.00,3,3
1,Justin Thomas,100.00,1,1
1,Kevin Tway,100.00,2,2
6,Troy Merritt,87.50,8,7
7,Brooks Koepka,85.71,7,6
8,Brandt Snedeker,83.33,6,5
9,Jason Day,75.00,4,3
9,Brice Garnett,75.00,4,3
9,Andrew Landry,75.00,4,3
9,"Ted Potter, Jr.",75.00,4,3
13,Gary Woodland,70.00,10,7
14,Billy Horschel,66.67,3,2
14,Satoshi Kodaira,66.67,3,2
14,Matt Kuchar,66.67,3,2
14,Rory McIlroy,66.67,3,2
14,Andrew Putnam,66.67,6,4
14,Webb Simpson,66.67,3,2
20,Dustin Johnson,60.00,5,3
20,Patton Kizzire,60.00,5,3
20,Scott Piercy,60.00,5,3
20,Xander Schauffele,60.00,5,3
24,Paul Casey,50.00,2,1
24,Charles Howell III,50.00,4,2
24,Francesco Molinari,50.00,4,2
24,Ian Poulter,50.00,6,3
24,Jon Rahm,50.00,4,2
24,Aaron Wise,50.00,4,2
30,Keegan Bradley,33.33,6,2
30,Marc Leishman,33.33,3,1
30,Patrick Reed,33.33,6,2
