rank,player,% Made,Attempts,Putts made
1,Rory McIlroy,93.24,74,69
2,Troy Merritt,91.67,72,66
3,Kevin Tway,90.91,77,70
4,Brandt Snedeker,90.41,73,66
4,Justin Thomas,90.41,73,66
6,Xander Schauffele,90.00,70,63
7,Bryson DeChambeau,89.86,69,62
8,Jon Rahm,89.74,78,70
9,Charles Howell III,89.61,77,69
10,Dustin Johnson,89.19,74,66
11,Matt Kuchar,89.04,73,65
11,Andrew Landry,89.04,73,65
13,Cameron Champ,88.57,70,62
14,Brice Garnett,88.00,75,66
15,Billy Horschel,87.34,79,69
16,Patton Kizzire,86.96,69,60
17,Brooks Koepka,86.84,76,66
17,Marc Leishman,86.84,76,66
19,Andrew Putnam,86.30,73,63
20,"Ted Potter, Jr.",86.08,79,68
21,Paul Casey,85.90,78,67
21,Satoshi Kodaira,85.90,78,67
23,Scott Piercy,85.71,77,66
24,Francesco Molinari,85.53,76,65
25,Ian Poulter,85.19,81,69
26,Webb Simpson,84.42,77,65
27,Gary Woodland,83.56,73,61
28,Jason Day,83.33,72,60
29,Aaron Wise,83.12,77,64
30,Michael Kim,82.72,81,67
31,Patrick Reed,82.50,80,66
32,Keegan Bradley,80.49,82,66
33,Bubba Watson,79.52,83,66
