rank,player,% Made,Attempts,Putts made
1,Patton Kizzire,33.33,9,3
2,Patrick Reed,28.57,7,2
3,Andrew Putnam,20.00,5,1
3,Webb Simpson,20.00,5,1
5,Brooks Koepka,16.67,6,1
6,Ian Poulter,14.29,7,1
7,Jason Day,12.50,8,1
7,Bryson DeChambeau,12.50,8,1
7,Marc Leishman,12.50,8,1
7,Troy Merritt,12.50,8,1
7,Gary Woodland,12.50,8,1
12,Kevin Tway,11.11,9,1
13,Keegan Bradley,.00,3,-
13,Paul Casey,.00,7,-
13,Cameron Champ,.00,2,-
13,Brice Garnett,.00,3,-
13,Billy Horschel,.00,5,-
13,Charles Howell III,.00,5,-
13,Dustin Johnson,.00,3,-
13,Michael Kim,.00,2,-
13,Satoshi Kodaira,.00,7,-
13,Matt Kuchar,.00,5,-
13,Andrew Landry,.00,7,-
13,Rory McIlroy,.00,10,-
13,Francesco Molinari,.00,9,-
13,Scott Piercy,.00,2,-
13,"Ted Potter, Jr.",.00,6,-
13,Jon Rahm,.00,3,-
13,Xander Schauffele,.00,4,-
13,Brandt Snedeker,.00,2,-
13,Justin Thomas,.00,3,-
13,Bubba Watson,.00,8,-
13,Aaron Wise,.00,5,-
