rank,player,% Made,Attempts,Putts made
1,Bryson DeChambeau,62.16,37,23
2,Troy Merritt,56.67,30,17
3,Jason Day,53.85,26,14
3,Patton Kizzire,53.85,26,14
5,Paul Casey,53.57,28,15
5,Gary Woodland,53.57,28,15
7,Kevin Tway,52.38,21,11
8,Andrew Putnam,51.52,33,17
9,Marc Leishman,50.00,22,11
9,Xander Schauffele,50.00,28,14
11,Michael Kim,48.28,29,14
12,Rory McIlroy,48.00,25,12
13,Brooks Koepka,47.06,34,16
14,Francesco Molinari,45.71,35,16
15,Brandt Snedeker,44.83,29,13
16,Scott Piercy,43.75,32,14
17,Matt Kuchar,41.38,29,12
18,Satoshi Kodaira,41.18,34,14
19,Dustin Johnson,40.91,22,9
20,Cameron Champ,40.00,25,10
21,Andrew Landry,39.29,28,11
22,Justin Thomas,38.71,31,12
23,Aaron Wise,37.50,32,12
24,"Ted Potter, Jr.",36.11,36,13
25,Brice Garnett,35.48,31,11
26,Charles Howell III,34.62,26,9
27,Ian Poulter,33.33,33,11
28,Jon Rahm,32.14,28,9
29,Webb Simpson,30.00,30,9
30,Billy Horschel,29.41,17,5
31,Patrick Reed,24.14,29,7
32,Keegan Bradley,20.69,29,6
33,Bubba Watson,18.52,27,5
