rank,player,% Made,Attempts,Putts Made
1,Jason Day,22.73,44,10
2,Andrew Putnam,22.50,40,9
3,Patton Kizzire,22.45,49,11
4,Bryson DeChambeau,21.28,47,10
4,Gary Woodland,21.28,47,10
6,Cameron Champ,17.31,52,9
7,Francesco Molinari,15.91,44,7
8,Xander Schauffele,15.56,45,7
9,Aaron Wise,14.58,48,7
10,Webb Simpson,14.29,42,6
11,Marc Leishman,13.64,44,6
12,Dustin Johnson,13.51,37,5
13,Brice Garnett,13.33,45,6
13,Michael Kim,13.33,30,4
13,Patrick Reed,13.33,45,6
16,Andrew Landry,12.77,47,6
17,Paul Casey,12.20,41,5
18,Scott Piercy,11.90,42,5
19,Troy Merritt,11.63,43,5
20,Brooks Koepka,11.36,44,5
20,Brandt Snedeker,11.36,44,5
22,Matt Kuchar,10.87,46,5
23,Satoshi Kodaira,10.64,47,5
23,Justin Thomas,10.64,47,5
25,"Ted Potter, Jr.",9.52,42,4
26,Keegan Bradley,9.09,44,4
27,Bubba Watson,8.16,49,4
28,Charles Howell III,6.98,43,3
29,Ian Poulter,6.52,46,3
30,Rory McIlroy,5.77,52,3
31,Kevin Tway,5.00,40,2
32,Billy Horschel,4.44,45,2
32,Jon Rahm,4.44,45,2
