rank,player,% Made,Attempts,Putts made
1,Jason Day,100.00,2,2
1,Bryson DeChambeau,100.00,4,4
1,Charles Howell III,100.00,6,6
1,Patton Kizzire,100.00,5,5
1,Satoshi Kodaira,100.00,4,4
1,Rory McIlroy,100.00,5,5
1,Francesco Molinari,100.00,5,5
1,"Ted Potter, Jr.",100.00,5,5
1,Andrew Putnam,100.00,2,2
1,Jon Rahm,100.00,1,1
1,Xander Schauffele,100.00,6,6
1,Webb Simpson,100.00,10,10
1,Bubba Watson,100.00,4,4
14,Troy Merritt,90.91,11,10
15,Marc Leishman,87.50,8,7
15,Justin Thomas,87.50,8,7
17,Dustin Johnson,85.71,7,6
18,Brooks Koepka,83.33,6,5
18,Matt Kuchar,83.33,6,5
18,Scott Piercy,83.33,6,5
21,Cameron Champ,80.00,10,8
21,Michael Kim,80.00,10,8
21,Andrew Landry,80.00,5,4
21,Ian Poulter,80.00,5,4
25,Billy Horschel,77.78,9,7
26,Brice Garnett,75.00,4,3
26,Patrick Reed,75.00,8,6
26,Brandt Snedeker,75.00,4,3
29,Kevin Tway,66.67,6,4
30,Aaron Wise,62.50,8,5
31,Keegan Bradley,60.00,5,3
31,Gary Woodland,60.00,5,3
33,Paul Casey,42.86,7,3
