rank,player,%,Attempts,Putts made
1,Troy Merritt,72.22,18,13
2,Bryson DeChambeau,71.43,21,15
3,Brandt Snedeker,68.75,16,11
4,Kevin Tway,66.67,15,10
5,Brooks Koepka,65.00,20,13
6,Cameron Champ,64.29,14,9
6,Rory McIlroy,64.29,14,9
8,Patton Kizzire,61.54,13,8
8,Matt Kuchar,61.54,13,8
10,Andrew Landry,60.00,15,9
11,Paul Casey,58.82,17,10
12,Jason Day,56.25,16,9
12,Xander Schauffele,56.25,16,9
14,Marc Leishman,55.56,18,10
15,Andrew Putnam,54.55,22,12
16,Justin Thomas,53.85,13,7
17,Jon Rahm,52.94,17,9
17,Aaron Wise,52.94,17,9
19,Scott Piercy,52.38,21,11
20,Brice Garnett,50.00,16,8
20,Charles Howell III,50.00,16,8
20,Satoshi Kodaira,50.00,20,10
20,Francesco Molinari,50.00,20,10
20,Ian Poulter,50.00,20,10
20,Gary Woodland,50.00,20,10
26,Dustin Johnson,46.15,13,6
27,Michael Kim,45.45,22,10
28,"Ted Potter, Jr.",45.00,20,9
29,Billy Horschel,36.36,11,4
30,Webb Simpson,28.57,14,4
31,Patrick Reed,26.67,15,4
32,Keegan Bradley,22.22,18,4
33,Bubba Watson,18.75,16,3
