rank,player,Avg,Total Strokes,Tot. Early Rds.(1st tee)
1,Keegan Bradley,65.00,65,1
2,Aaron Baddeley,68.50,137,2
3,K.J. Choi,69.00,69,1
3,Rory Sabbatini,69.00,138,2
3,Bubba Watson,69.00,138,2
6,Nick Watney,69.50,139,2
7,Scott Piercy,69.67,209,3
8,Ben Crane,70.00,140,2
8,Johnson Wagner,70.00,140,2
10,Chris Kirk,70.50,141,2
10,Mark Wilson,70.50,141,2
12,Michael Bradley,70.67,212,3
12,Bill Haas,70.67,212,3
12,Sean O'Hair,70.67,212,3
15,Bryce Molder,71.00,71,1
15,D.A. Points,71.00,71,1
15,Scott Stallings,71.00,213,3
18,Harrison Frazar,71.50,143,2
19,Gary Woodland,72.00,216,3
20,Kevin Na,73.00,73,1
21,David Toms,73.33,220,3
22,Brendan Steele,73.75,295,4
23,Jhonattan Vegas,74.50,298,4
