rank,player,Avg RTP,Total Holes,Total RTP
1,Arjun Atwal,E,1,E
1,Matt Bettencourt,E,3,E
1,Jonathan Byrd,E,3,E
1,Jim Furyk,E,1,E
1,Bill Lunde,E,1,E
1,Graeme McDowell,E,1,E
1,Carl Pettersson,E,2,E
1,Steve Stricker,E,2,E
9,Jason Day,+.250,4,+1.00
9,Charley Hoffman,+.250,4,+1.00
9,Hunter Mahan,+.250,4,+1.00
12,Jason Bohn,+.500,2,+1.00
12,Ernie Els,+.500,2,+1.00
12,Rocco Mediate,+.500,2,+1.00
12,Francesco Molinari,+.500,4,+2.00
12,Ian Poulter,+.500,2,+1.00
17,Adam Scott,+.600,5,+3.00
18,Robert Garrigus,+.667,3,+2.00
18,Dustin Johnson,+.667,3,+2.00
18,Zach Johnson,+.667,3,+2.00
21,Stuart Appleby,+.714,7,+5.00
22,Cameron Beckman,+.833,6,+5.00
23,Ben Crane,+1.000,2,+2.00
23,Matt Kuchar,+1.000,2,+2.00
23,Derek Lamely,+1.000,3,+3.00
23,Ryan Palmer,+1.000,2,+2.00
23,Justin Rose,+1.000,2,+2.00
23,Heath Slocum,+1.000,1,+1.00
29,Bubba Watson,+1.333,3,+4.00
30,Anthony Kim,+1.500,2,+3.00
