rank,player,Avg RTP,Total Holes,Total RTP
1,Jason Day,-.200,5,-1.00
2,Cameron Beckman,E,5,E
2,Jonathan Byrd,E,4,E
2,Jim Furyk,E,3,E
2,Robert Garrigus,E,1,E
2,Adam Scott,E,3,E
2,Steve Stricker,E,3,E
8,Bill Haas,+.143,7,+1.00
9,Matt Kuchar,+.250,4,+1.00
9,Ryan Palmer,+.250,4,+1.00
11,Arjun Atwal,+.333,3,+1.00
11,Dustin Johnson,+.333,3,+1.00
11,Francesco Molinari,+.333,6,+2.00
14,Ben Crane,+.400,5,+2.00
15,Charley Hoffman,+.500,2,+1.00
15,Bill Lunde,+.500,6,+3.00
15,Carl Pettersson,+.500,6,+3.00
15,Bubba Watson,+.500,2,+1.00
19,Tim Clark,+.600,5,+3.00
19,Zach Johnson,+.600,5,+3.00
19,Hunter Mahan,+.600,5,+3.00
19,Ian Poulter,+.600,5,+3.00
23,Anthony Kim,+.667,3,+2.00
23,Graeme McDowell,+.667,3,+2.00
23,Rocco Mediate,+.667,6,+4.00
23,Justin Rose,+.667,3,+2.00
27,Derek Lamely,+.714,7,+5.00
28,Matt Bettencourt,+.750,4,+3.00
29,Stuart Appleby,+.800,5,+4.00
30,Jason Bohn,+1.000,3,+3.00
30,Ernie Els,+1.000,1,+1.00
30,Heath Slocum,+1.000,3,+3.00
