rank,player,Avg RTP,Total Holes,Total RTP
1,Bill Lunde,E,2,E
2,Matt Bettencourt,+.333,3,+1.00
2,Jonathan Byrd,+.333,3,+1.00
2,Francesco Molinari,+.333,3,+1.00
2,Ryan Palmer,+.333,3,+1.00
2,Carl Pettersson,+.333,3,+1.00
2,Justin Rose,+.333,3,+1.00
8,Ben Crane,+.500,2,+1.00
8,Jim Furyk,+.500,2,+1.00
8,Anthony Kim,+.500,2,+1.00
11,Rocco Mediate,+.556,9,+5.00
12,Cameron Beckman,+.571,7,+4.00
13,Jason Day,+.600,5,+3.00
14,Ernie Els,+.667,3,+2.00
14,Steve Stricker,+.667,3,+2.00
16,Arjun Atwal,+.700,10,+7.00
17,Zach Johnson,+.750,4,+3.00
17,Matt Kuchar,+.750,4,+3.00
17,Adam Scott,+.750,4,+3.00
17,Heath Slocum,+.750,4,+3.00
21,Derek Lamely,+.800,5,+4.00
22,Stuart Appleby,+1.000,5,+5.00
22,Tim Clark,+1.000,1,+1.00
22,Robert Garrigus,+1.000,1,+1.00
22,Bill Haas,+1.000,2,+2.00
22,Charley Hoffman,+1.000,3,+3.00
22,Hunter Mahan,+1.000,3,+3.00
22,Ian Poulter,+1.000,3,+3.00
29,Jason Bohn,+1.250,4,+5.00
30,Dustin Johnson,+1.750,4,+7.00
31,Bubba Watson,+1.800,5,+9.00
