rank,player,Avg RTP,Total Holes,Total RTP
1,Matt Bettencourt,E,6,E
1,Jim Furyk,E,1,E
1,Steve Stricker,E,2,E
4,Bill Haas,+.143,7,+1.00
5,Bill Lunde,+.250,4,+1.00
6,Ben Crane,+.333,3,+1.00
7,Adam Scott,+.429,7,+3.00
8,Arjun Atwal,+.444,9,+4.00
9,Jason Day,+.500,4,+2.00
9,Zach Johnson,+.500,6,+3.00
9,Graeme McDowell,+.500,2,+1.00
12,Cameron Beckman,+.571,7,+4.00
12,Ernie Els,+.571,7,+4.00
12,Rocco Mediate,+.571,7,+4.00
15,Hunter Mahan,+.600,5,+3.00
16,Robert Garrigus,+.667,3,+2.00
16,Francesco Molinari,+.667,3,+2.00
18,Ryan Palmer,+.750,4,+3.00
18,Justin Rose,+.750,4,+3.00
20,Matt Kuchar,+.800,5,+4.00
21,Jonathan Byrd,+1.000,1,+1.00
21,Charley Hoffman,+1.000,4,+4.00
21,Dustin Johnson,+1.000,4,+4.00
21,Anthony Kim,+1.000,3,+3.00
21,Derek Lamely,+1.000,10,+10.00
21,Carl Pettersson,+1.000,4,+4.00
21,Ian Poulter,+1.000,1,+1.00
21,Heath Slocum,+1.000,3,+3.00
29,Jason Bohn,+1.200,5,+6.00
29,Bubba Watson,+1.200,5,+6.00
31,Stuart Appleby,+1.250,4,+5.00
