rank,player,Avg,Total Strokes,Total Late Rounds
1,Justin Thomas,67.50,270,4
2,Hideki Matsuyama,68.25,273,4
3,Ryan Moore,69.00,276,4
3,Pat Perez,69.00,138,2
3,Brendan Steele,69.00,138,2
6,Dustin Johnson,69.25,277,4
7,Tony Finau,69.33,208,3
8,William McGirt,69.50,278,4
8,Jimmy Walker,69.50,278,4
10,Daniel Berger,70.00,280,4
10,Jason Day,70.00,210,3
10,Brandt Snedeker,70.00,280,4
13,Fabián Gómez,70.67,212,3
13,Russell Knox,70.67,212,3
13,Patrick Reed,70.67,212,3
16,Jason Dufner,70.75,283,4
17,Rod Pampling,71.00,71,1
18,Jim Herman,71.50,143,2
19,Cody Gribble,72.00,72,1
19,Jordan Spieth,72.00,72,1
19,Jhonattan Vegas,72.00,72,1
19,Bubba Watson,72.00,72,1
23,Aaron Baddeley,73.00,73,1
24,Si Woo Kim,75.00,75,1
