rank,player,%,Greens Hit,# Holes,Relative/Par
1,Xander Schauffele,83.33,60,72,-0.25
2,Corey Conners,79.17,57,72,-0.14
3,Justin Thomas,77.78,56,72,-0.41
4,Patrick Cantlay,76.39,55,72,-0.33
4,Max Homa,76.39,55,72,-0.15
6,Lanto Griffin,75.00,54,72,-0.19
6,Jim Herman,75.00,54,72,-0.20
6,Dustin Johnson,75.00,54,72,-0.35
6,Jon Rahm,75.00,54,72,-0.26
10,Collin Morikawa,73.61,53,72,-0.34
10,Joaquin Niemann,73.61,53,72,-0.32
12,Matt Kuchar,72.22,52,72,-0.19
12,Gary Woodland,72.22,52,72,-0.29
14,Paul Casey,70.83,51,72,-0.22
14,Tyler Duncan,70.83,51,72,-0.20
14,Sung Kang,70.83,51,72,-0.22
14,Nate Lashley,70.83,51,72,-0.22
18,Rickie Fowler,69.44,50,72,-0.30
18,Kevin Kisner,69.44,50,72,-0.26
18,Sebastián Muñoz,69.44,50,72,-0.30
18,Ryan Palmer,69.44,50,72,-0.32
22,Cameron Champ,68.06,49,72,-0.33
22,Dylan Frittelli,68.06,49,72,-0.08
22,Adam Long,68.06,49,72,-0.20
22,J.T. Poston,68.06,49,72,-0.33
26,Graeme McDowell,66.67,48,72,-0.23
26,Brendon Todd,66.67,48,72,-0.10
28,Chez Reavie,63.89,46,72,-0.22
29,J.B. Holmes,62.50,45,72,-0.27
29,Kevin Na,62.50,45,72,-0.18
31,Keith Mitchell,61.11,44,72,-0.30
31,Matthew Wolff,61.11,44,72,-0.36
33,Patrick Reed,59.72,43,72,-0.47
34,Martin Trainer,58.33,42,72,-0.10
