rank,player,Avg,Total Strokes,Total 1st Tee Late Rounds
1,Patrick Cantlay,64.00,64,1
1,Hideki Matsuyama,64.00,192,3
3,Collin Morikawa,64.67,194,3
4,Matt Fitzpatrick,65.00,65,1
4,Taylor Pendrith,65.00,65,1
6,Sungjae Im,65.33,196,3
7,Sam Burns,66.00,66,1
7,Robert MacIntyre,66.00,66,1
7,Denny McCarthy,66.00,66,1
10,Wyndham Clark,66.50,133,2
10,Cam Davis,66.50,133,2
10,Tony Finau,66.50,133,2
10,Jhonattan Vegas,66.50,133,2
14,Thomas Detry,67.00,201,3
14,Harry Hall,67.00,201,3
14,Matt McCarty,67.00,67,1
17,Corey Conners,67.33,202,3
18,Cameron Young,67.67,203,3
19,Eric Cole,68.00,68,1
19,Austin Eckroat,68.00,68,1
19,Si Woo Kim,68.00,68,1
22,Tom Hoge,68.33,205,3
22,Maverick McNealy,68.33,205,3
24,Adam Hadwin,68.50,137,2
25,Sepp Straka,68.67,206,3
26,Chris Gotterup,69.00,69,1
26,Max Homa,69.00,69,1
26,Adam Scott,69.00,138,2
29,Will Zalatoris,69.33,208,3
30,Keegan Bradley,69.50,139,2
31,Ludvig Åberg,70.00,70,1
31,Byeong Hun An,70.00,70,1
31,Christiaan Bezuidenhout,70.00,70,1
31,Jason Day,70.00,70,1
31,Nick Dunlap,70.00,70,1
31,Russell Henley,70.00,70,1
31,Viktor Hovland,70.00,70,1
31,Patton Kizzire,70.00,70,1
31,Xander Schauffele,70.00,70,1
40,Nico Echavarria,71.00,71,1
40,Brice Garnett,71.00,71,1
40,Max Greyserman,71.00,142,2
40,Aaron Rai,71.00,71,1
40,Justin Thomas,71.00,71,1
45,Akshay Bhatia,72.00,72,1
45,Rafael Campos,72.00,72,1
45,Billy Horschel,72.00,72,1
45,Stephan Jaeger,72.00,72,1
49,Jake Knapp,73.00,73,1
49,Nick Taylor,73.00,73,1
49,Kevin Yu,73.00,73,1
52,Chris Kirk,74.00,74,1
52,Peter Malnati,74.00,74,1
52,Matthieu Pavon,74.00,74,1
52,J.T. Poston,74.00,74,1
56,Brian Harman,75.00,75,1
57,Sahith Theegala,76.00,76,1
58,Davis Thompson,78.00,78,1
