rank,player,Low Rnd
1,Sungjae Im,62
1,Hideki Matsuyama,62
1,Collin Morikawa,62
4,Christiaan Bezuidenhout,63
5,Patrick Cantlay,64
5,Wyndham Clark,64
5,Cam Davis,64
8,Thomas Detry,65
8,Matt Fitzpatrick,65
8,Harry Hall,65
8,Si Woo Kim,65
8,Taylor Pendrith,65
8,Jhonattan Vegas,65
8,Will Zalatoris,65
15,Akshay Bhatia,66
15,Sam Burns,66
15,Corey Conners,66
15,Tony Finau,66
15,Robert MacIntyre,66
15,Denny McCarthy,66
15,Xander Schauffele,66
15,Nick Taylor,66
15,Sahith Theegala,66
24,Matt McCarty,67
24,Sepp Straka,67
24,Cameron Young,67
27,Eric Cole,68
27,Nick Dunlap,68
27,Austin Eckroat,68
27,Chris Gotterup,68
27,Adam Hadwin,68
27,Tom Hoge,68
27,Maverick McNealy,68
27,Matthieu Pavon,68
27,Adam Scott,68
27,Justin Thomas,68
27,Kevin Yu,68
38,Keegan Bradley,69
38,Max Homa,69
40,Ludvig Åberg,70
40,Byeong Hun An,70
40,Jason Day,70
40,Max Greyserman,70
40,Brian Harman,70
40,Russell Henley,70
40,Viktor Hovland,70
40,Patton Kizzire,70
40,Jake Knapp,70
49,Rafael Campos,71
49,Nico Echavarria,71
49,Brice Garnett,71
49,Aaron Rai,71
53,Billy Horschel,72
53,Stephan Jaeger,72
55,Peter Malnati,73
56,Chris Kirk,74
56,J.T. Poston,74
58,Davis Thompson,78
