rank,player,Avg,Total Strokes,Total Rounds
1,Sungjae Im,62.00,62,1
1,Hideki Matsuyama,62.00,62,1
1,Collin Morikawa,62.00,62,1
4,Christiaan Bezuidenhout,63.00,63,1
5,Thomas Detry,65.00,65,1
5,Si Woo Kim,65.00,65,1
5,Will Zalatoris,65.00,65,1
8,Tony Finau,66.00,66,1
8,Harry Hall,66.00,66,1
8,Xander Schauffele,66.00,66,1
8,Nick Taylor,66.00,66,1
12,Akshay Bhatia,67.00,67,1
12,Sepp Straka,67.00,67,1
12,Sahith Theegala,67.00,67,1
15,Eric Cole,68.00,68,1
15,Nick Dunlap,68.00,68,1
15,Adam Hadwin,68.00,68,1
15,Tom Hoge,68.00,68,1
15,Justin Thomas,68.00,68,1
15,Cameron Young,68.00,68,1
21,Wyndham Clark,69.00,69,1
21,Corey Conners,69.00,69,1
21,Maverick McNealy,69.00,69,1
21,Matthieu Pavon,69.00,69,1
25,Keegan Bradley,70.00,70,1
25,Brian Harman,70.00,70,1
25,Jake Knapp,70.00,70,1
28,Rafael Campos,71.00,71,1
