rank,player,Low Rnd
1,Sungjae Im,62
1,Hideki Matsuyama,62
1,Collin Morikawa,62
4,Patrick Cantlay,64
4,Wyndham Clark,64
4,Cam Davis,64
7,Thomas Detry,65
7,Matt Fitzpatrick,65
7,Harry Hall,65
7,Taylor Pendrith,65
7,Jhonattan Vegas,65
7,Will Zalatoris,65
13,Sam Burns,66
13,Corey Conners,66
13,Tony Finau,66
13,Robert MacIntyre,66
13,Denny McCarthy,66
18,Matt McCarty,67
18,Sepp Straka,67
18,Cameron Young,67
21,Eric Cole,68
21,Austin Eckroat,68
21,Adam Hadwin,68
21,Tom Hoge,68
21,Si Woo Kim,68
21,Maverick McNealy,68
21,Adam Scott,68
28,Keegan Bradley,69
28,Chris Gotterup,69
28,Max Homa,69
31,Ludvig Åberg,70
31,Byeong Hun An,70
31,Christiaan Bezuidenhout,70
31,Jason Day,70
31,Nick Dunlap,70
31,Max Greyserman,70
31,Russell Henley,70
31,Viktor Hovland,70
31,Patton Kizzire,70
31,Xander Schauffele,70
41,Nico Echavarria,71
41,Brice Garnett,71
41,Aaron Rai,71
41,Justin Thomas,71
45,Akshay Bhatia,72
45,Rafael Campos,72
45,Billy Horschel,72
45,Stephan Jaeger,72
49,Jake Knapp,73
49,Nick Taylor,73
49,Kevin Yu,73
52,Chris Kirk,74
52,Peter Malnati,74
52,Matthieu Pavon,74
52,J.T. Poston,74
56,Brian Harman,75
57,Sahith Theegala,76
58,Davis Thompson,78
