rank,player,Avg,Total Strokes,Total Rounds
1,Patrick Cantlay,64.00,64,1
1,Wyndham Clark,64.00,64,1
1,Cam Davis,64.00,64,1
4,Thomas Detry,65.00,65,1
4,Matt Fitzpatrick,65.00,65,1
4,Harry Hall,65.00,65,1
4,Collin Morikawa,65.00,65,1
4,Taylor Pendrith,65.00,65,1
9,Sam Burns,66.00,66,1
9,Robert MacIntyre,66.00,66,1
9,Denny McCarthy,66.00,66,1
12,Matt McCarty,67.00,67,1
12,Cameron Young,67.00,67,1
14,Eric Cole,68.00,68,1
14,Austin Eckroat,68.00,68,1
14,Tom Hoge,68.00,68,1
14,Si Woo Kim,68.00,68,1
14,Jhonattan Vegas,68.00,68,1
19,Chris Gotterup,69.00,69,1
19,Adam Hadwin,69.00,69,1
21,Ludvig Åberg,70.00,70,1
21,Christiaan Bezuidenhout,70.00,70,1
21,Nick Dunlap,70.00,70,1
21,Xander Schauffele,70.00,70,1
21,Will Zalatoris,70.00,70,1
26,Brice Garnett,71.00,71,1
26,Aaron Rai,71.00,71,1
28,Akshay Bhatia,72.00,72,1
29,Jake Knapp,73.00,73,1
29,Nick Taylor,73.00,73,1
