rank,player,Avg,Total Strokes,Total 10th Tee Late Rnds.
1,Christiaan Bezuidenhout,63.00,63,1
2,Si Woo Kim,65.00,65,1
3,Xander Schauffele,66.00,66,1
4,Akshay Bhatia,66.50,133,2
4,Sahith Theegala,66.50,133,2
6,Nick Taylor,67.50,135,2
7,Chris Gotterup,68.00,68,1
7,Justin Thomas,68.00,68,1
7,Kevin Yu,68.00,68,1
10,Matthieu Pavon,68.50,137,2
11,Nick Dunlap,69.50,139,2
12,Brian Harman,70.00,140,2
13,Eric Cole,70.50,141,2
13,Jake Knapp,70.50,141,2
15,Rafael Campos,72.00,144,2
15,Matt McCarty,72.00,72,1
17,Peter Malnati,73.00,73,1
