rank,player,Avg,Total Strokes,Total Late Rounds
1,Patrick Cantlay,64.00,64,1
1,Hideki Matsuyama,64.00,192,3
3,Collin Morikawa,64.67,194,3
4,Matt Fitzpatrick,65.00,65,1
4,Taylor Pendrith,65.00,65,1
6,Sungjae Im,65.33,196,3
7,Sam Burns,66.00,66,1
7,Robert MacIntyre,66.00,66,1
7,Denny McCarthy,66.00,66,1
10,Christiaan Bezuidenhout,66.50,133,2
10,Wyndham Clark,66.50,133,2
10,Cam Davis,66.50,133,2
10,Tony Finau,66.50,133,2
10,Si Woo Kim,66.50,133,2
10,Jhonattan Vegas,66.50,133,2
16,Thomas Detry,67.00,201,3
16,Harry Hall,67.00,201,3
18,Corey Conners,67.33,202,3
19,Cameron Young,67.67,203,3
20,Austin Eckroat,68.00,68,1
20,Xander Schauffele,68.00,136,2
22,Akshay Bhatia,68.33,205,3
22,Tom Hoge,68.33,205,3
22,Maverick McNealy,68.33,205,3
25,Chris Gotterup,68.50,137,2
25,Adam Hadwin,68.50,137,2
27,Sepp Straka,68.67,206,3
28,Max Homa,69.00,69,1
28,Adam Scott,69.00,138,2
30,Nick Taylor,69.33,208,3
30,Will Zalatoris,69.33,208,3
32,Keegan Bradley,69.50,139,2
32,Matt McCarty,69.50,139,2
32,Justin Thomas,69.50,139,2
35,Eric Cole,69.67,209,3
35,Nick Dunlap,69.67,209,3
35,Sahith Theegala,69.67,209,3
38,Ludvig Åberg,70.00,70,1
38,Byeong Hun An,70.00,70,1
38,Jason Day,70.00,70,1
38,Russell Henley,70.00,70,1
38,Viktor Hovland,70.00,70,1
38,Patton Kizzire,70.00,70,1
44,Matthieu Pavon,70.33,211,3
45,Kevin Yu,70.50,141,2
46,Nico Echavarria,71.00,71,1
46,Brice Garnett,71.00,71,1
46,Max Greyserman,71.00,142,2
46,Aaron Rai,71.00,71,1
50,Jake Knapp,71.33,214,3
51,Brian Harman,71.67,215,3
52,Rafael Campos,72.00,216,3
52,Billy Horschel,72.00,72,1
52,Stephan Jaeger,72.00,72,1
55,Peter Malnati,73.50,147,2
56,Chris Kirk,74.00,74,1
56,J.T. Poston,74.00,74,1
58,Davis Thompson,78.00,78,1
