rank,player,Avg,Total Strokes,Total Rounds
1,Sungjae Im,65.00,65,1
1,Hideki Matsuyama,65.00,65,1
1,Jhonattan Vegas,65.00,65,1
4,Akshay Bhatia,66.00,66,1
4,Sahith Theegala,66.00,66,1
6,Corey Conners,67.00,67,1
6,Collin Morikawa,67.00,67,1
8,Chris Gotterup,68.00,68,1
8,Maverick McNealy,68.00,68,1
8,Matthieu Pavon,68.00,68,1
8,Cameron Young,68.00,68,1
8,Kevin Yu,68.00,68,1
13,Cam Davis,69.00,69,1
13,Tom Hoge,69.00,69,1
13,Nick Taylor,69.00,69,1
16,Harry Hall,70.00,70,1
16,Brian Harman,70.00,70,1
16,Adam Scott,70.00,70,1
16,Sepp Straka,70.00,70,1
20,Thomas Detry,71.00,71,1
20,Nick Dunlap,71.00,71,1
20,Jake Knapp,71.00,71,1
23,Max Greyserman,72.00,72,1
23,Matt McCarty,72.00,72,1
25,Rafael Campos,73.00,73,1
25,Eric Cole,73.00,73,1
25,Peter Malnati,73.00,73,1
25,Will Zalatoris,73.00,73,1
