rank,player,% under then over par,Total under then over Par,Under Par
1,Brian Gay,.00,0,19
1,Boo Weekley,.00,0,12
3,Zach Johnson,4.35,1,23
4,Webb Simpson,4.76,1,21
5,Ken Duke,5.26,1,19
5,Gary Woodland,5.26,1,19
7,Jordan Spieth,5.56,1,18
8,Martin Laird,5.88,1,17
9,Brandt Snedeker,6.67,1,15
10,Billy Horschel,8.70,2,23
10,Ryan Moore,8.70,2,23
12,Derek Ernst,10.00,1,10
12,Dustin Johnson,10.00,2,20
14,Russell Henley,11.76,2,17
15,D.A. Points,12.50,2,16
16,Matt Kuchar,13.64,3,22
17,Woody Austin,14.29,3,21
18,Jimmy Walker,15.00,3,20
19,Jason Dufner,15.79,3,19
19,Michael Thompson,15.79,3,19
21,Jonas Blixt,16.67,3,18
22,Kevin Streelman,17.39,4,23
23,Chris Kirk,17.65,3,17
23,Patrick Reed,17.65,3,17
23,Adam Scott,17.65,3,17
26,John Merrick,21.43,3,14
27,Harris English,22.22,4,18
28,Bill Haas,23.08,3,13
29,Sangmoon Bae,25.00,4,16
30,Scott Brown,30.00,6,20
