rank,player,Average Bogeys per round,Total Bogeys,Rounds Played
1,Jordan Spieth,.50,2,4
2,Jason Dufner,1.25,5,4
2,Billy Horschel,1.25,5,4
2,Zach Johnson,1.25,5,4
5,Webb Simpson,1.50,6,4
5,Gary Woodland,1.50,6,4
7,Harris English,1.75,7,4
7,Brian Gay,1.75,7,4
7,Martin Laird,1.75,7,4
7,Patrick Reed,1.75,7,4
7,Adam Scott,1.75,7,4
7,Brandt Snedeker,1.75,7,4
7,Boo Weekley,1.75,7,4
14,Jonas Blixt,2.00,8,4
15,Ken Duke,2.25,9,4
15,Matt Kuchar,2.25,9,4
15,Kevin Streelman,2.25,9,4
18,Woody Austin,2.50,10,4
18,Sangmoon Bae,2.50,10,4
18,Bill Haas,2.50,10,4
18,Dustin Johnson,2.50,10,4
18,Chris Kirk,2.50,10,4
18,Michael Thompson,2.50,10,4
18,Jimmy Walker,2.50,10,4
25,Russell Henley,3.00,12,4
25,Ryan Moore,3.00,12,4
27,Scott Brown,3.25,13,4
27,John Merrick,3.25,13,4
29,Derek Ernst,3.75,15,4
29,D.A. Points,3.75,15,4
