rank,player,Birdie to Bogey Ratio,Total Birdies and Better,Total Bogeys and Worse
1,Jordan Spieth,10.00,20,2
2,Zach Johnson,4.60,23,5
3,Webb Simpson,3.83,23,6
4,Jason Dufner,3.33,20,6
5,Billy Horschel,3.29,23,7
6,Adam Scott,2.86,20,7
7,Harris English,2.71,19,7
8,Kevin Streelman,2.67,24,9
9,Brandt Snedeker,2.57,18,7
10,Matt Kuchar,2.56,23,9
11,Gary Woodland,2.50,20,8
12,Brian Gay,2.38,19,8
13,Dustin Johnson,2.30,23,10
14,Patrick Reed,2.25,18,8
15,Martin Laird,2.13,17,8
16,Ken Duke,2.11,19,9
17,Woody Austin,2.10,21,10
18,Chris Kirk,2.00,20,10
18,Michael Thompson,2.00,20,10
20,Ryan Moore,1.92,23,12
21,Jonas Blixt,1.90,19,10
22,Sangmoon Bae,1.64,18,11
23,Jimmy Walker,1.62,21,13
24,Bill Haas,1.50,15,10
24,Boo Weekley,1.50,12,8
26,Scott Brown,1.43,20,14
27,Russell Henley,1.36,19,14
28,John Merrick,1.07,15,14
29,D.A. Points,1.06,17,16
30,Derek Ernst,.59,10,17
