rank,player,% Makes Bogey,Bogeys,Holes Played
1,Jordan Spieth,2.78,2,72
2,Zach Johnson,6.94,5,72
3,Jason Dufner,8.33,6,72
3,Webb Simpson,8.33,6,72
5,Harris English,9.72,7,72
5,Billy Horschel,9.72,7,72
5,Adam Scott,9.72,7,72
5,Brandt Snedeker,9.72,7,72
9,Brian Gay,11.11,8,72
9,Martin Laird,11.11,8,72
9,Patrick Reed,11.11,8,72
9,Boo Weekley,11.11,8,72
9,Gary Woodland,11.11,8,72
14,Ken Duke,12.50,9,72
14,Matt Kuchar,12.50,9,72
14,Kevin Streelman,12.50,9,72
17,Woody Austin,13.89,10,72
17,Jonas Blixt,13.89,10,72
17,Bill Haas,13.89,10,72
17,Dustin Johnson,13.89,10,72
17,Chris Kirk,13.89,10,72
17,Michael Thompson,13.89,10,72
23,Sangmoon Bae,15.28,11,72
24,Ryan Moore,16.67,12,72
25,Jimmy Walker,18.06,13,72
26,Scott Brown,19.44,14,72
26,Russell Henley,19.44,14,72
26,John Merrick,19.44,14,72
29,D.A. Points,22.22,16,72
30,Derek Ernst,23.61,17,72
