rank,player,Avg,GIR Putts,Greens Hit,Birdie Conversion
1,Carl Pettersson,1.650,99,60,43.33
2,Graeme McDowell,1.667,110,66,40.91
3,Steve Stricker,1.677,104,62,38.71
4,Matt Kuchar,1.683,101,60,40.00
5,Arjun Atwal,1.684,96,57,38.60
6,Zach Johnson,1.690,98,58,31.03
7,Cameron Beckman,1.692,88,52,36.54
8,Jonathan Byrd,1.694,105,62,39.34
8,Ian Poulter,1.694,105,62,40.32
8,Justin Rose,1.694,105,62,35.48
11,Robert Garrigus,1.697,112,66,41.54
12,Bubba Watson,1.700,102,60,40.00
13,Jason Day,1.714,96,56,35.71
14,Dustin Johnson,1.729,102,59,40.68
15,Stuart Appleby,1.736,92,53,33.96
16,Charley Hoffman,1.763,104,59,35.59
16,Francesco Molinari,1.763,104,59,35.59
18,Tim Clark,1.766,113,64,29.69
19,Bill Haas,1.787,109,61,28.33
20,Heath Slocum,1.794,113,63,23.81
21,Ryan Palmer,1.806,112,62,27.42
22,Matt Bettencourt,1.807,103,57,28.07
23,Bill Lunde,1.810,114,63,26.98
24,Jim Furyk,1.813,116,64,28.13
25,Hunter Mahan,1.814,107,59,32.20
26,Ben Crane,1.825,115,63,30.16
26,Anthony Kim,1.825,115,63,31.75
28,Rocco Mediate,1.827,95,52,28.85
29,Jason Bohn,1.839,114,62,29.03
30,Adam Scott,1.842,105,57,33.33
31,Ernie Els,1.844,118,64,26.98
32,Derek Lamely,1.852,100,54,27.78
