rank,player,Total
1,Matt Kuchar,18.0
2,Arjun Atwal,18.5
3,Jonathan Byrd,19.4
4,Ian Poulter,21.8
5,Bill Haas,22.6
6,Zach Johnson,22.8
7,Bill Lunde,24.5
8,Tim Clark,26.7
9,Robert Garrigus,27.3
10,Steve Stricker,30.0
11,Matt Bettencourt,30.6
12,Heath Slocum,31.8
13,Carl Pettersson,32.0
14,Cameron Beckman,32.8
14,Justin Rose,32.8
16,Graeme McDowell,32.9
17,Dustin Johnson,33.0
18,Stuart Appleby,34.8
19,Bubba Watson,37.9
20,Jason Day,38.3
21,Ben Crane,38.7
22,Charley Hoffman,39.0
23,Francesco Molinari,39.8
24,Ryan Palmer,39.9
25,Jim Furyk,41.1
26,Adam Scott,43.9
27,Derek Lamely,44.1
28,Ernie Els,44.3
29,Jason Bohn,44.8
30,Hunter Mahan,45.5
31,Anthony Kim,46.2
32,Rocco Mediate,54.7
