rank,player,Avg,Total SG:ARG,Measured Rounds
1,Geoff Ogilvy,.839,3.355,4
2,Johnson Wagner,.690,2.760,4
3,Will MacKenzie,.567,2.266,4
4,Sean O'Hair,.553,2.210,4
5,Davis Love III,.493,1.970,4
6,J.B. Holmes,.435,1.740,4
7,K.J. Choi,.407,1.629,4
8,Justin Leonard,.362,1.449,4
9,Ernie Els,.335,1.338,4
10,Chez Reavie,.271,1.082,4
11,Anthony Kim,.173,.691,4
12,Carl Pettersson,.158,.630,4
13,Parker McLachlin,.127,.507,4
14,Richard Johnson,.103,.411,4
15,Adam Scott,.078,.311,4
16,Dustin Johnson,.077,.307,4
17,Camilo Villegas,.074,.295,4
18,Zach Johnson,.065,.260,4
19,Trevor Immelman,.044,.177,4
20,Marc Turnesa,.032,.127,4
21,Boo Weekley,-.009,-.036,4
22,Andres Romero,-.033,-.133,4
23,Cameron Beckman,-.282,-1.126,4
24,D.J. Trahan,-.301,-1.202,4
25,Ryuji Imada,-.308,-1.231,4
26,Greg Kraft,-.333,-1.330,4
27,Kenny Perry,-.361,-1.442,4
28,Vijay Singh,-.467,-1.869,4
29,Brian Gay,-.574,-2.294,4
30,Steve Lowery,-.575,-2.301,4
31,Stewart Cink,-.608,-2.431,4
32,Ryan Palmer,-.916,-3.662,4
33,Daniel Chopra,-1.118,-4.471,4
