rank,player,Avg,Total SG:Putting,Measured Rounds
1,Geoff Ogilvy,1.300,5.200,4
2,Zach Johnson,1.155,4.621,4
3,Ryuji Imada,.811,3.243,4
4,Ryan Palmer,.671,2.684,4
5,Steve Lowery,.651,2.603,4
6,Anthony Kim,.594,2.376,4
7,Cameron Beckman,.564,2.256,4
8,Brian Gay,.550,2.201,4
9,Will MacKenzie,.519,2.076,4
10,Marc Turnesa,.448,1.791,4
11,Kenny Perry,.382,1.529,4
12,Richard Johnson,.362,1.446,4
13,Greg Kraft,.360,1.439,4
14,Davis Love III,.252,1.006,4
15,K.J. Choi,.151,.604,4
16,D.J. Trahan,.145,.580,4
17,Ernie Els,.139,.556,4
18,Daniel Chopra,.113,.451,4
19,Chez Reavie,.094,.374,4
20,Johnson Wagner,.080,.318,4
21,Justin Leonard,-.029,-.115,4
22,Carl Pettersson,-.054,-.217,4
23,Parker McLachlin,-.317,-1.266,4
24,Camilo Villegas,-.359,-1.434,4
25,Trevor Immelman,-.437,-1.746,4
26,Adam Scott,-.476,-1.902,4
27,Dustin Johnson,-.525,-2.098,4
28,Sean O'Hair,-.771,-3.085,4
29,Stewart Cink,-.864,-3.457,4
30,Vijay Singh,-1.271,-5.085,4
30,Boo Weekley,-1.271,-5.084,4
32,J.B. Holmes,-1.449,-5.794,4
33,Andres Romero,-1.520,-6.078,4
