rank,player,Avg,Total SG:APP,Measured Rounds
1,Justin Leonard,1.224,4.896,4
2,Sean O'Hair,1.145,4.578,4
3,D.J. Trahan,.848,3.393,4
4,Davis Love III,.713,2.850,4
5,Brian Gay,.652,2.608,4
6,Chez Reavie,.648,2.591,4
7,Anthony Kim,.580,2.321,4
8,Dustin Johnson,.573,2.290,4
9,Johnson Wagner,.568,2.272,4
10,Kenny Perry,.524,2.095,4
11,Zach Johnson,.491,1.963,4
12,Stewart Cink,.409,1.634,4
13,Geoff Ogilvy,.388,1.551,4
14,Trevor Immelman,.223,.893,4
15,Boo Weekley,.219,.876,4
16,Camilo Villegas,.215,.861,4
17,Ernie Els,.203,.810,4
18,Vijay Singh,.153,.613,4
19,Daniel Chopra,.137,.549,4
20,Carl Pettersson,-.130,-.520,4
21,Richard Johnson,-.136,-.542,4
22,Cameron Beckman,-.147,-.587,4
23,Greg Kraft,-.295,-1.180,4
24,Adam Scott,-.368,-1.473,4
25,Will MacKenzie,-.420,-1.681,4
26,Parker McLachlin,-.443,-1.770,4
27,Ryuji Imada,-.573,-2.292,4
28,K.J. Choi,-.662,-2.649,4
29,Ryan Palmer,-.855,-3.419,4
30,Steve Lowery,-.861,-3.444,4
31,J.B. Holmes,-1.123,-4.490,4
32,Marc Turnesa,-1.735,-6.941,4
33,Andres Romero,-2.161,-8.644,4
