rank,player,Avg,Total Distance (feet),# of Attempts,Relative to par
1,Ryan Palmer,"9' 8""",9.667,1,E
2,Matt Kuchar,"11' 7""",11.583,1,E
3,Kevin Na,"12' 1""",24.083,2,E
4,Dustin Johnson,"15' 7""",31.167,2,E
5,Collin Morikawa,"20' 11""",20.917,1,E
6,Joaquin Niemann,"29' 3""",58.500,2,E
7,Adam Long,"30' 2""",30.167,1,E
8,Sebastián Muñoz,"30' 4""",121.250,4,E
9,Brendon Todd,"32' 9""",65.500,2,-1
10,Justin Thomas,"34' 8""",69.250,2,+1
11,J.T. Poston,"36' 1""",72.083,2,+1
12,Cameron Champ,"36' 10""",73.667,2,+1
13,Xander Schauffele,"38' 1""",114.250,3,-1
14,Rickie Fowler,"43' 1""",86.167,2,+1
15,Patrick Reed,"44' 11""",179.667,4,E
16,Gary Woodland,"53' 5""",53.417,1,+1
17,Max Homa,"58' 10""",58.833,1,E
18,J.B. Holmes,"59' 0""",59.000,1,E
19,Sung Kang,"59' 5""",59.417,1,+1
20,Graeme McDowell,"84' 5""",84.417,1,+2
