rank,player,Avg,Total Distance (feet),# of Attempts,Relative to par
1,Brendon Todd,"9' 9""",9.750,1,E
2,Rickie Fowler,"11' 9""",11.750,1,-1
3,Jim Herman,"12' 0""",24.000,2,-1
4,Corey Conners,"14' 7""",29.083,2,E
5,Paul Casey,"15' 5""",30.750,2,-1
6,Lanto Griffin,"20' 3""",20.250,1,E
6,Graeme McDowell,"20' 3""",20.250,1,E
8,Matt Kuchar,"22' 1""",22.083,1,E
9,Kevin Na,"24' 9""",49.500,2,+1
10,J.B. Holmes,"29' 3""",58.417,2,+1
11,Dylan Frittelli,"29' 4""",29.333,1,E
12,Patrick Cantlay,"32' 3""",64.500,2,E
13,Dustin Johnson,"32' 4""",32.333,1,E
14,Cameron Champ,"33' 1""",33.083,1,E
15,Kevin Kisner,"37' 0""",74.000,2,E
16,Ryan Palmer,"37' 8""",113.083,3,+1
17,J.T. Poston,"40' 0""",40.000,1,+1
18,Sung Kang,"42' 10""",42.833,1,E
19,Adam Long,"48' 1""",48.083,1,E
20,Justin Thomas,"57' 2""",57.167,1,E
21,Tyler Duncan,"63' 8""",63.667,1,+1
22,Max Homa,"67' 8""",67.667,1,+1
23,Keith Mitchell,"85' 5""",256.250,3,+3
