rank,player,Avg,Total Distance (feet),# of Attempts,Relative to par
1,Collin Morikawa,"19' 0""",38.000,2,E
2,Dustin Johnson,"34' 0""",135.917,4,-1
3,Lanto Griffin,"36' 1""",180.333,5,E
4,Corey Conners,"36' 7""",256.000,7,E
5,Ryan Palmer,"37' 6""",150.000,4,+1
6,Matt Kuchar,"38' 5""",153.583,4,+1
7,Patrick Cantlay,"39' 0""",272.833,7,E
8,Gary Woodland,"39' 8""",39.667,1,E
9,Matthew Wolff,"40' 1""",200.417,5,-3
10,J.T. Poston,"40' 11""",245.583,6,+3
11,Kevin Na,"41' 1""",164.167,4,+1
12,Jim Herman,"41' 11""",209.583,5,+1
13,Rickie Fowler,"42' 11""",171.667,4,-3
14,J.B. Holmes,"43' 6""",347.917,8,E
15,Sebastián Muñoz,"43' 11""",307.667,7,+1
16,Adam Long,"45' 6""",181.833,4,+3
17,Sung Kang,"45' 11""",321.417,7,+4
18,Graeme McDowell,"46' 2""",415.583,9,+1
19,Joaquin Niemann,"46' 5""",185.500,4,+1
20,Kevin Kisner,"48' 10""",244.333,5,E
21,Brendon Todd,"52' 4""",156.917,3,+1
22,Paul Casey,"53' 9""",376.333,7,E
23,Xander Schauffele,"55' 3""",442.250,8,-2
24,Martin Trainer,"56' 3""",730.750,13,+3
25,Justin Thomas,"58' 8""",351.750,6,-2
26,Max Homa,"58' 9""",176.167,3,+1
27,Dylan Frittelli,"64' 4""",257.167,4,-1
28,Patrick Reed,"67' 0""",402.167,6,+3
29,Cameron Champ,"67' 3""",471.000,7,E
30,Jon Rahm,"68' 10""",206.500,3,E
31,Keith Mitchell,"72' 1""",720.583,10,+5
32,Tyler Duncan,"80' 10""",323.167,4,+2
33,Nate Lashley,"81' 3""",325.000,4,+2
34,Chez Reavie,"95' 9""",191.500,2,+1
