rank,player,Avg,Total Distance (feet),# of Attempts,Relative to par
1,Paul Casey,"15' 5""",30.750,2,-1
2,Matt Kuchar,"16' 10""",33.667,2,E
3,Kevin Na,"17' 8""",88.417,5,+1
4,Corey Conners,"18' 3""",54.667,3,E
5,Jim Herman,"18' 5""",55.167,3,-1
6,Lanto Griffin,"20' 3""",20.250,1,E
7,Collin Morikawa,"20' 11""",20.917,1,E
8,Martin Trainer,"21' 9""",21.750,1,E
9,Dustin Johnson,"22' 8""",90.500,4,E
10,Brendon Todd,"25' 1""",75.250,3,-1
11,Sebastián Muñoz,"27' 0""",135.167,5,E
12,Joaquin Niemann,"27' 10""",83.583,3,E
13,Dylan Frittelli,"29' 4""",29.333,1,E
14,J.T. Poston,"29' 8""",148.500,5,+1
15,Ryan Palmer,"30' 8""",122.750,4,+1
16,J.B. Holmes,"31' 8""",126.500,4,E
17,Patrick Cantlay,"32' 3""",64.500,2,E
18,Rickie Fowler,"32' 8""",97.917,3,E
19,Tyler Duncan,"33' 7""",67.083,2,E
20,Justin Thomas,"33' 10""",135.167,4,+2
21,Cameron Champ,"35' 7""",106.750,3,+1
22,Gary Woodland,"36' 4""",145.167,4,E
23,Matthew Wolff,"36' 11""",73.750,2,+1
24,Kevin Kisner,"37' 0""",74.000,2,E
25,Xander Schauffele,"38' 1""",114.250,3,-1
26,Adam Long,"39' 2""",78.250,2,E
27,Sung Kang,"44' 6""",133.500,3,+1
28,Patrick Reed,"44' 11""",179.667,4,E
29,Graeme McDowell,"52' 4""",104.667,2,+2
30,Max Homa,"63' 3""",126.500,2,+1
31,Keith Mitchell,"71' 1""",355.250,5,+5
