rank,player,Avg,Total Distance (feet),# of Attempts,Relative to par
1,Tyler Duncan,"3' 5""",3.417,1,-1
2,Justin Thomas,"8' 9""",8.750,1,+1
3,J.B. Holmes,"9' 1""",9.083,1,-1
4,Sebastián Muñoz,"13' 11""",13.917,1,E
5,Kevin Na,"14' 10""",14.833,1,E
6,J.T. Poston,"18' 3""",36.417,2,-1
7,Martin Trainer,"21' 9""",21.750,1,E
8,Joaquin Niemann,"25' 1""",25.083,1,E
9,Corey Conners,"25' 7""",25.583,1,E
10,Dustin Johnson,"27' 0""",27.000,1,E
11,Gary Woodland,"30' 7""",91.750,3,-1
12,Jim Herman,"31' 2""",31.167,1,E
13,Sung Kang,"31' 3""",31.250,1,E
14,Matthew Wolff,"36' 11""",73.750,2,+1
15,Keith Mitchell,"49' 6""",99.000,2,+2
