rank,player,Avg,Total Distance (feet),# of Attempts,Relative to par
1,Rickie Fowler,"21' 9""",21.750,1,E
2,Graeme McDowell,"23' 4""",46.667,2,E
3,Jim Herman,"23' 11""",23.917,1,E
4,Corey Conners,"26' 9""",80.333,3,E
5,Justin Thomas,"28' 3""",56.417,2,E
6,Martin Trainer,"31' 1""",62.167,2,E
7,Matthew Wolff,"31' 3""",62.500,2,E
8,Dustin Johnson,"31' 4""",31.333,1,-1
9,Keith Mitchell,"31' 5""",62.833,2,E
10,Sebastián Muñoz,"34' 2""",136.500,4,E
11,J.T. Poston,"34' 10""",139.417,4,+2
12,Kevin Kisner,"36' 8""",36.667,1,E
13,Ryan Palmer,"36' 11""",36.917,1,E
14,Lanto Griffin,"37' 0""",37.000,1,E
15,Joaquin Niemann,"38' 5""",38.417,1,E
16,Adam Long,"41' 10""",41.833,1,+2
17,Sung Kang,"42' 4""",84.667,2,+1
18,Xander Schauffele,"43' 3""",129.833,3,-1
19,Patrick Cantlay,"44' 8""",133.917,3,E
20,Tyler Duncan,"46' 5""",46.417,1,E
21,Nate Lashley,"52' 11""",52.917,1,+1
22,Max Homa,"56' 5""",56.417,1,E
23,Kevin Na,"62' 10""",62.833,1,E
24,Patrick Reed,"63' 1""",126.167,2,E
25,Paul Casey,"65' 1""",130.083,2,E
26,Cameron Champ,"81' 0""",81.000,1,E
27,Brendon Todd,"97' 5""",97.417,1,+1
