rank,player,Avg,Total Distance (feet),# of Attempts,Relative to par
1,Matthew Wolff,"16' 9""",16.750,1,-1
2,Collin Morikawa,"19' 1""",19.083,1,E
3,Patrick Cantlay,"21' 0""",21.000,1,E
4,Kevin Kisner,"22' 0""",22.000,1,E
5,Dustin Johnson,"36' 2""",72.250,2,E
6,Paul Casey,"39' 4""",39.333,1,+1
7,Nate Lashley,"39' 6""",39.500,1,E
8,Adam Long,"40' 0""",40.000,1,E
9,Sebastián Muñoz,"45' 7""",91.083,2,+1
10,Dylan Frittelli,"46' 10""",93.583,2,E
11,J.B. Holmes,"47' 9""",143.333,3,E
12,Matt Kuchar,"48' 7""",97.083,2,E
13,Joaquin Niemann,"49' 0""",147.083,3,+1
14,Brendon Todd,"49' 9""",49.750,1,E
15,Sung Kang,"50' 10""",152.583,3,+2
16,Kevin Na,"51' 10""",51.833,1,E
17,Max Homa,"52' 1""",52.083,1,E
18,Patrick Reed,"54' 10""",109.583,2,E
19,Martin Trainer,"56' 9""",340.583,6,+4
20,Keith Mitchell,"58' 4""",174.917,3,+2
21,Graeme McDowell,"59' 10""",179.500,3,+2
22,Chez Reavie,"68' 1""",68.083,1,E
23,Xander Schauffele,"69' 11""",139.833,2,E
24,Jim Herman,"70' 9""",70.750,1,+1
25,Cameron Champ,"76' 3""",228.667,3,+1
26,Tyler Duncan,"175' 9""",175.750,1,+1
