rank,player,Avg,Total Distance (feet),# of Attempts,Relative to par
1,Matt Kuchar,"34' 5""",34.417,1,+1
2,Sung Kang,"41' 4""",41.333,1,+1
3,Lanto Griffin,"41' 5""",82.750,2,E
4,Graeme McDowell,"49' 11""",99.750,2,-2
5,Xander Schauffele,"57' 6""",172.583,3,-1
6,Matthew Wolff,"60' 7""",121.167,2,-2
7,Rickie Fowler,"69' 1""",138.167,2,-2
8,Paul Casey,"73' 7""",73.583,1,E
9,Jon Rahm,"76' 1""",152.083,2,-1
10,Sebastián Muñoz,"80' 1""",80.083,1,E
11,Cameron Champ,"83' 4""",83.333,1,-1
12,Martin Trainer,"84' 6""",253.500,3,E
13,Justin Thomas,"100' 6""",201.000,2,-2
14,J.B. Holmes,"109' 6""",109.500,1,E
15,Dylan Frittelli,"134' 3""",134.250,1,-1
16,Nate Lashley,"184' 2""",184.167,1,+1
