rank,player,Avg,Total Distance (feet),# of Attempts,Relative to par
1,Tyler Duncan,"3' 5""",3.417,1,-1
2,Ryan Palmer,"9' 8""",9.667,1,E
3,Matt Kuchar,"11' 7""",11.583,1,E
4,Kevin Na,"13' 0""",38.917,3,E
5,Justin Thomas,"18' 2""",90.917,5,+2
6,Dustin Johnson,"19' 5""",77.500,4,-1
7,Corey Conners,"19' 9""",39.417,2,E
8,Collin Morikawa,"20' 11""",20.917,1,E
9,Martin Trainer,"21' 9""",21.750,1,E
10,Paul Casey,"23' 5""",23.417,1,E
11,Joaquin Niemann,"23' 7""",94.250,4,-1
12,Sebastián Muñoz,"27' 0""",135.167,5,E
13,J.T. Poston,"27' 2""",108.500,4,E
14,Adam Long,"30' 2""",30.167,1,E
15,Jim Herman,"31' 2""",31.167,1,E
16,Brendon Todd,"32' 9""",65.500,2,-1
17,J.B. Holmes,"34' 1""",68.083,2,-1
18,Gary Woodland,"35' 5""",177.167,5,E
19,Cameron Champ,"36' 10""",73.667,2,+1
20,Matthew Wolff,"36' 11""",73.750,2,+1
21,Xander Schauffele,"38' 1""",114.250,3,-1
22,Patrick Reed,"44' 11""",179.667,4,E
23,Jon Rahm,"45' 0""",45.000,1,E
24,Sung Kang,"45' 4""",90.667,2,+1
25,Keith Mitchell,"49' 6""",99.000,2,+2
26,Rickie Fowler,"52' 7""",157.833,3,+1
27,Max Homa,"58' 10""",58.833,1,E
28,Graeme McDowell,"84' 5""",84.417,1,+2
