rank,player,Avg,Attempts,Total Distance (feet),Relative to par
1,Matt Kuchar,"11' 7""",1,11.583,E
2,Kevin Na,"12' 1""",2,24.083,E
3,Collin Morikawa,"20' 0""",2,40.000,E
4,Dustin Johnson,"23' 3""",3,69.750,-1.00
5,Kevin Kisner,"27' 4""",2,54.583,-1.00
6,Gary Woodland,"36' 2""",4,144.583,E
7,Dylan Frittelli,"36' 5""",2,72.750,E
8,Ryan Palmer,"36' 11""",1,36.917,E
9,Xander Schauffele,"39' 2""",5,195.917,-1.00
10,Patrick Cantlay,"39' 10""",4,159.250,E
11,Lanto Griffin,"39' 11""",3,119.750,E
12,Adam Long,"41' 0""",4,163.917,+3.00
12,Sebastián Muñoz,"41' 0""",5,205.167,+2.00
14,Tyler Duncan,"41' 11""",2,83.750,E
15,J.T. Poston,"42' 8""",5,213.500,+2.00
16,Corey Conners,"44' 9""",4,178.917,E
17,Joaquin Niemann,"45' 0""",4,179.833,+1.00
18,J.B. Holmes,"46' 2""",8,369.417,E
19,Sung Kang,"48' 7""",5,242.833,+3.00
20,Paul Casey,"53' 3""",5,266.417,+1.00
21,Justin Thomas,"54' 0""",4,215.833,E
22,Martin Trainer,"54' 4""",7,380.167,+2.00
23,Matthew Wolff,"56' 1""",2,112.083,-1.00
24,Graeme McDowell,"60' 2""",5,300.750,+4.00
25,Brendon Todd,"60' 3""",1,60.250,E
26,Rickie Fowler,"60' 6""",3,181.583,E
27,Keith Mitchell,"61' 0""",5,304.917,+2.00
28,Jon Rahm,"63' 8""",3,190.917,+1.00
29,Patrick Reed,"65' 8""",4,262.583,+3.00
30,Jim Herman,"70' 9""",1,70.750,+1.00
31,Cameron Champ,"72' 10""",5,364.083,+2.00
