rank,player,Avg RTP,Total Holes,Total RTP
1,Billy Horschel,-.200,5,-1.00
2,Daniel Berger,E,1,E
2,Sam Burns,E,3,E
2,Matt Jones,E,2,E
2,Jon Rahm,E,3,E
6,Abraham Ancer,+.167,6,+1.00
7,Patrick Cantlay,+.200,5,+1.00
7,Lucas Glover,+.200,5,+1.00
7,Sungjae Im,+.200,5,+1.00
7,Kevin Kisner,+.200,5,+1.00
7,Jordan Spieth,+.200,5,+1.00
12,Branden Grace,+.250,4,+1.00
12,Max Homa,+.250,4,+1.00
12,Brooks Koepka,+.250,4,+1.00
12,Seamus Power,+.250,4,+1.00
16,Talor Gooch,+.333,3,+1.00
16,Si Woo Kim,+.333,6,+2.00
16,Jason Kokrak,+.333,6,+2.00
16,Marc Leishman,+.333,3,+1.00
16,Hideki Matsuyama,+.333,3,+1.00
21,Justin Thomas,+.400,5,+2.00
22,Cam Davis,+.500,8,+4.00
22,Harris English,+.500,4,+2.00
22,Tony Finau,+.500,2,+1.00
22,Garrick Higgo,+.500,2,+1.00
22,Viktor Hovland,+.500,6,+3.00
22,Kevin Na,+.500,4,+2.00
22,Patrick Reed,+.500,4,+2.00
22,Cameron Smith,+.500,2,+1.00
30,Xander Schauffele,+.600,5,+3.00
31,Stewart Cink,+.667,3,+2.00
31,K.H. Lee,+.667,6,+4.00
33,Lucas Herbert,+.750,4,+3.00
33,Erik van Rooyen,+.750,4,+3.00
35,Bryson DeChambeau,+.800,5,+4.00
36,Phil Mickelson,+1.000,1,+1.00
36,Collin Morikawa,+1.000,1,+1.00
38,Joel Dahmen,+1.333,3,+4.00
