rank,player,Avg RTP,Total Holes,Total RTP
1,Patrick Cantlay,E,2,E
1,Tony Finau,E,1,E
1,Talor Gooch,E,1,E
1,Sungjae Im,E,1,E
1,Matt Jones,E,1,E
6,Max Homa,+.333,3,+1.00
7,Bryson DeChambeau,+.500,4,+2.00
7,Kevin Kisner,+.500,2,+1.00
7,Jon Rahm,+.500,2,+1.00
10,Lucas Glover,+.667,3,+2.00
10,Branden Grace,+.667,3,+2.00
12,Xander Schauffele,+.750,4,+3.00
13,Harris English,+.800,5,+4.00
14,Abraham Ancer,+1.000,1,+1.00
14,Sam Burns,+1.000,2,+2.00
14,Cam Davis,+1.000,1,+1.00
14,Billy Horschel,+1.000,1,+1.00
14,Viktor Hovland,+1.000,3,+3.00
14,Si Woo Kim,+1.000,1,+1.00
14,K.H. Lee,+1.000,2,+2.00
14,Marc Leishman,+1.000,2,+2.00
14,Hideki Matsuyama,+1.000,1,+1.00
14,Collin Morikawa,+1.000,1,+1.00
14,Seamus Power,+1.000,2,+2.00
14,Patrick Reed,+1.000,4,+4.00
14,Cameron Smith,+1.000,1,+1.00
14,Jordan Spieth,+1.000,3,+3.00
14,Justin Thomas,+1.000,4,+4.00
14,Erik van Rooyen,+1.000,2,+2.00
30,Brooks Koepka,+1.250,4,+5.00
31,Jason Kokrak,+1.333,3,+4.00
31,Phil Mickelson,+1.333,3,+4.00
33,Lucas Herbert,+1.500,6,+9.00
33,Garrick Higgo,+1.500,2,+3.00
