rank,player,Avg RTP,Total Holes,Total RTP
1,Lucas Herbert,-.143,7,-1.00
2,Daniel Berger,E,6,E
2,Sam Burns,E,6,E
2,Harris English,E,5,E
2,Talor Gooch,E,6,E
2,Matt Jones,E,5,E
2,Brooks Koepka,E,5,E
2,Seamus Power,E,4,E
2,Jon Rahm,E,1,E
2,Cameron Smith,E,5,E
2,Jordan Spieth,E,4,E
12,Abraham Ancer,+.091,11,+1.00
13,Lucas Glover,+.167,6,+1.00
13,Erik van Rooyen,+.167,6,+1.00
15,Sungjae Im,+.200,5,+1.00
15,Kevin Kisner,+.200,5,+1.00
17,Xander Schauffele,+.250,4,+1.00
18,Patrick Cantlay,+.286,7,+2.00
19,Billy Horschel,+.300,10,+3.00
20,Si Woo Kim,+.333,6,+2.00
20,Hideki Matsuyama,+.333,3,+1.00
20,Kevin Na,+.333,6,+2.00
23,Tony Finau,+.400,5,+2.00
23,Branden Grace,+.400,5,+2.00
23,Max Homa,+.400,5,+2.00
23,Phil Mickelson,+.400,5,+2.00
27,Viktor Hovland,+.429,7,+3.00
28,Stewart Cink,+.500,6,+3.00
28,Cam Davis,+.500,4,+2.00
28,Bryson DeChambeau,+.500,8,+4.00
28,Garrick Higgo,+.500,4,+2.00
28,Collin Morikawa,+.500,4,+2.00
28,Justin Thomas,+.500,2,+1.00
34,Jason Kokrak,+.545,11,+6.00
35,Joel Dahmen,+.571,7,+4.00
36,Marc Leishman,+.667,3,+2.00
36,Patrick Reed,+.667,3,+2.00
38,K.H. Lee,+.750,4,+3.00
