rank,player,%,Successes,Attempts
1,Ben Curtis,100.00,1,1
1,Marc Leishman,100.00,1,1
1,Carl Pettersson,100.00,1,1
1,Ian Poulter,100.00,1,1
1,Webb Simpson,100.00,1,1
1,Steve Stricker,100.00,2,2
7,Hunter Mahan,66.67,2,3
7,Johnson Wagner,66.67,2,3
9,Charlie Beljan,50.00,1,2
9,Brandt Snedeker,50.00,1,2
9,Nick Watney,50.00,1,2
12,Jonas Blixt,33.33,1,3
12,Bill Haas,33.33,1,3
14,Jason Dufner,.00,0,1
14,Rickie Fowler,.00,0,1
14,J.J. Henry,.00,0,2
14,George McNeill,.00,0,1
14,Scott Piercy,.00,0,1
14,Scott Stallings,.00,0,1
14,Kyle Stanley,.00,0,1
