rank,player,%,Successes,Attempts
1,Rickie Fowler,100.00,4,4
1,Carl Pettersson,100.00,2,2
1,Webb Simpson,100.00,2,2
1,Bubba Watson,100.00,1,1
5,Ian Poulter,83.33,5,6
6,Bill Haas,75.00,3,4
6,Scott Piercy,75.00,3,4
8,Ben Curtis,66.67,2,3
8,Nick Watney,66.67,2,3
10,Hunter Mahan,60.00,3,5
10,Scott Stallings,60.00,3,5
12,"Ted Potter, Jr.",54.55,6,11
13,Jonas Blixt,50.00,2,4
13,Jason Dufner,50.00,4,8
13,J.J. Henry,50.00,1,2
13,Johnson Wagner,50.00,2,4
13,Mark Wilson,50.00,2,4
18,Keegan Bradley,40.00,2,5
19,Charlie Beljan,33.33,1,3
19,Dustin Johnson,33.33,1,3
19,George McNeill,33.33,2,6
19,Ryan Moore,33.33,2,6
19,Brandt Snedeker,33.33,1,3
19,Kyle Stanley,33.33,1,3
19,Steve Stricker,33.33,1,3
26,John Huh,25.00,1,4
26,Matt Kuchar,25.00,1,4
28,Marc Leishman,20.00,1,5
29,Zach Johnson,.00,0,2
