rank,player,%,Successes,Attempts
1,Dustin Johnson,100.00,1,1
1,Webb Simpson,100.00,2,2
3,Ian Poulter,87.50,7,8
4,Ben Curtis,83.33,5,6
4,Rickie Fowler,83.33,5,6
6,Hunter Mahan,80.00,4,5
6,Carl Pettersson,80.00,4,5
8,Scott Stallings,75.00,3,4
8,Johnson Wagner,75.00,3,4
10,Charlie Beljan,66.67,4,6
10,Keegan Bradley,66.67,4,6
10,George McNeill,66.67,2,3
10,Mark Wilson,66.67,4,6
14,Jonas Blixt,60.00,3,5
14,Ryan Moore,60.00,3,5
14,Scott Piercy,60.00,3,5
17,Bill Haas,57.14,4,7
17,"Ted Potter, Jr.",57.14,4,7
19,Tommy Gainey,50.00,1,2
19,John Huh,50.00,1,2
19,Matt Kuchar,50.00,2,4
19,Marc Leishman,50.00,1,2
19,Kyle Stanley,50.00,1,2
19,Nick Watney,50.00,2,4
19,Bubba Watson,50.00,2,4
26,J.J. Henry,40.00,2,5
27,Jason Dufner,16.67,1,6
28,Zach Johnson,.00,0,2
28,Brandt Snedeker,.00,0,5
28,Steve Stricker,.00,0,1
