rank,player,%,Successes,Attempts
1,Bill Haas,100.00,4,4
1,Dustin Johnson,100.00,1,1
1,Scott Piercy,100.00,2,2
1,Ian Poulter,100.00,3,3
1,Brandt Snedeker,100.00,1,1
1,Kyle Stanley,100.00,3,3
1,Steve Stricker,100.00,3,3
8,Hunter Mahan,75.00,3,4
9,Webb Simpson,66.67,2,3
9,Johnson Wagner,66.67,2,3
11,Jason Dufner,50.00,1,2
11,J.J. Henry,50.00,1,2
11,Carl Pettersson,50.00,1,2
11,"Ted Potter, Jr.",50.00,2,4
11,Scott Stallings,50.00,1,2
11,Bubba Watson,50.00,1,2
17,Ryan Moore,40.00,2,5
18,Ben Curtis,33.33,1,3
18,Marc Leishman,33.33,2,6
18,George McNeill,33.33,1,3
18,Nick Watney,33.33,1,3
22,Charlie Beljan,.00,0,2
22,Keegan Bradley,.00,0,1
22,Rickie Fowler,.00,0,1
22,John Huh,.00,0,2
22,Zach Johnson,.00,0,2
22,Matt Kuchar,.00,0,2
