rank,player,%,Successes,Attempts
1,Jonas Blixt,100.00,2,2
1,Jason Dufner,100.00,1,1
1,Rickie Fowler,100.00,2,2
1,Tommy Gainey,100.00,1,1
1,Dustin Johnson,100.00,1,1
1,Marc Leishman,100.00,2,2
1,Hunter Mahan,100.00,2,2
1,Ryan Moore,100.00,1,1
1,Carl Pettersson,100.00,1,1
1,Scott Piercy,100.00,2,2
1,"Ted Potter, Jr.",100.00,3,3
1,Webb Simpson,100.00,1,1
1,Kyle Stanley,100.00,1,1
1,Nick Watney,100.00,1,1
1,Bubba Watson,100.00,1,1
1,Mark Wilson,100.00,1,1
17,John Huh,66.67,2,3
17,Matt Kuchar,66.67,2,3
19,Zach Johnson,50.00,1,2
19,George McNeill,50.00,1,2
