rank,player,Avg DTP,Total Distance (feet),# of Shots,Scrambling Rank
1,Mark Calcavecchia,"4' 6""",4.500,1,17
2,Ángel Cabrera,"5' 0""",5.000,1,12
3,Scott Verplank,"5' 3""",5.250,1,17
4,Mike Weir,"6' 2""",18.583,3,9
5,Chad Campbell,"6' 5""",12.833,2,17
6,Jonathan Byrd,"7' 10""",15.667,2,13
7,Joe Ogilvie,"7' 11""",23.667,3,21
8,Rory Sabbatini,"8' 0""",8.000,1,29
9,Charles Howell III,"8' 7""",25.667,3,17
10,George McNeill,"9' 7""",19.083,2,23
11,Woody Austin,"11' 1""",33.167,3,8
12,Henrik Stenson,"11' 3""",22.417,2,16
13,Boo Weekley,"11' 8""",23.250,2,30
14,Justin Leonard,"12' 9""",25.417,2,5
15,Paul Goydos,"14' 11""",59.750,4,28
16,Aaron Baddeley,"24' 10""",24.833,1,10
17,K.J. Choi,"45' 4""",45.333,1,27
