rank,player,Avg DTP,Total Distance (feet),# of Shots,Scrambling Rank
1,Woody Austin,"10""",1.667,2,8
2,Vijay Singh,"1' 1""",1.083,1,3
3,Charley Hoffman,"1' 7""",4.667,3,24
3,Justin Leonard,"1' 7""",4.750,3,5
5,Daniel Chopra,"1' 8""",3.250,2,7
5,Steve Flesch,"1' 8""",5.000,3,22
7,Ángel Cabrera,"1' 10""",3.583,2,12
7,Paul Goydos,"1' 10""",1.833,1,28
9,Joe Ogilvie,"2' 1""",8.250,4,21
10,George McNeill,"2' 2""",6.583,3,23
11,Aaron Baddeley,"2' 3""",4.500,2,10
12,Charles Howell III,"2' 4""",2.333,1,17
13,Jonathan Byrd,"2' 5""",14.417,6,13
14,Brian Bateman,"2' 10""",2.833,1,31
14,Fred Funk,"2' 10""",5.667,2,14
16,Brandt Snedeker,"2' 11""",11.583,4,6
16,Boo Weekley,"2' 11""",2.917,1,30
18,Chad Campbell,"3' 0""",3.000,1,17
18,Mike Weir,"3' 0""",3.000,1,9
20,Zach Johnson,"3' 4""",3.333,1,25
21,K.J. Choi,"3' 7""",7.083,2,27
21,Hunter Mahan,"3' 7""",3.583,1,4
23,Jim Furyk,"3' 10""",7.667,2,2
24,Scott Verplank,"4' 2""",12.500,3,17
25,Stephen Ames,"4' 8""",9.250,2,1
26,Mark Wilson,"4' 9""",9.500,2,25
27,Mark Calcavecchia,"5' 6""",5.500,1,17
28,Henrik Stenson,"7' 4""",7.333,1,16
