rank,player,Avg DTP,Total Distance (feet),# of Shots,Scrambling Rank
1,Vijay Singh,"5' 1""",76.167,15,3
2,Jim Furyk,"5' 7""",78.417,14,2
3,Mike Weir,"5' 9""",125.583,22,9
4,George McNeill,"6' 1""",121.083,20,23
5,Charley Hoffman,"6' 4""",82.000,13,24
5,Steve Stricker,"6' 4""",82.583,13,14
7,Stephen Ames,"6' 6""",150.333,23,1
8,Daniel Chopra,"6' 7""",105.417,16,7
9,Justin Leonard,"6' 8""",107.083,16,5
9,Brandt Snedeker,"6' 8""",120.167,18,6
11,Rory Sabbatini,"7' 3""",115.417,16,29
12,Jonathan Byrd,"7' 6""",164.917,22,13
13,Brian Bateman,"7' 9""",147.000,19,31
13,K.J. Choi,"7' 9""",139.167,18,27
15,Ángel Cabrera,"7' 10""",172.167,22,12
15,Chad Campbell,"7' 10""",132.917,17,17
15,Joe Ogilvie,"7' 10""",180.250,23,21
18,Scott Verplank,"8' 3""",132.000,16,17
19,Woody Austin,"8' 5""",184.583,22,8
19,Hunter Mahan,"8' 5""",117.667,14,4
21,Fred Funk,"8' 8""",78.333,9,14
22,Charles Howell III,"8' 9""",158.000,18,17
23,Mark Wilson,"8' 11""",116.000,13,25
24,Mark Calcavecchia,"9' 4""",159.167,17,17
25,Boo Weekley,"9' 5""",217.500,23,30
26,Aaron Baddeley,"9' 7""",220.000,23,10
26,Zach Johnson,"9' 7""",134.500,14,25
28,Paul Goydos,"10' 0""",170.167,17,28
29,Steve Flesch,"10' 8""",202.500,19,22
30,Nick Watney,"11' 1""",154.833,14,11
31,Henrik Stenson,"11' 6""",218.750,19,16
