rank,player,Avg DTP,Total Distance (feet),# of Shots,Scrambling Rank
1,K.J. Choi,"5' 2""",20.500,4,27
2,Vijay Singh,"5' 3""",26.083,5,3
3,Rory Sabbatini,"5' 4""",26.667,5,29
4,Mike Weir,"5' 7""",49.917,9,9
5,Steve Stricker,"7' 1""",42.667,6,14
6,Justin Leonard,"7' 3""",29.000,4,5
7,George McNeill,"7' 8""",46.167,6,23
8,Brandt Snedeker,"7' 10""",46.917,6,6
9,Charley Hoffman,"7' 11""",31.750,4,24
10,Charles Howell III,"8' 0""",40.167,5,17
11,Jim Furyk,"8' 7""",51.583,6,2
12,Daniel Chopra,"8' 11""",71.167,8,7
13,Stephen Ames,"9' 1""",81.750,9,1
13,Chad Campbell,"9' 1""",72.667,8,17
15,Joe Ogilvie,"9' 2""",92.000,10,21
16,Scott Verplank,"9' 11""",39.583,4,17
17,Brian Bateman,"10' 7""",63.500,6,31
18,Fred Funk,"11' 0""",33.083,3,14
19,Mark Wilson,"12' 2""",36.583,3,25
20,Jonathan Byrd,"12' 5""",74.250,6,13
21,Paul Goydos,"12' 9""",76.583,6,28
22,Henrik Stenson,"12' 10""",38.500,3,16
23,Woody Austin,"12' 11""",90.667,7,8
24,Aaron Baddeley,"13' 6""",135.333,10,10
25,Boo Weekley,"13' 7""",81.417,6,30
26,Hunter Mahan,"13' 8""",54.583,4,4
27,Mark Calcavecchia,"14' 2""",113.417,8,17
28,Ángel Cabrera,"14' 3""",113.667,8,12
29,Zach Johnson,"15' 0""",75.000,5,25
30,Nick Watney,"15' 4""",61.167,4,11
31,Steve Flesch,"27' 9""",138.667,5,22
