rank,player,Avg DTP,Total Distance (feet),# of Shots,Scrambling Rank
1,K.J. Choi,"4' 7""",.603,11,27
2,Vijay Singh,"5' 2""",.558,9,3
2,Mike Weir,"5' 2""",.999,16,9
4,Jim Furyk,"5' 7""",.466,7,2
5,Ángel Cabrera,"5' 8""",.676,10,12
6,Steve Stricker,"6' 1""",.586,8,14
6,Mark Wilson,"6' 1""",.582,8,25
8,Joe Ogilvie,"6' 2""",.670,9,21
9,Charles Howell III,"6' 6""",.853,11,17
9,Brandt Snedeker,"6' 6""",.699,9,6
11,Daniel Chopra,"6' 7""",.789,10,7
12,Chad Campbell,"6' 9""",.892,11,17
13,Charley Hoffman,"6' 10""",.737,9,24
14,Woody Austin,"7' 5""",1.156,13,8
15,George McNeill,"7' 7""",.817,9,23
15,Rory Sabbatini,"7' 7""",.637,7,29
17,Scott Verplank,"7' 9""",.744,8,17
17,Nick Watney,"7' 9""",.558,6,11
19,Brian Bateman,"7' 11""",1.232,13,31
20,Jonathan Byrd,"8' 1""",1.165,12,13
21,Stephen Ames,"8' 4""",1.495,15,1
22,Hunter Mahan,"8' 5""",.805,8,4
23,Boo Weekley,"9' 7""",1.378,12,30
24,Fred Funk,"9' 11""",.238,2,14
25,Steve Flesch,"10' 4""",1.614,13,22
26,Justin Leonard,"11' 5""",.546,4,5
27,Paul Goydos,"11' 8""",.983,7,28
28,Aaron Baddeley,"12' 5""",1.639,11,10
29,Henrik Stenson,"12' 7""",1.656,11,16
30,Mark Calcavecchia,"12' 11""",1.242,8,17
31,Zach Johnson,"13' 3""",1.116,7,25
