rank,player,Avg dtp,Total Distance (Feet),Attempts
1,Daniel Chopra,"4' 2""",29.000,7
2,Vijay Singh,"4' 3""",34.250,8
3,Mike Weir,"4' 11""",49.000,10
4,Jim Furyk,"5' 1""",50.833,10
5,Stephen Ames,"5' 2""",67.000,13
5,Woody Austin,"5' 2""",56.500,11
7,Jonathan Byrd,"6' 0""",71.750,12
7,Steve Stricker,"6' 0""",42.250,7
9,Mark Calcavecchia,"6' 1""",48.500,8
10,Chad Campbell,"6' 2""",43.083,7
11,Nick Watney,"6' 3""",25.083,4
12,Rory Sabbatini,"6' 4""",50.500,8
13,Scott Verplank,"6' 6""",58.417,9
14,Justin Leonard,"6' 10""",95.083,14
15,Brandt Snedeker,"7' 2""",92.833,13
16,Ángel Cabrera,"7' 10""",70.250,9
17,Boo Weekley,"8' 3""",98.500,12
18,Joe Ogilvie,"8' 10""",132.250,15
19,Steve Flesch,"9' 6""",104.333,11
20,Aaron Baddeley,"9' 10""",118.250,12
21,Fred Funk,"9' 11""",69.667,7
21,Charles Howell III,"9' 11""",109.500,11
23,Charley Hoffman,"10' 4""",61.750,6
24,Henrik Stenson,"10' 5""",135.083,13
25,Zach Johnson,"11' 7""",115.667,10
26,Paul Goydos,"12' 3""",184.083,15
27,Hunter Mahan,"12' 6""",87.667,7
28,George McNeill,"12' 8""",152.333,12
29,Mark Wilson,"14' 0""",140.083,10
30,K.J. Choi,"14' 5""",173.083,12
31,Brian Bateman,"14' 7""",160.083,11
