rank,player,Avg DTP,Total Distance (feet),# of Shots,Scrambling Rank
1,Jim Furyk,"3' 2""",19.167,6,2
2,Ángel Cabrera,"3' 9""",26.500,7,12
3,Joe Ogilvie,"3' 11""",19.750,5,21
3,Rory Sabbatini,"3' 11""",19.583,5,29
5,Steve Flesch,"4' 1""",16.167,4,22
6,Fred Funk,"4' 5""",8.750,2,14
7,Stephen Ames,"4' 7""",32.250,7,1
7,Mark Wilson,"4' 7""",18.333,4,25
9,Mark Calcavecchia,"4' 10""",29.000,6,17
10,Vijay Singh,"5' 3""",36.583,7,3
11,Daniel Chopra,"5' 4""",21.250,4,7
12,Zach Johnson,"5' 5""",21.500,4,25
12,George McNeill,"5' 5""",48.583,9,23
14,Steve Stricker,"5' 9""",28.833,5,14
15,Mike Weir,"6' 1""",36.583,6,9
16,Woody Austin,"6' 3""",37.250,6,8
17,Charles Howell III,"6' 4""",25.417,4,17
18,Brian Bateman,"6' 11""",41.667,6,31
19,Paul Goydos,"7' 6""",37.667,5,28
20,Chad Campbell,"8' 0""",40.083,5,17
21,Justin Leonard,"8' 6""",50.750,6,5
22,Hunter Mahan,"8' 8""",34.500,4,4
23,Aaron Baddeley,"8' 10""",53.083,6,10
24,Brandt Snedeker,"9' 0""",54.167,6,6
25,Boo Weekley,"9' 6""",56.750,6,30
26,Charley Hoffman,"9' 7""",19.083,2,24
26,Scott Verplank,"9' 7""",57.500,6,17
26,Nick Watney,"9' 7""",28.667,3,11
29,Jonathan Byrd,"10' 7""",52.833,5,13
30,Henrik Stenson,"11' 0""",66.167,6,16
31,K.J. Choi,"13' 9""",54.917,4,27
