rank,player,Avg DTP,Total Distance (feet),# of Shots,Scrambling Rank
1,Brandt Snedeker,"3' 9""",7.500,2,6
2,Jonathan Byrd,"4' 8""",23.417,5,13
3,Daniel Chopra,"4' 11""",9.750,2,7
4,Hunter Mahan,"5' 0""",25.000,5,4
5,Stephen Ames,"5' 5""",27.083,5,1
5,Aaron Baddeley,"5' 5""",27.083,5,10
7,Steve Stricker,"5' 7""",11.083,2,14
8,Ángel Cabrera,"5' 8""",28.417,5,12
8,Mark Calcavecchia,"5' 8""",11.250,2,17
10,Chad Campbell,"5' 9""",17.167,3,17
11,Mike Weir,"6' 0""",36.083,6,9
12,Steve Flesch,"6' 1""",42.667,7,22
13,Vijay Singh,"6' 3""",12.417,2,3
14,Brian Bateman,"6' 6""",39.000,6,31
15,Charley Hoffman,"6' 8""",26.500,4,24
16,K.J. Choi,"7' 1""",56.667,8,27
17,Justin Leonard,"7' 6""",22.583,3,5
17,Scott Verplank,"7' 6""",22.417,3,17
19,Boo Weekley,"7' 8""",76.417,10,30
20,Woody Austin,"7' 10""",55.000,7,8
21,Zach Johnson,"8' 8""",34.667,4,25
22,Nick Watney,"9' 3""",65.000,7,11
23,George McNeill,"9' 11""",19.750,2,23
24,Paul Goydos,"10' 10""",54.083,5,28
25,Charles Howell III,"11' 3""",90.083,8,17
26,Rory Sabbatini,"11' 6""",69.167,6,29
27,Henrik Stenson,"11' 10""",106.750,9,16
28,Mark Wilson,"12' 11""",51.583,4,25
29,Joe Ogilvie,"15' 1""",60.250,4,21
30,Fred Funk,"15' 5""",30.833,2,14
