rank,player,Avg DTP,Total Distance (feet),# of Shots,Scrambling Rank
1,Stephen Ames,"3' 3""",13.000,4,1
2,Justin Leonard,"4' 4""",34.750,8,5
3,George McNeill,"4' 6""",27.083,6,23
4,Paul Goydos,"5' 4""",26.667,5,28
5,Zach Johnson,"5' 11""",41.500,7,25
6,Vijay Singh,"6' 5""",25.667,4,3
7,Aaron Baddeley,"6' 6""",38.833,6,10
7,Jonathan Byrd,"6' 6""",52.167,8,13
9,Steve Stricker,"6' 9""",33.750,5,14
10,Rory Sabbatini,"6' 10""",54.333,8,29
11,Jim Furyk,"7' 0""",35.167,5,2
12,Mark Calcavecchia,"7' 2""",42.833,6,17
13,K.J. Choi,"7' 7""",30.333,4,27
14,Mike Weir,"7' 11""",23.750,3,9
15,Brandt Snedeker,"8' 8""",52.000,6,6
16,Daniel Chopra,"8' 10""",35.250,4,7
17,Brian Bateman,"9' 3""",36.917,4,31
17,Charley Hoffman,"9' 3""",18.417,2,24
19,Hunter Mahan,"9' 5""",47.000,5,4
20,Boo Weekley,"9' 8""",77.333,8,30
21,Fred Funk,"9' 9""",38.917,4,14
22,Henrik Stenson,"10' 6""",52.583,5,16
23,Scott Verplank,"11' 0""",43.917,4,17
24,Joe Ogilvie,"11' 1""",99.417,9,21
25,Steve Flesch,"11' 5""",57.000,5,22
26,Woody Austin,"12' 5""",49.583,4,8
27,Ángel Cabrera,"13' 3""",92.667,7,12
28,Nick Watney,"13' 7""",108.333,8,11
29,Chad Campbell,"14' 3""",42.750,3,17
30,Mark Wilson,"14' 8""",58.583,4,25
31,Charles Howell III,"19' 8""",58.917,3,17
