rank,player,Low Rnd
1,Ernie Els,65
1,Vijay Singh,65
3,Stuart Appleby,66
3,Jonathan Kaye,66
5,Chad Campbell,67
5,Stewart Cink,67
5,Sergio Garcia,67
5,Craig Parry,67
9,Vaughn Taylor,68
9,Tiger Woods,68
11,Retief Goosen,69
11,Adam Scott,69
11,Heath Slocum,69
14,John Daly,70
14,David Toms,70
14,Mike Weir,70
17,Todd Hamilton,71
17,Joey Sindelar,71
19,Woody Austin,72
19,Bart Bryant,72
19,Brent Geiberger,72
19,Zach Johnson,72
19,Ryan Palmer,72
19,Rod Pampling,72
25,Steve Flesch,73
25,Mark Hensby,73
27,Carlos Franco,75
