rank,player,Avg,Total Strokes,Total Late Rounds
1,Jonathan Kaye,68.00,272,4
2,Ernie Els,68.25,273,4
2,Tiger Woods,68.25,273,4
4,Stewart Cink,68.50,274,4
4,Vijay Singh,68.50,274,4
6,Stuart Appleby,69.00,207,3
6,Chad Campbell,69.00,207,3
6,Retief Goosen,69.00,69,1
6,Vaughn Taylor,69.00,207,3
10,Sergio Garcia,69.33,208,3
11,Craig Parry,69.50,278,4
12,John Daly,70.00,140,2
12,David Toms,70.00,70,1
14,Heath Slocum,70.33,211,3
15,Adam Scott,70.50,141,2
16,Joey Sindelar,71.00,142,2
17,Todd Hamilton,71.50,143,2
18,Woody Austin,72.00,72,1
18,Bart Bryant,72.00,72,1
18,Brent Geiberger,72.00,72,1
18,Zach Johnson,72.00,72,1
18,Ryan Palmer,72.00,72,1
18,Rod Pampling,72.00,72,1
24,Mike Weir,72.33,217,3
25,Steve Flesch,73.00,73,1
25,Mark Hensby,73.00,73,1
27,Carlos Franco,75.00,75,1
