rank,player,Avg,Total Distance (feet),# of Attempts,Relative to par
1,Bill Haas,"9' 9""",29.333,3,E
2,George McNeill,"12' 3""",24.500,2,E
3,Steve Stricker,"13' 7""",68.000,5,-1
4,Brandt Snedeker,"15' 1""",75.583,5,-3
5,Charlie Beljan,"16' 1""",64.250,4,-1
6,Matt Kuchar,"18' 7""",148.667,8,-2
7,Marc Leishman,"19' 5""",136.167,7,-2
8,Keegan Bradley,"21' 4""",64.000,3,-1
9,Scott Stallings,"21' 10""",65.500,3,E
10,Zach Johnson,"23' 3""",116.250,5,+1
11,Carl Pettersson,"23' 6""",94.083,4,-1
12,Jonas Blixt,"23' 8""",189.083,8,+1
13,Mark Wilson,"25' 1""",275.583,11,-3
14,Ian Poulter,"26' 3""",131.250,5,E
15,"Ted Potter, Jr.","26' 4""",184.250,7,+3
16,Johnson Wagner,"27' 5""",219.500,8,-1
17,Jason Dufner,"28' 5""",340.583,12,-2
18,J.J. Henry,"28' 10""",115.417,4,E
19,Ben Curtis,"31' 3""",156.167,5,E
20,Kyle Stanley,"31' 6""",125.917,4,+2
21,Nick Watney,"31' 11""",95.750,3,+1
22,Dustin Johnson,"32' 1""",128.417,4,+1
23,Hunter Mahan,"32' 6""",260.083,8,E
24,John Huh,"34' 11""",139.500,4,+1
25,Bubba Watson,"36' 4""",108.917,3,+1
26,Rickie Fowler,"38' 1""",266.417,7,-2
27,Tommy Gainey,"40' 8""",244.083,6,-3
28,Scott Piercy,"41' 3""",164.917,4,-1
29,Ryan Moore,"46' 4""",324.417,7,+1
30,Webb Simpson,"53' 1""",159.167,3,+1
