rank,player,Avg,Total Distance (feet),# of Attempts,Relative to par
1,Kyle Stanley,"12' 11""",12.917,1,-1
2,Dustin Johnson,"18' 5""",18.417,1,-1
3,Keegan Bradley,"23' 4""",70.000,3,-3
4,Zach Johnson,"41' 8""",41.667,1,-1
5,Johnson Wagner,"45' 5""",181.750,4,-4
6,Charlie Beljan,"56' 8""",170.083,3,-2
7,Bubba Watson,"58' 3""",116.500,2,-1
8,Scott Piercy,"58' 10""",58.833,1,E
9,Rickie Fowler,"59' 8""",178.917,3,-2
10,Scott Stallings,"60' 2""",180.500,3,-1
11,John Huh,"62' 9""",125.417,2,-2
12,Nick Watney,"75' 5""",226.167,3,-3
13,Carl Pettersson,"76' 2""",76.167,1,-1
14,Ryan Moore,"87' 9""",175.417,2,-1
15,Bill Haas,"88' 1""",352.167,4,-2
16,Jonas Blixt,"88' 8""",88.667,1,-1
17,Tommy Gainey,"95' 0""",95.000,1,E
18,Webb Simpson,"96' 7""",96.583,1,E
19,Matt Kuchar,"99' 7""",199.167,2,E
20,Steve Stricker,"107' 5""",107.417,1,-1
21,"Ted Potter, Jr.","112' 5""",112.417,1,E
22,Brandt Snedeker,"118' 0""",472.083,4,E
23,Hunter Mahan,"121' 11""",243.833,2,E
24,Ian Poulter,"126' 4""",252.583,2,-1
25,Marc Leishman,"127' 6""",382.583,3,E
26,Jason Dufner,"130' 3""",260.417,2,-1
27,Ben Curtis,"158' 6""",158.500,1,E
