rank,player,Avg,Total Distance (feet),# of Attempts,Relative to par
1,Jonas Blixt,"5' 1""",5.083,1,-1
2,Rickie Fowler,"8' 4""",16.667,2,-1
3,Mark Wilson,"14' 9""",59.000,4,-1
4,Charlie Beljan,"15' 1""",30.083,2,E
5,Tommy Gainey,"16' 10""",118.000,7,-2
6,Hunter Mahan,"17' 2""",51.583,3,-1
7,Scott Stallings,"17' 10""",124.750,7,-1
7,Bubba Watson,"17' 10""",71.417,4,-1
9,Keegan Bradley,"19' 9""",98.833,5,-1
9,Webb Simpson,"19' 9""",59.333,3,E
11,Steve Stricker,"20' 5""",40.750,2,E
12,Ben Curtis,"21' 4""",85.250,4,+1
13,Marc Leishman,"21' 6""",21.500,1,E
14,Nick Watney,"22' 2""",88.750,4,-1
15,Brandt Snedeker,"23' 1""",69.167,3,E
16,Ryan Moore,"23' 2""",69.583,3,E
17,Johnson Wagner,"23' 3""",23.250,1,E
18,Zach Johnson,"25' 4""",76.000,3,+1
19,Dustin Johnson,"25' 7""",76.833,3,E
20,George McNeill,"26' 7""",133.083,5,E
21,Carl Pettersson,"27' 7""",165.250,6,+1
22,Bill Haas,"29' 6""",177.000,6,E
23,Ian Poulter,"29' 9""",148.917,5,-2
24,Jason Dufner,"31' 3""",124.833,4,+2
25,John Huh,"31' 4""",125.250,4,+1
26,Kyle Stanley,"31' 7""",189.417,6,-1
27,J.J. Henry,"31' 11""",191.500,6,+1
28,Scott Piercy,"34' 6""",103.500,3,E
29,"Ted Potter, Jr.","36' 1""",108.250,3,E
30,Matt Kuchar,"63' 6""",63.500,1,+1
