rank,player,Avg,Total Distance (feet),# of Attempts,Relative to par
1,Charlie Beljan,"13' 9""",137.333,10,-3
2,Brandt Snedeker,"18' 0""",162.083,9,-3
3,Marc Leishman,"19' 7""",195.417,10,-1
4,Keegan Bradley,"19' 9""",177.833,9,-2
5,George McNeill,"21' 1""",252.750,12,+1
6,Jonas Blixt,"21' 7""",302.167,14,+1
7,Matt Kuchar,"21' 10""",240.000,11,-2
8,Steve Stricker,"21' 11""",263.417,12,-3
9,Ben Curtis,"22' 1""",286.917,13,E
10,Zach Johnson,"22' 8""",226.667,10,+2
11,Bubba Watson,"22' 9""",205.083,9,E
12,Mark Wilson,"23' 2""",463.917,20,-4
13,Dustin Johnson,"23' 4""",256.500,11,-1
14,Bill Haas,"23' 8""",236.917,10,E
15,Nick Watney,"23' 10""",214.667,9,E
16,Johnson Wagner,"25' 4""",253.250,10,-1
17,Scott Stallings,"25' 6""",305.500,12,-2
18,Webb Simpson,"26' 0""",259.750,10,+1
19,"Ted Potter, Jr.","26' 5""",343.917,13,+4
20,Tommy Gainey,"26' 11""",376.917,14,-5
20,J.J. Henry,"26' 11""",376.750,14,E
22,Carl Pettersson,"27' 8""",414.750,15,E
23,Hunter Mahan,"28' 4""",311.667,11,-1
24,Ian Poulter,"28' 5""",341.167,12,-2
25,John Huh,"28' 7""",285.500,10,+2
26,Scott Piercy,"28' 9""",316.167,11,-1
27,Jason Dufner,"29' 1""",465.417,16,E
28,Rickie Fowler,"29' 5""",294.083,10,-3
29,Kyle Stanley,"29' 8""",326.167,11,+1
30,Ryan Moore,"38' 11""",467.333,12,+1
