rank,player,Avg,Total Distance (feet),# of Attempts,Relative to par
1,Rickie Fowler,"45' 9""",411.500,9,-8
2,Johnson Wagner,"49' 3""",443.500,9,-5
3,Dustin Johnson,"50' 3""",200.833,4,-5
4,Kyle Stanley,"52' 5""",419.583,8,+1
5,Keegan Bradley,"53' 8""",590.750,11,-9
6,Carl Pettersson,"54' 0""",486.000,9,-8
7,Bubba Watson,"56' 5""",395.000,7,-3
8,Bill Haas,"67' 8""",947.333,14,-4
9,George McNeill,"68' 8""",549.333,8,-1
10,Ryan Moore,"69' 4""",554.667,8,E
11,Marc Leishman,"69' 7""",696.083,10,-2
11,Steve Stricker,"69' 7""",626.583,9,-4
13,Scott Stallings,"69' 9""",418.500,6,-4
14,Hunter Mahan,"70' 4""",703.167,10,-4
14,Scott Piercy,"70' 4""",562.917,8,-3
16,John Huh,"70' 10""",566.583,8,-1
17,Nick Watney,"71' 4""",998.917,14,-7
18,Zach Johnson,"71' 8""",501.833,7,-1
19,Charlie Beljan,"75' 4""",677.667,9,-3
20,"Ted Potter, Jr.","77' 11""",623.333,8,E
21,J.J. Henry,"78' 3""",704.250,9,-3
22,Matt Kuchar,"81' 1""",567.583,7,-3
23,Jonas Blixt,"82' 9""",661.833,8,E
24,Ben Curtis,"83' 9""",586.250,7,-1
25,Jason Dufner,"85' 3""",682.250,8,-3
26,Brandt Snedeker,"88' 1""","1,145.417",13,-3
27,Ian Poulter,"89' 1""",980.250,11,-3
28,Webb Simpson,"91' 10""",734.833,8,-3
29,Tommy Gainey,"106' 2""",955.500,9,-3
30,Mark Wilson,"122' 1""",732.333,6,E
