rank,player,Avg,Total Distance (feet),# of Attempts,Relative to par
1,Rickie Fowler,"5' 4""",5.333,1,-2
2,George McNeill,"26' 10""",53.583,2,-1
3,Carl Pettersson,"40' 3""",80.500,2,-2
4,"Ted Potter, Jr.","41' 8""",41.667,1,E
5,Keegan Bradley,"58' 7""",117.167,2,-2
6,Kyle Stanley,"64' 2""",128.250,2,E
7,Jonas Blixt,"78' 6""",78.500,1,-1
8,Tommy Gainey,"79' 4""",79.333,1,-1
9,Ian Poulter,"93' 1""",186.083,2,-1
10,Scott Piercy,"95' 6""",95.500,1,E
11,Nick Watney,"103' 0""",206.000,2,-2
12,Webb Simpson,"113' 10""",341.500,3,-2
13,Brandt Snedeker,"118' 11""",237.833,2,-1
14,Hunter Mahan,"135' 7""",135.583,1,-1
15,Zach Johnson,"141' 3""",141.250,1,E
16,Mark Wilson,"151' 6""",454.583,3,E
17,Steve Stricker,"152' 1""",152.083,1,E
18,Matt Kuchar,"154' 9""",154.750,1,-1
19,J.J. Henry,"159' 0""",318.000,2,-1
