rank,player,Avg,Total Distance (feet),# of Attempts,Relative to par
1,Ben Curtis,"21' 4""",213.000,10,-2
2,Tommy Gainey,"22' 6""",202.417,9,+1
3,Keegan Bradley,"26' 4""",263.500,10,E
3,Webb Simpson,"26' 4""",262.917,10,+1
5,Jonas Blixt,"26' 5""",290.833,11,E
5,Scott Stallings,"26' 5""",290.750,11,+1
5,Steve Stricker,"26' 5""",317.167,12,-3
8,Johnson Wagner,"27' 5""",273.833,10,+4
9,Mark Wilson,"30' 1""",361.000,12,-1
10,Bill Haas,"30' 3""",272.167,9,+2
11,Jason Dufner,"30' 5""",303.750,10,+1
11,Carl Pettersson,"30' 5""",273.667,9,E
13,J.J. Henry,"30' 9""",431.000,14,+1
14,Bubba Watson,"31' 3""",312.500,10,+1
15,George McNeill,"31' 5""",313.917,10,+1
16,Rickie Fowler,"32' 0""",287.917,9,E
16,Nick Watney,"32' 0""",320.250,10,+1
18,John Huh,"32' 8""",293.750,9,E
19,Dustin Johnson,"32' 11""",328.750,10,+1
20,Kyle Stanley,"33' 4""",333.417,10,+1
21,Ian Poulter,"33' 7""",335.917,10,-1
22,Hunter Mahan,"34' 9""",312.750,9,+1
23,Scott Piercy,"36' 2""",397.500,11,+3
24,Zach Johnson,"37' 0""",333.333,9,+2
25,Brandt Snedeker,"37' 7""",300.333,8,+3
26,Charlie Beljan,"39' 9""",397.250,10,+2
27,Matt Kuchar,"40' 6""",405.167,10,+1
28,Marc Leishman,"41' 0""",410.250,10,+1
29,Ryan Moore,"41' 11""",377.500,9,+2
30,"Ted Potter, Jr.","44' 2""",397.167,9,+1
