rank,player,Avg,Total Distance (feet),# of Attempts,Relative to par
1,Matt Kuchar,"37' 10""",113.417,3,-2
2,Steve Stricker,"40' 2""",120.417,3,E
3,Marc Leishman,"40' 11""",81.833,2,-1
4,Johnson Wagner,"44' 3""",88.500,2,-1
5,Scott Stallings,"48' 5""",96.750,2,-2
6,Hunter Mahan,"49' 1""",245.583,5,-2
7,Bubba Watson,"53' 0""",106.000,2,-2
8,Kyle Stanley,"55' 6""",166.417,3,+1
9,Rickie Fowler,"57' 9""",57.750,1,-1
10,Dustin Johnson,"60' 10""",182.417,3,-4
11,Carl Pettersson,"62' 9""",250.833,4,-3
12,Bill Haas,"69' 0""",344.917,5,E
12,Brandt Snedeker,"69' 0""",207.000,3,-2
14,"Ted Potter, Jr.","69' 6""",277.833,4,-1
15,Keegan Bradley,"72' 3""",289.083,4,-3
16,Ryan Moore,"73' 4""",293.250,4,+1
17,J.J. Henry,"76' 4""",229.000,3,E
18,Nick Watney,"77' 5""",387.083,5,E
19,Scott Piercy,"78' 1""",390.333,5,-3
20,Ben Curtis,"78' 8""",235.917,3,E
21,Jason Dufner,"78' 11""",315.500,4,-2
22,George McNeill,"90' 1""",360.417,4,-2
23,Webb Simpson,"92' 6""",185.000,2,-1
24,Mark Wilson,"92' 7""",277.750,3,E
25,Charlie Beljan,"92' 11""",278.833,3,+1
26,Zach Johnson,"93' 2""",186.250,2,+1
27,Jonas Blixt,"97' 2""",388.750,4,+2
28,Ian Poulter,"98' 11""",296.667,3,-1
29,John Huh,"113' 9""",227.417,2,-1
30,Tommy Gainey,"120' 0""",480.083,4,-1
