rank,player,Avg,Total Distance (feet),# of Attempts,Relative to par
1,Dustin Johnson,"15' 7""",15.583,1,+1
2,Ben Curtis,"17' 2""",51.583,3,-1
3,Steve Stricker,"19' 2""",76.750,4,-2
4,Nick Watney,"19' 10""",99.333,5,-1
5,Scott Piercy,"20' 10""",83.417,4,+1
6,Scott Stallings,"20' 11""",20.917,1,E
7,Webb Simpson,"24' 2""",96.750,4,E
8,Brandt Snedeker,"24' 4""",146.083,6,-3
9,Jonas Blixt,"25' 5""",127.167,5,+1
10,Johnson Wagner,"26' 8""",159.750,6,+2
11,Tommy Gainey,"27' 8""",83.083,3,E
12,J.J. Henry,"28' 3""",197.750,7,E
13,Rickie Fowler,"28' 11""",86.667,3,E
14,Ian Poulter,"29' 4""",117.417,4,E
15,John Huh,"30' 8""",184.083,6,-1
16,Mark Wilson,"31' 1""",93.250,3,E
17,Kyle Stanley,"32' 0""",128.000,4,+2
18,"Ted Potter, Jr.","34' 4""",137.250,4,-1
19,Ryan Moore,"35' 3""",211.500,6,E
20,Zach Johnson,"35' 7""",320.583,9,E
21,Charlie Beljan,"36' 3""",108.833,3,+1
22,George McNeill,"39' 2""",195.750,5,+2
23,Carl Pettersson,"39' 8""",198.417,5,+1
24,Jason Dufner,"40' 4""",161.167,4,+2
25,Bill Haas,"40' 11""",122.750,3,+1
26,Keegan Bradley,"47' 4""",284.167,6,+1
27,Matt Kuchar,"56' 8""",113.250,2,E
28,Hunter Mahan,"74' 6""",74.500,1,E
29,Marc Leishman,"83' 3""",83.250,1,+1
