rank,player,Avg,Total Distance (feet),# of Attempts,GIR Rank
1,Carl Pettersson,"34' 0""","1,834.250",54,Under
2,Dustin Johnson,"36' 6""","1,971.167",54,Under
2,Johnson Wagner,"36' 6""","1,972.750",54,Under
4,Jonas Blixt,"36' 8""","1,980.417",54,Under
5,Rickie Fowler,"37' 5""","1,983.583",53,Under
6,Bill Haas,"37' 7""","2,028.417",54,Over
7,Zach Johnson,"38' 10""","2,096.500",54,Under
8,Charlie Beljan,"39' 6""","2,135.000",54,Over
8,Ben Curtis,"39' 6""","2,133.167",54,Under
8,John Huh,"39' 6""","2,134.500",54,Under
11,J.J. Henry,"39' 11""","2,153.500",54,Under
12,Steve Stricker,"40' 1""","2,165.583",54,Under
13,Scott Stallings,"40' 3""","2,095.083",52,Under
14,Webb Simpson,"40' 5""","2,183.833",54,Under
15,Scott Piercy,"40' 7""","2,192.333",54,Under
16,Mark Wilson,"40' 10""","2,202.833",54,Under
17,Bubba Watson,"40' 11""","2,209.333",54,Under
18,Nick Watney,"41' 7""","2,245.417",54,Under
19,Ryan Moore,"41' 11""","2,220.500",53,Over
20,Keegan Bradley,"42' 2""","2,277.750",54,Under
20,Jason Dufner,"42' 2""","2,278.583",54,Under
22,"Ted Potter, Jr.","42' 5""","2,245.917",53,Over
23,George McNeill,"43' 6""","2,348.250",54,Over
24,Matt Kuchar,"43' 9""","2,364.667",54,Under
25,Tommy Gainey,"43' 10""","2,321.500",53,Under
26,Brandt Snedeker,"44' 2""","2,384.083",54,Under
27,Hunter Mahan,"44' 5""","2,352.833",53,Over
27,Kyle Stanley,"44' 5""","2,353.250",53,Over
29,Marc Leishman,"49' 11""","2,694.917",54,Over
30,Ian Poulter,"50' 7""","2,682.167",53,Under
