rank,player,Avg,Total Distance (feet),# of Attempts,Relative to par
1,Zach Johnson,"18' 10""",56.500,3,E
2,George McNeill,"19' 11""",39.833,2,E
3,Jonas Blixt,"20' 7""",82.167,4,-1
4,Brandt Snedeker,"21' 11""",43.833,2,-1
5,Ryan Moore,"23' 8""",94.500,4,E
6,Ian Poulter,"24' 0""",24.000,1,+1
7,Nick Watney,"24' 10""",49.667,2,E
8,J.J. Henry,"25' 7""",76.833,3,+1
9,Webb Simpson,"25' 11""",103.500,4,E
10,Keegan Bradley,"27' 9""",83.250,3,-1
11,"Ted Potter, Jr.","28' 6""",170.917,6,-2
12,Bubba Watson,"33' 1""",165.583,5,-2
13,Bill Haas,"33' 2""",99.583,3,+1
14,Scott Piercy,"34' 0""",102.083,3,-2
15,Carl Pettersson,"34' 6""",172.500,5,E
16,Matt Kuchar,"34' 8""",138.667,4,E
17,Tommy Gainey,"36' 2""",144.667,4,+1
18,Dustin Johnson,"39' 6""",118.417,3,-1
19,Johnson Wagner,"39' 9""",79.500,2,-1
20,Ben Curtis,"40' 5""",121.333,3,+1
21,Mark Wilson,"42' 8""",170.500,4,+2
22,Rickie Fowler,"45' 8""",136.917,3,+2
23,Marc Leishman,"48' 6""",193.917,4,+1
24,Charlie Beljan,"51' 10""",259.167,5,+2
25,Hunter Mahan,"54' 1""",216.417,4,+2
26,Steve Stricker,"54' 9""",219.000,4,E
27,John Huh,"54' 11""",274.750,5,+1
28,Scott Stallings,"56' 11""",113.833,2,E
29,Jason Dufner,"60' 4""",180.917,3,E
30,Kyle Stanley,"73' 4""",293.250,4,E
