rank,player,%,Par or Better,Missed GIR
1,Kevin Tway,82.35,14,17
2,Patton Kizzire,81.25,13,16
3,Bryson DeChambeau,76.47,13,17
4,Matt Kuchar,76.19,16,21
5,Troy Merritt,75.00,15,20
6,Marc Leishman,73.33,11,15
7,Cameron Champ,71.43,10,14
8,Xander Schauffele,69.23,9,13
9,Webb Simpson,68.75,11,16
10,Charles Howell III,68.42,13,19
11,Brandt Snedeker,68.18,15,22
12,Rory McIlroy,66.67,6,9
12,Gary Woodland,66.67,6,9
14,Brice Garnett,65.00,13,20
15,Dustin Johnson,64.71,11,17
16,Justin Thomas,63.64,7,11
17,Andrew Putnam,61.90,13,21
18,Jon Rahm,61.54,8,13
19,Billy Horschel,61.11,11,18
20,Scott Piercy,60.00,12,20
21,Michael Kim,57.14,20,35
22,Keegan Bradley,54.55,12,22
23,Paul Casey,52.63,10,19
24,Francesco Molinari,52.00,13,25
25,Jason Day,50.00,9,18
25,Satoshi Kodaira,50.00,10,20
25,"Ted Potter, Jr.",50.00,10,20
25,Bubba Watson,50.00,7,14
29,Andrew Landry,47.06,8,17
30,Brooks Koepka,45.00,9,20
31,Patrick Reed,44.44,8,18
32,Aaron Wise,40.00,8,20
33,Ian Poulter,33.33,3,9
