rank,player,%,# Saves,# Bunkers,Total O/U Par
1,Dustin Johnson,100.00,1,1,-1.00
1,Jon Rahm,100.00,1,1,-1.00
1,Aaron Wise,100.00,1,1,-1.00
4,Jason Day,66.67,2,3,E
4,Michael Kim,66.67,2,3,+1.00
4,Kevin Tway,66.67,2,3,E
7,Keegan Bradley,50.00,2,4,+1.00
7,Cameron Champ,50.00,1,2,-1.00
7,Bryson DeChambeau,50.00,1,2,+1.00
7,Patton Kizzire,50.00,1,2,+1.00
7,Brooks Koepka,50.00,2,4,+1.00
7,"Ted Potter, Jr.",50.00,3,6,+1.00
7,Webb Simpson,50.00,1,2,+1.00
14,Charles Howell III,40.00,2,5,+2.00
14,Troy Merritt,40.00,2,5,+1.00
16,Satoshi Kodaira,33.33,1,3,+1.00
16,Francesco Molinari,33.33,1,3,+2.00
16,Brandt Snedeker,33.33,1,3,+1.00
19,Billy Horschel,25.00,1,4,+1.00
20,Patrick Reed,20.00,1,5,+2.00
21,Paul Casey,.00,0,4,+4.00
21,Brice Garnett,.00,0,2,+2.00
21,Andrew Landry,.00,0,1,+1.00
21,Rory McIlroy,.00,0,2,+2.00
21,Scott Piercy,.00,0,1,+1.00
21,Ian Poulter,.00,0,1,+1.00
21,Andrew Putnam,.00,0,1,E
21,Bubba Watson,.00,0,1,+1.00
