rank,player,%,Successes,Attempts
1,Bryson DeChambeau,100.00,1,1
1,Patton Kizzire,100.00,1,1
1,Gary Woodland,100.00,1,1
4,Brice Garnett,66.67,2,3
5,Matt Kuchar,50.00,2,4
5,"Ted Potter, Jr.",50.00,1,2
5,Ian Poulter,50.00,1,2
5,Andrew Putnam,50.00,3,6
5,Brandt Snedeker,50.00,1,2
10,Cameron Champ,40.00,2,5
11,Charles Howell III,33.33,1,3
11,Marc Leishman,33.33,1,3
11,Patrick Reed,33.33,1,3
14,Michael Kim,30.77,4,13
15,Francesco Molinari,28.57,2,7
16,Paul Casey,25.00,1,4
17,Keegan Bradley,.00,0,2
17,Jason Day,.00,0,4
17,Dustin Johnson,.00,0,1
17,Satoshi Kodaira,.00,0,2
17,Brooks Koepka,.00,0,5
17,Andrew Landry,.00,0,5
17,Rory McIlroy,.00,0,1
17,Troy Merritt,.00,0,1
17,Scott Piercy,.00,0,1
17,Jon Rahm,.00,0,3
17,Xander Schauffele,.00,0,2
17,Webb Simpson,.00,0,1
17,Justin Thomas,.00,0,3
17,Kevin Tway,.00,0,2
17,Bubba Watson,.00,0,1
17,Aaron Wise,.00,0,3
