rank,player,%,Successes,Attempts
1,Paul Casey,100.00,2,2
1,Gary Woodland,100.00,1,1
3,Patton Kizzire,85.71,6,7
4,Jason Day,75.00,3,4
4,Charles Howell III,75.00,3,4
4,Troy Merritt,75.00,3,4
4,Kevin Tway,75.00,3,4
8,Bryson DeChambeau,71.43,5,7
9,Dustin Johnson,66.67,4,6
9,Marc Leishman,66.67,2,3
9,Rory McIlroy,66.67,2,3
9,Justin Thomas,66.67,2,3
13,Andrew Putnam,62.50,5,8
13,Webb Simpson,62.50,5,8
15,Billy Horschel,60.00,3,5
15,Scott Piercy,60.00,3,5
17,Jon Rahm,57.14,4,7
18,"Ted Potter, Jr.",55.56,5,9
18,Brandt Snedeker,55.56,5,9
20,Cameron Champ,50.00,3,6
20,Brice Garnett,50.00,1,2
20,Michael Kim,50.00,4,8
20,Matt Kuchar,50.00,3,6
20,Xander Schauffele,50.00,1,2
25,Francesco Molinari,44.44,4,9
26,Brooks Koepka,37.50,3,8
27,Keegan Bradley,33.33,3,9
27,Satoshi Kodaira,33.33,1,3
27,Ian Poulter,33.33,1,3
27,Patrick Reed,33.33,2,6
27,Bubba Watson,33.33,2,6
32,Aaron Wise,14.29,1,7
33,Andrew Landry,.00,0,4
