rank,player,Avg,Total Putts,Total Rounds
1,Kevin Kisner,25.00,25,1
2,Scott Piercy,27.00,27,1
3,Padraig Harrington,28.00,28,1
3,Davis Love III,28.00,28,1
3,Troy Merritt,28.00,28,1
3,Justin Thomas,28.00,28,1
7,Fabián Gómez,29.00,29,1
7,Emiliano Grillo,29.00,29,1
7,James Hahn,29.00,29,1
7,Smylie Kaufman,29.00,29,1
7,Danny Lee,29.00,29,1
7,Patrick Reed,29.00,29,1
13,Alex Cejka,30.00,30,1
13,Jason Day,30.00,30,1
13,Matt Every,30.00,30,1
13,J.B. Holmes,30.00,30,1
13,Zach Johnson,30.00,30,1
13,Brandt Snedeker,30.00,30,1
13,Jordan Spieth,30.00,30,1
13,Bubba Watson,30.00,30,1
21,Rickie Fowler,31.00,31,1
21,J.J. Henry,31.00,31,1
21,Dustin Johnson,31.00,31,1
21,David Lingmerth,31.00,31,1
21,Peter Malnati,31.00,31,1
26,Steven Bowditch,32.00,32,1
26,Bill Haas,32.00,32,1
26,Chris Kirk,32.00,32,1
26,Brooks Koepka,32.00,32,1
26,Graeme McDowell,32.00,32,1
26,Jimmy Walker,32.00,32,1
32,Russell Knox,33.00,33,1
