rank,player,Avg,Total Putts,Total Rounds
1,Jimmy Walker,28.00,28,1
2,Matt Every,29.00,29,1
2,Chris Kirk,29.00,29,1
2,Brooks Koepka,29.00,29,1
2,David Lingmerth,29.00,29,1
2,Scott Piercy,29.00,29,1
2,Patrick Reed,29.00,29,1
2,Justin Thomas,29.00,29,1
9,Steven Bowditch,30.00,30,1
9,Alex Cejka,30.00,30,1
9,J.B. Holmes,30.00,30,1
9,Zach Johnson,30.00,30,1
9,Kevin Kisner,30.00,30,1
9,Russell Knox,30.00,30,1
9,Peter Malnati,30.00,30,1
9,Brandt Snedeker,30.00,30,1
9,Bubba Watson,30.00,30,1
18,Rickie Fowler,31.00,31,1
18,Bill Haas,31.00,31,1
18,Danny Lee,31.00,31,1
18,Jordan Spieth,31.00,31,1
22,Fabián Gómez,32.00,32,1
22,Dustin Johnson,32.00,32,1
22,Graeme McDowell,32.00,32,1
22,Troy Merritt,32.00,32,1
26,Jason Day,33.00,33,1
26,James Hahn,33.00,33,1
26,Smylie Kaufman,33.00,33,1
26,Davis Love III,33.00,33,1
30,Emiliano Grillo,34.00,34,1
30,Padraig Harrington,34.00,34,1
30,J.J. Henry,34.00,34,1
