rank,player,Avg,Total 2 Putts,Total Rounds
1,Russell Knox,13.50,54,4
2,J.J. Henry,13.25,53,4
3,Graeme McDowell,12.50,50,4
4,Bill Haas,12.00,48,4
4,Brandt Snedeker,12.00,48,4
6,Alex Cejka,11.75,47,4
6,Rickie Fowler,11.75,47,4
6,James Hahn,11.75,47,4
6,Padraig Harrington,11.75,47,4
6,Chris Kirk,11.75,47,4
11,Emiliano Grillo,11.50,46,4
12,J.B. Holmes,11.25,45,4
12,Smylie Kaufman,11.25,45,4
12,Justin Thomas,11.25,45,4
12,Bubba Watson,11.25,45,4
16,Matt Every,11.00,44,4
16,Dustin Johnson,11.00,44,4
16,Brooks Koepka,11.00,44,4
16,Troy Merritt,11.00,44,4
16,Patrick Reed,11.00,44,4
21,Jason Day,10.75,43,4
21,Fabián Gómez,10.75,43,4
21,Davis Love III,10.75,43,4
24,Peter Malnati,10.25,41,4
25,Zach Johnson,10.00,40,4
25,Scott Piercy,10.00,40,4
25,Jimmy Walker,10.00,40,4
28,David Lingmerth,9.75,39,4
29,Steven Bowditch,9.50,38,4
29,Danny Lee,9.50,38,4
29,Jordan Spieth,9.50,38,4
32,Kevin Kisner,9.25,37,4
