rank,player,Avg,Total Putts,Total Rounds
1,Kevin Kisner,26.00,26,1
2,Dustin Johnson,27.00,27,1
2,Jordan Spieth,27.00,27,1
4,Peter Malnati,28.00,28,1
5,Steven Bowditch,29.00,29,1
5,Rickie Fowler,29.00,29,1
5,Padraig Harrington,29.00,29,1
5,Danny Lee,29.00,29,1
5,Troy Merritt,29.00,29,1
10,Fabián Gómez,30.00,30,1
10,James Hahn,30.00,30,1
10,Zach Johnson,30.00,30,1
13,Alex Cejka,31.00,31,1
13,Jason Day,31.00,31,1
13,Matt Every,31.00,31,1
13,Emiliano Grillo,31.00,31,1
13,Chris Kirk,31.00,31,1
13,Brooks Koepka,31.00,31,1
13,David Lingmerth,31.00,31,1
13,Scott Piercy,31.00,31,1
13,Patrick Reed,31.00,31,1
13,Jimmy Walker,31.00,31,1
23,Davis Love III,32.00,32,1
23,Brandt Snedeker,32.00,32,1
23,Bubba Watson,32.00,32,1
26,Bill Haas,33.00,33,1
26,J.J. Henry,33.00,33,1
26,Graeme McDowell,33.00,33,1
29,J.B. Holmes,34.00,34,1
29,Smylie Kaufman,34.00,34,1
29,Russell Knox,34.00,34,1
32,Justin Thomas,35.00,35,1
