rank,player,Avg,Total Strokes,Total Rounds
1,Steve Stricker,65.50,131,2
2,Webb Simpson,68.00,136,2
3,Kevin Na,68.50,137,2
4,Jonathan Byrd,69.00,138,2
4,Martin Laird,69.00,138,2
6,D.A. Points,70.00,140,2
7,Keegan Bradley,70.50,141,2
7,Chris Kirk,70.50,141,2
7,Bryce Molder,70.50,141,2
10,Aaron Baddeley,71.50,143,2
10,Michael Bradley,71.50,143,2
10,K.J. Choi,71.50,143,2
10,Ben Crane,71.50,143,2
10,Harrison Frazar,71.50,143,2
10,Sean O'Hair,71.50,143,2
10,Scott Piercy,71.50,143,2
10,Rory Sabbatini,71.50,143,2
10,Scott Stallings,71.50,143,2
10,Bubba Watson,71.50,143,2
10,Mark Wilson,71.50,143,2
21,Johnson Wagner,72.00,144,2
21,Nick Watney,72.00,144,2
21,Gary Woodland,72.00,144,2
24,Bill Haas,73.00,146,2
25,Jhonattan Vegas,74.00,148,2
26,David Toms,75.00,150,2
27,Brendan Steele,76.00,152,2
