rank,player,Avg,Total Strokes,Total Rounds
1,Steve Stricker,67.25,269,4
2,Martin Laird,68.00,272,4
3,Jonathan Byrd,68.25,273,4
3,Webb Simpson,68.25,273,4
5,K.J. Choi,69.25,277,4
5,Harrison Frazar,69.25,277,4
7,Chris Kirk,69.50,278,4
7,Bryce Molder,69.50,278,4
9,Ben Crane,69.75,279,4
9,Rory Sabbatini,69.75,279,4
9,Johnson Wagner,69.75,279,4
12,Kevin Na,70.00,280,4
12,Scott Piercy,70.00,280,4
12,D.A. Points,70.00,280,4
12,Nick Watney,70.00,280,4
16,Keegan Bradley,70.25,281,4
17,Sean O'Hair,70.50,282,4
18,Bubba Watson,71.00,284,4
18,Mark Wilson,71.00,284,4
20,Bill Haas,71.25,285,4
21,Aaron Baddeley,71.50,286,4
22,Michael Bradley,71.75,287,4
22,Scott Stallings,71.75,287,4
24,Gary Woodland,72.25,289,4
25,Brendan Steele,73.75,295,4
26,David Toms,74.00,296,4
27,Jhonattan Vegas,74.50,298,4
