rank,player,Stroke Differential,Player's Score,Field Average Score
1,Steve Stricker,+3.19,67.25,70.44
2,Martin Laird,+2.44,68.00,70.44
3,Jonathan Byrd,+2.19,68.25,70.44
3,Webb Simpson,+2.19,68.25,70.44
5,K.J. Choi,+1.19,69.25,70.44
5,Harrison Frazar,+1.19,69.25,70.44
7,Chris Kirk,+.94,69.50,70.44
7,Bryce Molder,+.94,69.50,70.44
9,Ben Crane,+.69,69.75,70.44
9,Rory Sabbatini,+.69,69.75,70.44
9,Johnson Wagner,+.69,69.75,70.44
12,Kevin Na,+.44,70.00,70.44
12,Scott Piercy,+.44,70.00,70.44
12,D.A. Points,+.44,70.00,70.44
12,Nick Watney,+.44,70.00,70.44
16,Keegan Bradley,+.19,70.25,70.44
17,Sean O'Hair,-.06,70.50,70.44
18,Bubba Watson,-.56,71.00,70.44
18,Mark Wilson,-.56,71.00,70.44
20,Bill Haas,-.81,71.25,70.44
21,Aaron Baddeley,-1.06,71.50,70.44
22,Michael Bradley,-1.31,71.75,70.44
22,Scott Stallings,-1.31,71.75,70.44
24,Gary Woodland,-1.81,72.25,70.44
25,Brendan Steele,-3.31,73.75,70.44
26,David Toms,-3.56,74.00,70.44
27,Jhonattan Vegas,-4.06,74.50,70.44
