rank,player,Value,Tourn/Course,Round
1,Steve Stricker,63,Hyundai T of C/,2
2,Kevin Na,64,Hyundai T of C/,2
3,Keegan Bradley,65,Hyundai T of C/,4
3,K.J. Choi,65,Hyundai T of C/,4
5,Harrison Frazar,66,Hyundai T of C/,3
5,Chris Kirk,66,Hyundai T of C/,2
7,Jonathan Byrd,67,Hyundai T of C/,3
7,Martin Laird,67,Hyundai T of C/,4
7,Bryce Molder,67,Hyundai T of C/,3
7,Johnson Wagner,67,Hyundai T of C/,4
11,Aaron Baddeley,68,Hyundai T of C/,2
11,Michael Bradley,68,Hyundai T of C/,1
11,Ben Crane,68,Hyundai T of C/,4
11,Scott Piercy,68,Hyundai T of C/,4
11,Rory Sabbatini,68,Hyundai T of C/,4
11,Webb Simpson,68,Hyundai T of C/,4
11,Nick Watney,68,Hyundai T of C/,4
18,Bill Haas,69,Hyundai T of C/,4
18,Sean O'Hair,69,Hyundai T of C/,4
18,D.A. Points,69,Hyundai T of C/,4
18,Scott Stallings,69,Hyundai T of C/,2
18,Bubba Watson,69,Hyundai T of C/,4
18,Mark Wilson,69,Hyundai T of C/,3
24,Brendan Steele,71,Hyundai T of C/,4
24,David Toms,71,Hyundai T of C/,4
24,Gary Woodland,71,Hyundai T of C/,2
27,Jhonattan Vegas,73,Hyundai T of C/,2
