rank,player,Avg,GIR Putts,Greens Hit,Birdie Conversion
1,Jon Rahm,1.623,99,61,49.18%
2,Tom Hoge,1.627,96,59,45.76%
3,Luke List,1.639,100,61,42.62%
4,Max Homa,1.645,102,62,42.62%
5,Collin Morikawa,1.661,103,62,43.55%
6,Matt Fitzpatrick,1.672,97,58,38.60%
6,Cameron Young,1.672,102,61,49.18%
8,Hideki Matsuyama,1.673,92,55,43.64%
9,Viktor Hovland,1.684,96,57,47.37%
10,Mackenzie Hughes,1.702,97,57,37.50%
10,Scott Stallings,1.702,97,57,42.11%
12,K.H. Lee,1.703,109,64,39.06%
13,Will Zalatoris,1.705,104,61,39.34%
14,Tony Finau,1.712,101,59,40.68%
14,Tom Kim,1.712,101,59,41.38%
14,Aaron Wise,1.712,101,59,44.07%
17,Jordan Spieth,1.714,96,56,41.07%
18,Scottie Scheffler,1.717,103,60,41.67%
19,Brian Harman,1.722,93,54,42.59%
20,Patrick Cantlay,1.729,102,59,40.68%
21,Billy Horschel,1.733,104,60,33.33%
21,Justin Thomas,1.733,104,60,40.00%
23,J.J. Spaun,1.734,111,64,40.63%
24,Sam Burns,1.741,101,58,36.21%
25,Sepp Straka,1.742,108,62,37.10%
26,Trey Mullinax,1.764,97,55,36.36%
26,Seamus Power,1.764,97,55,32.73%
28,J.T. Poston,1.767,106,60,38.33%
29,Adam Scott,1.768,99,56,35.71%
30,Chad Ramey,1.778,96,54,35.19%
31,Sungjae Im,1.783,107,60,41.67%
32,Russell Henley,1.790,111,62,30.65%
33,Sahith Theegala,1.797,106,59,30.51%
34,Ryan Brehm,1.814,107,59,30.51%
35,Corey Conners,1.817,109,60,36.67%
36,Keegan Bradley,1.833,110,60,25.00%
37,Chez Reavie,1.850,111,60,28.33%
38,Adam Svensson,1.948,113,58,27.59%
