rank,player,Total
1,Sam Burns,16.8
2,K.H. Lee,18.0
3,Max Homa,19.3
4,Scott Stallings,22.4
5,Tom Hoge,22.8
6,Mackenzie Hughes,24.8
7,Collin Morikawa,25.3
7,Jon Rahm,25.3
9,Aaron Wise,29.7
10,Tony Finau,30.0
11,Seamus Power,30.8
12,Brian Harman,32.8
13,Hideki Matsuyama,33.6
14,Sepp Straka,35.4
15,Billy Horschel,35.6
16,J.J. Spaun,36.8
17,Corey Conners,38.4
18,Matt Fitzpatrick,39.0
19,Will Zalatoris,39.1
20,Patrick Cantlay,39.3
20,Scottie Scheffler,39.3
22,J.T. Poston,41.8
23,Cameron Young,43.0
24,Jordan Spieth,44.1
25,Tom Kim,44.3
26,Justin Thomas,48.0
27,Trey Mullinax,48.4
28,Chad Ramey,49.3
29,Keegan Bradley,50.0
30,Ryan Brehm,50.7
31,Adam Scott,51.0
32,Sungjae Im,51.9
32,Sahith Theegala,51.9
34,Viktor Hovland,55.3
35,Chez Reavie,58.3
36,Luke List,59.2
37,Russell Henley,63.0
38,Adam Svensson,65.6
