rank,player,Value,Attempts(<= 5'),Tot Made (>=20'),Tot Made (<= 5')
1,Sam Burns,104.08,49,2,49
2,Max Homa,104.00,50,2,50
3,Billy Horschel,103.85,52,2,52
3,Collin Morikawa,103.85,52,3,51
5,Matt Fitzpatrick,103.70,54,3,53
5,Jon Rahm,103.70,54,3,53
5,Scott Stallings,103.70,54,2,54
8,Patrick Cantlay,103.51,57,3,56
9,Seamus Power,101.96,51,2,50
10,K.H. Lee,101.92,52,1,52
11,Tony Finau,101.79,56,2,55
11,Tom Kim,101.79,56,2,55
11,Scottie Scheffler,101.79,56,3,54
14,Keegan Bradley,100.00,56,0,56
14,Ryan Brehm,100.00,55,3,52
14,Corey Conners,100.00,55,1,54
14,Sungjae Im,100.00,56,1,55
14,Luke List,100.00,60,3,57
14,Chad Ramey,100.00,59,2,57
14,Chez Reavie,100.00,61,1,60
14,Sepp Straka,100.00,55,1,54
14,Sahith Theegala,100.00,62,1,61
14,Aaron Wise,100.00,56,1,55
24,Adam Scott,98.44,64,1,62
25,Trey Mullinax,98.31,59,1,57
26,Viktor Hovland,98.28,58,1,56
26,J.T. Poston,98.28,58,2,55
28,Mackenzie Hughes,98.25,57,0,56
28,J.J. Spaun,98.25,57,0,56
30,Hideki Matsuyama,98.21,56,0,55
31,Tom Hoge,98.15,54,0,53
31,Justin Thomas,98.15,54,1,52
33,Will Zalatoris,96.49,57,1,54
34,Jordan Spieth,96.30,54,1,51
35,Adam Svensson,95.38,65,0,62
36,Russell Henley,95.16,62,1,58
37,Brian Harman,93.22,59,0,55
38,Cameron Young,92.98,57,3,50
