rank,player,%,# Birdies,Greens Hit
1,Jon Rahm,49.18%,30,61
1,Cameron Young,49.18%,30,61
3,Viktor Hovland,47.37%,27,57
4,Tom Hoge,45.76%,27,59
5,Aaron Wise,44.07%,26,59
6,Hideki Matsuyama,43.64%,24,55
7,Collin Morikawa,43.55%,27,62
8,Max Homa,42.62%,26,61
8,Luke List,42.62%,26,61
10,Brian Harman,42.59%,23,54
11,Scott Stallings,42.11%,24,57
12,Sungjae Im,41.67%,25,60
12,Scottie Scheffler,41.67%,25,60
14,Tom Kim,41.38%,24,58
15,Jordan Spieth,41.07%,23,56
16,Patrick Cantlay,40.68%,24,59
16,Tony Finau,40.68%,24,59
18,J.J. Spaun,40.63%,26,64
19,Justin Thomas,40.00%,24,60
20,Will Zalatoris,39.34%,24,61
21,K.H. Lee,39.06%,25,64
22,Matt Fitzpatrick,38.60%,22,57
23,J.T. Poston,38.33%,23,60
24,Mackenzie Hughes,37.50%,21,56
25,Sepp Straka,37.10%,23,62
26,Corey Conners,36.67%,22,60
27,Trey Mullinax,36.36%,20,55
28,Sam Burns,36.21%,21,58
29,Adam Scott,35.71%,20,56
30,Chad Ramey,35.19%,19,54
31,Billy Horschel,33.33%,20,60
32,Seamus Power,32.73%,18,55
33,Russell Henley,30.65%,19,62
34,Ryan Brehm,30.51%,18,59
34,Sahith Theegala,30.51%,18,59
36,Chez Reavie,28.33%,17,60
37,Adam Svensson,27.59%,16,58
38,Keegan Bradley,25.00%,15,60
