rank,player,Avg,Total Strokes,Total Rounds
1,Jonathan Byrd,67.00,67,1
2,Michael Bradley,68.00,68,1
2,Martin Laird,68.00,68,1
2,Webb Simpson,68.00,68,1
2,Steve Stricker,68.00,68,1
6,Keegan Bradley,69.00,69,1
7,K.J. Choi,70.00,70,1
8,Bryce Molder,71.00,71,1
8,D.A. Points,71.00,71,1
10,Ben Crane,72.00,72,1
10,Scott Piercy,72.00,72,1
10,Johnson Wagner,72.00,72,1
10,Mark Wilson,72.00,72,1
14,Bill Haas,73.00,73,1
14,Kevin Na,73.00,73,1
14,Sean O'Hair,73.00,73,1
14,Rory Sabbatini,73.00,73,1
14,Nick Watney,73.00,73,1
14,Gary Woodland,73.00,73,1
20,Harrison Frazar,74.00,74,1
20,Scott Stallings,74.00,74,1
20,Bubba Watson,74.00,74,1
23,Aaron Baddeley,75.00,75,1
23,Chris Kirk,75.00,75,1
23,Jhonattan Vegas,75.00,75,1
26,Brendan Steele,76.00,76,1
26,David Toms,76.00,76,1
