rank,player,Avg,Total Strokes,Total Rounds
1,Harrison Frazar,66.00,66,1
2,Jonathan Byrd,67.00,67,1
2,Martin Laird,67.00,67,1
2,Bryce Molder,67.00,67,1
5,Ben Crane,68.00,68,1
5,Rory Sabbatini,68.00,68,1
5,Johnson Wagner,68.00,68,1
5,Nick Watney,68.00,68,1
9,K.J. Choi,69.00,69,1
9,Scott Piercy,69.00,69,1
9,Webb Simpson,69.00,69,1
9,Steve Stricker,69.00,69,1
9,Mark Wilson,69.00,69,1
14,Bill Haas,70.00,70,1
14,Chris Kirk,70.00,70,1
14,Sean O'Hair,70.00,70,1
17,Kevin Na,71.00,71,1
17,D.A. Points,71.00,71,1
19,Brendan Steele,72.00,72,1
19,Bubba Watson,72.00,72,1
21,Gary Woodland,73.00,73,1
22,Aaron Baddeley,74.00,74,1
22,Scott Stallings,74.00,74,1
24,Keegan Bradley,75.00,75,1
24,Michael Bradley,75.00,75,1
24,David Toms,75.00,75,1
27,Jhonattan Vegas,76.00,76,1
