rank,player,%
1,Aaron Baddeley,100.00
1,Keegan Bradley,100.00
1,Michael Bradley,100.00
1,Jonathan Byrd,100.00
1,K.J. Choi,100.00
1,Harrison Frazar,100.00
1,Chris Kirk,100.00
1,Martin Laird,100.00
1,Sean O'Hair,100.00
1,Scott Piercy,100.00
1,Webb Simpson,100.00
1,Brendan Steele,100.00
1,Steve Stricker,100.00
1,David Toms,100.00
1,Johnson Wagner,100.00
1,Nick Watney,100.00
1,Bubba Watson,100.00
18,Ben Crane,.00
18,Bill Haas,.00
18,Bryce Molder,.00
18,Kevin Na,.00
18,D.A. Points,.00
18,Rory Sabbatini,.00
18,Scott Stallings,.00
18,Jhonattan Vegas,.00
18,Mark Wilson,.00
18,Gary Woodland,.00
