rank,player,Avg,Total Strokes,Total Rounds
1,Steve Stricker,63.00,63,1
2,Kevin Na,64.00,64,1
3,Chris Kirk,66.00,66,1
4,Aaron Baddeley,68.00,68,1
4,Webb Simpson,68.00,68,1
6,Harrison Frazar,69.00,69,1
6,D.A. Points,69.00,69,1
6,Scott Stallings,69.00,69,1
6,Bubba Watson,69.00,69,1
10,Martin Laird,70.00,70,1
10,Bryce Molder,70.00,70,1
10,Sean O'Hair,70.00,70,1
10,Rory Sabbatini,70.00,70,1
14,Jonathan Byrd,71.00,71,1
14,Ben Crane,71.00,71,1
14,Scott Piercy,71.00,71,1
14,Nick Watney,71.00,71,1
14,Mark Wilson,71.00,71,1
14,Gary Woodland,71.00,71,1
20,Keegan Bradley,72.00,72,1
20,Johnson Wagner,72.00,72,1
22,K.J. Choi,73.00,73,1
22,Bill Haas,73.00,73,1
22,Jhonattan Vegas,73.00,73,1
25,David Toms,74.00,74,1
26,Michael Bradley,75.00,75,1
27,Brendan Steele,76.00,76,1
