rank,player,Avg,Total Strokes,Total Rounds
1,Keegan Bradley,65.00,65,1
1,K.J. Choi,65.00,65,1
3,Chris Kirk,67.00,67,1
3,Martin Laird,67.00,67,1
3,Johnson Wagner,67.00,67,1
6,Jonathan Byrd,68.00,68,1
6,Ben Crane,68.00,68,1
6,Harrison Frazar,68.00,68,1
6,Scott Piercy,68.00,68,1
6,Rory Sabbatini,68.00,68,1
6,Webb Simpson,68.00,68,1
6,Nick Watney,68.00,68,1
13,Aaron Baddeley,69.00,69,1
13,Michael Bradley,69.00,69,1
13,Bill Haas,69.00,69,1
13,Sean O'Hair,69.00,69,1
13,D.A. Points,69.00,69,1
13,Steve Stricker,69.00,69,1
13,Bubba Watson,69.00,69,1
20,Bryce Molder,70.00,70,1
20,Scott Stallings,70.00,70,1
22,Brendan Steele,71.00,71,1
22,David Toms,71.00,71,1
24,Kevin Na,72.00,72,1
24,Mark Wilson,72.00,72,1
24,Gary Woodland,72.00,72,1
27,Jhonattan Vegas,74.00,74,1
