rank,player,Avg,Total 3 Putts,Total Rounds
1,David Toms,2.00,8,4
2,Jhonattan Vegas,1.75,7,4
3,Chris Kirk,1.50,6,4
3,Brendan Steele,1.50,6,4
5,Keegan Bradley,1.25,5,4
5,Ben Crane,1.25,5,4
5,Bill Haas,1.25,5,4
5,Scott Stallings,1.25,5,4
9,Aaron Baddeley,1.00,4,4
10,Michael Bradley,.75,3,4
10,Jonathan Byrd,.75,3,4
10,K.J. Choi,.75,3,4
10,Martin Laird,.75,3,4
10,Bryce Molder,.75,3,4
10,Kevin Na,.75,3,4
10,Sean O'Hair,.75,3,4
10,Scott Piercy,.75,3,4
10,D.A. Points,.75,3,4
10,Rory Sabbatini,.75,3,4
10,Steve Stricker,.75,3,4
10,Johnson Wagner,.75,3,4
10,Mark Wilson,.75,3,4
10,Gary Woodland,.75,3,4
24,Harrison Frazar,.50,2,4
24,Nick Watney,.50,2,4
26,Webb Simpson,.25,1,4
