rank,player,Avg,Total Putts,Total Rounds
1,K.J. Choi,29.00,29,1
1,Harrison Frazar,29.00,29,1
1,Martin Laird,29.00,29,1
1,D.A. Points,29.00,29,1
1,Rory Sabbatini,29.00,29,1
1,Steve Stricker,29.00,29,1
7,Michael Bradley,30.00,30,1
7,Jonathan Byrd,30.00,30,1
7,Bryce Molder,30.00,30,1
10,Keegan Bradley,31.00,31,1
10,Ben Crane,31.00,31,1
10,Scott Piercy,31.00,31,1
10,Webb Simpson,31.00,31,1
10,Gary Woodland,31.00,31,1
15,Aaron Baddeley,32.00,32,1
15,Chris Kirk,32.00,32,1
15,Sean O'Hair,32.00,32,1
15,Scott Stallings,32.00,32,1
15,Johnson Wagner,32.00,32,1
15,Nick Watney,32.00,32,1
21,Brendan Steele,33.00,33,1
21,David Toms,33.00,33,1
23,Kevin Na,34.00,34,1
23,Jhonattan Vegas,34.00,34,1
23,Bubba Watson,34.00,34,1
23,Mark Wilson,34.00,34,1
27,Bill Haas,36.00,36,1
