rank,player,Avg,Total 2 Putts,Total Rounds
1,Bubba Watson,14.50,58,4
2,Michael Bradley,13.50,54,4
2,Bill Haas,13.50,54,4
4,Scott Stallings,12.75,51,4
4,Gary Woodland,12.75,51,4
6,Scott Piercy,12.50,50,4
7,Mark Wilson,12.25,49,4
8,D.A. Points,12.00,48,4
9,Keegan Bradley,11.75,47,4
9,Sean O'Hair,11.75,47,4
9,Webb Simpson,11.75,47,4
12,Brendan Steele,11.25,45,4
12,Nick Watney,11.25,45,4
14,Harrison Frazar,11.00,44,4
14,Jhonattan Vegas,11.00,44,4
16,Bryce Molder,10.75,43,4
16,Kevin Na,10.75,43,4
16,David Toms,10.75,43,4
19,Aaron Baddeley,10.50,42,4
19,Jonathan Byrd,10.50,42,4
19,K.J. Choi,10.50,42,4
22,Johnson Wagner,10.25,41,4
23,Martin Laird,10.00,40,4
23,Rory Sabbatini,10.00,40,4
25,Ben Crane,9.25,37,4
25,Steve Stricker,9.25,37,4
27,Chris Kirk,9.00,36,4
