rank,player,Avg,Total Putts,Total Rounds
1,Steve Stricker,26.00,26,1
2,Chris Kirk,28.00,28,1
2,Kevin Na,28.00,28,1
2,Webb Simpson,28.00,28,1
5,Rory Sabbatini,29.00,29,1
5,Nick Watney,29.00,29,1
7,Aaron Baddeley,30.00,30,1
7,D.A. Points,30.00,30,1
9,Martin Laird,31.00,31,1
9,Johnson Wagner,31.00,31,1
9,Mark Wilson,31.00,31,1
12,Ben Crane,32.00,32,1
12,Harrison Frazar,32.00,32,1
12,Bryce Molder,32.00,32,1
12,Sean O'Hair,32.00,32,1
12,David Toms,32.00,32,1
12,Bubba Watson,32.00,32,1
12,Gary Woodland,32.00,32,1
19,Keegan Bradley,33.00,33,1
19,Jonathan Byrd,33.00,33,1
21,Scott Stallings,34.00,34,1
22,Michael Bradley,35.00,35,1
22,K.J. Choi,35.00,35,1
22,Bill Haas,35.00,35,1
22,Brendan Steele,35.00,35,1
26,Scott Piercy,36.00,36,1
26,Jhonattan Vegas,36.00,36,1
