rank,player,Avg,Total Putts,Total Rounds
1,K.J. Choi,27.00,27,1
2,Aaron Baddeley,28.00,28,1
2,Jonathan Byrd,28.00,28,1
2,Chris Kirk,28.00,28,1
2,Johnson Wagner,28.00,28,1
6,Keegan Bradley,29.00,29,1
7,Michael Bradley,30.00,30,1
7,Martin Laird,30.00,30,1
7,Bryce Molder,30.00,30,1
7,Kevin Na,30.00,30,1
7,Sean O'Hair,30.00,30,1
7,Webb Simpson,30.00,30,1
7,Brendan Steele,30.00,30,1
7,David Toms,30.00,30,1
7,Nick Watney,30.00,30,1
7,Bubba Watson,30.00,30,1
17,Ben Crane,31.00,31,1
17,Harrison Frazar,31.00,31,1
17,Bill Haas,31.00,31,1
17,Scott Piercy,31.00,31,1
17,Rory Sabbatini,31.00,31,1
17,Jhonattan Vegas,31.00,31,1
23,Steve Stricker,32.00,32,1
24,D.A. Points,33.00,33,1
24,Scott Stallings,33.00,33,1
26,Mark Wilson,34.00,34,1
26,Gary Woodland,34.00,34,1
