rank,player,Avg,Total Distance (feet),# of Attempts,Relative to par
1,John Huh,"13' 2""",26.250,2,-2
2,Hunter Mahan,"34' 4""",34.333,1,-1
3,Bill Haas,"36' 0""",36.000,1,+2
4,Brandt Snedeker,"36' 7""",36.583,1,+1
5,Mark Wilson,"40' 9""",40.750,1,E
6,Zach Johnson,"43' 2""",86.333,2,-2
7,Bubba Watson,"45' 2""",45.167,1,-1
8,Dustin Johnson,"52' 3""",208.917,4,-2
9,Ryan Moore,"65' 5""",130.750,2,E
10,Scott Piercy,"71' 8""",143.333,2,-1
11,Kyle Stanley,"72' 6""",144.917,2,+1
12,Matt Kuchar,"78' 3""",312.917,4,-3
13,"Ted Potter, Jr.","79' 7""",79.583,1,-1
14,George McNeill,"90' 5""",361.667,4,-2
15,Marc Leishman,"92' 3""",92.250,1,E
16,Steve Stricker,"96' 5""",96.417,1,E
17,Jason Dufner,"101' 7""",101.583,1,-1
18,Webb Simpson,"107' 8""",107.667,1,-1
19,Ben Curtis,"115' 3""",115.250,1,-1
20,Keegan Bradley,"124' 3""",124.250,1,-1
21,Scott Stallings,"134' 1""",134.083,1,E
