rank,player,Avg,Total Distance (feet),# of Attempts,Relative to par
1,Hunter Mahan,"27' 9""",27.750,1,+1
2,Mark Wilson,"37' 1""",37.083,1,-1
3,Tommy Gainey,"40' 2""",40.167,1,-1
4,Kyle Stanley,"57' 8""",115.250,2,-2
5,Dustin Johnson,"73' 8""",147.333,2,E
6,Marc Leishman,"74' 5""",74.417,1,+1
7,Steve Stricker,"78' 4""",78.333,1,E
8,Bubba Watson,"79' 0""",79.000,1,-1
9,Keegan Bradley,"79' 10""",79.833,1,-1
10,Jonas Blixt,"96' 7""",96.583,1,-1
11,Ben Curtis,"102' 7""",102.583,1,E
12,Zach Johnson,"102' 10""",102.833,1,-1
13,Rickie Fowler,"108' 1""",216.167,2,E
14,Scott Stallings,"121' 1""",121.083,1,-1
15,John Huh,"125' 7""",125.583,1,E
16,"Ted Potter, Jr.","138' 0""",138.000,1,E
