rank,player,Avg,Total Distance (feet),# of Attempts,Relative to par
1,Ryan Moore,"13' 2""",39.583,3,E
2,Hunter Mahan,"14' 7""",14.583,1,E
3,Dustin Johnson,"14' 10""",44.500,3,E
4,Johnson Wagner,"17' 2""",17.167,1,E
5,Scott Piercy,"18' 7""",18.583,1,+2
6,John Huh,"19' 4""",77.417,4,E
7,Charlie Beljan,"20' 7""",20.583,1,E
8,Nick Watney,"22' 9""",113.667,5,E
9,Matt Kuchar,"25' 9""",25.750,1,E
10,Jason Dufner,"28' 11""",28.917,1,E
11,Scott Stallings,"29' 2""",58.250,2,E
12,Brandt Snedeker,"29' 6""",58.917,2,-1
13,Rickie Fowler,"30' 6""",91.500,3,E
14,J.J. Henry,"33' 8""",33.667,1,E
15,Keegan Bradley,"34' 6""",138.000,4,+2
16,Tommy Gainey,"34' 11""",104.667,3,E
17,Ben Curtis,"37' 8""",75.250,2,E
18,Bubba Watson,"38' 1""",152.250,4,E
19,Kyle Stanley,"40' 6""",81.000,2,E
20,Webb Simpson,"40' 10""",163.167,4,+1
21,Bill Haas,"45' 1""",45.083,1,E
22,Steve Stricker,"59' 8""",119.250,2,+2
23,Zach Johnson,"61' 3""",122.500,2,+2
24,Jonas Blixt,"95' 6""",95.500,1,E
