rank,player,Avg,Total Distance (feet),# of Attempts,Relative to par
1,Zach Johnson,"10' 7""",31.750,3,-2
2,Tommy Gainey,"17' 1""",17.083,1,E
3,Jason Dufner,"19' 8""",59.000,3,E
3,Nick Watney,"19' 8""",39.250,2,E
5,Bill Haas,"21' 1""",42.083,2,E
6,Rickie Fowler,"21' 2""",84.750,4,E
7,Carl Pettersson,"29' 1""",87.167,3,E
8,Bubba Watson,"29' 5""",88.167,3,+1
9,Scott Stallings,"30' 1""",60.167,2,-1
10,Scott Piercy,"30' 8""",92.000,3,-1
11,George McNeill,"32' 4""",64.667,2,+1
12,"Ted Potter, Jr.","33' 7""",67.167,2,E
13,Brandt Snedeker,"34' 10""",104.500,3,+1
14,Hunter Mahan,"35' 0""",210.000,6,+2
14,Johnson Wagner,"35' 0""",209.750,6,-2
16,Charlie Beljan,"36' 7""",109.750,3,+1
17,Dustin Johnson,"36' 9""",110.333,3,E
18,Keegan Bradley,"38' 5""",76.750,2,+1
19,Marc Leishman,"40' 6""",121.500,3,+1
20,Matt Kuchar,"40' 11""",122.750,3,E
21,Ryan Moore,"42' 11""",85.833,2,+1
22,Webb Simpson,"44' 0""",44.000,1,+1
23,Steve Stricker,"44' 3""",44.250,1,E
24,John Huh,"44' 7""",89.167,2,E
25,Kyle Stanley,"44' 11""",134.750,3,+1
26,Ben Curtis,"63' 8""",254.667,4,+3
27,Ian Poulter,"64' 3""",128.500,2,E
28,Mark Wilson,"116' 1""",116.083,1,E
