rank,player,Avg,Total Distance (feet),# of Attempts,Relative to par
1,Bill Haas,"19' 4""",135.250,7,E
2,Rickie Fowler,"20' 9""",207.333,10,-1
3,Carl Pettersson,"21' 10""",130.917,6,E
3,Nick Watney,"21' 10""",152.917,7,E
5,Dustin Johnson,"22' 1""",176.750,8,E
6,Ryan Moore,"25' 1""",125.417,5,+1
7,George McNeill,"26' 8""",80.083,3,+1
7,Brandt Snedeker,"26' 8""",186.500,7,-1
9,Tommy Gainey,"27' 5""",137.250,5,-1
10,Zach Johnson,"27' 10""",166.917,6,E
11,John Huh,"28' 3""",226.083,8,E
12,Marc Leishman,"29' 5""",147.083,5,E
13,Charlie Beljan,"29' 7""",295.500,10,+3
13,Matt Kuchar,"29' 7""",177.583,6,-1
15,Scott Piercy,"30' 3""",151.333,5,+2
16,"Ted Potter, Jr.","31' 6""",94.583,3,E
17,Hunter Mahan,"32' 10""",262.750,8,+2
18,J.J. Henry,"33' 8""",33.667,1,E
19,Bubba Watson,"34' 0""",306.250,9,+2
20,Johnson Wagner,"34' 7""",380.833,11,-1
21,Scott Stallings,"34' 11""",244.583,7,+1
22,Keegan Bradley,"35' 10""",214.750,6,+3
22,Jason Dufner,"35' 10""",179.167,5,E
24,Kyle Stanley,"36' 11""",221.500,6,E
25,Jonas Blixt,"38' 2""",152.583,4,E
26,Steve Stricker,"40' 11""",163.500,4,E
27,Webb Simpson,"41' 1""",287.500,7,+1
28,Ben Curtis,"55' 0""",329.917,6,+3
29,Ian Poulter,"59' 9""",238.833,4,E
30,Mark Wilson,"116' 1""",116.083,1,E
