rank,player,Avg,Total Distance (feet),# of Attempts,Relative to par
1,Steve Stricker,"6' 5""",6.417,1,E
2,Ben Curtis,"7' 0""",7.000,1,E
3,Tommy Gainey,"9' 9""",9.750,1,E
4,Dustin Johnson,"13' 5""",26.750,2,-1
5,Bill Haas,"15' 10""",31.583,2,E
6,Marc Leishman,"19' 4""",19.333,1,E
7,Brandt Snedeker,"23' 10""",47.583,2,E
8,Scott Stallings,"25' 4""",101.333,4,E
9,Webb Simpson,"25' 9""",51.417,2,E
10,Charlie Beljan,"26' 4""",26.333,1,E
11,Bubba Watson,"27' 9""",83.250,3,E
12,Kyle Stanley,"31' 3""",31.250,1,E
13,John Huh,"31' 11""",63.750,2,E
14,Zach Johnson,"32' 3""",96.667,3,E
14,Nick Watney,"32' 3""",32.250,1,+1
16,Rickie Fowler,"33' 7""",67.167,2,E
17,Scott Piercy,"34' 1""",68.167,2,E
18,J.J. Henry,"35' 5""",35.417,1,E
19,Keegan Bradley,"37' 7""",37.583,1,E
20,Mark Wilson,"38' 7""",77.167,2,+1
21,Carl Pettersson,"39' 2""",78.250,2,+1
22,Hunter Mahan,"43' 10""",131.417,3,+1
23,Ian Poulter,"44' 9""",89.417,2,+2
24,Ryan Moore,"56' 6""",56.500,1,+1
25,Matt Kuchar,"60' 9""",60.750,1,+1
26,Jason Dufner,"62' 10""",125.583,2,+1
27,George McNeill,"63' 4""",189.917,3,+2
28,"Ted Potter, Jr.","68' 2""",136.333,2,E
29,Johnson Wagner,"74' 1""",222.250,3,+1
