rank,player,Avg,Total Distance (feet),# of Attempts,Relative to par
1,Bill Haas,"6' 0""",6.000,1,-1
2,Mark Wilson,"8' 11""",17.833,2,-1
3,Brandt Snedeker,"13' 1""",13.083,1,E
4,Dustin Johnson,"23' 11""",23.917,1,E
5,J.J. Henry,"27' 2""",54.333,2,-1
6,Jonas Blixt,"29' 2""",174.917,6,E
7,Keegan Bradley,"30' 1""",60.167,2,+1
8,Ben Curtis,"30' 8""",91.917,3,-1
8,"Ted Potter, Jr.","30' 8""",92.083,3,+1
10,Scott Piercy,"31' 8""",31.667,1,E
11,Webb Simpson,"32' 4""",64.583,2,E
12,Ryan Moore,"33' 10""",67.583,2,E
13,Rickie Fowler,"34' 1""",102.333,3,+1
14,Matt Kuchar,"35' 4""",106.083,3,+3
15,George McNeill,"36' 7""",109.667,3,+1
16,John Huh,"37' 11""",75.750,2,E
17,Charlie Beljan,"47' 3""",94.417,2,+1
18,Steve Stricker,"48' 8""",146.000,3,E
19,Tommy Gainey,"51' 0""",102.000,2,E
20,Ian Poulter,"51' 7""",154.750,3,E
21,Marc Leishman,"56' 2""",112.250,2,+1
22,Scott Stallings,"62' 8""",62.667,1,E
23,Nick Watney,"67' 0""",133.917,2,+2
24,Hunter Mahan,"82' 7""",82.583,1,+1
25,Kyle Stanley,"111' 11""",111.917,1,+1
