rank,player,Avg,Total Distance (feet),# of Attempts,Relative to par
1,Hunter Mahan,"31' 1""",62.083,2,E
2,Bill Haas,"36' 0""",36.000,1,+2
3,Brandt Snedeker,"36' 7""",36.583,1,+1
4,Mark Wilson,"38' 11""",77.833,2,-1
5,Tommy Gainey,"40' 2""",40.167,1,-1
6,Bubba Watson,"49' 2""",147.583,3,-2
7,John Huh,"50' 7""",151.833,3,-2
8,Dustin Johnson,"59' 5""",356.250,6,-2
9,Zach Johnson,"63' 1""",189.167,3,-3
10,Kyle Stanley,"65' 1""",260.167,4,-1
11,Ryan Moore,"65' 5""",130.750,2,E
12,Scott Piercy,"71' 8""",143.333,2,-1
13,Matt Kuchar,"78' 3""",312.917,4,-3
14,Marc Leishman,"83' 4""",166.667,2,+1
15,Steve Stricker,"87' 5""",174.750,2,E
16,George McNeill,"90' 5""",361.667,4,-2
17,Jonas Blixt,"96' 7""",96.583,1,-1
18,Jason Dufner,"101' 7""",101.583,1,-1
19,Keegan Bradley,"102' 1""",204.083,2,-2
20,Webb Simpson,"107' 8""",107.667,1,-1
21,Rickie Fowler,"108' 1""",216.167,2,E
22,"Ted Potter, Jr.","108' 10""",217.583,2,-1
23,Ben Curtis,"108' 11""",217.833,2,-1
24,Scott Stallings,"127' 7""",255.167,2,-1
