rank,player,Avg,Total Distance (feet),# of Attempts,Relative to par
1,Ryan Moore,"10' 7""",10.583,1,E
2,Brandt Snedeker,"20' 8""",20.667,1,E
3,Scott Stallings,"23' 0""",46.000,2,-2
4,Scott Piercy,"23' 3""",23.250,1,-1
5,Charlie Beljan,"30' 1""",60.167,2,-1
6,Ben Curtis,"36' 7""",36.583,1,-1
7,Marc Leishman,"37' 6""",75.000,2,-1
8,Bubba Watson,"39' 6""",39.500,1,-1
9,Nick Watney,"52' 3""",52.250,1,E
10,Ian Poulter,"77' 7""",77.583,1,-1
11,Tommy Gainey,"89' 6""",179.000,2,-1
12,Matt Kuchar,"127' 7""",127.583,1,+1
