rank,player,Avg,Total Distance (feet),# of Attempts,Relative to par
1,Bill Haas,"19' 3""",115.667,6,+1
2,Brandt Snedeker,"27' 10""",222.417,8,+2
3,J.J. Henry,"29' 11""",89.750,3,-1
4,Carl Pettersson,"33' 1""",165.417,5,+1
5,Zach Johnson,"35' 3""",317.583,9,-5
6,Bubba Watson,"35' 10""",358.500,10,-2
7,Charlie Beljan,"36' 4""",290.667,8,+1
8,Jonas Blixt,"38' 9""",271.500,7,-1
9,Scott Piercy,"39' 10""",358.417,9,-3
10,Hunter Mahan,"40' 6""",486.083,12,+4
11,Mark Wilson,"41' 3""",288.917,7,-1
12,John Huh,"42' 3""",380.500,9,-2
13,Rickie Fowler,"42' 9""",470.417,11,+1
14,Nick Watney,"42' 11""",257.667,6,+3
15,Dustin Johnson,"43' 1""",517.250,12,-3
16,Ryan Moore,"43' 11""",351.250,8,+2
17,Webb Simpson,"44' 7""",267.667,6,E
18,Jason Dufner,"47' 8""",286.167,6,E
19,Scott Stallings,"47' 9""",525.333,11,-4
20,Johnson Wagner,"48' 0""",432.000,9,-1
21,Marc Leishman,"49' 6""",494.750,10,+2
22,Tommy Gainey,"49' 9""",348.000,7,-2
23,Steve Stricker,"53' 1""",371.417,7,E
24,Keegan Bradley,"54' 1""",378.583,7,E
25,Ben Curtis,"55' 3""",608.000,11,E
26,Ian Poulter,"56' 3""",450.250,8,+1
27,"Ted Potter, Jr.","57' 0""",513.167,9,E
28,Kyle Stanley,"59' 9""",538.083,9,+1
29,George McNeill,"60' 6""",725.917,12,+2
30,Matt Kuchar,"60' 10""",730.083,12,+2
