rank,player,Avg,Total Distance (feet),# of Attempts,Relative to par
1,Carl Pettersson,"12' 2""",48.667,4,-1
2,Marc Leishman,"12' 10""",25.583,2,-1
3,Ryan Moore,"13' 2""",39.583,3,E
4,Dustin Johnson,"13' 3""",66.417,5,E
5,"Ted Potter, Jr.","14' 8""",44.000,3,E
6,George McNeill,"15' 5""",15.417,1,E
7,Matt Kuchar,"16' 7""",66.417,4,-2
8,Bill Haas,"18' 8""",93.167,5,E
9,Rickie Fowler,"20' 5""",122.583,6,-1
10,Brandt Snedeker,"20' 6""",82.000,4,-2
11,Scott Piercy,"20' 9""",62.333,3,+3
12,Hunter Mahan,"22' 1""",66.250,3,E
13,Nick Watney,"22' 9""",113.667,5,E
14,John Huh,"22' 10""",136.917,6,E
15,Charlie Beljan,"26' 6""",185.750,7,+2
16,Kyle Stanley,"28' 11""",86.750,3,-1
17,Tommy Gainey,"30' 1""",120.167,4,-1
18,Bubba Watson,"32' 6""",227.583,7,E
19,Scott Stallings,"32' 11""",230.667,7,+3
20,J.J. Henry,"33' 8""",33.667,1,E
21,Johnson Wagner,"34' 3""",171.083,5,+1
22,Keegan Bradley,"34' 6""",138.000,4,+2
23,Ben Curtis,"37' 8""",75.250,2,E
24,Zach Johnson,"38' 1""",152.417,4,+2
25,Jonas Blixt,"38' 2""",152.583,4,E
26,Webb Simpson,"38' 7""",270.333,7,E
27,Steve Stricker,"39' 9""",119.250,3,E
28,Jason Dufner,"41' 0""",123.000,3,-1
29,Ian Poulter,"55' 2""",110.333,2,E
