rank,player,Avg,Total Distance (feet),# of Attempts,Relative to par
1,Steve Stricker,"0""",0,1,-2
2,Kyle Stanley,"5' 9""",5.750,1,-1
3,Rickie Fowler,"10' 4""",31.083,3,-1
4,Dustin Johnson,"11' 0""",21.917,2,E
5,Brandt Snedeker,"11' 7""",23.083,2,-1
6,Bill Haas,"12' 0""",48.083,4,E
7,Zach Johnson,"12' 8""",12.667,1,E
8,Marc Leishman,"12' 10""",25.583,2,-1
9,Matt Kuchar,"14' 7""",29.083,2,-1
9,Carl Pettersson,"14' 7""",43.750,3,E
11,George McNeill,"15' 5""",15.417,1,E
12,Tommy Gainey,"15' 6""",15.500,1,-1
13,Jonas Blixt,"19' 0""",57.083,3,E
14,"Ted Potter, Jr.","27' 5""",27.417,1,E
15,Charlie Beljan,"27' 6""",165.167,6,+2
16,John Huh,"29' 9""",59.500,2,E
17,Bubba Watson,"32' 11""",65.833,2,+1
18,Hunter Mahan,"38' 2""",38.167,1,E
19,Johnson Wagner,"38' 6""",153.917,4,+1
20,Webb Simpson,"40' 2""",80.333,2,-1
21,Scott Piercy,"40' 9""",40.750,1,+1
22,Scott Stallings,"42' 1""",126.167,3,+2
23,Ian Poulter,"55' 2""",110.333,2,E
24,Jason Dufner,"91' 3""",91.250,1,E
