rank,player,%,Greens Hit,# of holes
1,Ernie Els,73.08,19,26
2,Chris Stroud,72.73,16,22
3,Tadd Fujikawa,70.83,17,24
4,Steve Stricker,69.70,23,33
5,Bob Estes,69.23,18,26
6,Boo Weekley,68.42,13,19
7,Scott Piercy,65.63,21,32
8,Troy Matteson,64.00,16,25
9,Jeff Klauk,63.64,14,22
10,Tommy Gainey,62.96,17,27
11,Tom Pernice Jr.,62.07,18,29
12,Kevin Na,61.90,13,21
12,Sean O'Hair,61.90,13,21
14,Tim Herron,61.29,19,31
15,David Mathis,60.71,17,28
16,Richard Johnson,60.00,12,20
16,Geoff Ogilvy,60.00,15,25
18,Andres Romero,59.46,22,37
19,Jimmy Walker,59.38,19,32
20,Ryuji Imada,59.26,16,27
21,Alex Cejka,58.82,10,17
22,Luke Donald,58.33,14,24
22,Adam Scott,58.33,14,24
24,Kevin Streelman,57.14,16,28
25,Scott Sterling,56.67,17,30
26,Michael Letzig,56.52,13,23
27,Steve Marino,56.00,14,25
28,Jerry Kelly,55.56,15,27
29,Marc Leishman,55.17,16,29
30,Kenny Perry,55.00,11,20
31,Webb Simpson,54.55,12,22
32,Spencer Levin,54.17,13,24
32,Greg Owen,54.17,13,24
34,Cameron Beckman,52.78,19,36
35,Shigeki Maruyama,51.72,15,29
36,Michael Allen,50.00,12,24
36,Matt Bettencourt,50.00,15,30
36,Wil Collins,50.00,15,30
36,Glen Day,50.00,12,24
36,Cliff Kresge,50.00,13,26
36,Ted Purdy,50.00,9,18
36,Tag Ridings,50.00,18,36
36,Rory Sabbatini,50.00,16,32
36,David Toms,50.00,9,18
36,D.J. Trahan,50.00,10,20
46,George McNeill,47.37,9,19
47,Troy Kelly,47.22,17,36
48,Zach Johnson,47.06,8,17
49,John Merrick,46.67,14,30
50,Matthew Borchert,46.43,13,28
51,Stewart Cink,46.15,12,26
51,Jarrod Lyle,46.15,12,26
53,Nathan Green,45.83,11,24
53,Bill Haas,45.83,11,24
55,Jeff Overton,45.16,14,31
56,Briny Baird,45.00,9,20
57,Harrison Frazar,44.83,13,29
58,Charles Howell III,44.44,8,18
59,Arjun Atwal,44.12,15,34
60,Junpei Takayama,43.33,13,30
61,Bart Bryant,42.86,6,14
62,Steve Lowery,41.94,13,31
63,Brendon Todd,41.67,10,24
63,Casey Wittenberg,41.67,10,24
65,K.J. Choi,40.91,9,22
65,Brian Davis,40.91,9,22
65,Arron Oberholser,40.91,9,22
65,Chez Reavie,40.91,9,22
69,Joe Durant,39.13,9,23
70,Hideto Tanihara,37.93,11,29
71,Brian Gay,37.50,6,16
72,Azuma Yano,36.36,8,22
73,Tim Wilkinson,36.00,9,25
74,Tim Petrovic,34.62,9,26
75,D.A. Points,33.33,7,21
76,Tim Clark,29.41,5,17
77,Paul Azinger,28.57,10,35
77,Jeff Quinney,28.57,6,21
