rank,player,%,Greens Hit,Total Holes,Relative to par
1,Jerry Kelly,100.00,6,6,E
1,David Toms,100.00,8,8,E
3,Jeff Klauk,85.71,6,7,E
3,George McNeill,85.71,6,7,+0.17
5,Tim Herron,80.00,8,10,-0.13
5,D.J. Trahan,80.00,4,5,E
7,Richard Johnson,77.78,7,9,-0.14
8,K.J. Choi,75.00,6,8,E
8,Marc Leishman,75.00,6,8,-0.17
8,Ted Purdy,75.00,6,8,-0.33
11,Michael Letzig,72.73,8,11,-0.38
12,Webb Simpson,71.43,5,7,E
12,Hideto Tanihara,71.43,5,7,+0.40
14,Michael Allen,66.67,6,9,-0.33
14,Casey Wittenberg,66.67,6,9,-0.33
16,Zach Johnson,62.50,5,8,-0.20
16,Boo Weekley,62.50,5,8,E
18,Stewart Cink,60.00,3,5,E
18,Harrison Frazar,60.00,3,5,E
18,Ryuji Imada,60.00,9,15,+0.11
18,Kevin Na,60.00,6,10,-0.50
18,Tom Pernice Jr.,60.00,6,10,E
18,Steve Stricker,60.00,6,10,E
24,Ernie Els,57.14,4,7,E
24,Bill Haas,57.14,4,7,-0.25
24,Spencer Levin,57.14,4,7,E
24,Kenny Perry,57.14,4,7,-0.50
24,Andres Romero,57.14,4,7,E
29,Glen Day,54.55,6,11,E
29,D.A. Points,54.55,6,11,-0.17
31,Shigeki Maruyama,53.85,7,13,-0.43
32,Arjun Atwal,50.00,6,12,E
32,Matt Bettencourt,50.00,5,10,+0.40
32,Tim Clark,50.00,5,10,E
32,Wil Collins,50.00,7,14,-0.14
32,Tommy Gainey,50.00,3,6,-0.33
32,Cliff Kresge,50.00,6,12,E
32,Steve Marino,50.00,3,6,E
32,Jeff Overton,50.00,3,6,-0.33
32,Greg Owen,50.00,3,6,+0.33
32,Tim Petrovic,50.00,5,10,-0.40
32,Tag Ridings,50.00,3,6,-0.33
32,Chris Stroud,50.00,4,8,E
44,Briny Baird,45.45,5,11,+0.20
45,Charles Howell III,44.44,4,9,E
45,Arron Oberholser,44.44,4,9,E
45,Scott Sterling,44.44,4,9,-0.25
45,Azuma Yano,44.44,4,9,-0.25
49,Bart Bryant,41.67,5,12,-0.20
50,Paul Azinger,40.00,4,10,+0.25
50,Bob Estes,40.00,4,10,E
52,Brendon Todd,38.46,5,13,-0.40
53,Sean O'Hair,37.50,3,8,E
53,Adam Scott,37.50,3,8,+0.33
53,Kevin Streelman,37.50,3,8,E
56,Alex Cejka,36.36,4,11,E
56,Brian Davis,36.36,4,11,E
56,Joe Durant,36.36,4,11,-0.25
56,Brian Gay,36.36,4,11,-0.25
56,Nathan Green,36.36,4,11,-0.25
56,Steve Lowery,36.36,4,11,E
62,Cameron Beckman,35.71,5,14,E
63,Troy Matteson,33.33,2,6,-0.50
63,Jeff Quinney,33.33,4,12,E
65,Luke Donald,30.00,3,10,E
65,David Mathis,30.00,3,10,E
67,Tadd Fujikawa,28.57,2,7,E
67,Jarrod Lyle,28.57,2,7,E
67,John Merrick,28.57,2,7,-0.50
67,Junpei Takayama,28.57,2,7,E
71,Tim Wilkinson,27.27,3,11,E
72,Geoff Ogilvy,25.00,2,8,E
72,Chez Reavie,25.00,2,8,E
72,Rory Sabbatini,25.00,2,8,E
75,Troy Kelly,20.00,1,5,E
76,Matthew Borchert,18.18,2,11,E
77,Scott Piercy,12.50,1,8,-1.00
77,Jimmy Walker,12.50,1,8,E
