rank,player,%,Greens Hit,# Holes,Relative/Par
1,Cameron Beckman,100.0,4,4,+1.00
1,Matt Bettencourt,100.0,3,3,E
1,Bob Estes,100.0,2,2,E
1,Tadd Fujikawa,100.0,4,4,-1.00
1,Ryuji Imada,100.0,1,1,E
1,Richard Johnson,100.0,1,1,E
1,Cliff Kresge,100.0,2,2,-1.00
1,Spencer Levin,100.0,1,1,-1.00
1,Jarrod Lyle,100.0,1,1,E
1,Steve Marino,100.0,2,2,-1.00
1,David Mathis,100.0,1,1,E
1,Troy Matteson,100.0,2,2,-2.00
1,George McNeill,100.0,1,1,-1.00
1,Arron Oberholser,100.0,1,1,-1.00
1,Ted Purdy,100.0,2,2,E
1,David Toms,100.0,2,2,-1.00
1,Azuma Yano,100.0,3,3,-1.00
18,Scott Piercy,75.0,3,4,E
18,Adam Scott,75.0,3,4,-2.00
18,Hideto Tanihara,75.0,3,4,-1.00
18,D.J. Trahan,75.0,3,4,+1.00
22,Alex Cejka,66.7,2,3,+1.00
22,Nathan Green,66.7,2,3,E
22,Jeff Overton,66.7,2,3,E
22,Kenny Perry,66.7,2,3,-2.00
22,Andres Romero,66.7,2,3,-1.00
22,Tim Wilkinson,66.7,2,3,+1.00
28,Arjun Atwal,60.0,3,5,-1.00
28,Steve Lowery,60.0,3,5,-1.00
30,Michael Allen,50.0,2,4,-1.00
30,Briny Baird,50.0,1,2,E
30,Bart Bryant,50.0,1,2,-1.00
30,K.J. Choi,50.0,1,2,-1.00
30,Brian Davis,50.0,1,2,-1.00
30,Glen Day,50.0,1,2,E
30,Luke Donald,50.0,1,2,E
30,Joe Durant,50.0,1,2,-1.00
30,Tommy Gainey,50.0,1,2,E
30,Brian Gay,50.0,1,2,-1.00
30,Tim Herron,50.0,2,4,-2.00
30,Jerry Kelly,50.0,1,2,E
30,Troy Kelly,50.0,2,4,E
30,Jeff Klauk,50.0,2,4,-1.00
30,Michael Letzig,50.0,1,2,E
30,Shigeki Maruyama,50.0,1,2,E
30,Geoff Ogilvy,50.0,1,2,-1.00
30,Greg Owen,50.0,3,6,E
30,Tom Pernice Jr.,50.0,2,4,E
30,Tim Petrovic,50.0,1,2,E
30,Webb Simpson,50.0,1,2,E
30,Steve Stricker,50.0,3,6,-1.00
30,Chris Stroud,50.0,2,4,E
30,Casey Wittenberg,50.0,1,2,E
54,Chez Reavie,40.0,2,5,-1.00
54,Tag Ridings,40.0,2,5,E
54,Rory Sabbatini,40.0,2,5,E
54,Kevin Streelman,40.0,2,5,E
58,Stewart Cink,33.3,1,3,E
58,Bill Haas,33.3,1,3,E
58,Kevin Na,33.3,1,3,E
58,Sean O'Hair,33.3,1,3,-1.00
58,Scott Sterling,33.3,1,3,+1.00
58,Boo Weekley,33.3,1,3,E
64,Paul Azinger,28.6,2,7,E
65,John Merrick,25.0,1,4,E
65,D.A. Points,25.0,1,4,E
65,Jimmy Walker,25.0,1,4,-2.00
68,Tim Clark,.0,0,3,E
68,Harrison Frazar,.0,0,1,E
68,Charles Howell III,.0,0,2,E
68,Marc Leishman,.0,0,2,E
68,Jeff Quinney,.0,0,3,E
68,Junpei Takayama,.0,0,1,E
