rank,player,%,Greens Hit,Total Holes,Relative to par
1,Azuma Yano,80.00,12,15,-0.33
2,Bob Estes,78.95,15,19,-0.07
3,Ernie Els,77.78,14,18,+0.21
4,Jeff Klauk,77.27,17,22,-0.12
4,Troy Matteson,77.27,17,22,-0.06
6,David Mathis,75.00,12,16,-0.17
6,George McNeill,75.00,12,16,-0.08
8,Shigeki Maruyama,73.91,17,23,-0.18
9,Greg Owen,73.68,14,19,E
10,Kenny Perry,70.59,12,17,+0.08
10,Scott Piercy,70.59,12,17,-0.17
12,Briny Baird,68.75,11,16,+0.09
12,Tim Herron,68.75,11,16,-0.18
12,Ryuji Imada,68.75,11,16,-0.09
15,Arjun Atwal,68.42,13,19,-0.08
16,Stewart Cink,66.67,10,15,-0.10
16,Wil Collins,66.67,14,21,-0.07
16,Tommy Gainey,66.67,12,18,-0.25
16,Rory Sabbatini,66.67,14,21,-0.43
16,Scott Sterling,66.67,14,21,-0.14
21,Jimmy Walker,65.00,13,20,-0.08
22,Joe Durant,64.71,11,17,-0.09
22,Harrison Frazar,64.71,11,17,-0.18
22,Ted Purdy,64.71,11,17,+0.09
25,Jerry Kelly,64.00,16,25,-0.13
26,Bart Bryant,63.16,12,19,-0.17
26,Jeff Overton,63.16,12,19,-0.08
26,Brendon Todd,63.16,12,19,E
29,Adam Scott,62.50,10,16,-0.30
30,Tadd Fujikawa,61.90,13,21,-0.23
30,Tim Wilkinson,61.90,13,21,-0.08
32,Marc Leishman,61.54,8,13,-0.13
33,Steve Lowery,61.11,11,18,E
33,Kevin Na,61.11,11,18,-0.27
33,Steve Stricker,61.11,11,18,-0.18
33,Chris Stroud,61.11,11,18,-0.18
37,Brian Gay,60.00,15,25,-0.33
37,Charles Howell III,60.00,9,15,-0.33
37,Geoff Ogilvy,60.00,9,15,-0.11
40,D.J. Trahan,58.82,10,17,-0.10
41,Cliff Kresge,57.89,11,19,-0.09
42,Arron Oberholser,57.14,12,21,-0.08
43,Matt Bettencourt,55.56,10,18,-0.10
43,Sean O'Hair,55.56,10,18,-0.30
43,Jeff Quinney,55.56,10,18,-0.40
46,Zach Johnson,55.00,11,20,-0.36
46,Webb Simpson,55.00,11,20,-0.09
48,Kevin Streelman,53.85,7,13,-0.14
49,K.J. Choi,52.94,9,17,E
49,Michael Letzig,52.94,9,17,+0.11
49,Andres Romero,52.94,9,17,E
49,Boo Weekley,52.94,9,17,-0.22
53,Luke Donald,52.63,10,19,-0.30
54,Nathan Green,52.17,12,23,-0.17
55,Brian Davis,50.00,7,14,-0.14
55,Glen Day,50.00,8,16,-0.13
55,Spencer Levin,50.00,11,22,+0.09
55,John Merrick,50.00,10,20,-0.10
55,Tag Ridings,50.00,8,16,E
55,Hideto Tanihara,50.00,11,22,-0.27
61,Matthew Borchert,47.62,10,21,+0.10
62,Cameron Beckman,47.06,8,17,-0.25
62,Tom Pernice Jr.,47.06,8,17,-0.25
64,Jarrod Lyle,45.45,10,22,-0.20
65,Troy Kelly,45.00,9,20,-0.11
66,Michael Allen,43.75,7,16,-0.14
66,Alex Cejka,43.75,7,16,E
66,Bill Haas,43.75,7,16,E
69,Tim Petrovic,43.48,10,23,-0.10
70,Paul Azinger,42.86,9,21,-0.11
70,D.A. Points,42.86,9,21,-0.11
70,David Toms,42.86,9,21,-0.22
73,Casey Wittenberg,42.11,8,19,-0.13
74,Tim Clark,41.18,7,17,-0.14
75,Richard Johnson,40.00,8,20,-0.13
75,Steve Marino,40.00,6,15,-0.17
77,Chez Reavie,38.46,10,26,-0.30
78,Junpei Takayama,28.57,6,21,-0.17
