rank,player,%,Greens Hit,Total Holes,Relative to par
1,Paul Azinger,100.00,11,11,-0.18
1,Alex Cejka,100.00,14,14,-0.79
1,Wil Collins,100.00,12,12,-0.67
1,Glen Day,100.00,14,14,-0.57
1,Charles Howell III,100.00,16,16,-0.63
1,Spencer Levin,100.00,13,13,-0.31
1,Jarrod Lyle,100.00,10,10,-0.40
1,Kevin Na,100.00,14,14,-0.57
1,Sean O'Hair,100.00,15,15,-0.67
1,Kenny Perry,100.00,14,14,-0.29
1,Chez Reavie,100.00,9,9,-0.33
1,Scott Sterling,100.00,11,11,-0.27
1,Junpei Takayama,100.00,13,13,-0.38
1,D.J. Trahan,100.00,13,13,-0.54
1,Boo Weekley,100.00,13,13,-0.77
16,Andres Romero,95.24,20,21,-0.55
17,Tim Clark,94.12,16,17,-0.69
18,David Mathis,93.75,15,16,-0.40
19,Greg Owen,93.33,14,15,-0.71
20,Brian Gay,92.86,13,14,-0.46
20,Zach Johnson,92.86,13,14,-0.69
20,Jerry Kelly,92.86,13,14,-0.54
20,Cliff Kresge,92.86,13,14,-0.69
20,Scott Piercy,92.86,13,14,-0.77
20,Chris Stroud,92.86,13,14,-0.38
20,David Toms,92.86,13,14,-0.85
20,Jimmy Walker,92.86,13,14,-0.77
28,Michael Allen,92.31,12,13,-0.50
28,Stewart Cink,92.31,12,13,-0.58
28,Bob Estes,92.31,12,13,-0.67
28,Tadd Fujikawa,92.31,12,13,-0.58
28,John Merrick,92.31,12,13,-0.42
33,Arjun Atwal,91.67,11,12,-0.55
33,Briny Baird,91.67,11,12,-0.55
33,Bart Bryant,91.67,11,12,-0.64
33,Ryuji Imada,91.67,11,12,-0.55
33,Tim Petrovic,91.67,11,12,-0.55
33,D.A. Points,91.67,11,12,-0.36
39,Tim Herron,90.91,10,11,-0.60
39,Hideto Tanihara,90.91,10,11,-0.70
41,Marc Leishman,90.00,18,20,-0.50
42,Ernie Els,88.24,15,17,-0.47
42,Steve Lowery,88.24,15,17,-0.47
42,Geoff Ogilvy,88.24,15,17,-0.60
45,Troy Matteson,87.50,14,16,-0.64
45,Tag Ridings,87.50,14,16,-0.50
47,Brian Davis,86.67,13,15,-0.77
47,Luke Donald,86.67,13,15,-0.69
47,Nathan Green,86.67,13,15,-0.62
47,Richard Johnson,86.67,13,15,-0.38
47,Steve Stricker,86.67,13,15,-0.38
47,Brendon Todd,86.67,13,15,-0.62
53,Cameron Beckman,85.71,12,14,-0.67
53,K.J. Choi,85.71,12,14,-0.67
53,Jeff Klauk,85.71,12,14,-0.50
53,Webb Simpson,85.71,12,14,-0.58
57,Casey Wittenberg,84.62,11,13,-0.55
58,Steve Marino,84.21,16,19,-0.44
59,Matthew Borchert,83.33,10,12,-0.30
60,Tommy Gainey,82.35,14,17,-0.71
61,Jeff Quinney,81.82,9,11,-0.33
62,Shigeki Maruyama,81.25,13,16,-0.38
63,Arron Oberholser,80.00,12,15,-0.67
63,Kevin Streelman,80.00,12,15,-0.58
65,Matt Bettencourt,78.95,15,19,-0.47
65,Troy Kelly,78.95,15,19,-0.73
67,Joe Durant,78.57,11,14,-0.73
67,Michael Letzig,78.57,11,14,-0.64
67,Rory Sabbatini,78.57,11,14,-0.82
67,Tim Wilkinson,78.57,11,14,-0.55
71,Harrison Frazar,77.78,14,18,-0.36
71,Adam Scott,77.78,14,18,-0.86
73,Bill Haas,76.92,10,13,-1.10
74,George McNeill,75.00,12,16,-0.50
74,Ted Purdy,75.00,12,16,-0.67
74,Azuma Yano,75.00,12,16,-0.58
77,Jeff Overton,71.43,15,21,-0.53
78,Tom Pernice Jr.,70.00,7,10,-0.57
