rank,player,%,Greens Hit,Total Holes,Relative to par
1,Ted Purdy,80.00,48,60,-0.10
2,Jeff Klauk,77.05,47,61,-0.13
3,Ernie Els,73.77,45,61,-0.07
4,Chris Stroud,73.33,44,60,-0.14
5,Tim Herron,71.67,43,60,-0.21
5,Troy Matteson,71.67,43,60,-0.16
5,George McNeill,71.67,43,60,-0.12
8,Steve Stricker,70.97,44,62,-0.11
9,Ryuji Imada,70.49,43,61,-0.07
10,Charles Howell III,69.49,41,59,-0.17
11,Bob Estes,69.35,43,62,-0.19
12,Zach Johnson,68.85,42,61,-0.29
13,Scott Sterling,68.25,43,63,-0.21
14,Scott Piercy,67.74,42,62,-0.17
15,Shigeki Maruyama,67.19,43,64,-0.21
16,Kenny Perry,66.67,40,60,-0.08
17,Stewart Cink,66.10,39,59,-0.15
18,Glen Day,65.57,40,61,-0.08
18,Webb Simpson,65.57,40,61,-0.15
18,D.J. Trahan,65.57,40,61,-0.18
21,Greg Owen,65.52,38,58,-0.13
21,Adam Scott,65.52,38,58,-0.24
23,Briny Baird,64.52,40,62,-0.18
24,Tim Clark,64.41,38,59,-0.11
25,Michael Allen,63.93,39,61,-0.21
25,David Toms,63.93,39,61,-0.21
25,Boo Weekley,63.93,39,61,-0.10
28,Marc Leishman,63.79,37,58,-0.14
29,David Mathis,63.49,40,63,-0.13
30,Steve Marino,63.33,38,60,-0.26
31,Richard Johnson,62.90,39,62,-0.13
32,Alex Cejka,62.71,37,59,-0.16
32,Jerry Kelly,62.71,37,59,-0.16
32,Michael Letzig,62.71,37,59,-0.11
32,Jimmy Walker,62.71,37,59,-0.11
32,Azuma Yano,62.71,37,59,-0.30
37,Tommy Gainey,62.30,38,61,-0.21
38,Andres Romero,62.07,36,58,+0.03
39,Brendon Todd,61.67,37,60,-0.16
40,Matt Bettencourt,61.40,35,57,-0.11
41,Brian Gay,61.29,38,62,-0.34
42,Geoff Ogilvy,61.02,36,59,-0.17
43,Tim Wilkinson,60.66,37,61,-0.11
44,Sean O'Hair,60.34,35,58,-0.26
44,Kevin Streelman,60.34,35,58,-0.14
46,Cliff Kresge,60.00,36,60,-0.08
46,Casey Wittenberg,60.00,36,60,-0.14
48,Brian Davis,59.65,34,57,-0.15
48,Spencer Levin,59.65,34,57,-0.09
50,Nathan Green,59.38,38,64,-0.26
51,Joe Durant,59.32,35,59,-0.23
51,Tag Ridings,59.32,35,59,-0.11
53,Arjun Atwal,59.02,36,61,-0.17
53,Bart Bryant,59.02,36,61,-0.22
53,K.J. Choi,59.02,36,61,-0.19
53,Jeff Overton,59.02,36,61,-0.08
57,Kevin Na,58.33,35,60,-0.34
58,Tom Pernice Jr.,58.06,36,62,-0.11
59,Wil Collins,57.38,35,61,-0.17
59,Troy Kelly,57.38,35,61,-0.20
59,Hideto Tanihara,57.38,35,61,-0.20
62,Rory Sabbatini,56.90,33,58,-0.21
63,Tadd Fujikawa,56.67,34,60,-0.21
64,D.A. Points,55.93,33,59,-0.15
65,Jarrod Lyle,55.56,35,63,-0.11
66,Harrison Frazar,55.00,33,60,-0.21
67,Steve Lowery,54.24,32,59,-0.22
68,Luke Donald,54.10,33,61,-0.30
69,Chez Reavie,53.97,34,63,-0.26
70,Bill Haas,53.23,33,62,-0.12
71,Arron Oberholser,52.54,31,59,-0.19
72,John Merrick,51.67,31,60,-0.19
73,Cameron Beckman,51.61,32,62,-0.16
74,Tim Petrovic,50.00,31,62,-0.13
75,Paul Azinger,48.39,30,62,-0.13
76,Junpei Takayama,48.33,29,60,-0.10
77,Matthew Borchert,47.54,29,61,-0.24
78,Jeff Quinney,43.75,28,64,-0.14
