rank,player,%,Greens Hit,Total Holes,Relative to par
1,Arjun Atwal,100.00,9,9,-0.56
1,Paul Azinger,100.00,9,9,-0.22
1,Briny Baird,100.00,10,10,-0.50
1,Alex Cejka,100.00,12,12,-0.83
1,K.J. Choi,100.00,11,11,-0.73
1,Wil Collins,100.00,11,11,-0.64
1,Glen Day,100.00,11,11,-0.64
1,Luke Donald,100.00,11,11,-0.73
1,Ernie Els,100.00,11,11,-0.64
1,Bob Estes,100.00,10,10,-0.80
1,Tommy Gainey,100.00,11,11,-0.73
1,Brian Gay,100.00,10,10,-0.50
1,Charles Howell III,100.00,12,12,-0.75
1,Zach Johnson,100.00,10,10,-0.80
1,Jerry Kelly,100.00,10,10,-0.60
1,Cliff Kresge,100.00,12,12,-0.75
1,Spencer Levin,100.00,13,13,-0.31
1,Jarrod Lyle,100.00,9,9,-0.44
1,Shigeki Maruyama,100.00,7,7,-0.57
1,John Merrick,100.00,11,11,-0.36
1,Kevin Na,100.00,12,12,-0.58
1,Sean O'Hair,100.00,13,13,-0.69
1,Kenny Perry,100.00,12,12,-0.33
1,Tim Petrovic,100.00,10,10,-0.60
1,Scott Piercy,100.00,10,10,-0.80
1,Chez Reavie,100.00,9,9,-0.33
1,Andres Romero,100.00,14,14,-0.71
1,Scott Sterling,100.00,9,9,-0.22
1,Steve Stricker,100.00,10,10,-0.40
1,Junpei Takayama,100.00,11,11,-0.45
1,D.J. Trahan,100.00,11,11,-0.64
1,Boo Weekley,100.00,11,11,-0.82
33,Marc Leishman,92.86,13,14,-0.69
34,Tim Clark,92.31,12,13,-0.83
35,Tadd Fujikawa,91.67,11,12,-0.64
35,Steve Lowery,91.67,11,12,-0.45
35,Steve Marino,91.67,11,12,-0.45
35,Arron Oberholser,91.67,11,12,-0.73
35,Geoff Ogilvy,91.67,11,12,-0.64
35,Greg Owen,91.67,11,12,-0.82
35,D.A. Points,91.67,11,12,-0.36
35,Tag Ridings,91.67,11,12,-0.55
35,Chris Stroud,91.67,11,12,-0.45
35,Jimmy Walker,91.67,11,12,-0.82
45,Michael Allen,90.91,10,11,-0.60
45,Matthew Borchert,90.91,10,11,-0.30
45,Bart Bryant,90.91,10,11,-0.60
45,Stewart Cink,90.91,10,11,-0.70
45,Tim Herron,90.91,10,11,-0.60
45,Ryuji Imada,90.91,10,11,-0.60
45,Jeff Klauk,90.91,10,11,-0.60
45,Webb Simpson,90.91,10,11,-0.60
45,David Toms,90.91,10,11,-1.00
54,Cameron Beckman,90.00,9,10,-0.89
54,Bill Haas,90.00,9,10,-1.22
54,Richard Johnson,90.00,9,10,-0.44
54,Hideto Tanihara,90.00,9,10,-0.67
58,David Mathis,88.89,8,9,-0.75
59,Nathan Green,87.50,7,8,-0.71
59,Jeff Quinney,87.50,7,8,-0.43
61,Brian Davis,85.71,12,14,-0.83
62,Matt Bettencourt,84.62,11,13,-0.55
62,Michael Letzig,84.62,11,13,-0.64
62,Kevin Streelman,84.62,11,13,-0.55
65,Harrison Frazar,83.33,10,12,-0.50
65,Troy Matteson,83.33,10,12,-0.70
65,George McNeill,83.33,10,12,-0.60
65,Adam Scott,83.33,10,12,-1.00
65,Brendon Todd,83.33,10,12,-0.60
65,Casey Wittenberg,83.33,10,12,-0.60
71,Tim Wilkinson,81.82,9,11,-0.56
72,Troy Kelly,80.00,8,10,-0.88
73,Rory Sabbatini,76.92,10,13,-0.90
74,Joe Durant,75.00,9,12,-0.67
75,Jeff Overton,70.00,7,10,-0.86
75,Tom Pernice Jr.,70.00,7,10,-0.57
75,Azuma Yano,70.00,7,10,-0.86
78,Ted Purdy,63.64,7,11,-0.71
