rank,player,%,Greens Hit,Total Holes,Relative to par
1,Ted Purdy,87.50,14,16,+0.14
2,Jimmy Walker,85.71,12,14,E
3,Adam Scott,82.35,14,17,-0.14
4,Alex Cejka,81.25,13,16,-0.15
5,Zach Johnson,79.17,19,24,-0.26
6,Ernie Els,78.95,15,19,-0.40
7,Steve Marino,78.57,11,14,-0.18
8,Steve Stricker,77.78,14,18,E
8,Boo Weekley,77.78,14,18,-0.07
10,Scott Sterling,77.27,17,22,-0.18
11,Chris Stroud,76.47,13,17,-0.15
12,Tim Clark,76.19,16,21,E
12,Ryuji Imada,76.19,16,21,-0.13
14,Jeff Klauk,73.68,14,19,-0.21
14,Michael Letzig,73.68,14,19,-0.14
14,Spencer Levin,73.68,14,19,-0.07
17,Scott Piercy,73.33,11,15,-0.18
18,Troy Matteson,72.22,13,18,-0.15
19,Bob Estes,71.43,15,21,-0.33
19,D.J. Trahan,71.43,15,21,-0.13
21,Michael Allen,70.00,14,20,-0.14
21,Stewart Cink,70.00,14,20,-0.29
21,D.A. Points,70.00,14,20,-0.07
24,Brian Gay,68.75,11,16,-0.36
24,Richard Johnson,68.75,11,16,-0.18
24,Shigeki Maruyama,68.75,11,16,-0.18
27,Charles Howell III,68.42,13,19,-0.15
28,Sean O'Hair,66.67,12,18,-0.25
28,Geoff Ogilvy,66.67,14,21,-0.14
28,Chez Reavie,66.67,12,18,-0.25
28,Kevin Streelman,66.67,12,18,-0.08
28,David Toms,66.67,12,18,-0.33
28,Tim Wilkinson,66.67,10,15,E
34,Tom Pernice Jr.,65.38,17,26,-0.06
35,Luke Donald,65.00,13,20,-0.31
35,Joe Durant,65.00,13,20,-0.23
35,Rory Sabbatini,65.00,13,20,-0.15
38,Kenny Perry,64.71,11,17,-0.18
39,Briny Baird,63.64,14,22,-0.36
39,Brian Davis,63.64,14,22,-0.14
39,Glen Day,63.64,14,22,-0.07
39,Brendon Todd,63.64,14,22,-0.14
43,Tim Petrovic,63.16,12,19,E
44,Tag Ridings,62.50,10,16,+0.10
44,Junpei Takayama,62.50,10,16,E
46,Casey Wittenberg,61.90,13,21,-0.15
47,Matt Bettencourt,61.54,8,13,-0.13
47,George McNeill,61.54,8,13,-0.25
47,Jeff Overton,61.54,8,13,+0.13
50,Troy Kelly,61.11,11,18,-0.09
50,Arron Oberholser,61.11,11,18,-0.36
52,Marc Leishman,58.82,10,17,-0.20
52,Webb Simpson,58.82,10,17,-0.10
54,Bill Haas,57.89,11,19,-0.09
55,Tommy Gainey,56.25,9,16,-0.11
56,Andres Romero,54.55,6,11,E
57,Nathan Green,53.85,7,13,-0.14
58,Cliff Kresge,52.94,9,17,E
59,Wil Collins,52.63,10,19,-0.10
59,Tim Herron,52.63,10,19,-0.30
59,Greg Owen,52.63,10,19,-0.20
59,Hideto Tanihara,52.63,10,19,-0.20
63,David Mathis,52.38,11,21,-0.27
64,Jarrod Lyle,50.00,11,22,E
65,John Merrick,47.37,9,19,-0.11
66,Paul Azinger,47.06,8,17,-0.25
66,Bart Bryant,47.06,8,17,E
68,Arjun Atwal,44.44,8,18,-0.13
68,Azuma Yano,44.44,8,18,-0.13
70,Cameron Beckman,43.75,7,16,E
70,Harrison Frazar,43.75,7,16,-0.57
70,Jerry Kelly,43.75,7,16,+0.14
70,Steve Lowery,43.75,7,16,-0.43
74,Jeff Quinney,43.48,10,23,E
75,Tadd Fujikawa,40.00,6,15,-0.17
76,K.J. Choi,38.89,7,18,E
76,Kevin Na,38.89,7,18,-0.29
78,Matthew Borchert,35.71,5,14,-0.20
