rank,player,%,Greens Hit,Total Holes,Relative to par
1,Arjun Atwal,100.00,8,8,-0.50
1,Paul Azinger,100.00,7,7,-0.29
1,Briny Baird,100.00,7,7,-0.86
1,Cameron Beckman,100.00,7,7,-1.00
1,Matthew Borchert,100.00,9,9,-0.33
1,Bart Bryant,100.00,8,8,-0.50
1,Alex Cejka,100.00,9,9,-1.00
1,K.J. Choi,100.00,8,8,-0.88
1,Wil Collins,100.00,9,9,-0.67
1,Brian Davis,100.00,10,10,-0.80
1,Glen Day,100.00,9,9,-0.67
1,Luke Donald,100.00,9,9,-0.78
1,Ernie Els,100.00,11,11,-0.64
1,Bob Estes,100.00,9,9,-0.89
1,Tommy Gainey,100.00,10,10,-0.70
1,Brian Gay,100.00,6,6,-0.67
1,Nathan Green,100.00,5,5,-1.00
1,Charles Howell III,100.00,12,12,-0.75
1,Ryuji Imada,100.00,8,8,-0.75
1,Zach Johnson,100.00,8,8,-0.88
1,Jerry Kelly,100.00,9,9,-0.67
1,Jeff Klauk,100.00,9,9,-0.56
1,Cliff Kresge,100.00,9,9,-0.89
1,Spencer Levin,100.00,10,10,-0.30
1,Jarrod Lyle,100.00,8,8,-0.50
1,Steve Marino,100.00,11,11,-0.45
1,Shigeki Maruyama,100.00,6,6,-0.67
1,John Merrick,100.00,10,10,-0.30
1,Kevin Na,100.00,9,9,-0.89
1,Sean O'Hair,100.00,11,11,-0.73
1,Arron Oberholser,100.00,8,8,-0.75
1,Greg Owen,100.00,11,11,-0.82
1,Tom Pernice Jr.,100.00,5,5,-0.40
1,Kenny Perry,100.00,11,11,-0.36
1,Tim Petrovic,100.00,10,10,-0.60
1,Scott Piercy,100.00,9,9,-0.67
1,Jeff Quinney,100.00,4,4,-0.75
1,Chez Reavie,100.00,5,5,-0.40
1,Andres Romero,100.00,11,11,-0.82
1,Adam Scott,100.00,10,10,-1.00
1,Scott Sterling,100.00,8,8,-0.25
1,Steve Stricker,100.00,9,9,-0.44
1,Junpei Takayama,100.00,7,7,-0.86
1,D.J. Trahan,100.00,11,11,-0.64
1,Jimmy Walker,100.00,10,10,-0.90
1,Boo Weekley,100.00,10,10,-0.90
47,Michael Allen,90.91,10,11,-0.60
47,Tim Clark,90.91,10,11,-0.80
47,Tim Herron,90.91,10,11,-0.60
47,Troy Matteson,90.91,10,11,-0.70
47,Geoff Ogilvy,90.91,10,11,-0.70
47,Tag Ridings,90.91,10,11,-0.60
53,Stewart Cink,90.00,9,10,-0.67
53,Harrison Frazar,90.00,9,10,-0.56
53,Bill Haas,90.00,9,10,-1.22
53,Michael Letzig,90.00,9,10,-0.67
53,Webb Simpson,90.00,9,10,-0.67
53,Kevin Streelman,90.00,9,10,-0.56
59,Tadd Fujikawa,88.89,8,9,-0.75
59,Marc Leishman,88.89,8,9,-1.00
59,Steve Lowery,88.89,8,9,-0.63
59,David Mathis,88.89,8,9,-0.75
59,D.A. Points,88.89,8,9,-0.38
59,Rory Sabbatini,88.89,8,9,-0.88
59,Chris Stroud,88.89,8,9,-0.75
59,Brendon Todd,88.89,8,9,-0.63
59,David Toms,88.89,8,9,-1.13
68,Richard Johnson,87.50,7,8,-0.71
68,Hideto Tanihara,87.50,7,8,-0.71
68,Tim Wilkinson,87.50,7,8,-0.71
71,George McNeill,83.33,10,12,-0.60
72,Matt Bettencourt,80.00,8,10,-0.63
72,Casey Wittenberg,80.00,8,10,-0.75
74,Jeff Overton,77.78,7,9,-0.86
74,Ted Purdy,77.78,7,9,-0.71
74,Azuma Yano,77.78,7,9,-0.86
77,Troy Kelly,75.00,6,8,-1.17
78,Joe Durant,72.73,8,11,-0.75
