rank,player,%,Greens Hit,Total Holes,Relative to par
1,Arjun Atwal,100.00,1,1,-1.00
1,Paul Azinger,100.00,2,2,E
1,Briny Baird,100.00,3,3,+0.33
1,Matt Bettencourt,100.00,3,3,-0.33
1,Alex Cejka,100.00,3,3,-0.33
1,K.J. Choi,100.00,3,3,-0.33
1,Stewart Cink,100.00,1,1,-1.00
1,Tim Clark,100.00,2,2,-1.00
1,Wil Collins,100.00,2,2,-0.50
1,Glen Day,100.00,2,2,-0.50
1,Luke Donald,100.00,2,2,-0.50
1,Joe Durant,100.00,1,1,E
1,Bob Estes,100.00,1,1,E
1,Tadd Fujikawa,100.00,3,3,-0.33
1,Tommy Gainey,100.00,1,1,-1.00
1,Brian Gay,100.00,4,4,-0.25
1,Richard Johnson,100.00,2,2,+0.50
1,Zach Johnson,100.00,2,2,-0.50
1,Jerry Kelly,100.00,1,1,E
1,Troy Kelly,100.00,2,2,E
1,Cliff Kresge,100.00,3,3,-0.33
1,Marc Leishman,100.00,5,5,-0.20
1,Spencer Levin,100.00,3,3,-0.33
1,Steve Lowery,100.00,3,3,E
1,Jarrod Lyle,100.00,1,1,E
1,Shigeki Maruyama,100.00,1,1,E
1,John Merrick,100.00,1,1,-1.00
1,Kevin Na,100.00,3,3,+0.33
1,Sean O'Hair,100.00,2,2,-0.50
1,Geoff Ogilvy,100.00,1,1,E
1,Kenny Perry,100.00,1,1,E
1,Scott Piercy,100.00,1,1,-2.00
1,D.A. Points,100.00,3,3,-0.33
1,Chez Reavie,100.00,4,4,-0.25
1,Tag Ridings,100.00,1,1,E
1,Andres Romero,100.00,3,3,-0.33
1,Webb Simpson,100.00,1,1,E
1,Scott Sterling,100.00,1,1,E
1,Steve Stricker,100.00,1,1,E
1,Chris Stroud,100.00,3,3,+0.33
1,Junpei Takayama,100.00,4,4,+0.25
1,Hideto Tanihara,100.00,2,2,-0.50
1,David Toms,100.00,2,2,-0.50
1,Boo Weekley,100.00,1,1,E
1,Casey Wittenberg,100.00,2,2,E
46,Arron Oberholser,75.00,3,4,-0.67
46,Jeff Quinney,75.00,3,4,E
48,Cameron Beckman,66.67,2,3,-0.50
48,Bart Bryant,66.67,2,3,-1.00
48,Nathan Green,66.67,2,3,E
48,Ryuji Imada,66.67,2,3,E
48,Michael Letzig,66.67,2,3,-0.50
48,Kevin Streelman,66.67,2,3,-0.50
48,Brendon Todd,66.67,2,3,-0.50
48,Tim Wilkinson,66.67,2,3,E
56,Matthew Borchert,50.00,1,2,E
56,Brian Davis,50.00,2,4,-1.00
56,Harrison Frazar,50.00,1,2,E
56,Jeff Klauk,50.00,1,2,-1.00
56,Rory Sabbatini,50.00,2,4,-1.00
56,Jimmy Walker,50.00,1,2,E
62,Tom Pernice Jr.,40.00,2,5,-1.00
63,Steve Marino,.00,0,1,E
63,Troy Matteson,.00,0,1,E
63,Jeff Overton,.00,0,1,E
63,Greg Owen,.00,0,1,E
63,Ted Purdy,.00,0,2,E
63,Adam Scott,.00,0,2,E
63,Azuma Yano,.00,0,1,E
