rank,player,%,Greens Hit,Total Holes,Relative to par
1,Glen Day,100.00,9,9,E
1,Jarrod Lyle,100.00,11,11,-0.18
1,Brendon Todd,100.00,3,3,E
4,Tim Herron,93.33,14,15,-0.21
4,Chris Stroud,93.33,14,15,-0.14
6,Charles Howell III,91.67,11,12,-0.09
7,Chez Reavie,90.91,10,11,-0.30
7,Steve Stricker,90.91,10,11,-0.20
9,Nathan Green,90.00,9,10,-0.33
9,Cliff Kresge,90.00,9,10,-0.22
11,Brian Davis,88.89,8,9,-0.25
12,K.J. Choi,86.67,13,15,-0.54
13,Matthew Borchert,85.71,12,14,-0.58
13,Tim Clark,85.71,6,7,-0.33
13,Ted Purdy,85.71,12,14,-0.25
13,Webb Simpson,85.71,12,14,-0.25
17,Bart Bryant,83.33,10,12,-0.40
17,Brian Gay,83.33,5,6,-0.40
17,Scott Piercy,83.33,15,18,E
20,Briny Baird,81.82,9,11,-0.33
20,Cameron Beckman,81.82,9,11,-0.33
20,Tim Wilkinson,81.82,9,11,-0.22
23,Matt Bettencourt,80.00,8,10,-0.38
23,Zach Johnson,80.00,4,5,-0.25
23,Jeff Klauk,80.00,8,10,-0.13
23,Casey Wittenberg,80.00,8,10,E
27,Alex Cejka,78.57,11,14,-0.27
28,Arjun Atwal,77.78,7,9,-0.43
28,Bob Estes,77.78,7,9,-0.29
28,Troy Kelly,77.78,7,9,-0.14
28,David Mathis,77.78,7,9,E
32,Tadd Fujikawa,75.00,12,16,-0.25
32,Ryuji Imada,75.00,6,8,-0.17
32,Richard Johnson,75.00,9,12,E
32,George McNeill,75.00,15,20,-0.20
32,John Merrick,75.00,9,12,-0.22
32,Kevin Na,75.00,9,12,-0.33
38,Tommy Gainey,73.33,11,15,-0.09
39,Ernie Els,72.73,8,11,E
39,Greg Owen,72.73,8,11,-0.38
39,Azuma Yano,72.73,8,11,-0.50
42,Steve Marino,72.22,13,18,-0.38
43,Michael Allen,71.43,10,14,-0.30
44,Kevin Streelman,70.59,12,17,-0.17
45,Troy Matteson,70.00,7,10,-0.14
45,Geoff Ogilvy,70.00,7,10,-0.14
47,Andres Romero,68.75,11,16,+0.18
48,Steve Lowery,66.67,6,9,-0.33
48,Shigeki Maruyama,66.67,2,3,E
48,Sean O'Hair,66.67,8,12,-0.25
48,Scott Sterling,66.67,6,9,-0.33
48,Hideto Tanihara,66.67,8,12,-0.38
53,Kenny Perry,64.71,11,17,E
53,Tag Ridings,64.71,11,17,-0.27
55,Junpei Takayama,64.29,9,14,-0.22
56,Adam Scott,63.64,7,11,-0.43
56,David Toms,63.64,7,11,-0.14
58,Luke Donald,62.50,5,8,-0.40
58,Jerry Kelly,62.50,5,8,-0.80
60,Jimmy Walker,60.00,9,15,-0.22
61,Stewart Cink,58.82,10,17,-0.10
61,Bill Haas,58.82,10,17,-0.20
63,Paul Azinger,58.33,7,12,-0.29
64,Marc Leishman,57.14,8,14,-0.13
64,D.A. Points,57.14,4,7,-0.50
66,D.J. Trahan,56.25,9,16,-0.44
66,Boo Weekley,56.25,9,16,E
68,Joe Durant,55.56,5,9,-0.20
68,Spencer Levin,55.56,5,9,-0.60
68,Tom Pernice Jr.,55.56,5,9,-0.20
71,Michael Letzig,54.55,6,11,E
72,Wil Collins,50.00,3,6,-0.67
72,Harrison Frazar,50.00,8,16,-0.13
74,Jeff Overton,41.67,5,12,E
75,Arron Oberholser,37.50,3,8,-0.33
75,Tim Petrovic,37.50,3,8,-0.33
75,Rory Sabbatini,37.50,3,8,+0.33
78,Jeff Quinney,25.00,2,8,E
