rank,player,%,Total Hit,Total Attempts,RTP Score
1,Jeff Klauk,84.72,61,72,-14.00
2,Ted Purdy,83.33,60,72,-9.00
3,Ernie Els,80.56,58,72,-10.00
3,Adam Scott,80.56,58,72,-22.00
5,Ryuji Imada,79.17,57,72,-10.00
5,Troy Matteson,79.17,57,72,-13.00
7,Charles Howell III,77.78,56,72,-17.00
7,George McNeill,77.78,56,72,-12.00
7,Steve Stricker,77.78,56,72,-9.00
7,Chris Stroud,77.78,56,72,-11.00
11,Tommy Gainey,76.39,55,72,-17.00
11,Tim Herron,76.39,55,72,-15.00
11,Zach Johnson,76.39,55,72,-20.00
11,Scott Piercy,76.39,55,72,-16.00
11,D.J. Trahan,76.39,55,72,-15.00
11,Boo Weekley,76.39,55,72,-15.00
17,Briny Baird,75.00,54,72,-14.00
17,Bob Estes,75.00,54,72,-17.00
17,Kenny Perry,75.00,54,72,-8.00
17,Andres Romero,75.00,54,72,-8.00
17,Webb Simpson,75.00,54,72,-13.00
17,Scott Sterling,75.00,54,72,-11.00
23,Alex Cejka,73.61,53,72,-15.00
23,Glen Day,73.61,53,72,-11.00
23,David Toms,73.61,53,72,-18.00
26,Michael Allen,72.22,52,72,-14.00
26,Stewart Cink,72.22,52,72,-13.00
26,Tim Clark,72.22,52,72,-13.00
26,Wil Collins,72.22,52,72,-14.00
26,Marc Leishman,72.22,52,72,-14.00
26,Shigeki Maruyama,72.22,52,72,-13.00
26,David Mathis,72.22,52,72,-10.00
26,Sean O'Hair,72.22,52,72,-18.00
26,Tim Wilkinson,72.22,52,72,-11.00
35,Brian Gay,70.83,51,72,-18.00
35,Cliff Kresge,70.83,51,72,-13.00
35,Michael Letzig,70.83,51,72,-12.00
35,Spencer Levin,70.83,51,72,-6.00
35,Arron Oberholser,70.83,51,72,-14.00
35,Jimmy Walker,70.83,51,72,-14.00
41,Bart Bryant,69.44,50,72,-14.00
41,K.J. Choi,69.44,50,72,-16.00
41,Luke Donald,69.44,50,72,-18.00
41,Richard Johnson,69.44,50,72,-10.00
41,Steve Marino,69.44,50,72,-16.00
41,Kevin Na,69.44,50,72,-21.00
41,Geoff Ogilvy,69.44,50,72,-14.00
41,Greg Owen,69.44,50,72,-14.00
49,Matt Bettencourt,68.06,49,72,-10.00
49,Joe Durant,68.06,49,72,-13.00
49,Nathan Green,68.06,49,72,-15.00
49,Bill Haas,68.06,49,72,-15.00
49,Jerry Kelly,68.06,49,72,-13.00
49,D.A. Points,68.06,49,72,-7.00
49,Chez Reavie,68.06,49,72,-12.00
49,Tag Ridings,68.06,49,72,-11.00
57,Arjun Atwal,66.67,48,72,-11.00
57,Cameron Beckman,66.67,48,72,-15.00
57,Brian Davis,66.67,48,72,-14.00
57,Tadd Fujikawa,66.67,48,72,-15.00
57,Jeff Overton,66.67,48,72,-10.00
57,Tom Pernice Jr.,66.67,48,72,-10.00
57,Kevin Streelman,66.67,48,72,-12.00
57,Brendon Todd,66.67,48,72,-11.00
57,Casey Wittenberg,66.67,48,72,-12.00
57,Azuma Yano,66.67,48,72,-17.00
67,Paul Azinger,65.28,47,72,-7.00
67,Steve Lowery,65.28,47,72,-12.00
67,Hideto Tanihara,65.28,47,72,-14.00
70,Jarrod Lyle,63.89,46,72,-9.00
70,Rory Sabbatini,63.89,46,72,-16.00
72,Harrison Frazar,62.50,45,72,-11.00
72,Troy Kelly,62.50,45,72,-13.00
74,John Merrick,61.11,44,72,-12.00
74,Junpei Takayama,61.11,44,72,-9.00
76,Jeff Quinney,59.72,43,72,-9.00
77,Tim Petrovic,58.33,42,72,-11.00
78,Matthew Borchert,55.56,40,72,-10.00
