rank,player,%,Greens Hit,Total Holes,Relative to par
1,Michael Allen,100.00,2,2,E
1,Paul Azinger,100.00,2,2,E
1,Bart Bryant,100.00,1,1,-1.00
1,Alex Cejka,100.00,2,2,-0.50
1,Stewart Cink,100.00,2,2,E
1,Tim Clark,100.00,4,4,-0.25
1,Wil Collins,100.00,1,1,-1.00
1,Brian Davis,100.00,1,1,E
1,Glen Day,100.00,3,3,-0.33
1,Joe Durant,100.00,2,2,-1.00
1,Tadd Fujikawa,100.00,1,1,E
1,Charles Howell III,100.00,4,4,-0.25
1,Ryuji Imada,100.00,1,1,E
1,Jarrod Lyle,100.00,1,1,E
1,David Mathis,100.00,7,7,E
1,Troy Matteson,100.00,4,4,-0.50
1,Kevin Na,100.00,2,2,-0.50
1,Sean O'Hair,100.00,2,2,-0.50
1,Greg Owen,100.00,3,3,-0.33
1,Kenny Perry,100.00,2,2,E
1,Ted Purdy,100.00,5,5,-0.60
1,Rory Sabbatini,100.00,1,1,E
1,Scott Sterling,100.00,2,2,-0.50
1,Chris Stroud,100.00,2,2,E
1,Junpei Takayama,100.00,2,2,E
1,Hideto Tanihara,100.00,1,1,-1.00
1,Brendon Todd,100.00,3,3,-0.67
1,David Toms,100.00,3,3,-0.33
1,D.J. Trahan,100.00,2,2,E
1,Jimmy Walker,100.00,2,2,-0.50
1,Boo Weekley,100.00,2,2,-0.50
1,Casey Wittenberg,100.00,1,1,E
33,Nathan Green,85.71,6,7,-0.50
33,Andres Romero,85.71,6,7,-0.17
35,Marc Leishman,83.33,5,6,E
35,Azuma Yano,83.33,5,6,-0.20
37,Richard Johnson,80.00,4,5,-0.25
37,Steve Lowery,80.00,4,5,-0.50
37,Geoff Ogilvy,80.00,4,5,-0.50
40,Troy Kelly,77.78,7,9,-0.57
41,Cameron Beckman,75.00,3,4,E
41,Brian Gay,75.00,3,4,-0.33
41,Zach Johnson,75.00,3,4,-0.33
41,Jerry Kelly,75.00,3,4,-0.33
41,Scott Piercy,75.00,3,4,-0.67
41,Tag Ridings,75.00,3,4,-0.33
47,Jeff Overton,72.73,8,11,-0.25
48,Steve Marino,71.43,5,7,-0.40
49,Arjun Atwal,66.67,2,3,-0.50
49,Matt Bettencourt,66.67,4,6,-0.25
49,Ernie Els,66.67,4,6,E
49,Bob Estes,66.67,2,3,E
49,Harrison Frazar,66.67,4,6,E
49,Jeff Klauk,66.67,2,3,E
49,Shigeki Maruyama,66.67,6,9,-0.17
49,Jeff Quinney,66.67,2,3,E
49,Adam Scott,66.67,4,6,-0.50
49,Webb Simpson,66.67,2,3,-0.50
49,Tim Wilkinson,66.67,2,3,-0.50
60,Steve Stricker,60.00,3,5,-0.33
61,Briny Baird,50.00,1,2,-1.00
61,Luke Donald,50.00,2,4,-0.50
61,Tommy Gainey,50.00,3,6,-0.67
61,Cliff Kresge,50.00,1,2,E
61,George McNeill,50.00,2,4,E
61,John Merrick,50.00,1,2,-1.00
61,Tim Petrovic,50.00,1,2,E
61,Kevin Streelman,50.00,1,2,-1.00
69,K.J. Choi,33.33,1,3,E
69,Bill Haas,33.33,1,3,E
69,Arron Oberholser,33.33,1,3,E
72,Matthew Borchert,.00,0,1,E
72,Michael Letzig,.00,0,1,E
