rank,player,%,Greens Hit,# of Holes
1,Paul Azinger,90.48,19,21
2,Tim Clark,89.74,35,39
3,Charles Howell III,89.47,34,38
4,Scott Piercy,87.50,21,24
5,Troy Matteson,87.10,27,31
6,Ted Purdy,86.84,33,38
7,Bob Estes,86.67,26,30
8,Arjun Atwal,86.36,19,22
9,Ryuji Imada,86.21,25,29
10,Briny Baird,86.11,31,36
11,Tag Ridings,85.00,17,20
12,Zach Johnson,84.62,33,39
12,Scott Sterling,84.62,22,26
14,Michael Allen,84.38,27,32
14,Glen Day,84.38,27,32
16,Andres Romero,84.21,16,19
17,Tim Herron,84.00,21,25
18,Stewart Cink,83.33,25,30
18,Kenny Perry,83.33,30,36
18,D.J. Trahan,83.33,30,36
21,Steve Stricker,82.61,19,23
22,K.J. Choi,82.35,28,34
22,Jeff Klauk,82.35,28,34
22,Webb Simpson,82.35,28,34
22,Chris Stroud,82.35,28,34
26,Steve Marino,80.65,25,31
26,Tim Wilkinson,80.65,25,31
28,George McNeill,78.38,29,37
29,Brian Gay,77.50,31,40
30,Matt Bettencourt,76.92,20,26
31,Ernie Els,76.67,23,30
32,Brian Davis,76.47,26,34
33,David Toms,76.32,29,38
34,Jerry Kelly,75.86,22,29
35,Boo Weekley,75.68,28,37
36,Bill Haas,75.00,24,32
36,Troy Kelly,75.00,15,20
36,Greg Owen,75.00,24,32
36,Kevin Streelman,75.00,21,28
36,Brendon Todd,75.00,24,32
36,Jimmy Walker,75.00,18,24
42,Alex Cejka,74.36,29,39
43,Kevin Na,74.29,26,35
44,Geoff Ogilvy,74.19,23,31
45,Marc Leishman,74.07,20,27
45,Shigeki Maruyama,74.07,20,27
47,Chez Reavie,73.53,25,34
48,Cliff Kresge,73.33,22,30
48,Jarrod Lyle,73.33,22,30
50,Wil Collins,73.08,19,26
50,John Merrick,73.08,19,26
50,Junpei Takayama,73.08,19,26
53,Michael Letzig,72.73,24,33
54,Tommy Gainey,72.41,21,29
55,Richard Johnson,72.22,26,36
56,Steve Lowery,72.00,18,25
57,Luke Donald,71.88,23,32
57,Nathan Green,71.88,23,32
57,Spencer Levin,71.88,23,32
57,Adam Scott,71.88,23,32
57,Casey Wittenberg,71.88,23,32
62,David Mathis,71.43,20,28
62,D.A. Points,71.43,25,35
64,Hideto Tanihara,70.37,19,27
65,Cameron Beckman,70.00,14,20
65,Tim Petrovic,70.00,21,30
67,Joe Durant,69.70,23,33
68,Bart Bryant,69.05,29,42
69,Sean O'Hair,68.57,24,35
70,Jeff Overton,68.00,17,25
71,Azuma Yano,67.65,23,34
72,Harrison Frazar,66.67,18,27
72,Rory Sabbatini,66.67,16,24
74,Matthew Borchert,64.29,18,28
75,Jeff Quinney,60.00,21,35
76,Tadd Fujikawa,59.38,19,32
77,Arron Oberholser,58.82,20,34
78,Tom Pernice Jr.,51.85,14,27
