rank,player,Avg,Total Strokes,Total Rounds
1,Akshay Bhatia,31.00,31,1
2,Tommy Fleetwood,32.00,32,1
2,Viktor Hovland,32.00,32,1
2,J.T. Poston,32.00,32,1
2,Andrew Putnam,32.00,32,1
6,Byeong Hun An,33.00,33,1
6,Nico Echavarria,33.00,33,1
6,Matt Fitzpatrick,33.00,33,1
6,Lucas Glover,33.00,33,1
6,Chris Kirk,33.00,33,1
6,Xander Schauffele,33.00,33,1
6,Jordan Spieth,33.00,33,1
13,Sam Burns,34.00,34,1
13,Eric Cole,34.00,34,1
13,Jason Day,34.00,34,1
13,Harris English,34.00,34,1
13,Max Homa,34.00,34,1
13,Patrick Rodgers,34.00,34,1
13,Sepp Straka,34.00,34,1
13,Adam Svensson,34.00,34,1
13,Erik van Rooyen,34.00,34,1
13,Cameron Young,34.00,34,1
23,Patrick Cantlay,35.00,35,1
23,Corey Conners,35.00,35,1
23,Cam Davis,35.00,35,1
23,Brian Harman,35.00,35,1
23,Mackenzie Hughes,35.00,35,1
23,Si Woo Kim,35.00,35,1
23,Kurt Kitayama,35.00,35,1
23,Vincent Norrman,35.00,35,1
23,Seamus Power,35.00,35,1
23,Justin Rose,35.00,35,1
23,Nick Taylor,35.00,35,1
23,Sahith Theegala,35.00,35,1
35,Keegan Bradley,36.00,36,1
35,Wyndham Clark,36.00,36,1
35,Tom Hoge,36.00,36,1
35,Sungjae Im,36.00,36,1
35,Tom Kim,36.00,36,1
35,Taylor Moore,36.00,36,1
35,Collin Morikawa,36.00,36,1
35,Scottie Scheffler,36.00,36,1
35,Adam Schenk,36.00,36,1
35,Brendon Todd,36.00,36,1
35,Matt Wallace,36.00,36,1
46,Tony Finau,37.00,37,1
46,Tyrrell Hatton,37.00,37,1
46,Russell Henley,37.00,37,1
46,Luke List,37.00,37,1
46,Denny McCarthy,37.00,37,1
51,Rickie Fowler,38.00,38,1
51,Emiliano Grillo,38.00,38,1
51,Adam Hadwin,38.00,38,1
51,Nick Hardy,38.00,38,1
51,Hideki Matsuyama,38.00,38,1
51,Davis Riley,38.00,38,1
51,Camilo Villegas,38.00,38,1
58,Lee Hodges,39.00,39,1
59,Ludvig Åberg,41.00,41,1
