rank,player,Avg,Total Strokes,Total Rounds
1,Brendon Todd,30.00,30,1
2,Cam Davis,31.00,31,1
2,Rickie Fowler,31.00,31,1
2,Lee Hodges,31.00,31,1
2,Patrick Rodgers,31.00,31,1
2,Adam Schenk,31.00,31,1
7,Akshay Bhatia,32.00,32,1
7,Eric Cole,32.00,32,1
7,Harris English,32.00,32,1
7,Matt Fitzpatrick,32.00,32,1
7,Adam Hadwin,32.00,32,1
7,Brian Harman,32.00,32,1
7,Tyrrell Hatton,32.00,32,1
7,Tom Hoge,32.00,32,1
7,Sungjae Im,32.00,32,1
7,Si Woo Kim,32.00,32,1
7,Scottie Scheffler,32.00,32,1
7,Cameron Young,32.00,32,1
19,Byeong Hun An,33.00,33,1
19,Nico Echavarria,33.00,33,1
19,Lucas Glover,33.00,33,1
19,Max Homa,33.00,33,1
19,Chris Kirk,33.00,33,1
19,Kurt Kitayama,33.00,33,1
19,Denny McCarthy,33.00,33,1
19,Taylor Moore,33.00,33,1
19,Collin Morikawa,33.00,33,1
19,Xander Schauffele,33.00,33,1
19,Jordan Spieth,33.00,33,1
19,Sepp Straka,33.00,33,1
19,Adam Svensson,33.00,33,1
19,Nick Taylor,33.00,33,1
19,Sahith Theegala,33.00,33,1
34,Wyndham Clark,34.00,34,1
34,Corey Conners,34.00,34,1
34,Jason Day,34.00,34,1
34,Nick Hardy,34.00,34,1
34,Viktor Hovland,34.00,34,1
34,Hideki Matsuyama,34.00,34,1
34,J.T. Poston,34.00,34,1
34,Erik van Rooyen,34.00,34,1
42,Patrick Cantlay,35.00,35,1
42,Tony Finau,35.00,35,1
42,Tom Kim,35.00,35,1
42,Luke List,35.00,35,1
42,Vincent Norrman,35.00,35,1
42,Davis Riley,35.00,35,1
42,Justin Rose,35.00,35,1
49,Ludvig Åberg,36.00,36,1
49,Keegan Bradley,36.00,36,1
49,Sam Burns,36.00,36,1
49,Tommy Fleetwood,36.00,36,1
49,Emiliano Grillo,36.00,36,1
49,Russell Henley,36.00,36,1
49,Mackenzie Hughes,36.00,36,1
49,Seamus Power,36.00,36,1
49,Andrew Putnam,36.00,36,1
58,Camilo Villegas,37.00,37,1
58,Matt Wallace,37.00,37,1
