rank,player,Low Rnd
1,Ludvig Åberg,30
1,Davis Riley,30
1,Brendon Todd,30
4,Akshay Bhatia,31
4,Wyndham Clark,31
4,Cam Davis,31
4,Rickie Fowler,31
4,Lee Hodges,31
4,Mackenzie Hughes,31
4,Chris Kirk,31
4,Patrick Rodgers,31
4,Justin Rose,31
4,Adam Schenk,31
4,Sahith Theegala,31
15,Eric Cole,32
15,Harris English,32
15,Matt Fitzpatrick,32
15,Tommy Fleetwood,32
15,Lucas Glover,32
15,Emiliano Grillo,32
15,Adam Hadwin,32
15,Nick Hardy,32
15,Brian Harman,32
15,Tyrrell Hatton,32
15,Tom Hoge,32
15,Viktor Hovland,32
15,Sungjae Im,32
15,Si Woo Kim,32
15,Luke List,32
15,Collin Morikawa,32
15,J.T. Poston,32
15,Andrew Putnam,32
15,Scottie Scheffler,32
15,Jordan Spieth,32
15,Adam Svensson,32
15,Erik van Rooyen,32
15,Cameron Young,32
38,Byeong Hun An,33
38,Patrick Cantlay,33
38,Corey Conners,33
38,Nico Echavarria,33
38,Tony Finau,33
38,Max Homa,33
38,Tom Kim,33
38,Kurt Kitayama,33
38,Hideki Matsuyama,33
38,Denny McCarthy,33
38,Taylor Moore,33
38,Xander Schauffele,33
38,Sepp Straka,33
38,Nick Taylor,33
38,Matt Wallace,33
53,Keegan Bradley,34
53,Sam Burns,34
53,Jason Day,34
53,Russell Henley,34
53,Seamus Power,34
53,Camilo Villegas,34
59,Vincent Norrman,35
