rank,player,Avg,Total Strokes,Total Rounds
1,Emiliano Grillo,32.00,32,1
1,Brian Harman,32.00,32,1
1,Luke List,32.00,32,1
1,Collin Morikawa,32.00,32,1
1,Brendon Todd,32.00,32,1
6,Patrick Cantlay,33.00,33,1
6,Corey Conners,33.00,33,1
6,Adam Hadwin,33.00,33,1
6,Max Homa,33.00,33,1
6,Viktor Hovland,33.00,33,1
6,Kurt Kitayama,33.00,33,1
6,Sepp Straka,33.00,33,1
6,Sahith Theegala,33.00,33,1
6,Matt Wallace,33.00,33,1
6,Cameron Young,33.00,33,1
16,Byeong Hun An,34.00,34,1
16,Jason Day,34.00,34,1
16,Matt Fitzpatrick,34.00,34,1
16,Rickie Fowler,34.00,34,1
16,Tyrrell Hatton,34.00,34,1
16,Mackenzie Hughes,34.00,34,1
16,Sungjae Im,34.00,34,1
16,Tom Kim,34.00,34,1
16,Chris Kirk,34.00,34,1
16,Seamus Power,34.00,34,1
16,Patrick Rodgers,34.00,34,1
16,Xander Schauffele,34.00,34,1
16,Scottie Scheffler,34.00,34,1
16,Adam Schenk,34.00,34,1
16,Jordan Spieth,34.00,34,1
16,Camilo Villegas,34.00,34,1
32,Ludvig Åberg,35.00,35,1
32,Keegan Bradley,35.00,35,1
32,Sam Burns,35.00,35,1
32,Eric Cole,35.00,35,1
32,Cam Davis,35.00,35,1
32,Nico Echavarria,35.00,35,1
32,Harris English,35.00,35,1
32,Tommy Fleetwood,35.00,35,1
32,Nick Hardy,35.00,35,1
32,Russell Henley,35.00,35,1
32,Lee Hodges,35.00,35,1
32,Tom Hoge,35.00,35,1
32,Hideki Matsuyama,35.00,35,1
32,J.T. Poston,35.00,35,1
46,Akshay Bhatia,36.00,36,1
46,Wyndham Clark,36.00,36,1
46,Lucas Glover,36.00,36,1
46,Denny McCarthy,36.00,36,1
46,Taylor Moore,36.00,36,1
46,Adam Svensson,36.00,36,1
46,Nick Taylor,36.00,36,1
53,Tony Finau,37.00,37,1
53,Si Woo Kim,37.00,37,1
53,Vincent Norrman,37.00,37,1
53,Davis Riley,37.00,37,1
53,Erik van Rooyen,37.00,37,1
58,Andrew Putnam,39.00,39,1
59,Justin Rose,40.00,40,1
