rank,player,Avg,Total Strokes,Total Holes
1,Brendon Todd,32.25,129,4
2,Matt Fitzpatrick,32.75,131,4
2,Brian Harman,32.75,131,4
2,Viktor Hovland,32.75,131,4
2,Chris Kirk,32.75,131,4
2,Patrick Rodgers,32.75,131,4
7,Jordan Spieth,33.00,132,4
7,Sahith Theegala,33.00,132,4
7,Cameron Young,33.00,132,4
10,Cam Davis,33.25,133,4
10,Xander Schauffele,33.25,133,4
12,Byeong Hun An,33.50,134,4
12,Eric Cole,33.50,134,4
12,Lucas Glover,33.50,134,4
12,Max Homa,33.50,134,4
12,Sungjae Im,33.50,134,4
12,Adam Schenk,33.50,134,4
12,Sepp Straka,33.50,134,4
19,Corey Conners,33.75,135,4
19,Nico Echavarria,33.75,135,4
19,Tyrrell Hatton,33.75,135,4
19,Kurt Kitayama,33.75,135,4
19,Collin Morikawa,33.75,135,4
19,J.T. Poston,33.75,135,4
19,Scottie Scheffler,33.75,135,4
19,Adam Svensson,33.75,135,4
27,Akshay Bhatia,34.00,136,4
27,Jason Day,34.00,136,4
27,Harris English,34.00,136,4
27,Tommy Fleetwood,34.00,136,4
27,Rickie Fowler,34.00,136,4
27,Adam Hadwin,34.00,136,4
27,Tom Hoge,34.00,136,4
27,Mackenzie Hughes,34.00,136,4
27,Si Woo Kim,34.00,136,4
36,Patrick Cantlay,34.25,137,4
36,Wyndham Clark,34.25,137,4
36,Erik van Rooyen,34.25,137,4
39,Tom Kim,34.50,138,4
39,Nick Taylor,34.50,138,4
41,Nick Hardy,34.75,139,4
41,Lee Hodges,34.75,139,4
41,Luke List,34.75,139,4
41,Denny McCarthy,34.75,139,4
41,Taylor Moore,34.75,139,4
46,Emiliano Grillo,35.00,140,4
46,Hideki Matsuyama,35.00,140,4
46,Andrew Putnam,35.00,140,4
46,Davis Riley,35.00,140,4
50,Keegan Bradley,35.25,141,4
50,Sam Burns,35.25,141,4
50,Seamus Power,35.25,141,4
50,Justin Rose,35.25,141,4
54,Ludvig Åberg,35.50,142,4
54,Tony Finau,35.50,142,4
54,Russell Henley,35.50,142,4
57,Vincent Norrman,35.75,143,4
58,Camilo Villegas,36.00,144,4
58,Matt Wallace,36.00,144,4
