rank,player,%,Attempts,Putts made
1,Ángel Cabrera,50.00,6,3
2,Sangmoon Bae,38.46,13,5
3,Zach Johnson,37.50,8,3
4,Steven Bowditch,33.33,9,3
4,Patrick Reed,33.33,3,1
6,Ben Martin,28.57,7,2
6,Ryan Moore,28.57,7,2
6,Scott Stallings,28.57,7,2
9,Kevin Streelman,25.00,4,1
9,Jimmy Walker,25.00,8,2
11,Bubba Watson,23.08,13,3
12,Tim Clark,20.00,10,2
12,Matt Every,20.00,5,1
12,Camilo Villegas,20.00,5,1
15,Jason Day,18.18,11,2
15,John Senden,18.18,11,2
17,J.B. Holmes,14.29,7,1
17,Matt Jones,14.29,7,1
17,Hideki Matsuyama,14.29,7,1
20,Matt Kuchar,11.11,9,1
20,Geoff Ogilvy,11.11,9,1
22,Billy Horschel,10.00,10,1
23,Ben Crane,.00,6,-
23,Chesson Hadley,.00,8,-
23,Brian Harman,.00,7,-
23,Russell Henley,.00,8,-
23,Charley Hoffman,.00,7,-
23,Chris Kirk,.00,4,-
23,Hunter Mahan,.00,3,-
23,S.Y. Noh,.00,8,-
23,Robert Streb,.00,9,-
23,Nick Taylor,.00,4,-
23,Brendon Todd,.00,4,-
