rank,player,%,Attempts,Putts made
1,Patrick Reed,57.14,7,4
2,Matt Jones,55.56,9,5
3,Jason Day,54.55,11,6
4,Chris Kirk,50.00,14,7
4,Scott Stallings,50.00,6,3
4,Brendon Todd,50.00,8,4
7,S.Y. Noh,46.15,13,6
8,Tim Clark,44.44,9,4
8,Zach Johnson,44.44,9,4
8,Robert Streb,44.44,9,4
11,Matt Every,42.86,14,6
11,Russell Henley,42.86,14,6
13,Sangmoon Bae,40.00,10,4
13,Ben Martin,40.00,10,4
15,Matt Kuchar,37.50,8,3
16,Nick Taylor,36.36,11,4
17,John Senden,33.33,9,3
17,Kevin Streelman,33.33,9,3
17,Camilo Villegas,33.33,12,4
20,Ryan Moore,30.00,10,3
21,Geoff Ogilvy,28.57,7,2
22,Billy Horschel,27.27,11,3
23,Ben Crane,22.22,9,2
23,Bubba Watson,22.22,9,2
25,Brian Harman,20.00,10,2
25,Charley Hoffman,20.00,10,2
27,Ángel Cabrera,16.67,12,2
27,Jimmy Walker,16.67,6,1
29,Hunter Mahan,15.38,13,2
30,Hideki Matsuyama,8.33,12,1
31,J.B. Holmes,7.69,13,1
32,Steven Bowditch,.00,5,-
32,Chesson Hadley,.00,9,-
