rank,player,%,Attempts,Putts made
1,Ben Crane,50.00,4,2
1,Russell Henley,50.00,4,2
3,Ben Martin,33.33,6,2
4,Matt Kuchar,28.57,7,2
5,Chesson Hadley,25.00,8,2
5,Matt Jones,25.00,8,2
7,Jason Day,20.00,5,1
7,Brian Harman,20.00,5,1
7,Hideki Matsuyama,20.00,5,1
10,Scott Stallings,12.50,8,1
11,Jimmy Walker,11.11,9,1
12,Kevin Streelman,7.14,14,1
13,Sangmoon Bae,.00,1,-
13,Steven Bowditch,.00,7,-
13,Ángel Cabrera,.00,3,-
13,Tim Clark,.00,4,-
13,Matt Every,.00,3,-
13,Charley Hoffman,.00,6,-
13,J.B. Holmes,.00,4,-
13,Billy Horschel,.00,10,-
13,Zach Johnson,.00,4,-
13,Chris Kirk,.00,5,-
13,Hunter Mahan,.00,5,-
13,Ryan Moore,.00,3,-
13,S.Y. Noh,.00,2,-
13,Geoff Ogilvy,.00,7,-
13,Patrick Reed,.00,4,-
13,John Senden,.00,2,-
13,Robert Streb,.00,6,-
13,Nick Taylor,.00,6,-
13,Brendon Todd,.00,7,-
13,Camilo Villegas,.00,5,-
13,Bubba Watson,.00,2,-
