rank,player,%,Attempts,Putts made
1,Ben Crane,22.22,18,4
2,Brian Harman,10.53,19,2
2,Billy Horschel,10.53,19,2
4,Steven Bowditch,10.00,20,2
4,S.Y. Noh,10.00,20,2
6,Nick Taylor,9.09,22,2
7,Geoff Ogilvy,8.70,23,2
8,Russell Henley,8.00,25,2
9,Kevin Streelman,7.69,13,1
10,Hideki Matsuyama,6.67,15,1
11,Jason Day,6.25,16,1
11,J.B. Holmes,6.25,16,1
11,Chris Kirk,6.25,16,1
14,Chesson Hadley,5.88,17,1
15,Tim Clark,5.56,18,1
16,Charley Hoffman,5.26,19,1
16,Ryan Moore,5.26,19,1
18,Zach Johnson,5.00,20,1
19,Matt Jones,4.55,22,1
20,Ángel Cabrera,4.35,23,1
20,Patrick Reed,4.35,23,1
22,Robert Streb,4.17,24,1
23,Sangmoon Bae,.00,23,-
23,Matt Every,.00,14,-
23,Matt Kuchar,.00,12,-
23,Hunter Mahan,.00,28,-
23,Ben Martin,.00,20,-
23,John Senden,.00,18,-
23,Scott Stallings,.00,21,-
23,Brendon Todd,.00,16,-
23,Camilo Villegas,.00,18,-
23,Jimmy Walker,.00,20,-
23,Bubba Watson,.00,14,-
