rank,player,% Made,Attempts,Putts Made
1,Eric Axley,2.50,4,1
1,Joe Durant,2.50,4,1
1,Carl Pettersson,2.50,4,1
1,Rory Sabbatini,2.50,4,1
5,Rod Pampling,2.00,5,1
6,J.B. Holmes,1.25,8,1
7,Stephen Ames,.00,4,-
7,Stuart Appleby,.00,3,-
7,Aaron Baddeley,.00,3,-
7,Chad Campbell,.00,5,-
7,K.J. Choi,.00,3,-
7,Chris Couch,.00,3,-
7,Ben Curtis,.00,5,-
7,Luke Donald,.00,4,-
7,Jim Furyk,.00,5,-
7,J.J. Henry,.00,7,-
7,Tim Herron,.00,9,-
7,Trevor Immelman,.00,6,-
7,Davis Love III,.00,7,-
7,Will MacKenzie,.00,2,-
7,Jeff Maggert,.00,7,-
7,Troy Matteson,.00,1,-
7,Geoff Ogilvy,.00,7,-
7,Corey Pavin,.00,7,-
7,John Rollins,.00,7,-
7,Adam Scott,.00,4,-
7,John Senden,.00,6,-
7,Vijay Singh,.00,3,-
7,David Toms,.00,7,-
7,D.J. Trahan,.00,10,-
7,Kirk Triplett,.00,2,-
7,Brett Wetterich,.00,3,-
7,Dean Wilson,.00,5,-
