rank,player,%,Attempts,Putts made
1,K.J. Choi,66.67,6,4
2,Rory Sabbatini,60.00,5,3
3,Stephen Ames,58.33,12,7
4,Joe Durant,42.86,7,3
5,John Senden,30.00,10,3
6,Rod Pampling,28.57,7,2
6,Adam Scott,28.57,7,2
8,Davis Love III,27.27,11,3
9,David Toms,25.00,8,2
10,Stuart Appleby,22.22,9,2
10,J.J. Henry,22.22,9,2
12,Vijay Singh,21.43,14,3
13,Chris Couch,18.18,11,2
13,John Rollins,18.18,11,2
13,Kirk Triplett,18.18,11,2
16,Geoff Ogilvy,16.67,6,1
16,Dean Wilson,16.67,6,1
18,J.B. Holmes,14.29,7,1
18,Will MacKenzie,14.29,7,1
18,Corey Pavin,14.29,14,2
18,Carl Pettersson,14.29,7,1
18,Brett Wetterich,14.29,7,1
23,Eric Axley,12.50,8,1
24,Chad Campbell,9.09,11,1
24,Luke Donald,9.09,11,1
26,Aaron Baddeley,.00,6,-
26,Ben Curtis,.00,8,-
26,Jim Furyk,.00,9,-
26,Tim Herron,.00,4,-
26,Trevor Immelman,.00,6,-
26,Jeff Maggert,.00,9,-
26,Troy Matteson,.00,8,-
26,D.J. Trahan,.00,12,-
