rank,player,% Made,Attempts,Putts Made
1,Vijay Singh,1.82,11,2
2,Geoff Ogilvy,1.43,14,2
3,Stephen Ames,1.25,8,1
4,Jim Furyk,1.05,19,2
5,Eric Axley,.71,14,1
6,Chris Couch,.56,18,1
7,Dean Wilson,.50,20,1
8,Stuart Appleby,.00,11,-
8,Aaron Baddeley,.00,7,-
8,Chad Campbell,.00,14,-
8,K.J. Choi,.00,14,-
8,Ben Curtis,.00,8,-
8,Luke Donald,.00,13,-
8,Joe Durant,.00,15,-
8,J.J. Henry,.00,18,-
8,Tim Herron,.00,13,-
8,J.B. Holmes,.00,14,-
8,Trevor Immelman,.00,15,-
8,Davis Love III,.00,17,-
8,Will MacKenzie,.00,14,-
8,Jeff Maggert,.00,12,-
8,Troy Matteson,.00,12,-
8,Rod Pampling,.00,24,-
8,Corey Pavin,.00,14,-
8,Carl Pettersson,.00,20,-
8,John Rollins,.00,11,-
8,Rory Sabbatini,.00,8,-
8,Adam Scott,.00,16,-
8,John Senden,.00,17,-
8,David Toms,.00,9,-
8,D.J. Trahan,.00,8,-
8,Kirk Triplett,.00,16,-
8,Brett Wetterich,.00,12,-
