rank,player,%,Attempts,Putts made
1,Tim Herron,50.00,4,2
2,Stuart Appleby,40.00,5,2
2,Dean Wilson,40.00,5,2
4,Vijay Singh,37.50,8,3
5,Jeff Maggert,33.33,3,1
6,Troy Matteson,25.00,8,2
6,Adam Scott,25.00,4,1
8,Stephen Ames,16.67,6,1
8,Jim Furyk,16.67,6,1
8,J.B. Holmes,16.67,6,1
8,Davis Love III,16.67,6,1
12,Chad Campbell,14.29,7,1
12,Luke Donald,14.29,7,1
12,Trevor Immelman,14.29,7,1
12,Carl Pettersson,14.29,7,1
12,David Toms,14.29,7,1
12,Kirk Triplett,14.29,7,1
18,Eric Axley,12.50,8,1
19,Rory Sabbatini,11.11,9,1
20,Aaron Baddeley,.00,5,-
20,K.J. Choi,.00,6,-
20,Chris Couch,.00,4,-
20,Ben Curtis,.00,9,-
20,Joe Durant,.00,7,-
20,J.J. Henry,.00,4,-
20,Will MacKenzie,.00,4,-
20,Geoff Ogilvy,.00,6,-
20,Rod Pampling,.00,2,-
20,Corey Pavin,.00,2,-
20,John Rollins,.00,6,-
20,John Senden,.00,8,-
20,D.J. Trahan,.00,7,-
20,Brett Wetterich,.00,7,-
