rank,player,% Made,Attempts,Putts Made
1,Luke Donald,2.50,4,1
2,Troy Matteson,1.43,7,1
3,Jim Furyk,1.25,8,1
4,Joe Durant,1.11,9,1
5,Stephen Ames,.00,6,-
5,Stuart Appleby,.00,2,-
5,Eric Axley,.00,3,-
5,Aaron Baddeley,.00,4,-
5,Chad Campbell,.00,4,-
5,K.J. Choi,.00,5,-
5,Chris Couch,.00,4,-
5,Ben Curtis,.00,2,-
5,J.J. Henry,.00,4,-
5,Tim Herron,.00,6,-
5,J.B. Holmes,.00,4,-
5,Trevor Immelman,.00,6,-
5,Davis Love III,.00,2,-
5,Will MacKenzie,.00,5,-
5,Jeff Maggert,.00,5,-
5,Geoff Ogilvy,.00,3,-
5,Rod Pampling,.00,2,-
5,Corey Pavin,.00,1,-
5,Carl Pettersson,.00,3,-
5,John Rollins,.00,3,-
5,Rory Sabbatini,.00,2,-
5,Adam Scott,.00,5,-
5,John Senden,.00,1,-
5,Vijay Singh,.00,2,-
5,David Toms,.00,5,-
5,D.J. Trahan,.00,2,-
5,Kirk Triplett,.00,2,-
5,Brett Wetterich,.00,5,-
5,Dean Wilson,.00,6,-
