rank,player,%,Attempts,Putts made
1,Vijay Singh,12.50,16,2
2,Eric Axley,9.52,21,2
3,Jim Furyk,9.38,32,3
4,Geoff Ogilvy,8.33,24,2
5,Joe Durant,7.14,28,2
5,Rory Sabbatini,7.14,14,1
7,Stephen Ames,5.56,18,1
8,Troy Matteson,5.00,20,1
9,Luke Donald,4.76,21,1
10,Chris Couch,4.00,25,1
11,J.B. Holmes,3.85,26,1
12,Carl Pettersson,3.70,27,1
13,Rod Pampling,3.23,31,1
13,Dean Wilson,3.23,31,1
15,Stuart Appleby,.00,16,-
15,Aaron Baddeley,.00,14,-
15,Chad Campbell,.00,23,-
15,K.J. Choi,.00,22,-
15,Ben Curtis,.00,15,-
15,J.J. Henry,.00,29,-
15,Tim Herron,.00,28,-
15,Trevor Immelman,.00,27,-
15,Davis Love III,.00,26,-
15,Will MacKenzie,.00,21,-
15,Jeff Maggert,.00,24,-
15,Corey Pavin,.00,22,-
15,John Rollins,.00,21,-
15,Adam Scott,.00,25,-
15,John Senden,.00,24,-
15,David Toms,.00,21,-
15,D.J. Trahan,.00,20,-
15,Kirk Triplett,.00,20,-
15,Brett Wetterich,.00,20,-
