rank,player,Avg,Total Strokes,Total Holes
1,Kenny Perry,2.67,32,12
1,Chez Reavie,2.67,32,12
3,Richard Johnson,2.83,34,12
3,Anthony Kim,2.83,34,12
5,Ryuji Imada,2.92,35,12
5,Zach Johnson,2.92,35,12
5,Carl Pettersson,2.92,35,12
8,Cameron Beckman,3.00,36,12
8,Justin Leonard,3.00,36,12
8,Davis Love III,3.00,36,12
8,Will MacKenzie,3.00,36,12
8,Sean O'Hair,3.00,36,12
8,Geoff Ogilvy,3.00,36,12
8,D.J. Trahan,3.00,36,12
15,K.J. Choi,3.08,37,12
15,Daniel Chopra,3.08,37,12
15,Ernie Els,3.08,37,12
15,Trevor Immelman,3.08,37,12
15,Parker McLachlin,3.08,37,12
15,Ryan Palmer,3.08,37,12
15,Marc Turnesa,3.08,37,12
15,Johnson Wagner,3.08,37,12
15,Boo Weekley,3.08,37,12
24,Stewart Cink,3.17,38,12
24,Brian Gay,3.17,38,12
24,J.B. Holmes,3.17,38,12
24,Dustin Johnson,3.17,38,12
24,Greg Kraft,3.17,38,12
24,Vijay Singh,3.17,38,12
30,Steve Lowery,3.25,39,12
31,Andres Romero,3.33,40,12
31,Adam Scott,3.33,40,12
31,Camilo Villegas,3.33,40,12
