rank,player,Status,Par 4 Avg,Total Par
1,Geoff Ogilvy,-12,3.73,176
2,Zach Johnson,-8,3.82,176
2,Justin Leonard,-8,3.82,176
4,Davis Love III,-7,3.84,176
4,Will MacKenzie,-7,3.84,176
4,Camilo Villegas,-7,3.84,176
7,Dustin Johnson,-6,3.86,176
7,Sean O'Hair,-6,3.86,176
7,D.J. Trahan,-6,3.86,176
7,Johnson Wagner,-6,3.86,176
7,Boo Weekley,-6,3.86,176
12,Ernie Els,-5,3.89,176
12,Brian Gay,-5,3.89,176
14,K.J. Choi,-4,3.91,176
15,Ryuji Imada,-3,3.93,176
15,Anthony Kim,-3,3.93,176
15,Chez Reavie,-3,3.93,176
15,Adam Scott,-3,3.93,176
15,Marc Turnesa,-3,3.93,176
20,Greg Kraft,-1,3.98,176
20,Kenny Perry,-1,3.98,176
22,Daniel Chopra,E,4.00,176
22,Stewart Cink,E,4.00,176
22,Richard Johnson,E,4.00,176
22,Steve Lowery,E,4.00,176
22,Carl Pettersson,E,4.00,176
27,Cameron Beckman,+1,4.02,176
27,J.B. Holmes,+1,4.02,176
27,Parker McLachlin,+1,4.02,176
27,Ryan Palmer,+1,4.02,176
31,Vijay Singh,+2,4.05,176
32,Trevor Immelman,+3,4.07,176
33,Andres Romero,+5,4.11,176
