rank,player,%,Par 5 Birdies or Better,Par 5 Holes
1,Anthony Kim,75.00,12,16
2,Daniel Chopra,68.75,11,16
2,Ernie Els,68.75,11,16
2,J.B. Holmes,68.75,11,16
2,Dustin Johnson,68.75,11,16
2,Steve Lowery,68.75,11,16
2,Sean O'Hair,68.75,11,16
2,Geoff Ogilvy,68.75,11,16
2,Vijay Singh,68.75,11,16
10,Trevor Immelman,62.50,10,16
11,Cameron Beckman,56.25,9,16
11,Davis Love III,56.25,9,16
11,Parker McLachlin,56.25,9,16
11,Kenny Perry,56.25,9,16
11,Carl Pettersson,56.25,9,16
11,Adam Scott,56.25,9,16
11,D.J. Trahan,56.25,9,16
11,Camilo Villegas,56.25,9,16
11,Johnson Wagner,56.25,9,16
11,Boo Weekley,56.25,9,16
21,K.J. Choi,50.00,8,16
21,Richard Johnson,50.00,8,16
21,Justin Leonard,50.00,8,16
24,Stewart Cink,43.75,7,16
24,Will MacKenzie,43.75,7,16
24,Andres Romero,43.75,7,16
27,Brian Gay,37.50,6,16
27,Ryuji Imada,37.50,6,16
27,Zach Johnson,37.50,6,16
27,Ryan Palmer,37.50,6,16
31,Greg Kraft,31.25,5,16
31,Chez Reavie,31.25,5,16
33,Marc Turnesa,12.50,2,16
