rank,player,%,Par 4 Birdies or Better,Par 4 Holes
1,Geoff Ogilvy,34.09,15,44
2,Ryuji Imada,29.55,13,44
2,Dustin Johnson,29.55,13,44
2,Justin Leonard,29.55,13,44
5,Will MacKenzie,27.27,12,44
5,Marc Turnesa,27.27,12,44
5,Camilo Villegas,27.27,12,44
8,Daniel Chopra,25.00,11,44
8,Zach Johnson,25.00,11,44
10,K.J. Choi,22.73,10,44
10,Anthony Kim,22.73,10,44
10,Davis Love III,22.73,10,44
10,Steve Lowery,22.73,10,44
10,D.J. Trahan,22.73,10,44
15,J.B. Holmes,20.45,9,44
15,Sean O'Hair,20.45,9,44
15,Ryan Palmer,20.45,9,44
15,Chez Reavie,20.45,9,44
15,Vijay Singh,20.45,9,44
20,Stewart Cink,18.18,8,44
20,Greg Kraft,18.18,8,44
20,Adam Scott,18.18,8,44
20,Johnson Wagner,18.18,8,44
20,Boo Weekley,18.18,8,44
25,Ernie Els,15.91,7,44
25,Brian Gay,15.91,7,44
25,Parker McLachlin,15.91,7,44
25,Andres Romero,15.91,7,44
29,Richard Johnson,13.64,6,44
29,Kenny Perry,13.64,6,44
29,Carl Pettersson,13.64,6,44
32,Trevor Immelman,11.36,5,44
33,Cameron Beckman,9.09,4,44
