rank,player,%,Par 3 Birdies or Better,Par 3 Holes
1,Cameron Beckman,33.33,4,12
1,Kenny Perry,33.33,4,12
1,Chez Reavie,33.33,4,12
4,Richard Johnson,25.00,3,12
4,Zach Johnson,25.00,3,12
4,Boo Weekley,25.00,3,12
7,Ernie Els,16.67,2,12
7,J.B. Holmes,16.67,2,12
7,Ryuji Imada,16.67,2,12
7,Anthony Kim,16.67,2,12
7,Davis Love III,16.67,2,12
7,Steve Lowery,16.67,2,12
7,Sean O'Hair,16.67,2,12
7,Geoff Ogilvy,16.67,2,12
7,Vijay Singh,16.67,2,12
16,K.J. Choi,8.33,1,12
16,Daniel Chopra,8.33,1,12
16,Brian Gay,8.33,1,12
16,Trevor Immelman,8.33,1,12
16,Greg Kraft,8.33,1,12
16,Will MacKenzie,8.33,1,12
16,Parker McLachlin,8.33,1,12
16,Ryan Palmer,8.33,1,12
16,Carl Pettersson,8.33,1,12
16,D.J. Trahan,8.33,1,12
16,Marc Turnesa,8.33,1,12
16,Camilo Villegas,8.33,1,12
16,Johnson Wagner,8.33,1,12
29,Stewart Cink,.00,0,12
29,Dustin Johnson,.00,0,12
29,Justin Leonard,.00,0,12
29,Andres Romero,.00,0,12
29,Adam Scott,.00,0,12
