rank,player,Status,Par 3 Avg,Total Par
1,Kenny Perry,-4,2.67,36
1,Chez Reavie,-4,2.67,36
3,Richard Johnson,-2,2.83,36
3,Anthony Kim,-2,2.83,36
5,Ryuji Imada,-1,2.92,36
5,Zach Johnson,-1,2.92,36
5,Carl Pettersson,-1,2.92,36
8,Cameron Beckman,E,3.00,36
8,Justin Leonard,E,3.00,36
8,Davis Love III,E,3.00,36
8,Will MacKenzie,E,3.00,36
8,Sean O'Hair,E,3.00,36
8,Geoff Ogilvy,E,3.00,36
8,D.J. Trahan,E,3.00,36
15,K.J. Choi,+1,3.08,36
15,Daniel Chopra,+1,3.08,36
15,Ernie Els,+1,3.08,36
15,Trevor Immelman,+1,3.08,36
15,Parker McLachlin,+1,3.08,36
15,Ryan Palmer,+1,3.08,36
15,Marc Turnesa,+1,3.08,36
15,Johnson Wagner,+1,3.08,36
15,Boo Weekley,+1,3.08,36
24,Stewart Cink,+2,3.17,36
24,Brian Gay,+2,3.17,36
24,J.B. Holmes,+2,3.17,36
24,Dustin Johnson,+2,3.17,36
24,Greg Kraft,+2,3.17,36
24,Vijay Singh,+2,3.17,36
30,Steve Lowery,+3,3.25,36
31,Andres Romero,+4,3.33,36
31,Adam Scott,+4,3.33,36
31,Camilo Villegas,+4,3.33,36
