rank,player,Avg,Total Strokes,Total Holes
1,Anthony Kim,4.19,67,16
2,Trevor Immelman,4.25,68,16
2,Geoff Ogilvy,4.25,68,16
4,Ernie Els,4.31,69,16
4,Davis Love III,4.31,69,16
4,Sean O'Hair,4.31,69,16
7,Kenny Perry,4.38,70,16
7,Adam Scott,4.38,70,16
9,Dustin Johnson,4.44,71,16
9,Steve Lowery,4.44,71,16
9,Carl Pettersson,4.44,71,16
9,Vijay Singh,4.44,71,16
9,D.J. Trahan,4.44,71,16
9,Camilo Villegas,4.44,71,16
9,Johnson Wagner,4.44,71,16
16,Cameron Beckman,4.50,72,16
16,K.J. Choi,4.50,72,16
16,Stewart Cink,4.50,72,16
16,Justin Leonard,4.50,72,16
16,Parker McLachlin,4.50,72,16
21,J.B. Holmes,4.56,73,16
22,Daniel Chopra,4.63,74,16
22,Brian Gay,4.63,74,16
22,Richard Johnson,4.63,74,16
22,Zach Johnson,4.63,74,16
22,Andres Romero,4.63,74,16
22,Boo Weekley,4.63,74,16
28,Ryuji Imada,4.69,75,16
28,Greg Kraft,4.69,75,16
28,Will MacKenzie,4.69,75,16
28,Chez Reavie,4.69,75,16
32,Ryan Palmer,4.81,77,16
33,Marc Turnesa,5.38,86,16
