rank,player,Avg,Total Strokes,Total Holes
1,Geoff Ogilvy,3.73,164,44
2,Zach Johnson,3.82,168,44
2,Justin Leonard,3.82,168,44
4,Davis Love III,3.84,169,44
4,Will MacKenzie,3.84,169,44
4,Camilo Villegas,3.84,169,44
7,Dustin Johnson,3.86,170,44
7,Sean O'Hair,3.86,170,44
7,D.J. Trahan,3.86,170,44
7,Johnson Wagner,3.86,170,44
7,Boo Weekley,3.86,170,44
12,Ernie Els,3.89,171,44
12,Brian Gay,3.89,171,44
14,K.J. Choi,3.91,172,44
15,Ryuji Imada,3.93,173,44
15,Anthony Kim,3.93,173,44
15,Chez Reavie,3.93,173,44
15,Adam Scott,3.93,173,44
15,Marc Turnesa,3.93,173,44
20,Greg Kraft,3.98,175,44
20,Kenny Perry,3.98,175,44
22,Daniel Chopra,4.00,176,44
22,Stewart Cink,4.00,176,44
22,Richard Johnson,4.00,176,44
22,Steve Lowery,4.00,176,44
22,Carl Pettersson,4.00,176,44
27,Cameron Beckman,4.02,177,44
27,J.B. Holmes,4.02,177,44
27,Parker McLachlin,4.02,177,44
27,Ryan Palmer,4.02,177,44
31,Vijay Singh,4.05,178,44
32,Trevor Immelman,4.07,179,44
33,Andres Romero,4.11,181,44
