rank,player,Avg,Total Dist after Tee Shot,Total Tee Shots
1,Vijay Singh,161.3,"342,521.000",59
2,Ángel Cabrera,161.9,"338,014.000",58
3,Boo Weekley,162.2,"332,769.000",57
4,Nick Watney,162.5,"350,942.000",60
5,Daniel Chopra,162.8,"345,800.000",59
6,George McNeill,163.0,"346,192.000",59
7,Mike Weir,163.6,"353,429.000",60
8,Charles Howell III,164.3,"354,885.000",60
9,Stephen Ames,164.5,"355,333.000",60
10,Henrik Stenson,165.4,"345,415.000",58
11,Steve Flesch,166.2,"352,910.000",59
12,Jonathan Byrd,166.6,"353,936.000",59
12,Charley Hoffman,166.6,"359,837.000",60
14,Woody Austin,167.5,"361,809.000",60
15,Rory Sabbatini,168.1,"363,073.000",60
16,Brian Bateman,168.4,"363,845.000",60
17,Mark Calcavecchia,168.7,"364,427.000",60
18,Chad Campbell,169.0,"358,853.000",59
19,Aaron Baddeley,169.5,"366,152.000",60
20,Joe Ogilvie,169.6,"366,378.000",60
21,Steve Stricker,171.4,"370,313.000",60
22,Hunter Mahan,172.2,"372,027.000",60
23,K.J. Choi,172.7,"373,086.000",60
24,Brandt Snedeker,174.8,"371,194.000",59
25,Mark Wilson,175.0,"377,967.000",60
26,Justin Leonard,176.2,"380,690.000",60
27,Jim Furyk,178.0,"384,457.000",60
28,Scott Verplank,178.6,"379,387.000",59
29,Zach Johnson,180.9,"390,836.000",60
30,Paul Goydos,188.3,"399,958.000",59
31,Fred Funk,192.0,"407,848.000",59
