rank,player,Avg (Yards),Total Distance (inches),Number of Approach Shots
1,Steve Flesch,142.9,"231,518,000",45
2,Stephen Ames,144.5,"244,510,000",47
3,Joe Ogilvie,145.5,"251,375,000",48
4,Justin Leonard,146.8,"258,992,000",49
5,George McNeill,147.2,"227,850,000",43
6,Charles Howell III,147.4,"249,470,000",47
7,Jim Furyk,147.7,"276,544,000",52
8,Charley Hoffman,148.3,"272,196,000",51
9,Brandt Snedeker,149.4,"220,502,000",41
10,Mark Wilson,149.7,"269,388,000",50
11,Fred Funk,150.3,"265,152,000",49
12,Paul Goydos,150.7,"244,130,000",45
13,Hunter Mahan,151.2,"250,359,000",46
14,Woody Austin,151.8,"262,357,000",48
15,Scott Verplank,152.0,"262,715,000",48
16,Brian Bateman,152.4,"241,441,000",44
17,Zach Johnson,152.8,"274,978,000",50
18,Mark Calcavecchia,153.5,"232,059,000",42
19,Steve Stricker,153.6,"243,259,000",44
20,Nick Watney,155.2,"279,440,000",50
21,Henrik Stenson,155.3,"262,759,000",47
22,K.J. Choi,156.2,"258,585,000",46
23,Daniel Chopra,159.2,"252,137,000",44
24,Jonathan Byrd,159.3,"275,336,000",48
25,Vijay Singh,161.1,"318,951,000",55
26,Chad Campbell,161.2,"272,768,000",47
27,Rory Sabbatini,161.3,"255,475,000",44
28,Mike Weir,165.3,"279,663,000",47
29,Aaron Baddeley,167.4,"295,311,000",49
29,Boo Weekley,167.4,"253,077,000",42
31,Ángel Cabrera,173.4,"274,699,000",44
