rank,player,Avg,Total Dist of Appr Shot,Total Holes
1,Justin Leonard,139.2,"360,933.000",72
2,Mark Wilson,147.8,"383,160.000",72
3,Scott Verplank,149.2,"376,092.000",70
4,Paul Goydos,149.3,"386,956.000",72
5,Henrik Stenson,150.2,"383,837.000",71
6,Fred Funk,151.7,"393,176.000",72
7,Charles Howell III,151.8,"388,111.000",71
8,Rory Sabbatini,153.3,"397,402.000",72
9,Steve Flesch,154.5,"389,294.000",70
10,Zach Johnson,154.8,"390,022.000",70
11,Jim Furyk,154.9,"401,622.000",72
12,K.J. Choi,155.8,"387,045.000",69
12,Brandt Snedeker,155.8,"403,944.000",72
14,George McNeill,156.8,"395,013.000",70
15,Charley Hoffman,157.4,"407,976.000",72
16,Stephen Ames,157.8,"409,094.000",72
17,Jonathan Byrd,158.7,"411,240.000",72
17,Steve Stricker,158.7,"399,921.000",70
19,Joe Ogilvie,160.0,"408,864.000",71
20,Daniel Chopra,160.1,"415,015.000",72
21,Hunter Mahan,160.5,"410,274.000",71
22,Woody Austin,160.7,"410,820.000",71
23,Mark Calcavecchia,161.0,"417,235.000",72
24,Chad Campbell,161.9,"419,581.000",72
25,Nick Watney,163.1,"422,793.000",72
26,Vijay Singh,167.2,"433,451.000",72
27,Aaron Baddeley,168.3,"430,052.000",71
28,Boo Weekley,169.1,"438,277.000",72
29,Brian Bateman,170.1,"434,730.000",71
29,Mike Weir,170.1,"440,797.000",72
31,Ángel Cabrera,172.4,"434,338.000",70
