rank,player,Avg (Yards),Total Distance (inches),Number of Approach Shots
1,Paul Goydos,106.7,"49,957,000",13
2,Justin Leonard,111.6,"72,308,000",18
3,Scott Verplank,118.6,"68,333,000",16
4,Fred Funk,136.6,"63,911,000",13
5,Henrik Stenson,137.0,"64,119,000",13
6,K.J. Choi,142.4,"71,778,000",14
7,Mark Wilson,145.0,"62,635,000",12
8,Rory Sabbatini,149.5,"102,275,000",19
9,Zach Johnson,149.6,"75,383,000",14
10,Charles Howell III,154.6,"105,774,000",19
11,Brandt Snedeker,160.2,"126,883,000",22
11,Steve Stricker,160.2,"132,669,000",23
13,Jonathan Byrd,163.3,"99,918,000",17
14,Steve Flesch,165.6,"101,345,000",17
15,Chad Campbell,167.3,"114,447,000",19
16,Daniel Chopra,168.8,"139,739,000",23
17,Jim Furyk,171.7,"105,080,000",17
18,Mark Calcavecchia,175.5,"132,676,000",21
19,Aaron Baddeley,176.1,"107,781,000",17
19,George McNeill,176.1,"107,802,000",17
21,Stephen Ames,176.3,"133,290,000",21
22,Hunter Mahan,176.7,"120,837,000",19
23,Ángel Cabrera,179.6,"129,281,000",20
24,Woody Austin,180.8,"97,640,000",15
25,Mike Weir,186.3,"134,105,000",20
26,Nick Watney,188.4,"122,068,000",18
27,Boo Weekley,191.5,"110,304,000",16
28,Vijay Singh,192.9,"97,197,000",14
29,Charley Hoffman,201.9,"94,511,000",13
30,Joe Ogilvie,208.0,"82,383,000",11
31,Brian Bateman,227.9,"139,453,000",17
