rank,player,Avg (Yards),Total Distance (inches),Number of Approach Shots
1,Harry Hall,136.7,"113,149",23
2,Jackson Suber,137.9,"99,278",20
3,Eric Cole,138.2,"114,389",23
4,Stephan Jaeger,143.7,"113,775",22
5,Gary Woodland,145.4,"94,236",18
6,Thomas Detry,148.9,"85,773",16
7,Alex Smalley,149.0,"91,199",17
8,J.J. Spaun,149.4,"102,179",19
9,David Lipsky,151.2,"87,079",16
10,Ben Martin,151.4,"92,660",17
11,Matt Kuchar,151.9,"103,921",19
12,Charley Hoffman,153.0,"82,643",15
12,Luke List,153.0,"60,573",11
14,Taylor Dickson,153.1,"66,128",12
15,Adam Schenk,153.3,"99,312",18
16,Jesper Svensson,154.2,"127,689",23
17,Keegan Bradley,154.3,"105,537",19
18,Tom Hoge,154.4,"88,940",16
19,Maverick McNealy,155.3,"100,639",18
20,Kevin Roy,155.6,"84,002",15
20,Erik van Rooyen,155.6,"106,397",19
22,Ryan Gerard,155.9,"101,033",18
23,Zach Johnson,156.0,"78,631",14
23,Thomas Rosenmueller,156.0,"78,609",14
25,James Hahn,157.3,"101,935",18
26,Bud Cauley,157.8,"90,901",16
27,Taylor Pendrith,157.9,"85,252",15
28,Matt McCarty,158.0,"85,318",15
29,Lee Hodges,158.8,"137,183",24
30,Patrick Fishburn,159.5,"120,597",21
31,Jeremy Paul,159.9,"63,302",11
32,Keith Mitchell,160.4,"86,604",15
33,Webb Simpson,161.9,"110,770",19
34,Greyson Sigg,162.2,"87,591",15
35,C.T. Pan,162.3,"99,313",17
36,Kensei Hirata,162.5,"111,180",19
37,Cristobal Del Solar,163.0,"93,891",16
38,Russell Henley,163.9,"129,774",22
38,Nate Lashley,163.9,"70,825",12
40,Lucas Glover,164.0,"112,186",19
41,Doug Ghim,165.4,"71,469",12
42,Adam Hadwin,165.7,"71,578",12
43,Vince Whaley,166.1,"71,757",12
44,Henrik Norlander,166.3,"83,805",14
45,Kurt Kitayama,166.7,"89,991",15
46,Kevin Streelman,167.2,"84,274",14
46,Sahith Theegala,167.2,"90,279",15
48,Nick Taylor,168.6,"121,364",20
49,Ben Griffin,169.7,"109,995",18
50,Taylor Montgomery,171.3,"98,670",16
51,Denny McCarthy,172.0,"130,014",21
52,Aaron Baddeley,172.1,"80,543",13
52,Adam Svensson,172.1,"99,102",16
54,Frankie Capan III,173.0,"99,644",16
55,Nico Echavarria,173.3,"124,758",20
55,Ben Silverman,173.3,"87,330",14
57,Mark Hubbard,174.6,"119,421",19
58,Vincent Norrman,176.2,"95,149",15
59,Mac Meissner,176.6,"114,422",18
60,Hideki Matsuyama,177.5,"102,243",16
60,Sam Stevens,177.5,"89,441",14
62,Rico Hoey,178.1,"83,337",13
63,Sepp Straka,178.3,"102,694",16
64,Ryo Hisatsune,179.0,"90,196",14
64,Andrew Putnam,179.0,"83,779",13
66,Tom Kim,180.0,"84,244",13
67,Brandt Snedeker,180.9,"104,197",16
68,Chan Kim,181.3,"78,341",12
69,Ben Kohles,181.8,"117,816",18
70,Paul Peterson,181.9,"130,956",20
71,Robert MacIntyre,182.8,"125,060",19
72,Brice Garnett,183.6,"112,348",17
73,Justin Lower,185.9,"113,751",17
74,Nick Dunlap,188.5,"115,353",17
75,Brian Harman,188.7,"88,296",13
76,Sam Ryder,193.6,"104,522",15
