rank,player,Hole outs
1,Patrick Fishburn,3
1,Ryo Hisatsune,3
1,Tom Hoge,3
4,Frankie Capan III,2
4,Nico Echavarria,2
4,Doug Ghim,2
4,James Hahn,2
4,Harry Hall,2
4,Lee Hodges,2
4,Rico Hoey,2
4,Zach Johnson,2
4,Robert MacIntyre,2
4,Matt McCarty,2
4,Jesper Svensson,2
15,Bud Cauley,1
15,Cristobal Del Solar,1
15,Brice Garnett,1
15,Lucas Glover,1
15,Ben Griffin,1
15,Russell Henley,1
15,Mark Hubbard,1
15,Stephan Jaeger,1
15,Kurt Kitayama,1
15,Nate Lashley,1
15,David Lipsky,1
15,Luke List,1
15,Hideki Matsuyama,1
15,Denny McCarthy,1
15,Mac Meissner,1
15,C.T. Pan,1
15,Taylor Pendrith,1
15,Paul Peterson,1
15,Andrew Putnam,1
15,Kevin Roy,1
15,Webb Simpson,1
15,Alex Smalley,1
15,Sam Stevens,1
15,Kevin Streelman,1
15,Jackson Suber,1
15,Adam Svensson,1
15,Nick Taylor,1
15,Sahith Theegala,1
15,Erik van Rooyen,1
