rank,player,Avg (Yards),Total Distance (inches),Number of Approach Shots
1,Lee Hodges,147.2,"185,469",35
2,Jesper Svensson,147.4,"196,354",37
3,Kevin Roy,147.5,"260,269",49
4,Erik van Rooyen,147.9,"234,306",44
5,Robert MacIntyre,148.3,"213,578",40
6,Keegan Bradley,148.6,"251,378",47
7,Kurt Kitayama,148.9,"267,982",50
8,Taylor Pendrith,149.2,"263,163",49
9,Cristobal Del Solar,150.1,"232,376",43
10,Tom Kim,150.3,"275,983",51
10,Luke List,150.3,"270,571",50
12,James Hahn,150.4,"232,839",43
12,Vince Whaley,150.4,"259,806",48
14,Doug Ghim,150.6,"260,280",48
15,Charley Hoffman,150.9,"260,742",48
15,Keith Mitchell,150.9,"282,485",52
17,Sam Stevens,151.6,"267,414",49
18,Adam Schenk,151.7,"267,562",49
19,Rico Hoey,152.6,"274,669",50
20,Mark Hubbard,152.8,"242,035",44
21,Nico Echavarria,153.0,"264,320",48
22,Ben Silverman,153.1,"270,118",49
23,Justin Lower,153.6,"254,307",46
23,Taylor Montgomery,153.6,"237,740",43
23,Sam Ryder,153.6,"287,519",52
26,Adam Hadwin,153.8,"287,860",52
27,Patrick Fishburn,154.1,"238,609",43
28,Ryo Hisatsune,154.5,"261,415",47
29,Brice Garnett,154.6,"255,981",46
30,Bud Cauley,154.7,"272,843",49
31,Stephan Jaeger,155.0,"239,880",43
31,Hideki Matsuyama,155.0,"273,384",49
33,Jeremy Paul,156.0,"314,531",56
33,Thomas Rosenmueller,156.0,"280,726",50
35,Sahith Theegala,156.4,"287,154",51
36,Brandt Snedeker,156.8,"259,646",46
37,Vincent Norrman,156.9,"276,684",49
38,Ben Griffin,157.0,"237,431",42
38,Mac Meissner,157.0,"259,997",46
40,Nate Lashley,157.2,"316,835",56
40,Webb Simpson,157.2,"260,397",46
42,Brian Harman,157.3,"317,025",56
43,Chan Kim,157.6,"300,675",53
44,Harry Hall,157.8,"215,806",38
44,Tom Hoge,157.8,"249,956",44
46,Zach Johnson,158.1,"301,645",53
46,Maverick McNealy,158.1,"244,796",43
48,Russell Henley,158.2,"227,807",40
49,Ben Kohles,158.6,"251,213",44
50,Matt McCarty,159.2,"263,594",46
51,Jackson Suber,159.4,"252,558",44
52,Thomas Detry,159.6,"264,326",46
52,J.J. Spaun,159.6,"281,502",49
52,Kevin Streelman,159.6,"293,083",51
55,Greyson Sigg,159.9,"258,985",45
56,Ryan Gerard,160.7,"254,496",44
57,Gary Woodland,161.6,"273,406",47
58,Paul Peterson,161.7,"256,109",44
59,C.T. Pan,161.8,"279,637",48
60,Kensei Hirata,162.1,"250,933",43
61,Denny McCarthy,162.4,"245,609",42
62,Ben Martin,162.9,"252,210",43
63,Adam Svensson,163.0,"281,676",48
64,Henrik Norlander,163.2,"305,503",52
65,Eric Cole,163.3,"246,938",42
66,Taylor Dickson,163.4,"282,376",48
67,Alex Smalley,164.5,"284,314",48
68,Lucas Glover,164.6,"272,625",46
68,Andrew Putnam,164.6,"325,892",55
70,Nick Taylor,165.0,"279,179",47
71,Matt Kuchar,165.2,"261,679",44
72,Frankie Capan III,166.8,"282,266",47
72,Sepp Straka,166.8,"300,234",50
74,Nick Dunlap,167.0,"300,540",50
75,Aaron Baddeley,167.2,"276,898",46
76,David Lipsky,170.4,"282,257",46
