rank,player,Avg (Yards),Total Distance (inches),Number of Approach Shots
1,James Hahn,138.8,"54,957",11
2,Jackson Suber,142.5,"41,049",8
3,Ben Silverman,142.6,"41,075",8
4,Andrew Putnam,148.6,"21,393",4
5,Vincent Norrman,149.2,"42,982",8
6,Tom Kim,150.0,"43,190",8
7,Frankie Capan III,152.3,"49,352",9
8,Keegan Bradley,152.5,"27,451",5
9,Keith Mitchell,152.8,"27,499",5
10,Charley Hoffman,153.4,"49,707",9
11,Taylor Dickson,154.4,"55,595",10
11,Luke List,154.4,"61,160",11
13,Ben Griffin,154.5,"66,765",12
14,Webb Simpson,155.9,"39,292",7
15,Matt McCarty,156.1,"61,811",11
16,Ryo Hisatsune,156.6,"62,022",11
17,Stephan Jaeger,156.8,"39,502",7
18,Henrik Norlander,157.7,"34,059",6
19,David Lipsky,158.7,"57,120",10
20,Maverick McNealy,159.5,"63,154",11
21,Ben Kohles,160.4,"51,962",9
22,Vince Whaley,161.5,"69,778",12
23,Adam Hadwin,161.7,"46,560",8
24,Thomas Rosenmueller,162.0,"46,655",8
25,Mac Meissner,162.7,"46,852",8
26,Kurt Kitayama,162.8,"41,020",7
27,Robert MacIntyre,163.1,"76,353",13
28,Sepp Straka,163.9,"35,413",6
29,Eric Cole,164.5,"41,464",7
30,Matt Kuchar,164.7,"53,372",9
31,Ryan Gerard,165.9,"59,723",10
32,Erik van Rooyen,167.1,"48,129",8
33,Tom Hoge,167.5,"72,348",12
34,Denny McCarthy,168.0,"54,440",9
35,Rico Hoey,168.4,"48,512",8
36,Harry Hall,168.8,"60,770",10
37,Aaron Baddeley,169.1,"73,061",12
37,Kevin Roy,169.1,"48,700",8
39,Kevin Streelman,169.5,"42,712",7
40,Sam Ryder,170.0,"24,479",4
41,Mark Hubbard,170.4,"55,220",9
42,Jeremy Paul,170.6,"30,711",5
43,Sahith Theegala,171.3,"37,001",6
44,Sam Stevens,171.4,"55,531",9
45,Zach Johnson,171.5,"30,866",5
46,Lee Hodges,171.9,"80,468",13
47,Hideki Matsuyama,172.0,"43,353",7
48,J.J. Spaun,172.1,"24,781",4
49,Nick Dunlap,172.2,"30,992",5
50,Chan Kim,172.4,"43,434",7
51,Gary Woodland,172.7,"43,510",7
52,C.T. Pan,172.9,"43,563",7
53,Justin Lower,173.6,"56,237",9
54,Jesper Svensson,174.6,"69,153",11
55,Brandt Snedeker,174.8,"56,645",9
56,Nico Echavarria,175.1,"25,211",4
57,Doug Ghim,175.4,"75,761",12
58,Alex Smalley,175.8,"44,292",7
59,Taylor Pendrith,176.5,"50,826",8
60,Adam Svensson,176.8,"50,918",8
61,Cristobal Del Solar,176.9,"82,792",13
62,Brice Garnett,177.3,"57,460",9
63,Nick Taylor,177.4,"31,934",5
64,Adam Schenk,179.0,"32,225",5
64,Greyson Sigg,179.0,"77,331",12
66,Thomas Detry,180.0,"64,789",10
67,Paul Peterson,181.2,"52,185",8
68,Brian Harman,181.6,"19,618",3
68,Ben Martin,181.6,"78,469",12
70,Taylor Montgomery,183.1,"85,701",13
71,Bud Cauley,184.2,"46,417",7
72,Lucas Glover,185.2,"46,661",7
73,Patrick Fishburn,186.4,"53,696",8
74,Russell Henley,187.9,"67,626",10
75,Nate Lashley,195.3,"28,128",4
76,Kensei Hirata,197.0,"70,922",10
