rank,player,%,# of Saves,# of Bunkers
1,Ludvig Åberg,100.00%,1,1
1,Eric Cole,100.00%,3,3
1,Corey Conners,100.00%,1,1
1,Austin Eckroat,100.00%,3,3
1,Tony Finau,100.00%,1,1
1,Matt Fitzpatrick,100.00%,1,1
1,Brian Harman,100.00%,1,1
1,Stephan Jaeger,100.00%,1,1
1,Patton Kizzire,100.00%,2,2
1,Matthieu Pavon,100.00%,1,1
1,J.T. Poston,100.00%,1,1
1,Xander Schauffele,100.00%,1,1
1,Kevin Yu,100.00%,1,1
14,Akshay Bhatia,50.00%,1,2
14,Keegan Bradley,50.00%,1,2
14,Thomas Detry,50.00%,1,2
14,Nico Echavarria,50.00%,1,2
14,Si Woo Kim,50.00%,1,2
14,Jake Knapp,50.00%,1,2
14,Peter Malnati,50.00%,1,2
14,Matt McCarty,50.00%,1,2
14,Sahith Theegala,50.00%,1,2
14,Cameron Young,50.00%,1,2
24,Taylor Pendrith,25.00%,1,4
24,Justin Thomas,25.00%,1,4
26,Byeong Hun An,.00%,0,1
26,Sam Burns,.00%,0,1
26,Patrick Cantlay,.00%,0,1
26,Wyndham Clark,.00%,0,1
26,Jason Day,.00%,0,1
26,Max Greyserman,.00%,0,1
26,Russell Henley,.00%,0,1
26,Billy Horschel,.00%,0,1
26,Viktor Hovland,.00%,0,1
26,Sungjae Im,.00%,0,2
26,Denny McCarthy,.00%,0,1
26,Maverick McNealy,.00%,0,2
26,Collin Morikawa,.00%,0,1
26,Adam Scott,.00%,0,1
26,Sepp Straka,.00%,0,1
26,Davis Thompson,.00%,0,1
26,Jhonattan Vegas,.00%,0,1
