rank,player,%,Successes,Attempts
1,Thomas Detry,100.00%,4,4
1,Tony Finau,100.00%,7,7
1,Tom Hoge,100.00%,4,4
1,Sungjae Im,100.00%,5,5
1,Hideki Matsuyama,100.00%,7,7
1,Collin Morikawa,100.00%,2,2
7,Akshay Bhatia,91.67%,11,12
8,Eric Cole,88.89%,8,9
9,Chris Kirk,87.50%,7,8
10,Russell Henley,85.71%,6,7
10,Patton Kizzire,85.71%,6,7
10,Matthieu Pavon,85.71%,12,14
13,Xander Schauffele,83.33%,5,6
14,Max Greyserman,80.00%,4,5
14,Max Homa,80.00%,4,5
14,Robert MacIntyre,80.00%,4,5
14,Jhonattan Vegas,80.00%,4,5
18,Keegan Bradley,77.78%,7,9
18,Brice Garnett,77.78%,7,9
18,Cameron Young,77.78%,7,9
21,Byeong Hun An,75.00%,6,8
21,Christiaan Bezuidenhout,75.00%,3,4
21,Sam Burns,75.00%,3,4
21,Austin Eckroat,75.00%,3,4
21,Justin Thomas,75.00%,3,4
26,Peter Malnati,73.33%,11,15
27,Nick Taylor,72.73%,8,11
28,Nico Echavarria,71.43%,5,7
28,Viktor Hovland,71.43%,5,7
30,Kevin Yu,70.00%,7,10
31,Ludvig Åberg,66.67%,6,9
31,Nick Dunlap,66.67%,4,6
31,Adam Hadwin,66.67%,8,12
31,Harry Hall,66.67%,4,6
31,Brian Harman,66.67%,6,9
31,Aaron Rai,66.67%,4,6
31,Will Zalatoris,66.67%,4,6
38,Si Woo Kim,63.64%,7,11
39,Cam Davis,62.50%,5,8
39,Denny McCarthy,62.50%,5,8
41,Jason Day,60.00%,3,5
41,Adam Scott,60.00%,3,5
43,Wyndham Clark,57.14%,4,7
43,Matt McCarty,57.14%,4,7
45,Davis Thompson,55.56%,5,9
46,Corey Conners,50.00%,3,6
46,Billy Horschel,50.00%,4,8
46,Stephan Jaeger,50.00%,6,12
46,Maverick McNealy,50.00%,2,4
46,J.T. Poston,50.00%,3,6
51,Rafael Campos,45.45%,5,11
52,Patrick Cantlay,42.86%,3,7
52,Matt Fitzpatrick,42.86%,3,7
54,Jake Knapp,37.50%,3,8
55,Chris Gotterup,33.33%,2,6
55,Taylor Pendrith,33.33%,2,6
55,Sepp Straka,33.33%,2,6
58,Sahith Theegala,28.57%,2,7
