rank,player,%,Successes,Attempts
1,Rafael Campos,100.00%,3,3
1,Corey Conners,100.00%,1,1
1,Jason Day,100.00%,1,1
1,Nick Dunlap,100.00%,2,2
1,Nico Echavarria,100.00%,5,5
1,Tony Finau,100.00%,5,5
1,Matt Fitzpatrick,100.00%,2,2
1,Adam Hadwin,100.00%,4,4
1,Brian Harman,100.00%,1,1
1,Denny McCarthy,100.00%,3,3
1,Kevin Yu,100.00%,6,6
12,Akshay Bhatia,87.50%,7,8
12,Thomas Detry,87.50%,7,8
12,Brice Garnett,87.50%,7,8
15,Eric Cole,85.71%,6,7
16,Christiaan Bezuidenhout,83.33%,5,6
17,Byeong Hun An,80.00%,4,5
17,Cam Davis,80.00%,4,5
17,Hideki Matsuyama,80.00%,4,5
17,Matthieu Pavon,80.00%,8,10
21,Sungjae Im,75.00%,6,8
22,Peter Malnati,72.73%,8,11
22,Cameron Young,72.73%,8,11
24,Ludvig Åberg,71.43%,5,7
25,Matt McCarty,70.00%,7,10
26,Harry Hall,66.67%,2,3
26,Russell Henley,66.67%,4,6
26,Robert MacIntyre,66.67%,2,3
26,Maverick McNealy,66.67%,2,3
26,Will Zalatoris,66.67%,2,3
31,Stephan Jaeger,62.50%,5,8
32,Max Greyserman,60.00%,3,5
32,Taylor Pendrith,60.00%,3,5
32,Justin Thomas,60.00%,3,5
32,Davis Thompson,60.00%,3,5
36,Si Woo Kim,58.33%,7,12
37,J.T. Poston,57.14%,4,7
38,Keegan Bradley,50.00%,2,4
38,Chris Kirk,50.00%,3,6
38,Patton Kizzire,50.00%,4,8
38,Jake Knapp,50.00%,3,6
38,Collin Morikawa,50.00%,1,2
38,Xander Schauffele,50.00%,1,2
38,Sepp Straka,50.00%,2,4
38,Nick Taylor,50.00%,3,6
38,Jhonattan Vegas,50.00%,2,4
47,Austin Eckroat,42.86%,3,7
48,Wyndham Clark,40.00%,2,5
48,Viktor Hovland,40.00%,2,5
48,Aaron Rai,40.00%,2,5
48,Adam Scott,40.00%,2,5
48,Sahith Theegala,40.00%,2,5
53,Sam Burns,33.33%,1,3
53,Billy Horschel,33.33%,1,3
55,Patrick Cantlay,25.00%,1,4
56,Max Homa,.00%,0,2
