rank,player,%,# of Saves,# of Bunkers
1,Nico Echavarria,100.00%,1,1
1,Sungjae Im,100.00%,1,1
1,Stephan Jaeger,100.00%,1,1
1,Denny McCarthy,100.00%,1,1
1,Collin Morikawa,100.00%,1,1
1,J.T. Poston,100.00%,1,1
1,Justin Thomas,100.00%,1,1
8,Ludvig Åberg,50.00%,1,2
8,Eric Cole,50.00%,1,2
8,Matt Fitzpatrick,50.00%,1,2
11,Keegan Bradley,.00%,0,1
11,Rafael Campos,.00%,0,1
11,Nick Dunlap,.00%,0,1
11,Brice Garnett,.00%,0,2
11,Adam Hadwin,.00%,0,1
11,Si Woo Kim,.00%,0,1
11,Patton Kizzire,.00%,0,1
11,Taylor Pendrith,.00%,0,1
