rank,player,%,# of Saves,# of Bunkers
1,Ludvig Åberg,100.00%,2,2
1,Patrick Cantlay,100.00%,1,1
1,Eric Cole,100.00%,2,2
1,Thomas Detry,100.00%,1,1
1,Billy Horschel,100.00%,1,1
1,Stephan Jaeger,100.00%,1,1
1,Patton Kizzire,100.00%,2,2
1,Jake Knapp,100.00%,1,1
1,Robert MacIntyre,100.00%,1,1
1,Denny McCarthy,100.00%,1,1
1,Maverick McNealy,100.00%,1,1
1,Collin Morikawa,100.00%,2,2
1,Taylor Pendrith,100.00%,1,1
1,Sahith Theegala,100.00%,2,2
15,Christiaan Bezuidenhout,50.00%,1,2
15,Adam Scott,50.00%,1,2
15,Davis Thompson,50.00%,1,2
18,Brian Harman,33.33%,1,3
19,Rafael Campos,.00%,0,1
19,Nick Dunlap,.00%,0,1
19,Harry Hall,.00%,0,1
19,Chris Kirk,.00%,0,1
19,Matthieu Pavon,.00%,0,1
19,J.T. Poston,.00%,0,1
19,Kevin Yu,.00%,0,1
