rank,player,%,Successes,Attempts
1,Ludvig Åberg,100.00%,1,1
1,Akshay Bhatia,100.00%,1,1
1,Thomas Detry,100.00%,1,1
1,Nico Echavarria,100.00%,1,1
1,Tony Finau,100.00%,1,1
1,Stephan Jaeger,100.00%,2,2
1,Collin Morikawa,100.00%,1,1
8,Patton Kizzire,75.00%,3,4
9,Eric Cole,66.67%,2,3
9,Austin Eckroat,66.67%,2,3
9,Jake Knapp,66.67%,2,3
9,Taylor Pendrith,66.67%,2,3
9,Sahith Theegala,66.67%,2,3
14,Christiaan Bezuidenhout,50.00%,1,2
14,Peter Malnati,50.00%,1,2
14,Matt McCarty,50.00%,1,2
14,Maverick McNealy,50.00%,1,2
14,Matthieu Pavon,50.00%,1,2
14,Justin Thomas,50.00%,2,4
14,Kevin Yu,50.00%,1,2
21,Adam Scott,33.33%,1,3
22,Byeong Hun An,.00%,0,1
22,Keegan Bradley,.00%,0,1
22,Sam Burns,.00%,0,1
22,Max Greyserman,.00%,0,1
22,Harry Hall,.00%,0,1
22,Brian Harman,.00%,0,1
22,Russell Henley,.00%,0,1
22,Billy Horschel,.00%,0,1
22,Viktor Hovland,.00%,0,1
22,Sungjae Im,.00%,0,2
22,Si Woo Kim,.00%,0,1
22,Chris Kirk,.00%,0,1
22,J.T. Poston,.00%,0,1
22,Davis Thompson,.00%,0,1
22,Cameron Young,.00%,0,2
