rank,player,%,Successes,Attempts
1,Ludvig Åberg,100.00%,1,1
1,Akshay Bhatia,100.00%,3,3
1,Keegan Bradley,100.00%,1,1
1,Wyndham Clark,100.00%,1,1
1,Thomas Detry,100.00%,2,2
1,Nick Dunlap,100.00%,2,2
1,Tom Hoge,100.00%,2,2
1,Max Homa,100.00%,2,2
1,Viktor Hovland,100.00%,1,1
1,Sungjae Im,100.00%,1,1
1,Hideki Matsuyama,100.00%,1,1
1,Aaron Rai,100.00%,2,2
1,Xander Schauffele,100.00%,1,1
1,Nick Taylor,100.00%,2,2
1,Jhonattan Vegas,100.00%,1,1
1,Will Zalatoris,100.00%,2,2
17,Christiaan Bezuidenhout,80.00%,4,5
17,Adam Hadwin,80.00%,4,5
19,Byeong Hun An,75.00%,3,4
19,Max Greyserman,75.00%,3,4
19,Patton Kizzire,75.00%,3,4
19,Sahith Theegala,75.00%,3,4
23,Sam Burns,66.67%,2,3
23,Rafael Campos,66.67%,2,3
23,Patrick Cantlay,66.67%,2,3
23,Maverick McNealy,66.67%,2,3
23,Davis Thompson,66.67%,2,3
28,Corey Conners,50.00%,1,2
28,Nico Echavarria,50.00%,1,2
28,Tony Finau,50.00%,1,2
28,Brian Harman,50.00%,2,4
28,Robert MacIntyre,50.00%,1,2
28,Matt McCarty,50.00%,2,4
28,Adam Scott,50.00%,2,4
28,Sepp Straka,50.00%,1,2
28,Justin Thomas,50.00%,1,2
37,Cam Davis,40.00%,2,5
37,Matt Fitzpatrick,40.00%,2,5
37,Harry Hall,40.00%,2,5
40,Eric Cole,33.33%,1,3
40,Austin Eckroat,33.33%,1,3
40,Chris Gotterup,33.33%,1,3
40,Stephan Jaeger,33.33%,1,3
40,Chris Kirk,33.33%,1,3
40,Jake Knapp,33.33%,1,3
40,Peter Malnati,33.33%,1,3
40,Denny McCarthy,33.33%,1,3
40,Matthieu Pavon,33.33%,1,3
40,J.T. Poston,33.33%,1,3
40,Kevin Yu,33.33%,1,3
51,Russell Henley,25.00%,1,4
52,Jason Day,.00%,0,1
52,Brice Garnett,.00%,0,1
52,Billy Horschel,.00%,0,3
52,Si Woo Kim,.00%,0,2
52,Cameron Young,.00%,0,2
