rank,player,%,Successes,Attempts
1,Ludvig Åberg,100.00%,2,2
1,Byeong Hun An,100.00%,1,1
1,Christiaan Bezuidenhout,100.00%,2,2
1,Akshay Bhatia,100.00%,2,2
1,Keegan Bradley,100.00%,3,3
1,Sam Burns,100.00%,1,1
1,Patrick Cantlay,100.00%,2,2
1,Corey Conners,100.00%,2,2
1,Thomas Detry,100.00%,1,1
1,Nick Dunlap,100.00%,2,2
1,Nico Echavarria,100.00%,4,4
1,Austin Eckroat,100.00%,1,1
1,Tony Finau,100.00%,2,2
1,Brice Garnett,100.00%,2,2
1,Chris Gotterup,100.00%,1,1
1,Harry Hall,100.00%,2,2
1,Brian Harman,100.00%,2,2
1,Russell Henley,100.00%,3,3
1,Tom Hoge,100.00%,3,3
1,Max Homa,100.00%,2,2
1,Billy Horschel,100.00%,3,3
1,Sungjae Im,100.00%,2,2
1,Stephan Jaeger,100.00%,1,1
1,Si Woo Kim,100.00%,5,5
1,Chris Kirk,100.00%,4,4
1,Patton Kizzire,100.00%,4,4
1,Jake Knapp,100.00%,4,4
1,Robert MacIntyre,100.00%,3,3
1,Peter Malnati,100.00%,3,3
1,Hideki Matsuyama,100.00%,2,2
1,Denny McCarthy,100.00%,4,4
1,Matt McCarty,100.00%,1,1
1,Maverick McNealy,100.00%,2,2
1,Collin Morikawa,100.00%,3,3
1,Matthieu Pavon,100.00%,5,5
1,Taylor Pendrith,100.00%,1,1
1,J.T. Poston,100.00%,1,1
1,Xander Schauffele,100.00%,1,1
1,Adam Scott,100.00%,2,2
1,Sepp Straka,100.00%,1,1
1,Justin Thomas,100.00%,2,2
1,Jhonattan Vegas,100.00%,1,1
1,Cameron Young,100.00%,2,2
1,Will Zalatoris,100.00%,1,1
45,Viktor Hovland,80.00%,4,5
45,Kevin Yu,80.00%,4,5
47,Wyndham Clark,75.00%,3,4
47,Eric Cole,75.00%,3,4
47,Nick Taylor,75.00%,3,4
50,Jason Day,66.67%,2,3
50,Matt Fitzpatrick,66.67%,2,3
50,Adam Hadwin,66.67%,2,3
50,Sahith Theegala,66.67%,2,3
54,Rafael Campos,50.00%,1,2
55,Max Greyserman,.00%,0,1
