rank,player,Avg,Total Distance (feet),# of Attempts,Relative to par
1,Vijay Singh,"7' 1""",14.083,2,-2
2,Jim Furyk,"15' 5""",15.417,1,E
3,Steve Stricker,"23' 1""",23.083,1,E
4,Fred Funk,"25' 0""",49.917,2,E
5,Henrik Stenson,"25' 7""",25.583,1,E
6,Rory Sabbatini,"26' 4""",26.333,1,E
7,Mike Weir,"27' 8""",55.250,2,E
8,Scott Verplank,"28' 3""",28.250,1,E
9,Justin Leonard,"28' 7""",28.583,1,E
10,Chad Campbell,"31' 3""",31.250,1,E
11,Charley Hoffman,"34' 1""",68.167,2,E
12,Ángel Cabrera,"35' 1""",35.083,1,E
13,Mark Calcavecchia,"35' 9""",35.750,1,E
14,K.J. Choi,"36' 4""",145.167,4,E
15,Brian Bateman,"41' 3""",123.833,3,E
16,Daniel Chopra,"41' 5""",41.417,1,E
17,Zach Johnson,"42' 9""",85.500,2,E
18,Steve Flesch,"43' 9""",218.833,5,+4
19,Charles Howell III,"43' 11""",131.667,3,E
20,Nick Watney,"44' 2""",44.167,1,E
21,Brandt Snedeker,"44' 5""",44.417,1,E
22,Jonathan Byrd,"49' 11""",99.750,2,E
23,Stephen Ames,"50' 5""",50.417,1,E
24,Boo Weekley,"50' 9""",50.750,1,+1
25,Mark Wilson,"59' 5""",59.417,1,E
26,Aaron Baddeley,"62' 4""",124.667,2,E
27,Joe Ogilvie,"106' 6""",106.500,1,E
