rank,player,Avg,Attempts,Total Distance (feet),Relative to par
1,Vijay Singh,"12' 11""",5,64.750,-3.00
2,Zach Johnson,"14' 2""",2,28.250,-1.00
3,Scott Verplank,"19' 6""",2,38.917,-1.00
4,Justin Leonard,"27' 0""",7,189.250,-1.00
5,Mark Wilson,"27' 10""",5,139.000,-1.00
6,Ángel Cabrera,"28' 10""",9,259.667,-2.00
6,Paul Goydos,"28' 10""",5,144.167,E
8,Daniel Chopra,"30' 7""",7,214.083,-1.00
9,Fred Funk,"30' 8""",5,153.417,E
10,Charles Howell III,"31' 2""",7,217.917,-1.00
11,Chad Campbell,"31' 10""",8,254.833,-2.00
12,Boo Weekley,"32' 0""",4,128.000,+3.00
13,Hunter Mahan,"32' 9""",4,130.833,+1.00
14,Charley Hoffman,"32' 11""",5,164.417,+1.00
15,Steve Stricker,"33' 9""",6,202.417,-2.00
16,Woody Austin,"34' 4""",6,205.917,+1.00
17,Jim Furyk,"36' 1""",4,144.250,E
18,Rory Sabbatini,"36' 9""",9,330.667,+1.00
19,George McNeill,"36' 11""",6,221.250,E
20,Steve Flesch,"38' 0""",6,228.000,+1.00
21,Mark Calcavecchia,"39' 0""",6,233.750,-2.00
22,Jonathan Byrd,"40' 6""",5,202.667,+1.00
23,Brandt Snedeker,"41' 11""",3,125.750,+1.00
24,Mike Weir,"48' 0""",5,239.917,E
25,Brian Bateman,"49' 4""",10,493.167,E
26,Joe Ogilvie,"56' 2""",4,224.583,+2.00
27,K.J. Choi,"56' 4""",8,450.417,+1.00
28,Nick Watney,"58' 8""",8,469.083,-1.00
29,Stephen Ames,"65' 2""",5,325.917,E
30,Aaron Baddeley,"101' 2""",2,202.333,+1.00
31,Henrik Stenson,"172' 10""",1,172.833,E
