rank,player,Avg,Attempts,Total Distance (feet),Relative to par
1,Fred Funk,"5' 9""",2,11.417,E
2,Justin Leonard,"8' 0""",1,8.000,+1.00
3,Charley Hoffman,"16' 7""",5,83.083,E
4,Brandt Snedeker,"19' 10""",7,139.000,-3.00
5,Chad Campbell,"20' 10""",3,62.417,-1.00
6,Mark Calcavecchia,"22' 7""",4,90.333,E
7,Zach Johnson,"25' 3""",6,151.250,-1.00
8,Mike Weir,"25' 8""",4,102.750,-2.00
9,Jonathan Byrd,"26' 1""",5,130.500,E
9,Steve Stricker,"26' 1""",9,234.667,-3.00
11,Stephen Ames,"27' 8""",6,166.000,-2.00
12,Scott Verplank,"28' 3""",1,28.250,E
13,Steve Flesch,"28' 4""",7,198.417,+4.00
14,Woody Austin,"30' 3""",5,151.083,-1.00
15,Charles Howell III,"32' 7""",6,195.417,-2.00
16,Nick Watney,"32' 8""",5,163.167,+1.00
17,K.J. Choi,"35' 6""",3,106.500,E
18,Hunter Mahan,"37' 8""",2,75.250,E
19,Boo Weekley,"38' 3""",9,344.333,E
20,Ángel Cabrera,"41' 7""",4,166.250,+1.00
21,Aaron Baddeley,"46' 11""",3,140.667,E
22,Daniel Chopra,"47' 3""",8,378.167,-4.00
23,Brian Bateman,"47' 7""",5,237.750,E
24,Vijay Singh,"48' 7""",6,291.667,-2.00
25,Mark Wilson,"53' 3""",5,266.417,E
26,George McNeill,"55' 3""",6,331.500,E
27,Henrik Stenson,"55' 8""",5,278.250,E
28,Rory Sabbatini,"57' 10""",4,231.333,E
29,Joe Ogilvie,"69' 4""",2,138.583,-1.00
30,Jim Furyk,"102' 10""",3,308.417,E
