rank,player,Avg,Total Distance (feet),# of Attempts,Relative to par
1,Rory Sabbatini,"1' 7""",1.583,1,-1
2,Daniel Chopra,"7' 0""",7.000,1,-1
3,Vijay Singh,"13' 7""",27.167,2,E
4,Chad Campbell,"14' 2""",28.250,2,E
5,Aaron Baddeley,"16' 0""",16.000,1,E
6,Woody Austin,"16' 1""",48.333,3,E
7,Justin Leonard,"18' 6""",55.583,3,-1
8,Mark Calcavecchia,"19' 4""",77.417,4,E
9,Scott Verplank,"19' 6""",38.917,2,-1
10,Fred Funk,"20' 4""",40.667,2,E
11,Zach Johnson,"22' 9""",22.750,1,E
12,Boo Weekley,"23' 3""",116.250,5,+1
13,Ángel Cabrera,"23' 7""",70.750,3,E
14,George McNeill,"27' 10""",111.250,4,-1
15,Mark Wilson,"28' 4""",113.167,4,-1
16,Brandt Snedeker,"28' 6""",85.583,3,+1
17,K.J. Choi,"31' 2""",93.500,3,+1
18,Hunter Mahan,"33' 6""",100.417,3,E
19,Charley Hoffman,"34' 6""",103.583,3,+1
20,Steve Stricker,"34' 7""",103.750,3,E
21,Nick Watney,"36' 6""",109.583,3,-1
22,Steve Flesch,"40' 0""",40.000,1,+1
23,Joe Ogilvie,"40' 3""",80.500,2,+1
24,Jim Furyk,"42' 11""",128.833,3,E
25,Brian Bateman,"45' 7""",91.083,2,+1
26,Stephen Ames,"47' 4""",189.417,4,-1
27,Charles Howell III,"49' 3""",98.500,2,+1
28,Jonathan Byrd,"57' 2""",57.167,1,+1
