rank,player,Avg,Total Distance (feet),# of Attempts,Relative to par
1,Fred Funk,"5' 5""",5.417,1,E
2,Ángel Cabrera,"12' 7""",12.583,1,E
3,Charley Hoffman,"14' 11""",59.500,4,E
4,Charles Howell III,"16' 5""",65.583,4,-3
5,Brandt Snedeker,"19' 3""",38.417,2,-1
6,Nick Watney,"20' 2""",40.333,2,+1
7,Justin Leonard,"23' 10""",23.833,1,E
8,Woody Austin,"27' 8""",27.667,1,E
9,Jonathan Byrd,"29' 7""",29.583,1,E
10,Steve Flesch,"29' 11""",59.750,2,E
11,Rory Sabbatini,"37' 7""",75.167,2,+1
12,Boo Weekley,"38' 5""",38.417,1,E
13,Steve Stricker,"38' 7""",38.583,1,E
14,Daniel Chopra,"58' 6""",116.917,2,E
15,Hunter Mahan,"65' 4""",65.333,1,E
16,Mark Wilson,"70' 3""",140.417,2,E
