rank,player,Avg,Total Distance (feet),# of Attempts,Relative to par
1,Vijay Singh,"10' 2""",30.417,3,-1
2,Chad Campbell,"14' 0""",42.000,3,-1
3,Fred Funk,"15' 4""",46.083,3,E
4,Aaron Baddeley,"16' 0""",16.000,1,E
5,Justin Leonard,"16' 5""",98.500,6,E
6,Zach Johnson,"16' 8""",66.583,4,-1
7,Woody Austin,"19' 0""",133.000,7,-1
8,Mark Calcavecchia,"19' 6""",117.000,6,E
8,Scott Verplank,"19' 6""",38.917,2,-1
10,Brandt Snedeker,"19' 7""",137.167,7,-1
11,Steve Flesch,"21' 11""",109.417,5,+1
12,Boo Weekley,"22' 1""",176.417,8,E
13,Charley Hoffman,"23' 4""",163.083,7,+1
14,Ángel Cabrera,"24' 4""",121.583,5,E
15,Steve Stricker,"25' 10""",206.917,8,-3
16,Charles Howell III,"26' 5""",211.167,8,-3
17,Mike Weir,"29' 6""",59.000,2,E
18,Brian Bateman,"29' 9""",119.000,4,+1
19,Nick Watney,"30' 0""",149.917,5,E
20,George McNeill,"31' 5""",219.917,7,-1
21,Daniel Chopra,"32' 0""",160.167,5,-1
22,Stephen Ames,"33' 2""",232.250,7,-2
23,Rory Sabbatini,"34' 8""",173.167,5,+3
24,Hunter Mahan,"34' 9""",173.917,5,E
25,Jonathan Byrd,"35' 5""",106.333,3,+1
26,Joe Ogilvie,"40' 3""",80.500,2,+1
27,K.J. Choi,"40' 9""",163.000,4,+1
28,Mark Wilson,"42' 3""",253.583,6,-1
29,Jim Furyk,"42' 11""",128.833,3,E
