rank,player,Avg,Total Distance (feet),# of Attempts,Relative to par
1,Mike Weir,"13' 5""",13.417,1,-2
2,Charles Howell III,"35' 3""",70.500,2,E
3,Brandt Snedeker,"41' 7""",83.167,2,-1
4,Joe Ogilvie,"45' 8""",91.333,2,-1
5,Ángel Cabrera,"55' 10""",111.583,2,-1
6,Steve Stricker,"58' 1""",116.167,2,E
7,Aaron Baddeley,"59' 4""",59.333,1,E
8,Woody Austin,"60' 11""",121.833,2,+1
9,Brian Bateman,"65' 1""",260.333,4,-3
10,Vijay Singh,"69' 7""",278.333,4,-1
11,Mark Calcavecchia,"82' 5""",164.833,2,-1
12,Daniel Chopra,"83' 8""",167.250,2,-2
13,Rory Sabbatini,"87' 7""",262.750,3,-1
14,George McNeill,"95' 2""",285.583,3,+1
15,Stephen Ames,"96' 2""",192.250,2,E
16,Boo Weekley,"97' 8""",97.667,1,E
17,Henrik Stenson,"99' 11""",399.750,4,E
18,Jim Furyk,"111' 9""",111.750,1,-1
19,Chad Campbell,"114' 9""",114.750,1,-1
20,K.J. Choi,"170' 5""",170.417,1,-1
21,Nick Watney,"171' 3""",171.250,1,-1
