rank,player,Avg,Total Distance (feet),# of Attempts,Relative to par
1,Vijay Singh,"3' 3""",3.250,1,-1
2,Steve Flesch,"4' 10""",9.667,2,E
3,Brandt Snedeker,"6' 7""",13.167,2,-1
4,Hunter Mahan,"8' 2""",8.167,1,E
5,Justin Leonard,"9' 7""",19.083,2,+1
6,Boo Weekley,"10' 11""",21.750,2,-1
7,Chad Campbell,"13' 9""",13.750,1,-1
8,Brian Bateman,"14' 0""",27.917,2,E
9,Stephen Ames,"14' 3""",42.833,3,-1
10,Zach Johnson,"14' 7""",43.833,3,-1
11,Steve Stricker,"16' 2""",64.583,4,-3
12,Daniel Chopra,"18' 2""",36.250,2,E
13,Woody Austin,"19' 0""",57.000,3,-1
14,Jonathan Byrd,"19' 7""",19.583,1,E
15,Mark Calcavecchia,"19' 10""",39.583,2,E
16,Charles Howell III,"23' 7""",47.083,2,-1
17,Mike Weir,"29' 6""",59.000,2,E
18,George McNeill,"36' 3""",108.667,3,E
19,Ángel Cabrera,"38' 3""",38.250,1,E
20,Rory Sabbatini,"48' 3""",96.417,2,+3
21,K.J. Choi,"69' 6""",69.500,1,E
