rank,player,Avg,Total Distance (feet),# of Attempts,Relative to par
1,Brian Bateman,"19' 5""",19.417,1,E
2,Steve Stricker,"24' 6""",24.500,1,E
3,Charles Howell III,"28' 4""",28.333,1,E
4,Mark Calcavecchia,"34' 0""",34.000,1,E
5,Joe Ogilvie,"45' 8""",91.333,2,-1
6,Woody Austin,"53' 10""",53.833,1,E
7,Ángel Cabrera,"61' 8""",61.667,1,E
8,Rory Sabbatini,"71' 4""",71.333,1,E
9,Vijay Singh,"76' 0""",227.917,3,-1
10,George McNeill,"95' 2""",285.583,3,+1
11,Henrik Stenson,"98' 9""",197.417,2,E
12,Daniel Chopra,"114' 4""",114.333,1,-1
13,Stephen Ames,"141' 4""",141.333,1,+1
