rank,player,Avg,Total Distance (feet),# of Attempts,Relative to par
1,Fred Funk,"5' 5""",5.417,1,E
2,Vijay Singh,"8' 4""",16.667,2,-1
3,Brandt Snedeker,"12' 11""",51.583,4,-2
4,Brian Bateman,"14' 0""",27.917,2,E
5,Stephen Ames,"14' 3""",42.833,3,-1
6,Justin Leonard,"14' 4""",42.917,3,+1
7,Zach Johnson,"14' 7""",43.833,3,-1
8,Charley Hoffman,"14' 11""",59.500,4,E
9,Mark Calcavecchia,"15' 4""",46.083,3,-1
10,Steve Flesch,"16' 6""",82.417,5,E
11,Chad Campbell,"18' 2""",36.250,2,-1
12,Charles Howell III,"18' 9""",112.667,6,-4
13,Steve Stricker,"20' 11""",125.667,6,-4
14,Woody Austin,"21' 2""",84.667,4,-1
15,Nick Watney,"23' 1""",69.333,3,+1
16,Jonathan Byrd,"24' 7""",49.167,2,E
17,Ángel Cabrera,"25' 5""",50.833,2,E
18,Daniel Chopra,"26' 6""",159.000,6,-1
19,Mike Weir,"29' 6""",59.000,2,E
20,Boo Weekley,"30' 1""",120.417,4,-1
21,Rory Sabbatini,"32' 1""",192.417,6,+4
22,George McNeill,"34' 10""",139.417,4,E
23,Hunter Mahan,"36' 9""",73.500,2,E
24,K.J. Choi,"69' 6""",69.500,1,E
25,Mark Wilson,"70' 3""",140.417,2,E
