rank,player,Avg,Total Distance (feet),# of Attempts,Relative to par
1,Mike Weir,"13' 5""",13.417,1,-2
2,Henrik Stenson,"29' 6""",29.500,1,E
3,Charles Howell III,"42' 2""",42.167,1,E
4,Ángel Cabrera,"49' 11""",49.917,1,-1
5,Vijay Singh,"50' 5""",50.417,1,E
6,Stephen Ames,"50' 11""",50.917,1,-1
7,Brandt Snedeker,"52' 1""",52.083,1,-1
8,Aaron Baddeley,"59' 4""",59.333,1,E
9,Woody Austin,"68' 0""",68.000,1,+1
10,Steve Stricker,"91' 8""",91.667,1,E
11,Rory Sabbatini,"93' 10""",93.833,1,-1
12,Brian Bateman,"93' 11""",187.833,2,-2
13,Boo Weekley,"97' 8""",97.667,1,E
