rank,player,Avg,Total Distance (feet),# of Attempts,Relative to par
1,Zach Johnson,"13' 9""",27.417,2,-1
2,Chad Campbell,"14' 3""",57.000,4,-2
3,Daniel Chopra,"15' 7""",46.750,3,E
4,Charley Hoffman,"16' 3""",16.250,1,E
5,George McNeill,"16' 6""",16.500,1,E
6,Stephen Ames,"17' 0""",17.000,1,E
7,Vijay Singh,"20' 2""",20.167,1,-1
8,Steve Stricker,"22' 10""",68.417,3,-1
9,Jonathan Byrd,"23' 6""",93.833,4,E
10,Henrik Stenson,"25' 9""",25.750,1,E
11,Ángel Cabrera,"28' 9""",115.000,4,E
12,Paul Goydos,"28' 10""",144.167,5,E
13,Mark Wilson,"30' 10""",92.417,3,E
14,Hunter Mahan,"32' 2""",32.167,1,+1
15,Fred Funk,"34' 5""",68.833,2,E
16,Jim Furyk,"35' 4""",35.333,1,E
17,Nick Watney,"37' 8""",75.333,2,E
18,K.J. Choi,"39' 2""",78.333,2,+1
19,Rory Sabbatini,"39' 6""",78.917,2,-1
20,Woody Austin,"40' 3""",40.250,1,E
21,Steve Flesch,"42' 7""",85.167,2,E
22,Boo Weekley,"43' 8""",87.250,2,+2
23,Brian Bateman,"50' 2""",150.417,3,+1
24,Mike Weir,"53' 9""",215.000,4,E
25,Justin Leonard,"70' 2""",70.167,1,E
26,Joe Ogilvie,"84' 10""",84.833,1,+1
