rank,player,Avg,Total Strokes,Total Rounds
1,Tyrrell Hatton,62.00,62,1
2,Byeong Hun An,64.00,64,1
2,Akshay Bhatia,64.00,64,1
2,Matt Fitzpatrick,64.00,64,1
2,Kurt Kitayama,64.00,64,1
2,Scottie Scheffler,64.00,64,1
2,Brendon Todd,64.00,64,1
8,Lee Hodges,65.00,65,1
8,Chris Kirk,65.00,65,1
8,Taylor Moore,65.00,65,1
8,Patrick Rodgers,65.00,65,1
8,Adam Schenk,65.00,65,1
8,Erik van Rooyen,65.00,65,1
14,Eric Cole,66.00,66,1
14,Harris English,66.00,66,1
14,Tony Finau,66.00,66,1
14,Lucas Glover,66.00,66,1
14,Adam Hadwin,66.00,66,1
14,Brian Harman,66.00,66,1
14,Sungjae Im,66.00,66,1
14,Si Woo Kim,66.00,66,1
14,Sepp Straka,66.00,66,1
23,Nico Echavarria,67.00,67,1
23,Rickie Fowler,67.00,67,1
23,Nick Hardy,67.00,67,1
23,Viktor Hovland,67.00,67,1
23,Collin Morikawa,67.00,67,1
23,Jordan Spieth,67.00,67,1
23,Cameron Young,67.00,67,1
30,Sam Burns,68.00,68,1
30,Patrick Cantlay,68.00,68,1
30,Wyndham Clark,68.00,68,1
30,Cam Davis,68.00,68,1
30,Emiliano Grillo,68.00,68,1
30,Hideki Matsuyama,68.00,68,1
30,J.T. Poston,68.00,68,1
30,Adam Svensson,68.00,68,1
38,Jason Day,69.00,69,1
38,Tom Hoge,69.00,69,1
38,Max Homa,69.00,69,1
38,Denny McCarthy,69.00,69,1
38,Justin Rose,69.00,69,1
38,Xander Schauffele,69.00,69,1
38,Nick Taylor,69.00,69,1
38,Sahith Theegala,69.00,69,1
46,Ludvig Åberg,70.00,70,1
46,Keegan Bradley,70.00,70,1
46,Corey Conners,70.00,70,1
46,Tommy Fleetwood,70.00,70,1
46,Mackenzie Hughes,70.00,70,1
46,Tom Kim,70.00,70,1
46,Luke List,70.00,70,1
46,Vincent Norrman,70.00,70,1
46,Matt Wallace,70.00,70,1
55,Seamus Power,71.00,71,1
55,Andrew Putnam,71.00,71,1
55,Davis Riley,71.00,71,1
55,Camilo Villegas,71.00,71,1
59,Russell Henley,72.00,72,1
