rank,player,%
1,Ludvig Åberg,100.00%
1,Byeong Hun An,100.00%
1,Keegan Bradley,100.00%
1,Wyndham Clark,100.00%
1,Eric Cole,100.00%
1,Corey Conners,100.00%
1,Cam Davis,100.00%
1,Adam Hadwin,100.00%
1,Nick Hardy,100.00%
1,Brian Harman,100.00%
1,Tyrrell Hatton,100.00%
1,Max Homa,100.00%
1,Mackenzie Hughes,100.00%
1,Sungjae Im,100.00%
1,Si Woo Kim,100.00%
1,Tom Kim,100.00%
1,Chris Kirk,100.00%
1,Kurt Kitayama,100.00%
1,Luke List,100.00%
1,Taylor Moore,100.00%
1,Collin Morikawa,100.00%
1,J.T. Poston,100.00%
1,Seamus Power,100.00%
1,Andrew Putnam,100.00%
1,Davis Riley,100.00%
1,Patrick Rodgers,100.00%
1,Justin Rose,100.00%
1,Scottie Scheffler,100.00%
1,Jordan Spieth,100.00%
1,Sepp Straka,100.00%
1,Sahith Theegala,100.00%
1,Erik van Rooyen,100.00%
1,Cameron Young,100.00%
34,Akshay Bhatia,.00%
34,Sam Burns,.00%
34,Patrick Cantlay,.00%
34,Jason Day,.00%
34,Nico Echavarria,.00%
34,Harris English,.00%
34,Tony Finau,.00%
34,Matt Fitzpatrick,.00%
34,Tommy Fleetwood,.00%
34,Rickie Fowler,.00%
34,Lucas Glover,.00%
34,Emiliano Grillo,.00%
34,Russell Henley,.00%
34,Lee Hodges,.00%
34,Tom Hoge,.00%
34,Viktor Hovland,.00%
34,Hideki Matsuyama,.00%
34,Denny McCarthy,.00%
34,Vincent Norrman,.00%
34,Xander Schauffele,.00%
34,Adam Schenk,.00%
34,Adam Svensson,.00%
34,Nick Taylor,.00%
34,Brendon Todd,.00%
34,Camilo Villegas,.00%
34,Matt Wallace,.00%
