rank,player,Avg,Total Strokes,Total Rounds
1,Sahith Theegala,64.00,64,1
2,Jason Day,65.00,65,1
2,Viktor Hovland,65.00,65,1
2,Sungjae Im,65.00,65,1
2,Collin Morikawa,65.00,65,1
2,Camilo Villegas,65.00,65,1
7,Patrick Cantlay,66.00,66,1
7,Emiliano Grillo,66.00,66,1
7,Xander Schauffele,66.00,66,1
7,Scottie Scheffler,66.00,66,1
7,Jordan Spieth,66.00,66,1
12,Brian Harman,67.00,67,1
12,Tom Hoge,67.00,67,1
12,Max Homa,67.00,67,1
12,Chris Kirk,67.00,67,1
12,Luke List,67.00,67,1
12,Sepp Straka,67.00,67,1
12,Brendon Todd,67.00,67,1
19,Byeong Hun An,68.00,68,1
19,Mackenzie Hughes,68.00,68,1
19,Tom Kim,68.00,68,1
19,J.T. Poston,68.00,68,1
19,Matt Wallace,68.00,68,1
19,Cameron Young,68.00,68,1
25,Ludvig Åberg,69.00,69,1
25,Akshay Bhatia,69.00,69,1
25,Keegan Bradley,69.00,69,1
25,Sam Burns,69.00,69,1
25,Corey Conners,69.00,69,1
25,Tony Finau,69.00,69,1
25,Matt Fitzpatrick,69.00,69,1
25,Tyrrell Hatton,69.00,69,1
25,Russell Henley,69.00,69,1
25,Patrick Rodgers,69.00,69,1
25,Adam Schenk,69.00,69,1
25,Nick Taylor,69.00,69,1
37,Eric Cole,70.00,70,1
37,Nico Echavarria,70.00,70,1
37,Tommy Fleetwood,70.00,70,1
37,Rickie Fowler,70.00,70,1
37,Adam Hadwin,70.00,70,1
37,Si Woo Kim,70.00,70,1
37,Denny McCarthy,70.00,70,1
37,Davis Riley,70.00,70,1
37,Adam Svensson,70.00,70,1
46,Wyndham Clark,71.00,71,1
46,Harris English,71.00,71,1
46,Nick Hardy,71.00,71,1
46,Hideki Matsuyama,71.00,71,1
46,Taylor Moore,71.00,71,1
46,Seamus Power,71.00,71,1
46,Justin Rose,71.00,71,1
53,Lucas Glover,72.00,72,1
53,Lee Hodges,72.00,72,1
53,Kurt Kitayama,72.00,72,1
53,Erik van Rooyen,72.00,72,1
57,Vincent Norrman,73.00,73,1
58,Andrew Putnam,74.00,74,1
59,Cam Davis,75.00,75,1
