rank,player,% Times improved,# of Times improved
1,Ludvig Åberg,100.0,1
1,Keegan Bradley,100.0,1
1,Wyndham Clark,100.0,1
1,Corey Conners,100.0,1
1,Cam Davis,100.0,1
1,Adam Hadwin,100.0,1
1,Nick Hardy,100.0,1
1,Mackenzie Hughes,100.0,1
1,Si Woo Kim,100.0,1
1,Tom Kim,100.0,1
1,Kurt Kitayama,100.0,1
1,Taylor Moore,100.0,1
1,Seamus Power,100.0,1
1,Andrew Putnam,100.0,1
1,Davis Riley,100.0,1
1,Justin Rose,100.0,1
1,Erik van Rooyen,100.0,1
1,Cameron Young,100.0,1
19,Tony Finau,.0,0
19,Tommy Fleetwood,.0,0
19,Rickie Fowler,.0,0
19,Lucas Glover,.0,0
19,Emiliano Grillo,.0,0
19,Russell Henley,.0,0
19,Lee Hodges,.0,0
19,Tom Hoge,.0,0
19,Hideki Matsuyama,.0,0
19,Denny McCarthy,.0,0
19,Vincent Norrman,.0,0
19,Adam Svensson,.0,0
19,Nick Taylor,.0,0
19,Camilo Villegas,.0,0
19,Matt Wallace,.0,0
