rank,player,Avg,Total Strokes,Total Rounds
1,Justin Rose,61.00,61,1
2,Ludvig Åberg,63.00,63,1
2,Wyndham Clark,63.00,63,1
2,Sungjae Im,63.00,63,1
2,Sahith Theegala,63.00,63,1
6,Adam Hadwin,64.00,64,1
6,Brian Harman,64.00,64,1
6,Mackenzie Hughes,64.00,64,1
6,Andrew Putnam,64.00,64,1
6,Davis Riley,64.00,64,1
11,Eric Cole,65.00,65,1
11,Cam Davis,65.00,65,1
11,Chris Kirk,65.00,65,1
11,Collin Morikawa,65.00,65,1
11,J.T. Poston,65.00,65,1
11,Jordan Spieth,65.00,65,1
11,Erik van Rooyen,65.00,65,1
11,Cameron Young,65.00,65,1
19,Byeong Hun An,66.00,66,1
19,Nick Hardy,66.00,66,1
19,Max Homa,66.00,66,1
19,Si Woo Kim,66.00,66,1
19,Tom Kim,66.00,66,1
19,Kurt Kitayama,66.00,66,1
19,Luke List,66.00,66,1
19,Taylor Moore,66.00,66,1
19,Patrick Rodgers,66.00,66,1
19,Scottie Scheffler,66.00,66,1
19,Sepp Straka,66.00,66,1
30,Keegan Bradley,67.00,67,1
30,Patrick Cantlay,67.00,67,1
30,Corey Conners,67.00,67,1
30,Jason Day,67.00,67,1
30,Nico Echavarria,67.00,67,1
30,Lucas Glover,67.00,67,1
30,Tyrrell Hatton,67.00,67,1
30,Viktor Hovland,67.00,67,1
30,Denny McCarthy,67.00,67,1
30,Seamus Power,67.00,67,1
40,Matt Fitzpatrick,68.00,68,1
40,Russell Henley,68.00,68,1
40,Tom Hoge,68.00,68,1
40,Xander Schauffele,68.00,68,1
40,Adam Svensson,68.00,68,1
45,Sam Burns,69.00,69,1
45,Harris English,69.00,69,1
45,Tony Finau,69.00,69,1
45,Lee Hodges,69.00,69,1
45,Hideki Matsuyama,69.00,69,1
45,Vincent Norrman,69.00,69,1
45,Adam Schenk,69.00,69,1
45,Matt Wallace,69.00,69,1
53,Tommy Fleetwood,70.00,70,1
53,Rickie Fowler,70.00,70,1
53,Nick Taylor,70.00,70,1
53,Brendon Todd,70.00,70,1
53,Camilo Villegas,70.00,70,1
58,Akshay Bhatia,71.00,71,1
58,Emiliano Grillo,71.00,71,1
