rank,player,Avg,Total Strokes,Total Rounds
1,Harris English,64.00,64,1
2,Xander Schauffele,65.00,65,1
3,Akshay Bhatia,66.00,66,1
3,Chris Kirk,66.00,66,1
3,J.T. Poston,66.00,66,1
6,Jason Day,67.00,67,1
6,Andrew Putnam,67.00,67,1
6,Jordan Spieth,67.00,67,1
9,Byeong Hun An,68.00,68,1
9,Sam Burns,68.00,68,1
9,Patrick Cantlay,68.00,68,1
9,Corey Conners,68.00,68,1
9,Nico Echavarria,68.00,68,1
9,Lucas Glover,68.00,68,1
9,Max Homa,68.00,68,1
9,Luke List,68.00,68,1
9,Adam Svensson,68.00,68,1
9,Sahith Theegala,68.00,68,1
19,Eric Cole,69.00,69,1
19,Matt Fitzpatrick,69.00,69,1
19,Tommy Fleetwood,69.00,69,1
19,Erik van Rooyen,69.00,69,1
19,Matt Wallace,69.00,69,1
24,Adam Hadwin,70.00,70,1
24,Brian Harman,70.00,70,1
24,Mackenzie Hughes,70.00,70,1
24,Si Woo Kim,70.00,70,1
24,Taylor Moore,70.00,70,1
24,Collin Morikawa,70.00,70,1
24,Patrick Rodgers,70.00,70,1
24,Adam Schenk,70.00,70,1
24,Sepp Straka,70.00,70,1
33,Wyndham Clark,71.00,71,1
33,Tony Finau,71.00,71,1
33,Tom Hoge,71.00,71,1
33,Kurt Kitayama,71.00,71,1
33,Denny McCarthy,71.00,71,1
33,Seamus Power,71.00,71,1
33,Scottie Scheffler,71.00,71,1
40,Keegan Bradley,72.00,72,1
40,Emiliano Grillo,72.00,72,1
40,Tyrrell Hatton,72.00,72,1
40,Russell Henley,72.00,72,1
40,Viktor Hovland,72.00,72,1
45,Cam Davis,73.00,73,1
45,Sungjae Im,73.00,73,1
45,Nick Taylor,73.00,73,1
45,Brendon Todd,73.00,73,1
49,Tom Kim,74.00,74,1
49,Vincent Norrman,74.00,74,1
49,Camilo Villegas,74.00,74,1
49,Cameron Young,74.00,74,1
53,Rickie Fowler,75.00,75,1
53,Nick Hardy,75.00,75,1
53,Justin Rose,75.00,75,1
56,Hideki Matsuyama,76.00,76,1
56,Davis Riley,76.00,76,1
58,Ludvig Åberg,77.00,77,1
58,Lee Hodges,77.00,77,1
