rank,player,%,Total Drives for 300+,Total Drives - Overall,Relative to Par
1,Bubba Watson,42.22,19,45,-0.105
2,Bill Haas,40.00,18,45,E
2,Dustin Johnson,40.00,18,45,-0.444
2,Webb Simpson,40.00,18,45,-0.222
2,Johnson Wagner,40.00,18,45,-0.167
6,Rickie Fowler,37.78,17,45,-0.118
6,Marc Leishman,37.78,17,45,-0.294
6,George McNeill,37.78,17,45,+0.059
6,Carl Pettersson,37.78,17,45,-0.235
6,Ian Poulter,37.78,17,45,-0.118
6,Brandt Snedeker,37.78,17,45,-0.176
6,Kyle Stanley,37.78,17,45,E
13,Jonas Blixt,35.56,16,45,-0.188
13,Keegan Bradley,35.56,16,45,-0.125
13,Ben Curtis,35.56,16,45,-0.188
13,Tommy Gainey,35.56,16,45,-0.188
13,John Huh,35.56,16,45,+0.250
13,Zach Johnson,35.56,16,45,E
13,Matt Kuchar,35.56,16,45,-0.125
13,Ryan Moore,35.56,16,45,E
13,Scott Stallings,35.56,16,45,-0.188
13,Steve Stricker,35.56,16,45,-0.125
13,Nick Watney,35.56,16,45,-0.250
24,Charlie Beljan,33.33,15,45,+0.133
24,Jason Dufner,33.33,15,45,E
24,J.J. Henry,33.33,15,45,+0.067
24,Scott Piercy,33.33,15,45,-0.200
28,Hunter Mahan,31.11,14,45,-0.071
28,Mark Wilson,31.11,14,45,+0.071
30,"Ted Potter, Jr.",28.89,13,45,-0.154
