rank,player,%,Total Drives for 300-320,Total Drives - Overall,Relative to Par
1,Zach Johnson,17.78,8,45,+0.125
2,Kyle Stanley,13.33,6,45,+0.500
3,Matt Kuchar,11.11,5,45,-0.400
4,Bill Haas,8.89,4,45,+0.500
4,J.J. Henry,8.89,4,45,-0.250
4,Carl Pettersson,8.89,4,45,-0.750
4,"Ted Potter, Jr.",8.89,4,45,E
4,Brandt Snedeker,8.89,4,45,-0.250
4,Johnson Wagner,8.89,4,45,E
4,Bubba Watson,8.89,4,45,E
4,Mark Wilson,8.89,4,45,E
12,Jonas Blixt,6.67,3,45,-0.333
12,Rickie Fowler,6.67,3,45,-1.000
12,John Huh,6.67,3,45,E
12,Marc Leishman,6.67,3,45,-0.333
12,George McNeill,6.67,3,45,-0.333
12,Ryan Moore,6.67,3,45,+0.333
12,Ian Poulter,6.67,3,45,-0.333
19,Charlie Beljan,4.44,2,45,+0.500
19,Ben Curtis,4.44,2,45,E
19,Jason Dufner,4.44,2,45,-0.500
19,Tommy Gainey,4.44,2,45,-0.500
19,Dustin Johnson,4.44,2,45,-0.500
19,Hunter Mahan,4.44,2,45,+0.500
19,Scott Piercy,4.44,2,45,-0.500
19,Webb Simpson,4.44,2,45,-0.500
19,Steve Stricker,4.44,2,45,-1.000
19,Nick Watney,4.44,2,45,-0.500
29,Keegan Bradley,2.22,1,45,E
29,Scott Stallings,2.22,1,45,E
