rank,player,%,Total Drives for 240-260,Total Drvs - overall,Relative to par
1,Jonas Blixt,66.67,4,6,-0.25
1,Mark Wilson,66.67,4,6,-0.25
3,Rickie Fowler,50.00,3,6,+0.67
3,Tommy Gainey,50.00,3,6,-0.67
3,J.J. Henry,50.00,3,6,E
3,Zach Johnson,50.00,3,6,E
3,Matt Kuchar,50.00,3,6,-0.33
3,Carl Pettersson,50.00,3,6,E
3,Scott Piercy,50.00,3,6,E
3,Brandt Snedeker,50.00,3,6,-0.67
3,Steve Stricker,50.00,3,6,E
12,Ben Curtis,33.33,2,6,+0.50
12,Jason Dufner,33.33,2,6,+0.50
12,Marc Leishman,33.33,2,6,+1.00
12,Hunter Mahan,33.33,2,6,-1.00
12,Ryan Moore,33.33,2,6,E
12,Ian Poulter,33.33,2,6,E
12,Webb Simpson,33.33,2,6,E
12,Scott Stallings,33.33,2,6,E
12,Kyle Stanley,33.33,2,6,+0.50
12,Nick Watney,33.33,2,6,-0.50
22,Charlie Beljan,16.67,1,6,E
22,Keegan Bradley,16.67,1,6,-1.00
22,Dustin Johnson,16.67,1,6,E
22,George McNeill,16.67,1,6,E
22,"Ted Potter, Jr.",16.67,1,6,E
22,Johnson Wagner,16.67,1,6,E
22,Bubba Watson,16.67,1,6,E
29,Bill Haas,.00,0,6,E
29,John Huh,.00,0,6,E
