rank,player,%,Total Drives for <= 240,Total Drvs - overall,Relative to par
1,John Huh,66.67,4,6,-0.25
2,Ben Curtis,50.00,3,6,-0.33
2,J.J. Henry,50.00,3,6,-0.33
2,Zach Johnson,50.00,3,6,-0.67
2,Ryan Moore,50.00,3,6,+0.33
6,Charlie Beljan,33.33,2,6,+0.50
6,Jason Dufner,33.33,2,6,E
6,Bill Haas,33.33,2,6,E
6,Marc Leishman,33.33,2,6,+1.00
6,George McNeill,33.33,2,6,E
6,"Ted Potter, Jr.",33.33,2,6,+0.50
6,Ian Poulter,33.33,2,6,E
6,Johnson Wagner,33.33,2,6,+0.50
6,Nick Watney,33.33,2,6,+0.50
6,Mark Wilson,33.33,2,6,-0.50
16,Keegan Bradley,16.67,1,6,E
16,Tommy Gainey,16.67,1,6,E
16,Matt Kuchar,16.67,1,6,+1.00
16,Hunter Mahan,16.67,1,6,E
16,Webb Simpson,16.67,1,6,E
16,Brandt Snedeker,16.67,1,6,E
16,Kyle Stanley,16.67,1,6,+1.00
16,Steve Stricker,16.67,1,6,E
24,Jonas Blixt,.00,0,6,E
24,Rickie Fowler,.00,0,6,E
24,Dustin Johnson,.00,0,6,E
24,Carl Pettersson,.00,0,6,E
24,Scott Piercy,.00,0,6,E
24,Scott Stallings,.00,0,6,E
24,Bubba Watson,.00,0,6,E
