rank,player,%,Total Drives for 240-260,Total Drives - Overall,Relative to Par
1,Hunter Mahan,33.33,15,45,E
2,Rickie Fowler,31.11,14,45,-0.071
2,Matt Kuchar,31.11,14,45,-0.071
4,Jonas Blixt,28.89,13,45,+0.231
4,Ben Curtis,28.89,13,45,+0.308
6,Jason Dufner,26.67,12,45,E
6,Zach Johnson,26.67,12,45,-0.167
6,Mark Wilson,26.67,12,45,-0.083
9,Ryan Moore,24.44,11,45,E
9,Ian Poulter,24.44,11,45,+0.091
9,Brandt Snedeker,24.44,11,45,-0.364
12,J.J. Henry,22.22,10,45,-0.100
12,Marc Leishman,22.22,10,45,+0.200
12,Scott Piercy,22.22,10,45,E
12,Johnson Wagner,22.22,10,45,-0.300
16,Keegan Bradley,17.78,8,45,-0.125
16,Scott Stallings,17.78,8,45,-0.250
16,Bubba Watson,17.78,8,45,-0.250
19,Tommy Gainey,15.56,7,45,-0.429
19,Dustin Johnson,15.56,7,45,E
19,Carl Pettersson,15.56,7,45,-0.286
19,"Ted Potter, Jr.",15.56,7,45,E
19,Webb Simpson,15.56,7,45,-0.143
19,Nick Watney,15.56,7,45,-0.286
25,Bill Haas,13.33,6,45,-0.167
25,George McNeill,13.33,6,45,-0.167
25,Kyle Stanley,13.33,6,45,E
28,John Huh,11.11,5,45,-0.400
28,Steve Stricker,11.11,5,45,E
30,Charlie Beljan,6.67,3,45,+0.333
