rank,player,All Drives,Total Distance,# of Drives
1,Dustin Johnson,307.8,"13,850",45
2,Bubba Watson,303.7,"13,669",45
3,Scott Stallings,291.1,"13,102",45
4,Tommy Gainey,289.9,"13,045",45
5,Scott Piercy,289.0,"13,003",45
6,Charlie Beljan,288.0,"12,959",45
7,Carl Pettersson,287.7,"12,946",45
8,Ian Poulter,285.9,"12,865",45
9,Webb Simpson,285.6,"12,853",45
10,Marc Leishman,284.8,"12,817",45
11,Keegan Bradley,284.3,"12,792",45
12,George McNeill,284.0,"12,780",45
13,Kyle Stanley,283.4,"12,751",45
14,Rickie Fowler,282.4,"12,706",45
15,Nick Watney,282.0,"12,691",45
16,Ben Curtis,281.9,"12,687",45
17,Bill Haas,281.7,"12,679",45
18,Hunter Mahan,281.1,"12,651",45
19,Jason Dufner,280.4,"12,619",45
20,Johnson Wagner,280.0,"12,599",45
21,Jonas Blixt,278.8,"12,546",45
22,Brandt Snedeker,278.3,"12,523",45
23,Matt Kuchar,277.3,"12,477",45
24,Steve Stricker,275.8,"12,412",45
25,Mark Wilson,272.3,"12,254",45
26,John Huh,272.2,"12,250",45
27,Zach Johnson,271.2,"12,205",45
28,Ryan Moore,270.8,"12,186",45
29,"Ted Potter, Jr.",270.0,"12,150",45
30,J.J. Henry,266.9,"12,010",45
