rank,player,Avg,Total Distance,Total Drives
1,Bubba Watson,280.8,"1,685",6
2,Dustin Johnson,279.5,"1,677",6
3,Scott Stallings,265.5,"1,593",6
4,Kyle Stanley,263.8,"1,583",6
5,Scott Piercy,263.0,"1,578",6
6,Keegan Bradley,262.7,"1,576",6
7,Rickie Fowler,260.7,"1,564",6
8,Charlie Beljan,259.3,"1,556",6
9,Brandt Snedeker,259.0,"1,554",6
10,Tommy Gainey,257.5,"1,545",6
11,George McNeill,257.3,"1,544",6
12,Carl Pettersson,257.2,"1,543",6
13,Matt Kuchar,256.0,"1,536",6
14,Webb Simpson,254.5,"1,527",6
15,Jonas Blixt,253.7,"1,522",6
16,Nick Watney,252.7,"1,516",6
17,Hunter Mahan,252.5,"1,515",6
18,"Ted Potter, Jr.",251.8,"1,511",6
19,Ian Poulter,251.7,"1,510",6
20,Steve Stricker,250.7,"1,504",6
21,Johnson Wagner,249.7,"1,498",6
22,Jason Dufner,249.3,"1,496",6
22,Bill Haas,249.3,"1,496",6
24,Marc Leishman,245.7,"1,474",6
25,Mark Wilson,244.7,"1,468",6
26,Ryan Moore,242.0,"1,452",6
27,Ben Curtis,241.3,"1,448",6
28,John Huh,240.3,"1,442",6
29,J.J. Henry,239.2,"1,435",6
30,Zach Johnson,233.3,"1,400",6
