rank,player,%,Total Drives for <= 240,Total Drives - Overall,Relative to Par
1,J.J. Henry,40.00,18,45,-0.222
1,John Huh,40.00,18,45,-0.056
3,Ryan Moore,35.56,16,45,+0.250
3,"Ted Potter, Jr.",35.56,16,45,+0.188
5,Zach Johnson,33.33,15,45,+0.133
5,Mark Wilson,33.33,15,45,-0.200
7,Webb Simpson,31.11,14,45,+0.143
7,Steve Stricker,31.11,14,45,-0.143
9,Johnson Wagner,28.89,13,45,+0.154
10,Kyle Stanley,26.67,12,45,+0.333
11,Charlie Beljan,24.44,11,45,+0.182
11,Keegan Bradley,24.44,11,45,+0.273
11,Ben Curtis,24.44,11,45,-0.091
11,Jason Dufner,24.44,11,45,-0.182
11,George McNeill,24.44,11,45,+0.273
11,Carl Pettersson,24.44,11,45,E
11,Scott Piercy,24.44,11,45,-0.273
11,Brandt Snedeker,24.44,11,45,-0.364
19,Jonas Blixt,22.22,10,45,-0.200
19,Tommy Gainey,22.22,10,45,-0.100
19,Bill Haas,22.22,10,45,E
19,Ian Poulter,22.22,10,45,-0.200
23,Matt Kuchar,20.00,9,45,E
23,Marc Leishman,20.00,9,45,+0.333
23,Scott Stallings,20.00,9,45,+0.333
23,Nick Watney,20.00,9,45,+0.444
27,Rickie Fowler,15.56,7,45,-0.143
27,Hunter Mahan,15.56,7,45,+0.286
29,Dustin Johnson,2.22,1,45,+2.000
29,Bubba Watson,2.22,1,45,E
