rank,player,%,Total Drives for 300-320,Total Drvs - overall,Relative to par
1,Bubba Watson,16.67,1,6,+3.00
2,Charlie Beljan,.00,0,6,E
2,Jonas Blixt,.00,0,6,E
2,Keegan Bradley,.00,0,6,E
2,Ben Curtis,.00,0,6,E
2,Jason Dufner,.00,0,6,E
2,Rickie Fowler,.00,0,6,E
2,Tommy Gainey,.00,0,6,E
2,Bill Haas,.00,0,6,E
2,J.J. Henry,.00,0,6,E
2,John Huh,.00,0,6,E
2,Dustin Johnson,.00,0,6,E
2,Zach Johnson,.00,0,6,E
2,Matt Kuchar,.00,0,6,E
2,Marc Leishman,.00,0,6,E
2,Hunter Mahan,.00,0,6,E
2,George McNeill,.00,0,6,E
2,Ryan Moore,.00,0,6,E
2,Carl Pettersson,.00,0,6,E
2,Scott Piercy,.00,0,6,E
2,"Ted Potter, Jr.",.00,0,6,E
2,Ian Poulter,.00,0,6,E
2,Webb Simpson,.00,0,6,E
2,Brandt Snedeker,.00,0,6,E
2,Scott Stallings,.00,0,6,E
2,Kyle Stanley,.00,0,6,E
2,Steve Stricker,.00,0,6,E
2,Johnson Wagner,.00,0,6,E
2,Nick Watney,.00,0,6,E
2,Mark Wilson,.00,0,6,E
