rank,player,%,Total Drives for 280-300,Total Drvs - overall,Relative to par
1,Dustin Johnson,66.67,4,6,-0.50
2,Charlie Beljan,50.00,3,6,-0.33
3,George McNeill,33.33,2,6,-0.50
3,Kyle Stanley,33.33,2,6,E
3,Bubba Watson,33.33,2,6,-0.50
6,Keegan Bradley,16.67,1,6,-1.00
6,Rickie Fowler,16.67,1,6,-1.00
6,Carl Pettersson,16.67,1,6,-1.00
6,Scott Piercy,16.67,1,6,E
6,Webb Simpson,16.67,1,6,E
6,Scott Stallings,16.67,1,6,E
6,Nick Watney,16.67,1,6,E
13,Jonas Blixt,.00,0,6,E
13,Ben Curtis,.00,0,6,E
13,Jason Dufner,.00,0,6,E
13,Tommy Gainey,.00,0,6,E
13,Bill Haas,.00,0,6,E
13,J.J. Henry,.00,0,6,E
13,John Huh,.00,0,6,E
13,Zach Johnson,.00,0,6,E
13,Matt Kuchar,.00,0,6,E
13,Marc Leishman,.00,0,6,E
13,Hunter Mahan,.00,0,6,E
13,Ryan Moore,.00,0,6,E
13,"Ted Potter, Jr.",.00,0,6,E
13,Ian Poulter,.00,0,6,E
13,Brandt Snedeker,.00,0,6,E
13,Steve Stricker,.00,0,6,E
13,Johnson Wagner,.00,0,6,E
13,Mark Wilson,.00,0,6,E
