rank,player,%,Total Drives for 260-280,Total Drvs - overall,Relative to par
1,Bill Haas,66.67,4,6,E
2,Keegan Bradley,50.00,3,6,-0.67
2,Hunter Mahan,50.00,3,6,-0.33
2,"Ted Potter, Jr.",50.00,3,6,-0.33
2,Scott Stallings,50.00,3,6,-0.33
2,Johnson Wagner,50.00,3,6,E
7,Jonas Blixt,33.33,2,6,E
7,Jason Dufner,33.33,2,6,+0.50
7,Rickie Fowler,33.33,2,6,-0.50
7,Tommy Gainey,33.33,2,6,-0.50
7,John Huh,33.33,2,6,-0.50
7,Matt Kuchar,33.33,2,6,-0.50
7,Marc Leishman,33.33,2,6,+0.50
7,Carl Pettersson,33.33,2,6,E
7,Scott Piercy,33.33,2,6,-0.50
7,Ian Poulter,33.33,2,6,-0.50
7,Webb Simpson,33.33,2,6,-1.00
7,Brandt Snedeker,33.33,2,6,-0.50
7,Steve Stricker,33.33,2,6,-1.00
7,Bubba Watson,33.33,2,6,E
21,Ben Curtis,16.67,1,6,E
21,Dustin Johnson,16.67,1,6,-1.00
21,George McNeill,16.67,1,6,+1.00
21,Ryan Moore,16.67,1,6,E
21,Kyle Stanley,16.67,1,6,E
21,Nick Watney,16.67,1,6,-1.00
27,Charlie Beljan,.00,0,6,E
27,J.J. Henry,.00,0,6,E
27,Zach Johnson,.00,0,6,E
27,Mark Wilson,.00,0,6,E
