rank,player,Distance,Tournament,Round,Hole,Course
1,Kyle Stanley,428,Hyundai T of C,2,7,656
2,Ian Poulter,426,Hyundai T of C,1,12,656
3,Charlie Beljan,418,Hyundai T of C,2,12,656
4,Carl Pettersson,416,Hyundai T of C,1,7,656
5,Dustin Johnson,410,Hyundai T of C,2,12,656
6,Scott Piercy,409,Hyundai T of C,2,12,656
7,Ben Curtis,407,Hyundai T of C,2,7,656
8,Jason Dufner,405,Hyundai T of C,2,7,656
9,Rickie Fowler,403,Hyundai T of C,2,7,656
10,Marc Leishman,402,Hyundai T of C,1,12,656
11,Ryan Moore,400,Hyundai T of C,2,7,656
11,"Ted Potter, Jr.",400,Hyundai T of C,3,7,656
13,Scott Stallings,399,Hyundai T of C,1,12,656
14,Webb Simpson,398,Hyundai T of C,2,7,656
15,Tommy Gainey,397,Hyundai T of C,3,12,656
16,George McNeill,396,Hyundai T of C,3,17,656
16,Johnson Wagner,396,Hyundai T of C,2,7,656
16,Bubba Watson,396,Hyundai T of C,2,12,656
19,Bill Haas,394,Hyundai T of C,2,7,656
20,Mark Wilson,393,Hyundai T of C,2,7,656
21,Hunter Mahan,392,Hyundai T of C,2,12,656
22,Brandt Snedeker,387,Hyundai T of C,2,12,656
23,Jonas Blixt,385,Hyundai T of C,3,7,656
24,Keegan Bradley,384,Hyundai T of C,1,7,656
25,John Huh,377,Hyundai T of C,2,12,656
25,Steve Stricker,377,Hyundai T of C,1,12,656
27,Zach Johnson,375,Hyundai T of C,2,12,656
28,Nick Watney,374,Hyundai T of C,2,18,656
29,J.J. Henry,364,Hyundai T of C,1,7,656
30,Matt Kuchar,357,Hyundai T of C,1,1,656
