rank,player,%,Total Drives for 320+,Total Drives - Overall,Relative to Par
1,Dustin Johnson,35.56,16,45,-0.438
1,Webb Simpson,35.56,16,45,-0.188
3,Keegan Bradley,33.33,15,45,-0.133
3,Scott Stallings,33.33,15,45,-0.200
3,Bubba Watson,33.33,15,45,-0.133
6,Ben Curtis,31.11,14,45,-0.214
6,Rickie Fowler,31.11,14,45,+0.071
6,Tommy Gainey,31.11,14,45,-0.143
6,Bill Haas,31.11,14,45,-0.143
6,Marc Leishman,31.11,14,45,-0.286
6,George McNeill,31.11,14,45,+0.143
6,Ian Poulter,31.11,14,45,-0.071
6,Steve Stricker,31.11,14,45,E
6,Johnson Wagner,31.11,14,45,-0.214
6,Nick Watney,31.11,14,45,-0.214
16,Charlie Beljan,28.89,13,45,+0.077
16,Jonas Blixt,28.89,13,45,-0.154
16,Jason Dufner,28.89,13,45,+0.077
16,John Huh,28.89,13,45,+0.308
16,Ryan Moore,28.89,13,45,-0.077
16,Carl Pettersson,28.89,13,45,-0.077
16,Scott Piercy,28.89,13,45,-0.154
16,Brandt Snedeker,28.89,13,45,-0.154
24,Hunter Mahan,26.67,12,45,-0.167
25,J.J. Henry,24.44,11,45,+0.182
25,Matt Kuchar,24.44,11,45,E
25,Kyle Stanley,24.44,11,45,-0.273
28,Mark Wilson,22.22,10,45,+0.100
29,"Ted Potter, Jr.",20.00,9,45,-0.222
30,Zach Johnson,17.78,8,45,-0.125
