rank,player,%,Total Drives for 320+,Total Drvs - overall,Relative to par
1,Charlie Beljan,.00,0,6,E
1,Jonas Blixt,.00,0,6,E
1,Keegan Bradley,.00,0,6,E
1,Ben Curtis,.00,0,6,E
1,Jason Dufner,.00,0,6,E
1,Rickie Fowler,.00,0,6,E
1,Tommy Gainey,.00,0,6,E
1,Bill Haas,.00,0,6,E
1,J.J. Henry,.00,0,6,E
1,John Huh,.00,0,6,E
1,Dustin Johnson,.00,0,6,E
1,Zach Johnson,.00,0,6,E
1,Matt Kuchar,.00,0,6,E
1,Marc Leishman,.00,0,6,E
1,Hunter Mahan,.00,0,6,E
1,George McNeill,.00,0,6,E
1,Ryan Moore,.00,0,6,E
1,Carl Pettersson,.00,0,6,E
1,Scott Piercy,.00,0,6,E
1,"Ted Potter, Jr.",.00,0,6,E
1,Ian Poulter,.00,0,6,E
1,Webb Simpson,.00,0,6,E
1,Brandt Snedeker,.00,0,6,E
1,Scott Stallings,.00,0,6,E
1,Kyle Stanley,.00,0,6,E
1,Steve Stricker,.00,0,6,E
1,Johnson Wagner,.00,0,6,E
1,Nick Watney,.00,0,6,E
1,Bubba Watson,.00,0,6,E
1,Mark Wilson,.00,0,6,E
