rank,player,%,Total Drives for 280-300,Total Drives - Overall,Relative to Par
1,Dustin Johnson,22.22,10,45,-0.200
2,Bubba Watson,17.78,8,45,-0.750
3,Charlie Beljan,15.56,7,45,-0.143
4,Kyle Stanley,13.33,6,45,-0.333
5,Keegan Bradley,8.89,4,45,-1.000
5,George McNeill,8.89,4,45,-0.250
5,Scott Piercy,8.89,4,45,+0.250
5,Scott Stallings,8.89,4,45,-0.250
9,Tommy Gainey,6.67,3,45,-0.333
9,Hunter Mahan,6.67,3,45,+0.667
9,Nick Watney,6.67,3,45,E
12,Jason Dufner,4.44,2,45,-0.500
12,J.J. Henry,4.44,2,45,E
12,"Ted Potter, Jr.",4.44,2,45,E
12,Mark Wilson,4.44,2,45,E
16,Jonas Blixt,2.22,1,45,E
16,Ben Curtis,2.22,1,45,E
16,Rickie Fowler,2.22,1,45,-1.000
16,Marc Leishman,2.22,1,45,+1.000
16,Ryan Moore,2.22,1,45,+1.000
16,Carl Pettersson,2.22,1,45,-1.000
16,Ian Poulter,2.22,1,45,+1.000
16,Webb Simpson,2.22,1,45,E
16,Brandt Snedeker,2.22,1,45,+1.000
25,Bill Haas,.00,0,45,E
25,John Huh,.00,0,45,E
25,Zach Johnson,.00,0,45,E
25,Matt Kuchar,.00,0,45,E
25,Steve Stricker,.00,0,45,E
25,Johnson Wagner,.00,0,45,E
