rank,player,Avg,Total Strokes,Total Holes
1,Jonathan Byrd,3.73,164,44
2,Steve Stricker,3.75,165,44
3,Martin Laird,3.77,166,44
4,Bryce Molder,3.82,168,44
5,Harrison Frazar,3.84,169,44
5,Webb Simpson,3.84,169,44
7,Chris Kirk,3.86,170,44
7,D.A. Points,3.86,170,44
7,Mark Wilson,3.86,170,44
10,Johnson Wagner,3.89,171,44
11,Scott Piercy,3.91,172,44
11,Nick Watney,3.91,172,44
11,Bubba Watson,3.91,172,44
14,Keegan Bradley,3.93,173,44
14,K.J. Choi,3.93,173,44
14,Ben Crane,3.93,173,44
14,Kevin Na,3.93,173,44
18,Bill Haas,3.95,174,44
19,Sean O'Hair,3.98,175,44
20,Michael Bradley,4.00,176,44
21,Aaron Baddeley,4.05,178,44
21,Scott Stallings,4.05,178,44
21,Brendan Steele,4.05,178,44
24,Rory Sabbatini,4.09,180,44
25,David Toms,4.11,181,44
26,Gary Woodland,4.20,185,44
27,Jhonattan Vegas,4.30,189,44
