rank,player,Status,Par 5 Avg,Total Par
1,Rory Sabbatini,-15,4.06,80
2,Steve Stricker,-13,4.19,80
2,Gary Woodland,-13,4.19,80
4,K.J. Choi,-12,4.25,80
5,Martin Laird,-11,4.31,80
5,Kevin Na,-11,4.31,80
7,Keegan Bradley,-10,4.38,80
7,Webb Simpson,-10,4.38,80
7,Scott Stallings,-10,4.38,80
10,Aaron Baddeley,-9,4.44,80
10,Harrison Frazar,-9,4.44,80
10,Bryce Molder,-9,4.44,80
10,Jhonattan Vegas,-9,4.44,80
10,Johnson Wagner,-9,4.44,80
15,Chris Kirk,-8,4.50,80
15,Sean O'Hair,-8,4.50,80
15,Scott Piercy,-8,4.50,80
15,D.A. Points,-8,4.50,80
15,Nick Watney,-8,4.50,80
20,Jonathan Byrd,-7,4.56,80
20,Ben Crane,-7,4.56,80
20,Bill Haas,-7,4.56,80
20,Bubba Watson,-7,4.56,80
24,Michael Bradley,-6,4.63,80
25,Brendan Steele,-5,4.69,80
25,Mark Wilson,-5,4.69,80
27,David Toms,-2,4.88,80
