rank,player,%,Par 3 Birdies or Better,Par 3 Holes
1,Jonathan Byrd,25.00,3,12
1,Ben Crane,25.00,3,12
1,Chris Kirk,25.00,3,12
1,Martin Laird,25.00,3,12
1,Webb Simpson,25.00,3,12
6,Harrison Frazar,16.67,2,12
6,Sean O'Hair,16.67,2,12
6,Rory Sabbatini,16.67,2,12
6,Steve Stricker,16.67,2,12
6,Nick Watney,16.67,2,12
11,Aaron Baddeley,8.33,1,12
11,Keegan Bradley,8.33,1,12
11,Michael Bradley,8.33,1,12
11,K.J. Choi,8.33,1,12
11,Bryce Molder,8.33,1,12
11,Kevin Na,8.33,1,12
11,Scott Piercy,8.33,1,12
11,David Toms,8.33,1,12
11,Johnson Wagner,8.33,1,12
11,Bubba Watson,8.33,1,12
21,Bill Haas,.00,0,12
21,D.A. Points,.00,0,12
21,Scott Stallings,.00,0,12
21,Brendan Steele,.00,0,12
21,Jhonattan Vegas,.00,0,12
21,Mark Wilson,.00,0,12
21,Gary Woodland,.00,0,12
