rank,player,Status,Par 4 Avg,Total Par
1,Jonathan Byrd,-12,3.73,176
2,Steve Stricker,-11,3.75,176
3,Martin Laird,-10,3.77,176
4,Bryce Molder,-8,3.82,176
5,Harrison Frazar,-7,3.84,176
5,Webb Simpson,-7,3.84,176
7,Chris Kirk,-6,3.86,176
7,D.A. Points,-6,3.86,176
7,Mark Wilson,-6,3.86,176
10,Johnson Wagner,-5,3.89,176
11,Scott Piercy,-4,3.91,176
11,Nick Watney,-4,3.91,176
11,Bubba Watson,-4,3.91,176
14,Keegan Bradley,-3,3.93,176
14,K.J. Choi,-3,3.93,176
14,Ben Crane,-3,3.93,176
14,Kevin Na,-3,3.93,176
18,Bill Haas,-2,3.95,176
19,Sean O'Hair,-1,3.98,176
20,Michael Bradley,E,4.00,176
21,Aaron Baddeley,+2,4.05,176
21,Scott Stallings,+2,4.05,176
21,Brendan Steele,+2,4.05,176
24,Rory Sabbatini,+4,4.09,176
25,David Toms,+5,4.11,176
26,Gary Woodland,+9,4.20,176
27,Jhonattan Vegas,+13,4.30,176
