rank,player,Avg,Total Strokes,Total Holes
1,Ben Crane,2.75,33,12
2,Rory Sabbatini,2.83,34,12
2,Webb Simpson,2.83,34,12
4,Sean O'Hair,2.92,35,12
5,Jonathan Byrd,3.00,36,12
5,K.J. Choi,3.00,36,12
5,Chris Kirk,3.00,36,12
5,Scott Piercy,3.00,36,12
5,Nick Watney,3.00,36,12
10,Aaron Baddeley,3.08,37,12
10,Michael Bradley,3.08,37,12
10,Harrison Frazar,3.08,37,12
10,Martin Laird,3.08,37,12
10,Steve Stricker,3.08,37,12
10,David Toms,3.08,37,12
10,Johnson Wagner,3.08,37,12
10,Gary Woodland,3.08,37,12
18,Keegan Bradley,3.17,38,12
18,Bill Haas,3.17,38,12
18,Kevin Na,3.17,38,12
18,D.A. Points,3.17,38,12
18,Jhonattan Vegas,3.17,38,12
23,Bryce Molder,3.25,39,12
23,Scott Stallings,3.25,39,12
23,Bubba Watson,3.25,39,12
23,Mark Wilson,3.25,39,12
27,Brendan Steele,3.50,42,12
