rank,player,%,Par 5 Birdies or Better,Par 5 Holes
1,Rory Sabbatini,87.50,14,16
2,K.J. Choi,75.00,12,16
2,Steve Stricker,75.00,12,16
2,Gary Woodland,75.00,12,16
5,Martin Laird,68.75,11,16
5,Scott Stallings,68.75,11,16
7,Aaron Baddeley,62.50,10,16
7,Keegan Bradley,62.50,10,16
7,Ben Crane,62.50,10,16
7,Kevin Na,62.50,10,16
7,Bubba Watson,62.50,10,16
12,Sean O'Hair,56.25,9,16
12,Scott Piercy,56.25,9,16
12,Jhonattan Vegas,56.25,9,16
15,Harrison Frazar,50.00,8,16
15,Bryce Molder,50.00,8,16
15,D.A. Points,50.00,8,16
15,Webb Simpson,50.00,8,16
15,Johnson Wagner,50.00,8,16
15,Nick Watney,50.00,8,16
21,Jonathan Byrd,43.75,7,16
21,Bill Haas,43.75,7,16
21,Chris Kirk,43.75,7,16
21,Brendan Steele,43.75,7,16
25,Mark Wilson,37.50,6,16
26,Michael Bradley,31.25,5,16
26,David Toms,31.25,5,16
