rank,player,%,Par 4 Birdies or Better,Par 4 Holes
1,Martin Laird,34.09,15,44
2,Jonathan Byrd,31.82,14,44
3,Steve Stricker,29.55,13,44
4,Ben Crane,27.27,12,44
5,Chris Kirk,25.00,11,44
5,Bryce Molder,25.00,11,44
5,Johnson Wagner,25.00,11,44
8,K.J. Choi,22.73,10,44
8,Harrison Frazar,22.73,10,44
8,D.A. Points,22.73,10,44
8,Webb Simpson,22.73,10,44
8,Bubba Watson,22.73,10,44
8,Mark Wilson,22.73,10,44
14,Nick Watney,20.45,9,44
15,Aaron Baddeley,18.18,8,44
15,Kevin Na,18.18,8,44
15,Sean O'Hair,18.18,8,44
15,Rory Sabbatini,18.18,8,44
15,Scott Stallings,18.18,8,44
15,David Toms,18.18,8,44
21,Keegan Bradley,15.91,7,44
21,Bill Haas,15.91,7,44
21,Scott Piercy,15.91,7,44
21,Gary Woodland,15.91,7,44
25,Brendan Steele,13.64,6,44
26,Michael Bradley,9.09,4,44
27,Jhonattan Vegas,6.82,3,44
