rank,player,Status,Par 3 Avg,Total Par
1,Ben Crane,-3,2.75,36
2,Rory Sabbatini,-2,2.83,36
2,Webb Simpson,-2,2.83,36
4,Sean O'Hair,-1,2.92,36
5,Jonathan Byrd,E,3.00,36
5,K.J. Choi,E,3.00,36
5,Chris Kirk,E,3.00,36
5,Scott Piercy,E,3.00,36
5,Nick Watney,E,3.00,36
10,Aaron Baddeley,+1,3.08,36
10,Michael Bradley,+1,3.08,36
10,Harrison Frazar,+1,3.08,36
10,Martin Laird,+1,3.08,36
10,Steve Stricker,+1,3.08,36
10,David Toms,+1,3.08,36
10,Johnson Wagner,+1,3.08,36
10,Gary Woodland,+1,3.08,36
18,Keegan Bradley,+2,3.17,36
18,Bill Haas,+2,3.17,36
18,Kevin Na,+2,3.17,36
18,D.A. Points,+2,3.17,36
18,Jhonattan Vegas,+2,3.17,36
23,Bryce Molder,+3,3.25,36
23,Scott Stallings,+3,3.25,36
23,Bubba Watson,+3,3.25,36
23,Mark Wilson,+3,3.25,36
27,Brendan Steele,+6,3.50,36
