rank,player,%,Greens Hit,# Holes,Relative/Par
1,Sean O'Hair,86.11,62,72,-0.31
1,Jordan Spieth,86.11,62,72,-0.39
3,Chez Reavie,84.72,61,72,-0.31
4,Tony Finau,81.94,59,72,-0.27
4,Russell Henley,81.94,59,72,-0.27
4,Rory Sabbatini,81.94,59,72,-0.31
4,Shawn Stefani,81.94,59,72,-0.20
4,Gary Woodland,81.94,59,72,-0.34
9,Justin Rose,80.56,58,72,-0.33
9,Kyle Stanley,80.56,58,72,-0.24
11,Jim Herman,79.17,57,72,-0.35
12,Brian Gay,77.78,56,72,-0.30
12,Branden Grace,77.78,56,72,-0.32
12,Cameron Smith,77.78,56,72,-0.30
12,Justin Thomas,77.78,56,72,-0.54
12,Richy Werenski,77.78,56,72,-0.30
17,Billy Hurley III,76.39,55,72,-0.29
17,Zach Johnson,76.39,55,72,-0.40
17,William McGirt,76.39,55,72,-0.27
17,Rod Pampling,76.39,55,72,-0.24
17,Ollie Schniederjans,76.39,55,72,-0.27
17,Webb Simpson,76.39,55,72,-0.31
17,Hudson Swafford,76.39,55,72,-0.33
17,Miguel Tabuena,76.39,55,72,-0.33
25,John Huh,75.00,54,72,-0.26
25,Russell Knox,75.00,54,72,-0.31
25,Satoshi Kodaira,75.00,54,72,-0.30
25,Kelly Kraft,75.00,54,72,-0.30
25,Jamie Lovemark,75.00,54,72,-0.41
30,Stewart Cink,73.61,53,72,-0.26
30,Bill Haas,73.61,53,72,-0.34
30,Billy Horschel,73.61,53,72,-0.13
30,Luke List,73.61,53,72,-0.40
30,Henrik Norlander,73.61,53,72,-0.43
35,Daniel Berger,72.22,52,72,-0.33
35,Jon Curran,72.22,52,72,-0.25
35,Kevin Kisner,72.22,52,72,-0.35
35,Robert Streb,72.22,52,72,-0.31
35,Vaughn Taylor,72.22,52,72,-0.29
35,Michael Thompson,72.22,52,72,-0.42
35,Tim Wilkinson,72.22,52,72,-0.37
35,Y.E. Yang,72.22,52,72,-0.35
43,Zac Blair,70.83,51,72,-0.20
43,Mackenzie Hughes,70.83,51,72,-0.31
43,Michael Kim,70.83,51,72,-0.35
43,Marc Leishman,70.83,51,72,-0.33
43,Scott Piercy,70.83,51,72,-0.25
43,Daniel Summerhays,70.83,51,72,-0.31
49,Charles Howell III,69.44,50,72,-0.40
49,David Lingmerth,69.44,50,72,-0.34
49,Hideki Matsuyama,69.44,50,72,-0.34
52,Scott Brown,68.06,49,72,-0.29
52,Ben Martin,68.06,49,72,-0.31
52,Kevin Na,68.06,49,72,-0.45
55,Ryan Brehm,66.67,48,72,-0.35
55,Fabián Gómez,66.67,48,72,-0.29
55,Trey Mullinax,66.67,48,72,-0.35
55,Seamus Power,66.67,48,72,-0.27
59,Jason Bohn,65.28,47,72,-0.36
59,Bryson DeChambeau,65.28,47,72,-0.38
59,Andres Gonzales,65.28,47,72,-0.34
59,James Hahn,65.28,47,72,-0.38
59,Pat Perez,65.28,47,72,-0.26
59,Hideto Tanihara,65.28,47,72,-0.34
65,J.T. Poston,63.89,46,72,-0.30
65,Vijay Singh,63.89,46,72,-0.28
65,Brian Stuard,63.89,46,72,-0.39
68,Gonzalo Fernandez-Castaño,62.50,45,72,-0.31
68,Peter Malnati,62.50,45,72,-0.36
70,Brian Harman,61.11,44,72,-0.36
71,Ken Duke,59.72,43,72,-0.23
71,Jared Sawada,59.72,43,72,-0.30
73,Bryce Molder,56.94,41,72,-0.44
