rank,player,Value,Total Drv Rank,GIR Rank
1,Russell Henley,5,1,4
2,Sean O'Hair,6,5,1
3,Rory Sabbatini,7,3,4
4,Kyle Stanley,11,2,9
5,Gary Woodland,13,9,4
6,Brian Gay,19,7,12
7,Chez Reavie,20,17,3
8,Shawn Stefani,23,19,4
9,Tony Finau,29,25,4
10,Justin Rose,31,22,9
11,Russell Knox,32,7,25
12,Hudson Swafford,33,16,17
12,Richy Werenski,33,21,12
14,Jim Herman,34,23,11
15,Rod Pampling,35,18,17
16,Kelly Kraft,38,13,25
17,Jordan Spieth,39,38,1
18,Branden Grace,45,33,12
18,William McGirt,45,28,17
20,Kevin Kisner,46,11,35
21,Satoshi Kodaira,53,28,25
22,Hideki Matsuyama,54,5,49
23,Justin Thomas,55,43,12
24,Scott Brown,56,4,52
25,Billy Horschel,58,28,30
25,John Huh,58,33,25
27,Jamie Lovemark,61,36,25
28,Y.E. Yang,63,28,35
29,Ben Martin,65,13,52
29,Trey Mullinax,65,10,55
31,Zach Johnson,66,49,17
32,Michael Kim,68,25,43
32,Webb Simpson,68,51,17
34,James Hahn,70,11,59
34,Marc Leishman,70,27,43
36,Luke List,71,41,30
37,Miguel Tabuena,73,56,17
38,Bill Haas,74,44,30
38,Henrik Norlander,74,44,30
38,Ollie Schniederjans,74,57,17
41,Cameron Smith,76,64,12
42,Hideto Tanihara,79,20,59
43,Zac Blair,81,38,43
44,Andres Gonzales,82,23,59
45,Jon Curran,83,48,35
45,Fabián Gómez,83,28,55
47,Vaughn Taylor,84,49,35
48,Brian Harman,85,15,70
48,Billy Hurley III,85,68,17
50,Scott Piercy,87,44,43
51,Daniel Berger,88,53,35
52,Charles Howell III,90,41,49
52,Robert Streb,90,55,35
54,Pat Perez,92,33,59
55,Michael Thompson,93,58,35
56,Jason Bohn,95,36,59
56,Mackenzie Hughes,95,52,43
58,Stewart Cink,99,69,30
59,Tim Wilkinson,104,69,35
60,Kevin Na,111,59,52
60,Jared Sawada,111,40,71
62,Brian Stuard,112,47,65
63,Bryson DeChambeau,113,54,59
64,Daniel Summerhays,114,71,43
65,Ryan Brehm,115,60,55
65,David Lingmerth,115,66,49
67,Seamus Power,116,61,55
68,J.T. Poston,127,62,65
69,Vijay Singh,132,67,65
70,Gonzalo Fernandez-Castaño,133,65,68
71,Bryce Molder,136,63,73
72,Peter Malnati,140,72,68
73,Ken Duke,144,73,71
