rank,player,%,Greens Hit,Total Holes,Relative to par
1,Ryan Armour,100.00,18,18,-0.61
1,James Hahn,100.00,16,16,-0.50
1,Charles Howell III,100.00,17,17,-0.71
1,Chris Kirk,100.00,15,15,-0.67
1,Scott Piercy,100.00,17,17,-0.47
1,D.A. Points,100.00,14,14,-0.64
1,Sam Ryder,100.00,18,18,-0.50
1,Gary Woodland,100.00,23,23,-0.70
9,Kevin Tway,95.45,21,22,-0.38
10,Jordan Spieth,95.00,19,20,-0.63
11,J.J. Spaun,94.74,18,19,-0.50
11,Kyle Stanley,94.74,18,19,-0.72
13,Nate Lashley,94.12,16,17,-0.63
13,Vaughn Taylor,94.12,16,17,-0.56
15,Tom Hoge,93.75,15,16,-0.73
16,Steve Allan,93.33,14,15,-0.71
16,Ryan Blaum,93.33,14,15,-0.64
16,Jonathan Byrd,93.33,14,15,-0.64
16,Kevin Kisner,93.33,14,15,-0.57
16,Patton Kizzire,93.33,14,15,-0.64
16,Andrew Putnam,93.33,14,15,-0.57
16,Jonathan Randolph,93.33,14,15,-0.64
16,Webb Simpson,93.33,14,15,-0.79
24,Brandon Harkins,92.86,13,14,-0.69
25,Austin Cook,92.31,12,13,-0.75
26,Brian Stuard,91.67,11,12,-0.64
27,Sam Saunders,91.30,21,23,-0.71
28,Tyrone Van Aswegen,90.91,10,11,-0.70
29,Brian Harman,90.48,19,21,-0.79
30,Wesley Bryan,90.00,9,10,-0.78
30,Cameron Smith,90.00,18,20,-0.56
32,Shugo Imahira,89.47,17,19,-0.41
32,Si Woo Kim,89.47,17,19,-0.53
32,Xander Schauffele,89.47,17,19,-0.41
35,Ollie Schniederjans,88.89,16,18,-0.88
36,Emiliano Grillo,88.24,15,17,-0.73
36,Russell Knox,88.24,15,17,-0.67
36,Seamus Power,88.24,15,17,-0.53
39,Scott Brown,87.50,14,16,-0.57
39,Stephan Jaeger,87.50,21,24,-0.62
39,Chez Reavie,87.50,14,16,-0.50
42,Lanto Griffin,85.71,12,14,-0.42
42,Daisuke Kataoka,85.71,12,14,-0.83
42,Jerry Kelly,85.71,18,21,-0.50
42,Nicholas Lindheim,85.71,12,14,-0.75
42,Rory Sabbatini,85.71,12,14,-0.83
47,Stewart Cink,85.00,17,20,-0.53
48,Colt Knost,84.62,11,13,-0.64
48,Conrad Shindler,84.62,11,13,-0.73
48,Xinjun Zhang,84.62,11,13,-0.64
51,Tony Finau,84.21,16,19,-0.44
51,Adam Schenk,84.21,16,19,-0.69
53,Matt Every,83.33,15,18,-0.53
53,Brian Gay,83.33,15,18,-0.60
53,Marc Leishman,83.33,15,18,-0.60
53,William McGirt,83.33,15,18,-0.33
53,Keith Mitchell,83.33,15,18,-0.67
53,John Oda,83.33,15,18,-0.60
53,Hudson Swafford,83.33,15,18,-0.93
60,Jason Kokrak,82.61,19,23,-0.32
61,Daniel Berger,82.35,14,17,-0.86
61,Dominic Bozzelli,82.35,14,17,-0.57
61,Harris English,82.35,14,17,-0.36
64,Matt Jones,81.82,18,22,-0.56
65,Jason Dufner,81.25,13,16,-0.85
66,Justin Thomas,80.95,17,21,-0.76
67,Corey Conners,80.00,16,20,-0.69
67,Ben Martin,80.00,12,15,-0.75
69,Ryan Palmer,78.95,15,19,-0.53
70,Talor Gooch,78.57,11,14,-0.55
71,Joel Dahmen,77.78,14,18,-0.57
71,John Peterson,77.78,14,18,-0.64
73,Roberto Díaz,76.92,10,13,-0.40
74,Blayne Barber,75.00,9,12,-0.67
74,Zach Johnson,75.00,12,16,-0.58
76,Keegan Bradley,73.33,11,15,-0.64
