rank,player,%,Greens Hit,Total Holes,Relative to par
1,Steve Allan,100.00,2,2,-1.00
1,Ryan Armour,100.00,2,2,E
1,Blayne Barber,100.00,1,1,E
1,Daniel Berger,100.00,2,2,-1.00
1,Ryan Blaum,100.00,2,2,E
1,Corey Conners,100.00,2,2,-0.50
1,Matt Every,100.00,1,1,E
1,Brian Gay,100.00,2,2,-0.50
1,Emiliano Grillo,100.00,3,3,-0.67
1,James Hahn,100.00,1,1,E
1,Brian Harman,100.00,4,4,-0.75
1,Tom Hoge,100.00,1,1,E
1,Charles Howell III,100.00,2,2,-1.00
1,Shugo Imahira,100.00,2,2,-0.50
1,Stephan Jaeger,100.00,3,3,E
1,Zach Johnson,100.00,3,3,-0.67
1,Matt Jones,100.00,2,2,E
1,Daisuke Kataoka,100.00,2,2,-0.50
1,Si Woo Kim,100.00,2,2,E
1,Kevin Kisner,100.00,1,1,-1.00
1,Patton Kizzire,100.00,2,2,-0.50
1,Russell Knox,100.00,3,3,-0.67
1,Jason Kokrak,100.00,4,4,E
1,Nate Lashley,100.00,1,1,E
1,Nicholas Lindheim,100.00,5,5,-0.80
1,Ryan Palmer,100.00,2,2,E
1,Scott Piercy,100.00,2,2,-0.50
1,D.A. Points,100.00,3,3,+0.33
1,Chez Reavie,100.00,5,5,-0.40
1,Sam Ryder,100.00,1,1,E
1,Sam Saunders,100.00,3,3,-0.33
1,Xander Schauffele,100.00,2,2,-0.50
1,Cameron Smith,100.00,1,1,-1.00
1,J.J. Spaun,100.00,3,3,-0.33
1,Jordan Spieth,100.00,2,2,E
1,Justin Thomas,100.00,1,1,-1.00
1,Tyrone Van Aswegen,100.00,1,1,-1.00
1,Gary Woodland,100.00,4,4,-0.50
39,Scott Brown,85.71,6,7,-0.17
40,Jonathan Randolph,83.33,5,6,-0.20
41,Marc Leishman,80.00,4,5,E
42,Roberto Díaz,75.00,3,4,-0.33
42,Colt Knost,75.00,3,4,-0.33
42,Ollie Schniederjans,75.00,3,4,-0.67
42,Kevin Tway,75.00,3,4,E
46,Dominic Bozzelli,66.67,2,3,-0.50
46,Wesley Bryan,66.67,2,3,-0.50
46,Keith Mitchell,66.67,2,3,-0.50
46,John Peterson,66.67,2,3,-0.50
46,Seamus Power,66.67,2,3,-0.50
46,Andrew Putnam,66.67,2,3,E
52,Xinjun Zhang,60.00,3,5,-0.67
53,Stewart Cink,50.00,1,2,-1.00
53,Talor Gooch,50.00,1,2,E
53,Lanto Griffin,50.00,1,2,E
53,Ben Martin,50.00,1,2,E
53,Adam Schenk,50.00,2,4,-0.50
53,Hudson Swafford,50.00,1,2,-1.00
59,Keegan Bradley,.00,0,1,E
59,Jonathan Byrd,.00,0,1,E
59,Joel Dahmen,.00,0,2,E
59,Jason Dufner,.00,0,2,E
59,Tony Finau,.00,0,1,E
59,William McGirt,.00,0,1,E
