rank,player,%,Greens Hit,Total Holes,Relative to par
1,Zach Johnson,100.00,13,13,-0.31
1,Jordan Spieth,100.00,19,19,-0.32
3,John Peterson,93.33,14,15,-0.29
4,Talor Gooch,92.86,13,14,-0.38
5,Blayne Barber,92.31,12,13,-0.33
5,Chris Kirk,92.31,12,13,-0.42
7,Stewart Cink,91.67,11,12,-0.18
8,Wesley Bryan,90.91,10,11,-0.20
8,Rory Sabbatini,90.91,10,11,E
10,Tom Hoge,90.48,19,21,-0.26
11,Ryan Armour,90.00,9,10,-0.33
12,Xander Schauffele,89.47,17,19,-0.29
13,Nicholas Lindheim,88.89,8,9,-0.25
14,Austin Cook,87.50,14,16,-0.14
14,Jonathan Randolph,87.50,14,16,-0.29
14,Sam Ryder,87.50,14,16,-0.21
17,Daniel Berger,86.67,13,15,-0.15
17,Brandon Harkins,86.67,13,15,-0.23
17,Ryan Palmer,86.67,13,15,-0.08
20,D.A. Points,85.71,12,14,-0.17
21,Scott Brown,84.62,11,13,E
21,Scott Piercy,84.62,11,13,-0.45
23,Daisuke Kataoka,83.33,10,12,-0.40
23,Andrew Putnam,83.33,10,12,-0.10
23,Chez Reavie,83.33,15,18,-0.13
26,Russell Knox,82.35,14,17,-0.21
27,Jason Kokrak,81.82,9,11,-0.33
28,Ryan Blaum,81.25,13,16,-0.08
28,Jonathan Byrd,81.25,13,16,-0.23
28,Shugo Imahira,81.25,13,16,-0.38
31,Dominic Bozzelli,80.00,12,15,-0.33
31,Harris English,80.00,8,10,-0.38
31,James Hahn,80.00,8,10,-0.50
31,Marc Leishman,80.00,12,15,-0.17
31,Ben Martin,80.00,8,10,-0.38
36,Corey Conners,76.92,10,13,-0.10
36,Tony Finau,76.92,10,13,-0.40
36,Nate Lashley,76.92,10,13,-0.20
39,Matt Every,75.00,9,12,-0.22
39,Emiliano Grillo,75.00,9,12,-0.22
39,Conrad Shindler,75.00,9,12,-0.44
39,Cameron Smith,75.00,12,16,-0.33
39,Kyle Stanley,75.00,9,12,-0.33
39,Brian Stuard,75.00,9,12,-0.33
45,Hudson Swafford,73.33,11,15,-0.18
46,Kevin Kisner,72.73,8,11,-0.25
46,Patton Kizzire,72.73,8,11,-0.63
48,Steve Allan,71.43,10,14,-0.20
48,Kevin Tway,71.43,10,14,-0.20
50,Matt Jones,70.59,12,17,-0.25
51,Ollie Schniederjans,70.00,7,10,-0.29
51,Justin Thomas,70.00,14,20,-0.07
51,Tyrone Van Aswegen,70.00,7,10,+0.14
54,Joel Dahmen,69.23,9,13,-0.33
55,Roberto Díaz,68.75,11,16,-0.55
55,Gary Woodland,68.75,11,16,-0.36
57,Si Woo Kim,68.42,13,19,-0.15
58,Jason Dufner,68.18,15,22,-0.20
59,Keegan Bradley,66.67,10,15,+0.10
59,Brian Gay,66.67,10,15,-0.10
59,Colt Knost,66.67,8,12,-0.25
59,Seamus Power,66.67,10,15,-0.40
59,J.J. Spaun,66.67,10,15,-0.30
59,Xinjun Zhang,66.67,6,9,-0.67
65,Webb Simpson,65.00,13,20,-0.54
66,Keith Mitchell,64.29,9,14,-0.33
66,Sam Saunders,64.29,9,14,-0.33
68,Lanto Griffin,62.50,10,16,-0.40
69,Jerry Kelly,60.00,6,10,-0.33
69,William McGirt,60.00,6,10,-0.33
69,Adam Schenk,60.00,6,10,-0.17
72,Brian Harman,57.14,4,7,-0.25
72,Charles Howell III,57.14,8,14,-0.25
74,Vaughn Taylor,41.67,5,12,-0.20
75,John Oda,40.00,4,10,-0.50
76,Stephan Jaeger,38.46,5,13,+0.20
