rank,player,%,Greens Hit,Total Holes,Relative to par
1,Ryan Armour,100.00,9,9,-0.78
1,Scott Brown,100.00,7,7,-1.00
1,Wesley Bryan,100.00,7,7,-0.86
1,Jonathan Byrd,100.00,11,11,-0.82
1,Corey Conners,100.00,10,10,-0.80
1,Joel Dahmen,100.00,10,10,-0.60
1,Jason Dufner,100.00,10,10,-0.80
1,Brian Gay,100.00,10,10,-0.80
1,Emiliano Grillo,100.00,9,9,-0.78
1,James Hahn,100.00,11,11,-0.64
1,Tom Hoge,100.00,10,10,-0.90
1,Charles Howell III,100.00,10,10,-0.80
1,Si Woo Kim,100.00,12,12,-0.75
1,Chris Kirk,100.00,11,11,-0.82
1,Patton Kizzire,100.00,11,11,-0.73
1,Russell Knox,100.00,10,10,-0.70
1,Jason Kokrak,100.00,12,12,-0.50
1,Nicholas Lindheim,100.00,5,5,-0.80
1,Ben Martin,100.00,10,10,-0.80
1,Scott Piercy,100.00,12,12,-0.67
1,D.A. Points,100.00,9,9,-0.89
1,Andrew Putnam,100.00,9,9,-0.78
1,Jonathan Randolph,100.00,8,8,-0.88
1,Sam Ryder,100.00,11,11,-0.55
1,Sam Saunders,100.00,13,13,-0.77
1,Adam Schenk,100.00,10,10,-0.90
1,Webb Simpson,100.00,12,12,-0.92
1,Jordan Spieth,100.00,12,12,-0.75
1,Kyle Stanley,100.00,12,12,-0.92
1,Kevin Tway,100.00,14,14,-0.57
1,Gary Woodland,100.00,14,14,-0.93
1,Xinjun Zhang,100.00,7,7,-0.71
33,Tony Finau,92.86,13,14,-0.54
34,Harris English,91.67,11,12,-0.36
34,Brandon Harkins,91.67,11,12,-0.73
34,Jerry Kelly,91.67,11,12,-0.73
34,Kevin Kisner,91.67,11,12,-0.45
34,William McGirt,91.67,11,12,-0.36
34,John Oda,91.67,11,12,-0.73
34,Rory Sabbatini,91.67,11,12,-0.91
34,Xander Schauffele,91.67,11,12,-0.55
34,Ollie Schniederjans,91.67,11,12,-1.00
34,Conrad Shindler,91.67,11,12,-0.73
34,Cameron Smith,91.67,11,12,-0.55
34,Hudson Swafford,91.67,11,12,-0.91
34,Vaughn Taylor,91.67,11,12,-0.36
47,Brian Harman,90.91,10,11,-1.00
47,Nate Lashley,90.91,10,11,-0.80
47,Seamus Power,90.91,10,11,-0.70
47,J.J. Spaun,90.91,10,11,-0.80
51,Daniel Berger,90.00,9,10,-0.89
51,Ryan Blaum,90.00,9,10,-0.89
51,Austin Cook,90.00,9,10,-0.78
51,Marc Leishman,90.00,9,10,-0.78
55,Steve Allan,88.89,8,9,-0.88
55,Stewart Cink,88.89,8,9,-0.88
55,Talor Gooch,88.89,8,9,-0.63
55,Lanto Griffin,88.89,8,9,-0.50
55,Shugo Imahira,88.89,8,9,-0.50
55,Daisuke Kataoka,88.89,8,9,-0.88
55,Brian Stuard,88.89,8,9,-0.63
62,Dominic Bozzelli,87.50,7,8,-0.71
62,Colt Knost,87.50,7,8,-0.71
62,Tyrone Van Aswegen,87.50,7,8,-0.86
65,Justin Thomas,85.71,12,14,-0.83
66,Keith Mitchell,84.62,11,13,-0.82
67,Ryan Palmer,83.33,10,12,-0.70
68,Keegan Bradley,81.82,9,11,-0.78
68,Stephan Jaeger,81.82,9,11,-1.00
70,Roberto Díaz,75.00,6,8,-0.50
70,Matt Every,75.00,9,12,-0.78
72,Zach Johnson,71.43,5,7,-0.80
72,Chez Reavie,71.43,5,7,-1.00
74,Matt Jones,66.67,8,12,-0.88
74,John Peterson,66.67,6,9,-0.83
76,Blayne Barber,62.50,5,8,-1.00
