rank,player,%,Greens Hit,Total Holes,Relative to par
1,Emiliano Grillo,100.00,5,5,E
1,Chez Reavie,100.00,7,7,-0.14
3,Webb Simpson,85.71,6,7,+0.17
4,Patton Kizzire,83.33,5,6,E
4,Ryan Palmer,83.33,5,6,+0.20
6,Ryan Blaum,80.00,8,10,+0.25
6,Jason Dufner,80.00,4,5,E
6,Tony Finau,80.00,4,5,E
6,Si Woo Kim,80.00,4,5,-0.25
10,Brandon Harkins,75.00,3,4,+0.33
11,Colt Knost,72.73,8,11,+0.13
12,Kevin Kisner,71.43,5,7,E
12,Scott Piercy,71.43,5,7,-0.20
12,Hudson Swafford,71.43,5,7,+0.40
15,Ryan Armour,70.00,7,10,+0.14
16,Scott Brown,66.67,6,9,-0.17
16,Matt Every,66.67,4,6,-0.50
16,Stephan Jaeger,66.67,4,6,E
16,Zach Johnson,66.67,4,6,E
16,Andrew Putnam,66.67,4,6,-0.25
16,J.J. Spaun,66.67,6,9,-0.17
22,Tom Hoge,62.50,5,8,E
22,Seamus Power,62.50,5,8,E
22,Conrad Shindler,62.50,5,8,+0.20
22,Kyle Stanley,62.50,5,8,-0.40
26,Joel Dahmen,60.00,6,10,+0.17
26,Keith Mitchell,60.00,3,5,-0.33
28,Keegan Bradley,57.14,4,7,+0.25
28,James Hahn,57.14,4,7,E
28,Matt Jones,57.14,4,7,E
28,Russell Knox,57.14,4,7,-0.25
28,Adam Schenk,57.14,4,7,+0.25
33,Blayne Barber,55.56,5,9,E
33,Lanto Griffin,55.56,5,9,-0.20
33,Ben Martin,55.56,5,9,+0.20
36,Dominic Bozzelli,50.00,4,8,E
36,Charles Howell III,50.00,3,6,+0.33
36,Daisuke Kataoka,50.00,4,8,E
36,Jason Kokrak,50.00,3,6,E
36,Sam Ryder,50.00,2,4,E
36,Tyrone Van Aswegen,50.00,6,12,-0.17
42,Jerry Kelly,45.45,5,11,E
43,Chris Kirk,44.44,4,9,E
43,William McGirt,44.44,4,9,E
43,John Oda,44.44,4,9,-0.25
43,Brian Stuard,44.44,4,9,-0.50
47,Nicholas Lindheim,42.86,3,7,+0.33
47,John Peterson,42.86,3,7,-0.33
47,Gary Woodland,42.86,3,7,E
50,Roberto Díaz,41.67,5,12,E
51,Jonathan Byrd,40.00,2,5,E
51,Sam Saunders,40.00,2,5,-0.50
51,Xander Schauffele,40.00,2,5,+0.50
51,Jordan Spieth,40.00,2,5,+0.50
51,Kevin Tway,40.00,2,5,-1.00
56,Talor Gooch,37.50,3,8,-0.33
56,Brian Harman,37.50,3,8,-0.33
56,Rory Sabbatini,37.50,3,8,-0.33
59,Wesley Bryan,36.36,4,11,-0.25
60,Stewart Cink,33.33,3,9,E
60,Brian Gay,33.33,3,9,-0.67
60,Nate Lashley,33.33,2,6,E
60,D.A. Points,33.33,4,12,E
64,Shugo Imahira,28.57,2,7,E
65,Cameron Smith,25.00,2,8,E
66,Steve Allan,22.22,2,9,-0.50
66,Austin Cook,22.22,2,9,E
66,Vaughn Taylor,22.22,2,9,+0.50
69,Harris English,20.00,2,10,-0.50
69,Marc Leishman,20.00,1,5,E
69,Jonathan Randolph,20.00,2,10,+0.50
72,Xinjun Zhang,18.18,2,11,E
73,Ollie Schniederjans,16.67,1,6,E
73,Justin Thomas,16.67,1,6,E
75,Daniel Berger,14.29,1,7,E
75,Corey Conners,14.29,1,7,+1.00
