rank,player,%,Greens Hit,Total Holes,Relative to par
1,Ryan Armour,100.00,11,11,-0.64
1,Corey Conners,100.00,12,12,-0.75
1,Brian Gay,100.00,12,12,-0.75
1,Emiliano Grillo,100.00,12,12,-0.75
1,James Hahn,100.00,12,12,-0.58
1,Tom Hoge,100.00,11,11,-0.82
1,Charles Howell III,100.00,12,12,-0.83
1,Si Woo Kim,100.00,14,14,-0.64
1,Chris Kirk,100.00,11,11,-0.82
1,Patton Kizzire,100.00,13,13,-0.69
1,Russell Knox,100.00,13,13,-0.69
1,Jason Kokrak,100.00,16,16,-0.38
1,Nicholas Lindheim,100.00,10,10,-0.80
1,Scott Piercy,100.00,14,14,-0.64
1,D.A. Points,100.00,12,12,-0.58
1,Sam Ryder,100.00,12,12,-0.50
1,Sam Saunders,100.00,16,16,-0.69
1,Webb Simpson,100.00,12,12,-0.92
1,Jordan Spieth,100.00,14,14,-0.64
1,Kyle Stanley,100.00,12,12,-0.92
1,Gary Woodland,100.00,18,18,-0.83
22,Kevin Tway,94.44,17,18,-0.47
23,Brian Harman,93.33,14,15,-0.93
24,Scott Brown,92.86,13,14,-0.62
24,Jonathan Randolph,92.86,13,14,-0.62
24,Xander Schauffele,92.86,13,14,-0.54
24,J.J. Spaun,92.86,13,14,-0.69
28,Kevin Kisner,92.31,12,13,-0.50
28,Cameron Smith,92.31,12,13,-0.58
30,Daniel Berger,91.67,11,12,-0.91
30,Ryan Blaum,91.67,11,12,-0.73
30,Jonathan Byrd,91.67,11,12,-0.82
30,Harris English,91.67,11,12,-0.36
30,Brandon Harkins,91.67,11,12,-0.73
30,Jerry Kelly,91.67,11,12,-0.73
30,Nate Lashley,91.67,11,12,-0.73
30,Ben Martin,91.67,11,12,-0.73
30,John Oda,91.67,11,12,-0.73
30,Andrew Putnam,91.67,11,12,-0.64
30,Rory Sabbatini,91.67,11,12,-0.91
30,Conrad Shindler,91.67,11,12,-0.73
30,Vaughn Taylor,91.67,11,12,-0.36
43,Steve Allan,90.91,10,11,-0.90
43,Shugo Imahira,90.91,10,11,-0.50
43,Daisuke Kataoka,90.91,10,11,-0.80
46,Wesley Bryan,90.00,9,10,-0.78
46,Austin Cook,90.00,9,10,-0.78
48,Brian Stuard,88.89,8,9,-0.63
48,Tyrone Van Aswegen,88.89,8,9,-0.88
50,Ollie Schniederjans,87.50,14,16,-0.93
51,Tony Finau,86.67,13,15,-0.54
51,Marc Leishman,86.67,13,15,-0.54
51,Justin Thomas,86.67,13,15,-0.85
54,Stephan Jaeger,85.71,12,14,-0.75
54,Ryan Palmer,85.71,12,14,-0.58
54,Seamus Power,85.71,12,14,-0.67
54,Adam Schenk,85.71,12,14,-0.83
54,Hudson Swafford,85.71,12,14,-0.92
59,William McGirt,84.62,11,13,-0.36
60,Joel Dahmen,83.33,10,12,-0.60
60,Jason Dufner,83.33,10,12,-0.80
60,Colt Knost,83.33,10,12,-0.60
60,Chez Reavie,83.33,10,12,-0.70
60,Xinjun Zhang,83.33,10,12,-0.70
65,Dominic Bozzelli,81.82,9,11,-0.67
65,Stewart Cink,81.82,9,11,-0.89
65,Talor Gooch,81.82,9,11,-0.56
65,Lanto Griffin,81.82,9,11,-0.44
69,Keith Mitchell,81.25,13,16,-0.77
70,Zach Johnson,80.00,8,10,-0.75
71,Matt Every,76.92,10,13,-0.70
72,Keegan Bradley,75.00,9,12,-0.78
72,Roberto Díaz,75.00,9,12,-0.44
74,Matt Jones,71.43,10,14,-0.70
75,Blayne Barber,66.67,6,9,-0.83
75,John Peterson,66.67,8,12,-0.75
