rank,player,%,Greens Hit,Total Holes,Relative to par
1,Sam Saunders,94.12,16,17,-0.19
2,Keegan Bradley,90.91,20,22,-0.25
3,Brian Stuard,84.62,22,26,-0.41
4,Hudson Swafford,84.21,16,19,-0.19
5,Kevin Kisner,84.00,21,25,-0.33
6,Russell Knox,83.33,15,18,-0.20
6,Chez Reavie,83.33,15,18,-0.40
8,Nicholas Lindheim,81.82,18,22,-0.22
8,Xinjun Zhang,81.82,18,22,-0.06
10,Jordan Spieth,81.25,13,16,-0.15
11,Tony Finau,80.95,17,21,-0.12
11,Nate Lashley,80.95,17,21,-0.29
13,Wesley Bryan,80.00,12,15,-0.42
13,Joel Dahmen,80.00,16,20,-0.13
13,Jerry Kelly,80.00,12,15,-0.08
13,John Peterson,80.00,12,15,-0.33
13,Cameron Smith,80.00,12,15,-0.17
18,Tom Hoge,78.57,11,14,-0.36
18,Matt Jones,78.57,11,14,-0.18
20,Charles Howell III,78.26,18,23,-0.06
20,Patton Kizzire,78.26,18,23,-0.39
22,Ryan Blaum,77.78,14,18,-0.36
22,Jonathan Byrd,77.78,14,18,-0.07
22,Justin Thomas,77.78,7,9,-0.14
25,Gary Woodland,76.92,10,13,E
26,Marc Leishman,76.47,13,17,-0.15
27,Zach Johnson,76.19,16,21,-0.38
27,Kyle Stanley,76.19,16,21,-0.13
29,Corey Conners,75.00,15,20,-0.27
29,Roberto Díaz,75.00,12,16,-0.08
29,Jason Dufner,75.00,12,16,-0.42
29,Brandon Harkins,75.00,15,20,-0.20
29,Brian Harman,75.00,18,24,-0.22
29,Sam Ryder,75.00,12,16,-0.25
29,Kevin Tway,75.00,12,16,E
36,Rory Sabbatini,72.73,16,22,-0.06
37,Steve Allan,72.22,13,18,-0.23
37,Vaughn Taylor,72.22,13,18,-0.23
39,James Hahn,72.00,18,25,-0.39
40,Blayne Barber,71.43,15,21,-0.27
40,Harris English,71.43,15,21,-0.27
42,Shugo Imahira,70.59,12,17,-0.33
42,William McGirt,70.59,12,17,-0.08
42,Ryan Palmer,70.59,12,17,-0.25
42,Seamus Power,70.59,12,17,-0.17
42,J.J. Spaun,70.59,12,17,-0.17
47,Daniel Berger,70.00,14,20,-0.14
47,Scott Piercy,70.00,14,20,-0.29
47,Andrew Putnam,70.00,14,20,E
47,Ollie Schniederjans,70.00,14,20,-0.50
51,Austin Cook,69.57,16,23,-0.13
52,Webb Simpson,68.75,11,16,-0.45
53,Tyrone Van Aswegen,68.18,15,22,-0.27
54,Keith Mitchell,66.67,12,18,+0.08
54,Adam Schenk,66.67,12,18,-0.08
56,Dominic Bozzelli,64.71,11,17,-0.27
56,D.A. Points,64.71,11,17,-0.36
58,Ben Martin,63.64,14,22,-0.21
59,Ryan Armour,63.16,12,19,-0.17
60,Chris Kirk,61.90,13,21,-0.15
60,Colt Knost,61.90,13,21,-0.08
60,Jonathan Randolph,61.90,13,21,E
63,Jason Kokrak,61.11,11,18,-0.18
64,Emiliano Grillo,60.00,12,20,-0.25
65,Stewart Cink,58.33,7,12,-0.57
66,Daisuke Kataoka,57.14,12,21,-0.08
67,Brian Gay,55.56,10,18,-0.30
67,Stephan Jaeger,55.56,10,18,E
69,Conrad Shindler,54.17,13,24,-0.23
70,Scott Brown,52.63,10,19,E
70,John Oda,52.63,10,19,-0.10
72,Matt Every,50.00,10,20,-0.20
72,Talor Gooch,50.00,10,20,-0.60
74,Xander Schauffele,47.37,9,19,-0.56
75,Lanto Griffin,47.06,8,17,-0.13
76,Si Woo Kim,42.86,6,14,-0.17
