rank,player,%,Greens Hit,# of Holes
1,Jordan Spieth,96.77,30,31
2,Russell Knox,96.67,29,30
3,Chez Reavie,94.74,36,38
4,James Hahn,94.29,33,35
5,Zach Johnson,93.75,30,32
6,Cameron Smith,93.55,29,31
7,Corey Conners,92.86,26,28
8,Brandon Harkins,91.30,21,23
9,Jonathan Randolph,91.18,31,34
9,Sam Ryder,91.18,31,34
11,Harris English,90.63,29,32
11,Matt Jones,90.63,29,32
13,Sam Saunders,90.32,28,31
13,Gary Woodland,90.32,28,31
15,Jonathan Byrd,90.00,27,30
15,Nicholas Lindheim,90.00,27,30
15,Ben Martin,90.00,27,30
18,Adam Schenk,89.66,26,29
19,John Peterson,89.29,25,28
20,Tom Hoge,88.89,32,36
20,Stephan Jaeger,88.89,24,27
20,Chris Kirk,88.89,32,36
20,Kevin Kisner,88.89,32,36
20,Ryan Palmer,88.89,24,27
25,Nate Lashley,88.24,30,34
25,J.J. Spaun,88.24,30,34
27,Ryan Blaum,87.88,29,33
27,Charles Howell III,87.88,29,33
29,Brian Harman,86.84,33,38
30,Keegan Bradley,86.67,26,30
31,Hudson Swafford,86.49,32,37
32,Andrew Putnam,86.21,25,29
33,Scott Brown,85.71,24,28
33,Jason Dufner,85.71,30,35
35,Scott Piercy,85.29,29,34
36,William McGirt,84.62,22,26
37,Wesley Bryan,84.38,27,32
38,Jerry Kelly,84.21,32,38
39,Daniel Berger,83.87,26,31
39,Ollie Schniederjans,83.87,26,31
41,Webb Simpson,83.33,25,30
42,Shugo Imahira,82.86,29,35
43,Patton Kizzire,82.76,24,29
44,Daisuke Kataoka,82.35,28,34
44,Si Woo Kim,82.35,28,34
44,Xander Schauffele,82.35,28,34
47,Austin Cook,81.58,31,38
48,Stewart Cink,81.48,22,27
49,Rory Sabbatini,80.65,25,31
50,Kyle Stanley,80.56,29,36
51,Steve Allan,80.00,20,25
51,Keith Mitchell,80.00,20,25
51,Kevin Tway,80.00,20,25
54,Brian Stuard,79.59,39,49
55,Marc Leishman,79.17,19,24
56,Emiliano Grillo,78.95,30,38
57,Conrad Shindler,78.57,22,28
58,Justin Thomas,78.13,25,32
59,Ryan Armour,78.05,32,41
59,Colt Knost,78.05,32,41
61,Lanto Griffin,77.27,17,22
62,Tyrone Van Aswegen,76.92,20,26
63,Joel Dahmen,76.67,23,30
63,Tony Finau,76.67,23,30
65,Roberto Díaz,76.47,26,34
66,Xinjun Zhang,75.86,22,29
67,D.A. Points,75.76,25,33
68,Brian Gay,74.29,26,35
69,Jason Kokrak,73.33,22,30
70,Dominic Bozzelli,72.73,24,33
71,Blayne Barber,71.88,23,32
72,Seamus Power,71.43,15,21
73,Matt Every,69.70,23,33
74,Vaughn Taylor,69.44,25,36
75,John Oda,66.67,24,36
76,Talor Gooch,62.07,18,29
