rank,player,%,Greens Hit,# Holes,Relative/Par
1,Wesley Bryan,100.0,1,1,-1.00
1,Joel Dahmen,100.0,2,2,E
1,Tony Finau,100.0,3,3,-1.00
1,Talor Gooch,100.0,2,2,-1.00
1,Brian Harman,100.0,3,3,-1.00
1,Tom Hoge,100.0,4,4,-2.00
1,Shugo Imahira,100.0,3,3,-2.00
1,Matt Jones,100.0,3,3,-1.00
1,Chris Kirk,100.0,1,1,E
1,Marc Leishman,100.0,4,4,E
1,D.A. Points,100.0,2,2,E
1,Seamus Power,100.0,4,4,-3.00
1,Andrew Putnam,100.0,1,1,E
1,Jonathan Randolph,100.0,2,2,E
1,Sam Ryder,100.0,3,3,-2.00
1,Xander Schauffele,100.0,3,3,E
1,Webb Simpson,100.0,5,5,-3.00
1,Jordan Spieth,100.0,7,7,-2.00
1,Brian Stuard,100.0,1,1,E
1,Hudson Swafford,100.0,2,2,-1.00
1,Gary Woodland,100.0,4,4,-2.00
22,Dominic Bozzelli,83.3,5,6,-1.00
22,Matt Every,83.3,5,6,-1.00
22,John Peterson,83.3,5,6,-3.00
25,Brian Gay,80.0,4,5,-2.00
25,James Hahn,80.0,4,5,-2.00
25,Zach Johnson,80.0,4,5,-3.00
25,Si Woo Kim,80.0,4,5,-2.00
25,Jason Kokrak,80.0,4,5,E
25,Nate Lashley,80.0,4,5,-2.00
25,Xinjun Zhang,80.0,4,5,-1.00
32,Steve Allan,75.0,3,4,-1.00
32,Charles Howell III,75.0,3,4,-1.00
32,Ollie Schniederjans,75.0,3,4,-3.00
35,Ben Martin,71.4,5,7,-1.00
36,Blayne Barber,66.7,2,3,-1.00
36,Scott Brown,66.7,4,6,E
36,Stephan Jaeger,66.7,6,9,-2.00
36,Daisuke Kataoka,66.7,2,3,-1.00
36,Nicholas Lindheim,66.7,2,3,-1.00
36,Keith Mitchell,66.7,2,3,-1.00
36,Ryan Palmer,66.7,4,6,E
36,Conrad Shindler,66.7,2,3,E
36,J.J. Spaun,66.7,2,3,E
36,Justin Thomas,66.7,4,6,E
46,Ryan Armour,60.0,3,5,E
47,Jonathan Byrd,57.1,4,7,-3.00
48,Keegan Bradley,50.0,2,4,-1.00
48,Roberto Díaz,50.0,2,4,E
48,Lanto Griffin,50.0,3,6,E
48,Emiliano Grillo,50.0,1,2,E
48,Patton Kizzire,50.0,1,2,E
48,Russell Knox,50.0,3,6,-1.00
48,William McGirt,50.0,3,6,E
48,John Oda,50.0,2,4,E
48,Sam Saunders,50.0,4,8,-1.00
48,Kevin Tway,50.0,1,2,E
58,Corey Conners,42.9,3,7,-3.00
58,Chez Reavie,42.9,3,7,E
58,Rory Sabbatini,42.9,3,7,-1.00
58,Adam Schenk,42.9,3,7,-3.00
62,Austin Cook,40.0,2,5,-1.00
62,Jason Dufner,40.0,2,5,-1.00
62,Brandon Harkins,40.0,2,5,-1.00
62,Kyle Stanley,40.0,2,5,E
66,Stewart Cink,37.5,3,8,E
67,Ryan Blaum,33.3,1,3,E
67,Jerry Kelly,33.3,1,3,-1.00
67,Kevin Kisner,33.3,1,3,-1.00
67,Scott Piercy,33.3,1,3,-1.00
67,Tyrone Van Aswegen,33.3,1,3,-1.00
72,Colt Knost,25.0,1,4,E
73,Daniel Berger,.0,0,2,E
73,Harris English,.0,0,6,E
73,Cameron Smith,.0,0,1,E
73,Vaughn Taylor,.0,0,1,E
