rank,player,%,Greens Hit,Total Holes,Relative to par
1,Brian Harman,91.67,11,12,-0.09
2,Austin Cook,90.00,9,10,-0.33
3,Ben Martin,87.50,14,16,-0.50
4,Si Woo Kim,86.67,13,15,-0.15
5,J.J. Spaun,81.82,9,11,-0.11
6,Jerry Kelly,80.00,12,15,-0.08
7,James Hahn,78.57,11,14,-0.27
8,William McGirt,77.78,14,18,-0.07
8,Adam Schenk,77.78,14,18,-0.29
10,Daniel Berger,76.92,10,13,-0.40
10,Tom Hoge,76.92,10,13,-0.10
12,Keith Mitchell,76.47,13,17,-0.08
12,Xinjun Zhang,76.47,13,17,-0.08
14,Stephan Jaeger,72.73,8,11,E
15,Andrew Putnam,70.59,12,17,-0.17
15,Rory Sabbatini,70.59,12,17,E
17,Nicholas Lindheim,70.00,14,20,-0.21
18,Ryan Blaum,69.23,9,13,-0.33
18,Keegan Bradley,69.23,9,13,-0.44
18,Russell Knox,69.23,9,13,-0.11
21,Lanto Griffin,68.75,11,16,-0.09
21,Justin Thomas,68.75,11,16,-0.18
23,Stewart Cink,68.42,13,19,-0.08
24,Ollie Schniederjans,66.67,12,18,-0.17
24,Conrad Shindler,66.67,10,15,-0.10
24,Cameron Smith,66.67,8,12,-0.25
24,Jordan Spieth,66.67,8,12,E
28,Jonathan Byrd,64.71,11,17,-0.45
29,Scott Brown,64.29,9,14,-0.44
29,Jason Kokrak,64.29,9,14,-0.11
29,Ryan Palmer,64.29,9,14,-0.22
29,Webb Simpson,64.29,9,14,-0.11
33,Charles Howell III,63.64,7,11,-0.14
34,Zach Johnson,62.50,10,16,-0.30
34,Sam Ryder,62.50,10,16,E
36,Roberto Díaz,60.00,9,15,-0.33
36,Colt Knost,60.00,9,15,-0.11
36,Jonathan Randolph,60.00,6,10,E
39,John Peterson,58.82,10,17,-0.20
40,Brian Gay,58.33,7,12,-0.14
40,Sam Saunders,58.33,7,12,-0.29
40,Hudson Swafford,58.33,7,12,-0.14
40,Gary Woodland,58.33,7,12,-0.29
44,Chris Kirk,57.14,8,14,-0.13
45,Corey Conners,54.55,6,11,-0.17
46,Jason Dufner,53.85,7,13,-0.29
46,Matt Every,53.85,7,13,E
46,Tony Finau,53.85,7,13,-0.71
46,Shugo Imahira,53.85,7,13,+0.14
46,Brian Stuard,53.85,7,13,E
51,Ryan Armour,53.33,8,15,-0.25
51,Dominic Bozzelli,53.33,8,15,-0.25
51,Patton Kizzire,53.33,8,15,-0.38
51,Scott Piercy,53.33,8,15,E
55,Wesley Bryan,50.00,12,24,-0.17
55,Daisuke Kataoka,50.00,8,16,-0.50
55,Kevin Kisner,50.00,7,14,-0.14
55,Xander Schauffele,50.00,5,10,-0.20
55,Vaughn Taylor,50.00,7,14,-0.14
60,Brandon Harkins,47.37,9,19,-0.11
61,Blayne Barber,47.06,8,17,E
61,Tyrone Van Aswegen,47.06,8,17,E
63,Nate Lashley,46.67,7,15,E
64,Harris English,46.15,6,13,-0.33
64,Chez Reavie,46.15,6,13,-0.17
64,Kevin Tway,46.15,6,13,E
67,Kyle Stanley,45.45,5,11,E
68,Emiliano Grillo,44.44,8,18,-0.13
69,Talor Gooch,43.75,7,16,-0.29
70,D.A. Points,41.67,5,12,E
71,Steve Allan,40.00,6,15,+0.33
71,Joel Dahmen,40.00,4,10,E
71,John Oda,40.00,6,15,E
74,Marc Leishman,37.50,6,16,-0.17
75,Matt Jones,33.33,4,12,E
76,Seamus Power,23.08,3,13,E
