rank,player,%,Greens Hit,# of holes
1,Jordan Spieth,84.00,21,25
2,Jason Kokrak,80.77,21,26
3,Tom Hoge,75.00,15,20
4,Ryan Armour,73.33,11,15
5,Kevin Tway,70.97,22,31
6,Dominic Bozzelli,69.57,16,23
7,Webb Simpson,69.23,18,26
8,Si Woo Kim,68.18,15,22
8,Sam Ryder,68.18,15,22
8,Xander Schauffele,68.18,15,22
11,Brian Harman,66.67,12,18
12,Joel Dahmen,65.38,17,26
12,Tony Finau,65.38,17,26
12,Russell Knox,65.38,17,26
15,Ryan Blaum,65.22,15,23
16,Rory Sabbatini,64.00,16,25
16,Gary Woodland,64.00,16,25
18,Scott Piercy,63.64,14,22
19,Marc Leishman,62.50,20,32
20,Stewart Cink,62.07,18,29
20,Ryan Palmer,62.07,18,29
22,James Hahn,61.90,13,21
22,Shugo Imahira,61.90,13,21
24,Keegan Bradley,61.54,16,26
24,Nicholas Lindheim,61.54,16,26
26,Keith Mitchell,61.29,19,31
27,Daniel Berger,60.00,15,25
27,Seamus Power,60.00,21,35
27,Sam Saunders,60.00,15,25
30,J.J. Spaun,59.09,13,22
31,Lanto Griffin,58.82,20,34
32,Blayne Barber,58.33,14,24
32,Zach Johnson,58.33,14,24
32,Justin Thomas,58.33,14,24
35,Steve Allan,58.06,18,31
36,Hudson Swafford,57.89,11,19
37,Scott Brown,57.14,16,28
37,John Peterson,57.14,16,28
37,Brian Stuard,57.14,4,7
40,Matt Every,56.52,13,23
41,Ollie Schniederjans,56.00,14,25
42,Talor Gooch,55.56,15,27
42,Andrew Putnam,55.56,15,27
42,Xinjun Zhang,55.56,15,27
45,Stephan Jaeger,55.17,16,29
46,Kevin Kisner,55.00,11,20
46,Kyle Stanley,55.00,11,20
48,Brandon Harkins,54.55,18,33
48,Nate Lashley,54.55,12,22
50,Jonathan Byrd,53.85,14,26
50,Ben Martin,53.85,14,26
52,William McGirt,53.33,16,30
53,Charles Howell III,52.17,12,23
54,Patton Kizzire,51.85,14,27
55,Austin Cook,50.00,9,18
55,Matt Jones,50.00,12,24
55,Jonathan Randolph,50.00,11,22
55,Chez Reavie,50.00,9,18
55,Vaughn Taylor,50.00,10,20
55,Tyrone Van Aswegen,50.00,15,30
61,Adam Schenk,48.15,13,27
62,D.A. Points,47.83,11,23
63,Jason Dufner,47.62,10,21
64,Colt Knost,46.67,7,15
65,Conrad Shindler,46.43,13,28
66,Jerry Kelly,44.44,8,18
67,Cameron Smith,44.00,11,25
68,Corey Conners,42.86,12,28
68,Brian Gay,42.86,9,21
70,Wesley Bryan,41.67,10,24
71,Roberto Díaz,40.91,9,22
71,Daisuke Kataoka,40.91,9,22
73,Chris Kirk,40.00,8,20
73,John Oda,40.00,8,20
75,Emiliano Grillo,38.89,7,18
76,Harris English,25.00,6,24
