rank,player,%,Greens Hit,Total Holes,Relative to par
1,Jordan Spieth,81.03,47,58,-0.21
2,Tom Hoge,80.33,49,61,-0.24
3,Ryan Blaum,78.33,47,60,-0.17
3,Chez Reavie,78.33,47,60,-0.21
5,Sam Ryder,75.86,44,58,-0.20
6,Zach Johnson,75.81,47,62,-0.30
7,Keegan Bradley,75.00,45,60,-0.16
7,James Hahn,75.00,45,60,-0.33
7,John Peterson,75.00,45,60,-0.31
10,Russell Knox,74.58,44,59,-0.20
11,Andrew Putnam,74.14,43,58,-0.12
12,Ryan Palmer,73.68,42,57,-0.14
12,J.J. Spaun,73.68,42,57,-0.17
12,Hudson Swafford,73.68,42,57,-0.17
15,Tony Finau,73.21,41,56,-0.27
16,Jonathan Byrd,72.88,43,59,-0.21
16,Kevin Kisner,72.88,43,59,-0.28
18,Nicholas Lindheim,72.58,45,62,-0.20
19,Austin Cook,72.13,44,61,-0.20
20,Brian Harman,71.93,41,57,-0.22
21,Brian Stuard,71.43,45,63,-0.36
22,Sam Saunders,70.91,39,55,-0.33
23,Scott Piercy,70.69,41,58,-0.22
24,Ryan Armour,70.49,43,61,-0.23
25,Patton Kizzire,70.18,40,57,-0.38
26,Brandon Harkins,70.00,42,60,-0.17
26,Jerry Kelly,70.00,42,60,-0.12
26,Ben Martin,70.00,42,60,-0.31
26,Rory Sabbatini,70.00,42,60,-0.05
30,Keith Mitchell,69.64,39,56,-0.10
31,Charles Howell III,69.49,41,59,-0.12
31,Kyle Stanley,69.49,41,59,-0.22
33,Adam Schenk,68.97,40,58,-0.15
33,Cameron Smith,68.97,40,58,-0.28
35,Stewart Cink,68.85,42,61,-0.19
36,Daniel Berger,68.33,41,60,-0.24
36,Jason Dufner,68.33,41,60,-0.32
36,Nate Lashley,68.33,41,60,-0.22
36,Webb Simpson,68.33,41,60,-0.29
40,Blayne Barber,68.25,43,63,-0.21
41,Gary Woodland,67.92,36,53,-0.19
42,William McGirt,67.80,40,59,-0.13
43,Matt Jones,67.24,39,58,-0.21
43,Si Woo Kim,67.24,39,58,-0.15
45,Shugo Imahira,67.21,41,61,-0.24
45,Chris Kirk,67.21,41,61,-0.22
47,Xinjun Zhang,66.67,40,60,-0.15
48,Joel Dahmen,66.10,39,59,-0.15
49,Dominic Bozzelli,65.57,40,61,-0.28
50,Kevin Tway,65.38,34,52,-0.12
51,Colt Knost,65.00,39,60,-0.10
52,Scott Brown,64.91,37,57,-0.14
52,Justin Thomas,64.91,37,57,-0.16
54,Ollie Schniederjans,64.29,36,56,-0.33
55,Xander Schauffele,63.79,37,58,-0.27
56,Roberto Díaz,63.33,38,60,-0.26
57,Matt Every,62.50,35,56,-0.20
57,Jason Kokrak,62.50,35,56,-0.17
59,Wesley Bryan,62.30,38,61,-0.26
60,Stephan Jaeger,62.07,36,58,-0.08
60,Jonathan Randolph,62.07,36,58,-0.11
62,Emiliano Grillo,61.67,37,60,-0.22
62,Conrad Shindler,61.67,37,60,-0.19
64,Corey Conners,61.02,36,59,-0.19
65,Marc Leishman,60.71,34,56,-0.21
66,Lanto Griffin,60.66,37,61,-0.22
67,Tyrone Van Aswegen,60.32,38,63,-0.11
68,Daisuke Kataoka,60.00,36,60,-0.31
69,D.A. Points,59.65,34,57,-0.24
70,Seamus Power,58.93,33,56,-0.18
71,Steve Allan,58.33,35,60,-0.14
72,Harris English,57.63,34,59,-0.32
73,Talor Gooch,57.38,35,61,-0.43
74,Vaughn Taylor,55.17,32,58,-0.28
75,Brian Gay,55.00,33,60,-0.21
76,John Oda,47.46,28,59,-0.18
