rank,player,%,Total Hit,Total Attempts,RTP Score
1,Tom Hoge,93.06,67,72,-24.00
2,Jordan Spieth,91.67,66,72,-24.00
3,J.J. Spaun,90.28,65,72,-24.00
4,Ryan Blaum,87.50,63,72,-21.00
4,Russell Knox,87.50,63,72,-22.00
4,Ryan Palmer,87.50,63,72,-18.00
7,James Hahn,86.11,62,72,-23.00
8,Ryan Armour,84.72,61,72,-19.00
8,Keegan Bradley,84.72,61,72,-18.00
8,Stewart Cink,84.72,61,72,-22.00
8,Stephan Jaeger,84.72,61,72,-21.00
8,Jerry Kelly,84.72,61,72,-20.00
8,Scott Piercy,84.72,61,72,-21.00
8,Chez Reavie,84.72,61,72,-20.00
8,Sam Ryder,84.72,61,72,-14.00
8,Xander Schauffele,84.72,61,72,-20.00
17,Jonathan Byrd,83.33,60,72,-20.00
17,Si Woo Kim,83.33,60,72,-16.00
17,William McGirt,83.33,60,72,-11.00
17,Kevin Tway,83.33,60,72,-17.00
21,Jason Dufner,81.94,59,72,-24.00
21,Brian Harman,81.94,59,72,-23.00
21,Chris Kirk,81.94,59,72,-22.00
21,Patton Kizzire,81.94,59,72,-26.00
21,John Peterson,81.94,59,72,-24.00
21,Ollie Schniederjans,81.94,59,72,-27.00
21,Gary Woodland,81.94,59,72,-24.00
28,Austin Cook,80.56,58,72,-19.00
28,Tony Finau,80.56,58,72,-20.00
28,Charles Howell III,80.56,58,72,-18.00
28,Kevin Kisner,80.56,58,72,-20.00
28,Colt Knost,80.56,58,72,-15.00
28,Ben Martin,80.56,58,72,-24.00
28,Keith Mitchell,80.56,58,72,-19.00
28,Rory Sabbatini,80.56,58,72,-15.00
28,Webb Simpson,80.56,58,72,-26.00
28,Brian Stuard,80.56,58,72,-23.00
28,Hudson Swafford,80.56,58,72,-22.00
28,Justin Thomas,80.56,58,72,-19.00
40,Daniel Berger,79.17,57,72,-21.00
40,Dominic Bozzelli,79.17,57,72,-18.00
40,Zach Johnson,79.17,57,72,-22.00
40,Nate Lashley,79.17,57,72,-21.00
40,Marc Leishman,79.17,57,72,-16.00
40,Sam Saunders,79.17,57,72,-26.00
40,Adam Schenk,79.17,57,72,-16.00
40,Xinjun Zhang,79.17,57,72,-18.00
48,Scott Brown,77.78,56,72,-15.00
48,Brian Gay,77.78,56,72,-20.00
48,Shugo Imahira,77.78,56,72,-16.00
48,Matt Jones,77.78,56,72,-19.00
48,Nicholas Lindheim,77.78,56,72,-18.00
48,Andrew Putnam,77.78,56,72,-13.00
48,Cameron Smith,77.78,56,72,-21.00
48,Kyle Stanley,77.78,56,72,-21.00
56,Blayne Barber,76.39,55,72,-17.00
56,Corey Conners,76.39,55,72,-15.00
56,Emiliano Grillo,76.39,55,72,-19.00
59,Joel Dahmen,75.00,54,72,-15.00
59,Matt Every,75.00,54,72,-18.00
61,Brandon Harkins,73.61,53,72,-15.00
61,Jason Kokrak,73.61,53,72,-14.00
63,Wesley Bryan,72.22,52,72,-18.00
63,Harris English,72.22,52,72,-18.00
63,Jonathan Randolph,72.22,52,72,-14.00
63,Conrad Shindler,72.22,52,72,-17.00
67,Steve Allan,70.83,51,72,-16.00
67,Roberto Díaz,70.83,51,72,-16.00
67,Daisuke Kataoka,70.83,51,72,-22.00
67,Tyrone Van Aswegen,70.83,51,72,-14.00
71,Lanto Griffin,69.44,50,72,-14.00
71,D.A. Points,69.44,50,72,-18.00
71,Vaughn Taylor,69.44,50,72,-14.00
74,Talor Gooch,68.06,49,72,-21.00
74,Seamus Power,68.06,49,72,-15.00
76,John Oda,61.11,44,72,-15.00
