rank,player,%,Total Fairway Bunkers,Possible Fwys,Relative to par
1,Cameron Champ,.0,0,0,E
1,Jason Day,.0,0,0,E
1,Marc Leishman,.0,0,0,E
1,Rory McIlroy,.0,0,0,E
1,"Ted Potter, Jr.",.0,0,0,E
1,Jon Rahm,.0,0,0,E
1,Webb Simpson,.0,0,0,E
1,Bubba Watson,.0,0,0,E
1,Aaron Wise,.0,0,0,E
10,Bryson DeChambeau,1.7,1,4,E
10,Dustin Johnson,1.7,1,4,+1.000
10,Patton Kizzire,1.7,1,4,E
10,Satoshi Kodaira,1.7,1,4,+2.000
10,Brooks Koepka,1.7,1,4,+1.000
10,Matt Kuchar,1.7,1,4,+1.000
10,Andrew Landry,1.7,1,4,E
10,Francesco Molinari,1.7,1,4,+1.000
10,Scott Piercy,1.7,1,4,-1.000
10,Patrick Reed,1.7,1,4,E
10,Brandt Snedeker,1.7,1,4,E
10,Justin Thomas,1.7,1,4,+1.000
10,Kevin Tway,1.7,1,4,E
23,Paul Casey,3.3,2,8,E
23,Brice Garnett,3.3,2,8,-0.500
23,Billy Horschel,3.3,2,8,E
23,Charles Howell III,3.3,2,8,+0.500
23,Troy Merritt,3.3,2,8,E
23,Andrew Putnam,3.3,2,8,E
29,Keegan Bradley,3.4,2,8,+0.500
29,Michael Kim,3.4,2,8,E
29,Ian Poulter,3.4,2,8,E
29,Xander Schauffele,3.4,2,8,E
33,Gary Woodland,5.0,3,12,-0.333
