rank,player,%,Number of Times,Attempts,Avg RTP Score
1,Jason Day,18.2,2,11,+5.00
2,Brice Garnett,22.2,2,9,-5.00
2,Scott Piercy,22.2,2,9,E
4,Andrew Landry,30.0,3,10,+10.00
5,Charles Howell III,36.4,4,11,+2.50
6,Michael Kim,37.5,9,24,+1.11
7,Satoshi Kodaira,40.0,2,5,+10.00
7,Aaron Wise,40.0,4,10,+7.50
9,Cameron Champ,41.2,7,17,+2.86
9,Dustin Johnson,41.2,7,17,+4.29
11,Brooks Koepka,45.5,10,22,+3.00
11,Webb Simpson,45.5,5,11,E
13,Paul Casey,46.2,6,13,+1.67
13,Troy Merritt,46.2,6,13,+1.67
15,Andrew Putnam,47.1,8,17,+1.25
16,Matt Kuchar,50.0,5,10,E
16,"Ted Potter, Jr.",50.0,5,10,+2.00
16,Patrick Reed,50.0,7,14,E
16,Brandt Snedeker,50.0,5,10,+2.00
16,Kevin Tway,50.0,9,18,+2.22
21,Patton Kizzire,53.8,7,13,+1.43
21,Jon Rahm,53.8,7,13,-1.43
23,Justin Thomas,57.1,4,7,+5.00
24,Keegan Bradley,62.5,5,8,+6.00
24,Rory McIlroy,62.5,10,16,-1.00
26,Marc Leishman,63.6,7,11,-2.86
26,Francesco Molinari,63.6,7,11,+2.86
28,Bryson DeChambeau,64.3,9,14,-3.33
29,Billy Horschel,68.8,11,16,E
30,Bubba Watson,71.4,10,14,+5.00
31,Xander Schauffele,75.0,9,12,-1.11
32,Gary Woodland,77.8,7,9,-2.86
33,Ian Poulter,87.5,7,8,E
