rank,player,RTP Score
1,Rory McIlroy,-.364
2,Bryson DeChambeau,-.333
2,Xander Schauffele,-.333
4,Marc Leishman,-.286
5,Matt Kuchar,-.250
6,Troy Merritt,-.200
7,Ian Poulter,-.167
8,Dustin Johnson,-.143
8,Jon Rahm,-.143
10,Keegan Bradley,E
10,Cameron Champ,E
10,Jason Day,E
10,Billy Horschel,E
10,Charles Howell III,E
10,Michael Kim,E
10,Patton Kizzire,E
10,Satoshi Kodaira,E
10,Brooks Koepka,E
10,Francesco Molinari,E
10,Andrew Putnam,E
10,Patrick Reed,E
10,Webb Simpson,E
10,Justin Thomas,E
10,Kevin Tway,E
10,Gary Woodland,E
26,"Ted Potter, Jr.",+.167
27,Paul Casey,+.250
27,Brandt Snedeker,+.250
27,Aaron Wise,+.250
30,Andrew Landry,+.500
31,Bubba Watson,+.636
32,Scott Piercy,+1.000
