rank,player,%,# Hit,Total Attempts
1,Brice Garnett,96.67,58,60
1,Rory McIlroy,96.67,58,60
1,Troy Merritt,96.67,58,60
1,Ian Poulter,96.67,58,60
1,Jon Rahm,96.67,58,60
6,Paul Casey,95.00,57,60
6,Billy Horschel,95.00,57,60
6,Satoshi Kodaira,95.00,57,60
6,Francesco Molinari,95.00,57,60
6,Scott Piercy,95.00,57,60
6,"Ted Potter, Jr.",95.00,57,60
6,Xander Schauffele,95.00,57,60
6,Webb Simpson,95.00,57,60
6,Brandt Snedeker,95.00,57,60
6,Gary Woodland,95.00,57,60
16,Keegan Bradley,93.33,56,60
16,Jason Day,93.33,56,60
16,Patton Kizzire,93.33,56,60
16,Matt Kuchar,93.33,56,60
16,Marc Leishman,93.33,56,60
16,Justin Thomas,93.33,56,60
16,Aaron Wise,93.33,56,60
23,Charles Howell III,91.67,55,60
23,Patrick Reed,91.67,55,60
23,Bubba Watson,91.67,55,60
26,Bryson DeChambeau,90.00,54,60
26,Andrew Landry,90.00,54,60
26,Kevin Tway,90.00,54,60
29,Cameron Champ,88.33,53,60
29,Dustin Johnson,88.33,53,60
31,Brooks Koepka,86.67,52,60
32,Andrew Putnam,85.00,51,60
33,Michael Kim,66.67,40,60
