rank,player,RTP Score
1,Francesco Molinari,-.667
1,Xander Schauffele,-.667
3,Marc Leishman,-.500
4,Matt Kuchar,-.333
5,Brice Garnett,-.286
5,Webb Simpson,-.286
7,Brooks Koepka,-.273
8,Jon Rahm,-.250
8,Brandt Snedeker,-.250
8,Kevin Tway,-.250
11,Cameron Champ,-.182
12,Paul Casey,-.167
12,Scott Piercy,-.167
12,Patrick Reed,-.167
15,Aaron Wise,-.143
16,Rory McIlroy,-.125
16,Andrew Putnam,-.125
18,Jason Day,E
18,Bryson DeChambeau,E
18,Billy Horschel,E
18,Charles Howell III,E
18,Dustin Johnson,E
18,Patton Kizzire,E
18,Andrew Landry,E
18,Troy Merritt,E
18,Justin Thomas,E
18,Gary Woodland,E
28,Michael Kim,+.100
29,"Ted Potter, Jr.",+.200
29,Bubba Watson,+.200
31,Keegan Bradley,+.333
32,Satoshi Kodaira,+.500
33,Ian Poulter,+.667
