rank,player,%,Total Right rough,Possible Fwys,Relative to par
1,Satoshi Kodaira,3.33,2,60,+0.50
1,Marc Leishman,3.33,2,60,-0.50
1,Gary Woodland,3.33,2,60,E
4,Justin Thomas,3.39,2,59,E
5,Matt Kuchar,5.00,3,60,-0.33
5,Francesco Molinari,5.00,3,60,-0.67
7,Keegan Bradley,5.08,3,59,+0.33
7,Bryson DeChambeau,5.08,3,59,E
7,Ian Poulter,5.08,3,59,+0.67
7,Xander Schauffele,5.08,3,59,-0.67
11,Billy Horschel,6.67,4,60,E
11,Jon Rahm,6.67,4,60,-0.25
11,Brandt Snedeker,6.67,4,60,-0.25
14,Troy Merritt,8.33,5,60,E
14,Bubba Watson,8.33,5,60,+0.20
16,"Ted Potter, Jr.",8.47,5,59,+0.20
17,Paul Casey,10.00,6,60,-0.17
17,Charles Howell III,10.00,6,60,E
17,Scott Piercy,10.00,6,60,-0.17
17,Patrick Reed,10.00,6,60,-0.17
21,Patton Kizzire,10.34,6,58,E
22,Brice Garnett,11.67,7,60,-0.29
22,Andrew Landry,11.67,7,60,E
22,Aaron Wise,11.67,7,60,-0.14
25,Jason Day,11.86,7,59,E
25,Webb Simpson,11.86,7,59,-0.29
27,Andrew Putnam,13.33,8,60,-0.13
28,Rory McIlroy,13.56,8,59,-0.13
28,Kevin Tway,13.56,8,59,-0.25
30,Dustin Johnson,15.00,9,60,E
31,Michael Kim,17.24,10,58,+0.10
32,Cameron Champ,18.33,11,60,-0.18
32,Brooks Koepka,18.33,11,60,-0.27
