rank,player,%,Fairways Hit,Possible Fairways
1,Satoshi Kodaira,91.67,55,60
2,Justin Thomas,86.67,52,60
3,Brice Garnett,85.00,51,60
3,Scott Piercy,85.00,51,60
3,Gary Woodland,85.00,51,60
6,Keegan Bradley,83.33,50,60
6,Matt Kuchar,83.33,50,60
8,Andrew Landry,81.67,49,60
8,Marc Leishman,81.67,49,60
8,Brandt Snedeker,81.67,49,60
11,Jason Day,80.00,48,60
11,Charles Howell III,80.00,48,60
11,Francesco Molinari,80.00,48,60
11,Ian Poulter,80.00,48,60
15,Paul Casey,78.33,47,60
15,"Ted Potter, Jr.",78.33,47,60
15,Xander Schauffele,78.33,47,60
15,Webb Simpson,78.33,47,60
19,Jon Rahm,76.67,46,60
19,Aaron Wise,76.67,46,60
21,Bryson DeChambeau,75.00,45,60
21,Patton Kizzire,75.00,45,60
21,Troy Merritt,75.00,45,60
21,Patrick Reed,75.00,45,60
25,Billy Horschel,73.33,44,60
25,Bubba Watson,73.33,44,60
27,Andrew Putnam,70.00,42,60
28,Kevin Tway,68.33,41,60
29,Dustin Johnson,66.67,40,60
30,Rory McIlroy,65.00,39,60
31,Cameron Champ,63.33,38,60
32,Brooks Koepka,60.00,36,60
33,Michael Kim,56.67,34,60
