rank,player,%,Total Missed,Total Fwys,Relative to par
1,Brice Garnett,.00,0,60,E
1,Ian Poulter,.00,0,59,E
1,Webb Simpson,.00,0,59,E
1,Bubba Watson,.00,0,60,E
1,Gary Woodland,.00,0,60,E
6,Paul Casey,1.67,1,60,+2.00
6,Billy Horschel,1.67,1,60,E
6,Charles Howell III,1.67,1,60,E
6,Satoshi Kodaira,1.67,1,60,E
6,Andrew Landry,1.67,1,60,+3.00
6,Scott Piercy,1.67,1,60,+1.00
12,Bryson DeChambeau,1.69,1,59,+1.00
12,Rory McIlroy,1.69,1,59,+1.00
12,"Ted Potter, Jr.",1.69,1,59,-1.00
12,Xander Schauffele,1.69,1,59,+1.00
16,Patton Kizzire,1.72,1,58,+1.00
17,Matt Kuchar,3.33,2,60,+1.50
17,Marc Leishman,3.33,2,60,+2.50
17,Francesco Molinari,3.33,2,60,+1.00
17,Patrick Reed,3.33,2,60,+1.00
17,Brandt Snedeker,3.33,2,60,E
22,Keegan Bradley,3.39,2,59,+0.50
22,Justin Thomas,3.39,2,59,+1.00
24,Dustin Johnson,5.00,3,60,+0.67
24,Troy Merritt,5.00,3,60,+0.67
24,Andrew Putnam,5.00,3,60,+0.67
24,Jon Rahm,5.00,3,60,+0.33
24,Aaron Wise,5.00,3,60,+1.00
29,Jason Day,5.08,3,59,+1.00
29,Kevin Tway,5.08,3,59,+0.67
31,Cameron Champ,8.33,5,60,+0.40
31,Brooks Koepka,8.33,5,60,+1.20
33,Michael Kim,10.34,6,58,+0.67
