rank,player,%,Fairways Hit,Possible Fairways,Relative to Par
1,Satoshi Kodaira,91.67,55,60,-0.04
2,Justin Thomas,88.14,52,59,-0.42
3,Brice Garnett,85.00,51,60,-0.06
3,Scott Piercy,85.00,51,60,-0.22
5,Keegan Bradley,84.75,50,59,-0.14
6,Matt Kuchar,83.33,50,60,-0.20
6,Gary Woodland,83.33,50,60,-0.40
8,Andrew Landry,81.67,49,60,-0.16
8,Marc Leishman,81.67,49,60,-0.35
8,Brandt Snedeker,81.67,49,60,-0.08
11,Jason Day,81.36,48,59,-0.42
11,Ian Poulter,81.36,48,59,-0.21
13,Charles Howell III,80.00,48,60,-0.25
13,Francesco Molinari,80.00,48,60,-0.06
15,"Ted Potter, Jr.",79.66,47,59,-0.13
15,Xander Schauffele,79.66,47,59,-0.40
15,Webb Simpson,79.66,47,59,-0.28
18,Paul Casey,78.33,47,60,-0.21
19,Patton Kizzire,77.59,45,58,-0.18
20,Jon Rahm,76.67,46,60,-0.30
20,Aaron Wise,76.67,46,60,-0.15
22,Bryson DeChambeau,76.27,45,59,-0.27
23,Troy Merritt,75.00,45,60,-0.20
23,Patrick Reed,75.00,45,60,-0.07
25,Billy Horschel,73.33,44,60,-0.09
25,Bubba Watson,73.33,44,60,-0.23
27,Andrew Putnam,70.00,42,60,-0.24
28,Kevin Tway,69.49,41,59,-0.29
29,Dustin Johnson,66.67,40,60,-0.40
30,Rory McIlroy,66.10,39,59,-0.31
31,Cameron Champ,63.33,38,60,-0.32
32,Brooks Koepka,60.00,36,60,-0.31
33,Michael Kim,58.62,34,58,-0.21
