rank,player,Avg,Total Distance (Feet),Total Strokes
1,Webb Simpson,"10' 9""",118.333,11
2,Scott Piercy,"12' 1""",96.333,8
3,Billy Horschel,"14' 2""",226.250,16
4,Andrew Putnam,"15' 5""",246.750,16
5,Satoshi Kodaira,"15' 8""",78.167,5
6,Brandt Snedeker,"16' 4""",146.750,9
7,Paul Casey,"16' 6""",198.333,12
8,Aaron Wise,"16' 11""",135.000,8
9,Matt Kuchar,"18' 0""",143.750,8
10,Patrick Reed,"18' 1""",235.500,13
11,Andrew Landry,"18' 2""",163.583,9
12,Marc Leishman,"18' 3""",182.833,10
13,Jon Rahm,"18' 4""",219.667,12
14,Bryson DeChambeau,"18' 6""",277.083,15
15,Xander Schauffele,"19' 11""",239.333,12
16,Francesco Molinari,"20' 3""",182.083,9
17,Gary Woodland,"21' 8""",195.333,9
18,Cameron Champ,"21' 9""",326.083,15
19,Michael Kim,"22' 1""",441.833,20
19,Brooks Koepka,"22' 1""",419.917,19
21,"Ted Potter, Jr.","22' 9""",227.250,10
22,Dustin Johnson,"23' 0""",368.583,16
23,Bubba Watson,"24' 1""",337.000,14
24,Ian Poulter,"24' 10""",223.500,9
25,Keegan Bradley,"25' 4""",177.083,7
26,Justin Thomas,"26' 0""",155.917,6
27,Troy Merritt,"26' 3""",341.250,13
28,Charles Howell III,"26' 5""",290.333,11
29,Brice Garnett,"27' 2""",244.333,9
30,Kevin Tway,"27' 7""",496.833,18
31,Rory McIlroy,"29' 1""",465.833,16
32,Patton Kizzire,"33' 10""",473.667,14
33,Jason Day,"33' 11""",305.333,9
