rank,player,%,Number of Times,Attempts,Avg RTP Score
1,Ian Poulter,12.5,1,8,+10.00
2,Gary Woodland,22.2,2,9,E
3,Xander Schauffele,25.0,3,12,-6.67
4,Bubba Watson,28.6,4,14,+2.50
5,Billy Horschel,31.3,5,16,E
6,Bryson DeChambeau,35.7,5,14,+2.00
7,Marc Leishman,36.4,4,11,+10.00
7,Francesco Molinari,36.4,4,11,-2.50
9,Keegan Bradley,37.5,3,8,+3.33
9,Rory McIlroy,37.5,6,16,E
11,Justin Thomas,42.9,3,7,+3.33
12,Patton Kizzire,46.2,6,13,E
12,Jon Rahm,46.2,6,13,+1.67
14,Matt Kuchar,50.0,5,10,+4.00
14,"Ted Potter, Jr.",50.0,5,10,+2.00
14,Patrick Reed,50.0,7,14,E
14,Brandt Snedeker,50.0,5,10,-2.00
14,Kevin Tway,50.0,9,18,-2.22
19,Andrew Putnam,52.9,9,17,E
20,Paul Casey,53.8,7,13,+1.43
20,Troy Merritt,53.8,7,13,E
22,Brooks Koepka,54.5,12,22,-0.83
22,Webb Simpson,54.5,6,11,-3.33
24,Cameron Champ,58.8,10,17,-1.00
24,Dustin Johnson,58.8,10,17,+1.00
26,Satoshi Kodaira,60.0,3,5,+3.33
26,Aaron Wise,60.0,6,10,+3.33
28,Michael Kim,62.5,15,24,+2.67
29,Charles Howell III,63.6,7,11,E
30,Andrew Landry,70.0,7,10,E
31,Brice Garnett,77.8,7,9,-2.86
31,Scott Piercy,77.8,7,9,E
33,Jason Day,81.8,9,11,+2.22
