rank,player,%,Total Rough,Possible Fwys,Relative to par
1,Satoshi Kodaira,5.00,3,60,+3.33
2,Justin Thomas,6.78,4,59,E
3,Keegan Bradley,8.47,5,59,+2.00
4,Brice Garnett,11.67,7,60,-2.86
4,Matt Kuchar,11.67,7,60,-2.86
4,Scott Piercy,11.67,7,60,E
4,Gary Woodland,11.67,7,60,E
8,Brandt Snedeker,13.33,8,60,E
9,Jason Day,13.56,8,59,E
10,Charles Howell III,15.00,9,60,E
10,Andrew Landry,15.00,9,60,+1.11
10,Marc Leishman,15.00,9,60,-3.33
10,Francesco Molinari,15.00,9,60,-2.22
14,Ian Poulter,15.25,9,59,+1.11
14,Xander Schauffele,15.25,9,59,-4.44
16,Paul Casey,16.67,10,60,E
16,Troy Merritt,16.67,10,60,-1.00
18,Jon Rahm,18.33,11,60,-1.82
18,Aaron Wise,18.33,11,60,E
20,"Ted Potter, Jr.",18.64,11,59,+1.82
21,Patton Kizzire,18.97,11,58,E
22,Patrick Reed,20.00,12,60,-0.83
23,Bryson DeChambeau,20.34,12,59,-2.50
23,Webb Simpson,20.34,12,59,-1.67
25,Billy Horschel,21.67,13,60,E
25,Andrew Putnam,21.67,13,60,-0.77
27,Kevin Tway,23.73,14,59,-1.43
28,Dustin Johnson,26.67,16,60,-0.63
28,Bubba Watson,26.67,16,60,+5.00
30,Michael Kim,27.59,16,58,+0.63
31,Cameron Champ,28.33,17,60,-1.18
32,Brooks Koepka,30.00,18,60,-1.67
33,Rory McIlroy,32.20,19,59,-2.63
