rank,player,Distance,Tournament,Round- Course,Hole
1,Gavin Coles,194,Sony Open,1,5 - Par 4 -
2,Troy Matteson,152,Sony Open,2,3 - Par 4 -
3,Jimmy Walker,51,Sony Open,2,3 - Par 4 -
4,Miguel Angel Carballo,41,Sony Open,2,16 - Par 4
5,Michael Thompson,28,Sony Open,1,1 - Par 4 -
6,Koumei Oda,23,Sony Open,2,13 - Par 4
8,Johnson Wagner,21,Sony Open,2,18 - Par 5
9,Jeff Overton,21,Sony Open,3,4 - Par 3 -
10,Arjun Atwal,20,Sony Open,2,10 - Par 4
11,Jason Dufner,18,Sony Open,2,7 - Par 3 -
12,John Mallinger,18,Sony Open,1,13 - Par 4
13,Charles Howell III,18,Sony Open,2,12 - Par 4
14,Ryan Palmer,17,Sony Open,2,1 - Par 4 -
15,Corey Pavin,17,Sony Open,3,17 - Par 3
16,Tommy Biershenk,16,Sony Open,2,18 - Par 5
18,Joe Ogilvie,14,Sony Open,2,3 - Par 4 -
19,Chris Stroud,14,Sony Open,1,16 - Par 4
20,Bobby Gates,14,Sony Open,1,18 - Par 5
21,"Ted Potter, Jr.",14,Sony Open,2,1 - Par 4 -
22,Will Claxton,13,Sony Open,4,7 - Par 3 -
24,Stephen Gangluff,12,Sony Open,2,3 - Par 4 -
25,Kris Blanks,12,Sony Open,2,17 - Par 3
26,Kevin Kisner,11,Sony Open,2,7 - Par 3 -
27,Brian Gay,11,Sony Open,1,15 - Par 4
28,Webb Simpson,11,Sony Open,4,17 - Par 3
29,Steve Wheatcroft,10,Sony Open,1,14 - Par 4
32,Brendon de Jonge,10,Sony Open,3,13 - Par 4
33,Doug LaBelle II,9,Sony Open,2,2 - Par 4 -
34,Jarrod Lyle,9,Sony Open,1,11 - Par 3
35,Rory Sabbatini,8,Sony Open,3,4 - Par 3 -
36,S.Y. Noh,8,Sony Open,1,8 - Par 4 -
38,Justin Leonard,8,Sony Open,3,9 - Par 5 -
40,David Mathis,7,Sony Open,1,16 - Par 4
41,Sangmoon Bae,7,Sony Open,4,10 - Par 4
42,K.J. Choi,7,Sony Open,1,7 - Par 3 -
43,Matt Every,6,Sony Open,3,6 - Par 4 -
44,Kevin Chappell,6,Sony Open,2,15 - Par 4
45,David Hearn,6,Sony Open,3,6 - Par 4 -
46,Tom Pernice Jr.,6,Sony Open,1,15 - Par 4
47,Stewart Cink,6,Sony Open,1,6 - Par 4 -
48,Erik Compton,5,Sony Open,1,7 - Par 3 -
49,Robert Allenby,5,Sony Open,1,12 - Par 4
