rank,player,Hole outs
1,Chris Stroud,3
2,Tommy Biershenk,2
2,Charles Howell III,2
2,Joe Ogilvie,2
2,Corey Pavin,2
6,Sangmoon Bae,1
6,Kris Blanks,1
6,Kevin Chappell,1
6,K.J. Choi,1
6,Stewart Cink,1
6,Will Claxton,1
6,Gavin Coles,1
6,Erik Compton,1
6,Brendon de Jonge,1
6,Matt Every,1
6,Bobby Gates,1
6,Brian Gay,1
6,David Hearn,1
6,Doug LaBelle II,1
6,Justin Leonard,1
6,Jarrod Lyle,1
6,S.Y. Noh,1
6,Koumei Oda,1
6,Jeff Overton,1
6,Tom Pernice Jr.,1
6,"Ted Potter, Jr.",1
6,Rory Sabbatini,1
6,Webb Simpson,1
6,Michael Thompson,1
6,Johnson Wagner,1
