rank,player,Avg RTP
1,Tony Finau,-.556
2,Keegan Bradley,-.500
3,Ben Martin,-.455
4,Austin Cook,-.444
5,Daniel Berger,-.417
5,Jonathan Byrd,-.417
7,Daisuke Kataoka,-.385
8,Cameron Smith,-.333
9,Patton Kizzire,-.300
10,Stewart Cink,-.286
10,Rory Sabbatini,-.286
12,Brian Harman,-.273
12,Scott Piercy,-.273
14,Roberto Díaz,-.231
14,James Hahn,-.231
14,Zach Johnson,-.231
17,Corey Conners,-.222
17,Jonathan Randolph,-.222
19,Ryan Armour,-.214
19,Adam Schenk,-.214
21,Ryan Blaum,-.200
21,Jason Dufner,-.200
21,Russell Knox,-.200
24,Harris English,-.182
24,Xinjun Zhang,-.182
26,Tom Hoge,-.167
26,Jason Kokrak,-.167
26,Chez Reavie,-.167
29,Scott Brown,-.154
29,Brian Gay,-.154
29,Jerry Kelly,-.154
29,Si Woo Kim,-.154
29,Conrad Shindler,-.154
34,Colt Knost,-.133
35,Gary Woodland,-.125
36,Brandon Harkins,-.111
36,Stephan Jaeger,-.111
38,Nate Lashley,-.100
38,Marc Leishman,-.100
38,J.J. Spaun,-.100
41,Chris Kirk,-.091
41,Keith Mitchell,-.091
43,Justin Thomas,-.083
44,Nicholas Lindheim,-.071
45,Emiliano Grillo,-.067
46,Wesley Bryan,-.063
47,Dominic Bozzelli,E
47,Talor Gooch,E
47,Charles Howell III,E
47,Matt Jones,E
47,William McGirt,E
47,D.A. Points,E
47,Andrew Putnam,E
47,Sam Saunders,E
47,Ollie Schniederjans,E
47,Webb Simpson,E
47,Kyle Stanley,E
47,Hudson Swafford,E
47,Vaughn Taylor,E
47,Tyrone Van Aswegen,E
61,Ryan Palmer,+.083
62,Lanto Griffin,+.111
62,Xander Schauffele,+.111
64,Jordan Spieth,+.125
64,Kevin Tway,+.125
66,Matt Every,+.154
67,John Oda,+.182
68,Kevin Kisner,+.200
69,Shugo Imahira,+.214
70,Seamus Power,+.222
71,Steve Allan,+.250
71,Brian Stuard,+.250
73,Blayne Barber,+.267
74,Joel Dahmen,+.333
75,John Peterson,+.375
76,Sam Ryder,+.429
