rank,player,Avg RTP
1,Rory Sabbatini,-.500
2,Matt Jones,-.375
3,Stewart Cink,-.286
4,Gary Woodland,-.250
5,Daniel Berger,-.200
5,Dominic Bozzelli,-.200
5,Wesley Bryan,-.200
5,Conrad Shindler,-.200
9,Tom Hoge,-.167
10,Jason Dufner,-.143
10,Brian Harman,-.143
10,Hudson Swafford,-.143
13,Chris Kirk,-.125
14,Justin Thomas,-.111
15,J.J. Spaun,-.100
16,Patton Kizzire,-.091
16,Keith Mitchell,-.091
18,Ryan Blaum,-.077
19,Tyrone Van Aswegen,-.071
20,Jonathan Byrd,E
20,Roberto Díaz,E
20,Tony Finau,E
20,Jerry Kelly,E
20,Kevin Kisner,E
20,Russell Knox,E
20,Jason Kokrak,E
20,John Peterson,E
20,Jonathan Randolph,E
20,Sam Ryder,E
20,Xander Schauffele,E
20,Adam Schenk,E
20,Brian Stuard,E
33,Seamus Power,+.045
34,Andrew Putnam,+.077
35,Talor Gooch,+.091
36,Blayne Barber,+.100
37,Charles Howell III,+.111
38,Nicholas Lindheim,+.125
38,Scott Piercy,+.125
38,Cameron Smith,+.125
38,Kevin Tway,+.125
42,Joel Dahmen,+.143
42,James Hahn,+.143
42,Si Woo Kim,+.143
42,Chez Reavie,+.143
46,Austin Cook,+.167
46,Kyle Stanley,+.167
48,Brandon Harkins,+.182
48,Zach Johnson,+.182
50,Keegan Bradley,+.200
50,Harris English,+.200
50,Lanto Griffin,+.200
53,Scott Brown,+.222
53,Emiliano Grillo,+.222
53,Marc Leishman,+.222
56,Ryan Armour,+.250
56,Corey Conners,+.250
56,Shugo Imahira,+.250
56,Stephan Jaeger,+.250
56,William McGirt,+.250
56,John Oda,+.250
62,Daisuke Kataoka,+.333
62,Nate Lashley,+.333
62,Sam Saunders,+.333
62,Ollie Schniederjans,+.333
62,Jordan Spieth,+.333
62,Xinjun Zhang,+.333
68,Matt Every,+.400
69,Steve Allan,+.429
69,Ben Martin,+.429
71,Ryan Palmer,+.500
71,D.A. Points,+.500
73,Webb Simpson,+.571
74,Vaughn Taylor,+.667
75,Brian Gay,+.714
76,Colt Knost,+.750
