rank,player,Avg RTP
1,Austin Cook,-1.000
1,Patton Kizzire,-1.000
1,Conrad Shindler,-1.000
1,Justin Thomas,-1.000
5,Gary Woodland,-.750
6,Joel Dahmen,-.667
6,Stephan Jaeger,-.667
6,Hudson Swafford,-.667
9,Daniel Berger,-.500
9,Keegan Bradley,-.500
9,Harris English,-.500
9,Daisuke Kataoka,-.500
9,Nicholas Lindheim,-.500
9,Keith Mitchell,-.500
9,Ryan Palmer,-.500
16,Roberto Díaz,-.400
17,Steve Allan,-.333
17,Cameron Smith,-.333
19,Tony Finau,-.250
20,Ryan Blaum,E
20,Stewart Cink,E
20,Jason Dufner,E
20,Matt Every,E
20,James Hahn,E
20,Brandon Harkins,E
20,Brian Harman,E
20,Matt Jones,E
20,Si Woo Kim,E
20,Russell Knox,E
20,Jason Kokrak,E
20,Marc Leishman,E
20,William McGirt,E
20,Scott Piercy,E
20,Jonathan Randolph,E
20,Chez Reavie,E
20,Sam Ryder,E
20,Xander Schauffele,E
20,Adam Schenk,E
20,Kyle Stanley,E
20,Tyrone Van Aswegen,E
20,Xinjun Zhang,E
42,Seamus Power,+.167
43,Kevin Tway,+.200
44,Lanto Griffin,+.250
45,Scott Brown,+.333
45,Talor Gooch,+.333
45,Shugo Imahira,+.333
45,Kevin Kisner,+.333
45,Nate Lashley,+.333
45,John Peterson,+.333
45,Sam Saunders,+.333
52,Blayne Barber,+.500
52,Corey Conners,+.500
52,Brian Gay,+.500
52,Charles Howell III,+.500
52,Zach Johnson,+.500
52,Ollie Schniederjans,+.500
58,Jerry Kelly,+1.000
58,Ben Martin,+1.000
58,John Oda,+1.000
58,D.A. Points,+1.000
58,Andrew Putnam,+1.000
58,J.J. Spaun,+1.000
58,Vaughn Taylor,+1.000
65,Jordan Spieth,+2.000
