rank,player,Avg RTP
1,Ben Martin,-.667
2,Scott Brown,-.500
2,Joel Dahmen,-.500
2,Tom Hoge,-.500
2,Charles Howell III,-.500
2,Adam Schenk,-.500
2,Jordan Spieth,-.500
8,Keith Mitchell,-.429
9,Corey Conners,-.333
9,Jason Dufner,-.333
9,Kevin Kisner,-.333
9,Conrad Shindler,-.333
9,Gary Woodland,-.333
14,Talor Gooch,-.250
14,Lanto Griffin,-.250
14,Zach Johnson,-.250
17,Patton Kizzire,-.143
18,Daniel Berger,E
18,Dominic Bozzelli,E
18,Keegan Bradley,E
18,Wesley Bryan,E
18,Stewart Cink,E
18,Austin Cook,E
18,Roberto Díaz,E
18,Harris English,E
18,Tony Finau,E
18,Emiliano Grillo,E
18,James Hahn,E
18,Brian Harman,E
18,Shugo Imahira,E
18,Stephan Jaeger,E
18,Matt Jones,E
18,Daisuke Kataoka,E
18,Jerry Kelly,E
18,Ryan Palmer,E
18,John Peterson,E
18,Andrew Putnam,E
18,Jonathan Randolph,E
18,Sam Saunders,E
18,Cameron Smith,E
18,J.J. Spaun,E
18,Kyle Stanley,E
18,Brian Stuard,E
18,Vaughn Taylor,E
18,Kevin Tway,E
18,Tyrone Van Aswegen,E
18,Xinjun Zhang,E
48,Marc Leishman,+.167
49,Ollie Schniederjans,+.200
50,Brandon Harkins,+.222
51,Nate Lashley,+.250
51,Nicholas Lindheim,+.250
51,William McGirt,+.250
51,Hudson Swafford,+.250
55,Jonathan Byrd,+.333
55,Matt Every,+.333
55,Chris Kirk,+.333
55,Sam Ryder,+.333
59,D.A. Points,+.400
60,Steve Allan,+.500
60,Ryan Blaum,+.500
60,Colt Knost,+.500
60,Russell Knox,+.500
60,Jason Kokrak,+.500
60,Scott Piercy,+.500
60,Seamus Power,+.500
60,Rory Sabbatini,+.500
60,Webb Simpson,+.500
69,John Oda,+.600
70,Blayne Barber,+1.000
70,Si Woo Kim,+1.000
70,Chez Reavie,+1.000
70,Xander Schauffele,+1.000
70,Justin Thomas,+1.000
