rank,player,Avg RTP
1,Daisuke Kataoka,-1.000
1,Kevin Kisner,-1.000
1,Colt Knost,-1.000
1,Marc Leishman,-1.000
1,D.A. Points,-1.000
1,Jonathan Randolph,-1.000
1,Hudson Swafford,-1.000
1,Vaughn Taylor,-1.000
9,Sam Saunders,-.800
10,Austin Cook,-.667
10,Brian Stuard,-.667
12,Jordan Spieth,-.600
13,Stephan Jaeger,-.571
14,Ryan Armour,-.500
14,Daniel Berger,-.500
14,Matt Every,-.500
14,Tom Hoge,-.500
14,Charles Howell III,-.500
14,Russell Knox,-.500
14,Nicholas Lindheim,-.500
14,Ben Martin,-.500
14,Ryan Palmer,-.500
14,John Peterson,-.500
14,Cameron Smith,-.500
25,Matt Jones,-.429
26,Dominic Bozzelli,-.400
26,Shugo Imahira,-.400
28,Jerry Kelly,-.375
29,Steve Allan,-.333
29,Ryan Blaum,-.333
29,Corey Conners,-.333
29,Joel Dahmen,-.333
29,Jason Dufner,-.333
29,Harris English,-.333
29,Talor Gooch,-.333
29,Lanto Griffin,-.333
29,Brian Harman,-.333
29,William McGirt,-.333
29,Andrew Putnam,-.333
40,Kyle Stanley,-.286
41,Stewart Cink,-.250
41,James Hahn,-.250
41,Zach Johnson,-.250
41,Chris Kirk,-.250
41,Adam Schenk,-.250
46,John Oda,-.167
46,Sam Ryder,-.167
46,Justin Thomas,-.167
49,Blayne Barber,E
49,Wesley Bryan,E
49,Jonathan Byrd,E
49,Roberto Díaz,E
49,Brian Gay,E
49,Emiliano Grillo,E
49,Si Woo Kim,E
49,Patton Kizzire,E
49,Jason Kokrak,E
49,Nate Lashley,E
49,Seamus Power,E
49,Chez Reavie,E
49,Xander Schauffele,E
49,Ollie Schniederjans,E
49,Webb Simpson,E
49,J.J. Spaun,E
49,Kevin Tway,E
49,Tyrone Van Aswegen,E
49,Gary Woodland,E
49,Xinjun Zhang,E
69,Tony Finau,+.250
70,Keith Mitchell,+.333
70,Scott Piercy,+.333
72,Keegan Bradley,+.500
73,Conrad Shindler,+1.000
