rank,player,Avg RTP
1,Rory Sabbatini,-2.000
2,Steve Allan,-1.333
3,Keegan Bradley,-1.000
3,Matt Jones,-1.000
3,William McGirt,-1.000
3,Keith Mitchell,-1.000
3,Webb Simpson,-1.000
3,Tyrone Van Aswegen,-1.000
9,Lanto Griffin,-.667
9,Jordan Spieth,-.667
11,Ryan Blaum,-.500
11,Dominic Bozzelli,-.500
11,Stewart Cink,-.500
11,Tony Finau,-.500
11,Stephan Jaeger,-.500
11,Si Woo Kim,-.500
11,Chris Kirk,-.500
11,Russell Knox,-.500
11,Scott Piercy,-.500
11,Seamus Power,-.500
11,Sam Ryder,-.500
11,Sam Saunders,-.500
11,Xander Schauffele,-.500
24,Daniel Berger,-.333
24,J.J. Spaun,-.333
24,Hudson Swafford,-.333
24,Kevin Tway,-.333
28,Jason Kokrak,-.250
29,Tom Hoge,-.200
30,Jonathan Randolph,-.167
31,Ryan Armour,E
31,Blayne Barber,E
31,Scott Brown,E
31,Jonathan Byrd,E
31,Joel Dahmen,E
31,Roberto Díaz,E
31,Talor Gooch,E
31,Brandon Harkins,E
31,Brian Harman,E
31,Shugo Imahira,E
31,Zach Johnson,E
31,Daisuke Kataoka,E
31,Nate Lashley,E
31,Marc Leishman,E
31,Nicholas Lindheim,E
31,John Oda,E
31,Ryan Palmer,E
31,John Peterson,E
31,D.A. Points,E
31,Andrew Putnam,E
31,Ollie Schniederjans,E
31,Cameron Smith,E
31,Kyle Stanley,E
31,Justin Thomas,E
55,Wesley Bryan,+.333
55,Harris English,+.333
55,Colt Knost,+.333
55,Vaughn Taylor,+.333
59,Corey Conners,+.500
59,Austin Cook,+.500
59,James Hahn,+.500
59,Charles Howell III,+.500
59,Jerry Kelly,+.500
59,Gary Woodland,+.500
65,Ben Martin,+.667
65,Xinjun Zhang,+.667
67,Brian Gay,+1.000
67,Adam Schenk,+1.000
69,Matt Every,+1.500
