rank,player,Avg RTP
1,Steve Allan,-1.000
1,Daniel Berger,-1.000
1,Daisuke Kataoka,-1.000
1,Nicholas Lindheim,-1.000
1,Justin Thomas,-1.000
6,Patton Kizzire,-.500
6,Hudson Swafford,-.500
6,Gary Woodland,-.500
9,Roberto Díaz,-.333
10,Blayne Barber,E
10,Ryan Blaum,E
10,Stewart Cink,E
10,Corey Conners,E
10,Joel Dahmen,E
10,Jason Dufner,E
10,Tony Finau,E
10,Lanto Griffin,E
10,James Hahn,E
10,Stephan Jaeger,E
10,Matt Jones,E
10,Si Woo Kim,E
10,Jason Kokrak,E
10,Nate Lashley,E
10,Marc Leishman,E
10,William McGirt,E
10,Keith Mitchell,E
10,Scott Piercy,E
10,Chez Reavie,E
10,Sam Ryder,E
10,Sam Saunders,E
10,Adam Schenk,E
10,Ollie Schniederjans,E
10,Kevin Tway,E
10,Xinjun Zhang,E
35,Scott Brown,+.333
36,John Peterson,+.500
36,Seamus Power,+.500
38,Brian Gay,+1.000
38,Talor Gooch,+1.000
38,Ben Martin,+1.000
38,John Oda,+1.000
38,Andrew Putnam,+1.000
38,Jonathan Randolph,+1.000
44,Jordan Spieth,+2.000
