rank,player,Avg RTP
1,Jason Dufner,-.750
2,Patton Kizzire,-.417
3,Talor Gooch,-.400
4,Stephan Jaeger,-.375
4,D.A. Points,-.375
4,Sam Ryder,-.375
7,Ryan Armour,-.333
7,Austin Cook,-.333
7,Joel Dahmen,-.333
7,Harris English,-.333
7,Tom Hoge,-.333
7,Justin Thomas,-.333
13,Ryan Palmer,-.273
14,Lanto Griffin,-.267
15,Steve Allan,-.250
15,Scott Brown,-.250
15,Russell Knox,-.250
18,Si Woo Kim,-.222
18,Adam Schenk,-.222
20,Webb Simpson,-.214
21,Matt Every,-.200
21,Jordan Spieth,-.200
23,Daniel Berger,-.167
23,Brian Harman,-.167
23,Gary Woodland,-.167
26,Stewart Cink,-.154
27,Ryan Blaum,-.143
27,James Hahn,-.143
27,Daisuke Kataoka,-.143
30,Ollie Schniederjans,-.133
31,Keegan Bradley,-.125
32,Conrad Shindler,-.111
32,Kevin Tway,-.111
34,Sam Saunders,-.100
35,Keith Mitchell,-.091
35,Jonathan Randolph,-.091
37,William McGirt,-.071
38,Dominic Bozzelli,E
38,Wesley Bryan,E
38,Corey Conners,E
38,Roberto Díaz,E
38,Emiliano Grillo,E
38,Matt Jones,E
38,Chris Kirk,E
38,Kevin Kisner,E
38,Jason Kokrak,E
38,Ben Martin,E
38,Rory Sabbatini,E
38,Xander Schauffele,E
38,Kyle Stanley,E
38,Brian Stuard,E
52,John Peterson,+.083
53,Vaughn Taylor,+.091
54,Jonathan Byrd,+.111
54,Zach Johnson,+.111
54,Nate Lashley,+.111
54,Xinjun Zhang,+.111
58,Brandon Harkins,+.125
58,J.J. Spaun,+.125
60,Shugo Imahira,+.143
60,Marc Leishman,+.143
60,Scott Piercy,+.143
63,Tony Finau,+.167
63,Charles Howell III,+.167
63,Cameron Smith,+.167
66,Hudson Swafford,+.222
67,Brian Gay,+.250
67,Jerry Kelly,+.250
67,Nicholas Lindheim,+.250
67,Tyrone Van Aswegen,+.250
71,Andrew Putnam,+.273
72,Seamus Power,+.286
73,John Oda,+.333
74,Blayne Barber,+.455
75,Colt Knost,+.667
76,Chez Reavie,+1.000
