rank,player,Avg RTP
1,Harris English,-1.000
2,Stewart Cink,-.500
2,Jason Dufner,-.500
4,Brian Harman,-.400
5,Wesley Bryan,-.333
5,Talor Gooch,-.333
5,Chris Kirk,-.333
5,Rory Sabbatini,-.333
9,Sam Ryder,-.250
9,Sam Saunders,-.250
11,Kevin Kisner,-.167
11,Webb Simpson,-.167
13,Ryan Blaum,E
13,Dominic Bozzelli,E
13,Keegan Bradley,E
13,Jonathan Byrd,E
13,Corey Conners,E
13,Austin Cook,E
13,Joel Dahmen,E
13,Lanto Griffin,E
13,James Hahn,E
13,Matt Jones,E
13,Daisuke Kataoka,E
13,Jerry Kelly,E
13,Si Woo Kim,E
13,Patton Kizzire,E
13,Russell Knox,E
13,Jason Kokrak,E
13,Nate Lashley,E
13,John Oda,E
13,Ryan Palmer,E
13,John Peterson,E
13,Scott Piercy,E
13,D.A. Points,E
13,Chez Reavie,E
13,Ollie Schniederjans,E
13,J.J. Spaun,E
13,Kyle Stanley,E
13,Brian Stuard,E
13,Justin Thomas,E
13,Tyrone Van Aswegen,E
13,Gary Woodland,E
43,Conrad Shindler,+.111
44,Daniel Berger,+.143
44,Marc Leishman,+.143
46,Blayne Barber,+.167
46,Stephan Jaeger,+.167
46,Ben Martin,+.167
46,Jonathan Randolph,+.167
46,Adam Schenk,+.167
46,Kevin Tway,+.167
52,Matt Every,+.200
52,Xinjun Zhang,+.200
54,Charles Howell III,+.250
54,Shugo Imahira,+.250
54,Seamus Power,+.250
54,Jordan Spieth,+.250
58,Nicholas Lindheim,+.333
58,Xander Schauffele,+.333
58,Cameron Smith,+.333
61,Scott Brown,+.400
61,Zach Johnson,+.400
61,Vaughn Taylor,+.400
64,Keith Mitchell,+.429
65,Ryan Armour,+.500
65,Roberto Díaz,+.500
65,William McGirt,+.500
65,Andrew Putnam,+.500
65,Hudson Swafford,+.500
70,Brandon Harkins,+.571
71,Steve Allan,+.600
72,Tony Finau,+.667
72,Emiliano Grillo,+.667
72,Colt Knost,+.667
75,Brian Gay,+.750
