rank,player,Avg RTP
1,Brandon Harkins,-.571
2,Ryan Blaum,-.462
3,Marc Leishman,-.455
4,Ollie Schniederjans,-.429
5,Chez Reavie,-.400
6,Justin Thomas,-.375
7,Ryan Palmer,-.364
8,Wesley Bryan,-.333
8,Brian Stuard,-.333
10,Tyrone Van Aswegen,-.313
11,Blayne Barber,-.308
12,Patton Kizzire,-.294
12,Hudson Swafford,-.294
14,Nicholas Lindheim,-.286
15,Corey Conners,-.267
15,Vaughn Taylor,-.267
17,Zach Johnson,-.250
18,Xinjun Zhang,-.235
19,Steve Allan,-.231
19,Shugo Imahira,-.231
19,Cameron Smith,-.231
22,Kevin Kisner,-.222
22,Xander Schauffele,-.222
24,Brian Gay,-.214
24,Russell Knox,-.214
26,James Hahn,-.190
27,Talor Gooch,-.188
27,Nate Lashley,-.188
29,Stewart Cink,-.182
29,Keith Mitchell,-.182
29,Sam Ryder,-.182
32,Keegan Bradley,-.167
32,Harris English,-.167
32,D.A. Points,-.167
32,Seamus Power,-.167
32,Adam Schenk,-.167
37,Jordan Spieth,-.154
38,Emiliano Grillo,-.143
39,Chris Kirk,-.133
39,William McGirt,-.133
41,Daisuke Kataoka,-.125
41,John Oda,-.125
43,Joel Dahmen,-.118
43,Ben Martin,-.118
45,Scott Piercy,-.111
46,Charles Howell III,-.105
47,Jonathan Byrd,-.100
48,Austin Cook,-.095
49,Matt Jones,-.091
49,Webb Simpson,-.091
51,Jason Kokrak,-.083
51,John Peterson,-.083
51,Sam Saunders,-.083
54,Jason Dufner,-.077
55,Dominic Bozzelli,-.071
55,Andrew Putnam,-.071
57,Brian Harman,-.053
57,Kyle Stanley,-.053
59,Ryan Armour,E
59,Roberto Díaz,E
59,Matt Every,E
59,Tony Finau,E
59,Jerry Kelly,E
59,J.J. Spaun,E
59,Gary Woodland,E
66,Colt Knost,+.063
66,Jonathan Randolph,+.063
66,Rory Sabbatini,+.063
69,Daniel Berger,+.071
70,Tom Hoge,+.077
70,Conrad Shindler,+.077
72,Stephan Jaeger,+.083
73,Si Woo Kim,+.167
74,Kevin Tway,+.182
75,Scott Brown,+.231
76,Lanto Griffin,+.250
