rank,player,Avg RTP
1,Ryan Armour,-1.000
1,Austin Cook,-1.000
1,Patton Kizzire,-1.000
1,Justin Thomas,-1.000
5,Gary Woodland,-.800
6,Keith Mitchell,-.500
6,Conrad Shindler,-.500
8,Roberto Díaz,-.400
9,Daniel Berger,-.333
9,Sam Ryder,-.333
11,Joel Dahmen,-.200
11,Tony Finau,-.200
11,Brandon Harkins,-.200
14,Stephan Jaeger,-.167
15,Ryan Palmer,-.143
16,Ryan Blaum,E
16,Keegan Bradley,E
16,Jonathan Byrd,E
16,Stewart Cink,E
16,Jason Dufner,E
16,Harris English,E
16,Matt Every,E
16,James Hahn,E
16,Brian Harman,E
16,Tom Hoge,E
16,Charles Howell III,E
16,Shugo Imahira,E
16,Matt Jones,E
16,Daisuke Kataoka,E
16,Si Woo Kim,E
16,Russell Knox,E
16,Jason Kokrak,E
16,Nicholas Lindheim,E
16,William McGirt,E
16,Jonathan Randolph,E
16,Chez Reavie,E
16,Rory Sabbatini,E
16,Xander Schauffele,E
16,Adam Schenk,E
16,Ollie Schniederjans,E
16,Webb Simpson,E
16,Cameron Smith,E
16,Kyle Stanley,E
16,Hudson Swafford,E
16,Xinjun Zhang,E
46,Seamus Power,+.143
46,Kevin Tway,+.143
48,Blayne Barber,+.167
49,Marc Leishman,+.200
50,Steve Allan,+.250
50,Corey Conners,+.250
50,Lanto Griffin,+.250
50,Nate Lashley,+.250
54,Scott Brown,+.333
54,Brian Gay,+.333
54,John Peterson,+.333
54,Sam Saunders,+.333
54,Tyrone Van Aswegen,+.333
59,Talor Gooch,+.500
59,Zach Johnson,+.500
59,Jerry Kelly,+.500
59,Kevin Kisner,+.500
59,Scott Piercy,+.500
59,J.J. Spaun,+.500
65,Dominic Bozzelli,+1.000
65,Wesley Bryan,+1.000
65,Ben Martin,+1.000
65,John Oda,+1.000
65,Andrew Putnam,+1.000
70,Jordan Spieth,+1.333
71,Colt Knost,+2.000
71,Vaughn Taylor,+2.000
