rank,player,%,Total Birdies,Total Holes
1,Xinjun Zhang,55.56,5,9
2,Patton Kizzire,41.67,5,12
2,Scott Piercy,41.67,5,12
4,James Hahn,40.00,4,10
5,Jason Kokrak,36.36,4,11
6,Blayne Barber,35.71,5,14
6,Talor Gooch,35.71,5,14
6,Chris Kirk,35.71,5,14
9,Roberto Díaz,35.29,6,17
9,J.J. Spaun,35.29,6,17
11,Webb Simpson,35.00,7,20
11,Jordan Spieth,35.00,7,20
13,Conrad Shindler,33.33,4,12
13,Gary Woodland,33.33,6,18
15,Xander Schauffele,31.58,6,19
16,Shugo Imahira,31.25,5,16
17,Harris English,30.77,4,13
17,Zach Johnson,30.77,4,13
17,Daisuke Kataoka,30.77,4,13
20,Ryan Armour,30.00,3,10
20,Ben Martin,30.00,3,10
22,Sam Ryder,29.41,5,17
23,Tony Finau,28.57,4,14
24,Cameron Smith,27.78,5,18
25,Dominic Bozzelli,26.67,4,15
25,John Peterson,26.67,4,15
25,Seamus Power,26.67,4,15
28,Stewart Cink,25.00,3,12
28,Lanto Griffin,25.00,4,16
28,Colt Knost,25.00,3,12
28,Nicholas Lindheim,25.00,2,8
28,Jonathan Randolph,25.00,4,16
28,Sam Saunders,25.00,4,16
28,Brian Stuard,25.00,3,12
28,Kevin Tway,25.00,4,16
36,Tom Hoge,23.81,5,21
37,Matt Jones,23.53,4,17
37,Ryan Palmer,23.53,4,17
39,Kyle Stanley,23.08,3,13
40,Joel Dahmen,21.43,3,14
40,Brandon Harkins,21.43,3,14
40,Nate Lashley,21.43,3,14
40,Keith Mitchell,21.43,3,14
44,Si Woo Kim,21.05,4,19
45,Daniel Berger,20.00,3,15
45,Jerry Kelly,20.00,2,10
45,William McGirt,20.00,2,10
45,John Oda,20.00,2,10
45,Ollie Schniederjans,20.00,2,10
50,Jonathan Byrd,18.75,3,16
50,D.A. Points,18.75,3,16
52,Kevin Kisner,18.18,2,11
53,Austin Cook,17.65,3,17
53,Russell Knox,17.65,3,17
55,Wesley Bryan,16.67,2,12
55,Matt Every,16.67,2,12
55,Emiliano Grillo,16.67,2,12
55,Chez Reavie,16.67,3,18
59,Charles Howell III,15.38,2,13
60,Jason Dufner,15.00,3,20
61,Brian Gay,14.29,2,14
61,Brian Harman,14.29,1,7
61,Justin Thomas,14.29,3,21
64,Steve Allan,13.33,2,15
64,Marc Leishman,13.33,2,15
64,Hudson Swafford,13.33,2,15
67,Ryan Blaum,12.50,2,16
68,Adam Schenk,11.11,1,9
69,Vaughn Taylor,9.09,1,11
70,Corey Conners,8.33,1,12
71,Stephan Jaeger,7.69,1,13
71,Andrew Putnam,7.69,1,13
73,Keegan Bradley,6.67,1,15
74,Scott Brown,.00,0,14
74,Rory Sabbatini,.00,0,11
74,Tyrone Van Aswegen,.00,0,11
