rank,player,Avg RTP
1,Kyle Stanley,-.600
2,Webb Simpson,-.429
3,Brian Gay,-.333
3,Jerry Kelly,-.333
3,John Peterson,-.333
3,Chez Reavie,-.333
7,Talor Gooch,-.250
7,Chris Kirk,-.250
7,Andrew Putnam,-.250
7,J.J. Spaun,-.250
11,Lanto Griffin,-.200
11,Tom Hoge,-.200
11,Si Woo Kim,-.200
11,Kevin Kisner,-.200
11,Ben Martin,-.200
11,Keith Mitchell,-.200
11,Seamus Power,-.200
11,Kevin Tway,-.200
19,Blayne Barber,-.167
19,Keegan Bradley,-.167
19,Scott Brown,-.167
19,Harris English,-.167
19,Emiliano Grillo,-.167
19,James Hahn,-.167
19,Scott Piercy,-.167
19,Sam Saunders,-.167
19,Ollie Schniederjans,-.167
28,John Oda,-.143
29,Rory Sabbatini,-.125
29,Brian Stuard,-.125
31,Steve Allan,E
31,Ryan Blaum,E
31,Wesley Bryan,E
31,Jason Dufner,E
31,Matt Every,E
31,Tony Finau,E
31,Charles Howell III,E
31,Patton Kizzire,E
31,Colt Knost,E
31,Jason Kokrak,E
31,Nate Lashley,E
31,Ryan Palmer,E
31,Xander Schauffele,E
31,Conrad Shindler,E
31,Justin Thomas,E
31,Tyrone Van Aswegen,E
31,Gary Woodland,E
48,Austin Cook,+.143
48,Brian Harman,+.143
50,Joel Dahmen,+.167
50,Xinjun Zhang,+.167
52,Dominic Bozzelli,+.200
52,Stewart Cink,+.200
52,Corey Conners,+.200
52,Stephan Jaeger,+.200
52,Daisuke Kataoka,+.200
52,William McGirt,+.200
58,Ryan Armour,+.250
58,Daniel Berger,+.250
58,Brandon Harkins,+.250
58,Shugo Imahira,+.250
58,Zach Johnson,+.250
58,Russell Knox,+.250
58,Nicholas Lindheim,+.250
58,Jonathan Randolph,+.250
58,Cameron Smith,+.250
67,Matt Jones,+.286
68,Roberto Díaz,+.333
68,Vaughn Taylor,+.333
70,Sam Ryder,+.400
70,Adam Schenk,+.400
72,Marc Leishman,+.500
72,Jordan Spieth,+.500
74,D.A. Points,+.571
75,Hudson Swafford,+.600
76,Jonathan Byrd,+.667
