rank,player,Avg RTP
1,Steve Allan,-1.000
1,Daniel Berger,-1.000
1,Charles Howell III,-1.000
1,Kevin Kisner,-1.000
1,John Peterson,-1.000
1,Scott Piercy,-1.000
1,Seamus Power,-1.000
1,Cameron Smith,-1.000
1,Tyrone Van Aswegen,-1.000
10,Brian Harman,-.750
11,Emiliano Grillo,-.667
11,Zach Johnson,-.667
11,Russell Knox,-.667
11,Ollie Schniederjans,-.667
11,Xinjun Zhang,-.667
16,Shugo Imahira,-.500
16,Keith Mitchell,-.500
16,Chez Reavie,-.500
16,Sam Saunders,-.500
16,Xander Schauffele,-.500
16,Gary Woodland,-.500
22,Nicholas Lindheim,-.400
23,Dominic Bozzelli,-.333
23,J.J. Spaun,-.333
25,Colt Knost,-.250
25,Marc Leishman,-.250
27,Jonathan Randolph,-.200
28,Scott Brown,-.167
29,Keegan Bradley,E
29,Wesley Bryan,E
29,Jonathan Byrd,E
29,Corey Conners,E
29,Roberto Díaz,E
29,Matt Every,E
29,Brian Gay,E
29,Talor Gooch,E
29,Tom Hoge,E
29,Stephan Jaeger,E
29,Matt Jones,E
29,Daisuke Kataoka,E
29,Jason Kokrak,E
29,Ben Martin,E
29,Ryan Palmer,E
29,Andrew Putnam,E
29,Jordan Spieth,E
29,Brian Stuard,E
29,Justin Thomas,E
29,Kevin Tway,E
49,Adam Schenk,+.250
50,Ryan Armour,+.333
50,D.A. Points,+.333
52,Si Woo Kim,+.500
52,Conrad Shindler,+.500
54,Jason Dufner,+.667
55,Stewart Cink,+1.000
55,Harris English,+1.000
55,Chris Kirk,+1.000
55,Vaughn Taylor,+1.000
59,Joel Dahmen,+2.500
