rank,player,Avg RTP
1,Steve Allan,-1.000
1,Keith Mitchell,-1.000
1,Sam Ryder,-1.000
1,Rory Sabbatini,-1.000
1,Tyrone Van Aswegen,-1.000
6,Russell Knox,-.714
7,Ryan Armour,-.667
7,Stewart Cink,-.667
7,Tony Finau,-.667
7,Matt Jones,-.667
7,Sam Saunders,-.667
12,Daniel Berger,-.571
13,Ryan Blaum,-.500
13,Scott Brown,-.500
13,Emiliano Grillo,-.500
13,Stephan Jaeger,-.500
13,Si Woo Kim,-.500
13,Xander Schauffele,-.500
13,Ollie Schniederjans,-.500
13,Conrad Shindler,-.500
13,Jordan Spieth,-.500
13,Justin Thomas,-.500
13,Kevin Tway,-.500
24,Dominic Bozzelli,-.400
24,Keegan Bradley,-.400
24,William McGirt,-.400
24,D.A. Points,-.400
24,Webb Simpson,-.400
29,Joel Dahmen,-.333
29,Lanto Griffin,-.333
29,Tom Hoge,-.333
29,Patton Kizzire,-.333
29,Hudson Swafford,-.333
34,Ryan Palmer,-.250
34,Scott Piercy,-.250
34,Adam Schenk,-.250
34,Kyle Stanley,-.250
38,Jason Kokrak,-.200
38,J.J. Spaun,-.200
40,Wesley Bryan,-.167
40,Jerry Kelly,-.167
40,Chris Kirk,-.167
40,Seamus Power,-.167
44,Jonathan Randolph,-.143
45,Jonathan Byrd,E
45,Austin Cook,E
45,Talor Gooch,E
45,James Hahn,E
45,Brandon Harkins,E
45,Brian Harman,E
45,Charles Howell III,E
45,Zach Johnson,E
45,Nate Lashley,E
45,Nicholas Lindheim,E
45,John Oda,E
45,Andrew Putnam,E
45,Gary Woodland,E
58,Cameron Smith,+.200
58,Vaughn Taylor,+.200
60,Roberto Díaz,+.250
60,Harris English,+.250
60,Matt Every,+.250
60,John Peterson,+.250
64,Blayne Barber,+.333
64,Kevin Kisner,+.333
66,Ben Martin,+.400
67,Corey Conners,+.500
67,Shugo Imahira,+.500
67,Colt Knost,+.500
67,Marc Leishman,+.500
71,Daisuke Kataoka,+.667
72,Xinjun Zhang,+.750
73,Brian Gay,+1.000
