rank,player,Avg RTP
1,Jason Dufner,-.400
2,Jordan Spieth,-.286
3,Tom Hoge,-.267
4,Rory Sabbatini,-.250
5,Stewart Cink,-.222
5,Talor Gooch,-.222
7,Sam Ryder,-.214
8,Matt Jones,-.176
9,Brian Harman,-.167
10,Daniel Berger,-.150
11,Lanto Griffin,-.143
12,Dominic Bozzelli,-.125
12,Adam Schenk,-.125
14,Ryan Blaum,-.118
14,Wesley Bryan,-.118
16,Conrad Shindler,-.111
17,Patton Kizzire,-.105
17,Russell Knox,-.105
19,Ryan Armour,-.100
20,Kevin Tway,-.095
21,Kevin Kisner,-.077
22,Scott Brown,-.071
22,Si Woo Kim,-.071
22,Gary Woodland,-.071
25,Chris Kirk,-.067
26,Joel Dahmen,-.063
27,Jonathan Randolph,-.059
27,J.J. Spaun,-.059
29,Ollie Schniederjans,-.053
30,Keith Mitchell,-.050
31,Austin Cook,E
31,Harris English,E
31,James Hahn,E
31,Jerry Kelly,E
31,Jason Kokrak,E
31,John Peterson,E
31,Sam Saunders,E
31,Xander Schauffele,E
31,Brian Stuard,E
31,Justin Thomas,E
41,William McGirt,+.048
41,Webb Simpson,+.048
43,Tyrone Van Aswegen,+.050
44,Corey Conners,+.056
45,Jonathan Byrd,+.059
45,D.A. Points,+.059
47,Ben Martin,+.067
48,Charles Howell III,+.077
49,Kyle Stanley,+.083
50,Seamus Power,+.087
51,Zach Johnson,+.111
52,Stephan Jaeger,+.118
53,Keegan Bradley,+.125
53,Tony Finau,+.125
55,Andrew Putnam,+.130
56,Emiliano Grillo,+.143
56,Scott Piercy,+.143
58,Brandon Harkins,+.167
58,Shugo Imahira,+.167
58,Nate Lashley,+.167
61,Steve Allan,+.174
62,Roberto Díaz,+.182
63,Vaughn Taylor,+.200
64,Marc Leishman,+.211
64,Cameron Smith,+.211
66,Matt Every,+.214
66,Daisuke Kataoka,+.214
66,John Oda,+.214
69,Hudson Swafford,+.231
70,Blayne Barber,+.235
71,Ryan Palmer,+.263
72,Xinjun Zhang,+.267
73,Nicholas Lindheim,+.278
74,Chez Reavie,+.400
75,Brian Gay,+.462
76,Colt Knost,+.700
