rank,player,Avg RTP
1,Steve Allan,-1.000
1,Scott Brown,-1.000
1,Wesley Bryan,-1.000
1,Austin Cook,-1.000
1,Emiliano Grillo,-1.000
1,Daisuke Kataoka,-1.000
1,Jerry Kelly,-1.000
1,Patton Kizzire,-1.000
1,Ollie Schniederjans,-1.000
1,Conrad Shindler,-1.000
1,Webb Simpson,-1.000
1,Justin Thomas,-1.000
1,Kevin Tway,-1.000
1,Tyrone Van Aswegen,-1.000
15,Daniel Berger,-.500
15,William McGirt,-.500
15,Xander Schauffele,-.500
18,Harris English,E
18,Zach Johnson,E
18,Jason Kokrak,E
18,Ryan Palmer,E
18,Vaughn Taylor,E
23,Blayne Barber,+1.000
23,Roberto Díaz,+1.000
23,Brian Gay,+1.000
23,Lanto Griffin,+1.000
23,Chris Kirk,+1.000
23,Colt Knost,+1.000
