rank,player,Avg RTP
1,Hudson Swafford,-1.000
2,Kevin Kisner,-.750
3,Vaughn Taylor,-.714
4,Ollie Schniederjans,-.667
5,Sam Saunders,-.625
5,Jordan Spieth,-.625
7,Daniel Berger,-.600
7,Russell Knox,-.600
9,Tom Hoge,-.571
9,Marc Leishman,-.571
9,John Peterson,-.571
12,Brian Harman,-.500
12,Charles Howell III,-.500
12,Stephan Jaeger,-.500
12,William McGirt,-.500
12,Seamus Power,-.500
12,Webb Simpson,-.500
12,Cameron Smith,-.500
12,Brian Stuard,-.500
20,Shugo Imahira,-.444
21,Daisuke Kataoka,-.429
21,Andrew Putnam,-.429
21,Jonathan Randolph,-.429
24,Jerry Kelly,-.417
25,Jonathan Byrd,-.400
25,Austin Cook,-.400
25,Xinjun Zhang,-.400
28,Zach Johnson,-.375
28,Nicholas Lindheim,-.375
28,Kyle Stanley,-.375
31,Dominic Bozzelli,-.333
31,Corey Conners,-.333
31,Matt Every,-.333
31,Matt Jones,-.333
31,Ben Martin,-.333
31,D.A. Points,-.333
37,Colt Knost,-.286
37,Scott Piercy,-.286
37,Tyrone Van Aswegen,-.286
40,Ryan Blaum,-.250
40,Wesley Bryan,-.250
40,Talor Gooch,-.250
40,Lanto Griffin,-.250
40,John Oda,-.250
40,Chez Reavie,-.250
46,Steve Allan,-.200
46,Ryan Armour,-.200
46,James Hahn,-.200
46,Ryan Palmer,-.200
46,Xander Schauffele,-.200
51,Scott Brown,-.167
51,J.J. Spaun,-.167
53,Sam Ryder,-.143
53,Gary Woodland,-.143
55,Brian Gay,-.125
55,Justin Thomas,-.125
57,Jason Kokrak,-.111
57,Adam Schenk,-.111
59,Emiliano Grillo,-.100
60,Blayne Barber,E
60,Stewart Cink,E
60,Roberto Díaz,E
60,Tony Finau,E
60,Brandon Harkins,E
60,Si Woo Kim,E
60,Chris Kirk,E
60,Nate Lashley,E
60,Keith Mitchell,E
60,Rory Sabbatini,E
60,Kevin Tway,E
71,Jason Dufner,+.100
72,Harris English,+.167
73,Conrad Shindler,+.200
74,Keegan Bradley,+.250
75,Patton Kizzire,+.333
76,Joel Dahmen,+.667
