rank,player,%,Total Birdies,Total Holes
1,Stewart Cink,42.86,6,14
2,Wesley Bryan,40.00,6,15
3,Ollie Schniederjans,38.10,8,21
4,Talor Gooch,35.00,7,20
4,D.A. Points,35.00,7,20
6,Brian Stuard,34.62,9,26
7,Jason Dufner,33.33,5,15
7,Chez Reavie,33.33,6,18
7,Xander Schauffele,33.33,7,21
10,Blayne Barber,31.58,6,19
10,Ryan Blaum,31.58,6,19
12,John Peterson,31.25,5,16
13,Patton Kizzire,30.43,7,23
14,Marc Leishman,30.00,6,20
15,Ryan Palmer,29.41,5,17
15,Webb Simpson,29.41,5,17
17,Tom Hoge,28.57,4,14
17,Zach Johnson,28.57,6,21
17,Hudson Swafford,28.57,6,21
20,James Hahn,28.00,7,25
20,Kevin Kisner,28.00,7,25
22,Russell Knox,27.78,5,18
23,Brandon Harkins,27.27,6,22
23,Justin Thomas,27.27,3,11
25,Sam Ryder,26.67,4,15
26,Nate Lashley,23.81,5,21
26,Scott Piercy,23.81,5,21
26,Tyrone Van Aswegen,23.81,5,21
29,Dominic Bozzelli,23.53,4,17
29,Shugo Imahira,23.53,4,17
29,Seamus Power,23.53,4,17
29,Sam Saunders,23.53,4,17
29,Jordan Spieth,23.53,4,17
34,Keegan Bradley,22.73,5,22
34,Xinjun Zhang,22.73,5,22
36,J.J. Spaun,22.22,4,18
37,Nicholas Lindheim,21.74,5,23
38,Harris English,21.05,4,19
39,Austin Cook,20.83,5,24
40,Brian Harman,20.00,5,25
40,Matt Jones,20.00,3,15
40,Vaughn Taylor,20.00,4,20
43,Matt Every,19.05,4,21
43,Daisuke Kataoka,19.05,4,21
45,Cameron Smith,18.75,3,16
46,Ben Martin,17.39,4,23
47,Brian Gay,16.67,3,18
47,William McGirt,16.67,3,18
49,Steve Allan,15.79,3,19
49,Stephan Jaeger,15.79,3,19
49,Chris Kirk,15.79,3,19
49,Adam Schenk,15.79,3,19
53,Corey Conners,15.00,3,20
53,Emiliano Grillo,15.00,3,20
53,John Oda,15.00,3,20
56,Daniel Berger,14.29,3,21
56,Joel Dahmen,14.29,3,21
58,Andrew Putnam,13.64,3,22
58,Kyle Stanley,13.64,3,22
60,Jerry Kelly,13.33,2,15
60,Si Woo Kim,13.33,2,15
62,Conrad Shindler,13.04,3,23
63,Roberto Díaz,11.76,2,17
63,Lanto Griffin,11.76,2,17
63,Jason Kokrak,11.76,2,17
66,Keith Mitchell,11.11,2,18
67,Ryan Armour,10.53,2,19
68,Tony Finau,9.52,2,21
69,Rory Sabbatini,9.09,2,22
70,Charles Howell III,8.70,2,23
71,Gary Woodland,7.69,1,13
72,Kevin Tway,5.88,1,17
73,Jonathan Byrd,5.26,1,19
74,Colt Knost,5.00,1,20
75,Jonathan Randolph,4.55,1,22
76,Scott Brown,.00,0,18
