rank,player,Avg RTP
1,Sam Ryder,-2.000
2,Ryan Armour,-1.000
2,Daniel Berger,-1.000
2,Scott Brown,-1.000
2,Stewart Cink,-1.000
2,Joel Dahmen,-1.000
2,Matt Every,-1.000
2,Tony Finau,-1.000
2,Charles Howell III,-1.000
2,Russell Knox,-1.000
2,Keith Mitchell,-1.000
2,Ryan Palmer,-1.000
2,Sam Saunders,-1.000
2,Ollie Schniederjans,-1.000
15,D.A. Points,-.667
15,Adam Schenk,-.667
15,Justin Thomas,-.667
18,Ryan Blaum,-.500
18,Wesley Bryan,-.500
18,Lanto Griffin,-.500
18,James Hahn,-.500
18,Jerry Kelly,-.500
18,Rory Sabbatini,-.500
18,Xander Schauffele,-.500
25,Kyle Stanley,-.333
26,Steve Allan,E
26,Blayne Barber,E
26,Dominic Bozzelli,E
26,Keegan Bradley,E
26,Austin Cook,E
26,Roberto Díaz,E
26,Talor Gooch,E
26,Emiliano Grillo,E
26,Brandon Harkins,E
26,Zach Johnson,E
26,Matt Jones,E
26,Chris Kirk,E
26,Patton Kizzire,E
26,Nicholas Lindheim,E
26,Ben Martin,E
26,William McGirt,E
26,John Oda,E
26,Scott Piercy,E
26,Andrew Putnam,E
26,Jonathan Randolph,E
26,Conrad Shindler,E
26,Webb Simpson,E
26,J.J. Spaun,E
26,Jordan Spieth,E
26,Vaughn Taylor,E
26,Gary Woodland,E
52,Kevin Kisner,+.333
52,John Peterson,+.333
54,Seamus Power,+.500
54,Cameron Smith,+.500
56,Shugo Imahira,+1.000
56,Marc Leishman,+1.000
56,Xinjun Zhang,+1.000
59,Daisuke Kataoka,+3.000
