rank,player,Avg RTP
1,Xinjun Zhang,-.667
2,Blayne Barber,-.545
3,Roberto Díaz,-.500
3,James Hahn,-.500
3,Ben Martin,-.500
6,Zach Johnson,-.444
6,Scott Piercy,-.444
8,William McGirt,-.400
9,Shugo Imahira,-.385
9,Xander Schauffele,-.385
9,Webb Simpson,-.385
12,Jason Kokrak,-.375
12,Seamus Power,-.375
12,Kyle Stanley,-.375
15,Talor Gooch,-.364
15,Chris Kirk,-.364
15,Ryan Palmer,-.364
18,Tony Finau,-.333
18,Patton Kizzire,-.333
18,Conrad Shindler,-.333
21,Sam Ryder,-.308
21,Cameron Smith,-.308
21,Jordan Spieth,-.308
24,Colt Knost,-.300
24,Keith Mitchell,-.300
26,Charles Howell III,-.286
26,Nicholas Lindheim,-.286
28,Daniel Berger,-.273
28,Daisuke Kataoka,-.273
30,Justin Thomas,-.267
31,Ryan Armour,-.250
31,Dominic Bozzelli,-.250
31,Joel Dahmen,-.250
31,Lanto Griffin,-.250
31,Jerry Kelly,-.250
31,John Oda,-.250
31,Brian Stuard,-.250
38,Jonathan Byrd,-.231
38,Nate Lashley,-.231
38,Jonathan Randolph,-.231
41,Steve Allan,-.200
41,Harris English,-.200
41,Brandon Harkins,-.200
41,Tom Hoge,-.200
41,Russell Knox,-.200
41,Marc Leishman,-.200
41,Sam Saunders,-.200
48,Matt Jones,-.182
48,John Peterson,-.182
48,Kevin Tway,-.182
51,Austin Cook,-.154
51,J.J. Spaun,-.154
53,Corey Conners,-.143
53,Ollie Schniederjans,-.143
53,Gary Woodland,-.143
56,Chez Reavie,-.133
57,Stewart Cink,-.125
57,Brian Gay,-.125
59,Keegan Bradley,-.100
59,Emiliano Grillo,-.100
59,Kevin Kisner,-.100
62,Ryan Blaum,-.091
63,Jason Dufner,-.071
64,Wesley Bryan,E
64,Matt Every,E
64,Stephan Jaeger,E
64,Rory Sabbatini,E
64,Hudson Swafford,E
64,Vaughn Taylor,E
64,Tyrone Van Aswegen,E
71,Scott Brown,+.091
71,D.A. Points,+.091
73,Adam Schenk,+.125
74,Si Woo Kim,+.167
75,Andrew Putnam,+.200
76,Brian Harman,+.250
