rank,player,Avg RTP
1,Roberto Díaz,-2.000
1,Sam Saunders,-2.000
3,Kyle Stanley,-1.333
4,Jonathan Byrd,-1.000
4,Corey Conners,-1.000
4,Joel Dahmen,-1.000
4,Jason Dufner,-1.000
4,Brian Harman,-1.000
4,Tom Hoge,-1.000
4,Matt Jones,-1.000
4,Chris Kirk,-1.000
4,Chez Reavie,-1.000
4,Jordan Spieth,-1.000
4,Xinjun Zhang,-1.000
15,Ryan Armour,-.500
15,Brian Gay,-.500
15,Jerry Kelly,-.500
18,John Oda,-.333
19,Ryan Blaum,E
19,Dominic Bozzelli,E
19,Shugo Imahira,E
19,Si Woo Kim,E
19,Kevin Kisner,E
19,Russell Knox,E
19,D.A. Points,E
19,Andrew Putnam,E
19,Sam Ryder,E
19,Conrad Shindler,E
19,Vaughn Taylor,E
30,Hudson Swafford,+2.000
