rank,player,Avg RTP
1,Ryan Armour,-1.000
1,Sam Ryder,-1.000
1,Ollie Schniederjans,-1.000
1,Gary Woodland,-1.000
5,Blayne Barber,-.500
5,Brandon Harkins,-.500
7,Daniel Berger,E
7,Jonathan Byrd,E
7,Stewart Cink,E
7,Harris English,E
7,Matt Every,E
7,Tony Finau,E
7,Brian Gay,E
7,James Hahn,E
7,Tom Hoge,E
7,Charles Howell III,E
7,Shugo Imahira,E
7,Matt Jones,E
7,Jerry Kelly,E
7,Si Woo Kim,E
7,Russell Knox,E
7,Jason Kokrak,E
7,Nate Lashley,E
7,William McGirt,E
7,Seamus Power,E
7,Rory Sabbatini,E
7,Xander Schauffele,E
7,Adam Schenk,E
7,Conrad Shindler,E
7,Webb Simpson,E
7,J.J. Spaun,E
7,Jordan Spieth,E
7,Kevin Tway,E
34,Corey Conners,+.167
35,Stephan Jaeger,+.333
35,Ryan Palmer,+.333
37,Steve Allan,+.500
37,Keegan Bradley,+.500
37,Joel Dahmen,+.500
37,Zach Johnson,+.500
37,Daisuke Kataoka,+.500
37,Nicholas Lindheim,+.500
43,Dominic Bozzelli,+1.000
43,Wesley Bryan,+1.000
43,Marc Leishman,+1.000
43,Scott Piercy,+1.000
43,Cameron Smith,+1.000
43,Hudson Swafford,+1.000
43,Tyrone Van Aswegen,+1.000
50,Colt Knost,+2.000
