rank,player,Avg RTP
1,Wesley Bryan,-1.000
2,Jordan Spieth,-.667
3,Emiliano Grillo,-.500
3,John Peterson,-.500
3,Jonathan Randolph,-.500
6,Jason Dufner,-.400
7,Dominic Bozzelli,-.333
7,Stewart Cink,-.333
7,Talor Gooch,-.333
7,Brandon Harkins,-.333
7,Andrew Putnam,-.333
7,Conrad Shindler,-.333
7,Kevin Tway,-.333
14,Ryan Blaum,-.200
14,Matt Jones,-.200
16,Tom Hoge,-.167
16,Si Woo Kim,-.167
16,Seamus Power,-.167
19,Ryan Armour,E
19,Daniel Berger,E
19,Scott Brown,E
19,Jonathan Byrd,E
19,Corey Conners,E
19,Austin Cook,E
19,Joel Dahmen,E
19,Roberto Díaz,E
19,Harris English,E
19,Brian Gay,E
19,Lanto Griffin,E
19,James Hahn,E
19,Brian Harman,E
19,Shugo Imahira,E
19,Zach Johnson,E
19,Daisuke Kataoka,E
19,Chris Kirk,E
19,Kevin Kisner,E
19,Patton Kizzire,E
19,Jason Kokrak,E
19,Marc Leishman,E
19,Nicholas Lindheim,E
19,Ben Martin,E
19,William McGirt,E
19,John Oda,E
19,Scott Piercy,E
19,Rory Sabbatini,E
19,Adam Schenk,E
19,J.J. Spaun,E
19,Hudson Swafford,E
19,Vaughn Taylor,E
19,Xinjun Zhang,E
51,D.A. Points,+.200
52,Stephan Jaeger,+.250
52,Cameron Smith,+.250
52,Gary Woodland,+.250
55,Tyrone Van Aswegen,+.286
56,Charles Howell III,+.333
56,Sam Ryder,+.333
56,Xander Schauffele,+.333
56,Ollie Schniederjans,+.333
60,Steve Allan,+.400
60,Russell Knox,+.400
60,Webb Simpson,+.400
63,Blayne Barber,+.500
63,Tony Finau,+.500
63,Chez Reavie,+.500
66,Sam Saunders,+.600
67,Keith Mitchell,+.667
67,Kyle Stanley,+.667
67,Justin Thomas,+.667
70,Keegan Bradley,+.750
71,Jerry Kelly,+1.000
71,Nate Lashley,+1.000
71,Ryan Palmer,+1.000
