rank,player,Avg RTP
1,Kyle Stanley,-.875
2,Ben Martin,-.556
3,Jason Dufner,-.444
3,Jerry Kelly,-.444
5,Chez Reavie,-.429
5,Sam Saunders,-.429
5,Webb Simpson,-.429
5,J.J. Spaun,-.429
9,Brian Gay,-.375
10,Lanto Griffin,-.333
10,Tom Hoge,-.333
10,Chris Kirk,-.333
10,Kevin Kisner,-.333
10,John Oda,-.333
10,John Peterson,-.333
16,Colt Knost,-.300
17,Keegan Bradley,-.286
17,Scott Brown,-.286
17,James Hahn,-.286
17,Si Woo Kim,-.286
17,Andrew Putnam,-.286
22,Corey Conners,-.250
22,Talor Gooch,-.250
24,Brian Stuard,-.231
25,Rory Sabbatini,-.222
25,Xinjun Zhang,-.222
27,Brian Harman,-.200
27,Keith Mitchell,-.200
27,Ryan Palmer,-.200
27,Seamus Power,-.200
27,Kevin Tway,-.200
32,Blayne Barber,-.167
32,Emiliano Grillo,-.167
32,Charles Howell III,-.167
32,Nate Lashley,-.167
32,Scott Piercy,-.167
32,Ollie Schniederjans,-.167
38,Joel Dahmen,-.125
38,Roberto Díaz,-.125
38,Harris English,-.125
38,Conrad Shindler,-.125
42,Ryan Blaum,-.091
43,Steve Allan,E
43,Ryan Armour,E
43,Wesley Bryan,E
43,Matt Every,E
43,Tony Finau,E
43,Brandon Harkins,E
43,Zach Johnson,E
43,Daisuke Kataoka,E
43,Patton Kizzire,E
43,Russell Knox,E
43,Jason Kokrak,E
43,Nicholas Lindheim,E
43,Jonathan Randolph,E
43,Xander Schauffele,E
43,Justin Thomas,E
43,Gary Woodland,E
59,Tyrone Van Aswegen,+.111
60,Matt Jones,+.125
61,Austin Cook,+.143
62,Dominic Bozzelli,+.167
63,Stewart Cink,+.200
63,Shugo Imahira,+.200
63,Stephan Jaeger,+.200
63,William McGirt,+.200
63,Jordan Spieth,+.200
68,Daniel Berger,+.250
68,Jonathan Byrd,+.250
68,Cameron Smith,+.250
68,Vaughn Taylor,+.250
72,Sam Ryder,+.333
73,Hudson Swafford,+.375
74,Adam Schenk,+.400
75,D.A. Points,+.444
76,Marc Leishman,+.500
