rank,player,Avg,Total Actual Hang Time,Total Attempts
1,Ludvig Åberg,6.7,319.9,48
1,Cameron Young,6.7,316.8,47
3,Keegan Bradley,6.6,301.4,46
3,Wyndham Clark,6.6,291.6,44
3,Nick Hardy,6.6,308.2,47
3,Mackenzie Hughes,6.6,332.5,50
3,Justin Rose,6.6,325.3,49
8,Byeong Hun An,6.5,260.9,40
8,Corey Conners,6.5,299.9,46
8,Harris English,6.5,319.8,49
8,Tommy Fleetwood,6.5,331.0,51
8,Chris Kirk,6.5,272.0,42
8,Taylor Moore,6.5,290.3,45
8,Davis Riley,6.5,333.4,51
15,Eric Cole,6.4,281.7,44
15,Jason Day,6.4,212.6,33
15,Nico Echavarria,6.4,315.5,49
15,Tony Finau,6.4,282.2,44
15,Matt Fitzpatrick,6.4,306.1,48
15,Adam Hadwin,6.4,300.8,47
15,Jordan Spieth,6.4,316.0,49
22,Emiliano Grillo,6.3,294.9,47
22,Sungjae Im,6.3,334.7,53
22,Brendon Todd,6.3,308.7,49
25,Patrick Cantlay,6.2,295.5,48
25,Seamus Power,6.2,278.1,45
25,Erik van Rooyen,6.2,292.8,47
28,Brian Harman,6.1,325.0,53
28,Viktor Hovland,6.1,324.6,53
28,Si Woo Kim,6.1,317.7,52
28,Tom Kim,6.1,285.5,47
28,Kurt Kitayama,6.1,260.3,43
28,Luke List,6.1,298.7,49
28,Hideki Matsuyama,6.1,299.7,49
28,Denny McCarthy,6.1,298.1,49
28,Andrew Putnam,6.1,290.8,48
28,Sepp Straka,6.1,291.8,48
28,Adam Svensson,6.1,282.2,46
39,Akshay Bhatia,6.0,246.8,41
39,Sam Burns,6.0,265.3,44
39,Lucas Glover,6.0,282.0,47
39,Max Homa,6.0,297.7,50
39,Vincent Norrman,6.0,293.4,49
39,Patrick Rodgers,6.0,306.2,51
39,Scottie Scheffler,6.0,324.4,54
39,Adam Schenk,6.0,287.4,48
47,Cam Davis,5.9,279.5,47
47,Rickie Fowler,5.9,253.6,43
47,Tyrrell Hatton,5.9,284.1,48
47,Russell Henley,5.9,300.6,51
47,Lee Hodges,5.9,265.2,45
47,Tom Hoge,5.9,291.1,49
47,Xander Schauffele,5.9,236.3,40
47,Sahith Theegala,5.9,289.5,49
55,Collin Morikawa,5.8,279.7,48
55,J.T. Poston,5.8,267.8,46
57,Matt Wallace,5.7,247.1,43
58,Nick Taylor,5.6,267.7,48
59,Camilo Villegas,5.1,229.8,45
