rank,player,Avg,Total Dist. to Impact,Total Attempts
1,Byeong Hun An,308.3,"12,022.0",39
2,Wyndham Clark,297.2,"12,483.8",42
3,Ludvig Åberg,295.7,"13,603.8",46
4,Taylor Moore,292.2,"12,270.4",42
5,Cameron Young,291.1,"13,388.8",46
6,Davis Riley,289.5,"13,605.1",47
7,Viktor Hovland,287.9,"14,684.3",51
8,Patrick Rodgers,287.5,"13,798.8",48
9,Kurt Kitayama,285.2,"11,408.6",40
10,Matt Fitzpatrick,284.7,"13,382.3",47
11,Jason Day,284.6,"9,393.4",33
11,Tony Finau,284.6,"12,238.7",43
13,Eric Cole,284.5,"11,663.0",41
14,Keegan Bradley,284.2,"12,222.0",43
15,Luke List,284.1,"12,783.3",45
15,Jordan Spieth,284.1,"13,636.3",48
17,Nick Hardy,284.0,"12,779.0",45
18,Tommy Fleetwood,282.9,"13,861.9",49
18,Vincent Norrman,282.9,"13,014.6",46
20,Sahith Theegala,282.6,"12,152.0",43
21,Adam Schenk,281.8,"12,963.5",46
22,Chris Kirk,281.6,"10,982.9",39
23,Harris English,281.4,"13,507.6",48
24,Mackenzie Hughes,281.3,"13,785.5",49
25,Scottie Scheffler,281.1,"14,334.3",51
26,Erik van Rooyen,281.0,"12,927.0",46
27,Sam Burns,280.7,"11,507.3",41
28,Cam Davis,280.2,"12,326.7",44
29,Patrick Cantlay,279.8,"13,149.5",47
30,Xander Schauffele,279.4,"9,780.4",35
31,Corey Conners,279.3,"12,570.3",45
32,Sungjae Im,278.7,"14,214.8",51
33,Tom Hoge,278.4,"13,086.6",47
34,Max Homa,278.3,"13,080.8",47
35,Emiliano Grillo,277.3,"12,480.0",45
36,Akshay Bhatia,277.2,"10,534.6",38
37,Adam Hadwin,276.6,"12,444.8",45
38,Justin Rose,276.4,"12,988.9",47
39,Matt Wallace,275.9,"10,760.7",39
40,Hideki Matsuyama,275.7,"12,682.7",46
41,Rickie Fowler,275.0,"10,999.1",40
42,Tyrrell Hatton,274.5,"12,900.2",47
43,Nico Echavarria,274.4,"12,897.1",47
44,Adam Svensson,274.2,"12,337.3",45
45,Seamus Power,273.3,"12,027.0",44
46,Brian Harman,273.1,"13,654.0",50
47,Sepp Straka,272.9,"12,826.9",47
48,J.T. Poston,272.0,"11,423.9",42
49,Collin Morikawa,271.9,"11,961.8",44
50,Tom Kim,271.1,"11,386.9",42
51,Lee Hodges,270.6,"11,092.7",41
52,Lucas Glover,269.0,"11,836.1",44
53,Si Woo Kim,268.7,"13,705.2",51
54,Denny McCarthy,268.4,"12,616.1",47
55,Russell Henley,266.0,"12,501.1",47
56,Brendon Todd,265.8,"12,491.8",47
57,Nick Taylor,265.0,"11,396.6",43
58,Andrew Putnam,262.6,"11,552.3",44
58,Camilo Villegas,262.6,"9,979.0",38
