rank,player,Combined Rank,Carry Efficiency Rank,Total Dist. Effic. Rank
1,Emiliano Grillo,4,3,1
2,Byeong Hun An,10,1,9
2,Brian Harman,10,4,6
4,Sepp Straka,12,10,2
5,Ludvig Åberg,17,2,15
6,Cam Davis,22,15,7
6,Viktor Hovland,22,11,11
6,Sahith Theegala,22,17,5
9,Tommy Fleetwood,28,14,14
10,Rickie Fowler,30,26,4
10,Justin Rose,30,12,18
12,Tom Hoge,33,25,8
12,Chris Kirk,33,6,27
14,Keegan Bradley,38,5,33
15,Wyndham Clark,39,15,24
15,Max Homa,39,36,3
17,Davis Riley,41,9,32
18,Lucas Glover,43,24,19
19,Eric Cole,44,8,36
19,J.T. Poston,44,32,12
19,Brendon Todd,44,23,21
22,Patrick Cantlay,45,35,10
22,Taylor Moore,45,19,26
22,Jordan Spieth,45,20,25
25,Nick Taylor,46,29,17
26,Mackenzie Hughes,51,6,45
26,Sungjae Im,51,21,30
28,Denny McCarthy,55,21,34
29,Tom Kim,57,34,23
30,Collin Morikawa,58,45,13
31,Kurt Kitayama,59,39,20
32,Harris English,60,30,30
33,Erik van Rooyen,61,39,22
34,Jason Day,65,12,53
34,Andrew Putnam,65,50,15
36,Nico Echavarria,66,27,39
37,Russell Henley,70,18,52
38,Nick Hardy,73,28,45
38,Tyrrell Hatton,73,32,41
40,Lee Hodges,75,48,27
41,Matt Fitzpatrick,79,36,43
42,Seamus Power,80,46,34
42,Camilo Villegas,80,53,27
44,Patrick Rodgers,82,43,39
45,Hideki Matsuyama,85,31,54
46,Cameron Young,87,38,49
47,Matt Wallace,88,47,41
48,Adam Hadwin,90,42,48
49,Sam Burns,92,54,38
50,Si Woo Kim,93,49,44
50,Adam Svensson,93,56,37
52,Akshay Bhatia,94,43,51
53,Corey Conners,97,41,56
54,Scottie Scheffler,100,51,49
55,Vincent Norrman,102,55,47
56,Tony Finau,111,57,54
56,Luke List,111,52,59
58,Xander Schauffele,116,58,58
58,Adam Schenk,116,59,57
