rank,player,Avg,Total Vert. Launch Angle,Total Attempts
1,Justin Rose,12.93,633.81,49
2,Keegan Bradley,12.68,583.49,46
3,Jason Day,12.57,414.76,33
4,Chris Kirk,12.43,521.92,42
5,Nico Echavarria,12.37,606.00,49
6,Sepp Straka,12.21,586.04,48
7,Byeong Hun An,12.04,481.53,40
8,Brian Harman,11.76,623.34,53
9,Cam Davis,11.71,550.47,47
10,Tommy Fleetwood,11.67,595.08,51
11,Si Woo Kim,11.60,603.20,52
12,Brendon Todd,11.54,565.41,49
13,Emiliano Grillo,11.38,535.01,47
14,Ludvig Åberg,11.37,545.84,48
15,Denny McCarthy,11.36,556.59,49
15,Davis Riley,11.36,579.59,51
17,Adam Hadwin,11.06,519.61,47
18,Mackenzie Hughes,11.05,552.41,50
19,Eric Cole,11.02,484.88,44
20,Tyrrell Hatton,10.95,525.45,48
20,Viktor Hovland,10.95,580.17,53
22,Erik van Rooyen,10.83,509.01,47
23,Harris English,10.53,515.75,49
24,Tom Hoge,10.50,514.66,49
25,Cameron Young,10.46,491.72,47
26,Tom Kim,10.43,490.19,47
27,Max Homa,10.25,512.43,50
28,J.T. Poston,10.13,466.02,46
29,Corey Conners,10.11,465.01,46
30,Nick Hardy,10.00,470.13,47
31,Sungjae Im,9.98,528.77,53
32,Sam Burns,9.93,436.78,44
33,Hideki Matsuyama,9.88,484.00,49
34,Sahith Theegala,9.81,480.90,49
35,Russell Henley,9.80,499.84,51
36,Rickie Fowler,9.79,421.12,43
37,Andrew Putnam,9.68,464.50,48
38,Scottie Scheffler,9.59,517.64,54
39,Lee Hodges,9.56,430.03,45
40,Collin Morikawa,9.51,456.50,48
41,Taylor Moore,9.50,427.56,45
42,Akshay Bhatia,9.33,382.38,41
42,Nick Taylor,9.33,447.63,48
44,Jordan Spieth,9.32,456.65,49
45,Matt Fitzpatrick,9.30,446.22,48
46,Wyndham Clark,9.28,408.43,44
47,Matt Wallace,9.27,398.52,43
48,Lucas Glover,9.26,435.06,47
49,Luke List,9.18,450.06,49
50,Kurt Kitayama,9.14,392.86,43
51,Seamus Power,9.05,407.27,45
52,Patrick Rodgers,8.86,451.81,51
53,Xander Schauffele,8.83,353.14,40
54,Camilo Villegas,8.67,390.26,45
55,Patrick Cantlay,8.61,413.18,48
56,Adam Svensson,8.08,371.68,46
57,Tony Finau,8.01,352.51,44
58,Vincent Norrman,7.68,376.28,49
59,Adam Schenk,6.26,300.39,48
