rank,player,Avg,Total Club Head Speed,Total Attempts
1,Adam Schenk,122.09,"2,685.97",22
2,Tony Finau,121.42,"2,549.88",21
3,Cameron Young,121.22,"2,545.70",21
4,Wyndham Clark,121.14,"2,422.73",20
5,Xander Schauffele,121.00,"2,178.01",18
6,Patrick Rodgers,120.37,"2,527.71",21
7,Vincent Norrman,120.34,"2,406.78",20
8,Luke List,120.21,"2,283.98",19
9,Taylor Moore,119.58,"2,511.15",21
10,Sam Burns,119.14,"2,144.52",18
11,Byeong Hun An,119.08,"2,500.64",21
12,Kurt Kitayama,118.82,"2,138.83",18
13,Scottie Scheffler,118.76,"2,612.82",22
14,Matt Fitzpatrick,118.56,"2,252.70",19
15,Davis Riley,117.15,"2,343.08",20
16,Ludvig Åberg,117.10,"2,459.05",21
17,Erik van Rooyen,117.09,"2,576.08",22
18,Nick Hardy,117.08,"2,341.56",20
19,Adam Svensson,116.91,"2,338.12",20
20,Viktor Hovland,116.86,"2,570.92",22
21,Corey Conners,116.50,"2,213.50",19
22,Harris English,116.46,"2,562.13",22
23,Patrick Cantlay,116.42,"2,212.02",19
24,Jordan Spieth,116.38,"2,211.21",19
25,Akshay Bhatia,116.09,"1,625.31",14
26,Max Homa,115.89,"2,317.83",20
27,Matt Wallace,115.83,"2,316.53",20
28,Jason Day,115.63,"1,734.41",15
29,Adam Hadwin,115.57,"2,427.00",21
30,Sahith Theegala,115.42,"2,423.82",21
31,Eric Cole,115.16,"1,842.50",16
32,Tommy Fleetwood,115.04,"2,530.84",22
33,Seamus Power,114.70,"2,408.71",21
34,Keegan Bradley,114.62,"2,177.72",19
35,Tom Hoge,114.60,"2,521.16",22
36,Sungjae Im,114.32,"2,286.45",20
37,Hideki Matsuyama,114.22,"2,055.90",18
38,Cam Davis,114.14,"1,940.43",17
39,Collin Morikawa,114.02,"2,280.43",20
40,Chris Kirk,113.91,"1,936.54",17
41,Mackenzie Hughes,113.78,"2,161.77",19
42,Tyrrell Hatton,113.74,"2,274.87",20
43,Lee Hodges,113.73,"2,274.64",20
44,Rickie Fowler,113.26,"2,491.63",22
45,Si Woo Kim,113.24,"2,604.58",23
46,Nico Echavarria,113.06,"2,261.13",20
47,J.T. Poston,112.74,"1,916.52",17
48,Tom Kim,112.46,"2,361.75",21
49,Justin Rose,112.26,"2,245.15",20
50,Emiliano Grillo,111.33,"2,003.92",18
51,Camilo Villegas,111.25,"2,224.96",20
52,Andrew Putnam,110.74,"2,104.01",19
53,Lucas Glover,110.54,"2,100.30",19
54,Sepp Straka,110.52,"2,210.36",20
55,Denny McCarthy,110.09,"2,201.72",20
56,Brian Harman,109.78,"2,085.76",19
57,Nick Taylor,109.61,"2,082.50",19
58,Brendon Todd,109.15,"1,964.75",18
59,Russell Henley,108.69,"1,847.78",17
