rank,player,Avg,Total Apex Range,Total Attempts
1,Wyndham Clark,200.6,"8,825.0",44
2,Byeong Hun An,199.5,"7,978.9",40
3,Cameron Young,196.9,"9,256.4",47
4,Ludvig Åberg,196.2,"9,419.8",48
4,Taylor Moore,196.2,"8,827.3",45
6,Tony Finau,195.1,"8,586.5",44
7,Davis Riley,194.1,"9,899.3",51
8,Adam Schenk,193.6,"9,291.2",48
9,Nick Hardy,193.0,"9,071.0",47
9,Vincent Norrman,193.0,"9,456.9",49
9,Patrick Rodgers,193.0,"9,841.9",51
12,Jordan Spieth,192.2,"9,418.4",49
13,Harris English,191.5,"9,385.2",49
14,Matt Fitzpatrick,191.0,"9,170.3",48
15,Corey Conners,190.5,"8,764.3",46
16,Kurt Kitayama,190.4,"8,186.0",43
17,Xander Schauffele,189.9,"7,597.0",40
18,Tommy Fleetwood,189.8,"9,679.0",51
19,Mackenzie Hughes,189.5,"9,477.0",50
20,Sam Burns,189.1,"8,318.3",44
21,Patrick Cantlay,188.9,"9,065.9",48
22,Jason Day,188.8,"6,230.7",33
23,Luke List,188.7,"9,246.7",49
24,Keegan Bradley,188.1,"8,651.9",46
24,Eric Cole,188.1,"8,276.9",44
26,Scottie Scheffler,187.2,"10,109.9",54
27,Chris Kirk,187.1,"7,856.6",42
28,Adam Hadwin,187.0,"8,788.6",47
29,Viktor Hovland,186.7,"9,893.6",53
30,Sungjae Im,186.6,"9,890.4",53
31,Erik van Rooyen,186.4,"8,762.2",47
32,Adam Svensson,186.1,"8,562.0",46
33,Matt Wallace,185.5,"7,977.5",43
34,Akshay Bhatia,185.0,"7,584.5",41
35,Seamus Power,184.1,"8,284.9",45
36,Hideki Matsuyama,183.8,"9,005.9",49
37,Max Homa,183.2,"9,160.3",50
38,Justin Rose,182.9,"8,962.2",49
39,Nico Echavarria,182.7,"8,952.1",49
40,Sahith Theegala,182.5,"8,942.1",49
41,Collin Morikawa,182.3,"8,748.4",48
42,Rickie Fowler,182.1,"7,828.5",43
43,Emiliano Grillo,182.0,"8,556.3",47
44,Lee Hodges,181.9,"8,186.4",45
45,Cam Davis,180.7,"8,495.2",47
45,Tom Kim,180.7,"8,490.7",47
47,Tom Hoge,180.0,"8,819.6",49
48,Tyrrell Hatton,179.8,"8,628.6",48
49,Lucas Glover,179.7,"8,445.8",47
50,J.T. Poston,177.7,"8,174.6",46
51,Sepp Straka,177.6,"8,524.6",48
52,Denny McCarthy,176.7,"8,657.6",49
53,Brendon Todd,176.5,"8,649.5",49
54,Brian Harman,176.4,"9,349.0",53
55,Si Woo Kim,175.9,"9,148.2",52
55,Andrew Putnam,175.9,"8,445.3",48
57,Russell Henley,174.1,"8,880.9",51
58,Nick Taylor,171.9,"8,250.3",48
59,Camilo Villegas,163.8,"7,369.5",45
