rank,player,Avg (Yards),Total Distance (inches),Number of Approach Shots
1,Jordan Spieth,80.6,"5,800",2
2,Sam Burns,103.7,"18,659",5
3,Denny McCarthy,118.8,"25,651",6
4,Matt Fitzpatrick,121.2,"21,821",5
5,Patrick Rodgers,128.4,"23,111",5
6,Andrew Putnam,129.7,"28,023",6
7,Tommy Fleetwood,129.8,"32,712",7
8,Max Homa,131.2,"23,608",5
9,Sahith Theegala,132.3,"14,284",3
10,Davis Riley,136.0,"44,066",9
11,Mackenzie Hughes,139.9,"25,182",5
12,Rickie Fowler,143.8,"62,137",12
13,Luke List,144.1,"25,944",5
14,Harris English,144.3,"36,372",7
14,Hideki Matsuyama,144.3,"46,760",9
16,Ludvig Åberg,144.6,"41,644",8
17,Justin Rose,145.0,"31,321",6
18,Akshay Bhatia,147.0,"21,166",4
19,Brendon Todd,148.4,"37,386",7
20,Nick Taylor,148.7,"37,471",7
21,Kurt Kitayama,150.1,"27,021",5
22,Nico Echavarria,150.4,"32,479",6
23,Seamus Power,152.2,"38,352",7
24,Sungjae Im,152.3,"43,869",8
25,Jason Day,152.6,"21,977",4
26,Brian Harman,154.2,"27,764",5
27,Patrick Cantlay,154.9,"22,302",4
28,Emiliano Grillo,156.8,"28,227",5
28,Tom Kim,156.8,"33,875",6
30,Keegan Bradley,157.0,"50,867",9
31,Si Woo Kim,157.1,"16,969",3
32,Tyrrell Hatton,157.2,"22,633",4
33,Matt Wallace,160.1,"28,814",5
34,Taylor Moore,160.3,"40,406",7
35,Adam Hadwin,161.4,"23,238",4
36,Byeong Hun An,163.2,"29,369",5
37,Lucas Glover,164.4,"17,751",3
38,Cam Davis,165.2,"29,738",5
39,Wyndham Clark,169.0,"18,249",3
40,Russell Henley,169.3,"48,766",8
41,Lee Hodges,170.9,"49,215",8
42,Corey Conners,171.6,"30,889",5
43,Nick Hardy,172.2,"37,190",6
44,Tony Finau,173.1,"56,069",9
45,Camilo Villegas,174.6,"31,428",5
46,Scottie Scheffler,176.2,"25,376",4
47,Viktor Hovland,178.3,"19,251",3
48,Chris Kirk,181.6,"6,536",1
49,Sepp Straka,182.5,"32,849",5
50,Erik van Rooyen,182.7,"26,307",4
51,J.T. Poston,183.0,"13,176",2
52,Vincent Norrman,185.5,"60,107",9
53,Adam Svensson,187.4,"47,223",7
54,Adam Schenk,196.9,"28,347",4
55,Tom Hoge,202.8,"51,099",7
56,Xander Schauffele,212.8,"7,659",1
57,Collin Morikawa,225.4,"8,115",1
58,Eric Cole,232.6,"25,124",3
59,Cameron Young,253.9,"45,706",5
