rank,player,Distance,Tournament,Round- Course,Hole
1,Hideki Matsuyama,38,Sentry,3,14
2,Tyrrell Hatton,32,Sentry,2,18
3,Nick Taylor,31,Sentry,1,15
4,Tony Finau,27,Sentry,1,5
5,Russell Henley,17,Sentry,4,8
6,Taylor Moore,16,Sentry,4,9
7,Tommy Fleetwood,13,Sentry,3,2
8,J.T. Poston,12,Sentry,2,2
9,Cameron Young,10,Sentry,3,16
10,Ludvig Åberg,7,Sentry,4,7
11,Byeong Hun An,7,Sentry,3,4
12,Brendon Todd,7,Sentry,1,10
13,Chris Kirk,7,Sentry,3,15
14,Adam Svensson,6,Sentry,3,7
15,Davis Riley,5,Sentry,4,4
16,Akshay Bhatia,4,Sentry,3,3
