rank,player,Avg (Yards),Total Distance (inches),Number of Approach Shots
1,Ludvig Åberg,152.2,"131,467",24
2,Nick Hardy,161.9,"116,584",20
3,Camilo Villegas,162.7,"105,430",18
4,Adam Svensson,166.6,"143,921",24
5,Tony Finau,169.6,"152,643",25
5,Tom Hoge,169.6,"146,570",24
7,Byeong Hun An,170.2,"177,691",29
8,J.T. Poston,171.5,"166,744",27
9,Collin Morikawa,172.4,"155,142",25
10,Davis Riley,173.1,"149,520",24
11,Denny McCarthy,174.3,"138,071",22
12,Brendon Todd,174.7,"157,198",25
13,Eric Cole,175.4,"164,143",26
14,Seamus Power,176.0,"126,715",20
15,Tyrrell Hatton,176.1,"164,819",26
16,Sam Burns,177.4,"134,127",21
17,Jason Day,178.3,"179,716",28
18,Nico Echavarria,179.0,"167,524",26
19,Cameron Young,179.3,"161,344",25
20,Sahith Theegala,180.3,"201,247",31
21,Hideki Matsuyama,180.9,"110,688",17
22,Justin Rose,181.4,"163,291",25
23,Kurt Kitayama,186.0,"153,991",23
24,Matt Fitzpatrick,187.0,"175,038",26
24,Andrew Putnam,187.0,"154,877",23
26,Lucas Glover,187.9,"155,588",23
26,Jordan Spieth,187.9,"202,902",30
28,Rickie Fowler,188.3,"169,428",25
29,Erik van Rooyen,189.0,"163,302",24
30,Keegan Bradley,189.1,"149,801",22
31,Sepp Straka,189.4,"184,064",27
32,Taylor Moore,190.8,"171,746",25
33,Lee Hodges,191.2,"117,010",17
34,Harris English,192.6,"173,308",25
35,Emiliano Grillo,192.8,"152,665",22
36,Luke List,193.1,"166,810",24
37,Patrick Cantlay,193.9,"181,486",26
37,Mackenzie Hughes,193.9,"174,525",25
39,Chris Kirk,194.7,"210,273",30
40,Sungjae Im,194.9,"238,589",34
41,Vincent Norrman,195.6,"105,601",15
42,Akshay Bhatia,196.6,"191,073",27
43,Si Woo Kim,197.3,"156,274",22
44,Viktor Hovland,197.9,"170,991",24
45,Brian Harman,198.6,"200,199",28
46,Tommy Fleetwood,199.0,"150,430",21
47,Matt Wallace,200.0,"151,204",21
48,Russell Henley,200.9,"144,683",20
49,Scottie Scheffler,201.3,"202,900",28
50,Nick Taylor,201.4,"137,775",19
51,Wyndham Clark,201.9,"159,898",22
52,Xander Schauffele,204.6,"176,746",24
53,Cam Davis,206.3,"170,823",23
54,Corey Conners,209.3,"165,727",22
55,Max Homa,209.4,"203,505",27
56,Tom Kim,209.9,"128,489",17
57,Adam Hadwin,211.7,"213,352",28
58,Patrick Rodgers,216.5,"202,628",26
59,Adam Schenk,225.8,"178,862",22
