rank,player,%,Attempts
1,Retief Goosen,100.00,8
2,Tommy Armour III,87.50,7
2,Paul Azinger,87.50,7
2,Stewart Cink,87.50,7
2,Justin Rose,87.50,7
2,Adam Scott,87.50,7
2,Vijay Singh,87.50,7
8,Woody Austin,75.00,6
8,Briny Baird,75.00,6
8,Jason Bohn,75.00,6
8,D.J. Brigman,75.00,6
8,Bart Bryant,75.00,6
8,Ben Crane,75.00,6
8,Joe Durant,75.00,6
8,Ernie Els,75.00,6
8,Tim Herron,75.00,6
8,Franklin Langham,75.00,6
8,Andrew Magee,75.00,6
8,Ryan Palmer,75.00,6
8,Chris Riley,75.00,6
8,Joey Snyder III,75.00,6
8,David Toms,75.00,6
8,D.J. Trahan,75.00,6
8,Charles Warren,75.00,6
25,Steve Allan,62.50,5
25,Jonathan Byrd,62.50,5
25,Tom Byrum,62.50,5
25,Daniel Chopra,62.50,5
25,Steve Flesch,62.50,5
25,Jim Furyk,62.50,5
25,Robert Gamez,62.50,5
25,Paul Gow,62.50,5
25,Todd Hamilton,62.50,5
25,Charles Howell III,62.50,5
25,Steve Jones,62.50,5
25,Hank Kuehne,62.50,5
25,Tom Lehman,62.50,5
25,Jeff Maggert,62.50,5
25,Billy Mayfair,62.50,5
25,Sean O'Hair,62.50,5
25,Arron Oberholser,62.50,5
25,Greg Owen,62.50,5
25,Craig Parry,62.50,5
25,Pat Perez,62.50,5
25,Tom Pernice Jr.,62.50,5
25,D.A. Points,62.50,5
25,Brett Quigley,62.50,5
25,Rob Rashell,62.50,5
25,Loren Roberts,62.50,5
25,Heath Slocum,62.50,5
25,Jeff Sluman,62.50,5
25,Craig Stadler,62.50,5
25,Omar Uresti,62.50,5
25,Duffy Waldorf,62.50,5
25,Nick Watney,62.50,5
56,Jason Allred,50.00,4
56,Chad Campbell,50.00,4
56,Luke Donald,50.00,4
56,Brent Geiberger,50.00,4
56,Peter Jacobsen,50.00,4
56,Shigeki Maruyama,50.00,4
56,Dick Mast,50.00,4
56,Shaun Micheel,50.00,4
56,Jesper Parnevik,50.00,4
65,Rich Beem,37.50,3
65,John Cook,37.50,3
65,Ryuji Imada,37.50,3
65,Zach Johnson,37.50,3
65,Jonathan Kaye,37.50,3
65,Tom Kite,37.50,3
65,Greg Meyer,37.50,3
65,Sean Murphy,37.50,3
65,John Riegger,37.50,3
65,Rory Sabbatini,37.50,3
65,Dean Wilson,37.50,3
76,Brian Gay,25.00,2
76,Larry Mize,25.00,2
78,Bob Estes,12.50,1
