rank,player,%,# of Birdie or Better,Attempts,RTP-Successes,RTP-Not going for the grn
1,Luke Donald,100.00,4,4,-4,-1.00
1,Brian Gay,100.00,3,3,-3,-2.00
1,Charles Howell III,100.00,6,6,-7,-2.00
1,Peter Jacobsen,100.00,4,4,-4,-3.00
1,Zach Johnson,100.00,4,4,-4,-1.00
1,Jonathan Kaye,100.00,4,4,-4,-1.00
1,Shigeki Maruyama,100.00,5,5,-6,-2.00
1,Dick Mast,100.00,4,4,-4,+1.00
1,Larry Mize,100.00,2,2,-2,-1.00
1,Nick Watney,100.00,8,8,-8,E
11,Retief Goosen,90.00,9,10,-9,-1.00
12,Tommy Armour III,87.50,7,8,-8,E
13,Bart Bryant,85.71,6,7,-6,-1.00
13,Andrew Magee,85.71,6,7,-7,-3.00
13,Jeff Sluman,85.71,6,7,-7,E
13,Craig Stadler,85.71,6,7,-6,-2.00
17,Briny Baird,83.33,5,6,-5,-1.00
17,Todd Hamilton,83.33,5,6,-5,+2.00
17,Shaun Micheel,83.33,5,6,-6,-1.00
17,Greg Owen,83.33,5,6,-5,-2.00
21,Ernie Els,80.00,8,10,-10,-1.00
21,Brent Geiberger,80.00,4,5,-6,-2.00
21,Craig Parry,80.00,4,5,-4,-2.00
21,John Riegger,80.00,4,5,-5,-3.00
21,Loren Roberts,80.00,4,5,-4,-1.00
26,Tim Herron,75.00,6,8,-6,-1.00
26,Sean Murphy,75.00,3,4,-3,-2.00
26,Ryan Palmer,75.00,6,8,-7,+3.00
26,Rory Sabbatini,75.00,3,4,-4,-2.00
26,David Toms,75.00,6,8,-6,E
31,Jason Bohn,71.43,5,7,-8,+1.00
31,D.J. Brigman,71.43,5,7,-5,-1.00
31,Chad Campbell,71.43,5,7,-5,-3.00
31,Ben Crane,71.43,5,7,-5,-2.00
31,Jim Furyk,71.43,5,7,-6,-2.00
31,Robert Gamez,71.43,5,7,-6,-2.00
31,Jeff Maggert,71.43,5,7,-5,-1.00
31,Joey Snyder III,71.43,5,7,-5,+1.00
39,Vijay Singh,70.00,7,10,-9,E
40,Tom Byrum,66.67,4,6,-4,-3.00
40,Bob Estes,66.67,2,3,-2,+2.00
40,Steve Flesch,66.67,4,6,-5,-1.00
40,Tom Kite,66.67,2,3,-2,E
40,Billy Mayfair,66.67,4,6,-4,E
40,Brett Quigley,66.67,6,9,-7,E
40,Rob Rashell,66.67,4,6,-4,-2.00
40,Omar Uresti,66.67,4,6,-4,E
40,Duffy Waldorf,66.67,4,6,-4,E
49,Woody Austin,62.50,5,8,-6,+1.00
49,Jonathan Byrd,62.50,5,8,-5,-1.00
49,Joe Durant,62.50,5,8,-5,-1.00
52,Rich Beem,60.00,3,5,-4,-1.00
52,Paul Gow,60.00,3,5,-3,+1.00
52,Dean Wilson,60.00,3,5,-3,+1.00
55,Jason Allred,57.14,4,7,-4,+1.00
55,Daniel Chopra,57.14,4,7,-4,-1.00
55,Franklin Langham,57.14,4,7,-5,E
55,Tom Lehman,57.14,4,7,-4,-2.00
55,Sean O'Hair,57.14,4,7,-4,-1.00
55,Chris Riley,57.14,4,7,-4,-3.00
55,Heath Slocum,57.14,4,7,-4,-2.00
62,Steve Allan,50.00,4,8,-4,-2.00
62,Paul Azinger,50.00,4,8,-4,-1.00
62,Ryuji Imada,50.00,2,4,-2,+2.00
62,Greg Meyer,50.00,2,4,-2,+1.00
62,Jesper Parnevik,50.00,3,6,-4,-2.00
62,Justin Rose,50.00,4,8,-4,E
62,Adam Scott,50.00,5,10,-7,E
69,Pat Perez,44.44,4,9,-4,E
70,Charles Warren,40.00,4,10,-5,+1.00
71,D.J. Trahan,37.50,3,8,-3,-2.00
72,Stewart Cink,33.33,3,9,-4,E
72,John Cook,33.33,1,3,-1,-1.00
72,Hank Kuehne,33.33,3,9,-3,-1.00
72,Arron Oberholser,33.33,2,6,-2,-2.00
76,D.A. Points,28.57,2,7,-2,E
77,Tom Pernice Jr.,25.00,2,8,-2,E
78,Steve Jones,16.67,1,6,-1,-1.00
