rank,player,%,Attempts,Non-Attempts,RTP-Going for the green,RTP-Not going for the grn
1,Ernie Els,83.33,10,2,-10,-1
1,Retief Goosen,83.33,10,2,-9,-1
1,Adam Scott,83.33,10,2,-7,E
1,Vijay Singh,83.33,10,2,-9,E
1,Charles Warren,83.33,10,2,-5,+1
6,Stewart Cink,75.00,9,3,-4,E
6,Hank Kuehne,75.00,9,3,-3,-1
6,Pat Perez,75.00,9,3,-4,E
6,Brett Quigley,75.00,9,3,-7,E
10,Steve Allan,66.67,8,4,-4,-2
10,Tommy Armour III,66.67,8,4,-7,E
10,Woody Austin,66.67,8,4,-6,+1
10,Paul Azinger,66.67,8,4,-4,-1
10,Jonathan Byrd,66.67,8,4,-5,-1
10,Joe Durant,66.67,8,4,-5,-1
10,Tim Herron,66.67,8,4,-6,-1
10,Ryan Palmer,66.67,8,4,-7,+3
10,Tom Pernice Jr.,66.67,8,4,-2,E
10,Justin Rose,66.67,8,4,-4,E
10,David Toms,66.67,8,4,-6,E
10,D.J. Trahan,66.67,8,4,-3,-2
10,Nick Watney,66.67,8,4,-8,E
23,Jason Allred,58.33,7,5,-4,+1
23,Jason Bohn,58.33,7,5,-8,+1
23,D.J. Brigman,58.33,7,5,-5,-1
23,Bart Bryant,58.33,7,5,-6,-1
23,Chad Campbell,58.33,7,5,-5,-3
23,Daniel Chopra,58.33,7,5,-4,-1
23,Ben Crane,58.33,7,5,-5,-2
23,Jim Furyk,58.33,7,5,-6,-2
23,Robert Gamez,58.33,7,5,-6,-2
23,Franklin Langham,58.33,7,5,-5,E
23,Tom Lehman,58.33,7,5,-4,-2
23,Andrew Magee,58.33,7,5,-7,-3
23,Jeff Maggert,58.33,7,5,-5,-1
23,Sean O'Hair,58.33,7,5,-4,-1
23,D.A. Points,58.33,7,5,-2,E
23,Chris Riley,58.33,7,5,-4,-3
23,Heath Slocum,58.33,7,5,-4,-2
23,Jeff Sluman,58.33,7,5,-7,E
23,Joey Snyder III,58.33,7,5,-5,+1
23,Craig Stadler,58.33,7,5,-6,-2
43,Briny Baird,50.00,6,6,-5,-1
43,Tom Byrum,50.00,6,6,-4,-3
43,Steve Flesch,50.00,6,6,-5,-1
43,Todd Hamilton,50.00,6,6,-5,+2
43,Charles Howell III,50.00,6,6,-7,-2
43,Steve Jones,50.00,6,6,-1,-1
43,Billy Mayfair,50.00,6,6,-4,E
43,Shaun Micheel,50.00,6,6,-6,-1
43,Arron Oberholser,50.00,6,6,-1,-2
43,Greg Owen,50.00,6,6,-5,-2
43,Jesper Parnevik,50.00,6,6,-4,-2
43,Rob Rashell,50.00,6,6,-4,-2
43,Omar Uresti,50.00,6,6,-4,E
43,Duffy Waldorf,50.00,6,6,-4,E
57,Rich Beem,41.67,5,7,-4,-1
57,Brent Geiberger,41.67,5,7,-6,-2
57,Paul Gow,41.67,5,7,-3,+1
57,Shigeki Maruyama,41.67,5,7,-6,-2
57,Craig Parry,41.67,5,7,-4,-2
57,John Riegger,41.67,5,7,-5,-3
57,Loren Roberts,41.67,5,7,-4,-1
57,Dean Wilson,41.67,5,7,-3,+1
65,Luke Donald,33.33,4,8,-4,-1
65,Ryuji Imada,33.33,4,8,-2,+2
65,Peter Jacobsen,33.33,4,8,-4,-3
65,Zach Johnson,33.33,4,8,-4,-1
65,Jonathan Kaye,33.33,4,8,-4,-1
65,Dick Mast,33.33,4,8,-4,+1
65,Greg Meyer,33.33,4,8,-2,+1
65,Sean Murphy,33.33,4,8,-3,-2
65,Rory Sabbatini,33.33,4,8,-4,-2
74,John Cook,25.00,3,9,-1,-1
74,Bob Estes,25.00,3,9,-2,+2
74,Brian Gay,25.00,3,9,-3,-2
74,Tom Kite,25.00,3,9,-2,E
78,Larry Mize,16.67,2,10,-2,-1
