rank,player,Avg,Total Dist after GFG Shot,Total GFG Shots
1,Peter Jacobsen,13.9,"2,001.000",4
2,Brent Geiberger,14.2,"2,558.000",5
3,Briny Baird,14.3,"3,091.000",6
4,Larry Mize,14.6,"1,048.000",2
5,Greg Meyer,15.9,"2,284.000",4
6,Charles Howell III,16.5,"3,555.000",6
7,Craig Parry,17.5,"3,156.000",5
8,Ernie Els,17.8,"6,407.000",10
9,Justin Rose,17.9,"5,152.000",8
10,Jonathan Kaye,18.4,"2,650.000",4
11,Ben Crane,19.4,"4,880.000",7
12,Brian Gay,19.6,"2,116.000",3
12,Loren Roberts,19.6,"3,535.000",5
14,Steve Flesch,19.7,"4,255.000",6
15,Robert Gamez,20.2,"5,100.000",7
16,Duffy Waldorf,20.4,"4,403.000",6
17,Jason Bohn,20.5,"5,156.000",7
18,Nick Watney,20.7,"5,964.000",8
19,Vijay Singh,21.0,"7,561.000",10
20,Tommy Armour III,21.1,"6,085.000",8
21,Ryan Palmer,21.3,"6,136.000",8
22,Greg Owen,21.4,"4,620.000",6
23,Joey Snyder III,21.6,"5,455.000",7
24,Todd Hamilton,21.7,"4,694.000",6
24,Billy Mayfair,21.7,"4,681.000",6
24,Sean O'Hair,21.7,"5,463.000",7
27,Dick Mast,22.0,"3,169.000",4
28,Steve Allan,22.3,"6,418.000",8
29,Bart Bryant,22.7,"5,727.000",7
29,Jesper Parnevik,22.7,"4,909.000",6
31,Adam Scott,22.8,"8,222.000",10
32,Jeff Maggert,23.1,"5,831.000",7
33,Charles Warren,23.4,"8,426.000",10
34,Arron Oberholser,23.5,"5,066.000",6
35,Paul Azinger,23.6,"6,785.000",8
35,Chad Campbell,23.6,"5,937.000",7
35,Jim Furyk,23.6,"5,956.000",7
35,Paul Gow,23.6,"4,250.000",5
39,Zach Johnson,23.7,"3,409.000",4
39,Andrew Magee,23.7,"5,962.000",7
41,Sean Murphy,23.9,"3,447.000",4
42,John Cook,24.0,"2,589.000",3
42,Retief Goosen,24.0,"8,630.000",10
44,Jonathan Byrd,24.1,"6,947.000",8
45,David Toms,24.2,"6,964.000",8
46,Woody Austin,24.3,"6,985.000",8
46,Hank Kuehne,24.3,"7,869.000",9
46,Brett Quigley,24.3,"7,866.000",9
46,Rob Rashell,24.3,"5,240.000",6
50,John Riegger,25.1,"4,520.000",5
51,Luke Donald,25.2,"3,634.000",4
51,Rory Sabbatini,25.2,"3,634.000",4
53,Rich Beem,25.4,"4,566.000",5
54,Tim Herron,25.7,"7,409.000",8
55,D.J. Brigman,25.8,"6,500.000",7
55,Franklin Langham,25.8,"6,505.000",7
57,Tom Byrum,26.0,"5,626.000",6
57,Shigeki Maruyama,26.0,"4,675.000",5
59,Stewart Cink,26.3,"8,524.000",9
59,Chris Riley,26.3,"6,634.000",7
61,Shaun Micheel,26.4,"5,698.000",6
62,D.J. Trahan,26.8,"7,716.000",8
63,Daniel Chopra,27.8,"7,008.000",7
64,Jeff Sluman,28.0,"7,049.000",7
65,Tom Kite,28.6,"3,091.000",3
66,D.A. Points,29.0,"7,298.000",7
67,Craig Stadler,29.5,"7,422.000",7
68,Joe Durant,29.8,"8,593.000",8
68,Tom Pernice Jr.,29.8,"8,569.000",8
70,Bob Estes,30.4,"3,281.000",3
70,Ryuji Imada,30.4,"4,372.000",4
72,Tom Lehman,30.6,"7,700.000",7
73,Dean Wilson,31.0,"5,571.000",5
74,Pat Perez,31.4,"10,166.000",9
74,Omar Uresti,31.4,"6,779.000",6
76,Jason Allred,32.3,"8,135.000",7
77,Steve Jones,32.5,"7,028.000",6
78,Heath Slocum,35.0,"8,817.000",7
