rank,player,%,Successes,Attempts,RTP-Successes,RTP-Not going for the grn
1,Charles Howell III,83.33,5,6,-6,-2.00
2,Brent Geiberger,80.00,4,5,-6,-2.00
3,Jonathan Kaye,75.00,3,4,-3,-1.00
4,Brian Gay,66.67,2,3,-2,-2.00
4,Jesper Parnevik,66.67,4,6,-4,-2.00
6,Shigeki Maruyama,60.00,3,5,-3,-2.00
6,John Riegger,60.00,3,5,-4,-3.00
8,Andrew Magee,57.14,4,7,-5,-3.00
8,Jeff Maggert,57.14,4,7,-4,-1.00
8,Sean O'Hair,57.14,4,7,-3,-1.00
11,Briny Baird,50.00,3,6,-3,-1.00
11,Peter Jacobsen,50.00,2,4,-2,-3.00
11,Zach Johnson,50.00,2,4,-2,-1.00
11,Billy Mayfair,50.00,3,6,-3,E
11,Greg Meyer,50.00,2,4,-2,+1.00
11,Larry Mize,50.00,1,2,-1,-1.00
11,Sean Murphy,50.00,2,4,-2,-2.00
11,Greg Owen,50.00,3,6,-3,-2.00
19,Bart Bryant,42.86,3,7,-3,-1.00
19,Chad Campbell,42.86,3,7,-3,-3.00
19,Robert Gamez,42.86,3,7,-4,-2.00
22,Rich Beem,40.00,2,5,-3,-1.00
22,Ernie Els,40.00,4,10,-6,-1.00
22,Craig Parry,40.00,2,5,-2,-2.00
22,Loren Roberts,40.00,2,5,-2,-1.00
22,Vijay Singh,40.00,4,10,-6,E
22,Charles Warren,40.00,4,10,-3,+1.00
22,Dean Wilson,40.00,2,5,-2,+1.00
29,Tommy Armour III,37.50,3,8,-4,E
29,Justin Rose,37.50,3,8,-3,E
29,David Toms,37.50,3,8,-3,E
32,Tom Byrum,33.33,2,6,-2,-3.00
32,John Cook,33.33,1,3,-1,-1.00
32,Steve Flesch,33.33,2,6,-3,-1.00
32,Shaun Micheel,33.33,2,6,-3,-1.00
32,Arron Oberholser,33.33,2,6,-2,-2.00
32,Rob Rashell,33.33,2,6,-2,-2.00
32,Omar Uresti,33.33,2,6,-2,E
32,Duffy Waldorf,33.33,2,6,-2,E
40,Adam Scott,30.00,3,10,-4,E
41,Jason Bohn,28.57,2,7,-3,+1.00
41,Daniel Chopra,28.57,2,7,-2,-1.00
41,Ben Crane,28.57,2,7,-1,-2.00
41,D.A. Points,28.57,2,7,-2,E
41,Jeff Sluman,28.57,2,7,-3,E
41,Joey Snyder III,28.57,2,7,-2,+1.00
41,Craig Stadler,28.57,2,7,-2,-2.00
48,Steve Allan,25.00,2,8,-2,-2.00
48,Woody Austin,25.00,2,8,-2,+1.00
48,Paul Azinger,25.00,2,8,-2,-1.00
48,Tim Herron,25.00,2,8,-2,-1.00
48,Dick Mast,25.00,1,4,-1,+1.00
48,Ryan Palmer,25.00,2,8,-3,+3.00
48,Rory Sabbatini,25.00,1,4,-2,-2.00
48,D.J. Trahan,25.00,2,8,-2,-2.00
56,Stewart Cink,22.22,2,9,-3,E
56,Hank Kuehne,22.22,2,9,-1,-1.00
56,Brett Quigley,22.22,2,9,-3,E
59,Retief Goosen,20.00,2,10,-2,-1.00
59,Paul Gow,20.00,1,5,E,+1.00
61,Todd Hamilton,16.67,1,6,-1,+2.00
62,D.J. Brigman,14.29,1,7,-1,-1.00
62,Jim Furyk,14.29,1,7,-1,-2.00
62,Franklin Langham,14.29,1,7,E,E
62,Tom Lehman,14.29,1,7,-1,-2.00
62,Chris Riley,14.29,1,7,E,-3.00
62,Heath Slocum,14.29,1,7,-1,-2.00
68,Jonathan Byrd,12.50,1,8,-1,-1.00
68,Joe Durant,12.50,1,8,-1,-1.00
68,Tom Pernice Jr.,12.50,1,8,-1,E
68,Nick Watney,12.50,1,8,-1,E
72,Pat Perez,11.11,1,9,-1,E
73,Jason Allred,.00,0,7,E,+1.00
73,Luke Donald,.00,0,4,E,-1.00
73,Bob Estes,.00,0,3,E,+2.00
73,Ryuji Imada,.00,0,4,E,+2.00
73,Steve Jones,.00,0,6,E,-1.00
73,Tom Kite,.00,0,3,E,E
