rank,player,Avg,Total Strokes,Total Rounds
1,Vijay Singh,64.00,64,1
2,Stuart Appleby,67.00,67,1
3,Darren Clarke,69.00,69,1
3,Kirk Triplett,69.00,69,1
5,Ernie Els,70.00,70,1
5,Retief Goosen,70.00,70,1
5,Jonathan Kaye,70.00,70,1
5,Mike Weir,70.00,70,1
5,Tiger Woods,70.00,70,1
10,Tommy Armour III,71.00,71,1
10,Jim Furyk,71.00,71,1
10,Scott Hoch,71.00,71,1
10,Peter Jacobsen,71.00,71,1
10,J.L. Lewis,71.00,71,1
10,Davis Love III,71.00,71,1
10,Shaun Micheel,71.00,71,1
10,Kenny Perry,71.00,71,1
18,Fred Couples,72.00,72,1
18,Steve Flesch,72.00,72,1
18,John Huston,72.00,72,1
18,Shigeki Maruyama,72.00,72,1
22,Justin Leonard,73.00,73,1
23,Ben Crane,74.00,74,1
23,Rory Sabbatini,74.00,74,1
23,Adam Scott,74.00,74,1
23,Bob Tway,74.00,74,1
27,Chad Campbell,76.00,76,1
27,Frank Lickliter II,76.00,76,1
29,Craig Stadler,78.00,78,1
30,Ben Curtis,80.00,80,1
