rank,player,Avg,Total Strokes,Total Rounds
1,Adam Scott,68.00,68,1
2,Tommy Armour III,70.00,70,1
2,Darren Clarke,70.00,70,1
2,Ben Crane,70.00,70,1
2,Steve Flesch,70.00,70,1
2,Rory Sabbatini,70.00,70,1
2,Vijay Singh,70.00,70,1
2,Kirk Triplett,70.00,70,1
9,Stuart Appleby,71.00,71,1
9,Tiger Woods,71.00,71,1
11,Ernie Els,72.00,72,1
11,Scott Hoch,72.00,72,1
11,Davis Love III,72.00,72,1
11,Bob Tway,72.00,72,1
15,Retief Goosen,73.00,73,1
15,Peter Jacobsen,73.00,73,1
15,Justin Leonard,73.00,73,1
18,Ben Curtis,74.00,74,1
18,Jim Furyk,74.00,74,1
18,Jonathan Kaye,74.00,74,1
18,Frank Lickliter II,74.00,74,1
18,Shigeki Maruyama,74.00,74,1
23,Chad Campbell,75.00,75,1
23,Fred Couples,75.00,75,1
23,Shaun Micheel,75.00,75,1
23,Kenny Perry,75.00,75,1
23,Craig Stadler,75.00,75,1
23,Mike Weir,75.00,75,1
29,J.L. Lewis,78.00,78,1
30,John Huston,81.00,81,1
