rank,player,Avg,Total Strokes,Total Rounds
1,Stuart Appleby,66.00,66,1
2,Darren Clarke,67.00,67,1
3,Scott Hoch,68.00,68,1
3,Justin Leonard,68.00,68,1
3,Vijay Singh,68.00,68,1
3,Kirk Triplett,68.00,68,1
7,Fred Couples,69.00,69,1
7,John Huston,69.00,69,1
7,Davis Love III,69.00,69,1
7,Shigeki Maruyama,69.00,69,1
7,Adam Scott,69.00,69,1
12,Jim Furyk,70.00,70,1
12,Retief Goosen,70.00,70,1
12,Peter Jacobsen,70.00,70,1
12,J.L. Lewis,70.00,70,1
12,Shaun Micheel,70.00,70,1
17,Chad Campbell,71.00,71,1
17,Ben Crane,71.00,71,1
17,Mike Weir,71.00,71,1
17,Tiger Woods,71.00,71,1
21,Tommy Armour III,73.00,73,1
21,Ben Curtis,73.00,73,1
21,Ernie Els,73.00,73,1
21,Steve Flesch,73.00,73,1
21,Frank Lickliter II,73.00,73,1
21,Kenny Perry,73.00,73,1
21,Rory Sabbatini,73.00,73,1
21,Craig Stadler,73.00,73,1
29,Jonathan Kaye,74.00,74,1
30,Bob Tway,76.00,76,1
