rank,player,Avg,Total Strokes,Total Rounds
1,Retief Goosen,64.00,64,1
2,Chad Campbell,65.00,65,1
2,Tiger Woods,65.00,65,1
4,Stuart Appleby,66.00,66,1
4,Ben Crane,66.00,66,1
4,Jonathan Kaye,66.00,66,1
7,Jim Furyk,68.00,68,1
7,Kenny Perry,68.00,68,1
7,Adam Scott,68.00,68,1
7,Craig Stadler,68.00,68,1
11,Darren Clarke,69.00,69,1
11,Scott Hoch,69.00,69,1
11,J.L. Lewis,69.00,69,1
11,Davis Love III,69.00,69,1
11,Shaun Micheel,69.00,69,1
11,Vijay Singh,69.00,69,1
17,Ben Curtis,70.00,70,1
17,Frank Lickliter II,70.00,70,1
19,John Huston,71.00,71,1
19,Justin Leonard,71.00,71,1
19,Kirk Triplett,71.00,71,1
22,Fred Couples,72.00,72,1
22,Steve Flesch,72.00,72,1
22,Shigeki Maruyama,72.00,72,1
22,Bob Tway,72.00,72,1
26,Tommy Armour III,73.00,73,1
26,Ernie Els,73.00,73,1
26,Peter Jacobsen,73.00,73,1
26,Mike Weir,73.00,73,1
30,Rory Sabbatini,74.00,74,1
