rank,player,%
1,Stuart Appleby,100.00
1,Tommy Armour III,100.00
1,Chad Campbell,100.00
1,Darren Clarke,100.00
1,Ben Crane,100.00
1,Ben Curtis,100.00
1,Ernie Els,100.00
1,Steve Flesch,100.00
1,Retief Goosen,100.00
1,Peter Jacobsen,100.00
1,Justin Leonard,100.00
1,Frank Lickliter II,100.00
1,Shigeki Maruyama,100.00
1,Kenny Perry,100.00
1,Rory Sabbatini,100.00
1,Adam Scott,100.00
1,Vijay Singh,100.00
1,Kirk Triplett,100.00
1,Bob Tway,100.00
1,Tiger Woods,100.00
21,Fred Couples,.00
21,Jim Furyk,.00
21,Scott Hoch,.00
21,John Huston,.00
21,Jonathan Kaye,.00
21,J.L. Lewis,.00
21,Davis Love III,.00
21,Shaun Micheel,.00
21,Craig Stadler,.00
21,Mike Weir,.00
