rank,player,Avg,Total Strokes,Total Holes
1,Marc Leishman,2.67,32,12
2,Ryan Armour,2.92,35,12
2,Rickie Fowler,2.92,35,12
2,Si Woo Kim,2.92,35,12
2,Hideki Matsuyama,2.92,35,12
2,Grayson Murray,2.92,35,12
7,Jason Dufner,3.00,36,12
7,Dustin Johnson,3.00,36,12
7,Jon Rahm,3.00,36,12
7,Xander Schauffele,3.00,36,12
11,Adam Hadwin,3.08,37,12
11,Brian Harman,3.08,37,12
11,Kevin Kisner,3.08,37,12
11,Pat Perez,3.08,37,12
11,Jordan Spieth,3.08,37,12
11,Jhonattan Vegas,3.08,37,12
17,Jonas Blixt,3.17,38,12
17,Wesley Bryan,3.17,38,12
17,Patrick Cantlay,3.17,38,12
17,Kevin Chappell,3.17,38,12
17,Russell Henley,3.17,38,12
17,Brooks Koepka,3.17,38,12
17,Chris Stroud,3.17,38,12
24,Daniel Berger,3.25,39,12
24,Austin Cook,3.25,39,12
24,Bryson DeChambeau,3.25,39,12
24,Billy Horschel,3.25,39,12
24,D.A. Points,3.25,39,12
24,Kyle Stanley,3.25,39,12
24,Hudson Swafford,3.25,39,12
24,Justin Thomas,3.25,39,12
32,Patton Kizzire,3.42,41,12
33,Cameron Smith,3.50,42,12
34,Brendan Steele,3.58,43,12
