rank,player,%,Par 5 Birdies or Better,Par 5 Holes
1,Patrick Cantlay,75.00,12,16
1,Jon Rahm,75.00,12,16
1,Jhonattan Vegas,75.00,12,16
4,Austin Cook,68.75,11,16
4,Russell Henley,68.75,11,16
4,Dustin Johnson,68.75,11,16
7,Daniel Berger,62.50,10,16
7,Bryson DeChambeau,62.50,10,16
7,Brian Harman,62.50,10,16
7,Si Woo Kim,62.50,10,16
7,Patton Kizzire,62.50,10,16
7,Pat Perez,62.50,10,16
7,Xander Schauffele,62.50,10,16
7,Cameron Smith,62.50,10,16
15,Jonas Blixt,56.25,9,16
15,Kevin Kisner,56.25,9,16
15,Hudson Swafford,56.25,9,16
18,Wesley Bryan,50.00,8,16
18,Rickie Fowler,50.00,8,16
18,Billy Horschel,50.00,8,16
18,Kyle Stanley,50.00,8,16
18,Chris Stroud,50.00,8,16
18,Justin Thomas,50.00,8,16
24,Kevin Chappell,43.75,7,16
24,Jason Dufner,43.75,7,16
24,Marc Leishman,43.75,7,16
24,Hideki Matsuyama,43.75,7,16
24,Grayson Murray,43.75,7,16
24,Jordan Spieth,43.75,7,16
30,Ryan Armour,37.50,6,16
30,Adam Hadwin,37.50,6,16
32,Brooks Koepka,31.25,5,16
32,D.A. Points,31.25,5,16
32,Brendan Steele,31.25,5,16
