rank,player,Avg,Total Strokes,Total Holes
1,Dustin Johnson,3.73,164,44
2,Jordan Spieth,3.86,170,44
2,Chris Stroud,3.86,170,44
4,Brian Harman,3.89,171,44
4,Billy Horschel,3.89,171,44
4,Hideki Matsuyama,3.89,171,44
4,Pat Perez,3.89,171,44
4,Brendan Steele,3.89,171,44
9,Daniel Berger,3.91,172,44
9,Jason Dufner,3.91,172,44
9,Rickie Fowler,3.91,172,44
9,Cameron Smith,3.91,172,44
13,Kevin Chappell,3.93,173,44
13,Patton Kizzire,3.93,173,44
13,Justin Thomas,3.93,173,44
16,Marc Leishman,3.95,174,44
16,Jon Rahm,3.95,174,44
18,Jhonattan Vegas,3.98,175,44
19,Ryan Armour,4.00,176,44
19,Wesley Bryan,4.00,176,44
19,Russell Henley,4.00,176,44
19,Si Woo Kim,4.00,176,44
19,Kevin Kisner,4.00,176,44
19,Grayson Murray,4.00,176,44
25,Patrick Cantlay,4.02,177,44
25,Hudson Swafford,4.02,177,44
27,Bryson DeChambeau,4.05,178,44
27,Adam Hadwin,4.05,178,44
29,Austin Cook,4.07,179,44
29,Xander Schauffele,4.07,179,44
29,Kyle Stanley,4.07,179,44
32,Jonas Blixt,4.14,182,44
33,D.A. Points,4.16,183,44
34,Brooks Koepka,4.34,191,44
