rank,player,%,Par 4 Birdies or Better,Par 4 Holes
1,Dustin Johnson,29.55,13,44
2,Wesley Bryan,25.00,11,44
2,Bryson DeChambeau,25.00,11,44
2,Hideki Matsuyama,25.00,11,44
2,Brendan Steele,25.00,11,44
2,Chris Stroud,25.00,11,44
2,Justin Thomas,25.00,11,44
8,Billy Horschel,22.73,10,44
8,Pat Perez,22.73,10,44
8,Jordan Spieth,22.73,10,44
11,Daniel Berger,20.45,9,44
11,Kevin Chappell,20.45,9,44
11,Jason Dufner,20.45,9,44
11,Brian Harman,20.45,9,44
11,Jon Rahm,20.45,9,44
16,Patton Kizzire,18.18,8,44
16,Jhonattan Vegas,18.18,8,44
18,Ryan Armour,15.91,7,44
18,Austin Cook,15.91,7,44
18,Rickie Fowler,15.91,7,44
18,Russell Henley,15.91,7,44
18,Kevin Kisner,15.91,7,44
18,Marc Leishman,15.91,7,44
18,Grayson Murray,15.91,7,44
18,Cameron Smith,15.91,7,44
26,Jonas Blixt,13.64,6,44
26,Patrick Cantlay,13.64,6,44
26,Si Woo Kim,13.64,6,44
29,D.A. Points,11.36,5,44
29,Xander Schauffele,11.36,5,44
29,Hudson Swafford,11.36,5,44
32,Kyle Stanley,9.09,4,44
33,Adam Hadwin,6.82,3,44
33,Brooks Koepka,6.82,3,44
