rank,player,Status,Par 3 Avg,Total Par
1,Marc Leishman,-4,2.67,.36
2,Ryan Armour,-1,2.92,.36
2,Rickie Fowler,-1,2.92,.36
2,Si Woo Kim,-1,2.92,.36
2,Hideki Matsuyama,-1,2.92,.36
2,Grayson Murray,-1,2.92,.36
7,Jason Dufner,E,3.00,.36
7,Dustin Johnson,E,3.00,.36
7,Jon Rahm,E,3.00,.36
7,Xander Schauffele,E,3.00,.36
11,Adam Hadwin,+1,3.08,.36
11,Brian Harman,+1,3.08,.36
11,Kevin Kisner,+1,3.08,.36
11,Pat Perez,+1,3.08,.36
11,Jordan Spieth,+1,3.08,.36
11,Jhonattan Vegas,+1,3.08,.36
17,Jonas Blixt,+2,3.17,.36
17,Wesley Bryan,+2,3.17,.36
17,Patrick Cantlay,+2,3.17,.36
17,Kevin Chappell,+2,3.17,.36
17,Russell Henley,+2,3.17,.36
17,Brooks Koepka,+2,3.17,.36
17,Chris Stroud,+2,3.17,.36
24,Daniel Berger,+3,3.25,.36
24,Austin Cook,+3,3.25,.36
24,Bryson DeChambeau,+3,3.25,.36
24,Billy Horschel,+3,3.25,.36
24,D.A. Points,+3,3.25,.36
24,Kyle Stanley,+3,3.25,.36
24,Hudson Swafford,+3,3.25,.36
24,Justin Thomas,+3,3.25,.36
32,Patton Kizzire,+5,3.42,.36
33,Cameron Smith,+6,3.50,.36
34,Brendan Steele,+7,3.58,.36
