rank,player,%,Par 3 Birdies or Better,Par 3 Holes
1,Marc Leishman,41.67,5,12
2,Ryan Armour,33.33,4,12
2,Rickie Fowler,33.33,4,12
4,Kevin Kisner,25.00,3,12
4,Hideki Matsuyama,25.00,3,12
4,Pat Perez,25.00,3,12
7,Jonas Blixt,16.67,2,12
7,Jason Dufner,16.67,2,12
7,Adam Hadwin,16.67,2,12
7,Brian Harman,16.67,2,12
7,Russell Henley,16.67,2,12
7,Dustin Johnson,16.67,2,12
7,Si Woo Kim,16.67,2,12
7,Grayson Murray,16.67,2,12
7,Jon Rahm,16.67,2,12
7,Jordan Spieth,16.67,2,12
7,Chris Stroud,16.67,2,12
7,Jhonattan Vegas,16.67,2,12
19,Wesley Bryan,8.33,1,12
19,Kevin Chappell,8.33,1,12
19,Austin Cook,8.33,1,12
19,Billy Horschel,8.33,1,12
19,Patton Kizzire,8.33,1,12
19,Brooks Koepka,8.33,1,12
19,Xander Schauffele,8.33,1,12
19,Cameron Smith,8.33,1,12
27,Daniel Berger,.00,0,12
27,Patrick Cantlay,.00,0,12
27,Bryson DeChambeau,.00,0,12
27,D.A. Points,.00,0,12
27,Kyle Stanley,.00,0,12
27,Brendan Steele,.00,0,12
27,Hudson Swafford,.00,0,12
27,Justin Thomas,.00,0,12
