rank,player,Avg,Total Strokes,Total Holes
1,Jon Rahm,4.13,66,16
2,Jhonattan Vegas,4.19,67,16
3,Patrick Cantlay,4.25,68,16
3,Dustin Johnson,4.25,68,16
5,Brian Harman,4.31,69,16
5,Patton Kizzire,4.31,69,16
7,Austin Cook,4.38,70,16
7,Russell Henley,4.38,70,16
7,Si Woo Kim,4.38,70,16
7,Pat Perez,4.38,70,16
7,Cameron Smith,4.38,70,16
12,Daniel Berger,4.44,71,16
12,Rickie Fowler,4.44,71,16
12,Kevin Kisner,4.44,71,16
15,Bryson DeChambeau,4.50,72,16
15,Billy Horschel,4.50,72,16
15,Hideki Matsuyama,4.50,72,16
18,Jonas Blixt,4.56,73,16
18,Marc Leishman,4.56,73,16
18,Xander Schauffele,4.56,73,16
18,Jordan Spieth,4.56,73,16
22,Ryan Armour,4.63,74,16
22,Jason Dufner,4.63,74,16
22,Kyle Stanley,4.63,74,16
22,Chris Stroud,4.63,74,16
22,Hudson Swafford,4.63,74,16
27,Kevin Chappell,4.69,75,16
28,Wesley Bryan,4.75,76,16
28,Brooks Koepka,4.75,76,16
28,Justin Thomas,4.75,76,16
31,Grayson Murray,4.81,77,16
31,D.A. Points,4.81,77,16
31,Brendan Steele,4.81,77,16
34,Adam Hadwin,4.94,79,16
