rank,player,Status,Par 4 Avg,Total Par
1,Dustin Johnson,-12,3.73,1.76
2,Jordan Spieth,-6,3.86,1.76
2,Chris Stroud,-6,3.86,1.76
4,Brian Harman,-5,3.89,1.76
4,Billy Horschel,-5,3.89,1.76
4,Hideki Matsuyama,-5,3.89,1.76
4,Pat Perez,-5,3.89,1.76
4,Brendan Steele,-5,3.89,1.76
9,Daniel Berger,-4,3.91,1.76
9,Jason Dufner,-4,3.91,1.76
9,Rickie Fowler,-4,3.91,1.76
9,Cameron Smith,-4,3.91,1.76
13,Kevin Chappell,-3,3.93,1.76
13,Patton Kizzire,-3,3.93,1.76
13,Justin Thomas,-3,3.93,1.76
16,Marc Leishman,-2,3.95,1.76
16,Jon Rahm,-2,3.95,1.76
18,Jhonattan Vegas,-1,3.98,1.76
19,Ryan Armour,E,4.00,1.76
19,Wesley Bryan,E,4.00,1.76
19,Russell Henley,E,4.00,1.76
19,Si Woo Kim,E,4.00,1.76
19,Kevin Kisner,E,4.00,1.76
19,Grayson Murray,E,4.00,1.76
25,Patrick Cantlay,+1,4.02,1.76
25,Hudson Swafford,+1,4.02,1.76
27,Bryson DeChambeau,+2,4.05,1.76
27,Adam Hadwin,+2,4.05,1.76
29,Austin Cook,+3,4.07,1.76
29,Xander Schauffele,+3,4.07,1.76
29,Kyle Stanley,+3,4.07,1.76
32,Jonas Blixt,+6,4.14,1.76
33,D.A. Points,+7,4.16,1.76
34,Brooks Koepka,+15,4.34,1.76
