rank,player,%,Attempts,Putts made
1,Adam Scott,75.00,4,3
2,Joaquin Niemann,66.67,6,4
3,Tony Finau,57.14,7,4
3,Robert Streb,57.14,7,4
5,Lanto Griffin,50.00,8,4
5,Ryan Palmer,50.00,10,5
5,Webb Simpson,50.00,4,2
8,Kevin Kisner,45.45,11,5
8,Richy Werenski,45.45,11,5
10,Patrick Reed,42.86,7,3
11,Sungjae Im,41.67,12,5
11,Kevin Na,41.67,12,5
13,Patrick Cantlay,40.00,10,4
13,Sebastián Muñoz,40.00,5,2
15,Billy Horschel,37.50,8,3
16,Bryson DeChambeau,36.36,11,4
16,Scottie Scheffler,36.36,11,4
16,Justin Thomas,36.36,11,4
16,Brendon Todd,36.36,11,4
20,Daniel Berger,33.33,6,2
20,Sergio Garcia,33.33,6,2
20,Collin Morikawa,33.33,9,3
20,Jon Rahm,33.33,9,3
24,Cameron Champ,30.77,13,4
25,Abraham Ancer,30.00,10,3
25,Andrew Landry,30.00,10,3
25,Michael Thompson,30.00,10,3
28,Brian Gay,28.57,7,2
28,Hudson Swafford,28.57,7,2
30,Stewart Cink,27.27,11,3
30,Harris English,27.27,11,3
30,Dustin Johnson,27.27,11,3
30,Nick Taylor,27.27,11,3
34,Carlos Ortiz,25.00,12,3
34,Cameron Smith,25.00,4,1
36,Viktor Hovland,22.22,9,2
37,Xander Schauffele,15.38,13,2
38,Jason Kokrak,12.50,8,1
39,Mackenzie Hughes,11.11,9,1
40,Hideki Matsuyama,10.00,10,1
41,Martin Laird,.00,5,-
41,Marc Leishman,.00,9,-
