rank,player,%,Attempts,Putts made
1,Harris English,50.00,6,3
2,Stewart Cink,42.86,7,3
3,Jason Kokrak,40.00,5,2
3,Michael Thompson,40.00,5,2
5,Tony Finau,33.33,3,1
6,Martin Laird,28.57,7,2
7,Patrick Cantlay,25.00,4,1
7,Sergio Garcia,25.00,4,1
7,Webb Simpson,25.00,4,1
7,Brendon Todd,25.00,4,1
11,Hudson Swafford,22.22,9,2
12,Abraham Ancer,20.00,5,1
12,Sungjae Im,20.00,5,1
12,Ryan Palmer,20.00,5,1
12,Justin Thomas,20.00,5,1
16,Viktor Hovland,16.67,6,1
17,Hideki Matsuyama,14.29,7,1
17,Sebastián Muñoz,14.29,7,1
19,Scottie Scheffler,12.50,8,1
20,Daniel Berger,.00,10,-
20,Cameron Champ,.00,4,-
20,Bryson DeChambeau,.00,5,-
20,Brian Gay,.00,3,-
20,Lanto Griffin,.00,8,-
20,Billy Horschel,.00,3,-
20,Mackenzie Hughes,.00,3,-
20,Dustin Johnson,.00,4,-
20,Kevin Kisner,.00,4,-
20,Andrew Landry,.00,5,-
20,Marc Leishman,.00,5,-
20,Collin Morikawa,.00,1,-
20,Kevin Na,.00,5,-
20,Joaquin Niemann,.00,5,-
20,Carlos Ortiz,.00,5,-
20,Jon Rahm,.00,4,-
20,Patrick Reed,.00,8,-
20,Xander Schauffele,.00,2,-
20,Adam Scott,.00,8,-
20,Cameron Smith,.00,5,-
20,Robert Streb,.00,2,-
20,Nick Taylor,.00,4,-
20,Richy Werenski,.00,7,-
