rank,player,%,Attempts,Putts made
1,Harris English,50.00,10,5
2,Collin Morikawa,44.44,9,4
3,Cameron Smith,42.86,7,3
3,Michael Thompson,42.86,7,3
5,Brendon Todd,40.00,5,2
6,Adam Scott,37.50,8,3
7,Abraham Ancer,33.33,6,2
7,Patrick Reed,33.33,6,2
7,Hudson Swafford,33.33,6,2
10,Justin Thomas,28.57,7,2
11,Joaquin Niemann,25.00,4,1
12,Martin Laird,22.22,9,2
13,Stewart Cink,20.00,5,1
13,Sergio Garcia,20.00,10,2
13,Kevin Na,20.00,5,1
13,Carlos Ortiz,20.00,5,1
13,Ryan Palmer,20.00,5,1
13,Richy Werenski,20.00,5,1
19,Billy Horschel,18.18,11,2
20,Brian Gay,16.67,6,1
20,Jason Kokrak,16.67,6,1
20,Xander Schauffele,16.67,6,1
20,Nick Taylor,16.67,6,1
24,Andrew Landry,14.29,7,1
24,Scottie Scheffler,14.29,7,1
24,Webb Simpson,14.29,7,1
27,Mackenzie Hughes,11.11,9,1
28,Daniel Berger,.00,5,-
28,Patrick Cantlay,.00,4,-
28,Cameron Champ,.00,8,-
28,Bryson DeChambeau,.00,7,-
28,Tony Finau,.00,6,-
28,Lanto Griffin,.00,4,-
28,Viktor Hovland,.00,5,-
28,Sungjae Im,.00,3,-
28,Dustin Johnson,.00,5,-
28,Kevin Kisner,.00,4,-
28,Marc Leishman,.00,7,-
28,Hideki Matsuyama,.00,2,-
28,Sebastián Muñoz,.00,11,-
28,Jon Rahm,.00,6,-
28,Robert Streb,.00,8,-
