rank,player,%,Attempts,Putts made
1,Tony Finau,15.79,19,3
2,Sebastián Muñoz,11.76,17,2
3,Michael Thompson,10.53,19,2
4,Kevin Kisner,10.00,20,2
5,Patrick Cantlay,8.70,23,2
5,Billy Horschel,8.70,23,2
7,Stewart Cink,7.14,14,1
8,Brian Gay,6.67,15,1
9,Abraham Ancer,6.25,16,1
10,Sergio Garcia,5.88,17,1
10,Brendon Todd,5.88,17,1
12,Mackenzie Hughes,5.56,18,1
12,Andrew Landry,5.56,18,1
14,Bryson DeChambeau,5.26,19,1
14,Cameron Smith,5.26,19,1
16,Harris English,5.00,20,1
16,Lanto Griffin,5.00,20,1
16,Viktor Hovland,5.00,20,1
16,Martin Laird,5.00,20,1
16,Xander Schauffele,5.00,20,1
16,Hudson Swafford,5.00,20,1
22,Robert Streb,4.76,21,1
23,Webb Simpson,4.17,24,1
24,Richy Werenski,4.00,25,1
25,Daniel Berger,3.57,28,1
26,Cameron Champ,.00,23,-
26,Sungjae Im,.00,20,-
26,Dustin Johnson,.00,19,-
26,Jason Kokrak,.00,17,-
26,Marc Leishman,.00,23,-
26,Hideki Matsuyama,.00,15,-
26,Collin Morikawa,.00,21,-
26,Kevin Na,.00,21,-
26,Joaquin Niemann,.00,19,-
26,Carlos Ortiz,.00,22,-
26,Ryan Palmer,.00,19,-
26,Jon Rahm,.00,20,-
26,Patrick Reed,.00,20,-
26,Scottie Scheffler,.00,14,-
26,Adam Scott,.00,27,-
26,Nick Taylor,.00,17,-
26,Justin Thomas,.00,16,-
