rank,player,% Made,Attempts,Putts Made
1,Webb Simpson,3.33,3,1
2,Tony Finau,2.50,4,1
2,Billy Horschel,2.50,4,1
4,Bryson DeChambeau,2.00,5,1
5,Richy Werenski,1.67,6,1
6,Abraham Ancer,.00,2,-
6,Daniel Berger,.00,5,-
6,Patrick Cantlay,.00,6,-
6,Cameron Champ,.00,7,-
6,Stewart Cink,.00,3,-
6,Harris English,.00,2,-
6,Sergio Garcia,.00,4,-
6,Lanto Griffin,.00,4,-
6,Viktor Hovland,.00,4,-
6,Mackenzie Hughes,.00,3,-
6,Sungjae Im,.00,6,-
6,Dustin Johnson,.00,5,-
6,Kevin Kisner,.00,3,-
6,Jason Kokrak,.00,3,-
6,Martin Laird,.00,3,-
6,Andrew Landry,.00,4,-
6,Marc Leishman,.00,3,-
6,Hideki Matsuyama,.00,4,-
6,Collin Morikawa,.00,3,-
6,Sebastián Muñoz,.00,1,-
6,Kevin Na,.00,3,-
6,Joaquin Niemann,.00,3,-
6,Carlos Ortiz,.00,6,-
6,Ryan Palmer,.00,1,-
6,Jon Rahm,.00,2,-
6,Patrick Reed,.00,2,-
6,Xander Schauffele,.00,2,-
6,Scottie Scheffler,.00,2,-
6,Adam Scott,.00,6,-
6,Cameron Smith,.00,4,-
6,Robert Streb,.00,3,-
6,Hudson Swafford,.00,5,-
6,Nick Taylor,.00,3,-
6,Justin Thomas,.00,1,-
6,Michael Thompson,.00,4,-
6,Brendon Todd,.00,1,-
