rank,player,% Made,Attempts,Putts Made
1,Abraham Ancer,3.33,3,1
1,Harris English,3.33,3,1
1,Kevin Kisner,3.33,3,1
1,Martin Laird,3.33,3,1
1,Sebastián Muñoz,3.33,3,1
1,Michael Thompson,3.33,6,2
1,Brendon Todd,3.33,3,1
8,Stewart Cink,2.50,4,1
9,Brian Gay,2.00,5,1
9,Viktor Hovland,2.00,5,1
9,Hudson Swafford,2.00,5,1
12,Robert Streb,1.67,6,1
13,Tony Finau,1.11,9,1
14,Daniel Berger,.00,6,-
14,Patrick Cantlay,.00,3,-
14,Cameron Champ,.00,6,-
14,Bryson DeChambeau,.00,3,-
14,Sergio Garcia,.00,3,-
14,Lanto Griffin,.00,4,-
14,Billy Horschel,.00,4,-
14,Mackenzie Hughes,.00,2,-
14,Sungjae Im,.00,3,-
14,Dustin Johnson,.00,4,-
14,Jason Kokrak,.00,5,-
14,Andrew Landry,.00,3,-
14,Marc Leishman,.00,2,-
14,Hideki Matsuyama,.00,2,-
14,Collin Morikawa,.00,5,-
14,Kevin Na,.00,7,-
14,Joaquin Niemann,.00,5,-
14,Carlos Ortiz,.00,8,-
14,Ryan Palmer,.00,2,-
14,Jon Rahm,.00,4,-
14,Patrick Reed,.00,4,-
14,Xander Schauffele,.00,4,-
14,Scottie Scheffler,.00,1,-
14,Adam Scott,.00,8,-
14,Webb Simpson,.00,5,-
14,Cameron Smith,.00,5,-
14,Nick Taylor,.00,5,-
14,Justin Thomas,.00,2,-
14,Richy Werenski,.00,3,-
