rank,player,%,Total 3 Putts,Attempts,2 Putt or Better %
1,Stuart Appleby,.00,0,20,100.0
1,Chad Campbell,.00,0,17,100.0
1,Ben Curtis,.00,0,17,100.0
1,Ernie Els,.00,0,14,100.0
1,Steve Flesch,.00,0,8,100.0
1,Jim Furyk,.00,0,16,100.0
1,Retief Goosen,.00,0,17,100.0
1,Scott Hoch,.00,0,14,100.0
1,John Huston,.00,0,16,100.0
1,Peter Jacobsen,.00,0,17,100.0
1,Jonathan Kaye,.00,0,16,100.0
1,Justin Leonard,.00,0,18,100.0
1,J.L. Lewis,.00,0,14,100.0
1,Frank Lickliter II,.00,0,11,100.0
1,Davis Love III,.00,0,17,100.0
1,Shigeki Maruyama,.00,0,23,100.0
1,Kenny Perry,.00,0,13,100.0
1,Rory Sabbatini,.00,0,12,100.0
1,Adam Scott,.00,0,16,100.0
1,Vijay Singh,.00,0,22,100.0
1,Craig Stadler,.00,0,14,100.0
1,Tiger Woods,.00,0,11,100.0
23,Tommy Armour III,5.26,1,19,94.7
24,Darren Clarke,5.56,1,18,94.4
25,Mike Weir,5.88,1,17,94.1
26,Fred Couples,7.14,1,14,92.8
26,Ben Crane,7.14,1,14,92.8
28,Kirk Triplett,7.69,1,13,92.3
29,Shaun Micheel,11.11,1,9,88.8
30,Bob Tway,12.50,1,8,87.5
