rank,player,%,Total 3 Putts,Total Holes
1,Tommy Armour III,5.56,1,18
1,Chad Campbell,5.56,1,18
1,Darren Clarke,5.56,1,18
1,Ben Crane,5.56,1,18
1,Ben Curtis,5.56,1,18
1,Jim Furyk,5.56,1,18
1,John Huston,5.56,1,18
1,Jonathan Kaye,5.56,1,18
1,Justin Leonard,5.56,1,18
1,Frank Lickliter II,5.56,1,18
1,Davis Love III,5.56,1,18
1,Shigeki Maruyama,5.56,1,18
1,Mike Weir,5.56,1,18
14,Ernie Els,11.11,2,18
14,Steve Flesch,11.11,2,18
14,Shaun Micheel,11.11,2,18
14,Vijay Singh,11.11,2,18
14,Tiger Woods,11.11,2,18
19,Rory Sabbatini,22.22,4,18
