rank,player,%,Total 3 Putts,Attempts,2 Putt or Better %
1,Darren Clarke,.00,0,19,100.0
1,Bob Tway,.00,0,11,100.0
3,Jim Furyk,3.45,1,29,96.5
4,Ben Crane,4.17,1,24,95.8
5,Scott Hoch,8.33,2,24,91.6
6,Tommy Armour III,9.52,2,21,90.4
7,Stuart Appleby,11.76,2,17,88.2
7,Davis Love III,11.76,2,17,88.2
7,Shigeki Maruyama,11.76,2,17,88.2
10,Retief Goosen,12.50,2,16,87.5
11,J.L. Lewis,13.33,2,15,86.6
11,Kirk Triplett,13.33,2,15,86.6
13,Chad Campbell,13.64,3,22,86.3
13,Peter Jacobsen,13.64,3,22,86.3
13,Tiger Woods,13.64,3,22,86.3
16,Craig Stadler,16.67,3,18,83.3
17,Ernie Els,17.39,4,23,82.6
18,Jonathan Kaye,18.18,4,22,81.8
19,Fred Couples,20.00,4,20,80.0
19,Steve Flesch,20.00,4,20,80.0
19,Frank Lickliter II,20.00,5,25,80.0
19,Kenny Perry,20.00,4,20,80.0
23,Mike Weir,22.22,4,18,77.7
24,Adam Scott,23.08,3,13,76.9
25,Ben Curtis,25.00,6,24,75.0
26,Rory Sabbatini,28.57,6,21,71.4
27,Shaun Micheel,29.17,7,24,70.8
28,Vijay Singh,35.29,6,17,64.7
29,Justin Leonard,35.71,5,14,64.2
30,John Huston,36.36,8,22,63.6
