rank,player,%,Total 3 Putts,Total Holes
1,Stuart Appleby,5.56,1,18
1,Chad Campbell,5.56,1,18
1,Ben Crane,5.56,1,18
1,Jonathan Kaye,5.56,1,18
1,Davis Love III,5.56,1,18
1,Rory Sabbatini,5.56,1,18
1,Kirk Triplett,5.56,1,18
1,Bob Tway,5.56,1,18
9,Tommy Armour III,11.11,2,18
9,Ben Curtis,11.11,2,18
9,Scott Hoch,11.11,2,18
9,Peter Jacobsen,11.11,2,18
9,J.L. Lewis,11.11,2,18
9,Frank Lickliter II,11.11,2,18
9,Kenny Perry,11.11,2,18
9,Vijay Singh,11.11,2,18
9,Mike Weir,11.11,2,18
18,Justin Leonard,16.67,3,18
18,Shigeki Maruyama,16.67,3,18
18,Shaun Micheel,16.67,3,18
18,Craig Stadler,16.67,3,18
22,Fred Couples,22.22,4,18
22,John Huston,22.22,4,18
