rank,player,%,Total 3 Putts,Attempts,2 Putt or Better %
1,Stuart Appleby,.00,0,13,100.0
1,Tommy Armour III,.00,0,7,100.0
1,Chad Campbell,.00,0,9,100.0
1,Darren Clarke,.00,0,12,100.0
1,Fred Couples,.00,0,13,100.0
1,Ben Crane,.00,0,8,100.0
1,Ben Curtis,.00,0,7,100.0
1,Ernie Els,.00,0,14,100.0
1,Steve Flesch,.00,0,13,100.0
1,Jim Furyk,.00,0,6,100.0
1,Retief Goosen,.00,0,10,100.0
1,Scott Hoch,.00,0,9,100.0
1,John Huston,.00,0,16,100.0
1,Peter Jacobsen,.00,0,10,100.0
1,Jonathan Kaye,.00,0,5,100.0
1,Justin Leonard,.00,0,10,100.0
1,Frank Lickliter II,.00,0,7,100.0
1,Davis Love III,.00,0,15,100.0
1,Shaun Micheel,.00,0,12,100.0
1,Kenny Perry,.00,0,8,100.0
1,Adam Scott,.00,0,9,100.0
1,Vijay Singh,.00,0,11,100.0
1,Craig Stadler,.00,0,10,100.0
1,Kirk Triplett,.00,0,16,100.0
1,Bob Tway,.00,0,14,100.0
1,Mike Weir,.00,0,14,100.0
1,Tiger Woods,.00,0,12,100.0
28,J.L. Lewis,7.14,1,14,92.8
29,Shigeki Maruyama,12.50,1,8,87.5
30,Rory Sabbatini,15.38,2,13,84.6
