rank,player,%,Total 3 Putts,Attempts,2 Putt or Better %
1,Stuart Appleby,.00,0,3,100.0
1,Tommy Armour III,.00,0,2,100.0
1,Chad Campbell,.00,0,6,100.0
1,Darren Clarke,.00,0,5,100.0
1,Ernie Els,.00,0,3,100.0
1,Steve Flesch,.00,0,5,100.0
1,Retief Goosen,.00,0,9,100.0
1,Scott Hoch,.00,0,4,100.0
1,Jonathan Kaye,.00,0,4,100.0
1,Justin Leonard,.00,0,5,100.0
1,J.L. Lewis,.00,0,8,100.0
1,Frank Lickliter II,.00,0,6,100.0
1,Davis Love III,.00,0,6,100.0
1,Shigeki Maruyama,.00,0,5,100.0
1,Shaun Micheel,.00,0,9,100.0
1,Kenny Perry,.00,0,4,100.0
1,Rory Sabbatini,.00,0,7,100.0
1,Adam Scott,.00,0,8,100.0
1,Vijay Singh,.00,0,5,100.0
1,Craig Stadler,.00,0,8,100.0
1,Kirk Triplett,.00,0,5,100.0
1,Bob Tway,.00,0,5,100.0
1,Mike Weir,.00,0,4,100.0
1,Tiger Woods,.00,0,6,100.0
25,Fred Couples,14.29,1,7,85.7
25,Ben Crane,14.29,1,7,85.7
27,Jim Furyk,20.00,1,5,80.0
27,Peter Jacobsen,20.00,1,5,80.0
29,John Huston,22.22,2,9,77.7
30,Ben Curtis,50.00,1,2,50.0
