rank,player,%,Total 3 Putts,Attempts,2 Putt or Better %
1,Stuart Appleby,.00,0,7,100.0
1,Tommy Armour III,.00,0,4,100.0
1,Chad Campbell,.00,0,7,100.0
1,Darren Clarke,.00,0,7,100.0
1,Fred Couples,.00,0,11,100.0
1,Ben Crane,.00,0,7,100.0
1,Ben Curtis,.00,0,9,100.0
1,Ernie Els,.00,0,8,100.0
1,Steve Flesch,.00,0,10,100.0
1,Jim Furyk,.00,0,3,100.0
1,Scott Hoch,.00,0,9,100.0
1,John Huston,.00,0,2,100.0
1,Peter Jacobsen,.00,0,6,100.0
1,Jonathan Kaye,.00,0,10,100.0
1,Justin Leonard,.00,0,11,100.0
1,J.L. Lewis,.00,0,10,100.0
1,Davis Love III,.00,0,5,100.0
1,Shigeki Maruyama,.00,0,9,100.0
1,Shaun Micheel,.00,0,5,100.0
1,Kenny Perry,.00,0,15,100.0
1,Rory Sabbatini,.00,0,9,100.0
1,Adam Scott,.00,0,17,100.0
1,Vijay Singh,.00,0,6,100.0
1,Craig Stadler,.00,0,8,100.0
1,Kirk Triplett,.00,0,6,100.0
1,Bob Tway,.00,0,12,100.0
1,Tiger Woods,.00,0,6,100.0
28,Frank Lickliter II,9.09,1,11,90.9
29,Mike Weir,12.50,1,8,87.5
30,Retief Goosen,20.00,1,5,80.0
