rank,player,%,Total 3 Putts,Attempts,2 Putt or Better %
1,Stuart Appleby,.00,0,12,100.0
1,Tommy Armour III,.00,0,18,100.0
1,Fred Couples,.00,0,7,100.0
1,Ben Crane,.00,0,12,100.0
1,Ernie Els,.00,0,9,100.0
1,Steve Flesch,.00,0,16,100.0
1,Jim Furyk,.00,0,13,100.0
1,Retief Goosen,.00,0,14,100.0
1,Scott Hoch,.00,0,12,100.0
1,John Huston,.00,0,7,100.0
1,Peter Jacobsen,.00,0,12,100.0
1,Jonathan Kaye,.00,0,15,100.0
1,Justin Leonard,.00,0,13,100.0
1,J.L. Lewis,.00,0,9,100.0
1,Frank Lickliter II,.00,0,12,100.0
1,Shaun Micheel,.00,0,13,100.0
1,Rory Sabbatini,.00,0,10,100.0
1,Adam Scott,.00,0,8,100.0
1,Craig Stadler,.00,0,13,100.0
1,Kirk Triplett,.00,0,17,100.0
1,Bob Tway,.00,0,22,100.0
1,Mike Weir,.00,0,11,100.0
1,Tiger Woods,.00,0,14,100.0
24,Ben Curtis,7.69,1,13,92.3
25,Davis Love III,8.33,1,12,91.6
26,Kenny Perry,9.09,1,11,90.9
27,Chad Campbell,10.00,1,10,90.0
27,Shigeki Maruyama,10.00,1,10,90.0
27,Vijay Singh,10.00,1,10,90.0
30,Darren Clarke,11.11,1,9,88.8
