rank,player,Total 3 putts > 25',Total 3 Putts
1,John Huston,8,10
2,Shaun Micheel,7,8
3,Ben Curtis,6,8
3,Rory Sabbatini,6,8
3,Vijay Singh,6,7
6,Justin Leonard,5,5
6,Frank Lickliter II,5,6
8,Fred Couples,4,6
8,Ernie Els,4,4
8,Steve Flesch,4,4
8,Jonathan Kaye,4,4
8,Kenny Perry,4,5
8,Mike Weir,4,6
14,Chad Campbell,3,4
14,Peter Jacobsen,3,4
14,Adam Scott,3,3
14,Craig Stadler,3,3
14,Tiger Woods,3,3
19,Stuart Appleby,2,2
19,Tommy Armour III,2,3
19,Retief Goosen,2,3
19,Scott Hoch,2,2
19,J.L. Lewis,2,3
19,Davis Love III,2,3
19,Shigeki Maruyama,2,4
19,Kirk Triplett,2,3
27,Ben Crane,1,3
27,Jim Furyk,1,2
