rank,player,Avg DTP,Total Distance (feet),# of Shots,Scrambling Rank
1,Justin Leonard,"4' 1""",.391,8,4
2,Olin Browne,"5' 9""",1.040,15,19
3,Michael Campbell,"6' 2""",1.190,16,6
4,Stuart Appleby,"6' 6""",.859,11,1
5,K.J. Choi,"6' 10""",.657,8,10
6,Vijay Singh,"7' 0""",.759,9,7
7,Geoff Ogilvy,"7' 2""",1.292,15,21
8,Robert Gamez,"7' 5""",.982,11,12
8,Sean O'Hair,"7' 5""",.800,9,23
10,Bart Bryant,"7' 6""",.722,8,27
10,Fred Funk,"7' 6""",.721,8,12
10,David Toms,"7' 6""",1.257,14,20
13,Peter Lonard,"7' 7""",1.270,14,2
14,Ben Crane,"7' 8""",1.106,12,11
15,Sergio Garcia,"7' 9""",1.304,14,3
16,Jim Furyk,"7' 11""",1.043,11,18
17,"Wes Short, Jr.","8' 2""",1.270,13,9
18,Jason Bohn,"8' 5""",.911,9,12
19,Ted Purdy,"8' 7""",1.543,15,26
20,Brad Faxon,"9' 1""",1.632,15,17
21,Jason Gore,"9' 5""",1.351,12,24
22,Lucas Glover,"9' 9""",1.400,12,16
23,Kenny Perry,"10' 4""",1.984,16,22
24,Heath Slocum,"10' 7""",1.902,15,28
25,Mark Calcavecchia,"10' 8""",1.023,8,8
26,Vaughn Taylor,"12' 1""",2.028,14,5
27,Tim Petrovic,"13' 0""",3.590,23,12
28,Carl Pettersson,"13' 8""",1.807,11,25
