rank,player,Avg DTP,Total Distance (feet),# of Shots,Scrambling Rank
1,Mark Calcavecchia,"4' 2""",16.583,4,8
2,Stuart Appleby,"4' 3""",8.417,2,1
3,"Wes Short, Jr.","4' 5""",22.000,5,9
4,Tim Petrovic,"4' 6""",18.000,4,12
5,Ben Crane,"5' 1""",15.333,3,11
6,Jason Bohn,"5' 6""",10.917,2,12
7,Heath Slocum,"6' 1""",24.333,4,28
8,Kenny Perry,"6' 3""",6.250,1,22
9,Justin Leonard,"6' 5""",12.750,2,4
10,Sergio Garcia,"6' 6""",12.917,2,3
11,Robert Gamez,"6' 7""",26.250,4,12
12,Lucas Glover,"7' 5""",29.583,4,16
13,Olin Browne,"8' 0""",8.000,1,19
14,Michael Campbell,"8' 2""",24.583,3,6
15,Vijay Singh,"8' 8""",26.083,3,7
16,Brad Faxon,"8' 11""",62.667,7,17
17,Vaughn Taylor,"9' 3""",27.750,3,5
18,Peter Lonard,"10' 8""",74.917,7,2
19,Jim Furyk,"12' 2""",24.250,2,18
20,Bart Bryant,"12' 4""",37.083,3,27
21,Jason Gore,"13' 1""",65.417,5,24
22,Geoff Ogilvy,"13' 2""",26.333,2,21
23,Sean O'Hair,"16' 2""",81.000,5,23
24,Ted Purdy,"17' 3""",103.333,6,26
25,Fred Funk,"20' 6""",61.417,3,12
26,K.J. Choi,"21' 0""",105.167,5,10
27,Carl Pettersson,"25' 0""",99.917,4,25
28,David Toms,"28' 5""",28.417,1,20
