rank,player,Avg DTP,Total Distance (feet),# of Shots,Scrambling Rank
1,Justin Leonard,"3' 8""",18.333,5,4
2,Fred Funk,"6' 7""",46.083,7,12
3,Stuart Appleby,"7' 4""",58.750,8,1
4,Bart Bryant,"7' 6""",52.667,7,27
5,Jason Bohn,"7' 9""",61.667,8,12
6,Olin Browne,"8' 7""",94.667,11,19
7,Robert Gamez,"8' 8""",86.667,10,12
8,Geoff Ogilvy,"9' 1""",91.000,10,21
9,Mark Calcavecchia,"9' 3""",74.167,8,8
10,Peter Lonard,"10' 0""",60.167,6,2
10,Heath Slocum,"10' 0""",130.417,13,28
12,Michael Campbell,"10' 4""",124.250,12,6
13,Vijay Singh,"10' 5""",93.833,9,7
14,David Toms,"11' 0""",121.000,11,20
15,Brad Faxon,"11' 2""",123.083,11,17
16,Ben Crane,"11' 5""",68.667,6,11
17,Sean O'Hair,"11' 11""",131.167,11,23
18,Jason Gore,"12' 7""",163.833,13,24
19,Lucas Glover,"13' 0""",129.667,10,16
20,Ted Purdy,"13' 1""",144.167,11,26
20,"Wes Short, Jr.","13' 1""",78.250,6,9
22,Jim Furyk,"13' 2""",105.000,8,18
23,Vaughn Taylor,"13' 8""",123.167,9,5
24,Kenny Perry,"13' 10""",83.083,6,22
25,K.J. Choi,"14' 1""",56.250,4,10
25,Tim Petrovic,"14' 1""",225.583,16,12
27,Sergio Garcia,"21' 8""",195.250,9,3
28,Carl Pettersson,"26' 2""",183.250,7,25
