rank,player,Avg DTP,Total Distance (feet),# of Shots,Scrambling Rank
1,Vijay Singh,"4' 0""",8.000,2,7
2,Stuart Appleby,"6' 6""",51.667,8,1
2,Mark Calcavecchia,"6' 6""",58.167,9,8
4,Michael Campbell,"7' 9""",77.667,10,6
5,Kenny Perry,"7' 10""",85.917,11,22
5,"Wes Short, Jr.","7' 10""",93.583,12,9
7,K.J. Choi,"7' 11""",71.000,9,10
8,Vaughn Taylor,"8' 2""",65.083,8,5
9,Jim Furyk,"8' 4""",75.333,9,18
10,Ben Crane,"8' 10""",168.417,19,11
11,Brad Faxon,"9' 0""",99.333,11,17
12,Geoff Ogilvy,"9' 1""",100.333,11,21
13,Tim Petrovic,"9' 2""",137.417,15,12
14,Sergio Garcia,"9' 4""",83.833,9,3
15,Justin Leonard,"9' 8""",67.833,7,4
16,Peter Lonard,"9' 10""",128.083,13,2
17,Olin Browne,"10' 1""",100.500,10,19
17,Fred Funk,"10' 1""",60.667,6,12
19,Robert Gamez,"10' 3""",92.583,9,12
20,Carl Pettersson,"10' 6""",126.417,12,25
21,Lucas Glover,"10' 11""",152.750,14,16
22,Jason Gore,"11' 1""",154.583,14,24
23,David Toms,"11' 11""",107.167,9,20
24,Ted Purdy,"12' 10""",128.167,10,26
25,Heath Slocum,"13' 3""",119.333,9,28
26,Sean O'Hair,"13' 11""",181.250,13,23
27,Jason Bohn,"14' 4""",100.583,7,12
28,Bart Bryant,"21' 9""",108.917,5,27
