rank,player,Avg DTP,Total Distance (feet),# of Shots,Scrambling Rank
1,Brad Faxon,"0""",0,1,17
1,Vaughn Taylor,"0""",0,1,5
3,Geoff Ogilvy,"1' 0""",2.917,3,21
4,Mark Calcavecchia,"1' 1""",2.167,2,8
5,Justin Leonard,"1' 7""",3.167,2,4
6,K.J. Choi,"2' 9""",13.833,5,10
7,Bart Bryant,"2' 11""",2.917,1,27
8,Sean O'Hair,"3' 1""",6.167,2,23
9,Fred Funk,"3' 2""",6.250,2,12
9,Jim Furyk,"3' 2""",3.167,1,18
9,"Wes Short, Jr.","3' 2""",9.417,3,9
12,Olin Browne,"3' 4""",16.750,5,19
12,David Toms,"3' 4""",10.000,3,20
14,Sergio Garcia,"3' 6""",31.333,9,3
15,Ben Crane,"3' 10""",22.917,6,11
16,Vijay Singh,"4' 0""",20.167,5,7
17,Jason Gore,"4' 2""",8.250,2,24
18,Robert Gamez,"4' 3""",16.833,4,12
18,Heath Slocum,"4' 3""",16.917,4,28
20,Peter Lonard,"4' 4""",8.667,2,2
21,Tim Petrovic,"5' 0""",15.083,3,12
22,Lucas Glover,"5' 3""",10.500,2,16
22,Ted Purdy,"5' 3""",10.500,2,26
24,Stuart Appleby,"5' 7""",22.417,4,1
25,Kenny Perry,"6' 6""",19.583,3,22
26,Jason Bohn,"8' 1""",8.083,1,12
27,Michael Campbell,"8' 6""",16.917,2,6
