rank,player,Avg dtp,Total Distance (Feet),Attempts
1,Stuart Appleby,"5' 8""",102.250,18
2,Mark Calcavecchia,"6' 3""",131.917,21
3,Vijay Singh,"6' 4""",88.583,14
4,"Wes Short, Jr.","6' 11""",173.333,25
5,Jim Furyk,"7' 0""",105.000,15
5,Sergio Garcia,"7' 0""",140.083,20
7,Michael Campbell,"7' 2""",143.250,20
8,Justin Leonard,"7' 8""",175.583,23
8,Peter Lonard,"7' 8""",191.917,25
10,Olin Browne,"8' 3""",240.000,29
10,Ben Crane,"8' 3""",239.500,29
12,Geoff Ogilvy,"8' 7""",137.083,16
13,Fred Funk,"8' 9""",217.750,25
14,Tim Petrovic,"8' 10""",266.167,30
15,Brad Faxon,"8' 11""",259.167,29
16,K.J. Choi,"9' 1""",217.833,24
17,Robert Gamez,"9' 7""",220.167,23
18,Lucas Glover,"9' 8""",202.667,21
19,Jason Bohn,"10' 2""",193.333,19
20,Kenny Perry,"10' 5""",238.917,23
21,Heath Slocum,"10' 7""",200.500,19
22,David Toms,"10' 9""",237.000,22
23,Vaughn Taylor,"11' 6""",161.250,14
24,Sean O'Hair,"12' 6""",312.583,25
25,Bart Bryant,"13' 7""",176.500,13
26,Ted Purdy,"13' 8""",341.417,25
27,Jason Gore,"14' 1""",324.750,23
28,Carl Pettersson,"17' 0""",374.417,22
