rank,player,Avg DTP,Total Distance (feet),# of Shots,Scrambling Rank
1,Stuart Appleby,"3' 9""",33.750,9,1
2,Jim Furyk,"4' 3""",21.083,5,18
3,Michael Campbell,"5' 0""",55.000,11,6
4,Justin Leonard,"5' 2""",51.250,10,4
5,Geoff Ogilvy,"5' 3""",36.583,7,21
6,Tim Petrovic,"5' 5""",38.083,7,12
7,Peter Lonard,"5' 6""",49.667,9,2
8,Sergio Garcia,"5' 7""",39.083,7,3
9,Heath Slocum,"5' 8""",39.500,7,28
10,"Wes Short, Jr.","6' 0""",59.583,10,9
11,Sean O'Hair,"6' 5""",90.250,14,23
12,Kenny Perry,"6' 7""",72.750,11,22
12,Vijay Singh,"6' 7""",52.750,8,7
14,Brad Faxon,"6' 8""",73.500,11,17
15,Mark Calcavecchia,"6' 9""",94.750,14,8
16,Jason Bohn,"6' 10""",68.250,10,12
17,Lucas Glover,"7' 1""",71.083,10,16
18,Ben Crane,"7' 4""",44.083,6,11
18,Robert Gamez,"7' 4""",58.667,8,12
20,Olin Browne,"8' 9""",70.000,8,19
21,David Toms,"9' 2""",73.083,8,20
22,Bart Bryant,"9' 6""",28.500,3,27
23,Fred Funk,"9' 9""",146.500,15,12
24,Carl Pettersson,"10' 0""",140.500,14,25
25,Vaughn Taylor,"10' 9""",53.833,5,5
26,Jason Gore,"10' 11""",97.917,9,24
27,Ted Purdy,"12' 0""",107.750,9,26
28,K.J. Choi,"12' 6""",174.500,14,10
