rank,player,%,Greens Hit,# of Holes
1,Justin Leonard,95.65,44,46
2,Johnson Wagner,94.74,36,38
3,Anthony Kim,93.33,42,45
4,Boo Weekley,93.18,41,44
5,Sean O'Hair,92.31,36,39
6,Trevor Immelman,90.91,40,44
7,Davis Love III,90.70,39,43
8,Parker McLachlin,90.48,38,42
9,Camilo Villegas,90.24,37,41
10,Chez Reavie,90.20,46,51
11,J.B. Holmes,89.47,34,38
12,Geoff Ogilvy,88.89,40,45
13,Cameron Beckman,88.64,39,44
13,Dustin Johnson,88.64,39,44
15,Carl Pettersson,88.37,38,43
16,Will MacKenzie,88.10,37,42
17,D.J. Trahan,87.23,41,47
18,Adam Scott,86.67,39,45
19,Kenny Perry,86.36,38,44
20,Brian Gay,86.27,44,51
21,Stewart Cink,83.72,36,43
21,Greg Kraft,83.72,36,43
23,K.J. Choi,83.67,41,49
24,Steve Lowery,83.33,40,48
25,Richard Johnson,82.22,37,45
25,Zach Johnson,82.22,37,45
27,Daniel Chopra,82.05,32,39
28,Ernie Els,81.58,31,38
29,Vijay Singh,80.43,37,46
30,Ryuji Imada,76.19,32,42
31,Marc Turnesa,75.00,30,40
32,Ryan Palmer,73.81,31,42
33,Andres Romero,72.97,27,37
