rank,player,%,Greens Hit,Total Holes,Relative to par
1,K.J. Choi,100.00,4,4,+0.25
1,Anthony Kim,100.00,3,3,E
1,Justin Leonard,100.00,5,5,-0.20
1,Davis Love III,100.00,4,4,-0.25
1,Steve Lowery,100.00,5,5,-0.20
1,Sean O'Hair,100.00,3,3,E
1,Geoff Ogilvy,100.00,6,6,-0.33
1,Chez Reavie,100.00,8,8,+0.13
1,Camilo Villegas,100.00,7,7,-0.43
10,Richard Johnson,93.33,14,15,-0.21
11,Ryuji Imada,88.89,8,9,E
12,Kenny Perry,85.71,6,7,+0.17
12,Vijay Singh,85.71,6,7,-0.33
14,Adam Scott,83.33,5,6,E
15,Will MacKenzie,80.00,4,5,-0.25
15,Boo Weekley,80.00,4,5,-0.75
17,Daniel Chopra,77.78,7,9,-0.14
18,Dustin Johnson,75.00,3,4,E
18,Zach Johnson,75.00,6,8,-0.17
18,Greg Kraft,75.00,6,8,-0.33
21,Trevor Immelman,72.73,8,11,-0.25
22,Ernie Els,71.43,5,7,-0.20
23,Parker McLachlin,70.00,7,10,E
23,D.J. Trahan,70.00,7,10,-0.14
25,Brian Gay,69.23,9,13,E
25,Marc Turnesa,69.23,9,13,-0.22
27,Stewart Cink,66.67,4,6,-0.25
27,J.B. Holmes,66.67,4,6,E
27,Ryan Palmer,66.67,2,3,E
30,Carl Pettersson,62.50,5,8,-0.20
30,Johnson Wagner,62.50,5,8,-0.20
32,Cameron Beckman,50.00,4,8,E
33,Andres Romero,25.00,1,4,+1.00
