rank,player,%,Greens Hit,# Holes,Relative/Par
1,K.J. Choi,100.0,1,1,-1.00
1,Daniel Chopra,100.0,1,1,E
1,J.B. Holmes,100.0,1,1,E
1,Greg Kraft,100.0,1,1,E
1,Justin Leonard,100.0,2,2,E
1,Davis Love III,100.0,2,2,-2.00
1,Will MacKenzie,100.0,2,2,-1.00
1,Parker McLachlin,100.0,2,2,E
1,Sean O'Hair,100.0,2,2,-1.00
1,Adam Scott,100.0,1,1,-1.00
11,Camilo Villegas,66.7,2,3,E
12,Trevor Immelman,50.0,1,2,E
12,Zach Johnson,50.0,1,2,E
12,Vijay Singh,50.0,1,2,+1.00
12,D.J. Trahan,50.0,1,2,E
16,Steve Lowery,33.3,1,3,E
16,Carl Pettersson,33.3,1,3,E
18,Cameron Beckman,25.0,1,4,E
19,Ernie Els,.0,0,1,E
19,Brian Gay,.0,0,2,E
19,Ryuji Imada,.0,0,1,E
19,Richard Johnson,.0,0,1,E
19,Anthony Kim,.0,0,1,E
19,Ryan Palmer,.0,0,3,E
19,Andres Romero,.0,0,2,E
19,Boo Weekley,.0,0,1,E
