rank,player,%,Greens Hit,Total Holes,Relative to par
1,K.J. Choi,100.00,20,20,-0.55
1,Brian Gay,100.00,12,12,-0.42
1,Justin Leonard,100.00,22,22,-0.59
1,Davis Love III,100.00,27,27,-0.63
1,Steve Lowery,100.00,22,22,-0.64
1,Carl Pettersson,100.00,25,25,-0.44
1,Chez Reavie,100.00,18,18,-0.28
8,Boo Weekley,96.55,28,29,-0.36
9,Sean O'Hair,96.30,26,27,-0.54
10,Dustin Johnson,96.15,25,26,-0.56
11,Trevor Immelman,95.65,22,23,-0.64
11,Kenny Perry,95.65,22,23,-0.59
13,Will MacKenzie,95.24,20,21,-0.50
14,D.J. Trahan,95.00,19,20,-0.58
14,Johnson Wagner,95.00,19,20,-0.53
16,Andres Romero,92.59,25,27,-0.36
17,Parker McLachlin,90.91,20,22,-0.60
17,Geoff Ogilvy,90.91,20,22,-0.80
19,Zach Johnson,90.00,18,20,-0.50
20,Cameron Beckman,89.47,17,19,-0.65
21,J.B. Holmes,89.29,25,28,-0.60
22,Richard Johnson,88.24,15,17,-0.53
23,Adam Scott,88.00,22,25,-0.64
23,Vijay Singh,88.00,22,25,-0.50
23,Camilo Villegas,88.00,22,25,-0.55
26,Stewart Cink,86.96,20,23,-0.45
26,Anthony Kim,86.96,20,23,-0.85
28,Greg Kraft,86.67,13,15,-0.46
29,Ryuji Imada,85.71,18,21,-0.56
30,Ryan Palmer,83.33,15,18,-0.67
30,Marc Turnesa,83.33,10,12,-0.40
32,Ernie Els,81.48,22,27,-0.59
33,Daniel Chopra,80.00,20,25,-0.80
