rank,player,%,Greens Hit,Total Holes,Relative to par
1,Trevor Immelman,100.00,4,4,-0.25
1,Greg Kraft,100.00,10,10,-0.20
1,Justin Leonard,100.00,9,9,E
1,Geoff Ogilvy,100.00,12,12,-0.42
1,D.J. Trahan,100.00,12,12,-0.25
6,Johnson Wagner,91.67,11,12,-0.27
7,Brian Gay,90.91,10,11,-0.30
8,Anthony Kim,90.00,9,10,-0.11
8,Sean O'Hair,90.00,9,10,-0.22
10,Stewart Cink,88.89,8,9,-0.13
10,Davis Love III,88.89,8,9,-0.13
10,Will MacKenzie,88.89,8,9,-0.38
13,Cameron Beckman,87.50,7,8,-0.14
13,Ernie Els,87.50,7,8,-0.43
15,Marc Turnesa,83.33,10,12,-0.30
16,Zach Johnson,80.00,8,10,-0.50
16,Parker McLachlin,80.00,8,10,-0.25
18,Ryan Palmer,75.00,6,8,-0.50
19,Chez Reavie,72.73,8,11,-0.25
20,K.J. Choi,71.43,10,14,-0.30
20,J.B. Holmes,71.43,5,7,E
20,Camilo Villegas,71.43,5,7,-0.40
23,Ryuji Imada,70.00,7,10,-0.57
23,Boo Weekley,70.00,7,10,-0.14
25,Adam Scott,69.23,9,13,-0.22
26,Dustin Johnson,66.67,4,6,-0.50
26,Richard Johnson,66.67,4,6,-0.50
26,Vijay Singh,66.67,4,6,-0.50
29,Carl Pettersson,57.14,4,7,-0.25
30,Steve Lowery,53.85,7,13,-0.14
31,Kenny Perry,50.00,2,4,-0.50
31,Andres Romero,50.00,4,8,E
33,Daniel Chopra,42.86,3,7,-0.33
