rank,player,%,Greens Hit,Total Holes,Relative to par
1,Kenny Perry,91.67,11,12,-0.36
1,Boo Weekley,91.67,11,12,-0.09
3,D.J. Trahan,88.89,8,9,-0.25
4,Trevor Immelman,84.62,11,13,+0.18
5,Anthony Kim,83.33,10,12,-0.10
5,Johnson Wagner,83.33,10,12,+0.10
7,Dustin Johnson,80.00,8,10,-0.25
7,Davis Love III,80.00,8,10,-0.25
9,Justin Leonard,78.57,11,14,E
10,Brian Gay,75.00,12,16,-0.17
10,Steve Lowery,75.00,9,12,E
12,Zach Johnson,73.33,11,15,-0.18
13,Will MacKenzie,72.73,8,11,-0.13
13,Camilo Villegas,72.73,8,11,+0.38
15,Chez Reavie,71.43,10,14,-0.30
15,Adam Scott,71.43,10,14,E
17,Daniel Chopra,70.00,7,10,-0.14
18,Ryan Palmer,68.75,11,16,E
19,K.J. Choi,66.67,10,15,+0.10
19,Parker McLachlin,66.67,8,12,-0.13
19,Geoff Ogilvy,66.67,6,9,-0.17
19,Carl Pettersson,66.67,8,12,-0.13
23,Cameron Beckman,64.29,9,14,-0.22
23,Richard Johnson,64.29,9,14,E
25,Stewart Cink,63.64,7,11,+0.29
25,Ernie Els,63.64,7,11,E
27,Ryuji Imada,61.54,8,13,-0.38
27,Vijay Singh,61.54,8,13,-0.13
29,J.B. Holmes,58.33,7,12,-0.14
29,Andres Romero,58.33,7,12,E
31,Sean O'Hair,55.56,5,9,E
32,Greg Kraft,37.50,6,16,E
33,Marc Turnesa,35.29,6,17,E
