rank,player,%,Greens Hit,Total Holes,Relative to par
1,Cameron Beckman,100.00,7,7,-0.14
1,K.J. Choi,100.00,6,6,-0.33
1,Brian Gay,100.00,8,8,-0.25
1,Anthony Kim,100.00,6,6,E
1,Justin Leonard,100.00,4,4,E
1,Parker McLachlin,100.00,8,8,-0.13
1,Sean O'Hair,100.00,11,11,-0.09
1,Ryan Palmer,100.00,5,5,E
1,D.J. Trahan,100.00,8,8,E
10,Dustin Johnson,90.91,10,11,-0.10
11,Daniel Chopra,90.00,9,10,-0.22
12,Stewart Cink,88.89,8,9,E
12,Trevor Immelman,88.89,8,9,+0.25
12,Chez Reavie,88.89,8,9,-0.13
15,Geoff Ogilvy,87.50,7,8,-0.14
15,Kenny Perry,87.50,7,8,E
15,Carl Pettersson,87.50,7,8,-0.14
15,Camilo Villegas,87.50,7,8,E
19,Vijay Singh,85.71,6,7,+0.17
20,Ernie Els,83.33,5,6,-0.40
20,J.B. Holmes,83.33,5,6,-0.40
22,Davis Love III,81.82,9,11,-0.11
23,Zach Johnson,80.00,4,5,-0.25
24,Ryuji Imada,77.78,7,9,-0.14
24,Boo Weekley,77.78,7,9,-0.14
26,Will MacKenzie,75.00,6,8,E
27,Marc Turnesa,72.73,8,11,-0.13
27,Johnson Wagner,72.73,8,11,-0.25
29,Richard Johnson,71.43,5,7,-0.20
29,Adam Scott,71.43,5,7,E
31,Greg Kraft,70.00,7,10,E
32,Andres Romero,66.67,4,6,E
33,Steve Lowery,60.00,3,5,-0.33
