rank,player,%,Greens Hit,Total Holes,Relative to par
1,Zach Johnson,100.00,7,7,-0.43
1,Greg Kraft,100.00,7,7,-0.14
1,Parker McLachlin,100.00,4,4,E
1,Carl Pettersson,100.00,5,5,-0.20
1,Chez Reavie,100.00,7,7,-0.43
1,Adam Scott,100.00,2,2,-0.50
1,Marc Turnesa,100.00,4,4,E
1,Camilo Villegas,100.00,9,9,-0.22
1,Boo Weekley,100.00,3,3,E
10,Will MacKenzie,91.67,11,12,-0.27
11,Anthony Kim,90.91,10,11,-0.30
12,Stewart Cink,87.50,7,8,-0.71
12,Andres Romero,87.50,7,8,-0.43
12,Vijay Singh,87.50,7,8,-0.14
15,J.B. Holmes,85.71,6,7,-0.50
15,Sean O'Hair,85.71,6,7,-0.33
15,Geoff Ogilvy,85.71,6,7,-0.33
18,Ryuji Imada,83.33,5,6,-0.20
18,Davis Love III,83.33,5,6,-0.20
18,Kenny Perry,83.33,10,12,-0.20
21,Cameron Beckman,81.82,9,11,-0.22
22,Johnson Wagner,80.00,4,5,-0.25
23,K.J. Choi,77.78,7,9,-0.43
23,Dustin Johnson,77.78,7,9,-0.14
25,Daniel Chopra,75.00,3,4,-0.33
25,Ernie Els,75.00,3,4,-0.33
25,Justin Leonard,75.00,9,12,-0.56
28,Steve Lowery,71.43,5,7,-0.60
29,Ryan Palmer,69.23,9,13,-0.11
30,Brian Gay,66.67,6,9,-0.17
30,D.J. Trahan,66.67,4,6,-0.50
32,Richard Johnson,62.50,5,8,E
33,Trevor Immelman,57.14,4,7,+0.25
