rank,player,%,Greens Hit,Total Holes,Relative to par
1,Cameron Beckman,100.00,5,5,E
1,Trevor Immelman,100.00,5,5,E
1,Will MacKenzie,100.00,5,5,E
1,Johnson Wagner,100.00,4,4,-0.50
1,Boo Weekley,100.00,4,4,+0.25
6,Justin Leonard,83.33,5,6,E
6,Steve Lowery,83.33,5,6,-0.20
6,Kenny Perry,83.33,5,6,E
6,D.J. Trahan,83.33,5,6,-0.20
10,Greg Kraft,80.00,4,5,E
10,Parker McLachlin,80.00,4,5,E
10,Chez Reavie,80.00,4,5,-0.50
10,Camilo Villegas,80.00,4,5,-0.50
14,Ernie Els,77.78,7,9,+0.14
15,Stewart Cink,75.00,3,4,-0.33
15,Dustin Johnson,75.00,3,4,-0.33
15,Adam Scott,75.00,3,4,E
18,Geoff Ogilvy,71.43,5,7,-0.20
19,Brian Gay,66.67,2,3,E
19,Ryuji Imada,66.67,2,3,E
19,Zach Johnson,66.67,4,6,-0.50
19,Davis Love III,66.67,2,3,-0.50
19,Andres Romero,66.67,4,6,+0.25
19,Vijay Singh,66.67,4,6,+0.25
19,Marc Turnesa,66.67,2,3,E
26,Daniel Chopra,60.00,3,5,E
26,Richard Johnson,60.00,3,5,E
26,Sean O'Hair,60.00,3,5,E
26,Ryan Palmer,60.00,3,5,-0.33
30,K.J. Choi,50.00,2,4,E
30,J.B. Holmes,50.00,2,4,E
32,Anthony Kim,42.86,3,7,E
32,Carl Pettersson,42.86,3,7,E
