rank,player,%,Total Hit,Total Attempts,RTP Score
1,Justin Leonard,94.44,68,72,-19.00
2,Sean O'Hair,91.67,66,72,-18.00
3,Kenny Perry,90.28,65,72,-19.00
3,Chez Reavie,90.28,65,72,-16.00
3,Boo Weekley,90.28,65,72,-15.00
6,Davis Love III,88.89,64,72,-24.00
6,Geoff Ogilvy,88.89,64,72,-28.00
6,D.J. Trahan,88.89,64,72,-20.00
9,Will MacKenzie,87.50,63,72,-18.00
9,Camilo Villegas,87.50,63,72,-18.00
11,Trevor Immelman,86.11,62,72,-12.00
11,Parker McLachlin,86.11,62,72,-16.00
11,Johnson Wagner,86.11,62,72,-18.00
14,K.J. Choi,84.72,61,72,-16.00
14,Dustin Johnson,84.72,61,72,-22.00
14,Anthony Kim,84.72,61,72,-22.00
17,Brian Gay,83.33,60,72,-13.00
18,Cameron Beckman,81.94,59,72,-17.00
18,Zach Johnson,81.94,59,72,-22.00
20,Ernie Els,80.56,58,72,-19.00
20,Richard Johnson,80.56,58,72,-15.00
20,Carl Pettersson,80.56,58,72,-16.00
20,Adam Scott,80.56,58,72,-16.00
24,Stewart Cink,79.17,57,72,-15.00
24,Ryuji Imada,79.17,57,72,-19.00
24,Vijay Singh,79.17,57,72,-15.00
27,Daniel Chopra,77.78,56,72,-22.00
27,Steve Lowery,77.78,56,72,-21.00
29,Greg Kraft,76.39,55,72,-12.00
30,J.B. Holmes,75.00,54,72,-21.00
30,Ryan Palmer,75.00,54,72,-15.00
30,Andres Romero,75.00,54,72,-9.00
33,Marc Turnesa,70.83,51,72,-9.00
