rank,player,%,Greens Hit,Total Holes,Relative to par
1,Carl Pettersson,100.00,30,30,-0.40
1,Chez Reavie,100.00,25,25,-0.32
3,Davis Love III,96.97,32,33,-0.56
4,Boo Weekley,96.88,31,32,-0.32
5,Sean O'Hair,94.12,32,34,-0.50
6,Will MacKenzie,93.94,31,33,-0.42
7,K.J. Choi,93.10,27,29,-0.52
7,Steve Lowery,93.10,27,29,-0.63
9,Zach Johnson,92.59,25,27,-0.48
10,Parker McLachlin,92.31,24,26,-0.50
11,Johnson Wagner,92.00,23,25,-0.48
12,Dustin Johnson,91.43,32,35,-0.47
12,Kenny Perry,91.43,32,35,-0.47
12,Andres Romero,91.43,32,35,-0.38
15,Justin Leonard,91.18,31,34,-0.58
15,Camilo Villegas,91.18,31,34,-0.45
17,Greg Kraft,90.91,20,22,-0.35
18,Geoff Ogilvy,89.66,26,29,-0.69
19,Adam Scott,88.89,24,27,-0.63
20,J.B. Holmes,88.57,31,35,-0.58
21,D.J. Trahan,88.46,23,26,-0.57
22,Anthony Kim,88.24,30,34,-0.67
23,Vijay Singh,87.88,29,33,-0.41
24,Marc Turnesa,87.50,14,16,-0.29
25,Stewart Cink,87.10,27,31,-0.52
26,Cameron Beckman,86.67,26,30,-0.50
26,Trevor Immelman,86.67,26,30,-0.50
28,Brian Gay,85.71,18,21,-0.33
29,Ryuji Imada,85.19,23,27,-0.48
30,Ernie Els,80.65,25,31,-0.56
31,Richard Johnson,80.00,20,25,-0.40
32,Daniel Chopra,79.31,23,29,-0.74
33,Ryan Palmer,77.42,24,31,-0.46
