rank,player,%,Greens Hit,Total Holes,Relative to par
1,Justin Leonard,89.47,34,38,-0.03
2,D.J. Trahan,88.89,40,45,-0.18
3,Trevor Immelman,85.71,36,42,+0.03
3,Geoff Ogilvy,85.71,36,42,-0.28
5,Davis Love III,83.78,31,37,-0.19
5,Kenny Perry,83.78,31,37,-0.13
7,Boo Weekley,82.50,33,40,-0.15
8,Anthony Kim,81.58,31,38,-0.06
8,Will MacKenzie,81.58,31,38,-0.16
8,Sean O'Hair,81.58,31,38,-0.10
8,Camilo Villegas,81.58,31,38,-0.13
12,Chez Reavie,80.85,38,47,-0.18
12,Johnson Wagner,80.85,38,47,-0.18
14,Brian Gay,80.39,41,51,-0.17
15,Dustin Johnson,80.00,28,35,-0.21
16,Parker McLachlin,77.78,35,45,-0.11
17,Stewart Cink,76.92,30,39,-0.03
18,Cameron Beckman,76.19,32,42,-0.13
19,Ernie Els,75.61,31,41,-0.16
20,Zach Johnson,75.00,33,44,-0.30
21,Richard Johnson,74.47,35,47,-0.17
22,K.J. Choi,74.42,32,43,-0.09
23,Ryan Palmer,72.97,27,37,-0.15
24,Ryuji Imada,72.73,32,44,-0.25
24,Adam Scott,72.73,32,44,-0.06
26,Vijay Singh,71.79,28,39,-0.11
27,Daniel Chopra,70.73,29,41,-0.17
27,Steve Lowery,70.73,29,41,-0.14
29,Greg Kraft,67.35,33,49,-0.12
30,J.B. Holmes,65.71,23,35,-0.13
31,Carl Pettersson,64.29,27,42,-0.15
32,Marc Turnesa,62.50,35,56,-0.17
33,Andres Romero,55.56,20,36,+0.10
