rank,player,%,Greens Hit,Total Holes,Relative to par
1,Davis Love III,95.24,40,42,-0.48
2,Greg Kraft,93.75,30,32,-0.30
3,Sean O'Hair,93.18,41,44,-0.44
4,Justin Leonard,93.02,40,43,-0.45
5,Will MacKenzie,92.86,39,42,-0.41
6,Geoff Ogilvy,92.68,38,41,-0.61
7,D.J. Trahan,92.11,35,38,-0.46
8,Carl Pettersson,91.89,34,37,-0.38
8,Johnson Wagner,91.89,34,37,-0.41
10,Chez Reavie,91.67,33,36,-0.30
11,Boo Weekley,90.48,38,42,-0.29
12,Zach Johnson,89.19,33,37,-0.48
13,Parker McLachlin,88.89,32,36,-0.44
14,Anthony Kim,88.64,39,44,-0.54
15,Trevor Immelman,88.24,30,34,-0.47
16,Dustin Johnson,87.80,36,41,-0.47
16,Camilo Villegas,87.80,36,41,-0.44
18,Stewart Cink,87.50,35,40,-0.43
18,Brian Gay,87.50,28,32,-0.32
20,Kenny Perry,87.18,34,39,-0.47
21,Cameron Beckman,86.84,33,38,-0.42
22,K.J. Choi,86.05,37,43,-0.46
23,J.B. Holmes,85.71,36,42,-0.50
23,Marc Turnesa,85.71,24,28,-0.29
25,Vijay Singh,84.62,33,39,-0.42
26,Andres Romero,83.72,36,43,-0.33
27,Adam Scott,82.50,33,40,-0.52
28,Ernie Els,82.05,32,39,-0.53
29,Ryuji Imada,81.08,30,37,-0.50
30,Steve Lowery,80.95,34,42,-0.53
31,Richard Johnson,77.42,24,31,-0.42
32,Ryan Palmer,76.92,30,39,-0.47
33,Daniel Chopra,72.22,26,36,-0.69
