rank,player,%,Greens Hit,# of holes
1,Sean O'Hair,95.24,20,21
2,Chez Reavie,88.89,8,9
3,Geoff Ogilvy,86.67,13,15
4,Justin Leonard,85.71,12,14
5,D.J. Trahan,84.62,11,13
6,Will MacKenzie,83.33,15,18
7,Davis Love III,82.35,14,17
8,K.J. Choi,81.82,9,11
9,Kenny Perry,81.25,13,16
9,Boo Weekley,81.25,13,16
11,Camilo Villegas,78.95,15,19
12,Vijay Singh,78.57,11,14
13,Zach Johnson,73.33,11,15
14,Ernie Els,72.73,16,22
15,Ryuji Imada,72.22,13,18
16,Andres Romero,69.57,16,23
17,Trevor Immelman,68.75,11,16
17,Dustin Johnson,68.75,11,16
19,Johnson Wagner,68.18,15,22
20,Anthony Kim,66.67,10,15
20,Steve Lowery,66.67,8,12
20,Parker McLachlin,66.67,12,18
20,Adam Scott,66.67,10,15
24,Stewart Cink,64.71,11,17
25,Cameron Beckman,62.50,10,16
26,Richard Johnson,60.00,9,15
27,J.B. Holmes,59.09,13,22
28,Greg Kraft,58.82,10,17
28,Carl Pettersson,58.82,10,17
30,Daniel Chopra,57.14,12,21
31,Brian Gay,55.56,5,9
31,Ryan Palmer,55.56,10,18
33,Marc Turnesa,50.00,10,20
