rank,player,Avg (%),Total Shot Distance,Total Distance
1,Bryson DeChambeau,58.99,"53,254","9,027"
2,Cameron Champ,57.25,"51,676","9,027"
3,Adam Scott,55.80,"50,374","9,027"
4,Lanto Griffin,55.69,"50,275","9,027"
5,Justin Thomas,55.63,"50,213","9,027"
6,Sergio Garcia,55.41,"50,019","9,027"
7,Dustin Johnson,55.09,"49,731","9,027"
8,Xander Schauffele,54.50,"49,200","9,027"
9,Patrick Cantlay,54.16,"48,892","9,027"
10,Joaquin Niemann,54.00,"48,748","9,027"
11,Jon Rahm,53.89,"48,642","9,027"
12,Viktor Hovland,53.77,"48,534","9,027"
13,Carlos Ortiz,53.75,"48,523","9,027"
14,Harris English,53.65,"48,433","9,027"
15,Richy Werenski,53.62,"48,402","9,027"
16,Tony Finau,53.26,"48,079","9,027"
17,Jason Kokrak,53.19,"48,013","9,027"
18,Hudson Swafford,53.13,"47,963","9,027"
19,Marc Leishman,53.07,"47,906","9,027"
20,Hideki Matsuyama,52.91,"47,759","9,027"
21,Scottie Scheffler,52.70,"47,576","9,027"
22,Mackenzie Hughes,52.58,"47,460","9,027"
23,Patrick Reed,52.53,"47,416","9,027"
24,Cameron Smith,52.41,"47,315","9,027"
25,Sungjae Im,52.35,"47,259","9,027"
26,Collin Morikawa,52.31,"47,221","9,027"
26,Ryan Palmer,52.31,"47,219","9,027"
28,Daniel Berger,52.15,"47,076","9,027"
29,Stewart Cink,52.14,"47,065","9,027"
30,Nick Taylor,52.13,"47,059","9,027"
31,Martin Laird,51.94,"46,887","9,027"
32,Billy Horschel,51.53,"46,513","9,027"
33,Robert Streb,51.29,"46,300","9,027"
34,Sebastián Muñoz,51.20,"46,222","9,027"
35,Andrew Landry,50.85,"45,906","9,027"
36,Webb Simpson,50.54,"45,620","9,027"
37,Brian Gay,50.44,"45,536","9,027"
38,Abraham Ancer,49.84,"44,991","9,027"
39,Michael Thompson,49.74,"44,903","9,027"
40,Kevin Na,49.64,"44,814","9,027"
41,Kevin Kisner,49.49,"44,673","9,027"
42,Brendon Todd,47.12,"42,539","9,027"
