rank,player,Avg,Total Distance,Total Drives
1,Bryson DeChambeau,303.4,"2,427",8
2,Cameron Champ,303.1,"2,425",8
3,Adam Scott,298.6,"2,389",8
4,Dustin Johnson,293.3,"2,346",8
5,Lanto Griffin,292.1,"2,337",8
6,Sergio Garcia,291.3,"2,330",8
7,Justin Thomas,289.6,"2,317",8
8,Cameron Smith,287.1,"2,297",8
9,Tony Finau,285.4,"2,283",8
10,Jason Kokrak,285.1,"2,281",8
11,Hudson Swafford,284.9,"2,279",8
12,Xander Schauffele,284.0,"2,272",8
13,Viktor Hovland,283.3,"2,266",8
14,Stewart Cink,283.1,"2,265",8
15,Billy Horschel,283.0,"2,264",8
15,Jon Rahm,283.0,"2,264",8
17,Joaquin Niemann,282.1,"2,257",8
18,Hideki Matsuyama,281.8,"2,254",8
19,Richy Werenski,281.4,"2,251",8
20,Patrick Cantlay,281.3,"2,250",8
21,Carlos Ortiz,280.4,"2,243",8
22,Daniel Berger,280.3,"2,242",8
23,Marc Leishman,279.9,"2,239",8
24,Martin Laird,278.0,"2,224",8
25,Harris English,277.1,"2,217",8
26,Mackenzie Hughes,276.8,"2,214",8
27,Nick Taylor,276.6,"2,213",8
28,Sebastián Muñoz,276.4,"2,211",8
29,Collin Morikawa,275.4,"2,203",8
30,Scottie Scheffler,274.9,"2,199",8
31,Ryan Palmer,274.0,"2,192",8
32,Sungjae Im,273.8,"2,190",8
33,Andrew Landry,273.1,"2,185",8
34,Patrick Reed,272.8,"2,182",8
35,Webb Simpson,272.6,"2,181",8
36,Abraham Ancer,272.5,"2,180",8
37,Kevin Na,269.8,"2,158",8
37,Michael Thompson,269.8,"2,158",8
39,Brian Gay,269.5,"2,156",8
40,Robert Streb,269.3,"2,154",8
41,Kevin Kisner,269.1,"2,153",8
42,Brendon Todd,249.9,"1,999",8
