rank,player,%,Total Drives for 320+,Total Drvs - overall,Relative to par
1,Bryson DeChambeau,25.00,2,8,-0.50
2,Cameron Champ,12.50,1,8,-1.00
2,Sergio Garcia,12.50,1,8,-1.00
2,Lanto Griffin,12.50,1,8,-1.00
2,Adam Scott,12.50,1,8,-1.00
2,Justin Thomas,12.50,1,8,-1.00
7,Abraham Ancer,.00,0,8,E
7,Daniel Berger,.00,0,8,E
7,Patrick Cantlay,.00,0,8,E
7,Stewart Cink,.00,0,8,E
7,Harris English,.00,0,8,E
7,Tony Finau,.00,0,8,E
7,Brian Gay,.00,0,8,E
7,Billy Horschel,.00,0,8,E
7,Viktor Hovland,.00,0,8,E
7,Mackenzie Hughes,.00,0,8,E
7,Sungjae Im,.00,0,8,E
7,Dustin Johnson,.00,0,8,E
7,Kevin Kisner,.00,0,8,E
7,Jason Kokrak,.00,0,8,E
7,Martin Laird,.00,0,8,E
7,Andrew Landry,.00,0,8,E
7,Marc Leishman,.00,0,8,E
7,Hideki Matsuyama,.00,0,8,E
7,Collin Morikawa,.00,0,8,E
7,Sebastián Muñoz,.00,0,8,E
7,Kevin Na,.00,0,8,E
7,Joaquin Niemann,.00,0,8,E
7,Carlos Ortiz,.00,0,8,E
7,Ryan Palmer,.00,0,8,E
7,Jon Rahm,.00,0,8,E
7,Patrick Reed,.00,0,8,E
7,Xander Schauffele,.00,0,8,E
7,Scottie Scheffler,.00,0,8,E
7,Webb Simpson,.00,0,8,E
7,Cameron Smith,.00,0,8,E
7,Robert Streb,.00,0,8,E
7,Hudson Swafford,.00,0,8,E
7,Nick Taylor,.00,0,8,E
7,Michael Thompson,.00,0,8,E
7,Brendon Todd,.00,0,8,E
7,Richy Werenski,.00,0,8,E
