rank,player,%,Total Drives for <= 240,Total Drives - Overall,Relative to Par
1,Brendon Todd,23.33,14,60,-0.071
2,Kevin Kisner,11.67,7,60,-0.143
2,Kevin Na,11.67,7,60,-0.143
4,Lanto Griffin,8.33,5,60,E
4,Marc Leishman,8.33,5,60,-0.200
4,Webb Simpson,8.33,5,60,-0.600
4,Hudson Swafford,8.33,5,60,-0.400
4,Justin Thomas,8.33,5,60,-0.600
9,Abraham Ancer,6.67,4,60,-0.500
9,Daniel Berger,6.67,4,60,E
9,Andrew Landry,6.67,4,60,+0.250
9,Adam Scott,6.67,4,60,E
9,Robert Streb,6.67,4,60,+0.750
14,Jason Kokrak,5.00,3,60,+0.333
14,Michael Thompson,5.00,3,60,E
16,Bryson DeChambeau,3.33,2,60,-0.500
16,Brian Gay,3.33,2,60,-0.500
16,Mackenzie Hughes,3.33,2,60,E
16,Collin Morikawa,3.33,2,60,E
16,Sebastián Muñoz,3.33,2,60,+0.500
16,Patrick Reed,3.33,2,60,-0.500
16,Cameron Smith,3.33,2,60,-0.500
23,Patrick Cantlay,1.67,1,60,E
23,Harris English,1.67,1,60,-1.000
23,Billy Horschel,1.67,1,60,E
23,Sungjae Im,1.67,1,60,E
23,Hideki Matsuyama,1.67,1,60,E
23,Joaquin Niemann,1.67,1,60,E
23,Ryan Palmer,1.67,1,60,E
23,Scottie Scheffler,1.67,1,60,E
31,Cameron Champ,.00,0,60,E
31,Stewart Cink,.00,0,60,E
31,Tony Finau,.00,0,60,E
31,Sergio Garcia,.00,0,60,E
31,Viktor Hovland,.00,0,60,E
31,Dustin Johnson,.00,0,60,E
31,Martin Laird,.00,0,60,E
31,Carlos Ortiz,.00,0,60,E
31,Jon Rahm,.00,0,60,E
31,Xander Schauffele,.00,0,60,E
31,Nick Taylor,.00,0,60,E
31,Richy Werenski,.00,0,60,E
