rank,player,%,Total Drives for 280-300,Total Drives - Overall,Relative to Par
1,Dustin Johnson,33.33,20,60,-0.400
2,Mackenzie Hughes,31.67,19,60,-0.211
3,Viktor Hovland,30.00,18,60,-0.500
3,Sungjae Im,30.00,18,60,-0.556
3,Carlos Ortiz,30.00,18,60,-0.167
6,Stewart Cink,28.33,17,60,-0.471
6,Tony Finau,28.33,17,60,-0.118
8,Patrick Cantlay,26.67,16,60,-0.313
8,Billy Horschel,26.67,16,60,-0.500
8,Hudson Swafford,26.67,16,60,-0.375
11,Lanto Griffin,25.00,15,60,-0.200
11,Hideki Matsuyama,25.00,15,60,-0.267
11,Joaquin Niemann,25.00,15,60,-0.333
11,Jon Rahm,25.00,15,60,-0.333
11,Adam Scott,25.00,15,60,-0.400
11,Cameron Smith,25.00,15,60,-0.200
17,Ryan Palmer,23.33,14,60,-0.643
18,Sebastián Muñoz,21.67,13,60,-0.308
18,Xander Schauffele,21.67,13,60,-0.615
18,Scottie Scheffler,21.67,13,60,-0.846
18,Justin Thomas,21.67,13,60,-0.385
18,Richy Werenski,21.67,13,60,-0.385
23,Cameron Champ,20.00,12,60,-0.250
23,Sergio Garcia,20.00,12,60,-0.250
23,Marc Leishman,20.00,12,60,-0.333
23,Collin Morikawa,20.00,12,60,-0.417
27,Abraham Ancer,18.33,11,60,-0.455
27,Daniel Berger,18.33,11,60,-0.636
27,Harris English,18.33,11,60,-0.364
27,Webb Simpson,18.33,11,60,-0.455
31,Martin Laird,16.67,10,60,-0.600
31,Nick Taylor,16.67,10,60,-0.200
33,Jason Kokrak,15.00,9,60,-0.222
33,Patrick Reed,15.00,9,60,-0.444
33,Michael Thompson,15.00,9,60,+0.111
36,Andrew Landry,13.33,8,60,-0.125
36,Kevin Na,13.33,8,60,-0.125
38,Brendon Todd,11.67,7,60,-0.286
39,Kevin Kisner,10.00,6,60,-0.500
39,Robert Streb,10.00,6,60,-0.667
41,Bryson DeChambeau,8.33,5,60,-0.200
41,Brian Gay,8.33,5,60,-0.400
