rank,player,%,Total Drives for 320+,Total Drives - Overall,Relative to Par
1,Bryson DeChambeau,51.67,31,60,-0.323
2,Sergio Garcia,40.00,24,60,-0.208
3,Cameron Champ,38.33,23,60,-0.435
3,Adam Scott,38.33,23,60,-0.261
5,Tony Finau,35.00,21,60,-0.286
5,Xander Schauffele,35.00,21,60,-0.143
7,Viktor Hovland,33.33,20,60,-0.050
7,Dustin Johnson,33.33,20,60,-0.200
7,Justin Thomas,33.33,20,60,-0.400
10,Patrick Cantlay,31.67,19,60,-0.263
10,Sungjae Im,31.67,19,60,-0.211
10,Jason Kokrak,31.67,19,60,-0.211
10,Ryan Palmer,31.67,19,60,-0.263
10,Patrick Reed,31.67,19,60,-0.211
10,Scottie Scheffler,31.67,19,60,-0.211
10,Nick Taylor,31.67,19,60,-0.158
17,Daniel Berger,30.00,18,60,-0.111
17,Lanto Griffin,30.00,18,60,-0.278
17,Marc Leishman,30.00,18,60,-0.222
17,Sebastián Muñoz,30.00,18,60,-0.167
21,Andrew Landry,28.33,17,60,-0.059
21,Joaquin Niemann,28.33,17,60,-0.059
21,Jon Rahm,28.33,17,60,-0.294
21,Cameron Smith,28.33,17,60,-0.235
21,Hudson Swafford,28.33,17,60,+0.118
26,Harris English,26.67,16,60,-0.125
26,Kevin Kisner,26.67,16,60,-0.063
26,Hideki Matsuyama,26.67,16,60,+0.125
26,Collin Morikawa,26.67,16,60,-0.188
26,Carlos Ortiz,26.67,16,60,-0.188
26,Richy Werenski,26.67,16,60,-0.063
32,Abraham Ancer,25.00,15,60,-0.067
32,Stewart Cink,25.00,15,60,-0.133
32,Billy Horschel,25.00,15,60,+0.067
32,Mackenzie Hughes,25.00,15,60,E
32,Martin Laird,25.00,15,60,-0.133
37,Brian Gay,23.33,14,60,-0.071
38,Robert Streb,20.00,12,60,-0.083
39,Webb Simpson,18.33,11,60,-0.091
39,Michael Thompson,18.33,11,60,-0.182
41,Kevin Na,16.67,10,60,-0.100
42,Brendon Todd,10.00,6,60,-0.500
