rank,player,%,Total Drives for 300-320,Total Drives - Overall,Relative to Par
1,Cameron Champ,23.33,14,60,-0.357
2,Bryson DeChambeau,15.00,9,60,-0.444
2,Webb Simpson,15.00,9,60,-0.222
4,Dustin Johnson,13.33,8,60,-0.375
4,Kevin Na,13.33,8,60,E
4,Jon Rahm,13.33,8,60,-0.500
4,Justin Thomas,13.33,8,60,-0.500
8,Jason Kokrak,11.67,7,60,E
8,Martin Laird,11.67,7,60,-0.286
8,Carlos Ortiz,11.67,7,60,E
8,Brendon Todd,11.67,7,60,E
12,Stewart Cink,10.00,6,60,+0.167
12,Sergio Garcia,10.00,6,60,-0.833
12,Robert Streb,10.00,6,60,+0.167
12,Hudson Swafford,10.00,6,60,-0.333
16,Harris English,8.33,5,60,-0.600
16,Brian Gay,8.33,5,60,E
16,Lanto Griffin,8.33,5,60,-0.200
16,Hideki Matsuyama,8.33,5,60,+0.200
16,Joaquin Niemann,8.33,5,60,-0.600
16,Michael Thompson,8.33,5,60,E
22,Abraham Ancer,6.67,4,60,-0.500
22,Daniel Berger,6.67,4,60,-0.750
22,Billy Horschel,6.67,4,60,E
22,Kevin Kisner,6.67,4,60,+0.250
22,Collin Morikawa,6.67,4,60,+0.250
22,Adam Scott,6.67,4,60,-0.500
22,Cameron Smith,6.67,4,60,E
22,Richy Werenski,6.67,4,60,+0.250
30,Patrick Cantlay,5.00,3,60,-0.333
30,Mackenzie Hughes,5.00,3,60,-0.333
30,Andrew Landry,5.00,3,60,-0.333
30,Marc Leishman,5.00,3,60,-0.333
30,Ryan Palmer,5.00,3,60,-0.333
30,Xander Schauffele,5.00,3,60,-0.667
30,Scottie Scheffler,5.00,3,60,E
37,Tony Finau,3.33,2,60,E
37,Viktor Hovland,3.33,2,60,E
37,Sebastián Muñoz,3.33,2,60,-1.000
37,Nick Taylor,3.33,2,60,E
41,Sungjae Im,1.67,1,60,E
41,Patrick Reed,1.67,1,60,E
