rank,player,%,Total Drives for 300+,Total Drvs - overall,Relative to par
1,Cameron Champ,62.50,5,8,-0.60
2,Bryson DeChambeau,50.00,4,8,-0.50
3,Sergio Garcia,37.50,3,8,-1.00
3,Dustin Johnson,37.50,3,8,-0.33
3,Adam Scott,37.50,3,8,-1.00
6,Harris English,25.00,2,8,-1.00
6,Lanto Griffin,25.00,2,8,-1.00
6,Justin Thomas,25.00,2,8,-0.50
9,Stewart Cink,12.50,1,8,E
9,Viktor Hovland,12.50,1,8,+1.00
9,Jason Kokrak,12.50,1,8,+1.00
9,Martin Laird,12.50,1,8,-1.00
9,Marc Leishman,12.50,1,8,-1.00
9,Jon Rahm,12.50,1,8,-1.00
9,Cameron Smith,12.50,1,8,-1.00
16,Abraham Ancer,.00,0,8,E
16,Daniel Berger,.00,0,8,E
16,Patrick Cantlay,.00,0,8,E
16,Tony Finau,.00,0,8,E
16,Brian Gay,.00,0,8,E
16,Billy Horschel,.00,0,8,E
16,Mackenzie Hughes,.00,0,8,E
16,Sungjae Im,.00,0,8,E
16,Kevin Kisner,.00,0,8,E
16,Andrew Landry,.00,0,8,E
16,Hideki Matsuyama,.00,0,8,E
16,Collin Morikawa,.00,0,8,E
16,Sebastián Muñoz,.00,0,8,E
16,Kevin Na,.00,0,8,E
16,Joaquin Niemann,.00,0,8,E
16,Carlos Ortiz,.00,0,8,E
16,Ryan Palmer,.00,0,8,E
16,Patrick Reed,.00,0,8,E
16,Xander Schauffele,.00,0,8,E
16,Scottie Scheffler,.00,0,8,E
16,Webb Simpson,.00,0,8,E
16,Robert Streb,.00,0,8,E
16,Hudson Swafford,.00,0,8,E
16,Nick Taylor,.00,0,8,E
16,Michael Thompson,.00,0,8,E
16,Brendon Todd,.00,0,8,E
16,Richy Werenski,.00,0,8,E
