rank,player,%,Total Drives for 280-300,Total Drvs - overall,Relative to par
1,Hudson Swafford,87.50,7,8,-0.29
2,Billy Horschel,75.00,6,8,-0.50
3,Daniel Berger,62.50,5,8,-0.60
3,Patrick Cantlay,62.50,5,8,-0.80
3,Tony Finau,62.50,5,8,+0.60
3,Hideki Matsuyama,62.50,5,8,E
3,Joaquin Niemann,62.50,5,8,E
3,Cameron Smith,62.50,5,8,+0.20
9,Abraham Ancer,50.00,4,8,-0.75
9,Stewart Cink,50.00,4,8,E
9,Sergio Garcia,50.00,4,8,E
9,Viktor Hovland,50.00,4,8,-1.00
9,Mackenzie Hughes,50.00,4,8,-0.25
9,Sungjae Im,50.00,4,8,-0.50
9,Sebastián Muñoz,50.00,4,8,-0.25
9,Carlos Ortiz,50.00,4,8,E
9,Xander Schauffele,50.00,4,8,-0.75
9,Scottie Scheffler,50.00,4,8,-1.25
9,Justin Thomas,50.00,4,8,-0.50
20,Cameron Champ,37.50,3,8,E
20,Lanto Griffin,37.50,3,8,-0.33
20,Dustin Johnson,37.50,3,8,-0.67
20,Jason Kokrak,37.50,3,8,E
20,Andrew Landry,37.50,3,8,-0.67
20,Collin Morikawa,37.50,3,8,-1.00
20,Ryan Palmer,37.50,3,8,-0.33
20,Jon Rahm,37.50,3,8,E
20,Adam Scott,37.50,3,8,-0.33
20,Webb Simpson,37.50,3,8,-1.00
20,Nick Taylor,37.50,3,8,E
20,Richy Werenski,37.50,3,8,-0.67
32,Bryson DeChambeau,25.00,2,8,E
32,Kevin Kisner,25.00,2,8,-0.50
32,Martin Laird,25.00,2,8,-0.50
32,Marc Leishman,25.00,2,8,-1.00
32,Kevin Na,25.00,2,8,E
32,Patrick Reed,25.00,2,8,-0.50
32,Robert Streb,25.00,2,8,-0.50
39,Brian Gay,12.50,1,8,E
39,Michael Thompson,12.50,1,8,E
41,Harris English,.00,0,8,E
41,Brendon Todd,.00,0,8,E
