rank,player,%,Total Drives for 260-280,Total Drives - Overall,Relative to Par
1,Robert Streb,38.33,23,60,-0.174
2,Patrick Reed,35.00,21,60,-0.190
2,Nick Taylor,35.00,21,60,-0.286
2,Richy Werenski,35.00,21,60,-0.333
5,Martin Laird,33.33,20,60,-0.250
5,Andrew Landry,33.33,20,60,-0.150
7,Harris English,31.67,19,60,-0.368
7,Brian Gay,31.67,19,60,-0.158
7,Hideki Matsuyama,31.67,19,60,-0.368
10,Joaquin Niemann,30.00,18,60,-0.556
10,Michael Thompson,30.00,18,60,-0.611
12,Daniel Berger,28.33,17,60,-0.294
12,Stewart Cink,28.33,17,60,+0.059
12,Tony Finau,28.33,17,60,-0.235
12,Viktor Hovland,28.33,17,60,-0.059
12,Jason Kokrak,28.33,17,60,-0.294
12,Marc Leishman,28.33,17,60,-0.059
12,Collin Morikawa,28.33,17,60,-0.529
12,Carlos Ortiz,28.33,17,60,-0.176
12,Ryan Palmer,28.33,17,60,-0.706
12,Xander Schauffele,28.33,17,60,-0.412
22,Patrick Cantlay,26.67,16,60,-0.563
22,Kevin Kisner,26.67,16,60,-0.500
22,Sebastián Muñoz,26.67,16,60,-0.438
22,Kevin Na,26.67,16,60,-0.375
26,Mackenzie Hughes,25.00,15,60,-0.200
26,Scottie Scheffler,25.00,15,60,-0.200
26,Webb Simpson,25.00,15,60,-0.133
29,Abraham Ancer,23.33,14,60,-0.143
29,Billy Horschel,23.33,14,60,-0.357
29,Jon Rahm,23.33,14,60,-0.357
32,Lanto Griffin,21.67,13,60,-0.154
32,Sungjae Im,21.67,13,60,-0.462
34,Adam Scott,20.00,12,60,-0.083
34,Cameron Smith,20.00,12,60,-0.500
34,Hudson Swafford,20.00,12,60,-0.333
37,Brendon Todd,18.33,11,60,-0.545
38,Sergio Garcia,16.67,10,60,-0.500
38,Dustin Johnson,16.67,10,60,-0.200
40,Cameron Champ,15.00,9,60,+0.556
41,Justin Thomas,13.33,8,60,+0.250
42,Bryson DeChambeau,10.00,6,60,-0.167
