rank,player,%,Total Drives for 240-260,Total Drvs - overall,Relative to par
1,Brendon Todd,50.00,4,8,-0.50
2,Abraham Ancer,25.00,2,8,E
2,Brian Gay,25.00,2,8,-0.50
2,Andrew Landry,25.00,2,8,E
2,Sebastián Muñoz,25.00,2,8,+0.50
2,Kevin Na,25.00,2,8,E
2,Ryan Palmer,25.00,2,8,E
2,Patrick Reed,25.00,2,8,E
2,Scottie Scheffler,25.00,2,8,+0.50
2,Webb Simpson,25.00,2,8,-0.50
2,Robert Streb,25.00,2,8,+0.50
2,Michael Thompson,25.00,2,8,+0.50
13,Stewart Cink,12.50,1,8,E
13,Bryson DeChambeau,12.50,1,8,E
13,Harris English,12.50,1,8,E
13,Sergio Garcia,12.50,1,8,+1.00
13,Viktor Hovland,12.50,1,8,+1.00
13,Sungjae Im,12.50,1,8,+1.00
13,Kevin Kisner,12.50,1,8,E
13,Martin Laird,12.50,1,8,-1.00
13,Collin Morikawa,12.50,1,8,E
13,Cameron Smith,12.50,1,8,E
13,Hudson Swafford,12.50,1,8,+1.00
13,Justin Thomas,12.50,1,8,E
25,Daniel Berger,.00,0,8,E
25,Patrick Cantlay,.00,0,8,E
25,Cameron Champ,.00,0,8,E
25,Tony Finau,.00,0,8,E
25,Lanto Griffin,.00,0,8,E
25,Billy Horschel,.00,0,8,E
25,Mackenzie Hughes,.00,0,8,E
25,Dustin Johnson,.00,0,8,E
25,Jason Kokrak,.00,0,8,E
25,Marc Leishman,.00,0,8,E
25,Hideki Matsuyama,.00,0,8,E
25,Joaquin Niemann,.00,0,8,E
25,Carlos Ortiz,.00,0,8,E
25,Jon Rahm,.00,0,8,E
25,Xander Schauffele,.00,0,8,E
25,Adam Scott,.00,0,8,E
25,Nick Taylor,.00,0,8,E
25,Richy Werenski,.00,0,8,E
