rank,player,%,Total Drives for 240-260,Total Drives - Overall,Relative to Par
1,Brian Gay,25.00,15,60,-0.267
1,Brendon Todd,25.00,15,60,-0.467
3,Michael Thompson,23.33,14,60,E
4,Abraham Ancer,20.00,12,60,-0.250
5,Kevin Kisner,18.33,11,60,-0.091
5,Kevin Na,18.33,11,60,+0.091
7,Billy Horschel,16.67,10,60,-0.100
7,Cameron Smith,16.67,10,60,+0.100
9,Collin Morikawa,15.00,9,60,-0.444
9,Sebastián Muñoz,15.00,9,60,-0.222
9,Scottie Scheffler,15.00,9,60,-0.111
9,Webb Simpson,15.00,9,60,-0.222
9,Robert Streb,15.00,9,60,-0.111
14,Harris English,13.33,8,60,-0.500
14,Sergio Garcia,13.33,8,60,-0.125
14,Sungjae Im,13.33,8,60,-0.250
14,Martin Laird,13.33,8,60,-0.125
14,Andrew Landry,13.33,8,60,-0.125
14,Patrick Reed,13.33,8,60,-0.375
14,Nick Taylor,13.33,8,60,-0.125
21,Bryson DeChambeau,11.67,7,60,-0.143
22,Daniel Berger,10.00,6,60,E
22,Mackenzie Hughes,10.00,6,60,+0.167
22,Ryan Palmer,10.00,6,60,+0.167
22,Jon Rahm,10.00,6,60,-0.167
22,Xander Schauffele,10.00,6,60,E
22,Justin Thomas,10.00,6,60,-0.333
22,Richy Werenski,10.00,6,60,-0.333
29,Patrick Cantlay,8.33,5,60,+0.400
29,Stewart Cink,8.33,5,60,-0.200
29,Jason Kokrak,8.33,5,60,+0.800
29,Marc Leishman,8.33,5,60,-0.200
33,Lanto Griffin,6.67,4,60,-0.250
33,Hideki Matsuyama,6.67,4,60,E
33,Joaquin Niemann,6.67,4,60,-0.250
33,Hudson Swafford,6.67,4,60,+0.500
37,Tony Finau,5.00,3,60,E
37,Viktor Hovland,5.00,3,60,E
39,Cameron Champ,3.33,2,60,E
39,Dustin Johnson,3.33,2,60,E
39,Carlos Ortiz,3.33,2,60,E
39,Adam Scott,3.33,2,60,+0.500
