rank,player,%,Total Drives for 300-320,Total Drvs - overall,Relative to par
1,Cameron Champ,50.00,4,8,-0.50
2,Dustin Johnson,37.50,3,8,-0.33
3,Bryson DeChambeau,25.00,2,8,-0.50
3,Harris English,25.00,2,8,-1.00
3,Sergio Garcia,25.00,2,8,-1.00
3,Adam Scott,25.00,2,8,-1.00
7,Stewart Cink,12.50,1,8,E
7,Lanto Griffin,12.50,1,8,-1.00
7,Viktor Hovland,12.50,1,8,+1.00
7,Jason Kokrak,12.50,1,8,+1.00
7,Martin Laird,12.50,1,8,-1.00
7,Marc Leishman,12.50,1,8,-1.00
7,Jon Rahm,12.50,1,8,-1.00
7,Cameron Smith,12.50,1,8,-1.00
7,Justin Thomas,12.50,1,8,E
16,Abraham Ancer,.00,0,8,E
16,Daniel Berger,.00,0,8,E
16,Patrick Cantlay,.00,0,8,E
16,Tony Finau,.00,0,8,E
16,Brian Gay,.00,0,8,E
16,Billy Horschel,.00,0,8,E
16,Mackenzie Hughes,.00,0,8,E
16,Sungjae Im,.00,0,8,E
16,Kevin Kisner,.00,0,8,E
16,Andrew Landry,.00,0,8,E
16,Hideki Matsuyama,.00,0,8,E
16,Collin Morikawa,.00,0,8,E
16,Sebastián Muñoz,.00,0,8,E
16,Kevin Na,.00,0,8,E
16,Joaquin Niemann,.00,0,8,E
16,Carlos Ortiz,.00,0,8,E
16,Ryan Palmer,.00,0,8,E
16,Patrick Reed,.00,0,8,E
16,Xander Schauffele,.00,0,8,E
16,Scottie Scheffler,.00,0,8,E
16,Webb Simpson,.00,0,8,E
16,Robert Streb,.00,0,8,E
16,Hudson Swafford,.00,0,8,E
16,Nick Taylor,.00,0,8,E
16,Michael Thompson,.00,0,8,E
16,Brendon Todd,.00,0,8,E
16,Richy Werenski,.00,0,8,E
