rank,player,All Drives,Total Distance,# of Drives
1,Cameron Champ,323.5,"19,407",60
2,Bryson DeChambeau,320.9,"19,255",60
3,Dustin Johnson,310.2,"18,609",60
4,Adam Scott,308.7,"18,519",60
5,Sergio Garcia,308.1,"18,487",60
6,Xander Schauffele,306.7,"18,404",60
7,Carlos Ortiz,305.4,"18,325",60
8,Tony Finau,304.4,"18,265",60
9,Justin Thomas,303.1,"18,185",60
10,Jon Rahm,302.5,"18,148",60
11,Patrick Cantlay,302.2,"18,135",60
12,Joaquin Niemann,301.9,"18,114",60
13,Viktor Hovland,301.4,"18,087",60
14,Lanto Griffin,300.1,"18,003",60
15,Sungjae Im,299.4,"17,965",60
16,Jason Kokrak,299.1,"17,944",60
16,Ryan Palmer,299.1,"17,945",60
18,Scottie Scheffler,298.0,"17,882",60
19,Hideki Matsuyama,297.9,"17,875",60
20,Stewart Cink,297.7,"17,861",60
21,Harris English,297.3,"17,839",60
22,Nick Taylor,296.7,"17,801",60
23,Cameron Smith,296.3,"17,779",60
24,Richy Werenski,296.0,"17,761",60
25,Patrick Reed,295.8,"17,747",60
26,Daniel Berger,295.3,"17,720",60
27,Hudson Swafford,294.7,"17,681",60
28,Mackenzie Hughes,294.4,"17,665",60
28,Martin Laird,294.4,"17,667",60
30,Billy Horschel,293.5,"17,610",60
31,Collin Morikawa,293.4,"17,602",60
31,Sebastián Muñoz,293.4,"17,602",60
33,Marc Leishman,292.4,"17,543",60
34,Andrew Landry,289.3,"17,356",60
35,Webb Simpson,288.1,"17,284",60
36,Abraham Ancer,287.3,"17,237",60
37,Brian Gay,286.1,"17,168",60
38,Kevin Kisner,283.2,"16,992",60
39,Robert Streb,282.4,"16,942",60
40,Michael Thompson,282.0,"16,921",60
41,Kevin Na,280.1,"16,804",60
42,Brendon Todd,268.3,"16,099",60
