rank,player,%,Total Drives for 300+,Total Drives - Overall,Relative to Par
1,Bryson DeChambeau,66.67,40,60,-0.350
2,Cameron Champ,61.67,37,60,-0.405
3,Sergio Garcia,50.00,30,60,-0.333
4,Dustin Johnson,46.67,28,60,-0.250
4,Justin Thomas,46.67,28,60,-0.429
6,Adam Scott,45.00,27,60,-0.296
7,Jason Kokrak,43.33,26,60,-0.154
8,Jon Rahm,41.67,25,60,-0.360
9,Xander Schauffele,40.00,24,60,-0.208
10,Tony Finau,38.33,23,60,-0.261
10,Lanto Griffin,38.33,23,60,-0.261
10,Carlos Ortiz,38.33,23,60,-0.130
10,Hudson Swafford,38.33,23,60,E
14,Daniel Berger,36.67,22,60,-0.227
14,Patrick Cantlay,36.67,22,60,-0.273
14,Viktor Hovland,36.67,22,60,-0.045
14,Martin Laird,36.67,22,60,-0.182
14,Joaquin Niemann,36.67,22,60,-0.182
14,Ryan Palmer,36.67,22,60,-0.273
14,Scottie Scheffler,36.67,22,60,-0.182
21,Stewart Cink,35.00,21,60,-0.048
21,Harris English,35.00,21,60,-0.238
21,Marc Leishman,35.00,21,60,-0.238
21,Hideki Matsuyama,35.00,21,60,+0.143
21,Cameron Smith,35.00,21,60,-0.190
21,Nick Taylor,35.00,21,60,-0.143
27,Sungjae Im,33.33,20,60,-0.200
27,Kevin Kisner,33.33,20,60,E
27,Andrew Landry,33.33,20,60,-0.100
27,Collin Morikawa,33.33,20,60,-0.100
27,Sebastián Muñoz,33.33,20,60,-0.250
27,Patrick Reed,33.33,20,60,-0.200
27,Webb Simpson,33.33,20,60,-0.150
27,Richy Werenski,33.33,20,60,E
35,Abraham Ancer,31.67,19,60,-0.158
35,Brian Gay,31.67,19,60,-0.053
35,Billy Horschel,31.67,19,60,+0.053
38,Mackenzie Hughes,30.00,18,60,-0.056
38,Kevin Na,30.00,18,60,-0.056
38,Robert Streb,30.00,18,60,E
41,Michael Thompson,26.67,16,60,-0.125
42,Brendon Todd,21.67,13,60,-0.231
