rank,player,Distance,Tournament,Round,Hole,Course
1,Cameron Champ,424,Sentry,4,7,656
2,Bryson DeChambeau,414,Sentry,2,12,656
3,Adam Scott,403,Sentry,4,17,656
4,Justin Thomas,401,Sentry,4,7,656
5,Jon Rahm,397,Sentry,3,17,656
5,Nick Taylor,397,Sentry,1,17,656
7,Joaquin Niemann,396,Sentry,4,7,656
7,Webb Simpson,396,Sentry,3,17,656
7,Hudson Swafford,396,Sentry,2,17,656
10,Dustin Johnson,395,Sentry,4,17,656
10,Xander Schauffele,395,Sentry,1,17,656
12,Carlos Ortiz,394,Sentry,4,17,656
13,Jason Kokrak,393,Sentry,3,17,656
14,Patrick Cantlay,392,Sentry,1,17,656
14,Lanto Griffin,392,Sentry,1,17,656
16,Brian Gay,391,Sentry,4,17,656
16,Kevin Kisner,391,Sentry,4,7,656
16,Andrew Landry,391,Sentry,4,17,656
19,Scottie Scheffler,390,Sentry,4,17,656
20,Tony Finau,389,Sentry,1,12,656
21,Martin Laird,388,Sentry,4,7,656
21,Hideki Matsuyama,388,Sentry,4,18,656
23,Daniel Berger,386,Sentry,3,18,656
24,Viktor Hovland,385,Sentry,3,18,656
25,Mackenzie Hughes,384,Sentry,3,17,656
25,Richy Werenski,384,Sentry,3,18,656
27,Sergio Garcia,383,Sentry,1,17,656
28,Patrick Reed,382,Sentry,4,18,656
29,Harris English,379,Sentry,3,18,656
30,Marc Leishman,377,Sentry,3,18,656
31,Sungjae Im,376,Sentry,4,12,656
32,Cameron Smith,370,Sentry,3,7,656
33,Ryan Palmer,369,Sentry,4,17,656
33,Robert Streb,369,Sentry,2,18,656
35,Billy Horschel,367,Sentry,4,12,656
35,Collin Morikawa,367,Sentry,2,18,656
37,Stewart Cink,365,Sentry,1,17,656
37,Michael Thompson,365,Sentry,4,1,656
39,Sebastián Muñoz,364,Sentry,4,1,656
40,Kevin Na,362,Sentry,1,1,656
40,Brendon Todd,362,Sentry,1,1,656
42,Abraham Ancer,360,Sentry,4,1,656
