rank,player,Value,Attempts,Total Distance (Feet)
1,Webb Simpson,"1' 8""",41,67.750
2,Ryan Moore,"1' 10""",43,78.500
3,Jonas Blixt,"1' 11""",39,75.333
3,Mark Wilson,"1' 11""",41,78.667
5,Carl Pettersson,"2' 1""",42,88.750
6,Ben Curtis,"2' 2""",40,87.500
6,J.J. Henry,"2' 2""",41,89.917
6,Scott Stallings,"2' 2""",41,87.833
6,Johnson Wagner,"2' 2""",41,87.750
10,Keegan Bradley,"2' 4""",40,91.917
10,Ian Poulter,"2' 4""",33,75.833
10,Steve Stricker,"2' 4""",37,87.083
10,Bubba Watson,"2' 4""",41,97.000
14,Jason Dufner,"2' 5""",38,92.417
15,Tommy Gainey,"2' 6""",40,100.000
15,Bill Haas,"2' 6""",43,106.583
15,Matt Kuchar,"2' 6""",36,91.167
15,Nick Watney,"2' 6""",40,98.833
19,Zach Johnson,"2' 7""",41,105.250
19,Scott Piercy,"2' 7""",37,95.750
19,"Ted Potter, Jr.","2' 7""",35,90.250
19,Brandt Snedeker,"2' 7""",35,90.750
23,Charlie Beljan,"2' 8""",39,105.167
23,John Huh,"2' 8""",46,121.250
23,Hunter Mahan,"2' 8""",38,102.833
26,Dustin Johnson,"2' 9""",37,102.500
26,George McNeill,"2' 9""",46,124.583
28,Marc Leishman,"3' 0""",41,121.833
29,Rickie Fowler,"3' 3""",36,118.000
30,Kyle Stanley,"3' 7""",43,154.083
