rank,player,Avg,Distance (feet),Total Putts
1,Rickie Fowler,"77' 7""",1.862,2
2,Ryan Moore,"60' 2""",2.166,3
3,Bill Haas,"54' 4""",1.956,3
4,Jason Dufner,"53' 0""",3.181,5
5,Bubba Watson,"51' 10""",1.244,2
6,Brandt Snedeker,"49' 2""",2.360,4
7,Ben Curtis,"48' 2""",2.312,4
8,Marc Leishman,"46' 9""",2.804,5
9,Matt Kuchar,"45' 8""",1.643,3
10,Nick Watney,"44' 9""",2.687,5
11,Kyle Stanley,"44' 2""",6.886,13
12,Charlie Beljan,"44' 0""",3.694,7
13,Zach Johnson,"43' 6""",2.611,5
14,Steve Stricker,"42' 11""",1.544,3
15,Mark Wilson,"42' 9""",1.026,2
16,J.J. Henry,"41' 10""",1.004,2
17,George McNeill,"38' 4""",2.760,6
18,Scott Piercy,"37' 7""",2.708,6
19,Dustin Johnson,"37' 5""",1.347,3
20,Scott Stallings,"37' 0""",.887,2
21,Keegan Bradley,"36' 3""",1.738,4
22,Ian Poulter,"35' 5""",1.274,3
23,John Huh,"35' 0""",.420,1
24,Johnson Wagner,"34' 5""",2.063,5
25,Tommy Gainey,"31' 0""",.744,2
26,Jonas Blixt,"30' 6""",.366,1
26,Webb Simpson,"30' 6""",.731,2
28,Hunter Mahan,"29' 3""",1.054,3
29,Carl Pettersson,"27' 11""",.670,2
30,"Ted Potter, Jr.","27' 2""",1.632,5
