rank,player,Distance in Inches
1,Brandt Snedeker,60
2,Ian Poulter,54
3,Nick Watney,52
4,"Ted Potter, Jr.",51
5,Tommy Gainey,49
6,Steve Stricker,47
7,J.J. Henry,46
8,Keegan Bradley,45
8,Rickie Fowler,45
8,Matt Kuchar,45
8,Johnson Wagner,45
12,Zach Johnson,44
13,Jonas Blixt,43
13,Mark Wilson,43
15,Jason Dufner,42
15,Bubba Watson,42
17,Marc Leishman,41
18,Dustin Johnson,40
19,Charlie Beljan,39
19,Hunter Mahan,39
19,Scott Stallings,39
19,Kyle Stanley,39
23,John Huh,38
23,Webb Simpson,38
25,Scott Piercy,35
26,Carl Pettersson,34
27,Ben Curtis,32
28,George McNeill,31
29,Ryan Moore,29
30,Bill Haas,26
