rank,player,Avg,Distance (Feet),Total Putts
1,Nick Watney,"11' 10""",165.250,14
2,Brandt Snedeker,"10' 4""",196.750,19
3,Johnson Wagner,"9' 11""",129.333,13
4,J.J. Henry,"9' 8""",125.833,13
4,Mark Wilson,"9' 8""",125.917,13
6,Zach Johnson,"9' 7""",115.167,12
7,Keegan Bradley,"9' 2""",118.833,13
8,Tommy Gainey,"9' 1""",127.250,14
9,"Ted Potter, Jr.","8' 11""",151.583,17
10,Jonas Blixt,"8' 8""",129.417,15
10,Kyle Stanley,"8' 8""",95.667,11
12,Webb Simpson,"8' 7""",111.917,13
13,Ian Poulter,"8' 6""",179.000,21
14,Bubba Watson,"8' 4""",108.667,13
15,Steve Stricker,"8' 2""",131.167,16
16,John Huh,"8' 1""",64.667,8
17,Marc Leishman,"7' 6""",97.750,13
18,Scott Stallings,"7' 5""",96.250,13
19,Jason Dufner,"7' 1""",113.917,16
20,Rickie Fowler,"6' 10""",122.500,18
21,Matt Kuchar,"6' 7""",118.917,18
22,Charlie Beljan,"6' 5""",95.750,15
23,Hunter Mahan,"6' 3""",93.667,15
24,Carl Pettersson,"5' 10""",69.500,12
25,Ryan Moore,"5' 9""",63.333,11
26,Ben Curtis,"5' 8""",73.333,13
26,Dustin Johnson,"5' 8""",84.667,15
26,George McNeill,"5' 8""",45.417,8
29,Scott Piercy,"5' 7""",89.583,16
30,Bill Haas,"4' 9""",47.083,10
