rank,player,Avg,Distance (feet),Total Putts
1,Jason Dufner,"32' 11""",854.917,26
2,Matt Kuchar,"30' 2""",755.083,25
3,Keegan Bradley,"28' 7""",914.333,32
4,Dustin Johnson,"27' 11""",866.250,31
5,John Huh,"27' 6""","1,099.667",40
6,George McNeill,"27' 0""",917.417,34
7,Tommy Gainey,"26' 6""",954.250,36
8,"Ted Potter, Jr.","26' 2""",627.333,24
9,J.J. Henry,"26' 1""",937.833,36
9,Carl Pettersson,"26' 1""",990.750,38
11,Hunter Mahan,"25' 7""",717.250,28
12,Johnson Wagner,"25' 6""",816.250,32
13,Nick Watney,"25' 3""",756.667,30
14,Scott Piercy,"25' 1""",702.917,28
15,Zach Johnson,"25' 0""",748.833,30
15,Ian Poulter,"25' 0""",675.333,27
17,Scott Stallings,"24' 8""",839.083,34
17,Mark Wilson,"24' 8""",888.917,36
19,Kyle Stanley,"23' 9""",592.750,25
20,Bubba Watson,"23' 5""",843.417,36
21,Steve Stricker,"23' 4""",723.333,31
22,Marc Leishman,"23' 3""",697.917,30
23,Rickie Fowler,"23' 2""",695.833,30
24,Brandt Snedeker,"22' 9""",568.917,25
25,Ben Curtis,"21' 10""",721.750,33
26,Jonas Blixt,"21' 6""",687.000,32
27,Webb Simpson,"21' 4""",789.417,37
28,Ryan Moore,"21' 3""",681.083,32
29,Charlie Beljan,"21' 0""",567.583,27
30,Bill Haas,"18' 0""",648.083,36
