rank,player,Avg,Distance (Feet),Total Putts
1,Ryan Moore,"60' 2""",180.500,3
2,Bill Haas,"54' 4""",163.000,3
3,Rickie Fowler,"53' 5""",160.250,3
4,Jason Dufner,"53' 0""",265.083,5
5,Bubba Watson,"51' 10""",103.667,2
6,Brandt Snedeker,"49' 2""",196.667,4
7,Ben Curtis,"48' 2""",192.667,4
8,Marc Leishman,"46' 9""",233.667,5
9,Matt Kuchar,"45' 8""",136.917,3
10,Nick Watney,"44' 9""",223.917,5
11,Charlie Beljan,"44' 0""",307.833,7
12,Zach Johnson,"43' 6""",217.583,5
13,Steve Stricker,"42' 11""",128.667,3
14,Mark Wilson,"42' 9""",85.500,2
15,Kyle Stanley,"42' 2""",590.833,14
16,J.J. Henry,"41' 10""",83.667,2
17,George McNeill,"38' 4""",230.000,6
18,Scott Piercy,"37' 7""",225.667,6
19,Dustin Johnson,"37' 5""",112.250,3
20,Keegan Bradley,"36' 3""",144.833,4
21,Ian Poulter,"35' 5""",106.167,3
22,John Huh,"35' 0""",35.000,1
23,Johnson Wagner,"34' 5""",171.917,5
24,Jonas Blixt,"32' 11""",65.750,2
25,Tommy Gainey,"31' 0""",62.000,2
26,Webb Simpson,"30' 6""",60.917,2
27,Hunter Mahan,"29' 3""",87.833,3
28,Carl Pettersson,"27' 11""",55.833,2
29,"Ted Potter, Jr.","27' 2""",136.000,5
30,Scott Stallings,"26' 8""",79.917,3
