rank,player,Avg,Distance (Feet),Total Putts
1,Nick Watney,"16' 10""",151.500,9
2,"Ted Potter, Jr.","14' 8""",87.917,6
3,Johnson Wagner,"13' 0""",91.167,7
4,Jonas Blixt,"12' 4""",111.083,9
5,John Huh,"11' 8""",46.500,4
6,J.J. Henry,"11' 3""",101.333,9
6,Mark Wilson,"11' 3""",78.833,7
8,Zach Johnson,"11' 1""",110.750,10
8,Ian Poulter,"11' 1""",100.000,9
10,Brandt Snedeker,"11' 0""",187.250,17
11,Keegan Bradley,"10' 11""",97.917,9
11,Kyle Stanley,"10' 11""",54.750,5
13,Tommy Gainey,"10' 3""",112.333,11
13,Steve Stricker,"10' 3""",122.500,12
15,Webb Simpson,"9' 9""",77.917,8
16,Rickie Fowler,"9' 6""",95.083,10
17,Marc Leishman,"9' 2""",64.417,7
18,Scott Stallings,"9' 1""",63.500,7
19,Bubba Watson,"9' 0""",81.333,9
20,Jason Dufner,"8' 8""",86.833,10
20,Carl Pettersson,"8' 8""",52.000,6
22,Ryan Moore,"8' 5""",25.250,3
22,Scott Piercy,"8' 5""",50.583,6
24,Hunter Mahan,"8' 2""",40.833,5
25,Charlie Beljan,"7' 6""",59.667,8
26,Matt Kuchar,"7' 3""",101.917,14
27,Ben Curtis,"6' 10""",41.000,6
28,Bill Haas,"6' 9""",13.500,2
29,George McNeill,"5' 11""",11.750,2
30,Dustin Johnson,"5' 7""",72.833,13
