rank,player,Avg,Total Strokes,Total Rounds
1,Mark Calcavecchia,31.00,31,1
1,Brandt Snedeker,31.00,31,1
3,Justin Leonard,32.00,32,1
3,Mike Weir,32.00,32,1
5,Stephen Ames,33.00,33,1
5,Chad Campbell,33.00,33,1
5,Zach Johnson,33.00,33,1
8,Aaron Baddeley,34.00,34,1
8,Daniel Chopra,34.00,34,1
8,Steve Flesch,34.00,34,1
8,Fred Funk,34.00,34,1
8,George McNeill,34.00,34,1
8,Joe Ogilvie,34.00,34,1
8,Henrik Stenson,34.00,34,1
15,Jonathan Byrd,35.00,35,1
15,Ángel Cabrera,35.00,35,1
15,Jim Furyk,35.00,35,1
15,Charley Hoffman,35.00,35,1
15,Charles Howell III,35.00,35,1
15,Vijay Singh,35.00,35,1
15,Scott Verplank,35.00,35,1
15,Boo Weekley,35.00,35,1
23,Woody Austin,36.00,36,1
23,Brian Bateman,36.00,36,1
23,Hunter Mahan,36.00,36,1
23,Steve Stricker,36.00,36,1
23,Nick Watney,36.00,36,1
28,Rory Sabbatini,37.00,37,1
28,Mark Wilson,37.00,37,1
30,Paul Goydos,38.00,38,1
31,K.J. Choi,39.00,39,1
