rank,player,Avg,Total Strokes,Total Holes
1,Daniel Chopra,33.00,132,4
2,Stephen Ames,33.50,134,4
3,Mark Calcavecchia,33.75,135,4
3,Brandt Snedeker,33.75,135,4
5,Ángel Cabrera,34.50,138,4
5,Chad Campbell,34.50,138,4
5,Jim Furyk,34.50,138,4
5,Justin Leonard,34.50,138,4
5,Nick Watney,34.50,138,4
5,Mike Weir,34.50,138,4
11,Woody Austin,34.75,139,4
11,Charley Hoffman,34.75,139,4
11,Charles Howell III,34.75,139,4
11,Hunter Mahan,34.75,139,4
11,Vijay Singh,34.75,139,4
16,Aaron Baddeley,35.00,140,4
16,Jonathan Byrd,35.00,140,4
16,Zach Johnson,35.00,140,4
19,Rory Sabbatini,35.25,141,4
19,Steve Stricker,35.25,141,4
19,Scott Verplank,35.25,141,4
22,Steve Flesch,35.75,143,4
22,George McNeill,35.75,143,4
22,Boo Weekley,35.75,143,4
25,Henrik Stenson,36.00,144,4
26,Fred Funk,36.25,145,4
26,Joe Ogilvie,36.25,145,4
28,Brian Bateman,36.50,146,4
28,Paul Goydos,36.50,146,4
30,Mark Wilson,37.00,148,4
31,K.J. Choi,37.25,149,4
