rank,player,Low Rnd
1,Hunter Mahan,30
2,Mark Calcavecchia,31
2,Brandt Snedeker,31
4,Daniel Chopra,32
4,Justin Leonard,32
4,Mike Weir,32
7,Stephen Ames,33
7,Woody Austin,33
7,Aaron Baddeley,33
7,Ángel Cabrera,33
7,Chad Campbell,33
7,Jim Furyk,33
7,Charley Hoffman,33
7,Charles Howell III,33
7,Zach Johnson,33
7,George McNeill,33
7,Steve Stricker,33
7,Nick Watney,33
7,Boo Weekley,33
20,Brian Bateman,34
20,K.J. Choi,34
20,Steve Flesch,34
20,Fred Funk,34
20,Joe Ogilvie,34
20,Rory Sabbatini,34
20,Vijay Singh,34
20,Henrik Stenson,34
20,Scott Verplank,34
29,Jonathan Byrd,35
29,Paul Goydos,35
31,Mark Wilson,36
