rank,player,Avg,Total Strokes,Total Rounds
1,Daniel Chopra,33.00,33,1
1,Nick Watney,33.00,33,1
3,Rory Sabbatini,34.00,34,1
3,Brandt Snedeker,34.00,34,1
3,Scott Verplank,34.00,34,1
6,Stephen Ames,35.00,35,1
6,Woody Austin,35.00,35,1
6,Jonathan Byrd,35.00,35,1
6,Ángel Cabrera,35.00,35,1
6,Chad Campbell,35.00,35,1
6,Steve Flesch,35.00,35,1
6,Mike Weir,35.00,35,1
13,Mark Calcavecchia,36.00,36,1
13,Jim Furyk,36.00,36,1
13,Vijay Singh,36.00,36,1
16,Aaron Baddeley,37.00,37,1
16,Charley Hoffman,37.00,37,1
16,Joe Ogilvie,37.00,37,1
19,Paul Goydos,38.00,38,1
19,Charles Howell III,38.00,38,1
19,Zach Johnson,38.00,38,1
19,Justin Leonard,38.00,38,1
19,Hunter Mahan,38.00,38,1
19,Steve Stricker,38.00,38,1
19,Mark Wilson,38.00,38,1
26,Brian Bateman,39.00,39,1
26,Fred Funk,39.00,39,1
26,George McNeill,39.00,39,1
29,Boo Weekley,40.00,40,1
30,K.J. Choi,41.00,41,1
30,Henrik Stenson,41.00,41,1
