rank,player,Avg,Total Strokes,Total Rounds
1,Stephen Ames,33.00,33,1
1,Mark Calcavecchia,33.00,33,1
1,Daniel Chopra,33.00,33,1
1,Charles Howell III,33.00,33,1
5,Chad Campbell,34.00,34,1
5,Jim Furyk,34.00,34,1
5,Charley Hoffman,34.00,34,1
5,Vijay Singh,34.00,34,1
5,Steve Stricker,34.00,34,1
5,Nick Watney,34.00,34,1
5,Mike Weir,34.00,34,1
12,Woody Austin,35.00,35,1
12,Jonathan Byrd,35.00,35,1
12,Ángel Cabrera,35.00,35,1
12,K.J. Choi,35.00,35,1
12,Paul Goydos,35.00,35,1
12,Zach Johnson,35.00,35,1
12,Justin Leonard,35.00,35,1
12,Hunter Mahan,35.00,35,1
12,Brandt Snedeker,35.00,35,1
12,Henrik Stenson,35.00,35,1
12,Boo Weekley,35.00,35,1
23,Aaron Baddeley,36.00,36,1
23,Fred Funk,36.00,36,1
23,Rory Sabbatini,36.00,36,1
26,Brian Bateman,37.00,37,1
26,Steve Flesch,37.00,37,1
26,George McNeill,37.00,37,1
26,Joe Ogilvie,37.00,37,1
26,Scott Verplank,37.00,37,1
26,Mark Wilson,37.00,37,1
