rank,player,%,# Birdies,Greens Hit
1,Jimmy Walker,42.00,21,50
2,Matt Kuchar,41.82,23,55
3,Kevin Streelman,41.51,22,53
4,Woody Austin,39.62,21,53
5,Zach Johnson,39.29,22,56
6,Ryan Moore,38.98,23,59
7,Billy Horschel,38.33,23,60
7,Dustin Johnson,38.33,23,60
9,Webb Simpson,37.93,22,58
10,Scott Brown,37.04,20,54
10,Adam Scott,37.04,20,54
12,Jonas Blixt,36.73,18,49
13,Sangmoon Bae,36.00,18,50
14,Russell Henley,34.55,19,55
15,D.A. Points,34.00,17,50
16,Chris Kirk,33.90,20,59
17,Jason Dufner,33.33,19,57
17,Brandt Snedeker,33.33,18,54
17,Jordan Spieth,33.33,20,60
20,Ken Duke,32.76,19,58
20,Harris English,32.76,19,58
22,Gary Woodland,32.20,19,59
23,Brian Gay,31.67,19,60
23,Michael Thompson,31.67,19,60
25,Patrick Reed,31.58,18,57
26,Martin Laird,29.82,17,57
27,John Merrick,27.27,15,55
28,Bill Haas,26.32,15,57
29,Derek Ernst,20.83,10,48
30,Boo Weekley,17.19,11,64
