rank,player,Total
1,Jordan Spieth,13.0
2,Adam Scott,16.8
3,Patrick Reed,17.3
4,Woody Austin,19.8
5,Brandt Snedeker,23.3
6,Billy Horschel,23.9
7,Brian Gay,24.2
7,Martin Laird,24.2
7,Jimmy Walker,24.2
10,Jonas Blixt,25.3
11,Gary Woodland,25.7
12,Matt Kuchar,28.1
13,Ken Duke,28.4
14,Kevin Streelman,30.5
15,Webb Simpson,33.2
16,Scott Brown,33.5
17,Chris Kirk,33.6
18,Sangmoon Bae,34.6
18,Jason Dufner,34.6
20,Michael Thompson,36.5
21,D.A. Points,38.3
22,Zach Johnson,38.6
23,Derek Ernst,39.9
23,Russell Henley,39.9
25,Dustin Johnson,40.3
26,Harris English,42.1
27,Bill Haas,44.3
28,Ryan Moore,44.5
29,John Merrick,44.6
30,Boo Weekley,54.6
