rank,player,Value,Attempts(<= 5'),Tot Made (>=20'),Tot Made (<= 5')
1,Kevin Streelman,107.69,52,5,51
2,Adam Scott,105.66,53,3,53
3,Zach Johnson,105.17,58,4,57
4,Jordan Spieth,101.89,53,1,53
5,Brandt Snedeker,101.72,58,2,57
6,Webb Simpson,101.69,59,3,57
7,Dustin Johnson,101.67,60,4,57
8,Woody Austin,100.00,51,1,50
8,Sangmoon Bae,100.00,55,2,53
8,Scott Brown,100.00,58,3,55
8,Jason Dufner,100.00,60,1,59
8,Derek Ernst,100.00,62,1,61
8,Russell Henley,100.00,55,1,54
8,Patrick Reed,100.00,56,1,55
8,Jimmy Walker,100.00,55,1,54
8,Gary Woodland,100.00,60,0,60
17,Chris Kirk,98.39,62,1,60
18,Matt Kuchar,98.36,61,1,59
19,Harris English,98.28,58,1,56
20,Ryan Moore,98.25,57,4,52
21,Billy Horschel,98.18,55,2,52
22,Jonas Blixt,98.11,53,1,51
23,Martin Laird,96.55,58,0,56
24,Ken Duke,95.92,49,1,46
25,Bill Haas,95.31,64,1,60
26,John Merrick,95.24,63,1,59
27,Boo Weekley,95.16,62,0,59
28,Michael Thompson,94.92,59,2,54
29,Brian Gay,94.74,57,0,54
30,D.A. Points,90.77,65,0,59
