rank,player,Avg,GIR Putts,Greens Hit,Birdie Conversion
1,Kevin Streelman,1.648,89,54,33.79
2,Matt Kuchar,1.691,93,55,35.19
3,Jimmy Walker,1.700,85,50,39.15
4,Billy Horschel,1.717,103,60,36.76
5,Patrick Reed,1.719,98,57,32.39
6,Sangmoon Bae,1.720,86,50,30.85
7,Scott Brown,1.722,93,54,33.45
7,Adam Scott,1.722,93,54,37.04
9,Zach Johnson,1.732,97,56,32.74
10,Jordan Spieth,1.733,104,60,39.64
11,Woody Austin,1.736,92,53,33.07
12,Russell Henley,1.745,96,55,27.75
13,Ken Duke,1.759,102,58,30.81
13,Webb Simpson,1.759,102,58,37.08
15,Brian Gay,1.767,106,60,30.42
16,Jason Dufner,1.772,101,57,35.58
17,Brandt Snedeker,1.778,96,54,29.13
18,Ryan Moore,1.780,105,59,35.25
19,Gary Woodland,1.783,107,60,33.57
20,Jonas Blixt,1.796,88,49,33.16
21,Dustin Johnson,1.800,108,60,43.33
22,Martin Laird,1.860,106,57,26.92
23,Harris English,1.862,108,58,32.97
24,Chris Kirk,1.864,110,59,32.55
25,D.A. Points,1.880,94,50,27.78
26,Bill Haas,1.895,108,57,26.42
27,Michael Thompson,1.900,114,60,32.03
28,John Merrick,1.909,105,55,28.57
29,Boo Weekley,1.938,124,64,23.93
30,Derek Ernst,1.958,94,48,23.47
