rank,player,Value,Total Drv Rank,GIR Rank
1,Justin Thomas,3,1,2
2,Rod Pampling,8,5,3
3,Pat Perez,10,4,6
4,Jim Herman,12,9,3
4,Patrick Reed,12,1,11
6,Ryan Moore,13,7,6
7,Aaron Baddeley,15,1,14
8,William McGirt,17,16,1
9,Dustin Johnson,20,14,6
9,Jordan Spieth,20,9,11
11,Hideki Matsuyama,21,18,3
12,Tony Finau,22,8,14
12,Bubba Watson,22,5,17
14,Daniel Berger,26,15,11
15,James Hahn,30,9,21
16,Jimmy Walker,31,25,6
17,Vaughn Taylor,33,9,24
18,Jason Day,35,21,14
18,Brian Stuard,35,29,6
20,Charley Hoffman,38,9,29
21,Jason Dufner,39,18,21
21,Jhonattan Vegas,39,22,17
23,Mackenzie Hughes,41,17,24
24,Russell Knox,42,25,17
25,Fabián Gómez,44,20,24
26,Branden Grace,46,25,21
26,Brendan Steele,46,22,24
28,Brandt Snedeker,47,30,17
29,Billy Hurley III,50,22,28
30,Greg Chalmers,55,25,30
31,Cody Gribble,61,31,30
32,Si Woo Kim,64,32,32
