rank,player,%,Greens Hit,# Holes,Relative/Par
1,William McGirt,88.89,64,72,-0.27
2,Justin Thomas,87.50,63,72,-0.41
3,Jim Herman,86.11,62,72,-0.27
3,Hideki Matsuyama,86.11,62,72,-0.35
3,Rod Pampling,86.11,62,72,-0.21
6,Dustin Johnson,84.72,61,72,-0.28
6,Ryan Moore,84.72,61,72,-0.30
6,Pat Perez,84.72,61,72,-0.34
6,Brian Stuard,84.72,61,72,-0.20
6,Jimmy Walker,84.72,61,72,-0.33
11,Daniel Berger,83.33,60,72,-0.23
11,Patrick Reed,83.33,60,72,-0.37
11,Jordan Spieth,83.33,60,72,-0.45
14,Aaron Baddeley,81.94,59,72,-0.24
14,Jason Day,81.94,59,72,-0.31
14,Tony Finau,81.94,59,72,-0.31
17,Russell Knox,80.56,58,72,-0.34
17,Brandt Snedeker,80.56,58,72,-0.26
17,Jhonattan Vegas,80.56,58,72,-0.24
17,Bubba Watson,80.56,58,72,-0.21
21,Jason Dufner,79.17,57,72,-0.25
21,Branden Grace,79.17,57,72,-0.19
21,James Hahn,79.17,57,72,-0.26
24,Fabián Gómez,77.78,56,72,-0.29
24,Mackenzie Hughes,77.78,56,72,-0.27
24,Brendan Steele,77.78,56,72,-0.32
24,Vaughn Taylor,77.78,56,72,-0.25
28,Billy Hurley III,76.39,55,72,-0.15
29,Charley Hoffman,75.00,54,72,-0.33
30,Greg Chalmers,70.83,51,72,-0.27
30,Cody Gribble,70.83,51,72,-0.37
32,Si Woo Kim,65.28,47,72,-0.36
