rank,player,Avg,Total Strokes,Total Rounds
1,Mike Weir,63.00,63,1
2,Stuart Appleby,64.00,64,1
3,Ernie Els,65.00,65,1
3,Vijay Singh,65.00,65,1
5,Chad Campbell,67.00,67,1
5,Sergio Garcia,67.00,67,1
5,Retief Goosen,67.00,67,1
5,Jonathan Kaye,67.00,67,1
5,David Toms,67.00,67,1
10,Stewart Cink,68.00,68,1
10,Ryan Palmer,68.00,68,1
10,Joey Sindelar,68.00,68,1
10,Tiger Woods,68.00,68,1
14,John Daly,69.00,69,1
14,Vaughn Taylor,69.00,69,1
16,Jonathan Byrd,70.00,70,1
16,Zach Johnson,70.00,70,1
16,Heath Slocum,70.00,70,1
19,Carlos Franco,71.00,71,1
19,Andre Stolz,71.00,71,1
21,Stephen Ames,72.00,72,1
21,Woody Austin,72.00,72,1
21,Bart Bryant,72.00,72,1
21,Todd Hamilton,72.00,72,1
21,Rod Pampling,72.00,72,1
21,Craig Parry,72.00,72,1
21,Adam Scott,72.00,72,1
28,Steve Flesch,73.00,73,1
28,Brent Geiberger,73.00,73,1
28,Mark Hensby,73.00,73,1
31,Fred Funk,74.00,74,1
