rank,player,Avg,Total Strokes,Total Rounds
1,Vijay Singh,66.00,66,1
2,Craig Parry,67.00,67,1
3,Stewart Cink,68.00,68,1
3,Sergio Garcia,68.00,68,1
3,Jonathan Kaye,68.00,68,1
3,Tiger Woods,68.00,68,1
7,Woody Austin,69.00,69,1
7,Bart Bryant,69.00,69,1
7,Chad Campbell,69.00,69,1
7,Ernie Els,69.00,69,1
7,Steve Flesch,69.00,69,1
7,Adam Scott,69.00,69,1
7,Heath Slocum,69.00,69,1
7,Vaughn Taylor,69.00,69,1
15,John Daly,70.00,70,1
15,Mark Hensby,70.00,70,1
15,Rod Pampling,70.00,70,1
15,Mike Weir,70.00,70,1
19,Retief Goosen,71.00,71,1
19,Joey Sindelar,71.00,71,1
19,David Toms,71.00,71,1
22,Jonathan Byrd,72.00,72,1
22,Brent Geiberger,72.00,72,1
22,Todd Hamilton,72.00,72,1
22,Zach Johnson,72.00,72,1
26,Stephen Ames,73.00,73,1
26,Andre Stolz,73.00,73,1
28,Stuart Appleby,74.00,74,1
28,Carlos Franco,74.00,74,1
28,Fred Funk,74.00,74,1
31,Ryan Palmer,76.00,76,1
