rank,player,Avg,Total Strokes,Total Rounds
1,Adam Scott,65.00,65,1
2,Stuart Appleby,67.00,67,1
2,Jonathan Byrd,67.00,67,1
4,David Toms,68.00,68,1
4,Tiger Woods,68.00,68,1
6,Mark Hensby,69.00,69,1
7,Woody Austin,70.00,70,1
7,Sergio Garcia,70.00,70,1
7,Andre Stolz,70.00,70,1
7,Vaughn Taylor,70.00,70,1
11,Stephen Ames,71.00,71,1
11,Bart Bryant,71.00,71,1
11,Stewart Cink,71.00,71,1
11,Ernie Els,71.00,71,1
11,Todd Hamilton,71.00,71,1
11,Jonathan Kaye,71.00,71,1
11,Craig Parry,71.00,71,1
18,Brent Geiberger,72.00,72,1
18,Ryan Palmer,72.00,72,1
18,Rod Pampling,72.00,72,1
21,John Daly,73.00,73,1
21,Retief Goosen,73.00,73,1
21,Zach Johnson,73.00,73,1
24,Vijay Singh,74.00,74,1
25,Chad Campbell,75.00,75,1
25,Steve Flesch,75.00,75,1
25,Carlos Franco,75.00,75,1
25,Fred Funk,75.00,75,1
25,Heath Slocum,75.00,75,1
30,Joey Sindelar,76.00,76,1
30,Mike Weir,76.00,76,1
