rank,player,%
1,Stephen Ames,100.00
1,Stuart Appleby,100.00
1,Woody Austin,100.00
1,Bart Bryant,100.00
1,Jonathan Byrd,100.00
1,Stewart Cink,100.00
1,Ernie Els,100.00
1,Carlos Franco,100.00
1,Sergio Garcia,100.00
1,Brent Geiberger,100.00
1,Todd Hamilton,100.00
1,Mark Hensby,100.00
1,Jonathan Kaye,100.00
1,Ryan Palmer,100.00
1,Rod Pampling,100.00
1,Adam Scott,100.00
1,Vijay Singh,100.00
1,Andre Stolz,100.00
1,Vaughn Taylor,100.00
1,David Toms,100.00
1,Tiger Woods,100.00
22,Chad Campbell,.00
22,John Daly,.00
22,Steve Flesch,.00
22,Fred Funk,.00
22,Retief Goosen,.00
22,Zach Johnson,.00
22,Craig Parry,.00
22,Joey Sindelar,.00
22,Heath Slocum,.00
22,Mike Weir,.00
