rank,player,Avg,Total Apex Range,Total Attempts
1,Bubba Watson,205.5,822.1,4
2,Russell Henley,197.9,791.6,4
3,J.B. Holmes,195.8,783.1,4
4,Charley Hoffman,195.6,782.4,4
5,S.Y. Noh,195.1,780.3,4
5,Jimmy Walker,195.1,780.3,4
7,Ángel Cabrera,192.8,578.4,3
8,Scott Stallings,192.7,770.8,4
9,Ben Martin,191.4,574.3,3
10,Jason Day,190.7,762.9,4
11,John Senden,190.4,761.6,4
12,Patrick Reed,190.0,760.2,4
13,Robert Streb,188.9,755.8,4
14,Hideki Matsuyama,187.1,748.6,4
15,Hunter Mahan,186.7,373.5,2
16,Camilo Villegas,186.2,744.7,4
17,Kevin Streelman,185.4,741.5,4
18,Geoff Ogilvy,185.3,741.1,4
19,Chesson Hadley,185.0,739.9,4
20,Matt Jones,183.1,732.3,4
21,Billy Horschel,182.3,729.3,4
22,Matt Every,180.4,721.8,4
23,Brian Harman,179.3,717.0,4
24,Ryan Moore,178.6,714.3,4
25,Chris Kirk,176.7,530.2,3
26,Nick Taylor,175.1,700.4,4
27,Matt Kuchar,174.9,699.6,4
28,Sangmoon Bae,173.9,695.7,4
28,Zach Johnson,173.9,695.8,4
30,Steven Bowditch,173.6,694.6,4
31,Brendon Todd,173.0,691.8,4
32,Ben Crane,165.4,661.6,4
33,Tim Clark,160.6,642.5,4
