rank,player,Avg,Total Vert. Launch Angle,Total Attempts
1,Brian Harman,15.83,63.31,4
2,Nick Taylor,15.01,60.04,4
3,Matt Every,14.76,59.03,4
4,Zach Johnson,14.62,58.50,4
5,Jason Day,14.18,56.74,4
6,Chesson Hadley,13.89,55.56,4
7,Matt Kuchar,13.73,54.91,4
8,Tim Clark,13.69,54.75,4
9,Hideki Matsuyama,13.01,52.03,4
10,Steven Bowditch,13.00,51.99,4
11,J.B. Holmes,12.91,51.65,4
12,Hunter Mahan,12.63,25.26,2
13,Charley Hoffman,12.29,49.15,4
14,Ben Crane,12.16,48.64,4
15,Russell Henley,12.04,48.15,4
16,Brendon Todd,11.98,47.93,4
17,Geoff Ogilvy,11.81,47.22,4
18,Ryan Moore,11.74,46.96,4
19,Chris Kirk,11.57,46.28,4
20,S.Y. Noh,11.46,45.85,4
21,Billy Horschel,11.22,44.87,4
21,Scott Stallings,11.22,44.88,4
23,Sangmoon Bae,11.14,44.57,4
24,Kevin Streelman,10.90,43.61,4
25,Ángel Cabrera,10.69,32.06,3
26,Camilo Villegas,10.60,42.40,4
27,Matt Jones,10.56,42.25,4
28,Ben Martin,10.45,41.80,4
29,John Senden,10.40,41.58,4
30,Patrick Reed,9.96,39.84,4
31,Robert Streb,9.92,39.68,4
32,Jimmy Walker,9.67,38.66,4
33,Bubba Watson,9.50,37.99,4
