rank,player,Avg,Total Club Head Speed,Total Attempts
1,Bubba Watson,124.18,496.73,4
2,J.B. Holmes,119.13,476.50,4
3,Patrick Reed,118.44,473.76,4
4,Jimmy Walker,118.12,472.46,4
5,John Senden,118.09,472.38,4
6,Scott Stallings,117.37,469.47,4
7,S.Y. Noh,117.18,468.73,4
8,Jason Day,117.16,468.63,4
9,Russell Henley,117.14,468.56,4
10,Robert Streb,116.99,467.94,4
11,Ángel Cabrera,116.53,349.60,3
12,Charley Hoffman,115.74,462.94,4
13,Hideki Matsuyama,115.16,460.64,4
14,Ben Martin,114.58,458.31,4
15,Steven Bowditch,114.40,457.62,4
16,Matt Jones,114.28,457.12,4
17,Geoff Ogilvy,113.40,453.62,4
18,Billy Horschel,113.31,453.22,4
19,Chesson Hadley,113.22,452.86,4
20,Kevin Streelman,113.19,452.75,4
21,Hunter Mahan,113.15,452.58,4
22,Camilo Villegas,112.86,451.46,4
23,Sangmoon Bae,112.79,451.15,4
24,Matt Every,112.56,450.25,4
25,Chris Kirk,112.21,448.84,4
26,Ryan Moore,111.11,444.46,4
27,Brian Harman,109.79,439.17,4
28,Nick Taylor,109.74,438.96,4
29,Matt Kuchar,109.61,438.46,4
30,Brendon Todd,108.93,435.71,4
31,Zach Johnson,107.58,430.34,4
32,Ben Crane,105.85,423.40,4
33,Tim Clark,104.13,416.54,4
