rank,player,Avg,Total Spin Speed,Total Attempts
1,Ben Martin,"3,485.0","13,940",4
2,John Senden,"3,320.3","13,281",4
3,S.Y. Noh,"3,172.8","12,691",4
4,Jimmy Walker,"2,891.8","11,567",4
5,Scott Stallings,"2,860.5","11,442",4
6,Brendon Todd,"2,814.0","11,256",4
7,Matt Jones,"2,756.8","11,027",4
8,Chris Kirk,"2,632.0","5,264",2
9,Charley Hoffman,"2,605.3","10,421",4
10,Camilo Villegas,"2,595.5","10,382",4
11,Sangmoon Bae,"2,578.5","10,314",4
12,Ángel Cabrera,"2,572.0","5,144",2
13,Russell Henley,"2,510.8","10,043",4
14,Kevin Streelman,"2,487.8","9,951",4
15,Robert Streb,"2,482.0","9,928",4
16,Hideki Matsuyama,"2,478.3","7,435",3
17,J.B. Holmes,"2,470.7","7,412",3
18,Matt Every,"2,461.3","9,845",4
19,Ben Crane,"2,459.0","7,377",3
20,Matt Kuchar,"2,449.8","9,799",4
21,Hunter Mahan,"2,434.0","9,736",4
22,Billy Horschel,"2,424.0","4,848",2
23,Patrick Reed,"2,413.5","9,654",4
24,Geoff Ogilvy,"2,385.8","9,543",4
25,Ryan Moore,"2,383.0","4,766",2
26,Zach Johnson,"2,299.0","9,196",4
27,Bubba Watson,"2,269.5","9,078",4
28,Chesson Hadley,"2,251.7","6,755",3
29,Steven Bowditch,"2,232.5","4,465",2
30,Brian Harman,"2,136.7","6,410",3
31,Tim Clark,"2,051.8","8,207",4
32,Jason Day,"1,987.3","7,949",4
33,Nick Taylor,"1,836.5","7,346",4
