rank,player,Avg,Total Dist. to Impact,Total Attempts
1,Bubba Watson,285.9,"1,143.7",4
2,Russell Henley,281.9,"1,127.5",4
3,J.B. Holmes,280.8,842.5,3
4,Jason Day,278.1,834.2,3
5,Charley Hoffman,276.6,"1,106.5",4
6,Steven Bowditch,274.1,548.2,2
7,Scott Stallings,272.2,816.6,3
8,Hideki Matsuyama,270.3,"1,081.0",4
9,S.Y. Noh,270.1,540.1,2
10,Ángel Cabrera,269.8,809.5,3
11,Hunter Mahan,267.8,535.6,2
12,Patrick Reed,266.3,"1,065.1",4
13,Jimmy Walker,265.8,"1,063.3",4
14,Geoff Ogilvy,265.4,"1,061.6",4
15,Matt Every,265.3,"1,061.4",4
16,Chesson Hadley,264.7,529.4,2
17,Brian Harman,262.6,787.9,3
18,Ben Martin,262.1,786.3,3
19,John Senden,261.9,"1,047.5",4
20,Robert Streb,260.7,"1,042.8",4
21,Nick Taylor,260.4,"1,041.6",4
22,Billy Horschel,260.2,"1,040.7",4
22,Kevin Streelman,260.2,"1,040.8",4
24,Camilo Villegas,259.9,"1,039.6",4
25,Zach Johnson,256.6,"1,026.5",4
26,Matt Jones,256.4,"1,025.5",4
27,Chris Kirk,255.1,765.2,3
28,Ryan Moore,254.2,"1,016.8",4
29,Matt Kuchar,253.6,507.2,2
30,Sangmoon Bae,249.7,998.8,4
31,Brendon Todd,247.6,990.3,4
32,Ben Crane,242.3,727.0,3
33,Tim Clark,241.8,967.3,4
