rank,player,Low Rnd
1,Retief Goosen,64
1,Vijay Singh,64
3,Tiger Woods,65
4,Stuart Appleby,66
5,Jim Furyk,68
5,Scott Hoch,68
5,Justin Leonard,68
5,Adam Scott,68
9,Darren Clarke,69
9,Fred Couples,69
9,J.L. Lewis,69
9,Davis Love III,69
9,Shaun Micheel,69
9,Kirk Triplett,69
15,Ben Crane,70
16,Mike Weir,71
17,John Huston,72
17,Shigeki Maruyama,72
19,Ernie Els,73
19,Steve Flesch,73
19,Peter Jacobsen,73
19,Frank Lickliter II,73
19,Kenny Perry,73
19,Rory Sabbatini,73
25,Jonathan Kaye,74
