rank,player,Avg,Total Strokes,Total Late Rounds
1,Vijay Singh,67.75,271,4
2,Stuart Appleby,68.00,204,3
3,Retief Goosen,69.00,207,3
3,Tiger Woods,69.00,207,3
5,Darren Clarke,69.33,208,3
6,Scott Hoch,70.00,280,4
6,Kirk Triplett,70.00,210,3
8,Davis Love III,70.25,281,4
9,Ben Crane,70.50,141,2
9,Justin Leonard,70.50,141,2
11,Jim Furyk,70.67,212,3
12,Fred Couples,71.00,213,3
12,Adam Scott,71.00,142,2
14,Shaun Micheel,71.67,215,3
15,John Huston,72.00,72,1
15,Shigeki Maruyama,72.00,72,1
15,Mike Weir,72.00,144,2
18,J.L. Lewis,72.67,218,3
19,Ernie Els,73.00,73,1
19,Steve Flesch,73.00,73,1
19,Peter Jacobsen,73.00,73,1
19,Frank Lickliter II,73.00,73,1
19,Kenny Perry,73.00,73,1
19,Rory Sabbatini,73.00,73,1
25,Jonathan Kaye,74.00,74,1
