rank,player,Avg,Total Dist after GFG Shot,Total GFG Shots
1,Sean O'Hair,19.0,"11,613.000",17
2,Boo Weekley,20.0,"14,427.000",20
3,Vijay Singh,21.4,"12,307.000",16
4,Ernie Els,22.7,"17,163.000",21
5,Dustin Johnson,24.0,"20,711.000",24
5,Davis Love III,24.0,"19,022.000",22
7,Camilo Villegas,24.5,"15,885.000",18
8,Ryan Palmer,24.7,"12,441.000",14
9,Daniel Chopra,24.9,"12,535.000",14
10,K.J. Choi,25.1,"13,557.000",15
11,Andres Romero,25.2,"18,148.000",20
12,Will MacKenzie,25.4,"13,698.000",15
13,Anthony Kim,25.6,"18,455.000",20
13,Johnson Wagner,25.6,"14,721.000",16
15,Geoff Ogilvy,26.0,"15,920.000",17
16,Adam Scott,26.3,"17,957.000",19
17,Trevor Immelman,26.5,"14,331.000",15
17,D.J. Trahan,26.5,"15,258.000",16
19,Justin Leonard,26.8,"9,648.000",10
20,Kenny Perry,27.3,"16,708.000",17
21,J.B. Holmes,27.7,"20,905.000",21
21,Zach Johnson,27.7,"12,978.000",13
23,Cameron Beckman,28.3,"10,190.000",10
24,Chez Reavie,28.9,"7,279.000",7
25,Brian Gay,29.1,"5,246.000",5
26,Carl Pettersson,29.3,"20,028.000",19
27,Richard Johnson,31.5,"9,082.000",8
28,Greg Kraft,33.7,"9,712.000",8
29,Marc Turnesa,34.1,"4,912.000",4
30,Steve Lowery,35.6,"21,787.000",17
31,Parker McLachlin,36.1,"20,787.000",16
32,Ryuji Imada,38.1,"17,808.000",13
33,Stewart Cink,40.3,"27,589.000",19
