rank,player,%,Successes,Attempts,RTP-Successes,RTP-Not going for the grn
1,J.B. Holmes,52.38,11,21,-11,+1.00
2,D.J. Trahan,50.00,8,16,-8,-2.00
3,Vijay Singh,43.75,7,16,-7,-2.00
4,Sean O'Hair,41.18,7,17,-7,-2.00
5,Justin Leonard,40.00,4,10,-3,-7.00
5,Boo Weekley,40.00,8,20,-7,+1.00
7,Zach Johnson,38.46,5,13,-5,-1.00
8,Geoff Ogilvy,35.29,6,17,-6,-2.00
9,Anthony Kim,35.00,7,20,-8,-1.00
10,Trevor Immelman,33.33,5,15,-6,-1.00
11,Cameron Beckman,30.00,3,10,-4,-1.00
12,Daniel Chopra,28.57,4,14,-4,+5.00
13,Carl Pettersson,26.32,5,19,-5,-1.00
14,Dustin Johnson,25.00,6,24,-5,+2.00
14,Richard Johnson,25.00,2,8,-1,-1.00
14,Andres Romero,25.00,5,20,-4,-1.00
14,Johnson Wagner,25.00,4,16,-5,E
18,Ernie Els,23.81,5,21,-6,-1.00
19,Steve Lowery,23.53,4,17,-4,-5.00
19,Kenny Perry,23.53,4,17,-4,-3.00
21,Davis Love III,22.73,5,22,-7,-2.00
22,Camilo Villegas,22.22,4,18,-3,+1.00
23,Stewart Cink,21.05,4,19,-5,-1.00
23,Adam Scott,21.05,4,19,-6,+1.00
25,Brian Gay,20.00,1,5,-1,-4.00
25,Will MacKenzie,20.00,3,15,-3,E
27,Ryan Palmer,14.29,2,14,-3,+5.00
27,Chez Reavie,14.29,1,7,-1,-1.00
29,K.J. Choi,13.33,2,15,-2,-3.00
30,Greg Kraft,12.50,1,8,-1,-4.00
31,Ryuji Imada,7.69,1,13,-1,-1.00
32,Parker McLachlin,.00,0,16,E,E
32,Marc Turnesa,.00,0,4,E,+4.00
