rank,player,%,Attempts,Non-Attempts,RTP-Going for the green,RTP-Not going for the grn
1,Dustin Johnson,92.00,23,2,-12,+2
2,J.B. Holmes,84.00,21,4,-11,+1
2,Davis Love III,84.00,21,4,-16,-2
4,Anthony Kim,80.00,20,5,-15,-1
4,Boo Weekley,80.00,20,5,-9,+1
6,Ernie Els,76.00,19,6,-11,-1
6,Adam Scott,76.00,19,6,-13,+1
8,Stewart Cink,72.00,18,7,-7,-1
8,Carl Pettersson,72.00,18,7,-10,-1
8,Andres Romero,72.00,18,7,-8,-1
8,Camilo Villegas,72.00,18,7,-11,+1
12,Steve Lowery,68.00,17,8,-9,-5
12,Sean O'Hair,68.00,17,8,-13,-2
12,Geoff Ogilvy,68.00,17,8,-15,-2
12,Kenny Perry,68.00,17,8,-11,-3
16,Parker McLachlin,64.00,16,9,-7,E
16,Vijay Singh,64.00,16,9,-8,-2
16,D.J. Trahan,64.00,16,9,-10,-2
16,Johnson Wagner,64.00,16,9,-10,E
20,K.J. Choi,60.00,15,10,-9,-3
20,Trevor Immelman,60.00,15,10,-12,-1
20,Will MacKenzie,60.00,15,10,-9,E
23,Daniel Chopra,56.00,14,11,-9,+5
23,Ryan Palmer,56.00,14,11,-8,+5
25,Ryuji Imada,52.00,13,12,-4,-1
25,Zach Johnson,52.00,13,12,-7,-1
27,Cameron Beckman,40.00,10,15,-9,-1
27,Justin Leonard,40.00,10,15,-7,-7
29,Richard Johnson,32.00,8,17,-5,-1
29,Greg Kraft,32.00,8,17,-3,-4
31,Chez Reavie,28.00,7,18,-5,-1
32,Brian Gay,20.00,5,20,-2,-4
33,Marc Turnesa,16.00,4,21,E,+4
