rank,player,%,Attempts
1,Davis Love III,100.00,16
2,Dustin Johnson,93.75,15
2,Kenny Perry,93.75,15
4,Stewart Cink,87.50,14
4,J.B. Holmes,87.50,14
4,Trevor Immelman,87.50,14
4,Parker McLachlin,87.50,14
4,Adam Scott,87.50,14
4,Vijay Singh,87.50,14
4,D.J. Trahan,87.50,14
4,Camilo Villegas,87.50,14
4,Boo Weekley,87.50,14
13,Daniel Chopra,81.25,13
13,Anthony Kim,81.25,13
13,Steve Lowery,81.25,13
13,Sean O'Hair,81.25,13
13,Carl Pettersson,81.25,13
13,Johnson Wagner,81.25,13
19,Ernie Els,75.00,12
19,Ryuji Imada,75.00,12
19,Zach Johnson,75.00,12
19,Geoff Ogilvy,75.00,12
19,Andres Romero,75.00,12
24,K.J. Choi,68.75,11
24,Will MacKenzie,68.75,11
24,Ryan Palmer,68.75,11
27,Cameron Beckman,56.25,9
28,Richard Johnson,50.00,8
29,Greg Kraft,43.75,7
29,Justin Leonard,43.75,7
31,Chez Reavie,37.50,6
32,Brian Gay,25.00,4
33,Marc Turnesa,18.75,3
