rank,player,%,# of Birdie or Better,Attempts,RTP-Successes,RTP-Not going for the grn
1,Geoff Ogilvy,82.35,14,17,-15,-2.00
2,Cameron Beckman,80.00,8,10,-9,-1.00
3,Daniel Chopra,78.57,11,14,-12,+5.00
4,Anthony Kim,75.00,15,20,-16,-1.00
5,Sean O'Hair,70.59,12,17,-13,-2.00
6,Justin Leonard,70.00,7,10,-7,-7.00
7,Trevor Immelman,66.67,10,15,-12,-1.00
8,Steve Lowery,64.71,11,17,-11,-5.00
9,Adam Scott,63.16,12,19,-14,+1.00
10,Richard Johnson,62.50,5,8,-5,-1.00
10,Vijay Singh,62.50,10,16,-10,-2.00
10,D.J. Trahan,62.50,10,16,-11,-2.00
13,J.B. Holmes,61.90,13,21,-13,+1.00
14,Camilo Villegas,61.11,11,18,-11,+1.00
15,K.J. Choi,60.00,9,15,-9,-3.00
15,Will MacKenzie,60.00,9,15,-9,E
17,Davis Love III,59.09,13,22,-16,-2.00
18,Kenny Perry,58.82,10,17,-11,-3.00
19,Dustin Johnson,58.33,14,24,-14,+2.00
20,Ryan Palmer,57.14,8,14,-9,+5.00
20,Chez Reavie,57.14,4,7,-5,-1.00
22,Johnson Wagner,56.25,9,16,-10,E
23,Boo Weekley,55.00,11,20,-11,+1.00
24,Ernie Els,52.38,11,21,-12,-1.00
25,Parker McLachlin,50.00,8,16,-8,E
26,Carl Pettersson,47.37,9,19,-10,-1.00
27,Zach Johnson,46.15,6,13,-8,-1.00
28,Brian Gay,40.00,2,5,-2,-4.00
28,Andres Romero,40.00,8,20,-8,-1.00
30,Ryuji Imada,38.46,5,13,-5,-1.00
31,Greg Kraft,37.50,3,8,-3,-4.00
32,Stewart Cink,36.84,7,19,-8,-1.00
33,Marc Turnesa,25.00,1,4,-1,+4.00
