rank,player,Avg,Total Dist after Tee Shot,Total Tee Shots
1,Dustin Johnson,127.7,"197,685.000",43
2,Bubba Watson,134.3,"217,541.000",45
3,Scott Stallings,144.0,"233,321.000",45
4,Scott Piercy,145.3,"230,116.000",44
5,Tommy Gainey,145.5,"235,638.000",45
6,Carl Pettersson,147.9,"239,531.000",45
7,Charlie Beljan,150.2,"243,278.000",45
8,Ian Poulter,150.4,"243,728.000",45
9,Marc Leishman,150.6,"238,619.000",44
10,Kyle Stanley,151.2,"239,483.000",44
11,Keegan Bradley,152.4,"246,873.000",45
11,Webb Simpson,152.4,"246,931.000",45
13,Rickie Fowler,152.6,"247,204.000",45
14,Bill Haas,153.6,"248,795.000",45
15,Nick Watney,154.0,"249,435.000",45
16,Ben Curtis,154.1,"249,617.000",45
17,Johnson Wagner,154.6,"250,451.000",45
18,Hunter Mahan,155.4,"229,417.000",41
19,George McNeill,155.7,"246,644.000",44
20,Jason Dufner,156.0,"252,652.000",45
21,Jonas Blixt,156.7,"248,155.000",44
22,Brandt Snedeker,158.6,"256,872.000",45
23,Matt Kuchar,158.9,"251,752.000",44
24,Steve Stricker,159.1,"257,773.000",45
25,Ryan Moore,159.8,"253,126.000",44
26,John Huh,160.8,"260,423.000",45
27,Zach Johnson,162.8,"263,782.000",45
28,Mark Wilson,164.4,"266,291.000",45
29,"Ted Potter, Jr.",166.4,"269,546.000",45
30,J.J. Henry,168.7,"273,297.000",45
