rank,player,Avg (Yards),Total Distance (inches),Number of Approach Shots
1,Steve Stricker,76.0,"10,944,000",4
2,Bubba Watson,103.3,"18,593,000",5
3,Jason Dufner,115.4,"45,708,000",11
4,Scott Stallings,117.8,"21,204,000",5
5,Webb Simpson,124.3,"17,900,000",4
6,Ben Curtis,128.5,"37,018,000",8
7,Keegan Bradley,128.8,"32,447,000",7
8,George McNeill,136.2,"53,918,000",11
9,Nick Watney,136.9,"49,288,000",10
10,Carl Pettersson,138.4,"19,934,000",4
11,Jonas Blixt,141.4,"35,645,000",7
12,Charlie Beljan,141.9,"66,425,000",13
13,"Ted Potter, Jr.",142.5,"51,297,000",10
14,Mark Wilson,143.2,"20,624,000",4
15,Zach Johnson,145.7,"62,959,000",12
16,Tommy Gainey,146.2,"15,789,000",3
17,Dustin Johnson,146.4,"26,353,000",5
18,J.J. Henry,148.8,"32,149,000",6
19,Hunter Mahan,150.2,"54,073,000",10
20,Bill Haas,150.6,"32,522,000",6
21,Johnson Wagner,151.5,"43,631,000",8
22,Kyle Stanley,154.3,"77,788,000",14
23,Matt Kuchar,155.8,"61,684,000",11
24,Scott Piercy,157.5,"51,043,000",9
25,Marc Leishman,158.0,"68,268,000",12
26,Ryan Moore,164.0,"59,027,000",10
27,Rickie Fowler,164.3,"23,655,000",4
28,John Huh,166.9,"36,052,000",6
29,Brandt Snedeker,178.3,"57,772,000",9
30,Ian Poulter,180.9,"26,049,000",4
