rank,player,Avg (Yards),Total Distance (inches),Number of Approach Shots
1,Mark Wilson,131.7,"37,932,000",8
2,Jason Dufner,141.3,"61,043,000",12
3,Matt Kuchar,155.3,"83,878,000",15
4,Ben Curtis,156.7,"50,761,000",9
5,Tommy Gainey,161.7,"81,491,000",14
6,Steve Stricker,161.9,"87,405,000",15
7,Charlie Beljan,164.4,"65,085,000",11
8,Zach Johnson,166.7,"78,027,000",13
9,Kyle Stanley,175.9,"50,657,000",8
10,Hunter Mahan,176.6,"57,218,000",9
11,Scott Stallings,179.4,"77,516,000",12
12,Brandt Snedeker,180.3,"116,850,000",18
13,Scott Piercy,188.5,"81,431,000",12
14,"Ted Potter, Jr.",190.1,"54,755,000",8
15,Rickie Fowler,190.4,"95,965,000",14
16,Ryan Moore,192.0,"34,564,000",5
17,Nick Watney,193.2,"83,461,000",12
18,J.J. Henry,195.1,"63,201,000",9
19,Jonas Blixt,196.7,"70,827,000",10
20,Johnson Wagner,199.9,"86,376,000",12
21,Marc Leishman,205.8,"81,482,000",11
22,Carl Pettersson,205.9,"81,535,000",11
23,Bubba Watson,209.7,"98,143,000",13
24,John Huh,214.9,"61,881,000",8
25,Webb Simpson,215.6,"69,862,000",9
26,Bill Haas,216.9,"39,050,000",5
27,Ian Poulter,224.0,"80,641,000",10
28,Dustin Johnson,224.8,"161,827,000",20
29,Keegan Bradley,230.3,"124,377,000",15
30,George McNeill,255.9,"55,279,000",6
