rank,player,Avg (Yards),Total Distance (inches),Number of Approach Shots
1,Carl Pettersson,129.1,"181,287,000",39
2,John Huh,132.8,"191,296,000",40
3,Johnson Wagner,137.0,"167,629,000",34
4,Jonas Blixt,139.2,"185,446,000",37
5,Dustin Johnson,140.4,"146,530,000",29
5,Scott Stallings,140.4,"176,929,000",35
7,Rickie Fowler,142.1,"179,103,000",35
8,Webb Simpson,142.7,"210,601,000",41
9,"Ted Potter, Jr.",142.9,"180,036,000",35
10,Ryan Moore,143.6,"196,502,000",38
11,Charlie Beljan,146.6,"158,325,000",30
12,Keegan Bradley,146.7,"168,968,000",32
13,Ian Poulter,146.8,"206,124,000",39
14,Ben Curtis,147.6,"196,539,000",37
14,Jason Dufner,147.6,"164,727,000",31
16,George McNeill,149.7,"199,446,000",37
17,Bill Haas,151.3,"234,172,000",43
18,Matt Kuchar,152.1,"153,342,000",28
19,Brandt Snedeker,152.3,"148,050,000",27
20,J.J. Henry,152.8,"214,512,000",39
21,Zach Johnson,153.3,"160,088,000",29
22,Scott Piercy,154.6,"183,607,000",33
23,Mark Wilson,155.6,"235,256,000",42
24,Hunter Mahan,157.3,"192,514,000",34
25,Tommy Gainey,157.4,"203,946,000",36
26,Kyle Stanley,158.9,"177,305,000",31
27,Nick Watney,163.2,"188,043,000",32
28,Bubba Watson,166.2,"215,399,000",36
29,Marc Leishman,166.5,"185,803,000",31
30,Steve Stricker,169.1,"213,090,000",35
