rank,player,%,# Birdies,Greens Hit
1,Xander Schauffele,42.11,24,57
2,Jason Day,41.51,22,53
3,Michael Kim,40.54,15,37
4,Dustin Johnson,40.00,22,55
5,Gary Woodland,39.68,25,63
6,Justin Thomas,39.34,24,61
7,Marc Leishman,38.60,22,57
8,Cameron Champ,37.93,22,58
9,Paul Casey,37.74,20,53
10,Andrew Putnam,37.25,19,51
11,Bryson DeChambeau,36.36,20,55
12,Charles Howell III,33.96,18,53
13,Brooks Koepka,33.33,17,51
14,Andrew Landry,32.73,18,55
15,Scott Piercy,32.69,17,52
15,Aaron Wise,32.69,17,52
17,Jon Rahm,32.20,19,59
18,Ian Poulter,31.75,20,63
19,Kevin Tway,30.91,17,55
20,Webb Simpson,30.36,17,56
21,Francesco Molinari,29.79,14,47
22,Patrick Reed,29.63,16,54
23,Patton Kizzire,29.09,16,55
24,Troy Merritt,28.85,15,52
25,Rory McIlroy,28.57,18,63
26,Matt Kuchar,27.45,14,51
27,Brice Garnett,26.92,14,52
27,"Ted Potter, Jr.",26.92,14,52
29,Bubba Watson,26.32,15,57
30,Brandt Snedeker,24.00,12,50
31,Satoshi Kodaira,23.08,12,52
32,Keegan Bradley,20.41,10,49
33,Billy Horschel,18.52,10,54
