rank,player,Total
1,Xander Schauffele,15.0
2,Rory McIlroy,16.3
3,Andrew Putnam,16.4
4,Bryson DeChambeau,21.3
5,Troy Merritt,21.4
6,Francesco Molinari,24.8
7,Brandt Snedeker,25.5
8,Jon Rahm,27.8
9,Justin Thomas,29.3
10,Brooks Koepka,30.6
11,Satoshi Kodaira,31.2
12,Paul Casey,31.4
13,Marc Leishman,31.5
13,Webb Simpson,31.5
15,Dustin Johnson,32.0
16,Jason Day,32.1
17,Brice Garnett,33.0
17,"Ted Potter, Jr.",33.0
19,Charles Howell III,34.3
20,Gary Woodland,34.6
21,Patton Kizzire,35.5
22,Andrew Landry,36.2
23,Matt Kuchar,37.0
24,Cameron Champ,37.7
25,Billy Horschel,38.8
26,Kevin Tway,40.9
27,Michael Kim,42.6
28,Scott Piercy,43.2
29,Ian Poulter,45.1
30,Aaron Wise,46.0
31,Patrick Reed,49.8
32,Keegan Bradley,54.8
33,Bubba Watson,59.6
