rank,player,Value,Attempts(<= 5'),Tot Made (>=20'),Tot Made (<= 5')
1,Cameron Champ,105.36,56,6,53
2,Gary Woodland,103.77,53,4,51
3,Marc Leishman,103.45,58,4,56
4,Jon Rahm,103.28,61,2,61
5,Bryson DeChambeau,102.08,48,2,47
6,Andrew Putnam,101.96,51,1,51
7,Xander Schauffele,101.85,54,1,54
8,Scott Piercy,101.79,56,2,55
9,Brice Garnett,101.69,59,2,58
10,Charles Howell III,101.64,61,1,61
11,Dustin Johnson,100.00,61,1,60
11,Patton Kizzire,100.00,56,4,52
11,Satoshi Kodaira,100.00,58,1,57
11,Rory McIlroy,100.00,60,0,60
11,Troy Merritt,100.00,54,1,53
11,"Ted Potter, Jr.",100.00,59,0,59
17,Patrick Reed,98.46,65,2,62
18,Keegan Bradley,98.44,64,1,62
19,Webb Simpson,98.41,63,1,61
20,Kevin Tway,98.39,62,1,60
21,Ian Poulter,98.36,61,1,59
22,Justin Thomas,98.33,60,0,59
23,Andrew Landry,98.28,58,1,56
24,Jason Day,98.21,56,4,51
24,Francesco Molinari,98.21,56,0,55
26,Matt Kuchar,96.67,60,1,57
27,Michael Kim,96.61,59,0,57
28,Brandt Snedeker,96.49,57,0,55
29,Brooks Koepka,96.43,56,1,53
30,Billy Horschel,95.59,68,0,65
31,Bubba Watson,95.52,67,1,63
32,Paul Casey,93.44,61,0,57
33,Aaron Wise,91.67,60,0,55
