rank,player,Avg,GIR Putts,Greens Hit,Birdie Conversion
1,Dustin Johnson,1.655,91,55,40.00
2,Xander Schauffele,1.661,98,59,42.11
3,Andrew Putnam,1.667,85,51,37.25
4,Michael Kim,1.703,63,37,40.54
5,Jason Day,1.722,93,54,41.51
6,Bryson DeChambeau,1.727,95,55,36.36
7,Gary Woodland,1.730,109,63,39.68
8,Paul Casey,1.736,92,53,37.74
9,Andrew Landry,1.745,96,55,32.73
10,Brooks Koepka,1.750,91,52,33.33
11,Marc Leishman,1.754,100,57,38.60
11,Justin Thomas,1.754,107,61,39.34
13,Kevin Tway,1.764,97,55,30.91
14,Francesco Molinari,1.766,83,47,29.79
15,Webb Simpson,1.768,99,56,30.36
16,Troy Merritt,1.769,92,52,28.85
17,Jon Rahm,1.780,105,59,32.20
18,Patton Kizzire,1.786,100,56,29.09
19,Brice Garnett,1.788,93,52,26.92
19,"Ted Potter, Jr.",1.788,93,52,26.92
21,Charles Howell III,1.792,95,53,33.96
22,Ian Poulter,1.794,113,63,31.75
23,Patrick Reed,1.796,97,54,29.63
24,Brandt Snedeker,1.800,90,50,24.00
25,Scott Piercy,1.808,94,52,32.69
25,Aaron Wise,1.808,94,52,32.69
27,Cameron Champ,1.810,105,58,37.93
27,Rory McIlroy,1.810,114,63,28.57
29,Satoshi Kodaira,1.827,95,52,23.08
30,Matt Kuchar,1.863,95,51,27.45
31,Keegan Bradley,1.880,94,50,20.41
32,Billy Horschel,1.889,102,54,18.52
33,Bubba Watson,1.948,113,58,26.32
