rank,player,Avg,Total Strokes,Total Rounds
1,Jimmy Walker,65.00,65,1
2,Jim Herman,67.00,67,1
2,Ryan Moore,67.00,67,1
2,Justin Thomas,67.00,67,1
5,Daniel Berger,68.00,68,1
5,Jason Dufner,68.00,68,1
7,Cody Gribble,69.00,69,1
7,Dustin Johnson,69.00,69,1
7,Hideki Matsuyama,69.00,69,1
7,Rod Pampling,69.00,69,1
7,Pat Perez,69.00,69,1
12,Aaron Baddeley,70.00,70,1
12,Jason Day,70.00,70,1
12,Tony Finau,70.00,70,1
12,Fabián Gómez,70.00,70,1
12,William McGirt,70.00,70,1
12,Patrick Reed,70.00,70,1
12,Brandt Snedeker,70.00,70,1
19,Greg Chalmers,71.00,71,1
19,Charley Hoffman,71.00,71,1
19,Russell Knox,71.00,71,1
22,Jordan Spieth,72.00,72,1
22,Brendan Steele,72.00,72,1
22,Brian Stuard,72.00,72,1
22,Vaughn Taylor,72.00,72,1
22,Jhonattan Vegas,72.00,72,1
22,Bubba Watson,72.00,72,1
28,Branden Grace,73.00,73,1
28,Mackenzie Hughes,73.00,73,1
30,James Hahn,74.00,74,1
30,Billy Hurley III,74.00,74,1
32,Si Woo Kim,75.00,75,1
