rank,player,Avg,Total Strokes,Total Rounds
1,Hideki Matsuyama,66.00,66,1
1,William McGirt,66.00,66,1
3,Brendan Steele,67.00,67,1
3,Justin Thomas,67.00,67,1
5,James Hahn,68.00,68,1
5,Russell Knox,68.00,68,1
7,Cody Gribble,69.00,69,1
7,Dustin Johnson,69.00,69,1
7,Si Woo Kim,69.00,69,1
7,Pat Perez,69.00,69,1
7,Brandt Snedeker,69.00,69,1
7,Vaughn Taylor,69.00,69,1
13,Daniel Berger,70.00,70,1
13,Greg Chalmers,70.00,70,1
13,Jason Day,70.00,70,1
13,Tony Finau,70.00,70,1
13,Jordan Spieth,70.00,70,1
13,Brian Stuard,70.00,70,1
13,Jhonattan Vegas,70.00,70,1
13,Jimmy Walker,70.00,70,1
21,Fabián Gómez,71.00,71,1
21,Branden Grace,71.00,71,1
21,Charley Hoffman,71.00,71,1
21,Ryan Moore,71.00,71,1
21,Bubba Watson,71.00,71,1
26,Jason Dufner,72.00,72,1
26,Jim Herman,72.00,72,1
26,Billy Hurley III,72.00,72,1
26,Rod Pampling,72.00,72,1
26,Patrick Reed,72.00,72,1
31,Mackenzie Hughes,73.00,73,1
32,Aaron Baddeley,74.00,74,1
