rank,player,Avg,Total Strokes,Total Rounds
1,Jordan Spieth,65.00,65,1
2,Pat Perez,67.00,67,1
3,Mackenzie Hughes,68.00,68,1
4,Aaron Baddeley,69.00,69,1
4,Jim Herman,69.00,69,1
4,Charley Hoffman,69.00,69,1
4,Dustin Johnson,69.00,69,1
4,Rod Pampling,69.00,69,1
4,Justin Thomas,69.00,69,1
10,Jason Day,70.00,70,1
10,Tony Finau,70.00,70,1
10,Cody Gribble,70.00,70,1
10,Hideki Matsuyama,70.00,70,1
10,Patrick Reed,70.00,70,1
15,Ryan Moore,71.00,71,1
15,Brandt Snedeker,71.00,71,1
15,Brendan Steele,71.00,71,1
15,Brian Stuard,71.00,71,1
15,Bubba Watson,71.00,71,1
20,Daniel Berger,72.00,72,1
20,James Hahn,72.00,72,1
20,Billy Hurley III,72.00,72,1
23,Fabián Gómez,73.00,73,1
23,Russell Knox,73.00,73,1
23,William McGirt,73.00,73,1
23,Vaughn Taylor,73.00,73,1
23,Jimmy Walker,73.00,73,1
28,Greg Chalmers,74.00,74,1
28,Jhonattan Vegas,74.00,74,1
30,Jason Dufner,75.00,75,1
30,Branden Grace,75.00,75,1
32,Si Woo Kim,78.00,78,1
