rank,player,%
1,Aaron Baddeley,100.00
1,Jason Day,100.00
1,Cody Gribble,100.00
1,Jim Herman,100.00
1,Charley Hoffman,100.00
1,Mackenzie Hughes,100.00
1,Billy Hurley III,100.00
1,Dustin Johnson,100.00
1,Hideki Matsuyama,100.00
1,Ryan Moore,100.00
1,Rod Pampling,100.00
1,Pat Perez,100.00
1,Patrick Reed,100.00
1,Jordan Spieth,100.00
1,Brendan Steele,100.00
1,Brian Stuard,100.00
1,Justin Thomas,100.00
1,Bubba Watson,100.00
19,Daniel Berger,.00
19,Greg Chalmers,.00
19,Jason Dufner,.00
19,Tony Finau,.00
19,Fabián Gómez,.00
19,Branden Grace,.00
19,James Hahn,.00
19,Si Woo Kim,.00
19,Russell Knox,.00
19,William McGirt,.00
19,Brandt Snedeker,.00
19,Vaughn Taylor,.00
19,Jhonattan Vegas,.00
19,Jimmy Walker,.00
