rank,player,Avg (Yards),Total Distance (inches),Number of Approach Shots
1,Lucas Glover,131.5,"33,137,000",7
2,Bo Van Pelt,133.7,"43,329,000",9
3,Pat Perez,135.6,"29,299,000",6
4,Michael Bradley,142.7,"61,642,000",12
5,Troy Matteson,143.5,"41,314,000",8
6,Dustin Johnson,145.2,"57,513,000",11
7,Ryan Moore,149.9,"10,791,000",2
8,Ángel Cabrera,159.6,"34,483,000",6
9,Kenny Perry,160.0,"34,562,000",6
9,John Rollins,160.0,"40,312,000",7
11,Rory Sabbatini,161.1,"34,804,000",6
12,Brian Gay,162.3,"40,900,000",7
13,Paul Casey,162.5,"52,653,000",9
14,Jerry Kelly,162.6,"76,087,000",13
15,Steve Stricker,162.7,"29,281,000",5
16,Nick Watney,163.5,"47,099,000",8
17,Heath Slocum,164.0,"70,841,000",12
18,Sean O'Hair,174.7,"31,442,000",5
19,Stewart Cink,176.3,"50,774,000",8
20,Retief Goosen,176.5,"31,770,000",5
21,Stephen Ames,176.7,"57,241,000",9
22,Nathan Green,177.0,"57,357,000",9
23,Mark Wilson,177.6,"63,922,000",10
24,Geoff Ogilvy,181.2,"26,093,000",4
25,Y.E. Yang,198.6,"42,898,000",6
26,Martin Laird,207.2,"29,831,000",4
27,Zach Johnson,218.5,"47,186,000",6
28,Matt Kuchar,232.3,"8,364,000",1
