rank,player,Avg (Yards),Total Distance (inches),Number of Approach Shots
1,Kenny Perry,144.8,"208,582,000",40
2,Heath Slocum,148.2,"240,059,000",45
3,Stephen Ames,149.6,"236,968,000",44
3,Paul Casey,149.6,"215,375,000",40
5,Bo Van Pelt,151.6,"234,638,000",43
6,Stewart Cink,152.2,"208,183,000",38
7,Geoff Ogilvy,153.6,"232,238,000",42
8,Steve Stricker,154.8,"261,866,000",47
9,Mark Wilson,155.2,"245,879,000",44
10,Troy Matteson,155.5,"268,749,000",48
11,Michael Bradley,157.4,"243,621,000",43
12,Zach Johnson,157.8,"267,062,000",47
13,Brian Gay,158.1,"273,280,000",48
14,Nathan Green,160.3,"248,069,000",43
15,Retief Goosen,161.5,"238,305,000",41
16,Y.E. Yang,161.8,"256,268,000",44
17,John Rollins,162.7,"263,586,000",45
18,Nick Watney,163.9,"253,669,000",43
19,Ryan Moore,164.1,"307,240,000",52
20,Ángel Cabrera,164.9,"267,136,000",45
21,Matt Kuchar,165.7,"292,282,000",49
22,Pat Perez,166.7,"270,084,000",45
23,Dustin Johnson,167.6,"217,250,000",36
24,Sean O'Hair,169.7,"250,433,000",41
25,Jerry Kelly,169.9,"238,549,000",39
26,Martin Laird,171.7,"272,041,000",44
27,Lucas Glover,172.4,"235,883,000",38
28,Rory Sabbatini,187.7,"263,474,000",39
