rank,player,Avg,Total Distance (feet),# of Attempts,Relative to par
1,Nick Taylor,"24' 9""",99.000,4,-1
2,Russell Henley,"32' 2""",96.417,3,-3
3,Matt Jones,"40' 9""",122.250,3,-2
3,S.Y. Noh,"40' 9""",122.167,3,-2
5,Ángel Cabrera,"46' 7""",186.417,4,-3
6,Chris Kirk,"47' 11""",47.917,1,-1
7,J.B. Holmes,"49' 9""",199.083,4,-5
8,Robert Streb,"63' 1""",189.333,3,-2
9,Charley Hoffman,"63' 5""",316.917,5,-4
10,John Senden,"63' 8""",382.167,6,-3
11,Chesson Hadley,"70' 10""",212.583,3,-1
11,Bubba Watson,"70' 10""",141.583,2,-1
13,Patrick Reed,"71' 2""",213.417,3,-2
14,Jimmy Walker,"72' 3""",288.917,4,-2
15,Jason Day,"76' 3""",228.667,3,-2
16,Ben Martin,"76' 10""",307.250,4,E
17,Brendon Todd,"76' 11""",384.750,5,-2
18,Zach Johnson,"77' 9""",466.250,6,-4
19,Geoff Ogilvy,"83' 7""",167.083,2,-2
20,Brian Harman,"84' 7""",338.333,4,-2
21,Camilo Villegas,"86' 2""",258.500,3,-1
22,Ben Crane,"86' 8""",173.250,2,E
23,Matt Every,"86' 10""",260.500,3,-2
24,Tim Clark,"92' 3""",276.750,3,E
25,Hideki Matsuyama,"93' 10""",563.083,6,-4
26,Scott Stallings,"97' 9""",293.167,3,-2
27,Ryan Moore,"100' 6""",201.000,2,-1
28,Kevin Streelman,"101' 7""",406.417,4,-1
29,Matt Kuchar,"105' 0""",420.083,4,-2
30,Sangmoon Bae,"112' 5""",561.917,5,-2
31,Steven Bowditch,"112' 11""",112.917,1,E
32,Billy Horschel,"119' 4""",358.000,3,E
