rank,player,Avg,Total Distance (feet),# of Attempts,Relative to par
1,Jason Day,"9' 8""",58.083,6,-3
2,Tim Clark,"10' 1""",70.667,7,-2
3,Charley Hoffman,"10' 8""",74.917,7,-3
4,Matt Jones,"10' 11""",65.417,6,-3
5,Ben Crane,"12' 8""",101.000,8,-1
6,Zach Johnson,"14' 4""",129.250,9,-3
7,J.B. Holmes,"14' 5""",86.250,6,-2
8,Hideki Matsuyama,"15' 0""",149.917,10,-3
9,Chris Kirk,"15' 10""",158.083,10,E
10,Sangmoon Bae,"16' 0""",160.083,10,-1
11,S.Y. Noh,"16' 2""",97.000,6,-1
12,Matt Every,"16' 3""",81.083,5,-1
13,Hunter Mahan,"16' 7""",99.583,6,-1
13,Brendon Todd,"16' 7""",165.500,10,-2
13,Jimmy Walker,"16' 7""",66.417,4,-3
16,Russell Henley,"16' 10""",269.500,16,-5
16,Nick Taylor,"16' 10""",101.167,6,-2
18,Patrick Reed,"17' 8""",141.167,8,-3
19,Billy Horschel,"18' 0""",89.917,5,-1
20,Scott Stallings,"18' 1""",108.333,6,-3
21,Camilo Villegas,"18' 10""",37.667,2,-1
22,Chesson Hadley,"19' 4""",96.500,5,E
23,Robert Streb,"19' 10""",139.083,7,E
24,Ben Martin,"20' 2""",40.333,2,-1
24,John Senden,"20' 2""",141.417,7,-1
26,Kevin Streelman,"20' 3""",101.167,5,-1
27,Ryan Moore,"20' 5""",122.500,6,-2
28,Steven Bowditch,"21' 6""",107.500,5,+1
29,Brian Harman,"24' 0""",167.917,7,-3
30,Matt Kuchar,"25' 6""",101.833,4,E
31,Bubba Watson,"26' 1""",182.500,7,+1
32,Geoff Ogilvy,"30' 1""",150.250,5,-2
33,Ángel Cabrera,"39' 1""",156.167,4,-1
