rank,player,Avg,Total Distance (feet),# of Attempts,Relative to par
1,Matt Kuchar,"9' 0""",17.917,2,-1
2,Camilo Villegas,"14' 2""",42.417,3,-1
3,Ben Martin,"15' 3""",61.083,4,-1
4,Brendon Todd,"16' 10""",84.333,5,-1
5,John Senden,"17' 3""",34.500,2,E
6,Jimmy Walker,"17' 11""",35.750,2,-1
7,Charley Hoffman,"18' 7""",130.250,7,-2
8,Matt Every,"20' 6""",81.833,4,E
9,Russell Henley,"20' 9""",41.417,2,-1
10,Matt Jones,"22' 2""",88.667,4,-2
11,Robert Streb,"23' 6""",93.833,4,E
12,Zach Johnson,"24' 1""",240.750,10,-4
13,Billy Horschel,"24' 4""",97.250,4,-1
14,Scott Stallings,"24' 11""",124.667,5,E
15,Hideki Matsuyama,"25' 0""",125.167,5,E
16,Steven Bowditch,"25' 1""",125.500,5,-1
17,Kevin Streelman,"25' 3""",176.833,7,-1
18,Ben Crane,"25' 5""",279.583,11,E
19,Chesson Hadley,"27' 0""",108.083,4,E
20,Jason Day,"27' 1""",108.167,4,E
21,Tim Clark,"27' 4""",164.083,6,-1
22,Chris Kirk,"27' 7""",138.000,5,-1
23,Sangmoon Bae,"29' 3""",58.500,2,-1
23,Hunter Mahan,"29' 3""",58.417,2,E
25,Geoff Ogilvy,"33' 1""",99.333,3,E
26,S.Y. Noh,"33' 10""",169.083,5,E
27,Ryan Moore,"35' 2""",105.583,3,-1
28,Nick Taylor,"35' 8""",178.500,5,E
29,Ángel Cabrera,"36' 10""",147.250,4,+1
30,Bubba Watson,"37' 8""",75.250,2,E
31,J.B. Holmes,"41' 5""",82.750,2,+1
32,Patrick Reed,"45' 5""",181.750,4,E
33,Brian Harman,"52' 6""",104.917,2,+1
