rank,player,Avg,Total Distance (feet),# of Attempts,GIR Rank
1,Ben Crane,"33' 11""","2,444.000",72,Under
2,Brendon Todd,"34' 0""","2,446.417",72,Under
3,Russell Henley,"34' 5""","2,475.750",72,Under
4,Tim Clark,"35' 3""","2,537.083",72,Under
4,Chris Kirk,"35' 3""","2,540.500",72,Under
6,Camilo Villegas,"36' 8""","2,638.250",72,Under
6,Jimmy Walker,"36' 8""","2,637.583",72,Under
8,S.Y. Noh,"36' 10""","2,652.000",72,Under
9,Hideki Matsuyama,"37' 1""","2,670.667",72,Under
10,Kevin Streelman,"37' 7""","2,706.667",72,Under
11,Bubba Watson,"37' 8""","2,712.083",72,Under
12,Ryan Moore,"37' 9""","2,678.083",71,Under
13,Chesson Hadley,"40' 6""","2,914.500",72,Under
14,Hunter Mahan,"40' 10""","2,937.750",72,Under
15,Robert Streb,"40' 11""","2,907.500",71,Under
16,Charley Hoffman,"41' 0""","2,913.000",71,Under
17,Sangmoon Bae,"41' 8""","2,999.083",72,Under
18,Matt Jones,"41' 9""","3,004.250",72,Under
19,Steven Bowditch,"42' 4""","3,007.583",71,Under
20,Brian Harman,"42' 7""","3,022.083",71,Under
21,John Senden,"42' 8""","3,028.917",71,Under
22,Ben Martin,"42' 10""","3,083.917",72,Under
23,Scott Stallings,"43' 11""","3,162.167",72,Under
24,Jason Day,"44' 0""","3,167.750",72,Under
25,Matt Kuchar,"44' 4""","3,150.583",71,Under
26,Patrick Reed,"44' 8""","3,215.833",72,Under
27,Nick Taylor,"44' 10""","3,225.417",72,Under
28,Ángel Cabrera,"44' 11""","3,232.750",72,Under
29,J.B. Holmes,"47' 4""","3,360.083",71,Under
30,Zach Johnson,"47' 10""","3,444.500",72,Under
31,Matt Every,"49' 3""","3,545.583",72,Under
32,Billy Horschel,"49' 5""","3,559.000",72,Under
32,Geoff Ogilvy,"49' 5""","3,407.083",69,Under
