rank,player,Avg,Total Distance (feet),# of Attempts,Relative to par
1,Brian Harman,"34' 9""",34.750,1,-1
2,Bubba Watson,"42' 7""",42.583,1,-1
3,Ángel Cabrera,"52' 1""",104.083,2,-2
4,Hunter Mahan,"54' 7""",109.083,2,-2
5,Chris Kirk,"68' 7""",68.583,1,-1
6,Chesson Hadley,"96' 8""",193.333,2,-1
7,Ben Martin,"100' 4""",300.917,3,-4
8,Matt Kuchar,"103' 2""",206.250,2,-1
9,Billy Horschel,"104' 4""",417.250,4,-3
10,Russell Henley,"105' 6""",316.583,3,-1
11,J.B. Holmes,"109' 11""",109.917,1,E
12,John Senden,"114' 9""",229.417,2,-1
13,Charley Hoffman,"114' 10""",229.667,2,-1
14,Steven Bowditch,"116' 6""",232.917,2,-1
15,Sangmoon Bae,"117' 4""",351.917,3,-1
16,Zach Johnson,"117' 9""",117.750,1,-1
17,Scott Stallings,"122' 8""",122.667,1,E
18,Ryan Moore,"124' 11""",249.833,2,-1
19,Nick Taylor,"127' 7""",127.583,1,-1
20,Matt Jones,"128' 0""",128.000,1,E
21,Hideki Matsuyama,"128' 9""",128.750,1,E
22,Robert Streb,"134' 0""",134.000,1,-1
23,Geoff Ogilvy,"136' 3""",408.833,3,-2
24,Matt Every,"149' 4""",447.917,3,+1
25,Patrick Reed,"150' 5""",150.417,1,-1
26,Ben Crane,"153' 5""",153.417,1,-1
27,Tim Clark,"156' 4""",156.333,1,E
28,Jason Day,"160' 2""",320.250,2,-1
