rank,player,Avg,Total Distance (feet),# of Attempts,Relative to par
1,Bubba Watson,"18' 8""",111.917,6,-4
2,Ryan Moore,"23' 0""",160.750,7,E
3,Scott Stallings,"23' 9""",166.250,7,-3
4,Chris Kirk,"27' 7""",275.667,10,-1
5,Camilo Villegas,"28' 1""",196.417,7,+2
6,John Senden,"28' 3""",141.333,5,E
7,Tim Clark,"28' 9""",115.000,4,+1
8,Ben Martin,"29' 6""",206.667,7,-4
9,Kevin Streelman,"29' 7""",207.333,7,-2
10,Chesson Hadley,"29' 8""",207.583,7,-4
11,Brendon Todd,"29' 9""",89.250,3,E
12,Patrick Reed,"30' 3""",181.417,6,-2
13,Robert Streb,"30' 7""",183.417,6,-1
14,Matt Kuchar,"32' 9""",196.250,6,-1
15,Hideki Matsuyama,"33' 8""",269.250,8,-5
16,Charley Hoffman,"34' 8""",104.000,3,+1
17,Russell Henley,"36' 0""",179.917,5,-3
18,Jimmy Walker,"36' 2""",252.917,7,E
19,Matt Every,"37' 3""",148.833,4,+2
19,Zach Johnson,"37' 3""",186.417,5,E
21,Ben Crane,"37' 9""",188.917,5,+2
22,J.B. Holmes,"37' 11""",341.000,9,+1
23,Sangmoon Bae,"38' 2""",267.250,7,E
24,Hunter Mahan,"39' 10""",358.833,9,-3
25,S.Y. Noh,"40' 4""",201.667,5,E
26,Ángel Cabrera,"41' 9""",334.083,8,E
27,Jason Day,"41' 10""",376.833,9,-1
28,Brian Harman,"42' 4""",169.167,4,-1
29,Steven Bowditch,"45' 1""",270.333,6,-3
30,Nick Taylor,"47' 7""",238.000,5,E
31,Billy Horschel,"50' 4""",251.833,5,-2
32,Matt Jones,"55' 2""",331.000,6,-1
33,Geoff Ogilvy,"65' 4""",326.833,5,-1
