rank,player,Avg,Total Distance (feet),# of Attempts,Relative to par
1,Russell Henley,"37' 9""",188.833,5,-2
2,Bubba Watson,"39' 10""",239.167,6,-2
3,Ryan Moore,"44' 2""",309.333,7,-3
4,Sangmoon Bae,"44' 6""",222.333,5,-1
5,Chris Kirk,"46' 3""",369.833,8,-3
6,Jimmy Walker,"46' 7""",419.250,9,-5
7,Jason Day,"47' 4""",142.000,3,-1
8,Tim Clark,"48' 7""",437.167,9,-2
9,Matt Every,"49' 2""",442.417,9,-4
10,Steven Bowditch,"49' 4""",246.583,5,-2
11,Geoff Ogilvy,"49' 5""",345.917,7,-1
12,Ángel Cabrera,"51' 8""",258.250,5,+2
12,Camilo Villegas,"51' 8""",464.750,9,-2
14,Kevin Streelman,"52' 8""",421.167,8,E
15,Hideki Matsuyama,"53' 0""",212.000,4,+1
16,Robert Streb,"55' 7""",444.333,8,-2
17,Scott Stallings,"56' 0""",391.750,7,-2
18,Chesson Hadley,"56' 4""",450.583,8,-2
18,Billy Horschel,"56' 4""",450.417,8,-1
20,S.Y. Noh,"56' 11""",284.667,5,E
21,Patrick Reed,"57' 6""",517.167,9,-4
22,Ben Martin,"58' 2""",232.583,4,E
23,Brian Harman,"59' 10""",419.000,7,+2
24,Hunter Mahan,"61' 11""",371.250,6,E
25,Nick Taylor,"62' 3""",373.417,6,+1
26,Matt Kuchar,"62' 11""",377.333,6,-2
27,J.B. Holmes,"63' 1""",567.667,9,E
28,Charley Hoffman,"67' 2""",470.000,7,-1
29,Matt Jones,"67' 4""",606.250,9,-2
30,Brendon Todd,"67' 7""",540.667,8,-1
31,John Senden,"68' 7""",480.333,7,-5
32,Ben Crane,"76' 0""",607.750,8,+3
33,Zach Johnson,"83' 4""",666.750,8,-1
