rank,player,Avg,Total Distance (feet),# of Attempts,Relative to par
1,Patrick Reed,"10' 5""",31.167,3,-3
2,Jason Day,"10' 10""",21.667,2,-2
3,Hideki Matsuyama,"11' 5""",79.667,7,-4
4,Kevin Streelman,"11' 6""",115.250,10,-3
5,S.Y. Noh,"12' 5""",74.667,6,-2
6,Matt Every,"14' 7""",58.167,4,-2
7,Jimmy Walker,"15' 7""",124.667,8,-2
8,Tim Clark,"15' 9""",173.500,11,-5
9,Chesson Hadley,"16' 4""",81.583,5,-1
10,Brian Harman,"16' 8""",182.917,11,-1
11,Brendon Todd,"17' 0""",135.833,8,-2
12,Ángel Cabrera,"17' 8""",141.167,8,-3
13,John Senden,"17' 9""",88.667,5,E
14,Bubba Watson,"17' 10""",71.250,4,-1
15,Matt Jones,"18' 3""",73.000,4,-1
15,Robert Streb,"18' 3""",54.750,3,-1
17,Billy Horschel,"20' 2""",201.500,10,+2
18,Steven Bowditch,"20' 4""",101.750,5,E
19,Ben Crane,"20' 8""",144.583,7,-2
20,Charley Hoffman,"20' 11""",146.667,7,-1
21,Matt Kuchar,"22' 5""",201.583,9,-1
22,Zach Johnson,"22' 6""",112.583,5,-2
23,Chris Kirk,"24' 7""",123.000,5,E
24,Sangmoon Bae,"24' 8""",148.167,6,-1
25,Ryan Moore,"26' 1""",312.833,12,-2
26,Geoff Ogilvy,"26' 5""",185.083,7,E
27,J.B. Holmes,"26' 11""",107.750,4,+1
28,Nick Taylor,"27' 2""",108.583,4,-1
29,Camilo Villegas,"27' 5""",247.083,9,+3
30,Ben Martin,"28' 1""",224.833,8,-3
31,Scott Stallings,"28' 9""",143.833,5,E
32,Hunter Mahan,"29' 4""",146.750,5,E
33,Russell Henley,"36' 7""",146.333,4,-2
