rank,player,%,Total Birdies,Total Holes,GIR Rank
1,Kevin Streelman,33.33,24,72,21
2,Billy Horschel,31.94,23,72,2
2,Dustin Johnson,31.94,23,72,2
2,Zach Johnson,31.94,23,72,17
2,Matt Kuchar,31.94,23,72,18
2,Ryan Moore,31.94,23,72,8
2,Webb Simpson,31.94,23,72,10
8,Woody Austin,29.17,21,72,25
8,Jimmy Walker,29.17,21,72,26
10,Scott Brown,27.78,20,72,21
10,Jason Dufner,27.78,20,72,13
10,Chris Kirk,27.78,20,72,8
10,Adam Scott,27.78,20,72,21
10,Jordan Spieth,27.78,20,72,2
10,Michael Thompson,27.78,20,72,2
10,Gary Woodland,27.78,20,72,2
17,Jonas Blixt,26.39,19,72,29
17,Ken Duke,26.39,19,72,10
17,Harris English,26.39,19,72,10
17,Brian Gay,26.39,19,72,2
17,Russell Henley,26.39,19,72,18
22,Sangmoon Bae,25.00,18,72,26
22,Patrick Reed,25.00,18,72,13
22,Brandt Snedeker,25.00,18,72,21
25,Martin Laird,23.61,17,72,13
25,D.A. Points,23.61,17,72,26
27,Bill Haas,20.83,15,72,13
27,John Merrick,20.83,15,72,18
29,Boo Weekley,16.67,12,72,1
30,Derek Ernst,13.89,10,72,30
