rank,player,Avg,# of Birdies,Total Rounds
1,Billy Horschel,5.75,23,4
1,Matt Kuchar,5.75,23,4
1,Webb Simpson,5.75,23,4
4,Dustin Johnson,5.50,22,4
4,Zach Johnson,5.50,22,4
4,Kevin Streelman,5.50,22,4
7,Woody Austin,5.25,21,4
7,Ryan Moore,5.25,21,4
9,Scott Brown,5.00,20,4
9,Chris Kirk,5.00,20,4
9,Jordan Spieth,5.00,20,4
9,Michael Thompson,5.00,20,4
13,Jonas Blixt,4.75,19,4
13,Ken Duke,4.75,19,4
13,Harris English,4.75,19,4
13,Russell Henley,4.75,19,4
13,Adam Scott,4.75,19,4
13,Jimmy Walker,4.75,19,4
13,Gary Woodland,4.75,19,4
20,Jason Dufner,4.50,18,4
20,Brian Gay,4.50,18,4
22,Sangmoon Bae,4.25,17,4
22,D.A. Points,4.25,17,4
22,Patrick Reed,4.25,17,4
22,Brandt Snedeker,4.25,17,4
26,Martin Laird,4.00,16,4
27,Bill Haas,3.75,15,4
27,John Merrick,3.75,15,4
29,Boo Weekley,2.75,11,4
30,Derek Ernst,2.50,10,4
