rank,player,Avg,Total Strokes,Total Late Rounds
1,Zach Johnson,68.25,273,4
2,Jordan Spieth,68.50,274,4
3,Webb Simpson,68.75,275,4
3,Kevin Streelman,68.75,275,4
5,Jason Dufner,69.25,277,4
6,Adam Scott,69.33,208,3
7,Matt Kuchar,70.33,211,3
7,Brandt Snedeker,70.33,211,3
7,Gary Woodland,70.33,211,3
10,Harris English,70.50,141,2
11,Ken Duke,70.67,212,3
11,Dustin Johnson,70.67,212,3
11,Ryan Moore,70.67,212,3
14,Woody Austin,71.00,71,1
14,Bill Haas,71.00,71,1
14,Boo Weekley,71.00,71,1
17,Billy Horschel,72.00,72,1
17,D.A. Points,72.00,72,1
17,Michael Thompson,72.00,144,2
20,Patrick Reed,72.50,145,2
21,Sangmoon Bae,73.00,73,1
22,Chris Kirk,74.00,148,2
23,Brian Gay,76.00,76,1
