rank,player,Avg,Total Putts,Total Rounds
1,Stuart Appleby,28.00,28,1
2,Stephen Ames,29.00,29,1
2,Luke Donald,29.00,29,1
2,Carl Pettersson,29.00,29,1
2,Vijay Singh,29.00,29,1
2,David Toms,29.00,29,1
7,K.J. Choi,30.00,30,1
7,Geoff Ogilvy,30.00,30,1
7,Rod Pampling,30.00,30,1
7,Adam Scott,30.00,30,1
11,Chris Couch,31.00,31,1
11,Tim Herron,31.00,31,1
11,John Rollins,31.00,31,1
11,Rory Sabbatini,31.00,31,1
11,John Senden,31.00,31,1
16,Eric Axley,32.00,32,1
16,J.J. Henry,32.00,32,1
16,Trevor Immelman,32.00,32,1
16,Davis Love III,32.00,32,1
16,Will MacKenzie,32.00,32,1
16,Kirk Triplett,32.00,32,1
16,Dean Wilson,32.00,32,1
23,Aaron Baddeley,33.00,33,1
23,Chad Campbell,33.00,33,1
25,Joe Durant,34.00,34,1
25,J.B. Holmes,34.00,34,1
25,Troy Matteson,34.00,34,1
25,D.J. Trahan,34.00,34,1
25,Brett Wetterich,34.00,34,1
30,Ben Curtis,35.00,35,1
30,Jim Furyk,35.00,35,1
32,Jeff Maggert,36.00,36,1
32,Corey Pavin,36.00,36,1
