rank,player,Avg,Total 2 Putts,Total Rounds
1,Jim Furyk,13.75,55,4
2,Dean Wilson,13.50,54,4
3,Brett Wetterich,13.00,52,4
4,Ben Curtis,12.25,49,4
4,Tim Herron,12.25,49,4
4,D.J. Trahan,12.25,49,4
7,Rod Pampling,12.00,48,4
7,Kirk Triplett,12.00,48,4
9,Chad Campbell,11.75,47,4
9,Joe Durant,11.75,47,4
9,J.B. Holmes,11.75,47,4
9,John Senden,11.75,47,4
13,K.J. Choi,11.50,46,4
13,J.J. Henry,11.50,46,4
13,Davis Love III,11.50,46,4
13,Geoff Ogilvy,11.50,46,4
13,Carl Pettersson,11.50,46,4
13,David Toms,11.50,46,4
19,Stephen Ames,11.25,45,4
19,Aaron Baddeley,11.25,45,4
21,Trevor Immelman,11.00,44,4
21,Jeff Maggert,11.00,44,4
21,John Rollins,11.00,44,4
24,Stuart Appleby,10.75,43,4
24,Luke Donald,10.75,43,4
24,Will MacKenzie,10.75,43,4
24,Troy Matteson,10.75,43,4
24,Corey Pavin,10.75,43,4
24,Rory Sabbatini,10.75,43,4
24,Adam Scott,10.75,43,4
31,Chris Couch,10.50,42,4
32,Eric Axley,10.25,41,4
33,Vijay Singh,9.50,38,4
