rank,player,Avg,Total Putts,Total Rounds
1,Aaron Baddeley,28.00,28,1
1,Trevor Immelman,28.00,28,1
1,Will MacKenzie,28.00,28,1
1,Rory Sabbatini,28.00,28,1
5,Stephen Ames,29.00,29,1
5,Davis Love III,29.00,29,1
7,Stuart Appleby,30.00,30,1
7,Troy Matteson,30.00,30,1
7,Corey Pavin,30.00,30,1
10,K.J. Choi,31.00,31,1
10,Luke Donald,31.00,31,1
10,Jim Furyk,31.00,31,1
10,John Senden,31.00,31,1
10,Brett Wetterich,31.00,31,1
15,J.B. Holmes,32.00,32,1
15,Vijay Singh,32.00,32,1
17,Eric Axley,33.00,33,1
17,Ben Curtis,33.00,33,1
17,Rod Pampling,33.00,33,1
17,John Rollins,33.00,33,1
17,Adam Scott,33.00,33,1
22,Tim Herron,34.00,34,1
22,Jeff Maggert,34.00,34,1
22,Carl Pettersson,34.00,34,1
22,Kirk Triplett,34.00,34,1
26,Chris Couch,35.00,35,1
26,Joe Durant,35.00,35,1
26,J.J. Henry,35.00,35,1
26,David Toms,35.00,35,1
30,Chad Campbell,36.00,36,1
30,D.J. Trahan,36.00,36,1
32,Geoff Ogilvy,37.00,37,1
33,Dean Wilson,40.00,40,1
