rank,player,Avg,Total Putts,Total Rounds
1,Rory Sabbatini,26.00,26,1
2,Vijay Singh,27.00,27,1
3,J.J. Henry,28.00,28,1
3,Jeff Maggert,28.00,28,1
5,Stuart Appleby,30.00,30,1
5,John Rollins,30.00,30,1
5,Adam Scott,30.00,30,1
5,Kirk Triplett,30.00,30,1
5,Dean Wilson,30.00,30,1
10,Aaron Baddeley,31.00,31,1
10,Ben Curtis,31.00,31,1
10,Troy Matteson,31.00,31,1
10,Corey Pavin,31.00,31,1
14,Chad Campbell,32.00,32,1
14,K.J. Choi,32.00,32,1
14,Joe Durant,32.00,32,1
14,Davis Love III,32.00,32,1
14,Will MacKenzie,32.00,32,1
14,Rod Pampling,32.00,32,1
14,John Senden,32.00,32,1
14,David Toms,32.00,32,1
14,Brett Wetterich,32.00,32,1
23,Eric Axley,33.00,33,1
23,Luke Donald,33.00,33,1
23,Tim Herron,33.00,33,1
23,J.B. Holmes,33.00,33,1
23,Geoff Ogilvy,33.00,33,1
23,D.J. Trahan,33.00,33,1
29,Stephen Ames,34.00,34,1
29,Carl Pettersson,34.00,34,1
31,Jim Furyk,35.00,35,1
32,Chris Couch,36.00,36,1
33,Trevor Immelman,38.00,38,1
