rank,player,Avg,Total Putts,Total Rounds
1,Chris Couch,27.00,27,1
2,Joe Durant,28.00,28,1
2,Vijay Singh,28.00,28,1
4,Stuart Appleby,29.00,29,1
4,Trevor Immelman,29.00,29,1
4,David Toms,29.00,29,1
7,Troy Matteson,30.00,30,1
7,Geoff Ogilvy,30.00,30,1
7,Rory Sabbatini,30.00,30,1
7,D.J. Trahan,30.00,30,1
11,Ben Curtis,31.00,31,1
11,Tim Herron,31.00,31,1
11,John Rollins,31.00,31,1
14,Aaron Baddeley,32.00,32,1
14,Luke Donald,32.00,32,1
14,J.B. Holmes,32.00,32,1
14,Will MacKenzie,32.00,32,1
14,Adam Scott,32.00,32,1
19,Stephen Ames,33.00,33,1
19,Chad Campbell,33.00,33,1
19,K.J. Choi,33.00,33,1
19,Corey Pavin,33.00,33,1
23,Eric Axley,34.00,34,1
23,Jeff Maggert,34.00,34,1
23,Carl Pettersson,34.00,34,1
23,Kirk Triplett,34.00,34,1
23,Brett Wetterich,34.00,34,1
23,Dean Wilson,34.00,34,1
29,J.J. Henry,35.00,35,1
29,Davis Love III,35.00,35,1
29,John Senden,35.00,35,1
32,Jim Furyk,36.00,36,1
33,Rod Pampling,37.00,37,1
