rank,player,Avg,Total 3 Putts,Total Rounds
1,Eric Axley,2.50,10,4
2,Chad Campbell,2.00,8,4
2,Chris Couch,2.00,8,4
2,Jeff Maggert,2.00,8,4
5,Carl Pettersson,1.75,7,4
6,J.J. Henry,1.50,6,4
6,J.B. Holmes,1.50,6,4
6,Trevor Immelman,1.50,6,4
6,Geoff Ogilvy,1.50,6,4
6,Rod Pampling,1.50,6,4
6,Corey Pavin,1.50,6,4
12,Ben Curtis,1.25,5,4
12,Joe Durant,1.25,5,4
12,Jim Furyk,1.25,5,4
12,Davis Love III,1.25,5,4
12,Will MacKenzie,1.25,5,4
12,Troy Matteson,1.25,5,4
12,John Rollins,1.25,5,4
12,Adam Scott,1.25,5,4
12,John Senden,1.25,5,4
12,D.J. Trahan,1.25,5,4
12,Kirk Triplett,1.25,5,4
12,Dean Wilson,1.25,5,4
24,Stephen Ames,1.00,4,4
24,K.J. Choi,1.00,4,4
24,Luke Donald,1.00,4,4
24,Tim Herron,1.00,4,4
24,David Toms,1.00,4,4
24,Brett Wetterich,1.00,4,4
30,Vijay Singh,.75,3,4
31,Aaron Baddeley,.50,2,4
32,Stuart Appleby,.25,1,4
