rank,player,Avg,Total Distance (feet),# of Attempts,Relative to par
1,Troy Merritt,"18' 4""",73.333,4,-2
2,Austin Eckroat,"23' 3""",69.833,3,-1
3,Will Gordon,"23' 4""",93.333,4,-3
4,Taylor Montgomery,"24' 1""",144.667,6,-2
5,Ryo Hisatsune,"24' 3""",48.500,2,E
6,Brian Harman,"24' 7""",123.000,5,E
7,Hideki Matsuyama,"25' 10""",155.000,6,-1
8,Adam Svensson,"27' 4""",136.500,5,E
9,Stephan Jaeger,"27' 5""",54.833,2,+1
10,Ludvig Åberg,"28' 5""",142.250,5,-1
11,Harris English,"30' 5""",91.167,3,E
12,Chris Kirk,"32' 0""",191.917,6,E
13,Harry Hall,"33' 10""",270.917,8,E
14,Joseph Bramlett,"34' 3""",274.250,8,-2
15,Garrick Higgo,"34' 4""",206.000,6,+1
15,Justin Rose,"34' 4""",137.333,4,E
17,Tyrrell Hatton,"34' 10""",209.167,6,+2
18,Joel Dahmen,"35' 7""",177.833,5,E
19,Brandon Wu,"36' 0""",179.833,5,-1
20,Zac Blair,"36' 1""",144.167,4,-1
21,Carl Yuan,"36' 3""",108.667,3,E
22,Dylan Wu,"37' 2""",223.083,6,+1
23,Matthieu Pavon,"37' 11""",265.167,7,E
24,Brendon Todd,"38' 7""",77.083,2,+1
25,Martin Trainer,"38' 11""",155.500,4,+1
26,Mark Hubbard,"39' 0""",233.917,6,-2
27,Greyson Sigg,"39' 1""",234.667,6,E
28,Byeong Hun An,"39' 5""",197.167,5,+1
29,Stewart Cink,"39' 9""",318.167,8,E
30,Ben Silverman,"39' 11""",439.333,11,E
31,Keegan Bradley,"40' 1""",120.333,3,-1
32,Jake Knapp,"40' 7""",121.833,3,-1
33,Scott Stallings,"41' 0""",368.833,9,-1
34,Nick Taylor,"41' 1""",164.167,4,E
35,Robert MacIntyre,"41' 9""",334.250,8,E
36,Alex Noren,"41' 10""",209.250,5,E
37,J.T. Poston,"42' 3""",211.250,5,+2
38,Andrew Putnam,"42' 6""",255.167,6,+1
39,Norman Xiong,"42' 9""",256.333,6,E
40,Matt NeSmith,"43' 4""",173.417,4,+1
40,Seamus Power,"43' 4""",130.083,3,+1
42,S.H. Kim,"43' 5""",260.583,6,E
43,Maverick McNealy,"43' 6""",304.417,7,+1
44,Kurt Kitayama,"44' 7""",222.833,5,E
45,Eric Cole,"45' 0""",225.083,5,E
45,Taylor Pendrith,"45' 0""",90.000,2,-1
47,Grayson Murray,"45' 4""",181.250,4,-1
48,Tyler Duncan,"46' 11""",187.500,4,-1
49,Sam Stevens,"47' 0""",141.083,3,+1
49,Erik van Rooyen,"47' 0""",282.000,6,+3
51,Patrick Rodgers,"47' 1""",376.500,8,+1
52,Cam Davis,"48' 4""",193.417,4,+1
53,Michael Kim,"49' 10""",199.417,4,+2
54,Nick Hardy,"49' 11""",249.667,5,E
55,Robby Shelton,"50' 1""",150.167,3,+2
56,Akshay Bhatia,"50' 6""",201.917,4,+1
57,Ben Griffin,"50' 8""",101.250,2,E
58,Nico Echavarria,"51' 0""",357.250,7,+3
58,Charley Hoffman,"51' 0""",254.833,5,+1
60,Taiga Semikawa,"51' 1""",51.083,1,E
61,Justin Lower,"51' 2""",358.417,7,+1
62,Billy Horschel,"54' 2""",162.500,3,E
63,Webb Simpson,"54' 3""",217.000,4,+3
64,Lanto Griffin,"54' 4""",325.917,6,+1
65,Yuto Katsuragawa,"55' 8""",501.333,9,+1
66,Davis Thompson,"55' 9""",446.000,8,+3
67,Ben Kohles,"57' 1""",456.833,8,+1
68,Emiliano Grillo,"57' 2""",228.667,4,+3
69,Russell Henley,"57' 7""",345.583,6,+1
70,Matt Wallace,"57' 8""",115.333,2,E
71,Keith Mitchell,"60' 0""",540.167,9,+3
71,Chandler Phillips,"60' 0""",300.000,5,-1
73,Denny McCarthy,"62' 9""",502.083,8,+1
74,K.H. Lee,"62' 11""",314.500,5,+1
75,Alejandro Tosti,"64' 5""",128.833,2,+2
76,Corey Conners,"66' 1""",330.500,5,+2
77,Parker Coody,"73' 6""",588.000,8,+3
78,Aaron Rai,"77' 9""",155.417,2,+2
79,Si Woo Kim,"79' 4""",79.333,1,E
80,Luke List,"82' 6""",164.917,2,E
81,Patton Kizzire,"119' 9""",239.500,2,E
