rank,player,Avg,Total Distance (feet),# of Attempts,Relative to par
1,Joel Dahmen,"4' 11""",4.917,1,E
2,Brian Harman,"5' 2""",5.167,1,E
3,Matt NeSmith,"6' 0""",6.000,1,E
4,Ben Silverman,"8' 0""",8.000,1,E
5,Justin Lower,"11' 8""",11.667,1,+1
6,Si Woo Kim,"14' 7""",14.583,1,E
7,Taiga Semikawa,"15' 5""",15.417,1,E
8,S.H. Kim,"16' 0""",16.000,1,E
9,Charley Hoffman,"16' 6""",16.500,1,+1
10,K.H. Lee,"17' 2""",17.167,1,E
11,Kurt Kitayama,"19' 2""",19.167,1,E
12,Ben Griffin,"21' 4""",21.333,1,+1
13,Martin Trainer,"22' 10""",22.833,1,-1
14,Eric Cole,"23' 9""",23.750,1,E
15,Robert MacIntyre,"24' 0""",24.000,1,E
16,Davis Thompson,"26' 2""",26.167,1,+1
17,Andrew Putnam,"34' 9""",34.750,1,+1
18,Akshay Bhatia,"35' 2""",35.167,1,E
19,Sam Stevens,"36' 10""",73.583,2,+1
20,Alejandro Tosti,"37' 0""",37.000,1,+1
21,Aaron Rai,"37' 11""",37.917,1,E
22,Cam Davis,"39' 10""",79.583,2,+1
23,Tyler Duncan,"40' 4""",80.583,2,E
24,J.T. Poston,"42' 2""",126.583,3,+1
25,Nick Hardy,"42' 4""",84.667,2,+1
26,Tyrrell Hatton,"42' 5""",84.750,2,E
27,Chandler Phillips,"42' 10""",42.833,1,+2
28,Austin Eckroat,"48' 11""",48.917,1,E
29,Michael Kim,"50' 2""",50.167,1,E
30,Matt Wallace,"57' 3""",57.250,1,E
31,Norman Xiong,"74' 0""",74.000,1,E
