rank,player,Avg,Total Distance (feet),# of Attempts,Relative to par
1,Michael Kim,"23' 6""",23.500,1,E
2,Corey Conners,"25' 3""",50.417,2,-2
3,Hideki Matsuyama,"31' 10""",31.833,1,E
4,Yuto Katsuragawa,"34' 11""",69.833,2,+1
5,Will Gordon,"35' 1""",70.167,2,E
6,Ludvig Åberg,"38' 4""",114.917,3,-2
7,Lanto Griffin,"45' 11""",91.750,2,E
8,Patton Kizzire,"47' 9""",47.750,1,-1
9,Andrew Putnam,"48' 4""",48.333,1,E
10,Nick Hardy,"48' 5""",96.750,2,-1
11,Keegan Bradley,"48' 7""",145.750,3,-1
12,Ben Silverman,"49' 11""",199.750,4,-3
13,Luke List,"52' 3""",313.250,6,-1
14,Zac Blair,"52' 5""",104.750,2,-2
15,Robert MacIntyre,"54' 4""",271.500,5,E
16,Alex Noren,"54' 5""",54.417,1,E
16,Taiga Semikawa,"54' 5""",163.167,3,-2
18,Webb Simpson,"54' 6""",217.917,4,-3
19,Cam Davis,"54' 9""",164.250,3,+2
20,Si Woo Kim,"56' 6""",112.917,2,-1
21,Eric Cole,"56' 7""",56.583,1,-1
22,Joel Dahmen,"56' 9""",113.500,2,-1
23,Tyrrell Hatton,"57' 10""",231.250,4,-2
24,Troy Merritt,"57' 11""",115.833,2,E
25,Brandon Wu,"58' 1""",232.167,4,-1
26,Harry Hall,"58' 5""",175.250,3,+2
27,Greyson Sigg,"58' 6""",175.500,3,+1
28,Emiliano Grillo,"58' 7""",292.917,5,-3
29,Grayson Murray,"58' 8""",117.333,2,-2
30,Byeong Hun An,"58' 10""",58.833,1,+1
31,Patrick Rodgers,"59' 4""",59.333,1,-1
32,Justin Lower,"60' 1""",120.083,2,+1
33,Adam Svensson,"60' 6""",120.917,2,+1
34,Chris Kirk,"61' 4""",122.667,2,E
35,Taylor Pendrith,"61' 9""",247.000,4,E
36,Akshay Bhatia,"62' 2""",186.417,3,-3
37,Taylor Montgomery,"62' 6""",187.417,3,E
38,Stewart Cink,"63' 10""",191.417,3,-1
39,Joseph Bramlett,"64' 4""",257.417,4,E
40,Charley Hoffman,"65' 5""",261.750,4,+2
41,Matt NeSmith,"65' 9""",262.833,4,E
42,Kurt Kitayama,"66' 1""",198.250,3,-1
43,Robby Shelton,"66' 2""",330.917,5,+3
44,Russell Henley,"66' 6""",266.000,4,+3
45,Keith Mitchell,"66' 7""",266.333,4,-3
46,Ryo Hisatsune,"68' 7""",274.167,4,E
47,Chandler Phillips,"69' 9""",348.750,5,+1
48,Brendon Todd,"71' 7""",214.833,3,-1
49,Denny McCarthy,"73' 0""",145.917,2,-1
50,Ben Kohles,"73' 8""",221.000,3,+2
51,S.H. Kim,"74' 1""",370.417,5,E
52,Norman Xiong,"75' 0""",224.917,3,-1
53,Stephan Jaeger,"76' 2""",76.167,1,E
54,Nico Echavarria,"76' 4""",229.083,3,-1
55,Matthieu Pavon,"76' 9""",153.417,2,+1
56,Tyler Duncan,"77' 3""",463.417,6,-1
57,Mark Hubbard,"78' 11""",157.833,2,-1
58,Parker Coody,"79' 2""",237.500,3,-2
59,Justin Rose,"79' 7""",238.667,3,-2
60,Billy Horschel,"82' 1""",246.250,3,+1
61,Alejandro Tosti,"82' 3""",164.500,2,E
62,Martin Trainer,"83' 0""",83.000,1,E
63,Nick Taylor,"84' 1""",588.833,7,+1
64,Brian Harman,"86' 4""",431.833,5,-2
65,J.T. Poston,"86' 10""",86.833,1,E
66,Matt Wallace,"90' 0""",359.833,4,E
67,Erik van Rooyen,"90' 8""",272.000,3,-2
68,Harris English,"92' 3""",276.750,3,+1
69,Davis Thompson,"95' 10""",287.583,3,+1
70,Maverick McNealy,"95' 11""",191.750,2,E
71,Seamus Power,"98' 2""",294.500,3,-1
72,K.H. Lee,"99' 9""",299.250,3,-1
73,Scott Stallings,"102' 5""",307.167,3,+1
74,Jake Knapp,"102' 8""",410.750,4,-2
75,Dylan Wu,"103' 11""",207.750,2,-1
76,Aaron Rai,"106' 7""",319.667,3,+2
77,Ben Griffin,"112' 0""",112.000,1,E
78,Sam Stevens,"137' 8""",275.250,2,-1
