rank,player,Avg,Total Distance (feet),# of Attempts,Relative to par
1,Seamus Power,"9' 6""",9.500,1,-1
2,Nick Taylor,"10' 10""",10.833,1,-1
3,Denny McCarthy,"11' 1""",11.083,1,-1
4,Si Woo Kim,"12' 11""",12.917,1,E
5,K.H. Lee,"13' 7""",13.583,1,E
6,Cam Davis,"17' 0""",17.000,1,E
7,Justin Rose,"17' 11""",17.917,1,E
8,Patton Kizzire,"18' 6""",36.917,2,E
9,Eric Cole,"18' 7""",18.583,1,E
10,Troy Merritt,"20' 6""",20.500,1,E
11,Patrick Rodgers,"21' 11""",109.417,5,-2
12,Lanto Griffin,"22' 5""",22.417,1,E
13,Keith Mitchell,"23' 1""",46.167,2,-1
14,Carl Yuan,"24' 2""",96.583,4,E
15,Parker Coody,"24' 11""",124.500,5,E
16,Taiga Semikawa,"25' 4""",25.333,1,E
17,Brian Harman,"28' 4""",28.333,1,E
18,Erik van Rooyen,"28' 5""",85.333,3,-1
19,Sam Stevens,"29' 4""",175.750,6,E
20,Tyrrell Hatton,"31' 5""",31.417,1,E
21,Matt NeSmith,"31' 6""",31.500,1,+1
22,Grayson Murray,"32' 8""",98.083,3,E
23,Kurt Kitayama,"34' 8""",34.667,1,E
24,Ludvig Åberg,"34' 9""",34.750,1,+1
25,Keegan Bradley,"35' 4""",70.583,2,E
25,Chandler Phillips,"35' 4""",70.667,2,E
27,S.H. Kim,"35' 5""",35.417,1,E
28,Ben Kohles,"35' 8""",35.667,1,E
29,Aaron Rai,"35' 11""",35.917,1,E
30,Taylor Pendrith,"36' 6""",109.500,3,+1
31,Zac Blair,"37' 0""",37.000,1,E
32,Alejandro Tosti,"37' 2""",74.250,2,E
33,Stephan Jaeger,"37' 6""",150.000,4,+1
34,Justin Lower,"39' 0""",39.000,1,E
35,Garrick Higgo,"40' 5""",80.750,2,+1
36,Taylor Montgomery,"41' 2""",41.167,1,+1
37,Matt Wallace,"41' 3""",206.333,5,+1
38,Andrew Putnam,"41' 6""",41.500,1,E
39,Robert MacIntyre,"42' 11""",42.917,1,+1
40,Tyler Duncan,"43' 11""",43.917,1,E
40,Ben Griffin,"43' 11""",87.750,2,+1
42,Greyson Sigg,"48' 7""",48.583,1,+1
43,Yuto Katsuragawa,"49' 5""",98.750,2,E
44,Jake Knapp,"51' 6""",206.000,4,+1
45,Byeong Hun An,"56' 6""",226.000,4,+1
46,Ryo Hisatsune,"59' 4""",59.333,1,+2
47,Adam Svensson,"66' 1""",66.083,1,E
48,Luke List,"67' 3""",134.500,2,+1
49,Nico Echavarria,"67' 6""",67.500,1,E
50,Webb Simpson,"70' 3""",70.250,1,+1
51,Davis Thompson,"86' 1""",86.083,1,E
52,Martin Trainer,"90' 8""",90.667,1,-1
53,Stewart Cink,"106' 7""",106.583,1,+1
