rank,player,Avg,Total Distance (feet),# of Attempts,Relative to par
1,Matthieu Pavon,"4' 5""",4.417,1,-2
2,Chandler Phillips,"24' 0""",72.083,3,+1
3,Taylor Montgomery,"24' 2""",96.583,4,-1
4,Yuto Katsuragawa,"29' 5""",29.417,1,E
5,Ben Griffin,"35' 3""",105.750,3,+1
6,Harris English,"35' 5""",70.833,2,+1
7,Brandon Wu,"36' 8""",36.667,1,E
8,Brendon Todd,"37' 7""",75.167,2,+1
9,S.H. Kim,"38' 5""",192.250,5,-1
10,Tyler Duncan,"38' 7""",38.583,1,E
11,Ben Silverman,"39' 1""",39.083,1,E
12,Will Gordon,"39' 5""",118.333,3,+1
12,Robby Shelton,"39' 5""",118.250,3,+1
14,Alejandro Tosti,"39' 6""",118.583,3,E
15,Adam Svensson,"40' 8""",203.250,5,E
16,Zac Blair,"41' 7""",124.833,3,E
17,Joseph Bramlett,"41' 10""",250.750,6,+2
18,Si Woo Kim,"43' 10""",87.583,2,E
19,Grayson Murray,"44' 4""",44.333,1,-1
20,Hideki Matsuyama,"44' 6""",222.333,5,-1
21,Byeong Hun An,"45' 2""",135.500,3,-3
22,Robert MacIntyre,"45' 8""",91.333,2,-1
23,Nick Taylor,"46' 0""",276.000,6,E
24,Billy Horschel,"47' 2""",282.750,6,+1
25,Chris Kirk,"48' 8""",97.250,2,E
25,Ben Kohles,"48' 8""",97.333,2,E
27,Akshay Bhatia,"48' 9""",194.833,4,E
27,Stewart Cink,"48' 9""",194.917,4,+1
29,Erik van Rooyen,"49' 2""",245.917,5,+2
30,Stephan Jaeger,"49' 3""",98.417,2,-1
31,Troy Merritt,"49' 9""",248.583,5,E
32,Seamus Power,"50' 1""",250.333,5,+1
33,Webb Simpson,"51' 6""",412.250,8,+2
34,Lanto Griffin,"52' 11""",158.667,3,E
35,Matt NeSmith,"53' 9""",268.667,5,E
36,Harry Hall,"53' 11""",107.833,2,E
37,Taiga Semikawa,"54' 4""",163.083,3,E
38,Cam Davis,"54' 9""",109.417,2,E
39,Carl Yuan,"55' 6""",166.417,3,E
40,Patton Kizzire,"55' 8""",167.000,3,-2
41,Denny McCarthy,"57' 2""",400.250,7,+2
42,Taylor Pendrith,"57' 5""",573.750,10,-1
43,Nick Hardy,"58' 2""",174.500,3,+1
44,Justin Rose,"58' 3""",116.500,2,+1
45,Sam Stevens,"58' 9""",176.250,3,-1
46,Greyson Sigg,"58' 11""",294.417,5,E
47,Matt Wallace,"59' 2""",236.750,4,E
48,Michael Kim,"59' 3""",355.583,6,+1
49,Maverick McNealy,"59' 5""",237.500,4,-1
49,Dylan Wu,"59' 5""",297.250,5,-2
51,Keegan Bradley,"59' 10""",119.583,2,-2
52,Davis Thompson,"61' 1""",305.417,5,-2
53,Parker Coody,"61' 9""",185.250,3,+2
54,Patrick Rodgers,"63' 0""",251.833,4,+3
55,Ryo Hisatsune,"63' 2""",189.583,3,+2
56,Russell Henley,"65' 9""",262.917,4,E
57,Eric Cole,"66' 5""",132.833,2,E
58,Kurt Kitayama,"66' 6""",132.917,2,E
59,Corey Conners,"67' 3""",336.167,5,+1
60,Mark Hubbard,"69' 3""",276.833,4,+1
60,Scott Stallings,"69' 3""",415.667,6,E
62,Ludvig Åberg,"69' 7""",208.833,3,+2
63,K.H. Lee,"70' 7""",70.583,1,E
64,Keith Mitchell,"72' 1""",72.083,1,E
65,Tyrrell Hatton,"73' 0""",146.000,2,E
66,Brian Harman,"74' 8""",373.167,5,+1
67,Luke List,"78' 2""",156.250,2,+1
68,Norman Xiong,"79' 9""",79.750,1,E
69,Martin Trainer,"79' 11""",239.750,3,E
70,Joel Dahmen,"81' 3""",81.250,1,+1
71,Charley Hoffman,"87' 1""",261.250,3,+1
72,J.T. Poston,"90' 7""",452.833,5,+1
73,Nico Echavarria,"91' 1""",91.083,1,+1
74,Jake Knapp,"98' 2""",196.250,2,E
75,Garrick Higgo,"115' 1""",230.167,2,+3
76,Andrew Putnam,"119' 1""",238.083,2,E
