rank,player,Avg,Total Distance (feet),# of Attempts,Relative to par
1,Hideki Matsuyama,"31' 10""",31.833,1,E
2,Harry Hall,"38' 1""",38.083,1,+1
3,Luke List,"41' 7""",41.583,1,-1
4,Patton Kizzire,"47' 9""",47.750,1,-1
5,Nick Hardy,"48' 5""",96.750,2,-1
6,Keith Mitchell,"49' 8""",49.667,1,-1
7,Brendon Todd,"50' 0""",100.000,2,-1
8,Taylor Pendrith,"52' 0""",104.000,2,E
9,Lanto Griffin,"53' 9""",53.750,1,E
10,Keegan Bradley,"55' 0""",55.000,1,E
11,Chandler Phillips,"55' 3""",110.417,2,E
12,Eric Cole,"56' 7""",56.583,1,-1
13,Robert MacIntyre,"57' 9""",57.750,1,E
14,Troy Merritt,"57' 11""",115.833,2,E
15,Ben Silverman,"58' 6""",117.000,2,-1
16,Stewart Cink,"60' 0""",119.917,2,-1
17,Akshay Bhatia,"61' 10""",123.583,2,-2
18,Tyrrell Hatton,"63' 0""",126.000,2,E
19,Greyson Sigg,"66' 1""",132.083,2,E
20,Emiliano Grillo,"68' 6""",68.500,1,E
21,Matt NeSmith,"70' 0""",140.000,2,-2
22,Nico Echavarria,"84' 2""",84.167,1,E
23,Taiga Semikawa,"84' 3""",84.250,1,E
24,Taylor Montgomery,"85' 2""",85.167,1,+1
25,Mark Hubbard,"85' 10""",85.833,1,-1
26,Jake Knapp,"90' 3""",180.500,2,-2
27,S.H. Kim,"90' 9""",181.500,2,+1
28,Harris English,"96' 7""",96.583,1,+1
29,Parker Coody,"97' 5""",97.417,1,-1
30,Cam Davis,"104' 9""",104.750,1,+1
31,Scott Stallings,"107' 2""",107.167,1,+1
32,Norman Xiong,"109' 1""",218.167,2,E
33,Ben Griffin,"112' 0""",112.000,1,E
34,Seamus Power,"113' 3""",226.417,2,-1
35,Tyler Duncan,"114' 8""",229.250,2,E
36,Robby Shelton,"118' 6""",118.500,1,E
37,Erik van Rooyen,"122' 5""",122.417,1,-1
38,Brian Harman,"123' 9""",247.500,2,+1
39,Nick Taylor,"128' 11""",128.917,1,E
