rank,player,Avg,Total Distance (feet),# of Attempts,Relative to par
1,Norman Xiong,"6' 9""",6.750,1,-1
2,Michael Kim,"23' 6""",23.500,1,E
3,Corey Conners,"25' 3""",50.417,2,-2
4,Si Woo Kim,"25' 5""",25.417,1,-1
5,Brian Harman,"26' 3""",52.417,2,-3
6,Cam Davis,"29' 9""",59.500,2,+1
7,Yuto Katsuragawa,"34' 11""",69.833,2,+1
8,Will Gordon,"35' 1""",70.167,2,E
9,Lanto Griffin,"38' 0""",38.000,1,E
10,Ludvig Åberg,"38' 4""",114.917,3,-2
11,Taiga Semikawa,"39' 6""",78.917,2,-2
12,Emiliano Grillo,"40' 4""",121.083,3,-2
13,Ben Silverman,"41' 5""",82.750,2,-2
14,Greyson Sigg,"43' 5""",43.417,1,+1
15,Keegan Bradley,"45' 5""",90.750,2,-1
16,Andrew Putnam,"48' 4""",48.333,1,E
17,Tyler Duncan,"49' 9""",149.167,3,+1
18,Taylor Montgomery,"51' 2""",102.250,2,-1
19,K.H. Lee,"52' 2""",52.167,1,E
20,Zac Blair,"52' 5""",104.750,2,-2
21,Robby Shelton,"53' 1""",212.417,4,+3
22,S.H. Kim,"53' 3""",106.417,2,E
23,Robert MacIntyre,"53' 5""",213.750,4,E
24,Brandon Wu,"54' 2""",162.417,3,E
25,Luke List,"54' 4""",271.667,5,E
26,Webb Simpson,"54' 6""",217.917,4,-3
27,Joel Dahmen,"56' 9""",113.500,2,-1
28,Matt NeSmith,"57' 1""",57.083,1,+2
29,Grayson Murray,"58' 8""",117.333,2,-2
30,Byeong Hun An,"58' 10""",58.833,1,+1
31,Patrick Rodgers,"59' 4""",59.333,1,-1
32,Justin Lower,"60' 1""",120.083,2,+1
33,Adam Svensson,"60' 6""",120.917,2,+1
34,Chris Kirk,"61' 4""",122.667,2,E
35,Akshay Bhatia,"62' 10""",62.833,1,-1
36,Charley Hoffman,"65' 5""",261.750,4,+2
37,Scott Stallings,"65' 11""",65.917,1,E
38,Kurt Kitayama,"66' 1""",198.250,3,-1
39,Russell Henley,"66' 6""",266.000,4,+3
40,Alejandro Tosti,"68' 0""",68.000,1,E
41,Seamus Power,"68' 1""",68.083,1,E
42,Harry Hall,"68' 7""",137.167,2,+1
42,Ryo Hisatsune,"68' 7""",274.167,4,E
44,Parker Coody,"70' 1""",140.083,2,-1
45,Stewart Cink,"71' 6""",71.500,1,E
45,Taylor Pendrith,"71' 6""",143.000,2,E
47,Mark Hubbard,"72' 0""",72.000,1,E
48,Denny McCarthy,"73' 0""",145.917,2,-1
49,Matt Wallace,"73' 7""",220.667,3,+1
50,Ben Kohles,"73' 8""",221.000,3,+2
51,Justin Rose,"74' 11""",149.750,2,-1
52,Stephan Jaeger,"76' 2""",76.167,1,E
53,Matthieu Pavon,"76' 9""",153.417,2,+1
54,Harris English,"78' 8""",78.667,1,E
55,Joseph Bramlett,"79' 3""",158.417,2,E
56,Billy Horschel,"82' 1""",246.250,3,+1
57,Nick Taylor,"86' 0""",429.917,5,+2
58,Nico Echavarria,"86' 2""",86.167,1,E
59,J.T. Poston,"86' 10""",86.833,1,E
60,Keith Mitchell,"95' 9""",95.750,1,E
61,Davis Thompson,"95' 10""",287.583,3,+1
62,Maverick McNealy,"95' 11""",191.750,2,E
63,Aaron Rai,"96' 5""",192.750,2,+2
64,Chandler Phillips,"100' 11""",201.833,2,+2
65,Dylan Wu,"103' 11""",207.750,2,-1
66,Brendon Todd,"114' 10""",114.833,1,E
67,Jake Knapp,"115' 2""",230.250,2,E
68,Sam Stevens,"137' 8""",275.250,2,-1
