rank,player,Avg,Total Distance (feet),# of Attempts,Relative to par
1,Joel Dahmen,"4' 11""",4.917,1,E
2,Chris Kirk,"7' 6""",15.000,2,-1
3,Ben Silverman,"8' 0""",8.000,1,E
4,Seamus Power,"9' 6""",9.500,1,-1
5,Nick Taylor,"10' 10""",10.833,1,-1
6,Maverick McNealy,"10' 11""",10.917,1,E
7,Denny McCarthy,"11' 1""",11.083,1,-1
8,Si Woo Kim,"13' 9""",27.500,2,E
9,Corey Conners,"15' 4""",15.333,1,-1
10,K.H. Lee,"15' 5""",30.750,2,E
11,Brian Harman,"16' 9""",33.500,2,E
12,Will Gordon,"16' 10""",16.833,1,E
13,Patton Kizzire,"17' 2""",51.417,3,E
14,Justin Rose,"17' 11""",17.917,1,E
15,Taiga Semikawa,"20' 5""",40.750,2,E
16,Troy Merritt,"20' 6""",20.500,1,E
17,Ludvig Åberg,"20' 7""",41.083,2,E
18,Eric Cole,"21' 2""",42.333,2,E
19,Lanto Griffin,"22' 5""",22.417,1,E
19,Robby Shelton,"22' 5""",22.417,1,E
21,Charley Hoffman,"24' 1""",48.083,2,+1
21,Taylor Pendrith,"24' 1""",168.333,7,E
23,Parker Coody,"24' 7""",172.250,7,-1
24,Justin Lower,"25' 4""",50.667,2,+1
25,S.H. Kim,"25' 9""",51.417,2,E
25,Carl Yuan,"25' 9""",128.917,5,-1
27,Kurt Kitayama,"26' 11""",53.833,2,E
28,Ben Kohles,"27' 6""",55.000,2,-1
29,Robert MacIntyre,"28' 0""",84.083,3,E
29,Matt NeSmith,"28' 0""",139.917,5,+4
31,Brandon Wu,"28' 1""",28.083,1,E
32,Erik van Rooyen,"28' 5""",85.333,3,-1
33,Keith Mitchell,"28' 10""",86.500,3,E
34,Alejandro Tosti,"29' 1""",116.250,4,E
35,Brendon Todd,"30' 4""",30.333,1,E
36,Chandler Phillips,"31' 0""",154.917,5,+4
37,Tyrrell Hatton,"31' 1""",124.333,4,E
38,Cam Davis,"32' 2""",96.583,3,+1
39,Grayson Murray,"32' 8""",98.083,3,E
40,Sam Stevens,"32' 9""",295.000,9,+1
41,Taylor Montgomery,"33' 7""",67.167,2,+1
42,Akshay Bhatia,"35' 2""",35.167,1,E
43,Keegan Bradley,"35' 4""",70.583,2,E
44,Stephan Jaeger,"35' 9""",285.833,8,+2
45,Patrick Rodgers,"36' 6""",218.917,6,-1
46,Aaron Rai,"36' 11""",73.833,2,E
47,Zac Blair,"37' 0""",37.000,1,E
48,Ben Griffin,"38' 3""",152.917,4,+2
49,Tyler Duncan,"41' 6""",124.500,3,E
50,J.T. Poston,"42' 2""",126.583,3,+1
51,Nick Hardy,"42' 4""",84.667,2,+1
52,Andrew Putnam,"42' 11""",128.833,3,+1
53,Garrick Higgo,"43' 0""",129.083,3,+2
54,Matt Wallace,"43' 10""",306.917,7,+1
55,Yuto Katsuragawa,"44' 1""",132.167,3,E
56,Luke List,"44' 11""",134.667,3,+1
57,Davis Thompson,"46' 5""",139.250,3,+1
58,Greyson Sigg,"48' 7""",48.583,1,+1
59,Michael Kim,"50' 2""",50.167,1,E
60,Harris English,"50' 10""",50.833,1,+1
61,Nico Echavarria,"51' 3""",102.417,2,+1
62,Jake Knapp,"52' 10""",369.667,7,+2
63,Byeong Hun An,"56' 6""",226.000,4,+1
64,Hideki Matsuyama,"56' 11""",113.833,2,+2
65,Martin Trainer,"57' 1""",171.167,3,-2
66,Joseph Bramlett,"57' 9""",57.750,1,+1
67,Ryo Hisatsune,"59' 4""",59.333,1,+2
68,Austin Eckroat,"61' 9""",123.500,2,+1
69,Adam Svensson,"66' 1""",66.083,1,E
70,Webb Simpson,"70' 3""",70.250,1,+1
71,Norman Xiong,"79' 1""",158.083,2,+2
72,Stewart Cink,"106' 7""",106.583,1,+1
