rank,player,Avg,Total Distance (feet),# of Attempts,Relative to par
1,Akshay Bhatia,"10' 8""",10.667,1,-1
2,Davis Thompson,"13' 8""",41.000,3,-2
3,Robby Shelton,"14' 4""",14.333,1,E
4,Russell Henley,"15' 8""",78.500,5,-1
5,Chris Kirk,"20' 6""",122.917,6,-2
6,Patton Kizzire,"22' 7""",22.583,1,E
7,Carl Yuan,"22' 9""",113.750,5,-2
8,Brandon Wu,"25' 3""",25.250,1,E
9,Byeong Hun An,"25' 8""",102.667,4,-1
10,Troy Merritt,"26' 2""",26.167,1,E
11,Emiliano Grillo,"26' 9""",80.250,3,-1
12,Joseph Bramlett,"26' 10""",26.833,1,+1
13,Parker Coody,"27' 1""",81.250,3,E
14,Justin Lower,"27' 5""",54.833,2,-1
15,Nick Taylor,"27' 6""",165.083,6,-1
16,Nico Echavarria,"28' 4""",56.667,2,E
17,J.T. Poston,"29' 8""",148.250,5,-1
18,Justin Rose,"29' 11""",149.667,5,-1
19,K.H. Lee,"30' 8""",122.583,4,E
20,Maverick McNealy,"30' 11""",247.333,8,-2
21,Brian Harman,"31' 8""",221.417,7,E
22,Nick Hardy,"32' 9""",261.750,8,-2
23,Norman Xiong,"33' 4""",99.917,3,+1
24,Alex Noren,"33' 6""",66.917,2,-1
25,Webb Simpson,"33' 8""",302.667,9,+1
26,Sam Stevens,"34' 7""",173.000,5,+1
27,Kurt Kitayama,"35' 2""",246.083,7,+3
27,Greyson Sigg,"35' 2""",70.250,2,E
29,Harry Hall,"35' 3""",281.833,8,-2
30,Matt NeSmith,"35' 11""",107.667,3,+2
31,Ryo Hisatsune,"36' 2""",144.750,4,-1
32,Keith Mitchell,"36' 8""",256.833,7,-1
33,Matt Wallace,"36' 9""",220.333,6,-1
34,Charley Hoffman,"37' 6""",262.500,7,E
34,Patrick Rodgers,"37' 6""",112.583,3,E
36,Grayson Murray,"37' 10""",113.500,3,+1
37,Billy Horschel,"38' 4""",114.917,3,E
38,Joel Dahmen,"38' 7""",115.750,3,E
39,Alejandro Tosti,"39' 3""",314.167,8,+2
40,Si Woo Kim,"39' 9""",158.917,4,-1
40,Martin Trainer,"39' 9""",238.417,6,-1
42,Stewart Cink,"39' 11""",199.417,5,-2
43,Cam Davis,"40' 0""",200.000,5,E
43,Yuto Katsuragawa,"40' 0""",120.083,3,+2
45,Matthieu Pavon,"40' 7""",486.833,12,E
46,Ben Silverman,"41' 3""",164.917,4,E
47,Dylan Wu,"41' 4""",82.667,2,+1
48,Robert MacIntyre,"41' 7""",208.083,5,-1
49,Mark Hubbard,"41' 8""",166.750,4,E
50,Taiga Semikawa,"41' 10""",334.583,8,E
51,Luke List,"42' 4""",211.583,5,+1
52,Chandler Phillips,"43' 7""",87.083,2,+1
53,Taylor Pendrith,"44' 5""",221.917,5,E
54,Michael Kim,"44' 8""",491.167,11,+4
55,Jake Knapp,"45' 6""",318.417,7,+1
56,Denny McCarthy,"46' 2""",138.500,3,+1
57,Taylor Montgomery,"46' 9""",186.917,4,-1
58,Ben Kohles,"47' 4""",94.667,2,E
59,Keegan Bradley,"47' 7""",95.083,2,E
60,Ludvig Åberg,"48' 6""",290.833,6,+1
61,Corey Conners,"48' 8""",194.750,4,+2
62,Austin Eckroat,"48' 11""",195.500,4,E
63,Garrick Higgo,"49' 0""",244.917,5,+1
64,Erik van Rooyen,"49' 8""",297.917,6,+1
65,Will Gordon,"49' 11""",199.667,4,E
66,S.H. Kim,"50' 1""",150.250,3,E
67,Ben Griffin,"52' 9""",369.417,7,+1
68,Seamus Power,"53' 0""",211.917,4,+1
69,Lanto Griffin,"54' 6""",54.500,1,E
70,Tyrrell Hatton,"54' 10""",274.083,5,E
71,Hideki Matsuyama,"55' 1""",385.667,7,+4
72,Brendon Todd,"57' 4""",114.667,2,E
73,Adam Svensson,"58' 3""",116.500,2,+1
74,Eric Cole,"58' 7""",117.083,2,E
75,Tyler Duncan,"60' 5""",120.750,2,+2
76,Stephan Jaeger,"61' 11""",123.833,2,E
77,Scott Stallings,"75' 0""",225.083,3,+1
78,Harris English,"87' 8""",263.083,3,E
