rank,player,Avg,Total Distance (feet),# of Attempts,Relative to par
1,Joseph Bramlett,"14' 11""",14.917,1,-1
2,Tyrrell Hatton,"15' 6""",15.500,1,-2
3,Nick Taylor,"30' 0""",30.000,1,-1
4,Chandler Phillips,"36' 6""",36.500,1,-1
5,Erik van Rooyen,"47' 1""",47.083,1,E
6,Alex Noren,"54' 5""",54.417,1,E
7,Keith Mitchell,"58' 4""",58.333,1,-1
8,Nico Echavarria,"58' 9""",58.750,1,-1
9,Matt NeSmith,"65' 9""",65.750,1,E
10,Brandon Wu,"69' 9""",69.750,1,-1
11,Martin Trainer,"83' 0""",83.000,1,E
12,Tyler Duncan,"85' 0""",85.000,1,-2
13,Si Woo Kim,"87' 6""",87.500,1,E
14,Justin Rose,"88' 11""",88.917,1,-1
15,Alejandro Tosti,"96' 6""",96.500,1,E
16,Harris English,"101' 6""",101.500,1,E
17,Emiliano Grillo,"103' 4""",103.333,1,-1
18,K.H. Lee,"109' 9""",109.750,1,-1
19,Aaron Rai,"126' 11""",126.917,1,E
20,Brian Harman,"131' 11""",131.917,1,E
21,Scott Stallings,"134' 1""",134.083,1,E
22,Matt Wallace,"139' 2""",139.167,1,-1
