rank,player,Avg,Total Distance (feet),# of Attempts,Relative to par
1,Luke List,"2""",.167,1,E
2,Alejandro Tosti,"5' 0""",5.000,1,-1
3,Ludvig Åberg,"6' 4""",6.333,1,-1
4,Chris Kirk,"7' 6""",15.000,2,-1
5,Tyrrell Hatton,"8' 2""",8.167,1,E
6,Maverick McNealy,"10' 11""",10.917,1,E
7,Patton Kizzire,"14' 6""",14.500,1,E
8,Taylor Pendrith,"14' 9""",58.833,4,-1
9,Corey Conners,"15' 4""",15.333,1,-1
10,Will Gordon,"16' 10""",16.833,1,E
11,Robert MacIntyre,"17' 2""",17.167,1,-1
12,Ben Kohles,"19' 4""",19.333,1,-1
13,Chandler Phillips,"20' 9""",41.417,2,+2
14,Robby Shelton,"22' 5""",22.417,1,E
15,Parker Coody,"23' 11""",47.750,2,-1
16,Taylor Montgomery,"26' 0""",26.000,1,E
17,Davis Thompson,"27' 0""",27.000,1,E
18,Brandon Wu,"28' 1""",28.083,1,E
19,Brendon Todd,"30' 4""",30.333,1,E
20,Charley Hoffman,"31' 7""",31.583,1,E
21,Carl Yuan,"32' 4""",32.333,1,-1
22,Yuto Katsuragawa,"33' 5""",33.417,1,E
23,Stephan Jaeger,"34' 0""",135.833,4,+1
24,Matt NeSmith,"34' 2""",102.417,3,+3
25,Nico Echavarria,"34' 11""",34.917,1,+1
26,Keith Mitchell,"40' 4""",40.333,1,+1
27,Matt Wallace,"43' 4""",43.333,1,E
28,Ben Griffin,"43' 10""",43.833,1,E
29,Sam Stevens,"45' 8""",45.667,1,E
30,Garrick Higgo,"48' 4""",48.333,1,+1
31,Harris English,"50' 10""",50.833,1,+1
32,Andrew Putnam,"52' 7""",52.583,1,E
33,Jake Knapp,"54' 7""",163.667,3,+1
34,Hideki Matsuyama,"56' 11""",113.833,2,+2
35,Martin Trainer,"57' 8""",57.667,1,E
36,Joseph Bramlett,"57' 9""",57.750,1,+1
37,Austin Eckroat,"74' 7""",74.583,1,+1
38,Norman Xiong,"84' 1""",84.083,1,+2
39,Patrick Rodgers,"109' 6""",109.500,1,+1
