rank,player,%,Par 4 Birdies or Better,Par 4 Holes
1,Patrick Cantlay,27.27,12,44
1,Patrick Reed,27.27,12,44
3,Dustin Johnson,22.73,10,44
3,Justin Thomas,22.73,10,44
5,Collin Morikawa,20.45,9,44
5,Xander Schauffele,20.45,9,44
5,Matthew Wolff,20.45,9,44
8,Rickie Fowler,18.18,8,44
8,Jim Herman,18.18,8,44
8,Nate Lashley,18.18,8,44
8,Sebastián Muñoz,18.18,8,44
8,Ryan Palmer,18.18,8,44
13,Sung Kang,15.91,7,44
13,J.T. Poston,15.91,7,44
15,Paul Casey,13.64,6,44
15,Cameron Champ,13.64,6,44
15,Kevin Kisner,13.64,6,44
15,Adam Long,13.64,6,44
15,Graeme McDowell,13.64,6,44
15,Joaquin Niemann,13.64,6,44
15,Jon Rahm,13.64,6,44
22,Dylan Frittelli,11.36,5,44
22,J.B. Holmes,11.36,5,44
22,Matt Kuchar,11.36,5,44
22,Keith Mitchell,11.36,5,44
22,Kevin Na,11.36,5,44
22,Chez Reavie,11.36,5,44
22,Gary Woodland,11.36,5,44
29,Corey Conners,9.09,4,44
29,Tyler Duncan,9.09,4,44
29,Lanto Griffin,9.09,4,44
29,Max Homa,9.09,4,44
33,Brendon Todd,6.82,3,44
34,Martin Trainer,4.55,2,44
