rank,player,Avg,Total Strokes,Total Holes
1,Xander Schauffele,3.80,167,44
2,Patrick Cantlay,3.86,170,44
3,Rickie Fowler,3.89,171,44
3,Patrick Reed,3.89,171,44
5,Jon Rahm,3.91,172,44
5,Matthew Wolff,3.91,172,44
7,Dustin Johnson,3.93,173,44
7,Justin Thomas,3.93,173,44
9,Collin Morikawa,3.95,174,44
9,Joaquin Niemann,3.95,174,44
11,Sebastián Muñoz,4.00,176,44
11,J.T. Poston,4.00,176,44
13,Tyler Duncan,4.02,177,44
13,Dylan Frittelli,4.02,177,44
13,Max Homa,4.02,177,44
16,Cameron Champ,4.05,178,44
16,Sung Kang,4.05,178,44
16,Matt Kuchar,4.05,178,44
16,Nate Lashley,4.05,178,44
16,Chez Reavie,4.05,178,44
21,Paul Casey,4.07,179,44
21,Lanto Griffin,4.07,179,44
21,Jim Herman,4.07,179,44
21,Kevin Kisner,4.07,179,44
21,Adam Long,4.07,179,44
21,Graeme McDowell,4.07,179,44
21,Ryan Palmer,4.07,179,44
21,Gary Woodland,4.07,179,44
29,Corey Conners,4.09,180,44
30,Brendon Todd,4.14,182,44
31,J.B. Holmes,4.16,183,44
31,Keith Mitchell,4.16,183,44
33,Kevin Na,4.20,185,44
34,Martin Trainer,4.27,188,44
