rank,player,Avg,Total Strokes,Total Holes
1,Corey Conners,4.38,70,16
1,J.T. Poston,4.38,70,16
1,Gary Woodland,4.38,70,16
4,Paul Casey,4.44,71,16
4,Lanto Griffin,4.44,71,16
4,Joaquin Niemann,4.44,71,16
7,Sung Kang,4.50,72,16
7,Collin Morikawa,4.50,72,16
7,Ryan Palmer,4.50,72,16
7,Xander Schauffele,4.50,72,16
7,Justin Thomas,4.50,72,16
12,Patrick Cantlay,4.56,73,16
12,Cameron Champ,4.56,73,16
12,Rickie Fowler,4.56,73,16
12,Kevin Kisner,4.56,73,16
12,Matt Kuchar,4.56,73,16
12,Chez Reavie,4.56,73,16
12,Patrick Reed,4.56,73,16
19,Nate Lashley,4.63,74,16
19,Sebastián Muñoz,4.63,74,16
19,Jon Rahm,4.63,74,16
19,Matthew Wolff,4.63,74,16
23,Tyler Duncan,4.69,75,16
23,J.B. Holmes,4.69,75,16
23,Dustin Johnson,4.69,75,16
23,Adam Long,4.69,75,16
23,Brendon Todd,4.69,75,16
28,Jim Herman,4.75,76,16
29,Max Homa,4.81,77,16
29,Graeme McDowell,4.81,77,16
29,Kevin Na,4.81,77,16
29,Martin Trainer,4.81,77,16
33,Keith Mitchell,4.94,79,16
34,Dylan Frittelli,5.00,80,16
