rank,player,%,Par 3 Birdies or Better,Par 3 Holes
1,Justin Thomas,33.33,4,12
2,Lanto Griffin,16.67,2,12
2,Jim Herman,16.67,2,12
2,Dustin Johnson,16.67,2,12
2,Kevin Kisner,16.67,2,12
2,Graeme McDowell,16.67,2,12
2,Sebastián Muñoz,16.67,2,12
2,Patrick Reed,16.67,2,12
2,Gary Woodland,16.67,2,12
10,Patrick Cantlay,8.33,1,12
10,Cameron Champ,8.33,1,12
10,Tyler Duncan,8.33,1,12
10,Rickie Fowler,8.33,1,12
10,Dylan Frittelli,8.33,1,12
10,J.B. Holmes,8.33,1,12
10,Max Homa,8.33,1,12
10,Matt Kuchar,8.33,1,12
10,Adam Long,8.33,1,12
10,Keith Mitchell,8.33,1,12
10,Collin Morikawa,8.33,1,12
10,Joaquin Niemann,8.33,1,12
10,Ryan Palmer,8.33,1,12
23,Paul Casey,.00,0,12
23,Corey Conners,.00,0,12
23,Sung Kang,.00,0,12
23,Nate Lashley,.00,0,12
23,Kevin Na,.00,0,12
23,J.T. Poston,.00,0,12
23,Jon Rahm,.00,0,12
23,Chez Reavie,.00,0,12
23,Xander Schauffele,.00,0,12
23,Brendon Todd,.00,0,12
23,Martin Trainer,.00,0,12
23,Matthew Wolff,.00,0,12
