rank,player,%,Par 5 Birdies or Better,Par 5 Holes
1,Paul Casey,62.50,10,16
1,Cameron Champ,62.50,10,16
1,Corey Conners,62.50,10,16
1,Collin Morikawa,62.50,10,16
1,Joaquin Niemann,62.50,10,16
1,Justin Thomas,62.50,10,16
7,Lanto Griffin,56.25,9,16
7,Sung Kang,56.25,9,16
7,Sebastián Muñoz,56.25,9,16
7,J.T. Poston,56.25,9,16
7,Patrick Reed,56.25,9,16
7,Gary Woodland,56.25,9,16
13,Tyler Duncan,50.00,8,16
13,Rickie Fowler,50.00,8,16
13,Ryan Palmer,50.00,8,16
13,Xander Schauffele,50.00,8,16
13,Matthew Wolff,50.00,8,16
18,Patrick Cantlay,43.75,7,16
18,J.B. Holmes,43.75,7,16
18,Kevin Kisner,43.75,7,16
18,Keith Mitchell,43.75,7,16
18,Jon Rahm,43.75,7,16
18,Chez Reavie,43.75,7,16
18,Martin Trainer,43.75,7,16
25,Max Homa,37.50,6,16
25,Dustin Johnson,37.50,6,16
25,Matt Kuchar,37.50,6,16
25,Nate Lashley,37.50,6,16
25,Adam Long,37.50,6,16
25,Kevin Na,37.50,6,16
25,Brendon Todd,37.50,6,16
32,Jim Herman,31.25,5,16
32,Graeme McDowell,31.25,5,16
34,Dylan Frittelli,25.00,4,16
