rank,player,Avg,Total Strokes,Total Holes
1,Justin Thomas,2.75,33,12
2,Patrick Reed,2.83,34,12
2,Gary Woodland,2.83,34,12
4,Dustin Johnson,2.92,35,12
4,Graeme McDowell,2.92,35,12
6,Lanto Griffin,3.00,36,12
6,Kevin Kisner,3.00,36,12
8,Cameron Champ,3.08,37,12
8,Matt Kuchar,3.08,37,12
8,Adam Long,3.08,37,12
8,Collin Morikawa,3.08,37,12
8,Joaquin Niemann,3.08,37,12
8,Brendon Todd,3.08,37,12
14,Patrick Cantlay,3.17,38,12
14,Tyler Duncan,3.17,38,12
14,Rickie Fowler,3.17,38,12
14,Jim Herman,3.17,38,12
14,J.B. Holmes,3.17,38,12
14,Max Homa,3.17,38,12
14,Nate Lashley,3.17,38,12
14,Ryan Palmer,3.17,38,12
14,Jon Rahm,3.17,38,12
23,Sebastián Muñoz,3.25,39,12
23,J.T. Poston,3.25,39,12
23,Xander Schauffele,3.25,39,12
23,Matthew Wolff,3.25,39,12
27,Paul Casey,3.33,40,12
27,Corey Conners,3.33,40,12
27,Dylan Frittelli,3.33,40,12
27,Keith Mitchell,3.33,40,12
27,Kevin Na,3.33,40,12
32,Sung Kang,3.50,42,12
32,Chez Reavie,3.50,42,12
34,Martin Trainer,3.75,45,12
