rank,player,Status,Par 5 Avg,Total Par
1,Corey Conners,-10,4.38,.80
1,J.T. Poston,-10,4.38,.80
1,Gary Woodland,-10,4.38,.80
4,Paul Casey,-9,4.44,.80
4,Lanto Griffin,-9,4.44,.80
4,Joaquin Niemann,-9,4.44,.80
7,Sung Kang,-8,4.50,.80
7,Collin Morikawa,-8,4.50,.80
7,Ryan Palmer,-8,4.50,.80
7,Xander Schauffele,-8,4.50,.80
7,Justin Thomas,-8,4.50,.80
12,Patrick Cantlay,-7,4.56,.80
12,Cameron Champ,-7,4.56,.80
12,Rickie Fowler,-7,4.56,.80
12,Kevin Kisner,-7,4.56,.80
12,Matt Kuchar,-7,4.56,.80
12,Chez Reavie,-7,4.56,.80
12,Patrick Reed,-7,4.56,.80
19,Nate Lashley,-6,4.63,.80
19,Sebastián Muñoz,-6,4.63,.80
19,Jon Rahm,-6,4.63,.80
19,Matthew Wolff,-6,4.63,.80
23,Tyler Duncan,-5,4.69,.80
23,J.B. Holmes,-5,4.69,.80
23,Dustin Johnson,-5,4.69,.80
23,Adam Long,-5,4.69,.80
23,Brendon Todd,-5,4.69,.80
28,Jim Herman,-4,4.75,.80
29,Max Homa,-3,4.81,.80
29,Graeme McDowell,-3,4.81,.80
29,Kevin Na,-3,4.81,.80
29,Martin Trainer,-3,4.81,.80
33,Keith Mitchell,-1,4.94,.80
34,Dylan Frittelli,E,5.00,.80
