rank,player,Status,Par 4 Avg,Total Par
1,Xander Schauffele,-9,3.80,1.76
2,Patrick Cantlay,-6,3.86,1.76
3,Rickie Fowler,-5,3.89,1.76
3,Patrick Reed,-5,3.89,1.76
5,Jon Rahm,-4,3.91,1.76
5,Matthew Wolff,-4,3.91,1.76
7,Dustin Johnson,-3,3.93,1.76
7,Justin Thomas,-3,3.93,1.76
9,Collin Morikawa,-2,3.95,1.76
9,Joaquin Niemann,-2,3.95,1.76
11,Sebastián Muñoz,E,4.00,1.76
11,J.T. Poston,E,4.00,1.76
13,Tyler Duncan,+1,4.02,1.76
13,Dylan Frittelli,+1,4.02,1.76
13,Max Homa,+1,4.02,1.76
16,Cameron Champ,+2,4.05,1.76
16,Sung Kang,+2,4.05,1.76
16,Matt Kuchar,+2,4.05,1.76
16,Nate Lashley,+2,4.05,1.76
16,Chez Reavie,+2,4.05,1.76
21,Paul Casey,+3,4.07,1.76
21,Lanto Griffin,+3,4.07,1.76
21,Jim Herman,+3,4.07,1.76
21,Kevin Kisner,+3,4.07,1.76
21,Adam Long,+3,4.07,1.76
21,Graeme McDowell,+3,4.07,1.76
21,Ryan Palmer,+3,4.07,1.76
21,Gary Woodland,+3,4.07,1.76
29,Corey Conners,+4,4.09,1.76
30,Brendon Todd,+6,4.14,1.76
31,J.B. Holmes,+7,4.16,1.76
31,Keith Mitchell,+7,4.16,1.76
33,Kevin Na,+9,4.20,1.76
34,Martin Trainer,+12,4.27,1.76
