rank,player,Status,Par 3 Avg,Total Par
1,Justin Thomas,-3,2.75,.36
2,Patrick Reed,-2,2.83,.36
2,Gary Woodland,-2,2.83,.36
4,Dustin Johnson,-1,2.92,.36
4,Graeme McDowell,-1,2.92,.36
6,Lanto Griffin,E,3.00,.36
6,Kevin Kisner,E,3.00,.36
8,Cameron Champ,+1,3.08,.36
8,Matt Kuchar,+1,3.08,.36
8,Adam Long,+1,3.08,.36
8,Collin Morikawa,+1,3.08,.36
8,Joaquin Niemann,+1,3.08,.36
8,Brendon Todd,+1,3.08,.36
14,Patrick Cantlay,+2,3.17,.36
14,Tyler Duncan,+2,3.17,.36
14,Rickie Fowler,+2,3.17,.36
14,Jim Herman,+2,3.17,.36
14,J.B. Holmes,+2,3.17,.36
14,Max Homa,+2,3.17,.36
14,Nate Lashley,+2,3.17,.36
14,Ryan Palmer,+2,3.17,.36
14,Jon Rahm,+2,3.17,.36
23,Sebastián Muñoz,+3,3.25,.36
23,J.T. Poston,+3,3.25,.36
23,Xander Schauffele,+3,3.25,.36
23,Matthew Wolff,+3,3.25,.36
27,Paul Casey,+4,3.33,.36
27,Corey Conners,+4,3.33,.36
27,Dylan Frittelli,+4,3.33,.36
27,Keith Mitchell,+4,3.33,.36
27,Kevin Na,+4,3.33,.36
32,Sung Kang,+6,3.50,.36
32,Chez Reavie,+6,3.50,.36
34,Martin Trainer,+9,3.75,.36
