rank,player,Avg,Total Distance (feet),# of Attempts,Relative to par
1,Adam Svensson,"5' 10""",5.833,1,-1
2,Keegan Bradley,"10' 11""",32.750,3,+1
2,Satoshi Kodaira,"10' 11""",10.917,1,+1
4,Ryan Armour,"12' 6""",25.000,2,E
5,Haotong Li,"14' 2""",14.167,1,E
6,Paul Barjon,"14' 4""",57.250,4,-2
7,Maverick McNealy,"14' 10""",14.833,1,E
8,Davis Riley,"16' 2""",32.333,2,-1
9,Sepp Straka,"18' 11""",113.583,6,+3
10,K.H. Lee,"19' 0""",76.000,4,E
11,Justin Lower,"20' 3""",20.250,1,E
12,Dylan Wu,"20' 6""",61.583,3,E
13,Ryan Palmer,"20' 11""",125.333,6,-3
14,Lucas Glover,"21' 0""",84.000,4,+1
15,Stewart Cink,"21' 2""",105.917,5,-1
16,Charles Howell III,"21' 4""",42.583,2,-1
17,J.T. Poston,"21' 8""",64.917,3,E
18,Christiaan Bezuidenhout,"21' 9""",43.500,2,+3
19,Jimmy Walker,"21' 10""",21.833,1,E
20,Keith Mitchell,"22' 3""",177.917,8,-2
21,Joseph Bramlett,"23' 0""",68.917,3,-2
22,Chris Kirk,"23' 2""",69.417,3,-1
23,Talor Gooch,"24' 2""",48.250,2,E
24,Seamus Power,"25' 7""",102.167,4,-2
25,Patton Kizzire,"26' 7""",79.750,3,+2
25,Greyson Sigg,"26' 7""",53.083,2,+1
27,Russell Henley,"26' 10""",26.833,1,E
28,Billy Horschel,"28' 5""",113.667,4,+3
29,Brendon Todd,"31' 4""",94.000,3,E
30,Matt Kuchar,"31' 9""",31.750,1,E
31,Jim Knous,"32' 3""",64.500,2,E
32,Kevin Chappell,"34' 1""",204.667,6,+2
32,Kevin Tway,"34' 1""",68.083,2,E
34,Jason Kokrak,"35' 3""",176.167,5,E
34,Vaughn Taylor,"35' 3""",35.250,1,E
36,Sahith Theegala,"40' 0""",280.250,7,E
37,Wesley Bryan,"41' 2""",41.167,1,E
38,Vince Whaley,"41' 8""",125.000,3,E
39,Brandt Snedeker,"42' 8""",85.250,2,+1
40,Si Woo Kim,"44' 2""",265.167,6,E
41,Sam Ryder,"44' 5""",88.833,2,+1
42,Corey Conners,"49' 1""",196.167,4,+1
43,Webb Simpson,"49' 5""",247.083,5,+3
44,Keita Nakajima,"50' 7""",50.583,1,+1
45,Andrew Putnam,"55' 4""",55.333,1,+1
46,Harris English,"60' 2""",180.583,3,+3
47,Marc Leishman,"61' 9""",247.000,4,E
48,Michael Thompson,"61' 10""",61.833,1,-1
49,Cam Davis,"63' 3""",252.833,4,+1
50,Brian Harman,"64' 1""",192.250,3,+2
51,Luke Donald,"84' 7""",338.250,4,E
