rank,player,Avg,Total Distance (feet),# of Attempts,Relative to par
1,Cam Davis,"12' 4""",24.667,2,-2
2,Dylan Wu,"18' 3""",18.250,1,E
3,Harris English,"19' 5""",19.417,1,E
3,Kyle Stanley,"19' 5""",19.417,1,E
5,Kevin Na,"21' 10""",43.667,2,E
6,Vaughn Taylor,"22' 11""",91.500,4,+1
7,Justin Lower,"26' 3""",26.250,1,E
8,Seamus Power,"27' 1""",81.167,3,-1
9,Haotong Li,"28' 0""",55.917,2,E
10,Adam Svensson,"28' 10""",144.167,5,-1
11,Greyson Sigg,"29' 6""",58.917,2,E
12,Keith Mitchell,"29' 9""",148.583,5,-1
13,Keita Nakajima,"31' 0""",31.000,1,E
14,Jimmy Walker,"32' 3""",161.167,5,+1
15,Luke Donald,"32' 5""",162.167,5,-1
16,Christiaan Bezuidenhout,"32' 6""",97.500,3,-1
17,Sepp Straka,"32' 10""",65.583,2,+1
18,Lucas Glover,"34' 3""",34.250,1,E
19,Jim Furyk,"35' 1""",70.167,2,E
20,Maverick McNealy,"35' 3""",70.417,2,E
21,Ryan Palmer,"35' 5""",176.917,5,+1
22,Patton Kizzire,"36' 2""",217.167,6,E
23,Kramer Hickok,"36' 6""",109.583,3,E
24,Talor Gooch,"38' 7""",231.500,6,E
25,Ben Kohles,"39' 4""",275.250,7,E
26,Marc Leishman,"40' 0""",279.750,7,-1
27,Sahith Theegala,"41' 4""",247.833,6,-1
28,Jason Kokrak,"43' 10""",87.583,2,E
28,Sam Ryder,"43' 10""",175.250,4,-1
30,Hideki Matsuyama,"44' 5""",311.083,7,E
31,Brett Drewitt,"44' 11""",179.583,4,+1
32,Russell Henley,"45' 4""",45.333,1,E
33,Brian Harman,"46' 4""",370.417,8,-2
33,Jim Knous,"46' 4""",231.750,5,+2
35,Joseph Bramlett,"46' 7""",93.083,2,E
36,Hudson Swafford,"46' 10""",140.417,3,+2
37,Michael Thompson,"47' 1""",423.583,9,+1
38,Si Woo Kim,"47' 4""",142.000,3,E
39,Paul Barjon,"48' 1""",240.500,5,+1
40,Chris Kirk,"50' 7""",101.167,2,E
41,Kevin Kisner,"50' 11""",356.500,7,-1
42,Brendon Todd,"51' 1""",153.250,3,E
43,K.H. Lee,"51' 10""",207.250,4,+1
44,Corey Conners,"51' 11""",51.917,1,E
45,Matt Kuchar,"52' 7""",52.583,1,E
46,Charles Howell III,"53' 11""",161.750,3,+2
47,Billy Horschel,"55' 0""",110.000,2,E
48,Vince Whaley,"55' 8""",167.000,3,+1
49,Kevin Tway,"55' 10""",334.833,6,+1
50,Wesley Bryan,"56' 4""",169.083,3,E
51,Keegan Bradley,"58' 4""",233.250,4,+1
52,Brandt Snedeker,"65' 2""",260.500,4,+2
53,Henrik Norlander,"65' 8""",262.667,4,+1
54,Stewart Cink,"67' 4""",134.583,2,+3
55,Satoshi Kodaira,"70' 4""",140.667,2,E
56,J.T. Poston,"72' 5""",506.917,7,+2
57,Andrew Putnam,"76' 0""",152.000,2,E
58,Kevin Chappell,"78' 5""",235.333,3,E
59,Ryan Armour,"82' 5""",247.333,3,+2
60,Denny McCarthy,"91' 1""",273.167,3,+2
61,Webb Simpson,"117' 9""",117.750,1,+1
