rank,player,Avg,Total Distance (feet),# of Attempts,Relative to par
1,Kyle Stanley,"35' 1""",105.333,3,-2
2,Sam Ryder,"37' 2""",148.583,4,+1
3,Ryan Palmer,"39' 5""",78.833,2,E
4,Kevin Chappell,"41' 5""",82.750,2,-1
5,Keegan Bradley,"44' 2""",88.333,2,-1
6,Chris Kirk,"44' 5""",44.417,1,E
7,Si Woo Kim,"45' 7""",45.583,1,-1
8,Corey Conners,"46' 11""",93.833,2,-1
9,Ryan Armour,"48' 2""",144.500,3,-1
10,Joseph Bramlett,"50' 1""",350.500,7,-1
11,Haotong Li,"53' 5""",267.250,5,-2
12,Brian Harman,"55' 11""",223.667,4,E
13,Wesley Bryan,"56' 5""",112.833,2,+1
14,Hideki Matsuyama,"57' 10""",115.667,2,-1
15,Russell Knox,"58' 8""",176.083,3,E
16,Andrew Putnam,"61' 0""",182.917,3,-1
17,Hayden Buckley,"61' 1""",122.167,2,E
18,Henrik Norlander,"62' 3""",249.083,4,E
19,Greyson Sigg,"63' 1""",252.167,4,E
20,Jason Kokrak,"64' 10""",324.000,5,-4
21,Vince Whaley,"66' 0""",264.083,4,-2
22,Jimmy Walker,"66' 1""",528.833,8,+3
23,Michael Thompson,"69' 6""",208.583,3,-1
24,Satoshi Kodaira,"72' 1""",144.083,2,E
25,Harris English,"72' 3""",288.917,4,E
26,Talor Gooch,"73' 1""",146.167,2,-2
27,Christiaan Bezuidenhout,"74' 3""",74.250,1,-1
28,Stewart Cink,"74' 9""",149.417,2,E
29,Charles Howell III,"75' 1""",150.083,2,E
30,Patton Kizzire,"75' 9""",151.417,2,-1
31,Sahith Theegala,"76' 3""",762.750,10,E
32,Cam Davis,"78' 3""",156.500,2,-1
33,Matt Kuchar,"78' 5""",235.333,3,-2
34,Kevin Na,"78' 9""",315.083,4,-1
35,Lucas Glover,"79' 5""",79.417,1,-1
36,Denny McCarthy,"79' 7""",79.583,1,E
37,Keita Nakajima,"79' 11""",319.500,4,-2
38,Luke Donald,"82' 7""",413.083,5,-2
39,Jim Knous,"83' 3""",249.667,3,+1
40,Keith Mitchell,"83' 9""",334.833,4,-1
41,Adam Svensson,"84' 4""",168.583,2,E
42,Justin Lower,"86' 3""",258.667,3,-2
43,Kramer Hickok,"86' 5""",259.333,3,+1
44,Kevin Tway,"87' 2""",261.583,3,+1
45,Webb Simpson,"87' 4""",87.333,1,+1
46,K.H. Lee,"88' 8""",177.333,2,E
47,Brendon Todd,"93' 6""",186.917,2,+1
48,Billy Horschel,"93' 8""",187.250,2,E
49,Kevin Kisner,"95' 10""",191.583,2,+1
50,Sepp Straka,"99' 3""",198.417,2,-2
51,Seamus Power,"102' 6""",102.500,1,-1
52,Ben Kohles,"106' 6""",425.917,4,+2
53,Dylan Wu,"108' 1""",108.083,1,E
54,Russell Henley,"121' 7""",243.167,2,+1
55,Paul Barjon,"125' 2""",250.333,2,+3
56,Jim Furyk,"127' 11""",383.833,3,+2
57,Marc Leishman,"131' 8""",131.667,1,E
58,Davis Riley,"134' 11""",269.833,2,+3
