rank,player,Avg,Total Distance (feet),# of Attempts,Relative to par
1,Justin Lower,"35' 11""",35.917,1,-1
2,Kevin Na,"44' 9""",44.750,1,-1
3,Charles Howell III,"46' 0""",46.000,1,-1
4,Jimmy Walker,"57' 6""",114.917,2,+3
5,Billy Horschel,"83' 9""",83.750,1,E
6,Greyson Sigg,"86' 5""",86.417,1,E
7,Sahith Theegala,"88' 3""",88.250,1,-1
8,Kramer Hickok,"103' 1""",103.083,1,E
9,Matt Kuchar,"114' 7""",114.583,1,-1
10,Luke Donald,"134' 6""",134.500,1,-1
11,Ben Kohles,"153' 0""",153.000,1,E
12,Jim Furyk,"165' 9""",165.750,1,E
