rank,player,Avg,Total Distance (feet),# of Attempts,Relative to par
1,Keegan Bradley,"5' 1""",5.083,1,+1
2,Stewart Cink,"17' 0""",33.917,2,+1
3,Dylan Wu,"17' 1""",34.083,2,-1
4,Justin Lower,"20' 3""",20.250,1,E
5,Keith Mitchell,"20' 7""",61.750,3,-1
6,Lucas Glover,"20' 11""",41.833,2,E
7,J.T. Poston,"21' 8""",64.917,3,E
8,Christiaan Bezuidenhout,"21' 9""",43.500,2,+3
9,Sahith Theegala,"22' 1""",66.167,3,+1
10,Marc Leishman,"22' 10""",45.667,2,E
11,Sepp Straka,"23' 0""",69.000,3,E
12,Si Woo Kim,"24' 7""",73.667,3,E
13,Kevin Chappell,"26' 11""",80.667,3,-1
14,Joseph Bramlett,"27' 11""",27.917,1,-1
15,Seamus Power,"28' 10""",28.833,1,E
16,Matt Kuchar,"31' 9""",31.750,1,E
17,Billy Horschel,"31' 10""",31.833,1,E
18,Jason Kokrak,"32' 7""",32.583,1,E
19,Ryan Palmer,"36' 0""",72.000,2,-1
20,Wesley Bryan,"41' 2""",41.167,1,E
21,Cam Davis,"42' 6""",42.500,1,-1
22,Vince Whaley,"42' 7""",85.167,2,E
23,Brian Harman,"50' 2""",100.250,2,+1
24,Sam Ryder,"53' 0""",53.000,1,+1
25,Jim Knous,"54' 8""",54.667,1,+1
26,Andrew Putnam,"55' 4""",55.333,1,+1
27,Webb Simpson,"55' 11""",167.833,3,+2
28,Luke Donald,"97' 8""",97.667,1,E
