rank,player,Avg,Total Distance (feet),# of Attempts,Relative to par
1,Talor Gooch,"5' 0""",5.000,1,-1
2,Ryan Armour,"5' 6""",5.500,1,+1
3,Keegan Bradley,"6' 6""",12.917,2,+1
4,Satoshi Kodaira,"10' 11""",10.917,1,+1
5,Stewart Cink,"12' 6""",37.500,3,E
6,Keith Mitchell,"15' 11""",79.667,5,-1
7,Christiaan Bezuidenhout,"16' 7""",49.667,3,+3
8,Dylan Wu,"17' 1""",34.083,2,-1
9,Justin Lower,"20' 3""",20.250,1,E
10,Paul Barjon,"20' 4""",20.333,1,E
11,Sepp Straka,"20' 6""",82.000,4,+1
12,Jim Furyk,"20' 7""",20.583,1,E
13,Kevin Tway,"21' 6""",42.917,2,+1
14,J.T. Poston,"21' 8""",64.917,3,E
15,Lucas Glover,"22' 0""",66.083,3,+1
16,Joseph Bramlett,"23' 0""",68.917,3,-2
17,K.H. Lee,"23' 4""",70.000,3,E
18,Ryan Palmer,"23' 9""",94.833,4,E
19,Si Woo Kim,"24' 0""",95.917,4,E
20,Harris English,"25' 10""",25.833,1,E
21,Patton Kizzire,"26' 8""",53.333,2,E
22,Seamus Power,"27' 0""",54.000,2,E
23,Kevin Chappell,"27' 6""",109.833,4,E
24,Billy Horschel,"30' 1""",90.167,3,+2
25,Marc Leishman,"31' 7""",94.833,3,E
26,Jim Knous,"32' 3""",64.500,2,E
27,Jason Kokrak,"32' 7""",32.583,1,E
28,Sahith Theegala,"35' 8""",178.500,5,+1
29,Matt Kuchar,"39' 10""",79.583,2,E
30,Corey Conners,"40' 0""",40.000,1,+1
31,Wesley Bryan,"41' 2""",41.167,1,E
32,Vince Whaley,"41' 8""",125.000,3,E
33,Brian Harman,"50' 2""",100.250,2,+1
34,Luke Donald,"51' 1""",102.167,2,E
35,Sam Ryder,"53' 0""",53.000,1,+1
36,Webb Simpson,"54' 7""",218.250,4,+3
37,Andrew Putnam,"55' 4""",55.333,1,+1
38,Cam Davis,"69' 1""",207.333,3,E
