rank,player,Avg,Total Distance (feet),# of Attempts,Relative to par
1,Adam Svensson,"5' 10""",5.833,1,-1
2,K.H. Lee,"6' 0""",6.000,1,E
3,Ryan Palmer,"12' 2""",36.583,3,-2
4,Paul Barjon,"12' 4""",36.917,3,-2
5,Haotong Li,"14' 2""",14.167,1,E
6,Maverick McNealy,"14' 10""",14.833,1,E
7,Sepp Straka,"15' 10""",31.583,2,+2
8,Davis Riley,"16' 2""",32.333,2,-1
9,Lucas Glover,"17' 11""",17.917,1,E
10,Ryan Armour,"19' 6""",19.500,1,-1
11,Keegan Bradley,"19' 10""",19.833,1,E
12,Charles Howell III,"21' 4""",42.583,2,-1
13,Jimmy Walker,"21' 10""",21.833,1,E
14,Chris Kirk,"23' 2""",69.417,3,-1
15,Billy Horschel,"23' 6""",23.500,1,+1
16,Seamus Power,"24' 1""",48.167,2,-2
17,Talor Gooch,"24' 2""",48.250,2,E
18,Patton Kizzire,"26' 5""",26.417,1,+2
19,Greyson Sigg,"26' 7""",53.083,2,+1
20,Russell Henley,"26' 10""",26.833,1,E
21,Dylan Wu,"27' 6""",27.500,1,+1
22,Webb Simpson,"28' 10""",28.833,1,E
23,Kevin Tway,"30' 7""",30.583,1,E
24,Brendon Todd,"31' 4""",94.000,3,E
25,Keith Mitchell,"32' 9""",98.250,3,-1
26,Stewart Cink,"34' 3""",68.417,2,-1
27,Vaughn Taylor,"35' 3""",35.250,1,E
28,Sam Ryder,"35' 10""",35.833,1,E
29,Jason Kokrak,"35' 11""",143.583,4,E
30,Brandt Snedeker,"42' 8""",85.250,2,+1
31,Cam Davis,"45' 6""",45.500,1,+1
32,Kevin Chappell,"47' 5""",94.833,2,+2
33,Keita Nakajima,"50' 7""",50.583,1,+1
34,Sahith Theegala,"50' 11""",101.750,2,-1
35,Corey Conners,"52' 1""",156.167,3,E
36,Michael Thompson,"61' 10""",61.833,1,-1
37,Harris English,"77' 5""",154.750,2,+3
38,Luke Donald,"80' 2""",240.583,3,E
39,Si Woo Kim,"84' 8""",169.250,2,E
40,Brian Harman,"92' 0""",92.000,1,+1
41,Marc Leishman,"152' 2""",152.167,1,E
