rank,player,Avg,Total Distance (feet),# of Attempts,Relative to par
1,Ryan Armour,"37' 10""",37.833,1,E
2,Keegan Bradley,"38' 1""",38.083,1,E
3,Sam Ryder,"41' 2""",41.167,1,-1
4,Henrik Norlander,"45' 2""",45.167,1,E
5,Si Woo Kim,"45' 7""",45.583,1,-1
6,Wesley Bryan,"55' 4""",55.333,1,E
7,Kyle Stanley,"56' 2""",56.167,1,E
8,Russell Knox,"59' 7""",59.583,1,-1
9,Haotong Li,"60' 1""",60.083,1,-1
10,Sahith Theegala,"62' 10""",251.417,4,+1
11,Jim Knous,"67' 8""",135.333,2,+1
12,Ryan Palmer,"69' 8""",69.667,1,+1
13,Greyson Sigg,"70' 7""",70.583,1,E
14,Joseph Bramlett,"72' 6""",72.500,1,E
15,Corey Conners,"73' 4""",73.333,1,E
16,Christiaan Bezuidenhout,"74' 3""",74.250,1,-1
17,Patton Kizzire,"75' 9""",151.417,2,-1
18,Andrew Putnam,"78' 10""",157.583,2,-1
19,Harris English,"79' 0""",79.000,1,+1
20,Keith Mitchell,"88' 5""",265.250,3,E
21,Luke Donald,"97' 4""",194.583,2,E
22,Sepp Straka,"99' 3""",198.417,2,-2
23,Russell Henley,"100' 5""",100.417,1,E
24,Kevin Na,"100' 8""",201.333,2,E
25,Hayden Buckley,"102' 11""",102.917,1,E
26,Billy Horschel,"103' 6""",103.500,1,E
27,Brendon Todd,"104' 1""",104.083,1,E
28,Ben Kohles,"105' 5""",210.750,2,+1
29,Keita Nakajima,"107' 7""",107.583,1,-1
30,Jim Furyk,"110' 2""",110.167,1,+1
31,Justin Lower,"111' 5""",222.750,2,-1
32,Jimmy Walker,"127' 9""",127.750,1,E
33,Davis Riley,"131' 8""",131.667,1,+1
34,Jason Kokrak,"137' 10""",137.833,1,-1
