rank,player,Avg,Total Distance (feet),# of Attempts,Relative to par
1,Joseph Bramlett,"16' 11""",33.750,2,E
2,Webb Simpson,"18' 8""",37.333,2,E
3,Ryan Armour,"21' 9""",21.750,1,E
4,Lucas Glover,"22' 4""",66.917,3,-1
5,Hudson Swafford,"23' 11""",71.667,3,-1
6,Russell Henley,"27' 0""",108.083,4,E
7,Talor Gooch,"27' 2""",81.583,3,+1
8,Keith Mitchell,"29' 1""",29.083,1,E
9,Sahith Theegala,"30' 4""",60.667,2,-1
10,Billy Horschel,"33' 11""",67.750,2,+1
11,Kramer Hickok,"35' 0""",35.000,1,E
12,Corey Conners,"35' 8""",178.250,5,+1
13,Denny McCarthy,"36' 7""",109.833,3,E
14,Ryan Palmer,"37' 8""",37.667,1,-1
15,Jimmy Walker,"38' 10""",116.583,3,E
16,Paul Barjon,"40' 2""",80.333,2,+1
17,Hayden Buckley,"40' 7""",81.167,2,E
18,Erik van Rooyen,"40' 9""",122.333,3,+2
19,Russell Knox,"41' 4""",165.167,4,E
19,Jason Kokrak,"41' 4""",82.583,2,E
21,Adam Svensson,"42' 6""",127.583,3,E
22,Keegan Bradley,"43' 6""",43.500,1,+1
23,Brett Drewitt,"44' 0""",131.917,3,E
24,Brandt Snedeker,"46' 3""",185.000,4,E
25,Patton Kizzire,"47' 0""",187.917,4,+1
26,Ben Kohles,"47' 5""",142.167,3,+1
26,Kevin Tway,"47' 5""",142.333,3,-1
28,Stewart Cink,"48' 4""",193.333,4,E
29,Satoshi Kodaira,"49' 6""",98.917,2,E
30,Davis Riley,"50' 5""",50.417,1,E
31,Kevin Kisner,"50' 7""",101.083,2,-1
32,Sepp Straka,"52' 3""",104.500,2,E
33,Wesley Bryan,"53' 2""",212.667,4,+1
34,Justin Lower,"56' 7""",226.333,4,-1
35,Kevin Chappell,"57' 1""",228.250,4,+1
36,Marc Leishman,"60' 9""",121.500,2,E
37,Harris English,"62' 4""",249.250,4,-1
38,J.T. Poston,"62' 8""",313.167,5,E
39,Haotong Li,"63' 11""",255.750,4,+1
40,Kevin Na,"64' 5""",257.583,4,+2
41,Michael Thompson,"65' 10""",131.667,2,E
42,Dylan Wu,"65' 11""",197.750,3,+1
43,Cam Davis,"67' 0""",335.000,5,E
44,Brian Harman,"67' 10""",135.667,2,-1
45,Henrik Norlander,"67' 11""",339.667,5,+2
46,Vince Whaley,"68' 7""",205.750,3,+2
47,Luke Donald,"69' 5""",138.833,2,+1
48,Maverick McNealy,"71' 2""",284.667,4,E
49,Andrew Putnam,"72' 7""",72.583,1,E
50,Jim Knous,"73' 1""",73.083,1,E
51,Jim Furyk,"73' 2""",292.583,4,E
52,Matt Kuchar,"74' 1""",222.167,3,E
53,Keita Nakajima,"75' 11""",75.917,1,E
54,Sam Ryder,"77' 3""",154.417,2,+2
55,Seamus Power,"79' 4""",79.333,1,E
56,Kyle Stanley,"83' 2""",83.167,1,-1
57,Brendon Todd,"84' 6""",337.917,4,+2
58,Greyson Sigg,"85' 9""",342.833,4,+2
59,Chris Kirk,"87' 3""",261.750,3,+2
60,Vaughn Taylor,"104' 8""",209.250,2,+1
61,Charles Howell III,"105' 10""",105.833,1,E
62,Christiaan Bezuidenhout,"115' 6""",230.917,2,+2
