rank,player,Avg,Total Distance (feet),# of Attempts,Relative to par
1,J.T. Poston,"8' 4""",16.667,2,-1
2,Russell Knox,"11' 7""",11.583,1,E
3,Kramer Hickok,"12' 8""",25.333,2,-2
4,Denny McCarthy,"14' 1""",14.083,1,-1
5,Harris English,"14' 9""",14.750,1,-1
5,Kevin Kisner,"14' 9""",14.750,1,E
7,Kevin Chappell,"14' 11""",29.833,2,-1
8,Justin Lower,"16' 1""",80.250,5,E
9,Luke Donald,"17' 2""",34.333,2,E
10,Haotong Li,"19' 1""",114.417,6,-1
11,Kyle Stanley,"19' 2""",38.250,2,E
12,Maverick McNealy,"19' 4""",77.250,4,+1
13,Corey Conners,"22' 8""",68.000,3,E
14,Brian Harman,"22' 10""",137.167,6,-2
15,Jimmy Walker,"24' 3""",97.083,4,E
16,Sam Ryder,"24' 8""",73.917,3,E
17,Webb Simpson,"24' 10""",74.417,3,E
18,Sahith Theegala,"25' 7""",51.083,2,E
19,Satoshi Kodaira,"26' 1""",52.083,2,+1
20,Matt Kuchar,"26' 8""",79.917,3,-1
21,K.H. Lee,"27' 6""",165.083,6,-2
22,Andrew Putnam,"27' 9""",83.250,3,E
23,Christiaan Bezuidenhout,"28' 0""",28.000,1,E
24,Patton Kizzire,"28' 2""",196.917,7,E
25,Joseph Bramlett,"28' 5""",170.250,6,+1
26,Hudson Swafford,"29' 8""",118.667,4,-2
27,Chris Kirk,"30' 3""",90.750,3,E
27,Henrik Norlander,"30' 3""",90.667,3,E
29,Sepp Straka,"30' 6""",213.417,7,+2
29,Adam Svensson,"30' 6""",152.500,5,-2
31,Wesley Bryan,"31' 9""",127.000,4,E
32,Brett Drewitt,"32' 3""",161.417,5,E
33,Marc Leishman,"32' 10""",131.167,4,+1
34,Ryan Armour,"34' 2""",68.250,2,E
35,Jim Furyk,"34' 4""",137.167,4,E
36,Erik van Rooyen,"34' 8""",69.333,2,E
37,Brendon Todd,"35' 3""",70.500,2,E
38,Kevin Tway,"35' 10""",143.167,4,E
39,Russell Henley,"35' 11""",71.833,2,E
40,Michael Thompson,"36' 0""",108.000,3,-1
41,Si Woo Kim,"36' 1""",144.250,4,+3
42,Ryan Palmer,"36' 7""",36.583,1,E
43,Talor Gooch,"37' 1""",185.333,5,-1
44,Paul Barjon,"37' 7""",75.083,2,E
44,Lucas Glover,"37' 7""",112.833,3,E
46,Charles Howell III,"39' 9""",158.833,4,-1
47,Keita Nakajima,"40' 1""",160.167,4,E
48,Vaughn Taylor,"40' 9""",244.417,6,+2
49,Kevin Na,"41' 8""",125.083,3,+1
50,Dylan Wu,"42' 1""",126.333,3,E
51,Billy Horschel,"42' 5""",169.750,4,-1
52,Jim Knous,"44' 6""",88.917,2,E
53,Stewart Cink,"44' 8""",312.750,7,+2
54,Jason Kokrak,"45' 0""",269.750,6,E
55,Hideki Matsuyama,"47' 5""",142.250,3,E
56,Brandt Snedeker,"48' 5""",145.333,3,E
57,Keith Mitchell,"48' 7""",48.583,1,E
58,Hayden Buckley,"51' 10""",207.250,4,+1
59,Greyson Sigg,"55' 6""",166.417,3,E
60,Davis Riley,"56' 7""",113.083,2,+1
61,Ben Kohles,"57' 6""",115.000,2,E
62,Vince Whaley,"60' 9""",121.417,2,+2
63,Keegan Bradley,"78' 3""",234.750,3,+2
64,Seamus Power,"99' 6""",99.500,1,E
65,Cam Davis,"105' 4""",105.333,1,+1
