rank,player,Avg,Total Distance (feet),# of Attempts,Relative to par
1,Ryan Palmer,"9' 2""",9.167,1,-1
2,Hayden Buckley,"19' 3""",19.250,1,E
3,Corey Conners,"20' 6""",20.500,1,-1
4,Kyle Stanley,"24' 7""",49.167,2,-2
5,Andrew Putnam,"25' 4""",25.333,1,E
6,Sam Ryder,"35' 10""",107.417,3,+2
7,Kevin Chappell,"41' 5""",82.750,2,-1
8,Luke Donald,"42' 0""",84.000,2,-1
9,Chris Kirk,"44' 5""",44.417,1,E
10,Matt Kuchar,"46' 2""",46.167,1,E
11,Joseph Bramlett,"46' 4""",278.000,6,-1
12,Jason Kokrak,"46' 7""",186.167,4,-3
13,Greyson Sigg,"47' 7""",95.167,2,E
14,Keegan Bradley,"50' 3""",50.250,1,-1
15,Haotong Li,"51' 10""",207.167,4,-1
16,Ryan Armour,"53' 4""",106.667,2,-1
17,Michael Thompson,"54' 3""",54.250,1,E
18,Brian Harman,"55' 11""",223.667,4,E
19,Jimmy Walker,"57' 3""",286.167,5,E
20,Wesley Bryan,"57' 6""",57.500,1,+1
21,Hideki Matsuyama,"57' 10""",115.667,2,-1
22,Russell Knox,"58' 3""",116.500,2,+1
23,Ben Kohles,"62' 2""",62.167,1,+1
24,Vince Whaley,"66' 0""",264.083,4,-2
25,Henrik Norlander,"68' 0""",203.917,3,E
26,Kevin Na,"69' 0""",69.000,1,E
27,Keith Mitchell,"69' 7""",69.583,1,-1
28,Harris English,"70' 0""",209.917,3,-1
29,Keita Nakajima,"70' 8""",211.917,3,-1
30,Satoshi Kodaira,"72' 1""",144.083,2,E
31,Talor Gooch,"73' 1""",146.167,2,-2
32,Stewart Cink,"74' 9""",149.417,2,E
33,Kramer Hickok,"78' 2""",156.250,2,+1
34,Cam Davis,"78' 3""",156.500,2,-1
35,Lucas Glover,"79' 5""",79.417,1,-1
36,Denny McCarthy,"79' 7""",79.583,1,E
37,Brendon Todd,"82' 10""",82.833,1,+1
38,Adam Svensson,"84' 4""",168.583,2,E
39,Sahith Theegala,"84' 7""",423.083,5,E
40,Kevin Tway,"87' 2""",261.583,3,+1
41,Webb Simpson,"87' 4""",87.333,1,+1
42,K.H. Lee,"88' 8""",177.333,2,E
43,Kevin Kisner,"95' 10""",191.583,2,+1
44,Seamus Power,"102' 6""",102.500,1,-1
45,Charles Howell III,"104' 1""",104.083,1,+1
46,Jim Furyk,"107' 11""",107.917,1,+1
47,Dylan Wu,"108' 1""",108.083,1,E
48,Jim Knous,"114' 4""",114.333,1,E
49,Paul Barjon,"125' 2""",250.333,2,+3
50,Marc Leishman,"131' 8""",131.667,1,E
51,Davis Riley,"138' 2""",138.167,1,+2
52,Russell Henley,"142' 9""",142.750,1,+1
