rank,player,Avg,Total Distance (feet),# of Attempts,Relative to par
1,Stewart Cink,"3' 7""",3.583,1,-1
2,Ryan Armour,"5' 6""",5.500,1,+1
3,Keegan Bradley,"7' 10""",7.833,1,E
4,Keith Mitchell,"9' 0""",17.917,2,E
5,Jim Knous,"9' 10""",9.833,1,-1
6,Satoshi Kodaira,"10' 11""",10.917,1,+1
7,Sepp Straka,"13' 0""",13.000,1,+1
8,Ryan Palmer,"16' 9""",16.750,1,E
9,Paul Barjon,"20' 4""",20.333,1,E
10,Joseph Bramlett,"20' 6""",41.000,2,-1
11,Si Woo Kim,"22' 3""",22.250,1,E
12,K.H. Lee,"23' 4""",70.000,3,E
13,Lucas Glover,"24' 3""",24.250,1,+1
14,Seamus Power,"25' 2""",25.167,1,E
15,Harris English,"25' 10""",25.833,1,E
16,Patton Kizzire,"26' 8""",53.333,2,E
17,Kevin Chappell,"29' 2""",29.167,1,+1
17,Billy Horschel,"29' 2""",58.333,2,+2
19,Kevin Tway,"37' 6""",37.500,1,E
20,Vince Whaley,"39' 10""",39.833,1,E
21,Corey Conners,"40' 0""",40.000,1,+1
22,Marc Leishman,"49' 2""",49.167,1,E
23,Webb Simpson,"50' 5""",50.417,1,+1
24,Sahith Theegala,"56' 2""",112.333,2,E
25,Cam Davis,"82' 5""",164.833,2,+1
