rank,player,Avg,Total Distance (feet),# of Attempts,Relative to par
1,Adam Scott,"3' 4""",6.667,2,-2
1,Davis Thompson,"3' 4""",3.333,1,-1
3,Maverick McNealy,"4' 9""",4.750,1,-1
4,MJ Daffue,"5' 1""",10.083,2,-2
5,Carl Yuan,"5' 8""",11.250,2,-2
6,Ryan Brehm,"5' 9""",5.750,1,+1
7,Kevin Tway,"6' 0""",6.000,1,-1
8,Troy Merritt,"6' 4""",12.583,2,-1
9,Danny Lee,"6' 8""",20.000,3,-1
10,Joseph Bramlett,"7' 1""",21.333,3,-1
11,Nico Echavarria,"8' 2""",16.333,2,-2
12,Stewart Cink,"8' 11""",8.917,1,-1
13,Kelly Kraft,"9' 7""",19.167,2,-1
14,Nate Lashley,"10' 2""",20.333,2,-1
15,Zac Blair,"10' 3""",20.500,2,-2
16,David Lipsky,"10' 4""",31.083,3,-2
17,Andrew Putnam,"10' 5""",10.417,1,E
17,Kevin Yu,"10' 5""",20.750,2,-2
19,Joseph Winslow,"10' 7""",42.250,4,-2
20,Tom Hoge,"10' 9""",10.750,1,-1
21,Ben Martin,"11' 2""",11.167,1,E
22,Will Gordon,"11' 8""",23.250,2,-1
23,J.J. Spaun,"12' 1""",24.083,2,-1
24,Russell Knox,"12' 5""",12.417,1,E
25,Stephan Jaeger,"12' 7""",12.583,1,E
26,Augusto Núñez,"14' 0""",27.917,2,-1
27,Aaron Baddeley,"14' 5""",14.417,1,E
28,Tyson Alexander,"15' 3""",30.417,2,-1
29,Hayden Buckley,"15' 4""",46.000,3,-1
29,Patton Kizzire,"15' 4""",30.667,2,E
31,Kazuki Higa,"16' 0""",16.000,1,E
32,Corey Conners,"16' 1""",80.250,5,-2
33,Brendan Steele,"16' 7""",16.583,1,E
34,Nick Taylor,"16' 8""",16.667,1,E
35,Byeong Hun An,"17' 0""",17.000,1,-1
36,Doc Redman,"17' 1""",34.083,2,-1
37,S.H. Kim,"18' 4""",54.917,3,-1
38,Brian Stuard,"19' 2""",19.167,1,E
39,Andrew Novak,"19' 6""",58.417,3,E
40,Austin Smotherman,"19' 9""",59.333,3,+1
41,Taylor Montgomery,"21' 7""",86.333,4,-2
42,Austin Eckroat,"22' 7""",67.667,3,-1
43,Brendon Todd,"22' 10""",22.833,1,+1
44,Cam Davis,"23' 0""",68.917,3,E
44,Taiga Semikawa,"23' 0""",69.000,3,+2
46,Chad Ramey,"24' 0""",24.000,1,E
47,Kurt Kitayama,"25' 4""",25.333,1,E
48,Brian Harman,"25' 5""",25.417,1,E
49,Eric Cole,"26' 1""",52.167,2,E
50,J.T. Poston,"27' 0""",27.000,1,+1
51,Matt Kuchar,"31' 3""",31.250,1,E
52,Chez Reavie,"32' 10""",32.833,1,E
53,Nick Hardy,"33' 7""",33.583,1,E
54,Cole Hammer,"39' 0""",39.000,1,E
