rank,player,Avg,Total Distance (feet),# of Attempts,Relative to par
1,Harry Hall,"10' 8""",10.667,1,-1
2,Taiga Semikawa,"19' 7""",19.583,1,-1
3,Justin Suh,"21' 8""",21.667,1,-1
4,MJ Daffue,"24' 11""",24.917,1,E
5,Augusto Núñez,"26' 2""",78.417,3,-2
6,Carl Yuan,"26' 6""",26.500,1,+1
7,Keita Nakajima,"27' 4""",27.333,1,-1
8,Nick Hardy,"28' 2""",28.167,1,-1
9,Adam Scott,"28' 4""",28.333,1,-1
10,Cole Hammer,"28' 5""",28.417,1,-1
11,Stephan Jaeger,"28' 11""",28.917,1,-1
12,Hideki Matsuyama,"36' 5""",36.417,1,-1
13,Danny Lee,"37' 9""",75.417,2,-2
14,Will Gordon,"38' 1""",76.167,2,E
15,Austin Eckroat,"40' 10""",81.583,2,E
16,Troy Merritt,"41' 3""",82.417,2,-1
17,Nick Taylor,"44' 9""",89.417,2,-2
18,Tom Hoge,"46' 9""",46.750,1,-1
19,Andrew Putnam,"47' 7""",142.750,3,-2
20,Kevin Yu,"50' 5""",50.417,1,-1
21,Zac Blair,"51' 9""",51.750,1,-1
22,Chris Kirk,"54' 0""",54.000,1,E
23,Kelly Kraft,"56' 7""",169.833,3,-2
24,Taylor Montgomery,"57' 4""",114.583,2,-2
25,Aaron Baddeley,"57' 8""",173.000,3,-2
26,Ben Griffin,"59' 4""",59.333,1,E
27,Russell Knox,"59' 7""",178.667,3,-1
28,David Lipsky,"59' 9""",59.750,1,-1
29,Zach Johnson,"63' 7""",63.583,1,-1
30,Brian Stuard,"66' 0""",132.000,2,-1
31,Harris English,"68' 5""",136.750,2,-2
32,Adam Long,"70' 10""",141.583,2,-1
33,Matt Kuchar,"79' 4""",238.000,3,-2
34,Greyson Sigg,"87' 3""",87.250,1,E
35,Joseph Bramlett,"89' 5""",178.833,2,-2
36,Russell Henley,"95' 0""",95.000,1,E
37,Andrew Novak,"104' 0""",104.000,1,-1
38,Kazuki Higa,"104' 1""",104.083,1,-1
39,Hayden Buckley,"134' 11""",134.917,1,-1
40,Aaron Rai,"141' 0""",141.000,1,E
