rank,player,Avg,Total Distance (feet),# of Attempts,Relative to par
1,Cole Hammer,"26' 2""",26.167,1,-1
2,Hideki Matsuyama,"32' 4""",64.667,2,-1
3,Davis Thompson,"39' 5""",39.417,1,E
4,Joseph Bramlett,"41' 2""",82.250,2,-2
5,Nico Echavarria,"46' 1""",46.083,1,-1
6,Kazuki Higa,"49' 4""",49.333,1,E
7,Nick Taylor,"49' 6""",49.500,1,-1
8,Matt Kuchar,"53' 5""",53.417,1,-1
9,Ben Martin,"54' 7""",54.583,1,E
10,Brendon Todd,"58' 2""",116.250,2,-2
11,Aaron Baddeley,"62' 5""",62.417,1,-1
12,Doc Redman,"62' 10""",62.833,1,-1
13,Tom Hoge,"63' 2""",189.417,3,-1
14,Adam Long,"67' 6""",134.917,2,-2
15,Zach Johnson,"69' 1""",69.083,1,E
16,Russell Henley,"79' 11""",159.833,2,-2
17,Kevin Yu,"82' 0""",163.917,2,-2
18,Carl Yuan,"88' 5""",88.417,1,E
19,Aaron Rai,"93' 11""",93.917,1,E
20,K.H. Lee,"95' 4""",95.333,1,-1
21,Adam Svensson,"97' 1""",97.083,1,-1
22,Nick Hardy,"105' 0""",210.000,2,-1
