rank,player,Avg,Total SG:Putting,Measured Rounds
1,Stuart Appleby,.000,0,4
1,Tommy Armour III,.000,0,4
1,Chad Campbell,.000,0,4
1,Darren Clarke,.000,0,4
1,Fred Couples,.000,0,4
1,Ben Crane,.000,0,4
1,Ben Curtis,.000,0,4
1,Ernie Els,.000,0,4
1,Steve Flesch,.000,0,4
1,Jim Furyk,.000,0,4
1,Retief Goosen,.000,0,4
1,Scott Hoch,.000,0,4
1,John Huston,.000,0,4
1,Peter Jacobsen,.000,0,4
1,Jonathan Kaye,.000,0,4
1,Justin Leonard,.000,0,4
1,J.L. Lewis,.000,0,4
1,Frank Lickliter II,.000,0,4
1,Davis Love III,.000,0,4
1,Shigeki Maruyama,.000,0,4
1,Shaun Micheel,.000,0,4
1,Kenny Perry,.000,0,4
1,Rory Sabbatini,.000,0,4
1,Adam Scott,.000,0,4
1,Vijay Singh,.000,0,4
1,Craig Stadler,.000,0,4
1,Kirk Triplett,.000,0,4
1,Bob Tway,.000,0,4
1,Mike Weir,.000,0,4
1,Tiger Woods,.000,0,4
