rank,player,Avg,Total Distance (feet),# of Attempts,Relative to par
1,Stewart Cink,"7' 8""",68.833,9,-7
2,Rory Sabbatini,"9' 4""",28.083,3,-1
3,Zach Johnson,"10' 4""",82.750,8,-2
4,Paul Casey,"11' 7""",57.833,5,-2
5,Jerry Kelly,"12' 7""",113.000,9,-3
6,Brian Gay,"13' 3""",92.917,7,-5
7,Y.E. Yang,"13' 4""",106.833,8,-1
8,Lucas Glover,"13' 6""",148.333,11,-5
8,Martin Laird,"13' 6""",67.500,5,-2
10,Retief Goosen,"14' 0""",97.917,7,-3
11,Matt Kuchar,"14' 3""",156.583,11,-3
12,Geoff Ogilvy,"14' 4""",157.417,11,-4
13,Kenny Perry,"15' 2""",136.500,9,-1
13,Steve Stricker,"15' 2""",91.000,6,-1
15,Troy Matteson,"17' 8""",70.583,4,E
16,John Rollins,"18' 5""",147.583,8,-2
17,Dustin Johnson,"18' 8""",205.250,11,-3
18,Pat Perez,"18' 10""",188.667,10,-2
19,Stephen Ames,"20' 0""",159.667,8,-1
19,Bo Van Pelt,"20' 0""",220.083,11,+2
21,Heath Slocum,"21' 2""",190.333,9,-2
22,Nick Watney,"21' 3""",85.083,4,+1
23,Mark Wilson,"22' 7""",270.750,12,-1
24,Michael Bradley,"22' 10""",114.000,5,E
25,Ryan Moore,"24' 4""",218.750,9,+1
26,Ángel Cabrera,"26' 9""",187.333,7,+1
27,Sean O'Hair,"28' 0""",56.000,2,+1
28,Nathan Green,"29' 3""",146.167,5,+1
