rank,player,Avg,Total Distance (feet),# of Attempts,GIR Rank
1,Lucas Glover,"34' 5""","2,377.167",69,Under
2,Stephen Ames,"34' 9""","2,503.750",72,Under
3,Kenny Perry,"34' 10""","2,471.417",71,Under
4,Michael Bradley,"35' 3""","2,538.667",72,Under
5,Steve Stricker,"35' 7""","2,560.250",72,Under
6,Bo Van Pelt,"35' 9""","2,539.583",71,Under
7,Stewart Cink,"36' 1""","2,564.000",71,Under
8,Pat Perez,"36' 9""","2,645.833",72,Under
9,Y.E. Yang,"37' 1""","2,633.250",71,Under
10,Geoff Ogilvy,"37' 11""","2,729.250",72,Under
11,Ryan Moore,"38' 10""","2,794.833",72,Under
12,Martin Laird,"39' 3""","2,786.000",71,Under
13,Brian Gay,"39' 5""","2,839.500",72,Under
14,Matt Kuchar,"40' 3""","2,856.500",71,Under
15,Heath Slocum,"40' 5""","2,912.000",72,Under
16,Nick Watney,"40' 8""","2,927.333",72,Under
17,Sean O'Hair,"40' 9""","2,851.750",70,Under
18,Nathan Green,"40' 10""","2,901.000",71,Under
19,Zach Johnson,"41' 1""","2,955.000",72,Under
20,Troy Matteson,"41' 6""","2,904.000",70,Under
21,John Rollins,"41' 7""","2,994.333",72,Under
22,Mark Wilson,"42' 5""","2,969.333",70,Under
23,Paul Casey,"43' 2""","3,108.083",72,Under
24,Ángel Cabrera,"43' 6""","3,130.667",72,Under
25,Jerry Kelly,"43' 11""","3,115.833",71,Under
26,Dustin Johnson,"44' 2""","3,178.250",72,Under
27,Retief Goosen,"45' 1""","3,155.917",70,Under
28,Rory Sabbatini,"46' 7""","3,353.250",72,Under
