rank,player,Avg,Total Distance (feet),# of Attempts,Relative to par
1,Lucas Glover,"11' 10""",11.833,1,E
2,Ángel Cabrera,"13' 4""",13.333,1,-1
3,John Rollins,"13' 6""",13.500,1,E
4,Nick Watney,"15' 1""",30.083,2,E
5,Zach Johnson,"18' 3""",127.667,7,-3
6,Stewart Cink,"19' 10""",59.500,3,E
7,Steve Stricker,"20' 7""",123.250,6,-1
8,Kenny Perry,"21' 2""",84.583,4,-2
9,Stephen Ames,"21' 8""",173.417,8,E
10,Troy Matteson,"21' 10""",65.500,3,E
11,Ryan Moore,"22' 3""",66.750,3,-1
12,Y.E. Yang,"23' 6""",94.083,4,-1
13,Geoff Ogilvy,"23' 10""",143.083,6,-2
14,Paul Casey,"23' 11""",167.417,7,-2
15,Michael Bradley,"24' 0""",143.917,6,E
16,Sean O'Hair,"25' 7""",128.083,5,E
17,Nathan Green,"25' 10""",155.000,6,E
18,Mark Wilson,"26' 9""",187.417,7,-2
19,Bo Van Pelt,"26' 10""",214.667,8,-1
20,Jerry Kelly,"30' 3""",121.000,4,+1
21,Martin Laird,"30' 4""",60.667,2,+1
22,Retief Goosen,"30' 10""",92.417,3,E
23,Rory Sabbatini,"31' 1""",186.333,6,E
24,Heath Slocum,"31' 5""",220.000,7,+2
25,Matt Kuchar,"32' 2""",160.917,5,E
26,Pat Perez,"35' 1""",140.250,4,+2
27,Brian Gay,"36' 9""",404.250,11,E
28,Dustin Johnson,"55' 2""",55.167,1,+1
