rank,player,Avg,Total Distance (feet),# of Attempts,Relative to par
1,Nathan Green,"14' 0""",56.000,4,-3
2,Geoff Ogilvy,"16' 5""",49.167,3,-1
3,Stephen Ames,"17' 3""",51.667,3,+1
4,Mark Wilson,"23' 1""",69.167,3,E
5,Stewart Cink,"23' 5""",93.750,4,-2
6,Brian Gay,"24' 5""",97.667,4,+1
7,Kenny Perry,"25' 4""",126.500,5,-1
8,Y.E. Yang,"26' 7""",132.750,5,-1
9,Ryan Moore,"29' 7""",148.083,5,-4
10,Troy Matteson,"30' 0""",120.083,4,E
11,Michael Bradley,"30' 3""",181.250,6,-2
12,Retief Goosen,"30' 8""",153.250,5,-4
13,Steve Stricker,"30' 9""",184.500,6,-1
14,Ángel Cabrera,"31' 6""",63.000,2,-1
15,Jerry Kelly,"33' 8""",168.250,5,+1
16,Bo Van Pelt,"33' 10""",101.500,3,E
17,Rory Sabbatini,"35' 2""",246.083,7,E
18,John Rollins,"35' 4""",282.917,8,E
19,Dustin Johnson,"36' 2""",180.667,5,-1
20,Paul Casey,"36' 9""",146.833,4,E
21,Lucas Glover,"37' 11""",265.500,7,-2
21,Nick Watney,"37' 11""",265.417,7,E
23,Pat Perez,"39' 2""",274.250,7,-2
24,Matt Kuchar,"39' 10""",159.167,4,-1
25,Martin Laird,"40' 6""",324.083,8,-2
26,Zach Johnson,"51' 9""",207.083,4,+1
27,Sean O'Hair,"57' 0""",227.833,4,E
28,Heath Slocum,"57' 3""",171.833,3,E
