rank,player,Avg,Total Distance (feet),# of Attempts,Relative to par
1,Paul Casey,"3' 11""",3.917,1,-2
2,Ryan Moore,"17' 9""",17.750,1,-1
3,Heath Slocum,"29' 1""",29.083,1,+1
4,Martin Laird,"33' 7""",33.583,1,-1
5,Troy Matteson,"40' 0""",40.000,1,E
6,Stephen Ames,"43' 2""",86.250,2,-1
7,Dustin Johnson,"44' 8""",89.333,2,-2
8,Rory Sabbatini,"44' 10""",44.833,1,E
9,Y.E. Yang,"49' 3""",98.417,2,-2
10,Nick Watney,"52' 11""",105.833,2,-1
11,Sean O'Hair,"56' 9""",56.750,1,E
12,Kenny Perry,"60' 1""",180.333,3,-1
13,Stewart Cink,"61' 9""",61.750,1,-1
14,Steve Stricker,"66' 4""",66.333,1,-1
15,Retief Goosen,"66' 11""",334.500,5,-4
16,Pat Perez,"70' 0""",279.917,4,-3
17,Brian Gay,"74' 10""",299.167,4,-1
17,Geoff Ogilvy,"74' 10""",299.250,4,-3
19,Ángel Cabrera,"79' 4""",238.000,3,E
20,Jerry Kelly,"81' 8""",163.250,2,E
21,Lucas Glover,"83' 3""",166.417,2,E
22,Bo Van Pelt,"84' 4""",168.667,2,E
23,Matt Kuchar,"87' 11""",263.833,3,E
24,Nathan Green,"96' 10""",387.333,4,-2
25,Mark Wilson,"101' 8""",101.667,1,+1
26,Zach Johnson,"102' 6""",410.000,4,+1
27,John Rollins,"118' 7""",118.583,1,-1
