rank,player,Avg,Total Distance (feet),# of Attempts,Relative to par
1,Kenny Perry,"16' 5""",131.500,8,-3
2,Stephen Ames,"19' 10""",138.833,7,-2
3,Rory Sabbatini,"20' 1""",160.917,8,E
4,Michael Bradley,"20' 10""",166.667,8,-3
4,Matt Kuchar,"20' 10""",124.833,6,-2
6,Y.E. Yang,"21' 1""",168.583,8,-2
7,Jerry Kelly,"21' 8""",130.083,6,E
8,Pat Perez,"21' 10""",196.583,9,-2
9,Heath Slocum,"22' 11""",183.500,8,-1
10,Lucas Glover,"23' 5""",116.917,5,-1
11,Mark Wilson,"25' 4""",177.333,7,-2
12,Brian Gay,"25' 9""",154.583,6,-1
13,Geoff Ogilvy,"26' 4""",236.833,9,-1
14,Martin Laird,"29' 1""",203.833,7,E
15,Steve Stricker,"29' 4""",263.917,9,-1
16,Ryan Moore,"30' 0""",180.083,6,-2
17,Ángel Cabrera,"30' 5""",243.083,8,-2
18,Retief Goosen,"30' 10""",246.667,8,-1
19,John Rollins,"31' 0""",186.000,6,+1
20,Troy Matteson,"32' 0""",223.833,7,E
21,Stewart Cink,"33' 3""",232.917,7,+2
22,Paul Casey,"33' 9""",270.000,8,-2
23,Bo Van Pelt,"34' 3""",239.917,7,+3
24,Dustin Johnson,"34' 8""",242.667,7,-4
25,Sean O'Hair,"35' 1""",140.167,4,E
26,Nathan Green,"36' 2""",289.000,8,+3
27,Zach Johnson,"37' 5""",299.167,8,-1
28,Nick Watney,"38' 3""",191.083,5,-1
