rank,player,Avg,Total Distance (feet),# of Attempts,Relative to par
1,Zach Johnson,"12' 9""",76.333,6,-1
2,Geoff Ogilvy,"13' 11""",27.750,2,-1
3,Mark Wilson,"14' 11""",89.667,6,-1
4,Matt Kuchar,"17' 0""",119.250,7,-3
5,Sean O'Hair,"18' 3""",109.500,6,-3
6,Y.E. Yang,"18' 5""",129.083,7,-2
7,Kenny Perry,"18' 7""",111.583,6,-3
7,Heath Slocum,"18' 7""",92.750,5,-1
9,John Rollins,"18' 10""",150.917,8,-1
10,Stephen Ames,"19' 11""",159.083,8,-1
11,Steve Stricker,"20' 8""",165.500,8,E
12,Lucas Glover,"21' 9""",152.333,7,-1
13,Pat Perez,"22' 0""",110.083,5,+1
14,Jerry Kelly,"23' 2""",138.833,6,-2
15,Stewart Cink,"23' 3""",93.000,4,-2
16,Bo Van Pelt,"23' 7""",188.750,8,-1
17,Nick Watney,"23' 8""",213.167,9,-2
18,Nathan Green,"24' 1""",168.667,7,-1
19,Brian Gay,"25' 6""",204.000,8,E
20,Troy Matteson,"25' 10""",232.500,9,-1
21,Michael Bradley,"26' 3""",262.750,10,-1
22,Martin Laird,"26' 10""",241.583,9,-3
23,Ryan Moore,"26' 11""",242.333,9,-1
23,Rory Sabbatini,"26' 11""",107.750,4,-1
25,Dustin Johnson,"30' 2""",90.500,3,+2
26,Retief Goosen,"33' 11""",271.250,8,-1
27,Paul Casey,"35' 9""",71.500,2,E
28,Ángel Cabrera,"44' 2""",265.083,6,+2
