rank,player,Avg,Total Distance (feet),# of Attempts,Relative to par
1,Sean O'Hair,"13' 11""",13.917,1,-2
2,Martin Laird,"53' 0""",53.000,1,E
3,Mark Wilson,"75' 7""",75.583,1,-1
4,Bo Van Pelt,"81' 5""",81.417,1,-1
5,Ryan Moore,"82' 1""",164.167,2,-2
6,Ángel Cabrera,"82' 3""",164.417,2,-1
7,Steve Stricker,"89' 3""",357.083,4,-1
8,Y.E. Yang,"94' 11""",189.750,2,+2
9,Nathan Green,"120' 0""",120.000,1,E
10,Lucas Glover,"128' 7""",128.583,1,E
11,Dustin Johnson,"129' 9""",129.750,1,-1
12,Brian Gay,"131' 0""",393.000,3,-1
13,Pat Perez,"134' 6""",269.000,2,-1
14,Retief Goosen,"136' 6""",409.500,3,-2
15,Jerry Kelly,"140' 10""",140.833,1,E
16,Heath Slocum,"141' 4""",282.667,2,E
17,Zach Johnson,"142' 10""",142.833,1,E
18,Kenny Perry,"143' 10""",143.833,1,E
19,Troy Matteson,"144' 7""",144.583,1,E
20,Stephen Ames,"145' 5""",145.417,1,E
21,John Rollins,"156' 0""",156.000,1,E
22,Geoff Ogilvy,"156' 1""",156.083,1,E
23,Stewart Cink,"168' 6""",168.500,1,E
24,Rory Sabbatini,"174' 3""",522.833,3,-1
25,Nick Watney,"189' 2""",189.167,1,-1
