rank,player,Avg,Total Distance (feet),# of Attempts,Relative to par
1,Matt Kuchar,"3' 6""",6.917,2,-2
2,Dustin Johnson,"3' 8""",3.667,1,E
3,Martin Laird,"8' 2""",24.583,3,-1
4,Nathan Green,"8' 5""",50.667,6,-5
5,Ryan Moore,"8' 10""",35.167,4,-2
6,Heath Slocum,"9' 9""",39.000,4,-1
7,Kenny Perry,"10' 0""",10.000,1,E
8,Lucas Glover,"10' 2""",30.500,3,E
9,Geoff Ogilvy,"10' 3""",51.333,5,-2
10,Stewart Cink,"10' 10""",86.583,8,-3
11,Sean O'Hair,"11' 2""",78.417,7,-4
12,Jerry Kelly,"11' 6""",22.917,2,-1
13,Steve Stricker,"11' 7""",69.583,6,-3
14,Pat Perez,"12' 2""",36.417,3,-1
15,Michael Bradley,"12' 6""",50.083,4,+2
16,Zach Johnson,"13' 6""",26.917,2,-1
17,Mark Wilson,"14' 1""",28.167,2,E
18,Y.E. Yang,"14' 2""",28.333,2,E
19,Nick Watney,"15' 11""",47.750,3,+1
20,Brian Gay,"16' 2""",48.583,3,+1
21,Retief Goosen,"17' 4""",51.917,3,E
22,John Rollins,"18' 4""",73.417,4,E
23,Ángel Cabrera,"18' 6""",73.917,4,-1
24,Stephen Ames,"22' 3""",111.250,5,E
25,Paul Casey,"23' 6""",94.083,4,-2
26,Bo Van Pelt,"26' 9""",107.000,4,+1
27,Rory Sabbatini,"27' 10""",55.583,2,E
28,Troy Matteson,"46' 7""",186.333,4,E
