rank,player,Avg,Total Strokes,Total Adjustment,Total Rounds
1,Justin Thomas,70.123,270,10.493,4
2,Hideki Matsuyama,70.873,273,10.493,4
3,Ryan Moore,71.623,276,10.493,4
3,Pat Perez,71.623,276,10.493,4
3,Jordan Spieth,71.623,276,10.493,4
6,Dustin Johnson,71.873,277,10.493,4
6,Patrick Reed,71.873,277,10.493,4
6,Brendan Steele,71.873,277,10.493,4
9,Tony Finau,72.123,278,10.493,4
9,William McGirt,72.123,278,10.493,4
9,Jimmy Walker,72.123,278,10.493,4
12,Jason Day,72.373,279,10.493,4
12,Jim Herman,72.373,279,10.493,4
14,Daniel Berger,72.623,280,10.493,4
14,Cody Gribble,72.623,280,10.493,4
14,Brandt Snedeker,72.623,280,10.493,4
17,Charley Hoffman,72.873,281,10.493,4
17,Russell Knox,72.873,281,10.493,4
17,Rod Pampling,72.873,281,10.493,4
20,Fabián Gómez,73.123,282,10.493,4
21,Jason Dufner,73.373,283,10.493,4
22,James Hahn,73.623,284,10.493,4
22,Brian Stuard,73.623,284,10.493,4
24,Vaughn Taylor,73.873,285,10.493,4
25,Aaron Baddeley,74.123,286,10.493,4
25,Mackenzie Hughes,74.123,286,10.493,4
25,Bubba Watson,74.123,286,10.493,4
28,Greg Chalmers,74.373,287,10.493,4
29,Billy Hurley III,75.373,291,10.493,4
30,Si Woo Kim,75.623,292,10.493,4
30,Jhonattan Vegas,75.623,292,10.493,4
32,Branden Grace,75.873,293,10.493,4
