rank,player,Status,Par 3 Avg,Total Par
1,John Senden,-4,2.67,36
2,Sangmoon Bae,-3,2.75,36
3,Ryan Moore,-2,2.83,36
3,S.Y. Noh,-2,2.83,36
3,Robert Streb,-2,2.83,36
3,Brendon Todd,-2,2.83,36
7,Jason Day,-1,2.92,36
7,Brian Harman,-1,2.92,36
7,Chris Kirk,-1,2.92,36
7,Matt Kuchar,-1,2.92,36
7,Ben Martin,-1,2.92,36
7,Hideki Matsuyama,-1,2.92,36
7,Scott Stallings,-1,2.92,36
7,Jimmy Walker,-1,2.92,36
15,Steven Bowditch,E,3.00,36
15,Tim Clark,E,3.00,36
15,Chesson Hadley,E,3.00,36
15,Russell Henley,E,3.00,36
15,Zach Johnson,E,3.00,36
15,Hunter Mahan,E,3.00,36
15,Geoff Ogilvy,E,3.00,36
15,Patrick Reed,E,3.00,36
15,Bubba Watson,E,3.00,36
24,Ángel Cabrera,+1,3.08,36
24,Ben Crane,+1,3.08,36
24,Matt Every,+1,3.08,36
24,Charley Hoffman,+1,3.08,36
24,Billy Horschel,+1,3.08,36
24,Camilo Villegas,+1,3.08,36
30,J.B. Holmes,+2,3.17,36
30,Matt Jones,+2,3.17,36
30,Kevin Streelman,+2,3.17,36
30,Nick Taylor,+2,3.17,36
