rank,player,Status,Par 4 Avg,Total Par
1,Jason Day,-12,3.73,176
2,Russell Henley,-11,3.75,176
3,Jimmy Walker,-10,3.77,176
4,Sangmoon Bae,-9,3.80,176
5,Zach Johnson,-8,3.82,176
5,Patrick Reed,-8,3.82,176
7,Matt Every,-7,3.84,176
7,Hideki Matsuyama,-7,3.84,176
9,Steven Bowditch,-6,3.86,176
9,Matt Jones,-6,3.86,176
9,Kevin Streelman,-6,3.86,176
12,Ben Martin,-5,3.89,176
12,Robert Streb,-5,3.89,176
12,Bubba Watson,-5,3.89,176
15,Tim Clark,-4,3.91,176
15,Brian Harman,-4,3.91,176
15,Charley Hoffman,-4,3.91,176
15,Matt Kuchar,-4,3.91,176
15,Nick Taylor,-4,3.91,176
15,Brendon Todd,-4,3.91,176
21,Chesson Hadley,-3,3.93,176
21,Billy Horschel,-3,3.93,176
21,Chris Kirk,-3,3.93,176
21,Hunter Mahan,-3,3.93,176
21,Scott Stallings,-3,3.93,176
26,Ryan Moore,-1,3.98,176
27,Ben Crane,E,4.00,176
27,S.Y. Noh,E,4.00,176
29,Geoff Ogilvy,+1,4.02,176
30,Ángel Cabrera,+2,4.05,176
30,Camilo Villegas,+2,4.05,176
32,J.B. Holmes,+6,4.14,176
32,John Senden,+6,4.14,176
