rank,player,Status,Par 5 Avg,Total Par
1,Patrick Reed,-13,4.19,80
2,Hideki Matsuyama,-12,4.25,80
2,S.Y. Noh,-12,4.25,80
4,J.B. Holmes,-11,4.31,80
4,John Senden,-11,4.31,80
6,Charley Hoffman,-10,4.38,80
6,Matt Jones,-10,4.38,80
6,Brendon Todd,-10,4.38,80
6,Jimmy Walker,-10,4.38,80
6,Bubba Watson,-10,4.38,80
11,Ángel Cabrera,-9,4.44,80
11,Russell Henley,-9,4.44,80
11,Zach Johnson,-9,4.44,80
11,Chris Kirk,-9,4.44,80
11,Hunter Mahan,-9,4.44,80
11,Geoff Ogilvy,-9,4.44,80
11,Scott Stallings,-9,4.44,80
11,Robert Streb,-9,4.44,80
19,Chesson Hadley,-8,4.50,80
19,Billy Horschel,-8,4.50,80
19,Ben Martin,-8,4.50,80
19,Ryan Moore,-8,4.50,80
19,Camilo Villegas,-8,4.50,80
24,Ben Crane,-7,4.56,80
24,Jason Day,-7,4.56,80
24,Brian Harman,-7,4.56,80
24,Matt Kuchar,-7,4.56,80
28,Sangmoon Bae,-6,4.63,80
28,Kevin Streelman,-6,4.63,80
30,Tim Clark,-5,4.69,80
31,Steven Bowditch,-4,4.75,80
31,Nick Taylor,-4,4.75,80
33,Matt Every,-2,4.88,80
