rank,player,Avg,Total Strokes,Total Holes
1,Patrick Reed,4.19,67,16
2,Hideki Matsuyama,4.25,68,16
2,S.Y. Noh,4.25,68,16
4,J.B. Holmes,4.31,69,16
4,John Senden,4.31,69,16
6,Charley Hoffman,4.38,70,16
6,Matt Jones,4.38,70,16
6,Brendon Todd,4.38,70,16
6,Jimmy Walker,4.38,70,16
6,Bubba Watson,4.38,70,16
11,Ángel Cabrera,4.44,71,16
11,Russell Henley,4.44,71,16
11,Zach Johnson,4.44,71,16
11,Chris Kirk,4.44,71,16
11,Hunter Mahan,4.44,71,16
11,Geoff Ogilvy,4.44,71,16
11,Scott Stallings,4.44,71,16
11,Robert Streb,4.44,71,16
19,Chesson Hadley,4.50,72,16
19,Billy Horschel,4.50,72,16
19,Ben Martin,4.50,72,16
19,Ryan Moore,4.50,72,16
19,Camilo Villegas,4.50,72,16
24,Ben Crane,4.56,73,16
24,Jason Day,4.56,73,16
24,Brian Harman,4.56,73,16
24,Matt Kuchar,4.56,73,16
28,Sangmoon Bae,4.63,74,16
28,Kevin Streelman,4.63,74,16
30,Tim Clark,4.69,75,16
31,Steven Bowditch,4.75,76,16
31,Nick Taylor,4.75,76,16
33,Matt Every,4.88,78,16
