rank,player,%,Par 5 Birdies or Better,Par 5 Holes
1,Patrick Reed,81.25,13,16
2,Hideki Matsuyama,75.00,12,16
3,Zach Johnson,68.75,11,16
3,S.Y. Noh,68.75,11,16
3,Geoff Ogilvy,68.75,11,16
3,Scott Stallings,68.75,11,16
7,Ángel Cabrera,62.50,10,16
7,Charley Hoffman,62.50,10,16
7,Matt Jones,62.50,10,16
7,Chris Kirk,62.50,10,16
7,John Senden,62.50,10,16
7,Robert Streb,62.50,10,16
7,Brendon Todd,62.50,10,16
7,Jimmy Walker,62.50,10,16
7,Bubba Watson,62.50,10,16
16,Jason Day,56.25,9,16
16,Russell Henley,56.25,9,16
16,J.B. Holmes,56.25,9,16
16,Hunter Mahan,56.25,9,16
20,Brian Harman,50.00,8,16
20,Billy Horschel,50.00,8,16
20,Ryan Moore,50.00,8,16
20,Camilo Villegas,50.00,8,16
24,Sangmoon Bae,43.75,7,16
24,Tim Clark,43.75,7,16
24,Ben Crane,43.75,7,16
24,Matt Every,43.75,7,16
24,Chesson Hadley,43.75,7,16
24,Matt Kuchar,43.75,7,16
24,Ben Martin,43.75,7,16
24,Kevin Streelman,43.75,7,16
32,Steven Bowditch,37.50,6,16
33,Nick Taylor,31.25,5,16
