rank,player,Avg,Total Strokes,Total Holes
1,Jason Day,3.73,164,44
2,Russell Henley,3.75,165,44
3,Jimmy Walker,3.77,166,44
4,Sangmoon Bae,3.80,167,44
5,Zach Johnson,3.82,168,44
5,Patrick Reed,3.82,168,44
7,Matt Every,3.84,169,44
7,Hideki Matsuyama,3.84,169,44
9,Steven Bowditch,3.86,170,44
9,Matt Jones,3.86,170,44
9,Kevin Streelman,3.86,170,44
12,Ben Martin,3.89,171,44
12,Robert Streb,3.89,171,44
12,Bubba Watson,3.89,171,44
15,Tim Clark,3.91,172,44
15,Brian Harman,3.91,172,44
15,Charley Hoffman,3.91,172,44
15,Matt Kuchar,3.91,172,44
15,Nick Taylor,3.91,172,44
15,Brendon Todd,3.91,172,44
21,Chesson Hadley,3.93,173,44
21,Billy Horschel,3.93,173,44
21,Chris Kirk,3.93,173,44
21,Hunter Mahan,3.93,173,44
21,Scott Stallings,3.93,173,44
26,Ryan Moore,3.98,175,44
27,Ben Crane,4.00,176,44
27,S.Y. Noh,4.00,176,44
29,Geoff Ogilvy,4.02,177,44
30,Ángel Cabrera,4.05,178,44
30,Camilo Villegas,4.05,178,44
32,J.B. Holmes,4.14,182,44
32,John Senden,4.14,182,44
