rank,player,%,Par 3 Birdies or Better,Par 3 Holes
1,Sangmoon Bae,33.33,4,12
1,Matt Kuchar,33.33,4,12
1,John Senden,33.33,4,12
1,Brendon Todd,33.33,4,12
5,S.Y. Noh,25.00,3,12
6,Jason Day,16.67,2,12
6,Chesson Hadley,16.67,2,12
6,Russell Henley,16.67,2,12
6,Zach Johnson,16.67,2,12
6,Matt Jones,16.67,2,12
6,Chris Kirk,16.67,2,12
6,Hunter Mahan,16.67,2,12
6,Ben Martin,16.67,2,12
6,Hideki Matsuyama,16.67,2,12
6,Ryan Moore,16.67,2,12
6,Geoff Ogilvy,16.67,2,12
6,Scott Stallings,16.67,2,12
6,Robert Streb,16.67,2,12
6,Kevin Streelman,16.67,2,12
6,Nick Taylor,16.67,2,12
21,Steven Bowditch,8.33,1,12
21,Tim Clark,8.33,1,12
21,Ben Crane,8.33,1,12
21,Brian Harman,8.33,1,12
21,Charley Hoffman,8.33,1,12
21,J.B. Holmes,8.33,1,12
21,Billy Horschel,8.33,1,12
21,Patrick Reed,8.33,1,12
21,Camilo Villegas,8.33,1,12
21,Jimmy Walker,8.33,1,12
21,Bubba Watson,8.33,1,12
32,Ángel Cabrera,.00,0,12
32,Matt Every,.00,0,12
