rank,player,%,Successes,Attempts
1,Tony Finau,100.00%,3,3
1,Tom Hoge,100.00%,3,3
1,Si Woo Kim,100.00%,1,1
1,Hideki Matsuyama,100.00%,1,1
1,Denny McCarthy,100.00%,1,1
1,Collin Morikawa,100.00%,1,1
7,Cameron Young,75.00%,3,4
8,Eric Cole,66.67%,2,3
8,Jason Day,66.67%,2,3
8,Max Homa,66.67%,2,3
8,Billy Horschel,66.67%,2,3
8,Chris Kirk,66.67%,2,3
8,Nick Taylor,66.67%,2,3
14,Stephan Jaeger,57.14%,4,7
14,Xander Schauffele,57.14%,4,7
16,Byeong Hun An,50.00%,1,2
16,Akshay Bhatia,50.00%,1,2
16,Sam Burns,50.00%,1,2
16,Brice Garnett,50.00%,1,2
16,Matt McCarty,50.00%,1,2
16,Justin Thomas,50.00%,3,6
16,Will Zalatoris,50.00%,1,2
23,Viktor Hovland,40.00%,2,5
24,Peter Malnati,37.50%,3,8
25,Ludvig Åberg,33.33%,1,3
25,Wyndham Clark,33.33%,1,3
25,Cam Davis,33.33%,1,3
25,Thomas Detry,33.33%,1,3
25,Aaron Rai,33.33%,1,3
30,Keegan Bradley,25.00%,1,4
30,Patrick Cantlay,25.00%,1,4
30,Nico Echavarria,25.00%,1,4
30,Matthieu Pavon,25.00%,1,4
30,Jhonattan Vegas,25.00%,1,4
35,Chris Gotterup,20.00%,1,5
35,Adam Hadwin,20.00%,1,5
37,Brian Harman,12.50%,1,8
38,Christiaan Bezuidenhout,.00%,0,1
38,Rafael Campos,.00%,0,5
38,Corey Conners,.00%,0,4
38,Nick Dunlap,.00%,0,3
38,Austin Eckroat,.00%,0,1
38,Matt Fitzpatrick,.00%,0,2
38,Max Greyserman,.00%,0,1
38,Russell Henley,.00%,0,1
38,Sungjae Im,.00%,0,2
38,Patton Kizzire,.00%,0,2
38,Jake Knapp,.00%,0,5
38,Robert MacIntyre,.00%,0,2
38,Taylor Pendrith,.00%,0,4
38,J.T. Poston,.00%,0,3
38,Adam Scott,.00%,0,2
38,Sepp Straka,.00%,0,3
38,Sahith Theegala,.00%,0,2
38,Kevin Yu,.00%,0,1
