rank,player,%,Successes,Attempts
1,Tom Hoge,100.00%,4,4
1,Denny McCarthy,100.00%,4,4
1,Maverick McNealy,100.00%,3,3
4,Christiaan Bezuidenhout,87.50%,7,8
5,Byeong Hun An,75.00%,3,4
5,Tony Finau,75.00%,3,4
5,Brice Garnett,75.00%,3,4
5,Si Woo Kim,75.00%,6,8
5,Matt McCarty,75.00%,6,8
5,Sahith Theegala,75.00%,3,4
5,Cameron Young,75.00%,6,8
5,Kevin Yu,75.00%,3,4
13,Nico Echavarria,71.43%,5,7
14,Ludvig Åberg,66.67%,2,3
14,Jason Day,66.67%,2,3
14,Thomas Detry,66.67%,6,9
14,Nick Dunlap,66.67%,2,3
14,Harry Hall,66.67%,2,3
14,Billy Horschel,66.67%,2,3
14,Sungjae Im,66.67%,4,6
14,Collin Morikawa,66.67%,2,3
14,Will Zalatoris,66.67%,2,3
23,Matt Fitzpatrick,60.00%,3,5
23,Adam Hadwin,60.00%,3,5
23,Stephan Jaeger,60.00%,3,5
26,Justin Thomas,57.14%,4,7
27,Akshay Bhatia,50.00%,1,2
27,Sam Burns,50.00%,2,4
27,Wyndham Clark,50.00%,3,6
27,Max Homa,50.00%,2,4
27,Viktor Hovland,50.00%,4,8
27,Hideki Matsuyama,50.00%,1,2
27,Adam Scott,50.00%,2,4
27,Sepp Straka,50.00%,2,4
27,Nick Taylor,50.00%,2,4
36,Patrick Cantlay,42.86%,3,7
36,J.T. Poston,42.86%,3,7
38,Eric Cole,40.00%,2,5
38,Max Greyserman,40.00%,2,5
38,Robert MacIntyre,40.00%,2,5
38,Xander Schauffele,40.00%,2,5
42,Chris Kirk,37.50%,3,8
42,Jake Knapp,37.50%,3,8
42,Peter Malnati,37.50%,3,8
45,Corey Conners,33.33%,1,3
45,Cam Davis,33.33%,2,6
45,Chris Gotterup,33.33%,1,3
45,Russell Henley,33.33%,2,6
45,Matthieu Pavon,33.33%,2,6
45,Aaron Rai,33.33%,1,3
51,Patton Kizzire,28.57%,2,7
52,Rafael Campos,25.00%,1,4
53,Jhonattan Vegas,20.00%,1,5
54,Keegan Bradley,.00%,0,2
54,Austin Eckroat,.00%,0,5
54,Brian Harman,.00%,0,5
54,Taylor Pendrith,.00%,0,1
