rank,player,%,Par or Better,Missed GIR
1,Tom Hoge,100.00%,8,8
2,Tony Finau,91.67%,11,12
3,Hideki Matsuyama,88.89%,8,9
4,Collin Morikawa,83.33%,5,6
5,Akshay Bhatia,81.25%,13,16
6,Christiaan Bezuidenhout,78.57%,11,14
6,Thomas Detry,78.57%,11,14
8,Brice Garnett,76.92%,10,13
9,Denny McCarthy,75.00%,9,12
10,Nico Echavarria,73.33%,11,15
11,Eric Cole,70.59%,12,17
12,Ludvig Åberg,69.23%,9,13
12,Byeong Hun An,69.23%,9,13
12,Sungjae Im,69.23%,9,13
15,Kevin Yu,68.75%,11,16
16,Cameron Young,68.42%,13,19
17,Matthieu Pavon,68.18%,15,22
18,Nick Dunlap,66.67%,6,9
18,Max Homa,66.67%,6,9
18,Maverick McNealy,66.67%,6,9
18,Nick Taylor,66.67%,10,15
18,Will Zalatoris,66.67%,6,9
23,Si Woo Kim,65.00%,13,20
24,Adam Hadwin,64.71%,11,17
24,Matt McCarty,64.71%,11,17
26,Xander Schauffele,63.64%,7,11
27,Jason Day,62.50%,5,8
28,Patton Kizzire,61.11%,11,18
29,Harry Hall,60.00%,6,10
29,Robert MacIntyre,60.00%,6,10
29,Peter Malnati,60.00%,15,25
29,Justin Thomas,60.00%,9,15
33,Chris Kirk,58.82%,10,17
34,Keegan Bradley,58.33%,7,12
35,Stephan Jaeger,57.89%,11,19
36,Russell Henley,57.14%,8,14
37,Viktor Hovland,56.25%,9,16
38,Sam Burns,55.56%,5,9
39,Max Greyserman,54.55%,6,11
40,Wyndham Clark,53.85%,7,13
41,Cam Davis,50.00%,7,14
41,Matt Fitzpatrick,50.00%,6,12
41,Billy Horschel,50.00%,6,12
41,Aaron Rai,50.00%,5,10
41,Sahith Theegala,50.00%,7,14
41,Davis Thompson,50.00%,5,10
41,Jhonattan Vegas,50.00%,5,10
48,Adam Scott,46.15%,6,13
49,Corey Conners,44.44%,4,9
50,Patrick Cantlay,42.86%,6,14
50,J.T. Poston,42.86%,6,14
52,Jake Knapp,42.11%,8,19
53,Austin Eckroat,41.67%,5,12
54,Rafael Campos,40.00%,6,15
54,Brian Harman,40.00%,6,15
54,Taylor Pendrith,40.00%,4,10
54,Sepp Straka,40.00%,4,10
58,Chris Gotterup,33.33%,3,9
