rank,player,%,# Saves,# Bunkers,Total O/U Par
1,Corey Conners,100.00%,1,1,E
1,Austin Eckroat,100.00%,3,3,+1.00
1,Tony Finau,100.00%,1,1,E
1,Stephan Jaeger,100.00%,3,3,-1.00
1,Robert MacIntyre,100.00%,1,1,-1.00
1,Xander Schauffele,100.00%,1,1,-1.00
7,Eric Cole,85.71%,6,7,-2.00
8,Patton Kizzire,83.33%,5,6,E
9,Ludvig Åberg,80.00%,4,5,-3.00
10,Collin Morikawa,75.00%,3,4,-2.00
10,Sahith Theegala,75.00%,3,4,E
12,Thomas Detry,66.67%,2,3,+2.00
12,Nico Echavarria,66.67%,2,3,-1.00
12,Matt Fitzpatrick,66.67%,2,3,+1.00
12,Jake Knapp,66.67%,2,3,+1.00
12,Denny McCarthy,66.67%,2,3,-2.00
12,J.T. Poston,66.67%,2,3,-1.00
18,Christiaan Bezuidenhout,50.00%,1,2,+1.00
18,Akshay Bhatia,50.00%,1,2,E
18,Patrick Cantlay,50.00%,1,2,-1.00
18,Brian Harman,50.00%,2,4,-1.00
18,Billy Horschel,50.00%,1,2,+1.00
18,Peter Malnati,50.00%,1,2,+2.00
18,Matt McCarty,50.00%,1,2,+1.00
18,Cameron Young,50.00%,1,2,+2.00
18,Kevin Yu,50.00%,1,2,+1.00
27,Justin Thomas,40.00%,2,5,+2.00
28,Keegan Bradley,33.33%,1,3,E
28,Sungjae Im,33.33%,1,3,+2.00
28,Si Woo Kim,33.33%,1,3,+2.00
28,Maverick McNealy,33.33%,1,3,+1.00
28,Matthieu Pavon,33.33%,1,3,+1.00
28,Taylor Pendrith,33.33%,2,6,-1.00
28,Adam Scott,33.33%,1,3,+2.00
28,Davis Thompson,33.33%,1,3,+3.00
36,Byeong Hun An,0.00%,0,1,+2.00
36,Sam Burns,0.00%,0,1,+1.00
36,Rafael Campos,0.00%,0,2,+2.00
36,Wyndham Clark,0.00%,0,1,+2.00
36,Jason Day,0.00%,0,1,E
36,Nick Dunlap,0.00%,0,2,E
36,Brice Garnett,0.00%,0,2,E
36,Max Greyserman,0.00%,0,1,+2.00
36,Adam Hadwin,0.00%,0,1,E
36,Harry Hall,0.00%,0,1,+1.00
36,Russell Henley,0.00%,0,1,+1.00
36,Viktor Hovland,0.00%,0,1,+1.00
36,Chris Kirk,0.00%,0,1,+1.00
36,Sepp Straka,0.00%,0,1,E
36,Jhonattan Vegas,0.00%,0,1,E
