rank,player,Avg,Total Distance (feet),# of Attempts,Relative to par
1,Tony Finau,"39' 0""",39.000,1,-1
2,Max Homa,"43' 0""",128.917,3,-2
3,Lucas Glover,"43' 4""",86.667,2,-1
4,Stewart Cink,"51' 0""",102.000,2,-2
5,Xander Schauffele,"52' 1""",156.333,3,-3
6,Cameron Smith,"57' 5""",57.417,1,-1
7,Justin Thomas,"58' 3""",174.667,3,-3
8,Patrick Reed,"60' 6""",120.917,2,-1
9,Garrick Higgo,"68' 6""",137.000,2,E
10,Patrick Cantlay,"72' 0""",216.083,3,-1
11,Lucas Herbert,"72' 7""",145.083,2,-2
12,Phil Mickelson,"79' 7""",238.750,3,-3
13,Cam Davis,"80' 4""",160.667,2,-2
14,Joel Dahmen,"87' 2""",174.250,2,-1
15,Abraham Ancer,"91' 4""",274.083,3,E
16,Jason Kokrak,"91' 10""",183.667,2,-2
16,Jon Rahm,"91' 10""",91.833,1,-1
18,Viktor Hovland,"99' 2""",297.417,3,-2
19,Bryson DeChambeau,"107' 8""",107.667,1,E
20,Branden Grace,"108' 0""",216.000,2,-2
21,Collin Morikawa,"111' 9""",223.500,2,-2
22,Sam Burns,"113' 0""",226.000,2,-1
23,Sungjae Im,"113' 11""",227.750,2,-1
24,Kevin Na,"122' 8""",122.667,1,-1
25,Seamus Power,"122' 10""",245.667,2,-2
26,Marc Leishman,"123' 6""",370.500,3,-3
27,Jordan Spieth,"126' 0""",126.000,1,-1
28,K.H. Lee,"128' 5""",128.417,1,E
29,Kevin Kisner,"131' 4""",131.333,1,-1
30,Brooks Koepka,"132' 5""",397.250,3,-3
31,Daniel Berger,"134' 5""",268.833,2,-2
32,Billy Horschel,"139' 11""",279.750,2,-1
33,Hideki Matsuyama,"141' 9""",141.750,1,-1
34,Erik van Rooyen,"141' 11""",283.833,2,-1
35,Harris English,"148' 1""",444.250,3,-2
36,Si Woo Kim,"149' 7""",299.167,2,-1
37,Talor Gooch,"163' 11""",327.833,2,-1
