rank,player,Avg,Total Distance (feet),# of Attempts,Relative to par
1,Kevin Na,"11' 9""",58.750,5,-2
2,Patrick Reed,"12' 10""",51.333,4,E
3,Daniel Berger,"13' 7""",135.750,10,-4
4,Justin Thomas,"14' 7""",131.500,9,-4
5,Kevin Kisner,"16' 10""",100.833,6,-4
6,Si Woo Kim,"16' 11""",33.833,2,E
7,Patrick Cantlay,"17' 4""",121.333,7,-1
7,Seamus Power,"17' 4""",69.250,4,-1
9,K.H. Lee,"17' 5""",87.000,5,-1
10,Abraham Ancer,"17' 6""",69.917,4,-2
11,Sungjae Im,"17' 8""",123.833,7,-4
12,Phil Mickelson,"17' 11""",143.333,8,-2
13,Stewart Cink,"18' 8""",130.500,7,-2
14,Branden Grace,"19' 0""",114.167,6,-2
15,Jordan Spieth,"19' 4""",135.583,7,-2
16,Viktor Hovland,"19' 9""",157.917,8,-2
17,Talor Gooch,"19' 11""",179.000,9,E
18,Hideki Matsuyama,"20' 5""",81.583,4,-1
19,Marc Leishman,"21' 6""",171.917,8,-2
20,Tony Finau,"22' 0""",87.833,4,E
21,Bryson DeChambeau,"22' 4""",67.000,3,E
22,Cam Davis,"22' 9""",159.083,7,-2
23,Brooks Koepka,"22' 11""",183.000,8,-3
24,Xander Schauffele,"23' 2""",138.917,6,-1
25,Matt Jones,"23' 3""",116.333,5,-1
26,Jason Kokrak,"23' 4""",140.167,6,-3
27,Sam Burns,"23' 6""",258.750,11,-2
28,Cameron Smith,"23' 11""",167.167,7,-3
29,Lucas Herbert,"24' 2""",96.667,4,-2
30,Garrick Higgo,"24' 3""",96.917,4,-1
31,Collin Morikawa,"24' 4""",97.167,4,-1
32,Erik van Rooyen,"25' 1""",200.333,8,-2
33,Joel Dahmen,"26' 7""",186.250,7,-1
34,Lucas Glover,"27' 1""",108.167,4,-1
35,Max Homa,"27' 2""",217.583,8,-1
36,Billy Horschel,"31' 11""",255.083,8,E
37,Jon Rahm,"41' 10""",125.583,3,E
38,Harris English,"45' 10""",183.417,4,+1
