rank,player,Avg,Total Distance (feet),# of Attempts,Relative to par
1,Garrick Higgo,"34' 4""",103.083,3,-2
2,Tony Finau,"36' 3""",36.250,1,-1
3,Matt Jones,"39' 9""",119.333,3,-4
4,Daniel Berger,"43' 8""",130.917,3,-3
5,Viktor Hovland,"50' 1""",150.250,3,-2
6,Harris English,"50' 9""",152.250,3,-3
6,Hideki Matsuyama,"50' 9""",202.833,4,-3
8,Xander Schauffele,"53' 4""",106.667,2,-1
9,Kevin Na,"54' 6""",217.917,4,-4
10,Talor Gooch,"55' 0""",220.083,4,-5
11,Sam Burns,"55' 9""",55.750,1,-1
12,Jon Rahm,"57' 5""",401.750,7,-6
13,Kevin Kisner,"59' 0""",294.917,5,-4
14,Bryson DeChambeau,"64' 5""",64.417,1,-1
15,Seamus Power,"65' 3""",195.750,3,-1
16,Sungjae Im,"67' 11""",271.667,4,-5
17,Justin Thomas,"70' 3""",281.083,4,-1
18,Collin Morikawa,"71' 0""",213.083,3,-1
19,Marc Leishman,"72' 7""",145.083,2,-1
20,Jason Kokrak,"72' 10""",291.250,4,-1
21,Brooks Koepka,"75' 2""",225.500,3,-2
22,Joel Dahmen,"77' 1""",308.250,4,-1
23,K.H. Lee,"81' 2""",81.167,1,E
24,Phil Mickelson,"82' 8""",330.500,4,-1
25,Si Woo Kim,"82' 11""",331.667,4,-2
26,Erik van Rooyen,"83' 2""",249.583,3,-1
27,Lucas Herbert,"83' 5""",333.750,4,-2
28,Patrick Reed,"87' 1""",348.250,4,-4
29,Jordan Spieth,"89' 7""",179.167,2,-2
30,Lucas Glover,"90' 4""",180.583,2,-2
31,Stewart Cink,"90' 10""",181.667,2,-1
32,Billy Horschel,"96' 3""",288.750,3,-2
33,Abraham Ancer,"102' 4""",409.417,4,-2
34,Patrick Cantlay,"104' 3""",208.417,2,E
35,Cameron Smith,"107' 1""",321.167,3,-3
36,Branden Grace,"126' 6""",126.500,1,E
