rank,player,Avg,Total Distance (feet),# of Attempts,Relative to par
1,Viktor Hovland,"12' 10""",38.417,3,-4
2,Collin Morikawa,"21' 11""",65.833,3,-1
3,Talor Gooch,"31' 1""",62.083,2,-1
4,Justin Thomas,"32' 5""",64.833,2,-1
5,Patrick Cantlay,"33' 11""",169.500,5,-5
6,Branden Grace,"36' 3""",108.667,3,-1
7,Jon Rahm,"38' 10""",194.333,5,-1
8,Marc Leishman,"40' 11""",122.667,3,-2
9,Daniel Berger,"42' 3""",211.333,5,-4
10,Patrick Reed,"43' 6""",173.917,4,-2
11,Kevin Kisner,"46' 9""",233.917,5,-2
12,Abraham Ancer,"47' 10""",334.583,7,-3
13,Hideki Matsuyama,"48' 0""",240.083,5,-3
14,Lucas Herbert,"49' 2""",147.417,3,-2
15,Jordan Spieth,"49' 3""",98.417,2,-1
16,Si Woo Kim,"50' 4""",201.250,4,-1
17,Kevin Na,"51' 6""",257.333,5,E
18,Stewart Cink,"52' 3""",208.833,4,-1
19,Bryson DeChambeau,"52' 6""",210.083,4,-1
20,Max Homa,"52' 10""",158.417,3,-2
21,Garrick Higgo,"53' 8""",161.000,3,+1
22,Sungjae Im,"54' 0""",269.917,5,-3
23,Cam Davis,"54' 10""",274.000,5,-2
24,Sam Burns,"57' 11""",231.583,4,-2
25,Tony Finau,"60' 10""",243.333,4,-1
26,Phil Mickelson,"61' 9""",247.000,4,-1
27,Joel Dahmen,"61' 11""",309.500,5,E
28,Seamus Power,"64' 4""",321.833,5,-3
29,Erik van Rooyen,"64' 10""",259.333,4,-4
30,Lucas Glover,"66' 9""",333.667,5,-2
31,Cameron Smith,"67' 0""",268.083,4,-2
32,Billy Horschel,"67' 5""",404.583,6,-2
33,K.H. Lee,"67' 11""",339.583,5,-3
34,Xander Schauffele,"69' 11""",419.333,6,-3
35,Brooks Koepka,"70' 4""",281.333,4,+2
36,Matt Jones,"73' 1""",219.333,3,-1
37,Jason Kokrak,"74' 5""",371.917,5,E
38,Harris English,"78' 10""",473.083,6,-2
