rank,player,Avg,Total Distance (feet),# of Attempts,Relative to par
1,Patrick Reed,"8' 5""",33.500,4,-2
2,Kevin Na,"9' 6""",57.000,6,-5
3,Collin Morikawa,"10' 1""",131.083,13,-7
4,Jon Rahm,"10' 4""",72.083,7,-2
5,Max Homa,"10' 8""",53.417,5,-2
6,Brooks Koepka,"11' 8""",46.750,4,-2
7,Hideki Matsuyama,"11' 9""",58.833,5,-1
8,Abraham Ancer,"12' 6""",87.583,7,-2
8,Cameron Smith,"12' 6""",87.750,7,-3
10,Joel Dahmen,"13' 0""",142.750,11,-8
11,Jordan Spieth,"13' 2""",78.833,6,-2
12,Patrick Cantlay,"13' 3""",66.333,5,-2
13,Branden Grace,"13' 7""",81.667,6,-3
14,Erik van Rooyen,"13' 9""",68.917,5,E
15,Garrick Higgo,"14' 0""",125.917,9,-3
16,Justin Thomas,"14' 1""",84.500,6,-3
17,Bryson DeChambeau,"14' 4""",86.000,6,-1
18,Harris English,"14' 6""",58.083,4,-2
19,Talor Gooch,"15' 3""",91.667,6,-3
20,Phil Mickelson,"15' 6""",93.083,6,-2
20,Seamus Power,"15' 6""",93.083,6,-1
22,Viktor Hovland,"15' 11""",79.750,5,E
22,Marc Leishman,"15' 11""",95.333,6,-3
24,Cam Davis,"16' 8""",149.833,9,-3
25,Si Woo Kim,"17' 1""",85.417,5,E
26,Lucas Herbert,"17' 5""",69.667,4,-1
26,Sungjae Im,"17' 5""",104.500,6,-2
28,Sam Burns,"17' 11""",125.417,7,-3
29,Xander Schauffele,"18' 6""",111.167,6,-3
30,K.H. Lee,"18' 7""",167.083,9,E
31,Billy Horschel,"20' 7""",102.833,5,-2
32,Daniel Berger,"20' 8""",123.917,6,E
33,Lucas Glover,"21' 5""",128.250,6,-1
34,Jason Kokrak,"21' 8""",108.500,5,+2
35,Matt Jones,"23' 2""",115.917,5,-2
36,Kevin Kisner,"23' 3""",93.083,4,E
37,Tony Finau,"24' 1""",120.500,5,-1
38,Stewart Cink,"24' 10""",99.250,4,E
