rank,player,Avg,Total Distance (feet),# of Attempts,Relative to par
1,Bryson DeChambeau,"7' 6""",45.000,6,-2
2,Matt Jones,"8' 1""",16.083,2,-2
3,Sam Burns,"8' 4""",58.583,7,-3
3,Branden Grace,"8' 4""",41.750,5,-2
5,Daniel Berger,"9' 2""",27.500,3,-2
6,Tony Finau,"9' 4""",74.833,8,-4
7,Stewart Cink,"9' 6""",57.000,6,-3
8,Marc Leishman,"9' 11""",29.750,3,-1
8,Hideki Matsuyama,"9' 11""",69.333,7,-5
10,Xander Schauffele,"10' 2""",30.500,3,-2
11,Max Homa,"10' 4""",72.167,7,-3
12,Lucas Glover,"10' 5""",31.333,3,-2
13,Talor Gooch,"10' 7""",84.833,8,-4
14,Cam Davis,"11' 3""",22.500,2,-1
15,Brooks Koepka,"11' 4""",68.083,6,-3
16,Patrick Reed,"11' 7""",46.417,4,-3
17,Justin Thomas,"12' 4""",61.833,5,-2
18,Si Woo Kim,"13' 5""",67.167,5,-2
19,Garrick Higgo,"13' 6""",81.083,6,-3
20,Cameron Smith,"14' 1""",98.833,7,-2
21,Sungjae Im,"14' 2""",70.917,5,-2
22,Jason Kokrak,"14' 9""",117.917,8,-1
23,Collin Morikawa,"14' 10""",59.167,4,-1
24,Jon Rahm,"15' 3""",91.667,6,-1
25,Patrick Cantlay,"16' 0""",80.083,5,-2
26,Lucas Herbert,"16' 3""",32.500,2,-1
27,Harris English,"16' 9""",134.083,8,E
28,Kevin Kisner,"17' 1""",136.417,8,-4
29,Seamus Power,"17' 7""",70.167,4,-1
30,Erik van Rooyen,"18' 0""",71.917,4,-2
31,Jordan Spieth,"18' 10""",94.000,5,E
32,Kevin Na,"19' 0""",208.750,11,-2
33,Joel Dahmen,"20' 10""",62.417,3,-1
34,Billy Horschel,"21' 10""",152.833,7,E
35,Abraham Ancer,"25' 6""",76.500,3,-1
36,K.H. Lee,"26' 0""",130.083,5,E
37,Phil Mickelson,"31' 0""",123.833,4,-1
38,Viktor Hovland,"32' 7""",65.083,2,E
