rank,player,Avg,Total Distance (feet),# of Attempts,Relative to par
1,Viktor Hovland,"20' 11""",167.167,8,-2
2,Xander Schauffele,"21' 6""",171.833,8,-1
3,Erik van Rooyen,"23' 3""",186.250,8,-3
4,Brooks Koepka,"23' 6""",141.000,6,-1
5,Harris English,"24' 8""",197.250,8,-3
6,Jon Rahm,"24' 10""",198.750,8,-3
7,Kevin Na,"24' 11""",149.667,6,E
8,Sam Burns,"25' 9""",128.917,5,-1
9,Cameron Smith,"26' 0""",208.000,8,-7
10,Max Homa,"26' 3""",209.667,8,-2
11,Phil Mickelson,"26' 5""",184.667,7,-1
12,Tony Finau,"26' 9""",133.583,5,E
13,K.H. Lee,"28' 10""",259.833,9,-1
14,Abraham Ancer,"28' 11""",288.833,10,-5
14,Collin Morikawa,"28' 11""",260.333,9,-3
16,Kevin Kisner,"29' 1""",145.583,5,-1
17,Patrick Cantlay,"29' 3""",116.833,4,-1
17,Patrick Reed,"29' 3""",205.000,7,-2
19,Daniel Berger,"30' 5""",212.750,7,-2
20,Marc Leishman,"30' 6""",304.667,10,-3
21,Matt Jones,"30' 8""",245.000,8,-4
22,Garrick Higgo,"30' 10""",277.417,9,-2
23,Cam Davis,"32' 2""",321.250,10,-5
24,Stewart Cink,"33' 10""",270.833,8,-3
25,Bryson DeChambeau,"34' 4""",171.833,5,-4
26,Sungjae Im,"35' 0""",209.750,6,-2
27,Lucas Glover,"35' 5""",283.333,8,-2
28,Talor Gooch,"37' 2""",260.333,7,-1
29,Justin Thomas,"37' 6""",262.667,7,-3
30,Jason Kokrak,"39' 6""",434.750,11,E
31,Lucas Herbert,"39' 8""",317.250,8,-2
32,Seamus Power,"40' 4""",363.167,9,E
33,Joel Dahmen,"40' 8""",284.500,7,E
34,Jordan Spieth,"43' 1""",301.500,7,-1
35,Billy Horschel,"43' 7""",261.500,6,-1
36,Branden Grace,"44' 0""",395.750,9,-1
37,Hideki Matsuyama,"45' 5""",409.000,9,-2
38,Si Woo Kim,"56' 1""",224.167,4,E
