rank,player,Avg,Total Distance (feet),# of Attempts,Relative to par
1,Jon Rahm,"17' 11""",125.500,7,-5
2,Bryson DeChambeau,"19' 10""",118.833,6,E
3,Cam Davis,"21' 10""",153.083,7,E
4,Brooks Koepka,"25' 2""",151.083,6,-1
5,Viktor Hovland,"26' 5""",264.417,10,E
6,Cameron Smith,"26' 10""",214.583,8,-3
7,Matt Jones,"28' 6""",227.667,8,-6
8,Tony Finau,"28' 9""",230.167,8,-3
9,Seamus Power,"28' 10""",230.917,8,-4
10,Jordan Spieth,"29' 2""",233.500,8,-4
11,Sungjae Im,"29' 11""",239.333,8,E
12,Kevin Kisner,"31' 0""",371.500,12,-4
13,Daniel Berger,"31' 7""",315.417,10,-1
14,Si Woo Kim,"33' 0""",329.583,10,-3
15,Hideki Matsuyama,"33' 3""",199.333,6,E
16,Kevin Na,"34' 2""",409.833,12,-5
17,Max Homa,"34' 3""",205.417,6,-1
18,Sam Burns,"34' 5""",275.333,8,-2
19,Joel Dahmen,"34' 9""",381.833,11,-1
20,Patrick Reed,"35' 6""",390.167,11,-3
21,Marc Leishman,"35' 8""",285.000,8,-4
22,Abraham Ancer,"36' 8""",256.667,7,+1
22,Patrick Cantlay,"36' 8""",256.583,7,-2
24,Billy Horschel,"36' 9""",330.500,9,-3
24,Justin Thomas,"36' 9""",257.083,7,+1
26,Stewart Cink,"40' 1""",401.000,10,-2
27,Phil Mickelson,"41' 2""",452.500,11,+1
28,Erik van Rooyen,"41' 5""",414.250,10,-2
29,Jason Kokrak,"42' 0""",294.083,7,+1
30,Garrick Higgo,"43' 6""",347.750,8,E
31,Xander Schauffele,"43' 8""",349.250,8,-1
32,Harris English,"44' 6""",311.500,7,E
33,Lucas Glover,"44' 10""",448.417,10,E
34,Talor Gooch,"45' 10""",366.583,8,E
35,Branden Grace,"46' 7""",419.333,9,+1
36,K.H. Lee,"47' 1""",423.667,9,-3
37,Collin Morikawa,"51' 5""",411.083,8,-4
38,Lucas Herbert,"56' 3""",506.417,9,-2
