rank,player,Status,Par 4 Avg,Total Par
1,Hideki Matsuyama,-18,3.59,176
2,Thomas Detry,-15,3.66,176
2,Collin Morikawa,-15,3.66,176
4,Sungjae Im,-14,3.68,176
5,Sam Burns,-13,3.70,176
6,Patrick Cantlay,-12,3.73,176
6,Corey Conners,-12,3.73,176
6,Harry Hall,-12,3.73,176
9,Ludvig Åberg,-11,3.75,176
9,Cam Davis,-11,3.75,176
9,Tom Hoge,-11,3.75,176
12,Byeong Hun An,-10,3.77,176
12,Max Greyserman,-10,3.77,176
12,Maverick McNealy,-10,3.77,176
12,Aaron Rai,-10,3.77,176
16,Taylor Pendrith,-9,3.80,176
16,Sepp Straka,-9,3.80,176
16,Sahith Theegala,-9,3.80,176
16,Jhonattan Vegas,-9,3.80,176
16,Kevin Yu,-9,3.80,176
21,Akshay Bhatia,-8,3.82,176
21,Keegan Bradley,-8,3.82,176
21,Russell Henley,-8,3.82,176
21,Max Homa,-8,3.82,176
21,Chris Kirk,-8,3.82,176
21,Adam Scott,-8,3.82,176
21,Cameron Young,-8,3.82,176
28,Christiaan Bezuidenhout,-7,3.84,176
28,Tony Finau,-7,3.84,176
28,Matt Fitzpatrick,-7,3.84,176
28,Chris Gotterup,-7,3.84,176
28,Adam Hadwin,-7,3.84,176
28,Robert MacIntyre,-7,3.84,176
28,Will Zalatoris,-7,3.84,176
35,Viktor Hovland,-6,3.86,176
35,Stephan Jaeger,-6,3.86,176
37,Jason Day,-5,3.89,176
37,Si Woo Kim,-5,3.89,176
37,Denny McCarthy,-5,3.89,176
37,Davis Thompson,-5,3.89,176
41,Rafael Campos,-4,3.91,176
41,Wyndham Clark,-4,3.91,176
41,Eric Cole,-4,3.91,176
41,Nico Echavarria,-4,3.91,176
41,Austin Eckroat,-4,3.91,176
46,Matt McCarty,-3,3.93,176
46,Matthieu Pavon,-3,3.93,176
46,Justin Thomas,-3,3.93,176
49,J.T. Poston,-2,3.95,176
49,Xander Schauffele,-2,3.95,176
51,Brice Garnett,-1,3.98,176
51,Billy Horschel,-1,3.98,176
51,Peter Malnati,-1,3.98,176
54,Nick Dunlap,E,4.00,176
54,Patton Kizzire,E,4.00,176
54,Nick Taylor,E,4.00,176
57,Brian Harman,+6,4.14,176
58,Jake Knapp,+7,4.16,176
