rank,player,Avg,Total Strokes,Total Holes
1,Hideki Matsuyama,2.50,30,12
2,Austin Eckroat,2.58,31,12
2,Collin Morikawa,2.58,31,12
4,Nico Echavarria,2.67,32,12
4,Tony Finau,2.67,32,12
4,Brice Garnett,2.67,32,12
7,Adam Hadwin,2.75,33,12
7,Brian Harman,2.75,33,12
7,Tom Hoge,2.75,33,12
7,Xander Schauffele,2.75,33,12
7,Cameron Young,2.75,33,12
7,Will Zalatoris,2.75,33,12
13,Corey Conners,2.83,34,12
13,Cam Davis,2.83,34,12
13,Nick Dunlap,2.83,34,12
13,Max Homa,2.83,34,12
13,Sungjae Im,2.83,34,12
13,Robert MacIntyre,2.83,34,12
13,Peter Malnati,2.83,34,12
13,Justin Thomas,2.83,34,12
13,Jhonattan Vegas,2.83,34,12
22,Wyndham Clark,2.92,35,12
22,Matt Fitzpatrick,2.92,35,12
22,Harry Hall,2.92,35,12
22,Matt McCarty,2.92,35,12
22,Maverick McNealy,2.92,35,12
22,J.T. Poston,2.92,35,12
22,Sepp Straka,2.92,35,12
29,Ludvig Åberg,3.00,36,12
29,Akshay Bhatia,3.00,36,12
29,Keegan Bradley,3.00,36,12
29,Sam Burns,3.00,36,12
29,Thomas Detry,3.00,36,12
29,Max Greyserman,3.00,36,12
29,Russell Henley,3.00,36,12
29,Patton Kizzire,3.00,36,12
29,Jake Knapp,3.00,36,12
29,Denny McCarthy,3.00,36,12
29,Matthieu Pavon,3.00,36,12
29,Taylor Pendrith,3.00,36,12
29,Adam Scott,3.00,36,12
29,Nick Taylor,3.00,36,12
43,Jason Day,3.08,37,12
43,Chris Gotterup,3.08,37,12
43,Billy Horschel,3.08,37,12
43,Stephan Jaeger,3.08,37,12
43,Aaron Rai,3.08,37,12
48,Byeong Hun An,3.17,38,12
48,Christiaan Bezuidenhout,3.17,38,12
48,Eric Cole,3.17,38,12
48,Viktor Hovland,3.17,38,12
48,Davis Thompson,3.17,38,12
48,Kevin Yu,3.17,38,12
54,Rafael Campos,3.25,39,12
54,Patrick Cantlay,3.25,39,12
54,Si Woo Kim,3.25,39,12
54,Sahith Theegala,3.25,39,12
58,Chris Kirk,3.33,40,12
