rank,player,Status,Par 5 Avg,Total Par
1,Wyndham Clark,-16,4.00,80
2,Si Woo Kim,-14,4.13,80
2,Patton Kizzire,-14,4.13,80
2,Justin Thomas,-14,4.13,80
2,Jhonattan Vegas,-14,4.13,80
6,Ludvig Åberg,-13,4.19,80
6,Keegan Bradley,-13,4.19,80
6,Sungjae Im,-13,4.19,80
6,Jake Knapp,-13,4.19,80
6,Taylor Pendrith,-13,4.19,80
6,Adam Scott,-13,4.19,80
12,Patrick Cantlay,-12,4.25,80
12,Austin Eckroat,-12,4.25,80
12,Matt Fitzpatrick,-12,4.25,80
12,Robert MacIntyre,-12,4.25,80
12,Maverick McNealy,-12,4.25,80
12,Collin Morikawa,-12,4.25,80
12,Aaron Rai,-12,4.25,80
12,Xander Schauffele,-12,4.25,80
12,Davis Thompson,-12,4.25,80
12,Cameron Young,-12,4.25,80
22,Viktor Hovland,-11,4.31,80
22,Hideki Matsuyama,-11,4.31,80
22,J.T. Poston,-11,4.31,80
22,Sepp Straka,-11,4.31,80
22,Nick Taylor,-11,4.31,80
27,Sam Burns,-10,4.38,80
27,Corey Conners,-10,4.38,80
27,Jason Day,-10,4.38,80
27,Tony Finau,-10,4.38,80
27,Max Greyserman,-10,4.38,80
27,Harry Hall,-10,4.38,80
27,Billy Horschel,-10,4.38,80
27,Stephan Jaeger,-10,4.38,80
35,Christiaan Bezuidenhout,-9,4.44,80
35,Cam Davis,-9,4.44,80
35,Thomas Detry,-9,4.44,80
35,Russell Henley,-9,4.44,80
35,Tom Hoge,-9,4.44,80
35,Max Homa,-9,4.44,80
35,Chris Kirk,-9,4.44,80
35,Sahith Theegala,-9,4.44,80
35,Will Zalatoris,-9,4.44,80
44,Byeong Hun An,-8,4.50,80
44,Akshay Bhatia,-8,4.50,80
44,Nico Echavarria,-8,4.50,80
44,Adam Hadwin,-8,4.50,80
44,Matthieu Pavon,-8,4.50,80
49,Eric Cole,-7,4.56,80
49,Denny McCarthy,-7,4.56,80
51,Brice Garnett,-6,4.63,80
51,Chris Gotterup,-6,4.63,80
51,Brian Harman,-6,4.63,80
51,Kevin Yu,-6,4.63,80
55,Nick Dunlap,-5,4.69,80
55,Peter Malnati,-5,4.69,80
57,Matt McCarty,-4,4.75,80
58,Rafael Campos,-3,4.81,80
