rank,player,Total,Total Par 5 Holes,Total Hole outs
1,Ludvig Åberg,2,16,0
1,Christiaan Bezuidenhout,2,16,0
1,Patrick Cantlay,2,16,0
1,Corey Conners,2,16,0
1,Tony Finau,2,16,0
1,Patton Kizzire,2,16,2
1,Jake Knapp,2,16,0
1,Taylor Pendrith,2,16,1
1,Nick Taylor,2,16,0
1,Sahith Theegala,2,16,1
1,Justin Thomas,2,16,0
12,Akshay Bhatia,1,16,0
12,Keegan Bradley,1,16,0
12,Wyndham Clark,1,16,0
12,Cam Davis,1,16,0
12,Nico Echavarria,1,16,0
12,Austin Eckroat,1,16,0
12,Adam Hadwin,1,16,0
12,Harry Hall,1,16,0
12,Brian Harman,1,16,0
12,Viktor Hovland,1,16,0
12,Sungjae Im,1,16,0
12,Si Woo Kim,1,16,0
12,Chris Kirk,1,16,0
12,Peter Malnati,1,16,0
12,Hideki Matsuyama,1,16,0
12,Collin Morikawa,1,16,0
12,Matthieu Pavon,1,16,0
12,Aaron Rai,1,16,0
12,Xander Schauffele,1,16,0
12,Davis Thompson,1,16,0
12,Jhonattan Vegas,1,16,0
12,Cameron Young,1,16,0
