rank,player,Status,Par 3 Avg,Total Par
1,Hideki Matsuyama,-6,2.50,36
2,Austin Eckroat,-5,2.58,36
2,Collin Morikawa,-5,2.58,36
4,Nico Echavarria,-4,2.67,36
4,Tony Finau,-4,2.67,36
4,Brice Garnett,-4,2.67,36
7,Adam Hadwin,-3,2.75,36
7,Brian Harman,-3,2.75,36
7,Tom Hoge,-3,2.75,36
7,Xander Schauffele,-3,2.75,36
7,Cameron Young,-3,2.75,36
7,Will Zalatoris,-3,2.75,36
13,Corey Conners,-2,2.83,36
13,Cam Davis,-2,2.83,36
13,Nick Dunlap,-2,2.83,36
13,Max Homa,-2,2.83,36
13,Sungjae Im,-2,2.83,36
13,Robert MacIntyre,-2,2.83,36
13,Peter Malnati,-2,2.83,36
13,Justin Thomas,-2,2.83,36
13,Jhonattan Vegas,-2,2.83,36
22,Wyndham Clark,-1,2.92,36
22,Matt Fitzpatrick,-1,2.92,36
22,Harry Hall,-1,2.92,36
22,Matt McCarty,-1,2.92,36
22,Maverick McNealy,-1,2.92,36
22,J.T. Poston,-1,2.92,36
22,Sepp Straka,-1,2.92,36
29,Ludvig Åberg,E,3.00,36
29,Akshay Bhatia,E,3.00,36
29,Keegan Bradley,E,3.00,36
29,Sam Burns,E,3.00,36
29,Thomas Detry,E,3.00,36
29,Max Greyserman,E,3.00,36
29,Russell Henley,E,3.00,36
29,Patton Kizzire,E,3.00,36
29,Jake Knapp,E,3.00,36
29,Denny McCarthy,E,3.00,36
29,Matthieu Pavon,E,3.00,36
29,Taylor Pendrith,E,3.00,36
29,Adam Scott,E,3.00,36
29,Nick Taylor,E,3.00,36
43,Jason Day,+1,3.08,36
43,Chris Gotterup,+1,3.08,36
43,Billy Horschel,+1,3.08,36
43,Stephan Jaeger,+1,3.08,36
43,Aaron Rai,+1,3.08,36
48,Byeong Hun An,+2,3.17,36
48,Christiaan Bezuidenhout,+2,3.17,36
48,Eric Cole,+2,3.17,36
48,Viktor Hovland,+2,3.17,36
48,Davis Thompson,+2,3.17,36
48,Kevin Yu,+2,3.17,36
54,Rafael Campos,+3,3.25,36
54,Patrick Cantlay,+3,3.25,36
54,Si Woo Kim,+3,3.25,36
54,Sahith Theegala,+3,3.25,36
58,Chris Kirk,+4,3.33,36
