rank,player,%,Par 4 Birdies or Better,Par 4 Holes
1,Hideki Matsuyama,43.18%,19,44
2,Cam Davis,40.91%,18,44
2,Sungjae Im,40.91%,18,44
4,Sam Burns,38.64%,17,44
4,Harry Hall,38.64%,17,44
4,Collin Morikawa,38.64%,17,44
7,Thomas Detry,36.36%,16,44
8,Patrick Cantlay,34.09%,15,44
8,Corey Conners,34.09%,15,44
8,Sepp Straka,34.09%,15,44
8,Jhonattan Vegas,34.09%,15,44
12,Ludvig Åberg,31.82%,14,44
13,Matt Fitzpatrick,29.55%,13,44
13,Chris Gotterup,29.55%,13,44
13,Max Greyserman,29.55%,13,44
13,Adam Hadwin,29.55%,13,44
13,Stephan Jaeger,29.55%,13,44
13,Taylor Pendrith,29.55%,13,44
13,Aaron Rai,29.55%,13,44
13,Adam Scott,29.55%,13,44
13,Cameron Young,29.55%,13,44
22,Byeong Hun An,27.27%,12,44
22,Rafael Campos,27.27%,12,44
22,Russell Henley,27.27%,12,44
22,Tom Hoge,27.27%,12,44
22,Max Homa,27.27%,12,44
22,Chris Kirk,27.27%,12,44
22,Robert MacIntyre,27.27%,12,44
22,Maverick McNealy,27.27%,12,44
22,Sahith Theegala,27.27%,12,44
22,Kevin Yu,27.27%,12,44
32,Austin Eckroat,25.00%,11,44
32,Si Woo Kim,25.00%,11,44
32,Justin Thomas,25.00%,11,44
32,Davis Thompson,25.00%,11,44
36,Akshay Bhatia,22.73%,10,44
36,Keegan Bradley,22.73%,10,44
36,Wyndham Clark,22.73%,10,44
36,J.T. Poston,22.73%,10,44
40,Christiaan Bezuidenhout,20.45%,9,44
40,Tony Finau,20.45%,9,44
40,Will Zalatoris,20.45%,9,44
43,Eric Cole,18.18%,8,44
43,Billy Horschel,18.18%,8,44
43,Viktor Hovland,18.18%,8,44
43,Matthieu Pavon,18.18%,8,44
43,Xander Schauffele,18.18%,8,44
48,Jason Day,15.91%,7,44
48,Nico Echavarria,15.91%,7,44
48,Jake Knapp,15.91%,7,44
48,Peter Malnati,15.91%,7,44
48,Denny McCarthy,15.91%,7,44
48,Matt McCarty,15.91%,7,44
48,Nick Taylor,15.91%,7,44
55,Nick Dunlap,13.64%,6,44
56,Brian Harman,11.36%,5,44
56,Patton Kizzire,11.36%,5,44
58,Brice Garnett,9.09%,4,44
