rank,player,Avg,Total Strokes,Total Holes
1,Hideki Matsuyama,3.59,158,44
2,Thomas Detry,3.66,161,44
2,Collin Morikawa,3.66,161,44
4,Sungjae Im,3.68,162,44
5,Sam Burns,3.70,163,44
6,Patrick Cantlay,3.73,164,44
6,Corey Conners,3.73,164,44
6,Harry Hall,3.73,164,44
9,Ludvig Åberg,3.75,165,44
9,Cam Davis,3.75,165,44
9,Tom Hoge,3.75,165,44
12,Byeong Hun An,3.77,166,44
12,Max Greyserman,3.77,166,44
12,Maverick McNealy,3.77,166,44
12,Aaron Rai,3.77,166,44
16,Taylor Pendrith,3.80,167,44
16,Sepp Straka,3.80,167,44
16,Sahith Theegala,3.80,167,44
16,Jhonattan Vegas,3.80,167,44
16,Kevin Yu,3.80,167,44
21,Akshay Bhatia,3.82,168,44
21,Keegan Bradley,3.82,168,44
21,Russell Henley,3.82,168,44
21,Max Homa,3.82,168,44
21,Chris Kirk,3.82,168,44
21,Adam Scott,3.82,168,44
21,Cameron Young,3.82,168,44
28,Christiaan Bezuidenhout,3.84,169,44
28,Tony Finau,3.84,169,44
28,Matt Fitzpatrick,3.84,169,44
28,Chris Gotterup,3.84,169,44
28,Adam Hadwin,3.84,169,44
28,Robert MacIntyre,3.84,169,44
28,Will Zalatoris,3.84,169,44
35,Viktor Hovland,3.86,170,44
35,Stephan Jaeger,3.86,170,44
37,Jason Day,3.89,171,44
37,Si Woo Kim,3.89,171,44
37,Denny McCarthy,3.89,171,44
37,Davis Thompson,3.89,171,44
41,Rafael Campos,3.91,172,44
41,Wyndham Clark,3.91,172,44
41,Eric Cole,3.91,172,44
41,Nico Echavarria,3.91,172,44
41,Austin Eckroat,3.91,172,44
46,Matt McCarty,3.93,173,44
46,Matthieu Pavon,3.93,173,44
46,Justin Thomas,3.93,173,44
49,J.T. Poston,3.95,174,44
49,Xander Schauffele,3.95,174,44
51,Brice Garnett,3.98,175,44
51,Billy Horschel,3.98,175,44
51,Peter Malnati,3.98,175,44
54,Nick Dunlap,4.00,176,44
54,Patton Kizzire,4.00,176,44
54,Nick Taylor,4.00,176,44
57,Brian Harman,4.14,182,44
58,Jake Knapp,4.16,183,44
