rank,player,%,Par 5 Birdies or Better,Par 5 Holes
1,Wyndham Clark,93.75%,15,16
2,Adam Scott,87.50%,14,16
3,Patrick Cantlay,81.25%,13,16
3,Matt Fitzpatrick,81.25%,13,16
3,Si Woo Kim,81.25%,13,16
3,Jhonattan Vegas,81.25%,13,16
7,Keegan Bradley,75.00%,12,16
7,Austin Eckroat,75.00%,12,16
7,Max Greyserman,75.00%,12,16
7,Sungjae Im,75.00%,12,16
7,Patton Kizzire,75.00%,12,16
7,Robert MacIntyre,75.00%,12,16
7,Maverick McNealy,75.00%,12,16
7,J.T. Poston,75.00%,12,16
7,Xander Schauffele,75.00%,12,16
7,Justin Thomas,75.00%,12,16
7,Cameron Young,75.00%,12,16
18,Ludvig Åberg,68.75%,11,16
18,Viktor Hovland,68.75%,11,16
18,Stephan Jaeger,68.75%,11,16
18,Jake Knapp,68.75%,11,16
18,Collin Morikawa,68.75%,11,16
18,Taylor Pendrith,68.75%,11,16
18,Aaron Rai,68.75%,11,16
18,Sepp Straka,68.75%,11,16
18,Davis Thompson,68.75%,11,16
27,Sam Burns,62.50%,10,16
27,Corey Conners,62.50%,10,16
27,Jason Day,62.50%,10,16
27,Thomas Detry,62.50%,10,16
27,Nico Echavarria,62.50%,10,16
27,Russell Henley,62.50%,10,16
27,Billy Horschel,62.50%,10,16
27,Hideki Matsuyama,62.50%,10,16
27,Sahith Theegala,62.50%,10,16
27,Will Zalatoris,62.50%,10,16
37,Akshay Bhatia,56.25%,9,16
37,Cam Davis,56.25%,9,16
37,Harry Hall,56.25%,9,16
37,Tom Hoge,56.25%,9,16
37,Max Homa,56.25%,9,16
37,Chris Kirk,56.25%,9,16
37,Nick Taylor,56.25%,9,16
44,Byeong Hun An,50.00%,8,16
44,Christiaan Bezuidenhout,50.00%,8,16
44,Tony Finau,50.00%,8,16
44,Brice Garnett,50.00%,8,16
44,Adam Hadwin,50.00%,8,16
44,Brian Harman,50.00%,8,16
44,Peter Malnati,50.00%,8,16
44,Denny McCarthy,50.00%,8,16
44,Matthieu Pavon,50.00%,8,16
44,Kevin Yu,50.00%,8,16
54,Eric Cole,43.75%,7,16
54,Nick Dunlap,43.75%,7,16
54,Chris Gotterup,43.75%,7,16
54,Matt McCarty,43.75%,7,16
58,Rafael Campos,37.50%,6,16
