rank,player,%,Par 3 Birdies or Better,Par 3 Holes
1,Hideki Matsuyama,50.00%,6,12
2,Austin Eckroat,41.67%,5,12
2,Brice Garnett,41.67%,5,12
2,Collin Morikawa,41.67%,5,12
5,Nico Echavarria,33.33%,4,12
5,Tony Finau,33.33%,4,12
5,Adam Hadwin,33.33%,4,12
5,Brian Harman,33.33%,4,12
5,Denny McCarthy,33.33%,4,12
10,Cam Davis,25.00%,3,12
10,Matt Fitzpatrick,25.00%,3,12
10,Tom Hoge,25.00%,3,12
10,Max Homa,25.00%,3,12
10,Peter Malnati,25.00%,3,12
10,Maverick McNealy,25.00%,3,12
10,Aaron Rai,25.00%,3,12
10,Xander Schauffele,25.00%,3,12
10,Justin Thomas,25.00%,3,12
10,Cameron Young,25.00%,3,12
10,Will Zalatoris,25.00%,3,12
21,Ludvig Åberg,16.67%,2,12
21,Byeong Hun An,16.67%,2,12
21,Keegan Bradley,16.67%,2,12
21,Wyndham Clark,16.67%,2,12
21,Corey Conners,16.67%,2,12
21,Thomas Detry,16.67%,2,12
21,Nick Dunlap,16.67%,2,12
21,Harry Hall,16.67%,2,12
21,Russell Henley,16.67%,2,12
21,Viktor Hovland,16.67%,2,12
21,Sungjae Im,16.67%,2,12
21,Patton Kizzire,16.67%,2,12
21,Jake Knapp,16.67%,2,12
21,Robert MacIntyre,16.67%,2,12
21,Matt McCarty,16.67%,2,12
21,Taylor Pendrith,16.67%,2,12
21,J.T. Poston,16.67%,2,12
21,Adam Scott,16.67%,2,12
21,Sepp Straka,16.67%,2,12
21,Nick Taylor,16.67%,2,12
21,Jhonattan Vegas,16.67%,2,12
42,Akshay Bhatia,8.33%,1,12
42,Sam Burns,8.33%,1,12
42,Rafael Campos,8.33%,1,12
42,Patrick Cantlay,8.33%,1,12
42,Chris Gotterup,8.33%,1,12
42,Max Greyserman,8.33%,1,12
42,Chris Kirk,8.33%,1,12
42,Matthieu Pavon,8.33%,1,12
42,Sahith Theegala,8.33%,1,12
42,Davis Thompson,8.33%,1,12
52,Christiaan Bezuidenhout,.00%,0,12
52,Eric Cole,.00%,0,12
52,Jason Day,.00%,0,12
52,Billy Horschel,.00%,0,12
52,Stephan Jaeger,.00%,0,12
52,Si Woo Kim,.00%,0,12
52,Kevin Yu,.00%,0,12
