rank,player,Avg,Total Strokes,Total Holes
1,Dustin Johnson,4.25,68,16
1,Chris Kirk,4.25,68,16
1,Webb Simpson,4.25,68,16
1,Michael Thompson,4.25,68,16
5,Jason Dufner,4.31,69,16
5,Adam Scott,4.31,69,16
5,Jordan Spieth,4.31,69,16
8,Woody Austin,4.38,70,16
8,Harris English,4.38,70,16
8,Bill Haas,4.38,70,16
8,Ryan Moore,4.38,70,16
8,Brandt Snedeker,4.38,70,16
8,Jimmy Walker,4.38,70,16
8,Gary Woodland,4.38,70,16
15,Ken Duke,4.44,71,16
15,Martin Laird,4.44,71,16
15,D.A. Points,4.44,71,16
18,John Merrick,4.50,72,16
19,Jonas Blixt,4.56,73,16
20,Sangmoon Bae,4.63,74,16
20,Scott Brown,4.63,74,16
20,Billy Horschel,4.63,74,16
20,Zach Johnson,4.63,74,16
20,Matt Kuchar,4.63,74,16
20,Patrick Reed,4.63,74,16
26,Derek Ernst,4.75,76,16
26,Brian Gay,4.75,76,16
26,Boo Weekley,4.75,76,16
29,Kevin Streelman,4.88,78,16
30,Russell Henley,4.94,79,16
