rank,player,%,Par 4 Birdies or Better,Par 4 Holes
1,Kevin Streelman,40.91,18,44
2,Zach Johnson,34.09,15,44
2,Matt Kuchar,34.09,15,44
4,Billy Horschel,31.82,14,44
5,Scott Brown,25.00,11,44
5,Russell Henley,25.00,11,44
5,Ryan Moore,25.00,11,44
5,Webb Simpson,25.00,11,44
5,Jimmy Walker,25.00,11,44
10,Woody Austin,22.73,10,44
10,Jason Dufner,22.73,10,44
10,Dustin Johnson,22.73,10,44
13,Sangmoon Bae,20.45,9,44
13,Ken Duke,20.45,9,44
15,Harris English,18.18,8,44
15,Brian Gay,18.18,8,44
15,Chris Kirk,18.18,8,44
15,Martin Laird,18.18,8,44
15,Patrick Reed,18.18,8,44
20,Jonas Blixt,15.91,7,44
20,Adam Scott,15.91,7,44
20,Brandt Snedeker,15.91,7,44
20,Jordan Spieth,15.91,7,44
20,Gary Woodland,15.91,7,44
25,John Merrick,13.64,6,44
25,Boo Weekley,13.64,6,44
27,Bill Haas,11.36,5,44
27,D.A. Points,11.36,5,44
27,Michael Thompson,11.36,5,44
30,Derek Ernst,9.09,4,44
