rank,player,Avg,Total Strokes,Total Holes
1,Brian Gay,2.58,31,12
2,Ryan Moore,2.75,33,12
3,Jonas Blixt,2.83,34,12
3,Zach Johnson,2.83,34,12
3,Jordan Spieth,2.83,34,12
3,Kevin Streelman,2.83,34,12
7,Brandt Snedeker,2.92,35,12
8,Billy Horschel,3.00,36,12
8,Dustin Johnson,3.00,36,12
8,Patrick Reed,3.00,36,12
8,Adam Scott,3.00,36,12
8,Michael Thompson,3.00,36,12
13,Scott Brown,3.08,37,12
13,Jason Dufner,3.08,37,12
13,D.A. Points,3.08,37,12
13,Webb Simpson,3.08,37,12
13,Jimmy Walker,3.08,37,12
18,Ken Duke,3.17,38,12
18,Harris English,3.17,38,12
18,Chris Kirk,3.17,38,12
18,Gary Woodland,3.17,38,12
22,Woody Austin,3.25,39,12
22,Sangmoon Bae,3.25,39,12
22,Bill Haas,3.25,39,12
22,Martin Laird,3.25,39,12
22,Boo Weekley,3.25,39,12
27,Russell Henley,3.33,40,12
27,Matt Kuchar,3.33,40,12
27,John Merrick,3.33,40,12
30,Derek Ernst,3.50,42,12
