rank,player,Status,Par 5 Avg,Total Par
1,Dustin Johnson,-12,4.25,80
1,Chris Kirk,-12,4.25,80
1,Webb Simpson,-12,4.25,80
1,Michael Thompson,-12,4.25,80
5,Jason Dufner,-11,4.31,80
5,Adam Scott,-11,4.31,80
5,Jordan Spieth,-11,4.31,80
8,Woody Austin,-10,4.38,80
8,Harris English,-10,4.38,80
8,Bill Haas,-10,4.38,80
8,Ryan Moore,-10,4.38,80
8,Brandt Snedeker,-10,4.38,80
8,Jimmy Walker,-10,4.38,80
8,Gary Woodland,-10,4.38,80
15,Ken Duke,-9,4.44,80
15,Martin Laird,-9,4.44,80
15,D.A. Points,-9,4.44,80
18,John Merrick,-8,4.50,80
19,Jonas Blixt,-7,4.56,80
20,Sangmoon Bae,-6,4.63,80
20,Scott Brown,-6,4.63,80
20,Billy Horschel,-6,4.63,80
20,Zach Johnson,-6,4.63,80
20,Matt Kuchar,-6,4.63,80
20,Patrick Reed,-6,4.63,80
26,Derek Ernst,-4,4.75,80
26,Brian Gay,-4,4.75,80
26,Boo Weekley,-4,4.75,80
29,Kevin Streelman,-2,4.88,80
30,Russell Henley,-1,4.94,80
