rank,player,Status,Par 4 Avg,Total Par
1,Kevin Streelman,-13,3.70,176
2,Matt Kuchar,-12,3.73,176
3,Zach Johnson,-11,3.75,176
4,Billy Horschel,-8,3.82,176
5,Russell Henley,-6,3.86,176
5,Webb Simpson,-6,3.86,176
7,Jason Dufner,-5,3.89,176
7,Jordan Spieth,-5,3.89,176
9,Woody Austin,-4,3.91,176
9,Sangmoon Bae,-4,3.91,176
9,Harris English,-4,3.91,176
9,Patrick Reed,-4,3.91,176
13,Ken Duke,-3,3.93,176
13,Martin Laird,-3,3.93,176
13,Adam Scott,-3,3.93,176
13,Boo Weekley,-3,3.93,176
13,Gary Woodland,-3,3.93,176
18,Brian Gay,-2,3.95,176
18,Dustin Johnson,-2,3.95,176
20,Brandt Snedeker,-1,3.98,176
21,Scott Brown,E,4.00,176
21,Chris Kirk,E,4.00,176
21,Ryan Moore,E,4.00,176
24,Jonas Blixt,+2,4.05,176
24,Bill Haas,+2,4.05,176
24,Michael Thompson,+2,4.05,176
24,Jimmy Walker,+2,4.05,176
28,John Merrick,+4,4.09,176
29,Derek Ernst,+7,4.16,176
30,D.A. Points,+8,4.18,176
