rank,player,%,Par 5 Birdies or Better,Par 5 Holes
1,Chris Kirk,75.00,12,16
1,Adam Scott,75.00,12,16
1,Webb Simpson,75.00,12,16
1,Michael Thompson,75.00,12,16
1,Gary Woodland,75.00,12,16
6,Woody Austin,68.75,11,16
6,Dustin Johnson,68.75,11,16
6,Jordan Spieth,68.75,11,16
9,Jonas Blixt,62.50,10,16
9,Harris English,62.50,10,16
9,Bill Haas,62.50,10,16
9,D.A. Points,62.50,10,16
13,Jason Dufner,56.25,9,16
13,Ken Duke,56.25,9,16
13,John Merrick,56.25,9,16
13,Brandt Snedeker,56.25,9,16
13,Jimmy Walker,56.25,9,16
18,Billy Horschel,50.00,8,16
18,Matt Kuchar,50.00,8,16
18,Martin Laird,50.00,8,16
18,Ryan Moore,50.00,8,16
18,Patrick Reed,50.00,8,16
23,Sangmoon Bae,43.75,7,16
23,Scott Brown,43.75,7,16
25,Derek Ernst,37.50,6,16
25,Russell Henley,37.50,6,16
27,Zach Johnson,31.25,5,16
27,Boo Weekley,31.25,5,16
29,Brian Gay,25.00,4,16
29,Kevin Streelman,25.00,4,16
