rank,player,Avg,Total Strokes,Total Holes
1,Kevin Streelman,3.70,163,44
2,Matt Kuchar,3.73,164,44
3,Zach Johnson,3.75,165,44
4,Billy Horschel,3.82,168,44
5,Russell Henley,3.86,170,44
5,Webb Simpson,3.86,170,44
7,Jason Dufner,3.89,171,44
7,Jordan Spieth,3.89,171,44
9,Woody Austin,3.91,172,44
9,Sangmoon Bae,3.91,172,44
9,Harris English,3.91,172,44
9,Patrick Reed,3.91,172,44
13,Ken Duke,3.93,173,44
13,Martin Laird,3.93,173,44
13,Adam Scott,3.93,173,44
13,Boo Weekley,3.93,173,44
13,Gary Woodland,3.93,173,44
18,Brian Gay,3.95,174,44
18,Dustin Johnson,3.95,174,44
20,Brandt Snedeker,3.98,175,44
21,Scott Brown,4.00,176,44
21,Chris Kirk,4.00,176,44
21,Ryan Moore,4.00,176,44
24,Jonas Blixt,4.05,178,44
24,Bill Haas,4.05,178,44
24,Michael Thompson,4.05,178,44
24,Jimmy Walker,4.05,178,44
28,John Merrick,4.09,180,44
29,Derek Ernst,4.16,183,44
30,D.A. Points,4.18,184,44
