rank,player,%,Par 3 Birdies or Better,Par 3 Holes
1,Brian Gay,58.33,7,12
2,Ryan Moore,33.33,4,12
3,Zach Johnson,25.00,3,12
3,Michael Thompson,25.00,3,12
5,Sangmoon Bae,16.67,2,12
5,Jonas Blixt,16.67,2,12
5,Scott Brown,16.67,2,12
5,Russell Henley,16.67,2,12
5,Dustin Johnson,16.67,2,12
5,D.A. Points,16.67,2,12
5,Patrick Reed,16.67,2,12
5,Brandt Snedeker,16.67,2,12
5,Jordan Spieth,16.67,2,12
5,Kevin Streelman,16.67,2,12
15,Jason Dufner,8.33,1,12
15,Ken Duke,8.33,1,12
15,Harris English,8.33,1,12
15,Billy Horschel,8.33,1,12
15,Martin Laird,8.33,1,12
15,Adam Scott,8.33,1,12
15,Jimmy Walker,8.33,1,12
15,Boo Weekley,8.33,1,12
15,Gary Woodland,8.33,1,12
24,Woody Austin,.00,0,12
24,Derek Ernst,.00,0,12
24,Bill Haas,.00,0,12
24,Chris Kirk,.00,0,12
24,Matt Kuchar,.00,0,12
24,John Merrick,.00,0,12
24,Webb Simpson,.00,0,12
