rank,player,Avg,Total SG:OTT,Measured Rounds
1,Xander Schauffele,1.157,4.628,4
2,Matthew Wolff,1.006,4.023,4
3,Sung Kang,.934,3.735,4
4,Collin Morikawa,.885,3.541,4
5,Cameron Champ,.834,3.337,4
6,Justin Thomas,.632,2.528,4
7,Jon Rahm,.569,2.276,4
8,Gary Woodland,.525,2.099,4
9,Ryan Palmer,.515,2.061,4
10,Paul Casey,.459,1.837,4
10,Max Homa,.459,1.835,4
12,Rickie Fowler,.449,1.795,4
13,Joaquin Niemann,.354,1.416,4
14,Jim Herman,.240,.962,4
15,Sebastián Muñoz,.169,.678,4
16,Dustin Johnson,.156,.623,4
17,Kevin Kisner,.075,.302,4
18,Keith Mitchell,.071,.286,4
19,Patrick Reed,.065,.260,4
20,Lanto Griffin,-.005,-.018,4
21,Tyler Duncan,-.051,-.203,4
22,Corey Conners,-.052,-.208,4
23,J.B. Holmes,-.139,-.554,4
24,Nate Lashley,-.202,-.807,4
25,J.T. Poston,-.346,-1.384,4
26,Martin Trainer,-.349,-1.396,4
27,Dylan Frittelli,-.579,-2.316,4
28,Brendon Todd,-.653,-2.613,4
29,Matt Kuchar,-.788,-3.153,4
30,Adam Long,-.987,-3.948,4
31,Chez Reavie,-1.109,-4.437,4
32,Patrick Cantlay,-1.154,-4.614,4
33,Graeme McDowell,-1.218,-4.870,4
34,Kevin Na,-1.924,-7.694,4
