rank,player,Total,Distance Rank,Accuracy Rank
1,Jon Rahm,12,3,9
2,Max Homa,15,12,3
2,Gary Woodland,15,6,9
4,Collin Morikawa,19,17,2
5,Kevin Kisner,20,15,5
6,Dustin Johnson,22,3,19
7,Matthew Wolff,25,8,17
8,Sung Kang,29,10,19
9,Ryan Palmer,30,25,5
9,Justin Thomas,30,11,19
11,Cameron Champ,32,1,31
11,Rickie Fowler,32,13,19
11,Xander Schauffele,32,7,25
14,Patrick Cantlay,33,16,17
14,Lanto Griffin,33,20,13
14,Chez Reavie,33,32,1
17,Paul Casey,34,9,25
17,Adam Long,34,21,13
19,Tyler Duncan,35,30,5
20,Jim Herman,36,27,9
20,Nate Lashley,36,31,5
20,Martin Trainer,36,2,34
23,Brendon Todd,37,33,4
24,Corey Conners,38,22,16
24,Matt Kuchar,38,29,9
24,Keith Mitchell,38,5,33
27,Dylan Frittelli,41,28,13
28,J.B. Holmes,42,14,28
28,Graeme McDowell,42,23,19
30,Joaquin Niemann,45,26,19
31,Sebastián Muñoz,46,18,28
32,J.T. Poston,47,19,28
33,Patrick Reed,55,24,31
34,Kevin Na,59,34,25
