rank,player,% Made,Attempts,Putts made
1,Woody Austin,100.00,32,32
1,Sangmoon Bae,100.00,42,42
1,Jonas Blixt,100.00,40,40
1,Ken Duke,100.00,38,38
1,Harris English,100.00,42,42
1,Derek Ernst,100.00,45,45
1,Russell Henley,100.00,39,39
1,Dustin Johnson,100.00,47,47
1,Zach Johnson,100.00,45,45
1,Matt Kuchar,100.00,42,42
1,John Merrick,100.00,51,51
1,D.A. Points,100.00,47,47
1,Patrick Reed,100.00,41,41
1,Adam Scott,100.00,45,45
1,Webb Simpson,100.00,42,42
1,Brandt Snedeker,100.00,36,36
1,Jordan Spieth,100.00,41,41
1,Kevin Streelman,100.00,39,39
1,Jimmy Walker,100.00,44,44
1,Boo Weekley,100.00,54,54
1,Gary Woodland,100.00,44,44
22,Chris Kirk,98.00,50,49
23,Bill Haas,97.87,47,46
24,Jason Dufner,97.83,46,45
24,Martin Laird,97.83,46,45
26,Ryan Moore,97.78,45,44
27,Brian Gay,97.67,43,42
28,Billy Horschel,97.62,42,41
28,Michael Thompson,97.62,42,41
30,Scott Brown,95.83,48,46
