rank,player,% Made,Attempts,Putts made
1,Jason Dufner,100.00,6,6
1,Derek Ernst,100.00,7,7
1,Zach Johnson,100.00,6,6
1,John Merrick,100.00,6,6
1,Patrick Reed,100.00,4,4
1,Adam Scott,100.00,2,2
1,Brandt Snedeker,100.00,9,9
1,Jordan Spieth,100.00,7,7
1,Gary Woodland,100.00,2,2
10,Woody Austin,87.50,8,7
11,Brian Gay,85.71,7,6
11,Russell Henley,85.71,7,6
13,Matt Kuchar,84.62,13,11
14,Jimmy Walker,83.33,6,5
15,Chris Kirk,80.00,5,4
15,Martin Laird,80.00,5,4
17,Sangmoon Bae,75.00,8,6
17,Jonas Blixt,75.00,8,6
17,Billy Horschel,75.00,4,3
20,Webb Simpson,71.43,7,5
21,Bill Haas,66.67,6,4
21,Kevin Streelman,66.67,3,2
23,Ken Duke,60.00,5,3
23,Ryan Moore,60.00,5,3
23,Michael Thompson,60.00,10,6
26,D.A. Points,54.55,11,6
27,Scott Brown,50.00,2,1
27,Harris English,50.00,4,2
27,Dustin Johnson,50.00,6,3
27,Boo Weekley,50.00,4,2
