rank,player,% Made,Attempts,Putts made
1,Brian Gay,46.15,13,6
2,Jason Dufner,42.86,7,3
3,Sangmoon Bae,40.00,5,2
4,D.A. Points,33.33,9,3
5,Jordan Spieth,30.77,13,4
6,Kevin Streelman,28.57,7,2
7,Woody Austin,27.27,11,3
7,Boo Weekley,27.27,11,3
9,Jonas Blixt,25.00,8,2
9,Matt Kuchar,25.00,8,2
9,Adam Scott,25.00,12,3
9,Michael Thompson,25.00,4,1
13,Ryan Moore,18.18,11,2
14,Derek Ernst,16.67,12,2
14,Martin Laird,16.67,12,2
16,Brandt Snedeker,14.29,7,1
16,Jimmy Walker,14.29,7,1
18,John Merrick,12.50,16,2
19,Ken Duke,11.11,9,1
19,Russell Henley,11.11,9,1
21,Harris English,8.33,12,1
21,Dustin Johnson,8.33,12,1
23,Scott Brown,.00,6,-
23,Bill Haas,.00,10,-
23,Billy Horschel,.00,12,-
23,Zach Johnson,.00,4,-
23,Chris Kirk,.00,9,-
23,Patrick Reed,.00,8,-
23,Webb Simpson,.00,9,-
23,Gary Woodland,.00,7,-
