rank,player,% Made,Attempts,Putts made
1,Woody Austin,100.00,1,1
1,Chris Kirk,100.00,1,1
1,D.A. Points,100.00,1,1
1,Patrick Reed,100.00,1,1
1,Michael Thompson,100.00,3,3
6,Jonas Blixt,66.67,6,4
6,Billy Horschel,66.67,6,4
6,Jordan Spieth,66.67,6,4
9,Sangmoon Bae,50.00,2,1
9,Harris English,50.00,2,1
9,Bill Haas,50.00,2,1
12,Ryan Moore,40.00,5,2
13,Jason Dufner,33.33,3,1
13,Dustin Johnson,33.33,3,1
13,Adam Scott,33.33,3,1
13,Brandt Snedeker,33.33,3,1
17,Matt Kuchar,25.00,4,1
18,Russell Henley,20.00,5,1
18,Jimmy Walker,20.00,5,1
20,Scott Brown,.00,2,0
20,Ken Duke,.00,1,0
20,Derek Ernst,.00,4,0
20,Brian Gay,.00,2,0
20,Zach Johnson,.00,2,0
20,Martin Laird,.00,2,0
20,John Merrick,.00,1,0
20,Webb Simpson,.00,3,0
20,Kevin Streelman,.00,1,0
20,Boo Weekley,.00,2,0
20,Gary Woodland,.00,3,0
