rank,player,% Made,Attempts,Putts Made
1,Ryan Moore,27.08,48,13
2,Sangmoon Bae,25.58,43,11
3,Kevin Streelman,21.95,41,9
4,Webb Simpson,21.28,47,10
5,Brian Gay,19.61,51,10
6,Dustin Johnson,19.23,52,10
7,Ken Duke,19.15,47,9
8,Adam Scott,18.75,48,9
9,Woody Austin,15.56,45,7
10,Matt Kuchar,15.00,40,6
11,Jordan Spieth,14.29,42,6
12,Jonas Blixt,13.64,44,6
13,Patrick Reed,12.50,48,6
14,Jason Dufner,11.90,42,5
14,Brandt Snedeker,11.90,42,5
16,Jimmy Walker,11.63,43,5
17,Michael Thompson,11.54,52,6
18,Martin Laird,11.32,53,6
19,Billy Horschel,11.11,45,5
20,Scott Brown,10.53,38,4
20,Zach Johnson,10.53,38,4
22,Harris English,9.09,44,4
22,Bill Haas,9.09,44,4
24,Russell Henley,8.89,45,4
25,D.A. Points,8.70,46,4
26,John Merrick,8.33,48,4
27,Boo Weekley,8.00,50,4
28,Derek Ernst,6.12,49,3
29,Gary Woodland,4.26,47,2
30,Chris Kirk,4.00,50,2
