rank,player,% Made,Attempts,Putts Made
1,Kevin Streelman,20.83,24,5
2,Ryan Moore,18.18,22,4
3,Zach Johnson,15.38,26,4
4,Dustin Johnson,12.90,31,4
5,Adam Scott,12.00,25,3
6,Webb Simpson,11.11,27,3
7,Scott Brown,10.34,29,3
8,Sangmoon Bae,9.52,21,2
9,Billy Horschel,8.00,25,2
10,Brandt Snedeker,7.14,28,2
11,Michael Thompson,5.13,39,2
12,Jason Dufner,4.76,21,1
13,Ken Duke,4.55,22,1
13,Harris English,4.55,22,1
13,Russell Henley,4.55,22,1
16,Woody Austin,4.17,24,1
16,Matt Kuchar,4.17,24,1
18,Patrick Reed,4.00,25,1
18,Jimmy Walker,4.00,25,1
20,Derek Ernst,3.70,27,1
20,John Merrick,3.70,27,1
22,Jonas Blixt,3.45,29,1
22,Bill Haas,3.45,29,1
24,Chris Kirk,2.94,34,1
25,Brian Gay,.00,29,-
25,Martin Laird,.00,27,-
25,D.A. Points,.00,28,-
25,Jordan Spieth,.00,24,-
25,Boo Weekley,.00,26,-
25,Gary Woodland,.00,32,-
