rank,player,% Made,Attempts,Putts made
1,Russell Henley,100.00,3,3
1,Michael Thompson,100.00,2,2
3,Jimmy Walker,80.00,5,4
4,Ken Duke,71.43,7,5
4,Billy Horschel,71.43,7,5
6,Patrick Reed,66.67,3,2
7,Derek Ernst,60.00,5,3
8,Woody Austin,50.00,4,2
8,Jonas Blixt,50.00,2,1
8,Zach Johnson,50.00,6,3
8,Martin Laird,50.00,2,1
8,Adam Scott,50.00,4,2
13,Bill Haas,40.00,5,2
14,Harris English,37.50,8,3
15,Scott Brown,33.33,6,2
15,Matt Kuchar,33.33,3,1
15,John Merrick,33.33,3,1
15,Ryan Moore,33.33,3,1
15,Jordan Spieth,33.33,6,2
20,Kevin Streelman,25.00,4,1
21,Brandt Snedeker,20.00,5,1
22,Sangmoon Bae,.00,4,0
22,Jason Dufner,.00,2,0
22,Brian Gay,.00,1,0
22,Dustin Johnson,.00,2,0
22,Chris Kirk,.00,1,0
22,D.A. Points,.00,1,0
22,Webb Simpson,.00,2,0
22,Boo Weekley,.00,3,0
22,Gary Woodland,.00,3,0
