rank,player,% Made,Attempts,Putts made
1,Jason Dufner,100.00,14,14
1,Adam Scott,100.00,8,8
1,Jordan Spieth,100.00,12,12
1,Gary Woodland,100.00,16,16
5,Brandt Snedeker,95.45,22,21
6,Woody Austin,94.74,19,18
7,Derek Ernst,94.12,17,16
8,Russell Henley,93.75,16,15
9,Patrick Reed,93.33,15,14
10,Zach Johnson,92.31,13,12
10,Kevin Streelman,92.31,13,12
12,Chris Kirk,91.67,12,11
12,Martin Laird,91.67,12,11
14,Jimmy Walker,90.91,11,10
15,Scott Brown,90.00,10,9
16,Matt Kuchar,89.47,19,17
17,Webb Simpson,88.24,17,15
18,Harris English,87.50,16,14
19,Brian Gay,85.71,14,12
20,Sangmoon Bae,84.62,13,11
20,Jonas Blixt,84.62,13,11
20,Billy Horschel,84.62,13,11
23,Bill Haas,82.35,17,14
24,Dustin Johnson,76.92,13,10
25,Michael Thompson,76.47,17,13
26,Ken Duke,72.73,11,8
27,John Merrick,66.67,12,8
27,Ryan Moore,66.67,12,8
27,D.A. Points,66.67,18,12
30,Boo Weekley,62.50,8,5
