rank,player,%,Attempts,Putts made
1,Adam Scott,100.00,53,53
1,Jordan Spieth,100.00,53,53
1,Gary Woodland,100.00,60,60
4,Derek Ernst,98.39,62,61
5,Jason Dufner,98.33,60,59
6,Zach Johnson,98.28,58,57
6,Brandt Snedeker,98.28,58,57
8,Patrick Reed,98.21,56,55
9,Russell Henley,98.18,55,54
9,Jimmy Walker,98.18,55,54
11,Kevin Streelman,98.08,52,51
12,Woody Austin,98.04,51,50
13,Chris Kirk,96.77,62,60
14,Matt Kuchar,96.72,61,59
15,Webb Simpson,96.61,59,57
16,Harris English,96.55,58,56
16,Martin Laird,96.55,58,56
18,Sangmoon Bae,96.36,55,53
19,Jonas Blixt,96.23,53,51
20,Boo Weekley,95.16,62,59
21,Dustin Johnson,95.00,60,57
22,Scott Brown,94.83,58,55
23,Brian Gay,94.74,57,54
24,Billy Horschel,94.55,55,52
25,Ken Duke,93.88,49,46
26,Bill Haas,93.75,64,60
27,John Merrick,93.65,63,59
28,Michael Thompson,91.53,59,54
29,Ryan Moore,91.23,57,52
30,D.A. Points,90.77,65,59
