rank,player,% Made,Attempts,Putts made
1,Brian Gay,100.00,4,4
1,Brandt Snedeker,100.00,4,4
1,Jordan Spieth,100.00,5,5
1,Jimmy Walker,100.00,4,4
5,Woody Austin,83.33,6,5
5,Harris English,83.33,6,5
5,Zach Johnson,83.33,6,5
5,Gary Woodland,83.33,6,5
9,Sangmoon Bae,75.00,4,3
9,Jonas Blixt,75.00,4,3
9,Scott Brown,75.00,4,3
9,Chris Kirk,75.00,8,6
13,Martin Laird,71.43,7,5
14,Billy Horschel,66.67,3,2
15,Derek Ernst,60.00,5,3
15,Russell Henley,60.00,5,3
15,Adam Scott,60.00,5,3
18,Bill Haas,50.00,4,2
18,Dustin Johnson,50.00,4,2
18,Matt Kuchar,50.00,2,1
18,John Merrick,50.00,4,2
18,D.A. Points,50.00,6,3
18,Patrick Reed,50.00,4,2
18,Webb Simpson,50.00,4,2
18,Boo Weekley,50.00,4,2
26,Ken Duke,40.00,5,2
27,Kevin Streelman,33.33,6,2
28,Jason Dufner,.00,2,0
28,Ryan Moore,.00,1,0
28,Michael Thompson,.00,3,0
