rank,player,% Made,Attempts,Putts made
1,Billy Horschel,62.07,29,18
2,Jonas Blixt,60.71,28,17
3,Ken Duke,58.54,41,24
4,Woody Austin,56.25,32,18
5,Michael Thompson,53.85,26,14
6,Jordan Spieth,53.57,28,15
7,Patrick Reed,53.33,30,16
7,Jimmy Walker,53.33,30,16
9,Brian Gay,50.00,24,12
10,Scott Brown,48.28,29,14
11,Chris Kirk,47.83,23,11
11,Webb Simpson,47.83,23,11
13,Martin Laird,46.67,30,14
14,Adam Scott,46.43,28,13
15,Brandt Snedeker,45.83,24,11
16,John Merrick,45.45,22,10
17,Bill Haas,44.00,25,11
18,Dustin Johnson,43.48,23,10
19,Sangmoon Bae,42.86,35,15
20,Harris English,42.42,33,14
21,Gary Woodland,42.31,26,11
22,Ryan Moore,41.18,34,14
23,Matt Kuchar,40.00,25,10
23,D.A. Points,40.00,25,10
23,Kevin Streelman,40.00,30,12
26,Russell Henley,38.46,39,15
26,Zach Johnson,38.46,26,10
28,Derek Ernst,26.67,30,8
29,Jason Dufner,25.81,31,8
30,Boo Weekley,25.00,36,9
