rank,player,% Made,Attempts,Putts made
1,Billy Horschel,100.00,3,3
1,Zach Johnson,100.00,1,1
1,Martin Laird,100.00,2,2
1,Patrick Reed,100.00,5,5
1,Adam Scott,100.00,3,3
1,Webb Simpson,100.00,1,1
1,Kevin Streelman,100.00,4,4
1,Michael Thompson,100.00,4,4
1,Gary Woodland,100.00,4,4
10,Jonas Blixt,83.33,6,5
11,John Merrick,80.00,5,4
12,Chris Kirk,75.00,4,3
12,Jimmy Walker,75.00,4,3
14,Ken Duke,71.43,7,5
15,Jason Dufner,66.67,6,4
15,D.A. Points,66.67,3,2
17,Brian Gay,60.00,5,3
17,Ryan Moore,60.00,5,3
19,Woody Austin,50.00,4,2
19,Scott Brown,50.00,8,4
19,Harris English,50.00,2,1
19,Russell Henley,50.00,4,2
19,Dustin Johnson,50.00,2,1
19,Brandt Snedeker,50.00,2,1
19,Jordan Spieth,50.00,4,2
19,Boo Weekley,50.00,6,3
27,Bill Haas,33.33,6,2
27,Matt Kuchar,33.33,3,1
29,Sangmoon Bae,.00,3,0
29,Derek Ernst,.00,2,0
