rank,player,% Made,Attempts,Putts made
1,Webb Simpson,63.64,11,7
2,Bill Haas,60.00,5,3
3,Dustin Johnson,55.56,9,5
4,Ryan Moore,46.67,15,7
5,Brian Gay,44.44,9,4
6,Ken Duke,43.75,16,7
7,Jonas Blixt,42.86,7,3
8,Sangmoon Bae,41.18,17,7
9,Jordan Spieth,40.00,5,2
10,Billy Horschel,37.50,8,3
10,Matt Kuchar,37.50,8,3
12,Scott Brown,33.33,3,1
12,Patrick Reed,33.33,15,5
12,Michael Thompson,33.33,9,3
15,Woody Austin,30.00,10,3
16,Martin Laird,28.57,14,4
16,Brandt Snedeker,28.57,7,2
18,Adam Scott,27.27,11,3
18,Jimmy Walker,27.27,11,3
20,Gary Woodland,25.00,8,2
21,Harris English,20.00,10,2
21,John Merrick,20.00,5,1
21,Kevin Streelman,20.00,10,2
24,Russell Henley,14.29,14,2
24,Chris Kirk,14.29,7,1
26,D.A. Points,11.11,9,1
27,Boo Weekley,7.69,13,1
28,Jason Dufner,7.14,14,1
29,Derek Ernst,.00,10,-
29,Zach Johnson,.00,8,-
