rank,player,%,Attempts,Putts made
1,Patrick Reed,73.33,15,11
2,Billy Horschel,71.43,21,15
3,Jimmy Walker,68.42,19,13
4,Woody Austin,68.18,22,15
5,Ken Duke,68.00,25,17
6,Jonas Blixt,66.67,21,14
7,Michael Thompson,64.71,17,11
8,Chris Kirk,62.50,16,10
8,Martin Laird,62.50,16,10
10,Adam Scott,58.82,17,10
11,Jordan Spieth,56.52,23,13
12,D.A. Points,56.25,16,9
13,Zach Johnson,55.56,18,10
14,Brian Gay,53.33,15,8
15,John Merrick,52.94,17,9
15,Brandt Snedeker,52.94,17,9
17,Harris English,52.17,23,12
18,Russell Henley,52.00,25,13
19,Scott Brown,50.00,26,13
19,Kevin Streelman,50.00,20,10
19,Gary Woodland,50.00,18,9
22,Sangmoon Bae,44.44,18,8
23,Jason Dufner,41.18,17,7
23,Matt Kuchar,41.18,17,7
25,Derek Ernst,40.00,20,8
25,Bill Haas,40.00,20,8
27,Ryan Moore,36.84,19,7
28,Dustin Johnson,35.71,14,5
29,Boo Weekley,34.78,23,8
30,Webb Simpson,33.33,12,4
