rank,player,% Made,Attempts,Putts made
1,Ken Duke,100.00,5,5
1,Jimmy Walker,100.00,1,1
3,Sangmoon Bae,80.00,5,4
4,Woody Austin,71.43,7,5
5,Scott Brown,66.67,6,4
5,Martin Laird,66.67,3,2
5,Brandt Snedeker,66.67,3,2
8,Matt Kuchar,60.00,5,3
8,D.A. Points,60.00,5,3
8,Kevin Streelman,60.00,5,3
11,Jason Dufner,50.00,4,2
11,Derek Ernst,50.00,4,2
11,Russell Henley,50.00,8,4
11,Billy Horschel,50.00,2,1
11,John Merrick,50.00,4,2
11,Patrick Reed,50.00,2,1
11,Adam Scott,50.00,2,1
11,Webb Simpson,50.00,2,1
19,Harris English,40.00,5,2
19,Michael Thompson,40.00,5,2
21,Boo Weekley,37.50,8,3
22,Jonas Blixt,33.33,3,1
22,Brian Gay,33.33,3,1
22,Bill Haas,33.33,3,1
22,Dustin Johnson,33.33,3,1
22,Zach Johnson,33.33,3,1
27,Ryan Moore,20.00,5,1
28,Chris Kirk,.00,2,0
28,Jordan Spieth,.00,2,0
28,Gary Woodland,.00,2,0
