rank,player,% Made,Attempts,Putts made
1,Zach Johnson,10.53,19,2
2,Adam Scott,9.52,21,2
2,Brandt Snedeker,9.52,21,2
4,Webb Simpson,8.33,24,2
4,Michael Thompson,8.33,24,2
6,Dustin Johnson,8.00,25,2
7,Kevin Streelman,6.67,15,1
8,Sangmoon Bae,6.25,16,1
8,Jason Dufner,6.25,16,1
10,Russell Henley,5.88,17,1
11,Ken Duke,5.56,18,1
11,Billy Horschel,5.56,18,1
13,Bill Haas,5.26,19,1
14,Matt Kuchar,4.76,21,1
15,John Merrick,4.55,22,1
15,Patrick Reed,4.55,22,1
17,Scott Brown,4.35,23,1
18,Jonas Blixt,4.17,24,1
19,Chris Kirk,3.85,26,1
20,Woody Austin,.00,17,-
20,Harris English,.00,17,-
20,Derek Ernst,.00,22,-
20,Brian Gay,.00,21,-
20,Martin Laird,.00,16,-
20,Ryan Moore,.00,14,-
20,D.A. Points,.00,19,-
20,Jordan Spieth,.00,18,-
20,Jimmy Walker,.00,20,-
20,Boo Weekley,.00,21,-
20,Gary Woodland,.00,22,-
