rank,player,Putts Made
1,Kevin Streelman,5.0
2,Dustin Johnson,4.0
2,Zach Johnson,4.0
2,Ryan Moore,4.0
5,Scott Brown,3.0
5,Adam Scott,3.0
5,Webb Simpson,3.0
8,Sangmoon Bae,2.0
8,Billy Horschel,2.0
8,Brandt Snedeker,2.0
8,Michael Thompson,2.0
12,Woody Austin,1.0
12,Jonas Blixt,1.0
12,Jason Dufner,1.0
12,Ken Duke,1.0
12,Harris English,1.0
12,Derek Ernst,1.0
12,Bill Haas,1.0
12,Russell Henley,1.0
12,Chris Kirk,1.0
12,Matt Kuchar,1.0
12,John Merrick,1.0
12,Patrick Reed,1.0
12,Jimmy Walker,1.0
25,Brian Gay,.0
25,Martin Laird,.0
25,D.A. Points,.0
25,Jordan Spieth,.0
25,Boo Weekley,.0
25,Gary Woodland,.0
