rank,player,% Made,Attempts,Putts made
1,Woody Austin,100.00,11,11
1,Sangmoon Bae,100.00,5,5
1,Jonas Blixt,100.00,5,5
1,Scott Brown,100.00,8,8
1,Jason Dufner,100.00,8,8
1,Harris English,100.00,12,12
1,Russell Henley,100.00,9,9
1,Dustin Johnson,100.00,7,7
1,Chris Kirk,100.00,7,7
1,Matt Kuchar,100.00,6,6
1,Martin Laird,100.00,7,7
1,Adam Scott,100.00,6,6
1,Webb Simpson,100.00,10,10
1,Jordan Spieth,100.00,5,5
1,Kevin Streelman,100.00,10,10
1,Michael Thompson,100.00,7,7
1,Jimmy Walker,100.00,5,5
1,Gary Woodland,100.00,14,14
19,Brandt Snedeker,92.31,13,12
20,Bill Haas,90.91,11,10
20,Patrick Reed,90.91,11,10
22,Derek Ernst,90.00,10,9
23,Billy Horschel,88.89,9,8
24,Brian Gay,85.71,7,6
24,Zach Johnson,85.71,7,6
24,D.A. Points,85.71,7,6
27,Ken Duke,83.33,6,5
28,Boo Weekley,75.00,4,3
29,Ryan Moore,71.43,7,5
30,John Merrick,33.33,6,2
