rank,player,Putts Made
1,Ryan Moore,13.0
2,Sangmoon Bae,11.0
3,Brian Gay,10.0
3,Dustin Johnson,10.0
3,Webb Simpson,10.0
6,Ken Duke,9.0
6,Adam Scott,9.0
6,Kevin Streelman,9.0
9,Woody Austin,7.0
10,Jonas Blixt,6.0
10,Matt Kuchar,6.0
10,Martin Laird,6.0
10,Patrick Reed,6.0
10,Jordan Spieth,6.0
10,Michael Thompson,6.0
16,Jason Dufner,5.0
16,Billy Horschel,5.0
16,Brandt Snedeker,5.0
16,Jimmy Walker,5.0
20,Scott Brown,4.0
20,Harris English,4.0
20,Bill Haas,4.0
20,Russell Henley,4.0
20,Zach Johnson,4.0
20,John Merrick,4.0
20,D.A. Points,4.0
20,Boo Weekley,4.0
28,Derek Ernst,3.0
29,Chris Kirk,2.0
29,Gary Woodland,2.0
