rank,player,Avg,Total SG:OTT,Measured Rounds
1,Sergio Garcia,1.025,4.100,4
2,Tiger Woods,.995,3.978,4
3,Ryan Palmer,.737,2.949,4
4,Brent Geiberger,.653,2.611,4
5,Retief Goosen,.623,2.493,4
6,Todd Hamilton,.430,1.720,4
7,Mark Hensby,.428,1.710,4
8,John Daly,.409,1.635,4
9,Adam Scott,.354,1.416,4
10,Mike Weir,.276,1.102,4
11,Bart Bryant,.226,.903,4
12,Jonathan Byrd,.208,.832,4
13,David Toms,.205,.821,4
14,Stuart Appleby,.115,.460,4
15,Ernie Els,.101,.404,4
16,Andre Stolz,.052,.208,4
17,Vaughn Taylor,.045,.179,4
18,Jonathan Kaye,-.095,-.380,4
19,Stewart Cink,-.133,-.532,4
20,Stephen Ames,-.233,-.933,4
21,Vijay Singh,-.251,-1.004,4
22,Chad Campbell,-.303,-1.212,4
23,Rod Pampling,-.325,-1.301,4
24,Carlos Franco,-.339,-1.354,4
25,Craig Parry,-.506,-2.024,4
26,Woody Austin,-.590,-2.358,4
27,Zach Johnson,-.623,-2.492,4
28,Fred Funk,-.682,-2.726,4
29,Joey Sindelar,-.765,-3.058,4
30,Heath Slocum,-.937,-3.749,4
31,Steve Flesch,-1.103,-4.412,4
