rank,player,Total,Distance Rank,Accuracy Rank
1,Todd Hamilton,16,14,2
2,Brent Geiberger,18,11,7
3,Ryan Palmer,19,9,10
4,Stephen Ames,22,7,15
4,Vijay Singh,22,4,18
4,Vaughn Taylor,22,15,7
7,Stuart Appleby,23,5,18
7,David Toms,23,16,7
9,Sergio Garcia,25,3,22
10,Retief Goosen,26,8,18
11,Bart Bryant,27,26,1
12,Steve Flesch,28,24,4
12,Adam Scott,28,18,10
14,Tiger Woods,29,1,28
15,Jonathan Kaye,30,20,10
16,Heath Slocum,31,21,10
17,Rod Pampling,32,10,22
18,John Daly,33,2,31
18,Ernie Els,33,6,27
18,Fred Funk,33,30,3
18,Joey Sindelar,33,28,5
22,Jonathan Byrd,34,12,22
23,Craig Parry,36,31,5
24,Mark Hensby,37,22,15
25,Chad Campbell,39,29,10
25,Carlos Franco,39,17,22
27,Mike Weir,40,25,15
28,Zach Johnson,41,23,18
29,Andre Stolz,43,13,30
30,Stewart Cink,47,19,28
31,Woody Austin,49,27,22
