rank,player,% Made,Attempts,Putts Made
1,Brooks Koepka,5.00,4,2
2,Cameron Smith,2.86,7,2
3,Patrick Cantlay,1.43,7,1
3,Stewart Cink,1.43,14,2
5,Matt Jones,1.25,8,1
5,Jason Kokrak,1.25,8,1
5,Justin Thomas,1.25,8,1
8,Erik van Rooyen,1.11,9,1
9,Joel Dahmen,.91,11,1
9,Bryson DeChambeau,.91,11,1
11,Abraham Ancer,.83,12,1
11,Billy Horschel,.83,12,1
13,Kevin Kisner,.77,13,1
13,Patrick Reed,.77,13,1
15,Daniel Berger,.00,5,0
15,Sam Burns,.00,10,0
15,Cam Davis,.00,9,0
15,Harris English,.00,5,0
15,Tony Finau,.00,9,0
15,Lucas Glover,.00,11,0
15,Talor Gooch,.00,10,0
15,Branden Grace,.00,7,0
15,Lucas Herbert,.00,16,0
15,Garrick Higgo,.00,8,0
15,Max Homa,.00,11,0
15,Viktor Hovland,.00,9,0
15,Sungjae Im,.00,8,0
15,Si Woo Kim,.00,8,0
15,K.H. Lee,.00,9,0
15,Marc Leishman,.00,15,0
15,Hideki Matsuyama,.00,11,0
15,Phil Mickelson,.00,8,0
15,Collin Morikawa,.00,7,0
15,Kevin Na,.00,8,0
15,Seamus Power,.00,9,0
15,Jon Rahm,.00,11,0
15,Xander Schauffele,.00,12,0
15,Jordan Spieth,.00,9,0
