rank,player,% Made,Attempts,Putts Made
1,Sam Burns,2.50,4,1
1,Cam Davis,2.50,8,2
1,Marc Leishman,2.50,4,1
4,Xander Schauffele,1.43,7,1
5,Abraham Ancer,.00,1,0
5,Daniel Berger,.00,1,0
5,Patrick Cantlay,.00,3,0
5,Stewart Cink,.00,3,0
5,Joel Dahmen,.00,9,0
5,Bryson DeChambeau,.00,2,0
5,Harris English,.00,8,0
5,Tony Finau,.00,4,0
5,Lucas Glover,.00,2,0
5,Talor Gooch,.00,1,0
5,Branden Grace,.00,2,0
5,Lucas Herbert,.00,4,0
5,Garrick Higgo,.00,7,0
5,Max Homa,.00,6,0
5,Billy Horschel,.00,3,0
5,Viktor Hovland,.00,4,0
5,Sungjae Im,.00,6,0
5,Matt Jones,.00,2,0
5,Si Woo Kim,.00,1,0
5,Kevin Kisner,.00,3,0
5,Brooks Koepka,.00,7,0
5,Jason Kokrak,.00,5,0
5,K.H. Lee,.00,2,0
5,Hideki Matsuyama,.00,4,0
5,Phil Mickelson,.00,1,0
5,Collin Morikawa,.00,3,0
5,Kevin Na,.00,3,0
5,Seamus Power,.00,1,0
5,Jon Rahm,.00,5,0
5,Patrick Reed,.00,2,0
5,Cameron Smith,.00,5,0
5,Jordan Spieth,.00,5,0
5,Justin Thomas,.00,5,0
5,Erik van Rooyen,.00,4,0
