rank,player,%,Attempts,Putts made
1,Jason Kokrak,18.75,16,3
2,Cameron Smith,17.65,17,3
3,Joel Dahmen,12.00,25,3
4,Brooks Koepka,11.11,18,2
5,Sungjae Im,9.52,21,2
6,Stewart Cink,9.09,22,2
6,Garrick Higgo,9.09,22,2
8,Cam Davis,8.00,25,2
9,Abraham Ancer,7.14,14,1
9,Patrick Cantlay,7.14,14,1
9,Branden Grace,7.14,14,1
12,Matt Jones,6.67,15,1
13,Justin Thomas,6.25,16,1
13,Erik van Rooyen,6.25,16,1
15,Bryson DeChambeau,5.88,17,1
15,Patrick Reed,5.88,17,1
17,Billy Horschel,5.56,18,1
17,Kevin Kisner,5.56,18,1
17,K.H. Lee,5.56,18,1
20,Sam Burns,5.26,19,1
20,Talor Gooch,5.26,19,1
20,Jon Rahm,5.26,19,1
23,Marc Leishman,4.76,21,1
24,Harris English,4.55,22,1
24,Jordan Spieth,4.55,22,1
26,Xander Schauffele,4.17,24,1
27,Daniel Berger,.00,12,0
27,Tony Finau,.00,16,0
27,Lucas Glover,.00,17,0
27,Lucas Herbert,.00,23,0
27,Max Homa,.00,20,0
27,Viktor Hovland,.00,17,0
27,Si Woo Kim,.00,14,0
27,Hideki Matsuyama,.00,18,0
27,Phil Mickelson,.00,12,0
27,Collin Morikawa,.00,10,0
27,Kevin Na,.00,14,0
27,Seamus Power,.00,15,0
