rank,player,% Made,Attempts,Putts Made
1,Jason Kokrak,6.67,3,2
2,Joel Dahmen,4.00,5,2
3,Jon Rahm,3.33,3,1
4,Garrick Higgo,2.86,7,2
4,Sungjae Im,2.86,7,2
6,Branden Grace,2.00,5,1
6,Cameron Smith,2.00,5,1
8,K.H. Lee,1.43,7,1
9,Talor Gooch,1.25,8,1
9,Jordan Spieth,1.25,8,1
11,Harris English,1.11,9,1
12,Abraham Ancer,.00,1,0
12,Daniel Berger,.00,6,0
12,Sam Burns,.00,5,0
12,Patrick Cantlay,.00,4,0
12,Stewart Cink,.00,5,0
12,Cam Davis,.00,8,0
12,Bryson DeChambeau,.00,4,0
12,Tony Finau,.00,3,0
12,Lucas Glover,.00,4,0
12,Lucas Herbert,.00,3,0
12,Max Homa,.00,3,0
12,Billy Horschel,.00,3,0
12,Viktor Hovland,.00,4,0
12,Matt Jones,.00,5,0
12,Si Woo Kim,.00,5,0
12,Kevin Kisner,.00,2,0
12,Brooks Koepka,.00,7,0
12,Marc Leishman,.00,2,0
12,Hideki Matsuyama,.00,3,0
12,Phil Mickelson,.00,3,0
12,Kevin Na,.00,3,0
12,Seamus Power,.00,5,0
12,Patrick Reed,.00,2,0
12,Xander Schauffele,.00,5,0
12,Justin Thomas,.00,3,0
12,Erik van Rooyen,.00,3,0
