rank,player,%,Attempts,Putts made
1,Bryson DeChambeau,66.67,3,2
2,Joel Dahmen,50.00,4,2
2,Justin Thomas,50.00,4,2
4,Patrick Reed,42.86,7,3
5,Cam Davis,33.33,6,2
5,Lucas Herbert,33.33,3,1
5,Jon Rahm,33.33,12,4
8,Sam Burns,27.27,11,3
9,Sungjae Im,25.00,8,2
9,Matt Jones,25.00,16,4
9,Brooks Koepka,25.00,4,1
9,Collin Morikawa,25.00,12,3
9,Erik van Rooyen,25.00,8,2
14,Tony Finau,22.22,9,2
14,Seamus Power,22.22,9,2
16,Xander Schauffele,20.00,5,1
16,Jordan Spieth,20.00,5,1
18,Kevin Na,18.18,11,2
19,Kevin Kisner,16.67,6,1
20,Abraham Ancer,14.29,7,1
20,Stewart Cink,14.29,7,1
20,Garrick Higgo,14.29,7,1
20,Max Homa,14.29,7,1
20,Si Woo Kim,14.29,7,1
20,Jason Kokrak,14.29,7,1
20,Hideki Matsuyama,14.29,7,1
27,Daniel Berger,12.50,8,1
27,Cameron Smith,12.50,8,1
29,Phil Mickelson,10.00,10,1
30,Patrick Cantlay,.00,3,0
30,Harris English,.00,4,0
30,Lucas Glover,.00,5,0
30,Talor Gooch,.00,6,0
30,Branden Grace,.00,6,0
30,Billy Horschel,.00,4,0
30,Viktor Hovland,.00,5,0
30,K.H. Lee,.00,6,0
30,Marc Leishman,.00,8,0
