rank,player,%,Attempts,Putts made
1,Lucas Herbert,71.43,7,5
2,Erik van Rooyen,66.67,6,4
3,Matt Jones,57.14,7,4
4,Kevin Kisner,54.55,11,6
5,Max Homa,50.00,10,5
5,Billy Horschel,50.00,6,3
5,Sungjae Im,50.00,10,5
5,Patrick Reed,50.00,10,5
5,Xander Schauffele,50.00,8,4
10,Daniel Berger,44.44,9,4
10,Jon Rahm,44.44,9,4
12,Phil Mickelson,42.86,14,6
12,Collin Morikawa,42.86,14,6
14,Garrick Higgo,40.00,10,4
14,Kevin Na,40.00,10,4
16,Sam Burns,37.50,8,3
17,Viktor Hovland,36.36,11,4
18,Abraham Ancer,33.33,9,3
18,Si Woo Kim,33.33,9,3
18,Justin Thomas,33.33,6,2
21,Cameron Smith,28.57,7,2
22,Joel Dahmen,27.27,11,3
22,Cam Davis,27.27,11,3
24,Bryson DeChambeau,25.00,8,2
24,Marc Leishman,25.00,8,2
24,Seamus Power,25.00,12,3
27,Talor Gooch,23.08,13,3
27,Branden Grace,23.08,13,3
29,Brooks Koepka,22.22,9,2
29,Hideki Matsuyama,22.22,9,2
31,Patrick Cantlay,20.00,15,3
31,Jordan Spieth,20.00,10,2
33,Harris English,16.67,12,2
34,Stewart Cink,9.09,11,1
34,Jason Kokrak,9.09,11,1
36,Tony Finau,8.33,12,1
36,Lucas Glover,8.33,12,1
38,K.H. Lee,.00,10,0
