rank,player,%,Attempts,Putts made
1,Xander Schauffele,50.00,4,2
2,Tony Finau,40.00,5,2
3,Branden Grace,30.00,10,3
4,Billy Horschel,28.57,7,2
4,Cameron Smith,28.57,7,2
6,Matt Jones,25.00,4,1
7,Bryson DeChambeau,20.00,5,1
7,Harris English,20.00,5,1
7,Collin Morikawa,20.00,5,1
10,Max Homa,16.67,6,1
10,Jon Rahm,16.67,6,1
12,Abraham Ancer,14.29,7,1
12,Kevin Kisner,14.29,7,1
12,Marc Leishman,14.29,7,1
12,Phil Mickelson,14.29,7,1
16,K.H. Lee,12.50,8,1
16,Hideki Matsuyama,12.50,8,1
18,Patrick Cantlay,11.11,9,1
18,Lucas Glover,11.11,9,1
18,Seamus Power,11.11,9,1
21,Si Woo Kim,10.00,10,1
21,Justin Thomas,10.00,10,1
23,Daniel Berger,.00,7,0
23,Sam Burns,.00,5,0
23,Stewart Cink,.00,3,0
23,Joel Dahmen,.00,3,0
23,Cam Davis,.00,4,0
23,Talor Gooch,.00,3,0
23,Lucas Herbert,.00,5,0
23,Garrick Higgo,.00,6,0
23,Viktor Hovland,.00,9,0
23,Sungjae Im,.00,7,0
23,Brooks Koepka,.00,5,0
23,Jason Kokrak,.00,6,0
23,Kevin Na,.00,6,0
23,Patrick Reed,.00,7,0
23,Jordan Spieth,.00,6,0
23,Erik van Rooyen,.00,8,0
