rank,player,Avg,Total SG:APP,Measured Rounds
1,Jhonattan Vegas,2.523,10.092,4
2,Hideki Matsuyama,2.290,9.160,4
3,Collin Morikawa,1.464,5.856,4
4,Tom Hoge,1.388,5.551,4
5,Maverick McNealy,1.177,4.709,4
6,Robert MacIntyre,1.081,4.325,4
7,Justin Thomas,1.059,4.236,4
8,Xander Schauffele,0.975,3.900,4
9,Adam Scott,0.949,3.794,4
10,Sepp Straka,0.909,3.637,4
11,Harry Hall,0.863,3.452,4
12,Taylor Pendrith,0.721,2.884,4
13,Austin Eckroat,0.707,2.826,4
14,Ludvig Åberg,0.629,2.514,4
15,Cam Davis,0.610,2.441,4
16,Keegan Bradley,0.594,2.377,4
17,Russell Henley,0.461,1.844,4
18,Corey Conners,0.363,1.452,4
19,Jason Day,0.351,1.405,4
20,Aaron Rai,0.288,1.151,4
21,Nick Taylor,0.269,1.075,4
22,Chris Gotterup,0.151,0.604,4
23,Max Homa,0.123,0.493,4
24,Stephan Jaeger,0.090,0.360,4
25,Sungjae Im,0.061,0.244,4
26,Tony Finau,0.043,0.171,4
27,Akshay Bhatia,-0.035,-0.142,4
28,Max Greyserman,-0.042,-0.168,4
29,Si Woo Kim,-0.144,-0.576,4
30,Patton Kizzire,-0.145,-0.581,4
31,Wyndham Clark,-0.158,-0.631,4
32,Denny McCarthy,-0.225,-0.902,4
33,Christiaan Bezuidenhout,-0.255,-1.022,4
33,Viktor Hovland,-0.255,-1.020,4
35,Will Zalatoris,-0.294,-1.177,4
36,Brice Garnett,-0.323,-1.294,4
37,Jake Knapp,-0.326,-1.303,4
38,Nico Echavarria,-0.363,-1.451,4
39,Brian Harman,-0.401,-1.603,4
40,Sam Burns,-0.435,-1.741,4
41,Billy Horschel,-0.462,-1.847,4
42,Davis Thompson,-0.489,-1.955,4
43,Matt Fitzpatrick,-0.527,-2.107,4
44,J.T. Poston,-0.558,-2.231,4
45,Thomas Detry,-0.589,-2.356,4
46,Patrick Cantlay,-0.590,-2.361,4
47,Sahith Theegala,-0.593,-2.373,4
48,Adam Hadwin,-0.637,-2.550,4
49,Nick Dunlap,-0.642,-2.570,4
50,Chris Kirk,-0.788,-3.151,4
51,Byeong Hun An,-0.863,-3.453,4
52,Kevin Yu,-0.889,-3.557,4
53,Rafael Campos,-0.918,-3.673,4
54,Eric Cole,-1.112,-4.448,4
55,Matthieu Pavon,-1.198,-4.792,4
56,Cameron Young,-1.222,-4.889,4
57,Matt McCarty,-1.396,-5.583,4
58,Peter Malnati,-1.620,-6.482,4
