rank,player,Avg,Total SG:ARG,Measured Rounds
1,Cameron Young,0.831,3.324,4
2,Patrick Cantlay,0.683,2.731,4
3,Sungjae Im,0.498,1.990,4
4,Patton Kizzire,0.490,1.960,4
5,Peter Malnati,0.448,1.793,4
6,Harry Hall,0.441,1.765,4
7,Tom Hoge,0.427,1.706,4
8,Byeong Hun An,0.424,1.694,4
9,Collin Morikawa,0.404,1.616,4
10,Max Homa,0.353,1.412,4
10,Adam Scott,0.353,1.411,4
12,Hideki Matsuyama,0.340,1.361,4
13,Christiaan Bezuidenhout,0.281,1.125,4
14,J.T. Poston,0.270,1.080,4
15,Stephan Jaeger,0.237,0.948,4
16,Sam Burns,0.236,0.942,4
17,Aaron Rai,0.207,0.827,4
18,Will Zalatoris,0.202,0.809,4
19,Taylor Pendrith,0.160,0.640,4
20,Cam Davis,0.130,0.521,4
21,Ludvig Åberg,0.128,0.511,4
22,Denny McCarthy,0.119,0.474,4
23,Thomas Detry,0.109,0.436,4
24,Keegan Bradley,0.097,0.388,4
25,Robert MacIntyre,0.083,0.332,4
26,Nico Echavarria,0.078,0.313,4
27,Jason Day,0.070,0.280,4
28,Brice Garnett,0.031,0.125,4
29,Chris Kirk,0.003,0.013,4
30,Eric Cole,0.000,0.001,4
31,Tony Finau,-0.001,-0.006,4
32,Billy Horschel,-0.004,-0.015,4
33,Sahith Theegala,-0.010,-0.040,4
34,Max Greyserman,-0.022,-0.089,4
35,Wyndham Clark,-0.025,-0.101,4
36,Jake Knapp,-0.026,-0.103,4
37,Justin Thomas,-0.044,-0.177,4
38,Brian Harman,-0.050,-0.200,4
39,Davis Thompson,-0.060,-0.241,4
40,Nick Dunlap,-0.075,-0.299,4
41,Russell Henley,-0.108,-0.434,4
42,Kevin Yu,-0.118,-0.473,4
43,Matt McCarty,-0.124,-0.495,4
44,Matt Fitzpatrick,-0.151,-0.606,4
45,Xander Schauffele,-0.235,-0.939,4
46,Sepp Straka,-0.255,-1.021,4
47,Rafael Campos,-0.296,-1.186,4
48,Viktor Hovland,-0.317,-1.267,4
49,Adam Hadwin,-0.338,-1.352,4
50,Si Woo Kim,-0.375,-1.501,4
51,Corey Conners,-0.391,-1.563,4
52,Jhonattan Vegas,-0.445,-1.780,4
53,Matthieu Pavon,-0.504,-2.018,4
54,Chris Gotterup,-0.522,-2.089,4
55,Nick Taylor,-0.571,-2.284,4
56,Maverick McNealy,-0.620,-2.480,4
57,Austin Eckroat,-0.967,-3.867,4
58,Akshay Bhatia,-1.217,-4.869,4
