rank,player,Avg,Total SG:Putting,Measured Rounds
1,Corey Conners,1.852,7.410,4
2,Cameron Young,1.546,6.186,4
3,Hideki Matsuyama,1.357,5.428,4
4,Sungjae Im,1.199,4.795,4
5,Austin Eckroat,1.152,4.607,4
6,Collin Morikawa,1.112,4.450,4
7,Tony Finau,1.061,4.244,4
8,Thomas Detry,1.051,4.205,4
9,Christiaan Bezuidenhout,0.862,3.449,4
10,Adam Hadwin,0.822,3.289,4
11,Tom Hoge,0.787,3.150,4
12,Akshay Bhatia,0.783,3.132,4
13,Sam Burns,0.739,2.955,4
14,Matt Fitzpatrick,0.673,2.692,4
15,Ludvig Åberg,0.658,2.631,4
16,Nico Echavarria,0.633,2.533,4
17,Patrick Cantlay,0.508,2.031,4
18,Cam Davis,0.493,1.971,4
19,Peter Malnati,0.475,1.902,4
20,Will Zalatoris,0.380,1.520,4
21,Justin Thomas,0.323,1.294,4
22,Wyndham Clark,0.256,1.024,4
23,Max Greyserman,0.246,0.985,4
24,Matthieu Pavon,0.145,0.579,4
25,Keegan Bradley,0.067,0.269,4
26,Sepp Straka,0.034,0.138,4
27,Maverick McNealy,0.012,0.049,4
28,Adam Scott,0.007,0.030,4
29,Aaron Rai,-0.018,-0.071,4
30,Si Woo Kim,-0.037,-0.147,4
31,Harry Hall,-0.070,-0.278,4
32,Russell Henley,-0.091,-0.364,4
33,Viktor Hovland,-0.161,-0.643,4
34,Taylor Pendrith,-0.165,-0.661,4
35,Chris Gotterup,-0.196,-0.784,4
36,Rafael Campos,-0.199,-0.795,4
37,Jhonattan Vegas,-0.216,-0.864,4
38,Jake Knapp,-0.315,-1.259,4
39,Stephan Jaeger,-0.380,-1.518,4
40,Robert MacIntyre,-0.407,-1.626,4
41,Sahith Theegala,-0.418,-1.673,4
42,Davis Thompson,-0.470,-1.880,4
43,Max Homa,-0.502,-2.007,4
44,Byeong Hun An,-0.547,-2.187,4
45,Chris Kirk,-0.548,-2.191,4
46,J.T. Poston,-0.611,-2.445,4
47,Xander Schauffele,-0.668,-2.670,4
48,Jason Day,-0.780,-3.118,4
49,Matt McCarty,-0.797,-3.189,4
50,Eric Cole,-0.820,-3.280,4
51,Brice Garnett,-0.935,-3.739,4
51,Patton Kizzire,-0.935,-3.738,4
53,Billy Horschel,-1.169,-4.674,4
54,Denny McCarthy,-1.252,-5.007,4
55,Nick Dunlap,-1.258,-5.030,4
56,Nick Taylor,-1.299,-5.195,4
57,Kevin Yu,-1.426,-5.703,4
58,Brian Harman,-2.237,-8.949,4
