rank,player,%,Greens Hit,Total Holes,Relative to par
1,Thomas Aiken,100.00,8,8,-0.88
1,Ricky Barnes,100.00,8,8,-0.75
1,Zac Blair,100.00,9,9,-0.67
1,K.J. Choi,100.00,8,8,-0.88
1,Stewart Cink,100.00,10,10,-0.80
1,Graham DeLaet,100.00,9,9,-0.89
1,Jason Dufner,100.00,11,11,-0.73
1,Fred Funk,100.00,9,9,-0.78
1,Robert Garrigus,100.00,8,8,-0.75
1,Lucas Glover,100.00,6,6,-1.17
1,Fabián Gómez,100.00,8,8,-0.63
1,Jason Gore,100.00,9,9,-0.56
1,Emiliano Grillo,100.00,10,10,-0.80
1,Adam Hadwin,100.00,10,10,-0.70
1,James Hahn,100.00,12,12,-0.58
1,Brian Harman,100.00,9,9,-0.78
1,Mark Hubbard,100.00,9,9,-0.89
1,John Huh,100.00,9,9,-0.56
1,Jerry Kelly,100.00,10,10,-0.80
1,Kevin Kisner,100.00,12,12,-1.00
1,Matt Kuchar,100.00,11,11,-1.09
1,Spencer Levin,100.00,11,11,-0.45
1,David Lingmerth,100.00,10,10,-1.00
1,Ben Martin,100.00,9,9,-1.11
1,Nick Mason,100.00,7,7,-0.43
1,William McGirt,100.00,9,9,-0.67
1,Francesco Molinari,100.00,10,10,-0.70
1,Kevin Na,100.00,7,7,-0.43
1,Greg Owen,100.00,8,8,-1.13
1,Kyle Reifers,100.00,10,10,-0.60
1,John Senden,100.00,10,10,-0.60
1,Webb Simpson,100.00,9,9,-0.56
1,Brandt Snedeker,100.00,12,12,-0.83
1,Kyle Stanley,100.00,12,12,-0.33
1,Daniel Summerhays,100.00,12,12,-1.00
1,Hudson Swafford,100.00,8,8,-0.75
1,Hideto Tanihara,100.00,10,10,-0.60
1,Tyrone Van Aswegen,100.00,8,8,-0.88
1,Steve Wheatcroft,100.00,7,7,-0.43
1,Tim Wilkinson,100.00,12,12,-0.58
1,Gary Woodland,100.00,12,12,-0.83
42,Jamie Lovemark,92.86,13,14,-0.92
43,Ryan Palmer,92.31,12,13,-0.83
43,Jimmy Walker,92.31,12,13,-0.83
45,J.J. Henry,91.67,11,12,-0.64
45,Charles Howell III,91.67,11,12,-0.82
45,Si Woo Kim,91.67,11,12,-0.91
45,Marc Leishman,91.67,11,12,-0.64
49,Chad Campbell,90.91,10,11,-0.60
49,Harris English,90.91,10,11,-0.90
49,Sean O'Hair,90.91,10,11,-1.10
49,Scott Piercy,90.91,10,11,-0.20
49,Vijay Singh,90.91,10,11,-0.60
54,Brendon de Jonge,90.00,9,10,-0.78
54,Zach Johnson,90.00,9,10,-0.67
54,Jeff Overton,90.00,9,10,-0.44
54,Michael Thompson,90.00,9,10,-0.67
58,Tim Clark,88.89,8,9,-0.50
58,Padraig Harrington,88.89,8,9,-0.50
58,S.Y. Noh,88.89,8,9,-0.75
58,Nick Taylor,88.89,8,9,-0.88
58,Harold Varner III,88.89,8,9,-1.00
63,Daisuke Kataoka,87.50,7,8,-1.14
63,Shawn Stefani,87.50,7,8,-0.57
63,Steve Stricker,87.50,7,8,-0.86
66,Luke Donald,85.71,6,7,-0.83
67,Adam Scott,84.62,11,13,-0.82
68,Daniel Berger,81.82,9,11,-0.78
68,Danny Lee,81.82,9,11,-1.00
70,Chez Reavie,80.00,8,10,-0.38
71,Tony Finau,78.57,11,14,-0.82
72,Shane Bertsch,77.78,7,9,-1.00
72,Yusaku Miyazato,77.78,7,9,-0.71
74,Morgan Hoffmann,75.00,9,12,-1.33
