rank,player,%,Total Hit,Total Attempts,RTP Score
1,Gary Woodland,94.44,68,72,-21.00
2,Jason Dufner,90.28,65,72,-27.00
3,Greg Owen,88.89,64,72,-23.00
4,Stewart Cink,87.50,63,72,-18.00
4,Fabián Gómez,87.50,63,72,-26.00
4,Spencer Levin,87.50,63,72,-19.00
4,Brandt Snedeker,87.50,63,72,-22.00
4,Jimmy Walker,87.50,63,72,-18.00
9,James Hahn,86.11,62,72,-20.00
9,Brian Harman,86.11,62,72,-23.00
9,Charles Howell III,86.11,62,72,-21.00
9,John Senden,86.11,62,72,-18.00
9,Webb Simpson,86.11,62,72,-22.00
9,Daniel Summerhays,86.11,62,72,-21.00
15,Graham DeLaet,84.72,61,72,-28.00
15,Ryan Palmer,84.72,61,72,-23.00
15,Kyle Stanley,84.72,61,72,-18.00
18,Tim Clark,83.33,60,72,-18.00
18,Emiliano Grillo,83.33,60,72,-21.00
18,Zach Johnson,83.33,60,72,-18.00
18,Kevin Kisner,83.33,60,72,-26.00
18,David Lingmerth,83.33,60,72,-21.00
18,Nick Mason,83.33,60,72,-22.00
18,Jeff Overton,83.33,60,72,-20.00
18,Scott Piercy,83.33,60,72,-21.00
18,Kyle Reifers,83.33,60,72,-19.00
18,Adam Scott,83.33,60,72,-18.00
28,Daniel Berger,81.94,59,72,-21.00
28,Zac Blair,81.94,59,72,-27.00
28,Harris English,81.94,59,72,-19.00
28,Tony Finau,81.94,59,72,-20.00
28,Robert Garrigus,81.94,59,72,-18.00
28,Matt Kuchar,81.94,59,72,-26.00
28,Shawn Stefani,81.94,59,72,-14.00
35,Thomas Aiken,80.56,58,72,-20.00
35,Shane Bertsch,80.56,58,72,-15.00
35,Lucas Glover,80.56,58,72,-20.00
35,Morgan Hoffmann,80.56,58,72,-22.00
35,Mark Hubbard,80.56,58,72,-22.00
35,Kevin Na,80.56,58,72,-19.00
35,S.Y. Noh,80.56,58,72,-20.00
35,Nick Taylor,80.56,58,72,-16.00
43,Brendon de Jonge,79.17,57,72,-18.00
43,Luke Donald,79.17,57,72,-18.00
43,J.J. Henry,79.17,57,72,-17.00
43,John Huh,79.17,57,72,-21.00
43,Marc Leishman,79.17,57,72,-20.00
43,Chez Reavie,79.17,57,72,-15.00
43,Michael Thompson,79.17,57,72,-18.00
50,K.J. Choi,77.78,56,72,-20.00
50,Danny Lee,77.78,56,72,-19.00
50,Jamie Lovemark,77.78,56,72,-23.00
53,Chad Campbell,76.39,55,72,-15.00
53,Fred Funk,76.39,55,72,-22.00
53,Hudson Swafford,76.39,55,72,-20.00
53,Tim Wilkinson,76.39,55,72,-21.00
57,Ricky Barnes,75.00,54,72,-19.00
57,Adam Hadwin,75.00,54,72,-17.00
57,Jerry Kelly,75.00,54,72,-17.00
57,Si Woo Kim,75.00,54,72,-24.00
57,Sean O'Hair,75.00,54,72,-23.00
57,Vijay Singh,75.00,54,72,-17.00
57,Steve Wheatcroft,75.00,54,72,-14.00
64,William McGirt,73.61,53,72,-21.00
64,Hideto Tanihara,73.61,53,72,-13.00
64,Harold Varner III,73.61,53,72,-23.00
67,Daisuke Kataoka,72.22,52,72,-19.00
67,Tyrone Van Aswegen,72.22,52,72,-19.00
69,Padraig Harrington,70.83,51,72,-16.00
69,Yusaku Miyazato,70.83,51,72,-15.00
69,Steve Stricker,70.83,51,72,-20.00
72,Jason Gore,69.44,50,72,-19.00
73,Ben Martin,65.28,47,72,-21.00
74,Francesco Molinari,63.89,46,72,-20.00
