rank,player,%,Greens Hit,Total Holes,Relative to par
1,Luke Donald,100.00,8,8,-0.38
1,Jerry Kelly,100.00,11,11,-0.09
1,Webb Simpson,100.00,16,16,-0.25
4,Kyle Stanley,93.33,14,15,-0.57
5,Spencer Levin,92.31,12,13,-0.42
5,John Senden,92.31,12,13,-0.42
7,Ricky Barnes,91.67,11,12,-0.09
8,Graham DeLaet,90.91,10,11,-0.40
9,John Huh,90.00,9,10,-0.33
9,S.Y. Noh,90.00,9,10,-0.44
11,James Hahn,88.89,16,18,-0.06
11,Kevin Na,88.89,16,18,-0.44
13,Brendon de Jonge,88.24,15,17,-0.20
13,J.J. Henry,88.24,15,17,-0.20
13,David Lingmerth,88.24,15,17,-0.13
16,Daniel Summerhays,87.50,14,16,-0.14
17,Robert Garrigus,86.67,13,15,-0.38
17,Charles Howell III,86.67,13,15,E
17,Nick Taylor,86.67,13,15,-0.08
20,Scott Piercy,85.71,12,14,-0.50
21,Gary Woodland,85.00,17,20,-0.12
22,Lucas Glover,84.21,16,19,-0.31
23,Daisuke Kataoka,83.33,10,12,-0.40
23,Chez Reavie,83.33,15,18,-0.20
23,Hudson Swafford,83.33,10,12,-0.40
23,Tyrone Van Aswegen,83.33,10,12,-0.40
27,Nick Mason,82.35,14,17,-0.36
28,Thomas Aiken,81.82,9,11,-0.22
28,Greg Owen,81.82,9,11,-0.33
28,Steve Wheatcroft,81.82,9,11,-0.11
31,Daniel Berger,81.25,13,16,-0.38
31,Tony Finau,81.25,13,16,-0.38
31,Zach Johnson,81.25,13,16,-0.54
31,Kevin Kisner,81.25,13,16,-0.31
31,Kyle Reifers,81.25,13,16,-0.62
36,Mark Hubbard,80.00,8,10,-0.25
37,Danny Lee,77.78,14,18,-0.21
37,Harold Varner III,77.78,14,18,-0.43
39,Brandt Snedeker,77.27,17,22,-0.29
40,Jason Dufner,76.92,10,13,-0.50
40,Sean O'Hair,76.92,10,13,-0.50
42,Jimmy Walker,76.19,16,21,-0.13
43,Stewart Cink,75.00,12,16,-0.08
43,Fred Funk,75.00,6,8,-0.17
43,Adam Hadwin,75.00,12,16,-0.17
43,Si Woo Kim,75.00,15,20,-0.27
43,Tim Wilkinson,75.00,12,16,-0.58
48,Jason Gore,73.33,11,15,-0.27
48,Adam Scott,73.33,11,15,-0.09
48,Shawn Stefani,73.33,11,15,-0.09
51,Zac Blair,72.73,8,11,-0.63
52,Shane Bertsch,72.22,13,18,-0.08
52,Emiliano Grillo,72.22,13,18,-0.23
52,Yusaku Miyazato,72.22,13,18,-0.38
55,Ben Martin,71.43,10,14,-0.20
56,Harris English,70.00,7,10,-0.14
56,William McGirt,70.00,7,10,-0.57
58,Brian Harman,69.23,9,13,-0.33
58,Marc Leishman,69.23,9,13,-0.44
58,Francesco Molinari,69.23,9,13,-0.33
58,Jeff Overton,69.23,9,13,-0.44
58,Ryan Palmer,69.23,9,13,-0.44
63,Chad Campbell,66.67,4,6,-0.50
63,Fabián Gómez,66.67,6,9,-0.50
63,Steve Stricker,66.67,6,9,-0.67
66,Morgan Hoffmann,64.71,11,17,-0.18
67,Matt Kuchar,63.64,14,22,-0.50
67,Michael Thompson,63.64,7,11,E
69,Tim Clark,62.50,5,8,-0.40
70,Hideto Tanihara,61.54,8,13,-0.13
71,Jamie Lovemark,60.00,9,15,-0.33
72,Padraig Harrington,58.33,7,12,-0.29
73,Vijay Singh,57.14,8,14,-0.25
74,K.J. Choi,53.33,8,15,-0.38
