rank,player,%,Greens Hit,# Holes,Relative/Par
1,K.J. Choi,100.0,6,6,-3.00
1,Stewart Cink,100.0,4,4,-2.00
1,Tim Clark,100.0,1,1,-1.00
1,Brendon de Jonge,100.0,4,4,E
1,Fred Funk,100.0,1,1,-1.00
1,James Hahn,100.0,3,3,-1.00
1,Brian Harman,100.0,8,8,-4.00
1,Padraig Harrington,100.0,1,1,E
1,Zach Johnson,100.0,4,4,-1.00
1,Daisuke Kataoka,100.0,2,2,E
1,Kevin Na,100.0,4,4,E
1,Webb Simpson,100.0,2,2,-2.00
1,Tim Wilkinson,100.0,2,2,-1.00
14,Daniel Summerhays,85.7,6,7,-3.00
15,Matt Kuchar,83.3,5,6,-2.00
15,William McGirt,83.3,5,6,-2.00
15,Kyle Stanley,83.3,5,6,-2.00
15,Jimmy Walker,83.3,5,6,E
19,Zac Blair,80.0,4,5,-3.00
19,Tony Finau,80.0,4,5,-2.00
19,Si Woo Kim,80.0,4,5,-3.00
19,Brandt Snedeker,80.0,4,5,-1.00
23,Lucas Glover,75.0,3,4,E
23,Charles Howell III,75.0,3,4,E
23,Greg Owen,75.0,3,4,-1.00
23,Chez Reavie,75.0,3,4,-1.00
23,Nick Taylor,75.0,3,4,-1.00
28,Shawn Stefani,71.4,5,7,-1.00
29,Luke Donald,66.7,2,3,-1.00
29,Robert Garrigus,66.7,2,3,-1.00
29,Emiliano Grillo,66.7,2,3,-2.00
29,Morgan Hoffmann,66.7,2,3,-2.00
29,Danny Lee,66.7,4,6,-2.00
29,Spencer Levin,66.7,2,3,E
29,Jamie Lovemark,66.7,2,3,E
29,Nick Mason,66.7,4,6,-2.00
29,S.Y. Noh,66.7,4,6,-3.00
29,Kyle Reifers,66.7,2,3,E
29,Steve Wheatcroft,66.7,2,3,+1.00
29,Gary Woodland,66.7,4,6,-1.00
41,Chad Campbell,60.0,3,5,-3.00
41,Fabián Gómez,60.0,3,5,E
41,Sean O'Hair,60.0,3,5,E
41,Jeff Overton,60.0,3,5,E
41,Hudson Swafford,60.0,3,5,-1.00
41,Tyrone Van Aswegen,60.0,3,5,E
47,Graham DeLaet,50.0,1,2,E
47,Harris English,50.0,1,2,-1.00
47,Jason Gore,50.0,2,4,-1.00
47,Mark Hubbard,50.0,1,2,E
47,David Lingmerth,50.0,2,4,-1.00
47,Yusaku Miyazato,50.0,2,4,E
47,Francesco Molinari,50.0,2,4,-1.00
47,Scott Piercy,50.0,1,2,E
47,Vijay Singh,50.0,2,4,-1.00
47,Steve Stricker,50.0,1,2,E
47,Harold Varner III,50.0,2,4,-2.00
58,Marc Leishman,42.9,3,7,-1.00
59,Shane Bertsch,40.0,2,5,-2.00
60,Jason Dufner,33.3,1,3,E
60,Adam Hadwin,33.3,1,3,E
60,Jerry Kelly,33.3,1,3,E
60,Ben Martin,33.3,1,3,-2.00
60,Ryan Palmer,33.3,1,3,-1.00
60,Adam Scott,33.3,1,3,E
60,John Senden,33.3,1,3,E
60,Michael Thompson,33.3,1,3,E
68,Daniel Berger,25.0,1,4,-1.00
69,Thomas Aiken,.0,0,2,E
69,Ricky Barnes,.0,0,2,E
69,J.J. Henry,.0,0,2,E
69,John Huh,.0,0,4,E
69,Hideto Tanihara,.0,0,5,E
