rank,player,%,Greens Hit,Total Holes,Relative to par
1,Robert Garrigus,100.00,13,13,-0.46
1,Lucas Glover,100.00,12,12,-0.58
1,Emiliano Grillo,100.00,12,12,-0.75
1,James Hahn,100.00,16,16,-0.44
1,Mark Hubbard,100.00,14,14,-0.86
1,Kevin Kisner,100.00,16,16,-0.88
1,Matt Kuchar,100.00,14,14,-0.93
1,Nick Mason,100.00,15,15,-0.47
1,Kevin Na,100.00,11,11,-0.27
1,Kyle Reifers,100.00,13,13,-0.46
1,John Senden,100.00,14,14,-0.50
1,Brandt Snedeker,100.00,16,16,-0.63
1,Hudson Swafford,100.00,15,15,-0.67
1,Tim Wilkinson,100.00,15,15,-0.47
15,Adam Hadwin,94.44,17,18,-0.53
15,Gary Woodland,94.44,17,18,-0.71
17,Si Woo Kim,94.12,16,17,-0.75
17,Jeff Overton,94.12,16,17,-0.44
19,Stewart Cink,93.75,15,16,-0.80
19,Graham DeLaet,93.75,15,16,-0.73
19,Jason Dufner,93.75,15,16,-0.67
19,Fabián Gómez,93.75,15,16,-0.60
19,S.Y. Noh,93.75,15,16,-0.73
24,Fred Funk,93.33,14,15,-0.64
24,Padraig Harrington,93.33,14,15,-0.50
24,Ben Martin,93.33,14,15,-0.79
27,Zac Blair,92.86,13,14,-0.46
27,K.J. Choi,92.86,13,14,-0.69
27,Zach Johnson,92.86,13,14,-0.54
27,Webb Simpson,92.86,13,14,-0.54
27,Steve Wheatcroft,92.86,13,14,-0.31
32,Ricky Barnes,92.31,12,13,-0.58
32,Brendon de Jonge,92.31,12,13,-0.67
32,Jason Gore,92.31,12,13,-0.67
32,Jerry Kelly,92.31,12,13,-0.75
32,Greg Owen,92.31,12,13,-0.83
32,Tyrone Van Aswegen,92.31,12,13,-0.67
38,Luke Donald,91.67,11,12,-0.55
38,Spencer Levin,91.67,11,12,-0.45
40,Charles Howell III,91.30,21,23,-0.62
41,Scott Piercy,90.00,18,20,-0.44
42,Harris English,89.47,17,19,-0.71
43,Jimmy Walker,88.89,16,18,-0.75
44,Chad Campbell,87.50,14,16,-0.57
44,Tim Clark,87.50,14,16,-0.64
44,David Lingmerth,87.50,14,16,-0.71
44,Vijay Singh,87.50,14,16,-0.57
44,Kyle Stanley,87.50,14,16,-0.36
44,Daniel Summerhays,87.50,14,16,-0.86
50,Marc Leishman,86.67,13,15,-0.62
50,Nick Taylor,86.67,13,15,-0.77
52,Thomas Aiken,85.71,12,14,-0.67
52,William McGirt,85.71,12,14,-0.50
52,Francesco Molinari,85.71,12,14,-0.67
55,Ryan Palmer,85.00,17,20,-0.65
56,J.J. Henry,84.62,11,13,-0.64
56,Hideto Tanihara,84.62,11,13,-0.55
58,Jamie Lovemark,84.21,16,19,-0.88
59,Morgan Hoffmann,83.33,15,18,-0.87
59,Harold Varner III,83.33,15,18,-0.73
61,Brian Harman,82.35,14,17,-0.57
61,Sean O'Hair,82.35,14,17,-0.93
61,Adam Scott,82.35,14,17,-0.71
64,Michael Thompson,81.25,13,16,-0.46
65,Daniel Berger,80.00,12,15,-0.58
65,Shane Bertsch,80.00,12,15,-0.75
65,Daisuke Kataoka,80.00,12,15,-0.75
68,Shawn Stefani,78.57,11,14,-0.45
69,John Huh,76.92,10,13,-0.50
69,Steve Stricker,76.92,10,13,-0.80
71,Danny Lee,76.47,13,17,-0.85
72,Yusaku Miyazato,71.43,10,14,-0.60
73,Tony Finau,66.67,14,21,-0.64
74,Chez Reavie,64.29,9,14,-0.44
