rank,player,%,Greens Hit,Total Holes,Relative to par
1,Jeff Overton,94.74,18,19,-0.22
2,Ryan Palmer,88.89,16,18,-0.19
2,Gary Woodland,88.89,16,18,-0.13
4,Greg Owen,88.00,22,25,-0.14
5,Shane Bertsch,87.50,14,16,-0.29
5,Shawn Stefani,87.50,14,16,-0.36
7,Spencer Levin,86.96,20,23,-0.15
8,Brandt Snedeker,86.67,13,15,-0.23
9,Morgan Hoffmann,85.71,12,14,-0.25
10,Robert Garrigus,82.61,19,23,-0.11
11,Chad Campbell,81.82,18,22,-0.17
12,Brendon de Jonge,81.25,13,16,-0.15
12,Danny Lee,81.25,13,16,-0.23
12,Jimmy Walker,81.25,13,16,E
15,Luke Donald,80.95,17,21,-0.18
16,Tim Clark,78.26,18,23,-0.17
16,Graham DeLaet,78.26,18,23,-0.39
18,Hideto Tanihara,77.27,17,22,-0.29
19,Matt Kuchar,76.92,10,13,-0.30
20,K.J. Choi,76.19,16,21,-0.19
20,Zach Johnson,76.19,16,21,-0.06
20,Webb Simpson,76.19,16,21,-0.38
23,Fabián Gómez,75.00,18,24,-0.44
23,Adam Hadwin,75.00,12,16,-0.42
23,James Hahn,75.00,12,16,-0.50
23,Kyle Reifers,75.00,12,16,-0.08
23,Adam Scott,75.00,15,20,-0.07
23,John Senden,75.00,15,20,-0.27
29,Emiliano Grillo,73.68,14,19,-0.21
30,Scott Piercy,73.33,11,15,-0.27
31,Jerry Kelly,72.73,16,22,-0.19
32,Nick Mason,72.22,13,18,-0.15
32,Daniel Summerhays,72.22,13,18,E
34,Harris English,72.00,18,25,-0.11
35,Steve Stricker,71.43,15,21,-0.13
36,Michael Thompson,70.37,19,27,-0.16
37,Ricky Barnes,70.00,14,20,-0.36
37,Kyle Stanley,70.00,14,20,-0.29
39,Mark Hubbard,69.23,18,26,-0.22
40,David Lingmerth,68.42,13,19,-0.38
40,S.Y. Noh,68.42,13,19,-0.15
40,Tyrone Van Aswegen,68.42,13,19,-0.23
43,Thomas Aiken,66.67,16,24,-0.44
43,Jason Dufner,66.67,14,21,-0.14
43,Fred Funk,66.67,12,18,-0.42
43,Brian Harman,66.67,14,21,-0.36
43,John Huh,66.67,16,24,-0.44
43,Yusaku Miyazato,66.67,12,18,-0.17
43,Kevin Na,66.67,10,15,-0.30
50,Daniel Berger,64.71,11,17,-0.18
50,Ben Martin,64.71,11,17,-0.27
52,Marc Leishman,64.00,16,25,+0.06
53,Daisuke Kataoka,63.64,14,22,-0.29
54,Zac Blair,63.16,12,19,-0.67
54,Lucas Glover,63.16,12,19,-0.25
54,Sean O'Hair,63.16,12,19,-0.08
57,Kevin Kisner,62.50,10,16,-0.30
58,Jamie Lovemark,61.90,13,21,-0.15
59,Padraig Harrington,61.11,11,18,-0.18
60,Steve Wheatcroft,60.87,14,23,-0.43
61,Stewart Cink,60.00,12,20,-0.17
62,Chez Reavie,59.09,13,22,-0.23
63,William McGirt,58.33,14,24,-0.50
64,Charles Howell III,57.89,11,19,-0.18
65,J.J. Henry,57.14,8,14,E
66,Si Woo Kim,56.25,9,16,E
66,Vijay Singh,56.25,9,16,-0.22
68,Hudson Swafford,55.56,15,27,-0.20
69,Nick Taylor,55.00,11,20,+0.09
70,Tony Finau,53.85,7,13,-0.14
71,Jason Gore,52.38,11,21,-0.27
72,Francesco Molinari,45.00,9,20,-0.56
72,Harold Varner III,45.00,9,20,-0.11
74,Tim Wilkinson,42.11,8,19,E
