rank,player,%,Greens Hit,Total Holes,Relative to par
1,Thomas Aiken,100.00,9,9,-0.78
1,K.J. Choi,100.00,10,10,-0.70
1,Jason Dufner,100.00,13,13,-0.69
1,Robert Garrigus,100.00,11,11,-0.55
1,Lucas Glover,100.00,9,9,-0.78
1,Fabián Gómez,100.00,11,11,-0.64
1,Jason Gore,100.00,11,11,-0.64
1,Emiliano Grillo,100.00,11,11,-0.82
1,Adam Hadwin,100.00,14,14,-0.57
1,James Hahn,100.00,14,14,-0.50
1,Mark Hubbard,100.00,10,10,-0.90
1,Jerry Kelly,100.00,11,11,-0.82
1,Kevin Kisner,100.00,13,13,-1.00
1,Matt Kuchar,100.00,12,12,-1.00
1,Ben Martin,100.00,10,10,-1.00
1,Nick Mason,100.00,10,10,-0.40
1,William McGirt,100.00,11,11,-0.55
1,Kevin Na,100.00,10,10,-0.30
1,Kyle Reifers,100.00,12,12,-0.50
1,John Senden,100.00,10,10,-0.60
1,Webb Simpson,100.00,11,11,-0.45
1,Brandt Snedeker,100.00,14,14,-0.71
1,Hudson Swafford,100.00,13,13,-0.69
1,Steve Wheatcroft,100.00,9,9,-0.33
1,Tim Wilkinson,100.00,12,12,-0.58
26,Ryan Palmer,92.86,13,14,-0.77
26,Scott Piercy,92.86,13,14,-0.38
26,Jimmy Walker,92.86,13,14,-0.77
26,Gary Woodland,92.86,13,14,-0.85
30,Chad Campbell,92.31,12,13,-0.50
30,Harris English,92.31,12,13,-0.92
30,Charles Howell III,92.31,12,13,-0.83
30,Si Woo Kim,92.31,12,13,-0.92
30,S.Y. Noh,92.31,12,13,-0.75
30,Sean O'Hair,92.31,12,13,-1.00
30,Jeff Overton,92.31,12,13,-0.42
30,Daniel Summerhays,92.31,12,13,-1.00
30,Michael Thompson,92.31,12,13,-0.50
39,Zac Blair,91.67,11,12,-0.55
39,Stewart Cink,91.67,11,12,-0.82
39,Brendon de Jonge,91.67,11,12,-0.73
39,Graham DeLaet,91.67,11,12,-0.82
39,Luke Donald,91.67,11,12,-0.55
39,Fred Funk,91.67,11,12,-0.73
39,Brian Harman,91.67,11,12,-0.64
39,Padraig Harrington,91.67,11,12,-0.55
39,J.J. Henry,91.67,11,12,-0.64
39,Zach Johnson,91.67,11,12,-0.55
39,Spencer Levin,91.67,11,12,-0.45
39,Greg Owen,91.67,11,12,-0.82
39,Vijay Singh,91.67,11,12,-0.64
39,Harold Varner III,91.67,11,12,-0.73
53,Ricky Barnes,90.91,10,11,-0.70
53,David Lingmerth,90.91,10,11,-1.00
53,Francesco Molinari,90.91,10,11,-0.70
53,Hideto Tanihara,90.91,10,11,-0.60
57,Shawn Stefani,90.00,9,10,-0.44
57,Tyrone Van Aswegen,90.00,9,10,-0.78
59,Jamie Lovemark,87.50,14,16,-0.93
60,Marc Leishman,85.71,12,14,-0.58
60,Kyle Stanley,85.71,12,14,-0.33
60,Nick Taylor,85.71,12,14,-0.75
63,Danny Lee,84.62,11,13,-1.00
63,Adam Scott,84.62,11,13,-0.82
65,Daniel Berger,83.33,10,12,-0.70
65,Tim Clark,83.33,10,12,-0.50
67,John Huh,81.82,9,11,-0.56
68,Morgan Hoffmann,80.00,12,15,-1.00
68,Yusaku Miyazato,80.00,8,10,-0.63
68,Steve Stricker,80.00,8,10,-0.88
71,Shane Bertsch,77.78,7,9,-1.00
72,Daisuke Kataoka,75.00,9,12,-1.00
73,Tony Finau,70.59,12,17,-0.75
74,Chez Reavie,66.67,8,12,-0.38
