rank,player,%,Greens Hit,# of holes
1,Jimmy Walker,80.00,20,25
2,Gary Woodland,73.08,19,26
3,John Senden,71.43,15,21
4,Brandt Snedeker,70.37,19,27
5,Charles Howell III,69.23,18,26
6,Robert Garrigus,68.75,22,32
7,Lucas Glover,68.18,15,22
8,Brian Harman,68.00,17,25
9,Zach Johnson,66.67,16,24
9,Daniel Summerhays,66.67,18,27
11,Brendon de Jonge,65.22,15,23
12,Fabián Gómez,64.29,18,28
13,Webb Simpson,63.16,12,19
13,Kyle Stanley,63.16,12,19
15,Morgan Hoffmann,62.50,15,24
15,Steve Wheatcroft,62.50,15,24
17,Stewart Cink,62.07,18,29
17,Ryan Palmer,62.07,18,29
19,Jason Dufner,61.54,16,26
19,Greg Owen,61.54,16,26
21,Nick Mason,61.11,11,18
22,Jerry Kelly,60.00,12,20
22,Kevin Na,60.00,12,20
22,Nick Taylor,60.00,15,25
25,James Hahn,59.09,13,22
26,Adam Hadwin,58.33,14,24
27,Tony Finau,58.06,18,31
28,Jeff Overton,57.69,15,26
29,Marc Leishman,57.14,16,28
30,Chez Reavie,56.52,13,23
31,S.Y. Noh,56.25,18,32
32,Matt Kuchar,56.00,14,25
33,Mark Hubbard,55.56,10,18
33,Spencer Levin,55.56,10,18
33,Jamie Lovemark,55.56,15,27
36,Shawn Stefani,54.84,17,31
37,Shane Bertsch,54.55,12,22
38,Harris English,54.17,13,24
39,David Lingmerth,53.85,14,26
39,Adam Scott,53.85,14,26
41,Scott Piercy,52.38,11,21
42,Sean O'Hair,50.00,11,22
42,Kyle Reifers,50.00,11,22
42,Hudson Swafford,50.00,13,26
42,Tim Wilkinson,50.00,11,22
46,Ben Martin,48.65,18,37
47,J.J. Henry,48.15,13,27
48,Danny Lee,47.83,11,23
49,Graham DeLaet,47.06,8,17
49,Emiliano Grillo,47.06,8,17
51,Ricky Barnes,46.67,14,30
52,William McGirt,46.43,13,28
52,Yusaku Miyazato,46.43,13,28
54,Luke Donald,46.15,12,26
54,Harold Varner III,46.15,12,26
56,Daniel Berger,45.00,9,20
57,Chad Campbell,44.00,11,25
58,Zac Blair,43.75,7,16
59,Si Woo Kim,43.48,10,23
60,Jason Gore,42.86,12,28
61,Padraig Harrington,41.67,10,24
61,Daisuke Kataoka,41.67,5,12
61,Michael Thompson,41.67,10,24
64,K.J. Choi,40.91,9,22
65,Vijay Singh,38.89,14,36
66,Francesco Molinari,38.71,12,31
67,Steve Stricker,38.46,10,26
68,Fred Funk,37.50,6,16
69,Thomas Aiken,36.84,7,19
70,Tim Clark,33.33,5,15
71,Tyrone Van Aswegen,30.77,8,26
72,John Huh,30.00,6,20
73,Hideto Tanihara,16.67,3,18
74,Kevin Kisner,11.11,1,9
