rank,player,%,Greens Hit,Total Holes,Relative to par
1,Jason Dufner,100.00,7,7,-0.29
1,Morgan Hoffmann,100.00,6,6,E
1,Hudson Swafford,100.00,3,3,E
4,Tony Finau,83.33,5,6,E
4,Daniel Summerhays,83.33,5,6,-0.20
6,Robert Garrigus,80.00,4,5,-0.25
7,Daniel Berger,75.00,3,4,-0.33
7,Tim Clark,75.00,6,8,E
7,Emiliano Grillo,75.00,3,4,+0.33
7,Sean O'Hair,75.00,3,4,-0.33
11,Brian Harman,71.43,5,7,-0.20
11,Francesco Molinari,71.43,5,7,-0.20
11,Michael Thompson,71.43,5,7,-0.40
14,Stewart Cink,66.67,2,3,-0.50
14,Scott Piercy,66.67,4,6,-0.25
14,Adam Scott,66.67,4,6,E
14,Nick Taylor,66.67,4,6,-0.50
18,Shane Bertsch,60.00,6,10,E
18,Graham DeLaet,60.00,6,10,E
18,Matt Kuchar,60.00,3,5,+0.33
18,Jamie Lovemark,60.00,3,5,E
22,Brendon de Jonge,57.14,4,7,E
22,Lucas Glover,57.14,4,7,-0.25
22,Nick Mason,57.14,4,7,-0.25
22,William McGirt,57.14,4,7,-0.25
22,Webb Simpson,57.14,4,7,-0.25
22,Kyle Stanley,57.14,4,7,E
28,James Hahn,55.56,5,9,+0.20
28,Steve Stricker,55.56,5,9,-0.20
28,Hideto Tanihara,55.56,5,9,E
31,Zac Blair,50.00,4,8,-0.25
31,Fred Funk,50.00,7,14,E
31,Fabián Gómez,50.00,3,6,+0.33
31,Mark Hubbard,50.00,4,8,E
31,John Huh,50.00,3,6,E
31,Zach Johnson,50.00,4,8,+0.25
31,Daisuke Kataoka,50.00,5,10,-0.20
31,Kevin Kisner,50.00,3,6,-0.33
31,Ben Martin,50.00,4,8,E
31,Kevin Na,50.00,5,10,-0.20
31,Ryan Palmer,50.00,4,8,E
31,Kyle Reifers,50.00,3,6,E
31,John Senden,50.00,4,8,E
31,Jimmy Walker,50.00,2,4,+0.50
31,Steve Wheatcroft,50.00,4,8,+0.25
31,Gary Woodland,50.00,2,4,-0.50
47,Danny Lee,42.86,3,7,E
48,K.J. Choi,40.00,4,10,-0.25
48,Harris English,40.00,2,5,+0.50
48,Jerry Kelly,40.00,4,10,E
48,Marc Leishman,40.00,2,5,E
52,Chad Campbell,37.50,3,8,-0.33
52,Jason Gore,37.50,3,8,E
52,Spencer Levin,37.50,3,8,E
52,S.Y. Noh,37.50,3,8,E
56,Ricky Barnes,36.36,4,11,-0.50
56,Luke Donald,36.36,4,11,-0.25
58,David Lingmerth,33.33,3,9,-0.33
58,Jeff Overton,33.33,2,6,E
58,Greg Owen,33.33,2,6,-0.50
58,Chez Reavie,33.33,2,6,E
58,Vijay Singh,33.33,2,6,E
58,Harold Varner III,33.33,2,6,E
64,Si Woo Kim,28.57,2,7,-0.50
65,Thomas Aiken,25.00,2,8,E
65,Adam Hadwin,25.00,2,8,E
65,Padraig Harrington,25.00,3,12,E
65,Shawn Stefani,25.00,2,8,E
65,Tyrone Van Aswegen,25.00,3,12,E
65,Tim Wilkinson,25.00,2,8,E
71,Charles Howell III,20.00,1,5,E
72,Brandt Snedeker,16.67,1,6,E
73,Yusaku Miyazato,12.50,1,8,-1.00
74,J.J. Henry,10.00,1,10,E
