rank,player,%,Greens Hit,Total Holes,Relative to par
1,Gary Woodland,82.46,47,57,-0.13
2,Spencer Levin,79.66,47,59,-0.21
3,Greg Owen,78.33,47,60,-0.21
4,John Senden,77.42,48,62,-0.23
5,Robert Garrigus,77.05,47,61,-0.23
6,Graham DeLaet,76.27,45,59,-0.33
7,Jason Dufner,75.86,44,58,-0.30
8,Scott Piercy,75.44,43,57,-0.30
8,Kyle Stanley,75.44,43,57,-0.33
10,Zach Johnson,75.00,45,60,-0.22
11,Daniel Summerhays,74.58,44,59,-0.14
12,Fabián Gómez,73.77,45,61,-0.33
12,Kevin Na,73.77,45,61,-0.36
14,Webb Simpson,73.33,44,60,-0.30
15,Morgan Hoffmann,73.21,41,56,-0.20
16,Tim Clark,72.88,43,59,-0.26
17,Tony Finau,72.73,40,55,-0.18
18,Nick Mason,72.58,45,62,-0.33
19,Emiliano Grillo,72.41,42,58,-0.19
19,Brandt Snedeker,72.41,42,58,-0.21
19,Jimmy Walker,72.41,42,58,-0.12
22,Mark Hubbard,72.13,44,61,-0.20
23,Jeff Overton,71.93,41,57,-0.27
23,Adam Scott,71.93,41,57,-0.12
25,Brendon de Jonge,71.67,43,60,-0.19
26,Shawn Stefani,70.97,44,62,-0.18
27,James Hahn,70.69,41,58,-0.24
27,Ryan Palmer,70.69,41,58,-0.24
29,S.Y. Noh,70.18,40,57,-0.28
30,Stewart Cink,70.00,42,60,-0.14
31,Lucas Glover,69.84,44,63,-0.23
32,Charles Howell III,69.49,41,59,-0.17
32,Matt Kuchar,69.49,41,59,-0.27
32,Kyle Reifers,69.49,41,59,-0.29
35,Kevin Kisner,68.97,40,58,-0.25
36,Chad Campbell,68.42,39,57,-0.21
37,Danny Lee,67.80,40,59,-0.15
38,John Huh,67.21,41,61,-0.32
38,Steve Wheatcroft,67.21,41,61,-0.22
40,Luke Donald,66.67,40,60,-0.25
40,Brian Harman,66.67,40,60,-0.28
40,Sean O'Hair,66.67,38,57,-0.21
43,Ricky Barnes,65.57,40,61,-0.23
43,Jerry Kelly,65.57,40,61,-0.15
43,David Lingmerth,65.57,40,61,-0.23
46,Nick Taylor,65.52,38,58,-0.11
47,Shane Bertsch,65.08,41,63,-0.15
48,Chez Reavie,65.00,39,60,-0.26
49,Harris English,64.41,38,59,-0.08
49,Daisuke Kataoka,64.41,38,59,-0.24
51,K.J. Choi,63.93,39,61,-0.28
52,Zac Blair,63.33,38,60,-0.39
53,Daniel Berger,62.71,37,59,-0.22
53,Michael Thompson,62.71,37,59,-0.19
55,Steve Stricker,62.30,38,61,-0.29
55,Hideto Tanihara,62.30,38,61,-0.13
57,Marc Leishman,62.07,36,58,-0.19
58,Thomas Aiken,61.90,39,63,-0.28
59,Hudson Swafford,61.02,36,59,-0.25
60,William McGirt,60.66,37,61,-0.32
61,Adam Hadwin,60.34,35,58,-0.23
61,Si Woo Kim,60.34,35,58,-0.23
63,Fred Funk,59.32,35,59,-0.31
64,Tyrone Van Aswegen,59.02,36,61,-0.22
65,Jamie Lovemark,58.18,32,55,-0.22
66,Ben Martin,58.06,36,62,-0.28
66,Yusaku Miyazato,58.06,36,62,-0.31
68,Jason Gore,56.67,34,60,-0.29
68,Francesco Molinari,56.67,34,60,-0.38
70,J.J. Henry,55.00,33,60,-0.18
70,Harold Varner III,55.00,33,60,-0.36
70,Tim Wilkinson,55.00,33,60,-0.24
73,Padraig Harrington,51.67,31,60,-0.19
73,Vijay Singh,51.67,31,60,-0.26
