rank,player,%,Greens Hit,Total Holes,Relative to par
1,Fabián Gómez,82.35,14,17,-0.21
2,Tony Finau,81.25,13,16,-0.08
3,Spencer Levin,80.00,12,15,-0.17
4,Shawn Stefani,78.95,15,19,-0.07
5,Jason Dufner,78.57,11,14,-0.27
6,Mark Hubbard,76.92,10,13,E
6,Zach Johnson,76.92,10,13,-0.20
8,Kevin Na,76.47,13,17,-0.38
8,Greg Owen,76.47,13,17,-0.15
8,John Senden,76.47,13,17,-0.08
11,K.J. Choi,72.73,8,11,-0.25
11,Gary Woodland,72.73,8,11,E
13,Steve Wheatcroft,71.43,10,14,-0.20
14,Stewart Cink,70.59,12,17,+0.08
14,Matt Kuchar,70.59,12,17,-0.08
14,S.Y. Noh,70.59,12,17,-0.25
17,Charles Howell III,70.00,7,10,-0.29
18,Brandt Snedeker,69.23,9,13,-0.11
18,Kyle Stanley,69.23,9,13,-0.11
20,Emiliano Grillo,68.75,11,16,-0.27
20,Scott Piercy,68.75,11,16,E
22,Chad Campbell,66.67,12,18,E
22,Chez Reavie,66.67,8,12,-0.38
22,Adam Scott,66.67,8,12,-0.25
25,Kevin Kisner,64.71,11,17,-0.09
25,William McGirt,64.71,11,17,E
25,Sean O'Hair,64.71,11,17,E
28,Brian Harman,64.29,9,14,-0.11
29,Graham DeLaet,63.64,7,11,-0.29
30,John Huh,63.16,12,19,-0.25
31,Tim Clark,62.50,10,16,-0.20
31,Daniel Summerhays,62.50,10,16,-0.30
33,Ryan Palmer,61.54,8,13,-0.25
33,Jimmy Walker,61.54,8,13,-0.25
35,Thomas Aiken,60.00,9,15,-0.11
35,Zac Blair,60.00,12,20,-0.08
35,Lucas Glover,60.00,9,15,-0.11
35,Nick Mason,60.00,9,15,-0.44
35,Kyle Reifers,60.00,12,20,-0.25
40,Jason Gore,57.14,8,14,-0.38
40,Danny Lee,57.14,8,14,E
40,Marc Leishman,57.14,8,14,-0.38
40,Yusaku Miyazato,57.14,8,14,-0.25
40,Tim Wilkinson,57.14,8,14,-0.13
45,Ricky Barnes,56.25,9,16,-0.11
45,Robert Garrigus,56.25,9,16,-0.33
45,Morgan Hoffmann,56.25,9,16,-0.22
45,Nick Taylor,56.25,9,16,-0.11
49,Luke Donald,55.00,11,20,-0.27
50,Jeff Overton,53.33,8,15,-0.13
51,Francesco Molinari,52.94,9,17,-0.33
52,Brendon de Jonge,52.63,10,19,-0.30
52,Steve Stricker,52.63,10,19,-0.30
54,J.J. Henry,50.00,9,18,-0.33
54,Daisuke Kataoka,50.00,6,12,E
54,Jerry Kelly,50.00,8,16,-0.25
57,Padraig Harrington,46.67,7,15,-0.14
57,Hideto Tanihara,46.67,7,15,+0.14
57,Tyrone Van Aswegen,46.67,7,15,E
60,Harris English,46.15,6,13,E
60,James Hahn,46.15,6,13,-0.67
60,Webb Simpson,46.15,6,13,E
63,Si Woo Kim,45.45,5,11,-0.40
63,David Lingmerth,45.45,5,11,-0.20
63,Jamie Lovemark,45.45,5,11,-0.20
63,Michael Thompson,45.45,5,11,-0.40
67,Vijay Singh,45.00,9,20,-0.33
68,Fred Funk,43.75,7,16,-0.57
69,Adam Hadwin,42.86,6,14,E
70,Daniel Berger,42.11,8,19,E
71,Hudson Swafford,40.00,6,15,-0.17
71,Harold Varner III,40.00,4,10,-0.50
73,Ben Martin,38.89,7,18,-0.57
74,Shane Bertsch,23.08,3,13,+0.33
