rank,player,%,Successes,Attempts,RTP-Successes,RTP-Not going for the grn
1,Max Homa,83.33,10,12,-11,-4.00
2,Cam Davis,64.71,11,17,-13,-2.00
3,Garrick Higgo,61.11,11,18,-9,+2.00
4,Jon Rahm,55.00,11,20,-11,E
5,Talor Gooch,50.00,6,12,-6,E
5,Viktor Hovland,50.00,10,20,-8,E
7,Justin Thomas,47.37,9,19,-11,+2.00
8,Sam Burns,46.67,7,15,-7,-1.00
9,Kevin Kisner,45.45,5,11,-5,-2.00
10,Lucas Herbert,44.44,8,18,-8,+5.00
10,Marc Leishman,44.44,8,18,-8,-3.00
12,Hideki Matsuyama,43.75,7,16,-8,-1.00
13,Cameron Smith,42.11,8,19,-10,-1.00
14,Branden Grace,41.67,5,12,-5,+2.00
15,Joel Dahmen,41.18,7,17,-6,+2.00
16,Abraham Ancer,40.00,6,15,-6,E
16,Bryson DeChambeau,40.00,6,15,-7,-7.00
16,Seamus Power,40.00,8,20,-10,E
19,Patrick Cantlay,38.89,7,18,-8,-2.00
19,Tony Finau,38.89,7,18,-7,E
19,Lucas Glover,38.89,7,18,-5,-1.00
22,Matt Jones,37.50,6,16,-7,-3.00
23,Xander Schauffele,36.84,7,19,-8,-2.00
24,Daniel Berger,35.29,6,17,-7,E
25,Collin Morikawa,33.33,6,18,-8,-2.00
26,Kevin Na,30.77,4,13,-5,-2.00
27,Sungjae Im,30.00,6,20,-7,E
27,Jason Kokrak,30.00,6,20,-7,-2.00
29,Stewart Cink,29.41,5,17,-5,-1.00
29,Jordan Spieth,29.41,5,17,-5,-1.00
31,Harris English,25.00,4,16,-4,-1.00
32,Brooks Koepka,23.53,4,17,-4,+3.00
32,Patrick Reed,23.53,4,17,-4,E
34,Erik van Rooyen,22.22,4,18,-4,-3.00
35,Si Woo Kim,21.05,4,19,-4,-1.00
36,K.H. Lee,17.65,3,17,-3,+1.00
37,Billy Horschel,12.50,2,16,-2,E
38,Phil Mickelson,10.53,2,19,-2,+1.00
