rank,player,%,# of Birdie or Better,Attempts,RTP-Successes,RTP-Not going for the grn
1,Kevin Kisner,100.00,11,11,-11,-2.00
2,Max Homa,91.67,11,12,-12,-4.00
3,Jon Rahm,90.00,18,20,-19,E
4,Cam Davis,88.24,15,17,-17,-2.00
4,Jordan Spieth,88.24,15,17,-15,-1.00
6,Matt Jones,87.50,14,16,-17,-3.00
7,Cameron Smith,84.21,16,19,-19,-1.00
7,Justin Thomas,84.21,16,19,-18,+2.00
9,Marc Leishman,83.33,15,18,-15,-3.00
10,Daniel Berger,82.35,14,17,-15,E
11,Tony Finau,77.78,14,18,-14,E
11,Lucas Herbert,77.78,14,18,-14,+5.00
13,Kevin Na,76.92,10,13,-11,-2.00
14,Patrick Reed,76.47,13,17,-13,E
15,Harris English,75.00,12,16,-12,-1.00
15,Sungjae Im,75.00,15,20,-17,E
15,Hideki Matsuyama,75.00,12,16,-13,-1.00
18,Sam Burns,73.33,11,15,-11,-1.00
19,Collin Morikawa,72.22,13,18,-15,-2.00
20,Seamus Power,70.00,14,20,-16,E
21,Si Woo Kim,68.42,13,19,-13,-1.00
21,Xander Schauffele,68.42,13,19,-15,-2.00
23,Bryson DeChambeau,66.67,10,15,-11,-7.00
23,Talor Gooch,66.67,8,12,-10,E
23,Branden Grace,66.67,8,12,-8,+2.00
26,Stewart Cink,64.71,11,17,-12,-1.00
26,Brooks Koepka,64.71,11,17,-11,+3.00
28,Phil Mickelson,63.16,12,19,-12,+1.00
29,Billy Horschel,62.50,10,16,-12,E
30,Patrick Cantlay,61.11,11,18,-12,-2.00
30,Garrick Higgo,61.11,11,18,-12,+2.00
32,Abraham Ancer,60.00,9,15,-9,E
32,Viktor Hovland,60.00,12,20,-13,E
34,Joel Dahmen,58.82,10,17,-10,+2.00
35,Lucas Glover,55.56,10,18,-10,-1.00
35,Erik van Rooyen,55.56,10,18,-10,-3.00
37,K.H. Lee,52.94,9,17,-9,+1.00
38,Jason Kokrak,50.00,10,20,-11,-2.00
