rank,player,%,Attempts,Non-Attempts,RTP-Going for the green,RTP-Not going for the grn
1,Viktor Hovland,90.91,20,2,-10,E
1,Sungjae Im,90.91,20,2,-16,E
1,Jason Kokrak,90.91,20,2,-9,-2
1,Seamus Power,90.91,20,2,-16,E
1,Jon Rahm,90.91,20,2,-19,E
6,Si Woo Kim,86.36,19,3,-13,-1
6,Phil Mickelson,86.36,19,3,-11,+1
6,Xander Schauffele,86.36,19,3,-15,-2
6,Cameron Smith,86.36,19,3,-19,-1
6,Justin Thomas,86.36,19,3,-16,+2
11,Patrick Cantlay,81.82,18,4,-12,-2
11,Lucas Glover,81.82,18,4,-9,-1
11,Lucas Herbert,81.82,18,4,-13,+5
11,Garrick Higgo,81.82,18,4,-11,+2
11,Marc Leishman,81.82,18,4,-15,-3
11,Collin Morikawa,81.82,18,4,-15,-2
11,Erik van Rooyen,81.82,18,4,-9,-3
18,Daniel Berger,77.27,17,5,-15,E
18,Stewart Cink,77.27,17,5,-12,-1
18,Joel Dahmen,77.27,17,5,-9,+2
18,Tony Finau,77.27,17,5,-14,E
18,K.H. Lee,77.27,17,5,-8,+1
18,Patrick Reed,77.27,17,5,-13,E
18,Jordan Spieth,77.27,17,5,-13,-1
25,Cam Davis,72.73,16,6,-16,-2
25,Harris English,72.73,16,6,-12,-1
25,Billy Horschel,72.73,16,6,-11,E
25,Matt Jones,72.73,16,6,-17,-3
25,Brooks Koepka,72.73,16,6,-9,+3
25,Hideki Matsuyama,72.73,16,6,-13,-1
31,Abraham Ancer,68.18,15,7,-8,E
31,Sam Burns,68.18,15,7,-11,-1
33,Bryson DeChambeau,59.09,13,9,-11,-7
33,Kevin Na,59.09,13,9,-11,-2
35,Talor Gooch,54.55,12,10,-10,E
35,Branden Grace,54.55,12,10,-8,+2
35,Max Homa,54.55,12,10,-12,-4
38,Kevin Kisner,50.00,11,11,-11,-2
