rank,player,Avg,Total Dist after GFG Shot,Total GFG Shots
1,Max Homa,14.0,"6,042.000",12
2,Cam Davis,16.3,"9,980.000",17
3,Jon Rahm,16.5,"11,879.000",20
4,Kevin Kisner,16.9,"6,698.000",11
5,Tony Finau,17.1,"11,101.000",18
6,Patrick Cantlay,17.8,"11,554.000",18
7,Stewart Cink,18.9,"11,563.000",17
8,Garrick Higgo,19.2,"12,464.000",18
9,Branden Grace,19.8,"8,572.000",12
10,Joel Dahmen,19.9,"12,200.000",17
10,Matt Jones,19.9,"11,449.000",16
12,Xander Schauffele,20.0,"13,695.000",19
13,Daniel Berger,20.1,"12,282.000",17
14,Sam Burns,21.0,"11,352.000",15
15,Cameron Smith,21.2,"14,496.000",19
16,Kevin Na,21.4,"10,015.000",13
17,Bryson DeChambeau,21.9,"11,826.000",15
18,Marc Leishman,22.0,"14,243.000",18
19,Viktor Hovland,22.2,"15,996.000",20
20,Sungjae Im,22.3,"16,066.000",20
21,Abraham Ancer,22.4,"12,080.000",15
22,Collin Morikawa,23.3,"15,068.000",18
23,Seamus Power,23.6,"16,987.000",20
24,Hideki Matsuyama,23.8,"13,701.000",16
25,Talor Gooch,24.0,"10,375.000",12
26,K.H. Lee,24.3,"14,883.000",17
27,Brooks Koepka,24.5,"14,995.000",17
28,Justin Thomas,24.7,"16,868.000",19
29,Patrick Reed,24.8,"15,205.000",17
30,Si Woo Kim,25.4,"17,358.000",19
30,Jordan Spieth,25.4,"15,562.000",17
32,Erik van Rooyen,26.3,"17,015.000",18
33,Phil Mickelson,28.6,"19,538.000",19
34,Harris English,29.2,"16,839.000",16
35,Lucas Glover,29.4,"19,062.000",18
36,Jason Kokrak,31.9,"22,999.000",20
37,Lucas Herbert,36.9,"23,896.000",18
38,Billy Horschel,48.1,"27,689.000",16
