rank,player,%,Attempts,Non-Attempts
1,Jason Kokrak,100.00,16,0
1,Jon Rahm,100.00,16,0
3,Lucas Herbert,93.75,15,1
3,Sungjae Im,93.75,15,1
3,Xander Schauffele,93.75,15,1
3,Justin Thomas,93.75,15,1
7,Abraham Ancer,87.50,14,2
7,Patrick Cantlay,87.50,14,2
7,Joel Dahmen,87.50,14,2
7,Harris English,87.50,14,2
7,Viktor Hovland,87.50,14,2
7,Si Woo Kim,87.50,14,2
7,Brooks Koepka,87.50,14,2
7,Phil Mickelson,87.50,14,2
7,Collin Morikawa,87.50,14,2
7,Seamus Power,87.50,14,2
7,Cameron Smith,87.50,14,2
7,Erik van Rooyen,87.50,14,2
19,Daniel Berger,81.25,13,3
19,Sam Burns,81.25,13,3
19,Stewart Cink,81.25,13,3
19,Bryson DeChambeau,81.25,13,3
19,Tony Finau,81.25,13,3
19,Lucas Glover,81.25,13,3
19,Garrick Higgo,81.25,13,3
19,K.H. Lee,81.25,13,3
19,Marc Leishman,81.25,13,3
19,Hideki Matsuyama,81.25,13,3
19,Patrick Reed,81.25,13,3
30,Cam Davis,75.00,12,4
30,Talor Gooch,75.00,12,4
30,Jordan Spieth,75.00,12,4
33,Billy Horschel,68.75,11,5
33,Matt Jones,68.75,11,5
33,Kevin Kisner,68.75,11,5
33,Kevin Na,68.75,11,5
37,Branden Grace,62.50,10,6
37,Max Homa,62.50,10,6
