rank,player,Stroke Differential,Player's Score,Field Average Score
1,Harris English,+2.57,66.75,69.32
1,Joaquin Niemann,+2.57,66.75,69.32
3,Justin Thomas,+2.32,67.00,69.32
4,Ryan Palmer,+2.07,67.25,69.32
5,Sungjae Im,+1.57,67.75,69.32
5,Xander Schauffele,+1.57,67.75,69.32
7,Bryson DeChambeau,+1.32,68.00,69.32
7,Collin Morikawa,+1.32,68.00,69.32
7,Jon Rahm,+1.32,68.00,69.32
10,Daniel Berger,+1.07,68.25,69.32
11,Sergio Garcia,+.82,68.50,69.32
11,Dustin Johnson,+.82,68.50,69.32
13,Patrick Cantlay,+.57,68.75,69.32
13,Lanto Griffin,+.57,68.75,69.32
13,Scottie Scheffler,+.57,68.75,69.32
13,Brendon Todd,+.57,68.75,69.32
17,Abraham Ancer,+.32,69.00,69.32
17,Martin Laird,+.32,69.00,69.32
17,Sebastián Muñoz,+.32,69.00,69.32
17,Webb Simpson,+.32,69.00,69.32
21,Patrick Reed,+.07,69.25,69.32
21,Adam Scott,+.07,69.25,69.32
21,Michael Thompson,+.07,69.25,69.32
24,Billy Horschel,-.18,69.50,69.32
24,Kevin Kisner,-.18,69.50,69.32
24,Marc Leishman,-.18,69.50,69.32
24,Cameron Smith,-.18,69.50,69.32
24,Richy Werenski,-.18,69.50,69.32
29,Brian Gay,-.43,69.75,69.32
29,Nick Taylor,-.43,69.75,69.32
31,Cameron Champ,-.93,70.25,69.32
31,Stewart Cink,-.93,70.25,69.32
31,Tony Finau,-.93,70.25,69.32
31,Viktor Hovland,-.93,70.25,69.32
35,Jason Kokrak,-1.43,70.75,69.32
35,Hudson Swafford,-1.43,70.75,69.32
37,Carlos Ortiz,-1.93,71.25,69.32
38,Andrew Landry,-2.43,71.75,69.32
38,Kevin Na,-2.43,71.75,69.32
38,Robert Streb,-2.43,71.75,69.32
41,Mackenzie Hughes,-2.68,72.00,69.32
41,Hideki Matsuyama,-2.68,72.00,69.32
