rank,player,Avg,Total Strokes,Total Rounds
1,Harris English,66.00,132,2
2,Daniel Berger,67.00,134,2
2,Collin Morikawa,67.00,134,2
2,Ryan Palmer,67.00,134,2
2,Justin Thomas,67.00,134,2
6,Sungjae Im,67.50,135,2
6,Patrick Reed,67.50,135,2
6,Xander Schauffele,67.50,135,2
6,Brendon Todd,67.50,135,2
10,Patrick Cantlay,68.00,136,2
10,Bryson DeChambeau,68.00,136,2
10,Dustin Johnson,68.00,136,2
10,Joaquin Niemann,68.00,136,2
10,Carlos Ortiz,68.00,136,2
10,Jon Rahm,68.00,136,2
10,Scottie Scheffler,68.00,136,2
17,Brian Gay,68.50,137,2
17,Billy Horschel,68.50,137,2
17,Viktor Hovland,68.50,137,2
17,Jason Kokrak,68.50,137,2
17,Webb Simpson,68.50,137,2
22,Sergio Garcia,69.00,138,2
22,Martin Laird,69.00,138,2
22,Marc Leishman,69.00,138,2
22,Nick Taylor,69.00,138,2
22,Richy Werenski,69.00,138,2
27,Cameron Champ,69.50,139,2
27,Lanto Griffin,69.50,139,2
27,Kevin Na,69.50,139,2
27,Adam Scott,69.50,139,2
27,Robert Streb,69.50,139,2
32,Stewart Cink,70.00,140,2
32,Cameron Smith,70.00,140,2
34,Abraham Ancer,70.50,141,2
34,Kevin Kisner,70.50,141,2
34,Andrew Landry,70.50,141,2
34,Sebastián Muñoz,70.50,141,2
34,Michael Thompson,70.50,141,2
39,Tony Finau,71.00,142,2
40,Hudson Swafford,71.50,143,2
41,Mackenzie Hughes,72.00,144,2
42,Hideki Matsuyama,74.00,148,2
