rank,player,Value,Tourn/Course,Round
1,Joaquin Niemann,64,Sentry/Plantati,4
1,Ryan Palmer,64,Sentry/Plantati,3
3,Daniel Berger,65,Sentry/Plantati,2
3,Harris English,65,Sentry/Plantati,1
3,Dustin Johnson,65,Sentry/Plantati,2
3,Collin Morikawa,65,Sentry/Plantati,3
3,Justin Thomas,65,Sentry/Plantati,1
8,Abraham Ancer,66,Sentry/Plantati,4
8,Bryson DeChambeau,66,Sentry/Plantati,4
8,Billy Horschel,66,Sentry/Plantati,3
8,Jason Kokrak,66,Sentry/Plantati,2
8,Sebastián Muñoz,66,Sentry/Plantati,2
8,Jon Rahm,66,Sentry/Plantati,2
8,Xander Schauffele,66,Sentry/Plantati,4
8,Scottie Scheffler,66,Sentry/Plantati,2
8,Cameron Smith,66,Sentry/Plantati,3
17,Patrick Cantlay,67,Sentry/Plantati,3
17,Stewart Cink,67,Sentry/Plantati,3
17,Sergio Garcia,67,Sentry/Plantati,3
17,Brian Gay,67,Sentry/Plantati,2
17,Lanto Griffin,67,Sentry/Plantati,4
17,Sungjae Im,67,Sentry/Plantati,3
17,Carlos Ortiz,67,Sentry/Plantati,2
17,Patrick Reed,67,Sentry/Plantati,1
17,Webb Simpson,67,Sentry/Plantati,2
17,Robert Streb,67,Sentry/Plantati,1
17,Nick Taylor,67,Sentry/Plantati,1
17,Michael Thompson,67,Sentry/Plantati,3
17,Brendon Todd,67,Sentry/Plantati,2
30,Cameron Champ,68,Sentry/Plantati,2
30,Tony Finau,68,Sentry/Plantati,3
30,Viktor Hovland,68,Sentry/Plantati,3
30,Kevin Kisner,68,Sentry/Plantati,4
30,Martin Laird,68,Sentry/Plantati,3
30,Hideki Matsuyama,68,Sentry/Plantati,4
30,Kevin Na,68,Sentry/Plantati,2
30,Adam Scott,68,Sentry/Plantati,3
30,Hudson Swafford,68,Sentry/Plantati,4
39,Marc Leishman,69,Sentry/Plantati,4
39,Richy Werenski,69,Sentry/Plantati,2
41,Andrew Landry,70,Sentry/Plantati,4
42,Mackenzie Hughes,71,Sentry/Plantati,2
