rank,player,Avg,Total Strokes,Total Rounds
1,Harris English,66.75,267,4
1,Joaquin Niemann,66.75,267,4
3,Justin Thomas,67.00,268,4
4,Ryan Palmer,67.25,269,4
5,Sungjae Im,67.75,271,4
5,Xander Schauffele,67.75,271,4
7,Bryson DeChambeau,68.00,272,4
7,Collin Morikawa,68.00,272,4
7,Jon Rahm,68.00,272,4
10,Daniel Berger,68.25,273,4
11,Sergio Garcia,68.50,274,4
11,Dustin Johnson,68.50,274,4
13,Patrick Cantlay,68.75,275,4
13,Lanto Griffin,68.75,275,4
13,Scottie Scheffler,68.75,275,4
13,Brendon Todd,68.75,275,4
17,Abraham Ancer,69.00,276,4
17,Martin Laird,69.00,276,4
17,Sebastián Muñoz,69.00,276,4
17,Webb Simpson,69.00,276,4
21,Patrick Reed,69.25,277,4
21,Adam Scott,69.25,277,4
21,Michael Thompson,69.25,277,4
24,Billy Horschel,69.50,278,4
24,Kevin Kisner,69.50,278,4
24,Marc Leishman,69.50,278,4
24,Cameron Smith,69.50,278,4
24,Richy Werenski,69.50,278,4
29,Brian Gay,69.75,279,4
29,Nick Taylor,69.75,279,4
31,Cameron Champ,70.25,281,4
31,Stewart Cink,70.25,281,4
31,Tony Finau,70.25,281,4
31,Viktor Hovland,70.25,281,4
35,Jason Kokrak,70.75,283,4
35,Hudson Swafford,70.75,283,4
37,Carlos Ortiz,71.25,285,4
38,Andrew Landry,71.75,287,4
38,Kevin Na,71.75,287,4
38,Robert Streb,71.75,287,4
41,Mackenzie Hughes,72.00,288,4
41,Hideki Matsuyama,72.00,288,4
