rank,player,Value,Tourn/Course,Round
1,Patrick Reed,65,T of C/Plantati,2
1,Jordan Spieth,65,T of C/Plantati,4
1,Jimmy Walker,65,T of C/Plantati,1
4,Hideki Matsuyama,66,T of C/Plantati,3
4,William McGirt,66,T of C/Plantati,3
6,Jim Herman,67,T of C/Plantati,1
6,Ryan Moore,67,T of C/Plantati,2
6,Pat Perez,67,T of C/Plantati,4
6,Brendan Steele,67,T of C/Plantati,3
6,Justin Thomas,67,T of C/Plantati,3
11,Daniel Berger,68,T of C/Plantati,1
11,Jason Dufner,68,T of C/Plantati,2
11,Tony Finau,68,T of C/Plantati,2
11,Fabián Gómez,68,T of C/Plantati,2
11,James Hahn,68,T of C/Plantati,3
11,Mackenzie Hughes,68,T of C/Plantati,4
11,Russell Knox,68,T of C/Plantati,3
18,Aaron Baddeley,69,T of C/Plantati,4
18,Jason Day,69,T of C/Plantati,2
18,Cody Gribble,69,T of C/Plantati,3
18,Charley Hoffman,69,T of C/Plantati,4
18,Dustin Johnson,69,T of C/Plantati,4
18,Si Woo Kim,69,T of C/Plantati,3
18,Rod Pampling,69,T of C/Plantati,4
18,Brandt Snedeker,69,T of C/Plantati,3
18,Vaughn Taylor,69,T of C/Plantati,3
27,Greg Chalmers,70,T of C/Plantati,3
27,Brian Stuard,70,T of C/Plantati,3
27,Jhonattan Vegas,70,T of C/Plantati,3
30,Branden Grace,71,T of C/Plantati,3
30,Bubba Watson,71,T of C/Plantati,4
32,Billy Hurley III,72,T of C/Plantati,4
