rank,player,Avg,Total Strokes,Total Rounds
1,Ryan Moore,67.00,134,2
1,Justin Thomas,67.00,134,2
3,Patrick Reed,67.50,135,2
3,Jimmy Walker,67.50,135,2
5,Jason Dufner,68.00,136,2
6,Hideki Matsuyama,68.50,137,2
7,Daniel Berger,69.00,138,2
7,Tony Finau,69.00,138,2
7,Fabián Gómez,69.00,138,2
7,Jim Herman,69.00,138,2
11,Jason Day,69.50,139,2
11,Dustin Johnson,69.50,139,2
11,William McGirt,69.50,139,2
11,Brendan Steele,69.50,139,2
15,Russell Knox,70.00,140,2
15,Rod Pampling,70.00,140,2
15,Pat Perez,70.00,140,2
15,Brandt Snedeker,70.00,140,2
19,Cody Gribble,70.50,141,2
19,Charley Hoffman,70.50,141,2
19,Jordan Spieth,70.50,141,2
22,Aaron Baddeley,71.50,143,2
22,Greg Chalmers,71.50,143,2
22,Brian Stuard,71.50,143,2
22,Vaughn Taylor,71.50,143,2
26,James Hahn,72.00,144,2
26,Bubba Watson,72.00,144,2
28,Mackenzie Hughes,72.50,145,2
28,Si Woo Kim,72.50,145,2
30,Branden Grace,73.50,147,2
30,Billy Hurley III,73.50,147,2
32,Jhonattan Vegas,74.00,148,2
