rank,player,Stroke Differential,Player's Score,Field Average Score
1,Justin Thomas,+2.88,67.50,70.38
2,Hideki Matsuyama,+2.13,68.25,70.38
3,Ryan Moore,+1.38,69.00,70.38
3,Pat Perez,+1.38,69.00,70.38
3,Jordan Spieth,+1.38,69.00,70.38
6,Dustin Johnson,+1.13,69.25,70.38
6,Patrick Reed,+1.13,69.25,70.38
6,Brendan Steele,+1.13,69.25,70.38
9,Tony Finau,+.88,69.50,70.38
9,William McGirt,+.88,69.50,70.38
9,Jimmy Walker,+.88,69.50,70.38
12,Jason Day,+.63,69.75,70.38
12,Jim Herman,+.63,69.75,70.38
14,Daniel Berger,+.38,70.00,70.38
14,Cody Gribble,+.38,70.00,70.38
14,Brandt Snedeker,+.38,70.00,70.38
17,Charley Hoffman,+.13,70.25,70.38
17,Russell Knox,+.13,70.25,70.38
17,Rod Pampling,+.13,70.25,70.38
20,Fabián Gómez,-.12,70.50,70.38
21,Jason Dufner,-.37,70.75,70.38
22,James Hahn,-.62,71.00,70.38
22,Brian Stuard,-.62,71.00,70.38
24,Vaughn Taylor,-.87,71.25,70.38
25,Aaron Baddeley,-1.12,71.50,70.38
25,Mackenzie Hughes,-1.12,71.50,70.38
25,Bubba Watson,-1.12,71.50,70.38
28,Greg Chalmers,-1.37,71.75,70.38
29,Billy Hurley III,-2.37,72.75,70.38
30,Si Woo Kim,-2.62,73.00,70.38
30,Jhonattan Vegas,-2.62,73.00,70.38
32,Branden Grace,-2.87,73.25,70.38
