rank,player,Avg,Total Distance (feet),# of Attempts,Relative to par
1,Joel Dahmen,"4' 0""",4.000,1,-1
2,Stephan Jaeger,"7' 5""",7.417,1,-1
3,Brandt Snedeker,"8' 6""",8.500,1,-1
4,Fabián Gómez,"12' 6""",12.500,1,E
5,Brandon Harkins,"13' 7""",13.583,1,-1
6,Alex Prugh,"14' 1""",14.083,1,E
7,Sebastián Muñoz,"15' 0""",15.000,1,E
8,Stewart Cink,"15' 3""",30.417,2,E
9,Jimmy Walker,"16' 11""",67.667,4,E
10,José de Jesús Rodríguez,"17' 0""",33.917,2,-2
11,Keegan Bradley,"18' 1""",18.083,1,E
12,Davis Love III,"23' 0""",46.000,2,E
13,Anirban Lahiri,"23' 10""",23.833,1,E
14,Rory Sabbatini,"23' 11""",47.833,2,-1
15,Emiliano Grillo,"25' 10""",51.667,2,+2
16,Sung Kang,"26' 1""",26.083,1,E
17,Tyler Duncan,"28' 5""",56.750,2,E
18,Trey Mullinax,"33' 5""",33.417,1,E
19,Marc Leishman,"37' 1""",74.083,2,E
20,Wes Roach,"37' 8""",37.667,1,+1
21,Justin Thomas,"44' 11""",89.750,2,E
22,Sam Saunders,"46' 6""",92.917,2,E
23,Brice Garnett,"49' 8""",99.250,2,E
24,Carlos Ortiz,"54' 7""",54.583,1,E
25,Hideki Matsuyama,"55' 1""",55.083,1,E
26,Bryson DeChambeau,"83' 5""",166.833,2,+1
