rank,player,Avg,Total Distance (feet),# of Attempts,Relative to par
1,Sung Kang,"12' 11""",12.917,1,-1
2,Justin Thomas,"18' 11""",56.750,3,-1
3,Ian Poulter,"22' 5""",112.167,5,-1
4,Charles Howell III,"23' 8""",94.750,4,-2
5,"Ted Potter, Jr.","23' 10""",190.583,8,-1
6,Marc Leishman,"24' 5""",122.167,5,-5
7,Yuki Inamori,"25' 3""",75.833,3,E
8,Kyle Stanley,"28' 5""",85.333,3,-1
9,Johnson Wagner,"29' 5""",206.000,7,-1
10,Patton Kizzire,"29' 8""",89.000,3,E
11,Keegan Bradley,"30' 0""",119.917,4,+1
12,Hideki Matsuyama,"30' 6""",91.583,3,+1
13,Jimmy Walker,"31' 8""",126.667,4,+1
14,Alex Prugh,"31' 10""",159.000,5,E
15,Davis Love III,"32' 5""",194.250,6,+1
16,Danny Lee,"32' 7""",130.417,4,E
17,Corey Conners,"32' 9""",131.000,4,E
18,Ryan Blaum,"33' 0""",131.917,4,-1
18,Brian Stuard,"33' 0""",99.083,3,+1
20,Brice Garnett,"34' 0""",203.750,6,+1
21,Andrew Putnam,"35' 4""",141.417,4,-1
22,Jim Herman,"35' 9""",142.833,4,-1
23,Brandt Snedeker,"35' 10""",179.167,5,-1
24,Abraham Ancer,"36' 7""",146.250,4,+1
25,Adam Svensson,"36' 11""",73.750,2,-1
26,Fabián Gómez,"37' 7""",150.167,4,+1
27,Trey Mullinax,"37' 11""",265.167,7,+1
28,Hudson Swafford,"38' 1""",152.250,4,E
29,Michael Thompson,"38' 4""",191.833,5,+1
30,Hank Lebioda,"39' 0""",117.000,3,+2
31,Matt Jones,"39' 2""",156.583,4,+1
32,Patrick Reed,"39' 6""",197.583,5,E
33,Stephan Jaeger,"39' 7""",237.333,6,+1
34,Y.E. Yang,"40' 7""",202.750,5,+1
35,Russell Knox,"41' 1""",246.250,6,-1
36,Ryan Armour,"41' 4""",165.417,4,+1
37,Roger Sloan,"41' 7""",208.000,5,E
38,Rikuya Hoshino,"42' 5""",127.250,3,+1
39,Wes Roach,"43' 8""",174.667,4,E
40,Sungjae Im,"43' 9""",306.417,7,E
41,Jim Knous,"44' 3""",398.500,9,+2
42,Chez Reavie,"44' 4""",310.250,7,+1
43,Matt Kuchar,"45' 2""",180.750,4,+1
43,Chase Wright,"45' 2""",271.083,6,+2
45,Bryson DeChambeau,"45' 7""",91.167,2,E
46,Scott Brown,"45' 10""",137.583,3,E
47,Harris English,"46' 0""",230.167,5,E
48,Brandon Harkins,"46' 3""",370.250,8,-1
49,Kevin Kisner,"46' 5""",232.167,5,+2
50,Russell Henley,"46' 6""",371.833,8,+2
51,Tyler Duncan,"46' 8""",279.833,6,+3
52,Keith Mitchell,"46' 9""",186.833,4,+2
53,Dylan Frittelli,"47' 0""",281.833,6,E
54,Scott Piercy,"47' 3""",141.667,3,E
55,Stewart Cink,"47' 5""",379.000,8,-2
56,Dominic Bozzelli,"47' 8""",333.833,7,+3
56,Brian Gay,"47' 8""",333.917,7,+1
58,J.T. Poston,"49' 1""",294.583,6,E
59,Sam Saunders,"49' 2""",245.917,5,E
60,Joel Dahmen,"49' 5""",296.583,6,+2
60,Shugo Imahira,"49' 5""",197.500,4,E
62,José de Jesús Rodríguez,"49' 11""",249.500,5,+2
63,Carlos Ortiz,"50' 7""",252.833,5,E
64,Cameron Smith,"56' 6""",395.500,7,+1
65,Scott Langley,"57' 6""",172.500,3,E
66,Rory Sabbatini,"61' 0""",182.917,3,+3
67,Adam Hadwin,"64' 1""",128.167,2,+1
68,Julián Etulain,"65' 4""",391.750,6,+3
69,Anirban Lahiri,"66' 2""",396.917,6,E
70,Emiliano Grillo,"70' 3""",280.833,4,+1
71,Sebastián Muñoz,"80' 7""",322.167,4,+2
