rank,player,Avg,Total Distance (feet),# of Attempts,Relative to par
1,Matt Jones,"7' 4""",7.333,1,-1
2,Hudson Swafford,"10' 2""",10.167,1,E
3,Ryan Armour,"11' 6""",11.500,1,-1
4,Roger Sloan,"15' 6""",15.500,1,E
5,Jim Herman,"16' 2""",16.167,1,E
6,Charles Howell III,"17' 0""",17.000,1,E
7,Dylan Frittelli,"18' 10""",37.667,2,E
8,Marc Leishman,"19' 0""",37.917,2,-1
9,Justin Thomas,"19' 1""",38.167,2,E
10,Bryson DeChambeau,"19' 10""",19.833,1,E
10,Anirban Lahiri,"19' 10""",19.833,1,E
12,Corey Conners,"20' 3""",20.250,1,E
13,Emiliano Grillo,"21' 5""",21.417,1,-1
14,Carlos Ortiz,"24' 3""",48.500,2,E
15,Rikuya Hoshino,"25' 5""",76.250,3,E
16,Kevin Kisner,"25' 10""",103.167,4,+2
17,Hideki Matsuyama,"26' 5""",26.417,1,E
18,Stephan Jaeger,"26' 9""",53.500,2,-2
19,Ryan Blaum,"28' 10""",86.417,3,E
20,Kyle Stanley,"30' 3""",60.500,2,-1
21,Y.E. Yang,"30' 7""",30.583,1,+1
22,Keegan Bradley,"30' 9""",123.000,4,E
23,Rory Sabbatini,"32' 3""",96.750,3,+1
24,Hank Lebioda,"34' 0""",68.000,2,+1
25,Scott Langley,"34' 2""",34.167,1,E
26,Jim Knous,"34' 3""",68.417,2,-1
26,Keith Mitchell,"34' 3""",34.250,1,E
26,Johnson Wagner,"34' 3""",68.417,2,+1
29,Alex Prugh,"34' 4""",68.667,2,+1
30,Harris English,"35' 2""",70.250,2,E
31,Julián Etulain,"36' 7""",73.167,2,E
32,José de Jesús Rodríguez,"36' 8""",36.667,1,+1
33,Sam Saunders,"38' 3""",114.667,3,+1
34,Scott Brown,"38' 6""",153.917,4,E
34,Tyler Duncan,"38' 6""",77.000,2,+1
36,Trey Mullinax,"38' 10""",155.167,4,-1
37,Brandon Harkins,"40' 10""",81.583,2,+2
38,Shugo Imahira,"41' 8""",125.083,3,E
39,J.T. Poston,"42' 6""",42.500,1,+1
40,Jimmy Walker,"49' 7""",148.750,3,+1
41,Sungjae Im,"50' 0""",100.000,2,+1
42,Dominic Bozzelli,"50' 3""",100.500,2,E
43,Stewart Cink,"51' 4""",205.167,4,E
44,Brandt Snedeker,"52' 4""",104.667,2,E
45,Adam Hadwin,"58' 6""",233.917,4,+2
46,Danny Lee,"59' 7""",178.667,3,+1
47,Brice Garnett,"60' 5""",60.417,1,+1
48,Cameron Smith,"66' 4""",66.333,1,E
49,Sung Kang,"72' 4""",72.333,1,E
