rank,player,Avg,Total Distance (feet),# of Attempts,Relative to par
1,Matt Kuchar,"15' 10""",15.833,1,-2
2,"Ted Potter, Jr.","38' 11""",38.917,1,E
3,Ryan Armour,"40' 11""",40.917,1,E
4,Kyle Stanley,"47' 3""",47.250,1,-1
5,Adam Hadwin,"62' 7""",62.583,1,E
6,Davis Love III,"63' 6""",63.500,1,-1
7,Fabián Gómez,"70' 10""",141.583,2,+1
8,J.T. Poston,"72' 11""",145.750,2,-3
9,Corey Conners,"73' 8""",73.667,1,-1
10,Kevin Kisner,"74' 8""",74.667,1,+1
11,Dominic Bozzelli,"79' 6""",79.500,1,E
12,Stephan Jaeger,"79' 7""",79.583,1,E
13,Brice Garnett,"82' 5""",82.417,1,-1
14,Rikuya Hoshino,"83' 1""",83.083,1,-1
15,Keegan Bradley,"83' 4""",83.333,1,E
16,José de Jesús Rodríguez,"85' 5""",85.417,1,E
17,Justin Thomas,"85' 9""",85.750,1,+1
18,Shugo Imahira,"86' 0""",86.000,1,E
19,Jim Knous,"87' 8""",87.667,1,-1
20,Brian Gay,"89' 2""",89.167,1,+1
21,Hudson Swafford,"89' 4""",89.333,1,-1
22,Brian Stuard,"89' 10""",179.583,2,E
23,Chez Reavie,"92' 8""",92.667,1,-1
24,Russell Henley,"94' 3""",94.250,1,E
25,Carlos Ortiz,"96' 8""",96.667,1,E
26,Yuki Inamori,"100' 10""",100.833,1,E
27,Patton Kizzire,"140' 11""",140.917,1,E
