rank,player,Avg,Total Distance (feet),# of Attempts,Relative to par
1,Yuki Inamori,"18' 11""",18.917,1,E
2,Keegan Bradley,"19' 6""",39.000,2,-1
3,Rikuya Hoshino,"34' 3""",34.250,1,+1
4,Harris English,"38' 11""",77.750,2,E
5,Justin Thomas,"39' 4""",117.917,3,E
6,Jimmy Walker,"39' 10""",119.500,3,-3
7,J.T. Poston,"39' 11""",119.833,3,+1
8,Dominic Bozzelli,"40' 7""",203.083,5,-1
9,Brian Stuard,"40' 10""",81.583,2,E
10,Danny Lee,"42' 5""",42.417,1,-1
11,Sebastián Muñoz,"43' 10""",43.833,1,E
12,Ryan Blaum,"44' 3""",132.750,3,+2
13,Patrick Reed,"45' 0""",90.000,2,-1
14,Hideki Matsuyama,"47' 7""",238.000,5,-1
15,Emiliano Grillo,"49' 1""",98.083,2,E
16,Keith Mitchell,"52' 6""",367.583,7,-4
17,Scott Piercy,"52' 8""",105.250,2,E
18,Marc Leishman,"52' 9""",105.417,2,-2
19,Brice Garnett,"54' 11""",164.750,3,-1
20,Y.E. Yang,"55' 1""",220.250,4,-1
21,Brian Gay,"55' 6""",110.917,2,-1
22,Patton Kizzire,"56' 0""",224.083,4,-1
23,Jim Knous,"57' 6""",172.583,3,+2
24,Matt Jones,"57' 10""",231.250,4,+1
25,Roger Sloan,"59' 4""",296.750,5,E
26,Adam Svensson,"60' 6""",362.750,6,+2
27,Charles Howell III,"61' 9""",61.750,1,-1
28,Sung Kang,"62' 8""",375.833,6,-1
29,Chase Wright,"63' 5""",190.167,3,-1
30,Joel Dahmen,"63' 6""",317.333,5,-3
31,Bryson DeChambeau,"64' 2""",192.500,3,-2
32,Brandt Snedeker,"64' 9""",129.500,2,+2
33,Julián Etulain,"65' 11""",395.500,6,-3
34,Matt Kuchar,"67' 1""",134.167,2,E
35,Corey Conners,"69' 2""",207.500,3,E
36,Alex Prugh,"69' 8""",209.083,3,E
37,Scott Langley,"71' 0""",142.000,2,E
38,Carlos Ortiz,"71' 11""",287.750,4,+2
39,"Ted Potter, Jr.","72' 5""",144.833,2,+1
40,Brandon Harkins,"72' 11""",437.583,6,-2
41,Kyle Stanley,"73' 7""",73.583,1,E
42,Hank Lebioda,"76' 10""",384.000,5,-2
43,Stephan Jaeger,"77' 1""",154.083,2,+1
44,Johnson Wagner,"77' 8""",310.750,4,-1
45,Scott Brown,"77' 11""",623.167,8,-3
46,Trey Mullinax,"80' 3""",240.833,3,-2
47,Wes Roach,"80' 10""",161.583,2,-2
48,Michael Thompson,"81' 10""",163.583,2,E
49,Sungjae Im,"82' 6""",247.500,3,E
50,Shugo Imahira,"83' 10""",83.833,1,+1
51,José de Jesús Rodríguez,"84' 1""",168.167,2,+1
52,Anirban Lahiri,"86' 5""",345.667,4,-1
53,Sam Saunders,"86' 11""",260.833,3,+1
54,Stewart Cink,"87' 11""",87.917,1,E
55,Russell Knox,"92' 2""",184.333,2,-1
56,Jim Herman,"97' 2""",97.167,1,+1
57,Rory Sabbatini,"98' 11""",296.833,3,+1
58,Adam Hadwin,"105' 8""",105.667,1,E
59,Kevin Kisner,"115' 0""",229.917,2,E
