rank,player,Avg,Total Distance (feet),# of Attempts,Relative to par
1,Joel Dahmen,"4' 0""",4.000,1,-1
2,Matt Jones,"10' 0""",29.917,3,+1
3,Hudson Swafford,"10' 2""",10.167,1,E
4,Fabián Gómez,"12' 6""",12.500,1,E
5,Russell Henley,"12' 8""",12.667,1,E
6,Sebastián Muñoz,"15' 0""",15.000,1,E
7,Roger Sloan,"15' 6""",15.500,1,E
8,Jim Herman,"16' 2""",16.167,1,E
9,Ryan Armour,"16' 11""",33.750,2,-1
10,Charles Howell III,"17' 0""",17.000,1,E
11,Dylan Frittelli,"18' 10""",37.667,2,E
12,Corey Conners,"20' 3""",20.250,1,E
13,Stephan Jaeger,"20' 4""",60.917,3,-3
14,Anirban Lahiri,"21' 10""",43.667,2,E
15,Justin Thomas,"22' 2""",155.000,7,-2
16,Davis Love III,"23' 0""",46.000,2,E
17,Alex Prugh,"23' 1""",92.417,4,E
18,Russell Knox,"23' 10""",23.833,1,E
19,Emiliano Grillo,"24' 0""",96.083,4,+1
20,Rikuya Hoshino,"25' 5""",76.250,3,E
21,Kevin Kisner,"25' 10""",103.167,4,+2
22,Patrick Reed,"26' 6""",26.500,1,E
23,Marc Leishman,"26' 9""",133.583,5,-1
24,Patton Kizzire,"28' 1""",28.083,1,+1
25,Keegan Bradley,"28' 3""",141.083,5,E
26,Ryan Blaum,"28' 10""",86.417,3,E
27,Rory Sabbatini,"28' 11""",144.583,5,E
28,Harris English,"29' 2""",116.750,4,+1
29,Kyle Stanley,"30' 3""",60.500,2,-1
30,Y.E. Yang,"30' 7""",30.583,1,+1
31,Jimmy Walker,"30' 11""",216.417,7,+1
32,Tyler Duncan,"33' 5""",133.750,4,+1
33,Hank Lebioda,"34' 0""",68.000,2,+1
34,Scott Langley,"34' 2""",34.167,1,E
35,Keith Mitchell,"34' 3""",34.250,1,E
35,Johnson Wagner,"34' 3""",68.417,2,+1
37,Carlos Ortiz,"34' 4""",103.083,3,E
38,José de Jesús Rodríguez,"36' 1""",144.333,4,E
39,Wes Roach,"36' 3""",72.417,2,+2
40,Julián Etulain,"36' 7""",73.167,2,E
41,Sam Saunders,"37' 0""",221.750,6,E
42,Trey Mullinax,"37' 3""",223.667,6,-1
43,Brandon Harkins,"37' 8""",188.500,5,+3
44,Brandt Snedeker,"37' 9""",113.167,3,-1
45,Scott Brown,"38' 6""",153.917,4,E
46,Stewart Cink,"39' 3""",235.583,6,E
47,Shugo Imahira,"39' 8""",158.667,4,-1
48,Hideki Matsuyama,"40' 9""",81.500,2,E
49,J.T. Poston,"42' 6""",42.500,1,+1
50,Jim Knous,"46' 6""",139.417,3,-1
51,Sung Kang,"49' 3""",98.417,2,E
52,Sungjae Im,"50' 0""",100.000,2,+1
53,Dominic Bozzelli,"50' 3""",100.500,2,E
54,Brice Garnett,"53' 3""",159.667,3,+1
55,Danny Lee,"55' 4""",221.333,4,+1
56,Adam Hadwin,"58' 6""",233.917,4,+2
57,Bryson DeChambeau,"62' 3""",186.667,3,+1
58,Cameron Smith,"66' 4""",66.333,1,E
