rank,player,Avg,Total Distance (feet),# of Attempts,Relative to par
1,Carlos Ortiz,"3' 5""",3.417,1,-1
2,Russell Knox,"7' 1""",7.083,1,-1
3,Ryan Blaum,"8' 1""",8.083,1,-1
4,Julián Etulain,"10' 9""",21.500,2,E
5,Corey Conners,"18' 2""",109.000,6,-2
6,Bryson DeChambeau,"19' 5""",97.083,5,-1
7,"Ted Potter, Jr.","20' 0""",40.000,2,E
8,Kevin Kisner,"20' 6""",82.000,4,-3
9,Hideki Matsuyama,"21' 7""",21.583,1,E
10,Adam Hadwin,"22' 6""",90.083,4,E
11,Cameron Smith,"23' 3""",46.417,2,E
12,José de Jesús Rodríguez,"23' 11""",143.583,6,-1
13,Stewart Cink,"24' 3""",72.750,3,-2
14,Emiliano Grillo,"25' 2""",50.333,2,E
15,Sung Kang,"25' 6""",127.667,5,-2
16,Danny Lee,"25' 8""",51.250,2,-1
17,Fabián Gómez,"27' 0""",53.917,2,-1
18,Jim Herman,"27' 1""",108.167,4,-2
19,Shugo Imahira,"27' 2""",135.750,5,E
20,Tyler Duncan,"27' 7""",110.417,4,E
21,Dominic Bozzelli,"28' 2""",84.583,3,+2
22,Sebastián Muñoz,"28' 5""",142.083,5,E
23,Anirban Lahiri,"28' 7""",28.583,1,+1
24,Scott Brown,"29' 3""",58.417,2,E
24,Andrew Putnam,"29' 3""",87.833,3,E
26,Johnson Wagner,"29' 4""",175.917,6,+1
27,Joel Dahmen,"29' 8""",59.250,2,-1
28,Marc Leishman,"29' 10""",59.583,2,E
29,Alex Prugh,"31' 3""",156.167,5,+3
30,Ryan Armour,"32' 8""",130.500,4,-2
31,Michael Thompson,"32' 9""",130.833,4,E
32,Brandon Harkins,"33' 3""",132.917,4,+2
33,Hank Lebioda,"33' 9""",134.833,4,E
34,Chase Wright,"34' 5""",137.750,4,-1
35,Chez Reavie,"35' 11""",71.833,2,-1
36,Justin Thomas,"36' 2""",180.917,5,+2
37,Jimmy Walker,"36' 10""",36.833,1,E
38,Brian Stuard,"37' 2""",111.417,3,-1
39,Brandt Snedeker,"37' 8""",113.083,3,+1
40,Rikuya Hoshino,"37' 9""",37.750,1,+1
41,Yuki Inamori,"38' 5""",76.750,2,E
41,Keith Mitchell,"38' 5""",191.917,5,-1
43,Harris English,"39' 3""",78.417,2,-1
44,Trey Mullinax,"39' 7""",198.083,5,+3
44,Hudson Swafford,"39' 7""",118.750,3,E
46,Brice Garnett,"41' 7""",208.000,5,+1
47,Matt Kuchar,"42' 4""",127.083,3,E
48,Rory Sabbatini,"42' 6""",169.833,4,-1
49,Charles Howell III,"42' 11""",128.667,3,E
50,Stephan Jaeger,"43' 1""",258.500,6,E
51,Brian Gay,"43' 4""",259.750,6,-1
52,Abraham Ancer,"43' 9""",87.417,2,E
52,Y.E. Yang,"43' 9""",87.500,2,E
54,J.T. Poston,"44' 4""",44.333,1,E
55,Matt Jones,"45' 8""",182.500,4,E
56,Patton Kizzire,"48' 1""",192.333,4,-2
57,Scott Langley,"48' 4""",145.000,3,+2
58,Kyle Stanley,"49' 4""",246.500,5,+3
59,Roger Sloan,"52' 11""",211.667,4,+1
60,Patrick Reed,"53' 1""",159.167,3,+1
61,Keegan Bradley,"53' 8""",160.917,3,-1
62,Wes Roach,"56' 1""",168.333,3,+1
63,Ian Poulter,"57' 3""",171.750,3,E
64,Sungjae Im,"59' 4""",178.000,3,+1
65,Sam Saunders,"60' 8""",121.333,2,E
66,Adam Svensson,"69' 3""",69.250,1,E
67,Jim Knous,"85' 3""",170.500,2,E
68,Davis Love III,"110' 4""",110.333,1,E
