rank,player,Avg,Total Distance (feet),# of Attempts,Relative to par
1,Keith Mitchell,"6' 10""",6.833,1,E
2,Bryson DeChambeau,"39' 0""",39.000,1,-1
3,Yuki Inamori,"40' 0""",79.917,2,-1
4,Harris English,"42' 1""",210.250,5,-5
5,Alex Prugh,"43' 5""",43.417,1,+1
6,Danny Lee,"43' 9""",87.500,2,-2
7,José de Jesús Rodríguez,"44' 7""",44.583,1,E
8,Sebastián Muñoz,"45' 5""",90.833,2,-1
9,Corey Conners,"46' 2""",46.167,1,E
10,Jim Knous,"47' 2""",188.583,4,-1
11,Kyle Stanley,"47' 7""",47.583,1,E
12,Rikuya Hoshino,"47' 9""",190.917,4,-1
13,J.T. Poston,"48' 9""",48.750,1,E
14,Shugo Imahira,"48' 10""",97.667,2,-2
15,Andrew Putnam,"49' 1""",98.083,2,-1
16,Scott Piercy,"51' 2""",102.333,2,E
17,Carlos Ortiz,"54' 3""",54.250,1,E
18,Russell Henley,"54' 9""",109.500,2,E
19,Cameron Smith,"55' 6""",333.167,6,-2
20,Jimmy Walker,"58' 1""",116.083,2,-1
21,Kevin Kisner,"60' 8""",60.667,1,E
22,Davis Love III,"61' 1""",122.083,2,-1
23,Hideki Matsuyama,"62' 4""",62.333,1,E
24,Russell Knox,"63' 7""",127.167,2,E
25,Joel Dahmen,"64' 6""",129.000,2,E
26,Charles Howell III,"65' 9""",131.417,2,-2
27,Brandt Snedeker,"65' 10""",197.583,3,-2
28,Keegan Bradley,"66' 8""",133.333,2,-1
29,Abraham Ancer,"69' 10""",139.583,2,-2
30,"Ted Potter, Jr.","73' 10""",73.833,1,E
31,Brandon Harkins,"77' 2""",77.167,1,-1
32,Adam Hadwin,"77' 7""",77.583,1,-1
33,Ryan Blaum,"78' 4""",78.333,1,+1
34,Julián Etulain,"78' 5""",78.417,1,E
35,Scott Langley,"79' 8""",159.333,2,-1
36,Rory Sabbatini,"79' 10""",239.500,3,-2
37,Stewart Cink,"80' 4""",80.333,1,-1
38,Michael Thompson,"82' 3""",82.250,1,E
39,Dylan Frittelli,"82' 4""",164.667,2,E
40,Brian Gay,"82' 6""",165.000,2,E
41,Chase Wright,"83' 2""",83.167,1,E
42,Patton Kizzire,"86' 1""",86.083,1,E
43,Brice Garnett,"87' 1""",174.167,2,+1
44,Jim Herman,"87' 3""",174.417,2,+1
45,Trey Mullinax,"87' 11""",175.750,2,-1
46,Ryan Armour,"88' 0""",264.000,3,+1
47,Wes Roach,"99' 9""",99.750,1,+1
48,Ian Poulter,"101' 7""",101.583,1,-1
49,Dominic Bozzelli,"102' 10""",308.500,3,-1
50,Patrick Reed,"105' 7""",211.167,2,E
51,Adam Svensson,"107' 10""",107.833,1,+1
52,Emiliano Grillo,"112' 0""",112.000,1,E
53,Fabián Gómez,"113' 2""",113.167,1,+1
54,Tyler Duncan,"114' 5""",114.417,1,+2
55,Johnson Wagner,"115' 4""",115.333,1,E
56,Stephan Jaeger,"115' 5""",346.167,3,-1
57,Justin Thomas,"115' 9""",115.750,1,-1
