rank,player,Avg,Total Distance (feet),# of Attempts,Relative to par
1,Justin Thomas,"9' 0""",27.083,3,-2
2,Alex Prugh,"9' 8""",9.667,1,-1
3,Matt Jones,"11' 4""",22.583,2,+2
4,Russell Henley,"12' 8""",12.667,1,E
5,Sam Saunders,"14' 2""",14.167,1,-1
6,Marc Leishman,"21' 7""",21.583,1,E
7,Ryan Armour,"22' 3""",22.250,1,E
8,Emiliano Grillo,"23' 0""",23.000,1,E
9,Harris English,"23' 3""",46.500,2,+1
10,Russell Knox,"23' 10""",23.833,1,E
11,Patrick Reed,"26' 6""",26.500,1,E
12,Patton Kizzire,"28' 1""",28.083,1,+1
13,Shugo Imahira,"33' 7""",33.583,1,-1
14,Wes Roach,"34' 9""",34.750,1,+1
15,Trey Mullinax,"35' 1""",35.083,1,E
16,Danny Lee,"42' 8""",42.667,1,E
17,Brandon Harkins,"46' 8""",93.333,2,+2
18,Jim Knous,"71' 0""",71.000,1,E
19,José de Jesús Rodríguez,"73' 9""",73.750,1,+1
