rank,player,Avg,Total Distance (feet),# of Attempts,Relative to par
1,Joel Dahmen,"4' 0""",4.000,1,-1
2,Brandt Snedeker,"8' 6""",8.500,1,-1
3,Matt Jones,"11' 4""",22.583,2,+2
4,Alex Prugh,"11' 11""",23.750,2,-1
5,Fabián Gómez,"12' 6""",12.500,1,E
6,Russell Henley,"12' 8""",12.667,1,E
7,Hank Lebioda,"13' 11""",13.917,1,+1
8,Julián Etulain,"14' 0""",14.000,1,E
9,Sebastián Muñoz,"15' 0""",15.000,1,E
10,Stewart Cink,"15' 3""",30.417,2,E
11,Jimmy Walker,"16' 11""",67.667,4,E
12,Stephan Jaeger,"17' 11""",35.833,2,-1
13,Keegan Bradley,"18' 1""",18.083,1,E
14,Michael Thompson,"19' 3""",19.250,1,+1
15,Ryan Armour,"22' 3""",22.250,1,E
16,Davis Love III,"23' 0""",46.000,2,E
17,Harris English,"23' 3""",46.500,2,+1
18,Justin Thomas,"23' 4""",116.833,5,-2
19,Russell Knox,"23' 10""",23.833,1,E
19,Anirban Lahiri,"23' 10""",23.833,1,E
21,Rory Sabbatini,"23' 11""",47.833,2,-1
22,Emiliano Grillo,"24' 11""",74.667,3,+2
23,Sung Kang,"26' 1""",26.083,1,E
24,Patrick Reed,"26' 6""",26.500,1,E
25,Patton Kizzire,"28' 1""",28.083,1,+1
26,Tyler Duncan,"28' 5""",56.750,2,E
27,Marc Leishman,"32' 10""",131.417,4,E
28,Shugo Imahira,"33' 7""",33.583,1,-1
29,Trey Mullinax,"34' 3""",68.500,2,E
30,Brandon Harkins,"35' 8""",106.917,3,+1
30,Sam Saunders,"35' 8""",107.083,3,-1
32,José de Jesús Rodríguez,"35' 11""",107.667,3,-1
33,Wes Roach,"36' 3""",72.417,2,+2
34,Danny Lee,"42' 8""",42.667,1,E
35,Brice Garnett,"49' 8""",99.250,2,E
36,Carlos Ortiz,"54' 7""",54.583,1,E
37,Hideki Matsuyama,"55' 1""",55.083,1,E
38,Jim Knous,"71' 0""",71.000,1,E
39,Bryson DeChambeau,"83' 5""",166.833,2,+1
