rank,player,%,Greens Hit,# of holes
1,Jimmy Walker,80.95,17,21
2,Blayne Barber,76.47,13,17
3,Colt Knost,72.00,18,25
4,Charles Howell III,70.27,26,37
4,Nick Taylor,70.27,26,37
6,Chris Kirk,69.23,18,26
7,Hyung-Sung Kim,68.00,17,25
8,Jason Kokrak,66.67,26,39
8,Michael Putnam,66.67,16,24
8,Chez Reavie,66.67,10,15
11,Jhonattan Vegas,65.63,21,32
12,Paul Casey,65.52,19,29
13,Shawn Stefani,65.38,17,26
14,Camilo Villegas,63.64,21,33
15,Stuart Appleby,63.33,19,30
16,Daniel Berger,62.50,15,24
17,Sangmoon Bae,61.54,16,26
18,Morgan Hoffmann,61.11,22,36
19,Brendon Todd,60.87,14,23
20,K.J. Choi,60.00,12,20
20,Stewart Cink,60.00,21,35
20,Justin Leonard,60.00,12,20
23,Steven Bowditch,59.38,19,32
23,Max Homa,59.38,19,32
25,Tim Clark,58.82,10,17
25,Spencer Levin,58.82,10,17
27,Ryan Palmer,58.62,17,29
28,David Hearn,58.33,14,24
29,Scott Piercy,57.14,16,28
30,WC Liang,56.76,21,37
31,J.J. Henry,56.67,17,30
32,Ben Martin,56.52,13,23
32,Scott Pinckney,56.52,13,23
34,Luke Donald,56.25,18,32
34,Matt Kuchar,56.25,18,32
36,Kenny Perry,55.17,16,29
36,Gary Woodland,55.17,16,29
38,Nicholas Thompson,55.00,11,20
39,Jason Day,54.29,19,35
39,Boo Weekley,54.29,19,35
41,Andrew Svoboda,54.17,13,24
42,Russell Henley,53.85,14,26
42,Webb Simpson,53.85,14,26
44,Marc Leishman,53.33,16,30
45,Francesco Molinari,52.94,9,17
46,Kevin Streelman,52.63,10,19
47,Mark Hubbard,52.38,11,21
48,Harris English,52.17,12,23
49,Roger Sloan,51.72,15,29
50,Zac Blair,50.00,8,16
50,James Hahn,50.00,11,22
50,Brian Harman,50.00,15,30
50,Jeff Overton,50.00,14,28
54,Scott Langley,47.83,11,23
54,Justin Thomas,47.83,11,23
56,Derek Fathauer,46.67,14,30
56,Matt Jones,46.67,14,30
58,Jerry Kelly,46.15,12,26
59,Robert Streb,45.83,11,24
60,Brian Davis,44.44,12,27
61,Tom Johnson,44.00,11,25
61,Zach Johnson,44.00,11,25
63,Daniel Summerhays,43.48,10,23
64,Troy Merritt,40.91,9,22
65,Pat Perez,40.00,8,20
66,Rory Sabbatini,39.13,9,23
67,Chad Collins,37.93,11,29
68,Russell Knox,34.78,8,23
69,Kevin Na,32.35,11,34
70,John Peterson,29.41,5,17
