rank,player,%,Greens Hit,Total Holes,Relative to par
1,Daniel Berger,100.00,8,8,-0.25
1,Harris English,100.00,15,15,-0.07
1,Mark Hubbard,100.00,15,15,-0.07
4,Jimmy Walker,95.24,20,21,-0.45
5,Russell Henley,93.33,14,15,-0.21
5,Robert Streb,93.33,14,15,-0.36
7,Luke Donald,91.67,11,12,-0.18
7,Brian Harman,91.67,11,12,-0.27
9,Scott Langley,90.91,10,11,-0.10
10,Justin Leonard,90.00,9,10,-0.33
11,Hyung-Sung Kim,88.89,8,9,-0.50
12,Nicholas Thompson,88.24,15,17,-0.33
13,J.J. Henry,87.50,14,16,-0.29
13,Scott Piercy,87.50,7,8,E
13,Daniel Summerhays,87.50,14,16,-0.21
16,Blayne Barber,86.67,13,15,-0.31
16,Zac Blair,86.67,13,15,-0.31
16,Chez Reavie,86.67,13,15,E
19,Chris Kirk,84.62,11,13,-0.27
19,Gary Woodland,84.62,11,13,-0.18
21,Max Homa,83.33,10,12,-0.30
21,Troy Merritt,83.33,10,12,-0.40
21,Camilo Villegas,83.33,10,12,-0.20
24,Kenny Perry,82.35,14,17,-0.21
25,James Hahn,81.25,13,16,-0.31
26,Paul Casey,80.00,12,15,-0.17
26,Stewart Cink,80.00,12,15,-0.08
26,Tim Clark,80.00,8,10,-0.38
26,Zach Johnson,80.00,8,10,-0.13
26,Spencer Levin,80.00,8,10,-0.13
26,Kevin Streelman,80.00,16,20,-0.25
32,Colt Knost,78.57,11,14,-0.36
32,WC Liang,78.57,11,14,E
32,Webb Simpson,78.57,11,14,-0.36
35,Pat Perez,77.78,7,9,-0.43
36,Jason Kokrak,76.92,10,13,-0.30
36,Francesco Molinari,76.92,10,13,E
38,K.J. Choi,75.00,12,16,E
38,Shawn Stefani,75.00,9,12,-0.11
40,Matt Jones,73.68,14,19,-0.21
41,Stuart Appleby,73.33,11,15,-0.27
41,Justin Thomas,73.33,11,15,-0.45
43,Chad Collins,72.73,8,11,-0.13
43,Jhonattan Vegas,72.73,8,11,-0.50
45,Steven Bowditch,72.22,13,18,-0.38
46,John Peterson,71.43,10,14,-0.10
46,Roger Sloan,71.43,5,7,E
48,Matt Kuchar,70.59,12,17,-0.33
49,Tom Johnson,70.00,7,10,-0.29
50,Brian Davis,69.23,9,13,-0.33
50,Boo Weekley,69.23,9,13,-0.11
52,Russell Knox,68.75,11,16,-0.45
52,Nick Taylor,68.75,11,16,-0.18
54,Derek Fathauer,66.67,8,12,-0.25
54,Jeff Overton,66.67,6,9,E
54,Rory Sabbatini,66.67,6,9,-0.33
57,Brendon Todd,64.71,11,17,+0.09
58,Charles Howell III,64.29,9,14,-0.22
59,Marc Leishman,63.64,7,11,-0.43
59,Andrew Svoboda,63.64,14,22,-0.29
61,Kevin Na,61.54,8,13,-0.13
62,Jerry Kelly,61.11,11,18,-0.45
63,Scott Pinckney,60.00,9,15,-0.22
64,David Hearn,58.33,7,12,-0.29
65,Jason Day,56.25,9,16,-0.44
66,Morgan Hoffmann,54.55,6,11,-0.17
66,Ryan Palmer,54.55,6,11,-0.33
68,Sangmoon Bae,53.85,7,13,-0.29
69,Ben Martin,41.67,5,12,-0.40
70,Michael Putnam,37.50,3,8,E
