rank,player,%,Greens Hit,Total Holes,Relative to par
1,Sangmoon Bae,100.00,13,13,-0.31
1,Blayne Barber,100.00,9,9,-0.33
1,Zac Blair,100.00,8,8,-0.50
1,Steven Bowditch,100.00,10,10,-0.60
1,Paul Casey,100.00,11,11,-0.82
1,K.J. Choi,100.00,8,8,-0.88
1,Stewart Cink,100.00,9,9,-0.67
1,Tim Clark,100.00,6,6,-0.50
1,Chad Collins,100.00,5,5,-0.80
1,Luke Donald,100.00,10,10,-0.50
1,James Hahn,100.00,8,8,-0.75
1,Brian Harman,100.00,11,11,-0.73
1,David Hearn,100.00,9,9,-0.56
1,J.J. Henry,100.00,10,10,-1.00
1,Mark Hubbard,100.00,8,8,-0.63
1,Tom Johnson,100.00,9,9,-0.78
1,Hyung-Sung Kim,100.00,8,8,-0.88
1,Colt Knost,100.00,6,6,-0.83
1,Scott Langley,100.00,10,10,-0.50
1,Francesco Molinari,100.00,8,8,-0.75
1,Ryan Palmer,100.00,8,8,-0.88
1,Pat Perez,100.00,11,11,-0.82
1,John Peterson,100.00,8,8,-1.00
1,Chez Reavie,100.00,12,12,-0.75
1,Rory Sabbatini,100.00,12,12,-0.67
1,Webb Simpson,100.00,10,10,-0.80
1,Kevin Streelman,100.00,9,9,-0.56
1,Andrew Svoboda,100.00,11,11,-0.73
1,Justin Thomas,100.00,12,12,-0.75
1,Camilo Villegas,100.00,10,10,-0.60
1,Jimmy Walker,100.00,11,11,-0.91
1,Gary Woodland,100.00,13,13,-0.92
33,Marc Leishman,92.31,12,13,-0.67
34,Max Homa,91.67,11,12,-0.73
34,Jason Kokrak,91.67,11,12,-0.64
34,Michael Putnam,91.67,11,12,-0.45
34,Shawn Stefani,91.67,11,12,-0.64
38,Daniel Berger,90.91,10,11,-0.70
38,Brian Davis,90.91,10,11,-0.70
38,Charles Howell III,90.91,10,11,-0.60
38,Chris Kirk,90.91,10,11,-0.50
38,Ben Martin,90.91,10,11,-0.70
38,Jeff Overton,90.91,10,11,-0.90
44,Russell Henley,90.00,9,10,-0.56
44,Zach Johnson,90.00,9,10,-0.67
44,Matt Kuchar,90.00,9,10,-0.67
44,Jhonattan Vegas,90.00,9,10,-0.67
48,Stuart Appleby,88.89,8,9,-0.63
48,Jerry Kelly,88.89,8,9,-1.13
48,Troy Merritt,88.89,8,9,-0.38
48,Scott Pinckney,88.89,8,9,-1.13
48,Robert Streb,88.89,8,9,-1.00
48,Nick Taylor,88.89,8,9,-1.00
54,Matt Jones,87.50,7,8,-0.71
54,WC Liang,87.50,7,8,-0.57
54,Kevin Na,87.50,7,8,-0.29
54,Kenny Perry,87.50,7,8,-0.86
54,Nicholas Thompson,87.50,7,8,-0.14
54,Brendon Todd,87.50,7,8,-0.86
60,Jason Day,85.71,12,14,-0.58
60,Roger Sloan,85.71,6,7,-1.00
62,Harris English,83.33,10,12,-0.90
62,Derek Fathauer,83.33,5,6,-0.80
64,Russell Knox,81.82,9,11,-0.78
64,Boo Weekley,81.82,9,11,-1.11
66,Justin Leonard,80.00,8,10,-0.50
66,Spencer Levin,80.00,8,10,-0.50
68,Scott Piercy,76.92,10,13,-0.90
69,Morgan Hoffmann,72.73,8,11,-0.88
69,Daniel Summerhays,72.73,8,11,-0.88
