rank,player,%,Greens Hit,Total Holes,Relative to par
1,Paul Casey,100.00,15,15,-0.60
1,K.J. Choi,100.00,16,16,-0.69
1,Luke Donald,100.00,12,12,-0.50
1,Colt Knost,100.00,14,14,-0.50
1,John Peterson,100.00,15,15,-0.73
1,Chez Reavie,100.00,13,13,-0.77
1,Rory Sabbatini,100.00,15,15,-0.60
1,Kevin Streelman,100.00,17,17,-0.35
1,Andrew Svoboda,100.00,14,14,-0.64
1,Justin Thomas,100.00,16,16,-0.69
1,Jimmy Walker,100.00,16,16,-0.81
12,Steven Bowditch,94.44,17,18,-0.47
13,Daniel Berger,94.12,16,17,-0.50
13,Jhonattan Vegas,94.12,16,17,-0.38
15,Hyung-Sung Kim,93.75,15,16,-0.67
16,Stuart Appleby,93.33,14,15,-0.50
16,Michael Putnam,93.33,14,15,-0.43
18,Blayne Barber,92.86,13,14,-0.31
18,Zac Blair,92.86,13,14,-0.54
18,Troy Merritt,92.86,13,14,-0.46
21,David Hearn,92.31,12,13,-0.42
21,Mark Hubbard,92.31,12,13,-0.50
21,Jeff Overton,92.31,24,26,-0.50
24,Brian Davis,91.67,11,12,-0.64
24,Francesco Molinari,91.67,11,12,-0.73
24,Pat Perez,91.67,11,12,-0.82
27,Nicholas Thompson,90.91,10,11,-0.10
28,Sangmoon Bae,89.47,17,19,-0.29
28,Charles Howell III,89.47,17,19,-0.47
28,Chris Kirk,89.47,17,19,-0.41
28,Jason Kokrak,89.47,17,19,-0.41
28,Gary Woodland,89.47,17,19,-0.76
33,Stewart Cink,88.24,15,17,-0.53
33,Max Homa,88.24,15,17,-0.67
33,Scott Langley,88.24,15,17,-0.47
33,Roger Sloan,88.24,15,17,-0.67
37,Harris English,87.50,14,16,-0.71
37,Ben Martin,87.50,14,16,-0.64
39,Tim Clark,86.67,13,15,-0.54
39,James Hahn,86.67,13,15,-0.69
39,WC Liang,86.67,13,15,-0.46
39,Robert Streb,86.67,13,15,-0.77
39,Nick Taylor,86.67,13,15,-0.69
44,Brian Harman,85.71,18,21,-0.61
44,Zach Johnson,85.71,12,14,-0.58
44,Camilo Villegas,85.71,12,14,-0.58
47,Marc Leishman,85.00,17,20,-0.59
48,J.J. Henry,84.62,11,13,-0.91
48,Scott Pinckney,84.62,11,13,-0.73
48,Brendon Todd,84.62,11,13,-0.64
51,Shawn Stefani,84.21,16,19,-0.56
52,Russell Henley,83.33,15,18,-0.47
52,Jerry Kelly,83.33,10,12,-1.10
52,Justin Leonard,83.33,10,12,-0.40
55,Ryan Palmer,80.95,17,21,-0.59
56,Russell Knox,80.00,12,15,-0.58
56,Scott Piercy,80.00,16,20,-0.69
58,Tom Johnson,78.95,15,19,-0.67
58,Webb Simpson,78.95,15,19,-0.53
60,Jason Day,78.26,18,23,-0.56
61,Spencer Levin,76.47,13,17,-0.38
62,Chad Collins,75.00,9,12,-0.56
62,Derek Fathauer,75.00,12,16,-0.42
62,Matt Kuchar,75.00,12,16,-0.58
65,Daniel Summerhays,73.33,11,15,-0.73
66,Morgan Hoffmann,72.22,13,18,-0.77
67,Matt Jones,71.43,10,14,-0.50
68,Boo Weekley,70.59,12,17,-0.92
69,Kevin Na,69.23,9,13,-0.33
69,Kenny Perry,69.23,9,13,-0.78
