rank,player,%,Greens Hit,Total Holes,Relative to par
1,Stuart Appleby,100.00,2,2,-0.50
1,Blayne Barber,100.00,2,2,-0.50
1,Daniel Berger,100.00,3,3,-0.33
1,Zac Blair,100.00,2,2,-0.50
1,Steven Bowditch,100.00,2,2,E
1,Paul Casey,100.00,1,1,E
1,K.J. Choi,100.00,4,4,-0.50
1,Stewart Cink,100.00,5,5,-0.40
1,Tim Clark,100.00,5,5,-0.80
1,Brian Davis,100.00,1,1,E
1,Luke Donald,100.00,1,1,E
1,Harris English,100.00,2,2,-0.50
1,Derek Fathauer,100.00,3,3,-0.67
1,Brian Harman,100.00,2,2,E
1,David Hearn,100.00,3,3,E
1,J.J. Henry,100.00,1,1,E
1,Morgan Hoffmann,100.00,2,2,-0.50
1,Max Homa,100.00,1,1,E
1,Mark Hubbard,100.00,1,1,-1.00
1,Zach Johnson,100.00,2,2,E
1,Chris Kirk,100.00,3,3,-0.33
1,Colt Knost,100.00,5,5,-0.20
1,Russell Knox,100.00,1,1,E
1,Jason Kokrak,100.00,1,1,E
1,Matt Kuchar,100.00,1,1,E
1,Scott Langley,100.00,1,1,E
1,Justin Leonard,100.00,2,2,E
1,WC Liang,100.00,1,1,-1.00
1,Troy Merritt,100.00,4,4,-0.50
1,John Peterson,100.00,2,2,E
1,Michael Putnam,100.00,1,1,E
1,Roger Sloan,100.00,3,3,-0.33
1,Shawn Stefani,100.00,1,1,-1.00
1,Kevin Streelman,100.00,3,3,E
1,Daniel Summerhays,100.00,1,1,-1.00
1,Andrew Svoboda,100.00,1,1,E
1,Nick Taylor,100.00,2,2,-0.50
1,Justin Thomas,100.00,1,1,E
1,Jhonattan Vegas,100.00,1,1,E
1,Camilo Villegas,100.00,1,1,E
1,Jimmy Walker,100.00,1,1,-1.00
42,James Hahn,75.00,3,4,-0.67
42,Francesco Molinari,75.00,3,4,-0.67
42,Ryan Palmer,75.00,3,4,E
45,Hyung-Sung Kim,66.67,2,3,-0.50
45,Scott Pinckney,66.67,2,3,E
45,Webb Simpson,66.67,2,3,+0.50
45,Robert Streb,66.67,2,3,-1.00
45,Brendon Todd,66.67,2,3,+0.50
45,Boo Weekley,66.67,2,3,-0.50
51,Chad Collins,60.00,3,5,-0.33
52,Russell Henley,50.00,1,2,E
52,Charles Howell III,50.00,1,2,E
52,Tom Johnson,50.00,1,2,E
52,Marc Leishman,50.00,1,2,E
52,Kenny Perry,50.00,1,2,E
52,Scott Piercy,50.00,1,2,-1.00
58,Jason Day,33.33,1,3,-1.00
59,Matt Jones,.00,0,2,E
59,Ben Martin,.00,0,1,E
59,Kevin Na,.00,0,2,E
59,Jeff Overton,.00,0,1,E
59,Pat Perez,.00,0,1,E
