rank,player,%,Greens Hit,# Holes,Relative/Par
1,Stuart Appleby,100.0,6,6,E
1,Blayne Barber,100.0,2,2,E
1,Daniel Berger,100.0,2,2,E
1,Paul Casey,100.0,2,2,E
1,Luke Donald,100.0,1,1,-1.00
1,David Hearn,100.0,5,5,-1.00
1,Mark Hubbard,100.0,1,1,E
1,Chris Kirk,100.0,4,4,-2.00
1,Scott Langley,100.0,2,2,-1.00
1,Ben Martin,100.0,1,1,E
1,Scott Piercy,100.0,3,3,E
1,Scott Pinckney,100.0,1,1,E
1,Michael Putnam,100.0,2,2,+1.00
1,Webb Simpson,100.0,3,3,-1.00
1,Robert Streb,100.0,1,1,E
1,Daniel Summerhays,100.0,1,1,-1.00
1,Justin Thomas,100.0,1,1,E
1,Nicholas Thompson,100.0,2,2,E
1,Brendon Todd,100.0,4,4,E
1,Jhonattan Vegas,100.0,1,1,E
1,Jimmy Walker,100.0,3,3,E
22,Matt Kuchar,85.7,6,7,-2.00
23,Marc Leishman,83.3,5,6,-1.00
24,J.J. Henry,80.0,4,5,-1.00
24,Charles Howell III,80.0,4,5,+1.00
24,Hyung-Sung Kim,80.0,4,5,-1.00
24,Colt Knost,80.0,4,5,-1.00
24,Jason Kokrak,80.0,4,5,-1.00
29,Steven Bowditch,75.0,3,4,-2.00
29,K.J. Choi,75.0,3,4,-2.00
29,Tim Clark,75.0,3,4,-2.00
29,Derek Fathauer,75.0,3,4,-1.00
29,Shawn Stefani,75.0,3,4,-1.00
34,Francesco Molinari,71.4,5,7,-1.00
35,Tom Johnson,66.7,4,6,-1.00
35,Spencer Levin,66.7,2,3,E
35,Roger Sloan,66.7,4,6,-2.00
35,Nick Taylor,66.7,4,6,-2.00
39,Stewart Cink,60.0,3,5,-2.00
39,Chad Collins,60.0,3,5,E
39,Max Homa,60.0,3,5,-2.00
42,Brian Davis,50.0,2,4,-2.00
42,Jason Day,50.0,3,6,-1.00
42,Russell Henley,50.0,2,4,E
42,Zach Johnson,50.0,3,6,+1.00
42,Troy Merritt,50.0,1,2,E
42,Rory Sabbatini,50.0,3,6,-2.00
42,Camilo Villegas,50.0,2,4,E
42,Gary Woodland,50.0,2,4,-1.00
50,Sangmoon Bae,33.3,1,3,-1.00
50,Morgan Hoffmann,33.3,1,3,+1.00
50,Jerry Kelly,33.3,2,6,-1.00
50,Jeff Overton,33.3,1,3,-1.00
50,John Peterson,33.3,1,3,-1.00
50,Andrew Svoboda,33.3,1,3,E
50,Boo Weekley,33.3,2,6,-1.00
57,Matt Jones,28.6,2,7,-1.00
58,Ryan Palmer,25.0,1,4,+1.00
58,Kenny Perry,25.0,1,4,E
58,Kevin Streelman,25.0,1,4,E
61,James Hahn,22.2,2,9,E
62,Russell Knox,20.0,1,5,E
63,Zac Blair,.0,0,2,E
63,Harris English,.0,0,2,E
63,Brian Harman,.0,0,4,E
63,Justin Leonard,.0,0,1,E
63,WC Liang,.0,0,1,E
63,Kevin Na,.0,0,1,E
63,Pat Perez,.0,0,2,E
