rank,player,%,Greens Hit,Total Holes,Relative to par
1,Michael Putnam,90.91,10,11,-0.10
2,Jerry Kelly,87.50,7,8,-0.14
3,Scott Piercy,83.33,5,6,-0.20
4,Brendon Todd,80.00,8,10,+0.13
5,K.J. Choi,71.43,5,7,E
5,Zach Johnson,71.43,5,7,-0.20
5,Shawn Stefani,71.43,5,7,-0.20
5,Jimmy Walker,71.43,5,7,-0.20
9,Colt Knost,70.00,7,10,-0.14
9,Daniel Summerhays,70.00,7,10,E
11,Stuart Appleby,66.67,6,9,-0.50
11,Daniel Berger,66.67,4,6,+0.25
11,Chris Kirk,66.67,6,9,E
14,Matt Kuchar,62.50,5,8,E
14,Francesco Molinari,62.50,5,8,E
16,David Hearn,60.00,6,10,-0.17
16,Charles Howell III,60.00,3,5,E
16,Ryan Palmer,60.00,3,5,E
16,Scott Pinckney,60.00,3,5,E
20,Luke Donald,58.33,7,12,-0.14
21,Ben Martin,57.14,4,7,-0.50
22,Hyung-Sung Kim,55.56,5,9,-0.20
22,Rory Sabbatini,55.56,5,9,+0.20
22,Robert Streb,55.56,5,9,-0.20
25,Blayne Barber,50.00,4,8,E
25,Steven Bowditch,50.00,4,8,-0.25
25,Brian Davis,50.00,5,10,-0.20
25,WC Liang,50.00,5,10,E
25,Jeff Overton,50.00,4,8,E
25,Chez Reavie,50.00,4,8,-0.25
25,Nick Taylor,50.00,4,8,-0.25
25,Jhonattan Vegas,50.00,4,8,-0.25
33,Max Homa,45.45,5,11,-0.60
34,Camilo Villegas,44.44,4,9,E
35,Sangmoon Bae,42.86,3,7,E
35,Jason Day,42.86,3,7,-0.33
35,Spencer Levin,42.86,3,7,-0.33
35,John Peterson,42.86,3,7,+0.33
35,Andrew Svoboda,42.86,3,7,+0.33
35,Justin Thomas,42.86,3,7,E
41,James Hahn,40.00,2,5,-0.50
41,J.J. Henry,40.00,4,10,E
43,Tim Clark,37.50,3,8,-0.33
43,Webb Simpson,37.50,3,8,-0.33
45,Chad Collins,36.36,4,11,E
46,Stewart Cink,33.33,3,9,-0.33
46,Russell Henley,33.33,2,6,E
46,Russell Knox,33.33,3,9,-0.33
46,Jason Kokrak,33.33,2,6,-1.00
46,Troy Merritt,33.33,3,9,-0.33
46,Kevin Streelman,33.33,2,6,+0.50
46,Nicholas Thompson,33.33,2,6,E
53,Matt Jones,30.00,3,10,-0.33
53,Pat Perez,30.00,3,10,E
55,Paul Casey,28.57,2,7,E
56,Derek Fathauer,27.27,3,11,E
56,Justin Leonard,27.27,3,11,-0.33
58,Morgan Hoffmann,25.00,2,8,E
58,Tom Johnson,25.00,2,8,E
58,Kenny Perry,25.00,2,8,E
58,Roger Sloan,25.00,2,8,E
58,Gary Woodland,25.00,2,8,-0.50
63,Zac Blair,22.22,2,9,E
63,Scott Langley,22.22,2,9,E
63,Boo Weekley,22.22,2,9,E
66,Mark Hubbard,21.43,3,14,-0.33
67,Brian Harman,16.67,1,6,-1.00
67,Kevin Na,16.67,2,12,E
69,Marc Leishman,14.29,1,7,E
70,Harris English,12.50,1,8,E
