rank,player,%,Greens Hit,Total Holes,Relative to par
1,Jimmy Walker,79.66,47,59,-0.36
2,Daniel Summerhays,76.67,46,60,-0.20
3,Chez Reavie,75.00,45,60,-0.22
4,Nicholas Thompson,73.44,47,64,-0.28
5,K.J. Choi,73.33,44,60,-0.09
5,Kevin Streelman,73.33,44,60,-0.11
7,Spencer Levin,72.58,45,62,-0.13
8,Scott Piercy,71.93,41,57,-0.15
9,Francesco Molinari,71.67,43,60,-0.12
10,Scott Pinckney,71.19,42,59,-0.17
11,Harris English,70.69,41,58,-0.17
11,Chris Kirk,70.69,41,58,-0.15
13,Blayne Barber,70.49,43,61,-0.16
13,Brendon Todd,70.49,43,61,-0.12
15,Stewart Cink,69.64,39,56,-0.15
16,Charles Howell III,69.49,41,59,-0.17
16,Shawn Stefani,69.49,41,59,-0.15
18,Stuart Appleby,68.85,42,61,-0.26
19,Paul Casey,68.33,41,60,-0.22
19,Colt Knost,68.33,41,60,-0.24
19,Scott Langley,68.33,41,60,-0.17
22,Zac Blair,67.74,42,62,-0.24
23,Daniel Berger,67.24,39,58,-0.10
23,Russell Knox,67.24,39,58,-0.31
25,Camilo Villegas,67.21,41,61,-0.22
26,Steven Bowditch,66.67,40,60,-0.23
26,Luke Donald,66.67,40,60,-0.20
26,Mark Hubbard,66.67,42,63,-0.10
26,Hyung-Sung Kim,66.67,40,60,-0.28
26,Justin Leonard,66.67,40,60,-0.18
26,Ben Martin,66.67,40,60,-0.15
26,Nick Taylor,66.67,40,60,-0.13
33,Michael Putnam,66.10,39,59,-0.10
34,Jeff Overton,65.00,39,60,-0.13
34,Robert Streb,65.00,39,60,-0.23
36,Gary Woodland,64.41,38,59,-0.16
37,J.J. Henry,63.93,39,61,-0.18
38,WC Liang,63.49,40,63,-0.15
39,Justin Thomas,63.16,36,57,-0.31
40,John Peterson,62.90,39,62,-0.13
41,Russell Henley,62.71,37,59,-0.24
41,Webb Simpson,62.71,37,59,-0.30
43,Brian Harman,62.50,35,56,-0.37
44,Tim Clark,62.30,38,61,-0.29
44,Jhonattan Vegas,62.30,38,61,-0.16
46,Sangmoon Bae,62.07,36,58,-0.19
47,Jason Day,61.82,34,55,-0.26
48,Pat Perez,61.67,37,60,-0.24
48,Andrew Svoboda,61.67,37,60,-0.16
50,Kenny Perry,61.29,38,62,-0.21
51,Boo Weekley,60.71,34,56,-0.15
52,Matt Kuchar,60.66,37,61,-0.24
53,Max Homa,60.34,35,58,-0.29
53,Rory Sabbatini,60.34,35,58,-0.31
55,James Hahn,60.00,36,60,-0.31
55,Ryan Palmer,60.00,36,60,-0.28
57,Zach Johnson,59.32,35,59,-0.14
57,Jason Kokrak,59.32,35,59,-0.26
59,Roger Sloan,59.02,36,61,-0.31
60,Jerry Kelly,58.73,37,63,-0.32
61,Matt Jones,58.06,36,62,-0.19
62,Marc Leishman,57.89,33,57,-0.24
63,David Hearn,56.67,34,60,-0.29
64,Chad Collins,56.45,35,62,-0.09
65,Tom Johnson,55.74,34,61,-0.32
66,Brian Davis,55.00,33,60,-0.30
67,Morgan Hoffmann,54.24,32,59,-0.22
67,Troy Merritt,54.24,32,59,-0.34
69,Derek Fathauer,53.23,33,62,-0.24
70,Kevin Na,51.67,31,60,-0.26
