rank,player,%,Greens Hit,# of Holes
1,Scott Langley,93.94,31,33
1,Daniel Summerhays,93.94,31,33
3,Gary Woodland,92.59,25,27
4,Steven Bowditch,91.67,22,24
5,Harris English,90.91,30,33
6,Stewart Cink,90.48,19,21
7,WC Liang,89.47,17,19
8,Scott Piercy,89.29,25,28
9,Kevin Streelman,89.19,33,37
10,Paul Casey,88.89,24,27
11,Jimmy Walker,88.57,31,35
12,Brian Harman,88.46,23,26
12,J.J. Henry,88.46,23,26
14,Chez Reavie,87.80,36,41
15,Luke Donald,87.50,21,24
15,Robert Streb,87.50,28,32
17,Francesco Molinari,87.18,34,39
18,K.J. Choi,86.11,31,36
19,Jeff Overton,85.71,24,28
20,Russell Knox,84.85,28,33
20,Justin Thomas,84.85,28,33
22,Blayne Barber,84.62,33,39
23,Russell Henley,83.33,25,30
23,Max Homa,83.33,20,24
23,Matt Kuchar,83.33,20,24
23,Pat Perez,83.33,30,36
23,Webb Simpson,83.33,25,30
23,Nicholas Thompson,83.33,30,36
29,Mark Hubbard,82.86,29,35
30,Jason Kokrak,82.35,14,17
31,Spencer Levin,82.05,32,39
31,John Peterson,82.05,32,39
33,Scott Pinckney,81.82,27,33
34,Kenny Perry,81.48,22,27
35,Daniel Berger,81.25,26,32
35,Andrew Svoboda,81.25,26,32
37,Boo Weekley,80.95,17,21
38,Stuart Appleby,80.77,21,26
38,Marc Leishman,80.77,21,26
40,Hyung-Sung Kim,80.65,25,31
41,Justin Leonard,80.56,29,36
42,Zac Blair,80.00,32,40
42,Chris Kirk,80.00,24,30
44,James Hahn,79.41,27,34
45,Charles Howell III,78.95,15,19
45,Nick Taylor,78.95,15,19
47,Brendon Todd,78.79,26,33
48,Camilo Villegas,78.26,18,23
49,Chad Collins,77.78,21,27
49,Roger Sloan,77.78,21,27
51,Kevin Na,77.27,17,22
52,Tim Clark,76.92,30,39
52,Matt Jones,76.92,20,26
54,Shawn Stefani,76.67,23,30
55,Troy Merritt,76.47,26,34
56,Jason Day,76.19,16,21
57,Rory Sabbatini,75.76,25,33
58,Colt Knost,74.19,23,31
59,Ryan Palmer,74.07,20,27
60,Sangmoon Bae,73.33,22,30
60,Jerry Kelly,73.33,22,30
62,Derek Fathauer,73.08,19,26
63,Brian Davis,72.41,21,29
64,Michael Putnam,71.88,23,32
65,Tom Johnson,70.97,22,31
65,Zach Johnson,70.97,22,31
67,Morgan Hoffmann,70.00,14,20
68,Ben Martin,69.70,23,33
69,Jhonattan Vegas,66.67,16,24
70,David Hearn,62.50,20,32
