rank,player,%,Greens Hit,Total Holes,Relative to par
1,Stuart Appleby,100.00,4,4,-0.25
1,Daniel Berger,100.00,3,3,E
1,Paul Casey,100.00,3,3,E
1,K.J. Choi,100.00,4,4,-0.50
1,Luke Donald,100.00,1,1,-1.00
1,Harris English,100.00,2,2,E
1,Charles Howell III,100.00,6,6,-0.33
1,Hyung-Sung Kim,100.00,5,5,-0.40
1,Colt Knost,100.00,3,3,-0.33
1,Ben Martin,100.00,4,4,-0.50
1,Troy Merritt,100.00,1,1,-1.00
1,Jeff Overton,100.00,14,14,-0.21
1,John Peterson,100.00,5,5,-0.60
1,Scott Piercy,100.00,5,5,-0.20
1,Scott Pinckney,100.00,1,1,+1.00
1,Michael Putnam,100.00,2,2,-0.50
1,Chez Reavie,100.00,1,1,-1.00
1,Rory Sabbatini,100.00,3,3,-0.33
1,Robert Streb,100.00,3,3,E
1,Kevin Streelman,100.00,5,5,-0.20
1,Andrew Svoboda,100.00,2,2,-0.50
1,Justin Thomas,100.00,3,3,-0.67
1,Nicholas Thompson,100.00,3,3,E
1,Brendon Todd,100.00,2,2,-1.00
1,Jhonattan Vegas,100.00,6,6,E
1,Jimmy Walker,100.00,4,4,-0.50
27,Roger Sloan,85.71,6,7,-0.50
28,Steven Bowditch,83.33,5,6,-0.40
28,Jason Day,83.33,5,6,-0.40
28,Russell Henley,83.33,5,6,-0.40
28,Jason Kokrak,83.33,5,6,E
28,WC Liang,83.33,5,6,-0.20
33,Chris Kirk,80.00,4,5,-0.25
33,Marc Leishman,80.00,4,5,-0.50
35,Zac Blair,75.00,3,4,-0.67
35,Max Homa,75.00,3,4,-0.67
35,Mark Hubbard,75.00,3,4,E
35,Matt Jones,75.00,3,4,E
35,Nick Taylor,75.00,3,4,E
40,Spencer Levin,71.43,5,7,-0.20
41,Sangmoon Bae,66.67,4,6,-0.25
41,Blayne Barber,66.67,2,3,E
41,James Hahn,66.67,2,3,-0.50
41,Jerry Kelly,66.67,2,3,-1.00
41,Russell Knox,66.67,2,3,E
41,Scott Langley,66.67,4,6,-0.50
41,Kevin Na,66.67,2,3,-0.50
41,Ryan Palmer,66.67,6,9,-0.50
41,Shawn Stefani,66.67,4,6,-0.25
41,Daniel Summerhays,66.67,2,3,E
41,Gary Woodland,66.67,4,6,-0.25
52,Brian Harman,62.50,5,8,-0.60
52,Tom Johnson,62.50,5,8,-0.60
54,Morgan Hoffmann,60.00,3,5,-0.67
55,Derek Fathauer,57.14,4,7,+0.25
56,Tim Clark,50.00,2,4,E
56,Chad Collins,50.00,1,2,E
56,Zach Johnson,50.00,1,2,-1.00
56,Webb Simpson,50.00,3,6,-0.33
60,Matt Kuchar,40.00,2,5,-0.50
61,Stewart Cink,33.33,1,3,E
61,Kenny Perry,33.33,1,3,-1.00
61,Camilo Villegas,33.33,1,3,-1.00
61,Boo Weekley,33.33,1,3,E
65,David Hearn,.00,0,1,E
65,J.J. Henry,.00,0,2,E
