rank,player,%,Greens Hit,Total Holes,Relative to par
1,Chez Reavie,76.92,10,13,-0.50
2,Spencer Levin,76.47,13,17,E
3,Scott Pinckney,75.00,12,16,-0.17
3,Shawn Stefani,75.00,12,16,-0.17
5,Zac Blair,73.68,14,19,-0.21
6,Ben Martin,72.73,16,22,-0.13
7,Stewart Cink,71.43,10,14,-0.30
7,Jason Day,71.43,10,14,-0.20
9,Boo Weekley,69.23,9,13,E
10,Russell Knox,68.75,11,16,-0.27
10,Nick Taylor,68.75,11,16,-0.09
10,Justin Thomas,68.75,11,16,-0.18
10,Camilo Villegas,68.75,11,16,E
14,Kevin Streelman,68.42,13,19,-0.15
15,Justin Leonard,66.67,12,18,-0.08
16,Francesco Molinari,64.71,11,17,-0.09
17,Charles Howell III,63.64,14,22,-0.21
18,Tom Johnson,63.16,12,19,-0.25
18,Nicholas Thompson,63.16,12,19,-0.25
20,Harris English,61.54,8,13,-0.38
20,Daniel Summerhays,61.54,8,13,-0.25
22,Paul Casey,61.11,11,18,-0.45
22,Michael Putnam,61.11,11,18,-0.09
24,Scott Langley,60.00,9,15,-0.11
25,K.J. Choi,58.82,10,17,E
25,Matt Jones,58.82,10,17,-0.20
25,Kevin Na,58.82,10,17,-0.30
25,Brendon Todd,58.82,10,17,E
25,Gary Woodland,58.82,10,17,-0.10
30,Stuart Appleby,57.89,11,19,-0.27
31,Luke Donald,57.14,12,21,-0.08
32,Sangmoon Bae,56.25,9,16,-0.22
32,Brian Harman,56.25,9,16,-0.22
32,Kenny Perry,56.25,9,16,E
35,Zach Johnson,55.56,10,18,E
35,Rory Sabbatini,55.56,10,18,-0.20
37,Tim Clark,55.00,11,20,-0.09
37,Jeff Overton,55.00,11,20,-0.09
39,Webb Simpson,54.55,6,11,E
40,John Peterson,53.85,7,13,-0.29
41,Mark Hubbard,53.33,8,15,-0.25
41,Chris Kirk,53.33,8,15,E
41,Jimmy Walker,53.33,8,15,-0.25
44,Steven Bowditch,52.94,9,17,-0.22
44,J.J. Henry,52.94,9,17,-0.11
44,Jason Kokrak,52.94,9,17,-0.33
47,James Hahn,52.38,11,21,-0.36
48,Blayne Barber,50.00,7,14,-0.14
48,Daniel Berger,50.00,11,22,-0.27
48,David Hearn,50.00,8,16,-0.38
48,Matt Kuchar,50.00,7,14,-0.29
48,Marc Leishman,50.00,9,18,-0.22
48,Ryan Palmer,50.00,9,18,-0.33
54,Troy Merritt,46.67,7,15,-0.29
55,Chad Collins,45.00,9,20,-0.11
55,Colt Knost,45.00,9,20,-0.22
57,Jerry Kelly,44.44,8,18,-0.25
57,Scott Piercy,44.44,8,18,E
57,Jhonattan Vegas,44.44,8,18,E
60,Brian Davis,43.75,7,16,-0.43
60,Morgan Hoffmann,43.75,7,16,-0.29
60,Pat Perez,43.75,7,16,-0.29
60,Andrew Svoboda,43.75,7,16,-0.14
64,Russell Henley,42.86,6,14,-0.17
64,Robert Streb,42.86,6,14,-0.33
66,Roger Sloan,40.00,6,15,-0.83
67,Derek Fathauer,37.50,6,16,-0.67
68,WC Liang,35.29,6,17,E
69,Max Homa,35.00,7,20,+0.14
70,Hyung-Sung Kim,25.00,4,16,-0.50
