rank,player,%,Greens Hit,Total Holes,Relative to par
1,Sangmoon Bae,100.00,13,13,-0.31
1,Blayne Barber,100.00,11,11,-0.36
1,Zac Blair,100.00,10,10,-0.50
1,Steven Bowditch,100.00,12,12,-0.50
1,Paul Casey,100.00,12,12,-0.75
1,K.J. Choi,100.00,12,12,-0.75
1,Stewart Cink,100.00,14,14,-0.57
1,Tim Clark,100.00,11,11,-0.64
1,Luke Donald,100.00,11,11,-0.45
1,Brian Harman,100.00,13,13,-0.62
1,David Hearn,100.00,12,12,-0.42
1,J.J. Henry,100.00,11,11,-0.91
1,Mark Hubbard,100.00,9,9,-0.67
1,Colt Knost,100.00,11,11,-0.55
1,Scott Langley,100.00,11,11,-0.45
1,John Peterson,100.00,10,10,-0.80
1,Chez Reavie,100.00,12,12,-0.75
1,Rory Sabbatini,100.00,12,12,-0.67
1,Kevin Streelman,100.00,12,12,-0.42
1,Andrew Svoboda,100.00,12,12,-0.67
1,Justin Thomas,100.00,13,13,-0.69
1,Camilo Villegas,100.00,11,11,-0.55
1,Jimmy Walker,100.00,12,12,-0.92
1,Gary Woodland,100.00,13,13,-0.92
25,Daniel Berger,92.86,13,14,-0.62
25,Chris Kirk,92.86,13,14,-0.46
27,Max Homa,92.31,12,13,-0.67
27,Jason Kokrak,92.31,12,13,-0.58
27,Troy Merritt,92.31,12,13,-0.42
27,Michael Putnam,92.31,12,13,-0.42
27,Webb Simpson,92.31,12,13,-0.58
27,Shawn Stefani,92.31,12,13,-0.67
33,Brian Davis,91.67,11,12,-0.64
33,James Hahn,91.67,11,12,-0.73
33,Zach Johnson,91.67,11,12,-0.55
33,Francesco Molinari,91.67,11,12,-0.73
33,Ryan Palmer,91.67,11,12,-0.64
33,Pat Perez,91.67,11,12,-0.82
39,Stuart Appleby,90.91,10,11,-0.60
39,Tom Johnson,90.91,10,11,-0.70
39,Hyung-Sung Kim,90.91,10,11,-0.80
39,Matt Kuchar,90.91,10,11,-0.60
39,Nick Taylor,90.91,10,11,-0.90
39,Jhonattan Vegas,90.91,10,11,-0.60
45,Roger Sloan,90.00,9,10,-0.78
46,Derek Fathauer,88.89,8,9,-0.75
46,Jerry Kelly,88.89,8,9,-1.13
46,WC Liang,88.89,8,9,-0.63
49,Nicholas Thompson,87.50,7,8,-0.14
50,Marc Leishman,86.67,13,15,-0.62
51,Harris English,85.71,12,14,-0.83
52,Charles Howell III,84.62,11,13,-0.55
53,Russell Henley,83.33,10,12,-0.50
53,Russell Knox,83.33,10,12,-0.70
53,Justin Leonard,83.33,10,12,-0.40
53,Ben Martin,83.33,10,12,-0.70
53,Jeff Overton,83.33,10,12,-0.90
53,Scott Pinckney,83.33,10,12,-0.90
53,Robert Streb,83.33,10,12,-1.00
60,Brendon Todd,81.82,9,11,-0.56
61,Chad Collins,80.00,8,10,-0.63
61,Spencer Levin,80.00,8,10,-0.50
61,Kenny Perry,80.00,8,10,-0.75
64,Boo Weekley,78.57,11,14,-1.00
65,Morgan Hoffmann,76.92,10,13,-0.80
66,Jason Day,76.47,13,17,-0.62
67,Daniel Summerhays,75.00,9,12,-0.89
68,Scott Piercy,73.33,11,15,-0.91
69,Matt Jones,70.00,7,10,-0.71
69,Kevin Na,70.00,7,10,-0.29
