rank,player,Value,Total Drv Rank,GIR Rank
1,Fabián Gómez,7,2,5
1,Brooks Koepka,7,4,3
3,Rickie Fowler,13,8,5
3,Padraig Harrington,13,2,11
5,Patrick Reed,15,7,8
6,Smylie Kaufman,17,14,3
7,J.B. Holmes,21,4,17
8,Russell Knox,22,21,1
8,Graeme McDowell,22,8,14
8,Jordan Spieth,22,11,11
11,Bubba Watson,26,18,8
12,Emiliano Grillo,27,16,11
12,David Lingmerth,27,1,26
12,Brandt Snedeker,27,26,1
15,Bill Haas,28,11,17
16,Dustin Johnson,31,14,17
17,Jason Day,32,18,14
18,Steven Bowditch,34,8,26
19,Chris Kirk,35,30,5
20,Davis Love III,36,6,30
21,Alex Cejka,37,29,8
22,Jimmy Walker,39,16,23
23,Kevin Kisner,40,23,17
24,Danny Lee,41,24,17
24,Troy Merritt,41,27,14
26,Scott Piercy,43,13,30
27,Zach Johnson,44,27,17
27,Justin Thomas,44,18,26
29,Matt Every,47,24,23
29,J.J. Henry,47,21,26
31,Peter Malnati,54,31,23
32,James Hahn,63,31,32
