rank,player,%,Greens Hit,# Holes,Relative/Par
1,Russell Knox,88.89,64,72,-0.20
1,Brandt Snedeker,88.89,64,72,-0.38
3,Smylie Kaufman,87.50,63,72,-0.32
3,Brooks Koepka,87.50,63,72,-0.40
5,Rickie Fowler,86.11,62,72,-0.35
5,Fabián Gómez,86.11,62,72,-0.29
5,Chris Kirk,86.11,62,72,-0.26
8,Alex Cejka,84.72,61,72,-0.26
8,Patrick Reed,84.72,61,72,-0.38
8,Bubba Watson,84.72,61,72,-0.31
11,Emiliano Grillo,83.33,60,72,-0.32
11,Padraig Harrington,83.33,60,72,-0.35
11,Jordan Spieth,83.33,60,72,-0.53
14,Jason Day,80.56,58,72,-0.36
14,Graeme McDowell,80.56,58,72,-0.21
14,Troy Merritt,80.56,58,72,-0.34
17,Bill Haas,79.17,57,72,-0.28
17,J.B. Holmes,79.17,57,72,-0.32
17,Dustin Johnson,79.17,57,72,-0.37
17,Zach Johnson,79.17,57,72,-0.33
17,Kevin Kisner,79.17,57,72,-0.42
17,Danny Lee,79.17,57,72,-0.39
23,Matt Every,77.78,56,72,-0.32
23,Peter Malnati,77.78,56,72,-0.41
23,Jimmy Walker,77.78,56,72,-0.39
26,Steven Bowditch,76.39,55,72,-0.38
26,J.J. Henry,76.39,55,72,-0.11
26,David Lingmerth,76.39,55,72,-0.29
26,Justin Thomas,76.39,55,72,-0.36
30,Davis Love III,75.00,54,72,-0.24
30,Scott Piercy,75.00,54,72,-0.33
32,James Hahn,65.28,47,72,-0.26
