rank,player,Avg,Total Strokes,Total Holes
1,Dustin Johnson,3.79,125,33
2,Tommy Gainey,3.82,126,33
2,Brandt Snedeker,3.82,126,33
4,Steve Stricker,3.91,129,33
4,Mark Wilson,3.91,129,33
6,Jonas Blixt,3.94,130,33
6,Scott Piercy,3.94,130,33
8,Rickie Fowler,3.97,131,33
8,J.J. Henry,3.97,131,33
8,Ian Poulter,3.97,131,33
8,Bubba Watson,3.97,131,33
12,Jason Dufner,4.00,132,33
12,Carl Pettersson,4.00,132,33
12,Webb Simpson,4.00,132,33
12,Johnson Wagner,4.00,132,33
16,Bill Haas,4.03,133,33
16,Marc Leishman,4.03,133,33
18,Ben Curtis,4.06,134,33
18,Zach Johnson,4.06,134,33
18,Matt Kuchar,4.06,134,33
18,"Ted Potter, Jr.",4.06,134,33
18,Scott Stallings,4.06,134,33
23,Charlie Beljan,4.09,135,33
23,Keegan Bradley,4.09,135,33
23,Nick Watney,4.09,135,33
26,Hunter Mahan,4.12,136,33
27,John Huh,4.15,137,33
28,Ryan Moore,4.18,138,33
29,George McNeill,4.27,141,33
29,Kyle Stanley,4.27,141,33
