rank,player,Status,Par 4 Avg,Total Par
1,Dustin Johnson,-7,3.79,132
2,Tommy Gainey,-6,3.82,132
2,Brandt Snedeker,-6,3.82,132
4,Steve Stricker,-3,3.91,132
4,Mark Wilson,-3,3.91,132
6,Jonas Blixt,-2,3.94,132
6,Scott Piercy,-2,3.94,132
8,Rickie Fowler,-1,3.97,132
8,J.J. Henry,-1,3.97,132
8,Ian Poulter,-1,3.97,132
8,Bubba Watson,-1,3.97,132
12,Jason Dufner,E,4.00,132
12,Carl Pettersson,E,4.00,132
12,Webb Simpson,E,4.00,132
12,Johnson Wagner,E,4.00,132
16,Bill Haas,+1,4.03,132
16,Marc Leishman,+1,4.03,132
18,Ben Curtis,+2,4.06,132
18,Zach Johnson,+2,4.06,132
18,Matt Kuchar,+2,4.06,132
18,"Ted Potter, Jr.",+2,4.06,132
18,Scott Stallings,+2,4.06,132
23,Charlie Beljan,+3,4.09,132
23,Keegan Bradley,+3,4.09,132
23,Nick Watney,+3,4.09,132
26,Hunter Mahan,+4,4.12,132
27,John Huh,+5,4.15,132
28,Ryan Moore,+6,4.18,132
29,George McNeill,+9,4.27,132
29,Kyle Stanley,+9,4.27,132
