rank,player,Status,Par 5 Avg,Total Par
1,Keegan Bradley,-12,4.00,60
2,Dustin Johnson,-9,4.25,60
3,Rickie Fowler,-8,4.33,60
3,Matt Kuchar,-8,4.33,60
3,Carl Pettersson,-8,4.33,60
3,Nick Watney,-8,4.33,60
3,Bubba Watson,-8,4.33,60
8,John Huh,-7,4.42,60
8,Scott Stallings,-7,4.42,60
10,Tommy Gainey,-6,4.50,60
10,Brandt Snedeker,-6,4.50,60
10,Steve Stricker,-6,4.50,60
13,Zach Johnson,-5,4.58,60
13,Scott Piercy,-5,4.58,60
13,Webb Simpson,-5,4.58,60
13,Johnson Wagner,-5,4.58,60
17,George McNeill,-4,4.67,60
17,Ian Poulter,-4,4.67,60
17,Kyle Stanley,-4,4.67,60
20,Charlie Beljan,-3,4.75,60
20,J.J. Henry,-3,4.75,60
22,Ben Curtis,-2,4.83,60
22,Jason Dufner,-2,4.83,60
22,Bill Haas,-2,4.83,60
22,Hunter Mahan,-2,4.83,60
22,"Ted Potter, Jr.",-2,4.83,60
27,Marc Leishman,-1,4.92,60
27,Ryan Moore,-1,4.92,60
27,Mark Wilson,-1,4.92,60
30,Jonas Blixt,+2,5.17,60
