rank,player,%,Par 4 Birdies or Better,Par 4 Holes
1,Dustin Johnson,33.33,11,33
1,Brandt Snedeker,33.33,11,33
3,Tommy Gainey,24.24,8,33
4,Jason Dufner,21.21,7,33
4,Matt Kuchar,21.21,7,33
6,Rickie Fowler,18.18,6,33
6,Zach Johnson,18.18,6,33
6,Marc Leishman,18.18,6,33
6,Scott Piercy,18.18,6,33
6,"Ted Potter, Jr.",18.18,6,33
6,Steve Stricker,18.18,6,33
6,Bubba Watson,18.18,6,33
6,Mark Wilson,18.18,6,33
14,J.J. Henry,15.15,5,33
14,Nick Watney,15.15,5,33
16,Charlie Beljan,12.12,4,33
16,Jonas Blixt,12.12,4,33
16,Keegan Bradley,12.12,4,33
16,Ben Curtis,12.12,4,33
16,Hunter Mahan,12.12,4,33
16,Ian Poulter,12.12,4,33
16,Webb Simpson,12.12,4,33
16,Johnson Wagner,12.12,4,33
24,Ryan Moore,9.09,3,33
24,Carl Pettersson,9.09,3,33
24,Kyle Stanley,9.09,3,33
27,Bill Haas,6.06,2,33
27,Scott Stallings,6.06,2,33
29,John Huh,3.03,1,33
29,George McNeill,3.03,1,33
