rank,player,%,Par 3 Birdies or Better,Par 3 Holes
1,Jonas Blixt,33.33,3,9
1,Steve Stricker,33.33,3,9
3,Charlie Beljan,22.22,2,9
3,Ben Curtis,22.22,2,9
3,Scott Stallings,22.22,2,9
6,Jason Dufner,11.11,1,9
6,Rickie Fowler,11.11,1,9
6,J.J. Henry,11.11,1,9
6,Zach Johnson,11.11,1,9
6,Ian Poulter,11.11,1,9
6,Brandt Snedeker,11.11,1,9
6,Johnson Wagner,11.11,1,9
6,Mark Wilson,11.11,1,9
14,Keegan Bradley,.00,0,9
14,Tommy Gainey,.00,0,9
14,Bill Haas,.00,0,9
14,John Huh,.00,0,9
14,Dustin Johnson,.00,0,9
14,Matt Kuchar,.00,0,9
14,Marc Leishman,.00,0,9
14,Hunter Mahan,.00,0,9
14,George McNeill,.00,0,9
14,Ryan Moore,.00,0,9
14,Carl Pettersson,.00,0,9
14,Scott Piercy,.00,0,9
14,"Ted Potter, Jr.",.00,0,9
14,Webb Simpson,.00,0,9
14,Kyle Stanley,.00,0,9
14,Nick Watney,.00,0,9
14,Bubba Watson,.00,0,9
