rank,player,Avg,Total Strokes,Total Holes
1,Steve Stricker,2.67,24,9
2,Jonas Blixt,2.89,26,9
2,Ben Curtis,2.89,26,9
4,Keegan Bradley,3.00,27,9
4,Dustin Johnson,3.00,27,9
4,Ian Poulter,3.00,27,9
4,Bubba Watson,3.00,27,9
4,Mark Wilson,3.00,27,9
9,Jason Dufner,3.11,28,9
9,Rickie Fowler,3.11,28,9
9,J.J. Henry,3.11,28,9
9,John Huh,3.11,28,9
9,Matt Kuchar,3.11,28,9
9,George McNeill,3.11,28,9
9,Ryan Moore,3.11,28,9
9,Carl Pettersson,3.11,28,9
9,Webb Simpson,3.11,28,9
18,Charlie Beljan,3.22,29,9
18,Zach Johnson,3.22,29,9
18,Marc Leishman,3.22,29,9
18,Hunter Mahan,3.22,29,9
18,Brandt Snedeker,3.22,29,9
18,Scott Stallings,3.22,29,9
18,Johnson Wagner,3.22,29,9
18,Nick Watney,3.22,29,9
26,Bill Haas,3.33,30,9
27,Tommy Gainey,3.44,31,9
27,Scott Piercy,3.44,31,9
27,"Ted Potter, Jr.",3.44,31,9
30,Kyle Stanley,3.67,33,9
