rank,player,Avg,Total Strokes,Total Holes
1,Keegan Bradley,4.00,48,12
2,Dustin Johnson,4.25,51,12
3,Rickie Fowler,4.33,52,12
3,Matt Kuchar,4.33,52,12
3,Carl Pettersson,4.33,52,12
3,Nick Watney,4.33,52,12
3,Bubba Watson,4.33,52,12
8,John Huh,4.42,53,12
8,Scott Stallings,4.42,53,12
10,Tommy Gainey,4.50,54,12
10,Brandt Snedeker,4.50,54,12
10,Steve Stricker,4.50,54,12
13,Zach Johnson,4.58,55,12
13,Scott Piercy,4.58,55,12
13,Webb Simpson,4.58,55,12
13,Johnson Wagner,4.58,55,12
17,George McNeill,4.67,56,12
17,Ian Poulter,4.67,56,12
17,Kyle Stanley,4.67,56,12
20,Charlie Beljan,4.75,57,12
20,J.J. Henry,4.75,57,12
22,Ben Curtis,4.83,58,12
22,Jason Dufner,4.83,58,12
22,Bill Haas,4.83,58,12
22,Hunter Mahan,4.83,58,12
22,"Ted Potter, Jr.",4.83,58,12
27,Marc Leishman,4.92,59,12
27,Ryan Moore,4.92,59,12
27,Mark Wilson,4.92,59,12
30,Jonas Blixt,5.17,62,12
