rank,player,%,Par 5 Birdies or Better,Par 5 Holes
1,Keegan Bradley,91.67,11,12
2,Dustin Johnson,75.00,9,12
3,Matt Kuchar,66.67,8,12
3,Carl Pettersson,66.67,8,12
3,Scott Stallings,66.67,8,12
6,Rickie Fowler,58.33,7,12
6,John Huh,58.33,7,12
6,Johnson Wagner,58.33,7,12
6,Nick Watney,58.33,7,12
6,Bubba Watson,58.33,7,12
11,Tommy Gainey,50.00,6,12
11,Zach Johnson,50.00,6,12
11,Scott Piercy,50.00,6,12
11,Brandt Snedeker,50.00,6,12
11,Steve Stricker,50.00,6,12
16,Charlie Beljan,41.67,5,12
16,Marc Leishman,41.67,5,12
16,Hunter Mahan,41.67,5,12
16,George McNeill,41.67,5,12
16,Ian Poulter,41.67,5,12
16,Webb Simpson,41.67,5,12
16,Kyle Stanley,41.67,5,12
23,Jason Dufner,33.33,4,12
24,Jonas Blixt,25.00,3,12
24,Ben Curtis,25.00,3,12
24,Bill Haas,25.00,3,12
24,J.J. Henry,25.00,3,12
28,Ryan Moore,16.67,2,12
28,"Ted Potter, Jr.",16.67,2,12
30,Mark Wilson,8.33,1,12
