rank,player,Total
1,Jordan Spieth,18.2
2,Brooks Koepka,20.4
3,Steven Bowditch,21.5
4,Brandt Snedeker,22.7
5,Kevin Kisner,23.3
6,Peter Malnati,23.6
7,Scott Piercy,25.6
8,Alex Cejka,26.1
9,Jason Day,26.2
10,Patrick Reed,26.5
11,Troy Merritt,28.6
12,David Lingmerth,29.0
13,Matt Every,29.8
13,Rickie Fowler,29.8
15,Emiliano Grillo,30.1
16,Jimmy Walker,31.9
17,Padraig Harrington,32.3
18,J.B. Holmes,33.8
19,Bill Haas,36.8
20,Graeme McDowell,37.3
21,Zach Johnson,37.5
22,J.J. Henry,38.5
23,Fabián Gómez,38.6
24,Danny Lee,39.2
25,Smylie Kaufman,41.8
25,Justin Thomas,41.8
27,Chris Kirk,43.1
28,Russell Knox,44.2
29,James Hahn,45.8
30,Dustin Johnson,48.3
31,Davis Love III,50.7
32,Bubba Watson,52.5
