rank,player,Value,Attempts(<= 5'),Tot Made (>=20'),Tot Made (<= 5')
1,Jordan Spieth,105.36,56,4,55
2,Steven Bowditch,103.77,53,2,53
2,Brandt Snedeker,103.77,53,3,52
4,Brooks Koepka,103.64,55,2,55
5,Smylie Kaufman,103.51,57,3,56
6,Jason Day,103.45,58,3,57
7,Patrick Reed,103.28,61,2,61
8,Russell Knox,103.17,63,4,61
9,Peter Malnati,101.92,52,1,52
10,David Lingmerth,101.82,55,3,53
11,Scott Piercy,101.75,57,1,57
12,Justin Thomas,101.69,59,1,59
13,Bill Haas,100.00,57,1,56
13,Padraig Harrington,100.00,60,1,59
13,J.B. Holmes,100.00,55,1,54
13,Troy Merritt,100.00,53,1,52
17,Davis Love III,98.41,63,1,61
18,Zach Johnson,98.36,61,3,57
19,Graeme McDowell,98.28,58,1,56
20,Emiliano Grillo,98.21,56,0,55
21,Chris Kirk,96.92,65,0,63
22,Rickie Fowler,96.83,63,1,60
22,Bubba Watson,96.83,63,1,60
24,Alex Cejka,96.72,61,1,58
25,Jimmy Walker,96.55,58,1,55
26,James Hahn,96.49,57,0,55
27,Matt Every,96.43,56,0,54
27,Kevin Kisner,96.43,56,2,52
29,Dustin Johnson,95.31,64,1,60
30,J.J. Henry,95.24,63,3,57
31,Danny Lee,92.98,57,0,53
32,Fabián Gómez,91.94,62,1,56
