rank,player,%,# Birdies,Greens Hit
1,Jordan Spieth,49.15,29,59
2,Kevin Kisner,42.11,24,57
3,Steven Bowditch,41.82,23,55
4,Peter Malnati,41.07,23,56
4,Jimmy Walker,41.07,23,56
6,Brooks Koepka,39.68,25,63
7,Dustin Johnson,38.60,22,57
7,Zach Johnson,38.60,22,57
7,Danny Lee,38.60,22,57
10,Smylie Kaufman,38.10,24,63
11,Jason Day,37.93,22,58
12,Bubba Watson,37.70,23,61
13,Brandt Snedeker,37.50,24,64
14,Scott Piercy,37.04,20,54
15,Justin Thomas,36.36,20,55
16,Rickie Fowler,36.07,22,61
16,Patrick Reed,36.07,22,61
18,Emiliano Grillo,35.00,21,60
19,Troy Merritt,34.48,20,58
20,Matt Every,33.93,19,56
21,Fabián Gómez,33.87,21,62
22,Padraig Harrington,33.33,20,60
22,J.B. Holmes,33.33,19,57
22,Davis Love III,33.33,18,54
25,David Lingmerth,32.73,18,55
26,Bill Haas,29.82,17,57
27,Alex Cejka,27.87,17,61
28,Chris Kirk,27.42,17,62
29,James Hahn,25.53,12,47
30,Graeme McDowell,24.14,14,58
31,Russell Knox,23.44,15,64
32,J.J. Henry,14.55,8,55
