rank,player,%,Greens Hit,# of Holes
1,Jon Rahm,97.96,48,49
2,Stewart Cink,95.56,43,45
3,Seamus Power,95.35,41,43
4,Bryson DeChambeau,93.55,29,31
5,Cameron Smith,93.33,42,45
6,Marc Leishman,93.02,40,43
6,Hideki Matsuyama,93.02,40,43
6,Jordan Spieth,93.02,40,43
9,Patrick Reed,92.50,37,40
10,Garrick Higgo,92.31,36,39
11,Tony Finau,92.11,35,38
12,Justin Thomas,90.91,40,44
13,Sungjae Im,90.70,39,43
14,Matt Jones,89.74,35,39
14,Brooks Koepka,89.74,35,39
16,Sam Burns,89.58,43,48
16,Branden Grace,89.58,43,48
18,Phil Mickelson,88.64,39,44
19,Patrick Cantlay,88.37,38,43
19,Harris English,88.37,38,43
21,Cam Davis,88.10,37,42
21,Si Woo Kim,88.10,37,42
23,Talor Gooch,87.76,43,49
24,Kevin Kisner,86.96,40,46
24,Erik van Rooyen,86.96,40,46
26,Daniel Berger,86.79,46,53
27,Collin Morikawa,86.00,43,50
28,Lucas Herbert,85.71,36,42
28,Xander Schauffele,85.71,36,42
30,Kevin Na,84.31,43,51
31,Lucas Glover,84.09,37,44
32,K.H. Lee,83.72,36,43
33,Viktor Hovland,83.33,35,42
34,Max Homa,82.22,37,45
35,Joel Dahmen,81.63,40,49
36,Jason Kokrak,80.43,37,46
37,Billy Horschel,78.43,40,51
38,Abraham Ancer,72.00,36,50
