rank,player,%,Greens Hit,# of holes
1,Joel Dahmen,90.91,10,11
2,Collin Morikawa,90.00,9,10
3,Lucas Glover,87.50,14,16
4,Daniel Berger,85.71,6,7
5,Branden Grace,83.33,10,12
5,Si Woo Kim,83.33,15,18
7,Patrick Cantlay,82.35,14,17
7,K.H. Lee,82.35,14,17
7,Marc Leishman,82.35,14,17
10,Tony Finau,81.82,18,22
11,Phil Mickelson,81.25,13,16
12,Kevin Na,77.78,7,9
13,Sungjae Im,76.47,13,17
13,Hideki Matsuyama,76.47,13,17
15,Max Homa,73.33,11,15
15,Cameron Smith,73.33,11,15
17,Talor Gooch,72.73,8,11
18,Garrick Higgo,71.43,15,21
18,Matt Jones,71.43,15,21
18,Erik van Rooyen,71.43,10,14
21,Justin Thomas,68.75,11,16
22,Sam Burns,66.67,8,12
22,Stewart Cink,66.67,10,15
22,Cam Davis,66.67,12,18
22,Viktor Hovland,66.67,12,18
22,Xander Schauffele,66.67,12,18
27,Jason Kokrak,64.29,9,14
28,Jon Rahm,63.64,7,11
29,Brooks Koepka,61.90,13,21
30,Abraham Ancer,60.00,6,10
30,Patrick Reed,60.00,12,20
32,Seamus Power,58.82,10,17
32,Jordan Spieth,58.82,10,17
34,Kevin Kisner,57.14,8,14
35,Billy Horschel,55.56,5,9
36,Harris English,52.94,9,17
37,Bryson DeChambeau,51.72,15,29
38,Lucas Herbert,38.89,7,18
