rank,player,%,Greens Hit,Total Holes,Relative to par
1,Marc Leishman,100.00,7,7,E
1,Phil Mickelson,100.00,6,6,-0.33
1,Jon Rahm,100.00,6,6,-0.17
1,Cameron Smith,100.00,6,6,-0.33
1,Erik van Rooyen,100.00,7,7,-0.29
6,Harris English,88.89,8,9,-0.13
7,Kevin Na,87.50,7,8,+0.14
8,Abraham Ancer,85.71,6,7,-0.33
8,Xander Schauffele,85.71,6,7,-0.33
10,Viktor Hovland,83.33,5,6,E
10,Sungjae Im,83.33,5,6,-0.40
12,Daniel Berger,80.00,4,5,E
12,Patrick Reed,80.00,4,5,-0.50
12,Justin Thomas,80.00,4,5,-0.25
15,Sam Burns,75.00,3,4,E
15,Lucas Glover,75.00,6,8,-0.17
15,Garrick Higgo,75.00,6,8,-0.17
15,K.H. Lee,75.00,6,8,-0.33
19,Collin Morikawa,71.43,5,7,E
19,Seamus Power,71.43,5,7,E
21,Jason Kokrak,70.00,7,10,E
22,Stewart Cink,66.67,4,6,-0.25
22,Joel Dahmen,66.67,4,6,E
22,Bryson DeChambeau,66.67,4,6,-0.25
22,Tony Finau,66.67,4,6,E
22,Branden Grace,66.67,6,9,-0.33
22,Lucas Herbert,66.67,6,9,E
22,Max Homa,66.67,6,9,-0.33
22,Matt Jones,66.67,6,9,-0.50
22,Brooks Koepka,66.67,6,9,-0.33
22,Hideki Matsuyama,66.67,6,9,E
32,Cam Davis,62.50,5,8,E
33,Patrick Cantlay,60.00,3,5,-0.33
33,Billy Horschel,60.00,3,5,E
35,Jordan Spieth,57.14,4,7,E
36,Talor Gooch,50.00,3,6,E
37,Si Woo Kim,40.00,2,5,-0.50
38,Kevin Kisner,20.00,1,5,-1.00
