rank,player,%,Greens Hit,Total Holes,Relative to par
1,Matt Jones,100.00,5,5,-0.20
2,Si Woo Kim,90.91,10,11,-0.20
3,Cam Davis,88.89,8,9,E
3,Sungjae Im,88.89,8,9,+0.13
3,Jon Rahm,88.89,8,9,-0.38
6,Sam Burns,80.00,8,10,-0.13
6,Marc Leishman,80.00,8,10,-0.25
8,Kevin Kisner,78.57,11,14,-0.09
9,Patrick Reed,76.92,10,13,-0.20
10,Daniel Berger,75.00,9,12,-0.11
10,Talor Gooch,75.00,6,8,-0.17
10,Hideki Matsuyama,75.00,6,8,E
10,Seamus Power,75.00,6,8,E
14,Phil Mickelson,72.73,8,11,+0.13
15,Tony Finau,71.43,5,7,-0.20
15,Xander Schauffele,71.43,5,7,E
17,Stewart Cink,70.00,7,10,E
17,Branden Grace,70.00,7,10,+0.29
19,Joel Dahmen,66.67,8,12,+0.13
19,Bryson DeChambeau,66.67,6,9,E
19,Collin Morikawa,66.67,6,9,-0.33
19,Jordan Spieth,66.67,6,9,-0.17
19,Justin Thomas,66.67,6,9,E
24,Billy Horschel,63.64,7,11,-0.14
24,Viktor Hovland,63.64,7,11,-0.29
24,Kevin Na,63.64,7,11,-0.14
27,Patrick Cantlay,62.50,5,8,-0.20
28,K.H. Lee,60.00,6,10,-0.33
29,Brooks Koepka,57.14,4,7,E
30,Harris English,55.56,5,9,E
30,Lucas Glover,55.56,5,9,+0.20
30,Erik van Rooyen,55.56,5,9,-0.40
33,Garrick Higgo,54.55,6,11,-0.17
34,Jason Kokrak,50.00,4,8,E
34,Cameron Smith,50.00,4,8,-0.25
36,Max Homa,42.86,3,7,-0.33
37,Abraham Ancer,41.67,5,12,+0.20
38,Lucas Herbert,36.36,4,11,E
