rank,player,%,Total Hit,Total Attempts,RTP Score
1,Jon Rahm,105.56,76,72,-43.00
2,Garrick Higgo,100.00,72,72,-31.00
2,Marc Leishman,100.00,72,72,-35.00
4,Stewart Cink,98.61,71,72,-26.00
5,Cam Davis,97.22,70,72,-37.00
5,Viktor Hovland,97.22,70,72,-29.00
7,Tony Finau,95.83,69,72,-31.00
7,Collin Morikawa,95.83,69,72,-34.00
7,Cameron Smith,95.83,69,72,-42.00
7,Justin Thomas,95.83,69,72,-40.00
11,Sam Burns,94.44,68,72,-29.00
11,Patrick Cantlay,94.44,68,72,-34.00
11,Sungjae Im,94.44,68,72,-31.00
11,Hideki Matsuyama,94.44,68,72,-30.00
11,Seamus Power,94.44,68,72,-30.00
11,Xander Schauffele,94.44,68,72,-35.00
17,Daniel Berger,93.06,67,72,-31.00
17,Branden Grace,93.06,67,72,-25.00
17,Max Homa,93.06,67,72,-34.00
17,Matt Jones,93.06,67,72,-39.00
17,Kevin Kisner,93.06,67,72,-33.00
17,Jordan Spieth,93.06,67,72,-27.00
23,Joel Dahmen,91.67,66,72,-27.00
23,Si Woo Kim,91.67,66,72,-26.00
23,Patrick Reed,91.67,66,72,-30.00
26,Bryson DeChambeau,90.28,65,72,-29.00
26,Lucas Glover,90.28,65,72,-20.00
26,Talor Gooch,90.28,65,72,-27.00
26,Kevin Na,90.28,65,72,-26.00
30,K.H. Lee,88.89,64,72,-22.00
30,Phil Mickelson,88.89,64,72,-24.00
30,Erik van Rooyen,88.89,64,72,-26.00
33,Harris English,87.50,63,72,-22.00
34,Abraham Ancer,86.11,62,72,-23.00
34,Lucas Herbert,86.11,62,72,-31.00
34,Brooks Koepka,86.11,62,72,-27.00
37,Jason Kokrak,84.72,61,72,-22.00
38,Billy Horschel,80.56,58,72,-21.00
