rank,player,%,Greens Hit,Total Holes,Relative to par
1,Stewart Cink,100.00,21,21,-0.57
1,Tony Finau,100.00,21,21,-0.71
1,Branden Grace,100.00,19,19,-0.47
1,Kevin Kisner,100.00,15,15,-0.87
1,Marc Leishman,100.00,23,23,-0.78
1,Kevin Na,100.00,16,16,-0.69
1,Jon Rahm,100.00,25,25,-0.88
1,Cameron Smith,100.00,24,24,-0.92
1,Justin Thomas,100.00,23,23,-0.96
10,Matt Jones,96.30,26,27,-0.85
11,Patrick Cantlay,96.00,24,25,-0.71
12,Si Woo Kim,95.83,23,24,-0.61
12,Seamus Power,95.83,23,24,-0.74
12,Patrick Reed,95.83,23,24,-0.74
15,Daniel Berger,95.65,22,23,-0.77
15,Lucas Glover,95.65,22,23,-0.50
15,Garrick Higgo,95.65,22,23,-0.55
18,Collin Morikawa,95.24,20,21,-0.80
18,Erik van Rooyen,95.24,20,21,-0.60
20,Jason Kokrak,95.00,19,20,-0.58
20,Jordan Spieth,95.00,19,20,-0.84
22,Hideki Matsuyama,94.74,18,19,-0.72
23,Harris English,94.44,17,18,-0.71
24,Viktor Hovland,91.67,22,24,-0.68
24,Sungjae Im,91.67,22,24,-0.82
26,Joel Dahmen,90.48,19,21,-0.53
27,Max Homa,90.00,18,20,-0.83
27,K.H. Lee,90.00,18,20,-0.61
29,Phil Mickelson,87.50,21,24,-0.62
30,Xander Schauffele,86.96,20,23,-0.75
31,Cam Davis,85.71,18,21,-1.06
31,Brooks Koepka,85.71,18,21,-0.61
33,Talor Gooch,85.00,17,20,-0.82
34,Sam Burns,84.21,16,19,-0.75
35,Lucas Herbert,83.33,20,24,-0.75
36,Bryson DeChambeau,82.61,19,23,-0.79
37,Billy Horschel,77.27,17,22,-0.76
38,Abraham Ancer,76.19,16,21,-0.56
