rank,player,%,Greens Hit,Total Holes,Relative to par
1,Talor Gooch,100.00,12,12,-0.08
1,Branden Grace,100.00,11,11,-0.27
1,Brooks Koepka,100.00,8,8,-0.25
4,Kevin Kisner,92.86,13,14,-0.23
5,Patrick Cantlay,92.31,12,13,-0.25
6,Tony Finau,91.67,11,12,E
7,Jordan Spieth,90.91,10,11,E
8,Max Homa,90.00,9,10,-0.11
8,Viktor Hovland,90.00,9,10,E
8,Matt Jones,90.00,9,10,-0.22
11,K.H. Lee,88.89,8,9,E
11,Justin Thomas,88.89,8,9,E
13,Seamus Power,86.67,13,15,-0.31
14,Lucas Glover,85.71,12,14,+0.08
14,Cameron Smith,85.71,6,7,-0.17
16,Collin Morikawa,81.82,9,11,-0.22
17,Daniel Berger,80.00,8,10,-0.38
17,Sam Burns,80.00,8,10,-0.13
17,Stewart Cink,80.00,8,10,-0.25
17,Joel Dahmen,80.00,8,10,-0.13
17,Harris English,80.00,12,15,-0.17
17,Lucas Herbert,80.00,8,10,-0.13
17,Jon Rahm,80.00,8,10,-0.25
24,Hideki Matsuyama,78.57,11,14,-0.18
25,Billy Horschel,75.00,9,12,-0.22
25,Si Woo Kim,75.00,12,16,-0.25
25,Erik van Rooyen,75.00,9,12,-0.22
28,Xander Schauffele,72.73,8,11,-0.50
29,Cam Davis,71.43,5,7,E
30,Phil Mickelson,66.67,6,9,E
31,Kevin Na,64.29,9,14,-0.33
32,Sungjae Im,63.64,7,11,-0.14
32,Jason Kokrak,63.64,7,11,-0.14
34,Abraham Ancer,60.00,9,15,-0.11
34,Garrick Higgo,60.00,3,5,-0.33
36,Bryson DeChambeau,55.56,5,9,E
36,Marc Leishman,55.56,5,9,E
38,Patrick Reed,53.85,7,13,-0.14
