rank,player,%,Greens Hit,Total Holes,Relative to par
1,Abraham Ancer,100.00,9,9,-0.33
1,Patrick Cantlay,100.00,6,6,-0.50
1,Cam Davis,100.00,10,10,-0.30
1,Bryson DeChambeau,100.00,5,5,-0.40
1,Billy Horschel,100.00,6,6,-0.50
1,Sungjae Im,100.00,7,7,-0.29
1,Brooks Koepka,100.00,5,5,-0.40
1,K.H. Lee,100.00,9,9,-0.11
1,Hideki Matsuyama,100.00,8,8,-0.25
1,Phil Mickelson,100.00,7,7,-0.29
1,Collin Morikawa,100.00,13,13,-0.54
1,Kevin Na,100.00,7,7,-0.71
1,Patrick Reed,100.00,4,4,-0.50
1,Xander Schauffele,100.00,7,7,-0.43
1,Cameron Smith,100.00,10,10,-0.50
1,Jordan Spieth,100.00,7,7,-0.43
1,Justin Thomas,100.00,6,6,-0.50
1,Erik van Rooyen,100.00,8,8,E
19,Joel Dahmen,91.67,11,12,-0.73
20,Garrick Higgo,90.91,10,11,-0.30
21,Sam Burns,88.89,8,9,-0.38
22,Branden Grace,87.50,7,8,-0.43
22,Kevin Kisner,87.50,7,8,-0.14
22,Jon Rahm,87.50,7,8,-0.43
25,Stewart Cink,85.71,6,7,E
25,Seamus Power,85.71,6,7,-0.17
27,Daniel Berger,83.33,5,6,E
27,Talor Gooch,83.33,5,6,-0.60
27,Jason Kokrak,83.33,5,6,-0.20
30,Harris English,80.00,4,5,-0.50
30,Tony Finau,80.00,4,5,-0.25
30,Lucas Herbert,80.00,4,5,-0.25
30,Max Homa,80.00,4,5,-0.50
34,Si Woo Kim,75.00,6,8,E
34,Marc Leishman,75.00,6,8,-0.50
36,Lucas Glover,71.43,5,7,-0.60
36,Matt Jones,71.43,5,7,-0.40
38,Viktor Hovland,57.14,4,7,-0.25
