rank,player,%,Greens Hit,Total Holes,Relative to par
1,Abraham Ancer,100.00,5,5,-0.40
1,Si Woo Kim,100.00,2,2,E
1,Marc Leishman,100.00,9,9,-0.22
1,Phil Mickelson,100.00,8,8,-0.25
1,Collin Morikawa,100.00,5,5,-0.20
1,Patrick Reed,100.00,7,7,+0.14
7,Sam Burns,90.91,10,11,-0.20
7,Max Homa,90.91,10,11,-0.10
7,Jordan Spieth,90.91,10,11,-0.20
10,Stewart Cink,88.89,8,9,-0.25
10,K.H. Lee,88.89,8,9,-0.13
12,Lucas Herbert,85.71,6,7,-0.50
12,Garrick Higgo,85.71,6,7,-0.50
14,Daniel Berger,83.33,10,12,-0.30
14,Cam Davis,83.33,10,12,-0.30
14,Jason Kokrak,83.33,5,6,-0.60
14,Hideki Matsuyama,83.33,5,6,-0.20
14,Jon Rahm,83.33,5,6,-0.20
19,Xander Schauffele,81.82,9,11,-0.11
20,Bryson DeChambeau,80.00,8,10,-0.13
20,Lucas Glover,80.00,4,5,E
20,Matt Jones,80.00,8,10,-0.25
20,Kevin Na,80.00,4,5,-0.50
20,Seamus Power,80.00,4,5,-0.25
25,Viktor Hovland,77.78,7,9,-0.43
25,Sungjae Im,77.78,7,9,-0.14
25,Erik van Rooyen,77.78,7,9,-0.29
28,Justin Thomas,76.92,10,13,-0.40
29,Patrick Cantlay,75.00,6,8,-0.17
29,Joel Dahmen,75.00,6,8,-0.33
31,Brooks Koepka,72.73,8,11,-0.25
32,Tony Finau,63.64,7,11,-0.29
32,Talor Gooch,63.64,7,11,E
34,Branden Grace,62.50,5,8,-0.60
34,Kevin Kisner,62.50,5,8,-0.80
36,Harris English,60.00,3,5,E
37,Billy Horschel,50.00,4,8,-0.25
37,Cameron Smith,50.00,5,10,-0.60
