rank,player,%,Greens Hit,Total Holes,Relative to par
1,Cameron Smith,100.00,41,41,-0.71
2,Stewart Cink,97.30,36,37,-0.42
3,Hideki Matsuyama,97.14,34,35,-0.62
4,Kevin Na,97.06,33,34,-0.55
4,Justin Thomas,97.06,33,34,-0.82
6,Patrick Reed,96.97,32,33,-0.69
6,Erik van Rooyen,96.97,32,33,-0.44
8,Garrick Higgo,95.12,39,41,-0.46
9,Collin Morikawa,95.00,38,40,-0.66
9,Jon Rahm,95.00,38,40,-0.68
11,Tony Finau,94.44,34,36,-0.62
12,Branden Grace,94.12,32,34,-0.44
12,Jason Kokrak,94.12,32,34,-0.41
14,Daniel Berger,93.94,31,33,-0.61
15,Jordan Spieth,93.75,30,32,-0.63
16,Patrick Cantlay,92.11,35,38,-0.63
16,Si Woo Kim,92.11,35,38,-0.46
18,Sungjae Im,91.89,34,37,-0.65
18,Marc Leishman,91.89,34,37,-0.68
20,Seamus Power,91.67,33,36,-0.58
21,Brooks Koepka,91.43,32,35,-0.53
21,K.H. Lee,91.43,32,35,-0.44
23,Xander Schauffele,91.18,31,34,-0.68
24,Harris English,90.63,29,32,-0.48
25,Kevin Kisner,90.32,28,31,-0.64
26,Phil Mickelson,89.19,33,37,-0.55
27,Joel Dahmen,88.89,32,36,-0.59
28,Sam Burns,88.57,31,35,-0.58
28,Lucas Glover,88.57,31,35,-0.52
28,Talor Gooch,88.57,31,35,-0.68
31,Matt Jones,86.84,33,38,-0.79
32,Cam Davis,86.11,31,36,-0.74
32,Bryson DeChambeau,86.11,31,36,-0.68
34,Billy Horschel,85.71,30,35,-0.53
34,Viktor Hovland,85.71,30,35,-0.57
36,Max Homa,85.29,29,34,-0.69
37,Lucas Herbert,84.38,27,32,-0.63
38,Abraham Ancer,81.82,27,33,-0.48
