rank,player,%,Greens Hit,# Holes,Relative/Par
1,Abraham Ancer,100.0,1,1,E
1,Sam Burns,100.0,2,2,-1.00
1,Tony Finau,100.0,2,2,-2.00
1,Talor Gooch,100.0,2,2,-1.00
1,Garrick Higgo,100.0,2,2,-1.00
1,Sungjae Im,100.0,1,1,-1.00
1,Kevin Kisner,100.0,1,1,-1.00
1,K.H. Lee,100.0,1,1,E
1,Kevin Na,100.0,1,1,E
1,Jon Rahm,100.0,1,1,E
1,Erik van Rooyen,100.0,1,1,-1.00
12,Max Homa,75.0,3,4,E
13,Cam Davis,66.7,2,3,-1.00
13,Matt Jones,66.7,2,3,E
15,Joel Dahmen,50.0,1,2,E
15,Harris English,50.0,1,2,E
15,Branden Grace,50.0,1,2,-1.00
15,Jason Kokrak,50.0,1,2,-1.00
15,Phil Mickelson,50.0,1,2,-1.00
15,Xander Schauffele,50.0,1,2,E
15,Justin Thomas,50.0,1,2,E
22,Brooks Koepka,33.3,1,3,+1.00
23,Stewart Cink,.0,0,1,E
23,Lucas Herbert,.0,0,1,E
23,Marc Leishman,.0,0,1,E
23,Hideki Matsuyama,.0,0,1,E
23,Cameron Smith,.0,0,1,E
