rank,player,%,Greens Hit,Total Holes,Relative to par
1,Jon Rahm,87.18,34,39,-0.29
2,Phil Mickelson,85.37,35,41,-0.14
3,Collin Morikawa,84.44,38,45,-0.32
4,Sam Burns,84.09,37,44,-0.19
5,Cam Davis,82.61,38,46,-0.16
6,K.H. Lee,82.22,37,45,-0.16
6,Jordan Spieth,82.22,37,45,-0.16
8,Marc Leishman,81.40,35,43,-0.20
8,Xander Schauffele,81.40,35,43,-0.29
10,Sungjae Im,80.95,34,42,-0.15
10,Seamus Power,80.95,34,42,-0.18
10,Justin Thomas,80.95,34,42,-0.24
13,Matt Jones,80.49,33,41,-0.30
14,Daniel Berger,80.00,36,45,-0.19
14,Patrick Cantlay,80.00,32,40,-0.28
14,Hideki Matsuyama,80.00,36,45,-0.14
14,Erik van Rooyen,80.00,36,45,-0.22
18,Stewart Cink,78.57,33,42,-0.15
19,Branden Grace,78.26,36,46,-0.25
20,Brooks Koepka,77.50,31,40,-0.26
21,Joel Dahmen,77.08,37,48,-0.27
22,Talor Gooch,76.74,33,43,-0.15
23,Max Homa,76.19,32,42,-0.22
23,Si Woo Kim,76.19,32,42,-0.19
23,Patrick Reed,76.19,32,42,-0.19
26,Tony Finau,75.61,31,41,-0.13
26,Cameron Smith,75.61,31,41,-0.39
28,Kevin Na,75.56,34,45,-0.29
29,Kevin Kisner,75.51,37,49,-0.27
30,Harris English,74.42,32,43,-0.16
30,Lucas Glover,74.42,32,43,-0.06
30,Viktor Hovland,74.42,32,43,-0.19
33,Garrick Higgo,73.81,31,42,-0.29
34,Bryson DeChambeau,71.79,28,39,-0.14
35,Abraham Ancer,70.83,34,48,-0.21
36,Billy Horschel,69.05,29,42,-0.24
37,Jason Kokrak,68.29,28,41,-0.18
38,Lucas Herbert,66.67,28,42,-0.18
