rank,player,%,Greens Hit,Total Holes,Relative to par
1,Daniel Berger,100.00,4,4,-0.50
1,Sam Burns,100.00,7,7,-0.43
1,Stewart Cink,100.00,9,9,-0.33
1,Talor Gooch,100.00,9,9,-0.44
1,Lucas Herbert,100.00,3,3,-0.33
1,Garrick Higgo,100.00,7,7,-0.43
1,Billy Horschel,100.00,7,7,E
1,Viktor Hovland,100.00,4,4,-0.25
1,Si Woo Kim,100.00,6,6,-0.33
1,Brooks Koepka,100.00,9,9,-0.44
1,Jason Kokrak,100.00,8,8,-0.13
1,Hideki Matsuyama,100.00,8,8,-0.75
1,Patrick Reed,100.00,5,5,-0.60
1,Xander Schauffele,100.00,4,4,-0.75
1,Cameron Smith,100.00,7,7,-0.29
1,Erik van Rooyen,100.00,4,4,-0.50
17,Kevin Na,90.91,10,11,-0.20
18,Tony Finau,90.00,9,10,-0.56
19,Harris English,88.89,8,9,E
20,Bryson DeChambeau,87.50,7,8,-0.57
21,Branden Grace,85.71,6,7,-0.33
21,Jon Rahm,85.71,6,7,-0.17
23,Sungjae Im,83.33,5,6,-0.40
23,K.H. Lee,83.33,5,6,-0.40
23,Marc Leishman,83.33,5,6,-0.40
23,Phil Mickelson,83.33,5,6,-0.60
23,Collin Morikawa,83.33,5,6,-0.40
28,Lucas Glover,80.00,4,5,-0.50
28,Seamus Power,80.00,4,5,-0.25
28,Jordan Spieth,80.00,4,5,E
28,Justin Thomas,80.00,4,5,-0.50
32,Max Homa,77.78,7,9,-0.43
33,Kevin Kisner,75.00,6,8,-0.67
34,Patrick Cantlay,71.43,5,7,-0.40
35,Abraham Ancer,66.67,2,3,-0.50
35,Joel Dahmen,66.67,2,3,-0.50
37,Cam Davis,60.00,3,5,-0.33
38,Matt Jones,50.00,2,4,-1.00
