rank,player,Avg RTP,Total Holes,Total RTP
1,Daniel Berger,E,6,E
1,Rickie Fowler,E,6,E
1,Cameron Smith,E,4,E
4,Jon Rahm,+.091,11,+1.00
5,Jhonattan Vegas,+.143,7,+1.00
6,Hudson Swafford,+.167,6,+1.00
7,Patrick Cantlay,+.182,11,+2.00
8,Patton Kizzire,+.200,10,+2.00
9,Marc Leishman,+.250,4,+1.00
9,Pat Perez,+.250,8,+2.00
11,Jordan Spieth,+.286,7,+2.00
12,Grayson Murray,+.308,13,+4.00
13,Kevin Chappell,+.333,9,+3.00
14,Si Woo Kim,+.375,8,+3.00
15,Hideki Matsuyama,+.400,5,+2.00
15,D.A. Points,+.400,10,+4.00
15,Brendan Steele,+.400,10,+4.00
18,Chris Stroud,+.417,12,+5.00
19,Jason Dufner,+.429,7,+3.00
19,Billy Horschel,+.429,7,+3.00
21,Xander Schauffele,+.438,16,+7.00
22,Russell Henley,+.444,9,+4.00
23,Bryson DeChambeau,+.500,10,+5.00
23,Brian Harman,+.500,2,+1.00
25,Jonas Blixt,+.545,11,+6.00
26,Ryan Armour,+.571,7,+4.00
27,Dustin Johnson,+.600,5,+3.00
27,Kevin Kisner,+.600,10,+6.00
29,Austin Cook,+.667,3,+2.00
30,Kyle Stanley,+.700,10,+7.00
31,Brooks Koepka,+.714,14,+10.00
32,Wesley Bryan,+.727,11,+8.00
33,Justin Thomas,+.778,9,+7.00
34,Adam Hadwin,+.833,6,+5.00
