rank,player,Avg RTP,Total Holes,Total RTP
1,Kevin Chappell,E,1,E
1,Hideki Matsuyama,E,1,E
3,Cameron Smith,+.250,4,+1.00
4,Billy Horschel,+.500,2,+1.00
4,Si Woo Kim,+.500,2,+1.00
4,Patton Kizzire,+.500,4,+2.00
4,Jordan Spieth,+.500,2,+1.00
8,Daniel Berger,+.600,5,+3.00
8,Chris Stroud,+.600,5,+3.00
10,Ryan Armour,+.667,3,+2.00
10,Jason Dufner,+.667,3,+2.00
10,Jhonattan Vegas,+.667,3,+2.00
13,Kevin Kisner,+.750,4,+3.00
14,Adam Hadwin,+.800,5,+4.00
15,Xander Schauffele,+.833,6,+5.00
16,Patrick Cantlay,+1.000,2,+2.00
16,Rickie Fowler,+1.000,2,+2.00
16,Brian Harman,+1.000,1,+1.00
16,Russell Henley,+1.000,2,+2.00
16,Marc Leishman,+1.000,1,+1.00
16,D.A. Points,+1.000,6,+6.00
16,Jon Rahm,+1.000,1,+1.00
16,Kyle Stanley,+1.000,3,+3.00
16,Brendan Steele,+1.000,3,+3.00
25,Austin Cook,+1.250,4,+5.00
26,Jonas Blixt,+1.286,7,+9.00
27,Wesley Bryan,+1.333,6,+8.00
27,Bryson DeChambeau,+1.333,6,+8.00
29,Grayson Murray,+1.400,5,+7.00
30,Justin Thomas,+1.429,7,+10.00
31,Hudson Swafford,+1.500,2,+3.00
32,Brooks Koepka,+1.600,5,+8.00
