rank,player,Avg RTP,Total Holes,Total RTP
1,Brian Harman,-.333,3,-1.00
2,Pat Perez,E,2,E
3,Dustin Johnson,+.250,4,+1.00
3,Grayson Murray,+.250,4,+1.00
5,Patrick Cantlay,+.286,7,+2.00
6,Ryan Armour,+.333,6,+2.00
6,Daniel Berger,+.333,3,+1.00
6,Jonas Blixt,+.333,6,+2.00
6,Austin Cook,+.333,3,+1.00
6,Rickie Fowler,+.333,3,+1.00
6,Si Woo Kim,+.333,3,+1.00
6,Xander Schauffele,+.333,3,+1.00
13,Kyle Stanley,+.400,5,+2.00
14,Billy Horschel,+.429,7,+3.00
15,Jason Dufner,+.500,6,+3.00
15,Adam Hadwin,+.500,4,+2.00
15,Russell Henley,+.500,6,+3.00
15,Kevin Kisner,+.500,8,+4.00
15,Patton Kizzire,+.500,2,+1.00
15,Brooks Koepka,+.500,6,+3.00
15,Marc Leishman,+.500,4,+2.00
15,Jon Rahm,+.500,4,+2.00
15,Brendan Steele,+.500,4,+2.00
15,Justin Thomas,+.500,4,+2.00
25,Wesley Bryan,+.667,6,+4.00
25,Kevin Chappell,+.667,3,+2.00
25,D.A. Points,+.667,6,+4.00
25,Chris Stroud,+.667,6,+4.00
29,Bryson DeChambeau,+.750,4,+3.00
29,Hideki Matsuyama,+.750,4,+3.00
29,Jhonattan Vegas,+.750,4,+3.00
32,Jordan Spieth,+1.000,2,+2.00
32,Hudson Swafford,+1.000,3,+3.00
