rank,player,Avg RTP,Total Holes,Total RTP
1,Chris Stroud,+.125,8,+1.00
1,Hudson Swafford,+.125,8,+1.00
3,Jon Rahm,+.143,7,+1.00
3,Jordan Spieth,+.143,7,+1.00
5,Rickie Fowler,+.167,6,+1.00
5,Brian Harman,+.167,6,+1.00
7,Daniel Berger,+.200,5,+1.00
7,Marc Leishman,+.200,5,+1.00
9,D.A. Points,+.222,9,+2.00
10,Si Woo Kim,+.250,8,+2.00
10,Xander Schauffele,+.250,12,+3.00
12,Patrick Cantlay,+.286,7,+2.00
12,Hideki Matsuyama,+.286,7,+2.00
12,Grayson Murray,+.286,7,+2.00
15,Jhonattan Vegas,+.300,10,+3.00
16,Kevin Chappell,+.333,9,+3.00
16,Billy Horschel,+.333,6,+2.00
16,Cameron Smith,+.333,9,+3.00
16,Brendan Steele,+.333,9,+3.00
20,Patton Kizzire,+.375,8,+3.00
21,Wesley Bryan,+.400,10,+4.00
22,Dustin Johnson,+.444,9,+4.00
23,Ryan Armour,+.500,6,+3.00
23,Jason Dufner,+.500,4,+2.00
23,Brooks Koepka,+.500,12,+6.00
23,Pat Perez,+.500,6,+3.00
23,Justin Thomas,+.500,2,+1.00
28,Kevin Kisner,+.556,9,+5.00
29,Austin Cook,+.571,7,+4.00
30,Adam Hadwin,+.600,10,+6.00
31,Russell Henley,+.667,6,+4.00
32,Kyle Stanley,+.714,7,+5.00
33,Bryson DeChambeau,+.750,4,+3.00
34,Jonas Blixt,+.778,9,+7.00
