rank,player,%,Greens Hit,Total Holes,Relative to par
1,Alex Cejka,100.00,5,5,-0.20
1,Fabián Gómez,100.00,8,8,-0.25
1,Emiliano Grillo,100.00,4,4,+0.25
1,Padraig Harrington,100.00,4,4,E
1,J.B. Holmes,100.00,4,4,-0.25
1,Smylie Kaufman,100.00,2,2,E
1,Brooks Koepka,100.00,3,3,E
1,David Lingmerth,100.00,3,3,E
1,Graeme McDowell,100.00,4,4,E
10,Zach Johnson,90.91,10,11,-0.30
11,Jordan Spieth,83.33,5,6,-0.40
12,Steven Bowditch,80.00,4,5,E
12,Dustin Johnson,80.00,4,5,-0.25
12,Chris Kirk,80.00,8,10,-0.13
15,Kevin Kisner,77.78,7,9,-0.14
16,Jimmy Walker,71.43,5,7,E
17,Rickie Fowler,66.67,4,6,-0.25
17,Russell Knox,66.67,4,6,E
17,Davis Love III,66.67,2,3,E
17,Troy Merritt,66.67,2,3,E
17,Bubba Watson,66.67,2,3,E
22,J.J. Henry,62.50,5,8,-0.20
23,Peter Malnati,60.00,3,5,-1.00
23,Brandt Snedeker,60.00,3,5,-0.67
25,Jason Day,50.00,3,6,E
25,Matt Every,50.00,1,2,E
25,Bill Haas,50.00,2,4,E
25,James Hahn,50.00,5,10,-0.20
25,Scott Piercy,50.00,3,6,-0.33
25,Patrick Reed,50.00,2,4,E
31,Danny Lee,.00,0,3,E
31,Justin Thomas,.00,0,1,E
