rank,player,%,Greens Hit,Total Holes,Relative to par
1,Russell Knox,90.91,10,11,-0.10
1,Patrick Reed,90.91,10,11,-0.30
3,Bubba Watson,85.71,6,7,+0.33
4,Davis Love III,84.62,11,13,+0.09
5,Brandt Snedeker,81.82,9,11,-0.11
6,Troy Merritt,76.92,10,13,E
7,Alex Cejka,75.00,9,12,-0.11
7,Dustin Johnson,75.00,3,4,E
7,David Lingmerth,75.00,9,12,+0.11
10,Rickie Fowler,70.00,7,10,E
10,Jordan Spieth,70.00,7,10,-0.29
12,Smylie Kaufman,66.67,8,12,E
12,Brooks Koepka,66.67,6,9,-0.50
12,Danny Lee,66.67,8,12,E
15,Chris Kirk,64.29,9,14,E
15,Graeme McDowell,64.29,9,14,+0.11
17,Fabián Gómez,63.64,7,11,+0.14
18,Emiliano Grillo,61.54,8,13,-0.13
19,J.B. Holmes,60.00,6,10,-0.33
19,Peter Malnati,60.00,9,15,-0.11
21,Jason Day,57.14,4,7,E
21,Matt Every,57.14,8,14,-0.13
21,James Hahn,57.14,8,14,-0.13
24,Zach Johnson,53.85,7,13,-0.29
25,Steven Bowditch,50.00,6,12,E
25,Scott Piercy,50.00,4,8,E
27,J.J. Henry,45.45,5,11,E
27,Kevin Kisner,45.45,5,11,-0.20
29,Bill Haas,44.44,4,9,-0.25
30,Padraig Harrington,41.67,5,12,E
30,Justin Thomas,41.67,5,12,E
32,Jimmy Walker,30.00,3,10,E
