rank,player,%,Greens Hit,Total Holes,Relative to par
1,Smylie Kaufman,100.00,5,5,+0.20
1,Chris Kirk,100.00,5,5,-0.20
1,Russell Knox,100.00,5,5,E
1,Brooks Koepka,100.00,8,8,-0.25
5,Jason Day,90.00,9,10,+0.11
6,Jimmy Walker,87.50,7,8,E
7,Emiliano Grillo,85.71,6,7,E
7,Padraig Harrington,85.71,6,7,E
9,Alex Cejka,83.33,5,6,-0.40
9,Brandt Snedeker,83.33,5,6,-0.40
11,Davis Love III,80.00,4,5,E
12,Fabián Gómez,75.00,6,8,E
12,Scott Piercy,75.00,6,8,+0.33
14,Rickie Fowler,71.43,5,7,+0.20
14,Zach Johnson,71.43,5,7,-0.60
16,Steven Bowditch,66.67,4,6,-0.25
16,Matt Every,66.67,4,6,-0.25
16,Kevin Kisner,66.67,4,6,-0.25
16,Danny Lee,66.67,4,6,E
20,Bill Haas,62.50,5,8,-0.20
21,Dustin Johnson,60.00,6,10,E
21,Peter Malnati,60.00,3,5,-0.33
21,Graeme McDowell,60.00,3,5,E
24,Justin Thomas,57.14,4,7,E
25,James Hahn,50.00,3,6,E
25,Patrick Reed,50.00,3,6,E
27,J.B. Holmes,42.86,3,7,E
27,Troy Merritt,42.86,3,7,-0.33
27,Jordan Spieth,42.86,3,7,-0.33
30,J.J. Henry,37.50,3,8,E
30,Bubba Watson,37.50,3,8,E
32,David Lingmerth,.00,0,5,E
