rank,player,%,Total Hit,Total Attempts,RTP Score
1,Brandt Snedeker,100.00,72,72,-30.00
2,Rickie Fowler,98.61,71,72,-31.00
2,Smylie Kaufman,98.61,71,72,-27.00
4,Russell Knox,97.22,70,72,-17.00
4,Jordan Spieth,97.22,70,72,-39.00
6,Fabián Gómez,95.83,69,72,-23.00
6,Bubba Watson,95.83,69,72,-26.00
8,Bill Haas,94.44,68,72,-23.00
8,Brooks Koepka,94.44,68,72,-27.00
10,Dustin Johnson,94.37,67,71,-28.00
11,Patrick Reed,93.06,67,72,-28.00
12,Jason Day,91.67,66,72,-27.00
12,Emiliano Grillo,91.67,66,72,-23.00
12,J.B. Holmes,91.67,66,72,-23.00
15,Chris Kirk,91.55,65,71,-16.00
16,Zach Johnson,91.43,64,70,-22.00
17,Padraig Harrington,90.28,65,72,-25.00
18,Alex Cejka,88.89,64,72,-18.00
18,Justin Thomas,88.89,64,72,-26.00
20,Graeme McDowell,87.50,63,72,-15.00
21,Troy Merritt,87.32,62,71,-23.00
22,Kevin Kisner,86.11,62,72,-27.00
22,Danny Lee,86.11,62,72,-24.00
22,David Lingmerth,86.11,62,72,-22.00
22,Peter Malnati,86.11,62,72,-25.00
26,Jimmy Walker,84.72,61,72,-26.00
27,Matt Every,83.33,60,72,-20.00
27,Davis Love III,83.33,60,72,-16.00
27,Scott Piercy,83.33,60,72,-23.00
30,Steven Bowditch,81.94,59,72,-24.00
30,J.J. Henry,81.94,59,72,-6.00
32,James Hahn,76.39,55,72,-15.00
