rank,player,%,Greens Hit,Total Holes,Relative to par
1,Russell Knox,93.02,40,43,-0.10
2,Brooks Koepka,88.57,31,35,-0.29
3,Brandt Snedeker,83.78,31,37,-0.29
4,Alex Cejka,81.82,36,44,-0.14
5,Fabián Gómez,80.00,36,45,-0.08
6,Chris Kirk,79.55,35,44,-0.09
7,Smylie Kaufman,79.41,27,34,E
8,Rickie Fowler,78.05,32,41,-0.06
9,Emiliano Grillo,76.32,29,38,-0.10
9,Patrick Reed,76.32,29,38,-0.24
11,Bubba Watson,75.86,22,29,-0.05
12,Davis Love III,75.00,33,44,-0.06
12,Jordan Spieth,75.00,30,40,-0.27
14,Padraig Harrington,74.42,32,43,-0.09
14,Graeme McDowell,74.42,32,43,+0.03
16,Jason Day,74.29,26,35,-0.04
17,Zach Johnson,72.73,32,44,-0.22
18,Kevin Kisner,72.50,29,40,-0.31
19,Bill Haas,72.09,31,43,-0.10
20,Troy Merritt,70.73,29,41,-0.14
21,J.B. Holmes,69.70,23,33,-0.26
22,Steven Bowditch,68.18,30,44,-0.27
22,Danny Lee,68.18,30,44,-0.20
24,David Lingmerth,66.67,26,39,-0.08
25,J.J. Henry,65.96,31,47,-0.06
26,Peter Malnati,65.85,27,41,-0.26
27,Matt Every,65.12,28,43,-0.25
28,Scott Piercy,63.41,26,41,-0.04
29,Justin Thomas,62.86,22,35,-0.09
30,Jimmy Walker,60.53,23,38,-0.04
31,James Hahn,60.47,26,43,-0.12
32,Dustin Johnson,60.00,21,35,-0.10
