rank,player,%,Greens Hit,# of holes
1,Brandt Snedeker,95.24,20,21
2,Rickie Fowler,94.44,17,18
3,Jordan Spieth,93.75,15,16
4,Bubba Watson,85.19,23,27
5,J.J. Henry,83.33,10,12
6,Brooks Koepka,82.35,14,17
7,Bill Haas,81.82,9,11
8,Fabián Gómez,80.00,8,10
9,Dustin Johnson,79.17,19,24
10,Justin Thomas,77.27,17,22
11,Graeme McDowell,76.92,10,13
12,Kevin Kisner,76.47,13,17
13,Jason Day,75.00,18,24
14,Steven Bowditch,73.33,11,15
15,Patrick Reed,70.59,12,17
16,Smylie Kaufman,70.00,14,20
17,Padraig Harrington,69.23,9,13
18,Zach Johnson,68.75,11,16
18,Chris Kirk,68.75,11,16
20,Matt Every,68.42,13,19
21,Emiliano Grillo,66.67,8,12
21,Davis Love III,66.67,10,15
21,Peter Malnati,66.67,14,21
21,Troy Merritt,66.67,12,18
25,Scott Piercy,65.00,13,20
25,Jimmy Walker,65.00,13,20
27,Russell Knox,64.29,9,14
27,Danny Lee,64.29,9,14
29,Alex Cejka,61.11,11,18
29,J.B. Holmes,61.11,11,18
31,David Lingmerth,60.00,6,10
32,James Hahn,50.00,10,20
