rank,player,%,Greens Hit,# of Holes
1,Smylie Kaufman,100.00,40,40
2,Russell Knox,95.65,44,46
3,Alex Cejka,95.24,40,42
4,Chris Kirk,93.18,41,44
5,J.B. Holmes,92.86,39,42
6,Emiliano Grillo,91.67,44,48
7,Zach Johnson,90.91,40,44
8,Patrick Reed,90.70,39,43
9,Fabián Gómez,90.00,45,50
10,Danny Lee,89.13,41,46
11,Brooks Koepka,88.37,38,43
12,Rickie Fowler,88.10,37,42
13,Bubba Watson,87.88,29,33
14,Matt Every,87.80,36,41
15,Jimmy Walker,87.50,35,40
16,Padraig Harrington,87.23,41,47
17,Brandt Snedeker,87.18,34,39
18,Jordan Spieth,86.36,38,44
19,Jason Day,86.11,31,36
19,Dustin Johnson,86.11,31,36
21,Troy Merritt,85.71,36,42
22,Graeme McDowell,85.11,40,47
23,Peter Malnati,84.62,33,39
24,David Lingmerth,84.00,42,50
25,Kevin Kisner,83.72,36,43
26,Scott Piercy,82.50,33,40
27,Steven Bowditch,82.22,37,45
28,Justin Thomas,81.58,31,38
29,Bill Haas,79.59,39,49
30,Davis Love III,77.78,35,45
31,J.J. Henry,75.00,36,48
32,James Hahn,70.00,28,40
