rank,player,%,Greens Hit,Total Holes,Relative to par
1,Matt Every,100.00,28,28,-0.39
1,J.J. Henry,100.00,24,24,-0.17
1,Smylie Kaufman,100.00,36,36,-0.56
1,Jimmy Walker,100.00,33,33,-0.64
5,Dustin Johnson,97.30,36,37,-0.53
6,Rickie Fowler,96.77,30,31,-0.67
7,Troy Merritt,96.67,29,30,-0.55
8,Padraig Harrington,96.55,28,29,-0.64
9,Chris Kirk,96.43,27,28,-0.48
9,Danny Lee,96.43,27,28,-0.59
11,Fabián Gómez,96.30,26,27,-0.58
11,Graeme McDowell,96.30,26,27,-0.50
13,Alex Cejka,96.15,25,26,-0.44
14,Brandt Snedeker,94.29,33,35,-0.45
15,Patrick Reed,94.12,32,34,-0.50
16,Emiliano Grillo,93.94,31,33,-0.52
17,Jordan Spieth,93.75,30,32,-0.80
18,Peter Malnati,93.55,29,31,-0.55
19,Scott Piercy,93.33,28,30,-0.61
20,Bubba Watson,92.86,39,42,-0.46
21,Steven Bowditch,92.59,25,27,-0.52
21,Zach Johnson,92.59,25,27,-0.48
23,J.B. Holmes,91.89,34,37,-0.35
24,Justin Thomas,91.67,33,36,-0.55
25,Jason Day,91.43,32,35,-0.63
26,Kevin Kisner,90.32,28,31,-0.54
27,Bill Haas,89.66,26,29,-0.50
28,Russell Knox,88.89,24,27,-0.38
28,Brooks Koepka,88.89,32,36,-0.50
30,David Lingmerth,87.88,29,33,-0.48
31,James Hahn,84.00,21,25,-0.43
32,Davis Love III,77.78,21,27,-0.52
