rank,player,%,Greens Hit,Total Holes,Relative to par
1,Alex Cejka,100.00,7,7,-0.29
1,Matt Every,100.00,9,9,-0.33
1,Rickie Fowler,100.00,6,6,-0.17
1,Fabián Gómez,100.00,7,7,-0.43
1,Emiliano Grillo,100.00,13,13,-0.31
1,Padraig Harrington,100.00,5,5,-0.20
1,J.J. Henry,100.00,10,10,-0.20
1,J.B. Holmes,100.00,8,8,-0.13
1,Dustin Johnson,100.00,2,2,E
1,Zach Johnson,100.00,8,8,-0.50
1,Smylie Kaufman,100.00,12,12,-0.33
1,Chris Kirk,100.00,7,7,E
1,Kevin Kisner,100.00,11,11,-0.45
1,Danny Lee,100.00,5,5,E
1,Graeme McDowell,100.00,10,10,-0.40
1,Troy Merritt,100.00,10,10,-0.50
1,Scott Piercy,100.00,7,7,-0.71
1,Brandt Snedeker,100.00,12,12,-0.17
1,Justin Thomas,100.00,10,10,-0.40
1,Jimmy Walker,100.00,10,10,-0.60
21,Bill Haas,90.00,9,10,-0.33
22,Peter Malnati,88.89,8,9,-0.25
22,Bubba Watson,88.89,8,9,-0.38
24,Steven Bowditch,87.50,7,8,-0.43
24,Jason Day,87.50,7,8,-0.14
24,Russell Knox,87.50,7,8,E
24,Davis Love III,87.50,7,8,-0.14
28,Jordan Spieth,84.62,11,13,-0.45
29,David Lingmerth,78.57,11,14,-0.27
30,Patrick Reed,77.78,7,9,-0.14
31,James Hahn,75.00,6,8,-0.17
31,Brooks Koepka,75.00,9,12,-0.11
