rank,player,%,Greens Hit,Total Holes,Relative to par
1,Smylie Kaufman,97.73,43,44,-0.47
2,Padraig Harrington,97.44,38,39,-0.50
2,Graeme McDowell,97.44,38,39,-0.37
4,Chris Kirk,97.22,35,36,-0.43
4,Jimmy Walker,97.22,35,36,-0.60
6,J.J. Henry,97.14,34,35,-0.15
7,Dustin Johnson,95.12,39,41,-0.49
8,Brandt Snedeker,95.00,38,40,-0.47
8,Jordan Spieth,95.00,38,40,-0.71
10,Rickie Fowler,94.87,37,39,-0.59
11,Fabián Gómez,94.44,34,36,-0.50
12,Bubba Watson,93.33,42,45,-0.48
13,Patrick Reed,93.02,40,43,-0.48
14,Matt Every,92.86,39,42,-0.38
15,J.B. Holmes,92.68,38,41,-0.39
16,Russell Knox,92.31,36,39,-0.28
17,Steven Bowditch,91.43,32,35,-0.56
17,Zach Johnson,91.43,32,35,-0.44
19,Justin Thomas,90.91,40,44,-0.48
20,Danny Lee,90.70,39,43,-0.51
21,Troy Merritt,90.48,38,42,-0.45
22,Emiliano Grillo,90.00,36,40,-0.50
22,Bill Haas,90.00,36,40,-0.42
24,Alex Cejka,89.74,35,39,-0.37
24,Jason Day,89.74,35,39,-0.60
24,Kevin Kisner,89.74,35,39,-0.51
27,Scott Piercy,89.19,33,37,-0.52
28,Brooks Koepka,88.64,39,44,-0.49
29,Peter Malnati,85.71,36,42,-0.50
30,James Hahn,81.82,27,33,-0.33
30,David Lingmerth,81.82,36,44,-0.42
32,Davis Love III,73.17,30,41,-0.43
