rank,player,%,Greens Hit,# Holes,Relative/Par
1,Fabián Gómez,100.0,1,1,-1.00
1,J.J. Henry,100.0,1,1,+1.00
1,Patrick Reed,100.0,1,1,-1.00
1,Jordan Spieth,100.0,1,1,E
1,Justin Thomas,100.0,1,1,E
6,Alex Cejka,50.0,1,2,E
6,Zach Johnson,50.0,1,2,E
6,Smylie Kaufman,50.0,1,2,E
9,Peter Malnati,20.0,1,5,-1.00
10,Jason Day,.0,0,2,E
10,Bill Haas,.0,0,1,E
10,James Hahn,.0,0,3,E
10,Russell Knox,.0,0,1,E
10,Danny Lee,.0,0,1,E
10,David Lingmerth,.0,0,2,E
10,Davis Love III,.0,0,1,E
10,Troy Merritt,.0,0,3,E
10,Jimmy Walker,.0,0,2,E
