rank,player,%,Greens Hit,Total Holes,Relative to par
1,Padraig Harrington,100.00,10,10,-0.10
1,J.B. Holmes,100.00,4,4,-0.75
1,Chris Kirk,100.00,8,8,-0.25
1,Russell Knox,100.00,12,12,-0.08
1,Graeme McDowell,100.00,12,12,-0.08
1,Brandt Snedeker,100.00,5,5,-0.60
1,Jordan Spieth,100.00,8,8,-0.38
1,Bubba Watson,100.00,3,3,-0.67
9,Bill Haas,90.91,10,11,-0.20
9,J.J. Henry,90.91,10,11,-0.10
11,Fabián Gómez,88.89,8,9,-0.25
11,Patrick Reed,88.89,8,9,-0.38
13,Steven Bowditch,87.50,7,8,-0.71
13,Rickie Fowler,87.50,7,8,-0.29
13,Zach Johnson,87.50,7,8,-0.29
13,Smylie Kaufman,87.50,7,8,E
13,Kevin Kisner,87.50,7,8,-0.43
13,Brooks Koepka,87.50,7,8,-0.43
13,Justin Thomas,87.50,7,8,-0.14
20,Danny Lee,80.00,12,15,-0.33
21,Matt Every,78.57,11,14,-0.36
22,Alex Cejka,76.92,10,13,-0.20
23,Jason Day,75.00,3,4,-0.33
23,James Hahn,75.00,6,8,E
23,Dustin Johnson,75.00,3,4,E
23,Troy Merritt,75.00,9,12,-0.11
27,Emiliano Grillo,71.43,5,7,-0.40
27,Scott Piercy,71.43,5,7,E
29,Jimmy Walker,66.67,2,3,E
30,Davis Love III,64.29,9,14,-0.22
31,David Lingmerth,63.64,7,11,-0.14
31,Peter Malnati,63.64,7,11,-0.29
