rank,player,%,Greens Hit,Total Holes,Relative to par
1,Matt Every,100.00,19,19,-0.42
1,J.J. Henry,100.00,14,14,-0.14
1,Smylie Kaufman,100.00,24,24,-0.67
1,Patrick Reed,100.00,25,25,-0.60
1,Jordan Spieth,100.00,19,19,-1.00
1,Jimmy Walker,100.00,23,23,-0.65
7,Dustin Johnson,97.14,34,35,-0.56
8,Rickie Fowler,96.00,24,25,-0.79
9,Padraig Harrington,95.83,23,24,-0.74
9,Brooks Koepka,95.83,23,24,-0.65
11,Danny Lee,95.65,22,23,-0.73
12,Peter Malnati,95.45,21,22,-0.67
13,Chris Kirk,95.24,20,21,-0.65
14,Fabián Gómez,95.00,19,20,-0.63
14,Troy Merritt,95.00,19,20,-0.58
16,Steven Bowditch,94.74,18,19,-0.56
16,Alex Cejka,94.74,18,19,-0.50
16,David Lingmerth,94.74,18,19,-0.61
19,Graeme McDowell,94.12,16,17,-0.56
20,Bubba Watson,93.94,31,33,-0.48
21,Jason Day,92.59,25,27,-0.76
22,Scott Piercy,91.30,21,23,-0.57
22,Brandt Snedeker,91.30,21,23,-0.62
24,Emiliano Grillo,90.00,18,20,-0.67
25,J.B. Holmes,89.66,26,29,-0.42
26,Bill Haas,89.47,17,19,-0.59
26,Zach Johnson,89.47,17,19,-0.47
26,Russell Knox,89.47,17,19,-0.53
29,Justin Thomas,88.46,23,26,-0.61
30,James Hahn,88.24,15,17,-0.53
31,Kevin Kisner,85.00,17,20,-0.59
32,Davis Love III,73.68,14,19,-0.71
