rank,player,Avg,Total Distance (feet),# of Attempts,Relative to par
1,Davis Love III,"4' 10""",4.833,1,-2
2,Tag Ridings,"6' 5""",6.417,1,-1
3,Kevin Chappell,"26' 8""",26.667,1,-1
4,Jason Dufner,"50' 7""",50.583,1,E
5,Mark Wilson,"72' 4""",72.333,1,-1
6,Anthony Kim,"73' 8""",73.667,1,-1
7,Kevin Na,"79' 7""",79.583,1,E
8,Billy Mayfair,"84' 3""",84.250,1,-1
9,Alex Prugh,"89' 1""",89.083,1,+1
10,Shigeki Maruyama,"93' 6""",187.000,2,E
11,Freddie Jacobson,"96' 5""",96.417,1,-1
12,Jesper Parnevik,"98' 6""",98.500,1,-1
13,Webb Simpson,"101' 4""",101.333,1,E
14,Aaron Baddeley,"123' 10""",123.833,1,+1
15,Michael Connell,"132' 1""",132.083,1,-1
