rank,player,Avg,Total Distance (feet),# of Attempts,Relative to par
1,Chad Campbell,"1' 0""",1.000,1,-1
2,Anthony Kim,"8' 5""",16.833,2,+1
3,Davis Love III,"9' 8""",9.667,1,E
4,Marc Leishman,"10' 1""",10.083,1,E
5,Charlie Wi,"12' 2""",24.333,2,-1
6,Brian Gay,"12' 11""",12.917,1,E
7,Jason Bohn,"14' 5""",14.417,1,E
8,Chris Kirk,"15' 11""",31.750,2,E
9,D.J. Brigman,"16' 7""",16.583,1,-1
10,Matt McQuillan,"17' 6""",17.500,1,-1
11,Shigeki Maruyama,"17' 11""",35.750,2,E
12,Aaron Baddeley,"18' 3""",72.833,4,+2
13,Alex Prugh,"19' 5""",38.750,2,+1
14,Daniel Summerhays,"19' 11""",39.833,2,E
15,Cameron Beckman,"20' 7""",41.083,2,+2
16,Freddie Jacobson,"22' 1""",22.083,1,-1
17,Chris DiMarco,"23' 8""",23.667,1,E
18,Ernie Els,"25' 3""",25.250,1,+1
19,Webb Simpson,"25' 8""",25.667,1,E
20,Jimmy Walker,"26' 7""",26.583,1,E
21,Matt Bettencourt,"28' 1""",28.083,1,-1
22,Tag Ridings,"32' 11""",32.917,1,E
23,Jarrod Lyle,"35' 2""",35.167,1,E
24,Steve Stricker,"36' 0""",36.000,1,+1
25,John Merrick,"36' 2""",36.167,1,E
26,Michael Sim,"37' 0""",73.917,2,E
27,Steve Marino,"38' 2""",76.333,2,E
27,Jeff Overton,"38' 2""",76.250,2,E
29,Brandt Jobe,"39' 4""",78.667,2,E
30,Steven Bowditch,"47' 11""",143.750,3,E
31,Jerry Kelly,"57' 4""",57.333,1,E
32,Jesper Parnevik,"59' 7""",59.583,1,E
33,Colt Knost,"63' 2""",63.167,1,E
