rank,player,Avg,Total Distance (feet),# of Attempts,Relative to par
1,Matt Kuchar,"4' 7""",4.583,1,-1
2,John Merrick,"5' 4""",5.333,1,E
3,Brandt Jobe,"9' 1""",9.083,1,E
4,WC Liang,"10' 2""",20.333,2,-1
5,Tim Clark,"11' 6""",11.500,1,E
6,Steve Stricker,"11' 9""",23.417,2,+1
7,Chris Riley,"15' 6""",15.500,1,E
8,Jerry Kelly,"16' 10""",16.833,1,E
9,Cameron Beckman,"17' 1""",51.333,3,E
10,Rory Sabbatini,"18' 11""",56.667,3,-1
11,Michael Connell,"19' 0""",19.000,1,E
12,Jimmy Walker,"19' 3""",19.250,1,E
13,Spencer Levin,"21' 0""",21.000,1,-1
14,Chris DiMarco,"22' 4""",67.083,3,E
14,Matt McQuillan,"22' 4""",22.333,1,E
16,Charlie Wi,"22' 11""",45.750,2,-1
17,Freddie Jacobson,"23' 0""",45.917,2,+1
18,Justin Rose,"26' 0""",26.000,1,-1
19,Kevin Na,"27' 8""",27.667,1,+1
20,Colt Knost,"29' 3""",87.833,3,E
21,Mark Wilson,"29' 7""",59.083,2,-1
22,Webb Simpson,"30' 8""",30.667,1,E
23,Davis Love III,"32' 9""",65.500,2,E
24,Michael Sim,"33' 7""",33.583,1,E
25,John Senden,"34' 6""",34.500,1,E
26,Stuart Appleby,"34' 7""",69.167,2,+1
27,Arjun Atwal,"39' 6""",78.917,2,E
28,Jason Dufner,"43' 3""",86.500,2,-1
29,Ryan Palmer,"47' 7""",47.583,1,E
30,Chad Campbell,"48' 11""",195.583,4,+1
31,Jonathan Byrd,"50' 0""",50.000,1,E
32,Brendon de Jonge,"50' 8""",152.083,3,E
33,Jason Bohn,"52' 9""",52.750,1,E
34,Steve Marino,"66' 11""",66.917,1,+1
35,Chris Kirk,"69' 5""",69.417,1,+1
36,Tag Ridings,"75' 0""",75.000,1,E
37,D.J. Brigman,"87' 6""",87.500,1,E
38,Nate Smith,"100' 2""",100.167,1,+1
