rank,player,Avg,Total Distance (feet),# of Attempts,Relative to par
1,Spencer Levin,"4' 2""",4.167,1,E
2,Chad Campbell,"4' 5""",4.417,1,E
3,Daniel Summerhays,"4' 7""",4.583,1,-1
4,Boo Weekley,"6' 2""",6.167,1,-1
5,Chris Riley,"8' 2""",16.333,2,E
6,Steve Marino,"9' 0""",9.000,1,-1
7,Jason Day,"9' 1""",9.083,1,E
8,Jonathan Byrd,"9' 5""",18.833,2,+2
9,Jason Bohn,"10' 6""",10.500,1,E
10,Colt Knost,"11' 6""",23.000,2,-2
11,Justin Rose,"13' 1""",13.083,1,E
12,Jarrod Lyle,"13' 8""",27.333,2,E
13,Brendon de Jonge,"14' 2""",28.250,2,E
14,Alex Prugh,"14' 9""",29.417,2,E
15,Jesper Parnevik,"14' 11""",14.917,1,E
16,Kevin Chappell,"15' 10""",15.833,1,E
17,Jeff Overton,"16' 2""",32.333,2,+1
18,D.J. Brigman,"16' 3""",32.417,2,E
18,Shigeki Maruyama,"16' 3""",16.250,1,+1
20,WC Liang,"16' 5""",16.417,1,+1
21,Charlie Wi,"16' 7""",33.167,2,+1
22,Billy Mayfair,"18' 6""",55.583,3,E
23,Aaron Baddeley,"19' 3""",77.083,4,+1
24,Roland Thatcher,"21' 9""",65.250,3,-1
25,Jason Dufner,"23' 3""",23.250,1,E
26,Chris DiMarco,"23' 11""",23.917,1,+1
27,Jimmy Walker,"25' 11""",25.917,1,-1
28,Matt Bettencourt,"28' 4""",28.333,1,E
29,Davis Love III,"29' 7""",59.083,2,E
30,Marc Leishman,"31' 5""",31.417,1,+1
31,Brandt Jobe,"31' 11""",31.917,1,E
32,John Senden,"32' 8""",32.667,1,E
33,Michael Sim,"44' 9""",44.750,1,E
34,Kevin Na,"47' 5""",94.833,2,+1
35,Anthony Kim,"54' 4""",54.333,1,E
36,Steven Bowditch,"55' 2""",55.167,1,E
37,Ryan Palmer,"64' 11""",64.917,1,E
