rank,player,Avg,Total Distance (feet),# of Attempts,Relative to par
1,Stuart Appleby,"16' 2""",16.167,1,E
2,Chris Kirk,"25' 5""",25.417,1,-1
3,Shigeki Maruyama,"34' 3""",68.500,2,E
4,Ernie Els,"34' 7""",103.667,3,-1
5,Tim Clark,"38' 2""",114.417,3,E
6,Justin Rose,"42' 0""",84.000,2,-1
7,Marc Leishman,"42' 4""",42.333,1,-1
8,Roland Thatcher,"42' 11""",42.917,1,E
9,Kevin Na,"43' 3""",86.500,2,E
10,Chris Riley,"43' 10""",43.833,1,E
11,Nate Smith,"45' 10""",229.333,5,+1
12,Cameron Beckman,"49' 1""",49.083,1,E
13,Ryan Palmer,"49' 2""",147.583,3,-1
14,Steven Bowditch,"51' 7""",51.583,1,E
15,Matt Kuchar,"52' 10""",52.833,1,E
16,Michael Connell,"53' 0""",106.000,2,+1
17,Rory Sabbatini,"55' 10""",167.583,3,E
18,Brandt Jobe,"56' 1""",112.083,2,+1
19,Chad Campbell,"56' 6""",113.000,2,E
20,Jarrod Lyle,"57' 3""",57.250,1,-1
21,Steve Stricker,"57' 9""",115.500,2,-1
22,Billy Mayfair,"58' 6""",175.500,3,E
23,Freddie Jacobson,"62' 6""",187.500,3,E
24,Jerry Kelly,"63' 2""",189.500,3,+1
25,Charlie Wi,"64' 5""",64.417,1,+1
26,Chris DiMarco,"64' 11""",194.750,3,-1
27,Kevin Chappell,"65' 1""",195.167,3,+1
27,Davis Love III,"65' 1""",65.083,1,E
29,Aaron Baddeley,"65' 5""",261.667,4,-3
30,Tag Ridings,"70' 2""",140.333,2,-1
31,Michael Sim,"70' 4""",281.250,4,+2
32,Colt Knost,"70' 6""",140.917,2,+1
33,D.J. Brigman,"70' 9""",212.250,3,+1
34,Matt McQuillan,"73' 0""",73.000,1,E
35,WC Liang,"73' 1""",584.667,8,E
36,Spencer Levin,"76' 0""",379.833,5,+4
37,Matt Bettencourt,"76' 5""",382.000,5,-4
38,Jimmy Walker,"77' 7""",232.833,3,+1
39,Jason Dufner,"77' 11""",467.333,6,+2
40,John Senden,"79' 8""",318.750,4,-1
41,Anthony Kim,"81' 0""",161.917,2,+1
42,Jonathan Byrd,"81' 4""",162.583,2,+1
43,Mark Wilson,"81' 8""",163.250,2,+1
44,Jesper Parnevik,"88' 9""",266.333,3,+1
45,Steve Marino,"91' 7""",366.333,4,-1
46,Boo Weekley,"96' 4""",96.333,1,E
47,John Merrick,"107' 9""",215.417,2,+1
48,Arjun Atwal,"108' 10""",326.583,3,+1
49,Daniel Summerhays,"112' 0""",224.000,2,+1
50,Jason Bohn,"112' 11""",112.917,1,E
51,Alex Prugh,"120' 4""",240.583,2,E
