rank,player,Avg,Total Distance (feet),# of Attempts,Relative to par
1,Mark Wilson,"16' 4""",16.333,1,-1
2,Davis Love III,"21' 2""",21.167,1,E
3,Shigeki Maruyama,"29' 8""",237.417,8,+1
4,Ernie Els,"30' 0""",119.833,4,+2
5,Ryan Palmer,"30' 2""",90.417,3,E
6,Jerry Kelly,"33' 6""",134.083,4,E
7,Michael Connell,"35' 0""",210.083,6,E
8,John Merrick,"35' 11""",287.500,8,+1
9,Marc Leishman,"37' 2""",74.250,2,-1
10,Roland Thatcher,"37' 3""",149.083,4,-1
11,Chris Riley,"37' 4""",74.583,2,+1
12,Cameron Beckman,"37' 7""",37.583,1,-1
13,Freddie Jacobson,"38' 0""",189.917,5,+1
14,Steven Bowditch,"38' 5""",153.500,4,E
15,Matt Kuchar,"38' 7""",115.833,3,E
16,Chad Campbell,"40' 1""",120.333,3,E
17,Jimmy Walker,"40' 9""",244.417,6,+1
18,Steve Marino,"43' 4""",130.083,3,E
18,Charlie Wi,"43' 4""",173.250,4,+2
20,Alex Prugh,"43' 6""",261.000,6,+1
21,Daniel Summerhays,"43' 10""",131.500,3,+1
22,Jason Dufner,"46' 1""",138.333,3,+1
23,Jesper Parnevik,"46' 3""",231.333,5,+2
24,WC Liang,"46' 8""",93.333,2,E
25,Jarrod Lyle,"47' 9""",95.417,2,+1
26,Michael Sim,"49' 2""",98.333,2,E
27,Billy Mayfair,"49' 3""",98.500,2,+2
28,Spencer Levin,"49' 4""",98.583,2,E
29,Brandt Jobe,"49' 6""",98.917,2,+1
30,Matt McQuillan,"50' 9""",457.083,9,-2
31,Rory Sabbatini,"52' 7""",262.917,5,E
32,Steve Stricker,"53' 7""",53.583,1,E
33,D.J. Brigman,"53' 10""",323.083,6,+3
34,John Senden,"54' 5""",381.000,7,E
35,Brendon de Jonge,"57' 7""",230.333,4,+1
36,Tim Clark,"57' 10""",57.833,1,E
37,Anthony Kim,"57' 11""",463.000,8,E
38,Matt Bettencourt,"58' 4""",233.167,4,+1
39,Kevin Chappell,"61' 7""",246.250,4,+2
40,Kevin Na,"63' 1""",252.417,4,-1
41,Jason Day,"63' 7""",127.083,2,+1
42,Justin Rose,"63' 9""",318.833,5,E
42,Boo Weekley,"63' 9""",191.250,3,-1
44,Chris Kirk,"64' 0""",255.833,4,+1
44,Nate Smith,"64' 0""",448.250,7,+5
46,Jason Bohn,"69' 3""",138.417,2,+2
47,Webb Simpson,"70' 8""",282.500,4,+1
48,Chris DiMarco,"71' 11""",143.750,2,E
49,Arjun Atwal,"72' 10""",291.417,4,+2
50,Stuart Appleby,"74' 6""",372.500,5,+3
51,Colt Knost,"95' 1""",285.167,3,+1
