rank,player,Avg,Total Distance (feet),# of Attempts,Relative to par
1,Matt Kuchar,"4' 7""",4.583,1,-1
2,Boo Weekley,"6' 2""",6.167,1,-1
3,Jason Day,"9' 1""",9.083,1,E
4,Chris Riley,"10' 7""",31.833,3,E
5,Tim Clark,"11' 6""",11.500,1,E
6,WC Liang,"12' 3""",36.750,3,E
7,Spencer Levin,"12' 7""",25.167,2,-1
8,Brian Gay,"12' 11""",12.917,1,E
9,Daniel Summerhays,"14' 10""",44.417,3,-1
10,Kevin Chappell,"15' 10""",15.833,1,E
11,Alex Prugh,"17' 1""",68.167,4,+1
12,Charlie Wi,"17' 3""",103.250,6,-1
13,Shigeki Maruyama,"17' 4""",52.000,3,+1
14,Cameron Beckman,"18' 6""",92.417,5,+2
14,Billy Mayfair,"18' 6""",55.583,3,E
16,Aaron Baddeley,"18' 9""",149.917,8,+3
17,Rory Sabbatini,"18' 11""",56.667,3,-1
18,Michael Connell,"19' 0""",19.000,1,E
19,Justin Rose,"19' 7""",39.083,2,-1
20,Steve Stricker,"19' 10""",59.417,3,+2
21,Matt McQuillan,"19' 11""",39.833,2,-1
22,Marc Leishman,"20' 9""",41.500,2,+1
22,John Merrick,"20' 9""",41.500,2,E
24,Jarrod Lyle,"20' 10""",62.500,3,E
25,Roland Thatcher,"21' 9""",65.250,3,-1
26,Freddie Jacobson,"22' 8""",68.000,3,E
27,Jonathan Byrd,"22' 11""",68.833,3,+2
27,Chris DiMarco,"22' 11""",114.667,5,+1
29,Anthony Kim,"23' 9""",71.167,3,+1
30,Jimmy Walker,"23' 11""",71.750,3,-1
31,Ernie Els,"25' 3""",25.250,1,+1
32,Jason Bohn,"25' 11""",77.667,3,E
33,Davis Love III,"26' 10""",134.250,5,E
34,Jeff Overton,"27' 2""",108.583,4,+1
35,Webb Simpson,"28' 2""",56.333,2,E
36,Matt Bettencourt,"28' 3""",56.417,2,-1
37,Colt Knost,"29' 0""",174.000,6,-2
38,Mark Wilson,"29' 7""",59.083,2,-1
39,Brandt Jobe,"29' 11""",119.667,4,E
40,Chad Campbell,"33' 6""",201.000,6,E
41,John Senden,"33' 7""",67.167,2,E
42,Chris Kirk,"33' 9""",101.167,3,+1
43,D.J. Brigman,"34' 2""",136.500,4,-1
44,Stuart Appleby,"34' 7""",69.167,2,+1
45,Brendon de Jonge,"36' 1""",180.333,5,E
46,Jason Dufner,"36' 7""",109.750,3,-1
47,Jerry Kelly,"37' 1""",74.167,2,E
48,Jesper Parnevik,"37' 3""",74.500,2,E
49,Steve Marino,"38' 1""",152.250,4,E
49,Michael Sim,"38' 1""",152.250,4,E
51,Arjun Atwal,"39' 6""",78.917,2,E
52,Kevin Na,"40' 10""",122.500,3,+2
53,Steven Bowditch,"49' 9""",198.917,4,E
54,Tag Ridings,"54' 0""",107.917,2,E
55,Ryan Palmer,"56' 3""",112.500,2,E
56,Nate Smith,"100' 2""",100.167,1,+1
