rank,player,Avg,Total Distance (feet),# of Attempts,Relative to par
1,Stuart Appleby,"16' 2""",16.167,1,E
2,Davis Love III,"35' 9""",107.250,3,-3
3,Chris Kirk,"37' 1""",74.167,2,-2
4,Tim Clark,"38' 0""",151.833,4,-1
5,Justin Rose,"42' 0""",84.000,2,-1
6,Ernie Els,"47' 10""",239.250,5,-2
7,Tag Ridings,"48' 11""",146.750,3,-2
8,Chris Riley,"49' 9""",99.417,2,+1
9,Steven Bowditch,"51' 7""",51.583,1,E
10,Nate Smith,"52' 0""",311.833,6,E
11,Brandt Jobe,"52' 7""",157.667,3,E
12,Chad Campbell,"56' 6""",339.083,6,E
13,Kevin Chappell,"57' 2""",285.667,5,+1
14,Jonathan Byrd,"57' 3""",171.833,3,E
15,Colt Knost,"58' 7""",175.833,3,E
15,Ryan Palmer,"58' 7""",234.250,4,-1
17,Marc Leishman,"60' 1""",120.167,2,E
18,Cameron Beckman,"60' 2""",180.500,3,-1
19,Jeff Overton,"60' 4""",120.667,2,E
20,Brendon de Jonge,"60' 9""",182.333,3,-2
21,Jerry Kelly,"63' 2""",189.500,3,+1
22,Rory Sabbatini,"63' 8""",318.500,5,-2
23,Jarrod Lyle,"64' 8""",194.000,3,-1
24,Billy Mayfair,"64' 11""",259.750,4,-1
25,Roland Thatcher,"67' 4""",134.667,2,E
26,Kevin Na,"68' 1""",544.333,8,-1
27,Chris DiMarco,"68' 5""",273.750,4,E
27,Shigeki Maruyama,"68' 5""",410.667,6,-2
29,Jason Dufner,"70' 7""",705.500,10,+5
29,Steve Stricker,"70' 7""",211.667,3,-1
31,Matt Kuchar,"70' 8""",141.333,2,E
32,D.J. Brigman,"70' 9""",212.250,3,+1
33,Anthony Kim,"72' 10""",291.167,4,-1
34,Matt McQuillan,"73' 0""",73.000,1,E
35,Michael Sim,"74' 1""",370.417,5,+2
36,Freddie Jacobson,"75' 4""",376.583,5,E
37,Aaron Baddeley,"75' 8""",453.750,6,-2
38,Webb Simpson,"76' 0""",151.917,2,E
38,Jimmy Walker,"76' 0""",379.833,5,E
40,Charlie Wi,"78' 0""",234.000,3,E
41,Mark Wilson,"78' 6""",235.583,3,E
42,John Senden,"79' 8""",318.750,4,-1
43,WC Liang,"80' 7""",805.417,10,+2
44,Steve Marino,"81' 1""",405.417,5,-2
45,Brian Gay,"81' 11""",163.833,2,+1
46,Spencer Levin,"82' 1""",492.250,6,+5
47,Michael Connell,"85' 11""",515.250,6,+1
48,Daniel Summerhays,"90' 5""",271.333,3,+2
49,Matt Bettencourt,"90' 8""",634.917,7,-5
50,Jesper Parnevik,"94' 2""",753.250,8,+1
51,Boo Weekley,"96' 4""",96.333,1,E
52,Alex Prugh,"98' 1""",392.250,4,+1
53,Jason Day,"106' 2""",106.167,1,E
54,John Merrick,"107' 9""",215.417,2,+1
55,Jason Bohn,"116' 6""",233.000,2,+1
56,Arjun Atwal,"117' 5""",469.500,4,+1
