rank,player,Avg,Total Distance (feet),# of Attempts,Relative to par
1,Davis Love III,"22' 4""",111.833,5,-1
2,Chris Riley,"24' 5""",48.833,2,E
3,Chris DiMarco,"24' 6""",98.000,4,E
3,Spencer Levin,"24' 6""",98.000,4,-1
5,Boo Weekley,"25' 5""",76.333,3,E
6,Chad Campbell,"28' 1""",140.417,5,-1
7,Anthony Kim,"28' 10""",57.583,2,-1
8,Jeff Overton,"30' 1""",60.167,2,+1
9,Brendon de Jonge,"30' 5""",152.083,5,E
10,Arjun Atwal,"30' 6""",335.750,11,+1
11,Tim Clark,"31' 8""",190.167,6,-1
12,Alex Prugh,"32' 8""",98.083,3,E
13,Steven Bowditch,"33' 8""",302.917,9,E
14,Steve Marino,"33' 9""",236.417,7,+1
15,Rory Sabbatini,"34' 2""",170.833,5,E
16,Aaron Baddeley,"34' 4""",309.083,9,+2
17,Steve Stricker,"35' 10""",107.583,3,E
18,Jarrod Lyle,"36' 2""",398.000,11,+2
19,Freddie Jacobson,"37' 4""",186.667,5,+1
20,Marc Leishman,"37' 8""",339.083,9,+1
21,Kevin Chappell,"37' 10""",151.333,4,E
22,Jimmy Walker,"38' 0""",152.000,4,E
23,Charlie Wi,"38' 7""",77.083,2,-1
24,Tag Ridings,"38' 10""",388.083,10,+2
25,Matt Kuchar,"38' 11""",155.500,4,E
26,Brandt Jobe,"39' 8""",119.000,3,E
26,Chris Kirk,"39' 8""",198.500,5,+2
28,WC Liang,"39' 10""",278.667,7,E
28,Shigeki Maruyama,"39' 10""",318.917,8,-1
30,Stuart Appleby,"41' 2""",288.417,7,E
31,Nate Smith,"42' 1""",252.667,6,E
32,Cameron Beckman,"43' 1""",129.167,3,+1
33,Brian Gay,"43' 10""",87.583,2,+1
34,Ryan Palmer,"44' 0""",352.167,8,+5
35,Jerry Kelly,"44' 1""",176.333,4,E
36,Billy Mayfair,"44' 6""",266.833,6,E
37,Ernie Els,"45' 3""",181.083,4,E
38,Daniel Summerhays,"45' 7""",319.000,7,+1
39,Matt McQuillan,"46' 3""",416.417,9,+3
40,Jonathan Byrd,"46' 10""",280.917,6,E
41,Roland Thatcher,"48' 2""",288.833,6,+2
42,Jason Day,"48' 8""",437.917,9,+4
43,Webb Simpson,"48' 9""",341.250,7,+1
44,Matt Bettencourt,"48' 11""",342.167,7,+1
45,Jesper Parnevik,"51' 5""",102.750,2,+1
46,Michael Sim,"51' 11""",363.417,7,+2
47,John Merrick,"53' 2""",372.000,7,+1
48,Justin Rose,"53' 9""",483.750,9,+3
49,Mark Wilson,"56' 5""",169.167,3,+1
50,Jason Dufner,"58' 7""",117.083,2,+2
51,D.J. Brigman,"63' 5""",253.583,4,+1
52,Jason Bohn,"64' 3""",256.833,4,+1
53,Colt Knost,"65' 4""",196.083,3,E
54,John Senden,"68' 2""",272.583,4,+2
55,Michael Connell,"71' 8""",573.583,8,+4
56,Kevin Na,"89' 11""",269.667,3,E
