rank,player,Avg,Total Distance (feet),# of Attempts,Relative to par
1,Aaron Baddeley,"2' 11""",2.917,1,-1
2,Chad Campbell,"13' 3""",13.250,1,E
3,John Senden,"13' 11""",55.750,4,-1
4,Matt Kuchar,"15' 0""",29.917,2,E
5,Jimmy Walker,"15' 3""",45.667,3,-1
6,Ryan Palmer,"15' 4""",46.083,3,+1
7,Davis Love III,"16' 8""",100.167,6,-2
8,Chris Kirk,"18' 10""",94.333,5,E
9,Arjun Atwal,"19' 7""",39.083,2,E
10,Kevin Na,"22' 0""",66.083,3,E
11,Rory Sabbatini,"22' 7""",67.833,3,-1
12,Jarrod Lyle,"22' 8""",67.917,3,-1
13,Colt Knost,"23' 9""",71.333,3,E
14,D.J. Brigman,"23' 11""",119.417,5,-1
15,John Merrick,"24' 1""",24.083,1,E
16,Cameron Beckman,"24' 10""",74.500,3,-1
17,Nate Smith,"24' 11""",24.917,1,E
18,Alex Prugh,"25' 1""",125.583,5,E
19,Shigeki Maruyama,"25' 2""",100.500,4,-1
20,Chris DiMarco,"25' 4""",101.167,4,E
21,Steven Bowditch,"26' 4""",105.417,4,E
22,Anthony Kim,"26' 5""",105.500,4,-1
23,Ernie Els,"28' 7""",114.167,4,+2
24,Brian Gay,"29' 10""",29.833,1,E
25,Daniel Summerhays,"30' 9""",30.750,1,E
26,Jesper Parnevik,"30' 10""",92.583,3,-1
27,Chris Riley,"31' 0""",123.917,4,E
28,Charlie Wi,"32' 10""",98.417,3,-1
29,Webb Simpson,"33' 5""",167.167,5,E
30,Stuart Appleby,"33' 6""",66.917,2,E
30,Boo Weekley,"33' 6""",167.333,5,E
32,Matt Bettencourt,"34' 0""",204.000,6,-1
32,Freddie Jacobson,"34' 0""",204.000,6,E
34,Mark Wilson,"34' 11""",69.833,2,E
35,Billy Mayfair,"37' 4""",74.583,2,E
35,Tag Ridings,"37' 4""",112.083,3,E
37,Brandt Jobe,"38' 5""",115.333,3,+1
38,Jeff Overton,"38' 6""",192.333,5,+1
39,Jason Dufner,"39' 8""",238.167,6,+3
40,Jonathan Byrd,"39' 9""",198.583,5,+1
41,Tim Clark,"40' 2""",80.250,2,E
42,Jason Day,"46' 0""",91.917,2,+2
43,Spencer Levin,"47' 2""",235.917,5,E
44,Kevin Chappell,"48' 10""",195.250,4,-1
45,Steve Marino,"49' 2""",98.333,2,+1
46,Justin Rose,"50' 5""",201.583,4,+1
47,Marc Leishman,"52' 5""",157.167,3,E
48,WC Liang,"64' 9""",323.750,5,+2
49,Matt McQuillan,"78' 8""",235.917,3,-1
50,Michael Sim,"92' 11""",92.917,1,+1
51,Roland Thatcher,"109' 8""",109.667,1,+2
