rank,player,%,Successes,Attempts
1,Ángel Cabrera,100.00,2,2
1,Matt Kuchar,100.00,1,1
1,Geoff Ogilvy,100.00,2,2
1,Rory Sabbatini,100.00,1,1
1,Nick Watney,100.00,3,3
6,Nathan Green,80.00,4,5
7,Martin Laird,75.00,3,4
8,Brian Gay,60.00,3,5
8,Steve Stricker,60.00,3,5
10,Kenny Perry,50.00,2,4
10,Y.E. Yang,50.00,1,2
12,Paul Casey,40.00,2,5
12,Retief Goosen,40.00,2,5
12,Jerry Kelly,40.00,2,5
15,Dustin Johnson,33.33,1,3
16,Heath Slocum,28.57,2,7
17,Mark Wilson,25.00,1,4
18,Stephen Ames,.00,0,1
18,Michael Bradley,.00,0,2
18,Stewart Cink,.00,0,1
18,Troy Matteson,.00,0,2
18,Sean O'Hair,.00,0,1
18,Bo Van Pelt,.00,0,1
