rank,player,%,Successes,Attempts
1,Stewart Cink,100.00,1,1
1,Lucas Glover,100.00,1,1
1,Nathan Green,100.00,3,3
1,Martin Laird,100.00,2,2
1,Rory Sabbatini,100.00,2,2
1,Mark Wilson,100.00,2,2
1,Y.E. Yang,100.00,1,1
8,Jerry Kelly,66.67,2,3
8,Bo Van Pelt,66.67,2,3
8,Nick Watney,66.67,4,6
11,Troy Matteson,50.00,1,2
11,Geoff Ogilvy,50.00,1,2
11,Pat Perez,50.00,1,2
11,John Rollins,50.00,1,2
11,Heath Slocum,50.00,1,2
16,Ángel Cabrera,40.00,2,5
17,Brian Gay,33.33,1,3
18,Retief Goosen,25.00,1,4
19,Stephen Ames,.00,0,1
19,Michael Bradley,.00,0,1
19,Dustin Johnson,.00,0,3
