rank,player,%,Successes,Attempts
1,Ángel Cabrera,100.00,1,1
1,Martin Laird,100.00,3,3
1,Pat Perez,100.00,1,1
1,Steve Stricker,100.00,5,5
5,Brian Gay,85.71,6,7
6,Troy Matteson,80.00,4,5
7,Stewart Cink,75.00,3,4
7,Retief Goosen,75.00,3,4
7,Matt Kuchar,75.00,3,4
7,Ryan Moore,75.00,3,4
11,Nathan Green,71.43,5,7
12,Heath Slocum,66.67,4,6
12,Nick Watney,66.67,2,3
12,Y.E. Yang,66.67,2,3
15,Geoff Ogilvy,60.00,3,5
16,Paul Casey,50.00,4,8
16,Sean O'Hair,50.00,2,4
16,John Rollins,50.00,1,2
16,Rory Sabbatini,50.00,1,2
16,Bo Van Pelt,50.00,3,6
21,Dustin Johnson,42.86,3,7
22,Michael Bradley,40.00,2,5
23,Mark Wilson,37.50,3,8
24,Lucas Glover,33.33,1,3
24,Kenny Perry,33.33,1,3
26,Zach Johnson,25.00,1,4
26,Jerry Kelly,25.00,1,4
28,Stephen Ames,.00,0,5
