rank,player,%,Successes,Attempts
1,Michael Bradley,100.00,2,2
1,Paul Casey,100.00,2,2
1,Retief Goosen,100.00,1,1
1,Nathan Green,100.00,1,1
1,Dustin Johnson,100.00,1,1
1,Zach Johnson,100.00,1,1
1,Jerry Kelly,100.00,1,1
1,Matt Kuchar,100.00,3,3
1,Martin Laird,100.00,2,2
1,Troy Matteson,100.00,1,1
1,Ryan Moore,100.00,2,2
1,Geoff Ogilvy,100.00,2,2
1,Pat Perez,100.00,3,3
1,Kenny Perry,100.00,2,2
1,Rory Sabbatini,100.00,2,2
1,Heath Slocum,100.00,1,1
1,Steve Stricker,100.00,1,1
1,Bo Van Pelt,100.00,4,4
1,Mark Wilson,100.00,1,1
1,Y.E. Yang,100.00,1,1
21,Ángel Cabrera,50.00,1,2
21,Sean O'Hair,50.00,1,2
23,Brian Gay,33.33,1,3
24,Stewart Cink,.00,0,1
24,Nick Watney,.00,0,1
