rank,player,%,# of Saves,# of Bunkers
1,Brian Gay,100.00,1,1
1,Lucas Glover,100.00,1,1
1,Nathan Green,100.00,1,1
1,Zach Johnson,100.00,1,1
1,Jerry Kelly,100.00,1,1
1,Martin Laird,100.00,3,3
1,Troy Matteson,100.00,1,1
1,Mark Wilson,100.00,1,1
1,Y.E. Yang,100.00,1,1
10,Rory Sabbatini,75.00,3,4
11,Pat Perez,66.67,2,3
11,Bo Van Pelt,66.67,2,3
13,Stewart Cink,50.00,1,2
14,Ángel Cabrera,40.00,2,5
15,John Rollins,33.33,1,3
15,Nick Watney,33.33,1,3
17,Stephen Ames,.00,0,1
17,Michael Bradley,.00,0,1
17,Retief Goosen,.00,0,1
17,Geoff Ogilvy,.00,0,1
