rank,player,%,Successes,Attempts
1,Stewart Cink,100.00,3,3
1,Brian Gay,100.00,7,7
1,Martin Laird,100.00,4,4
1,Heath Slocum,100.00,4,4
1,Steve Stricker,100.00,6,6
6,Sean O'Hair,83.33,5,6
7,Ryan Moore,80.00,4,5
8,Lucas Glover,75.00,3,4
8,Pat Perez,75.00,3,4
8,Y.E. Yang,75.00,3,4
11,Ángel Cabrera,66.67,6,9
11,Retief Goosen,66.67,4,6
11,Troy Matteson,66.67,2,3
11,Geoff Ogilvy,66.67,2,3
11,Mark Wilson,66.67,4,6
16,Bo Van Pelt,62.50,5,8
16,Nick Watney,62.50,5,8
18,Rory Sabbatini,57.14,4,7
19,Paul Casey,50.00,2,4
19,Zach Johnson,50.00,3,6
19,John Rollins,50.00,2,4
22,Dustin Johnson,40.00,2,5
23,Nathan Green,37.50,3,8
24,Michael Bradley,33.33,1,3
24,Jerry Kelly,33.33,2,6
26,Stephen Ames,16.67,1,6
27,Kenny Perry,.00,0,2
