rank,player,%,Number of Times,Attempts,Avg RTP Score
1,Danny Lee,8.3,1,12,E
2,Davis Love III,10.0,1,10,-10.00
3,Fabián Gómez,14.3,1,7,E
4,Jimmy Walker,21.4,3,14,+6.67
5,J.J. Henry,22.2,2,9,E
6,Matt Every,28.6,4,14,+7.50
7,Jordan Spieth,30.8,4,13,E
8,Alex Cejka,31.3,5,16,E
8,Brandt Snedeker,31.3,5,16,-2.00
10,Scott Piercy,33.3,5,15,+2.00
11,Justin Thomas,35.3,6,17,-1.67
12,Rickie Fowler,35.7,5,14,-2.00
12,Smylie Kaufman,35.7,5,14,+2.00
14,James Hahn,36.8,7,19,+4.29
15,Russell Knox,38.5,5,13,+2.00
16,Jason Day,40.0,8,20,E
16,Padraig Harrington,40.0,4,10,-2.50
16,Brooks Koepka,40.0,6,15,+1.67
19,Emiliano Grillo,42.9,3,7,-3.33
20,J.B. Holmes,44.4,4,9,E
21,Steven Bowditch,45.5,5,11,+2.00
22,David Lingmerth,50.0,4,8,+2.50
23,Bubba Watson,52.6,10,19,E
24,Peter Malnati,55.6,10,18,-5.00
25,Zach Johnson,56.3,9,16,+3.33
26,Graeme McDowell,62.5,5,8,+8.00
27,Chris Kirk,64.3,9,14,+1.11
27,Kevin Kisner,64.3,9,14,-2.22
27,Troy Merritt,64.3,9,14,+5.56
30,Dustin Johnson,66.7,14,21,-2.14
31,Bill Haas,70.0,7,10,E
32,Patrick Reed,78.6,11,14,-2.73
