rank,player,RTP Score
1,Davis Love III,-.667
1,Peter Malnati,-.667
3,Alex Cejka,-.500
3,Fabián Gómez,-.500
3,Emiliano Grillo,-.500
3,James Hahn,-.500
7,Padraig Harrington,-.429
8,Chris Kirk,-.375
8,Justin Thomas,-.375
10,Dustin Johnson,-.333
10,Smylie Kaufman,-.333
10,Kevin Kisner,-.333
10,Scott Piercy,-.333
10,Brandt Snedeker,-.333
10,Jordan Spieth,-.333
16,J.J. Henry,-.250
17,Patrick Reed,-.231
18,Jason Day,-.200
18,Matt Every,-.200
20,Bill Haas,-.167
20,Brooks Koepka,-.167
22,Rickie Fowler,-.143
22,Troy Merritt,-.143
24,Steven Bowditch,-.125
24,J.B. Holmes,-.125
26,Zach Johnson,E
26,Russell Knox,E
26,Danny Lee,E
26,David Lingmerth,E
26,Graeme McDowell,E
26,Jimmy Walker,E
26,Bubba Watson,E
