rank,player,%,Fairways Hit,Possible Fairways
1,Fabián Gómez,83.33,50,60
1,David Lingmerth,83.33,50,60
3,Bill Haas,81.67,49,60
4,Emiliano Grillo,80.00,48,60
4,J.J. Henry,80.00,48,60
6,Padraig Harrington,78.33,47,60
6,Graeme McDowell,78.33,47,60
8,Russell Knox,76.67,46,60
8,Danny Lee,76.67,46,60
10,Steven Bowditch,75.00,45,60
10,Davis Love III,75.00,45,60
12,Zach Johnson,73.33,44,60
12,Chris Kirk,73.33,44,60
12,Jordan Spieth,73.33,44,60
15,Kevin Kisner,71.67,43,60
15,Brooks Koepka,71.67,43,60
15,Patrick Reed,71.67,43,60
18,Alex Cejka,70.00,42,60
18,Rickie Fowler,70.00,42,60
18,J.B. Holmes,70.00,42,60
18,Troy Merritt,70.00,42,60
22,Matt Every,68.33,41,60
23,James Hahn,66.67,40,60
23,Smylie Kaufman,66.67,40,60
23,Scott Piercy,66.67,40,60
23,Jimmy Walker,66.67,40,60
27,Peter Malnati,65.00,39,60
27,Brandt Snedeker,65.00,39,60
29,Justin Thomas,63.33,38,60
30,Jason Day,60.00,36,60
30,Dustin Johnson,60.00,36,60
32,Bubba Watson,55.00,33,60
