rank,player,%,Total Rough,Possible Fwys,Relative to par
1,David Lingmerth,13.33,8,60,E
2,Fabián Gómez,15.00,9,60,-3.33
2,Bill Haas,15.00,9,60,-3.33
4,Emiliano Grillo,16.67,10,60,-2.00
4,J.J. Henry,16.67,10,60,-3.00
4,Russell Knox,16.67,10,60,-1.00
4,Graeme McDowell,16.67,10,60,-3.00
8,Davis Love III,18.33,11,60,-0.91
9,Zach Johnson,20.00,12,60,-0.83
9,Troy Merritt,20.00,12,60,-2.50
11,James Hahn,21.67,13,60,-3.08
11,Padraig Harrington,21.67,13,60,-3.08
11,Chris Kirk,21.67,13,60,-2.31
11,Danny Lee,21.67,13,60,-0.77
15,Alex Cejka,23.33,14,60,-2.14
15,Brooks Koepka,23.33,14,60,-2.14
15,Peter Malnati,23.33,14,60,-4.29
15,Jordan Spieth,23.33,14,60,-2.14
19,Steven Bowditch,23.73,14,59,-0.71
19,Matt Every,23.73,14,59,+0.71
19,J.B. Holmes,23.73,14,59,-0.71
19,Smylie Kaufman,23.73,14,59,-2.14
19,Jimmy Walker,23.73,14,59,-4.29
24,Scott Piercy,25.00,15,60,-1.33
25,Rickie Fowler,26.67,16,60,-1.25
25,Kevin Kisner,26.67,16,60,-1.88
25,Patrick Reed,26.67,16,60,-1.88
28,Justin Thomas,30.51,18,59,-3.33
29,Brandt Snedeker,31.67,19,60,-4.21
30,Jason Day,33.33,20,60,-2.00
31,Dustin Johnson,36.67,22,60,-2.27
32,Bubba Watson,38.33,23,60,-0.87
