rank,player,%,Total Fairway Bunkers,Possible Fwys,Relative to par
1,Steven Bowditch,.0,0,0,E
1,Matt Every,.0,0,0,E
1,Rickie Fowler,.0,0,0,E
1,Emiliano Grillo,.0,0,0,E
1,Padraig Harrington,.0,0,0,E
1,J.B. Holmes,.0,0,0,E
1,Dustin Johnson,.0,0,0,E
1,Chris Kirk,.0,0,0,E
1,Kevin Kisner,.0,0,0,E
1,Brooks Koepka,.0,0,0,E
1,Graeme McDowell,.0,0,0,E
1,Scott Piercy,.0,0,0,E
1,Brandt Snedeker,.0,0,0,E
1,Bubba Watson,.0,0,0,E
15,Fabián Gómez,1.7,1,4,-1.000
15,Bill Haas,1.7,1,4,+1.000
15,J.J. Henry,1.7,1,4,+1.000
15,Russell Knox,1.7,1,4,+2.000
15,Danny Lee,1.7,1,4,E
15,Davis Love III,1.7,1,4,+1.000
15,Patrick Reed,1.7,1,4,-1.000
15,Jordan Spieth,1.7,1,4,E
15,Justin Thomas,1.7,1,4,E
24,Alex Cejka,3.3,2,8,E
24,Jason Day,3.3,2,8,+0.500
24,Zach Johnson,3.3,2,8,+0.500
24,David Lingmerth,3.3,2,8,+1.000
28,Smylie Kaufman,3.4,2,8,+0.500
28,Jimmy Walker,3.4,2,8,+0.500
30,James Hahn,5.0,3,12,+0.667
30,Troy Merritt,5.0,3,12,+1.000
32,Peter Malnati,8.3,5,20,E
