rank,player,%,# Hit,Total Attempts
1,Brandt Snedeker,100.00,60,60
2,Rickie Fowler,98.33,59,60
2,Jordan Spieth,98.33,59,60
4,Fabián Gómez,96.67,58,60
4,Bill Haas,96.67,58,60
4,J.J. Henry,96.67,58,60
4,Graeme McDowell,96.67,58,60
8,Brooks Koepka,95.00,57,60
9,Steven Bowditch,93.33,56,60
9,Emiliano Grillo,93.33,56,60
9,Padraig Harrington,93.33,56,60
9,Kevin Kisner,93.33,56,60
9,David Lingmerth,93.33,56,60
9,Davis Love III,93.33,56,60
9,Justin Thomas,93.33,56,60
9,Bubba Watson,93.33,56,60
17,Jason Day,91.67,55,60
17,Matt Every,91.67,55,60
17,Dustin Johnson,91.67,55,60
17,Zach Johnson,91.67,55,60
17,Chris Kirk,91.67,55,60
17,Russell Knox,91.67,55,60
17,Danny Lee,91.67,55,60
17,Patrick Reed,91.67,55,60
25,J.B. Holmes,90.00,54,60
25,Smylie Kaufman,90.00,54,60
25,Troy Merritt,90.00,54,60
28,Alex Cejka,88.33,53,60
28,Peter Malnati,88.33,53,60
28,Scott Piercy,88.33,53,60
28,Jimmy Walker,88.33,53,60
32,James Hahn,83.33,50,60
