rank,player,%,Total Right rough,Possible Fwys,Relative to par
1,Fabián Gómez,3.33,2,60,-0.50
2,Danny Lee,5.00,3,60,E
2,Davis Love III,5.00,3,60,-0.67
4,Alex Cejka,6.67,4,60,-0.50
4,James Hahn,6.67,4,60,-0.50
4,J.J. Henry,6.67,4,60,-0.25
4,Russell Knox,6.67,4,60,E
4,Graeme McDowell,6.67,4,60,E
9,David Lingmerth,8.33,5,60,E
10,Matt Every,8.47,5,59,-0.20
11,Emiliano Grillo,10.00,6,60,-0.50
11,Bill Haas,10.00,6,60,-0.17
11,Brooks Koepka,10.00,6,60,-0.17
11,Peter Malnati,10.00,6,60,-0.67
11,Scott Piercy,10.00,6,60,-0.33
11,Jordan Spieth,10.00,6,60,-0.33
17,Smylie Kaufman,10.17,6,59,-0.33
17,Jimmy Walker,10.17,6,59,E
19,Rickie Fowler,11.67,7,60,-0.14
19,Padraig Harrington,11.67,7,60,-0.43
19,Zach Johnson,11.67,7,60,E
19,Troy Merritt,11.67,7,60,-0.14
23,Chris Kirk,13.33,8,60,-0.38
24,Steven Bowditch,13.56,8,59,-0.13
24,J.B. Holmes,13.56,8,59,-0.13
24,Justin Thomas,13.56,8,59,-0.38
27,Kevin Kisner,15.00,9,60,-0.33
27,Brandt Snedeker,15.00,9,60,-0.33
29,Jason Day,16.67,10,60,-0.20
30,Patrick Reed,21.67,13,60,-0.23
31,Bubba Watson,23.33,14,60,E
32,Dustin Johnson,25.00,15,60,-0.33
