rank,player,%,Total Missed,Total Fwys,Relative to par
1,Steven Bowditch,.00,0,59,E
1,Fabián Gómez,.00,0,60,E
1,Padraig Harrington,.00,0,60,E
1,Danny Lee,.00,0,60,E
1,David Lingmerth,.00,0,60,E
1,Patrick Reed,.00,0,60,E
7,Bill Haas,1.67,1,60,E
7,J.J. Henry,1.67,1,60,+1.00
7,Kevin Kisner,1.67,1,60,+1.00
7,Jordan Spieth,1.67,1,60,-1.00
11,Alex Cejka,3.33,2,60,+1.50
11,Jason Day,3.33,2,60,+0.50
11,Rickie Fowler,3.33,2,60,-1.00
11,Emiliano Grillo,3.33,2,60,-0.50
11,Dustin Johnson,3.33,2,60,-0.50
11,Zach Johnson,3.33,2,60,+1.50
11,Peter Malnati,3.33,2,60,E
11,Brandt Snedeker,3.33,2,60,-0.50
19,Justin Thomas,3.39,2,59,+0.50
20,Chris Kirk,5.00,3,60,+1.33
20,Russell Knox,5.00,3,60,+1.00
20,Brooks Koepka,5.00,3,60,+0.33
20,Davis Love III,5.00,3,60,E
20,Graeme McDowell,5.00,3,60,+1.33
20,Troy Merritt,5.00,3,60,+0.67
26,J.B. Holmes,5.08,3,59,+0.33
26,Smylie Kaufman,5.08,3,59,+1.33
26,Jimmy Walker,5.08,3,59,+0.33
29,James Hahn,6.67,4,60,+1.75
29,Bubba Watson,6.67,4,60,-0.50
31,Matt Every,6.78,4,59,+0.50
32,Scott Piercy,8.33,5,60,+0.60
