rank,player,%,Number of Times,Attempts,Avg RTP Score
1,Patrick Reed,21.4,3,14,E
2,Bill Haas,30.0,3,10,-6.67
3,Dustin Johnson,33.3,7,21,E
4,Chris Kirk,35.7,5,14,E
4,Kevin Kisner,35.7,5,14,E
4,Troy Merritt,35.7,5,14,-4.00
7,Graeme McDowell,37.5,3,8,-3.33
8,Zach Johnson,43.8,7,16,E
9,Peter Malnati,44.4,8,18,+1.25
10,Bubba Watson,47.4,9,19,-2.22
11,David Lingmerth,50.0,4,8,+2.50
12,Steven Bowditch,54.5,6,11,E
13,J.B. Holmes,55.6,5,9,+4.00
14,Emiliano Grillo,57.1,4,7,E
15,Jason Day,60.0,12,20,E
15,Padraig Harrington,60.0,6,10,-1.67
15,Brooks Koepka,60.0,9,15,-1.11
18,Russell Knox,61.5,8,13,+3.75
19,James Hahn,63.2,12,19,+1.67
20,Rickie Fowler,64.3,9,14,-1.11
20,Smylie Kaufman,64.3,9,14,+2.22
22,Justin Thomas,64.7,11,17,-1.82
23,Scott Piercy,66.7,10,15,E
24,Alex Cejka,68.8,11,16,+0.91
24,Brandt Snedeker,68.8,11,16,-4.55
26,Jordan Spieth,69.2,9,13,-1.11
27,Matt Every,71.4,10,14,+2.00
28,J.J. Henry,77.8,7,9,-1.43
29,Jimmy Walker,78.6,11,14,-3.64
30,Fabián Gómez,85.7,6,7,-3.33
31,Davis Love III,90.0,9,10,+4.44
32,Danny Lee,91.7,11,12,-0.91
