rank,player,%,Total Left rough,Possible Fwys,Relative to par
1,Bill Haas,5.00,3,60,-0.67
1,David Lingmerth,5.00,3,60,E
1,Patrick Reed,5.00,3,60,E
4,Emiliano Grillo,6.67,4,60,+0.25
5,Zach Johnson,8.33,5,60,-0.20
5,Chris Kirk,8.33,5,60,E
5,Troy Merritt,8.33,5,60,-0.40
8,Padraig Harrington,10.00,6,60,-0.17
8,J.J. Henry,10.00,6,60,-0.33
8,Russell Knox,10.00,6,60,-0.17
8,Graeme McDowell,10.00,6,60,-0.50
12,Steven Bowditch,10.17,6,59,E
12,J.B. Holmes,10.17,6,59,E
14,Fabián Gómez,11.67,7,60,-0.29
14,Dustin Johnson,11.67,7,60,E
14,Kevin Kisner,11.67,7,60,E
17,Brooks Koepka,13.33,8,60,-0.25
17,Davis Love III,13.33,8,60,+0.13
17,Peter Malnati,13.33,8,60,-0.25
17,Jordan Spieth,13.33,8,60,-0.13
21,Smylie Kaufman,13.56,8,59,-0.13
21,Jimmy Walker,13.56,8,59,-0.75
23,Rickie Fowler,15.00,9,60,-0.11
23,James Hahn,15.00,9,60,-0.22
23,Scott Piercy,15.00,9,60,E
23,Bubba Watson,15.00,9,60,-0.22
27,Matt Every,15.25,9,59,+0.22
28,Alex Cejka,16.67,10,60,-0.10
28,Jason Day,16.67,10,60,-0.20
28,Danny Lee,16.67,10,60,-0.10
28,Brandt Snedeker,16.67,10,60,-0.50
32,Justin Thomas,16.95,10,59,-0.30
