rank,player,RTP Score
1,Jimmy Walker,-.750
2,Bill Haas,-.667
3,Graeme McDowell,-.500
3,Brandt Snedeker,-.500
5,Troy Merritt,-.400
6,J.J. Henry,-.333
7,Justin Thomas,-.300
8,Fabián Gómez,-.286
9,Brooks Koepka,-.250
9,Peter Malnati,-.250
11,James Hahn,-.222
11,Bubba Watson,-.222
13,Jason Day,-.200
13,Zach Johnson,-.200
15,Padraig Harrington,-.167
15,Russell Knox,-.167
17,Smylie Kaufman,-.125
17,Jordan Spieth,-.125
19,Rickie Fowler,-.111
20,Alex Cejka,-.100
20,Danny Lee,-.100
22,Steven Bowditch,E
22,J.B. Holmes,E
22,Dustin Johnson,E
22,Chris Kirk,E
22,Kevin Kisner,E
22,David Lingmerth,E
22,Scott Piercy,E
22,Patrick Reed,E
30,Davis Love III,+.125
31,Matt Every,+.222
32,Emiliano Grillo,+.250
