rank,player,%,Fairways Hit,Possible Fairways,Relative to Par
1,Fabián Gómez,83.33,50,60,-0.26
1,David Lingmerth,83.33,50,60,-0.30
3,Bill Haas,81.67,49,60,-0.20
4,Emiliano Grillo,80.00,48,60,-0.23
4,J.J. Henry,80.00,48,60,+0.08
6,Padraig Harrington,78.33,47,60,-0.23
6,Graeme McDowell,78.33,47,60,-0.15
8,Russell Knox,76.67,46,60,-0.22
8,Danny Lee,76.67,46,60,-0.33
10,Steven Bowditch,76.27,45,59,-0.27
11,Davis Love III,75.00,45,60,-0.13
12,Zach Johnson,73.33,44,60,-0.41
12,Chris Kirk,73.33,44,60,-0.23
12,Jordan Spieth,73.33,44,60,-0.57
15,Kevin Kisner,71.67,43,60,-0.30
15,Brooks Koepka,71.67,43,60,-0.40
15,Patrick Reed,71.67,43,60,-0.37
18,J.B. Holmes,71.19,42,59,-0.31
19,Alex Cejka,70.00,42,60,-0.26
19,Rickie Fowler,70.00,42,60,-0.40
19,Troy Merritt,70.00,42,60,-0.29
22,Matt Every,69.49,41,59,-0.17
23,Smylie Kaufman,67.80,40,59,-0.43
23,Jimmy Walker,67.80,40,59,-0.35
25,James Hahn,66.67,40,60,-0.05
25,Scott Piercy,66.67,40,60,-0.33
27,Peter Malnati,65.00,39,60,-0.28
27,Brandt Snedeker,65.00,39,60,-0.26
29,Justin Thomas,64.41,38,59,-0.24
30,Jason Day,60.00,36,60,-0.33
30,Dustin Johnson,60.00,36,60,-0.25
32,Bubba Watson,55.00,33,60,-0.33
