rank,player,Avg,Distance (Feet),Total Putts
1,Jim Furyk,"21' 2""",169.583,8
2,Dean Wilson,"18' 5""",92.000,5
3,Joe Durant,"15' 9""",157.833,10
4,Vijay Singh,"12' 10""",205.917,16
5,Stephen Ames,"12' 7""",189.250,15
6,Eric Axley,"12' 4""",135.917,11
7,Rod Pampling,"11' 10""",106.333,9
8,Geoff Ogilvy,"11' 7""",127.333,11
9,Chris Couch,"10' 1""",120.667,12
9,Troy Matteson,"10' 1""",141.000,14
11,Kirk Triplett,"9' 11""",138.333,14
12,Carl Pettersson,"9' 10""",68.583,7
13,Rory Sabbatini,"9' 5""",131.583,14
14,D.J. Trahan,"9' 2""",54.833,6
15,Trevor Immelman,"9' 1""",127.250,14
16,Jeff Maggert,"8' 10""",79.667,9
17,Luke Donald,"8' 9""",131.667,15
18,Stuart Appleby,"8' 7""",94.667,11
19,Chad Campbell,"8' 4""",41.750,5
20,Tim Herron,"8' 1""",72.417,9
20,John Senden,"8' 1""",64.917,8
22,Davis Love III,"7' 8""",107.167,14
22,Brett Wetterich,"7' 8""",61.083,8
24,Corey Pavin,"7' 6""",75.250,10
25,Adam Scott,"7' 4""",109.500,15
26,David Toms,"6' 11""",110.667,16
27,J.B. Holmes,"6' 9""",115.333,17
28,K.J. Choi,"6' 3""",87.917,14
29,John Rollins,"5' 10""",34.833,6
30,J.J. Henry,"5' 9""",74.250,13
31,Will MacKenzie,"5' 8""",79.250,14
32,Ben Curtis,"5' 1""",20.333,4
33,Aaron Baddeley,"5' 0""",59.667,12
