rank,player,Value,Attempts,Total Distance (Feet)
1,Jim Furyk,"2' 1""",60,124.500
2,Stuart Appleby,"2' 2""",44,94.083
3,Rory Sabbatini,"2' 3""",43,97.917
3,Brett Wetterich,"2' 3""",56,124.583
5,Tim Herron,"2' 4""",53,123.667
5,D.J. Trahan,"2' 4""",55,127.000
7,Joe Durant,"2' 5""",52,125.917
7,J.B. Holmes,"2' 5""",53,129.583
7,Troy Matteson,"2' 5""",48,115.500
10,K.J. Choi,"2' 6""",50,124.750
10,Ben Curtis,"2' 6""",54,137.000
10,Luke Donald,"2' 6""",48,120.583
10,Geoff Ogilvy,"2' 6""",52,131.500
10,Kirk Triplett,"2' 6""",53,133.417
15,Aaron Baddeley,"2' 7""",48,122.833
15,Will MacKenzie,"2' 7""",48,125.083
15,David Toms,"2' 7""",50,129.083
18,Chad Campbell,"2' 8""",55,146.250
18,Vijay Singh,"2' 8""",41,108.000
18,Dean Wilson,"2' 8""",59,155.417
21,Stephen Ames,"2' 9""",49,135.750
21,Corey Pavin,"2' 9""",50,136.583
21,John Rollins,"2' 9""",49,136.000
24,Trevor Immelman,"2' 10""",50,140.500
24,Davis Love III,"2' 10""",51,144.417
24,John Senden,"2' 10""",52,146.333
27,Eric Axley,"2' 11""",51,150.000
27,Carl Pettersson,"2' 11""",53,156.583
29,J.J. Henry,"3' 1""",52,162.250
29,Adam Scott,"3' 1""",48,147.083
31,Chris Couch,"3' 4""",50,166.333
31,Rod Pampling,"3' 4""",54,178.667
33,Jeff Maggert,"3' 10""",52,199.250
