rank,player,Avg,Distance (Feet),Total Putts
1,Jim Furyk,"15' 11""",191.083,12
2,Joe Durant,"11' 9""",235.583,20
3,Stephen Ames,"9' 10""",226.333,23
3,Dean Wilson,"9' 10""",128.000,13
5,Rod Pampling,"9' 4""",168.250,18
6,Kirk Triplett,"8' 9""",167.000,19
7,Vijay Singh,"8' 6""",262.750,31
8,Eric Axley,"8' 5""",168.750,20
9,Luke Donald,"7' 11""",181.250,23
9,Geoff Ogilvy,"7' 11""",157.917,20
11,Chris Couch,"7' 8""",161.000,21
12,Troy Matteson,"7' 7""",181.500,24
13,Trevor Immelman,"7' 5""",155.583,21
13,Rory Sabbatini,"7' 5""",213.917,29
15,J.B. Holmes,"6' 11""",130.917,19
16,Davis Love III,"6' 10""",142.833,21
17,Adam Scott,"6' 9""",162.250,24
18,Ben Curtis,"6' 6""",111.083,17
18,John Senden,"6' 6""",129.833,20
20,David Toms,"6' 4""",132.917,21
21,Carl Pettersson,"6' 2""",111.500,18
21,D.J. Trahan,"6' 2""",98.167,16
23,Brett Wetterich,"6' 1""",90.917,15
24,Chad Campbell,"5' 9""",91.417,16
25,K.J. Choi,"5' 8""",125.167,22
26,Jeff Maggert,"5' 7""",112.167,20
27,J.J. Henry,"5' 5""",108.417,20
28,Stuart Appleby,"5' 3""",148.083,28
28,Corey Pavin,"5' 3""",114.833,22
30,Tim Herron,"5' 1""",97.000,19
31,John Rollins,"4' 10""",106.500,22
32,Will MacKenzie,"4' 8""",107.667,23
33,Aaron Baddeley,"4' 7""",109.167,24
