rank,player,Distance in Inches
1,Joe Durant,58
2,Vijay Singh,57
3,Stephen Ames,56
4,Rory Sabbatini,52
5,Jim Furyk,51
5,Rod Pampling,51
7,Adam Scott,47
8,Eric Axley,46
8,Chris Couch,46
8,Luke Donald,46
8,Kirk Triplett,46
12,Troy Matteson,45
12,Dean Wilson,45
14,Trevor Immelman,44
14,Davis Love III,44
14,Geoff Ogilvy,44
17,Jeff Maggert,43
18,John Senden,42
19,David Toms,41
20,Stuart Appleby,40
20,J.J. Henry,40
22,K.J. Choi,39
23,Ben Curtis,38
23,J.B. Holmes,38
23,Carl Pettersson,38
26,Corey Pavin,37
27,Aaron Baddeley,35
27,Will MacKenzie,35
27,John Rollins,35
27,D.J. Trahan,35
31,Chad Campbell,33
31,Tim Herron,33
33,Brett Wetterich,32
