rank,player,Avg,Distance (Feet),Total Putts
1,Vijay Singh,"59' 9""",179.167,3
2,J.B. Holmes,"53' 1""",318.250,6
3,Kirk Triplett,"52' 3""",261.167,5
4,Rod Pampling,"50' 6""",302.917,6
5,Eric Axley,"50' 1""",501.000,10
6,Carl Pettersson,"49' 9""",348.500,7
7,John Rollins,"49' 8""",248.333,5
8,Adam Scott,"47' 2""",235.750,5
9,Chris Couch,"46' 1""",368.750,8
10,Jeff Maggert,"45' 10""",366.583,8
11,Jim Furyk,"44' 8""",223.417,5
11,John Senden,"44' 8""",223.500,5
13,Brett Wetterich,"44' 5""",177.667,4
14,Corey Pavin,"43' 11""",263.583,6
15,David Toms,"43' 10""",175.417,4
16,Dean Wilson,"43' 5""",216.917,5
17,Stephen Ames,"42' 8""",170.750,4
18,J.J. Henry,"42' 2""",252.750,6
19,Chad Campbell,"42' 0""",336.000,8
20,Stuart Appleby,"41' 4""",41.333,1
21,Will MacKenzie,"41' 0""",205.167,5
22,Joe Durant,"39' 10""",199.250,5
23,Davis Love III,"39' 5""",197.250,5
24,Geoff Ogilvy,"38' 0""",227.750,6
24,D.J. Trahan,"38' 0""",190.083,5
26,Aaron Baddeley,"37' 9""",75.500,2
27,Troy Matteson,"37' 8""",188.250,5
28,Trevor Immelman,"36' 10""",220.833,6
29,Tim Herron,"35' 5""",141.667,4
30,Luke Donald,"33' 10""",135.417,4
31,K.J. Choi,"30' 11""",123.750,4
32,Ben Curtis,"30' 6""",152.417,5
