rank,player,Avg,Distance (feet),Total Putts
1,Vijay Singh,"59' 9""",2.150,3
2,J.B. Holmes,"58' 7""",3.513,5
3,John Senden,"54' 11""",2.635,4
4,Eric Axley,"54' 9""",5.913,9
5,Kirk Triplett,"52' 3""",3.134,5
6,Rod Pampling,"51' 7""",3.093,5
7,Jeff Maggert,"51' 5""",4.319,7
8,Dean Wilson,"50' 8""",2.433,4
9,Carl Pettersson,"49' 9""",4.182,7
10,John Rollins,"49' 8""",2.980,5
11,Adam Scott,"47' 2""",2.829,5
12,Chris Couch,"46' 1""",4.425,8
13,Jim Furyk,"44' 8""",2.681,5
14,Brett Wetterich,"44' 5""",2.132,4
15,David Toms,"43' 10""",2.105,4
16,Stephen Ames,"42' 8""",2.049,4
17,J.J. Henry,"42' 2""",3.033,6
17,Corey Pavin,"42' 2""",2.531,5
19,Chad Campbell,"41' 7""",3.492,7
20,Stuart Appleby,"41' 4""",.496,1
21,Will MacKenzie,"41' 0""",2.462,5
22,Joe Durant,"39' 10""",2.391,5
23,Davis Love III,"39' 5""",2.367,5
24,Geoff Ogilvy,"38' 0""",2.733,6
25,D.J. Trahan,"37' 10""",1.362,3
26,Aaron Baddeley,"37' 9""",.906,2
27,Troy Matteson,"37' 8""",2.259,5
28,Trevor Immelman,"36' 10""",2.650,6
29,Tim Herron,"35' 5""",1.700,4
30,Ben Curtis,"33' 11""",1.628,4
31,Luke Donald,"33' 10""",1.625,4
32,K.J. Choi,"30' 11""",1.485,4
