rank,player,%,# of 1 putts,# of holes
1,Matt Fitzpatrick,55.56%,10,18
1,Tom Hoge,55.56%,10,18
3,Patrick Cantlay,50.00%,9,18
3,Collin Morikawa,50.00%,9,18
3,J.J. Spaun,50.00%,9,18
6,Tony Finau,44.44%,8,18
6,Russell Henley,44.44%,8,18
6,Viktor Hovland,44.44%,8,18
6,Jon Rahm,44.44%,8,18
10,Ryan Brehm,38.89%,7,18
10,Corey Conners,38.89%,7,18
10,Mackenzie Hughes,38.89%,7,18
10,J.T. Poston,38.89%,7,18
10,Seamus Power,38.89%,7,18
10,Jordan Spieth,38.89%,7,18
10,Scott Stallings,38.89%,7,18
10,Sahith Theegala,38.89%,7,18
10,Aaron Wise,38.89%,7,18
10,Cameron Young,38.89%,7,18
10,Will Zalatoris,38.89%,7,18
21,Brian Harman,33.33%,6,18
21,K.H. Lee,33.33%,6,18
21,Hideki Matsuyama,33.33%,6,18
21,Chad Ramey,33.33%,6,18
21,Chez Reavie,33.33%,6,18
21,Adam Scott,33.33%,6,18
27,Tom Kim,27.78%,5,18
27,Scottie Scheffler,27.78%,5,18
27,Sepp Straka,27.78%,5,18
27,Justin Thomas,27.78%,5,18
31,Keegan Bradley,22.22%,4,18
31,Max Homa,22.22%,4,18
31,Sungjae Im,22.22%,4,18
31,Luke List,22.22%,4,18
31,Trey Mullinax,22.22%,4,18
36,Sam Burns,16.67%,3,18
37,Billy Horschel,11.11%,2,18
37,Adam Svensson,11.11%,2,18
