rank,player,Distance,Year/Tourn#,Round,Hole
1,Sungjae Im,"63' 9""",Sentry,3,5
2,Sepp Straka,"61' 3""",Sentry,4,2
3,Patrick Cantlay,"58' 11""",Sentry,4,17
4,Scott Stallings,"53' 9""",Sentry,2,13
5,Max Homa,"44' 9""",Sentry,3,13
6,Scottie Scheffler,"40' 3""",Sentry,3,5
7,Matt Fitzpatrick,"39' 7""",Sentry,4,3
8,Tony Finau,"39' 1""",Sentry,2,17
9,Sam Burns,"35' 1""",Sentry,3,8
10,Seamus Power,"32' 1""",Sentry,2,7
11,Jon Rahm,"30' 6""",Sentry,1,4
12,Collin Morikawa,"30' 4""",Sentry,2,10
13,Chez Reavie,"29' 10""",Sentry,2,8
14,Tom Kim,"28' 1""",Sentry,1,10
15,Billy Horschel,"27' 9""",Sentry,1,11
16,Viktor Hovland,"27' 8""",Sentry,1,17
17,Russell Henley,"27' 3""",Sentry,1,13
18,J.T. Poston,"26' 11""",Sentry,2,14
19,Trey Mullinax,"26' 1""",Sentry,1,13
20,Jordan Spieth,"25' 2""",Sentry,2,1
20,Will Zalatoris,"25' 2""",Sentry,4,3
22,Chad Ramey,"24' 10""",Sentry,2,2
23,Ryan Brehm,"24' 2""",Sentry,1,15
24,Sahith Theegala,"23' 8""",Sentry,1,10
24,Cameron Young,"23' 8""",Sentry,4,6
26,Adam Scott,"23' 5""",Sentry,2,2
27,Luke List,"23' 2""",Sentry,1,5
28,K.H. Lee,"21' 7""",Sentry,1,5
29,Aaron Wise,"20' 5""",Sentry,2,11
30,Corey Conners,"20' 3""",Sentry,4,4
31,Justin Thomas,"20' 0""",Sentry,3,7
32,Xander Schauffele,"19' 10""",Sentry,1,7
33,Keegan Bradley,"19' 0""",Sentry,2,4
34,Hideki Matsuyama,"18' 11""",Sentry,1,12
35,Tom Hoge,"18' 9""",Sentry,3,13
36,Brian Harman,"16' 11""",Sentry,2,11
37,J.J. Spaun,"16' 4""",Sentry,1,8
38,Mackenzie Hughes,"14' 1""",Sentry,4,12
39,Adam Svensson,"12' 8""",Sentry,4,11
