rank,player,%,# of 1 putts,# of holes
1,Max Homa,55.56%,10,18
1,Sungjae Im,55.56%,10,18
3,Sam Burns,50.00%,9,18
3,Billy Horschel,50.00%,9,18
3,Hideki Matsuyama,50.00%,9,18
3,Scottie Scheffler,50.00%,9,18
7,Tony Finau,44.44%,8,18
7,Brian Harman,44.44%,8,18
7,Collin Morikawa,44.44%,8,18
7,Jon Rahm,44.44%,8,18
7,Jordan Spieth,44.44%,8,18
7,Justin Thomas,44.44%,8,18
13,Tom Kim,38.89%,7,18
13,J.T. Poston,38.89%,7,18
13,Aaron Wise,38.89%,7,18
13,Cameron Young,38.89%,7,18
17,Matt Fitzpatrick,33.33%,6,18
17,Mackenzie Hughes,33.33%,6,18
17,Luke List,33.33%,6,18
17,Seamus Power,33.33%,6,18
17,J.J. Spaun,33.33%,6,18
17,Scott Stallings,33.33%,6,18
17,Sepp Straka,33.33%,6,18
24,Patrick Cantlay,27.78%,5,18
24,Tom Hoge,27.78%,5,18
24,K.H. Lee,27.78%,5,18
24,Chad Ramey,27.78%,5,18
24,Adam Scott,27.78%,5,18
29,Ryan Brehm,22.22%,4,18
29,Corey Conners,22.22%,4,18
29,Trey Mullinax,22.22%,4,18
29,Sahith Theegala,22.22%,4,18
29,Will Zalatoris,22.22%,4,18
34,Keegan Bradley,16.67%,3,18
34,Russell Henley,16.67%,3,18
34,Viktor Hovland,16.67%,3,18
34,Chez Reavie,16.67%,3,18
34,Adam Svensson,16.67%,3,18
