rank,player,%,# of 1 putts,# of holes
1,Tom Hoge,61.11%,11,18
1,Trey Mullinax,61.11%,11,18
3,J.T. Poston,55.56%,10,18
3,Jon Rahm,55.56%,10,18
3,Chad Ramey,55.56%,10,18
6,Luke List,50.00%,9,18
6,Cameron Young,50.00%,9,18
8,Patrick Cantlay,44.44%,8,18
8,Corey Conners,44.44%,8,18
8,Brian Harman,44.44%,8,18
8,Viktor Hovland,44.44%,8,18
8,Tom Kim,44.44%,8,18
8,Scott Stallings,44.44%,8,18
14,Matt Fitzpatrick,38.89%,7,18
14,Russell Henley,38.89%,7,18
14,Sungjae Im,38.89%,7,18
14,Hideki Matsuyama,38.89%,7,18
14,Scottie Scheffler,38.89%,7,18
14,Adam Scott,38.89%,7,18
14,Sepp Straka,38.89%,7,18
14,Aaron Wise,38.89%,7,18
14,Will Zalatoris,38.89%,7,18
23,Keegan Bradley,33.33%,6,18
23,Sam Burns,33.33%,6,18
23,Tony Finau,33.33%,6,18
23,Max Homa,33.33%,6,18
23,Mackenzie Hughes,33.33%,6,18
23,K.H. Lee,33.33%,6,18
23,Seamus Power,33.33%,6,18
23,Jordan Spieth,33.33%,6,18
23,Adam Svensson,33.33%,6,18
23,Sahith Theegala,33.33%,6,18
33,Billy Horschel,27.78%,5,18
33,Collin Morikawa,27.78%,5,18
33,Chez Reavie,27.78%,5,18
33,Justin Thomas,27.78%,5,18
37,Ryan Brehm,22.22%,4,18
38,J.J. Spaun,16.67%,3,18
