rank,player,Total,Total (for all distances),Pct of all 1-putts
1,Chez Reavie,4,18,22.2
2,Sam Burns,3,23,13.0
2,Matt Fitzpatrick,3,30,10.0
2,Tom Hoge,3,30,10.0
2,Viktor Hovland,3,28,10.7
2,Collin Morikawa,3,29,10.3
2,Jon Rahm,3,31,9.7
2,Will Zalatoris,3,26,11.5
9,Keegan Bradley,2,20,10.0
9,Russell Henley,2,22,9.1
9,Max Homa,2,27,7.4
9,Hideki Matsuyama,2,30,6.7
9,Justin Thomas,2,26,7.7
9,Aaron Wise,2,26,7.7
15,Ryan Brehm,1,19,5.3
15,Corey Conners,1,24,4.2
15,Tony Finau,1,27,3.7
15,Brian Harman,1,28,3.6
15,Sungjae Im,1,24,4.2
15,K.H. Lee,1,23,4.3
15,Luke List,1,30,3.3
15,Trey Mullinax,1,29,3.4
15,Seamus Power,1,24,4.2
15,Chad Ramey,1,27,3.7
15,Adam Scott,1,23,4.3
15,J.J. Spaun,1,25,4.0
15,Scott Stallings,1,26,3.8
15,Sepp Straka,1,24,4.2
15,Sahith Theegala,1,23,4.3
