rank,player,Total,Total (for all distances),Pct of all 1-putts
1,Trey Mullinax,16,29,55.2
1,Chad Ramey,16,27,59.3
3,Luke List,15,30,50.0
3,Adam Scott,15,23,65.2
3,Sahith Theegala,15,23,65.2
6,Brian Harman,14,28,50.0
6,Hideki Matsuyama,14,30,46.7
8,Patrick Cantlay,13,27,48.1
8,Tom Hoge,13,30,43.3
8,Viktor Hovland,13,28,46.4
8,Mackenzie Hughes,13,24,54.2
8,Jon Rahm,13,31,41.9
13,Corey Conners,12,24,50.0
13,Matt Fitzpatrick,12,30,40.0
13,J.T. Poston,12,27,44.4
13,Scottie Scheffler,12,27,44.4
17,Tony Finau,11,27,40.7
17,Max Homa,11,27,40.7
17,J.J. Spaun,11,25,44.0
17,Jordan Spieth,11,30,36.7
17,Scott Stallings,11,26,42.3
17,Cameron Young,11,30,36.7
23,Collin Morikawa,10,29,34.5
23,Sepp Straka,10,24,41.7
25,Russell Henley,9,22,40.9
25,Tom Kim,9,24,37.5
25,Justin Thomas,9,26,34.6
25,Aaron Wise,9,26,34.6
25,Will Zalatoris,9,26,34.6
30,Keegan Bradley,8,20,40.0
30,Billy Horschel,8,25,32.0
30,Sungjae Im,8,24,33.3
30,Seamus Power,8,24,33.3
30,Chez Reavie,8,18,44.4
30,Adam Svensson,8,16,50.0
36,K.H. Lee,7,23,30.4
37,Sam Burns,6,23,26.1
38,Ryan Brehm,4,19,21.1
