rank,player,Total,Total (for all distances),Pct of all 1-putts
1,Ryan Brehm,3,19,15.8
1,Luke List,3,30,10.0
1,Cameron Young,3,30,10.0
4,Collin Morikawa,2,29,6.9
4,Jon Rahm,2,31,6.5
4,Chad Ramey,2,27,7.4
7,Sam Burns,1,23,4.3
7,Patrick Cantlay,1,27,3.7
7,Corey Conners,1,24,4.2
7,Tony Finau,1,27,3.7
7,Matt Fitzpatrick,1,30,3.3
7,Billy Horschel,1,25,4.0
7,K.H. Lee,1,23,4.3
7,Scottie Scheffler,1,27,3.7
7,Adam Scott,1,23,4.3
7,Scott Stallings,1,26,3.8
7,Sahith Theegala,1,23,4.3
7,Aaron Wise,1,26,3.8
