rank,player,Avg,Total 1 Putts,Total Rounds
1,Jon Rahm,7.75,31,4
2,Matt Fitzpatrick,7.50,30,4
2,Tom Hoge,7.50,30,4
2,Luke List,7.50,30,4
2,Hideki Matsuyama,7.50,30,4
2,Jordan Spieth,7.50,30,4
2,Cameron Young,7.50,30,4
8,Collin Morikawa,7.25,29,4
8,Trey Mullinax,7.25,29,4
10,Brian Harman,7.00,28,4
10,Viktor Hovland,7.00,28,4
12,Patrick Cantlay,6.75,27,4
12,Tony Finau,6.75,27,4
12,Max Homa,6.75,27,4
12,J.T. Poston,6.75,27,4
12,Chad Ramey,6.75,27,4
12,Scottie Scheffler,6.75,27,4
18,Scott Stallings,6.50,26,4
18,Justin Thomas,6.50,26,4
18,Aaron Wise,6.50,26,4
18,Will Zalatoris,6.50,26,4
22,Billy Horschel,6.25,25,4
22,J.J. Spaun,6.25,25,4
24,Corey Conners,6.00,24,4
24,Mackenzie Hughes,6.00,24,4
24,Sungjae Im,6.00,24,4
24,Tom Kim,6.00,24,4
24,Seamus Power,6.00,24,4
24,Sepp Straka,6.00,24,4
30,Sam Burns,5.75,23,4
30,K.H. Lee,5.75,23,4
30,Adam Scott,5.75,23,4
30,Sahith Theegala,5.75,23,4
34,Russell Henley,5.50,22,4
35,Keegan Bradley,5.00,20,4
36,Ryan Brehm,4.75,19,4
37,Chez Reavie,4.50,18,4
38,Adam Svensson,4.00,16,4
