rank,player,Total,Total (for all distances),Pct of all 1-putts
1,Billy Horschel,13,25,52.0
2,Jordan Spieth,12,30,40.0
3,Tom Hoge,11,30,36.7
3,Seamus Power,11,24,45.8
5,Brian Harman,10,28,35.7
5,Luke List,10,30,33.3
5,Trey Mullinax,10,29,34.5
5,J.J. Spaun,10,25,40.0
9,Sam Burns,9,23,39.1
9,Matt Fitzpatrick,9,30,30.0
9,Russell Henley,9,22,40.9
9,Tom Kim,9,24,37.5
9,K.H. Lee,9,23,39.1
9,Justin Thomas,9,26,34.6
9,Cameron Young,9,30,30.0
16,Max Homa,8,27,29.6
16,Mackenzie Hughes,8,24,33.3
16,Sungjae Im,8,24,33.3
16,Hideki Matsuyama,8,30,26.7
16,Scottie Scheffler,8,27,29.6
16,Aaron Wise,8,26,30.8
16,Will Zalatoris,8,26,30.8
23,Ryan Brehm,7,19,36.8
23,Patrick Cantlay,7,27,25.9
23,Tony Finau,7,27,25.9
23,J.T. Poston,7,27,25.9
23,Jon Rahm,7,31,22.6
23,Scott Stallings,7,26,26.9
23,Sepp Straka,7,24,29.2
30,Keegan Bradley,6,20,30.0
30,Viktor Hovland,6,28,21.4
30,Collin Morikawa,6,29,20.7
33,Chad Ramey,5,27,18.5
33,Adam Scott,5,23,21.7
33,Sahith Theegala,5,23,21.7
36,Corey Conners,4,24,16.7
36,Adam Svensson,4,16,25.0
38,Chez Reavie,3,18,16.7
