rank,player,Total,Total (for all distances),Pct of all 1-putts
1,Patrick Cantlay,2,27,7.4
1,Matt Fitzpatrick,2,30,6.7
1,Max Homa,2,27,7.4
1,Tom Kim,2,24,8.3
1,J.T. Poston,2,27,7.4
1,Seamus Power,2,24,8.3
1,Scottie Scheffler,2,27,7.4
8,Sam Burns,1,23,4.3
8,Tony Finau,1,27,3.7
8,Russell Henley,1,22,4.5
8,Billy Horschel,1,25,4.0
8,Viktor Hovland,1,28,3.6
8,Sungjae Im,1,24,4.2
8,Collin Morikawa,1,29,3.4
8,Jon Rahm,1,31,3.2
8,Chez Reavie,1,18,5.6
8,Jordan Spieth,1,30,3.3
8,Scott Stallings,1,26,3.8
8,Sepp Straka,1,24,4.2
8,Will Zalatoris,1,26,3.8
