rank,player,%,# of 1 putts,# of holes
1,Luke List,61.11%,11,18
2,Trey Mullinax,55.56%,10,18
3,Billy Horschel,50.00%,9,18
3,Viktor Hovland,50.00%,9,18
3,Jordan Spieth,50.00%,9,18
6,Hideki Matsuyama,44.44%,8,18
6,Justin Thomas,44.44%,8,18
6,Will Zalatoris,44.44%,8,18
9,Keegan Bradley,38.89%,7,18
9,Matt Fitzpatrick,38.89%,7,18
9,Max Homa,38.89%,7,18
9,Collin Morikawa,38.89%,7,18
9,J.J. Spaun,38.89%,7,18
9,Cameron Young,38.89%,7,18
15,Brian Harman,33.33%,6,18
15,K.H. Lee,33.33%,6,18
15,Chad Ramey,33.33%,6,18
15,Scottie Scheffler,33.33%,6,18
15,Sepp Straka,33.33%,6,18
15,Sahith Theegala,33.33%,6,18
21,Sam Burns,27.78%,5,18
21,Patrick Cantlay,27.78%,5,18
21,Corey Conners,27.78%,5,18
21,Tony Finau,27.78%,5,18
21,Mackenzie Hughes,27.78%,5,18
21,Seamus Power,27.78%,5,18
21,Jon Rahm,27.78%,5,18
21,Adam Scott,27.78%,5,18
21,Scott Stallings,27.78%,5,18
21,Adam Svensson,27.78%,5,18
21,Aaron Wise,27.78%,5,18
32,Ryan Brehm,22.22%,4,18
32,Russell Henley,22.22%,4,18
32,Tom Hoge,22.22%,4,18
32,Tom Kim,22.22%,4,18
32,Chez Reavie,22.22%,4,18
37,Sungjae Im,16.67%,3,18
37,J.T. Poston,16.67%,3,18
