rank,player,%,Attempts,Non-Attempts,RTP-Going for the green,RTP-Not going for the grn
1,Ángel Cabrera,89.47,17,2,-6,E
2,Vijay Singh,78.95,15,4,-7,E
3,Aaron Baddeley,73.68,14,5,-6,+1
3,Nick Watney,73.68,14,5,-8,-1
3,Boo Weekley,73.68,14,5,-11,-1
3,Mike Weir,73.68,14,5,-12,-3
7,Stephen Ames,63.16,12,7,-7,-4
7,Woody Austin,63.16,12,7,-7,E
7,Mark Calcavecchia,63.16,12,7,-7,-1
7,Chad Campbell,63.16,12,7,-5,-3
7,Daniel Chopra,63.16,12,7,-6,-2
12,Brian Bateman,57.89,11,8,-10,-1
12,Jonathan Byrd,57.89,11,8,-5,-1
12,Charley Hoffman,57.89,11,8,-8,E
12,Hunter Mahan,57.89,11,8,-9,-2
12,Joe Ogilvie,57.89,11,8,-5,+2
12,Steve Stricker,57.89,11,8,-7,-2
18,Steve Flesch,52.63,10,9,-3,-1
18,George McNeill,52.63,10,9,-1,E
18,Rory Sabbatini,52.63,10,9,-6,+2
21,K.J. Choi,47.37,9,10,E,-3
22,Brandt Snedeker,42.11,8,11,-6,-1
23,Jim Furyk,36.84,7,12,-6,-2
23,Charles Howell III,36.84,7,12,-7,-4
25,Zach Johnson,31.58,6,13,-1,-1
25,Henrik Stenson,31.58,6,13,-1,-2
25,Scott Verplank,31.58,6,13,-1,-4
25,Mark Wilson,31.58,6,13,-4,E
29,Paul Goydos,10.53,2,17,-1,-3
29,Justin Leonard,10.53,2,17,E,-8
31,Fred Funk,5.26,1,18,-1,-2
