rank,player,%,Attempts,Non-Attempts
1,Ángel Cabrera,93.75,15,1
2,Aaron Baddeley,81.25,13,3
2,Nick Watney,81.25,13,3
2,Boo Weekley,81.25,13,3
2,Mike Weir,81.25,13,3
6,Stephen Ames,75.00,12,4
6,Mark Calcavecchia,75.00,12,4
6,Chad Campbell,75.00,12,4
6,Vijay Singh,75.00,12,4
10,Woody Austin,68.75,11,5
10,Brian Bateman,68.75,11,5
10,Hunter Mahan,68.75,11,5
10,Steve Stricker,68.75,11,5
14,Jonathan Byrd,62.50,10,6
14,Daniel Chopra,62.50,10,6
14,Charley Hoffman,62.50,10,6
14,George McNeill,62.50,10,6
14,Joe Ogilvie,62.50,10,6
14,Rory Sabbatini,62.50,10,6
20,Steve Flesch,56.25,9,7
21,K.J. Choi,50.00,8,8
21,Brandt Snedeker,50.00,8,8
23,Jim Furyk,43.75,7,9
24,Charles Howell III,37.50,6,10
24,Zach Johnson,37.50,6,10
24,Henrik Stenson,37.50,6,10
24,Scott Verplank,37.50,6,10
24,Mark Wilson,37.50,6,10
29,Paul Goydos,12.50,2,14
29,Justin Leonard,12.50,2,14
31,Fred Funk,6.25,1,15
