rank,player,%,Successes,Attempts,RTP-Successes,RTP-Not going for the grn
1,Vijay Singh,53.33,8,15,-5,E
2,Mark Wilson,50.00,3,6,-2,E
3,Steve Stricker,45.45,5,11,-5,-2.00
4,Jim Furyk,42.86,3,7,-2,-2.00
5,Brian Bateman,38.46,5,13,-4,-1.00
6,Brandt Snedeker,37.50,3,8,-2,-1.00
7,Hunter Mahan,36.36,4,11,-5,-2.00
8,Boo Weekley,31.25,5,16,-7,-1.00
9,Rory Sabbatini,30.00,3,10,-3,+2.00
10,Nick Watney,28.57,4,14,-4,-1.00
11,Charley Hoffman,27.27,3,11,-3,E
11,Joe Ogilvie,27.27,3,11,-3,+2.00
13,Mark Calcavecchia,25.00,3,12,-3,-1.00
13,Charles Howell III,25.00,2,8,-2,-4.00
13,Mike Weir,25.00,4,16,-5,-3.00
16,Ángel Cabrera,22.22,4,18,-3,E
17,Steve Flesch,20.00,2,10,-2,-1.00
18,Jonathan Byrd,18.18,2,11,-2,-1.00
18,George McNeill,18.18,2,11,-1,E
20,Stephen Ames,16.67,2,12,-2,-4.00
20,Woody Austin,16.67,2,12,-2,E
20,Daniel Chopra,16.67,2,12,-2,-2.00
20,Henrik Stenson,16.67,1,6,E,-2.00
24,Aaron Baddeley,14.29,2,14,-1,+1.00
25,K.J. Choi,11.11,1,9,E,-3.00
26,Chad Campbell,8.33,1,12,-1,-3.00
27,Fred Funk,.00,0,1,E,-2.00
27,Paul Goydos,.00,0,2,E,-3.00
27,Zach Johnson,.00,0,6,E,-1.00
27,Justin Leonard,.00,0,2,E,-8.00
27,Scott Verplank,.00,0,6,E,-4.00
