rank,player,Avg,Distance (in inches),Attempts
1,Henrik Stenson,226.9,"49,002.000",6
2,Scott Verplank,234.7,"50,701.000",6
3,Paul Goydos,239.9,"17,270.000",2
4,Justin Leonard,243.0,"17,494.000",2
5,Steve Stricker,245.2,"97,117.000",11
6,Jim Furyk,245.5,"61,870.000",7
7,Mark Wilson,247.4,"53,429.000",6
8,Hunter Mahan,247.9,"98,185.000",11
9,Rory Sabbatini,249.4,"89,786.000",10
10,Brandt Snedeker,250.1,"72,040.000",8
11,Charley Hoffman,251.3,"99,519.000",11
12,Fred Funk,252.9,"9,104.000",1
13,Chad Campbell,253.8,"109,653.000",12
14,Woody Austin,255.1,"110,204.000",12
14,Steve Flesch,255.1,"91,818.000",10
16,Stephen Ames,255.2,"110,261.000",12
17,Aaron Baddeley,255.4,"128,718.000",14
18,Joe Ogilvie,256.2,"101,466.000",11
19,K.J. Choi,258.1,"83,632.000",9
20,George McNeill,258.2,"102,255.000",11
21,Nick Watney,258.9,"130,475.000",14
22,Ángel Cabrera,259.5,"168,167.000",18
23,Vijay Singh,260.2,"140,493.000",15
24,Mike Weir,262.9,"151,423.000",16
25,Zach Johnson,264.4,"57,119.000",6
25,Boo Weekley,264.4,"152,294.000",16
27,Mark Calcavecchia,265.0,"114,487.000",12
28,Jonathan Byrd,266.4,"105,503.000",11
29,Brian Bateman,271.8,"127,216.000",13
30,Daniel Chopra,273.4,"118,088.000",12
31,Charles Howell III,283.8,"81,745.000",8
