rank,player,Avg,Total Dist after GFG Shot,Total GFG Shots
1,Hunter Mahan,19.6,"7,750.000",11
2,Vijay Singh,22.4,"12,082.000",15
3,Justin Leonard,23.0,"1,653.000",2
4,Henrik Stenson,23.7,"5,125.000",6
5,Mark Wilson,24.6,"5,312.000",6
6,Brian Bateman,24.7,"11,539.000",13
7,Charley Hoffman,24.8,"9,809.000",11
8,Boo Weekley,26.0,"14,995.000",16
9,Jonathan Byrd,27.3,"10,814.000",11
9,Brandt Snedeker,27.3,"7,868.000",8
11,Charles Howell III,27.4,"7,891.000",8
12,Nick Watney,27.7,"13,949.000",14
13,Rory Sabbatini,27.8,"9,993.000",10
14,Joe Ogilvie,27.9,"11,041.000",11
15,Woody Austin,28.1,"12,131.000",12
16,Mike Weir,28.2,"16,231.000",16
17,Daniel Chopra,29.5,"12,750.000",12
18,Stephen Ames,30.3,"13,089.000",12
19,Mark Calcavecchia,31.6,"13,658.000",12
20,Steve Stricker,31.9,"12,648.000",11
21,Jim Furyk,32.2,"8,126.000",7
22,Chad Campbell,32.7,"14,138.000",12
23,Aaron Baddeley,33.5,"16,866.000",14
24,Fred Funk,39.4,"1,420.000",1
25,George McNeill,43.0,"17,046.000",11
26,Paul Goydos,45.0,"3,239.000",2
27,Steve Flesch,45.3,"16,312.000",10
28,Ángel Cabrera,47.1,"30,526.000",18
29,Zach Johnson,50.3,"10,874.000",6
30,K.J. Choi,50.6,"16,404.000",9
31,Scott Verplank,51.2,"11,065.000",6
