rank,player,%,# Saves,# Bunkers,Total O/U Par
1,Brent Geiberger,100.00,1,1,E
1,Ryan Palmer,100.00,2,2,-1.00
1,Heath Slocum,100.00,5,5,E
1,Mike Weir,100.00,1,1,-1.00
5,Woody Austin,75.00,3,4,+1.00
6,Stephen Ames,66.67,2,3,+1.00
7,Carlos Franco,50.00,1,2,+1.00
7,Retief Goosen,50.00,2,4,E
7,Zach Johnson,50.00,1,2,+1.00
10,Adam Scott,40.00,2,5,+3.00
11,Chad Campbell,33.33,1,3,+1.00
11,Ernie Els,33.33,1,3,E
11,Steve Flesch,33.33,1,3,+2.00
11,Sergio Garcia,33.33,1,3,E
11,Rod Pampling,33.33,1,3,+1.00
11,Joey Sindelar,33.33,1,3,+1.00
17,Bart Bryant,.00,0,2,+1.00
17,Jonathan Byrd,.00,0,1,+1.00
17,John Daly,.00,0,1,+1.00
17,Fred Funk,.00,0,1,+1.00
17,Todd Hamilton,.00,0,2,+2.00
17,Mark Hensby,.00,0,3,+2.00
17,Jonathan Kaye,.00,0,1,+1.00
17,Vijay Singh,.00,0,3,E
17,Andre Stolz,.00,0,1,+1.00
17,Vaughn Taylor,.00,0,2,E
17,Tiger Woods,.00,0,1,E
