rank,player,%,Par or Better,Missed GIR
1,Vijay Singh,90.00,9,10
2,David Toms,88.89,8,9
3,Retief Goosen,75.00,12,16
3,Craig Parry,75.00,9,12
5,Vaughn Taylor,72.73,8,11
6,Stuart Appleby,70.00,7,10
6,Chad Campbell,70.00,7,10
8,Stewart Cink,69.23,9,13
8,Fred Funk,69.23,9,13
10,Joey Sindelar,66.67,10,15
10,Heath Slocum,66.67,10,15
10,Tiger Woods,66.67,6,9
13,Jonathan Kaye,64.29,9,14
13,Mike Weir,64.29,9,14
15,Zach Johnson,62.50,10,16
16,Carlos Franco,60.00,9,15
17,Brent Geiberger,58.82,10,17
18,Woody Austin,55.56,10,18
19,Bart Bryant,54.55,6,11
19,Adam Scott,54.55,6,11
21,Stephen Ames,53.85,7,13
21,Rod Pampling,53.85,7,13
23,Ryan Palmer,52.94,9,17
24,Sergio Garcia,50.00,4,8
24,Andre Stolz,50.00,8,16
26,Jonathan Byrd,46.67,7,15
26,Todd Hamilton,46.67,7,15
26,Mark Hensby,46.67,7,15
29,Steve Flesch,42.11,8,19
30,Ernie Els,37.50,3,8
31,John Daly,33.33,5,15
