rank,player,%,Successes,Attempts
1,Fred Funk,100.00,1,1
1,David Toms,100.00,1,1
3,Stewart Cink,66.67,2,3
4,Carlos Franco,60.00,3,5
5,Vijay Singh,50.00,1,2
5,Vaughn Taylor,50.00,2,4
7,Woody Austin,33.33,1,3
7,Bart Bryant,33.33,1,3
7,Jonathan Byrd,33.33,1,3
7,Chad Campbell,33.33,1,3
7,Retief Goosen,33.33,1,3
7,Zach Johnson,33.33,1,3
7,Craig Parry,33.33,1,3
7,Tiger Woods,33.33,1,3
15,Joey Sindelar,25.00,1,4
15,Heath Slocum,25.00,1,4
17,Steve Flesch,20.00,1,5
17,Brent Geiberger,20.00,1,5
19,Stephen Ames,.00,0,3
19,Stuart Appleby,.00,0,1
19,John Daly,.00,0,3
19,Ernie Els,.00,0,2
19,Todd Hamilton,.00,0,2
19,Mark Hensby,.00,0,4
19,Jonathan Kaye,.00,0,1
19,Ryan Palmer,.00,0,4
19,Rod Pampling,.00,0,2
19,Adam Scott,.00,0,1
19,Andre Stolz,.00,0,3
