rank,player,%,Number of Times,Attempts,Avg RTP Score
1,Joel Dahmen,11.1,1,9,E
2,Jason Kokrak,18.2,2,11,+15.00
3,Hideki Matsuyama,20.0,3,15,-3.33
4,Stewart Cink,21.4,3,14,+3.33
5,Patrick Cantlay,26.7,4,15,-5.00
6,Kevin Kisner,28.6,4,14,-2.50
7,Abraham Ancer,33.3,3,9,+3.33
7,Bryson DeChambeau,33.3,9,27,E
7,Harris English,33.3,5,15,+2.00
7,Kevin Na,33.3,3,9,E
11,Seamus Power,41.7,5,12,-2.00
12,Patrick Reed,43.8,7,16,-1.43
13,Cameron Smith,45.5,5,11,-2.00
14,Si Woo Kim,46.2,6,13,-5.00
14,Marc Leishman,46.2,6,13,+1.67
14,Jordan Spieth,46.2,6,13,E
17,Xander Schauffele,46.7,7,15,-1.43
18,Cam Davis,50.0,8,16,-2.50
18,Branden Grace,50.0,6,12,-3.33
20,Brooks Koepka,52.6,10,19,E
21,Matt Jones,52.9,9,17,-3.33
22,Viktor Hovland,53.8,7,13,-1.43
23,Lucas Glover,54.5,6,11,-1.67
23,Erik van Rooyen,54.5,6,11,-5.00
25,Max Homa,57.1,8,14,-2.50
25,K.H. Lee,57.1,8,14,-3.75
27,Phil Mickelson,58.3,7,12,+4.29
27,Justin Thomas,58.3,7,12,+2.86
29,Lucas Herbert,60.0,9,15,+5.56
30,Sam Burns,63.6,7,11,-2.86
30,Talor Gooch,63.6,7,11,-2.86
32,Garrick Higgo,66.7,12,18,+1.67
33,Sungjae Im,69.2,9,13,-2.22
34,Tony Finau,70.6,12,17,-5.00
35,Jon Rahm,77.8,7,9,-1.43
36,Daniel Berger,80.0,4,5,E
36,Billy Horschel,80.0,4,5,-2.50
36,Collin Morikawa,80.0,8,10,-2.50
