rank,player,%,Total Left rough,Possible Fwys,Relative to par
1,Jon Rahm,.00,0,60,E
2,Daniel Berger,1.67,1,60,+1.00
3,Collin Morikawa,3.33,2,60,-0.50
4,Sam Burns,5.00,3,60,E
4,Max Homa,5.00,3,60,-0.33
4,Billy Horschel,5.00,3,60,-1.00
7,Talor Gooch,6.67,4,60,-0.25
7,Erik van Rooyen,6.67,4,60,+0.25
9,Lucas Herbert,6.78,4,59,-0.25
9,Garrick Higgo,6.78,4,59,-0.50
9,Justin Thomas,6.78,4,59,-1.00
12,Branden Grace,8.33,5,60,E
12,K.H. Lee,8.33,5,60,E
12,Kevin Na,8.33,5,60,E
12,Seamus Power,8.33,5,60,-0.20
16,Abraham Ancer,10.00,6,60,+0.33
16,Joel Dahmen,10.00,6,60,-0.50
16,Cam Davis,10.00,6,60,+0.17
16,Viktor Hovland,10.00,6,60,E
16,Sungjae Im,10.00,6,60,E
16,Marc Leishman,10.00,6,60,-0.33
16,Xander Schauffele,10.00,6,60,-0.50
23,Lucas Glover,11.67,7,60,+0.14
23,Matt Jones,11.67,7,60,-0.29
23,Cameron Smith,11.67,7,60,-0.43
26,Harris English,11.86,7,59,+0.14
26,Brooks Koepka,11.86,7,59,E
28,Tony Finau,13.33,8,60,E
28,Si Woo Kim,13.33,8,60,-0.13
28,Jason Kokrak,13.33,8,60,-0.13
28,Phil Mickelson,13.33,8,60,-0.25
28,Patrick Reed,13.33,8,60,+0.13
28,Jordan Spieth,13.33,8,60,-0.25
34,Kevin Kisner,15.00,9,60,+0.33
35,Stewart Cink,16.67,10,60,E
35,Hideki Matsuyama,16.67,10,60,-0.10
37,Patrick Cantlay,18.33,11,60,-0.09
38,Bryson DeChambeau,26.67,16,60,-0.25
