rank,player,%,Fairways Hit,Possible Fairways,Relative to Par
1,Daniel Berger,88.33,53,60,-0.47
2,Billy Horschel,85.00,51,60,-0.24
2,Kevin Na,85.00,51,60,-0.41
4,Abraham Ancer,83.33,50,60,-0.28
4,Collin Morikawa,83.33,50,60,-0.40
6,Joel Dahmen,81.67,49,60,-0.31
6,Talor Gooch,81.67,49,60,-0.37
6,Jon Rahm,81.67,49,60,-0.53
9,Sam Burns,80.00,48,60,-0.42
9,Branden Grace,80.00,48,60,-0.27
11,Kevin Kisner,76.67,46,60,-0.46
11,Jason Kokrak,76.67,46,60,-0.17
11,Erik van Rooyen,76.67,46,60,-0.33
14,Stewart Cink,75.00,45,60,-0.40
14,Max Homa,75.00,45,60,-0.31
16,Justin Thomas,74.58,44,59,-0.55
17,Lucas Glover,73.33,44,60,-0.23
17,Phil Mickelson,73.33,44,60,-0.32
17,Cameron Smith,73.33,44,60,-0.64
20,Harris English,72.88,43,59,-0.37
21,Patrick Cantlay,71.67,43,60,-0.47
21,Sungjae Im,71.67,43,60,-0.49
21,K.H. Lee,71.67,43,60,-0.26
21,Marc Leishman,71.67,43,60,-0.47
21,Hideki Matsuyama,71.67,43,60,-0.44
21,Seamus Power,71.67,43,60,-0.47
21,Jordan Spieth,71.67,43,60,-0.30
28,Lucas Herbert,71.19,42,59,-0.43
29,Cam Davis,70.00,42,60,-0.50
29,Viktor Hovland,70.00,42,60,-0.31
29,Si Woo Kim,70.00,42,60,-0.21
29,Xander Schauffele,70.00,42,60,-0.43
33,Patrick Reed,66.67,40,60,-0.48
34,Garrick Higgo,66.10,39,59,-0.38
34,Brooks Koepka,66.10,39,59,-0.51
36,Matt Jones,65.00,39,60,-0.62
37,Tony Finau,63.33,38,60,-0.39
38,Bryson DeChambeau,51.67,31,60,-0.45
