rank,player,%,Total Fairway Bunkers,Possible Fwys,Relative to par
1,Daniel Berger,.0,0,0,E
1,Patrick Cantlay,.0,0,0,E
1,Bryson DeChambeau,.0,0,0,E
1,Lucas Glover,.0,0,0,E
1,Billy Horschel,.0,0,0,E
1,Viktor Hovland,.0,0,0,E
1,Si Woo Kim,.0,0,0,E
1,Collin Morikawa,.0,0,0,E
1,Seamus Power,.0,0,0,E
1,Patrick Reed,.0,0,0,E
1,Jordan Spieth,.0,0,0,E
12,Abraham Ancer,1.7,1,4,E
12,Stewart Cink,1.7,1,4,E
12,Lucas Herbert,1.7,1,4,+2.000
12,Sungjae Im,1.7,1,5,-1.000
12,Kevin Kisner,1.7,1,4,-1.000
12,K.H. Lee,1.7,1,4,E
12,Marc Leishman,1.7,1,4,+1.000
12,Hideki Matsuyama,1.7,1,4,E
12,Kevin Na,1.7,1,4,E
12,Jon Rahm,1.7,1,4,E
12,Cameron Smith,1.7,1,4,E
12,Erik van Rooyen,1.7,1,4,-1.000
24,Sam Burns,3.3,2,9,-0.500
24,Joel Dahmen,3.3,2,8,+1.500
24,Tony Finau,3.3,2,10,-1.000
24,Talor Gooch,3.3,2,9,-0.500
24,Branden Grace,3.3,2,9,E
24,Jason Kokrak,3.3,2,8,E
24,Phil Mickelson,3.3,2,8,E
24,Xander Schauffele,3.3,2,8,+0.500
32,Harris English,3.4,2,8,E
32,Garrick Higgo,3.4,2,8,-0.500
32,Justin Thomas,3.4,2,8,+0.500
35,Cam Davis,5.0,3,13,-0.333
35,Matt Jones,5.0,3,12,E
37,Brooks Koepka,5.1,3,14,+0.667
38,Max Homa,6.7,4,17,E
