rank,player,%,Total Right rough,Possible Fwys,Relative to par
1,Abraham Ancer,1.67,1,60,E
1,Joel Dahmen,1.67,1,60,E
1,Jason Kokrak,1.67,1,60,-1.00
4,Stewart Cink,5.00,3,60,+0.33
4,Kevin Na,5.00,3,60,E
6,Patrick Cantlay,6.67,4,60,-0.50
6,Talor Gooch,6.67,4,60,E
6,Kevin Kisner,6.67,4,60,-0.25
6,Phil Mickelson,6.67,4,60,-0.25
10,Harris English,6.78,4,59,-0.50
11,Sam Burns,8.33,5,60,-0.20
11,Branden Grace,8.33,5,60,-0.20
11,Billy Horschel,8.33,5,60,-0.40
11,Hideki Matsuyama,8.33,5,60,-0.60
15,Daniel Berger,10.00,6,60,E
15,Marc Leishman,10.00,6,60,E
15,Jordan Spieth,10.00,6,60,-0.50
15,Erik van Rooyen,10.00,6,60,-0.33
19,Lucas Glover,11.67,7,60,-0.14
19,Max Homa,11.67,7,60,-0.43
19,Si Woo Kim,11.67,7,60,-0.57
19,Seamus Power,11.67,7,60,-0.14
19,Jon Rahm,11.67,7,60,-0.43
19,Patrick Reed,11.67,7,60,-0.29
19,Xander Schauffele,11.67,7,60,-0.14
19,Cameron Smith,11.67,7,60,-0.29
27,Cam Davis,13.33,8,60,-0.25
27,Bryson DeChambeau,13.33,8,60,-0.13
27,Matt Jones,13.33,8,60,-0.50
27,Collin Morikawa,13.33,8,60,-0.25
31,Lucas Herbert,13.56,8,59,+0.25
31,Brooks Koepka,13.56,8,59,-0.13
31,Justin Thomas,13.56,8,59,+0.13
34,Sungjae Im,15.00,9,60,E
34,K.H. Lee,15.00,9,60,-0.33
36,Viktor Hovland,16.67,10,60,-0.20
37,Tony Finau,18.33,11,60,-0.45
38,Garrick Higgo,18.64,11,59,+0.09
