rank,player,%,# Hit,Total Attempts
1,Daniel Berger,98.33,59,60
1,Joel Dahmen,98.33,59,60
1,Collin Morikawa,98.33,59,60
1,Kevin Na,98.33,59,60
5,Lucas Glover,96.67,58,60
5,Branden Grace,96.67,58,60
7,Patrick Cantlay,95.00,57,60
7,Talor Gooch,95.00,57,60
7,Billy Horschel,95.00,57,60
7,Sungjae Im,95.00,57,60
7,Si Woo Kim,95.00,57,60
7,K.H. Lee,95.00,57,60
7,Marc Leishman,95.00,57,60
7,Phil Mickelson,95.00,57,60
15,Abraham Ancer,93.33,56,60
15,Sam Burns,93.33,56,60
15,Stewart Cink,93.33,56,60
15,Tony Finau,93.33,56,60
15,Max Homa,93.33,56,60
15,Hideki Matsuyama,93.33,56,60
15,Jon Rahm,93.33,56,60
15,Cameron Smith,93.33,56,60
15,Erik van Rooyen,93.33,56,60
24,Matt Jones,91.67,55,60
24,Kevin Kisner,91.67,55,60
24,Jason Kokrak,91.67,55,60
24,Justin Thomas,91.67,55,60
28,Cam Davis,90.00,54,60
28,Garrick Higgo,90.00,54,60
28,Viktor Hovland,90.00,54,60
28,Xander Schauffele,90.00,54,60
28,Jordan Spieth,90.00,54,60
33,Seamus Power,88.33,53,60
33,Patrick Reed,88.33,53,60
35,Harris English,86.67,52,60
35,Brooks Koepka,86.67,52,60
37,Bryson DeChambeau,83.33,50,60
37,Lucas Herbert,83.33,50,60
