rank,player,Avg,Total Distance (Feet),Total Strokes
1,Lucas Glover,"5' 4""",59.083,11
2,Billy Horschel,"7' 9""",38.750,5
3,Si Woo Kim,"8' 7""",111.333,13
4,Kevin Na,"8' 11""",80.167,9
5,Justin Thomas,"9' 5""",112.833,12
6,Jon Rahm,"10' 10""",86.333,8
7,Talor Gooch,"11' 3""",123.667,11
8,Joel Dahmen,"11' 11""",107.333,9
9,Collin Morikawa,"12' 2""",121.417,10
10,Patrick Reed,"12' 6""",174.667,14
11,Daniel Berger,"13' 1""",65.417,5
12,Patrick Cantlay,"13' 3""",198.833,15
12,Xander Schauffele,"13' 3""",172.417,13
14,Matt Jones,"13' 7""",231.083,17
15,K.H. Lee,"13' 9""",192.667,14
16,Branden Grace,"14' 2""",169.583,12
16,Sungjae Im,"14' 2""",184.000,13
16,Seamus Power,"14' 2""",141.667,10
19,Bryson DeChambeau,"14' 4""",329.000,23
20,Max Homa,"14' 5""",187.250,13
21,Kevin Kisner,"15' 0""",209.667,14
22,Erik van Rooyen,"15' 2""",167.250,11
23,Hideki Matsuyama,"15' 5""",215.750,14
24,Sam Burns,"15' 6""",155.083,10
25,Abraham Ancer,"15' 9""",141.500,9
26,Stewart Cink,"16' 0""",223.417,14
27,Cam Davis,"16' 3""",260.333,16
27,Phil Mickelson,"16' 3""",178.583,11
29,Jordan Spieth,"16' 8""",166.583,10
30,Marc Leishman,"17' 3""",223.750,13
31,Viktor Hovland,"17' 11""",215.417,12
32,Jason Kokrak,"18' 5""",184.500,10
33,Cameron Smith,"19' 4""",212.833,11
34,Tony Finau,"19' 11""",338.250,17
35,Brooks Koepka,"22' 9""",409.667,18
36,Garrick Higgo,"29' 2""",496.167,17
37,Harris English,"29' 11""",448.250,15
38,Lucas Herbert,"30' 10""",400.417,13
