rank,player,%,Number of Times,Attempts,Avg RTP Score
1,Daniel Berger,20.0,1,5,+10.00
1,Billy Horschel,20.0,1,5,-10.00
1,Collin Morikawa,20.0,2,10,-5.00
4,Jon Rahm,22.2,2,9,E
5,Tony Finau,29.4,5,17,+2.00
6,Sungjae Im,30.8,4,13,+2.50
7,Garrick Higgo,33.3,6,18,-1.67
8,Sam Burns,36.4,4,11,+5.00
8,Talor Gooch,36.4,4,11,-2.50
10,Lucas Herbert,40.0,6,15,+3.33
11,Phil Mickelson,41.7,5,12,-2.00
11,Justin Thomas,41.7,5,12,-4.00
13,Max Homa,42.9,6,14,E
13,K.H. Lee,42.9,6,14,+1.67
15,Lucas Glover,45.5,5,11,+4.00
15,Erik van Rooyen,45.5,5,11,+4.00
17,Viktor Hovland,46.2,6,13,E
18,Matt Jones,47.1,8,17,-2.50
19,Brooks Koepka,47.4,9,19,+4.44
20,Cam Davis,50.0,8,16,+1.25
20,Branden Grace,50.0,6,12,+1.67
22,Xander Schauffele,53.3,8,15,E
23,Si Woo Kim,53.8,7,13,-1.43
23,Marc Leishman,53.8,7,13,-1.43
23,Jordan Spieth,53.8,7,13,-1.43
26,Cameron Smith,54.5,6,11,-3.33
27,Patrick Reed,56.3,9,16,+3.33
28,Seamus Power,58.3,7,12,+1.43
29,Abraham Ancer,66.7,6,9,+3.33
29,Bryson DeChambeau,66.7,18,27,-1.67
29,Harris English,66.7,10,15,+1.00
29,Kevin Na,66.7,6,9,E
33,Kevin Kisner,71.4,10,14,+2.00
34,Patrick Cantlay,73.3,11,15,-0.91
35,Stewart Cink,78.6,11,14,E
36,Hideki Matsuyama,80.0,12,15,E
37,Jason Kokrak,81.8,9,11,-2.22
38,Joel Dahmen,88.9,8,9,E
