rank,player,RTP Score
1,Billy Horschel,-1.000
1,Justin Thomas,-1.000
3,Joel Dahmen,-.500
3,Garrick Higgo,-.500
3,Collin Morikawa,-.500
3,Xander Schauffele,-.500
7,Cameron Smith,-.429
8,Max Homa,-.333
8,Marc Leishman,-.333
10,Matt Jones,-.286
11,Bryson DeChambeau,-.250
11,Talor Gooch,-.250
11,Lucas Herbert,-.250
11,Phil Mickelson,-.250
11,Jordan Spieth,-.250
16,Seamus Power,-.200
17,Si Woo Kim,-.125
17,Jason Kokrak,-.125
19,Hideki Matsuyama,-.100
20,Patrick Cantlay,-.091
21,Sam Burns,E
21,Stewart Cink,E
21,Tony Finau,E
21,Branden Grace,E
21,Viktor Hovland,E
21,Sungjae Im,E
21,Brooks Koepka,E
21,K.H. Lee,E
21,Kevin Na,E
30,Patrick Reed,+.125
31,Harris English,+.143
31,Lucas Glover,+.143
33,Cam Davis,+.167
34,Erik van Rooyen,+.250
35,Abraham Ancer,+.333
35,Kevin Kisner,+.333
37,Daniel Berger,+1.000
