rank,player,%,Total Rough,Possible Fwys,Relative to par
1,Abraham Ancer,11.67,7,60,+2.86
1,Daniel Berger,11.67,7,60,+1.43
1,Joel Dahmen,11.67,7,60,-4.29
1,Jon Rahm,11.67,7,60,-4.29
5,Sam Burns,13.33,8,60,-1.25
5,Talor Gooch,13.33,8,60,-1.25
5,Billy Horschel,13.33,8,60,-6.25
5,Kevin Na,13.33,8,60,E
9,Jason Kokrak,15.00,9,60,-2.22
10,Branden Grace,16.67,10,60,-1.00
10,Max Homa,16.67,10,60,-4.00
10,Collin Morikawa,16.67,10,60,-3.00
10,Erik van Rooyen,16.67,10,60,-1.00
14,Harris English,18.64,11,59,-0.91
15,Marc Leishman,20.00,12,60,-1.67
15,Phil Mickelson,20.00,12,60,-2.50
15,Seamus Power,20.00,12,60,-1.67
18,Lucas Herbert,20.34,12,59,+0.83
18,Justin Thomas,20.34,12,59,-2.50
20,Stewart Cink,21.67,13,60,+0.77
20,Kevin Kisner,21.67,13,60,+1.54
20,Xander Schauffele,21.67,13,60,-3.08
23,Cam Davis,23.33,14,60,-0.71
23,Lucas Glover,23.33,14,60,E
23,K.H. Lee,23.33,14,60,-2.14
23,Cameron Smith,23.33,14,60,-3.57
23,Jordan Spieth,23.33,14,60,-3.57
28,Patrick Cantlay,25.00,15,60,-2.00
28,Sungjae Im,25.00,15,60,E
28,Matt Jones,25.00,15,60,-4.00
28,Si Woo Kim,25.00,15,60,-3.33
28,Hideki Matsuyama,25.00,15,60,-2.67
28,Patrick Reed,25.00,15,60,-0.67
34,Garrick Higgo,25.42,15,59,-0.67
34,Brooks Koepka,25.42,15,59,-0.67
36,Viktor Hovland,26.67,16,60,-1.25
37,Tony Finau,31.67,19,60,-2.63
38,Bryson DeChambeau,40.00,24,60,-2.08
