rank,player,%,Total Missed,Total Fwys,Relative to par
1,Daniel Berger,.00,0,60,E
1,Branden Grace,.00,0,60,E
1,Kevin Kisner,.00,0,60,E
1,Collin Morikawa,.00,0,60,E
1,Kevin Na,.00,0,60,E
6,Stewart Cink,1.67,1,60,-1.00
6,Cam Davis,1.67,1,60,E
6,Tony Finau,1.67,1,60,E
6,Talor Gooch,1.67,1,60,-1.00
6,Max Homa,1.67,1,60,+1.00
6,Billy Horschel,1.67,1,60,+1.00
6,Sungjae Im,1.67,1,60,-1.00
6,Hideki Matsuyama,1.67,1,60,+1.00
6,Cameron Smith,1.67,1,60,-1.00
15,Justin Thomas,1.69,1,59,-1.00
16,Abraham Ancer,3.33,2,60,+0.50
16,Sam Burns,3.33,2,60,+1.00
16,Patrick Cantlay,3.33,2,60,E
16,Joel Dahmen,3.33,2,60,-1.00
16,Lucas Glover,3.33,2,60,-0.50
16,Viktor Hovland,3.33,2,60,+1.00
16,K.H. Lee,3.33,2,60,+0.50
16,Phil Mickelson,3.33,2,60,+1.50
24,Brooks Koepka,3.39,2,59,+2.00
25,Matt Jones,5.00,3,60,-0.67
25,Si Woo Kim,5.00,3,60,-0.67
25,Jason Kokrak,5.00,3,60,+0.33
25,Jon Rahm,5.00,3,60,E
25,Xander Schauffele,5.00,3,60,+0.33
25,Jordan Spieth,5.00,3,60,+0.33
25,Erik van Rooyen,5.00,3,60,+0.67
32,Harris English,5.08,3,59,+0.67
32,Garrick Higgo,5.08,3,59,+0.67
34,Marc Leishman,6.67,4,60,-0.25
35,Lucas Herbert,6.78,4,59,+1.25
36,Bryson DeChambeau,8.33,5,60,+0.20
36,Seamus Power,8.33,5,60,+0.20
36,Patrick Reed,8.33,5,60,+0.20
