rank,player,% Made,Attempts,Putts made
1,Adam Schenk,100.00%,13,13
1,Sepp Straka,100.00%,14,14
3,Mackenzie Hughes,95.00%,20,19
4,Seamus Power,93.33%,15,14
5,Emiliano Grillo,92.31%,13,12
6,Patrick Cantlay,90.91%,11,10
7,Akshay Bhatia,90.00%,20,18
7,Chris Kirk,90.00%,10,9
9,Adam Hadwin,88.89%,18,16
9,Sungjae Im,88.89%,18,16
11,Cam Davis,86.96%,23,20
12,Brendon Todd,85.00%,20,17
13,Matt Fitzpatrick,84.62%,13,11
14,Nick Taylor,84.21%,19,16
15,Harris English,83.33%,12,10
16,Justin Rose,82.76%,29,24
17,Brian Harman,82.35%,17,14
17,Andrew Putnam,82.35%,17,14
19,Byeong Hun An,81.25%,16,13
19,Viktor Hovland,81.25%,16,13
21,Patrick Rodgers,80.95%,21,17
22,Eric Cole,80.00%,20,16
22,Taylor Moore,80.00%,10,8
22,Erik van Rooyen,80.00%,15,12
25,Wyndham Clark,78.57%,14,11
25,Tyrrell Hatton,78.57%,14,11
25,Xander Schauffele,78.57%,14,11
28,Matt Wallace,77.78%,18,14
29,Davis Riley,76.47%,17,13
30,Tom Hoge,75.00%,16,12
30,Jordan Spieth,75.00%,12,9
30,Cameron Young,75.00%,20,15
33,Lee Hodges,73.68%,19,14
34,Nico Echavarria,72.22%,18,13
34,Tommy Fleetwood,72.22%,18,13
36,Keegan Bradley,70.59%,17,12
36,J.T. Poston,70.59%,17,12
38,Luke List,70.00%,20,14
38,Sahith Theegala,70.00%,20,14
40,Vincent Norrman,69.57%,23,16
41,Jason Day,68.75%,16,11
42,Rickie Fowler,68.18%,22,15
43,Max Homa,66.67%,18,12
43,Kurt Kitayama,66.67%,18,12
45,Si Woo Kim,64.29%,14,9
46,Russell Henley,63.64%,22,14
46,Denny McCarthy,63.64%,11,7
48,Scottie Scheffler,63.16%,19,12
49,Collin Morikawa,62.50%,16,10
50,Nick Hardy,61.54%,13,8
50,Tom Kim,61.54%,13,8
52,Ludvig Åberg,60.00%,20,12
52,Corey Conners,60.00%,20,12
54,Adam Svensson,58.82%,17,10
55,Hideki Matsuyama,57.14%,14,8
56,Camilo Villegas,55.56%,18,10
57,Sam Burns,52.94%,17,9
58,Lucas Glover,52.63%,19,10
59,Tony Finau,46.67%,15,7
