rank,player,% Made,Attempts,Putts made
1,Justin Rose,62.50%,8,5
2,Brendon Todd,60.00%,10,6
3,Taylor Moore,55.56%,9,5
4,Tony Finau,50.00%,10,5
4,Emiliano Grillo,50.00%,10,5
4,Erik van Rooyen,50.00%,6,3
4,Matt Wallace,50.00%,12,6
8,Harris English,46.67%,15,7
9,Adam Svensson,46.15%,13,6
10,J.T. Poston,45.45%,11,5
10,Sahith Theegala,45.45%,11,5
12,Tyrrell Hatton,44.44%,9,4
12,Russell Henley,44.44%,9,4
14,Sam Burns,42.86%,7,3
14,Adam Hadwin,42.86%,14,6
16,Camilo Villegas,42.11%,19,8
17,Patrick Cantlay,41.67%,12,5
18,Ludvig Åberg,41.18%,17,7
19,Byeong Hun An,40.00%,10,4
19,Matt Fitzpatrick,40.00%,10,4
19,Luke List,40.00%,10,4
19,Scottie Scheffler,40.00%,10,4
23,Akshay Bhatia,38.46%,13,5
24,Mackenzie Hughes,37.50%,8,3
25,Corey Conners,36.36%,11,4
26,Keegan Bradley,35.71%,14,5
26,Nico Echavarria,35.71%,14,5
28,Nick Hardy,35.00%,20,7
29,Brian Harman,33.33%,15,5
30,Denny McCarthy,31.58%,19,6
31,Cam Davis,30.77%,13,4
32,Tom Kim,30.00%,10,3
33,Jason Day,28.57%,7,2
33,Sungjae Im,28.57%,14,4
33,Si Woo Kim,28.57%,7,2
36,Tom Hoge,27.27%,11,3
36,Xander Schauffele,27.27%,11,3
36,Jordan Spieth,27.27%,11,3
39,Lee Hodges,25.00%,12,3
39,Viktor Hovland,25.00%,8,2
39,Vincent Norrman,25.00%,8,2
39,Andrew Putnam,25.00%,16,4
43,Chris Kirk,23.53%,17,4
44,Hideki Matsuyama,22.22%,9,2
45,Rickie Fowler,20.00%,10,2
45,Max Homa,20.00%,15,3
45,Seamus Power,20.00%,15,3
48,Tommy Fleetwood,18.18%,11,2
48,Patrick Rodgers,18.18%,11,2
48,Sepp Straka,18.18%,11,2
48,Cameron Young,18.18%,11,2
52,Eric Cole,16.67%,6,1
52,Kurt Kitayama,16.67%,12,2
54,Davis Riley,15.38%,13,2
55,Wyndham Clark,14.29%,14,2
56,Nick Taylor,13.33%,15,2
57,Lucas Glover,11.11%,9,1
58,Collin Morikawa,7.69%,13,1
59,Adam Schenk,6.25%,16,1
