rank,player,% Made,Attempts,Putts made
1,Justin Rose,76.67%,30,23
2,Mackenzie Hughes,76.00%,25,19
3,Erik van Rooyen,70.83%,24,17
4,Akshay Bhatia,65.52%,29,19
5,Byeong Hun An,62.50%,32,20
5,Adam Hadwin,62.50%,32,20
7,Cam Davis,61.76%,34,21
8,Matt Fitzpatrick,60.87%,23,14
9,Tyrrell Hatton,60.71%,28,17
10,Matt Wallace,60.00%,30,18
11,Eric Cole,56.52%,23,13
11,Taylor Moore,56.52%,23,13
13,J.T. Poston,56.00%,25,14
14,Jason Day,55.56%,27,15
14,Sepp Straka,55.56%,27,15
16,Brendon Todd,55.17%,29,16
17,Harris English,54.29%,35,19
18,Russell Henley,53.33%,30,16
19,Sungjae Im,52.94%,34,18
20,Emiliano Grillo,52.38%,21,11
21,Patrick Cantlay,52.17%,23,12
21,Jordan Spieth,52.17%,23,12
23,Tony Finau,52.00%,25,13
23,Si Woo Kim,52.00%,25,13
25,Sahith Theegala,51.61%,31,16
26,Camilo Villegas,51.35%,37,19
27,Rickie Fowler,50.00%,30,15
27,Chris Kirk,50.00%,30,15
27,Adam Svensson,50.00%,28,14
30,Nick Hardy,48.65%,37,18
31,Scottie Scheffler,48.39%,31,15
32,Vincent Norrman,48.28%,29,14
32,Xander Schauffele,48.28%,29,14
34,Sam Burns,48.15%,27,13
34,Luke List,48.15%,27,13
36,Seamus Power,46.88%,32,15
36,Davis Riley,46.88%,32,15
38,Nico Echavarria,46.43%,28,13
39,Viktor Hovland,45.83%,24,11
40,Keegan Bradley,44.44%,36,16
41,Brian Harman,44.00%,25,11
41,Tom Hoge,44.00%,25,11
43,Patrick Rodgers,42.31%,26,11
44,Andrew Putnam,41.94%,31,13
45,Ludvig Åberg,41.67%,36,15
45,Max Homa,41.67%,36,15
47,Lee Hodges,41.18%,34,14
47,Nick Taylor,41.18%,34,14
49,Denny McCarthy,40.00%,35,14
50,Tommy Fleetwood,39.13%,23,9
50,Kurt Kitayama,39.13%,23,9
52,Corey Conners,36.36%,33,12
53,Wyndham Clark,36.00%,25,9
53,Tom Kim,36.00%,25,9
55,Hideki Matsuyama,34.62%,26,9
56,Lucas Glover,33.33%,30,10
56,Cameron Young,33.33%,30,10
58,Adam Schenk,32.14%,28,9
59,Collin Morikawa,24.00%,25,6
