rank,player,% Made,Attempts,Putts made
1,Byeong Hun An,100.00%,12,12
1,Keegan Bradley,100.00%,7,7
1,Patrick Cantlay,100.00%,17,17
1,Matt Fitzpatrick,100.00%,9,9
1,Emiliano Grillo,100.00%,18,18
1,Adam Hadwin,100.00%,11,11
1,Viktor Hovland,100.00%,16,16
1,Sungjae Im,100.00%,13,13
1,Chris Kirk,100.00%,10,10
1,Luke List,100.00%,18,18
1,Taylor Moore,100.00%,13,13
1,Collin Morikawa,100.00%,21,21
1,J.T. Poston,100.00%,9,9
1,Xander Schauffele,100.00%,11,11
1,Adam Schenk,100.00%,20,20
1,Sepp Straka,100.00%,12,12
1,Brendon Todd,100.00%,18,18
18,Brian Harman,94.12%,17,16
18,Patrick Rodgers,94.12%,17,16
18,Jordan Spieth,94.12%,17,16
18,Cameron Young,94.12%,17,16
22,Wyndham Clark,93.75%,16,15
22,Vincent Norrman,93.75%,16,15
22,Andrew Putnam,93.75%,16,15
22,Adam Svensson,93.75%,16,15
26,Nico Echavarria,93.33%,15,14
26,Nick Taylor,93.33%,15,14
28,Tom Kim,92.86%,14,13
29,Sam Burns,92.31%,13,12
29,Nick Hardy,92.31%,13,12
29,Tyrrell Hatton,92.31%,13,12
29,Max Homa,92.31%,13,12
29,Seamus Power,92.31%,13,12
34,Cam Davis,91.67%,12,11
35,Jason Day,91.30%,23,21
36,Camilo Villegas,90.91%,11,10
37,Eric Cole,90.00%,20,18
37,Harris English,90.00%,10,9
37,Denny McCarthy,90.00%,10,9
40,Akshay Bhatia,89.47%,19,17
41,Corey Conners,87.50%,16,14
41,Justin Rose,87.50%,16,14
43,Ludvig Åberg,86.67%,15,13
43,Mackenzie Hughes,86.67%,15,13
45,Lucas Glover,86.36%,22,19
46,Russell Henley,85.71%,14,12
46,Lee Hodges,85.71%,14,12
48,Kurt Kitayama,85.00%,20,17
49,Matt Wallace,84.62%,13,11
50,Tommy Fleetwood,83.33%,24,20
50,Davis Riley,83.33%,18,15
50,Sahith Theegala,83.33%,18,15
53,Tom Hoge,81.82%,11,9
54,Si Woo Kim,80.00%,15,12
54,Erik van Rooyen,80.00%,10,8
56,Tony Finau,73.91%,23,17
57,Rickie Fowler,73.68%,19,14
58,Scottie Scheffler,69.23%,13,9
59,Hideki Matsuyama,68.75%,16,11
