rank,player,Putts Made
1,Nico Echavarria,13.0
1,Harris English,13.0
1,Brian Harman,13.0
4,Adam Hadwin,12.0
4,Camilo Villegas,12.0
6,Jordan Spieth,11.0
6,Adam Svensson,11.0
6,Sahith Theegala,11.0
6,Erik van Rooyen,11.0
10,Sungjae Im,10.0
10,Luke List,10.0
10,Denny McCarthy,10.0
10,Seamus Power,10.0
14,Ludvig Åberg,9.0
14,Akshay Bhatia,9.0
14,Sam Burns,9.0
14,Eric Cole,9.0
14,Emiliano Grillo,9.0
14,Nick Hardy,9.0
14,Scottie Scheffler,9.0
14,Brendon Todd,9.0
14,Matt Wallace,9.0
23,Tony Finau,8.0
23,Tom Hoge,8.0
23,Viktor Hovland,8.0
23,Taylor Moore,8.0
23,J.T. Poston,8.0
23,Andrew Putnam,8.0
23,Davis Riley,8.0
23,Justin Rose,8.0
31,Keegan Bradley,7.0
31,Wyndham Clark,7.0
31,Corey Conners,7.0
31,Cam Davis,7.0
31,Matt Fitzpatrick,7.0
31,Tyrrell Hatton,7.0
31,Russell Henley,7.0
31,Tom Kim,7.0
31,Chris Kirk,7.0
31,Kurt Kitayama,7.0
41,Byeong Hun An,6.0
41,Patrick Cantlay,6.0
41,Tommy Fleetwood,6.0
41,Rickie Fowler,6.0
41,Si Woo Kim,6.0
41,Xander Schauffele,6.0
41,Adam Schenk,6.0
41,Nick Taylor,6.0
49,Jason Day,5.0
49,Lee Hodges,5.0
49,Max Homa,5.0
49,Mackenzie Hughes,5.0
49,Collin Morikawa,5.0
49,Cameron Young,5.0
55,Vincent Norrman,4.0
55,Patrick Rodgers,4.0
55,Sepp Straka,4.0
58,Hideki Matsuyama,3.0
59,Lucas Glover,2.0
