rank,player,% Made,Attempts,Putts made
1,Sam Burns,100.00%,3,3
1,Patrick Cantlay,100.00%,1,1
1,Wyndham Clark,100.00%,3,3
1,Cam Davis,100.00%,6,6
1,Nico Echavarria,100.00%,2,2
1,Matt Fitzpatrick,100.00%,2,2
1,Tyrrell Hatton,100.00%,4,4
1,Lee Hodges,100.00%,3,3
1,Tom Hoge,100.00%,4,4
1,Viktor Hovland,100.00%,6,6
1,Mackenzie Hughes,100.00%,7,7
1,Sungjae Im,100.00%,8,8
1,Si Woo Kim,100.00%,4,4
1,Chris Kirk,100.00%,3,3
1,Taylor Moore,100.00%,1,1
1,Vincent Norrman,100.00%,3,3
1,Seamus Power,100.00%,5,5
1,Patrick Rodgers,100.00%,5,5
1,Scottie Scheffler,100.00%,4,4
1,Adam Schenk,100.00%,2,2
1,Sepp Straka,100.00%,5,5
1,Nick Taylor,100.00%,3,3
1,Sahith Theegala,100.00%,2,2
1,Brendon Todd,100.00%,3,3
1,Erik van Rooyen,100.00%,2,2
1,Camilo Villegas,100.00%,2,2
1,Matt Wallace,100.00%,3,3
28,Adam Hadwin,90.00%,10,9
28,Justin Rose,90.00%,10,9
30,Akshay Bhatia,88.89%,9,8
31,Rickie Fowler,87.50%,8,7
32,Xander Schauffele,83.33%,6,5
33,Nick Hardy,80.00%,5,4
33,Tom Kim,80.00%,5,4
33,Denny McCarthy,80.00%,5,4
36,Eric Cole,75.00%,4,3
36,Jason Day,75.00%,4,3
36,Harris English,75.00%,4,3
36,Tommy Fleetwood,75.00%,4,3
36,Cameron Young,75.00%,4,3
41,Byeong Hun An,66.67%,3,2
41,Keegan Bradley,66.67%,6,4
41,Brian Harman,66.67%,3,2
41,Davis Riley,66.67%,3,2
41,Adam Svensson,66.67%,3,2
46,Russell Henley,62.50%,8,5
47,Luke List,60.00%,5,3
48,Max Homa,57.14%,7,4
49,Emiliano Grillo,50.00%,2,1
49,Kurt Kitayama,50.00%,4,2
49,Andrew Putnam,50.00%,2,1
49,Jordan Spieth,50.00%,2,1
53,Tony Finau,40.00%,5,2
53,J.T. Poston,40.00%,5,2
55,Lucas Glover,33.33%,3,1
56,Corey Conners,25.00%,4,1
57,Hideki Matsuyama,.00%,2,0
57,Collin Morikawa,.00%,2,0
