rank,player,%,Attempts,Putts made
1,Patrick Cantlay,100.00%,59,59
1,Adam Hadwin,100.00%,46,46
1,Viktor Hovland,100.00%,55,55
1,Sungjae Im,100.00%,48,48
1,Chris Kirk,100.00%,53,53
1,Luke List,100.00%,53,53
1,Taylor Moore,100.00%,54,54
1,Collin Morikawa,100.00%,62,62
1,Xander Schauffele,100.00%,55,55
1,Sepp Straka,100.00%,55,55
1,Brendon Todd,100.00%,51,51
12,Patrick Rodgers,98.33%,60,59
13,Wyndham Clark,98.31%,59,58
13,Adam Schenk,98.31%,59,58
15,Emiliano Grillo,98.28%,58,57
15,Cameron Young,98.28%,58,57
17,Vincent Norrman,98.25%,57,56
18,Matt Fitzpatrick,98.21%,56,55
18,Andrew Putnam,98.21%,56,55
20,Denny McCarthy,98.18%,55,54
20,J.T. Poston,98.18%,55,54
22,Sam Burns,98.15%,54,53
22,Nick Taylor,98.15%,54,53
24,Adam Svensson,98.11%,53,52
25,Nico Echavarria,98.08%,52,51
26,Seamus Power,98.04%,51,50
27,Camilo Villegas,98.00%,50,49
28,Byeong Hun An,97.96%,49,48
29,Tom Kim,96.72%,61,59
30,Corey Conners,96.61%,59,57
31,Lee Hodges,96.55%,58,56
31,Tom Hoge,96.55%,58,56
33,Max Homa,96.49%,57,55
34,Ludvig Åberg,96.43%,56,54
35,Brian Harman,96.36%,55,53
36,Nick Hardy,96.30%,54,52
36,Russell Henley,96.30%,54,52
36,Jordan Spieth,96.30%,54,52
39,Eric Cole,96.23%,53,51
39,Tyrrell Hatton,96.23%,53,51
39,Matt Wallace,96.23%,53,51
42,Akshay Bhatia,96.00%,50,48
42,Cam Davis,96.00%,50,48
44,Harris English,95.92%,49,47
45,Si Woo Kim,94.83%,58,55
46,Keegan Bradley,94.74%,57,54
46,Jason Day,94.74%,57,54
48,Mackenzie Hughes,94.44%,54,51
49,Davis Riley,94.34%,53,50
49,Sahith Theegala,94.34%,53,50
51,Erik van Rooyen,94.00%,50,47
52,Justin Rose,93.88%,49,46
53,Lucas Glover,93.85%,65,61
54,Kurt Kitayama,93.55%,62,58
55,Tommy Fleetwood,93.44%,61,57
56,Hideki Matsuyama,92.42%,66,61
57,Rickie Fowler,91.38%,58,53
58,Scottie Scheffler,91.23%,57,52
59,Tony Finau,90.16%,61,55
