rank,player,% Made,Attempts,Putts made
1,Akshay Bhatia,100.00%,1,1
1,Matt Fitzpatrick,100.00%,1,1
1,Max Homa,100.00%,1,1
1,Chris Kirk,100.00%,2,2
1,Kurt Kitayama,100.00%,2,2
1,J.T. Poston,100.00%,2,2
1,Justin Rose,100.00%,1,1
1,Jordan Spieth,100.00%,4,4
1,Camilo Villegas,100.00%,2,2
10,Tyrrell Hatton,80.00%,5,4
11,Byeong Hun An,75.00%,4,3
11,Jason Day,75.00%,4,3
11,Nico Echavarria,75.00%,4,3
11,Tony Finau,75.00%,4,3
11,Rickie Fowler,75.00%,4,3
16,Cam Davis,66.67%,3,2
16,Tommy Fleetwood,66.67%,3,2
16,Nick Hardy,66.67%,3,2
16,Brian Harman,66.67%,3,2
16,Si Woo Kim,66.67%,6,4
16,Vincent Norrman,66.67%,3,2
16,Davis Riley,66.67%,3,2
16,Sepp Straka,66.67%,3,2
24,Sam Burns,50.00%,2,1
24,Patrick Cantlay,50.00%,4,2
24,Wyndham Clark,50.00%,2,1
24,Lucas Glover,50.00%,6,3
24,Russell Henley,50.00%,2,1
24,Viktor Hovland,50.00%,2,1
24,Mackenzie Hughes,50.00%,2,1
24,Tom Kim,50.00%,2,1
24,Adam Schenk,50.00%,4,2
24,Adam Svensson,50.00%,2,1
24,Nick Taylor,50.00%,2,1
24,Sahith Theegala,50.00%,4,2
36,Harris English,40.00%,5,2
36,Lee Hodges,40.00%,5,2
38,Emiliano Grillo,33.33%,3,1
38,Tom Hoge,33.33%,3,1
38,Luke List,33.33%,3,1
38,Denny McCarthy,33.33%,3,1
38,Taylor Moore,33.33%,3,1
38,Seamus Power,33.33%,3,1
38,Xander Schauffele,33.33%,3,1
38,Erik van Rooyen,33.33%,3,1
38,Cameron Young,33.33%,3,1
47,Corey Conners,28.57%,7,2
48,Eric Cole,25.00%,4,1
48,Hideki Matsuyama,25.00%,4,1
48,Scottie Scheffler,25.00%,4,1
51,Keegan Bradley,20.00%,5,1
51,Brendon Todd,20.00%,5,1
53,Ludvig Åberg,.00%,1,0
53,Adam Hadwin,.00%,2,0
53,Sungjae Im,.00%,2,0
53,Collin Morikawa,.00%,1,0
53,Andrew Putnam,.00%,3,0
53,Patrick Rodgers,.00%,1,0
53,Matt Wallace,.00%,1,0
