rank,player,% Made,Attempts,Putts Made
1,Nico Echavarria,30.23%,43,13
2,Brian Harman,28.89%,45,13
3,Harris English,28.26%,46,13
4,Sahith Theegala,28.21%,39,11
5,Camilo Villegas,25.53%,47,12
6,Jordan Spieth,25.00%,44,11
7,Adam Hadwin,24.49%,49,12
8,Erik van Rooyen,24.44%,45,11
9,Luke List,23.26%,43,10
10,Eric Cole,22.50%,40,9
11,Sungjae Im,21.74%,46,10
12,Adam Svensson,21.57%,51,11
13,Sam Burns,21.43%,42,9
14,Ludvig Åberg,20.93%,43,9
14,Scottie Scheffler,20.93%,43,9
14,Brendon Todd,20.93%,43,9
17,Denny McCarthy,20.41%,49,10
18,Tony Finau,20.00%,40,8
19,Akshay Bhatia,19.57%,46,9
20,Seamus Power,19.23%,52,10
21,Matt Wallace,19.15%,47,9
22,Emiliano Grillo,18.00%,50,9
23,Viktor Hovland,17.78%,45,8
23,Justin Rose,17.78%,45,8
25,Tyrrell Hatton,17.07%,41,7
25,Chris Kirk,17.07%,41,7
27,J.T. Poston,17.02%,47,8
28,Davis Riley,16.67%,48,8
29,Matt Fitzpatrick,16.28%,43,7
30,Tom Hoge,16.00%,50,8
30,Taylor Moore,16.00%,50,8
30,Andrew Putnam,16.00%,50,8
33,Corey Conners,15.91%,44,7
33,Russell Henley,15.91%,44,7
35,Si Woo Kim,15.00%,40,6
36,Keegan Bradley,14.89%,47,7
36,Cam Davis,14.89%,47,7
38,Nick Hardy,14.75%,61,9
39,Byeong Hun An,14.63%,41,6
40,Tom Kim,14.00%,50,7
40,Kurt Kitayama,14.00%,50,7
42,Rickie Fowler,13.95%,43,6
43,Jason Day,13.51%,37,5
44,Tommy Fleetwood,13.33%,45,6
45,Wyndham Clark,12.96%,54,7
46,Cameron Young,12.82%,39,5
47,Nick Taylor,12.50%,48,6
48,Xander Schauffele,12.24%,49,6
49,Collin Morikawa,11.90%,42,5
50,Adam Schenk,11.76%,51,6
51,Max Homa,11.36%,44,5
52,Patrick Cantlay,11.11%,54,6
53,Lee Hodges,10.87%,46,5
53,Mackenzie Hughes,10.87%,46,5
55,Vincent Norrman,8.51%,47,4
56,Patrick Rodgers,8.33%,48,4
56,Sepp Straka,8.33%,48,4
58,Hideki Matsuyama,7.50%,40,3
59,Lucas Glover,5.88%,34,2
