rank,player,% Made,Attempts,Putts made
1,Sungjae Im,60.00%,5,3
2,Viktor Hovland,50.00%,4,2
2,Chris Kirk,50.00%,2,1
2,Adam Schenk,50.00%,4,2
2,Sahith Theegala,50.00%,2,1
6,Eric Cole,44.44%,9,4
7,Denny McCarthy,40.00%,5,2
7,Nick Taylor,40.00%,5,2
9,Erik van Rooyen,37.50%,8,3
10,Cam Davis,33.33%,6,2
10,Nico Echavarria,33.33%,3,1
10,Brian Harman,33.33%,6,2
10,Scottie Scheffler,33.33%,9,3
14,Harris English,25.00%,4,1
14,Si Woo Kim,25.00%,8,2
14,Luke List,25.00%,4,1
17,Matt Wallace,23.08%,13,3
18,Emiliano Grillo,22.22%,9,2
19,Collin Morikawa,20.00%,5,1
19,Davis Riley,20.00%,5,1
19,Adam Svensson,20.00%,5,1
19,Camilo Villegas,20.00%,5,1
23,Tommy Fleetwood,16.67%,6,1
23,Tyrrell Hatton,16.67%,6,1
23,Lee Hodges,16.67%,6,1
23,Tom Hoge,16.67%,12,2
23,Xander Schauffele,16.67%,6,1
28,Wyndham Clark,14.29%,7,1
28,Sepp Straka,14.29%,7,1
30,Russell Henley,12.50%,8,1
31,Sam Burns,11.11%,9,1
31,Matt Fitzpatrick,11.11%,9,1
31,Rickie Fowler,11.11%,9,1
31,Max Homa,11.11%,9,1
31,Tom Kim,11.11%,9,1
36,Ludvig Åberg,0.00%,3,0
36,Byeong Hun An,0.00%,4,0
36,Akshay Bhatia,0.00%,4,0
36,Keegan Bradley,0.00%,6,0
36,Patrick Cantlay,0.00%,5,0
36,Corey Conners,0.00%,8,0
36,Jason Day,0.00%,5,0
36,Tony Finau,0.00%,7,0
36,Lucas Glover,0.00%,4,0
36,Adam Hadwin,0.00%,4,0
36,Nick Hardy,0.00%,3,0
36,Mackenzie Hughes,0.00%,9,0
36,Kurt Kitayama,0.00%,8,0
36,Hideki Matsuyama,0.00%,5,0
36,Taylor Moore,0.00%,9,0
36,Vincent Norrman,0.00%,9,0
36,J.T. Poston,0.00%,5,0
36,Seamus Power,0.00%,6,0
36,Andrew Putnam,0.00%,5,0
36,Patrick Rodgers,0.00%,5,0
36,Justin Rose,0.00%,4,0
36,Jordan Spieth,0.00%,4,0
36,Brendon Todd,0.00%,6,0
36,Cameron Young,0.00%,2,0
