rank,player,Putts Made
1,Jordan Spieth,6.0
2,Eric Cole,5.0
3,Harris English,4.0
3,Brian Harman,4.0
3,Viktor Hovland,4.0
3,Sungjae Im,4.0
3,Adam Schenk,4.0
3,Erik van Rooyen,4.0
9,Wyndham Clark,3.0
9,Tommy Fleetwood,3.0
9,Emiliano Grillo,3.0
9,Tom Hoge,3.0
9,Si Woo Kim,3.0
9,Kurt Kitayama,3.0
9,Denny McCarthy,3.0
9,Andrew Putnam,3.0
9,Davis Riley,3.0
9,Scottie Scheffler,3.0
9,Nick Taylor,3.0
9,Sahith Theegala,3.0
9,Camilo Villegas,3.0
9,Matt Wallace,3.0
23,Corey Conners,2.0
23,Cam Davis,2.0
23,Nico Echavarria,2.0
23,Tony Finau,2.0
23,Matt Fitzpatrick,2.0
23,Adam Hadwin,2.0
23,Russell Henley,2.0
23,Tom Kim,2.0
23,Luke List,2.0
23,Vincent Norrman,2.0
23,Seamus Power,2.0
23,Patrick Rodgers,2.0
23,Sepp Straka,2.0
23,Adam Svensson,2.0
23,Brendon Todd,2.0
23,Cameron Young,2.0
39,Ludvig Åberg,1.0
39,Akshay Bhatia,1.0
39,Keegan Bradley,1.0
39,Sam Burns,1.0
39,Rickie Fowler,1.0
39,Tyrrell Hatton,1.0
39,Lee Hodges,1.0
39,Max Homa,1.0
39,Chris Kirk,1.0
39,Taylor Moore,1.0
39,Collin Morikawa,1.0
39,J.T. Poston,1.0
39,Justin Rose,1.0
39,Xander Schauffele,1.0
53,Byeong Hun An,.0
53,Patrick Cantlay,.0
53,Jason Day,.0
53,Lucas Glover,.0
53,Nick Hardy,.0
53,Mackenzie Hughes,.0
53,Hideki Matsuyama,.0
