rank,player,% Made,Attempts,Putts made
1,Patrick Cantlay,100.00%,1,1
1,Eric Cole,100.00%,3,3
1,Harris English,100.00%,4,4
1,Tony Finau,100.00%,1,1
1,Tommy Fleetwood,100.00%,2,2
1,Emiliano Grillo,100.00%,4,4
1,Brian Harman,100.00%,2,2
1,Tom Hoge,100.00%,2,2
1,Mackenzie Hughes,100.00%,6,6
1,Chris Kirk,100.00%,4,4
1,Kurt Kitayama,100.00%,2,2
1,Denny McCarthy,100.00%,1,1
1,Taylor Moore,100.00%,2,2
1,Andrew Putnam,100.00%,3,3
1,Adam Schenk,100.00%,2,2
1,Jordan Spieth,100.00%,1,1
1,Sepp Straka,100.00%,1,1
1,Nick Taylor,100.00%,4,4
1,Erik van Rooyen,100.00%,3,3
20,Cam Davis,83.33%,6,5
20,Justin Rose,83.33%,6,5
22,Byeong Hun An,80.00%,5,4
22,Keegan Bradley,80.00%,5,4
22,Adam Hadwin,80.00%,5,4
22,Max Homa,80.00%,5,4
22,Seamus Power,80.00%,5,4
22,Davis Riley,80.00%,5,4
28,Lucas Glover,75.00%,4,3
28,Sungjae Im,75.00%,4,3
28,Collin Morikawa,75.00%,4,3
28,Matt Wallace,75.00%,4,3
32,Nico Echavarria,66.67%,3,2
32,Matt Fitzpatrick,66.67%,3,2
32,Tyrrell Hatton,66.67%,3,2
32,Lee Hodges,66.67%,6,4
32,Si Woo Kim,66.67%,3,2
32,Hideki Matsuyama,66.67%,6,4
38,Jason Day,60.00%,5,3
38,Cameron Young,60.00%,5,3
40,Wyndham Clark,50.00%,4,2
40,Corey Conners,50.00%,2,1
40,Luke List,50.00%,4,2
40,Vincent Norrman,50.00%,6,3
40,J.T. Poston,50.00%,2,1
40,Patrick Rodgers,50.00%,4,2
40,Xander Schauffele,50.00%,4,2
40,Scottie Scheffler,50.00%,2,1
40,Adam Svensson,50.00%,6,3
40,Sahith Theegala,50.00%,6,3
50,Rickie Fowler,40.00%,5,2
50,Russell Henley,40.00%,5,2
50,Brendon Todd,40.00%,5,2
53,Ludvig Åberg,36.36%,11,4
54,Sam Burns,25.00%,8,2
54,Viktor Hovland,25.00%,4,1
56,Nick Hardy,.00%,1,0
56,Tom Kim,.00%,1,0
56,Camilo Villegas,.00%,2,0
