rank,player,% Made,Attempts,Putts made
1,Jordan Spieth,28.57%,21,6
2,Andrew Putnam,15.00%,20,3
3,Harris English,14.29%,21,3
3,Brian Harman,14.29%,14,2
5,Kurt Kitayama,11.54%,26,3
6,Brendon Todd,11.11%,18,2
6,Camilo Villegas,11.11%,18,2
6,Cameron Young,11.11%,18,2
9,Sahith Theegala,10.53%,19,2
10,Wyndham Clark,10.00%,20,2
10,Corey Conners,10.00%,20,2
10,Tony Finau,10.00%,20,2
13,Adam Hadwin,9.52%,21,2
13,Viktor Hovland,9.52%,21,2
13,Vincent Norrman,9.52%,21,2
13,Seamus Power,9.52%,21,2
17,Patrick Rodgers,9.09%,22,2
18,Tommy Fleetwood,8.70%,23,2
18,Davis Riley,8.70%,23,2
20,Adam Schenk,8.33%,24,2
21,Ludvig Åberg,6.67%,15,1
22,Nico Echavarria,6.25%,16,1
23,Eric Cole,5.88%,17,1
23,Sungjae Im,5.88%,17,1
23,Si Woo Kim,5.88%,17,1
23,Tom Kim,5.88%,17,1
27,Russell Henley,5.56%,18,1
27,Adam Svensson,5.56%,18,1
27,Erik van Rooyen,5.56%,18,1
30,Keegan Bradley,5.26%,19,1
30,Matt Fitzpatrick,5.26%,19,1
30,Tom Hoge,5.26%,19,1
30,Denny McCarthy,5.26%,19,1
34,Akshay Bhatia,5.00%,20,1
34,Emiliano Grillo,5.00%,20,1
34,Luke List,5.00%,20,1
34,Taylor Moore,5.00%,20,1
38,Sepp Straka,4.76%,21,1
39,J.T. Poston,4.35%,23,1
39,Justin Rose,4.35%,23,1
39,Nick Taylor,4.35%,23,1
42,Byeong Hun An,0.00%,23,0
42,Sam Burns,0.00%,17,0
42,Patrick Cantlay,0.00%,28,0
42,Cam Davis,0.00%,26,0
42,Jason Day,0.00%,19,0
42,Rickie Fowler,0.00%,14,0
42,Lucas Glover,0.00%,15,0
42,Nick Hardy,0.00%,28,0
42,Tyrrell Hatton,0.00%,18,0
42,Lee Hodges,0.00%,17,0
42,Max Homa,0.00%,14,0
42,Mackenzie Hughes,0.00%,22,0
42,Chris Kirk,0.00%,15,0
42,Hideki Matsuyama,0.00%,16,0
42,Collin Morikawa,0.00%,13,0
42,Xander Schauffele,0.00%,22,0
42,Scottie Scheffler,0.00%,17,0
42,Matt Wallace,0.00%,14,0
