rank,player,% Made,Attempts,Putts made
1,Nico Echavarria,60.00%,10,6
2,Sam Burns,55.56%,9,5
3,Byeong Hun An,50.00%,4,2
3,Cam Davis,50.00%,2,1
3,Jason Day,50.00%,6,3
3,Kurt Kitayama,50.00%,4,2
3,Seamus Power,50.00%,10,5
8,Luke List,44.44%,9,4
9,Davis Riley,42.86%,7,3
9,Sahith Theegala,42.86%,7,3
11,Adam Hadwin,40.00%,10,4
11,Brian Harman,40.00%,10,4
13,Eric Cole,37.50%,8,3
14,Akshay Bhatia,33.33%,9,3
14,Harris English,33.33%,6,2
14,Tony Finau,33.33%,3,1
17,Erik van Rooyen,30.77%,13,4
18,Rickie Fowler,30.00%,10,3
19,Mackenzie Hughes,28.57%,7,2
19,Chris Kirk,28.57%,7,2
19,Scottie Scheffler,28.57%,7,2
22,Collin Morikawa,27.27%,11,3
23,Tyrrell Hatton,25.00%,8,2
23,Tom Hoge,25.00%,8,2
23,J.T. Poston,25.00%,8,2
23,Jordan Spieth,25.00%,8,2
27,Corey Conners,20.00%,5,1
27,Matt Fitzpatrick,20.00%,5,1
27,Tommy Fleetwood,20.00%,5,1
27,Nick Hardy,20.00%,10,2
27,Sungjae Im,20.00%,10,2
27,Justin Rose,20.00%,10,2
27,Xander Schauffele,20.00%,10,2
27,Adam Svensson,20.00%,15,3
27,Nick Taylor,20.00%,5,1
27,Camilo Villegas,20.00%,5,1
37,Lucas Glover,16.67%,6,1
37,Max Homa,16.67%,6,1
37,Viktor Hovland,16.67%,12,2
37,Denny McCarthy,16.67%,6,1
37,Taylor Moore,16.67%,12,2
42,Wyndham Clark,15.38%,13,2
43,Tom Kim,14.29%,14,2
43,Adam Schenk,14.29%,7,1
45,Ludvig Åberg,12.50%,8,1
45,Keegan Bradley,12.50%,8,1
45,Si Woo Kim,12.50%,8,1
45,Cameron Young,12.50%,8,1
49,Patrick Cantlay,11.11%,9,1
49,Russell Henley,11.11%,9,1
49,Andrew Putnam,11.11%,9,1
49,Brendon Todd,11.11%,9,1
53,Hideki Matsuyama,10.00%,10,1
54,Emiliano Grillo,9.09%,11,1
54,Lee Hodges,9.09%,11,1
56,Vincent Norrman,0.00%,9,0
56,Patrick Rodgers,0.00%,10,0
56,Sepp Straka,0.00%,9,0
56,Matt Wallace,0.00%,8,0
