rank,player,% Made,Attempts,Putts made
1,Chris Kirk,96.97%,66,64
2,Sepp Straka,95.77%,71,68
3,Mackenzie Hughes,94.37%,71,67
4,Patrick Cantlay,94.29%,70,66
5,Matt Fitzpatrick,94.20%,69,65
6,Akshay Bhatia,93.94%,66,62
7,Adam Hadwin,93.75%,64,60
8,Adam Schenk,92.96%,71,66
9,Wyndham Clark,92.86%,70,65
10,Jordan Spieth,92.42%,66,61
11,Cam Davis,91.55%,71,65
12,Emiliano Grillo,91.30%,69,63
12,J.T. Poston,91.30%,69,63
14,Sungjae Im,91.18%,68,62
14,Taylor Moore,91.18%,68,62
14,Seamus Power,91.18%,68,62
17,Brian Harman,90.77%,65,59
18,Patrick Rodgers,90.67%,75,68
19,Collin Morikawa,90.54%,74,67
20,Xander Schauffele,90.41%,73,66
21,Byeong Hun An,90.14%,71,64
21,Viktor Hovland,90.14%,71,64
21,Andrew Putnam,90.14%,71,64
21,Justin Rose,90.14%,71,64
25,Eric Cole,90.00%,70,63
26,Erik van Rooyen,89.71%,68,61
27,Nico Echavarria,89.39%,66,59
28,Kurt Kitayama,89.04%,73,65
28,Nick Taylor,89.04%,73,65
30,Tyrrell Hatton,88.89%,72,64
30,Tom Hoge,88.89%,72,64
32,Nick Hardy,88.73%,71,63
32,Matt Wallace,88.73%,71,63
34,Luke List,88.57%,70,62
35,Adam Svensson,88.24%,68,60
35,Camilo Villegas,88.24%,68,60
37,Tommy Fleetwood,87.67%,73,64
38,Davis Riley,87.50%,72,63
39,Denny McCarthy,87.32%,71,62
40,Vincent Norrman,87.18%,78,68
41,Brendon Todd,87.14%,70,61
42,Jason Day,87.01%,77,67
43,Si Woo Kim,86.84%,76,66
44,Max Homa,85.90%,78,67
45,Tom Kim,85.53%,76,65
46,Harris English,85.51%,69,59
47,Russell Henley,85.33%,75,64
48,Sam Burns,85.14%,74,63
49,Rickie Fowler,84.62%,78,66
50,Cameron Young,84.42%,77,65
51,Lee Hodges,83.75%,80,67
52,Sahith Theegala,83.56%,73,61
53,Tony Finau,82.89%,76,63
54,Ludvig Åberg,82.67%,75,62
55,Keegan Bradley,82.28%,79,65
56,Hideki Matsuyama,81.93%,83,68
57,Lucas Glover,81.40%,86,70
58,Scottie Scheffler,80.77%,78,63
59,Corey Conners,80.25%,81,65
