rank,player,% Made,Attempts,Putts Made
1,Jordan Spieth,24.00%,25,6
2,Brian Harman,20.00%,20,4
3,Eric Cole,19.23%,26,5
4,Sungjae Im,18.18%,22,4
5,Harris English,16.00%,25,4
5,Viktor Hovland,16.00%,25,4
7,Erik van Rooyen,15.38%,26,4
8,Adam Schenk,14.29%,28,4
8,Sahith Theegala,14.29%,21,3
10,Camilo Villegas,13.04%,23,3
11,Denny McCarthy,12.50%,24,3
12,Si Woo Kim,12.00%,25,3
12,Andrew Putnam,12.00%,25,3
14,Scottie Scheffler,11.54%,26,3
15,Wyndham Clark,11.11%,27,3
15,Matt Wallace,11.11%,27,3
17,Davis Riley,10.71%,28,3
17,Nick Taylor,10.71%,28,3
19,Nico Echavarria,10.53%,19,2
20,Tommy Fleetwood,10.34%,29,3
20,Emiliano Grillo,10.34%,29,3
22,Cameron Young,10.00%,20,2
23,Tom Hoge,9.68%,31,3
24,Kurt Kitayama,8.82%,34,3
25,Adam Svensson,8.70%,23,2
26,Luke List,8.33%,24,2
26,Brendon Todd,8.33%,24,2
28,Adam Hadwin,8.00%,25,2
29,Russell Henley,7.69%,26,2
29,Tom Kim,7.69%,26,2
31,Tony Finau,7.41%,27,2
31,Seamus Power,7.41%,27,2
31,Patrick Rodgers,7.41%,27,2
34,Corey Conners,7.14%,28,2
34,Matt Fitzpatrick,7.14%,28,2
34,Sepp Straka,7.14%,28,2
37,Vincent Norrman,6.67%,30,2
38,Cam Davis,6.25%,32,2
39,Chris Kirk,5.88%,17,1
40,Ludvig Åberg,5.56%,18,1
40,Collin Morikawa,5.56%,18,1
42,Rickie Fowler,4.35%,23,1
42,Lee Hodges,4.35%,23,1
42,Max Homa,4.35%,23,1
45,Akshay Bhatia,4.17%,24,1
45,Tyrrell Hatton,4.17%,24,1
47,Keegan Bradley,4.00%,25,1
48,Sam Burns,3.85%,26,1
49,Justin Rose,3.70%,27,1
50,J.T. Poston,3.57%,28,1
50,Xander Schauffele,3.57%,28,1
52,Taylor Moore,3.45%,29,1
53,Byeong Hun An,.00%,27,0
53,Patrick Cantlay,.00%,33,0
53,Jason Day,.00%,24,0
53,Lucas Glover,.00%,19,0
53,Nick Hardy,.00%,31,0
53,Mackenzie Hughes,.00%,31,0
53,Hideki Matsuyama,.00%,21,0
