rank,player,% Made,Attempts,Putts made
1,Byeong Hun An,100.00%,4,4
1,Keegan Bradley,100.00%,2,2
1,Patrick Cantlay,100.00%,7,7
1,Wyndham Clark,100.00%,5,5
1,Jason Day,100.00%,4,4
1,Matt Fitzpatrick,100.00%,4,4
1,Emiliano Grillo,100.00%,7,7
1,Adam Hadwin,100.00%,3,3
1,Nick Hardy,100.00%,1,1
1,Max Homa,100.00%,4,4
1,Viktor Hovland,100.00%,5,5
1,Sungjae Im,100.00%,3,3
1,Chris Kirk,100.00%,1,1
1,Luke List,100.00%,7,7
1,Taylor Moore,100.00%,4,4
1,Collin Morikawa,100.00%,6,6
1,Vincent Norrman,100.00%,7,7
1,J.T. Poston,100.00%,5,5
1,Seamus Power,100.00%,4,4
1,Patrick Rodgers,100.00%,8,8
1,Xander Schauffele,100.00%,3,3
1,Adam Schenk,100.00%,8,8
1,Jordan Spieth,100.00%,5,5
1,Sepp Straka,100.00%,7,7
1,Brendon Todd,100.00%,9,9
26,Brian Harman,90.91%,11,10
27,Cameron Young,90.00%,10,9
28,Nico Echavarria,88.89%,9,8
28,Andrew Putnam,88.89%,9,8
30,Akshay Bhatia,87.50%,8,7
30,Nick Taylor,87.50%,8,7
32,Cam Davis,85.71%,7,6
33,Ludvig Åberg,83.33%,6,5
33,Russell Henley,83.33%,6,5
33,Mackenzie Hughes,83.33%,6,5
33,Camilo Villegas,83.33%,6,5
37,Eric Cole,81.82%,11,9
38,Tyrrell Hatton,80.00%,5,4
38,Tom Kim,80.00%,5,4
38,Davis Riley,80.00%,5,4
38,Justin Rose,80.00%,10,8
38,Adam Svensson,80.00%,5,4
38,Sahith Theegala,80.00%,10,8
44,Sam Burns,75.00%,4,3
44,Corey Conners,75.00%,8,6
44,Lucas Glover,75.00%,8,6
44,Lee Hodges,75.00%,8,6
48,Tommy Fleetwood,72.73%,11,8
49,Rickie Fowler,71.43%,7,5
49,Tom Hoge,71.43%,7,5
51,Kurt Kitayama,70.00%,10,7
52,Matt Wallace,66.67%,6,4
53,Si Woo Kim,60.00%,5,3
53,Hideki Matsuyama,60.00%,5,3
55,Tony Finau,57.14%,7,4
56,Denny McCarthy,50.00%,2,1
56,Scottie Scheffler,50.00%,4,2
56,Erik van Rooyen,50.00%,2,1
59,Harris English,.00%,1,0
