rank,player,% Made,Attempts,Putts made
1,Byeong Hun An,100.00%,8,8
1,Keegan Bradley,100.00%,5,5
1,Sam Burns,100.00%,9,9
1,Patrick Cantlay,100.00%,10,10
1,Eric Cole,100.00%,9,9
1,Corey Conners,100.00%,8,8
1,Cam Davis,100.00%,5,5
1,Nico Echavarria,100.00%,6,6
1,Harris English,100.00%,9,9
1,Matt Fitzpatrick,100.00%,5,5
1,Emiliano Grillo,100.00%,11,11
1,Adam Hadwin,100.00%,8,8
1,Brian Harman,100.00%,6,6
1,Tyrrell Hatton,100.00%,8,8
1,Lee Hodges,100.00%,6,6
1,Tom Hoge,100.00%,4,4
1,Viktor Hovland,100.00%,11,11
1,Sungjae Im,100.00%,10,10
1,Tom Kim,100.00%,9,9
1,Chris Kirk,100.00%,9,9
1,Kurt Kitayama,100.00%,10,10
1,Luke List,100.00%,11,11
1,Denny McCarthy,100.00%,8,8
1,Taylor Moore,100.00%,9,9
1,Collin Morikawa,100.00%,15,15
1,J.T. Poston,100.00%,4,4
1,Andrew Putnam,100.00%,7,7
1,Justin Rose,100.00%,6,6
1,Xander Schauffele,100.00%,8,8
1,Adam Schenk,100.00%,12,12
1,Sepp Straka,100.00%,5,5
1,Adam Svensson,100.00%,11,11
1,Nick Taylor,100.00%,7,7
1,Brendon Todd,100.00%,9,9
1,Camilo Villegas,100.00%,5,5
1,Matt Wallace,100.00%,7,7
1,Cameron Young,100.00%,7,7
38,Lucas Glover,92.86%,14,13
39,Tommy Fleetwood,92.31%,13,12
40,Nick Hardy,91.67%,12,11
40,Jordan Spieth,91.67%,12,11
42,Akshay Bhatia,90.91%,11,10
42,Wyndham Clark,90.91%,11,10
44,Si Woo Kim,90.00%,10,9
45,Jason Day,89.47%,19,17
46,Ludvig Åberg,88.89%,9,8
46,Max Homa,88.89%,9,8
46,Mackenzie Hughes,88.89%,9,8
46,Vincent Norrman,88.89%,9,8
46,Seamus Power,88.89%,9,8
46,Patrick Rodgers,88.89%,9,8
52,Russell Henley,87.50%,8,7
52,Sahith Theegala,87.50%,8,7
52,Erik van Rooyen,87.50%,8,7
55,Davis Riley,84.62%,13,11
56,Tony Finau,81.25%,16,13
57,Scottie Scheffler,77.78%,9,7
58,Rickie Fowler,75.00%,12,9
59,Hideki Matsuyama,72.73%,11,8
