rank,player,% Made,Attempts,Putts made
1,Ludvig Åberg,100.00%,41,41
1,Akshay Bhatia,100.00%,31,31
1,Sam Burns,100.00%,41,41
1,Patrick Cantlay,100.00%,42,42
1,Wyndham Clark,100.00%,43,43
1,Eric Cole,100.00%,33,33
1,Corey Conners,100.00%,43,43
1,Nico Echavarria,100.00%,37,37
1,Tony Finau,100.00%,38,38
1,Tommy Fleetwood,100.00%,37,37
1,Rickie Fowler,100.00%,39,39
1,Adam Hadwin,100.00%,35,35
1,Russell Henley,100.00%,40,40
1,Lee Hodges,100.00%,44,44
1,Tom Hoge,100.00%,47,47
1,Viktor Hovland,100.00%,39,39
1,Sungjae Im,100.00%,35,35
1,Si Woo Kim,100.00%,43,43
1,Chris Kirk,100.00%,43,43
1,Luke List,100.00%,35,35
1,Hideki Matsuyama,100.00%,50,50
1,Denny McCarthy,100.00%,45,45
1,Taylor Moore,100.00%,41,41
1,Collin Morikawa,100.00%,41,41
1,Vincent Norrman,100.00%,41,41
1,Seamus Power,100.00%,38,38
1,Andrew Putnam,100.00%,40,40
1,Davis Riley,100.00%,35,35
1,Patrick Rodgers,100.00%,43,43
1,Xander Schauffele,100.00%,44,44
1,Sepp Straka,100.00%,43,43
1,Adam Svensson,100.00%,37,37
1,Nick Taylor,100.00%,39,39
1,Sahith Theegala,100.00%,35,35
1,Brendon Todd,100.00%,33,33
1,Camilo Villegas,100.00%,39,39
1,Matt Wallace,100.00%,40,40
1,Cameron Young,100.00%,41,41
39,Matt Fitzpatrick,97.87%,47,46
39,Tom Kim,97.87%,47,46
41,J.T. Poston,97.83%,46,45
42,Max Homa,97.73%,44,43
42,Scottie Scheffler,97.73%,44,43
44,Lucas Glover,97.67%,43,42
45,Kurt Kitayama,97.62%,42,41
46,Nick Hardy,97.56%,41,40
47,Emiliano Grillo,97.50%,40,39
47,Tyrrell Hatton,97.50%,40,39
47,Erik van Rooyen,97.50%,40,39
50,Harris English,97.44%,39,38
50,Mackenzie Hughes,97.44%,39,38
50,Adam Schenk,97.44%,39,38
53,Cam Davis,97.37%,38,37
53,Brian Harman,97.37%,38,37
55,Byeong Hun An,97.30%,37,36
55,Jordan Spieth,97.30%,37,36
57,Jason Day,97.06%,34,33
58,Justin Rose,96.97%,33,32
59,Keegan Bradley,94.00%,50,47
