rank,player,Avg,Tot Dist (ft),Tot Eagles Putts Made.,Longest Made (ft),Shortest Made (ft)
1,Patrick Reed,"62' 6""",62.500,1,63,63
2,Jason Dufner,"30' 7""",61.167,2,58,3
3,Brian Gay,"18' 1""",18.083,1,18,18
4,Kevin Streelman,"15' 9""",15.750,1,16,16
5,Adam Scott,"15' 1""",15.083,1,15,15
6,Martin Laird,"14' 6""",14.500,1,15,15
7,Ryan Moore,"9' 1""",18.167,2,9,9
8,Boo Weekley,"7' 11""",7.917,1,8,8
9,Zach Johnson,"7' 8""",7.667,1,8,8
10,Sangmoon Bae,"5' 9""",5.750,1,6,6
11,Jimmy Walker,"5' 0""",9.917,2,6,4
12,Brandt Snedeker,"3' 8""",3.667,1,4,4
13,Dustin Johnson,"1' 8""",1.667,1,2,2
