rank,player,Avg,Distance (Feet),Total Putts
1,Ryan Moore,"13' 2""",237.583,18
2,Dustin Johnson,"12' 6""",200.167,16
3,Jonas Blixt,"12' 5""",161.417,13
4,Kevin Streelman,"11' 6""",218.833,19
5,Adam Scott,"11' 3""",180.417,16
6,Sangmoon Bae,"10' 9""",182.167,17
6,John Merrick,"10' 9""",107.833,10
6,Brandt Snedeker,"10' 9""",150.917,14
9,Jason Dufner,"10' 2""",163.250,16
9,Patrick Reed,"10' 2""",182.667,18
11,Ken Duke,"10' 1""",171.167,17
12,Brian Gay,"9' 10""",167.167,17
13,Webb Simpson,"9' 6""",152.167,16
14,Woody Austin,"9' 5""",150.250,16
15,Jordan Spieth,"9' 3""",148.417,16
16,Boo Weekley,"9' 2""",91.667,10
17,Martin Laird,"9' 0""",81.250,9
18,Matt Kuchar,"8' 11""",160.500,18
19,Derek Ernst,"8' 10""",53.167,6
20,Zach Johnson,"8' 9""",166.083,19
21,Harris English,"8' 7""",111.750,13
22,Russell Henley,"8' 6""",144.833,17
23,Scott Brown,"8' 4""",149.417,18
24,Bill Haas,"8' 3""",99.000,12
25,D.A. Points,"8' 1""",89.083,11
26,Billy Horschel,"7' 9""",147.333,19
26,Jimmy Walker,"7' 9""",131.167,17
28,Michael Thompson,"7' 4""",94.917,13
29,Chris Kirk,"7' 3""",87.083,12
30,Gary Woodland,"5' 6""",66.083,12
