rank,player,Value,Attempts,Total Distance (Feet)
1,Ryan Moore,"2' 0""",47,93.000
2,Sangmoon Bae,"2' 1""",41,84.833
3,Kevin Streelman,"2' 2""",41,87.500
4,Scott Brown,"2' 3""",47,104.000
4,Adam Scott,"2' 3""",45,101.417
6,Jason Dufner,"2' 4""",45,103.167
6,Gary Woodland,"2' 4""",53,123.667
8,Brian Gay,"2' 5""",48,117.583
8,Martin Laird,"2' 5""",54,131.083
8,Webb Simpson,"2' 5""",45,107.250
8,Boo Weekley,"2' 5""",57,138.167
12,Ken Duke,"2' 6""",46,114.250
12,Matt Kuchar,"2' 6""",45,113.833
12,Patrick Reed,"2' 6""",45,110.833
12,Jordan Spieth,"2' 6""",46,113.333
12,Jimmy Walker,"2' 6""",43,106.167
17,John Merrick,"2' 7""",51,132.167
18,Derek Ernst,"2' 8""",55,146.333
18,Russell Henley,"2' 8""",50,131.583
20,Bill Haas,"2' 9""",50,135.667
20,Dustin Johnson,"2' 9""",50,135.583
20,D.A. Points,"2' 9""",50,137.417
23,Jonas Blixt,"2' 10""",44,124.917
23,Harris English,"2' 10""",48,136.167
23,Billy Horschel,"2' 10""",46,130.250
23,Zach Johnson,"2' 10""",39,110.083
23,Brandt Snedeker,"2' 10""",44,125.083
28,Chris Kirk,"3' 0""",52,154.333
29,Woody Austin,"3' 4""",44,145.333
30,Michael Thompson,"3' 5""",50,170.583
