rank,player,Avg,Distance (Feet),Total Putts
1,Ryan Moore,"11' 1""",277.167,25
2,Dustin Johnson,"10' 5""",229.167,22
3,Kevin Streelman,"9' 0""",261.167,29
4,Ken Duke,"8' 10""",229.917,26
4,Webb Simpson,"8' 10""",230.667,26
6,Jonas Blixt,"8' 9""",235.583,27
6,Brian Gay,"8' 9""",209.167,24
8,Sangmoon Bae,"8' 8""",267.583,31
8,Adam Scott,"8' 8""",234.583,27
10,Michael Thompson,"8' 2""",171.667,21
11,Russell Henley,"8' 1""",170.000,21
12,Jason Dufner,"8' 0""",207.833,26
12,Brandt Snedeker,"8' 0""",215.667,27
14,Billy Horschel,"7' 11""",205.167,26
14,Martin Laird,"7' 11""",142.750,18
16,Patrick Reed,"7' 9""",210.250,27
16,Boo Weekley,"7' 9""",109.000,14
18,John Merrick,"7' 4""",154.417,21
18,Jordan Spieth,"7' 4""",191.250,26
20,Woody Austin,"7' 2""",200.167,28
20,Scott Brown,"7' 2""",179.417,25
20,Matt Kuchar,"7' 2""",193.750,27
23,Derek Ernst,"6' 10""",116.333,17
24,Harris English,"6' 9""",161.083,24
25,Bill Haas,"6' 5""",141.167,22
26,Zach Johnson,"6' 3""",200.167,32
27,Jimmy Walker,"6' 0""",173.167,29
28,Chris Kirk,"5' 8""",113.000,20
28,D.A. Points,"5' 8""",124.417,22
30,Gary Woodland,"5' 1""",91.000,18
