rank,player,Distance in Inches
1,Dustin Johnson,58
1,Ryan Moore,58
1,Kevin Streelman,58
4,Sangmoon Bae,57
4,Jonas Blixt,57
6,Woody Austin,55
6,Ken Duke,55
6,Adam Scott,55
6,Webb Simpson,55
10,Michael Thompson,54
11,Brandt Snedeker,53
12,Brian Gay,52
12,Billy Horschel,52
14,Patrick Reed,51
14,Jordan Spieth,51
16,Matt Kuchar,50
17,Jason Dufner,49
18,Russell Henley,48
19,Zach Johnson,47
20,Scott Brown,46
21,Martin Laird,45
22,Harris English,44
22,Jimmy Walker,44
24,John Merrick,42
25,Bill Haas,40
26,Derek Ernst,39
26,Chris Kirk,39
26,D.A. Points,39
29,Boo Weekley,35
29,Gary Woodland,35
