rank,player,%,Successes,Attempts
1,Daniel Berger,100.00,1,1
1,Jason Dufner,100.00,1,1
1,Hideki Matsuyama,100.00,1,1
4,Mackenzie Hughes,66.67,2,3
4,Brandt Snedeker,66.67,2,3
4,Justin Thomas,66.67,2,3
7,Rod Pampling,50.00,1,2
7,Brendan Steele,50.00,2,4
7,Vaughn Taylor,50.00,2,4
7,Jimmy Walker,50.00,1,2
11,Fabián Gómez,33.33,1,3
11,Billy Hurley III,33.33,1,3
13,Pat Perez,25.00,1,4
14,Patrick Reed,20.00,1,5
15,Si Woo Kim,9.09,1,11
16,Aaron Baddeley,.00,0,3
16,Greg Chalmers,.00,0,2
16,Jason Day,.00,0,1
16,Branden Grace,.00,0,5
16,Cody Gribble,.00,0,3
16,James Hahn,.00,0,2
16,Jim Herman,.00,0,1
16,Charley Hoffman,.00,0,4
16,Russell Knox,.00,0,5
16,Ryan Moore,.00,0,2
16,Jordan Spieth,.00,0,3
16,Brian Stuard,.00,0,1
16,Jhonattan Vegas,.00,0,4
16,Bubba Watson,.00,0,2
