rank,player,%,Par or Better,Missed GIR
1,Dustin Johnson,81.82,9,11
1,Ryan Moore,81.82,9,11
3,Brendan Steele,81.25,13,16
4,Rod Pampling,80.00,8,10
5,Brandt Snedeker,78.57,11,14
6,Daniel Berger,75.00,9,12
6,William McGirt,75.00,6,8
8,Jason Dufner,73.33,11,15
9,Billy Hurley III,70.59,12,17
10,Hideki Matsuyama,70.00,7,10
11,Tony Finau,69.23,9,13
12,Justin Thomas,66.67,6,9
13,Brian Stuard,63.64,7,11
14,Fabián Gómez,62.50,10,16
14,Vaughn Taylor,62.50,10,16
16,Jason Day,61.54,8,13
17,Jim Herman,60.00,6,10
18,Cody Gribble,57.14,12,21
19,Charley Hoffman,55.56,10,18
20,Pat Perez,54.55,6,11
21,James Hahn,53.33,8,15
22,Greg Chalmers,52.38,11,21
23,Russell Knox,50.00,7,14
23,Bubba Watson,50.00,7,14
25,Aaron Baddeley,46.15,6,13
26,Jimmy Walker,45.45,5,11
27,Si Woo Kim,44.00,11,25
28,Mackenzie Hughes,43.75,7,16
29,Patrick Reed,41.67,5,12
29,Jordan Spieth,41.67,5,12
31,Branden Grace,33.33,5,15
32,Jhonattan Vegas,21.43,3,14
