rank,player,%,Successes,Attempts
1,Dustin Johnson,100.00,4,4
1,Ryan Moore,100.00,2,2
1,Rod Pampling,100.00,6,6
4,Billy Hurley III,87.50,7,8
5,Si Woo Kim,85.71,6,7
6,Jason Day,83.33,5,6
6,Jason Dufner,83.33,5,6
8,Hideki Matsuyama,80.00,4,5
8,William McGirt,80.00,4,5
10,Brandt Snedeker,75.00,3,4
11,Brendan Steele,71.43,5,7
12,Daniel Berger,66.67,4,6
12,Charley Hoffman,66.67,4,6
12,Jordan Spieth,66.67,4,6
12,Brian Stuard,66.67,6,9
16,Branden Grace,60.00,3,5
16,Jim Herman,60.00,3,5
16,Vaughn Taylor,60.00,3,5
19,Aaron Baddeley,50.00,1,2
19,Tony Finau,50.00,4,8
19,Russell Knox,50.00,3,6
19,Pat Perez,50.00,2,4
19,Patrick Reed,50.00,3,6
19,Jimmy Walker,50.00,3,6
25,Cody Gribble,45.45,5,11
26,Greg Chalmers,44.44,4,9
27,Fabián Gómez,33.33,2,6
27,Mackenzie Hughes,33.33,2,6
29,James Hahn,30.00,3,10
30,Justin Thomas,25.00,1,4
30,Bubba Watson,25.00,1,4
32,Jhonattan Vegas,.00,0,9
