rank,player,%,Attempts,Non-Attempts,RTP-Going for the green,RTP-Not going for the grn
1,J.B. Holmes,88.00,22,3,-11,E
2,Charley Hoffman,84.00,21,4,-10,-1
2,Billy Horschel,84.00,21,4,-9,E
2,Scott Stallings,84.00,21,4,-12,+3
2,Bubba Watson,84.00,21,4,-11,-1
6,Patrick Reed,80.00,20,5,-14,E
7,Ángel Cabrera,76.00,19,6,-12,E
7,Matt Every,76.00,19,6,-8,+5
9,Sangmoon Bae,72.00,18,7,-9,-3
9,Jason Day,72.00,18,7,-15,+3
9,Brian Harman,72.00,18,7,-7,-3
9,Hunter Mahan,72.00,18,7,-9,-3
9,Ben Martin,72.00,18,7,-9,E
14,Steven Bowditch,68.00,17,8,-8,E
14,Chesson Hadley,68.00,17,8,-10,+2
14,Matt Kuchar,68.00,17,8,-7,-1
14,Hideki Matsuyama,68.00,17,8,-10,-3
14,John Senden,68.00,17,8,-12,E
14,Robert Streb,68.00,17,8,-11,-2
14,Jimmy Walker,68.00,17,8,-12,E
21,Russell Henley,64.00,16,9,-9,-2
21,Chris Kirk,64.00,16,9,-9,+2
21,Geoff Ogilvy,64.00,16,9,-9,-1
21,Kevin Streelman,64.00,16,9,-6,E
25,Zach Johnson,60.00,15,10,-12,-1
25,Matt Jones,60.00,15,10,-9,-3
25,S.Y. Noh,60.00,15,10,-12,+1
28,Ryan Moore,52.00,13,12,-7,-3
28,Nick Taylor,52.00,13,12,-7,+1
28,Camilo Villegas,52.00,13,12,-6,-2
31,Brendon Todd,40.00,10,15,-6,-4
32,Tim Clark,24.00,6,19,-4,-4
32,Ben Crane,24.00,6,19,-3,-4
