rank,player,%,Successes,Attempts,RTP-Successes,RTP-Not going for the grn
1,Russell Henley,50.00,8,16,-7,-2.00
2,S.Y. Noh,40.00,6,15,-6,+1.00
3,Chris Kirk,37.50,6,16,-5,+2.00
4,Bubba Watson,36.36,8,22,-8,-1.00
5,Robert Streb,35.29,6,17,-5,-2.00
5,Jimmy Walker,35.29,6,17,-5,E
7,Brian Harman,33.33,6,18,-4,-3.00
7,Charley Hoffman,33.33,7,21,-5,-1.00
7,Hunter Mahan,33.33,6,18,-5,-3.00
7,Scott Stallings,33.33,7,21,-7,+3.00
11,Ángel Cabrera,31.58,6,19,-6,E
12,Brendon Todd,30.00,3,10,-1,-4.00
13,Steven Bowditch,29.41,5,17,-6,E
14,Matt Jones,26.67,4,15,-4,-3.00
15,Patrick Reed,25.00,5,20,-5,E
15,Kevin Streelman,25.00,4,16,-4,E
17,Chesson Hadley,23.53,4,17,-5,+2.00
18,Nick Taylor,23.08,3,13,-2,+1.00
18,Camilo Villegas,23.08,3,13,-2,-2.00
20,Geoff Ogilvy,18.75,3,16,-3,-1.00
21,Billy Horschel,18.18,4,22,-4,E
22,John Senden,17.65,3,17,-3,E
23,J.B. Holmes,17.39,4,23,-6,E
24,Sangmoon Bae,16.67,3,18,-3,-3.00
24,Ben Crane,16.67,1,6,-1,-4.00
26,Ryan Moore,15.38,2,13,-3,-3.00
27,Hideki Matsuyama,11.76,2,17,-2,-3.00
28,Ben Martin,11.11,2,18,-2,E
29,Matt Every,10.53,2,19,-1,+5.00
30,Jason Day,10.00,2,20,-2,+3.00
31,Zach Johnson,6.67,1,15,-1,-1.00
32,Matt Kuchar,5.88,1,17,-1,-1.00
33,Tim Clark,.00,0,6,E,-4.00
