rank,player,%,Attempts
1,Patrick Reed,100.00,16
2,Charley Hoffman,93.75,15
2,J.B. Holmes,93.75,15
4,Sangmoon Bae,87.50,14
4,Billy Horschel,87.50,14
4,Hideki Matsuyama,87.50,14
4,John Senden,87.50,14
4,Scott Stallings,87.50,14
4,Bubba Watson,87.50,14
10,Steven Bowditch,81.25,13
10,Ángel Cabrera,81.25,13
10,Jason Day,81.25,13
10,Brian Harman,81.25,13
10,Russell Henley,81.25,13
10,Geoff Ogilvy,81.25,13
10,Jimmy Walker,81.25,13
17,Matt Every,75.00,12
17,Chesson Hadley,75.00,12
17,Matt Jones,75.00,12
17,Chris Kirk,75.00,12
17,Matt Kuchar,75.00,12
17,Ben Martin,75.00,12
17,Ryan Moore,75.00,12
17,Kevin Streelman,75.00,12
17,Camilo Villegas,75.00,12
26,Zach Johnson,68.75,11
26,Hunter Mahan,68.75,11
26,S.Y. Noh,68.75,11
26,Robert Streb,68.75,11
30,Brendon Todd,62.50,10
31,Nick Taylor,56.25,9
32,Ben Crane,37.50,6
33,Tim Clark,31.25,5
