rank,player,Avg,Total Dist after GFG Shot,Total GFG Shots
1,Bubba Watson,18.7,"14,840.000",22
2,Russell Henley,19.5,"11,247.000",16
3,Jimmy Walker,20.5,"12,537.000",17
4,Ángel Cabrera,22.2,"15,192.000",19
5,Brian Harman,22.3,"14,472.000",18
6,Chris Kirk,22.4,"12,903.000",16
7,Camilo Villegas,23.2,"10,844.000",13
8,S.Y. Noh,23.7,"12,779.000",15
9,Hideki Matsuyama,24.2,"14,789.000",17
9,John Senden,24.2,"14,803.000",17
11,Hunter Mahan,24.3,"15,718.000",18
12,Scott Stallings,24.4,"18,449.000",21
13,Matt Jones,24.6,"13,265.000",15
14,J.B. Holmes,25.0,"20,725.000",23
15,Patrick Reed,25.1,"18,047.000",20
16,Ben Crane,25.5,"5,506.000",6
17,Steven Bowditch,25.6,"15,646.000",17
17,Charley Hoffman,25.6,"19,378.000",21
19,Chesson Hadley,26.3,"16,109.000",17
19,Nick Taylor,26.3,"12,305.000",13
21,Sangmoon Bae,27.4,"17,732.000",18
22,Kevin Streelman,27.9,"16,057.000",16
23,Brendon Todd,28.2,"10,160.000",10
24,Ben Martin,28.8,"18,654.000",18
25,Ryan Moore,29.0,"13,592.000",13
26,Robert Streb,29.9,"18,302.000",17
27,Jason Day,30.4,"21,911.000",20
27,Geoff Ogilvy,30.4,"17,513.000",16
29,Matt Kuchar,30.5,"18,659.000",17
30,Zach Johnson,30.8,"16,655.000",15
31,Billy Horschel,31.7,"25,141.000",22
32,Matt Every,33.0,"22,549.000",19
33,Tim Clark,40.2,"8,690.000",6
