rank,player,%,# of Birdie or Better,Attempts,RTP-Successes,RTP-Not going for the grn
1,Zach Johnson,80.00,12,15,-12,-1.00
2,Jason Day,75.00,15,20,-15,+3.00
3,S.Y. Noh,73.33,11,15,-12,+1.00
4,Robert Streb,70.59,12,17,-12,-2.00
4,Jimmy Walker,70.59,12,17,-12,E
6,Patrick Reed,70.00,14,20,-14,E
7,Geoff Ogilvy,68.75,11,16,-11,-1.00
8,Tim Clark,66.67,4,6,-4,-4.00
9,John Senden,64.71,11,17,-12,E
10,Ángel Cabrera,63.16,12,19,-12,E
11,Russell Henley,62.50,10,16,-10,-2.00
11,Chris Kirk,62.50,10,16,-10,+2.00
13,Scott Stallings,61.90,13,21,-13,+3.00
14,Matt Jones,60.00,9,15,-9,-3.00
14,Brendon Todd,60.00,6,10,-6,-4.00
16,Chesson Hadley,58.82,10,17,-11,+2.00
16,Hideki Matsuyama,58.82,10,17,-10,-3.00
18,Sangmoon Bae,55.56,10,18,-10,-3.00
19,Bubba Watson,54.55,12,22,-12,-1.00
20,Ryan Moore,53.85,7,13,-8,-3.00
20,Nick Taylor,53.85,7,13,-7,+1.00
22,Matt Every,52.63,10,19,-10,+5.00
23,Charley Hoffman,52.38,11,21,-11,-1.00
24,Ben Crane,50.00,3,6,-3,-4.00
24,Brian Harman,50.00,9,18,-9,-3.00
24,Hunter Mahan,50.00,9,18,-9,-3.00
24,Ben Martin,50.00,9,18,-10,E
28,Steven Bowditch,47.06,8,17,-9,E
29,Camilo Villegas,46.15,6,13,-6,-2.00
30,Kevin Streelman,43.75,7,16,-7,E
31,J.B. Holmes,43.48,10,23,-12,E
32,Matt Kuchar,41.18,7,17,-7,-1.00
33,Billy Horschel,40.91,9,22,-9,E
