rank,player,%,Successes,Attempts
1,Stuart Appleby,60.00,3,5
2,Michael Campbell,50.00,3,6
2,Justin Leonard,50.00,3,6
2,Peter Lonard,50.00,3,6
2,Tim Petrovic,50.00,4,8
6,Olin Browne,44.44,4,9
6,Fred Funk,44.44,4,9
8,Vaughn Taylor,40.00,2,5
9,Jason Bohn,37.50,3,8
10,Bart Bryant,33.33,2,6
10,K.J. Choi,33.33,2,6
10,Robert Gamez,33.33,3,9
10,Sergio Garcia,33.33,1,3
10,David Toms,33.33,2,6
15,Brad Faxon,28.57,4,14
16,Mark Calcavecchia,25.00,1,4
16,Kenny Perry,25.00,1,4
16,Ted Purdy,25.00,2,8
16,Vijay Singh,25.00,1,4
20,Jason Gore,18.18,2,11
21,Carl Pettersson,14.29,1,7
21,Heath Slocum,14.29,1,7
23,Geoff Ogilvy,12.50,1,8
24,Ben Crane,11.11,1,9
25,Jim Furyk,.00,0,2
25,Lucas Glover,.00,0,4
25,Sean O'Hair,.00,0,9
25,"Wes Short, Jr.",.00,0,3
