rank,player,%,Successes,Attempts
1,Peter Lonard,87.50,7,8
2,Stuart Appleby,75.00,6,8
3,Justin Leonard,72.73,8,11
4,Sergio Garcia,71.43,5,7
5,Mark Calcavecchia,66.67,8,12
6,Tim Petrovic,60.00,6,10
6,Vijay Singh,60.00,3,5
6,Vaughn Taylor,60.00,3,5
9,K.J. Choi,55.56,5,9
10,Jason Bohn,53.85,7,13
11,Michael Campbell,50.00,5,10
11,Lucas Glover,50.00,5,10
13,Fred Funk,45.45,5,11
14,Ben Crane,44.44,8,18
14,Kenny Perry,44.44,4,9
16,Sean O'Hair,43.75,7,16
17,Robert Gamez,38.46,5,13
18,David Toms,36.36,4,11
19,Brad Faxon,33.33,2,6
19,Jason Gore,33.33,3,9
19,"Wes Short, Jr.",33.33,3,9
22,Carl Pettersson,30.77,4,13
23,Olin Browne,30.00,3,10
24,Jim Furyk,25.00,1,4
25,Geoff Ogilvy,20.00,1,5
26,Heath Slocum,12.50,1,8
27,Bart Bryant,.00,0,1
27,Ted Purdy,.00,0,9
