rank,player,%,# Saves,# Bunkers,Total O/U Par
1,Ben Crane,100.00,3,3,E
2,"Wes Short, Jr.",80.00,4,5,+1.00
3,Mark Calcavecchia,75.00,3,4,E
3,Lucas Glover,75.00,3,4,E
3,Tim Petrovic,75.00,3,4,+2.00
6,Brad Faxon,71.43,5,7,+1.00
6,Peter Lonard,71.43,5,7,+1.00
8,Michael Campbell,66.67,2,3,+1.00
8,Vaughn Taylor,66.67,2,3,+1.00
10,Stuart Appleby,50.00,1,2,+1.00
10,Jason Bohn,50.00,1,2,+1.00
10,Jim Furyk,50.00,1,2,+1.00
10,Robert Gamez,50.00,2,4,+2.00
10,Sergio Garcia,50.00,1,2,+1.00
10,Geoff Ogilvy,50.00,1,2,+1.00
10,Kenny Perry,50.00,1,2,+1.00
17,K.J. Choi,40.00,2,5,+3.00
18,Justin Leonard,33.33,1,3,+3.00
18,Ted Purdy,33.33,2,6,+4.00
18,Vijay Singh,33.33,1,3,+1.00
21,Heath Slocum,25.00,1,4,+1.00
22,Jason Gore,20.00,1,5,+3.00
22,Sean O'Hair,20.00,1,5,+8.00
24,Olin Browne,.00,0,1,+1.00
24,Bart Bryant,.00,0,3,+3.00
24,Fred Funk,.00,0,3,+3.00
24,Carl Pettersson,.00,0,4,+3.00
24,David Toms,.00,0,1,+1.00
