rank,player,%,Par or Better,Missed GIR
1,Stuart Appleby,80.00,16,20
2,Peter Lonard,70.37,19,27
3,Sergio Garcia,68.18,15,22
4,Justin Leonard,66.67,16,24
5,Vaughn Taylor,60.00,9,15
6,Michael Campbell,56.52,13,23
7,Vijay Singh,56.25,9,16
8,Mark Calcavecchia,56.00,14,25
9,"Wes Short, Jr.",53.85,14,26
10,K.J. Choi,51.72,15,29
11,Ben Crane,51.35,19,37
12,Jason Bohn,50.00,12,24
12,Fred Funk,50.00,15,30
12,Robert Gamez,50.00,14,28
12,Tim Petrovic,50.00,15,30
16,Lucas Glover,47.83,11,23
17,Brad Faxon,47.22,17,36
18,Jim Furyk,47.06,8,17
19,Olin Browne,43.33,13,30
20,David Toms,41.67,10,24
21,Geoff Ogilvy,40.91,9,22
22,Kenny Perry,39.13,9,23
23,Sean O'Hair,34.38,11,32
24,Jason Gore,33.33,10,30
25,Carl Pettersson,32.00,8,25
26,Ted Purdy,29.63,8,27
27,Bart Bryant,26.67,4,15
28,Heath Slocum,26.09,6,23
