rank,player,Avg,GIR Putts,Greens Hit,Birdie Conversion
1,Geoff Ogilvy,1.645,102,62,45.16
2,Daniel Chopra,1.654,86,52,42.31
3,Ryuji Imada,1.673,92,55,38.18
4,Steve Lowery,1.696,95,56,41.07
5,Davis Love III,1.698,107,63,32.26
6,Zach Johnson,1.707,99,58,34.48
7,Parker McLachlin,1.729,102,59,28.81
8,Ryan Palmer,1.745,89,51,31.37
9,K.J. Choi,1.746,103,59,32.20
10,Ernie Els,1.750,98,56,35.71
10,Dustin Johnson,1.750,105,60,38.33
12,Anthony Kim,1.754,107,61,39.34
13,Will MacKenzie,1.758,109,62,32.26
14,Cameron Beckman,1.759,102,58,29.31
15,Kenny Perry,1.762,111,63,30.16
16,Adam Scott,1.768,99,56,30.36
17,Justin Leonard,1.769,115,65,32.31
18,Johnson Wagner,1.770,108,61,29.51
19,Camilo Villegas,1.774,110,62,35.48
20,Chez Reavie,1.778,112,63,25.81
21,Richard Johnson,1.782,98,55,29.09
22,Marc Turnesa,1.796,88,49,30.61
23,Brian Gay,1.797,106,59,23.73
24,Stewart Cink,1.807,103,57,25.00
24,Carl Pettersson,1.807,103,57,28.07
26,Sean O'Hair,1.810,114,63,34.92
26,D.J. Trahan,1.810,114,63,31.75
28,Greg Kraft,1.811,96,53,24.53
29,J.B. Holmes,1.815,98,54,40.74
30,Vijay Singh,1.860,106,57,38.60
31,Trevor Immelman,1.887,117,62,25.81
32,Boo Weekley,1.891,121,64,31.25
33,Andres Romero,1.904,99,52,26.92
