rank,player,Value,Attempts(<= 5'),Tot Made (>=20'),Tot Made (<= 5')
1,Geoff Ogilvy,107.14,56,4,56
2,D.J. Trahan,105.00,60,3,60
3,Will MacKenzie,103.85,52,3,51
4,Brian Gay,103.33,60,3,59
5,Richard Johnson,101.96,51,1,51
6,Ryan Palmer,101.92,52,2,51
7,Anthony Kim,101.89,53,2,52
8,Zach Johnson,101.85,54,3,52
9,Greg Kraft,101.82,55,3,53
10,Cameron Beckman,101.79,56,1,56
11,Dustin Johnson,101.75,57,2,56
12,Davis Love III,101.72,58,4,55
13,Johnson Wagner,101.69,59,3,57
14,Daniel Chopra,100.00,52,2,50
14,Ryuji Imada,100.00,53,2,51
14,Steve Lowery,100.00,54,2,52
14,Sean O'Hair,100.00,58,1,57
14,Adam Scott,100.00,64,1,63
19,Justin Leonard,98.33,60,0,59
19,Parker McLachlin,98.33,60,2,57
21,Boo Weekley,98.21,56,2,53
22,Kenny Perry,98.18,55,0,54
23,Ernie Els,96.72,61,1,58
24,Carl Pettersson,96.61,59,1,56
25,Camilo Villegas,96.49,57,2,53
26,Chez Reavie,96.30,54,1,51
27,Andres Romero,95.31,64,1,60
28,Stewart Cink,95.24,63,1,59
29,Vijay Singh,95.00,60,1,56
30,Trevor Immelman,94.92,59,2,54
31,K.J. Choi,94.83,58,0,55
32,Marc Turnesa,94.23,52,2,47
33,J.B. Holmes,93.65,63,1,58
