rank,player,Avg,# of Putts,# of Holes
1,Daniel Chopra,1.597,115,72
1,Ryuji Imada,1.597,115,72
3,Ernie Els,1.611,116,72
3,Geoff Ogilvy,1.611,116,72
5,Zach Johnson,1.639,118,72
6,Richard Johnson,1.667,120,72
6,Greg Kraft,1.667,120,72
6,Ryan Palmer,1.667,120,72
9,K.J. Choi,1.681,121,72
9,Brian Gay,1.681,121,72
9,Anthony Kim,1.681,121,72
9,Parker McLachlin,1.681,121,72
13,Dustin Johnson,1.694,122,72
13,Davis Love III,1.694,122,72
13,Steve Lowery,1.694,122,72
13,Will MacKenzie,1.694,122,72
13,Adam Scott,1.694,122,72
13,Marc Turnesa,1.694,122,72
19,Justin Leonard,1.708,123,72
19,Kenny Perry,1.708,123,72
19,Carl Pettersson,1.708,123,72
19,Camilo Villegas,1.708,123,72
19,Johnson Wagner,1.708,123,72
24,Cameron Beckman,1.722,124,72
24,Chez Reavie,1.722,124,72
26,Stewart Cink,1.736,125,72
26,Sean O'Hair,1.736,125,72
28,Andres Romero,1.764,127,72
29,J.B. Holmes,1.778,128,72
29,D.J. Trahan,1.778,128,72
31,Vijay Singh,1.792,129,72
32,Trevor Immelman,1.806,130,72
33,Boo Weekley,1.847,133,72
