rank,player,Total
1,Cameron Beckman,17.4
2,Will MacKenzie,20.8
3,Ryan Palmer,23.6
4,Zach Johnson,24.1
5,Geoff Ogilvy,24.3
6,Brian Gay,27.7
7,Anthony Kim,29.4
8,Greg Kraft,30.7
8,Carl Pettersson,30.7
10,Johnson Wagner,31.0
11,Richard Johnson,31.4
12,Parker McLachlin,31.9
13,Ryuji Imada,32.0
14,Kenny Perry,32.5
15,Chez Reavie,35.6
16,Steve Lowery,36.3
17,D.J. Trahan,36.5
18,Daniel Chopra,37.3
19,Adam Scott,37.6
20,Justin Leonard,37.8
21,Ernie Els,38.1
22,K.J. Choi,39.4
23,Davis Love III,39.6
24,Marc Turnesa,40.3
25,Sean O'Hair,41.4
26,J.B. Holmes,41.5
27,Dustin Johnson,41.8
28,Boo Weekley,42.7
29,Stewart Cink,43.8
30,Trevor Immelman,44.0
31,Andres Romero,47.0
32,Camilo Villegas,47.2
33,Vijay Singh,52.8
