rank,player,%,# Birdies,Greens Hit
1,Geoff Ogilvy,45.16,28,62
2,Daniel Chopra,42.31,22,52
3,Steve Lowery,41.07,23,56
4,J.B. Holmes,40.74,22,54
5,Anthony Kim,39.34,24,61
6,Vijay Singh,38.60,22,57
7,Dustin Johnson,38.33,23,60
8,Ryuji Imada,38.18,21,55
9,Ernie Els,35.71,20,56
10,Camilo Villegas,35.48,22,62
11,Sean O'Hair,34.92,22,63
12,Zach Johnson,34.48,20,58
13,Justin Leonard,32.31,21,65
14,Davis Love III,32.26,20,62
14,Will MacKenzie,32.26,20,62
16,K.J. Choi,32.20,19,59
17,D.J. Trahan,31.75,20,63
18,Ryan Palmer,31.37,16,51
19,Boo Weekley,31.25,20,64
20,Marc Turnesa,30.61,15,49
21,Adam Scott,30.36,17,56
22,Kenny Perry,30.16,19,63
23,Johnson Wagner,29.51,18,61
24,Cameron Beckman,29.31,17,58
25,Richard Johnson,29.09,16,55
26,Parker McLachlin,28.81,17,59
27,Carl Pettersson,28.07,16,57
28,Andres Romero,26.92,14,52
29,Trevor Immelman,25.81,16,62
29,Chez Reavie,25.81,16,62
31,Stewart Cink,25.00,14,56
32,Greg Kraft,24.53,13,53
33,Brian Gay,23.73,14,59
