rank,player,Avg,Total Distance (feet),# of Attempts,Relative to par
1,Paul Casey,"10""",.833,1,E
2,Kevin Na,"4' 11""",4.917,1,+1
3,Jhonattan Vegas,"6' 6""",6.500,1,-1
4,Charles Howell III,"6' 10""",6.833,1,E
5,Nick Taylor,"7' 2""",14.333,2,-2
6,Ben Martin,"7' 3""",7.250,1,E
7,Luke Donald,"7' 7""",15.083,2,-2
8,Stuart Appleby,"7' 8""",7.667,1,-1
9,Justin Thomas,"9' 8""",9.667,1,+1
10,Steven Bowditch,"9' 10""",9.833,1,E
11,Ryan Palmer,"10' 5""",10.417,1,+1
12,Blayne Barber,"10' 9""",21.500,2,E
13,Jason Day,"11' 10""",35.500,3,+1
14,Jason Kokrak,"12' 9""",25.417,2,-1
15,Marc Leishman,"13' 0""",26.000,2,-1
16,J.J. Henry,"13' 2""",13.167,1,-1
17,David Hearn,"13' 11""",13.917,1,E
18,Zac Blair,"14' 5""",14.417,1,+1
19,James Hahn,"15' 4""",15.333,1,E
20,Scott Langley,"15' 6""",15.500,1,E
21,Chris Kirk,"15' 11""",15.917,1,+1
22,Max Homa,"17' 0""",17.000,1,E
23,Spencer Levin,"17' 5""",17.417,1,E
24,Troy Merritt,"17' 6""",17.500,1,E
25,Roger Sloan,"17' 7""",17.583,1,+1
26,Scott Pinckney,"18' 6""",36.917,2,+1
27,Zach Johnson,"18' 7""",18.583,1,E
28,Shawn Stefani,"19' 9""",39.417,2,+1
29,Kenny Perry,"20' 2""",40.333,2,E
30,Matt Kuchar,"20' 3""",40.417,2,-1
31,Sangmoon Bae,"21' 8""",64.917,3,+1
32,Andrew Svoboda,"22' 5""",44.833,2,+1
33,Hyung-Sung Kim,"22' 7""",22.583,1,+1
34,Jeff Overton,"25' 4""",50.583,2,E
35,Michael Putnam,"25' 10""",51.583,2,E
36,Daniel Berger,"26' 5""",26.417,1,E
37,Daniel Summerhays,"27' 5""",54.750,2,+1
38,Robert Streb,"27' 8""",27.667,1,E
39,Russell Henley,"28' 4""",28.333,1,E
40,Brian Harman,"31' 0""",31.000,1,E
41,Brian Davis,"34' 6""",34.500,1,E
42,Gary Woodland,"37' 5""",37.417,1,+1
43,Justin Leonard,"43' 5""",43.417,1,E
44,Scott Piercy,"48' 5""",96.833,2,E
45,Camilo Villegas,"50' 3""",50.250,1,E
46,Brendon Todd,"52' 0""",52.000,1,+2
47,Russell Knox,"139' 11""",139.917,1,+1
