rank,player,Avg,Total Distance (feet),# of Attempts,Relative to par
1,Nick Taylor,"7' 2""",14.333,2,-2
2,Jerry Kelly,"8' 2""",8.167,1,-1
3,Stuart Appleby,"8' 6""",16.917,2,-2
4,Justin Thomas,"9' 8""",9.667,1,+1
5,J.J. Henry,"10' 4""",20.667,2,-2
6,Blayne Barber,"10' 9""",21.500,2,E
7,Zach Johnson,"11' 6""",22.917,2,-1
8,Chez Reavie,"11' 7""",11.583,1,-1
9,Ryan Palmer,"11' 8""",23.250,2,+1
10,Paul Casey,"12' 1""",24.083,2,E
11,Colt Knost,"12' 8""",38.083,3,E
12,Jason Kokrak,"12' 9""",25.417,2,-1
13,Shawn Stefani,"13' 8""",41.000,3,E
13,Jhonattan Vegas,"13' 8""",27.250,2,-1
15,Max Homa,"13' 11""",27.750,2,E
16,Zac Blair,"14' 5""",14.417,1,+1
17,James Hahn,"15' 4""",15.333,1,E
17,Marc Leishman,"15' 4""",46.000,3,-1
19,Scott Langley,"15' 6""",15.500,1,E
20,Sangmoon Bae,"16' 9""",83.833,5,E
21,Boo Weekley,"17' 2""",17.167,1,+1
22,Spencer Levin,"17' 5""",17.417,1,E
23,Troy Merritt,"17' 6""",17.500,1,E
24,Roger Sloan,"17' 8""",35.333,2,+1
25,Kenny Perry,"18' 0""",54.083,3,E
26,Charles Howell III,"18' 3""",36.500,2,E
27,Jason Day,"19' 9""",157.833,8,-1
27,Hyung-Sung Kim,"19' 9""",79.083,4,-1
29,Matt Kuchar,"20' 3""",40.417,2,-1
30,Russell Henley,"21' 0""",62.917,3,+1
31,Nicholas Thompson,"21' 4""",42.667,2,+1
32,Daniel Summerhays,"22' 3""",66.750,3,+1
33,Andrew Svoboda,"22' 5""",44.833,2,+1
34,Chris Kirk,"23' 8""",47.333,2,+2
35,Stewart Cink,"23' 11""",71.750,3,-1
36,David Hearn,"24' 5""",97.667,4,E
37,Michael Putnam,"25' 10""",51.583,2,E
38,Chad Collins,"26' 3""",52.500,2,-1
39,Daniel Berger,"26' 5""",26.417,1,E
40,Morgan Hoffmann,"26' 8""",26.667,1,E
40,Kevin Na,"26' 8""",80.083,3,+1
42,Steven Bowditch,"29' 3""",58.417,2,E
42,Scott Pinckney,"29' 3""",116.833,4,+1
44,Harris English,"29' 5""",88.250,3,-1
45,Brian Harman,"31' 10""",63.667,2,E
45,Jeff Overton,"31' 10""",127.250,4,+1
47,Brian Davis,"34' 6""",34.500,1,E
48,Matt Jones,"34' 7""",103.833,3,+2
49,Robert Streb,"34' 11""",139.583,4,E
50,Gary Woodland,"37' 5""",37.417,1,+1
51,Camilo Villegas,"37' 9""",151.083,4,+1
52,Scott Piercy,"39' 1""",156.167,4,-1
53,Brendon Todd,"40' 11""",122.667,3,+2
54,Luke Donald,"41' 11""",125.667,3,E
55,Justin Leonard,"43' 5""",43.417,1,E
56,Tim Clark,"44' 5""",44.417,1,E
57,Ben Martin,"59' 10""",119.583,2,E
58,Tom Johnson,"74' 11""",74.917,1,E
59,Webb Simpson,"81' 2""",162.250,2,+1
60,Russell Knox,"139' 11""",139.917,1,+1
61,Francesco Molinari,"144' 3""",144.250,1,E
