rank,player,Avg,Total Distance (feet),# of Attempts,Relative to par
1,J.J. Henry,"7' 7""",7.583,1,-2
2,Roger Sloan,"20' 11""",20.917,1,-1
3,Nick Taylor,"23' 5""",23.417,1,-1
4,Zac Blair,"24' 6""",24.500,1,-1
5,Shawn Stefani,"26' 7""",53.167,2,-1
6,Scott Piercy,"32' 9""",98.250,3,-2
7,Justin Leonard,"35' 8""",35.667,1,E
8,Marc Leishman,"38' 2""",38.167,1,-1
9,Colt Knost,"39' 5""",78.833,2,-2
10,Max Homa,"43' 5""",86.750,2,-1
11,Jhonattan Vegas,"46' 2""",92.333,2,-1
12,Steven Bowditch,"47' 6""",95.000,2,-1
13,Blayne Barber,"48' 5""",193.583,4,E
14,Russell Knox,"49' 1""",49.083,1,E
15,Kevin Na,"51' 3""",153.750,3,+2
16,Zach Johnson,"53' 10""",107.667,2,-2
17,Michael Putnam,"55' 0""",110.000,2,-1
18,K.J. Choi,"55' 5""",166.333,3,-2
19,Brian Davis,"56' 10""",227.167,4,-1
20,Camilo Villegas,"57' 5""",57.417,1,-1
21,Luke Donald,"58' 1""",174.333,3,-1
22,Matt Jones,"58' 6""",58.500,1,-1
23,Jeff Overton,"58' 10""",294.167,5,-3
24,Sangmoon Bae,"61' 7""",123.167,2,E
25,Pat Perez,"61' 10""",185.583,3,-2
26,Matt Kuchar,"62' 11""",125.833,2,-1
27,Jimmy Walker,"65' 11""",131.833,2,E
28,Stuart Appleby,"68' 9""",68.750,1,E
29,Andrew Svoboda,"69' 5""",69.417,1,-1
30,Mark Hubbard,"69' 8""",139.333,2,+1
31,Morgan Hoffmann,"71' 1""",284.417,4,E
32,Charles Howell III,"71' 7""",71.583,1,-1
33,Scott Langley,"72' 7""",72.583,1,E
34,Webb Simpson,"76' 8""",153.250,2,-1
35,Stewart Cink,"77' 0""",231.083,3,-1
36,Kenny Perry,"77' 11""",311.750,4,-4
37,Francesco Molinari,"78' 6""",157.000,2,-2
38,Kevin Streelman,"81' 10""",81.833,1,E
39,Spencer Levin,"83' 7""",83.583,1,-1
40,Chez Reavie,"86' 10""",173.667,2,-1
41,Tom Johnson,"87' 2""",87.167,1,E
42,Harris English,"87' 11""",175.750,2,-1
43,Daniel Berger,"88' 5""",265.250,3,-1
44,Boo Weekley,"89' 5""",178.750,2,+1
45,WC Liang,"94' 5""",188.750,2,-1
46,John Peterson,"96' 7""",96.583,1,E
47,Nicholas Thompson,"97' 1""",97.083,1,E
48,James Hahn,"101' 5""",101.417,1,+1
49,Ryan Palmer,"102' 4""",102.333,1,E
50,Chad Collins,"102' 11""",102.917,1,E
51,Justin Thomas,"105' 5""",210.750,2,+1
52,Troy Merritt,"113' 4""",113.333,1,+1
53,Tim Clark,"125' 6""",125.500,1,E
54,Paul Casey,"131' 4""",131.333,1,-1
55,Robert Streb,"154' 5""",154.417,1,E
