rank,player,Avg,Total Distance (feet),# of Attempts,Relative to par
1,Shawn Stefani,"1' 7""",1.583,1,-1
2,Stuart Appleby,"9' 3""",9.250,1,-1
3,Max Homa,"10' 9""",10.750,1,E
4,Colt Knost,"12' 8""",38.083,3,E
5,Ryan Palmer,"12' 10""",12.833,1,E
6,Russell Henley,"13' 6""",13.500,1,E
7,Kenny Perry,"13' 9""",13.750,1,E
8,Roger Sloan,"17' 9""",17.750,1,E
9,Marc Leishman,"20' 0""",20.000,1,E
10,Hyung-Sung Kim,"20' 4""",40.667,2,-1
11,Jhonattan Vegas,"20' 9""",20.750,1,E
12,Harris English,"21' 9""",43.500,2,-1
13,Paul Casey,"23' 3""",23.250,1,E
14,Stewart Cink,"23' 11""",71.750,3,-1
15,Chad Collins,"26' 3""",52.500,2,-1
16,Charles Howell III,"29' 8""",29.667,1,E
16,Scott Piercy,"29' 8""",59.333,2,-1
18,Chris Kirk,"31' 5""",31.417,1,+1
19,Nicholas Thompson,"31' 9""",31.750,1,+1
20,Brian Harman,"32' 8""",32.667,1,E
21,Jason Day,"32' 9""",98.333,3,-2
22,Brendon Todd,"33' 2""",33.167,1,E
23,David Hearn,"34' 9""",69.500,2,E
24,Matt Jones,"35' 5""",70.833,2,+1
25,Kevin Na,"37' 7""",75.167,2,E
26,Scott Pinckney,"40' 0""",79.917,2,E
27,Tim Clark,"44' 5""",44.417,1,E
28,Jeff Overton,"46' 7""",46.583,1,+1
29,Camilo Villegas,"46' 11""",93.750,2,+2
30,Steven Bowditch,"48' 7""",48.583,1,E
31,Robert Streb,"52' 10""",105.583,2,+1
32,Tom Johnson,"74' 11""",74.917,1,E
33,Webb Simpson,"81' 2""",162.250,2,+1
34,Luke Donald,"110' 7""",110.583,1,+2
35,Ben Martin,"112' 4""",112.333,1,E
36,Francesco Molinari,"144' 3""",144.250,1,E
