rank,player,Avg,Total Distance (feet),# of Attempts,Relative to par
1,Daniel Berger,"6' 11""",6.917,1,E
2,Chris Kirk,"16' 3""",65.083,4,-1
3,Zach Johnson,"16' 4""",32.583,2,E
4,James Hahn,"18' 5""",36.833,2,-1
5,Ben Martin,"18' 8""",74.500,4,-1
6,Michael Putnam,"18' 10""",56.500,3,-1
7,Paul Casey,"19' 0""",76.083,4,-1
8,Boo Weekley,"19' 8""",137.833,7,+1
9,Camilo Villegas,"20' 7""",82.250,4,-2
10,Brendon Todd,"21' 3""",106.083,5,E
11,Russell Henley,"21' 6""",64.417,3,+1
12,Brian Davis,"23' 1""",92.167,4,E
13,Brian Harman,"23' 5""",140.333,6,-1
14,Colt Knost,"24' 1""",96.417,4,E
14,Daniel Summerhays,"24' 1""",48.167,2,+1
16,Hyung-Sung Kim,"25' 3""",75.667,3,-1
16,Gary Woodland,"25' 3""",75.667,3,+1
18,Webb Simpson,"26' 1""",130.250,5,-1
19,Mark Hubbard,"26' 5""",79.167,3,E
20,Zac Blair,"26' 7""",53.083,2,E
21,Jimmy Walker,"27' 7""",55.167,2,E
22,Stewart Cink,"27' 8""",165.750,6,E
23,Sangmoon Bae,"28' 4""",85.083,3,E
23,Matt Kuchar,"28' 4""",198.250,7,-1
25,Scott Pinckney,"29' 4""",117.333,4,E
26,Rory Sabbatini,"29' 8""",59.250,2,E
27,Troy Merritt,"30' 1""",60.167,2,-1
28,Max Homa,"31' 3""",125.000,4,E
29,Russell Knox,"31' 4""",62.583,2,+1
30,Tom Johnson,"31' 5""",125.583,4,E
31,Harris English,"31' 8""",94.917,3,+1
32,Jhonattan Vegas,"31' 10""",63.667,2,-1
33,Jeff Overton,"32' 2""",32.167,1,E
34,Luke Donald,"32' 6""",162.500,5,+1
35,Pat Perez,"32' 9""",65.500,2,+1
36,Blayne Barber,"33' 1""",66.167,2,E
37,Marc Leishman,"33' 5""",133.667,4,E
38,Francesco Molinari,"33' 9""",135.000,4,+1
39,K.J. Choi,"34' 0""",170.083,5,-1
40,Jerry Kelly,"34' 9""",208.250,6,+1
41,WC Liang,"34' 11""",383.833,11,+1
42,Derek Fathauer,"35' 4""",176.667,5,+1
43,Scott Piercy,"35' 9""",71.500,2,E
44,Andrew Svoboda,"36' 6""",182.667,5,+1
45,Morgan Hoffmann,"37' 4""",112.000,3,-1
46,Spencer Levin,"37' 9""",75.500,2,E
47,J.J. Henry,"37' 11""",75.750,2,E
48,Ryan Palmer,"38' 1""",190.583,5,+1
49,John Peterson,"39' 1""",156.167,4,E
50,Jason Day,"39' 3""",196.333,5,+1
51,Shawn Stefani,"39' 7""",79.083,2,E
52,David Hearn,"40' 1""",160.333,4,E
53,Tim Clark,"40' 2""",80.250,2,E
54,Kevin Streelman,"40' 6""",81.000,2,E
55,Scott Langley,"40' 10""",122.583,3,E
56,Jason Kokrak,"41' 2""",205.917,5,E
57,Nick Taylor,"42' 4""",338.417,8,+1
58,Robert Streb,"45' 1""",90.167,2,E
59,Roger Sloan,"45' 11""",183.500,4,E
60,Justin Leonard,"46' 8""",46.667,1,E
61,Matt Jones,"48' 2""",192.500,4,+1
62,Kenny Perry,"48' 11""",195.583,4,E
63,Stuart Appleby,"49' 3""",246.083,5,+2
64,Kevin Na,"49' 10""",199.333,4,+1
65,Steven Bowditch,"50' 4""",302.167,6,+2
66,Charles Howell III,"53' 4""",213.417,4,E
67,Nicholas Thompson,"53' 8""",161.083,3,E
68,Justin Thomas,"54' 2""",54.167,1,+1
69,Chad Collins,"56' 11""",56.917,1,E
