rank,player,Avg,Total Distance (feet),# of Attempts,Relative to par
1,Pat Perez,"7' 0""",7.000,1,+1
2,Justin Thomas,"10' 2""",20.250,2,E
3,Blayne Barber,"10' 9""",21.500,2,E
4,Paul Casey,"12' 1""",24.083,2,E
5,Shawn Stefani,"13' 11""",55.500,4,E
6,Colt Knost,"14' 6""",57.833,4,+1
7,Russell Henley,"16' 1""",64.417,4,-1
8,Charles Howell III,"16' 9""",66.833,4,-1
9,Spencer Levin,"17' 5""",17.417,1,E
10,Troy Merritt,"17' 6""",17.500,1,E
11,Zach Johnson,"18' 7""",18.583,1,E
12,Derek Fathauer,"19' 0""",37.917,2,E
13,Zac Blair,"19' 7""",39.083,2,+1
14,Jimmy Walker,"19' 9""",19.750,1,E
15,Steven Bowditch,"20' 1""",120.583,6,+1
16,Max Homa,"20' 9""",103.583,5,E
17,Hyung-Sung Kim,"21' 1""",63.250,3,E
18,Kevin Streelman,"21' 2""",21.167,1,E
19,WC Liang,"21' 3""",42.417,2,E
20,Chad Collins,"21' 4""",64.083,3,-1
21,Stewart Cink,"21' 9""",87.000,4,-1
22,Jason Day,"21' 11""",197.083,9,-1
23,Harris English,"22' 1""",88.333,4,-1
23,Daniel Summerhays,"22' 1""",66.250,3,+1
25,Andrew Svoboda,"22' 5""",44.833,2,+1
26,Scott Langley,"23' 6""",70.583,3,E
27,Roger Sloan,"23' 7""",70.833,3,+2
28,Chris Kirk,"23' 8""",70.917,3,+2
29,Michael Putnam,"25' 10""",51.583,2,E
30,Daniel Berger,"26' 5""",26.417,1,E
30,Ryan Palmer,"26' 5""",105.667,4,+1
32,Mark Hubbard,"27' 0""",27.000,1,E
33,Jeff Overton,"27' 1""",162.250,6,+1
34,Sangmoon Bae,"27' 3""",108.917,4,+1
35,Brian Harman,"27' 10""",139.167,5,-1
35,David Hearn,"27' 10""",83.417,3,E
37,Nick Taylor,"28' 3""",113.083,4,+2
38,Stuart Appleby,"28' 5""",85.167,3,-2
39,Gary Woodland,"28' 11""",144.750,5,+1
40,Scott Pinckney,"29' 3""",116.833,4,+1
41,Jason Kokrak,"29' 7""",148.000,5,-1
42,Jhonattan Vegas,"30' 0""",120.000,4,E
43,Scott Piercy,"30' 11""",185.417,6,-1
44,James Hahn,"31' 3""",62.417,2,+1
45,Kevin Na,"31' 4""",156.833,5,E
46,Nicholas Thompson,"31' 10""",63.667,2,+2
47,Marc Leishman,"32' 3""",161.250,5,-1
48,Matt Kuchar,"32' 6""",162.333,5,-1
49,Brian Davis,"34' 6""",34.500,1,E
50,Matt Jones,"35' 1""",105.250,3,+1
51,Jerry Kelly,"36' 3""",36.250,1,E
52,Robert Streb,"39' 3""",235.417,6,+3
53,Tim Clark,"40' 1""",80.083,2,E
54,Kenny Perry,"40' 2""",160.500,4,E
55,Luke Donald,"41' 11""",125.667,3,E
56,Brendon Todd,"42' 7""",85.167,2,+2
57,Justin Leonard,"43' 5""",43.417,1,E
58,Camilo Villegas,"45' 4""",181.417,4,+3
59,Morgan Hoffmann,"48' 10""",146.417,3,-1
60,J.J. Henry,"49' 8""",99.250,2,-1
61,Webb Simpson,"51' 5""",205.667,4,+1
62,Russell Knox,"51' 9""",207.000,4,+2
63,Ben Martin,"59' 10""",119.583,2,E
64,Tom Johnson,"74' 11""",74.917,1,E
65,Francesco Molinari,"144' 3""",144.250,1,E
