rank,player,Avg,Total Distance (feet),# of Attempts,Relative to par
1,Pat Perez,"7' 0""",7.000,1,+1
2,Justin Thomas,"10' 7""",10.583,1,-1
3,Russell Henley,"11' 4""",22.583,2,-1
4,Daniel Summerhays,"11' 6""",11.500,1,E
5,Chad Collins,"11' 7""",11.583,1,E
6,Shawn Stefani,"14' 6""",14.500,1,E
7,Scott Piercy,"14' 8""",29.250,2,E
8,Charles Howell III,"15' 2""",30.333,2,-1
9,Stewart Cink,"15' 3""",15.250,1,E
10,Steven Bowditch,"15' 7""",62.167,4,+1
11,Derek Fathauer,"19' 0""",37.917,2,E
12,Colt Knost,"19' 9""",19.750,1,+1
12,Jimmy Walker,"19' 9""",19.750,1,E
14,Jason Day,"21' 1""",63.250,3,E
15,Kevin Streelman,"21' 2""",21.167,1,E
16,WC Liang,"21' 3""",42.417,2,E
17,Jeff Overton,"21' 8""",65.083,3,E
18,Webb Simpson,"21' 9""",43.417,2,E
19,Russell Knox,"22' 4""",67.083,3,+1
20,Harris English,"22' 5""",44.833,2,E
21,Chris Kirk,"23' 7""",23.583,1,E
22,Zac Blair,"24' 8""",24.667,1,E
23,Brian Harman,"25' 2""",75.500,3,-1
24,Max Homa,"25' 3""",75.833,3,E
25,Gary Woodland,"26' 10""",107.333,4,E
26,Mark Hubbard,"27' 0""",27.000,1,E
27,Scott Langley,"27' 7""",55.083,2,E
28,Nicholas Thompson,"31' 11""",31.917,1,+1
29,Robert Streb,"34' 1""",102.167,3,+2
30,Matt Jones,"34' 5""",34.417,1,E
31,Roger Sloan,"35' 6""",35.500,1,+1
32,Tim Clark,"35' 8""",35.667,1,E
33,Jerry Kelly,"36' 3""",36.250,1,E
34,Camilo Villegas,"37' 5""",37.417,1,+1
35,Kevin Na,"38' 5""",76.750,2,-1
36,Matt Kuchar,"40' 8""",121.917,3,E
37,Jason Kokrak,"40' 10""",122.583,3,E
38,Ryan Palmer,"41' 3""",82.417,2,E
39,Sangmoon Bae,"44' 0""",44.000,1,E
40,Jhonattan Vegas,"46' 5""",92.750,2,+1
41,James Hahn,"47' 1""",47.083,1,+1
42,Morgan Hoffmann,"48' 10""",146.417,3,-1
43,Nick Taylor,"49' 5""",98.750,2,+4
44,Marc Leishman,"57' 8""",115.250,2,E
45,Stuart Appleby,"68' 3""",68.250,1,E
46,J.J. Henry,"86' 1""",86.083,1,E
47,Kenny Perry,"106' 5""",106.417,1,E
