rank,player,Avg,Total Distance (feet),# of Attempts,Relative to par
1,Sangmoon Bae,"21' 8""",21.667,1,E
2,J.J. Henry,"26' 0""",26.000,1,-1
3,Michael Putnam,"40' 4""",80.667,2,E
4,Kenny Perry,"41' 7""",41.583,1,-1
5,Webb Simpson,"44' 5""",44.417,1,-1
6,Stewart Cink,"46' 2""",46.167,1,-1
7,Justin Leonard,"67' 2""",67.167,1,E
8,Marc Leishman,"74' 10""",74.833,1,E
9,Andrew Svoboda,"74' 11""",74.917,1,-1
10,Kevin Streelman,"75' 11""",75.917,1,-1
11,Jason Kokrak,"76' 4""",76.333,1,-1
12,Shawn Stefani,"76' 5""",76.417,1,E
13,WC Liang,"77' 2""",154.250,2,E
14,Brian Harman,"81' 8""",163.333,2,-2
15,Brendon Todd,"88' 2""",88.167,1,-1
16,Max Homa,"89' 3""",89.250,1,-1
16,Scott Langley,"89' 3""",89.250,1,E
18,Mark Hubbard,"92' 3""",276.667,3,E
19,Kevin Na,"93' 0""",93.000,1,E
20,Jason Day,"97' 9""",97.750,1,E
21,Matt Jones,"111' 3""",111.250,1,E
22,Derek Fathauer,"114' 2""",114.167,1,E
23,David Hearn,"117' 6""",117.500,1,E
24,Steven Bowditch,"119' 8""",119.667,1,E
25,Chad Collins,"122' 8""",122.667,1,-1
