rank,player,Avg,Total Distance (feet),# of Attempts,Relative to par
1,Spencer Levin,"8' 9""",8.750,1,E
2,Chez Reavie,"11' 3""",11.250,1,E
3,Brendon Todd,"26' 4""",105.333,4,E
4,Justin Leonard,"27' 4""",82.083,3,+1
5,Scott Langley,"27' 6""",55.000,2,E
6,Matt Kuchar,"29' 1""",29.083,1,E
7,Jerry Kelly,"30' 3""",120.917,4,+2
8,Russell Henley,"30' 8""",61.250,2,E
9,Hyung-Sung Kim,"30' 10""",92.500,3,+1
10,Jimmy Walker,"31' 0""",92.917,3,E
11,Webb Simpson,"31' 7""",63.167,2,-1
12,Luke Donald,"32' 2""",321.750,10,E
13,Colt Knost,"32' 5""",194.333,6,-1
14,Russell Knox,"33' 10""",101.583,3,E
15,Daniel Berger,"33' 11""",271.333,8,-2
16,Camilo Villegas,"34' 3""",102.833,3,E
17,James Hahn,"34' 5""",103.250,3,-2
18,Brian Davis,"34' 7""",138.250,4,E
19,Jeff Overton,"35' 0""",104.917,3,-1
20,Morgan Hoffmann,"35' 2""",281.417,8,E
21,Mark Hubbard,"36' 0""",143.917,4,E
22,Nick Taylor,"36' 7""",182.750,5,E
23,Ben Martin,"38' 2""",229.167,6,+1
24,Kevin Na,"38' 11""",272.500,7,+1
25,Blayne Barber,"39' 0""",39.000,1,-1
26,Chad Collins,"39' 3""",196.333,5,E
27,Ryan Palmer,"40' 2""",281.417,7,-3
27,Robert Streb,"40' 2""",80.333,2,E
29,Boo Weekley,"40' 4""",161.167,4,-2
30,Paul Casey,"41' 1""",164.250,4,E
31,K.J. Choi,"41' 4""",206.583,5,+2
32,Scott Pinckney,"41' 7""",83.083,2,+1
32,Rory Sabbatini,"41' 7""",166.417,4,E
34,Shawn Stefani,"41' 10""",41.833,1,-1
35,Steven Bowditch,"42' 10""",214.167,5,+2
35,John Peterson,"42' 10""",85.667,2,E
37,Tim Clark,"44' 8""",89.250,2,+1
37,Charles Howell III,"44' 8""",446.333,10,-1
39,Zac Blair,"44' 10""",179.250,4,+1
40,Nicholas Thompson,"45' 2""",225.667,5,+2
41,Jason Day,"45' 4""",226.833,5,-4
42,Justin Thomas,"45' 8""",182.500,4,E
43,Jhonattan Vegas,"46' 3""",462.417,10,-2
44,J.J. Henry,"46' 4""",324.167,7,+2
44,Troy Merritt,"46' 4""",139.083,3,E
46,Pat Perez,"46' 6""",139.583,3,+1
47,Matt Jones,"46' 9""",186.917,4,E
47,Daniel Summerhays,"46' 9""",140.167,3,+1
49,Chris Kirk,"47' 5""",47.417,1,E
49,Jason Kokrak,"47' 5""",284.250,6,-1
51,Roger Sloan,"47' 6""",189.833,4,+3
52,Tom Johnson,"48' 0""",239.833,5,+3
53,Zach Johnson,"48' 3""",241.083,5,+2
54,Gary Woodland,"48' 5""",96.833,2,+1
55,Max Homa,"48' 8""",389.333,8,E
56,Kenny Perry,"50' 2""",200.750,4,+2
57,WC Liang,"50' 3""",301.500,6,+3
58,Derek Fathauer,"50' 7""",303.417,6,E
59,Harris English,"52' 3""",52.250,1,+1
60,Scott Piercy,"53' 9""",214.833,4,+1
61,Marc Leishman,"54' 10""",219.417,4,+1
62,Stuart Appleby,"56' 1""",224.417,4,E
63,Andrew Svoboda,"58' 0""",174.083,3,E
64,Stewart Cink,"59' 10""",179.583,3,E
65,Kevin Streelman,"59' 11""",179.750,3,+1
66,David Hearn,"62' 10""",188.500,3,+2
67,Brian Harman,"62' 11""",251.750,4,+2
68,Sangmoon Bae,"65' 11""",197.833,3,+1
69,Michael Putnam,"69' 6""",277.917,4,+2
70,Francesco Molinari,"80' 6""",160.917,2,+1
