rank,player,%
1,Keegan Bradley,100.00%
1,Sam Burns,100.00%
1,Patrick Cantlay,100.00%
1,Corey Conners,100.00%
1,Tony Finau,100.00%
1,Tom Hoge,100.00%
1,Max Homa,100.00%
1,Billy Horschel,100.00%
1,Viktor Hovland,100.00%
1,Mackenzie Hughes,100.00%
1,Tom Kim,100.00%
1,K.H. Lee,100.00%
1,Luke List,100.00%
1,Collin Morikawa,100.00%
1,Jon Rahm,100.00%
1,Chez Reavie,100.00%
1,Adam Scott,100.00%
1,J.J. Spaun,100.00%
1,Sepp Straka,100.00%
1,Adam Svensson,100.00%
1,Cameron Young,100.00%
1,Will Zalatoris,100.00%
23,Ryan Brehm,.00%
23,Matt Fitzpatrick,.00%
23,Brian Harman,.00%
23,Russell Henley,.00%
23,Sungjae Im,.00%
23,Hideki Matsuyama,.00%
23,Trey Mullinax,.00%
23,J.T. Poston,.00%
23,Seamus Power,.00%
23,Chad Ramey,.00%
23,Scottie Scheffler,.00%
23,Jordan Spieth,.00%
23,Scott Stallings,.00%
23,Sahith Theegala,.00%
23,Justin Thomas,.00%
23,Aaron Wise,.00%
