rank,player,Avg,Total Strokes,Total Rounds
1,Collin Morikawa,64.00,64,1
1,Jon Rahm,64.00,64,1
1,J.J. Spaun,64.00,64,1
4,Tom Kim,65.00,65,1
5,Matt Fitzpatrick,66.00,66,1
5,Tom Hoge,66.00,66,1
5,Mackenzie Hughes,66.00,66,1
5,Sungjae Im,66.00,66,1
5,Scottie Scheffler,66.00,66,1
5,Aaron Wise,66.00,66,1
11,Tony Finau,67.00,67,1
11,Viktor Hovland,67.00,67,1
11,Hideki Matsuyama,67.00,67,1
11,Jordan Spieth,67.00,67,1
11,Scott Stallings,67.00,67,1
11,Sahith Theegala,67.00,67,1
17,Ryan Brehm,68.00,68,1
17,Corey Conners,68.00,68,1
17,Brian Harman,68.00,68,1
17,K.H. Lee,68.00,68,1
17,J.T. Poston,68.00,68,1
17,Seamus Power,68.00,68,1
23,Russell Henley,69.00,69,1
23,Trey Mullinax,69.00,69,1
23,Will Zalatoris,69.00,69,1
26,Keegan Bradley,70.00,70,1
26,Sam Burns,70.00,70,1
26,Patrick Cantlay,70.00,70,1
26,Max Homa,70.00,70,1
26,Adam Scott,70.00,70,1
26,Justin Thomas,70.00,70,1
26,Cameron Young,70.00,70,1
33,Luke List,71.00,71,1
33,Chad Ramey,71.00,71,1
33,Chez Reavie,71.00,71,1
33,Sepp Straka,71.00,71,1
33,Adam Svensson,71.00,71,1
38,Billy Horschel,76.00,76,1
