rank,player,Avg,Total Strokes,Total Rounds
1,Jon Rahm,63.00,63,1
2,Tom Hoge,64.00,64,1
2,Cameron Young,64.00,64,1
4,Mackenzie Hughes,65.00,65,1
4,Will Zalatoris,65.00,65,1
6,Tony Finau,66.00,66,1
6,Max Homa,66.00,66,1
6,Viktor Hovland,66.00,66,1
6,Luke List,66.00,66,1
10,Corey Conners,67.00,67,1
10,K.H. Lee,67.00,67,1
10,Sepp Straka,67.00,67,1
13,Patrick Cantlay,68.00,68,1
13,Tom Kim,68.00,68,1
13,Chez Reavie,68.00,68,1
13,Adam Svensson,68.00,68,1
17,Sam Burns,69.00,69,1
17,Billy Horschel,69.00,69,1
17,Trey Mullinax,69.00,69,1
17,Adam Scott,69.00,69,1
17,J.J. Spaun,69.00,69,1
17,Jordan Spieth,69.00,69,1
17,Aaron Wise,69.00,69,1
24,Keegan Bradley,70.00,70,1
24,Matt Fitzpatrick,70.00,70,1
24,Brian Harman,70.00,70,1
24,Russell Henley,70.00,70,1
24,Sungjae Im,70.00,70,1
24,Seamus Power,70.00,70,1
24,Scottie Scheffler,70.00,70,1
24,Scott Stallings,70.00,70,1
24,Justin Thomas,70.00,70,1
33,J.T. Poston,71.00,71,1
33,Chad Ramey,71.00,71,1
35,Hideki Matsuyama,72.00,72,1
35,Collin Morikawa,72.00,72,1
35,Sahith Theegala,72.00,72,1
38,Ryan Brehm,78.00,78,1
