rank,player,Avg,Total Strokes,Total Rounds
1,Max Homa,63.00,63,1
2,Billy Horschel,64.00,64,1
3,Sungjae Im,65.00,65,1
3,Collin Morikawa,65.00,65,1
5,Patrick Cantlay,66.00,66,1
5,Matt Fitzpatrick,66.00,66,1
7,Sam Burns,67.00,67,1
7,Brian Harman,67.00,67,1
7,K.H. Lee,67.00,67,1
7,Hideki Matsuyama,67.00,67,1
7,Jon Rahm,67.00,67,1
7,Justin Thomas,67.00,67,1
13,Ryan Brehm,68.00,68,1
13,Tom Hoge,68.00,68,1
13,Tom Kim,68.00,68,1
13,J.T. Poston,68.00,68,1
13,Scott Stallings,68.00,68,1
13,Sepp Straka,68.00,68,1
19,Tony Finau,69.00,69,1
19,Scottie Scheffler,69.00,69,1
19,J.J. Spaun,69.00,69,1
19,Cameron Young,69.00,69,1
19,Will Zalatoris,69.00,69,1
24,Viktor Hovland,70.00,70,1
24,Luke List,70.00,70,1
24,Trey Mullinax,70.00,70,1
24,Seamus Power,70.00,70,1
24,Aaron Wise,70.00,70,1
29,Russell Henley,71.00,71,1
29,Mackenzie Hughes,71.00,71,1
29,Jordan Spieth,71.00,71,1
32,Corey Conners,72.00,72,1
32,Chad Ramey,72.00,72,1
32,Adam Scott,72.00,72,1
32,Sahith Theegala,72.00,72,1
36,Keegan Bradley,73.00,73,1
36,Chez Reavie,73.00,73,1
38,Adam Svensson,78.00,78,1
