rank,player,Avg,Total Strokes,Total Rounds
1,Luke List,65.00,65,1
2,Collin Morikawa,66.00,66,1
2,Scottie Scheffler,66.00,66,1
2,Jordan Spieth,66.00,66,1
5,Corey Conners,68.00,68,1
5,Adam Scott,68.00,68,1
5,J.J. Spaun,68.00,68,1
8,Tony Finau,69.00,69,1
8,Matt Fitzpatrick,69.00,69,1
8,Brian Harman,69.00,69,1
8,Tom Kim,69.00,69,1
8,K.H. Lee,69.00,69,1
8,J.T. Poston,69.00,69,1
8,Seamus Power,69.00,69,1
8,Will Zalatoris,69.00,69,1
16,Keegan Bradley,70.00,70,1
16,Patrick Cantlay,70.00,70,1
16,Russell Henley,70.00,70,1
16,Max Homa,70.00,70,1
16,Hideki Matsuyama,70.00,70,1
16,Trey Mullinax,70.00,70,1
16,Sepp Straka,70.00,70,1
16,Adam Svensson,70.00,70,1
16,Justin Thomas,70.00,70,1
16,Aaron Wise,70.00,70,1
16,Cameron Young,70.00,70,1
27,Ryan Brehm,71.00,71,1
27,Tom Hoge,71.00,71,1
27,Billy Horschel,71.00,71,1
27,Jon Rahm,71.00,71,1
27,Sahith Theegala,71.00,71,1
32,Viktor Hovland,72.00,72,1
32,Sungjae Im,72.00,72,1
32,Scott Stallings,72.00,72,1
35,Chez Reavie,73.00,73,1
36,Mackenzie Hughes,74.00,74,1
37,Sam Burns,75.00,75,1
38,Chad Ramey,76.00,76,1
