rank,player,Avg,Total Strokes,Total Rounds
1,Justin Thomas,63.00,63,1
2,Ludvig Åberg,64.00,64,1
3,Sam Burns,65.00,65,1
4,Robert MacIntyre,66.00,66,1
4,Aaron Rai,66.00,66,1
6,Byeong Hun An,67.00,67,1
6,Austin Eckroat,67.00,67,1
6,Stephan Jaeger,67.00,67,1
6,Si Woo Kim,67.00,67,1
6,Taylor Pendrith,67.00,67,1
6,Xander Schauffele,67.00,67,1
6,Davis Thompson,67.00,67,1
13,Keegan Bradley,68.00,68,1
13,Patrick Cantlay,68.00,68,1
13,Nico Echavarria,68.00,68,1
13,Matt Fitzpatrick,68.00,68,1
13,Russell Henley,68.00,68,1
13,Max Homa,68.00,68,1
19,Wyndham Clark,69.00,69,1
19,Tony Finau,69.00,69,1
19,J.T. Poston,69.00,69,1
22,Jason Day,70.00,70,1
22,Adam Hadwin,70.00,70,1
22,Viktor Hovland,70.00,70,1
22,Chris Kirk,70.00,70,1
22,Denny McCarthy,70.00,70,1
27,Christiaan Bezuidenhout,72.00,72,1
27,Brice Garnett,72.00,72,1
27,Billy Horschel,72.00,72,1
27,Patton Kizzire,72.00,72,1
