rank,player,Avg,Total Strokes,Total 10th Tee Early Rds.
1,Justin Thomas,63.00,63,1
2,Ludvig Åberg,65.00,65,1
3,Aaron Rai,66.00,66,1
4,Nico Echavarria,67.00,134,2
4,Si Woo Kim,67.00,67,1
4,Xander Schauffele,67.00,67,1
7,Davis Thompson,67.50,135,2
8,Byeong Hun An,68.00,136,2
8,Russell Henley,68.00,136,2
10,Jason Day,69.00,138,2
10,Stephan Jaeger,69.00,138,2
10,Chris Kirk,69.00,138,2
10,J.T. Poston,69.00,69,1
14,Viktor Hovland,70.00,70,1
14,Kevin Yu,70.00,70,1
16,Brice Garnett,70.50,141,2
16,Billy Horschel,70.50,141,2
16,Denny McCarthy,70.50,141,2
19,Chris Gotterup,71.00,71,1
19,Matt McCarty,71.00,71,1
