rank,player,Avg,Total Strokes,Total Rounds
1,Max Greyserman,63.00,63,1
2,Cam Davis,64.00,64,1
2,Adam Scott,64.00,64,1
4,Ludvig Åberg,65.00,65,1
4,Patrick Cantlay,65.00,65,1
6,Sam Burns,66.00,66,1
6,Nico Echavarria,66.00,66,1
6,Matt Fitzpatrick,66.00,66,1
6,Aaron Rai,66.00,66,1
6,Jhonattan Vegas,66.00,66,1
11,Max Homa,67.00,67,1
11,Patton Kizzire,67.00,67,1
11,Taylor Pendrith,67.00,67,1
14,Jason Day,68.00,68,1
14,Austin Eckroat,68.00,68,1
14,Russell Henley,68.00,68,1
14,Viktor Hovland,68.00,68,1
14,Chris Kirk,68.00,68,1
14,Davis Thompson,68.00,68,1
20,Byeong Hun An,69.00,69,1
20,Brice Garnett,69.00,69,1
20,Billy Horschel,69.00,69,1
20,Robert MacIntyre,69.00,69,1
24,Kevin Yu,70.00,70,1
25,Chris Gotterup,71.00,71,1
25,Stephan Jaeger,71.00,71,1
25,Denny McCarthy,71.00,71,1
25,Matt McCarty,71.00,71,1
25,J.T. Poston,71.00,71,1
30,Peter Malnati,73.00,73,1
