rank,player,Low Rnd
1,Max Greyserman,63
1,Justin Thomas,63
3,Ludvig Åberg,64
3,Keegan Bradley,64
3,Cam Davis,64
3,Tom Hoge,64
3,Peter Malnati,64
3,Maverick McNealy,64
3,J.T. Poston,64
3,Adam Scott,64
3,Davis Thompson,64
12,Sam Burns,65
12,Patrick Cantlay,65
12,Hideki Matsuyama,65
12,Sepp Straka,65
12,Will Zalatoris,65
17,Corey Conners,66
17,Nico Echavarria,66
17,Matt Fitzpatrick,66
17,Robert MacIntyre,66
17,Collin Morikawa,66
17,Aaron Rai,66
17,Jhonattan Vegas,66
17,Cameron Young,66
25,Byeong Hun An,67
25,Thomas Detry,67
25,Austin Eckroat,67
25,Adam Hadwin,67
25,Max Homa,67
25,Sungjae Im,67
25,Stephan Jaeger,67
25,Si Woo Kim,67
25,Chris Kirk,67
25,Patton Kizzire,67
25,Taylor Pendrith,67
25,Xander Schauffele,67
37,Jason Day,68
37,Harry Hall,68
37,Russell Henley,68
37,Viktor Hovland,68
37,Sahith Theegala,68
37,Kevin Yu,68
43,Wyndham Clark,69
43,Tony Finau,69
43,Brice Garnett,69
43,Billy Horschel,69
47,Denny McCarthy,70
47,Matthieu Pavon,70
49,Akshay Bhatia,71
49,Chris Gotterup,71
49,Matt McCarty,71
52,Christiaan Bezuidenhout,72
52,Rafael Campos,72
52,Jake Knapp,72
55,Nick Taylor,73
56,Eric Cole,74
56,Brian Harman,74
58,Nick Dunlap,76
