rank,player,Avg,Total Strokes,Total Early Rounds
1,Tom Hoge,64.00,64,1
1,Maverick McNealy,64.00,64,1
3,Max Greyserman,65.00,130,2
3,Hideki Matsuyama,65.00,65,1
3,Sepp Straka,65.00,65,1
3,Will Zalatoris,65.00,65,1
7,Ludvig Åberg,66.00,198,3
7,Keegan Bradley,66.00,132,2
7,Corey Conners,66.00,66,1
7,Collin Morikawa,66.00,66,1
7,Cameron Young,66.00,66,1
12,Davis Thompson,66.33,199,3
13,Adam Scott,66.50,133,2
14,Aaron Rai,66.67,200,3
15,Thomas Detry,67.00,67,1
15,Sungjae Im,67.00,67,1
15,Justin Thomas,67.00,134,2
15,Jhonattan Vegas,67.00,134,2
19,Sam Burns,67.67,203,3
19,Austin Eckroat,67.67,203,3
21,Harry Hall,68.00,68,1
21,Max Homa,68.00,204,3
21,J.T. Poston,68.00,204,3
21,Sahith Theegala,68.00,68,1
25,Nico Echavarria,68.33,205,3
25,Russell Henley,68.33,205,3
25,Stephan Jaeger,68.33,205,3
25,Chris Kirk,68.33,205,3
25,Robert MacIntyre,68.33,205,3
25,Taylor Pendrith,68.33,205,3
31,Cam Davis,68.50,137,2
31,Adam Hadwin,68.50,137,2
31,Peter Malnati,68.50,137,2
34,Byeong Hun An,68.67,206,3
35,Patrick Cantlay,69.00,207,3
35,Wyndham Clark,69.00,138,2
35,Tony Finau,69.00,138,2
35,Matt Fitzpatrick,69.00,207,3
35,Viktor Hovland,69.00,207,3
35,Kevin Yu,69.00,138,2
41,Jason Day,69.33,208,3
41,Patton Kizzire,69.33,208,3
43,Xander Schauffele,69.50,139,2
44,Brice Garnett,70.00,210,3
44,Billy Horschel,70.00,210,3
44,Matthieu Pavon,70.00,70,1
47,Akshay Bhatia,71.00,71,1
48,Denny McCarthy,71.33,214,3
49,Chris Gotterup,71.50,143,2
49,Si Woo Kim,71.50,143,2
51,Rafael Campos,72.00,72,1
51,Jake Knapp,72.00,72,1
53,Christiaan Bezuidenhout,72.50,145,2
53,Matt McCarty,72.50,145,2
55,Nick Taylor,73.00,73,1
56,Eric Cole,74.00,74,1
56,Brian Harman,74.00,74,1
58,Nick Dunlap,76.00,76,1
