rank,player,Avg,Total Strokes,Total Rounds
1,Tom Hoge,64.00,64,1
2,Will Zalatoris,65.00,65,1
3,Collin Morikawa,66.00,66,1
3,Cameron Young,66.00,66,1
5,Thomas Detry,67.00,67,1
5,Adam Hadwin,67.00,67,1
7,Austin Eckroat,68.00,68,1
7,Harry Hall,68.00,68,1
7,Aaron Rai,68.00,68,1
7,Jhonattan Vegas,68.00,68,1
11,Ludvig Åberg,69.00,69,1
11,Wyndham Clark,69.00,69,1
11,Brice Garnett,69.00,69,1
14,Robert MacIntyre,70.00,70,1
15,Akshay Bhatia,71.00,71,1
15,Taylor Pendrith,71.00,71,1
17,Sam Burns,72.00,72,1
17,Chris Gotterup,72.00,72,1
17,Jake Knapp,72.00,72,1
17,Xander Schauffele,72.00,72,1
21,Christiaan Bezuidenhout,73.00,73,1
21,Cam Davis,73.00,73,1
21,Matt Fitzpatrick,73.00,73,1
21,Denny McCarthy,73.00,73,1
21,Nick Taylor,73.00,73,1
26,Patrick Cantlay,74.00,74,1
26,Eric Cole,74.00,74,1
26,Matt McCarty,74.00,74,1
29,Nick Dunlap,76.00,76,1
29,Si Woo Kim,76.00,76,1
