rank,player,Avg,Total Strokes,Total Rounds
1,Keegan Bradley,64.00,64,1
1,Peter Malnati,64.00,64,1
1,Maverick McNealy,64.00,64,1
1,J.T. Poston,64.00,64,1
1,Davis Thompson,64.00,64,1
6,Hideki Matsuyama,65.00,65,1
6,Sepp Straka,65.00,65,1
8,Corey Conners,66.00,66,1
9,Max Greyserman,67.00,67,1
9,Sungjae Im,67.00,67,1
9,Stephan Jaeger,67.00,67,1
9,Chris Kirk,67.00,67,1
13,Sahith Theegala,68.00,68,1
13,Kevin Yu,68.00,68,1
15,Tony Finau,69.00,69,1
15,Russell Henley,69.00,69,1
15,Max Homa,69.00,69,1
15,Billy Horschel,69.00,69,1
15,Viktor Hovland,69.00,69,1
15,Patton Kizzire,69.00,69,1
15,Adam Scott,69.00,69,1
22,Byeong Hun An,70.00,70,1
22,Jason Day,70.00,70,1
22,Matthieu Pavon,70.00,70,1
25,Nico Echavarria,71.00,71,1
25,Justin Thomas,71.00,71,1
27,Rafael Campos,72.00,72,1
28,Brian Harman,74.00,74,1
