rank,player,Value,Total Drv Rank,GIR Rank
1,Boo Weekley,3,1,2
2,D.J. Trahan,8,5,3
3,Davis Love III,11,8,3
3,Kenny Perry,11,8,3
5,Anthony Kim,14,2,12
6,Dustin Johnson,16,2,14
6,Justin Leonard,16,15,1
6,Chez Reavie,16,13,3
9,K.J. Choi,19,4,15
10,Geoff Ogilvy,22,14,8
11,Trevor Immelman,26,18,8
11,Carl Pettersson,26,6,20
11,Vijay Singh,26,6,20
14,Cameron Beckman,28,10,18
15,Stewart Cink,31,11,20
15,Will MacKenzie,31,23,8
17,Sean O'Hair,32,29,3
17,Camilo Villegas,32,24,8
19,Steve Lowery,34,11,23
20,Brian Gay,36,21,15
21,Zach Johnson,38,20,18
22,Adam Scott,39,16,23
23,Ernie Els,41,18,23
24,J.B. Holmes,44,16,28
24,Parker McLachlin,44,29,15
26,Johnson Wagner,45,33,12
27,Richard Johnson,51,25,26
28,Daniel Chopra,52,22,30
29,Ryuji Imada,57,31,26
29,Greg Kraft,57,28,29
29,Ryan Palmer,57,25,32
29,Andres Romero,57,27,30
33,Marc Turnesa,65,32,33
