rank,player,%,Greens Hit,# Holes,Relative/Par
1,Justin Leonard,90.28,65,72,-0.29
2,Boo Weekley,88.89,64,72,-0.23
3,Davis Love III,87.50,63,72,-0.38
3,Sean O'Hair,87.50,63,72,-0.30
3,Kenny Perry,87.50,63,72,-0.30
3,Chez Reavie,87.50,63,72,-0.24
3,D.J. Trahan,87.50,63,72,-0.32
8,Trevor Immelman,86.11,62,72,-0.19
8,Will MacKenzie,86.11,62,72,-0.29
8,Geoff Ogilvy,86.11,62,72,-0.45
8,Camilo Villegas,86.11,62,72,-0.29
12,Anthony Kim,84.72,61,72,-0.36
12,Johnson Wagner,84.72,61,72,-0.30
14,Dustin Johnson,83.33,60,72,-0.35
15,K.J. Choi,81.94,59,72,-0.29
15,Brian Gay,81.94,59,72,-0.22
15,Parker McLachlin,81.94,59,72,-0.27
18,Cameron Beckman,80.56,58,72,-0.29
18,Zach Johnson,80.56,58,72,-0.38
20,Stewart Cink,79.17,57,72,-0.26
20,Carl Pettersson,79.17,57,72,-0.28
20,Vijay Singh,79.17,57,72,-0.26
23,Ernie Els,77.78,56,72,-0.34
23,Steve Lowery,77.78,56,72,-0.38
23,Adam Scott,77.78,56,72,-0.30
26,Ryuji Imada,76.39,55,72,-0.35
26,Richard Johnson,76.39,55,72,-0.25
28,J.B. Holmes,75.00,54,72,-0.39
29,Greg Kraft,73.61,53,72,-0.21
30,Daniel Chopra,72.22,52,72,-0.42
30,Andres Romero,72.22,52,72,-0.19
32,Ryan Palmer,70.83,51,72,-0.29
33,Marc Turnesa,68.06,49,72,-0.20
