rank,player,%,Total Birdies,Total Holes
1,K.J. Choi,66.67,2,3
2,Ryuji Imada,60.00,3,5
2,Justin Leonard,60.00,3,5
4,Ernie Els,57.14,4,7
5,Daniel Chopra,50.00,3,6
5,Steve Lowery,50.00,1,2
5,Carl Pettersson,50.00,1,2
8,Vijay Singh,40.00,2,5
8,Boo Weekley,40.00,2,5
10,Geoff Ogilvy,33.33,2,6
11,Camilo Villegas,28.57,2,7
12,Dustin Johnson,25.00,1,4
12,Andres Romero,25.00,1,4
14,Anthony Kim,20.00,1,5
15,Will MacKenzie,16.67,1,6
15,Parker McLachlin,16.67,1,6
15,Ryan Palmer,16.67,1,6
15,Kenny Perry,16.67,1,6
19,Marc Turnesa,14.29,1,7
20,Cameron Beckman,.00,0,5
20,Stewart Cink,.00,0,9
20,Brian Gay,.00,0,4
20,J.B. Holmes,.00,0,3
20,Trevor Immelman,.00,0,6
20,Richard Johnson,.00,0,4
20,Zach Johnson,.00,0,4
20,Greg Kraft,.00,0,2
20,Davis Love III,.00,0,4
20,Sean O'Hair,.00,0,5
20,Chez Reavie,.00,0,2
20,Adam Scott,.00,0,3
20,D.J. Trahan,.00,0,5
20,Johnson Wagner,.00,0,6
