rank,player,Avg RTP
1,Davis Love III,-2.000
2,Cameron Beckman,-1.000
2,Richard Johnson,-1.000
2,Will MacKenzie,-1.000
2,Parker McLachlin,-1.000
2,Sean O'Hair,-1.000
2,Vijay Singh,-1.000
2,Camilo Villegas,-1.000
9,Ernie Els,-.500
9,Ryan Palmer,-.500
9,Adam Scott,-.500
9,D.J. Trahan,-.500
13,Zach Johnson,-.333
14,Greg Kraft,E
14,Kenny Perry,E
14,Carl Pettersson,E
14,Andres Romero,E
14,Marc Turnesa,E
14,Johnson Wagner,E
14,Boo Weekley,E
21,Anthony Kim,+.500
22,Daniel Chopra,+1.000
22,Stewart Cink,+1.000
22,J.B. Holmes,+1.000
