rank,player,Avg RTP
1,Boo Weekley,-.600
2,Vijay Singh,-.500
2,Camilo Villegas,-.500
4,Marc Turnesa,-.429
5,Greg Kraft,-.400
6,Stewart Cink,-.333
6,Davis Love III,-.333
6,Geoff Ogilvy,-.333
6,Johnson Wagner,-.333
10,Trevor Immelman,-.286
11,Richard Johnson,-.273
12,Justin Leonard,-.250
12,Will MacKenzie,-.250
14,Steve Lowery,-.200
15,Ernie Els,-.167
16,Cameron Beckman,E
16,Brian Gay,E
16,Ryuji Imada,E
16,Dustin Johnson,E
16,Zach Johnson,E
16,Anthony Kim,E
16,Parker McLachlin,E
16,Sean O'Hair,E
16,Carl Pettersson,E
16,Adam Scott,E
26,Chez Reavie,+.167
26,D.J. Trahan,+.167
28,K.J. Choi,+.250
28,Daniel Chopra,+.250
28,J.B. Holmes,+.250
31,Kenny Perry,+.400
32,Ryan Palmer,+.667
32,Andres Romero,+.667
