rank,player,%,Total Birdies,Total Holes
1,Geoff Ogilvy,58.33,14,24
2,Anthony Kim,51.61,16,31
3,Dustin Johnson,50.00,14,28
4,Davis Love III,48.28,14,29
4,Kenny Perry,48.28,14,29
6,Sean O'Hair,48.00,12,25
7,D.J. Trahan,47.83,11,23
8,Daniel Chopra,47.62,10,21
9,Steve Lowery,46.43,13,28
10,Camilo Villegas,44.00,11,25
11,Cameron Beckman,43.48,10,23
12,Trevor Immelman,42.31,11,26
13,Will MacKenzie,40.74,11,27
14,J.B. Holmes,40.00,12,30
15,Vijay Singh,39.29,11,28
16,Boo Weekley,38.71,12,31
17,Parker McLachlin,36.00,9,25
18,Chez Reavie,35.00,7,20
19,Adam Scott,34.38,11,32
20,Ernie Els,32.14,9,28
20,Carl Pettersson,32.14,9,28
20,Johnson Wagner,32.14,9,28
23,Ryuji Imada,32.00,8,25
23,Zach Johnson,32.00,8,25
25,K.J. Choi,31.03,9,29
26,Ryan Palmer,30.77,8,26
27,Justin Leonard,30.43,7,23
28,Richard Johnson,30.00,6,20
29,Andres Romero,26.92,7,26
30,Stewart Cink,19.23,5,26
31,Brian Gay,19.05,4,21
32,Greg Kraft,17.39,4,23
33,Marc Turnesa,11.76,2,17
