rank,player,Avg RTP
1,K.J. Choi,-1.000
1,Sean O'Hair,-1.000
1,Vijay Singh,-1.000
4,Greg Kraft,-.500
5,Camilo Villegas,-.333
6,Andres Romero,-.250
7,Cameron Beckman,E
7,Daniel Chopra,E
7,Ernie Els,E
7,Ryuji Imada,E
7,Trevor Immelman,E
7,Dustin Johnson,E
7,Anthony Kim,E
7,Justin Leonard,E
7,Will MacKenzie,E
7,Geoff Ogilvy,E
7,Kenny Perry,E
7,Chez Reavie,E
7,Johnson Wagner,E
20,J.B. Holmes,+.333
20,Ryan Palmer,+.333
22,Richard Johnson,+1.000
22,Parker McLachlin,+1.000
22,Marc Turnesa,+1.000
25,Steve Lowery,+1.333
