rank,player,Avg RTP
1,Davis Love III,-2.000
2,Cameron Beckman,-1.500
3,K.J. Choi,-1.000
3,Trevor Immelman,-1.000
3,Richard Johnson,-1.000
3,Justin Leonard,-1.000
3,Geoff Ogilvy,-1.000
3,Vijay Singh,-1.000
3,Camilo Villegas,-1.000
10,Ernie Els,-.750
11,Sean O'Hair,-.667
11,Ryan Palmer,-.667
13,Parker McLachlin,-.500
13,D.J. Trahan,-.500
15,Zach Johnson,-.333
15,Will MacKenzie,-.333
15,Adam Scott,-.333
15,Boo Weekley,-.333
19,Daniel Chopra,E
19,Brian Gay,E
19,Ryuji Imada,E
19,Anthony Kim,E
19,Kenny Perry,E
19,Carl Pettersson,E
19,Andres Romero,E
19,Johnson Wagner,E
27,Greg Kraft,+.333
28,J.B. Holmes,+.500
28,Marc Turnesa,+.500
30,Stewart Cink,+1.000
