rank,player,Avg RTP
1,Ernie Els,-.400
2,Brian Gay,-.333
2,Geoff Ogilvy,-.333
4,J.B. Holmes,-.286
5,K.J. Choi,-.250
5,Dustin Johnson,-.250
7,Daniel Chopra,-.222
7,Chez Reavie,-.222
9,Cameron Beckman,-.200
9,Zach Johnson,-.200
11,Richard Johnson,-.167
11,Andres Romero,-.167
13,Parker McLachlin,-.143
13,Sean O'Hair,-.143
13,Johnson Wagner,-.143
16,Ryuji Imada,-.125
17,Stewart Cink,E
17,Anthony Kim,E
17,Justin Leonard,E
17,Davis Love III,E
17,Steve Lowery,E
17,Will MacKenzie,E
17,Kenny Perry,E
17,D.J. Trahan,E
25,Greg Kraft,+.125
26,Trevor Immelman,+.143
27,Boo Weekley,+.167
28,Ryan Palmer,+.200
29,Carl Pettersson,+.250
29,Marc Turnesa,+.250
31,Vijay Singh,+.286
32,Adam Scott,+.333
32,Camilo Villegas,+.333
