rank,player,Avg RTP
1,K.J. Choi,-.667
2,Ryuji Imada,-.600
3,Ernie Els,-.571
4,Boo Weekley,-.400
5,Geoff Ogilvy,-.333
6,Camilo Villegas,-.286
7,Dustin Johnson,-.250
7,Andres Romero,-.250
9,Justin Leonard,-.200
10,Cameron Beckman,E
10,Brian Gay,E
10,Zach Johnson,E
10,Anthony Kim,E
10,Will MacKenzie,E
10,Parker McLachlin,E
10,Sean O'Hair,E
10,Ryan Palmer,E
10,Carl Pettersson,E
10,Chez Reavie,E
10,Adam Scott,E
10,Vijay Singh,E
10,Johnson Wagner,E
23,Daniel Chopra,+.167
23,Trevor Immelman,+.167
23,Kenny Perry,+.167
26,D.J. Trahan,+.200
27,Richard Johnson,+.250
27,Davis Love III,+.250
29,Marc Turnesa,+.286
30,J.B. Holmes,+.333
31,Greg Kraft,+.500
31,Steve Lowery,+.500
33,Stewart Cink,+.556
