rank,player,Avg RTP
1,Parker McLachlin,-.385
2,Ernie Els,-.333
3,Stewart Cink,-.316
3,Zach Johnson,-.316
3,Geoff Ogilvy,-.316
6,Johnson Wagner,-.300
7,D.J. Trahan,-.263
8,Justin Leonard,-.261
9,Ryuji Imada,-.250
9,Kenny Perry,-.250
11,Will MacKenzie,-.235
11,Ryan Palmer,-.235
13,Daniel Chopra,-.231
14,Brian Gay,-.227
15,Steve Lowery,-.211
16,Vijay Singh,-.188
17,Chez Reavie,-.174
18,Camilo Villegas,-.154
19,Cameron Beckman,-.150
20,Anthony Kim,-.143
21,Carl Pettersson,-.133
22,K.J. Choi,-.130
23,Sean O'Hair,-.118
24,Marc Turnesa,-.105
25,Andres Romero,-.067
26,Greg Kraft,-.063
26,Adam Scott,-.063
26,Boo Weekley,-.063
29,Davis Love III,-.059
30,J.B. Holmes,E
30,Trevor Immelman,E
32,Richard Johnson,+.056
33,Dustin Johnson,+.118
