rank,player,Avg RTP
1,Greg Kraft,-.667
2,Brian Gay,-.500
2,Adam Scott,-.500
4,Cameron Beckman,E
4,Ernie Els,E
4,Zach Johnson,E
4,Justin Leonard,E
4,Steve Lowery,E
4,Will MacKenzie,E
4,Geoff Ogilvy,E
4,Ryan Palmer,E
4,Kenny Perry,E
4,Carl Pettersson,E
4,Chez Reavie,E
4,Vijay Singh,E
4,D.J. Trahan,E
4,Camilo Villegas,E
4,Johnson Wagner,E
4,Boo Weekley,E
20,Trevor Immelman,+.333
21,Daniel Chopra,+.500
21,Ryuji Imada,+.500
21,Sean O'Hair,+.500
21,Andres Romero,+.500
25,Stewart Cink,+.667
25,J.B. Holmes,+.667
27,K.J. Choi,+1.000
27,Parker McLachlin,+1.000
27,Marc Turnesa,+1.000
