rank,player,Avg RTP
1,Ernie Els,-1.000
1,Brian Gay,-1.000
1,Dustin Johnson,-1.000
1,Davis Love III,-1.000
1,D.J. Trahan,-1.000
6,Kenny Perry,-.714
6,Johnson Wagner,-.714
8,Trevor Immelman,-.667
8,Anthony Kim,-.667
8,Carl Pettersson,-.667
8,Camilo Villegas,-.667
12,J.B. Holmes,-.600
12,Boo Weekley,-.600
14,K.J. Choi,-.500
14,Richard Johnson,-.500
14,Will MacKenzie,-.500
17,Cameron Beckman,-.400
17,Geoff Ogilvy,-.400
19,Ryan Palmer,-.375
20,Ryuji Imada,-.333
20,Parker McLachlin,-.333
20,Sean O'Hair,-.333
20,Andres Romero,-.333
24,Stewart Cink,-.286
25,Justin Leonard,-.250
26,Daniel Chopra,-.200
26,Adam Scott,-.200
28,Zach Johnson,-.167
29,Steve Lowery,E
30,Vijay Singh,+.167
31,Marc Turnesa,+.250
32,Chez Reavie,+.333
