rank,player,Avg RTP
1,Vijay Singh,-.500
1,D.J. Trahan,-.500
3,J.B. Holmes,E
3,Ryuji Imada,E
3,Trevor Immelman,E
3,Richard Johnson,E
3,Zach Johnson,E
3,Greg Kraft,E
3,Davis Love III,E
3,Sean O'Hair,E
3,Kenny Perry,E
3,Carl Pettersson,E
3,Chez Reavie,E
3,Adam Scott,E
3,Camilo Villegas,E
3,Johnson Wagner,E
17,Daniel Chopra,+.200
18,Stewart Cink,+.333
19,Parker McLachlin,+.400
20,Marc Turnesa,+.600
21,Cameron Beckman,+1.000
21,Ernie Els,+1.000
21,Dustin Johnson,+1.000
21,Ryan Palmer,+1.000
21,Andres Romero,+1.000
