rank,player,Avg RTP
1,Dustin Johnson,-.500
1,Greg Kraft,-.500
1,Carl Pettersson,-.500
4,Justin Leonard,-.429
5,K.J. Choi,-.333
5,Brian Gay,-.333
7,Vijay Singh,-.250
7,Boo Weekley,-.250
9,Ernie Els,-.200
10,Cameron Beckman,-.167
10,Sean O'Hair,-.167
10,Geoff Ogilvy,-.167
13,Ryuji Imada,-.125
13,Camilo Villegas,-.125
15,Richard Johnson,E
15,Zach Johnson,E
15,Anthony Kim,E
15,Davis Love III,E
15,Will MacKenzie,E
15,Kenny Perry,E
15,Chez Reavie,E
15,Andres Romero,E
15,Johnson Wagner,E
24,Daniel Chopra,+.125
25,Trevor Immelman,+.143
26,Marc Turnesa,+.167
27,Adam Scott,+.250
28,J.B. Holmes,+.286
28,Ryan Palmer,+.286
30,D.J. Trahan,+.333
31,Stewart Cink,+.500
31,Steve Lowery,+.500
33,Parker McLachlin,+.750
