rank,player,Avg RTP
1,Parker McLachlin,-.667
2,Ryan Palmer,-.500
2,Kenny Perry,-.500
2,D.J. Trahan,-.500
5,Brian Gay,-.400
5,Trevor Immelman,-.400
5,Steve Lowery,-.400
5,Vijay Singh,-.400
9,K.J. Choi,-.333
9,Zach Johnson,-.333
9,Justin Leonard,-.333
12,Daniel Chopra,-.250
12,Stewart Cink,-.250
12,Greg Kraft,-.250
12,Davis Love III,-.250
12,Andres Romero,-.250
17,Cameron Beckman,-.200
18,Ernie Els,E
18,Ryuji Imada,E
18,Dustin Johnson,E
18,Richard Johnson,E
18,Anthony Kim,E
18,Will MacKenzie,E
18,Sean O'Hair,E
18,Carl Pettersson,E
18,Chez Reavie,E
18,Adam Scott,E
18,Camilo Villegas,E
18,Boo Weekley,E
30,Marc Turnesa,+.200
31,Geoff Ogilvy,+.333
32,J.B. Holmes,+.429
