rank,player,%,Total Birdies,Total Holes
1,K.J. Choi,57.14,4,7
2,Justin Leonard,50.00,5,10
3,Carl Pettersson,42.86,3,7
4,Ernie Els,33.33,5,15
4,Vijay Singh,33.33,3,9
6,Geoff Ogilvy,30.00,3,10
7,Camilo Villegas,28.57,4,14
8,Daniel Chopra,27.78,5,18
9,Will MacKenzie,27.27,3,11
9,Boo Weekley,27.27,3,11
11,Greg Kraft,26.67,4,15
11,Sean O'Hair,26.67,4,15
13,Richard Johnson,25.00,3,12
14,Cameron Beckman,23.08,3,13
15,Ryuji Imada,21.43,3,14
16,Adam Scott,20.00,2,10
17,D.J. Trahan,18.18,2,11
18,Brian Gay,16.67,1,6
18,Dustin Johnson,16.67,1,6
18,Parker McLachlin,16.67,2,12
21,Anthony Kim,14.29,1,7
21,Steve Lowery,14.29,1,7
23,Ryan Palmer,12.50,2,16
24,Davis Love III,11.11,1,9
25,Zach Johnson,10.00,1,10
26,J.B. Holmes,9.09,1,11
27,Stewart Cink,7.69,1,13
27,Trevor Immelman,7.69,1,13
27,Kenny Perry,7.69,1,13
30,Andres Romero,6.67,1,15
31,Marc Turnesa,5.88,1,17
32,Johnson Wagner,5.26,1,19
33,Chez Reavie,.00,0,8
