rank,player,Avg RTP
1,Stewart Cink,-.500
1,Ryan Palmer,-.500
1,Johnson Wagner,-.500
4,Zach Johnson,-.400
5,Chez Reavie,-.333
6,D.J. Trahan,-.286
7,Cameron Beckman,-.250
7,Camilo Villegas,-.250
9,Justin Leonard,-.200
9,Davis Love III,-.200
11,Steve Lowery,-.167
12,Carl Pettersson,-.143
13,Dustin Johnson,-.125
13,Anthony Kim,-.125
15,Daniel Chopra,E
15,Ernie Els,E
15,J.B. Holmes,E
15,Trevor Immelman,E
15,Richard Johnson,E
15,Greg Kraft,E
15,Will MacKenzie,E
15,Parker McLachlin,E
15,Sean O'Hair,E
15,Geoff Ogilvy,E
15,Andres Romero,E
15,Boo Weekley,E
27,Kenny Perry,+.167
28,Adam Scott,+.200
29,Marc Turnesa,+.250
30,K.J. Choi,+.333
31,Ryuji Imada,+.500
32,Brian Gay,+.667
32,Vijay Singh,+.667
