rank,player,Avg RTP
1,K.J. Choi,-.500
1,Daniel Chopra,-.500
3,Boo Weekley,-.333
4,Cameron Beckman,E
4,Stewart Cink,E
4,Ernie Els,E
4,Brian Gay,E
4,Dustin Johnson,E
4,Anthony Kim,E
4,Steve Lowery,E
4,Will MacKenzie,E
4,Parker McLachlin,E
4,Sean O'Hair,E
4,Geoff Ogilvy,E
4,Ryan Palmer,E
4,Carl Pettersson,E
4,Adam Scott,E
4,D.J. Trahan,E
4,Marc Turnesa,E
4,Camilo Villegas,E
4,Johnson Wagner,E
22,Davis Love III,+.250
23,Trevor Immelman,+.500
23,Richard Johnson,+.500
23,Greg Kraft,+.500
26,Kenny Perry,+1.000
27,Andres Romero,+1.500
28,Justin Leonard,+2.000
28,Vijay Singh,+2.000
