rank,player,Avg RTP
1,Geoff Ogilvy,-.316
2,Johnson Wagner,-.306
3,Parker McLachlin,-.288
4,D.J. Trahan,-.268
5,Anthony Kim,-.263
5,Kenny Perry,-.263
7,Zach Johnson,-.246
8,Davis Love III,-.218
9,Ernie Els,-.213
10,Dustin Johnson,-.211
10,Justin Leonard,-.211
12,Stewart Cink,-.204
13,Sean O'Hair,-.196
14,Carl Pettersson,-.179
15,Daniel Chopra,-.176
16,Will MacKenzie,-.173
17,J.B. Holmes,-.163
18,Ryuji Imada,-.161
19,Chez Reavie,-.159
20,Steve Lowery,-.155
21,Brian Gay,-.143
22,Trevor Immelman,-.140
23,Camilo Villegas,-.135
24,Richard Johnson,-.133
25,Cameron Beckman,-.130
26,Ryan Palmer,-.125
27,Boo Weekley,-.111
28,Adam Scott,-.109
29,K.J. Choi,-.102
30,Vijay Singh,-.085
31,Greg Kraft,-.073
32,Andres Romero,-.064
33,Marc Turnesa,-.038
