rank,player,Avg RTP
1,K.J. Choi,-1.000
1,Carl Pettersson,-1.000
3,Ryuji Imada,-.600
4,Dustin Johnson,-.500
4,Justin Leonard,-.500
6,Sean O'Hair,-.400
7,Cameron Beckman,-.333
7,Greg Kraft,-.333
7,Boo Weekley,-.333
10,Ernie Els,-.250
10,Geoff Ogilvy,-.250
10,Vijay Singh,-.250
13,Kenny Perry,-.200
14,Andres Romero,-.167
14,Camilo Villegas,-.167
16,Stewart Cink,E
16,Brian Gay,E
16,J.B. Holmes,E
16,Trevor Immelman,E
16,Richard Johnson,E
16,Zach Johnson,E
16,Anthony Kim,E
16,Davis Love III,E
16,Will MacKenzie,E
16,Chez Reavie,E
16,Marc Turnesa,E
16,Johnson Wagner,E
28,Daniel Chopra,+.200
29,D.J. Trahan,+.333
30,Ryan Palmer,+.429
31,Parker McLachlin,+.667
32,Steve Lowery,+.750
33,Adam Scott,+1.000
