rank,player,Avg RTP
1,Ernie Els,-.273
2,Adam Scott,-.250
2,D.J. Trahan,-.250
2,Camilo Villegas,-.250
2,Boo Weekley,-.250
6,K.J. Choi,-.200
6,Brian Gay,-.200
8,Geoff Ogilvy,-.167
9,Zach Johnson,-.143
9,Will MacKenzie,-.143
11,Cameron Beckman,-.100
11,Sean O'Hair,-.100
13,Richard Johnson,E
13,Anthony Kim,E
13,Steve Lowery,E
13,Carl Pettersson,E
13,Chez Reavie,E
13,Vijay Singh,E
13,Johnson Wagner,E
20,Greg Kraft,+.083
21,Trevor Immelman,+.111
21,Ryan Palmer,+.111
23,Davis Love III,+.125
24,Daniel Chopra,+.154
25,Ryuji Imada,+.222
25,Parker McLachlin,+.222
27,Dustin Johnson,+.250
27,Justin Leonard,+.250
27,Kenny Perry,+.250
30,Stewart Cink,+.417
30,Marc Turnesa,+.417
32,J.B. Holmes,+.429
33,Andres Romero,+.778
