rank,player,Avg RTP
1,Daniel Chopra,-1.000
1,Ryuji Imada,-1.000
1,Davis Love III,-1.000
1,Steve Lowery,-1.000
1,Parker McLachlin,-1.000
1,Ryan Palmer,-1.000
1,Andres Romero,-1.000
1,Adam Scott,-1.000
1,Vijay Singh,-1.000
1,D.J. Trahan,-1.000
1,Camilo Villegas,-1.000
1,Boo Weekley,-1.000
13,Trevor Immelman,-.750
14,K.J. Choi,-.500
14,Richard Johnson,-.500
14,Zach Johnson,-.500
14,Kenny Perry,-.500
14,Johnson Wagner,-.500
19,Dustin Johnson,-.333
19,Carl Pettersson,-.333
21,Cameron Beckman,E
21,Stewart Cink,E
21,Ernie Els,E
21,Brian Gay,E
21,Greg Kraft,E
21,Justin Leonard,E
21,Will MacKenzie,E
21,Chez Reavie,E
29,J.B. Holmes,+.500
