rank,player,Avg RTP
1,Cameron Beckman,-1.000
1,K.J. Choi,-1.000
1,J.B. Holmes,-1.000
1,Ryuji Imada,-1.000
1,Dustin Johnson,-1.000
1,Steve Lowery,-1.000
1,Carl Pettersson,-1.000
8,Justin Leonard,-.750
9,Ernie Els,-.500
9,Richard Johnson,-.500
9,Geoff Ogilvy,-.500
12,Daniel Chopra,-.333
12,Sean O'Hair,-.333
12,Boo Weekley,-.333
15,Marc Turnesa,-.250
16,Stewart Cink,E
16,Brian Gay,E
16,Trevor Immelman,E
16,Zach Johnson,E
16,Anthony Kim,E
16,Greg Kraft,E
16,Davis Love III,E
16,Will MacKenzie,E
16,Kenny Perry,E
16,Chez Reavie,E
16,Andres Romero,E
16,Vijay Singh,E
16,Camilo Villegas,E
16,Johnson Wagner,E
30,Ryan Palmer,+.333
31,Parker McLachlin,+.500
31,D.J. Trahan,+.500
33,Adam Scott,+1.000
