rank,player,%,Total Birdies,Total Holes
1,Ryuji Imada,38.46,10,26
2,Justin Leonard,36.36,12,33
3,Parker McLachlin,33.33,7,21
3,Marc Turnesa,33.33,9,27
5,Zach Johnson,30.77,8,26
5,Geoff Ogilvy,30.77,8,26
7,Vijay Singh,30.43,7,23
8,Daniel Chopra,29.17,7,24
8,Greg Kraft,29.17,7,24
10,K.J. Choi,28.57,8,28
11,Ernie Els,27.78,5,18
12,Will MacKenzie,26.92,7,26
13,Stewart Cink,26.09,6,23
13,J.B. Holmes,26.09,6,23
13,D.J. Trahan,26.09,6,23
16,Brian Gay,25.93,7,27
16,Steve Lowery,25.93,7,27
18,Ryan Palmer,24.14,7,29
18,Chez Reavie,24.14,7,29
20,Kenny Perry,22.73,5,22
21,Sean O'Hair,22.22,6,27
22,Richard Johnson,21.74,5,23
22,Camilo Villegas,21.74,5,23
24,Anthony Kim,20.83,5,24
24,Andres Romero,20.83,5,24
26,Dustin Johnson,20.00,4,20
27,Adam Scott,19.05,4,21
27,Johnson Wagner,19.05,4,21
29,Cameron Beckman,17.24,5,29
30,Carl Pettersson,16.67,3,18
31,Trevor Immelman,15.00,3,20
31,Davis Love III,15.00,3,20
33,Boo Weekley,9.09,2,22
