rank,player,%,Total Birdies,Total Holes
1,J.B. Holmes,42.86,3,7
2,K.J. Choi,33.33,2,6
2,Ernie Els,33.33,2,6
2,Geoff Ogilvy,33.33,3,9
5,Daniel Chopra,27.27,3,11
6,Brian Gay,25.00,2,8
6,Richard Johnson,25.00,2,8
8,Chez Reavie,22.22,2,9
8,Boo Weekley,22.22,2,9
10,Zach Johnson,20.00,1,5
10,Steve Lowery,20.00,1,5
12,Dustin Johnson,18.18,2,11
12,Sean O'Hair,18.18,2,11
12,Johnson Wagner,18.18,2,11
15,Cameron Beckman,14.29,1,7
16,Ryuji Imada,12.50,1,8
16,Will MacKenzie,12.50,1,8
16,Parker McLachlin,12.50,1,8
16,Andres Romero,12.50,1,8
16,Vijay Singh,12.50,1,8
21,Carl Pettersson,10.00,1,10
22,Greg Kraft,8.33,1,12
22,Davis Love III,8.33,1,12
22,Marc Turnesa,8.33,1,12
25,Stewart Cink,.00,0,9
25,Trevor Immelman,.00,0,9
25,Anthony Kim,.00,0,6
25,Justin Leonard,.00,0,5
25,Ryan Palmer,.00,0,6
25,Kenny Perry,.00,0,8
25,Adam Scott,.00,0,7
25,D.J. Trahan,.00,0,8
25,Camilo Villegas,.00,0,9
