rank,player,%,Total Birdies,Total Holes
1,Boo Weekley,60.00,3,5
2,Vijay Singh,42.86,3,7
2,Camilo Villegas,42.86,3,7
4,Anthony Kim,33.33,1,3
4,Geoff Ogilvy,33.33,2,6
6,Richard Johnson,26.67,4,15
7,Dustin Johnson,25.00,1,4
7,Greg Kraft,25.00,2,8
7,Davis Love III,25.00,1,4
7,Carl Pettersson,25.00,2,8
7,Marc Turnesa,25.00,3,12
12,Daniel Chopra,22.22,2,9
12,Ryuji Imada,22.22,2,9
14,Justin Leonard,20.00,1,5
14,Steve Lowery,20.00,1,5
14,Will MacKenzie,20.00,1,5
17,Trevor Immelman,18.18,2,11
18,Stewart Cink,16.67,1,6
18,Adam Scott,16.67,1,6
20,Ernie Els,14.29,1,7
21,Zach Johnson,12.50,1,8
21,Johnson Wagner,12.50,1,8
23,D.J. Trahan,10.00,1,10
24,Brian Gay,7.69,1,13
25,Cameron Beckman,.00,0,7
25,K.J. Choi,.00,0,4
25,J.B. Holmes,.00,0,5
25,Parker McLachlin,.00,0,10
25,Sean O'Hair,.00,0,3
25,Ryan Palmer,.00,0,5
25,Kenny Perry,.00,0,7
25,Chez Reavie,.00,0,8
25,Andres Romero,.00,0,4
