rank,player,%,Total Birdies,Total Holes
1,Johnson Wagner,50.00,2,4
2,Stewart Cink,42.86,3,7
3,Dustin Johnson,37.50,3,8
3,Camilo Villegas,37.50,3,8
5,Sean O'Hair,33.33,2,6
5,Chez Reavie,33.33,2,6
7,Zach Johnson,28.57,2,7
7,Davis Love III,28.57,2,7
7,D.J. Trahan,28.57,2,7
10,J.B. Holmes,25.00,1,4
10,Anthony Kim,25.00,2,8
10,Ryan Palmer,25.00,1,4
13,Ernie Els,23.08,3,13
14,Cameron Beckman,20.00,1,5
14,Boo Weekley,20.00,1,5
16,Daniel Chopra,16.67,1,6
16,Justin Leonard,16.67,1,6
16,Steve Lowery,16.67,1,6
16,Adam Scott,16.67,1,6
20,Geoff Ogilvy,14.29,1,7
20,Carl Pettersson,14.29,1,7
22,Andres Romero,11.11,1,9
23,K.J. Choi,.00,0,4
23,Brian Gay,.00,0,3
23,Ryuji Imada,.00,0,3
23,Trevor Immelman,.00,0,6
23,Richard Johnson,.00,0,6
23,Greg Kraft,.00,0,5
23,Will MacKenzie,.00,0,5
23,Parker McLachlin,.00,0,5
23,Kenny Perry,.00,0,6
23,Vijay Singh,.00,0,6
23,Marc Turnesa,.00,0,4
