rank,player,Avg RTP
1,Kenny Perry,-.636
2,Chez Reavie,-.500
3,Geoff Ogilvy,-.417
4,Dustin Johnson,-.364
5,Anthony Kim,-.333
6,J.B. Holmes,-.308
7,Carl Pettersson,-.273
8,Ernie Els,-.222
8,Sean O'Hair,-.222
10,Will MacKenzie,-.200
10,Adam Scott,-.200
12,Parker McLachlin,-.182
13,Ryuji Imada,-.143
14,Ryan Palmer,-.111
15,Zach Johnson,-.091
15,Davis Love III,-.091
15,D.J. Trahan,-.091
18,Justin Leonard,-.083
19,Greg Kraft,-.077
19,Boo Weekley,-.077
21,Daniel Chopra,E
21,Richard Johnson,E
21,Vijay Singh,E
21,Marc Turnesa,E
25,K.J. Choi,+.077
26,Trevor Immelman,+.091
26,Steve Lowery,+.091
28,Cameron Beckman,+.100
28,Brian Gay,+.100
30,Johnson Wagner,+.200
31,Stewart Cink,+.286
32,Andres Romero,+.333
33,Camilo Villegas,+.400
