rank,player,%,Total Birdies,Total Holes
1,Geoff Ogilvy,36.84,21,57
2,J.B. Holmes,36.73,18,49
3,Dustin Johnson,35.09,20,57
4,Johnson Wagner,34.69,17,49
5,Daniel Chopra,33.33,17,51
5,Anthony Kim,33.33,19,57
7,Steve Lowery,32.76,19,58
8,Vijay Singh,32.20,19,59
9,Ryuji Imada,32.14,18,56
10,Zach Johnson,31.58,18,57
11,Camilo Villegas,30.77,16,52
12,D.J. Trahan,30.36,17,56
13,Kenny Perry,29.82,17,57
14,Sean O'Hair,29.41,15,51
15,Parker McLachlin,28.85,15,52
16,Boo Weekley,27.78,15,54
17,Ernie Els,27.66,13,47
18,Chez Reavie,26.98,17,63
19,Marc Turnesa,26.42,14,53
20,Andres Romero,25.53,12,47
21,Davis Love III,25.45,14,55
22,Will MacKenzie,25.00,13,52
22,Ryan Palmer,25.00,12,48
24,Trevor Immelman,24.56,14,57
24,Justin Leonard,24.56,14,57
26,Cameron Beckman,24.07,13,54
26,Stewart Cink,24.07,13,54
28,Richard Johnson,23.33,14,60
29,Carl Pettersson,21.43,12,56
30,Brian Gay,20.63,13,63
31,K.J. Choi,20.34,12,59
32,Adam Scott,20.00,11,55
33,Greg Kraft,18.18,10,55
