rank,player,Avg RTP
1,J.B. Holmes,-.750
2,Stewart Cink,-.625
3,Steve Lowery,-.600
4,Chez Reavie,-.500
4,Adam Scott,-.500
6,Justin Leonard,-.400
7,Ernie Els,-.333
7,Will MacKenzie,-.333
7,Parker McLachlin,-.333
7,Geoff Ogilvy,-.333
7,Marc Turnesa,-.333
12,Zach Johnson,-.250
12,Johnson Wagner,-.250
14,Anthony Kim,-.200
14,Carl Pettersson,-.200
16,Kenny Perry,-.182
17,Sean O'Hair,-.167
17,Andres Romero,-.167
17,D.J. Trahan,-.167
17,Camilo Villegas,-.167
21,K.J. Choi,-.125
21,Brian Gay,-.125
23,Cameron Beckman,-.100
24,Daniel Chopra,E
24,Ryuji Imada,E
24,Greg Kraft,E
24,Davis Love III,E
24,Ryan Palmer,E
24,Vijay Singh,E
24,Boo Weekley,E
31,Richard Johnson,+.143
32,Dustin Johnson,+.400
33,Trevor Immelman,+.500
