rank,player,Avg RTP
1,Kenny Perry,-.583
2,Dustin Johnson,-.550
3,Anthony Kim,-.524
4,D.J. Trahan,-.474
5,Geoff Ogilvy,-.444
6,Carl Pettersson,-.429
7,Davis Love III,-.409
8,Sean O'Hair,-.389
9,Parker McLachlin,-.381
10,Adam Scott,-.348
11,Daniel Chopra,-.333
11,J.B. Holmes,-.333
11,Johnson Wagner,-.333
14,Trevor Immelman,-.292
15,Ryan Palmer,-.250
16,Zach Johnson,-.238
17,Ryuji Imada,-.217
18,Ernie Els,-.214
19,Richard Johnson,-.211
20,Will MacKenzie,-.200
20,Vijay Singh,-.200
22,Boo Weekley,-.182
23,Andres Romero,-.176
24,K.J. Choi,-.167
25,Brian Gay,-.158
25,Justin Leonard,-.158
25,Chez Reavie,-.158
28,Cameron Beckman,-.150
29,Steve Lowery,-.125
30,Camilo Villegas,-.105
31,Stewart Cink,-.053
32,Greg Kraft,E
33,Marc Turnesa,+.071
