rank,player,%,Total Birdies,Total Holes
1,K.J. Choi,50.00,2,4
1,Brian Gay,50.00,1,2
3,Justin Leonard,40.00,2,5
3,Will MacKenzie,40.00,2,5
3,Sean O'Hair,40.00,4,10
3,Carl Pettersson,40.00,2,5
7,Cameron Beckman,37.50,3,8
7,Richard Johnson,37.50,3,8
9,D.J. Trahan,33.33,2,6
10,Greg Kraft,30.77,4,13
11,Adam Scott,28.57,2,7
11,Camilo Villegas,28.57,2,7
13,Stewart Cink,25.00,1,4
13,Geoff Ogilvy,25.00,1,4
13,Vijay Singh,25.00,1,4
16,Davis Love III,20.00,1,5
17,Daniel Chopra,16.67,2,12
17,Zach Johnson,16.67,1,6
17,Parker McLachlin,16.67,1,6
17,Boo Weekley,16.67,1,6
21,Trevor Immelman,14.29,1,7
22,Ernie Els,12.50,1,8
22,J.B. Holmes,12.50,1,8
24,Ryan Palmer,10.00,1,10
25,Johnson Wagner,7.69,1,13
26,Ryuji Imada,.00,0,9
26,Dustin Johnson,.00,0,2
26,Anthony Kim,.00,0,2
26,Steve Lowery,.00,0,5
26,Kenny Perry,.00,0,7
26,Chez Reavie,.00,0,6
26,Andres Romero,.00,0,11
26,Marc Turnesa,.00,0,10
