rank,player,%,Total Left rough,Possible Fwys,Relative to par
1,Jim Furyk,.00,0,60,E
1,Rory Sabbatini,.00,0,60,E
3,Stephen Ames,1.67,1,60,E
4,Kirk Triplett,3.33,2,60,+0.50
5,Stuart Appleby,5.00,3,60,E
5,Luke Donald,5.00,3,60,+0.33
5,Tim Herron,5.00,3,60,+0.33
8,Chris Couch,6.67,4,60,E
8,Trevor Immelman,6.67,4,60,E
8,Jeff Maggert,6.67,4,60,E
8,Adam Scott,6.67,4,60,E
12,K.J. Choi,8.33,5,60,+0.20
12,Ben Curtis,8.33,5,60,+0.40
12,Joe Durant,8.33,5,60,E
12,Rod Pampling,8.33,5,60,+0.20
12,David Toms,8.33,5,60,+0.40
17,J.J. Henry,10.00,6,60,E
17,Troy Matteson,10.00,6,60,-0.33
17,John Rollins,10.00,6,60,+0.33
17,John Senden,10.00,6,60,+0.33
17,Brett Wetterich,10.00,6,60,+0.17
22,Chad Campbell,11.67,7,60,+0.86
22,Davis Love III,11.67,7,60,-0.14
22,Will MacKenzie,11.67,7,60,-0.29
22,Geoff Ogilvy,11.67,7,60,+0.14
26,Corey Pavin,13.33,8,60,+0.75
27,Aaron Baddeley,15.00,9,60,+0.44
27,Vijay Singh,15.00,9,60,+0.11
29,Eric Axley,16.67,10,60,+0.50
29,J.B. Holmes,16.67,10,60,-0.10
29,D.J. Trahan,16.67,10,60,+0.60
29,Dean Wilson,16.67,10,60,+0.30
33,Carl Pettersson,18.33,11,60,E
