rank,player,%,Total Missed,Total Fwys,Relative to par
1,Stephen Ames,.00,0,60,E
1,Eric Axley,.00,0,60,E
1,Aaron Baddeley,.00,0,60,E
1,Ben Curtis,.00,0,60,E
1,Joe Durant,.00,0,60,E
1,Jim Furyk,.00,0,60,E
1,J.J. Henry,.00,0,60,E
1,Trevor Immelman,.00,0,60,E
1,Davis Love III,.00,0,60,E
1,Jeff Maggert,.00,0,60,E
1,Troy Matteson,.00,0,60,E
1,Corey Pavin,.00,0,60,E
1,Carl Pettersson,.00,0,60,E
1,Vijay Singh,.00,0,60,E
1,David Toms,.00,0,60,E
1,D.J. Trahan,.00,0,60,E
1,Brett Wetterich,.00,0,60,E
1,Dean Wilson,.00,0,60,E
19,Stuart Appleby,1.67,1,60,+2.00
19,Chad Campbell,1.67,1,60,+1.00
19,K.J. Choi,1.67,1,60,+1.00
19,Chris Couch,1.67,1,60,-1.00
19,Luke Donald,1.67,1,60,E
19,Tim Herron,1.67,1,60,+1.00
19,J.B. Holmes,1.67,1,60,-1.00
19,Will MacKenzie,1.67,1,60,+1.00
19,Geoff Ogilvy,1.67,1,60,E
19,John Rollins,1.67,1,60,+2.00
19,Adam Scott,1.67,1,60,E
19,John Senden,1.67,1,60,+1.00
19,Kirk Triplett,1.67,1,60,E
32,Rod Pampling,3.33,2,60,+1.50
33,Rory Sabbatini,5.00,3,60,+0.67
