rank,player,%,Total Rough,Possible Fwys,Relative to par
1,Jim Furyk,6.67,4,60,E
2,Luke Donald,10.00,6,60,E
2,Trevor Immelman,10.00,6,60,+3.33
2,Rory Sabbatini,10.00,6,60,+1.67
5,Jeff Maggert,11.67,7,60,E
6,Stephen Ames,15.00,9,60,-2.22
6,John Senden,15.00,9,60,+2.22
6,Kirk Triplett,15.00,9,60,+5.56
9,Chris Couch,16.67,10,60,-3.00
9,Rod Pampling,16.67,10,60,+1.00
11,Stuart Appleby,18.33,11,60,+0.91
11,K.J. Choi,18.33,11,60,-0.91
11,Joe Durant,18.33,11,60,E
14,Chad Campbell,20.00,12,60,+7.50
14,Ben Curtis,20.00,12,60,+4.17
14,J.J. Henry,20.00,12,60,-0.83
14,Davis Love III,20.00,12,60,E
14,Troy Matteson,20.00,12,60,E
14,John Rollins,20.00,12,60,+2.50
14,David Toms,20.00,12,60,+1.67
21,Tim Herron,21.67,13,60,+0.77
21,Corey Pavin,21.67,13,60,+6.92
21,Adam Scott,21.67,13,60,-0.77
21,Dean Wilson,21.67,13,60,+4.62
25,Will MacKenzie,23.33,14,60,E
25,Carl Pettersson,23.33,14,60,E
27,J.B. Holmes,26.67,16,60,+1.25
27,Vijay Singh,26.67,16,60,E
27,D.J. Trahan,26.67,16,60,+7.50
27,Brett Wetterich,26.67,16,60,-1.25
31,Eric Axley,30.00,18,60,+2.22
31,Geoff Ogilvy,30.00,18,60,-1.11
33,Aaron Baddeley,33.33,20,60,+4.00
