rank,player,%,Total Fairway Bunkers,Possible Fwys,Relative to par
1,Stephen Ames,.0,0,60,E
1,Eric Axley,.0,0,60,E
1,Aaron Baddeley,.0,0,60,E
1,Joe Durant,.0,0,60,E
1,Jim Furyk,.0,0,60,E
1,Will MacKenzie,.0,0,60,E
1,Troy Matteson,.0,0,60,E
1,Rory Sabbatini,.0,0,60,E
1,David Toms,.0,0,60,E
1,Brett Wetterich,.0,0,60,E
11,Chad Campbell,1.7,1,60,+1.000
11,Chris Couch,1.7,1,60,+1.000
11,Luke Donald,1.7,1,60,E
11,J.B. Holmes,1.7,1,60,-1.000
11,Trevor Immelman,1.7,1,60,E
11,Geoff Ogilvy,1.7,1,60,+1.000
11,Adam Scott,1.7,1,60,+1.000
11,Vijay Singh,1.7,1,60,E
11,D.J. Trahan,1.7,1,60,E
11,Kirk Triplett,1.7,1,60,E
21,Stuart Appleby,3.3,2,60,+0.500
21,K.J. Choi,3.3,2,60,E
21,Ben Curtis,3.3,2,60,+1.000
21,Davis Love III,3.3,2,60,+0.500
21,Rod Pampling,3.3,2,60,+1.000
21,Corey Pavin,3.3,2,60,E
21,Carl Pettersson,3.3,2,60,+1.000
21,Dean Wilson,3.3,2,60,E
29,Tim Herron,5.0,3,60,+0.333
30,J.J. Henry,6.7,4,60,E
30,Jeff Maggert,6.7,4,60,+0.250
32,John Senden,8.3,5,60,E
33,John Rollins,10.0,6,60,E
