rank,player,%,Fairways Hit,Possible Fairways
1,Jim Furyk,91.67,55,60
2,Trevor Immelman,88.33,53,60
3,Luke Donald,86.67,52,60
4,Stephen Ames,85.00,51,60
4,Rory Sabbatini,85.00,51,60
6,Kirk Triplett,81.67,49,60
7,Chris Couch,80.00,48,60
7,Joe Durant,80.00,48,60
7,Jeff Maggert,80.00,48,60
7,David Toms,80.00,48,60
11,Troy Matteson,78.33,47,60
12,Stuart Appleby,76.67,46,60
12,Chad Campbell,76.67,46,60
12,K.J. Choi,76.67,46,60
12,Ben Curtis,76.67,46,60
12,Davis Love III,76.67,46,60
12,Rod Pampling,76.67,46,60
18,Will MacKenzie,75.00,45,60
18,Corey Pavin,75.00,45,60
18,Dean Wilson,75.00,45,60
21,J.J. Henry,73.33,44,60
21,Carl Pettersson,73.33,44,60
21,Adam Scott,73.33,44,60
21,John Senden,73.33,44,60
25,Vijay Singh,71.67,43,60
25,D.J. Trahan,71.67,43,60
25,Brett Wetterich,71.67,43,60
28,Eric Axley,70.00,42,60
28,Tim Herron,70.00,42,60
28,J.B. Holmes,70.00,42,60
31,Aaron Baddeley,66.67,40,60
31,Geoff Ogilvy,66.67,40,60
31,John Rollins,66.67,40,60
