rank,player,%,Total Right rough,Possible Fwys,Relative to par
1,Trevor Immelman,3.33,2,60,+1.00
2,Luke Donald,5.00,3,60,-0.33
2,Jeff Maggert,5.00,3,60,E
2,Carl Pettersson,5.00,3,60,E
2,John Senden,5.00,3,60,E
2,Dean Wilson,5.00,3,60,+1.00
7,Jim Furyk,6.67,4,60,E
8,Chad Campbell,8.33,5,60,+0.60
8,Davis Love III,8.33,5,60,+0.20
8,Rod Pampling,8.33,5,60,E
8,Corey Pavin,8.33,5,60,+0.60
12,K.J. Choi,10.00,6,60,-0.33
12,Chris Couch,10.00,6,60,-0.50
12,Joe Durant,10.00,6,60,E
12,J.J. Henry,10.00,6,60,-0.17
12,J.B. Holmes,10.00,6,60,+0.50
12,Troy Matteson,10.00,6,60,+0.33
12,John Rollins,10.00,6,60,+0.17
12,Rory Sabbatini,10.00,6,60,+0.17
12,D.J. Trahan,10.00,6,60,+1.00
21,Ben Curtis,11.67,7,60,+0.43
21,Will MacKenzie,11.67,7,60,+0.29
21,Vijay Singh,11.67,7,60,-0.14
21,David Toms,11.67,7,60,E
21,Kirk Triplett,11.67,7,60,+0.57
26,Stephen Ames,13.33,8,60,-0.25
26,Stuart Appleby,13.33,8,60,+0.13
26,Eric Axley,13.33,8,60,-0.13
29,Adam Scott,15.00,9,60,-0.11
30,Tim Herron,16.67,10,60,E
30,Brett Wetterich,16.67,10,60,-0.30
32,Aaron Baddeley,18.33,11,60,+0.36
32,Geoff Ogilvy,18.33,11,60,-0.27
