rank,player,RTP Score
1,Chris Couch,-.500
2,K.J. Choi,-.333
2,Luke Donald,-.333
4,Brett Wetterich,-.300
5,Geoff Ogilvy,-.273
6,Stephen Ames,-.250
7,J.J. Henry,-.167
8,Vijay Singh,-.143
9,Eric Axley,-.125
10,Adam Scott,-.111
11,Joe Durant,E
11,Jim Furyk,E
11,Tim Herron,E
11,Jeff Maggert,E
11,Rod Pampling,E
11,Carl Pettersson,E
11,John Senden,E
11,David Toms,E
19,Stuart Appleby,+.125
20,John Rollins,+.167
20,Rory Sabbatini,+.167
22,Davis Love III,+.200
23,Will MacKenzie,+.286
24,Troy Matteson,+.333
25,Aaron Baddeley,+.364
26,Ben Curtis,+.429
27,J.B. Holmes,+.500
28,Kirk Triplett,+.571
29,Chad Campbell,+.600
29,Corey Pavin,+.600
31,Trevor Immelman,+1.000
31,D.J. Trahan,+1.000
31,Dean Wilson,+1.000
