rank,player,RTP Score
1,Troy Matteson,-.333
2,Will MacKenzie,-.286
3,Davis Love III,-.143
4,J.B. Holmes,-.100
5,Stephen Ames,E
5,Stuart Appleby,E
5,Chris Couch,E
5,Joe Durant,E
5,J.J. Henry,E
5,Trevor Immelman,E
5,Jeff Maggert,E
5,Carl Pettersson,E
5,Adam Scott,E
14,Vijay Singh,+.111
15,Geoff Ogilvy,+.143
16,Brett Wetterich,+.167
17,K.J. Choi,+.200
17,Rod Pampling,+.200
19,Dean Wilson,+.300
20,Luke Donald,+.333
20,Tim Herron,+.333
20,John Rollins,+.333
20,John Senden,+.333
24,Ben Curtis,+.400
24,David Toms,+.400
26,Aaron Baddeley,+.444
27,Eric Axley,+.500
27,Kirk Triplett,+.500
29,D.J. Trahan,+.600
30,Corey Pavin,+.750
31,Chad Campbell,+.857
