rank,player,%,Fairways Hit,Possible Fairways,Relative to Par
1,Jim Furyk,93.33,56,60,+0.02
2,Trevor Immelman,88.33,53,60,-0.23
3,Luke Donald,86.67,52,60,-0.17
4,Stephen Ames,85.00,51,60,-0.16
4,Rory Sabbatini,85.00,51,60,-0.12
6,Joe Durant,81.67,49,60,-0.14
6,Jeff Maggert,81.67,49,60,+0.02
6,Kirk Triplett,81.67,49,60,-0.20
9,Chris Couch,80.00,48,60,-0.08
9,Troy Matteson,80.00,48,60,-0.08
9,David Toms,80.00,48,60,-0.19
12,Stuart Appleby,76.67,46,60,-0.22
12,Chad Campbell,76.67,46,60,-0.04
12,K.J. Choi,76.67,46,60,-0.15
12,Ben Curtis,76.67,46,60,+0.09
12,Davis Love III,76.67,46,60,-0.26
12,Rod Pampling,76.67,46,60,-0.09
18,Will MacKenzie,75.00,45,60,-0.22
18,Corey Pavin,75.00,45,60,-0.04
18,Adam Scott,75.00,45,60,-0.31
18,John Senden,75.00,45,60,-0.07
18,Dean Wilson,75.00,45,60,E
23,J.J. Henry,73.33,44,60,-0.14
23,Carl Pettersson,73.33,44,60,-0.05
23,Brett Wetterich,73.33,44,60,+0.05
26,Tim Herron,71.67,43,60,-0.14
26,Vijay Singh,71.67,43,60,-0.26
26,D.J. Trahan,71.67,43,60,-0.05
29,Eric Axley,70.00,42,60,-0.07
29,J.B. Holmes,70.00,42,60,-0.21
31,John Rollins,68.33,41,60,-0.10
32,Aaron Baddeley,66.67,40,60,-0.13
32,Geoff Ogilvy,66.67,40,60,-0.08
