rank,player,%,# Hit,Total Attempts
1,Luke Donald,98.33,59,60
2,Stephen Ames,96.67,58,60
2,Jim Furyk,96.67,58,60
2,Trevor Immelman,96.67,58,60
5,Chris Couch,95.00,57,60
5,Joe Durant,95.00,57,60
5,J.J. Henry,95.00,57,60
5,J.B. Holmes,95.00,57,60
5,Davis Love III,95.00,57,60
5,Jeff Maggert,95.00,57,60
11,Eric Axley,93.33,56,60
11,Will MacKenzie,93.33,56,60
11,Geoff Ogilvy,93.33,56,60
11,Vijay Singh,93.33,56,60
11,David Toms,93.33,56,60
11,Kirk Triplett,93.33,56,60
11,Brett Wetterich,93.33,56,60
18,K.J. Choi,91.67,55,60
18,Tim Herron,91.67,55,60
18,Troy Matteson,91.67,55,60
18,Dean Wilson,91.67,55,60
22,Aaron Baddeley,90.00,54,60
22,Rory Sabbatini,90.00,54,60
22,Adam Scott,90.00,54,60
22,John Senden,90.00,54,60
26,Carl Pettersson,88.33,53,60
27,Stuart Appleby,86.67,52,60
27,Rod Pampling,86.67,52,60
27,Corey Pavin,86.67,52,60
27,John Rollins,86.67,52,60
27,D.J. Trahan,86.67,52,60
32,Chad Campbell,85.00,51,60
33,Ben Curtis,83.33,50,60
