rank,player,%,Total Right rough,Possible Fwys,Relative to par
1,Fred Funk,1.67,1,60,E
1,Paul Goydos,1.67,1,60,+2.00
1,Justin Leonard,1.67,1,60,-1.00
1,Hunter Mahan,1.67,1,60,E
1,Scott Verplank,1.67,1,60,E
6,Jim Furyk,3.33,2,60,-0.50
6,Joe Ogilvie,3.33,2,60,-0.50
8,K.J. Choi,5.00,3,60,E
9,Aaron Baddeley,6.67,4,60,E
9,Mark Calcavecchia,6.67,4,60,E
9,Charles Howell III,6.67,4,60,-0.25
9,Rory Sabbatini,6.67,4,60,E
9,Nick Watney,6.67,4,60,E
9,Mark Wilson,6.67,4,60,E
15,Jonathan Byrd,6.78,4,59,-0.25
15,Chad Campbell,6.78,4,59,-0.25
15,George McNeill,6.78,4,59,-0.25
18,Woody Austin,8.33,5,60,-0.20
18,Brian Bateman,8.33,5,60,E
18,Charley Hoffman,8.33,5,60,E
18,Brandt Snedeker,8.33,5,60,-0.40
18,Henrik Stenson,8.33,5,60,+0.20
18,Mike Weir,8.33,5,60,-0.60
24,Stephen Ames,10.00,6,60,-0.33
25,Ángel Cabrera,10.34,6,58,+0.50
26,Zach Johnson,11.67,7,60,+0.14
27,Vijay Singh,13.33,8,60,-0.25
28,Daniel Chopra,13.56,8,59,-0.25
29,Steve Flesch,15.00,9,60,+0.11
30,Boo Weekley,15.25,9,59,E
31,Steve Stricker,16.67,10,60,-0.40
