rank,player,%,Total Rough,Possible Fwys,Relative to par
1,Scott Verplank,5.00,3,60,-3.33
2,Fred Funk,8.33,5,60,E
3,Aaron Baddeley,10.00,6,60,+1.67
3,Jim Furyk,10.00,6,60,-1.67
3,Hunter Mahan,10.00,6,60,E
6,Paul Goydos,11.67,7,60,+4.29
6,Justin Leonard,11.67,7,60,-2.86
6,Joe Ogilvie,11.67,7,60,+2.86
9,Mark Calcavecchia,15.00,9,60,-1.11
9,Brandt Snedeker,15.00,9,60,+1.11
9,Mark Wilson,15.00,9,60,E
12,Jonathan Byrd,15.25,9,59,E
13,Zach Johnson,16.67,10,60,E
13,Rory Sabbatini,16.67,10,60,-2.00
13,Henrik Stenson,16.67,10,60,+1.00
16,Stephen Ames,18.33,11,60,-1.82
16,Woody Austin,18.33,11,60,-0.91
16,K.J. Choi,18.33,11,60,+0.91
16,Charles Howell III,18.33,11,60,-2.73
20,Charley Hoffman,20.00,12,60,+1.67
20,Nick Watney,20.00,12,60,-0.83
20,Mike Weir,20.00,12,60,-1.67
23,Chad Campbell,20.34,12,59,-2.50
23,Boo Weekley,20.34,12,59,+0.83
25,Steve Flesch,21.67,13,60,+0.77
25,Vijay Singh,21.67,13,60,-3.85
27,George McNeill,23.73,14,59,E
28,Steve Stricker,25.00,15,60,-3.33
29,Daniel Chopra,25.42,15,59,-2.67
30,Ángel Cabrera,25.86,15,58,+0.67
31,Brian Bateman,26.67,16,60,+0.63
