rank,player,%,Fairways Hit,Possible Fairways,Relative to Par
1,Scott Verplank,95.00,57,60,-0.09
2,Fred Funk,90.00,54,60,-0.13
3,Aaron Baddeley,88.33,53,60,-0.21
3,Jim Furyk,88.33,53,60,-0.23
3,Paul Goydos,88.33,53,60,-0.04
3,Hunter Mahan,88.33,53,60,-0.26
7,Justin Leonard,86.67,52,60,-0.19
8,Joe Ogilvie,85.00,51,60,-0.06
8,Mark Wilson,85.00,51,60,-0.06
10,Mark Calcavecchia,83.33,50,60,-0.28
10,Zach Johnson,83.33,50,60,-0.14
12,Rory Sabbatini,81.67,49,60,-0.06
12,Brandt Snedeker,81.67,49,60,-0.33
14,Jonathan Byrd,81.36,48,59,-0.23
15,Charley Hoffman,80.00,48,60,-0.15
15,Charles Howell III,80.00,48,60,-0.23
17,Stephen Ames,78.33,47,60,-0.26
17,Henrik Stenson,78.33,47,60,-0.09
17,Nick Watney,78.33,47,60,-0.30
20,Woody Austin,76.67,46,60,-0.15
20,Vijay Singh,76.67,46,60,-0.13
20,Mike Weir,76.67,46,60,-0.30
23,Chad Campbell,76.27,45,59,-0.22
24,K.J. Choi,75.00,45,60,-0.09
24,Steve Stricker,75.00,45,60,-0.33
26,Boo Weekley,74.58,44,59,-0.25
27,Brian Bateman,73.33,44,60,-0.14
27,Steve Flesch,73.33,44,60,-0.25
29,George McNeill,72.88,43,59,-0.05
30,Ángel Cabrera,72.41,42,58,-0.26
31,Daniel Chopra,71.19,42,59,-0.29
