rank,player,%,Number of Times,Attempts,Avg RTP Score
1,Mark Wilson,22.2,2,9,+5.00
2,Scott Verplank,25.0,1,4,E
3,Mark Calcavecchia,30.0,3,10,-3.33
4,Charles Howell III,33.3,4,12,-5.00
5,Brandt Snedeker,36.4,4,11,+5.00
6,Stephen Ames,38.5,5,13,E
7,Zach Johnson,40.0,4,10,-2.50
8,Jonathan Byrd,41.7,5,12,+2.00
9,Woody Austin,42.9,6,14,+1.67
9,Aaron Baddeley,42.9,3,7,+3.33
11,Boo Weekley,43.8,7,16,+5.71
12,Nick Watney,46.2,6,13,+1.67
13,Chad Campbell,46.7,7,15,+4.29
13,Steve Stricker,46.7,7,15,-2.86
15,Fred Funk,50.0,3,6,E
16,George McNeill,52.9,9,17,+2.22
17,Rory Sabbatini,54.5,6,11,-1.67
18,Jim Furyk,57.1,4,7,-2.50
18,Hunter Mahan,57.1,4,7,E
18,Vijay Singh,57.1,8,14,-3.75
21,Charley Hoffman,58.3,7,12,+1.43
22,Brian Bateman,62.5,10,16,-1.00
22,Steve Flesch,62.5,10,16,+4.00
22,Justin Leonard,62.5,5,8,E
25,Mike Weir,64.3,9,14,-1.11
26,K.J. Choi,66.7,10,15,+2.00
26,Daniel Chopra,66.7,12,18,-2.50
28,Henrik Stenson,69.2,9,13,+1.11
29,Paul Goydos,71.4,5,7,+2.00
30,Ángel Cabrera,77.8,14,18,-0.71
30,Joe Ogilvie,77.8,7,9,+2.86
