rank,player,%,Number of Times,Attempts,Avg RTP Score
1,Ángel Cabrera,22.2,4,18,+7.50
1,Joe Ogilvie,22.2,2,9,+5.00
3,Paul Goydos,28.6,2,7,+10.00
4,Henrik Stenson,30.8,4,13,E
5,K.J. Choi,33.3,5,15,E
5,Daniel Chopra,33.3,6,18,E
7,Mike Weir,35.7,5,14,-2.00
8,Brian Bateman,37.5,6,16,+3.33
8,Steve Flesch,37.5,6,16,+1.67
8,Justin Leonard,37.5,3,8,-3.33
11,Charley Hoffman,41.7,5,12,+2.00
12,Jim Furyk,42.9,3,7,E
12,Hunter Mahan,42.9,3,7,E
12,Vijay Singh,42.9,6,14,-3.33
15,Rory Sabbatini,45.5,5,11,-4.00
16,George McNeill,47.1,8,17,-1.25
17,Fred Funk,50.0,3,6,+3.33
18,Chad Campbell,53.3,8,15,-2.50
18,Steve Stricker,53.3,8,15,-3.75
20,Nick Watney,53.8,7,13,-1.43
21,Boo Weekley,56.3,9,16,E
22,Woody Austin,57.1,8,14,-1.25
22,Aaron Baddeley,57.1,4,7,E
24,Jonathan Byrd,58.3,7,12,+1.43
25,Zach Johnson,60.0,6,10,+1.67
26,Stephen Ames,61.5,8,13,-2.50
27,Brandt Snedeker,63.6,7,11,E
28,Charles Howell III,66.7,8,12,-1.25
29,Mark Calcavecchia,70.0,7,10,+2.86
30,Scott Verplank,75.0,3,4,+3.33
31,Mark Wilson,77.8,7,9,-1.43
