rank,player,RTP Score
1,Justin Leonard,-1.000
2,Mike Weir,-.600
3,Jim Furyk,-.500
3,Joe Ogilvie,-.500
5,Brandt Snedeker,-.400
5,Steve Stricker,-.400
7,Stephen Ames,-.333
8,Jonathan Byrd,-.250
8,Chad Campbell,-.250
8,Daniel Chopra,-.250
8,Charles Howell III,-.250
8,George McNeill,-.250
8,Vijay Singh,-.250
14,Woody Austin,-.200
15,Aaron Baddeley,E
15,Brian Bateman,E
15,Mark Calcavecchia,E
15,K.J. Choi,E
15,Fred Funk,E
15,Charley Hoffman,E
15,Hunter Mahan,E
15,Rory Sabbatini,E
15,Scott Verplank,E
15,Nick Watney,E
15,Boo Weekley,E
15,Mark Wilson,E
27,Steve Flesch,+.111
28,Zach Johnson,+.143
29,Henrik Stenson,+.200
30,Ángel Cabrera,+.500
31,Paul Goydos,+2.000
