rank,player,%,Total Fairway Bunkers,Possible Fwys,Relative to par
1,Brian Bateman,.0,0,60,E
1,Mark Calcavecchia,.0,0,60,E
1,Paul Goydos,.0,0,60,E
1,Charley Hoffman,.0,0,60,E
1,Zach Johnson,.0,0,60,E
1,Steve Stricker,.0,0,60,E
1,Scott Verplank,.0,0,60,E
1,Mark Wilson,.0,0,60,E
9,Stephen Ames,1.7,1,60,E
9,Aaron Baddeley,1.7,1,60,E
9,Jonathan Byrd,1.7,1,59,+1.000
9,Ángel Cabrera,1.7,1,58,+2.000
9,Fred Funk,1.7,1,60,+1.000
9,Jim Furyk,1.7,1,60,E
9,Charles Howell III,1.7,1,60,E
9,Justin Leonard,1.7,1,60,+1.000
9,Hunter Mahan,1.7,1,60,E
9,Rory Sabbatini,1.7,1,60,-1.000
9,Vijay Singh,1.7,1,60,E
9,Henrik Stenson,1.7,1,60,+1.000
9,Nick Watney,1.7,1,60,+1.000
22,Woody Austin,3.3,2,60,+0.500
22,Steve Flesch,3.3,2,60,+0.500
22,Joe Ogilvie,3.3,2,60,+0.500
22,Brandt Snedeker,3.3,2,60,+0.500
22,Mike Weir,3.3,2,60,E
27,Chad Campbell,3.4,2,59,+0.500
27,Daniel Chopra,3.4,2,59,+0.500
27,George McNeill,3.4,2,59,+0.500
27,Boo Weekley,3.4,2,59,+0.500
31,K.J. Choi,6.7,4,60,+0.250
