rank,player,%,Fairways Hit,Possible Fairways
1,Scott Verplank,93.33,56,60
2,Fred Funk,90.00,54,60
3,Aaron Baddeley,88.33,53,60
3,Jim Furyk,88.33,53,60
3,Paul Goydos,88.33,53,60
3,Hunter Mahan,88.33,53,60
7,Justin Leonard,86.67,52,60
8,Joe Ogilvie,85.00,51,60
8,Mark Wilson,85.00,51,60
10,Mark Calcavecchia,83.33,50,60
10,Zach Johnson,83.33,50,60
12,Rory Sabbatini,81.67,49,60
12,Brandt Snedeker,81.67,49,60
14,Jonathan Byrd,80.00,48,60
14,Charley Hoffman,80.00,48,60
14,Charles Howell III,80.00,48,60
17,Stephen Ames,78.33,47,60
17,Henrik Stenson,78.33,47,60
17,Nick Watney,78.33,47,60
20,Woody Austin,76.67,46,60
20,Vijay Singh,76.67,46,60
20,Mike Weir,76.67,46,60
23,Chad Campbell,75.00,45,60
23,K.J. Choi,75.00,45,60
23,Steve Stricker,75.00,45,60
26,Brian Bateman,73.33,44,60
26,Steve Flesch,73.33,44,60
26,Boo Weekley,73.33,44,60
29,George McNeill,71.67,43,60
30,Ángel Cabrera,70.00,42,60
30,Daniel Chopra,70.00,42,60
