rank,player,%,Total Missed,Total Fwys,Relative to par
1,Aaron Baddeley,.00,0,60,E
1,Brian Bateman,.00,0,60,E
1,Ángel Cabrera,.00,0,58,E
1,Chad Campbell,.00,0,59,E
1,K.J. Choi,.00,0,60,E
1,Daniel Chopra,.00,0,59,E
1,Fred Funk,.00,0,60,E
1,Jim Furyk,.00,0,60,E
1,Paul Goydos,.00,0,60,E
1,Charley Hoffman,.00,0,60,E
1,Charles Howell III,.00,0,60,E
1,Zach Johnson,.00,0,60,E
1,Justin Leonard,.00,0,60,E
1,Hunter Mahan,.00,0,60,E
1,George McNeill,.00,0,59,E
1,Joe Ogilvie,.00,0,60,E
1,Rory Sabbatini,.00,0,60,E
1,Vijay Singh,.00,0,60,E
1,Brandt Snedeker,.00,0,60,E
1,Steve Stricker,.00,0,60,E
1,Scott Verplank,.00,0,60,E
1,Nick Watney,.00,0,60,E
1,Mike Weir,.00,0,60,E
1,Mark Wilson,.00,0,60,E
25,Stephen Ames,1.67,1,60,E
25,Woody Austin,1.67,1,60,E
25,Mark Calcavecchia,1.67,1,60,+2.00
25,Steve Flesch,1.67,1,60,+3.00
29,Jonathan Byrd,1.69,1,59,E
29,Boo Weekley,1.69,1,59,+1.00
31,Henrik Stenson,3.33,2,60,-0.50
