rank,player,RTP Score
1,Vijay Singh,-.600
2,Scott Verplank,-.500
3,Zach Johnson,-.333
3,Rory Sabbatini,-.333
5,Daniel Chopra,-.286
5,Charles Howell III,-.286
7,Chad Campbell,-.250
8,Ángel Cabrera,-.222
9,Mark Calcavecchia,-.200
9,Steve Stricker,-.200
11,Justin Leonard,-.167
12,Nick Watney,-.125
13,Stephen Ames,E
13,Woody Austin,E
13,Steve Flesch,E
13,Fred Funk,E
13,Jim Furyk,E
13,Hunter Mahan,E
13,Henrik Stenson,E
13,Mark Wilson,E
21,Brian Bateman,+.091
22,George McNeill,+.100
23,K.J. Choi,+.125
24,Mike Weir,+.143
25,Paul Goydos,+.167
26,Jonathan Byrd,+.200
27,Charley Hoffman,+.286
28,Boo Weekley,+.333
29,Aaron Baddeley,+.500
30,Joe Ogilvie,+.600
31,Brandt Snedeker,+.750
