rank,player,%,# Hit,Total Attempts
1,Mark Calcavecchia,98.33,59,60
1,Steve Stricker,98.33,59,60
1,Scott Verplank,98.33,59,60
4,Woody Austin,96.67,58,60
4,Jim Furyk,96.67,58,60
4,Paul Goydos,96.67,58,60
4,Charley Hoffman,96.67,58,60
4,Zach Johnson,96.67,58,60
4,Justin Leonard,96.67,58,60
4,Hunter Mahan,96.67,58,60
4,Rory Sabbatini,96.67,58,60
4,Vijay Singh,96.67,58,60
4,Mark Wilson,96.67,58,60
14,Aaron Baddeley,95.00,57,60
14,Chad Campbell,95.00,57,60
14,K.J. Choi,95.00,57,60
14,Fred Funk,95.00,57,60
14,Charles Howell III,95.00,57,60
14,Brandt Snedeker,95.00,57,60
14,Henrik Stenson,95.00,57,60
14,Nick Watney,95.00,57,60
22,Stephen Ames,93.33,56,60
22,Jonathan Byrd,93.33,56,60
22,Ángel Cabrera,93.33,56,60
22,Daniel Chopra,93.33,56,60
22,Joe Ogilvie,93.33,56,60
22,Mike Weir,93.33,56,60
28,Brian Bateman,91.67,55,60
29,Steve Flesch,90.00,54,60
29,George McNeill,90.00,54,60
31,Boo Weekley,88.33,53,60
