rank,player,Avg,Total Distance (Feet),Total Strokes
1,Scott Verplank,"5' 4""",15.917,3
2,Paul Goydos,"5' 6""",32.917,6
3,Zach Johnson,"8' 1""",81.167,10
4,Stephen Ames,"9' 6""",113.583,12
5,Boo Weekley,"9' 11""",109.417,11
6,Brian Bateman,"10' 8""",160.417,15
7,Justin Leonard,"11' 3""",89.667,8
8,Jim Furyk,"11' 4""",79.583,7
9,George McNeill,"11' 6""",183.917,16
10,Charley Hoffman,"12' 2""",145.500,12
11,Woody Austin,"12' 6""",162.250,13
12,Mark Calcavecchia,"12' 7""",125.500,10
12,Fred Funk,"12' 7""",63.000,5
14,Steve Stricker,"12' 9""",190.833,15
15,Charles Howell III,"12' 10""",153.500,12
16,Steve Flesch,"13' 6""",189.500,14
17,Vijay Singh,"13' 7""",163.167,12
18,Mike Weir,"13' 11""",181.417,13
19,Jonathan Byrd,"14' 9""",177.167,12
20,Hunter Mahan,"15' 5""",107.667,7
21,Aaron Baddeley,"16' 5""",115.167,7
22,Brandt Snedeker,"16' 10""",168.417,10
23,Chad Campbell,"16' 11""",237.000,14
24,K.J. Choi,"17' 1""",239.417,14
24,Henrik Stenson,"17' 1""",187.750,11
26,Nick Watney,"18' 4""",237.917,13
27,Rory Sabbatini,"19' 7""",215.083,11
28,Mark Wilson,"19' 8""",177.333,9
29,Joe Ogilvie,"20' 6""",163.833,8
30,Daniel Chopra,"20' 11""",334.500,16
31,Ángel Cabrera,"27' 7""",413.250,15
