rank,player,%,Greens Hit,# Holes,Relative/Par
1,K.H. Lee,88.89%,64,72,-0.41
1,J.J. Spaun,88.89%,64,72,-0.38
3,Russell Henley,86.11%,62,72,-0.27
3,Max Homa,86.11%,62,72,-0.47
3,Collin Morikawa,86.11%,62,72,-0.45
3,Sepp Straka,86.11%,62,72,-0.37
7,Luke List,84.72%,61,72,-0.43
7,Jon Rahm,84.72%,61,72,-0.51
7,Cameron Young,84.72%,61,72,-0.44
7,Will Zalatoris,84.72%,61,72,-0.39
11,Keegan Bradley,83.33%,60,72,-0.22
11,Corey Conners,83.33%,60,72,-0.33
11,Billy Horschel,83.33%,60,72,-0.33
11,Sungjae Im,83.33%,60,72,-0.40
11,J.T. Poston,83.33%,60,72,-0.35
11,Chez Reavie,83.33%,60,72,-0.23
11,Scottie Scheffler,83.33%,60,72,-0.42
11,Justin Thomas,83.33%,60,72,-0.35
19,Ryan Brehm,81.94%,59,72,-0.27
19,Patrick Cantlay,81.94%,59,72,-0.41
19,Tony Finau,81.94%,59,72,-0.41
19,Tom Hoge,81.94%,59,72,-0.49
19,Tom Kim,81.94%,59,72,-0.46
19,Sahith Theegala,81.94%,59,72,-0.31
19,Aaron Wise,81.94%,59,72,-0.41
26,Sam Burns,80.56%,58,72,-0.36
26,Matt Fitzpatrick,80.56%,58,72,-0.41
26,Adam Svensson,80.56%,58,72,-0.19
29,Viktor Hovland,79.17%,57,72,-0.44
29,Mackenzie Hughes,79.17%,57,72,-0.42
29,Scott Stallings,79.17%,57,72,-0.42
32,Adam Scott,77.78%,56,72,-0.36
32,Jordan Spieth,77.78%,56,72,-0.41
34,Hideki Matsuyama,76.39%,55,72,-0.42
34,Trey Mullinax,76.39%,55,72,-0.33
34,Seamus Power,76.39%,55,72,-0.33
37,Brian Harman,75.00%,54,72,-0.43
37,Chad Ramey,75.00%,54,72,-0.28
