rank,player,Value,Total Drv Rank,GIR Rank
1,Max Homa,4,1,3
2,Will Zalatoris,10,3,7
3,J.T. Poston,14,3,11
4,Cameron Young,15,8,7
5,Keegan Bradley,16,5,11
6,Sungjae Im,18,7,11
7,Luke List,19,12,7
7,J.J. Spaun,19,18,1
7,Sepp Straka,19,16,3
10,Tony Finau,21,2,19
11,Jon Rahm,23,16,7
12,Chez Reavie,24,13,11
13,Russell Henley,26,23,3
14,Ryan Brehm,30,11,19
15,Collin Morikawa,31,28,3
16,K.H. Lee,32,31,1
17,Aaron Wise,33,14,19
18,Scottie Scheffler,35,24,11
19,Viktor Hovland,37,8,29
19,Adam Scott,37,5,32
21,Tom Kim,38,19,19
22,Tom Hoge,39,20,19
23,Corey Conners,42,31,11
24,Trey Mullinax,44,10,34
25,Billy Horschel,45,34,11
26,Matt Fitzpatrick,46,20,26
27,Justin Thomas,47,36,11
28,Sahith Theegala,49,30,19
29,Patrick Cantlay,50,31,19
30,Sam Burns,52,26,26
30,Brian Harman,52,15,37
32,Seamus Power,54,20,34
33,Hideki Matsuyama,58,24,34
33,Scott Stallings,58,29,29
35,Adam Svensson,60,34,26
36,Chad Ramey,63,26,37
37,Mackenzie Hughes,67,38,29
38,Jordan Spieth,68,36,32
