rank,player,Avg,Total Strokes,Total Rounds
1,Harris English,65.00,65,1
1,Justin Thomas,65.00,65,1
3,Sergio Garcia,67.00,67,1
3,Sungjae Im,67.00,67,1
3,Ryan Palmer,67.00,67,1
3,Patrick Reed,67.00,67,1
3,Robert Streb,67.00,67,1
3,Nick Taylor,67.00,67,1
9,Patrick Cantlay,68.00,68,1
9,Adam Scott,68.00,68,1
9,Brendon Todd,68.00,68,1
12,Daniel Berger,69.00,69,1
12,Bryson DeChambeau,69.00,69,1
12,Viktor Hovland,69.00,69,1
12,Martin Laird,69.00,69,1
12,Marc Leishman,69.00,69,1
12,Collin Morikawa,69.00,69,1
12,Joaquin Niemann,69.00,69,1
12,Carlos Ortiz,69.00,69,1
12,Xander Schauffele,69.00,69,1
12,Richy Werenski,69.00,69,1
22,Abraham Ancer,70.00,70,1
22,Brian Gay,70.00,70,1
22,Kevin Kisner,70.00,70,1
22,Andrew Landry,70.00,70,1
22,Jon Rahm,70.00,70,1
22,Scottie Scheffler,70.00,70,1
22,Webb Simpson,70.00,70,1
22,Cameron Smith,70.00,70,1
30,Cameron Champ,71.00,71,1
30,Stewart Cink,71.00,71,1
30,Lanto Griffin,71.00,71,1
30,Billy Horschel,71.00,71,1
30,Dustin Johnson,71.00,71,1
30,Jason Kokrak,71.00,71,1
30,Kevin Na,71.00,71,1
37,Mackenzie Hughes,73.00,73,1
37,Hideki Matsuyama,73.00,73,1
37,Hudson Swafford,73.00,73,1
37,Michael Thompson,73.00,73,1
41,Tony Finau,74.00,74,1
42,Sebastián Muñoz,75.00,75,1
