rank,player,Avg,Total Strokes,Total Rounds
1,Ryan Palmer,64.00,64,1
2,Collin Morikawa,65.00,65,1
3,Harris English,66.00,66,1
3,Billy Horschel,66.00,66,1
3,Cameron Smith,66.00,66,1
6,Daniel Berger,67.00,67,1
6,Patrick Cantlay,67.00,67,1
6,Stewart Cink,67.00,67,1
6,Sergio Garcia,67.00,67,1
6,Sungjae Im,67.00,67,1
6,Sebastián Muñoz,67.00,67,1
6,Joaquin Niemann,67.00,67,1
6,Michael Thompson,67.00,67,1
14,Tony Finau,68.00,68,1
14,Viktor Hovland,68.00,68,1
14,Martin Laird,68.00,68,1
14,Adam Scott,68.00,68,1
14,Justin Thomas,68.00,68,1
19,Abraham Ancer,69.00,69,1
19,Lanto Griffin,69.00,69,1
19,Dustin Johnson,69.00,69,1
19,Kevin Kisner,69.00,69,1
19,Kevin Na,69.00,69,1
19,Jon Rahm,69.00,69,1
19,Webb Simpson,69.00,69,1
19,Nick Taylor,69.00,69,1
27,Cameron Champ,70.00,70,1
27,Bryson DeChambeau,70.00,70,1
27,Jason Kokrak,70.00,70,1
27,Xander Schauffele,70.00,70,1
27,Scottie Scheffler,70.00,70,1
27,Brendon Todd,70.00,70,1
27,Richy Werenski,70.00,70,1
34,Brian Gay,71.00,71,1
34,Marc Leishman,71.00,71,1
36,Mackenzie Hughes,72.00,72,1
36,Hideki Matsuyama,72.00,72,1
36,Patrick Reed,72.00,72,1
36,Robert Streb,72.00,72,1
36,Hudson Swafford,72.00,72,1
41,Carlos Ortiz,75.00,75,1
42,Andrew Landry,76.00,76,1
