rank,player,Avg,Total Strokes,Total Rounds
1,Daniel Berger,65.00,65,1
1,Dustin Johnson,65.00,65,1
1,Collin Morikawa,65.00,65,1
4,Billy Horschel,66.00,66,1
4,Jason Kokrak,66.00,66,1
4,Sebastián Muñoz,66.00,66,1
4,Jon Rahm,66.00,66,1
4,Xander Schauffele,66.00,66,1
4,Scottie Scheffler,66.00,66,1
10,Bryson DeChambeau,67.00,67,1
10,Harris English,67.00,67,1
10,Brian Gay,67.00,67,1
10,Joaquin Niemann,67.00,67,1
10,Carlos Ortiz,67.00,67,1
10,Ryan Palmer,67.00,67,1
10,Webb Simpson,67.00,67,1
10,Brendon Todd,67.00,67,1
18,Patrick Cantlay,68.00,68,1
18,Cameron Champ,68.00,68,1
18,Tony Finau,68.00,68,1
18,Lanto Griffin,68.00,68,1
18,Viktor Hovland,68.00,68,1
18,Sungjae Im,68.00,68,1
18,Kevin Na,68.00,68,1
18,Patrick Reed,68.00,68,1
18,Michael Thompson,68.00,68,1
27,Stewart Cink,69.00,69,1
27,Martin Laird,69.00,69,1
27,Marc Leishman,69.00,69,1
27,Justin Thomas,69.00,69,1
27,Richy Werenski,69.00,69,1
32,Cameron Smith,70.00,70,1
32,Hudson Swafford,70.00,70,1
34,Abraham Ancer,71.00,71,1
34,Sergio Garcia,71.00,71,1
34,Mackenzie Hughes,71.00,71,1
34,Kevin Kisner,71.00,71,1
34,Andrew Landry,71.00,71,1
34,Adam Scott,71.00,71,1
34,Nick Taylor,71.00,71,1
41,Robert Streb,72.00,72,1
42,Hideki Matsuyama,75.00,75,1
