rank,player,%
1,Abraham Ancer,100.00
1,Cameron Champ,100.00
1,Bryson DeChambeau,100.00
1,Harris English,100.00
1,Tony Finau,100.00
1,Lanto Griffin,100.00
1,Sungjae Im,100.00
1,Kevin Kisner,100.00
1,Andrew Landry,100.00
1,Marc Leishman,100.00
1,Hideki Matsuyama,100.00
1,Sebastián Muñoz,100.00
1,Joaquin Niemann,100.00
1,Carlos Ortiz,100.00
1,Ryan Palmer,100.00
1,Jon Rahm,100.00
1,Patrick Reed,100.00
1,Xander Schauffele,100.00
1,Scottie Scheffler,100.00
1,Adam Scott,100.00
1,Hudson Swafford,100.00
1,Justin Thomas,100.00
1,Michael Thompson,100.00
1,Richy Werenski,100.00
25,Daniel Berger,.00
25,Patrick Cantlay,.00
25,Stewart Cink,.00
25,Sergio Garcia,.00
25,Brian Gay,.00
25,Billy Horschel,.00
25,Viktor Hovland,.00
25,Mackenzie Hughes,.00
25,Dustin Johnson,.00
25,Jason Kokrak,.00
25,Martin Laird,.00
25,Collin Morikawa,.00
25,Kevin Na,.00
25,Webb Simpson,.00
25,Cameron Smith,.00
25,Robert Streb,.00
25,Nick Taylor,.00
25,Brendon Todd,.00
