rank,player,Avg,Total Strokes,Total Rounds
1,Joaquin Niemann,64.00,64,1
2,Abraham Ancer,66.00,66,1
2,Bryson DeChambeau,66.00,66,1
2,Xander Schauffele,66.00,66,1
2,Justin Thomas,66.00,66,1
6,Lanto Griffin,67.00,67,1
6,Jon Rahm,67.00,67,1
8,Kevin Kisner,68.00,68,1
8,Hideki Matsuyama,68.00,68,1
8,Sebastián Muñoz,68.00,68,1
8,Hudson Swafford,68.00,68,1
12,Harris English,69.00,69,1
12,Sergio Garcia,69.00,69,1
12,Sungjae Im,69.00,69,1
12,Dustin Johnson,69.00,69,1
12,Marc Leishman,69.00,69,1
12,Scottie Scheffler,69.00,69,1
12,Michael Thompson,69.00,69,1
19,Martin Laird,70.00,70,1
19,Andrew Landry,70.00,70,1
19,Patrick Reed,70.00,70,1
19,Adam Scott,70.00,70,1
19,Webb Simpson,70.00,70,1
19,Brendon Todd,70.00,70,1
19,Richy Werenski,70.00,70,1
26,Tony Finau,71.00,71,1
26,Brian Gay,71.00,71,1
26,Ryan Palmer,71.00,71,1
29,Daniel Berger,72.00,72,1
29,Patrick Cantlay,72.00,72,1
29,Cameron Champ,72.00,72,1
29,Mackenzie Hughes,72.00,72,1
29,Cameron Smith,72.00,72,1
29,Nick Taylor,72.00,72,1
35,Collin Morikawa,73.00,73,1
36,Stewart Cink,74.00,74,1
36,Carlos Ortiz,74.00,74,1
38,Billy Horschel,75.00,75,1
39,Viktor Hovland,76.00,76,1
39,Jason Kokrak,76.00,76,1
39,Robert Streb,76.00,76,1
42,Kevin Na,79.00,79,1
