rank,player,Avg RTP
1,Francesco Molinari,-1.000
2,Robert Garrigus,-.750
2,Graeme McDowell,-.750
4,Ian Poulter,-.667
4,Bubba Watson,-.667
6,Stuart Appleby,-.500
6,Zach Johnson,-.500
6,Matt Kuchar,-.500
6,Hunter Mahan,-.500
10,Jason Day,-.400
11,Jonathan Byrd,-.333
11,Charley Hoffman,-.333
13,Arjun Atwal,-.250
13,Justin Rose,-.250
13,Heath Slocum,-.250
16,Ryan Palmer,-.200
17,Cameron Beckman,-.167
18,Matt Bettencourt,E
18,Jason Bohn,E
18,Tim Clark,E
18,Jim Furyk,E
18,Bill Haas,E
18,Dustin Johnson,E
18,Anthony Kim,E
18,Bill Lunde,E
26,Carl Pettersson,+.167
27,Rocco Mediate,+.286
28,Derek Lamely,+.333
28,Steve Stricker,+.333
