rank,player,Avg RTP
1,Stuart Appleby,-.667
2,Jonathan Byrd,-.556
3,Jason Bohn,-.429
4,Tim Clark,-.400
4,Ben Crane,-.400
4,Robert Garrigus,-.400
4,Charley Hoffman,-.400
4,Bubba Watson,-.400
9,Ernie Els,-.375
9,Graeme McDowell,-.375
11,Bill Haas,-.333
12,Dustin Johnson,-.250
12,Matt Kuchar,-.250
14,Ryan Palmer,-.222
15,Cameron Beckman,-.167
15,Matt Bettencourt,-.167
17,Adam Scott,-.143
18,Anthony Kim,-.125
18,Ian Poulter,-.125
18,Justin Rose,-.125
21,Steve Stricker,-.111
22,Hunter Mahan,-.100
23,Arjun Atwal,E
23,Jim Furyk,E
23,Derek Lamely,E
23,Rocco Mediate,E
23,Carl Pettersson,E
28,Zach Johnson,+.125
28,Francesco Molinari,+.125
30,Bill Lunde,+.143
30,Heath Slocum,+.143
32,Jason Day,+.250
