rank,player,%,Total Birdies,Total Holes
1,Bubba Watson,75.00,3,4
2,Francesco Molinari,57.14,4,7
3,Hunter Mahan,50.00,4,8
3,Graeme McDowell,50.00,4,8
5,Arjun Atwal,46.15,6,13
6,Ian Poulter,41.67,5,12
7,Robert Garrigus,40.00,6,15
7,Zach Johnson,40.00,2,5
9,Steve Stricker,37.50,3,8
10,Matt Kuchar,36.36,4,11
11,Anthony Kim,33.33,4,12
11,Adam Scott,33.33,2,6
13,Cameron Beckman,31.58,6,19
14,Charley Hoffman,30.77,4,13
14,Dustin Johnson,30.77,4,13
16,Ryan Palmer,30.00,3,10
17,Matt Bettencourt,27.27,3,11
17,Jason Day,27.27,3,11
19,Justin Rose,25.00,2,8
20,Bill Lunde,23.08,3,13
21,Jonathan Byrd,22.22,2,9
22,Jason Bohn,21.43,3,14
22,Carl Pettersson,21.43,3,14
24,Stuart Appleby,20.00,3,15
25,Heath Slocum,18.18,2,11
26,Derek Lamely,15.38,2,13
27,Ben Crane,14.29,1,7
28,Ernie Els,12.50,1,8
29,Tim Clark,11.11,1,9
30,Bill Haas,9.09,1,11
31,Rocco Mediate,8.33,1,12
32,Jim Furyk,.00,0,6
