rank,player,Avg RTP
1,Jim Furyk,-.500
2,Justin Rose,-.429
3,Jason Day,-.400
4,Dustin Johnson,-.375
5,Arjun Atwal,-.364
5,Matt Kuchar,-.364
5,Graeme McDowell,-.364
8,Charley Hoffman,-.333
8,Carl Pettersson,-.333
10,Tim Clark,-.300
10,Ernie Els,-.300
12,Bill Lunde,-.273
12,Hunter Mahan,-.273
12,Ryan Palmer,-.273
15,Adam Scott,-.200
16,Matt Bettencourt,-.182
16,Jonathan Byrd,-.182
16,Steve Stricker,-.182
19,Zach Johnson,-.100
20,Anthony Kim,-.091
21,Robert Garrigus,-.083
21,Ian Poulter,-.083
23,Bill Haas,-.071
24,Derek Lamely,E
24,Rocco Mediate,E
24,Francesco Molinari,E
24,Heath Slocum,E
28,Stuart Appleby,+.083
29,Cameron Beckman,+.111
30,Jason Bohn,+.167
31,Ben Crane,+.200
32,Bubba Watson,+.400
