rank,player,%,Total Birdies,Total Holes
1,Arjun Atwal,80.00,4,5
2,Ian Poulter,66.67,4,6
3,Anthony Kim,50.00,2,4
3,Bill Lunde,50.00,3,6
5,Stuart Appleby,40.00,2,5
5,Ernie Els,40.00,2,5
5,Charley Hoffman,40.00,2,5
5,Matt Kuchar,40.00,2,5
5,Graeme McDowell,40.00,2,5
5,Ryan Palmer,40.00,2,5
5,Carl Pettersson,40.00,2,5
12,Dustin Johnson,37.50,3,8
12,Bubba Watson,37.50,3,8
14,Robert Garrigus,33.33,2,6
15,Cameron Beckman,25.00,1,4
15,Zach Johnson,25.00,1,4
15,Adam Scott,25.00,1,4
15,Steve Stricker,25.00,1,4
19,Matt Bettencourt,20.00,1,5
19,Jason Bohn,20.00,1,5
19,Ben Crane,20.00,1,5
19,Jason Day,20.00,1,5
19,Derek Lamely,20.00,1,5
19,Francesco Molinari,20.00,1,5
19,Justin Rose,20.00,1,5
26,Jonathan Byrd,16.67,1,6
26,Bill Haas,16.67,1,6
26,Heath Slocum,16.67,1,6
29,Tim Clark,.00,0,2
29,Jim Furyk,.00,0,4
29,Hunter Mahan,.00,0,3
29,Rocco Mediate,.00,0,4
