rank,player,Avg RTP
1,Bubba Watson,-1.000
2,Bill Lunde,-.500
2,Hunter Mahan,-.500
4,Steve Stricker,-.400
5,Arjun Atwal,-.333
5,Zach Johnson,-.333
7,Robert Garrigus,-.273
8,Justin Rose,-.250
9,Matt Bettencourt,-.200
9,Francesco Molinari,-.200
9,Ryan Palmer,-.200
12,Jonathan Byrd,-.167
12,Adam Scott,-.167
14,Cameron Beckman,-.154
15,Heath Slocum,-.143
16,Matt Kuchar,-.111
17,Jason Bohn,-.083
17,Dustin Johnson,-.083
19,Ben Crane,E
19,Ernie Els,E
19,Jim Furyk,E
19,Bill Haas,E
19,Charley Hoffman,E
19,Graeme McDowell,E
19,Rocco Mediate,E
19,Carl Pettersson,E
19,Ian Poulter,E
28,Stuart Appleby,+.091
29,Anthony Kim,+.100
30,Tim Clark,+.143
31,Derek Lamely,+.300
32,Jason Day,+.333
