rank,player,Avg RTP
1,Stuart Appleby,-.500
1,Tim Clark,-.500
1,Charley Hoffman,-.500
1,Matt Kuchar,-.500
5,Steve Stricker,-.429
6,Bill Haas,-.400
7,Jim Furyk,-.333
7,Francesco Molinari,-.333
9,Ben Crane,-.300
10,Jason Day,-.250
11,Rocco Mediate,-.200
12,Zach Johnson,-.167
13,Arjun Atwal,E
13,Cameron Beckman,E
13,Matt Bettencourt,E
13,Jason Bohn,E
13,Jonathan Byrd,E
13,Ernie Els,E
13,Robert Garrigus,E
13,Dustin Johnson,E
13,Anthony Kim,E
13,Hunter Mahan,E
13,Graeme McDowell,E
13,Ryan Palmer,E
13,Ian Poulter,E
13,Adam Scott,E
13,Heath Slocum,E
28,Derek Lamely,+.250
28,Justin Rose,+.250
30,Carl Pettersson,+1.000
