rank,player,Avg RTP
1,Francesco Molinari,-1.000
1,Bubba Watson,-1.000
3,Graeme McDowell,-.600
4,Hunter Mahan,-.500
4,Adam Scott,-.500
6,Ian Poulter,-.400
7,Robert Garrigus,-.375
8,Zach Johnson,-.333
9,Arjun Atwal,-.286
10,Justin Rose,-.250
11,Matt Kuchar,-.200
11,Heath Slocum,-.200
13,Jonathan Byrd,-.167
14,Cameron Beckman,-.125
15,Stuart Appleby,-.111
16,Matt Bettencourt,E
16,Jason Bohn,E
16,Ben Crane,E
16,Jason Day,E
16,Ernie Els,E
16,Jim Furyk,E
16,Bill Haas,E
16,Charley Hoffman,E
16,Bill Lunde,E
16,Ryan Palmer,E
16,Carl Pettersson,E
27,Dustin Johnson,+.250
27,Derek Lamely,+.250
27,Rocco Mediate,+.250
30,Anthony Kim,+.333
30,Steve Stricker,+.333
32,Tim Clark,+.400
