rank,player,Avg RTP
1,Charley Hoffman,-.412
2,Jonathan Byrd,-.409
3,Robert Garrigus,-.350
4,Dustin Johnson,-.333
4,Graeme McDowell,-.333
4,Justin Rose,-.333
7,Jim Furyk,-.318
8,Bill Haas,-.304
9,Ryan Palmer,-.292
10,Matt Kuchar,-.286
11,Matt Bettencourt,-.263
12,Jason Day,-.250
13,Adam Scott,-.238
14,Ernie Els,-.227
15,Hunter Mahan,-.217
16,Tim Clark,-.211
17,Arjun Atwal,-.200
18,Carl Pettersson,-.190
19,Derek Lamely,-.150
20,Bill Lunde,-.143
21,Anthony Kim,-.136
22,Steve Stricker,-.125
23,Bubba Watson,-.100
24,Stuart Appleby,-.095
25,Jason Bohn,-.091
25,Ian Poulter,-.091
27,Rocco Mediate,-.053
28,Ben Crane,-.050
29,Zach Johnson,E
30,Cameron Beckman,+.050
31,Francesco Molinari,+.087
32,Heath Slocum,+.158
