rank,player,Avg RTP
1,Justin Rose,-.667
1,Steve Stricker,-.667
3,Anthony Kim,-.500
4,Matt Kuchar,-.462
5,Carl Pettersson,-.455
6,Jonathan Byrd,-.429
6,Ernie Els,-.429
6,Charley Hoffman,-.429
9,Zach Johnson,-.400
9,Graeme McDowell,-.400
11,Jason Bohn,-.333
11,Dustin Johnson,-.333
11,Rocco Mediate,-.333
11,Francesco Molinari,-.333
11,Ian Poulter,-.333
16,Tim Clark,-.313
17,Jason Day,-.250
18,Adam Scott,-.182
19,Stuart Appleby,-.167
19,Ryan Palmer,-.167
21,Arjun Atwal,-.143
21,Hunter Mahan,-.143
21,Heath Slocum,-.143
24,Bubba Watson,-.111
25,Cameron Beckman,E
25,Matt Bettencourt,E
25,Ben Crane,E
25,Jim Furyk,E
25,Robert Garrigus,E
25,Bill Haas,E
25,Derek Lamely,E
25,Bill Lunde,E
