rank,player,Avg RTP
1,Robert Garrigus,-.571
2,Carl Pettersson,-.500
3,Steve Stricker,-.476
4,Jonathan Byrd,-.421
5,Justin Rose,-.389
6,Graeme McDowell,-.381
6,Ian Poulter,-.381
8,Charley Hoffman,-.333
8,Matt Kuchar,-.333
8,Rocco Mediate,-.333
11,Zach Johnson,-.318
12,Jason Day,-.313
12,Anthony Kim,-.313
14,Tim Clark,-.290
15,Dustin Johnson,-.286
16,Cameron Beckman,-.278
17,Jason Bohn,-.263
18,Ernie Els,-.261
19,Francesco Molinari,-.250
20,Jim Furyk,-.190
21,Heath Slocum,-.174
22,Bill Lunde,-.160
23,Adam Scott,-.158
24,Bubba Watson,-.136
25,Arjun Atwal,-.111
26,Ben Crane,-.105
27,Ryan Palmer,-.067
28,Bill Haas,-.063
29,Derek Lamely,-.056
30,Matt Bettencourt,-.048
31,Hunter Mahan,-.043
32,Stuart Appleby,E
