rank,player,%,Total Birdies,Total Holes
1,Carl Pettersson,38.60,22,57
2,Jonathan Byrd,38.33,23,60
3,Robert Garrigus,36.73,18,49
4,Matt Kuchar,33.93,19,56
5,Steve Stricker,32.79,20,61
6,Graeme McDowell,32.76,19,58
7,Dustin Johnson,31.91,15,47
8,Jason Day,31.58,18,57
8,Ian Poulter,31.58,18,57
10,Charley Hoffman,31.37,16,51
11,Tim Clark,30.00,18,60
12,Bubba Watson,29.31,17,58
13,Justin Rose,29.09,16,55
14,Jim Furyk,28.57,18,63
15,Ernie Els,28.33,17,60
16,Anthony Kim,28.30,15,53
17,Stuart Appleby,27.45,14,51
18,Jason Bohn,26.79,15,56
19,Francesco Molinari,25.81,16,62
20,Arjun Atwal,25.49,13,51
21,Bill Haas,25.42,15,59
22,Zach Johnson,25.00,16,64
22,Adam Scott,25.00,14,56
24,Ben Crane,24.59,15,61
25,Rocco Mediate,24.56,14,57
26,Bill Lunde,24.14,14,58
26,Hunter Mahan,24.14,14,58
28,Cameron Beckman,22.92,11,48
29,Ryan Palmer,22.64,12,53
30,Heath Slocum,22.41,13,58
31,Matt Bettencourt,20.75,11,53
32,Derek Lamely,20.00,11,55
