rank,player,Avg RTP
1,Zach Johnson,-1.000
2,Graeme McDowell,-.750
3,Bubba Watson,-.667
4,Anthony Kim,-.600
5,Robert Garrigus,-.500
5,Ian Poulter,-.500
7,Hunter Mahan,-.400
8,Ernie Els,-.333
8,Dustin Johnson,-.333
10,Ben Crane,-.250
10,Ryan Palmer,-.250
10,Heath Slocum,-.250
10,Steve Stricker,-.250
14,Jonathan Byrd,-.200
14,Francesco Molinari,-.200
16,Stuart Appleby,-.182
17,Arjun Atwal,E
17,Cameron Beckman,E
17,Matt Bettencourt,E
17,Tim Clark,E
17,Jason Day,E
17,Jim Furyk,E
17,Bill Haas,E
17,Bill Lunde,E
17,Justin Rose,E
17,Adam Scott,E
27,Charley Hoffman,+.200
28,Jason Bohn,+.250
29,Derek Lamely,+.400
30,Matt Kuchar,+.500
30,Rocco Mediate,+.500
30,Carl Pettersson,+.500
