rank,player,Avg RTP
1,Stuart Appleby,-1.000
1,Ben Crane,-1.000
1,Zach Johnson,-1.000
1,Matt Kuchar,-1.000
1,Bill Lunde,-1.000
1,Rocco Mediate,-1.000
1,Ryan Palmer,-1.000
1,Adam Scott,-1.000
1,Steve Stricker,-1.000
10,Charley Hoffman,-.500
10,Dustin Johnson,-.500
10,Anthony Kim,-.500
10,Carl Pettersson,-.500
10,Justin Rose,-.500
10,Heath Slocum,-.500
16,Arjun Atwal,-.333
16,Cameron Beckman,-.333
18,Robert Garrigus,-.250
19,Matt Bettencourt,E
19,Jason Bohn,E
19,Jason Day,E
19,Ernie Els,E
19,Bill Haas,E
19,Francesco Molinari,E
19,Ian Poulter,E
