rank,player,%,Total Birdies,Total Holes
1,Stuart Appleby,42.86,3,7
2,Jason Bohn,33.33,3,9
2,Jonathan Byrd,33.33,3,9
2,Bill Haas,33.33,3,9
2,Steve Stricker,33.33,2,6
6,Jason Day,28.57,2,7
6,Anthony Kim,28.57,2,7
6,Hunter Mahan,28.57,2,7
6,Francesco Molinari,28.57,2,7
10,Dustin Johnson,25.00,2,8
10,Carl Pettersson,25.00,2,8
10,Heath Slocum,25.00,1,4
13,Jim Furyk,22.22,2,9
13,Ryan Palmer,22.22,2,9
15,Ian Poulter,20.00,2,10
15,Adam Scott,20.00,2,10
17,Matt Bettencourt,16.67,1,6
17,Graeme McDowell,16.67,1,6
19,Cameron Beckman,14.29,1,7
19,Bill Lunde,14.29,1,7
19,Justin Rose,14.29,1,7
22,Robert Garrigus,12.50,1,8
22,Matt Kuchar,12.50,1,8
24,Ernie Els,11.11,1,9
24,Derek Lamely,11.11,1,9
26,Arjun Atwal,.00,0,7
26,Tim Clark,.00,0,6
26,Ben Crane,.00,0,8
26,Charley Hoffman,.00,0,10
26,Zach Johnson,.00,0,7
26,Rocco Mediate,.00,0,7
26,Bubba Watson,.00,0,8
