rank,player,Avg RTP
1,Robert Garrigus,-1.000
1,Matt Kuchar,-1.000
1,Francesco Molinari,-1.000
4,Graeme McDowell,-.667
5,Heath Slocum,-.500
6,Stuart Appleby,-.333
6,Jonathan Byrd,-.333
6,Jason Day,-.333
9,Arjun Atwal,E
9,Cameron Beckman,E
9,Tim Clark,E
9,Jim Furyk,E
9,Bill Haas,E
9,Charley Hoffman,E
9,Anthony Kim,E
9,Derek Lamely,E
9,Bill Lunde,E
9,Hunter Mahan,E
9,Ryan Palmer,E
9,Ian Poulter,E
9,Justin Rose,E
9,Steve Stricker,E
23,Carl Pettersson,+.500
24,Rocco Mediate,+1.000
