rank,player,Avg RTP
1,Zach Johnson,-1.000
1,Bill Lunde,-1.000
1,Rocco Mediate,-1.000
1,Steve Stricker,-1.000
5,Matt Kuchar,-.667
6,Arjun Atwal,-.600
7,Tim Clark,-.500
7,Ben Crane,-.500
7,Graeme McDowell,-.500
7,Ryan Palmer,-.500
7,Ian Poulter,-.500
12,Cameron Beckman,-.400
12,Matt Bettencourt,-.400
14,Jason Bohn,-.333
14,Justin Rose,-.333
14,Heath Slocum,-.333
17,Stuart Appleby,-.250
17,Charley Hoffman,-.250
19,Robert Garrigus,-.200
20,Jason Day,E
20,Ernie Els,E
20,Bill Haas,E
20,Dustin Johnson,E
20,Hunter Mahan,E
20,Francesco Molinari,E
20,Carl Pettersson,E
20,Adam Scott,E
28,Anthony Kim,+.250
28,Derek Lamely,+.250
