rank,player,Avg RTP
1,Arjun Atwal,-1.000
2,Ian Poulter,-.800
3,Carl Pettersson,-.600
4,Stuart Appleby,-.500
5,Cameron Beckman,-.333
5,Bill Lunde,-.333
7,Dustin Johnson,-.286
8,Jason Bohn,-.250
8,Ernie Els,-.250
8,Francesco Molinari,-.250
8,Adam Scott,-.250
8,Steve Stricker,-.250
8,Bubba Watson,-.250
14,Matt Bettencourt,-.200
14,Ben Crane,-.200
14,Bill Haas,-.200
14,Graeme McDowell,-.200
14,Ryan Palmer,-.200
14,Justin Rose,-.200
20,Robert Garrigus,-.167
21,Jonathan Byrd,E
21,Tim Clark,E
21,Jason Day,E
21,Zach Johnson,E
21,Anthony Kim,E
21,Matt Kuchar,E
21,Hunter Mahan,E
21,Heath Slocum,E
29,Charley Hoffman,+.200
29,Derek Lamely,+.200
31,Jim Furyk,+.250
31,Rocco Mediate,+.250
