rank,player,Avg RTP
1,Hunter Mahan,-1.000
1,Francesco Molinari,-1.000
3,Adam Scott,-.500
4,Arjun Atwal,-.333
4,Carl Pettersson,-.333
6,Robert Garrigus,-.200
7,Cameron Beckman,E
7,Matt Bettencourt,E
7,Jason Bohn,E
7,Jonathan Byrd,E
7,Ben Crane,E
7,Ernie Els,E
7,Jim Furyk,E
7,Bill Haas,E
7,Charley Hoffman,E
7,Zach Johnson,E
7,Matt Kuchar,E
7,Bill Lunde,E
7,Graeme McDowell,E
7,Rocco Mediate,E
7,Ian Poulter,E
7,Heath Slocum,E
23,Stuart Appleby,+.200
23,Derek Lamely,+.200
25,Dustin Johnson,+.333
26,Jason Day,+.500
26,Anthony Kim,+.500
26,Ryan Palmer,+.500
29,Tim Clark,+.667
