rank,player,%,Total Birdies,Total Holes
1,Zach Johnson,100.00,2,2
2,Graeme McDowell,75.00,3,4
3,Ian Poulter,66.67,4,6
3,Bubba Watson,66.67,2,3
5,Anthony Kim,60.00,3,5
6,Arjun Atwal,50.00,2,4
6,Robert Garrigus,50.00,3,6
6,Steve Stricker,50.00,2,4
9,Hunter Mahan,40.00,2,5
9,Francesco Molinari,40.00,2,5
11,Ernie Els,33.33,1,3
11,Dustin Johnson,33.33,3,9
13,Stuart Appleby,27.27,3,11
14,Ben Crane,25.00,1,4
14,Jason Day,25.00,1,4
14,Ryan Palmer,25.00,1,4
14,Heath Slocum,25.00,1,4
18,Jonathan Byrd,20.00,1,5
18,Tim Clark,20.00,1,5
18,Derek Lamely,20.00,1,5
21,Cameron Beckman,.00,0,8
21,Matt Bettencourt,.00,0,4
21,Jason Bohn,.00,0,4
21,Jim Furyk,.00,0,2
21,Bill Haas,.00,0,4
21,Charley Hoffman,.00,0,5
21,Matt Kuchar,.00,0,4
21,Bill Lunde,.00,0,5
21,Rocco Mediate,.00,0,4
21,Carl Pettersson,.00,0,6
21,Justin Rose,.00,0,4
21,Adam Scott,.00,0,1
