rank,player,Avg RTP
1,Stuart Appleby,-.333
1,Jonathan Byrd,-.333
1,Carl Pettersson,-.333
4,Jason Day,-.286
4,Anthony Kim,-.286
6,Bill Haas,-.250
6,Heath Slocum,-.250
8,Jim Furyk,-.222
9,Cameron Beckman,-.200
9,Steve Stricker,-.200
11,Matt Bettencourt,-.167
11,Bill Lunde,-.167
11,Graeme McDowell,-.167
14,Hunter Mahan,-.143
15,Ryan Palmer,-.125
16,Tim Clark,E
16,Ben Crane,E
16,Ernie Els,E
16,Zach Johnson,E
16,Matt Kuchar,E
16,Francesco Molinari,E
16,Ian Poulter,E
16,Justin Rose,E
16,Adam Scott,E
25,Charley Hoffman,+.111
26,Jason Bohn,+.125
26,Derek Lamely,+.125
28,Dustin Johnson,+.143
29,Bubba Watson,+.250
30,Arjun Atwal,+.286
30,Robert Garrigus,+.286
32,Rocco Mediate,+.333
