rank,player,%,Total Birdies,Total Holes
1,Robert Garrigus,52.17,12,23
2,Carl Pettersson,47.06,16,34
3,Graeme McDowell,46.15,12,26
4,Ian Poulter,40.74,11,27
5,Jason Day,40.00,10,25
5,Steve Stricker,40.00,10,25
7,Zach Johnson,37.04,10,27
7,Francesco Molinari,37.04,10,27
9,Bubba Watson,36.00,9,25
10,Charley Hoffman,34.78,8,23
10,Justin Rose,34.78,8,23
12,Jonathan Byrd,33.33,9,27
12,Tim Clark,33.33,12,36
12,Matt Kuchar,33.33,9,27
15,Cameron Beckman,31.03,9,29
16,Heath Slocum,29.41,10,34
17,Anthony Kim,29.17,7,24
18,Ben Crane,28.57,6,21
19,Jason Bohn,26.67,8,30
20,Hunter Mahan,25.81,8,31
21,Dustin Johnson,25.00,5,20
21,Rocco Mediate,25.00,8,32
23,Arjun Atwal,24.14,7,29
24,Ernie Els,24.00,6,25
25,Jim Furyk,23.08,6,26
26,Stuart Appleby,21.43,6,28
27,Adam Scott,20.83,5,24
28,Derek Lamely,19.23,5,26
29,Bill Lunde,17.65,6,34
30,Matt Bettencourt,14.29,4,28
31,Bill Haas,8.00,2,25
31,Ryan Palmer,8.00,2,25
