rank,player,%,Total Birdies,Total Holes
1,Dustin Johnson,48.28,14,29
2,Jonathan Byrd,45.83,11,24
3,Graeme McDowell,42.86,12,28
4,Justin Rose,41.38,12,29
4,Adam Scott,41.38,12,29
6,Robert Garrigus,39.39,13,33
7,Bubba Watson,39.29,11,28
8,Arjun Atwal,37.93,11,29
8,Matt Kuchar,37.93,11,29
10,Jim Furyk,37.50,9,24
11,Bill Haas,37.04,10,27
12,Charley Hoffman,36.00,9,25
13,Matt Bettencourt,35.71,10,28
14,Ryan Palmer,35.48,11,31
15,Ben Crane,33.33,8,24
15,Ernie Els,33.33,9,27
15,Hunter Mahan,33.33,9,27
18,Ian Poulter,30.77,8,26
19,Rocco Mediate,30.00,6,20
20,Derek Lamely,29.63,8,27
21,Jason Day,28.57,8,28
22,Tim Clark,27.27,6,22
23,Steve Stricker,26.92,7,26
24,Francesco Molinari,25.93,7,27
25,Anthony Kim,25.81,8,31
26,Bill Lunde,25.00,6,24
26,Carl Pettersson,25.00,6,24
28,Jason Bohn,24.00,6,25
29,Cameron Beckman,23.08,6,26
30,Stuart Appleby,20.69,6,29
31,Zach Johnson,20.00,5,25
32,Heath Slocum,13.04,3,23
