rank,player,Avg RTP
1,Arjun Atwal,-1.000
1,Jason Bohn,-1.000
1,Zach Johnson,-1.000
1,Steve Stricker,-1.000
5,Carl Pettersson,-.833
6,Tim Clark,-.800
7,Robert Garrigus,-.667
7,Graeme McDowell,-.667
9,Jason Day,-.500
9,Bill Lunde,-.500
9,Ian Poulter,-.500
12,Jim Furyk,-.333
12,Rocco Mediate,-.333
12,Heath Slocum,-.333
15,Anthony Kim,-.250
16,Charley Hoffman,-.200
16,Justin Rose,-.200
18,Bubba Watson,-.100
19,Matt Bettencourt,E
19,Jonathan Byrd,E
19,Ernie Els,E
19,Bill Haas,E
19,Dustin Johnson,E
19,Matt Kuchar,E
19,Hunter Mahan,E
19,Francesco Molinari,E
19,Ryan Palmer,E
28,Derek Lamely,+.200
29,Ben Crane,+.667
30,Stuart Appleby,+.750
