rank,player,Avg RTP
1,Robert Garrigus,-1.000
2,Jonathan Byrd,-.625
3,Cameron Beckman,-.500
3,Dustin Johnson,-.500
5,Ben Crane,-.444
6,Derek Lamely,-.400
7,Ian Poulter,-.364
8,Matt Bettencourt,-.333
8,Bill Haas,-.333
8,Charley Hoffman,-.333
8,Bill Lunde,-.333
8,Rocco Mediate,-.333
8,Bubba Watson,-.333
14,Steve Stricker,-.308
15,Stuart Appleby,-.286
15,Carl Pettersson,-.286
15,Justin Rose,-.286
18,Ernie Els,-.250
18,Jim Furyk,-.250
18,Graeme McDowell,-.250
18,Francesco Molinari,-.250
22,Zach Johnson,-.200
23,Heath Slocum,-.154
24,Matt Kuchar,-.143
25,Adam Scott,-.125
26,Arjun Atwal,E
26,Jason Bohn,E
26,Tim Clark,E
26,Jason Day,E
26,Anthony Kim,E
26,Hunter Mahan,E
26,Ryan Palmer,E
