rank,player,%,Total Birdies,Total Holes
1,Francesco Molinari,100.00,2,2
1,Bubba Watson,100.00,1,1
3,Hunter Mahan,66.67,2,3
4,Matt Kuchar,57.14,4,7
5,Cameron Beckman,54.55,6,11
6,Charley Hoffman,50.00,4,8
6,Justin Rose,50.00,2,4
8,Arjun Atwal,44.44,4,9
9,Matt Bettencourt,42.86,3,7
10,Adam Scott,40.00,2,5
11,Bill Lunde,37.50,3,8
11,Carl Pettersson,37.50,3,8
13,Robert Garrigus,33.33,3,9
13,Ryan Palmer,33.33,2,6
15,Jason Bohn,30.00,3,10
16,Jason Day,28.57,2,7
17,Jonathan Byrd,25.00,1,4
17,Dustin Johnson,25.00,1,4
17,Graeme McDowell,25.00,1,4
17,Steve Stricker,25.00,1,4
21,Ian Poulter,16.67,1,6
22,Bill Haas,14.29,1,7
22,Anthony Kim,14.29,1,7
22,Heath Slocum,14.29,1,7
25,Derek Lamely,12.50,1,8
25,Rocco Mediate,12.50,1,8
27,Stuart Appleby,.00,0,4
27,Tim Clark,.00,0,4
27,Ben Crane,.00,0,3
27,Ernie Els,.00,0,5
27,Jim Furyk,.00,0,4
27,Zach Johnson,.00,0,3
