rank,player,Avg RTP
1,Stuart Appleby,-1.000
1,Graeme McDowell,-1.000
1,Ian Poulter,-1.000
1,Bubba Watson,-1.000
5,Arjun Atwal,-.500
5,Robert Garrigus,-.500
5,Zach Johnson,-.500
5,Hunter Mahan,-.500
5,Carl Pettersson,-.500
10,Cameron Beckman,-.333
10,Ryan Palmer,-.333
10,Justin Rose,-.333
13,Matt Bettencourt,E
13,Jason Bohn,E
13,Tim Clark,E
13,Jim Furyk,E
13,Bill Haas,E
13,Charley Hoffman,E
13,Dustin Johnson,E
13,Matt Kuchar,E
13,Bill Lunde,E
13,Rocco Mediate,E
13,Heath Slocum,E
24,Derek Lamely,+.500
25,Steve Stricker,+1.000
