rank,player,Avg RTP
1,Francesco Molinari,-1.000
1,Bubba Watson,-1.000
3,Hunter Mahan,-.667
4,Matt Kuchar,-.571
5,Justin Rose,-.500
6,Arjun Atwal,-.444
7,Bill Lunde,-.375
8,Robert Garrigus,-.333
9,Matt Bettencourt,-.286
10,Cameron Beckman,-.273
11,Jonathan Byrd,-.250
11,Charley Hoffman,-.250
11,Carl Pettersson,-.250
14,Jason Bohn,-.200
14,Adam Scott,-.200
16,Ryan Palmer,-.167
17,Heath Slocum,-.143
18,Jason Day,E
18,Jim Furyk,E
18,Bill Haas,E
18,Zach Johnson,E
18,Graeme McDowell,E
18,Rocco Mediate,E
18,Steve Stricker,E
25,Ian Poulter,+.167
26,Ernie Els,+.200
27,Stuart Appleby,+.250
27,Tim Clark,+.250
27,Derek Lamely,+.250
30,Ben Crane,+.333
31,Dustin Johnson,+.500
32,Anthony Kim,+.571
