rank,player,Avg RTP
1,Carl Pettersson,-.351
2,Jonathan Byrd,-.350
3,Steve Stricker,-.295
4,Graeme McDowell,-.293
5,Robert Garrigus,-.286
6,Matt Kuchar,-.268
7,Jason Day,-.263
8,Justin Rose,-.255
9,Ian Poulter,-.246
10,Charley Hoffman,-.235
11,Dustin Johnson,-.234
12,Tim Clark,-.233
13,Jim Furyk,-.222
14,Bill Haas,-.220
15,Ernie Els,-.200
16,Anthony Kim,-.189
16,Ryan Palmer,-.189
18,Arjun Atwal,-.176
19,Bill Lunde,-.172
20,Matt Bettencourt,-.151
21,Adam Scott,-.143
22,Zach Johnson,-.141
23,Cameron Beckman,-.125
23,Jason Bohn,-.125
25,Hunter Mahan,-.121
26,Stuart Appleby,-.118
27,Ben Crane,-.115
28,Francesco Molinari,-.113
29,Heath Slocum,-.086
29,Bubba Watson,-.086
31,Rocco Mediate,-.070
32,Derek Lamely,-.018
